Date,Open,High,Low,Close,Volume,Dividends,Stock Splits
1980-03-17 00:00:00-05:00,0.18149976432323459,0.18440358188866307,0.18149976432323459,0.18149976432323456,10924800,0.0,0.0
1980-03-18 00:00:00-05:00,0.18149965667901538,0.18295156460062886,0.18004776537418365,0.18004776537418365,17068800,0.0,0.0
1980-03-19 00:00:00-05:00,0.18440355360507965,0.18730791907916297,0.18440355360507965,0.18440355360507965,18508800,0.0,0.0
1980-03-20 00:00:00-05:00,0.18440356807216374,0.1865814144662676,0.18367761373519897,0.18367761373519897,11174400,0.0,0.0
1980-03-21 00:00:00-05:00,0.1800478213675807,0.1800478213675807,0.17714343965053558,0.17714343965053558,12172800,0.0,0.0
1980-03-24 00:00:00-05:00,0.17641755796731026,0.17641755796731026,0.1735137403011322,0.1735137403011322,8966400,0.0,0.0
1980-03-25 00:00:00-05:00,0.1742396056652069,0.17714340523048405,0.1742396056652069,0.1742396056652069,11347200,0.0,0.0
1980-03-26 00:00:00-05:00,0.1742396492810806,0.17569155773555445,0.17278774082660675,0.17278774082660675,16262400,0.0,0.0
1980-03-27 00:00:00-05:00,0.16988400712364166,0.16988400712364166,0.16697964072227475,0.16697964072227478,26918400,0.0,0.0
1980-03-28 00:00:00-05:00,0.1735137403011322,0.17641755796731026,0.1735137403011322,0.1735137403011322,20102400,0.0,0.0
1980-03-31 00:00:00-05:00,0.179321825504303,0.1822256249589258,0.179321825504303,0.17932182550430298,9004800,0.0,0.0
1980-04-01 00:00:00-05:00,0.18004776537418365,0.18295156460062886,0.18004776537418365,0.18004776537418365,8179200,0.0,0.0
1980-04-02 00:00:00-05:00,0.18149976432323459,0.18440358188866307,0.18149976432323459,0.18149976432323456,12556800,0.0,0.0
1980-04-03 00:00:00-05:00,0.18077377467585615,0.18077377467585615,0.17786940932273865,0.17786940932273865,6988800,0.0,0.0
1980-04-07 00:00:00-05:00,0.17641755796731026,0.17641755796731026,0.1735137403011322,0.1735137403011322,13478400,0.0,0.0
1980-04-08 00:00:00-05:00,0.1742396056652069,0.17714340523048405,0.1742396056652069,0.1742396056652069,29184000,0.0,0.0
1980-04-09 00:00:00-05:00,0.17351363103071238,0.17351363103071238,0.17060983180999756,0.17060983180999756,11558400,0.0,0.0
1980-04-10 00:00:00-05:00,0.1706098758893735,0.1727877217133902,0.16988392174243927,0.16988392174243927,14784000,0.0,0.0
1980-04-11 00:00:00-05:00,0.16988392174243927,0.1727877217133902,0.16988392174243927,0.16988392174243927,9523200,0.0,0.0
1980-04-14 00:00:00-05:00,0.17133578658103943,0.1742395858155104,0.17133578658103943,0.17133578658103943,8025600,0.0,0.0
1980-04-15 00:00:00-05:00,0.17133581302130257,0.17206175047935945,0.16915738582611084,0.16915738582611084,10598400,0.0,0.0
1980-04-16 00:00:00-05:00,0.16552766770019295,0.16552766770019295,0.16262386739253998,0.16262386739253998,10752000,0.0,0.0
1980-04-17 00:00:00-05:00,0.16262387906917783,0.16262387906917783,0.15971949696540833,0.15971949696540833,17702400,0.0,0.0
1980-04-18 00:00:00-05:00,0.1618979424238205,0.16480174325632357,0.1618979424238205,0.1618979424238205,18739200,0.0,0.0
1980-04-21 00:00:00-05:00,0.1618979553502816,0.16334984757406149,0.16044548153877258,0.16044548153877258,9043200,0.0,0.0
1980-04-22 00:00:00-05:00,0.16770562529563904,0.17060999221761963,0.16770562529563904,0.16770562529563904,20428800,0.0,0.0
1980-04-23 00:00:00-05:00,0.17786940932273865,0.18077377467585615,0.17786940932273865,0.17786940932273865,14822400,0.0,0.0
1980-04-24 00:00:00-05:00,0.17859593033790586,0.1814997307493975,0.17859593033790586,0.17859593033790588,8832000,0.0,0.0
1980-04-25 00:00:00-05:00,0.1785959100621864,0.1785959100621864,0.17569154500961304,0.17569154500961304,7104000,0.0,0.0
1980-04-28 00:00:00-04:00,0.17569151375623732,0.17714340523048405,0.1742396056652069,0.1742396056652069,6931200,0.0,0.0
1980-04-29 00:00:00-04:00,0.17569154500961304,0.1785959100621864,0.17569154500961304,0.17569154500961304,6297600,0.0,0.0
1980-04-30 00:00:00-04:00,0.17786940932273865,0.18077377467585615,0.17786940932273865,0.17786940932273865,7065600,0.0,0.0
1980-05-01 00:00:00-04:00,0.17859593033790586,0.1814997307493975,0.17859593033790586,0.17859593033790588,7008000,0.0,0.0
1980-05-02 00:00:00-04:00,0.18149976432323459,0.18440358188866307,0.18149976432323459,0.18149976432323456,5510400,0.0,0.0
1980-05-05 00:00:00-04:00,0.18367761373519897,0.1865814144662676,0.18367761373519897,0.18367761373519897,3513600,0.0,0.0
1980-05-06 00:00:00-04:00,0.18367765818026696,0.1858555051013514,0.18295170366764069,0.18295170366764069,6988800,0.0,0.0
1980-05-07 00:00:00-04:00,0.18295170366764069,0.1858555051013514,0.18295170366764069,0.18295170366764069,6393600,0.0,0.0
1980-05-08 00:00:00-04:00,0.182951687802372,0.1836776422520447,0.18077382445335388,0.18077382445335388,7468800,0.0,0.0
1980-05-09 00:00:00-04:00,0.18295170366764069,0.1858555051013514,0.18295170366764069,0.18295170366764069,16684800,0.0,0.0
1980-05-12 00:00:00-04:00,0.18295156876347304,0.18512943069544788,0.1822256147861481,0.18222561478614807,8582400,0.0,0.0
1980-05-13 00:00:00-04:00,0.18585547804832458,0.18875986064707798,0.18585547804832458,0.18585547804832458,7372800,0.0,0.0
1980-05-14 00:00:00-04:00,0.18875975906848907,0.19166355851688244,0.18875975906848907,0.18875975906848907,4742400,0.0,0.0
1980-05-15 00:00:00-04:00,0.1902117282152176,0.19311554546705265,0.1902117282152176,0.1902117282152176,8102400,0.0,0.0
1980-05-16 00:00:00-04:00,0.19238966703414917,0.19529346881447754,0.19238966703414917,0.19238966703414917,4838400,0.0,0.0
1980-05-19 00:00:00-04:00,0.19311560690402985,0.19601997343391123,0.19311560690402985,0.19311560690402985,8640000,0.0,0.0
1980-05-20 00:00:00-04:00,0.19311560621486473,0.1938415607561849,0.19093774259090424,0.19093774259090424,21811200,0.0,0.0
1980-05-21 00:00:00-04:00,0.18948579880699531,0.18948579880699531,0.18658143281936646,0.18658143281936646,10540800,0.0,0.0
1980-05-22 00:00:00-04:00,0.1865813998283241,0.18730791907916297,0.18440355360507965,0.18440355360507965,5318400,0.0,0.0
1980-05-23 00:00:00-04:00,0.19093774259090424,0.1938415607561849,0.19093774259090424,0.19093774259090424,29779200,0.0,0.0
1980-05-27 00:00:00-04:00,0.19093768252817636,0.19311554546705265,0.1902117282152176,0.1902117282152176,8332800,0.0,0.0
1980-05-28 00:00:00-04:00,0.1945674270391464,0.1974718091060372,0.1945674270391464,0.19456742703914642,6700800,0.0,0.0
1980-05-29 00:00:00-04:00,0.1945674270391464,0.1974718091060372,0.1945674270391464,0.19456742703914642,7660800,0.0,0.0
1980-05-30 00:00:00-04:00,0.19747190177440643,0.20037570361636312,0.19747190177440643,0.19747190177440643,5721600,0.0,0.0
1980-06-02 00:00:00-04:00,0.19819772243499756,0.20110153917462917,0.19819772243499756,0.19819772243499756,6355200,0.0,0.0
1980-06-03 00:00:00-04:00,0.19601997343391123,0.19601997343391123,0.19311560690402985,0.19311560690402985,15244800,0.0,0.0
1980-06-04 00:00:00-04:00,0.1960199624300003,0.19892376382583885,0.1960199624300003,0.1960199624300003,7680000,0.0,0.0
1980-06-05 00:00:00-04:00,0.1960199624300003,0.19892376382583885,0.1960199624300003,0.1960199624300003,6470400,0.0,0.0
1980-06-06 00:00:00-04:00,0.19601990055800333,0.1974718091060372,0.1945674270391464,0.19456742703914642,28723200,0.0,0.0
1980-06-09 00:00:00-04:00,0.19456749937505646,0.19601997343391123,0.19311560690402985,0.19311560690402985,7545600,0.0,0.0
1980-06-10 00:00:00-04:00,0.19529345631599426,0.19819782288152377,0.19529345631599426,0.19529345631599426,17280000,0.0,0.0
1980-06-11 00:00:00-04:00,0.19747190177440643,0.20037570361636312,0.19747190177440643,0.19747190177440643,3206400,0.0,0.0
1980-06-12 00:00:00-04:00,0.1974718091060372,0.1974718091060372,0.1945674270391464,0.19456742703914642,10809600,0.0,0.0
1980-06-13 00:00:00-04:00,0.1945674270391464,0.1974718091060372,0.1945674270391464,0.19456742703914642,3590400,0.0,0.0
1980-06-16 00:00:00-04:00,0.1945674270391464,0.1974718091060372,0.1945674270391464,0.19456742703914642,7987200,0.0,0.0
1980-06-17 00:00:00-04:00,0.1945674696891058,0.19674589795949976,0.19384153187274933,0.19384153187274933,12864000,0.0,0.0
1980-06-18 00:00:00-04:00,0.19384157623271153,0.19529346881447754,0.19238966703414917,0.19238966703414917,8064000,0.0,0.0
1980-06-19 00:00:00-04:00,0.19166355851688244,0.19166355851688244,0.18875975906848907,0.18875975906848907,13689600,0.0,0.0
1980-06-20 00:00:00-04:00,0.1894858181476593,0.19238963607754292,0.1894858181476593,0.1894858181476593,7027200,0.0,0.0
1980-06-23 00:00:00-04:00,0.1894858181476593,0.19238963607754292,0.1894858181476593,0.1894858181476593,9888000,0.0,0.0
1980-06-24 00:00:00-04:00,0.1894858181476593,0.19238963607754292,0.1894858181476593,0.1894858181476593,9676800,0.0,0.0
1980-06-25 00:00:00-04:00,0.19166366755962372,0.19456746866006952,0.19166366755962372,0.19166366755962372,15494400,0.0,0.0
1980-06-26 00:00:00-04:00,0.19166366755962372,0.19456746866006952,0.19166366755962372,0.19166366755962372,10156800,0.0,0.0
1980-06-27 00:00:00-04:00,0.19238966703414917,0.19529346881447754,0.19238966703414917,0.19238966703414917,6912000,0.0,0.0
1980-06-30 00:00:00-04:00,0.19238965167354458,0.1938415607561849,0.19093774259090424,0.19093774259090424,5337600,0.0,0.0
1980-07-01 00:00:00-04:00,0.19384153187274933,0.19674589795949976,0.19384153187274933,0.19384153187274933,9811200,0.0,0.0
1980-07-02 00:00:00-04:00,0.19529345631599426,0.19819782288152377,0.19529345631599426,0.19529345631599426,6585600,0.0,0.0
1980-07-03 00:00:00-04:00,0.1967458575963974,0.1996496581164761,0.1967458575963974,0.1967458575963974,4550400,0.0,0.0
1980-07-07 00:00:00-04:00,0.20400539040565488,0.20545786411010344,0.20400539040565488,0.2040053904056549,19545600,0.0,0.0
1980-07-08 00:00:00-04:00,0.2083616703748703,0.2098135791461527,0.2083616703748703,0.2083616703748703,13190400,0.0,0.0
1980-07-09 00:00:00-04:00,0.2083616703748703,0.20908762476051151,0.2083616703748703,0.2083616703748703,9388800,0.0,0.0
1980-07-10 00:00:00-04:00,0.211265429854393,0.21199136742373,0.211265429854393,0.211265429854393,14092800,0.0,0.0
1980-07-11 00:00:00-04:00,0.2112654292674582,0.2119913668347784,0.21053947508335116,0.21053947508335114,9888000,0.0,0.0
1980-07-14 00:00:00-04:00,0.21271733939647672,0.2141698128609295,0.21271733939647672,0.21271733939647675,15052800,0.0,0.0
1980-07-15 00:00:00-04:00,0.2192516028881073,0.21997755755515955,0.2192516028881073,0.2192516028881073,20678400,0.0,0.0
1980-07-16 00:00:00-04:00,0.2228818386793137,0.22360779306658402,0.2228818386793137,0.22288183867931366,11692800,0.0,0.0
1980-07-17 00:00:00-04:00,0.22796347737312317,0.22941536936909868,0.22796347737312317,0.22796347737312317,15456000,0.0,0.0
1980-07-18 00:00:00-04:00,0.23377159237861636,0.23449754652605578,0.23377159237861636,0.23377159237861633,12576000,0.0,0.0
1980-07-21 00:00:00-04:00,0.23377159237861636,0.23449754652605578,0.23377159237861636,0.23377159237861633,14208000,0.0,0.0
1980-07-22 00:00:00-04:00,0.23231986140761926,0.23231986140761926,0.23086795210838318,0.23086795210838318,14150400,0.0,0.0
1980-07-23 00:00:00-04:00,0.2294154595260081,0.2294154595260081,0.22868952155113217,0.2286895215511322,8371200,0.0,0.0
1980-07-24 00:00:00-04:00,0.22796341711191606,0.22796341711191606,0.2272374629974365,0.22723746299743652,11616000,0.0,0.0
1980-07-25 00:00:00-04:00,0.22578556774166353,0.22578556774166353,0.2250596135854721,0.2250596135854721,22156800,0.0,0.0
1980-07-28 00:00:00-04:00,0.2272374629974365,0.2286893712263956,0.2272374629974365,0.22723746299743652,7372800,0.0,0.0
1980-07-29 00:00:00-04:00,0.23740145564079287,0.23885334788474705,0.23740145564079287,0.23740145564079285,11424000,0.0,0.0
1980-07-30 00:00:00-04:00,0.24466143548488617,0.24538738962982584,0.24466143548488617,0.24466143548488617,12614400,0.0,0.0
1980-07-31 00:00:00-04:00,0.24611350893974304,0.24756540158719095,0.24611350893974304,0.24611350893974304,24384000,0.0,0.0
1980-08-01 00:00:00-04:00,0.24466149372969254,0.24466149372969254,0.2424836307764053,0.24248363077640533,9523200,0.0,0.0
1980-08-04 00:00:00-04:00,0.24611350893974304,0.24829192119041518,0.24611350893974304,0.24611350893974304,5721600,0.0,0.0
1980-08-05 00:00:00-04:00,0.24756525456905365,0.24901772794184024,0.24756525456905365,0.24756525456905365,6720000,0.0,0.0
1980-08-06 00:00:00-04:00,0.2475652811797508,0.2475652811797508,0.24538743495941162,0.24538743495941162,11193600,0.0,0.0
1980-08-07 00:00:00-04:00,0.24829182028770447,0.24901777462480817,0.24829182028770447,0.24829182028770447,8812800,0.0,0.0
1980-08-08 00:00:00-04:00,0.2519214153289795,0.2533733230808949,0.2519214153289795,0.2519214153289795,5817600,0.0,0.0
1980-08-11 00:00:00-04:00,0.26789358258247375,0.2693454909766722,0.26789358258247375,0.26789358258247375,7276800,0.0,0.0
1980-08-12 00:00:00-04:00,0.26861947774887085,0.2715232938991372,0.26861947774887085,0.26861947774887085,22406400,0.0,0.0
1980-08-13 00:00:00-04:00,0.2649893590794935,0.2649893590794935,0.2635374665260315,0.2635374665260315,12153600,0.0,0.0
1980-08-14 00:00:00-04:00,0.2635374665260315,0.2642634044943645,0.2635374665260315,0.2635374665260315,8793600,0.0,0.0
1980-08-15 00:00:00-04:00,0.26135954189827626,0.26135954189827626,0.25990763306617737,0.25990763306617737,41011200,0.0,0.0
1980-08-18 00:00:00-04:00,0.253373383754463,0.253373383754463,0.25264742970466614,0.25264742970466614,7699200,0.0,0.0
1980-08-19 00:00:00-04:00,0.2497436696187066,0.2497436696187066,0.24901771545410156,0.24901771545410156,8889600,0.0,0.0
1980-08-20 00:00:00-04:00,0.2540994882583618,0.25555138060084753,0.2540994882583618,0.2540994882583618,11808000,0.0,0.0
1980-08-21 00:00:00-04:00,0.2570038139820099,0.2577297683471112,0.2570038139820099,0.2570038139820099,11251200,0.0,0.0
1980-08-22 00:00:00-04:00,0.25845566391944885,0.2591816015026249,0.25845566391944885,0.25845566391944885,38515200,0.0,0.0
1980-08-25 00:00:00-04:00,0.25845566391944885,0.2591816015026249,0.25845566391944885,0.25845566391944885,11174400,0.0,0.0
1980-08-26 00:00:00-04:00,0.25845566391944885,0.2591816015026249,0.25845566391944885,0.25845566391944885,20160000,0.0,0.0
1980-08-27 00:00:00-04:00,0.25845563346049427,0.25845563346049427,0.2577296793460846,0.2577296793460846,3513600,0.0,0.0
1980-08-28 00:00:00-04:00,0.25627714312006394,0.25627714312006394,0.25555118918418884,0.25555118918418884,6451200,0.0,0.0
1980-08-29 00:00:00-04:00,0.25482544273800145,0.25482544273800145,0.2540994882583618,0.2540994882583618,15552000,0.0,0.0
1980-09-02 00:00:00-04:00,0.2577296793460846,0.25845563346049427,0.2577296793460846,0.2577296793460846,6816000,0.0,0.0
1980-09-03 00:00:00-04:00,0.2657158076763153,0.2671677164588413,0.2657158076763153,0.2657158076763153,9292800,0.0,0.0
1980-09-04 00:00:00-04:00,0.26789358258247375,0.2693454909766722,0.26789358258247375,0.26789358258247375,16147200,0.0,0.0
1980-09-05 00:00:00-04:00,0.26716780649022276,0.26716780649022276,0.26644185185432434,0.26644185185432434,6259200,0.0,0.0
1980-09-08 00:00:00-04:00,0.26063358712524576,0.26063358712524576,0.2591816782951355,0.2591816782951355,4300800,0.0,0.0
1980-09-09 00:00:00-04:00,0.25990763306617737,0.2606335874822268,0.25990763306617737,0.25990763306617737,13632000,0.0,0.0
1980-09-10 00:00:00-04:00,0.2584557227122125,0.2584557227122125,0.2570038139820099,0.2570038139820099,10099200,0.0,0.0
1980-09-11 00:00:00-04:00,0.25845566391944885,0.2591816015026249,0.25845566391944885,0.25845566391944885,5990400,0.0,0.0
1980-09-12 00:00:00-04:00,0.25845563346049427,0.25845563346049427,0.2577296793460846,0.2577296793460846,4800000,0.0,0.0
1980-09-15 00:00:00-04:00,0.25555129123141324,0.25555129123141324,0.2548253536224365,0.2548253536224365,5337600,0.0,0.0
1980-09-16 00:00:00-04:00,0.2620853781700134,0.2628113322588132,0.2620853781700134,0.2620853781700134,9139200,0.0,0.0
1980-09-17 00:00:00-04:00,0.2737012803554535,0.2744277997378278,0.2737012803554535,0.2737012803554535,11577600,0.0,0.0
1980-09-18 00:00:00-04:00,0.27442777156829834,0.27515372590522474,0.27442777156829834,0.27442777156829834,14227200,0.0,0.0
1980-09-19 00:00:00-04:00,0.27660566568374634,0.2773316201459182,0.27660566568374634,0.27660566568374634,6086400,0.0,0.0
1980-09-22 00:00:00-04:00,0.2737012928882711,0.2737012928882711,0.27224940061569214,0.27224940061569214,8313600,0.0,0.0
1980-09-23 00:00:00-04:00,0.2628113322588132,0.2628113322588132,0.2620853781700134,0.2620853781700134,7142400,0.0,0.0
1980-09-24 00:00:00-04:00,0.26063358712524576,0.26063358712524576,0.2591816782951355,0.2591816782951355,10022400,0.0,0.0
1980-09-25 00:00:00-04:00,0.2570036628640333,0.2570036628640333,0.2562771439552307,0.2562771439552307,11520000,0.0,0.0
1980-09-26 00:00:00-04:00,0.2540993378042599,0.2540993378042599,0.25264742970466614,0.25264742970466614,9312000,0.0,0.0
1980-09-29 00:00:00-04:00,0.2533734440803528,0.2540993983029927,0.2533734440803528,0.2533734440803528,3801600,0.0,0.0
1980-09-30 00:00:00-04:00,0.25845566391944885,0.2599075557025882,0.25845566391944885,0.25845566391944885,6086400,0.0,0.0
1980-10-01 00:00:00-04:00,0.26135948300361633,0.2620854372560795,0.26135948300361633,0.26135948300361633,5971200,0.0,0.0
1980-10-02 00:00:00-04:00,0.2613595721395896,0.2620855266396376,0.2606336176395416,0.2606336176395416,4281600,0.0,0.0
1980-10-03 00:00:00-04:00,0.26934558153152466,0.2700715359726921,0.26934558153152466,0.26934558153152466,5068800,0.0,0.0
1980-10-06 00:00:00-04:00,0.28604361414909363,0.28749552311769727,0.28604361414909363,0.28604361414909363,10060800,0.0,0.0
1980-10-07 00:00:00-04:00,0.28676968812942505,0.28822159770303485,0.28676968812942505,0.28676968812942505,9158400,0.0,0.0
1980-10-08 00:00:00-04:00,0.2816872591389789,0.2816872591389789,0.2809613049030304,0.2809613049030304,25036800,0.0,0.0
1980-10-09 00:00:00-04:00,0.28096130436655087,0.2816872586011132,0.2802353501319885,0.2802353501319885,8697600,0.0,2.0
1980-10-10 00:00:00-04:00,0.2787834395057113,0.2787834395057113,0.27733153104782104,0.27733153104782104,6624000,0.0,0.0
1980-10-13 00:00:00-04:00,0.2787834107875824,0.28023531909590815,0.2787834107875824,0.2787834107875824,3235200,0.0,0.0
1980-10-14 00:00:00-04:00,0.2802353501319885,0.28313969880745427,0.2802353501319885,0.2802353501319885,6652800,0.0,0.0
1980-10-15 00:00:00-04:00,0.28604361414909363,0.28749552311769727,0.28604361414909363,0.28604361414909363,4416000,0.0,0.0
1980-10-16 00:00:00-04:00,0.28604355366395645,0.2874954623255478,0.2845916450023651,0.2845916450023651,5942400,0.0,0.0
1980-10-17 00:00:00-04:00,0.2845916986894023,0.2845916986894023,0.28168734908103943,0.28168734908103943,6988800,0.0,0.0
1980-10-20 00:00:00-04:00,0.28023531909590815,0.28023531909590815,0.2787834107875824,0.2787834107875824,6489600,0.0,0.0
1980-10-21 00:00:00-04:00,0.2773315132536834,0.2773315132536834,0.2758796215057373,0.2758796215057373,8908800,0.0,0.0
1980-10-22 00:00:00-04:00,0.2787834107875824,0.28023531909590815,0.2787834107875824,0.2787834107875824,5136000,0.0,0.0
1980-10-23 00:00:00-04:00,0.2758796780778821,0.2758796780778821,0.27297529578208923,0.27297529578208923,3206400,0.0,0.0
1980-10-24 00:00:00-04:00,0.2686195794239815,0.2686195794239815,0.26716768741607666,0.26716768741607666,4204800,0.0,0.0
1980-10-27 00:00:00-05:00,0.2540993378042599,0.2540993378042599,0.25264742970466614,0.25264742970466614,5769600,0.0,0.0
1980-10-28 00:00:00-05:00,0.25990763306617737,0.2628114507303751,0.25990763306617737,0.25990763306617737,4473600,0.0,0.0
1980-10-29 00:00:00-05:00,0.2657158076763153,0.2671677164588413,0.2657158076763153,0.2657158076763153,6844800,0.0,0.0
1980-10-30 00:00:00-05:00,0.2410317631452847,0.2410317631452847,0.23812738060951236,0.23812738060951233,54960000,0.0,0.0
1980-10-31 00:00:00-05:00,0.24393558502197263,0.24538749392896922,0.24393558502197263,0.24393558502197266,16579200,0.0,0.0
1980-11-03 00:00:00-05:00,0.24393558502197263,0.24538749392896922,0.24393558502197263,0.24393558502197266,18777600,0.0,0.0
1980-11-05 00:00:00-05:00,0.26135948300361633,0.26281139150854266,0.26135948300361633,0.26135948300361633,16108800,0.0,0.0
1980-11-06 00:00:00-05:00,0.24683932690070806,0.24683932690070806,0.24538743495941162,0.24538743495941162,20659200,0.0,0.0
1980-11-07 00:00:00-05:00,0.2497437298297882,0.2526475305715035,0.2497437298297882,0.2497437298297882,7334400,0.0,0.0
1980-11-10 00:00:00-05:00,0.24974372896191185,0.2511956210193289,0.24829182028770447,0.24829182028770447,8390400,0.0,0.0
1980-11-11 00:00:00-05:00,0.25264742970466614,0.2540993378042599,0.25264742970466614,0.25264742970466614,8620800,0.0,0.0
1980-11-12 00:00:00-05:00,0.26135948300361633,0.26281139150854266,0.26135948300361633,0.26135948300361633,13440000,0.0,0.0
1980-11-13 00:00:00-05:00,0.26716768741607666,0.2686195794239815,0.26716768741607666,0.26716768741607666,9753600,0.0,0.0
1980-11-14 00:00:00-05:00,0.2787834107875824,0.2816872274042339,0.2787834107875824,0.2787834107875824,12028800,0.0,0.0
1980-11-17 00:00:00-05:00,0.2802353501319885,0.2816872586011132,0.2802353501319885,0.2802353501319885,8515200,0.0,0.0
1980-11-18 00:00:00-05:00,0.287495493888855,0.2889474027098472,0.287495493888855,0.287495493888855,8467200,0.0,0.0
1980-11-19 00:00:00-05:00,0.2845917040276483,0.2845917040276483,0.28313979506492615,0.28313979506492615,10387200,0.0,0.0
1980-11-20 00:00:00-05:00,0.2816872586011132,0.2816872586011132,0.2802353501319885,0.2802353501319885,11251200,0.0,0.0
1980-11-21 00:00:00-05:00,0.2773315132536834,0.2773315132536834,0.2758796215057373,0.2758796215057373,10684800,0.0,0.0
1980-11-24 00:00:00-05:00,0.2744277818529614,0.2744277818529614,0.2715234160423279,0.2715234160423279,8688000,0.0,0.0
1980-11-25 00:00:00-05:00,0.2715234160423279,0.27297530815380255,0.2715234160423279,0.2715234160423279,5990400,0.0,0.0
1980-11-26 00:00:00-05:00,0.27297529578208923,0.2744277694154194,0.27297529578208923,0.27297529578208923,5654400,0.0,0.0
1980-11-28 00:00:00-05:00,0.2729753374539904,0.2729753374539904,0.27007153630256653,0.27007153630256653,5088000,0.0,0.0
1980-12-01 00:00:00-05:00,0.2526475305715035,0.2526475305715035,0.2497437298297882,0.2497437298297882,5328000,0.0,0.0
1980-12-02 00:00:00-05:00,0.2497437298297882,0.2526475305715035,0.2497437298297882,0.2497437298297882,12768000,0.0,0.0
1980-12-03 00:00:00-05:00,0.25264742970466614,0.2555512292870699,0.25264742970466614,0.25264742970466614,7478400,0.0,0.0
1980-12-04 00:00:00-05:00,0.2577296793460846,0.25990752507252846,0.2577296793460846,0.2577296793460846,9398400,0.0,0.0
1980-12-05 00:00:00-05:00,0.24248376305670832,0.24248376305670832,0.2410318702459335,0.24103187024593353,12278400,0.0,0.0
1980-12-08 00:00:00-05:00,0.23377167936299006,0.23377167936299006,0.23231978714466095,0.23231978714466095,13363200,0.0,0.0
1980-12-09 00:00:00-05:00,0.2424836307764053,0.24538744804745494,0.2424836307764053,0.24248363077640533,20572800,0.0,0.0
1980-12-10 00:00:00-05:00,0.24103176519047015,0.24103176519047015,0.23957985639572146,0.23957985639572144,17558400,0.0,0.0
1980-12-11 00:00:00-05:00,0.23522358819811137,0.23522358819811137,0.23231978714466095,0.23231978714466095,23481600,0.0,0.0
1980-12-12 00:00:00-05:00,0.23957985639572146,0.24103176519047015,0.23957985639572146,0.23957985639572144,12460800,0.0,0.0
1980-12-15 00:00:00-05:00,0.23957985639572146,0.24103176519047015,0.23957985639572146,0.23957985639572144,8544000,0.0,0.0
1980-12-16 00:00:00-05:00,0.2410318702459335,0.2439356724842821,0.2410318702459335,0.24103187024593353,16425600,0.0,0.0
1980-12-17 00:00:00-05:00,0.2381273631264698,0.2381273631264698,0.23667547106742862,0.2366754710674286,15753600,0.0,0.0
1980-12-18 00:00:00-05:00,0.23667548518896755,0.23812737733463768,0.23522357642650604,0.23522357642650604,18508800,0.0,0.0
1980-12-19 00:00:00-05:00,0.22651162457696838,0.22651162457696838,0.22360782325267792,0.22360782325267792,31900800,0.0,0.0
1980-12-22 00:00:00-05:00,0.22360782325267792,0.22505971560642626,0.22360782325267792,0.22360782325267792,19526400,0.0,0.0
1980-12-23 00:00:00-05:00,0.22796347737312317,0.22941536936909868,0.22796347737312317,0.22796347737312317,17145600,0.0,0.0
1980-12-24 00:00:00-05:00,0.23231978714466095,0.23522358819811137,0.23231978714466095,0.23231978714466095,11808000,0.0,0.0
1980-12-26 00:00:00-05:00,0.23812738060951236,0.2410317631452847,0.23812738060951236,0.23812738060951233,4300800,0.0,0.0
1980-12-29 00:00:00-05:00,0.23231986140761926,0.23231986140761926,0.23086795210838318,0.23086795210838318,15782400,0.0,0.0
1980-12-30 00:00:00-05:00,0.23377159237861636,0.23522350067349523,0.23377159237861636,0.23377159237861633,8131200,0.0,0.0
1980-12-31 00:00:00-05:00,0.23377159237861636,0.2366754089683741,0.23377159237861636,0.23377159237861633,6624000,0.0,0.0
1981-01-02 00:00:00-05:00,0.23377159237861636,0.2366754089683741,0.23377159237861636,0.23377159237861633,7795200,0.0,0.0
1981-01-05 00:00:00-05:00,0.2424836307764053,0.24538744804745494,0.2424836307764053,0.24248363077640533,9187200,0.0,0.0
1981-01-06 00:00:00-05:00,0.2381273631264698,0.2381273631264698,0.23667547106742862,0.2366754710674286,16099200,0.0,0.0
1981-01-07 00:00:00-05:00,0.23086789060091487,0.23086789060091487,0.2294154167175293,0.2294154167175293,16857600,0.0,0.0
1981-01-08 00:00:00-05:00,0.22651152189785495,0.22651152189785495,0.2250596135854721,0.2250596135854721,12556800,0.0,0.0
1981-01-09 00:00:00-05:00,0.2250596135854721,0.22651152189785495,0.2250596135854721,0.2250596135854721,8332800,0.0,0.0
1981-01-12 00:00:00-05:00,0.22215579185619405,0.22215579185619405,0.22070331871509552,0.22070331871509552,13574400,0.0,0.0
1981-01-13 00:00:00-05:00,0.22070349560541389,0.22070349560541389,0.2192516028881073,0.2192516028881073,14630400,0.0,0.0
1981-01-14 00:00:00-05:00,0.22070331871509552,0.22360770002661645,0.22070331871509552,0.22070331871509552,5702400,0.0,0.0
1981-01-15 00:00:00-05:00,0.22215579450130463,0.22505959425993913,0.22215579450130463,0.22215579450130463,10051200,0.0,0.0
1981-01-16 00:00:00-05:00,0.23231978714466095,0.23377167936299006,0.23231978714466095,0.23231978714466095,12768000,0.0,0.0
1981-01-19 00:00:00-05:00,0.23231978714466095,0.23377167936299006,0.23231978714466095,0.23231978714466095,7180800,0.0,0.0
1981-01-20 00:00:00-05:00,0.22651152189785495,0.22651152189785495,0.2250596135854721,0.2250596135854721,7017600,0.0,0.0
1981-01-21 00:00:00-05:00,0.22505971560642626,0.22505971560642626,0.22360782325267792,0.22360782325267792,8976000,0.0,0.0
1981-01-22 00:00:00-05:00,0.22360782325267792,0.22651162457696838,0.22360782325267792,0.22360782325267792,7286400,0.0,0.0
1981-01-23 00:00:00-05:00,0.22796347737312317,0.22941536936909868,0.22796347737312317,0.22796347737312317,8803200,0.0,0.0
1981-01-26 00:00:00-05:00,0.22360770268901428,0.22360770268901428,0.22215579450130463,0.22215579450130463,11760000,0.0,0.0
1981-01-27 00:00:00-05:00,0.22215579185619405,0.22215579185619405,0.22070331871509552,0.22070331871509552,10070400,0.0,0.0
1981-01-28 00:00:00-05:00,0.22070331871509552,0.22215579185619405,0.22070331871509552,0.22070331871509552,6681600,0.0,0.0
1981-01-29 00:00:00-05:00,0.22070331871509552,0.22215579185619405,0.22070331871509552,0.22070331871509552,7516800,0.0,0.0
1981-01-30 00:00:00-05:00,0.21779957312595008,0.21779957312595008,0.21634766459465024,0.21634766459465027,8956800,0.0,0.0
1981-02-02 00:00:00-05:00,0.21053947390133015,0.21053947390133015,0.2090875655412674,0.2090875655412674,17433600,0.0,0.0
1981-02-03 00:00:00-05:00,0.21779955923557281,0.21925146767427578,0.21779955923557281,0.21779955923557281,11328000,0.0,0.0
1981-02-04 00:00:00-05:00,0.22360782325267792,0.22651162457696838,0.22360782325267792,0.22360782325267792,8448000,0.0,0.0
1981-02-05 00:00:00-05:00,0.2294154167175293,0.23086789060091487,0.2294154167175293,0.2294154167175293,11702400,0.0,0.0
1981-02-06 00:00:00-05:00,0.23231978714466095,0.23522358819811137,0.23231978714466095,0.23231978714466095,10963200,0.0,0.0
1981-02-09 00:00:00-05:00,0.23231978714466095,0.23522358819811137,0.23231978714466095,0.23231978714466095,9312000,0.0,0.0
1981-02-10 00:00:00-05:00,0.23522357642650604,0.23667548518896755,0.23522357642650604,0.23522357642650604,7132800,0.0,0.0
1981-02-11 00:00:00-05:00,0.23231986140761926,0.23231986140761926,0.23086795210838318,0.23086795210838318,6374400,0.0,0.0
1981-02-12 00:00:00-05:00,0.22505971560642626,0.22505971560642626,0.22360782325267792,0.22360782325267792,6873600,0.0,0.0
1981-02-13 00:00:00-05:00,0.22360782325267792,0.22505971560642626,0.22360782325267792,0.22360782325267792,5577600,0.0,0.0
1981-02-17 00:00:00-05:00,0.2294154167175293,0.23231979951333562,0.2294154167175293,0.2294154167175293,4819200,0.0,0.0
1981-02-18 00:00:00-05:00,0.23086795210838318,0.23231986140761926,0.23086795210838318,0.23086795210838318,11040000,0.0,0.0
1981-02-19 00:00:00-05:00,0.23086795210838318,0.23231986140761926,0.23086795210838318,0.23086795210838318,13948800,0.0,0.0
1981-02-20 00:00:00-05:00,0.22215579185619405,0.22215579185619405,0.22070331871509552,0.22070331871509552,16099200,0.0,0.0
1981-02-23 00:00:00-05:00,0.21925146767427578,0.21925146767427578,0.21779955923557281,0.21779955923557281,12768000,0.0,0.0
1981-02-24 00:00:00-05:00,0.21779957312595008,0.21779957312595008,0.21634766459465024,0.21634766459465027,18921600,0.0,0.0
1981-02-25 00:00:00-05:00,0.1974718091060372,0.1974718091060372,0.1945674270391464,0.19456742703914642,77721600,0.0,0.0
1981-02-26 00:00:00-05:00,0.19311557641824284,0.19311557641824284,0.19166366755962372,0.19166366755962372,32524800,0.0,0.0
1981-02-27 00:00:00-05:00,0.20327945053577423,0.20473192434380613,0.20327945053577423,0.20327945053577423,36057600,0.0,0.0
1981-03-02 00:00:00-05:00,0.2090875655412674,0.21199136564460613,0.2090875655412674,0.2090875655412674,19113600,0.0,0.0
1981-03-03 00:00:00-05:00,0.20618377514576208,0.20618377514576208,0.20473186671733853,0.20473186671733856,21110400,0.0,0.0
1981-03-04 00:00:00-05:00,0.20327941808103042,0.20327941808103042,0.2018275260925293,0.2018275260925293,17625600,0.0,0.0
1981-03-05 00:00:00-05:00,0.19747187143631667,0.19747187143631667,0.1960199624300003,0.1960199624300003,8361600,0.0,0.0
1981-03-06 00:00:00-05:00,0.1960199624300003,0.19747187143631667,0.1960199624300003,0.1960199624300003,14342400,0.0,0.0
1981-03-09 00:00:00-05:00,0.1960199624300003,0.19747187143631667,0.1960199624300003,0.1960199624300003,10041600,0.0,0.0
1981-03-10 00:00:00-05:00,0.198923721909523,0.20037563060989963,0.198923721909523,0.198923721909523,10646400,0.0,0.0
1981-03-11 00:00:00-05:00,0.19311554546705265,0.19311554546705265,0.1902117282152176,0.1902117282152176,16310400,0.0,0.0
1981-03-12 00:00:00-05:00,0.20037557184696198,0.20327937177934466,0.20037557184696198,0.20037557184696198,9216000,0.0,0.0
1981-03-13 00:00:00-05:00,0.20327945053577423,0.20473192434380613,0.20327945053577423,0.20327945053577423,10569600,0.0,0.0
1981-03-16 00:00:00-05:00,0.20473186671733853,0.20618377514576208,0.20473186671733853,0.20473186671733856,13670400,0.0,0.0
1981-03-17 00:00:00-05:00,0.19747187143631667,0.19747187143631667,0.1960199624300003,0.1960199624300003,17577600,0.0,0.0
1981-03-18 00:00:00-05:00,0.198923721909523,0.20037563060989963,0.198923721909523,0.198923721909523,20755200,0.0,0.0
1981-03-19 00:00:00-05:00,0.1989237943869864,0.1989237943869864,0.19747190177440643,0.19747190177440643,8572800,0.0,0.0
1981-03-20 00:00:00-05:00,0.20327945053577423,0.20473192434380613,0.20327945053577423,0.20327945053577423,14764800,0.0,0.0
1981-03-23 00:00:00-05:00,0.20473186671733853,0.20763566695739805,0.20473186671733853,0.20473186671733856,8054400,0.0,0.0
1981-03-24 00:00:00-05:00,0.20618382096290588,0.2076357130971741,0.20618382096290588,0.20618382096290588,14227200,0.0,0.0
1981-03-25 00:00:00-05:00,0.2148957997560501,0.21634769185349312,0.2148957997560501,0.2148957997560501,11875200,0.0,0.0
1981-03-26 00:00:00-05:00,0.21344384308303843,0.21344384308303843,0.21199136972427368,0.21199136972427368,15964800,0.0,0.0
1981-03-27 00:00:00-05:00,0.21199136972427368,0.21344384308303843,0.21199136972427368,0.21199136972427368,17241600,0.0,0.0
1981-03-30 00:00:00-05:00,0.21199136972427368,0.21344384308303843,0.21199136972427368,0.21199136972427368,5318400,0.0,0.0
1981-03-31 00:00:00-05:00,0.2119913668347784,0.2119913668347784,0.21053947508335116,0.21053947508335114,4742400,0.0,0.0
1981-04-01 00:00:00-05:00,0.21199136972427368,0.21344384308303843,0.21199136972427368,0.21199136972427368,8246400,0.0,0.0
1981-04-02 00:00:00-05:00,0.21344387531280518,0.21489578392004563,0.21344387531280518,0.21344387531280518,9792000,0.0,0.0
1981-04-03 00:00:00-05:00,0.2134438401737456,0.2134438401737456,0.21053947508335116,0.21053947508335114,13968000,0.0,0.0
1981-04-06 00:00:00-05:00,0.21053947390133015,0.21053947390133015,0.2090875655412674,0.2090875655412674,10358400,0.0,0.0
1981-04-07 00:00:00-05:00,0.20763566695739805,0.20763566695739805,0.20473186671733853,0.20473186671733856,19910400,0.0,0.0
1981-04-08 00:00:00-05:00,0.20618382096290588,0.2076357130971741,0.20618382096290588,0.20618382096290588,33004800,0.0,0.0
1981-04-09 00:00:00-05:00,0.20618377514576208,0.20618377514576208,0.20473186671733853,0.20473186671733856,14505600,0.0,0.0
1981-04-10 00:00:00-05:00,0.2090875655412674,0.21199136564460613,0.2090875655412674,0.2090875655412674,12000000,0.0,0.0
1981-04-13 00:00:00-05:00,0.22215579450130463,0.22360770268901428,0.22215579450130463,0.22215579450130463,8256000,0.0,0.0
1981-04-14 00:00:00-05:00,0.22360782325267792,0.22505971560642626,0.22360782325267792,0.22360782325267792,8668800,0.0,0.0
1981-04-15 00:00:00-05:00,0.2250596135854721,0.22651152189785495,0.2250596135854721,0.2250596135854721,8889600,0.0,0.0
1981-04-16 00:00:00-05:00,0.22796347737312317,0.22941536936909868,0.22796347737312317,0.22796347737312317,37344000,0.0,0.0
1981-04-20 00:00:00-05:00,0.22796347737312317,0.22941536936909868,0.22796347737312317,0.22796347737312317,6758400,0.0,0.0
1981-04-21 00:00:00-05:00,0.23231978714466095,0.23377167936299006,0.23231978714466095,0.23231978714466095,12691200,0.0,0.0
1981-04-22 00:00:00-05:00,0.23522357642650604,0.23667548518896755,0.23522357642650604,0.23522357642650604,14544000,0.0,0.0
1981-04-23 00:00:00-05:00,0.23377175409005785,0.23377175409005785,0.23086795210838318,0.23086795210838318,5760000,0.0,0.0
1981-04-24 00:00:00-05:00,0.23231978714466095,0.23377167936299006,0.23231978714466095,0.23231978714466095,18451200,0.0,0.0
1981-04-27 00:00:00-04:00,0.23086784295271207,0.23086784295271207,0.22796347737312317,0.22796347737312317,9062400,0.0,0.0
1981-04-28 00:00:00-04:00,0.2279634302102378,0.2279634302102378,0.2250596135854721,0.2250596135854721,14774400,0.0,0.0
1981-04-29 00:00:00-04:00,0.22360770268901428,0.22360770268901428,0.22215579450130463,0.22215579450130463,11712000,0.0,0.0
1981-04-30 00:00:00-04:00,0.22070349560541389,0.22070349560541389,0.2192516028881073,0.2192516028881073,7852800,0.0,0.0
1981-05-01 00:00:00-04:00,0.21925146767427578,0.21925146767427578,0.21779955923557281,0.21779955923557281,13948800,0.0,0.0
1981-05-04 00:00:00-04:00,0.21489578392004563,0.21489578392004563,0.21344387531280518,0.21344387531280518,7977600,0.0,0.0
1981-05-05 00:00:00-04:00,0.21344384308303843,0.21344384308303843,0.21199136972427368,0.21199136972427368,7324800,0.0,0.0
1981-05-06 00:00:00-04:00,0.21199136972427368,0.21344384308303843,0.21199136972427368,0.21199136972427368,5443200,0.0,0.0
1981-05-07 00:00:00-04:00,0.21199136972427368,0.21344384308303843,0.21199136972427368,0.21199136972427368,6307200,0.0,0.0
1981-05-08 00:00:00-04:00,0.21199136972427368,0.21344384308303843,0.21199136972427368,0.21199136972427368,14294400,0.0,0.0
1981-05-11 00:00:00-04:00,0.2076357130971741,0.2076357130971741,0.20618382096290588,0.20618382096290588,6624000,0.0,0.0
1981-05-12 00:00:00-04:00,0.20618382096290588,0.2076357130971741,0.20618382096290588,0.20618382096290588,6662400,0.0,0.0
1981-05-13 00:00:00-04:00,0.20618377514576208,0.20618377514576208,0.20473186671733853,0.20473186671733856,4752000,0.0,0.0
1981-05-14 00:00:00-04:00,0.2090875655412674,0.21053947390133015,0.2090875655412674,0.2090875655412674,10608000,0.0,0.0
1981-05-15 00:00:00-04:00,0.21053947508335116,0.2119913668347784,0.21053947508335116,0.21053947508335114,10176000,0.0,0.0
1981-05-18 00:00:00-04:00,0.21053947508335116,0.2119913668347784,0.21053947508335116,0.21053947508335114,10771200,0.0,0.0
1981-05-19 00:00:00-04:00,0.21053957846967203,0.21053957846967203,0.207635760307312,0.207635760307312,10262400,0.0,0.0
1981-05-20 00:00:00-04:00,0.21634766459465024,0.21779957312595008,0.21634766459465024,0.21634766459465027,9628800,0.0,0.0
1981-05-21 00:00:00-04:00,0.21779955923557281,0.21925146767427578,0.21779955923557281,0.21779955923557281,10137600,0.0,0.0
1981-05-22 00:00:00-04:00,0.2192516028881073,0.22070349560541389,0.2192516028881073,0.2192516028881073,15014400,0.0,0.0
1981-05-26 00:00:00-04:00,0.22651161253452304,0.22796352142787468,0.22651161253452304,0.226511612534523,13814400,0.0,0.0
1981-05-27 00:00:00-04:00,0.23812738060951236,0.23957985436285564,0.23812738060951236,0.23812738060951233,14918400,0.0,0.0
1981-05-28 00:00:00-04:00,0.2410318702459335,0.2439356724842821,0.2410318702459335,0.24103187024593353,14726400,0.0,0.0
1981-05-29 00:00:00-04:00,0.23957985436285564,0.23957985436285564,0.23812738060951236,0.23812738060951233,27091200,0.0,0.0
1981-06-01 00:00:00-04:00,0.2366754089683741,0.2366754089683741,0.23377159237861636,0.23377159237861633,11155200,0.0,0.0
1981-06-02 00:00:00-04:00,0.22651152189785495,0.22651152189785495,0.2250596135854721,0.2250596135854721,10896000,0.0,0.0
1981-06-03 00:00:00-04:00,0.22215579185619405,0.22215579185619405,0.22070331871509552,0.22070331871509552,13766400,0.0,0.0
1981-06-04 00:00:00-04:00,0.21779957312595008,0.21779957312595008,0.21634766459465024,0.21634766459465027,8601600,0.0,0.0
1981-06-05 00:00:00-04:00,0.21634769185349312,0.21634769185349312,0.2148957997560501,0.2148957997560501,8419200,0.0,0.0
1981-06-08 00:00:00-04:00,0.21344384308303843,0.21344384308303843,0.21199136972427368,0.21199136972427368,4233600,0.0,0.0
1981-06-09 00:00:00-04:00,0.2119913668347784,0.2119913668347784,0.21053947508335116,0.21053947508335114,5865600,0.0,0.0
1981-06-10 00:00:00-04:00,0.21053947390133015,0.21053947390133015,0.2090875655412674,0.2090875655412674,10780800,0.0,0.0
1981-06-11 00:00:00-04:00,0.2148957997560501,0.21634769185349312,0.2148957997560501,0.2148957997560501,10320000,0.0,0.0
1981-06-12 00:00:00-04:00,0.21779955923557281,0.21925146767427578,0.21779955923557281,0.21779955923557281,11241600,0.0,0.0
1981-06-15 00:00:00-04:00,0.21489575147104242,0.21489575147104242,0.21199136972427368,0.21199136972427368,7324800,0.0,0.0
1981-06-16 00:00:00-04:00,0.2090876218482336,0.2090876218482336,0.20618382096290588,0.20618382096290588,18537600,0.0,0.0
1981-06-17 00:00:00-04:00,0.20618382096290588,0.2076357130971741,0.20618382096290588,0.20618382096290588,7929600,0.0,0.0
1981-06-18 00:00:00-04:00,0.20327941808103042,0.20327941808103042,0.2018275260925293,0.2018275260925293,12499200,0.0,0.0
1981-06-19 00:00:00-04:00,0.20327945053577423,0.2061838331809025,0.20327945053577423,0.20327945053577423,10963200,0.0,0.0
1981-06-22 00:00:00-04:00,0.20327941808103042,0.20473189165716643,0.2018275260925293,0.2018275260925293,3446400,0.0,0.0
1981-06-23 00:00:00-04:00,0.20473186671733853,0.20618377514576208,0.20473186671733853,0.20473186671733856,9868800,0.0,0.0
1981-06-24 00:00:00-04:00,0.20473186671733853,0.20618377514576208,0.20473186671733853,0.20473186671733856,4521600,0.0,0.0
1981-06-25 00:00:00-04:00,0.20473189165716643,0.20473189165716643,0.2018275260925293,0.2018275260925293,4041600,0.0,0.0
1981-06-26 00:00:00-04:00,0.21779955923557281,0.21925146767427578,0.21779955923557281,0.21779955923557281,15321600,0.0,0.0
1981-06-29 00:00:00-04:00,0.2192516028881073,0.22070349560541389,0.2192516028881073,0.2192516028881073,14976000,0.0,0.0
1981-06-30 00:00:00-04:00,0.21053947390133015,0.21053947390133015,0.2090875655412674,0.2090875655412674,10243200,0.0,0.0
1981-07-01 00:00:00-04:00,0.20618377514576208,0.20618377514576208,0.20473186671733853,0.20473186671733856,11414400,0.0,0.0
1981-07-02 00:00:00-04:00,0.19747187143631667,0.19747187143631667,0.1960199624300003,0.1960199624300003,17097600,0.0,0.0
1981-07-06 00:00:00-04:00,0.19601990055800333,0.19601990055800333,0.1945674270391464,0.19456742703914642,13142400,0.0,0.0
1981-07-07 00:00:00-04:00,0.19021165048429425,0.19021165048429425,0.18875975906848907,0.18875975906848907,9484800,0.0,0.0
1981-07-08 00:00:00-04:00,0.1902117282152176,0.19166363684113513,0.1902117282152176,0.1902117282152176,13977600,0.0,0.0
1981-07-09 00:00:00-04:00,0.1945674270391464,0.1974718091060372,0.1945674270391464,0.19456742703914642,10329600,0.0,0.0
1981-07-10 00:00:00-04:00,0.198923721909523,0.20037563060989963,0.198923721909523,0.198923721909523,7238400,0.0,0.0
1981-07-13 00:00:00-04:00,0.198923721909523,0.20037563060989963,0.198923721909523,0.198923721909523,3446400,0.0,0.0
1981-07-14 00:00:00-04:00,0.19747187143631667,0.19747187143631667,0.1960199624300003,0.1960199624300003,9676800,0.0,0.0
1981-07-15 00:00:00-04:00,0.20037557184696198,0.20182748012154622,0.20037557184696198,0.20037557184696198,6902400,0.0,0.0
1981-07-16 00:00:00-04:00,0.207635760307312,0.20908766938849202,0.207635760307312,0.207635760307312,8448000,0.0,0.0
1981-07-17 00:00:00-04:00,0.2090875655412674,0.21053947390133015,0.2090875655412674,0.2090875655412674,6748800,0.0,0.0
1981-07-20 00:00:00-04:00,0.20327937177934466,0.20327937177934466,0.20037557184696198,0.20037557184696198,9792000,0.0,0.0
1981-07-21 00:00:00-04:00,0.19601990055800333,0.19601990055800333,0.1945674270391464,0.19456742703914642,7593600,0.0,0.0
1981-07-22 00:00:00-04:00,0.19456746866006952,0.19456746866006952,0.19166366755962372,0.19166366755962372,6460800,0.0,0.0
1981-07-23 00:00:00-04:00,0.1945674270391464,0.19601990055800333,0.1945674270391464,0.19456742703914642,7612800,0.0,0.0
1981-07-24 00:00:00-04:00,0.1945674270391464,0.19601990055800333,0.1945674270391464,0.19456742703914642,4358400,0.0,0.0
1981-07-27 00:00:00-04:00,0.20037557184696198,0.20182748012154622,0.20037557184696198,0.20037557184696198,6172800,0.0,0.0
1981-07-28 00:00:00-04:00,0.19747187143631667,0.19747187143631667,0.1960199624300003,0.1960199624300003,8400000,0.0,0.0
1981-07-29 00:00:00-04:00,0.1960199624300003,0.19747187143631667,0.1960199624300003,0.1960199624300003,5174400,0.0,0.0
1981-07-30 00:00:00-04:00,0.19456749937505646,0.19456749937505646,0.19311560690402985,0.19311560690402985,7190400,0.0,0.0
1981-07-31 00:00:00-04:00,0.1960199624300003,0.19747187143631667,0.1960199624300003,0.1960199624300003,8745600,0.0,0.0
1981-08-03 00:00:00-04:00,0.19456749937505646,0.19456749937505646,0.19311560690402985,0.19311560690402985,4694400,0.0,0.0
1981-08-04 00:00:00-04:00,0.19021165048429425,0.19021165048429425,0.18875975906848907,0.18875975906848907,12451200,0.0,0.0
1981-08-05 00:00:00-04:00,0.18875975906848907,0.19021165048429425,0.18875975906848907,0.18875975906848907,6249600,0.0,0.0
1981-08-06 00:00:00-04:00,0.18875975906848907,0.19166355851688244,0.18875975906848907,0.18875975906848907,13315200,0.0,0.0
1981-08-07 00:00:00-04:00,0.18440361269289324,0.18440361269289324,0.18295170366764069,0.18295170366764069,4444800,0.0,0.0
1981-08-10 00:00:00-04:00,0.18295170366764069,0.18295170366764069,0.18295170366764069,0.18295170366764069,0,0.0,0.0
1981-08-11 00:00:00-04:00,0.18585547804832458,0.18730795183316454,0.18585547804832458,0.18585547804832458,7939200,0.0,0.0
1981-08-12 00:00:00-04:00,0.18149965667901538,0.18149965667901538,0.18004776537418365,0.18004776537418365,4041600,0.0,0.0
1981-08-13 00:00:00-04:00,0.18295170366764069,0.18440361269289324,0.18295170366764069,0.18295170366764069,8083200,0.0,0.0
1981-08-14 00:00:00-04:00,0.18004783885204595,0.18004783885204595,0.17859593033790586,0.17859593033790588,5616000,0.0,0.0
1981-08-17 00:00:00-04:00,0.17859591299443564,0.17859591299443564,0.17714343965053558,0.17714343965053558,5328000,0.0,0.0
1981-08-18 00:00:00-04:00,0.17714343674213354,0.1785959100621864,0.17569154500961304,0.17569154500961304,4857600,0.0,0.0
1981-08-19 00:00:00-04:00,0.17859593033790586,0.18004783885204595,0.17859593033790586,0.17859593033790588,3484800,0.0,0.0
1981-08-20 00:00:00-04:00,0.18295170366764069,0.18440361269289324,0.18295170366764069,0.18295170366764069,5577600,0.0,0.0
1981-08-21 00:00:00-04:00,0.17714343674213354,0.17714343674213354,0.17569154500961304,0.17569154500961304,8476800,0.0,0.0
1981-08-24 00:00:00-04:00,0.1742396492810806,0.1742396492810806,0.17278774082660675,0.17278774082660675,6441600,0.0,0.0
1981-08-25 00:00:00-04:00,0.1727877217133902,0.1727877217133902,0.16988392174243927,0.16988392174243927,13132800,0.0,0.0
1981-08-26 00:00:00-04:00,0.1669796702629499,0.1669796702629499,0.16552776098251343,0.16552776098251343,8035200,0.0,0.0
1981-08-27 00:00:00-04:00,0.1640757592379725,0.1640757592379725,0.16262386739253998,0.16262386739253998,15868800,0.0,0.0
1981-08-28 00:00:00-04:00,0.16262386739253998,0.1640757592379725,0.16262386739253998,0.16262386739253998,19776000,0.0,0.0
1981-08-31 00:00:00-04:00,0.16262386739253998,0.1640757592379725,0.16262386739253998,0.16262386739253998,5510400,0.0,0.0
1981-09-01 00:00:00-04:00,0.16552776098251343,0.1684315629265891,0.16552776098251343,0.16552776098251343,5856000,0.0,0.0
1981-09-02 00:00:00-04:00,0.16552766770019295,0.16552766770019295,0.16262386739253998,0.16262386739253998,8188800,0.0,0.0
1981-09-03 00:00:00-04:00,0.1568156586125913,0.1568156586125913,0.15391185879707336,0.15391185879707336,30518400,0.0,0.0
1981-09-04 00:00:00-04:00,0.15826758742332458,0.15971947921161855,0.15826758742332458,0.15826758742332458,10867200,0.0,0.0
1981-09-08 00:00:00-04:00,0.15246003688480297,0.15246003688480297,0.15100756287574768,0.15100756287574768,8352000,0.0,0.0
1981-09-09 00:00:00-04:00,0.15681567788124084,0.15971947805356182,0.15681567788124084,0.15681567788124084,7113600,0.0,0.0
1981-09-10 00:00:00-04:00,0.16407573223114014,0.16697954867761344,0.16407573223114014,0.16407573223114014,7392000,0.0,0.0
1981-09-11 00:00:00-04:00,0.1742396056652069,0.17569151375623732,0.1742396056652069,0.1742396056652069,10540800,0.0,0.0
1981-09-14 00:00:00-04:00,0.16988393422873932,0.16988393422873932,0.16843146085739136,0.16843146085739136,9369600,0.0,0.0
1981-09-15 00:00:00-04:00,0.15971947921161855,0.15971947921161855,0.15826758742332458,0.15826758742332458,9888000,0.0,0.0
1981-09-16 00:00:00-04:00,0.15536375039643976,0.15536375039643976,0.15391185879707336,0.15391185879707336,15100800,0.0,0.0
1981-09-17 00:00:00-04:00,0.14810375815674318,0.14810375815674318,0.14665184915065765,0.14665184915065765,21830400,0.0,0.0
1981-09-18 00:00:00-04:00,0.14810366928577423,0.14955557742062892,0.14810366928577423,0.14810366928577423,15580800,0.0,0.0
1981-09-21 00:00:00-04:00,0.15100756287574768,0.15246003688480297,0.15100756287574768,0.15100756287574768,8419200,0.0,0.0
1981-09-22 00:00:00-04:00,0.14665181677618822,0.14665181677618822,0.14519992470741272,0.14519992470741272,11520000,0.0,0.0
1981-09-23 00:00:00-04:00,0.14229556685921424,0.14229556685921424,0.14084367454051971,0.14084367454051971,27763200,0.0,0.0
1981-09-24 00:00:00-04:00,0.13939171080920815,0.13939171080920815,0.13793981075286865,0.13793981075286865,20256000,0.0,0.0
1981-09-25 00:00:00-04:00,0.13358354458661004,0.13358354458661004,0.1321316361427307,0.1321316361427307,12662400,0.0,0.0
1981-09-28 00:00:00-04:00,0.13793981075286865,0.13939171080920815,0.13793981075286865,0.13793981075286865,12835200,0.0,0.0
1981-09-29 00:00:00-04:00,0.14084367454051971,0.14229556685921424,0.14084367454051971,0.14084367454051971,11568000,0.0,0.0
1981-09-30 00:00:00-04:00,0.14084367454051971,0.14229556685921424,0.14084367454051971,0.14084367454051971,12499200,0.0,0.0
1981-10-01 00:00:00-04:00,0.14084367454051971,0.14229556685921424,0.14084367454051971,0.14084367454051971,6681600,0.0,0.0
1981-10-02 00:00:00-04:00,0.14519992470741272,0.14810372546175418,0.14519992470741272,0.14519992470741272,10732800,0.0,0.0
1981-10-05 00:00:00-04:00,0.15391185879707336,0.15536375039643976,0.15391185879707336,0.15391185879707336,12652800,0.0,0.0
1981-10-06 00:00:00-04:00,0.14810375815674318,0.14810375815674318,0.14665184915065765,0.14665184915065765,16569600,0.0,0.0
1981-10-07 00:00:00-04:00,0.14810366928577423,0.15100746893869943,0.14810366928577423,0.14810366928577423,9494400,0.0,0.0
1981-10-08 00:00:00-04:00,0.14810366928577423,0.15100746893869943,0.14810366928577423,0.14810366928577423,30288000,0.0,0.0
1981-10-09 00:00:00-04:00,0.14810375815674318,0.14810375815674318,0.14665184915065765,0.14665184915065765,16694400,0.0,0.0
1981-10-12 00:00:00-04:00,0.14665184915065765,0.14810375815674318,0.14665184915065765,0.14665184915065765,10156800,0.0,0.0
1981-10-13 00:00:00-04:00,0.14955557882785797,0.15100747035958992,0.14955557882785797,0.14955557882785797,7315200,0.0,0.0
1981-10-14 00:00:00-04:00,0.14519995394558077,0.14519995394558077,0.14374804496765137,0.14374804496765137,4320000,0.0,0.0
1981-10-15 00:00:00-04:00,0.14374804496765137,0.14665184630671638,0.14374804496765137,0.14374804496765137,5452800,0.0,0.0
1981-10-16 00:00:00-04:00,0.14374804496765137,0.14519995394558077,0.14374804496765137,0.14374804496765137,7132800,0.0,0.0
1981-10-19 00:00:00-04:00,0.14229556685921424,0.14229556685921424,0.14084367454051971,0.14084367454051971,9888000,0.0,0.0
1981-10-20 00:00:00-04:00,0.14084367454051971,0.14374804076567593,0.14084367454051971,0.14084367454051971,11241600,0.0,0.0
1981-10-21 00:00:00-04:00,0.14665184915065765,0.14810375815674318,0.14665184915065765,0.14665184915065765,11961600,0.0,0.0
1981-10-22 00:00:00-04:00,0.14519995394558077,0.14519995394558077,0.14374804496765137,0.14374804496765137,19507200,0.0,0.0
1981-10-23 00:00:00-04:00,0.14374804496765137,0.14519995394558077,0.14374804496765137,0.14374804496765137,9436800,0.0,0.0
1981-10-26 00:00:00-05:00,0.14374804496765137,0.14519995394558077,0.14374804496765137,0.14374804496765137,8380800,0.0,0.0
1981-10-27 00:00:00-05:00,0.14810366928577423,0.14955557742062892,0.14810366928577423,0.14810366928577423,14121600,0.0,0.0
1981-10-28 00:00:00-05:00,0.15536370873451233,0.15681561656132406,0.15536370873451233,0.15536370873451233,13756800,0.0,0.0
1981-10-29 00:00:00-05:00,0.15536375039643976,0.15536375039643976,0.15391185879707336,0.15391185879707336,11721600,0.0,0.0
1981-10-30 00:00:00-05:00,0.16552776098251343,0.1669796702629499,0.16552776098251343,0.16552776098251343,9139200,0.0,0.0
1981-11-02 00:00:00-05:00,0.16697964072227475,0.16843153312905698,0.16697964072227475,0.16697964072227478,12336000,0.0,0.0
1981-11-03 00:00:00-05:00,0.17133578658103943,0.17278767788988403,0.17133578658103943,0.17133578658103943,13622400,0.0,0.0
1981-11-04 00:00:00-05:00,0.16843153312905698,0.16843153312905698,0.16697964072227475,0.16697964072227478,8505600,0.0,0.0
1981-11-05 00:00:00-05:00,0.16843146085739136,0.16988393422873932,0.16843146085739136,0.16843146085739136,11731200,0.0,0.0
1981-11-06 00:00:00-05:00,0.16843146085739136,0.16988393422873932,0.16843146085739136,0.16843146085739136,15571200,0.0,0.0
1981-11-09 00:00:00-05:00,0.16988392174243927,0.17133583003630776,0.16988392174243927,0.16988392174243927,7699200,0.0,0.0
1981-11-10 00:00:00-05:00,0.16988393422873932,0.16988393422873932,0.16843146085739136,0.16843146085739136,9984000,0.0,0.0
1981-11-11 00:00:00-05:00,0.1669796702629499,0.1669796702629499,0.16552776098251343,0.16552776098251343,9724800,0.0,0.0
1981-11-12 00:00:00-05:00,0.16552776098251343,0.1669796702629499,0.16552776098251343,0.16552776098251343,11020800,0.0,0.0
1981-11-13 00:00:00-05:00,0.15826752438813577,0.15826752438813577,0.15536370873451233,0.15536370873451233,9513600,0.0,0.0
1981-11-16 00:00:00-05:00,0.15246003688480297,0.15246003688480297,0.15100756287574768,0.15100756287574768,5721600,0.0,0.0
1981-11-17 00:00:00-05:00,0.15391185879707336,0.15536375039643976,0.15391185879707336,0.15391185879707336,9302400,0.0,0.0
1981-11-18 00:00:00-05:00,0.14810375815674318,0.14810375815674318,0.14665184915065765,0.14665184915065765,11260800,0.0,0.0
1981-11-19 00:00:00-05:00,0.14665181677618822,0.14665181677618822,0.14519992470741272,0.14519992470741272,20745600,0.0,0.0
1981-11-20 00:00:00-05:00,0.14374804076567593,0.14374804076567593,0.14084367454051971,0.14084367454051971,10867200,0.0,0.0
1981-11-23 00:00:00-05:00,0.14229550957679749,0.14374798289855217,0.14229550957679749,0.14229550957679749,8995200,0.0,0.0
1981-11-24 00:00:00-05:00,0.14229550957679749,0.14374798289855217,0.14229550957679749,0.14229550957679749,9504000,0.0,0.0
1981-11-25 00:00:00-05:00,0.14084361370211695,0.14084361370211695,0.1393917053937912,0.1393917053937912,11644800,0.0,0.0
1981-11-27 00:00:00-05:00,0.1393917053937912,0.14084361370211695,0.1393917053937912,0.1393917053937912,5404800,0.0,0.0
1981-11-30 00:00:00-05:00,0.14519992470741272,0.14665181677618822,0.14519992470741272,0.14519992470741272,10761600,0.0,0.0
1981-12-01 00:00:00-05:00,0.14519992470741272,0.14665181677618822,0.14519992470741272,0.14519992470741272,6748800,0.0,0.0
1981-12-02 00:00:00-05:00,0.14665184915065765,0.14810375815674318,0.14665184915065765,0.14665184915065765,16176000,0.0,0.0
1981-12-03 00:00:00-05:00,0.14665181677618822,0.14665181677618822,0.14519992470741272,0.14519992470741272,9091200,0.0,0.0
1981-12-04 00:00:00-05:00,0.14665184915065765,0.14810375815674318,0.14665184915065765,0.14665184915065765,16838400,0.0,0.0
1981-12-07 00:00:00-05:00,0.14374798289855217,0.14374798289855217,0.14229550957679749,0.14229550957679749,12115200,0.0,0.0
1981-12-08 00:00:00-05:00,0.14229550957679749,0.14374798289855217,0.14229550957679749,0.14229550957679749,6556800,0.0,0.0
1981-12-09 00:00:00-05:00,0.14374804496765137,0.14519995394558077,0.14374804496765137,0.14374804496765137,6278400,0.0,0.0
1981-12-10 00:00:00-05:00,0.14810366928577423,0.14955557742062892,0.14810366928577423,0.14810366928577423,7161600,0.0,0.0
1981-12-11 00:00:00-05:00,0.14810375815674318,0.14810375815674318,0.14665184915065765,0.14665184915065765,9139200,0.0,0.0
1981-12-14 00:00:00-05:00,0.14374798289855217,0.14374798289855217,0.14229550957679749,0.14229550957679749,10425600,0.0,0.0
1981-12-15 00:00:00-05:00,0.14229550957679749,0.14374798289855217,0.14229550957679749,0.14229550957679749,15561600,0.0,0.0
1981-12-16 00:00:00-05:00,0.14229550957679749,0.14374798289855217,0.14229550957679749,0.14229550957679749,4300800,0.0,0.0
1981-12-17 00:00:00-05:00,0.1350360409293888,0.1350360409293888,0.13358357548713684,0.13358357548713684,26832000,0.0,0.0
1981-12-18 00:00:00-05:00,0.1393917053937912,0.14084361370211695,0.1393917053937912,0.1393917053937912,20774400,0.0,0.0
1981-12-21 00:00:00-05:00,0.1393917053937912,0.14084361370211695,0.1393917053937912,0.1393917053937912,17308800,0.0,0.0
1981-12-22 00:00:00-05:00,0.14229550957679749,0.14374798289855217,0.14229550957679749,0.14229550957679749,15244800,0.0,0.0
1981-12-23 00:00:00-05:00,0.14084361370211695,0.14084361370211695,0.1393917053937912,0.1393917053937912,12662400,0.0,0.0
1981-12-24 00:00:00-05:00,0.13939171080920815,0.13939171080920815,0.13793981075286865,0.13793981075286865,3177600,0.0,0.0
1981-12-28 00:00:00-05:00,0.13793982462266788,0.13793982462266788,0.1364879161119461,0.1364879161119461,20073600,0.0,0.0
1981-12-29 00:00:00-05:00,0.13213164169834027,0.13213164169834027,0.13067974150180817,0.13067974150180817,20668800,0.0,0.0
1981-12-30 00:00:00-05:00,0.13358357548713684,0.1350360409293888,0.13358357548713684,0.13358357548713684,12700800,0.0,0.0
1981-12-31 00:00:00-05:00,0.13213164169834027,0.13213164169834027,0.13067974150180817,0.13067974150180817,11088000,0.0,0.0
1982-01-04 00:00:00-05:00,0.1321316361427307,0.13358354458661004,0.1321316361427307,0.1321316361427307,10646400,0.0,0.0
1982-01-05 00:00:00-05:00,0.13213164169834027,0.13358355020326657,0.13067974150180817,0.13067974150180817,11683200,0.0,0.0
1982-01-06 00:00:00-05:00,0.13067966992393656,0.13067966992393656,0.1277758628129959,0.1277758628129959,9331200,0.0,0.0
1982-01-07 00:00:00-05:00,0.12632398522915497,0.12632398522915497,0.12341961264610289,0.1234196126461029,14208000,0.0,0.0
1982-01-08 00:00:00-05:00,0.12341961264610289,0.12632398522915497,0.12341961264610289,0.1234196126461029,17971200,0.0,0.0
1982-01-11 00:00:00-05:00,0.12341961264610289,0.1248715206065273,0.12341961264610289,0.1234196126461029,17030400,0.0,0.0
1982-01-12 00:00:00-05:00,0.12341969310958639,0.12341969310958639,0.12196779251098631,0.12196779251098633,61612800,0.0,0.0
1982-01-13 00:00:00-05:00,0.12196783624214105,0.12196783624214105,0.12051593512296675,0.12051593512296677,9772800,0.0,0.0
1982-01-14 00:00:00-05:00,0.12196779251098631,0.12341969310958639,0.12196779251098631,0.12196779251098633,13065600,0.0,0.0
1982-01-15 00:00:00-05:00,0.13067974150180817,0.13213164169834027,0.13067974150180817,0.13067974150180817,22608000,0.0,0.0
1982-01-18 00:00:00-05:00,0.13793981075286865,0.13939171080920815,0.13793981075286865,0.13793981075286865,12163200,0.0,0.0
1982-01-19 00:00:00-05:00,0.13213164169834027,0.13213164169834027,0.13067974150180817,0.13067974150180817,12960000,0.0,0.0
1982-01-20 00:00:00-05:00,0.13358357548713684,0.1350360409293888,0.13358357548713684,0.13358357548713684,7296000,0.0,0.0
1982-01-21 00:00:00-05:00,0.14665184915065765,0.1495556671628287,0.14665184915065765,0.14665184915065765,17212800,0.0,0.0
1982-01-22 00:00:00-05:00,0.14374804076567593,0.14374804076567593,0.14084367454051971,0.14084367454051971,26140800,0.0,0.0
1982-01-25 00:00:00-05:00,0.14229550957679749,0.1451998912495605,0.14229550957679749,0.14229550957679749,16358400,0.0,0.0
1982-01-26 00:00:00-05:00,0.15100756287574768,0.15391194592284452,0.15100756287574768,0.15100756287574768,18998400,0.0,0.0
1982-01-27 00:00:00-05:00,0.15391185879707336,0.1568156586125913,0.15391185879707336,0.15391185879707336,23932800,0.0,0.0
1982-01-28 00:00:00-05:00,0.14955557742062892,0.14955557742062892,0.14810366928577423,0.14810366928577423,32707200,0.0,0.0
1982-01-29 00:00:00-05:00,0.15100756287574768,0.15246003688480297,0.15100756287574768,0.15100756287574768,19603200,0.0,0.0
1982-02-01 00:00:00-05:00,0.14665181677618822,0.14665181677618822,0.14519992470741272,0.14519992470741272,12960000,0.0,0.0
1982-02-02 00:00:00-05:00,0.14665184915065765,0.14810375815674318,0.14665184915065765,0.14665184915065765,10752000,0.0,0.0
1982-02-03 00:00:00-05:00,0.14665184915065765,0.14810375815674318,0.14665184915065765,0.14665184915065765,8947200,0.0,0.0
1982-02-04 00:00:00-05:00,0.14665184630671638,0.14665184630671638,0.14374804496765137,0.14374804496765137,10464000,0.0,0.0
1982-02-05 00:00:00-05:00,0.14810366928577423,0.15100746893869943,0.14810366928577423,0.14810366928577423,11318400,0.0,0.0
1982-02-08 00:00:00-05:00,0.14519995394558077,0.14519995394558077,0.14374804496765137,0.14374804496765137,14179200,0.0,0.0
1982-02-09 00:00:00-05:00,0.14374798289855217,0.14374798289855217,0.14229550957679749,0.14229550957679749,14889600,0.0,0.0
1982-02-10 00:00:00-05:00,0.14229550957679749,0.14374798289855217,0.14229550957679749,0.14229550957679749,7478400,0.0,0.0
1982-02-11 00:00:00-05:00,0.14229556685921424,0.14229556685921424,0.14084367454051971,0.14084367454051971,6892800,0.0,0.0
1982-02-12 00:00:00-05:00,0.14229550957679749,0.14374798289855217,0.14229550957679749,0.14229550957679749,2592000,0.0,0.0
1982-02-16 00:00:00-05:00,0.14229556685921424,0.14229556685921424,0.14084367454051971,0.14084367454051971,4723200,0.0,0.0
1982-02-17 00:00:00-05:00,0.14374804496765137,0.14519995394558077,0.14374804496765137,0.14374804496765137,6307200,0.0,0.0
1982-02-18 00:00:00-05:00,0.14519992470741272,0.14665181677618822,0.14519992470741272,0.14519992470741272,9302400,0.0,0.0
1982-02-19 00:00:00-05:00,0.14519995394558077,0.14519995394558077,0.14374804496765137,0.14374804496765137,11846400,0.0,0.0
1982-02-22 00:00:00-05:00,0.14229556685921424,0.14229556685921424,0.14084367454051971,0.14084367454051971,14966400,0.0,0.0
1982-02-23 00:00:00-05:00,0.13939171080920815,0.13939171080920815,0.13793981075286865,0.13793981075286865,20294400,0.0,0.0
1982-02-24 00:00:00-05:00,0.14374804496765137,0.14519995394558077,0.14374804496765137,0.14374804496765137,47193600,0.0,0.0
1982-02-25 00:00:00-05:00,0.14810366928577423,0.14955557742062892,0.14810366928577423,0.14810366928577423,14208000,0.0,0.0
1982-02-26 00:00:00-05:00,0.14810366928577423,0.14955557742062892,0.14810366928577423,0.14810366928577423,8764800,0.0,0.0
1982-03-01 00:00:00-05:00,0.15391185879707336,0.15536375039643976,0.15391185879707336,0.15391185879707336,13574400,0.0,0.0
1982-03-02 00:00:00-05:00,0.15391185879707336,0.15536375039643976,0.15391185879707336,0.15391185879707336,16876800,0.0,0.0
1982-03-03 00:00:00-05:00,0.15100747035958992,0.15100747035958992,0.14955557882785797,0.14955557882785797,17030400,0.0,0.0
1982-03-04 00:00:00-05:00,0.14955557742062892,0.14955557742062892,0.14810366928577423,0.14810366928577423,13862400,0.0,0.0
1982-03-05 00:00:00-05:00,0.14229556685921424,0.14229556685921424,0.14084367454051971,0.14084367454051971,15504000,0.0,0.0
1982-03-08 00:00:00-05:00,0.13648793679452473,0.13648793679452473,0.13503603637218475,0.13503603637218475,19065600,0.0,0.0
1982-03-09 00:00:00-05:00,0.14374804496765137,0.14519995394558077,0.14374804496765137,0.14374804496765137,9408000,0.0,0.0
1982-03-10 00:00:00-05:00,0.14374804496765137,0.14519995394558077,0.14374804496765137,0.14374804496765137,10886400,0.0,0.0
1982-03-11 00:00:00-05:00,0.14229556685921424,0.14229556685921424,0.14084367454051971,0.14084367454051971,9724800,0.0,0.0
1982-03-12 00:00:00-05:00,0.13358354458661004,0.13358354458661004,0.1321316361427307,0.1321316361427307,14035200,0.0,0.0
1982-03-15 00:00:00-05:00,0.1364879161119461,0.13793982462266788,0.1364879161119461,0.1364879161119461,11750400,0.0,0.0
1982-03-16 00:00:00-05:00,0.14084367454051971,0.14229556685921424,0.14084367454051971,0.14084367454051971,12096000,0.0,0.0
1982-03-17 00:00:00-05:00,0.14665184915065765,0.14810375815674318,0.14665184915065765,0.14665184915065765,10060800,0.0,0.0
1982-03-18 00:00:00-05:00,0.15391185879707336,0.15536375039643976,0.15391185879707336,0.15391185879707336,19526400,0.0,0.0
1982-03-19 00:00:00-05:00,0.15826758742332458,0.15971947921161855,0.15826758742332458,0.15826758742332458,34704000,0.0,0.0
1982-03-22 00:00:00-05:00,0.16407573223114014,0.1655276404543768,0.16407573223114014,0.16407573223114014,17952000,0.0,0.0
1982-03-23 00:00:00-05:00,0.1640757592379725,0.1640757592379725,0.16262386739253998,0.16262386739253998,15638400,0.0,0.0
1982-03-24 00:00:00-05:00,0.16117197050270818,0.16117197050270818,0.15971949696540833,0.15971949696540833,16848000,0.0,0.0
1982-03-25 00:00:00-05:00,0.15971949696540833,0.16117197050270818,0.15971949696540833,0.15971949696540833,9148800,0.0,0.0
1982-03-26 00:00:00-05:00,0.15971949696540833,0.16117197050270818,0.15971949696540833,0.15971949696540833,8563200,0.0,0.0
1982-03-29 00:00:00-05:00,0.16262386739253998,0.1640757592379725,0.16262386739253998,0.16262386739253998,20841600,0.0,0.0
1982-03-30 00:00:00-05:00,0.16407573223114014,0.1655276404543768,0.16407573223114014,0.16407573223114014,10924800,0.0,0.0
1982-03-31 00:00:00-05:00,0.16697964072227475,0.16843153312905698,0.16697964072227475,0.16697964072227478,17529600,0.0,0.0
1982-04-01 00:00:00-05:00,0.16843146085739136,0.1713358426293216,0.16843146085739136,0.16843146085739136,17404800,0.0,0.0
1982-04-02 00:00:00-05:00,0.17278774082660675,0.1742396492810806,0.17278774082660675,0.17278774082660675,25948800,0.0,0.0
1982-04-05 00:00:00-05:00,0.16988393422873932,0.16988393422873932,0.16843146085739136,0.16843146085739136,12460800,0.0,0.0
1982-04-06 00:00:00-05:00,0.16843153312905698,0.16988400712364166,0.16697964072227475,0.16697964072227478,10838400,0.0,0.0
1982-04-07 00:00:00-05:00,0.16697954867761344,0.16697954867761344,0.16407573223114014,0.16407573223114014,11644800,0.0,0.0
1982-04-08 00:00:00-05:00,0.1735137403011322,0.17569160355076574,0.1735137403011322,0.1735137403011322,40041600,0.0,0.0
1982-04-12 00:00:00-05:00,0.18004776537418365,0.18149965667901538,0.18004776537418365,0.18004776537418365,31046400,0.0,0.0
1982-04-13 00:00:00-05:00,0.18440355360507965,0.18585544554831293,0.18440355360507965,0.18440355360507965,33187200,0.0,0.0
1982-04-14 00:00:00-05:00,0.18440355360507965,0.18585544554831293,0.18440355360507965,0.18440355360507965,28732800,0.0,0.0
1982-04-15 00:00:00-05:00,0.18730798363685608,0.18875989269729435,0.18730798363685608,0.18730798363685608,18355200,0.0,0.0
1982-04-16 00:00:00-05:00,0.18875975906848907,0.19021165048429425,0.18875975906848907,0.18875975906848907,28742400,0.0,0.0
1982-04-19 00:00:00-05:00,0.1902117282152176,0.19166363684113513,0.1902117282152176,0.1902117282152176,14083200,0.0,0.0
1982-04-20 00:00:00-05:00,0.18149965667901538,0.18149965667901538,0.18004776537418365,0.18004776537418365,39398400,0.0,0.0
1982-04-21 00:00:00-05:00,0.18004776537418365,0.18295156460062886,0.18004776537418365,0.18004776537418365,20092800,0.0,0.0
1982-04-22 00:00:00-05:00,0.18730798363685608,0.18875989269729435,0.18730798363685608,0.18730798363685608,46377600,0.0,0.0
1982-04-23 00:00:00-05:00,0.18730795183316454,0.18730795183316454,0.18585547804832458,0.18585547804832458,17520000,0.0,0.0
1982-04-26 00:00:00-04:00,0.18875975906848907,0.19021165048429425,0.18875975906848907,0.18875975906848907,17913600,0.0,0.0
1982-04-27 00:00:00-04:00,0.18585544554831293,0.18585544554831293,0.18440355360507965,0.18440355360507965,20601600,0.0,0.0
1982-04-28 00:00:00-04:00,0.18585547804832458,0.18730795183316454,0.18585547804832458,0.18585547804832458,49372800,0.0,0.0
1982-04-29 00:00:00-04:00,0.18585544554831293,0.18585544554831293,0.18440355360507965,0.18440355360507965,21552000,0.0,0.0
1982-04-30 00:00:00-04:00,0.18440361269289324,0.18440361269289324,0.18295170366764069,0.18295170366764069,12297600,0.0,0.0
1982-05-03 00:00:00-04:00,0.18295170366764069,0.18440361269289324,0.18295170366764069,0.18295170366764069,13123200,0.0,0.0
1982-05-04 00:00:00-04:00,0.18440355360507965,0.18730791907916297,0.18440355360507965,0.18440355360507965,12912000,0.0,0.0
1982-05-05 00:00:00-04:00,0.18875975906848907,0.19166355851688244,0.18875975906848907,0.18875975906848907,22905600,0.0,0.0
1982-05-06 00:00:00-04:00,0.19311560690402985,0.19456749937505646,0.19311560690402985,0.19311560690402985,17510400,0.0,0.0
1982-05-07 00:00:00-04:00,0.19166363684113513,0.19166363684113513,0.1902117282152176,0.1902117282152176,25920000,0.0,0.0
1982-05-10 00:00:00-04:00,0.18730795183316454,0.18730795183316454,0.18585547804832458,0.18585547804832458,14083200,0.0,0.0
1982-05-11 00:00:00-04:00,0.18440361269289324,0.18440361269289324,0.18295170366764069,0.18295170366764069,20976000,0.0,0.0
1982-05-12 00:00:00-04:00,0.18004783885204595,0.18004783885204595,0.17859593033790586,0.17859593033790588,35520000,0.0,0.0
1982-05-13 00:00:00-04:00,0.18585547804832458,0.18730795183316454,0.18585547804832458,0.18585547804832458,40262400,0.0,0.0
1982-05-14 00:00:00-04:00,0.198923721909523,0.20037563060989963,0.198923721909523,0.198923721909523,31161600,0.0,0.0
1982-05-17 00:00:00-04:00,0.19456749937505646,0.19456749937505646,0.19311560690402985,0.19311560690402985,16857600,0.0,0.0
1982-05-18 00:00:00-04:00,0.19021165048429425,0.19021165048429425,0.18875975906848907,0.18875975906848907,18940800,0.0,0.0
1982-05-19 00:00:00-04:00,0.18585544554831293,0.18585544554831293,0.18440355360507965,0.18440355360507965,13718400,0.0,0.0
1982-05-20 00:00:00-04:00,0.18295156460062886,0.18295156460062886,0.18004776537418365,0.18004776537418365,25747200,0.0,0.0
1982-05-21 00:00:00-04:00,0.17859591299443564,0.17859591299443564,0.17714343965053558,0.17714343965053558,9600000,0.0,0.0
1982-05-24 00:00:00-04:00,0.17714343965053558,0.17859591299443564,0.17714343965053558,0.17714343965053558,6931200,0.0,0.0
1982-05-25 00:00:00-04:00,0.1742396492810806,0.1742396492810806,0.17278774082660675,0.17278774082660675,11289600,0.0,0.0
1982-05-26 00:00:00-04:00,0.1742396056652069,0.17569151375623732,0.1742396056652069,0.1742396056652069,14275200,0.0,0.0
1982-05-27 00:00:00-04:00,0.17714343965053558,0.17859591299443564,0.17714343965053558,0.17714343965053558,22560000,0.0,0.0
1982-05-28 00:00:00-04:00,0.17714343674213354,0.1785959100621864,0.17569154500961304,0.17569154500961304,10137600,0.0,0.0
1982-06-01 00:00:00-04:00,0.17278767788988403,0.17278767788988403,0.17133578658103943,0.17133578658103943,9024000,0.0,0.0
1982-06-02 00:00:00-04:00,0.17278774082660675,0.1742396492810806,0.17278774082660675,0.17278774082660675,8275200,0.0,0.0
1982-06-03 00:00:00-04:00,0.17714343965053558,0.17859591299443564,0.17714343965053558,0.17714343965053558,10070400,0.0,0.0
1982-06-04 00:00:00-04:00,0.17569151375623732,0.17569151375623732,0.1742396056652069,0.1742396056652069,6288000,0.0,0.0
1982-06-07 00:00:00-04:00,0.1742396056652069,0.17569151375623732,0.1742396056652069,0.1742396056652069,12643200,0.0,0.0
1982-06-08 00:00:00-04:00,0.17133583003630776,0.17133583003630776,0.16988392174243927,0.16988392174243927,19190400,0.0,0.0
1982-06-09 00:00:00-04:00,0.1655276404543768,0.1655276404543768,0.16407573223114014,0.16407573223114014,19814400,0.0,0.0
1982-06-10 00:00:00-04:00,0.16697964072227475,0.16843153312905698,0.16697964072227475,0.16697964072227478,16012800,0.0,0.0
1982-06-11 00:00:00-04:00,0.1742396056652069,0.17569151375623732,0.1742396056652069,0.1742396056652069,35836800,0.0,0.0
1982-06-14 00:00:00-04:00,0.1742396492810806,0.1742396492810806,0.17278774082660675,0.17278774082660675,8592000,0.0,0.0
1982-06-15 00:00:00-04:00,0.17569154500961304,0.17714343674213354,0.17569154500961304,0.17569154500961304,25094400,0.0,0.0
1982-06-16 00:00:00-04:00,0.18149976432323459,0.18295167310594881,0.18149976432323459,0.18149976432323456,7248000,0.0,0.0
1982-06-17 00:00:00-04:00,0.1785959100621864,0.1785959100621864,0.17569154500961304,0.17569154500961304,15264000,0.0,0.0
1982-06-18 00:00:00-04:00,0.1713358426293216,0.1713358426293216,0.16843146085739136,0.16843146085739136,24211200,0.0,0.0
1982-06-21 00:00:00-04:00,0.16843153312905698,0.16988400712364166,0.16697964072227475,0.16697964072227478,12345600,0.0,0.0
1982-06-22 00:00:00-04:00,0.1742396056652069,0.17569151375623732,0.1742396056652069,0.1742396056652069,11721600,0.0,0.0
1982-06-23 00:00:00-04:00,0.18295170366764069,0.18440361269289324,0.18295170366764069,0.18295170366764069,11318400,0.0,0.0
1982-06-24 00:00:00-04:00,0.18004783885204595,0.18004783885204595,0.17859593033790586,0.17859593033790588,29414400,0.0,0.0
1982-06-25 00:00:00-04:00,0.17859591299443564,0.17859591299443564,0.17714343965053558,0.17714343965053558,29164800,0.0,0.0
1982-06-28 00:00:00-04:00,0.18149976432323459,0.18295167310594881,0.18149976432323459,0.18149976432323456,4819200,0.0,0.0
1982-06-29 00:00:00-04:00,0.18149965667901538,0.18149965667901538,0.18004776537418365,0.18004776537418365,8822400,0.0,0.0
1982-06-30 00:00:00-04:00,0.18149976432323459,0.18295167310594881,0.18149976432323459,0.18149976432323456,10377600,0.0,0.0
1982-07-01 00:00:00-04:00,0.18149965667901538,0.18295156460062886,0.18004776537418365,0.18004776537418365,11203200,0.0,0.0
1982-07-02 00:00:00-04:00,0.17714343674213354,0.17714343674213354,0.17569154500961304,0.17569154500961304,19622400,0.0,0.0
1982-07-06 00:00:00-04:00,0.17569151375623732,0.17569151375623732,0.1742396056652069,0.1742396056652069,12259200,0.0,0.0
1982-07-07 00:00:00-04:00,0.17133583003630776,0.17133583003630776,0.16988392174243927,0.16988392174243927,31948800,0.0,0.0
1982-07-08 00:00:00-04:00,0.16988392174243927,0.17133583003630776,0.16988392174243927,0.16988392174243927,36643200,0.0,0.0
1982-07-09 00:00:00-04:00,0.17859593033790586,0.18004783885204595,0.17859593033790586,0.17859593033790588,24489600,0.0,0.0
1982-07-12 00:00:00-04:00,0.18149976432323459,0.18295167310594881,0.18149976432323459,0.18149976432323456,36249600,0.0,0.0
1982-07-13 00:00:00-04:00,0.18149976432323459,0.18440358188866307,0.18149976432323459,0.18149976432323456,31948800,0.0,0.0
1982-07-14 00:00:00-04:00,0.18149976432323459,0.18295167310594881,0.18149976432323459,0.18149976432323456,12729600,0.0,0.0
1982-07-15 00:00:00-04:00,0.18585547804832458,0.18730795183316454,0.18585547804832458,0.18585547804832458,24787200,0.0,0.0
1982-07-16 00:00:00-04:00,0.19311560690402985,0.19456749937505646,0.19311560690402985,0.19311560690402985,14236800,0.0,0.0
1982-07-19 00:00:00-04:00,0.19311557641824284,0.19311557641824284,0.19166366755962372,0.19166366755962372,13286400,0.0,0.0
1982-07-20 00:00:00-04:00,0.1960199624300003,0.19747187143631667,0.1960199624300003,0.1960199624300003,9388800,0.0,0.0
1982-07-21 00:00:00-04:00,0.19601990055800333,0.19601990055800333,0.1945674270391464,0.19456742703914642,16588800,0.0,0.0
1982-07-22 00:00:00-04:00,0.19166363684113513,0.19166363684113513,0.1902117282152176,0.1902117282152176,11212800,0.0,0.0
1982-07-23 00:00:00-04:00,0.1902117282152176,0.19166363684113513,0.1902117282152176,0.1902117282152176,16387200,0.0,0.0
1982-07-26 00:00:00-04:00,0.19021165048429425,0.19166355851688244,0.18875975906848907,0.18875975906848907,3398400,0.0,0.0
1982-07-27 00:00:00-04:00,0.19166366755962372,0.19311557641824284,0.19166366755962372,0.19166366755962372,16694400,0.0,0.0
1982-07-28 00:00:00-04:00,0.19166363684113513,0.19166363684113513,0.1902117282152176,0.1902117282152176,14572800,0.0,0.0
1982-07-29 00:00:00-04:00,0.1902117282152176,0.19166363684113513,0.1902117282152176,0.1902117282152176,15696000,0.0,0.0
1982-07-30 00:00:00-04:00,0.18875989269729435,0.18875989269729435,0.18730798363685608,0.18730798363685608,13680000,0.0,0.0
1982-08-02 00:00:00-04:00,0.1902117282152176,0.19166363684113513,0.1902117282152176,0.1902117282152176,14860800,0.0,0.0
1982-08-03 00:00:00-04:00,0.18585544554831293,0.18585544554831293,0.18440355360507965,0.18440355360507965,23011200,0.0,0.0
1982-08-04 00:00:00-04:00,0.18440355360507965,0.18585544554831293,0.18440355360507965,0.18440355360507965,13574400,0.0,0.0
1982-08-05 00:00:00-04:00,0.18295167310594881,0.18295167310594881,0.18149976432323459,0.18149976432323456,23683200,0.0,0.0
1982-08-06 00:00:00-04:00,0.1742396492810806,0.1742396492810806,0.17278774082660675,0.17278774082660675,29798400,0.0,0.0
1982-08-09 00:00:00-04:00,0.17133583003630776,0.17133583003630776,0.16988392174243927,0.16988392174243927,29846400,0.0,0.0
1982-08-10 00:00:00-04:00,0.17133578658103943,0.17278767788988403,0.17133578658103943,0.17133578658103943,16051200,0.0,0.0
1982-08-11 00:00:00-04:00,0.1684315629265891,0.1684315629265891,0.16552776098251343,0.16552776098251343,19420800,0.0,0.0
1982-08-12 00:00:00-04:00,0.16117197050270818,0.16117197050270818,0.15971949696540833,0.15971949696540833,23212800,0.0,0.0
1982-08-13 00:00:00-04:00,0.15536375039643976,0.15536375039643976,0.15391185879707336,0.15391185879707336,64905600,0.0,0.0
1982-08-16 00:00:00-04:00,0.15826758742332458,0.15971947921161855,0.15826758742332458,0.15826758742332458,43785600,0.0,0.0
1982-08-17 00:00:00-04:00,0.16697964072227475,0.16843153312905698,0.16697964072227475,0.16697964072227478,55276800,0.0,0.0
1982-08-18 00:00:00-04:00,0.1742396056652069,0.17569151375623732,0.1742396056652069,0.1742396056652069,70963200,0.0,0.0
1982-08-19 00:00:00-04:00,0.17569154500961304,0.17714343674213354,0.17569154500961304,0.17569154500961304,43862400,0.0,0.0
1982-08-20 00:00:00-04:00,0.17859593033790586,0.18004783885204595,0.17859593033790586,0.17859593033790588,27820800,0.0,0.0
1982-08-23 00:00:00-04:00,0.18875975906848907,0.19021165048429425,0.18875975906848907,0.18875975906848907,36019200,0.0,0.0
1982-08-24 00:00:00-04:00,0.19311560690402985,0.19456749937505646,0.19311560690402985,0.19311560690402985,67248000,0.0,0.0
1982-08-25 00:00:00-04:00,0.2018275260925293,0.20327941808103042,0.2018275260925293,0.2018275260925293,50812800,0.0,0.0
1982-08-26 00:00:00-04:00,0.21053947508335116,0.2119913668347784,0.21053947508335116,0.21053947508335114,91881600,0.0,0.0
1982-08-27 00:00:00-04:00,0.20327941808103042,0.20327941808103042,0.2018275260925293,0.2018275260925293,51312000,0.0,0.0
1982-08-30 00:00:00-04:00,0.20618382096290588,0.2076357130971741,0.20618382096290588,0.20618382096290588,20092800,0.0,0.0
1982-08-31 00:00:00-04:00,0.21344387531280518,0.21489578392004563,0.21344387531280518,0.21344387531280518,32947200,0.0,0.0
1982-09-01 00:00:00-04:00,0.2076357130971741,0.2076357130971741,0.20618382096290588,0.20618382096290588,22051200,0.0,0.0
1982-09-02 00:00:00-04:00,0.21779955923557281,0.21925146767427578,0.21779955923557281,0.21779955923557281,43372800,0.0,0.0
1982-09-03 00:00:00-04:00,0.2294154167175293,0.23231979951333562,0.2294154167175293,0.2294154167175293,50745600,0.0,0.0
1982-09-07 00:00:00-04:00,0.21779957312595008,0.21779957312595008,0.21634766459465024,0.21634766459465027,59760000,0.0,0.0
1982-09-08 00:00:00-04:00,0.21634769185349312,0.21634769185349312,0.2148957997560501,0.2148957997560501,38438400,0.0,0.0
1982-09-09 00:00:00-04:00,0.20908766938849202,0.20908766938849202,0.207635760307312,0.207635760307312,27984000,0.0,0.0
1982-09-10 00:00:00-04:00,0.2090875655412674,0.21053947390133015,0.2090875655412674,0.2090875655412674,37670400,0.0,0.0
1982-09-13 00:00:00-04:00,0.20908766938849202,0.20908766938849202,0.207635760307312,0.207635760307312,16425600,0.0,0.0
1982-09-14 00:00:00-04:00,0.20618382096290588,0.20618382096290588,0.20618382096290588,0.20618382096290588,51312000,0.0,0.0
1982-09-15 00:00:00-04:00,0.20327941808103042,0.20327941808103042,0.2018275260925293,0.2018275260925293,50236800,0.0,0.0
1982-09-16 00:00:00-04:00,0.20182748012154622,0.20182748012154622,0.20037557184696198,0.20037557184696198,32976000,0.0,0.0
1982-09-17 00:00:00-04:00,0.19747187143631667,0.19747187143631667,0.1960199624300003,0.1960199624300003,42432000,0.0,0.0
1982-09-20 00:00:00-04:00,0.1960199624300003,0.19747187143631667,0.1960199624300003,0.1960199624300003,18057600,0.0,0.0
1982-09-21 00:00:00-04:00,0.20037557184696198,0.20182748012154622,0.20037557184696198,0.20037557184696198,38764800,0.0,0.0
1982-09-22 00:00:00-04:00,0.20037563060989963,0.20037563060989963,0.198923721909523,0.198923721909523,101011200,0.0,0.0
1982-09-23 00:00:00-04:00,0.20037557184696198,0.20182748012154622,0.20037557184696198,0.20037557184696198,40492800,0.0,0.0
1982-09-24 00:00:00-04:00,0.20327945053577423,0.20473192434380613,0.20327945053577423,0.20327945053577423,43526400,0.0,0.0
1982-09-27 00:00:00-04:00,0.20327941808103042,0.20327941808103042,0.2018275260925293,0.2018275260925293,15302400,0.0,0.0
1982-09-28 00:00:00-04:00,0.1989237943869864,0.1989237943869864,0.19747190177440643,0.19747190177440643,18883200,0.0,0.0
1982-09-29 00:00:00-04:00,0.19456749937505646,0.19456749937505646,0.19311560690402985,0.19311560690402985,45129600,0.0,0.0
1982-09-30 00:00:00-04:00,0.19166363684113513,0.19166363684113513,0.1902117282152176,0.1902117282152176,26860800,0.0,0.0
1982-10-01 00:00:00-04:00,0.19166366755962372,0.19311557641824284,0.19166366755962372,0.19166366755962372,29817600,0.0,0.0
1982-10-04 00:00:00-04:00,0.19166366755962372,0.19311557641824284,0.1887598664591779,0.19166366755962372,11760000,0.0,0.0
1982-10-05 00:00:00-04:00,0.19166368705684408,0.19892376382583885,0.19021177805052775,0.1960199624300003,12096000,0.0,0.0
1982-10-06 00:00:00-04:00,0.19601988440959597,0.20473186671733853,0.19601988440959597,0.20473186671733856,27129600,0.0,0.0
1982-10-07 00:00:00-04:00,0.20473185822728154,0.2119913668347784,0.20327938488831437,0.21053947508335114,52598400,0.0,0.0
1982-10-08 00:00:00-04:00,0.21053950439982386,0.21199139635341913,0.20763568725905499,0.20981355011463165,75052800,0.0,0.0
1982-10-11 00:00:00-04:00,0.2098135237590548,0.21344384308303843,0.2061837694058319,0.21199136972427368,37536000,0.0,0.0
1982-10-12 00:00:00-04:00,0.2119914017347187,0.21634767591049647,0.21053950974426786,0.21344387531280518,47203200,0.0,0.0
1982-10-13 00:00:00-04:00,0.2134439821684872,0.22070349560541389,0.2134439821684872,0.2192516028881073,25968000,0.0,0.0
1982-10-14 00:00:00-04:00,0.21925149312497733,0.22070338511542817,0.2119914017347187,0.21344387531280518,35596800,0.0,0.0
1982-10-15 00:00:00-04:00,0.21344387531280518,0.21489578392004563,0.21053950974426786,0.21344387531280518,25276800,0.0,0.0
1982-10-18 00:00:00-04:00,0.21344388018440236,0.2192514981291263,0.21344388018440236,0.21852554380893707,15561600,0.0,0.0
1982-10-19 00:00:00-04:00,0.2185255134549243,0.22070335949619108,0.21489575897495455,0.21779955923557281,32390400,0.0,0.0
1982-10-20 00:00:00-04:00,0.21779951899103528,0.22070331871509552,0.21271729204066533,0.22070331871509552,28348800,0.0,0.0
1982-10-21 00:00:00-04:00,0.22070342860695183,0.22651161253452304,0.21925153633039304,0.226511612534523,41251200,0.0,0.0
1982-10-22 00:00:00-04:00,0.2265115971515204,0.24103176519047015,0.22360779617881474,0.23957985639572144,35923200,0.0,0.0
1982-10-25 00:00:00-04:00,0.23957987266622421,0.23957987266622421,0.22505970364117137,0.226511612534523,51302400,0.0,0.0
1982-10-26 00:00:00-04:00,0.22651161253452304,0.22796352142787468,0.2163477185436897,0.226511612534523,18480000,0.0,0.0
1982-10-27 00:00:00-04:00,0.2265116155094809,0.23231979951333562,0.2265116155094809,0.2294154167175293,17001600,0.0,0.0
1982-10-28 00:00:00-04:00,0.22941542590125888,0.23086789984278844,0.2221559142821358,0.22360782325267792,16281600,0.0,0.0
1982-10-29 00:00:00-04:00,0.22360780144024664,0.22360780144024664,0.2105395418885529,0.21562175452709198,20668800,0.0,0.0
1982-11-01 00:00:00-05:00,0.21562171032900035,0.21634766459465024,0.21199139064672298,0.21634766459465027,37324800,0.0,0.0
1982-11-02 00:00:00-05:00,0.21634765079686985,0.2221558329056745,0.2134438505362516,0.21779955923557281,21244800,0.0,0.0
1982-11-03 00:00:00-05:00,0.21779953766064372,0.23522350067349523,0.21779953766064372,0.23377159237861633,27686400,0.0,0.0
1982-11-04 00:00:00-05:00,0.233771688738653,0.23957987266622421,0.22651161253452304,0.226511612534523,38630400,0.0,0.0
1982-11-05 00:00:00-05:00,0.2279635851555932,0.23231986140761926,0.2279635851555932,0.23086795210838318,34128000,0.0,0.0
1982-11-08 00:00:00-05:00,0.23086777536467573,0.2323196835523854,0.2192514297719873,0.22215579450130463,22080000,0.0,0.0
1982-11-09 00:00:00-05:00,0.22215589356146145,0.23377167936299006,0.21925152753707627,0.23231978714466095,32380800,0.0,0.0
1982-11-10 00:00:00-05:00,0.23231978714466095,0.23957986305761786,0.23231978714466095,0.23231978714466095,18182400,0.0,0.0
1982-11-11 00:00:00-05:00,0.2323197007005235,0.23377159237861636,0.22796342746194836,0.23377159237861633,20803200,0.0,0.0
1982-11-12 00:00:00-05:00,0.23377159237861636,0.2366754089683741,0.2323197007005235,0.23377159237861633,19161600,0.0,0.0
1982-11-15 00:00:00-05:00,0.2337717011670789,0.2337717011670789,0.22360782325267792,0.22360782325267792,12585600,0.0,0.0
1982-11-16 00:00:00-05:00,0.22360770268901428,0.22360770268901428,0.20836158662705173,0.22215579450130463,28022400,0.0,0.0
1982-11-17 00:00:00-05:00,0.22215587506452536,0.22796349330466986,0.21199141735669474,0.2148957997560501,37526400,0.0,0.0
1982-11-18 00:00:00-05:00,0.21344384308303843,0.21344384308303843,0.20763566117704882,0.21199136972427368,69801600,0.0,0.0
1982-11-19 00:00:00-05:00,0.21199137562588108,0.2134438490250811,0.20182750150650255,0.20473186671733856,43296000,0.0,0.0
1982-11-22 00:00:00-05:00,0.20473188358345185,0.2076356840627307,0.1945674270391464,0.19456742703914642,48393600,0.0,0.0
1982-11-23 00:00:00-05:00,0.1945674270391464,0.1974718091060372,0.19021171801183365,0.19456742703914642,56361600,0.0,0.0
1982-11-24 00:00:00-05:00,0.1945674474543014,0.198923721909523,0.19311555537071542,0.198923721909523,30566400,0.0,0.0
1982-11-26 00:00:00-05:00,0.19892377408279152,0.207635760307312,0.1981978195422015,0.207635760307312,19574400,0.0,0.0
1982-11-29 00:00:00-05:00,0.207635760307312,0.21053957846967203,0.20618386784292703,0.207635760307312,43430400,0.0,0.0
1982-11-30 00:00:00-05:00,0.20908754072090657,0.22360770268901428,0.20908754072090657,0.22215579450130463,47865600,0.0,0.0
1982-12-01 00:00:00-05:00,0.22215579450130463,0.2279634106353584,0.22215579450130463,0.22215579450130463,24585600,0.0,0.0
1982-12-02 00:00:00-05:00,0.22215579450130463,0.22360770268901428,0.22215579450130463,0.22215579450130463,14880000,0.0,0.0
1982-12-03 00:00:00-05:00,0.2221559024712609,0.22796352142787468,0.2221559024712609,0.226511612534523,19564800,0.0,0.0
1982-12-06 00:00:00-05:00,0.22651160345003318,0.23377167936299006,0.22360780239658276,0.23231978714466095,29856000,0.0,0.0
1982-12-07 00:00:00-05:00,0.23231986140761926,0.23812746537096857,0.22868953980521123,0.23086795210838318,49094400,0.0,0.0
1982-12-08 00:00:00-05:00,0.23086788756874255,0.23231979646209422,0.22651161253452304,0.226511612534523,35894400,0.0,0.0
1982-12-09 00:00:00-05:00,0.22651152933637303,0.22651152933637303,0.2090875655412674,0.2090875655412674,61891200,0.0,0.0
1982-12-10 00:00:00-05:00,0.20908760085624897,0.21053950946153968,0.2003756174872386,0.2018275260925293,40838400,0.0,0.0
1982-12-13 00:00:00-05:00,0.2018275606049594,0.2076357277565826,0.20037565175139288,0.2054578810930252,18268800,0.0,0.0
1982-12-14 00:00:00-05:00,0.2054578209315503,0.21199137562588108,0.20473186671733853,0.20473186671733856,46723200,0.0,0.0
1982-12-15 00:00:00-05:00,0.20473189165716643,0.20763569225095826,0.2018275260925293,0.2018275260925293,27993600,0.0,0.0
1982-12-16 00:00:00-05:00,0.20182759224515154,0.211991470934057,0.19892377408279152,0.207635760307312,31075200,0.0,0.0
1982-12-17 00:00:00-05:00,0.20908759020091205,0.21779957312595008,0.20908759020091205,0.21634766459465027,25804800,0.0,0.0
1982-12-20 00:00:00-05:00,0.21634766459465024,0.22360775560517715,0.21489577268013915,0.21634766459465027,26035200,0.0,0.0
1982-12-21 00:00:00-05:00,0.21634764324225933,0.21779955163026332,0.2090875695650528,0.21199136972427368,50649600,0.0,0.0
1982-12-22 00:00:00-05:00,0.2177996302975778,0.23086789060091487,0.2177996302975778,0.2294154167175293,71750400,0.0,0.0
1982-12-23 00:00:00-05:00,0.22941547783803176,0.23667557268853,0.22651167585635712,0.23086795210838318,73689600,0.0,0.0
1982-12-27 00:00:00-05:00,0.23086784295271207,0.23086784295271207,0.22796347737312317,0.22796347737312317,39062400,0.0,0.0
1982-12-28 00:00:00-05:00,0.2279634106353584,0.22941530220628328,0.22215579450130463,0.22215579450130463,44841600,0.0,0.0
1982-12-29 00:00:00-05:00,0.22215579450130463,0.22360770268901428,0.21779952158427768,0.22215579450130463,20227200,0.0,0.0
1982-12-30 00:00:00-05:00,0.2221559142821358,0.22505971560642626,0.21925154798685786,0.22360782325267792,27964800,0.0,0.0
1982-12-31 00:00:00-05:00,0.22360772188987546,0.2250596135854721,0.22215581357749264,0.2250596135854721,8937600,0.0,0.0
1983-01-03 00:00:00-05:00,0.22505964751968827,0.22651155605098808,0.21634766459465024,0.21634766459465027,24547200,0.0,0.0
1983-01-04 00:00:00-05:00,0.21634761339656802,0.22215579450130463,0.21489572182564318,0.22215579450130463,37699200,0.0,0.0
1983-01-05 00:00:00-05:00,0.22215579185619405,0.22360770002661645,0.2192514271614577,0.22070331871509552,33014400,0.0,0.0
1983-01-06 00:00:00-05:00,0.22070333763361547,0.23522350067349523,0.22070333763361547,0.23377159237861633,24192000,0.0,0.0
1983-01-07 00:00:00-05:00,0.23377159237861636,0.23522350067349523,0.23086779240564462,0.23377159237861633,48796800,0.0,0.0
1983-01-10 00:00:00-05:00,0.23377167936299006,0.23522358819811137,0.2294154045034836,0.23231978714466095,23222400,0.0,0.0
1983-01-11 00:00:00-05:00,0.23231977551837438,0.23522357642650604,0.23231977551837438,0.23522357642650604,27417600,0.0,0.0
1983-01-12 00:00:00-05:00,0.23522356212846482,0.24974372896191185,0.2294153790775535,0.24829182028770447,57820800,0.0,0.0
1983-01-13 00:00:00-05:00,0.2482918690380381,0.2540994882583618,0.2468393951077757,0.2540994882583618,62294400,0.0,0.0
1983-01-14 00:00:00-05:00,0.25409942970248844,0.2707974423610235,0.2526475210777938,0.26716768741607666,59366400,0.0,0.0
1983-01-17 00:00:00-05:00,0.2671675862905212,0.27007138582400403,0.2671675862905212,0.26861947774887085,28502400,0.0,0.0
1983-01-18 00:00:00-05:00,0.2686195794239815,0.27007148804867614,0.2628114131879296,0.26716768741607666,39091200,0.0,0.0
1983-01-19 00:00:00-05:00,0.26716780649022276,0.2686196991452223,0.2642634229755245,0.26644185185432434,33033600,0.0,0.0
1983-01-20 00:00:00-05:00,0.26644177116476375,0.2671677255808132,0.25990763306617737,0.25990763306617737,33724800,0.0,0.0
1983-01-21 00:00:00-05:00,0.25990764647368836,0.26135955538068495,0.24248367611497607,0.24393558502197266,29952000,0.0,0.0
1983-01-24 00:00:00-05:00,0.24393554618387842,0.24393554618387842,0.23086785298089274,0.2366754710674286,28550400,0.0,0.0
1983-01-25 00:00:00-05:00,0.23667546449702886,0.24393553941193014,0.23522355586150404,0.24248363077640533,19257600,0.0,0.0
1983-01-26 00:00:00-05:00,0.2424836573684271,0.2424836573684271,0.23812738263005373,0.23957985639572144,20947200,0.0,0.0
1983-01-27 00:00:00-05:00,0.23957971872364817,0.24829169822322456,0.23957971872364817,0.2468392252922058,30268800,0.0,0.0
1983-01-28 00:00:00-05:00,0.24683934664262497,0.25264752969353627,0.24683934664262497,0.24829182028770447,22560000,0.0,0.0
1983-01-31 00:00:00-05:00,0.24829182115053533,0.25119562189225064,0.24683934750040837,0.2497437298297882,14428800,0.0,0.0
1983-02-01 00:00:00-05:00,0.24974363012226233,0.2555512292870699,0.24683924895242623,0.25264742970466614,96422400,0.0,0.0
1983-02-02 00:00:00-05:00,0.25264742970466614,0.25700370235731224,0.24974363012226233,0.25264742970466614,13152000,0.0,0.0
1983-02-03 00:00:00-05:00,0.25264739005746956,0.2584555698982492,0.24974359093075024,0.25555118918418884,18662400,0.0,0.0
1983-02-04 00:00:00-05:00,0.2555513217103933,0.26716768741607666,0.2555513217103933,0.26716768741607666,24403200,0.0,0.0
1983-02-07 00:00:00-05:00,0.2657158167487143,0.2657158167487143,0.25700383201877175,0.25990763306617737,13603200,0.0,0.0
1983-02-08 00:00:00-05:00,0.2599075557025882,0.26135946410251476,0.25555128214883027,0.25845566391944885,40732800,0.0,0.0
1983-02-09 00:00:00-05:00,0.2584557227122125,0.2584557227122125,0.24974373859368493,0.2570038139820099,16099200,0.0,0.0
1983-02-10 00:00:00-05:00,0.25700374597611475,0.26571572778936026,0.25700374597611475,0.2628113627433777,11395200,0.0,0.0
1983-02-11 00:00:00-05:00,0.2628114322860293,0.2642633243994409,0.2570038139820099,0.2570038139820099,6585600,0.0,0.0
1983-02-14 00:00:00-05:00,0.25700377410562586,0.26281139150854266,0.25700377410562586,0.26135948300361633,7324800,0.0,0.0
1983-02-15 00:00:00-05:00,0.2613594543973653,0.26571572778936026,0.2613594543973653,0.2628113627433777,35433600,0.0,0.0
1983-02-16 00:00:00-05:00,0.26281137250244135,0.2642632642855807,0.25845566391944885,0.25845566391944885,17894400,0.0,0.0
1983-02-17 00:00:00-05:00,0.2584557227122125,0.2599076148256241,0.25555134028091336,0.2570038139820099,31065600,0.0,0.0
1983-02-18 00:00:00-05:00,0.25700374597611475,0.2628113627433777,0.25555127265935795,0.2628113627433777,60873600,0.0,0.0
1983-02-22 00:00:00-05:00,0.2628114507303751,0.2642633429456818,0.25845574085087064,0.25990763306617737,12163200,0.0,0.0
1983-02-23 00:00:00-05:00,0.2599075460513529,0.2628113627433777,0.25845565432212714,0.2628113627433777,33033600,0.0,0.0
1983-02-24 00:00:00-05:00,0.2628114131879296,0.2686195794239815,0.261359504563235,0.26716768741607666,22809600,0.0,0.0
1983-02-25 00:00:00-05:00,0.26716769436581905,0.2758796780778821,0.26716769436581905,0.27297529578208923,24163200,0.0,0.0
1983-02-28 00:00:00-05:00,0.2729753374539904,0.2744278113090525,0.2686196274184582,0.27007153630256653,15100800,0.0,0.0
1983-03-01 00:00:00-05:00,0.2700715174071017,0.2700715174071017,0.2657158076763153,0.2657158076763153,25104000,0.0,0.0
1983-03-02 00:00:00-05:00,0.2657157568724131,0.26861955726547726,0.25990757449869006,0.26135948300361633,24585600,0.0,0.0
1983-03-03 00:00:00-05:00,0.26135954189827626,0.2628114507303751,0.25845574085087064,0.25990763306617737,19459200,0.0,0.0
1983-03-04 00:00:00-05:00,0.2599075929549832,0.261359501563011,0.2468393353914095,0.25119560956954956,25651200,0.0,0.0
1983-03-07 00:00:00-05:00,0.25119560956954956,0.25555131877684323,0.2468393353914095,0.25119560956954956,34540800,0.0,0.0
1983-03-08 00:00:00-05:00,0.2511957513597184,0.25264766078729217,0.2410318702459335,0.24103187024593353,27312000,0.0,0.0
1983-03-09 00:00:00-05:00,0.24103173419287768,0.25119560956954956,0.23957982558484994,0.25119560956954956,31065600,0.0,0.0
1983-03-10 00:00:00-05:00,0.25119562189225064,0.2548253935903828,0.24611340977757235,0.2497437298297882,20265600,0.0,0.0
1983-03-11 00:00:00-05:00,0.24974377799731742,0.2540994882583618,0.2482918690380381,0.2540994882583618,18230400,0.0,0.0
1983-03-14 00:00:00-05:00,0.2540994660004326,0.2628114507303751,0.2526475571683337,0.25990763306617737,29472000,0.0,0.0
1983-03-15 00:00:00-05:00,0.25990759593854035,0.26716768741607666,0.25990759593854035,0.26716768741607666,26476800,0.0,0.0
1983-03-16 00:00:00-05:00,0.2671676964617428,0.2795094353099929,0.2671676964617428,0.27442777156829834,57360000,0.0,0.0
1983-03-17 00:00:00-05:00,0.2744277818529614,0.2744277818529614,0.2700715073140622,0.2715234160423279,17376000,0.0,0.0
1983-03-18 00:00:00-05:00,0.2715234160423279,0.27297530815380255,0.26861959858579654,0.2715234160423279,18585600,0.0,0.0
1983-03-21 00:00:00-05:00,0.2700713942268048,0.2700713942268048,0.26426321339170517,0.2649891674518585,17616000,0.0,0.0
1983-03-22 00:00:00-05:00,0.26498927841103015,0.2758796905812271,0.26426332404689734,0.2715234160423279,30268800,0.0,0.0
1983-03-23 00:00:00-05:00,0.27152334805757367,0.2773315132536834,0.2686195313281079,0.2758796215057373,13334400,0.0,0.0
1983-03-24 00:00:00-05:00,0.2758795910345571,0.2773314826221403,0.27152331806754826,0.27515363693237305,17155200,0.0,0.0
1983-03-25 00:00:00-05:00,0.27515363693237305,0.2773314826221403,0.2744276828301889,0.27515363693237305,8409600,0.0,0.0
1983-03-28 00:00:00-05:00,0.2751537362170942,0.27733158269270175,0.2715234160423279,0.2715234160423279,8169600,0.0,0.0
1983-03-29 00:00:00-05:00,0.2715234037364168,0.2744277694154194,0.2715234037364168,0.27297529578208923,11299200,0.0,0.0
1983-03-30 00:00:00-05:00,0.2729752573201503,0.2787834395057113,0.271523365479048,0.27733153104782104,13574400,0.0,0.0
1983-03-31 00:00:00-05:00,0.27878344166286384,0.28604351574570364,0.27878344166286384,0.2802353501319885,16867200,0.0,0.0
1983-04-04 00:00:00-05:00,0.2802354001492331,0.2802354001492331,0.2700715073140622,0.2715234160423279,18336000,0.0,0.0
1983-04-05 00:00:00-05:00,0.27152336285885287,0.2744277281006063,0.2642632722854614,0.2642632722854614,16358400,0.0,0.0
1983-04-06 00:00:00-05:00,0.2642633660939193,0.2657158400241817,0.2526475792990825,0.2540994882583618,21897600,0.0,0.0
1983-04-07 00:00:00-05:00,0.25409929792921976,0.2584555698982492,0.25409929792921976,0.25555118918418884,30355200,0.0,0.0
1983-04-08 00:00:00-05:00,0.25555138060084753,0.25845576349038923,0.2511956703398031,0.2540994882583618,13900800,0.0,0.0
1983-04-11 00:00:00-05:00,0.25409942970248844,0.26716768741607666,0.2526475210777938,0.26716768741607666,25315200,0.0,0.0
1983-04-12 00:00:00-05:00,0.2671676964617428,0.27442777156829834,0.2671676964617428,0.27442777156829834,22185600,0.0,0.0
1983-04-13 00:00:00-05:00,0.27442773074882854,0.2787834395057113,0.2729752573201503,0.27733153104782104,27177600,0.0,0.0
1983-04-14 00:00:00-05:00,0.2773316222745757,0.2831397897539144,0.27442782102039326,0.28168734908103943,31689600,0.0,0.0
1983-04-15 00:00:00-05:00,0.28168734908103943,0.2860436076248902,0.28096139461329545,0.28168734908103943,10531200,0.0,0.0
1983-04-18 00:00:00-05:00,0.2816872564214917,0.28459160507448433,0.2758796392067187,0.27733153104782104,13392000,0.0,0.0
1983-04-19 00:00:00-05:00,0.27733158269270175,0.27733158269270175,0.2700715073140622,0.2715234160423279,8572800,0.0,0.0
1983-04-20 00:00:00-05:00,0.2715234037364168,0.2737012501133205,0.2700714950739541,0.27297529578208923,13680000,0.0,0.0
1983-04-21 00:00:00-05:00,0.27297529578208923,0.2773315701235545,0.2715234037364168,0.27297529578208923,29433600,0.0,0.0
1983-04-22 00:00:00-05:00,0.27297531835536215,0.27442779210880247,0.264263333922875,0.2657158076763153,9792000,0.0,0.0
1983-04-25 00:00:00-04:00,0.26571574570012324,0.2664416999220629,0.2628113804583698,0.2642632722854614,31334400,0.0,0.0
1983-04-26 00:00:00-04:00,0.26426327483559686,0.27733153104782104,0.2628113829944945,0.27733153104782104,16070400,0.0,0.0
1983-04-27 00:00:00-04:00,0.27733153104782104,0.2816872564214917,0.27733153104782104,0.27733153104782104,35001600,0.0,0.0
1983-04-28 00:00:00-04:00,0.2773316222745757,0.2831397897539144,0.2773316222745757,0.28168734908103943,13036800,0.0,0.0
1983-04-29 00:00:00-04:00,0.28168732686754083,0.2889474027098472,0.28168732686754083,0.287495493888855,12480000,0.0,0.0
1983-05-02 00:00:00-04:00,0.2874955165603781,0.2903993344313539,0.2802354401455515,0.28168734908103943,50073600,0.0,0.0
1983-05-03 00:00:00-04:00,0.28168735436480685,0.2845917040276483,0.27878353643936254,0.28313979506492615,14131200,0.0,0.0
1983-05-04 00:00:00-04:00,0.28313980352130375,0.29620751631348635,0.28168736277780526,0.2933036983013153,33216000,0.0,0.0
1983-05-05 00:00:00-04:00,0.29330359228307706,0.3063713003517738,0.29330359228307706,0.30491939187049866,17347200,0.0,0.0
1983-05-06 00:00:00-04:00,0.3049194417827088,0.326699667778699,0.303467533063771,0.3237953186035156,53625600,0.0,0.0
1983-05-09 00:00:00-04:00,0.3237954434389251,0.3296036122912532,0.3201656702421655,0.32887765765190125,25545600,0.0,0.0
1983-05-10 00:00:00-04:00,0.32887748144122736,0.33541160143196325,0.3281515271908376,0.33250725269317627,33139200,0.0,0.0
1983-05-11 00:00:00-04:00,0.33105545372963363,0.33105545372963363,0.31798774116163947,0.3208915591239929,47520000,0.0,0.0
1983-05-12 00:00:00-04:00,0.3208915216961966,0.3208915216961966,0.3136314458997021,0.3150833547115326,25862400,0.0,0.0
1983-05-13 00:00:00-04:00,0.3150835084708026,0.31943976876947056,0.3143575537106248,0.317987859249115,30259200,0.0,0.0
1983-05-16 00:00:00-04:00,0.3179875508008512,0.3179875508008512,0.3092755703917469,0.3121793866157532,18595200,0.0,0.0
1983-05-17 00:00:00-04:00,0.3121793866157532,0.31508320283975944,0.31072747850375004,0.3121793866157532,10531200,0.0,0.0
1983-05-18 00:00:00-04:00,0.3136314458997021,0.31943961288436606,0.3136314458997021,0.3150833547115326,13728000,0.0,0.0
1983-05-19 00:00:00-04:00,0.3150835084708026,0.31943976876947056,0.3150835084708026,0.317987859249115,22243200,0.0,0.0
1983-05-20 00:00:00-04:00,0.31798775044778776,0.3339592814445495,0.31653530968679183,0.33395928144454956,29836800,0.0,0.0
1983-05-23 00:00:00-04:00,0.33395922804569744,0.3383154861572969,0.3281515928800106,0.33686357736587524,14256000,0.0,0.0
1983-05-24 00:00:00-04:00,0.33686343977734673,0.34412351250648493,0.33686343977734673,0.344123512506485,18835200,0.0,0.0
1983-05-25 00:00:00-04:00,0.34412357319873965,0.34702739010768735,0.341219224552581,0.3455754816532135,22723200,0.0,0.0
1983-05-26 00:00:00-04:00,0.34557538455034487,0.34702729259684856,0.3412191286737722,0.3426710367202759,14659200,0.0,0.0
1983-05-27 00:00:00-04:00,0.34267112387463455,0.34267112387463455,0.33831539862729604,0.33976730704307556,11702400,0.0,0.0
1983-05-31 00:00:00-04:00,0.3397673269343019,0.3412192354350814,0.32960343569161715,0.33250725269317627,12124800,0.0,0.0
1983-06-01 00:00:00-04:00,0.3310552431007415,0.3310552431007415,0.32234326301914307,0.3252470791339874,22684800,0.0,0.0
1983-06-02 00:00:00-04:00,0.3252469962863877,0.3296032510860853,0.3237950885987985,0.326699435710907,8409600,0.0,0.0
1983-06-03 00:00:00-04:00,0.32669967570532343,0.32960349321365356,0.3252472352138377,0.32960349321365356,14582400,0.0,0.0
1983-06-06 00:00:00-04:00,0.3296034716475197,0.3354116380214691,0.3266996543291879,0.3354116380214691,18336000,0.0,0.0
1983-06-07 00:00:00-04:00,0.33541166857445354,0.3397673949487186,0.33395922804569744,0.33686357736587524,20899200,0.0,0.0
1983-06-08 00:00:00-04:00,0.33686363122912205,0.33831554025269867,0.33250737242097295,0.33395928144454956,9907200,0.0,0.0
1983-06-09 00:00:00-04:00,0.33250743124546334,0.33250743124546334,0.3194397159840216,0.33105552196502686,24240000,0.0,0.0
1983-06-10 00:00:00-04:00,0.3310552809087536,0.3310552809087536,0.32524711627868075,0.3281514644622803,10675200,0.0,0.0
1983-06-13 00:00:00-04:00,0.32815142451817725,0.3441234765038412,0.32669951647167356,0.3426710367202759,17990400,0.0,0.0
1983-06-14 00:00:00-04:00,0.3426710472292143,0.3484792113304138,0.3426710472292143,0.3484792113304138,14928000,0.0,0.0
1983-06-15 00:00:00-04:00,0.3484792721327842,0.34993118047714233,0.3455754554440678,0.34993118047714233,17443200,0.0,0.0
1983-06-16 00:00:00-04:00,0.3499312955236155,0.3746153407045587,0.3499312955236155,0.3731634318828583,15676800,0.0,0.0
1983-06-17 00:00:00-04:00,0.37316322172854727,0.37461512973257677,0.3688069659794129,0.3717113137245178,16896000,0.0,0.0
1983-06-20 00:00:00-04:00,0.3717114852294778,0.3746153025773368,0.36445141012253895,0.36735522747039795,18950400,0.0,0.0
1983-06-21 00:00:00-04:00,0.3673551676418541,0.3876834809780121,0.3673551676418541,0.3876834809780121,44688000,0.0,0.0
1983-06-22 00:00:00-04:00,0.38768362070222384,0.44285935163497925,0.3862311800040807,0.44285935163497925,73248000,0.0,0.0
1983-06-23 00:00:00-04:00,0.4428592206456383,0.45302311210197616,0.42833907185816195,0.43269532918930054,77942400,0.0,0.0
1983-06-24 00:00:00-04:00,0.4326953291893005,0.4341472377206003,0.4210789974644238,0.43269532918930054,29923200,0.0,0.0
1983-06-27 00:00:00-04:00,0.4326953171258829,0.4326953171258829,0.419627077234045,0.4225314259529114,24950400,0.0,0.0
1983-06-28 00:00:00-04:00,0.4225316461331167,0.4261614192516352,0.40220332145690924,0.4022033214569092,16761600,0.0,0.0
1983-06-29 00:00:00-04:00,0.4022030779055601,0.42253139027209574,0.4022030779055601,0.42107895016670227,46848000,0.0,0.0
1983-06-30 00:00:00-04:00,0.4210789974644238,0.4341472377206003,0.41962708893312395,0.43269532918930054,30115200,0.0,0.0
1983-07-01 00:00:00-04:00,0.4355991274692877,0.45592690950544906,0.4355991274692877,0.44140729308128357,22804800,0.0,2.0
1983-07-05 00:00:00-04:00,0.43850298299935553,0.43850298299935553,0.4181751991741445,0.4239833652973175,16564800,0.0,0.0
1983-07-06 00:00:00-04:00,0.4239833192243168,0.4457630092792715,0.4210789706097057,0.43559911847114563,26308800,0.0,0.0
1983-07-07 00:00:00-04:00,0.4355993871080056,0.4501195439241168,0.4326955684397966,0.4385032057762146,29016000,0.0,0.0
1983-07-08 00:00:00-04:00,0.4385032057762146,0.44721519351837474,0.4385032057762146,0.4385032057762146,18456000,0.0,0.0
1983-07-11 00:00:00-04:00,0.43850316508258225,0.4602833982855166,0.43850316508258225,0.4588314890861511,39552000,0.0,0.0
1983-07-12 00:00:00-04:00,0.4588313037090456,0.471899012961201,0.4472149713323864,0.45592695474624634,55180800,0.0,0.0
1983-07-13 00:00:00-04:00,0.45302312514361215,0.45302312514361215,0.4355991587919348,0.44431114196777344,42134400,0.0,0.0
1983-07-14 00:00:00-04:00,0.4443111510909334,0.447214968296753,0.42398336717566537,0.426887184381485,36350400,0.0,0.0
1983-07-15 00:00:00-04:00,0.4268871824902725,0.43414725720992303,0.416723290577667,0.4239833652973175,18691200,0.0,0.0
1983-07-18 00:00:00-04:00,0.4239832962599622,0.4239832962599622,0.409463149184982,0.4181751310825348,19406400,0.0,0.0
1983-07-19 00:00:00-04:00,0.4181752898449418,0.4326954424325728,0.4181752898449418,0.42979109287261963,24969600,0.0,0.0
1983-07-20 00:00:00-04:00,0.42979100450466656,0.4617351209345759,0.42979100450466656,0.45592695474624634,29649600,0.0,0.0
1983-07-21 00:00:00-04:00,0.4588313966918836,0.49658315522330143,0.4588313966918836,0.4878711700439453,40382400,0.0,0.0
1983-07-22 00:00:00-04:00,0.48787076487973746,0.4936789274215698,0.47915878693545644,0.4936789274215698,17827200,0.0,0.0
1983-07-25 00:00:00-04:00,0.49367931194252707,0.5749909921762077,0.476255342482642,0.5198152661323547,29644800,0.0,0.0
1983-07-26 00:00:00-04:00,0.5198150921027058,0.5314308906079761,0.5111031102894603,0.5256227254867554,29611200,0.0,0.0
1983-07-27 00:00:00-04:00,0.5256228022618699,0.5270752425572042,0.49077486991882324,0.49077486991882324,45120000,0.0,0.0
1983-07-28 00:00:00-04:00,0.4907746789094812,0.4936790266325298,0.46173492383828835,0.46463873982429504,50328000,0.0,0.0
1983-07-29 00:00:00-04:00,0.46463883643032244,0.47625516626365844,0.4530230383341389,0.46754318475723267,107894400,0.0,0.0
1983-08-01 00:00:00-04:00,0.4675430875473437,0.48206269921441913,0.46463873982429504,0.46463873982429504,31627200,0.0,0.0
1983-08-02 00:00:00-04:00,0.46463893816010626,0.4733509215739662,0.453023137520716,0.45592695474624634,21120000,0.0,0.0
1983-08-03 00:00:00-04:00,0.45592697455029446,0.47335094213485723,0.4472149907580131,0.4733509421348572,35716800,0.0,0.0
1983-08-04 00:00:00-04:00,0.4733510130507127,0.4733510130507127,0.45011940728234273,0.453023225069046,22555200,0.0,0.0
1983-08-05 00:00:00-04:00,0.4530232250690461,0.45592704285574936,0.44721505775826775,0.453023225069046,10876800,0.0,0.0
1983-08-08 00:00:00-04:00,0.45302306121613023,0.45302306121613023,0.4152713166938458,0.42107895016670227,18412800,0.0,0.0
1983-08-09 00:00:00-04:00,0.4210790394717942,0.4501193399438435,0.4210790394717942,0.4472149908542633,30220800,0.0,0.0
1983-08-10 00:00:00-04:00,0.4472149908542633,0.4559269746484197,0.4414073561496872,0.4472149908542633,20044800,0.0,0.0
1983-08-11 00:00:00-04:00,0.4472149908542633,0.4501193399438435,0.438503007060107,0.4472149908542633,13996800,0.0,0.0
1983-08-12 00:00:00-04:00,0.4472148788090196,0.4501192271709442,0.44140724555948824,0.4501192271709442,28876800,0.0,0.0
1983-08-15 00:00:00-04:00,0.4501193202951857,0.4617351209345759,0.4472149713323864,0.45592695474624634,18600000,0.0,0.0
1983-08-16 00:00:00-04:00,0.45592704285574936,0.4588313923798244,0.43414734598073107,0.453023225069046,52243200,0.0,0.0
1983-08-17 00:00:00-04:00,0.4530230437957099,0.4646388420319315,0.4428591538718711,0.4501192271709442,42014400,0.0,0.0
1983-08-18 00:00:00-04:00,0.4501193079974174,0.4501193079974174,0.43850297593812954,0.44431114196777344,14736000,0.0,0.0
1983-08-19 00:00:00-04:00,0.44431111001867346,0.44431111001867346,0.4385029444066776,0.44140729308128357,10617600,0.0,0.0
1983-08-22 00:00:00-04:00,0.4414075561819567,0.45883153166627694,0.4385032057762146,0.4385032057762146,9168000,0.0,0.0
1983-08-23 00:00:00-04:00,0.4385029633144998,0.44431112917693816,0.4297909803894618,0.43269532918930054,22137600,0.0,0.0
1983-08-24 00:00:00-04:00,0.4326954424325728,0.4385030780777226,0.4210791076675167,0.42979109287261963,29678400,0.0,0.0
1983-08-25 00:00:00-04:00,0.42979109287261963,0.4326954424325728,0.4210791076675167,0.42979109287261963,23899200,0.0,0.0
1983-08-26 00:00:00-04:00,0.4297909618572918,0.44140729308128357,0.42688714491990193,0.44140729308128357,42696000,0.0,0.0
1983-08-29 00:00:00-04:00,0.4414073248215787,0.44576305054087084,0.43269534164574003,0.44431114196777344,24480000,0.0,0.0
1983-08-30 00:00:00-04:00,0.44431118068690295,0.4559269820211858,0.4414073632876574,0.4515712559223175,32136000,0.0,0.0
1983-08-31 00:00:00-04:00,0.45157128288387305,0.4820629626083922,0.4501193740975625,0.47625532746315,26409600,0.0,0.0
1983-09-01 00:00:00-04:00,0.476255268982798,0.5081988535712101,0.476255268982798,0.5023912191390991,27235200,0.0,0.0
1983-09-02 00:00:00-04:00,0.5023912907200765,0.5227190776033133,0.49948694135294053,0.5169109106063843,22401600,0.0,0.0
1983-09-06 00:00:00-04:00,0.5169109167308077,0.5372392355922397,0.5140070990666099,0.5198152661323547,31555200,0.0,0.0
1983-09-07 00:00:00-04:00,0.5198152411002809,0.5198152411002809,0.4936792881690487,0.49948692321777344,24196800,0.0,0.0
1983-09-08 00:00:00-04:00,0.49948694135294053,0.5198152599735202,0.48932304791132214,0.5169109106063843,42230400,0.0,0.0
1983-09-09 00:00:00-04:00,0.5169108492024198,0.5227190155093953,0.5081988656105966,0.514007031917572,57249600,0.0,0.0
1983-09-12 00:00:00-04:00,0.5140070020599373,0.5256228022618699,0.48206288683306164,0.49077486991882324,20121600,0.0,0.0
1983-09-13 00:00:00-04:00,0.49077498785793844,0.4994869730372946,0.4791591848645891,0.4878711700439453,16641600,0.0,0.0
1983-09-14 00:00:00-04:00,0.48787116137417885,0.48787116137417885,0.4617352063005621,0.4791591763496399,26131200,0.0,0.0
1983-09-15 00:00:00-04:00,0.4791591763496399,0.4849673436117883,0.4675433735627105,0.4791591763496399,15705600,0.0,0.0
1983-09-16 00:00:00-04:00,0.47915920728625605,0.4849673749234051,0.4689953127242963,0.48206302523612976,16900800,0.0,0.0
1983-09-19 00:00:00-04:00,0.4820626023379051,0.49948655822646715,0.4820626023379051,0.4936789274215698,18652800,0.0,0.0
1983-09-20 00:00:00-04:00,0.49658317310509315,0.5140071440912367,0.49658317310509315,0.5081989765167236,29736000,0.0,0.0
1983-09-21 00:00:00-04:00,0.5081989765167236,0.5140071440912367,0.5023913406796062,0.5081989765167236,38395200,0.0,0.0
1983-09-22 00:00:00-04:00,0.5081989075281842,0.5241709673868244,0.4878711213830004,0.49948692321777344,16008000,0.0,0.0
1983-09-23 00:00:00-04:00,0.4994867417892812,0.4994867417892812,0.48496712770410294,0.49658292531967163,14971200,0.0,0.0
1983-09-26 00:00:00-04:00,0.4965830529697209,0.5023912191390991,0.4907748868003427,0.5023912191390991,29107200,0.0,0.0
1983-09-27 00:00:00-04:00,0.5023912191390991,0.5052950363551546,0.4936792357536654,0.5023912191390991,17016000,0.0,0.0
1983-09-28 00:00:00-04:00,0.5023910432101447,0.5081986756085198,0.493679062875501,0.5052948594093323,19771200,0.0,0.0
1983-09-29 00:00:00-04:00,0.5052950363551546,0.5111032025245328,0.4980349615777487,0.5023912191390991,12782400,0.0,0.0
1983-09-30 00:00:00-04:00,0.5023913136608661,0.5052951314232567,0.4762553585872494,0.4791591763496399,15124800,0.0,0.0
1983-10-03 00:00:00-04:00,0.47915910857547545,0.4849672750160937,0.46754330743153094,0.4733509421348572,24825600,0.0,0.0
1983-10-04 00:00:00-04:00,0.4733509703779351,0.4733509703779351,0.46463898606584225,0.4704471528530121,17880000,0.0,0.0
1983-10-05 00:00:00-04:00,0.47044700134699047,0.4733508179367482,0.4617350198405647,0.46754318475723267,16752000,0.0,0.0
1983-10-06 00:00:00-04:00,0.46754329445195847,0.4849672615528106,0.46754329445195847,0.48496726155281067,19497600,0.0,0.0
1983-10-07 00:00:00-04:00,0.48787105280265236,0.5009392932999193,0.48787105280265236,0.49077486991882324,22843200,0.0,0.0
1983-10-10 00:00:00-04:00,0.49077471493923247,0.506746767508926,0.49077471493923247,0.5052948594093323,13982400,0.0,0.0
1983-10-11 00:00:00-04:00,0.5052950900038218,0.5111032567898701,0.49948692321777344,0.49948692321777344,27436800,0.0,0.0
1983-10-12 00:00:00-04:00,0.49948687964533595,0.49948687964533595,0.47915909527343414,0.48496726155281067,14304000,0.0,0.0
1983-10-13 00:00:00-04:00,0.4849673749234051,0.4965831784603017,0.47915920728625605,0.48206302523612976,13003200,0.0,0.0
1983-10-14 00:00:00-04:00,0.48206292592713856,0.48787109236775683,0.46463895834257585,0.4733509421348572,28718400,0.0,0.0
1983-10-17 00:00:00-04:00,0.4733509703779351,0.4791591371651049,0.467543335328089,0.4704471528530121,21417600,0.0,0.0
1983-10-18 00:00:00-04:00,0.47044709149528957,0.47044709149528957,0.43995541624848133,0.44431114196777344,21312000,0.0,0.0
1983-10-19 00:00:00-04:00,0.4443113748501657,0.4501195439241168,0.4385032057762146,0.4385032057762146,48744000,0.0,0.0
1983-10-20 00:00:00-04:00,0.4385030726607861,0.45592704285574936,0.4385030726607861,0.453023225069046,36393600,0.0,0.0
1983-10-21 00:00:00-04:00,0.45302315729613163,0.4559269746484197,0.4414073561496872,0.4472149908542633,40972800,0.0,0.0
1983-10-24 00:00:00-04:00,0.44721495911396825,0.44721495911396825,0.43850297593812954,0.44431114196777344,25713600,0.0,0.0
1983-10-25 00:00:00-04:00,0.44431133361752817,0.4617353074848822,0.44140751521879706,0.4588314890861511,32116800,0.0,0.0
1983-10-26 00:00:00-04:00,0.4588313237379999,0.461735141090288,0.44431117350197524,0.4472149908542633,21350400,0.0,0.0
1983-10-27 00:00:00-04:00,0.44721505775826775,0.45592704285574936,0.4443112399715644,0.453023225069046,20716800,0.0,0.0
1983-10-28 00:00:00-04:00,0.4530230925680592,0.46463889205483483,0.4385029444066776,0.44140729308128357,28449600,0.0,0.0
1983-10-31 00:00:00-05:00,0.4414075561819567,0.4501195439241168,0.4297912180340545,0.4385032057762146,31104000,0.0,0.0
1983-11-01 00:00:00-05:00,0.4385030780777226,0.4385030780777226,0.4210791076675167,0.42979109287261963,36748800,0.0,0.0
1983-11-02 00:00:00-05:00,0.4297909803894618,0.4385029633144998,0.42688716332686216,0.43269532918930054,28200000,0.0,0.0
1983-11-03 00:00:00-05:00,0.43269535053038954,0.43559916773620916,0.426887184381485,0.426887184381485,28574400,0.0,0.0
1983-11-04 00:00:00-05:00,0.426887184381485,0.4297910015873046,0.4210790182325804,0.426887184381485,22843200,0.0,0.0
1983-11-07 00:00:00-05:00,0.42688731917722744,0.42688731917722744,0.409463346965912,0.41236716508865356,41294400,0.0,0.0
1983-11-08 00:00:00-05:00,0.4123671650886535,0.41527151494882825,0.40655952884317054,0.41236716508865356,19353600,0.0,0.0
1983-11-09 00:00:00-05:00,0.4123669882402828,0.43850293534855156,0.4094631713628769,0.43559911847114563,39710400,0.0,0.0
1983-11-10 00:00:00-05:00,0.44140751521879706,0.4646391258836133,0.44140751521879706,0.4588314890861511,33292800,0.0,0.0
1983-11-11 00:00:00-05:00,0.4588313885381715,0.4849673436117883,0.4588313885381715,0.4791591763496399,18787200,0.0,0.0
1983-11-14 00:00:00-05:00,0.47915920728625605,0.4965831784603017,0.4762553893363823,0.48206302523612976,27614400,0.0,0.0
1983-11-15 00:00:00-05:00,0.48206279944317393,0.4849671477700842,0.4617350198405647,0.46754318475723267,15024000,0.0,0.0
1983-11-16 00:00:00-05:00,0.46754329445195847,0.4893229874593851,0.46754329445195847,0.48496726155281067,10171200,0.0,0.0
1983-11-17 00:00:00-05:00,0.4849669494772888,0.4936789274215698,0.4762549715330078,0.4936789274215698,12028800,0.0,0.0
1983-11-18 00:00:00-05:00,0.4936792451032367,0.49658306237428634,0.47625527800238454,0.48496726155281067,8875200,0.0,0.0
1983-11-21 00:00:00-05:00,0.4849672615528106,0.4936792451032367,0.4820629125444838,0.48496726155281067,7929600,0.0,0.0
1983-11-22 00:00:00-05:00,0.48787094417371246,0.4994867417892812,0.48787094417371246,0.49658292531967163,28968000,0.0,0.0
1983-11-23 00:00:00-05:00,0.49658315522330143,0.49658315522330143,0.4791591848645891,0.4878711700439453,26740800,0.0,0.0
1983-11-25 00:00:00-05:00,0.48787094417371246,0.49658292531967163,0.47915896302775335,0.49658292531967163,10876800,0.0,0.0
1983-11-28 00:00:00-05:00,0.4965831056934111,0.5023912724794595,0.49077493890736273,0.49948692321777344,15220800,0.0,0.0
1983-11-29 00:00:00-05:00,0.49948655822646715,0.5023909053658508,0.48787076487973746,0.4936789274215698,65731200,0.0,0.0
1983-11-30 00:00:00-05:00,0.4936792451032367,0.4936792451032367,0.4820629125444838,0.48496726155281067,18528000,0.0,0.0
1983-12-01 00:00:00-05:00,0.48496735222995213,0.49077498785793844,0.48206300267858226,0.4878711700439453,19358400,0.0,0.0
1983-12-02 00:00:00-05:00,0.48787116137417885,0.48787116137417885,0.4791591763496399,0.4791591763496399,16977600,0.0,0.0
1983-12-05 00:00:00-05:00,0.4791591450357711,0.4820629626083922,0.47625532746314997,0.47625532746315,20616000,0.0,0.0
1983-12-06 00:00:00-05:00,0.47625516626365844,0.4791589828534162,0.4675431847572327,0.46754318475723267,24585600,0.0,0.0
1983-12-07 00:00:00-05:00,0.46754357714965517,0.4849675547858212,0.46754357714965517,0.48061129450798035,21441600,0.0,0.0
1983-12-08 00:00:00-05:00,0.4806111162611929,0.48787119287327885,0.4762553893363823,0.48206302523612976,22084800,0.0,0.0
1983-12-09 00:00:00-05:00,0.4820629125444838,0.4849672615528106,0.47915909527343414,0.48496726155281067,11428800,0.0,0.0
1983-12-12 00:00:00-05:00,0.48496730385863795,0.5023912724794595,0.48496730385863795,0.49948692321777344,20822400,0.0,0.0
1983-12-13 00:00:00-05:00,0.4994868530045849,0.4994868530045849,0.4849672356864814,0.49077486991882324,14592000,0.0,0.0
1983-12-14 00:00:00-05:00,0.48787096435984195,0.48787096435984195,0.46463883643032244,0.46754318475723267,21619200,0.0,0.0
1983-12-15 00:00:00-05:00,0.46754341635947505,0.4704472343876677,0.4588314305374812,0.46173524856567383,17116800,0.0,0.0
1983-12-16 00:00:00-05:00,0.46173514099091273,0.4762552912238123,0.46173514099091273,0.4733509421348572,23289600,0.0,0.0
1983-12-19 00:00:00-05:00,0.4733510174992261,0.49077498785793844,0.4733510174992261,0.4878711700439453,19238400,0.0,0.0
1983-12-20 00:00:00-05:00,0.48787116137417885,0.49077497913656937,0.4762553585872494,0.4791591763496399,12297600,0.0,0.0
1983-12-21 00:00:00-05:00,0.4791591848645891,0.49077498785793844,0.47625536705059596,0.4878711700439453,14438400,0.0,0.0
1983-12-22 00:00:00-05:00,0.48787116137417885,0.4936793286363272,0.4791591763496399,0.4791591763496399,12422400,0.0,0.0
1983-12-23 00:00:00-05:00,0.47915910857547545,0.48206292592713856,0.47335094213485723,0.4733509421348572,2500800,0.0,0.0
1983-12-27 00:00:00-05:00,0.47770729831131914,0.48787119287327885,0.47770729831131914,0.48206302523612976,10195200,0.0,0.0
1983-12-28 00:00:00-05:00,0.48206302523612976,0.4849673749234051,0.4762553893363823,0.48206302523612976,5481600,0.0,0.0
1983-12-29 00:00:00-05:00,0.48206299411203046,0.48206299411203046,0.47335100908749156,0.4791591763496399,15816000,0.0,0.0
1983-12-30 00:00:00-05:00,0.4791591848645891,0.48787117004394526,0.47770727595759255,0.4878711700439453,25622400,0.0,0.0
1984-01-03 00:00:00-05:00,0.4849672750160937,0.4849672750160937,0.47335094213485723,0.4733509421348572,9739200,0.0,0.0
1984-01-04 00:00:00-05:00,0.47335094937152555,0.4820629332969972,0.47335094937152555,0.4777072072029114,11596800,0.0,0.0
1984-01-05 00:00:00-05:00,0.4791591370725896,0.5023912724794595,0.4791591370725896,0.49948692321777344,36633600,0.0,0.0
1984-01-06 00:00:00-05:00,0.4994867417892812,0.5023910899960212,0.4936791088500621,0.49658292531967163,20452800,0.0,0.0
1984-01-09 00:00:00-05:00,0.49658292531967163,0.5052949064656308,0.4936791088500621,0.49658292531967163,13603200,0.0,0.0
1984-01-10 00:00:00-05:00,0.496583035888414,0.5023912018580047,0.48787105280265236,0.49077486991882324,34200000,0.0,0.0
1984-01-11 00:00:00-05:00,0.4907750108231526,0.49367936051042793,0.4762553893363823,0.48206302523612976,15926400,0.0,0.0
1984-01-12 00:00:00-05:00,0.48206299411203046,0.4849673436117883,0.4791591763496399,0.4791591763496399,20856000,0.0,0.0
1984-01-13 00:00:00-05:00,0.47915878693545644,0.4965827428240185,0.4704468089911754,0.4936789274215698,42408000,0.0,0.0
1984-01-16 00:00:00-05:00,0.48206301637486804,0.48206301637486804,0.4704472130514927,0.4718991219997406,22603200,0.0,0.0
1984-01-17 00:00:00-05:00,0.47335100908749156,0.4849673436117883,0.47335100908749156,0.4791591763496399,33220800,0.0,0.0
1984-01-18 00:00:00-05:00,0.47915908776229577,0.47915908776229577,0.453023137520716,0.45592695474624634,20630400,0.0,0.0
1984-01-19 00:00:00-05:00,0.45592708077187266,0.4617352485656739,0.45592708077187266,0.46173524856567383,15643200,0.0,0.0
1984-01-20 00:00:00-05:00,0.46173535033448593,0.4646391690026949,0.4385032057762146,0.4385032057762146,25070400,0.0,0.0
1984-01-23 00:00:00-05:00,0.4385032057762146,0.4414075561819567,0.42688739936584547,0.4385032057762146,36230400,0.0,0.0
1984-01-24 00:00:00-05:00,0.4385029444066776,0.45011927563066934,0.4355991274692877,0.44140729308128357,17452800,0.0,0.0
1984-01-25 00:00:00-05:00,0.44140742763767576,0.45592704848792853,0.42979109287261963,0.42979109287261963,24508800,0.0,0.0
1984-01-26 00:00:00-05:00,0.42979099968322754,0.4414073319295735,0.42107901636709955,0.4239833652973175,63441600,0.0,0.0
1984-01-27 00:00:00-05:00,0.4210789663190186,0.4210789663190186,0.39203920262925174,0.40946316719055176,54124800,0.0,0.0
1984-01-30 00:00:00-05:00,0.4094633525524635,0.415271520614624,0.4036551844903031,0.415271520614624,26366400,0.0,0.0
1984-01-31 00:00:00-05:00,0.4152713838209412,0.4297910015873046,0.41236703487785625,0.426887184381485,59755200,0.0,0.0
1984-02-01 00:00:00-05:00,0.42688731917722744,0.42979113729996893,0.40510761978179977,0.41236716508865356,57936000,0.0,0.0
1984-02-02 00:00:00-05:00,0.4123669682202383,0.4210789501667023,0.40946315148381,0.42107895016670227,29280000,0.0,0.0
1984-02-03 00:00:00-05:00,0.42107892301239347,0.42107892301239347,0.40075114369392395,0.40075114369392395,24796800,0.0,0.0
1984-02-06 00:00:00-05:00,0.4007513681611625,0.4036551863368059,0.3833273956324163,0.3862312138080597,36960000,0.0,0.0
1984-02-07 00:00:00-05:00,0.38623111074143085,0.397847443819046,0.38332729334067756,0.397847443819046,40651200,0.0,0.0
1984-02-08 00:00:00-05:00,0.3978475328405174,0.3978475328405174,0.36590340733528137,0.36590340733528137,34358400,0.0,0.0
1984-02-09 00:00:00-05:00,0.365903299445116,0.37751909995952404,0.36009513331928045,0.376067191362381,75758400,0.0,0.0
1984-02-10 00:00:00-05:00,0.3760670358654707,0.400751067022293,0.37461512786866524,0.3891352713108063,49483200,0.0,0.0
1984-02-13 00:00:00-05:00,0.389135563721146,0.3949432000724328,0.3775192275436866,0.3862312138080597,52132800,0.0,0.0
1984-02-14 00:00:00-05:00,0.3862310909341053,0.40075124066782797,0.36880712394854753,0.3804234564304352,23385600,0.0,0.0
1984-02-15 00:00:00-05:00,0.38042338978008555,0.3891353717465213,0.37171140781364986,0.37751904129981995,38779200,0.0,0.0
1984-02-16 00:00:00-05:00,0.37751915907392686,0.37751915907392686,0.3717115237759572,0.374615341424942,47673600,0.0,0.0
1984-02-17 00:00:00-05:00,0.374615341424942,0.3804235084602582,0.3717115237759572,0.374615341424942,62145600,0.0,0.0
1984-02-21 00:00:00-05:00,0.3746153776630953,0.38332736319014404,0.3746153776630953,0.3789716362953186,26169600,0.0,0.0
1984-02-22 00:00:00-05:00,0.3789716683689512,0.3949432000724328,0.3775192275436866,0.3862312138080597,10468800,0.0,0.0
1984-02-23 00:00:00-05:00,0.38623092358015204,0.3891352713108062,0.3775189438622761,0.3891352713108063,23044800,0.0,0.0
1984-02-24 00:00:00-05:00,0.38913543203280543,0.4268871824902725,0.38913543203280543,0.4239833652973175,41577600,0.0,0.0
1984-02-27 00:00:00-05:00,0.4239833584699013,0.4443111419677735,0.4239833584699013,0.44431114196777344,91483200,0.0,0.0
1984-02-28 00:00:00-05:00,0.44431107677519327,0.44431107677519327,0.41236696590510746,0.4181751310825348,29908800,0.0,0.0
1984-02-29 00:00:00-05:00,0.4181751804018241,0.43559914625190016,0.41381945480792465,0.43269532918930054,27710400,0.0,0.0
1984-03-01 00:00:00-05:00,0.4326954424325728,0.4326954424325728,0.42398345722746983,0.42979109287261963,41342400,0.0,0.0
1984-03-02 00:00:00-05:00,0.4297909803894618,0.4385029633144998,0.4239833462642625,0.43269532918930054,41212800,0.0,0.0
1984-03-05 00:00:00-05:00,0.4326952805867739,0.4326952805867739,0.41817513343027407,0.42107895016670227,17040000,0.0,0.0
1984-03-06 00:00:00-05:00,0.4210789663190186,0.4239833149040351,0.4036550017577185,0.40946316719055176,14131200,0.0,0.0
1984-03-07 00:00:00-05:00,0.4094632451593601,0.4094632451593601,0.3949430946809917,0.397847443819046,20020800,0.0,0.0
1984-03-08 00:00:00-05:00,0.3978474541515315,0.4123670732696876,0.3978474541515315,0.4080113470554352,21816000,0.0,0.0
1984-03-09 00:00:00-05:00,0.4080112587666434,0.4123669840383685,0.4036550017577185,0.40946316719055176,28449600,0.0,0.0
1984-03-12 00:00:00-05:00,0.409463149184982,0.4181751310825348,0.4022030756474919,0.4181751310825348,25680000,0.0,0.0
1984-03-13 00:00:00-05:00,0.4181751991741445,0.4355991658064005,0.41527138198118946,0.4239833652973175,32174400,0.0,0.0
1984-03-14 00:00:00-05:00,0.42107915693934406,0.42107915693934406,0.41236717071482354,0.415271520614624,25900800,0.0,0.0
1984-03-15 00:00:00-05:00,0.41527151494882825,0.4196272421329405,0.4123671650886535,0.41236716508865356,13944000,0.0,0.0
1984-03-16 00:00:00-05:00,0.4239833462642625,0.4414073121143385,0.4239833462642625,0.43269532918930054,47150400,0.0,0.0
1984-03-19 00:00:00-05:00,0.43269534957518857,0.43269534957518857,0.4181752001036139,0.42543527483940125,18336000,0.0,0.0
1984-03-20 00:00:00-05:00,0.42543527483940125,0.42979100063851516,0.4181752001036139,0.42543527483940125,12988800,0.0,0.0
1984-03-21 00:00:00-05:00,0.4254352757785752,0.4297910015873046,0.42398336717566537,0.426887184381485,9729600,0.0,0.0
1984-03-22 00:00:00-05:00,0.42688732500150456,0.4297911431638646,0.415271520614624,0.415271520614624,17256000,0.0,0.0
1984-03-23 00:00:00-05:00,0.4152713166938458,0.4210789501667023,0.4123669682202383,0.42107895016670227,15009600,0.0,0.0
1984-03-26 00:00:00-05:00,0.4210789478026603,0.42688711298008764,0.4167232227224721,0.4181751310825348,24292800,0.0,0.0
1984-03-27 00:00:00-05:00,0.41817533877698404,0.42398350683914454,0.41236717071482354,0.415271520614624,8073600,0.0,0.0
1984-03-28 00:00:00-05:00,0.41527138198118946,0.4239833652973175,0.4123670330509715,0.4239833652973175,14611200,0.0,0.0
1984-03-29 00:00:00-05:00,0.42398336717566537,0.4297910015873046,0.4210790182325804,0.426887184381485,23851200,0.0,0.0
1984-03-30 00:00:00-05:00,0.42688711298008764,0.42688711298008764,0.40655933246485654,0.4181751310825348,11232000,0.0,0.0
1984-04-02 00:00:00-05:00,0.418175106463225,0.418175106463225,0.40075114369392395,0.40075114369392395,14006400,0.0,0.0
1984-04-03 00:00:00-05:00,0.400751304897395,0.4036551226146333,0.38332733511924744,0.38332733511924744,13809600,0.0,0.0
1984-04-04 00:00:00-05:00,0.38332720652317065,0.3891353717465213,0.3746152245567349,0.37751904129981995,22353600,0.0,0.0
1984-04-05 00:00:00-05:00,0.37751921127472177,0.37751921127472177,0.36299958928477627,0.36590340733528137,35040000,0.0,0.0
1984-04-06 00:00:00-05:00,0.3659032900901146,0.3717114560674536,0.3571913069927309,0.3688071072101593,30163200,0.0,0.0
1984-04-09 00:00:00-05:00,0.3688071743896259,0.37751915907392686,0.36590335674064106,0.374615341424942,21892800,0.0,0.0
1984-04-10 00:00:00-05:00,0.3775192275436866,0.389135563721146,0.3775192275436866,0.3862312138080597,20011200,0.0,0.0
1984-04-11 00:00:00-05:00,0.3862311528364857,0.40655947206923054,0.38042351740200914,0.38332733511924744,29092800,0.0,0.0
1984-04-12 00:00:00-05:00,0.38332710758654115,0.3891352713108062,0.3688069641444002,0.3891352713108063,32289600,0.0,0.0
1984-04-13 00:00:00-05:00,0.389135563721146,0.4007513681611625,0.3862312138080597,0.3862312138080597,24062400,0.0,0.0
1984-04-16 00:00:00-05:00,0.3862310232662557,0.39203918848960634,0.3746152245567349,0.37751904129981995,17688000,0.0,0.0
1984-04-17 00:00:00-05:00,0.3775189438622761,0.39494290329802795,0.37461512786866524,0.3891352713108063,60024000,0.0,0.0
1984-04-18 00:00:00-05:00,0.38913550229108296,0.3920393200083212,0.38042351740200914,0.38332733511924744,18734400,0.0,0.0
1984-04-19 00:00:00-05:00,0.3833273956324163,0.3920393818967894,0.3833273956324163,0.3862312138080597,11006400,0.0,0.0
1984-04-23 00:00:00-05:00,0.3862312138080597,0.3949432000724328,0.3833273956324163,0.3862312138080597,13228800,0.0,0.0
1984-04-24 00:00:00-05:00,0.3862311528364857,0.38913550229108296,0.3775191679474119,0.38332733511924744,19296000,0.0,0.0
1984-04-25 00:00:00-05:00,0.38332727368227026,0.3862310909341053,0.3629994894448775,0.3804234564304352,30235200,0.0,0.0
1984-04-26 00:00:00-05:00,0.38042351740200914,0.38913550229108296,0.37606725908879274,0.38332733511924744,24451200,0.0,0.0
1984-04-27 00:00:00-05:00,0.3833273449922315,0.4007513152191511,0.3804235272002024,0.39494314789772034,27388800,0.0,0.0
1984-04-30 00:00:00-04:00,0.39494313310782275,0.40655946731567383,0.3920393154245364,0.40655946731567383,24110400,0.0,0.0
1984-05-01 00:00:00-04:00,0.40655948681726395,0.4326954424325728,0.4036551372573108,0.42979109287261963,37694400,0.0,0.0
1984-05-02 00:00:00-04:00,0.4297912180340545,0.4385032057762146,0.42688739936584547,0.4385032057762146,55670400,0.0,0.0
1984-05-03 00:00:00-04:00,0.43850298299935553,0.4414073319295735,0.42107901636709955,0.4239833652973175,26030400,0.0,0.0
1984-05-04 00:00:00-04:00,0.423983271298707,0.423983271298707,0.39784732714475546,0.40075114369392395,21062400,0.0,0.0
1984-05-07 00:00:00-04:00,0.400751067022293,0.400751067022293,0.38623092358015204,0.3891352713108063,28819200,0.0,0.0
1984-05-08 00:00:00-04:00,0.3891352713108062,0.3978472510286822,0.3847790155833466,0.3891352713108063,20592000,0.0,0.0
1984-05-09 00:00:00-04:00,0.38913545987948517,0.40365507862055255,0.38332729334067756,0.397847443819046,24019200,0.0,0.0
1984-05-10 00:00:00-04:00,0.39784735280091776,0.42398329864030987,0.39784735280091776,0.42107895016670227,27873600,0.0,0.0
1984-05-11 00:00:00-04:00,0.4210789663190186,0.4210789663190186,0.40075118490990175,0.40946316719055176,13920000,0.0,0.0
1984-05-14 00:00:00-04:00,0.4094632451593601,0.4094632451593601,0.397847443819046,0.397847443819046,5088000,0.0,0.0
1984-05-15 00:00:00-04:00,0.397847497427122,0.40655948254058183,0.39494314789772034,0.39494314789772034,14433600,0.0,0.0
1984-05-16 00:00:00-04:00,0.3949431465960111,0.40365513168075673,0.3891355110310946,0.39203932881355286,25579200,0.0,0.0
1984-05-17 00:00:00-04:00,0.3920392571750491,0.39494307442688414,0.37751910744132644,0.3804234564304352,21283200,0.0,0.0
1984-05-18 00:00:00-04:00,0.38042356106264685,0.38332737911315196,0.36009523949685124,0.36590340733528137,31699200,0.0,0.0
1984-05-21 00:00:00-04:00,0.36590340733528137,0.37751921127472177,0.36299958928477627,0.36590340733528137,40896000,0.0,0.0
1984-05-22 00:00:00-04:00,0.36590334621189763,0.37025960429737154,0.3484793773446644,0.3629995286464691,19089600,0.0,0.0
1984-05-23 00:00:00-04:00,0.36299958928477627,0.3688072253857865,0.36009523949685124,0.36590340733528137,12916800,0.0,0.0
1984-05-24 00:00:00-04:00,0.3659031279071699,0.3688069437401269,0.35428733283832786,0.36009496450424194,19435200,0.0,0.0
1984-05-25 00:00:00-04:00,0.3600949645042419,0.3629993120742129,0.35138298526835693,0.36009496450424194,17284800,0.0,0.0
1984-05-29 00:00:00-04:00,0.360095007795735,0.3659031718969345,0.34557539514835295,0.3484792113304138,20448000,0.0,0.0
1984-05-30 00:00:00-04:00,0.3484793697915426,0.3600951715388208,0.34557555228905296,0.3571913540363312,16238400,0.0,0.0
1984-05-31 00:00:00-04:00,0.35719135482396847,0.3629995215790749,0.3542875373150757,0.3586432635784149,15240000,0.0,0.0
1984-06-01 00:00:00-04:00,0.36009524558001793,0.37171158145311556,0.36009524558001793,0.37025967240333557,23774400,0.0,0.0
1984-06-04 00:00:00-04:00,0.37025963197037426,0.3949431465960111,0.365903373559316,0.39203932881355286,32203200,0.0,0.0
1984-06-05 00:00:00-04:00,0.39203933010569125,0.397847497427122,0.3876836034176477,0.39494314789772034,56812800,0.0,0.0
1984-06-06 00:00:00-04:00,0.39494314789772034,0.39494314789772034,0.3862311627842605,0.39494314789772034,27340800,0.0,0.0
1984-06-07 00:00:00-04:00,0.39494314789772034,0.397847497427122,0.3891355123136622,0.39494314789772034,4766400,0.0,0.0
1984-06-08 00:00:00-04:00,0.39494314789772034,0.39494314789772034,0.3891355123136622,0.39494314789772034,16920000,0.0,0.0
1984-06-11 00:00:00-04:00,0.39494290526308107,0.39494290526308107,0.3717113137245178,0.3717113137245178,16617600,0.0,0.0
1984-06-12 00:00:00-04:00,0.3717114852294778,0.3746153025773368,0.3659033187964685,0.36735522747039795,20630400,0.0,0.0
1984-06-13 00:00:00-04:00,0.3673553163605339,0.37751921127472177,0.36299958928477627,0.36590340733528137,12120000,0.0,0.0
1984-06-14 00:00:00-04:00,0.36299965308468307,0.36299965308468307,0.3281517034041539,0.33105552196502686,12998400,0.0,0.0
1984-06-15 00:00:00-04:00,0.3339591416427608,0.34267112387463455,0.3339591416427608,0.33976730704307556,52435200,0.0,0.0
1984-06-18 00:00:00-04:00,0.33976723104715345,0.3484792113304138,0.33105525076389314,0.3484792113304138,41505600,0.0,0.0
1984-06-19 00:00:00-04:00,0.3484792006433523,0.35138301673635974,0.3397672206272685,0.3426710367202759,28785600,0.0,0.0
1984-06-20 00:00:00-04:00,0.34267126771898065,0.3688072253857865,0.3339592818300454,0.36590340733528137,26102400,0.0,0.0
1984-06-21 00:00:00-04:00,0.36590314997135404,0.38332710949379944,0.3629993339632951,0.3717113137245178,31473600,0.0,0.0
1984-06-22 00:00:00-04:00,0.37171157517371156,0.37751921127472177,0.3644514983100288,0.36590340733528137,16416000,0.0,0.0
1984-06-25 00:00:00-04:00,0.36590333828111976,0.37171150502341865,0.35428753653384154,0.3571913540363312,13185600,0.0,0.0
1984-06-26 00:00:00-04:00,0.357191271506823,0.357191271506823,0.33976730704307556,0.33976730704307556,21484800,0.0,0.0
1984-06-27 00:00:00-04:00,0.33976730704307556,0.3484792892749493,0.33686349021151657,0.33976730704307556,21960000,0.0,0.0
1984-06-28 00:00:00-04:00,0.3397672914875965,0.35428743845501276,0.3368634747889822,0.3513830900192261,13185600,0.0,0.0
1984-06-29 00:00:00-04:00,0.3513830900192261,0.3571912551536271,0.34702736497130465,0.3513830900192261,20860800,0.0,0.0
1984-07-02 00:00:00-04:00,0.3513831970174266,0.3542875463376044,0.331055410462854,0.33686357736587524,19833600,0.0,0.0
1984-07-03 00:00:00-04:00,0.33686349021151657,0.34267112387463455,0.3339591416427608,0.33976730704307556,29596800,0.0,0.0
1984-07-05 00:00:00-04:00,0.33976750938515915,0.3426713279460321,0.33105552196502686,0.33105552196502686,17764800,0.0,0.0
1984-07-06 00:00:00-04:00,0.3310553930901192,0.33395921052057953,0.31653524246320486,0.3223434090614319,33964800,0.0,0.0
1984-07-09 00:00:00-04:00,0.3223434775185175,0.33686363122912205,0.31363149163963866,0.33395928144454956,35256000,0.0,0.0
1984-07-10 00:00:00-04:00,0.33395912635319547,0.35428743845501276,0.33395912635319547,0.3513830900192261,31113600,0.0,0.0
1984-07-11 00:00:00-04:00,0.35138310610650825,0.354287454675264,0.33976730704307556,0.33976730704307556,31972800,0.0,0.0
1984-07-12 00:00:00-04:00,0.3397672619852997,0.3397672619852997,0.3136313187556613,0.3281514644622803,63753600,0.0,0.0
1984-07-13 00:00:00-04:00,0.3281516453502432,0.33686363122912205,0.32524729556567067,0.33395928144454956,23817600,0.0,0.0
1984-07-16 00:00:00-04:00,0.3339592814445495,0.3397674492762752,0.3281516453502432,0.33395928144454956,19560000,0.0,0.0
1984-07-17 00:00:00-04:00,0.3339591976250173,0.33976736399896673,0.3310553803066856,0.3354116380214691,21940800,0.0,0.0
1984-07-18 00:00:00-04:00,0.33541166857445354,0.3397673949487186,0.3296035016714323,0.33686357736587524,9374400,0.0,0.0
1984-07-19 00:00:00-04:00,0.33686348772936486,0.33686348772936486,0.31653517484664917,0.31653517484664917,22814400,0.0,0.0
1984-07-20 00:00:00-04:00,0.31653528557693783,0.32524727079224236,0.3049194825356581,0.3078233003616333,32414400,0.0,0.0
1984-07-23 00:00:00-04:00,0.3078230700784202,0.3136312331226481,0.29911109138056885,0.31072741746902466,27916800,0.0,0.0
1984-07-24 00:00:00-04:00,0.31072755753281983,0.31943954015769127,0.30491939187049866,0.30491939187049866,17212800,0.0,0.0
1984-07-25 00:00:00-04:00,0.30491937365796834,0.319439521077887,0.2933035747643468,0.3136313557624817,25713600,0.0,0.0
1984-07-26 00:00:00-04:00,0.31653536568563523,0.3368636908242862,0.31653536568563523,0.33105552196502686,31344000,0.0,0.0
1984-07-27 00:00:00-04:00,0.33105533363405315,0.3484792985621612,0.33105533363405315,0.3455754816532135,31646400,0.0,0.0
1984-07-30 00:00:00-04:00,0.34557539514835295,0.3542873754316133,0.3426710472292143,0.3484792113304138,13809600,0.0,0.0
1984-07-31 00:00:00-04:00,0.34847928029455955,0.36009507905865046,0.34557546353783253,0.35428744554519653,17059200,0.0,0.0
1984-08-01 00:00:00-04:00,0.35428760339584103,0.3688072253857865,0.35428760339584103,0.36590340733528137,18729600,0.0,0.0
1984-08-02 00:00:00-04:00,0.3659033653410998,0.38332733511924744,0.3629995476238615,0.38332733511924744,36211200,0.0,0.0
1984-08-03 00:00:00-04:00,0.38332722034860167,0.4123669840383685,0.37751905491576837,0.40946316719055176,61209600,0.0,0.0
1984-08-06 00:00:00-04:00,0.40946312507857446,0.4268870878478755,0.39784732714475546,0.40075114369392395,47236800,0.0,0.0
1984-08-07 00:00:00-04:00,0.40075123215387914,0.4065593982714287,0.3891354316560426,0.3992993235588074,33072000,0.0,0.0
1984-08-08 00:00:00-04:00,0.3992991590254876,0.4065592307465581,0.38623092358015204,0.3891352713108063,30019200,0.0,0.0
1984-08-09 00:00:00-04:00,0.38913534576010494,0.40365496024309244,0.37751901608914085,0.40075114369392395,82944000,0.0,0.0
1984-08-10 00:00:00-04:00,0.40655952884317054,0.42979113729996893,0.40655952884317054,0.41236716508865356,90748800,0.0,0.0
1984-08-13 00:00:00-04:00,0.4123669840383685,0.4181751494712018,0.40655935034273505,0.40946316719055176,21820800,0.0,0.0
1984-08-14 00:00:00-04:00,0.40946312507857446,0.4152712899140565,0.39494297885844193,0.40075114369392395,19147200,0.0,0.0
1984-08-15 00:00:00-04:00,0.40075126121979926,0.4094632451593601,0.3949430946809917,0.397847443819046,17016000,0.0,0.0
1984-08-16 00:00:00-04:00,0.397847443819046,0.40365507862055255,0.3949430946809917,0.397847443819046,12710400,0.0,0.0
1984-08-17 00:00:00-04:00,0.39784732714475546,0.40655930852940597,0.39784732714475546,0.40075114369392395,14092800,0.0,0.0
1984-08-20 00:00:00-04:00,0.40075114369392395,0.40365496024309244,0.39494297885844193,0.40075114369392395,6129600,0.0,0.0
1984-08-21 00:00:00-04:00,0.4007511672874292,0.4210789478026603,0.3978473505673037,0.4181751310825348,47361600,0.0,0.0
1984-08-22 00:00:00-04:00,0.4181751494712018,0.43269529718468513,0.40946316719055176,0.40946316719055176,38366400,0.0,0.0
1984-08-23 00:00:00-04:00,0.40946315148381,0.4268871153767381,0.40946315148381,0.42107895016670227,19804800,0.0,0.0
1984-08-24 00:00:00-04:00,0.4239833462642625,0.43559914625190016,0.4239833462642625,0.43269532918930054,30086400,0.0,0.0
1984-08-27 00:00:00-04:00,0.43269535053038954,0.43269535053038954,0.4181752010267608,0.426887184381485,10752000,0.0,0.0
1984-08-28 00:00:00-04:00,0.42688716332686216,0.4326953291893005,0.4210789974644238,0.43269532918930054,13617600,0.0,0.0
1984-08-29 00:00:00-04:00,0.43269535053038954,0.43559916773620916,0.42398336717566537,0.426887184381485,13329600,0.0,0.0
1984-08-30 00:00:00-04:00,0.4268871824902725,0.42979099968322754,0.42107901636709955,0.4239833652973175,12883200,0.0,0.0
1984-08-31 00:00:00-04:00,0.4239832962599622,0.42688711298008764,0.4152713143624093,0.4181751310825348,15638400,0.0,0.0
1984-09-04 00:00:00-04:00,0.41817520171249795,0.41817520171249795,0.39494306881604824,0.4036550521850586,12902400,0.0,0.0
1984-09-05 00:00:00-04:00,0.40365496024309244,0.40365496024309244,0.38913534576010494,0.40075114369392395,20808000,0.0,0.0
1984-09-06 00:00:00-04:00,0.4007513608602543,0.41817533307156973,0.3978475427375128,0.41236716508865356,16737600,0.0,0.0
1984-09-07 00:00:00-04:00,0.41236710268224663,0.42107908746945855,0.4007513002117483,0.40655946731567383,23764800,0.0,0.0
1984-09-10 00:00:00-04:00,0.40655930852940597,0.40946312507857446,0.39784732714475546,0.40075114369392395,45782400,0.0,0.0
1984-09-11 00:00:00-04:00,0.4007512349744772,0.41527138450191653,0.4007512349744772,0.4036550521850586,25118400,0.0,0.0
1984-09-12 00:00:00-04:00,0.40365513168075673,0.4065594812005858,0.3833273437288072,0.39203932881355286,20568000,0.0,0.0
1984-09-13 00:00:00-04:00,0.3920392516054668,0.4036550521850586,0.3891354343948854,0.4036550521850586,28492800,0.0,0.0
1984-09-14 00:00:00-04:00,0.4065595343901035,0.41817533877698404,0.4065595343901035,0.415271520614624,30696000,0.0,0.0
1984-09-17 00:00:00-04:00,0.41527145210288574,0.41817526978617214,0.40655946731567383,0.40655946731567383,24873600,0.0,0.0
1984-09-18 00:00:00-04:00,0.4065594812005858,0.40946329898304407,0.3891355110310946,0.39203932881355286,24489600,0.0,0.0
1984-09-19 00:00:00-04:00,0.39203929951274746,0.394943117078176,0.3600951793437095,0.3629995286464691,71208000,0.0,0.0
1984-09-20 00:00:00-04:00,0.3629994258472142,0.38042338978008555,0.3629994258472142,0.37751904129981995,31411200,0.0,0.0
1984-09-21 00:00:00-04:00,0.37751921127472177,0.3920393650020872,0.36299958928477627,0.36590340733528137,33532800,0.0,0.0
1984-09-24 00:00:00-04:00,0.36590333828111976,0.3688071557836094,0.35138318729403223,0.3571913540363312,25363200,0.0,0.0
1984-09-25 00:00:00-04:00,0.3571911486712849,0.3659031279071699,0.35138298526835693,0.36009496450424194,24595200,0.0,0.0
1984-09-26 00:00:00-04:00,0.3600951715388208,0.37171150502341865,0.35428753653384154,0.3571913540363312,39403200,0.0,0.0
1984-09-27 00:00:00-04:00,0.3571912623019235,0.3659032443092875,0.34557546353783253,0.35428744554519653,27604800,0.0,0.0
1984-09-28 00:00:00-04:00,0.35428733283832786,0.3600949645042419,0.35428733283832786,0.36009496450424194,16344000,0.0,0.0
1984-10-01 00:00:00-04:00,0.3600949967524435,0.3600949967524435,0.34267103672027593,0.3426710367202759,20683200,0.0,0.0
1984-10-02 00:00:00-04:00,0.3426711813172985,0.34847934769124794,0.3339591976250173,0.3354116380214691,24739200,0.0,0.0
1984-10-03 00:00:00-04:00,0.33541166857445354,0.3397673949487186,0.331055410462854,0.33686357736587524,38846400,0.0,0.0
1984-10-04 00:00:00-04:00,0.33686340453426106,0.35138301673635974,0.33686340453426106,0.3426710367202759,32952000,0.0,0.0
1984-10-05 00:00:00-04:00,0.3426713279460321,0.34847949680529144,0.3281517034041539,0.33105552196502686,32145600,0.0,0.0
1984-10-08 00:00:00-04:00,0.3310552431007415,0.3339590592155859,0.32234326301914307,0.3252470791339874,10516800,0.0,0.0
1984-10-09 00:00:00-04:00,0.3252472264918922,0.33395921052057953,0.3223434090614319,0.3223434090614319,13526400,0.0,0.0
1984-10-10 00:00:00-04:00,0.32234329983220744,0.3368634455388264,0.3136313187556613,0.3281514644622803,38404800,0.0,0.0
1984-10-11 00:00:00-04:00,0.3281517034041539,0.33976750938515915,0.3281517034041539,0.33105552196502686,58900800,0.0,0.0
1984-10-12 00:00:00-04:00,0.33105533363405315,0.3455754816532135,0.32815151672510545,0.3455754816532135,23380800,0.0,0.0
1984-10-15 00:00:00-04:00,0.34557535360244285,0.3688069437401269,0.3426710060324719,0.36009496450424194,21912000,0.0,0.0
1984-10-16 00:00:00-04:00,0.3600949967524435,0.3600949967524435,0.33686340453426106,0.3426710367202759,26289600,0.0,0.0
1984-10-17 00:00:00-04:00,0.34267103672027593,0.3484792006433523,0.33686340453426106,0.3426710367202759,37843200,0.0,0.0
1984-10-18 00:00:00-04:00,0.34267126771898065,0.3688072253857865,0.33686363161797045,0.36590340733528137,39988800,0.0,0.0
1984-10-19 00:00:00-04:00,0.36590340733528137,0.386231197163657,0.36590340733528137,0.36590340733528137,69609600,0.0,0.0
1984-10-22 00:00:00-04:00,0.36590333828111976,0.3688071557836094,0.35428753653384154,0.3571913540363312,15993600,0.0,0.0
1984-10-23 00:00:00-04:00,0.3571913540363312,0.36299952077863007,0.35428753653384154,0.3571913540363312,14836800,0.0,0.0
1984-10-24 00:00:00-04:00,0.35719119161367413,0.35719119161367413,0.3426710472292143,0.3484792113304138,18206400,0.0,0.0
1984-10-25 00:00:00-04:00,0.3368635265165343,0.3368635265165343,0.30782322812237783,0.319439560174942,87897600,0.0,0.0
1984-10-26 00:00:00-04:00,0.3194395233940045,0.3194395233940045,0.307823192678969,0.31653517484664917,66758400,0.0,0.0
1984-10-29 00:00:00-05:00,0.31653524246320486,0.3223434090614319,0.31363142503274455,0.3223434090614319,22804800,0.0,0.0
1984-10-30 00:00:00-05:00,0.32234326301914307,0.3339590592155859,0.31943944690429876,0.3252470791339874,32395200,0.0,0.0
1984-10-31 00:00:00-05:00,0.3252472264918922,0.3310553930901192,0.3194395916309716,0.3223434090614319,22334400,0.0,0.0
1984-11-01 00:00:00-05:00,0.32234326301914307,0.3310552431007415,0.31943944690429876,0.3252470791339874,17155200,0.0,0.0
1984-11-02 00:00:00-05:00,0.3252470274741229,0.3252470274741229,0.31072741746902466,0.31072741746902466,61977600,0.0,0.0
1984-11-05 00:00:00-05:00,0.31072757700414594,0.319439560174942,0.31072757700414594,0.319439560174942,30792000,0.0,0.0
1984-11-06 00:00:00-05:00,0.31943944450209344,0.34557538455034487,0.3165350966720245,0.3426710367202759,38601600,0.0,0.0
1984-11-07 00:00:00-05:00,0.342671212531562,0.3455755618517398,0.331055410462854,0.33686357736587524,38870400,0.0,0.0
1984-11-08 00:00:00-05:00,0.3368634455388264,0.3397672619852997,0.32234329983220744,0.3281514644622803,15825600,0.0,0.0
1984-11-09 00:00:00-05:00,0.3281514644622803,0.3368634455388264,0.32524711627868075,0.3281514644622803,20596800,0.0,0.0
1984-11-12 00:00:00-05:00,0.3281515928800106,0.3368635773658752,0.32524724355983287,0.33686357736587524,7123200,0.0,0.0
1984-11-13 00:00:00-05:00,0.3368636908242862,0.3368636908242862,0.3281517034041539,0.33105552196502686,17160000,0.0,0.0
1984-11-14 00:00:00-05:00,0.331055410462854,0.3368635773658752,0.32524724355983287,0.33686357736587524,22070400,0.0,0.0
1984-11-15 00:00:00-05:00,0.3368634455388264,0.3368634455388264,0.32524711627868075,0.3281514644622803,22924800,0.0,0.0
1984-11-16 00:00:00-05:00,0.3281517034041539,0.3339593405258998,0.3252473531057675,0.33105552196502686,10113600,0.0,0.0
1984-11-19 00:00:00-05:00,0.3310553930901192,0.3310553930901192,0.3194395916309716,0.3223434090614319,14640000,0.0,0.0
1984-11-20 00:00:00-05:00,0.3223434090614319,0.3281515756596589,0.3194395916309716,0.3223434090614319,15451200,0.0,0.0
1984-11-21 00:00:00-05:00,0.32234326301914307,0.3281514269858972,0.3136312829375446,0.3252470791339874,22660800,0.0,0.0
1984-11-23 00:00:00-05:00,0.3252473531057675,0.33105552196502686,0.32234353454489456,0.33105552196502686,42681600,0.0,0.0
1984-11-26 00:00:00-05:00,0.3310552809087536,0.3339590973552269,0.32524711627868075,0.3281514644622803,21998400,0.0,0.0
1984-11-27 00:00:00-05:00,0.3281514644622803,0.3310552809087536,0.31943948338573414,0.3281514644622803,28497600,0.0,0.0
1984-11-28 00:00:00-05:00,0.3281514644622803,0.3339590973552269,0.3281514644622803,0.3281514644622803,26918400,0.0,0.0
1984-11-29 00:00:00-05:00,0.3281517034041539,0.3339593405258998,0.3252473531057675,0.33105552196502686,20073600,0.0,0.0
1984-11-30 00:00:00-05:00,0.33105552196502686,0.3339593405258998,0.3252473531057675,0.33105552196502686,15984000,0.0,0.0
1984-12-03 00:00:00-05:00,0.3310552809087536,0.33541153731558976,0.32234329983220744,0.3281514644622803,27681600,0.0,0.0
1984-12-04 00:00:00-05:00,0.3281514644622803,0.3339590973552269,0.32524711627868075,0.3281514644622803,21403200,0.0,0.0
1984-12-05 00:00:00-05:00,0.3281514644622803,0.3310552809087536,0.32524711627868075,0.3281514644622803,16713600,0.0,0.0
1984-12-06 00:00:00-05:00,0.3281517034041539,0.3354117815438497,0.3252473531057675,0.33105552196502686,21225600,0.0,0.0
1984-12-07 00:00:00-05:00,0.33105552196502686,0.3368636908242862,0.33105552196502686,0.33105552196502686,9748800,0.0,0.0
1984-12-10 00:00:00-05:00,0.33105552196502686,0.3339593405258998,0.3252473531057675,0.33105552196502686,18158400,0.0,0.0
1984-12-11 00:00:00-05:00,0.3310553930901192,0.3310553930901192,0.32089150034620173,0.3223434090614319,19152000,0.0,0.0
1984-12-12 00:00:00-05:00,0.32234337731945606,0.32524719446397005,0.31798765160268505,0.319439560174942,20164800,0.0,0.0
1984-12-13 00:00:00-05:00,0.3020155028480611,0.3020155028480611,0.2903991742950358,0.29620733857154846,63820800,0.0,0.0
1984-12-14 00:00:00-05:00,0.29620751631348635,0.29620751631348635,0.29039934855173133,0.2933036983013153,40728000,0.0,0.0
1984-12-17 00:00:00-05:00,0.2933036983013153,0.29620751631348635,0.2874955305395603,0.2933036983013153,19046400,0.0,0.0
1984-12-18 00:00:00-05:00,0.2962074278070677,0.32524719446397005,0.2962074278070677,0.319439560174942,30811200,0.0,0.0
1984-12-19 00:00:00-05:00,0.32234353454489456,0.34121941866559563,0.32234353454489456,0.33105552196502686,70814400,0.0,0.0
1984-12-20 00:00:00-05:00,0.3310553930901192,0.33395921052057953,0.3223434090614319,0.3223434090614319,18609600,0.0,0.0
1984-12-21 00:00:00-05:00,0.3223434090614319,0.32669966694442876,0.31653524246320486,0.3223434090614319,25560000,0.0,0.0
1984-12-24 00:00:00-05:00,0.3223434775185175,0.3397674492762752,0.3223434775185175,0.33395928144454956,18873600,0.0,0.0
1984-12-26 00:00:00-05:00,0.3339593405258998,0.3368636908242862,0.3281517034041539,0.33105552196502686,8227200,0.0,0.0
1984-12-27 00:00:00-05:00,0.3310554019678186,0.3339592194761487,0.3281515844594885,0.32960349321365356,17265600,0.0,0.0
1984-12-28 00:00:00-05:00,0.3296033726855169,0.3339590973552269,0.32524711627868075,0.3281514644622803,14126400,0.0,0.0
1984-12-31 00:00:00-05:00,0.3281514269858972,0.3310552431007415,0.32524707913398737,0.3252470791339874,27748800,0.0,0.0
1985-01-02 00:00:00-05:00,0.32524719446397005,0.32815154334573815,0.31653521129317397,0.319439560174942,27259200,0.0,0.0
1985-01-03 00:00:00-05:00,0.31943944690429876,0.3310552431007415,0.31943944690429876,0.3252470791339874,31075200,0.0,0.0
1985-01-04 00:00:00-05:00,0.3252473531057675,0.3339593405258998,0.3252473531057675,0.33105552196502686,11688000,0.0,0.0
1985-01-07 00:00:00-05:00,0.3310553248112018,0.33976730704307556,0.3281515079796428,0.33976730704307556,12465600,0.0,0.0
1985-01-08 00:00:00-05:00,0.3397672619852997,0.34557542661537255,0.32234329983220744,0.3281514644622803,33734400,0.0,0.0
1985-01-09 00:00:00-05:00,0.3281516453502432,0.3397674492762752,0.3223434775185175,0.33395928144454956,16881600,0.0,0.0
1985-01-10 00:00:00-05:00,0.33395906694595395,0.35138302751247463,0.33395906694595395,0.3484792113304138,31646400,0.0,0.0
1985-01-11 00:00:00-05:00,0.34847928029455955,0.35428744554519653,0.34557546353783253,0.35428744554519653,33379200,0.0,0.0
1985-01-14 00:00:00-05:00,0.35428733283832786,0.3629993120742129,0.34557535360244285,0.36009496450424194,42153600,0.0,0.0
1985-01-15 00:00:00-05:00,0.3600951793437095,0.36880716377732614,0.3600951793437095,0.3629995286464691,61353600,0.0,0.0
1985-01-16 00:00:00-05:00,0.3629993120742129,0.37171129131009784,0.3571911486712849,0.36009496450424194,44774400,0.0,0.0
1985-01-17 00:00:00-05:00,0.36009507905865046,0.36299942755256054,0.34557546353783253,0.35428744554519653,26764800,0.0,0.0
1985-01-18 00:00:00-05:00,0.35428733283832786,0.3629993120742129,0.35138298526835693,0.36009496450424194,29054400,0.0,0.0
1985-01-21 00:00:00-05:00,0.3600951241127756,0.3688071072101593,0.3571913069927309,0.3688071072101593,33657600,0.0,0.0
1985-01-22 00:00:00-05:00,0.3688069659794129,0.37751894574063566,0.3688069659794129,0.3717113137245178,31905600,0.0,0.0
1985-01-23 00:00:00-05:00,0.37171157517371156,0.37171157517371156,0.36299958928477627,0.36590340733528137,20083200,0.0,0.0
1985-01-24 00:00:00-05:00,0.3659032900901146,0.37751909030754294,0.3600951241127756,0.3688071072101593,31065600,0.0,0.0
1985-01-25 00:00:00-05:00,0.3688071072101593,0.37025954750743123,0.3629994729700699,0.3688071072101593,24835200,0.0,0.0
1985-01-28 00:00:00-05:00,0.3688071557836094,0.3688071557836094,0.3571913540363312,0.3571913540363312,26284800,0.0,0.0
1985-01-29 00:00:00-05:00,0.35719136177828104,0.36299952864646917,0.3513831949100929,0.3629995286464691,27235200,0.0,0.0
1985-01-30 00:00:00-05:00,0.36299952864646917,0.3746153306455142,0.3615476198637549,0.3629995286464691,31732800,0.0,0.0
1985-01-31 00:00:00-05:00,0.36299952077863007,0.36590333828111976,0.35428753653384154,0.3571913540363312,20702400,0.0,0.0
1985-02-01 00:00:00-05:00,0.35719119161367413,0.35719119161367413,0.34557539514835295,0.3484792113304138,17068800,0.0,0.0
1985-02-04 00:00:00-05:00,0.3484793238953472,0.3688071072101593,0.3455755067753025,0.3688071072101593,21345600,0.0,0.0
1985-02-05 00:00:00-05:00,0.3688071072101593,0.37461527318749827,0.3659032900901146,0.3688071072101593,25852800,0.0,0.0
1985-02-06 00:00:00-05:00,0.3688071557836094,0.3746153225259083,0.35138318729403223,0.3571913540363312,35611200,0.0,0.0
1985-02-07 00:00:00-05:00,0.35719119161367413,0.360095007795735,0.3484792113304138,0.3484792113304138,25804800,0.0,0.0
1985-02-08 00:00:00-05:00,0.34847928029455955,0.35428744554519653,0.34557546353783253,0.35428744554519653,18336000,0.0,0.0
1985-02-11 00:00:00-05:00,0.35428733283832786,0.3629993120742129,0.35138298526835693,0.36009496450424194,20260800,0.0,0.0
1985-02-12 00:00:00-05:00,0.3600949645042419,0.3659031279071699,0.3571911486712849,0.36009496450424194,35875200,0.0,0.0
1985-02-13 00:00:00-05:00,0.3600949645042419,0.3600949645042419,0.3397671901995149,0.36009496450424194,51134400,0.0,0.0
1985-02-14 00:00:00-05:00,0.3600950718522414,0.36299942028802806,0.3455754566219975,0.3513830900192261,47760000,0.0,0.0
1985-02-15 00:00:00-05:00,0.3513833153661644,0.3513833153661644,0.3252473531057675,0.33105552196502686,35371200,0.0,0.0
1985-02-19 00:00:00-05:00,0.3310552431007415,0.3310552431007415,0.3165350990523889,0.3252470791339874,26160000,0.0,0.0
1985-02-20 00:00:00-05:00,0.3281516453502432,0.3339592814445495,0.3281516453502432,0.33395928144454956,21312000,0.0,0.0
1985-02-21 00:00:00-05:00,0.33395922804569744,0.3397673949487186,0.3296035016714323,0.33686357736587524,31041600,0.0,0.0
1985-02-22 00:00:00-05:00,0.3368635773658752,0.3397673949487186,0.33395922804569744,0.33686357736587524,12340800,0.0,0.0
1985-02-25 00:00:00-05:00,0.3368636908242862,0.3368636908242862,0.32234353454489456,0.33105552196502686,27364800,0.0,0.0
1985-02-26 00:00:00-05:00,0.33105552196502686,0.3368636908242862,0.3266997941237174,0.33105552196502686,18552000,0.0,0.0
1985-02-27 00:00:00-05:00,0.33105536049025214,0.33105536049025214,0.31653521129317397,0.319439560174942,18384000,0.0,0.0
1985-02-28 00:00:00-05:00,0.31943944690429876,0.3281514269858972,0.31943944690429876,0.3252470791339874,10204800,0.0,0.0
1985-03-01 00:00:00-05:00,0.32524707913398737,0.3281514269858972,0.32234326301914307,0.3252470791339874,30768000,0.0,0.0
1985-03-04 00:00:00-05:00,0.3252471570143294,0.3252471570143294,0.31217944963140554,0.31653517484664917,15081600,0.0,0.0
1985-03-05 00:00:00-05:00,0.3165351914579203,0.3165351914579203,0.2991112262081775,0.30491939187049866,25267200,0.0,0.0
1985-03-06 00:00:00-05:00,0.30491944990621356,0.3078232674214511,0.29911128313841645,0.30201563239097595,38529600,0.0,0.0
1985-03-07 00:00:00-05:00,0.3020155056898474,0.3020155056898474,0.29330352506165086,0.29911115765571594,35078400,0.0,0.0
1985-03-08 00:00:00-05:00,0.29911115484125783,0.3049193191177705,0.2933035223018391,0.29620733857154846,12696000,0.0,0.0
1985-03-11 00:00:00-05:00,0.29620733857154846,0.3020155028480611,0.2933035223018391,0.29620733857154846,23764800,0.0,0.0
1985-03-12 00:00:00-05:00,0.2962074092456273,0.30782320883304887,0.2947555007643522,0.30491939187049866,23644800,0.0,0.0
1985-03-13 00:00:00-05:00,0.3049193395599149,0.3078231560242995,0.2874953772993483,0.2903991937637329,32688000,0.0,0.0
1985-03-14 00:00:00-05:00,0.29039927964873047,0.2933036287091999,0.2816872959418957,0.2845916450023651,41649600,0.0,0.0
1985-03-15 00:00:00-05:00,0.2845916762468705,0.2962074785521536,0.28168732686754083,0.287495493888855,25939200,0.0,0.0
1985-03-18 00:00:00-05:00,0.2903991770275194,0.3020155056898474,0.2903991770275194,0.29911115765571594,21840000,0.0,0.0
1985-03-19 00:00:00-05:00,0.29911127440583013,0.3252472264918922,0.29911127440583013,0.3223434090614319,27273600,0.0,0.0
1985-03-20 00:00:00-05:00,0.32234337731945606,0.32524719446397005,0.3136313941486599,0.319439560174942,16622400,0.0,0.0
1985-03-21 00:00:00-05:00,0.319439521077887,0.3252471546561032,0.3107275389733736,0.3136313557624817,16507200,0.0,0.0
1985-03-22 00:00:00-05:00,0.3136313557624817,0.3252471546561032,0.3136313557624817,0.3136313557624817,24614400,0.0,0.0
1985-03-25 00:00:00-05:00,0.31363126974525113,0.316535085737952,0.2947554023186089,0.2976592183113098,19992000,0.0,0.0
1985-03-26 00:00:00-05:00,0.2976592495071997,0.3020155056898474,0.2947554332101671,0.29911115765571594,13406400,0.0,0.0
1985-03-27 00:00:00-05:00,0.2991113151463288,0.31508337666395025,0.2962074973203536,0.3078233003616333,24763200,0.0,0.0
1985-03-28 00:00:00-05:00,0.3078232789150381,0.32234343050802716,0.3078232789150381,0.3150833547115326,25795200,0.0,0.0
1985-03-29 00:00:00-05:00,0.3150833337479747,0.3252472264918922,0.31363142503274455,0.3223434090614319,24777600,0.0,0.0
1985-04-01 00:00:00-05:00,0.32524729556567067,0.3397674492762752,0.32524729556567067,0.33395928144454956,34238400,0.0,0.0
1985-04-02 00:00:00-05:00,0.3339590973552269,0.3368634455388264,0.32524711627868075,0.3281514644622803,16867200,0.0,0.0
1985-04-03 00:00:00-05:00,0.32815154334573815,0.32815154334573815,0.3136313941486599,0.319439560174942,10267200,0.0,0.0
1985-04-04 00:00:00-05:00,0.3194395233940045,0.3208914317990857,0.3107275412263243,0.31653517484664917,11380800,0.0,0.0
1985-04-08 00:00:00-05:00,0.31653528557693783,0.31943963514029194,0.3049194825356581,0.3078233003616333,8246400,0.0,0.0
1985-04-09 00:00:00-05:00,0.3078230700784202,0.3136312331226481,0.3049192544247968,0.31072741746902466,9470400,0.0,0.0
1985-04-10 00:00:00-05:00,0.31072757700414594,0.32234337731945606,0.30782322812237783,0.319439560174942,18158400,0.0,0.0
1985-04-11 00:00:00-05:00,0.3194395233940045,0.32815150556168465,0.31653517484664917,0.31653517484664917,22939200,0.0,0.0
1985-04-12 00:00:00-05:00,0.31653513520213455,0.3310552809087536,0.31653513520213455,0.3281514644622803,25334400,0.0,0.0
1985-04-15 00:00:00-05:00,0.3281517034041539,0.3339593405258998,0.3252473531057675,0.33105552196502686,11942400,0.0,0.0
1985-04-16 00:00:00-05:00,0.331055410462854,0.3368635773658752,0.32524724355983287,0.33686357736587524,26644800,0.0,0.0
1985-04-17 00:00:00-05:00,0.33686349021151657,0.33976730704307556,0.3339591416427608,0.33976730704307556,23068800,0.0,0.0
1985-04-18 00:00:00-05:00,0.33976750938515915,0.33976750938515915,0.33105552196502686,0.33105552196502686,48691200,0.0,0.0
1985-04-19 00:00:00-05:00,0.3310552809087536,0.3368634455388264,0.32234329983220744,0.3281514644622803,13003200,0.0,0.0
1985-04-22 00:00:00-05:00,0.32815154334573815,0.32815154334573815,0.3136313941486599,0.319439560174942,13948800,0.0,0.0
1985-04-23 00:00:00-05:00,0.3194395233940045,0.3194395233940045,0.307823192678969,0.31653517484664917,23875200,0.0,0.0
1985-04-24 00:00:00-05:00,0.31653541799115814,0.3223435878101817,0.3150835084708026,0.317987859249115,26020800,0.0,0.0
1985-04-25 00:00:00-05:00,0.31798753884687664,0.32524707913398737,0.3165350990523889,0.3252470791339874,19156800,0.0,0.0
1985-04-26 00:00:00-05:00,0.3252472264918922,0.3281515756596589,0.3223434090614319,0.3223434090614319,13670400,0.0,0.0
1985-04-29 00:00:00-04:00,0.32234345296626715,0.32234345296626715,0.3063713914486457,0.3078233003616333,12979200,0.0,0.0
1985-04-30 00:00:00-04:00,0.30782322812237783,0.319439560174942,0.30491941097786385,0.319439560174942,21172800,0.0,0.0
1985-05-01 00:00:00-04:00,0.319439396166876,0.319439396166876,0.3049192544247968,0.31072741746902466,19166400,0.0,0.0
1985-05-02 00:00:00-04:00,0.31072741746902466,0.3136312331226481,0.3078230700784202,0.31072741746902466,8755200,0.0,0.0
1985-05-03 00:00:00-04:00,0.3107276499249874,0.3136314677509626,0.30782330036163336,0.3078233003616333,23702400,0.0,0.0
1985-05-06 00:00:00-04:00,0.30782313538747985,0.3107274833942831,0.2933035223018391,0.29620733857154846,16814400,0.0,0.0
1985-05-07 00:00:00-04:00,0.2962074656231789,0.31072761667401066,0.2933036481079413,0.30201563239097595,23304000,0.0,0.0
1985-05-08 00:00:00-04:00,0.30201557490794845,0.30782320883304887,0.2962074092456273,0.30491939187049866,11054400,0.0,0.0
1985-05-09 00:00:00-04:00,0.30491932198688,0.31363130261507655,0.29911115765571594,0.29911115765571594,27494400,0.0,0.0
1985-05-10 00:00:00-04:00,0.2991111730490423,0.3281514644622803,0.2991111730490423,0.3281514644622803,45326400,0.0,0.0
1985-05-13 00:00:00-04:00,0.3281515756596589,0.3281515756596589,0.3194395916309716,0.3223434090614319,59620800,0.0,0.0
1985-05-14 00:00:00-04:00,0.3223433378669951,0.32669959478784627,0.3136313557624817,0.3136313557624817,29328000,0.0,0.0
1985-05-15 00:00:00-04:00,0.31363135803648673,0.32234334020416694,0.31363135803648673,0.31653517484664917,31363200,0.0,0.0
1985-05-16 00:00:00-04:00,0.31653524246320486,0.3223434090614319,0.31653524246320486,0.3223434090614319,15052800,0.0,0.0
1985-05-17 00:00:00-04:00,0.32234337731945606,0.32234337731945606,0.31653521129317397,0.319439560174942,17467200,0.0,0.0
1985-05-20 00:00:00-04:00,0.31943944690429876,0.3281514269858972,0.31943944690429876,0.3252470791339874,35188800,0.0,0.0
1985-05-21 00:00:00-04:00,0.3252472273224534,0.3281515764976368,0.3223434098845779,0.3237953186035156,24715200,0.0,0.0
1985-05-22 00:00:00-04:00,0.32379531777666204,0.3252472264918922,0.3194395916309716,0.3223434090614319,17568000,0.0,0.0
1985-05-23 00:00:00-04:00,0.32234334020416694,0.32234334020416694,0.31653517484664917,0.31653517484664917,12734400,0.0,0.0
1985-05-24 00:00:00-04:00,0.31653517484664917,0.3194395233940045,0.3107275412263243,0.31653517484664917,30086400,0.0,0.0
1985-05-28 00:00:00-04:00,0.3165351725515898,0.3223433378669951,0.3107275389733736,0.3136313557624817,18614400,0.0,0.0
1985-05-29 00:00:00-04:00,0.3136313557624817,0.3165351725515898,0.30782319044707646,0.3136313557624817,13166400,0.0,0.0
1985-05-30 00:00:00-04:00,0.3136314878613385,0.3136314878613385,0.29039934855173133,0.2933036983013153,42345600,0.0,0.0
1985-05-31 00:00:00-04:00,0.29330362182979763,0.30782323984244175,0.2903992728374493,0.3063713312149048,32323200,0.0,0.0
1985-06-03 00:00:00-04:00,0.3063713914486457,0.31508337666395025,0.3034675736226705,0.3078233003616333,35952000,0.0,0.0
1985-06-04 00:00:00-04:00,0.30782330036163336,0.30782330036163336,0.2991113151463288,0.3078233003616333,25977600,0.0,0.0
1985-06-05 00:00:00-04:00,0.30782313538747985,0.30782313538747985,0.29620733857154846,0.29620733857154846,31214400,0.0,0.0
1985-06-06 00:00:00-04:00,0.2962074656231789,0.30201563239097595,0.2874954813401442,0.30201563239097595,46219200,0.0,0.0
1985-06-07 00:00:00-04:00,0.3020155056898474,0.30491932198688,0.29911115765571594,0.29911115765571594,19924800,0.0,0.0
1985-06-10 00:00:00-04:00,0.2991113151463288,0.3107276499249874,0.2962074973203536,0.3078233003616333,39369600,0.0,0.0
1985-06-11 00:00:00-04:00,0.3078232666180388,0.3136314333706768,0.29911128235774226,0.3005637228488922,67123200,0.0,0.0
1985-06-12 00:00:00-04:00,0.30056361486333805,0.3020155230955303,0.2903991937637329,0.2903991937637329,39590400,0.0,0.0
1985-06-13 00:00:00-04:00,0.29039927964873047,0.2933036287091999,0.278783478618713,0.2845916450023651,47131200,0.0,0.0
1985-06-14 00:00:00-04:00,0.2845916450023651,0.29039927964873047,0.278783478618713,0.2845916450023651,78988800,0.0,0.0
1985-06-17 00:00:00-04:00,0.28168729611094245,0.28168729611094245,0.2642633120700262,0.27297529578208923,54835200,0.0,0.0
1985-06-18 00:00:00-04:00,0.2729753374539904,0.27587972019316087,0.2671677351511426,0.27007153630256653,47520000,0.0,0.0
1985-06-19 00:00:00-04:00,0.2700714950739541,0.27878347878601717,0.2700714950739541,0.27297529578208923,41913600,0.0,0.0
1985-06-20 00:00:00-04:00,0.27297528868127563,0.2758796709015178,0.261359504563235,0.26716768741607666,20486400,0.0,0.0
1985-06-21 00:00:00-04:00,0.2671676292006051,0.2816872274042339,0.26426324761322384,0.2787834107875824,59414400,0.0,0.0
1985-06-24 00:00:00-04:00,0.278783478618713,0.2874954623255478,0.27297529561827066,0.2845916450023651,37281600,0.0,0.0
1985-06-25 00:00:00-04:00,0.2845916450023651,0.2991112633555652,0.2845916450023651,0.2845916450023651,75124800,0.0,0.0
1985-06-26 00:00:00-04:00,0.28459166382490664,0.30346754114859475,0.28459166382490664,0.30201563239097595,46622400,0.0,0.0
1985-06-27 00:00:00-04:00,0.30201557490794845,0.30927564905154475,0.2991112262081775,0.30491939187049866,34219200,0.0,0.0
1985-06-28 00:00:00-04:00,0.30491944990621356,0.3078232674214511,0.29911128313841645,0.30201563239097595,32942400,0.0,0.0
1985-07-01 00:00:00-04:00,0.30201557490794845,0.31072755753281983,0.2991112262081775,0.30491939187049866,13296000,0.0,0.0
1985-07-02 00:00:00-04:00,0.3049192544247968,0.3136312331226481,0.3049192544247968,0.31072741746902466,24446400,0.0,0.0
1985-07-03 00:00:00-04:00,0.3107275055723924,0.3107275055723924,0.3049193408813233,0.3092755973339081,19166400,0.0,0.0
1985-07-05 00:00:00-04:00,0.3092756305788195,0.3136313557624817,0.30782319044707646,0.3136313557624817,16440000,0.0,0.0
1985-07-08 00:00:00-04:00,0.3136314677509626,0.3136314677509626,0.30782330036163336,0.3078233003616333,21633600,0.0,0.0
1985-07-09 00:00:00-04:00,0.30782320883304887,0.31072755753281983,0.2962074092456273,0.30491939187049866,27537600,0.0,0.0
1985-07-10 00:00:00-04:00,0.3049192544247968,0.31072741746902466,0.3020154387711733,0.31072741746902466,28646400,0.0,0.0
1985-07-11 00:00:00-04:00,0.31072755753281983,0.31072755753281983,0.30201557490794845,0.30491939187049866,25094400,0.0,0.0
1985-07-12 00:00:00-04:00,0.3049194825356581,0.3107276499249874,0.3049194825356581,0.3078233003616333,19612800,0.0,0.0
1985-07-15 00:00:00-04:00,0.3078232789150381,0.32234343050802716,0.3078232789150381,0.3150833547115326,26620800,0.0,0.0
1985-07-16 00:00:00-04:00,0.3150835084708026,0.3223435878101817,0.31072777990973593,0.317987859249115,23443200,0.0,0.0
1985-07-17 00:00:00-04:00,0.3194397159840216,0.3368636908242862,0.3194397159840216,0.33105552196502686,96259200,0.0,0.0
1985-07-18 00:00:00-04:00,0.3310552809087536,0.3368634455388264,0.3281514644622803,0.3281514644622803,49996800,0.0,0.0
1985-07-19 00:00:00-04:00,0.3281517034041539,0.3368636908242862,0.3281517034041539,0.33105552196502686,32620800,0.0,0.0
1985-07-22 00:00:00-04:00,0.3310554633973964,0.3339592814445495,0.3310554633973964,0.33395928144454956,26678400,0.0,0.0
1985-07-23 00:00:00-04:00,0.33395922804569744,0.3455755618517398,0.331055410462854,0.33686357736587524,92908800,0.0,0.0
1985-07-24 00:00:00-04:00,0.33686349021151657,0.34267112387463455,0.3339591416427608,0.33976730704307556,30057600,0.0,0.0
1985-07-25 00:00:00-04:00,0.3397673160981072,0.3455754816532135,0.3368634991891595,0.3455754816532135,27480000,0.0,0.0
1985-07-26 00:00:00-04:00,0.3455756171080009,0.3455756171080009,0.3339592814445495,0.33395928144454956,28838400,0.0,0.0
1985-07-29 00:00:00-04:00,0.3339591391820096,0.33686348772936486,0.31363135803648673,0.31653517484664917,35112000,0.0,0.0
1985-07-30 00:00:00-04:00,0.31653541799115814,0.31943976876947056,0.313631598950447,0.317987859249115,32337600,0.0,0.0
1985-07-31 00:00:00-04:00,0.3179875751624975,0.3310552809087536,0.31653513520213455,0.3281514644622803,34041600,0.0,0.0
1985-08-01 00:00:00-04:00,0.32815142451817725,0.34557538455034487,0.3252470766881083,0.3426710367202759,47001600,0.0,0.0
1985-08-02 00:00:00-04:00,0.34267103672027593,0.3484792006433523,0.3397672206272685,0.3426710367202759,26736000,0.0,0.0
1985-08-05 00:00:00-04:00,0.34267112387463455,0.3455754724433903,0.3339591416427608,0.33976730704307556,23304000,0.0,0.0
1985-08-06 00:00:00-04:00,0.33976750938515915,0.3426713279460321,0.33105552196502686,0.33105552196502686,22704000,0.0,0.0
1985-08-07 00:00:00-04:00,0.3310552809087536,0.3339590973552269,0.3281514644622803,0.3281514644622803,17524800,0.0,0.0
1985-08-08 00:00:00-04:00,0.3281515928800106,0.3368635773658752,0.3281515928800106,0.33686357736587524,36638400,0.0,0.0
1985-08-09 00:00:00-04:00,0.33686363122912205,0.33686363122912205,0.3310554633973964,0.33395928144454956,10248000,0.0,0.0
1985-08-12 00:00:00-04:00,0.3339590973552269,0.3368634455388264,0.3281514644622803,0.3281514644622803,16809600,0.0,0.0
1985-08-13 00:00:00-04:00,0.3281514269858972,0.3310552431007415,0.32234326301914307,0.3252470791339874,22843200,0.0,0.0
1985-08-14 00:00:00-04:00,0.32524719446397005,0.32524719446397005,0.319439560174942,0.319439560174942,18268800,0.0,0.0
1985-08-15 00:00:00-04:00,0.319439396166876,0.32234321182049946,0.31072741746902466,0.31072741746902466,26217600,0.0,0.0
1985-08-16 00:00:00-04:00,0.31072755753281983,0.31363137449537004,0.30491939187049866,0.30491939187049866,16041600,0.0,0.0
1985-08-19 00:00:00-04:00,0.3049193191177705,0.30782313538747985,0.2903991742950358,0.29620733857154846,28132800,0.0,0.0
1985-08-20 00:00:00-04:00,0.2962073597132855,0.3107275055723924,0.2933035432363168,0.3092755973339081,30436800,0.0,0.0
1985-08-21 00:00:00-04:00,0.30782320883304887,0.30782320883304887,0.30201557490794845,0.30491939187049866,11587200,0.0,0.0
1985-08-22 00:00:00-04:00,0.30491939187049866,0.30782320883304887,0.30491939187049866,0.30491939187049866,15897600,0.0,0.0
1985-08-23 00:00:00-04:00,0.30491944990621356,0.3078232674214511,0.29911128313841645,0.30201563239097595,12945600,0.0,0.0
1985-08-26 00:00:00-04:00,0.30201563239097595,0.30201563239097595,0.2933036481079413,0.30201563239097595,12537600,0.0,0.0
1985-08-27 00:00:00-04:00,0.3020155056898474,0.30491932198688,0.29911115765571594,0.29911115765571594,6216000,0.0,0.0
1985-08-28 00:00:00-04:00,0.29911128235774226,0.3020156316027215,0.29911128235774226,0.3005637228488922,8827200,0.0,0.0
1985-08-29 00:00:00-04:00,0.3005637236333572,0.30491944990621356,0.29911128313841645,0.30201563239097595,9628800,0.0,0.0
1985-08-30 00:00:00-04:00,0.30201563239097595,0.30491944990621356,0.29911128313841645,0.30201563239097595,8856000,0.0,0.0
1985-09-03 00:00:00-04:00,0.3020155056898474,0.3020155056898474,0.2962073413586834,0.29911115765571594,5212800,0.0,0.0
1985-09-04 00:00:00-04:00,0.2991113343256574,0.2991113343256574,0.29039934855173133,0.2933036983013153,8068800,0.0,0.0
1985-09-05 00:00:00-04:00,0.29330366091016913,0.2962074785521536,0.2845916762468705,0.287495493888855,37296000,0.0,0.0
1985-09-06 00:00:00-04:00,0.28749535802532644,0.29765924670640315,0.28749535802532644,0.29620733857154846,28656000,0.0,0.0
1985-09-09 00:00:00-04:00,0.2962074092456273,0.30491939187049866,0.29330359228307706,0.30491939187049866,20092800,0.0,0.0
1985-09-10 00:00:00-04:00,0.30491932198688,0.30782313828391256,0.2962073413586834,0.29911115765571594,17160000,0.0,0.0
1985-09-11 00:00:00-04:00,0.29911115484125783,0.29911115484125783,0.2903991742950358,0.29620733857154846,26083200,0.0,0.0
1985-09-12 00:00:00-04:00,0.2962073413586834,0.30491932198688,0.29330352506165086,0.29911115765571594,51787200,0.0,0.0
1985-09-13 00:00:00-04:00,0.29911115484125783,0.29911115484125783,0.2903991742950358,0.29620733857154846,42388800,0.0,0.0
1985-09-16 00:00:00-04:00,0.29620751631348635,0.29620751631348635,0.29039934855173133,0.2933036983013153,36225600,0.0,0.0
1985-09-17 00:00:00-04:00,0.29330369072951107,0.29330369072951107,0.28459170518049,0.28604361414909363,16113600,0.0,0.0
1985-09-18 00:00:00-04:00,0.28604344989047176,0.29911115484125783,0.2845915417556171,0.29620733857154846,40747200,0.0,0.0
1985-09-19 00:00:00-04:00,0.30201557490794845,0.31072755753281983,0.30201557490794845,0.30491939187049866,47990400,0.0,0.0
1985-09-20 00:00:00-04:00,0.30491939187049866,0.31072755753281983,0.30491939187049866,0.30491939187049866,24067200,0.0,0.0
1985-09-23 00:00:00-04:00,0.3049192544247968,0.31653504877627153,0.3049192544247968,0.31072741746902466,26860800,0.0,0.0
1985-09-24 00:00:00-04:00,0.31072755753281983,0.31363137449537004,0.30201557490794845,0.30491939187049866,13180800,0.0,0.0
1985-09-25 00:00:00-04:00,0.3020156840752414,0.3020156840752414,0.2933036983013153,0.2933036983013153,13430400,0.0,0.0
1985-09-26 00:00:00-04:00,0.29330352506165086,0.3020155056898474,0.29330352506165086,0.29911115765571594,26140800,0.0,0.0
1985-09-30 00:00:00-04:00,0.30491932198688,0.30782313828391256,0.2962073413586834,0.29911115765571594,20198400,0.0,0.0
1985-10-01 00:00:00-04:00,0.29911128313841645,0.30201563239097595,0.2962074656231789,0.30201563239097595,12724800,0.0,0.0
1985-10-02 00:00:00-04:00,0.3020156455734678,0.3020156455734678,0.287495493888855,0.287495493888855,24585600,0.0,0.0
1985-10-03 00:00:00-04:00,0.28749552311769727,0.29330369072951107,0.2802354465372798,0.28604361414909363,40128000,0.0,0.0
1985-10-04 00:00:00-04:00,0.2860434840663686,0.28749539237469435,0.27587961078771706,0.2787834107875824,32721600,0.0,0.0
1985-10-07 00:00:00-04:00,0.2787834715341173,0.2787834715341173,0.26426330519583446,0.26716768741607666,32222400,0.0,0.0
1985-10-08 00:00:00-04:00,0.2671676653773394,0.2700714657704036,0.25555130062989334,0.26135948300361633,44217600,0.0,0.0
1985-10-09 00:00:00-04:00,0.261359504563235,0.27297528868127563,0.2584557039306355,0.26716768741607666,20817600,0.0,0.0
1985-10-10 00:00:00-04:00,0.2613594100393098,0.2613594100393098,0.24103164978761868,0.25264742970466614,71107200,0.0,0.0
1985-10-11 00:00:00-04:00,0.2526475210777938,0.26716768741607666,0.2526475210777938,0.26716768741607666,53438400,0.0,0.0
1985-10-14 00:00:00-04:00,0.2671677446055667,0.2845916986894023,0.2671677446055667,0.28168734908103943,35539200,0.0,0.0
1985-10-15 00:00:00-04:00,0.28168729832077216,0.28459164740576914,0.27007149719265816,0.27442777156829834,23140800,0.0,0.0
1985-10-16 00:00:00-04:00,0.27442782102039326,0.28168734908103943,0.27297534711393157,0.28168734908103943,16214400,0.0,0.0
1985-10-17 00:00:00-04:00,0.28168729611094245,0.2845916451731549,0.27297529578208923,0.27297529578208923,16118400,0.0,0.0
1985-10-18 00:00:00-04:00,0.27297525468594447,0.2758796365444856,0.2613594720144905,0.2642632722854614,31176000,0.0,0.0
1985-10-21 00:00:00-04:00,0.2642632722854614,0.27297525468594447,0.2642632722854614,0.2642632722854614,18355200,0.0,0.0
1985-10-22 00:00:00-04:00,0.2642633120700262,0.27878347878601717,0.2642633120700262,0.27297529578208923,33561600,0.0,0.0
1985-10-23 00:00:00-04:00,0.27297534711393157,0.2845916986894023,0.27297534711393157,0.28168734908103943,32294400,0.0,0.0
1985-10-24 00:00:00-04:00,0.28168736277780526,0.2991113343256574,0.28168736277780526,0.2933036983013153,100291200,0.0,0.0
1985-10-25 00:00:00-04:00,0.29330366091016913,0.2962074785521536,0.287495493888855,0.287495493888855,48571200,0.0,0.0
1985-10-28 00:00:00-05:00,0.2874953772993483,0.2903991937637329,0.27878339616906506,0.2903991937637329,24297600,0.0,0.0
1985-10-29 00:00:00-05:00,0.2903991770275194,0.3020155056898474,0.2874953607304868,0.29911115765571594,30408000,0.0,0.0
1985-10-30 00:00:00-05:00,0.29911115765571594,0.30491932198688,0.2947554332101671,0.29911115765571594,24921600,0.0,0.0
1985-10-31 00:00:00-05:00,0.29911115484125783,0.29911115484125783,0.2933035223018391,0.29620733857154846,14452800,0.0,0.0
1985-11-01 00:00:00-05:00,0.2962073413586834,0.30491932198688,0.2962073413586834,0.29911115765571594,19108800,0.0,0.0
1985-11-04 00:00:00-05:00,0.29911117489401623,0.3020155230955303,0.2874953772993483,0.2903991937637329,24691200,0.0,0.0
1985-11-05 00:00:00-05:00,0.2903993115308395,0.2903993115308395,0.28168732686754083,0.287495493888855,24211200,0.0,0.0
1985-11-06 00:00:00-05:00,0.2874954813401442,0.30927570791639186,0.2874954813401442,0.30201563239097595,56659200,0.0,0.0
1985-11-07 00:00:00-05:00,0.3020156647096829,0.3107276499249874,0.3020156647096829,0.3078233003616333,80779200,0.0,0.0
1985-11-08 00:00:00-05:00,0.30782320883304887,0.30782320883304887,0.30201557490794845,0.30491939187049866,23961600,0.0,0.0
1985-11-11 00:00:00-05:00,0.30491937365796834,0.3165351725515898,0.30201555686886017,0.3136313557624817,30374400,0.0,0.0
1985-11-12 00:00:00-05:00,0.3136312331226481,0.3179874883400643,0.31072741746902466,0.31072741746902466,44073600,0.0,0.0
1985-11-13 00:00:00-05:00,0.31072741746902466,0.31072741746902466,0.3078230700784202,0.31072741746902466,17126400,0.0,0.0
1985-11-14 00:00:00-05:00,0.3107275389733736,0.3165351725515898,0.30782319044707646,0.3136313557624817,25214400,0.0,0.0
1985-11-15 00:00:00-05:00,0.31363142503274455,0.3252472264918922,0.31363142503274455,0.3223434090614319,49089600,0.0,0.0
1985-11-18 00:00:00-05:00,0.32234326301914307,0.32524707913398737,0.31943944690429876,0.3252470791339874,30758400,0.0,0.0
1985-11-19 00:00:00-05:00,0.3252470766881083,0.34267103672027593,0.3223432605951009,0.3426710367202759,119664000,0.0,0.0
1985-11-20 00:00:00-05:00,0.342671078431773,0.34557542661537255,0.3281514644622803,0.3281514644622803,53913600,0.0,0.0
1985-11-21 00:00:00-05:00,0.3281516453502432,0.33686363122912205,0.3281516453502432,0.33395928144454956,29640000,0.0,0.0
1985-11-22 00:00:00-05:00,0.3339593405258998,0.3368636908242862,0.33105552196502686,0.33105552196502686,36436800,0.0,0.0
1985-11-25 00:00:00-05:00,0.3310553930901192,0.33395921052057953,0.3194395916309716,0.3223434090614319,15744000,0.0,0.0
1985-11-26 00:00:00-05:00,0.32234326301914307,0.3281514269858972,0.31943944690429876,0.3252470791339874,21302400,0.0,0.0
1985-11-27 00:00:00-05:00,0.32524724355983287,0.3455755618517398,0.32234342597698945,0.33686357736587524,42072000,0.0,0.0
1985-11-29 00:00:00-05:00,0.3368636908242862,0.33976750938515915,0.3281517034041539,0.33105552196502686,14212800,0.0,0.0
1985-12-02 00:00:00-05:00,0.3310552431007415,0.3339590592155859,0.31943944690429876,0.3252470791339874,12388800,0.0,0.0
1985-12-03 00:00:00-05:00,0.32524711627868075,0.3310552809087536,0.32234329983220744,0.3281514644622803,14289600,0.0,0.0
1985-12-04 00:00:00-05:00,0.32815142451817725,0.34557538455034487,0.3252470766881083,0.3426710367202759,37953600,0.0,0.0
1985-12-05 00:00:00-05:00,0.3426711330070549,0.3542874641172675,0.3426711330070549,0.3455754816532135,84902400,0.0,0.0
1985-12-06 00:00:00-05:00,0.34557532267006935,0.3484791382431065,0.3368633442139917,0.34121906757354736,35083200,0.0,0.0
1985-12-09 00:00:00-05:00,0.341219224552581,0.3484792985621612,0.3397673160981072,0.3455754816532135,29059200,0.0,0.0
1985-12-10 00:00:00-05:00,0.3455754816532135,0.3484792985621612,0.3397673160981072,0.3455754816532135,43132800,0.0,0.0
1985-12-11 00:00:00-05:00,0.34557539514835295,0.35138302751247463,0.3426710472292143,0.3484792113304138,41505600,0.0,0.0
1985-12-12 00:00:00-05:00,0.3484792985621612,0.3513831154711089,0.3455754816532135,0.3455754816532135,29697600,0.0,0.0
1985-12-13 00:00:00-05:00,0.3455754646683039,0.36009508023661946,0.3455754646683039,0.3557393550872803,41054400,0.0,0.0
1985-12-16 00:00:00-05:00,0.35573944528508633,0.36299952077863007,0.35428753653384154,0.3571913540363312,32496000,0.0,0.0
1985-12-17 00:00:00-05:00,0.3571912810262152,0.3571912810262152,0.3455754816532135,0.3455754816532135,31944000,0.0,0.0
1985-12-18 00:00:00-05:00,0.3455756171080009,0.34847943515515406,0.3281516453502432,0.33395928144454956,24316800,0.0,0.0
1985-12-19 00:00:00-05:00,0.33395922804569744,0.3397673949487186,0.331055410462854,0.33686357736587524,27772800,0.0,0.0
1985-12-20 00:00:00-05:00,0.3368636908242862,0.3368636908242862,0.3281517034041539,0.33105552196502686,25416000,0.0,0.0
1985-12-23 00:00:00-05:00,0.3310552431007415,0.3310552431007415,0.32234326301914307,0.3252470791339874,22387200,0.0,0.0
1985-12-24 00:00:00-05:00,0.32524707913398737,0.3281514269858972,0.32089135496172094,0.3252470791339874,13598400,0.0,0.0
1985-12-26 00:00:00-05:00,0.32524711627868075,0.3310552809087536,0.32234329983220744,0.3281514644622803,9537600,0.0,0.0
1985-12-27 00:00:00-05:00,0.3281515079796428,0.33976730704307556,0.32524715941088705,0.33976730704307556,19267200,0.0,0.0
1985-12-30 00:00:00-05:00,0.3397672206272685,0.34557538455034487,0.33686340453426106,0.3426710367202759,13723200,0.0,0.0
1985-12-31 00:00:00-05:00,0.34267112387463455,0.3455754724433903,0.33976730704307556,0.33976730704307556,24019200,0.0,0.0
1986-01-02 00:00:00-05:00,0.3397674492762752,0.3397674492762752,0.3310554633973964,0.33395928144454956,12508800,0.0,0.0
1986-01-03 00:00:00-05:00,0.3339590973552269,0.3339590973552269,0.31943948338573414,0.3281514644622803,25747200,0.0,0.0
1986-01-06 00:00:00-05:00,0.32815137486472734,0.32815137486472734,0.31072741746902466,0.31072741746902466,37084800,0.0,0.0
1986-01-07 00:00:00-05:00,0.3107275412263243,0.32234334020416694,0.3107275412263243,0.31653517484664917,41995200,0.0,0.0
1986-01-08 00:00:00-05:00,0.31653504877627153,0.3252470274741229,0.31072741746902466,0.31072741746902466,55344000,0.0,0.0
1986-01-09 00:00:00-05:00,0.31072741746902466,0.3136312331226481,0.3049192544247968,0.31072741746902466,32760000,0.0,0.0
1986-01-10 00:00:00-05:00,0.3136313941486599,0.319439560174942,0.3136313941486599,0.319439560174942,30316800,0.0,0.0
1986-01-13 00:00:00-05:00,0.319439560174942,0.319439560174942,0.31072757700414594,0.319439560174942,18187200,0.0,0.0
1986-01-14 00:00:00-05:00,0.32234326301914307,0.3310552431007415,0.32234326301914307,0.3252470791339874,22977600,0.0,0.0
1986-01-15 00:00:00-05:00,0.3252472352138377,0.3339592194761487,0.3165352509515267,0.32960349321365356,28900800,0.0,0.0
1986-01-16 00:00:00-05:00,0.33105533363405315,0.3455754816532135,0.33105533363405315,0.3455754816532135,46872000,0.0,0.0
1986-01-17 00:00:00-05:00,0.34557546353783253,0.36009507905865046,0.3426711150439225,0.35428744554519653,45038400,0.0,0.0
1986-01-20 00:00:00-05:00,0.35428743845501276,0.35428743845501276,0.34267110818621077,0.3513830900192261,28248000,0.0,0.0
1986-01-21 00:00:00-05:00,0.3513831154711089,0.3542874641172675,0.3426711330070549,0.3455754816532135,18979200,0.0,0.0
1986-01-22 00:00:00-05:00,0.34557538455034487,0.35138301673635974,0.34267103672027593,0.3426710367202759,18484800,0.0,0.0
1986-01-23 00:00:00-05:00,0.34267103672027593,0.34557538455034487,0.33686340453426106,0.3426710367202759,15643200,0.0,0.0
1986-01-24 00:00:00-05:00,0.34267112387463455,0.35138310610650825,0.33976730704307556,0.33976730704307556,69916800,0.0,0.0
1986-01-27 00:00:00-05:00,0.3397673771188066,0.34267119454926687,0.31653524246320486,0.3223434090614319,186470400,0.0,0.0
1986-01-28 00:00:00-05:00,0.32234329983220744,0.3281514644622803,0.31943948338573414,0.3281514644622803,42854400,0.0,0.0
1986-01-29 00:00:00-05:00,0.3281516453502432,0.3455756171080009,0.3281516453502432,0.33395928144454956,94008000,0.0,0.0
1986-01-30 00:00:00-05:00,0.3339590592155859,0.3368634070674957,0.32234326301914307,0.3252470791339874,31348800,0.0,0.0
1986-01-31 00:00:00-05:00,0.32524711627868075,0.3339590973552269,0.32234329983220744,0.3281514644622803,18355200,0.0,0.0
1986-02-03 00:00:00-05:00,0.3281516453502432,0.3339592814445495,0.32524729556567067,0.33395928144454956,21004800,0.0,0.0
1986-02-04 00:00:00-05:00,0.33395912635319547,0.35428743845501276,0.3310553096545812,0.3513830900192261,76056000,0.0,0.0
1986-02-05 00:00:00-05:00,0.3513830064569675,0.37461512973257677,0.3513830064569675,0.3717113137245178,82401600,0.0,0.0
1986-02-06 00:00:00-05:00,0.37171140212104337,0.37171140212104337,0.3397672914875965,0.3513830900192261,165700800,0.0,0.0
1986-02-07 00:00:00-05:00,0.3513830970512865,0.3571912623019235,0.3426711150439225,0.35428744554519653,191558400,0.0,0.0
1986-02-10 00:00:00-05:00,0.3542873645664287,0.3571911806594361,0.3397672206272685,0.3426710367202759,50505600,0.0,0.0
1986-02-11 00:00:00-05:00,0.34267112387463455,0.3441235640276108,0.3339591416427608,0.33976730704307556,114499200,0.0,0.0
1986-02-12 00:00:00-05:00,0.3397674492762752,0.3397674492762752,0.3310554633973964,0.33395928144454956,105816000,0.0,0.0
1986-02-13 00:00:00-05:00,0.3339590592155859,0.34267103929718434,0.32234326301914307,0.3252470791339874,66916800,0.0,0.0
1986-02-14 00:00:00-05:00,0.32524729556567067,0.3397674492762752,0.32524729556567067,0.33395928144454956,41260800,0.0,0.0
1986-02-18 00:00:00-05:00,0.3339592814445495,0.3397674492762752,0.3281516453502432,0.33395928144454956,32236800,0.0,0.0
1986-02-19 00:00:00-05:00,0.3339590973552269,0.3339590973552269,0.32524711627868075,0.3281514644622803,47400000,0.0,0.0
1986-02-20 00:00:00-05:00,0.3281517034041539,0.33105552196502686,0.32234353454489456,0.33105552196502686,23145600,0.0,0.0
1986-02-21 00:00:00-05:00,0.3310553248112018,0.33976730704307556,0.3281515079796428,0.33976730704307556,28147200,0.0,0.0
1986-02-24 00:00:00-05:00,0.33976730704307556,0.3455754724433903,0.33686349021151657,0.33976730704307556,34051200,0.0,0.0
1986-02-25 00:00:00-05:00,0.3397674492762752,0.3397674492762752,0.3281516453502432,0.33395928144454956,27004800,0.0,0.0
1986-02-26 00:00:00-05:00,0.3339590973552269,0.3339590973552269,0.32524711627868075,0.3281514644622803,35491200,0.0,0.0
1986-02-27 00:00:00-05:00,0.3281514644622803,0.3310552809087536,0.32234329983220744,0.3281514644622803,29865600,0.0,0.0
1986-02-28 00:00:00-05:00,0.3281515756596589,0.33395921052057953,0.3223434090614319,0.3223434090614319,64003200,0.0,0.0
1986-03-03 00:00:00-05:00,0.3223433571202415,0.3223433571202415,0.30201557490794845,0.30491939187049866,61262400,0.0,0.0
1986-03-04 00:00:00-05:00,0.3049194825356581,0.31653528557693783,0.3049194825356581,0.3078233003616333,49473600,0.0,0.0
1986-03-05 00:00:00-05:00,0.307823192678969,0.3194395233940045,0.29620739370112636,0.31653517484664917,64814400,0.0,0.0
1986-03-06 00:00:00-05:00,0.3165351725515898,0.3252471546561032,0.3136313557624817,0.3136313557624817,40497600,0.0,0.0
1986-03-07 00:00:00-05:00,0.3136312996639925,0.31653511593370187,0.29620733857154846,0.29620733857154846,53347200,0.0,0.0
1986-03-10 00:00:00-05:00,0.29620727572694544,0.31072741746902466,0.29620727572694544,0.31072741746902466,28276800,0.0,0.0
1986-03-11 00:00:00-05:00,0.310727502309188,0.3339590973552269,0.3078231541255884,0.3281514644622803,64944000,0.0,0.0
1986-03-12 00:00:00-05:00,0.33105552196502686,0.33976750938515915,0.33105552196502686,0.33105552196502686,77400000,0.0,0.0
1986-03-13 00:00:00-05:00,0.3310552809087536,0.3339590973552269,0.32234329983220744,0.3281514644622803,50716800,0.0,0.0
1986-03-14 00:00:00-05:00,0.32815150556168465,0.3339591391820096,0.31363135803648673,0.31653517484664917,47208000,0.0,0.0
1986-03-17 00:00:00-05:00,0.31653517484664917,0.3194395233940045,0.307823192678969,0.31653517484664917,26947200,0.0,0.0
1986-03-18 00:00:00-05:00,0.31653521129317397,0.32524719446397005,0.3136313941486599,0.319439560174942,40896000,0.0,0.0
1986-03-19 00:00:00-05:00,0.319439521077887,0.3223433378669951,0.3136313557624817,0.3136313557624817,21091200,0.0,0.0
1986-03-20 00:00:00-05:00,0.3136313941486599,0.32234337731945606,0.3136313941486599,0.319439560174942,21614400,0.0,0.0
1986-03-21 00:00:00-05:00,0.3194395233940045,0.32234334020416694,0.31653517484664917,0.31653517484664917,33187200,0.0,0.0
1986-03-24 00:00:00-05:00,0.31653524246320486,0.3223434090614319,0.31363142503274455,0.3223434090614319,16588800,0.0,0.0
1986-03-25 00:00:00-05:00,0.32234337731945606,0.32524719446397005,0.319439560174942,0.319439560174942,26385600,0.0,0.0
1986-03-26 00:00:00-05:00,0.319439396166876,0.32234321182049946,0.3078230700784202,0.31072741746902466,31886400,0.0,0.0
1986-03-27 00:00:00-05:00,0.31072755753281983,0.3165351914579203,0.30491939187049866,0.30491939187049866,37881600,0.0,0.0
1986-03-31 00:00:00-05:00,0.30491944990621356,0.3078232674214511,0.2933036481079413,0.30201563239097595,42926400,0.0,0.0
1986-04-01 00:00:00-05:00,0.3020156840752414,0.3020156840752414,0.29039934855173133,0.2933036983013153,44630400,0.0,0.0
1986-04-02 00:00:00-05:00,0.2933036983013153,0.29620751631348635,0.28459171252738924,0.2933036983013153,33595200,0.0,0.0
1986-04-03 00:00:00-05:00,0.2933036983013153,0.3020156840752414,0.29039934855173133,0.2933036983013153,32385600,0.0,0.0
1986-04-04 00:00:00-05:00,0.2933036983013153,0.29620751631348635,0.29039934855173133,0.2933036983013153,44155200,0.0,0.0
1986-04-07 00:00:00-05:00,0.29330354196524705,0.29330354196524705,0.2874953772993483,0.2903991937637329,40478400,0.0,0.0
1986-04-08 00:00:00-05:00,0.29330359228307706,0.30782320883304887,0.29330359228307706,0.30491939187049866,35452800,0.0,0.0
1986-04-09 00:00:00-05:00,0.30491944990621356,0.31072761667401066,0.29765937438079765,0.30201563239097595,32716800,0.0,0.0
1986-04-10 00:00:00-05:00,0.30201548674110185,0.3281514269858972,0.30201548674110185,0.3252470791339874,63878400,0.0,0.0
1986-04-11 00:00:00-05:00,0.3252473531057675,0.33976750938515915,0.3252473531057675,0.33105552196502686,84648000,0.0,0.0
1986-04-14 00:00:00-05:00,0.3310552809087536,0.3310552809087536,0.32234329983220744,0.3281514644622803,37161600,0.0,0.0
1986-04-15 00:00:00-05:00,0.3281514269858972,0.3310552431007415,0.31943944690429876,0.3252470791339874,25459200,0.0,0.0
1986-04-16 00:00:00-05:00,0.32524724355983287,0.3397673949487186,0.32234342597698945,0.33686357736587524,32294400,0.0,0.0
1986-04-17 00:00:00-05:00,0.3368635773658752,0.3455755618517398,0.33395922804569744,0.33686357736587524,47995200,0.0,0.0
1986-04-18 00:00:00-05:00,0.3368636908242862,0.3368636908242862,0.3281517034041539,0.33105552196502686,31051200,0.0,0.0
1986-04-21 00:00:00-05:00,0.33105552196502686,0.3339593405258998,0.3281517034041539,0.33105552196502686,22924800,0.0,0.0
1986-04-22 00:00:00-05:00,0.331055410462854,0.3397673949487186,0.331055410462854,0.33686357736587524,31814400,0.0,0.0
1986-04-23 00:00:00-05:00,0.33686363122912205,0.33686363122912205,0.3281516453502432,0.33395928144454956,21571200,0.0,0.0
1986-04-24 00:00:00-05:00,0.33395915054300085,0.3484792985621612,0.33395915054300085,0.3455754816532135,78820800,0.0,0.0
1986-04-25 00:00:00-05:00,0.34557535360244285,0.3629993120742129,0.3426710060324719,0.36009496450424194,77640000,0.0,0.0
1986-04-28 00:00:00-04:00,0.3600951715388208,0.36299952077863007,0.3484793697915426,0.3571913540363312,27264000,0.0,0.0
1986-04-29 00:00:00-04:00,0.3571912810262152,0.3600950979351629,0.3397673160981072,0.3455754816532135,51902400,0.0,0.0
1986-04-30 00:00:00-04:00,0.3455756782444185,0.34847949680529144,0.33105552196502686,0.33105552196502686,34891200,0.0,0.0
1986-05-01 00:00:00-04:00,0.3310554633973964,0.3339592814445495,0.32524729556567067,0.33395928144454956,16646400,0.0,0.0
1986-05-02 00:00:00-04:00,0.3339590592155859,0.3368634070674957,0.32234326301914307,0.3252470791339874,25680000,0.0,0.0
1986-05-05 00:00:00-04:00,0.32524707913398737,0.3310552431007415,0.32234326301914307,0.3252470791339874,15302400,0.0,0.0
1986-05-06 00:00:00-04:00,0.32524724355983287,0.3368635773658752,0.32524724355983287,0.33686357736587524,21604800,0.0,0.0
1986-05-07 00:00:00-04:00,0.3368636908242862,0.3368636908242862,0.3266997941237174,0.33105552196502686,13195200,0.0,0.0
1986-05-08 00:00:00-04:00,0.3310553441923967,0.3368635099327428,0.3252471784520506,0.33250725269317627,16156800,0.0,0.0
1986-05-09 00:00:00-04:00,0.33250723322698134,0.33976730704307556,0.3310553248112018,0.33976730704307556,17500800,0.0,0.0
1986-05-12 00:00:00-04:00,0.33976730704307556,0.3455754724433903,0.33686349021151657,0.33976730704307556,18398400,0.0,0.0
1986-05-13 00:00:00-04:00,0.33976736399896673,0.3426711813172985,0.3310553803066856,0.3354116380214691,12292800,0.0,0.0
1986-05-14 00:00:00-04:00,0.33541141357337206,0.33686332126096125,0.3252469962863877,0.326699435710907,41448000,0.0,0.0
1986-05-15 00:00:00-04:00,0.3252471546561032,0.3252471546561032,0.30782319044707646,0.3136313557624817,40838400,0.0,0.0
1986-05-16 00:00:00-04:00,0.31363137449537004,0.31363137449537004,0.30201557490794845,0.30491939187049866,23260800,0.0,0.0
1986-05-19 00:00:00-04:00,0.3049194825356581,0.3107276499249874,0.3020156647096829,0.3078233003616333,19891200,0.0,0.0
1986-05-20 00:00:00-04:00,0.3078230700784202,0.31072741746902466,0.3049192544247968,0.31072741746902466,21859200,0.0,0.0
1986-05-21 00:00:00-04:00,0.3107276499249874,0.3136314677509626,0.30782330036163336,0.3078233003616333,10891200,0.0,0.0
1986-05-22 00:00:00-04:00,0.30782323984244175,0.31072758883479007,0.3020156053322938,0.3063713312149048,28550400,0.0,0.0
1986-05-23 00:00:00-04:00,0.30491929003010526,0.30491929003010526,0.2962073103149594,0.2976592183113098,48139200,0.0,0.0
1986-05-27 00:00:00-04:00,0.29765937438079765,0.30201563239097595,0.2962074656231789,0.30201563239097595,22430400,0.0,0.0
1986-05-28 00:00:00-04:00,0.30201563239097595,0.30491944990621356,0.2933036481079413,0.30201563239097595,65942400,0.0,0.0
1986-05-29 00:00:00-04:00,0.30201555686886017,0.3165351725515898,0.29911120834256305,0.3136313557624817,74097600,0.0,0.0
1986-05-30 00:00:00-04:00,0.31363135803648673,0.32234334020416694,0.31363135803648673,0.31653517484664917,21768000,0.0,0.0
1986-06-02 00:00:00-04:00,0.3165351914579203,0.31943954015769127,0.30491939187049866,0.30491939187049866,26136000,0.0,0.0
1986-06-03 00:00:00-04:00,0.3049194825356581,0.30782330036163336,0.2991113151463288,0.3078233003616333,30940800,0.0,0.0
1986-06-04 00:00:00-04:00,0.30782320883304887,0.31072755753281983,0.30491939187049866,0.30491939187049866,10459200,0.0,0.0
1986-06-05 00:00:00-04:00,0.3049194825356581,0.3107276499249874,0.3049194825356581,0.3078233003616333,7022400,0.0,0.0
1986-06-06 00:00:00-04:00,0.30782313828391256,0.31363130261507655,0.29911115765571594,0.29911115765571594,27892800,0.0,0.0
1986-06-09 00:00:00-04:00,0.29911117489401623,0.3020155230955303,0.28459156083496373,0.2903991937637329,52387200,0.0,0.0
1986-06-10 00:00:00-04:00,0.2903991937637329,0.29330354196524705,0.2874953772993483,0.2903991937637329,29121600,0.0,0.0
1986-06-11 00:00:00-04:00,0.2903993115308395,0.2991112961941381,0.28313976742587826,0.287495493888855,65198400,0.0,0.0
1986-06-12 00:00:00-04:00,0.28749552195309264,0.29039933987853694,0.28168735436480685,0.28313979506492615,14832000,0.0,0.0
1986-06-13 00:00:00-04:00,0.2831397962118863,0.28749552311769727,0.27878353756867613,0.28604361414909363,51547200,0.0,0.0
1986-06-16 00:00:00-04:00,0.2860434951792589,0.2874954035439918,0.2700714396928408,0.2758796215057373,34339200,0.0,0.0
1986-06-17 00:00:00-04:00,0.2758796481441266,0.2787834485371908,0.2584556826105522,0.26135948300361633,61008000,0.0,0.0
1986-06-18 00:00:00-04:00,0.2613594720144905,0.2642632722854614,0.25264748961400746,0.2642632722854614,45268800,0.0,0.0
1986-06-19 00:00:00-04:00,0.26426325787994426,0.2758796215057373,0.2584556576545863,0.2758796215057373,44126400,0.0,0.0
1986-06-20 00:00:00-04:00,0.27587961078771706,0.2787834107875824,0.27007142920047045,0.2787834107875824,23668800,0.0,0.0
1986-06-23 00:00:00-04:00,0.27878347878601717,0.27878347878601717,0.2700714950739541,0.27297529578208923,18124800,0.0,0.0
1986-06-24 00:00:00-04:00,0.2729752292003358,0.28459157575804284,0.27007142920047045,0.2787834107875824,26601600,0.0,0.0
1986-06-25 00:00:00-04:00,0.2787834107875824,0.28459157575804284,0.27587961078771706,0.2787834107875824,15542400,0.0,0.0
1986-06-26 00:00:00-04:00,0.2787834715341173,0.28168728878350663,0.26426330519583446,0.26716768741607666,46929600,0.0,0.0
1986-06-27 00:00:00-04:00,0.26716768741607666,0.26716768741607666,0.261359504563235,0.26716768741607666,14990400,0.0,0.0
1986-06-30 00:00:00-04:00,0.26716768741607666,0.2758796709015178,0.261359504563235,0.26716768741607666,19521600,0.0,0.0
1986-07-01 00:00:00-04:00,0.26716765414400256,0.2700714544149735,0.2584556717435196,0.2642632722854614,17217600,0.0,0.0
1986-07-02 00:00:00-04:00,0.26426328339668054,0.26426328339668054,0.25555130062989334,0.26135948300361633,25574400,0.0,0.0
1986-07-03 00:00:00-04:00,0.26135946410251476,0.2642632642855807,0.25845566391944885,0.25845566391944885,22012800,0.0,0.0
1986-07-07 00:00:00-04:00,0.2584557136425987,0.261359514384314,0.24683934750040837,0.2497437298297882,36816000,0.0,0.0
1986-07-08 00:00:00-04:00,0.24974363012226233,0.25264742970466614,0.24538735746961624,0.25264742970466614,37992000,0.0,0.0
1986-07-09 00:00:00-04:00,0.2497437298297882,0.2526475305715035,0.24393554675869306,0.2497437298297882,27648000,0.0,0.0
1986-07-10 00:00:00-04:00,0.2526475702013288,0.2526475702013288,0.24248367611497607,0.24393558502197266,63840000,0.0,0.0
1986-07-11 00:00:00-04:00,0.24103179437398317,0.24393559569827367,0.21779963901631577,0.22360782325267792,158400000,0.0,0.0
1986-07-14 00:00:00-04:00,0.22651162457696838,0.22651162457696838,0.22070344034060624,0.22360782325267792,28526400,0.0,0.0
1986-07-15 00:00:00-04:00,0.2265114997506767,0.22941529947473693,0.21779951899103528,0.22070331871509552,36662400,0.0,0.0
1986-07-16 00:00:00-04:00,0.2236077673007551,0.2236077673007551,0.2119914017347187,0.21344387531280518,40123200,0.0,0.0
1986-07-17 00:00:00-04:00,0.21489575897495455,0.21779955923557281,0.2090875768661499,0.21779955923557281,41059200,0.0,0.0
1986-07-18 00:00:00-04:00,0.2177996189982323,0.2177996189982323,0.20327945053577423,0.20327945053577423,37987200,0.0,0.0
1986-07-21 00:00:00-04:00,0.2061838331809025,0.209087634238303,0.20327945053577423,0.20327945053577423,19555200,0.0,0.0
1986-07-22 00:00:00-04:00,0.20037558749984227,0.21199136972427368,0.20037558749984227,0.21199136972427368,21859200,0.0,0.0
1986-07-23 00:00:00-04:00,0.21199136564460613,0.2177995474388202,0.2090875655412674,0.2090875655412674,48960000,0.0,0.0
1986-07-24 00:00:00-04:00,0.21199141735669474,0.2148957997560501,0.20618381573334102,0.2148957997560501,54240000,0.0,0.0
1986-07-25 00:00:00-04:00,0.21199144629372307,0.2294154167175293,0.21199144629372307,0.2294154167175293,24912000,0.0,0.0
1986-07-28 00:00:00-04:00,0.22941529947473693,0.23231968078625787,0.21779951899103528,0.22070331871509552,26721600,0.0,0.0
1986-07-29 00:00:00-04:00,0.22070335949619108,0.22070335949619108,0.21489575897495455,0.21779955923557281,17755200,0.0,0.0
1986-07-30 00:00:00-04:00,0.21489583769202528,0.22360782325267792,0.21199145477995363,0.22360782325267792,37372800,0.0,0.0
1986-07-31 00:00:00-04:00,0.22360773353625296,0.2323197156014635,0.21199136972427368,0.21199136972427368,51360000,0.0,0.0
1986-08-01 00:00:00-04:00,0.21779955163026332,0.22070335178948422,0.2090875695650528,0.21199136972427368,40636800,0.0,0.0
1986-08-04 00:00:00-04:00,0.2090875655412674,0.21199136564460613,0.2003755836437146,0.2090875655412674,28396800,0.0,0.0
1986-08-05 00:00:00-04:00,0.20327948563942955,0.20618386878610603,0.19166369781620815,0.19311560690402985,34824000,0.0,0.0
1986-08-06 00:00:00-04:00,0.19456751834456487,0.20037570361636312,0.1902118072732315,0.19747190177440643,35313600,0.0,0.0
1986-08-07 00:00:00-04:00,0.1974718484209732,0.209087634238303,0.1974718484209732,0.20327945053577423,28348800,0.0,0.0
1986-08-08 00:00:00-04:00,0.20618373850733362,0.22360770002661645,0.20327935719581272,0.22070331871509552,59520000,0.0,0.0
1986-08-11 00:00:00-04:00,0.22360781136461255,0.23231979646209422,0.22070342860695183,0.226511612534523,32486400,0.0,0.0
1986-08-12 00:00:00-04:00,0.22941539617760695,0.2410317631452847,0.22505968644711136,0.23812738060951233,55200000,0.0,0.0
1986-08-13 00:00:00-04:00,0.24103177189273917,0.24683937399963998,0.2294154045034836,0.23231978714466095,34300800,0.0,0.0
1986-08-14 00:00:00-04:00,0.23231979951333562,0.235223600721384,0.2294154167175293,0.2294154167175293,14678400,0.0,0.0
1986-08-15 00:00:00-04:00,0.23231979951333562,0.23231979951333562,0.22796352442190165,0.2294154167175293,14184000,0.0,0.0
1986-08-18 00:00:00-04:00,0.23231979951333562,0.23231979951333562,0.2265116155094809,0.2294154167175293,7665600,0.0,0.0
1986-08-19 00:00:00-04:00,0.22941539302254488,0.23812737733463768,0.2265115921144132,0.23522357642650604,16334400,0.0,0.0
1986-08-20 00:00:00-04:00,0.23522344648856278,0.24974360618364896,0.23522344648856278,0.2468392252922058,17424000,0.0,0.0
1986-08-21 00:00:00-04:00,0.2497437298297882,0.2526475305715035,0.24683934750040837,0.2497437298297882,33724800,0.0,0.0
1986-08-22 00:00:00-04:00,0.24974369984376496,0.26426328339668054,0.24683931786310612,0.26135948300361633,26433600,0.0,0.0
1986-08-25 00:00:00-04:00,0.2613594100393098,0.26426320962171357,0.25264742970466614,0.25264742970466614,21561600,0.0,0.0
1986-08-26 00:00:00-04:00,0.25264750023682914,0.26135948300361633,0.25264750023682914,0.26135948300361633,18734400,0.0,0.0
1986-08-27 00:00:00-04:00,0.26135948300361633,0.26426328339668054,0.25555130062989334,0.26135948300361633,23198400,0.0,0.0
1986-08-28 00:00:00-04:00,0.25845566391944885,0.2642632642855807,0.25845566391944885,0.25845566391944885,18960000,0.0,0.0
1986-08-29 00:00:00-04:00,0.2584557039306355,0.28168728878350663,0.2584557039306355,0.26716768741607666,43963200,0.0,0.0
1986-09-02 00:00:00-04:00,0.26716759079154967,0.27007139037395345,0.24974363012226233,0.25264742970466614,35164800,0.0,0.0
1986-09-03 00:00:00-04:00,0.24974359093075024,0.25555118918418884,0.2468392102166899,0.25555118918418884,35817600,0.0,0.0
1986-09-04 00:00:00-04:00,0.25555128988497844,0.2700714544149735,0.25555128988497844,0.2642632722854614,39115200,0.0,0.0
1986-09-05 00:00:00-04:00,0.26426328339668054,0.2700714657704036,0.25555130062989334,0.26135948300361633,33139200,0.0,0.0
1986-09-08 00:00:00-04:00,0.26135946410251476,0.26135946410251476,0.25555128214883027,0.25845566391944885,19526400,0.0,0.0
1986-09-09 00:00:00-04:00,0.258455610456906,0.26426320962171357,0.25264742970466614,0.25264742970466614,40598400,0.0,0.0
1986-09-10 00:00:00-04:00,0.24974363012226233,0.2555512292870699,0.24103164978761868,0.25264742970466614,32419200,0.0,0.0
1986-09-11 00:00:00-04:00,0.24974374757719012,0.2526475485252566,0.23812738060951236,0.23812738060951233,45628800,0.0,0.0
1986-09-12 00:00:00-04:00,0.2381273892515618,0.24103177189273917,0.23231978714466095,0.23231978714466095,45331200,0.0,0.0
1986-09-15 00:00:00-04:00,0.23522361013762103,0.24103179437398317,0.21779963901631577,0.22360782325267792,29664000,0.0,0.0
1986-09-16 00:00:00-04:00,0.22651160345003318,0.23522358819811137,0.2207034197554054,0.23231978714466095,19737600,0.0,0.0
1986-09-17 00:00:00-04:00,0.2323197787133793,0.2410317631452847,0.22651159522954042,0.23812738060951233,18734400,0.0,0.0
1986-09-18 00:00:00-04:00,0.23522344648856278,0.2526474054877156,0.23522344648856278,0.2468392252922058,28041600,0.0,0.0
1986-09-19 00:00:00-04:00,0.24683936504141776,0.24683936504141776,0.2323197787133793,0.23812738060951233,25766400,0.0,0.0
1986-09-22 00:00:00-04:00,0.2410317838247725,0.24683938621917278,0.23231979864541633,0.24393558502197266,12028800,0.0,0.0
1986-09-23 00:00:00-04:00,0.24974374969629784,0.25555135164170917,0.23522358165734808,0.23957985639572144,52800000,0.0,0.0
1986-09-24 00:00:00-04:00,0.24103177189273917,0.24393557294618956,0.22651160345003318,0.23231978714466095,44064000,0.0,0.0
1986-09-25 00:00:00-04:00,0.23231980881333053,0.23231980881333053,0.21779963901631577,0.22360782325267792,28915200,0.0,0.0
1986-09-26 00:00:00-04:00,0.22360781136461255,0.2294154137044335,0.21779962743704137,0.226511612534523,32937600,0.0,0.0
1986-09-29 00:00:00-04:00,0.22360782325267792,0.22651162457696838,0.21779963901631577,0.22360782325267792,33532800,0.0,0.0
1986-09-30 00:00:00-04:00,0.22360781136461255,0.2294154137044335,0.22070342860695183,0.226511612534523,22627200,0.0,0.0
1986-10-01 00:00:00-04:00,0.22941536936909868,0.23231975156547724,0.22360776815161731,0.22796347737312317,26827200,0.0,0.0
1986-10-02 00:00:00-04:00,0.22651154160499573,0.229415341865614,0.2090875768661499,0.21779955923557281,39240000,0.0,0.0
1986-10-03 00:00:00-04:00,0.22070343150562619,0.2294154167175293,0.21199144629372307,0.2294154167175293,244800,0.0,0.0
1986-10-06 00:00:00-04:00,0.23231979951333562,0.235223600721384,0.2265116155094809,0.2294154167175293,48000000,0.0,0.0
1986-10-07 00:00:00-04:00,0.22651168129616292,0.229415483347574,0.2177996935540028,0.2192516028881073,31411200,0.0,0.0
1986-10-08 00:00:00-04:00,0.2207034013794038,0.2207034013794038,0.2090876165450179,0.2148957997560501,41846400,0.0,0.0
1986-10-09 00:00:00-04:00,0.21489575897495455,0.22070335949619108,0.2090875768661499,0.21779955923557281,54240000,0.0,0.0
1986-10-10 00:00:00-04:00,0.21779962743704137,0.2294154137044335,0.2148958262671309,0.226511612534523,83520000,0.0,0.0
1986-10-13 00:00:00-04:00,0.2236078143014325,0.2294154167175293,0.2236078143014325,0.2294154167175293,7776000,0.0,0.0
1986-10-14 00:00:00-04:00,0.23231979951333562,0.2381274019294324,0.2265116155094809,0.2294154167175293,15508800,0.0,0.0
1986-10-15 00:00:00-04:00,0.22941542590125888,0.22941542590125888,0.22070344034060624,0.22360782325267792,37459200,0.0,0.0
1986-10-16 00:00:00-04:00,0.22651162457696838,0.22651162457696838,0.22360782325267792,0.22360782325267792,12417600,0.0,0.0
1986-10-17 00:00:00-04:00,0.22360782325267792,0.22651162457696838,0.22070344034060624,0.22360782325267792,18216000,0.0,0.0
1986-10-20 00:00:00-04:00,0.22360774134437747,0.22360774134437747,0.21489575897495455,0.21779955923557281,12763200,0.0,0.0
1986-10-21 00:00:00-04:00,0.22070331871509552,0.22360770002661645,0.21489571926697504,0.22070331871509552,27096000,0.0,0.0
1986-10-22 00:00:00-04:00,0.22070344034060624,0.22651162457696838,0.22070344034060624,0.22360782325267792,15292800,0.0,0.0
1986-10-23 00:00:00-04:00,0.22070340871045205,0.24103175983046718,0.22070340871045205,0.23522357642650604,57120000,0.0,0.0
1986-10-24 00:00:00-04:00,0.23812748641962064,0.2439356724842821,0.23522368418127204,0.24103187024593353,40411200,0.0,0.0
1986-10-27 00:00:00-05:00,0.2410317838247725,0.24974376900412865,0.2410317838247725,0.24393558502197266,33561600,0.0,0.0
1986-10-28 00:00:00-05:00,0.24103177189273917,0.24393557294618956,0.23231978714466095,0.23231978714466095,22065600,0.0,0.0
1986-10-29 00:00:00-05:00,0.23231977551837438,0.23957985106800567,0.22941539302254488,0.23522357642650604,16809600,0.0,0.0
1986-10-30 00:00:00-05:00,0.23812738060951236,0.24393556409335124,0.2323197787133793,0.23812738060951233,30014400,0.0,0.0
1986-10-31 00:00:00-05:00,0.23522357642650604,0.23812737733463768,0.23231977551837438,0.23522357642650604,38803200,0.0,0.0
1986-11-03 00:00:00-05:00,0.2337716676640445,0.23812737733463768,0.23231977551837438,0.23522357642650604,15993600,0.0,0.0
1986-11-04 00:00:00-05:00,0.23231976220416725,0.2497437298297882,0.23231976220416725,0.2497437298297882,42470400,0.0,0.0
1986-11-05 00:00:00-05:00,0.24974360618364896,0.25409931344813996,0.24393542598813917,0.2468392252922058,44563200,0.0,0.0
1986-11-06 00:00:00-05:00,0.24683934750040837,0.2497437298297882,0.24103174601697772,0.2497437298297882,36556800,0.0,0.0
1986-11-07 00:00:00-05:00,0.24974360618364896,0.2526474054877156,0.24683922529220578,0.2468392252922058,18350400,0.0,0.0
1986-11-10 00:00:00-05:00,0.24683934006618982,0.2497437223080965,0.23812735651576375,0.24248363077640533,19598400,0.0,0.0
1986-11-11 00:00:00-05:00,0.24683947472263074,0.24683947472263074,0.23522368418127204,0.24103187024593353,13776000,0.0,0.0
1986-11-12 00:00:00-05:00,0.24103175983046718,0.24103175983046718,0.23522357642650604,0.23522357642650604,11342400,0.0,0.0
1986-11-13 00:00:00-05:00,0.2381273892515618,0.24103177189273917,0.23231978714466095,0.23231978714466095,13257600,0.0,0.0
1986-11-14 00:00:00-05:00,0.23231977551837438,0.23812737733463768,0.23231977551837438,0.23522357642650604,8568000,0.0,0.0
1986-11-17 00:00:00-05:00,0.23522357966144583,0.2410317631452847,0.22651159522954042,0.23812738060951233,16641600,0.0,0.0
1986-11-18 00:00:00-05:00,0.2381273892515618,0.24103177189273917,0.2294154045034836,0.23231978714466095,16267200,0.0,0.0
1986-11-19 00:00:00-05:00,0.2294154045034836,0.2381273892515618,0.2294154045034836,0.23231978714466095,27580800,0.0,0.0
1986-11-20 00:00:00-05:00,0.2323197787133793,0.2410317631452847,0.2323197787133793,0.23812738060951233,12211200,0.0,0.0
1986-11-21 00:00:00-05:00,0.23522359984261648,0.24393558502197263,0.23231979864541633,0.24393558502197266,29049600,0.0,0.0
1986-11-24 00:00:00-05:00,0.24103174601697772,0.2497437298297882,0.24103174601697772,0.2497437298297882,49440000,0.0,0.0
1986-11-25 00:00:00-05:00,0.24683930001207977,0.25845566391944885,0.24683930001207977,0.25845566391944885,27729600,0.0,0.0
1986-11-26 00:00:00-05:00,0.2584556826105522,0.26135948300361633,0.25555130062989334,0.26135948300361633,25243200,0.0,0.0
1986-11-28 00:00:00-05:00,0.261359504563235,0.26716768741607666,0.2584557039306355,0.26716768741607666,16459200,0.0,0.0
1986-12-01 00:00:00-05:00,0.2613595113618911,0.27297529578208923,0.2555513283579631,0.27297529578208923,35688000,0.0,0.0
1986-12-02 00:00:00-05:00,0.2729753374539904,0.27587972019316087,0.26426335241197213,0.27007153630256653,70560000,0.0,0.0
1986-12-03 00:00:00-05:00,0.27007148804867614,0.27297528868127563,0.26716768741607666,0.26716768741607666,33014400,0.0,0.0
1986-12-04 00:00:00-05:00,0.26716763613537264,0.2700714362106108,0.2613594543973653,0.2628113627433777,35112000,0.0,0.0
1986-12-05 00:00:00-05:00,0.2613593690249685,0.26426316815168777,0.25555118918418884,0.25555118918418884,20721600,0.0,0.0
1986-12-08 00:00:00-05:00,0.25845566391944885,0.25845566391944885,0.24974368178269835,0.25845566391944885,22857600,0.0,0.0
1986-12-09 00:00:00-05:00,0.2584555698982492,0.26426316815168777,0.25555118918418884,0.25555118918418884,27772800,0.0,0.0
1986-12-10 00:00:00-05:00,0.26135946410251476,0.26135946410251476,0.25555128214883027,0.25845566391944885,18355200,0.0,0.0
1986-12-11 00:00:00-05:00,0.26135948300361633,0.2671676653773394,0.2584556826105522,0.26135948300361633,52320000,0.0,0.0
1986-12-12 00:00:00-05:00,0.26426328339668054,0.26426328339668054,0.2584556826105522,0.26135948300361633,24998400,0.0,0.0
1986-12-15 00:00:00-05:00,0.2584556826105522,0.26426328339668054,0.2584556826105522,0.26135948300361633,19771200,0.0,0.0
1986-12-16 00:00:00-05:00,0.2642632722854614,0.2642632722854614,0.2613594720144905,0.2642632722854614,46387200,0.0,0.0
1986-12-17 00:00:00-05:00,0.2613594720144905,0.2700714544149735,0.2613594720144905,0.2642632722854614,27902400,0.0,0.0
1986-12-18 00:00:00-05:00,0.2642632722854614,0.26716765414400256,0.2613594720144905,0.2642632722854614,17630400,0.0,0.0
1986-12-19 00:00:00-05:00,0.2642632722854614,0.2700714544149735,0.2613594720144905,0.2642632722854614,48480000,0.0,0.0
1986-12-22 00:00:00-05:00,0.2613594720144905,0.26716765414400256,0.2613594720144905,0.2642632722854614,25761600,0.0,0.0
1986-12-23 00:00:00-05:00,0.26426320962171357,0.26716759079154967,0.25119552160507236,0.25264742970466614,50880000,0.0,0.0
1986-12-24 00:00:00-05:00,0.25555133131321883,0.25555133131321883,0.2497437298297882,0.2497437298297882,10776000,0.0,0.0
1986-12-26 00:00:00-05:00,0.25264739005746956,0.25555118918418884,0.24974359093075024,0.25555118918418884,7588800,0.0,0.0
1986-12-29 00:00:00-05:00,0.2526475305715035,0.25555133131321883,0.24683934750040837,0.2497437298297882,11827200,0.0,0.0
1986-12-30 00:00:00-05:00,0.24683922529220578,0.24974360618364896,0.24103162668407258,0.2468392252922058,39014400,0.0,0.0
1986-12-31 00:00:00-05:00,0.24683938621917278,0.2526475702013288,0.2410317838247725,0.24393558502197266,20222400,0.0,0.0
1987-01-02 00:00:00-05:00,0.24103162668407258,0.24683922529220578,0.24103162668407258,0.2468392252922058,5788800,0.0,0.0
1987-01-05 00:00:00-05:00,0.24393554675869306,0.2526475305715035,0.24393554675869306,0.2497437298297882,30561600,0.0,0.0
1987-01-06 00:00:00-05:00,0.25264739005746956,0.25555118918418884,0.2468392102166899,0.25555118918418884,42052800,0.0,0.0
1987-01-07 00:00:00-05:00,0.2555513673699539,0.27007153630256653,0.25264756621852996,0.27007153630256653,32328000,0.0,0.0
1987-01-08 00:00:00-05:00,0.27007154585974913,0.2860436076248902,0.2671677446055667,0.28168734908103943,76800000,0.0,0.0
1987-01-09 00:00:00-05:00,0.2845916762468705,0.29330366091016913,0.27878350922555634,0.287495493888855,84960000,0.0,0.0
1987-01-12 00:00:00-05:00,0.28749535802532644,0.3005635947132064,0.2816871937488138,0.29620733857154846,65280000,0.0,0.0
1987-01-13 00:00:00-05:00,0.29911115765571594,0.29911115765571594,0.29330352506165086,0.29911115765571594,52320000,0.0,0.0
1987-01-14 00:00:00-05:00,0.3049194417827088,0.3281515764976368,0.29911127516964986,0.3237953186035156,175200000,0.0,0.0
1987-01-15 00:00:00-05:00,0.32524721393273615,0.336863546680635,0.3194395792960726,0.3354116380214691,180960000,0.0,0.0
1987-01-16 00:00:00-05:00,0.33105536049025214,0.33541161794427726,0.31653521129317397,0.319439560174942,76320000,0.0,0.0
1987-01-19 00:00:00-05:00,0.31943960839414604,0.3368635773658752,0.3150833502825466,0.33686357736587524,96480000,0.0,0.0
1987-01-20 00:00:00-05:00,0.3339590592155859,0.33976722318234,0.32234326301914307,0.3252470791339874,76320000,0.0,0.0
1987-01-21 00:00:00-05:00,0.31653521129317397,0.32524719446397005,0.31072757700414594,0.319439560174942,46948800,0.0,0.0
1987-01-22 00:00:00-05:00,0.3194395257477691,0.34267112387463455,0.31653517717901336,0.33976730704307556,100320000,0.0,0.0
1987-01-23 00:00:00-05:00,0.34267097536006597,0.3513829538161436,0.3368633442139917,0.34121906757354736,166080000,0.0,0.0
1987-01-26 00:00:00-05:00,0.3368635099327428,0.3397673269343019,0.3310553441923967,0.33250725269317627,30316800,0.0,0.0
1987-01-27 00:00:00-05:00,0.3339591416427608,0.34267112387463455,0.3339591416427608,0.33976730704307556,68640000,0.0,0.0
1987-01-28 00:00:00-05:00,0.3368634991891595,0.3455754816532135,0.33395915054300085,0.3455754816532135,101760000,0.0,0.0
1987-01-29 00:00:00-05:00,0.3455756171080009,0.35138325320230723,0.3339592814445495,0.33395928144454956,126720000,0.0,0.0
1987-01-30 00:00:00-05:00,0.3310554084774312,0.36299952864646917,0.32524724160924307,0.3629995286464691,158400000,0.0,0.0
1987-02-02 00:00:00-05:00,0.3659033014984357,0.4065594011329062,0.36009513534000676,0.4036550521850586,249600000,0.0,0.0
1987-02-03 00:00:00-05:00,0.40655946731567383,0.41527145210288574,0.39494313310782275,0.40655946731567383,146880000,0.0,0.0
1987-02-04 00:00:00-05:00,0.40075141220950183,0.40365523070431664,0.3920394249875561,0.4022033214569092,81120000,0.0,0.0
1987-02-05 00:00:00-05:00,0.4007512349744772,0.4094632183434876,0.3978474177638958,0.4036550521850586,81600000,0.0,0.0
1987-02-06 00:00:00-05:00,0.4036551178950347,0.41236710268224663,0.4007513002117483,0.40655946731567383,97440000,0.0,0.0
1987-02-09 00:00:00-05:00,0.4036551178950347,0.40946328499896023,0.4036551178950347,0.40655946731567383,48000000,0.0,0.0
1987-02-10 00:00:00-05:00,0.40946316719055176,0.40946316719055176,0.39494301947706845,0.40946316719055176,85920000,0.0,0.0
1987-02-11 00:00:00-05:00,0.4065595006667246,0.4472150785172196,0.40365515100783467,0.44285935163497925,135840000,0.0,0.0
1987-02-12 00:00:00-05:00,0.4355990973232022,0.4355990973232022,0.4152713166938458,0.42107895016670227,112800000,0.0,0.0
1987-02-13 00:00:00-05:00,0.42398329864030987,0.4268871153767381,0.41817513343027407,0.42107895016670227,65760000,0.0,0.0
1987-02-17 00:00:00-05:00,0.4210789974644238,0.43559914625190016,0.4210789974644238,0.43269532918930054,85440000,0.0,0.0
1987-02-18 00:00:00-05:00,0.4355992602551477,0.44140742763767576,0.4181752898449418,0.42979109287261963,72960000,0.0,0.0
1987-02-19 00:00:00-05:00,0.4326953291893005,0.4385029633144998,0.4239833462642625,0.43269532918930054,64320000,0.0,0.0
1987-02-20 00:00:00-05:00,0.4297909485996686,0.43269529718468513,0.4036550017577185,0.40946316719055176,44342400,0.0,0.0
1987-02-23 00:00:00-05:00,0.41236688961458545,0.41236688961458545,0.39058720476867315,0.4051073491573334,69600000,0.0,0.0
1987-02-24 00:00:00-05:00,0.40655933246485654,0.4239832962599622,0.3978473505673037,0.4181751310825348,48000000,0.0,0.0
1987-02-25 00:00:00-05:00,0.4196273209577899,0.4385032057762146,0.4181754116236854,0.4385032057762146,116160000,0.0,0.0
1987-02-26 00:00:00-05:00,0.4355991274692877,0.4472149269560633,0.4326953105318978,0.44140729308128357,91200000,0.0,0.0
1987-02-27 00:00:00-05:00,0.44140729308128357,0.44431111001867346,0.4355991274692877,0.44140729308128357,45379200,0.0,0.0
1987-03-02 00:00:00-05:00,0.4385030780777226,0.44140742763767576,0.42688727505004476,0.42979109287261963,67200000,0.0,0.0
1987-03-03 00:00:00-05:00,0.42688732500150456,0.432695493063665,0.4094633525524635,0.415271520614624,64320000,0.0,0.0
1987-03-04 00:00:00-05:00,0.4123670330509715,0.4268871824902725,0.4123670330509715,0.4239833652973175,89760000,0.0,0.0
1987-03-05 00:00:00-05:00,0.4268871824902725,0.4326953486134455,0.419627107770622,0.4239833652973175,63840000,0.0,0.0
1987-03-06 00:00:00-05:00,0.42688711298008764,0.42688711298008764,0.4152713143624093,0.4181751310825348,35328000,0.0,0.0
1987-03-09 00:00:00-05:00,0.41817533307156973,0.41817533307156973,0.4007513608602543,0.41236716508865356,40636800,0.0,0.0
1987-03-10 00:00:00-05:00,0.409463149184982,0.4210789478026603,0.409463149184982,0.4181751310825348,43051200,0.0,0.0
1987-03-11 00:00:00-05:00,0.41817533877698404,0.42398350683914454,0.415271520614624,0.415271520614624,40190400,0.0,0.0
1987-03-12 00:00:00-05:00,0.41527151494882825,0.41527151494882825,0.40510761978179977,0.41236716508865356,55680000,0.0,0.0
1987-03-13 00:00:00-05:00,0.41236703555406895,0.41527138450191653,0.4007512349744772,0.4036550521850586,47880000,0.0,0.0
1987-03-16 00:00:00-05:00,0.4007512792980608,0.4152714304314467,0.39784746176631364,0.4138195216655731,30000000,0.0,0.0
1987-03-17 00:00:00-05:00,0.4152713454331263,0.44140729308128357,0.4123669967585203,0.44140729308128357,49920000,0.0,0.0
1987-03-18 00:00:00-05:00,0.4443111419677735,0.45302312514361215,0.4414073248215787,0.44431114196777344,102240000,0.0,0.0
1987-03-19 00:00:00-05:00,0.44431096444816426,0.46463873982429504,0.44431096444816426,0.46463873982429504,79680000,0.0,0.0
1987-03-20 00:00:00-05:00,0.4646391258836133,0.4733511128172903,0.45592713894993625,0.4588314890861511,74880000,0.0,0.0
1987-03-23 00:00:00-05:00,0.4559268342238321,0.45883118241887866,0.4501192013079957,0.45447492599487305,58560000,0.0,0.0
1987-03-24 00:00:00-05:00,0.4530229444021307,0.45592676038979696,0.438502800989715,0.44576287269592285,43900800,0.0,0.0
1987-03-25 00:00:00-05:00,0.4443111419677735,0.44721495911396825,0.43269534164574003,0.44431114196777344,80160000,0.0,0.0
1987-03-26 00:00:00-05:00,0.44431133361752817,0.4588314890861511,0.44431133361752817,0.4588314890861511,72960000,0.0,0.0
1987-03-27 00:00:00-05:00,0.46754330743153094,0.48787109236775683,0.46463895834257585,0.4733509421348572,141600000,0.0,0.0
1987-03-30 00:00:00-05:00,0.461735141090288,0.48206292603088885,0.44431117350197524,0.4472149908542633,86880000,0.0,0.0
1987-03-31 00:00:00-05:00,0.453023137520716,0.4617351209345759,0.4501193202951857,0.45592695474624634,51840000,0.0,0.0
1987-04-01 00:00:00-05:00,0.4472150247876089,0.47625532746314997,0.44431120721498774,0.47625532746315,66720000,0.0,0.0
1987-04-02 00:00:00-05:00,0.4820629546900279,0.49367928826436747,0.467543335328089,0.4704471528530121,89280000,0.0,0.0
1987-04-03 00:00:00-05:00,0.4733509200294753,0.5067469449631824,0.4733509200294753,0.5023912191390991,122880000,0.0,0.0
1987-04-06 00:00:00-04:00,0.5023909053658508,0.5140066987125805,0.4907745802821861,0.4936789274215698,39686400,0.0,0.0
1987-04-07 00:00:00-04:00,0.49367933740930825,0.498035064130298,0.48206300267858226,0.4878711700439453,62400000,0.0,0.0
1987-04-08 00:00:00-04:00,0.48496736969346266,0.5140071440912367,0.48496736969346266,0.5081989765167236,85920000,0.0,0.0
1987-04-09 00:00:00-04:00,0.5081985674917976,0.5111029148101807,0.4936789578477537,0.5111029148101807,63840000,0.0,0.0
1987-04-10 00:00:00-04:00,0.5081989908033984,0.5314311300171655,0.5081989908033984,0.5212672352790833,109920000,0.0,0.0
1987-04-13 00:00:00-04:00,0.5140070294751384,0.519815195754515,0.4820629125444838,0.48496726155281067,68160000,0.0,0.0
1987-04-14 00:00:00-04:00,0.4762552912238123,0.48787109236775683,0.46754330743153094,0.4733509421348572,92640000,0.0,0.0
1987-04-15 00:00:00-04:00,0.47915920728625605,0.4849673749234051,0.4762553893363823,0.48206302523612976,70560000,0.0,0.0
1987-04-16 00:00:00-04:00,0.482062954596952,0.5081989075281842,0.482062954596952,0.49948692321777344,67200000,0.0,0.0
1987-04-20 00:00:00-04:00,0.4965832154250478,0.4994870335910765,0.484967411023492,0.48641932010650635,32419200,0.0,0.0
1987-04-21 00:00:00-04:00,0.4791588164667419,0.5154586381823035,0.47044683798552844,0.5111029148101807,66720000,0.0,0.0
1987-04-22 00:00:00-04:00,0.5111030235447883,0.519815003879432,0.5023910432101447,0.5052948594093323,87360000,0.0,0.0
1987-04-23 00:00:00-04:00,0.5052951143366674,0.5256229014607502,0.5052951143366674,0.5198152661323547,78240000,0.0,0.0
1987-04-24 00:00:00-04:00,0.5198151982245475,0.5256228327942432,0.5111032146327242,0.514007031917572,77760000,0.0,0.0
1987-04-27 00:00:00-04:00,0.5081987686840813,0.5343347144747571,0.5052949519530657,0.5285270810127258,69120000,0.0,0.0
1987-04-28 00:00:00-04:00,0.5314310875631147,0.5488550576471513,0.5256229202893131,0.5401430726051331,72480000,0.0,0.0
1987-04-29 00:00:00-04:00,0.5430468903733496,0.5575670426891696,0.5372392548369164,0.5401430726051331,60960000,0.0,0.0
1987-04-30 00:00:00-04:00,0.5401430208928872,0.5546631718185759,0.5401430208928872,0.5459511876106262,115680000,0.0,0.0
1987-05-01 00:00:00-04:00,0.5430465877982744,0.5459509356856128,0.5299788833850038,0.5372389554977417,46454400,0.0,0.0
1987-05-04 00:00:00-04:00,0.5372389554977417,0.5401427716480081,0.5285269753098706,0.5372389554977417,20803200,0.0,0.0
1987-05-05 00:00:00-04:00,0.5343347396713701,0.5517587043534496,0.5343347396713701,0.5488548874855042,30278400,0.0,0.0
1987-05-06 00:00:00-04:00,0.5459509356856128,0.5459509356856128,0.5314307914601369,0.5372389554977417,61440000,0.0,0.0
1987-05-07 00:00:00-04:00,0.5372390629429511,0.5401428796739668,0.5227189158135163,0.5285270810127258,48960000,0.0,0.0
1987-05-08 00:00:00-04:00,0.5314308906079761,0.5328827989539885,0.5198150921027058,0.5256227254867554,48960000,0.0,0.0
1987-05-11 00:00:00-04:00,0.5256229014607502,0.531431068526495,0.5169109167308077,0.5198152661323547,84960000,0.0,0.0
1987-05-12 00:00:00-04:00,0.5169109673723188,0.5198153170584034,0.5023913458915006,0.5096514225006104,45811200,0.0,0.0
1987-05-13 00:00:00-04:00,0.5081989320008652,0.5227190837965525,0.5081989320008652,0.5198152661323547,51840000,0.0,0.0
1987-05-14 00:00:00-04:00,0.5198152661323547,0.5227190837965525,0.5140070990666099,0.5198152661323547,18897600,0.0,0.0
1987-05-15 00:00:00-04:00,0.5169108492024198,0.5198151982245475,0.514007031917572,0.514007031917572,23596800,0.0,0.0
1987-05-18 00:00:00-04:00,0.5140071440912367,0.5169109620097954,0.49658317310509315,0.5081989765167236,60480000,0.0,0.0
1987-05-19 00:00:00-04:00,0.5067470071876692,0.5067470071876692,0.4733509781531964,0.47625532746315,61440000,0.0,0.0
1987-05-20 00:00:00-04:00,0.47625527800238454,0.4907748960949099,0.47044711172300807,0.48496726155281067,82560000,0.0,0.0
1987-05-21 00:00:00-04:00,0.48787107882386027,0.4907748960949099,0.47915909527343414,0.48496726155281067,25171200,0.0,0.0
1987-05-22 00:00:00-04:00,0.48496732614887167,0.4878711438067003,0.45883137201636987,0.4631870985031128,42547200,0.0,0.0
1987-05-26 00:00:00-04:00,0.464638646449343,0.4936789274215698,0.4617348310468944,0.4936789274215698,48960000,0.0,0.0
1987-05-27 00:00:00-04:00,0.4936789274215698,0.4965827428240185,0.4849669494772888,0.4936789274215698,28752000,0.0,0.0
1987-05-28 00:00:00-04:00,0.49077488588523943,0.5023912182023359,0.48496725146395736,0.5009393095970154,25353600,0.0,0.0
1987-05-29 00:00:00-04:00,0.5023913458915006,0.5198153170584034,0.5023913458915006,0.5096514225006104,48960000,0.0,0.0
1987-06-01 00:00:00-04:00,0.5111031849437664,0.5111031849437664,0.48787105280265236,0.49077486991882324,33244800,0.0,0.0
1987-06-02 00:00:00-04:00,0.48496738800346273,0.4878712060316554,0.4617352485656739,0.46173524856567383,87840000,0.0,0.0
1987-06-03 00:00:00-04:00,0.46463898606584225,0.48496730395227466,0.4617351685409192,0.4704471528530121,70560000,0.0,0.0
1987-06-04 00:00:00-04:00,0.4704471528530121,0.4733509703779351,0.4588313510159962,0.4704471528530121,27326400,0.0,0.0
1987-06-05 00:00:00-04:00,0.4733508179367482,0.4733508179367482,0.46463883643032244,0.46754318475723267,20496000,0.0,0.0
1987-06-08 00:00:00-04:00,0.4646390540620841,0.4835154659484682,0.4646390540620841,0.48206302523612976,52800000,0.0,0.0
1987-06-09 00:00:00-04:00,0.5023912191390991,0.5111032025245328,0.4878710695842872,0.5023912191390991,98880000,0.0,0.0
1987-06-10 00:00:00-04:00,0.5023912018580047,0.5111031849437664,0.48787105280265236,0.49077486991882324,55680000,0.0,0.0
1987-06-11 00:00:00-04:00,0.47625531954822725,0.5023912724794595,0.4733509702865413,0.49948692321777344,61440000,0.0,0.0
1987-06-12 00:00:00-04:00,0.5052950189741756,0.5111031849437664,0.49077486991882324,0.49077486991882324,41280000,0.0,0.0
1987-06-15 00:00:00-04:00,0.4936793286363272,0.49658314639871776,0.4791591763496399,0.4791591763496399,53760000,0.0,0.0
1987-06-16 00:00:00-04:00,0.48206292592713856,0.48206292592713856,0.46173514099091273,0.4733509421348572,75840000,0.0,0.0
1987-06-17 00:00:00-04:00,0.4762549715330078,0.4965827428240185,0.473350624393624,0.4936789274215698,47251200,0.0,0.0
1987-06-18 00:00:00-04:00,0.493679127576561,0.49948676073607834,0.48496714610013436,0.48932287096977234,27120000,0.0,0.0
1987-06-19 00:00:00-04:00,0.49077497913656937,0.4936793286363272,0.470447191325101,0.4791591763496399,39897600,0.0,0.0
1987-06-22 00:00:00-04:00,0.47915878693545644,0.4936789274215698,0.47915878693545644,0.4936789274215698,24019200,0.0,0.0
1987-06-23 00:00:00-04:00,0.49077471493923247,0.5081986756085198,0.48496708254085735,0.5052948594093323,27268800,0.0,0.0
1987-06-24 00:00:00-04:00,0.5023910899960212,0.5111030711419804,0.49658292531967163,0.49658292531967163,31675200,0.0,0.0
1987-06-25 00:00:00-04:00,0.49948687964533595,0.508198863195762,0.47915909527343414,0.48496726155281067,79200000,0.0,0.0
1987-06-26 00:00:00-04:00,0.4849673214666327,0.5198152599735202,0.4820629720994968,0.5169109106063843,127680000,0.0,0.0
1987-06-29 00:00:00-04:00,0.5227190776033133,0.5241709864182097,0.5096513665319019,0.5169109106063843,61920000,0.0,0.0
1987-06-30 00:00:00-04:00,0.5140067303915958,0.5198148932913942,0.5023909363289671,0.5111029148101807,56160000,0.0,0.0
1987-07-01 00:00:00-04:00,0.5081987686840813,0.5343347144747571,0.50239113522205,0.5285270810127258,60000000,0.0,0.0
1987-07-02 00:00:00-04:00,0.5343346076104033,0.5459509356856128,0.5285269753098706,0.5372389554977417,39744000,0.0,0.0
1987-07-06 00:00:00-04:00,0.5372392355922397,0.5401430532564375,0.5140070990666099,0.5198152661323547,29606400,0.0,0.0
1987-07-07 00:00:00-04:00,0.514007031917572,0.5227190155093953,0.5111032146327242,0.514007031917572,22281600,0.0,0.0
1987-07-08 00:00:00-04:00,0.516910779014872,0.516910779014872,0.49658299730653904,0.5067468881607056,56640000,0.0,0.0
1987-07-09 00:00:00-04:00,0.5081987618602644,0.5314308906079761,0.5023911284762148,0.5256227254867554,48000000,0.0,0.0
1987-07-10 00:00:00-04:00,0.5256227938251734,0.541594851182246,0.5256227938251734,0.5314309597015381,48000000,0.0,0.0
1987-07-13 00:00:00-04:00,0.5314310305212191,0.5459511812784983,0.5198152289577825,0.5430468320846558,39225600,0.0,0.0
1987-07-14 00:00:00-04:00,0.5546630772455826,0.5691826939582825,0.5459510945230721,0.5691826939582825,130560000,0.0,0.0
1987-07-15 00:00:00-04:00,0.5633750489394428,0.5720870314914073,0.5575668833257277,0.560470700263977,61440000,0.0,0.0
1987-07-16 00:00:00-04:00,0.5633752427491661,0.5749910462353945,0.5633752427491661,0.5720872282981873,46891200,0.0,0.0
1987-07-17 00:00:00-04:00,0.5749908596856984,0.5866066594033037,0.5633750599680932,0.5691826939582825,69600000,0.0,0.0
1987-07-20 00:00:00-04:00,0.5691828612726573,0.5720872108587278,0.5517588907057659,0.5532113313674927,28123200,0.0,0.0
1987-07-21 00:00:00-04:00,0.548855005100837,0.5633751560265258,0.5459511876106262,0.5459511876106262,40752000,0.0,0.0
1987-07-22 00:00:00-04:00,0.5459512398789347,0.5517588754153679,0.5299791786790065,0.5401430726051331,75360000,0.0,0.0
1987-07-23 00:00:00-04:00,0.5372391255779028,0.540142942647465,0.5198151596860491,0.5314309597015381,34416000,0.0,0.0
1987-07-24 00:00:00-04:00,0.5314309082451631,0.537239073559146,0.5227189261427835,0.5357871651649475,31176000,0.0,0.0
1987-07-27 00:00:00-04:00,0.537239187532081,0.5401430049365101,0.5285272035814922,0.5343348383903503,10862400,0.0,0.0
1987-07-28 00:00:00-04:00,0.5401430208928872,0.548855005100837,0.5372392034026764,0.5459511876106262,46348800,0.0,0.0
1987-07-29 00:00:00-04:00,0.5488548874855042,0.5488548874855042,0.5430467220124099,0.5488548874855042,25080000,0.0,0.0
1987-07-30 00:00:00-04:00,0.5459510838355138,0.5662788658776922,0.5459510838355138,0.560470700263977,34900800,0.0,0.0
1987-07-31 00:00:00-04:00,0.5633750445801956,0.5662788614959761,0.5503068049847593,0.5546630620956421,55200000,0.0,0.0
1987-08-03 00:00:00-04:00,0.5459511085238297,0.551758742662954,0.5256227938251734,0.5314309597015381,43200000,0.0,0.0
1987-08-04 00:00:00-04:00,0.5256227938251734,0.5343347767711003,0.5198151596860491,0.5314309597015381,38572800,0.0,0.0
1987-08-05 00:00:00-04:00,0.5343347949010707,0.5517587613841193,0.5343347949010707,0.5444992184638977,41529600,0.0,0.0
1987-08-06 00:00:00-04:00,0.5459510838355138,0.5691826828159415,0.5430467351600481,0.560470700263977,51840000,0.0,0.0
1987-08-07 00:00:00-04:00,0.5633752427491661,0.5807992138472083,0.5633752427491661,0.5720872282981873,91200000,0.0,0.0
1987-08-10 00:00:00-04:00,0.5735390871422952,0.5837029807716456,0.5691828288798005,0.5822510719299316,45681600,0.0,0.0
1987-08-11 00:00:00-04:00,0.5837032300224672,0.5982233881146571,0.5807994110990611,0.5967714786529541,102240000,0.0,0.0
1987-08-12 00:00:00-04:00,0.5953185992406593,0.5982229477637592,0.5807989835739137,0.5807989835739136,66720000,0.0,0.0
1987-08-13 00:00:00-04:00,0.5837026409147729,0.5953184366226196,0.5778944771923279,0.5953184366226196,51360000,0.0,0.0
1987-08-14 00:00:00-04:00,0.5924146206299188,0.5982227843523638,0.5866064569074738,0.5953184366226196,43622400,0.0,0.0
1987-08-17 00:00:00-04:00,0.5953188517217011,0.6011270194940179,0.5866068659319327,0.5895112156867981,34617600,0.0,0.0
1987-08-18 00:00:00-04:00,0.5924149074863873,0.5953187248851615,0.5807991061539897,0.5866067409515381,53280000,0.0,0.0
1987-08-19 00:00:00-04:00,0.5837031602859497,0.5866069788624291,0.5749911728189951,0.5837031602859497,34473600,0.0,0.0
1987-08-20 00:00:00-04:00,0.5837026965968749,0.5953184934128063,0.5807988803271655,0.5924146771430969,46886400,0.0,0.0
1987-08-21 00:00:00-04:00,0.5924148745990736,0.6098388414990463,0.5895110573615018,0.6069350242614746,56640000,0.0,0.0
1987-08-24 00:00:00-04:00,0.6040307283401489,0.6127427125553305,0.5982230933549064,0.6040307283401489,39912000,0.0,0.0
1987-08-25 00:00:00-04:00,0.6069348050251642,0.6243587656312735,0.6040304570994266,0.6214544177055359,51840000,0.0,0.0
1987-08-26 00:00:00-04:00,0.6185507428635144,0.6388785243034363,0.6185507428635144,0.6388785243034363,73440000,0.0,0.0
1987-08-27 00:00:00-04:00,0.6359748340941764,0.6533988021515511,0.6301666674959494,0.6446868181228638,134880000,0.0,0.0
1987-08-28 00:00:00-04:00,0.6417829066056094,0.6446867236103637,0.6098387926043981,0.6156469583511353,66720000,0.0,0.0
1987-08-31 00:00:00-04:00,0.6156470114221578,0.6185508286772319,0.6040306789273133,0.6127426624298096,53760000,0.0,0.0
1987-09-01 00:00:00-04:00,0.6156471292776288,0.6243591144478907,0.6069351441073669,0.6083870530128479,44740800,0.0,0.0
1987-09-02 00:00:00-04:00,0.606935077570088,0.6127427125553305,0.6011269108475277,0.6040307283401489,76320000,0.0,0.0
1987-09-03 00:00:00-04:00,0.6098387926043981,0.6214545923606438,0.5982229928481524,0.6156469583511353,79680000,0.0,0.0
1987-09-04 00:00:00-04:00,0.6185506090464082,0.6272625894555126,0.615646792822402,0.6243587732315063,65280000,0.0,0.0
1987-09-08 00:00:00-04:00,0.6214545923606438,0.6243589411026267,0.6040306268576611,0.6156469583511353,60960000,0.0,0.0
1987-09-09 00:00:00-04:00,0.6156472567104312,0.6214548935344776,0.6127429065609219,0.6170991659164429,53280000,0.0,0.0
1987-09-10 00:00:00-04:00,0.6214547308665855,0.6359748826009746,0.6185509132146465,0.6330710649490356,84960000,0.0,0.0
1987-09-11 00:00:00-04:00,0.6301667094230652,0.6388786940313903,0.6243590741757431,0.6301667094230652,50880000,0.0,0.0
1987-09-14 00:00:00-04:00,0.6301667094230652,0.6359748764077292,0.6243590741757431,0.6301667094230652,32409600,0.0,0.0
1987-09-15 00:00:00-04:00,0.6272625894555126,0.6301664056795189,0.6214544252704145,0.6243587732315063,34488000,0.0,0.0
1987-09-16 00:00:00-04:00,0.6272627115249634,0.6388785104185849,0.6214545462095582,0.6272627115249634,59520000,0.0,0.0
1987-09-17 00:00:00-04:00,0.6301667094230652,0.6330710587840681,0.6243590741757431,0.6301667094230652,51840000,0.0,0.0
1987-09-18 00:00:00-04:00,0.6330711326235218,0.6446869362103392,0.6272629649614111,0.6417831182479858,48480000,0.0,0.0
1987-09-21 00:00:00-04:00,0.6388785104185849,0.6475904925230983,0.6243588947358553,0.6272627115249634,62400000,0.0,0.0
1987-09-22 00:00:00-04:00,0.6272630298228302,0.6504951711361621,0.6170991341662034,0.6490432620048523,63840000,0.0,0.0
1987-09-23 00:00:00-04:00,0.6504949567654091,0.6766309077282521,0.6504949567654091,0.6737265586853027,124800000,0.0,0.0
1987-09-24 00:00:00-04:00,0.6737266252319346,0.6838910502803124,0.6679189900469601,0.6780828833580017,54240000,0.0,0.0
1987-09-25 00:00:00-04:00,0.6766310261757877,0.6795348439897809,0.6650146914450618,0.6708228588104248,45451200,0.0,0.0
1987-09-28 00:00:00-04:00,0.6708224508369394,0.6795344307179386,0.6679186347889574,0.6751787066459656,114240000,0.0,0.0
1987-09-29 00:00:00-04:00,0.6737264881282576,0.6795346538686038,0.6621106883847934,0.6650145053863525,60480000,0.0,0.0
1987-09-30 00:00:00-04:00,0.6650146914450618,0.6766310261757877,0.6592070558170754,0.6708228588104248,60960000,0.0,0.0
1987-10-01 00:00:00-04:00,0.6766307708062438,0.7056705331983089,0.6737264223510141,0.7027667164802551,93600000,0.0,0.0
1987-10-02 00:00:00-04:00,0.7027666231898858,0.7245463091584463,0.6998622751202005,0.7201905846595764,124800000,0.0,0.0
1987-10-05 00:00:00-04:00,0.7172861320333374,0.7289024591445924,0.7114785002147378,0.7289024591445923,66720000,0.0,0.0
1987-10-06 00:00:00-04:00,0.7259981934900376,0.7289025414643725,0.7056704163551331,0.7056704163551331,83520000,0.0,0.0
1987-10-07 00:00:00-04:00,0.7056704163551331,0.7085742325923801,0.6940546196690573,0.7056704163551331,70560000,0.0,0.0
1987-10-08 00:00:00-04:00,0.7027666972893312,0.7085743305668456,0.6853427339824648,0.6911503672599792,68640000,0.0,0.0
1987-10-09 00:00:00-04:00,0.7085745812727687,0.7114789306762964,0.6940549612045288,0.6940549612045288,103680000,0.0,0.0
1987-10-12 00:00:00-04:00,0.6940544727392391,0.6969582883617547,0.6795343311527108,0.6882463097572327,71520000,0.0,0.0
1987-10-13 00:00:00-04:00,0.6853427794864658,0.6911504131495838,0.6679188150227184,0.6795346140861511,95040000,0.0,0.0
1987-10-14 00:00:00-04:00,0.6766305183212096,0.6824381495901963,0.6475902350283654,0.6563022136688232,82080000,0.0,0.0
1987-10-15 00:00:00-04:00,0.6504950343353637,0.6592070190285277,0.6272628979078105,0.6330710649490356,136320000,0.0,0.0
1987-10-16 00:00:00-04:00,0.635974847708254,0.6388786652008752,0.5982230933549064,0.6040307283401489,109440000,0.0,0.0
1987-10-19 00:00:00-04:00,0.5749910218375069,0.5924149921962193,0.48496735222995213,0.4878711700439453,193920000,0.0,0.0
1987-10-20 00:00:00-04:00,0.4762552705367654,0.5227190048315954,0.41672329525251117,0.45592695474624634,127680000,0.0,0.0
1987-10-21 00:00:00-04:00,0.47335093951196505,0.48787108966440684,0.4646389557679578,0.46899521350860596,159840000,0.0,0.0
1987-10-22 00:00:00-04:00,0.4646390114055181,0.4675433608261573,0.38913549774125,0.40655946731567383,291360000,0.0,0.0
1987-10-23 00:00:00-04:00,0.4022032772489842,0.4036551863368059,0.3804235774567729,0.3862312138080597,120960000,0.0,0.0
1987-10-26 00:00:00-05:00,0.37461523049407536,0.38042339580948065,0.3107275389733736,0.3136313557624817,108000000,0.0,0.0
1987-10-27 00:00:00-05:00,0.32524729556567067,0.34847943515515406,0.31363149163963866,0.33395928144454956,99360000,0.0,0.0
1987-10-28 00:00:00-05:00,0.32815154058053514,0.3717114560674536,0.3165352086258572,0.3688071072101593,158880000,0.0,0.0
1987-10-29 00:00:00-05:00,0.37897163000659984,0.48351545459636686,0.37897163000659984,0.46609148383140564,154880000,0.0,1.5
1987-10-30 00:00:00-05:00,0.4878711654589727,0.505295135653936,0.4530232250690461,0.453023225069046,128320000,0.0,0.0
1987-11-02 00:00:00-05:00,0.45302326274368,0.4617352485656739,0.44431127692168615,0.46173524856567383,64000000,0.0,0.0
1987-11-03 00:00:00-05:00,0.4573794834864727,0.4617352101665277,0.41599742133909196,0.453023225069046,85760000,0.0,0.0
1987-11-04 00:00:00-05:00,0.4399555483557763,0.46609150573124575,0.43124356256395313,0.4573795199394226,67840000,0.0,0.0
1987-11-05 00:00:00-05:00,0.4530230159803996,0.49658292136313037,0.4443110349038535,0.4922271966934204,76480000,0.0,0.0
1987-11-06 00:00:00-05:00,0.4922274631067152,0.4922274631067152,0.453023261174804,0.4573795199394226,107200000,0.0,0.0
1987-11-09 00:00:00-05:00,0.44866735332207686,0.453023078593802,0.40510744191882664,0.40946316719055176,79040000,0.0,0.0
1987-11-10 00:00:00-05:00,0.4094631326031038,0.41381938924405465,0.3833271879688631,0.3855050504207611,64320000,0.0,0.0
1987-11-11 00:00:00-05:00,0.3963954448699951,0.4181751338915922,0.38768346291392025,0.3963954448699951,64320000,0.0,0.0
1987-11-12 00:00:00-05:00,0.4268871931776671,0.43995543434766243,0.4225314672791862,0.4334213137626648,100480000,0.0,0.0
1987-11-13 00:00:00-05:00,0.43995539131721234,0.43995539131721234,0.4225314259529113,0.4225314259529114,48320000,0.0,0.0
1987-11-16 00:00:00-05:00,0.42688711298008764,0.44431107677519327,0.41381940600234657,0.4181751310825348,40320000,0.0,0.0
1987-11-17 00:00:00-05:00,0.41817515337644195,0.41817515337644195,0.3833272239284051,0.3876834809780121,68480000,0.0,0.0
1987-11-18 00:00:00-05:00,0.39203911286012355,0.4094630734316846,0.3746151522885625,0.4051073491573334,76160000,0.0,0.0
1987-11-19 00:00:00-05:00,0.405107426678599,0.405107426678599,0.37461522397484714,0.3767930865287781,57600000,0.0,0.0
1987-11-20 00:00:00-05:00,0.37461522043588363,0.378971477239772,0.35283553162796616,0.37243735790252686,113280000,0.0,0.0
1987-11-23 00:00:00-05:00,0.3746152415663959,0.39203920629041433,0.36154753389198446,0.3876834809780121,39680000,0.0,0.0
1987-11-24 00:00:00-05:00,0.39203918538987637,0.4225313878998994,0.39203918538987637,0.4181751310825348,76800000,0.0,0.0
1987-11-25 00:00:00-05:00,0.42253150599813966,0.4268872322957604,0.40946326363062735,0.4138195216655731,35200000,0.0,0.0
1987-11-27 00:00:00-05:00,0.4138194087821448,0.4181751338915922,0.3963954448699951,0.3963954448699951,14406400,0.0,0.0
1987-11-30 00:00:00-05:00,0.37897159963576577,0.383327326109243,0.3571913720563401,0.374615341424942,59840000,0.0,0.0
1987-12-01 00:00:00-05:00,0.38332736319014404,0.39203934871719276,0.3746153776630953,0.3789716362953186,31769600,0.0,0.0
1987-12-02 00:00:00-05:00,0.3833273437288072,0.40510757230935673,0.37897161705511984,0.39203932881355286,40640000,0.0,0.0
1987-12-03 00:00:00-05:00,0.39639563051166177,0.4072854801224405,0.36590341351656674,0.37025967240333557,45440000,0.0,0.0
1987-12-04 00:00:00-05:00,0.370259666148459,0.38332737911315196,0.3615476802595237,0.36590340733528137,66880000,0.0,0.0
1987-12-07 00:00:00-05:00,0.3746153586440616,0.3963955872246111,0.37025963197037426,0.39203932881355286,54400000,0.0,0.0
1987-12-08 00:00:00-05:00,0.396395442207241,0.4225313878998994,0.39203918538987637,0.4181751310825348,74880000,0.0,0.0
1987-12-09 00:00:00-05:00,0.41817519244025736,0.45302312514361215,0.4094632092644187,0.44431114196777344,53120000,0.0,0.0
1987-12-10 00:00:00-05:00,0.4225313878998994,0.44866733359255784,0.4159972685424407,0.4181751310825348,305280000,0.0,0.0
1987-12-11 00:00:00-05:00,0.4225314259529113,0.43124340863506183,0.41817516874322397,0.4225314259529114,44480000,0.0,0.0
1987-12-14 00:00:00-05:00,0.424709489227086,0.45302331337889834,0.4225316254625179,0.44866758584976196,86400000,0.0,0.0
1987-12-15 00:00:00-05:00,0.45302312514361215,0.4573793826001587,0.4355991587919348,0.44431114196777344,51840000,0.0,0.0
1987-12-16 00:00:00-05:00,0.4399555132915094,0.4573794834864727,0.4399555132915094,0.453023225069046,41280000,0.0,0.0
1987-12-17 00:00:00-05:00,0.45737957264551005,0.47044728697039445,0.4464891903477185,0.44866758584976196,55360000,0.0,0.0
1987-12-18 00:00:00-05:00,0.4530232398889903,0.47044721065395145,0.4443112545065097,0.46609148383140564,46080000,0.0,0.0
1987-12-21 00:00:00-05:00,0.4617352644288461,0.48351549560081064,0.45737953723691366,0.4813371002674103,38400000,0.0,0.0
1987-12-22 00:00:00-05:00,0.4835154630607021,0.4878711899594984,0.45737950645572895,0.47480347752571106,62400000,0.0,0.0
1987-12-23 00:00:00-05:00,0.4748034497060541,0.483515434730593,0.470447191325101,0.4791591763496399,51200000,0.0,0.0
1987-12-24 00:00:00-05:00,0.4835154630607021,0.4835154630607021,0.46609149199072,0.47480347752571106,25091200,0.0,0.0
1987-12-28 00:00:00-05:00,0.4660913226327284,0.4704470479488373,0.4268871361017227,0.43559911847114563,52800000,0.0,0.0
1987-12-29 00:00:00-05:00,0.4312435281940278,0.4573794834864727,0.4312435281940278,0.453023225069046,44800000,0.0,0.0
1987-12-30 00:00:00-05:00,0.45520110330026314,0.4660914838314057,0.4530232398889903,0.46609148383140564,44160000,0.0,0.0
1987-12-31 00:00:00-05:00,0.45955738504452937,0.46609150734537874,0.44866753570139106,0.46173524856567383,33920000,0.0,0.0
1988-01-04 00:00:00-05:00,0.47044702385043646,0.492227244526916,0.4660912987574473,0.48351526260375977,38400000,0.0,0.0
1988-01-05 00:00:00-05:00,0.4922274285023117,0.5052951404026575,0.48351544332295554,0.4878711700439453,56960000,0.0,0.0
1988-01-06 00:00:00-05:00,0.4922273262278261,0.5096512929662046,0.4878710686745984,0.5009393095970154,59840000,0.0,0.0
1988-01-07 00:00:00-05:00,0.49658292531967163,0.5009391817612164,0.48351521946929815,0.49658292531967163,58880000,0.0,0.0
1988-01-08 00:00:00-05:00,0.49658315055645436,0.500939408973881,0.44866749838899106,0.453023225069046,72320000,0.0,0.0
1988-01-11 00:00:00-05:00,0.44866751306644453,0.4660914838314057,0.4443112545065097,0.46609148383140564,59200000,0.0,0.0
1988-01-12 00:00:00-05:00,0.47044719526400935,0.474803453681436,0.4203531480191469,0.453023225069046,101440000,0.0,0.0
1988-01-13 00:00:00-05:00,0.4530232049625559,0.4530232049625559,0.4268872508301007,0.43124350905418396,125440000,0.0,0.0
1988-01-14 00:00:00-05:00,0.4443111419677735,0.45302312514361215,0.43995541624848133,0.44431114196777344,76160000,0.0,0.0
1988-01-15 00:00:00-05:00,0.4660914838314057,0.48351545459636686,0.44866751306644453,0.46609148383140564,100480000,0.0,0.0
1988-01-18 00:00:00-05:00,0.4660913657759974,0.4660913657759974,0.43995541624848133,0.44431114196777344,39040000,0.0,0.0
1988-01-19 00:00:00-05:00,0.4355992355409191,0.43995549376500237,0.4268872508301007,0.43124350905418396,50560000,0.0,0.0
1988-01-20 00:00:00-05:00,0.42253154247884794,0.429065132489379,0.3767932219809053,0.39203932881355286,117760000,0.0,0.0
1988-01-21 00:00:00-05:00,0.396395442207241,0.4225313878998994,0.39203918538987637,0.4181751310825348,74880000,0.0,0.0
1988-01-22 00:00:00-05:00,0.41817528767112144,0.4312435312795317,0.41817528767112144,0.42470940947532654,69760000,0.0,0.0
1988-01-25 00:00:00-05:00,0.4268871361017227,0.4443111008405685,0.42253141078561385,0.43559911847114563,37760000,0.0,0.0
1988-01-26 00:00:00-05:00,0.4268871514253745,0.435599134107525,0.41817516874322397,0.4225314259529114,31206400,0.0,0.0
1988-01-27 00:00:00-05:00,0.4225313878998994,0.42688711298008764,0.409463149184982,0.4181751310825348,51840000,0.0,0.0
1988-01-28 00:00:00-05:00,0.42688727473624755,0.43559925993494647,0.422531548005587,0.42906513810157776,23776000,0.0,0.0
1988-01-29 00:00:00-05:00,0.4355991587919348,0.44866739942432,0.42688717561609607,0.44431114196777344,53120000,0.0,0.0
1988-02-01 00:00:00-05:00,0.4443112202517375,0.4530232049625559,0.43124350905418396,0.43124350905418396,44160000,0.0,0.0
1988-02-02 00:00:00-05:00,0.43559916773620916,0.43559916773620916,0.42253145857275554,0.426887184381485,32960000,0.0,0.0
1988-02-03 00:00:00-05:00,0.4312433887607768,0.4312433887607768,0.40075118490990175,0.40946316719055176,43200000,0.0,0.0
1988-02-04 00:00:00-05:00,0.40946326363062735,0.4138195216655731,0.4007512792980608,0.4138195216655731,47360000,0.0,0.0
1988-02-05 00:00:00-05:00,0.4138195216655731,0.4268872322957604,0.4138195216655731,0.4138195216655731,43520000,0.0,0.0
1988-02-08 00:00:00-05:00,0.41817516874322397,0.4268871514253745,0.40946318606107346,0.4225314259529114,32320000,0.0,0.0
1988-02-09 00:00:00-05:00,0.4268871931776671,0.43559917671190523,0.418175209643429,0.4334213137626648,38400000,0.0,0.0
1988-02-10 00:00:00-05:00,0.4312435281940278,0.4573794834864727,0.4312435281940278,0.453023225069046,69120000,0.0,0.0
1988-02-11 00:00:00-05:00,0.45302331337889834,0.45737957264551005,0.4421334628185821,0.44866758584976196,41600000,0.0,0.0
1988-02-12 00:00:00-05:00,0.45302312514361215,0.46173510831945086,0.43995541624848133,0.44431114196777344,40640000,0.0,0.0
1988-02-16 00:00:00-05:00,0.44866753414759947,0.4573795199394226,0.4399555483557763,0.4573795199394226,36800000,0.0,0.0
1988-02-17 00:00:00-05:00,0.45737957264551005,0.47044728697039445,0.448667585849762,0.44866758584976196,43840000,0.0,0.0
1988-02-18 00:00:00-05:00,0.44866749838899106,0.4660914685839544,0.44866749838899106,0.453023225069046,46720000,0.0,0.0
1988-02-19 00:00:00-05:00,0.4573795199394226,0.46609150573124575,0.45084539766120174,0.4573795199394226,35200000,0.0,0.0
1988-02-22 00:00:00-05:00,0.4617351852679922,0.48787113915108604,0.45737945882281467,0.4856932759284973,75200000,0.0,0.0
1988-02-23 00:00:00-05:00,0.48787094028658423,0.5009391777699665,0.48351521561687427,0.4922271966934204,95360000,0.0,0.0
1988-02-24 00:00:00-05:00,0.48787094417371246,0.4987607876718788,0.48787094417371246,0.49658292531967163,52480000,0.0,0.0
1988-02-25 00:00:00-05:00,0.49658312377878405,0.5096513665890025,0.4835154127059086,0.4856932759284973,90880000,0.0,0.0
1988-02-26 00:00:00-05:00,0.48351544332295554,0.4922274285023117,0.47480345814359937,0.4878711700439453,86400000,0.0,0.0
1988-02-29 00:00:00-05:00,0.48787094028658423,0.4922271966934204,0.4726248404683469,0.4922271966934204,57920000,0.0,0.0
1988-03-01 00:00:00-05:00,0.4922271966934204,0.5009391777699665,0.4791589592100381,0.4922271966934204,59840000,0.0,0.0
1988-03-02 00:00:00-05:00,0.49658287907468857,0.5140068397439759,0.49658287907468857,0.5052948594093323,71040000,0.0,0.0
1988-03-03 00:00:00-05:00,0.5052950004736583,0.527075223259241,0.5052950004736583,0.5227189660072327,63360000,0.0,0.0
1988-03-04 00:00:00-05:00,0.5183633654181979,0.5314310768490869,0.5052951222499514,0.5270753502845764,91200000,0.0,0.0
1988-03-07 00:00:00-05:00,0.5270752519808491,0.5488549442160306,0.5227189944914578,0.5444992184638977,96640000,0.0,0.0
1988-03-08 00:00:00-05:00,0.5401428903475429,0.5488548724499226,0.5357871651649475,0.5357871651649475,72640000,0.0,0.0
1988-03-09 00:00:00-05:00,0.5357870945254044,0.5575667810412697,0.5357870945254044,0.5510326623916626,87360000,0.0,0.0
1988-03-10 00:00:00-05:00,0.5662788914852456,0.5706351488268291,0.5270752340971948,0.5314309597015381,102080000,0.0,0.0
1988-03-11 00:00:00-05:00,0.5357872170431217,0.5444991999890486,0.5270752340971948,0.5314309597015381,60480000,0.0,0.0
1988-03-14 00:00:00-05:00,0.5444992964776654,0.5662789918333581,0.5357873119879214,0.5619232654571533,47040000,0.0,0.0
1988-03-15 00:00:00-05:00,0.5619231268656655,0.5619231268656655,0.5357871798425462,0.5488548874855042,53120000,0.0,0.0
1988-03-16 00:00:00-05:00,0.5444993309948263,0.5532113160368446,0.524896965847259,0.5401430726051331,158720000,0.0,0.0
1988-03-17 00:00:00-05:00,0.5401429051444644,0.5532111445246257,0.5357871798425462,0.5488548874855042,66240000,0.0,0.0
1988-03-18 00:00:00-05:00,0.5488550728570784,0.564101180037454,0.5444993460840469,0.5532113313674927,72960000,0.0,0.0
1988-03-21 00:00:00-05:00,0.5488550576471513,0.5488550576471513,0.5292532242369522,0.5401430726051331,29228800,0.0,0.0
1988-03-22 00:00:00-05:00,0.5466770248345451,0.5532111445246257,0.5314309228034246,0.5488548874855042,47680000,0.0,0.0
1988-03-23 00:00:00-05:00,0.5575669085393187,0.5619231658809023,0.5270752340971948,0.5314309597015381,55040000,0.0,0.0
1988-03-24 00:00:00-05:00,0.5270752597045831,0.5314309855205447,0.4922273262278261,0.5009393095970154,67520000,0.0,0.0
1988-03-25 00:00:00-05:00,0.5009393307553501,0.5140070404924459,0.49222734701819004,0.49440521001815796,39040000,0.0,0.0
1988-03-28 00:00:00-05:00,0.48787108114210226,0.514007031917572,0.4813369605139149,0.514007031917572,47360000,0.0,0.0
1988-03-29 00:00:00-05:00,0.514007031917572,0.5270752731739468,0.5096513059903003,0.514007031917572,50560000,0.0,0.0
1988-03-30 00:00:00-05:00,0.5096513849577183,0.5270753548411042,0.49658314167649786,0.5031172633171082,73600000,0.0,0.0
1988-03-31 00:00:00-05:00,0.5031170375603484,0.514006880916675,0.496582918851703,0.5118290185928345,30748800,0.0,0.0
1988-04-04 00:00:00-04:00,0.5096511601972052,0.5314308470777287,0.5096511601972052,0.5161847472190857,33920000,0.0,0.0
1988-04-05 00:00:00-04:00,0.5183633654181979,0.5314310768490869,0.5140071071163299,0.5270753502845764,32640000,0.0,0.0
1988-04-06 00:00:00-04:00,0.531431102290187,0.5532113313674927,0.5270753755171556,0.5532113313674927,53760000,0.0,0.0
1988-04-07 00:00:00-04:00,0.564101180037454,0.570635301934384,0.5532113313674927,0.5532113313674927,104320000,0.0,0.0
1988-04-08 00:00:00-04:00,0.5532112809674093,0.5706352499468973,0.5488550228538701,0.5619232654571533,63040000,0.0,0.0
1988-04-11 00:00:00-04:00,0.5662790680873816,0.5837030394131472,0.5575670824244988,0.5793473124504089,74880000,0.0,0.0
1988-04-12 00:00:00-04:00,0.5793472459780319,0.5837029724410085,0.5662790031144113,0.57499098777771,29875200,0.0,0.0
1988-04-13 00:00:00-04:00,0.570635372340593,0.5749910996510432,0.557567126934345,0.5662791132926941,38400000,0.0,0.0
1988-04-14 00:00:00-04:00,0.5488547871934607,0.5575667679425632,0.5336086879482547,0.5423206686973572,54080000,0.0,0.0
1988-04-15 00:00:00-04:00,0.540142942647465,0.5444991999890486,0.518363251151268,0.5314309597015381,66240000,0.0,0.0
1988-04-18 00:00:00-04:00,0.5357872170431217,0.540142942647465,0.5227189767556113,0.5314309597015381,37120000,0.0,0.0
1988-04-19 00:00:00-04:00,0.535787345952808,0.5532113160368446,0.535787345952808,0.5401430726051331,35427200,0.0,0.0
1988-04-20 00:00:00-04:00,0.5357872352223735,0.5466770813399642,0.5270752519808491,0.5444992184638977,44800000,0.0,0.0
1988-04-21 00:00:00-04:00,0.5466770221315465,0.5532111417893197,0.5227189378778451,0.5248968005180359,49600000,0.0,0.0
1988-04-22 00:00:00-04:00,0.5314309393864214,0.5401429219993136,0.5270752139485854,0.5379650592803955,32640000,0.0,0.0
1988-04-25 00:00:00-04:00,0.5401430726051331,0.5488550576471513,0.535787345952808,0.5401430726051331,26556800,0.0,0.0
1988-04-26 00:00:00-04:00,0.5401428584009409,0.5575668215751648,0.5357871334759636,0.5575668215751648,42880000,0.0,0.0
1988-04-27 00:00:00-04:00,0.5532112809674093,0.5662789918333581,0.5510328860419724,0.5619232654571533,40320000,0.0,0.0
1988-04-28 00:00:00-04:00,0.557567058140524,0.5662790434239696,0.5488550728570784,0.5532113313674927,53440000,0.0,0.0
1988-04-29 00:00:00-04:00,0.5532113160368446,0.5575670426891696,0.535787345952808,0.5401430726051331,37760000,0.0,0.0
1988-05-02 00:00:00-04:00,0.5444993460840469,0.5532113313674927,0.5401430875736326,0.5532113313674927,16131200,0.0,0.0
1988-05-03 00:00:00-04:00,0.5532112809674093,0.5706352499468973,0.5488550228538701,0.5619232654571533,34240000,0.0,0.0
1988-05-04 00:00:00-04:00,0.5662789918333581,0.5793472344366413,0.5575670073436141,0.5619232654571533,52480000,0.0,0.0
1988-05-05 00:00:00-04:00,0.5619232654571533,0.5662789918333581,0.5575670073436141,0.5619232654571533,29148800,0.0,0.0
1988-05-06 00:00:00-04:00,0.5619230782372995,0.5749907847493887,0.5575668215751648,0.5575668215751648,48320000,0.0,0.0
1988-05-09 00:00:00-04:00,0.5619233166509383,0.5619233166509383,0.5444993460840469,0.5532113313674927,31504000,0.0,0.0
1988-05-10 00:00:00-04:00,0.5488547871934607,0.5575667679425632,0.5314308256952556,0.5423206686973572,42560000,0.0,0.0
1988-05-11 00:00:00-04:00,0.531430990887013,0.540142974344177,0.5270752650270666,0.5336088538169861,42560000,0.0,0.0
1988-05-12 00:00:00-04:00,0.5357872352223735,0.5488549442160306,0.5357872352223735,0.5444992184638977,26659200,0.0,0.0
1988-05-13 00:00:00-04:00,0.5532111244922653,0.5619231065178348,0.5444991424666956,0.5553889870643616,22377600,0.0,0.0
1988-05-16 00:00:00-04:00,0.5532110966501875,0.5619230782372995,0.5488548399880528,0.5575668215751648,23984000,0.0,0.0
1988-05-17 00:00:00-04:00,0.5619231268656655,0.5662788521675837,0.5488548874855042,0.5488548874855042,45760000,0.0,0.0
1988-05-18 00:00:00-04:00,0.5488550785569987,0.5532113371126532,0.5227191224352368,0.5292532444000244,39040000,0.0,0.0
1988-05-19 00:00:00-04:00,0.527075341308281,0.527075341308281,0.5052951136445817,0.518363356590271,83520000,0.0,0.0
1988-05-20 00:00:00-04:00,0.5183629124892513,0.5270748897433823,0.5140066579937391,0.5205407738685608,36800000,0.0,0.0
1988-05-23 00:00:00-04:00,0.5183634080840618,0.5227191350070868,0.5052951638401839,0.5096514225006104,38080000,0.0,0.0
1988-05-24 00:00:00-04:00,0.5096511601972052,0.5183631412968401,0.5096511601972052,0.5161847472190857,28966400,0.0,0.0
1988-05-25 00:00:00-04:00,0.514006880916675,0.5227188619491611,0.5096511562689938,0.5118290185928345,17392000,0.0,0.0
1988-05-26 00:00:00-04:00,0.5140068848784589,0.5227188659780938,0.5096511601972052,0.5161847472190857,24576000,0.0,0.0
1988-05-27 00:00:00-04:00,0.5140069832404455,0.5227189660072327,0.5140069832404455,0.5227189660072327,17641600,0.0,0.0
1988-05-31 00:00:00-04:00,0.5227189261427835,0.5357871651649475,0.5183632009601881,0.5357871651649475,36160000,0.0,0.0
1988-06-01 00:00:00-04:00,0.5357872352223735,0.553211201705422,0.5314309777329821,0.5444992184638977,49280000,0.0,0.0
1988-06-02 00:00:00-04:00,0.5401428903475429,0.553211129369707,0.5357871651649475,0.5357871651649475,57280000,0.0,0.0
1988-06-03 00:00:00-04:00,0.5444991150630756,0.5641009406997881,0.5401428584009409,0.5575668215751648,62720000,0.0,0.0
1988-06-06 00:00:00-04:00,0.5575671978850862,0.5858810242183092,0.5575671978850862,0.5837031602859497,85760000,0.0,0.0
1988-06-07 00:00:00-04:00,0.5815251092095202,0.5924149571043072,0.57499098777771,0.57499098777771,99200000,0.0,0.0
1988-06-08 00:00:00-04:00,0.5793472355926524,0.5989490677993556,0.5749909774704208,0.594592809677124,99520000,0.0,0.0
1988-06-09 00:00:00-04:00,0.5967710499758765,0.5967710499758765,0.5837028107326656,0.5880590677261353,59840000,0.0,0.0
1988-06-10 00:00:00-04:00,0.5880589527385328,0.6011266576893189,0.5837026965968749,0.5924146771430969,56000000,0.0,0.0
1988-06-13 00:00:00-04:00,0.5924151600271031,0.6054834073670529,0.5880594320721381,0.6011271476745605,74560000,0.0,0.0
1988-06-14 00:00:00-04:00,0.6098387837409973,0.6185507663658687,0.6011268011161259,0.6098387837409973,87340800,0.0,0.0
1988-06-15 00:00:00-04:00,0.6054829124505605,0.6141948929769204,0.6011266563188342,0.612016499042511,38720000,0.0,0.0
1988-06-16 00:00:00-04:00,0.6098389691177394,0.620728817774782,0.6011269838446288,0.6141952276229858,88678400,0.0,0.0
1988-06-17 00:00:00-04:00,0.6185507663658687,0.6185507663658687,0.6011268011161259,0.6098387837409973,50707200,0.0,0.0
1988-06-20 00:00:00-04:00,0.601126857132405,0.6098388405691065,0.5967711312826894,0.6054831147193909,32646400,0.0,0.0
1988-06-21 00:00:00-04:00,0.6098387473159367,0.6272627115249634,0.6054830221322745,0.6272627115249634,59827200,0.0,0.0
1988-06-22 00:00:00-04:00,0.6272629882527089,0.6403312330433522,0.6272629882527089,0.6381528377532959,84195200,0.0,0.0
1988-06-23 00:00:00-04:00,0.6359751224517821,0.6490433702887433,0.6316193943311602,0.6359751224517822,56480000,0.0,0.0
1988-06-24 00:00:00-04:00,0.640330950550328,0.642508813142159,0.6229069863413013,0.6272627115249634,40201600,0.0,0.0
1988-06-27 00:00:00-04:00,0.6272626997719348,0.6316189566111629,0.618550717830658,0.618550717830658,17891200,0.0,0.0
1988-06-28 00:00:00-04:00,0.6185511459990315,0.6337972578840986,0.6185511459990315,0.631619393825531,31347200,0.0,0.0
1988-06-29 00:00:00-04:00,0.6272631339708488,0.631619393825531,0.6185511459990315,0.631619393825531,34195200,0.0,0.0
1988-06-30 00:00:00-04:00,0.6272626241426829,0.6316188804566756,0.6185506432518123,0.6294404864311218,48016000,0.0,0.0
1988-07-01 00:00:00-04:00,0.631619393825531,0.631619393825531,0.6229074058537137,0.631619393825531,43708800,0.0,0.0
1988-07-05 00:00:00-04:00,0.6272627115249634,0.6316189684458146,0.6229069863413013,0.6272627115249634,35849600,0.0,0.0
1988-07-06 00:00:00-04:00,0.6229068735032804,0.627262597897914,0.6098386368451941,0.612016499042511,36272000,0.0,0.0
1988-07-07 00:00:00-04:00,0.6098387837409973,0.6185507663658687,0.6054830582971721,0.6098387837409973,44294400,0.0,0.0
1988-07-08 00:00:00-04:00,0.6098387837409973,0.6185507663658687,0.6098387837409973,0.6098387837409973,18553600,0.0,0.0
1988-07-11 00:00:00-04:00,0.6098388645354156,0.6207287113249395,0.6011268807563381,0.6033047437667847,48729600,0.0,0.0
1988-07-12 00:00:00-04:00,0.6229071021080017,0.6272628281011715,0.6141951183843744,0.6229071021080017,123193600,0.0,0.0
1988-07-13 00:00:00-04:00,0.6229074058537137,0.631619393825531,0.6229074058537137,0.631619393825531,67932800,0.0,0.0
1988-07-14 00:00:00-04:00,0.6316190858316291,0.6359748118247989,0.6229071021080017,0.6229071021080017,27072000,0.0,0.0
1988-07-15 00:00:00-04:00,0.6229070143244917,0.6272627397038285,0.6185507572079421,0.6250848770141602,34560000,0.0,0.0
1988-07-18 00:00:00-04:00,0.6272626997719348,0.6272626997719348,0.6141949927286091,0.618550717830658,21190400,0.0,0.0
1988-07-19 00:00:00-04:00,0.6141950694365041,0.6229070524658358,0.6054830864071725,0.6076609492301941,44617600,0.0,0.0
1988-07-20 00:00:00-04:00,0.6141950144753591,0.6141950144753591,0.5793470854763939,0.5880590677261353,63747200,0.0,0.0
1988-07-21 00:00:00-04:00,0.5837029724410085,0.5880592306413305,0.57499098777771,0.57499098777771,47116800,0.0,0.0
1988-07-22 00:00:00-04:00,0.5749911847321884,0.6011271476745605,0.5749911847321884,0.6011271476745605,59980800,0.0,0.0
1988-07-25 00:00:00-04:00,0.5967709145879048,0.6011266388560039,0.5924146585827285,0.5989487767219543,33161600,0.0,0.0
1988-07-26 00:00:00-04:00,0.5967714197195955,0.6141953950145103,0.5924151600271031,0.6011271476745605,65280000,0.0,0.0
1988-07-27 00:00:00-04:00,0.6011267752321482,0.6098387574818894,0.5793470854763939,0.5880590677261353,39779200,0.0,0.0
1988-07-28 00:00:00-04:00,0.5880589527385328,0.5967709332847548,0.5793469721923108,0.5924146771430969,30339200,0.0,0.0
1988-07-29 00:00:00-04:00,0.5924148736957034,0.6098388405691065,0.5924148736957034,0.6054831147193909,37200000,0.0,0.0
1988-08-01 00:00:00-04:00,0.5924148184912545,0.6185507663658687,0.5924148184912545,0.6098387837409973,24812800,0.0,0.0
1988-08-02 00:00:00-04:00,0.6054831385145224,0.6141951222935998,0.6011268807563381,0.6033047437667847,33936000,0.0,0.0
1988-08-03 00:00:00-04:00,0.6098388405691065,0.6098388405691065,0.5967711312826894,0.6054831147193909,27993600,0.0,0.0
1988-08-04 00:00:00-04:00,0.609839135322018,0.609839135322018,0.6011271476745605,0.6011271476745605,27872000,0.0,0.0
1988-08-05 00:00:00-04:00,0.6011272070380632,0.6054834671607521,0.5924152185302652,0.5967714786529541,22700800,0.0,0.0
1988-08-08 00:00:00-04:00,0.5924151477529042,0.5967714073551396,0.5793474324212305,0.5837031602859497,27011200,0.0,0.0
1988-08-09 00:00:00-04:00,0.5837030860093924,0.5902372087125164,0.5597449905895701,0.5662791132926941,91609600,0.0,0.0
1988-08-10 00:00:00-04:00,0.5662789106990793,0.5728130310645371,0.5444992184638977,0.5444992184638977,75084800,0.0,0.0
1988-08-11 00:00:00-04:00,0.5532112809674093,0.5641011286452557,0.5488550228538701,0.5619232654571533,68921600,0.0,0.0
1988-08-12 00:00:00-04:00,0.5619233166509383,0.570635301934384,0.5488550728570784,0.5532113313674927,43497600,0.0,0.0
1988-08-15 00:00:00-04:00,0.5488550465818438,0.5553891681659671,0.5270753502845764,0.5270753502845764,52848000,0.0,0.0
1988-08-16 00:00:00-04:00,0.5314309228034246,0.5575668698265439,0.5227189404623849,0.5488548874855042,60025600,0.0,0.0
1988-08-17 00:00:00-04:00,0.5444990626874625,0.553211043436565,0.53578708193836,0.5423206686973572,52432000,0.0,0.0
1988-08-18 00:00:00-04:00,0.5401428903475429,0.5488548724499226,0.5314309082451631,0.5357871651649475,37900800,0.0,0.0
1988-08-19 00:00:00-04:00,0.5401430617154653,0.5444993200173334,0.5270753502845764,0.5270753502845764,53440000,0.0,0.0
1988-08-22 00:00:00-04:00,0.5314308470777287,0.5336087094183555,0.5096511601972052,0.5161847472190857,61158400,0.0,0.0
1988-08-23 00:00:00-04:00,0.5183632895821235,0.5183632895821235,0.4922273388066538,0.514007031917572,88182400,0.0,0.0
1988-08-24 00:00:00-04:00,0.518363356590271,0.527075341308281,0.5140070983625917,0.518363356590271,62899200,0.0,0.0
1988-08-25 00:00:00-04:00,0.5096513849577183,0.5140071115598838,0.4878711567348049,0.5031172633171082,90560000,0.0,0.0
1988-08-26 00:00:00-04:00,0.49658315522330143,0.5031172770421627,0.48351544332295554,0.4878711700439453,84697600,0.0,0.0
1988-08-29 00:00:00-04:00,0.48787119267328105,0.5140071494236353,0.48787119267328105,0.5096514225006104,52035200,0.0,0.0
1988-08-30 00:00:00-04:00,0.5096512929662046,0.5140070187821661,0.5009393095970154,0.5009393095970154,22707200,0.0,0.0
1988-08-31 00:00:00-04:00,0.5052951404026575,0.5096513988610241,0.48351544332295554,0.4878711700439453,47321600,0.0,0.0
1988-09-01 00:00:00-04:00,0.48351545459636686,0.4878711814189126,0.4573794984489251,0.46609148383140564,110915200,0.0,0.0
1988-09-02 00:00:00-04:00,0.47044702385043646,0.492227244526916,0.47044702385043646,0.48351526260375977,100108800,0.0,0.0
1988-09-06 00:00:00-04:00,0.48787094028658423,0.4922271966934204,0.4791589592100381,0.4922271966934204,56128000,0.0,0.0
1988-09-07 00:00:00-04:00,0.48351533243702743,0.49222731561844,0.4660913660742022,0.4682692289352417,64656000,0.0,0.0
1988-09-08 00:00:00-04:00,0.46609150734537874,0.4748034931673726,0.44431127692168615,0.46173524856567383,147145600,0.0,0.0
1988-09-09 00:00:00-04:00,0.46391307786637165,0.5009394136816678,0.4617352145058768,0.4878711700439453,85232000,0.0,0.0
1988-09-12 00:00:00-04:00,0.48787117004394526,0.5009394136816678,0.48787117004394526,0.4878711700439453,52812800,0.0,0.0
1988-09-13 00:00:00-04:00,0.4791591848645891,0.4922274285023117,0.47044719968523296,0.4878711700439453,53014400,0.0,0.0
1988-09-14 00:00:00-04:00,0.4922273262278261,0.5009393095970154,0.4922273262278261,0.5009393095970154,67120000,0.0,0.0
1988-09-15 00:00:00-04:00,0.49658315522330143,0.5052951404026575,0.48787117004394526,0.4878711700439453,42880000,0.0,0.0
1988-09-16 00:00:00-04:00,0.4878710686745984,0.5052950354129769,0.4856932057666176,0.5009393095970154,40243200,0.0,0.0
1988-09-19 00:00:00-04:00,0.49658287907468857,0.5052948594093323,0.4922271547759072,0.5052948594093323,43504000,0.0,0.0
1988-09-20 00:00:00-04:00,0.5009393095970154,0.5161848816901469,0.4878710686745984,0.5009393095970154,37465600,0.0,0.0
1988-09-21 00:00:00-04:00,0.49658292531967163,0.5009391817612164,0.48787094417371246,0.49658292531967163,32585600,0.0,0.0
1988-09-22 00:00:00-04:00,0.4922274285023117,0.49658315522330143,0.48351544332295554,0.4878711700439453,47120000,0.0,0.0
1988-09-23 00:00:00-04:00,0.49222708490279776,0.5009390640007498,0.4813367122276035,0.4987606704235077,57932800,0.0,0.0
1988-09-26 00:00:00-04:00,0.5009394047796708,0.5009394047796708,0.4791591763496399,0.4791591763496399,45766400,0.0,0.0
1988-09-27 00:00:00-04:00,0.47915923523057624,0.48351549414684325,0.46609152195664044,0.47698137164115906,46422400,0.0,0.0
1988-09-28 00:00:00-04:00,0.4791592044245074,0.4791592044245074,0.47044721888951635,0.47480347752571106,36822400,0.0,0.0
1988-09-29 00:00:00-04:00,0.4791590057735927,0.492227244526916,0.47480328068060357,0.48351526260375977,44147200,0.0,0.0
1988-09-30 00:00:00-04:00,0.483515434730593,0.48787116137417885,0.4748034497060541,0.4791591763496399,63376000,0.0,0.0
1988-10-03 00:00:00-04:00,0.47044705052574104,0.47044705052574104,0.4486673603514867,0.4595572054386139,66560000,0.0,0.0
1988-10-04 00:00:00-04:00,0.46173510831945086,0.46173510831945086,0.43995541624848133,0.44431114196777344,70928000,0.0,0.0
1988-10-05 00:00:00-04:00,0.4443111008405685,0.446488963498623,0.43124339315503674,0.43559911847114563,124480000,0.0,0.0
1988-10-06 00:00:00-04:00,0.4443111635078934,0.4704471143024754,0.43559917990969943,0.4639129936695099,63724800,0.0,0.0
1988-10-07 00:00:00-04:00,0.4617351273146195,0.4660913849503767,0.4138194837449481,0.4334213137626648,248700800,0.0,0.0
1988-10-10 00:00:00-04:00,0.43124350905418396,0.4355992355409191,0.4138195396325472,0.43124350905418396,78720000,0.0,0.0
1988-10-11 00:00:00-04:00,0.43124334258671376,0.44431104873990424,0.4268870860442217,0.43995532393455505,126844800,0.0,0.0
1988-10-12 00:00:00-04:00,0.4355992355409191,0.43995549376500237,0.42470938758673316,0.43124350905418396,54320000,0.0,0.0
1988-10-13 00:00:00-04:00,0.4268870860442217,0.4486673052823963,0.4268870860442217,0.43995532393455505,75907200,0.0,0.0
1988-10-14 00:00:00-04:00,0.448667585849762,0.45737957264551005,0.43995559905401393,0.44866758584976196,56496000,0.0,0.0
1988-10-17 00:00:00-04:00,0.4443113265831503,0.45737957264551005,0.4443113265831503,0.44866758584976196,20390400,0.0,0.0
1988-10-18 00:00:00-04:00,0.4530232398889903,0.4660914838314057,0.44866751306644453,0.46609148383140564,52051200,0.0,0.0
1988-10-19 00:00:00-04:00,0.47044705052574104,0.4748033076029168,0.45302308569145433,0.4595572054386139,80624000,0.0,0.0
1988-10-20 00:00:00-04:00,0.4617352063005621,0.483515434730593,0.4573794796569763,0.4791591763496399,59894400,0.0,0.0
1988-10-21 00:00:00-04:00,0.4791590057735927,0.492227244526916,0.47044702385043646,0.48351526260375977,49564800,0.0,0.0
1988-10-24 00:00:00-04:00,0.4878711214771977,0.4878711214771977,0.4704471528530121,0.4704471528530121,24524800,0.0,0.0
1988-10-25 00:00:00-04:00,0.47915919603643203,0.47915919603643203,0.4660914838314057,0.46609148383140564,33340800,0.0,0.0
1988-10-26 00:00:00-04:00,0.47044719526400935,0.47044719526400935,0.44866749838899106,0.453023225069046,78489600,0.0,0.0
1988-10-27 00:00:00-04:00,0.4399553755244597,0.44866735789388257,0.4268871361017227,0.43559911847114563,102595200,0.0,0.0
1988-10-28 00:00:00-04:00,0.43559917671190523,0.43995543434766243,0.4268871931776671,0.4334213137626648,64320000,0.0,0.0
1988-10-31 00:00:00-05:00,0.43342137229755157,0.4355992355409191,0.4225315243433656,0.43124350905418396,49315200,0.0,0.0
1988-11-01 00:00:00-05:00,0.43559925993494647,0.43777712330027674,0.42688727473624755,0.42906513810157776,38732800,0.0,0.0
1988-11-02 00:00:00-05:00,0.43124350905418396,0.43124350905418396,0.4225315243433656,0.43124350905418396,42425600,0.0,0.0
1988-11-03 00:00:00-05:00,0.42470927344366827,0.4399553755244597,0.42470927344366827,0.43559911847114563,51417600,0.0,0.0
1988-11-04 00:00:00-05:00,0.4355992355409191,0.4443112202517375,0.43124350905418396,0.43124350905418396,43500800,0.0,0.0
1988-11-07 00:00:00-05:00,0.43559916773620916,0.43559916773620916,0.42253145857275554,0.426887184381485,22777600,0.0,0.0
1988-11-08 00:00:00-05:00,0.4312434508134243,0.43995543434766243,0.4268871931776671,0.4334213137626648,40000000,0.0,0.0
1988-11-09 00:00:00-05:00,0.43124334258671376,0.43995532393455505,0.4268870860442217,0.43995532393455505,52675200,0.0,0.0
1988-11-10 00:00:00-05:00,0.4355992355409191,0.43995549376500237,0.4225315243433656,0.43124350905418396,65766400,0.0,0.0
1988-11-11 00:00:00-05:00,0.42688711298008764,0.42688711298008764,0.409463149184982,0.4181751310825348,74636800,0.0,0.0
1988-11-14 00:00:00-05:00,0.4181752479631939,0.4181752479631939,0.4051075373330066,0.4138195216655731,34243200,0.0,0.0
1988-11-15 00:00:00-05:00,0.4138195480996852,0.4181752746755426,0.37897160854339,0.38332733511924744,87555200,0.0,0.0
1988-11-16 00:00:00-05:00,0.3963954448699951,0.40075116997944255,0.38768346291392025,0.3963954448699951,118083200,0.0,0.0
1988-11-17 00:00:00-05:00,0.3963953688715528,0.4051073491573333,0.39203911286012355,0.4051073491573334,58249600,0.0,0.0
1988-11-18 00:00:00-05:00,0.40075126414985096,0.4051075220201322,0.39639553801687455,0.4029291272163391,32960000,0.0,0.0
1988-11-21 00:00:00-05:00,0.34412351250648493,0.3484792371016976,0.3354115315789425,0.344123512506485,424342400,0.0,0.0
1988-11-22 00:00:00-05:00,0.3441236939225807,0.3528356794429321,0.33758957184796773,0.35065728425979614,154864000,0.0,0.0
1988-11-23 00:00:00-05:00,0.34847940533785143,0.365903375604744,0.3441236786398152,0.36154764890670776,117440000,0.0,0.0
1988-11-25 00:00:00-05:00,0.3615474874435613,0.3615474874435613,0.34847924971083677,0.3528355062007904,23248000,0.0,0.0
1988-11-28 00:00:00-05:00,0.34847924971083677,0.35719123095360766,0.34412352495801946,0.3528355062007904,42048000,0.0,0.0
1988-11-29 00:00:00-05:00,0.35719120291705814,0.3615474590650818,0.34847922235810547,0.35501334071159363,40339200,0.0,0.0
1988-11-30 00:00:00-05:00,0.35719119161367413,0.35719119161367413,0.3484792113304138,0.3484792113304138,87715200,0.0,0.0
1988-12-01 00:00:00-05:00,0.3528356637732615,0.365903375604744,0.3441236786398152,0.36154764890670776,64003200,0.0,0.0
1988-12-02 00:00:00-05:00,0.35936929105512794,0.3767932631273454,0.3528357003311181,0.37025967240333557,84659200,0.0,0.0
1988-12-05 00:00:00-05:00,0.36590335674064106,0.3876835843200667,0.36590335674064106,0.374615341424942,77708800,0.0,0.0
1988-12-06 00:00:00-05:00,0.3746153776630953,0.38332736319014404,0.3702596507682699,0.3789716362953186,45344000,0.0,0.0
1988-12-07 00:00:00-05:00,0.3789716584394443,0.3833273855887842,0.37025967240333557,0.37025967240333557,54060800,0.0,0.0
1988-12-08 00:00:00-05:00,0.37461522397484714,0.37897148081988874,0.3702594988669853,0.3767930865287781,19161600,0.0,0.0
1988-12-09 00:00:00-05:00,0.3746153502301736,0.3898614567203925,0.3746153502301736,0.38332733511924744,39507200,0.0,0.0
1988-12-12 00:00:00-05:00,0.37897159963576577,0.3876835843200667,0.37025961495146475,0.374615341424942,25699200,0.0,0.0
1988-12-13 00:00:00-05:00,0.3746153995526755,0.3746153995526755,0.36590341351656674,0.37025967240333557,42473600,0.0,0.0
1988-12-14 00:00:00-05:00,0.36590341351656674,0.3833273855887842,0.36590341351656674,0.37025967240333557,27875200,0.0,0.0
1988-12-15 00:00:00-05:00,0.3920391480189836,0.39421701035147433,0.3746151858848066,0.3898612856864929,74073600,0.0,0.0
1988-12-16 00:00:00-05:00,0.3920391880233677,0.40075116997944255,0.38332720606729287,0.3963954448699951,87276800,0.0,0.0
1988-12-19 00:00:00-05:00,0.3963953688715528,0.4094630734316846,0.3963953688715528,0.4051073491573334,83196800,0.0,0.0
1988-12-20 00:00:00-05:00,0.4051073491573333,0.4138193294431139,0.39203911286012355,0.4051073491573334,75488000,0.0,0.0
1988-12-21 00:00:00-05:00,0.4051074268260699,0.4051074268260699,0.38332720606729287,0.3963954448699951,39958400,0.0,0.0
1988-12-22 00:00:00-05:00,0.39203920629041433,0.40075118865242354,0.3833272239284051,0.3876834809780121,37427200,0.0,0.0
1988-12-23 00:00:00-05:00,0.38768346291392025,0.3963954448699951,0.38332720606729287,0.3963954448699951,19171200,0.0,0.0
1988-12-27 00:00:00-05:00,0.39203916230927344,0.4051074002548217,0.39203916230927344,0.40075114369392395,20723200,0.0,0.0
1988-12-28 00:00:00-05:00,0.3963954448699951,0.40075116997944255,0.3920391880233677,0.3963954448699951,24828800,0.0,0.0
1988-12-29 00:00:00-05:00,0.4007512792980608,0.4181752479631939,0.39639555300044005,0.4138195216655731,63862400,0.0,0.0
1988-12-30 00:00:00-05:00,0.40946326363062735,0.4181752479631939,0.39639555300044005,0.4138195216655731,49161600,0.0,0.0
1989-01-03 00:00:00-05:00,0.4138195216655731,0.4138195216655731,0.4051075373330066,0.4138195216655731,44566400,0.0,0.0
1989-01-04 00:00:00-05:00,0.41817528767112144,0.42688727283093647,0.40946330251130636,0.42470940947532654,50691200,0.0,0.0
1989-01-05 00:00:00-05:00,0.42253145857275554,0.43559916773620916,0.41381947521803136,0.426887184381485,64220800,0.0,0.0
1989-01-06 00:00:00-05:00,0.4268871514253745,0.43124340863506183,0.41817516874322397,0.4225314259529114,30704000,0.0,0.0
1989-01-09 00:00:00-05:00,0.4181752479631939,0.42253150599813966,0.40946326363062735,0.4138195216655731,34140800,0.0,0.0
1989-01-10 00:00:00-05:00,0.41381940423859737,0.41817512930022094,0.4051074223781761,0.4159972667694092,27744000,0.0,0.0
1989-01-11 00:00:00-05:00,0.41381940600234657,0.4225313878998994,0.409463149184982,0.4181751310825348,71020800,0.0,0.0
1989-01-12 00:00:00-05:00,0.42253145857275554,0.43124344192747976,0.4181752010267608,0.426887184381485,117664000,0.0,0.0
1989-01-13 00:00:00-05:00,0.42688711298008764,0.4312433697974522,0.4181751310825348,0.4181751310825348,67603200,0.0,0.0
1989-01-16 00:00:00-05:00,0.4181751310825348,0.4225313878998994,0.41381940600234657,0.4181751310825348,69907200,0.0,0.0
1989-01-17 00:00:00-05:00,0.4138193294431139,0.4138193294431139,0.39857323100872843,0.4051073491573334,80816000,0.0,0.0
1989-01-18 00:00:00-05:00,0.4051074241047938,0.4225313878998994,0.4007511672874292,0.4181751310825348,59190400,0.0,0.0
1989-01-19 00:00:00-05:00,0.41817516874322397,0.42906501416160603,0.41817516874322397,0.4225314259529114,84326400,0.0,0.0
1989-01-20 00:00:00-05:00,0.42688711298008764,0.4312433697974522,0.41381940600234657,0.4181751310825348,46041600,0.0,0.0
1989-01-23 00:00:00-05:00,0.4138194241994767,0.4181751494712018,0.40946316719055176,0.40946316719055176,38979200,0.0,0.0
1989-01-24 00:00:00-05:00,0.4051073491573333,0.4138193294431139,0.39857323100872843,0.4051073491573334,69673600,0.0,0.0
1989-01-25 00:00:00-05:00,0.409463281408464,0.4355992355409191,0.409463281408464,0.43124350905418396,61827200,0.0,0.0
1989-01-26 00:00:00-05:00,0.4355993397874023,0.45302331337889834,0.4268873529916542,0.44866758584976196,115187200,0.0,0.0
1989-01-27 00:00:00-05:00,0.4443111419677735,0.4508452622839661,0.43995541624848133,0.44431114196777344,120694400,0.0,0.0
1989-01-30 00:00:00-05:00,0.43995559905401393,0.45302331337889834,0.43995559905401393,0.44866758584976196,43878400,0.0,0.0
1989-01-31 00:00:00-05:00,0.44866749838899106,0.4530232250690461,0.4399555132915094,0.453023225069046,34124800,0.0,0.0
1989-02-01 00:00:00-05:00,0.4573794984489251,0.48351545459636686,0.44648911791778256,0.46609148383140564,133936000,0.0,0.0
1989-02-02 00:00:00-05:00,0.4660914838314057,0.4748034692138863,0.4660914838314057,0.46609148383140564,48985600,0.0,0.0
1989-02-03 00:00:00-05:00,0.47044721888951635,0.4769813409751092,0.46173523335452527,0.47480347752571106,54441600,0.0,0.0
1989-02-06 00:00:00-05:00,0.4748034108777203,0.4769812740214126,0.4660914265656275,0.4704471528530121,45238400,0.0,0.0
1989-02-07 00:00:00-05:00,0.4660914646815152,0.483515434730593,0.4660914646815152,0.4791591763496399,78790400,0.0,0.0
1989-02-08 00:00:00-05:00,0.47480349152306894,0.48569334082849436,0.4573795199394226,0.4573795199394226,49440000,0.0,0.0
1989-02-09 00:00:00-05:00,0.4573794834864727,0.4660914685839544,0.44866749838899106,0.453023225069046,34800000,0.0,0.0
1989-02-10 00:00:00-05:00,0.4443112202517375,0.4486674784758207,0.42470938758673316,0.43124350905418396,77539200,0.0,0.0
1989-02-13 00:00:00-05:00,0.4312436060646679,0.4486675794059177,0.4268873468606216,0.44213345646858215,43795200,0.0,0.0
1989-02-14 00:00:00-05:00,0.44866753414759947,0.46173524696662716,0.4443112753829809,0.4573795199394226,44992000,0.0,0.0
1989-02-15 00:00:00-05:00,0.453023261174804,0.468269369244848,0.44866753414759947,0.4573795199394226,42214400,0.0,0.0
1989-02-16 00:00:00-05:00,0.4573795199394226,0.46609150573124575,0.453023261174804,0.4573795199394226,35644800,0.0,0.0
1989-02-17 00:00:00-05:00,0.4573794984489251,0.4660914838314057,0.4530232398889903,0.46609148383140564,34176000,0.0,0.0
1989-02-21 00:00:00-05:00,0.4660914685839544,0.4660914685839544,0.44866749838899106,0.453023225069046,26246400,0.0,0.0
1989-02-22 00:00:00-05:00,0.4530230300877455,0.4530230300877455,0.435599067392063,0.43995532393455505,39158400,0.0,0.0
1989-02-23 00:00:00-05:00,0.4443112916989334,0.4486675506235221,0.4355993055871896,0.446489155292511,35033600,0.0,0.0
1989-02-24 00:00:00-05:00,0.4443111008405685,0.44866735789388257,0.43559911847114563,0.43559911847114563,48790400,0.0,0.0
1989-02-27 00:00:00-05:00,0.43995541624848133,0.44866739942432,0.4355991587919348,0.44431114196777344,49667200,0.0,0.0
1989-02-28 00:00:00-05:00,0.4443113265831503,0.45737957264551005,0.4443113265831503,0.44866758584976196,56684800,0.0,0.0
1989-03-01 00:00:00-05:00,0.4486673194704417,0.46173502603686756,0.44431106279019333,0.4508451819419861,34886400,0.0,0.0
1989-03-02 00:00:00-05:00,0.45302326274368,0.4617352485656739,0.44866753570139106,0.46173524856567383,43878400,0.0,0.0
1989-03-03 00:00:00-05:00,0.46173524696662716,0.46173524696662716,0.453023261174804,0.4573795199394226,21984000,0.0,0.0
1989-03-06 00:00:00-05:00,0.4617351685409192,0.4704471528530121,0.4530231842288264,0.4704471528530121,41539200,0.0,0.0
1989-03-07 00:00:00-05:00,0.4704471528530121,0.4704471528530121,0.45955730539722695,0.4704471528530121,32435200,0.0,0.0
1989-03-08 00:00:00-05:00,0.46609150734537874,0.4704472343876677,0.4573795215233849,0.46173524856567383,33587200,0.0,0.0
1989-03-09 00:00:00-05:00,0.4660914265656275,0.4748034108777203,0.4660914265656275,0.4704471528530121,41462400,0.0,0.0
1989-03-10 00:00:00-05:00,0.4617350681085977,0.4617350681085977,0.45302308569145433,0.4595572054386139,31459200,0.0,0.0
1989-03-13 00:00:00-05:00,0.45955736186019797,0.4660914838314057,0.4573794984489251,0.46609148383140564,47977600,0.0,0.0
1989-03-14 00:00:00-05:00,0.4617353001746464,0.4660915594412581,0.4443113265831503,0.44866758584976196,44409600,0.0,0.0
1989-03-15 00:00:00-05:00,0.44866735789388257,0.44866735789388257,0.42906499875977716,0.43559911847114563,41750400,0.0,0.0
1989-03-16 00:00:00-05:00,0.4355993397874023,0.448667585849762,0.4312436122582659,0.44866758584976196,58796800,0.0,0.0
1989-03-17 00:00:00-05:00,0.43124344192747976,0.43995542528220394,0.426887184381485,0.426887184381485,42918400,0.0,0.0
1989-03-20 00:00:00-05:00,0.42688725711572467,0.43124351540395084,0.4072854241620967,0.4116411507129669,69856000,0.0,0.0
1989-03-21 00:00:00-05:00,0.41817516874322397,0.4268871514253745,0.41381944327076087,0.4225314259529114,56374400,0.0,0.0
1989-03-22 00:00:00-05:00,0.42253134290422445,0.4268870675205683,0.4051073809646094,0.40728524327278137,42224000,0.0,0.0
1989-03-23 00:00:00-05:00,0.4094630928515792,0.4225313297685855,0.4051073683706459,0.4203529357910156,44822400,0.0,0.0
1989-03-27 00:00:00-05:00,0.4225314259529113,0.4268871514253745,0.41817516874322397,0.4225314259529114,23926400,0.0,0.0
1989-03-28 00:00:00-05:00,0.4181752010267608,0.426887184381485,0.4181752010267608,0.426887184381485,18652800,0.0,0.0
1989-03-29 00:00:00-05:00,0.426887184381485,0.426887184381485,0.42253145857275554,0.426887184381485,15152000,0.0,0.0
1989-03-30 00:00:00-05:00,0.4268870860442217,0.44213318633722964,0.4181751046963805,0.43995532393455505,43363200,0.0,0.0
1989-03-31 00:00:00-05:00,0.4443112753829809,0.46173524696662716,0.4399555483557763,0.4573795199394226,43219200,0.0,0.0
1989-04-03 00:00:00-04:00,0.45737930109377883,0.4704470076602047,0.4486673194704417,0.4508451819419861,37027200,0.0,0.0
1989-04-04 00:00:00-04:00,0.4486675794059177,0.45302330687249637,0.4312436060646679,0.44213345646858215,81356800,0.0,0.0
1989-04-05 00:00:00-04:00,0.43995559273529283,0.4443113202018714,0.4290652105939109,0.44213345646858215,44172800,0.0,0.0
1989-04-06 00:00:00-04:00,0.4443111419677735,0.4443111419677735,0.4355991587919348,0.44431114196777344,27088000,0.0,0.0
1989-04-07 00:00:00-04:00,0.4421334134005417,0.4617352485656739,0.43995554987939717,0.46173524856567383,38502400,0.0,0.0
1989-04-10 00:00:00-04:00,0.4617351307042814,0.4704471143024754,0.4573794047738245,0.4639129936695099,43270400,0.0,0.0
1989-04-11 00:00:00-04:00,0.47044702385043646,0.4878709876967489,0.47044702385043646,0.48351526260375977,127552000,0.0,0.0
1989-04-12 00:00:00-04:00,0.4922271547759072,0.5140068397439759,0.4878708987400449,0.5052948594093323,118192000,0.0,0.0
1989-04-13 00:00:00-04:00,0.5270751251990939,0.5314308499035082,0.4922272006152573,0.49658292531967163,161065600,0.0,0.0
1989-04-14 00:00:00-04:00,0.5052950483257488,0.5183632895821235,0.500939322398477,0.514007031917572,82412800,0.0,0.0
1989-04-17 00:00:00-04:00,0.514007053237929,0.5183633110831725,0.5052950692847438,0.5074729323387146,37596800,0.0,0.0
1989-04-18 00:00:00-04:00,0.5096511562689938,0.5227188619491611,0.5074727622080296,0.5118290185928345,82780800,0.0,0.0
1989-04-19 00:00:00-04:00,0.514007031917572,0.5183632895821235,0.5096513059903003,0.514007031917572,52748800,0.0,0.0
1989-04-20 00:00:00-04:00,0.5140068397439759,0.5140068397439759,0.49658287907468857,0.5052948594093323,33891200,0.0,0.0
1989-04-21 00:00:00-04:00,0.5052948594093323,0.5096511154451946,0.5009391351105509,0.5052948594093323,24665600,0.0,0.0
1989-04-24 00:00:00-04:00,0.5052950354129769,0.5052950354129769,0.4944051891358069,0.5009393095970154,12806400,0.0,0.0
1989-04-25 00:00:00-04:00,0.5052949064656308,0.5096511629071756,0.4922272006152573,0.49658292531967163,40572800,0.0,0.0
1989-04-26 00:00:00-04:00,0.49658292136313037,0.5052949024396766,0.48787094028658423,0.4922271966934204,40128000,0.0,0.0
1989-04-27 00:00:00-04:00,0.4878708987400449,0.5096511154451946,0.4878708987400449,0.5052948594093323,33049600,0.0,0.0
1989-04-28 00:00:00-04:00,0.5052948594093323,0.5052948594093323,0.49658287907468857,0.5052948594093323,21404800,0.0,0.0
1989-05-01 00:00:00-04:00,0.5009391351105509,0.5096511154451946,0.4922271547759072,0.5052948594093323,29603200,0.0,0.0
1989-05-02 00:00:00-04:00,0.5052951638401839,0.5140071494236353,0.5009394369171589,0.5096514225006104,33100800,0.0,0.0
1989-05-03 00:00:00-04:00,0.5096513059903003,0.5227190155093953,0.5052950483257488,0.514007031917572,64163200,0.0,0.0
1989-05-04 00:00:00-04:00,0.514007031917572,0.5183632895821235,0.5096513059903003,0.514007031917572,28188800,0.0,0.0
1989-05-05 00:00:00-04:00,0.5140071494236353,0.5270753936675132,0.5096514225006104,0.5096514225006104,53235200,0.0,0.0
1989-05-08 00:00:00-04:00,0.5096514225006104,0.5140071494236353,0.5009394369171589,0.5096514225006104,27270400,0.0,0.0
1989-05-09 00:00:00-04:00,0.5140071494236353,0.5183634080840618,0.5052951638401839,0.5096514225006104,25977600,0.0,0.0
1989-05-10 00:00:00-04:00,0.5140071494236353,0.5183634080840618,0.5052951638401839,0.5096514225006104,19606400,0.0,0.0
1989-05-11 00:00:00-04:00,0.5140070983625917,0.518363356590271,0.509651371872261,0.518363356590271,26608000,0.0,0.0
1989-05-12 00:00:00-04:00,0.5227189767556113,0.5336088225037098,0.518363251151268,0.5314309597015381,78608000,0.0,0.0
1989-05-15 00:00:00-04:00,0.5270753609107898,0.5423209359312955,0.5270753609107898,0.5401430726051331,47436800,0.0,0.0
1989-05-16 00:00:00-04:00,0.5401428903475429,0.5401428903475429,0.5314309082451631,0.5357871651649475,58028800,0.0,0.0
1989-05-17 00:00:00-04:00,0.5357871798425462,0.5532111445246257,0.5314309228034246,0.5488548874855042,76912000,0.0,0.0
1989-05-18 00:00:00-04:00,0.5488547541351328,0.5662787145838671,0.5488547541351328,0.5597445964813232,49897600,0.0,0.0
1989-05-19 00:00:00-04:00,0.5662788826684115,0.5749908654786947,0.5619231571318859,0.5706351399421692,56064000,0.0,0.0
1989-05-22 00:00:00-04:00,0.5706352499468973,0.5706352499468973,0.5575670073436141,0.5619232654571533,34793600,0.0,0.0
1989-05-23 00:00:00-04:00,0.5619231849469464,0.5619231849469464,0.5444992184638977,0.5444992184638977,28576000,0.0,0.0
1989-05-24 00:00:00-04:00,0.5488550728570784,0.5553891947540083,0.5444993460840469,0.5532113313674927,87641600,0.0,0.0
1989-05-25 00:00:00-04:00,0.5488550728570784,0.557567058140524,0.5488550728570784,0.5532113313674927,39852800,0.0,0.0
1989-05-26 00:00:00-04:00,0.5488550228538701,0.5619232654571533,0.5488550228538701,0.5619232654571533,24819200,0.0,0.0
1989-05-30 00:00:00-04:00,0.5575670379127207,0.570635281232482,0.5575670379127207,0.5641011595726013,29257600,0.0,0.0
1989-05-31 00:00:00-04:00,0.5619233859822439,0.5749910996510432,0.5619233859822439,0.5662791132926941,22540800,0.0,0.0
1989-06-01 00:00:00-04:00,0.5662792088557886,0.5837031845128897,0.5662792088557886,0.5771690607070923,46771200,0.0,0.0
1989-06-02 00:00:00-04:00,0.5749910537502644,0.5880592981132917,0.5641012046060124,0.5793473124504089,31392000,0.0,0.0
1989-06-05 00:00:00-04:00,0.5793472711628994,0.5837029978152244,0.535787345952808,0.5401430726051331,75065600,0.0,0.0
1989-06-06 00:00:00-04:00,0.5488548676108883,0.557566849636458,0.5444991424666956,0.5553889870643616,67635200,0.0,0.0
1989-06-07 00:00:00-04:00,0.5619232654571533,0.5706352499468973,0.5532112809674093,0.5619232654571533,32806400,0.0,0.0
1989-06-08 00:00:00-04:00,0.5662788521675837,0.5706351092067052,0.5488548874855042,0.5488548874855042,27494400,0.0,0.0
1989-06-09 00:00:00-04:00,0.553211201705422,0.5619231849469464,0.5401429609745064,0.5444992184638977,36960000,0.0,0.0
1989-06-12 00:00:00-04:00,0.5444990298914864,0.5619229903402208,0.5401427739107656,0.5597445964813232,41660800,0.0,0.0
1989-06-13 00:00:00-04:00,0.553211129369707,0.553211129369707,0.5314309082451631,0.5357871651649475,67212800,0.0,0.0
1989-06-14 00:00:00-04:00,0.5357873351509549,0.5401430617154653,0.5227190919827084,0.5270753502845764,55292800,0.0,0.0
1989-06-15 00:00:00-04:00,0.527075341308281,0.5314310677986117,0.5052951136445817,0.518363356590271,43859200,0.0,0.0
1989-06-16 00:00:00-04:00,0.5183633654181979,0.5270753502845764,0.5140071071163299,0.5270753502845764,54291200,0.0,0.0
1989-06-19 00:00:00-04:00,0.5270753502845764,0.5270753502845764,0.5183633654181979,0.5270753502845764,16083200,0.0,0.0
1989-06-20 00:00:00-04:00,0.5227191350070868,0.5314311205905383,0.5096514225006104,0.5096514225006104,37728000,0.0,0.0
1989-06-21 00:00:00-04:00,0.509651371872261,0.5227190830806018,0.509651371872261,0.518363356590271,31430400,0.0,0.0
1989-06-22 00:00:00-04:00,0.5227189767556113,0.5357872170431217,0.5140069938096844,0.5314309597015381,35030400,0.0,0.0
1989-06-23 00:00:00-04:00,0.5357871651649475,0.5357871651649475,0.5270751830625677,0.5357871651649475,59446400,0.0,0.0
1989-06-26 00:00:00-04:00,0.5357872352223735,0.553211201705422,0.5314309777329821,0.5444992184638977,66950400,0.0,0.0
1989-06-27 00:00:00-04:00,0.5444990754791743,0.5575667810412697,0.5444990754791743,0.5510326623916626,57657600,0.0,0.0
1989-06-28 00:00:00-04:00,0.5401428903475429,0.5401428903475429,0.5227189261427835,0.5357871651649475,53977600,0.0,0.0
1989-06-29 00:00:00-04:00,0.5314308004132632,0.5314308004132632,0.5009391351105509,0.5052948594093323,84083200,0.0,0.0
1989-06-30 00:00:00-04:00,0.5009391351105509,0.5052948594093323,0.4878708987400449,0.5052948594093323,59449600,0.0,0.0
1989-07-03 00:00:00-04:00,0.5052949064656308,0.5052949064656308,0.4922272006152573,0.49658292531967163,25654400,0.0,0.0
1989-07-05 00:00:00-04:00,0.49658292136313037,0.49658292136313037,0.48787094028658423,0.4922271966934204,24912000,0.0,0.0
1989-07-06 00:00:00-04:00,0.48787094028658423,0.49658292136313037,0.48787094028658423,0.4922271966934204,41497600,0.0,0.0
1989-07-07 00:00:00-04:00,0.4922271547759072,0.5096511154451946,0.4878708987400449,0.5052948594093323,34377600,0.0,0.0
1989-07-10 00:00:00-04:00,0.509651371872261,0.5248969463257671,0.49658312892657164,0.518363356590271,29696000,0.0,0.0
1989-07-11 00:00:00-04:00,0.518363356590271,0.527075341308281,0.5140070983625917,0.518363356590271,26451200,0.0,0.0
1989-07-12 00:00:00-04:00,0.518363356590271,0.518363356590271,0.5118292351174263,0.518363356590271,31737600,0.0,0.0
1989-07-13 00:00:00-04:00,0.5183632895821235,0.5183632895821235,0.514007031917572,0.514007031917572,21878400,0.0,0.0
1989-07-14 00:00:00-04:00,0.5140066579937391,0.5227186352478703,0.5096509352351201,0.5205407738685608,41961600,0.0,0.0
1989-07-17 00:00:00-04:00,0.5227189673693002,0.5488549157377652,0.5183632418431715,0.5466770529747009,34201600,0.0,0.0
1989-07-18 00:00:00-04:00,0.5357873397827972,0.5379652030838799,0.5009394000160254,0.5031172633171082,132838400,0.0,0.0
1989-07-19 00:00:00-04:00,0.5096511629071756,0.5096511629071756,0.48351521946929815,0.49658292531967163,110048000,0.0,0.0
1989-07-20 00:00:00-04:00,0.5009393095970154,0.5096512929662046,0.49658305204378766,0.5009393095970154,50780800,0.0,0.0
1989-07-21 00:00:00-04:00,0.500939322398477,0.514007031917572,0.49658306473392555,0.514007031917572,25340800,0.0,0.0
1989-07-24 00:00:00-04:00,0.509651043098702,0.516184628619412,0.49658280858327103,0.4987606704235077,28390400,0.0,0.0
1989-07-25 00:00:00-04:00,0.500939414655469,0.5096513998517608,0.4878711709923424,0.4900490343570709,56492800,0.0,0.0
1989-07-26 00:00:00-04:00,0.4922272006152573,0.49658292531967163,0.47915896302775335,0.49658292531967163,42371200,0.0,0.0
1989-07-27 00:00:00-04:00,0.500939322398477,0.5183632895821235,0.49658306473392555,0.514007031917572,41216000,0.0,0.0
1989-07-28 00:00:00-04:00,0.5140070983625917,0.5227190830806018,0.5052951136445817,0.518363356590271,18012800,0.0,0.0
1989-07-31 00:00:00-04:00,0.518363251151268,0.5314309597015381,0.5140069938096844,0.5314309597015381,31830400,0.0,0.0
1989-08-01 00:00:00-04:00,0.5314311205905383,0.5357873792509646,0.5096514225006104,0.5096514225006104,36284800,0.0,0.0
1989-08-02 00:00:00-04:00,0.5140070983625917,0.5227190830806018,0.5052951136445817,0.518363356590271,24179200,0.0,0.0
1989-08-03 00:00:00-04:00,0.5227191025210964,0.5444993309948263,0.5183633758687715,0.5401430726051331,75328000,0.0,0.0
1989-08-04 00:00:00-04:00,0.5401430875736326,0.557567058140524,0.5357873608006013,0.5532113313674927,78128000,0.0,0.0
1989-08-07 00:00:00-04:00,0.5575668998581282,0.5749908654786947,0.5532111743216026,0.5706351399421692,71280000,0.0,0.0
1989-08-08 00:00:00-04:00,0.57499098777771,0.5793472459780319,0.5662790031144113,0.57499098777771,105392000,0.0,0.0
1989-08-09 00:00:00-04:00,0.5706351092067052,0.579347091547745,0.5488548874855042,0.5488548874855042,48748800,0.0,0.0
1989-08-10 00:00:00-04:00,0.5488549442160306,0.553211201705422,0.5357872352223735,0.5444992184638977,31193600,0.0,0.0
1989-08-11 00:00:00-04:00,0.553211129369707,0.5553889919610047,0.5270751830625677,0.5357871651649475,46508800,0.0,0.0
1989-08-14 00:00:00-04:00,0.5314309201758092,0.5357871771933915,0.5227189378778451,0.5248968005180359,30803200,0.0,0.0
1989-08-15 00:00:00-04:00,0.5227190919827084,0.5314310768490869,0.5183633654181979,0.5270753502845764,39980800,0.0,0.0
1989-08-16 00:00:00-04:00,0.5227190965015767,0.5314310814432697,0.4922274150743325,0.5031172633171082,141980800,0.0,0.0
1989-08-17 00:00:00-04:00,0.5052950483257488,0.5183632895821235,0.4987609276975614,0.514007031917572,88256000,0.0,0.0
1989-08-18 00:00:00-04:00,0.514007031917572,0.5183632895821235,0.5096513059903003,0.514007031917572,25068800,0.0,0.0
1989-08-21 00:00:00-04:00,0.5096512929662046,0.5140070187821661,0.4987609149517684,0.5009393095970154,38940800,0.0,0.0
1989-08-22 00:00:00-04:00,0.5052951638401839,0.5096514225006104,0.49440531479521993,0.5096514225006104,65072000,0.0,0.0
1989-08-23 00:00:00-04:00,0.5052951222499514,0.5270753502845764,0.5052951222499514,0.5270753502845764,76441600,0.0,0.0
1989-08-24 00:00:00-04:00,0.5270752340971948,0.5336088225037098,0.518363251151268,0.5314309597015381,71462400,0.0,0.0
1989-08-25 00:00:00-04:00,0.5314309082451631,0.5401428903475429,0.5270751830625677,0.5357871651649475,76918400,0.0,0.0
1989-08-28 00:00:00-04:00,0.5357872170431217,0.5357872170431217,0.5227189767556113,0.5314309597015381,30515200,0.0,0.0
1989-08-29 00:00:00-04:00,0.5292532045534464,0.5314310677986117,0.518363356590271,0.518363356590271,46304000,0.0,0.0
1989-08-30 00:00:00-04:00,0.5227190919827084,0.5270753502845764,0.5183633654181979,0.5270753502845764,34412800,0.0,0.0
1989-08-31 00:00:00-04:00,0.5227189660072327,0.527075223259241,0.5183632404924539,0.5227189660072327,27459200,0.0,0.0
1989-09-01 00:00:00-04:00,0.5183633654181979,0.5336089401313421,0.5183633654181979,0.5270753502845764,17312000,0.0,0.0
1989-09-05 00:00:00-04:00,0.5270752650270666,0.5444992319413949,0.5248968703598219,0.5336088538169861,36585600,0.0,0.0
1989-09-06 00:00:00-04:00,0.53143094877402,0.53143094877402,0.5183632404924539,0.5227189660072327,32307200,0.0,0.0
1989-09-07 00:00:00-04:00,0.5227190830806018,0.5314310677986117,0.518363356590271,0.518363356590271,32547200,0.0,0.0
1989-09-08 00:00:00-04:00,0.5227190830806018,0.5227190830806018,0.5118292351174263,0.518363356590271,65728000,0.0,0.0
1989-09-11 00:00:00-04:00,0.5161849616077571,0.527075341308281,0.5140070983625917,0.518363356590271,38131200,0.0,0.0
1989-09-12 00:00:00-04:00,0.5227191025210964,0.5444993309948263,0.5227191025210964,0.5401430726051331,56620800,0.0,0.0
1989-09-13 00:00:00-04:00,0.5488547871934607,0.5619230241856676,0.5401428064443581,0.5423206686973572,66486400,0.0,0.0
1989-09-14 00:00:00-04:00,0.5444993309948263,0.5488550576471513,0.535787345952808,0.5401430726051331,26300800,0.0,0.0
1989-09-15 00:00:00-04:00,0.5401429609745064,0.5444992184638977,0.5357872352223735,0.5444992184638977,39155200,0.0,0.0
1989-09-18 00:00:00-04:00,0.5444991999890486,0.5444991999890486,0.5270752340971948,0.5314309597015381,31043200,0.0,0.0
1989-09-19 00:00:00-04:00,0.5357871651649475,0.5401428903475429,0.5270751830625677,0.5357871651649475,20870400,0.0,0.0
1989-09-20 00:00:00-04:00,0.5357872352223735,0.5488549442160306,0.5314309777329821,0.5444992184638977,35619200,0.0,0.0
1989-09-21 00:00:00-04:00,0.5444993460840469,0.5619233166509383,0.5444993460840469,0.5532113313674927,44752000,0.0,0.0
1989-09-22 00:00:00-04:00,0.5532111244922653,0.557566849636458,0.5444991424666956,0.5553889870643616,37894400,0.0,0.0
1989-09-25 00:00:00-04:00,0.5532111244922653,0.5619231065178348,0.5488548676108883,0.5553889870643616,32144000,0.0,0.0
1989-09-26 00:00:00-04:00,0.5575670073436141,0.5619232654571533,0.5488550228538701,0.5619232654571533,35926400,0.0,0.0
1989-09-27 00:00:00-04:00,0.5444990754791743,0.5575667810412697,0.54014281913373,0.5510326623916626,25488000,0.0,0.0
1989-09-28 00:00:00-04:00,0.5488548399880528,0.5575668215751648,0.5488548399880528,0.5575668215751648,89305600,0.0,0.0
1989-09-29 00:00:00-04:00,0.5532112809674093,0.5662789918333581,0.5532112809674093,0.5619232654571533,62188800,0.0,0.0
1989-10-02 00:00:00-04:00,0.5619232962650956,0.570635281232482,0.5575670379127207,0.5641011595726013,39539200,0.0,0.0
1989-10-03 00:00:00-04:00,0.5619233166509383,0.570635301934384,0.5488550728570784,0.5532113313674927,52704000,0.0,0.0
1989-10-04 00:00:00-04:00,0.5532113996238947,0.5771689633062683,0.5444994132655455,0.5662791132926941,91443200,0.0,0.0
1989-10-05 00:00:00-04:00,0.5662790031144113,0.5880592306413305,0.5619232766514346,0.57499098777771,70265600,0.0,0.0
1989-10-06 00:00:00-04:00,0.5837031602859497,0.588059419888185,0.5749911728189951,0.5837031602859497,49433600,0.0,0.0
1989-10-09 00:00:00-04:00,0.5793471871772904,0.6054831385145224,0.5793471871772904,0.6033047437667847,61145600,0.0,0.0
1989-10-10 00:00:00-04:00,0.6054829138309769,0.609838638235541,0.5837026965968749,0.5924146771430969,71196800,0.0,0.0
1989-10-11 00:00:00-04:00,0.5880590313996509,0.5880590313996509,0.5749907929637114,0.5858806371688843,45046400,0.0,0.0
1989-10-12 00:00:00-04:00,0.5880590990972652,0.5924148245859013,0.5837028418714028,0.5902369618415833,29603200,0.0,0.0
1989-10-13 00:00:00-04:00,0.5924149992743067,0.6098389698411981,0.5466772094705626,0.5532113313674927,106585600,0.0,0.0
1989-10-16 00:00:00-04:00,0.5314310644612168,0.5793472459780319,0.5227190797979181,0.57499098777771,118134400,0.0,0.0
1989-10-17 00:00:00-04:00,0.5706354449542761,0.5967714073551396,0.5575671978850862,0.5837031602859497,87980800,0.0,0.0
1989-10-18 00:00:00-04:00,0.5837028418714028,0.5924148245859013,0.570635133668268,0.5902369618415833,29171200,0.0,0.0
1989-10-19 00:00:00-04:00,0.5924148736957034,0.6098388405691065,0.5880591478459879,0.6054831147193909,47356800,0.0,0.0
1989-10-20 00:00:00-04:00,0.6054831147193909,0.6098388405691065,0.5924148736957034,0.6054831147193909,39030400,0.0,0.0
1989-10-23 00:00:00-04:00,0.6098391226868131,0.6098391226868131,0.5749911728189951,0.5837031602859497,60611200,0.0,0.0
1989-10-24 00:00:00-04:00,0.5749910537502644,0.5793473124504089,0.5619233411246433,0.5793473124504089,51788800,0.0,0.0
1989-10-25 00:00:00-04:00,0.5749910166075926,0.579347275026336,0.5662790315074775,0.5728131532669067,20345600,0.0,0.0
1989-10-26 00:00:00-04:00,0.5401428584009409,0.5706350598244114,0.5379649959384523,0.5575668215751648,115513600,0.0,0.0
1989-10-27 00:00:00-04:00,0.5619231065178348,0.5619231065178348,0.5444991424666956,0.5553889870643616,32838400,0.0,0.0
1989-10-30 00:00:00-05:00,0.5575670379127207,0.5662790228801069,0.5532113112977094,0.5641011595726013,22201600,0.0,0.0
1989-10-31 00:00:00-05:00,0.566278846233183,0.5880590677261353,0.5619231209769113,0.5880590677261353,42764800,0.0,0.0
1989-11-01 00:00:00-05:00,0.5837030394131472,0.5924150250760299,0.5662790680873816,0.5793473124504089,18195200,0.0,0.0
1989-11-02 00:00:00-05:00,0.5619231268656655,0.5662788521675837,0.5357871798425462,0.5488548874855042,97859200,0.0,0.0
1989-11-03 00:00:00-05:00,0.5488549578013412,0.5575669412585054,0.531430990887013,0.5336088538169861,36476800,0.0,0.0
1989-11-06 00:00:00-05:00,0.5357873260262911,0.5357873260262911,0.5140070983625917,0.518363356590271,64934400,0.0,0.0
1989-11-07 00:00:00-05:00,0.5227189404623849,0.5532111445246257,0.5140069581213451,0.5488548874855042,47881600,0.0,0.0
1989-11-08 00:00:00-05:00,0.5532113313674927,0.570635301934384,0.5488550728570784,0.5532113313674927,59254400,0.0,0.0
1989-11-09 00:00:00-05:00,0.5575670073436141,0.5619232654571533,0.5444992964776654,0.5619232654571533,33673600,0.0,0.0
1989-11-10 00:00:00-05:00,0.5619233048261059,0.5880592601264509,0.5575670464073624,0.5728131532669067,27196800,0.0,0.0
1989-11-13 00:00:00-05:00,0.5706354686388331,0.5837031845128897,0.5662792088557886,0.5771690607070923,25753600,0.0,0.0
1989-11-14 00:00:00-05:00,0.57499098777771,0.5837029724410085,0.5619232766514346,0.57499098777771,24252800,0.0,0.0
1989-11-15 00:00:00-05:00,0.5706351032266527,0.5880590677261353,0.566278846233183,0.5880590677261353,26588800,0.0,0.0
1989-11-16 00:00:00-05:00,0.5924151477529042,0.5924151477529042,0.5793474324212305,0.5837031602859497,24326400,0.0,0.0
1989-11-17 00:00:00-05:00,0.5837026965968749,0.5967709332847548,0.5837026965968749,0.5924146771430969,39452800,0.0,0.0
1989-11-20 00:00:00-05:00,0.5924151477529042,0.5967714073551396,0.5706354449542761,0.5837031602859497,17555200,0.0,0.0
1989-11-21 00:00:00-05:00,0.5793474324212305,0.588059419888185,0.5706354449542761,0.5837031602859497,16422400,0.0,0.0
1989-11-22 00:00:00-05:00,0.5880594320721381,0.6076612713445354,0.5837031723796458,0.6011271476745605,48489600,0.0,0.0
1989-11-24 00:00:00-05:00,0.6054831147193909,0.6054831147193909,0.5967711312826894,0.6054831147193909,15760000,0.0,0.0
1989-11-27 00:00:00-05:00,0.6054831147193909,0.6054831147193909,0.5924148736957034,0.6054831147193909,53107200,0.0,0.0
1989-11-28 00:00:00-05:00,0.6011266388560039,0.6054828948611802,0.5967709145879048,0.5989487767219543,44428800,0.0,0.0
1989-11-29 00:00:00-05:00,0.5967711312826894,0.6076609776442488,0.5837028902590019,0.6054831147193909,30656000,0.0,0.0
1989-11-30 00:00:00-05:00,0.6054831147193909,0.6098388405691065,0.5967711312826894,0.6054831147193909,64521600,0.0,0.0
1989-12-01 00:00:00-05:00,0.6054832423498753,0.6229072128960964,0.6054832423498753,0.6141952276229858,91065600,0.0,0.0
1989-12-04 00:00:00-05:00,0.6141951183843744,0.6272628281011715,0.6141951183843744,0.6229071021080017,43193600,0.0,0.0
1989-12-05 00:00:00-05:00,0.622906974669886,0.6272626997719348,0.6098387358893811,0.618550717830658,22780800,0.0,0.0
1989-12-06 00:00:00-05:00,0.6141950981560924,0.6185508240058081,0.6054831147193909,0.6054831147193909,24425600,0.0,0.0
1989-12-07 00:00:00-05:00,0.6098388405691065,0.6098388405691065,0.5967711312826894,0.6054831147193909,26278400,0.0,0.0
1989-12-08 00:00:00-05:00,0.6011271352198586,0.6098391226868131,0.5793474324212305,0.5837031602859497,56483200,0.0,0.0
1989-12-11 00:00:00-05:00,0.5837029928148795,0.5837029928148795,0.5532113112977094,0.5641011595726013,58176000,0.0,0.0
1989-12-12 00:00:00-05:00,0.5619230782372995,0.5706350598244114,0.5488548399880528,0.5575668215751648,61043200,0.0,0.0
1989-12-13 00:00:00-05:00,0.5619232654571533,0.5662789918333581,0.5532112809674093,0.5619232654571533,23228800,0.0,0.0
1989-12-14 00:00:00-05:00,0.5575668985272536,0.5619231557906131,0.5357872074221481,0.5466770529747009,56368000,0.0,0.0
1989-12-15 00:00:00-05:00,0.5488548724499226,0.553211129369707,0.5314309082451631,0.5357871651649475,61532800,0.0,0.0
1989-12-18 00:00:00-05:00,0.5357871771933915,0.5401429024737732,0.5227189378778451,0.5248968005180359,41596800,0.0,0.0
1989-12-19 00:00:00-05:00,0.5227191025210964,0.5444993309948263,0.5227191025210964,0.5401430726051331,40672000,0.0,0.0
1989-12-20 00:00:00-05:00,0.5488548874855042,0.5575668698265439,0.544499162183586,0.5488548874855042,42729600,0.0,0.0
1989-12-21 00:00:00-05:00,0.5532111010914985,0.583702771022606,0.5488548443943908,0.5815249085426331,54988800,0.0,0.0
1989-12-22 00:00:00-05:00,0.5793473124504089,0.5924150250760299,0.5793473124504089,0.5793473124504089,41052800,0.0,0.0
1989-12-26 00:00:00-05:00,0.5793471467565625,0.583702872473559,0.5662789061310647,0.568456768989563,9312000,0.0,0.0
1989-12-27 00:00:00-05:00,0.5793469721923108,0.5967709332847548,0.5749907160506529,0.5924146771430969,49641600,0.0,0.0
1989-12-28 00:00:00-05:00,0.5924146771430969,0.5967709332847548,0.5880589527385328,0.5924146771430969,26368000,0.0,0.0
1989-12-29 00:00:00-05:00,0.5967714197195955,0.6033050116520431,0.5924151600271031,0.6011271476745605,23689600,0.0,0.0
1990-01-02 00:00:00-05:00,0.6011267652114233,0.6272627115249634,0.5924147831069099,0.6272627115249634,63833600,0.0,0.0
1990-01-03 00:00:00-05:00,0.6272627489907401,0.6316190061717862,0.6098387837409973,0.6098387837409973,69504000,0.0,0.0
1990-01-04 00:00:00-05:00,0.6141951183843744,0.6272628281011715,0.6011268769302893,0.6229071021080017,58483200,0.0,0.0
1990-01-05 00:00:00-05:00,0.622906974669886,0.6272626997719348,0.6141949927286091,0.618550717830658,37036800,0.0,0.0
1990-01-08 00:00:00-05:00,0.6229069863413013,0.6316189684458146,0.61855072942045,0.6272627115249634,43305600,0.0,0.0
1990-01-09 00:00:00-05:00,0.6359748340941764,0.6533988021515511,0.6359748340941764,0.6446868181228638,103030400,0.0,0.0
1990-01-10 00:00:00-05:00,0.640330950550328,0.6490429326548414,0.6141950042367879,0.6272627115249634,114105600,0.0,0.0
1990-01-11 00:00:00-05:00,0.6272627115249634,0.640330950550328,0.6229069863413013,0.6272627115249634,41068800,0.0,0.0
1990-01-12 00:00:00-05:00,0.6141952276229858,0.6272629396639605,0.6098389691177394,0.6141952276229858,48851200,0.0,0.0
1990-01-15 00:00:00-05:00,0.6141949927286091,0.622906974669886,0.6054830107873322,0.618550717830658,33830400,0.0,0.0
1990-01-16 00:00:00-05:00,0.6185504802068075,0.6577546497503742,0.6098385016123454,0.6533983945846558,103984000,0.0,0.0
1990-01-17 00:00:00-05:00,0.6533986645046327,0.6708226288914229,0.6533986645046327,0.6555765271186829,115017600,0.0,0.0
1990-01-18 00:00:00-05:00,0.6533989893987815,0.6533989893987815,0.6359750163481473,0.6490432620048523,85571200,0.0,0.0
1990-01-19 00:00:00-05:00,0.6533987315416532,0.6664669720411107,0.6533987315416532,0.6599328517913818,37107200,0.0,0.0
1990-01-22 00:00:00-05:00,0.6577546289007147,0.6621103521913896,0.6403306722640991,0.6403306722640991,48150400,0.0,0.0
1990-01-23 00:00:00-05:00,0.6533983738730818,0.6533983738730818,0.6359744172364663,0.6403306722640991,53708800,0.0,0.0
1990-01-24 00:00:00-05:00,0.6272630942495245,0.6642889078507084,0.6185511068293923,0.6621110439300537,87593600,0.0,0.0
1990-01-25 00:00:00-05:00,0.6664669513702393,0.6838909170042686,0.6621106940931156,0.6664669513702393,91740800,0.0,0.0
1990-01-26 00:00:00-05:00,0.6664667267649664,0.6926026664079641,0.6664667267649664,0.6751787066459656,144806400,0.0,0.0
1990-01-29 00:00:00-05:00,0.679534659727145,0.6882466425441597,0.6490429857362099,0.6664669513702393,100156800,0.0,0.0
1990-01-30 00:00:00-05:00,0.662111043139914,0.6664673027135382,0.6490433278940668,0.6577553153038025,49712000,0.0,0.0
1990-01-31 00:00:00-05:00,0.6621103739436669,0.6882463097572327,0.6577546505098937,0.6882463097572327,94470400,0.0,0.0
1990-02-01 00:00:00-05:00,0.6882465963180249,0.6926028533025601,0.6751788888388126,0.6795346140861511,44828800,0.0,0.0
1990-02-02 00:00:00-05:00,0.6795343311527108,0.6969582883617547,0.6751786077189375,0.6882463097572327,48672000,0.0,0.0
1990-02-05 00:00:00-05:00,0.6795344620943069,0.7013146786709967,0.6751787378212156,0.6969584226608276,59574400,0.0,0.0
1990-02-06 00:00:00-05:00,0.6969584226608276,0.6969584226608276,0.6795344620943069,0.6969584226608276,37971200,0.0,0.0
1990-02-07 00:00:00-05:00,0.6926032959752482,0.7143829996066836,0.688247036206439,0.7013152837753296,70905600,0.0,0.0
1990-02-08 00:00:00-05:00,0.7013146919992627,0.7230943772527907,0.7013146919992627,0.7056704163551331,72928000,0.0,0.0
1990-02-09 00:00:00-05:00,0.7056710118066021,0.7100272715754111,0.6926032959752482,0.7013152837753296,42704000,0.0,0.0
1990-02-12 00:00:00-05:00,0.7013145993309668,0.7013145993309668,0.6795343852182822,0.6838906407356262,26720000,0.0,0.0
1990-02-13 00:00:00-05:00,0.6838909492256772,0.6969586581982659,0.6751789659981988,0.6926029324531555,35574400,0.0,0.0
1990-02-14 00:00:00-05:00,0.6882464423775673,0.6969584226608276,0.6882464423775673,0.6969584226608276,25689600,0.0,0.0
1990-02-15 00:00:00-05:00,0.688247036206439,0.7013152837753296,0.6795350484063576,0.7013152837753296,59472000,0.0,0.0
1990-02-16 00:00:00-05:00,0.6969584226608276,0.7100266589542571,0.6926026983877364,0.6969584226608276,78976000,0.0,0.0
1990-02-20 00:00:00-05:00,0.6838906865269648,0.6904242726349243,0.6664667267649664,0.6751787066459656,50953600,0.0,0.0
1990-02-21 00:00:00-05:00,0.6708224235772776,0.6838906587362599,0.6621104440503,0.6773565411567688,52230400,0.0,0.0
1990-02-22 00:00:00-05:00,0.6838906865269648,0.6904242726349243,0.6708224508369394,0.6751787066459656,39760000,0.0,0.0
1990-02-23 00:00:00-05:00,0.6621108736310686,0.6795348439897809,0.6621108736310686,0.6708228588104248,36528000,0.0,0.0
1990-02-26 00:00:00-05:00,0.6708223525481888,0.6882463097572327,0.6664666291144156,0.6882463097572327,23958400,0.0,0.0
1990-02-27 00:00:00-05:00,0.6882463097572327,0.7013145435325033,0.6751786077189375,0.6882463097572327,57184000,0.0,0.0
1990-02-28 00:00:00-05:00,0.688247036206439,0.7013152837753296,0.688247036206439,0.7013152837753296,41097600,0.0,0.0
1990-03-01 00:00:00-05:00,0.6969589955414279,0.7143829704299636,0.6926032676880515,0.707848846912384,89718400,0.0,0.0
1990-03-02 00:00:00-05:00,0.7100266814231873,0.7143824058341163,0.7013147008642346,0.7100266814231873,60652800,0.0,0.0
1990-03-05 00:00:00-05:00,0.7056704310028304,0.7100266871862122,0.6926027259268831,0.6947805881500244,42393600,0.0,0.0
1990-03-06 00:00:00-05:00,0.6926032676880515,0.7100272425765871,0.6751792927995157,0.707848846912384,74396800,0.0,0.0
1990-03-07 00:00:00-05:00,0.7100266589542571,0.7143823832273483,0.6926026983877364,0.6969584226608276,37804800,0.0,0.0
1990-03-08 00:00:00-05:00,0.6926030843535442,0.7013150694917185,0.68389109921537,0.6991366744041443,36377600,0.0,0.0
1990-03-09 00:00:00-05:00,0.6969584359063042,0.7100266724480915,0.6969584359063042,0.7056704163551331,66025600,0.0,0.0
1990-03-12 00:00:00-05:00,0.7013150694917185,0.7013150694917185,0.6795348407775957,0.6991366744041443,68656000,0.0,0.0
1990-03-13 00:00:00-05:00,0.6969586581982659,0.7100268989081122,0.6926029324531555,0.6926029324531555,39411200,0.0,0.0
1990-03-14 00:00:00-05:00,0.6926029324531555,0.7013149156806339,0.6795346917433093,0.6926029324531555,57164800,0.0,0.0
1990-03-15 00:00:00-05:00,0.68389109921537,0.7013150694917185,0.6751791140771957,0.6991366744041443,78144000,0.0,0.0
1990-03-16 00:00:00-05:00,0.7143820970272639,0.7492300041993256,0.7013143977061732,0.7361623048782349,208112000,0.0,0.0
1990-03-19 00:00:00-05:00,0.7318067797299088,0.7622989947540191,0.7318067797299088,0.7579427361488342,81865600,0.0,0.0
1990-03-20 00:00:00-05:00,0.757942667534185,0.7622989257450088,0.7448749563764068,0.749230682849884,86044800,0.0,0.0
1990-03-21 00:00:00-05:00,0.7492307633403652,0.7535870220191854,0.7361630507787118,0.7383409142494202,48704000,0.0,0.0
1990-03-22 00:00:00-05:00,0.7361630734837404,0.740518800559498,0.7230948287816275,0.7318068146705627,54707200,0.0,0.0
1990-03-23 00:00:00-05:00,0.731806468963623,0.7492304325103759,0.731806468963623,0.7405184507369995,29168000,0.0,0.0
1990-03-26 00:00:00-05:00,0.7405188388298843,0.7492308251690594,0.7361631115290205,0.7426967024803162,19315200,0.0,0.0
1990-03-27 00:00:00-05:00,0.7405186981655831,0.749230682849884,0.7318067134812821,0.749230682849884,65660800,0.0,0.0
1990-03-28 00:00:00-05:00,0.744874707492272,0.7492304325103759,0.7361627257188956,0.7405184507369995,31107200,0.0,0.0
1990-03-29 00:00:00-05:00,0.740518406560021,0.740518406560021,0.7274507005481186,0.7296285629272461,34473600,0.0,0.0
1990-03-30 00:00:00-05:00,0.7274512052536011,0.7448751798496452,0.7274512052536011,0.7274512052536011,44684800,0.0,0.0
1990-04-02 00:00:00-04:00,0.7187385926636384,0.7274505723823671,0.7100266129449098,0.7252721786499023,77910400,0.0,0.0
1990-04-03 00:00:00-04:00,0.7230940738202793,0.7383401661422725,0.7230940738202793,0.7361623048782349,32953600,0.0,0.0
1990-04-04 00:00:00-04:00,0.731806468963623,0.7492304325103759,0.731806468963623,0.7405184507369995,80499200,0.0,0.0
1990-04-05 00:00:00-04:00,0.7361630734837404,0.740518800559498,0.7274510875948051,0.7318068146705627,38332800,0.0,0.0
1990-04-06 00:00:00-04:00,0.7318065336878042,0.7318065336878042,0.7143825685999994,0.7209166884422302,26636800,0.0,0.0
1990-04-09 00:00:00-04:00,0.718738975456312,0.7274509598149502,0.7143827174083297,0.7230947017669678,28851200,0.0,0.0
1990-04-10 00:00:00-04:00,0.718738351292204,0.7361623048782349,0.718738351292204,0.7361623048782349,38060800,0.0,0.0
1990-04-11 00:00:00-04:00,0.7448747158050537,0.7622986795462575,0.7405184590011653,0.7448747158050537,88169600,0.0,0.0
1990-04-12 00:00:00-04:00,0.762298671039025,0.7666543960571288,0.7405184507369994,0.7405184507369995,113734400,0.0,0.0
1990-04-16 00:00:00-04:00,0.744874707492272,0.7492304325103759,0.7361627257188956,0.7405184507369995,63648000,0.0,0.0
1990-04-17 00:00:00-04:00,0.7318067920998916,0.7426966411908367,0.727451065158475,0.7383409142494202,44934400,0.0,0.0
1990-04-18 00:00:00-04:00,0.740518660807028,0.7426965239338953,0.7143827080726624,0.7143827080726624,72134400,0.0,0.0
1990-04-19 00:00:00-04:00,0.7143829996066836,0.7143829996066836,0.7013152837753296,0.7013152837753296,69942400,0.0,0.0
1990-04-20 00:00:00-04:00,0.7013146786709967,0.7100266589542571,0.6926026983877364,0.6969584226608276,88704000,0.0,0.0
1990-04-23 00:00:00-04:00,0.6969582883617547,0.6969582883617547,0.6751786077189375,0.6882463097572327,50425600,0.0,0.0
1990-04-24 00:00:00-04:00,0.6926028533025601,0.6926028533025601,0.6751788888388126,0.6795346140861511,36998400,0.0,0.0
1990-04-25 00:00:00-04:00,0.6795346917433093,0.6969586581982659,0.6795346917433093,0.6926029324531555,47836800,0.0,0.0
1990-04-26 00:00:00-04:00,0.6969584226608276,0.7013146786709967,0.683890718104476,0.6969584226608276,35350400,0.0,0.0
1990-04-27 00:00:00-04:00,0.696958860956322,0.7013151197060051,0.6838911481820971,0.6860690116882324,26105600,0.0,0.0
1990-04-30 00:00:00-04:00,0.6838905863234594,0.6926025649279813,0.6751786077189375,0.6882463097572327,29436800,0.0,0.0
1990-05-01 00:00:00-04:00,0.6882466985533703,0.6969586820793623,0.6882466985533703,0.6904245615005493,31152000,0.0,0.0
1990-05-02 00:00:00-04:00,0.688247036206439,0.7013152837753296,0.688247036206439,0.7013152837753296,54054400,0.0,0.0
1990-05-03 00:00:00-04:00,0.7056707238278738,0.7187389660637165,0.7013149975741393,0.7143827080726624,83414400,0.0,0.0
1990-05-04 00:00:00-04:00,0.7230940738202793,0.7405180274063101,0.718738351292204,0.7361623048782349,76041600,0.0,0.0
1990-05-07 00:00:00-04:00,0.7405186111151408,0.7579425784354971,0.7361628851536937,0.7514084577560425,73984000,0.0,0.0
1990-05-08 00:00:00-04:00,0.7535869410607078,0.757942667534185,0.7361629716921059,0.749230682849884,28297600,0.0,0.0
1990-05-09 00:00:00-04:00,0.7492305118872098,0.7579424945835728,0.7448747864076409,0.7535867691040039,83737600,0.0,0.0
1990-05-10 00:00:00-04:00,0.7579427361488342,0.7622989947540191,0.7361630383350937,0.7579427361488342,67737600,0.0,0.0
1990-05-11 00:00:00-04:00,0.7579427023728689,0.7862565209639494,0.7492307172881232,0.7840786576271057,109225600,0.0,0.0
1990-05-14 00:00:00-04:00,0.7840785283720895,0.7906126490428443,0.7753665447235107,0.7753665447235107,124387200,0.0,0.0
1990-05-15 00:00:00-04:00,0.7753665447235107,0.7797228024164417,0.7622988351192842,0.7753665447235107,57804800,0.0,0.0
1990-05-16 00:00:00-04:00,0.7753663149708787,0.7797225713729858,0.7622986092388088,0.7797225713729858,75526400,0.0,0.0
1990-05-17 00:00:00-04:00,0.7797227813832925,0.7884347647968641,0.7753665238078723,0.7819006443023682,76249600,0.0,0.0
1990-05-18 00:00:00-04:00,0.7753664677782506,0.7884347078229037,0.7753664677782506,0.7862563133239746,73347200,0.0,0.0
1990-05-21 00:00:00-04:00,0.7884349246004213,0.7971469097797775,0.7753666809626988,0.7927906513214111,91987200,0.0,0.0
1990-05-22 00:00:00-04:00,0.7927903060031973,0.8058585439487457,0.7927903060031973,0.8015022873878479,98806400,0.0,0.0
1990-05-23 00:00:00-04:00,0.8015023345748584,0.8363502621650696,0.7971466094946702,0.8363502621650696,92352000,0.0,0.0
1990-05-24 00:00:00-04:00,0.836350270373007,0.849418509216176,0.8319945452500717,0.8407065272331238,108499200,0.0,0.0
1990-05-25 00:00:00-04:00,0.8385284146977268,0.8407068097283628,0.8232828399074367,0.827638566493988,48870400,0.0,0.0
1990-05-29 00:00:00-04:00,0.8276380315080315,0.8494182455741195,0.8276380315080315,0.8472398519515991,43939200,0.0,0.0
1990-05-30 00:00:00-04:00,0.8494186508096351,0.8581306342449273,0.8319946839390504,0.8341725468635559,62412800,0.0,0.0
1990-05-31 00:00:00-04:00,0.8276382883899548,0.8407065272331238,0.8232825632670195,0.8407065272331238,41929600,0.0,0.0
1990-06-01 00:00:00-04:00,0.8407068097283628,0.8494187946388257,0.827638566493988,0.827638566493988,61049600,0.0,0.0
1990-06-04 00:00:00-04:00,0.8276384669480865,0.8450624346733093,0.8145707570228174,0.8450624346733093,61216000,0.0,0.0
1990-06-05 00:00:00-04:00,0.8450627430276227,0.8494190024171289,0.8145710542510414,0.8211046457290649,65532800,0.0,0.0
1990-06-06 00:00:00-04:00,0.8145705698179757,0.8319945335388182,0.8102143130191781,0.8319945335388184,39766400,0.0,0.0
1990-06-07 00:00:00-04:00,0.827638345161809,0.8319946023207434,0.8102143800005078,0.8167484998703003,38406400,0.0,0.0
1990-06-08 00:00:00-04:00,0.8189259011258361,0.8189259011258361,0.7971462228154167,0.8102139234542847,47587200,0.0,0.0
1990-06-11 00:00:00-04:00,0.801502611762599,0.827638566493988,0.801502611762599,0.827638566493988,42704000,0.0,0.0
1990-06-12 00:00:00-04:00,0.8319946839390504,0.8407066673743427,0.8189264429174768,0.8341725468635559,47468800,0.0,0.0
1990-06-13 00:00:00-04:00,0.8341723996249755,0.8407065189824342,0.8276382802675168,0.8363502621650696,48124800,0.0,0.0
1990-06-14 00:00:00-04:00,0.8319945370848814,0.849418500879987,0.8232825551873286,0.8363502621650696,51388800,0.0,0.0
1990-06-15 00:00:00-04:00,0.836350270373007,0.849418509216176,0.8319945452500717,0.8407065272331238,51769600,0.0,0.0
1990-06-18 00:00:00-04:00,0.8363502989424036,0.8363502989424036,0.8145706091093784,0.8189263343811035,39833600,0.0,0.0
1990-06-19 00:00:00-04:00,0.8232825913900285,0.8276383166617536,0.8145706091093784,0.8189263343811035,25152000,0.0,0.0
1990-06-20 00:00:00-04:00,0.8232828399074367,0.827638566493988,0.818926581583525,0.827638566493988,17302400,0.0,0.0
1990-06-21 00:00:00-04:00,0.827638768944579,0.827638768944579,0.8189267819030571,0.8211046457290649,20921600,0.0,0.0
1990-06-22 00:00:00-04:00,0.8276382315417994,0.83635021292645,0.8015022873878479,0.8015022873878479,44668800,0.0,0.0
1990-06-25 00:00:00-04:00,0.8015026365007673,0.8145708801384898,0.7884349246004213,0.7927906513214111,56723200,0.0,0.0
1990-06-26 00:00:00-04:00,0.792790651321411,0.8058588949591337,0.7884349246004213,0.7927906513214111,43414400,0.0,0.0
1990-06-27 00:00:00-04:00,0.7927904519109988,0.8036802977117293,0.7840784689229658,0.7993245720863342,26713600,0.0,0.0
1990-06-28 00:00:00-04:00,0.8015024973348803,0.8058587550368643,0.7971467713701808,0.8036803603172302,38684800,0.0,0.0
1990-06-29 00:00:00-04:00,0.8102143521004536,0.834172436306541,0.8036802324556661,0.8189263343811035,39324800,0.0,0.0
1990-07-02 00:00:00-04:00,0.818926581583525,0.827638566493988,0.8145708549969737,0.827638566493988,36518400,0.0,0.0
1990-07-03 00:00:00-04:00,0.8232828399074367,0.8319948248178997,0.818926581583525,0.827638566493988,44345600,0.0,0.0
1990-07-05 00:00:00-04:00,0.8276383166617536,0.834172436306541,0.8145706091093784,0.8189263343811035,41020800,0.0,0.0
1990-07-06 00:00:00-04:00,0.8189262111619066,0.8232824675153702,0.810214230192099,0.8145704865455627,30704000,0.0,0.0
1990-07-09 00:00:00-04:00,0.8189262111619066,0.8232824675153702,0.8058585055757551,0.8145704865455627,33276800,0.0,0.0
1990-07-10 00:00:00-04:00,0.814570594181541,0.818926319373443,0.8015023551314548,0.8058586120605469,30601600,0.0,0.0
1990-07-11 00:00:00-04:00,0.8058585913922229,0.8407065189824342,0.8015023345748584,0.8363502621650696,73494400,0.0,0.0
1990-07-12 00:00:00-04:00,0.8407068337908381,0.8581308041104682,0.8276385901824278,0.8494188189506531,65094400,0.0,0.0
1990-07-13 00:00:00-04:00,0.851596409545391,0.8908000643391915,0.8494185468873365,0.8711982369422913,93756800,0.0,0.0
1990-07-16 00:00:00-04:00,0.8711986157640066,0.892978847026825,0.8624866296063665,0.892978847026825,53625600,0.0,0.0
1990-07-17 00:00:00-04:00,0.8973340740298281,0.9060460553310885,0.8755543866452469,0.8799101114273071,103091200,0.0,0.0
1990-07-18 00:00:00-04:00,0.8755546440610975,0.8820882331550839,0.8407067086106518,0.8450624346733093,70755200,0.0,0.0
1990-07-19 00:00:00-04:00,0.8363502586004419,0.8407065153992396,0.8189262948795993,0.8319945335388184,60156800,0.0,0.0
1990-07-20 00:00:00-04:00,0.8363503472664275,0.8363503472664275,0.7797227250388785,0.7862563133239746,120438400,0.0,0.0
1990-07-23 00:00:00-04:00,0.7840785283720895,0.7884347860650205,0.7666545610749319,0.7753665447235107,99468800,0.0,0.0
1990-07-24 00:00:00-04:00,0.7840782897107937,0.7840782897107937,0.6838907741163086,0.7557644844055176,224918400,0.0,0.0
1990-07-25 00:00:00-04:00,0.7535870092810439,0.7622989947540191,0.7448750238080688,0.7579427361488342,53446400,0.0,0.0
1990-07-26 00:00:00-04:00,0.7579427425747707,0.7797229723105613,0.753587015670052,0.7622990012168884,62960000,0.0,0.0
1990-07-27 00:00:00-04:00,0.7622989947540191,0.7710109802269941,0.7535870092810439,0.7579427361488342,39840000,0.0,0.0
1990-07-30 00:00:00-04:00,0.7492303657236473,0.7579423467204339,0.7274506791002415,0.7557644844055176,43232000,0.0,0.0
1990-07-31 00:00:00-04:00,0.7535868514707054,0.7753665447235107,0.7535868514707054,0.7753665447235107,35126400,0.0,0.0
1990-08-01 00:00:00-04:00,0.7753663778305053,0.7753663778305053,0.7361627257188956,0.7405184507369995,68611200,0.0,0.0
1990-08-02 00:00:00-04:00,0.7143829996066836,0.7230949874067651,0.6969590240065205,0.7013152837753296,110627200,0.0,0.0
1990-08-03 00:00:00-04:00,0.6969583438136229,0.6969583438136229,0.6359744887299309,0.6838906407356262,173862400,0.0,0.0
1990-08-06 00:00:00-04:00,0.6446870028734644,0.6795349489747328,0.6272630298228302,0.6490432620048523,118345600,0.0,0.0
1990-08-07 00:00:00-04:00,0.6621107146288752,0.6708226977160971,0.6446867484544311,0.6599328517913818,91920000,0.0,0.0
1990-08-08 00:00:00-04:00,0.6621108179544916,0.6664670760465423,0.6359748646141826,0.6468647122383118,114044800,0.0,0.0
1990-08-09 00:00:00-04:00,0.6621104266229417,0.6926026200332965,0.6490427235449452,0.6838906407356262,59680000,0.0,0.0
1990-08-10 00:00:00-04:00,0.6838909170042686,0.6838909170042686,0.6533987112761009,0.6664669513702393,60249600,0.0,0.0
1990-08-13 00:00:00-04:00,0.6621106940931156,0.6882466425441597,0.6446867284590864,0.6664669513702393,57382400,0.0,0.0
1990-08-14 00:00:00-04:00,0.6664670440632354,0.6664670440632354,0.6359748340941764,0.6446868181228638,97811200,0.0,0.0
1990-08-15 00:00:00-04:00,0.6446868181228638,0.6533988021515511,0.6403310919771733,0.6446868181228638,45283200,0.0,0.0
1990-08-16 00:00:00-04:00,0.6359746936294768,0.6490429326548414,0.6272627115249634,0.6272627115249634,62569600,0.0,0.0
1990-08-17 00:00:00-04:00,0.6229074441763481,0.6272631725614572,0.579347501637358,0.5967714786529541,104755200,0.0,0.0
1990-08-20 00:00:00-04:00,0.5924150250760299,0.5967712837761745,0.5706353267875262,0.5793473124504089,74716800,0.0,0.0
1990-08-21 00:00:00-04:00,0.5706352499468973,0.574990976323102,0.5488550228538701,0.5619232654571533,75561600,0.0,0.0
1990-08-22 00:00:00-04:00,0.5706349705645879,0.5749906948082344,0.5532110101158535,0.5597445964813232,59452800,0.0,0.0
1990-08-23 00:00:00-04:00,0.548855096761616,0.6011270107389128,0.5314311254358505,0.5793473124504089,142320000,0.0,0.0
1990-08-24 00:00:00-04:00,0.596771040027761,0.6272627115249634,0.5793470758187343,0.6272627115249634,113244800,0.0,0.0
1990-08-27 00:00:00-04:00,0.6359751219426661,0.6533990978863008,0.6229074058537137,0.631619393825531,102236800,0.0,0.0
1990-08-28 00:00:00-04:00,0.6272627919006972,0.6316190493797473,0.6141950829380612,0.6207286715507507,41062400,0.0,0.0
1990-08-29 00:00:00-04:00,0.6141950409220435,0.6185507663658687,0.5924148184912545,0.6098387837409973,53849600,0.0,0.0
1990-08-30 00:00:00-04:00,0.6098391479985416,0.6163732718043391,0.5749911966843392,0.5771690607070923,64441600,0.0,0.0
1990-08-31 00:00:00-04:00,0.57934704606266,0.583702771022606,0.5444991194344447,0.5815249085426331,78336000,0.0,0.0
1990-09-04 00:00:00-04:00,0.5749911728189951,0.588059419888185,0.5662791853520407,0.5837031602859497,42582400,0.0,0.0
1990-09-05 00:00:00-04:00,0.5793473586989422,0.5837030860093924,0.5662791132926941,0.5662791132926941,46083200,0.0,0.0
1990-09-06 00:00:00-04:00,0.5662789106990793,0.5706351681884706,0.5401429609745064,0.5444992184638977,99753600,0.0,0.0
1990-09-07 00:00:00-04:00,0.5423209509601483,0.557567058140524,0.5183633902337099,0.5532113313674927,130553600,0.0,0.0
1990-09-10 00:00:00-04:00,0.5662791132926941,0.5793473586989422,0.5619233859822439,0.5662791132926941,38131200,0.0,0.0
1990-09-11 00:00:00-04:00,0.5619230782372995,0.5662788031622767,0.5488548399880528,0.5575668215751648,39584000,0.0,0.0
1990-09-12 00:00:00-04:00,0.5575668998581282,0.5749908654786947,0.548854917047845,0.5706351399421692,56777600,0.0,0.0
1990-09-13 00:00:00-04:00,0.5793472344366413,0.583702960812846,0.5575670073436141,0.5619232654571533,26912000,0.0,0.0
1990-09-14 00:00:00-04:00,0.5619231804140682,0.5706351635853154,0.5488549397885705,0.568456768989563,24908800,0.0,0.0
1990-09-17 00:00:00-04:00,0.5619233048261059,0.5837030017077075,0.5619233048261059,0.5728131532669067,43014400,0.0,0.0
1990-09-18 00:00:00-04:00,0.5706354449542761,0.5837031602859497,0.5619234574873216,0.5837031602859497,61129600,0.0,0.0
1990-09-19 00:00:00-04:00,0.5837028418714028,0.6011268073003999,0.5793471163827666,0.5902369618415833,63808000,0.0,0.0
1990-09-20 00:00:00-04:00,0.5924149571043072,0.5924149571043072,0.5684568663458996,0.57499098777771,34108800,0.0,0.0
1990-09-21 00:00:00-04:00,0.5749910166075926,0.579347275026336,0.5662790315074775,0.5728131532669067,37193600,0.0,0.0
1990-09-24 00:00:00-04:00,0.5706350598244114,0.5749907847493887,0.5575668215751648,0.5575668215751648,39385600,0.0,0.0
1990-09-25 00:00:00-04:00,0.566278846233183,0.5880590677261353,0.5532111387271701,0.5880590677261353,53936000,0.0,0.0
1990-09-26 00:00:00-04:00,0.583702848288978,0.5880591055627357,0.5662788826684115,0.5706351399421692,38473600,0.0,0.0
1990-09-27 00:00:00-04:00,0.5706350598244114,0.5771686472118773,0.5510327024505415,0.5575668215751648,133404800,0.0,0.0
1990-09-28 00:00:00-04:00,0.5532113554617605,0.5837030394131472,0.5444993697988777,0.5793473124504089,69584000,0.0,0.0
1990-10-01 00:00:00-04:00,0.5749907160506529,0.6011266576893189,0.5706349916460888,0.5924146771430969,74070400,0.0,0.0
1990-10-02 00:00:00-04:00,0.6011271476745605,0.6141953950145103,0.5967714197195955,0.6011271476745605,70755200,0.0,0.0
1990-10-03 00:00:00-04:00,0.6011270107389128,0.6011270107389128,0.5706353267875262,0.5793473124504089,43171200,0.0,0.0
1990-10-04 00:00:00-04:00,0.574990976323102,0.583702960812846,0.5532112809674093,0.5619232654571533,62224000,0.0,0.0
1990-10-05 00:00:00-04:00,0.5488550613072474,0.579347275026336,0.5444993346258757,0.5728131532669067,41203200,0.0,0.0
1990-10-08 00:00:00-04:00,0.5793471227524524,0.5880591055627357,0.5641010199001487,0.5706351399421692,25804800,0.0,0.0
1990-10-09 00:00:00-04:00,0.5532113048837118,0.5575670314482223,0.5227190919827084,0.5270753502845764,64092800,0.0,0.0
1990-10-10 00:00:00-04:00,0.527075341308281,0.544499310744301,0.5140070983625917,0.518363356590271,58214400,0.0,0.0
1990-10-11 00:00:00-04:00,0.5183633110831725,0.5227190371911142,0.48787110137837325,0.5074729323387146,105171200,0.0,0.0
1990-10-12 00:00:00-04:00,0.5052950004736583,0.5227189660072327,0.49222729219209216,0.5227189660072327,105232000,0.0,0.0
1990-10-15 00:00:00-04:00,0.5357872074221481,0.5488549157377652,0.5270752246326599,0.5466770529747009,83788800,0.0,0.0
1990-10-16 00:00:00-04:00,0.5488550576471513,0.5488550576471513,0.535787345952808,0.5401430726051331,39238400,0.0,0.0
1990-10-17 00:00:00-04:00,0.5401428584009409,0.5662788031622767,0.5357871334759636,0.5575668215751648,44668800,0.0,0.0
1990-10-18 00:00:00-04:00,0.5641008733021489,0.5967709332847548,0.5619230110998668,0.5924146771430969,71900800,0.0,0.0
1990-10-19 00:00:00-04:00,0.601126857132405,0.622907081592794,0.5924148736957034,0.6054831147193909,102144000,0.0,0.0
1990-10-22 00:00:00-04:00,0.6011269838446288,0.6229072128960964,0.5967712570767647,0.6141952276229858,47568000,0.0,0.0
1990-10-23 00:00:00-04:00,0.6141949927286091,0.6294405623229593,0.6098387358893811,0.618550717830658,46825600,0.0,0.0
1990-10-24 00:00:00-04:00,0.6141950409220435,0.6185507663658687,0.5967710756723007,0.6098387837409973,43964800,0.0,0.0
1990-10-25 00:00:00-04:00,0.6054831891140352,0.6098389154989312,0.5619232665783973,0.594592809677124,89120000,0.0,0.0
1990-10-26 00:00:00-04:00,0.5880592981132917,0.5924150250760299,0.5771689172316335,0.5793473124504089,23635200,0.0,0.0
1990-10-29 00:00:00-05:00,0.5793472661998682,0.5837029928148795,0.5575670379127207,0.5641011595726013,34265600,0.0,0.0
1990-10-30 00:00:00-05:00,0.559744945905868,0.5880592981132917,0.5575670824244988,0.5793473124504089,33993600,0.0,0.0
1990-10-31 00:00:00-05:00,0.5924151477529042,0.5924151477529042,0.5749911728189951,0.5837031602859497,44969600,0.0,0.0
1990-11-01 00:00:00-05:00,0.5749911728189951,0.588059419888185,0.5662791853520407,0.5837031602859497,30390400,0.0,0.0
1990-11-02 00:00:00-05:00,0.5880590930474292,0.6141950409220435,0.5837028358663832,0.6098387837409973,61225600,0.0,0.0
1990-11-05 00:00:00-05:00,0.6141954178818964,0.6359751219426661,0.6098391580272141,0.631619393825531,47936000,0.0,0.0
1990-11-06 00:00:00-05:00,0.6316188804566756,0.6446865859244241,0.6272626241426829,0.6294404864311218,45283200,0.0,0.0
1990-11-07 00:00:00-05:00,0.6272631106169327,0.631619370309425,0.5967714197195955,0.6011271476745605,45708800,0.0,0.0
1990-11-08 00:00:00-05:00,0.5924149985715182,0.61855095439085,0.5924149985715182,0.6141952276229858,40540800,0.0,0.0
1990-11-09 00:00:00-05:00,0.6141950042367879,0.642508813142159,0.6098387473159367,0.6272627115249634,29782400,0.0,0.0
1990-11-12 00:00:00-05:00,0.6316192889542181,0.6512211257018169,0.6185510432975131,0.6490432620048523,57500800,0.0,0.0
1990-11-13 00:00:00-05:00,0.6446867484544311,0.6708226977160971,0.6446867484544311,0.6599328517913818,68153600,0.0,0.0
1990-11-14 00:00:00-05:00,0.6577549889538886,0.6686448348786039,0.6533987315416532,0.6599328517913818,65993600,0.0,0.0
1990-11-15 00:00:00-05:00,0.6577546289007147,0.6621103521913896,0.6359744172364663,0.6403306722640991,37875200,0.0,0.0
1990-11-16 00:00:00-05:00,0.6403310919771733,0.6490430760058606,0.6229071239197986,0.6446868181228638,29750400,0.0,0.0
1990-11-19 00:00:00-05:00,0.6446870028734644,0.6664672350554866,0.6446870028734644,0.6490432620048523,40208000,0.0,0.0
1990-11-20 00:00:00-05:00,0.6490426505824068,0.6533983738730818,0.6359744172364663,0.6403306722640991,25510400,0.0,0.0
1990-11-21 00:00:00-05:00,0.6359751219426661,0.6446871099144835,0.6229074058537137,0.631619393825531,41116800,0.0,0.0
1990-11-23 00:00:00-05:00,0.6316189566111629,0.6316189566111629,0.6141949927286091,0.618550717830658,22204800,0.0,0.0
1990-11-26 00:00:00-05:00,0.6098387473159367,0.6272627115249634,0.5924147831069099,0.6272627115249634,33526400,0.0,0.0
1990-11-27 00:00:00-05:00,0.627262880167413,0.6490431071530031,0.6141951693659246,0.6468647122383118,53753600,0.0,0.0
1990-11-28 00:00:00-05:00,0.6446870683204425,0.662111043139914,0.6446870683204425,0.6577553153038025,31270400,0.0,0.0
1990-11-29 00:00:00-05:00,0.6533990557301782,0.6577553153038025,0.6446870683204425,0.6577553153038025,27820800,0.0,0.0
1990-11-30 00:00:00-05:00,0.6533983945846558,0.6577546497503742,0.631618713966988,0.6533983945846558,62268800,0.0,0.0
1990-12-03 00:00:00-05:00,0.6577553153038025,0.6664673027135382,0.6533990557301782,0.6577553153038025,62732800,0.0,0.0
1990-12-04 00:00:00-05:00,0.6621106940931156,0.6751789341872539,0.6533987112761009,0.6664669513702393,39747200,0.0,0.0
1990-12-05 00:00:00-05:00,0.6621106940931156,0.6664669513702393,0.6490429857362099,0.6664669513702393,45574400,0.0,0.0
1990-12-06 00:00:00-05:00,0.6795348733093315,0.6838911319556552,0.6664671608451596,0.6686450242996216,75222400,0.0,0.0
1990-12-07 00:00:00-05:00,0.6664673027135382,0.6751792901232739,0.6533990557301782,0.6577553153038025,35004800,0.0,0.0
1990-12-10 00:00:00-05:00,0.6577553153038025,0.6664673027135382,0.6533990557301782,0.6577553153038025,34220800,0.0,0.0
1990-12-11 00:00:00-05:00,0.6490430532788838,0.6642886259922659,0.6229071021080017,0.6229071021080017,94134400,0.0,0.0
1990-12-12 00:00:00-05:00,0.629440300563496,0.6403306722640991,0.6141947373091758,0.6403306722640991,66944000,0.0,0.0
1990-12-13 00:00:00-05:00,0.6359751219426661,0.6381529860012337,0.6207290100575991,0.631619393825531,39849600,0.0,0.0
1990-12-14 00:00:00-05:00,0.6229069863413013,0.6272627115249634,0.6141950042367879,0.6272627115249634,35913600,0.0,0.0
1990-12-17 00:00:00-05:00,0.6098388606539167,0.6229071021080017,0.6054831346607469,0.6229071021080017,26201600,0.0,0.0
1990-12-18 00:00:00-05:00,0.6272630298228302,0.6490432620048523,0.6229073024289011,0.6490432620048523,32905600,0.0,0.0
1990-12-19 00:00:00-05:00,0.6490433278940668,0.662111043139914,0.6446870683204425,0.6577553153038025,47203200,0.0,0.0
1990-12-20 00:00:00-05:00,0.6533986673905299,0.6838908710706864,0.6490429421431915,0.6795346140861511,63209600,0.0,0.0
1990-12-21 00:00:00-05:00,0.683890718104476,0.7013146786709967,0.6773565999577613,0.6969584226608276,50902400,0.0,0.0
1990-12-24 00:00:00-05:00,0.6926026382632375,0.6969583621582105,0.6708224235772776,0.6773565411567688,10425600,0.0,0.0
1990-12-26 00:00:00-05:00,0.679534330368042,0.6838905855337605,0.6533983945846558,0.6533983945846558,20860800,0.0,0.0
1990-12-27 00:00:00-05:00,0.657755060034548,0.6664670440632354,0.6446868181228638,0.6446868181228638,38428800,0.0,0.0
1990-12-28 00:00:00-05:00,0.6403310227794445,0.6621107146288752,0.6316190396922226,0.6599328517913818,36662400,0.0,0.0
1990-12-31 00:00:00-05:00,0.6621108736310686,0.6751791172687912,0.6577551469100789,0.6708228588104248,18518400,0.0,0.0
1991-01-02 00:00:00-05:00,0.6621108736310686,0.6751791172687912,0.6577551469100789,0.6708228588104248,27174400,0.0,0.0
1991-01-03 00:00:00-05:00,0.6708228588104247,0.6838911024481473,0.666467132089435,0.6708228588104248,37164800,0.0,0.0
1991-01-04 00:00:00-05:00,0.6708224508369394,0.6926026664079641,0.6664667267649664,0.6751787066459656,44195200,0.0,0.0
1991-01-07 00:00:00-05:00,0.6664671608451596,0.6751791464004073,0.6664671608451596,0.6686450242996216,38502400,0.0,0.0
1991-01-08 00:00:00-05:00,0.6664673035088766,0.6751792909290089,0.6621110439300537,0.6621110439300537,40976000,0.0,0.0
1991-01-09 00:00:00-05:00,0.6664671608451596,0.6969588444198271,0.6664671608451596,0.6686450242996216,86828800,0.0,0.0
1991-01-10 00:00:00-05:00,0.6708224508369394,0.6795344307179386,0.6621104709559402,0.6751787066459656,29497600,0.0,0.0
1991-01-11 00:00:00-05:00,0.6751789659981988,0.6969586581982659,0.6708227085158309,0.6926029324531555,37833600,0.0,0.0
1991-01-14 00:00:00-05:00,0.6795343311527108,0.6926025649279813,0.6730002142650755,0.6882463097572327,48531200,0.0,0.0
1991-01-15 00:00:00-05:00,0.6882468324023584,0.7100270613217555,0.6882468324023584,0.7034929394721985,65952000,0.0,0.0
1991-01-16 00:00:00-05:00,0.7100269147599408,0.7448748484478578,0.7100269147599408,0.7339844703674316,96227200,0.0,0.0
1991-01-17 00:00:00-05:00,0.7535870452616109,0.7840787300041744,0.6969588711148217,0.7318068146705627,334278400,0.0,0.0
1991-01-18 00:00:00-05:00,0.7143828148405884,0.7666547281216071,0.7143828148405884,0.7622990012168884,162854400,0.0,0.0
1991-01-21 00:00:00-05:00,0.7622989607839271,0.7927906427118513,0.7579427023728689,0.7840786576271057,99132800,0.0,0.0
1991-01-22 00:00:00-05:00,0.78407869921528,0.7884349578573978,0.7579427425747707,0.7622990012168884,69724800,0.0,0.0
1991-01-23 00:00:00-05:00,0.7579427729757764,0.7797230035851699,0.7514086506192164,0.7644768953323364,66992000,0.0,0.0
1991-01-24 00:00:00-05:00,0.7666547281216071,0.7797229723105613,0.753587015670052,0.7622990012168884,67129600,0.0,0.0
1991-01-25 00:00:00-05:00,0.7622989436626374,0.7840786400166424,0.757942685349421,0.7666546702384949,54745600,0.0,0.0
1991-01-28 00:00:00-05:00,0.7622989436626374,0.7710109285517112,0.7492307004603472,0.7666546702384949,46371200,0.0,0.0
1991-01-29 00:00:00-05:00,0.7666545610749319,0.7840785283720895,0.7535868514707054,0.7753665447235107,49126400,0.0,0.0
1991-01-30 00:00:00-05:00,0.7579423528367016,0.7797225713729858,0.7579423528367016,0.7797225713729858,124227200,0.0,0.0
1991-01-31 00:00:00-05:00,0.7797231790935248,0.7971471548080445,0.7753669192961249,0.7971471548080444,89472000,0.0,0.0
1991-02-01 00:00:00-05:00,0.7971466445480784,0.8407065559513286,0.7927903875391534,0.8189263343811035,110697600,0.0,0.0
1991-02-04 00:00:00-05:00,0.8232825913900285,0.8254604540258911,0.7971466445480784,0.8189263343811035,54518400,0.0,0.0
1991-02-05 00:00:00-05:00,0.8232825551873286,0.8428843815225283,0.8102143164724112,0.8363502621650696,59536000,0.0,0.0
1991-02-06 00:00:00-05:00,0.8276383250951767,0.8755544939956053,0.8232825997790678,0.8711982369422913,104876800,0.0,0.0
1991-02-07 00:00:00-05:00,0.8668429183109538,0.8755549047676596,0.8494189453975423,0.858130931854248,94841600,0.0,0.0
1991-02-08 00:00:00-05:00,0.8494186010814713,0.8581305840067314,0.8276383778997017,0.8428844809532166,51305600,0.0,0.0
1991-02-11 00:00:00-05:00,0.8407067858769909,0.8711984663298635,0.836350527676669,0.8624864816665649,56972800,0.0,0.0
1991-02-12 00:00:00-05:00,0.8581310640732921,0.8581310640732921,0.8015028775108243,0.8385286927223206,118281600,0.0,0.0
1991-02-13 00:00:00-05:00,0.8319945370848814,0.8385281247051638,0.818926298369964,0.8363502621650696,58633600,0.0,0.0
1991-02-14 00:00:00-05:00,0.8407067467793763,0.8450624730397871,0.8102145360072186,0.823282778263092,42867200,0.0,0.0
1991-02-15 00:00:00-05:00,0.8276385901824278,0.8581308041104682,0.823282863471208,0.8494188189506531,73747200,0.0,0.0
1991-02-19 00:00:00-05:00,0.851596409545391,0.8755544939956053,0.8450622898340225,0.8711982369422913,65536000,0.0,0.0
1991-02-20 00:00:00-05:00,0.8668426275253296,0.8842665945938057,0.8581306439910914,0.8668426275253296,62329600,0.0,0.0
1991-02-21 00:00:00-05:00,0.8668427398668869,0.884266709193484,0.8581307552035882,0.8624864816665649,40393600,0.0,0.0
1991-02-22 00:00:00-05:00,0.8624863698895724,0.8886223204922867,0.8581306439910914,0.8668426275253296,53542400,0.0,0.0
1991-02-25 00:00:00-05:00,0.8799102193117142,0.8842664763650282,0.8668425116261824,0.8711982369422913,48956800,0.0,0.0
1991-02-26 00:00:00-05:00,0.8624864816665649,0.8668427398668869,0.8537744970032662,0.8624864816665649,31670400,0.0,0.0
1991-02-27 00:00:00-05:00,0.8624866592138737,0.8799106321272853,0.8494189453975423,0.858130931854248,37612800,0.0,0.0
1991-02-28 00:00:00-05:00,0.8537742223212844,0.8537742223212844,0.823282551678397,0.8319945335388184,61635200,0.0,0.0
1991-03-01 00:00:00-05:00,0.8276382767400206,0.8494184972596608,0.823282551678397,0.8319945335388184,46179200,0.0,0.0
1991-03-04 00:00:00-05:00,0.8232825551873286,0.8407065189824342,0.818926298369964,0.8363502621650696,44016000,0.0,0.0
1991-03-05 00:00:00-05:00,0.8450624047486012,0.9016905637189504,0.8363504211944919,0.8951564431190491,93955200,0.0,0.0
1991-03-06 00:00:00-05:00,0.9016907747134839,0.9191147458988903,0.895156652584606,0.8973345160484314,90358400,0.0,0.0
1991-03-07 00:00:00-05:00,0.892978382260635,0.9060460888270608,0.8755544190139608,0.9016903638839722,39276800,0.0,0.0
1991-03-08 00:00:00-05:00,0.910402760306187,0.9191147458988903,0.8973345160484313,0.8973345160484314,32966400,0.0,0.0
1991-03-11 00:00:00-05:00,0.8450628221542035,0.8494190819516034,0.7927908950106445,0.7971471548080444,275084800,0.0,0.0
1991-03-12 00:00:00-05:00,0.7971470283799823,0.8189267287000865,0.7840787827979552,0.7884350419044495,110016000,0.0,0.0
1991-03-13 00:00:00-05:00,0.8058590157864268,0.8363507026172872,0.7949686338763385,0.8298165798187256,112934400,0.0,0.0
1991-03-14 00:00:00-05:00,0.8450625363149141,0.8581307795492887,0.8232828399074367,0.827638566493988,100636800,0.0,0.0
1991-03-15 00:00:00-05:00,0.8319947625212342,0.836350488781645,0.8102145360072186,0.823282778263092,53542400,0.0,0.0
1991-03-18 00:00:00-05:00,0.8189263343811035,0.8407065559513286,0.7797226799867782,0.8189263343811035,60633600,0.0,0.0
1991-03-19 00:00:00-05:00,0.8015027557490209,0.8015027557490209,0.7622990824778509,0.7884350419044495,92934400,0.0,0.0
1991-03-20 00:00:00-05:00,0.7840785300015134,0.8058587550368643,0.7753665463348299,0.8036803603172302,81187200,0.0,0.0
1991-03-21 00:00:00-05:00,0.805858753362178,0.8189264629664046,0.7666545610749319,0.7753665447235107,71494400,0.0,0.0
1991-03-22 00:00:00-05:00,0.7666547281216071,0.78407869921528,0.7579427425747707,0.7622990012168884,66291200,0.0,0.0
1991-03-25 00:00:00-05:00,0.7579423044175195,0.7840782459491582,0.7535865800307924,0.7688321471214294,47308800,0.0,0.0
1991-03-26 00:00:00-05:00,0.7666544406972033,0.8232825913900285,0.7666544406972033,0.8189263343811035,70512000,0.0,0.0
1991-03-27 00:00:00-05:00,0.8232828399074367,0.8319948248178997,0.818926581583525,0.827638566493988,77123200,0.0,0.0
1991-03-28 00:00:00-05:00,0.8232824675153702,0.8276381921317141,0.810214230192099,0.8145704865455627,46640000,0.0,0.0
1991-04-01 00:00:00-05:00,0.8145708549969737,0.827638566493988,0.8058588700865106,0.827638566493988,42345600,0.0,0.0
1991-04-02 00:00:00-05:00,0.8363504508106979,0.8537744185359208,0.8363504508106979,0.8450624346733093,38928000,0.0,0.0
1991-04-03 00:00:00-05:00,0.8450623854082459,0.8668426096636889,0.8363504020535216,0.85377436876297,59107200,0.0,0.0
1991-04-04 00:00:00-05:00,0.8624866592138737,0.8755549047676596,0.851596809077355,0.858130931854248,59372800,0.0,0.0
1991-04-05 00:00:00-05:00,0.8581304911992281,0.8668424731822802,0.8319945452500717,0.8407065272331238,76611200,0.0,0.0
1991-04-08 00:00:00-04:00,0.8319947247480404,0.8494186924732632,0.823282740885429,0.8450624346733093,54611200,0.0,0.0
1991-04-09 00:00:00-04:00,0.8407064533525211,0.8537741593101292,0.80585852848272,0.8123921155929565,46931200,0.0,0.0
1991-04-10 00:00:00-04:00,0.818926581583525,0.8319948248178997,0.810214596673062,0.827638566493988,71875200,0.0,0.0
1991-04-11 00:00:00-04:00,0.8842667532630738,0.9104027085555187,0.8711985097481655,0.906046450138092,173852800,0.0,0.0
1991-04-12 00:00:00-04:00,0.9147578404488024,0.9474278962562304,0.9082237229399116,0.9452500343322754,126444800,0.0,0.0
1991-04-15 00:00:00-04:00,0.9452504752893793,0.9452504752893793,0.9060462836843982,0.9430720806121826,71260800,0.0,0.0
1991-04-16 00:00:00-04:00,0.9408943740599747,0.9496063590049744,0.9147584192249754,0.9496063590049744,75401600,0.0,0.0
1991-04-17 00:00:00-04:00,0.9496064843660511,0.9626747293774195,0.9452507571872167,0.9539627432823181,64326400,0.0,0.0
1991-04-18 00:00:00-04:00,0.9452505542169908,0.9496062804605359,0.9321823120117188,0.9321823120117188,45715200,0.0,0.0
1991-04-19 00:00:00-04:00,0.9278266650723824,0.9321823916882249,0.9147584217501273,0.9212925434112549,47836800,0.0,0.0
1991-04-22 00:00:00-04:00,0.9147584587440072,0.9408944147081217,0.9104027319520142,0.9278267025947571,53536000,0.0,0.0
1991-04-23 00:00:00-04:00,0.9365387802893437,0.9452507664700007,0.9234705351496394,0.9343603849411011,27452800,0.0,0.0
1991-04-24 00:00:00-04:00,0.9365386560066161,0.9583183526992798,0.9321823976256631,0.9583183526992798,39884800,0.0,0.0
1991-04-25 00:00:00-04:00,0.9496064545973293,0.9539627133770341,0.9104027842670649,0.9234704971313477,76236800,0.0,0.0
1991-04-26 00:00:00-04:00,0.9104024406667158,0.919114423200669,0.8929784755988095,0.9082240462303162,73779200,0.0,0.0
1991-04-29 00:00:00-04:00,0.906046330220137,0.9104025880609998,0.8755546522833022,0.877732515335083,52688000,0.0,0.0
1991-04-30 00:00:00-04:00,0.8733765093503922,0.8842668912243654,0.8363506998437562,0.858130931854248,82140800,0.0,0.0
1991-05-01 00:00:00-04:00,0.8450624346733093,0.8537744185359208,0.818926483085475,0.8450624346733093,81126400,0.0,0.0
1991-05-02 00:00:00-04:00,0.8581304911992281,0.8624862163221634,0.836350270373007,0.8407065272331238,66665600,0.0,0.0
1991-05-03 00:00:00-04:00,0.8363504508106979,0.8537744185359208,0.823282740885429,0.8450624346733093,45132800,0.0,0.0
1991-05-06 00:00:00-04:00,0.8450625123399677,0.8668427398668869,0.8407067858769909,0.8624864816665649,4281600,0.0,0.0
1991-05-07 00:00:00-04:00,0.8668429326421213,0.8886226332752336,0.8668429326421213,0.8755549192428589,41177600,0.0,0.0
1991-05-08 00:00:00-04:00,0.866842832342671,0.9060465016411345,0.8624865736776185,0.8973345160484314,31123200,0.0,0.0
1991-05-09 00:00:00-04:00,0.9147584192249754,0.9517842223068838,0.9147584192249754,0.9496063590049744,73772800,0.0,0.0
1991-05-10 00:00:00-04:00,0.9496064545973293,0.9539627133770341,0.9104027842670649,0.9234704971313477,43424000,0.0,0.0
1991-05-13 00:00:00-04:00,0.9234701362171954,0.9321821186343388,0.901690446042941,0.9191144108772278,37875200,0.0,0.0
1991-05-14 00:00:00-04:00,0.9016907466306426,0.9278267025947571,0.9016907466306426,0.9278267025947571,69516800,0.0,0.0
1991-05-15 00:00:00-04:00,0.9104028505944828,0.9104028505944828,0.8363506998437562,0.858130931854248,210182400,0.0,0.0
1991-05-16 00:00:00-04:00,0.864664265429861,0.8711983862611437,0.8407067086106518,0.8450624346733093,126057600,0.0,0.0
1991-05-17 00:00:00-04:00,0.8407067086106518,0.8494186924732632,0.8276384669480865,0.8450624346733093,77116800,0.0,0.0
1991-05-20 00:00:00-04:00,0.8450624346733093,0.8690205232298149,0.8363504508106979,0.8450624346733093,44780800,0.0,0.0
1991-05-21 00:00:00-04:00,0.8494185382319785,0.8537742635037038,0.8145706091093784,0.8189263343811035,95699200,0.0,0.0
1991-05-22 00:00:00-04:00,0.8450624346733093,0.8559522815672496,0.8363504508106979,0.8450624346733093,133574400,0.0,0.0
1991-05-23 00:00:00-04:00,0.858130424042726,0.8799101114273071,0.8537741675235258,0.8799101114273071,80844800,0.0,0.0
1991-05-24 00:00:00-04:00,0.888622283935547,0.9016905245679322,0.8842665582162548,0.8886222839355469,34611200,0.0,0.0
1991-05-28 00:00:00-04:00,0.8929787613092711,0.9278267025947571,0.8929787613092711,0.9278267025947571,47427200,0.0,0.0
1991-05-29 00:00:00-04:00,0.9234704270791445,0.9234704270791445,0.8973344715957725,0.9104027152061462,46908800,0.0,0.0
1991-05-30 00:00:00-04:00,0.9104027319520142,0.9321824293867502,0.9104027319520142,0.9278267025947571,51123200,0.0,0.0
1991-05-31 00:00:00-04:00,0.9256482337585731,0.9713865518569946,0.9234703705359844,0.9713865518569946,130688000,0.0,0.0
1991-06-03 00:00:00-04:00,0.9713865971375486,1.0236585073403575,0.967030338751964,1.019302248954773,115529600,0.0,0.0
1991-06-04 00:00:00-04:00,1.032370481459295,1.032370481459295,0.9888105567508303,1.0062345266342163,95289600,0.0,0.0
1991-06-05 00:00:00-04:00,0.993166082681038,1.0018780658624507,0.9343600632721891,0.9365384578704834,212940800,0.0,0.0
1991-06-06 00:00:00-04:00,0.9452505542169908,0.962674522665808,0.919114601543765,0.9321823120117188,106969600,0.0,0.0
1991-06-07 00:00:00-04:00,0.9147584419180205,0.9234704270791445,0.8886224864346485,0.9104027152061462,91721600,0.0,0.0
1991-06-10 00:00:00-04:00,0.9060460553310885,0.9343598616259001,0.8755543866452469,0.8799101114273071,68563200,0.0,0.0
1991-06-11 00:00:00-04:00,0.8842668608691848,0.8973345742369268,0.8755548747115448,0.892978847026825,77072000,0.0,0.0
1991-06-12 00:00:00-04:00,0.8624865104599562,0.8733763587182917,0.8450625405516743,0.8603086471557617,130243200,0.0,0.0
1991-06-13 00:00:00-04:00,0.8624865308216879,0.8624865308216879,0.8189266050226127,0.8494188189506531,130371200,0.0,0.0
1991-06-14 00:00:00-04:00,0.8537742343391113,0.8624862163221634,0.836350270373007,0.8407065272331238,67392000,0.0,0.0
1991-06-17 00:00:00-04:00,0.8407067858769909,0.8799104509931622,0.836350527676669,0.8624864816665649,68918400,0.0,0.0
1991-06-18 00:00:00-04:00,0.8668426601984861,0.8668426601984861,0.8319947247480404,0.8450624346733093,69593600,0.0,0.0
1991-06-19 00:00:00-04:00,0.8319948248178997,0.8407068097283628,0.818926581583525,0.827638566493988,74569600,0.0,0.0
1991-06-20 00:00:00-04:00,0.8232830412925632,0.8319950283340851,0.8145710542510414,0.8211046457290649,68976000,0.0,0.0
1991-06-21 00:00:00-04:00,0.8232825913900285,0.8319945736706785,0.8189263343811035,0.8189263343811035,51945600,0.0,0.0
1991-06-24 00:00:00-04:00,0.8102146558557893,0.8232829000447436,0.7579427425747707,0.7622990012168884,100540800,0.0,0.0
1991-06-25 00:00:00-04:00,0.7710109285517112,0.7884348983298588,0.757942685349421,0.7666546702384949,82064000,0.0,0.0
1991-06-26 00:00:00-04:00,0.762298637025493,0.8058585439487457,0.762298637025493,0.8015022873878479,73126400,0.0,0.0
1991-06-27 00:00:00-04:00,0.8058585031871656,0.8102142277905989,0.7884345412991957,0.7949681282043457,46534400,0.0,0.0
1991-06-28 00:00:00-04:00,0.7927899681111817,0.8145701781585195,0.7884342451438652,0.8102139234542847,178419200,0.0,0.0
1991-07-01 00:00:00-04:00,0.8145708801384898,0.8276385920388357,0.7840786661420549,0.7927906513214111,88124800,0.0,0.0
1991-07-02 00:00:00-04:00,0.7753666048537532,0.7819007260312338,0.7143827145843569,0.747052788734436,289740800,0.0,0.0
1991-07-03 00:00:00-04:00,0.7361629412635178,0.7535869099119167,0.7318066832327558,0.747052788734436,130969600,0.0,0.0
1991-07-05 00:00:00-04:00,0.7492306518811547,0.7492306518811547,0.7405186675569553,0.747052788734436,25324800,0.0,0.0
1991-07-08 00:00:00-04:00,0.7448745995202462,0.775366265438612,0.7405183433964272,0.7688321471214294,88089600,0.0,0.0
1991-07-09 00:00:00-04:00,0.7840787827979552,0.8015027557490209,0.7753667963224223,0.7884350419044495,90956800,0.0,0.0
1991-07-10 00:00:00-04:00,0.7971465246059476,0.8276381921317141,0.792790268252484,0.8145704865455627,97328000,0.0,0.0
1991-07-11 00:00:00-04:00,0.8145708801384898,0.8189266068594796,0.792790651321411,0.7927906513214111,45587200,0.0,0.0
1991-07-12 00:00:00-04:00,0.7971462228154167,0.8102139234542846,0.7840779904396302,0.8102139234542847,56508800,0.0,0.0
1991-07-15 00:00:00-04:00,0.810214230192099,0.8232824675153702,0.8058585055757551,0.8145704865455627,28995200,0.0,0.0
1991-07-16 00:00:00-04:00,0.8145711305225641,0.823283118379824,0.7884351669507846,0.7971471548080444,65484800,0.0,0.0
1991-07-17 00:00:00-04:00,0.7797222572123718,0.7949678191342899,0.7666540250085432,0.7710102796554565,157408000,0.0,0.0
1991-07-18 00:00:00-04:00,0.7753669192961249,0.7971471548080445,0.7666549314388651,0.7971471548080444,73888000,0.0,0.0
1991-07-19 00:00:00-04:00,0.7971468254886656,0.8276385045235028,0.7971468254886656,0.823282778263092,60297600,0.0,0.0
1991-07-22 00:00:00-04:00,0.8189262501571489,0.8319944881026973,0.7971465625640951,0.8015022873878479,24281600,0.0,0.0
1991-07-23 00:00:00-04:00,0.7971467697135992,0.8123923422956497,0.7710108187678629,0.7753665447235107,49136000,0.0,0.0
1991-07-24 00:00:00-04:00,0.7710105903058972,0.7884345524400743,0.7666543339037901,0.7797225713729858,32947200,0.0,0.0
1991-07-25 00:00:00-04:00,0.7797231790935248,0.7971471548080445,0.7753669192961249,0.7971471548080444,37209600,0.0,0.0
1991-07-26 00:00:00-04:00,0.8015027557490209,0.8058590148555151,0.7884350419044495,0.7884350419044495,28748800,0.0,0.0
1991-07-29 00:00:00-04:00,0.792790651321411,0.792790651321411,0.7753666809626988,0.7927906513214111,31968000,0.0,0.0
1991-07-30 00:00:00-04:00,0.7971467092736367,0.8058586922616697,0.7840784689229658,0.7993245720863342,45068800,0.0,0.0
1991-07-31 00:00:00-04:00,0.8015023698198035,0.8189263343811035,0.7971466445480784,0.8189263343811035,53152000,0.0,0.0
1991-08-01 00:00:00-04:00,0.8276386866794749,0.869020753947808,0.8189267005039015,0.8646644949913025,100476800,0.0,0.0
1991-08-02 00:00:00-04:00,0.8668429183109538,0.8755549047676596,0.8537746727571679,0.858130931854248,77952000,0.0,0.0
1991-08-05 00:00:00-04:00,0.8450625605020579,0.8537745456618729,0.8407068337908381,0.8494188189506531,31596800,0.0,0.0
1991-08-06 00:00:00-04:00,0.8494189662546645,0.8908005041370322,0.8494189662546645,0.8842669129371643,57395200,0.0,0.0
1991-08-07 00:00:00-04:00,0.8886226332752336,0.8973346198759712,0.8668429326421213,0.8755549192428589,50473600,0.0,0.0
1991-08-08 00:00:00-04:00,0.879910501141318,0.879910501141318,0.8407068337908381,0.8494188189506531,58294400,0.0,0.0
1991-08-09 00:00:00-04:00,0.8494190762742614,0.8581310640732921,0.836350828706947,0.8385286927223206,46476800,0.0,0.0
1991-08-12 00:00:00-04:00,0.8363504020535216,0.8624863521176942,0.8319946762447922,0.85377436876297,36547200,0.0,0.0
1991-08-13 00:00:00-04:00,0.8624863698895724,0.8799103369580485,0.8537743863553342,0.8668426275253296,54048000,0.0,0.0
1991-08-14 00:00:00-04:00,0.8711986600737585,0.8842669058435966,0.8624866734730209,0.8755549192428589,52918400,0.0,0.0
1991-08-15 00:00:00-04:00,0.8755547537598491,0.8886224653223791,0.8581307838515672,0.8603086471557617,43516800,0.0,0.0
1991-08-16 00:00:00-04:00,0.8581304791200821,0.871198186042127,0.8319945335388182,0.8319945335388184,43238400,0.0,0.0
1991-08-19 00:00:00-04:00,0.8145710542510414,0.8363507559861009,0.7666548596539258,0.8211046457290649,85241600,0.0,0.0
1991-08-20 00:00:00-04:00,0.823282551678397,0.8363502586004419,0.8102143130191781,0.8319945335388184,75385600,0.0,0.0
1991-08-21 00:00:00-04:00,0.8537741675235258,0.8842663679465074,0.8363502049210048,0.8799101114273071,63763200,0.0,0.0
1991-08-22 00:00:00-04:00,0.8799102193117142,0.8842664763650282,0.8494185468873365,0.8711982369422913,66649600,0.0,0.0
1991-08-23 00:00:00-04:00,0.8668429326421213,0.8886226332752336,0.8537746868722833,0.8755549192428589,49334400,0.0,0.0
1991-08-26 00:00:00-04:00,0.8755543866452469,0.8799101114273071,0.8624861488247862,0.8799101114273071,32748800,0.0,0.0
1991-08-27 00:00:00-04:00,0.8799103311129979,0.9147582650184631,0.8755546052434511,0.9147582650184631,84099200,0.0,0.0
1991-08-28 00:00:00-04:00,0.914758070450398,0.9191143271306463,0.892978382260635,0.9016903638839722,53340800,0.0,0.0
1991-08-29 00:00:00-04:00,0.9060465603945669,0.9147585465522069,0.8886225880792867,0.892978847026825,36227200,0.0,0.0
1991-08-30 00:00:00-04:00,0.8929786938567827,0.8973344203197594,0.8537744970032662,0.8624864816665649,79056000,0.0,0.0
1991-09-03 00:00:00-04:00,0.8581306763358747,0.8624864023985322,0.8363504508106979,0.8450624346733093,65075200,0.0,0.0
1991-09-04 00:00:00-04:00,0.8537742343391113,0.8581304911992281,0.8232825632670195,0.8407065272331238,63228800,0.0,0.0
1991-09-05 00:00:00-04:00,0.8407068097283628,0.8450625363149141,0.818926581583525,0.827638566493988,51664000,0.0,0.0
1991-09-06 00:00:00-04:00,0.8319948248178997,0.8450625363149141,0.827638566493988,0.827638566493988,41107200,0.0,0.0
1991-09-09 00:00:00-04:00,0.8276383166617536,0.8319945736706785,0.8145706091093784,0.8189263343811035,39747200,0.0,0.0
1991-09-10 00:00:00-04:00,0.8145705698179757,0.8319945335388182,0.8015023311587568,0.8319945335388184,53091200,0.0,0.0
1991-09-11 00:00:00-04:00,0.8276385901824278,0.8537745456618729,0.8276385901824278,0.8494188189506531,27872000,0.0,0.0
1991-09-12 00:00:00-04:00,0.8624863698895724,0.8711983534238105,0.8472402657703366,0.8668426275253296,39779200,0.0,0.0
1991-09-13 00:00:00-04:00,0.757942667534185,0.7710109104293098,0.7448749563764068,0.749230682849884,313900800,0.0,0.0
1991-09-16 00:00:00-04:00,0.7492306548428823,0.7557647760461926,0.7100269910976739,0.7230947017669678,165600000,0.0,0.0
1991-09-17 00:00:00-04:00,0.7230946923174509,0.7230946923174509,0.6969587395830852,0.7143827080726624,195324800,0.0,0.0
1991-09-18 00:00:00-04:00,0.7143829584378149,0.7361631925516232,0.7056709711397927,0.7274512052536011,119219200,0.0,0.0
1991-09-19 00:00:00-04:00,0.7318065336878042,0.7448747733722658,0.7187388257405586,0.7209166884422302,95209600,0.0,0.0
1991-09-20 00:00:00-04:00,0.718738351292204,0.7405180274063101,0.718738351292204,0.7361623048782349,97318400,0.0,0.0
1991-09-23 00:00:00-04:00,0.727450950308505,0.7361629345532936,0.7143827080726624,0.7143827080726624,55129600,0.0,0.0
1991-09-24 00:00:00-04:00,0.7143829584378149,0.7318069330338591,0.6969589838417706,0.7274512052536011,74118400,0.0,0.0
1991-09-25 00:00:00-04:00,0.7361626818017658,0.7361626818017658,0.7230944440527263,0.7296285629272461,41088000,0.0,0.0
1991-09-26 00:00:00-04:00,0.7274507439455191,0.7492304325103759,0.7274507439455191,0.7405184507369995,43299200,0.0,0.0
1991-09-27 00:00:00-04:00,0.7405180274063101,0.7492300041993256,0.7318060506132947,0.7361623048782349,39209600,0.0,0.0
1991-09-30 00:00:00-04:00,0.7274503280852195,0.7361623048782349,0.718738351292204,0.7361623048782349,36211200,0.0,0.0
1991-10-01 00:00:00-04:00,0.7405185080391571,0.7405185080391571,0.7143825606965987,0.716560423374176,37068800,0.0,0.0
1991-10-02 00:00:00-04:00,0.7143823832273483,0.720916501374063,0.6926026983877364,0.6969584226608276,66896000,0.0,0.0
1991-10-03 00:00:00-04:00,0.6926025649279813,0.6969582883617547,0.6708223525481888,0.6882463097572327,95049600,0.0,0.0
1991-10-04 00:00:00-04:00,0.683890718104476,0.7100266589542571,0.683890718104476,0.6969584226608276,75276800,0.0,0.0
1991-10-07 00:00:00-04:00,0.6969584226608276,0.7013146786709967,0.6882464423775673,0.6969584226608276,54403200,0.0,0.0
1991-10-08 00:00:00-04:00,0.6882464948912675,0.6969584758392583,0.6708225329952862,0.6730003952980042,61609600,0.0,0.0
1991-10-09 00:00:00-04:00,0.6795348439897809,0.6904246925296319,0.6708228588104247,0.6708228588104248,57324800,0.0,0.0
1991-10-10 00:00:00-04:00,0.7209169652437487,0.7361630734837404,0.6969588711148217,0.7318068146705627,149203200,0.0,0.0
1991-10-11 00:00:00-04:00,0.7361626818017658,0.740518406560021,0.7274507005481186,0.7296285629272461,56176000,0.0,0.0
1991-10-14 00:00:00-04:00,0.7318064771305635,0.7448747158050537,0.7274507520638498,0.7448747158050537,42156800,0.0,0.0
1991-10-15 00:00:00-04:00,0.7492300698947126,0.7710102796554565,0.7361623694277954,0.7710102796554565,68969600,0.0,0.0
1991-10-16 00:00:00-04:00,0.7710110986298319,0.7927907997882433,0.7666548393556638,0.7906129360198975,80422400,0.0,0.0
1991-10-17 00:00:00-04:00,0.7884345502230321,0.7927902748757655,0.7492303696628113,0.7601202130317688,86243200,0.0,0.0
1991-10-18 00:00:00-04:00,0.7622989436626374,0.7753666551275686,0.757942685349421,0.7666546702384949,46192000,0.0,0.0
1991-10-21 00:00:00-04:00,0.766654652218486,0.766654652218486,0.7405186981655831,0.749230682849884,28460800,0.0,0.0
1991-10-22 00:00:00-04:00,0.749230594775319,0.7622988361342281,0.7448748688138719,0.7514084577560425,24771200,0.0,0.0
1991-10-23 00:00:00-04:00,0.7535866976756557,0.7579424227423692,0.7405184590011653,0.7448747158050537,22211200,0.0,0.0
1991-10-24 00:00:00-04:00,0.7492304325103759,0.7514082950194279,0.7274507439455191,0.7405184507369995,38243200,0.0,0.0
1991-10-25 00:00:00-04:00,0.7405184507369994,0.7426963132460513,0.7230944871902465,0.7405184507369995,23248000,0.0,0.0
1991-10-28 00:00:00-05:00,0.7448747158050537,0.7535866976756557,0.7405184590011653,0.7448747158050537,33987200,0.0,0.0
1991-10-29 00:00:00-05:00,0.7579427425747707,0.7797229723105613,0.7579427425747707,0.7622990012168884,61148800,0.0,0.0
1991-10-30 00:00:00-05:00,0.7622990012168884,0.7753667136684436,0.753587015670052,0.7622990012168884,39216000,0.0,0.0
1991-10-31 00:00:00-05:00,0.7579429076513029,0.7622991672421943,0.6969589955414279,0.707848846912384,143430400,0.0,0.0
1991-11-01 00:00:00-05:00,0.7230944440527263,0.7448746630554132,0.7230944440527263,0.7296285629272461,120761600,0.0,0.0
1991-11-04 00:00:00-05:00,0.7318066765622395,0.7318066765622395,0.7143827080726624,0.7143827080726624,41590400,0.0,0.0
1991-11-05 00:00:00-05:00,0.7143828428926923,0.7361630734837404,0.7013151299279993,0.7318068146705627,52896000,0.0,0.0
1991-11-06 00:00:00-05:00,0.7426967842220102,0.7448751798496452,0.7187392179555789,0.7274512052536011,73360000,0.0,0.0
1991-11-07 00:00:00-05:00,0.7405186981655831,0.749230682849884,0.7230947287969811,0.749230682849884,67500800,0.0,0.0
1991-11-08 00:00:00-05:00,0.7535867691040038,0.7644766145401511,0.7492305118872098,0.7535867691040039,48902400,0.0,0.0
1991-11-11 00:00:00-05:00,0.7535869410607078,0.757942667534185,0.7448749563764068,0.749230682849884,36681600,0.0,0.0
1991-11-12 00:00:00-05:00,0.7579424945835728,0.7666544772799356,0.7514083746269943,0.7535867691040039,54441600,0.0,0.0
1991-11-13 00:00:00-05:00,0.7579424945835728,0.7622987518003668,0.7492305118872098,0.7535867691040039,42076800,0.0,0.0
1991-11-14 00:00:00-05:00,0.7579424945835728,0.7710107344967296,0.7492305118872098,0.7535867691040039,52400000,0.0,0.0
1991-11-15 00:00:00-05:00,0.755764766169738,0.7622988872876593,0.7100269818189279,0.7143827080726624,66672000,0.0,0.0
1991-11-18 00:00:00-05:00,0.7187392179555789,0.7361631925516232,0.7100272306575568,0.7274512052536011,40732800,0.0,0.0
1991-11-19 00:00:00-05:00,0.7274512052536011,0.7274512052536011,0.7056709711397927,0.7274512052536011,49120000,0.0,0.0
1991-11-20 00:00:00-05:00,0.7318066837679097,0.7361629418018573,0.7165605782550803,0.7187389731407166,67475200,0.0,0.0
1991-11-21 00:00:00-05:00,0.7230946994373393,0.7426965312467914,0.714382715106769,0.7187389731407166,59110400,0.0,0.0
1991-11-22 00:00:00-05:00,0.7143827080726624,0.7230946923174509,0.7100269818189279,0.7143827080726624,51536000,0.0,0.0
1991-11-25 00:00:00-05:00,0.7143829996066836,0.7187392593754927,0.6969590240065205,0.7013152837753296,68899200,0.0,0.0
1991-11-26 00:00:00-05:00,0.7056707238278738,0.7143827080726624,0.6926030133293507,0.7143827080726624,62051200,0.0,0.0
1991-11-27 00:00:00-05:00,0.7143825606965987,0.7230945431441181,0.7100268353414438,0.716560423374176,33692800,0.0,0.0
1991-11-29 00:00:00-05:00,0.7143827080726624,0.7187389660637165,0.7143827080726624,0.7143827080726624,10179200,0.0,0.0
1991-12-02 00:00:00-05:00,0.710026738040824,0.7339842876855012,0.7013147567871766,0.7296285629272461,37974400,0.0,0.0
1991-12-03 00:00:00-05:00,0.7318066861256061,0.7361629441735884,0.718738975456312,0.7230947017669678,32979200,0.0,0.0
1991-12-04 00:00:00-05:00,0.727450808284461,0.7318065336878042,0.7143825685999994,0.7209166884422302,26633600,0.0,0.0
1991-12-05 00:00:00-05:00,0.7187389731407166,0.727450957471287,0.714382715106769,0.7187389731407166,43993600,0.0,0.0
1991-12-06 00:00:00-05:00,0.7143829584378149,0.7318069330338591,0.7100272306575568,0.7274512052536011,30636800,0.0,0.0
1991-12-09 00:00:00-05:00,0.7230940738202793,0.7492300041993256,0.7230940738202793,0.7361623048782349,56086400,0.0,0.0
1991-12-10 00:00:00-05:00,0.7318067134812821,0.749230682849884,0.7187390023235039,0.749230682849884,31161600,0.0,0.0
1991-12-11 00:00:00-05:00,0.7579428115082345,0.7622990705465458,0.7405188388298843,0.7426967024803162,54566400,0.0,0.0
1991-12-12 00:00:00-05:00,0.7448750238080688,0.7579427361488342,0.740518765202884,0.7579427361488342,47056000,0.0,0.0
1991-12-13 00:00:00-05:00,0.7579420474516279,0.7797222572123718,0.7579420474516279,0.7710102796554565,65571200,0.0,0.0
1991-12-16 00:00:00-05:00,0.77536667254236,0.7840786576271057,0.77536667254236,0.7840786576271057,39577600,0.0,0.0
1991-12-17 00:00:00-05:00,0.7840785283720895,0.7884347860650205,0.7753665447235107,0.7753665447235107,54486400,0.0,0.0
1991-12-18 00:00:00-05:00,0.7710107979697209,0.7840785072214439,0.7710107979697209,0.7819006443023682,25043200,0.0,0.0
1991-12-19 00:00:00-05:00,0.744874707492272,0.7579424142837524,0.7230944871902465,0.7405184507369995,87110400,0.0,0.0
1991-12-20 00:00:00-05:00,0.7579424142837524,0.762298671039025,0.731806468963623,0.7405184507369995,69408000,0.0,0.0
1991-12-23 00:00:00-05:00,0.7448749738844898,0.7753666551275686,0.736162988995416,0.7666546702384949,41968000,0.0,0.0
1991-12-24 00:00:00-05:00,0.7666548098468895,0.8015027557490209,0.7622990824778509,0.7884350419044495,51660800,0.0,0.0
1991-12-26 00:00:00-05:00,0.792790626852136,0.8363505514044511,0.7906127635588602,0.827638566493988,69004800,0.0,0.0
1991-12-27 00:00:00-05:00,0.827638566493988,0.8407068097283628,0.8232828399074367,0.827638566493988,58012800,0.0,0.0
1991-12-30 00:00:00-05:00,0.831994848631023,0.8494188189506531,0.8276385901824278,0.8494188189506531,61763200,0.0,0.0
1991-12-31 00:00:00-05:00,0.8450623854082459,0.8581306263089648,0.8363504020535216,0.85377436876297,58342400,0.0,0.0
1992-01-02 00:00:00-05:00,0.8472405639873642,0.8755549192428589,0.8232829996384334,0.8755549192428589,76608000,0.0,0.0
1992-01-03 00:00:00-05:00,0.8799102193117142,0.8842664763650282,0.8537742722034454,0.8711982369422913,61977600,0.0,0.0
1992-01-06 00:00:00-05:00,0.8711986456705795,0.8711986456705795,0.8450626863004621,0.858130931854248,52128000,0.0,0.0
1992-01-07 00:00:00-05:00,0.8537745880849152,0.9016907747134839,0.845062602492212,0.8973345160484314,110368000,0.0,0.0
1992-01-08 00:00:00-05:00,0.8777326379175874,0.9191147003672703,0.8755547745616503,0.9104027152061462,148579200,0.0,0.0
1992-01-09 00:00:00-05:00,0.9147583435629015,0.9408942962361273,0.9104026173193565,0.9321823120117188,111849600,0.0,0.0
1992-01-10 00:00:00-05:00,0.9278263932943711,0.9496060834686255,0.9104024284600845,0.9191144108772278,91292800,0.0,0.0
1992-01-13 00:00:00-05:00,0.9147583435629015,0.9387164331143547,0.9016906330949479,0.9321823120117188,43852800,0.0,0.0
1992-01-14 00:00:00-05:00,0.9321823891149749,0.9670303288949739,0.9278266625111562,0.9496063590049744,109574400,0.0,0.0
1992-01-15 00:00:00-05:00,0.949606384549822,0.990988447086108,0.9452506578288323,0.9757423400878906,147100800,0.0,0.0
1992-01-16 00:00:00-05:00,1.0280139876193688,1.0672181767446598,0.9757420899438076,1.0628619194030762,385171200,0.0,0.0
1992-01-17 00:00:00-05:00,1.0628621253967285,1.0977100639343262,1.0585063989482004,1.0889980792999268,174681600,0.0,0.0
1992-01-20 00:00:00-05:00,1.0846424551737,1.0889981820331356,1.0585064988049047,1.0715742111206055,103680000,0.0,0.0
1992-01-21 00:00:00-05:00,1.0585063434467457,1.071574053844484,1.0323703909139532,1.0367261171340942,113436800,0.0,0.0
1992-01-22 00:00:00-05:00,1.036726093874289,1.06721830368042,1.0323703677518725,1.06721830368042,73692800,0.0,0.0
1992-01-23 00:00:00-05:00,1.0628622035340953,1.097710144633574,1.0628622035340953,1.078108310699463,91251200,0.0,0.0
1992-01-24 00:00:00-05:00,1.0759301606131089,1.093354126519902,1.07157390326779,1.0868200063705444,80752000,0.0,0.0
1992-01-27 00:00:00-05:00,1.0889978472990083,1.0889978472990083,1.0672181562216432,1.0693960189819336,56505600,0.0,0.0
1992-01-28 00:00:00-05:00,1.0715745501047527,1.093354786504118,1.0541505736802852,1.0911763906478882,65718400,0.0,0.0
1992-01-29 00:00:00-05:00,1.0802864240220755,1.0977103986030767,1.049794734374076,1.0541504621505737,76416000,0.0,0.0
1992-01-30 00:00:00-05:00,1.0541501949066723,1.0585064533162942,1.023658512988801,1.0563280582427979,102387200,0.0,0.0
1992-01-31 00:00:00-05:00,1.0585063216440427,1.0715740317726175,1.04108235364774,1.0432602167129517,82953600,0.0,0.0
1992-02-03 00:00:00-05:00,1.0454372704957406,1.0541492477498717,1.0323695704829903,1.0410815477371216,37724800,0.0,0.0
1992-02-04 00:00:00-05:00,1.0410828572307154,1.093354786504118,1.028014609043584,1.0911763906478882,64294400,0.0,0.0
1992-02-05 00:00:00-05:00,1.1064218142650188,1.1107780715283784,1.088997848686042,1.0933541059494019,81238400,0.0,0.0
1992-02-06 00:00:00-05:00,1.093354126519902,1.099887714932019,1.0802858862211868,1.0868200063705444,46931200,0.0,0.0
1992-02-07 00:00:00-05:00,1.088997998902964,1.1325579188590826,1.088997998902964,1.1238459348678589,124537600,0.0,0.0
1992-02-10 00:00:00-05:00,1.1238458926608748,1.1412698599889504,1.1064219253327994,1.1369141340255737,79942400,0.0,0.0
1992-02-11 00:00:00-05:00,1.1369140773011253,1.1543380437598607,1.1282020940717574,1.1412698030471802,76816000,0.0,0.0
1992-02-12 00:00:00-05:00,1.1499814321013058,1.1891856104278518,1.1499814321013058,1.1848293542861938,115001600,0.0,0.0
1992-02-13 00:00:00-05:00,1.1782961315713598,1.1978985015030446,1.1674062805454226,1.193542242050171,88336000,0.0,0.0
1992-02-14 00:00:00-05:00,1.1935417663436994,1.1935417663436994,1.1586938315599418,1.1695836782455444,53257600,0.0,0.0
1992-02-18 00:00:00-05:00,1.1717621126882414,1.1717621126882414,1.119490208740899,1.1238459348678589,59036800,0.0,0.0
1992-02-19 00:00:00-05:00,1.1238456812984856,1.1282019381798625,1.0846420280520142,1.1107779741287231,82963200,0.0,0.0
1992-02-20 00:00:00-05:00,1.1107783104392486,1.14998197555542,1.1107783104392486,1.14998197555542,75974400,0.0,0.0
1992-02-21 00:00:00-05:00,1.1499817183138084,1.1804739236831665,1.1456259928251722,1.1804739236831665,68163200,0.0,0.0
1992-02-24 00:00:00-05:00,1.1717616715093493,1.1761173959963394,1.1238455117298354,1.1390916109085083,66176000,0.0,0.0
1992-02-25 00:00:00-05:00,1.130379800751959,1.1369139202054321,1.0977097352217766,1.1107779741287231,86969600,0.0,0.0
1992-02-26 00:00:00-05:00,1.1151338533590769,1.1456260605304929,1.1107781276130217,1.1412698030471802,75641600,0.0,0.0
1992-02-27 00:00:00-05:00,1.1412699028503064,1.1543381447057939,1.1238459348678589,1.1238459348678589,47635200,0.0,0.0
1992-02-28 00:00:00-05:00,1.1282021729439438,1.132557898994506,1.0977099636408287,1.106421947479248,30563200,0.0,0.0
1992-03-02 00:00:00-05:00,1.10642210771461,1.1478041698744992,1.1020663810332383,1.1456263065338135,49091200,0.0,0.0
1992-03-03 00:00:00-05:00,1.154338244640321,1.1586939711443691,1.128202290403982,1.1303801536560059,38406400,0.0,0.0
1992-03-04 00:00:00-05:00,1.1369139202054321,1.1369139202054321,1.1064217172473463,1.1107779741287231,44956800,0.0,0.0
1992-03-05 00:00:00-05:00,1.106421947479248,1.1194901891055244,1.0868201167771283,1.106421947479248,40368000,0.0,0.0
1992-03-06 00:00:00-05:00,1.1064216207367015,1.1064216207367015,1.0715736956741282,1.084641933441162,46873600,0.0,0.0
1992-03-09 00:00:00-05:00,1.0802856769397715,1.0977096394710582,1.0759299521755188,1.084641933441162,32665600,0.0,0.0
1992-03-10 00:00:00-05:00,1.0846422727760041,1.1238459348678589,1.0846422727760041,1.1238459348678589,53712000,0.0,0.0
1992-03-11 00:00:00-05:00,1.1194902913889964,1.1238460178375245,1.0846423528513987,1.0889980792999268,43280000,0.0,0.0
1992-03-12 00:00:00-05:00,1.086819835926505,1.1194898998124643,1.0715737352147698,1.1151336431503296,73939200,0.0,0.0
1992-03-13 00:00:00-05:00,1.1238456247374415,1.143447450374154,1.1064216615632176,1.1151336431503296,36742400,0.0,0.0
1992-03-16 00:00:00-05:00,1.1107778065317613,1.1456257293760972,1.1020658258206772,1.1390916109085083,27312000,0.0,0.0
1992-03-17 00:00:00-05:00,1.1369143214336983,1.149982033215185,1.132558063014955,1.1456263065338135,40310400,0.0,0.0
1992-03-18 00:00:00-05:00,1.145626053195752,1.1695836081201847,1.145626053195752,1.1608716249465942,42275200,0.0,0.0
1992-03-19 00:00:00-05:00,1.1674062106068883,1.1761181972532082,1.141270250667928,1.1434481143951416,22611200,0.0,0.0
1992-03-20 00:00:00-05:00,1.1456264719916363,1.1456264719916363,1.11513425386869,1.1325582265853882,33148800,0.0,0.0
1992-03-23 00:00:00-05:00,1.106421286650939,1.110777541836951,1.0977093080158922,1.1020655632019043,70236800,0.0,0.0
1992-03-24 00:00:00-05:00,1.1020662396089675,1.1064219657313843,1.045438077856426,1.06721830368042,119420800,0.0,0.0
1992-03-25 00:00:00-05:00,1.071573766610549,1.071573766610549,1.0454378210834623,1.04979407787323,87724800,0.0,0.0
1992-03-26 00:00:00-05:00,1.058505961315613,1.0628616859632942,1.0127676620922188,1.023658037185669,125628800,0.0,0.0
1992-03-27 00:00:00-05:00,1.0149463397543823,1.0193020656191616,0.8973342970835353,0.9626744389533997,375180800,0.0,0.0
1992-03-30 00:00:00-05:00,0.9757423559936077,0.9844543413149792,0.9147584587440072,0.9278267025947571,184208000,0.0,0.0
1992-03-31 00:00:00-05:00,0.9234702474840266,0.9800984058870605,0.9147582640171962,0.9626744389533997,110288000,0.0,0.0
1992-04-01 00:00:00-05:00,0.9626745672292967,0.9713865518569946,0.934360218386271,0.9713865518569946,116704000,0.0,0.0
1992-04-02 00:00:00-05:00,0.9670301648181788,0.9844541317518397,0.9539624554865692,0.9626744389533997,55993600,0.0,0.0
1992-04-03 00:00:00-05:00,0.9626747293774195,0.9713867154725209,0.9365387710921154,0.9539627432823181,49840000,0.0,0.0
1992-04-06 00:00:00-04:00,0.9626744606388856,1.0105901049171788,0.9583182029387041,1.00841224193573,62393600,0.0,0.0
1992-04-07 00:00:00-04:00,1.0084122402658093,1.0236583445852714,0.9757421686490428,0.9800984263420105,109404800,0.0,0.0
1992-04-08 00:00:00-04:00,0.9757419586181639,1.006234160693566,0.958317995071411,1.0018779039382935,91190400,0.0,0.0
1992-04-09 00:00:00-04:00,1.0062339165530696,1.032369855531889,0.9496057828971075,0.9975219368934631,115696000,0.0,0.0
1992-04-10 00:00:00-04:00,0.9583177982328902,0.9626740540933877,0.8886219583614072,0.8907998204231262,272249600,0.0,0.0
1992-04-13 00:00:00-04:00,0.8973345208480917,0.8973345208480917,0.8581308513399357,0.8690207004547119,122464000,0.0,0.0
1992-04-14 00:00:00-04:00,0.8755547745616503,0.9278266855283943,0.8755547745616503,0.9104027152061462,128256000,0.0,0.0
1992-04-15 00:00:00-04:00,0.9234703277873101,0.9321823120117188,0.9016906330949479,0.9321823120117188,83011200,0.0,0.0
1992-04-16 00:00:00-04:00,0.9365386706895183,0.9365386706895183,0.8973344715957725,0.9104027152061462,57302400,0.0,0.0
1992-04-20 00:00:00-04:00,0.9016905245679322,0.9060462502872243,0.8668425918645773,0.8886222839355469,74470400,0.0,0.0
1992-04-21 00:00:00-04:00,0.8842663679465074,0.8929783492477679,0.8624861488247862,0.8799101114273071,68006400,0.0,0.0
1992-04-22 00:00:00-04:00,0.8842667597227742,0.9191147003672703,0.8799105012735245,0.9104027152061462,61084800,0.0,0.0
1992-04-23 00:00:00-04:00,0.9104027085555187,0.9234704203330554,0.8842667532630738,0.906046450138092,56556800,0.0,0.0
1992-04-24 00:00:00-04:00,0.8973341072037238,0.9104023455073093,0.8951562447321794,0.9016903638839722,35404800,0.0,0.0
1992-04-27 00:00:00-04:00,0.8973342671113856,0.9191144909196096,0.8842665582162548,0.8886222839355469,33968000,0.0,0.0
1992-04-28 00:00:00-04:00,0.8842669129371643,0.8886226404037428,0.8537746937212431,0.8842669129371643,77270400,0.0,0.0
1992-04-29 00:00:00-04:00,0.8886222184632253,0.9147581660650849,0.8842664930648563,0.9082240462303162,55740800,0.0,0.0
1992-04-30 00:00:00-04:00,0.906046359338493,0.9321823120117188,0.906046359338493,0.9321823120117188,45036800,0.0,0.0
1992-05-01 00:00:00-04:00,0.9321822636703185,0.9365385214252738,0.9060463123524591,0.9169361591339111,31638400,0.0,0.0
1992-05-04 00:00:00-04:00,0.9147582650184631,0.9365384895780153,0.9104025391489163,0.9147582650184631,41372800,0.0,0.0
1992-05-05 00:00:00-04:00,0.9147582743753684,0.9539624662886661,0.9060462908098887,0.9474283456802368,60560000,0.0,0.0
1992-05-06 00:00:00-04:00,0.9496061667739749,0.9539624242333086,0.9321822004111496,0.9365384578704834,33420800,0.0,0.0
1992-05-07 00:00:00-04:00,0.9365384578704833,0.9408941835925623,0.9234702172297371,0.9365384578704834,31174400,0.0,0.0
1992-05-08 00:00:00-04:00,0.9365379985703571,0.9452499774792116,0.9125799236367587,0.9300038814544678,22963200,0.0,0.0
1992-05-11 00:00:00-04:00,0.9321819135096887,0.94525015012837,0.9234699330095981,0.9256477952003479,28163200,0.0,0.0
1992-05-12 00:00:00-04:00,0.9343606013773,0.9365389972301484,0.8929790562365963,0.8995126485824585,55120000,0.0,0.0
1992-05-13 00:00:00-04:00,0.901690833184465,0.9060465603945669,0.8842668608691848,0.892978847026825,58432000,0.0,0.0
1992-05-14 00:00:00-04:00,0.8690204725680536,0.8711983354724183,0.8276384186987974,0.85377436876297,196044800,0.0,0.0
1992-05-15 00:00:00-04:00,0.8450622523560591,0.8668424731822802,0.8319945452500717,0.8407065272331238,72089600,0.0,0.0
1992-05-18 00:00:00-04:00,0.8407067467793763,0.8450624730397871,0.8189265202653607,0.823282778263092,81084800,0.0,0.0
1992-05-19 00:00:00-04:00,0.8211041970169661,0.8276383166617536,0.8102143521004536,0.8189263343811035,99683200,0.0,0.0
1992-05-20 00:00:00-04:00,0.8232827005037581,0.8407066673743427,0.8232827005037581,0.8341725468635559,58889600,0.0,0.0
1992-05-21 00:00:00-04:00,0.8363505514044511,0.8363505514044511,0.8145708549969737,0.827638566493988,78374400,0.0,0.0
1992-05-22 00:00:00-04:00,0.8363504508106979,0.8450624346733093,0.8276384669480865,0.8450624346733093,45286400,0.0,0.0
1992-05-26 00:00:00-04:00,0.8450622404608632,0.8494184972596608,0.8319945335388182,0.8319945335388184,41830400,0.0,0.0
1992-05-27 00:00:00-04:00,0.8407067858769909,0.8624864816665649,0.836350527676669,0.8624864816665649,54323200,0.0,0.0
1992-05-28 00:00:00-04:00,0.8624861488247862,0.8799101114273071,0.858130424042726,0.8799101114273071,54521600,0.0,0.0
1992-05-29 00:00:00-04:00,0.8842664763650282,0.888622201681137,0.8711982369422913,0.8711982369422913,55043200,0.0,0.0
1992-06-01 00:00:00-04:00,0.8711983175838696,0.888622283935547,0.8668425918645773,0.8886222839355469,41945600,0.0,0.0
1992-06-02 00:00:00-04:00,0.8886219583614072,0.8973339383453426,0.875554254254034,0.8907998204231262,32326400,0.0,0.0
1992-06-03 00:00:00-04:00,0.8886225304557281,0.910402760306187,0.8886225304557281,0.8973345160484314,61388800,0.0,0.0
1992-06-04 00:00:00-04:00,0.8929788924443341,0.8973346198759712,0.8711986600737585,0.8755549192428589,31622400,0.0,0.0
1992-06-05 00:00:00-04:00,0.8799102193117142,0.8842664763650282,0.8624862545728683,0.8711982369422913,42348800,0.0,0.0
1992-06-08 00:00:00-04:00,0.8711983969339852,0.8842666387566462,0.8624864129646452,0.8820882439613342,20777600,0.0,0.0
1992-06-09 00:00:00-04:00,0.8886221928518695,0.8929784498619001,0.879910210569008,0.8864443302154541,52070400,0.0,0.0
1992-06-10 00:00:00-04:00,0.8886220517522647,0.8886220517522647,0.8668423653719924,0.8733759522438049,25292800,0.0,0.0
1992-06-11 00:00:00-04:00,0.8711982369422913,0.8755544939956053,0.8624862545728683,0.8711982369422913,22080000,0.0,0.0
1992-06-12 00:00:00-04:00,0.8755547245301855,0.8886224356564608,0.8581307552035882,0.8624864816665649,42780800,0.0,0.0
1992-06-15 00:00:00-04:00,0.8668426601984861,0.8711983862611437,0.8407067086106518,0.8450624346733093,37779200,0.0,0.0
1992-06-16 00:00:00-04:00,0.8450624346733093,0.8624864023985322,0.8363504508106979,0.8450624346733093,37974400,0.0,0.0
1992-06-17 00:00:00-04:00,0.8450622404608632,0.8537742223212844,0.8319945335388182,0.8319945335388184,48400000,0.0,0.0
1992-06-18 00:00:00-04:00,0.9104025077437709,0.9191144909196096,0.8668425918645773,0.8886222839355469,257920000,0.0,0.0
1992-06-19 00:00:00-04:00,0.888622206548622,0.9234701362171954,0.888622206548622,0.9191144108772278,107964800,0.0,0.0
1992-06-22 00:00:00-04:00,0.9147583527697457,0.9517841531618092,0.89733438414556,0.9408943057060242,97388800,0.0,0.0
1992-06-23 00:00:00-04:00,0.9496063676747409,0.9626746110802329,0.9452506410311551,0.9583183526992798,86236800,0.0,0.0
1992-06-24 00:00:00-04:00,0.9539627432823181,0.9583184704611525,0.9452507571872167,0.9539627432823181,63081600,0.0,0.0
1992-06-25 00:00:00-04:00,0.9539624662886661,0.9626744498541459,0.9321822415063278,0.9474283456802368,100275200,0.0,0.0
1992-06-26 00:00:00-04:00,0.9408942144176875,0.9626744389533997,0.9408942144176875,0.9626744389533997,49772800,0.0,0.0
1992-06-29 00:00:00-04:00,0.9626746019257515,1.0062345266342163,0.9626746019257515,1.0062345266342163,80857600,0.0,0.0
1992-06-30 00:00:00-04:00,1.0040556941375096,1.0062340882268472,0.988810125934929,0.9931658506393433,47635200,0.0,0.0
1992-07-01 00:00:00-04:00,0.9931657581493771,1.0105897188186646,0.9888100338505958,1.0105897188186646,45616000,0.0,0.0
1992-07-02 00:00:00-04:00,1.0105905582381134,1.0171246818507576,0.9692084843413961,0.9735647439956665,67465600,0.0,0.0
1992-07-06 00:00:00-04:00,0.9757418883474249,0.9931658506393433,0.9670299072014659,0.9931658506393433,40646400,0.0,0.0
1992-07-07 00:00:00-04:00,0.9888105545546436,1.001878266069478,0.9757423113024482,0.9779201745986938,44755200,0.0,0.0
1992-07-08 00:00:00-04:00,0.9757418883474249,0.9931658506393433,0.9626741824970515,0.9931658506393433,60480000,0.0,0.0
1992-07-09 00:00:00-04:00,0.9888101971468131,1.0105898857116697,0.9822760778824885,1.0018779039382935,56300800,0.0,0.0
1992-07-10 00:00:00-04:00,1.001878000993644,1.0062342581709223,0.9800983103189143,0.9844540357589722,41760000,0.0,0.0
1992-07-13 00:00:00-04:00,0.9844541622990914,1.0018781297734116,0.9757421785619314,0.9888104200363159,52627200,0.0,0.0
1992-07-14 00:00:00-04:00,1.0062341216605797,1.023658084531437,0.9931658836388626,1.0149461030960083,48620800,0.0,0.0
1992-07-15 00:00:00-04:00,1.0193018279451485,1.0367257908160057,1.0105898465097198,1.0149461030960083,55488000,0.0,0.0
1992-07-16 00:00:00-04:00,1.0149459748545269,1.0193016991533081,0.9888100338505958,1.0105897188186646,46323200,0.0,0.0
1992-07-17 00:00:00-04:00,1.0062345540843254,1.0062345540843254,0.9757423400878905,0.9757423400878906,62150400,0.0,0.0
1992-07-20 00:00:00-04:00,0.9713865518569946,0.9757422783021721,0.9539625826015987,0.9713865518569946,49804800,0.0,0.0
1992-07-21 00:00:00-04:00,0.9713863277015782,0.9888102929362503,0.9670300705243,0.9844540357589722,42684800,0.0,0.0
1992-07-22 00:00:00-04:00,0.9800984058870605,0.9997002357531111,0.9583181813513484,0.9626744389533997,79040000,0.0,0.0
1992-07-23 00:00:00-04:00,0.9670299768447875,1.0018779039382935,0.9670299768447875,1.0018779039382935,43952000,0.0,0.0
1992-07-24 00:00:00-04:00,0.9888101587897223,1.023658084531437,0.9888101587897223,1.0149461030960083,53273600,0.0,0.0
1992-07-27 00:00:00-04:00,1.006234387510636,1.0105901135105717,0.9866320252990594,0.9888104200363159,46646400,0.0,0.0
1992-07-28 00:00:00-04:00,0.988810410631698,1.0323703289031982,0.988810410631698,1.0323703289031982,71257600,0.0,0.0
1992-07-29 00:00:00-04:00,1.032370018218155,1.0497939802831269,1.023658037185669,1.023658037185669,83977600,0.0,0.0
1992-07-30 00:00:00-04:00,1.0236583379078723,1.0367260474269673,1.014946354316049,1.028014063835144,30352000,0.0,0.0
1992-07-31 00:00:00-04:00,1.0432594091164311,1.0497935249912527,1.0323695704829903,1.0410815477371216,42960000,0.0,0.0
1992-08-03 00:00:00-04:00,1.0497944748244923,1.0650400500104464,1.0410824896879296,1.060684323310852,44464000,0.0,0.0
1992-08-04 00:00:00-04:00,1.0628621799885456,1.0672184383981675,1.049794468234421,1.0563280582427979,25936000,0.0,0.0
1992-08-05 00:00:00-04:00,1.0497940253916624,1.058506006798493,1.0323700625780012,1.0345479249954224,25440000,0.0,0.0
1992-08-06 00:00:00-04:00,1.0367262190223758,1.0410824774079603,1.014946522306556,1.019302248954773,33312000,0.0,0.0
1992-08-07 00:00:00-04:00,1.019302339158027,1.0323705837338886,1.0062346263195803,1.0214802026748657,53241600,0.0,0.0
1992-08-10 00:00:00-04:00,1.0193021700404186,1.0323704124480617,1.014946443729422,1.0301920175552368,27929600,0.0,0.0
1992-08-11 00:00:00-04:00,1.028014063835144,1.0323703214996955,1.0105900966514976,1.028014063835144,30524800,0.0,0.0
1992-08-12 00:00:00-04:00,1.023658496517602,1.032370481459295,1.0062345266342163,1.0062345266342163,39523200,0.0,0.0
1992-08-13 00:00:00-04:00,0.997522552238953,1.0236585073403575,0.997522552238953,1.019302248954773,33561600,0.0,0.0
1992-08-14 00:00:00-04:00,1.0193022376793102,1.0454381924916,1.0149465110792761,1.038904070854187,29382400,0.0,0.0
1992-08-17 00:00:00-04:00,1.0410824774079603,1.0476160673802857,1.019302248954773,1.019302248954773,40051200,0.0,0.0
1992-08-18 00:00:00-04:00,1.0193022381780745,1.0280142231197675,0.9975225416925233,1.0062345266342163,36672000,0.0,0.0
1992-08-19 00:00:00-04:00,1.0062345540843254,1.0062345540843254,0.9757423400878905,0.9757423400878906,38768000,0.0,0.0
1992-08-20 00:00:00-04:00,0.9757419779159551,0.9975221986487401,0.9713862528117057,0.995343804359436,61270400,0.0,0.0
1992-08-21 00:00:00-04:00,0.9931660183763081,1.001878000993644,0.9670300705243,0.9844540357589722,54940800,0.0,0.0
1992-08-24 00:00:00-04:00,0.9713865669671148,0.9800985517303294,0.958318323953617,0.960496187210083,34681600,0.0,0.0
1992-08-25 00:00:00-04:00,0.9626744590447062,0.984454152297695,0.9452504917474018,0.9800984263420105,46585600,0.0,0.0
1992-08-26 00:00:00-04:00,0.988810125934929,1.0040556941375096,0.9844538694933841,0.9931658506393433,31376000,0.0,0.0
1992-08-27 00:00:00-04:00,1.0062345266342163,1.014946511575909,1.0018782682946887,1.0062345266342163,52048000,0.0,0.0
1992-08-28 00:00:00-04:00,1.0062345266342163,1.0105902532363815,0.9975225416925233,1.0062345266342163,13731200,0.0,0.0
1992-08-31 00:00:00-04:00,1.006233994519883,1.0193016991533081,1.0040556006334116,1.0105897188186646,35846400,0.0,0.0
1992-09-01 00:00:00-04:00,1.0062344593701023,1.0323704124480617,1.0062344593701023,1.0301920175552368,68992000,0.0,0.0
1992-09-02 00:00:00-04:00,1.0280142741226324,1.0672184741739694,1.0280142741226324,1.0585064888000488,65782400,0.0,0.0
1992-09-03 00:00:00-04:00,1.0672179709098755,1.0977096394710582,1.0672179709098755,1.084641933441162,119360000,0.0,0.0
1992-09-04 00:00:00-04:00,1.0846422716446937,1.0889979977671105,1.0628620458206999,1.06721830368042,41904000,0.0,0.0
1992-09-08 00:00:00-04:00,1.0628619194030762,1.0672181767446598,1.0497942108528062,1.0628619194030762,40576000,0.0,0.0
1992-09-09 00:00:00-04:00,1.0672181026459708,1.0977097749710083,1.0628618456068493,1.0977097749710083,41148800,0.0,0.0
1992-09-10 00:00:00-04:00,1.0889977065659564,1.123845633176067,1.0889977065659564,1.1194899082183838,75148800,0.0,0.0
1992-09-11 00:00:00-04:00,1.1151336431503296,1.1238456247374415,1.104243799100729,1.1151336431503296,46716800,0.0,0.0
1992-09-14 00:00:00-04:00,1.1282020940717574,1.1412698030471802,1.1107781276130217,1.1412698030471802,102953600,0.0,0.0
1992-09-15 00:00:00-04:00,1.1347355258961516,1.1369139202054321,1.1020659921031535,1.1107779741287231,47408000,0.0,0.0
1992-09-16 00:00:00-04:00,1.088997753196207,1.1282019381798625,1.088997753196207,1.1107779741287231,78720000,0.0,0.0
1992-09-17 00:00:00-04:00,1.1412699028503064,1.1412699028503064,1.1107782247496754,1.1238459348678589,47664000,0.0,0.0
1992-09-18 00:00:00-04:00,1.1325578763249127,1.1412698599889504,1.1238458926608748,1.1369141340255737,51510400,0.0,0.0
1992-09-21 00:00:00-04:00,1.128202290403982,1.1369142751494283,1.1151340474171372,1.1303801536560059,32902400,0.0,0.0
1992-09-22 00:00:00-04:00,1.1282018898709114,1.136913871523439,1.1194899082183838,1.1194899082183838,28374400,0.0,0.0
1992-09-23 00:00:00-04:00,1.1194901036749811,1.1630500195429325,1.1151338462195588,1.1608716249465942,93046400,0.0,0.0
1992-09-24 00:00:00-04:00,1.1586939602187185,1.167405944882017,1.1369142644291446,1.14998197555542,52227200,0.0,0.0
1992-09-25 00:00:00-04:00,1.1543382740473613,1.1543382740473613,1.1151340758254413,1.1282023191452026,50502400,0.0,0.0
1992-09-28 00:00:00-04:00,1.1238458926608748,1.1369141340255737,1.115133908996837,1.1369141340255737,27369600,0.0,0.0
1992-09-29 00:00:00-04:00,1.1369140773011253,1.1456260605304929,1.1325578198178126,1.1412698030471802,54953600,0.0,0.0
1992-09-30 00:00:00-04:00,1.14127004811507,1.1543382916339284,1.14127004811507,1.1456263065338135,37331200,0.0,0.0
1992-10-01 00:00:00-04:00,1.141269645349625,1.1456259022310018,1.1085995798194426,1.1107779741287231,40304000,0.0,0.0
1992-10-02 00:00:00-04:00,1.1107783067545969,1.115134033203125,1.0889980792999268,1.0889980792999268,54534400,0.0,0.0
1992-10-05 00:00:00-04:00,1.0846424591197854,1.1151341424589496,1.0585065026559037,1.1086000204086304,71792000,0.0,0.0
1992-10-06 00:00:00-04:00,1.1238458365884447,1.1543380437598607,1.1151338533590769,1.1412698030471802,72070400,0.0,0.0
1992-10-07 00:00:00-04:00,1.1456263065338135,1.1717622618341585,1.14127004811507,1.1456263065338135,71756800,0.0,0.0
1992-10-08 00:00:00-04:00,1.1586940867714735,1.1761180580011197,1.1434479790111822,1.1543383598327637,82960000,0.0,0.0
1992-10-09 00:00:00-04:00,1.1543383021333802,1.1761179992130824,1.1456263169540242,1.1586940288543701,83558400,0.0,0.0
1992-10-12 00:00:00-04:00,1.1586939892118926,1.1717622324025103,1.119490323114756,1.1478041410446167,127747200,0.0,0.0
1992-10-13 00:00:00-04:00,1.145626252949377,1.154338237642006,1.1151340406565022,1.1260238885879517,102732800,0.0,0.0
1992-10-14 00:00:00-04:00,1.1282024392810315,1.1325581663598592,1.0933544957007282,1.0998880863189697,66595200,0.0,0.0
1992-10-15 00:00:00-04:00,1.0889976983889937,1.1151336431503296,1.0846419734640165,1.1151336431503296,43696000,0.0,0.0
1992-10-16 00:00:00-04:00,1.1151332652859858,1.1238452439210325,1.0889973293808455,1.1020655632019043,44601600,0.0,0.0
1992-10-19 00:00:00-04:00,1.102066353352171,1.1499820043306002,1.102066353352171,1.1478041410446167,60547200,0.0,0.0
1992-10-20 00:00:00-04:00,1.1630498170852661,1.173939661222293,1.1499815787311045,1.1630498170852661,125366400,0.0,0.0
1992-10-21 00:00:00-04:00,1.1674063447592915,1.202254295349121,1.1630506168043264,1.202254295349121,129488000,0.0,0.0
1992-10-22 00:00:00-04:00,1.1978978891121637,1.204431477345118,1.176117666457304,1.1804739236831665,41475200,0.0,0.0
1992-10-23 00:00:00-04:00,1.1804740566684333,1.18482978264776,1.1630500892765545,1.1695836782455444,57705600,0.0,0.0
1992-10-26 00:00:00-05:00,1.173511027422044,1.1996859886374323,1.1560610532784519,1.1953232288360596,30038400,0.003125,0.0
1992-10-27 00:00:00-05:00,1.1996846489739839,1.1996846489739839,1.1647847396588187,1.1735097169876099,41779200,0.0,0.0
1992-10-28 00:00:00-05:00,1.1560597623300273,1.1735097169876099,1.1407909188720537,1.1735097169876099,69376000,0.0,0.0
1992-10-29 00:00:00-05:00,1.177873010922195,1.1909607550867503,1.1516980551239242,1.1604230403900146,50518400,0.0,0.0
1992-10-30 00:00:00-05:00,1.1516975932651095,1.1778725385665894,1.1342476297307897,1.1778725385665894,88067200,0.0,0.0
1992-11-02 00:00:00-05:00,1.1691477384058566,1.1865977046507203,1.160422755283425,1.1822354793548584,30457600,0.0,0.0
1992-11-03 00:00:00-05:00,1.1822346943164013,1.1909596716451925,1.1647847396588187,1.1735097169876099,32563200,0.0,0.0
1992-11-04 00:00:00-05:00,1.1691478525212204,1.1865978204692984,1.1669667396604009,1.180053949356079,22099200,0.0,0.0
1992-11-05 00:00:00-05:00,1.1865971429007394,1.2258598146295947,1.177872163908822,1.2214970588684082,98960000,0.0,0.0
1992-11-06 00:00:00-05:00,1.2171353004429442,1.2214975253395413,1.2040475606918335,1.2040475606918335,28150400,0.0,0.0
1992-11-09 00:00:00-05:00,1.2084102630615234,1.2214974696856953,1.1953225239067162,1.2084102630615234,47984000,0.0,0.0
1992-11-10 00:00:00-05:00,1.217135964951292,1.2258609520386456,1.2040482180547867,1.219317078590393,87190400,0.0,0.0
1992-11-11 00:00:00-05:00,1.2171359062917766,1.2345858796254874,1.2171359062917766,1.2280420064926147,85155200,0.0,0.0
1992-11-12 00:00:00-05:00,1.2214974696856953,1.2302224516120217,1.199685281135197,1.2084102630615234,46230400,0.0,0.0
1992-11-13 00:00:00-05:00,1.2127720270550217,1.2258597612380981,1.1865970912193018,1.2258597612380981,57190400,0.0,0.0
1992-11-16 00:00:00-05:00,1.2214970391852276,1.2258597948761127,1.1953221026312584,1.1996848583221436,50000000,0.0,0.0
1992-11-17 00:00:00-05:00,1.195322687773152,1.199685445599722,1.1691477384058566,1.1822354793548584,65488000,0.0,0.0
1992-11-18 00:00:00-05:00,1.1822354343038561,1.2171353654636647,1.1778726766435363,1.2127726078033447,61968000,0.0,0.0
1992-11-19 00:00:00-05:00,1.225860652758147,1.225860652758147,1.2171356678009035,1.2171356678009033,49763200,0.0,0.0
1992-11-20 00:00:00-05:00,1.2214973632325516,1.2345851012467663,1.2171351389148726,1.2302223443984985,65715200,0.0,0.0
1992-11-23 00:00:00-05:00,1.225860652758147,1.230222878971359,1.2040479240996278,1.2171356678009033,34083200,0.0,0.0
1992-11-24 00:00:00-05:00,1.2127720270550217,1.2258597612380981,1.2084098040142848,1.2258597612380981,38572800,0.0,0.0
1992-11-25 00:00:00-05:00,1.2258601200808195,1.232403456557338,1.2171351389148726,1.2302223443984985,56268800,0.0,0.0
1992-11-27 00:00:00-05:00,1.2302221731400826,1.2454910211875705,1.2258599494296658,1.2389471530914307,20764800,0.0,0.0
1992-11-30 00:00:00-05:00,1.2389473381576006,1.260760057559475,1.2389473381576006,1.2476723194122314,67798400,0.0,0.0
1992-12-01 00:00:00-05:00,1.2520360906688839,1.2825732835351606,1.2389483419183183,1.273848295211792,64393600,0.0,0.0
1992-12-02 00:00:00-05:00,1.2782104015350342,1.2869353853935301,1.2607604338180423,1.2782104015350342,53292800,0.0,0.0
1992-12-03 00:00:00-05:00,1.3349217328902094,1.348009467124939,1.3043845738932327,1.348009467124939,190009600,0.0,0.0
1992-12-04 00:00:00-05:00,1.3523722442692845,1.3785471909325608,1.348010019424065,1.3741849660873413,123107200,0.0,0.0
1992-12-07 00:00:00-05:00,1.369821380210828,1.3829091118920207,1.3392842271719305,1.3785463571548462,74800000,0.0,0.0
1992-12-08 00:00:00-05:00,1.3829097618560133,1.3829097618560133,1.3523720619341453,1.3654597997665405,62512000,0.0,0.0
1992-12-09 00:00:00-05:00,1.3654596964080392,1.3872718811035158,1.3567347160237404,1.3872718811035156,97632000,0.0,0.0
1992-12-10 00:00:00-05:00,1.3829099059170495,1.4047220945358276,1.3654599420097722,1.4047220945358276,89577600,0.0,0.0
1992-12-11 00:00:00-05:00,1.3959976998163626,1.4047226854402148,1.3698227429448058,1.3763666152954102,53078400,0.0,0.0
1992-12-14 00:00:00-05:00,1.378547422396831,1.3938162769801146,1.3610974550247192,1.3610974550247192,40000000,0.0,0.0
1992-12-15 00:00:00-05:00,1.3523721093286951,1.361097090679203,1.3349221466276797,1.3501909971237183,70790400,0.0,0.0
1992-12-16 00:00:00-05:00,1.3523726763125665,1.4614352551838303,1.3523726763125665,1.4570724964141846,201126400,0.0,0.0
1992-12-17 00:00:00-05:00,1.4614345771811303,1.5268716681210293,1.4570718204354964,1.509421706199646,211177600,0.0,0.0
1992-12-18 00:00:00-05:00,1.491972208023071,1.5006971916957208,1.4832472243504216,1.4919722080230713,102729600,0.0,0.0
1992-12-21 00:00:00-05:00,1.48760984576226,1.5748596744717565,1.4832470880614388,1.570496916770935,85929600,0.0,0.0
1992-12-22 00:00:00-05:00,1.5704966652244605,1.5835844036999682,1.5137845519122144,1.5486844778060913,106176000,0.0,0.0
1992-12-23 00:00:00-05:00,1.553046951029036,1.5748596744717565,1.5486847258589074,1.570496916770935,82617600,0.0,0.0
1992-12-24 00:00:00-05:00,1.570496916770935,1.5792218996418848,1.5661346916008068,1.570496916770935,20544000,0.0,0.0
1992-12-28 00:00:00-05:00,1.5748590836982195,1.5792213072319563,1.5617713480360231,1.577040195465088,28563200,0.0,0.0
1992-12-29 00:00:00-05:00,1.5835844047819339,1.5966716107357755,1.5486844788642118,1.553046703338623,68384000,0.0,0.0
1992-12-30 00:00:00-05:00,1.5530475350943478,1.557410294435902,1.5225103498270403,1.535597562789917,61283200,0.0,0.0
1992-12-31 00:00:00-05:00,1.5399598356948916,1.5399598356948916,1.5137848855062876,1.5181471109390259,36086400,0.0,0.0
1993-01-04 00:00:00-05:00,1.5181466871603377,1.5268716681210293,1.5050594819845884,1.509421706199646,59820800,0.0,0.0
1993-01-05 00:00:00-05:00,1.5094220454876237,1.5879468917846677,1.505059820292025,1.587946891784668,117472000,0.0,0.0
1993-01-06 00:00:00-05:00,1.6577464770857064,1.740634067205295,1.6381154019370798,1.721002459526062,268435200,0.0,0.0
1993-01-07 00:00:00-05:00,1.7188214771177115,1.7973463161738508,1.697009288089663,1.7384525537490845,266057600,0.0,0.0
1993-01-08 00:00:00-05:00,1.7406344329452568,1.7668093828201423,1.7057344997787425,1.7231844663619995,121020800,0.0,0.0
1993-01-11 00:00:00-05:00,1.727547296746424,1.7929849606159078,1.71882231039922,1.7864410877227783,105164800,0.0,0.0
1993-01-12 00:00:00-05:00,1.7624464140218845,1.8017091004015608,1.7449964495266184,1.7798963785171509,151785600,0.0,0.0
1993-01-13 00:00:00-05:00,1.7842588269531439,1.9456707043197718,1.731908942531984,1.9216768741607666,343283200,0.0,0.0
1993-01-14 00:00:00-05:00,1.9194959740993087,2.015470772804274,1.9173148618068512,1.967483639717102,235817600,0.0,0.0
1993-01-15 00:00:00-05:00,1.9543962476901884,1.9980211639332728,1.9107713314471038,1.9500340223312378,212144000,0.0,0.0
1993-01-18 00:00:00-05:00,1.9500334881715629,2.041645520922009,1.9456707314769575,2.0351016521453857,147065600,0.0,0.0
1993-01-19 00:00:00-05:00,2.0329203967031977,2.059095337433282,1.993658251873338,2.002383232116699,130131200,0.0,0.0
1993-01-20 00:00:00-05:00,2.0023827118413604,2.0067449345643467,1.9631200446825132,1.9653011560440063,93238400,0.0,0.0
1993-01-21 00:00:00-05:00,1.9631213508546352,1.9762090927923737,1.9325841738844929,1.954396367073059,97369600,0.0,0.0
1993-01-22 00:00:00-05:00,1.954396183715273,2.0023838562772025,1.9325839925730857,1.9456712007522583,91292800,0.0,0.0
1993-01-25 00:00:00-05:00,1.9500336763161994,1.9980208094033713,1.945670919200663,1.967483639717102,68403200,0.0,0.0
1993-01-26 00:00:00-05:00,1.969230409438278,2.039092232691017,1.9648637789832757,1.99761164188385,121520000,0.003125,0.0
1993-01-27 00:00:00-05:00,2.0041622009959896,2.0085283003645245,1.9430330788109824,1.9670476913452148,95401600,0.0,0.0
1993-01-28 00:00:00-05:00,1.9604969453133003,1.969229669940524,1.8906351482955117,1.9037339687347412,144377600,0.0,0.0
1993-01-29 00:00:00-05:00,1.9037338568645743,1.9299320292067474,1.8513375121802282,1.8644368648529053,110473600,0.0,0.0
1993-02-01 00:00:00-05:00,1.868804382788239,1.945215910195197,1.868804382788239,1.9430328607559204,102080000,0.0,0.0
1993-02-02 00:00:00-05:00,1.9430328607559204,1.9473989596344734,1.9081019377131494,1.9430328607559204,64544000,0.0,0.0
1993-02-03 00:00:00-05:00,1.940848126024327,1.951764432746831,1.890635353714543,1.9015511274337769,100979200,0.0,0.0
1993-02-04 00:00:00-05:00,1.9081010818481443,1.929932632455698,1.8513380908624797,1.9081010818481445,171360000,0.0,0.0
1993-02-05 00:00:00-05:00,1.9037351052367375,1.929933294758344,1.842605996352989,1.8666211366653442,141500800,0.0,0.0
1993-02-08 00:00:00-05:00,1.868803513601531,1.8840859185757428,1.833872606805241,1.8535211086273193,119747200,0.0,0.0
1993-02-09 00:00:00-05:00,1.9386652012216559,1.9604972830523806,1.8906354739993478,1.9299324750900269,166931200,0.0,0.0
1993-02-10 00:00:00-05:00,1.9648638094356488,2.004161352126072,1.9604977119163909,1.9997947216033936,146563200,0.0,0.0
1993-02-11 00:00:00-05:00,2.004161409283442,2.021626865865418,1.9517650395375148,1.9626808166503906,91852800,0.0,0.0
1993-02-12 00:00:00-05:00,1.9648635709607922,1.969230200953494,1.9342992930253022,1.9386653900146484,61459200,0.0,0.0
1993-02-16 00:00:00-05:00,1.9255669350107398,1.9342996636661094,1.8251402889722597,1.8491554260253906,194908800,0.0,0.0
1993-02-17 00:00:00-05:00,1.8600698077733613,1.899367323734891,1.8207728248148898,1.895000696182251,156316800,0.0,0.0
1993-02-18 00:00:00-05:00,1.9342993946656366,1.9561309467662467,1.8731703025791915,1.9212000370025635,167945600,0.0,0.0
1993-02-19 00:00:00-05:00,1.9342990558399746,2.0172596854950524,1.9233827486984643,2.0150766372680664,131974400,0.0,0.0
1993-02-22 00:00:00-05:00,2.0128940801680084,2.0390922642938167,1.9823292655195213,1.9997947216033936,106172800,0.0,0.0
1993-02-23 00:00:00-05:00,2.0041610314584286,2.008527128279107,1.9473980417662644,1.977962851524353,83292800,0.0,0.0
1993-02-24 00:00:00-05:00,1.964863975080878,2.0609239916403874,1.9561312463027407,2.0565578937530518,133068800,0.0,0.0
1993-02-25 00:00:00-05:00,2.0521913241531893,2.095854969347938,2.0434585951142394,2.0609240531921387,136691200,0.0,0.0
1993-02-26 00:00:00-05:00,2.056557752998996,2.0871220351288757,2.025992937865687,2.0347256660461426,127846400,0.0,0.0
1993-03-01 00:00:00-05:00,2.0390925801980853,2.043458678393756,2.0041616626187047,2.01289439201355,97376000,0.0,0.0
1993-03-02 00:00:00-05:00,2.01289358313767,2.095854212549441,1.991061501921969,2.0871214866638184,94083200,0.0,0.0
1993-03-03 00:00:00-05:00,2.082755309765788,2.117686211958897,2.052190503845183,2.0936710834503174,137084800,0.0,0.0
1993-03-04 00:00:00-05:00,2.0914898120198444,2.1002225449865164,2.0478261471864836,2.071840763092041,63977600,0.0,0.0
1993-03-05 00:00:00-05:00,2.069655958142741,2.074022587425268,2.0216262340545654,2.0216262340545654,109628800,0.0,0.0
1993-03-08 00:00:00-05:00,2.02599256980319,2.0914882857597004,2.02599256980319,2.0783889293670654,89987200,0.0,0.0
1993-03-09 00:00:00-05:00,2.0521913241531893,2.076206462261171,2.0303597680575556,2.0609240531921387,102092800,0.0,0.0
1993-03-10 00:00:00-05:00,2.0609226286846885,2.0609226286846885,2.0259917366730837,2.045640230178833,86713600,0.0,0.0
1993-03-11 00:00:00-05:00,2.0565581501879904,2.074023609922056,2.039092690453925,2.0412757396698,62915200,0.0,0.0
1993-03-12 00:00:00-05:00,2.034725476246134,2.065290288528345,2.0085272941485446,2.0543739795684814,64838400,0.0,0.0
1993-03-15 00:00:00-05:00,2.065291613119828,2.0740243460865,2.0500091971772214,2.071840763092041,36416000,0.0,0.0
1993-03-16 00:00:00-05:00,2.0871219693229572,2.1176867834925726,2.07838924141784,2.0914885997772217,100659200,0.0,0.0
1993-03-17 00:00:00-05:00,2.0914886385497007,2.0914886385497007,1.9997947273444245,2.0041613578796387,164188800,0.0,0.0
1993-03-18 00:00:00-05:00,2.0259923303338225,2.039091685178133,2.0128935084927817,2.0216262340545654,117177600,0.0,0.0
1993-03-19 00:00:00-05:00,2.025992895139872,2.0347256231361643,1.9866958856582642,1.9866958856582642,94777600,0.0,0.0
1993-03-22 00:00:00-05:00,1.991060826630719,1.991060826630719,1.9430311170512689,1.973595380783081,129923200,0.0,0.0
1993-03-23 00:00:00-05:00,1.9910611152648925,2.012893192240881,1.956130218505859,1.9648629426956177,116403200,0.0,0.0
1993-03-24 00:00:00-05:00,1.9648626920144725,1.995427489280701,1.9604965969782213,1.9954274892807007,84268800,0.0,0.0
1993-03-25 00:00:00-05:00,2.0085269595838184,2.0259924114062864,1.9866954113073787,2.0150766372680664,69315200,0.0,0.0
1993-03-26 00:00:00-05:00,2.0303579202780133,2.034724014322271,1.991060408864712,1.9932434558868408,48230400,0.0,0.0
1993-03-29 00:00:00-05:00,1.995427489280701,2.0259917535438117,1.991060861241332,1.9954274892807007,46579200,0.0,0.0
1993-03-30 00:00:00-05:00,1.9997943830696536,2.021626465980376,1.9910616565060306,2.0172598361968994,52864000,0.0,0.0
1993-03-31 00:00:00-05:00,2.025992733499278,2.0390920909503145,2.0085272789001465,2.0085272789001465,56995200,0.0,0.0
1993-04-01 00:00:00-05:00,2.0063439825548386,2.0128936604715113,1.9430318507024924,1.9473979473114014,104662400,0.0,0.0
1993-04-02 00:00:00-05:00,1.9299322910087053,1.9495807896799264,1.851337763320568,1.8775359392166138,185769600,0.0,0.0
1993-04-05 00:00:00-04:00,1.8862681055676884,1.9255656242685628,1.8731692880027937,1.923382043838501,78742400,0.0,0.0
1993-04-06 00:00:00-04:00,1.9473979473114016,1.9692300293658747,1.9342991244813652,1.9473979473114014,83731200,0.0,0.0
1993-04-07 00:00:00-04:00,1.9473981705673953,1.991061806678772,1.93866544334512,1.991061806678772,88096000,0.0,0.0
1993-04-08 00:00:00-04:00,1.9954274545941826,2.008526272478357,1.9561299349354433,1.973595380783081,70963200,0.0,0.0
1993-04-12 00:00:00-04:00,1.9866953658858657,2.1133196222021224,1.9866953658858657,2.0521905422210693,187472000,0.0,0.0
1993-04-13 00:00:00-04:00,2.052191959068101,2.0609246908088164,1.9430330788109824,1.9670476913452148,184787200,0.0,0.0
1993-04-14 00:00:00-04:00,1.9604988723190184,1.9866970719513188,1.9299340395794664,1.9692316055297852,127923200,0.0,0.0
1993-04-15 00:00:00-04:00,1.956131422711819,1.9648641522774968,1.943032594865059,1.9495817422866821,123148800,0.0,0.0
1993-04-16 00:00:00-04:00,1.9517648495474782,1.9539478981568623,1.9081012123428744,1.9212000370025635,159964800,0.0,0.0
1993-04-19 00:00:00-04:00,1.755277937726199,1.7640106637845383,1.6548518545569468,1.7072482109069824,567708800,0.0,0.0
1993-04-20 00:00:00-04:00,1.7159814047263713,1.788026281095629,1.7116147740052479,1.7640111446380615,246729600,0.0,0.0
1993-04-21 00:00:00-04:00,1.7727439601795785,1.7945760488510132,1.764011231311699,1.7945760488510132,94544000,0.0,0.0
1993-04-22 00:00:00-04:00,1.7640103114147982,1.7771096643872968,1.6723169726200808,1.6766830682754517,221980800,0.0,0.0
1993-04-23 00:00:00-04:00,1.6766831757688827,1.6810498047073943,1.6068213767785124,1.6199207305908203,310691200,0.0,0.0
1993-04-26 00:00:00-04:00,1.5976284633535758,1.621669515530105,1.4949080406181943,1.5276912450790405,371200000,0.003125,0.0
1993-04-27 00:00:00-04:00,1.5298767744199089,1.6129274946777554,1.5298767744199089,1.6085561513900757,268764800,0.0,0.0
1993-04-28 00:00:00-04:00,1.6216695923529705,1.6610090127066959,1.6194836539943644,1.6522668600082397,123785600,0.0,0.0
1993-04-29 00:00:00-04:00,1.6478959955148056,1.6828646051429326,1.6216695382937103,1.6741224527359009,94774400,0.0,0.0
1993-04-30 00:00:00-04:00,1.6828651441911402,1.7090916098129854,1.656638678569295,1.6631948947906494,92723200,0.0,0.0
1993-05-03 00:00:00-04:00,1.6741229250691476,1.7090915445632417,1.665380770195624,1.695978045463562,69446400,0.0,0.0
1993-05-04 00:00:00-04:00,1.704719273462503,1.7921407746657083,1.704719273462503,1.7724710702896118,138217600,0.0,0.0
1993-05-05 00:00:00-04:00,1.7702856068611392,1.8008828644682033,1.7396878156755946,1.7746564149856567,107324800,0.0,0.0
1993-05-06 00:00:00-04:00,1.8052546919410823,1.8139968441209942,1.7659147403421676,1.7702860832214355,94188800,0.0,0.0
1993-05-07 00:00:00-04:00,1.765914918160906,1.796512720660954,1.7615441084201438,1.783399224281311,71398400,0.0,0.0
1993-05-10 00:00:00-04:00,1.7965120639963992,1.8096250220042902,1.7833985724100252,1.7921407222747803,79980800,0.0,0.0
1993-05-11 00:00:00-04:00,1.7659160647560004,1.7746582234924162,1.7331328360996847,1.739689588546753,117996800,0.0,0.0
1993-05-12 00:00:00-04:00,1.7353169201260243,1.739687728030341,1.706904534434151,1.7134612798690796,51830400,0.0,0.0
1993-05-13 00:00:00-04:00,1.7047195457686857,1.7178330398331212,1.6784930912183982,1.7112762928009033,75910400,0.0,0.0
1993-05-14 00:00:00-04:00,1.7134615751413198,1.735317219164538,1.7047194242477415,1.7047194242477417,54035200,0.0,0.0
1993-05-17 00:00:00-04:00,1.7134615243083298,1.7375025719470842,1.7047193736741035,1.7309458255767822,39030400,0.0,0.0
1993-05-18 00:00:00-04:00,1.7484304359823442,1.7702860832214355,1.7396882838024323,1.7702860832214355,78041600,0.0,0.0
1993-05-19 00:00:00-04:00,1.7833982380953701,1.8489646165792444,1.7790274307715828,1.8271089792251587,111481600,0.0,0.0
1993-05-20 00:00:00-04:00,1.8314810375298294,1.83585184656569,1.8096253916147513,1.8227388858795166,53545600,0.0,0.0
1993-05-21 00:00:00-04:00,1.8205524636167323,1.8358513583307678,1.8052541024811468,1.8096249103546143,63763200,0.0,0.0
1993-05-24 00:00:00-04:00,1.8096258044242859,1.840223608969609,1.7833993434906006,1.8183679580688477,51654400,0.0,0.0
1993-05-25 00:00:00-04:00,1.8139971494674683,1.8271101131553023,1.7965128421645467,1.8139971494674683,52137600,0.0,0.0
1993-05-26 00:00:00-04:00,1.857707285824899,1.9363866419252318,1.8445937930189107,1.932015299797058,167446400,0.0,0.0
1993-05-27 00:00:00-04:00,1.9494999104899593,1.984468518749869,1.9494999104899593,1.9713555574417114,144156800,0.0,0.0
1993-05-28 00:00:00-04:00,1.9669848731437347,1.9669848731437347,1.9101611324867582,1.9385730028152466,67561600,0.0,0.0
1993-06-01 00:00:00-04:00,1.940757937245555,2.0259940611273572,1.9363871275996503,2.019437313079834,134483200,0.0,0.0
1993-06-02 00:00:00-04:00,2.0106946228699365,2.0281789239383707,1.9888395133236556,2.00632381439209,80611200,0.0,0.0
1993-06-03 00:00:00-04:00,1.9932107333262987,2.0063242286243415,1.9713556192677397,1.9910253286361694,50803200,0.0,0.0
1993-06-04 00:00:00-04:00,1.9757263666848917,1.9932106708148463,1.9582420625549368,1.9713555574417114,53248000,0.0,0.0
1993-06-07 00:00:00-04:00,2.1024880348205928,2.1156009973536998,2.0106951627741774,2.032550811767578,172667200,0.0,2.0
1993-06-08 00:00:00-04:00,2.045662414848895,2.045662414848895,1.9494987970568527,1.9800965785980225,75200000,0.0,0.0
1993-06-09 00:00:00-04:00,1.9844676680086322,1.9844676680086322,1.9232726297881015,1.953870415687561,81284800,0.0,0.0
1993-06-10 00:00:00-04:00,1.9232724229270641,1.9320145703040055,1.8970459807962405,1.9101594686508179,75241600,0.0,0.0
1993-06-11 00:00:00-04:00,1.9407583432914934,1.9844691167890498,1.923274033892471,1.9757269620895386,45609600,0.0,0.0
1993-06-14 00:00:00-04:00,1.9757266661343342,2.0106952796942337,1.9669845127443593,1.9975823163986206,32750400,0.0,0.0
1993-06-15 00:00:00-04:00,2.001953007338883,2.0456637716912605,1.9888400448225032,2.019437313079834,47724800,0.0,0.0
1993-06-16 00:00:00-04:00,2.0106955808875835,2.028179890286606,1.9582426526905161,1.9757269620895386,42097600,0.0,0.0
1993-06-17 00:00:00-04:00,1.9844689390313928,1.9844689390313928,1.91453170769989,1.962613821029663,53537600,0.0,0.0
1993-06-18 00:00:00-04:00,1.984468145766675,1.9932102961885547,1.9232730928135175,1.9363865852355957,61915200,0.0,0.0
1993-06-21 00:00:00-04:00,1.9363874735412507,1.9844690561294558,1.914531820671149,1.9844690561294556,40246400,0.0,0.0
1993-06-22 00:00:00-04:00,1.9669843283859458,1.97572648095655,1.9320157181035291,1.9407578706741333,44508800,0.0,0.0
1993-06-23 00:00:00-04:00,1.9495002627372742,1.9495002627372742,1.9057894945144653,1.9232738018035889,53142400,0.0,0.0
1993-06-24 00:00:00-04:00,1.8795623779296873,1.9057888297147527,1.8489651176363748,1.8795623779296875,94376000,0.0,0.0
1993-06-25 00:00:00-04:00,1.8751908791430532,1.9320145703040055,1.8620773912884758,1.9101594686508179,45769600,0.0,0.0
1993-06-28 00:00:00-04:00,1.9057901906115668,1.9582431316375732,1.9057901906115668,1.9582431316375732,45544000,0.0,0.0
1993-06-29 00:00:00-04:00,1.9844691167890498,2.0019534261880723,1.9582426526905161,1.9757269620895386,57700800,0.0,0.0
1993-06-30 00:00:00-04:00,1.9669845700263977,1.9844688773155212,1.9057894945144653,1.9232738018035889,42961600,0.0,0.0
1993-07-01 00:00:00-04:00,1.923273923220458,1.9320160774169146,1.8620788438452616,1.8883053064346313,75560000,0.0,0.0
1993-07-02 00:00:00-04:00,1.8970474623504479,1.8970474623504479,1.8577080352201119,1.883934497833252,41417600,0.0,0.0
1993-07-06 00:00:00-04:00,1.8970469158020378,1.9232733708592087,1.8445940056876955,1.862078309059143,44809600,0.0,0.0
1993-07-07 00:00:00-04:00,1.8533368742357015,1.862079029302851,1.8183682539671033,1.8402239084243774,59035200,0.0,0.0
1993-07-08 00:00:00-04:00,1.8489653596703837,1.9145312309265134,1.8271097135326089,1.9145312309265137,43812800,0.0,0.0
1993-07-09 00:00:00-04:00,1.9057901906115668,1.966985288475241,1.8795637200985638,1.9582431316375732,64132800,0.0,0.0
1993-07-12 00:00:00-04:00,1.97572654349831,1.9932108491929852,1.8533364036355828,1.9451292753219604,135345600,0.0,0.0
1993-07-13 00:00:00-04:00,1.9407573807130167,1.9494995310765888,1.8708201778044395,1.905788779258728,81499200,0.0,0.0
1993-07-14 00:00:00-04:00,1.9057891308105426,1.9232734347629328,1.8533362189533715,1.8664497137069702,59040000,0.0,0.0
1993-07-15 00:00:00-04:00,1.8708206985799056,1.879562851377008,1.8358520873914963,1.8445942401885986,47083200,0.0,0.0
1993-07-16 00:00:00-04:00,1.8271101117134094,1.8358522653579712,1.7571728825569153,1.765915036201477,99308800,0.0,0.0
1993-07-19 00:00:00-04:00,1.7571724129917359,1.7921410182254023,1.7222038077580695,1.779028058052063,95104000,0.0,0.0
1993-07-20 00:00:00-04:00,1.7921414971351624,1.8271101117134094,1.7746571898460388,1.8183679580688477,48841600,0.0,0.0
1993-07-21 00:00:00-04:00,1.8008833520126002,1.8096255042068363,1.770286086122087,1.787770390510559,33388800,0.0,0.0
1993-07-22 00:00:00-04:00,1.8008834052085878,1.8008834052085878,1.722204033136368,1.7484304904937744,43457600,0.0,0.0
1993-07-23 00:00:00-04:00,1.7746563130530757,1.8358513583307678,1.7659141637276912,1.8096249103546143,44576000,0.0,0.0
1993-07-26 00:00:00-04:00,1.8113755493794543,1.881380401529385,1.8113755493794543,1.8507535457611084,52528000,0.003125,0.0
1993-07-27 00:00:00-04:00,1.88138022456529,1.8901308302609423,1.8026247733044174,1.8551284074783325,72420800,0.0,0.0
1993-07-28 00:00:00-04:00,1.8463775974483396,1.881380016357313,1.8376269927210964,1.8770049810409546,25102400,0.0,0.0
1993-07-29 00:00:00-04:00,1.8901308302609423,1.8988814359565949,1.8463778017826797,1.8551284074783325,25841600,0.0,0.0
1993-07-30 00:00:00-04:00,1.8288761377334597,1.8376267412632847,1.8026243271439841,1.8288761377334595,39956800,0.0,0.0
1993-08-02 00:00:00-04:00,1.8288775208485408,1.8726305715865441,1.8288775208485408,1.8420037031173706,31742400,0.0,0.0
1993-08-03 00:00:00-04:00,1.8551284074783323,1.8945064001560616,1.8463778017826797,1.8551284074783325,34998400,0.0,0.0
1993-08-04 00:00:00-04:00,1.8726302905516192,1.9251339435577393,1.8638796817172658,1.9251339435577393,59088000,0.0,0.0
1993-08-05 00:00:00-04:00,1.925133439992041,1.9601358661737143,1.9163828334466226,1.951385259628296,61473600,0.0,0.0
1993-08-06 00:00:00-04:00,1.968886888703925,2.0126399306751233,1.955761243159941,2.003889322280884,82009600,0.0,0.0
1993-08-09 00:00:00-04:00,1.9951383788864332,2.073893841210898,1.9688865581116117,2.021390199661255,107350400,0.0,0.0
1993-08-10 00:00:00-04:00,2.0126402796043608,2.0388921093383305,1.986388449870391,1.9907640218734741,48619200,0.0,0.0
1993-08-11 00:00:00-04:00,2.0476420625727227,2.065143276782746,2.038891455467711,2.0563926696777344,71593600,0.0,0.0
1993-08-12 00:00:00-04:00,2.056392557081146,2.0826443769587777,2.0388913438293916,2.0607681274414062,79372800,0.0,0.0
1993-08-13 00:00:00-04:00,2.056392241721373,2.1001452681409765,2.056392241721373,2.0913946628570557,68516800,0.0,0.0
1993-08-16 00:00:00-04:00,2.0913955376461835,2.257657107584583,2.082644928702057,2.253282070159912,175865600,0.0,0.0
1993-08-17 00:00:00-04:00,2.2314051252145033,2.3014099918878994,2.2226545168803287,2.275158166885376,97726400,0.0,0.0
1993-08-18 00:00:00-04:00,2.3189115888289824,2.3539140279056463,2.2751585399831527,2.2926597595214844,99955200,0.0,0.0
1993-08-19 00:00:00-04:00,2.283908008597791,2.301409219391644,2.218278735168127,2.240154981613159,64408000,0.0,0.0
1993-08-20 00:00:00-04:00,2.2401561063878677,2.301410374921911,2.187652447644402,2.23140549659729,72768000,0.0,0.0
1993-08-23 00:00:00-04:00,2.2051545005828026,2.2970362051546047,2.1657770086913426,2.2489075660705566,71700800,0.0,0.0
1993-08-24 00:00:00-04:00,2.2270308690745795,2.2576577419371118,2.2051540735199695,2.2226552963256836,65600000,0.0,0.0
1993-08-25 00:00:00-04:00,2.213903212547302,2.2489056348800656,2.1570245433038506,2.1876513957977295,56712000,0.0,0.0
1993-08-26 00:00:00-04:00,2.178900890896481,2.2401551328092335,2.143898466946337,2.2182788848876953,54320000,0.0,0.0
1993-08-27 00:00:00-04:00,2.21390314853533,2.248905569856047,2.1876513325447924,2.227029323577881,27264000,0.0,0.0
1993-08-30 00:00:00-04:00,2.2226537708193064,2.2664067978039384,2.2226537708193064,2.240154981613159,29600000,0.0,0.0
1993-08-31 00:00:00-04:00,2.2445325265692997,2.257658179168107,2.213905113680353,2.2489075660705566,31971200,0.0,0.0
1993-09-01 00:00:00-04:00,2.231405907728541,2.2489071305342545,2.1964034621171127,2.2226552963256836,45500800,0.0,0.0
1993-09-02 00:00:00-04:00,2.2051539421081543,2.2226551638709173,2.1964033312267723,2.2051539421081543,30043200,0.0,0.0
1993-09-03 00:00:00-04:00,2.1876512295696364,2.2051524394061937,2.178900624651358,2.196401834487915,27585600,0.0,0.0
1993-09-07 00:00:00-04:00,2.2051527038697274,2.2401551277406755,2.1526490680633055,2.1701502799987793,35488000,0.0,0.0
1993-09-08 00:00:00-04:00,2.1526502768198648,2.213904552989536,2.1088972224129567,2.2051539421081543,86782400,0.0,0.0
1993-09-09 00:00:00-04:00,2.2226542156175295,2.2926590728023335,2.1876517870251275,2.2664072513580322,82708800,0.0,0.0
1993-09-10 00:00:00-04:00,2.3014103692906507,2.3364128083673146,2.2751585399831527,2.2926597595214844,74587200,0.0,0.0
1993-09-13 00:00:00-04:00,2.283908465654233,2.3101602870985345,2.2664072513580322,2.2664072513580322,30587200,0.0,0.0
1993-09-14 00:00:00-04:00,2.2226535548334536,2.235779728700594,2.161399323007335,2.2139029502868652,98814400,0.0,0.0
1993-09-15 00:00:00-04:00,2.2226538717864375,2.2751575065530463,2.196402054403133,2.270782470703125,90660800,0.0,0.0
1993-09-16 00:00:00-04:00,2.257656192407012,2.2664067978039384,2.2314043762162328,2.240154981613159,33553600,0.0,0.0
1993-09-17 00:00:00-04:00,2.213905113680353,2.266408792265658,2.2051545005828026,2.2489075660705566,47414400,0.0,0.0
1993-09-20 00:00:00-04:00,2.2664072087079936,2.336412064575422,2.2489059947411363,2.2795333862304688,54420800,0.0,0.0
1993-09-21 00:00:00-04:00,2.283907413482666,2.327660429066625,2.231403794781915,2.283907413482666,60798400,0.0,0.0
1993-09-22 00:00:00-04:00,2.292658593131707,2.3714140409873763,2.292658593131707,2.353912830352783,75945600,0.0,0.0
1993-09-23 00:00:00-04:00,2.3670389428742253,2.415167003801251,2.3539127681975964,2.3932907581329346,56939200,0.0,0.0
1993-09-24 00:00:00-04:00,2.39766771143133,2.432670159773393,2.3626652630892666,2.4064183235168457,44264000,0.0,0.0
1993-09-27 00:00:00-04:00,2.415167568723898,2.4982986035352823,2.415167568723898,2.4632961750030518,62544000,0.0,0.0
1993-09-28 00:00:00-04:00,2.4851725207980966,2.5464267730712895,2.441419483460102,2.546426773071289,68897600,0.0,0.0
1993-09-29 00:00:00-04:00,2.5726780175349004,2.5989298340403586,2.533300559824,2.563927412033081,106225600,0.0,0.0
1993-09-30 00:00:00-04:00,2.546427671142686,2.546427671142686,2.467672176158892,2.4764227867126465,68577600,0.0,0.0
1993-10-01 00:00:00-04:00,2.5026738039434773,2.581429273298342,2.485172588531285,2.5551774501800537,81172800,0.0,0.0
1993-10-04 00:00:00-04:00,2.4939231282656955,2.5858047737228316,2.4851725207980966,2.546426773071289,56750400,0.0,0.0
1993-10-05 00:00:00-04:00,2.5289269821984424,2.5420531678386653,2.406418408666338,2.45017147064209,142361600,0.0,0.0
1993-10-06 00:00:00-04:00,2.467671284176382,2.502673713739168,2.4239182472229004,2.4239182472229004,86118400,0.0,0.0
1993-10-07 00:00:00-04:00,2.4151689356023613,2.4151689356023613,2.358290224093997,2.4064183235168457,105950400,0.0,0.0
1993-10-08 00:00:00-04:00,2.4151681479185925,2.458921194076538,2.3845412826554315,2.458921194076538,82057600,0.0,0.0
1993-10-11 00:00:00-04:00,2.47642256467397,2.5026743939814677,2.2839091497523185,2.2926597595214844,322280000,0.0,0.0
1993-10-12 00:00:00-04:00,2.310160600222074,2.345163033558772,2.2664075585512014,2.275158166885376,212414400,0.0,0.0
1993-10-13 00:00:00-04:00,2.2226552963256836,2.2489071305342545,2.1526504051028277,2.2226552963256836,200088000,0.0,0.0
1993-10-14 00:00:00-04:00,2.2401554299137305,2.283908465654233,2.2226542156175295,2.2664072513580322,71899200,0.0,0.0
1993-10-15 00:00:00-04:00,2.318910894246635,2.3232864648680227,2.2576566442099315,2.2664072513580322,89185600,0.0,0.0
1993-10-18 00:00:00-04:00,2.2839094400405884,2.29266005092197,2.1964033312267723,2.2051539421081543,77270400,0.0,0.0
1993-10-19 00:00:00-04:00,2.196401929280844,2.2314043504646026,2.165775077792336,2.178900718688965,83560000,0.0,0.0
1993-10-20 00:00:00-04:00,2.178900624651358,2.2226536492427504,2.178900624651358,2.196401834487915,64544000,0.0,0.0
1993-10-21 00:00:00-04:00,2.187652181285296,2.2664076598115668,2.1614003551098726,2.257657051086426,61107200,0.0,0.0
1993-10-22 00:00:00-04:00,2.266408792265658,2.301411244655861,2.2314063398754547,2.2489075660705566,56268800,0.0,0.0
1993-10-25 00:00:00-04:00,2.2532827032831504,2.2664083533399686,2.1964034621171127,2.2226552963256836,37923200,0.0,0.0
1993-10-26 00:00:00-04:00,2.215648586609784,2.255057623194657,2.1981335780199833,2.233163595199585,51344000,0.003125,0.0
1993-10-27 00:00:00-04:00,2.2331631460855172,2.2769506587538606,2.224405643551848,2.2594356536865234,37292800,0.0,0.0
1993-10-28 00:00:00-04:00,2.206891705670695,2.241921732744833,2.1893766921336257,2.2244067192077637,60920000,0.0,0.0
1993-10-29 00:00:00-04:00,2.22440519822916,2.2506777005704492,2.1981326958878706,2.2156476974487305,40308800,0.0,0.0
1993-11-01 00:00:00-05:00,2.2156476974487305,2.23316269900959,2.1981326958878706,2.2156476974487305,28537600,0.0,0.0
1993-11-02 00:00:00-05:00,2.215647515072766,2.233162515191918,2.189375014894037,2.1981325149536133,55489600,0.0,0.0
1993-11-03 00:00:00-05:00,2.1893757518164225,2.2068907578309536,2.119315727758297,2.1324522495269775,124995200,0.0,0.0
1993-11-04 00:00:00-05:00,2.1368303258540267,2.1368303258540267,2.031740309828419,2.066770315170288,128688000,0.0,0.0
1993-11-05 00:00:00-05:00,2.0492561481617115,2.1368311972284513,2.0361201580595405,2.1280736923217773,83112000,0.0,0.0
1993-11-08 00:00:00-05:00,2.128071981668472,2.1368294795354204,2.0930419902006783,2.101799488067627,42608000,0.0,0.0
1993-11-09 00:00:00-05:00,2.1280733034258983,2.1806183232635745,2.1280733034258983,2.1368308067321777,71232000,0.0,0.0
1993-11-10 00:00:00-05:00,2.1893766921336257,2.2331642259762985,2.171861678596557,2.2244067192077637,95024000,0.0,0.0
1993-11-11 00:00:00-05:00,2.215648586609784,2.259436108084286,2.215648586609784,2.233163595199585,51193600,0.0,0.0
1993-11-12 00:00:00-05:00,2.233162515191918,2.233162515191918,2.189375014894037,2.1981325149536133,47713600,0.0,0.0
1993-11-15 00:00:00-05:00,2.19813196460406,2.19813196460406,2.0930419902006783,2.101799488067627,88811200,0.0,0.0
1993-11-16 00:00:00-05:00,2.1018003826298988,2.1280728874127726,2.04049787146986,2.1193153858184814,85782400,0.0,0.0
1993-11-17 00:00:00-05:00,2.154345749536891,2.163103252583789,2.049255712974116,2.062392234802246,90747200,0.0,0.0
1993-11-18 00:00:00-05:00,2.0755283490961327,2.101800859844185,2.014225824017344,2.02736234664917,140396800,0.0,0.0
1993-11-19 00:00:00-05:00,2.027362838961168,2.058013841685859,1.9791962903021452,1.9923328161239624,97624000,0.0,0.0
1993-11-22 00:00:00-05:00,1.97043820567753,2.031740727631942,1.97043820567753,2.014225721359253,76011200,0.0,0.0
1993-11-23 00:00:00-05:00,2.040498209927218,2.0842857251617075,2.03174070688032,2.062392234802246,62088000,0.0,0.0
1993-11-24 00:00:00-05:00,2.08428449233373,2.1193144838015234,2.0755269944667813,2.101799488067627,55235200,0.0,0.0
1993-11-26 00:00:00-05:00,2.1324515739925345,2.136830056851336,2.106179073293543,2.1105575561523438,14734400,0.0,0.0
1993-11-29 00:00:00-05:00,2.1455893390756704,2.163104354088533,2.0930442940370826,2.0974233150482178,58473600,0.0,0.0
1993-11-30 00:00:00-05:00,2.1018002672893243,2.163102775085263,2.0842852650619133,2.1543452739715576,63641600,0.0,0.0
1993-12-01 00:00:00-05:00,2.163102514715309,2.224405015132342,2.154345014655733,2.1981325149536133,85136000,0.0,0.0
1993-12-02 00:00:00-05:00,2.1893767610428827,2.2156492821753972,2.1543467328661965,2.2068917751312256,47347200,0.0,0.0
1993-12-03 00:00:00-05:00,2.2244067192077637,2.2331642259762985,2.1893766921336257,2.2244067192077637,45374400,0.0,0.0
1993-12-06 00:00:00-05:00,1.9967109335570774,2.088664993807653,1.9791959253679803,2.0842859745025635,269475200,0.0,0.0
1993-12-07 00:00:00-05:00,2.093042925875318,2.128072933002938,2.049255416965792,2.079906940460205,98324800,0.0,0.0
1993-12-08 00:00:00-05:00,2.0755284704080146,2.1018009826916604,2.066770966313466,2.0842859745025635,53771200,0.0,0.0
1993-12-09 00:00:00-05:00,2.049255911646218,2.058013415542142,2.005468392166598,2.03174090385437,77976000,0.0,0.0
1993-12-10 00:00:00-05:00,2.03174015045166,2.0361191680336197,1.9704376459121706,1.9704376459121704,68502400,0.0,0.0
1993-12-13 00:00:00-05:00,1.9923322307761775,2.0229832244955976,1.9879532119502192,2.014225721359253,55952000,0.0,0.0
1993-12-14 00:00:00-05:00,2.014225721359253,2.031740727631942,1.9879532119502192,2.014225721359253,50587200,0.0,0.0
1993-12-15 00:00:00-05:00,2.031740691814017,2.066770703741845,2.014225685850103,2.0580132007598877,59876800,0.0,0.0
1993-12-16 00:00:00-05:00,2.066770703741845,2.0930432126877156,2.0492556977779306,2.0580132007598877,46481600,0.0,0.0
1993-12-17 00:00:00-05:00,2.066770919438066,2.084285927229914,2.014225896062522,2.03174090385437,58496000,0.0,0.0
1993-12-20 00:00:00-05:00,2.0404978695078793,2.0580128726796207,2.0098468812150703,2.04925537109375,37140800,0.0,0.0
1993-12-21 00:00:00-05:00,2.0361199692403615,2.088664993807653,2.027362465145813,2.0842859745025635,54096000,0.0,0.0
1993-12-22 00:00:00-05:00,2.0842855816427996,2.18061810852545,2.0842855816427996,2.1631031036376953,95432000,0.0,0.0
1993-12-23 00:00:00-05:00,2.18061749640697,2.2068899963636803,2.1631024964358296,2.176239013671875,66342400,0.0,0.0
1993-12-27 00:00:00-05:00,2.180617514834461,2.20689001501319,2.171860014774885,2.1981325149536133,29566400,0.0,0.0
1993-12-28 00:00:00-05:00,2.241920232772827,2.2681927355006337,2.2244052309542894,2.241920232772827,79996800,0.0,0.0
1993-12-29 00:00:00-05:00,2.22440560338623,2.2419206081373027,2.2068905986351575,2.2112696170806885,53526400,0.0,0.0
1993-12-30 00:00:00-05:00,2.2156492821753972,2.224406789219569,2.1893767610428827,2.2068917751312256,31067200,0.0,0.0
1993-12-31 00:00:00-05:00,2.198132720685774,2.2156477224442264,2.1718602180480957,2.1718602180480957,27342400,0.0,0.0
1994-01-03 00:00:00-05:00,2.1806181703295024,2.1806181703295024,2.1280731541769846,2.1455881595611572,45019200,0.0,0.0
1994-01-04 00:00:00-05:00,2.1455885522505813,2.233163595199585,2.128073543660781,2.233163595199585,59249600,0.0,0.0
1994-01-05 00:00:00-05:00,2.233164240877916,2.268194268185805,2.198134213570027,2.2506792545318604,74617600,0.0,0.0
1994-01-06 00:00:00-05:00,2.2681927355006337,2.2681927355006337,2.2244052309542894,2.241920232772827,50016000,0.0,0.0
1994-01-07 00:00:00-05:00,2.2244065457331046,2.3163606268893964,2.206891533561978,2.307603120803833,99614400,0.0,0.0
1994-01-10 00:00:00-05:00,2.311980838206277,2.347010850906372,2.285708328681206,2.347010850906372,71112000,0.0,0.0
1994-01-11 00:00:00-05:00,2.3426332337995053,2.3470117197501077,2.3032241876652177,2.33825421333313,47896000,0.0,0.0
1994-01-12 00:00:00-05:00,2.3995553709313575,2.4083128722851215,2.347010362808773,2.395176887512207,100625600,0.0,0.0
1994-01-13 00:00:00-05:00,2.382040023803711,2.3907975238912247,2.35576752354117,2.382040023803711,52372800,0.0,0.0
1994-01-14 00:00:00-05:00,2.4083129463404633,2.425827949586576,2.386419459540563,2.3995554447174072,65032000,0.0,0.0
1994-01-17 00:00:00-05:00,2.3907971121230216,2.408312109281432,2.307601142878219,2.32073712348938,79582400,0.0,0.0
1994-01-18 00:00:00-05:00,2.325116741203703,2.399555231115632,2.2857077201502918,2.3557677268981934,111531200,0.0,0.0
1994-01-19 00:00:00-05:00,2.206890403747559,2.259435413360596,2.1587244121933473,2.189375400543213,378345600,0.0,0.0
1994-01-20 00:00:00-05:00,2.1981335780199833,2.241921099494485,2.189376073725083,2.233163595199585,122884800,0.0,0.0
1994-01-21 00:00:00-05:00,2.2506781062907795,2.285708115727212,2.2419206039316713,2.28132963180542,146251200,0.0,0.0
1994-01-24 00:00:00-05:00,2.268193978389711,2.294466495513916,2.2550579870854732,2.294466495513916,82800000,0.0,0.0
1994-01-25 00:00:00-05:00,2.285708115727212,2.290087134164528,2.2594356086498872,2.28132963180542,65334400,0.0,0.0
1994-01-26 00:00:00-05:00,2.2304961681365967,2.261170696950053,2.208585331904703,2.2304961681365967,115091200,0.003125,0.0
1994-01-27 00:00:00-05:00,2.2348790873813256,2.269936014242209,2.226114855666105,2.2524075508117676,86779200,0.0,0.0
1994-01-28 00:00:00-05:00,2.243642240306277,2.287463377812259,2.243642240306277,2.283081531524658,64619200,0.0,0.0
1994-01-31 00:00:00-05:00,2.2962283722742307,2.3225210635598135,2.287464141845703,2.287464141845703,55323200,0.0,0.0
1994-02-01 00:00:00-05:00,2.2786995505239402,2.2786995505239402,2.2436426343620335,2.2655534744262695,79480000,0.0,0.0
1994-02-02 00:00:00-05:00,2.269935680988648,2.3049926027027583,2.252407220131593,2.287464141845703,50043200,0.0,0.0
1994-02-03 00:00:00-05:00,2.261171881860424,2.269936113960658,2.2085864892590186,2.217350721359253,79310400,0.0,0.0
1994-02-04 00:00:00-05:00,2.2085860325739937,2.2348787234379697,2.138472190270057,2.164764881134033,107251200,0.0,0.0
1994-02-07 00:00:00-05:00,2.1560009237258666,2.191057849314905,2.120943998136828,2.1735293865203857,122084800,0.0,0.0
1994-02-08 00:00:00-05:00,2.173529362115334,2.234878981207299,2.15600089951763,2.2261147499084473,80348800,0.0,0.0
1994-02-09 00:00:00-05:00,2.234879719474214,2.2611724220562635,2.2217336356463906,2.239262104034424,65460800,0.0,0.0
1994-02-10 00:00:00-05:00,2.2436424036439315,2.2436424036439315,2.1691467319234587,2.212967872619629,61980800,0.0,0.0
1994-02-11 00:00:00-05:00,2.208586793787339,2.2436437270220586,2.195440711287494,2.234879493713379,44897600,0.0,0.0
1994-02-14 00:00:00-05:00,2.226115485280197,2.24364395366823,2.2173512510861806,2.239262104034424,34208000,0.0,0.0
1994-02-15 00:00:00-05:00,2.2436427189753605,2.287463865830348,2.2436427189753605,2.2786996364593506,74606400,0.0,0.0
1994-02-16 00:00:00-05:00,2.287464855322197,2.357578720619429,2.287464855322197,2.3488144874572754,131868800,0.0,0.0
1994-02-17 00:00:00-05:00,2.35757985778321,2.3751083325622675,2.304994433446038,2.331287145614624,85875200,0.0,0.0
1994-02-18 00:00:00-05:00,2.3312859874539607,2.357578686560584,2.296229055311796,2.340050220489502,70128000,0.0,0.0
1994-02-22 00:00:00-05:00,2.3488142533735794,2.4101638793945312,2.31375732421875,2.4101638793945312,84729600,0.0,0.0
1994-02-23 00:00:00-05:00,2.40139960080622,2.427692297165412,2.392635368686489,2.4057819843292236,70916800,0.0,0.0
1994-02-24 00:00:00-05:00,2.3838708040019245,2.4013992657960563,2.3575781113107266,2.3751065731048584,68147200,0.0,0.0
1994-02-25 00:00:00-05:00,2.3926355838775635,2.3926355838775635,2.357578652245658,2.3926355838775635,37526400,0.0,0.0
1994-02-28 00:00:00-05:00,2.3926354148171165,2.427692343971946,2.383871182528409,2.4101638793945312,40136000,0.0,0.0
1994-03-01 00:00:00-05:00,2.4145464687547684,2.418928317809373,2.3225217544184193,2.340050220489502,70532800,0.0,0.0
1994-03-02 00:00:00-05:00,2.3137572396218204,2.340049935526614,2.287464543717027,2.3356680870056152,98539200,0.0,0.0
1994-03-03 00:00:00-05:00,2.331285453894559,2.3926350711023106,2.331285453894559,2.383870840072632,67772800,0.0,0.0
1994-03-04 00:00:00-05:00,2.3970178890991116,2.462749366287767,2.3926355053258375,2.4408390522003174,115670400,0.0,0.0
1994-03-07 00:00:00-05:00,2.453983741894103,2.506569107791834,2.453983741894103,2.497804880142212,115785600,0.0,0.0
1994-03-08 00:00:00-05:00,2.4978074420888516,2.515335915366668,2.4539862588943104,2.480278968811035,80302400,0.0,0.0
1994-03-09 00:00:00-05:00,2.5197169430203283,2.5240987915146866,2.4802776319397792,2.5109527111053467,93449600,0.0,0.0
1994-03-10 00:00:00-05:00,2.506569870150711,2.5153341004659233,2.392634876052951,2.458366870880127,121915200,0.0,0.0
1994-03-11 00:00:00-05:00,2.4364565292851426,2.4452207614048733,2.40139960080622,2.4057819843292236,130089600,0.0,0.0
1994-03-14 00:00:00-05:00,2.4057822007026908,2.462749447141375,2.3838713509695872,2.4539852142333984,49107200,0.0,0.0
1994-03-15 00:00:00-05:00,2.462747969543725,2.5240975630910776,2.453983741894103,2.497804880142212,82566400,0.0,0.0
1994-03-16 00:00:00-05:00,2.510951795679027,2.5284802531185804,2.4978051851363277,2.5197160243988037,55592000,0.0,0.0
1994-03-17 00:00:00-05:00,2.550391844812149,2.5766845442432023,2.5328633785247803,2.5328633785247803,66323200,0.0,0.0
1994-03-18 00:00:00-05:00,2.5240986347198486,2.541627097460959,2.4978059406081834,2.5240986347198486,46584000,0.0,0.0
1994-03-21 00:00:00-05:00,2.5153349122374116,2.5591560779558336,2.5065706790937274,2.5328633785247803,48179200,0.0,0.0
1994-03-22 00:00:00-05:00,2.5328628660904036,2.559155560202069,2.5065701719787388,2.5240986347198486,40993600,0.0,0.0
1994-03-23 00:00:00-05:00,2.5153331356448727,2.5328615895518056,2.49780468173794,2.5065689086914062,32636800,0.0,0.0
1994-03-24 00:00:00-05:00,2.4978061715054767,2.4978061715054767,2.445220778421151,2.4627492427825928,46440000,0.0,0.0
1994-03-25 00:00:00-05:00,2.453984462232145,2.4715129226766606,2.423309923917324,2.4452202320098877,37299200,0.0,0.0
1994-03-28 00:00:00-05:00,2.4364565292851426,2.453984993524604,2.3751069044470277,2.4057819843292236,62891200,0.0,0.0
1994-03-29 00:00:00-05:00,2.4189279988126935,2.4276922306924495,2.3137572162556195,2.322521448135376,49953600,0.0,0.0
1994-03-30 00:00:00-05:00,2.3137572162556195,2.3663426075341563,2.2874645206163513,2.322521448135376,83126400,0.0,0.0
1994-03-31 00:00:00-05:00,2.3400491423077057,2.3663418292999268,2.2786995393258556,2.3663418292999268,66886400,0.0,0.0
1994-04-04 00:00:00-04:00,2.2962286569815142,2.3751067406182838,2.2787001939511207,2.3575782775878906,67182400,0.0,0.0
1994-04-05 00:00:00-04:00,2.4013996471058237,2.418928111683239,2.3751069502397018,2.4101638793945312,80224000,0.0,0.0
1994-04-06 00:00:00-04:00,2.427692435806802,2.4539851336675254,2.3926355053258375,2.4408390522003174,53240000,0.0,0.0
1994-04-07 00:00:00-04:00,2.4452198594117442,2.480276774958866,2.436455630524964,2.4758949279785156,42585600,0.0,0.0
1994-04-08 00:00:00-04:00,2.4715133217186924,2.4890417849932933,2.3926352369829895,2.432074546813965,51513600,0.0,0.0
1994-04-11 00:00:00-04:00,2.392634270092391,2.4364554105702734,2.3838700419968144,2.4255003929138184,38897600,0.0,0.0
1994-04-12 00:00:00-04:00,2.4013992135515685,2.418927674964354,2.287464214368465,2.30499267578125,109715200,0.0,0.0
1994-04-13 00:00:00-04:00,2.3225218268001777,2.3400502934175376,2.208586793787339,2.234879493713379,132027200,0.0,0.0
1994-04-14 00:00:00-04:00,2.173529290245322,2.226114676299644,2.0946512111638382,2.0990335941314697,194646400,0.0,0.0
1994-04-15 00:00:00-04:00,2.094650983810425,2.1297079040415614,2.0595940635792878,2.094650983810425,117724800,0.0,0.0
1994-04-18 00:00:00-04:00,2.138472687484872,2.1472369198106294,2.0420661319015374,2.050830364227295,111616000,0.0,0.0
1994-04-19 00:00:00-04:00,2.094652125109797,2.1034163599428926,1.980717072279557,2.0157740116119385,174624000,0.0,0.0
1994-04-20 00:00:00-04:00,2.0420667161112247,2.05083095094432,1.9631886026133663,2.0157740116119385,123905600,0.0,0.0
1994-04-21 00:00:00-04:00,2.033300755924209,2.1297072572826843,2.024536528527984,2.1121788024902344,98814400,0.0,0.0
1994-04-22 00:00:00-04:00,2.1384729206443236,2.184485011639715,2.10286795547575,2.116562604904175,108148800,0.0,0.0
1994-04-25 00:00:00-04:00,2.1227013911160246,2.210416324633216,2.1139298977643057,2.20603084564209,63505600,0.003125,0.0
1994-04-26 00:00:00-04:00,2.201645223519548,2.2279597082628095,2.184102233690707,2.2191882133483887,62323200,0.0,0.0
1994-04-28 00:00:00-04:00,2.170945477798166,2.1928739496094525,2.1490164706172634,2.1643667221069336,112075200,0.0,0.0
1994-04-29 00:00:00-04:00,2.1402454376220703,2.1577884330124153,2.0963879491462083,2.1402454376220703,114179200,0.0,0.0
1994-05-02 00:00:00-04:00,2.1314736181054235,2.140245114476228,2.0963876326222066,2.122702121734619,69673600,0.0,0.0
1994-05-03 00:00:00-04:00,2.10515800329487,2.1139294949752654,2.0613005448928936,2.0832295417785645,73451200,0.0,0.0
1994-05-04 00:00:00-04:00,2.105159265616093,2.10954528177097,2.02621579315549,2.054723024368286,92884800,0.0,0.0
1994-05-05 00:00:00-04:00,2.070073123189815,2.08761611575922,2.0349871380510045,2.072265863418579,88276800,0.0,0.0
1994-05-06 00:00:00-04:00,2.0437577204674384,2.0963866746425657,2.0349862281049176,2.094193935394287,95000000,0.0,0.0
1994-05-09 00:00:00-04:00,2.0876154816076635,2.0963869752278637,2.052529507126862,2.056915521621704,39670400,0.0,0.0
1994-05-10 00:00:00-04:00,2.061302656886958,2.0963886595573746,2.052531156219354,2.0876171588897705,43139200,0.0,0.0
1994-05-11 00:00:00-04:00,2.0700741575545623,2.1051601602249788,2.061302656886958,2.0876171588897705,77270400,0.0,0.0
1994-05-12 00:00:00-04:00,2.0963877686760264,2.105159265616093,2.052530283975691,2.054723024368286,64660800,0.0,0.0
1994-05-13 00:00:00-04:00,2.061301555218381,2.061301555218381,1.9823580914015067,2.048144578933716,103390400,0.0,0.0
1994-05-16 00:00:00-04:00,2.0525308463884437,2.0525308463884437,2.008673349670742,2.0174448490142822,60310400,0.0,0.0
1994-05-17 00:00:00-04:00,2.0174436712469666,2.048144168711572,1.9823576943557148,2.0437581539154053,77771200,0.0,0.0
1994-05-18 00:00:00-04:00,2.061302111309801,2.0700736096558,2.0349876162718035,2.067880868911743,43412800,0.0,0.0
1994-05-19 00:00:00-04:00,2.070072759987844,2.131473223207822,2.070072759987844,2.1095447540283203,65323200,0.0,0.0
1994-05-20 00:00:00-04:00,2.0963878631591797,2.122702355165362,2.0963878631591797,2.0963878631591797,29838400,0.0,0.0
1994-05-23 00:00:00-04:00,2.1051601602249788,2.115027964633555,2.0700741575545623,2.0876171588897705,37553600,0.0,0.0
1994-05-24 00:00:00-04:00,2.0963873339862356,2.157787799835205,2.0963873339862356,2.157787799835205,50296000,0.0,0.0
1994-05-25 00:00:00-04:00,2.1490163803100586,2.1577878757398956,2.1139303985907105,2.1490163803100586,47451200,0.0,0.0
1994-05-26 00:00:00-04:00,2.1534026267172597,2.1753310999594446,2.105159128993011,2.122702121734619,37595200,0.0,0.0
1994-05-27 00:00:00-04:00,2.1051588374482333,2.1577878083844393,2.096387342292199,2.153402328491211,34795200,0.0,0.0
1994-05-31 00:00:00-04:00,2.1490153074264526,2.201644253730774,2.1402438163757327,2.1928727626800537,43118400,0.0,0.0
1994-06-01 00:00:00-04:00,2.1928736491820255,2.2805885951493066,2.1841021545852977,2.266883134841919,85726400,0.0,0.0
1994-06-02 00:00:00-04:00,2.263044834136963,2.271816325742145,2.245501850926599,2.263044834136963,56038400,0.0,0.0
1994-06-03 00:00:00-04:00,2.2630479619616555,2.271819465690189,2.197261951682704,2.210418939590454,41028800,0.0,0.0
1994-06-06 00:00:00-04:00,2.210416941206328,2.210416941206328,2.1621739819997283,2.1643667221069336,43531200,0.0,0.0
1994-06-07 00:00:00-04:00,2.157787799835205,2.184102285199049,2.1402448095926423,2.157787799835205,35750400,0.0,0.0
1994-06-08 00:00:00-04:00,2.166559841842332,2.166559841842332,2.0788448684883916,2.0963878631591797,91712000,0.0,0.0
1994-06-09 00:00:00-04:00,2.096388099557262,2.1227025945307845,2.048145126457357,2.0700736045837402,97617600,0.0,0.0
1994-06-10 00:00:00-04:00,2.0832314020957043,2.1139313827073627,2.07007388514082,2.104611396789551,42788800,0.0,0.0
1994-06-13 00:00:00-04:00,2.1051601602249788,2.122703161560187,2.078297171745484,2.0876171588897705,30892800,0.0,0.0
1994-06-14 00:00:00-04:00,2.1095449185605895,2.1490163803100586,2.105158903160874,2.1490163803100586,54793600,0.0,0.0
1994-06-15 00:00:00-04:00,2.140244965210276,2.1577879567283933,2.122701973692159,2.138052225112915,39379200,0.0,0.0
1994-06-16 00:00:00-04:00,2.1139306253638153,2.1314736181054235,2.105159128993011,2.122702121734619,32246400,0.0,0.0
1994-06-17 00:00:00-04:00,2.1051571369171143,2.12270011305809,2.07884267270565,2.1051571369171143,44625600,0.0,0.0
1994-06-20 00:00:00-04:00,2.087615406726047,2.096386900031619,2.0525294335037607,2.0656869411468506,38841600,0.0,0.0
1994-06-21 00:00:00-04:00,2.0525299639537415,2.0613014595261934,2.008672486091482,2.034986972808838,91321600,0.0,0.0
1994-06-22 00:00:00-04:00,2.034987623108342,2.096388111736611,2.034987623108342,2.0920026302337646,63084800,0.0,0.0
1994-06-23 00:00:00-04:00,2.0963875391369915,2.113930531096297,2.0437585632590753,2.048144578933716,51368000,0.0,0.0
1994-06-24 00:00:00-04:00,2.0437585632590753,2.078844547177686,2.0262155712997703,2.048144578933716,56321600,0.0,0.0
1994-06-27 00:00:00-04:00,2.0525303764822094,2.0963878631591797,2.0349873818114212,2.0963878631591797,37275200,0.0,0.0
1994-06-28 00:00:00-04:00,2.1051592055198065,2.14024519227847,2.0700732187611433,2.1139307022094727,62940800,0.0,0.0
1994-06-29 00:00:00-04:00,2.0963865116144746,2.1227009866556608,2.078843528253684,2.0832295417785645,44896000,0.0,0.0
1994-06-30 00:00:00-04:00,2.087616034043141,2.096387529984499,2.05253005027771,2.05253005027771,39889600,0.0,0.0
1994-07-01 00:00:00-04:00,2.065688123106372,2.0788451029082475,2.0262161129612033,2.0700736045837402,58856000,0.0,0.0
1994-07-05 00:00:00-04:00,2.0613022645314536,2.07007376352946,2.0262162685394287,2.0262162685394287,25808000,0.0,0.0
1994-07-06 00:00:00-04:00,2.008672624589112,2.026215616943602,1.9911296322346221,1.9933223724365234,62280000,0.0,0.0
1994-07-07 00:00:00-04:00,2.008124244373328,2.043758717158839,1.9911297373178387,2.030601739883423,60748800,0.0,0.0
1994-07-08 00:00:00-04:00,2.026215114396385,2.0963870664101125,2.0240223747383324,2.074458599090576,73552000,0.0,0.0
1994-07-11 00:00:00-04:00,2.078845081373968,2.1139310743085495,2.0695250968158367,2.108997106552124,67032000,0.0,0.0
1994-07-12 00:00:00-04:00,2.078844254733555,2.1139302337164,2.070072759987844,2.1095447540283203,58731200,0.0,0.0
1994-07-13 00:00:00-04:00,2.122701978876523,2.1665594577789307,2.1139304830960417,2.1665594577789307,77588800,0.0,0.0
1994-07-14 00:00:00-04:00,2.1753307900777674,2.210416770562893,2.157787799835205,2.157787799835205,84035200,0.0,0.0
1994-07-15 00:00:00-04:00,2.157789164230603,2.166560664898207,2.0700741575545623,2.0876171588897705,79921600,0.0,0.0
1994-07-18 00:00:00-04:00,2.078843987987463,2.0963869752278637,2.043209527470658,2.056915521621704,62756800,0.0,0.0
1994-07-19 00:00:00-04:00,2.026214819205435,2.039372325975899,1.9867433696329007,1.9999003410339355,165569600,0.0,0.0
1994-07-20 00:00:00-04:00,2.004287587849332,2.0086730692238937,1.9692015953738053,1.9823585748672485,77054400,0.0,0.0
1994-07-21 00:00:00-04:00,2.0086722246415607,2.0525296967953066,1.9823577413493132,2.051981210708618,60912000,0.0,0.0
1994-07-22 00:00:00-04:00,2.061301710439172,2.070073207079339,2.017444227238339,2.030601739883423,52710400,0.0,0.0
1994-07-25 00:00:00-04:00,2.034986566326183,2.0437580601465544,1.9999005910446968,2.0284078121185303,18638400,0.0,0.0
1994-07-26 00:00:00-04:00,2.02832043294429,2.0458816488139377,2.001978609139819,2.0129542350769043,33662400,0.00375,0.0
1994-07-27 00:00:00-04:00,2.0107597163157593,2.019540326430675,1.9931984960859273,1.9953935146331787,48000000,0.0,0.0
1994-07-28 00:00:00-04:00,2.0019791025803104,2.037101542976456,1.9931984924812738,2.0327115058898926,41201600,0.0,0.0
1994-07-29 00:00:00-04:00,2.03709993483145,2.0897835538357117,2.032709901210505,2.081002950668335,77681600,0.0,0.0
1994-08-01 00:00:00-04:00,2.072223078285319,2.1029554681718796,2.063442472021398,2.094174861907959,61104000,0.0,0.0
1994-08-02 00:00:00-04:00,2.0985657086893292,2.1205175008017405,2.072223879709965,2.089785099029541,49555200,0.0,0.0
1994-08-03 00:00:00-04:00,2.0897841594986994,2.09417473031761,2.0546617366499818,2.072222948074341,32430400,0.0,0.0
1994-08-04 00:00:00-04:00,2.0722236133558782,2.1073460474805543,2.0107593536376953,2.0107593536376953,124724800,0.0,0.0
1994-08-05 00:00:00-04:00,2.0019778054215225,2.0458808274702402,1.9888071667696883,2.0414907932281494,50766400,0.0,0.0
1994-08-08 00:00:00-04:00,2.0019781301761492,2.045881159346679,1.9931975243420434,2.0371005535125732,54396800,0.0,0.0
1994-08-09 00:00:00-04:00,2.03709993483145,2.081002950668335,2.03709993483145,2.081002950668335,65491200,0.0,0.0
1994-08-10 00:00:00-04:00,2.0897842570827594,2.116126075449349,2.0810036509605627,2.098564863204956,73267200,0.0,0.0
1994-08-11 00:00:00-04:00,2.0985654643195217,2.151249116143443,2.0810042470448815,2.1205172538757324,84382400,0.0,0.0
1994-08-12 00:00:00-04:00,2.1336881319126824,2.142468741509031,2.0985656935272887,2.113931894302368,44281600,0.0,0.0
1994-08-15 00:00:00-04:00,2.116127228050075,2.1600302825739353,2.116127228050075,2.133688449859619,43536000,0.0,0.0
1994-08-16 00:00:00-04:00,2.1336872193350835,2.177590248539509,2.116126007653313,2.162224054336548,55131200,0.0,0.0
1994-08-17 00:00:00-04:00,2.177591129377776,2.248385060568969,2.1649690033758384,2.2390553951263428,152499200,0.0,0.0
1994-08-18 00:00:00-04:00,2.2127141837274102,2.2566172429283506,2.2039335718872217,2.2253363132476807,89766400,0.0,0.0
1994-08-19 00:00:00-04:00,2.230274098271767,2.2390547049578764,2.212712884899548,2.228079080581665,45601600,0.0,0.0
1994-08-22 00:00:00-04:00,2.221494176341038,2.247836004518995,2.2127135669483855,2.2390553951263428,45420800,0.0,0.0
1994-08-23 00:00:00-04:00,2.247835270625608,2.282957696729133,2.2390546640997266,2.2566158771514893,73496000,0.0,0.0
1994-08-24 00:00:00-04:00,2.2478357482927094,2.2741775734680147,2.2302745315091728,2.2544214725494385,52176000,0.0,0.0
1994-08-25 00:00:00-04:00,2.247836678844409,2.300520351004825,2.230275454790937,2.2873497009277344,88718400,0.0,0.0
1994-08-26 00:00:00-04:00,2.282957290158127,2.336189975703939,2.282957290158127,2.318079710006714,75104000,0.0,0.0
1994-08-29 00:00:00-04:00,2.3180805697429268,2.3444223943990963,2.308750905547636,2.3224711418151855,52913600,0.0,0.0
1994-08-30 00:00:00-04:00,2.309298612288575,2.3619822308198732,2.2917374061114755,2.3532016277313232,60563200,0.0,0.0
1994-08-31 00:00:00-04:00,2.3356417703084618,2.370764202944679,2.29173872951319,2.309299945831299,80036800,0.0,0.0
1994-09-01 00:00:00-04:00,2.274177090203252,2.282957696729133,2.247835270625608,2.2566158771514893,79297600,0.0,0.0
1994-09-02 00:00:00-04:00,2.269787032651695,2.269787032651695,2.206127234018865,2.2560667991638184,49622400,0.0,0.0
1994-09-06 00:00:00-04:00,2.2390560309092202,2.2939345872332018,2.2214948071373835,2.2917397022247314,42683200,0.0,0.0
1994-09-07 00:00:00-04:00,2.309299833949336,2.3619834803512223,2.2917386184820407,2.331251621246338,68608000,0.0,0.0
1994-09-08 00:00:00-04:00,2.3356423503107258,2.3619841813292677,2.326861739971212,2.348813533782959,46990400,0.0,0.0
1994-09-09 00:00:00-04:00,2.3268611621494073,2.3356417703084618,2.29173872951319,2.309299945831299,50217600,0.0,0.0
1994-09-12 00:00:00-04:00,2.291738415873328,2.291738415873328,2.2390547741291136,2.2653965950012207,56166400,0.0,0.0
1994-09-13 00:00:00-04:00,2.2917397022247314,2.309300925996568,2.282959090338813,2.2917397022247314,47352000,0.0,0.0
1994-09-14 00:00:00-04:00,2.3005195015324724,2.3005195015324724,2.256616457610097,2.2961294651031494,45987200,0.0,0.0
1994-09-15 00:00:00-04:00,2.300518009200025,2.3532016277313232,2.2917374061114755,2.3532016277313232,49217600,0.0,0.0
1994-09-16 00:00:00-04:00,2.3356423503107258,2.3663747544619866,2.3180811296316977,2.348813533782959,85193600,0.0,0.0
1994-09-19 00:00:00-04:00,2.3532024546626777,2.39710548553325,2.348812419538455,2.361983060836792,74740800,0.0,0.0
1994-09-20 00:00:00-04:00,2.3619827348174467,2.3707633397795935,2.318079710006714,2.318079710006714,59296000,0.0,0.0
1994-09-21 00:00:00-04:00,2.3093001103169475,2.3268613278858976,2.265397066394572,2.2961294651031494,59592000,0.0,0.0
1994-09-22 00:00:00-04:00,2.291738415873328,2.309299629788066,2.2653965950012207,2.2653965950012207,50720000,0.0,0.0
1994-09-23 00:00:00-04:00,2.247836267524086,2.256616877944102,2.212713825844022,2.221494436264038,79188800,0.0,0.0
1994-09-26 00:00:00-04:00,2.2214935331752224,2.2302741400257173,2.1951517126237374,2.199542284011841,50444800,0.0,0.0
1994-09-27 00:00:00-04:00,2.1951522827148438,2.203932891845703,2.1770420084195212,2.1951522827148438,45953600,0.0,0.0
1994-09-28 00:00:00-04:00,2.2039336644537078,2.221494888871666,2.151249991199834,2.1600306034088135,76886400,0.0,0.0
1994-09-29 00:00:00-04:00,2.1424690480299575,2.168810880587703,2.10734660461963,2.1644208431243896,120750400,0.0,0.0
1994-09-30 00:00:00-04:00,2.1688112156177923,2.2039336644537078,2.159481547182733,2.1600306034088135,62713600,0.0,0.0
1994-10-03 00:00:00-04:00,2.168810185555106,2.1775907935937906,2.1073459292843135,2.116126537322998,74857600,0.0,0.0
1994-10-04 00:00:00-04:00,2.116126006019526,2.1249066118536324,2.036551497685117,2.0371005535125732,131020800,0.0,0.0
1994-10-05 00:00:00-04:00,2.028320746726178,2.0766143658016363,2.0151501007493278,2.063443183898926,137651200,0.0,0.0
1994-10-06 00:00:00-04:00,2.0897845374982045,2.0897845374982045,2.063442715596967,2.070028305053711,51171200,0.0,0.0
1994-10-07 00:00:00-04:00,2.089784281490785,2.107345493940288,2.081003675266034,2.0875892639160156,48296000,0.0,0.0
1994-10-10 00:00:00-04:00,2.0985653291363198,2.1336877614231198,2.0897847210646194,2.1227121353149414,51798400,0.0,0.0
1994-10-11 00:00:00-04:00,2.160030173861291,2.186372005249843,2.116127121547037,2.1249077320098877,90243200,0.0,0.0
1994-10-12 00:00:00-04:00,2.124906681571545,2.124906681571545,2.06344243871617,2.098564863204956,70923200,0.0,0.0
1994-10-13 00:00:00-04:00,2.129297433266545,2.1342365246293626,2.0546620069322192,2.067833185195923,85880000,0.0,0.0
1994-10-14 00:00:00-04:00,2.0546622276306152,2.0722234432513895,2.0283204041994534,2.0546622276306152,80108800,0.0,0.0
1994-10-17 00:00:00-04:00,2.054661774867481,2.0810035924939876,2.019539351365473,2.0436861515045166,115003200,0.0,0.0
1994-10-18 00:00:00-04:00,2.028321004220856,2.0722240562602687,2.0173453751924852,2.045882225036621,158881600,0.0,0.0
1994-10-19 00:00:00-04:00,2.054661476612091,2.1287478279322385,2.045880872011185,2.1073451042175293,114928000,0.0,0.0
1994-10-20 00:00:00-04:00,2.1336871553218915,2.142467760899348,2.107345338589522,2.1314921379089355,63633600,0.0,0.0
1994-10-21 00:00:00-04:00,2.1117370842785776,2.1336883424727384,2.1029564738157265,2.1249077320098877,66188800,0.0,0.0
1994-10-24 00:00:00-04:00,2.1205175008017405,2.1205175008017405,2.0853950621625885,2.089785099029541,39640000,0.0,0.0
1994-10-25 00:00:00-04:00,2.081003930197792,2.0853945018108675,2.0414914653088045,2.070028305053711,57174400,0.0,0.0
1994-10-26 00:00:00-04:00,2.0743350346883136,2.1094932556152344,2.0743350346883136,2.1094932556152344,42401600,0.00375,0.0
1994-10-27 00:00:00-04:00,2.1094939334333436,2.140257654865271,2.105099422641382,2.127073049545288,51136000,0.0,0.0
1994-10-28 00:00:00-04:00,2.122678180431024,2.192994633008914,2.122678180431024,2.1885995864868164,94200000,0.0,0.0
1994-10-31 00:00:00-05:00,2.197388881873531,2.214967992928519,2.1754152612907434,2.1842048168182373,54417600,0.0,0.0
1994-11-01 00:00:00-05:00,2.1754153102574416,2.1798098198841576,2.1534411527081394,2.1578361988067627,27600000,0.0,0.0
1994-11-02 00:00:00-05:00,2.162230899810791,2.241336908340454,2.1490468332918247,2.1973891258239746,95214400,0.0,0.0
1994-11-03 00:00:00-05:00,2.219912377729527,2.2243074242436145,2.162230912829354,2.175415515899658,80884800,0.0,0.0
1994-11-04 00:00:00-05:00,2.1754156217808265,2.184205178764846,2.122678279876709,2.122678279876709,38507200,0.0,0.0
1994-11-07 00:00:00-05:00,2.1226782975969463,2.135862364947045,2.100704136717464,2.113888740539551,48134400,0.0,0.0
1994-11-08 00:00:00-05:00,2.118833098690389,2.144652157141261,2.1007043670359073,2.1380598545074463,64792000,0.0,0.0
1994-11-09 00:00:00-05:00,2.1534414291381836,2.166626032654609,2.122678248386483,2.1534414291381836,49923200,0.0,0.0
1994-11-10 00:00:00-05:00,2.122678227585703,2.1490468978881836,2.1182831809659706,2.1490468978881836,54604800,0.0,0.0
1994-11-11 00:00:00-05:00,2.140257854928613,2.162231483886532,2.1270732483761816,2.1314682960510254,28195200,0.0,0.0
1994-11-14 00:00:00-05:00,2.1446518036256355,2.1924450174871697,2.1314677370032604,2.1885995864868164,38176000,0.0,0.0
1994-11-15 00:00:00-05:00,2.1885986851632326,2.2105728357802583,2.160032772185663,2.1644272804260254,63422400,0.0,0.0
1994-11-16 00:00:00-05:00,2.1710205215709326,2.175415568190665,2.1358622945009578,2.1490468978881836,41945600,0.0,0.0
1994-11-17 00:00:00-05:00,2.15344110423606,2.189148941802453,2.15344110423606,2.1842048168182373,61496000,0.0,0.0
1994-11-18 00:00:00-05:00,2.1842058755513585,2.250127305725199,2.1798108274212864,2.2479300498962402,105520000,0.0,0.0
1994-11-21 00:00:00-05:00,2.3248379230499268,2.3649402739009235,2.2852846512348886,2.3248379230499268,231756800,0.0,0.0
1994-11-22 00:00:00-05:00,2.3160487347969387,2.351206965788376,2.2545218305619237,2.2764954566955566,123280000,0.0,0.0
1994-11-23 00:00:00-05:00,2.2501274299106204,2.2918781094438825,2.228153797463992,2.2896807193756104,116569600,0.0,0.0
1994-11-25 00:00:00-05:00,2.2764950084207007,2.285284564437769,2.232547228335359,2.245731830596924,37636800,0.0,0.0
1994-11-28 00:00:00-05:00,2.2325480961708273,2.294624627907707,2.2325480961708273,2.2940750122070312,85587200,0.0,0.0
1994-11-29 00:00:00-05:00,2.294074754678566,2.3424175943733463,2.294074754678566,2.3028643131256104,91569600,0.0,0.0
1994-11-30 00:00:00-05:00,2.2984704531059883,2.3512078187244176,2.2105748437419397,2.2193644046783447,176784000,0.0,0.0
1994-12-01 00:00:00-05:00,2.179809974800159,2.228152802961135,2.171020418450158,2.201784133911133,199961600,0.0,0.0
1994-12-02 00:00:00-05:00,2.201783879495343,2.2237574995953238,2.1754152134922364,2.210573434829712,117006400,0.0,0.0
1994-12-05 00:00:00-05:00,2.2061785439619044,2.2589158796741415,2.1929944782698056,2.254521369934082,72166400,0.0,0.0
1994-12-06 00:00:00-05:00,2.2457320549380198,2.302863906520282,2.2457320549380198,2.2677056789398193,78563200,0.0,0.0
1994-12-07 00:00:00-05:00,2.2545218305619237,2.3116536876869938,2.2457322728140645,2.2764954566955566,58872000,0.0,0.0
1994-12-08 00:00:00-05:00,2.272101343286902,2.2940749732621635,2.1995870768354417,2.20617938041687,93361600,0.0,0.0
1994-12-09 00:00:00-05:00,2.20617938041687,2.2281535468642555,2.162231583994223,2.20617938041687,107153600,0.0,0.0
1994-12-12 00:00:00-05:00,2.206178802988903,2.219363406700924,2.0479667772765513,2.122678279876709,259116800,0.0,0.0
1994-12-13 00:00:00-05:00,2.1358626076012603,2.1446521656572326,2.105099422641382,2.127073049545288,132368000,0.0,0.0
1994-12-14 00:00:00-05:00,2.129270045260736,2.1534414610847854,2.109493676164688,2.122678279876709,73492800,0.0,0.0
1994-12-15 00:00:00-05:00,2.1270716873921556,2.1446507922466362,2.056755267974233,2.061150312423706,101755200,0.0,0.0
1994-12-16 00:00:00-05:00,2.0567566587143586,2.105099497988551,2.030387983602636,2.0919148921966553,171419200,0.0,0.0
1994-12-19 00:00:00-05:00,2.0303876505102307,2.0567563212960778,2.021598093581615,2.0325849056243896,140550400,0.0,0.0
1994-12-20 00:00:00-05:00,2.1182832017236826,2.1622309859918087,2.0743354174555564,2.1534414291381836,168734400,0.0,0.0
1994-12-21 00:00:00-05:00,2.1622308621001576,2.214968200200161,2.1578363521611297,2.201784133911133,109256000,0.0,0.0
1994-12-22 00:00:00-05:00,2.2017852828055346,2.2325484778468394,2.1973902341012197,2.2193644046783447,70628800,0.0,0.0
1994-12-23 00:00:00-05:00,2.2193639576214697,2.2281535167873527,2.206179350636587,2.2127716541290283,23969600,0.0,0.0
1994-12-27 00:00:00-05:00,2.2149684468562154,2.232547561513804,2.2149684468562154,2.2276034355163574,27324800,0.0,0.0
1994-12-28 00:00:00-05:00,2.2281528418214873,2.2325473518371584,2.192994615808304,2.1973891258239746,34699200,0.0,0.0
1994-12-29 00:00:00-05:00,2.2413374596279154,2.267706135623538,2.236942948531355,2.2633116245269775,58680000,0.0,0.0
1994-12-30 00:00:00-05:00,2.267705452403632,2.267705452403632,2.2243072878053196,2.245731830596924,27716800,0.0,0.0
1995-01-03 00:00:00-05:00,2.2369427885646207,2.2506764729968936,2.2149686252369603,2.241337299346924,41721600,0.0,0.0
1995-01-04 00:00:00-05:00,2.2501270766190173,2.2633116831946323,2.2237583999398884,2.236943006515503,41865600,0.0,0.0
1995-01-05 00:00:00-05:00,2.241336767770062,2.2852845475302597,2.236942258030003,2.254521369934082,60480000,0.0,0.0
1995-01-06 00:00:00-05:00,2.254521341980804,2.2896795653530435,2.2501262958233172,2.2852845191955566,56316800,0.0,0.0
1995-01-09 00:00:00-05:00,2.2808901789664255,2.3204429149627686,2.2808901789664255,2.3204429149627686,75056000,0.0,0.0
1995-01-10 00:00:00-05:00,2.3336274455010226,2.3687856703939048,2.320442842930223,2.342417001724243,109320000,0.0,0.0
1995-01-11 00:00:00-05:00,2.351205650942849,2.368784756607948,2.3204419477930607,2.3292315006256104,58468800,0.0,0.0
1995-01-12 00:00:00-05:00,2.3248376211420805,2.3775749523989305,2.3050605854488864,2.3599958419799805,85384000,0.0,0.0
1995-01-13 00:00:00-05:00,2.377574416038203,2.408337584095517,2.373179371189013,2.395153522491455,126689600,0.0,0.0
1995-01-16 00:00:00-05:00,2.408337584095517,2.408337584095517,2.381968924415639,2.395153522491455,59564800,0.0,0.0
1995-01-17 00:00:00-05:00,2.395153616361516,2.4391013842170324,2.3512058485060003,2.355600357055664,118696000,0.0,0.0
1995-01-18 00:00:00-05:00,2.399549369861569,2.447892207820082,2.399549369861569,2.4391026496887207,189520000,0.0,0.0
1995-01-19 00:00:00-05:00,2.434706921798809,2.4874442558449927,2.425917366124445,2.4852471351623535,146992000,0.0,0.0
1995-01-20 00:00:00-05:00,2.474259889204924,2.483049443808721,2.413282085905159,2.4193246364593506,146233600,0.0,0.0
1995-01-23 00:00:00-05:00,2.403942259336661,2.483048211511827,2.390757665738347,2.4742586612701416,105260800,0.0,0.0
1995-01-24 00:00:00-05:00,2.483048192494276,2.520403780735333,2.4566795419711775,2.5138113498687744,110656000,0.0,0.0
1995-01-25 00:00:00-05:00,2.4610756944578256,2.522602586819271,2.4434965823545554,2.4918394088745117,152656000,0.0,0.0
1995-01-26 00:00:00-05:00,2.4851534310804495,2.5071456684811126,2.4631606567533737,2.478555679321289,78633600,0.00375,0.0
1995-01-27 00:00:00-05:00,2.480755891598446,2.5159439184296297,2.4719588848906504,2.498349905014038,80027200,0.0,0.0
1995-01-30 00:00:00-05:00,2.5027485028204737,2.5027485028204737,2.45876347233968,2.4631617069244385,65137600,0.0,0.0
1995-01-31 00:00:00-05:00,2.458763512833025,2.4631617474902185,2.427423641172682,2.441169500350952,84265600,0.0,0.0
1995-02-01 00:00:00-05:00,2.4411688932318243,2.498349151114496,2.4323718891786044,2.485153913497925,75233600,0.0,0.0
1995-02-02 00:00:00-05:00,2.480755798920518,2.5428849249365997,2.480755798920518,2.5401358604431152,88065600,0.0,0.0
1995-02-03 00:00:00-05:00,2.5599293757458126,2.6083131891116085,2.5335383512535876,2.586320400238037,142459200,0.0,0.0
1995-02-06 00:00:00-05:00,2.5819205514247363,2.6171085620954213,2.5819205514247363,2.5907175540924072,56099200,0.0,0.0
1995-02-07 00:00:00-05:00,2.590717406139597,2.5951156387590384,2.555529397478457,2.5687246322631836,44675200,0.0,0.0
1995-02-08 00:00:00-05:00,2.608311411420566,2.705078435273959,2.60391264187312,2.6962814331054688,135900800,0.0,0.0
1995-02-09 00:00:00-05:00,2.696280860566302,2.771055094657406,2.696280860566302,2.7270700931549072,126497600,0.0,0.0
1995-02-10 00:00:00-05:00,2.722673177719116,2.7622594297458303,2.7138761731657857,2.722673177719116,88566400,0.0,0.0
1995-02-13 00:00:00-05:00,2.7226725346257536,2.744664772351255,2.700679759973831,2.7138755321502686,53864000,0.0,0.0
1995-02-14 00:00:00-05:00,2.7138759915761757,2.7622592449188232,2.7138759915761757,2.7622592449188232,68824000,0.0,0.0
1995-02-15 00:00:00-05:00,2.762259117114507,2.8150411384606437,2.762259117114507,2.806244134902954,113956800,0.0,0.0
1995-02-16 00:00:00-05:00,2.8106417655944824,2.841430997099923,2.797445997144816,2.8106417655944824,94993600,0.0,0.0
1995-02-17 00:00:00-05:00,2.797445935600305,2.797445935600305,2.7710549362078494,2.773253917694092,80916800,0.0,0.0
1995-02-21 00:00:00-05:00,2.775456300507151,2.7930503165581415,2.753463511980033,2.7798545360565186,67569600,0.0,0.0
1995-02-22 00:00:00-05:00,2.775454779343515,2.815041025298543,2.775454779343515,2.8018457889556885,44088000,0.0,0.0
1995-02-23 00:00:00-05:00,2.8150406374944326,2.8370334109380533,2.744664621557072,2.746863603591919,87577600,0.0,0.0
1995-02-24 00:00:00-05:00,2.744665236989404,2.7710562488835326,2.7160752425673533,2.7622592449188232,78345600,0.0,0.0
1995-02-27 00:00:00-05:00,2.753461790155705,2.7798527977290823,2.7402665548322283,2.7556607723236084,51545600,0.0,0.0
1995-02-28 00:00:00-05:00,2.753462113556817,2.8062441349029545,2.7314698731258367,2.806244134902954,54179200,0.0,0.0
1995-03-01 00:00:00-05:00,2.8062444316016304,2.8331855263087267,2.7710564136505127,2.7710564136505127,65336000,0.0,0.0
1995-03-02 00:00:00-05:00,2.7710552005749456,2.80184497126671,2.7578599680829807,2.7793021202087402,39121600,0.0,0.0
1995-03-03 00:00:00-05:00,2.775455066092832,2.8898161195609284,2.7710562955731066,2.881019115447998,140860800,0.0,0.0
1995-03-06 00:00:00-05:00,2.867823379018024,2.9118084001686073,2.850229370557791,2.894214391708374,80664000,0.0,0.0
1995-03-07 00:00:00-05:00,2.8854182872701464,2.8898170592201864,2.8194410034331097,2.828238010406494,85563200,0.0,0.0
1995-03-08 00:00:00-05:00,2.8238381420183334,2.8458309193758007,2.7886501277875753,2.806244134902954,85804800,0.0,0.0
1995-03-09 00:00:00-05:00,2.815042942961772,2.8458327436138315,2.7842536792365427,2.821640968322754,84761600,0.0,0.0
1995-03-10 00:00:00-05:00,2.8150397354031202,2.837032501799067,2.8150397354031202,2.8326337337493896,57476800,0.0,0.0
1995-03-13 00:00:00-05:00,2.832634055246656,2.8854160562760964,2.828235823624009,2.8634238243103027,73267200,0.0,0.0
1995-03-14 00:00:00-05:00,2.872223618814219,2.916208662464308,2.872223618814219,2.8986146450042725,66921600,0.0,0.0
1995-03-15 00:00:00-05:00,2.8986131236738593,2.9118083613799945,2.867823340815342,2.881019115447998,34435200,0.0,0.0
1995-03-16 00:00:00-05:00,2.876619696739852,2.898612470529809,2.8590256924784456,2.865623712539673,34500800,0.0,0.0
1995-03-17 00:00:00-05:00,2.8766194491490498,2.8766194491490498,2.8458302128048207,2.8463797569274902,38120000,0.0,0.0
1995-03-20 00:00:00-05:00,2.845830669474683,2.93380069732666,2.823837894048469,2.93380069732666,66764800,0.0,0.0
1995-03-21 00:00:00-05:00,2.9338011218717517,2.96459036761218,2.922804329872489,2.9294023513793945,83536000,0.0,0.0
1995-03-22 00:00:00-05:00,2.925005053152921,2.9689900875091553,2.911809274382706,2.9689900875091553,69624000,0.0,0.0
1995-03-23 00:00:00-05:00,2.968989549237545,3.017372809794274,2.9640406968429964,3.0041775703430176,110006400,0.0,0.0
1995-03-24 00:00:00-05:00,3.017371161601015,3.0657549326554343,3.012972929828594,3.030566930770874,98563200,0.0,0.0
1995-03-27 00:00:00-05:00,3.0305685752499683,3.0877488408769884,3.0261698041643417,3.078951835632324,67161600,0.0,0.0
1995-03-28 00:00:00-05:00,3.1053430279769465,3.1493280567018327,3.100944793567768,3.114140033721924,94750400,0.0,0.0
1995-03-29 00:00:00-05:00,3.114139232792838,3.166921253687632,3.0085751910032505,3.06355619430542,160102400,0.0,0.0
1995-03-30 00:00:00-05:00,3.0657566072775944,3.070154841452483,2.946996767583329,3.0041775703430176,164172800,0.0,0.0
1995-03-31 00:00:00-05:00,2.938200848029037,3.039366714553312,2.920606830974971,2.9865846633911133,150662400,0.0,0.0
1995-04-03 00:00:00-04:00,2.982184947547266,3.114140033721924,2.973387941802289,3.114140033721924,94400000,0.0,0.0
1995-04-04 00:00:00-04:00,3.1273344223641444,3.1713194315610638,3.034965634587423,3.045961618423462,100321600,0.0,0.0
1995-04-05 00:00:00-04:00,3.0261710998472533,3.056960899849807,2.982186054791334,3.048163890838623,119211200,0.0,0.0
1995-04-06 00:00:00-04:00,3.061356736902605,3.083899054828792,2.995379489484283,3.0085747241973877,79091200,0.0,0.0
1995-04-07 00:00:00-04:00,3.0085752895623146,3.0855493410187527,2.9909812820210147,3.06575608253479,85091200,0.0,0.0
1995-04-10 00:00:00-04:00,3.0613579992520608,3.114140033721924,3.0437639877621065,3.114140033721924,79411200,0.0,0.0
1995-04-11 00:00:00-04:00,3.1933122602227617,3.237297277581202,3.1889140269501586,3.2109062671661377,173561600,0.0,0.0
1995-04-12 00:00:00-04:00,3.2153048916460816,3.2328988977920887,3.175718109354336,3.2285001277923584,83680000,0.0,0.0
1995-04-13 00:00:00-04:00,3.2416961396281723,3.3472601842794045,3.2416961396281723,3.3428614139556885,115472000,0.0,0.0
1995-04-17 00:00:00-04:00,3.3472597576088985,3.4308310138418316,3.2900789722483204,3.3076729774475098,156675200,0.0,0.0
1995-04-18 00:00:00-04:00,3.391246353494076,3.395644588383565,3.281283501210025,3.3186705112457275,168217600,0.0,0.0
1995-04-19 00:00:00-04:00,3.3076731479221673,3.325267154028136,3.232898890435027,3.2834811210632324,95795200,0.0,0.0
1995-04-20 00:00:00-04:00,3.3032747958155615,3.31207179855152,3.2504927793998117,3.2724850177764893,79468800,0.0,0.0
1995-04-21 00:00:00-04:00,3.276884152381599,3.316470400636827,3.2504931412359475,3.268087148666382,87787200,0.0,0.0
1995-04-24 00:00:00-04:00,3.263687498828908,3.404439520341745,3.2504922652752555,3.3956425189971924,96052800,0.0,0.0
1995-04-25 00:00:00-04:00,3.3977580082628864,3.476980345243109,3.3977580082628864,3.4593753814697266,128708800,0.00375,0.0
1995-04-26 00:00:00-04:00,3.4373674141500565,3.542997134370895,3.4285649374649867,3.5077872276306152,96080000,0.0,0.0
1995-04-27 00:00:00-04:00,3.5033847652262042,3.5914095080710835,3.502834341953227,3.5429961681365967,91153600,0.0,0.0
1995-04-28 00:00:00-04:00,3.6002125129727647,3.6662313484668045,3.569404117066559,3.604614019393921,132334400,0.0,0.0
1995-05-01 00:00:00-04:00,3.6442242249946197,3.7014405744520174,3.6222183086912647,3.6662306785583496,115844800,0.0,0.0
1995-05-02 00:00:00-04:00,3.6530284239695625,3.679435858359704,3.626620989579421,3.6618309020996094,115572800,0.0,0.0
1995-05-03 00:00:00-04:00,3.661828647967647,3.7894647709139755,3.661828647967647,3.7806622982025146,89808000,0.0,0.0
1995-05-04 00:00:00-04:00,3.8114729237537284,3.92590513624518,3.793867967985813,3.8686892986297607,176945600,0.0,0.0
1995-05-05 00:00:00-04:00,3.903898806434532,3.934707207211953,3.811472529581154,3.824676513671875,143638400,0.0,0.0
1995-05-08 00:00:00-04:00,3.811472489682462,3.9611145966676853,3.802670012800978,3.9303061962127686,117291200,0.0,0.0
1995-05-09 00:00:00-04:00,3.965517919459671,3.9743204003716115,3.8510856676044423,3.9171040058135986,138131200,0.0,0.0
1995-05-10 00:00:00-04:00,3.9567153914890794,3.9611163632623083,3.8224770219177318,3.8290791511535645,141251200,0.0,0.0
1995-05-11 00:00:00-04:00,3.8070709617379466,3.8686882908749496,3.7718610593739443,3.846681833267212,115512000,0.0,0.0
1995-05-12 00:00:00-04:00,3.8466826612882845,3.9083000036887836,3.807071781232544,3.8268773555755615,78270400,0.0,0.0
1995-05-15 00:00:00-04:00,3.833479772525161,3.8466832220483114,3.7762633918963973,3.8158748149871826,72540800,0.0,0.0
1995-05-16 00:00:00-04:00,3.8114724669098026,3.8774913117567595,3.7938675132520205,3.8334789276123047,83606400,0.0,0.0
1995-05-17 00:00:00-04:00,3.8642887805439283,3.92150517007074,3.859887809105347,3.899498701095581,103816000,0.0,0.0
1995-05-18 00:00:00-04:00,3.925906141509321,4.05794334357802,3.895097729657,3.899498701095581,170598400,0.0,0.0
1995-05-19 00:00:00-04:00,3.8906936613350536,3.9831199106078268,3.8818911869881414,3.9215025901794434,146268800,0.0,0.0
1995-05-22 00:00:00-04:00,3.930304706505922,4.035934389046815,3.930304706505922,4.013927936553955,103174400,0.0,0.0
1995-05-23 00:00:00-04:00,4.031534641085776,4.119559414908609,4.0271336710249255,4.101954460144043,122224000,0.0,0.0
1995-05-24 00:00:00-04:00,4.1635704112309275,4.189977834557974,4.075545666807441,4.093150615692139,139008000,0.0,0.0
1995-05-25 00:00:00-04:00,4.093151259929576,4.159170097268362,4.057941356618354,4.1371636390686035,85121600,0.0,0.0
1995-05-26 00:00:00-04:00,4.119559785281363,4.13716474162872,4.057942438065616,4.079948902130127,57699200,0.0,0.0
1995-05-30 00:00:00-04:00,4.088750357816058,4.110756279116842,3.8378795239720405,3.8906943798065186,242369600,0.0,0.0
1995-05-31 00:00:00-04:00,3.917101377368239,3.9611137523948488,3.8026692022990547,3.9523112773895264,163680000,0.0,0.0
1995-06-01 00:00:00-04:00,3.9611133874631395,4.075545551989853,3.956712418996152,4.040335655212402,117364800,0.0,0.0
1995-06-02 00:00:00-04:00,3.991923761495792,4.141565876994609,3.9699172994097927,4.101954460144043,120323200,0.0,0.0
1995-06-05 00:00:00-04:00,4.128362568099349,4.128362568099349,4.062344245555388,4.075547695159912,77616000,0.0,0.0
1995-06-06 00:00:00-04:00,4.066745595463425,4.075548075107285,3.9567148685455327,3.9567148685455322,96516800,0.0,0.0
1995-06-07 00:00:00-04:00,3.9611146953104974,4.004576657364871,3.9171023098070474,3.983121156692505,117452800,0.0,0.0
1995-06-08 00:00:00-04:00,3.9875203532233106,4.027131751190129,3.983119385260512,4.007325649261475,44441600,0.0,0.0
1995-06-09 00:00:00-04:00,4.00512744740742,4.04033735903298,3.965516565458973,3.9699175357818604,54803200,0.0,0.0
1995-06-12 00:00:00-04:00,3.983120167695756,4.005126086353195,3.921502843290322,3.9281041622161865,64686400,0.0,0.0
1995-06-13 00:00:00-04:00,3.9919222648413375,3.9963232332521734,3.8994960183495877,3.9082984924316406,107860800,0.0,0.0
1995-06-14 00:00:00-04:00,3.886291753992716,3.978717443678114,3.8554828325907384,3.9611124992370605,97881600,0.0,0.0
1995-06-15 00:00:00-04:00,3.965515941422703,4.071145659676885,3.965515941422703,4.0535407066345215,91027200,0.0,0.0
1995-06-16 00:00:00-04:00,4.0667434295395815,4.132762260337649,4.031533529716728,4.088749885559082,122411200,0.0,0.0
1995-06-19 00:00:00-04:00,4.119559087251362,4.374830911034032,4.110756610569202,4.348423480987549,127876000,0.0,2.0
1995-06-20 00:00:00-04:00,4.462855017185211,4.5860896724921005,4.41004016491083,4.577287197113037,141030400,0.0,0.0
1995-06-21 00:00:00-04:00,4.656509945322743,4.660911720716833,4.4628554674454275,4.48266077041626,119708800,0.0,0.0
1995-06-22 00:00:00-04:00,4.498064738614609,4.634503638788015,4.4749579730394515,4.603694438934326,70946400,0.0,0.0
1995-06-23 00:00:00-04:00,4.603696217309861,4.67411604472569,4.568486303601946,4.621301174163818,52727200,0.0,0.0
1995-06-26 00:00:00-04:00,4.6301020493874185,4.674114426282736,4.533274820217719,4.577287197113037,57357600,0.0,0.0
1995-06-27 00:00:00-04:00,4.550881467655509,4.550881467655509,4.392436851760347,4.410041809082031,92004800,0.0,0.0
1995-06-28 00:00:00-04:00,4.383634117806312,4.4892638555847775,4.295609336324257,4.44525146484375,112888000,0.0,0.0
1995-06-29 00:00:00-04:00,4.4892618053104165,4.550879124206834,4.4364469605420584,4.493663311004639,60702400,0.0,0.0
1995-06-30 00:00:00-04:00,4.506869889021463,4.559684770533433,4.436450047005502,4.458456516265869,41468800,0.0,0.0
1995-07-03 00:00:00-04:00,4.462857487761488,4.489264928517472,4.436450047005502,4.458456516265869,13020800,0.0,0.0
1995-07-05 00:00:00-04:00,4.471656679639629,4.5420764698701745,4.462854205860811,4.489261627197266,46887200,0.0,0.0
1995-07-06 00:00:00-04:00,4.4892635685887585,4.612498254785313,4.43644870307595,4.608097553253174,52177600,0.0,0.0
1995-07-07 00:00:00-04:00,4.621296662550706,4.806148529052734,4.577284313383556,4.806148529052734,78961600,0.0,0.0
1995-07-10 00:00:00-04:00,4.83256181102343,4.964599018974889,4.806154369433138,4.948094367980957,83404000,0.0,0.0
1995-07-11 00:00:00-04:00,4.920585674728976,4.924987451412481,4.849065534107915,4.850165843963623,51932800,0.0,0.0
1995-07-12 00:00:00-04:00,4.9910037864038275,5.105435971982751,4.911781504079958,5.087831020355225,84791200,0.0,0.0
1995-07-13 00:00:00-04:00,5.070227268393861,5.350806251345345,5.0174124010147585,5.184659481048584,117482400,0.0,0.0
1995-07-14 00:00:00-04:00,5.052622760368499,5.338703854618666,5.017412845662098,5.316697120666504,87835200,0.0,0.0
1995-07-17 00:00:00-04:00,5.38711401755317,5.519151125826532,5.316694226474044,5.382713317871094,139681600,0.0,0.0
1995-07-18 00:00:00-04:00,5.431125549733029,5.448730494788889,5.140643956311327,5.1582489013671875,137435200,0.0,0.0
1995-07-19 00:00:00-04:00,4.577287074706564,4.841361329016557,4.401237571833234,4.5948920249938965,447652000,0.0,0.0
1995-07-20 00:00:00-04:00,4.612500253573868,4.7181300303732705,4.533277920974317,4.542080402374268,199928000,0.0,0.0
1995-07-21 00:00:00-04:00,4.5596835034892775,4.621300848131025,4.427646336399819,4.4320478439331055,152450400,0.0,0.0
1995-07-24 00:00:00-04:00,4.462854424373811,4.75333607329755,4.444149166677964,4.73573112487793,122608000,0.0,0.0
1995-07-25 00:00:00-04:00,4.929386636485224,4.938189112621805,4.788547018299932,4.858966827392578,140957600,0.0,0.0
1995-07-26 00:00:00-04:00,4.902980140371061,4.9205850959917825,4.753338017594924,4.7973504066467285,89991200,0.0,0.0
1995-07-27 00:00:00-04:00,4.806153987537732,4.910683435526762,4.7797465480457655,4.841363906860352,52663200,0.0,0.0
1995-07-28 00:00:00-04:00,4.835373673359109,4.8706040826367705,4.703259638567876,4.729682445526123,68643200,0.005,0.0
1995-07-31 00:00:00-04:00,4.738488061611468,4.76491085749406,4.562336089060857,4.579951286315918,64880800,0.0,0.0
1995-08-01 00:00:00-04:00,4.579955315872614,4.579955315872614,4.403803188339052,4.456648826599121,94556800,0.0,0.0
1995-08-02 00:00:00-04:00,4.535917508892896,4.5799555429598175,4.298112124931522,4.333342552185059,135620800,0.0,0.0
1995-08-03 00:00:00-04:00,4.210032639609016,4.421415031555912,4.165994641286746,4.377377033233643,117961600,0.0,0.0
1995-08-04 00:00:00-04:00,4.3861855306933,4.439031139496834,4.350955124824278,4.368570327758789,68723200,0.0,0.0
1995-08-07 00:00:00-04:00,4.403800006926529,4.500683607078913,4.3861848068988225,4.4742608070373535,51580000,0.0,0.0
1995-08-08 00:00:00-04:00,4.527106993907207,4.597567803150899,4.500684190440823,4.562337398529053,58122400,0.0,0.0
1995-08-09 00:00:00-04:00,4.6944520586154415,4.703259660976821,4.615183637363023,4.659221649169922,70807200,0.0,0.0
1995-08-10 00:00:00-04:00,4.659220281741963,4.668027881518412,4.500683485765865,4.527106285095215,60408000,0.0,0.0
1995-08-11 00:00:00-04:00,4.632798842085783,4.685644456254061,4.588760830278884,4.659221649169922,68375200,0.0,0.0
1995-08-14 00:00:00-04:00,4.650412737312964,4.72087353636316,4.606374737906591,4.676835536956787,50202400,0.0,0.0
1995-08-15 00:00:00-04:00,4.720874575258212,4.738489778897235,4.553530140687491,4.615183353424072,67754400,0.0,0.0
1995-08-16 00:00:00-04:00,4.668028113547336,4.729681315047017,4.579952111404933,4.703258514404297,67332800,0.0,0.0
1995-08-17 00:00:00-04:00,4.72087414696103,4.72968174798148,4.6107796717787135,4.623990535736084,66123200,0.0,0.0
1995-08-18 00:00:00-04:00,4.66802964550452,4.66802964550452,4.544723202038362,4.571146011352539,73496800,0.0,0.0
1995-08-21 00:00:00-04:00,4.571145318850442,4.579952920620866,4.218841248033452,4.245264053344727,175418400,0.0,0.0
1995-08-22 00:00:00-04:00,4.306918635425798,4.394994681140027,4.2452654034258375,4.3861870765686035,129546400,0.0,0.0
1995-08-23 00:00:00-04:00,4.421417549760164,4.456647968483353,4.367470971090282,4.394994735717773,65648000,0.0,0.0
1995-08-24 00:00:00-04:00,4.394992584485881,4.403800184855592,4.262878578940213,4.3003106117248535,100023200,0.0,0.0
1995-08-25 00:00:00-04:00,4.306918289350427,4.306918289350427,4.210034646849702,4.254072666168213,91089600,0.0,0.0
1995-08-28 00:00:00-04:00,4.258472989483739,4.2892993070931835,4.121954980943758,4.130762577056885,77804000,0.0,0.0
1995-08-29 00:00:00-04:00,4.139572202273489,4.210033005716442,4.02507339667869,4.148379802703857,142798400,0.0,0.0
1995-08-30 00:00:00-04:00,4.227649854577106,4.289303081623022,4.16599662753119,4.254072666168213,88683200,0.0,0.0
1995-08-31 00:00:00-04:00,4.298110177220735,4.368570999798124,4.271687368754214,4.324532985687256,50941600,0.0,0.0
1995-09-01 00:00:00-04:00,4.315724196620057,4.350954598225118,4.2716861946137294,4.28930139541626,34721600,0.0,0.0
1995-09-05 00:00:00-04:00,4.324531663018633,4.4918760654572365,4.289301262505243,4.4874725341796875,59574400,0.0,0.0
1995-09-06 00:00:00-04:00,4.5271044502258295,4.56233483505249,4.394990507125854,4.4037981033325195,72960000,0.0,0.0
1995-09-07 00:00:00-04:00,4.578850336487476,4.650412075336162,4.527105694550734,4.579951286315918,125828000,0.0,0.0
1995-09-08 00:00:00-04:00,4.615182934715635,4.632798136756533,4.535914525531587,4.623990535736084,63664000,0.0,0.0
1995-09-11 00:00:00-04:00,4.615182934715635,4.694451343899681,4.615182934715635,4.623990535736084,53804800,0.0,0.0
1995-09-12 00:00:00-04:00,4.66802964550452,4.676837248609245,4.562338408247814,4.571146011352539,52924000,0.0,0.0
1995-09-13 00:00:00-04:00,4.571146011352539,4.623991629980892,4.531512334954706,4.571146011352539,52886400,0.0,0.0
1995-09-14 00:00:00-04:00,4.597567266997407,4.597567266997407,4.474260865200542,4.4874725341796875,53280800,0.0,0.0
1995-09-15 00:00:00-04:00,4.491875828871544,4.544721426858269,4.315723835582464,4.377377033233643,99998400,0.0,0.0
1995-09-18 00:00:00-04:00,4.386185930453049,4.439031544072965,4.298109907753188,4.4302239418029785,63196800,0.0,0.0
1995-09-19 00:00:00-04:00,4.350953998298439,4.491875585287863,4.3421463991116,4.417011260986328,69693600,0.0,0.0
1995-09-20 00:00:00-04:00,4.469856856107362,4.491875585287863,4.394991994232634,4.417011260986328,63268000,0.0,0.0
1995-09-21 00:00:00-04:00,4.368570953142969,4.421416569511634,4.298110131318082,4.308018684387207,71136800,0.0,0.0
1995-09-22 00:00:00-04:00,4.280494096850561,4.311320969215355,4.245263692761256,4.262878894805908,68509600,0.0,0.0
1995-09-25 00:00:00-04:00,4.262878660360972,4.262878660360972,4.148379853367805,4.2276482582092285,75903200,0.0,0.0
1995-09-26 00:00:00-04:00,4.254071423199386,4.338844854404876,4.183610612877243,4.210033416748047,70076000,0.0,0.0
1995-09-27 00:00:00-04:00,4.1659970794776084,4.188016360312356,4.033883007189735,4.179208755493164,133321600,0.0,0.0
1995-09-28 00:00:00-04:00,4.201225384798917,4.359762191772461,4.192417784411497,4.359762191772461,83437600,0.0,0.0
1995-09-29 00:00:00-04:00,4.3861866096449,4.421417024180201,4.227649744236048,4.236457347869873,76591200,0.0,0.0
1995-10-02 00:00:00-04:00,4.270584401444199,4.31682429442194,4.157186568665454,4.165994167327881,59953600,0.0,0.0
1995-10-03 00:00:00-04:00,4.182508714838778,4.236455260515824,4.1483792675737075,4.2144365310668945,80306400,0.0,0.0
1995-10-04 00:00:00-04:00,4.139573038390981,4.218841458275063,4.10434262955361,4.135169506072998,71613600,0.0,0.0
1995-10-05 00:00:00-04:00,4.1307645881934825,4.28930139541626,4.113149387390951,4.28930139541626,79205600,0.0,0.0
1995-10-06 00:00:00-04:00,4.44783874096409,4.465453943898601,4.3597627262915335,4.368570327758789,116396800,0.0,0.0
1995-10-09 00:00:00-04:00,4.342148591475775,4.342148591475775,4.183611726066923,4.236457347869873,79104000,0.0,0.0
1995-10-10 00:00:00-04:00,4.104341669450183,4.342146873474121,4.069111268854044,4.342146873474121,118409600,0.0,0.0
1995-10-11 00:00:00-04:00,4.456646748612937,4.474261953152909,4.368570725913076,4.4302239418029785,78585600,0.0,0.0
1995-10-12 00:00:00-04:00,4.421417670156441,4.527108929204006,4.403802460315181,4.491878509521484,90520000,0.0,0.0
1995-10-13 00:00:00-04:00,4.544722222711935,4.553529823918741,4.403800603403038,4.42141580581665,79935200,0.0,0.0
1995-10-16 00:00:00-04:00,4.4126074309396275,4.509491027227723,4.386184631951965,4.447837829589844,55199200,0.0,0.0
1995-10-17 00:00:00-04:00,4.518299733409445,4.623990955243584,4.4478389188533525,4.615183353424072,133656800,0.0,0.0
1995-10-18 00:00:00-04:00,4.720874181092885,4.80895019193417,4.676836175672243,4.773719787597656,142411200,0.0,0.0
1995-10-19 00:00:00-04:00,4.747297571862445,4.808950787081438,4.6856443566434525,4.791335582733154,66150400,0.0,0.0
1995-10-20 00:00:00-04:00,4.764912854803785,4.800143264081447,4.694452036248461,4.729682445526123,52790400,0.0,0.0
1995-10-23 00:00:00-04:00,4.668030800642791,4.76491445876934,4.649314639413799,4.756106853485107,54128800,0.0,0.0
1995-10-24 00:00:00-04:00,4.791333614791954,4.817756410461763,4.756103220565543,4.782526016235352,56356800,0.0,0.0
1995-10-25 00:00:00-04:00,4.782526796025442,4.782526796025442,4.6768355961132775,4.685643196105957,47943200,0.0,0.0
1995-10-26 00:00:00-04:00,4.694451422803685,4.729681827477634,4.571145006444864,4.681240558624268,47912800,0.0,0.0
1995-10-27 00:00:00-04:00,4.659219636442912,4.8001412133485575,4.659219636442912,4.782526016235352,61734400,0.0,0.0
1995-10-30 00:00:00-05:00,4.829411178506831,4.970415884448636,4.829411178506831,4.917539119720459,98684000,0.005,0.0
1995-10-31 00:00:00-05:00,4.988039653075189,5.032103607607655,4.926350116729736,4.926350116729736,74370400,0.0,0.0
1995-11-01 00:00:00-05:00,4.988040918626947,4.996853711769397,4.86466181463264,4.992447853088379,76340800,0.0,0.0
1995-11-02 00:00:00-05:00,5.014479287083725,5.146671183931276,4.996853700837386,5.1378583908081055,80272000,0.0,0.0
1995-11-03 00:00:00-05:00,5.155485083316934,5.156586682693711,5.058544338160548,5.11142110824585,47605600,0.0,0.0
1995-11-06 00:00:00-05:00,5.093794436336352,5.111420022621253,4.980329724627302,4.992447853088379,37800000,0.0,0.0
1995-11-07 00:00:00-05:00,4.855848451567684,4.899912412108225,4.565026312000109,4.679592609405518,225472000,0.0,0.0
1995-11-08 00:00:00-05:00,4.741283636514107,4.794160405694562,4.587060264294759,4.648749828338623,101253600,0.0,0.0
1995-11-09 00:00:00-05:00,4.864662170410156,4.8822877579841055,4.7941598201143565,4.864662170410156,77737600,0.0,0.0
1995-11-10 00:00:00-05:00,4.829410329406515,4.882287084837973,4.7765335739750565,4.811784744262695,50086400,0.0,0.0
1995-11-13 00:00:00-05:00,4.802973350333102,4.855850121162457,4.714845398950843,4.732470989227295,36456000,0.0,0.0
1995-11-14 00:00:00-05:00,4.653155028476825,4.697218996549522,4.587059614258014,4.591465473175049,53100800,0.0,0.0
1995-11-15 00:00:00-05:00,4.635530072289544,4.6443428671037825,4.406397407119338,4.565027713775635,103201600,0.0,0.0
1995-11-16 00:00:00-05:00,4.503337934050361,4.582653083573753,4.432835578918457,4.432835578918457,82568800,0.0,0.0
1995-11-17 00:00:00-05:00,4.432836424307044,4.459274812523587,4.419617499143965,4.424023628234863,93374400,0.0,0.0
1995-11-20 00:00:00-05:00,4.494524951911788,4.520963333981857,4.36673970751825,4.379958629608154,71694400,0.0,0.0
1995-11-21 00:00:00-05:00,4.3975840381213605,4.476899181093489,4.371145657130651,4.441648006439209,70495200,0.0,0.0
1995-11-22 00:00:00-05:00,4.468087320616751,4.4945257071292755,4.353520979062475,4.36233377456665,48664800,0.0,0.0
1995-11-24 00:00:00-05:00,4.38877124445779,4.441648006439209,4.38877124445779,4.441648006439209,18368000,0.0,0.0
1995-11-27 00:00:00-05:00,4.476899902025858,4.490119363595113,4.222430444012085,4.230141639709473,121008000,0.0,0.0
1995-11-28 00:00:00-05:00,4.238956177468394,4.494527339935303,4.2213305800568826,4.494527339935303,99812000,0.0,0.0
1995-11-29 00:00:00-05:00,4.512150355747768,4.547401530402047,4.38877124445779,4.441648006439209,72459200,0.0,0.0
1995-11-30 00:00:00-05:00,4.388770295364411,4.481304877765951,4.247765627240254,4.291829586029053,68048000,0.0,0.0
1995-12-01 00:00:00-05:00,4.327082785426593,4.35352117311759,4.274206010044598,4.300644397735596,58219200,0.0,0.0
1995-12-04 00:00:00-05:00,4.371145024473368,4.476898533129981,4.260985388567809,4.353519439697266,56004000,0.0,0.0
1995-12-05 00:00:00-05:00,4.371146130221924,4.371146130221924,4.2918309786654785,4.32708215713501,52358400,0.0,0.0
1995-12-06 00:00:00-05:00,4.353520473779592,4.379958857223597,4.256579734484905,4.305050373077393,66432000,0.0,0.0
1995-12-07 00:00:00-05:00,4.300645301012489,4.344709289752371,4.2565813122726075,4.3358964920043945,45921600,0.0,0.0
1995-12-08 00:00:00-05:00,4.397586607650335,4.45927619934082,4.327084217146923,4.45927619934082,61020000,0.0,0.0
1995-12-11 00:00:00-05:00,4.494523776797798,4.51214936023622,4.468085401640163,4.476898193359375,38281600,0.0,0.0
1995-12-12 00:00:00-05:00,4.476900449239585,4.486814844919495,4.362334099160619,4.388772487640381,38964000,0.0,0.0
1995-12-13 00:00:00-05:00,4.406397452135524,4.45927422156115,4.371146272518439,4.415210247039795,50386400,0.0,0.0
1995-12-14 00:00:00-05:00,4.415210336446762,4.441648721694946,4.230141639709473,4.230141639709473,76008800,0.0,0.0
1995-12-15 00:00:00-05:00,4.247764167867505,4.291828111517583,4.0979467594572405,4.106759548187256,131205600,0.0,0.0
1995-12-18 00:00:00-05:00,4.106762973502213,4.124388565663167,3.890849738475723,4.036260604858398,126525600,0.0,0.0
1995-12-19 00:00:00-05:00,4.071512097897736,4.296238683934708,4.053886504400344,4.256580829620361,93095200,0.0,0.0
1995-12-20 00:00:00-05:00,4.283017590360822,4.3094559705482345,4.168451276215367,4.203702449798584,71931200,0.0,0.0
1995-12-21 00:00:00-05:00,4.23013975640305,4.256578129880569,4.177263009448012,4.194888591766357,59761600,0.0,0.0
1995-12-22 00:00:00-05:00,4.186076304670107,4.2136162803587265,4.133199551347959,4.159637928009033,41667200,0.0,0.0
1995-12-26 00:00:00-05:00,4.159640631424754,4.22133021706029,4.15082783347682,4.186079025268555,22500000,0.0,0.0
1995-12-27 00:00:00-05:00,4.194889947360741,4.238953917396043,4.142013183318379,4.1508259773254395,32307200,0.0,0.0
1995-12-28 00:00:00-05:00,4.089134366559252,4.097947156142354,4.018632049894437,4.027444839477539,63944800,0.0,0.0
1995-12-29 00:00:00-05:00,4.02744737280623,4.089136938691665,4.001008987426758,4.001008987426758,55903200,0.0,0.0
1996-01-02 00:00:00-05:00,4.045069899894536,4.142010572876758,4.009818746082818,4.133197784423828,62854400,0.0,0.0
1996-01-03 00:00:00-05:00,4.133200833291718,4.186077603014001,4.060495543868739,4.071511268615723,72678400,0.0,0.0
1996-01-04 00:00:00-05:00,4.142012430273969,4.150825222678806,3.948130997367527,4.053884506225586,100259200,0.0,0.0
1996-01-05 00:00:00-05:00,4.0274461290110715,4.142012430273969,4.001007751796557,4.053884506225586,65434400,0.0,0.0
1996-01-08 00:00:00-05:00,4.097949062148817,4.115574649512897,4.045072300056574,4.062697887420654,17544000,0.0,0.0
1996-01-09 00:00:00-05:00,4.062698200074109,4.071510994434356,3.860003929788416,3.877629518508911,110116800,0.0,0.0
1996-01-10 00:00:00-05:00,3.824752458523933,3.8776292206233425,3.754250109058054,3.8159396648406982,137448000,0.0,0.0
1996-01-11 00:00:00-05:00,3.9349119963263517,4.02744604571835,3.8335646168216244,4.009820461273193,83769600,0.0,0.0
1996-01-12 00:00:00-05:00,4.027448465229397,4.053886857780137,3.895256502475697,3.992197275161743,70219200,0.0,0.0
1996-01-15 00:00:00-05:00,3.992195339895244,4.001008133140046,3.7619611163747955,3.7630627155303955,106633600,0.0,0.0
1996-01-16 00:00:00-05:00,3.7983133942557026,3.93931806782436,3.6661215127850864,3.9305052757263184,150692800,0.0,0.0
1996-01-17 00:00:00-05:00,3.591212403008267,3.7101848059892655,3.511897288390919,3.525116205215454,546630400,0.0,0.0
1996-01-18 00:00:00-05:00,3.577994566337735,3.6396841278263166,3.5427433883442596,3.5956201553344727,132712000,0.0,0.0
1996-01-19 00:00:00-05:00,3.622056484222412,3.6396820632210614,3.569179747226465,3.622056484222412,128462400,0.0,0.0
1996-01-22 00:00:00-05:00,3.6220589360365496,3.702475694652933,3.5956205496421223,3.6661229133605957,106812800,0.0,0.0
1996-01-23 00:00:00-05:00,3.6837493043947553,3.7278132912894297,3.6837493043947553,3.7145943641662598,69244800,0.0,0.0
1996-01-24 00:00:00-05:00,3.7630629773553648,3.877629297509041,3.7366245957814392,3.860003709793091,94037600,0.0,0.0
1996-01-25 00:00:00-05:00,3.912878907245138,4.0098196008931035,3.8335637942604395,3.851189374923706,115267200,0.0,0.0
1996-01-26 00:00:00-05:00,3.815939957987178,3.877629518508911,3.780688780546188,3.877629518508911,66812800,0.0,0.0
1996-01-29 00:00:00-05:00,3.912880889392882,3.912880889392882,3.824752941433583,3.837972402572632,39158400,0.0,0.0
1996-01-30 00:00:00-05:00,3.845203434897901,3.8628419827644054,3.7922877912983886,3.8187456130981445,43040000,0.005,0.0
1996-01-31 00:00:00-05:00,3.836385662181374,3.911349789091123,3.792289275259749,3.8970181941986084,72689600,0.0,0.0
1996-02-01 00:00:00-05:00,3.8804795583089193,3.9863108189900713,3.870557877620061,3.968672275543213,66874400,0.0,0.0
1996-02-02 00:00:00-05:00,3.977493246221332,4.03040889916441,3.9510354197497937,4.003951072692871,51456000,0.0,0.0
1996-02-05 00:00:00-05:00,4.0304079412395115,4.127419948577881,4.012769394450717,4.127419948577881,67600800,0.0,0.0
1996-02-06 00:00:00-05:00,4.153876893660602,4.233250337488512,4.118599807514864,4.197973251342773,85640000,0.0,0.0
1996-02-07 00:00:00-05:00,4.171514240968892,4.202381951640992,4.056863743859811,4.109779357910156,70611200,0.0,0.0
1996-02-08 00:00:00-05:00,4.100962982836862,4.1108846674727575,4.021589505749697,4.083324432373047,48796800,0.0,0.0
1996-02-09 00:00:00-05:00,4.083322357514809,4.1362379820182404,4.048045274512521,4.092141628265381,50028800,0.0,0.0
1996-02-12 00:00:00-05:00,4.092143630674386,4.162697831203254,4.092143630674386,4.10867977142334,46727200,0.0,0.0
1996-02-13 00:00:00-05:00,3.986310124136426,4.083322096183994,3.951033043391856,4.030406475067139,77997600,0.0,0.0
1996-02-14 00:00:00-05:00,4.030406733011377,4.092141628265381,4.012768191510234,4.092141628265381,49426400,0.0,0.0
1996-02-15 00:00:00-05:00,4.074504238626231,4.10978133160135,4.048046418894892,4.056865692138672,48066400,0.0,0.0
1996-02-16 00:00:00-05:00,4.074503165742911,4.145057333115083,4.039226082056825,4.061274528503418,48668000,0.0,0.0
1996-02-20 00:00:00-05:00,4.039228056213511,4.127420808532583,4.030408780981603,4.083324432373047,41164800,0.0,0.0
1996-02-21 00:00:00-05:00,4.109782273256326,4.1803364753723145,4.074505172198331,4.1803364753723145,48394400,0.0,0.0
1996-02-22 00:00:00-05:00,4.197975467463008,4.321445334153097,4.171517638886561,4.303806781768799,89480800,0.0,0.0
1996-02-23 00:00:00-05:00,4.312625329263634,4.347902428071516,4.249787997012093,4.290577411651611,57186400,0.0,0.0
1996-02-26 00:00:00-05:00,4.286168619712687,4.312626450698568,4.233252957740926,4.259710788726807,35695200,0.0,0.0
1996-02-27 00:00:00-05:00,4.259709529362279,4.28616735252602,4.233251706198538,4.250890254974365,36168000,0.0,0.0
1996-02-28 00:00:00-05:00,4.26852907172937,4.339083271262086,4.26852907172937,4.286167621612549,42570400,0.0,0.0
1996-02-29 00:00:00-05:00,4.233254655714068,4.242073936246805,4.145061850386691,4.149471759796143,73402400,0.0,0.0
1996-03-01 00:00:00-05:00,4.065684737751106,4.074504010501108,3.880480010001055,3.955444097518921,145034400,0.0,0.0
1996-03-04 00:00:00-05:00,3.959853923945329,3.968673197718036,3.862841912445555,3.8716611862182617,70285600,0.0,0.0
1996-03-05 00:00:00-05:00,3.880482387327448,3.9422173343985665,3.862843831021414,3.906940221786499,59856800,0.0,0.0
1996-03-06 00:00:00-05:00,3.8893007946686007,3.924577899382148,3.752602283046554,3.757011651992798,67897600,0.0,0.0
1996-03-07 00:00:00-05:00,3.7658284669763904,3.792286278219784,3.7217321149040674,3.748189926147461,74715200,0.0,0.0
1996-03-08 00:00:00-05:00,3.642362108297437,3.818747682549129,3.6335428295848526,3.774651288986206,111921600,0.0,0.0
1996-03-11 00:00:00-05:00,3.809927167935609,3.9069392023043394,3.800005482602443,3.8981199264526367,75256000,0.0,0.0
1996-03-12 00:00:00-05:00,3.8892997337636754,3.898119007536382,3.814336175838544,3.8716611862182617,48633600,0.0,0.0
1996-03-13 00:00:00-05:00,3.9245765564967368,4.012769288103405,3.871660917532736,3.9598536491394043,69127200,0.0,0.0
1996-03-14 00:00:00-05:00,3.9863114686214045,4.048046380746072,3.9598536491394043,3.9598536491394043,57525600,0.0,0.0
1996-03-15 00:00:00-05:00,3.986311999602429,4.171516760645905,3.968673450931622,4.153878211975098,87536800,0.0,0.0
1996-03-18 00:00:00-05:00,4.215611794415643,4.25088888056138,4.185847022122984,4.197973251342773,62223200,0.0,0.0
1996-03-19 00:00:00-05:00,4.220022241900548,4.224431609092875,4.118600337048795,4.1450581550598145,44320000,0.0,0.0
1996-03-20 00:00:00-05:00,4.083324607965109,4.109782434798576,3.889300544519682,3.9157583713531494,118391200,0.0,0.0
1996-03-21 00:00:00-05:00,3.9245778442229198,3.9863127766039548,3.889300740005186,3.942216396331787,47616800,0.0,0.0
1996-03-22 00:00:00-05:00,3.9686729223000707,3.9863114686214045,3.91575728333607,3.9598536491394043,30303200,0.0,0.0
1996-03-25 00:00:00-05:00,3.9774917762163455,4.0039495929095805,3.8628412372123266,3.87276291847229,45829600,0.0,0.0
1996-03-26 00:00:00-05:00,3.8452030980507352,3.9774921954607376,3.818745278568735,3.9598536491394043,49976800,0.0,0.0
1996-03-27 00:00:00-05:00,3.977494367174229,4.048048590982197,3.9598558112222366,3.9951329231262207,51588800,0.0,0.0
1996-03-28 00:00:00-05:00,3.9774920940399174,4.048046277526213,3.9642634537790875,3.977492094039917,32305600,0.0,0.0
1996-03-29 00:00:00-05:00,4.002847540116572,4.048046314323341,3.968672857179746,4.0127692222595215,36318400,0.0,0.0
1996-04-01 00:00:00-05:00,4.030406475067139,4.056864285625567,3.9951293943225687,4.030406475067139,28519200,0.0,0.0
1996-04-02 00:00:00-05:00,4.030407768291431,4.039227041307386,3.9951306762276113,4.0127692222595215,17644800,0.0,0.0
1996-04-03 00:00:00-05:00,4.0039503548512485,4.083323820035525,3.977492533123157,4.065685272216797,33368800,0.0,0.0
1996-04-04 00:00:00-05:00,4.074505172198331,4.189155750636813,4.048047346404836,4.1803364753723145,72766400,0.0,0.0
1996-04-08 00:00:00-04:00,4.118601103910466,4.294986590159308,4.109781829598024,4.277348041534424,115408800,0.0,0.0
1996-04-09 00:00:00-04:00,4.339083631110913,4.383180009475862,4.277348701399986,4.365541458129883,115986400,0.0,0.0
1996-04-10 00:00:00-04:00,4.330263104998631,4.453732928766413,4.321443831872361,4.356720924377441,131409600,0.0,0.0
1996-04-11 00:00:00-04:00,4.330263916795833,4.374360290693957,4.224432619440334,4.264119625091553,105884000,0.0,0.0
1996-04-12 00:00:00-04:00,4.259709430190752,4.268528704373342,4.197974510912625,4.206793785095215,48440800,0.0,0.0
1996-04-15 00:00:00-04:00,4.215613121347329,4.294986590159308,4.206793847034887,4.277348041534424,42540800,0.0,0.0
1996-04-16 00:00:00-04:00,4.515468825264932,4.5860230256596966,4.497830275166241,4.577203750610352,191147200,0.0,0.0
1996-04-17 00:00:00-04:00,4.559564889812836,4.5838178945458825,4.496727559368123,4.528697967529297,70596000,0.0,0.0
1996-04-18 00:00:00-04:00,4.54192687350081,4.647758179291119,4.533107598018284,4.638938903808594,73107200,0.0,0.0
1996-04-19 00:00:00-04:00,4.691854286924633,4.691854286924633,4.594842262194987,4.60366153717041,62551200,0.0,0.0
1996-04-22 00:00:00-04:00,4.630120192066769,4.78004789352417,4.630120192066769,4.78004789352417,83480800,0.0,0.0
1996-04-23 00:00:00-04:00,4.7635111969582224,4.8065051651788595,4.709493134322038,4.805402755737305,63572000,0.0,0.0
1996-04-24 00:00:00-04:00,4.86824100127848,4.965253050217001,4.797686783868647,4.9564337730407715,163722400,0.0,0.0
1996-04-25 00:00:00-04:00,4.938792257805487,4.938792257805487,4.850599538916103,4.912334442138672,77232800,0.0,0.0
1996-04-26 00:00:00-04:00,4.91233686849959,4.965252525969963,4.86824048727428,4.885879039764404,73344800,0.0,0.0
1996-04-29 00:00:00-04:00,4.862228530043856,4.871052901241757,4.7916335604606415,4.809282302856445,35319200,0.005,0.0
1996-04-30 00:00:00-04:00,4.7916331511142065,4.800457521558247,4.7464082525884965,4.782808780670166,46836800,0.0,0.0
1996-05-01 00:00:00-04:00,4.756337067479367,4.866642269051294,4.747512694441372,4.791634559631348,52056800,0.0,0.0
1996-05-02 00:00:00-04:00,4.791635487009498,4.862230484976489,4.782811112263624,4.800459861755371,63019200,0.0,0.0
1996-05-03 00:00:00-04:00,4.818106037173238,4.897525367456314,4.8004572971103325,4.848991870880127,61840800,0.0,0.0
1996-05-06 00:00:00-04:00,4.844581102024425,4.871054222800515,4.791634860472246,4.853405475616455,40720800,0.0,0.0
1996-05-07 00:00:00-04:00,4.8622295439353085,4.888702663049294,4.782810186593353,4.791634559631348,42147200,0.0,0.0
1996-05-08 00:00:00-04:00,4.773986113288186,4.871054222800515,4.6945667509599165,4.853405475616455,64528800,0.0,0.0
1996-05-09 00:00:00-04:00,4.862228438719591,4.915174664912545,4.826930954590956,4.844579696655273,50893600,0.0,0.0
1996-05-10 00:00:00-04:00,4.888701461322915,4.906350203060543,4.8622283487164735,4.879877090454102,48227200,0.0,0.0
1996-05-13 00:00:00-04:00,4.879875258701604,5.065186977386475,4.871050891145182,5.065186977386475,76656800,0.0,0.0
1996-05-14 00:00:00-04:00,5.0828393114983115,5.188731797154526,5.074014937693627,5.1446099281311035,114499200,0.0,0.0
1996-05-15 00:00:00-04:00,5.126959368354916,5.197554333840009,5.100486256298006,5.109310626983643,60852000,0.0,0.0
1996-05-16 00:00:00-04:00,5.065190766375998,5.100488263005795,5.0298932697462,5.074015140533447,40033600,0.0,0.0
1996-05-17 00:00:00-04:00,5.100489388450797,5.109313764555383,5.012245627404935,5.0210700035095215,40084000,0.0,0.0
1996-05-20 00:00:00-04:00,5.038717824808308,5.065190948231119,5.003420326911227,5.012244701385498,33077600,0.0,0.0
1996-05-21 00:00:00-04:00,5.012243413416092,5.029892157829529,4.950472807969063,4.959297180175781,39953600,0.0,0.0
1996-05-22 00:00:00-04:00,4.9239997624924445,4.950472879495091,4.879877900821365,4.93282413482666,45796800,0.0,0.0
1996-05-23 00:00:00-04:00,4.950473634023515,5.0651904918529365,4.915176139306769,5.003419876098633,45295200,0.0,0.0
1996-05-24 00:00:00-04:00,5.003420326911227,5.038717824808308,4.985771577962687,5.012244701385498,33536800,0.0,0.0
1996-05-28 00:00:00-04:00,5.021067366106756,5.153432938148235,5.021067366106756,5.118135452270508,53196800,0.0,0.0
1996-05-29 00:00:00-04:00,5.1269590641696485,5.153432174655895,5.029890992386746,5.038715362548828,59422400,0.0,0.0
1996-05-30 00:00:00-04:00,5.038713436860305,5.0563621704395,4.994591602912315,5.047537803649902,61696800,0.0,0.0
1996-05-31 00:00:00-04:00,5.215205797296486,5.338747051377959,5.199763140536302,5.329922676086426,145089600,0.0,0.0
1996-06-03 00:00:00-04:00,5.303448845861786,5.435814457655342,5.276975723503075,5.409341335296631,69614400,0.0,0.0
1996-06-04 00:00:00-04:00,5.435813016693038,5.471110503814422,5.3563936706699256,5.387279510498047,56274400,0.0,0.0
1996-06-05 00:00:00-04:00,5.365218942533664,5.435813928619633,5.3387458227514255,5.426989555358887,35413600,0.0,0.0
1996-06-06 00:00:00-04:00,5.453461537725505,5.471110280566041,5.303447223580952,5.312271595001221,51574400,0.0,0.0
1996-06-07 00:00:00-04:00,5.20748218438554,5.329920337841756,5.188730395117471,5.312271595001221,70562400,0.0,0.0
1996-06-10 00:00:00-04:00,5.312266964132428,5.312266964132428,5.232847690582275,5.232847690582275,36408000,0.0,0.0
1996-06-11 00:00:00-04:00,5.250500995059346,5.35639345210256,5.224027880798542,5.312271595001221,42351200,0.0,0.0
1996-06-12 00:00:00-04:00,5.391691137991045,5.488759227218379,5.356393650999287,5.418164253234863,66422400,0.0,0.0
1996-06-13 00:00:00-04:00,5.418165562947591,5.418165562947591,5.276975580851237,5.294624328613281,62036000,0.0,0.0
1996-06-14 00:00:00-04:00,5.28579939391515,5.2946237668599165,5.135785053854119,5.153433799743652,61307200,0.0,0.0
1996-06-17 00:00:00-04:00,5.162256434559823,5.171080804533429,5.029890884955725,5.082837104797363,70758400,0.0,0.0
1996-06-18 00:00:00-04:00,5.0828373910690505,5.091661761539656,4.959296204480566,4.968120574951172,60051200,0.0,0.0
1996-06-19 00:00:00-04:00,4.994593511738418,5.065188473035074,4.968120401252172,5.038715362548828,71435200,0.0,0.0
1996-06-20 00:00:00-04:00,5.04754313182328,5.074016260137038,4.959299370777418,5.0210700035095215,73817600,0.0,0.0
1996-06-21 00:00:00-04:00,5.038715362548828,5.056364102872992,4.968120401252172,5.038715362548828,54253600,0.0,0.0
1996-06-24 00:00:00-04:00,5.038716026537738,5.241676567011238,5.029891655212804,5.196451663970947,57836800,0.0,0.0
1996-06-25 00:00:00-04:00,5.224029292373265,5.259326787592003,5.091663685302996,5.1446099281311035,34814400,0.0,0.0
1996-06-26 00:00:00-04:00,5.153432938148235,5.153432938148235,5.021067366106756,5.118135452270508,59177600,0.0,0.0
1996-06-27 00:00:00-04:00,5.109311299880749,5.224028133902251,5.051953421466912,5.215203762054443,46257600,0.0,0.0
1996-06-28 00:00:00-04:00,5.232852044771023,5.250500786911903,5.171081447277942,5.184318542480469,32252800,0.0,0.0
1996-07-01 00:00:00-04:00,5.206378224288763,5.321095032620549,5.179905114673735,5.303446292877197,35018400,0.0,0.0
1996-07-02 00:00:00-04:00,5.285801438583578,5.357499496494248,5.259328309508869,5.276977062225342,51651200,0.0,0.0
1996-07-03 00:00:00-04:00,5.26814885609138,5.294621965920985,5.1975538965457675,5.285797595977783,60736000,0.0,0.0
1996-07-05 00:00:00-04:00,5.1534334906672274,5.25932595965354,5.082838511343018,5.091662883758545,39507200,0.0,0.0
1996-07-08 00:00:00-04:00,5.100487562075053,5.25932627508085,5.08283881618552,5.153433799743652,65053600,0.0,0.0
1996-07-09 00:00:00-04:00,5.215202416025191,5.241675524735979,5.1622561986036155,5.179904937744141,35956800,0.0,0.0
1996-07-10 00:00:00-04:00,5.153434301935788,5.162258675740473,5.0475418162795735,5.1446099281311035,91695200,0.0,0.0
1996-07-11 00:00:00-04:00,5.056367878433612,5.082841008687192,4.844582836404979,4.90635347366333,145704000,0.0,0.0
1996-07-12 00:00:00-04:00,5.003417903498599,5.06739458744986,4.950471682297556,5.029891014099121,141623200,0.0,0.0
1996-07-15 00:00:00-04:00,4.976945170011055,5.003418282617496,4.844579606978846,4.879877090454102,97682400,0.0,0.0
1996-07-16 00:00:00-04:00,4.844582257952009,4.950474766322545,4.526904732840402,4.941650390625,200755200,0.0,0.0
1996-07-17 00:00:00-04:00,5.224027583736399,5.241676325573347,4.994593939856085,5.0563645362854,199531200,0.0,0.0
1996-07-18 00:00:00-04:00,5.0916623378622115,5.1357841952093715,5.029891737576189,5.118135452270508,80169600,0.0,0.0
1996-07-19 00:00:00-04:00,5.100487137168543,5.17990648705525,5.056365276120372,5.13578462600708,76216000,0.0,0.0
1996-07-22 00:00:00-04:00,5.126959870018348,5.135784241567433,5.037613108083863,5.100486755371094,52232000,0.0,0.0
1996-07-23 00:00:00-04:00,5.135787269194349,5.135787269194349,4.871055966658558,4.90635347366333,105624000,0.0,0.0
1996-07-24 00:00:00-04:00,4.685740952906402,4.959296451098677,4.660370886541795,4.8710527420043945,133832000,0.0,0.0
1996-07-25 00:00:00-04:00,4.986873461324173,5.100487256174071,4.92399980786355,5.091662883758545,74887200,0.0,0.0
1996-07-26 00:00:00-04:00,5.1269609077209575,5.250502134413029,5.109312161050662,5.241677761077881,82870400,0.0,0.0
1996-07-29 00:00:00-04:00,5.224029292373265,5.3034486566154255,5.1446099281311035,5.1446099281311035,70988800,0.0,0.0
1996-07-30 00:00:00-04:00,5.201123934833943,5.271767383863946,5.16138753372131,5.254106521606445,58967200,0.00625,0.0
1996-07-31 00:00:00-04:00,5.264040502256244,5.3247497133328,5.236445406312355,5.307088851928711,64205600,0.0,0.0
1996-08-01 00:00:00-04:00,5.324749558777004,5.441752762182966,5.289427836994072,5.439545154571533,81130400,0.0,0.0
1996-08-02 00:00:00-04:00,5.510189274379186,5.58966315814427,5.500255038908549,5.563171863555908,107475200,0.0,0.0
1996-08-05 00:00:00-04:00,5.5631703186035155,5.624983322143555,5.519018173217773,5.519018173217773,60604800,0.0,0.0
1996-08-06 00:00:00-04:00,5.492527569217114,5.642644882202148,5.474866708865934,5.642644882202148,64801600,0.0,0.0
1996-08-07 00:00:00-04:00,5.669139777385992,5.836918057402088,5.651478905805351,5.818153381347656,109771200,0.0,0.0
1996-08-08 00:00:00-04:00,5.775100234123206,5.802695323162403,5.6867959491977755,5.704456806182861,86504800,0.0,0.0
1996-08-09 00:00:00-04:00,5.6426466918679035,5.836916218035499,5.616155392845049,5.819255352020264,121416800,0.0,0.0
1996-08-12 00:00:00-04:00,5.801594257354736,5.881068151291102,5.739781228737563,5.801594257354736,53275200,0.0,0.0
1996-08-13 00:00:00-04:00,5.748610884229714,5.783932610092876,5.616154412242854,5.669137001037598,60300000,0.0,0.0
1996-08-14 00:00:00-04:00,5.6956306072550085,5.7927653928050935,5.686800172205,5.775104522705078,50572800,0.0,0.0
1996-08-15 00:00:00-04:00,5.76627408765507,5.810426262905109,5.739782782505047,5.775104522705078,30832000,0.0,0.0
1996-08-16 00:00:00-04:00,5.766272928243802,5.801594661341773,5.7132903285968455,5.722120761871338,44319200,0.0,0.0
1996-08-19 00:00:00-04:00,5.704456806182861,5.7309480916604905,5.633813378242516,5.704456806182861,30192000,0.0,0.0
1996-08-20 00:00:00-04:00,5.704459958106466,5.713290391478148,5.616155624389648,5.616155624389648,33337600,0.0,0.0
1996-08-21 00:00:00-04:00,5.56317182344811,5.669137001037598,5.545510960516529,5.669137001037598,45863200,0.0,0.0
1996-08-22 00:00:00-04:00,5.713290248290602,5.863407611846924,5.695629381989859,5.863407611846924,58090400,0.0,0.0
1996-08-23 00:00:00-04:00,5.8369121449282115,5.872233852310531,5.761854055707266,5.766268730163574,32100800,0.0,0.0
1996-08-26 00:00:00-04:00,5.748609424737783,5.7574398539616505,5.68679642017071,5.739778995513916,32749600,0.0,0.0
1996-08-27 00:00:00-04:00,5.748606803958402,5.766267654354587,5.6691329771755665,5.757437229156494,41030400,0.0,0.0
1996-08-28 00:00:00-04:00,5.775100712409386,5.810422429304856,5.730948566290048,5.739778995513916,32015200,0.0,0.0
1996-08-29 00:00:00-04:00,5.730950585524973,5.78393317953599,5.713289720854634,5.7486114501953125,37079200,0.0,0.0
1996-08-30 00:00:00-04:00,5.7397797339641725,5.757440594684063,5.6338145696448345,5.638230323791504,26062400,0.0,0.0
1996-09-03 00:00:00-04:00,5.589660193251979,5.783929583854733,5.545508059024081,5.766268730163574,50458400,0.0,0.0
1996-09-04 00:00:00-04:00,5.775104969105822,5.828087583501288,5.748613661908089,5.810426712036133,39469600,0.0,0.0
1996-09-05 00:00:00-04:00,5.7662716163221255,5.792762910118399,5.677967303667882,5.6956281661987305,54436000,0.0,0.0
1996-09-06 00:00:00-04:00,5.748609424737783,5.801592000080989,5.68679642017071,5.739778995513916,39244000,0.0,0.0
1996-09-09 00:00:00-04:00,5.748612425998299,5.907560235012077,5.7397819921642,5.8987298011779785,56342400,0.0,0.0
1996-09-10 00:00:00-04:00,5.889896027395553,5.970473690439008,5.845743883262153,5.956124782562256,77851200,0.0,0.0
1996-09-11 00:00:00-04:00,5.925217270851135,6.0135215520858765,5.916386842727661,6.004691123962402,46831200,0.0,0.0
1996-09-12 00:00:00-04:00,6.022351861174599,6.048843145021408,5.978199721429917,6.031182289123535,49197600,0.0,0.0
1996-09-13 00:00:00-04:00,6.1150740050986085,6.250841342726497,6.040014802648665,6.225453853607178,82940000,0.0,0.0
1996-09-16 00:00:00-04:00,6.225454790467772,6.313759113736818,6.190133061160154,6.260776519775391,70357600,0.0,0.0
1996-09-17 00:00:00-04:00,6.675806769009294,6.711128497945851,6.525689421028926,6.658145904541016,152990400,0.0,0.0
1996-09-18 00:00:00-04:00,6.702298375671985,6.887737461164885,6.596333183961756,6.7552809715271,103812000,0.0,0.0
1996-09-19 00:00:00-04:00,6.728787634790558,6.88773537419506,6.711126774856725,6.852413654327393,66176000,0.0,0.0
1996-09-20 00:00:00-04:00,6.861243484262019,6.931886917819414,6.781769621509949,6.878904342651367,81262400,0.0,0.0
1996-09-23 00:00:00-04:00,6.82592454840558,6.852415846782316,6.728789787690883,6.764111518859863,48962400,0.0,0.0
1996-09-24 00:00:00-04:00,6.790604926761567,6.905400588722426,6.790604926761567,6.81709623336792,63469600,0.0,0.0
1996-09-25 00:00:00-04:00,6.861243842500035,6.887735131467217,6.799430834909945,6.870074272155762,46242400,0.0,0.0
1996-09-26 00:00:00-04:00,6.896565201040716,7.029021638960833,6.817091338288646,6.878904342651367,82620800,0.0,0.0
1996-09-27 00:00:00-04:00,6.905399002567415,6.905399002567415,6.81709466749622,6.843585968017578,33680000,0.0,0.0
1996-09-30 00:00:00-04:00,6.834752452647794,6.852413311698563,6.728787298343177,6.7420334815979,42668000,0.0,0.0
1996-10-01 00:00:00-04:00,6.684637623729657,6.790602817236599,6.658146325352921,6.764111518859863,55946400,0.0,0.0
1996-10-02 00:00:00-04:00,6.781769723603221,7.0201913154486455,6.772939294275612,6.99370002746582,71916800,0.0,0.0
1996-10-03 00:00:00-04:00,6.984871014877779,7.0820057571832855,6.931888428165684,7.029023170471191,71356000,0.0,0.0
1996-10-04 00:00:00-04:00,7.1173263642313005,7.187969802089676,7.0643437858375195,7.1835551261901855,44334400,0.0,0.0
1996-10-07 00:00:00-04:00,7.187973489590034,7.41756478041232,7.187973489590034,7.373412609100342,52123200,0.0,0.0
1996-10-08 00:00:00-04:00,7.452881954986084,7.558847101265507,7.161477802717671,7.179138660430908,112148800,0.0,0.0
1996-10-09 00:00:00-04:00,7.329258652867881,7.346919517091659,7.1173282821825445,7.126158714294434,105073600,0.0,0.0
1996-10-10 00:00:00-04:00,7.011365023960309,7.196804149279159,7.002534589421316,7.055517196655273,67277600,0.0,0.0
1996-10-11 00:00:00-04:00,7.249783230846038,7.444052696228027,7.240952800601403,7.444052696228027,88411200,0.0,0.0
1996-10-14 00:00:00-04:00,7.532360503897849,7.647156150498872,7.461717029066451,7.603003978729248,89480800,0.0,0.0
1996-10-15 00:00:00-04:00,8.062182468289867,8.07101289815656,7.752013619222308,7.850252151489258,160209600,0.0,0.0
1996-10-16 00:00:00-04:00,7.806106531395102,7.981611471792701,7.702348893675767,7.956223964691162,87092000,0.0,0.0
1996-10-17 00:00:00-04:00,8.00037153687488,8.044523697674409,7.823762893676758,7.823762893676758,67586400,0.0,0.0
1996-10-18 00:00:00-04:00,7.823764118281278,7.823764118281278,7.717798915776339,7.770781517028809,62257600,0.0,0.0
1996-10-21 00:00:00-04:00,7.744289102797719,7.8579809183034435,7.5676804573519325,7.611832618713379,66499200,0.0,0.0
1996-10-22 00:00:00-04:00,7.558847440927515,7.611830016448035,7.399899714365955,7.452882289886475,97193600,0.0,0.0
1996-10-23 00:00:00-04:00,7.435223577226911,7.735458258492606,7.399901850019183,7.726627826690674,83144800,0.0,0.0
1996-10-24 00:00:00-04:00,7.761949244765348,7.859083990718043,7.594171047210693,7.594171047210693,69354400,0.0,0.0
1996-10-25 00:00:00-04:00,7.576509149897565,7.726626464056375,7.444052696228027,7.444052696228027,56904800,0.0,0.0
1996-10-28 00:00:00-05:00,7.479375954506532,7.594171571281721,7.461715090387272,7.488206386566162,61611200,0.0,0.0
1996-10-29 00:00:00-05:00,7.532360425823463,7.576512597135441,7.3292604377883634,7.373412609100342,77648000,0.0,0.0
1996-10-30 00:00:00-05:00,7.412280370256661,7.588973585280658,7.403445709505461,7.544800281524658,69940000,0.00625,0.0
1996-10-31 00:00:00-05:00,7.580139082039583,7.783336283539478,7.571304421104805,7.765666961669922,66129600,0.0,0.0
1996-11-01 00:00:00-05:00,7.765665343712116,7.765665343712116,7.633145457300647,7.686153411865234,61486400,0.0,0.0
1996-11-04 00:00:00-05:00,7.69499178731968,7.827511737732763,7.6596531338761915,7.8010077476501465,46838400,0.0,0.0
1996-11-05 00:00:00-05:00,7.8010066737208446,8.08371586234946,7.8010066737208446,8.057211875915527,82406400,0.0,0.0
1996-11-06 00:00:00-05:00,8.057212083497634,8.437102565504649,8.004204109264096,8.401763916015625,111770400,0.0,0.0
1996-11-07 00:00:00-05:00,8.481277575146335,8.816994812495878,8.39293093373856,8.63146686553955,129250400,0.0,0.0
1996-11-08 00:00:00-05:00,8.61379866219737,8.693310649848422,8.507782678662632,8.640302658081055,69125600,0.0,0.0
1996-11-11 00:00:00-05:00,8.62263367130345,8.763988321652686,8.569625677422486,8.75515365600586,49158400,0.0,0.0
1996-11-12 00:00:00-05:00,8.834662516255024,8.84349717877128,8.490110678121079,8.551953315734863,98851200,0.0,0.0
1996-11-13 00:00:00-05:00,8.560788733191071,8.578458059781765,8.376365136900706,8.445938110351562,72973600,0.0,0.0
1996-11-14 00:00:00-05:00,8.384094101047616,8.569622000017057,8.348755453624864,8.472440719604492,77549600,0.0,0.0
1996-11-15 00:00:00-05:00,8.498950703115781,8.498950703115781,8.154398647584062,8.189737319946289,121340000,0.0,0.0
1996-11-18 00:00:00-05:00,8.216234870489085,8.269242837395465,8.030706986316751,8.15439224243164,98204800,0.0,0.0
1996-11-19 00:00:00-05:00,8.136722022702235,8.551951051005172,8.127887362525577,8.534281730651855,89967200,0.0,0.0
1996-11-20 00:00:00-05:00,8.57845521096483,8.799321720001,8.52655158134133,8.543116569519043,99407200,0.0,0.0
1996-11-21 00:00:00-05:00,8.604961150577516,8.613795812949773,8.322251954665319,8.401763916015625,95869600,0.0,0.0
1996-11-22 00:00:00-05:00,8.46360689474612,8.666804137521861,8.4282682438286,8.65796947479248,76026400,0.0,0.0
1996-11-25 00:00:00-05:00,8.613797617547306,8.66680560288606,8.437104333084797,8.58729362487793,62263200,0.0,0.0
1996-11-26 00:00:00-05:00,8.613796956611402,8.799324891061493,8.445938349251795,8.746316909790039,124950400,0.0,0.0
1996-11-27 00:00:00-05:00,8.790489504626802,8.993686749457371,8.72864686489576,8.94951343536377,85092800,0.0,0.0
1996-11-29 00:00:00-05:00,8.967182159423828,8.993686146101927,8.949512834971761,8.967182159423828,19584800,0.0,0.0
1996-12-02 00:00:00-05:00,8.905343654936393,9.011359650828494,8.790492992719953,8.984855651855469,62268000,0.0,0.0
1996-12-03 00:00:00-05:00,9.00252323851448,9.143877872288996,8.878837933961778,8.896507263183594,75824000,0.0,0.0
1996-12-04 00:00:00-05:00,8.976020459502822,9.161548441441363,8.896508467243446,9.152713775634766,97301600,0.0,0.0
1996-12-05 00:00:00-05:00,9.21455370752435,9.21455370752435,8.993687127765858,9.064364433288574,82200800,0.0,0.0
1996-12-06 00:00:00-05:00,8.799327993410024,9.020194659911281,8.719815993469574,8.883257865905762,104533600,0.0,0.0
1996-12-09 00:00:00-05:00,8.887669107984971,9.196882247924805,8.887669107984971,9.196882247924805,59799200,0.0,0.0
1996-12-10 00:00:00-05:00,9.382411611507154,9.426584924179034,9.117371735475878,9.126206398010254,86302400,0.0,0.0
1996-12-11 00:00:00-05:00,9.099706414627702,9.682794398477634,9.046698416095891,9.673959732055664,168052000,0.0,0.0
1996-12-12 00:00:00-05:00,9.974338390402599,10.000842389668504,9.665125065633696,9.673959732055664,151984800,0.0,0.0
1996-12-13 00:00:00-05:00,9.65628694474866,9.6916255977944,9.329404404075557,9.355908393859863,125048800,0.0,0.0
1996-12-16 00:00:00-05:00,9.426584151030056,9.461922798269157,8.967181736921749,8.993685722351074,118759200,0.0,0.0
1996-12-17 00:00:00-05:00,8.94951156286093,9.249890035849353,8.931842240920435,9.188047409057617,119589600,0.0,0.0
1996-12-18 00:00:00-05:00,9.34707463336474,9.603279892691372,9.276397320447048,9.59444522857666,85812000,0.0,0.0
1996-12-19 00:00:00-05:00,9.709292589534414,9.815308523178102,9.612111317027699,9.718127250671387,89845600,0.0,0.0
1996-12-20 00:00:00-05:00,9.753466592857764,9.753466592857764,9.488426739790977,9.514930725097656,107156000,0.0,0.0
1996-12-23 00:00:00-05:00,9.532600507393676,9.532600507393676,9.338237939124296,9.34707260131836,57603200,0.0,0.0
1996-12-24 00:00:00-05:00,9.355907092675071,9.585608305526396,9.249891148282153,9.576773643493652,34854400,0.0,0.0
1996-12-26 00:00:00-05:00,9.60327352173047,9.771132028550046,9.550265572208499,9.656281471252441,49676800,0.0,0.0
1996-12-27 00:00:00-05:00,9.691625036801437,9.700459699551484,9.532601107300593,9.567939758300781,33370400,0.0,0.0
1996-12-30 00:00:00-05:00,9.620947598963697,9.65628624946494,9.417750358581543,9.417750358581543,45784000,0.0,0.0
1996-12-31 00:00:00-05:00,9.426586557174355,9.470759877498509,9.24105861181291,9.254310607910156,51322400,0.0,0.0
1997-01-02 00:00:00-05:00,9.311735129424962,9.32940445604626,9.020191240173515,9.214553833007812,97639200,0.0,0.0
1997-01-03 00:00:00-05:00,9.400083395416067,9.788808648609965,9.37357940088012,9.779973983764648,95648000,0.0,0.0
1997-01-06 00:00:00-05:00,9.832978848612706,10.01850675141672,9.735797566191556,9.815309524536133,120549600,0.0,0.0
1997-01-07 00:00:00-05:00,9.793224413288918,10.142193618814325,9.682791120401133,10.1333589553833,96153600,0.0,0.0
1997-01-08 00:00:00-05:00,10.177533570408611,10.292384209658014,10.019613941440683,10.053848266601562,125510400,0.0,0.0
1997-01-09 00:00:00-05:00,10.133355559168995,10.17752886151934,10.018504973058102,10.106851577758789,77420000,0.0,0.0
1997-01-10 00:00:00-05:00,10.04501106004814,10.230538968808924,10.00083774843843,10.212869644165039,111907200,0.0,0.0
1997-01-13 00:00:00-05:00,10.301216756942425,10.443675693653999,10.177531478557182,10.380728721618652,116600000,0.0,0.0
1997-01-14 00:00:00-05:00,10.451403501991914,10.583923411146502,10.354222235278549,10.398395538330078,113872800,0.0,0.0
1997-01-15 00:00:00-05:00,10.424905797125588,10.45140979491489,10.00084183249675,10.03618049621582,227419200,0.0,0.0
1997-01-16 00:00:00-05:00,10.159860565748206,10.318884470255568,10.040592637367684,10.062679290771484,133381600,0.0,0.0
1997-01-17 00:00:00-05:00,10.03617390862256,10.274709732154962,10.03617390862256,10.18194580078125,97962400,0.0,0.0
1997-01-20 00:00:00-05:00,10.204034138874835,10.314467408776077,10.176425821399524,10.265876770019531,58668800,0.0,0.0
1997-01-21 00:00:00-05:00,10.257046017982931,10.486747306930008,10.239376688063926,10.46466064453125,64573600,0.0,0.0
1997-01-22 00:00:00-05:00,10.495579110665114,10.760618987197061,10.371893834950205,10.751784324645996,88490400,0.0,0.0
1997-01-23 00:00:00-05:00,10.831295753428728,11.016823657851244,10.716445145929077,10.725279808044434,99123200,0.0,0.0
1997-01-24 00:00:00-05:00,10.742948310319768,10.92847620054733,10.628097711607467,10.636932373046875,114352000,0.0,0.0
1997-01-27 00:00:00-05:00,10.664540155047085,10.760617093380842,10.54858522947186,10.610427856445312,69532000,0.0,0.0
1997-01-28 00:00:00-05:00,10.787124262740281,10.866636235192912,10.58392699980578,10.672273635864258,58843200,0.0,0.0
1997-01-29 00:00:00-05:00,10.781858533572688,10.940935134887695,10.71115782187713,10.940935134887695,74363200,0.00625,0.0
1997-01-30 00:00:00-05:00,11.073503634968741,11.329793822849103,11.011640486170034,11.320956230163574,88168000,0.0,0.0
1997-01-31 00:00:00-05:00,11.356303684516755,11.594918625747846,11.329790913268855,11.471192359924316,100647200,0.0,0.0
1997-02-03 00:00:00-05:00,11.559565878023545,11.665616941124679,11.45351481492241,11.586078643798828,77328000,0.0,0.0
1997-02-04 00:00:00-05:00,11.612592186298283,11.65678013221266,11.480028348555152,11.647942543029785,89346400,0.0,0.0
1997-02-05 00:00:00-05:00,11.515383678703126,11.524221271702897,10.95861531971748,11.117691993713379,187991200,0.0,0.0
1997-02-06 00:00:00-05:00,11.091174623917562,11.126524981284629,10.65813274617098,10.82604694366455,180376800,0.0,0.0
1997-02-07 00:00:00-05:00,10.97628408198734,11.117685487230332,10.905583379365844,11.055822372436523,117951200,0.0,0.0
1997-02-10 00:00:00-05:00,11.153033392545318,11.214896493771798,10.674699056276289,10.719991683959961,126322400,0.0,0.0
1997-02-11 00:00:00-05:00,10.896746423334816,10.94093436503528,10.357653534589135,10.728832244873047,151842400,0.0,0.0
1997-02-12 00:00:00-05:00,10.728833794783936,11.100012558689148,10.64045789861603,11.082337379455566,112742400,0.0,0.0
1997-02-13 00:00:00-05:00,11.170707739082872,11.241408420975802,11.029306375297011,11.100007057189941,96499200,0.0,0.0
1997-02-14 00:00:00-05:00,11.03814646186952,11.10000957254453,10.852557129844492,10.923257827758789,69313600,0.0,0.0
1997-02-18 00:00:00-05:00,10.905585619742194,10.967448747244784,10.755346595807334,10.932098388671875,60033600,0.0,0.0
1997-02-19 00:00:00-05:00,10.896750233214043,11.011638921804296,10.834887093203907,10.879075050354004,55190400,0.0,0.0
1997-02-20 00:00:00-05:00,10.764184773614549,10.81721031437127,10.559815501948016,10.596270561218262,128985600,0.0,0.0
1997-02-21 00:00:00-05:00,10.569758547971025,10.579700837575096,10.278118052918314,10.3488187789917,127490400,0.0,0.0
1997-02-24 00:00:00-05:00,10.172064679666217,10.56975617452719,10.05717602559527,10.543243408203125,131964800,0.0,0.0
1997-02-25 00:00:00-05:00,10.65813087155897,10.702318810495782,10.42835358908755,10.525567054748535,99163200,0.0,0.0
1997-02-26 00:00:00-05:00,10.499057821897642,10.516733003415988,10.233930099122448,10.3488187789917,94690400,0.0,0.0
1997-02-27 00:00:00-05:00,10.331141897886374,10.339979487191666,9.871587254011189,9.87932014465332,101312000,0.0,0.0
1997-02-28 00:00:00-05:00,9.862750237418691,10.225091419976188,9.68599844104918,10.030664443969727,149775200,0.0,0.0
1997-03-03 00:00:00-05:00,9.97763954479672,10.322305569816269,9.933451592871135,10.313467979431152,82524000,0.0,0.0
1997-03-04 00:00:00-05:00,10.366493960510045,10.5785961387302,10.322306006714179,10.3488187789917,120270400,0.0,0.0
1997-03-05 00:00:00-05:00,10.463704495126986,10.578593142455238,10.43719173035893,10.569755554199219,99617600,0.0,0.0
1997-03-06 00:00:00-05:00,10.569754707946515,10.622780233237217,10.260439143750755,10.278114318847656,115592000,0.0,0.0
1997-03-07 00:00:00-05:00,10.357653807264587,10.463704870137603,10.074850972936543,10.145551681518555,86213600,0.0,0.0
1997-03-10 00:00:00-05:00,10.127877606011426,10.304629396692254,10.004151352534846,10.233928680419922,82115200,0.0,0.0
1997-03-11 00:00:00-05:00,10.225086479783577,10.33113750636733,10.145548209845762,10.1720609664917,80986400,0.0,0.0
1997-03-12 00:00:00-05:00,10.119038246141423,10.172063774068802,9.898098546444011,10.092525482177734,98388000,0.0,0.0
1997-03-13 00:00:00-05:00,10.012988712513343,10.145552552484833,9.898100051204716,9.986475944519043,90898400,0.0,0.0
1997-03-14 00:00:00-05:00,10.048332060453358,10.12787030895299,9.72134148328821,9.747854232788086,81598400,0.0,0.0
1997-03-17 00:00:00-05:00,9.62413333382331,9.668321273831681,9.288304989759688,9.64180850982666,161466400,0.0,0.0
1997-03-18 00:00:00-05:00,9.703671005569822,9.756696530190421,9.535756844271255,9.668320655822754,95223200,0.0,0.0
1997-03-19 00:00:00-05:00,9.5799523543954,9.615302732086898,9.332499710554929,9.429713249206543,134926400,0.0,0.0
1997-03-20 00:00:00-05:00,9.447383550497202,9.562272218557505,9.279469343332144,9.420870780944824,107778400,0.0,0.0
1997-03-21 00:00:00-05:00,9.44738497770609,9.487154138042552,9.217607606873202,9.226445198059082,82396800,0.0,0.0
1997-03-24 00:00:00-05:00,9.164574596642307,9.270625604510878,8.890609492981834,9.235275268554688,169920800,0.0,0.0
1997-03-25 00:00:00-05:00,9.279469343332144,9.544597038855919,9.191093444824219,9.420870780944824,115583200,0.0,0.0
1997-03-26 00:00:00-05:00,9.526919855753581,9.951124079386393,9.491569503784179,9.942286491394043,127732800,0.0,0.0
1997-03-27 00:00:00-05:00,10.07485577359675,10.172069294219176,9.703676876674765,9.836240768432617,140616000,0.0,0.0
1997-03-31 00:00:00-05:00,9.809727990081047,9.915779103487328,9.686001691107052,9.836240768432617,107790400,0.0,0.0
1997-04-01 00:00:00-05:00,9.730181805699221,9.880420761827184,9.71250663439005,9.849489212036133,90782400,0.0,0.0
1997-04-02 00:00:00-05:00,9.81856083695906,9.853911191007517,9.650646655228886,9.685997009277344,102557600,0.0,0.0
1997-04-03 00:00:00-05:00,9.632970911661783,9.968799255371094,9.624133323669433,9.942286491394043,102904800,0.0,0.0
1997-04-04 00:00:00-05:00,9.889265661404051,10.278119717795274,9.871590477022632,10.251606941223145,125324800,0.0,0.0
1997-04-07 00:00:00-04:00,10.322302030551855,10.543241714424969,10.247182538034997,10.260438919067383,98964000,0.0,0.0
1997-04-08 00:00:00-04:00,10.286952415839526,10.37532829570069,10.207414123964478,10.365386009216309,84747200,0.0,0.0
1997-04-09 00:00:00-04:00,10.428358305946176,10.481383856654377,10.03950426741937,10.05717945098877,81705600,0.0,0.0
1997-04-10 00:00:00-04:00,10.092526312517121,10.092526312517121,9.687101930217015,9.703672409057617,123181600,0.0,0.0
1997-04-11 00:00:00-04:00,9.562273663122534,9.562273663122534,9.1734196509438,9.226445198059082,192564000,0.0,0.0
1997-04-14 00:00:00-04:00,9.341332907097362,9.465059170767526,9.222025438558276,9.456221580505371,154790400,0.0,0.0
1997-04-15 00:00:00-04:00,9.341329512705329,9.438542970264232,9.067364314130245,9.261791229248047,199704800,0.0,0.0
1997-04-16 00:00:00-04:00,9.261791079791625,9.509243513221172,9.252953492883426,9.473893165588379,100414400,0.0,0.0
1997-04-17 00:00:00-04:00,9.56227351271588,9.822982448598614,9.509247966434645,9.75670051574707,130948000,0.0,0.0
1997-04-18 00:00:00-04:00,9.924615918231641,9.924615918231641,9.686000931773712,9.694838523864746,106872000,0.0,0.0
1997-04-21 00:00:00-04:00,9.686001054855112,9.908045558963902,9.632975501635103,9.783214569091797,89620000,0.0,0.0
1997-04-22 00:00:00-04:00,9.800880611524606,9.986469874682422,9.721342355885543,9.959957122802734,81165600,0.0,0.0
1997-04-23 00:00:00-04:00,9.986479294605743,10.366495763338529,9.95996651771741,10.339982986450195,121205600,0.0,0.0
1997-04-24 00:00:00-04:00,10.481382418943328,10.543245552950582,10.331143379211426,10.331143379211426,118114400,0.0,0.0
1997-04-25 00:00:00-04:00,10.198573723137638,10.313462335270039,10.172060966491701,10.1720609664917,79637600,0.0,0.0
1997-04-28 00:00:00-04:00,10.198579736085756,10.393006732787564,10.127879010012371,10.3488187789917,80194400,0.0,0.0
1997-04-29 00:00:00-04:00,10.546848900318146,10.617573788166046,10.467283401489258,10.608733177185059,84341600,0.00625,0.0
1997-04-30 00:00:00-04:00,10.57337323558574,10.85627285392917,10.564532622512507,10.829751014709473,122580000,0.0,0.0
1997-05-01 00:00:00-04:00,10.847431980691306,10.953519335025694,10.741344626356916,10.873953819274902,96868000,0.0,0.0
1997-05-02 00:00:00-04:00,10.944674332306366,11.148008346557617,10.891630676414737,11.148008346557617,77264000,0.0,0.0
1997-05-05 00:00:00-04:00,11.209892630943886,11.492792129516602,11.143588060965905,11.492792129516602,104702400,0.0,0.0
1997-05-06 00:00:00-04:00,11.360184761542309,11.386706593670421,11.13032888309865,11.174531936645508,103409600,0.0,0.0
1997-05-07 00:00:00-04:00,11.033083966950368,11.315983555846532,11.015402742644358,11.024243354797363,81708000,0.0,0.0
1997-05-08 00:00:00-04:00,10.97119387078473,11.341394308608349,10.962353263314315,11.227571487426758,99770400,0.0,0.0
1997-05-09 00:00:00-04:00,11.377857685089111,11.422060706398703,11.156842578541148,11.280611038208008,93159200,0.0,0.0
1997-05-12 00:00:00-04:00,11.324819948386697,11.351341774963714,11.1833702066426,11.254095077514648,68047200,0.0,0.0
1997-05-13 00:00:00-04:00,11.174534260199831,11.209896710390337,10.67945995753275,10.77670669555664,153694400,0.0,0.0
1997-05-14 00:00:00-04:00,10.573367788436565,10.812064218443076,10.334671358430056,10.803223609924316,192022400,0.0,0.0
1997-05-15 00:00:00-04:00,10.865109586904172,11.218733983548734,10.812065927407488,11.183371543884277,92104800,0.0,0.0
1997-05-16 00:00:00-04:00,11.086121204877264,11.178947578602314,10.9623527065772,10.971193313598633,85354400,0.0,0.0
1997-05-19 00:00:00-04:00,10.980036929659004,11.086124242989044,10.820905959663946,10.944674491882324,53624000,0.0,0.0
1997-05-20 00:00:00-04:00,10.997716725983235,11.395544099511566,10.997716725983235,11.386703491210938,94090400,0.0,0.0
1997-05-21 00:00:00-04:00,11.563517004159781,11.678444925454947,11.457429692195012,11.492792129516602,105252800,0.0,0.0
1997-05-22 00:00:00-04:00,11.510473787646069,11.581198664989516,11.298299155615727,11.413227081298828,71460000,0.0,0.0
1997-05-23 00:00:00-04:00,11.510471180361014,11.598877257015094,11.422065103706936,11.541413307189941,43351200,0.0,0.0
1997-05-27 00:00:00-04:00,11.554672008160956,11.979021094918208,11.492787766342191,11.974600791931152,106044800,0.0,0.0
1997-05-28 00:00:00-04:00,12.00112437880922,12.005544682447823,11.704964035022767,11.819891929626465,110245600,0.0,0.0
1997-05-29 00:00:00-04:00,11.837574661352424,11.845310193711411,11.51931275858268,11.58230209350586,93404800,0.0,0.0
1997-05-30 00:00:00-04:00,10.078291468100971,10.865105451136925,9.901479337081657,10.714815139770508,459014400,0.0,0.0
1997-06-02 00:00:00-04:00,10.891628908593587,10.935831947995347,10.546845201259861,10.591048240661621,186443200,0.0,0.0
1997-06-03 00:00:00-04:00,10.502645943082612,10.502645943082612,10.242952993101088,10.255108833312988,178820800,0.0,0.0
1997-06-04 00:00:00-04:00,10.308150599295631,10.467281569096079,9.989888659694738,10.07829475402832,173323200,0.0,0.0
1997-06-05 00:00:00-04:00,10.210902923294165,10.289363324544585,10.087134403011811,10.123601913452148,112872000,0.0,0.0
1997-06-06 00:00:00-04:00,10.175539179207528,10.387713758096304,10.113654927031634,10.32582950592041,85673600,0.0,0.0
1997-06-09 00:00:00-04:00,10.458438363706247,10.591047472290857,10.458438363706247,10.555685043334961,95966400,0.0,0.0
1997-06-10 00:00:00-04:00,10.498225560641936,10.538008310134895,10.228586925189658,10.268369674682617,109618400,0.0,0.0
1997-06-11 00:00:00-04:00,10.272785311230157,10.458438057818654,10.051770136720043,10.431916236877441,104075200,0.0,0.0
1997-06-12 00:00:00-04:00,10.113657219658371,10.29046940881324,10.042932343996425,10.160070419311523,147144800,0.0,0.0
1997-06-13 00:00:00-04:00,10.175541537619214,10.396556775186964,10.060613614083984,10.237425804138184,120024800,0.0,0.0
1997-06-16 00:00:00-04:00,10.299310995888831,10.423079540045435,10.228586113513629,10.414238929748535,54288800,0.0,0.0
1997-06-17 00:00:00-04:00,10.41865828719169,10.617572000778294,10.361194325488892,10.586629867553711,84719200,0.0,0.0
1997-06-18 00:00:00-04:00,10.427498199690634,10.50264337535606,10.33025150177067,10.36561393737793,77522400,0.0,0.0
1997-06-19 00:00:00-04:00,10.361192726854885,10.431917591884611,10.237424213052865,10.356772422790527,67169600,0.0,0.0
1997-06-20 00:00:00-04:00,10.352352000988729,10.5159032495099,10.325830176904214,10.378873825073242,70870400,0.0,0.0
1997-06-23 00:00:00-04:00,10.325833646172446,10.4142397561568,10.2639493691834,10.268369674682617,55217600,0.0,0.0
1997-06-24 00:00:00-04:00,10.361194030658618,10.507064083138028,10.268367633626267,10.467281341552734,59868800,0.0,0.0
1997-06-25 00:00:00-04:00,10.520323577412759,10.529164185461006,10.3169895923031,10.3744535446167,71621600,0.0,0.0
1997-06-26 00:00:00-04:00,10.281632164137527,10.370038287646878,10.157863591224435,10.162283897399902,89320800,0.0,0.0
1997-06-27 00:00:00-04:00,10.25510995794474,10.263950569977451,10.042935269159676,10.060616493225098,83198400,0.0,0.0
1997-06-30 00:00:00-04:00,10.087134672713837,10.153439238923612,9.954525540294286,10.029670715332031,73996800,0.0,0.0
1997-07-01 00:00:00-04:00,10.04293562642644,10.051776238773645,9.804239093051867,9.83518123626709,120094400,0.0,0.0
1997-07-02 00:00:00-04:00,9.901481441684536,10.122496652436423,9.830756574243932,10.113656044006348,126900000,0.0,0.0
1997-07-03 00:00:00-04:00,10.228587976762476,10.277211342252704,10.113660021967393,10.250689506530762,69645600,0.0,0.0
1997-07-07 00:00:00-04:00,10.303728423955787,10.538004531407378,10.281626904384883,10.423076629638672,81052800,0.0,0.0
1997-07-08 00:00:00-04:00,10.454024517645712,10.635257077993904,10.343516858896814,10.582213401794434,88640800,0.0,0.0
1997-07-09 00:00:00-04:00,10.67945891184264,10.931416344779326,10.67945891184264,10.794386863708496,134427200,0.0,0.0
1997-07-10 00:00:00-04:00,10.785542439660064,10.856267308116852,10.5910490514039,10.617570877075195,104671200,0.0,0.0
1997-07-11 00:00:00-04:00,10.644092260652904,10.891629289970414,10.59988921970335,10.878368377685547,88641600,0.0,0.0
1997-07-14 00:00:00-04:00,10.926993161156062,11.172320070720854,10.856268286326575,11.139167785644531,91014800,0.0,2.0
1997-07-15 00:00:00-04:00,11.422069424319423,11.590041033500592,11.271779037157325,11.444170951843262,137650400,0.0,0.0
1997-07-16 00:00:00-04:00,12.217724156683204,12.571348589582863,11.987868275298426,12.50062370300293,188827600,0.0,0.0
1997-07-17 00:00:00-04:00,12.482941974354809,12.686276015013563,12.182361218598391,12.42105770111084,102946400,0.0,0.0
1997-07-18 00:00:00-04:00,12.27076937440333,12.394537941580307,11.98786979228452,12.226566314697266,89768400,0.0,0.0
1997-07-21 00:00:00-04:00,12.191201605125556,12.235404656630726,11.961345737298679,12.120476722717285,57112400,0.0,0.0
1997-07-22 00:00:00-04:00,12.102793169021606,12.5801860332489,12.0784814953804,12.553664207458496,63344000,0.0,0.0
1997-07-23 00:00:00-04:00,12.67743229715869,12.83656324649541,12.589026214193847,12.63322925567627,66578000,0.0,0.0
1997-07-24 00:00:00-04:00,12.589032505216041,12.818888435788807,12.50062637807267,12.695119857788086,48846000,0.0,0.0
1997-07-25 00:00:00-04:00,12.695115528494307,12.889608941883495,12.500622115105118,12.61555004119873,49560000,0.0,0.0
1997-07-28 00:00:00-04:00,12.624388259316971,12.695113123514824,12.438735490797603,12.527141571044922,31066400,0.0,0.0
1997-07-29 00:00:00-04:00,12.394536571637959,12.518305125135058,12.288449240069019,12.465261459350586,38321200,0.0,0.0
1997-07-30 00:00:00-04:00,12.381068009596605,12.787874529911923,12.345693529569186,12.646376609802246,42040800,0.0075,0.0
1997-07-31 00:00:00-04:00,12.76134263941672,13.035494837491507,12.619844730732959,12.991276741027832,71150800,0.0,0.0
1997-08-01 00:00:00-04:00,13.123934808178483,13.345025354138363,12.805564421996255,13.247745513916016,87386800,0.0,0.0
1997-08-04 00:00:00-04:00,13.230047689235795,13.725290116105583,13.141611541580476,13.689915657043457,69578400,0.0,0.0
1997-08-05 00:00:00-04:00,13.822581557270874,14.167482824534831,13.70761446818289,14.10557746887207,86284400,0.0,0.0
1997-08-06 00:00:00-04:00,14.194005794036693,14.432783461599927,13.928697274521989,14.158631324768066,74238000,0.0,0.0
1997-08-07 00:00:00-04:00,14.362034523062672,14.406252609648456,14.149787707450908,14.158631324768066,62813600,0.0,0.0
1997-08-08 00:00:00-04:00,13.919860731374722,14.116631316681639,13.56611585891285,13.8402681350708,83373600,0.0,0.0
1997-08-11 00:00:00-04:00,13.760674244715737,13.849110454514681,13.26543146984165,13.601489067077637,73399600,0.0,0.0
1997-08-12 00:00:00-04:00,13.742981865054272,13.955228689224993,13.442298864145748,13.486516952514648,47946800,0.0,0.0
1997-08-13 00:00:00-04:00,13.760668629647538,13.88447927284488,13.336174995828076,13.636857986450195,63879200,0.0,0.0
1997-08-14 00:00:00-04:00,13.707612359694737,13.76067408495807,13.451147354255287,13.56611442565918,48156400,0.0,0.0
1997-08-15 00:00:00-04:00,13.495361031800146,13.548422739657813,13.017805661081136,13.035492897033691,66631600,0.0,0.0
1997-08-18 00:00:00-04:00,12.982426546932606,13.406920058003973,12.717118102513004,13.380389213562012,80085600,0.0,0.0
1997-08-19 00:00:00-04:00,13.583799535688637,13.90216983730634,13.493152435922486,13.853529930114746,68073600,0.0,0.0
1997-08-20 00:00:00-04:00,13.937544224867182,14.255914524419985,13.77835907509078,14.220540046691895,62654800,0.0,0.0
1997-08-21 00:00:00-04:00,14.273603759242134,14.273603759242134,13.822579105139688,13.919858932495117,62813200,0.0,0.0
1997-08-22 00:00:00-04:00,12.982435408623829,13.619176109864235,12.973591787773268,13.610332489013672,120192400,0.0,0.0
1997-08-25 00:00:00-04:00,13.52188725715136,13.67222871128581,13.230047963831545,13.327327728271484,65676400,0.0,0.0
1997-08-26 00:00:00-04:00,13.230050712683195,13.33617411412183,13.0973964608849,13.115083694458008,46042800,0.0,0.0
1997-08-27 00:00:00-04:00,13.026653598392526,13.31849308837688,13.000122735666675,13.309649467468262,44534400,0.0,0.0
1997-08-28 00:00:00-04:00,13.0708703994751,13.336179000276353,12.88515437891422,13.070870399475098,58621600,0.0,0.0
1997-08-29 00:00:00-04:00,12.982431189176024,13.21236525655925,12.947056717270913,13.035492897033691,38895600,0.0,0.0
1997-09-02 00:00:00-04:00,13.17699296940008,13.513050508216995,13.15930573051498,13.45114517211914,50916400,0.0,0.0
1997-09-03 00:00:00-04:00,13.442299758331684,13.58379765052465,13.265427393090478,13.274271011352539,46066400,0.0,0.0
1997-09-04 00:00:00-04:00,13.26543053358675,13.566113625681384,13.230056052163853,13.389241218566895,46934400,0.0,0.0
1997-09-05 00:00:00-04:00,13.548417895027761,13.619166813539655,13.35385836912005,13.380389213562012,39409200,0.0,0.0
1997-09-08 00:00:00-04:00,13.539582413415568,13.698767575689558,13.477677072531238,13.574956893920898,40360400,0.0,0.0
1997-09-09 00:00:00-04:00,13.61033228779083,13.840266426505945,13.583801425631394,13.831422805786133,56717600,0.0,0.0
1997-09-10 00:00:00-04:00,13.778366433388276,13.891122641363694,13.513057708740234,13.513057708740234,55259200,0.0,0.0
1997-09-11 00:00:00-04:00,13.424609923925926,13.58379502183809,13.194675893608354,13.47767162322998,51296000,0.0,0.0
1997-09-12 00:00:00-04:00,13.327331347554052,13.406923903710647,13.230051556695994,13.336174964904785,42529600,0.0,0.0
1997-09-15 00:00:00-04:00,13.327336393564797,13.504208807547077,13.017809669095808,13.026653289794922,33224000,0.0,0.0
1997-09-16 00:00:00-04:00,13.159308984088339,13.636864552059286,13.088560011055606,13.557271957397461,59700400,0.0,0.0
1997-09-17 00:00:00-04:00,13.742989970982679,13.831426199882182,13.442306792724372,13.535164833068848,70784000,0.0,0.0
1997-09-18 00:00:00-04:00,13.592640389894186,13.796043596769636,13.424611653779683,13.442298889160156,37023200,0.0,0.0
1997-09-19 00:00:00-04:00,13.47766818513102,13.530729870899252,13.415762885068082,13.504199028015137,45282400,0.0,0.0
1997-09-22 00:00:00-04:00,13.521890960624091,13.82257395124621,13.495360108510374,13.636857986450195,43994000,0.0,0.0
1997-09-23 00:00:00-04:00,13.707616229977313,14.043673918196113,13.672241736480597,14.025986671447754,57432000,0.0,0.0
1997-09-24 00:00:00-04:00,14.008288394703584,14.02597562752518,13.495358642877317,13.530733108520508,60664800,0.0,0.0
1997-09-25 00:00:00-04:00,13.406923601291323,13.610326795770018,13.159302321056392,13.176989555358887,54458400,0.0,0.0
1997-09-26 00:00:00-04:00,13.318493414597675,13.318493414597675,13.141620992093058,13.16815185546875,52354800,0.0,0.0
1997-09-29 00:00:00-04:00,13.256584574323183,13.583798469753441,13.212366480346121,13.495362281799316,27963200,0.0,0.0
1997-09-30 00:00:00-04:00,13.424621285016906,13.442308533086758,13.053189075550035,13.062032699584961,62021200,0.0,0.0
1997-10-01 00:00:00-04:00,13.123926515553656,13.212362678057387,12.823243563040972,13.19467544555664,74075600,0.0,0.0
1997-10-02 00:00:00-04:00,13.23889487541762,13.27426934402261,12.973586360880192,13.176989555358887,28330400,0.0,0.0
1997-10-03 00:00:00-04:00,13.406923006623686,13.406923006623686,13.05317833626422,13.203519821166992,43604000,0.0,0.0
1997-10-06 00:00:00-04:00,13.318484330559796,13.406920481493128,13.185830104159798,13.230048179626465,39713600,0.0,0.0
1997-10-07 00:00:00-04:00,13.318486525317816,13.530733322534036,13.247737592912408,13.47767162322998,42537600,0.0,0.0
1997-10-08 00:00:00-04:00,13.371545598748025,13.442294517259919,13.238891376538223,13.380389213562012,48621600,0.0,0.0
1997-10-09 00:00:00-04:00,13.318489214453367,13.477674344506594,13.247740267763044,13.39808177947998,42205600,0.0,0.0
1997-10-10 00:00:00-04:00,13.318489755353621,13.333966088070666,13.159304618835451,13.15930461883545,39668000,0.0,0.0
1997-10-13 00:00:00-04:00,13.230059776331911,13.247747022022194,12.982438336667945,13.097405433654785,46409600,0.0,0.0
1997-10-14 00:00:00-04:00,13.106243791833387,13.1593055075898,12.74365540083125,12.991276741027832,87709200,0.0,0.0
1997-10-15 00:00:00-04:00,12.10692043070666,12.345698262429874,12.098076807309504,12.266105651855469,265154400,0.0,0.0
1997-10-16 00:00:00-04:00,12.381066340478588,12.389909959293215,11.97425987500572,12.08038330078125,90182000,0.0,0.0
1997-10-17 00:00:00-04:00,11.974261668791254,12.045010629906711,11.585142382656235,11.744327545166016,98338400,0.0,0.0
1997-10-20 00:00:00-04:00,11.921200394187274,12.045011080773788,11.762015225718898,11.894669532775879,74026800,0.0,0.0
1997-10-21 00:00:00-04:00,12.159973776813121,12.159973776813121,12.00963228284525,12.04500675201416,60264800,0.0,0.0
1997-10-22 00:00:00-04:00,12.151133956965987,12.186508437190051,11.868138115173476,11.876981735229492,50656400,0.0,0.0
1997-10-23 00:00:00-04:00,11.602831285782443,11.832765442360449,11.425958857645515,11.58514404296875,93489600,0.0,0.0
1997-10-24 00:00:00-04:00,11.779700016975402,11.815074491500853,11.07221052646637,11.319831848144531,122778800,0.0,0.0
1997-10-27 00:00:00-05:00,11.127483468988666,11.284457704295283,10.462001147477523,10.5769681930542,105164000,0.0,0.0
1997-10-28 00:00:00-05:00,11.27561330795288,12.274942173677331,9.79872905506807,12.027320861816406,207800400,0.0,0.0
1997-10-29 00:00:00-05:00,11.766168796384818,11.783862283296674,11.217670702117255,11.35921859741211,131943200,0.0075,0.0
1997-10-30 00:00:00-05:00,11.005342757347787,11.18227752836624,10.704553646616416,10.722247123718262,106263200,0.0,0.0
1997-10-31 00:00:00-05:00,11.076120974181533,11.093814458165848,10.793025230432484,10.899186134338379,87862000,0.0,0.0
1997-11-03 00:00:00-05:00,11.102658768368375,11.182279428858667,10.985439462646559,11.111505508422852,66579600,0.0,0.0
1997-11-04 00:00:00-05:00,11.129198644190659,11.253053001121238,10.63378121646834,10.748788833618164,99530800,0.0,0.0
1997-11-05 00:00:00-05:00,10.89918543625517,10.89918543625517,10.527622296382834,10.563009262084961,101704800,0.0,0.0
1997-11-06 00:00:00-05:00,10.60723971509609,10.60723971509609,10.324144076327888,10.403764724731445,91430800,0.0,0.0
1997-11-07 00:00:00-05:00,10.235681046585194,11.04073461204695,10.193659019816586,10.961113929748535,159223600,0.0,0.0
1997-11-10 00:00:00-05:00,10.943419294627057,11.076120417844038,10.600608059649856,10.633783340454102,79038800,0.0,0.0
1997-11-11 00:00:00-05:00,10.633781784870584,10.952264434001483,10.616088304363313,10.793023109436035,41917600,0.0,0.0
1997-11-12 00:00:00-05:00,10.739946597610741,11.040735876291766,10.58070521477961,10.607245445251465,80271200,0.0,0.0
1997-11-13 00:00:00-05:00,10.766485730456465,11.040734750706383,10.580704136093617,11.031888008117676,71534400,0.0,0.0
1997-11-14 00:00:00-05:00,11.084967263539632,11.19997490474156,10.881492206028529,11.146894454956055,51246800,0.0,0.0
1997-11-17 00:00:00-05:00,11.323829301124222,11.483070650671282,11.253055367992195,11.385756492614746,56116800,0.0,0.0
1997-11-18 00:00:00-05:00,11.359216254098076,11.41229670388358,11.120354230063302,11.146894454956055,44351600,0.0,0.0
1997-11-19 00:00:00-05:00,11.129202484613351,11.297290598450914,11.06727528477846,11.191129684448242,43050000,0.0,0.0
1997-11-20 00:00:00-05:00,11.253052211802746,11.518454386609415,11.146891341880078,11.447680473327637,53910800,0.0,0.0
1997-11-21 00:00:00-05:00,11.571540440354392,11.571540440354392,11.279597906308753,11.35921859741211,57960800,0.0,0.0
1997-11-24 00:00:00-05:00,11.279594421386719,11.447682495117187,11.058425903320312,11.058425903320312,56716000,0.0,0.0
1997-11-25 00:00:00-05:00,11.049581071537046,11.058427813788077,10.757638577253042,10.819565773010254,70640800,0.0,0.0
1997-11-26 00:00:00-05:00,10.87264962530836,10.969963820490129,10.81072241019269,10.846109390258789,33229600,0.0,0.0
1997-11-28 00:00:00-05:00,10.881491882213648,11.023039744096103,10.793024468537116,10.987652778625488,13943200,0.0,0.0
1997-12-01 00:00:00-05:00,11.11150642114183,11.571536941762352,11.06727271723601,11.536149978637695,69122000,0.0,0.0
1997-12-02 00:00:00-05:00,11.456526744069816,11.465373482868324,10.919087362060363,11.049576759338379,68329600,0.0,0.0
1997-12-03 00:00:00-05:00,11.005344627769132,11.208819649022097,10.775329386352734,11.111505508422852,55119600,0.0,0.0
1997-12-04 00:00:00-05:00,11.18228129516701,11.199974778228983,10.757637701679656,10.854951858520508,82224000,0.0,0.0
1997-12-05 00:00:00-05:00,10.846106311758135,11.076121616901457,10.810719341736085,10.97880744934082,53776400,0.0,0.0
1997-12-08 00:00:00-05:00,11.058435971993372,11.208830701212483,10.978815232995021,11.102669715881348,40209600,0.0,0.0
1997-12-09 00:00:00-05:00,11.040734585848721,11.129202010414817,10.680229830741881,10.704558372497559,64254800,0.0,0.0
1997-12-10 00:00:00-05:00,10.62493790822049,10.686865106686389,10.315301915891,10.571857452392578,81685200,0.0,0.0
1997-12-11 00:00:00-05:00,10.34183745969369,10.439151584635203,10.156055948441706,10.164902687072754,90031600,0.0,0.0
1997-12-12 00:00:00-05:00,10.226836732093323,10.297610688716807,9.917200671865585,9.979127883911133,78581200,0.0,0.0
1997-12-15 00:00:00-05:00,9.943741290986642,10.44800575147262,9.784499882412122,10.20914363861084,108536400,0.0,0.0
1997-12-16 00:00:00-05:00,10.315299955975915,10.430307588418184,9.979123799606201,10.076437950134277,61343200,0.0,0.0
1997-12-17 00:00:00-05:00,10.25337472407938,10.27991495201056,9.811037591893038,9.837577819824219,77272800,0.0,0.0
1997-12-18 00:00:00-05:00,9.890659135677067,9.908352622502965,9.607563346462697,9.78449821472168,93845600,0.0,0.0
1997-12-19 00:00:00-05:00,9.625253350394113,9.92604251759393,9.53678594827652,9.90834903717041,109067600,0.0,0.0
1997-12-22 00:00:00-05:00,10.29760946439007,10.394923643177263,10.049900645659038,10.111827850341797,75592000,0.0,0.0
1997-12-23 00:00:00-05:00,10.111824607169744,10.29539447646001,9.910561256502106,9.934889793395996,44389200,0.0,0.0
1997-12-24 00:00:00-05:00,10.058748523535677,10.098558873892678,9.892872063714838,9.943740844726562,22021600,0.0,0.0
1997-12-26 00:00:00-05:00,9.961431644580983,10.05874580807156,9.90835119176794,10.032205581665039,14815600,0.0,0.0
1997-12-29 00:00:00-05:00,10.138365987119482,10.17375295391571,9.943737669740223,10.023358345031738,40644000,0.0,0.0
1997-12-30 00:00:00-05:00,10.067589466324451,10.209137297133934,10.058742726898858,10.147210121154785,41157200,0.0,0.0
1997-12-31 00:00:00-05:00,10.156062713297237,10.164909457821015,9.926047355679005,9.943740844726562,42123600,0.0,0.0
1998-01-02 00:00:00-05:00,10.005661195403738,10.27991008758545,9.979120980031313,10.27991008758545,40927200,0.0,0.0
1998-01-05 00:00:00-05:00,10.341836014049965,10.635990032413662,10.191441478345219,10.545310974121094,78368400,0.0,0.0
1998-01-06 00:00:00-05:00,10.456849846473107,10.518777045225486,10.288761735573793,10.350688934326172,48313600,0.0,0.0
1998-01-07 00:00:00-05:00,10.297606468200684,10.421460841529559,10.129518390111498,10.297606468200684,55380800,0.0,0.0
1998-01-08 00:00:00-05:00,10.226832535008205,10.589548913845002,10.209139053113727,10.51877498626709,75730400,0.0,0.0
1998-01-09 00:00:00-05:00,10.554161682128905,10.6160888671875,10.083072738647461,10.173751831054688,88028800,0.0,0.0
1998-01-12 00:00:00-05:00,10.023359203338622,10.713405114954167,10.005665718425403,10.704558372497559,123747600,0.0,0.0
1998-01-13 00:00:00-05:00,10.810722010199566,10.934576435848333,10.793028520821169,10.890342712402344,97348000,0.0,0.0
1998-01-14 00:00:00-05:00,10.899188113587892,10.908034857186584,10.527624882442849,10.678019523620605,123962000,0.0,0.0
1998-01-15 00:00:00-05:00,10.598399747159966,10.810721611877696,10.563012769707012,10.660326957702637,53458400,0.0,0.0
1998-01-16 00:00:00-05:00,10.731101753916857,10.739948498973671,10.563013597837367,10.589553833007812,59281200,0.0,0.0
1998-01-20 00:00:00-05:00,10.633781784870584,10.80186984968967,10.59839482385604,10.793023109436035,49972000,0.0,0.0
1998-01-21 00:00:00-05:00,10.678017027900776,10.996499723016292,10.66917028636979,10.854951858520508,69415200,0.0,0.0
1998-01-22 00:00:00-05:00,10.757640015845206,10.969961858263202,10.748793272411122,10.828413963317871,49898000,0.0,0.0
1998-01-23 00:00:00-05:00,10.881493178456418,11.023041057200567,10.828412723927363,10.925726890563965,56184800,0.0,0.0
1998-01-26 00:00:00-05:00,10.899189636770604,11.040737554131262,10.899189636770604,10.996503829956055,44695200,0.0,0.0
1998-01-27 00:00:00-05:00,11.023040666105999,11.261902703011987,10.952266729244965,11.208822250366211,58713200,0.0,0.0
1998-01-28 00:00:00-05:00,11.292722728558264,11.531675325479169,11.257322343829241,11.452024459838867,67063600,0.0075,0.0
1998-01-29 00:00:00-05:00,11.37237548828125,11.7352294921875,11.363525390625,11.611328125,72366400,0.0,0.0
1998-01-30 00:00:00-05:00,11.68212890625,11.717529296875,11.4520263671875,11.4697265625,45384000,0.0,0.0
1998-02-02 00:00:00-05:00,11.682123222953848,11.839212379929174,11.637872756200235,11.761774063110352,62426000,0.0,0.0
1998-02-03 00:00:00-05:00,11.894522896890274,12.337027468947204,11.841422348243443,12.221976280212402,99884400,0.0,0.0
1998-02-04 00:00:00-05:00,12.195428942204542,12.50518221722425,12.124628193628608,12.398981094360352,75391600,0.0,0.0
1998-02-05 00:00:00-05:00,12.567134757951504,12.752986750850786,12.195430772152939,12.248531341552734,97320800,0.0,0.0
1998-02-06 00:00:00-05:00,12.142333050274582,12.460936541389657,12.124632856323743,12.396773338317871,52042800,0.0,0.0
1998-02-09 00:00:00-05:00,12.381279818957857,12.443230468516617,12.098076849546382,12.151177406311035,45804400,0.0,0.0
1998-02-10 00:00:00-05:00,12.098081606712896,12.434385265129201,12.044981029068214,12.213132858276367,59575200,0.0,0.0
1998-02-11 00:00:00-05:00,12.133474279903998,12.186574823798544,11.929922194974901,12.044973373413086,64918000,0.0,0.0
1998-02-12 00:00:00-05:00,11.876824467322406,12.071526507770313,11.717522797865024,12.036126136779785,70388800,0.0,0.0
1998-02-13 00:00:00-05:00,11.94762799563824,12.027278848942494,11.867977142333984,11.867977142333984,39093600,0.0,0.0
1998-02-17 00:00:00-05:00,11.983031272888184,12.027281757647742,11.885680206417158,11.983031272888184,41481600,0.0,0.0
1998-02-18 00:00:00-05:00,11.947629059243768,12.319333074420241,11.929928868044888,12.3104829788208,65802800,0.0,0.0
1998-02-19 00:00:00-05:00,12.602538125279693,12.90344142321474,12.478636767306437,12.823790550231934,136295200,0.0,0.0
1998-02-20 00:00:00-05:00,12.92114352595652,13.080445295454615,12.814942346291124,13.000794410705566,98482000,0.0,0.0
1998-02-23 00:00:00-05:00,13.168940604247238,13.39904306104188,13.080439659326222,13.337092399597168,68921200,0.0,0.0
1998-02-24 00:00:00-05:00,13.3282470703125,13.5406494140625,13.062744140625,13.0804443359375,75785200,0.0,0.0
1998-02-25 00:00:00-05:00,13.12467789776782,13.363630226317873,13.115827811525223,13.310529708862305,49980000,0.0,0.0
1998-02-26 00:00:00-05:00,13.275143578799899,13.319394057395899,13.0627412815391,13.0715913772583,55918800,0.0,0.0
1998-02-27 00:00:00-05:00,13.018488764347515,13.080439424680916,12.673335085347139,12.699885368347168,73563600,0.0,0.0
1998-03-02 00:00:00-05:00,12.717585444620434,12.938837800998659,12.390131957180659,12.407832145690918,71733600,0.0,0.0
1998-03-03 00:00:00-05:00,12.168871788751511,12.221972320193336,11.912219220116025,12.080370903015137,116639200,0.0,0.0
1998-03-04 00:00:00-05:00,12.027278966345136,12.310482003080269,12.00957877654919,12.239681243896484,54200000,0.0,0.0
1998-03-05 00:00:00-05:00,10.6289644430648,10.956417968787862,10.620114347774988,10.6997652053833,369330400,0.0,0.0
1998-03-06 00:00:00-05:00,10.956412397766114,11.080313668823242,10.779410581970215,11.062613487243652,128355600,0.0,0.0
1998-03-09 00:00:00-05:00,11.080318288938091,11.098018477898057,10.611263281499019,10.628963470458984,107076800,0.0,0.0
1998-03-10 00:00:00-05:00,10.832517598638471,10.832517598638471,10.611265196705496,10.690916061401367,68406000,0.0,0.0
1998-03-11 00:00:00-05:00,10.841363855013148,10.850213947956016,10.628961624384319,10.744012832641602,56479200,0.0,0.0
1998-03-12 00:00:00-05:00,10.779411340891436,10.859062163607383,10.664360152523958,10.814811706542969,39483600,0.0,0.0
1998-03-13 00:00:00-05:00,10.903321270841564,10.974122058314562,10.841370581802693,10.850220680236816,33584400,0.0,0.0
1998-03-16 00:00:00-05:00,10.912169464154294,11.027220723711476,10.90331936726528,11.000670433044434,36159600,0.0,0.0
1998-03-17 00:00:00-05:00,10.974115315788344,11.000665594778155,10.708612525890238,10.867914199829102,55440400,0.0,0.0
1998-03-18 00:00:00-05:00,10.752866771314052,10.965269077907909,10.744016675205973,10.903318405151367,32528000,0.0,0.0
1998-03-19 00:00:00-05:00,10.956419943992225,11.036070815959858,10.8679189751393,10.947569847106934,34558000,0.0,0.0
1998-03-20 00:00:00-05:00,10.974117190924416,10.974117190924416,10.664363883116065,10.726314544677734,64090800,0.0,0.0
1998-03-23 00:00:00-05:00,10.690914131818861,10.690914131818861,10.540462525659159,10.628963470458984,73635600,0.0,0.0
1998-03-24 00:00:00-05:00,10.646664590619373,10.744015638413897,10.478512780792467,10.5404634475708,62888800,0.0,0.0
1998-03-25 00:00:00-05:00,10.744017603364066,10.82366847521767,10.655516634637838,10.770567893981934,66587600,0.0,0.0
1998-03-26 00:00:00-05:00,10.894462707421953,11.080314630131832,10.867912432749113,11.071464538574219,55606400,0.0,0.0
1998-03-27 00:00:00-05:00,11.089168575788639,11.26617046845885,11.080318481155128,11.168819427490234,72785200,0.0,0.0
1998-03-30 00:00:00-05:00,11.133418975238461,11.151119164388284,10.92101670544059,10.956417083740234,44500400,0.0,0.0
1998-03-31 00:00:00-05:00,10.85906139233286,11.080313661940293,10.850211301548562,11.053763389587402,57452000,0.0,0.0
1998-04-01 00:00:00-05:00,10.974115371704102,11.03606602299598,10.823663789995255,10.974115371704102,60100800,0.0,0.0
1998-04-02 00:00:00-05:00,10.894462529258915,10.97411335197486,10.770561249478554,10.814811706542969,44330800,0.0,0.0
1998-04-03 00:00:00-05:00,10.850214013835895,11.027215873767965,10.779413269863067,10.867914199829102,74411200,0.0,0.0
1998-04-06 00:00:00-04:00,10.78826215827929,10.797112250287721,10.460808753967285,10.460808753967285,71554000,0.0,0.0
1998-04-07 00:00:00-04:00,10.478512709809662,10.531613280974238,10.213009853986783,10.28381061553955,73555200,0.0,0.0
1998-04-08 00:00:00-04:00,10.336911184227127,10.398861850570954,10.097958614043794,10.2749605178833,80134000,0.0,0.0
1998-04-09 00:00:00-04:00,10.496212944741975,10.575863801826864,10.398861897193779,10.44311237335205,58564000,0.0,0.0
1998-04-13 00:00:00-04:00,10.460811733808674,10.83251570404553,10.40771116663198,10.797115325927734,63446000,0.0,0.0
1998-04-14 00:00:00-04:00,10.7086181640625,10.89447021484375,10.62896728515625,10.76171875,69982000,0.0,0.0
1998-04-15 00:00:00-04:00,11.071465196912,11.257317130673112,10.584710132299561,10.602410316467285,142813200,0.0,0.0
1998-04-16 00:00:00-04:00,10.398860979480904,10.60241315184521,10.374523219741693,10.531612396240234,72342800,0.0,0.0
1998-04-17 00:00:00-04:00,10.487364783251376,10.664366720521441,10.469664589524369,10.646666526794434,45112800,0.0,0.0
1998-04-20 00:00:00-04:00,10.611266155648075,10.850218771329892,10.60241605877097,10.832518577575684,40400400,0.0,0.0
1998-04-21 00:00:00-04:00,11.009519605719655,11.186521528641194,10.991819413427502,11.177671432495117,93195600,0.0,0.0
1998-04-22 00:00:00-04:00,11.221920231815607,11.965328196699293,11.204220042175521,11.903377532958984,151875200,0.0,0.0
1998-04-23 00:00:00-04:00,11.788318634033203,12.044971216906298,11.620166941806003,11.788318634033203,98472000,0.0,0.0
1998-04-24 00:00:00-04:00,11.593618414734307,11.806020584164553,11.505117510805036,11.620168685913086,68476800,0.0,0.0
1998-04-27 00:00:00-04:00,11.363521564006806,11.522823268175125,11.15111929178238,11.328121185302734,83156000,0.0,0.0
1998-04-28 00:00:00-04:00,11.434320346119838,11.522821277591353,11.080316620233775,11.230768203735352,61831600,0.0,0.0
1998-04-29 00:00:00-04:00,11.261576600454154,11.403231652032193,11.155335311770624,11.35011100769043,41810400,0.0075,0.0
1998-04-30 00:00:00-04:00,11.42094370937126,11.553745380410462,11.243874814652326,11.447504043579102,50554000,0.0,0.0
1998-05-01 00:00:00-04:00,11.465216851488458,11.686553084142677,11.350122010508265,11.633432388305664,45786400,0.0,0.0
1998-05-04 00:00:00-04:00,11.651135488254267,11.82820441664719,11.50948034553993,11.615721702575684,36578000,0.0,0.0
1998-05-05 00:00:00-04:00,11.580303177578758,11.721958262319783,11.553742849189815,11.598010063171387,34794800,0.0,0.0
1998-05-06 00:00:00-04:00,11.642279262366932,11.651132706672914,11.438650043329336,11.52718448638916,32992800,0.0,0.0
1998-05-07 00:00:00-04:00,11.536040860193747,11.651135665399059,11.429799501542693,11.474066734313965,39124400,0.0,0.0
1998-05-08 00:00:00-04:00,11.420942334880616,11.925588624096271,11.412088891210166,11.907881736755371,68384800,0.0,0.0
1998-05-11 00:00:00-04:00,11.881321128209432,12.022976223627726,11.686545372009277,11.686545372009277,47877600,0.0,0.0
1998-05-12 00:00:00-04:00,11.677693067439291,11.99641706321474,11.624572401476717,11.978710174560547,48472800,0.0,0.0
1998-05-13 00:00:00-04:00,11.987565486854548,12.084953389628108,11.863617246960926,12.01412582397461,52413200,0.0,0.0
1998-05-14 00:00:00-04:00,11.8724688426354,12.102658395139889,11.819348176672824,11.978710174560547,56047600,0.0,0.0
1998-05-15 00:00:00-04:00,11.783928105246696,11.79278154484493,11.314695806540405,11.376669883728027,98584000,0.0,0.0
1998-05-18 00:00:00-04:00,11.332406111589568,11.518328399357834,11.102216612447904,11.243871688842773,44609200,0.0,0.0
1998-05-19 00:00:00-04:00,11.288131716114652,11.429786702356092,11.199597349713752,11.270424842834473,36790800,0.0,0.0
1998-05-20 00:00:00-04:00,11.22616899477971,11.24387588593867,10.836617389282623,10.907444953918457,69038000,0.0,0.0
1998-05-21 00:00:00-04:00,10.810048692745061,10.84546244767625,10.455911143433184,10.500178337097168,95151600,0.0,0.0
1998-05-22 00:00:00-04:00,10.588718950096753,10.588718950096753,10.47362417890005,10.526744842529297,41110800,0.0,0.0
1998-05-26 00:00:00-04:00,10.686104855876588,10.748078951975293,10.473622240681031,10.579863548278809,51538000,0.0,0.0
1998-05-27 00:00:00-04:00,10.411650071332593,10.544451730405713,10.323115631950513,10.526744842529297,65520000,0.0,0.0
1998-05-28 00:00:00-04:00,10.429354680638736,10.606423520717492,10.358527144607233,10.41164779663086,45670800,0.0,0.0
1998-05-29 00:00:00-04:00,10.429356375599992,10.482477036256698,10.092925524774186,10.119485855102539,77225200,0.0,0.0
1998-06-01 00:00:00-04:00,9.79191034506349,9.82732412569663,9.579427661264644,9.632548332214355,108380000,0.0,0.0
1998-06-02 00:00:00-04:00,9.77420326260453,9.836177377494232,9.659108477809369,9.809617042541504,72040400,0.0,0.0
1998-06-03 00:00:00-04:00,9.9335663131063,10.013247326313037,9.300544930408352,9.340385437011719,104560000,0.0,0.0
1998-06-04 00:00:00-04:00,9.579424322252422,9.774200047843506,9.464329575312235,9.65910530090332,82716000,0.0,0.0
1998-06-05 00:00:00-04:00,9.800759259994901,9.907000552786174,9.597130115478297,9.889293670654297,59046000,0.0,0.0
1998-06-08 00:00:00-04:00,9.907006371225506,9.915859817491123,9.597135751928908,9.818471908569336,70268800,0.0,0.0
1998-06-09 00:00:00-04:00,9.800760167258613,9.968975563083285,9.72107919028903,9.942415237426758,51892800,0.0,0.0
1998-06-10 00:00:00-04:00,9.889292812608216,9.951266894692601,9.676810245461755,9.712224006652832,48955600,0.0,0.0
1998-06-11 00:00:00-04:00,9.747637767843909,9.827318730523832,9.650249924568447,9.712224006652832,43135600,0.0,0.0
1998-06-12 00:00:00-04:00,9.694520950317383,9.703374394107627,9.340383198707615,9.694520950317383,72079600,0.0,0.0
1998-06-15 00:00:00-04:00,9.52630524679879,9.738787891708801,9.464331142033371,9.473184585571289,53234000,0.0,0.0
1998-06-16 00:00:00-04:00,9.597130115478297,9.898147111720235,9.508595704818902,9.889293670654297,68256000,0.0,0.0
1998-06-17 00:00:00-04:00,9.898151492383935,10.04866005711607,9.721082592699071,9.809617042541504,69139200,0.0,0.0
1998-06-18 00:00:00-04:00,9.791909613844526,9.924711281301729,9.667961390884468,9.871590614318848,41916400,0.0,0.0
1998-06-19 00:00:00-04:00,10.004395604133606,10.006608965992928,9.738792181015015,9.915861129760742,68891600,0.0,0.0
1998-06-22 00:00:00-04:00,9.898147221547497,10.535594985368087,9.871586898054971,10.464767456054688,80072000,0.0,0.0
1998-06-23 00:00:00-04:00,10.588715508926747,10.730370565902355,10.526741421499917,10.65954303741455,75155200,0.0,0.0
1998-06-24 00:00:00-04:00,10.632986232036535,10.978270547648044,10.37844971732292,10.960563659667969,76740400,0.0,0.0
1998-06-25 00:00:00-04:00,10.94285603988269,10.99597670027047,10.641838964351937,10.712666511535645,55333600,0.0,0.0
1998-06-26 00:00:00-04:00,10.703809200449193,10.925145205421261,10.62412823865925,10.818903923034668,42892800,0.0,0.0
1998-06-29 00:00:00-04:00,10.889734871998762,10.94285552991095,10.588717810496357,10.739226341247559,44950000,0.0,0.0
1998-06-30 00:00:00-04:00,10.597566163157934,10.677247111753108,10.411643949769198,10.500178337097168,50669200,0.0,0.0
1998-07-01 00:00:00-04:00,10.579868231033743,10.677256139436563,10.261144167169965,10.65069580078125,69999600,0.0,0.0
1998-07-02 00:00:00-04:00,10.562158278637778,10.641839271519371,10.367382518260552,10.376235961914062,40194000,0.0,0.0
1998-07-06 00:00:00-04:00,10.278845108749257,10.473620812791017,10.23457790328522,10.409433364868164,35581600,0.0,0.0
1998-07-07 00:00:00-04:00,10.35853069356198,10.668401269865116,10.278849688226888,10.641840934753418,54239600,0.0,0.0
1998-07-08 00:00:00-04:00,10.712665723783914,11.093363761901855,10.703812281036987,11.093363761901855,87268000,0.0,0.0
1998-07-09 00:00:00-04:00,10.987119968408328,11.385524802073416,10.951706205415874,11.296990394592285,96395200,0.0,0.0
1998-07-10 00:00:00-04:00,11.261576631599832,11.403231683569642,11.08450781663757,11.296990394592285,57320000,0.0,0.0
1998-07-13 00:00:00-04:00,11.296993874997037,11.68654538792797,11.261580101094225,11.668838500976562,77118400,0.0,0.0
1998-07-14 00:00:00-04:00,11.713103495301619,11.810491355050914,11.38552614887217,11.429793357849121,88694000,0.0,0.0
1998-07-15 00:00:00-04:00,11.489559713209418,12.040686734706075,11.456359290227692,11.93444538116455,168073200,0.0,0.0
1998-07-16 00:00:00-04:00,11.89903159665071,12.022979842449153,11.757376458595344,11.93444538116455,67307200,0.0,0.0
1998-07-17 00:00:00-04:00,11.881315274346143,11.890168713447743,11.677686175009361,11.775074005126953,50119200,0.0,0.0
1998-07-20 00:00:00-04:00,11.66883858117853,11.766226460080627,11.553743815203326,11.580304145812988,37541600,0.0,0.0
1998-07-21 00:00:00-04:00,11.527183500584929,12.014122895770928,11.50062316993842,11.562597274780273,79948000,0.0,0.0
1998-07-22 00:00:00-04:00,11.420942083656879,11.757372935733594,11.420942083656879,11.668838500976562,65818400,0.0,0.0
1998-07-23 00:00:00-04:00,11.57145012733523,12.031829168361574,11.536036354948589,11.695398330688477,85404000,0.0,0.0
1998-07-24 00:00:00-04:00,11.72195669939143,11.899025531708523,11.562594750306049,11.766223907470703,58984800,0.0,0.0
1998-07-27 00:00:00-04:00,11.651129798085774,12.200043208025987,11.580302261319297,12.191189765930176,84463600,0.0,0.0
1998-07-28 00:00:00-04:00,12.297433535025938,12.501062744029248,12.111511213762046,12.129218101501465,118007600,0.0,0.0
1998-07-29 00:00:00-04:00,12.235462484542868,12.297436607112912,11.96100565601839,11.987565994262695,57039600,0.0,0.0
1998-07-30 00:00:00-04:00,12.13806941879969,12.430233015313467,12.040681553295096,12.41252613067627,58014400,0.0,0.0
1998-07-31 00:00:00-04:00,12.368261743174227,12.447942742235478,11.934442970507416,11.961003303527832,48032800,0.0,0.0
1998-08-03 00:00:00-04:00,11.845910355547552,12.200048183815042,11.775082789894054,12.01412582397461,55863600,0.0,0.0
1998-08-04 00:00:00-04:00,12.093804342704907,12.182338781524123,11.56259770978961,11.606864929199219,77434000,0.0,0.0
1998-08-05 00:00:00-04:00,11.628827156673392,11.985308720310941,11.495976884510329,11.921097755432129,91450400,0.0075,0.0
1998-08-06 00:00:00-04:00,11.761684045024303,12.408222399908922,11.761684045024303,12.328512191772461,94552800,0.0,0.0
1998-08-07 00:00:00-04:00,12.452505425231097,12.6030691465888,12.239944877431988,12.284228324890137,81810000,0.0,0.0
1998-08-10 00:00:00-04:00,12.22222951583532,12.434790029154195,12.142519323340741,12.275369644165039,49170800,0.0,0.0
1998-08-11 00:00:00-04:00,11.938813643022016,12.09823400324041,11.876816836270418,11.983097076416016,72920000,0.0,0.0
1998-08-12 00:00:00-04:00,12.115949800588789,12.186803308194571,11.95652940847578,12.133663177490234,55206000,0.0,0.0
1998-08-13 00:00:00-04:00,12.169087496670809,12.328507856889203,11.974240389737215,12.080520629882812,65314000,0.0,0.0
1998-08-14 00:00:00-04:00,12.177940725502197,12.293077619634216,12.124800620518187,12.213367462158203,62301600,0.0,0.0
1998-08-17 00:00:00-04:00,12.151377111569369,12.718205198406423,12.151377111569369,12.691635131835938,95816400,0.0,0.0
1998-08-18 00:00:00-04:00,12.673918637362393,13.125609657981178,12.665061950683592,12.957332611083984,119604800,0.0,0.0
1998-08-19 00:00:00-04:00,13.028189308395438,13.072472752679584,12.647351687551792,12.691635131835938,67748800,0.0,0.0
1998-08-20 00:00:00-04:00,12.328506979831428,12.505640700806017,12.098233142564462,12.186800003051758,134286800,0.0,0.0
1998-08-21 00:00:00-04:00,11.98309474591388,12.142515075127811,11.673110772442346,12.036234855651855,116136000,0.0,0.0
1998-08-24 00:00:00-04:00,12.07166595050468,12.25544222964846,11.828107026338225,11.991955757141113,84328800,0.0,0.0
1998-08-25 00:00:00-04:00,12.115945971720354,12.169086085631408,11.859102087816925,11.963168144226074,52442400,0.0,0.0
1998-08-26 00:00:00-04:00,11.717396216938294,11.974240124943744,11.646542725074722,11.761679649353027,52515200,0.0,0.0
1998-08-27 00:00:00-04:00,11.531401190264472,11.628824702624618,10.876006652568948,11.301127433776855,133454800,0.0,0.0
1998-08-28 00:00:00-04:00,11.106288007327489,11.416272122364541,10.734307069283028,10.9114408493042,94445200,0.0,0.0
1998-08-31 00:00:00-04:00,10.893722087066356,10.973432248679035,10.052337047821393,10.087763786315918,104269200,0.0,0.0
1998-09-01 00:00:00-04:00,10.052341646269749,10.87601369305661,9.884064561442326,10.769733428955078,109021200,0.0,0.0
1998-09-02 00:00:00-04:00,10.81401143050154,11.044285220176429,10.495170798644,10.610307693481445,84881200,0.0,0.0
1998-09-03 00:00:00-04:00,10.636880362072676,11.159424859460092,10.5660268709015,10.87601089477539,107758800,0.0,0.0
1998-09-04 00:00:00-04:00,11.008861369599169,11.177138413864965,10.787444206091543,11.088571548461914,64649200,0.0,0.0
1998-09-08 00:00:00-04:00,11.504831870791111,11.619968756334055,11.247988049195314,11.606683731079102,83092800,0.0,0.0
1998-09-09 00:00:00-04:00,11.735107110096859,11.99195096382728,11.495976625589226,11.513689994812012,94456000,0.0,0.0
1998-09-10 00:00:00-04:00,11.301135088049847,11.425128733216539,10.973437597252163,11.20371150970459,76448800,0.0,0.0
1998-09-11 00:00:00-04:00,11.797104361830959,12.053948225564517,11.619970662704368,12.036234855651855,150086000,0.0,0.0
1998-09-14 00:00:00-04:00,12.009665081471486,12.266508951207971,11.983095025981505,12.160228729248047,67960000,0.0,0.0
1998-09-15 00:00:00-04:00,12.045091053355824,12.204511376120827,11.983094261169434,12.17794132232666,47313200,0.0,0.0
1998-09-16 00:00:00-04:00,12.195653434013462,12.301933638231445,11.859099453989852,12.053946495056152,45172000,0.0,0.0
1998-09-17 00:00:00-04:00,11.743966276387134,11.93881337901196,11.673112784523562,11.761679649353027,56430800,0.0,0.0
1998-09-18 00:00:00-04:00,11.788249708801867,11.832533141216599,11.619972665625882,11.761679649353027,50604800,0.0,0.0
1998-09-21 00:00:00-04:00,11.513694596959711,11.991955757141113,11.425127715444635,11.991955757141113,39437600,0.0,0.0
1998-09-22 00:00:00-04:00,12.053951099370073,12.080521160573682,11.814820548537604,11.841390609741211,40890800,0.0,0.0
1998-09-23 00:00:00-04:00,11.921102699066184,12.337367057800293,11.885675945131366,12.337367057800293,67808400,0.0,0.0
1998-09-24 00:00:00-04:00,12.293072470640524,12.487919440636267,11.956518613375149,12.08936882019043,62723200,0.0,0.0
1998-09-25 00:00:00-04:00,11.9919596616039,12.576501269924327,11.903392751252321,12.514504432678223,69451200,0.0,0.0
1998-09-28 00:00:00-04:00,12.532216057010082,12.611926265146542,12.213375224464242,12.328512191772461,60137200,0.0,0.0
1998-09-29 00:00:00-04:00,12.381646778623937,12.558780495056325,12.293079920407742,12.541067123413086,52740000,0.0,0.0
1998-09-30 00:00:00-04:00,12.372794909657959,12.470218491623768,12.13366429937824,12.15137767791748,45350000,0.0,0.0
1998-10-01 00:00:00-04:00,11.938813030228633,12.107090068488533,11.62882901238145,11.823676109313965,61390000,0.0,0.0
1998-10-02 00:00:00-04:00,11.735110791003118,12.045094849633388,11.513693606267209,11.885674476623535,59275600,0.0,0.0
1998-10-05 00:00:00-04:00,11.699683280394371,11.859103643034112,11.026575082582129,11.416269302368164,78511200,0.0,0.0
1998-10-06 00:00:00-04:00,11.699680945188321,11.79710448068951,11.132853102272309,11.283416748046875,82609600,0.0,0.0
1998-10-07 00:00:00-04:00,11.177141442883157,11.495982244740361,11.124001309240288,11.20371150970459,82892800,0.0,0.0
1998-10-08 00:00:00-04:00,10.88487361664791,11.389705021162907,10.74316655573142,11.115147590637207,120596800,0.0,0.0
1998-10-09 00:00:00-04:00,11.292274526301647,11.938812597219309,11.247991096786738,11.876815795898438,87274400,0.0,0.0
1998-10-12 00:00:00-04:00,12.027375083817299,12.169082006748871,11.938808256985064,12.107085227966309,62548400,0.0,0.0
1998-10-13 00:00:00-04:00,11.97424091575925,12.107091221777289,11.61111674597661,11.841390609741211,100670000,0.0,0.0
1998-10-14 00:00:00-04:00,11.726250382105029,11.938810811992129,11.637683536318738,11.69968032836914,110875600,0.0,0.0
1998-10-15 00:00:00-04:00,11.664256355979225,12.08052062988281,11.549119429154828,11.983097076416016,73935600,0.0,0.0
1998-10-16 00:00:00-04:00,12.071663766832494,12.115947199579495,11.841389916548088,11.867959976196289,76712800,0.0,0.0
1998-10-19 00:00:00-04:00,11.779389213113223,12.062803088917452,11.708535744162168,12.045089721679688,59394800,0.0,0.0
1998-10-20 00:00:00-04:00,12.151374123313209,12.363934603604402,11.974240389737215,11.983097076416016,83388000,0.0,0.0
1998-10-21 00:00:00-04:00,12.07166640328916,12.346223746283998,11.99195620693582,12.337367057800293,57402000,0.0,0.0
1998-10-22 00:00:00-04:00,12.213370074871102,12.452500598454511,12.124803214284656,12.381647109985352,48283600,0.0,0.0
1998-10-23 00:00:00-04:00,12.26651285644247,12.603066999796125,12.239942792493498,12.363936424255371,56905200,0.0,0.0
1998-10-26 00:00:00-05:00,12.33736301591006,12.620776954538288,12.25765284567087,12.603063583374023,49700400,0.0,0.0
1998-10-27 00:00:00-05:00,12.673917660477677,12.718201090458383,12.363933650612745,12.372790336608887,52743200,0.0,0.0
1998-10-28 00:00:00-05:00,12.30193990583804,12.682777498315389,12.293083217640893,12.642922401428223,48941600,0.0,0.0
1998-10-29 00:00:00-05:00,12.558778457322825,12.842192357629122,12.549921772938253,12.718198776245117,73024000,0.0,0.0
1998-10-30 00:00:00-05:00,12.753630479733763,12.868767421564693,12.629636850069684,12.638493537902832,47807600,0.0,0.0
1998-11-02 00:00:00-05:00,12.718207240510425,13.037048090551076,12.691637169673704,13.010478019714355,52581200,0.0,0.0
1998-11-03 00:00:00-05:00,12.921904465702376,13.0104713229039,12.709344008418718,12.815624237060547,51115600,0.0,0.0
1998-11-04 00:00:00-05:00,12.989646999633226,13.468119672198162,12.909901554205737,13.441537857055664,109783600,0.01,0.0
1998-11-05 00:00:00-05:00,13.32635021209717,13.397235053650878,13.220022949766607,13.326350212097168,58649600,0.0,0.0
1998-11-06 00:00:00-05:00,13.299765197139358,13.592165098209044,13.264322784888487,13.53014087677002,65113200,0.0,0.0
1998-11-09 00:00:00-05:00,13.450397200882435,13.618748680998882,13.246603303899368,13.609888076782227,47542000,0.0,0.0
1998-11-10 00:00:00-05:00,13.663056013753671,14.106086364394193,13.565589336612756,13.83140754699707,85904400,0.0,0.0
1998-11-11 00:00:00-05:00,14.425070138923227,14.797215683047783,14.407348922536343,14.699748992919922,126148400,0.0,0.0
1998-11-12 00:00:00-05:00,14.549110397506034,14.894673920954716,14.371898334199019,14.557971000671387,72308800,0.0,0.0
1998-11-13 00:00:00-05:00,14.37189715167126,14.868090888103806,14.37189715167126,14.708600044250488,59891600,0.0,0.0
1998-11-16 00:00:00-05:00,14.912396947961104,15.169354471128585,14.894675739466795,15.151633262634277,49532000,0.0,0.0
1998-11-17 00:00:00-05:00,15.063018403294999,15.594654346940704,14.97441241268738,15.381999969482422,58458400,0.0,0.0
1998-11-18 00:00:00-05:00,15.364288880149658,15.71871307577018,15.346567670368632,15.576943397521973,51899200,0.0,0.0
1998-11-19 00:00:00-05:00,15.709856359665576,16.330098855535056,15.700995752581726,16.002256393432617,94157600,0.0,0.0
1998-11-20 00:00:00-05:00,16.14402829610098,16.179470729242805,15.745300923255456,15.887070655822754,67536400,0.0,0.0
1998-11-23 00:00:00-05:00,15.860487413590072,16.42756629318212,15.674414656223933,16.09972381591797,57492000,0.0,0.0
1998-11-24 00:00:00-05:00,15.949088648745887,16.197185583281936,15.647828085380688,15.656688690185547,46309600,0.0,0.0
1998-11-25 00:00:00-05:00,15.736425638741947,15.895916439134602,15.275674437607611,15.559213638305664,58885200,0.0,0.0
1998-11-27 00:00:00-05:00,15.497200763225555,15.630109860680319,15.452897730740633,15.594667434692383,17278400,0.0,0.0
1998-11-30 00:00:00-05:00,15.692131883729765,15.911431863471329,15.240241016383509,15.257962226867676,63109600,0.0,0.0
1998-12-01 00:00:00-05:00,15.001007198250813,16.303516387939453,14.983285984785661,16.303516387939453,76924400,0.0,0.0
1998-12-02 00:00:00-05:00,16.15288746087972,16.30351778827136,15.789602553641066,16.09972381591797,64597200,0.0,0.0
1998-12-03 00:00:00-05:00,16.09971028920178,16.604764492000076,15.435165285519814,15.523771286010742,78229200,0.0,0.0
1998-12-04 00:00:00-05:00,16.05542366072928,16.489593505859375,16.037702442560704,16.489593505859375,70552400,0.0,0.0
1998-12-07 00:00:00-05:00,16.533890075202496,16.94147793343364,16.498447652747615,16.861732482910156,51056000,0.0,0.0
1998-12-08 00:00:00-05:00,17.047802974258097,17.579439241646604,16.897172698498018,17.021221160888672,99456000,0.0,0.0
1998-12-09 00:00:00-05:00,17.189570938534427,17.225013352840683,16.773122570435913,16.897171020507812,50258800,0.0,0.0
1998-12-10 00:00:00-05:00,16.808565168890333,17.03008026073127,16.197183515409346,16.250347137451172,61700800,0.0,0.0
1998-12-11 00:00:00-05:00,16.232628298650425,16.622494917176965,16.09085861918623,16.507307052612305,54904800,0.0,0.0
1998-12-14 00:00:00-05:00,16.23262769341135,16.374397367589612,15.763015647695847,15.816179275512695,61902800,0.0,0.0
1998-12-15 00:00:00-05:00,16.002252701093564,16.478510221959446,15.878204230542453,16.43642234802246,70154000,0.0,0.0
1998-12-16 00:00:00-05:00,16.51616148097361,16.587046294196675,16.07313139832947,16.179458618164062,44630800,0.0,0.0
1998-12-17 00:00:00-05:00,16.285794624287814,16.649079488050493,16.26807341142134,16.569334030151367,39876800,0.0,0.0
1998-12-18 00:00:00-05:00,16.985781615972517,17.092108887434005,16.85287252664566,17.01236343383789,63221600,0.0,0.0
1998-12-21 00:00:00-05:00,17.083254082981448,17.57944818497676,17.00350860230363,17.393375396728516,38856400,0.0,0.0
1998-12-22 00:00:00-05:00,17.3490677160228,17.402231355602034,16.764267680651248,16.87945556640625,46193200,0.0,0.0
1998-12-23 00:00:00-05:00,17.721208572387695,17.721208572387695,17.20729352378845,17.721208572387695,79884400,0.0,0.0
1998-12-24 00:00:00-05:00,17.694626759529115,17.889560053825377,17.517414673805238,17.721208572387695,17430800,0.0,0.0
1998-12-28 00:00:00-05:00,17.818675987064044,17.818675987064044,17.295900311660375,17.313621520996094,27864400,0.0,0.0
1998-12-29 00:00:00-05:00,17.313620843527918,17.57943897316243,17.065523922535704,17.16299057006836,40452000,0.0,0.0
1998-12-30 00:00:00-05:00,17.083243695615657,17.42880723510166,16.879449813354682,16.897171020507812,41480400,0.0,0.0
1998-12-31 00:00:00-05:00,16.976924315087093,17.100972822608604,16.764269730764497,16.80857276916504,29049600,0.0,0.0
1999-01-04 00:00:00-05:00,17.003495969737806,17.455386691184717,16.968053560212557,17.127544403076172,65404800,0.0,0.0
1999-01-05 00:00:00-05:00,17.083245507602033,17.738930241814973,17.012360671470905,17.473112106323242,65518800,0.0,0.0
1999-01-06 00:00:00-05:00,17.845265167560356,18.39462288374146,17.61488935109731,18.359180450439453,107730400,0.0,0.0
1999-01-07 00:00:00-05:00,18.093356630557743,18.57182933283498,18.07563541936229,18.323732376098633,54466400,0.0,0.0
1999-01-08 00:00:00-05:00,18.589553312738257,18.64271695424275,18.1642441807023,18.385759353637695,43911200,0.0,0.0
1999-01-11 00:00:00-05:00,18.97055559209506,20.042688813320424,18.55410715079265,19.812313079833984,105812800,0.0,0.0
1999-01-12 00:00:00-05:00,20.16673348102772,20.202175894878383,19.06801865165714,19.21864891052246,103578000,0.0,0.0
1999-01-13 00:00:00-05:00,18.616129778271958,20.14901433402686,18.57182675642933,19.705984115600586,118809200,0.0,0.0
1999-01-14 00:00:00-05:00,19.84775721469772,19.84775721469772,18.926254201158184,18.96169662475586,82390800,0.0,0.0
1999-01-15 00:00:00-05:00,19.032575337840576,19.386999459588075,18.997132925665827,19.192066192626953,63951200,0.0,0.0
1999-01-19 00:00:00-05:00,19.48446702914388,19.794588150571816,19.13890349383846,19.759145736694336,43302400,0.0,0.0
1999-01-20 00:00:00-05:00,19.971798558778403,20.37052568173538,19.511047216694784,19.599653244018555,61501200,0.0,0.0
1999-01-21 00:00:00-05:00,19.42245603411385,19.51106212915999,18.74904971176319,18.92626190185547,63926400,0.0,0.0
1999-01-22 00:00:00-05:00,18.536381211821947,18.819920503780985,18.217399508368032,18.27056312561035,87440800,0.0,0.0
1999-01-25 00:00:00-05:00,18.412332359569497,18.60726561842923,17.942720417771042,18.518659591674805,59519200,0.0,0.0
1999-01-26 00:00:00-05:00,18.837638931587804,19.42243863501433,18.660426900246435,19.413578033447266,68130000,0.0,0.0
1999-01-27 00:00:00-05:00,19.369284789665496,19.493333274137278,18.802206003508775,18.819927215576172,57336000,0.0,0.0
1999-01-28 00:00:00-05:00,19.440165503638752,19.652820003222768,19.138904962561398,19.449026107788086,83802000,0.0,0.0
1999-01-29 00:00:00-05:00,19.54649927346511,20.007250842921223,19.333844702946905,19.980669021606445,57248400,0.0,0.0
1999-02-01 00:00:00-05:00,19.945216840327273,19.945216840327273,19.42244127676472,19.546489715576172,52246000,0.0,0.0
1999-02-02 00:00:00-05:00,19.564209749439634,19.573070351681228,18.819919161145734,19.085737228393555,59669200,0.0,0.0
1999-02-03 00:00:00-05:00,18.93469204586763,19.714772991577536,18.837181927653894,19.67045021057129,57020000,0.015,0.0
1999-02-04 00:00:00-05:00,19.3956460027484,19.43110422213185,18.438274079395185,18.456003189086914,86413200,0.0,0.0
1999-02-05 00:00:00-05:00,18.68647328011841,18.79284789082117,17.401113400793378,18.092548370361328,135059600,0.0,0.0
1999-02-08 00:00:00-05:00,18.420547987475537,18.952421365362223,18.06596573555108,18.721942901611328,69630800,0.0,0.0
1999-02-09 00:00:00-05:00,18.659891233182606,18.801724135667605,17.693654585003557,17.773435592651367,80440000,0.0,0.0
1999-02-10 00:00:00-05:00,17.79116747160666,18.385092843105237,17.596147200368318,18.269853591918945,67522400,0.0,0.0
1999-02-11 00:00:00-05:00,18.385090486193686,18.943557554964276,18.128018343426273,18.899234771728516,54106800,0.0,0.0
1999-02-12 00:00:00-05:00,18.61557036991647,18.61557036991647,17.83548932584378,17.941864013671875,73194800,0.0,0.0
1999-02-16 00:00:00-05:00,18.32302859558196,18.509184183635767,17.746832727796363,17.924123764038086,59492800,0.0,0.0
1999-02-17 00:00:00-05:00,17.578414187149153,18.216662206047157,17.534091408059016,17.67592430114746,81443200,0.0,0.0
1999-02-18 00:00:00-05:00,17.870941727801068,18.420544102366378,17.693650639231613,18.17233657836914,71698800,0.0,0.0
1999-02-19 00:00:00-05:00,18.207792080106127,18.526915991928824,18.06595923040715,18.163469314575195,50430400,0.0,0.0
1999-02-22 00:00:00-05:00,18.119155740176932,18.846049463608686,17.78230255126953,18.83718490600586,60588800,0.0,0.0
1999-02-23 00:00:00-05:00,18.757399440033698,19.50202210211443,18.651024774022165,19.041065216064453,73702800,0.0,0.0
1999-02-24 00:00:00-05:00,18.996740409763298,19.413374473813167,18.473731691062394,18.4914608001709,65650400,0.0,0.0
1999-02-25 00:00:00-05:00,18.296447037250793,18.43827996002018,17.737979903846337,18.119155883789062,79470000,0.0,0.0
1999-02-26 00:00:00-05:00,17.56954671194803,17.58727582063819,16.86038236434165,17.011079788208008,167201200,0.0,0.0
1999-03-01 00:00:00-05:00,16.851521014912652,16.878114683005624,16.26646031686729,16.603313446044922,128595600,0.0,0.0
1999-03-02 00:00:00-05:00,16.399431310055537,16.426024982450222,15.539569235960734,15.575027465820312,134460000,0.0,0.0
1999-03-03 00:00:00-05:00,16.00938641498784,16.310781286587833,15.601616882823144,16.26645851135254,136544000,0.0,0.0
1999-03-04 00:00:00-05:00,16.42602863963673,16.718559101108944,15.654811968482711,16.080310821533203,105008400,0.0,0.0
1999-03-05 00:00:00-05:00,16.48807544354654,16.61217923720764,15.920743815381497,16.257596969604492,87876400,0.0,0.0
1999-03-08 00:00:00-05:00,16.700833335565548,17.026605960343698,16.59445860094411,16.96677017211914,73882400,0.0,0.0
1999-03-09 00:00:00-05:00,16.90470292936496,17.04653578037169,16.27531965302258,16.355100631713867,90112800,0.0,0.0
1999-03-10 00:00:00-05:00,16.58558002308728,16.789464758806687,16.346237072460156,16.57671546936035,80239200,0.0,0.0
1999-03-11 00:00:00-05:00,16.72740605974954,16.931290712306108,16.470334106526046,16.753999710083008,60116000,0.0,0.0
1999-03-12 00:00:00-05:00,16.86038168489807,17.00221454870373,16.594445065262452,16.77173614501953,68498000,0.0,0.0
1999-03-15 00:00:00-05:00,16.860392217545087,16.860392217545087,16.5589971936773,16.71855926513672,44557200,0.0,0.0
1999-03-16 00:00:00-05:00,16.798334131607263,17.374530289155796,16.718553125177465,17.073135375976562,84968800,0.0,0.0
1999-03-17 00:00:00-05:00,17.126326228573117,17.356804738895526,16.966764182965292,17.09086799621582,58679200,0.0,0.0
1999-03-18 00:00:00-05:00,17.277015686035156,17.445442211450587,17.10858916061973,17.277015686035156,54057600,0.0,0.0
1999-03-19 00:00:00-05:00,17.578410654508765,17.640462532764722,16.86481405456527,16.878110885620117,71022800,0.0,0.0
1999-03-22 00:00:00-05:00,16.89583785629687,16.913566962127188,16.31077736389624,16.328506469726562,49174000,0.0,0.0
1999-03-23 00:00:00-05:00,16.390558741226652,16.594443463264625,16.133486700396166,16.24872589111328,66840000,0.0,0.0
1999-03-24 00:00:00-05:00,16.2753279703968,16.940169799252875,16.20441150865215,16.913576126098633,64180000,0.0,0.0
1999-03-25 00:00:00-05:00,17.046537117283368,17.064266225049654,16.558986653710523,16.727413177490234,60403200,0.0,0.0
1999-03-26 00:00:00-05:00,16.736282716412944,17.179510542589135,16.54126247289542,16.550127029418945,53682400,0.0,0.0
1999-03-29 00:00:00-05:00,16.67422475643207,17.250420720902078,16.470340030542683,17.24155616760254,44410400,0.0,0.0
1999-03-30 00:00:00-05:00,17.117452421409,17.445440893491927,17.10858786810946,17.24155616760254,50729200,0.0,0.0
1999-03-31 00:00:00-05:00,17.285884592435337,17.51636305366781,16.842656782372895,16.86038589477539,38569200,0.0,0.0
1999-04-01 00:00:00-05:00,17.011084156174444,17.214968958463146,16.860386693613233,17.144052505493164,32888800,0.0,0.0
1999-04-05 00:00:00-04:00,17.28588805479162,18.083698272705078,17.26815893883799,18.083698272705078,56909600,0.0,0.0
1999-04-06 00:00:00-04:00,17.97731556181823,18.60669889756236,17.870940913523448,18.500324249267578,70669200,0.0,0.0
1999-04-07 00:00:00-04:00,18.642169179167517,18.93469965130852,18.225534870360633,18.73967933654785,65404400,0.0,0.0
1999-04-08 00:00:00-04:00,18.72193081355061,18.916950926191763,18.21665143079853,18.58896255493164,54526400,0.0,0.0
1999-04-09 00:00:00-04:00,18.775130296061043,18.81945307768536,18.44714171204109,18.553516387939453,44679200,0.0,0.0
1999-04-12 00:00:00-04:00,17.48090547055614,17.720248496775724,17.01994853117028,17.374530792236328,83342600,0.0,2.0
1999-04-13 00:00:00-04:00,17.85322663606691,17.87095575884354,16.966770497235384,17.16179084777832,71036800,0.0,0.0
1999-04-14 00:00:00-04:00,17.409982781661185,17.445440995065788,15.956196032072368,16.1689453125,104478400,0.0,0.0
1999-04-15 00:00:00-04:00,16.59444457681421,16.629902791721936,16.027113138290648,16.57671546936035,63876800,0.0,0.0
1999-04-16 00:00:00-04:00,16.417159301224757,16.55899221095456,16.013821964180625,16.2398681640625,34904400,0.0,0.0
1999-04-19 00:00:00-04:00,16.204407038989366,16.736280355367573,15.6016172804274,15.743450164794922,64349400,0.0,0.0
1999-04-20 00:00:00-04:00,15.956203818979843,16.168953203232906,15.743454434726779,16.044849395751953,39453400,0.0,0.0
1999-04-21 00:00:00-04:00,16.328507965006292,16.878110296075995,15.920738493567482,16.57671546936035,43047400,0.0,0.0
1999-04-22 00:00:00-04:00,17.01994733112614,17.480904238010808,16.87811443670009,17.445446014404297,56996800,0.0,0.0
1999-04-23 00:00:00-04:00,17.569548568262263,18.012776332345567,17.30361190981228,17.516361236572266,44717000,0.0,0.0
1999-04-26 00:00:00-04:00,17.782299979697374,18.331902471592308,17.72911264177206,18.278715133666992,37821600,0.0,0.0
1999-04-27 00:00:00-04:00,18.17233581619569,18.38508511355603,17.60500435656812,17.658191680908203,36775400,0.0,0.0
1999-04-28 00:00:00-04:00,17.71138230772866,17.977318979015873,17.26815452224996,17.356800079345703,29094000,0.0,0.0
1999-04-29 00:00:00-04:00,17.445445563540797,17.480903786230922,16.984488668569192,17.250425338745117,29336200,0.0,0.0
1999-04-30 00:00:00-04:00,17.463174747860588,17.658194973471215,16.824926736771268,17.356800079345703,28045000,0.0,0.0
1999-05-03 00:00:00-04:00,17.356798283416445,17.906400680541992,17.285881845077665,17.906400680541992,29665000,0.0,0.0
1999-05-04 00:00:00-04:00,17.817766137398483,18.13689030702353,17.463183726703985,17.498641967773438,29221200,0.0,0.0
1999-05-05 00:00:00-04:00,17.507144507020712,18.447244465351105,17.205603010952473,18.163440704345703,35256800,0.015,0.0
1999-05-06 00:00:00-04:00,18.02154497875593,18.14570916660169,16.602525689090108,16.939542770385742,58030600,0.0,0.0
1999-05-07 00:00:00-04:00,17.223347205137596,17.507151072575496,16.921805595984825,17.29429817199707,38797800,0.0,0.0
1999-05-10 00:00:00-04:00,17.34750644644511,17.542621549625984,17.0637026600002,17.205604553222656,21220200,0.0,0.0
1999-05-11 00:00:00-04:00,17.365235892078704,17.773203640309358,17.223334066607173,17.68451499938965,28584200,0.0,0.0
1999-05-12 00:00:00-04:00,17.649048967361452,17.87963955688477,17.205605525970462,17.73773765563965,23681000,0.0,0.0
1999-05-13 00:00:00-04:00,17.86189909507283,17.879636830023248,17.028225552403093,17.045963287353516,27664200,0.0,0.0
1999-05-14 00:00:00-04:00,16.850845258811425,16.921796186216948,16.300975571418633,16.460615158081055,45267200,0.0,0.0
1999-05-17 00:00:00-04:00,16.33645354911732,16.886323321128867,16.23002714163121,16.86858558654785,30004600,0.0,0.0
1999-05-18 00:00:00-04:00,16.975012867220638,16.992750602714075,16.47835627340436,16.7266845703125,32767400,0.0,0.0
1999-05-19 00:00:00-04:00,16.762165359177516,16.975018252627386,16.389672795640237,16.939542770385742,34605800,0.0,0.0
1999-05-20 00:00:00-04:00,17.010485637743322,17.063698835775888,16.35418952867502,16.37192726135254,42619000,0.0,0.0
1999-05-21 00:00:00-04:00,16.380797063049517,16.42514139727542,16.01717352239709,16.17681312561035,39350400,0.0,0.0
1999-05-24 00:00:00-04:00,16.24776811226786,16.24776811226786,15.751111445080634,15.875275611877441,35671000,0.0,0.0
1999-05-25 00:00:00-04:00,15.981700981762392,15.981700981762392,14.97064997625689,15.006125450134277,66201200,0.0,0.0
1999-05-26 00:00:00-04:00,15.254461641323177,15.254461641323177,14.474000813162455,14.669116020202637,73240000,0.0,0.0
1999-05-27 00:00:00-04:00,14.828749524284811,15.431832638908835,14.686847614961511,15.077077865600586,55010800,0.0,0.0
1999-05-28 00:00:00-04:00,15.218982134251236,15.378621806988138,14.899702788777434,15.343146324157715,34955400,0.0,0.0
1999-06-01 00:00:00-04:00,15.272201409910227,15.289939158353794,14.225674251739841,14.385313987731934,57058600,0.0,0.0
1999-06-02 00:00:00-04:00,14.615893798901574,14.859787657803148,14.296614565430422,14.740057945251465,57670600,0.0,0.0
1999-06-03 00:00:00-04:00,14.899698908966366,14.935174382559143,14.278878121092768,14.332091331481934,49020400,0.0,0.0
1999-06-04 00:00:00-04:00,14.633631285993529,15.130287862972702,14.580418081317188,15.094812393188477,50203800,0.0,0.0
1999-06-07 00:00:00-04:00,15.30767247718677,15.46731216698362,15.077081814146878,15.165770530700684,37754200,0.0,0.0
1999-06-08 00:00:00-04:00,15.11255967256668,15.2899371335123,14.61590278191895,14.669116020202637,32770200,0.0,0.0
1999-06-09 00:00:00-04:00,14.935175956277286,15.236717513589298,14.757798569623162,15.077077865600586,44114800,0.0,0.0
1999-06-10 00:00:00-04:00,15.183505021691591,15.733374946542572,15.148029542668947,15.71563720703125,61884400,0.0,0.0
1999-06-11 00:00:00-04:00,15.928493541362776,16.088133231643695,15.396361240426382,15.44957447052002,45783200,0.0,0.0
1999-06-14 00:00:00-04:00,15.556002249662905,15.751117443216259,15.325411566372576,15.431838035583496,24989400,0.0,0.0
1999-06-15 00:00:00-04:00,15.538261837429468,15.928492157547561,15.52052409560592,15.804327964782715,27586800,0.0,0.0
1999-06-16 00:00:00-04:00,16.318721831156946,16.957280511506564,16.247770866673655,16.939542770385742,61416000,0.0,0.0
1999-06-17 00:00:00-04:00,16.24776237586449,16.57591041511503,16.141335984756207,16.460615158081055,46763200,0.0,0.0
1999-06-18 00:00:00-04:00,15.857537741547151,15.928488693410896,15.431832030364678,15.591471672058105,80073000,0.0,0.0
1999-06-21 00:00:00-04:00,15.8220604035196,16.19455285696569,15.733371724127675,16.12360191345215,31147400,0.0,0.0
1999-06-22 00:00:00-04:00,15.822065706606264,16.212296026724356,15.626950546547217,15.804327964782715,32863600,0.0,0.0
1999-06-23 00:00:00-04:00,15.857542899958995,16.17682228720649,15.751116437543162,16.052658081054688,22939200,0.0,0.0
1999-06-24 00:00:00-04:00,15.999442835536094,16.017180577038907,15.609212522474238,15.62695026397705,26697400,0.0,0.0
1999-06-25 00:00:00-04:00,15.7511159088652,15.981706569693182,15.573738477459061,15.69790267944336,23760600,0.0,0.0
1999-06-28 00:00:00-04:00,15.76884525073202,16.17681312561035,15.697894315970572,16.17681312561035,23692000,0.0,0.0
1999-06-29 00:00:00-04:00,16.17681585384321,16.81537437438965,16.088127170433978,16.81537437438965,43264600,0.0,0.0
1999-06-30 00:00:00-04:00,16.797627663412015,16.99274266267023,16.052643120789728,16.886316299438477,38437200,0.0,0.0
1999-07-01 00:00:00-04:00,16.957277021161605,17.932852582002493,16.81537512140293,17.84416389465332,61648600,0.0,0.0
1999-07-02 00:00:00-04:00,17.826422706363708,18.16343965305118,17.808684972327526,18.02153778076172,37455600,0.0,0.0
1999-07-06 00:00:00-04:00,18.411769698977235,18.660097999348796,18.074752719901543,18.127965927124023,57441400,0.0,0.0
1999-07-07 00:00:00-04:00,18.216655640463227,18.39403300794583,17.986065062735843,18.269868850708008,34634200,0.0,0.0
1999-07-08 00:00:00-04:00,18.110223637787563,18.695568770056894,18.057010443944897,18.660093307495117,37003000,0.0,0.0
1999-07-09 00:00:00-04:00,18.624628354918283,18.83304681508046,18.269873529110313,18.802005767822266,35534000,0.0,0.0
1999-07-12 00:00:00-04:00,18.837473325538088,18.92616199467904,18.4472431813179,18.571407318115234,41699000,0.0,0.0
1999-07-13 00:00:00-04:00,18.411765217097265,18.766519845557717,18.305338828559133,18.553667068481445,46768600,0.0,0.0
1999-07-14 00:00:00-04:00,18.979380972245163,19.31639801754671,18.620191752910614,19.298660278320312,89826200,0.0,0.0
1999-07-15 00:00:00-04:00,19.440561070886897,19.49377428549699,19.085806306819617,19.209970474243164,47663000,0.0,0.0
1999-07-16 00:00:00-04:00,19.298651725442273,19.334127188172864,19.014848023597533,19.050323486328125,32286600,0.0,0.0
1999-07-19 00:00:00-04:00,19.050331525070373,19.298659868972592,19.014856047370056,19.174495697021484,33173000,0.0,0.0
1999-07-20 00:00:00-04:00,19.068066722734027,19.068066722734027,18.340819526797194,18.429508209228516,42724000,0.0,0.0
1999-07-21 00:00:00-04:00,18.500459489195087,18.73105006767978,18.32308212112994,18.60688591003418,28579200,0.0,0.0
1999-07-22 00:00:00-04:00,18.48272064194054,18.589147056385492,18.09249045564237,18.127965927124023,29924600,0.0,0.0
1999-07-23 00:00:00-04:00,18.25213311593744,18.447248241569422,17.91511608075492,18.216657638549805,27393200,0.0,0.0
1999-07-26 00:00:00-04:00,17.84416389465332,18.50046018103719,17.80868841971365,17.84416389465332,35694200,0.0,0.0
1999-07-27 00:00:00-04:00,18.340821971064027,19.334135346672912,18.32308423221387,19.174495697021484,77952200,0.0,0.0
1999-07-28 00:00:00-04:00,19.139018244425458,20.096856043497723,19.01485408528646,19.954954147338867,83384400,0.0,0.0
1999-07-29 00:00:00-04:00,19.529253887615614,20.154509291374424,19.369614210060174,19.724369049072266,72512000,0.0,0.0
1999-07-30 00:00:00-04:00,19.90174158759739,20.362922765206598,19.582462310791016,19.582462310791016,58118000,0.0,0.0
1999-08-02 00:00:00-04:00,19.83080134613278,20.80637744097831,19.72437486305872,20.23876953125,77483200,0.0,0.0
1999-08-03 00:00:00-04:00,20.522568025237593,20.87732287442061,20.008173493922218,20.6999454498291,75450600,0.0,0.0
1999-08-04 00:00:00-04:00,20.708448431317898,21.098839061556966,20.619723288081747,20.672958374023438,53272800,0.015,0.0
1999-08-05 00:00:00-04:00,20.424539732912184,20.58424508269169,19.732483217201,20.28257942199707,59293200,0.0,0.0
1999-08-06 00:00:00-04:00,20.087378296164967,20.814924683216876,20.01639816084283,20.318063735961914,42893200,0.0,0.0
1999-08-09 00:00:00-04:00,20.406782840160613,21.13432901098373,20.051882269027388,20.85040855407715,54494600,0.0,0.0
1999-08-10 00:00:00-04:00,20.708453462514314,21.134334253517178,20.318062737428352,20.37129783630371,67205200,0.0,0.0
1999-08-11 00:00:00-04:00,20.992373000634345,21.64893918915799,20.88590280790078,21.577959060668945,80989400,0.0,0.0
1999-08-12 00:00:00-04:00,21.418264206937312,21.790910063064636,21.311793962329503,21.560224533081055,48030000,0.0,0.0
1999-08-13 00:00:00-04:00,21.84413924561025,22.66041089897993,21.84413924561025,22.64266586303711,46873400,0.0,0.0
1999-08-16 00:00:00-04:00,22.50071265342791,22.553947778002268,22.039341573783492,22.305517196655273,35343600,0.0,0.0
1999-08-17 00:00:00-04:00,22.518456572218785,22.571691694138927,22.003850393657444,22.429731369018555,32726200,0.0,0.0
1999-08-18 00:00:00-04:00,22.270018560871197,22.66040932448806,22.16354835261205,22.287763595581055,32524600,0.0,0.0
1999-08-19 00:00:00-04:00,22.003844314365494,22.234529778951586,21.80864892125419,21.95060920715332,32120600,0.0,0.0
1999-08-20 00:00:00-04:00,22.128058838415555,22.731390033689117,21.861883311088985,22.695899963378906,35718000,0.0,0.0
1999-08-23 00:00:00-04:00,22.855587819149015,23.56538868309774,22.69588262476055,23.547643661499023,49839000,0.0,0.0
1999-08-24 00:00:00-04:00,23.370207600127486,23.991283732249325,23.352462567781146,23.600893020629883,61735000,0.0,0.0
1999-08-25 00:00:00-04:00,23.49442929986522,23.955800267989463,23.10403848068317,23.760604858398438,48070800,0.0,0.0
1999-08-26 00:00:00-04:00,23.689619651094436,23.81383488522002,22.962073279787415,23.015308380126953,43461800,0.0,0.0
1999-08-27 00:00:00-04:00,23.38795076795371,23.707361324723944,23.228245489568597,23.565401077270508,40881200,0.0,0.0
1999-08-30 00:00:00-04:00,23.583157821991524,23.884823497667863,23.033061589875842,23.35247230529785,34043600,0.0,0.0
1999-08-31 00:00:00-04:00,23.37020686044439,23.70736246435361,22.802365843334126,23.334716796875,43185000,0.0,0.0
1999-09-01 00:00:00-04:00,23.76060302248608,24.168738847368218,23.618642735570557,23.68962287902832,53947000,0.0,0.0
1999-09-02 00:00:00-04:00,23.352470358824117,24.41717265481914,23.281490205757784,24.22197723388672,50979600,0.0,0.0
1999-09-03 00:00:00-04:00,24.718825885513766,25.41088203019075,24.701080856163074,25.357646942138672,48828400,0.0,0.0
1999-09-07 00:00:00-04:00,25.268934698825895,25.370968669695454,24.772073623287184,24.878543853759766,39605600,0.0,0.0
1999-09-08 00:00:00-04:00,24.701079545454547,25.16245028409091,24.292943892045457,24.3994140625,44545800,0.0,0.0
1999-09-09 00:00:00-04:00,24.50589988306377,24.93178083686068,24.27521436642378,24.91403579711914,39662000,0.0,0.0
1999-09-10 00:00:00-04:00,24.93177713413266,24.949522171238804,24.381680983842188,24.80756187438965,32576600,0.0,0.0
1999-09-13 00:00:00-04:00,24.57687341901991,24.87853901333279,23.867072020636666,23.95579719543457,36046600,0.0,0.0
1999-09-14 00:00:00-04:00,23.95580150051353,24.381682416078217,23.867076309770887,24.363937377929688,36912800,0.0,0.0
1999-09-15 00:00:00-04:00,24.594612871307927,24.594612871307927,23.49442095354379,23.565401077270508,46949000,0.0,0.0
1999-09-16 00:00:00-04:00,23.387958451587025,23.689624076531622,22.820117275220724,23.458938598632812,56585200,0.0,0.0
1999-09-17 00:00:00-04:00,23.441192976305018,24.097759320077376,23.334722758395987,24.026779174804688,51575200,0.0,0.0
1999-09-20 00:00:00-04:00,24.04453110251728,24.310706723578356,23.725120357243988,23.867080688476562,20707200,0.0,0.0
1999-09-21 00:00:00-04:00,23.778351399956684,23.778351399956684,23.26374528756956,23.281490325927734,38608600,0.0,0.0
1999-09-22 00:00:00-04:00,23.370214306813367,23.760605130465525,23.104038745232348,23.512174606323242,42055400,0.0,0.0
1999-09-23 00:00:00-04:00,23.600892359210597,23.61863739105963,21.71991898321336,22.00383949279785,73686000,0.0,0.0
1999-09-24 00:00:00-04:00,21.347280112815355,21.613455675319287,20.619733575304604,21.484804153442383,124564000,0.0,0.0
1999-09-27 00:00:00-04:00,21.773147381752803,22.642653674911635,21.506971985887855,22.19902801513672,71235400,0.0,0.0
1999-09-28 00:00:00-04:00,22.145799747590093,22.216779874986216,21.365018346232752,22.00383949279785,50034400,0.0,0.0
1999-09-29 00:00:00-04:00,22.003846901808792,22.128062166577067,21.25855531319914,21.347280502319336,46331800,0.0,0.0
1999-09-30 00:00:00-04:00,21.34727692343389,21.648942515868114,20.832670912810794,21.098846435546875,46111600,0.0,0.0
1999-10-01 00:00:00-04:00,21.081114462756233,21.436015379637652,20.885918958471454,21.276309967041016,37753600,0.0,0.0
1999-10-04 00:00:00-04:00,21.063358424545882,21.950610253717993,20.903653095294903,21.86188507080078,41334800,0.0,0.0
1999-10-05 00:00:00-04:00,22.039334711038844,22.199040035031878,21.294043199071346,21.63119888305664,39542200,0.0,0.0
1999-10-06 00:00:00-04:00,21.82639787489568,22.163553614426586,21.613457407823525,21.84414291381836,36667600,0.0,0.0
1999-10-07 00:00:00-04:00,21.808652313484632,22.092572929445378,21.205321004568052,21.47149658203125,35291000,0.0,0.0
1999-10-08 00:00:00-04:00,21.54247193529427,21.808647453440408,21.240806348061977,21.48923683166504,36361800,0.0,0.0
1999-10-11 00:00:00-04:00,21.631205441905006,22.057086435018803,21.595715359145522,21.71993064880371,24459000,0.0,0.0
1999-10-12 00:00:00-04:00,22.234533855559484,22.66041479134035,21.506987256933833,21.773162841796875,88521800,0.0,0.0
1999-10-13 00:00:00-04:00,20.619730127952746,21.014557146323614,20.2648294372823,20.47776985168457,120722000,0.0,0.0
1999-10-14 00:00:00-04:00,20.55318169457688,20.868155987759476,20.016394518871333,20.823793411254883,51861200,0.0,0.0
1999-10-15 00:00:00-04:00,20.47776824708969,20.814923876807804,20.105122551085458,20.122867584228516,48653200,0.0,0.0
1999-10-18 00:00:00-04:00,20.034142788036448,20.15835802232897,19.040420913696288,19.69698715209961,58185800,0.0,0.0
1999-10-19 00:00:00-04:00,19.76797044940736,19.803460522027482,18.454837762462887,18.490327835083008,84401400,0.0,0.0
1999-10-20 00:00:00-04:00,19.164635093218518,19.87443639296735,19.040419865762473,19.856691360473633,65099000,0.0,0.0
1999-10-21 00:00:00-04:00,19.430813835097485,20.51326099851387,19.271108515904903,20.35355567932129,53021200,0.0,0.0
1999-10-22 00:00:00-04:00,20.6907032970672,21.11658398242707,20.566488097170566,20.85040855407715,61746200,0.0,0.0
1999-10-25 00:00:00-04:00,20.72621034321032,20.761700429414446,20.105133834638092,20.22934913635254,35013800,0.0,0.0
1999-10-26 00:00:00-04:00,21.081106170894593,21.18757640408093,20.229344305403902,20.28257942199707,56708600,0.0,0.0
1999-10-27 00:00:00-04:00,20.069635751760295,20.08738078779191,19.288854166369088,19.71473503112793,72186600,0.0,0.0
1999-10-28 00:00:00-04:00,20.193855860326195,20.51326658570921,19.909935215541292,20.495521545410156,73409000,0.0,0.0
1999-10-29 00:00:00-04:00,21.560216515751208,22.163547677508856,21.489236379073837,21.98609733581543,84593000,0.0,0.0
1999-11-01 00:00:00-05:00,22.03932989584772,22.23452524919259,21.560214028546685,21.577959060668945,45868200,0.0,0.0
1999-11-02 00:00:00-05:00,21.879624269854638,22.199034843137184,21.737664015062393,22.00383949279785,40676400,0.0,0.0
1999-11-03 00:00:00-05:00,22.260899477991565,22.917720275986532,22.083380343398332,22.65144157409668,50480200,0.015,0.0
1999-11-04 00:00:00-05:00,22.846706337764346,23.219496417867727,22.77569870345894,23.166240692138672,43687000,0.0,0.0
1999-11-05 00:00:00-05:00,23.397014617919922,23.82306040762408,23.237247446780863,23.397014617919922,39674400,0.0,0.0
1999-11-08 00:00:00-05:00,23.166236877441406,23.610034518771702,22.935462103949654,23.326004028320312,26942400,0.0,0.0
1999-11-09 00:00:00-05:00,23.361503267548777,23.361503267548777,22.54491576731531,22.74018669128418,33702800,0.0,0.0
1999-11-10 00:00:00-05:00,22.43841552734375,23.148491968082475,22.22539259512213,22.43841552734375,34175200,0.0,0.0
1999-11-11 00:00:00-05:00,22.66917542788478,22.846694421055375,22.18987414632418,22.562664031982422,32186200,0.0,0.0
1999-11-12 00:00:00-05:00,22.47390771479368,22.544915322107403,21.160266979489784,21.639568328857422,87515200,0.0,0.0
1999-11-15 00:00:00-05:00,21.639575607364186,21.65288953821367,21.018258834388185,21.0360107421875,39333800,0.0,0.0
1999-11-16 00:00:00-05:00,21.160267620475928,21.87034371512277,20.911740987349532,21.74608039855957,55737400,0.0,0.0
1999-11-17 00:00:00-05:00,21.88809398982836,22.367395318072774,21.160266046938688,21.231273651123047,47086400,0.0,0.0
1999-11-18 00:00:00-05:00,21.497556724366106,22.2963924407959,21.484242795758945,22.2963924407959,37706400,0.0,0.0
1999-11-19 00:00:00-05:00,22.15438011778352,22.828952589318597,22.083372489200883,22.68693733215332,46497200,0.0,0.0
1999-11-22 00:00:00-05:00,22.97097719974399,23.11299251473468,22.402915939781234,22.864465713500977,36870800,0.0,0.0
1999-11-23 00:00:00-05:00,22.908841169333154,23.148491968082475,22.154384951048257,22.43841552734375,41043600,0.0,0.0
1999-11-24 00:00:00-05:00,22.70467970380312,23.361499992341596,22.47390500783014,23.343748092651367,33626800,0.0,0.0
1999-11-26 00:00:00-05:00,23.290506713486906,23.36151435590607,22.77570130594794,22.793453216552734,14182200,0.0,0.0
1999-11-29 00:00:00-05:00,22.793450090494403,22.811201998664572,22.22538902904906,22.4206600189209,32651200,0.0,0.0
1999-11-30 00:00:00-05:00,22.278640944489446,22.633679047190473,21.746083790437904,21.781587600708008,34865800,0.0,0.0
1999-12-01 00:00:00-05:00,21.604073615859125,22.030119439014932,21.302291157790425,21.675081253051758,45556600,0.0,0.0
1999-12-02 00:00:00-05:00,21.47980232761331,22.189878437617054,21.444298522113122,22.03011131286621,31118400,0.0,0.0
1999-12-03 00:00:00-05:00,22.438412788275976,22.722443329899722,22.2963975174641,22.349653244018555,36542200,0.0,0.0
1999-12-06 00:00:00-05:00,22.385161822335867,22.544929035976647,21.923612094040283,22.11888313293457,28640000,0.0,0.0
1999-12-07 00:00:00-05:00,22.22539318254602,22.27864891700899,21.675083926428666,21.92361068725586,33654200,0.0,0.0
1999-12-08 00:00:00-05:00,21.710585614978868,22.012368080599995,21.018261135024513,21.160276412963867,52680200,0.0,0.0
1999-12-09 00:00:00-05:00,21.47980737197928,21.47980737197928,20.485700584515776,20.805234909057617,53826600,0.0,0.0
1999-12-10 00:00:00-05:00,20.876244066495797,21.01825933225427,20.343686819901517,20.52120590209961,56234800,0.0,0.0
1999-12-13 00:00:00-05:00,20.237174891218352,21.355545082575155,20.041903905425894,21.0360107421875,47804800,0.0,0.0
1999-12-14 00:00:00-05:00,21.195779716485113,21.302291172346848,20.55671098131471,20.574462890625,41743400,0.0,0.0
1999-12-15 00:00:00-05:00,20.507891913585404,22.50498158272919,20.485702028372696,22.4206600189209,82046800,0.0,0.0
1999-12-16 00:00:00-05:00,22.651437931714398,23.04197996501982,22.544926468085645,22.793453216552734,50160200,0.0,0.0
1999-12-17 00:00:00-05:00,23.112977587895273,23.57452706353681,22.864450947165217,23.30824851989746,69469600,0.0,0.0
1999-12-20 00:00:00-05:00,23.53902667949268,23.627786206941746,22.47391235010387,23.024221420288086,36251400,0.0,0.0
1999-12-21 00:00:00-05:00,22.882202060693707,23.645533859460063,22.72243494002168,23.53902244567871,34670400,0.0,0.0
1999-12-22 00:00:00-05:00,23.59227365146984,23.75204074166038,23.183979976538456,23.432506561279297,24926600,0.0,0.0
1999-12-23 00:00:00-05:00,23.68105404502467,23.840821276212992,23.43252724095395,23.61004638671875,21641600,0.0,0.0
1999-12-27 00:00:00-05:00,23.698804856748115,24.17810652800819,23.468029977993265,24.160354614257812,28611000,0.0,0.0
1999-12-28 00:00:00-05:00,23.982821519116325,24.28460387723992,23.539023933640447,23.574527740478516,23457400,0.0,0.0
1999-12-29 00:00:00-05:00,23.468030338315778,24.107099243141324,23.414774596246986,23.823068618774414,16024200,0.0,0.0
1999-12-30 00:00:00-05:00,23.94731923161023,24.249101608880338,23.50352161797772,23.769800186157227,14885400,0.0,0.0
1999-12-31 00:00:00-05:00,23.80530677569483,23.823058682313544,23.272749577133425,23.379261016845703,11572000,0.0,0.0
2000-01-03 00:00:00-05:00,23.64998604237348,24.81717431956324,23.645548064133216,24.710662841796875,57710200,0.0,0.0
2000-01-04 00:00:00-05:00,24.266854154677343,24.95917845023873,23.361506998943224,23.556777954101562,51019600,0.0,0.0
2000-01-05 00:00:00-05:00,23.57452755230959,24.391115103067303,22.86445142121593,23.752046585083008,52389000,0.0,0.0
2000-01-06 00:00:00-05:00,23.219494574410575,23.68104416075207,22.207635865892684,22.367403030395508,55171200,0.0,0.0
2000-01-07 00:00:00-05:00,22.012372423962848,23.290510177612305,21.976868597472585,23.290510177612305,41096400,0.0,0.0
2000-01-10 00:00:00-05:00,24.35561752319336,24.781663310771084,23.894067919984153,24.35561752319336,53619800,0.0,0.0
2000-01-11 00:00:00-05:00,25.154453240371335,26.237319611340038,25.07456965562774,25.473987579345703,105481800,0.0,0.0
2000-01-12 00:00:00-05:00,25.81126279961573,26.911880608127543,25.349713396046262,25.917774200439453,97326600,0.0,0.0
2000-01-13 00:00:00-05:00,26.326076299422557,26.41483582841589,25.367473386294563,25.864526748657227,76104200,0.0,0.0
2000-01-14 00:00:00-05:00,27.976999258546847,30.284746659315307,27.90599164621551,29.27288818359375,184405200,0.0,0.0
2000-01-18 00:00:00-05:00,28.487378922349237,30.036233143240324,28.474064989218366,29.006622314453125,102100600,0.0,0.0
2000-01-19 00:00:00-05:00,28.6870701234092,29.00660432032836,28.36753592649004,28.420791625976562,45568000,0.0,0.0
2000-01-20 00:00:00-05:00,28.332049381031712,28.633831861907364,27.107167546889364,27.160423278808594,70002000,0.0,0.0
2000-01-21 00:00:00-05:00,27.26692687559828,27.905995474245113,27.16041544249047,27.817235946655273,55558200,0.0,0.0
2000-01-24 00:00:00-05:00,29.037684276841397,29.787702409622415,27.9060001119943,28.065767288208008,74832600,0.0,0.0
2000-01-25 00:00:00-05:00,28.225547614464393,28.91787236727201,27.67523819556603,28.846864700317383,51382600,0.0,0.0
2000-01-26 00:00:00-05:00,28.616072798022334,28.740336141438064,27.37343936386504,27.40894317626953,49306200,0.0,0.0
2000-01-27 00:00:00-05:00,28.225529130097406,28.722582473268933,27.12491101307474,27.87049102783203,61482000,0.0,0.0
2000-01-28 00:00:00-05:00,27.621972870319446,28.048018724360364,26.43259486112189,26.69887351989746,53922800,0.0,0.0
2000-01-31 00:00:00-05:00,26.59235486905935,28.13677067253609,26.37933199961428,28.101266860961914,68453200,0.0,0.0
2000-02-01 00:00:00-05:00,27.94150073133129,28.82909605316519,27.4444473511043,28.811344146728516,48051400,0.0,0.0
2000-02-02 00:00:00-05:00,28.6870701234092,29.23737901810331,28.31428022700351,28.420791625976562,52080600,0.0,0.0
2000-02-03 00:00:00-05:00,28.891030638247962,29.72562095170688,28.624672027569588,29.601320266723633,56126000,0.015,0.0
2000-02-04 00:00:00-05:00,29.654572653030726,30.75552085931091,29.61905819476362,29.76111602783203,55953800,0.0,0.0
2000-02-07 00:00:00-05:00,29.814395114874387,30.720014025451274,29.583551078844984,30.6667423248291,42810000,0.0,0.0
2000-02-08 00:00:00-05:00,30.915336608886722,31.27048119945406,30.684492625017953,30.91533660888672,38026000,0.0,0.0
2000-02-09 00:00:00-05:00,30.720007986435608,30.933094747035163,29.690088643537766,29.725603103637695,38615200,0.0,0.0
2000-02-10 00:00:00-05:00,29.654577279617012,30.72001119385475,29.317189873441727,30.577953338623047,43539200,0.0,0.0
2000-02-11 00:00:00-05:00,30.47140086780895,30.897574306519562,29.903169616194795,30.08074188232422,37756000,0.0,0.0
2000-02-14 00:00:00-05:00,30.20506340977275,31.234983267366413,30.014173091339444,31.217226028442383,34374200,0.0,0.0
2000-02-15 00:00:00-05:00,31.234972319432668,32.06956225633621,29.90317986692701,31.820960998535156,62771400,0.0,0.0
2000-02-16 00:00:00-05:00,31.643387897369117,32.06956147174446,30.40038163877437,30.45365333557129,46050000,0.0,0.0
2000-02-17 00:00:00-05:00,30.933110555735503,31.927515946735035,30.648994729735637,31.25274085998535,48669600,0.0,0.0
2000-02-18 00:00:00-05:00,31.25272522334668,31.394783065270985,29.885418494825263,29.938690185546875,50370000,0.0,0.0
2000-02-22 00:00:00-05:00,29.79663073206953,30.347104839753772,28.85549758022228,30.329347610473633,45793600,0.0,0.0
2000-02-23 00:00:00-05:00,29.92094905055355,31.572372351266594,29.636833213871736,30.98638343811035,40842000,0.0,0.0
2000-02-24 00:00:00-05:00,31.94526060509212,33.09948069365854,31.323757480479433,32.46022033691406,85347800,0.0,0.0
2000-02-25 00:00:00-05:00,32.35367015392312,32.779843635643296,32.051797271038,32.17609786987305,46299000,0.0,0.0
2000-02-28 00:00:00-05:00,31.714424377288648,32.54901449248045,30.755533606642743,31.92751121520996,47422200,0.0,0.0
2000-02-29 00:00:00-05:00,32.15834371178551,32.850875685700274,31.625626808774157,32.105072021484375,44414200,0.0,0.0
2000-03-01 00:00:00-05:00,32.069569596966495,33.2060327499044,31.963026176378566,32.92191696166992,40813000,0.0,0.0
2000-03-02 00:00:00-05:00,32.77986631537617,33.2593118140301,32.424721501558444,32.886409759521484,36469800,0.0,0.0
2000-03-03 00:00:00-05:00,33.24152676564343,34.02284470244274,32.85086779724377,33.88078689575195,34285000,0.0,0.0
2000-03-06 00:00:00-05:00,33.5256519906691,33.77425322365075,33.15275014119661,33.348079681396484,28032000,0.0,0.0
2000-03-07 00:00:00-05:00,33.47239870232073,34.09390212650175,32.72659459330351,32.886409759521484,39924200,0.0,0.0
2000-03-08 00:00:00-05:00,32.99292777944609,33.08171391448228,31.891979704997407,32.655540466308594,46391200,0.0,0.0
2000-03-09 00:00:00-05:00,32.30039490616183,33.66770134254141,31.820949792106653,33.63218688964844,38375800,0.0,0.0
2000-03-10 00:00:00-05:00,33.490153169359196,34.27147169504944,33.34809525559733,34.14717102050781,43497600,0.0,0.0
2000-03-13 00:00:00-05:00,33.75649481493228,35.65651845785588,33.73873758462459,34.697628021240234,67439200,0.0,0.0
2000-03-14 00:00:00-05:00,35.30138066313047,35.69203980527779,33.47238558853166,33.490142822265625,56785000,0.0,0.0
2000-03-15 00:00:00-05:00,33.827540714543616,34.98176126385876,33.720997279222225,34.14717102050781,48895600,0.0,0.0
2000-03-16 00:00:00-05:00,35.01725171959918,35.62099743890262,33.98733255137568,35.53221130371094,54972800,0.0,0.0
2000-03-17 00:00:00-05:00,35.31914214059868,36.93505060454764,35.23035596126083,36.8995361328125,60851000,0.0,0.0
2000-03-20 00:00:00-05:00,36.91728186607361,39.030392275916206,36.91728186607361,38.35561752319336,65163600,0.0,0.0
2000-03-21 00:00:00-05:00,38.35561258905897,39.456560728189366,38.10701139635211,39.33226013183594,51231000,0.0,0.0
2000-03-22 00:00:00-05:00,39.88273951267731,41.30331794589823,39.634138286863646,40.930416107177734,53693200,0.0,0.0
2000-03-23 00:00:00-05:00,40.45098567029868,40.82388764531021,39.61639553574906,40.52201461791992,45593800,0.0,0.0
2000-03-24 00:00:00-05:00,39.81171486843838,41.05472113105688,39.10142557551352,39.50984191894531,46898000,0.0,0.0
2000-03-27 00:00:00-05:00,39.669652490202296,40.841629690002364,39.50983741750228,40.539756774902344,35766200,0.0,0.0
2000-03-28 00:00:00-05:00,39.95377432086511,40.50424854484147,38.39113781409349,38.55095291137695,44857800,0.0,0.0
2000-03-29 00:00:00-05:00,38.78178935118761,39.1191767127593,37.361210986675246,37.46775436401367,61325400,0.0,0.0
2000-03-30 00:00:00-05:00,36.864013206301706,37.8939326504084,34.9639894042428,36.08269500732422,71646800,0.0,0.0
2000-03-31 00:00:00-05:00,36.828501778606665,38.32010937234001,36.4378426469146,37.48551940917969,58442200,0.0,0.0
2000-04-03 00:00:00-04:00,37.325708128276624,37.78739624023437,35.727556971499794,37.11262130737305,50071600,0.0,0.0
2000-04-04 00:00:00-04:00,37.36122112669289,38.07151050172508,33.80977425153197,37.716365814208984,87341800,0.0,0.0
2000-04-05 00:00:00-04:00,36.8995361328125,38.07151370007218,36.295790113315086,36.8995361328125,62101800,0.0,0.0
2000-04-06 00:00:00-04:00,36.72195979684491,37.396734686728905,36.08269937484954,36.88177490234375,55134000,0.0,0.0
2000-04-07 00:00:00-04:00,37.32571798004806,38.92386955864193,37.30796074028591,38.87059783935547,51357200,0.0,0.0
2000-04-10 00:00:00-04:00,39.06590668102807,39.50983743876702,37.183640268214894,37.254669189453125,44849000,0.0,0.0
2000-04-11 00:00:00-04:00,36.935045523123804,38.142537395995156,36.220316877784505,37.14813232421875,53071200,0.0,0.0
2000-04-12 00:00:00-04:00,36.91728508582482,37.46775927421374,34.59108770908453,34.62660217285156,60169600,0.0,0.0
2000-04-13 00:00:00-04:00,35.05278126152676,36.721961321599466,34.30697740489853,34.41352081298828,69414600,0.0,0.0
2000-04-14 00:00:00-04:00,33.86303390528821,34.30696460672094,30.79103345137376,31.394779205322266,92800400,0.0,0.0
2000-04-17 00:00:00-04:00,31.252724252096037,35.01725694609851,31.128423644275202,34.94622802734375,88873400,0.0,0.0
2000-04-18 00:00:00-04:00,35.976146162018296,37.2191521992055,35.58548712175946,36.65092086791992,98558000,0.0,0.0
2000-04-19 00:00:00-04:00,35.6876041457409,35.72755792572742,33.792019250824694,33.82753372192383,87377800,0.0,0.0
2000-04-20 00:00:00-04:00,33.507892612775514,33.91630889793388,32.673302812669284,32.77984619140625,45799000,0.0,0.0
2000-04-24 00:00:00-04:00,31.53685317845339,33.09949004765604,31.35928080695309,32.99294662475586,58320200,0.0,0.0
2000-04-25 00:00:00-04:00,34.01841482591629,35.58549044036865,33.95182521057129,35.514461517333984,51342400,0.0,0.0
2000-04-26 00:00:00-04:00,35.30135415319452,35.51444079798241,34.27143537005303,34.32470703125,47572000,0.0,0.0
2000-04-27 00:00:00-04:00,33.401351924905754,35.95839322059231,33.24153684392534,35.603248596191406,61088400,0.0,0.0
2000-04-28 00:00:00-04:00,36.36681015894529,36.668683094834975,35.763064287165925,36.029422760009766,44336400,0.0,0.0
2000-05-01 00:00:00-04:00,36.3490423373182,37.21914642844111,35.869597225883126,36.11819839477539,42389800,0.0,0.0
2000-05-02 00:00:00-04:00,35.76307479913485,36.26027742792123,34.34249585974518,34.43128204345703,43871400,0.0,0.0
2000-05-03 00:00:00-04:00,34.1378547087742,34.279947756469404,32.93006380336491,33.835906982421875,58988600,0.015,0.0
2000-05-04 00:00:00-04:00,33.74709564543991,34.27994452405213,33.26753165468893,33.977996826171875,40984800,0.0,0.0
2000-05-05 00:00:00-04:00,33.81813709448415,35.203543971253985,33.81813709448415,35.06145095825195,34217400,0.0,0.0
2000-05-08 00:00:00-04:00,34.74173991155675,34.866071291608336,33.39185635671099,33.4273796081543,40937800,0.0,0.0
2000-05-09 00:00:00-04:00,33.64051579486107,33.88917853040914,32.6813881006042,33.231998443603516,43054000,0.0,0.0
2000-05-10 00:00:00-04:00,32.53929283847933,33.10766476578901,29.87504942921519,30.1414737701416,97225600,0.0,0.0
2000-05-11 00:00:00-04:00,30.44345272264331,32.96560574867327,30.23031303030275,32.84127426147461,70267600,0.0,0.0
2000-05-12 00:00:00-04:00,33.14319495740144,33.96022977414338,32.610346163874084,32.681392669677734,38429400,0.0,0.0
2000-05-15 00:00:00-04:00,32.55707167973594,33.60500797493748,32.0419843481962,33.56948471069336,41105400,0.0,0.0
2000-05-16 00:00:00-04:00,34.03125971867488,34.91934060903696,33.72931221595177,34.635154724121094,44468400,0.0,0.0
2000-05-17 00:00:00-04:00,34.77726232334178,35.64758196268996,34.20889031397154,35.00816345214844,65543200,0.0,0.0
2000-05-18 00:00:00-04:00,35.203544220417,35.94953254395762,34.990404699405396,35.22130584716797,50141400,0.0,0.0
2000-05-19 00:00:00-04:00,34.63515669012626,35.13248201695884,33.054372615551266,33.4984130859375,71968000,0.0,0.0
2000-05-22 00:00:00-04:00,33.39185922173537,33.693806884910636,31.651219751666186,33.64052200317383,59249600,0.0,0.0
2000-05-23 00:00:00-04:00,33.46290428239738,34.0667995826105,31.207177719836622,31.224939346313477,50385800,0.0,0.0
2000-05-24 00:00:00-04:00,31.15389299240356,33.5827954249641,31.11836973927653,33.3563346862793,75482200,0.0,0.0
2000-05-25 00:00:00-04:00,33.72934705927782,34.74176032014082,32.272892894527544,32.73469543457031,50488800,0.0,0.0
2000-05-26 00:00:00-04:00,32.68141037222554,34.06681798583076,32.503794011506926,33.409637451171875,30851000,0.0,0.0
2000-05-30 00:00:00-04:00,33.889187412754914,35.77192004679686,33.853664155508845,35.73639678955078,41768000,0.0,0.0
2000-05-31 00:00:00-04:00,35.87848508447633,36.35804899402131,35.38115954865191,35.434444427490234,54089600,0.0,0.0
2000-06-01 00:00:00-04:00,35.86072234188217,36.94418151120105,35.84296071615564,36.85537338256836,45978400,0.0,0.0
2000-06-02 00:00:00-04:00,37.74345670681417,38.240782254009844,37.5125555599019,38.134212493896484,42657400,0.0,0.0
2000-06-05 00:00:00-04:00,37.69017068376411,38.36511247734706,37.28165328238495,37.67240905761719,39176000,0.0,0.0
2000-06-06 00:00:00-04:00,37.31719191754089,38.38288992565724,36.80210454695131,36.81986618041992,47425200,0.0,0.0
2000-06-07 00:00:00-04:00,36.731035285243344,36.766558530200065,35.71862280397697,36.64222717285156,39753400,0.0,0.0
2000-06-08 00:00:00-04:00,36.83762665701833,37.37047564434261,35.8074519481914,35.86073684692383,34394000,0.0,0.0
2000-06-09 00:00:00-04:00,36.35805689543852,36.37581852557796,35.665353320000264,36.10939407348633,27519200,0.0,0.0
2000-06-12 00:00:00-04:00,36.322535010113356,36.37581990254873,35.41669183871199,35.54102325439453,25947000,0.0,0.0
2000-06-13 00:00:00-04:00,35.38117287639429,37.47260515862091,35.274603078573826,37.37047576904297,39126600,0.0,0.0
2000-06-14 00:00:00-04:00,37.19284185465173,37.31717322665869,35.807435138002816,35.931766510009766,37008800,0.0,0.0
2000-06-15 00:00:00-04:00,36.016134241635804,36.961940750508745,35.949528149461656,36.44685363769531,33411000,0.0,0.0
2000-06-16 00:00:00-04:00,36.731049862484795,36.85538126917599,35.771921868009855,35.8252067565918,44086200,0.0,0.0
2000-06-19 00:00:00-04:00,36.50014699160398,38.84468198084569,36.4823853628976,38.79139709472656,61221200,0.0,0.0
2000-06-20 00:00:00-04:00,38.63154608256344,39.857098578975794,38.63154608256344,39.306488037109375,58579400,0.0,0.0
2000-06-21 00:00:00-04:00,38.755865693949964,39.57290044276834,38.64929594410409,39.501853942871094,32891400,0.0,0.0
2000-06-22 00:00:00-04:00,39.21766468394886,39.324234424937856,38.080920780066286,38.09868240356445,29696200,0.0,0.0
2000-06-23 00:00:00-04:00,38.436155111623364,39.075573588526524,38.116445873171784,38.18749237060547,30321600,0.0,0.0
2000-06-26 00:00:00-04:00,38.59601478772104,38.99121098147474,37.6901718267575,38.134212493896484,29904800,0.0,0.0
2000-06-27 00:00:00-04:00,38.063176386476584,38.791403279544966,37.2994262303317,37.3349494934082,33370400,0.0,0.0
2000-06-28 00:00:00-04:00,37.494816791797376,38.56051504263009,37.2283922290892,37.61914825439453,30631800,0.0,0.0
2000-06-29 00:00:00-04:00,37.24614273664847,38.18750924358332,37.086288046791616,37.44152069091797,47136200,0.0,0.0
2000-06-30 00:00:00-04:00,37.19283817927934,38.116442565775294,36.83760572293475,37.99211120605469,41431200,0.0,0.0
2000-07-03 00:00:00-04:00,38.11646407663006,38.89797592163086,38.00101346316403,38.89797592163086,15083800,0.0,0.0
2000-07-05 00:00:00-04:00,37.83226583757971,38.22302163496317,37.3349402772735,37.40598678588867,42005200,0.0,0.0
2000-07-06 00:00:00-04:00,37.37046603161811,38.880204440690136,37.104041606487755,38.82691955566406,44906200,0.0,0.0
2000-07-07 00:00:00-04:00,39.1466458963674,39.750541522717896,38.684843358569964,39.5906867980957,37286800,0.0,0.0
2000-07-10 00:00:00-04:00,39.14663656152565,39.786055307539684,38.933496979520974,39.164398193359375,31349400,0.0,0.0
2000-07-11 00:00:00-04:00,39.28871942113939,40.14127752792723,38.96901013109395,39.44857406616211,42782000,0.0,0.0
2000-07-12 00:00:00-04:00,39.85709546255084,40.42546759035905,39.43081636669468,40.12351989746094,29824200,0.0,0.0
2000-07-13 00:00:00-04:00,39.892613697759664,41.20697407782833,39.85709044424429,40.69188690185547,45176000,0.0,0.0
2000-07-14 00:00:00-04:00,40.92278873295697,41.793108458614476,40.65636432714345,41.68653869628906,37471800,0.0,0.0
2000-07-17 00:00:00-04:00,41.66877563098515,41.91743840116153,41.02935707910303,41.5799674987793,46580000,0.0,0.0
2000-07-18 00:00:00-04:00,41.15370199063441,41.15814239870418,40.194573847563944,40.638614654541016,50683600,0.0,0.0
2000-07-19 00:00:00-04:00,41.189210108070895,41.52668099727027,39.21766965011666,39.25319290161133,72188400,0.0,0.0
2000-07-20 00:00:00-04:00,39.484099369324774,40.70965171142257,39.18215169083691,40.54979705810547,60488400,0.0,0.0
2000-07-21 00:00:00-04:00,40.38993261950634,40.4254558671928,39.23542706969635,39.27095031738281,32086600,0.0,0.0
2000-07-24 00:00:00-04:00,39.27095531898996,40.354414511418,39.11110068404156,39.21767044067383,39835400,0.0,0.0
2000-07-25 00:00:00-04:00,39.426362894865505,40.33664607917088,39.12885570779984,40.034698486328125,29623200,0.0,0.0
2000-07-26 00:00:00-04:00,39.50185394287109,39.82156319240872,38.8091505688729,39.501853942871094,46639800,0.0,0.0
2000-07-27 00:00:00-04:00,39.359777561939545,39.89262653615353,38.649312262987564,38.93349838256836,39223800,0.0,0.0
2000-07-28 00:00:00-04:00,39.21767340601933,39.60842920988365,36.58895254365934,36.69552230834961,55433800,0.0,0.0
2000-07-31 00:00:00-04:00,37.192846812558976,38.40063744448544,36.659998004356126,37.93883514404297,30470700,0.0,2.0
2000-08-01 00:00:00-04:00,38.11646355604987,38.29407988203333,36.517916622198754,36.731056213378906,25001100,0.0,0.0
2000-08-02 00:00:00-04:00,37.08629054590133,37.58361628119119,35.9140227412895,35.985069274902344,33226800,0.0,0.0
2000-08-03 00:00:00-04:00,35.14359381654649,37.16905877867303,34.36183541011169,36.99138641357422,34941100,0.02,0.0
2000-08-04 00:00:00-04:00,37.6487860989261,37.666553341068116,34.93039805119807,35.57001876831055,34939700,0.0,0.0
2000-08-07 00:00:00-04:00,35.605545998566676,36.60051135581205,34.752718549499214,35.78321838378906,30634400,0.0,0.0
2000-08-08 00:00:00-04:00,35.6766077625824,36.03195246141291,34.9659183649214,35.0369873046875,24900100,0.0,0.0
2000-08-09 00:00:00-04:00,35.74768956877372,36.884793014301316,35.72992232743735,36.13856887817383,30071900,0.0,0.0
2000-08-10 00:00:00-04:00,35.92535337325065,36.84924970134612,35.25019836425781,35.25019836425781,16678400,0.0,0.0
2000-08-11 00:00:00-04:00,35.1791356055907,36.45837690033945,34.57504943862601,36.280704498291016,22509600,0.0,0.0
2000-08-14 00:00:00-04:00,36.63605833009066,38.09297238589446,36.174109970933365,38.057437896728516,25665000,0.0,0.0
2000-08-15 00:00:00-04:00,37.986367803471744,39.087936935284304,37.52441945787293,38.5904541015625,34464300,0.0,0.0
2000-08-16 00:00:00-04:00,39.01685850285301,39.51434121600415,38.412772351169494,38.69704818725586,24609500,0.0,0.0
2000-08-17 00:00:00-04:00,38.945782759272554,40.65143747865675,38.91024828595205,39.834144592285156,40495900,0.0,0.0
2000-08-18 00:00:00-04:00,40.36717247097127,41.46874143804883,39.94075867726383,40.118431091308594,35795600,0.0,0.0
2000-08-21 00:00:00-04:00,41.317713596049536,42.10835571818422,40.11842498382277,40.97125244140625,46024300,0.0,0.0
2000-08-22 00:00:00-04:00,41.202237468038525,41.85962547421249,41.006797790527344,41.006797790527344,31693500,0.0,0.0
2000-08-23 00:00:00-04:00,40.6159144166726,42.57031099840225,40.189500617022496,42.42817306518555,36177000,0.0,0.0
2000-08-24 00:00:00-04:00,42.392638235381156,43.11221151640921,41.50427616003788,42.2149658203125,23352900,0.0,0.0
2000-08-25 00:00:00-04:00,42.00175189726764,42.32156219090165,41.291062355858706,41.46873474121094,20844200,0.0,0.0
2000-08-28 00:00:00-04:00,41.64639861853998,43.10331188079266,41.50426073929582,42.00174331665039,42760500,0.0,0.0
2000-08-29 00:00:00-04:00,41.68193518723114,42.605831448840696,41.57533177243003,42.10834884643555,23023100,0.0,0.0
2000-08-30 00:00:00-04:00,41.93067777724493,42.28602250417073,41.362126214163645,41.78853988647461,21770400,0.0,0.0
2000-08-31 00:00:00-04:00,42.001760747078464,42.99672631469115,41.85962280884808,42.5703125,28530700,0.0,0.0
2000-09-01 00:00:00-04:00,42.9967274024944,43.03226188795101,41.75302041151316,42.037296295166016,18322000,0.0,0.0
2000-09-05 00:00:00-04:00,40.402711575642385,40.58038401001197,38.80365966631617,39.37221145629883,58396000,0.0,0.0
2000-09-06 00:00:00-04:00,38.69704793052356,38.945789285448875,36.95585844604638,37.355621337890625,62344900,0.0,0.0
2000-09-07 00:00:00-04:00,37.87087721289917,39.052398833662856,37.66655392509793,38.34170913696289,34716000,0.0,0.0
2000-09-08 00:00:00-04:00,38.19959086168336,38.34172887419195,36.92034874910606,37.169090270996094,29681800,0.0,0.0
2000-09-11 00:00:00-04:00,37.27566951806994,38.021893598031305,36.35177303811778,36.7781867980957,30507800,0.0,0.0
2000-09-12 00:00:00-04:00,36.9913951958224,38.05742963950604,36.70711934417343,36.920326232910156,28997300,0.0,0.0
2000-09-13 00:00:00-04:00,35.07252134595599,35.99641755162453,34.397366426428974,34.82378005981445,70068400,0.0,0.0
2000-09-14 00:00:00-04:00,35.534472835388826,35.747679672401155,33.68668024794861,33.89988708496094,50489200,0.0,0.0
2000-09-15 00:00:00-04:00,33.93539888837421,34.04200223566753,32.194210882583285,32.70057678222656,75675900,0.0,0.0
2000-09-18 00:00:00-04:00,33.18921390546262,33.68669676914194,31.554627353373462,31.7322998046875,50767100,0.0,0.0
2000-09-19 00:00:00-04:00,32.51404703033637,34.39737434466186,32.300840164563674,34.3263053894043,58855100,0.0,0.0
2000-09-20 00:00:00-04:00,34.823786392438755,36.103027525222224,34.361838205600286,35.854286193847656,70335900,0.0,0.0
2000-09-21 00:00:00-04:00,35.285748166928904,35.78323102124613,34.32631694788854,34.957054138183594,57112300,0.0,0.0
2000-09-22 00:00:00-04:00,26.579803665738066,28.143321528428537,26.43766567822075,27.254959106445312,308734400,0.0,0.0
2000-09-25 00:00:00-04:00,28.463125102776143,28.543077701379445,25.44269359998467,25.798038482666016,130214700,0.0,0.0
2000-09-26 00:00:00-04:00,26.402118834238202,26.437653314499627,24.3411189790756,24.625394821166992,112681600,0.0,0.0
2000-09-27 00:00:00-04:00,25.37161752097627,25.975703652428084,24.696462432883063,24.94520378112793,80365100,0.0,0.0
2000-09-28 00:00:00-04:00,25.0873346771369,25.3360759558054,24.72310637622946,25.26500701904297,66739000,0.0,0.0
2000-09-29 00:00:00-04:00,24.909661503842003,24.94519597103721,23.523817283228823,23.630420684814453,72985600,0.0,0.0
2000-10-02 00:00:00-04:00,24.412203004427045,24.412203004427045,22.67101239712439,22.81315040588379,66785700,0.0,0.0
2000-10-03 00:00:00-04:00,23.74591539959575,24.163445524467054,22.813135333393895,22.91973876953125,81206500,0.0,0.0
2000-10-04 00:00:00-04:00,23.310621534075057,24.30558708735875,23.168483597891672,23.879173278808594,63726000,0.0,0.0
2000-10-05 00:00:00-04:00,23.950240007260952,24.092377930152708,23.026343508464535,23.310619354248047,52072400,0.0,0.0
2000-10-06 00:00:00-04:00,23.523820569630892,24.02130317986478,22.31564851620574,22.706527709960938,69734600,0.0,0.0
2000-10-09 00:00:00-04:00,22.99081368103027,23.044115412902833,21.60496865234375,22.209054946899414,56544700,0.0,0.0
2000-10-10 00:00:00-04:00,22.28011861855099,22.848670289837777,21.28515319379911,21.35622215270996,68882800,0.0,0.0
2000-10-11 00:00:00-04:00,21.03641690635007,21.676037690664767,19.899313289790605,20.112520217895508,122056600,0.0,0.0
2000-10-12 00:00:00-04:00,21.10748291015625,21.889241536458336,19.899310487689394,21.10748291015625,100212800,0.0,0.0
2000-10-13 00:00:00-04:00,21.098594455158008,23.16847761644298,21.00087464926043,22.955270767211914,80908800,0.0,0.0
2000-10-16 00:00:00-04:00,22.244586303229926,22.280120786142433,20.112517328479452,20.290189743041992,92057900,0.0,0.0
2000-10-17 00:00:00-04:00,20.68105865636638,20.82319651654759,19.89930042536971,20.57445526123047,78642100,0.0,0.0
2000-10-18 00:00:00-04:00,20.609992631328478,22.63545742440731,20.041441110464245,21.71156120300293,16790000,0.0,0.0
2000-10-19 00:00:00-04:00,23.88805747991525,24.05684628323187,23.239553130330343,23.843639373779297,64250700,0.0,0.0
2000-10-20 00:00:00-04:00,23.665966078228113,25.22948335666961,23.523828143824343,24.483259201049805,59899600,0.0,0.0
2000-10-23 00:00:00-04:00,24.838601702735538,25.584825788225444,24.092377617245628,24.625394821166992,43746200,0.0,0.0
2000-10-24 00:00:00-04:00,24.803069864000594,25.30055264064244,23.665966374533518,23.879173278808594,46937000,0.0,0.0
2000-10-25 00:00:00-04:00,23.87917199762434,24.76753405110739,23.390572868208665,23.488292694091797,53225900,0.0,0.0
2000-10-26 00:00:00-04:00,23.879180353338068,25.584836092862215,23.701507880470967,25.407163619995117,50811900,0.0,0.0
2000-10-27 00:00:00-04:00,26.082307044386543,26.721927653104466,25.495988153061777,26.3665828704834,50197800,0.0,0.0
2000-10-30 00:00:00-05:00,26.126728281709884,26.224448108673098,24.945206737518312,25.584827423095703,49111200,0.0,0.0
2000-10-31 00:00:00-05:00,25.975706730948556,26.686396381590104,25.407155010435318,25.584827423095703,55793900,0.0,0.0
2000-11-01 00:00:00-05:00,25.193958672972443,26.473200580203766,25.122889678126256,25.513769149780273,47654600,0.0,0.0
2000-11-02 00:00:00-05:00,26.437647072665662,27.219405453846637,26.366578128921937,26.54425048828125,65511800,0.0,0.0
2000-11-03 00:00:00-05:00,26.804490199705366,26.875589643205913,25.880197434198287,26.129045486450195,31103600,0.02,0.0
2000-11-06 00:00:00-05:00,26.52008492898621,26.946681469398857,26.377886082181995,26.484535217285156,24583500,0.0,0.0
2000-11-07 00:00:00-05:00,26.59118574914171,26.62673546271008,25.77354233706917,26.271238327026367,21043200,0.0,0.0
2000-11-08 00:00:00-05:00,26.306790397945644,26.342340114699628,24.13825767595283,24.28045654296875,38074100,0.0,0.0
2000-11-09 00:00:00-05:00,24.067146710398696,24.102696410118632,22.71625812104101,23.53390121459961,48864700,0.0,0.0
2000-11-10 00:00:00-05:00,21.614230491019583,22.183026030256944,21.045434951782227,21.045434951782227,94080100,0.0,0.0
2000-11-13 00:00:00-05:00,21.045420994735196,22.609607690289838,20.476625832715325,21.72086524963379,81393300,0.0,0.0
2000-11-14 00:00:00-05:00,23.03621667760019,23.462813282740935,22.431871486984136,23.285064697265625,48677100,0.0,0.0
2000-11-15 00:00:00-05:00,23.71166013235069,24.387104723826948,23.17841440223786,23.605010986328125,41961500,0.0,0.0
2000-11-16 00:00:00-05:00,23.462813973426822,24.422656363248826,22.61850816756487,22.751819610595703,39523700,0.0,0.0
2000-11-17 00:00:00-05:00,22.822917248829302,23.747209847691547,22.467420095420746,23.605010986328125,40986100,0.0,0.0
2000-11-20 00:00:00-05:00,23.320612759575656,24.422653911323895,23.107314472140512,23.391712188720703,37495900,0.0,0.0
2000-11-21 00:00:00-05:00,24.13824683270496,24.671492344473116,23.569451620152268,24.244895935058594,36760300,0.0,0.0
2000-11-22 00:00:00-05:00,24.031596703305052,24.9558888842014,23.35615241726541,23.4272518157959,36702700,0.0,0.0
2000-11-24 00:00:00-05:00,24.351558210500443,25.027002890791696,23.889411850301165,24.991453170776367,20684000,0.0,0.0
2000-11-27 00:00:00-05:00,25.844646451144264,26.591190571466175,24.884804010730377,24.991453170776367,52923300,0.0,0.0
2000-11-28 00:00:00-05:00,24.56486416217563,25.382507976546165,23.88941927204345,23.907194137573242,49700800,0.0,0.0
2000-11-29 00:00:00-05:00,24.102692286173504,24.742586771647137,23.28504933251275,24.315990447998047,61411300,0.0,0.0
2000-11-30 00:00:00-05:00,21.89862253474093,22.14747051809026,20.93878031325066,21.6497745513916,78955300,0.0,0.0
2000-12-01 00:00:00-05:00,21.89862060546875,21.89862060546875,19.23239244733538,19.410140991210938,1155400,0.0,0.0
2000-12-04 00:00:00-05:00,19.978937203336713,20.10336118947849,18.23700139735184,18.734697341918945,82755800,0.0,0.0
2000-12-05 00:00:00-05:00,19.694532109631435,20.76102301809523,19.3390351401435,20.476625442504883,75071400,0.0,0.0
2000-12-06 00:00:00-05:00,20.08558727624848,20.08558727624848,17.77485599668007,18.059253692626953,102012000,0.0,0.0
2000-12-07 00:00:00-05:00,18.45030323080214,18.912449554502388,17.88150775547876,18.37920379638672,68263600,0.0,0.0
2000-12-08 00:00:00-05:00,19.76564309176277,19.83674252734465,18.770250993616443,19.339046478271484,88021400,0.0,0.0
2000-12-11 00:00:00-05:00,19.97893786549767,21.72087372921544,19.516791615939894,21.29427719116211,73069600,0.0,0.0
2000-12-12 00:00:00-05:00,21.009880092046032,21.569788064042182,20.689932679476804,20.761032104492188,48167200,0.0,0.0
2000-12-13 00:00:00-05:00,21.47202149243422,21.543120901349564,20.014483609669643,20.192232131958008,48719800,0.0,0.0
2000-12-14 00:00:00-05:00,20.227783189549566,20.83212820575755,19.623438173341583,19.97893524169922,33708000,0.0,0.0
2000-12-15 00:00:00-05:00,19.658992436579886,19.765641581805458,18.379202693873058,18.450302124023438,80843900,0.0,0.0
2000-12-18 00:00:00-05:00,19.44568677773153,19.62343528575467,18.44140770740079,18.91244125366211,38556100,0.0,0.0
2000-12-19 00:00:00-05:00,19.19684493875949,20.618833452741676,18.94799694881261,19.01909637451172,54732300,0.0,0.0
2000-12-20 00:00:00-05:00,18.734688656204135,19.410132839255137,17.917045697773972,18.1658935546875,63150800,0.0,0.0
2000-12-21 00:00:00-05:00,18.201451945754716,19.59677809589314,17.988153680765404,18.841346740722656,51590000,0.0,0.0
2000-12-22 00:00:00-05:00,19.125744155507387,19.90783778268427,18.201451687025617,18.734697341918945,45424100,0.0,0.0
2000-12-26 00:00:00-05:00,18.841345101708242,19.26794159457711,18.201450362404945,18.699146270751953,28436200,0.0,0.0
2000-12-27 00:00:00-05:00,18.59249604823722,19.16129133843186,18.37919781441423,18.52139663696289,33621500,0.0,0.0
2000-12-28 00:00:00-05:00,18.272543519915956,18.592490779992307,17.099403566302676,17.59709930419922,49339500,0.0,0.0
2000-12-29 00:00:00-05:00,17.597101076724872,17.88149866988406,16.957206492116693,17.09940528869629,54053600,0.0,0.0
2001-01-02 00:00:00-05:00,17.454916430191254,18.130361261502117,17.206068334445145,17.668214797973633,50342900,0.0,0.0
2001-01-03 00:00:00-05:00,17.13496130800095,19.694540590523914,17.13496130800095,19.472354888916016,78291900,0.0,0.0
2001-01-04 00:00:00-05:00,19.339041573660715,20.12113516671317,18.59249768938337,19.2235050201416,68769000,0.0,0.0
2001-01-05 00:00:00-05:00,19.374590124535512,19.694537484390228,18.05925097846613,18.23699951171875,44974700,0.0,0.0
2001-01-08 00:00:00-05:00,17.917045697773972,18.37919171775624,17.41934998394692,18.1658935546875,45070800,0.0,0.0
2001-01-09 00:00:00-05:00,18.503626440846645,18.734699585641078,18.130354437717173,18.343652725219727,40814400,0.0,0.0
2001-01-10 00:00:00-05:00,17.98815655708313,18.983548619530417,17.703758824955333,18.77025032043457,51494300,0.0,0.0
2001-01-11 00:00:00-05:00,18.414748088250892,19.481239290273145,18.20144984784644,18.983543395996094,64954600,0.0,0.0
2001-01-12 00:00:00-05:00,19.09019389690592,19.232392734126822,18.094802036359614,18.272550582885742,51374500,0.0,0.0
2001-01-16 00:00:00-05:00,18.308107007547203,18.41475617458146,17.632662282996918,17.84596061706543,60301100,0.0,0.0
2001-01-17 00:00:00-05:00,18.770247412509608,18.805797123518147,17.134960706116726,17.34825897216797,7427400,0.0,0.0
2001-01-18 00:00:00-05:00,17.59710374850671,18.379197248440345,17.063858180370147,18.30809783935547,86633300,0.0,0.0
2001-01-19 00:00:00-05:00,18.9835455697342,19.694539785829114,18.379200486053524,19.090194702148438,81348900,0.0,0.0
2001-01-22 00:00:00-05:00,18.592496621921267,19.267941049868693,18.48584750171904,18.983543395996094,45756600,0.0,0.0
2001-01-23 00:00:00-05:00,19.01909831555909,20.414424687308053,18.628051434304606,20.121139526367188,84553900,0.0,0.0
2001-01-24 00:00:00-05:00,20.298878613833725,21.080972010513833,20.014481015040957,20.618825912475586,73579100,0.0,0.0
2001-01-25 00:00:00-05:00,20.369977754095324,20.512176551680632,19.51678496858348,19.62343406677246,45890400,0.0,0.0
2001-01-26 00:00:00-05:00,19.410133733981993,20.51217429396998,19.19683556108109,20.40552520751953,48063700,0.0,0.0
2001-01-29 00:00:00-05:00,20.050031343559795,21.258721176327583,19.765633735849725,21.08097267150879,49092800,0.0,0.0
2001-01-30 00:00:00-05:00,21.258733278996235,21.72087965462659,20.938785788175224,21.045434951782227,60806400,0.0,0.0
2001-01-31 00:00:00-05:00,21.223183557793902,21.951952842441766,20.761037182163548,21.045434951782227,71894200,0.0,0.0
2001-02-01 00:00:00-05:00,21.080983179265804,21.57867924083363,20.761035711115056,21.507579803466797,50297000,0.0,0.0
2001-02-02 00:00:00-05:00,21.427588689974435,21.74753609471897,20.192236210544138,20.298885345458984,47151200,0.0,0.0
2001-02-05 00:00:00-05:00,19.954573523031698,20.0968521221264,19.16314881556743,19.74115562438965,39185100,0.02,0.0
2001-02-06 00:00:00-05:00,19.670012815499014,20.452544970907653,19.62555076121443,20.167987823486328,40329200,0.0,0.0
2001-02-07 00:00:00-05:00,19.91900203479637,20.523686025138403,19.27874839796363,19.883432388305664,53148000,0.0,0.0
2001-02-08 00:00:00-05:00,20.13241931763797,20.559255062888248,19.670013926950173,19.705583572387695,42899000,0.0,0.0
2001-02-09 00:00:00-05:00,19.527737863028225,20.239130863502844,19.029762762695995,19.065332412719727,40892100,0.0,0.0
2001-02-12 00:00:00-05:00,19.172043981431408,20.025715698600894,19.136474326549344,19.670019149780273,30482000,0.0,0.0
2001-02-13 00:00:00-05:00,19.421024079956762,20.061277621054238,18.425074127138465,18.460643768310547,41910800,0.0,0.0
2001-02-14 00:00:00-05:00,18.53178692213345,19.6611232652769,18.176090436104015,19.42102813720703,47442300,0.0,0.0
2001-02-15 00:00:00-05:00,20.16798136246766,20.772665107021364,19.990133202304808,20.381399154663086,58334500,0.0,0.0
2001-02-16 00:00:00-05:00,19.776716988303445,20.096843702142888,19.136463560624556,19.56329917907715,41543900,0.0,0.0
2001-02-20 00:00:00-05:00,19.385458110104025,19.42102775801247,17.85596325004077,17.89153289794922,52397300,0.0,0.0
2001-02-21 00:00:00-05:00,17.64254177682768,18.638491715842147,17.357984651394975,17.500263214111328,51582200,0.0,0.0
2001-02-22 00:00:00-05:00,17.606977701187134,17.962674220403034,16.860015010833738,17.07343292236328,58517400,0.0,0.0
2001-02-23 00:00:00-05:00,17.28684839873822,17.500266280204123,16.219758991408696,17.037860870361328,63558300,0.0,0.0
2001-02-26 00:00:00-05:00,17.393553729784692,17.47358541872542,16.184185985791483,16.788869857788086,60349600,0.0,0.0
2001-02-27 00:00:00-05:00,16.788873508058746,17.571405747841144,16.504316329956055,16.504316329956055,40787300,0.0,0.0
2001-02-28 00:00:00-05:00,16.717724747939496,17.180129900542077,15.935192951227434,16.255319595336914,48601400,0.0,0.0
2001-03-01 00:00:00-05:00,16.07747967765055,16.646594002523138,15.401656416864354,16.575454711914062,56268300,0.0,0.0
2001-03-02 00:00:00-05:00,16.21975786091168,17.713682927048282,16.148618572048033,16.68216323852539,54626200,0.0,0.0
2001-03-05 00:00:00-05:00,17.002292774341726,17.500267876519096,16.788874873408567,17.286849975585938,33275700,0.0,0.0
2001-03-06 00:00:00-05:00,17.998240425473167,18.709633327665784,17.891531490144274,17.927101135253906,59734200,0.0,0.0
2001-03-07 00:00:00-05:00,18.638492186110206,19.172036809758396,18.033808279308918,18.745201110839844,77832700,0.0,0.0
2001-03-08 00:00:00-05:00,18.74520360258289,19.172039358239424,18.602925017364043,18.923051834106445,64903100,0.0,0.0
2001-03-09 00:00:00-05:00,17.1801314627289,17.41133406005341,16.50430848593418,16.7532958984375,95273400,0.0,0.0
2001-03-12 00:00:00-05:00,16.219761668024834,16.717736806955422,15.686216876313491,15.792925834655762,59597600,0.0,0.0
2001-03-13 00:00:00-05:00,16.077487101453414,16.86001965948876,15.79292980762238,16.717741012573242,52027200,0.0,0.0
2001-03-14 00:00:00-05:00,16.14861289403772,17.002284060242356,15.935195102486558,16.539878845214844,57451000,0.0,0.0
2001-03-15 00:00:00-05:00,16.93115590748034,17.037864873283787,16.184193146856206,16.219762802124023,40752100,0.0,0.0
2001-03-16 00:00:00-05:00,16.184189127165105,16.397607005765085,15.757353369965147,15.864062309265137,59068600,0.0,0.0
2001-03-19 00:00:00-05:00,15.650638818190224,15.792917352901044,14.441271273148253,15.401651382446289,76656300,0.0,0.0
2001-03-20 00:00:00-05:00,15.579503901718839,15.615073545330068,13.978869939213478,14.014439582824707,64431100,0.0,0.0
2001-03-21 00:00:00-05:00,14.085582453347651,15.223811338466653,14.014443148027713,14.547987937927246,68549500,0.0,0.0
2001-03-22 00:00:00-05:00,14.868113765010127,16.39760872169777,14.832544114854601,16.32646942138672,94022700,0.0,0.0
2001-03-23 00:00:00-05:00,16.895576981815495,16.931146617566686,15.757348637777397,16.397602081298828,84795800,0.0,0.0
2001-03-26 00:00:00-05:00,16.788869794630845,16.82443943402625,15.864059170350334,16.113046646118164,64433900,0.0,0.0
2001-03-27 00:00:00-05:00,16.148626424911175,16.904481736649856,15.970778116266777,16.717741012573242,72645800,0.0,0.0
2001-03-28 00:00:00-05:00,16.326470926023692,16.682167460359718,15.259381323015607,15.330520629882812,73000000,0.0,0.0
2001-03-29 00:00:00-05:00,15.29493834551643,15.686204210169175,14.6546851124483,15.117090225219727,64852600,0.0,0.0
2001-03-30 00:00:00-05:00,15.152662567174918,15.223801828053674,14.405700327947985,14.974814414978027,47297100,0.0,0.0
2001-04-02 00:00:00-04:00,14.832540760467731,15.294946107916367,14.263426486684796,14.68136978149414,44925500,0.0,0.0
2001-04-03 00:00:00-04:00,14.405709671974183,15.010393781661987,14.138937270641327,14.227861404418945,57239500,0.0,0.0
2001-04-04 00:00:00-04:00,14.050009421880732,14.281212108569909,12.769502234063754,12.876211166381836,84555800,0.0,0.0
2001-04-05 00:00:00-04:00,13.801023892658511,14.69026512285558,13.712099769638805,14.583556175231934,67714900,0.0,0.0
2001-04-06 00:00:00-04:00,14.263431735770412,14.361248287574323,13.08963311412347,13.445329666137695,73965900,0.0,0.0
2001-04-09 00:00:00-04:00,13.482320906708077,13.77256939101665,12.662795838395617,13.203454971313477,60543900,0.0,0.0
2001-04-10 00:00:00-04:00,13.362802172816531,14.28476772462722,13.2888177988036,14.096960067749023,55847600,0.0,0.0
2001-04-11 00:00:00-04:00,15.878288403278567,16.100243713530947,15.468526507080828,15.662025451660156,91360800,0.0,0.0
2001-04-12 00:00:00-04:00,15.627879696384417,16.225450421547745,14.97339840401462,16.003496170043945,54027200,0.0,0.0
2001-04-16 00:00:00-04:00,15.235187231457177,15.252259962554964,14.523794489071232,14.967702865600586,59342200,0.0,0.0
2001-04-17 00:00:00-04:00,14.370131976215276,15.212420639449899,14.330294160258095,14.819732666015625,74191900,0.0,0.0
2001-04-18 00:00:00-04:00,16.629518938472565,18.319787966169166,16.27666869131673,17.801895141601562,49959200,0.0,0.0
2001-04-19 00:00:00-04:00,17.523034984579443,18.507602753352252,17.329535978687712,18.490530014038086,85981400,0.0,0.0
2001-04-20 00:00:00-04:00,18.194587646033202,18.536056515685136,17.7905169282198,18.45638084411621,62659300,0.0,0.0
2001-04-23 00:00:00-04:00,17.682382323703774,17.8132783610403,16.874239919605174,17.25554656982422,58508800,0.0,0.0
2001-04-24 00:00:00-04:00,17.039278261848743,17.665304055224446,16.447399014148335,16.583986282348633,50134100,0.0,0.0
2001-04-25 00:00:00-04:00,16.504315187284483,16.709196688693346,15.650643712080115,16.52138900756836,64640600,0.0,0.0
2001-04-26 00:00:00-04:00,17.204324553367144,17.278310018203623,16.276668747604926,16.2994327545166,53730100,0.0,0.0
2001-04-27 00:00:00-04:00,16.84579023482857,17.20433190961301,16.5327765933344,17.17587661743164,42007500,0.0,0.0
2001-04-30 00:00:00-04:00,17.55718110397324,18.012472232479972,17.375064652570547,17.591327667236328,41266300,0.0,0.0
2001-05-01 00:00:00-04:00,17.511648784129278,17.875881620230935,17.141724674276098,17.744985580444336,37209500,0.0,0.0
2001-05-02 00:00:00-04:00,18.14905675300808,18.496216863027826,17.756368622706514,18.177513122558594,45022200,0.0,0.0
2001-05-03 00:00:00-04:00,17.733322762618062,17.767491797288102,17.146768454449198,17.311914443969727,37080900,0.02,0.0
2001-05-04 00:00:00-04:00,17.02718472696389,17.682076238350987,16.68550186870718,17.58526611328125,35393400,0.0,0.0
2001-05-07 00:00:00-04:00,17.682072584783917,18.040839891985936,17.27774873115267,17.744714736938477,33647800,0.0,0.0
2001-05-08 00:00:00-04:00,17.93263766439018,18.109173330928922,17.596649762351593,17.926942825317383,41514400,0.0,0.0
2001-05-09 00:00:00-04:00,17.647904651348917,17.647904651348917,16.685498439472347,17.044265747070312,61622800,0.0,0.0
2001-05-10 00:00:00-04:00,17.357469257736092,17.39163828686871,16.45770546131771,16.520347595214844,49116200,0.0,0.0
2001-05-11 00:00:00-04:00,16.531743764985112,16.651332155383617,15.825599844906053,15.911020278930664,47531600,0.0,0.0
2001-05-14 00:00:00-04:00,15.973656700925766,16.030604002423317,15.210565684925076,15.609195709228516,41994500,0.0,0.0
2001-05-15 00:00:00-04:00,15.728793362583374,16.002139249063056,15.335857971906332,15.489615440368652,47310800,0.0,0.0
2001-05-16 00:00:00-04:00,15.375713439839965,16.229919742053298,15.090978005768854,16.15019416809082,59906400,0.0,0.0
2001-05-17 00:00:00-04:00,16.389375911085647,16.622858936186574,15.945188136264985,16.2868709564209,56376100,0.0,0.0
2001-05-18 00:00:00-04:00,16.24699747953239,16.59437382554298,15.939482817689965,16.377975463867188,34775000,0.0,0.0
2001-05-21 00:00:00-04:00,16.15588993488025,17.089821864687938,16.053384998939496,17.027179718017578,44417800,0.0,0.0
2001-05-22 00:00:00-04:00,17.192321695919798,17.328994541200334,16.742439296464543,16.816471099853516,39665300,0.0,0.0
2001-05-23 00:00:00-04:00,16.725363849698297,17.22649785482878,16.2640915548419,16.40076446533203,53488500,0.0,0.0
2001-05-24 00:00:00-04:00,16.423543171557153,16.74244661664359,16.013524456446017,16.634246826171875,47217900,0.0,0.0
2001-05-25 00:00:00-04:00,16.765216253680702,16.82785728662957,16.332418428989406,16.571596145629883,29592100,0.0,0.0
2001-05-29 00:00:00-04:00,16.49187702397683,16.526046060609005,15.819902262904098,15.85976505279541,37797600,0.0,0.0
2001-05-30 00:00:00-04:00,15.56933271063664,15.77434255874614,15.034029821783735,15.147924423217773,47272800,0.0,0.0
2001-05-31 00:00:00-04:00,15.392794552235666,15.706003025964712,15.284594807090674,15.381404876708984,38761100,0.0,0.0
2001-06-01 00:00:00-04:00,15.523777603147067,16.55451967707173,15.48391481203865,16.366594314575195,60601900,0.0,0.0
2001-06-04 00:00:00-04:00,16.582989894208655,16.799388316639682,15.979350074341294,16.229917526245117,37894700,0.0,0.0
2001-06-05 00:00:00-04:00,16.434927531510855,17.05565078647476,16.429232693205392,16.93036651611328,51625800,0.0,0.0
2001-06-06 00:00:00-04:00,16.77091906334528,17.477062875272086,16.54312982592795,16.98162269592285,72646300,0.0,0.0
2001-06-07 00:00:00-04:00,16.9189786440653,17.784574607591043,16.89620037459329,17.733322143554688,75686000,0.0,0.0
2001-06-08 00:00:00-04:00,18.160425606219704,18.183204962272335,17.0841260148609,17.46567153930664,68334700,0.0,0.0
2001-06-11 00:00:00-04:00,17.180937505617003,17.374557703122495,16.753834320445396,17.272052764892578,41072800,0.0,0.0
2001-06-12 00:00:00-04:00,16.91328389946786,17.203713063735982,16.514653888380032,17.15815544128418,54088900,0.0,0.0
2001-06-13 00:00:00-04:00,17.015784398355205,17.158152076369547,16.514650649663565,16.548818588256836,41032400,0.0,0.0
2001-06-14 00:00:00-04:00,16.264089775225354,16.571604604814684,15.694618834071447,15.723093032836914,41913100,0.0,0.0
2001-06-15 00:00:00-04:00,15.569323215177551,16.116014361812915,15.438345263735172,15.762943267822266,54910400,0.0,0.0
2001-06-18 00:00:00-04:00,15.87114965896356,16.25269508997083,15.620582234644658,15.688918113708496,27854300,0.0,0.0
2001-06-19 00:00:00-04:00,16.246999064963063,16.395061573686053,14.885963386623668,15.187783241271973,60427600,0.0,0.0
2001-06-20 00:00:00-04:00,14.982780640034337,15.751566652580882,14.954307526531732,15.654756546020508,43070200,0.0,0.0
2001-06-21 00:00:00-04:00,15.575030937998276,15.996439317103304,15.347242771749567,15.529473304748535,45895500,0.0,0.0
2001-06-22 00:00:00-04:00,15.643365013983967,16.116025810950223,15.529471487278807,15.666144371032715,30366800,0.0,0.0
2001-06-25 00:00:00-04:00,15.945179676846555,16.33811476587044,15.64335981336746,16.27547264099121,28358600,0.0,0.0
2001-06-26 00:00:00-04:00,15.996439869486913,16.55452116761264,15.962271914914643,16.497573852539062,34780200,0.0,0.0
2001-06-27 00:00:00-04:00,16.514656992469998,16.634245366566503,16.13880626505298,16.31534194946289,33729600,0.0,0.0
2001-06-28 00:00:00-04:00,16.645629329116044,17.368857423498845,16.62854590221485,16.879112243652344,54522800,0.0,0.0
2001-06-29 00:00:00-04:00,16.97592001864672,17.52261241539093,16.372281425019615,16.65701675415039,49436600,0.0,0.0
2001-07-02 00:00:00-04:00,16.84495551742276,17.391648351960313,16.605777605971326,17.118301391601562,38578300,0.0,0.0
2001-07-03 00:00:00-04:00,17.04996615094187,17.477069503817912,16.88481899979674,17.34609031677246,22120800,0.0,0.0
2001-07-05 00:00:00-04:00,17.12968820348849,17.653601584275467,16.970235927186447,16.99301528930664,35630900,0.0,0.0
2001-07-06 00:00:00-04:00,16.594379614514455,16.998704468040348,16.116024031115053,16.19005584716797,37375700,0.0,0.0
2001-07-09 00:00:00-04:00,16.24700285665221,16.75952637650238,16.007825069231547,16.457706451416016,30139400,0.0,0.0
2001-07-10 00:00:00-04:00,15.825592994689941,16.61146216819916,15.637666600529375,15.825592994689941,41241500,0.0,0.0
2001-07-11 00:00:00-04:00,15.74586715263024,16.229917542176636,15.375711355746288,15.979350090026855,50333800,0.0,0.0
2001-07-12 00:00:00-04:00,16.713960779729987,17.192316126334525,16.543118963840442,17.141063690185547,49223400,0.0,0.0
2001-07-13 00:00:00-04:00,17.089820663306163,17.300524273546056,16.657022678747595,17.192325592041016,42796300,0.0,0.0
2001-07-16 00:00:00-04:00,17.101218507183706,17.511237331731152,16.383684749590685,16.588693618774414,65739200,0.0,0.0
2001-07-17 00:00:00-04:00,16.269783463341444,17.04995907541754,15.990742852269134,17.027179718017578,104487600,0.0,0.0
2001-07-18 00:00:00-04:00,16.440622517864306,17.16954444865791,16.24130752009567,16.452011108398438,71663500,0.0,0.0
2001-07-19 00:00:00-04:00,16.850642448955995,17.20940860463281,16.759527200333963,17.06134605407715,54602300,0.0,0.0
2001-07-20 00:00:00-04:00,16.74814059169604,17.101213059439157,16.474794795741158,17.044265747070312,50444200,0.0,0.0
2001-07-23 00:00:00-04:00,17.0670463900548,17.215108988300297,16.46340740196144,16.514659881591797,35057400,0.0,0.0
2001-07-24 00:00:00-04:00,16.349507584766723,16.850642541107916,16.190056441895894,16.446317672729492,38032700,0.0,0.0
2001-07-25 00:00:00-04:00,16.49757331175945,16.78800363155285,16.053386658341022,16.753835678100586,35538100,0.0,0.0
2001-07-26 00:00:00-04:00,16.57160844962917,17.027184873779717,16.400766475937814,16.95884895324707,46221000,0.0,0.0
2001-07-27 00:00:00-04:00,16.862036596993704,16.998709506161084,16.520353780985396,16.639942169189453,35482900,0.0,0.0
2001-07-30 00:00:00-04:00,16.80508646479328,16.93606451169826,16.400761559164575,16.53743553161621,30514600,0.0,0.0
2001-07-31 00:00:00-04:00,16.605769616590027,17.323303005724092,16.531738885268478,16.97592544555664,50354000,0.0,0.0
2001-08-01 00:00:00-04:00,17.437199728427135,17.64220851726406,17.243579532284805,17.51123046875,45023900,0.0,0.0
2001-08-02 00:00:00-04:00,17.887075619222628,18.35404144603936,17.841518004074146,18.28570556640625,74140400,0.0,0.0
2001-08-03 00:00:00-04:00,18.262915075854913,18.280011326688413,17.80705490502873,18.052080154418945,35671500,0.02,0.0
2001-08-06 00:00:00-04:00,17.33980527096495,17.482261770283614,17.11757347982202,17.254331588745117,54176800,0.0,0.0
2001-08-07 00:00:00-04:00,17.066287107988522,17.664603902191015,16.963718266272274,17.448070526123047,44101300,0.0,0.0
2001-08-08 00:00:00-04:00,17.31700874860318,17.772870120596007,16.747182848754633,16.87254524230957,49096000,0.0,0.0
2001-08-09 00:00:00-04:00,16.809856798321327,17.11186478630516,16.627512762880595,16.89533042907715,35734300,0.0,0.0
2001-08-10 00:00:00-04:00,16.82125325703855,17.203036481659456,16.51924527471402,17.0662784576416,33800700,0.0,0.0
2001-08-13 00:00:00-04:00,17.47655484938436,17.505045700598654,17.140357588145445,17.41387367248535,30830500,0.0,0.0
2001-08-14 00:00:00-04:00,17.499352739444443,17.579129103924057,17.23153495966973,17.29421615600586,27561900,0.0,0.0
2001-08-15 00:00:00-04:00,17.25432861419274,17.52214639547304,16.92382963622394,16.96941566467285,33348300,0.0,0.0
2001-08-16 00:00:00-04:00,16.7585780339665,17.1973441959717,16.57053554837235,17.18594741821289,38692500,0.0,0.0
2001-08-17 00:00:00-04:00,16.621814031590112,16.741476894798172,15.835455123327568,15.99500560760498,60330900,0.0,0.0
2001-08-20 00:00:00-04:00,15.995011918151858,16.342606044932424,15.89814147725514,16.069089889526367,36548500,0.0,0.0
2001-08-21 00:00:00-04:00,16.143166885256143,16.24573571595417,15.413789378958649,15.425186157226562,35088800,0.0,0.0
2001-08-22 00:00:00-04:00,15.721494236108642,15.955122732021874,15.385296920163949,15.932329177856445,42316100,0.0,0.0
2001-08-23 00:00:00-04:00,15.892439672226578,16.165956855699218,15.738587547165139,15.767078399658203,32548500,0.0,0.0
2001-08-24 00:00:00-04:00,15.983610963961228,16.60472108387184,15.86964647241224,16.570531845092773,38858200,0.0,0.0
2001-08-27 00:00:00-04:00,16.536343358517154,17.032091147361204,16.297016502464604,16.61042022705078,27995600,0.0,0.0
2001-08-28 00:00:00-04:00,16.65030709192736,16.901030712215846,16.20014533978516,16.245731353759766,54856600,0.0,0.0
2001-08-29 00:00:00-04:00,16.44517370032851,16.479362945598158,15.806968296441566,16.01210594177246,37922200,0.0,0.0
2001-08-30 00:00:00-04:00,15.670207564954083,15.858250012259278,15.31691513436379,15.459371566772461,44788800,0.0,0.0
2001-08-31 00:00:00-04:00,15.396693697246663,16.02919960934655,15.390995308705305,15.932329177856445,38127600,0.0,0.0
2001-09-04 00:00:00-04:00,15.704406431057198,16.00641464415989,15.299830436706545,15.299830436706543,54390700,0.0,0.0
2001-09-05 00:00:00-04:00,15.351110146565395,15.778479574244836,15.009214387050509,15.653117179870605,71243200,0.0,0.0
2001-09-06 00:00:00-04:00,15.248536677377844,15.738587153362504,14.701503410976498,14.872451782226562,81642600,0.0,0.0
2001-09-07 00:00:00-04:00,14.906635014043024,15.373891750804074,14.661609874801039,14.752781867980957,72749200,0.0,0.0
2001-09-10 00:00:00-04:00,14.547653697251551,14.872454243464594,14.507764976559267,14.855359077453613,51654400,0.0,0.0
2001-09-17 00:00:00-04:00,13.823976426744727,14.24564746117264,13.390908613502281,13.442193031311035,81412400,0.0,0.0
2001-09-18 00:00:00-04:00,13.607436341772223,13.94933195663062,13.21995580424598,13.373807907104492,56115100,0.0,0.0
2001-09-19 00:00:00-04:00,13.4250960762808,13.499174041859241,11.88656700735813,12.695719718933105,86255200,0.0,0.0
2001-09-20 00:00:00-04:00,12.228466099200219,12.6900259666823,11.681433631326952,11.778304100036621,70338800,0.0,0.0
2001-09-21 00:00:00-04:00,10.832388828225413,11.823885611751956,10.803896885480796,10.997637748718262,116397800,0.0,0.0
2001-09-24 00:00:00-04:00,11.396514877453967,12.376614765646721,11.111602005517618,12.142986297607422,79136200,0.0,0.0
2001-09-25 00:00:00-04:00,12.285445035186456,12.513375158065726,11.846679956215072,12.353824615478516,65914600,0.0,0.0
2001-09-26 00:00:00-04:00,12.376614968327619,12.450692924883736,11.806789215123386,11.909358024597168,48082100,0.0,0.0
2001-09-27 00:00:00-04:00,11.915058538732017,12.17148060817365,11.151491806235336,11.709920883178711,58791700,0.0,0.0
2001-09-28 00:00:00-04:00,11.81818699073781,11.954945052652477,11.453498825632034,11.647239685058594,72640600,0.0,0.0
2001-10-01 00:00:00-04:00,11.516179518005742,11.556068239118549,11.225569300750939,11.402215003967285,44631700,0.0,0.0
2001-10-02 00:00:00-04:00,11.396513944728671,11.442099957033335,11.037524233686474,11.134394645690918,52207600,0.0,0.0
2001-10-03 00:00:00-04:00,10.997640238735567,12.336731418939758,10.87227892284517,12.097404479980469,75582600,0.0,0.0
2001-10-04 00:00:00-04:00,12.382313916039234,12.866666045529803,11.966341358241154,12.279745101928711,67181500,0.0,0.0
2001-10-05 00:00:00-04:00,12.256952430810387,12.56465778113596,11.709919126994563,12.513373374938965,49112300,0.0,0.0
2001-10-08 00:00:00-04:00,12.182870818201517,12.83247273957968,12.120190741426137,12.672921180725098,36853400,0.0,0.0
2001-10-09 00:00:00-04:00,12.558961328834782,12.667227449807978,12.023324765045139,12.222764015197754,42528700,0.0,0.0
2001-10-10 00:00:00-04:00,12.211370474890103,13.219962683134591,12.177181221671052,13.140186309814453,52538600,0.0,0.0
2001-10-11 00:00:00-04:00,13.328226191915213,14.063302055043936,13.305433723237591,13.966431617736816,76342800,0.0,0.0
2001-10-12 00:00:00-04:00,13.852463190385011,14.31972011503419,13.806877175464514,14.257040023803711,64736500,0.0,0.0
2001-10-15 00:00:00-04:00,13.955028498192776,13.972123657074613,13.464978145474,13.89234733581543,44391600,0.0,0.0
2001-10-16 00:00:00-04:00,13.977827566906724,14.302628106018814,13.772689926685832,14.222851753234863,53540600,0.0,0.0
2001-10-17 00:00:00-04:00,14.895249274229439,14.946533694230082,13.9607351086296,14.000622749328613,91448800,0.0,0.0
2001-10-18 00:00:00-04:00,14.017712341114008,14.02341072849763,13.504869432006867,13.704307556152344,49862900,0.0,0.0
2001-10-19 00:00:00-04:00,13.670127997994243,13.994928700845668,13.453594558378969,13.761300086975098,42197000,0.0,0.0
2001-10-22 00:00:00-04:00,13.744199962463767,14.456482274043726,13.539062308934641,14.416593551635742,46022200,0.0,0.0
2001-10-23 00:00:00-04:00,14.48497047194105,14.815469360351562,14.182962436019443,14.245643615722656,41881700,0.0,0.0
2001-10-24 00:00:00-04:00,14.353915134839067,14.775586182446602,14.200061876604016,14.519164085388184,41092700,0.0,0.0
2001-10-25 00:00:00-04:00,14.245643261355648,14.940830261241524,13.85246320302246,14.872451782226562,56318500,0.0,0.0
2001-10-26 00:00:00-04:00,14.821174289345523,15.100388897018517,14.55905376596757,14.735700607299805,45505200,0.0,0.0
2001-10-29 00:00:00-05:00,14.587545751572542,14.752794725661609,13.772694401350929,13.778392791748047,46369900,0.0,0.0
2001-10-30 00:00:00-05:00,13.54476652030343,13.90375648144092,13.242758299101682,13.41370677947998,52532700,0.0,0.0
2001-10-31 00:00:00-05:00,13.635929497491981,14.410892815619851,13.356715028309155,13.915143966674805,64549300,0.0,0.0
2001-11-01 00:00:00-05:00,13.977827184824896,14.798375549565929,13.818275570474801,14.781281471252441,54534000,0.0,0.0
2001-11-02 00:00:00-05:00,14.78697867334447,15.23144206354096,14.530556650649288,14.986416816711426,49877700,0.0,0.0
2001-11-05 00:00:00-05:00,15.25443923736049,15.556677116620051,15.197413078749545,15.37419319152832,42474800,0.02,0.0
2001-11-06 00:00:00-05:00,15.277243465505565,16.12692948599862,15.225920053932967,16.109821319580078,63152300,0.0,0.0
2001-11-07 00:00:00-05:00,15.915943513854442,16.583147212432266,15.82470207538942,16.13264274597168,59713700,0.0,0.0
2001-11-08 00:00:00-05:00,16.46338908635452,16.765625867276245,15.927344954601649,16.126935958862305,64845900,0.0,0.0
2001-11-09 00:00:00-05:00,16.069905017990326,16.1383355153915,15.739154713396253,15.898826599121094,40852500,0.0,0.0
2001-11-12 00:00:00-05:00,15.744862941328448,16.40636378181079,15.265844941298678,16.183961868286133,47878400,0.0,0.0
2001-11-13 00:00:00-05:00,16.571738617307233,17.14199804338633,16.509010820063335,17.136295318603516,68022300,0.0,0.0
2001-11-14 00:00:00-05:00,17.375808110507442,18.014499285587235,17.050760340782926,17.86052894592285,78499200,0.0,0.0
2001-11-15 00:00:00-05:00,17.57539732317977,17.95176849989506,17.370103558541008,17.552587509155273,58207300,0.0,0.0
2001-11-16 00:00:00-05:00,17.467044830322266,17.649528750794833,17.193320581138632,17.467044830322266,39647000,0.0,0.0
2001-11-19 00:00:00-05:00,17.56969541333083,17.849122446124667,17.056462065593504,17.67234230041504,47857300,0.0,0.0
2001-11-20 00:00:00-05:00,17.512661683102504,17.558283468939607,17.010834003410004,17.079265594482422,41297200,0.0,0.0
2001-11-21 00:00:00-05:00,16.84546762471911,17.586804604453324,16.811251268595665,17.5696964263916,55275700,0.0,0.0
2001-11-23 00:00:00-05:00,17.43853312308139,17.820606980245188,17.290265542483723,17.712257385253906,17574100,0.0,0.0
2001-11-26 00:00:00-05:00,17.923255072465007,18.316733318283514,17.854823458414536,18.174169540405273,53246100,0.0,0.0
2001-11-27 00:00:00-05:00,17.968874958987577,18.812859750912036,17.621016354966795,18.42508316040039,80781000,0.0,0.0
2001-11-28 00:00:00-05:00,18.202680168592416,18.561943113533097,18.02590005839516,18.111438751220703,61282400,0.0,0.0
2001-11-29 00:00:00-05:00,18.24260054880568,18.487811210397158,17.769285226141037,18.4307861328125,45961000,0.0,0.0
2001-11-30 00:00:00-05:00,18.379458337518436,18.767234864232307,18.06581613439106,18.624670028686523,42399600,0.0,0.0
2001-12-03 00:00:00-05:00,18.413677297821287,18.750130444535028,18.231193368737124,18.2711124420166,43008300,0.0,0.0
2001-12-04 00:00:00-05:00,18.36235638555996,18.76153847173096,18.157062616936734,18.738727569580078,44357600,0.0,0.0
2001-12-05 00:00:00-05:00,18.852773758278378,19.873536280000085,18.841368310921524,19.736675262451172,75429600,0.0,0.0
2001-12-06 00:00:00-05:00,19.673948856031917,19.833620788311283,19.246254315683398,19.480060577392578,58338000,0.0,0.0
2001-12-07 00:00:00-05:00,19.480064877597794,19.67395319903779,18.67599905126051,18.955427169799805,59279300,0.0,0.0
2001-12-10 00:00:00-05:00,18.75583415428533,19.17212331819447,18.73302325274769,18.790050506591797,41557600,0.0,0.0
2001-12-11 00:00:00-05:00,19.018151825559237,19.468657314052386,18.847074425288987,18.926910400390625,46751600,0.0,0.0
2001-12-12 00:00:00-05:00,18.983937045999134,19.46865669388547,18.88129017403333,19.4344425201416,50047800,0.0,0.0
2001-12-13 00:00:00-05:00,18.978230713235835,19.22914622266156,18.533429110696495,18.573347091674805,51006500,0.0,0.0
2001-12-14 00:00:00-05:00,18.58475380170078,19.263361699773846,18.402270969019504,18.972530364990234,46155500,0.0,0.0
2001-12-17 00:00:00-05:00,18.87558822374965,19.440146075260436,18.818563144972416,19.371715545654297,39108700,0.0,0.0
2001-12-18 00:00:00-05:00,19.474358165329036,19.577005024955245,19.023852745343657,19.28046989440918,39780800,0.0,0.0
2001-12-19 00:00:00-05:00,19.006748634943822,19.36601052449054,18.841372871291867,18.847074508666992,39961400,0.0,0.0
2001-12-20 00:00:00-05:00,18.733025533928185,18.93261768363659,18.225494877432144,18.236900329589844,49423400,0.0,0.0
2001-12-21 00:00:00-05:00,18.373764347549187,18.670299589932362,18.231198364990814,18.482112884521484,57817500,0.0,0.0
2001-12-24 00:00:00-05:00,18.3395462975947,18.476409541208692,18.24830486030786,18.25971031188965,8673800,0.0,0.0
2001-12-26 00:00:00-05:00,18.276813997453466,18.886991403542787,18.259706910950776,18.413677215576172,23231600,0.0,0.0
2001-12-27 00:00:00-05:00,18.482108410828207,18.807156118433223,18.45359587382844,18.630374908447266,22443900,0.0,0.0
2001-12-28 00:00:00-05:00,18.784348003471028,18.99534559435743,18.31673536617636,18.385168075561523,27584200,0.0,0.0
2001-12-31 00:00:00-05:00,18.333840054158173,18.482106536743014,17.91184715310347,17.93465805053711,27975400,0.0,0.0
2002-01-02 00:00:00-05:00,18.191281482597496,18.818567276000977,18.094337304638014,18.818567276000977,42357300,0.0,0.0
2002-01-03 00:00:00-05:00,19.103694521366656,20.31264413272039,19.04666943771853,20.255619049072266,91464500,0.0,0.0
2002-01-04 00:00:00-05:00,20.64339609537851,20.728933722452066,20.141567083483654,20.409589767456055,65032900,0.0,0.0
2002-01-07 00:00:00-05:00,20.540750879242474,20.671910325088565,19.970491284067617,20.113056182861328,48808800,0.0,0.0
2002-01-08 00:00:00-05:00,20.15297173281525,20.512235843243953,19.930570865767585,20.28983497619629,35636600,0.0,0.0
2002-01-09 00:00:00-05:00,20.50652623926424,20.974138744442595,19.976184855889578,20.164371490478516,59083800,0.0,0.0
2002-01-10 00:00:00-05:00,20.20429654571852,20.227107450388388,19.673954976665943,19.75949478149414,51679400,0.0,0.0
2002-01-11 00:00:00-05:00,19.856439226108044,20.0218150332635,19.537093064914856,19.702468872070312,39583200,0.0,0.0
2002-01-14 00:00:00-05:00,19.559899180577194,20.06742975549013,19.445846852701123,19.867839813232422,58696400,0.0,0.0
2002-01-15 00:00:00-05:00,19.92486639874586,19.947677301122386,19.44014668776527,19.776599884033203,57115500,0.0,0.0
2002-01-16 00:00:00-05:00,19.366012678960065,19.725276783842105,19.2063407102869,19.223447799682617,76428600,0.0,0.0
2002-01-17 00:00:00-05:00,19.41732918118557,19.81651113553588,19.160712055148466,19.69105339050293,50498800,0.0,0.0
2002-01-18 00:00:00-05:00,19.132210787041267,19.559905523750245,18.90980987201147,19.09229278564453,51643600,0.0,0.0
2002-01-22 00:00:00-05:00,19.132199790800062,19.1550106857356,17.99738387215699,18.077220916748047,52957100,0.0,0.0
2002-01-23 00:00:00-05:00,18.054411716657615,18.5961585577161,18.031601907264157,18.50491714477539,49429000,0.0,0.0
2002-01-24 00:00:00-05:00,18.772943036844087,19.16071969857379,18.56765142948793,18.9326171875,53902500,0.0,0.0
2002-01-25 00:00:00-05:00,18.74442607293747,19.48006122903321,18.67599555329533,19.206336975097656,35832800,0.0,0.0
2002-01-28 00:00:00-05:00,19.29188322288159,19.565607568570492,19.001049610021816,19.343204498291016,29919400,0.0,0.0
2002-01-29 00:00:00-05:00,19.326095207772237,19.559901529075354,18.533434805680397,18.63608169555664,44733000,0.0,0.0
2002-01-30 00:00:00-05:00,18.74442325726982,19.326088025271527,18.51061702286031,19.30898094177246,47008900,0.0,0.0
2002-01-31 00:00:00-05:00,19.736685546598377,20.044626259591336,19.571309736802032,19.981897354125977,63035000,0.0,0.0
2002-02-01 00:00:00-05:00,19.85643288028568,19.99899773564406,19.42303667715771,19.770893096923828,39369800,0.0,0.0
2002-02-04 00:00:00-05:00,19.748084194083013,19.748084194083013,19.194931864196263,19.37741470336914,38594200,0.0,0.0
2002-02-05 00:00:00-05:00,19.28611946105957,19.622770753417498,19.057882661765774,19.28611946105957,40974500,0.02,0.0
2002-02-06 00:00:00-05:00,19.2689999888849,19.286117148200933,18.56146098963384,18.783992767333984,51612200,0.0,0.0
2002-02-07 00:00:00-05:00,18.715520659260644,19.000818236922083,18.31610361520508,18.435930252075195,46596000,0.0,0.0
2002-02-08 00:00:00-05:00,18.550050351242668,18.601404010065195,17.905278206939037,18.555757522583008,60722800,0.0,0.0
2002-02-11 00:00:00-05:00,18.395990046122662,19.18911701897787,18.327517055530205,19.15488052368164,37651700,0.0,0.0
2002-02-12 00:00:00-05:00,18.892407776776,19.103527395298542,18.62422733118791,18.812524795532227,37593400,0.0,0.0
2002-02-13 00:00:00-05:00,18.94376331978923,19.229060953591333,18.863880330588355,19.046470642089844,36786800,0.0,0.0
2002-02-14 00:00:00-05:00,19.189116619164515,19.599943670919846,19.00652633468484,19.023643493652344,44874100,0.0,0.0
2002-02-15 00:00:00-05:00,19.069297457328602,19.21194630907995,18.230523689151827,18.42452621459961,47587600,0.0,0.0
2002-02-19 00:00:00-05:00,18.11069564753908,18.356050725300083,17.791162567400384,17.882457733154297,44224000,0.0,0.0
2002-02-20 00:00:00-05:00,17.973749568890074,18.025103226152826,17.08932740638541,17.93951416015625,63430900,0.0,0.0
2002-02-21 00:00:00-05:00,17.31185822509766,17.505860677586476,16.82114601135254,16.82114601135254,76409400,0.0,0.0
2002-02-22 00:00:00-05:00,16.838262061296803,17.17491326795308,16.644259634127973,16.849674224853516,56059600,0.0,0.0
2002-02-25 00:00:00-05:00,16.980915178325034,17.979456889800865,16.963796928617345,17.699865341186523,52400300,0.0,0.0
2002-02-26 00:00:00-05:00,17.831102486249872,17.939515894097028,16.97520956690988,17.129270553588867,61576000,0.0,0.0
2002-02-27 00:00:00-05:00,17.431690488294084,17.728400382234483,16.70703509699178,17.055097579956055,57714000,0.0,0.0
2002-02-28 00:00:00-05:00,17.180628368371735,17.180628368371735,16.26196939797662,16.290498733520508,64454700,0.0,0.0
2002-03-01 00:00:00-05:00,16.59861724635762,17.694160258121595,16.541557499097426,17.67704200744629,58489400,0.0,0.0
2002-03-04 00:00:00-05:00,17.65992261550632,18.190575259555317,17.049384811724835,18.173458099365234,57664400,0.0,0.0
2002-03-05 00:00:00-05:00,18.55005563394879,18.99512152937309,18.48729196786789,18.658470153808594,68035700,0.0,0.0
2002-03-06 00:00:00-05:00,18.73834719119443,18.87529100229931,18.333225105674877,18.80681800842285,44898700,0.0,0.0
2002-03-07 00:00:00-05:00,19.120652190631645,19.17771304048356,18.281878375972653,18.8182373046875,55171900,0.0,0.0
2002-03-08 00:00:00-05:00,18.93805694203419,19.542888734641295,18.73834946066068,19.49724006652832,70218400,0.0,0.0
2002-03-11 00:00:00-05:00,19.297527177089275,19.445883130231895,18.920934477289247,19.06928825378418,40275400,0.0,0.0
2002-03-12 00:00:00-05:00,18.527236085885228,18.841063167159877,18.43594089539353,18.823945999145508,37674800,0.0,0.0
2002-03-13 00:00:00-05:00,18.26475555954617,18.29328706737113,17.71698456502269,17.882457733154297,56552400,0.0,0.0
2002-03-14 00:00:00-05:00,17.83680452155324,18.059336281813984,17.574330186596065,17.67133140563965,39862300,0.0,0.0
2002-03-15 00:00:00-05:00,17.614279433469772,18.173462631148357,17.574336843643337,18.11069679260254,49693300,0.0,0.0
2002-03-18 00:00:00-05:00,18.219107206246193,18.401697519125815,17.825396163896936,18.04222297668457,38894600,0.0,0.0
2002-03-19 00:00:00-05:00,18.093573321071418,18.35034159713138,17.83680613333543,18.099279403686523,33498000,0.0,0.0
2002-03-20 00:00:00-05:00,17.448804063895054,17.5229809733243,17.129271003676187,17.42027473449707,51105500,0.0,0.0
2002-03-21 00:00:00-05:00,17.45451083178657,17.96804639935379,17.380332831124836,17.91669273376465,36841700,0.0,0.0
2002-03-22 00:00:00-05:00,17.745515398202038,17.808280145918367,17.380333638349143,17.454511642456055,33576400,0.0,0.0
2002-03-25 00:00:00-05:00,17.5172740775517,17.671333963239764,17.095032647668752,17.117856979370117,42929400,0.0,0.0
2002-03-26 00:00:00-05:00,17.12356225009771,17.71127570364322,17.089326842493538,17.557214736938477,37563100,0.0,0.0
2002-03-27 00:00:00-05:00,17.386036327769407,17.40315457652658,17.089327634246697,17.3518009185791,38028800,0.0,0.0
2002-03-28 00:00:00-05:00,17.580038793721197,17.831101000539526,17.33468266982193,17.3518009185791,33005100,0.0,0.0
2002-04-01 00:00:00-05:00,17.19773661471478,17.945217007515026,17.129265809592265,17.785449981689453,32592200,0.0,0.0
2002-04-02 00:00:00-05:00,17.44879655288829,17.631386794415583,17.129263630215522,17.13496971130371,37849000,0.0,0.0
2002-04-03 00:00:00-05:00,17.163502747536768,17.283328299706056,16.764085691404382,17.043678283691406,42763300,0.0,0.0
2002-04-04 00:00:00-05:00,17.14638963461057,17.505865310430302,17.089330970927406,17.454511642456055,43744800,0.0,0.0
2002-04-05 00:00:00-05:00,17.50586077556933,17.517272940679366,17.003736393967593,17.146385192871094,32757200,0.0,0.0
2002-04-08 00:00:00-04:00,16.57009134354338,17.14068675749474,16.261969297613934,17.07792091369629,45247300,0.0,0.0
2002-04-09 00:00:00-04:00,17.06650106270479,17.254797421024872,16.21060832700917,16.239137649536133,61982800,0.0,0.0
2002-04-10 00:00:00-04:00,16.347557949134526,16.769798413419775,15.982377242363357,16.695621490478516,60569500,0.0,0.0
2002-04-11 00:00:00-04:00,16.450267064359085,16.798330643140233,16.26767669133438,16.513032913208008,42024500,0.0,0.0
2002-04-12 00:00:00-04:00,16.632856137413977,16.632856137413977,16.016613132456897,16.199203491210938,40682600,0.0,0.0
2002-04-15 00:00:00-04:00,16.09649883544316,16.38750267651704,15.839731508607077,16.039440155029297,42941400,0.0,0.0
2002-04-16 00:00:00-04:00,16.592913994119808,17.003742285511148,16.53585423712326,16.83827018737793,60448200,0.0,0.0
2002-04-17 00:00:00-04:00,17.802572069220272,17.848219645261388,17.294741561398286,17.4830379486084,63790400,0.0,0.0
2002-04-18 00:00:00-04:00,17.42597982030337,17.64851162417404,17.03797486809105,17.37462615966797,45465200,0.0,0.0
2002-04-19 00:00:00-04:00,17.585741502810354,17.602859748283382,17.1520890790747,17.17491340637207,34806900,0.0,0.0
2002-04-22 00:00:00-04:00,17.083630661828316,17.243396715467135,16.84968657900751,17.152101516723633,34145800,0.0,0.0
2002-04-23 00:00:00-04:00,17.214859368504612,17.311860608101387,16.75267750375485,16.855384826660156,42582500,0.0,0.0
2002-04-24 00:00:00-04:00,16.92385909215001,17.11215552633589,16.478794298472316,16.495912551879883,38224600,0.0,0.0
2002-04-25 00:00:00-04:00,16.35325388115685,16.82114164331057,16.073662440072887,16.598609924316406,49886000,0.0,0.0
2002-04-26 00:00:00-04:00,16.792624792941997,16.80974196044981,16.033732864235173,16.04514503479004,39343600,0.0,0.0
2002-04-29 00:00:00-04:00,16.073669554987806,16.233436629894456,15.697076746151708,15.999492645263672,40652200,0.0,0.0
2002-04-30 00:00:00-04:00,15.98237069556339,16.689908569268553,15.919604879175994,16.32472801208496,45052800,0.0,0.0
2002-05-01 00:00:00-04:00,16.30190236921074,16.575787765024028,15.714190093401868,16.336137771606445,46014800,0.0,0.0
2002-05-02 00:00:00-04:00,16.267680995252707,16.672803356543398,15.845440373840324,15.90250015258789,41815600,0.0,0.0
2002-05-03 00:00:00-04:00,15.902487578943168,15.959588289981937,15.125920522669055,15.16589069366455,50945400,0.02,0.0
2002-05-06 00:00:00-04:00,15.131633723964931,15.41713624705861,14.703379939324416,14.720510482788086,44269700,0.0,0.0
2002-05-07 00:00:00-04:00,14.93178176879883,15.405715914484873,14.594888703769579,14.931781768798828,55914400,0.0,0.0
2002-05-08 00:00:00-04:00,15.554173460149865,16.59340221156603,15.457102582868936,16.54772186279297,58152400,0.0,0.0
2002-05-09 00:00:00-04:00,16.359300903023023,16.473502393610286,15.873946201686346,16.12518882751465,41394900,0.0,0.0
2002-05-10 00:00:00-04:00,16.250808501636165,16.336460158362367,15.3714610041067,15.4228515625,43997500,0.0,0.0
2002-05-13 00:00:00-04:00,15.531332729341186,16.307898603434502,15.479942204476254,16.285058975219727,40695200,0.0,0.0
2002-05-14 00:00:00-04:00,17.084468452208515,17.330000759343644,16.77041615975065,17.21579933166504,57087400,0.0,0.0
2002-05-15 00:00:00-04:00,16.947422824614918,17.701148994646243,16.844641785227875,17.26718521118164,53419600,0.0,0.0
2002-05-16 00:00:00-04:00,17.255780179645328,17.58125412314717,17.07876883743311,17.569833755493164,37284100,0.0,0.0
2002-05-17 00:00:00-04:00,17.70115197741308,17.906714090825805,17.467040054517664,17.815353393554688,53195200,0.0,0.0
2002-05-20 00:00:00-04:00,17.47275564158707,17.586956003965224,17.084472013468684,17.238643646240234,37234800,0.0,0.0
2002-05-21 00:00:00-04:00,17.244355602201715,17.324295973003014,16.536308272711278,16.599119186401367,48063600,0.0,0.0
2002-05-22 00:00:00-04:00,16.507758207775346,16.941722236915883,16.39355674622568,16.896041870117188,41216600,0.0,0.0
2002-05-23 00:00:00-04:00,16.930295053252166,17.01594557036063,16.239379647591107,16.78183364868164,42332100,0.0,0.0
2002-05-24 00:00:00-04:00,16.439238679406873,16.559149237320092,16.216545931830225,16.365007400512695,26029600,0.0,0.0
2002-05-28 00:00:00-04:00,16.30790646707981,16.342167559580638,15.799712241815461,16.18799591064453,42888200,0.0,0.0
2002-05-29 00:00:00-04:00,15.919622429511932,15.982433341869385,15.559889679432542,15.571310043334961,35346600,0.0,0.0
2002-05-30 00:00:00-04:00,15.422846595666858,15.822549478874368,15.188734611316624,15.65695858001709,40982400,0.0,0.0
2002-05-31 00:00:00-04:00,15.942463134953647,16.233675879421728,15.651250390485567,15.771162033081055,38515500,0.0,0.0
2002-06-03 00:00:00-04:00,15.662663158159674,15.828253997779406,15.097368489214551,15.200149536132812,34869600,0.0,0.0
2002-06-04 00:00:00-04:00,14.977462872339872,15.71405994267089,14.9717526908909,15.70263957977295,49303700,0.0,0.0
2002-06-05 00:00:00-04:00,15.759740406888266,16.102343672297835,15.354326234240315,16.090923309326172,41646700,0.0,0.0
2002-06-06 00:00:00-04:00,15.702636771731907,15.748317126049086,15.24583322856011,15.417134284973145,53854700,0.0,0.0
2002-06-07 00:00:00-04:00,12.756254638755887,12.990366653962568,12.390811705575867,12.562112808227539,151697500,0.0,0.0
2002-06-10 00:00:00-04:00,12.721994128153177,12.727704309894381,11.985397020124902,12.03107738494873,67962100,0.0,0.0
2002-06-11 00:00:00-04:00,12.24235596171493,12.499307735748518,11.52288903402944,11.54572868347168,69932400,0.0,0.0
2002-06-12 00:00:00-04:00,11.482912399236232,12.333709829735803,11.420101492513568,12.32228946685791,76957400,0.0,0.0
2002-06-13 00:00:00-04:00,12.339421408135914,12.544982517681078,11.99110792466741,12.053918838500977,49372400,0.0,0.0
2002-06-14 00:00:00-04:00,11.734151276906744,12.208085341440608,11.45435898233668,12.150985717773438,50410100,0.0,0.0
2002-06-17 00:00:00-04:00,12.367969738886002,12.887584265869878,12.190958471995144,12.881874084472656,53044600,0.0,0.0
2002-06-18 00:00:00-04:00,12.642049227477967,13.127403652146088,12.56781906328426,12.573529243469238,51943800,0.0,0.0
2002-06-19 00:00:00-04:00,11.9682636190943,12.111014861244406,11.431519732765892,11.471489906311035,65481800,0.0,0.0
2002-06-20 00:00:00-04:00,11.488622460448088,11.762704632014795,10.974717027378338,10.986137390136719,76656900,0.0,0.0
2002-06-21 00:00:00-04:00,10.894776340424471,11.214538864355045,10.50649273109878,10.694924354553223,80815300,0.0,0.0
2002-06-24 00:00:00-04:00,10.517912598980203,11.397259770720215,10.500782056160448,11.037527084350586,70345000,0.0,0.0
2002-06-25 00:00:00-04:00,11.300190707400432,11.408680885097754,10.449392206031446,10.46081256866455,68249700,0.0,0.0
2002-06-26 00:00:00-04:00,9.992586988828535,10.786283549713138,9.964037175931244,10.626402854919434,84988500,0.0,0.0
2002-06-27 00:00:00-04:00,10.791994609122009,10.826254605210345,10.203860138332082,10.649243354797363,72620200,0.0,0.0
2002-06-28 00:00:00-04:00,10.683505809271523,11.031819298488017,10.340903591340552,10.43226432800293,63858200,0.0,0.0
2002-07-01 00:00:00-04:00,10.477945296079026,10.717767515821373,9.986880491581376,10.01543140411377,48681300,0.0,0.0
2002-07-02 00:00:00-04:00,9.969745713525118,10.169597660023392,9.398740774447468,9.461551666259766,77807700,0.0,0.0
2002-07-03 00:00:00-04:00,9.290251641875932,10.152469325398402,9.284541461164519,10.13533878326416,63562800,0.0,0.0
2002-07-05 00:00:00-04:00,10.677798552072296,11.197413239593605,10.62069780956429,11.157443046569824,34149100,0.0,0.0
2002-07-08 00:00:00-04:00,10.997555865481717,11.180277281833993,10.318059645454333,10.563591957092285,57648600,0.0,0.0
2002-07-09 00:00:00-04:00,10.437973475097028,10.535044384312968,10.135340384222445,10.255250930786133,53507600,0.0,0.0
2002-07-10 00:00:00-04:00,10.426554502441439,10.437974867191318,9.575756932482145,9.598596572875977,73848000,0.0,0.0
2002-07-11 00:00:00-04:00,9.558626163378019,10.449393900169724,9.427295239122081,10.420844078063965,89828400,0.0,0.0
2002-07-12 00:00:00-04:00,10.734897609203294,10.780577982851163,10.112501837559822,10.272383689880371,74887900,0.0,0.0
2002-07-15 00:00:00-04:00,10.300933244143208,10.93474820869109,9.95261976037228,10.917618751525879,79892000,0.0,0.0
2002-07-16 00:00:00-04:00,10.597853425101158,11.106048660291375,10.358031260490524,10.48365306854248,98863000,0.0,0.0
2002-07-17 00:00:00-04:00,11.020399378567747,11.351582334601535,10.7406069751173,11.100340843200684,96553800,0.0,0.0
2002-07-18 00:00:00-04:00,10.997561250082711,11.277353692001668,10.84909975433072,10.95759105682373,57109500,0.0,0.0
2002-07-19 00:00:00-04:00,10.677794259125676,11.111757113859634,10.563592820023706,10.649243354797363,62042100,0.0,0.0
2002-07-22 00:00:00-04:00,10.546462350540942,10.963296843778929,10.42084163794241,10.426551818847656,77366100,0.0,0.0
2002-07-23 00:00:00-04:00,10.50649752265061,10.700639415853042,10.141054471496007,10.169604301452637,71030900,0.0,0.0
2002-07-24 00:00:00-04:00,9.849843768263883,10.6892213668724,9.724222964457097,10.677802085876465,83101300,0.0,0.0
2002-07-25 00:00:00-04:00,10.42654812964599,10.677790555052171,9.764182626479455,9.98116397857666,80606500,0.0,0.0
2002-07-26 00:00:00-04:00,10.095374090101682,10.392297113717897,9.71851067132195,10.169604301452637,57020100,0.0,0.0
2002-07-29 00:00:00-04:00,10.466521941431433,10.791994627591743,10.27809032896464,10.786284446716309,55085100,0.0,0.0
2002-07-30 00:00:00-04:00,10.603560842753124,10.911904012221916,10.420839448596249,10.831962585449219,60407100,0.0,0.0
2002-07-31 00:00:00-04:00,10.803416239805728,10.831966058381818,10.28380170015936,10.729186058044434,54030300,0.0,0.0
2002-08-01 00:00:00-04:00,10.689213574971543,10.763444837419659,9.969747119573606,10.026847839355469,55134100,0.0,0.0
2002-08-02 00:00:00-04:00,10.026844896864214,10.026844896864214,9.433000417077897,9.54149055480957,55576300,0.0,0.0
2002-08-05 00:00:00-04:00,9.535777920788005,9.724435350570035,9.044124762393881,9.078426361083984,59625800,0.02,0.0
2002-08-06 00:00:00-04:00,9.335684583787511,10.250387521027399,9.244214399104585,9.793035507202148,83272800,0.0,0.0
2002-08-07 00:00:00-04:00,10.284691239786326,10.376161448234484,9.507193377566098,10.130334854125977,71381700,0.0,0.0
2002-08-08 00:00:00-04:00,10.056014504630705,10.530516562574263,9.735868813712472,10.507648468017578,60914400,0.0,0.0
2002-08-09 00:00:00-04:00,10.244673983126365,10.439048464300837,10.073167601106999,10.210372924804688,45576200,0.0,0.0
2002-08-12 00:00:00-04:00,9.833057713526047,10.067450270695396,9.718719402043508,10.02171516418457,35477300,0.0,0.0
2002-08-13 00:00:00-04:00,9.947392504983418,10.284689242021368,9.541493670140515,9.547210693359375,48730600,0.0,0.0
2002-08-14 00:00:00-04:00,9.672984688470018,10.473349630127478,9.558646372342812,10.456199645996094,55038600,0.0,0.0
2002-08-15 00:00:00-04:00,10.484780909206824,10.74775744023215,10.301840524074299,10.639137268066406,51558800,0.0,0.0
2002-08-16 00:00:00-04:00,10.324709380964244,10.873531725321662,10.2789742764687,10.719175338745117,54921500,0.0,0.0
2002-08-19 00:00:00-04:00,10.63913474438805,11.222256811074596,10.54194755153855,11.125069618225098,51720400,0.0,0.0
2002-08-20 00:00:00-04:00,10.964999302233231,11.045035443285531,10.719172765674722,10.84494400024414,45347100,0.0,0.0
2002-08-21 00:00:00-04:00,10.993581970730844,11.2451254992527,10.747755464494773,11.199390411376953,57883400,0.0,0.0
2002-08-22 00:00:00-04:00,11.107920726172518,11.147938793529756,10.79920805157001,10.947847366333008,55744000,0.0,0.0
2002-08-23 00:00:00-04:00,10.770626205251446,10.770626205251446,10.227520948911039,10.267539024353027,48371600,0.0,0.0
2002-08-26 00:00:00-04:00,10.34757608621776,10.416178188525652,10.067448472570561,10.364726066589355,46069000,0.0,0.0
2002-08-27 00:00:00-04:00,10.238954802862562,10.267538830378035,9.80447082408069,9.821621894836426,60623500,0.0,0.0
2002-08-28 00:00:00-04:00,9.781601274742965,9.970258642319873,9.587226885068516,9.62724494934082,55663700,0.0,0.0
2002-08-29 00:00:00-04:00,9.478607130017739,9.975977226267764,9.43858905948016,9.798752784729004,50516700,0.0,0.0
2002-08-30 00:00:00-04:00,9.655834921594428,9.7644562275845,9.518629577906985,9.53006362915039,32857100,0.0,0.0
2002-09-03 00:00:00-04:00,9.415723061737497,9.432874134530016,9.061276280645858,9.06699275970459,58140400,0.0,0.0
2002-09-04 00:00:00-04:00,9.03841106631345,9.244219086200875,8.906922200258965,9.209918022155762,66790200,0.0,0.0
2002-09-05 00:00:00-04:00,9.038407523589164,9.049841025387494,8.592489504141547,8.638224601745605,86969600,0.0,0.0
2002-09-06 00:00:00-04:00,9.375706626889023,9.461459825071788,9.209917255790486,9.272802352905273,77957400,0.0,0.0
2002-09-09 00:00:00-04:00,9.164178350785667,9.341401699061068,8.969803388603221,9.19276237487793,51444400,0.0,0.0
2002-09-10 00:00:00-04:00,9.25564772049844,9.512907185883536,9.204195609339315,9.415719985961914,57279400,0.0,0.0
2002-09-11 00:00:00-04:00,9.564361366993447,9.74158582841284,9.478608193306096,9.501476287841797,45864800,0.0,0.0
2002-09-12 00:00:00-04:00,9.35283446189851,9.36426741572074,8.958368659154033,8.975519180297852,48750200,0.0,0.0
2002-09-13 00:00:00-04:00,8.975521832784908,9.26136702581916,8.941220780360469,9.164179801940918,44670900,0.0,0.0
2002-09-16 00:00:00-04:00,9.141309005235392,9.22706215615972,8.884049007257172,8.975519180297852,41224000,0.0,0.0
2002-09-17 00:00:00-04:00,9.238496995515952,9.347118244254318,8.861182226646433,8.901200294494629,55756400,0.0,0.0
2002-09-18 00:00:00-04:00,8.701109644144973,8.946935625661586,8.575337869402913,8.735410690307617,51894800,0.0,0.0
2002-09-19 00:00:00-04:00,8.586775724485369,8.889770977638534,8.518172511313388,8.563907623291016,56278400,0.0,0.0
2002-09-20 00:00:00-04:00,8.638224164511449,8.678242781793434,8.47243430778705,8.518169403076172,76653900,0.0,0.0
2002-09-23 00:00:00-04:00,8.415267305313378,8.420983784403338,8.060819977079973,8.077970504760742,62986100,0.0,0.0
2002-09-24 00:00:00-04:00,8.003650298139604,8.575339605149574,7.946481149356442,8.19802474975586,84156500,0.0,0.0
2002-09-25 00:00:00-04:00,8.323797349441545,8.855468085287173,8.249477666967326,8.689678192138672,72720800,0.0,0.0
2002-09-26 00:00:00-04:00,8.941221916682336,8.969805948933589,8.420984133545318,8.661093711853027,72311200,0.0,0.0
2002-09-27 00:00:00-04:00,8.569622041256832,8.741128931594227,8.283777405762965,8.358097076416016,65195700,0.0,0.0
2002-09-30 00:00:00-04:00,8.14657335351635,8.169440906033792,7.814993569410718,7.940765380859375,76123100,0.0,0.0
2002-10-01 00:00:00-04:00,8.032234278014998,8.403832081985026,7.9178965341169425,8.38668155670166,68218600,0.0,0.0
2002-10-02 00:00:00-04:00,8.443852670396495,8.695395765633164,8.140856896900003,8.175158500671387,78381500,0.0,0.0
2002-10-03 00:00:00-04:00,8.169441005839241,8.340947924418069,7.889313347776917,7.9121809005737305,61416800,0.0,0.0
2002-10-04 00:00:00-04:00,8.08940413683575,8.192308394968295,7.769258404076313,7.837861061096191,65440500,0.0,0.0
2002-10-07 00:00:00-04:00,7.8492951661850885,8.152290939416103,7.797843578381336,7.900747299194336,56912400,0.0,0.0
2002-10-08 00:00:00-04:00,8.026516107154235,8.055100675344018,7.483411492369486,7.5577311515808105,85399200,0.0,0.0
2002-10-09 00:00:00-04:00,7.43196015568556,7.895028682199398,7.403375584507238,7.694937229156494,81753200,0.0,0.0
2002-10-10 00:00:00-04:00,7.712090851158098,8.243762234909788,7.712090851158098,8.10655689239502,83505000,0.0,0.0
2002-10-11 00:00:00-04:00,8.226608789480903,8.718261365281881,8.089402950359727,8.70111083984375,77757500,0.0,0.0
2002-10-14 00:00:00-04:00,8.529604033840195,8.683959854714123,8.346663640150984,8.632508277893066,48236600,0.0,0.0
2002-10-15 00:00:00-04:00,9.112724277089836,9.46145444187981,8.643939376027046,9.444304466247559,109131100,0.0,0.0
2002-10-16 00:00:00-04:00,7.734954135422182,8.072250825017699,7.672068524475917,7.740671157836914,155210300,0.0,0.0
2002-10-17 00:00:00-04:00,8.129420126981321,8.169438194302037,7.952196244894066,8.135136604309082,103266700,0.0,0.0
2002-10-18 00:00:00-04:00,8.140857391197468,8.289496774556076,7.8264280941559585,8.266629219055176,73323700,0.0,0.0
2002-10-21 00:00:00-04:00,8.129422935252066,8.878335699219624,8.089404308901829,8.832600593566895,87945600,0.0,0.0
2002-10-22 00:00:00-04:00,8.489585119979507,8.84403237032432,8.426698956959969,8.643940925598145,74188700,0.0,0.0
2002-10-23 00:00:00-04:00,8.61535550592783,9.307099959688237,8.58677148396201,9.238496780395508,91799700,0.0,0.0
2002-10-24 00:00:00-04:00,9.347120414542733,9.524343794909829,8.90120236124626,8.935503959655762,86356300,0.0,0.0
2002-10-25 00:00:00-04:00,8.969802014965966,9.490039569937668,8.912633430330937,9.484322547912598,69819200,0.0,0.0
2002-10-28 00:00:00-05:00,9.793041222282106,9.878795524576631,9.455745400929388,9.610100746154785,85986500,0.0,0.0
2002-10-29 00:00:00-05:00,9.54721124692356,9.67869951734921,9.175612349026489,9.375703811645508,79050400,0.0,0.0
2002-10-30 00:00:00-05:00,9.4786077905684,9.935958757742345,9.36998652696057,9.713000297546387,80766700,0.0,0.0
2002-10-31 00:00:00-05:00,9.781605218050986,10.01028074208732,9.615814781617825,9.890225410461426,77160500,0.0,0.0
2002-11-01 00:00:00-05:00,9.775886645367866,10.564817350947042,9.667265379749685,10.461913108825684,85017800,0.0,0.0
2002-11-04 00:00:00-05:00,10.787778090963348,10.993585507407957,10.536234481518985,10.730608940124512,80962600,0.0,0.0
2002-11-05 00:00:00-05:00,10.507414941923717,10.742057555195501,10.135419543326481,10.501691818237305,71532500,0.02,0.0
2002-11-06 00:00:00-05:00,10.581810636118872,11.005311855463138,10.438735855600921,10.959527969360352,81286600,0.0,0.0
2002-11-07 00:00:00-05:00,10.690542779119681,10.919462102656556,10.415839590875434,10.553191184997559,66486000,0.0,0.0
2002-11-08 00:00:00-05:00,10.513134507424349,10.805006075627444,10.32999788616468,10.387228012084961,49747500,0.0,0.0
2002-11-11 00:00:00-05:00,10.27848883834123,10.39294906742388,9.883603340310744,9.923664093017578,40879200,0.0,0.0
2002-11-12 00:00:00-05:00,10.02668184863444,10.478797631099194,10.015235603110256,10.18120288848877,54639500,0.0,0.0
2002-11-13 00:00:00-05:00,10.083910422704689,10.433012124524767,10.032403417398239,10.370059967041016,65938300,0.0,0.0
2002-11-14 00:00:00-05:00,10.799282452858378,11.03964807301723,10.644761463133324,10.993863105773926,64924500,0.0,0.0
2002-11-15 00:00:00-05:00,10.576086503720925,10.827898399021093,10.358613338398401,10.759222030639648,73472600,0.0,0.0
2002-11-18 00:00:00-05:00,10.919467895501766,10.976698029640286,10.576088182244677,10.616148948669434,52772600,0.0,0.0
2002-11-19 00:00:00-05:00,10.478795776927864,10.633316789440464,10.307106490740884,10.387228012084961,51321400,0.0,0.0
2002-11-20 00:00:00-05:00,10.438735855600921,10.970974213779535,10.347168083395347,10.959527969360352,64934300,0.0,0.0
2002-11-21 00:00:00-05:00,11.102599315842959,11.657729991157954,11.07398480521942,11.566161155700684,90938900,0.0,0.0
2002-11-22 00:00:00-05:00,11.337250030024,11.669183615572816,11.222790812826645,11.474601745605469,59559700,0.0,0.0
2002-11-25 00:00:00-05:00,11.474593422899913,11.766466016151089,11.38874879937277,11.720682144165039,53680200,0.0,0.0
2002-11-26 00:00:00-05:00,11.737851476868745,11.846588581910485,11.44597888432951,11.560439109802246,70854100,0.0,0.0
2002-11-27 00:00:00-05:00,11.772190450428342,12.075509318421258,11.67489957515316,11.96104907989502,50910900,0.0,0.0
2002-11-29 00:00:00-05:00,12.127018498897327,12.189970658998844,11.78936193521363,11.949604988098145,20667400,0.0,0.0
2002-12-02 00:00:00-05:00,12.521904204463954,12.642087586698437,11.8866529266209,12.046895980834961,83017000,0.0,0.0
2002-12-03 00:00:00-05:00,11.96105251982932,11.966775642558943,11.531828139273909,11.623395919799805,53659700,0.0,0.0
2002-12-04 00:00:00-05:00,11.102602919840955,11.474597136567462,11.045372788442885,11.257123947143555,75039800,0.0,0.0
2002-12-05 00:00:00-05:00,11.486046389404253,11.531830288198906,10.805009939706324,10.850793838500977,87944700,0.0,0.0
2002-12-06 00:00:00-05:00,10.650488846696232,10.885131439860947,10.518859196336843,10.707717895507812,71640400,0.0,0.0
2002-12-09 00:00:00-05:00,10.558918542761848,10.58753306034946,10.095355498510655,10.118247985839844,71922900,0.0,0.0
2002-12-10 00:00:00-05:00,10.20409084692162,10.58753121008494,10.14113760934186,10.37578010559082,58576400,0.0,0.0
2002-12-11 00:00:00-05:00,10.267046551493324,10.53602674579263,10.164032534909861,10.392951965332031,55585900,0.0,0.0
2002-12-12 00:00:00-05:00,10.53602830385648,10.633319212619988,10.27277119283411,10.410122871398926,54295800,0.0,0.0
2002-12-13 00:00:00-05:00,10.215539975196199,10.301384628787968,10.049572698887987,10.061018943786621,53468200,0.0,0.0
2002-12-16 00:00:00-05:00,10.123967486785418,10.438731433967764,10.072460500290346,10.427285194396973,51245600,0.0,0.0
2002-12-17 00:00:00-05:00,10.410117490308622,10.478792748305072,10.158305663983372,10.23842716217041,52191400,0.0,0.0
2002-12-18 00:00:00-05:00,10.038124689351118,10.07246232270272,9.740528956107426,9.803481101989746,54053300,0.0,0.0
2002-12-19 00:00:00-05:00,9.717635866616225,10.003785340367518,9.528777257603318,9.729082107543945,59466800,0.0,0.0
2002-12-20 00:00:00-05:00,9.820648767777186,9.96372348885969,9.700466526023162,9.734804153442383,69088400,0.0,0.0
2002-12-23 00:00:00-05:00,9.648965062354682,9.958006069175495,9.631795693030258,9.849268913269043,35447500,0.0,0.0
2002-12-24 00:00:00-05:00,9.740529659186222,9.814928052080436,9.603178024291992,9.603178024291992,21515900,0.0,0.0
2002-12-26 00:00:00-05:00,9.666132108340674,9.86643702530411,9.517334201212806,9.55167293548584,29989200,0.0,0.0
2002-12-27 00:00:00-05:00,9.488716114127362,9.637513965322793,9.32274999382287,9.385702133178711,31252300,0.0,0.0
2002-12-30 00:00:00-05:00,9.408598533912352,9.471550699495415,9.007988683670204,9.019434928894043,56796600,0.0,0.0
2002-12-31 00:00:00-05:00,8.990818093108741,9.053770792095888,8.824851390518166,8.910696029663086,49986600,0.0,0.0
2003-01-02 00:00:00-05:00,9.168232468695486,9.574564333427215,8.96220442935321,9.55167293548584,57135100,0.0,0.0
2003-01-03 00:00:00-05:00,9.540227308160771,9.643241334498859,9.351368623732295,9.465828895568848,50271500,0.0,0.0
2003-01-06 00:00:00-05:00,9.557398429006524,9.992344921966476,9.500168282593608,9.832101821899414,57114300,0.0,0.0
2003-01-07 00:00:00-05:00,10.020955678011141,10.101077189163467,9.72908305536145,9.935111045837402,63853500,0.0,0.0
2003-01-08 00:00:00-05:00,9.826372459880254,9.900770838883652,9.494439131300561,9.54594612121582,55719700,0.0,0.0
2003-01-09 00:00:00-05:00,9.660408003138329,9.946557543524314,9.64896285111903,9.763422012329102,58692700,0.0,0.0
2003-01-10 00:00:00-05:00,9.751975894412983,10.015232921538006,9.648961895425362,9.969449043273926,54995200,0.0,0.0
2003-01-13 00:00:00-05:00,10.21554123646372,10.289939654342497,9.860715241815232,9.94655990600586,66865000,0.0,0.0
2003-01-14 00:00:00-05:00,10.049573248108755,10.209817410725178,9.923667822064886,10.18120288848877,80562500,0.0,0.0
2003-01-15 00:00:00-05:00,10.267046521851364,10.307107285612842,9.923666831422507,9.929389953613281,99754800,0.0,0.0
2003-01-16 00:00:00-05:00,9.98662070260714,10.032404591395654,9.79203890236246,9.843545913696289,54420100,0.0,0.0
2003-01-17 00:00:00-05:00,9.66613105219138,9.700469782712466,9.317029357817914,9.351366996765137,67963800,0.0,0.0
2003-01-21 00:00:00-05:00,9.311305755984494,9.494441276359247,9.288413270150746,9.322751998901367,57401500,0.0,0.0
2003-01-22 00:00:00-05:00,9.276970367556743,9.551674838604455,9.242632718016102,9.2998628616333,60169100,0.0,0.0
2003-01-23 00:00:00-05:00,9.46010540412183,9.603180192554305,9.265523604527745,9.540226936340332,51948900,0.0,0.0
2003-01-24 00:00:00-05:00,9.408595550024932,9.43721006243556,9.013708947630946,9.070939064025879,60831600,0.0,0.0
2003-01-27 00:00:00-05:00,8.86491311978117,9.231184202400872,8.859189997668496,9.088109970092773,56559500,0.0,0.0
2003-01-28 00:00:00-05:00,9.21401572602229,9.317029738648484,9.042325886907616,9.173954963684082,58387000,0.0,0.0
2003-01-29 00:00:00-05:00,9.12244930040706,9.551674259959185,8.985097618991139,9.534504890441895,63040400,0.0,0.0
2003-01-30 00:00:00-05:00,9.517328874401986,9.55739070863141,9.019429513429074,9.030875205993652,55537500,0.0,0.0
2003-01-31 00:00:00-05:00,8.807685377992053,9.070943046574284,8.664610569975343,8.96220588684082,65637900,0.0,0.0
2003-02-03 00:00:00-05:00,8.956476294070493,9.145334860572868,8.870631689582753,9.030875205993652,43773800,0.0,0.0
2003-02-04 00:00:00-05:00,8.910696672838768,9.030879503788615,8.773345021978068,8.95075798034668,41066900,0.0,0.0
2003-02-05 00:00:00-05:00,9.03671663981504,9.254468360774867,8.881997707753788,8.927840232849121,50881700,0.02,0.0
2003-02-06 00:00:00-05:00,8.876264914432863,9.002332098438554,8.744467826165987,8.830422401428223,47355000,0.0,0.0
2003-02-07 00:00:00-05:00,8.89918333195578,8.956486728173827,8.53244334491448,8.624128341674805,49537900,0.0,0.0
2003-02-10 00:00:00-05:00,8.635592475299788,8.85334471122094,8.526716630582175,8.750199317932129,52977000,0.0,0.0
2003-02-11 00:00:00-05:00,8.818960655060556,8.899184766918859,8.629860182129159,8.790308952331543,47251200,0.0,0.0
2003-02-12 00:00:00-05:00,8.755927895496841,8.836152563880423,8.658512421918864,8.68143367767334,38401800,0.0,0.0
2003-02-13 00:00:00-05:00,8.78457702812021,8.93929586899802,8.65277998276713,8.89918327331543,54625400,0.0,0.0
2003-02-14 00:00:00-05:00,8.985142351480395,9.283119267609617,8.89918721960346,9.254467010498047,54749800,0.0,0.0
2003-02-18 00:00:00-05:00,9.40345155870795,9.598282454170619,9.271654509710086,9.586821556091309,50500400,0.0,0.0
2003-02-19 00:00:00-05:00,9.735809897495718,9.775921947576485,9.45502445395896,9.615473747253418,51793600,0.0,0.0
2003-02-20 00:00:00-05:00,9.7873817265257,9.798842623230192,9.638393348281117,9.71861743927002,52122900,0.0,0.0
2003-02-21 00:00:00-05:00,9.764463293046727,9.770192649757858,9.409183063523024,9.62120532989502,61341900,0.0,0.0
2003-02-24 00:00:00-05:00,9.558170381860794,9.798843776115252,9.466485383380181,9.477946281433105,49143300,0.0,0.0
2003-02-25 00:00:00-05:00,9.33468835617489,9.621204250329237,9.168508612939098,9.586821556091309,58507600,0.0,0.0
2003-02-26 00:00:00-05:00,9.466484317571252,9.655584742268575,9.231541398794919,9.306035041809082,53413000,0.0,0.0
2003-02-27 00:00:00-05:00,9.386262351722069,9.609745543338732,9.340419841923818,9.569633483886719,50289500,0.0,0.0
2003-02-28 00:00:00-05:00,9.730082025682508,9.907722713050779,9.63266655269631,9.884800910949707,65249200,0.0,0.0
2003-03-03 00:00:00-05:00,9.816036536883011,9.919182459756279,9.500869410745073,9.546711921691895,58274100,0.0,0.0
2003-03-04 00:00:00-05:00,9.563902416360563,9.689969036927481,9.443565152798508,9.52379035949707,50779600,0.0,0.0
2003-03-05 00:00:00-05:00,9.546709650711843,9.793113498300613,9.512328048923372,9.730079650878906,49337000,0.0,0.0
2003-03-06 00:00:00-05:00,9.661318745544785,9.735812415968992,9.495138960255261,9.546711921691895,56422200,0.0,0.0
2003-03-07 00:00:00-05:00,9.088284061587101,9.277385056488013,9.008059960129561,9.174239158630371,91034200,0.0,0.0
2003-03-10 00:00:00-05:00,9.122664089200594,9.225809963082682,9.002327418500018,9.11120319366455,57545600,0.0,0.0
2003-03-11 00:00:00-05:00,9.151316650137204,9.225810838735251,9.059631663089032,9.082552909851074,49677600,0.0,0.0
2003-03-12 00:00:00-05:00,9.059631333043589,9.288843245828122,8.933564207202204,9.265922546386719,61890000,0.0,0.0
2003-03-13 00:00:00-05:00,9.52379128731144,9.947834790134312,9.39772356149134,9.94210433959961,78008100,0.0,0.0
2003-03-14 00:00:00-05:00,9.976484344676164,9.993675693514284,9.672777073031789,9.838956832885742,73086100,0.0,0.0
2003-03-17 00:00:00-05:00,9.74154168480989,10.417719458983907,9.707160079013182,10.348955154418945,77678200,0.0,0.0
2003-03-18 00:00:00-05:00,10.411992675918517,10.4807570046998,10.188510520080218,10.45783519744873,62210200,0.0,0.0
2003-03-19 00:00:00-05:00,10.366146840521361,10.42918069733911,10.125473406183641,10.303112983703613,64608400,0.0,0.0
2003-03-20 00:00:00-05:00,10.240083839975066,10.664127451723292,10.199970675928157,10.4692964553833,68798500,0.0,0.0
2003-03-21 00:00:00-05:00,10.709964538708768,10.89333453796157,10.601088191788138,10.841761589050293,73448400,0.0,0.0
2003-03-24 00:00:00-05:00,10.360411267137033,10.497938719752932,10.20569247308001,10.21142292022705,64780300,0.0,0.0
2003-03-25 00:00:00-05:00,10.27446194628206,10.45210152586831,10.11401262386673,10.337495803833008,60596500,0.0,0.0
2003-03-26 00:00:00-05:00,10.308836878700722,10.343218463752335,10.199960584237921,10.251533508300781,44360100,0.0,0.0
2003-03-27 00:00:00-05:00,10.091089661730683,10.211425806923618,9.9822133211004,10.073898315429688,46430300,0.0,0.0
2003-03-28 00:00:00-05:00,9.982215842392339,10.114012918408362,9.856149216590701,9.867609024047852,37304200,0.0,0.0
2003-03-31 00:00:00-05:00,9.540979674694945,9.638395128735675,9.317497612530932,9.328958511352539,66443100,0.0,0.0
2003-04-01 00:00:00-05:00,9.386256945642696,9.540975736964805,9.328954661127264,9.409178733825684,45993300,0.0,0.0
2003-04-02 00:00:00-05:00,9.741539678838206,10.085358944920877,9.741539678838206,10.03951644897461,56811800,0.0,0.0
2003-04-03 00:00:00-05:00,10.096822798949496,10.314574445218819,9.999407329914675,10.068170547485352,55164700,0.0,0.0
2003-04-04 00:00:00-05:00,10.10255055996799,10.131202806904797,9.655586437468433,9.77019214630127,56633700,0.0,0.0
2003-04-07 00:00:00-04:00,10.343226040283671,10.366147842422484,9.94210433959961,9.94210433959961,59299000,0.0,0.0
2003-04-08 00:00:00-04:00,9.965023966712808,10.016596922953392,9.707160278481446,9.798845291137695,48778100,0.0,0.0
2003-04-09 00:00:00-04:00,9.827491921597282,9.987941166335297,9.540976115760795,9.558167457580566,56516400,0.0,0.0
2003-04-10 00:00:00-04:00,9.66131832207199,9.730081538992371,9.489408093827786,9.672778129577637,44893000,0.0,0.0
2003-04-11 00:00:00-04:00,9.884799516463188,9.959293176839207,9.53524973453592,9.59255313873291,41744200,0.0,0.0
2003-04-14 00:00:00-04:00,9.638393422968804,9.856146090156427,9.540977986168294,9.833224296569824,41620500,0.0,0.0
2003-04-15 00:00:00-04:00,9.816035270690918,9.93637252951105,9.695699104842317,9.816035270690918,62708600,0.0,0.0
2003-04-16 00:00:00-04:00,10.29165365919954,10.497945518203135,10.199968631413885,10.40626049041748,106294400,0.0,0.0
2003-04-17 00:00:00-04:00,10.308844289501069,10.70996707768809,10.25154087790697,10.69277572631836,68959100,0.0,0.0
2003-04-21 00:00:00-04:00,10.62974168671414,10.76727030943144,10.480754349218426,10.687045097351074,50354700,0.0,0.0
2003-04-22 00:00:00-04:00,10.480753558916868,10.899066566971765,10.4521013092731,10.887605667114258,60474700,0.0,0.0
2003-04-23 00:00:00-04:00,10.916260449532537,11.208506935136826,10.824575406163184,11.162664413452148,63125000,0.0,0.0
2003-04-24 00:00:00-04:00,11.088168907822148,11.088168907822148,10.709967892681576,10.858956336975098,65451700,0.0,0.0
2003-04-25 00:00:00-04:00,10.629742983736925,10.652664787977237,10.348957439623806,10.475025177001953,60849000,0.0,0.0
2003-04-28 00:00:00-04:00,10.509404592849508,10.818841234587307,10.417719581003379,10.74434757232666,51125000,0.0,0.0
2003-04-29 00:00:00-04:00,10.870412741569265,11.042322935597323,10.715694987806843,10.841761589050293,60841900,0.0,0.0
2003-04-30 00:00:00-04:00,10.795923303799814,10.836035370174073,10.52086819754332,10.54378890991211,64415500,0.0,0.0
2003-05-01 00:00:00-04:00,10.526594458173838,10.750076506416127,10.486481314797043,10.618279457092285,52929100,0.0,0.0
2003-05-02 00:00:00-04:00,10.629738619887695,10.933445843559552,10.53805362650965,10.904794692993164,59571700,0.0,0.0
2003-05-05 00:00:00-04:00,11.036734128917894,11.14572505426573,10.88185246039017,10.910534858703613,55276200,0.02,0.0
2003-05-06 00:00:00-04:00,10.887591724007542,11.289136650097703,10.858910412481919,11.203091621398926,62109200,0.0,0.0
2003-05-07 00:00:00-04:00,11.059674173702039,11.20881928335511,10.933473876391954,11.01378345489502,53515100,0.0,0.0
2003-05-08 00:00:00-04:00,10.85317089701274,11.053943303925683,10.807280154928776,10.82448959350586,54055600,0.0,0.0
2003-05-09 00:00:00-04:00,11.08835709294831,11.231765747070312,10.996575641839927,11.231765747070312,51872500,0.0,0.0
2003-05-12 00:00:00-04:00,11.174406992320073,11.48990682693477,11.145725686501319,11.466960906982422,68815600,0.0,0.0
2003-05-13 00:00:00-04:00,11.352231609940247,11.449748461777215,11.27192200530775,11.375176429748535,46439800,0.0,0.0
2003-05-14 00:00:00-04:00,11.421069073553143,11.455486856082326,11.071151486454804,11.277660369873047,57713200,0.0,0.0
2003-05-15 00:00:00-04:00,11.386646568254308,11.53579168951619,11.248974401117447,11.472691535949707,71834200,0.0,0.0
2003-05-16 00:00:00-04:00,11.300603262519871,11.472693223219652,11.157194597229626,11.18587589263916,56693900,0.0,0.0
2003-05-19 00:00:00-04:00,10.985105079181311,11.076886550277232,10.686814751058854,10.709760665893555,59059300,0.0,0.0
2003-05-20 00:00:00-04:00,10.709759839472072,10.813014260017686,10.617978375458495,10.704023361206055,56797200,0.0,0.0
2003-05-21 00:00:00-04:00,10.778593529076023,10.835956107764797,10.652393230070183,10.80727481842041,49470700,0.0,0.0
2003-05-22 00:00:00-04:00,10.858909492777427,10.933481552901249,10.744182068148058,10.767127990722656,60999000,0.0,0.0
2003-05-23 00:00:00-04:00,10.767123806866847,10.893323049623591,10.738441414793916,10.790068626403809,36898400,0.0,0.0
2003-05-27 00:00:00-04:00,10.72123186772704,11.352230198777637,10.709758912188367,11.3464937210083,71371300,0.0,0.0
2003-05-28 00:00:00-04:00,11.386652317076948,11.530061033679626,11.248980080432979,11.323552131652832,69176900,0.0,0.0
2003-05-29 00:00:00-04:00,11.357968264435897,12.029121004233025,11.346496400309581,11.948812484741211,122283700,0.0,0.0
2003-05-30 00:00:00-04:00,11.971755661761328,12.05206416287629,11.725092586483926,11.943073272705078,69245000,0.0,0.0
2003-06-02 00:00:00-04:00,12.046332710309764,12.138114205334766,11.644787848984082,11.690678596496582,73472400,0.0,0.0
2003-06-03 00:00:00-04:00,11.679206200671214,12.115168829334172,11.575951749919241,12.1036958694458,67898600,0.0,0.0
2003-06-04 00:00:00-04:00,12.063541419767983,12.333149408298144,11.960286970592533,12.264312744140625,79271300,0.0,0.0
2003-06-05 00:00:00-04:00,12.09795508056491,12.591281238839734,11.931600503799201,12.528181076049805,88161800,0.0,0.0
2003-06-06 00:00:00-04:00,12.88383977750094,13.147712409633604,12.47082302900147,12.482295989990234,105871500,0.0,0.0
2003-06-09 00:00:00-04:00,12.384771429700207,12.493762312942165,12.126635415211675,12.430662155151367,50303400,0.0,0.0
2003-06-10 00:00:00-04:00,12.568333011255609,12.608487255042196,12.315933500727104,12.602750778198242,52440200,0.0,0.0
2003-06-11 00:00:00-04:00,12.350359779677468,12.59702186739139,12.275786630036958,12.556867599487305,54241500,0.0,0.0
2003-06-12 00:00:00-04:00,12.62569768247937,12.81499705679226,12.55112457174089,12.70026969909668,59508600,0.0,0.0
2003-06-13 00:00:00-04:00,12.597023978892988,12.65438769728054,12.16106234504021,12.252843856811523,58853400,0.0,0.0
2003-06-16 00:00:00-04:00,12.33314670475666,12.585546292510328,12.229892278215548,12.545392036437988,52015900,0.0,0.0
2003-06-17 00:00:00-04:00,12.602758426647387,12.625704347948778,12.26431374630411,12.304469108581543,50766600,0.0,0.0
2003-06-18 00:00:00-04:00,12.218416947058213,12.602752185553271,12.126635495547859,12.476552963256836,62519500,0.0,0.0
2003-06-19 00:00:00-04:00,12.424926910781407,12.574072056829468,12.115164756774902,12.115164756774902,69563700,0.0,0.0
2003-06-20 00:00:00-04:00,12.241363258611674,12.287253985872436,11.839818574489074,11.857028007507324,78909400,0.0,0.0
2003-06-23 00:00:00-04:00,11.874240861372293,12.029121426671088,11.501377364074063,11.679204940795898,59628100,0.0,0.0
2003-06-24 00:00:00-04:00,11.535794304709952,11.897183688606962,11.495640050290438,11.730830192565918,63799700,0.0,0.0
2003-06-25 00:00:00-04:00,11.77672555495201,11.948815597007158,11.466962166306578,11.495644569396973,61250600,0.0,0.0
2003-06-26 00:00:00-04:00,11.644786023892228,11.908658601323555,11.55874102255737,11.834085464477539,52904900,0.0,0.0
2003-06-27 00:00:00-04:00,11.874239533492984,12.120901552170741,11.776721584110081,11.799666404724121,63348200,0.0,0.0
2003-06-30 00:00:00-04:00,12.12663243979899,12.218413868181655,11.811133916498699,11.937333106994629,51457500,0.0,0.0
2003-07-01 00:00:00-04:00,11.971754905419873,12.333144231726916,11.765246093746592,12.281517028808594,64496600,0.0,0.0
2003-07-02 00:00:00-04:00,12.42492555850417,12.803524313374398,12.315934676307835,12.740424156188965,74291500,0.0,0.0
2003-07-03 00:00:00-04:00,12.6027535339857,12.797789412843379,12.453608385793277,12.459344863891602,40502400,0.0,0.0
2003-07-07 00:00:00-04:00,12.757638126506016,13.182127757386446,12.717483864602967,13.141973495483398,56553100,0.0,0.0
2003-07-08 00:00:00-04:00,13.096078249231425,13.423049805534621,13.004296798133026,13.279641151428223,64980800,0.0,0.0
2003-07-09 00:00:00-04:00,13.365690112738454,13.761498422515961,13.337008811008552,13.468944549560547,78521900,0.0,0.0
2003-07-10 00:00:00-04:00,13.233754978153677,13.365690722727003,12.969883489007021,13.141973495483398,63261600,0.0,0.0
2003-07-11 00:00:00-04:00,13.359958141015573,13.48042095200395,13.233757755269494,13.388639450073242,46535400,0.0,0.0
2003-07-14 00:00:00-04:00,13.922114270262034,14.09994071884743,13.681187655288996,13.778705596923828,76909400,0.0,0.0
2003-07-15 00:00:00-04:00,14.019625519476294,14.208924834153787,13.577926753855206,13.824589729309082,102323700,0.0,0.0
2003-07-16 00:00:00-04:00,14.478540621120192,14.627685783937261,14.23761398797284,14.518694877624512,128925700,0.0,0.0
2003-07-17 00:00:00-04:00,14.163043228583476,14.398233404241848,14.111416010110025,14.300715446472168,71736800,0.0,0.0
2003-07-18 00:00:00-04:00,14.398236497554661,14.426917805481116,13.853282893977916,14.14583683013916,65296900,0.0,0.0
2003-07-21 00:00:00-04:00,14.111417198936449,14.128625543796309,13.738554773977322,13.801653861999512,52851200,0.0,0.0
2003-07-22 00:00:00-04:00,13.990952107302991,14.071261721499933,13.795916192158531,14.008161544799805,61074300,0.0,0.0
2003-07-23 00:00:00-04:00,13.979478833851635,14.283504540129819,13.916378663512502,14.231877326965332,49058200,0.0,0.0
2003-07-24 00:00:00-04:00,14.426911985764466,14.438384941955642,13.738551026113742,13.750022888183594,58119100,0.0,0.0
2003-07-25 00:00:00-04:00,13.864754975497712,14.306454091931947,13.612355324089338,14.289244651794434,52627700,0.0,0.0
2003-07-28 00:00:00-04:00,14.294981837290376,14.415444641832657,14.117155323580544,14.203200340270996,45462200,0.0,0.0
2003-07-29 00:00:00-04:00,14.231871571751075,14.47279810438347,14.16877252104993,14.283498764038086,68217600,0.0,0.0
2003-07-30 00:00:00-04:00,14.260557485179877,14.266293962868255,13.927849438102594,14.048312187194824,40786200,0.0,0.0
2003-07-31 00:00:00-04:00,14.226137120736801,14.541636795641411,14.157301583968577,14.277764320373535,68692100,0.0,0.0
2003-08-01 00:00:00-04:00,14.21467322185059,14.381026773977112,14.185990820365506,14.35234546661377,48494900,0.0,0.0
2003-08-04 00:00:00-04:00,14.289242255580982,14.472805209778683,13.990951907948961,14.415441513061523,53570000,0.0,0.0
2003-08-05 00:00:00-04:00,14.421184748017867,14.421184748017867,13.910242363417135,13.933206558227539,51979800,0.02,0.0
2003-08-06 00:00:00-04:00,13.835611766027496,14.093952403478207,13.66912462845409,13.858574867248535,57799000,0.0,0.0
2003-08-07 00:00:00-04:00,13.743755836338895,13.950428107228456,13.697828543364212,13.772459983825684,48517800,0.0,0.0
2003-08-08 00:00:00-04:00,13.864312822857693,13.904499062272906,13.393557855434523,13.537080764770508,57453600,0.0,0.0
2003-08-11 00:00:00-04:00,13.560049664258724,13.852835537373167,13.537085465194613,13.720794677734375,41624600,0.0,0.0
2003-08-12 00:00:00-04:00,13.8298697672455,14.00783789571138,13.674864738423734,13.990615844726562,48475100,0.0,0.0
2003-08-13 00:00:00-04:00,14.065247535421417,14.352293403491242,13.950428750196252,14.185806274414062,51882500,0.0,0.0
2003-08-14 00:00:00-04:00,14.237469844084153,14.449884197024904,14.093946958176074,14.432661056518555,51830000,0.0,0.0
2003-08-15 00:00:00-04:00,14.403957077000651,14.495811637400603,14.243211048804369,14.380992889404297,21622800,0.0,0.0
2003-08-18 00:00:00-04:00,14.409696836233136,15.058419747961281,14.380991604302825,15.035456657409668,59081000,0.0,0.0
2003-08-19 00:00:00-04:00,15.138797801896345,15.236393429481307,14.880456112702925,15.196206092834473,55966300,0.0,0.0
2003-08-20 00:00:00-04:00,15.006752936377826,15.351208089273287,15.001011889413748,15.13305377960205,47210300,0.0,0.0
2003-08-21 00:00:00-04:00,15.322496595977091,15.374164898864747,14.932114349711348,15.1502685546875,66434900,0.0,0.0
2003-08-22 00:00:00-04:00,16.166427701112813,16.671629182706372,15.684190420952321,15.724376678466797,120604100,0.0,0.0
2003-08-25 00:00:00-04:00,15.821965221786227,15.93678398727529,15.540660450830213,15.638256072998047,52037500,0.0,0.0
2003-08-26 00:00:00-04:00,15.477505769136076,15.925297517557869,15.316760855594355,15.908074378967285,65213400,0.0,0.0
2003-08-27 00:00:00-04:00,15.850672519241009,16.12049522969242,15.741594787359356,16.086050033569336,58217200,0.0,0.0
2003-08-28 00:00:00-04:00,16.131974176612292,16.275497076591062,15.988451276633521,16.24679183959961,48631600,0.0,0.0
2003-08-29 00:00:00-04:00,16.177899236361675,16.447721857024018,16.0975267738224,16.41327667236328,41986600,0.0,0.0
2003-09-02 00:00:00-04:00,16.516614697047398,16.556800931664245,16.17215953677149,16.499391555786133,58841200,0.0,0.0
2003-09-03 00:00:00-04:00,16.614213406649963,16.631435456130948,16.09753111735392,16.20086669921875,60714800,0.0,0.0
2003-09-04 00:00:00-04:00,16.258271770964324,16.49939025464357,16.09752684517328,16.419017791748047,63744700,0.0,0.0
2003-09-05 00:00:00-04:00,16.551059666777565,16.70606465111089,16.28697807420324,16.482168197631836,68429900,0.0,0.0
2003-09-08 00:00:00-04:00,16.57976504113173,16.76347527419916,16.53383775661308,16.75199317932129,52154000,0.0,0.0
2003-09-09 00:00:00-04:00,16.648663544241877,16.723295002470735,16.453472228882333,16.528104782104492,49792900,0.0,0.0
2003-09-10 00:00:00-04:00,16.32716735324036,16.35587149865851,15.862152313517008,15.879375457763672,57999300,0.0,0.0
2003-09-11 00:00:00-04:00,15.85641175813971,16.27549839728675,15.666961558594274,16.09178924560547,56654900,0.0,0.0
2003-09-12 00:00:00-04:00,15.965485497922899,16.298458548931606,15.816221565402758,16.26975440979004,51931600,0.0,0.0
2003-09-15 00:00:00-04:00,16.264010220448156,16.332901674066594,16.022891775272385,16.068819046020508,36350400,0.0,0.0
2003-09-16 00:00:00-04:00,16.1204963814555,16.64291978911895,16.086051182871405,16.59699249267578,48748000,0.0,0.0
2003-09-17 00:00:00-04:00,16.61420969372549,16.86680918626839,16.516614086836224,16.579763412475586,52827300,0.0,0.0
2003-09-18 00:00:00-04:00,16.470688283198044,16.809402414234,16.338646383223153,16.740510940551758,46619000,0.0,0.0
2003-09-19 00:00:00-04:00,16.820885402185308,16.855331690594262,16.551062712939572,16.746253967285156,53550300,0.0,0.0
2003-09-22 00:00:00-04:00,16.419023760843316,16.516619399122536,16.189387286949,16.373096466064453,48490600,0.0,0.0
2003-09-23 00:00:00-04:00,16.367350581659284,16.648655315943333,16.315682253424175,16.61421012878418,43934300,0.0,0.0
2003-09-24 00:00:00-04:00,16.591243087344257,16.6486524527315,15.925297076834404,15.948261260986328,59596400,0.0,0.0
2003-09-25 00:00:00-04:00,16.0401244169711,16.275501955901817,15.730114334480993,15.758819580078125,57560700,0.0,0.0
2003-09-26 00:00:00-04:00,15.787515438192882,15.982706625755402,15.626769432261225,15.655474662780762,68682000,0.0,0.0
2003-09-29 00:00:00-04:00,15.816223629003835,16.304201723027845,15.770296343389392,16.28697967529297,65800400,0.0,0.0
2003-09-30 00:00:00-04:00,16.172161028873187,16.172161028873187,15.753074407784235,15.799001693725586,63410200,0.0,0.0
2003-10-01 00:00:00-04:00,15.971227285292622,16.493650525840117,15.965486238199569,16.436241149902344,59519900,0.0,0.0
2003-10-02 00:00:00-04:00,16.40754155782527,16.619955979181398,16.309945920174034,16.430505752563477,42385100,0.0,0.0
2003-10-03 00:00:00-04:00,16.803668096076148,17.107936064622354,16.763481843248783,16.998859405517578,66635500,0.0,0.0
2003-10-06 00:00:00-04:00,17.03904147826645,17.107931867643423,16.86681331483803,16.970149993896484,28955800,0.0,0.0
2003-10-07 00:00:00-04:00,16.809408285691518,17.217012937791523,16.734775738550848,17.194049835205078,47943100,0.0,0.0
2003-10-08 00:00:00-04:00,17.176819474712964,17.22274675559484,16.935700976334928,17.033296585083008,41147400,0.0,0.0
2003-10-09 00:00:00-04:00,17.05626149335851,17.446643969899995,16.92422068364385,17.090707778930664,76072800,0.0,0.0
2003-10-10 00:00:00-04:00,17.314607086337958,17.504057319971896,17.274420839050926,17.46961212158203,46206700,0.0,0.0
2003-10-13 00:00:00-04:00,17.63035946479218,17.762401417071377,17.498318607506242,17.68202781677246,41697500,0.0,0.0
2003-10-14 00:00:00-04:00,17.676277933990807,17.854245993635224,17.52701401154971,17.842763900756836,66909700,0.0,0.0
2003-10-15 00:00:00-04:00,18.81298710167249,18.81872705563694,18.15278180145521,18.233154296875,110833700,0.0,0.0
2003-10-16 00:00:00-04:00,18.083883187884435,18.520191786919188,18.026473815908485,18.50296974182129,55199000,0.0,0.0
2003-10-17 00:00:00-04:00,18.525937445722672,18.594827829178364,18.12407286059049,18.17574119567871,52536500,0.0,0.0
2003-10-20 00:00:00-04:00,18.1470395290944,18.49149368338208,18.118334286241723,18.46278953552246,43090700,0.0,0.0
2003-10-21 00:00:00-04:00,18.53167964371486,18.560385981119627,18.376674619670627,18.4398250579834,50250800,0.0,0.0
2003-10-22 00:00:00-04:00,18.238896098569835,18.65798283483075,18.03222270754005,18.095373153686523,49873700,0.0,0.0
2003-10-23 00:00:00-04:00,17.75091252808104,18.020735189110404,17.733689385677653,17.923139572143555,48215300,0.0,0.0
2003-10-24 00:00:00-04:00,17.77387243847916,17.900173270156127,17.42941841206871,17.842763900756836,55915500,0.0,0.0
2003-10-27 00:00:00-05:00,17.94036063215434,18.112587656225937,17.934619585352927,18.03795623779297,37237300,0.0,0.0
2003-10-28 00:00:00-05:00,18.16425587583783,18.795757880374563,18.118328596688777,18.755569458007812,57041700,0.0,0.0
2003-10-29 00:00:00-05:00,18.663711249241597,18.89908864571671,18.61778507406803,18.830198287963867,47727900,0.0,0.0
2003-10-30 00:00:00-05:00,18.99095481831422,19.1057714083273,18.847431890811794,18.88187599182129,55581700,0.0,0.0
2003-10-31 00:00:00-05:00,18.904838704682312,19.019657475685772,18.812984125876728,18.91632080078125,39557700,0.0,0.0
2003-11-03 00:00:00-05:00,19.134475387268903,19.58226616508548,19.031138717005724,19.54207992553711,53324900,0.0,0.0
2003-11-04 00:00:00-05:00,19.467448075897945,19.519116412825447,19.272256824170256,19.335407257080078,42009400,0.0,0.0
2003-11-05 00:00:00-05:00,19.341150604550997,19.461783153440887,19.094146525725595,19.381362915039062,45615300,0.02,0.0
2003-11-06 00:00:00-05:00,19.47327757970426,19.657095945552285,19.209036761420922,19.599651336669922,42140200,0.0,0.0
2003-11-07 00:00:00-05:00,19.771977048417718,19.823676091008817,19.381364738191735,19.456039428710938,48461500,0.0,0.0
2003-11-10 00:00:00-05:00,19.536462817687102,19.611139711507615,19.088405837339455,19.180315017700195,54424600,0.0,0.0
2003-11-11 00:00:00-05:00,19.099888108112243,19.209029537009584,19.019467877210314,19.191797256469727,41184300,0.0,0.0
2003-11-12 00:00:00-05:00,19.283699581719898,19.697291698631695,19.249232841548526,19.58814811706543,49291000,0.0,0.0
2003-11-13 00:00:00-05:00,19.4732723488119,19.524971387274796,19.203288237807094,19.404338836669922,52569600,0.0,0.0
2003-11-14 00:00:00-05:00,19.43879912788291,19.519219340682287,18.783946319332006,18.841388702392578,59409400,0.0,0.0
2003-11-17 00:00:00-05:00,18.61162030488773,18.715018365903862,18.186539143900653,18.513965606689453,64927100,0.0,0.0
2003-11-18 00:00:00-05:00,18.674812687753107,18.743746213749354,18.2727103135693,18.28994369506836,57338800,0.0,0.0
2003-11-19 00:00:00-05:00,18.330147233913777,18.732250559200153,18.221004714940033,18.680551528930664,47996500,0.0,0.0
2003-11-20 00:00:00-05:00,18.525460617505168,18.835654902591017,18.243988634173817,18.284198760986328,59523800,0.0,0.0
2003-11-21 00:00:00-05:00,18.485249762968685,18.594391218407754,18.3416415467811,18.565670013427734,45646200,0.0,0.0
2003-11-24 00:00:00-05:00,18.66906137923313,19.237750674643607,18.66906137923313,19.220516204833984,45783200,0.0,0.0
2003-11-25 00:00:00-05:00,19.20328275866623,19.381357660626687,18.984997748406084,18.99648666381836,38861700,0.0,0.0
2003-11-26 00:00:00-05:00,19.186058677817186,19.300943498447683,18.893096687861934,19.15733528137207,42781700,0.0,0.0
2003-11-28 00:00:00-05:00,19.036709230834976,19.318182364431568,19.03096586501333,19.266483306884766,13253800,0.0,0.0
2003-12-01 00:00:00-05:00,19.42731026932447,19.611128525194843,19.254980928356797,19.553686141967773,47063000,0.0,0.0
2003-12-02 00:00:00-05:00,19.63985294876264,19.760485479449237,19.421570103549758,19.44454574584961,41987300,0.0,0.0
2003-12-03 00:00:00-05:00,19.570931891163312,19.726029062187898,19.09989701232774,19.151596069335938,49743600,0.0,0.0
2003-12-04 00:00:00-05:00,19.23776209520054,19.364135864868732,18.870123135263277,19.266483306884766,61217300,0.0,0.0
2003-12-05 00:00:00-05:00,18.64608521898272,18.801182313456575,18.381846698599208,18.439289093017578,66215400,0.0,0.0
2003-12-08 00:00:00-05:00,18.341632898919652,18.548428983333878,17.996973123443684,18.175046920776367,66864300,0.0,0.0
2003-12-09 00:00:00-05:00,18.301431826789177,18.34164195290905,17.296174291217284,17.37659454345703,81626300,0.0,0.0
2003-12-10 00:00:00-05:00,17.405312656280287,17.51445519038597,17.037676030631967,17.474245071411133,81153700,0.0,0.0
2003-12-11 00:00:00-05:00,17.52019710050919,17.801668988023767,17.42254349907406,17.755714416503906,56879100,0.0,0.0
2003-12-12 00:00:00-05:00,17.88208570980096,17.910807996149106,17.514449209690248,17.72698974609375,48042500,0.0,0.0
2003-12-15 00:00:00-05:00,18.09462918625657,18.11186256086557,17.29042366377384,17.3708438873291,60872700,0.0,0.0
2003-12-16 00:00:00-05:00,17.36510037994056,17.491476276039453,17.066395110889367,17.382333755493164,56367000,0.0,0.0
2003-12-17 00:00:00-05:00,17.399565563810164,17.560406005239972,17.210001736736455,17.33063316345215,57924100,0.0,0.0
2003-12-18 00:00:00-05:00,17.41105411567931,17.801668510951647,17.399566294839765,17.749969482421875,52707200,0.0,0.0
2003-12-19 00:00:00-05:00,17.80167135233146,17.893580507577987,17.439779190503703,17.560409545898438,55145700,0.0,0.0
2003-12-22 00:00:00-05:00,17.45701169371753,17.686785680391296,17.330636877561812,17.474245071411133,33894800,0.0,0.0
2003-12-23 00:00:00-05:00,17.52019174647162,17.8878282062836,17.445516001438463,17.870595932006836,37282300,0.0,0.0
2003-12-24 00:00:00-05:00,17.847624300521375,17.95676682327858,17.74997069503197,17.853368759155273,15596500,0.0,0.0
2003-12-26 00:00:00-05:00,17.910811686443665,18.117607808185245,17.887833852630855,18.014209747314453,11868800,0.0,0.0
2003-12-29 00:00:00-05:00,18.117609435807285,18.50247832595628,18.100376058899496,18.468013763427734,36514900,0.0,0.0
2003-12-30 00:00:00-05:00,18.513962803181087,18.594383018174344,18.34737791560316,18.404821395874023,31563100,0.0,0.0
2003-12-31 00:00:00-05:00,18.519711856525724,18.66332003652231,18.33014800711251,18.410568237304688,32092800,0.0,0.0
2004-01-02 00:00:00-05:00,18.588645695376425,18.726508339786633,18.399081820203357,18.473758697509766,37343200,0.0,0.0
2004-01-05 00:00:00-05:00,18.680554540440248,18.939049733459942,18.611623219397394,18.904582977294922,42611900,0.0,0.0
2004-01-06 00:00:00-05:00,18.910319044169146,18.95627470132313,18.737989712414386,18.898832321166992,38007600,0.0,0.0
2004-01-07 00:00:00-05:00,19.14584359371458,19.53071246398119,19.082655643960496,19.52496910095215,63665000,0.0,0.0
2004-01-08 00:00:00-05:00,19.628368694938107,19.731766779354825,19.473273759600374,19.668581008911133,50596000,0.0,0.0
2004-01-09 00:00:00-05:00,19.433062805554417,19.875374136174557,19.41582833136404,19.51348304748535,56841100,0.0,0.0
2004-01-12 00:00:00-05:00,19.68581173727289,19.72027849311786,19.45029438388351,19.616880416870117,50664500,0.0,0.0
2004-01-13 00:00:00-05:00,19.720281639324536,19.754746209380876,19.10563644744046,19.29520034790039,68191900,0.0,0.0
2004-01-14 00:00:00-05:00,19.410089064245902,19.44455363732636,19.036706786431058,19.180315017700195,75452000,0.0,0.0
2004-01-15 00:00:00-05:00,18.789689013594096,19.191792254592183,18.766711184671607,18.990741729736328,82565000,0.0,0.0
2004-01-16 00:00:00-05:00,19.168816700363934,19.174562253919547,18.772458965205317,18.893089294433594,54502900,0.0,0.0
2004-01-20 00:00:00-05:00,18.95053910669311,18.99074922753978,18.542690151796958,18.732254028320312,47694300,0.0,0.0
2004-01-21 00:00:00-05:00,18.51971436430904,18.554178929751483,18.278451449775787,18.496736526489258,56228700,0.0,0.0
2004-01-22 00:00:00-05:00,18.53694736595836,18.588646407414327,18.146332873021578,18.169309616088867,51950200,0.0,0.0
2004-01-23 00:00:00-05:00,18.324400146505575,18.387586988935862,18.083138405075882,18.238235473632812,45845000,0.0,0.0
2004-01-26 00:00:00-05:00,18.20951909592628,18.663321506363836,18.20951909592628,18.628854751586914,41329300,0.0,0.0
2004-01-27 00:00:00-05:00,18.554179649347912,18.582900852092937,18.152077332699314,18.169309616088867,51436200,0.0,0.0
2004-01-28 00:00:00-05:00,18.31291212141325,18.49673148695811,17.9050654720246,18.02569580078125,61499400,0.0,0.0
2004-01-29 00:00:00-05:00,18.129096423768576,18.129096423768576,17.531686961824768,17.744226455688477,84928900,0.0,0.0
2004-01-30 00:00:00-05:00,17.738479886037712,17.801667828628467,17.434031280413176,17.53168487548828,64192400,0.0,0.0
2004-02-02 00:00:00-05:00,17.7499724162056,17.778694712160238,17.353613497180074,17.41680145263672,65039500,0.0,0.0
2004-02-03 00:00:00-05:00,17.48573267915805,18.05442095269575,17.41680026919432,18.037187576293945,62375400,0.0,0.0
2004-02-04 00:00:00-05:00,17.801372122352106,17.830129957660926,17.260716261625717,17.266468048095703,79361900,0.04,0.0
2004-02-05 00:00:00-05:00,17.456269423180014,17.508034394908343,17.111169977338125,17.208948135375977,74618700,0.0,0.0
2004-02-06 00:00:00-05:00,17.283722980676785,17.79562102594426,17.2492133575598,17.761110305786133,55401000,0.0,0.0
2004-02-09 00:00:00-05:00,17.887655324850954,17.887655324850954,17.53105207156182,17.58281707763672,36540300,0.0,0.0
2004-02-10 00:00:00-05:00,17.646068814094306,17.77835654907284,17.44476077123447,17.5655460357666,36344100,0.0,0.0
2004-02-11 00:00:00-05:00,17.755357820681894,17.922155229748103,17.55980148105873,17.824377059936523,52150100,0.0,0.0
2004-02-12 00:00:00-05:00,17.80136925619754,18.048689452339833,17.669080382769614,17.680583953857422,38205500,0.0,0.0
2004-02-13 00:00:00-05:00,17.830130033843734,17.939411783158153,17.174441732039405,17.335487365722656,63292500,0.0,0.0
2004-02-17 00:00:00-05:00,17.473522990783902,17.766857453287127,17.375744836616164,17.720844268798828,40220700,0.0,0.0
2004-02-18 00:00:00-05:00,17.738106747570164,17.80712600349866,17.565557510707624,17.600067138671875,42232600,0.0,0.0
2004-02-19 00:00:00-05:00,17.79561466743301,17.887641027557336,17.168684403435584,17.19169044494629,60100700,0.0,0.0
2004-02-20 00:00:00-05:00,17.306727897669283,17.312479683621252,16.9673802057902,17.254962921142578,70620300,0.0,0.0
2004-02-23 00:00:00-05:00,17.249211792677794,17.272218937362627,16.47848999839259,16.679798126220703,92175800,0.0,0.0
2004-02-24 00:00:00-05:00,16.564763281845888,16.92711810257831,16.547509021743075,16.794830322265625,68433000,0.0,0.0
2004-02-25 00:00:00-05:00,16.927120001899898,17.122676349974668,16.85234787626133,17.036401748657227,54661900,0.0,0.0
2004-02-26 00:00:00-05:00,16.990387667920558,17.18019221972756,16.881105926867733,16.96738052368164,45906300,0.0,0.0
2004-02-27 00:00:00-05:00,17.082413025749347,17.09966728585216,16.73731356216069,16.794830322265625,58987700,0.0,0.0
2004-03-01 00:00:00-05:00,16.70280848163036,17.111175504915774,16.593526717452622,17.0766658782959,65372800,0.0,0.0
2004-03-02 00:00:00-05:00,17.11117504917383,17.33548926179048,17.001893287906725,17.024900436401367,65223700,0.0,0.0
2004-03-03 00:00:00-05:00,17.0018878129106,17.059404568584274,16.587769146733706,16.702802658081055,68249000,0.0,0.0
2004-03-04 00:00:00-05:00,16.720059702355513,17.082414555538055,16.708556129896152,17.05365562438965,60135800,0.0,0.0
2004-03-05 00:00:00-05:00,16.656787904254273,16.898357393610706,16.547507278313645,16.651037216186523,118682400,0.0,0.0
2004-03-08 00:00:00-05:00,16.714308382942743,16.737315528504038,15.88607088947562,15.932084083557129,105763200,0.0,0.0
2004-03-09 00:00:00-05:00,15.960836637563807,16.162144706454736,15.828548885479176,16.093124389648438,92538800,0.0,0.0
2004-03-10 00:00:00-05:00,16.127641039894687,16.24842526751595,15.627246575506721,15.707769393920898,88033100,0.0,0.0
2004-03-11 00:00:00-05:00,15.581231293282983,15.983847525523654,15.552473461140496,15.575479507446289,97958600,0.0,0.0
2004-03-12 00:00:00-05:00,15.817046936687253,15.949334702322474,15.736524139699002,15.926328659057617,56526800,0.0,0.0
2004-03-15 00:00:00-05:00,15.857313953879618,15.868817528108508,15.546725128988156,15.586986541748047,54857000,0.0,0.0
2004-03-16 00:00:00-05:00,15.713522600505588,15.822804361829624,15.368423052194734,15.621496200561523,67306500,0.0,0.0
2004-03-17 00:00:00-05:00,15.782540442479993,16.047116026040303,15.719271891175985,15.983848571777344,55548300,0.0,0.0
2004-03-18 00:00:00-05:00,15.955091451239804,15.99535286225979,15.592737655018762,15.644502639770508,70686100,0.0,0.0
2004-03-19 00:00:00-05:00,15.558217175552183,15.742270948696426,15.172856473569757,15.236124992370605,83734500,0.0,0.0
2004-03-22 00:00:00-05:00,15.103847081566826,15.236134891334137,14.971559271799514,15.086591720581055,73006200,0.0,0.0
2004-03-23 00:00:00-05:00,15.24188102708683,15.35691453025852,15.011815117784243,15.046324729919434,70217700,0.0,0.0
2004-03-24 00:00:00-05:00,15.08083981763856,15.454698290167496,15.04633019297354,15.25914192199707,69501200,0.0,0.0
2004-03-25 00:00:00-05:00,15.47195056921419,15.98959926094948,15.448944521402492,15.983848571777344,84754400,0.0,0.0
2004-03-26 00:00:00-05:00,15.978093866166516,16.018355265261516,15.713517233906622,15.748026847839355,65644100,0.0,0.0
2004-03-29 00:00:00-05:00,15.903321518751927,16.075871779922103,15.817046936687253,15.926328659057617,66249300,0.0,0.0
2004-03-30 00:00:00-05:00,15.776793479919434,15.840062050567397,15.586988865016924,15.776793479919434,62191000,0.0,0.0
2004-03-31 00:00:00-05:00,15.771038659696343,15.79979649698457,15.540972670267019,15.644502639770508,57809100,0.0,0.0
2004-04-01 00:00:00-05:00,15.742276159717939,15.978093866166516,15.690511190298412,15.748026847839355,55051700,0.0,0.0
2004-04-02 00:00:00-05:00,16.10463231345578,16.17365264892578,15.90332419012938,16.17365264892578,78672000,0.0,0.0
2004-04-05 00:00:00-04:00,16.27718335517332,16.42672651814113,16.17365448577204,16.420974731445312,47534500,0.0,0.0
2004-04-06 00:00:00-04:00,16.248416553195053,16.363450029556013,16.12763239035253,16.259920120239258,70147800,0.0,0.0
2004-04-07 00:00:00-04:00,16.1506448629901,16.17940269501928,15.805545393435073,15.886069297790527,72680200,0.0,0.0
2004-04-08 00:00:00-04:00,16.150640130454352,16.185149738185398,15.644495194583307,15.742273330688477,71791400,0.0,0.0
2004-04-12 00:00:00-04:00,15.932084754820163,15.972346164207671,15.661756268290674,15.874567985534668,51016700,0.0,0.0
2004-04-13 00:00:00-04:00,16.0298589494337,16.035609637595957,15.782537670904064,15.914825439453125,83164700,0.0,0.0
2004-04-14 00:00:00-04:00,15.650245881671273,15.880312858653307,15.604232705682994,15.742273330688477,79211500,0.0,0.0
2004-04-15 00:00:00-04:00,15.76528209180538,15.771033876926957,15.282143112001338,15.333908081054688,90498900,0.0,0.0
2004-04-16 00:00:00-04:00,15.391427160093908,15.425936778995181,15.103844442820945,15.213126182556152,63905000,0.0,0.0
2004-04-19 00:00:00-04:00,15.190116397047579,15.379920913559266,15.126847859196744,15.34541130065918,51522500,0.0,0.0
2004-04-20 00:00:00-04:00,15.351171046116647,15.477707090393736,14.971561816243998,14.99456787109375,50610200,0.0,0.0
2004-04-21 00:00:00-04:00,15.029078807916136,15.24189059323694,14.85652954190363,15.115354537963867,61959800,0.0,0.0
2004-04-22 00:00:00-04:00,14.937046740669215,15.385676198590948,14.868027499168065,15.253388404846191,65165300,0.0,0.0
2004-04-23 00:00:00-04:00,15.414433208558561,15.85731085649313,15.328158612776232,15.834304809570312,65204700,0.0,0.0
2004-04-26 00:00:00-04:00,15.84005506621346,15.863061110915059,15.477700263055404,15.615739822387695,56761000,0.0,0.0
2004-04-27 00:00:00-04:00,15.661756410887214,15.6962671309974,15.454697575431789,15.460448265075684,53607000,0.0,0.0
2004-04-28 00:00:00-04:00,15.34541174552489,15.563974096282667,15.115345824453325,15.155607223510742,61432500,0.0,0.0
2004-04-29 00:00:00-04:00,15.20161919667634,15.374168349473543,14.84501622464383,15.029068946838379,76355500,0.0,0.0
2004-04-30 00:00:00-04:00,15.080835451507781,15.155607563182382,14.793252769462729,14.799004554748535,71322000,0.0,0.0
2004-05-03 00:00:00-04:00,14.983058008159489,15.155608283815626,14.729986025795963,14.977307319641113,61588700,0.0,0.0
2004-05-04 00:00:00-04:00,15.138360594812845,15.316661649297965,14.925549906533519,15.115354537963867,60991900,0.0,0.0
2004-05-05 00:00:00-04:00,15.22479846603816,15.31120459300513,14.982860651302543,15.09230899810791,41486800,0.04,0.0
2004-05-06 00:00:00-04:00,14.936774501207195,15.051982282591728,14.850368390490468,14.965576171875,54138700,0.0,0.0
2004-05-07 00:00:00-04:00,14.936773907027147,15.455211649417535,14.936773907027147,15.247836112976074,69608900,0.0,0.0
2004-05-10 00:00:00-04:00,15.14415239515457,15.363047982840966,15.0577451723205,15.293922424316406,71539700,0.0,0.0
2004-05-11 00:00:00-04:00,15.466733772964838,16.002453211496277,15.432171547524746,15.996692657470703,82353000,0.0,0.0
2004-05-12 00:00:00-04:00,15.898764739321866,15.99669195603592,15.449451433449147,15.88148307800293,81059000,0.0,0.0
2004-05-13 00:00:00-04:00,15.777794941459115,15.904524924097831,15.61074328077162,15.806597709655762,59959000,0.0,0.0
2004-05-14 00:00:00-04:00,15.77779530013667,15.835399739126224,15.501295311442757,15.576181411743164,51872800,0.0,0.0
2004-05-17 00:00:00-04:00,15.27664322636365,15.725955551500853,15.230559882792818,15.460976600646973,64859800,0.0,0.0
2004-05-18 00:00:00-04:00,15.668343432620345,15.823873943486232,15.587696802442629,15.639540672302246,55177200,0.0,0.0
2004-05-19 00:00:00-04:00,15.904520917956006,16.10037529750698,15.616499900817871,15.616499900817871,77032600,0.0,0.0
2004-05-20 00:00:00-04:00,15.73746849073332,15.910281763429582,15.685624618795744,15.789312362670898,52381300,0.0,0.0
2004-05-21 00:00:00-04:00,15.973649507558513,15.98517061493614,15.754753960949984,15.869961738586426,46798400,0.0,0.0
2004-05-24 00:00:00-04:00,16.019731992814606,16.083096981333792,15.875721454335153,15.979409217834473,45718100,0.0,0.0
2004-05-25 00:00:00-04:00,15.92756721232738,16.307754990801605,15.829639990677151,16.186786651611328,65523400,0.0,0.0
2004-05-26 00:00:00-04:00,16.16374370937353,16.40568147560095,16.12342093145451,16.342317581176758,50431600,0.0,0.0
2004-05-27 00:00:00-04:00,16.41143259801479,16.440235350485388,16.23285992754775,16.388391494750977,55379500,0.0,0.0
2004-05-28 00:00:00-04:00,16.428718588174476,16.693697388606505,16.41143693212819,16.445999145507812,48045200,0.0,0.0
2004-06-01 00:00:00-04:00,16.342322847032825,16.543936801592384,16.17527002901074,16.31928062438965,51164300,0.0,0.0
2004-06-02 00:00:00-04:00,16.365361615470785,16.371122170302453,16.06581935650495,16.134944915771484,49706200,0.0,0.0
2004-06-03 00:00:00-04:00,16.054292274653296,16.071572832823815,15.760510699911359,15.789312362670898,56286200,0.0,0.0
2004-06-04 00:00:00-04:00,16.3595966044337,16.417201038345976,16.14646162728544,16.20982551574707,62251700,0.0,0.0
2004-06-07 00:00:00-04:00,16.382645433319166,16.572739372896436,16.26167596338074,16.56121826171875,37487500,0.0,0.0
2004-06-08 00:00:00-04:00,16.42872533435161,16.71098590673544,16.376881443636886,16.699464797973633,48237500,0.0,0.0
2004-06-09 00:00:00-04:00,16.578494809725203,16.618817587683445,16.3480770521696,16.35959815979004,46163000,0.0,0.0
2004-06-10 00:00:00-04:00,16.42295401356646,16.520881176416847,16.336547951924988,16.497838973999023,42508600,0.0,0.0
2004-06-14 00:00:00-04:00,16.261670708649802,16.33079625466533,16.042775160574983,16.12342071533203,37832900,0.0,0.0
2004-06-15 00:00:00-04:00,16.273187183556576,16.50360377349266,16.221343313481835,16.376874923706055,47001700,0.0,0.0
2004-06-16 00:00:00-04:00,16.3307945558127,16.353835669612113,16.186784023748594,16.198305130004883,34035000,0.0,0.0
2004-06-17 00:00:00-04:00,16.117655345898708,16.152218657936128,15.892999311220231,15.916040420532227,38966500,0.0,0.0
2004-06-18 00:00:00-04:00,15.841162675311843,16.071579367210052,15.748995998552559,15.921808242797852,52413700,0.0,0.0
2004-06-21 00:00:00-04:00,16.042773106435725,16.250147520503234,15.84115814664489,15.852679252624512,43528400,0.0,0.0
2004-06-22 00:00:00-04:00,15.904525268743752,16.181025257143638,15.81811806099466,16.152223587036133,46902000,0.0,0.0
2004-06-23 00:00:00-04:00,16.15222616377949,16.45176731630813,16.04853837691003,16.428726196289062,51711400,0.0,0.0
2004-06-24 00:00:00-04:00,16.394162441393675,16.474809106144555,16.060057969464133,16.10038185119629,55033300,0.0,0.0
2004-06-25 00:00:00-04:00,15.996694203108259,16.186788109466082,15.62802640084351,16.00245475769043,68915000,0.0,0.0
2004-06-28 00:00:00-04:00,16.083101844331058,16.111903521250333,15.685632330306452,15.772038459777832,51702300,0.0,0.0
2004-06-29 00:00:00-04:00,15.668348894660815,15.91028667210838,15.639546124301969,15.898765563964844,52663300,0.0,0.0
2004-06-30 00:00:00-04:00,15.973650569471147,16.071577791264527,15.73747334609535,15.898765563964844,50573400,0.0,0.0
2004-07-01 00:00:00-04:00,15.777795065085538,15.829638949532459,15.374566195592376,15.56466007232666,68757000,0.0,0.0
2004-07-02 00:00:00-04:00,15.455218444178113,15.472500112717068,15.121113876754562,15.167197227478027,46758300,0.0,0.0
2004-07-06 00:00:00-04:00,14.98861765657723,15.138388753916686,14.792763229188193,15.040461540222168,60479300,0.0,0.0
2004-07-07 00:00:00-04:00,15.046223755027729,15.31120265739007,15.011660429639564,15.172952651977539,45902500,0.0,0.0
2004-07-08 00:00:00-04:00,15.132632159362332,15.293923307376678,15.051985486641618,15.103829383850098,47125200,0.0,0.0
2004-07-09 00:00:00-04:00,15.236313606680389,15.397604687504568,15.201750290463991,15.305438041687012,38190800,0.0,0.0
2004-07-12 00:00:00-04:00,15.011662927277301,15.161434066071449,14.79276732363266,15.115350723266602,59662200,0.0,0.0
2004-07-13 00:00:00-04:00,15.184474985748032,15.2593599993718,15.005901086305995,15.057744979858398,77788900,0.0,0.0
2004-07-14 00:00:00-04:00,13.882615058572883,13.922937830443434,13.39297904575948,13.467864036560059,283538400,0.0,0.0
2004-07-15 00:00:00-04:00,13.519706200684697,13.577310624075446,13.329612372594312,13.335372924804688,95308000,0.0,0.0
2004-07-16 00:00:00-04:00,13.50819019441326,13.519710203531803,13.047355769558731,13.093439102172852,85373900,0.0,0.0
2004-07-19 00:00:00-04:00,13.156799808296876,13.39297694830544,13.110716490702838,13.197122573852539,58998200,0.0,0.0
2004-07-20 00:00:00-04:00,13.237454939262824,13.404507773384186,13.22593382683092,13.387226104736328,60254800,0.0,0.0
2004-07-21 00:00:00-04:00,13.531235414133343,13.54851708112106,12.966714143765046,12.995515823364258,72208300,0.0,0.0
2004-07-22 00:00:00-04:00,12.949427139932812,13.531229837510612,12.937906033355858,13.404500961303711,75064700,0.0,0.0
2004-07-23 00:00:00-04:00,13.272016000884964,13.341140466196524,13.035837631382023,13.058879852294922,75635600,0.0,0.0
2004-07-26 00:00:00-04:00,13.16832365757071,13.300813085934488,13.053114790211573,13.231687545776367,81010800,0.0,0.0
2004-07-27 00:00:00-04:00,13.364178186997568,13.502428169781423,13.237448212077473,13.404500961303711,87134700,0.0,0.0
2004-07-28 00:00:00-04:00,13.318095118499308,13.571552875843993,13.145281812622605,13.513948440551758,78531400,0.0,0.0
2004-07-29 00:00:00-04:00,13.652202211478366,14.084233913123715,13.606118873918067,13.963264465332031,104103900,0.0,0.0
2004-07-30 00:00:00-04:00,13.750126635226382,14.19367825671378,13.738605528508991,14.043907165527344,83593700,0.0,0.0
2004-08-02 00:00:00-04:00,13.848050398191893,14.366487985592762,13.790445977655589,14.343445777893066,67142500,0.0,0.0
2004-08-03 00:00:00-04:00,14.274328309248618,14.395296662490829,13.888379931878495,13.922942161560059,59729200,0.0,0.0
2004-08-04 00:00:00-04:00,13.87101340202485,14.003722495673806,13.674834263354729,13.830622673034668,56196400,0.04,0.0
2004-08-05 00:00:00-04:00,13.876783535108306,13.969103007816097,13.415186171569353,13.657525062561035,55750000,0.0,0.0
2004-08-06 00:00:00-04:00,13.415179058317623,13.542117990849125,13.092061075170125,13.13822078704834,55989300,0.0,0.0
2004-08-09 00:00:00-04:00,13.230544563139583,13.265164083303134,12.999745927824735,13.022825241088867,44138600,0.0,0.0
2004-08-10 00:00:00-04:00,13.080524236969238,13.115143754650019,12.809335997489647,13.005515098571777,56624800,0.0,0.0
2004-08-11 00:00:00-04:00,12.786255836486815,12.843955767444509,12.584306628402208,12.786255836486816,60898200,0.0,0.0
2004-08-12 00:00:00-04:00,12.665081394322623,12.722780199335427,12.226563652913521,12.255413055419922,70257800,0.0,0.0
2004-08-13 00:00:00-04:00,12.405436332993002,12.497755771149258,12.134248120975812,12.440055847167969,71215300,0.0,0.0
2004-08-16 00:00:00-04:00,12.445826108353938,12.647775294596858,12.313117051878558,12.35927677154541,59703500,0.0,0.0
2004-08-17 00:00:00-04:00,12.520832140861906,12.613151549229482,12.399662229545612,12.411202430725098,57635800,0.0,0.0
2004-08-18 00:00:00-04:00,12.347736803376742,12.832414419444097,12.330427596003688,12.820874214172363,61340100,0.0,0.0
2004-08-19 00:00:00-04:00,12.792026484500715,12.849726417916086,12.543917541188907,12.69970703125,57308500,0.0,0.0
2004-08-20 00:00:00-04:00,12.647770931406901,12.665081233010762,12.468902216970262,12.474672317504883,58080900,0.0,0.0
2004-08-23 00:00:00-04:00,12.590074938076576,12.751634501636792,12.55545542464742,12.630464553833008,50437200,0.0,0.0
2004-08-24 00:00:00-04:00,12.79779728084125,12.809337488256114,12.440058554723699,12.503528594970703,52267600,0.0,0.0
2004-08-25 00:00:00-04:00,12.5150673686136,12.768945299446932,12.422747920940639,12.66508674621582,60583200,0.0,0.0
2004-08-26 00:00:00-04:00,12.613157628263531,12.642007044582348,12.520838175401696,12.561227798461914,44164900,0.0,0.0
2004-08-27 00:00:00-04:00,12.613156363584666,12.849725075390005,12.59007595241606,12.705475807189941,47383800,0.0,0.0
2004-08-30 00:00:00-04:00,12.688162260743555,12.717012767341549,12.445823507991886,12.463133811950684,43030700,0.0,0.0
2004-08-31 00:00:00-04:00,12.347741144146237,12.399670985590097,12.036163196018014,12.284272193908691,79067200,0.0,0.0
2004-09-01 00:00:00-04:00,12.174641281664396,12.520839825796692,12.134251653280346,12.365050315856934,61731300,0.0,0.0
2004-09-02 00:00:00-04:00,12.347733972200626,12.532372812074875,12.266954754889214,12.480443000793457,71285400,0.0,0.0
2004-09-03 00:00:00-04:00,11.522634515195154,11.643804508173924,11.453395462522915,11.568794250488281,172209600,0.0,0.0
2004-09-07 00:00:00-04:00,11.672650031879954,11.68419023698304,11.384151507510003,11.476470947265625,77890100,0.0,0.0
2004-09-08 00:00:00-04:00,11.47070693998395,11.574566640031312,11.361078234854059,11.378387451171875,75333400,0.0,0.0
2004-09-09 00:00:00-04:00,11.48224059112053,11.73034948825267,11.372610848089808,11.638030052185059,95633700,0.0,0.0
2004-09-10 00:00:00-04:00,11.661111363751628,11.943840923369303,11.528402289178224,11.868830680847168,67196300,0.0,0.0
2004-09-13 00:00:00-04:00,11.984229069403575,12.220797773376358,11.886139526253798,12.001538276672363,81674100,0.0,0.0
2004-09-14 00:00:00-04:00,12.018846690096437,12.093855811019035,11.85728714433359,11.984227180480957,52849200,0.0,0.0
2004-09-15 00:00:00-04:00,11.891908754882378,11.897678857059423,11.655340068295748,11.782279014587402,59712200,0.0,0.0
2004-09-16 00:00:00-04:00,11.811131817208203,11.886142066519016,11.58033316651104,11.603413581848145,57764200,0.0,0.0
2004-09-17 00:00:00-04:00,11.707273333300472,11.897682359050615,11.482243684297732,11.880372047424316,93816900,0.0,0.0
2004-09-20 00:00:00-04:00,11.811127856591481,12.261185899934402,11.799588753327106,12.07077693939209,74890500,0.0,0.0
2004-09-21 00:00:00-04:00,12.209258057390032,12.318887810134813,12.105398407477566,12.163098335266113,59345700,0.0,0.0
2004-09-22 00:00:00-04:00,12.116937237114913,12.145786647465687,11.782279014587402,11.782279014587402,62599600,0.0,0.0
2004-09-23 00:00:00-04:00,11.811128005998759,11.891908333077687,11.695729268154377,11.759198188781738,68326100,0.0,0.0
2004-09-24 00:00:00-04:00,11.799590161262408,11.943839424355913,11.580330665060941,11.614950180053711,62089700,0.0,0.0
2004-09-27 00:00:00-04:00,11.52262954552336,11.782278632395723,11.453390522713681,11.493780136108398,56423800,0.0,0.0
2004-09-28 00:00:00-04:00,11.591870553970807,11.741889915559154,11.332221447272802,11.355301856994629,78060400,0.0,0.0
2004-09-29 00:00:00-04:00,11.407240625222757,11.689969262856854,11.37839009044252,11.580339431762695,63569000,0.0,0.0
2004-09-30 00:00:00-04:00,11.638034026775578,11.759202915295164,11.4418548829997,11.574563980102539,72528600,0.0,0.0
2004-10-01 00:00:00-04:00,11.713042576671828,12.070781320536167,11.672652949250896,12.030391693115234,73823500,0.0,0.0
2004-10-04 00:00:00-04:00,12.2150293041768,12.318888963815867,12.030390398389429,12.191948890686035,74330300,0.0,0.0
2004-10-05 00:00:00-04:00,12.140019090015516,12.393897012800473,12.105398472834718,12.3015775680542,72053700,0.0,0.0
2004-10-06 00:00:00-04:00,12.2150293041768,12.29003844695241,12.082320228208964,12.191948890686035,57720900,0.0,0.0
2004-10-07 00:00:00-04:00,12.180403948582782,12.445821973350991,12.168863747366558,12.255413055419922,74716700,0.0,0.0
2004-10-08 00:00:00-04:00,12.145784917808161,12.272724946556995,11.822666945649345,11.85728645324707,67165500,0.0,0.0
2004-10-11 00:00:00-04:00,11.932300173790429,12.024619621513267,11.718810763097224,11.891910552978516,49603700,0.0,0.0
2004-10-12 00:00:00-04:00,11.724577336331324,11.839977161509774,11.666877423742099,11.701498031616211,78499600,0.0,0.0
2004-10-13 00:00:00-04:00,12.324659240720242,12.422748798367724,12.036160671231732,12.111169815063477,149009700,0.0,0.0
2004-10-14 00:00:00-04:00,12.105395704140395,12.145785314412327,11.79958802606186,11.834207534790039,83884100,0.0,0.0
2004-10-15 00:00:00-04:00,11.926530070740924,12.018849518463762,11.759200383909137,11.891910552978516,69746900,0.0,0.0
2004-10-18 00:00:00-04:00,11.863057453226848,12.001536594641825,11.741888617189138,11.995767593383789,60292700,0.0,0.0
2004-10-19 00:00:00-04:00,12.151557642697584,12.295806906121697,11.978458966802467,12.001538276672363,84806900,0.0,0.0
2004-10-20 00:00:00-04:00,11.96114834206675,12.382355915976207,11.96114834206675,12.3765869140625,81351700,0.0,0.0
2004-10-21 00:00:00-04:00,12.486215634435128,12.642005099875043,12.353506578927579,12.515066146850586,76560700,0.0,0.0
2004-10-22 00:00:00-04:00,12.486217215961107,12.561227457207703,12.26695879650457,12.290038108825684,58136500,0.0,0.0
2004-10-25 00:00:00-04:00,12.243872313747424,12.434281223273661,12.243872313747424,12.295802116394043,60217200,0.0,0.0
2004-10-26 00:00:00-04:00,12.347736358642578,12.382355872676326,12.232337611685251,12.347736358642578,58924900,0.0,0.0
2004-10-27 00:00:00-04:00,12.324657625897089,12.820874352037539,12.295807112407518,12.69393539428711,63922000,0.0,0.0
2004-10-28 00:00:00-04:00,12.66508024695048,13.045898048313054,12.6593101468651,12.849719047546387,66702100,0.0,0.0
2004-10-29 00:00:00-04:00,12.884342745853841,12.982432278199392,12.792023315473845,12.843953132629395,62332400,0.0,0.0
2004-11-01 00:00:00-05:00,12.80356849879418,12.976667222942265,12.78048808195585,12.9478178024292,49790900,0.0,0.0
2004-11-02 00:00:00-05:00,12.890120339579987,13.172848897007865,12.843960597561864,13.045909881591797,70811600,0.0,0.0
2004-11-03 00:00:00-05:00,13.294454747754196,13.363817605444671,12.953422994286901,13.103708267211914,85151700,0.04,0.0
2004-11-04 00:00:00-05:00,12.993883308271164,13.225090980529785,12.993883308271164,13.225090980529785,61146600,0.0,0.0
2004-11-05 00:00:00-05:00,13.381157767896866,13.514102053509074,13.363817879981944,13.502542495727539,73254400,0.0,0.0
2004-11-08 00:00:00-05:00,13.421612632193595,13.531436647845679,13.363811563151708,13.427392959594727,51251300,0.0,0.0
2004-11-09 00:00:00-05:00,13.410058234153668,13.438958779782798,13.282893187421143,13.34069538116455,47597700,0.0,0.0
2004-11-10 00:00:00-05:00,13.242432039894913,13.317575222832307,13.028565355348812,13.213531494140625,88258000,0.0,0.0
2004-11-11 00:00:00-05:00,13.311801586382327,13.450526260227202,13.230878033108535,13.39272403717041,67583100,0.0,0.0
2004-11-12 00:00:00-05:00,13.479414429416135,13.73374331558003,13.225085543252238,13.693282127380371,92808700,0.0,0.0
2004-11-15 00:00:00-05:00,13.618138273138866,13.751083587844759,13.53143557397216,13.739522933959961,66704100,0.0,0.0
2004-11-16 00:00:00-05:00,13.658607372430739,13.803112322256428,13.560343962449858,13.77999210357666,61415500,0.0,0.0
2004-11-17 00:00:00-05:00,13.866691453815925,14.184602926993579,13.849350467192961,14.057437896728516,80856100,0.0,0.0
2004-11-18 00:00:00-05:00,14.022759319066267,14.444713473527559,13.993857669968463,14.33488941192627,66373900,0.0,0.0
2004-11-19 00:00:00-05:00,14.265523878599199,14.294424417552976,13.93605288359261,13.964953422546387,80311000,0.0,0.0
2004-11-22 00:00:00-05:00,13.849346715175342,13.941830849623994,13.768424337828064,13.930270195007324,58668000,0.0,0.0
2004-11-23 00:00:00-05:00,13.71640714970899,13.83201153014091,13.381155769438518,13.508320808410645,92066600,0.0,0.0
2004-11-24 00:00:00-05:00,13.606586786427291,13.687509206614703,13.473641392924034,13.647047996520996,52012100,0.0,0.0
2004-11-26 00:00:00-05:00,13.519882936939934,13.652828330478139,13.398499306626913,13.415839195251465,23031100,0.0,0.0
2004-11-29 00:00:00-05:00,13.467851838076939,13.641258322903335,13.161502255774014,13.329127311706543,66808800,0.0,0.0
2004-11-30 00:00:00-05:00,13.31757790998049,13.346478461566173,12.918743903682875,12.936083793640137,88946000,0.0,0.0
2004-12-01 00:00:00-05:00,13.00544469584932,13.352256774902344,12.976544148630405,13.352256774902344,84149400,0.0,0.0
2004-12-02 00:00:00-05:00,13.358036008709867,13.525661153297971,13.080585706743332,13.126827239990234,109438600,0.0,0.0
2004-12-03 00:00:00-05:00,14.121018364733855,14.161479558503432,13.814667593716583,13.82044792175293,142326300,0.0,0.0
2004-12-06 00:00:00-05:00,13.82622542184537,13.982290939451353,13.704840762879178,13.878247261047363,63400700,0.0,0.0
2004-12-07 00:00:00-05:00,13.855136663328548,14.016982632891757,13.560346380812772,13.571907043457031,68931000,0.0,0.0
2004-12-08 00:00:00-05:00,13.577683040933055,13.59502402936439,13.294453511465269,13.300233840942383,78960300,0.0,0.0
2004-12-09 00:00:00-05:00,13.190410169208748,13.358036421461474,13.034344576246243,13.155729293823242,112089700,0.0,0.0
2004-12-10 00:00:00-05:00,13.103712208359344,13.236656531225528,13.00544877352661,13.040129661560059,73460100,0.0,0.0
2004-12-13 00:00:00-05:00,13.097924557957679,13.18462728083772,12.97076063789928,13.080583572387695,57206500,0.0,0.0
2004-12-14 00:00:00-05:00,13.248212757464545,13.467859778090032,13.207751551229732,13.433178901672363,76379900,0.0,0.0
2004-12-15 00:00:00-05:00,13.450517968402464,13.560340911773674,13.323352935573658,13.375374794006348,64347800,0.0,0.0
2004-12-16 00:00:00-05:00,13.300234123601474,13.514100806374167,13.190410066172578,13.219311714172363,63974700,0.0,0.0
2004-12-17 00:00:00-05:00,13.149943137641209,13.352250175640314,13.011218595080736,13.161503791809082,93531700,0.0,0.0
2004-12-20 00:00:00-05:00,13.178848105278682,13.340694010636291,13.097925703842394,13.121047019958496,50719500,0.0,0.0
2004-12-21 00:00:00-05:00,13.329138531101805,13.583467594763519,13.282896983389263,13.57768726348877,67182000,0.0,0.0
2004-12-22 00:00:00-05:00,13.560341795547036,13.762648913471972,13.514100263091485,13.55456256866455,55746800,0.0,0.0
2004-12-23 00:00:00-05:00,13.519880710166714,13.641265422972523,13.496760494980197,13.606584548950195,35032100,0.0,0.0
2004-12-27 00:00:00-05:00,13.670165618033238,13.699067264383757,13.438957959654477,13.508320808410645,38878600,0.0,0.0
2004-12-28 00:00:00-05:00,13.502537488536017,13.606581187383648,13.4389549831325,13.45629596710205,41466900,0.0,0.0
2004-12-29 00:00:00-05:00,13.386942956155988,13.606591170994184,13.369601959462768,13.43896484375,48375600,0.0,0.0
2004-12-30 00:00:00-05:00,13.427404179287853,13.543008618938025,13.39272328838706,13.43896484375,32584800,0.0,0.0
2004-12-31 00:00:00-05:00,13.496756272149813,13.577678653711496,13.433173770931486,13.519876480102539,31951800,0.0,0.0
2005-01-03 00:00:00-05:00,13.664379394287353,13.751083193451956,13.32334783185937,13.334908485412598,64246900,0.0,0.0
2005-01-04 00:00:00-05:00,13.404274446567452,13.415834000345946,12.918737908355201,13.069023132324219,93729100,0.0,0.0
2005-01-05 00:00:00-05:00,12.988104600222552,13.167291533269026,12.930303501805271,12.941863059997559,73848800,0.0,0.0
2005-01-06 00:00:00-05:00,13.051682669716433,13.138385390188112,12.95341929251922,12.982319831848145,63440900,0.0,0.0
2005-01-07 00:00:00-05:00,13.138388966880894,13.253993360637645,12.9881036959912,13.178850173950195,82523000,0.0,0.0
2005-01-10 00:00:00-05:00,13.242431969381112,13.306014492684161,13.149948900477662,13.225090980529785,65393900,0.0,0.0
2005-01-11 00:00:00-05:00,13.126828664612994,13.167290975269786,12.947642841645283,13.028566360473633,114083400,0.0,0.0
2005-01-12 00:00:00-05:00,13.421617061110346,13.485199581019293,13.219311047736582,13.38693618774414,143219700,0.0,0.0
2005-01-13 00:00:00-05:00,13.358036871919063,13.415837965349018,13.14994940761863,13.190410614013672,73856600,0.0,0.0
2005-01-14 00:00:00-05:00,13.271332084396716,13.369595479729146,13.236651210304421,13.306014060974121,65148200,0.0,0.0
2005-01-18 00:00:00-05:00,13.219309196363447,13.265550721870591,13.086363845856091,13.259770393371582,63728200,0.0,0.0
2005-01-19 00:00:00-05:00,13.27132340113728,13.277103726784855,13.034335562008716,13.063237190246582,71776900,0.0,0.0
2005-01-20 00:00:00-05:00,13.017002556202293,13.196188335890064,12.947639714315269,13.05168342590332,68547100,0.0,0.0
2005-01-21 00:00:00-05:00,13.051681995780186,13.1268240556463,12.936077639464017,12.959198951721191,80971200,0.0,0.0
2005-01-24 00:00:00-05:00,12.999660234306544,13.028561874825035,12.652848265478633,12.710650444030762,83759500,0.0,0.0
2005-01-25 00:00:00-05:00,12.843595071772954,13.028562269236211,12.814694532864419,12.866716384887695,94826800,0.0,0.0
2005-01-26 00:00:00-05:00,12.999660145686395,13.057462323844478,12.88983611743452,12.959198951721191,69891500,0.0,0.0
2005-01-27 00:00:00-05:00,12.936079638939825,13.017003141863091,12.814696038282458,12.895618438720703,78986900,0.0,0.0
2005-01-28 00:00:00-05:00,12.918743246431944,13.045907210418916,12.762677629844308,12.8551607131958,76572300,0.0,0.0
2005-01-31 00:00:00-05:00,12.976537704467773,13.034338770201533,12.87249402217155,12.976537704467773,60540400,0.0,0.0
2005-02-01 00:00:00-05:00,12.999661178030983,13.149946412182691,12.941858995282642,13.080583572387695,67031800,0.0,0.0
2005-02-02 00:00:00-05:00,13.09792495299968,13.15572713749137,13.00544189880696,13.05168342590332,73565400,0.0,0.0
2005-02-03 00:00:00-05:00,13.045884283860099,13.132895297016361,12.86026049408539,12.982075691223145,60735900,0.08,0.0
2005-02-04 00:00:00-05:00,12.98207556928901,13.353324251756536,12.976275794017452,13.34172248840332,67594800,0.0,0.0
2005-02-07 00:00:00-05:00,13.301120122030595,13.446138874156693,13.272115707762211,13.289518356323242,53757300,0.0,0.0
2005-02-08 00:00:00-05:00,13.312714066017497,13.631754690684431,13.301112307126612,13.579547882080078,85233700,0.0,0.0
2005-02-09 00:00:00-05:00,13.585347929923316,13.62015209806087,13.434528392787842,13.515738487243652,69909500,0.0,0.0
2005-02-10 00:00:00-05:00,13.596953558162298,13.683964556474127,13.469336394660399,13.631757736206055,74162700,0.0,0.0
2005-02-11 00:00:00-05:00,13.475140732270456,14.119024276486552,13.446137427527724,14.020411491394043,101956900,0.0,0.0
2005-02-14 00:00:00-05:00,13.944998460922346,14.148023751981771,13.921794938284208,14.101617813110352,59197400,0.0,0.0
2005-02-15 00:00:00-05:00,14.032011053614953,14.287243193228315,14.014608409657459,14.19443130493164,80599700,0.0,0.0
2005-02-16 00:00:00-05:00,14.101622587935353,14.153829425143599,13.997208913518858,14.003009796142578,85307400,0.0,0.0
2005-02-17 00:00:00-05:00,14.03781511171216,14.107423490484653,13.660765485474439,13.707171440124512,80239800,0.0,0.0
2005-02-18 00:00:00-05:00,13.730371826756839,13.968202428182137,13.71296918284585,13.933398246765137,58126700,0.0,0.0
2005-02-22 00:00:00-05:00,13.788383165851888,14.159630815849377,13.712972795442855,13.78258228302002,80059700,0.0,0.0
2005-02-23 00:00:00-05:00,13.875390469365843,13.881191350639922,13.370724862570842,13.521544456481934,92071900,0.0,0.0
2005-02-24 00:00:00-05:00,13.521547936548401,13.759378597971638,13.42873602508593,13.747777938842773,78619300,0.0,0.0
2005-02-25 00:00:00-05:00,13.724572355818585,13.991407391182719,13.672365525125715,13.974004745483398,73552200,0.0,0.0
2005-02-28 00:00:00-05:00,14.01460548585915,14.206030103835683,13.840583508209482,13.915992736816406,78925000,0.0,0.0
2005-03-01 00:00:00-05:00,14.130625886133657,14.362655640748919,14.113223239635584,14.281445503234863,84308400,0.0,0.0
2005-03-02 00:00:00-05:00,14.153825934006743,14.385855649697682,14.124822634447236,14.223435401916504,78910100,0.0,0.0
2005-03-03 00:00:00-05:00,14.211836814880371,14.269844533365005,14.055216306893419,14.211836814880371,85790700,0.0,0.0
2005-03-04 00:00:00-05:00,14.327851611871864,14.50767453537745,14.206035297854744,14.31624984741211,66040200,0.0,0.0
2005-03-07 00:00:00-05:00,14.316251879282191,14.774510576430494,14.24084150599613,14.56568431854248,88515000,0.0,0.0
2005-03-08 00:00:00-05:00,14.484468442384607,14.751303445697467,14.374255018742625,14.385855674743652,55791600,0.0,0.0
2005-03-09 00:00:00-05:00,14.426461213711486,14.63528739588295,14.356851748717723,14.409058570861816,64168700,0.0,0.0
2005-03-10 00:00:00-05:00,14.461265713952631,14.57148024163676,14.119021475147921,14.414859771728516,81906000,0.0,0.0
2005-03-11 00:00:00-05:00,14.536678829251457,14.559882359749823,13.921799654312775,14.03781509399414,114213100,0.0,0.0
2005-03-14 00:00:00-05:00,14.066821732064284,14.171235431224073,13.985611568898,14.078423500061035,45827400,0.0,0.0
2005-03-15 00:00:00-05:00,14.124824993603257,14.16543006233049,13.82318575962218,13.852189064025879,47097500,0.0,0.0
2005-03-16 00:00:00-05:00,13.666566059292263,13.945002887306279,13.637562753193299,13.6549654006958,59791000,0.0,0.0
2005-03-17 00:00:00-05:00,13.637555570129873,13.730367428447694,13.544743711812052,13.579547882080078,49047800,0.0,0.0
2005-03-18 00:00:00-05:00,13.695563258179668,13.724566549002253,13.556345470702935,13.579547882080078,62777800,0.0,0.0
2005-03-21 00:00:00-05:00,13.608554213240302,13.724569615259323,13.486739036884714,13.631757736206055,39608900,0.0,0.0
2005-03-22 00:00:00-05:00,13.672365652767107,13.724572483947368,13.34172312622886,13.353324890136719,49092300,0.0,0.0
2005-03-23 00:00:00-05:00,13.353320360234266,13.637556841123457,13.31851508031783,13.567947387695312,54286400,0.0,0.0
2005-03-24 00:00:00-05:00,13.643362998479796,13.695569832143775,13.446137428283691,13.446137428283691,34664000,0.0,0.0
2005-03-28 00:00:00-05:00,13.53894200360506,13.718764829787736,13.498336956377154,13.515738487243652,42922000,0.0,0.0
2005-03-29 00:00:00-05:00,13.538943559888592,13.573747732026838,13.370721366145144,13.428729057312012,53920200,0.0,0.0
2005-03-30 00:00:00-05:00,13.504141361845665,13.654960938365122,13.3417200241159,13.625956535339355,62360100,0.0,0.0
2005-03-31 00:00:00-05:00,13.637560022531565,13.654962666549519,13.417130957257408,13.475138664245605,41543800,0.0,0.0
2005-04-01 00:00:00-05:00,13.53894449414948,13.596952189319195,13.283711299245594,13.347519874572754,68253800,0.0,0.0
2005-04-04 00:00:00-04:00,13.399730676239809,13.40553155812312,13.138696523516238,13.301117897033691,60426700,0.0,0.0
2005-04-05 00:00:00-04:00,13.341722176726043,13.486740896038281,13.324319532102765,13.417131423950195,48086400,0.0,0.0
2005-04-06 00:00:00-04:00,13.463531762863056,13.521539447711126,13.341716620446215,13.370719909667969,53942200,0.0,0.0
2005-04-07 00:00:00-04:00,13.353319115730965,13.58534876152552,13.353319115730965,13.579547882080078,53264800,0.0,0.0
2005-04-08 00:00:00-04:00,13.562152553457633,13.747777476545815,13.486743292832138,13.509946823120117,45961000,0.0,0.0
2005-04-11 00:00:00-04:00,13.515740838310109,13.538944358707774,13.37072215503895,13.411328315734863,41972300,0.0,0.0
2005-04-12 00:00:00-04:00,13.411327065902741,13.486736287358097,13.132890379102657,13.46933364868164,84545900,0.0,0.0
2005-04-13 00:00:00-04:00,13.422929384474866,13.446132905589826,13.167697290639001,13.237305641174316,54061100,0.0,0.0
2005-04-14 00:00:00-04:00,13.190910568966851,13.22571477289815,13.034289991667452,13.045891761779785,68014000,0.0,0.0
2005-04-15 00:00:00-04:00,12.889267301427395,13.051688714851476,12.726846994408675,12.831260681152344,92484400,0.0,0.0
2005-04-18 00:00:00-04:00,12.89506276027189,13.045882343634734,12.819653521792914,12.883460998535156,53761600,0.0,0.0
2005-04-19 00:00:00-04:00,13.057481158526025,13.161894777782503,12.93566490059192,13.127089500427246,83774200,0.0,0.0
2005-04-20 00:00:00-04:00,13.573745309791125,13.596948824679076,13.12708760583843,13.144490242004395,110176600,0.0,0.0
2005-04-21 00:00:00-04:00,13.330115743061633,13.567946270890667,13.301112451923316,13.550544738769531,87063100,0.0,0.0
2005-04-22 00:00:00-04:00,13.498340599731897,13.521543015951343,13.376524318764034,13.480937957763672,65435600,0.0,0.0
2005-04-25 00:00:00-04:00,13.533141952921167,13.660757981507016,13.463532505980488,13.579547882080078,53857700,0.0,0.0
2005-04-26 00:00:00-04:00,13.47513693106599,13.863787079572038,13.45193451509801,13.52734375,71256500,0.0,0.0
2005-04-27 00:00:00-04:00,13.446136174307304,13.701369436594433,13.399730227201012,13.637560844421387,56785200,0.0,0.0
2005-04-28 00:00:00-04:00,13.544747653454348,13.70136812484536,13.411330706597536,13.451935768127441,57393400,0.0,0.0
2005-04-29 00:00:00-04:00,13.591155215271531,13.68396711165539,13.376527013380686,13.643362045288086,55078900,0.0,0.0
2005-05-02 00:00:00-04:00,13.631766147387273,13.672371231226942,13.544755095387188,13.66076946258545,41187800,0.0,0.0
2005-05-03 00:00:00-04:00,13.608557703849247,13.86959187214514,13.585355281336922,13.823185920715332,67738300,0.0,0.0
2005-05-04 00:00:00-04:00,13.863927841843804,14.08509943947896,13.776623731253926,14.032716751098633,62027600,0.08,0.0
2005-05-05 00:00:00-04:00,14.044354592632999,14.248064896647842,14.026894438946941,14.12001895904541,64257800,0.0,0.0
2005-05-06 00:00:00-04:00,14.224779514396864,14.25970092009907,14.149115173555368,14.253880500793457,54715400,0.0,0.0
2005-05-09 00:00:00-04:00,14.207332284464917,14.43432331085205,14.166590419229541,14.43432331085205,57982700,0.0,0.0
2005-05-10 00:00:00-04:00,14.323733547940561,14.451779523847371,14.08510175503613,14.358654975891113,59638900,0.0,0.0
2005-05-11 00:00:00-04:00,14.39939454579749,14.434315968216017,14.178224056970807,14.416855812072754,58065800,0.0,0.0
2005-05-12 00:00:00-04:00,14.42849482855485,14.579821343243482,13.997792529379362,14.457595825195312,82029500,0.0,0.0
2005-05-13 00:00:00-04:00,14.550718615592952,14.725326794927376,14.492515519104234,14.620562553405762,67874000,0.0,0.0
2005-05-16 00:00:00-04:00,14.591464480895322,14.754432974056401,14.550722635138062,14.742792129516602,45569200,0.0,0.0
2005-05-17 00:00:00-04:00,14.649664714342684,14.969780105350171,14.638023872090676,14.95814037322998,62302100,0.0,0.0
2005-05-18 00:00:00-04:00,14.963958693643272,15.150208826950596,14.899936285759008,15.092005729675293,68753500,0.0,0.0
2005-05-19 00:00:00-04:00,15.097828942933598,15.167671784476806,15.022164569441179,15.138570785522461,51994800,0.0,0.0
2005-05-20 00:00:00-04:00,15.080366176048587,15.359739734670297,15.045444758753833,15.336459159851074,53930700,0.0,0.0
2005-05-23 00:00:00-04:00,15.423758506774904,15.505242158738428,15.254969673271606,15.423758506774902,65404500,0.0,0.0
2005-05-24 00:00:00-04:00,15.353921102531098,15.703138646566343,15.336460946915116,15.691497802734375,76674100,0.0,0.0
2005-05-25 00:00:00-04:00,15.610015424490685,15.743881809382097,15.540172575909105,15.714780807495117,81197900,0.0,0.0
2005-05-26 00:00:00-04:00,15.784618068553126,15.941764966247868,15.75551596888255,15.93012523651123,59779000,0.0,0.0
2005-05-27 00:00:00-04:00,15.8195412370791,15.947587159472917,15.749697300235017,15.941766738891602,49826600,0.0,0.0
2005-05-31 00:00:00-04:00,15.866107129817982,15.935949972545849,15.65657638137044,15.691497802734375,62666000,0.0,0.0
2005-06-01 00:00:00-04:00,15.59836801459445,16.017429370236353,15.58672828481786,15.883563041687012,77530200,0.0,0.0
2005-06-02 00:00:00-04:00,15.825360963569032,16.145476310579358,15.81372012291696,16.05817222595215,54343400,0.0,0.0
2005-06-03 00:00:00-04:00,16.093102791689073,16.15130591792427,15.860291396880589,15.906853675842285,55343100,0.0,0.0
2005-06-06 00:00:00-04:00,15.947589930382497,15.970871616752978,15.685677619506022,15.81372356414795,47224400,0.0,0.0
2005-06-07 00:00:00-04:00,15.889386950517583,15.97669216496691,15.633295059204102,15.633295059204102,60604200,0.0,0.0
2005-06-08 00:00:00-04:00,15.772985458374025,15.831188577951558,15.685681334073811,15.772985458374023,42500000,0.0,0.0
2005-06-09 00:00:00-04:00,15.837001144088676,16.145476769343748,15.74387663648935,16.122196197509766,76005400,0.0,0.0
2005-06-10 00:00:00-04:00,16.011609184355784,16.011609184355784,15.59254893271924,15.703133583068848,74824000,0.0,0.0
2005-06-13 00:00:00-04:00,15.6623981159929,15.796264500884313,15.563453155392278,15.714780807495117,49858500,0.0,0.0
2005-06-14 00:00:00-04:00,15.668213731738687,15.802080075562895,15.53434738791448,15.540167808532715,37499600,0.0,0.0
2005-06-15 00:00:00-04:00,15.633294991252628,15.703137830350212,15.278257043755525,15.67985725402832,60011300,0.0,0.0
2005-06-16 00:00:00-04:00,15.697316980693651,15.889386448172417,15.604192457681636,15.784622192382812,51069500,0.0,0.0
2005-06-17 00:00:00-04:00,15.94176913113316,16.06981618287359,15.749699663654395,15.784622192382812,58919300,0.0,0.0
2005-06-20 00:00:00-04:00,15.668217954664454,15.813725178942493,15.540171996947308,15.656577110290527,35186800,0.0,0.0
2005-06-21 00:00:00-04:00,15.662392954756449,15.86610323123275,15.639112382944935,15.819540977478027,48227300,0.0,0.0
2005-06-22 00:00:00-04:00,15.895202214264744,15.953405301633794,15.74387463115784,15.778797149658203,32816100,0.0,0.0
2005-06-23 00:00:00-04:00,15.802078228639473,16.023249745755265,15.580907821655273,15.580907821655273,61673000,0.0,0.0
2005-06-24 00:00:00-04:00,15.633296296747877,15.650756452914369,15.16185209787653,15.190954208374023,63600500,0.0,0.0
2005-06-27 00:00:00-04:00,15.220053497937677,15.28407702370363,15.027984030771705,15.051265716552734,47178400,0.0,0.0
2005-06-28 00:00:00-04:00,14.998879052940591,15.38883830522172,14.975597373338573,15.324814796447754,55753700,0.0,0.0
2005-06-29 00:00:00-04:00,15.307351680116179,15.38301601951382,15.19094662661962,15.278250694274902,33784300,0.0,0.0
2005-06-30 00:00:00-04:00,15.371377118036518,15.417939367328632,15.138565871575944,15.144386291503906,45129600,0.0,0.0
2005-07-01 00:00:00-04:00,15.266616162106294,15.348100954357612,15.190952901585685,15.254975318908691,30414000,0.0,0.0
2005-07-05 00:00:00-04:00,15.208414516641998,15.575093341653586,15.179313515985465,15.528531074523926,42739100,0.0,0.0
2005-07-06 00:00:00-04:00,15.55180440416494,15.708952398778735,15.400476828995897,15.423758506774902,45479700,0.0,0.0
2005-07-07 00:00:00-04:00,15.289897143212828,15.458684921264648,15.220053197380858,15.458684921264648,45597400,0.0,0.0
2005-07-08 00:00:00-04:00,15.50524365777736,15.877742767333986,15.470322247864166,15.877742767333984,45807100,0.0,0.0
2005-07-11 00:00:00-04:00,15.94176649267084,16.122196197509766,15.912665500345437,16.122196197509766,45578400,0.0,0.0
2005-07-12 00:00:00-04:00,16.087275002390854,16.215322043507587,15.965049492377739,16.15129852294922,40837400,0.0,0.0
2005-07-13 00:00:00-04:00,16.11637531908084,16.180397722403907,16.02907123445363,16.05817222595215,44086700,0.0,0.0
2005-07-14 00:00:00-04:00,16.238605794783034,16.372472172934366,16.13966083916422,16.226964950561523,68554200,0.0,0.0
2005-07-15 00:00:00-04:00,16.27352845445576,16.488879648397003,16.186224336421454,16.471418380737305,43558000,0.0,0.0
2005-07-18 00:00:00-04:00,16.419032756215213,16.483056282737056,16.29680723481739,16.430673599243164,36667600,0.0,0.0
2005-07-19 00:00:00-04:00,16.65765949198077,16.785705387958,16.535432905252584,16.710041046142578,90418200,0.0,0.0
2005-07-20 00:00:00-04:00,15.767161606203675,15.97669234705909,15.627474815677376,15.970871925354004,125881500,0.0,0.0
2005-07-21 00:00:00-04:00,16.01743274660929,16.02907358897129,15.703136663626248,15.73223876953125,62008800,0.0,0.0
2005-07-22 00:00:00-04:00,15.80789700762731,15.854459252165904,15.569265365600588,15.569265365600586,54527900,0.0,0.0
2005-07-25 00:00:00-04:00,15.6274800395165,15.662401471288373,15.383027796848793,15.435410499572754,49767600,0.0,0.0
2005-07-26 00:00:00-04:00,15.516887618217291,15.714777497740121,15.441224363167658,15.65075397491455,51978200,0.0,0.0
2005-07-27 00:00:00-04:00,15.627476911807998,15.790444300881711,15.493610525031139,15.749702453613281,48199200,0.0,0.0
2005-07-28 00:00:00-04:00,15.755508847263437,15.965039429655677,15.691485367058899,15.912656784057617,54438300,0.0,0.0
2005-07-29 00:00:00-04:00,15.883563162561474,15.9126641524218,15.796257972717285,15.796257972717285,41287900,0.0,0.0
2005-08-01 00:00:00-04:00,15.854460386145877,15.935944042383612,15.772976729908143,15.778797149658203,34737200,0.0,0.0
2005-08-02 00:00:00-04:00,15.825360454737872,16.08145228005937,15.8020787741823,16.04071044921875,40887400,0.0,0.0
2005-08-03 00:00:00-04:00,16.03487460919511,16.14578231998682,16.02320099229353,16.13410758972168,32677200,0.08,0.0
2005-08-04 00:00:00-04:00,16.04072136871441,16.081581835209125,15.766371726989744,15.766371726989746,45198700,0.0,0.0
2005-08-05 00:00:00-04:00,15.772197243521743,15.81305767931188,15.544544494548541,15.626266479492188,46185700,0.0,0.0
2005-08-08 00:00:00-04:00,15.684647181562042,15.748855994109277,15.176807368207275,15.5912504196167,27948300,0.0,0.0
2005-08-09 00:00:00-04:00,15.643783516007764,15.87143635312977,15.608760430821226,15.702156066894531,46902400,0.0,0.0
2005-08-10 00:00:00-04:00,15.748850864582089,16.005689371208526,15.637944263867329,15.690478324890137,61089200,0.0,0.0
2005-08-11 00:00:00-04:00,15.480337193733206,15.655453681945799,15.38694158490469,15.6554536819458,58664800,0.0,0.0
2005-08-12 00:00:00-04:00,15.421967478676464,15.497851007208194,15.281874039827644,15.357757568359375,63074500,0.0,0.0
2005-08-15 00:00:00-04:00,15.322728880212399,15.567892586830329,15.311054152906005,15.48617172241211,34077200,0.0,0.0
2005-08-16 00:00:00-04:00,15.28187010459078,15.34024263408719,15.15928768131198,15.176799774169922,57319000,0.0,0.0
2005-08-17 00:00:00-04:00,15.211825596237286,15.281872866967518,15.147616804211804,15.229337692260742,46718500,0.0,0.0
2005-08-18 00:00:00-04:00,15.15928660343055,15.235171220389224,15.065891008222426,15.106751441955566,37985700,0.0,0.0
2005-08-19 00:00:00-04:00,15.14177818080129,15.165126526862384,14.949149594002384,14.972497940063477,38310800,0.0,0.0
2005-08-22 00:00:00-04:00,15.03087527066822,15.31106219297238,15.025037903949734,15.21182918548584,39766100,0.0,0.0
2005-08-23 00:00:00-04:00,15.299380365194166,15.340241913276017,15.007518844789576,15.01335620880127,46010000,0.0,0.0
2005-08-24 00:00:00-04:00,14.98417239495803,15.229336147602341,14.890776785699575,14.902451515197754,47565800,0.0,0.0
2005-08-25 00:00:00-04:00,14.867430612499145,14.978338340516174,14.838244895666959,14.861593246459961,31624200,0.0,0.0
2005-08-26 00:00:00-04:00,14.8732664888243,14.943313760914801,14.774033502824865,14.832406044006348,37205900,0.0,0.0
2005-08-29 00:00:00-04:00,14.803220506417986,15.077570005866013,14.779871044321832,15.019197463989258,37652200,0.0,0.0
2005-08-30 00:00:00-04:00,14.972501956195218,15.001688788304861,14.820733769316487,14.925804138183594,41536900,0.0,0.0
2005-08-31 00:00:00-04:00,14.960821046059376,15.048380392871428,14.861588084587282,15.01335620880127,41497200,0.0,0.0
2005-09-01 00:00:00-04:00,14.931639498290755,14.960825213115006,14.733173520067613,14.744848251342773,49495400,0.0,0.0
2005-09-02 00:00:00-04:00,14.814896477458316,14.838245943263548,14.709827221426195,14.756525039672852,33334500,0.0,0.0
2005-09-06 00:00:00-04:00,14.873266284682042,15.025034444325362,14.844080571173699,15.001686096191406,37063400,0.0,0.0
2005-09-07 00:00:00-04:00,14.960821380778688,15.03086863712283,14.867425781228741,14.978333473205566,35810100,0.0,0.0
2005-09-08 00:00:00-04:00,14.984173914750327,15.2468497882842,14.960824453385717,15.229337692260742,55398500,0.0,0.0
2005-09-09 00:00:00-04:00,15.08924593011855,15.100920662089823,14.703988681976265,14.739011764526367,99695900,0.0,0.0
2005-09-12 00:00:00-04:00,14.779872663758624,14.779872663758624,14.534708851704458,14.587244033813477,50565500,0.0,0.0
2005-09-13 00:00:00-04:00,14.51136062525393,14.69231452442853,14.505523259040071,14.534708976745605,57202700,0.0,0.0
2005-09-14 00:00:00-04:00,14.540540493180847,14.616425110068258,14.26619107168504,14.295376777648926,59291600,0.0,0.0
2005-09-15 00:00:00-04:00,14.365425607630675,14.42379702596615,14.201982741546402,14.330401420593262,51583200,0.0,0.0
2005-09-16 00:00:00-04:00,14.452982491204953,14.546378087806977,14.40628469290394,14.482168197631836,72332800,0.0,0.0
2005-09-19 00:00:00-04:00,14.476339096093183,14.517200667121365,14.272036807772118,14.406292915344238,37848500,0.0,0.0
2005-09-20 00:00:00-04:00,14.44714771316842,14.622264209800806,14.28370483317827,14.289542198181152,41848200,0.0,0.0
2005-09-21 00:00:00-04:00,14.488006375511759,14.49968110408372,14.289540443242004,14.301215171813965,48989500,0.0,0.0
2005-09-22 00:00:00-04:00,14.289545810989475,14.441313999345223,14.190312807578556,14.336243629455566,42372800,0.0,0.0
2005-09-23 00:00:00-04:00,14.31872714345902,14.336238122805328,14.213656813927617,14.231167793273926,41386700,0.0,0.0
2005-09-26 00:00:00-04:00,14.27786885472593,14.301218317004976,14.102752341087651,14.137775421142578,52193800,0.0,0.0
2005-09-27 00:00:00-04:00,14.1494560687331,14.25452646619564,13.892617443087348,13.91012954711914,57300400,0.0,0.0
2005-09-28 00:00:00-04:00,13.980170249938965,14.108588945454196,13.93347244126401,13.980170249938965,68717500,0.0,0.0
2005-09-29 00:00:00-04:00,14.003517993221038,14.312891658192688,13.962657551564384,14.289542198181152,55900900,0.0,0.0
2005-09-30 00:00:00-04:00,14.283707370857217,14.406289830969017,14.260359020061086,14.388777732849121,37520600,0.0,0.0
2005-10-03 00:00:00-04:00,14.44130278785749,14.569721410600645,14.347907223432841,14.35958194732666,49168200,0.0,0.0
2005-10-04 00:00:00-04:00,14.3829360450909,14.546378905008169,14.248680006603536,14.301215171813965,52847800,0.0,0.0
2005-10-05 00:00:00-04:00,14.330407422978757,14.353756890783776,14.050220489501951,14.050220489501953,45711500,0.0,0.0
2005-10-06 00:00:00-04:00,14.079396616565262,14.149442739980882,13.717487934374363,13.869256019592285,61527000,0.0,0.0
2005-10-07 00:00:00-04:00,13.921800391067144,13.986009194504852,13.85759047426564,13.904288291931152,30718200,0.0,0.0
2005-10-10 00:00:00-04:00,13.921794616680236,13.94514295914683,13.618258371071194,13.670793533325195,38495300,0.0,0.0
2005-10-11 00:00:00-04:00,13.729166059536677,13.764189129918234,13.594910028604602,13.670793533325195,41646800,0.0,0.0
2005-10-12 00:00:00-04:00,13.472335398016698,13.594917885238747,13.303056198874986,13.565731048583984,77117900,0.0,0.0
2005-10-13 00:00:00-04:00,13.618262909280814,13.69998380519192,13.373099108183794,13.542379379272461,68060200,0.0,0.0
2005-10-14 00:00:00-04:00,13.559888839721678,13.594913031202076,13.425632779137562,13.55988883972168,44232300,0.0,0.0
2005-10-17 00:00:00-04:00,13.530708137034468,13.705824705824716,13.495685045949216,13.6941499710083,45289800,0.0,0.0
2005-10-18 00:00:00-04:00,13.764186359076701,14.003512666338468,13.705813844616078,13.845907211303711,78862600,0.0,0.0
2005-10-19 00:00:00-04:00,13.419793994725598,13.840074227772822,13.279700583709857,13.828400611877441,91423500,0.0,0.0
2005-10-20 00:00:00-04:00,13.770030246494795,13.880937965184934,13.68830935554608,13.787542343139648,62486500,0.0,0.0
2005-10-21 00:00:00-04:00,13.86926467231735,13.921799854336122,13.501518398185937,13.513193130493164,63304300,0.0,0.0
2005-10-24 00:00:00-04:00,13.577399628924132,13.612422703670719,13.367258953717666,13.484004020690918,53173300,0.0,0.0
2005-10-25 00:00:00-04:00,13.39060943436475,13.600749012244586,13.326399531292923,13.489842414855957,54626000,0.0,0.0
2005-10-26 00:00:00-04:00,13.460651474849547,13.600744855069982,13.419791044788989,13.4664888381958,51506100,0.0,0.0
2005-10-27 00:00:00-04:00,13.448984246626088,13.536542511663049,13.326401784883346,13.332239151000977,41690800,0.0,0.0
2005-10-28 00:00:00-04:00,13.413961765190777,13.641614619433803,13.29721776800112,13.618265151977539,55358800,0.0,0.0
2005-10-31 00:00:00-05:00,13.682471884942448,13.828402682438188,13.670797153935519,13.71749496459961,58127600,0.0,0.0
2005-11-01 00:00:00-05:00,13.53070532451858,13.5832405069084,13.151285428763927,13.221331596374512,84900700,0.0,0.0
2005-11-02 00:00:00-05:00,13.273858379492133,13.659115397663331,13.250510042850603,13.64160442352295,63804900,0.0,0.0
2005-11-03 00:00:00-05:00,13.788041838452756,14.045761432249524,13.782184422613579,13.993045806884766,63945100,0.08,0.0
2005-11-04 00:00:00-05:00,14.045764020154358,14.063336270909543,13.858331147517896,14.051621437072754,37057500,0.0,0.0
2005-11-07 00:00:00-05:00,14.104332143510039,14.379623939347933,14.028187984554929,14.350337982177734,49974300,0.0,0.0
2005-11-08 00:00:00-05:00,14.280050545359181,14.444054815074972,14.18047672395811,14.379624366760254,39967500,0.0,0.0
2005-11-09 00:00:00-05:00,14.350344903248969,14.561207471572441,14.32691523246272,14.526062965393066,39819700,0.0,0.0
2005-11-10 00:00:00-05:00,14.766208801763005,14.83063926744172,14.596348188411833,14.783781051635742,82211500,0.0,0.0
2005-11-11 00:00:00-05:00,14.871637407229926,14.906781900690751,14.678347161946547,14.719347953796387,40317600,0.0,0.0
2005-11-14 00:00:00-05:00,14.760351429084494,14.883353817686043,14.742779180489455,14.859925270080566,31035000,0.0,0.0
2005-11-15 00:00:00-05:00,14.748634606103975,14.85406584906862,14.666633024770478,14.690061569213867,37542700,0.0,0.0
2005-11-16 00:00:00-05:00,14.701771331799227,14.731057281554481,14.414764778885724,14.590482711791992,49435300,0.0,0.0
2005-11-17 00:00:00-05:00,14.731064427247968,14.789637472358256,14.590489789296022,14.707635879516602,39396500,0.0,0.0
2005-11-18 00:00:00-05:00,14.830635919776508,14.883351540307427,14.684203888787897,14.818921089172363,38919000,0.0,0.0
2005-11-21 00:00:00-05:00,14.836501518734037,14.936075399417689,14.684211988442078,14.789643287658691,34916400,0.0,0.0
2005-11-22 00:00:00-05:00,14.690064444986623,15.38122395778038,14.678349611877719,15.322650909423828,86040000,0.0,0.0
2005-11-23 00:00:00-05:00,15.310933830951676,15.767802200507015,15.275790453966746,15.603797912597656,80686900,0.0,0.0
2005-11-25 00:00:00-05:00,15.568656681000242,15.902521601333765,15.545228132177732,15.703373908996582,45653800,0.0,0.0
2005-11-28 00:00:00-05:00,15.779521375877598,15.873237818428695,15.662375264094669,15.73266315460205,78716200,0.0,0.0
2005-11-29 00:00:00-05:00,15.78537630387332,15.89080644722616,15.650657961411241,15.685802459716797,56364700,0.0,0.0
2005-11-30 00:00:00-05:00,15.662378807207357,15.732666713615133,15.592092017987955,15.627235412597656,50114500,0.0,0.0
2005-12-01 00:00:00-05:00,15.779518894654721,15.98452399944512,15.69165988322682,15.920093536376953,49840000,0.0,0.0
2005-12-02 00:00:00-05:00,15.890805377480438,16.101667884367046,15.879091662688413,16.066524505615234,51722600,0.0,0.0
2005-12-05 00:00:00-05:00,15.97867043278404,15.97867043278404,15.691663663804391,15.75609302520752,47747700,0.0,0.0
2005-12-06 00:00:00-05:00,15.838089262789895,15.890803766981175,15.592083402083645,15.621369361877441,50918500,0.0,0.0
2005-12-07 00:00:00-05:00,15.62137920692895,15.633094045104604,15.246513322815664,15.316800117492676,65558600,0.0,0.0
2005-12-08 00:00:00-05:00,15.416368811413479,15.416368811413479,14.842355340543167,15.053217887878418,104607200,0.0,0.0
2005-12-09 00:00:00-05:00,14.807211835806672,15.299223697501334,14.742781365264634,15.27579402923584,80102100,0.0,0.0
2005-12-12 00:00:00-05:00,15.340227214208884,15.709235617181347,15.299226404677308,15.592090606689453,75565800,0.0,0.0
2005-12-13 00:00:00-05:00,15.439800017361133,15.750235334975494,15.410512928877008,15.65066146850586,46475500,0.0,0.0
2005-12-14 00:00:00-05:00,15.621372972970564,15.72680424010051,15.51594170584062,15.597943305969238,107658500,0.0,0.0
2005-12-15 00:00:00-05:00,15.57451242991354,15.75608785330128,15.533511635973197,15.568655014038086,69675900,0.0,0.0
2005-12-16 00:00:00-05:00,15.568660367495006,15.627233429202715,15.45151424407959,15.45151424407959,72050600,0.0,0.0
2005-12-19 00:00:00-05:00,15.44565842879272,15.492516656193866,15.100078582763672,15.100078582763672,45251900,0.0,0.0
2005-12-20 00:00:00-05:00,15.111790707239178,15.287509879344096,15.035646514692084,15.117648124694824,45877700,0.0,0.0
2005-12-21 00:00:00-05:00,15.14107640366673,15.340224110112485,14.994644332291207,15.158647537231445,34541900,0.0,0.0
2005-12-22 00:00:00-05:00,15.164507473829625,15.27579617937901,15.105935529297746,15.211365699768066,26452100,0.0,0.0
2005-12-23 00:00:00-05:00,15.228937953440568,15.316796987426617,15.158650055938791,15.211365699768066,16616900,0.0,0.0
2005-12-27 00:00:00-05:00,15.246510509562661,15.287511318423615,14.895073249458667,14.912644386291504,28968400,0.0,0.0
2005-12-28 00:00:00-05:00,14.947780020645043,15.018066760627454,14.854063622543435,14.900921821594238,26518000,0.0,0.0
2005-12-29 00:00:00-05:00,14.883356589008079,14.965358196678038,14.649065483388117,14.684208869934082,26749300,0.0,0.0
2005-12-30 00:00:00-05:00,14.649061897696798,14.731063485295001,14.567060310098595,14.61977481842041,31681600,0.0,0.0
2006-01-03 00:00:00-05:00,14.754496449405982,15.018073518730562,14.584634703167128,14.977072715759277,56401200,0.0,0.0
2006-01-04 00:00:00-05:00,14.994644482671543,15.193792191114538,14.988787065695211,15.176219940185547,46188800,0.0,0.0
2006-01-05 00:00:00-05:00,15.187931572430141,15.504224202159165,15.176216740947039,15.387079238891602,54876800,0.0,0.0
2006-01-06 00:00:00-05:00,15.510085830797301,15.597944856409464,15.351938914382535,15.41051197052002,45703200,0.0,0.0
2006-01-09 00:00:00-05:00,15.457370369907244,15.527658261518864,15.281652316660399,15.504228591918945,39457800,0.0,0.0
2006-01-10 00:00:00-05:00,15.398796797029195,15.469083563997799,15.182076844968627,15.299222946166992,47031300,0.0,0.0
2006-01-11 00:00:00-05:00,15.305076650986788,15.422222732324602,15.170359439479782,15.310934066772461,52999900,0.0,0.0
2006-01-12 00:00:00-05:00,15.258223925706508,15.533516980634555,15.152793755236187,15.211365699768066,54026700,0.0,0.0
2006-01-13 00:00:00-05:00,15.205501126744856,15.334362025329689,14.95949639421971,15.105928421020508,46308900,0.0,0.0
2006-01-17 00:00:00-05:00,14.98878713300714,15.082503570673172,14.83064022550019,14.947786331176758,88055500,0.0,0.0
2006-01-18 00:00:00-05:00,13.39560608444896,13.506893651855325,13.096884531393307,13.237459182739258,282028400,0.0,0.0
2006-01-19 00:00:00-05:00,13.35460376933606,13.395605685630759,13.114455274121337,13.120312690734863,196293400,0.0,0.0
2006-01-20 00:00:00-05:00,13.143745507516979,13.161316644381074,12.739592601818975,12.745450019836426,155195000,0.0,0.0
2006-01-23 00:00:00-05:00,12.839165503292298,12.845022920867017,12.358868434047155,12.505300521850586,155081900,0.0,0.0
2006-01-24 00:00:00-05:00,12.610732248607832,12.645875638107498,12.440870484514397,12.464300155639648,105641800,0.0,0.0
2006-01-25 00:00:00-05:00,12.534579846899678,12.546294675838096,12.35886188157372,12.423291206359863,110311300,0.0,0.0
2006-01-26 00:00:00-05:00,12.534582767929482,12.73958785337539,12.458438596460462,12.587298393249512,101961600,0.0,0.0
2006-01-27 00:00:00-05:00,12.739588160566893,12.827447165822885,12.62244207543366,12.692729949951172,75188600,0.0,0.0
2006-01-30 00:00:00-05:00,12.786446266971497,12.845019309060735,12.645871636270037,12.681015014648438,60422500,0.0,0.0
2006-01-31 00:00:00-05:00,12.704445678085584,12.716159393674912,12.446724942925329,12.452582359313965,79350800,0.0,0.0
2006-02-01 00:00:00-05:00,12.440867756505371,12.645872865145353,12.43501034000846,12.622443199157715,71658400,0.0,0.0
2006-02-02 00:00:00-05:00,12.628296023656727,12.69858387887307,12.40571986364883,12.417434692382812,87473400,0.0,0.0
2006-02-03 00:00:00-05:00,12.440981266894678,12.458636801016098,12.199694579649956,12.20557975769043,101402300,0.1,0.0
2006-02-06 00:00:00-05:00,12.270314995314903,12.270314995314903,12.064338263874134,12.129074096679688,66858200,0.0,0.0
2006-02-07 00:00:00-05:00,12.134955316859074,12.32327645362217,12.076104680999977,12.164380073547363,95298200,0.0,0.0
2006-02-08 00:00:00-05:00,12.229115885240622,12.264425817763073,12.0878750326683,12.164380073547363,77601800,0.0,0.0
2006-02-09 00:00:00-05:00,12.223236294797452,12.505718129021782,12.193810402180524,12.35859203338623,81803900,0.0,0.0
2006-02-10 00:00:00-05:00,12.370360393644994,12.558681586062947,12.24677390956893,12.529256820678711,83023300,0.0,0.0
2006-02-13 00:00:00-05:00,12.46451785281232,12.617529063763104,12.399782038280144,12.435091972351074,65889500,0.0,0.0
2006-02-14 00:00:00-05:00,12.464517898436897,12.635183515806562,12.435092017867941,12.576333999633789,60125600,0.0,0.0
2006-02-15 00:00:00-05:00,12.564565658569336,12.63518553827355,12.482174302270753,12.564565658569336,67175700,0.0,0.0
2006-02-16 00:00:00-05:00,12.570450835625145,12.623416306644682,12.464519893586074,12.564565658569336,70607000,0.0,0.0
2006-02-17 00:00:00-05:00,12.358590416651552,12.382131127665529,12.099648207912217,12.129074096679688,116649100,0.0,0.0
2006-02-21 00:00:00-05:00,12.158498809313453,12.211464286378304,12.064338210638805,12.13495922088623,67212800,0.0,0.0
2006-02-22 00:00:00-05:00,12.017256705782088,12.034912237193536,11.711234229546898,11.858360290527344,138566500,0.0,0.0
2006-02-23 00:00:00-05:00,11.876019046837184,12.05845509769774,11.69946705222881,11.940754890441895,85297300,0.0,0.0
2006-02-24 00:00:00-05:00,11.881900231612155,12.081991751420071,11.846589171070034,11.981945991516113,73154000,0.0,0.0
2006-02-27 00:00:00-05:00,12.04668114026369,12.235003436065377,12.023141554840189,12.076107025146484,87156900,0.0,0.0
2006-02-28 00:00:00-05:00,12.093759278137622,12.364471758396913,12.064334520981898,12.123185157775879,93248100,0.0,0.0
2006-03-01 00:00:00-05:00,12.19969157457937,12.358587975083424,12.164381637517133,12.240886688232422,80722800,0.0,0.0
2006-03-02 00:00:00-05:00,12.170265846548816,12.26442641955061,11.993713930308525,12.058449745178223,86237800,0.0,0.0
2006-03-03 00:00:00-05:00,11.752429731752219,12.052567040675568,11.687695026089946,11.958406448364258,202812000,0.0,0.0
2006-03-06 00:00:00-05:00,12.023143343217903,12.099648410327418,11.905442031144757,11.946637153625488,81728300,0.0,0.0
2006-03-07 00:00:00-05:00,11.858361557427292,11.887787446256786,11.67004035885008,11.80539608001709,90707500,0.0,0.0
2006-03-08 00:00:00-05:00,11.775965690612793,11.881896594850883,11.664149611418992,11.775965690612793,82850000,0.0,0.0
2006-03-09 00:00:00-05:00,11.799509965999588,11.864245793805015,11.611188782365032,11.62295913696289,69718300,0.0,0.0
2006-03-10 00:00:00-05:00,11.670039071121007,11.78185519136897,11.64061430802127,11.681809425354004,61506700,0.0,0.0
2006-03-13 00:00:00-05:00,11.740661509653034,12.06433843325952,11.587650253362526,11.611189842224121,80524700,0.0,0.0
2006-03-14 00:00:00-05:00,11.611188729353252,11.711234498012693,11.558223256387501,11.628844261169434,69318400,0.0,0.0
2006-03-15 00:00:00-05:00,11.646501179793077,11.752431015855386,11.61119011195605,11.723006248474121,69788800,0.0,0.0
2006-03-16 00:00:00-05:00,11.799510335486271,11.81716586793592,11.55822367108856,11.564108848571777,66058200,0.0,0.0
2006-03-17 00:00:00-05:00,11.622960715940945,11.634731072137804,11.41698397242768,11.499375343322754,110821300,0.0,0.0
2006-03-20 00:00:00-05:00,11.446414329921726,11.740666614778496,11.446414329921726,11.546460151672363,58650100,0.0,0.0
2006-03-21 00:00:00-05:00,11.640613555908203,11.958405242286963,11.534682619621053,11.640613555908203,124284600,0.0,0.0
2006-03-22 00:00:00-05:00,11.569994837303035,11.79362710741425,11.534684892410759,11.758316040039062,84910700,0.0,0.0
2006-03-23 00:00:00-05:00,11.758313010959043,11.86424394082973,11.587647385876087,11.59353256225586,84336400,0.0,0.0
2006-03-24 00:00:00-05:00,11.622963443134008,11.66415857700603,11.364021158460027,11.534687995910645,60424100,0.0,0.0
2006-03-27 00:00:00-05:00,11.5464540770424,11.723004906079098,11.5464540770424,11.62295913696289,60280300,0.0,0.0
2006-03-28 00:00:00-05:00,11.622957782912748,11.687693603176589,11.511141672225024,11.52291202545166,72692200,0.0,0.0
2006-03-29 00:00:00-05:00,11.540567755484542,11.746543328110404,11.481717110813145,11.664153099060059,78986300,0.0,0.0
2006-03-30 00:00:00-05:00,11.711232722403475,11.787738892857913,11.564106680356991,11.59353256225586,70641700,0.0,0.0
2006-03-31 00:00:00-05:00,11.640613780391137,11.699463303923155,11.387556788265698,11.452291488647461,87499200,0.0,0.0
2006-04-03 00:00:00-04:00,11.581763379952724,11.593533733901786,11.381671852749589,11.387557029724121,73344300,0.0,0.0
2006-04-04 00:00:00-04:00,11.411097838331308,11.47583366950766,11.328707596821666,11.358132362365723,67093000,0.0,0.0
2006-04-05 00:00:00-04:00,11.381667719604533,11.493483796550212,11.346357793062545,11.464057922363281,73019400,0.0,0.0
2006-04-06 00:00:00-04:00,11.469945354791452,11.534681168262102,11.375784783824622,11.4052095413208,51707700,0.0,0.0
2006-04-07 00:00:00-04:00,11.452292147824837,11.511142797226924,11.322821617126465,11.322821617126465,54523300,0.0,0.0
2006-04-10 00:00:00-04:00,11.358132042965662,11.458177814478084,11.328707278249054,11.39344310760498,52152400,0.0,0.0
2006-04-11 00:00:00-04:00,11.434635096043188,11.4522895010457,11.252199135294635,11.275738716125488,60169600,0.0,0.0
2006-04-12 00:00:00-04:00,11.263967447515402,11.340473604573285,11.240427868600808,11.252198219299316,44072500,0.0,0.0
2006-04-13 00:00:00-04:00,11.293400793652676,11.528802350903982,11.281630435169319,11.446412086486816,77378500,0.0,0.0
2006-04-17 00:00:00-04:00,11.422868446175663,11.493489456519285,11.175696593697307,11.293397903442383,76273800,0.0,0.0
2006-04-18 00:00:00-04:00,11.334589622894969,11.464060126766121,10.946176988798967,11.411094665527344,78082100,0.0,0.0
2006-04-19 00:00:00-04:00,11.369899962508066,11.534681528081581,11.29928009332126,11.511140823364258,103771800,0.0,0.0
2006-04-20 00:00:00-04:00,11.634733332287862,11.734779134430063,11.416986190278424,11.446412086486816,127052000,0.0,0.0
2006-04-21 00:00:00-04:00,11.487606771953908,11.770088629670038,11.193354556212157,11.216894149780273,92182400,0.0,0.0
2006-04-24 00:00:00-04:00,11.140381915104916,11.328703032674264,11.122726389401889,11.12861156463623,67594200,0.0,0.0
2006-04-25 00:00:00-04:00,11.146266379972587,11.299277558866674,11.034450302611077,11.269851684570312,90281100,0.0,0.0
2006-04-26 00:00:00-04:00,11.269857215136916,11.522914245859106,11.252202804377708,11.469948768615723,85359800,0.0,0.0
2006-04-27 00:00:00-04:00,11.411097125223526,11.88778637912431,11.29928212515742,11.81716537475586,134460200,0.0,0.0
2006-04-28 00:00:00-04:00,11.764201217934927,11.928982831570407,11.71712091725092,11.758316040039062,89978400,0.0,0.0
2006-05-01 00:00:00-04:00,11.805396042835229,11.864246697825974,11.452293235373634,11.469948768615723,75869800,0.0,0.0
2006-05-02 00:00:00-04:00,11.558224778433466,11.60530508032693,11.481719708787688,11.528800010681152,52909500,0.0,0.0
2006-05-03 00:00:00-04:00,11.546543221263258,11.753576747765635,11.309933960221379,11.33359432220459,68692200,0.1,0.0
2006-05-04 00:00:00-04:00,11.404580942335343,11.505140048209254,11.36317332254068,11.440072059631348,42441200,0.0,0.0
2006-05-05 00:00:00-04:00,11.493307528386177,11.623442357243768,11.457816416559945,11.540629386901855,51087200,0.0,0.0
2006-05-08 00:00:00-04:00,11.61752807372643,11.960611862209934,11.61752807372643,11.89554500579834,102795400,0.0,0.0
2006-05-09 00:00:00-04:00,11.789063593248484,11.889622633870573,11.70625066388025,11.771317481994629,66287600,0.0,0.0
2006-05-10 00:00:00-04:00,11.741747715970188,11.818645313938712,11.534714159258158,11.582036018371582,60520500,0.0,0.0
2006-05-11 00:00:00-04:00,11.582036269171407,11.59386701626648,11.363171960881157,11.45190143585205,56976700,0.0,0.0
2006-05-12 00:00:00-04:00,11.40458079950576,11.546546395154099,11.256699829675126,11.262615203857422,66530900,0.0,0.0
2006-05-15 00:00:00-04:00,11.274443496483336,11.445985942845091,11.238952383810679,11.428239822387695,62462200,0.0,0.0
2006-05-16 00:00:00-04:00,11.392748840998795,11.445986074742324,11.197546026686569,11.274443626403809,67068600,0.0,0.0
2006-05-17 00:00:00-04:00,11.215285044551038,11.250777266967566,11.031913075031815,11.03782844543457,83390900,0.0,0.0
2006-05-18 00:00:00-04:00,11.079243257352559,11.173886998620178,10.937277645451129,11.03192138671875,76112600,0.0,0.0
2006-05-19 00:00:00-04:00,10.647426513059314,10.931357615962837,10.611935407256851,10.86037540435791,189166200,0.0,0.0
2006-05-22 00:00:00-04:00,10.724326381080688,10.913614951573114,10.62968265995555,10.65334415435791,84566300,0.0,0.0
2006-05-23 00:00:00-04:00,10.72433035894737,10.807144491830883,10.582364724601797,10.617856979370117,89346200,0.0,0.0
2006-05-24 00:00:00-04:00,10.653341698894677,10.682917431838636,10.5054607776911,10.582358360290527,108894700,0.0,0.0
2006-05-25 00:00:00-04:00,10.629680103941448,10.68291732530318,10.493629928568973,10.677001953125,68212600,0.0,0.0
2006-05-26 00:00:00-04:00,10.724322067644918,10.830796493146096,10.653339869471932,10.777559280395508,61157600,0.0,0.0
2006-05-30 00:00:00-04:00,10.771648251079196,10.777563624684968,10.511378581878148,10.535038948059082,65587400,0.0,0.0
2006-05-31 00:00:00-04:00,10.582361065642308,10.759818893398345,10.511378837133638,10.659259796142578,76030000,0.0,0.0
2006-06-01 00:00:00-04:00,10.67700532551626,10.73615793773985,10.52321011327406,10.671091079711914,76997200,0.0,0.0
2006-06-02 00:00:00-04:00,10.688833127355409,10.830798680615509,10.623765159020476,10.783476829528809,71258300,0.0,0.0
2006-06-05 00:00:00-04:00,10.80122622961634,10.854463469299624,10.582361896669255,10.635599136352539,63914200,0.0,0.0
2006-06-06 00:00:00-04:00,10.677006711391837,10.682922086206235,10.452228109656616,10.523211479187012,82277100,0.0,0.0
2006-06-07 00:00:00-04:00,10.517291297573452,10.523206669684303,10.251105193794542,10.286596298217773,108997200,0.0,0.0
2006-06-08 00:00:00-04:00,10.197869270427848,10.268852616546793,10.08547944250702,10.1209716796875,114389700,0.0,0.0
2006-06-09 00:00:00-04:00,10.120970341748276,10.20969866648603,10.115054969666845,10.150546073913574,83418800,0.0,0.0
2006-06-12 00:00:00-04:00,10.203787962005979,10.262940581637098,9.908025992092762,9.97309398651123,64666000,0.0,0.0
2006-06-13 00:00:00-04:00,9.931687330638677,10.227449295769182,9.908025831871905,10.126890182495117,116064700,0.0,0.0
2006-06-14 00:00:00-04:00,10.3457539208735,10.558702907425912,10.3457539208735,10.487719535827637,117591300,0.0,0.0
2006-06-15 00:00:00-04:00,10.52912382414489,10.74798813978007,10.511378831148916,10.718412399291992,71506000,0.0,0.0
2006-06-16 00:00:00-04:00,10.68291884690164,10.92544349954105,10.671089229102236,10.824884414672852,83664700,0.0,0.0
2006-06-19 00:00:00-04:00,10.949105113600412,11.026002707242384,10.765733060883361,10.789393424987793,61509400,0.0,0.0
2006-06-20 00:00:00-04:00,10.813054226922787,10.889951815654863,10.688833656519305,10.73615550994873,50887900,0.0,0.0
2006-06-21 00:00:00-04:00,10.777565392956395,11.002345113886648,10.765735772046122,10.884039878845215,53899700,0.0,0.0
2006-06-22 00:00:00-04:00,10.913612346714267,10.966849568170776,10.736154565778609,10.795307159423828,45409300,0.0,0.0
2006-06-23 00:00:00-04:00,10.795305596457588,10.81896708178667,10.647424697875977,10.647424697875977,48909400,0.0,0.0
2006-06-26 00:00:00-04:00,10.736157262598889,10.842631732257278,10.718412269817268,10.813055992126465,36205800,0.0,0.0
2006-06-27 00:00:00-04:00,11.031916386122576,11.06149324701347,10.677001953125,10.677001953125,61133200,0.0,0.0
2006-06-28 00:00:00-04:00,10.718406341376618,11.0674041692068,10.688829489362845,11.03782844543457,65687300,0.0,0.0
2006-06-29 00:00:00-04:00,11.096986804877915,11.451901316330888,11.043749571747862,11.428239822387695,76666000,0.0,0.0
2006-06-30 00:00:00-04:00,11.404577777864784,11.4282381400829,11.203459621921962,11.238950729370117,54002100,0.0,0.0
2006-07-03 00:00:00-04:00,11.39866420216637,11.469646428252515,11.321765474290551,11.45190143585205,25048100,0.0,0.0
2006-07-05 00:00:00-04:00,11.35725728723434,11.392748398938856,11.085155755520779,11.091071128845215,51632300,0.0,0.0
2006-07-06 00:00:00-04:00,11.126563190351375,11.203461921891284,11.091072075617214,11.150224685668945,35026000,0.0,0.0
2006-07-07 00:00:00-04:00,11.06741279405839,11.209379537876314,10.943193303520733,10.978684425354004,57542500,0.0,0.0
2006-07-10 00:00:00-04:00,11.025998919667726,11.073320759862975,10.712492151464835,10.753898620605469,43060600,0.0,0.0
2006-07-11 00:00:00-04:00,10.682918071535747,11.043747901916504,10.647426964229398,11.043747901916504,76813100,0.0,0.0
2006-07-12 00:00:00-04:00,10.98459238557902,10.99050775659866,10.570526568379247,10.576440811157227,76732200,0.0,0.0
2006-07-13 00:00:00-04:00,10.535039222289916,10.694750929076651,10.464056993657264,10.481801986694336,78659200,0.0,0.0
2006-07-14 00:00:00-04:00,10.481797131326326,10.706576717105959,10.45813677548943,10.576440811157227,65420500,0.0,0.0
2006-07-17 00:00:00-04:00,10.552785873413086,10.71841296227553,10.452226770932716,10.552785873413086,63855500,0.0,0.0
2006-07-18 00:00:00-04:00,10.617853203975011,10.80714064913075,10.428564630577105,10.771648406982422,69040900,0.0,0.0
2006-07-19 00:00:00-04:00,10.795308414873604,11.026002315852638,10.67700321382476,10.937273979187012,84949400,0.0,0.0
2006-07-20 00:00:00-04:00,10.629683057064764,10.647429178529501,10.097311823786727,10.115057945251465,136083600,0.0,0.0
2006-07-21 00:00:00-04:00,10.055906836415879,10.292516183388958,9.961263097626649,10.144635200500488,82603200,0.0,0.0
2006-07-24 00:00:00-04:00,10.162381300211019,10.446312515896896,10.144635176139767,10.339838027954102,54838700,0.0,0.0
2006-07-25 00:00:00-04:00,10.339836773801625,10.511379234289707,10.23927767274639,10.37532901763916,47364300,0.0,0.0
2006-07-26 00:00:00-04:00,10.404900806768483,10.493629126172788,10.203782681056431,10.351663589477539,58194900,0.0,0.0
2006-07-27 00:00:00-04:00,10.493633145542216,10.576446124940464,10.304345690779236,10.333921432495117,54399100,0.0,0.0
2006-07-28 00:00:00-04:00,10.410814997129505,10.801220460800716,10.398984255020277,10.753898620605469,67306400,0.0,0.0
2006-07-31 00:00:00-04:00,10.694746540292424,10.74206838270887,10.635593955211435,10.647424697875977,42813200,0.0,0.0
2006-08-01 00:00:00-04:00,10.582359278190697,10.582359278190697,10.351665382140434,10.446309089660645,39658000,0.0,0.0
2006-08-02 00:00:00-04:00,10.446313725949398,10.523212477590059,10.387161100435618,10.4049072265625,41676800,0.0,0.0
2006-08-03 00:00:00-04:00,10.404903937847697,10.410853132943961,10.244279074327398,10.30971908569336,58432000,0.1,0.0
2006-08-04 00:00:00-04:00,10.476295495371382,10.511989539266382,10.26807815904635,10.404906272888184,52987200,0.0,0.0
2006-08-07 00:00:00-04:00,10.33946123086346,10.40490122516845,10.268073177705876,10.303767204284668,32853500,0.0,0.0
2006-08-08 00:00:00-04:00,10.38111064116221,10.500091165931217,10.285925767469722,10.327569007873535,45404900,0.0,0.0
2006-08-09 00:00:00-04:00,10.47629015941105,10.607169010160097,10.315665341655887,10.351359367370605,56902300,0.0,0.0
2006-08-10 00:00:00-04:00,10.333511437559856,10.601218294005916,10.291867089733067,10.559575080871582,56529900,0.0,0.0
2006-08-11 00:00:00-04:00,10.506036750961966,10.583375143435571,10.327565457810708,10.35731029510498,41429700,0.0,0.0
2006-08-14 00:00:00-04:00,10.434648271679036,10.73210117153726,10.42869907751874,10.630967140197754,61408800,0.0,0.0
2006-08-15 00:00:00-04:00,10.809438446913758,10.815387641085433,10.67261038504349,10.78564167022705,49983300,0.0,0.0
2006-08-16 00:00:00-04:00,10.868927570676124,11.118788013727045,10.785639999864092,11.071195602416992,68487700,0.0,0.0
2006-08-17 00:00:00-04:00,11.112844489589774,11.124742882160287,10.910576354663721,11.041455268859863,63929800,0.0,0.0
2006-08-18 00:00:00-04:00,10.946269035339357,11.0236074427292,10.90462580121853,10.946269035339355,61895700,0.0,0.0
2006-08-21 00:00:00-04:00,10.886777617278101,10.916523593370261,10.755898726551495,10.857032775878906,55186800,0.0,0.0
2006-08-22 00:00:00-04:00,10.80943802442185,10.95221527488328,10.755896413662223,10.910572052001953,67402200,0.0,0.0
2006-08-23 00:00:00-04:00,10.993861817229186,11.041454248419626,10.851084523657867,10.934370994567871,58397100,0.0,0.0
2006-08-24 00:00:00-04:00,10.934372005111578,11.047404465145119,10.89272876580795,11.041455268859863,48177800,0.0,0.0
2006-08-25 00:00:00-04:00,10.976012178722774,11.303209906345144,10.964113790705628,11.243719100952148,67059700,0.0,0.0
2006-08-28 00:00:00-04:00,11.338903373084548,11.57091738913577,11.315107732923694,11.52927303314209,68405300,0.0,0.0
2006-08-29 00:00:00-04:00,11.57686744453291,11.71964584889021,11.428140980129191,11.707747459411621,74624700,0.0,0.0
2006-08-30 00:00:00-04:00,11.678003801690807,11.898119511926408,11.636360564949959,11.802934646606445,70874700,0.0,0.0
2006-08-31 00:00:00-04:00,11.791034709577238,11.802933099856249,11.618512589303387,11.642308235168457,46176100,0.0,0.0
2006-09-01 00:00:00-04:00,11.838625301887788,11.868371272976885,11.630408043035201,11.826726913452148,68302800,0.0,0.0
2006-09-05 00:00:00-04:00,11.868367641774286,11.910010853865243,11.683946081525153,11.892163276672363,80198200,0.0,0.0
2006-09-06 00:00:00-04:00,11.678000521280316,11.791032942606295,11.463835201817089,11.487630844116211,76688700,0.0,0.0
2006-09-07 00:00:00-04:00,11.440038855116274,11.600663701774817,11.338904818482318,11.434089660644531,76842800,0.0,0.0
2006-09-08 00:00:00-04:00,11.457889442674775,11.624463527479108,11.422195401178532,11.570921897888184,49942000,0.0,0.0
2006-09-11 00:00:00-04:00,11.451938279180197,11.636358785702328,11.37460101344283,11.541173934936523,57210500,0.0,0.0
2006-09-12 00:00:00-04:00,11.529275872944478,11.820780763238089,11.49358183656498,11.749391555786133,58584500,0.0,0.0
2006-09-13 00:00:00-04:00,11.767231268178257,11.892160879265877,11.660148095993328,11.796976089477539,63946600,0.0,0.0
2006-09-14 00:00:00-04:00,11.74938722329102,11.79103043949365,11.600660802743032,11.767234802246094,53450900,0.0,0.0
2006-09-15 00:00:00-04:00,11.85052349086682,11.874319132644818,11.594713817269994,11.606612205505371,71462900,0.0,0.0
2006-09-18 00:00:00-04:00,11.576867018082952,11.749390255088713,11.56496976373549,11.689899444580078,54073800,0.0,0.0
2006-09-19 00:00:00-04:00,11.689901017680041,11.719646994283666,11.445989682995245,11.553072929382324,62041700,0.0,0.0
2006-09-20 00:00:00-04:00,11.606614462631764,11.713697708189015,11.564971230402385,11.59471607208252,60897400,0.0,0.0
2006-09-21 00:00:00-04:00,11.57092114316258,11.695850847597319,11.386499482292663,11.416245460510254,59113600,0.0,0.0
2006-09-22 00:00:00-04:00,11.410297238852978,11.517380500190866,11.321061565969119,11.344857215881348,48765500,0.0,0.0
2006-09-25 00:00:00-04:00,11.40434662321511,11.606614728412112,11.32106015684917,11.547123908996582,55961500,0.0,0.0
2006-09-26 00:00:00-04:00,11.535221103401092,11.886215555457396,11.493577886155865,11.874317169189453,95999900,0.0,0.0
2006-09-27 00:00:00-04:00,11.933810930722894,12.344296281409047,11.927861736110879,12.13012981414795,131829700,0.0,0.0
2006-09-28 00:00:00-04:00,12.171776627626306,12.391892354346988,12.165828565954802,12.35619831085205,98036700,0.0,0.0
2006-09-29 00:00:00-04:00,12.433526205742789,12.46327216510527,12.207462588049573,12.237207412719727,73305600,0.0,0.0
2006-10-02 00:00:00-04:00,12.231254343462663,12.344286683823473,12.136069573061551,12.159866333007812,51710400,0.0,0.0
2006-10-03 00:00:00-04:00,12.136073420271947,12.368087364529986,11.999245411281516,12.237207412719727,80567600,0.0,0.0
2006-10-04 00:00:00-04:00,12.195571785934282,12.421635544164715,12.189622590363346,12.385941505432129,78890600,0.0,0.0
2006-10-05 00:00:00-04:00,12.37404172532824,12.481124964199152,12.290755266069933,12.362144470214844,53715500,0.0,0.0
2006-10-06 00:00:00-04:00,12.261010002377976,12.31455161996247,12.142028377814015,12.272907257080078,63556800,0.0,0.0
2006-10-09 00:00:00-04:00,12.207467429069895,12.368092269248052,12.171772263679564,12.266958236694336,46476300,0.0,0.0
2006-10-10 00:00:00-04:00,12.21341553366403,12.504919216854809,12.147975537646191,12.427580833435059,73980400,0.0,0.0
2006-10-11 00:00:00-04:00,12.350243584707986,12.659594849001634,12.338345197306074,12.427580833435059,106865400,0.0,0.0
2006-10-12 00:00:00-04:00,12.558458412836258,12.820216077235388,12.46327360129249,12.78452205657959,81941100,0.0,0.0
2006-10-13 00:00:00-04:00,12.730984430296322,12.998692505470443,12.719086041467959,12.849966049194336,78944400,0.0,0.0
2006-10-16 00:00:00-04:00,13.04628668507819,13.105777502548143,12.826171000847253,12.855916976928711,93626600,0.0,0.0
2006-10-17 00:00:00-04:00,12.606055965387112,12.62985161064207,12.391889484627882,12.43353271484375,117951400,0.0,0.0
2006-10-18 00:00:00-04:00,12.849965856715965,12.86781230499838,12.510869723036576,12.558462142944336,115013500,0.0,0.0
2006-10-19 00:00:00-04:00,12.493022396516817,12.606054821627863,12.272906740741918,12.510869979858398,73635800,0.0,0.0
2006-10-20 00:00:00-04:00,12.60010400194422,12.760728827221653,12.522765618799085,12.689339637756348,61151200,0.0,0.0
2006-10-23 00:00:00-04:00,12.659598597281958,12.849968313306903,12.564413739269485,12.760732650756836,53105200,0.0,0.0
2006-10-24 00:00:00-04:00,12.766681903073646,12.99274681297225,12.760733841749104,12.861867904663086,62841600,0.0,0.0
2006-10-25 00:00:00-04:00,12.820219310540748,12.99274253415759,12.808322057116593,12.921353340148926,53309500,0.0,0.0
2006-10-26 00:00:00-04:00,12.939201007556674,12.986793425645034,12.85591455957523,12.951099395751953,44042700,0.0,0.0
2006-10-27 00:00:00-04:00,12.897554535788098,12.951096134491602,12.433527725255216,12.552509307861328,99919800,0.0,0.0
2006-10-30 00:00:00-05:00,12.504922078659009,12.689342586823347,12.469226908284282,12.647699356079102,41171900,0.0,0.0
2006-10-31 00:00:00-05:00,12.683397893188888,12.748837927408083,12.6060605993153,12.695296287536621,55491300,0.0,0.0
2006-11-01 00:00:00-05:00,12.713137259697653,12.742882095386376,12.469224841340575,12.50492000579834,57883600,0.0,0.0
2006-11-02 00:00:00-05:00,12.27885558190469,12.445429617555032,12.2372123566653,12.302652359008789,68204800,0.0,0.0
2006-11-03 00:00:00-05:00,12.350476289325854,12.368410595802883,12.16515968322217,12.260807037353516,47924400,0.1,0.0
2006-11-06 00:00:00-05:00,12.20700848924474,12.49992873133188,12.147228592037697,12.446126937866211,47833000,0.0,0.0
2006-11-07 00:00:00-05:00,12.422209939148187,12.655350176600923,12.39231943421439,12.434165000915527,48489800,0.0,0.0
2006-11-08 00:00:00-05:00,12.386345381993577,12.49394895451563,12.254830537914703,12.380367279052734,52943400,0.0,0.0
2006-11-09 00:00:00-05:00,12.44612486323077,12.53579412399108,12.183094043488216,12.207006454467773,52833700,0.0,0.0
2006-11-10 00:00:00-05:00,12.248852479899066,12.338521743927474,12.207006899366244,12.302654266357422,31864200,0.0,0.0
2006-11-13 00:00:00-05:00,12.320589675648426,12.595575595256552,12.302655365158335,12.553730010986328,45829100,0.0,0.0
2006-11-14 00:00:00-05:00,12.655352275728657,13.109677764225196,12.619484804064983,13.079787254333496,74391100,0.0,0.0
2006-11-15 00:00:00-05:00,13.10968079126012,13.372711638009262,13.008055314575676,13.34282112121582,104300100,0.0,0.0
2006-11-16 00:00:00-05:00,13.348800659179688,13.396624350982211,13.187395271768636,13.348800659179688,65568900,0.0,0.0
2006-11-17 00:00:00-05:00,13.265103575429768,13.450420156100515,13.055874589404732,13.211301803588867,56835000,0.0,0.0
2006-11-20 00:00:00-05:00,13.073809830124222,13.360751873696836,12.85262462557471,13.312928199768066,65794500,0.0,0.0
2006-11-21 00:00:00-05:00,13.265101600178944,13.312925263560052,12.780885725713391,12.8944673538208,87522600,0.0,0.0
2006-11-22 00:00:00-05:00,13.037936916506956,13.055871215888615,12.876532782895827,12.990113258361816,41640800,0.0,0.0
2006-11-24 00:00:00-05:00,12.828713194745758,13.002074738558957,12.804801926064938,12.906427383422852,23076000,0.0,0.0
2006-11-27 00:00:00-05:00,12.834690145809118,12.846646349180368,12.523836839600783,12.565682411193848,52691900,0.0,0.0
2006-11-28 00:00:00-05:00,12.499924409868175,12.631439226091112,12.41025516516134,12.541769981384277,53901800,0.0,0.0
2006-11-29 00:00:00-05:00,12.679264560424343,12.822736738999502,12.613507713801058,12.697198867797852,55212100,0.0,0.0
2006-11-30 00:00:00-05:00,12.697197424300194,12.84664654813641,12.595571974483315,12.792844772338867,47485000,0.0,0.0
2006-12-01 00:00:00-05:00,12.745026001007012,12.792849693422909,12.31461276926396,12.511885643005371,65117600,0.0,0.0
2006-12-04 00:00:00-05:00,12.607530549247166,12.822737692913213,12.440147088595069,12.685243606567383,62659300,0.0,0.0
2006-12-05 00:00:00-05:00,12.679262210103875,12.792843855335532,12.619483477019449,12.62546157836914,33748700,0.0,0.0
2006-12-06 00:00:00-05:00,12.637421915466831,12.67926750217393,12.452105257103936,12.493950843811035,46963900,0.0,0.0
2006-12-07 00:00:00-05:00,12.559708669933284,12.703179739579019,12.338523391600251,12.344501495361328,55815100,0.0,0.0
2006-12-08 00:00:00-05:00,12.350475322801733,12.46405697452143,12.27874038292026,12.362431526184082,41723600,0.0,0.0
2006-12-11 00:00:00-05:00,12.326566917687115,12.505905449228097,12.314610711529296,12.374390602111816,37802100,0.0,0.0
2006-12-12 00:00:00-05:00,12.36243507081222,12.458082444882955,12.236897179715232,12.392324447631836,45888000,0.0,0.0
2006-12-13 00:00:00-05:00,12.481993036912458,12.487971139991368,12.350478189796178,12.374390602111816,47987600,0.0,0.0
2006-12-14 00:00:00-05:00,12.392325415626862,12.637421973354046,12.201030652542887,12.416237831115723,49471000,0.0,0.0
2006-12-15 00:00:00-05:00,12.547745206368823,12.673283032342697,12.4700321828277,12.529810905456543,81300400,0.0,0.0
2006-12-18 00:00:00-05:00,12.583611241236417,12.733060311275832,12.350471056840822,12.458074569702148,48970900,0.0,0.0
2006-12-19 00:00:00-05:00,12.3444972095937,12.38634278118657,12.23091555797997,12.350475311279297,47440100,0.0,0.0
2006-12-20 00:00:00-05:00,12.374385579207816,12.517856574245405,12.296671410933634,12.314605712890625,30772600,0.0,0.0
2006-12-21 00:00:00-05:00,12.31460932879995,12.356454905447167,12.081467895726757,12.177116394042969,48988800,0.0,0.0
2006-12-22 00:00:00-05:00,12.171137092412389,12.212982664936558,12.003753662109375,12.003753662109375,35337100,0.0,0.0
2006-12-26 00:00:00-05:00,11.973864043847591,12.129291267276297,11.973864043847591,12.045598983764648,30535300,0.0,0.0
2006-12-27 00:00:00-05:00,12.111360975871222,12.25483204345763,12.087448561170142,12.195052146911621,31892600,0.0,0.0
2006-12-28 00:00:00-05:00,12.195050248977994,12.242873930730594,12.153204669970284,12.207006454467773,29665000,0.0,0.0
2006-12-29 00:00:00-05:00,12.159181838653037,12.272763501667619,12.093423853717265,12.105380058288574,37099300,0.0,0.0
2007-01-03 00:00:00-05:00,12.224939104598125,12.481990646524624,12.039621365261292,12.165159225463867,69001200,0.0,0.0
2007-01-04 00:00:00-05:00,12.332538201404171,12.750996102574636,12.290692639328334,12.655348777770996,88902300,0.0,0.0
2007-01-05 00:00:00-05:00,12.607530121787432,12.643397597780169,12.410257293517628,12.613508224487305,64550800,0.0,0.0
2007-01-08 00:00:00-05:00,12.703170982954513,12.756972739510557,12.523832554571639,12.559700012207031,52839100,0.0,0.0
2007-01-09 00:00:00-05:00,12.661327362367778,12.679260523825587,12.470032705443852,12.57165813446045,54381000,0.0,0.0
2007-01-10 00:00:00-05:00,12.607530296811328,12.924362903064019,12.571662820320663,12.864583015441895,76346900,0.0,0.0
2007-01-11 00:00:00-05:00,12.918384023517486,13.181413688908806,12.571662064404883,13.103700637817383,99263900,0.0,0.0
2007-01-12 00:00:00-05:00,13.025989650244558,13.24119567054702,12.924364173360445,13.229239463806152,90707700,0.0,0.0
2007-01-16 00:00:00-05:00,13.211307204951817,13.330865859985352,13.020012444732792,13.330865859985352,132197800,0.0,0.0
2007-01-17 00:00:00-05:00,12.70318015695738,12.852629335274527,12.422216112195574,12.577643394470215,192479200,0.0,0.0
2007-01-18 00:00:00-05:00,12.487972565007064,12.493950668768141,12.254832219358583,12.344501495361328,101259500,0.0,0.0
2007-01-19 00:00:00-05:00,12.326568283658828,12.476017456573084,12.314612076176077,12.446126937866211,64459100,0.0,0.0
2007-01-22 00:00:00-05:00,12.505903277440188,12.565683157641272,12.344497942959174,12.428190231323242,77064300,0.0,0.0
2007-01-23 00:00:00-05:00,12.46405912826868,12.481992296234683,12.23091768285206,12.284719467163086,66796000,0.0,0.0
2007-01-24 00:00:00-05:00,12.31460359928902,12.481985828001378,12.29666930041016,12.458074569702148,55953800,0.0,0.0
2007-01-25 00:00:00-05:00,12.476011009885205,12.577636440562596,12.314605712890625,12.314605712890625,57199100,0.0,0.0
2007-01-26 00:00:00-05:00,12.368412528685646,12.493949273023985,12.260808953420451,12.272765159606934,62234300,0.0,0.0
2007-01-29 00:00:00-05:00,12.434166668932168,12.637417568922952,12.374387931457738,12.487968444824219,99681400,0.0,0.0
2007-01-30 00:00:00-05:00,12.607533027837162,12.631444303941725,12.446127638355978,12.511885643005371,61693700,0.0,0.0
2007-01-31 00:00:00-05:00,12.529810905456543,12.565679507281105,12.3684067580702,12.529810905456543,47840000,0.0,0.0
2007-02-01 00:00:00-05:00,12.541769767515248,12.637417112265682,12.476012930628254,12.619483947753906,50473200,0.0,0.0
2007-02-02 00:00:00-05:00,12.637418503636855,12.703176487970048,12.571661659510077,12.6912202835083,55291300,0.0,0.0
2007-02-05 00:00:00-05:00,12.753125917173646,12.867315399434473,12.723076596408848,12.789186477661133,63384700,0.113,0.0
2007-02-06 00:00:00-05:00,12.84327338224419,12.915392194937164,12.668984150005096,12.807212829589844,56861600,0.0,0.0
2007-02-07 00:00:00-05:00,12.84927914033111,13.02356832933166,12.765140164293646,12.927409172058105,57645400,0.0,0.0
2007-02-08 00:00:00-05:00,12.801200653168262,12.873320600426407,12.72908185221779,12.837261199951172,40270500,0.0,0.0
2007-02-09 00:00:00-05:00,12.873319069083045,12.945439007762175,12.572821426150488,12.638931274414062,80404400,0.0,0.0
2007-02-12 00:00:00-05:00,12.57883193599674,12.608881242768952,12.470652597524664,12.500701904296875,48013400,0.0,0.0
2007-02-13 00:00:00-05:00,12.554796100720738,12.59085665741971,12.44060777676462,12.542777061462402,55316100,0.0,0.0
2007-02-14 00:00:00-05:00,12.596858752040134,12.801197210289143,12.584839719319355,12.705038070678711,56559400,0.0,0.0
2007-02-15 00:00:00-05:00,12.747113054807127,12.831253198026076,12.699033464242525,12.807212829589844,44728000,0.0,0.0
2007-02-16 00:00:00-05:00,12.777164570418552,12.861303574277365,12.711054698067796,12.759134292602539,47511800,0.0,0.0
2007-02-20 00:00:00-05:00,12.656960262297135,12.813219172486917,12.560801109304581,12.729080200195312,47945200,0.0,0.0
2007-02-21 00:00:00-05:00,12.60287202160039,12.614892203661553,12.4586332757894,12.548782348632812,69355500,0.0,0.0
2007-02-22 00:00:00-05:00,12.620903122785505,12.662972616452219,12.48868455036044,12.602872848510742,52430400,0.0,0.0
2007-02-23 00:00:00-05:00,12.51873308052084,12.620902335757853,12.470653498427403,12.476663589477539,75768100,0.0,0.0
2007-02-26 00:00:00-05:00,12.506716579102873,12.620906050045717,12.332428472587162,12.530756950378418,72228200,0.0,0.0
2007-02-27 00:00:00-05:00,12.314399350458489,12.380509231365988,12.025921745911749,12.037941932678223,99034300,0.0,0.0
2007-02-28 00:00:00-05:00,12.049955456850622,12.140105670021674,11.899706629975638,11.93576717376709,102774400,0.0,0.0
2007-03-01 00:00:00-05:00,11.731431896519897,11.89970989515711,11.623252528077176,11.7735013961792,108287900,0.0,0.0
2007-03-02 00:00:00-05:00,11.72542143386932,11.779511116382155,11.539113164273918,11.551132202148438,95602100,0.0,0.0
2007-03-05 00:00:00-05:00,11.406895341916826,11.695372932776275,11.35881574344025,11.485025405883789,88237400,0.0,0.0
2007-03-06 00:00:00-05:00,11.623254741334039,11.659314155578613,11.509065258866755,11.659314155578613,66882600,0.0,0.0
2007-03-07 00:00:00-05:00,11.635271359448755,11.689361037379445,11.466992234074631,11.491032600402832,68343100,0.0,0.0
2007-03-08 00:00:00-05:00,11.587188893435233,11.611228107481415,11.515068958681741,11.557138442993164,46507200,0.0,0.0
2007-03-09 00:00:00-05:00,11.635272399166348,11.671331805573127,11.448962982397632,11.479013442993164,51056700,0.0,0.0
2007-03-12 00:00:00-04:00,11.485020309774196,11.803547078479943,11.47300012891161,11.707387924194336,68184600,0.0,0.0
2007-03-13 00:00:00-04:00,11.593201864682163,11.713400257399886,11.491032600402832,11.491032600402832,66226600,0.0,0.0
2007-03-14 00:00:00-04:00,11.533099228946984,11.563148533081579,11.394869449528414,11.557138442993164,70074300,0.0,0.0
2007-03-15 00:00:00-04:00,11.545121253019984,11.599210931517542,11.424922859042567,11.5030517578125,52048300,0.0,0.0
2007-03-16 00:00:00-04:00,11.509060859680176,11.551130351269691,11.448961094706151,11.509060859680176,56509100,0.0,0.0
2007-03-19 00:00:00-04:00,11.539115097458442,11.587194695935016,11.38886620893064,11.485025405883789,59139800,0.0,0.0
2007-03-20 00:00:00-04:00,11.442955203038649,11.497043745008469,11.370835236565592,11.412904739379883,62861900,0.0,0.0
2007-03-21 00:00:00-04:00,11.448961747571149,11.635271144245488,11.364822759594182,11.623250961303711,61537800,0.0,0.0
2007-03-22 00:00:00-04:00,11.563150497791266,11.60521998925077,11.485021605981856,11.515070915222168,50898400,0.0,0.0
2007-03-23 00:00:00-04:00,11.533103839910536,11.635273119646154,11.515073562436745,11.581183433532715,37566600,0.0,0.0
2007-03-26 00:00:00-04:00,11.575170410684482,11.623249992134888,11.448960792934892,11.59320068359375,39226400,0.0,0.0
2007-03-27 00:00:00-04:00,11.569165569474174,11.581185756868107,11.442957040762375,11.454976081848145,50285100,0.0,0.0
2007-03-28 00:00:00-04:00,11.406890906503785,11.448960395524137,11.334772109985352,11.334772109985352,50042600,0.0,0.0
2007-03-29 00:00:00-04:00,11.424924746330678,11.479014433763334,11.268665776670558,11.473004341125488,71000900,0.0,0.0
2007-03-30 00:00:00-04:00,11.466993341440475,11.527093116757042,11.358813975132227,11.497042655944824,60162400,0.0,0.0
2007-04-02 00:00:00-04:00,11.509062840269712,11.563152523423835,11.436944026936127,11.497042655944824,54240600,0.0,0.0
2007-04-03 00:00:00-04:00,11.551133015703952,11.659312388348782,11.533103884468439,11.605222702026367,53274700,0.0,0.0
2007-04-04 00:00:00-04:00,11.629262053814815,11.683351735401086,11.557142096263844,11.64729118347168,49475500,0.0,0.0
2007-04-05 00:00:00-04:00,11.593203249174822,11.767491340637207,11.575172972275446,11.767491340637207,36683100,0.0,0.0
2007-04-09 00:00:00-04:00,11.947787833829578,12.164146540776514,11.929758705789157,12.080007553100586,117593100,0.0,0.0
2007-04-10 00:00:00-04:00,12.08000405871574,12.464640629750642,12.061973789583202,12.428581237792969,94796500,0.0,0.0
2007-04-11 00:00:00-04:00,12.374497666520552,12.458636671264617,12.272328383770773,12.302377700805664,90710100,0.0,0.0
2007-04-12 00:00:00-04:00,12.248284110001562,12.350453360193614,12.17015522282298,12.320404052734375,63681100,0.0,0.0
2007-04-13 00:00:00-04:00,12.266319279481824,12.308388785243679,12.170160081652424,12.296368598937988,44046400,0.0,0.0
2007-04-16 00:00:00-04:00,12.266317865424549,12.458636238912945,12.254297680504543,12.43459701538086,56647300,0.0,0.0
2007-04-17 00:00:00-04:00,12.422576534807058,12.620904996035296,12.416566442490094,12.608884811401367,104587400,0.0,0.0
2007-04-18 00:00:00-04:00,12.813223727970401,12.909382915150417,12.620905353610368,12.831254005432129,112621700,0.0,0.0
2007-04-19 00:00:00-04:00,12.717058461801,13.161794776493364,12.705038282572383,13.107705116271973,97553200,0.0,0.0
2007-04-20 00:00:00-04:00,13.251946255010239,13.342096469427288,13.017558448664134,13.318056106567383,120196700,0.0,0.0
2007-04-23 00:00:00-04:00,13.239933276349033,13.300031918375067,13.095694472131939,13.167813301086426,55767600,0.0,0.0
2007-04-24 00:00:00-04:00,13.191846882361773,13.275985854920924,13.065637277215519,13.185836791992188,85220200,0.0,0.0
2007-04-25 00:00:00-04:00,13.21588481564752,13.402193013803469,13.101695402316329,13.378153800964355,68950800,0.0,0.0
2007-04-26 00:00:00-04:00,13.300027798899405,13.354117477015897,13.221898900679893,13.275988578796387,62587700,0.0,0.0
2007-04-27 00:00:00-04:00,13.173823353512182,13.275992649469533,13.11372356536525,13.143774032592773,48819400,0.0,0.0
2007-04-30 00:00:00-04:00,13.089682079732588,13.131751580285412,12.909382746396025,12.921402931213379,60430900,0.0,0.0
2007-05-01 00:00:00-04:00,12.957457291708783,13.11972628460654,12.891348593582176,13.101696014404297,60719800,0.0,0.0
2007-05-02 00:00:00-04:00,13.107707746587929,13.26396666899418,13.071648347973444,13.179827690124512,68653800,0.0,0.0
2007-05-03 00:00:00-04:00,13.356831798051575,13.368913085556084,13.115187612043407,13.13331127166748,71127400,0.113,0.0
2007-05-04 00:00:00-04:00,13.260177036966802,13.302464431665666,13.175601095323985,13.229970932006836,53037600,0.0,0.0
2007-05-07 00:00:00-04:00,13.24205064398629,13.368912801928756,13.199763258005468,13.266214370727539,36978500,0.0,0.0
2007-05-08 00:00:00-04:00,13.27830204709402,13.411206629444537,13.169562353260071,13.381000518798828,49529000,0.0,0.0
2007-05-09 00:00:00-04:00,13.314551302856001,13.598481870461232,13.260181448086525,13.57431697845459,72643900,0.0,0.0
2007-05-10 00:00:00-04:00,13.507866879385132,13.713263868417489,13.32059240852027,13.41724967956543,65528600,0.0,0.0
2007-05-11 00:00:00-04:00,13.483696469485356,13.532025085237288,13.374956795982234,13.459532737731934,46752400,0.0,0.0
2007-05-14 00:00:00-04:00,13.507860826338932,13.556189440204838,13.28434026705596,13.362874984741211,50199300,0.0,0.0
2007-05-15 00:00:00-04:00,13.338713222392512,13.507863986619984,13.229973527692373,13.296425819396973,57409000,0.0,0.0
2007-05-16 00:00:00-04:00,13.320588462222176,13.43536936967591,13.236013663174804,13.399123191833496,60776000,0.0,0.0
2007-05-17 00:00:00-04:00,13.471611537020182,13.568268750655252,13.399119202916317,13.42932415008545,58022700,0.0,0.0
2007-05-18 00:00:00-04:00,13.707214662310374,13.74346082978233,13.598475007649618,13.713255882263184,68319300,0.0,0.0
2007-05-21 00:00:00-04:00,13.713256597600688,13.828036325956726,13.610558157535584,13.670968055725098,51141900,0.0,0.0
2007-05-22 00:00:00-04:00,13.828036709425904,13.942817593209913,13.707215757451404,13.888447761535645,66447600,0.0,0.0
2007-05-23 00:00:00-04:00,13.88845055407625,13.979066574338468,13.683053626951112,13.695136070251465,63578800,0.0,0.0
2007-05-24 00:00:00-04:00,13.725338991250172,13.743462653513571,13.1816417980437,13.272257804870605,86970900,0.0,0.0
2007-05-25 00:00:00-04:00,13.362871645101597,13.471610134940256,13.314543043313941,13.387035369873047,38037600,0.0,0.0
2007-05-29 00:00:00-04:00,13.39307747195936,13.550145726183908,13.362872525942837,13.471611022949219,48537900,0.0,0.0
2007-05-30 00:00:00-04:00,13.332668610596413,13.471613228613103,13.199765213221102,13.338709831237793,58288200,0.0,0.0
2007-05-31 00:00:00-04:00,13.374958305108407,13.405164413514768,13.242054884856076,13.399123191833496,49304200,0.0,0.0
2007-06-01 00:00:00-04:00,13.495775837120336,13.652844090594934,13.483693397873484,13.507858276367188,48706100,0.0,0.0
2007-06-04 00:00:00-04:00,13.435363971660705,13.61659709254798,13.362871645101597,13.387035369873047,48184200,0.0,0.0
2007-06-05 00:00:00-04:00,13.362872734427082,13.435365066895677,13.205804477751993,13.266214370727539,55921800,0.0,0.0
2007-06-06 00:00:00-04:00,13.217884423528998,13.272254243484927,12.964158981149584,12.982282638549805,69039300,0.0,0.0
2007-06-07 00:00:00-04:00,12.87958877528724,13.066862025711623,12.861466263719,12.873547554016113,65427200,0.0,0.0
2007-06-08 00:00:00-04:00,12.958120602368528,13.21788614547734,12.897709555409199,13.187681198120117,60978800,0.0,0.0
2007-06-11 00:00:00-04:00,13.139356777341012,13.338712489252238,13.103110598514949,13.248096466064453,42220000,0.0,0.0
2007-06-12 00:00:00-04:00,13.205803673483246,13.59243249575529,13.19372123472605,13.411200523376465,59703700,0.0,0.0
2007-06-13 00:00:00-04:00,13.453492965470483,13.821998268169526,13.411205566164462,13.695136070251465,75402700,0.0,0.0
2007-06-14 00:00:00-04:00,13.677006248295445,14.214663210670876,13.670965029364856,14.033430099487305,85675800,0.0,0.0
2007-06-15 00:00:00-04:00,14.486509359624323,14.649618793867937,14.377769736795248,14.643577575683594,159229100,0.0,0.0
2007-06-18 00:00:00-04:00,14.607343370038683,14.68587696619948,14.383822723319426,14.601302146911621,56919200,0.0,0.0
2007-06-19 00:00:00-04:00,14.5227624270943,14.770446709637946,14.474432662456508,14.559008598327637,67154400,0.0,0.0
2007-06-20 00:00:00-04:00,14.631503300896401,14.710038028855676,14.438188820143102,14.462353706359863,62999600,0.0,0.0
2007-06-21 00:00:00-04:00,14.420066340744988,14.728160574997792,14.371737720446,14.673791885375977,56127800,0.0,0.0
2007-06-22 00:00:00-04:00,14.613376596789719,14.63754032383018,14.31132251919234,14.317363739013672,70452900,0.0,0.0
2007-06-25 00:00:00-04:00,14.347577851993966,14.432152679034497,14.075728547584262,14.184468269348145,50088600,0.0,0.0
2007-06-26 00:00:00-04:00,14.244872249246095,14.329447034104746,14.099886409954829,14.12405014038086,49305100,0.0,0.0
2007-06-27 00:00:00-04:00,14.069679585760786,14.40797983240241,14.063638365897292,14.371733665466309,50784400,0.0,0.0
2007-06-28 00:00:00-04:00,14.577131881267016,14.601296764868072,14.414023525940165,14.45026969909668,47660000,0.0,0.0
2007-06-29 00:00:00-04:00,14.474434210094953,14.631502505226843,14.226749901068356,14.341530799865723,50633200,0.0,0.0
2007-07-02 00:00:00-04:00,14.426105809424527,14.679831343491436,14.414024519036692,14.66170883178711,48790600,0.0,0.0
2007-07-03 00:00:00-04:00,14.685868871806356,14.861060789194301,14.655663925064573,14.855019569396973,29204400,0.0,0.0
2007-07-05 00:00:00-04:00,14.788564762304125,14.91542805175554,14.758359820753373,14.861058235168457,36687300,0.0,0.0
2007-07-06 00:00:00-04:00,14.81273702038874,15.012092729823827,14.806695798618557,14.909394264221191,51408200,0.0,0.0
2007-07-09 00:00:00-04:00,14.987924798345908,15.114788125260374,14.97584350950477,15.078540802001953,76331300,0.0,0.0
2007-07-10 00:00:00-04:00,14.969799753629566,15.211442773201934,14.951676095069836,15.084579467773438,64931900,0.0,0.0
2007-07-11 00:00:00-04:00,14.993964511137303,15.042293118377069,14.770445134745216,14.842937469482422,56054600,0.0,0.0
2007-07-12 00:00:00-04:00,14.951676717171303,15.706811904907228,14.842937065778154,15.706811904907227,134702600,0.0,0.0
2007-07-13 00:00:00-04:00,15.586000268109952,15.706822440085787,15.513507886720953,15.688698768615723,64189600,0.0,0.0
2007-07-16 00:00:00-04:00,15.664523739342329,15.730976001275016,15.604112696880323,15.676606178283691,50045600,0.0,0.0
2007-07-17 00:00:00-04:00,15.743061334136561,16.020951739985207,15.694732718194853,15.906170845031738,122061900,0.0,0.0
2007-07-18 00:00:00-04:00,15.07853930072943,15.308101049530102,14.987923306095432,15.13895034790039,134435700,0.0,0.0
2007-07-19 00:00:00-04:00,15.181239491985274,15.296020379667794,15.15707576166765,15.259774208068848,62612300,0.0,0.0
2007-07-20 00:00:00-04:00,15.27185325295074,15.283934539300212,14.788566079384177,14.830853462219238,95624900,0.0,0.0
2007-07-23 00:00:00-04:00,14.873144749692045,15.084581702995434,14.84293864761658,14.933554649353027,56431300,0.0,0.0
2007-07-24 00:00:00-04:00,14.74628453002657,15.042297479216424,14.74628453002657,14.818778038024902,68543100,0.0,0.0
2007-07-25 00:00:00-04:00,14.909394097472576,14.933557832037822,14.722120833672344,14.800654411315918,50743000,0.0,0.0
2007-07-26 00:00:00-04:00,14.70399789888764,14.764408966669103,14.27508035466,14.498600959777832,86328700,0.0,0.0
2007-07-27 00:00:00-04:00,14.432146781926443,14.528804016833613,14.214668579507874,14.220709800720215,79410500,0.0,0.0
2007-07-30 00:00:00-04:00,14.269041030668301,14.589217747826991,14.226752474439387,14.40798568725586,69472300,0.0,0.0
2007-07-31 00:00:00-04:00,14.559014765947142,14.607343398813331,14.250919299333116,14.26904296875,61619000,0.0,0.0
2007-08-01 00:00:00-04:00,14.232788413499671,14.47443145531093,14.027391539898872,14.377774238586426,92766600,0.0,0.0
2007-08-02 00:00:00-04:00,14.359657635867217,14.758369106883071,14.250917934272822,14.679834365844727,74873100,0.0,0.0
2007-08-03 00:00:00-04:00,14.730204579520182,14.863728882443258,14.493500880192176,14.511709213256836,77219000,0.113,0.0
2007-08-06 00:00:00-04:00,14.59668351084836,14.687724045935974,14.432813094473333,14.645237922668457,64096700,0.0,0.0
2007-08-07 00:00:00-04:00,14.590615222295778,14.760555084851877,14.414604755930112,14.645237922668457,59835600,0.0,0.0
2007-08-08 00:00:00-04:00,14.76662088817513,15.03367066611996,14.675581533174999,14.979046821594238,75754600,0.0,0.0
2007-08-09 00:00:00-04:00,14.760553287162658,15.015464207579672,14.517781257629393,14.517781257629395,71677400,0.0,0.0
2007-08-10 00:00:00-04:00,14.475294935984438,14.772690788900697,14.262868996007612,14.554195404052734,68821100,0.0,0.0
2007-08-13 00:00:00-04:00,14.681646535904855,14.760546977666001,14.542051665669202,14.578468322753906,50460400,0.0,0.0
2007-08-14 00:00:00-04:00,14.60274836728668,14.796965953523172,14.432808558143813,14.4449462890625,55469500,0.0,0.0
2007-08-15 00:00:00-04:00,14.432808921155587,14.560263781218461,14.086857534638877,14.092926979064941,63242900,0.0,0.0
2007-08-16 00:00:00-04:00,14.098998204794954,14.317493601225907,13.407097659601343,14.020097732543945,118374800,0.0,0.0
2007-08-17 00:00:00-04:00,14.505639870630993,14.566333156977363,14.165759087770738,14.384254455566406,94355000,0.0,0.0
2007-08-20 00:00:00-04:00,14.444952088191448,14.742349188841963,14.359982149507639,14.633101463317871,57345400,0.0,0.0
2007-08-21 00:00:00-04:00,14.51171259912258,14.59668252465985,14.390325998959272,14.499573707580566,58065500,0.0,0.0
2007-08-22 00:00:00-04:00,14.62703021717911,14.68772351918469,14.529921397021562,14.657376289367676,51215500,0.0,0.0
2007-08-23 00:00:00-04:00,14.742337825285771,14.760544993753106,14.566327479250202,14.705921173095703,38610600,0.0,0.0
2007-08-24 00:00:00-04:00,14.681650232961696,15.100431476240402,14.608818058079924,15.045808792114258,51695900,0.0,0.0
2007-08-27 00:00:00-04:00,14.997258490436218,14.997258490436218,14.790903097515463,14.839457511901855,45799500,0.0,0.0
2007-08-28 00:00:00-04:00,14.718072298148215,14.87587444933246,14.523854622114888,14.542061805725098,56189600,0.0,0.0
2007-08-29 00:00:00-04:00,14.742345037190391,15.294651798354986,14.699858922184582,15.227889060974121,82168400,0.0,0.0
2007-08-30 00:00:00-04:00,15.118643447555447,15.549564840911938,15.10650455588266,15.343208312988281,68903300,0.0,0.0
2007-08-31 00:00:00-04:00,15.513139974652042,15.6588031249272,15.49493280438503,15.628457069396973,56843900,0.0,0.0
2007-09-04 00:00:00-04:00,15.670945187965598,16.04117316017433,15.628460238557,15.889440536499023,77887400,0.0,0.0
2007-09-05 00:00:00-04:00,15.774118423461912,15.901574388956558,15.652733057535427,15.774118423461914,59594700,0.0,0.0
2007-09-06 00:00:00-04:00,15.792330629743468,15.919785468928382,15.70735957932556,15.871231079101562,49595300,0.0,0.0
2007-09-07 00:00:00-04:00,15.592048276694094,15.62239434527484,15.33106791943775,15.45852279663086,65685000,0.0,0.0
2007-09-10 00:00:00-04:00,15.731642890425997,15.91372162695938,15.318929852813397,15.385692596435547,107382200,0.0,0.0
2007-09-11 00:00:00-04:00,15.482800776754788,15.713433910768726,15.33106811664268,15.573840141296387,61962300,0.0,0.0
2007-09-12 00:00:00-04:00,15.482802751099136,15.689159287776151,15.373555036666778,15.452455520629883,60821100,0.0,0.0
2007-09-13 00:00:00-04:00,15.519216926051469,15.561701887400698,15.324999298381627,15.385692596435547,65045000,0.0,0.0
2007-09-14 00:00:00-04:00,15.13685061907492,15.288583280411517,14.93049410704688,15.130781173706055,66854900,0.0,0.0
2007-09-17 00:00:00-04:00,15.09436373507664,15.221818598691398,15.027601002157565,15.08222484588623,46370300,0.0,0.0
2007-09-18 00:00:00-04:00,15.142922026509806,15.4706640154956,15.106505349578118,15.422109603881836,72076600,0.0,0.0
2007-09-19 00:00:00-04:00,15.555628426964052,15.646668929361793,15.434243019813856,15.585975646972656,69117900,0.0,0.0
2007-09-20 00:00:00-04:00,15.482799181220912,15.755917246700337,15.464590847137666,15.664877891540527,51971400,0.0,0.0
2007-09-21 00:00:00-04:00,15.786261934782468,15.810538552032916,15.634529314676094,15.701292037963867,70411400,0.0,0.0
2007-09-24 00:00:00-04:00,15.768054008483885,15.9258560763616,15.670945221732685,15.768054008483887,50334900,0.0,0.0
2007-09-25 00:00:00-04:00,15.677013947033231,15.883370398827948,15.634528999480436,15.71342945098877,50665900,0.0,0.0
2007-09-26 00:00:00-04:00,15.768056588837824,15.998690863334968,15.658808896457938,15.725571632385254,68642200,0.0,0.0
2007-09-27 00:00:00-04:00,15.834814191648269,15.840883634549446,15.598111706641703,15.634527206420898,47541400,0.0,0.0
2007-09-28 00:00:00-04:00,15.610258438337128,15.792338357506978,15.579912363956419,15.695229530334473,44063300,0.0,0.0
2007-10-01 00:00:00-04:00,15.804473686602822,16.114007279901465,15.695225991260585,16.0047607421875,54672800,0.0,0.0
2007-10-02 00:00:00-04:00,15.950135886946287,16.132214595929256,15.877303708776179,16.010828018188477,45948000,0.0,0.0
2007-10-03 00:00:00-04:00,15.71343229146764,15.810541091321863,15.519214691759194,15.664877891540527,76290500,0.0,0.0
2007-10-04 00:00:00-04:00,15.658810477947286,15.67701881439233,15.39783126800513,15.53742504119873,44415700,0.0,0.0
2007-10-05 00:00:00-04:00,15.658808007189462,15.743779072897308,15.470659857458118,15.501007080078125,72211600,0.0,0.0
2007-10-08 00:00:00-04:00,15.476731331434904,15.634533436866894,15.458522995475253,15.573840141296387,34606900,0.0,0.0
2007-10-09 00:00:00-04:00,15.585977594359049,15.695225284783806,15.507075970106403,15.683086395263672,43878600,0.0,0.0
2007-10-10 00:00:00-04:00,15.707364082336428,15.737711308195657,15.555631425925174,15.707364082336426,38317200,0.0,0.0
2007-10-11 00:00:00-04:00,15.701295863826278,15.889444034467534,15.270374515756988,15.434246063232422,91274900,0.0,0.0
2007-10-12 00:00:00-04:00,15.537424443342745,15.585978847699542,15.373552894527942,15.50707721710205,48670300,0.0,0.0
2007-10-15 00:00:00-04:00,15.561694358077094,15.822674603097182,15.51920941728365,15.628457069396973,74615900,0.0,0.0
2007-10-16 00:00:00-04:00,15.610260003717771,15.768062153104465,15.33714183401779,15.46459674835205,107955700,0.0,0.0
2007-10-17 00:00:00-04:00,16.259675915208007,16.374991928237037,15.931932743116466,16.21718978881836,187866100,0.0,0.0
2007-10-18 00:00:00-04:00,16.089733701328612,16.37499072608874,16.065455916602563,16.368921279907227,66200000,0.0,0.0
2007-10-19 00:00:00-04:00,16.290010823078354,16.296080265544532,15.94406070590063,15.962267875671387,80777400,0.0,0.0
2007-10-22 00:00:00-04:00,15.749847467053236,16.198975913223084,15.689154183489073,16.168628692626953,62800500,0.0,0.0
2007-10-23 00:00:00-04:00,16.156492906507985,16.27787833061738,15.877304231562725,16.26573944091797,67310100,0.0,0.0
2007-10-24 00:00:00-04:00,15.980477191604765,16.01689269102668,15.452447240661664,15.786259651184082,89794300,0.0,0.0
2007-10-25 00:00:00-04:00,15.889439842425203,15.931924789977998,15.494935269627538,15.71342945098877,57691300,0.0,0.0
2007-10-26 00:00:00-04:00,15.93799870891866,16.053315854391247,15.646672280214744,15.743781089782715,61642300,0.0,0.0
2007-10-29 00:00:00-04:00,15.810545573233385,15.992625492796513,15.780199498787134,15.93800163269043,53264600,0.0,0.0
2007-10-30 00:00:00-04:00,15.846959146662382,16.004761249645856,15.840889701436673,15.94406795501709,41449000,0.0,0.0
2007-10-31 00:00:00-04:00,16.00475882949131,16.326431274414062,15.992619940875471,16.326431274414062,64819100,0.0,0.0
2007-11-01 00:00:00-04:00,16.205048624683943,16.43568175957543,16.083662033081055,16.083662033081055,86590500,0.0,0.0
2007-11-02 00:00:00-04:00,16.23539337429768,16.36284824325678,16.022967435070942,16.26573944091797,58633800,0.0,0.0
2007-11-05 00:00:00-05:00,16.20052326060254,16.474798950904084,16.115193562522034,16.358993530273438,55392500,0.113,0.0
2007-11-06 00:00:00-05:00,16.432138837047148,16.77346007693379,16.432138837047148,16.75517463684082,69334400,0.0,0.0
2007-11-07 00:00:00-05:00,16.602793387451392,16.78564423394463,16.377278854731983,16.39556312561035,71488100,0.0,0.0
2007-11-08 00:00:00-05:00,16.38946691905817,16.438226909123927,15.41426711774296,15.804347038269043,91404900,0.0,0.0
2007-11-09 00:00:00-05:00,15.456929395053377,15.633683893719443,15.237508894956509,15.328933715820312,71692500,0.0,0.0
2007-11-12 00:00:00-05:00,15.48741214509332,15.584932160634594,15.298467260298388,15.463032722473145,72660600,0.0,0.0
2007-11-13 00:00:00-05:00,15.597118656466764,15.93234348297119,15.414268962469803,15.932343482971191,62116600,0.0,0.0
2007-11-14 00:00:00-05:00,16.15177145462816,16.163961749827664,15.706836142621205,15.755596160888672,63262500,0.0,0.0
2007-11-15 00:00:00-05:00,15.749496514874753,15.883586236178582,15.40817648449124,15.560551643371582,67012000,0.0,0.0
2007-11-16 00:00:00-05:00,15.560547298201321,15.712922414532017,15.34112675867556,15.548357009887695,80440400,0.0,0.0
2007-11-19 00:00:00-05:00,15.511786987233387,15.603211822638348,15.298461596268575,15.341126441955566,52318600,0.0,0.0
2007-11-20 00:00:00-05:00,15.450833976282944,15.694633881745883,15.182653499008888,15.554449081420898,74694200,0.0,0.0
2007-11-21 00:00:00-05:00,15.377697765623525,15.414268633666824,14.957143245895399,15.01199722290039,69533000,0.0,0.0
2007-11-23 00:00:00-05:00,15.103425406528109,15.298465414073144,14.963239383891237,15.280179977416992,36581600,0.0,0.0
2007-11-26 00:00:00-05:00,15.261896352917466,15.432555785518462,14.823055154731602,14.853530883789062,53157500,0.0,0.0
2007-11-27 00:00:00-05:00,15.085133490093941,15.33502853773555,14.926663261401517,15.304553985595703,62931100,0.0,0.0
2007-11-28 00:00:00-05:00,15.56664585009333,16.035960427608046,15.54226526812886,15.962821006774902,60141900,0.0,0.0
2007-11-29 00:00:00-05:00,15.889681451151999,16.13348147391495,15.853111738370107,16.05424690246582,43272300,0.0,0.0
2007-11-30 00:00:00-05:00,16.24928317613466,16.24928317613466,15.676352382772235,15.895772933959961,65565000,0.0,0.0
2007-12-03 00:00:00-05:00,15.865297107135536,16.32242244391881,15.853106819147486,15.99938678741455,56131600,0.0,0.0
2007-12-04 00:00:00-05:00,15.749492528744641,16.1639530420058,15.743397384428459,16.03595733642578,44505400,0.0,0.0
2007-12-05 00:00:00-05:00,16.389467760096952,16.736882852459615,16.389467760096952,16.59060287475586,68523700,0.0,0.0
2007-12-06 00:00:00-05:00,16.590604813623326,17.059920523517512,16.56013025065568,17.05382537841797,60508000,0.0,0.0
2007-12-07 00:00:00-05:00,16.925829782396335,17.00506433877801,16.80392921293069,16.90144920349121,47506200,0.0,0.0
2007-12-10 00:00:00-05:00,16.797830177389745,16.992870113334458,16.608885384759517,16.931921005249023,45473800,0.0,0.0
2007-12-11 00:00:00-05:00,16.938017717919116,16.956301987026947,16.401656681846053,16.413846969604492,67572400,0.0,0.0
2007-12-12 00:00:00-05:00,16.71860113952529,16.895355703676096,16.389470267442267,16.62717628479004,56574000,0.0,0.0
2007-12-13 00:00:00-05:00,16.44432300478986,16.761263539822785,16.34070787458794,16.554033279418945,53456100,0.0,0.0
2007-12-14 00:00:00-05:00,16.346805859064034,16.358996150036266,15.962820993679701,16.023771286010742,68738500,0.0,0.0
2007-12-17 00:00:00-05:00,15.987195951428156,16.017671670353657,15.469120354992723,15.676350593566895,64820000,0.0,0.0
2007-12-18 00:00:00-05:00,15.798257087606451,15.932346813734574,15.597121917149146,15.79216194152832,44708400,0.0,0.0
2007-12-19 00:00:00-05:00,15.75559071019744,15.999390717191474,15.737305273724088,15.962821006774902,33581900,0.0,0.0
2007-12-20 00:00:00-05:00,16.17004914292715,16.17004914292715,15.853108594915188,16.096908569335938,40096600,0.0,0.0
2007-12-21 00:00:00-05:00,16.31022953355812,16.43212890625,16.200519284364667,16.43212890625,58620800,0.0,0.0
2007-12-24 00:00:00-05:00,16.346803117877897,16.682029088219704,16.304138269159655,16.645458221435547,22486400,0.0,0.0
2007-12-26 00:00:00-05:00,16.578410279664837,16.742974493567147,16.53574427788161,16.730785369873047,21346200,0.0,0.0
2007-12-27 00:00:00-05:00,16.675929423189906,16.71249911753069,16.316324135004916,16.352893829345703,29577500,0.0,0.0
2007-12-28 00:00:00-05:00,16.523559484527983,16.621079474815993,16.24318864055247,16.31023406982422,35391400,0.0,0.0
2007-12-31 00:00:00-05:00,16.231001214258058,16.456516958160954,16.206621793650555,16.249286651611328,23687800,0.0,0.0
2008-01-02 00:00:00-05:00,16.01767572397441,16.05424543340996,15.20703999588404,15.45083999633789,84278800,0.0,0.0
2008-01-03 00:00:00-05:00,15.463025794513145,15.481310062653733,14.859619370218917,15.036375045776367,85190500,0.0,0.0
2008-01-04 00:00:00-05:00,14.298879931828475,14.384210784948001,13.622335226026284,13.817375183105469,174093400,0.0,0.0
2008-01-07 00:00:00-05:00,13.896615433222815,14.036801477122792,13.628435963436605,13.945375442504883,112063700,0.0,0.0
2008-01-08 00:00:00-05:00,13.969757162878015,14.097751761688857,13.549201322085903,13.567486763000488,80520800,0.0,0.0
2008-01-09 00:00:00-05:00,13.652807384681571,13.939273288525458,13.567477709083635,13.866132736206055,73239600,0.0,0.0
2008-01-10 00:00:00-05:00,13.75643105949544,13.835666804084223,13.530916444192767,13.738146781921387,81185100,0.0,0.0
2008-01-11 00:00:00-05:00,13.561391050015816,13.628436501373926,13.268830982775572,13.402920722961426,75915200,0.0,0.0
2008-01-14 00:00:00-05:00,13.951469597538033,14.140415637292866,13.658909562636032,14.067275047302246,85033000,0.0,0.0
2008-01-15 00:00:00-05:00,14.018506955433693,14.140407480927554,13.719851946756263,13.829562187194824,129312400,0.0,0.0
2008-01-16 00:00:00-05:00,12.208298817844284,12.427718268150462,12.00716364358763,12.116872787475586,309347600,0.0,0.0
2008-01-17 00:00:00-05:00,12.202202474342828,12.220486748598258,11.708506143903444,11.781646728515625,172761000,0.0,0.0
2008-01-18 00:00:00-05:00,11.818214975581597,11.976685253835777,11.550035577794533,11.580510139465332,143864100,0.0,0.0
2008-01-22 00:00:00-05:00,11.092910724313041,11.580510710259302,11.00148470973431,11.342805862426758,146951600,0.0,0.0
2008-01-23 00:00:00-05:00,11.172146322176118,12.318006976681028,11.117291173353685,12.17782211303711,173781800,0.0,0.0
2008-01-24 00:00:00-05:00,12.281437156541177,12.64104261229981,12.232677153855098,12.610568046569824,90383900,0.0,0.0
2008-01-25 00:00:00-05:00,12.964072946605846,12.970168089714297,12.190007209777832,12.190007209777832,104701200,0.0,0.0
2008-01-28 00:00:00-05:00,12.116872499119339,12.372862820493069,11.958403351986771,12.366768836975098,68633200,0.0,0.0
2008-01-29 00:00:00-05:00,12.458192709809603,12.561807859311356,12.342387269182902,12.494762420654297,78365800,0.0,0.0
2008-01-30 00:00:00-05:00,12.409432890173482,12.933602628416276,12.366768033139435,12.610568046569824,96055500,0.0,0.0
2008-01-31 00:00:00-05:00,12.45819006004974,13.00674025616838,12.40943006845097,12.86046028137207,100753400,0.0,0.0
2008-02-01 00:00:00-05:00,13.04331359511415,13.299303912998559,12.933603292802228,13.268829345703125,66087600,0.0,0.0
2008-02-04 00:00:00-05:00,13.250538257312384,13.256633400678332,12.897028079795485,12.921408653259277,65724200,0.0,0.0
2008-02-05 00:00:00-05:00,12.687169110768908,12.797545826709344,12.325379283893827,12.33764362335205,85581600,0.128,0.0
2008-02-06 00:00:00-05:00,12.349905315384179,12.527734707473348,12.20273676827158,12.215001106262207,73305800,0.0,0.0
2008-02-07 00:00:00-05:00,12.055566224423957,12.484808626268366,11.957453875932341,12.29471492767334,76942200,0.0,0.0
2008-02-08 00:00:00-05:00,12.23952609809761,12.46641162594506,12.233395099953526,12.429619789123535,54170800,0.0,0.0
2008-02-11 00:00:00-05:00,12.509337823884302,12.766883065975668,12.356037112391622,12.681035041809082,53777900,0.0,0.0
2008-02-12 00:00:00-05:00,12.693299084990597,12.87112729800948,12.607449893223801,12.815938949584961,57734900,0.0,0.0
2008-02-13 00:00:00-05:00,12.914055583460758,13.048960999635337,12.791415678274378,13.006035804748535,49788900,0.0,0.0
2008-02-14 00:00:00-05:00,12.852733569846121,12.871130079827498,12.54613208770752,12.54613208770752,71583500,0.0,0.0
2008-02-15 00:00:00-05:00,12.454152346899615,12.595189922894743,12.251795407836557,12.331512451171875,78256600,0.0,0.0
2008-02-19 00:00:00-05:00,12.50933877327263,12.681036004228261,12.294717526976013,12.362170219421387,65726300,0.0,0.0
2008-02-20 00:00:00-05:00,12.37443142052195,12.576788276960187,12.362167085079292,12.497071266174316,72005800,0.0,0.0
2008-02-21 00:00:00-05:00,12.63811277836872,12.87112937745808,12.343774482687722,12.448019027709961,78890400,0.0,0.0
2008-02-22 00:00:00-05:00,12.552261451470704,12.570657957339288,11.963587298774868,12.153679847717285,134283800,0.0,0.0
2008-02-25 00:00:00-05:00,12.110752708717166,12.251789041838297,11.969716375596036,12.227261543273926,82397200,0.0,0.0
2008-02-26 00:00:00-05:00,12.141414928624096,12.79754290472809,12.123019593228635,12.687166213989258,81112100,0.0,0.0
2008-02-27 00:00:00-05:00,12.411227154440962,12.809808824752587,12.405094984794102,12.736225128173828,80981700,0.0,0.0
2008-02-28 00:00:00-05:00,12.595186446912203,12.705561971728494,12.460281078373033,12.564525604248047,56138700,0.0,0.0
2008-02-29 00:00:00-05:00,12.46641612906146,12.503207979172931,12.227267348949162,12.245662689208984,77164100,0.0,0.0
2008-03-03 00:00:00-05:00,12.300848960232592,12.497073686959837,12.22113310359651,12.27018928527832,75603600,0.0,0.0
2008-03-04 00:00:00-05:00,12.049433114260593,12.294713966310338,11.920661105531236,12.264054298400879,124099900,0.0,0.0
2008-03-05 00:00:00-05:00,12.288587301101394,12.405095015908616,12.16594624704016,12.386699676513672,62225500,0.0,0.0
2008-03-06 00:00:00-05:00,12.325379738205484,12.398963438483536,12.159814658192127,12.184343338012695,65547200,0.0,0.0
2008-03-07 00:00:00-05:00,12.147547263096802,12.503204843902127,12.110755422211158,12.30698013305664,73715200,0.0,0.0
2008-03-10 00:00:00-04:00,12.331511453622939,12.57066022509936,12.245662247007164,12.33764362335205,66986800,0.0,0.0
2008-03-11 00:00:00-04:00,12.558397704849945,13.01216780421124,12.540002362589648,12.99990463256836,78159700,0.0,0.0
2008-03-12 00:00:00-04:00,12.98150061578221,13.177725283729304,12.864991780591895,12.950840950012207,53034800,0.0,0.0
2008-03-13 00:00:00-04:00,12.766885755302994,13.177731795431205,12.71782956407538,13.048959732055664,66660600,0.0,0.0
2008-03-14 00:00:00-04:00,13.02442741594396,13.147068444574309,12.589053986530125,12.668769836425781,80049300,0.0,0.0
2008-03-17 00:00:00-04:00,12.368296548468471,12.969234818666504,12.356032215707414,12.785274505615234,67466600,0.0,0.0
2008-03-18 00:00:00-04:00,13.06122400263062,13.337165832519531,12.993772465007075,13.337165832519531,72379700,0.0,0.0
2008-03-19 00:00:00-04:00,13.202258946105488,13.324898825168406,12.926317171428408,12.932449340820312,69668600,0.0,0.0
2008-03-20 00:00:00-04:00,13.165468563967325,13.34329800313839,12.932451928410432,13.337165832519531,67373400,0.0,0.0
2008-03-24 00:00:00-04:00,13.343298329800493,13.766408756124491,13.337166159031511,13.570182800292969,53798700,0.0,0.0
2008-03-25 00:00:00-04:00,13.686685557014806,13.735741731536343,13.508857362971034,13.656025886535645,48236100,0.0,0.0
2008-03-26 00:00:00-04:00,13.50885705588623,13.533384557793708,13.312631192669253,13.40461254119873,51872200,0.0,0.0
2008-03-27 00:00:00-04:00,13.416879026863526,13.435275535039237,12.932449340820312,12.932449340820312,71530200,0.0,0.0
2008-03-28 00:00:00-04:00,12.999901513236154,13.140937894819146,12.711695411332494,12.748488426208496,59424400,0.0,0.0
2008-03-31 00:00:00-04:00,12.69943141027933,13.079617720285661,12.674903902635663,12.987637519836426,48072200,0.0,0.0
2008-04-01 00:00:00-04:00,13.189991314196908,13.490460521832198,13.122538637318488,13.472064018249512,55507200,0.0,0.0
2008-04-02 00:00:00-04:00,13.508852290599203,13.508852290599203,13.275834671922937,13.398475646972656,43778700,0.0,0.0
2008-04-03 00:00:00-04:00,13.306507666360078,13.551788671124118,13.202263093136352,13.44754409790039,45300800,0.0,0.0
2008-04-04 00:00:00-04:00,13.453668672450387,13.60083719220842,13.288103649125816,13.410744667053223,41385700,0.0,0.0
2008-04-07 00:00:00-04:00,13.441410393856234,13.545654955192939,13.281977466541749,13.337165832519531,39684800,0.0,0.0
2008-04-08 00:00:00-04:00,13.11640785299039,13.208389211014682,12.901787803177848,12.926315307617188,55225500,0.0,0.0
2008-04-09 00:00:00-04:00,12.914053206857137,13.140938802565202,12.736224967705844,13.134806632995605,63451700,0.0,0.0
2008-04-10 00:00:00-04:00,13.22678663788915,13.760273686481268,13.21452229893491,13.539520263671875,72043600,0.0,0.0
2008-04-11 00:00:00-04:00,13.373956742083202,13.435277274348982,12.944715355406494,13.024431228637695,66927100,0.0,0.0
2008-04-14 00:00:00-04:00,12.95084360417835,13.061219125325664,12.656505372344295,12.687166213989258,60084300,0.0,0.0
2008-04-15 00:00:00-04:00,12.822074890136719,12.840471401553808,12.570661748729483,12.822074890136719,93477400,0.0,0.0
2008-04-16 00:00:00-04:00,13.754144414586523,13.784804098839457,13.404618867898346,13.570182800292969,109029400,0.0,0.0
2008-04-17 00:00:00-04:00,13.594708488151205,13.674424351400841,13.441407761478139,13.557916641235352,57733400,0.0,0.0
2008-04-18 00:00:00-04:00,13.839984976991259,13.876776812104156,13.6314959620326,13.827720642089844,68281200,0.0,0.0
2008-04-21 00:00:00-04:00,13.79706495464994,13.84612113881614,13.692820417097806,13.772536277770996,47810500,0.0,0.0
2008-04-22 00:00:00-04:00,13.662155695539752,13.741871526776121,13.410742698328793,13.484326362609863,56298500,0.0,0.0
2008-04-23 00:00:00-04:00,13.606974987141092,13.839991614055984,13.49046608888769,13.83385944366455,61977900,0.0,0.0
2008-04-24 00:00:00-04:00,13.846120575992126,14.11593016273471,13.698952029475711,13.913573265075684,51298500,0.0,0.0
2008-04-25 00:00:00-04:00,13.87678346681267,13.882915637204102,13.527257941644375,13.83385944366455,47604400,0.0,0.0
2008-04-28 00:00:00-04:00,13.754143334453245,14.005556468277806,13.692822801170985,13.9258394241333,47695200,0.0,0.0
2008-04-29 00:00:00-04:00,13.8767793830895,13.981023909882472,13.766403857301265,13.870648384094238,40664300,0.0,0.0
2008-04-30 00:00:00-04:00,13.93809864068641,13.956495144785604,13.576308913875842,13.649893760681152,56505700,0.0,0.0
2008-05-01 00:00:00-04:00,13.711217166012435,14.355079740721827,13.711217166012435,14.281496047973633,71506000,0.0,0.0
2008-05-02 00:00:00-04:00,14.477722300309718,14.508381980558628,14.18338398979776,14.459325790405273,59077200,0.0,0.0
2008-05-05 00:00:00-04:00,14.422315988804433,14.736917559348512,14.298943585200142,14.342123985290527,38631100,0.14,0.0
2008-05-06 00:00:00-04:00,14.237254941749628,14.625879668550846,14.237254941749628,14.545687675476074,46003800,0.0,0.0
2008-05-07 00:00:00-04:00,14.558024620565998,14.644385405668631,14.274265906321348,14.29277229309082,54228300,0.0,0.0
2008-05-08 00:00:00-04:00,14.422313783369809,14.564193731856319,14.25576100514409,14.434651374816895,50106000,0.0,0.0
2008-05-09 00:00:00-04:00,14.274261607328814,14.539513854917727,14.268092813596851,14.416141510009766,40044600,0.0,0.0
2008-05-12 00:00:00-04:00,14.409973479983682,14.625875389159352,14.311275128195616,14.582695007324219,34425100,0.0,0.0
2008-05-13 00:00:00-04:00,14.582699600688887,14.761591155014045,14.558025593258453,14.656723976135254,39476600,0.0,0.0
2008-05-14 00:00:00-04:00,14.712239695014171,14.98366079436222,14.656721716134403,14.706070899963379,59397400,0.0,0.0
2008-05-15 00:00:00-04:00,14.755424078480202,15.415470032101366,14.712243678011927,15.403132438659668,77447300,0.0,0.0
2008-05-16 00:00:00-04:00,15.415464925720515,15.421633720397947,15.125538635344855,15.42163372039795,59985800,0.0,0.0
2008-05-19 00:00:00-04:00,15.545008387891261,15.600526367436238,15.2920936706652,15.347610473632812,61246100,0.0,0.0
2008-05-20 00:00:00-04:00,15.144045187209546,15.18722675378501,14.681396134526029,14.8602876663208,73929600,0.0,0.0
2008-05-21 00:00:00-04:00,14.73074552004307,14.928143440197061,14.508674771808108,14.595035552978516,64445700,0.0,0.0
2008-05-22 00:00:00-04:00,14.69373467206746,14.884962630060665,14.638216688040812,14.730746269226074,41170000,0.0,0.0
2008-05-23 00:00:00-04:00,14.644381418326134,14.693730593030581,14.237250432870157,14.440815925598145,59073500,0.0,0.0
2008-05-27 00:00:00-04:00,14.366794569976605,14.63204568222036,14.354456980594863,14.558022499084473,52821500,0.0,0.0
2008-05-28 00:00:00-04:00,14.681390624513254,14.687559417423135,14.274259705076592,14.477825164794922,50288400,0.0,0.0
2008-05-29 00:00:00-04:00,14.354456533866337,14.385299329783543,14.064529075304717,14.274263381958008,54937400,0.0,0.0
2008-05-30 00:00:00-04:00,14.360623604880416,14.52717633005271,14.231081289105182,14.29893684387207,55484500,0.0,0.0
2008-06-02 00:00:00-04:00,14.218742850566192,14.422308326105933,14.076864132342715,14.311273574829102,50569500,0.0,0.0
2008-06-03 00:00:00-04:00,14.372961058879772,14.613539326613598,14.095372379063004,14.150890350341797,65482900,0.0,0.0
2008-06-04 00:00:00-04:00,14.07069938889135,14.60737280246219,14.07069938889135,14.483999252319336,57510100,0.0,0.0
2008-06-05 00:00:00-04:00,14.57035588861402,14.804764136413377,14.403802009700904,14.72457218170166,51960800,0.0,0.0
2008-06-06 00:00:00-04:00,14.595034715819844,14.619709895640272,14.126216888427733,14.126216888427734,69864000,0.0,0.0
2008-06-09 00:00:00-04:00,14.237251720020817,14.24958930895662,13.780771518591278,14.039855003356934,57224700,0.0,0.0
2008-06-10 00:00:00-04:00,13.76226829184801,14.126219012893122,13.76226829184801,13.990509033203125,56570700,0.0,0.0
2008-06-11 00:00:00-04:00,13.904153099830186,13.965838727046433,13.441503836240807,13.453840255737305,59797500,0.0,0.0
2008-06-12 00:00:00-04:00,13.601887702941895,13.947333329089366,13.497020490821752,13.601887702941895,60253600,0.0,0.0
2008-06-13 00:00:00-04:00,13.719088742099302,14.002847487297018,13.688245937363229,13.978172302246094,43003400,0.0,0.0
2008-06-16 00:00:00-04:00,13.848626833392233,14.237251465299133,13.823951655962098,14.101541519165039,44772000,0.0,0.0
2008-06-17 00:00:00-04:00,14.150892529357144,14.194072918872598,13.922651814890271,13.928820610046387,43990500,0.0,0.0
2008-06-18 00:00:00-04:00,13.786942407554369,13.990507949611578,13.700580448460988,13.743762016296387,41535000,0.0,0.0
2008-06-19 00:00:00-04:00,13.700581319721586,14.24959237991072,13.657400925717635,14.095376014709473,48519900,0.0,0.0
2008-06-20 00:00:00-04:00,14.021345106898414,14.027513899820722,13.762261687046234,13.799274444580078,71018300,0.0,0.0
2008-06-23 00:00:00-04:00,13.879469708472516,14.009010860994525,13.762264968159348,13.793108940124512,46279200,0.0,0.0
2008-06-24 00:00:00-04:00,13.694411513541246,14.070698584467566,13.682073923916828,13.823952674865723,46126600,0.0,0.0
2008-06-25 00:00:00-04:00,13.836288278068338,14.18790129584342,13.830119484141758,13.97199821472168,54778100,0.0,0.0
2008-06-26 00:00:00-04:00,13.793106497706713,13.89180483736375,13.318120002746582,13.318120002746582,56482100,0.0,0.0
2008-06-27 00:00:00-04:00,13.324287120788984,13.472334611660578,13.089877711142975,13.256431579589844,60068800,0.0,0.0
2008-06-30 00:00:00-04:00,13.207083792187335,13.509347597952491,13.163903416589026,13.250264167785645,50166900,0.0,0.0
2008-07-01 00:00:00-04:00,13.133063637160642,13.46617030852966,13.02819648242688,13.305785179138184,66857400,0.0,0.0
2008-07-02 00:00:00-04:00,13.342798669026337,13.453834634144638,12.873981979869512,12.910993576049805,47772900,0.0,0.0
2008-07-03 00:00:00-04:00,12.71975845797881,12.830793183973011,12.49768665283687,12.74443244934082,41363800,0.0,0.0
2008-07-07 00:00:00-04:00,12.818461558781964,13.114556625051309,12.516197698226526,12.775279998779297,47325800,0.0,0.0
2008-07-08 00:00:00-04:00,12.769114292024893,13.034365426559768,12.528535985172388,12.904824256896973,58443500,0.0,0.0
2008-07-09 00:00:00-04:00,12.86781464926916,12.892488657339076,12.189262366971828,12.220105171203613,68343100,0.0,0.0
2008-07-10 00:00:00-04:00,12.244780836581716,12.812297163401238,12.158418863502531,12.719767570495605,93629500,0.0,0.0
2008-07-11 00:00:00-04:00,12.51002694902159,13.065205405664198,12.331135472411484,12.732097625732422,74358200,0.0,0.0
2008-07-14 00:00:00-04:00,12.966510159453795,13.046702138620857,12.534703936494013,12.627233505249023,49072300,0.0,0.0
2008-07-15 00:00:00-04:00,12.491522521082144,13.065207447339752,12.473016138223858,12.775279998779297,100047200,0.0,0.0
2008-07-16 00:00:00-04:00,12.972679300671283,13.046702487021092,12.479186293170782,12.89865493774414,87306000,0.0,0.0
2008-07-17 00:00:00-04:00,13.108383178971668,13.817777798047718,12.978842074665746,13.564863204956055,94030200,0.0,0.0
2008-07-18 00:00:00-04:00,13.503180959247201,13.675903665775722,13.244097487743009,13.626554489135742,54733400,0.0,0.0
2008-07-21 00:00:00-04:00,13.694410048232157,13.725252842415703,13.540193724160071,13.626554489135742,48686600,0.0,0.0
2008-07-22 00:00:00-04:00,13.398313811815095,13.645060871592177,13.34279584102297,13.626554489135742,74321500,0.0,0.0
2008-07-23 00:00:00-04:00,13.694409347346157,13.953492805590342,13.583373411444775,13.756094932556152,56708400,0.0,0.0
2008-07-24 00:00:00-04:00,13.601878060923731,13.657396026607262,13.33662699625217,13.367469787597656,61416300,0.0,0.0
2008-07-25 00:00:00-04:00,13.447665219772485,13.620387954960202,13.299617665287604,13.577207565307617,40234600,0.0,0.0
2008-07-28 00:00:00-04:00,13.49084330613374,13.571035269578246,13.330458202667659,13.367469787597656,49863200,0.0,0.0
2008-07-29 00:00:00-04:00,13.367474898460648,13.725256827115617,13.348968510631462,13.712919235229492,47493600,0.0,0.0
2008-07-30 00:00:00-04:00,13.756099630253408,13.848630392821823,13.126897739568822,13.712919235229492,52616100,0.0,0.0
2008-07-31 00:00:00-04:00,13.564871257615803,13.941159562873263,13.52169086388019,13.688244819641113,65269400,0.0,0.0
2008-08-01 00:00:00-04:00,13.830115220196133,13.891801963866229,13.558694253993773,13.786934852600098,42123200,0.0,0.0
2008-08-04 00:00:00-04:00,13.817784147226162,13.972000490781314,13.67590539353398,13.89180850982666,41598200,0.0,0.0
2008-08-05 00:00:00-04:00,14.12148280817724,14.30769969031424,13.941472129365149,14.289078712463379,54578500,0.14,0.0
2008-08-06 00:00:00-04:00,14.239419548843841,14.295284845370592,13.941470906055187,14.152517318725586,49927000,0.0,0.0
2008-08-07 00:00:00-04:00,14.102859096306988,14.928422568533879,14.09044550708351,14.692547798156738,113395100,0.0,0.0
2008-08-08 00:00:00-04:00,14.735999592016425,15.083604982969119,14.649098540262761,15.040154457092285,69455500,0.0,0.0
2008-08-11 00:00:00-04:00,14.959463361940157,15.356726734121315,14.853940130712257,15.133265495300293,51679900,0.0,0.0
2008-08-12 00:00:00-04:00,15.083592816385249,15.263603345748646,14.928411815459734,15.220152854919434,51900400,0.0,0.0
2008-08-13 00:00:00-04:00,15.07739071802077,15.362923269075246,14.91600229110143,14.971867561340332,46340500,0.0,0.0
2008-08-14 00:00:00-04:00,14.841515614759171,15.201535605523588,14.74840722099789,15.120841979980469,50431900,0.0,0.0
2008-08-15 00:00:00-04:00,15.114632584334995,15.207740965704911,15.009109436399143,15.058767318725586,43120100,0.0,0.0
2008-08-18 00:00:00-04:00,15.08359383790287,15.133251714204569,14.822889691334657,14.903584480285645,45839600,0.0,0.0
2008-08-19 00:00:00-04:00,14.779450855411515,14.947046764103773,14.574611806100341,14.642891883850098,66159500,0.0,0.0
2008-08-20 00:00:00-04:00,14.735990518850343,14.773233634679631,14.369763192039972,14.518736839294434,54152400,0.0,0.0
2008-08-21 00:00:00-04:00,14.357348503109113,14.44425068576391,14.152509589034107,14.307690620422363,54971900,0.0,0.0
2008-08-22 00:00:00-04:00,14.400803037818118,14.599434607894912,14.22699982203215,14.580812454223633,45352600,0.0,0.0
2008-08-25 00:00:00-04:00,14.44424978146265,14.50011504397989,14.233203497272466,14.258031845092773,42328200,0.0,0.0
2008-08-26 00:00:00-04:00,14.23320543654204,14.388386479358351,14.059402242370307,14.36976432800293,39519900,0.0,0.0
2008-08-27 00:00:00-04:00,14.33872856401909,14.636675881478928,14.289070677775785,14.531152725219727,39153600,0.0,0.0
2008-08-28 00:00:00-04:00,14.642891883850098,14.717378165087927,14.562197031248004,14.642891883850098,30305300,0.0,0.0
2008-08-29 00:00:00-04:00,14.45046361501583,14.52494987566428,14.18355194916039,14.195966720581055,53554000,0.0,0.0
2008-09-02 00:00:00-04:00,14.444255079737326,14.57460661746677,13.947674917871765,14.015954971313477,44071100,0.0,0.0
2008-09-03 00:00:00-04:00,14.022157393590653,14.022157393590653,13.35177541869114,13.370397567749023,73837200,0.0,0.0
2008-09-04 00:00:00-04:00,13.326957076252397,13.351786629177074,12.724854625087955,12.737269401550293,87863800,0.0,0.0
2008-09-05 00:00:00-04:00,12.631739555913134,12.935894316365019,12.507594224164858,12.79312801361084,67373000,0.0,0.0
2008-09-08 00:00:00-04:00,13.022794642034587,13.09728207388902,12.73726205179065,13.016587257385254,63278600,0.0,0.0
2008-09-09 00:00:00-04:00,12.917269128637193,12.973134396413814,12.551041788295949,12.619321823120117,71239500,0.0,0.0
2008-09-10 00:00:00-04:00,12.855194561707886,12.861401944306662,12.501382041137898,12.51379680633545,66190200,0.0,0.0
2008-09-11 00:00:00-04:00,12.395866698943244,12.53863422060822,12.209649839641683,12.532426834106445,85607000,0.0,0.0
2008-09-12 00:00:00-04:00,12.327580064120877,12.544832535392153,12.153776903166683,12.51379680633545,61077400,0.0,0.0
2008-09-15 00:00:00-04:00,12.079293885148182,12.526216123159898,11.998600249916956,12.01722240447998,75521100,0.0,0.0
2008-09-16 00:00:00-04:00,11.663412060163857,12.321379593556745,11.51443716209581,12.091711044311523,103752800,0.0,0.0
2008-09-17 00:00:00-04:00,11.95514768449223,12.104121343571391,11.514432907104492,11.514432907104492,93136100,0.0,0.0
2008-09-18 00:00:00-04:00,11.657205073136808,12.22206420252702,11.117174304982646,11.95515251159668,126532800,0.0,0.0
2008-09-19 00:00:00-04:00,12.513803003819028,12.551046133919236,11.396499629310735,11.936529159545898,107675000,0.0,0.0
2008-09-22 00:00:00-04:00,11.880662558819765,12.110331067575807,11.464777236214324,11.483399391174316,48899300,0.0,0.0
2008-09-23 00:00:00-04:00,11.570303837629558,11.924116599025615,11.483402789971011,11.564096450805664,64671800,0.0,0.0
2008-09-24 00:00:00-04:00,11.65099062439346,11.80617163585122,11.495809612935702,11.607540130615234,67876800,0.0,0.0
2008-09-25 00:00:00-04:00,11.756515334335226,11.793758450571424,11.495811152807207,11.526846885681152,69705600,0.0,0.0
2008-09-26 00:00:00-04:00,11.30959606128088,12.042050907969305,11.29097509042659,11.917906761169434,68353700,0.0,0.0
2008-09-29 00:00:00-04:00,11.64478568739637,11.793759347609475,10.7199068069458,10.7199068069458,93067800,0.0,0.0
2008-09-30 00:00:00-04:00,11.222691165620548,11.669612070893429,11.048887999379156,11.626161575317383,84089900,0.0,0.0
2008-10-01 00:00:00-04:00,11.483396695343494,11.60133461452786,11.21027773973557,11.495811462402344,74450600,0.0,0.0
2008-10-02 00:00:00-04:00,11.322013033270233,11.334427805546175,10.633008563147486,10.676460266113281,80680400,0.0,0.0
2008-10-03 00:00:00-04:00,10.86267461303465,11.117171466396456,10.676457807529088,10.744736671447754,83407600,0.0,0.0
2008-10-06 00:00:00-04:00,10.53368893970009,10.813015295105517,10.049524835580575,10.50886058807373,111110100,0.0,0.0
2008-10-07 00:00:00-04:00,10.601973551223473,10.800605185654407,9.931591193050108,9.944005966186523,90115400,0.0,0.0
2008-10-08 00:00:00-04:00,9.68950445314633,10.446788135414625,9.615017620918605,10.08676815032959,124271200,0.0,0.0
2008-10-09 00:00:00-04:00,10.372301193085288,10.583347523519475,9.646054397133456,9.683298110961914,106013200,0.0,0.0
2008-10-10 00:00:00-04:00,9.31706779939686,9.863305014899808,8.85152477854454,9.428797721862793,166831600,0.0,0.0
2008-10-13 00:00:00-04:00,10.043318140858958,10.601969706066887,9.739162820987417,10.546104431152344,99262800,0.0,0.0
2008-10-14 00:00:00-04:00,10.819225266502242,10.837846238691014,9.701921353574336,9.888138771057129,124442300,0.0,0.0
2008-10-15 00:00:00-04:00,10.018485573116408,10.192288729603504,9.298445785285375,9.30465316772461,141131200,0.0,0.0
2008-10-16 00:00:00-04:00,9.453630311312283,9.912966719228159,8.98808711061675,9.857101440429688,120891700,0.0,0.0
2008-10-17 00:00:00-04:00,9.534324698685587,10.124012644497858,9.478460010909336,9.62122631072998,93872200,0.0,0.0
2008-10-20 00:00:00-04:00,9.62122174948095,9.999863758481666,9.583978049984552,9.956413269042969,74062300,0.0,0.0
2008-10-21 00:00:00-04:00,9.75157661054278,9.86330714915389,9.44121452948409,9.466043472290039,78715200,0.0,0.0
2008-10-22 00:00:00-04:00,9.428802024662973,9.428802024662973,8.845321432724948,9.05016040802002,78516000,0.0,0.0
2008-10-23 00:00:00-04:00,9.062576295763675,9.279829476242718,8.628068750867778,9.00671100616455,85195700,0.0,0.0
2008-10-24 00:00:00-04:00,8.311497941286863,9.217755372220285,8.299083172110965,8.86394214630127,96012400,0.0,0.0
2008-10-27 00:00:00-04:00,8.727382411752044,9.223961292446532,8.603237099609704,8.845319747924805,80541800,0.0,0.0
2008-10-28 00:00:00-04:00,9.05015787113101,9.875720926077339,8.913598395224264,9.844684600830078,102361500,0.0,0.0
2008-10-29 00:00:00-04:00,9.68329913294458,9.788822309298668,9.25499904257356,9.27362060546875,99351500,0.0,0.0
2008-10-30 00:00:00-04:00,9.615014030341731,10.19849488618685,9.484661974628972,10.03710651397705,134857200,0.0,0.0
2008-10-31 00:00:00-04:00,9.912965904155122,10.235742188940645,9.695712191572925,9.950209617614746,94902700,0.0,0.0
2008-11-03 00:00:00-05:00,10.012283122900783,10.142635850464396,9.683299979118653,9.708128929138184,54065800,0.0,0.0
2008-11-04 00:00:00-05:00,10.043322472810237,10.173674047876593,9.813654481742027,10.09298038482666,71411200,0.0,0.0
2008-11-05 00:00:00-05:00,10.042889785845956,10.092978961082737,9.360423429747145,9.429296493530273,68927600,0.14,0.0
2008-11-06 00:00:00-05:00,9.141279836009698,9.25398013733733,8.627865096435565,8.684215545654297,108708400,0.0,0.0
2008-11-07 00:00:00-05:00,8.81570032823181,9.241458776102453,8.778133757601974,9.160063743591309,73428200,0.0,0.0
2008-11-10 00:00:00-05:00,9.397984568974424,9.429290432652417,8.909614528660972,8.984748840332031,52853700,0.0,0.0
2008-11-11 00:00:00-05:00,8.784395751001071,8.878313385655414,8.427510291800466,8.721784591674805,84853800,0.0,0.0
2008-11-12 00:00:00-05:00,8.483861643940886,8.74683009320769,8.458817058158811,8.465078353881836,72675400,0.0,0.0
2008-11-13 00:00:00-05:00,8.164543875270123,9.04110509799175,8.058104221454053,9.034844398498535,143460400,0.0,0.0
2008-11-14 00:00:00-05:00,8.809441645959309,8.840747528839154,8.289766020328067,8.339855194091797,74873700,0.0,0.0
2008-11-17 00:00:00-05:00,8.270980037218228,8.440030794366836,8.139495849609375,8.139495849609375,60210900,0.0,0.0
2008-11-18 00:00:00-05:00,8.214630549760573,8.283503000071999,7.832700530035513,8.208369255065918,96916400,0.0,0.0
2008-11-19 00:00:00-05:00,8.14575521438752,8.302283943655029,7.8076531830540885,7.8201751708984375,73707700,0.0,0.0
2008-11-20 00:00:00-05:00,7.688693609300394,8.233413699336724,7.619821160138301,7.657387733459473,114060100,0.0,0.0
2008-11-21 00:00:00-05:00,7.79513335897751,8.245936426123922,7.550948836985228,8.208369255065918,104114400,0.0,0.0
2008-11-24 00:00:00-05:00,8.3461150439791,8.577777581774273,8.214630836353738,8.490121841430664,98132700,0.0,0.0
2008-11-25 00:00:00-05:00,8.627865558371987,8.671694019616377,8.208368410739117,8.220890998840332,84213900,0.0,0.0
2008-11-26 00:00:00-05:00,8.164541737663304,8.759351025716033,8.145758449881205,8.74682903289795,71468300,0.0,0.0
2008-11-28 00:00:00-05:00,8.634128147454108,8.7843956445481,8.565255693896852,8.640389442443848,26023500,0.0,0.0
2008-12-01 00:00:00-05:00,8.427508380493276,8.496380819265312,7.85774379516056,7.864005088806152,60830800,0.0,0.0
2008-12-02 00:00:00-05:00,8.089408539161566,8.346115679031941,7.9015738572459275,8.314809799194336,63839000,0.0,0.0
2008-12-03 00:00:00-05:00,7.976705618422505,8.558992807802824,7.964183627880804,8.55273151397705,77247200,0.0,0.0
2008-12-04 00:00:00-05:00,8.364898477498457,8.446293521458504,7.964185149830481,7.995491027832031,78387100,0.0,0.0
2008-12-05 00:00:00-05:00,7.957923004457497,8.358636886416805,7.751305067679544,8.321069717407227,85179900,0.0,0.0
2008-12-08 00:00:00-05:00,8.490122217426942,8.771873932784766,8.421249164552602,8.728045463562012,78042400,0.0,0.0
2008-12-09 00:00:00-05:00,8.54020504419271,9.197625026233453,8.446287477394367,8.95344066619873,88120000,0.0,0.0
2008-12-10 00:00:00-05:00,8.92840438358155,9.26650662405539,8.609085435047897,8.93466567993164,74889000,0.0,0.0
2008-12-11 00:00:00-05:00,8.915878703979809,9.141280517662647,8.753088637899955,8.771872520446777,73846300,0.0,0.0
2008-12-12 00:00:00-05:00,8.57777613966089,9.285286223924555,8.57151484580045,9.235197067260742,69873000,0.0,0.0
2008-12-15 00:00:00-05:00,9.235198585842847,9.354160203203293,8.965968876671907,9.13502025604248,60647200,0.0,0.0
2008-12-16 00:00:00-05:00,9.216416267725146,9.817486906861786,9.153804506459034,9.792442321777344,100659300,0.0,0.0
2008-12-17 00:00:00-05:00,9.648436709790964,9.717309775172186,9.404252124123238,9.554519653320312,66997400,0.0,0.0
2008-12-18 00:00:00-05:00,9.429294173243756,9.51068861514207,8.82196232655763,8.928401947021484,74156300,0.0,0.0
2008-12-19 00:00:00-05:00,9.028579464636554,9.279025256773682,8.928401147781702,9.041101455688477,72433900,0.0,0.0
2008-12-22 00:00:00-05:00,9.066147526254237,9.128759283142886,8.765612526252646,8.97849178314209,42388700,0.0,0.0
2008-12-23 00:00:00-05:00,9.04110120605215,9.072407078482364,8.778133430123976,8.809438705444336,33805400,0.0,0.0
2008-12-24 00:00:00-05:00,8.803177466010942,8.9722282113379,8.79691617248888,8.909616470336914,11410800,0.0,0.0
2008-12-26 00:00:00-05:00,8.8970944405989,8.959706181319774,8.8031774266274,8.878311157226562,14813900,0.0,0.0
2008-12-29 00:00:00-05:00,8.91587828555942,8.98475132411248,8.709260364119942,8.847005844116211,31939500,0.0,0.0
2008-12-30 00:00:00-05:00,8.965968358705558,9.26650392785458,8.959707661287178,9.197630882263184,37105200,0.0,0.0
2008-12-31 00:00:00-05:00,9.210150316713147,9.341634471222555,9.1162333193963,9.178844451904297,34063800,0.0,0.0
2009-01-02 00:00:00-05:00,9.197630800828701,9.548255528879862,9.059885905085304,9.516949653625488,52208200,0.0,0.0
2009-01-05 00:00:00-05:00,9.435554103503902,9.573299588863703,9.272764635834907,9.335375785827637,57320400,0.0,0.0
2009-01-06 00:00:00-05:00,9.448077179103468,9.711045575122604,9.441815884648273,9.62338924407959,61631400,0.0,0.0
2009-01-07 00:00:00-05:00,9.260241971640864,9.429293329165827,8.978490306209128,9.041101455688477,131389200,0.0,0.0
2009-01-08 00:00:00-05:00,9.04736311204867,9.122496852698355,8.922140210965864,9.10997486114502,63101600,0.0,0.0
2009-01-09 00:00:00-05:00,9.135018540205927,9.141279833919873,8.778133158048657,8.859527587890625,45551100,0.0,0.0
2009-01-12 00:00:00-05:00,8.865790143277263,8.953446476417206,8.527687997037365,8.634127616882324,54082500,0.0,0.0
2009-01-13 00:00:00-05:00,8.508907972413038,8.878316136188813,8.42125160566806,8.55899715423584,65565100,0.0,0.0
2009-01-14 00:00:00-05:00,8.427511464695277,8.533951107184574,8.12071512910144,8.189587593078613,69549600,0.0,0.0
2009-01-15 00:00:00-05:00,8.145757655285607,8.42124803861958,7.957923004457497,8.321069717407227,73153900,0.0,0.0
2009-01-16 00:00:00-05:00,8.690479606038021,8.740568777487574,8.308549524457662,8.602823257446289,83985300,0.0,0.0
2009-01-20 00:00:00-05:00,8.490120868419826,8.602821178389862,8.02053455173335,8.051839828491211,71563900,0.0,0.0
2009-01-21 00:00:00-05:00,8.14575831293642,8.302287101745605,7.8264394404592945,8.302287101745605,56622000,0.0,0.0
2009-01-22 00:00:00-05:00,8.0330538183169,8.183321245381626,7.857741820074718,8.026792526245117,72704000,0.0,0.0
2009-01-23 00:00:00-05:00,8.045578424619544,8.383680519047902,7.876527078850453,8.214629173278809,63162200,0.0,0.0
2009-01-26 00:00:00-05:00,8.189582039747311,8.502639458994867,8.158276178400627,8.377416610717773,49562500,0.0,0.0
2009-01-27 00:00:00-05:00,8.458815653599816,8.734306051458354,8.452554358916457,8.646650314331055,45615800,0.0,0.0
2009-01-28 00:00:00-05:00,8.84700625930443,8.934662586526631,8.63412703398614,8.771872520446777,57065400,0.0,0.0
2009-01-29 00:00:00-05:00,8.671694150614167,8.671694150614167,8.333592029202107,8.371158599853516,51354500,0.0,0.0
2009-01-30 00:00:00-05:00,8.421246687802013,8.4525525574367,8.076883316040039,8.076883316040039,47000100,0.0,0.0
2009-02-02 00:00:00-05:00,8.026798094773916,8.584040936442264,7.9829702140855385,8.533951759338379,69886500,0.0,0.0
2009-02-03 00:00:00-05:00,8.558989157127224,8.634122859660101,8.321065467218315,8.596555709838867,56695700,0.0,0.0
2009-02-04 00:00:00-05:00,8.716748690783025,9.210150003981825,8.672469317775906,8.78000545501709,77692400,0.14,0.0
2009-02-05 00:00:00-05:00,8.634514015223097,9.108937875471863,8.55860626997463,9.014053344726562,61024500,0.0,0.0
2009-02-06 00:00:00-05:00,9.134240308080125,9.412569306041162,8.98875061621136,9.317684173583984,62677300,0.0,0.0
2009-02-09 00:00:00-05:00,9.260754872268851,9.520106511306409,9.19749811009624,9.431547164916992,64735500,0.0,0.0
2009-02-10 00:00:00-05:00,9.349314503650765,9.583363580707903,8.881216349536489,8.906518936157227,94001200,0.0,0.0
2009-02-11 00:00:00-05:00,9.020380877581173,9.058334455881655,8.685120850779834,8.906518936157227,57378700,0.0,0.0
2009-02-12 00:00:00-05:00,8.735727916213623,8.855915069580078,8.533306590119796,8.855915069580078,76366300,0.0,0.0
2009-02-13 00:00:00-05:00,8.798982242982825,9.02038031454084,8.761028667051356,8.78000545501709,55953700,0.0,0.0
2009-02-17 00:00:00-05:00,8.577582005827663,8.685117505094988,8.356184005737305,8.356184005737305,60690300,0.0,0.0
2009-02-18 00:00:00-05:00,8.42577200513643,8.666146960058468,8.280282234222842,8.451074600219727,51305600,0.0,0.0
2009-02-19 00:00:00-05:00,8.43209258841087,8.463720963514216,8.014599726177702,8.020925521850586,56175100,0.0,0.0
2009-02-20 00:00:00-05:00,7.926039576024549,8.235996896036797,7.926039576024549,8.08418083190918,73617900,0.0,0.0
2009-02-23 00:00:00-05:00,8.16009174484701,8.166417542332153,7.6224116270961035,7.641388416290283,88416500,0.0,0.0
2009-02-24 00:00:00-05:00,7.698318893435424,8.103160857603028,7.647713723322125,8.052555084228516,74644300,0.0,0.0
2009-02-25 00:00:00-05:00,8.046230875397011,8.5269800503247,7.957671515227057,8.242325782775879,108225000,0.0,0.0
2009-02-26 00:00:00-05:00,8.425769191399773,8.602887901096533,8.008276210314019,8.039904594421387,69012700,0.0,0.0
2009-02-27 00:00:00-05:00,7.9070662327573205,8.311908241048556,7.900740434988408,8.058881759643555,69764500,0.0,0.0
2009-03-02 00:00:00-05:00,7.913388609166396,8.235996916765645,7.7868757247924805,7.7868757247924805,64495900,0.0,0.0
2009-03-03 00:00:00-05:00,7.894415324351155,7.989300489359836,7.679343610839741,7.767902374267578,76602000,0.0,0.0
2009-03-04 00:00:00-05:00,8.033577122107959,8.254975161441234,7.818504878929607,8.071531295776367,84412100,0.0,0.0
2009-03-05 00:00:00-05:00,7.945016981075129,8.134786006005493,7.78054992975853,7.7868757247924805,76644500,0.0,0.0
2009-03-06 00:00:00-05:00,7.862784534003104,8.172741294053118,7.6350607076307675,7.850132942199707,79191400,0.0,0.0
2009-03-09 00:00:00-04:00,7.799529007991374,8.22334774787344,7.780552220563263,7.938693523406982,87044700,0.0,0.0
2009-03-10 00:00:00-04:00,8.096834456325587,8.824284174866772,8.065206076549629,8.805307388305664,92478000,0.0,0.0
2009-03-11 00:00:00-04:00,8.887543159816921,8.919171547512477,8.62819146658375,8.830612182617188,82085400,0.0,0.0
2009-03-12 00:00:00-04:00,9.00772631936353,9.235450127296994,8.780003114691116,9.184844970703125,84846000,0.0,0.0
2009-03-13 00:00:00-04:00,9.216474416804692,9.298707962036133,8.988751170729198,9.298707962036133,66631100,0.0,0.0
2009-03-16 00:00:00-04:00,9.35563849997523,9.39359267423003,8.944471395730753,9.014053344726562,72651200,0.0,0.0
2009-03-17 00:00:00-04:00,9.058329084720375,9.425216674804688,9.014049735204958,9.425216674804688,64928700,0.0,0.0
2009-03-18 00:00:00-04:00,9.42521900053951,9.747827320714133,9.311357701795144,9.640291213989258,91361600,0.0,0.0
2009-03-19 00:00:00-04:00,9.735175780121946,9.735175780121946,9.311357172590425,9.583359718322754,66560800,0.0,0.0
2009-03-20 00:00:00-04:00,9.608665504452366,9.741504225862364,9.077311222073591,9.267080307006836,84639100,0.0,0.0
2009-03-23 00:00:00-04:00,9.501130693463669,9.830064321846852,9.450524916605001,9.817413330078125,64167500,0.0,0.0
2009-03-24 00:00:00-04:00,9.652941887997562,9.74782639515203,9.48847484588623,9.48847484588623,59468600,0.0,0.0
2009-03-25 00:00:00-04:00,9.539086567902718,9.937602858343363,9.305037432868321,9.45052719116211,94510300,0.0,0.0
2009-03-26 00:00:00-04:00,9.633964852612971,10.051458267680362,9.602337084590856,10.00717830657959,77554300,0.0,0.0
2009-03-27 00:00:00-04:00,9.798431654701835,9.905967752408314,9.65294199501718,9.754152297973633,45694300,0.0,0.0
2009-03-30 00:00:00-04:00,9.545404533789444,9.551730327635857,9.159539554810928,9.311355590820312,55433000,0.0,0.0
2009-03-31 00:00:00-04:00,9.43154806590385,9.722528113824763,9.425222268430053,9.507455825805664,62044500,0.0,0.0
2009-04-01 00:00:00-04:00,9.342989314315693,9.690899729717028,9.248104161992487,9.507455825805664,75052800,0.0,0.0
2009-04-02 00:00:00-04:00,9.728849987924326,10.121040224221591,9.652942258633985,9.931270599365234,77688000,0.0,0.0
2009-04-03 00:00:00-04:00,9.886993930070965,10.095740393200618,9.709875846895141,10.089414596557617,51137100,0.0,0.0
2009-04-06 00:00:00-04:00,9.899643453696564,10.03880794292278,9.773130555882314,10.032482147216797,47650800,0.0,0.0
2009-04-07 00:00:00-04:00,9.868019393060282,9.981880742285927,9.652947084256615,9.773134231567383,52741800,0.0,0.0
2009-04-08 00:00:00-04:00,9.709872575107125,9.950246733934218,9.583359097921116,9.65926742553711,68332300,0.0,0.0
2009-04-09 00:00:00-04:00,9.88066477469494,10.165318890994657,9.86801378897056,10.10838794708252,58560100,0.0,0.0
2009-04-13 00:00:00-04:00,10.000852457011888,10.177970479980004,9.842711214260827,10.10838794708252,45423200,0.0,0.0
2009-04-14 00:00:00-04:00,10.108392488671914,10.367744146785741,9.994531152951962,10.12736988067627,92083600,0.0,0.0
2009-04-15 00:00:00-04:00,9.716199662951222,9.918620904004703,9.558058388860644,9.880666732788086,152727500,0.0,0.0
2009-04-16 00:00:00-04:00,10.019832839215242,10.076763803593245,9.74150381409194,10.051461219787598,68775100,0.0,0.0
2009-04-17 00:00:00-04:00,10.04513236841231,10.051458163255415,9.773129222768725,9.868014335632324,67299700,0.0,0.0
2009-04-20 00:00:00-04:00,9.716198025013545,9.72252381969344,9.48847484588623,9.48847484588623,66489000,0.0,0.0
2009-04-21 00:00:00-04:00,9.475825990706742,9.817411762851268,9.46317500095759,9.716200828552246,85204200,0.0,0.0
2009-04-22 00:00:00-04:00,9.608662849936119,10.190623347813627,9.539080911567579,9.912294387817383,95293600,0.0,0.0
2009-04-23 00:00:00-04:00,9.91862132119792,9.988203267550514,9.551733598136773,9.823736190795898,74517400,0.0,0.0
2009-04-24 00:00:00-04:00,9.874340937041802,9.956574471960234,9.678246094995693,9.880666732788086,67621900,0.0,0.0
2009-04-27 00:00:00-04:00,9.684571487400632,9.886992116762647,9.621314739094473,9.665594100952148,64601800,0.0,0.0
2009-04-28 00:00:00-04:00,9.564383770046723,9.747827615910133,9.513778612792063,9.52010440826416,55510200,0.0,0.0
2009-04-29 00:00:00-04:00,9.614992807247106,9.836390912022994,9.532759242709242,9.709877967834473,60855600,0.0,0.0
2009-04-30 00:00:00-04:00,9.874339322556702,10.22225018932369,9.804757390507701,9.9818754196167,77775200,0.0,0.0
2009-05-01 00:00:00-04:00,9.969226116548715,10.02615707204631,9.792107454275953,10.0008544921875,50861600,0.0,0.0
2009-05-04 00:00:00-04:00,10.304484827361586,10.589138364449221,10.209599108477006,10.538533210754395,88096300,0.0,0.0
2009-05-05 00:00:00-04:00,10.54491583779201,10.54491583779201,10.16216004454193,10.308882713317871,67894300,0.14,0.0
2009-05-06 00:00:00-04:00,10.481120950666323,10.487500354591948,10.187675062195417,10.283364295959473,66328400,0.0,0.0
2009-05-07 00:00:00-04:00,10.404572320099533,10.442848754688955,9.875093809084893,10.06009292602539,90338200,0.0,0.0
2009-05-08 00:00:00-04:00,10.12388118749442,10.162156998696664,9.696470902874049,9.753884315490723,94098000,0.0,0.0
2009-05-11 00:00:00-04:00,9.626302065997823,9.970782032589014,9.568888636837032,9.80492115020752,69490100,0.0,0.0
2009-05-12 00:00:00-04:00,9.88147228888389,9.906989301178756,9.568888736178383,9.702853202819824,73714000,0.0,0.0
2009-05-13 00:00:00-04:00,9.798540930330116,9.868713163857642,9.626301265543516,9.65181827545166,75872500,0.0,0.0
2009-05-14 00:00:00-04:00,9.670953524815356,10.009053975825843,9.664574121799053,9.913365364074707,71224300,0.0,0.0
2009-05-15 00:00:00-04:00,9.913366347525605,9.95802095632296,9.664575080568728,9.690092086791992,61813300,0.0,0.0
2009-05-18 00:00:00-04:00,9.77302618989942,9.919749487223244,9.683716938668407,9.900611877441406,44691600,0.0,0.0
2009-05-19 00:00:00-04:00,9.868710510745947,10.14939754427542,9.741125495505276,9.983536720275879,59048200,0.0,0.0
2009-05-20 00:00:00-04:00,10.085610900822557,10.238712395139586,9.881474155527938,9.938887596130371,60337700,0.0,0.0
2009-05-21 00:00:00-04:00,9.798539179168094,9.843194394806844,9.60078253981575,9.68371295928955,59548500,0.0,0.0
2009-05-22 00:00:00-04:00,9.715611507789685,9.734749723493918,9.575268242866718,9.600785255432129,44344900,0.0,0.0
2009-05-26 00:00:00-04:00,9.57526592605486,9.894228810133649,9.568886522363663,9.875090599060059,64342900,0.0,0.0
2009-05-27 00:00:00-04:00,9.887851262585215,10.117504363217884,9.785783217859587,9.862334251403809,60488000,0.0,0.0
2009-05-28 00:00:00-04:00,9.926129221800364,10.028197288513184,9.664579040381682,10.028197288513184,59109200,0.0,0.0
2009-05-29 00:00:00-04:00,10.04733489892842,10.072851915606625,9.721992480001058,10.028197288513184,77293300,0.0,0.0
2009-06-01 00:00:00-04:00,10.225953068505492,10.583191247658265,10.187677245123766,10.525777816772461,75465600,0.0,0.0
2009-06-02 00:00:00-04:00,10.366295307038941,10.551294391941592,10.23870964733042,10.328020095825195,58397000,0.0,0.0
2009-06-03 00:00:00-04:00,10.187677263152729,10.232332491906032,10.028195780798187,10.168539047241211,49799000,0.0,0.0
2009-06-04 00:00:00-04:00,10.194055734132537,10.36629602158745,10.130263508254593,10.28974437713623,49080500,0.0,0.0
2009-06-05 00:00:00-04:00,10.398193085224735,10.493882956523677,10.072851294724824,10.155781745910645,62834200,0.0,0.0
2009-06-08 00:00:00-04:00,10.117505919065794,10.270608618071572,9.958024422563897,10.155781745910645,44070000,0.0,0.0
2009-06-09 00:00:00-04:00,10.340776881810697,10.595948181324202,10.289742865257383,10.47474193572998,64051300,0.0,0.0
2009-06-10 00:00:00-04:00,10.576809119118877,10.595947330068947,10.30250084590204,10.50025749206543,48782300,0.0,0.0
2009-06-11 00:00:00-04:00,10.519399197839086,10.653364285502667,10.398192921714367,10.430089950561523,53221200,0.0,0.0
2009-06-12 00:00:00-04:00,10.359915963391947,10.404570579528809,10.219572710283666,10.404570579528809,47621900,0.0,0.0
2009-06-15 00:00:00-04:00,10.23870634402069,10.31525795849739,10.02819153351637,10.194051742553711,60420500,0.0,0.0
2009-06-16 00:00:00-04:00,10.238709767976127,10.328020217523273,10.079228908208293,10.117504119873047,54084700,0.0,0.0
2009-06-17 00:00:00-04:00,10.098366818863214,10.391813361809547,10.085608617381025,10.296123504638672,59351300,0.0,0.0
2009-06-18 00:00:00-04:00,10.308881721018512,10.347156931635135,10.104745642067176,10.123883247375488,57990500,0.0,0.0
2009-06-19 00:00:00-04:00,10.238711253001997,10.32164230984219,10.111126790032246,10.213194847106934,71511000,0.0,0.0
2009-06-22 00:00:00-04:00,10.14302310610065,10.315263417261603,9.970783403313337,10.002679824829102,70833600,0.0,0.0
2009-06-23 00:00:00-04:00,10.130262141614232,10.200433763125414,9.958021877395687,10.085607528686523,70659600,0.0,0.0
2009-06-24 00:00:00-04:00,10.232330832087444,10.410949284632093,10.200433810742362,10.27060604095459,53321600,0.0,0.0
2009-06-25 00:00:00-04:00,10.238709707629729,10.430088198319606,10.149400475356009,10.404570579528809,55503100,0.0,0.0
2009-06-26 00:00:00-04:00,10.321638199599946,10.481119627364476,10.296120587119189,10.391810417175293,70252000,0.0,0.0
2009-06-29 00:00:00-04:00,10.49388030183733,10.627844140970774,10.379053458724691,10.449224472045898,59308200,0.0,0.0
2009-06-30 00:00:00-04:00,10.449225055696207,10.615085925373547,10.3599158246188,10.557672500610352,67489500,0.0,0.0
2009-07-01 00:00:00-04:00,10.634219606200821,11.042491593375823,10.634219606200821,10.87025260925293,92515000,0.0,0.0
2009-07-02 00:00:00-04:00,10.761806537927248,10.812840542618657,10.64060032050516,10.666116714477539,54945500,0.0,0.0
2009-07-06 00:00:00-04:00,10.595949900090742,10.742672569388004,10.442847825596147,10.551295280456543,47324300,0.0,0.0
2009-07-07 00:00:00-04:00,10.73628982254595,10.800082637916784,10.334397154179168,10.366292953491211,69194600,0.0,0.0
2009-07-08 00:00:00-04:00,10.404571568121103,10.436468594640301,10.066470995874075,10.168539047241211,80897100,0.0,0.0
2009-07-09 00:00:00-04:00,10.264229554112145,10.385435836180303,10.181299100163839,10.219574928283691,65658200,0.0,0.0
2009-07-10 00:00:00-04:00,10.194055798772384,10.347157871898524,10.117504762209313,10.232332229614258,51148600,0.0,0.0
2009-07-13 00:00:00-04:00,10.302504704595192,10.551296673141145,10.143023203853014,10.519399642944336,61791800,0.0,0.0
2009-07-14 00:00:00-04:00,10.525779210851782,10.774569966476413,10.500261586301919,10.736294746398926,95548700,0.0,0.0
2009-07-15 00:00:00-04:00,11.476282638990039,11.60386825948525,11.304042416345501,11.514557838439941,186137900,0.0,0.0
2009-07-16 00:00:00-04:00,11.444392755297756,11.859044411028318,11.444392755297756,11.801630973815918,90052900,0.0,0.0
2009-07-17 00:00:00-04:00,11.801632249802362,11.99938899005572,11.64215073291314,11.986631393432617,84212400,0.0,0.0
2009-07-20 00:00:00-04:00,12.031285387315059,12.075940015003294,11.814390438474476,12.056801795959473,77865900,0.0,0.0
2009-07-21 00:00:00-04:00,12.056801795959473,12.069560608655355,11.808011032126535,12.056801795959473,63780400,0.0,0.0
2009-07-22 00:00:00-04:00,12.037664615189675,12.299214187840695,12.0185263964296,12.209903717041016,141096200,0.0,0.0
2009-07-23 00:00:00-04:00,12.17800151512253,12.490584957102113,12.114208702795807,12.42679214477539,151443300,0.0,0.0
2009-07-24 00:00:00-04:00,12.203523482740776,12.375763789652408,12.126973046389326,12.350247383117676,51683400,0.0,0.0
2009-07-27 00:00:00-04:00,12.305588357492468,12.433172778024515,12.21627792469854,12.420413970947266,42326100,0.0,0.0
2009-07-28 00:00:00-04:00,12.30559153221733,12.414037770111596,12.15248824128479,12.3566255569458,60037100,0.0,0.0
2009-07-29 00:00:00-04:00,12.305590965475883,12.401279605341378,12.19076411093846,12.375761985778809,50331700,0.0,0.0
2009-07-30 00:00:00-04:00,12.4842101693971,12.630932840266782,12.311969877464618,12.331108093261719,60640900,0.0,0.0
2009-07-31 00:00:00-04:00,12.337485634187553,12.477828878584011,12.280072212219238,12.280072212219238,47557600,0.0,0.0
2009-08-03 00:00:00-04:00,12.426796580480495,12.477830605208966,12.235419291935509,12.3566255569458,44330800,0.0,0.0
2009-08-04 00:00:00-04:00,12.254557671246703,12.363005138104958,12.216282452575335,12.324729919433594,46880800,0.0,0.0
2009-08-05 00:00:00-04:00,12.382562095379647,12.401838781347731,12.119103431701658,12.11910343170166,60035000,0.14,0.0
2009-08-06 00:00:00-04:00,12.164081417631822,12.324726969949984,11.926325460924488,12.016287803649902,66862100,0.0,0.0
2009-08-07 00:00:00-04:00,12.151231205293623,12.209063710393131,11.887772560119629,11.887772560119629,59429500,0.0,0.0
2009-08-10 00:00:00-04:00,11.952033670901777,12.099827338467463,11.92632978491014,12.05484676361084,46899600,0.0,0.0
2009-08-11 00:00:00-04:00,12.016289432295,12.176935006386492,11.96488289761086,11.977733612060547,32772600,0.0,0.0
2009-08-12 00:00:00-04:00,12.009859259706479,12.266891843185059,11.990581356335072,12.086968421936035,52940100,0.0,0.0
2009-08-13 00:00:00-04:00,12.189789129651208,12.260473594219139,12.067699341652355,12.241195678710938,44091800,0.0,0.0
2009-08-14 00:00:00-04:00,12.189787409176594,12.209065321963898,11.939180671084813,12.061271667480469,43590800,0.0,0.0
2009-08-17 00:00:00-04:00,11.842788475035285,11.93917554634158,11.829936538693618,11.855640411376953,48360500,0.0,0.0
2009-08-18 00:00:00-04:00,11.887774129280636,12.125530151142849,11.862070245564231,12.061271667480469,42482600,0.0,0.0
2009-08-19 00:00:00-04:00,11.919897986040906,12.138376007645839,11.894195338243462,12.080543518066406,48165500,0.0,0.0
2009-08-20 00:00:00-04:00,12.035564646027163,12.08697117442938,11.926325619968916,12.022712707519531,44858000,0.0,0.0
2009-08-21 00:00:00-04:00,12.13837718963623,12.157655096582635,11.919899146756713,12.13837718963623,55163300,0.0,0.0
2009-08-24 00:00:00-04:00,12.189788488180708,12.209066402674438,11.99058827426049,12.05484676361084,38709600,0.0,0.0
2009-08-25 00:00:00-04:00,12.054843089900581,12.369708243570612,12.041991150821389,12.273321151733398,62060100,0.0,0.0
2009-08-26 00:00:00-04:00,12.344002729778241,12.523926176161208,12.292596205901424,12.485371589660645,61587600,0.0,0.0
2009-08-27 00:00:00-04:00,12.433964894224909,12.5496298777589,12.31187394209145,12.51107406616211,51412600,0.0,0.0
2009-08-28 00:00:00-04:00,13.018713107777769,13.269319727159909,12.960880622439113,13.012287139892578,105102800,0.0,0.0
2009-08-31 00:00:00-04:00,12.909477381734217,13.095825595192352,12.832366973167439,13.057271003723145,53486200,0.0,0.0
2009-09-01 00:00:00-04:00,12.993014537361022,13.224344573097838,12.633168768370405,12.671723365783691,74478300,0.0,0.0
2009-09-02 00:00:00-04:00,12.607462369525896,12.742404033230093,12.51107406616211,12.51107406616211,41572500,0.0,0.0
2009-09-03 00:00:00-04:00,12.601036687022127,12.613887398884632,12.356854777211273,12.4789457321167,47507500,0.0,0.0
2009-09-04 00:00:00-04:00,12.485371031204577,12.652442532738373,12.388983956450351,12.620312690734863,47277800,0.0,0.0
2009-09-08 00:00:00-04:00,12.774533893280562,12.84521832912253,12.562481811382966,12.723127365112305,45582000,0.0,0.0
2009-09-09 00:00:00-04:00,12.72312714036809,12.94803115674207,12.601037404142797,12.806663513183594,48804700,0.0,0.0
2009-09-10 00:00:00-04:00,12.774537906973643,12.9030548805878,12.626744245257449,12.697428703308105,49461000,0.0,0.0
2009-09-11 00:00:00-04:00,12.78738316195821,12.813087033489996,12.446815443558435,12.536776542663574,59413200,0.0,0.0
2009-09-14 00:00:00-04:00,12.408265500624745,12.52393052592699,12.388988813493459,12.44039535522461,52416900,0.0,0.0
2009-09-15 00:00:00-04:00,12.556058089743123,12.665295898566926,12.440393085543322,12.562482833862305,48283500,0.0,0.0
2009-09-16 00:00:00-04:00,12.658871258303307,12.690999881676436,12.491799720380511,12.626741409301758,49554100,0.0,0.0
2009-09-17 00:00:00-04:00,12.61388944031359,12.780960977847148,12.350430807256785,12.472521781921387,64594100,0.0,0.0
2009-09-18 00:00:00-04:00,12.543204134825528,12.65886912044046,12.44681705535582,12.568906784057617,53493800,0.0,0.0
2009-09-21 00:00:00-04:00,12.51107709258965,12.69742655016747,12.478948467448605,12.556058883666992,36161000,0.0,0.0
2009-09-22 00:00:00-04:00,12.613892194096461,12.678150680349926,12.498228389594646,12.54963493347168,38173500,0.0,0.0
2009-09-23 00:00:00-04:00,12.61389149260146,13.005867133882884,12.594614805737532,12.774537086486816,72090600,0.0,0.0
2009-09-24 00:00:00-04:00,12.787387681065185,12.851646156975763,12.498226377910324,12.556058883666992,52362100,0.0,0.0
2009-09-25 00:00:00-04:00,12.498224881192208,12.588186001316679,12.401836566055032,12.446818351745605,39476400,0.0,0.0
2009-09-28 00:00:00-04:00,12.472522022701128,12.806665104218812,12.466096052791737,12.684574127197266,37809400,0.0,0.0
2009-09-29 00:00:00-04:00,12.639589911780224,12.710274334733782,12.491796323448316,12.517498970031738,42035200,0.0,0.0
2009-09-30 00:00:00-04:00,12.601045116847201,12.716710180384679,12.369714989772246,12.57534122467041,64725300,0.0,0.0
2009-10-01 00:00:00-04:00,12.523931551475059,12.549635437259766,12.138381844105583,12.144807815551758,70648800,0.0,0.0
2009-10-02 00:00:00-04:00,12.17693143196168,12.350427669574655,12.17693143196168,12.18978214263916,58171800,0.0,0.0
2009-10-05 00:00:00-04:00,12.286173090812591,12.382560182649804,12.176934059896183,12.273321151733398,56630400,0.0,0.0
2009-10-06 00:00:00-04:00,12.401840402469329,12.71028090019099,12.388989685353662,12.613892555236816,74185400,0.0,0.0
2009-10-07 00:00:00-04:00,12.613890520019492,12.768111356811565,12.511077445910459,12.691000938415527,49526400,0.0,0.0
2009-10-08 00:00:00-04:00,12.684575946112174,12.838795569166681,12.530356323057667,12.774537086486816,74199400,0.0,0.0
2009-10-09 00:00:00-04:00,12.748831061666051,13.057270226312417,12.729553154265044,12.960883140563965,55944900,0.0,0.0
2009-10-12 00:00:00-04:00,13.095823066500834,13.269320533053932,13.005861961900617,13.108675003051758,65087300,0.0,0.0
2009-10-13 00:00:00-04:00,13.179363476142585,13.295028489368066,13.07655040341516,13.166511535644531,116652700,0.0,0.0
2009-10-14 00:00:00-04:00,13.661298386719885,13.667724356109323,13.352859209796868,13.384987831115723,164972400,0.0,0.0
2009-10-15 00:00:00-04:00,13.372137146393364,13.449247560669804,13.198640859121172,13.28217601776123,80532900,0.0,0.0
2009-10-16 00:00:00-04:00,13.153657198867535,13.21791566402296,12.864495944110542,12.96730899810791,75760800,0.0,0.0
2009-10-19 00:00:00-04:00,13.037995485466512,13.16008524029648,12.88377465455665,13.115104675292969,68147600,0.0,0.0
2009-10-20 00:00:00-04:00,13.153657198867535,13.22434163310133,12.922328440187597,12.96730899810791,67829000,0.0,0.0
2009-10-21 00:00:00-04:00,12.960885549046269,13.121531130355406,12.633168416100208,12.761685371398926,88171800,0.0,0.0
2009-10-22 00:00:00-04:00,12.768107367859118,12.967307483508637,12.607461836548314,12.928752899169922,66659000,0.0,0.0
2009-10-23 00:00:00-04:00,13.108671971237573,13.108671971237573,12.601032851165677,12.710271835327148,82639200,0.0,0.0
2009-10-26 00:00:00-04:00,12.710279171903554,12.87735072797676,12.568910272195467,12.74240779876709,63005700,0.0,0.0
2009-10-27 00:00:00-04:00,12.8580716378655,12.935180825521309,12.63959356345997,12.684574127197266,68171500,0.0,0.0
2009-10-28 00:00:00-04:00,12.594608873337066,12.690995939141649,12.221911320098787,12.228337287902832,87595200,0.0,0.0
2009-10-29 00:00:00-04:00,12.318302817310556,12.472522423202717,12.273322252128901,12.350431442260742,77273500,0.0,0.0
2009-10-30 00:00:00-04:00,12.40826079470176,12.427538700150395,12.041989170574912,12.279745101928711,92276300,0.0,0.0
2009-11-02 00:00:00-05:00,12.241191085909913,12.305449554532492,12.048416905670525,12.21548843383789,63613700,0.0,0.0
2009-11-03 00:00:00-05:00,11.971307719914211,11.984159660075985,11.765681579839725,11.887772560119629,101618400,0.0,0.0
2009-11-04 00:00:00-05:00,12.049645422121444,12.192091076720578,11.978421977334666,12.03669548034668,85837100,0.14,0.0
2009-11-05 00:00:00-05:00,12.120864047826393,12.373382897867439,12.056116828047,12.230936050415039,66146600,0.0,0.0
2009-11-06 00:00:00-05:00,12.179134701843704,12.373380020940187,12.133811164546655,12.25683307647705,44158900,0.0,0.0
2009-11-09 00:00:00-05:00,12.39927847183539,12.599997520446777,12.379854804695618,12.599997520446777,51383100,0.0,0.0
2009-11-10 00:00:00-05:00,12.580577671847632,12.748923169674246,12.574102702511132,12.625901222229004,59517800,0.0,0.0
2009-11-11 00:00:00-05:00,12.723022599657629,12.88489311933514,12.71654763067364,12.846044540405273,61333700,0.0,0.0
2009-11-12 00:00:00-05:00,12.949642895494742,13.27338396788211,12.710073958539448,12.742448806762695,77009600,0.0,0.0
2009-11-13 00:00:00-05:00,12.768342346574618,12.917264118925818,12.677695277731557,12.833090782165527,43957400,0.0,0.0
2009-11-16 00:00:00-05:00,13.020866978273247,13.156837642693322,12.956118513560439,13.098564147949219,64782200,0.0,0.0
2009-11-17 00:00:00-05:00,13.014390887582381,13.176261417937948,12.949642428445326,13.15683650970459,37596600,0.0,0.0
2009-11-18 00:00:00-05:00,13.105035174248846,13.130935046329675,12.949639646685485,13.027338027954102,43215700,0.0,0.0
2009-11-19 00:00:00-05:00,12.561150232145057,12.561150232145057,12.269784080572014,12.4964017868042,108665100,0.0,0.0
2009-11-20 00:00:00-05:00,12.405753452127168,12.50287549284843,12.35395494807758,12.457551956176758,49130500,0.0,0.0
2009-11-23 00:00:00-05:00,12.612951934255381,12.625901873596465,12.50935488947509,12.561153411865234,42994500,0.0,0.0
2009-11-24 00:00:00-05:00,12.587050898107377,12.625899473772431,12.464028967698425,12.554676055908203,52428500,0.0,0.0
2009-11-25 00:00:00-05:00,12.619428529884251,12.625903500389065,12.48345785420621,12.522306442260742,46706900,0.0,0.0
2009-11-27 00:00:00-05:00,12.24388566230103,12.464029661615802,12.185612178072178,12.373382568359375,35747700,0.0,0.0
2009-11-30 00:00:00-05:00,12.373384298759378,12.470506374398507,12.302160866969391,12.431657791137695,48593600,0.0,0.0
2009-12-01 00:00:00-05:00,12.600001940318862,12.748923772147672,12.593528205650559,12.729498863220215,47225800,0.0,0.0
2009-12-02 00:00:00-05:00,12.755400940978666,12.846048061653786,12.6582776145703,12.768349647521973,35774000,0.0,0.0
2009-12-03 00:00:00-05:00,12.794246506020281,13.001440581425614,12.755397925625308,12.865469932556152,49758300,0.0,0.0
2009-12-04 00:00:00-05:00,13.072664024000087,13.331656618574506,13.046764147055592,13.247483253479004,86311300,0.0,0.0
2009-12-07 00:00:00-05:00,13.08561356595604,13.279858950563662,13.072664861628214,13.18921184539795,47082900,0.0,0.0
2009-12-08 00:00:00-05:00,13.111513189187136,13.130938097761815,12.820145735437757,12.943167686462402,63988900,0.0,0.0
2009-12-09 00:00:00-05:00,12.943162927345123,13.00143639666822,12.76186755223174,12.9561128616333,53660100,0.0,0.0
2009-12-10 00:00:00-05:00,13.053240297275556,13.098563851054937,12.969068159538738,13.046765327453613,43211800,0.0,0.0
2009-12-11 00:00:00-05:00,13.079139754500048,13.098563428364857,12.826620879489932,12.884894371032715,39141600,0.0,0.0
2009-12-14 00:00:00-05:00,12.96259115941081,13.020864643706812,12.884892768691468,12.936691284179688,35705000,0.0,0.0
2009-12-15 00:00:00-05:00,12.846046440435689,12.98849207423006,12.742449391317194,12.820146560668945,43142500,0.0,0.0
2009-12-16 00:00:00-05:00,12.62590090978959,12.82014504518133,12.48345529283392,12.548202514648438,96648500,0.0,0.0
2009-12-17 00:00:00-05:00,12.457554680825861,12.4899295247963,12.347482681274414,12.347482681274414,52267400,0.0,0.0
2009-12-18 00:00:00-05:00,12.4381337311038,12.761874863948453,12.36691152166058,12.710076332092285,98974800,0.0,0.0
2009-12-21 00:00:00-05:00,12.936695864395332,13.163314913005651,12.30216351626601,13.007919311523438,56874600,0.0,0.0
2009-12-22 00:00:00-05:00,13.046763301842264,13.143885364144012,12.917267630431274,12.975541114807129,36092900,0.0,0.0
2009-12-23 00:00:00-05:00,12.988492019451375,13.105039007961706,12.969068344682476,13.014391899108887,30573800,0.0,0.0
2009-12-24 00:00:00-05:00,13.079139822852511,13.176261897606656,13.066189883558843,13.163311958312988,12189200,0.0,0.0
2009-12-28 00:00:00-05:00,13.215109035842667,13.273382521319556,13.05323851728999,13.143885612487793,27397000,0.0,0.0
2009-12-29 00:00:00-05:00,13.215106483191207,13.26043002203534,13.09855953474983,13.20863151550293,29331800,0.0,0.0
2009-12-30 00:00:00-05:00,13.111510568693731,13.338129516875814,13.111510568693731,13.33165454864502,26273600,0.0,0.0
2009-12-31 00:00:00-05:00,13.338128399320862,13.415825541632573,13.20863151550293,13.20863151550293,26429200,0.0,0.0
2010-01-04 00:00:00-05:00,13.46115693892876,13.616552534987427,13.42230711368328,13.519429206848145,47800900,0.0,0.0
2010-01-05 00:00:00-05:00,13.558273486148417,13.590647092302968,13.338129506370516,13.51294994354248,52357700,0.0,0.0
2010-01-06 00:00:00-05:00,13.474104402955268,13.551802811305507,13.383457289025241,13.467629432678223,40037400,0.0,0.0
2010-01-07 00:00:00-05:00,13.422305956107824,13.441730867055307,13.16978828866209,13.338133811950684,54041500,0.0,0.0
2010-01-08 00:00:00-05:00,13.29928279879971,13.525900543639539,13.208634465889693,13.487051963806152,48234700,0.0,0.0
2010-01-11 00:00:00-05:00,13.66835059285502,13.69424924047917,13.480580148938834,13.564753532409668,51086400,0.0,0.0
2010-01-12 00:00:00-05:00,13.512954789881453,13.532378466550801,13.195687407906059,13.344609260559082,69958400,0.0,0.0
2010-01-13 00:00:00-05:00,13.415829599718752,13.648923567108916,13.234535389503453,13.5712251663208,71446700,0.0,0.0
2010-01-14 00:00:00-05:00,13.668345557105845,13.953236750882567,13.629495747521265,13.907913208007812,150821600,0.0,0.0
2010-01-15 00:00:00-05:00,13.849644034203767,13.856119004480812,13.448205756821391,13.467629432678223,198078600,0.0,0.0
2010-01-19 00:00:00-05:00,13.532373567617448,13.707194004199957,13.499999961572055,13.629495620727539,82573500,0.0,0.0
2010-01-20 00:00:00-05:00,13.590650380743988,13.687772457681548,13.500003273598827,13.648923873901367,65670100,0.0,0.0
2010-01-21 00:00:00-05:00,13.694244587101574,13.797841612344103,13.38992847982339,13.493525505065918,73633300,0.0,0.0
2010-01-22 00:00:00-05:00,13.4482068670423,13.461156808665478,12.826623253848267,12.891371726989746,116302400,0.0,0.0
2010-01-25 00:00:00-05:00,13.105037989389775,13.325182009471275,13.04028953025272,13.15683650970459,73785600,0.0,0.0
2010-01-26 00:00:00-05:00,13.06618915862491,13.195684839454406,12.917268569932638,12.949642181396484,65298900,0.0,0.0
2010-01-27 00:00:00-05:00,12.949640247092118,13.16330926177018,12.83309328727246,13.105035781860352,74926200,0.0,0.0
2010-01-28 00:00:00-05:00,13.143888928814198,13.202162428994036,12.74245063310238,12.897846221923828,76974600,0.0,0.0
2010-01-29 00:00:00-05:00,13.033815083047093,13.098563544778322,12.496404950134005,12.561153411865234,96053900,0.0,0.0
2010-02-01 00:00:00-05:00,12.60647804040063,12.787773501724686,12.587054364705608,12.697126388549805,50338300,0.0,0.0
2010-02-02 00:00:00-05:00,12.742451103246427,12.975545112565992,12.664752688481771,12.891371726989746,63332500,0.0,0.0
2010-02-03 00:00:00-05:00,12.909645828622459,12.974910987342982,12.707319853058891,12.844379425048828,45582300,0.158,0.0
2010-02-04 00:00:00-05:00,12.772590132130492,12.77911689895354,12.367940547929571,12.413626670837402,90931100,0.0,0.0
2010-02-05 00:00:00-05:00,12.465831453802641,12.779108588457865,12.400565072869634,12.707315444946289,88711700,0.0,0.0
2010-02-08 00:00:00-05:00,12.713848033803478,12.916174031899466,12.596368743258259,12.629002571105957,62563200,0.0,0.0
2010-02-09 00:00:00-05:00,12.818264193908043,12.981429476396087,12.687732714828996,12.824790954589844,69454100,0.0,0.0
2010-02-10 00:00:00-05:00,12.785637121078883,12.968382764020058,12.69426492203472,12.850903511047363,56250600,0.0,0.0
2010-02-11 00:00:00-05:00,12.811744467604766,13.183762561612605,12.75953159833484,13.092389106750488,58837300,0.0,0.0
2010-02-12 00:00:00-05:00,13.02712113593776,13.497038147478067,12.916169891382795,13.33387279510498,91108900,0.0,0.0
2010-02-16 00:00:00-05:00,13.457878624151991,13.607990447481194,13.412191280447042,13.523143768310547,69083400,0.0,0.0
2010-02-17 00:00:00-05:00,13.614520618925967,13.614520618925967,13.39914235267076,13.483987808227539,47296700,0.0,0.0
2010-02-18 00:00:00-05:00,13.470938099538456,13.607997714137332,13.412198442546579,13.601470947265625,42613600,0.0,0.0
2010-02-19 00:00:00-05:00,13.523149681995893,13.686315103450323,13.431777444334493,13.58841609954834,40760000,0.0,0.0
2010-02-22 00:00:00-05:00,13.673255107222042,13.679780624930345,13.477455964950806,13.621042251586914,38730600,0.0,0.0
2010-02-23 00:00:00-05:00,13.601466047193497,13.673259212064542,13.242502712544367,13.307767868041992,62245300,0.0,0.0
2010-02-24 00:00:00-05:00,13.392611582417619,13.58188273198791,13.379558056280974,13.510090827941895,51070100,0.0,0.0
2010-02-25 00:00:00-05:00,13.294713237965079,13.483984396246255,13.196813032287311,13.464404106140137,48789400,0.0,0.0
2010-02-26 00:00:00-05:00,13.44482550453252,13.49703836835224,13.333873013309011,13.399139404296875,47795300,0.0,0.0
2010-03-01 00:00:00-05:00,13.497036252633732,13.666728344661067,13.457876922120553,13.621042251586914,51203300,0.0,0.0
2010-03-02 00:00:00-05:00,13.699361977512186,13.764628363342647,13.431770915974788,13.510090827941895,59399000,0.0,0.0
2010-03-03 00:00:00-05:00,13.54925008176069,13.588409415087403,13.340398644214536,13.392611503601074,49909900,0.0,0.0
2010-03-04 00:00:00-05:00,13.44482550453252,13.451352268116594,13.222920522085502,13.399139404296875,62750100,0.0,0.0
2010-03-05 00:00:00-05:00,13.483980023986707,13.601459236824445,13.346921772244295,13.568826675415039,45879700,0.0,0.0
2010-03-08 00:00:00-05:00,13.581888135922688,13.627574250725681,13.51009620331224,13.555782318115234,35742100,0.0,0.0
2010-03-09 00:00:00-05:00,13.497036873554778,13.836421073222564,13.48398334783231,13.666728973388672,83168700,0.0,0.0
2010-03-10 00:00:00-05:00,13.673257380260624,13.895162364812512,13.647150325676694,13.829895973205566,58435600,0.0,0.0
2010-03-11 00:00:00-05:00,13.797268282892594,13.882115003121298,13.699369274427761,13.869061470031738,53778700,0.0,0.0
2010-03-12 00:00:00-05:00,13.908217364208237,13.947377953734115,13.823371909941747,13.882111549377441,39584500,0.0,0.0
2010-03-15 00:00:00-04:00,13.81031912858515,13.914744883274198,13.738525955416483,13.816845893859863,34378000,0.0,0.0
2010-03-16 00:00:00-04:00,13.856003457524823,14.384660173065095,13.836424409073498,14.365079879760742,123060900,0.0,0.0
2010-03-17 00:00:00-04:00,14.397711813318809,14.586984238905558,14.299812840880444,14.515191078186035,77805900,0.0,0.0
2010-03-18 00:00:00-04:00,14.48255938658159,14.5869851295388,14.365080114541465,14.489086151123047,54458500,0.0,0.0
2010-03-19 00:00:00-04:00,14.521714262344837,14.613086448114602,14.234542935115,14.352022171020508,77998500,0.0,0.0
2010-03-22 00:00:00-04:00,14.273707029161601,14.554350418190788,14.254126736732738,14.515191078186035,47405700,0.0,0.0
2010-03-23 00:00:00-04:00,14.613094545709112,14.848053147718389,14.593515492110576,14.7958402633667,64740900,0.0,0.0
2010-03-24 00:00:00-04:00,14.70446183135317,14.795834029256316,14.567402289645617,14.639195442199707,54729000,0.0,0.0
2010-03-25 00:00:00-04:00,14.808889641864424,14.834995454291068,14.560877577119761,14.586984634399414,52428700,0.0,0.0
2010-03-26 00:00:00-04:00,14.639197107196217,14.743622843777537,14.404238577461763,14.515191078186035,45700500,0.0,0.0
2010-03-29 00:00:00-04:00,14.632673245464098,14.678359358673706,14.528247488169786,14.573933601379395,34467900,0.0,0.0
2010-03-30 00:00:00-04:00,14.619614159246792,14.71098759579802,14.476029108741647,14.58045482635498,37886300,0.0,0.0
2010-03-31 00:00:00-04:00,14.567401042268733,14.68488028371489,14.489082377873114,14.547821998596191,45983800,0.0,0.0
2010-04-01 00:00:00-04:00,14.61961727948714,14.776255889338255,14.48908572703772,14.613090515136719,45491000,0.0,0.0
2010-04-05 00:00:00-04:00,14.671825823316146,14.782778294851965,14.580453639058168,14.743618965148926,34942900,0.0,0.0
2010-04-06 00:00:00-04:00,14.639197755454127,14.67183033276097,14.528245249816617,14.619617462158203,47056500,0.0,0.0
2010-04-07 00:00:00-04:00,14.639196761938942,14.802362127105711,14.5217174998424,14.652250289916992,62539800,0.0,0.0
2010-04-08 00:00:00-04:00,14.606559122740656,14.626139409587969,14.462974087084888,14.560873031616211,40824500,0.0,0.0
2010-04-09 00:00:00-04:00,14.619616024613087,14.730568519340652,14.5935102143052,14.717514991760254,45528700,0.0,0.0
2010-04-12 00:00:00-04:00,14.808887002382296,14.834992810155935,14.645721658025492,14.71098804473877,49353000,0.0,0.0
2010-04-13 00:00:00-04:00,14.782784076644688,14.893736591575882,14.66530479673482,14.861104011535645,122395600,0.0,0.0
2010-04-14 00:00:00-04:00,15.383230911382109,15.461550836854673,15.187432964980172,15.350598335266113,159980600,0.0,0.0
2010-04-15 00:00:00-04:00,15.552918511457028,15.905356206051984,15.533338224584211,15.807456016540527,110819600,0.0,0.0
2010-04-16 00:00:00-04:00,15.703036993292452,15.768303399128632,15.513765785705996,15.611664772033691,102974900,0.0,0.0
2010-04-19 00:00:00-04:00,15.605134046625306,15.689980726135522,15.36365002462541,15.663873672485352,71310800,0.0,0.0
2010-04-20 00:00:00-04:00,15.794410867464753,15.827043448799355,15.598611644897595,15.74219799041748,65991400,0.0,0.0
2010-04-21 00:00:00-04:00,15.72914154776606,15.748720595000579,15.363651476103913,15.533342361450195,73899300,0.0,0.0
2010-04-22 00:00:00-04:00,15.370174426760768,15.703031867506068,15.220062613734283,15.65734577178955,73666100,0.0,0.0
2010-04-23 00:00:00-04:00,15.631236131337793,15.703028016348517,15.487649871611469,15.68997573852539,56963700,0.0,0.0
2010-04-26 00:00:00-04:00,15.716087425603327,15.748719999662574,15.539868538036416,15.546395301818848,57727600,0.0,0.0
2010-04-27 00:00:00-04:00,15.487653867485069,15.585552823105223,15.20700928181527,15.239643096923828,78937600,0.0,0.0
2010-04-28 00:00:00-04:00,15.278805269589908,15.311437845910092,14.952474526976108,15.180906295776367,109052100,0.0,0.0
2010-04-29 00:00:00-04:00,15.226594602078205,15.344073885581201,15.207014306543314,15.33102035522461,59059400,0.0,0.0
2010-04-30 00:00:00-04:00,15.304907845391995,15.311433362863026,14.887203770646211,14.906784057617188,81864000,0.0,0.0
2010-05-03 00:00:00-04:00,14.998160631765561,15.298385562293813,14.945947762741474,15.180906295776367,55449900,0.0,0.0
2010-05-04 00:00:00-04:00,14.965523345351443,14.97857686971238,14.619612418902163,14.724038124084473,90704300,0.0,0.0
2010-05-05 00:00:00-04:00,14.52554777033451,14.709581054230846,14.394094350151938,14.571556091308594,96854100,0.158,0.0
2010-05-06 00:00:00-04:00,14.558411023645677,14.709581584765036,13.079565634601094,14.137762069702148,160695900,0.0,0.0
2010-05-07 00:00:00-04:00,13.973440117777335,14.26263678044207,13.447627889874882,14.006302833557129,139360500,0.0,0.0
2010-05-10 00:00:00-04:00,14.650429963275078,14.82789046980587,14.564984854915012,14.821317672729492,112607400,0.0,0.0
2010-05-11 00:00:00-04:00,14.670146936636637,15.025070452990514,14.525549163473675,14.6438570022583,102689700,0.0,0.0
2010-05-12 00:00:00-04:00,14.85418419215639,15.2091065193987,14.781884665615166,15.176243782043457,83343400,0.0,0.0
2010-05-13 00:00:00-04:00,15.136802805908438,15.228819440336277,14.69643551400966,14.7884521484375,62099000,0.0,0.0
2010-05-14 00:00:00-04:00,14.584704776885243,14.59784911878471,14.150910153378096,14.387524604797363,83526200,0.0,0.0
2010-05-17 00:00:00-04:00,14.295507284564456,14.492686193932864,14.0720371853427,14.472969055175781,64550400,0.0,0.0
2010-05-18 00:00:00-04:00,14.55183852231322,14.61099243936594,14.019454522471534,14.08518123626709,76636100,0.0,0.0
2010-05-19 00:00:00-04:00,14.144336408897058,14.269215797197944,13.802558469727154,14.196917533874512,89530600,0.0,0.0
2010-05-20 00:00:00-04:00,13.815698408789354,13.960296129876642,13.559364432528277,13.664527893066406,106551000,0.0,0.0
2010-05-21 00:00:00-04:00,13.414772978582377,13.914294321568237,13.263602392235244,13.74340534210205,111769100,0.0,0.0
2010-05-24 00:00:00-04:00,13.769690662496133,13.947151110378991,13.546220650284074,13.58565616607666,56436100,0.0,0.0
2010-05-25 00:00:00-04:00,13.224167920751926,13.717116505586171,13.16501399028117,13.703970909118652,96151400,0.0,0.0
2010-05-26 00:00:00-04:00,13.868281804307074,14.13118736502284,13.605376243591309,13.605376243591309,85666800,0.0,0.0
2010-05-27 00:00:00-04:00,13.907722934809387,14.328372001627136,13.881432994949831,14.302082061767578,83236800,0.0,0.0
2010-05-28 00:00:00-04:00,14.24949746818413,14.295505791990898,13.953727881379473,14.078608512878418,72712600,0.0,0.0
2010-06-01 00:00:00-04:00,13.999734194280723,14.288930942768415,13.887999172385431,13.920863151550293,57164500,0.0,0.0
2010-06-02 00:00:00-04:00,14.05889346297279,14.348090321714206,13.907722862079837,14.334944725036621,61537200,0.0,0.0
2010-06-03 00:00:00-04:00,14.433528079511143,14.459819261730651,14.111468619117597,14.394092559814453,54614400,0.0,0.0
2010-06-04 00:00:00-04:00,14.157483497060738,14.196919031545763,13.664534928282295,13.769697189331055,67919400,0.0,0.0
2010-06-07 00:00:00-04:00,13.763120268216989,13.82227417903998,13.30303457373432,13.349042892456055,65435200,0.0,0.0
2010-06-08 00:00:00-04:00,13.289893149263435,13.296465947375253,12.974406361694506,13.263603210449219,91377800,0.0,0.0
2010-06-09 00:00:00-04:00,13.40162432201838,13.539650535058335,13.053274898581368,13.099283218383789,58981200,0.0,0.0
2010-06-10 00:00:00-04:00,13.375340796003774,13.539657018918728,13.309614056111135,13.506793022155762,57168300,0.0,0.0
2010-06-11 00:00:00-04:00,13.349046405732226,13.638243239908979,13.329329266023738,13.565943717956543,49491800,0.0,0.0
2010-06-14 00:00:00-04:00,13.769692856335688,13.89457221851387,13.684247762600465,13.730256080627441,68877500,0.0,0.0
2010-06-15 00:00:00-04:00,13.874852940378023,14.170621190692492,13.80912624465288,14.118040084838867,62082000,0.0,0.0
2010-06-16 00:00:00-04:00,14.0720345530126,14.229777901726267,13.940581135601526,14.124615669250488,43764600,0.0,0.0
2010-06-17 00:00:00-04:00,14.190350769697353,14.256077517271686,13.934017833154236,14.144342422485352,37270900,0.0,0.0
2010-06-18 00:00:00-04:00,14.170624347561585,14.229778261529017,13.920864352524553,14.065462112426758,64872600,0.0,0.0
2010-06-21 00:00:00-04:00,14.242921576207793,14.256067166905224,13.841989835363885,13.927434921264648,48844300,0.0,0.0
2010-06-22 00:00:00-04:00,13.887998106439165,14.019451505743925,13.710537647100018,13.789408683776855,58831100,0.0,0.0
2010-06-23 00:00:00-04:00,13.763122261944105,13.815703384333373,13.579087706765241,13.677677154541016,61352400,0.0,0.0
2010-06-24 00:00:00-04:00,13.552798638655437,13.664533687578624,13.276747415058912,13.355618476867676,62003900,0.0,0.0
2010-06-25 00:00:00-04:00,13.408200567271683,13.414773365167449,13.072995396385764,13.165013313293457,94683200,0.0,0.0
2010-06-28 00:00:00-04:00,13.217590373492772,13.533077053561694,13.086136963314406,13.381906509399414,54468400,0.0,0.0
2010-06-29 00:00:00-04:00,13.145291962149878,13.17815469060216,12.91524910208571,13.007266998291016,79050800,0.0,0.0
2010-06-30 00:00:00-04:00,12.948116315657659,13.165013637019316,12.750936134835124,12.78380012512207,64294700,0.0,0.0
2010-07-01 00:00:00-04:00,12.770649655267759,12.895530263433125,12.488025714824726,12.652341842651367,88020000,0.0,0.0
2010-07-02 00:00:00-04:00,12.62605262967229,12.731216121225081,12.461736476218153,12.619481086730957,58093400,0.0,0.0
2010-07-06 00:00:00-04:00,12.84953046016169,12.987556764324223,12.652351458367807,12.803522109985352,60697600,0.0,0.0
2010-07-07 00:00:00-04:00,12.79036837836456,13.257026891295553,12.744360057434614,13.237308502197266,72806800,0.0,0.0
2010-07-08 00:00:00-04:00,13.368764809293298,13.381910404864334,13.033559644029838,13.211021423339844,65407600,0.0,0.0
2010-07-09 00:00:00-04:00,13.184725068521857,13.329324055906408,13.118998370040925,13.303032875061035,52843800,0.0,0.0
2010-07-12 00:00:00-04:00,13.349047565345725,13.572517694763079,13.34247476699426,13.519936561584473,56587900,0.0,0.0
2010-07-13 00:00:00-04:00,13.782840432332891,14.643858099734938,13.684250977167913,13.809131622314453,103191800,0.0,0.0
2010-07-14 00:00:00-04:00,14.499257622521387,14.624138255268962,13.986592005111117,14.039173126220703,199002600,0.0,0.0
2010-07-15 00:00:00-04:00,14.026027034606802,14.19034318894509,13.809129761025574,14.137762069702148,118558200,0.0,0.0
2010-07-16 00:00:00-04:00,14.085183745679915,14.118046481616112,13.802559703549756,13.815705299377441,80451500,0.0,0.0
2010-07-19 00:00:00-04:00,13.914292654385582,14.203489450649146,13.90771985746677,14.190343856811523,63430400,0.0,0.0
2010-07-20 00:00:00-04:00,13.90771412690063,14.282354621475367,13.868278615269688,14.22977352142334,72666400,0.0,0.0
2010-07-21 00:00:00-04:00,14.177196604780304,14.229777720347975,13.920863823091999,13.973444938659668,71775300,0.0,0.0
2010-07-22 00:00:00-04:00,14.032596905702995,14.446672976710556,14.026024110463828,14.315220832824707,74465500,0.0,0.0
2010-07-23 00:00:00-04:00,14.223206153433447,14.275787273545422,14.019454469703645,14.256070137023926,62115500,0.0,0.0
2010-07-26 00:00:00-04:00,14.249500350463228,14.28893588546963,14.072038562484831,14.269217491149902,50929500,0.0,0.0
2010-07-27 00:00:00-04:00,14.249496891225288,14.28893241665824,14.05888955330598,14.183770179748535,53975800,0.0,0.0
2010-07-28 00:00:00-04:00,14.223208581921947,14.256072571123664,13.99316692567495,14.01945686340332,51673900,0.0,0.0
2010-07-29 00:00:00-04:00,14.058888598225073,14.118042509172295,13.644812475227178,13.822274208068848,83811400,0.0,0.0
2010-07-30 00:00:00-04:00,13.651392679236633,13.749982166437489,13.526511993511098,13.539657592773438,67395900,0.0,0.0
2010-08-02 00:00:00-04:00,13.736835440699869,13.98659679166951,13.625100363399394,13.901151657104492,50316200,0.0,0.0
2010-08-03 00:00:00-04:00,13.809128222539723,13.822273814294089,13.611948107122108,13.717111587524414,60929200,0.0,0.0
2010-08-04 00:00:00-04:00,13.782013786723931,13.815128466170563,13.543594410687467,13.729031562805176,85639700,0.158,0.0
2010-08-05 00:00:00-04:00,13.669428864840103,13.768771657875627,13.550218523754344,13.689297676086426,44475000,0.0,0.0
2010-08-06 00:00:00-04:00,13.543597138627932,13.782016562686644,13.51710538973468,13.67605209350586,50833800,0.0,0.0
2010-08-09 00:00:00-04:00,13.76877195143613,13.76877195143613,13.51710538973468,13.67605209350586,46082800,0.0,0.0
2010-08-10 00:00:00-04:00,13.318422282512739,13.358158642527297,13.046888173220397,13.126360893249512,136352400,0.0,0.0
2010-08-11 00:00:00-04:00,12.934300617822519,12.967414040252919,12.781975590332834,12.868072509765625,99079200,0.0,0.0
2010-08-12 00:00:00-04:00,12.695878706679672,13.066754307468107,12.636273541510604,12.881317138671875,86580600,0.0,0.0
2010-08-13 00:00:00-04:00,12.801840847708894,12.90780528590403,12.68263053894043,12.68263053894043,57384800,0.0,0.0
2010-08-16 00:00:00-04:00,12.676006165991204,12.95416310050491,12.656138625580255,12.89455795288086,48721100,0.0,0.0
2010-08-17 00:00:00-04:00,13.060132436562284,13.159475228746778,12.914431611592343,12.934300422668457,60836400,0.0,0.0
2010-08-18 00:00:00-04:00,12.934299859509807,13.09986948834697,12.894562239087753,12.97403621673584,58982400,0.0,0.0
2010-08-19 00:00:00-04:00,12.563418603982106,12.669383028461366,12.457454179502843,12.517059326171875,159900400,0.0,0.0
2010-08-20 00:00:00-04:00,12.530308391441139,12.583290617196235,12.42434393993095,12.523685455322266,95174400,0.0,0.0
2010-08-23 00:00:00-04:00,12.530311976474584,12.570048341360858,12.318383012819446,12.384611129760742,71954400,0.0,0.0
2010-08-24 00:00:00-04:00,12.291889326336747,12.371363306798393,12.179301924213787,12.192547798156738,75107400,0.0,0.0
2010-08-25 00:00:00-04:00,12.093204154703791,12.31175598375042,12.040221931395392,12.23890495300293,63350600,0.0,0.0
2010-08-26 00:00:00-04:00,12.318382088721402,12.325005026238319,12.000488667086362,12.0402250289917,69586000,0.0,0.0
2010-08-27 00:00:00-04:00,12.073335837370827,12.265397194157735,11.795178837911237,12.166055679321289,135184300,0.0,0.0
2010-08-30 00:00:00-04:00,12.08658890645198,12.126325283408265,11.881282818448403,11.894527435302734,73718900,0.0,0.0
2010-08-31 00:00:00-04:00,11.841543947537547,11.868035704886067,11.65610669888397,11.702466011047363,111601400,0.0,0.0
2010-09-01 00:00:00-04:00,11.881279839791727,12.09983175305495,11.848165147966188,12.013734817504883,73611500,0.0,0.0
2010-09-02 00:00:00-04:00,12.073333499525765,12.139561584324483,11.973992003925515,12.10644817352295,53192100,0.0,0.0
2010-09-03 00:00:00-04:00,12.265400465524584,12.31175976726659,12.053471507163282,12.205795288085938,59143200,0.0,0.0
2010-09-07 00:00:00-04:00,12.159436919568613,12.192550348155402,11.954129620102266,12.000490188598633,58636500,0.0,0.0
2010-09-08 00:00:00-04:00,11.94750962068792,11.954131296776964,11.755448170996472,11.854789733886719,101747000,0.0,0.0
2010-09-09 00:00:00-04:00,11.954124385155108,11.973993191524036,11.874651686070946,11.921010971069336,65019600,0.0,0.0
2010-09-10 00:00:00-04:00,11.88790227575876,11.987243820644409,11.815051220017688,11.90114688873291,68814700,0.0,0.0
2010-09-13 00:00:00-04:00,12.06671251650515,12.291887283325195,12.053467907959627,12.291887283325195,73870900,0.0,0.0
2010-09-14 00:00:00-04:00,12.272024378643193,12.45083866197345,12.146191075917482,12.411102294921875,64479500,0.0,0.0
2010-09-15 00:00:00-04:00,12.404476788321796,12.430968536335545,12.278644774844704,12.39785385131836,56107300,0.0,0.0
2010-09-16 00:00:00-04:00,12.384605154724765,12.570042276859493,12.3051312000987,12.563419342041016,69165800,0.0,0.0
2010-09-17 00:00:00-04:00,12.603160577636144,12.636273998061588,12.364739908345694,12.45745849609375,70436600,0.0,0.0
2010-09-20 00:00:00-04:00,12.510441197357629,12.556800492975777,12.37798624747664,12.536932945251465,44935100,0.0,0.0
2010-09-21 00:00:00-04:00,12.503816628907272,12.762106084386748,12.477326147665934,12.676009178161621,69131400,0.0,0.0
2010-09-22 00:00:00-04:00,12.609783131468983,12.748861008868017,12.510440346817123,12.589914321899414,61569400,0.0,0.0
2010-09-23 00:00:00-04:00,12.483952664490701,12.788600233724223,12.417724547597595,12.570048332214355,51954700,0.0,0.0
2010-09-24 00:00:00-04:00,12.735616910231938,12.88131900765032,12.70250348619839,12.8614501953125,55749300,0.0,0.0
2010-09-27 00:00:00-04:00,12.848205387303485,12.868074201291163,12.702504540982623,12.742240905761719,51071000,0.0,0.0
2010-09-28 00:00:00-04:00,12.788602398576769,12.96079502636908,12.649524466434793,12.921058654785156,61019600,0.0,0.0
2010-09-29 00:00:00-04:00,12.901187628074368,12.993907496820608,12.662768176203526,12.742240905761719,62484300,0.0,0.0
2010-09-30 00:00:00-04:00,12.808471223103178,12.980663850991427,12.6561474126162,12.715752601623535,75382200,0.0,0.0
2010-10-01 00:00:00-04:00,12.89455901385352,13.477364668976628,12.503814686476531,12.795217514038086,41275000,0.0,0.0
2010-10-04 00:00:00-04:00,12.748862451564516,12.781975874731689,12.430969041653613,12.497197151184082,67082000,0.0,0.0
2010-10-05 00:00:00-04:00,12.636271255129527,12.775350369757982,12.603157841891951,12.68263053894043,61004600,0.0,0.0
2010-10-06 00:00:00-04:00,12.722370903704224,12.828336638546714,12.669388667881051,12.788599014282227,54990000,0.0,0.0
2010-10-07 00:00:00-04:00,12.82833325433977,12.940920633662166,12.722367547451798,12.848200798034668,51794600,0.0,0.0
2010-10-08 00:00:00-04:00,12.848206018902683,12.967416382296443,12.722372717187456,12.927680015563965,46528700,0.0,0.0
2010-10-11 00:00:00-04:00,12.974036176176746,13.080000637245586,12.934299819074935,12.954167366027832,52722400,0.0,0.0
2010-10-12 00:00:00-04:00,13.013769639212162,13.113111141472643,12.874691788686636,13.093243598937988,94743400,0.0,0.0
2010-10-13 00:00:00-04:00,13.232326948691448,13.265441638670913,12.689258664990836,12.742240905761719,173827300,0.0,0.0
2010-10-14 00:00:00-04:00,12.788594578957628,12.887936078773064,12.71574481946402,12.795217514038086,59255900,0.0,0.0
2010-10-15 00:00:00-04:00,12.874691471807855,12.89455901385352,12.71574481946402,12.795217514038086,64052800,0.0,0.0
2010-10-18 00:00:00-04:00,12.755487685882787,12.795224053478462,12.563426259977057,12.709128379821777,54985100,0.0,0.0
2010-10-19 00:00:00-04:00,12.589914253870628,12.841579524412063,12.517063215705171,12.722369194030762,85409800,0.0,0.0
2010-10-20 00:00:00-04:00,12.781973024722976,13.09986762694874,12.77535135212288,13.007147789001465,84884600,0.0,0.0
2010-10-21 00:00:00-04:00,13.08000311488561,13.152854169368535,12.9607927578031,13.086626052856445,74287500,0.0,0.0
2010-10-22 00:00:00-04:00,13.106494005023668,13.19921260412664,13.08000225488215,13.139607429504395,50129800,0.0,0.0
2010-10-25 00:00:00-04:00,13.212453729882835,13.245567142460699,13.113110965757805,13.15947151184082,45769400,0.0,0.0
2010-10-26 00:00:00-04:00,13.106491727931143,13.318420639458552,13.066754109622789,13.272061347961426,56344600,0.0,0.0
2010-10-27 00:00:00-04:00,13.199209244303983,13.378024722653727,13.11973527730548,13.3714017868042,48151900,0.0,0.0
2010-10-28 00:00:00-04:00,13.437631823678204,13.596578517445227,13.258816319491793,13.556840896606445,71144000,0.0,0.0
2010-10-29 00:00:00-04:00,13.543595105112807,13.616444877238932,13.252192227020533,13.278682708740234,60774400,0.0,0.0
2010-11-01 00:00:00-04:00,13.4773727087814,13.689301704997508,13.470749769750089,13.62307357788086,51593700,0.0,0.0
2010-11-02 00:00:00-04:00,13.669428135751607,13.70916575612476,13.437631666221648,13.470745086669922,60959100,0.0,0.0
2010-11-03 00:00:00-04:00,13.576198032298956,13.696341580509783,13.496101909130177,13.669642448425293,53044600,0.158,0.0
2010-11-04 00:00:00-04:00,13.78979742449379,14.030084720045924,13.723050812053113,13.996710777282715,66048200,0.0,0.0
2010-11-05 00:00:00-04:00,14.023411234807218,14.21030151239325,13.996712078115273,14.17692756652832,55960500,0.0,0.0
2010-11-08 00:00:00-05:00,14.243663663149771,14.350457664855389,14.130194877201937,14.170242309570312,53006900,0.0,0.0
2010-11-09 00:00:00-05:00,14.150222855968812,14.250342099088092,14.036754040944226,14.123523712158203,46639500,0.0,0.0
2010-11-10 00:00:00-05:00,14.116847559547033,14.130197130159956,13.89658473677426,14.043427467346191,48072100,0.0,0.0
2010-11-11 00:00:00-05:00,13.809817558087474,14.170247117875101,13.716371820072986,14.15689754486084,69682800,0.0,0.0
2010-11-12 00:00:00-05:00,14.310408758506952,14.557369384607266,14.236987412489933,14.37048053741455,100662400,0.0,0.0
2010-11-15 00:00:00-05:00,14.450578050375038,14.457252835156785,14.190267809312042,14.216965675354004,50076900,0.0,0.0
2010-11-16 00:00:00-05:00,14.103500165576403,14.196945901203563,13.936634326417222,14.06345272064209,62890100,0.0,0.0
2010-11-17 00:00:00-05:00,14.030079091344751,14.163570989584993,13.97000729155681,14.0701265335083,44262100,0.0,0.0
2010-11-18 00:00:00-05:00,14.05010770240046,14.176926137734329,13.963337998068278,14.030084609985352,68847000,0.0,0.0
2010-11-19 00:00:00-05:00,13.996707255750792,14.150224807665488,13.936635446976656,14.110176086425781,49134200,0.0,0.0
2010-11-22 00:00:00-05:00,13.963332811004982,14.203620015410877,13.936633666921988,14.183595657348633,40328600,0.0,0.0
2010-11-23 00:00:00-05:00,14.043430546632687,14.163572889237113,13.889912997092681,14.076803207397461,44856200,0.0,0.0
2010-11-24 00:00:00-05:00,14.170247395208182,14.397185048550751,14.130199948466958,14.2770414352417,42449700,0.0,0.0
2010-11-26 00:00:00-05:00,14.176927659179066,14.303746108122882,14.083483156318291,14.243674278259277,19147500,0.0,0.0
2010-11-29 00:00:00-05:00,14.116850178041673,14.317089955122091,14.096827091493383,14.236993789672852,46887900,0.0,0.0
2010-11-30 00:00:00-05:00,14.136873284063508,14.216968169324833,14.063451911669587,14.123523712158203,52406500,0.0,0.0
2010-12-01 00:00:00-05:00,14.323759043095945,14.41720475276319,14.29706117825171,14.337108612060547,52939300,0.0,0.0
2010-12-02 00:00:00-05:00,14.350463147300927,14.530678571435436,14.337113573716428,14.483956336975098,48095800,0.0,0.0
2010-12-03 00:00:00-05:00,14.437230947552745,14.537351463300483,14.430557434715789,14.477279663085938,43907400,0.0,0.0
2010-12-06 00:00:00-05:00,14.42388452893026,14.524003784643186,14.383835808176766,14.483956336975098,31861200,0.0,0.0
2010-12-07 00:00:00-05:00,14.577395902763085,14.590745471857433,14.403855323791504,14.403855323791504,46991400,0.0,0.0
2010-12-08 00:00:00-05:00,14.477280995633743,14.617447693645701,14.457256636024024,14.564050674438477,68959600,0.0,0.0
2010-12-09 00:00:00-05:00,14.69086909264206,14.73091653883115,14.497304102071634,14.55737590789795,79874700,0.0,0.0
2010-12-10 00:00:00-05:00,14.62412166595459,14.670843896023888,14.550700291225528,14.62412166595459,52407700,0.0,0.0
2010-12-13 00:00:00-05:00,14.690867443267052,14.697542229063401,14.2436669795934,14.35046100616455,78296300,0.0,0.0
2010-12-14 00:00:00-05:00,14.283721132820437,14.390515209571236,14.216974516579732,14.330443382263184,41699300,0.0,0.0
2010-12-15 00:00:00-05:00,14.250342185837955,14.350461429566717,14.203619956970215,14.203619956970215,42701400,0.0,0.0
2010-12-16 00:00:00-05:00,14.250339599262738,14.2770374653047,14.183593024530296,14.216965675354004,35224900,0.0,0.0
2010-12-17 00:00:00-05:00,14.223642698689266,14.343786297499165,14.196944828445524,14.323761940002441,57138100,0.0,0.0
2010-12-20 00:00:00-05:00,14.277036311275932,14.303735448244797,14.150219229928586,14.170242309570312,34211900,0.0,0.0
2010-12-21 00:00:00-05:00,14.196946802694795,14.196946802694795,14.070128400417092,14.083477973937988,34102300,0.0,0.0
2010-12-22 00:00:00-05:00,13.983355634642454,14.030077858575497,13.889909913691245,13.943306922912598,49206900,0.0,0.0
2010-12-23 00:00:00-05:00,13.90993595123291,13.96333296690983,13.81649149206962,13.90993595123291,27960800,0.0,0.0
2010-12-27 00:00:00-05:00,13.849864149460716,13.92328552342346,13.783117561593249,13.90993595123291,18604300,0.0,0.0
2010-12-28 00:00:00-05:00,13.88991373428476,13.970009906690798,13.856541071748769,13.936635971069336,21169600,0.0,0.0
2010-12-29 00:00:00-05:00,13.976682662963867,14.056777550646423,13.936633946037304,13.976682662963867,20848400,0.0,0.0
2010-12-30 00:00:00-05:00,13.98336236356912,14.070132067901303,13.970012786568558,14.030084609985352,18876000,0.0,0.0
2010-12-31 00:00:00-05:00,14.036752700805664,14.056775783666698,13.976680906052314,14.036752700805664,15743700,0.0,0.0
2011-01-03 00:00:00-05:00,14.023404748977216,14.050102620235524,13.869888488257443,13.916610717773438,58223800,0.0,0.0
2011-01-04 00:00:00-05:00,14.096830622425644,14.150227655071413,14.050107104910625,14.116853713989258,75206200,0.0,0.0
2011-01-05 00:00:00-05:00,14.143548497568691,14.156896796792259,13.949983518346158,13.976682662963867,61810500,0.0,0.0
2011-01-06 00:00:00-05:00,13.796473595713802,13.89659288786579,13.716377398140692,13.86322021484375,116669000,0.0,0.0
2011-01-07 00:00:00-05:00,13.82316662951358,13.863215350791563,13.529483645320907,13.789793968200684,74806100,0.0,0.0
2011-01-10 00:00:00-05:00,13.823166568437191,13.863215289538223,13.729722098705619,13.809818267822266,51449700,0.0,0.0
2011-01-11 00:00:00-05:00,13.903262650705086,14.09682764889469,13.843190842514204,14.050104141235352,64452600,0.0,0.0
2011-01-12 00:00:00-05:00,14.19694259409379,14.236990029699244,14.063449444628906,14.216965675354004,53380600,0.0,0.0
2011-01-13 00:00:00-05:00,14.1902703655583,14.230317808377933,14.07012676401415,14.210294723510742,104066300,0.0,0.0
2011-01-14 00:00:00-05:00,14.250341932872121,14.29706416091047,13.996705161970766,14.0701265335083,154888800,0.0,0.0
2011-01-18 00:00:00-05:00,14.036753877219548,14.150222690920632,13.976682077431606,14.0701265335083,55272100,0.0,0.0
2011-01-19 00:00:00-05:00,14.06345538862793,14.103502841159667,13.983360483564454,14.023407936096191,43339000,0.0,0.0
2011-01-20 00:00:00-05:00,13.976687409454788,13.983362197875978,13.763099272319609,13.983362197875977,56170800,0.0,0.0
2011-01-21 00:00:00-05:00,13.983357364549349,14.043429166490604,13.889911632037796,13.896586418151855,63697600,0.0,0.0
2011-01-24 00:00:00-05:00,14.03676081315319,14.176927566528319,13.970014194509188,14.17692756652832,82375700,0.0,0.0
2011-01-25 00:00:00-05:00,14.20361975823671,14.397183456992657,14.130198386423126,14.383833885192871,72327200,0.0,0.0
2011-01-26 00:00:00-05:00,14.530676880685965,14.617446552718112,14.457255507599738,14.517327308654785,57196100,0.0,0.0
2011-01-27 00:00:00-05:00,14.524002094670376,14.64414569678047,14.45058072158415,14.517327308654785,58069200,0.0,0.0
2011-01-28 00:00:00-05:00,14.524001695714013,14.610771365362705,14.250341842018232,14.323761940002441,55193100,0.0,0.0
2011-01-31 00:00:00-05:00,14.38383373940739,14.44390553881234,14.0367537877274,14.323761940002441,90844300,0.0,0.0
2011-02-01 00:00:00-05:00,14.343783396542849,14.48395132450123,14.203616741669434,14.337108612060547,60971000,0.0,0.0
2011-02-02 00:00:00-05:00,14.337109737420047,14.49062597330798,14.330434952413825,14.390506744384766,46928100,0.0,0.0
2011-02-03 00:00:00-05:00,14.411372474286106,14.57291970081471,14.337329514011783,14.519070625305176,39846000,0.181,0.0
2011-02-04 00:00:00-05:00,14.451762103875716,14.60657935302583,14.424838202195376,14.593116760253906,39353500,0.0,0.0
2011-02-07 00:00:00-05:00,14.633502991039004,14.714277262351647,14.559460015991037,14.599847793579102,43643100,0.0,0.0
2011-02-08 00:00:00-05:00,14.572925832055402,14.59311972531633,14.404647239805653,14.566194534301758,48215100,0.0,0.0
2011-02-09 00:00:00-05:00,14.4921550258739,14.539272833435591,14.418112023211833,14.445035934448242,44601400,0.0,0.0
2011-02-10 00:00:00-05:00,14.424842310630725,14.700819121740427,14.370993208069414,14.673893928527832,56661800,0.0,0.0
2011-02-11 00:00:00-05:00,14.559461358557657,14.707547322308992,14.485419660545597,14.646966934204102,43716600,0.0,0.0
2011-02-14 00:00:00-05:00,14.559457110971518,14.673886556912183,14.471952844717237,14.519070625305176,45134600,0.0,0.0
2011-02-15 00:00:00-05:00,14.45849560214392,14.50561340015771,14.323873505513623,14.438302993774414,50640200,0.0,0.0
2011-02-16 00:00:00-05:00,14.519074176706107,14.727739234862634,14.424838592479976,14.64023494720459,55214100,0.0,0.0
2011-02-17 00:00:00-05:00,14.593116182028867,14.848899015242969,14.586384885909618,14.788318634033203,50185500,0.0,0.0
2011-02-18 00:00:00-05:00,14.869093862680883,14.949866853594918,14.81524477411701,14.902749061584473,55060500,0.0,0.0
2011-02-22 00:00:00-05:00,14.77486281232838,14.936410127590806,14.62677681043987,14.680625915527344,64515600,0.0,0.0
2011-02-23 00:00:00-05:00,14.606583797361479,14.620045110365757,14.142134476320463,14.236370086669922,83648300,0.0,0.0
2011-02-24 00:00:00-05:00,14.20271436269485,14.411379471119883,14.15559655923086,14.330606460571289,54496400,0.0,0.0
2011-02-25 00:00:00-05:00,14.485415513307625,14.808509968121276,14.44502774355849,14.714274406433105,53475700,0.0,0.0
2011-02-28 00:00:00-05:00,14.640235613975722,14.700816001984021,14.384452752056822,14.451763153076172,66390100,0.0,0.0
2011-03-01 00:00:00-05:00,14.545998931504169,14.59984801858801,14.370989077515809,14.397912979125977,57987400,0.0,0.0
2011-03-02 00:00:00-05:00,14.418104575480806,14.606576992235338,14.404641984884774,14.465222358703613,52192300,0.0,0.0
2011-03-03 00:00:00-05:00,14.579653515265903,14.727738177542026,14.572922219181063,14.667159080505371,50504000,0.0,0.0
2011-03-04 00:00:00-05:00,14.727736865729833,14.862360207708713,14.40464238561653,14.512340545654297,64664800,0.0,0.0
2011-03-07 00:00:00-05:00,14.5998453583972,14.63350055024358,14.189245341782325,14.276749610900879,57520200,0.0,0.0
2011-03-08 00:00:00-05:00,14.310405942727007,14.310405942727007,14.148858712534755,14.222900390625,57165700,0.0,0.0
2011-03-09 00:00:00-05:00,14.189249066901606,14.364258934947527,14.095013477901347,14.270023345947266,60415900,0.0,0.0
2011-03-10 00:00:00-05:00,14.09501309440494,14.148862184349053,13.946927134160948,13.994046211242676,69121300,0.0,0.0
2011-03-11 00:00:00-05:00,13.88634499090942,14.108472619313345,13.872883683023888,14.047893524169922,45640700,0.0,0.0
2011-03-14 00:00:00-04:00,13.906537768503169,14.054622414331094,13.87961387101778,14.027698516845703,48954200,0.0,0.0
2011-03-15 00:00:00-04:00,13.617097879305643,13.684409545803616,13.469013240100702,13.583442687988281,80464000,0.0,0.0
2011-03-16 00:00:00-04:00,13.482479464265294,13.711338421727518,13.26708181664045,13.334393501281738,84812700,0.0,0.0
2011-03-17 00:00:00-04:00,13.47574803241589,13.502671935684525,13.327662070915848,13.394973754882812,59048300,0.0,0.0
2011-03-18 00:00:00-04:00,13.448822052927245,13.563251523770235,13.38151037292604,13.415166854858398,74001300,0.0,0.0
2011-03-21 00:00:00-04:00,13.394971900567045,13.724797694096223,13.381509308864612,13.59017562866211,43392300,0.0,0.0
2011-03-22 00:00:00-04:00,13.583445384478447,13.603637989732055,13.448822024758016,13.563251495361328,45962800,0.0,0.0
2011-03-23 00:00:00-04:00,13.522867347208058,13.704608529203682,13.46901825074977,13.657490730285645,37924600,0.0,0.0
2011-03-24 00:00:00-04:00,13.805575615582608,13.805575615582608,13.650759621606088,13.718070030212402,49378300,0.0,0.0
2011-03-25 00:00:00-04:00,13.664217065766216,13.866152086024812,13.603636688074976,13.711336135864258,52478400,0.0,0.0
2011-03-28 00:00:00-04:00,13.758457588267467,13.906542282159345,13.684414599389664,13.691145896911621,37109400,0.0,0.0
2011-03-29 00:00:00-04:00,13.644026492881807,13.657489086341828,13.448822739302237,13.650757789611816,59545200,0.0,0.0
2011-03-30 00:00:00-04:00,13.7449953435779,13.771919250488281,13.536330250533346,13.771919250488281,54565700,0.0,0.0
2011-03-31 00:00:00-04:00,13.657485649522378,13.711334725948106,13.421895458711097,13.583442687988281,87528000,0.0,0.0
2011-04-01 00:00:00-04:00,13.718067587802853,13.718067587802853,13.166114118774681,13.273812294006348,82621500,0.0,0.0
2011-04-04 00:00:00-04:00,13.320928761077425,13.32765877233122,13.031489490359963,13.118993759155273,69372800,0.0,0.0
2011-04-05 00:00:00-04:00,13.186308269587292,13.381510734617077,13.15938308331364,13.267081260681152,62605700,0.0,0.0
2011-04-06 00:00:00-04:00,13.368052337755623,13.428632736206055,13.267084151095688,13.428632736206055,56267400,0.0,0.0
2011-04-07 00:00:00-04:00,13.408436115992615,13.522865591593566,13.341124433192602,13.482479095458984,51606400,0.0,0.0
2011-04-08 00:00:00-04:00,13.489210655729588,13.596908836768804,13.42863026841208,13.475748062133789,46474900,0.0,0.0
2011-04-11 00:00:00-04:00,13.50940381736193,13.596909395466646,13.469017318778638,13.543060302734375,43166300,0.0,0.0
2011-04-12 00:00:00-04:00,13.469018836234413,13.509405339367758,13.253622441038194,13.300740242004395,52110300,0.0,0.0
2011-04-13 00:00:00-04:00,13.381508882598709,13.428627952056257,13.273810720136764,13.31419849395752,38977500,0.0,0.0
2011-04-14 00:00:00-04:00,13.21996241242544,13.233425004486742,13.065146455310805,13.17957592010498,52706900,0.0,0.0
2011-04-15 00:00:00-04:00,13.193036628317598,13.2940034866333,13.145918846694487,13.2940034866333,44283000,0.0,0.0
2011-04-18 00:00:00-04:00,13.145917779214328,13.287271112605428,13.09206870689441,13.206498146057129,46481400,0.0,0.0
2011-04-19 00:00:00-04:00,13.240156608081351,13.448821654424965,13.206501411009743,13.368048667907715,81426500,0.0,0.0
2011-04-20 00:00:00-04:00,14.276755470111832,14.431572754187043,14.095015562146344,14.411378860473633,174554500,0.0,0.0
2011-04-21 00:00:00-04:00,14.397918126886552,14.465229830773525,14.263296002976572,14.445035934448242,77640100,0.0,0.0
2011-04-25 00:00:00-04:00,14.38445251297315,14.815245234882092,14.35752732592205,14.76812744140625,81676700,0.0,0.0
2011-04-26 00:00:00-04:00,14.687357336083997,15.165269271084018,14.680626037409185,15.131612777709961,105300000,0.0,0.0
2011-04-27 00:00:00-04:00,15.17199631321516,15.266231900496582,15.030641648429445,15.232575416564941,68452900,0.0,0.0
2011-04-28 00:00:00-04:00,15.111418739400042,15.394126837741629,15.111418739400042,15.347007751464844,55000000,0.0,0.0
2011-04-29 00:00:00-04:00,15.347003684351874,15.609519102869392,15.232574215732312,15.58259391784668,156189000,0.0,0.0
2011-05-02 00:00:00-04:00,15.495089230036497,15.602787399590907,15.353734580081674,15.421046257019043,71970500,0.0,0.0
2011-05-03 00:00:00-04:00,15.353740730867957,15.791264880440075,15.259505115722446,15.636448860168457,110500000,0.0,0.0
2011-05-04 00:00:00-04:00,15.63712694476813,15.983111265152129,15.413254889689771,15.942407608032227,137107200,0.181,0.0
2011-05-05 00:00:00-04:00,15.894910889637442,16.18662307249115,15.718526748982983,16.01702308654785,94292200,0.0,0.0
2011-05-06 00:00:00-04:00,15.91526575306348,16.003458490828994,15.691393771425226,15.772802352905273,100005900,0.0,0.0
2011-05-09 00:00:00-04:00,15.691395059265613,15.738884157161428,15.365763294510838,15.440387725830078,73296400,0.0,0.0
2011-05-10 00:00:00-04:00,15.501442008918477,15.738882294514802,15.48108954080035,15.623554229736328,66314300,0.0,0.0
2011-05-11 00:00:00-04:00,15.799945105515992,16.03060003894584,15.738888969213793,15.881352424621582,85800000,0.0,0.0
2011-05-12 00:00:00-04:00,15.772798407963144,16.16627031649001,15.759230098785794,16.084861755371094,66300000,0.0,0.0
2011-05-13 00:00:00-04:00,16.05095251569524,16.145928152633765,15.847432923985254,15.881352424621582,53099500,0.0,0.0
2011-05-16 00:00:00-04:00,15.820290481298903,16.247683278534815,15.786370993113113,16.037378311157227,74471600,0.0,0.0
2011-05-17 00:00:00-04:00,15.854211240413386,15.989890486905095,15.657474586173942,15.976322174072266,86074100,0.0,0.0
2011-05-18 00:00:00-04:00,16.010249750063057,16.254473014961864,15.95597776964709,16.2002010345459,65592900,0.0,0.0
2011-05-19 00:00:00-04:00,15.820285117404397,16.19340583066852,15.738877855781563,15.969533920288086,98367500,0.0,0.0
2011-05-20 00:00:00-04:00,15.9152658594215,15.9695391100679,15.70496218894876,15.752449989318848,63124700,0.0,0.0
2011-05-23 00:00:00-04:00,15.548931949901739,15.623556382672712,15.440388026205216,15.508228302001953,64900000,0.0,0.0
2011-05-24 00:00:00-04:00,15.528577098272377,15.542145410140677,15.32505759602965,15.33862590789795,51736300,0.0,0.0
2011-05-25 00:00:00-04:00,15.277568316607331,15.487871954386069,15.202943902515228,15.386112213134766,49375900,0.0,0.0
2011-05-26 00:00:00-04:00,15.345412343017717,15.358979362955626,15.23008426289889,15.26400375366211,44432200,0.0,0.0
2011-05-27 00:00:00-04:00,15.236862641326203,15.2775675709964,14.999423687976304,15.067262649536133,67162300,0.0,0.0
2011-05-31 00:00:00-04:00,15.230078837497965,15.358973891638502,15.14188612261742,15.270782470703125,59575300,0.0,0.0
2011-06-01 00:00:00-04:00,15.230077515508377,15.250428683371867,14.911228750233105,14.924797058105469,56011400,0.0,0.0
2011-06-02 00:00:00-04:00,14.93158505836304,15.148672864461659,14.829825310997487,14.985857009887695,53445700,0.0,0.0
2011-06-03 00:00:00-04:00,14.7823373953204,14.992641044030393,14.70092882172068,14.741632461547852,53937700,0.0,0.0
2011-06-06 00:00:00-04:00,14.748417879454966,14.89088257196131,14.694145923725284,14.809473991394043,49667100,0.0,0.0
2011-06-07 00:00:00-04:00,14.951941440024394,15.22330126869315,14.924804810184654,14.965508460998535,60300000,0.0,0.0
2011-06-08 00:00:00-04:00,14.897665149532726,15.01299321499758,14.741633441534825,14.802689552307129,49513200,0.0,0.0
2011-06-09 00:00:00-04:00,14.836611159573657,14.931586762092396,14.721283087681385,14.76198673248291,36986100,0.0,0.0
2011-06-10 00:00:00-04:00,14.741640380462718,14.789128201428156,14.422792658304724,14.504199981689453,53233300,0.0,0.0
2011-06-13 00:00:00-04:00,14.538114370187618,14.653442439105334,14.436354613835634,14.510977745056152,43550000,0.0,0.0
2011-06-14 00:00:00-04:00,14.653442000388978,14.870529819159184,14.619521219990217,14.802689552307129,51995000,0.0,0.0
2011-06-15 00:00:00-04:00,14.707717184633509,14.809476960283488,14.517764654526664,14.531332969665527,48556700,0.0,0.0
2011-06-16 00:00:00-04:00,14.558468305997504,14.78234162395151,14.429573194015548,14.531332969665527,53634800,0.0,0.0
2011-06-17 00:00:00-04:00,14.707714394221297,14.707714394221297,14.293889918618795,14.375298500061035,96504000,0.0,0.0
2011-06-20 00:00:00-04:00,14.375301214584725,14.53133295670525,14.361732899457964,14.470276832580566,37358400,0.0,0.0
2011-06-21 00:00:00-04:00,14.558464392273065,14.714497386532447,14.395648536213427,14.687360763549805,55384300,0.0,0.0
2011-06-22 00:00:00-04:00,14.612739080007826,14.660226880967441,14.504193871313024,14.517762184143066,37679600,0.0,0.0
2011-06-23 00:00:00-04:00,14.38208816741202,14.734855371650488,14.28711123701097,14.728071212768555,54189000,0.0,0.0
2011-06-24 00:00:00-04:00,14.660226882464551,14.748418327977767,14.368514626316522,14.38208293914795,124407700,0.0,0.0
2011-06-27 00:00:00-04:00,14.36173034050752,14.572034011717768,14.24640227037051,14.477058410644531,45183400,0.0,0.0
2011-06-28 00:00:00-04:00,14.531326717920937,14.612735279784347,14.422782831399854,14.578814506530762,36515100,0.0,0.0
2011-06-29 00:00:00-04:00,14.605954639070776,14.633089970256735,14.456705788738727,14.510977745056152,31660400,0.0,0.0
2011-06-30 00:00:00-04:00,14.572031125932833,15.07404695124576,14.572031125932833,15.033343315124512,53930200,0.0,0.0
2011-07-01 00:00:00-04:00,15.067265098214058,15.31827369619229,14.992641969581713,15.284354209899902,35837100,0.0,0.0
2011-07-05 00:00:00-04:00,15.392900020469488,15.392900020469488,15.169028019023507,15.223299980163574,33358200,0.0,0.0
2011-07-06 00:00:00-04:00,15.230081878782883,15.481089176607552,15.223297722903105,15.433601379394531,43269800,0.0,0.0
2011-07-07 00:00:00-04:00,15.52858298338262,15.867783144969456,15.508231801812805,15.759239196777344,53107000,0.0,0.0
2011-07-08 00:00:00-04:00,15.576070009454458,15.738887217435686,15.474310224925587,15.664262771606445,35838800,0.0,0.0
2011-07-11 00:00:00-04:00,15.494659706064269,15.589635314083845,15.420035274651394,15.501443862915039,34663100,0.0,0.0
2011-07-12 00:00:00-04:00,15.345414422345085,15.413253413063812,15.087621599409024,15.230086326599121,51048100,0.0,0.0
2011-07-13 00:00:00-04:00,15.311494821729063,15.42003876804067,15.14189474387394,15.250438690185547,43265500,0.0,0.0
2011-07-14 00:00:00-04:00,15.30470752216214,15.399684426150909,15.067267203108676,15.107972145080566,47571900,0.0,0.0
2011-07-15 00:00:00-04:00,15.107966747436414,15.304702054230093,15.060478959380879,15.175806999206543,49959400,0.0,0.0
2011-07-18 00:00:00-04:00,15.121536924879944,15.216512512725469,14.979072249166318,15.114752769470215,45195400,0.0,0.0
2011-07-19 00:00:00-04:00,15.223295526332105,15.671039398229057,15.223295526332105,15.643902778625488,55706900,0.0,0.0
2011-07-20 00:00:00-04:00,15.671041848696518,15.752449132346328,15.535361317352908,15.596417427062988,57158800,0.0,0.0
2011-07-21 00:00:00-04:00,15.162243612314482,15.521794863713614,15.040131378274928,15.4743070602417,80125400,0.0,0.0
2011-07-22 00:00:00-04:00,15.56249687230187,15.772800516889024,15.453952972260412,15.691391944885254,45085500,0.0,0.0
2011-07-25 00:00:00-04:00,15.562498119327403,15.793154248884353,15.467521228721598,15.623554229736328,40716100,0.0,0.0
2011-07-26 00:00:00-04:00,15.623554023379603,15.704961306885965,15.487873492275074,15.535361289978027,45573600,0.0,0.0
2011-07-27 00:00:00-04:00,15.365761494579816,15.43360176111005,15.162241988934571,15.284354209899902,59198500,0.0,0.0
2011-07-28 00:00:00-04:00,15.243653977912873,15.521797991973113,15.148678351827677,15.29792594909668,36736700,0.0,0.0
2011-07-29 00:00:00-04:00,15.162245187210615,15.345413557295569,15.07405243393457,15.148676872253418,51897500,0.0,0.0
2011-08-01 00:00:00-04:00,15.311489852500468,15.392898432786586,14.856961739604579,15.087617874145508,51674300,0.0,0.0
2011-08-02 00:00:00-04:00,14.931588515704428,15.053700758395783,14.728067679903607,14.734851837158203,56976600,0.0,0.0
2011-08-03 00:00:00-04:00,14.796508615126909,15.049966591355341,14.625252731402242,14.940362930297852,65640300,0.21,0.0
2011-08-04 00:00:00-04:00,14.707450513745925,14.940358551881822,14.27588638812842,14.282736778259277,86743900,0.0,0.0
2011-08-05 00:00:00-04:00,14.385490554633838,14.522495749214078,13.844321473278091,14.241636276245117,101800300,0.0,0.0
2011-08-08 00:00:00-04:00,13.864872237702262,14.296437673364869,13.75526860788472,13.775819778442383,137491600,0.0,0.0
2011-08-09 00:00:00-04:00,13.892276275197634,14.125184356727962,13.371658287457993,14.111483573913574,116628500,0.0,0.0
2011-08-10 00:00:00-04:00,13.885421512232032,14.049826934509095,13.542909889176943,13.65251350402832,95403800,0.0,0.0
2011-08-11 00:00:00-04:00,13.796363075683708,14.385483285479646,13.748411673784544,14.221077919006348,75327100,0.0,0.0
2011-08-12 00:00:00-04:00,14.234781854497294,14.3238342911495,14.084075921824024,14.14572811126709,54183200,0.0,0.0
2011-08-15 00:00:00-04:00,14.21423394795796,14.337538355113255,14.132030574328331,14.310136795043945,46288900,0.0,0.0
2011-08-16 00:00:00-04:00,14.207384324310873,14.433441980763412,14.042978874761603,14.241636276245117,44763700,0.0,0.0
2011-08-17 00:00:00-04:00,14.09778020641099,14.37178927956907,13.974475796845274,14.159432411193848,51304900,0.0,0.0
2011-08-18 00:00:00-04:00,13.803216903683262,13.823768069582371,13.392202731747343,13.542908668518066,92196400,0.0,0.0
2011-08-19 00:00:00-04:00,13.433308269930624,13.67306539642414,13.12504724075561,13.145598411560059,79157400,0.0,0.0
2011-08-22 00:00:00-04:00,13.392204166297182,13.4812579214879,13.19354810097158,13.275750160217285,48904000,0.0,0.0
2011-08-23 00:00:00-04:00,13.262048254526997,13.501805305480957,13.220945925868088,13.501805305480957,54210800,0.0,0.0
2011-08-24 00:00:00-04:00,13.412756642675323,13.618263117412825,13.268902371674733,13.563461303710938,53521400,0.0,0.0
2011-08-25 00:00:00-04:00,13.584008601815638,13.618259235649617,13.289448447162872,13.303149223327637,51597200,0.0,0.0
2011-08-26 00:00:00-04:00,13.31000068130698,13.679912521444683,13.200397076334472,13.542908668518066,53819400,0.0,0.0
2011-08-29 00:00:00-04:00,13.659365917771337,13.912823824714037,13.584012931425935,13.905973434448242,40646100,0.0,0.0
2011-08-30 00:00:00-04:00,13.830619432411455,13.94022304510418,13.645662846025681,13.864870071411133,39098800,0.0,0.0
2011-08-31 00:00:00-04:00,13.85802190556505,13.981326316270865,13.714167630793822,13.789519309997559,55288500,0.0,0.0
2011-09-01 00:00:00-04:00,13.892279107004338,13.940230550050568,13.693621635437012,13.693621635437012,40781200,0.0,0.0
2011-09-02 00:00:00-04:00,13.563456239988259,13.652509970618325,13.405901247738528,13.453852653503418,42807600,0.0,0.0
2011-09-06 00:00:00-04:00,13.186694806565184,13.412752379557473,13.125042622423843,13.38535213470459,44255600,0.0,0.0
2011-09-07 00:00:00-04:00,13.714165162264159,13.79636721688623,13.604561551716,13.755266189575195,46090100,0.0,0.0
2011-09-08 00:00:00-04:00,13.734716005100854,13.90597182215487,13.57031057751838,13.631962776184082,42985100,0.0,0.0
2011-09-09 00:00:00-04:00,13.529213342648681,13.851173898662418,13.467561126687542,13.494962692260742,61406600,0.0,0.0
2011-09-12 00:00:00-04:00,13.378501802267289,13.899119522407554,13.371651414381219,13.892269134521484,53318000,0.0,0.0
2011-09-13 00:00:00-04:00,13.91966742718311,14.316980722804677,13.844314477582873,14.221077919006348,60222400,0.0,0.0
2011-09-14 00:00:00-04:00,14.310136026403992,14.659498059052623,14.186831625871744,14.467692375183105,58352700,0.0,0.0
2011-09-15 00:00:00-04:00,14.59784055146006,14.844449262865206,14.536188373608773,14.755396842956543,53239300,0.0,0.0
2011-09-16 00:00:00-04:00,14.830753848100537,15.132164459122261,14.680049195878787,15.04996109008789,90738900,0.0,0.0
2011-09-19 00:00:00-04:00,14.912954610444615,15.111610648804998,14.817050478904914,15.022558212280273,57738000,0.0,0.0
2011-09-20 00:00:00-04:00,15.063657329717028,15.392468093606427,14.974604904463668,15.207512855529785,71495200,0.0,0.0
2011-09-21 00:00:00-04:00,15.193819640692237,15.413026925693995,15.002012613026459,15.029414176940918,66811700,0.0,0.0
2011-09-22 00:00:00-04:00,14.762248925036115,15.00200729803077,14.618394685186134,14.810201644897461,94232800,0.0,0.0
2011-09-23 00:00:00-04:00,14.652648383923347,15.255469636681758,14.53619436736172,15.180116653442383,74135600,0.0,0.0
2011-09-26 00:00:00-04:00,15.180112979636807,15.371919933017768,14.92665514448201,15.234914779663086,64847800,0.0,0.0
2011-09-27 00:00:00-04:00,15.41302716947782,15.741838102181173,15.323974698504266,15.440428733825684,88219700,0.0,0.0
2011-09-28 00:00:00-04:00,15.488374211852259,15.556875483236242,15.27601608951231,15.282866477966309,74789100,0.0,0.0
2011-09-29 00:00:00-04:00,15.330819965490726,15.481525918719738,14.981459253099164,15.21436595916748,85510500,0.0,0.0
2011-09-30 00:00:00-04:00,15.022562554951909,15.118465407636885,14.61154827596457,14.618398666381836,64453700,0.0,0.0
2011-10-03 00:00:00-04:00,14.50879290551704,14.659497552864769,14.090928297381646,14.1251802444458,95768300,0.0,0.0
2011-10-04 00:00:00-04:00,14.008726903573773,14.570445796348777,13.974474954881247,14.53619384765625,77896900,0.0,0.0
2011-10-05 00:00:00-04:00,14.55674026006109,15.049956400857498,14.426585510717578,14.967754364013672,70932100,0.0,0.0
2011-10-06 00:00:00-04:00,15.015713366430635,15.104765835826331,14.844457512026352,15.091066360473633,58483000,0.0,0.0
2011-10-07 00:00:00-04:00,15.118462902706653,15.413023108952473,15.008859287347022,15.269168853759766,58425800,0.0,0.0
2011-10-10 00:00:00-04:00,15.399320350168628,15.680179741733866,15.392469961767281,15.67332935333252,40172800,0.0,0.0
2011-10-11 00:00:00-04:00,15.591132676370435,15.755538134901736,15.488379428110676,15.748687744140625,50604700,0.0,0.0
2011-10-12 00:00:00-04:00,15.755534672618715,15.947341652044818,15.741833894107247,15.837738037109375,59913300,0.0,0.0
2011-10-13 00:00:00-04:00,15.7692376366822,16.070646966239696,15.728135295451178,16.022695541381836,51288900,0.0,0.0
2011-10-14 00:00:00-04:00,16.05694812753992,16.09804916381836,15.926793321650077,16.09804916381836,44894100,0.0,0.0
2011-10-17 00:00:00-04:00,15.974740259222893,16.16654721891847,15.85143587845988,15.94734001159668,47936100,0.0,0.0
2011-10-18 00:00:00-04:00,15.871989786162722,16.091197031354824,15.803487195395629,16.029544830322266,85272200,0.0,0.0
2011-10-19 00:00:00-04:00,16.44740638058446,16.783067575301125,16.34465316694924,16.604961395263672,139956200,0.0,0.0
2011-10-20 00:00:00-04:00,16.358348464241615,16.358348464241615,15.995287114909361,16.17339324951172,88682000,0.0,0.0
2011-10-21 00:00:00-04:00,16.344655156659748,16.611813805949385,16.303552820939682,16.461109161376953,123273100,0.0,0.0
2011-10-24 00:00:00-04:00,16.47481327624081,16.98173177368752,16.454263409167652,16.8447265625,138273600,0.0,0.0
2011-10-25 00:00:00-04:00,16.762525776972268,17.02283545732777,16.707723945304593,16.872129440307617,60939200,0.0,0.0
2011-10-26 00:00:00-04:00,16.98857382620232,17.01597537972884,16.67346380011526,16.920072555541992,58249900,0.0,0.0
2011-10-27 00:00:00-04:00,17.077628181486173,17.26258475469415,17.022826379044332,17.214632034301758,84559200,0.0,0.0
2011-10-28 00:00:00-04:00,17.03652768467166,17.146131292954596,16.940623547490535,17.111879348754883,44897400,0.0,0.0
2011-10-31 00:00:00-04:00,16.83102426097037,17.070782705619713,16.77622244275724,16.810474395751953,43121800,0.0,0.0
2011-11-01 00:00:00-04:00,16.51591253657646,16.680317975325565,16.317255148143204,16.37205696105957,68002400,0.0,0.0
2011-11-02 00:00:00-04:00,16.454256878276745,16.481657125691648,16.132295151750082,16.33780288696289,56626000,0.0,0.0
2011-11-03 00:00:00-04:00,16.441470548245746,16.745557315118575,16.089005082921346,16.724824905395508,58297700,0.21,0.0
2011-11-04 00:00:00-04:00,16.61424900599895,16.63498141740216,16.35162703728953,16.40691566467285,46476000,0.0,0.0
2011-11-07 00:00:00-05:00,16.37926665841121,16.80084181014681,16.330887971846018,16.780109405517578,51137900,0.0,0.0
2011-11-08 00:00:00-05:00,16.918338861547507,17.118760995975475,16.76629543825343,17.104938507080078,55961900,0.0,0.0
2011-11-09 00:00:00-05:00,16.75246772851557,16.807756348681576,16.448379658510202,16.476024627685547,56872200,0.0,0.0
2011-11-10 00:00:00-05:00,16.683357547176392,16.7593798984317,16.4069144310454,16.628068923950195,45508700,0.0,0.0
2011-11-11 00:00:00-05:00,16.8008444942343,17.208598547420966,16.793933252192282,17.174043655395508,43867200,0.0,0.0
2011-11-14 00:00:00-05:00,17.125664755000873,17.208597015754368,16.9183314667481,17.021997451782227,49418100,0.0,0.0
2011-11-15 00:00:00-05:00,17.042730028500735,17.595616123577503,17.015086382839108,17.512683868408203,77391300,0.0,0.0
2011-11-16 00:00:00-05:00,17.36755577301051,17.623266494301703,17.194778650517353,17.23624610900879,74241700,0.0,0.0
2011-11-17 00:00:00-05:00,17.208593470323283,17.24314967033817,16.669529931933532,16.82157325744629,62125300,0.0,0.0
2011-11-18 00:00:00-05:00,16.70409185485062,16.88378021611728,16.6004258474773,16.787025451660156,45683600,0.0,0.0
2011-11-21 00:00:00-05:00,16.607339337167964,16.690271627012446,16.13738530076596,16.2894287109375,58579300,0.0,0.0
2011-11-22 00:00:00-05:00,16.15811224295442,16.261779547435466,15.957691511872433,16.061357498168945,48479200,0.0,0.0
2011-11-23 00:00:00-05:00,15.923142692890456,15.992252497978546,15.681254420527036,15.688165664672852,52698400,0.0,0.0
2011-11-25 00:00:00-05:00,15.584495944005155,16.047538685679644,15.556852289822638,15.708895683288574,28346900,0.0,0.0
2011-11-28 00:00:00-05:00,16.089005287309266,16.289426053558564,16.068271559138054,16.213403701782227,39753000,0.0,0.0
2011-11-29 00:00:00-05:00,16.234137262000182,16.517491619818063,16.18575988161929,16.296337127685547,44191100,0.0,0.0
2011-11-30 00:00:00-05:00,16.780124734750526,17.236256507867935,16.745568498492766,17.21552276611328,73450200,0.0,0.0
2011-12-01 00:00:00-05:00,17.187866752859552,17.256976539376776,16.86304495621599,17.222421646118164,51820400,0.0,0.0
2011-12-02 00:00:00-05:00,17.284626166119995,17.37446970371282,17.001271746854506,17.028915405273438,41486500,0.0,0.0
2011-12-05 00:00:00-05:00,17.298448495254878,17.41593700837063,17.13258259171235,17.284626007080078,42526800,0.0,0.0
2011-12-06 00:00:00-05:00,17.339917218178968,17.609449186712926,17.277717330334948,17.51960563659668,49516000,0.0,0.0
2011-12-07 00:00:00-05:00,17.505775229491086,17.816774528063725,17.36755302608444,17.733840942382812,54791500,0.0,0.0
2011-12-08 00:00:00-05:00,17.588714935653215,17.644003572618164,17.022004759031148,17.077293395996094,58000600,0.0,0.0
2011-12-09 00:00:00-05:00,16.86996058913125,17.346825885681653,16.84922685686905,17.284626007080078,44071500,0.0,0.0
2011-12-12 00:00:00-05:00,16.711004820971237,16.78702718270385,16.317073161420318,16.586605072021484,94831300,0.0,0.0
2011-12-13 00:00:00-05:00,16.621159498551346,16.628070741983358,16.18576170781383,16.282516479492188,78519000,0.0,0.0
2011-12-14 00:00:00-05:00,16.227227805237572,16.2825164343555,15.992250801940163,16.109739303588867,56395100,0.0,0.0
2011-12-15 00:00:00-05:00,16.296338921181203,16.358538793711983,16.06827316129665,16.109739303588867,38692600,0.0,0.0
2011-12-16 00:00:00-05:00,16.220314952316148,16.51058055592902,16.0544490814209,16.0544490814209,94567200,0.0,0.0
2011-12-19 00:00:00-05:00,16.165026094867745,16.227225960326876,15.930049118285408,15.964605331420898,42243000,0.0,0.0
2011-12-20 00:00:00-05:00,16.234136420140022,16.572779383429886,16.199581526855525,16.476024627685547,46309500,0.0,0.0
2011-12-21 00:00:00-05:00,16.552047592389552,16.64880235174439,16.192670888807672,16.365447998046875,45222100,0.0,0.0
2011-12-22 00:00:00-05:00,16.469114742183404,16.65571434493575,16.420737360325713,16.600425720214844,32002200,0.0,0.0
2011-12-23 00:00:00-05:00,16.67645269890672,16.863052368164062,16.61425412733953,16.863052368164062,24832700,0.0,0.0
2011-12-27 00:00:00-05:00,16.897596545698903,17.070373601102023,16.863040343707684,16.973617553710938,24136000,0.0,0.0
2011-12-28 00:00:00-05:00,16.945981802723495,16.973625459006904,16.711004792482317,16.745559692382812,23703400,0.0,0.0
2011-12-29 00:00:00-05:00,16.835408965032197,16.98745241000548,16.780120319752342,16.966718673706055,22319300,0.0,0.0
2011-12-30 00:00:00-05:00,16.883776232650618,17.015087180707926,16.759376525878906,16.759376525878906,21710100,0.0,0.0
2012-01-03 00:00:00-05:00,17.015089339329304,17.201687604975195,16.856133405963657,16.959800720214844,44845600,0.0,0.0
2012-01-04 00:00:00-05:00,16.980535744928048,17.3675561383625,16.952892090203733,17.353734970092773,47504000,0.0,0.0
2012-01-05 00:00:00-05:00,17.319176476296278,17.588709653974767,17.263887855933838,17.554153442382812,49490600,0.0,0.0
2012-01-06 00:00:00-05:00,17.422849785361905,17.554160808140296,17.284628835550393,17.45049476623535,36343500,0.0,0.0
2012-01-09 00:00:00-05:00,17.554152151270955,17.664729383862852,17.429752435058923,17.602529525756836,47478600,0.0,0.0
2012-01-10 00:00:00-05:00,17.768395216272598,17.91352865662124,17.630174335857003,17.685462951660156,41060900,0.0,0.0
2012-01-11 00:00:00-05:00,17.574896943503077,17.89280635784419,17.51269704623018,17.83060646057129,57170000,0.0,0.0
2012-01-12 00:00:00-05:00,17.865150678261166,17.89970556765007,17.650907464043996,17.796039581298828,44420500,0.0,0.0
2012-01-13 00:00:00-05:00,17.754576379288533,17.775308789068195,17.346822289948346,17.374465942382812,63313400,0.0,0.0
2012-01-17 00:00:00-05:00,17.402113662805256,17.554157070681907,17.256980180490537,17.30535888671875,60438600,0.0,0.0
2012-01-18 00:00:00-05:00,17.367554763159205,17.60944298422179,17.284622487368168,17.547243118286133,62687000,0.0,0.0
2012-01-19 00:00:00-05:00,17.637092731092434,17.747670007548145,17.533426699188343,17.71311378479004,64946300,0.0,0.0
2012-01-20 00:00:00-05:00,17.878981066696394,18.293645195450075,17.62327029032551,18.2314453125,101272500,0.0,0.0
2012-01-23 00:00:00-05:00,18.2107031855437,18.583900966039597,18.20379194465876,18.459501266479492,69663500,0.0,0.0
2012-01-24 00:00:00-05:00,18.452595602754904,18.64610511945881,18.390395738618732,18.590816497802734,56220400,0.0,0.0
2012-01-25 00:00:00-05:00,18.549350361106857,18.62537271020323,18.31437338952236,18.590816497802734,54757900,0.0,0.0
2012-01-26 00:00:00-05:00,18.625372403215078,18.659927296861312,18.383484193137342,18.487150192260742,61678200,0.0,0.0
2012-01-27 00:00:00-05:00,18.42494835617185,18.549348069072856,18.376570982973583,18.473325729370117,50587400,0.0,0.0
2012-01-30 00:00:00-05:00,18.32128524039753,18.521706006236904,18.155419369921393,18.480239868164062,60694100,0.0,0.0
2012-01-31 00:00:00-05:00,18.514801201814695,18.521711128250413,18.162335635262426,18.259090423583984,45325300,0.0,0.0
2012-02-01 00:00:00-05:00,18.480237502493118,18.549348602557394,18.3212828950745,18.348926544189453,46330600,0.0,0.0
2012-02-02 00:00:00-05:00,18.37657188638631,18.4802378795053,18.286727059014463,18.30746078491211,34780300,0.0,0.0
2012-02-03 00:00:00-05:00,18.579154271702507,18.77421148724386,18.516457357018453,18.627918243408203,42191600,0.21,0.0
2012-02-06 00:00:00-05:00,18.49555581007224,18.620949624982845,18.363196853194086,18.613983154296875,36772600,0.0,0.0
2012-02-07 00:00:00-05:00,18.55128777068515,18.627917625806937,18.411962331676527,18.55825424194336,33101300,0.0,0.0
2012-02-08 00:00:00-05:00,18.572191370475498,18.802079658937213,18.53736033505235,18.704551696777344,37072100,0.0,0.0
2012-02-09 00:00:00-05:00,18.7463445460538,18.809041457208643,18.662749550326343,18.71151351928711,35754200,0.0,0.0
2012-02-10 00:00:00-05:00,18.62791452420897,18.662746874700343,18.425892206232245,18.60004997253418,33616000,0.0,0.0
2012-02-13 00:00:00-05:00,18.69061142637513,18.697577896473405,18.474656168201857,18.60004997253418,24723000,0.0,0.0
2012-02-14 00:00:00-05:00,18.509485682177708,18.655778884887695,18.460721724180445,18.655778884887695,25409300,0.0,0.0
2012-02-15 00:00:00-05:00,18.72544349642982,18.72544349642982,18.460724261467504,18.516454696655273,35832700,0.0,0.0
2012-02-16 00:00:00-05:00,18.3910612004323,18.77420911154201,18.35623017611251,18.69061279296875,42450700,0.0,0.0
2012-02-17 00:00:00-05:00,18.711507684229534,19.157351065658716,18.68364180853117,19.066789627075195,74254100,0.0,0.0
2012-02-21 00:00:00-05:00,19.045895527129797,19.06679493972685,18.81600730343601,18.920501708984375,34911800,0.0,0.0
2012-02-22 00:00:00-05:00,18.85083699897735,19.05286065367256,18.467690429427734,18.620948791503906,51973800,0.0,0.0
2012-02-23 00:00:00-05:00,18.50252023855656,18.71151034991325,18.35622835645332,18.57218360900879,33800100,0.0,0.0
2012-02-24 00:00:00-05:00,18.613981584012418,18.669712016080307,18.425892206232245,18.60004997253418,39309500,0.0,0.0
2012-02-27 00:00:00-05:00,18.47465577894574,18.948365105901008,18.42589181800357,18.73240852355957,46022400,0.0,0.0
2012-02-28 00:00:00-05:00,18.76027535674015,19.018028114452665,18.683645512097772,18.97623062133789,32820500,0.0,0.0
2012-02-29 00:00:00-05:00,18.983193103941066,19.018024119433544,18.697574525004903,18.725439071655273,41856200,0.0,0.0
2012-03-01 00:00:00-05:00,18.85083895507237,18.906569395130173,18.607017781550038,18.71151351928711,39413000,0.0,0.0
2012-03-02 00:00:00-05:00,18.739374403065316,18.829937180862963,18.648812953985907,18.753307342529297,29632800,0.0,0.0
2012-03-05 00:00:00-05:00,18.74634300630566,18.74634300630566,18.363196428468168,18.488590240478516,32332200,0.0,0.0
2012-03-06 00:00:00-05:00,18.286564019392024,18.551283218655783,18.251733000366176,18.537351608276367,37196700,0.0,0.0
2012-03-07 00:00:00-05:00,18.516457276747442,18.809042434431788,18.474659776712127,18.74634552001953,32720900,0.0,0.0
2012-03-08 00:00:00-05:00,18.809035460055473,18.83690133555875,18.63487772431422,18.697574615478516,37261600,0.0,0.0
2012-03-09 00:00:00-05:00,18.76724378608676,18.927468633683947,18.718479817576178,18.857805252075195,29396700,0.0,0.0
2012-03-12 00:00:00-04:00,18.80903327104357,18.864763686846093,18.74633638717599,18.802066802978516,24006900,0.0,0.0
2012-03-13 00:00:00-04:00,18.892632192213103,19.15735137199009,18.892632192213103,19.1503849029541,33796800,0.0,0.0
2012-03-14 00:00:00-04:00,19.122522850106506,19.43600602531192,19.04589300943221,19.129487991333008,46835700,0.0,0.0
2012-03-15 00:00:00-04:00,19.1573546813415,19.401175824847694,19.108590718383926,19.331512451171875,34191900,0.0,0.0
2012-03-16 00:00:00-04:00,19.380279999140676,19.477807943096778,19.296684998240757,19.317583084106445,54672100,0.0,0.0
2012-03-19 00:00:00-04:00,19.26881067282148,19.43600193011388,19.18521570853428,19.324541091918945,26937200,0.0,0.0
2012-03-20 00:00:00-04:00,19.261849077496056,19.436006847326436,19.199152174059655,19.331512451171875,22684900,0.0,0.0
2012-03-21 00:00:00-04:00,19.35938346427372,19.42904552769851,19.296686544216453,19.3524169921875,22212900,0.0,0.0
2012-03-22 00:00:00-04:00,19.317581106949824,19.470840807444496,19.233986114605862,19.43600845336914,23395100,0.0,0.0
2012-03-23 00:00:00-04:00,19.463872184526583,19.498703206032257,19.282747949516814,19.422073364257812,24899500,0.0,0.0
2012-03-26 00:00:00-04:00,19.51263530057476,19.686793057992904,19.477802951860188,19.638029098510742,32799700,0.0,0.0
2012-03-27 00:00:00-04:00,19.672860118507074,19.70072599747873,19.554432790314006,19.638029098510742,24365100,0.0,0.0
2012-03-28 00:00:00-04:00,19.596232666544022,19.67982898492138,19.366344451904297,19.366344451904297,35152000,0.0,0.0
2012-03-29 00:00:00-04:00,19.331511655078756,19.631063219446073,19.275781224176807,19.617130279541016,39616000,0.0,0.0
2012-03-30 00:00:00-04:00,19.77735134679607,19.81915015857411,19.519598651088284,19.589262008666992,43024400,0.0,0.0
2012-04-02 00:00:00-04:00,19.533536211013992,19.819154848832927,19.49870385962245,19.770389556884766,28853500,0.0,0.0
2012-04-03 00:00:00-04:00,19.721629447491452,19.763428277329282,19.470843112057484,19.582304000854492,34152500,0.0,0.0
2012-04-04 00:00:00-04:00,19.415104067688045,19.526564907113187,19.227013402888865,19.45690155029297,30845100,0.0,0.0
2012-04-05 00:00:00-04:00,19.41510461905547,19.57532941418956,19.366339337793825,19.55443000793457,22033800,0.0,0.0
2012-04-09 00:00:00-04:00,19.31757486798627,19.436002176157327,19.220046965510583,19.33847427368164,22965500,0.0,0.0
2012-04-10 00:00:00-04:00,19.296682036793257,19.40814290669972,19.094658379638805,19.12252426147461,36272100,0.0,0.0
2012-04-11 00:00:00-04:00,19.28275100787715,19.505672769794117,19.24791865212855,19.40117835998535,26668200,0.0,0.0
2012-04-12 00:00:00-04:00,19.48477153523088,19.867919440344043,19.45690698195483,19.84005355834961,37053200,0.0,0.0
2012-04-13 00:00:00-04:00,19.749489318350204,19.777353867702605,19.56139862752825,19.5683650970459,34480900,0.0,0.0
2012-04-16 00:00:00-04:00,19.68679587951967,19.888818216145225,19.603199559341846,19.791290283203125,37480000,0.0,0.0
2012-04-17 00:00:00-04:00,19.81915249626075,20.049040673283383,19.79128661845525,19.833084106445312,61288000,0.0,0.0
2012-04-18 00:00:00-04:00,19.21308635349525,19.582301327683094,19.12949003394989,19.470840454101562,72249100,0.0,0.0
2012-04-19 00:00:00-04:00,19.41510285991885,19.568361172415063,19.115551374328945,19.289709091186523,43035900,0.0,0.0
2012-04-20 00:00:00-04:00,19.310611427428192,19.48476918271108,19.206117040002102,19.22701644897461,38058500,0.0,0.0
2012-04-23 00:00:00-04:00,19.038927944685575,19.206119249545267,18.97623103927339,19.12252426147461,37791200,0.0,0.0
2012-04-24 00:00:00-04:00,19.05285786655602,19.227015614278255,18.976228032368425,19.024991989135742,35010600,0.0,0.0
2012-04-25 00:00:00-04:00,19.108588638398366,19.442971201182473,19.052858211267683,19.408140182495117,40854600,0.0,0.0
2012-04-26 00:00:00-04:00,19.366346578801604,19.714662174310398,19.331515550738143,19.658931732177734,46644900,0.0,0.0
2012-04-27 00:00:00-04:00,19.58230017424381,19.874885282341054,19.575333703965498,19.770389556884766,33310200,0.0,0.0
2012-04-30 00:00:00-04:00,19.798249953298345,19.881846244761064,19.70768852220521,19.784317016601562,28810500,0.0,0.0
2012-05-01 00:00:00-04:00,19.833090744708546,20.23713680709782,19.763428684314828,20.1674747467041,43316200,0.0,0.0
2012-05-02 00:00:00-04:00,20.07691010750755,20.390394665505926,20.007246724761412,20.32769775390625,40434700,0.0,0.0
2012-05-03 00:00:00-04:00,20.531175998982206,20.538192966090783,19.941764145357865,20.03999900817871,41219000,0.21,0.0
2012-05-04 00:00:00-04:00,19.87160269638233,19.91370317526828,19.534796188594516,19.57689666748047,34573600,0.0,0.0
2012-05-07 00:00:00-04:00,19.52777229245328,19.633024121509845,19.401469562245563,19.478654861450195,37385900,0.0,0.0
2012-05-08 00:00:00-04:00,19.28218388490458,19.36638615153435,18.952394462166378,19.204999923706055,53087400,0.0,0.0
2012-05-09 00:00:00-04:00,19.001513804626757,19.190967919837473,18.76995922104136,19.078699111938477,40599300,0.0,0.0
2012-05-10 00:00:00-04:00,19.183956966258563,19.2681579294051,18.917317460144115,19.113788604736328,36239000,0.0,0.0
2012-05-11 00:00:00-04:00,19.1278185837679,19.61197870582739,19.0857181109127,19.387439727783203,34937400,0.0,0.0
2012-05-14 00:00:00-04:00,19.190968114375035,19.22605161531795,18.86117731677263,18.959413528442383,39447300,0.0,0.0
2012-05-15 00:00:00-04:00,18.980463222161134,19.120799903582387,18.819076975371544,18.861177444458008,35712100,0.0,0.0
2012-05-16 00:00:00-04:00,18.882236386600436,18.93837081539617,18.587530300835255,18.594547271728516,44629300,0.0,0.0
2012-05-17 00:00:00-04:00,18.573493498247846,18.706813247984385,18.377023696899414,18.377023696899414,31503200,0.0,0.0
2012-05-18 00:00:00-04:00,18.41210769744032,18.643662354011266,18.278787944156992,18.292821884155273,43444900,0.0,0.0
2012-05-21 00:00:00-04:00,18.285799965171275,18.37701921212178,18.01916186911943,18.34895133972168,41389400,0.0,0.0
2012-05-22 00:00:00-04:00,18.43316236295958,18.440179334388343,18.089338793053063,18.264759063720703,46037700,0.0,0.0
2012-05-23 00:00:00-04:00,17.871807163588002,17.899875034335718,17.48588330925508,17.850757598876953,61969600,0.0,0.0
2012-05-24 00:00:00-04:00,17.94198111883225,18.089334809687248,17.75954391690947,17.99811553955078,37129200,0.0,0.0
2012-05-25 00:00:00-04:00,18.04723391229913,18.138453187095383,17.94198203536903,18.061267852783203,19122200,0.0,0.0
2012-05-29 00:00:00-04:00,18.271766932035096,18.46823668075604,18.14546418594318,18.30685043334961,35052800,0.0,0.0
2012-05-30 00:00:00-04:00,18.173528929619486,18.377016964583845,18.103360595550754,18.334915161132812,33089800,0.0,0.0
2012-05-31 00:00:00-04:00,18.089327301415704,18.292813990178598,18.03319290399667,18.131427764892578,42240200,0.0,0.0
2012-06-01 00:00:00-04:00,17.822692143904604,18.040212818284267,17.62622237543907,17.640254974365234,40246400,0.0,0.0
2012-06-04 00:00:00-04:00,17.738488734397354,17.794623137358908,17.429748848933944,17.570085525512695,39903700,0.0,0.0
2012-06-05 00:00:00-04:00,17.57008917398509,17.941979168948105,17.54202129750108,17.8437442779541,29491300,0.0,0.0
2012-06-06 00:00:00-04:00,17.899880932654618,18.32088976415184,17.843746511011666,18.292821884155273,33553600,0.0,0.0
2012-06-07 00:00:00-04:00,18.50332787614279,18.545428359851297,18.166519991424025,18.20160484313965,29534200,0.0,0.0
2012-06-08 00:00:00-04:00,18.15950168051694,18.58051050157316,18.138452109391725,18.53139305114746,26750500,0.0,0.0
2012-06-11 00:00:00-04:00,18.629625693309205,18.685760106754184,18.215633892271224,18.236684799194336,28041300,0.0,0.0
2012-06-12 00:00:00-04:00,18.327907515440753,18.622613576216644,18.278788723352903,18.608579635620117,29132000,0.0,0.0
2012-06-13 00:00:00-04:00,18.566468635481822,18.854158922089766,18.482267710227926,18.622604370117188,30496500,0.0,0.0
2012-06-14 00:00:00-04:00,18.650676731459452,18.987483214499125,18.538407903779557,18.93134880065918,38301200,0.0,0.0
2012-06-15 00:00:00-04:00,18.959418469647098,19.25412450476312,18.86118223237501,19.183956146240234,51838900,0.0,0.0
2012-06-18 00:00:00-04:00,19.14887149271614,19.373409155901445,19.099752707838068,19.240089416503906,30432300,0.0,0.0
2012-06-19 00:00:00-04:00,19.359374235336535,19.387440772635966,19.120802645716477,19.303239822387695,30060200,0.0,0.0
2012-06-20 00:00:00-04:00,19.28219183520407,19.471646009473258,19.2120234738062,19.394460678100586,28164900,0.0,0.0
2012-06-21 00:00:00-04:00,19.303243147542936,19.359377570161428,18.67173055849735,18.741897583007812,47571100,0.0,0.0
2012-06-22 00:00:00-04:00,18.861176545400703,18.917310947623484,18.713824241447046,18.903278350830078,100360700,0.0,0.0
2012-06-25 00:00:00-04:00,18.66471292577313,18.699796436782886,18.159501801791652,18.27878761291504,41787800,0.0,0.0
2012-06-26 00:00:00-04:00,18.355970930272253,18.440173221152406,18.061264919716734,18.25071907043457,34935400,0.0,0.0
2012-06-27 00:00:00-04:00,18.32088540678082,18.48227166332703,18.285800565129563,18.398069381713867,23642100,0.0,0.0
2012-06-28 00:00:00-04:00,18.24370598948086,18.264756901274826,17.857781975043498,18.124420166015625,40166600,0.0,0.0
2012-06-29 00:00:00-04:00,18.44017359892545,18.69979476928711,18.39105481420159,18.69979476928711,35082300,0.0,0.0
2012-07-02 00:00:00-04:00,18.601560207290927,18.755929518403484,18.517357913188583,18.713829040527344,21739700,0.0,0.0
2012-07-03 00:00:00-04:00,18.74891266182826,18.847148895263672,18.63664382791642,18.847148895263672,12515500,0.0,0.0
2012-07-05 00:00:00-04:00,18.812062495066748,18.833113401568525,18.50332389647379,18.62962532043457,20324500,0.0,0.0
2012-07-06 00:00:00-04:00,18.552441496649795,18.594541971658956,18.194584113197006,18.35597038269043,32515300,0.0,0.0
2012-07-09 00:00:00-04:00,18.278790924985568,18.391059786579802,18.11038763259421,18.362993240356445,27910200,0.0,0.0
2012-07-10 00:00:00-04:00,18.138451327423834,18.538409221762084,17.850762268747197,17.93496322631836,47231600,0.0,0.0
2012-07-11 00:00:00-04:00,17.941982339971364,17.977067191777184,17.696393730731597,17.8156795501709,34809100,0.0,0.0
2012-07-12 00:00:00-04:00,17.654288891716593,17.66130586034672,17.31748242757015,17.359582901000977,53147600,0.0,0.0
2012-07-13 00:00:00-04:00,17.401684639280973,17.815676450100035,17.373618101070367,17.71744155883789,35972100,0.0,0.0
2012-07-16 00:00:00-04:00,17.70340427117257,17.75953867532348,17.542018026532414,17.633235931396484,36984500,0.0,0.0
2012-07-17 00:00:00-04:00,17.773576997829664,18.005131639398307,17.436770489793474,17.80866050720215,63631500,0.0,0.0
2012-07-18 00:00:00-04:00,17.682355849733007,18.53840590298895,17.5771026640865,18.39105224609375,67503500,0.0,0.0
2012-07-19 00:00:00-04:00,18.489285147320686,18.489285147320686,18.117393926000027,18.285797119140625,36555800,0.0,0.0
2012-07-20 00:00:00-04:00,18.15248903678419,18.243706982824147,17.89286646392368,17.90690040588379,48844000,0.0,0.0
2012-07-23 00:00:00-04:00,17.577103126338987,17.79462513326909,17.401682930114646,17.724456787109375,36378200,0.0,0.0
2012-07-24 00:00:00-04:00,17.67534069842901,17.696390267042254,17.39466863066922,17.54903793334961,33637600,0.0,0.0
2012-07-25 00:00:00-04:00,17.556051962157582,17.913909290500815,17.542018026532414,17.633235931396484,34407600,0.0,0.0
2012-07-26 00:00:00-04:00,17.956007963549187,18.1314281262737,17.780587800824673,17.89285659790039,37808200,0.0,0.0
2012-07-27 00:00:00-04:00,18.01916272536786,18.292817802523484,17.87180906496491,18.257734298706055,33344000,0.0,0.0
2012-07-30 00:00:00-04:00,18.22966953348429,18.38404018864389,18.01916579798498,18.075300216674805,25878100,0.0,0.0
2012-07-31 00:00:00-04:00,18.075299788735833,18.27177091867375,18.033199310302734,18.033199310302734,26616900,0.0,0.0
2012-08-01 00:00:00-04:00,18.124417443083082,18.24370324862734,18.01214860708261,18.1945858001709,29207700,0.0,0.0
2012-08-02 00:00:00-04:00,18.061261935897353,18.426136238848763,18.01916146658751,18.1805477142334,34309900,0.0,0.0
2012-08-03 00:00:00-04:00,18.58046775344577,18.651250757759314,18.389354046821257,18.56631088256836,30692600,0.225,0.0
2012-08-06 00:00:00-04:00,18.55924118664922,18.799902704598317,18.545085659179506,18.62294578552246,24613200,0.0,0.0
2012-08-07 00:00:00-04:00,18.729121087735106,18.856530295146786,18.651260955485718,18.757434844970703,27077800,0.0,0.0
2012-08-08 00:00:00-04:00,18.743276637125568,18.927311995882853,18.615867438749437,18.828216552734375,27034400,0.0,0.0
2012-08-09 00:00:00-04:00,18.856527630645918,19.03348453814094,18.80697991255916,18.898998260498047,26465300,0.0,0.0
2012-08-10 00:00:00-04:00,18.89899371111094,19.04055839298491,18.77866298897751,19.02640151977539,24930300,0.0,0.0
2012-08-13 00:00:00-04:00,18.941471633212142,18.991019362005336,18.693731639171816,18.891923904418945,23619700,0.0,0.0
2012-08-14 00:00:00-04:00,18.969777376301515,18.976855813652296,18.67248975793815,18.74327278137207,27470400,0.0,0.0
2012-08-15 00:00:00-04:00,18.566317443308368,18.73619590364635,18.538005041622366,18.59463119506836,26081000,0.0,0.0
2012-08-16 00:00:00-04:00,18.71495880872393,18.863601930372628,18.64417579124056,18.82113265991211,25699700,0.0,0.0
2012-08-17 00:00:00-04:00,18.80697675302503,18.849446025668346,18.552158417017463,18.63709831237793,30376900,0.0,0.0
2012-08-20 00:00:00-04:00,18.559232447129652,18.637093886881903,18.47429392201221,18.56631088256836,25600800,0.0,0.0
2012-08-21 00:00:00-04:00,18.637094366691972,18.644172802312912,18.39643295587423,18.481372833251953,31661300,0.0,0.0
2012-08-22 00:00:00-04:00,18.32566040016734,18.410600325983083,18.16286033826768,18.2124080657959,33619400,0.0,0.0
2012-08-23 00:00:00-04:00,18.106227071906126,18.113305508788283,17.646139475156186,17.724000930786133,51397600,0.0,0.0
2012-08-24 00:00:00-04:00,17.731078220682374,17.745235094608837,17.483339677338257,17.631982803344727,45187500,0.0,0.0
2012-08-27 00:00:00-04:00,17.59659820890299,17.653224374616443,17.518736724769134,17.582441329956055,34424700,0.0,0.0
2012-08-28 00:00:00-04:00,17.547050788416527,17.70277240932337,17.46918930292595,17.695693969726562,33119500,0.0,0.0
2012-08-29 00:00:00-04:00,17.646143967628216,17.667377933606783,17.37009160931378,17.462108612060547,60462600,0.0,0.0
2012-08-30 00:00:00-04:00,17.391327659333804,17.440875385986722,17.09403994934202,17.178979873657227,37182200,0.0,0.0
2012-08-31 00:00:00-04:00,17.341776289282798,17.695690091104897,17.327619413192153,17.575359344482422,43447800,0.0,0.0
2012-09-04 00:00:00-04:00,17.716923853023363,17.73815781522497,17.178974759375762,17.28514862060547,40688000,0.0,0.0
2012-09-05 00:00:00-04:00,17.27099063789885,17.539965842506053,17.122347511726826,17.263912200927734,38595800,0.0,0.0
2012-09-06 00:00:00-04:00,17.32054160752324,17.7664737701416,17.31346316921948,17.7664737701416,40187600,0.0,0.0
2012-09-07 00:00:00-04:00,17.079878160414445,17.48334099733748,16.994939610590368,17.12234878540039,86282100,0.0,0.0
2012-09-10 00:00:00-04:00,16.9524707655879,17.412558414012064,16.40036477743454,16.464069366455078,80584600,0.0,0.0
2012-09-11 00:00:00-04:00,16.492380983302944,16.740120889934303,16.42159931004302,16.520694732666016,54237700,0.0,0.0
2012-09-12 00:00:00-04:00,16.55608687881139,16.69057449877561,16.32250382838615,16.414522171020508,44862700,0.0,0.0
2012-09-13 00:00:00-04:00,16.287111175575202,16.57024190970761,16.15970200769716,16.53485107421875,52998300,0.0,0.0
2012-09-14 00:00:00-04:00,16.598559218665574,16.662263816269682,16.442836268933707,16.541933059692383,47983700,0.0,0.0
2012-09-17 00:00:00-04:00,16.485302789330923,16.59147664216693,16.393284460152273,16.49945831298828,36169000,0.0,0.0
2012-09-18 00:00:00-04:00,16.4994624279069,16.648106939007853,16.3791316713296,16.541933059692383,41948200,0.0,0.0
2012-09-19 00:00:00-04:00,16.633943621739554,16.64102205762998,16.379125329978717,16.38620376586914,39459800,0.0,0.0
2012-09-20 00:00:00-04:00,16.343737508232156,16.407442092895508,16.27295448637578,16.407442092895508,33083000,0.0,0.0
2012-09-21 00:00:00-04:00,16.435751999319766,16.4711441799181,16.287108891027692,16.372047424316406,56246600,0.0,0.0
2012-09-24 00:00:00-04:00,16.230486127313753,16.244643002497046,15.940276936425914,16.13846778869629,48846500,0.0,0.0
2012-09-25 00:00:00-04:00,16.244646509397704,16.25880203756297,15.933201938500149,15.954437255859375,49535100,0.0,0.0
2012-09-26 00:00:00-04:00,15.975667171180715,16.103076342872406,15.911962585334871,16.03229331970215,49734700,0.0,0.0
2012-09-27 00:00:00-04:00,16.11016115412759,16.379135128504565,16.032299662827285,16.3437442779541,43872200,0.0,0.0
2012-09-28 00:00:00-04:00,16.322508051433296,16.322508051433296,15.989829484474653,16.039377212524414,47920800,0.0,0.0
2012-10-01 00:00:00-04:00,16.1030823876552,16.40037011650719,16.05353465785893,16.11016082763672,55261300,0.0,0.0
2012-10-02 00:00:00-04:00,16.20217130734971,16.280032765643806,16.039371303710993,16.166780471801758,36381100,0.0,0.0
2012-10-03 00:00:00-04:00,16.180935269717924,16.2587953679472,15.919038530018543,15.961507797241211,49772700,0.0,0.0
2012-10-04 00:00:00-04:00,15.98274867483444,16.011062429564156,15.763322475975675,15.904887199401855,52980100,0.0,0.0
2012-10-05 00:00:00-04:00,16.039376675087478,16.20925517274063,15.982750509203095,16.05353355407715,38344600,0.0,0.0
2012-10-08 00:00:00-04:00,16.01105847769912,16.01105847769912,15.85533556526963,15.933197021484375,29698200,0.0,0.0
2012-10-09 00:00:00-04:00,15.685462064784696,15.706697382272777,15.466035851038102,15.501426696777344,66317400,0.0,0.0
2012-10-10 00:00:00-04:00,15.501426801029593,15.572209843058342,15.35986206704633,15.402331352233887,47188900,0.0,0.0
2012-10-11 00:00:00-04:00,15.480194599890613,15.487271689834232,15.232454599557936,15.345706939697266,36817700,0.0,0.0
2012-10-12 00:00:00-04:00,15.274918921860912,15.466032689969635,15.147509743121764,15.20413589477539,46274000,0.0,0.0
2012-10-15 00:00:00-04:00,15.239522649540914,15.50141800127963,15.218287343964748,15.381087303161621,49513800,0.0,0.0
2012-10-16 00:00:00-04:00,15.565126057958194,15.904882922916578,15.536813660915215,15.819944381713867,80707000,0.0,0.0
2012-10-17 00:00:00-04:00,15.05549235254376,15.558049266344364,15.05549235254376,15.423563003540039,99053800,0.0,0.0
2012-10-18 00:00:00-04:00,15.444794988700751,15.473108735186582,15.289073433249904,15.338621139526367,42921800,0.0,0.0
2012-10-19 00:00:00-04:00,15.338624124383495,15.352781000381302,15.020101164802846,15.055493354797363,55622300,0.0,0.0
2012-10-22 00:00:00-04:00,15.147515981556039,15.26784677213692,15.076732925318844,15.189985275268555,36500300,0.0,0.0
2012-10-23 00:00:00-04:00,15.090890500774805,15.40941359345726,15.076733618861235,15.282004356384277,47194400,0.0,0.0
2012-10-24 00:00:00-04:00,15.38109912208663,15.3881775627178,15.154594422187209,15.189985275268555,33237800,0.0,0.0
2012-10-25 00:00:00-04:00,15.274916031013268,15.395246749263332,15.225368326452719,15.352777481079102,79226400,0.0,0.0
2012-10-26 00:00:00-04:00,15.409409302737357,15.586366227159951,15.289078540127026,15.536818504333496,92415400,0.0,0.0
2012-10-31 00:00:00-04:00,15.579286577709148,15.635912735121723,15.281998913774602,15.310311317443848,40612800,0.0,0.0
2012-11-01 00:00:00-04:00,15.402328015013817,15.86241566340221,15.37401426430736,15.756241798400879,50359300,0.0,0.0
2012-11-02 00:00:00-04:00,15.848258561544707,15.954433775102517,15.586363121622714,15.614675521850586,51737600,0.0,0.0
2012-11-05 00:00:00-05:00,15.746970988771597,15.811332013400316,15.532433785347333,15.61824893951416,48797400,0.225,0.0
2012-11-06 00:00:00-05:00,15.539589881896973,15.73267301443072,15.468077459034175,15.539589881896973,49860500,0.0,0.0
2012-11-07 00:00:00-05:00,15.403716158018835,15.410866171965354,14.946037518246808,14.9531888961792,70960100,0.0,0.0
2012-11-08 00:00:00-05:00,14.946034337476982,15.11051190296078,14.888824690178899,14.895976066589355,38090000,0.0,0.0
2012-11-09 00:00:00-05:00,14.88167835637274,15.117668401939936,14.874526977539062,14.874526977539062,35017900,0.0,0.0
2012-11-12 00:00:00-05:00,14.93173651229486,14.953190648606338,14.767258892531622,14.853074073791504,27267000,0.0,0.0
2012-11-13 00:00:00-05:00,14.710049092553868,14.88882946823194,14.431152142971605,14.502664566040039,56379200,0.0,0.0
2012-11-14 00:00:00-05:00,14.602781295803888,14.659990962072046,14.266674676976722,14.273824691772461,58961300,0.0,0.0
2012-11-15 00:00:00-05:00,14.309580300361784,14.509814796307825,14.288126165943522,14.323883056640625,45733800,0.0,0.0
2012-11-16 00:00:00-05:00,14.352485920420563,14.488359364934745,14.137950051386206,14.438301086425781,50855500,0.0,0.0
2012-11-19 00:00:00-05:00,14.29527612636755,14.624232668227503,14.109344405139888,14.481207847595215,69433800,0.0,0.0
2012-11-20 00:00:00-05:00,14.21661094958026,14.21661094958026,13.83759753071221,13.952016830444336,85743300,0.0,0.0
2012-11-21 00:00:00-05:00,13.959164908681643,13.980617669821187,13.751779124430557,13.844745635986328,95636000,0.0,0.0
2012-11-23 00:00:00-05:00,13.966319856456447,14.188007083515407,13.952017102714407,14.102191925048828,51711900,0.0,0.0
2012-11-26 00:00:00-05:00,14.08074001175036,14.245217597794586,14.030681734605224,14.223763465881348,67047900,0.0,0.0
2012-11-27 00:00:00-05:00,14.266673590825235,14.438302576563235,14.245219456113261,14.252370834350586,44893200,0.0,0.0
2012-11-28 00:00:00-05:00,14.22376404024359,14.38109161932212,14.044983692371305,14.366788864135742,43226300,0.0,0.0
2012-11-29 00:00:00-05:00,14.180855890815986,14.331032079086468,13.916260399094512,13.966320037841797,64926300,0.0,0.0
2012-11-30 00:00:00-05:00,14.037830487602294,14.137948396889692,13.887655669649643,13.99492359161377,51427800,0.0,0.0
2012-12-03 00:00:00-05:00,14.216615523403263,14.245221039532192,13.944869940108864,13.973475456237793,50637000,0.0,0.0
2012-12-04 00:00:00-05:00,14.037834869005682,14.338185962640367,14.02353347520293,14.280976295471191,57942400,0.0,0.0
2012-12-05 00:00:00-05:00,14.259523820539885,14.316733488903706,14.116498967637288,14.195162773132324,45847000,0.0,0.0
2012-12-06 00:00:00-05:00,14.295273700271387,14.509810894810034,14.280970947838368,14.416844367980957,46291200,0.0,0.0
2012-12-07 00:00:00-05:00,14.538415035690525,14.559869164340054,14.323879205137425,14.416844367980957,41701200,0.0,0.0
2012-12-10 00:00:00-05:00,14.409691710819855,14.423994461981435,14.288121053917267,14.359633445739746,27273200,0.0,0.0
2012-12-11 00:00:00-05:00,14.416850205205709,14.831620645800443,14.409698826093683,14.76725959777832,51036500,0.0,0.0
2012-12-12 00:00:00-05:00,14.917434359579739,15.010399550893007,14.68859570651388,14.781560897827148,48354700,0.0,0.0
2012-12-13 00:00:00-05:00,14.752952395384368,14.960338235202007,14.61708032514421,14.652835845947266,41607600,0.0,0.0
2012-12-14 00:00:00-05:00,14.67429374297199,14.831619984463108,14.55272303146057,14.681445121765137,34149500,0.0,0.0
2012-12-17 00:00:00-05:00,14.695749729519878,14.795867690535015,14.559877594691171,14.710052490234375,34959900,0.0,0.0
2012-12-18 00:00:00-05:00,14.788711873339597,15.010399141959397,14.710048076996538,14.988945007324219,41601200,0.0,0.0
2012-12-19 00:00:00-05:00,15.067606651814984,15.239235612427757,14.917431822773457,15.08906078338623,52804600,0.0,0.0
2012-12-20 00:00:00-05:00,15.167720229719885,15.189174357083411,14.93173028466295,15.038999557495117,34005500,0.0,0.0
2012-12-21 00:00:00-05:00,14.774410271302115,14.910283739969413,14.645688181405308,14.853074073791504,61993100,0.0,0.0
2012-12-24 00:00:00-05:00,14.767255556537288,14.82446520979126,14.667139004339266,14.760104179382324,14193100,0.0,0.0
2012-12-26 00:00:00-05:00,14.831620645800443,14.967494120956713,14.760108218666296,14.76725959777832,22488700,0.0,0.0
2012-12-27 00:00:00-05:00,14.803013454280501,14.845920356157764,14.524115182113738,14.667140007019043,31704300,0.0,0.0
2012-12-28 00:00:00-05:00,14.552722680683951,14.652839253402735,14.45260474397916,14.466907501220703,25906900,0.0,0.0
2012-12-31 00:00:00-05:00,14.481205505799329,14.774405113094199,14.416844483321377,14.745800971984863,41139500,0.0,0.0
2013-01-02 00:00:00-05:00,15.124815712212424,15.28929328918457,15.053303307098458,15.28929328918457,47623000,0.0,0.0
2013-01-03 00:00:00-05:00,15.303600008831948,15.360809674951495,15.117668252946915,15.246390342712402,41054100,0.0,0.0
2013-01-04 00:00:00-05:00,15.274989471023417,15.2964422343572,15.053300914014283,15.131964683532715,30142500,0.0,0.0
2013-01-07 00:00:00-05:00,15.21778706904511,15.339357787056704,15.146274641276037,15.196332931518555,36352100,0.0,0.0
2013-01-08 00:00:00-05:00,15.182031490908162,15.41802156823884,15.031856607146016,15.081914901733398,48672000,0.0,0.0
2013-01-09 00:00:00-05:00,15.17487555709538,15.353655906390033,15.160574165781028,15.339354515075684,34290000,0.0,0.0
2013-01-10 00:00:00-05:00,15.453775197667568,15.603950049657248,15.396565535387793,15.58964729309082,44621600,0.0,0.0
2013-01-11 00:00:00-05:00,15.589641233525153,15.782724280164322,15.568188470999964,15.732666015625,44944700,0.0,0.0
2013-01-14 00:00:00-05:00,15.718363264617933,15.825631169200113,15.553885719992897,15.732666015625,35724500,0.0,0.0
2013-01-15 00:00:00-05:00,15.696911170267452,15.825631842854108,15.575340509503274,15.646851539611816,33990300,0.0,0.0
2013-01-16 00:00:00-05:00,15.668311674309843,15.87569756029625,15.625404766996995,15.811336517333984,36763700,0.0,0.0
2013-01-17 00:00:00-05:00,15.818486471477383,16.490699626796534,15.811335093571536,16.21895408630371,101020600,0.0,0.0
2013-01-18 00:00:00-05:00,15.274996738463148,15.332206407881186,15.039006681615481,15.196332931518555,143760400,0.0,0.0
2013-01-22 00:00:00-05:00,15.21778868560119,15.224940065536385,15.039008279180067,15.139124870300293,51127400,0.0,0.0
2013-01-23 00:00:00-05:00,15.160575334259063,15.17487672667567,15.046156011010655,15.096214294433594,42432300,0.0,0.0
2013-01-24 00:00:00-05:00,15.089060376946565,15.146270028943155,14.967489695955601,14.981792449951172,58396800,0.0,0.0
2013-01-25 00:00:00-05:00,15.046156033018027,15.067608803667278,14.931735345616337,14.988945007324219,107632800,0.0,0.0
2013-01-28 00:00:00-05:00,15.024701477855155,15.08191113796179,15.010398721832024,15.053305625915527,105398300,0.0,0.0
2013-01-29 00:00:00-05:00,15.081912369919399,15.232087228471558,15.024702705139624,15.217785835266113,105703100,0.0,0.0
2013-01-30 00:00:00-05:00,15.224936790667853,15.34650613145797,15.174877141889263,15.282146453857422,34151300,0.0,0.0
2013-01-31 00:00:00-05:00,15.232094029521711,15.246396793099263,15.031860795382409,15.046163558959961,36534100,0.0,0.0
2013-02-01 00:00:00-05:00,15.153419416754701,15.27499008178711,15.08190702014996,15.27499008178711,31867100,0.0,0.0
2013-02-04 00:00:00-05:00,15.232081216384929,15.289290858584119,15.124813307759634,15.131964683532715,38345600,0.0,0.0
2013-02-05 00:00:00-05:00,15.280138573748427,15.41747228109509,15.22231407254639,15.309051513671875,30076500,0.225,0.0
2013-02-06 00:00:00-05:00,15.294602570991668,15.323515525144707,15.113900743471781,15.171725273132324,32361000,0.0,0.0
2013-02-07 00:00:00-05:00,15.157266434798485,15.157266434798485,14.962109539249905,15.041617393493652,41015200,0.0,0.0
2013-02-08 00:00:00-05:00,15.106671216529625,15.244004979752694,15.092214740686057,15.17895221710205,28150100,0.0,0.0
2013-02-11 00:00:00-05:00,15.178954054666624,15.222322108802052,15.121129522937528,15.200638771057129,18897200,0.0,0.0
2013-02-12 00:00:00-05:00,15.20063892971944,15.359656048972862,15.171725974230311,15.316287994384766,28391400,0.0,0.0
2013-02-13 00:00:00-05:00,15.3379716169042,15.395796150309616,15.287375322505165,15.35965633392334,21267200,0.0,0.0
2013-02-14 00:00:00-05:00,15.27291667645464,15.38133886751385,15.222320389237904,15.345197677612305,35262200,0.0,0.0
2013-02-15 00:00:00-05:00,15.34519962779917,15.395795921446076,15.171726030161665,15.265691757202148,33809100,0.0,0.0
2013-02-19 00:00:00-05:00,15.309062755571746,15.330746097792197,15.222325250752332,15.244009971618652,31061600,0.0,0.0
2013-02-20 00:00:00-05:00,15.244010119041736,15.251238359400414,14.962115638282741,14.98379898071289,46119800,0.0,0.0
2013-02-21 00:00:00-05:00,14.998251137910065,15.00547937618507,14.542883155748616,14.636847496032715,60754500,0.0,0.0
2013-02-22 00:00:00-05:00,14.687437919720141,14.810315164031863,14.52842087711171,14.759718894958496,34534800,0.0,0.0
2013-02-25 00:00:00-05:00,14.868144359557723,14.925968882263698,14.622389793395996,14.622389793395996,41525600,0.0,0.0
2013-02-26 00:00:00-05:00,14.810322973528253,15.070534070137894,14.75249843857563,14.875375747680664,67247100,0.0,0.0
2013-02-27 00:00:00-05:00,14.88982776502402,15.207863301301476,14.824775010361694,15.1283540725708,46966600,0.0,0.0
2013-02-28 00:00:00-05:00,15.113898342846744,15.236775621188803,15.048845584980635,15.09221363067627,34808000,0.0,0.0
2013-03-01 00:00:00-05:00,15.027165175869838,15.316287834515323,14.933199450156566,15.200638771057129,45695700,0.0,0.0
2013-03-04 00:00:00-05:00,15.29460288231767,15.388568606582211,15.150040865900946,15.374112129211426,47545800,0.0,0.0
2013-03-05 00:00:00-05:00,15.424711027268796,15.60541288899533,15.395798067642566,15.547588348388672,38796400,0.0,0.0
2013-03-06 00:00:00-05:00,15.562039847063131,15.749969888543083,15.547583371877284,15.721056938171387,37188900,0.0,0.0
2013-03-07 00:00:00-05:00,15.757193803974864,15.894527535295136,15.721054001406682,15.822246551513672,42380000,0.0,0.0
2013-03-08 00:00:00-05:00,15.865618126288183,15.930670882672503,15.518669632690047,15.59817886352539,44990500,0.0,0.0
2013-03-11 00:00:00-04:00,15.562037663316586,15.713826495532116,15.381335884786578,15.67768669128418,42148200,0.0,0.0
2013-03-12 00:00:00-04:00,15.656004632343217,15.706600918315099,15.504215774427571,15.641548156738281,28617300,0.0,0.0
2013-03-13 00:00:00-04:00,15.583722006516613,15.684915946544328,15.511441014681175,15.65600299835205,24617400,0.0,0.0
2013-03-14 00:00:00-04:00,15.713830729822664,15.793339974967092,15.54758537965298,15.648777961730957,28836500,0.0,0.0
2013-03-15 00:00:00-04:00,15.619860905405098,15.684913650670394,15.374106396323992,15.453614234924316,52949600,0.0,0.0
2013-03-18 00:00:00-04:00,15.35242298999005,15.533124769126436,15.316283185620838,15.3668794631958,35154400,0.0,0.0
2013-03-19 00:00:00-04:00,15.366877371880737,15.439158349427434,15.186175617336483,15.280139923095703,42546000,0.0,0.0
2013-03-20 00:00:00-04:00,15.403015811133367,15.439156986037675,15.258455247450698,15.309051513671875,29919000,0.0,0.0
2013-03-21 00:00:00-04:00,15.186182905111595,15.28014725596385,15.106673653789628,15.207867622375488,32607200,0.0,0.0
2013-03-22 00:00:00-04:00,15.287372090410694,15.424705845205219,15.23677580670885,15.41747760772705,30803200,0.0,0.0
2013-03-25 00:00:00-04:00,15.460843264821941,15.482527973905556,15.236773452205062,15.287369728088379,32740700,0.0,0.0
2013-03-26 00:00:00-04:00,15.381339242999475,15.735514640808105,15.359654528529186,15.735514640808105,39548500,0.0,0.0
2013-03-27 00:00:00-04:00,15.627086556206905,15.887296115576584,15.547577352114738,15.778875350952148,45370900,0.0,0.0
2013-03-28 00:00:00-04:00,15.793340070235,15.836708123009231,15.612638241922577,15.786111831665039,33336700,0.0,0.0
2013-04-01 00:00:00-04:00,15.66323012508845,15.684914834695503,15.410247360920106,15.48975658416748,33718100,0.0,0.0
2013-04-02 00:00:00-04:00,15.554817348051811,15.598185410963618,15.410255300151302,15.51144790649414,28166700,0.0,0.0
2013-04-03 00:00:00-04:00,15.50421861686845,15.54035843386103,15.18618298848028,15.215094566345215,36620800,0.0,0.0
2013-04-04 00:00:00-04:00,15.215087181168174,15.31628110119154,15.150034439240645,15.280139923095703,28702500,0.0,0.0
2013-04-05 00:00:00-04:00,15.135584831237793,15.157268167307578,14.998251061998758,15.135584831237793,36721600,0.0,0.0
2013-04-08 00:00:00-04:00,15.09944792313492,15.244009971618652,15.034395139181825,15.244009971618652,34213000,0.0,0.0
2013-04-09 00:00:00-04:00,15.258460761387111,15.82224950718161,15.222319573422492,15.721056938171387,61518700,0.0,0.0
2013-04-10 00:00:00-04:00,15.699372685183702,16.20533830234385,15.692144447379084,16.089689254760742,67102900,0.0,0.0
2013-04-11 00:00:00-04:00,15.706594381654252,15.836699850661503,15.533120882526193,15.778875350952148,59295600,0.0,0.0
2013-04-12 00:00:00-04:00,15.71382779171831,15.757195836122166,15.518669523933045,15.670459747314453,34028000,0.0,0.0
2013-04-15 00:00:00-04:00,15.540351688159726,15.692140508015383,15.439159141589288,15.453614234924316,38459200,0.0,0.0
2013-04-16 00:00:00-04:00,15.518666527605271,15.851158480225036,15.482526727354104,15.8439302444458,64767000,0.0,0.0
2013-04-17 00:00:00-04:00,15.749969390973739,16.002950805507165,15.590950926243801,15.85116195678711,79461200,0.0,0.0
2013-04-18 00:00:00-04:00,15.937895910555994,16.190878669809052,15.829475121917577,16.07522964477539,76237300,0.0,0.0
2013-04-19 00:00:00-04:00,16.096919831159813,16.227025373254165,16.053550398031298,16.219797134399414,49101000,0.0,0.0
2013-04-22 00:00:00-04:00,16.248703961635083,16.58119595853746,16.154739641280504,16.537826538085938,52817000,0.0,0.0
2013-04-23 00:00:00-04:00,16.61011399012398,16.949834355958966,16.573974170996983,16.89923667907715,62494100,0.0,0.0
2013-04-24 00:00:00-04:00,16.826955444028005,17.195587354454094,16.805270727422144,17.101621627807617,54282000,0.0,0.0
2013-04-25 00:00:00-04:00,17.094395011112685,17.253413524021223,16.855868620395604,16.89923667907715,109178000,0.0,0.0
2013-04-26 00:00:00-04:00,16.848632099599484,17.029333863709525,16.725754844858855,16.913684844970703,101377300,0.0,0.0
2013-04-29 00:00:00-04:00,16.942604384083555,17.22449880465948,16.91369142882162,17.17390251159668,102141600,0.0,0.0
2013-04-30 00:00:00-04:00,17.14498870068829,17.347375241484663,17.08716417169583,17.311235427856445,41468900,0.0,0.0
2013-05-01 00:00:00-04:00,17.217271615716406,17.47025447510234,17.210043376460163,17.34014892578125,38373800,0.0,0.0
2013-05-02 00:00:00-04:00,17.152214285949793,17.455793360862412,17.10884624057522,17.426881790161133,33486300,0.0,0.0
2013-05-03 00:00:00-04:00,17.671304002934473,17.671304002934473,17.474308685015327,17.481603622436523,30085800,0.225,0.0
2013-05-06 00:00:00-04:00,17.634822128196237,17.66400605009567,17.4013451864714,17.44512176513672,31009100,0.0,0.0
2013-05-07 00:00:00-04:00,17.488896698448016,17.69318969905355,17.467009106990712,17.620227813720703,38605600,0.0,0.0
2013-05-08 00:00:00-04:00,17.539974696580774,17.7223787526186,17.481604062681466,17.693193435668945,24900600,0.0,0.0
2013-05-09 00:00:00-04:00,17.656710477433744,17.926667659718376,17.58374858786439,17.773448944091797,31333900,0.0,0.0
2013-05-10 00:00:00-04:00,17.817231561701565,17.904786137194606,17.766158639177608,17.875600814819336,22554800,0.0,0.0
2013-05-13 00:00:00-04:00,17.809924117502174,17.86829333419686,17.5326706861104,17.569150924682617,28535200,0.0,0.0
2013-05-14 00:00:00-04:00,17.569158321955484,17.63482389233865,17.350274015099913,17.39405059814453,36694400,0.0,0.0
2013-05-15 00:00:00-04:00,17.430531450353506,17.656713485717773,17.37216220707975,17.656713485717773,33568900,0.0,0.0
2013-05-16 00:00:00-04:00,17.554565571022366,17.80263519301926,17.45971607632119,17.467012405395508,29812900,0.0,0.0
2013-05-17 00:00:00-04:00,17.598345366998736,17.671305882028793,17.43782889401432,17.539976119995117,36277400,0.0,0.0
2013-05-20 00:00:00-04:00,17.569150924682617,17.69318568411281,17.51078170798793,17.569150924682617,31324400,0.0,0.0
2013-05-21 00:00:00-04:00,17.583747566870386,17.69318969905355,17.510785681537538,17.620227813720703,37917900,0.0,0.0
2013-05-22 00:00:00-04:00,17.60564144307919,17.89748908859253,17.467015342256335,17.561864852905273,49686400,0.0,0.0
2013-05-23 00:00:00-04:00,17.423231218341616,17.59834030057254,17.394047299057945,17.547266006469727,38132900,0.0,0.0
2013-05-24 00:00:00-04:00,17.452423095703125,17.53997766976085,17.204353426111098,17.452423095703125,30861700,0.0,0.0
2013-05-28 00:00:00-04:00,17.6275201413773,17.80262779146135,17.51078170798793,17.569150924682617,31153700,0.0,0.0
2013-05-29 00:00:00-04:00,17.481604522645146,17.788043400516795,17.43053160827196,17.707786560058594,31653900,0.0,0.0
2013-05-30 00:00:00-04:00,17.715081488857223,17.87559654871515,17.66400718688965,17.66400718688965,26299900,0.0,0.0
2013-05-31 00:00:00-04:00,17.67860052291676,18.028815971480313,17.605638623224564,17.7150821685791,47793200,0.0,0.0
2013-06-03 00:00:00-04:00,18.152844176278705,18.568726435663564,18.11636393552676,18.41550636291504,76493500,0.0,0.0
2013-06-04 00:00:00-04:00,18.64898941956594,18.955428274913306,18.49577068770848,18.503067016601562,68515500,0.0,0.0
2013-06-05 00:00:00-04:00,18.32065538789556,18.444690144486263,17.98503135586054,18.021512985229492,53335200,0.0,0.0
2013-06-06 00:00:00-04:00,18.058000654456592,18.196628119844856,17.707785218180128,17.98503875732422,40020000,0.0,0.0
2013-06-07 00:00:00-04:00,17.802635725558623,18.021521429438362,17.671304581557283,17.94126319885254,35539400,0.0,0.0
2013-06-10 00:00:00-04:00,18.02881783059818,18.306072799692345,17.977744913036787,18.247703552246094,29780800,0.0,0.0
2013-06-11 00:00:00-04:00,18.116372698935255,18.298776774193012,17.970448882075985,18.028818130493164,27077800,0.0,0.0
2013-06-12 00:00:00-04:00,18.211226619672733,18.240411946771403,17.80993811349696,17.846418380737305,24535200,0.0,0.0
2013-06-13 00:00:00-04:00,17.84641143671193,18.247701178379156,17.80263485473035,18.233108520507812,27707000,0.0,0.0
2013-06-14 00:00:00-04:00,18.25499734323546,18.342550506411673,18.123666206838703,18.182035446166992,24762700,0.0,0.0
2013-06-17 00:00:00-04:00,18.32066035678335,18.495768050351025,18.17473658299416,18.313364028930664,42643200,0.0,0.0
2013-06-18 00:00:00-04:00,18.291481980472515,18.714659414947516,18.291481980472515,18.583328247070312,36674300,0.0,0.0
2013-06-19 00:00:00-04:00,18.597921717159334,18.73654922168469,18.24040985107422,18.24040985107422,28843900,0.0,0.0
2013-06-20 00:00:00-04:00,18.043407987551706,18.058000645297266,17.583750401626048,17.649415969848633,63565700,0.0,0.0
2013-06-21 00:00:00-04:00,17.736970325448855,17.766155642902,17.576455254354162,17.656713485717773,67754000,0.0,0.0
2013-06-24 00:00:00-04:00,17.569153713277466,17.671299510797876,17.080310924007875,17.204345703125,49145200,0.0,0.0
2013-06-25 00:00:00-04:00,17.386760394836386,17.467018651722313,17.197059945963368,17.423240661621094,34571300,0.0,0.0
2013-06-26 00:00:00-04:00,17.656712950168966,17.685896875104394,17.430530921665063,17.518085479736328,33645000,0.0,0.0
2013-06-27 00:00:00-04:00,17.583747645114595,17.766151663442272,17.518082087186052,17.547266006469727,25564500,0.0,0.0
2013-06-28 00:00:00-04:00,17.4597178901887,17.809933372344517,17.313794076807465,17.67860221862793,80413900,0.0,0.0
2013-07-01 00:00:00-04:00,17.76615472327126,17.81722763453804,17.394050294800135,17.430530548095703,29698200,0.0,0.0
2013-07-02 00:00:00-04:00,17.41593920919957,17.5399740181732,17.175165920207526,17.306495666503906,28290100,0.0,0.0
2013-07-03 00:00:00-04:00,17.291901525764196,17.437823905714072,17.109497507102684,17.335678100585938,18167200,0.0,0.0
2013-07-05 00:00:00-04:00,17.474312391038165,17.569161905586974,17.27731563970668,17.554569244384766,17830400,0.0,0.0
2013-07-08 00:00:00-04:00,17.408642706755142,17.44512295953518,16.803061325832463,16.9197998046875,68826600,0.0,0.0
2013-07-09 00:00:00-04:00,17.000060265844454,17.087614839480445,16.861434162400517,16.88332176208496,34739800,0.0,0.0
2013-07-10 00:00:00-04:00,16.88332093857424,17.000059436639628,16.518512784211737,16.963579177856445,50037500,0.0,0.0
2013-07-11 00:00:00-04:00,17.18975529559751,17.510786776150653,17.124089733856362,17.503490447998047,41313800,0.0,0.0
2013-07-12 00:00:00-04:00,17.474313534053934,17.5107937978129,17.255427776601557,17.43783187866211,34561900,0.0,0.0
2013-07-15 00:00:00-04:00,17.39405050628481,17.488900000985986,17.335681265322744,17.467012405395508,25650100,0.0,0.0
2013-07-16 00:00:00-04:00,17.51078937963112,17.729673690223507,17.43782747888949,17.693193435668945,34496100,0.0,0.0
2013-07-17 00:00:00-04:00,17.729669945903872,17.824520814326238,17.53997099232356,17.620227813720703,44084200,0.0,0.0
2013-07-18 00:00:00-04:00,17.124091141041728,17.22623835193993,16.897910516253592,16.956279754638672,77863900,0.0,0.0
2013-07-19 00:00:00-04:00,16.8614386117977,16.89062254962226,16.642552815764503,16.810365676879883,45866700,0.0,0.0
2013-07-22 00:00:00-04:00,16.832241799017794,16.86872343595131,16.584172234398498,16.613357543945312,35890900,0.0,0.0
2013-07-23 00:00:00-04:00,16.671726299726288,16.77387209698589,16.518506212204766,16.598764419555664,28521400,0.0,0.0
2013-07-24 00:00:00-04:00,16.730100631713867,16.781173545931583,16.511214924396107,16.730100631713867,33432700,0.0,0.0
2013-07-25 00:00:00-04:00,16.671730529761533,16.824949264526367,16.649841542666927,16.824949264526367,114558100,0.0,0.0
2013-07-26 00:00:00-04:00,16.73739591906482,16.97087287902832,16.708210603253157,16.97087287902832,110474500,0.0,0.0
2013-07-29 00:00:00-04:00,16.90520684500578,17.00005633551938,16.832244949116323,16.956279754638672,85543100,0.0,0.0
2013-07-30 00:00:00-04:00,17.00006046545248,17.145984292681597,16.985469196035773,17.058429718017578,28855200,0.0,0.0
2013-07-31 00:00:00-04:00,17.05112863823198,17.116792806040376,16.970870422997358,17.029239654541016,27679200,0.0,0.0
2013-08-01 00:00:00-04:00,17.080314138322592,17.13868337526611,16.795764282177004,16.927095413208008,37832700,0.0,0.0
2013-08-02 00:00:00-04:00,16.912498899550922,16.941682815551758,16.781167798467006,16.941682815551758,36242100,0.0,0.0
2013-08-05 00:00:00-04:00,16.945365363364477,16.960100800940126,16.834852392044443,16.886425018310547,20869000,0.225,0.0
2013-08-06 00:00:00-04:00,16.856955945839424,16.893794543718062,16.731707523549694,16.798015594482422,28843300,0.0,0.0
2013-08-07 00:00:00-04:00,16.731708661019095,16.79065042163195,16.613827950291224,16.724342346191406,23350900,0.0,0.0
2013-08-08 00:00:00-04:00,16.761181416800603,16.783284579503636,16.51068452716256,16.5401554107666,34792500,0.0,0.0
2013-08-09 00:00:00-04:00,16.510684319844753,16.613829600665593,16.437008517008845,16.584360122680664,25145400,0.0,0.0
2013-08-12 00:00:00-04:00,16.56226069991997,16.72434778380713,16.540158937753084,16.68014144897461,23520400,0.0,0.0
2013-08-13 00:00:00-04:00,16.71698434345335,16.72435206781271,16.495956828421843,16.59173583984375,26099200,0.0,0.0
2013-08-14 00:00:00-04:00,16.50331828589497,16.75381519799175,16.46648108333629,16.62856674194336,23202500,0.0,0.0
2013-08-15 00:00:00-04:00,16.414907424595334,16.51068498848643,16.18651228602967,16.2307186126709,40451200,0.0,0.0
2013-08-16 00:00:00-04:00,16.252822207436434,16.348601187400405,16.12757374496381,16.142309188842773,30079000,0.0,0.0
2013-08-19 00:00:00-04:00,16.267557733755165,16.72434665957293,16.245454567824712,16.41490936279297,43412200,0.0,0.0
2013-08-20 00:00:00-04:00,16.43701643879672,16.709616619093993,16.429648714437363,16.59173583984375,32084300,0.0,0.0
2013-08-21 00:00:00-04:00,16.60647009478306,16.6359395848523,16.25282637720477,16.33386993408203,32403300,0.0,0.0
2013-08-22 00:00:00-04:00,16.400171279907227,16.49594883969585,16.3338631980347,16.400171279907227,17380600,0.0,0.0
2013-08-23 00:00:00-04:00,16.459113419720737,16.62856680048596,16.451745698133223,16.53278923034668,23088700,0.0,0.0
2013-08-26 00:00:00-04:00,16.503320766571825,16.59173203335097,16.378072291696864,16.407543182373047,22267800,0.0,0.0
2013-08-27 00:00:00-04:00,16.297029643101045,16.37070405698831,16.20861837908721,16.348602294921875,37638500,0.0,0.0
2013-08-28 00:00:00-04:00,16.355963657600444,16.510681552903318,16.304389620584,16.422271728515625,28090000,0.0,0.0
2013-08-29 00:00:00-04:00,16.385440988755462,16.525424917292913,16.245457060218012,16.252824783325195,28303500,0.0,0.0
2013-08-30 00:00:00-04:00,16.38543854499444,16.392806267002783,16.134941617707938,16.19388198852539,33896300,0.0,0.0
2013-09-03 00:00:00-04:00,16.36333626696074,16.385439434185244,16.186515144912804,16.260190963745117,26427300,0.0,0.0
2013-09-04 00:00:00-04:00,16.488584880448474,16.78328815833445,16.414910466226356,16.68014144897461,37941800,0.0,0.0
2013-09-05 00:00:00-04:00,16.70961137638135,16.74644858137057,16.56962746797359,16.650671005249023,22552800,0.0,0.0
2013-09-06 00:00:00-04:00,16.71697924915991,16.812756826145044,16.503319523597927,16.70224380493164,27606600,0.0,0.0
2013-09-09 00:00:00-04:00,16.739084436312737,16.967479652849608,16.724350394318094,16.87906837463379,27770600,0.0,0.0
2013-09-10 00:00:00-04:00,16.996947367393844,17.04115229926141,16.893802057953046,16.930639266967773,31705400,0.0,0.0
2013-09-11 00:00:00-04:00,16.879065221505297,16.930637871976394,16.73171358708845,16.805389404296875,45815300,0.0,0.0
2013-09-12 00:00:00-04:00,16.78328395063389,16.827488869134516,16.650667789882984,16.67276954650879,29517900,0.0,0.0
2013-09-13 00:00:00-04:00,16.98220532804351,17.284274821478636,16.974839013300222,17.269540786743164,61134800,0.0,0.0
2013-09-16 00:00:00-04:00,17.40952332001731,17.46846367494007,17.203232780412094,17.232702255249023,30088500,0.0,0.0
2013-09-17 00:00:00-04:00,17.453734770022695,17.60108499801327,17.43899932564884,17.490571975708008,37540700,0.0,0.0
2013-09-18 00:00:00-04:00,17.571614639410978,17.623187286901718,17.35795492237877,17.60845184326172,31975400,0.0,0.0
2013-09-19 00:00:00-04:00,17.652659046983437,17.748438037754315,17.56424918423279,17.615821838378906,28261400,0.0,0.0
2013-09-20 00:00:00-04:00,17.63791895056731,17.652652985800415,17.365318922645155,17.512670516967773,47069000,0.0,0.0
2013-09-23 00:00:00-04:00,17.46110292558886,17.57161595063702,17.394794829510094,17.402162551879883,22437100,0.0,0.0
2013-09-24 00:00:00-04:00,17.37268837815946,17.571612628789882,17.37268837815946,17.46109962463379,24410100,0.0,0.0
2013-09-25 00:00:00-04:00,17.520039987200313,17.542141744882077,17.37268837815946,17.46109962463379,19879900,0.0,0.0
2013-09-26 00:00:00-04:00,17.497935301202208,17.53477249763147,17.09272051948448,17.247438430786133,32003300,0.0,0.0
2013-09-27 00:00:00-04:00,17.10009267683464,17.23270887768678,16.85696344368887,16.930639266967773,28924100,0.0,0.0
2013-09-30 00:00:00-04:00,16.739073453051386,17.07061377226016,16.65066363809483,16.886425018310547,32489600,0.0,0.0
2013-10-01 00:00:00-04:00,16.901163373194407,16.97483916854116,16.72434230751155,16.820119857788086,25888800,0.0,0.0
2013-10-02 00:00:00-04:00,16.73170842072564,16.871692289672943,16.70223894609136,16.86432456970215,23205400,0.0,0.0
2013-10-03 00:00:00-04:00,16.8127566745506,16.827492118646003,16.576995190021293,16.650671005249023,34888500,0.0,0.0
2013-10-04 00:00:00-04:00,16.650671452883586,16.834860293279977,16.650671452883586,16.805389404296875,22550000,0.0,0.0
2013-10-07 00:00:00-04:00,16.731708622322202,16.94536828830289,16.6285633519861,16.820119857788086,21321300,0.0,0.0
2013-10-08 00:00:00-04:00,16.849597152127778,16.856963469742553,16.5622615814209,16.5622615814209,36111200,0.0,0.0
2013-10-09 00:00:00-04:00,16.584368249425225,16.915907416775504,16.56226507616864,16.643308639526367,40435400,0.0,0.0
2013-10-10 00:00:00-04:00,16.938007051716635,17.10746046220273,16.886434396807775,17.01905059814453,39189400,0.0,0.0
2013-10-11 00:00:00-04:00,16.82012168035633,17.136926651000977,16.812753959498423,17.136926651000977,24550600,0.0,0.0
2013-10-14 00:00:00-04:00,17.011678448209903,17.30638026046091,16.967473527684525,17.27691078186035,27176700,0.0,0.0
2013-10-15 00:00:00-04:00,17.240069975270483,17.380053845180385,17.18112962034772,17.232702255249023,42957700,0.0,0.0
2013-10-16 00:00:00-04:00,17.136926927893366,17.490569103292504,17.10745604398556,17.46109962463379,47723400,0.0,0.0
2013-10-17 00:00:00-04:00,17.372691087512653,17.637923463050793,17.30638299362812,17.623188018798828,28694900,0.0,0.0
2013-10-18 00:00:00-04:00,17.578981629946796,17.667391477610437,17.446365453202144,17.59371566772461,29579100,0.0,0.0
2013-10-21 00:00:00-04:00,17.6379242720847,17.807377673007032,17.549513007766883,17.785274505615234,35297600,0.0,0.0
2013-10-22 00:00:00-04:00,17.807375609436168,17.829478774266587,17.689494874172357,17.733699798583984,29010800,0.0,0.0
2013-10-23 00:00:00-04:00,17.630555886760977,17.71896574250546,17.357955786841966,17.490571975708008,31651100,0.0,0.0
2013-10-24 00:00:00-04:00,17.578977048886735,17.6600191539174,17.520036697387695,17.520036697387695,47590200,0.0,0.0
2013-10-25 00:00:00-04:00,17.763173980401717,17.858951568603516,17.696865878858368,17.858951568603516,59634700,0.0,0.0
2013-10-28 00:00:00-04:00,17.81474858949993,18.043142405833372,17.807380865715032,17.947364807128906,65581600,0.0,0.0
2013-10-29 00:00:00-04:00,17.976829602902143,18.175753877402418,17.939992398846208,18.06524085998535,29961700,0.0,0.0
2013-10-30 00:00:00-04:00,18.072609758819453,18.183122783433646,17.97683077363763,18.050506591796875,24091800,0.0,0.0
2013-10-31 00:00:00-04:00,18.0652409379554,18.219958881957208,17.998932846169122,18.02840232849121,30901400,0.0,0.0
2013-11-01 00:00:00-04:00,18.057869067534675,18.16101433983978,17.844209397475304,17.92525291442871,28302100,0.0,0.0
2013-11-04 00:00:00-05:00,17.917881206162274,17.976821549396416,17.79263280113365,17.873676300048828,26639800,0.0,0.0
2013-11-05 00:00:00-05:00,17.788166193067866,17.929460552006354,17.676618612181457,17.86996841430664,22849900,0.225,0.0
2013-11-06 00:00:00-05:00,17.892273101067385,18.078186167341496,17.765852159264824,18.033567428588867,25525700,0.0,0.0
2013-11-07 00:00:00-05:00,18.1228119664648,18.13024724323487,17.847659918621375,17.89227867126465,25631100,0.0,0.0
2013-11-08 00:00:00-05:00,17.86996446735805,17.93689328478818,17.728670139627315,17.914583206176758,31502900,0.0,0.0
2013-11-11 00:00:00-05:00,17.877403044036637,18.063316130176432,17.795600832245757,17.974077224731445,19236500,0.0,0.0
2013-11-12 00:00:00-05:00,17.840219633176087,18.219482500330255,17.832782939498053,18.16742706298828,37813500,0.0,0.0
2013-11-13 00:00:00-05:00,18.033565671912005,18.308717607292543,17.996383629640793,18.29384422302246,22990300,0.0,0.0
2013-11-14 00:00:00-05:00,18.1674249175616,18.219480348756242,18.10793279356713,18.137678146362305,20198900,0.0,0.0
2013-11-15 00:00:00-05:00,18.145120816619638,18.256668408555324,18.033573224683956,18.234359741210938,22866500,0.0,0.0
2013-11-18 00:00:00-05:00,18.301280915157502,18.368209725968875,18.204605335805965,18.29384422302246,24712500,0.0,0.0
2013-11-19 00:00:00-05:00,18.397959010060944,18.49463461008421,18.30128482844198,18.368213653564453,24870200,0.0,0.0
2013-11-20 00:00:00-05:00,18.368215238523128,18.457452734117034,18.189737410526483,18.264102935791016,20288600,0.0,0.0
2013-11-21 00:00:00-05:00,18.301282658636207,18.806966424761196,18.234353841448833,18.762346267700195,44050600,0.0,0.0
2013-11-22 00:00:00-05:00,18.219482642688572,18.226919336424714,17.728672203337467,17.7509822845459,77908100,0.0,0.0
2013-11-25 00:00:00-05:00,17.862527708259815,17.862527708259815,17.475828190853722,17.661741256713867,43389300,0.0,0.0
2013-11-26 00:00:00-05:00,17.69149559619759,17.728677657913803,17.490709058758675,17.587383270263672,30600800,0.0,0.0
2013-11-27 00:00:00-05:00,17.57994274223479,17.788165930310242,17.49070524620561,17.773292541503906,28419200,0.0,0.0
2013-11-29 00:00:00-05:00,17.773290771158138,17.84021959571565,17.669179896692803,17.72867202758789,13802900,0.0,0.0
2013-12-02 00:00:00-05:00,17.84766031103785,17.84766031103785,17.587381647820962,17.62456512451172,25685300,0.0,0.0
2013-12-03 00:00:00-05:00,17.61712422385028,17.646869579697867,17.40146436573712,17.513011932373047,35066400,0.0,0.0
2013-12-04 00:00:00-05:00,17.49070718663378,17.736112455546046,17.49070718663378,17.65431022644043,43501500,0.0,0.0
2013-12-05 00:00:00-05:00,17.71379304052361,18.107929169610706,17.661737619746862,18.041000366210938,45399100,0.0,0.0
2013-12-06 00:00:00-05:00,18.568998434108074,18.77722160010107,18.405395429802038,18.45745086669922,53871400,0.0,0.0
2013-12-09 00:00:00-05:00,18.472328211096787,18.650804640865285,18.353343924584454,18.539257049560547,29614700,0.0,0.0
2013-12-10 00:00:00-05:00,18.5095063035964,18.568998434108074,18.338466605675873,18.45745086669922,18203700,0.0,0.0
2013-12-11 00:00:00-05:00,18.397951104610424,18.502061935219007,18.14510930021499,18.159982681274414,24682400,0.0,0.0
2013-12-12 00:00:00-05:00,18.383087175891404,18.509508143093107,18.159992018902233,18.197174072265625,21917800,0.0,0.0
2013-12-13 00:00:00-05:00,18.003818993140612,18.212042118747995,17.96663695068401,18.063312530517578,20631200,0.0,0.0
2013-12-16 00:00:00-05:00,18.093067355281214,18.375654713779372,18.093067355281214,18.18230628967285,25061100,0.0,0.0
2013-12-17 00:00:00-05:00,18.15999025237631,18.4202688558145,18.130243477855704,18.33846664428711,28158500,0.0,0.0
2013-12-18 00:00:00-05:00,18.375644889191456,18.740035709597095,18.241788686777692,18.702852249145508,42680500,0.0,0.0
2013-12-19 00:00:00-05:00,18.680549248591518,18.7697867438925,18.50950811552321,18.69542121887207,31880600,0.0,0.0
2013-12-20 00:00:00-05:00,18.673106845965723,18.851583200412698,18.621051419885855,18.635923385620117,55380100,0.0,0.0
2013-12-23 00:00:00-05:00,18.792094988902914,18.91107924993622,18.725166164771142,18.82927703857422,28120800,0.0,0.0
2013-12-24 00:00:00-05:00,18.873897841952747,19.052375671387896,18.851589177076676,18.911081314086914,12157900,0.0,0.0
2013-12-26 00:00:00-05:00,18.91107763471991,19.11186408996582,18.91107763471991,19.11186408996582,16957000,0.0,0.0
2013-12-27 00:00:00-05:00,19.149049868448824,19.186231922190835,18.948263374071328,19.03750228881836,12970600,0.0,0.0
2013-12-30 00:00:00-05:00,19.089559606041142,19.223417282104492,19.037504158328634,19.223417282104492,19787200,0.0,0.0
2013-12-31 00:00:00-05:00,19.193664465369327,19.36470556344093,19.163919112489996,19.305212020874023,22808100,0.0,0.0
2014-01-02 00:00:00-05:00,19.17135626049378,19.20110161407935,18.940823032785875,19.17879295349121,31833300,0.0,0.0
2014-01-03 00:00:00-05:00,19.23085023983056,19.260595596283437,19.037500458471822,19.171358108520508,27796700,0.0,0.0
2014-01-06 00:00:00-05:00,19.16391907073107,19.178792456340386,18.925950574598485,18.933385848999023,28682300,0.0,0.0
2014-01-07 00:00:00-05:00,18.99288348287012,19.13417642138349,18.940826622023458,19.030065536499023,19665100,0.0,0.0
2014-01-08 00:00:00-05:00,19.06724764183713,19.119303084420537,18.814405704942505,18.911081314086914,29680500,0.0,0.0
2014-01-09 00:00:00-05:00,18.903646328638192,19.00032052811797,18.77722534876183,18.82184410095215,20878000,0.0,0.0
2014-01-10 00:00:00-05:00,18.96313303633084,19.223411616588763,18.96313303633084,18.985443115234375,30588800,0.0,0.0
2014-01-13 00:00:00-05:00,19.059810863286923,19.327526187853614,18.903644536225972,18.963136672973633,40274500,0.0,0.0
2014-01-14 00:00:00-05:00,19.342401431461706,19.74397303841562,19.260599203687672,19.7142276763916,74142900,0.0,0.0
2014-01-15 00:00:00-05:00,19.87038631212008,20.167848327423307,19.7885855344753,19.83320426940918,58277700,0.0,0.0
2014-01-16 00:00:00-05:00,19.810894390117774,19.885259894684488,19.58036260252457,19.736530303955078,48960800,0.0,0.0
2014-01-17 00:00:00-05:00,18.85902772971236,19.230853977264072,18.77722550136152,19.223417282104492,111758900,0.0,0.0
2014-01-21 00:00:00-05:00,19.178796587823488,19.186231863825725,18.79209698910342,19.030065536499023,42286400,0.0,0.0
2014-01-22 00:00:00-05:00,18.88133624334076,18.992885251423385,18.702859816174932,18.82184410095215,48749900,0.0,0.0
2014-01-23 00:00:00-05:00,18.71772742306104,18.77721954706806,18.516940972635798,18.68798065185547,40241000,0.0,0.0
2014-01-24 00:00:00-05:00,18.502069551111433,18.73260279721439,18.43514214560249,18.450014114379883,34838700,0.0,0.0
2014-01-27 00:00:00-05:00,18.420262985108646,18.58386593761739,18.33846079965236,18.383079528808594,32564900,0.0,0.0
2014-01-28 00:00:00-05:00,18.375650528980284,18.628492464036487,18.271539644570467,18.516944885253906,32453800,0.0,0.0
2014-01-29 00:00:00-05:00,18.405395586265485,18.561561898284587,18.31615668053722,18.35334014892578,27145700,0.0,0.0
2014-01-30 00:00:00-05:00,18.405393540995853,18.509504404106103,18.249227246330477,18.39795684814453,24610100,0.0,0.0
2014-01-31 00:00:00-05:00,18.182296805174857,18.331026393705567,18.145113344239174,18.249225616455078,28623300,0.0,0.0
2014-02-03 00:00:00-05:00,18.21948457309398,18.22692126761806,17.765856135956092,17.810476303100586,52868200,0.0,0.0
2014-02-04 00:00:00-05:00,17.840215635642327,17.877399095700653,17.53531835518389,17.713794708251953,50816300,0.0,0.0
2014-02-05 00:00:00-05:00,17.79263346314979,17.837677702438043,17.642484089614893,17.657499313354492,32476200,0.225,0.0
2014-02-06 00:00:00-05:00,17.717550175797115,18.077906779037228,17.68001213467011,18.010339736938477,28008400,0.0,0.0
2014-02-07 00:00:00-05:00,18.16799278770079,18.21303699555786,17.845172862211093,18.175498962402344,30808400,0.0,0.0
2014-02-10 00:00:00-05:00,18.100431090251185,18.29562462435274,18.062893046041285,18.235565185546875,24571300,0.0,0.0
2014-02-11 00:00:00-05:00,18.2806123792885,18.40823888649562,18.26559715916291,18.37070083618164,17911700,0.0,0.0
2014-02-12 00:00:00-05:00,18.400726614521385,18.535860697554444,18.29562296413116,18.430755615234375,25874100,0.0,0.0
2014-02-13 00:00:00-05:00,18.340668157868777,18.573398295525028,18.250578287072532,18.54336929321289,22922000,0.0,0.0
2014-02-14 00:00:00-05:00,18.453275363323613,18.588409423828125,18.325648909728198,18.588409423828125,20539700,0.0,0.0
2014-02-18 00:00:00-05:00,18.52084239357587,18.603424637646317,18.430752542596327,18.588409423828125,17738100,0.0,0.0
2014-02-19 00:00:00-05:00,18.505837928721732,18.558389775680105,18.333167165306953,18.393226623535156,25686000,0.0,0.0
2014-02-20 00:00:00-05:00,18.42325071228612,18.655980853633327,18.3932202775678,18.57339859008789,20193800,0.0,0.0
2014-02-21 00:00:00-05:00,18.73105116179656,18.738557336804327,18.280604769061345,18.33315658569336,30579800,0.0,0.0
2014-02-24 00:00:00-05:00,18.400729575117992,18.678503962107655,18.325654913361575,18.49081802368164,24145500,0.0,0.0
2014-02-25 00:00:00-05:00,18.52084731204714,18.550876315728544,18.36319038894733,18.48331069946289,21539100,0.0,0.0
2014-02-26 00:00:00-05:00,18.57340212138601,18.753580468162802,18.475806053855745,18.618446350097656,19820200,0.0,0.0
2014-02-27 00:00:00-05:00,18.618438419534904,18.618438419534904,18.400723546889548,18.588409423828125,20863900,0.0,0.0
2014-02-28 00:00:00-05:00,18.61093224455541,18.65597645408038,18.44576775641452,18.588409423828125,23482700,0.0,0.0
2014-03-03 00:00:00-05:00,18.43076324795387,18.46079369303319,18.243077261999428,18.393226623535156,25728500,0.0,0.0
2014-03-04 00:00:00-05:00,18.55838421058793,18.603429864699095,18.393221107970348,18.47580337524414,23661200,0.0,0.0
2014-03-05 00:00:00-05:00,18.54337598507088,18.550882164410275,18.318151942767294,18.393226623535156,21036200,0.0,0.0
2014-03-06 00:00:00-05:00,18.445773799399817,18.505833242418937,18.303132085255626,18.49081802368164,22371700,0.0,0.0
2014-03-07 00:00:00-05:00,18.54336526743814,18.655976507538046,18.445767809269842,18.498319625854492,25373400,0.0,0.0
2014-03-10 00:00:00-04:00,18.475803031203238,18.686010352087678,18.453280204567058,18.648473739624023,24908100,0.0,0.0
2014-03-11 00:00:00-04:00,18.603429309842188,18.655981139474488,18.47580282419376,18.56589126586914,26656800,0.0,0.0
2014-03-12 00:00:00-04:00,18.505827179757677,18.678497842878063,18.4757981840509,18.588409423828125,21244800,0.0,0.0
2014-03-13 00:00:00-04:00,18.618444800669288,18.768594126452946,18.340670409478637,18.44577407836914,26243300,0.0,0.0
2014-03-14 00:00:00-04:00,18.378211400995497,18.505837928721732,18.318151942767294,18.393226623535156,21807200,0.0,0.0
2014-03-17 00:00:00-04:00,18.49832364184981,18.63345773207922,18.385712377301942,18.54336929321289,18525800,0.0,0.0
2014-03-18 00:00:00-04:00,18.528359220713135,18.69352235911421,18.430761714257258,18.63346290588379,26344000,0.0,0.0
2014-03-19 00:00:00-04:00,18.655980998228003,18.956278188088966,18.59592156025581,18.783607482910156,34229400,0.0,0.0
2014-03-20 00:00:00-04:00,18.76860096166972,19.21154005891957,18.723556720302284,19.091421127319336,37009100,0.0,0.0
2014-03-21 00:00:00-04:00,19.22654882784377,19.27910066378274,18.88871355119309,18.896221160888672,56861900,0.0,0.0
2014-03-24 00:00:00-04:00,18.926248248996487,19.05387473702239,18.708533317616993,18.85868263244629,36950600,0.0,0.0
2014-03-25 00:00:00-04:00,18.91123385622617,19.271590481937224,18.896218638839052,19.113933563232422,32317400,0.0,0.0
2014-03-26 00:00:00-04:00,19.211537664561277,19.324148969910283,19.008836455774805,19.05388069152832,26442800,0.0,0.0
2014-03-27 00:00:00-04:00,19.038865568424555,19.33165522822659,18.986313725068328,19.001327514648438,27201100,0.0,0.0
2014-03-28 00:00:00-04:00,19.076401424457,19.376698682958963,19.00883436230277,19.234058380126953,22884500,0.0,0.0
2014-03-31 00:00:00-04:00,19.256580539490734,19.5643854205936,19.23405913917074,19.376699447631836,29336300,0.0,0.0
2014-04-01 00:00:00-04:00,19.36918955994608,19.519338893436892,19.249070665925498,19.511831283569336,23778700,0.0,0.0
2014-04-02 00:00:00-04:00,19.489302232353808,19.556869267662083,19.249064521004254,19.436750411987305,22464700,0.0,0.0
2014-04-03 00:00:00-04:00,19.631947276187105,19.864677419965556,19.624439667429098,19.82714080810547,38581300,0.0,0.0
2014-04-04 00:00:00-04:00,19.8871973052478,20.06737559300472,19.60191537428178,19.63945198059082,47918000,0.0,0.0
2014-04-07 00:00:00-04:00,19.74455959903769,20.07488724239621,19.669486371304874,19.8872013092041,49813500,0.0,0.0
2014-04-08 00:00:00-04:00,19.78960614950216,20.255066483000533,19.78209854000314,20.2025146484375,56699500,0.0,0.0
2014-04-09 00:00:00-04:00,20.21753120726481,20.285098265303596,20.067381871194137,20.255067825317383,34481800,0.0,0.0
2014-04-10 00:00:00-04:00,20.277590626919373,20.337650074877523,19.789607433268127,19.842159271240234,40478200,0.0,0.0
2014-04-11 00:00:00-04:00,19.72203557788528,19.9622733112794,19.64696092821716,19.654468536376953,36121100,0.0,0.0
2014-04-14 00:00:00-04:00,19.752060982653028,20.007313885896934,19.624434531031078,19.939746856689453,26957900,0.0,0.0
2014-04-15 00:00:00-04:00,19.90221854721521,20.14245633697182,19.789607262258073,20.097412109375,45074400,0.0,0.0
2014-04-16 00:00:00-04:00,20.255069733160447,20.4502633156657,19.969787686071427,20.217533111572266,59033600,0.0,0.0
2014-04-17 00:00:00-04:00,20.179991452761296,20.390200219118732,20.112425832359694,20.300111770629883,38108500,0.0,0.0
2014-04-21 00:00:00-04:00,20.307611428930684,20.307611428930684,20.06737373417455,20.2325382232666,20398600,0.0,0.0
2014-04-22 00:00:00-04:00,20.20251330261984,20.25506513368206,20.014827373437615,20.149961471557617,29601600,0.0,0.0
2014-04-23 00:00:00-04:00,20.119934079681183,20.247560588112016,20.05987463053316,20.0823974609375,25574300,0.0,0.0
2014-04-24 00:00:00-04:00,20.127441689815964,20.240052977977236,19.999815181385134,20.0823974609375,25432800,0.0,0.0
2014-04-25 00:00:00-04:00,20.00732054759164,20.059872380710914,19.661979111704945,19.71453094482422,33614400,0.0,0.0
2014-04-28 00:00:00-04:00,19.646965228714382,19.812128348592708,19.526846335724663,19.7670841217041,33472800,0.0,0.0
2014-04-29 00:00:00-04:00,19.789607436347833,20.0148300082434,19.78209982636062,19.879695892333984,22146000,0.0,0.0
2014-04-30 00:00:00-04:00,19.759575783520706,20.04485921780275,19.684501120187004,20.037351608276367,25863900,0.0,0.0
2014-05-01 00:00:00-04:00,19.90220858799091,20.02232742276079,19.81211874594877,19.85716438293457,19755200,0.0,0.0
2014-05-02 00:00:00-04:00,19.93975207561569,19.999811513749805,19.81963319934746,19.82714080810547,24235200,0.0,0.0
2014-05-05 00:00:00-04:00,19.808204707903286,19.883924434148494,19.679481606556525,19.815776824951172,20738900,0.225,0.0
2014-05-06 00:00:00-04:00,19.808214400898155,19.974796724766453,19.687063357314965,19.838502883911133,21818000,0.0,0.0
2014-05-07 00:00:00-04:00,19.883937943258193,20.027805376443986,19.853649454488707,19.96722984313965,24692800,0.0,0.0
2014-05-08 00:00:00-04:00,19.9293614530549,20.088373068557672,19.85364170492187,19.94450569152832,24166900,0.0,0.0
2014-05-09 00:00:00-04:00,19.967227566588445,19.997514607670137,19.8536471908873,19.914222717285156,20324400,0.0,0.0
2014-05-12 00:00:00-04:00,19.9975168876745,20.0959530319407,19.914224987793045,19.96722984313965,20607800,0.0,0.0
2014-05-13 00:00:00-04:00,20.05808473189921,20.095945328347565,19.936933711732646,20.02779769897461,20525000,0.0,0.0
2014-05-14 00:00:00-04:00,20.058088374320143,20.0808047363143,19.93693733215332,19.93693733215332,17811900,0.0,0.0
2014-05-15 00:00:00-04:00,19.936931684889494,20.065654811259385,19.694629669189453,19.694629669189453,31752700,0.0,0.0
2014-05-16 00:00:00-04:00,19.724920417295206,19.740064657189716,19.490190475867095,19.550765991210938,30017200,0.0,0.0
2014-05-19 00:00:00-04:00,19.497762857389805,19.755209162113495,19.497762857389805,19.717350006103516,22679600,0.0,0.0
2014-05-20 00:00:00-04:00,19.702205766005836,19.81578467827,19.596197529556285,19.717350006103516,22292600,0.0,0.0
2014-05-21 00:00:00-04:00,19.76278312061305,19.876362043442995,19.687063357314965,19.838502883911133,18721300,0.0,0.0
2014-05-22 00:00:00-04:00,19.846073293223224,19.891506017130986,19.74763861322509,19.800642013549805,15926500,0.0,0.0
2014-05-23 00:00:00-04:00,19.800644194004082,19.91422312781216,19.793072072518946,19.906652450561523,17172200,0.0,0.0
2014-05-27 00:00:00-04:00,19.93693516992565,20.24738486233811,19.823356260741562,20.224668502807617,27271900,0.0,0.0
2014-05-28 00:00:00-04:00,20.217095928311213,20.39882245478396,20.186807451782066,20.353389739990234,27150100,0.0,0.0
2014-05-29 00:00:00-04:00,20.376104170024778,20.413963317871094,20.23223680858774,20.413963317871094,20638900,0.0,0.0
2014-05-30 00:00:00-04:00,20.398824435973278,20.68655776977539,20.391252316105565,20.68655776977539,43641000,0.0,0.0
2014-06-02 00:00:00-04:00,20.67898387720069,20.709272354075058,20.535117944749643,20.641124725341797,20264900,0.0,0.0
2014-06-03 00:00:00-04:00,20.61083237495803,20.974286807974078,20.535114085470408,20.943998336791992,33256300,0.0,0.0
2014-06-04 00:00:00-04:00,20.830427187888073,21.019725870317917,20.82285506728276,20.898574829101562,21612500,0.0,0.0
2014-06-05 00:00:00-04:00,20.868278603070575,20.943998336791992,20.769843960196386,20.943998336791992,26546200,0.0,0.0
2014-06-06 00:00:00-04:00,21.03486427720601,21.360456707520754,20.997003684680625,21.330169677734375,34795600,0.0,0.0
2014-06-09 00:00:00-04:00,21.277168156985944,21.519470193446022,21.07272527213498,21.13330078125,39933000,0.0,0.0
2014-06-10 00:00:00-04:00,21.087876994426242,21.451330178103593,20.989440854533687,21.383182525634766,34256900,0.0,0.0
2014-06-11 00:00:00-04:00,21.307461065127914,21.360464469690406,21.050014719337693,21.14845085144043,27747700,0.0,0.0
2014-06-12 00:00:00-04:00,21.09544524277304,21.277171801243398,21.027297602817367,21.17116355895996,31211400,0.0,0.0
2014-06-13 00:00:00-04:00,22.526540943852115,22.76127088207475,22.38267355528732,22.61740493774414,122194300,0.0,0.0
2014-06-16 00:00:00-04:00,22.50381875215253,22.829412599885156,22.465959606979172,22.723405838012695,36407800,0.0,0.0
2014-06-17 00:00:00-04:00,22.62497938991637,22.79156316581889,22.594692349719637,22.6779842376709,28440600,0.0,0.0
2014-06-18 00:00:00-04:00,22.62497357167775,22.70069331904913,22.465963402008505,22.66283416748047,34412300,0.0,0.0
2014-06-19 00:00:00-04:00,22.693117352952978,22.783981323242188,22.63254185417144,22.783981323242188,27166600,0.0,0.0
2014-06-20 00:00:00-04:00,22.768846737545598,22.86728286743164,22.73855969743526,22.86728286743164,39826400,0.0,0.0
2014-06-23 00:00:00-04:00,22.791560898809767,22.950571093553794,22.602262222647283,22.889995574951172,26528900,0.0,0.0
2014-06-24 00:00:00-04:00,22.836990350969977,23.3443108202964,22.783986956959392,23.094436645507812,53397600,0.0,0.0
2014-06-25 00:00:00-04:00,23.079295923250857,23.47303754481235,23.056581004775563,23.382173538208008,44293300,0.0,0.0
2014-06-26 00:00:00-04:00,23.32916671262729,23.39731434652147,23.17772864948904,23.30645179748535,26722300,0.0,0.0
2014-06-27 00:00:00-04:00,23.374599319571324,23.473033987928634,23.245876172190737,23.42003059387207,30776300,0.0,0.0
2014-06-30 00:00:00-04:00,23.37459725128327,23.473031910930647,23.215585638949456,23.39731216430664,21558400,0.0,0.0
2014-07-01 00:00:00-04:00,23.46546167657876,23.541181429284535,23.374599128719154,23.457889556884766,28240000,0.0,0.0
2014-07-02 00:00:00-04:00,23.46546167657876,23.51089295050856,23.3215942908612,23.457889556884766,16831200,0.0,0.0
2014-07-03 00:00:00-04:00,23.533609253522187,23.745624271746408,23.488177979700623,23.57904052734375,20437600,0.0,0.0
2014-07-07 00:00:00-04:00,23.541181701701625,23.62447357506524,23.412458553882477,23.495750427246094,22233400,0.0,0.0
2014-07-08 00:00:00-04:00,23.47303223450067,23.533607743788085,23.245874435731388,23.314022064208984,37608700,0.0,0.0
2014-07-09 00:00:00-04:00,23.351880839128395,23.457887617612364,23.23830194157642,23.389739990234375,28302400,0.0,0.0
2014-07-10 00:00:00-04:00,23.170150758883725,23.722902367925354,23.048999760853608,23.669898986816406,32455100,0.0,0.0
2014-07-11 00:00:00-04:00,23.66990465450927,23.81377204070636,23.50332235338865,23.66233253479004,20045000,0.0,0.0
2014-07-14 00:00:00-04:00,23.783483477174432,23.91220662347488,23.73048008356263,23.844058990478516,24244600,0.0,0.0
2014-07-15 00:00:00-04:00,23.912206431282296,24.078788730471096,23.594184627933398,24.01064109802246,61006100,0.0,0.0
2014-07-16 00:00:00-04:00,25.22215082533366,26.304939233932675,25.146429639279383,26.236791610717773,135834600,0.0,0.0
2014-07-17 00:00:00-04:00,25.89606105954773,26.017212104158006,25.46446028259433,25.51746368408203,70591100,0.0,0.0
2014-07-18 00:00:00-04:00,25.59318200378767,25.62347048705743,25.282732271444548,25.51746368408203,46528800,0.0,0.0
2014-07-21 00:00:00-04:00,25.40387774343645,25.918770292199994,25.396307068514094,25.790048599243164,32097200,0.0,0.0
2014-07-22 00:00:00-04:00,25.865766746047747,26.37308861682349,25.797619118285873,26.34280014038086,42915100,0.0,0.0
2014-07-23 00:00:00-04:00,26.259515737987755,26.282230657541813,25.97178090693774,26.123220443725586,26077000,0.0,0.0
2014-07-24 00:00:00-04:00,26.03235411723306,26.2519383809689,25.82033764096368,25.933917999267578,33180400,0.0,0.0
2014-07-25 00:00:00-04:00,25.858199686043978,26.0247805528296,25.691615930789858,25.933917999267578,31614000,0.0,0.0
2014-07-28 00:00:00-04:00,25.918777465820312,25.986925112855396,25.653760443166604,25.918777465820312,30972200,0.0,0.0
2014-07-29 00:00:00-04:00,25.949056179995868,26.02477447553777,25.812760937246182,25.888479232788086,26141700,0.0,0.0
2014-07-30 00:00:00-04:00,25.979346523280043,26.17621583893797,25.77490364444218,26.009632110595703,32782800,0.0,0.0
2014-07-31 00:00:00-04:00,25.812759202037448,25.933910199841065,25.600745677998024,25.661319732666016,35431200,0.0,0.0
2014-08-01 00:00:00-04:00,25.555321149103438,25.76733474099347,25.44931435315842,25.54775047302246,33472400,0.0,0.0
2014-08-04 00:00:00-04:00,25.58560709343189,25.812764903428672,25.403879112353504,25.7824764251709,27250100,0.0,0.0
2014-08-05 00:00:00-04:00,25.73292820590555,25.748173181299684,24.84873998681794,25.01643180847168,49845100,0.225,0.0
2014-08-06 00:00:00-04:00,24.8487373855773,25.29845393574049,24.688669522217886,25.039295196533203,27923900,0.0,0.0
2014-08-07 00:00:00-04:00,25.100284982603693,25.267976852782667,24.803015145601027,24.909727096557617,27820100,0.0,0.0
2014-08-08 00:00:00-04:00,24.98594532864579,25.15363717359471,24.803011413867107,24.848743438720703,35484000,0.0,0.0
2014-08-11 00:00:00-04:00,25.016427918048706,25.33656653617578,25.008806885377695,25.168874740600586,27718600,0.0,0.0
2014-08-12 00:00:00-04:00,25.085031877982548,25.267968668715543,24.909719028524318,25.252723693847656,24805600,0.0,0.0
2014-08-13 00:00:00-04:00,25.33657178807721,26.03020221217049,25.328947846144573,25.992088317871094,36291000,0.0,0.0
2014-08-14 00:00:00-04:00,25.953986018917256,26.091187942811818,25.717696078185522,25.870140075683594,25458000,0.0,0.0
2014-08-15 00:00:00-04:00,25.992092332181297,26.07593826029839,25.694822519898768,26.045448303222656,28577600,0.0,0.0
2014-08-18 00:00:00-04:00,26.114048137634082,26.27411895160488,25.900624262582642,26.228384017944336,27232200,0.0,0.0
2014-08-19 00:00:00-04:00,26.296988594232968,26.296988594232968,26.10643070586896,26.175031661987305,29281900,0.0,0.0
2014-08-20 00:00:00-04:00,26.091184673515155,26.304608569416153,26.053073678916046,26.296987533569336,27140300,0.0,0.0
2014-08-21 00:00:00-04:00,26.266489429199396,26.822917919300856,26.258868395715968,26.792430877685547,37164900,0.0,0.0
2014-08-22 00:00:00-04:00,26.83054030226419,26.83054030226419,26.609492544221467,26.63235855102539,21196700,0.0,0.0
2014-08-25 00:00:00-04:00,26.74669946195686,26.792434391901033,26.411318698745582,26.533275604248047,18614500,0.0,0.0
2014-08-26 00:00:00-04:00,26.518032804002818,26.71621170132863,26.441807914506562,26.525653839111328,19664700,0.0,0.0
2014-08-27 00:00:00-04:00,26.594250228028265,26.632361212403723,26.396071364666838,26.518028259277344,17168900,0.0,0.0
2014-08-28 00:00:00-04:00,26.380827873029578,26.533274726786704,26.380827873029578,26.411317825317383,18908900,0.0,0.0
2014-08-29 00:00:00-04:00,26.53327772605179,26.63236572066501,26.42656288098166,26.61712074279785,32302800,0.0,0.0
2014-09-02 00:00:00-04:00,26.495162812191147,26.609498687972152,26.24362795622789,26.350339889526367,32094800,0.0,0.0
2014-09-03 00:00:00-04:00,26.54089774403997,26.586632675888794,26.25887293351083,26.350339889526367,26668800,0.0,0.0
2014-09-04 00:00:00-04:00,26.319840788562004,26.74669128110337,26.31221975640997,26.60948944091797,27632400,0.0,0.0
2014-09-05 00:00:00-04:00,26.61711877163616,26.769565631335926,26.548520737837368,26.678098678588867,20841900,0.0,0.0
2014-09-08 00:00:00-04:00,26.64761018534773,27.10495078950837,26.58663318273561,26.929637908935547,24859600,0.0,0.0
2014-09-09 00:00:00-04:00,26.899138093273933,26.899138093273933,26.56375452496247,26.60948944091797,22333100,0.0,0.0
2014-09-10 00:00:00-04:00,26.56376136745056,26.777188122537815,26.426559491923697,26.693342208862305,19964200,0.0,0.0
2014-09-11 00:00:00-04:00,26.51802934739617,26.693342208862305,26.31984756822099,26.693342208862305,21949000,0.0,0.0
2014-09-12 00:00:00-04:00,26.60187739476446,26.60949842949085,26.296983667431554,26.388450622558594,26732600,0.0,0.0
2014-09-15 00:00:00-04:00,26.457048709553,26.502783636020073,26.091178020861722,26.327470779418945,22438000,0.0,0.0
2014-09-16 00:00:00-04:00,26.274118650944633,26.73908029428509,26.274118650944633,26.624744415283203,20875700,0.0,0.0
2014-09-17 00:00:00-04:00,26.609489663019385,26.83053739712767,26.47991176158557,26.662845611572266,26278900,0.0,0.0
2014-09-18 00:00:00-04:00,26.769565327735403,26.807676315307617,26.571386447750708,26.807676315307617,23809600,0.0,0.0
2014-09-19 00:00:00-04:00,26.80005231222632,26.845787236856104,26.5408935546875,26.5408935546875,46851900,0.0,0.0
2014-09-22 00:00:00-04:00,26.510408198307037,26.700966055759345,26.33509531837277,26.45705223083496,25447700,0.0,0.0
2014-09-23 00:00:00-04:00,26.4570574539053,26.4570574539053,26.205522544405728,26.23600959777832,25690700,0.0,0.0
2014-09-24 00:00:00-04:00,26.220765147588498,26.563767001472527,26.19789622502909,26.487545013427734,18829000,0.0,0.0
2014-09-25 00:00:00-04:00,26.434190654171072,26.518036590748945,25.82440598953559,26.022584915161133,34639700,0.0,0.0
2014-09-26 00:00:00-04:00,26.114044189453125,26.190269067362934,25.633840543189354,26.114044189453125,25882300,0.0,0.0
2014-09-29 00:00:00-04:00,25.961602715657268,26.670478155320254,25.870132853474775,26.601877212524414,29003100,0.0,0.0
2014-09-30 00:00:00-04:00,26.601873454193882,26.678095420895207,26.228378838921422,26.5408935546875,35274600,0.0,0.0
2014-10-01 00:00:00-04:00,26.38082965568622,26.510407600142642,25.793911119054112,25.908246994018555,35086600,0.0,0.0
2014-10-02 00:00:00-04:00,25.88538196966061,25.915871928596882,25.351819319005934,25.55000114440918,32910800,0.0,0.0
2014-10-03 00:00:00-04:00,25.656707359288976,26.053068013834984,25.511884448230226,25.938732147216797,25834600,0.0,0.0
2014-10-06 00:00:00-04:00,26.030203851992606,26.28173870565952,25.816777079661982,25.999713897705078,24321100,0.0,0.0
2014-10-07 00:00:00-04:00,25.946358274126254,25.95397930895772,25.473772699475997,25.511886596679688,25972100,0.0,0.0
2014-10-08 00:00:00-04:00,25.52713208665001,26.19789365720954,25.260349339277358,26.121671676635742,34960600,0.0,0.0
2014-10-09 00:00:00-04:00,26.030201476667628,26.243625321840682,25.59572984460431,25.626216888427734,28185700,0.0,0.0
2014-10-10 00:00:00-04:00,24.86398708545233,25.046923898121946,23.248057355545686,24.322803497314453,80917600,0.0,0.0
2014-10-13 00:00:00-04:00,24.177978881009288,24.673428987872075,23.9874210357666,23.9874210357666,42110200,0.0,0.0
2014-10-14 00:00:00-04:00,24.3837849227723,24.902101109051767,24.170359584534044,24.498119354248047,68671000,0.0,0.0
2014-10-15 00:00:00-04:00,23.278552504401127,24.124628546086296,22.60016542843356,23.84260368347168,92305200,0.0,0.0
2014-10-16 00:00:00-04:00,23.545333402079265,24.017917628617365,23.43862144447189,23.51484489440918,47787400,0.0,0.0
2014-10-17 00:00:00-04:00,23.78162090037972,24.170357645442223,23.606306568751098,23.918821334838867,37504500,0.0,0.0
2014-10-20 00:00:00-04:00,23.65966762210522,24.16274032055348,23.55295421824197,24.071271896362305,30523700,0.0,0.0
2014-10-21 00:00:00-04:00,24.13986546344737,24.86398433017126,24.07126452975847,24.85636329650879,33278400,0.0,0.0
2014-10-22 00:00:00-04:00,24.894481669429656,25.054549592988323,24.559100842780666,24.597211837768555,26725600,0.0,0.0
2014-10-23 00:00:00-04:00,24.9402139677148,25.085036896410042,24.84874410020833,24.91734504699707,22254900,0.0,0.0
2014-10-24 00:00:00-04:00,24.94021061233911,25.40517219938811,24.825874747179515,25.290836334228516,27814300,0.0,0.0
2014-10-27 00:00:00-04:00,25.214616723117693,25.382305657986805,24.9783239365848,25.30608367919922,23751900,0.0,0.0
2014-10-28 00:00:00-04:00,25.328949859784135,25.72531054901677,25.328949859784135,25.717689514160156,21857800,0.0,0.0
2014-10-29 00:00:00-04:00,25.73293200255073,25.893002813965175,25.542374143531692,25.854888916015625,24615200,0.0,0.0
2014-10-30 00:00:00-04:00,25.595727361339407,25.618593368908996,24.696294232969382,24.83349609375,55217900,0.0,0.0
2014-10-31 00:00:00-04:00,25.71768491343052,25.923484802246094,24.871607719280412,25.923484802246094,52089700,0.0,0.0
2014-11-03 00:00:00-05:00,25.771048699793035,26.281742421748984,25.755803720493716,26.152164459228516,28703600,0.0,0.0
2014-11-04 00:00:00-05:00,26.106422996350744,26.5104046699237,26.075933045372697,26.327470779418945,34695900,0.0,0.0
2014-11-05 00:00:00-05:00,26.124158127533587,26.162519008722803,25.778904343335387,25.901660919189453,34705500,0.225,0.0
2014-11-06 00:00:00-05:00,25.847952249603313,26.2622567449507,25.633128997236803,25.94769287109375,25240600,0.0,0.0
2014-11-07 00:00:00-05:00,26.07045314220305,26.085798080518963,25.464341249089184,25.76356315612793,27604500,0.0,0.0
2014-11-10 00:00:00-05:00,25.648479763516736,25.694514582379707,25.379950637019338,25.518049240112305,30653600,0.0,0.0
2014-11-11 00:00:00-05:00,25.594776447300376,25.732877990679558,25.472019845046468,25.556415557861328,19676600,0.0,0.0
2014-11-12 00:00:00-05:00,25.495031383459228,25.640803908812494,25.318568981163875,25.610116958618164,22864200,0.0,0.0
2014-11-13 00:00:00-05:00,25.58709726106169,25.978385862565055,25.579426255447824,25.84028434753418,26449300,0.0,0.0
2014-11-14 00:00:00-05:00,25.89399310478035,26.062784514911606,25.58710016395042,26.047439575195312,18104600,0.0,0.0
2014-11-17 00:00:00-05:00,25.947703393977957,26.277612337759784,25.90166856691009,26.269941329956055,17646300,0.0,0.0
2014-11-18 00:00:00-05:00,26.231569799950876,26.77630484984333,26.2085538565567,26.630529403686523,30674800,0.0,0.0
2014-11-19 00:00:00-05:00,26.615190115462674,26.691914820975715,26.27761019145006,26.354331970214844,21289600,0.0,0.0
2014-11-20 00:00:00-05:00,26.193200588969955,27.597231224469372,26.085788984958423,27.581886291503906,61994700,0.0,0.0
2014-11-21 00:00:00-05:00,27.60490393783274,27.973173571579768,27.236634304085715,27.30568504333496,56721600,0.0,0.0
2014-11-24 00:00:00-05:00,27.535856413223847,27.950160897086807,27.49749553732851,27.81205940246582,33321100,0.0,0.0
2014-11-25 00:00:00-05:00,27.8964563981278,27.988523089958168,27.735338955737813,27.865766525268555,29093200,0.0,0.0
2014-11-26 00:00:00-05:00,27.904123245419015,28.379807423621074,27.83507250514755,28.31075668334961,24060000,0.0,0.0
2014-11-28 00:00:00-05:00,28.418167255481315,28.916864426525297,28.341442587572903,28.57928466796875,19128500,0.0,0.0
2014-12-01 00:00:00-05:00,28.54860369508413,28.863167614643526,28.310764467336618,28.517913818359375,30904000,0.0,0.0
2014-12-02 00:00:00-05:00,28.525596699619825,28.84783172607422,28.525596699619825,28.84783172607422,28361100,0.0,0.0
2014-12-03 00:00:00-05:00,28.909203126501765,29.070320593068388,28.70205084373848,28.717395782470703,30660800,0.0,0.0
2014-12-04 00:00:00-05:00,28.694376060336495,28.740407943725586,28.418173053012268,28.740407943725586,23359100,0.0,0.0
2014-12-05 00:00:00-05:00,28.824807544906257,29.077994644903185,28.786446661292487,28.90152931213379,20527600,0.0,0.0
2014-12-08 00:00:00-05:00,28.740406198613986,28.947558441528912,28.34144664856456,28.54092788696289,28134800,0.0,0.0
2014-12-09 00:00:00-05:00,28.134297754914353,28.456535591169875,27.850423726050565,28.303089141845703,28487300,0.0,0.0
2014-12-10 00:00:00-05:00,28.333774336806034,28.402825081258534,27.850419125638542,27.942485809326172,27499900,0.0,0.0
2014-12-11 00:00:00-05:00,28.003873554741684,28.548605735167836,27.957838736364906,28.157320022583008,25088200,0.0,0.0
2014-12-12 00:00:00-05:00,27.965515745323188,28.249389839666055,27.789053312258797,27.796724319458008,29322500,0.0,0.0
2014-12-15 00:00:00-05:00,27.9194728257584,28.218691774480046,27.543532120299506,27.558874130249023,30633400,0.0,0.0
2014-12-16 00:00:00-05:00,27.51283722230695,28.00386339994428,27.282669067382812,27.282669067382812,31166300,0.0,0.0
2014-12-17 00:00:00-05:00,27.328705700305946,27.873440704787097,27.106211436965783,27.80438995361328,31637700,0.0,0.0
2014-12-18 00:00:00-05:00,28.195675960328387,28.402828216552738,27.95016282556192,28.402828216552734,32128100,0.0,0.0
2014-12-19 00:00:00-05:00,28.402827306278798,28.510238933453294,27.796715493797183,27.90412712097168,76786800,0.0,0.0
2014-12-22 00:00:00-05:00,27.919475232785064,28.586963939537164,27.919475232785064,28.548603057861328,29227100,0.0,0.0
2014-12-23 00:00:00-05:00,28.694379837746272,28.92454806523399,28.617655144085163,28.717395782470703,22169700,0.0,0.0
2014-12-24 00:00:00-05:00,28.74808410154766,28.847821807778775,28.52558689211337,28.725065231323242,12109100,0.0,0.0
2014-12-26 00:00:00-05:00,28.786447555442958,28.955238960683825,28.786447555442958,28.809463500976562,14037200,0.0,0.0
2014-12-29 00:00:00-05:00,28.732739354821366,28.78644517445627,28.517913149534103,28.52558708190918,12203300,0.0,0.0
2014-12-30 00:00:00-05:00,28.44886423170189,28.533256997369733,28.20334815979004,28.20334815979004,15214100,0.0,0.0
2014-12-31 00:00:00-05:00,28.1036124652374,28.418176387882387,27.842754364013672,27.842754364013672,20393600,0.0,0.0
2015-01-02 00:00:00-05:00,28.134298804381928,28.51024247291225,27.70465224234464,27.896459579467773,23605600,0.0,0.0
2015-01-05 00:00:00-05:00,27.77369356345213,27.965500835400356,27.574212361647824,27.581886291503906,32785000,0.0,0.0
2015-01-06 00:00:00-05:00,27.68163982602146,27.79672248691212,27.05250898747727,27.067853927612305,30847600,0.0,0.0
2015-01-07 00:00:00-05:00,27.34404930197548,27.673958105172773,27.06017530622918,27.635597229003906,27725200,0.0,0.0
2015-01-08 00:00:00-05:00,27.904129793920042,28.387485089253417,27.8197340996994,28.149642944335938,31765400,0.0,0.0
2015-01-09 00:00:00-05:00,28.21102209187192,28.471880174452433,27.927148066540866,28.20334815979004,22850500,0.0,0.0
2015-01-12 00:00:00-05:00,28.310770025049795,28.387491805175273,27.79672473261453,28.080598831176758,29400800,0.0,0.0
2015-01-13 00:00:00-05:00,28.287745964250522,28.76343027942643,27.842754452946206,28.00387191772461,31478000,0.0,0.0
2015-01-14 00:00:00-05:00,27.873434772621245,28.318426131343646,27.551197026807923,27.888776779174805,34250300,0.0,0.0
2015-01-15 00:00:00-05:00,28.026883605652397,28.295415599581276,27.64326898010885,27.76602554321289,47181800,0.0,0.0
2015-01-16 00:00:00-05:00,27.71231477286848,28.126619196768143,27.244304545138878,27.96550178527832,62812200,0.0,0.0
2015-01-20 00:00:00-05:00,27.696981080335785,27.973184141700578,27.29035042151984,27.68931007385254,35929400,0.0,0.0
2015-01-21 00:00:00-05:00,27.505168222566528,28.14196992298158,27.443791402732884,27.988523483276367,27442600,0.0,0.0
2015-01-22 00:00:00-05:00,28.049910341140826,28.38749025267848,27.727672443390574,28.318439483642578,31809900,0.0,0.0
2015-01-23 00:00:00-05:00,28.356787345574578,28.410493149404516,27.91179598144838,27.96550178527832,27427100,0.0,0.0
2015-01-26 00:00:00-05:00,27.766032384678336,27.850428091372333,27.29035095128714,27.4744873046875,30906800,0.0,0.0
2015-01-27 00:00:00-05:00,26.392683913839992,26.63819700754341,25.740537380708396,26.231563568115234,58456200,0.0,0.0
2015-01-28 00:00:00-05:00,26.446393697487625,26.622856077203775,25.870971748816423,25.917003631591797,34929100,0.0,0.0
2015-01-29 00:00:00-05:00,25.963037998876942,26.300617816051542,25.67149006369364,26.246912002563477,29569400,0.0,0.0
2015-01-30 00:00:00-05:00,25.85563356760921,26.07813081497996,25.318572356515315,25.349262237548828,38719700,0.0,0.0
2015-02-02 00:00:00-05:00,25.364604819398444,25.893992047631905,25.050040884926755,25.817270278930664,38733800,0.0,0.0
2015-02-03 00:00:00-05:00,25.917003879807307,26.12415613452259,25.01934703612182,25.855627059936523,36038300,0.0,0.0
2015-02-04 00:00:00-05:00,26.01789909312064,26.14926513697515,25.731988923894107,25.963808059692383,25052800,0.24,0.0
2015-02-05 00:00:00-05:00,26.025638032659586,26.26518623508818,25.847909862241483,26.226547241210938,20491400,0.0,0.0
2015-02-06 00:00:00-05:00,26.211086065946553,26.27290608341128,25.608355634368838,25.731992721557617,29342400,0.0,0.0
2015-02-09 00:00:00-05:00,25.500168377237298,25.685625444259205,25.24516527854969,25.446077346801758,28705500,0.0,0.0
2015-02-10 00:00:00-05:00,25.654719941597467,26.06426722894054,25.538808885910644,26.041086196899414,20200000,0.0,0.0
2015-02-11 00:00:00-05:00,26.017903701679433,26.087449749511652,25.74744848663234,25.9251766204834,18364200,0.0,0.0
2015-02-12 00:00:00-05:00,26.25745243003321,26.373363494873047,26.087450320999004,26.373363494873047,20056700,0.0,0.0
2015-02-13 00:00:00-05:00,26.466081585448553,26.558808637169104,26.23426248227726,26.551082611083984,18037900,0.0,0.0
2015-02-17 00:00:00-05:00,26.581997412055323,26.85245258998057,26.47381239314487,26.8447265625,19374100,0.0,0.0
2015-02-18 00:00:00-05:00,26.77517789964747,26.821539955467074,26.419718767836773,26.481538772583008,19992900,0.0,0.0
2015-02-19 00:00:00-05:00,26.466088764918968,26.597451878179708,26.31154167163409,26.435178756713867,11017500,0.0,0.0
2015-02-20 00:00:00-05:00,26.388814446282936,26.713360661593573,26.20335736057659,26.589723587036133,20955600,0.0,0.0
2015-02-23 00:00:00-05:00,26.581995513321186,26.659267573568805,25.94835518652224,26.087444305419922,25565500,0.0,0.0
2015-02-24 00:00:00-05:00,25.97153821424894,26.65154359818504,25.894263200312807,26.589723587036133,29607500,0.0,0.0
2015-02-25 00:00:00-05:00,26.29609098935181,26.3888210292075,26.064271785194812,26.23427391052246,24686300,0.0,0.0
2015-02-26 00:00:00-05:00,25.97926696251414,26.18017907204872,25.832448842270164,26.002450942993164,25928400,0.0,0.0
2015-02-27 00:00:00-05:00,25.986994734930693,25.994720762905395,25.662445552922836,25.693355560302734,24427300,0.0,0.0
2015-03-02 00:00:00-05:00,25.72426482035303,26.373360217770973,25.592898766675116,26.31926918029785,25406400,0.0,0.0
2015-03-03 00:00:00-05:00,26.234267756525554,26.566542952044355,26.20335775049115,26.350175857543945,27332000,0.0,0.0
2015-03-04 00:00:00-05:00,26.164720065107076,26.589722304159377,26.056537998556337,26.365629196166992,23005800,0.0,0.0
2015-03-05 00:00:00-05:00,26.47381928804158,26.659276421019985,25.956089827534612,26.064271926879883,21225800,0.0,0.0
2015-03-06 00:00:00-05:00,25.917447957686118,26.0256300327093,25.56199172611267,25.646989822387695,32373100,0.0,0.0
2015-03-09 00:00:00-04:00,25.654718992150674,25.70881003007186,25.098350661829326,25.2838077545166,33058800,0.0,0.0
2015-03-10 00:00:00-04:00,24.912887283889756,25.04425034223075,24.341064162123427,24.4956111907959,50278900,0.0,0.0
2015-03-11 00:00:00-04:00,24.704259099599337,25.469264147442143,24.688805568736637,24.982444763183594,49683600,0.0,0.0
2015-03-12 00:00:00-04:00,23.962434039239312,24.418346313833908,23.630158841768313,23.800159454345703,107402400,0.0,0.0
2015-03-13 00:00:00-04:00,23.668795065272214,23.939251726347965,23.460158417123697,23.900615692138672,47954700,0.0,0.0
2015-03-16 00:00:00-04:00,23.900618736457638,24.039710835520193,23.684253085263617,23.823345184326172,33074600,0.0,0.0
2015-03-17 00:00:00-04:00,23.63015663918093,23.746066203946498,23.49879207274794,23.63788414001465,29215600,0.0,0.0
2015-03-18 00:00:00-04:00,23.498790217976417,24.109249470825315,23.413789189384808,23.869701385498047,39834100,0.0,0.0
2015-03-19 00:00:00-04:00,23.784707539441886,24.031981710472262,23.715161494605802,23.75379753112793,27414200,0.0,0.0
2015-03-20 00:00:00-04:00,23.946979759789176,24.433802055311148,23.900616222934314,24.19425392150879,64777100,0.0,0.0
2015-03-23 00:00:00-04:00,24.178806619211493,24.565172964877096,24.10926055908203,24.10926055908203,29694000,0.0,0.0
2015-03-24 00:00:00-04:00,24.078346826008744,24.201983919621156,23.75379908680856,23.792436599731445,28471400,0.0,0.0
2015-03-25 00:00:00-04:00,23.807887361702697,23.869705901318188,23.073792388002545,23.096973419189453,37691000,0.0,0.0
2015-03-26 00:00:00-04:00,22.795604956392545,23.491063795881363,22.64878539314234,23.243789672851562,45450100,0.0,0.0
2015-03-27 00:00:00-04:00,23.189704178410352,25.500174343585968,23.066067087381384,24.727441787719727,73857200,0.0,0.0
2015-03-30 00:00:00-04:00,24.46470866644358,24.804709875159645,24.186524519430304,24.310161590576172,51391500,0.0,0.0
2015-03-31 00:00:00-04:00,24.286980500403303,24.673346715239195,24.109252395307628,24.16334342956543,32098500,0.0,0.0
2015-04-01 00:00:00-04:00,24.05515834210177,24.201977906992735,23.684247153412006,23.807884216308594,31532100,0.0,0.0
2015-04-02 00:00:00-04:00,23.8001567156438,24.13243187487965,23.699702154741594,23.807884216308594,20909600,0.0,0.0
2015-04-06 00:00:00-04:00,23.807885201705055,24.147887875678233,23.529702535608916,23.985614776611328,21490900,0.0,0.0
2015-04-07 00:00:00-04:00,24.008795285120954,24.41061648438852,23.95470425327149,24.155614852905273,23258300,0.0,0.0
2015-04-08 00:00:00-04:00,24.13243538107889,24.387437044586022,24.00107079843156,24.19425392150879,18250300,0.0,0.0
2015-04-09 00:00:00-04:00,23.707435502121832,24.43380453117857,23.622434447716245,24.140165328979492,34167600,0.0,0.0
2015-04-10 00:00:00-04:00,24.209707706325545,24.681074974543034,24.209707706325545,24.67334747314453,28084900,0.0,0.0
2015-04-13 00:00:00-04:00,24.58062309797032,24.766078741368585,24.503349544753434,24.5188045501709,23489000,0.0,0.0
2015-04-14 00:00:00-04:00,24.48016307699704,24.681073681219605,24.163342905611103,24.333343505859375,39754000,0.0,0.0
2015-04-15 00:00:00-04:00,24.92834852059055,25.49244582529174,24.78153041050176,25.36880874633789,61083500,0.0,0.0
2015-04-16 00:00:00-04:00,25.38426042047944,25.492445442211256,25.268352318806002,25.399715423583984,28903200,0.0,0.0
2015-04-17 00:00:00-04:00,25.12152900393128,25.2683500463502,24.89743884841954,25.090621948242188,30593600,0.0,0.0
2015-04-20 00:00:00-04:00,25.198809249358455,25.3379013459563,25.1369892296524,25.291536331176758,20649300,0.0,0.0
2015-04-21 00:00:00-04:00,25.446077648412295,25.476987651239,24.943800419568742,25.059711456298828,19023800,0.0,0.0
2015-04-22 00:00:00-04:00,25.044255602590454,25.28380369473505,24.75061648120998,25.268348693847656,21144200,0.0,0.0
2015-04-23 00:00:00-04:00,24.758350996443202,25.04426120749668,24.73516701605353,24.997896194458008,23775300,0.0,0.0
2015-04-24 00:00:00-04:00,25.044255284262686,25.098346312811028,24.742890140139057,24.789255142211914,22759900,0.0,0.0
2015-04-27 00:00:00-04:00,24.789259541981245,25.2606238818864,24.789259541981245,25.113805770874023,25869600,0.0,0.0
2015-04-28 00:00:00-04:00,24.95926044283462,25.531083819220196,24.90516940087472,25.515628814697266,29572800,0.0,0.0
2015-04-29 00:00:00-04:00,25.16017426166792,25.500175541028234,25.15244528501149,25.41517448425293,21819000,0.0,0.0
2015-04-30 00:00:00-04:00,25.276078100673807,25.384260173613097,24.959257909462853,25.152441024780273,22013300,0.0,0.0
2015-05-01 00:00:00-04:00,25.21426763355011,25.878818195750668,25.206538656180612,25.824724197387695,27091200,0.0,0.0
2015-05-04 00:00:00-04:00,25.708809973064753,25.8865380898032,25.670173938598218,25.832447052001953,21397300,0.0,0.0
2015-05-05 00:00:00-04:00,25.684572798309567,25.76240364946966,25.349894794019182,25.404376983642578,29779200,0.24,0.0
2015-05-06 00:00:00-04:00,25.29540327220978,25.52111681398129,24.851761052344695,25.07747459411621,31985400,0.0,0.0
2015-05-07 00:00:00-04:00,25.116391027530195,25.39658675022855,25.046342096855607,25.093042373657227,21475300,0.0,0.0
2015-05-08 00:00:00-04:00,25.303180920545373,25.591161447190395,25.170867950780146,25.528894424438477,26926500,0.0,0.0
2015-05-11 00:00:00-04:00,25.435504999944914,25.45885365642204,25.240924945152837,25.443286895751953,18358600,0.0,0.0
2015-05-12 00:00:00-04:00,25.24870603146842,25.295406311981438,24.90624621487403,25.100826263427734,24530200,0.0,0.0
2015-05-13 00:00:00-04:00,25.116399271482244,25.606741947149473,25.116399271482244,25.404376983642578,20470800,0.0,0.0
2015-05-14 00:00:00-04:00,25.57560294380709,25.785749759818852,25.505554005136506,25.661218643188477,21098900,0.0,0.0
2015-05-15 00:00:00-04:00,25.754611520925298,25.777960173186717,25.489982575425834,25.676780700683594,17149700,0.0,0.0
2015-05-18 00:00:00-04:00,25.668999449724346,26.003677368164062,25.56781699392595,26.003677368164062,23689500,0.0,0.0
2015-05-19 00:00:00-04:00,25.964763753244306,25.980330514374078,25.676786094983722,25.80131721496582,21867100,0.0,0.0
2015-05-20 00:00:00-04:00,25.731266359515022,26.073726171716253,25.6923479750588,25.972543716430664,21359800,0.0,0.0
2015-05-21 00:00:00-04:00,25.848020851779737,26.12043478459967,25.739056466274494,26.11264991760254,21269800,0.0,0.0
2015-05-22 00:00:00-04:00,26.050383505493606,26.081514063537533,25.933634263395053,26.03481674194336,20845000,0.0,0.0
2015-05-26 00:00:00-04:00,25.894704160012452,25.910270914738305,25.560026356043753,25.762388229370117,28594500,0.0,0.0
2015-05-27 00:00:00-04:00,25.840231087082902,26.346137432776654,25.78574891091674,26.237173080444336,30172700,0.0,0.0
2015-05-28 00:00:00-04:00,26.260519274102865,26.579630369530477,26.213819003166396,26.47066307067871,27065700,0.0,0.0
2015-05-29 00:00:00-04:00,26.649688680533547,27.046630731649213,26.626337052310493,26.8209171295166,43545500,0.0,0.0
2015-06-01 00:00:00-04:00,26.75085636635489,26.922087708756603,26.21381665935185,26.39282989501953,46734500,0.0,0.0
2015-06-02 00:00:00-04:00,26.182690080084107,26.268305773951845,25.79352999454408,25.894712448120117,36351100,0.0,0.0
2015-06-03 00:00:00-04:00,25.816884242791474,25.871369398102615,25.365459989673273,25.474424362182617,38138700,0.0,0.0
2015-06-04 00:00:00-04:00,25.303189365423524,25.466638870170648,25.061911994371762,25.14752769470215,33761800,0.0,0.0
2015-06-05 00:00:00-04:00,25.12417327996891,25.139740039124288,24.773930106140085,24.781713485717773,27778500,0.0,0.0
2015-06-08 00:00:00-04:00,24.758368940758537,24.86733479493748,24.291376452282453,24.361425399780273,38171600,0.0,0.0
2015-06-09 00:00:00-04:00,24.38476768231811,24.641613245495595,24.244669832488984,24.32250213623047,33976700,0.0,0.0
2015-06-10 00:00:00-04:00,24.48595564834433,25.030780445990377,24.415908187902893,24.766151428222656,33336800,0.0,0.0
2015-06-11 00:00:00-04:00,24.867325861664792,24.98407208618396,24.781710182250873,24.789493560791016,24293600,0.0,0.0
2015-06-12 00:00:00-04:00,24.68831136457556,24.984072329341203,24.283586068242734,24.376983642578125,31629800,0.0,0.0
2015-06-15 00:00:00-04:00,24.221327433850306,24.52487186382884,24.081229547851567,24.431472778320312,23175000,0.0,0.0
2015-06-16 00:00:00-04:00,24.330295576055878,24.719455771160046,24.22911309399293,24.626056671142578,20254500,0.0,0.0
2015-06-17 00:00:00-04:00,24.71166212922666,24.976291070790044,24.664963340870685,24.867326736450195,28194200,0.0,0.0
2015-06-18 00:00:00-04:00,24.968506173431205,25.295399137133884,24.906239150408748,25.202001571655273,27722400,0.0,0.0
2015-06-19 00:00:00-04:00,25.21757670066769,25.34988971494108,24.8751138984428,24.960729598999023,39008400,0.0,0.0
2015-06-22 00:00:00-04:00,25.10860824584961,25.209790702783234,24.968513341937722,25.10860824584961,23608400,0.0,0.0
2015-06-23 00:00:00-04:00,25.14753070706082,25.17087936665469,24.851768152960673,24.976299285888672,17995900,0.0,0.0
2015-06-24 00:00:00-04:00,25.02299312786385,25.02299312786385,24.812844853958673,24.83619499206543,23313900,0.0,0.0
2015-06-25 00:00:00-04:00,24.92181052614564,25.15530596765487,24.898460388183594,24.898460388183594,22743300,0.0,0.0
2015-06-26 00:00:00-04:00,24.524864570699517,24.540431327743097,23.941124542314334,24.14348793029785,62157200,0.0,0.0
2015-06-29 00:00:00-04:00,23.894432817723306,24.112361542631685,23.590886903771047,23.653152465820312,35194500,0.0,0.0
2015-06-30 00:00:00-04:00,23.839946848322075,23.886647128742464,23.466353512126677,23.67650032043457,34412200,0.0,0.0
2015-07-01 00:00:00-04:00,23.730984908008367,23.77768370864647,23.35739153384733,23.48970603942871,27178900,0.0,0.0
2015-07-02 00:00:00-04:00,23.489704213391526,24.065660991581552,23.42743865587174,23.785465240478516,27105200,0.0,0.0
2015-07-06 00:00:00-04:00,23.536398519170614,23.69984650430081,23.22507079097941,23.380735397338867,32468100,0.0,0.0
2015-07-07 00:00:00-04:00,23.24842754091416,23.29512634229561,22.641337184842822,23.27177619934082,43833700,0.0,0.0
2015-07-08 00:00:00-04:00,22.882614989711342,23.092761812915988,22.688034927750316,22.960447311401367,45223800,0.0,0.0
2015-07-09 00:00:00-04:00,23.1316739712878,23.26398845415384,22.431186143861403,22.516801834106445,47167800,0.0,0.0
2015-07-10 00:00:00-04:00,22.72695197917601,22.843699720208917,22.524588535272546,22.703601837158203,31423800,0.0,0.0
2015-07-13 00:00:00-04:00,22.781438657567318,23.209514287387822,22.71917308442018,23.13946533203125,26452400,0.0,0.0
2015-07-14 00:00:00-04:00,23.084973778222555,23.43521841295217,22.91374389264794,23.077190399169922,39778300,0.0,0.0
2015-07-15 00:00:00-04:00,23.077196248846874,23.341825265604264,22.937098359442594,23.10832977294922,47852500,0.0,0.0
2015-07-16 00:00:00-04:00,23.715418523784898,23.723201904769827,22.649120565827754,23.27177619934082,81166700,0.0,0.0
2015-07-17 00:00:00-04:00,23.084980734291833,23.193945104806783,22.64912176770382,22.93709945678711,43697600,0.0,0.0
2015-07-20 00:00:00-04:00,23.053841406362878,23.053841406362878,22.625764471951303,22.64911460876465,33812900,0.0,0.0
2015-07-21 00:00:00-04:00,22.540152075884677,22.773649024492936,22.314439991877446,22.353355407714844,45191000,0.0,0.0
2015-07-22 00:00:00-04:00,22.236606730664615,22.454536909865148,22.127642383328293,22.26774024963379,36387200,0.0,0.0
2015-07-23 00:00:00-04:00,22.30665897541922,22.54793784513852,22.1276456683542,22.259960174560547,33775200,0.0,0.0
2015-07-24 00:00:00-04:00,22.20547590437992,22.291090117147462,21.839664459228516,21.839664459228516,31621000,0.0,0.0
2015-07-27 00:00:00-04:00,21.847449884973035,22.119862278169148,21.49720665188784,22.065380096435547,42161100,0.0,0.0
2015-07-28 00:00:00-04:00,22.18990840740456,22.71138298497596,22.135426232580787,22.540151596069336,33182400,0.0,0.0
2015-07-29 00:00:00-04:00,22.532368437925328,22.67246481482317,22.40783733544202,22.57906723022461,26470200,0.0,0.0
2015-07-30 00:00:00-04:00,22.64912296931025,22.921535394578157,22.454542877622924,22.50124168395996,26582400,0.0,0.0
2015-07-31 00:00:00-04:00,22.66468410250603,22.66468410250603,22.39227174491158,22.53236961364746,27158800,0.0,0.0
2015-08-03 00:00:00-04:00,22.571283562278644,22.843695902177227,22.49345125308936,22.610198974609375,26213600,0.0,0.0
2015-08-04 00:00:00-04:00,22.555714752475115,22.68802922070679,22.46231717756316,22.672462463378906,25741700,0.0,0.0
2015-08-05 00:00:00-04:00,22.907897258810596,23.064853516156624,22.774483616793432,22.852962493896484,23622700,0.24,0.0
2015-08-06 00:00:00-04:00,22.884355380841434,22.93929015111888,22.641072185244088,22.766637802124023,27958200,0.0,0.0
2015-08-07 00:00:00-04:00,22.601832820369278,22.727398441837753,22.51550739114738,22.664615631103516,25606100,0.0,0.0
2015-08-10 00:00:00-04:00,22.81372537166475,23.29244523912956,22.805877333214145,23.26105308532715,22807400,0.0,0.0
2015-08-11 00:00:00-04:00,23.127639602702047,23.13548764121282,22.727398619814423,22.735246658325195,23758900,0.0,0.0
2015-08-12 00:00:00-04:00,22.491962933107143,23.206117955650676,22.491962933107143,23.11979103088379,33589100,0.0,0.0
2015-08-13 00:00:00-04:00,23.07271018037526,23.111950382028628,22.656774520874023,22.656774520874023,18821900,0.0,0.0
2015-08-14 00:00:00-04:00,22.696009555341934,22.79018452721971,22.617530661587185,22.77448844909668,14302700,0.0,0.0
2015-08-17 00:00:00-04:00,22.625380569976965,22.915752051802148,22.531205590318372,22.821577072143555,15548300,0.0,0.0
2015-08-18 00:00:00-04:00,22.719559736646485,22.79803715448739,22.601840616163535,22.688167572021484,19182600,0.0,0.0
2015-08-19 00:00:00-04:00,22.48411406272074,22.60183163959002,22.193744139567187,22.256526947021484,30530100,0.0,0.0
2015-08-20 00:00:00-04:00,21.997550829167096,22.16235516101168,21.60515785217285,21.60515785217285,31936600,0.0,0.0
2015-08-21 00:00:00-04:00,21.448197599041812,21.68363275945157,20.84391212463379,20.84391212463379,52288400,0.0,0.0
2015-08-24 00:00:00-04:00,19.77660704405668,21.683635693920465,19.517627733813907,20.600631713867188,83234200,0.0,0.0
2015-08-25 00:00:00-04:00,21.220613595963904,21.306939035810395,20.302413940429688,20.302413940429688,59371900,0.0,0.0
2015-08-26 00:00:00-04:00,20.804677642069805,21.456049981057344,20.467219412800258,21.424657821655273,47386700,0.0,0.0
2015-08-27 00:00:00-04:00,21.7542667388916,21.903376493610462,21.19706941383446,21.7542667388916,38649400,0.0,0.0
2015-08-28 00:00:00-04:00,21.715022424912878,22.45272147154133,21.542370093514762,22.303611755371094,43452400,0.0,0.0
2015-08-31 00:00:00-04:00,22.232986980313562,22.86081517197355,22.099573302478255,22.39779281616211,42401800,0.0,0.0
2015-09-01 00:00:00-04:00,21.903379279733876,22.10742383928784,21.70718276056975,21.832748413085938,44144000,0.0,0.0
2015-09-02 00:00:00-04:00,22.248683035072865,22.44487953186035,22.08387719940393,22.44487953186035,34618800,0.0,0.0
2015-09-03 00:00:00-04:00,22.601836450847184,23.088404434838964,22.515511007759038,22.821577072143555,38665900,0.0,0.0
2015-09-04 00:00:00-04:00,22.42133403511533,22.680313335080687,22.295768404638817,22.382095336914062,29116500,0.0,0.0
2015-09-08 00:00:00-04:00,22.743100675402783,23.15118980407715,22.719558050542016,23.15118980407715,27805000,0.0,0.0
2015-09-09 00:00:00-04:00,23.32383273876747,23.637748246856304,22.892201160435448,22.94713592529297,30774100,0.0,0.0
2015-09-10 00:00:00-04:00,22.900051298053302,23.276748146075757,22.680310721610095,22.97068214416504,25195800,0.0,0.0
2015-09-11 00:00:00-04:00,22.821579396990078,23.166885695100763,22.79018873181311,23.12764549255371,21786900,0.0,0.0
2015-09-14 00:00:00-04:00,23.12764412109905,23.17473236136321,22.82942608372897,23.064861297607422,24065100,0.0,0.0
2015-09-15 00:00:00-04:00,23.198279933801963,23.496499531655395,23.135497096916122,23.331693649291992,29819000,0.0,0.0
2015-09-16 00:00:00-04:00,23.24535957523942,23.378773241319962,23.072705715099687,23.36307716369629,25957800,0.0,0.0
2015-09-17 00:00:00-04:00,23.24536108781635,23.700536890498807,23.190424812558778,23.315990447998047,29805200,0.0,0.0
2015-09-18 00:00:00-04:00,22.93144473974578,23.088402527255273,22.60968262252567,22.77448844909668,60693400,0.0,0.0
2015-09-21 00:00:00-04:00,22.829428385452207,23.025624915752164,22.711710766644376,22.884363174438477,24417100,0.0,0.0
2015-09-22 00:00:00-04:00,22.49980926513672,22.680309642451512,22.350699541900084,22.49980926513672,28576200,0.0,0.0
2015-09-23 00:00:00-04:00,22.77448914501203,22.829423923260865,22.437030939357253,22.55474853515625,25984000,0.0,0.0
2015-09-24 00:00:00-04:00,22.27222149499514,22.499810107235323,21.871982033573097,22.35070037841797,32754700,0.0,0.0
2015-09-25 00:00:00-04:00,22.711705091635224,22.852966797651632,22.468420377113475,22.609682083129883,29192300,0.0,0.0
2015-09-28 00:00:00-04:00,22.507666997044204,23.041321817962142,22.476274832585133,22.570449829101562,42291000,0.0,0.0
2015-09-29 00:00:00-04:00,22.625373876675987,23.033462839703404,22.570439111818466,22.94713592529297,34169600,0.0,0.0
2015-09-30 00:00:00-04:00,23.19827231275421,23.79470981565977,23.182577731334376,23.6534481048584,41051700,0.0,0.0
2015-10-01 00:00:00-04:00,23.708387278180453,23.763323562348038,23.11979770527396,23.543582916259766,29832800,0.0,0.0
2015-10-02 00:00:00-04:00,23.284600595995045,23.959517032559116,23.174731035386195,23.94382095336914,27901500,0.0,0.0
2015-10-05 00:00:00-04:00,24.116469116329824,24.62657962591074,23.983055460267714,24.493165969848633,34842500,0.0,0.0
2015-10-06 00:00:00-04:00,24.453933265228326,24.99543606033242,24.414694561365092,24.909109115600586,34899800,0.0,0.0
2015-10-07 00:00:00-04:00,25.11315133418802,25.442760008463193,24.893410721144107,25.364282608032227,36930100,0.0,0.0
2015-10-08 00:00:00-04:00,25.29364969307657,25.58401964352108,25.097453214234474,25.521238327026367,27794600,0.0,0.0
2015-10-09 00:00:00-04:00,25.403524809129017,25.5447865443489,25.066068048933452,25.223024368286133,24209900,0.0,0.0
2015-10-12 00:00:00-04:00,25.23871730817162,25.364282946770643,25.113151669572595,25.277956008911133,18795000,0.0,0.0
2015-10-13 00:00:00-04:00,25.13669125131198,25.489845502700067,25.097452555317883,25.144540786743164,35588600,0.0,0.0
2015-10-14 00:00:00-04:00,24.634422883560518,25.842993591805943,24.21063937980663,25.740970611572266,75954800,0.0,0.0
2015-10-15 00:00:00-04:00,25.772376859017857,25.945030767150012,25.47415728871364,25.701745986938477,37634800,0.0,0.0
2015-10-16 00:00:00-04:00,25.70174594267009,26.054900302458716,25.489853326796915,25.92933464050293,29371300,0.0,0.0
2015-10-19 00:00:00-04:00,25.803766438440096,26.384506445172345,25.795916901372205,26.360963821411133,37624000,0.0,0.0
2015-10-20 00:00:00-04:00,26.211858814819962,26.4472940629379,26.14122794101242,26.243247985839844,24416100,0.0,0.0
2015-10-21 00:00:00-04:00,26.42374007468366,26.721959557844794,26.149066204483052,26.188304901123047,31928800,0.0,0.0
2015-10-22 00:00:00-04:00,26.447288460001,27.075116653215424,26.360961522111335,26.996639251708984,39572600,0.0,0.0
2015-10-23 00:00:00-04:00,27.10650892730584,27.491052387542364,26.99663936723826,27.3890323638916,42796600,0.0,0.0
2015-10-26 00:00:00-04:00,27.287009859375612,27.436118123166796,27.11435597961242,27.145748138427734,22646900,0.0,0.0
2015-10-27 00:00:00-04:00,27.004488372747474,27.114357942835174,26.92601096374805,27.051576614379883,22630100,0.0,0.0
2015-10-28 00:00:00-04:00,27.051574604729314,27.23992156982422,26.776897706194443,27.23992156982422,21908400,0.0,0.0
2015-10-29 00:00:00-04:00,26.839683495717143,26.910314359931707,26.502225254883236,26.706268310546875,21325200,0.0,0.0
2015-10-30 00:00:00-04:00,26.76119812145423,26.910309359153885,26.572851181030273,26.572851181030273,24693900,0.0,0.0
2015-11-02 00:00:00-05:00,26.470831083699885,26.902462779459707,26.400200224850387,26.76905059814453,21743100,0.0,0.0
2015-11-03 00:00:00-05:00,26.682721601269982,27.004483712595288,26.66702552343451,26.926006317138672,18167000,0.0,0.0
2015-11-04 00:00:00-05:00,27.084062227227605,27.084062227227605,26.79164687965487,26.989225387573242,20762100,0.24,0.0
2015-11-05 00:00:00-05:00,26.949713886679092,27.028747118123754,26.65729846735763,26.870683670043945,16486100,0.0,0.0
2015-11-06 00:00:00-05:00,26.81536439991722,26.8469776954241,26.404400602757175,26.74423599243164,23701700,0.0,0.0
2015-11-09 00:00:00-05:00,26.554559856801575,26.73633480282315,26.143599064815888,26.35698127746582,24168700,0.0,0.0
2015-11-10 00:00:00-05:00,26.214718879060257,26.293752102857365,25.930208317818344,26.2463321685791,22451700,0.0,0.0
2015-11-11 00:00:00-05:00,26.20681830817959,26.38068839397799,25.922304718621977,25.969724655151367,19864700,0.0,0.0
2015-11-12 00:00:00-05:00,25.851173727488543,26.017138966475454,25.598273454324943,25.606178283691406,23265400,0.0,0.0
2015-11-13 00:00:00-05:00,25.50344334933968,25.59037840650417,25.258444825949734,25.37699317932129,23673200,0.0,0.0
2015-11-16 00:00:00-05:00,25.361189216452072,25.495541217342442,25.234739033045177,25.369091033935547,29899700,0.0,0.0
2015-11-17 00:00:00-05:00,25.408598547906976,25.985527457036525,25.29795204570457,25.79585075378418,22636400,0.0,0.0
2015-11-18 00:00:00-05:00,25.86698417696487,26.27004611929909,25.780049129998297,26.206819534301758,18619800,0.0,0.0
2015-11-19 00:00:00-05:00,26.25424071501988,27.447613922607307,26.18311231093787,27.107778549194336,45381600,0.0,0.0
2015-11-20 00:00:00-05:00,27.250033317839588,27.890188906665458,27.250033317839588,27.392290115356445,41137700,0.0,0.0
2015-11-23 00:00:00-05:00,27.392296887005458,27.542455537145337,27.1947182877008,27.25004005432129,20152900,0.0,0.0
2015-11-24 00:00:00-05:00,27.131484870272853,27.218416890019306,26.791649561451635,27.155193328857422,21413500,0.0,0.0
2015-11-25 00:00:00-05:00,27.076164354696253,27.45551784039013,26.98132749067756,27.22632598876953,17939400,0.0,0.0
2015-11-27 00:00:00-05:00,27.297460456135973,27.40810399121166,27.186816921060288,27.234233856201172,6620900,0.0,0.0
2015-11-30 00:00:00-05:00,27.305358860114737,27.581970678033258,27.21052198687888,27.479228973388672,21785800,0.0,0.0
2015-12-01 00:00:00-05:00,27.660994030308636,27.81905745630079,27.431802213360466,27.73212242126465,23560200,0.0,0.0
2015-12-02 00:00:00-05:00,27.732126030566846,27.985026339145318,27.510839014263052,27.52664566040039,18688200,0.0,0.0
2015-12-03 00:00:00-05:00,27.63729047223747,27.653097119120428,26.87068467986689,26.902297973632812,30131100,0.0,0.0
2015-12-04 00:00:00-05:00,26.957613950784257,27.684701462659866,26.870678918971088,27.61357307434082,24901000,0.0,0.0
2015-12-07 00:00:00-05:00,27.495033698498,27.79535094521013,27.46342040469368,27.65309715270996,17731900,0.0,0.0
2015-12-08 00:00:00-05:00,27.40019427924484,27.621484324797944,27.20261571184973,27.463420867919922,13380200,0.0,0.0
2015-12-09 00:00:00-05:00,27.566159306073008,27.834866246535075,27.273740890257976,27.51083755493164,22548300,0.0,0.0
2015-12-10 00:00:00-05:00,27.542452550609294,27.716322663883233,27.392293916751704,27.479228973388672,17400700,0.0,0.0
2015-12-11 00:00:00-05:00,27.11568922854704,27.384396255834098,27.028754158717362,27.084075927734375,21251400,0.0,0.0
2015-12-14 00:00:00-05:00,27.171009493449677,27.25003972629614,26.77585229959711,27.242137908935547,19357100,0.0,0.0
2015-12-15 00:00:00-05:00,27.38438950057199,27.937607054272792,27.376484669913662,27.803255081176758,24365900,0.0,0.0
2015-12-16 00:00:00-05:00,27.94551029937966,28.032445342831487,27.47922480570934,27.898090362548828,23257900,0.0,0.0
2015-12-17 00:00:00-05:00,27.91389724628362,27.953412353241713,27.471320209848546,27.589868545532227,24963600,0.0,0.0
2015-12-18 00:00:00-05:00,27.44761511222122,27.463421759903376,26.760042519501315,26.7679443359375,41336600,0.0,0.0
2015-12-21 00:00:00-05:00,26.957629663732828,27.107788342237345,26.728437721691144,27.06037139892578,18006800,0.0,0.0
2015-12-22 00:00:00-05:00,27.15519545536071,27.48712596077425,27.084067059227905,27.44761085510254,18422000,0.0,0.0
2015-12-23 00:00:00-05:00,27.62147847390297,27.700508678196638,27.487123508832884,27.660993576049805,12526500,0.0,0.0
2015-12-24 00:00:00-05:00,27.716315768864348,27.86647436536682,27.62938073385431,27.645187377929688,5893800,0.0,0.0
2015-12-28 00:00:00-05:00,27.621483297581914,27.66099840662947,27.321163042163256,27.605676651000977,9449400,0.0,0.0
2015-12-29 00:00:00-05:00,27.668898407219288,28.127282083564193,27.668898407219288,28.00873374938965,14188600,0.0,0.0
2015-12-30 00:00:00-05:00,27.961319230277986,28.01664098703073,27.62148385890564,27.65309715270996,11566800,0.0,0.0
2015-12-31 00:00:00-05:00,27.518741411466074,27.62938492195614,27.21842115812907,27.22632598876953,14736700,0.0,0.0
2016-01-04 00:00:00-05:00,26.7758521820685,26.87859088135592,26.443918572988043,26.8627872467041,27882200,0.0,0.0
2016-01-05 00:00:00-05:00,26.839072533964657,26.870685829082625,26.49923714847089,26.7363338470459,16709500,0.0,0.0
2016-01-06 00:00:00-05:00,26.277952457896493,26.49133769677541,25.922310393098293,26.143600463867188,25491300,0.0,0.0
2016-01-07 00:00:00-05:00,25.511345773149547,26.08827487601482,25.16360855102539,25.16360855102539,37680500,0.0,0.0
2016-01-08 00:00:00-05:00,25.361183705772202,25.46392539959395,24.839576435706476,24.902801513671875,29953800,0.0,0.0
2016-01-11 00:00:00-05:00,25.139896654281387,25.463926893696975,25.03715646183609,25.33747673034668,27732400,0.0,0.0
2016-01-12 00:00:00-05:00,25.89069244177669,25.993434134210222,25.503440163450236,25.827468872070312,28587700,0.0,0.0
2016-01-13 00:00:00-05:00,25.89069132615695,26.02504630505911,25.15570040168744,25.21892547607422,34445700,0.0,0.0
2016-01-14 00:00:00-05:00,25.266347406293736,25.97762996856201,25.13199391617824,25.87489128112793,48728200,0.0,0.0
2016-01-15 00:00:00-05:00,23.49604253203217,24.104584872559183,23.274755504498582,23.519752502441406,76373900,0.0,0.0
2016-01-19 00:00:00-05:00,23.693623628880125,23.756848715990618,23.298466457588308,23.551366806030273,28878100,0.0,0.0
2016-01-20 00:00:00-05:00,23.195725516810267,23.60668932362906,23.085080487340633,23.385400772094727,39598200,0.0,0.0
2016-01-21 00:00:00-05:00,23.432814374711597,23.733134597507533,23.108785692024405,23.440717697143555,30157400,0.0,0.0
2016-01-22 00:00:00-05:00,23.804264352770012,23.899101212565654,23.32217220869392,23.654104232788086,25326500,0.0,0.0
2016-01-25 00:00:00-05:00,23.70152307088306,23.883294978125846,23.36959104107223,23.393301010131836,26441000,0.0,0.0
2016-01-26 00:00:00-05:00,23.40120465193294,23.7489418251158,23.40120465193294,23.66200828552246,24754900,0.0,0.0
2016-01-27 00:00:00-05:00,23.61458879961626,23.88329576148633,23.42491356313235,23.559267044067383,26384100,0.0,0.0
2016-01-28 00:00:00-05:00,23.72523324446832,23.851683399066836,23.511848043306554,23.68571662902832,22028100,0.0,0.0
2016-01-29 00:00:00-05:00,23.875391212603795,24.523450121579444,23.788457675805915,24.515546798706055,38311400,0.0,0.0
2016-02-01 00:00:00-05:00,24.278453091433757,24.594579995718263,24.215228012057814,24.357484817504883,19015100,0.0,0.0
2016-02-02 00:00:00-05:00,24.06507233463362,24.096684124486377,23.417013307494855,23.551366806030273,24994300,0.0,0.0
2016-02-03 00:00:00-05:00,23.69487066362034,23.69487066362034,22.73814730101446,23.391908645629883,44660100,0.26,0.0
2016-02-04 00:00:00-05:00,23.232452517455748,23.822432267130626,23.20853538532829,23.73473358154297,29257800,0.0,0.0
2016-02-05 00:00:00-05:00,23.58325418322072,23.726763073043795,23.04908304925279,23.152729034423828,27957500,0.0,0.0
2016-02-08 00:00:00-05:00,22.913547692499957,23.10489237745126,22.56274834308638,22.97732925415039,28725900,0.0,0.0
2016-02-09 00:00:00-05:00,22.714228402234177,23.240426626172244,22.65044684541357,22.9693546295166,22902600,0.0,0.0
2016-02-10 00:00:00-05:00,23.02516819848758,23.120841314401734,22.475052724167114,22.506942749023438,27267800,0.0,0.0
2016-02-11 00:00:00-05:00,22.188029420889972,22.650446072222472,22.06843919601768,22.498964309692383,28450200,0.0,0.0
2016-02-12 00:00:00-05:00,22.7780135693865,22.881659566068116,22.43518707688539,22.83382225036621,19699000,0.0,0.0
2016-02-16 00:00:00-05:00,22.9215273514649,23.08098206304857,22.610592336616854,22.945446014404297,30705200,0.0,0.0
2016-02-17 00:00:00-05:00,23.009220146713574,23.615145725648684,22.905574161533018,23.495553970336914,27691700,0.0,0.0
2016-02-18 00:00:00-05:00,23.543394425371673,23.72676624435621,23.423802654086284,23.4556941986084,20623300,0.0,0.0
2016-02-19 00:00:00-05:00,23.280291205564687,23.383935665840408,22.88962745666504,22.88962745666504,42056700,0.0,0.0
2016-02-22 00:00:00-05:00,23.208534800011506,23.551361211466094,23.120834595963455,23.399879455566406,23893100,0.0,0.0
2016-02-23 00:00:00-05:00,23.36001508497225,23.399879505384487,22.801926885250328,22.961380004882812,26638200,0.0,0.0
2016-02-24 00:00:00-05:00,22.738148647690938,23.360018490047192,22.6265297749387,23.272319793701172,21593600,0.0,0.0
2016-02-25 00:00:00-05:00,23.375964637781596,23.61514663696289,23.080975482332114,23.61514663696289,17571400,0.0,0.0
2016-02-26 00:00:00-05:00,23.82243711453421,23.98189179096673,23.67892973055194,23.758655548095703,19902200,0.0,0.0
2016-02-29 00:00:00-05:00,23.694872955830714,24.029726545304133,23.583255599563717,23.591228485107422,22903100,0.0,0.0
2016-03-01 00:00:00-05:00,23.862299184933224,24.340661646267005,23.718790294465855,24.213098526000977,25502600,0.0,0.0
2016-03-02 00:00:00-05:00,24.15728851729605,24.611733847517993,24.013781146390144,24.348634719848633,23779800,0.0,0.0
2016-03-03 00:00:00-05:00,24.819017818526522,24.99441821569743,24.348629853339954,24.38051986694336,25625200,0.0,0.0
2016-03-04 00:00:00-05:00,24.316746602406724,24.603764425968386,23.957974322954644,24.420391082763672,20356800,0.0,0.0
2016-03-07 00:00:00-05:00,24.38849661744014,24.81105038955581,24.31674217461536,24.66754150390625,18858200,0.0,0.0
2016-03-08 00:00:00-05:00,24.57984157805496,24.619704482012573,24.221069359747215,24.364578247070312,19104900,0.0,0.0
2016-03-09 00:00:00-05:00,24.579840944028845,24.74726848181118,24.45227782984815,24.611732482910156,14707800,0.0,0.0
2016-03-10 00:00:00-05:00,24.82699172285758,25.03428214215464,24.22106623275974,24.914691925048828,29584800,0.0,0.0
2016-03-11 00:00:00-05:00,25.249547972361228,25.34522106802425,25.13793062798125,25.32130241394043,22811200,0.0,0.0
2016-03-14 00:00:00-04:00,25.241576446711097,25.265495102082735,24.954558664940816,25.058204650878906,17438600,0.0,0.0
2016-03-15 00:00:00-04:00,24.986449177817516,25.23360252380371,24.763212965546973,25.23360252380371,16927700,0.0,0.0
2016-03-16 00:00:00-04:00,25.106040637909132,25.353193995998954,24.85091439463288,25.26549530029297,26298400,0.0,0.0
2016-03-17 00:00:00-04:00,25.321308969584706,25.648188202658503,25.27347316970472,25.496707916259766,22865300,0.0,0.0
2016-03-18 00:00:00-04:00,25.64021525699225,26.062767584467107,25.560489435661378,26.05479621887207,49934200,0.0,0.0
2016-03-21 00:00:00-04:00,25.69602360405296,25.847503879138095,25.472788874170636,25.783723831176758,21760900,0.0,0.0
2016-03-22 00:00:00-04:00,25.640211461853973,25.8793919317894,25.472785437033643,25.76777458190918,22200400,0.0,0.0
2016-03-23 00:00:00-04:00,25.88736367869933,25.88736367869933,25.496699952898325,25.512645721435547,18765300,0.0,0.0
2016-03-24 00:00:00-04:00,25.408999843515282,25.472781393418035,25.27346385988792,25.41697120666504,14211900,0.0,0.0
2016-03-28 00:00:00-04:00,25.409005227419986,25.512649697721113,25.20968765165654,25.43292236328125,11433000,0.0,0.0
2016-03-29 00:00:00-04:00,25.4568405548781,25.863447063817645,25.297385888910608,25.81561279296875,15313200,0.0,0.0
2016-03-30 00:00:00-04:00,25.8714197258388,26.110600187994258,25.743856609932916,26.07870864868164,16598000,0.0,0.0
2016-03-31 00:00:00-04:00,25.93520354761647,26.038849544834335,25.767777503811093,25.79169464111328,17880000,0.0,0.0
2016-04-01 00:00:00-04:00,25.727907226514123,25.8873618593355,25.5923697241455,25.871416091918945,18049700,0.0,0.0
2016-04-04 00:00:00-04:00,25.672100365463393,25.815609240954018,25.30535529246822,25.512645721435547,21581600,0.0,0.0
2016-04-05 00:00:00-04:00,25.42494947777002,25.60832128251101,25.28941346542398,25.43292236328125,20080000,0.0,0.0
2016-04-06 00:00:00-04:00,25.488725737342772,25.696016155483232,25.32927262231542,25.576427459716797,15740600,0.0,0.0
2016-04-07 00:00:00-04:00,25.424949280893838,25.432922166343328,24.994424111328193,25.15387725830078,23738200,0.0,0.0
2016-04-08 00:00:00-04:00,25.321303072285794,25.528593517718274,25.09806685704951,25.2176570892334,17031900,0.0,0.0
2016-04-11 00:00:00-04:00,25.43292166543214,25.783721014938568,25.241576980430192,25.249549865722656,19707700,0.0,0.0
2016-04-12 00:00:00-04:00,25.416975743958513,25.4648130554293,25.018340605736206,25.401031494140625,16774200,0.0,0.0
2016-04-13 00:00:00-04:00,25.48873021745518,25.656157766435296,25.47278596762043,25.616294860839844,19968100,0.0,0.0
2016-04-14 00:00:00-04:00,25.337249033828904,25.42494772706885,25.15387572104214,25.353193283081055,21620900,0.0,0.0
2016-04-15 00:00:00-04:00,25.34522538783079,25.424951207020698,25.018343142327566,25.082124710083008,28782800,0.0,0.0
2016-04-18 00:00:00-04:00,25.05820362030904,25.289411196703277,25.018339196329144,25.23360252380371,21566600,0.0,0.0
2016-04-19 00:00:00-04:00,25.273468175888222,25.36116687156093,25.034286182403235,25.193740844726562,33619300,0.0,0.0
2016-04-20 00:00:00-04:00,24.970501756547492,25.719934629730687,24.9146930873394,25.512645721435547,57629800,0.0,0.0
2016-04-21 00:00:00-04:00,25.464808531417482,25.560481616689646,25.361162562316625,25.488725662231445,28431400,0.0,0.0
2016-04-22 00:00:00-04:00,25.305360961089363,25.40103407307212,24.890780010284967,25.22563362121582,29625600,0.0,0.0
2016-04-25 00:00:00-04:00,25.002390929819935,25.114008257683473,24.874827834926734,25.026308059692383,19315700,0.0,0.0
2016-04-26 00:00:00-04:00,25.026313613739198,25.273468495533468,24.85091469950308,25.034286499023438,20976400,0.0,0.0
2016-04-27 00:00:00-04:00,24.914696460633767,25.353194510071965,24.86686066921762,25.313331604003906,20006200,0.0,0.0
2016-04-28 00:00:00-04:00,25.07414970149664,25.281438626078913,24.739296139265754,24.803077697753906,25146400,0.0,0.0
2016-04-29 00:00:00-04:00,24.603758817486046,24.611731701953385,23.99783328401828,24.141342163085938,36443700,0.0,0.0
2016-05-02 00:00:00-04:00,24.276876823027457,24.46822147770746,24.20512238743844,24.40443992614746,21086600,0.0,0.0
2016-05-03 00:00:00-04:00,24.244988713823197,24.36457894981768,23.989862471522336,24.20512580871582,27111100,0.0,0.0
2016-05-04 00:00:00-04:00,24.261411666734713,24.293577142413557,23.883458508115538,24.00408172607422,23278800,0.26,0.0
2016-05-05 00:00:00-04:00,24.02016872313652,24.140791958632747,23.923669214454947,24.044292449951172,23393300,0.0,0.0
2016-05-06 00:00:00-04:00,23.811087875066395,24.213166351666324,23.738713626573794,24.156875610351562,19632200,0.0,0.0
2016-05-09 00:00:00-04:00,24.18904507509416,24.261419335507576,23.931715053094422,23.96388053894043,16888300,0.0,0.0
2016-05-10 00:00:00-04:00,24.124711746078354,24.269460261964085,23.979963230192627,24.237293243408203,17013800,0.0,0.0
2016-05-11 00:00:00-04:00,24.253370551346457,24.325744790783965,24.100580319888664,24.172954559326172,15754200,0.0,0.0
2016-05-12 00:00:00-04:00,24.213162578726767,24.317702291477808,23.778917155436083,23.93170738220215,20826700,0.0,0.0
2016-05-13 00:00:00-04:00,24.01212279019188,24.28553622775873,23.99603928590974,24.052330017089844,19999600,0.0,0.0
2016-05-16 00:00:00-04:00,24.044294844116685,24.575038360193986,24.02821133543366,24.438331604003906,21826100,0.0,0.0
2016-05-17 00:00:00-04:00,24.58307814343974,24.58307814343974,24.012127435242085,24.108625411987305,25709900,0.0,0.0
2016-05-18 00:00:00-04:00,24.148835718006787,24.32574970917544,23.947796464211947,24.116668701171875,22469900,0.0,0.0
2016-05-19 00:00:00-04:00,23.93975818182241,24.068423200205892,23.722635388122285,23.82717514038086,21740900,0.0,0.0
2016-05-20 00:00:00-04:00,23.907584843082812,24.430286533875204,23.883461117140264,24.245330810546875,22777300,0.0,0.0
2016-05-23 00:00:00-04:00,24.30966567993164,24.51070492941928,24.229249673375033,24.30966567993164,20881900,0.0,0.0
2016-05-24 00:00:00-04:00,24.526790020009965,25.025368065783983,24.48658278104129,24.97711753845215,23699200,0.0,0.0
2016-05-25 00:00:00-04:00,25.08970392024239,25.387241209498534,25.049495142094223,25.24249267578125,18359600,0.0,0.0
2016-05-26 00:00:00-04:00,25.32289695739746,25.435478416398215,25.25052272409488,25.32289695739746,12692300,0.0,0.0
2016-05-27 00:00:00-04:00,25.41136472139949,25.451571962962763,25.290741462901725,25.387239456176758,13341300,0.0,0.0
2016-05-31 00:00:00-04:00,25.338985909916282,25.451567393125764,25.17815390492473,25.403318405151367,23040200,0.0,0.0
2016-06-01 00:00:00-04:00,25.42744259863948,25.507857063951914,25.30681783305561,25.45960807800293,17753500,0.0,0.0
2016-06-02 00:00:00-04:00,25.379189911855025,25.540021896362305,25.29073370080275,25.540021896362305,14140100,0.0,0.0
2016-06-03 00:00:00-04:00,25.523938607787976,25.523938607787976,25.25052515208945,25.427440643310547,15777500,0.0,0.0
2016-06-06 00:00:00-04:00,25.443523829441787,25.588272316875234,25.395274844899827,25.475690841674805,15139600,0.0,0.0
2016-06-07 00:00:00-04:00,25.531986366046656,25.7491091379033,25.49177912702484,25.636526107788086,19339100,0.0,0.0
2016-06-08 00:00:00-04:00,25.57218942945899,25.73302142690016,25.564149210013774,25.644563674926758,12732100,0.0,0.0
2016-06-09 00:00:00-04:00,25.475691507895437,25.73302147725881,25.475691507895437,25.684772491455078,11276800,0.0,0.0
2016-06-10 00:00:00-04:00,25.49177474416141,25.926020213213807,25.451565978244936,25.765188217163086,35749100,0.0,0.0
2016-06-13 00:00:00-04:00,25.77323201175714,26.135103286165634,25.765191791266112,25.86972999572754,23004800,0.0,0.0
2016-06-14 00:00:00-04:00,25.741062680193327,25.926021478629117,25.564150236756323,25.845603942871094,18754300,0.0,0.0
2016-06-15 00:00:00-04:00,25.934063061614903,25.942103281805675,25.403319568174844,25.419403076171875,23783300,0.0,0.0
2016-06-16 00:00:00-04:00,25.282691109103922,25.548062801068433,25.105775625255962,25.48373031616211,18547900,0.0,0.0
2016-06-17 00:00:00-04:00,25.51589663854397,25.580229125585387,25.306815672207495,25.540021896362305,27047900,0.0,0.0
2016-06-20 00:00:00-04:00,25.78931552035481,26.086852760372633,25.74106499456181,25.86972999572754,21961600,0.0,0.0
2016-06-21 00:00:00-04:00,25.942102108805845,26.038603152424628,25.805396898435585,25.990352630615234,15476500,0.0,0.0
2016-06-22 00:00:00-04:00,25.974266796865862,26.23964004162538,25.93405956610035,25.96622657775879,18304800,0.0,0.0
2016-06-23 00:00:00-04:00,26.199436228936335,26.53718069256814,26.1351021972262,26.52914047241211,22048800,0.0,0.0
2016-06-24 00:00:00-04:00,25.57219020646518,25.990352185471906,25.250527735616796,25.371150970458984,38094300,0.0,0.0
2016-06-27 00:00:00-04:00,25.258573646147433,25.258573646147433,24.478541834237205,24.703704833984375,34965100,0.0,0.0
2016-06-28 00:00:00-04:00,24.904741886971546,25.08969916377306,24.776076888905656,25.08165740966797,23693900,0.0,0.0
2016-06-29 00:00:00-04:00,25.210323895353465,25.71694216340665,25.178156877034986,25.676734924316406,22771100,0.0,0.0
2016-06-30 00:00:00-04:00,25.733019799325984,26.44067870273965,25.708894541093414,26.376344680786133,34528900,0.0,0.0
2016-07-01 00:00:00-04:00,26.247685726977288,26.448724990287612,26.11098050038181,26.336143493652344,17084600,0.0,0.0
2016-07-05 00:00:00-04:00,26.135095815669345,26.320051510251087,26.10292880766868,26.279844284057617,20107200,0.0,0.0
2016-07-06 00:00:00-04:00,26.376345626298665,26.537177619332798,26.038601201780597,26.51305389404297,21070200,0.0,0.0
2016-07-07 00:00:00-04:00,26.50501238024089,26.97946510424151,26.50501238024089,26.69801139831543,26119400,0.0,0.0
2016-07-08 00:00:00-04:00,27.059883489219988,27.341337203979492,26.939258715685675,27.341337203979492,23341900,0.0,0.0
2016-07-11 00:00:00-04:00,27.373503852063,27.743415320103352,27.373503852063,27.64691734313965,23820700,0.0,0.0
2016-07-12 00:00:00-04:00,27.751462161532675,28.121376785450344,27.727338428439648,28.09724998474121,28064100,0.0,0.0
2016-07-13 00:00:00-04:00,28.177668366357175,28.346540638186568,28.0490033400658,28.153541564941406,29120900,0.0,0.0
2016-07-14 00:00:00-04:00,28.250033266518773,28.386738469534297,28.113324995888064,28.306324005126953,25296400,0.0,0.0
2016-07-15 00:00:00-04:00,28.354572850843375,28.378699645443977,28.065078924174177,28.201784133911133,23661900,0.0,0.0
2016-07-18 00:00:00-04:00,28.290234978266618,28.30631848153265,28.10527929212917,28.185693740844727,19347200,0.0,0.0
2016-07-19 00:00:00-04:00,28.057030791434272,28.274153499651465,28.024863782598807,28.26611328125,20395400,0.0,0.0
2016-07-20 00:00:00-04:00,28.386751842328422,28.893371796082228,28.193755809785674,28.70037269592285,42994200,0.0,0.0
2016-07-21 00:00:00-04:00,27.606706937646237,27.735371914692017,27.228752225492688,27.558456420898438,63708600,0.0,0.0
2016-07-22 00:00:00-04:00,27.646914992253592,27.904244954018985,27.55041395588023,27.87207794189453,33033700,0.0,0.0
2016-07-25 00:00:00-04:00,27.83991515614388,27.952496648055334,27.799707918692018,27.89620590209961,20277700,0.0,0.0
2016-07-26 00:00:00-04:00,27.94445530656566,28.33045029232667,27.90424807072679,28.21786880493164,29644400,0.0,0.0
2016-07-27 00:00:00-04:00,28.145498109846628,28.37066111308833,27.847960845903543,28.008792877197266,23601800,0.0,0.0
2016-07-28 00:00:00-04:00,28.00878938779745,28.00878938779745,27.759499616968487,27.960538864135742,21667400,0.0,0.0
2016-07-29 00:00:00-04:00,27.960538956084974,28.081160664212717,27.82383067240163,28.032913208007812,18171200,0.0,0.0
2016-08-01 00:00:00-04:00,28.000746190721998,28.0731204426412,27.791666722741788,28.024869918823242,18824400,0.0,0.0
2016-08-02 00:00:00-04:00,27.992703352551313,28.04095080424147,27.606708400954112,27.791664123535156,20057300,0.0,0.0
2016-08-03 00:00:00-04:00,27.629618607072693,27.775464354981974,27.540493397456192,27.751157760620117,18388800,0.26,0.0
2016-08-04 00:00:00-04:00,27.783563516079422,28.050945277609063,27.72684607906197,28.018537521362305,16362600,0.0,0.0
2016-08-05 00:00:00-04:00,28.196799878063917,28.46418481466283,28.115775825629413,28.3426456451416,20046200,0.0,0.0
2016-08-08 00:00:00-04:00,28.277813846098688,28.496579303917994,28.245403003878035,28.39124870300293,19497300,0.0,0.0
2016-08-09 00:00:00-04:00,28.391259893477585,28.488489367594706,28.22920870936955,28.29402732849121,12578900,0.0,0.0
2016-08-10 00:00:00-04:00,28.358839404001312,28.358839404001312,27.953713126801293,27.97801971435547,19579000,0.0,0.0
2016-08-11 00:00:00-04:00,28.0833524551468,28.148174140907244,27.94561100920801,28.099557876586914,16364100,0.0,0.0
2016-08-12 00:00:00-04:00,27.969921183658748,28.16438008414728,27.905099489583577,28.010433197021484,15708300,0.0,0.0
2016-08-15 00:00:00-04:00,28.115770670713015,28.488486188966956,28.05905322623389,28.28592300415039,18931100,0.0,0.0
2016-08-16 00:00:00-04:00,28.172483571501388,28.528993606567383,28.172483571501388,28.528993606567383,16320900,0.0,0.0
2016-08-17 00:00:00-04:00,28.496583724595105,28.528994571843654,28.17248452471517,28.37504768371582,18221600,0.0,0.0
2016-08-18 00:00:00-04:00,28.32643134152889,28.43176504938723,28.15627903020516,28.334535598754883,16085200,0.0,0.0
2016-08-19 00:00:00-04:00,28.22919671963459,28.577605535683585,28.14817270742838,28.553298950195312,16417600,0.0,0.0
2016-08-22 00:00:00-04:00,28.520897175582174,28.72346036135922,28.456075472516435,28.650537490844727,14941400,0.0,0.0
2016-08-23 00:00:00-04:00,28.76396162975067,28.91790848069046,28.601910523522186,28.682937622070312,18316000,0.0,0.0
2016-08-24 00:00:00-04:00,28.618116724909438,28.69103957016069,28.37504160436122,28.480375289916992,16343500,0.0,0.0
2016-08-25 00:00:00-04:00,28.39935375600343,28.537098308864444,28.277817717339722,28.431764602661133,12428000,0.0,0.0
2016-08-26 00:00:00-04:00,28.447962057513184,28.828781671899787,28.39934580114439,28.56949806213379,14469900,0.0,0.0
2016-08-29 00:00:00-04:00,28.747762163703037,28.901709046525227,28.48038041028887,28.804479598999023,15264300,0.0,0.0
2016-08-30 00:00:00-04:00,28.836885679834126,28.958424787308847,28.780168253910695,28.926013946533203,15183200,0.0,0.0
2016-08-31 00:00:00-04:00,28.86119890948008,29.08807175627294,28.828791152111336,29.079967498779297,20562700,0.0,0.0
2016-09-01 00:00:00-04:00,29.160992330841587,29.201504342524622,28.828788889651303,29.185298919677734,18925800,0.0,0.0
2016-09-02 00:00:00-04:00,29.339244027468016,29.436476558673643,29.128579724925526,29.23391342163086,16726700,0.0,0.0
2016-09-06 00:00:00-04:00,29.47699259119057,29.655246074327472,29.306837183790492,29.630939483642578,22337800,0.0,0.0
2016-09-07 00:00:00-04:00,29.695757137043774,29.695757137043774,29.476988578058062,29.541807174682617,18495600,0.0,0.0
2016-09-08 00:00:00-04:00,29.452677583613198,29.647139546532976,29.26631987670193,29.52560043334961,20356500,0.0,0.0
2016-09-09 00:00:00-04:00,29.25011769846943,29.485091694878868,28.715351104736328,28.715351104736328,29457900,0.0,0.0
2016-09-12 00:00:00-04:00,28.51278605742929,29.26632117449789,28.407455451592135,29.23391342163086,22796600,0.0,0.0
2016-09-13 00:00:00-04:00,28.966532794290874,29.071866506258782,28.61812390082432,28.853097915649414,23591300,0.0,0.0
2016-09-14 00:00:00-04:00,28.77207204102822,29.023251490950585,28.682946840283602,28.8612003326416,14074500,0.0,0.0
2016-09-15 00:00:00-04:00,28.958439484624872,29.69576948671546,28.796388289368483,29.622846603393555,23736000,0.0,0.0
2016-09-16 00:00:00-04:00,30.562726173696184,30.830107899184018,30.181906498595843,30.5222110748291,74577900,0.0,0.0
2016-09-19 00:00:00-04:00,30.538426519574532,30.80581142369196,30.05227608228533,30.108993530273438,30531700,0.0,0.0
2016-09-20 00:00:00-04:00,30.319646962341,30.327751218199268,29.930726134579746,30.092777252197266,24796900,0.0,0.0
2016-09-21 00:00:00-04:00,30.149497828724236,30.352060974186024,29.865910661425055,30.34395980834961,21233700,0.0,0.0
2016-09-22 00:00:00-04:00,30.465495989387364,30.651856804083376,30.335855699295564,30.424983978271484,17013400,0.0,0.0
2016-09-23 00:00:00-04:00,30.343958638551857,30.506009766847676,30.07657381323353,30.133291244506836,18062500,0.0,0.0
2016-09-26 00:00:00-04:00,29.91452045729294,29.930725878002573,29.65523990767475,29.695755004882812,25518800,0.0,0.0
2016-09-27 00:00:00-04:00,29.898315325876926,30.15759585119964,29.679546803098194,30.125185012817383,22391600,0.0,0.0
2016-09-28 00:00:00-04:00,30.230528675480752,30.38447557233452,30.100888370006874,30.335859298706055,19020800,0.0,0.0
2016-09-29 00:00:00-04:00,30.376376776077695,30.40878453682376,29.979351570966355,30.238632202148438,17675000,0.0,0.0
2016-09-30 00:00:00-04:00,30.360173963115162,30.72478525712161,30.33586427687732,30.58704376220703,24279300,0.0,0.0
2016-10-03 00:00:00-04:00,30.538417152333565,30.749084543843555,30.408776869430554,30.514110565185547,14113600,0.0,0.0
2016-10-04 00:00:00-04:00,30.60324311551076,30.740984583087464,30.246733060428195,30.416885375976562,14393100,0.0,0.0
2016-10-05 00:00:00-04:00,30.587045445804943,31.04078815983317,30.497917136721778,30.78150749206543,22420800,0.0,0.0
2016-10-06 00:00:00-04:00,30.659967141082575,30.919247798823164,30.449302765744314,30.846324920654297,15171400,0.0,0.0
2016-10-07 00:00:00-04:00,30.854424115646076,30.967858998430714,30.611345834400435,30.87062644958496,16942500,0.0,0.0
2016-10-10 00:00:00-04:00,30.992155263795546,31.081283525106077,30.708568151323586,30.805797576904297,14954300,0.0,0.0
2016-10-11 00:00:00-04:00,30.716675558115735,30.789598414838242,29.833500111529062,30.1981143951416,27650500,0.0,0.0
2016-10-12 00:00:00-04:00,30.141392260380663,30.1819042653821,29.825394294154446,30.084674835205078,14053900,0.0,0.0
2016-10-13 00:00:00-04:00,29.857796032466155,30.084668778360832,29.541798129858723,29.955028533935547,16936000,0.0,0.0
2016-10-14 00:00:00-04:00,30.133292406183095,30.546522953811397,30.10898581780554,30.34395980834961,19123900,0.0,0.0
2016-10-17 00:00:00-04:00,30.424993141640375,30.56273772996212,30.173816742551896,30.21432876586914,15788100,0.0,0.0
2016-10-18 00:00:00-04:00,30.76530037056161,30.830118988501063,30.408787153852447,30.58704376220703,42907800,0.0,0.0
2016-10-19 00:00:00-04:00,29.225810585418504,29.24201600807357,28.545198288247374,28.77206802368164,75229000,0.0,0.0
2016-10-20 00:00:00-04:00,28.69104898432042,28.90171333368769,28.439869525844678,28.70725440979004,25669500,0.0,0.0
2016-10-21 00:00:00-04:00,28.528988459505925,28.682938405518485,28.204889329064248,28.480375289916992,20813200,0.0,0.0
2016-10-24 00:00:00-04:00,28.707242576411588,28.755858832780387,28.447962057513184,28.56949806213379,21524700,0.0,0.0
2016-10-25 00:00:00-04:00,28.472277867736427,28.561406154530676,28.366944156900626,28.43986701965332,17860300,0.0,0.0
2016-10-26 00:00:00-04:00,28.391259893477585,28.5290013909044,28.14818466275016,28.29402732849121,19977600,0.0,0.0
2016-10-27 00:00:00-04:00,28.439862085498913,28.54519577805992,28.15627494114397,28.204891204833984,14634700,0.0,0.0
2016-10-28 00:00:00-04:00,28.253502975003823,28.49657809965026,28.123862702467864,28.14817237854004,22296400,0.0,0.0
2016-10-31 00:00:00-04:00,28.294023446584504,28.423666848779412,28.229204836355876,28.253511428833008,19188600,0.0,0.0
2016-11-01 00:00:00-04:00,28.277819904737466,28.488484242571325,27.767359848432175,27.96992301940918,25368200,0.0,0.0
2016-11-02 00:00:00-04:00,28.03474235534668,28.27782063953038,27.929411729127107,28.03474235534668,21416400,0.0,0.0
2016-11-03 00:00:00-04:00,28.124545456283517,28.181692322913708,27.651039287895454,27.700023651123047,19400000,0.26,0.0
2016-11-04 00:00:00-04:00,27.373471152511755,27.700027389560223,27.28366803160987,27.438783645629883,21914700,0.0,0.0
2016-11-07 00:00:00-05:00,27.953093414011743,28.369449431066855,27.87961845638209,28.320465087890625,19296600,0.0,0.0
2016-11-08 00:00:00-05:00,28.246993165003218,28.53273052615895,28.15719319760313,28.361289978027344,14833100,0.0,0.0
2016-11-09 00:00:00-05:00,27.86329614306635,28.451092812212153,27.487755662400655,28.369455337524414,25999400,0.0,0.0
2016-11-10 00:00:00-05:00,28.532736306461086,28.532736306461086,27.781658382922664,28.165361404418945,28249900,0.0,0.0
2016-11-11 00:00:00-05:00,28.222508860500767,28.46742442893661,28.034740154224274,28.255165100097656,22665000,0.0,0.0
2016-11-14 00:00:00-05:00,28.214345068983924,28.3531294095258,27.92044515457728,28.149032592773438,22558900,0.0,0.0
2016-11-15 00:00:00-05:00,28.27965895229318,28.810312006398565,28.25516832693381,28.500083923339844,20676100,0.0,0.0
2016-11-16 00:00:00-05:00,28.491916485412656,28.508241489977888,28.1980165749147,28.44293212890625,18565500,0.0,0.0
2016-11-17 00:00:00-05:00,28.41844321763917,28.58988380432129,28.27149325354866,28.58988380432129,15748500,0.0,0.0
2016-11-18 00:00:00-05:00,28.491924702254142,28.573562205704846,28.2796622104485,28.532743453979492,16806900,0.0,0.0
2016-11-21 00:00:00-05:00,28.655199436487685,28.736840053432672,28.442940060972923,28.557233810424805,14259500,0.0,0.0
2016-11-22 00:00:00-05:00,28.720507995245807,28.981751705136368,28.663361128349162,28.965423583984375,22327400,0.0,0.0
2016-11-23 00:00:00-05:00,28.965415252175937,28.998071485086466,28.655187268065475,28.736827850341797,15843100,0.0,0.0
2016-11-25 00:00:00-05:00,28.6633578706327,28.940929670128003,28.6633578706327,28.932764053344727,6372800,0.0,0.0
2016-11-28 00:00:00-05:00,28.92459505543798,29.11236371377327,28.744988897782644,28.989904403686523,13549000,0.0,0.0
2016-11-29 00:00:00-05:00,29.09603961275462,29.09603961275462,28.79397721760422,28.82663345336914,19581000,0.0,0.0
2016-11-30 00:00:00-05:00,28.736831700037676,28.81846917898069,28.328638076782227,28.328638076782227,27016100,0.0,0.0
2016-12-01 00:00:00-05:00,28.459257468439397,28.516404321647514,27.3979547619416,27.561229705810547,29618700,0.0,0.0
2016-12-02 00:00:00-05:00,27.528585146432473,27.96943199195099,27.430616412520894,27.887794494628906,21492500,0.0,0.0
2016-12-05 00:00:00-05:00,28.010248346580035,28.10004833026652,27.73267655029105,28.075557708740234,14462000,0.0,0.0
2016-12-06 00:00:00-05:00,28.07555759564269,28.36945750985537,28.002082617089517,28.344966888427734,15297700,0.0,0.0
2016-12-07 00:00:00-05:00,28.304149365896183,29.038899263888055,28.12454625748653,28.981752395629883,21710300,0.0,0.0
2016-12-08 00:00:00-05:00,28.965420958522994,29.414433349556443,28.753161631327863,29.14502716064453,19966500,0.0,0.0
2016-12-09 00:00:00-05:00,29.18585299824445,29.30831236842107,29.055231123382594,29.194015502929688,16326900,0.0,0.0
2016-12-12 00:00:00-05:00,29.210340029085256,29.463421242954766,29.120536917251858,29.365455627441406,21985800,0.0,0.0
2016-12-13 00:00:00-05:00,29.398107811230943,30.116529568528836,29.332798441078772,30.043054580688477,35773600,0.0,0.0
2016-12-14 00:00:00-05:00,29.96140851962188,30.116520954353586,29.765474236666766,29.83894920349121,30819400,0.0,0.0
2016-12-15 00:00:00-05:00,29.994074288956927,30.336955500308502,29.822630569010375,30.034893035888672,23721500,0.0,0.0
2016-12-16 00:00:00-05:00,29.97773733155118,30.100193536253098,29.463412551847547,29.64301872253418,38212800,0.0,0.0
2016-12-19 00:00:00-05:00,29.667518914721324,30.16551573832089,29.61037204456441,30.116531372070312,18744300,0.0,0.0
2016-12-20 00:00:00-05:00,30.165504468921824,30.402257479279154,30.116520120971096,30.377763748168945,18551800,0.0,0.0
2016-12-21 00:00:00-05:00,30.41042546821077,30.492062948591826,30.13285367493683,30.190000534057617,14323600,0.0,0.0
2016-12-22 00:00:00-05:00,30.394102686432873,30.402268304467,30.051221471498785,30.149187088012695,10793900,0.0,0.0
2016-12-23 00:00:00-05:00,30.149180845076344,30.189999583982313,30.018559012015157,30.18183708190918,6287300,0.0,0.0
2016-12-27 00:00:00-05:00,30.13285737955722,30.47574169070739,30.13285737955722,30.263479232788086,9033700,0.0,0.0
2016-12-28 00:00:00-05:00,30.287966253863612,30.369606848839712,29.863447617068957,29.904266357421875,12868600,0.0,0.0
2016-12-29 00:00:00-05:00,29.806299279166456,29.97774298088965,29.740989913871783,29.92875862121582,8447300,0.0,0.0
2016-12-30 00:00:00-05:00,30.034888577762455,30.043051080228924,29.553219961212864,29.610366821289062,17468000,0.0,0.0
2017-01-03 00:00:00-05:00,29.88794543427253,30.14918917255277,29.6103735730659,29.879779815673828,20196500,0.0,0.0
2017-01-04 00:00:00-05:00,29.969582204848933,30.018566572435297,29.667519723743695,29.724666595458984,15915700,0.0,0.0
2017-01-05 00:00:00-05:00,29.757313117095205,29.977738027801976,29.643019411010936,29.67567253112793,13986000,0.0,0.0
2017-01-06 00:00:00-05:00,29.87161578220928,29.94509077448133,29.54505956893998,29.78181266784668,15114000,0.0,0.0
2017-01-09 00:00:00-05:00,29.781800630175074,30.116519212062453,29.781800630175074,29.88793182373047,19461400,0.0,0.0
2017-01-10 00:00:00-05:00,29.838959699388557,30.149187792244927,29.82263157720971,29.83079719543457,15918800,0.0,0.0
2017-01-11 00:00:00-05:00,29.806294017261962,30.20632509830201,29.806294017261962,30.16550636291504,22398400,0.0,0.0
2017-01-12 00:00:00-05:00,30.067546510045233,30.067546510045233,29.651187232582416,29.96957778930664,20391900,0.0,0.0
2017-01-13 00:00:00-05:00,29.969580549381266,30.09203990444727,29.89610555919582,30.034893035888672,15072200,0.0,0.0
2017-01-17 00:00:00-05:00,29.936923350636697,30.067548319482373,29.871613980484526,30.043054580688477,20195200,0.0,0.0
2017-01-18 00:00:00-05:00,30.116528182565077,30.214493790420285,29.887940726146077,30.01039695739746,15382500,0.0,0.0
2017-01-19 00:00:00-05:00,29.806299377347433,30.132855547707777,29.806299377347433,29.855283737182617,13654500,0.0,0.0
2017-01-20 00:00:00-05:00,30.01038536919718,30.23081023745951,29.863438571291617,30.15733528137207,23950900,0.0,0.0
2017-01-23 00:00:00-05:00,30.263489429026254,30.377783199826776,29.83896748443026,30.018573760986328,27752600,0.0,0.0
2017-01-24 00:00:00-05:00,30.075712704868845,30.810462629248967,30.05122207881313,30.712493896484375,35140900,0.0,0.0
2017-01-25 00:00:00-05:00,30.916592445340605,31.022723687847552,30.630858078134633,30.859445571899414,32276400,0.0,0.0
2017-01-26 00:00:00-05:00,30.87576870533783,30.95740619298361,30.549212526213655,30.663509368896484,34144800,0.0,0.0
2017-01-27 00:00:00-05:00,31.022706287691854,31.39008106395259,30.867593877390338,31.006378173828125,44368600,0.0,0.0
2017-01-30 00:00:00-05:00,30.81045445785946,30.89209193257429,30.475735828696607,30.54920768737793,23954700,0.0,0.0
2017-01-31 00:00:00-05:00,30.38593766533916,30.508393897268935,29.91243151525319,30.05938148498535,27059100,0.0,0.0
2017-02-01 00:00:00-05:00,30.05938205924946,30.1655132870326,29.406272800335174,29.81446647644043,28380600,0.0,0.0
2017-02-02 00:00:00-05:00,29.602193708221183,29.961406011186543,29.553212477285555,29.945077896118164,31916900,0.0,0.0
2017-02-03 00:00:00-05:00,30.167082626234073,30.27397150903921,29.96975268190465,30.027307510375977,21038100,0.26,0.0
2017-02-06 00:00:00-05:00,30.019080565251432,30.019080565251432,29.723085678677993,29.82175064086914,21427000,0.0,0.0
2017-02-07 00:00:00-05:00,29.969747059587647,30.0273018772617,29.79708260656548,29.887523651123047,18581900,0.0,0.0
2017-02-08 00:00:00-05:00,29.87930774429532,30.134195647289918,29.71486403708922,29.91219711303711,20807400,0.0,0.0
2017-02-09 00:00:00-05:00,30.01086661619131,30.01086661619131,29.10643079468824,29.15576171875,47802700,0.0,0.0
2017-02-10 00:00:00-05:00,28.99131392841379,29.131092178863256,28.645984962308408,29.057092666625977,44106500,0.0,0.0
2017-02-13 00:00:00-05:00,29.246203095357846,29.476422416022057,29.057093919597527,29.435312271118164,28180600,0.0,0.0
2017-02-14 00:00:00-05:00,29.468200575749396,29.56686554725054,29.213312668159983,29.542200088500977,25734800,0.0,0.0
2017-02-15 00:00:00-05:00,29.583306690037016,29.64908542083097,29.328418812964223,29.64086151123047,18452200,0.0,0.0
2017-02-16 00:00:00-05:00,29.74775756828181,30.060200342041625,29.681978821594154,29.936866760253906,21317500,0.0,0.0
2017-02-17 00:00:00-05:00,29.862870448931314,29.99442481994629,29.681982012596873,29.99442481994629,18909900,0.0,0.0
2017-02-21 00:00:00-05:00,30.035528284513486,30.134196393181114,29.87108770973994,30.027307510375977,20556000,0.0,0.0
2017-02-22 00:00:00-05:00,29.87930902964258,29.928643084877514,29.42709116774944,29.657310485839844,29904400,0.0,0.0
2017-02-23 00:00:00-05:00,29.797083374964252,29.846414284812816,29.517530051980227,29.74774932861328,22775000,0.0,0.0
2017-02-24 00:00:00-05:00,29.71486655914036,30.03553009033203,29.55864674911196,30.03553009033203,18617600,0.0,0.0
2017-02-27 00:00:00-05:00,29.945073998009246,30.15885169159795,29.821743608479018,30.019073486328125,14065200,0.0,0.0
2017-02-28 00:00:00-05:00,29.94508931641175,29.977978691711773,29.599760285271906,29.764204025268555,24977000,0.0,0.0
2017-03-01 00:00:00-05:00,29.47642134983162,29.681975203419018,29.139313155408406,29.542200088500977,34085900,0.0,0.0
2017-03-02 00:00:00-05:00,29.542203429813416,29.61620295093456,29.311984091437953,29.525758743286133,23602100,0.0,0.0
2017-03-03 00:00:00-05:00,29.550414759975826,29.67374830125918,29.328416267567135,29.517528533935547,17538100,0.0,0.0
2017-03-06 00:00:00-05:00,29.427090866377984,29.435311640581464,29.122868900299324,29.24620246887207,24416700,0.0,0.0
2017-03-07 00:00:00-05:00,29.22153763571611,29.435312271118164,29.09820406450142,29.435312271118164,23434900,0.0,0.0
2017-03-08 00:00:00-05:00,29.32842360651788,29.517535920208502,29.213313945316997,29.28731346130371,20920100,0.0,0.0
2017-03-09 00:00:00-05:00,29.270869026734303,29.550422407690327,29.188648735601436,29.451757431030273,23616800,0.0,0.0
2017-03-10 00:00:00-05:00,29.698423247067726,29.846422289310024,29.41886984911042,29.525758743286133,25402300,0.0,0.0
2017-03-13 00:00:00-04:00,29.476427198179728,29.63265016526383,28.72821114812994,28.909099578857422,53582900,0.0,0.0
2017-03-14 00:00:00-04:00,28.826874043554565,28.966649160835498,28.497986617653744,28.925539016723633,28586900,0.0,0.0
2017-03-15 00:00:00-04:00,28.728209738638334,28.91731893580084,28.51443507904261,28.859764099121094,27996100,0.0,0.0
2017-03-16 00:00:00-04:00,28.91731797320884,29.07354092742787,28.835097676832802,28.89265251159668,19616100,0.0,0.0
2017-03-17 00:00:00-04:00,29.03242588188598,29.048870565687857,28.859758270217643,28.999536514282227,30778900,0.0,0.0
2017-03-20 00:00:00-04:00,29.081765634529834,29.295543452417053,28.991321414385524,29.131099700927734,17322300,0.0,0.0
2017-03-21 00:00:00-04:00,29.262650340592067,29.27087111569082,28.777543060680465,28.81043243408203,22814500,0.0,0.0
2017-03-22 00:00:00-04:00,28.958435665205805,29.155765661142077,28.777547221844443,29.08176612854004,19144500,0.0,0.0
2017-03-23 00:00:00-04:00,29.18042489960014,29.18042489960014,28.793982671512865,28.999536514282227,20640400,0.0,0.0
2017-03-24 00:00:00-04:00,29.31198659188585,29.3777622071027,28.876210202997243,28.909099578857422,22188000,0.0,0.0
2017-03-27 00:00:00-04:00,28.835089301228525,29.188642118656382,28.728200437784622,29.09819793701172,16992200,0.0,0.0
2017-03-28 00:00:00-04:00,29.057095561260375,29.36131441454051,28.950206669268855,29.270870208740234,18398100,0.0,0.0
2017-03-29 00:00:00-04:00,29.205092324848803,29.353091352534925,29.13931358520922,29.24620246887207,17202600,0.0,0.0
2017-03-30 00:00:00-04:00,29.254418569627557,29.509303276427904,29.205084528068408,29.394193649291992,16433000,0.0,0.0
2017-03-31 00:00:00-04:00,29.394201797592817,29.805309515041667,29.38598102330515,29.657310485839844,21438400,0.0,0.0
2017-04-03 00:00:00-04:00,29.755971532160064,30.208192470865164,29.698416710234422,29.731306076049805,32013600,0.0,0.0
2017-04-04 00:00:00-04:00,29.698418884435224,29.91219664138317,29.591533142464037,29.829973220825195,18918000,0.0,0.0
2017-04-05 00:00:00-04:00,29.95330602985989,30.224635469618256,29.739528278290063,29.780641555786133,22455500,0.0,0.0
2017-04-06 00:00:00-04:00,29.706643588771346,29.829974018150626,29.624420166015625,29.624420166015625,20198200,0.0,0.0
2017-04-07 00:00:00-04:00,29.657309535117914,29.862863387252915,29.591533933416205,29.624420166015625,15689500,0.0,0.0
2017-04-10 00:00:00-04:00,29.616200672498906,29.67375550266496,29.279092465882165,29.435312271118164,19973700,0.0,0.0
2017-04-11 00:00:00-04:00,29.410640338246118,29.42708501988883,28.95019866175709,29.385974884033203,22711800,0.0,0.0
2017-04-12 00:00:00-04:00,29.492862143531216,29.60797178451338,29.188643358578,29.2955322265625,19289800,0.0,0.0
2017-04-13 00:00:00-04:00,29.22975918150351,29.402423676558488,28.983095169067383,28.983095169067383,15764000,0.0,0.0
2017-04-17 00:00:00-04:00,29.13931369402224,29.26264726305554,29.04887263143449,29.172203063964844,12560700,0.0,0.0
2017-04-18 00:00:00-04:00,29.131087398035366,29.443530080261212,29.024198534233985,29.410640716552734,12321100,0.0,0.0
2017-04-19 00:00:00-04:00,29.575092802867978,29.78064667970414,29.50931405675885,29.525758743286133,16594600,0.0,0.0
2017-04-20 00:00:00-04:00,29.74774932861328,29.821748829888534,29.48464068774625,29.74774932861328,22968300,0.0,0.0
2017-04-21 00:00:00-04:00,29.764204272479233,29.945089565124796,29.47642694096906,29.862869262695312,20390500,0.0,0.0
2017-04-24 00:00:00-04:00,30.150634765741415,30.29863377665146,29.977970298513895,30.216413497924805,26305800,0.0,0.0
2017-04-25 00:00:00-04:00,30.2328641624039,30.42197335009165,30.14241995600906,30.31508445739746,22066800,0.0,0.0
2017-04-26 00:00:00-04:00,30.241090151571917,30.611087815845583,30.241090151571917,30.364423751831055,27241000,0.0,0.0
2017-04-27 00:00:00-04:00,30.31508236432277,30.833078969226612,30.241082849336507,30.775524139404297,39890000,0.0,0.0
2017-04-28 00:00:00-04:00,29.681970223072362,30.00263681552639,29.501084995088206,29.72308349609375,56769300,0.0,0.0
2017-05-01 00:00:00-04:00,29.69019346710183,29.9286366446734,29.550415242265903,29.854637145996094,24825600,0.0,0.0
2017-05-02 00:00:00-04:00,29.90397340987437,30.44663545186388,29.887528725389494,30.39730453491211,35813000,0.0,0.0
2017-05-03 00:00:00-04:00,30.41635653516045,30.78910346224256,30.333521427047316,30.63172149658203,22040300,0.273,0.0
2017-05-04 00:00:00-04:00,30.640009384111945,30.739408363084497,30.350091219006856,30.52404022216797,16437100,0.0,0.0
2017-05-05 00:00:00-04:00,30.532317692784606,30.59030067936575,30.234117670461128,30.499183654785156,18119200,0.0,0.0
2017-05-08 00:00:00-04:00,30.424643496810816,30.524042483146054,30.21756043204093,30.267261505126953,17660200,0.0,0.0
2017-05-09 00:00:00-04:00,30.217547526632696,30.441197520247425,30.051880513603034,30.12643051147461,17819100,0.0,0.0
2017-05-10 00:00:00-04:00,30.04360757021874,30.134724612627807,29.76197451178908,29.82823944091797,25133800,0.0,0.0
2017-05-11 00:00:00-04:00,29.745409297309326,29.81995932200781,29.36437724211112,29.563175201416016,21508900,0.0,0.0
2017-05-12 00:00:00-04:00,29.588022474806028,29.60458949534339,29.32295646588041,29.43063735961914,19730800,0.0,0.0
2017-05-15 00:00:00-04:00,29.430647915089253,29.588033086723232,29.339530849372153,29.51348304748535,22120100,0.0,0.0
2017-05-16 00:00:00-04:00,29.612877287087816,29.728843293966875,29.339526133870002,29.670860290527344,22291800,0.0,0.0
2017-05-17 00:00:00-04:00,29.546610155271857,29.811679385143076,29.00819608294305,29.024763107299805,26670200,0.0,0.0
2017-05-18 00:00:00-04:00,29.14900843570234,29.38094359605665,29.057894549667864,29.173860549926758,17171900,0.0,0.0
2017-05-19 00:00:00-04:00,29.11587307093057,29.447203997868165,29.099306050608284,29.322956085205078,18340100,0.0,0.0
2017-05-22 00:00:00-04:00,29.389217558833504,29.911067578338017,29.306385626775622,29.62943458557129,14638100,0.0,0.0
2017-05-23 00:00:00-04:00,29.71227477520115,29.81167691309903,29.455493818556302,29.70399284362793,16903700,0.0,0.0
2017-05-24 00:00:00-04:00,29.80339130078721,29.969058367884955,29.72884127858505,29.919357299804688,20640600,0.0,0.0
2017-05-25 00:00:00-04:00,29.91935999456608,30.14301008131616,29.86966208184613,30.03532600402832,13148500,0.0,0.0
2017-05-26 00:00:00-04:00,30.03532600402832,30.09331216859621,29.92764508657725,30.03532600402832,11145500,0.0,0.0
2017-05-30 00:00:00-04:00,30.043612838415996,30.184427812404763,29.894512771935563,29.96906280517578,13026900,0.0,0.0
2017-05-31 00:00:00-04:00,30.076742660377562,30.134725660319877,29.712274478069858,29.911075592041016,17741900,0.0,0.0
2017-06-01 00:00:00-04:00,29.919357299804688,29.92764239106964,29.654291256382887,29.919357299804688,17510900,0.0,0.0
2017-06-02 00:00:00-04:00,30.043600284968175,30.093301339640163,29.819950278697664,30.08501625061035,19127400,0.0,0.0
2017-06-05 00:00:00-04:00,30.06845706515016,30.234124130710384,29.985625112288275,30.101591110229492,11685700,0.0,0.0
2017-06-06 00:00:00-04:00,29.952486049948618,30.19270309678101,29.803386031903404,29.927637100219727,18420900,0.0,0.0
2017-06-07 00:00:00-04:00,29.92764508657725,30.29211013914955,29.902792970380506,30.03532600402832,17192000,0.0,0.0
2017-06-08 00:00:00-04:00,30.1015919060972,30.258973884630446,29.95249185913453,30.217557907104492,17154200,0.0,0.0
2017-06-09 00:00:00-04:00,30.23412173616908,30.283822799851762,29.248407671900765,29.57973861694336,33322100,0.0,0.0
2017-06-12 00:00:00-04:00,29.480339857592345,29.828237826319214,29.33123982532762,29.59630584716797,28488300,0.0,0.0
2017-06-13 00:00:00-04:00,29.554893002704077,29.77854307477902,29.430641909383592,29.72056007385254,20588200,0.0,0.0
2017-06-14 00:00:00-04:00,29.811672512306284,29.86137041408229,29.173856440880236,29.43063735961914,19149000,0.0,0.0
2017-06-15 00:00:00-04:00,29.165574160572906,29.38922421962013,29.10759116302396,29.248409271240234,20410000,0.0,0.0
2017-06-16 00:00:00-04:00,29.22355993787876,29.26497907707042,28.99990985755785,29.165576934814453,30762800,0.0,0.0
2017-06-19 00:00:00-04:00,29.496907144210876,29.496907144210876,29.2566900723089,29.414072036743164,21583800,0.0,0.0
2017-06-20 00:00:00-04:00,29.364372169905174,29.364372169905174,28.85908910754319,28.875656127929688,21536500,0.0,0.0
2017-06-21 00:00:00-04:00,28.436641424431684,28.660288302240303,28.237840337691036,28.64372444152832,27138500,0.0,0.0
2017-06-22 00:00:00-04:00,28.627155759785982,28.68513874842148,28.403505735119385,28.461488723754883,24602900,0.0,0.0
2017-06-23 00:00:00-04:00,28.337240009854003,28.61887304654248,28.246122974478883,28.3206729888916,29260900,0.0,0.0
2017-06-26 00:00:00-04:00,28.37865537827977,28.5857383961476,28.188139381021696,28.22127342224121,18854800,0.0,0.0
2017-06-27 00:00:00-04:00,28.16328989453298,28.287540966825624,27.873374938964844,27.873374938964844,27078900,0.0,0.0
2017-06-28 00:00:00-04:00,27.972775454818986,28.362092553782684,27.94792650291448,28.32895851135254,25940100,0.0,0.0
2017-06-29 00:00:00-04:00,28.097020976798657,28.246120995176145,27.616590041899148,27.782257080078125,25215700,0.0,0.0
2017-06-30 00:00:00-04:00,28.05560837686452,28.105309442238397,27.773975326085168,27.947927474975586,24432000,0.0,0.0
2017-07-03 00:00:00-04:00,27.757411768302838,28.188144909121203,27.69114683270439,27.71599578857422,12676900,0.0,0.0
2017-07-05 00:00:00-04:00,27.765691356488215,28.51947341354794,27.740842405543898,28.444923400878906,30010800,0.0,0.0
2017-07-06 00:00:00-04:00,28.262688643476892,28.40350673500308,27.79882471806357,27.856807708740234,20733200,0.0,0.0
2017-07-07 00:00:00-04:00,27.914784745217183,28.262682615070855,27.914784745217183,28.063884735107422,18304500,0.0,0.0
2017-07-10 00:00:00-04:00,27.54204085274181,27.947924950373228,27.525473832447055,27.873374938964844,29918400,0.0,0.0
2017-07-11 00:00:00-04:00,27.865096710731603,28.105313824405414,27.69114769455545,28.097028732299805,25737500,0.0,0.0
2017-07-12 00:00:00-04:00,28.39522554066005,28.48634258417725,28.113592478805256,28.370376586914062,23768300,0.0,0.0
2017-07-13 00:00:00-04:00,28.436644900812368,28.494627899900962,28.262692743710115,28.36209487915039,15046200,0.0,0.0
2017-07-14 00:00:00-04:00,28.560887833691233,28.751403820200032,28.38693886685745,28.72655487060547,16316400,0.0,0.0
2017-07-17 00:00:00-04:00,28.776254691529232,28.776254691529232,28.461487650918663,28.55260467529297,21044400,0.0,0.0
2017-07-18 00:00:00-04:00,28.519470616355253,28.643721678562443,28.370370605640936,28.60230255126953,14362800,0.0,0.0
2017-07-19 00:00:00-04:00,28.72655043211402,28.72655043211402,28.544316403681453,28.627151489257812,17036200,0.0,0.0
2017-07-20 00:00:00-04:00,28.6105874039123,28.8590863664346,28.560886347473545,28.784536361694336,17506200,0.0,0.0
2017-07-21 00:00:00-04:00,28.61058719365719,28.842519135662133,28.494621222654715,28.767969131469727,22245000,0.0,0.0
2017-07-24 00:00:00-04:00,28.76797343165136,28.825956425819783,28.478058460809244,28.577457427978516,16146300,0.0,0.0
2017-07-25 00:00:00-04:00,28.618874192921954,28.77625931845101,28.494626270481223,28.718273162841797,18096700,0.0,0.0
2017-07-26 00:00:00-04:00,28.74312039457991,28.966770408800702,28.652003371026726,28.784536361694336,15499300,0.0,0.0
2017-07-27 00:00:00-04:00,28.80938886857112,29.19870595917434,28.718271833763033,28.966773986816406,43062800,0.0,0.0
2017-07-28 00:00:00-04:00,29.09930923187542,29.703991320483226,28.991625167926077,29.248409271240234,36291500,0.0,0.0
2017-07-31 00:00:00-04:00,29.380939483642578,29.60458952133922,29.256688409421308,29.380939483642578,27057000,0.0,0.0
2017-08-01 00:00:00-04:00,29.538324763882834,30.17614090765975,29.463774742926145,30.109872817993164,38710200,0.0,0.0
2017-08-02 00:00:00-04:00,30.09331096915427,30.374940889573658,29.869660891318304,30.3500919342041,35004300,0.0,0.0
2017-08-03 00:00:00-04:00,30.5028126030788,30.536195378885946,30.16899439567751,30.452741622924805,26611300,0.273,0.0
2017-08-04 00:00:00-04:00,30.419358008382755,30.51115904754287,30.127263503459062,30.294174194335938,20520300,0.0,0.0
2017-08-07 00:00:00-04:00,30.369285222867443,30.502813144911208,30.227413198502035,30.402667999267578,18169300,0.0,0.0
2017-08-08 00:00:00-04:00,30.352590204277256,30.627993301303,30.294171944342658,30.38597297668457,22819900,0.0,0.0
2017-08-09 00:00:00-04:00,30.277487797026012,30.59461784360367,30.06050609161424,30.53619956970215,22796800,0.0,0.0
2017-08-10 00:00:00-04:00,30.37763129295847,30.51115920965812,30.135610949078902,30.160646438598633,22693300,0.0,0.0
2017-08-11 00:00:00-04:00,30.260788240529248,30.377627940358604,29.868551819263466,29.935314178466797,19275100,0.0,0.0
2017-08-14 00:00:00-04:00,30.14395263815966,30.436047121254308,30.110573049324145,30.32755470275879,18469400,0.0,0.0
2017-08-15 00:00:00-04:00,30.29417433645863,30.31086572398029,29.893590586608802,30.04380989074707,21706600,0.0,0.0
2017-08-16 00:00:00-04:00,30.02712404367799,30.10223370960598,29.67661439171887,29.885251998901367,22014000,0.0,0.0
2017-08-17 00:00:00-04:00,29.709986378975515,29.776751924278997,29.35112953186035,29.35112953186035,19525000,0.0,0.0
2017-08-18 00:00:00-04:00,29.451285692751807,29.46797708352263,29.200921198304027,29.217609405517578,16231400,0.0,0.0
2017-08-21 00:00:00-04:00,29.28437323774522,29.442936665360214,28.958899095844558,29.142498016357422,26493300,0.0,0.0
2017-08-22 00:00:00-04:00,29.225950367109288,29.367822382619032,28.89212899105864,28.91716766357422,26097800,0.0,0.0
2017-08-23 00:00:00-04:00,28.82536717255132,29.050696128124567,28.691839256310505,28.925512313842773,19648100,0.0,0.0
2017-08-24 00:00:00-04:00,28.958895277869313,29.117458684579116,28.83371146277017,28.967239379882812,14301900,0.0,0.0
2017-08-25 00:00:00-04:00,29.059036949563662,29.150837978532532,28.85874668959184,28.933853149414062,14726800,0.0,0.0
2017-08-28 00:00:00-04:00,29.025656904767583,29.042348291925773,28.867093502099646,28.91716766357422,20712900,0.0,0.0
2017-08-29 00:00:00-04:00,28.800330404309552,29.000623883695777,28.758603524641504,28.983932495117188,15843700,0.0,0.0
2017-08-30 00:00:00-04:00,29.00061991565025,29.175874696410713,28.900474781438046,29.117456436157227,18565000,0.0,0.0
2017-08-31 00:00:00-04:00,29.159188682698634,29.359482171583547,29.100770411681573,29.267681121826172,16366800,0.0,0.0
2017-09-01 00:00:00-04:00,29.40955232642961,29.534732954287996,29.267677127922216,29.28436851501465,12822000,0.0,0.0
2017-09-05 00:00:00-04:00,29.2259521484375,29.484663889823118,29.150842493425984,29.2259521484375,18772000,0.0,0.0
2017-09-06 00:00:00-04:00,29.392855047142675,29.99372894423411,29.301054028315335,29.843509674072266,28076400,0.0,0.0
2017-09-07 00:00:00-04:00,29.943653501500634,30.002071744104583,29.484651659517247,29.6599063873291,16297100,0.0,0.0
2017-09-08 00:00:00-04:00,29.559772665437517,29.659921002297203,29.27602859500615,29.367826461791992,14125000,0.0,0.0
2017-09-11 00:00:00-04:00,29.618187016871417,30.043806203996613,29.326092546421027,29.85186004638672,20037600,0.0,0.0
2017-09-12 00:00:00-04:00,29.94366457990685,30.32755694006494,29.826828051472358,30.118919372558594,19489900,0.0,0.0
2017-09-13 00:00:00-04:00,30.043806960577896,30.377628311340185,30.018771473515443,30.319210052490234,15509800,0.0,0.0
2017-09-14 00:00:00-04:00,30.202376602438697,30.627999071932603,30.17734111019447,30.44439697265625,18093900,0.0,0.0
2017-09-15 00:00:00-04:00,30.502808712554994,30.945122476692337,30.227408806164117,30.87835693359375,33596100,0.0,0.0
2017-09-18 00:00:00-04:00,30.87835693359375,31.153760023540944,30.7114462594036,30.87835693359375,19393800,0.0,0.0
2017-09-19 00:00:00-04:00,31.045267476478912,31.128721221442863,30.89504818869876,31.070302963256836,23850500,0.0,0.0
2017-09-20 00:00:00-04:00,31.070291616740988,31.120365755566638,30.59459844034032,30.936763763427734,23957500,0.0,0.0
2017-09-21 00:00:00-04:00,30.870021815547876,31.10369491727831,30.753182081125413,31.045276641845703,22954200,0.0,0.0
2017-09-22 00:00:00-04:00,30.836624051503343,31.06195294021457,30.836624051503343,31.0285701751709,21631800,0.0,0.0
2017-09-25 00:00:00-04:00,30.920087463188562,31.070306769370585,30.75317676925779,31.01188850402832,23180800,0.0,0.0
2017-09-26 00:00:00-04:00,31.05361072589167,31.412467549796173,30.878355956140044,31.27059555053711,29790400,0.0,0.0
2017-09-27 00:00:00-04:00,31.395776181928753,31.454194438544967,30.961809715953876,31.32901382446289,25981400,0.0,0.0
2017-09-28 00:00:00-04:00,31.14540547661809,31.612754618666198,31.12036999557187,31.571027755737305,21171400,0.0,0.0
2017-09-29 00:00:00-04:00,31.579382967857075,31.838094702747203,31.462546437118537,31.77967643737793,23217300,0.0,0.0
2017-10-02 00:00:00-04:00,31.813064387804744,32.62257939712093,31.779684787078455,32.58085250854492,37394500,0.0,0.0
2017-10-03 00:00:00-04:00,32.505732829471505,33.13164551611002,32.505732829471505,32.86458969116211,34002200,0.0,0.0
2017-10-04 00:00:00-04:00,32.872937971122745,32.88128525746389,32.430627301750775,32.83121109008789,28368800,0.0,0.0
2017-10-05 00:00:00-04:00,32.964737306022684,33.08992112617713,32.72271695162104,32.98977279663086,17710300,0.0,0.0
2017-10-06 00:00:00-04:00,33.048195880291296,33.290216269965676,32.89797654763529,33.07323455810547,18887500,0.0,0.0
2017-10-09 00:00:00-04:00,33.11494796481343,33.28185862022487,32.981420077195466,33.265167236328125,18494100,0.0,0.0
2017-10-10 00:00:00-04:00,33.3235892631615,33.34028064894908,32.86458729645022,33.08991622924805,29890000,0.0,0.0
2017-10-11 00:00:00-04:00,32.948040330209274,33.10660371643208,32.59753078690951,32.797821044921875,30754700,0.0,0.0
2017-10-12 00:00:00-04:00,32.83955591700924,32.87293869599602,32.53077317027408,32.70602798461914,18286900,0.0,0.0
2017-10-13 00:00:00-04:00,32.914659362194705,33.22344523417434,32.781131455020635,33.106605529785156,16829400,0.0,0.0
2017-10-16 00:00:00-04:00,33.139993852579316,33.20675940912611,32.914664874569326,33.18172073364258,12489100,0.0,0.0
2017-10-17 00:00:00-04:00,33.01481420099243,33.27352278148919,32.856247591209716,33.20676040649414,15532800,0.0,0.0
2017-10-18 00:00:00-04:00,33.21510038974077,33.624031426258504,33.04818969762013,33.59064865112305,21424600,0.0,0.0
2017-10-19 00:00:00-04:00,33.2818604083422,33.657408607305825,33.24013353813648,33.457115173339844,19222700,0.0,0.0
2017-10-20 00:00:00-04:00,33.65742147183155,33.757566635313914,33.46547206511743,33.740875244140625,18335700,0.0,0.0
2017-10-23 00:00:00-04:00,33.8410117248506,34.24994274478108,33.715831098505255,34.07468795776367,28647000,0.0,0.0
2017-10-24 00:00:00-04:00,34.21655444439238,34.258281313101165,33.982881432778356,34.174827575683594,19652400,0.0,0.0
2017-10-25 00:00:00-04:00,34.12476002342387,34.2666352247421,33.790941825631286,34.032958984375,24031700,0.0,0.0
2017-10-26 00:00:00-04:00,34.141446993571385,34.70059725745406,33.97453632449195,34.50864791870117,38247400,0.0,0.0
2017-10-27 00:00:00-04:00,36.136024211744704,37.554760235115936,35.96911352954401,37.05403137207031,90028300,0.0,0.0
2017-10-30 00:00:00-04:00,37.120792731124794,37.71332261253748,36.620063881618144,37.02899169921875,48161500,0.0,0.0
2017-10-31 00:00:00-04:00,37.72166758807557,38.22239640692784,37.262665640201625,37.963687896728516,47000900,0.0,0.0
2017-11-01 00:00:00-04:00,38.364276628865106,38.981842041015625,38.04714663736379,38.981842041015625,47813700,0.0,0.0
2017-11-02 00:00:00-04:00,38.89838420831665,39.4158044259822,38.56456286453201,39.30731201171875,44602300,0.0,0.0
2017-11-03 00:00:00-04:00,39.39077514455655,39.4742289018708,38.055492742631124,38.67306137084961,39298100,0.0,0.0
2017-11-06 00:00:00-05:00,39.12051243703315,39.23804456742307,38.69237088480787,39.204463958740234,34035000,0.273,0.0
2017-11-07 00:00:00-05:00,39.2044674977938,39.53187045594889,38.94422256064374,39.27162551879883,24461400,0.0,0.0
2017-11-08 00:00:00-05:00,39.13730274137456,39.204463958740234,38.851873972416676,39.204463958740234,21565800,0.0,0.0
2017-11-09 00:00:00-05:00,38.65877840755003,38.94420708887887,38.32298203108335,38.86865234375,25570400,0.0,0.0
2017-11-10 00:00:00-05:00,38.65038850182776,38.692362652539245,38.096321386137895,38.26422119140625,24095400,0.0,0.0
2017-11-13 00:00:00-05:00,37.99558980147103,38.56644737147764,37.98719625004002,38.406944274902344,18999000,0.0,0.0
2017-11-14 00:00:00-05:00,38.36496742117629,38.54965436151005,38.04595804798442,38.49928665161133,22201200,0.0,0.0
2017-11-15 00:00:00-05:00,38.10472201830905,38.45731199515511,37.92003187794097,38.16348648071289,17157200,0.0,0.0
2017-11-16 00:00:00-05:00,38.30620011461952,38.67557717029199,38.16348414151284,38.32299041748047,26439400,0.0,0.0
2017-11-17 00:00:00-05:00,38.197065905539276,38.29780452333701,37.45830856936911,37.466705322265625,63798000,0.0,0.0
2017-11-20 00:00:00-05:00,37.55065041829613,37.878053299894844,37.35756674972311,37.45830535888672,22420000,0.0,0.0
2017-11-21 00:00:00-05:00,37.54225705242578,37.96200499548985,37.533860300207806,37.72694396972656,21871000,0.0,0.0
2017-11-22 00:00:00-05:00,37.726949025388954,37.735345778732146,37.39115254739233,37.483497619628906,19538300,0.0,0.0
2017-11-24 00:00:00-05:00,37.39954781443936,37.59263151869251,37.29880918666015,37.567447662353516,6465800,0.0,0.0
2017-11-27 00:00:00-05:00,37.290403030802,37.44990928719416,37.16448057843297,37.34917068481445,18202100,0.0,0.0
2017-11-28 00:00:00-05:00,37.48350115871654,37.643004260643046,37.20646591584992,37.5506591796875,20194100,0.0,0.0
2017-11-29 00:00:00-05:00,37.65139564031403,37.85287609645065,36.74474159375724,36.895851135253906,27036900,0.0,0.0
2017-11-30 00:00:00-05:00,37.24004385224873,37.94522063511309,37.214859996496735,37.643001556396484,34145300,0.0,0.0
2017-12-01 00:00:00-05:00,37.550656411291826,37.643001485439285,36.543260551609805,37.50868225097656,26656300,0.0,0.0
2017-12-04 00:00:00-05:00,37.794102447545384,38.02916025390551,37.214851480834035,37.34917068481445,28000800,0.0,0.0
2017-12-05 00:00:00-05:00,37.441523913025655,37.69337529913923,36.2914151793057,36.467708587646484,30626900,0.0,0.0
2017-12-06 00:00:00-05:00,36.2158522278336,36.70276138180985,35.82128813426131,36.476097106933594,27710800,0.0,0.0
2017-12-07 00:00:00-05:00,36.4844915225072,36.60202043765643,35.91363404684858,36.16548538208008,32708400,0.0,0.0
2017-12-08 00:00:00-05:00,36.39214324951172,36.585230110135086,36.190666042007514,36.39214324951172,23154700,0.0,0.0
2017-12-11 00:00:00-05:00,36.33338398084317,36.75313195918904,36.308200126917754,36.65239334106445,20425900,0.0,0.0
2017-12-12 00:00:00-05:00,36.492887494177566,36.618809956676344,36.165484608288985,36.37535858154297,16557400,0.0,0.0
2017-12-13 00:00:00-05:00,36.64399578653753,36.65238933612121,36.29980261000023,36.383750915527344,21399500,0.0,0.0
2017-12-14 00:00:00-05:00,36.459301486693825,36.57683038191092,36.115108349662805,36.316585540771484,19644900,0.0,0.0
2017-12-15 00:00:00-05:00,36.43412475713417,37.642997747249915,36.15708956220313,37.40793991088867,47477000,0.0,0.0
2017-12-18 00:00:00-05:00,37.90324887404454,38.91064159697164,37.810903793877436,38.835086822509766,50369300,0.0,0.0
2017-12-19 00:00:00-05:00,38.86865511828913,39.674570322243895,38.52446196644872,39.48988342285156,41421100,0.0,0.0
2017-12-20 00:00:00-05:00,39.85087879012009,39.99359158243043,39.17088583210911,39.92643356323242,40935000,0.0,0.0
2017-12-21 00:00:00-05:00,39.909642306948854,39.951616468250464,39.08693657622913,39.25483322143555,42963500,0.0,0.0
2017-12-22 00:00:00-05:00,38.893851334481774,39.4731024233567,38.633606420824464,39.204463958740234,33913500,0.0,0.0
2017-12-26 00:00:00-05:00,38.85187184911879,39.011378130433506,38.57483984868327,38.68397521972656,15533300,0.0,0.0
2017-12-27 00:00:00-05:00,38.70915603637695,38.91903000907262,38.61681097600323,38.70915603637695,13359700,0.0,0.0
2017-12-28 00:00:00-05:00,38.919038796034826,38.919038796034826,38.57484553120045,38.801509857177734,9504400,0.0,0.0
2017-12-29 00:00:00-05:00,38.79311094097716,39.02817200801418,38.69237231363171,38.751136779785156,17394500,0.0,0.0
2018-01-02 00:00:00-05:00,38.935818612279554,39.37235684072965,38.793102651813875,39.330379486083984,23370800,0.0,0.0
2018-01-03 00:00:00-05:00,38.171882983743004,38.793108211490946,36.64400056640878,37.99558639526367,116479000,0.0,0.0
2018-01-04 00:00:00-05:00,36.53486405200838,37.483495370206114,35.83808087780022,37.298805236816406,89209100,0.0,0.0
2018-01-05 00:00:00-05:00,37.29880281901546,37.903240887347586,36.85387102006136,37.55904769897461,41824000,0.0,0.0
2018-01-08 00:00:00-05:00,37.16448360409973,37.64299600738843,36.904238724140576,37.55904769897461,33733800,0.0,0.0
2018-01-09 00:00:00-05:00,37.52546581799081,37.64299472674081,36.509676589597234,36.61880874633789,44282300,0.0,0.0
2018-01-10 00:00:00-05:00,36.3753683683257,36.60202950229115,35.62821413248483,35.678585052490234,45735000,0.0,0.0
2018-01-11 00:00:00-05:00,35.93043084562772,36.5852399522281,35.63660850463118,36.44252395629883,35371500,0.0,0.0
2018-01-12 00:00:00-05:00,36.47610189387376,36.60202437260421,36.106721603782326,36.299808502197266,29973600,0.0,0.0
2018-01-16 00:00:00-05:00,36.56004400403062,36.76152441917424,36.005976865413864,36.215850830078125,38367200,0.0,0.0
2018-01-17 00:00:00-05:00,36.56005147795711,37.31559918617319,36.52647086816457,37.265228271484375,32368600,0.0,0.0
2018-01-18 00:00:00-05:00,37.27362414994238,37.55905292163054,37.080537249380654,37.340782165527344,26826500,0.0,0.0
2018-01-19 00:00:00-05:00,37.458305626249754,37.684969900302704,37.14769304436505,37.62620544433594,25780200,0.0,0.0
2018-01-22 00:00:00-05:00,37.60942238717928,38.44052488547292,37.60102883574828,38.406944274902344,27706800,0.0,0.0
2018-01-23 00:00:00-05:00,38.4573127380148,38.69237059217065,38.306203202508016,38.66718673706055,22135100,0.0,0.0
2018-01-24 00:00:00-05:00,38.53286955538577,38.725953260487486,37.74374122744815,38.20546340942383,32464200,0.0,0.0
2018-01-25 00:00:00-05:00,38.516068652776454,38.927419806248345,37.92002419393916,38.02915954589844,36758700,0.0,0.0
2018-01-26 00:00:00-05:00,40.61481781406804,42.100726134360876,40.396547058360504,42.041961669921875,86916100,0.0,0.0
2018-01-29 00:00:00-05:00,41.638998450139695,42.68836840304062,41.445914763096674,41.9580078125,46304000,0.0,0.0
2018-01-30 00:00:00-05:00,41.53825830299995,42.02516748039388,40.91703310709652,40.959007263183594,32814600,0.0,0.0
2018-01-31 00:00:00-05:00,41.32838459220457,41.3451748952345,39.926427914645885,40.413333892822266,41619900,0.0,0.0
2018-02-01 00:00:00-05:00,40.04395016255455,40.69036231061869,39.83407621327745,40.001976013183594,28840400,0.0,0.0
2018-02-02 00:00:00-05:00,39.724953298731904,40.11951747166491,38.70076708086664,38.74274444580078,28663000,0.0,0.0
2018-02-05 00:00:00-05:00,38.91064692965729,39.67458833061471,37.35758026694483,37.37437057495117,47869000,0.0,0.0
2018-02-06 00:00:00-05:00,37.2053226532205,37.974446632895,36.36858181970033,37.957542419433594,58145400,0.3,0.0
2018-02-07 00:00:00-05:00,37.67862668683414,39.1323534140967,37.475779372438915,38.20264434814453,37508400,0.0,0.0
2018-02-08 00:00:00-05:00,38.270264453355395,38.388590730069076,36.12348080980176,36.13193130493164,43151300,0.0,0.0
2018-02-09 00:00:00-05:00,36.76582715264144,37.42507543537478,35.531848440394626,37.14616394042969,49301100,0.0,0.0
2018-02-12 00:00:00-05:00,37.31519657781512,38.1688383583071,37.264483939946224,37.88992691040039,28379500,0.0,0.0
2018-02-13 00:00:00-05:00,37.687077607476745,37.84766278275354,37.408162950042154,37.57720184326172,19517600,0.0,0.0
2018-02-14 00:00:00-05:00,37.247584045152394,38.46465847775209,37.22222933535321,38.35478591918945,19922000,0.0,0.0
2018-02-15 00:00:00-05:00,38.777378726942054,38.87035028815594,37.99135054014162,38.81118392944336,23536800,0.0,0.0
2018-02-16 00:00:00-05:00,38.72666052481282,39.37745813568956,38.46465009212783,38.50691223144531,21475200,0.0,0.0
2018-02-20 00:00:00-05:00,38.422396427441875,39.47888557177859,38.36323329329094,39.149261474609375,25512000,0.0,0.0
2018-02-21 00:00:00-05:00,39.445079985544716,39.774707330597224,38.81118645330018,38.82809066772461,27527500,0.0,0.0
2018-02-22 00:00:00-05:00,38.99712391364946,39.35210591661331,38.55762407501024,38.70975875854492,16946400,0.0,0.0
2018-02-23 00:00:00-05:00,39.16616883737085,40.39169698818229,39.14081412759554,40.34098434448242,26040900,0.0,0.0
2018-02-26 00:00:00-05:00,40.738223118655135,41.524251320584106,40.65370205040256,41.507347106933594,26992300,0.0,0.0
2018-02-27 00:00:00-05:00,41.72709052546607,43.020235312280306,41.67638111463131,42.183494567871094,43624100,0.0,0.0
2018-02-28 00:00:00-05:00,42.41170469311917,42.54693518809959,41.65103114376098,41.65948486328125,35541200,0.0,0.0
2018-03-01 00:00:00-05:00,41.83696977482362,42.0229128944394,40.121232450129234,40.43395233154297,36326600,0.0,0.0
2018-03-02 00:00:00-05:00,39.893025441997715,41.456627878498466,39.69017813457318,41.397464752197266,33310600,0.0,0.0
2018-03-05 00:00:00-05:00,41.050941368075314,42.09052628486261,40.602991008784166,42.04826736450195,30826500,0.0,0.0
2018-03-06 00:00:00-05:00,42.39479131895054,43.38366671947238,42.38634082540529,42.85964584350586,39132300,0.0,0.0
2018-03-07 00:00:00-05:00,42.411711057494614,43.51891311789813,42.344094187783035,43.37522888183594,31801900,0.0,0.0
2018-03-08 00:00:00-05:00,43.77246002273348,44.01756628373127,42.65680771822869,42.885009765625,29481200,0.0,0.0
2018-03-09 00:00:00-05:00,43.33296018639056,44.20350623079855,43.104758138758065,44.11053466796875,32727900,0.0,0.0
2018-03-12 00:00:00-04:00,43.831623301542066,43.90769065092282,42.68216256607693,43.54425811767578,32044400,0.0,0.0
2018-03-13 00:00:00-04:00,44.389450593088995,45.45439028755934,43.43438345397925,43.764007568359375,45573900,0.0,0.0
2018-03-14 00:00:00-04:00,44.00065433012869,44.10207636974767,43.36676094025016,43.83161544799805,24993500,0.0,0.0
2018-03-15 00:00:00-04:00,44.14433708949554,44.20350021703842,43.00333023071289,43.00333023071289,25631200,0.0,0.0
2018-03-16 00:00:00-04:00,43.24844741821289,43.69640110471083,43.09631591474437,43.24844741821289,42559800,0.0,0.0
2018-03-19 00:00:00-04:00,42.885003676073545,43.299145565980936,42.20039763109677,42.9610710144043,31115200,0.0,0.0
2018-03-20 00:00:00-04:00,43.00334150609675,43.78936980571702,42.977983570394834,43.569618225097656,22215000,0.0,0.0
2018-03-21 00:00:00-04:00,43.569610246441364,44.09362794217799,43.248436654277484,43.57806396484375,23239500,0.0,0.0
2018-03-22 00:00:00-04:00,42.885003676073545,43.916134766153206,42.76667419766567,42.9610710144043,30916000,0.0,0.0
2018-03-23 00:00:00-04:00,42.75823201294106,43.09630985436178,41.71864700317383,41.71864700317383,37683900,0.0,0.0
2018-03-26 00:00:00-04:00,42.88500930933566,44.36409413016228,42.53002727577977,44.35564041137695,39306200,0.0,0.0
2018-03-27 00:00:00-04:00,44.80359066406282,45.00643800043684,42.91881439854804,43.265342712402344,38777000,0.0,0.0
2018-03-28 00:00:00-04:00,42.682170988888004,42.851209934664034,41.422834228213745,41.9214973449707,37970900,0.0,0.0
2018-03-29 00:00:00-04:00,42.24266292652694,44.0175666809082,42.149691362954464,44.0175666809082,45265800,0.0,0.0
2018-04-02 00:00:00-04:00,43.6879402509502,43.98375916152938,39.96910020031235,41.34675979614258,67187800,0.0,0.0
2018-04-03 00:00:00-04:00,41.41437388664514,42.22575676450611,40.91571088843182,42.04826736450195,39432400,0.0,0.0
2018-04-04 00:00:00-04:00,40.653703320003864,42.394798690591685,40.57763596827553,42.25111770629883,30370000,0.0,0.0
2018-04-05 00:00:00-04:00,42.26802254248825,42.868110915905056,42.234217335204484,42.580745697021484,25115400,0.0,0.0
2018-04-06 00:00:00-04:00,42.08208417234943,42.59765148622738,40.99178639947471,41.23689270019531,28215200,0.0,0.0
2018-04-09 00:00:00-04:00,41.54961017525902,43.19773409293753,41.54961017525902,41.879234313964844,31437000,0.0,0.0
2018-04-10 00:00:00-04:00,43.20618584418979,43.51890900079597,42.546937547619066,43.33296585083008,25906400,0.0,0.0
2018-04-11 00:00:00-04:00,43.096305500172555,43.72174525221623,42.95262130363349,43.189273834228516,17568400,0.0,0.0
2018-04-12 00:00:00-04:00,43.51890201305841,45.02334151460109,43.48509358682961,44.55848693847656,29781400,0.0,0.0
2018-04-13 00:00:00-04:00,44.8458455166334,44.972622260120005,43.611863933983656,43.83161544799805,20884900,0.0,0.0
2018-04-16 00:00:00-04:00,44.195057151234174,44.397901272858945,43.77246146967519,44.288028717041016,18855500,0.0,0.0
2018-04-17 00:00:00-04:00,44.71907727718243,45.38677926343069,44.702173062121155,45.251548767089844,21228700,0.0,0.0
2018-04-18 00:00:00-04:00,45.234635936375064,45.944596712978544,45.0825012539494,45.31070327758789,22164700,0.0,0.0
2018-04-19 00:00:00-04:00,44.75288409421608,44.76133458936744,43.62032751912778,44.135894775390625,25422400,0.0,0.0
2018-04-20 00:00:00-04:00,44.09363732501078,44.1866089023274,43.00334278196486,43.55271530151367,26910100,0.0,0.0
2018-04-23 00:00:00-04:00,43.687936826660106,43.8569757302918,42.977976010726124,43.189273834228516,21706700,0.0,0.0
2018-04-24 00:00:00-04:00,43.84007480025653,45.3360638895709,43.2230854963273,43.4850959777832,42494700,0.0,0.0
2018-04-25 00:00:00-04:00,43.831609910472444,44.03445396408383,42.7666673444943,43.42591857910156,25752800,0.0,0.0
2018-04-26 00:00:00-04:00,44.16968534402995,45.02333015816911,44.00910019617173,44.83738708496094,39575000,0.0,0.0
2018-04-27 00:00:00-04:00,46.85739610165178,47.15321493804954,44.14433328937004,44.56692886352539,69888100,0.0,0.0
2018-04-30 00:00:00-04:00,44.42325071380413,45.10785352359904,43.28224065723167,43.62876892089844,36417400,0.0,0.0
2018-05-01 00:00:00-04:00,43.64567193376836,45.15011119949138,43.47663305327007,45.07404708862305,27600800,0.0,0.0
2018-05-02 00:00:00-04:00,44.871200304452216,44.96417185100544,44.07672174834483,44.211952209472656,25778300,0.0,0.0
2018-05-03 00:00:00-04:00,43.856975643299236,44.42325548571983,43.28224530658084,44.18659973144531,28561000,0.0,0.0
2018-05-04 00:00:00-04:00,43.8805732538499,44.91765876416716,43.35353123310562,44.86665344238281,25642500,0.3,0.0
2018-05-07 00:00:00-04:00,44.93466060235957,45.54671149361975,44.90915956280933,45.33419418334961,20285700,0.0,0.0
2018-05-08 00:00:00-04:00,45.300198234186645,45.5892219543457,44.883662809373725,45.5892219543457,21026800,0.0,0.0
2018-05-09 00:00:00-04:00,45.6997187749013,46.21826150585259,45.21517959021884,46.1927604675293,19827500,0.0,0.0
2018-05-10 00:00:00-04:00,46.37127115612456,46.75380291947152,45.98873939277759,46.73680114746094,18715900,0.0,0.0
2018-05-11 00:00:00-04:00,46.430782859880104,46.91532208686885,46.26927086513617,46.47328567504883,15405000,0.0,0.0
2018-05-14 00:00:00-04:00,46.55829806141516,46.95783168821511,46.53279701894101,46.66880798339844,21878200,0.0,0.0
2018-05-15 00:00:00-04:00,46.39678031341299,46.54129052656125,45.52970930625309,45.835731506347656,21712600,0.0,0.0
2018-05-16 00:00:00-04:00,46.048250828988984,46.498789747453415,45.869737060435845,46.447784423828125,16260500,0.0,0.0
2018-05-17 00:00:00-04:00,46.3712843733578,47.1278456083113,46.26077444516854,46.59230422973633,16872600,0.0,0.0
2018-05-18 00:00:00-04:00,46.354284454546175,46.36278696469397,45.453212944329415,45.47871398925781,23679900,0.0,0.0
2018-05-21 00:00:00-04:00,46.209769542853095,46.94082968937361,45.78473487559765,46.17576599121094,25367400,0.0,0.0
2018-05-22 00:00:00-04:00,46.52428081927845,46.796302668147575,45.94623357974251,46.28626251220703,19009600,0.0,0.0
2018-05-23 00:00:00-04:00,45.90373295875,46.9493175981241,45.767722027841735,46.932315826416016,20555400,0.0,0.0
2018-05-24 00:00:00-04:00,46.906820311057956,47.0088277105561,46.01424826924651,46.541290283203125,19667100,0.0,0.0
2018-05-25 00:00:00-04:00,46.583798103318685,47.17884727607283,46.362781506856514,47.12784194946289,18550000,0.0,0.0
2018-05-29 00:00:00-04:00,46.855826224179566,47.44237620812902,46.592306775397674,47.025840759277344,24253500,0.0,0.0
2018-05-30 00:00:00-04:00,47.51036953693652,47.77389217001678,47.28085045188407,47.33185577392578,24711500,0.0,0.0
2018-05-31 00:00:00-04:00,47.323354661768306,47.48486989828731,46.804815131450994,46.923824310302734,30962100,0.0,0.0
2018-06-01 00:00:00-04:00,47.46786630254252,48.53895211387008,47.433862754816104,48.52195358276367,31183200,0.0,0.0
2018-06-04 00:00:00-04:00,48.46245010579163,48.96399113015613,48.266934552938636,48.30944061279297,22538100,0.0,0.0
2018-06-05 00:00:00-04:00,48.368940793694925,48.55595382041733,47.79089345417451,48.054412841796875,21687000,0.0,0.0
2018-06-06 00:00:00-04:00,48.054419365109055,48.50495832612736,47.67189075143838,48.479454040527344,22955400,0.0,0.0
2018-06-07 00:00:00-04:00,48.38593873117784,48.453945825702064,47.28084938721317,47.501869201660156,27596100,0.0,0.0
2018-06-08 00:00:00-04:00,47.22985524777096,47.34886444043543,46.46479151956041,46.79631805419922,30822900,0.0,0.0
2018-06-11 00:00:00-04:00,46.5838016236283,46.83032252340342,46.12476337772096,46.34578323364258,25752400,0.0,0.0
2018-06-12 00:00:00-04:00,46.6432947413666,46.77930567970617,46.0907517230681,46.600791931152344,23294900,0.0,0.0
2018-06-13 00:00:00-04:00,46.73681694017335,47.34886796834501,46.67731233940749,46.779319763183594,22631400,0.0,0.0
2018-06-14 00:00:00-04:00,47.136338489784386,47.48486673725907,46.9068194132391,47.21284484863281,23419800,0.0,0.0
2018-06-15 00:00:00-04:00,46.89832645912233,47.07684349463996,46.396788634536065,46.84732437133789,39194700,0.0,0.0
2018-06-18 00:00:00-04:00,46.158761464294834,46.158761464294834,44.49262644621804,45.24068832397461,40764400,0.0,0.0
2018-06-19 00:00:00-04:00,44.322611817254106,45.01116910264119,44.101595230883724,44.99416732788086,31780900,0.0,0.0
2018-06-20 00:00:00-04:00,45.215183057656674,45.691223013656554,44.7901484249715,45.4447021484375,21403000,0.0,0.0
2018-06-21 00:00:00-04:00,46.226769983560224,46.35427843439988,44.15259879189494,44.365116119384766,44435600,0.0,0.0
2018-06-22 00:00:00-04:00,44.730642808022786,45.130176391248824,44.458620908775174,44.62863540649414,34682100,0.0,0.0
2018-06-25 00:00:00-04:00,43.49804480464954,43.99108655834862,42.42695890656372,43.10701370239258,45356500,0.0,0.0
2018-06-26 00:00:00-04:00,42.46096013519003,42.85199121606459,41.95941914267461,42.222938537597656,37543000,0.0,0.0
2018-06-27 00:00:00-04:00,41.942420733582516,42.554471686846234,41.44087970082633,41.449378967285156,33338800,0.0,0.0
2018-06-28 00:00:00-04:00,41.29636851165604,42.069931451710495,41.22836141053795,41.86591339111328,29055700,0.0,0.0
2018-06-29 00:00:00-04:00,42.103933821468566,42.59697560044928,42.078432778678945,42.2569465637207,28906500,0.0,0.0
2018-07-02 00:00:00-04:00,41.68739324198529,42.73297794115752,41.508879492975616,42.6734733581543,23755500,0.0,0.0
2018-07-03 00:00:00-04:00,42.99649855720104,43.23451687816252,42.018917751383974,42.052921295166016,16327900,0.0,0.0
2018-07-05 00:00:00-04:00,42.4864603926243,43.31952786195927,42.29094485578866,43.141014099121094,26163500,0.0,0.0
2018-07-06 00:00:00-04:00,43.15801246472343,43.778562574217474,42.843487777501856,43.668052673339844,19968000,0.0,0.0
2018-07-09 00:00:00-04:00,43.89757464305184,44.1100919511555,43.35353085314755,44.084590911865234,21361600,0.0,0.0
2018-07-10 00:00:00-04:00,44.28860573210598,44.42461667964472,44.067589158389325,44.3396110534668,17362900,0.0,0.0
2018-07-11 00:00:00-04:00,43.94008411195163,44.093096856384435,43.51504943136211,43.52355194091797,18665600,0.0,0.0
2018-07-12 00:00:00-04:00,44.24610899408537,44.611639073800546,43.97408706165881,44.501129150390625,20292700,0.0,0.0
2018-07-13 00:00:00-04:00,44.54363775105631,44.560636285389315,43.99959061243531,44.390625,13749300,0.0,0.0
2018-07-16 00:00:00-04:00,44.33112870337523,44.475638971569815,44.09310702229295,44.21211624145508,15951500,0.0,0.0
2018-07-17 00:00:00-04:00,43.39603967357265,44.1015987906713,43.36203612130729,43.9910888671875,15754500,0.0,0.0
2018-07-18 00:00:00-04:00,44.09309607222165,44.178104952482094,43.7530702794515,43.9655876159668,14649000,0.0,0.0
2018-07-19 00:00:00-04:00,43.863576291587194,44.21210458845371,43.396038806925844,44.18660354614258,15954600,0.0,0.0
2018-07-20 00:00:00-04:00,44.05909803323798,44.2631128708615,43.63406333830537,44.12710189819336,17380500,0.0,0.0
2018-07-23 00:00:00-04:00,44.00808297692335,44.62863310525611,43.6340536954336,44.46712112426758,15945500,0.0,0.0
2018-07-24 00:00:00-04:00,44.849651631663285,45.30868979907536,44.27160753236566,44.35661315917969,17788700,0.0,0.0
2018-07-25 00:00:00-04:00,44.382109877061666,44.58612790140905,43.430033329872366,44.56912612915039,19854800,0.0,0.0
2018-07-26 00:00:00-04:00,44.586131909242255,45.20668206006005,44.093090197691346,44.3396110534668,28282500,0.0,0.0
2018-07-27 00:00:00-04:00,41.44938044022189,41.823413032844435,40.36129270042667,40.531307220458984,67816700,0.0,0.0
2018-07-30 00:00:00-04:00,40.48879666024354,40.79482208924244,39.46871297783275,40.539798736572266,35696600,0.0,0.0
2018-07-31 00:00:00-04:00,41.0073333164298,41.38136253940723,40.539792734262825,40.88832092285156,36581200,0.0,0.0
2018-08-01 00:00:00-04:00,40.85433412644638,41.57689177680907,40.803328798056214,41.491886138916016,28060700,0.0,0.0
2018-08-02 00:00:00-04:00,41.22836429434075,42.09543543770312,40.97334413282412,42.061431884765625,26452500,0.0,0.0
2018-08-03 00:00:00-04:00,42.078424424761266,42.31644275756266,41.797900038739705,42.188934326171875,22008200,0.0,0.0
2018-08-06 00:00:00-04:00,41.71001242520385,42.171842334673975,41.32515416731208,42.16328811645508,26669000,0.3,0.0
2018-08-07 00:00:00-04:00,42.27445242097259,42.61654923201213,42.25734725417291,42.505367279052734,28322700,0.0,0.0
2018-08-08 00:00:00-04:00,42.419850880832016,42.87312974565731,42.28301277847363,42.72773742675781,21990600,0.0,0.0
2018-08-09 00:00:00-04:00,42.64222126469845,43.2750963600853,42.52248831489435,42.88168716430664,23795600,0.0,0.0
2018-08-10 00:00:00-04:00,41.487638134408805,42.05209568513282,41.30803874610515,41.778419494628906,28712400,0.0,0.0
2018-08-13 00:00:00-04:00,41.83828898670242,42.111968459499664,41.37646242083693,41.43632888793945,17070600,0.0,0.0
2018-08-14 00:00:00-04:00,41.62447929389356,41.70145093204398,40.75213841149244,41.15409851074219,23061600,0.0,0.0
2018-08-15 00:00:00-04:00,40.86331394567793,41.051467549271564,40.11070605625844,40.589637756347656,26739900,0.0,0.0
2018-08-16 00:00:00-04:00,40.837669299942775,41.00871778196702,40.23900124409714,40.34162902832031,24358000,0.0,0.0
2018-08-17 00:00:00-04:00,40.19623094939314,40.52977362038103,39.623222414614496,40.28175354003906,26382000,0.0,0.0
2018-08-20 00:00:00-04:00,40.23899654645012,40.29886301879781,39.50349044334644,39.76861572265625,24334000,0.0,0.0
2018-08-21 00:00:00-04:00,39.90544995372143,40.92318314700103,39.88834478293382,40.726478576660156,19254300,0.0,0.0
2018-08-22 00:00:00-04:00,40.41004688307608,40.495569486832046,40.12781641822061,40.23899841308594,23182500,0.0,0.0
2018-08-23 00:00:00-04:00,40.07649517082379,40.34161714048089,39.948208031489564,40.17912292480469,31343200,0.0,0.0
2018-08-24 00:00:00-04:00,40.4442588495868,40.95740101763322,40.264659417018386,40.76069641113281,18214700,0.0,0.0
2018-08-27 00:00:00-04:00,41.05147103725527,41.38501371743652,40.73503352817021,41.35080337524414,17170300,0.0,0.0
2018-08-28 00:00:00-04:00,41.521846704791884,41.72710547016348,41.31659120189768,41.5389518737793,13472400,0.0,0.0
2018-08-29 00:00:00-04:00,41.650136502668296,41.78697460083506,41.39356547641532,41.69289779663086,13479100,0.0,0.0
2018-08-30 00:00:00-04:00,41.49619115545445,41.76131638470368,41.128438173341216,41.2567253112793,16418800,0.0,0.0
2018-08-31 00:00:00-04:00,41.01724909046599,41.53039429073936,40.983038757952386,41.419212341308594,16484000,0.0,0.0
2018-09-04 00:00:00-04:00,41.37645973218154,41.419221025550726,40.67516408099859,41.01725769042969,15682900,0.0,0.0
2018-09-05 00:00:00-04:00,40.83766021408349,41.15409771481404,40.598194350014715,40.81200408935547,20857200,0.0,0.0
2018-09-06 00:00:00-04:00,40.84620615717843,41.01725458016246,40.375825440830354,40.41858673095703,19318100,0.0,0.0
2018-09-07 00:00:00-04:00,40.11925827840342,40.60674420996702,39.648877517023514,39.72584915161133,25958300,0.0,0.0
2018-09-10 00:00:00-04:00,39.819924826167366,39.99096999819426,39.53769441986344,39.59756088256836,21522400,0.0,0.0
2018-09-11 00:00:00-04:00,39.34098961380117,39.3666457369478,38.391673907645654,38.42588424682617,32455300,0.0,0.0
2018-09-12 00:00:00-04:00,38.10944676560017,38.46864553956306,37.681827313276244,38.42588424682617,29778700,0.0,0.0
2018-09-13 00:00:00-04:00,39.067316708094474,39.21270576811228,38.579830752480504,38.97323989868164,18657100,0.0,0.0
2018-09-14 00:00:00-04:00,39.15284159899411,39.31533910205576,38.78508855650866,38.94758605957031,22998700,0.0,0.0
2018-09-17 00:00:00-04:00,38.73377291487466,39.25546919753453,38.64824706219733,38.84495162963867,17603200,0.0,0.0
2018-09-18 00:00:00-04:00,38.9817998391646,39.794274376165674,38.83640749532093,39.42652130126953,20528100,0.0,0.0
2018-09-19 00:00:00-04:00,39.41797234908897,39.717304745041545,39.24692386748246,39.46928787231445,15918900,0.0,0.0
2018-09-20 00:00:00-04:00,40.00807699759979,40.504117154100484,39.78571630630899,40.367279052734375,21999300,0.0,0.0
2018-09-21 00:00:00-04:00,40.29886574861081,40.55543682783483,39.6574364193116,39.90545654296875,52650600,0.0,0.0
2018-09-24 00:00:00-04:00,39.60611681731236,40.19623051635843,39.46927871626642,40.119258880615234,17847000,0.0,0.0
2018-09-25 00:00:00-04:00,39.52914425434268,39.674533305959656,39.16994220847426,39.26401901245117,23389900,0.0,0.0
2018-09-26 00:00:00-04:00,39.37520445652306,39.59756516167391,38.98179529838345,39.08442306518555,23957700,0.0,0.0
2018-09-27 00:00:00-04:00,39.26402511584526,39.48638583596477,39.11008182404017,39.23836898803711,15415500,0.0,0.0
2018-09-28 00:00:00-04:00,39.01600122576969,40.83766116067143,38.87916311991891,40.444252014160156,46223500,0.0,0.0
2018-10-01 00:00:00-04:00,40.01663051977888,40.38438352253424,39.512039418031584,39.72584915161133,23796200,0.0,0.0
2018-10-02 00:00:00-04:00,40.632398514355756,41.80407815088509,40.469904298604106,41.13698959350586,42121100,0.0,0.0
2018-10-03 00:00:00-04:00,41.581713611483,42.522478341027764,41.5304013664472,41.701446533203125,39211900,0.0,0.0
2018-10-04 00:00:00-04:00,41.769873796890735,41.78697896875926,40.72648115025656,41.162654876708984,30108300,0.0,0.0
2018-10-05 00:00:00-04:00,41.24817304575023,41.34224984968936,39.905448191747844,40.221885681152344,28901400,0.0,0.0
2018-10-08 00:00:00-04:00,40.162019217277916,40.49556187671477,39.78571526399898,40.221885681152344,19376800,0.0,0.0
2018-10-09 00:00:00-04:00,40.35017227967293,40.72647622786471,39.80281989594759,39.811370849609375,23285700,0.0,0.0
2018-10-10 00:00:00-04:00,39.39230389354512,39.44361613823745,38.314701080322266,38.314701080322266,43109500,0.0,0.0
2018-10-11 00:00:00-04:00,38.614042500272184,39.007451660795304,37.39960141292434,37.82722091674805,43648800,0.0,0.0
2018-10-12 00:00:00-04:00,38.71667951996153,38.77654600380513,37.82722995645853,38.38313674926758,32087400,0.0,0.0
2018-10-15 00:00:00-04:00,38.16931950214663,38.60548997972402,38.00682199556682,38.08379364013672,21633000,0.0,0.0
2018-10-16 00:00:00-04:00,38.40022317024832,39.349535491469915,38.34035671564363,39.289669036865234,21472000,0.0,0.0
2018-10-17 00:00:00-04:00,39.34097924252697,39.623209572646935,38.947570233096094,39.24690246582031,23124400,0.0,0.0
2018-10-18 00:00:00-04:00,39.04165716603525,39.12717975121083,38.34036152766748,38.4600944519043,26638800,0.0,0.0
2018-10-19 00:00:00-04:00,38.5028602249546,38.63969833464547,37.51078311407632,37.630516052246094,28368500,0.0,0.0
2018-10-22 00:00:00-04:00,38.058130445700904,38.776531240793005,37.716033586141826,38.494300842285156,34508800,0.0,0.0
2018-10-23 00:00:00-04:00,37.78445976382917,38.56272713327519,37.55354483938106,38.058135986328125,38590300,0.0,0.0
2018-10-24 00:00:00-04:00,37.76735309537522,37.93840154327781,36.22792358920742,36.27923583984375,33631800,0.0,0.0
2018-10-25 00:00:00-04:00,37.23710315591531,38.434435679873175,37.01473921094535,37.89563751220703,48255300,0.0,0.0
2018-10-26 00:00:00-04:00,38.99034030231827,39.71729203847771,38.2291782282866,39.075862884521484,67280400,0.0,0.0
2018-10-29 00:00:00-04:00,39.76860799180731,39.98241771219337,38.006814721334294,38.82784652709961,35732200,0.0,0.0
2018-10-30 00:00:00-04:00,38.93902439187596,40.948837677591925,38.8791579324588,40.84620666503906,43975200,0.0,0.0
2018-10-31 00:00:00-04:00,41.299491895230354,41.53040681562195,40.05084374420425,40.093605041503906,33369100,0.0,0.0
2018-11-01 00:00:00-04:00,40.153462715640615,41.453426096189645,40.07649109236873,41.23961639404297,28335300,0.0,0.0
2018-11-02 00:00:00-04:00,41.162650182247596,41.26527793927643,39.98241955774452,40.290306091308594,30759800,0.0,0.0
2018-11-05 00:00:00-05:00,40.48701636137156,41.26528375875782,40.12781426739742,41.02581787109375,23751200,0.0,0.0
2018-11-06 00:00:00-05:00,41.13768571053407,41.240959317736305,40.475007105219575,40.664344787597656,23839600,0.3,0.0
2018-11-07 00:00:00-05:00,40.991389000788196,41.95528383320064,40.95696336459255,41.929466247558594,29913200,0.0,0.0
2018-11-08 00:00:00-05:00,41.73152410981307,42.42002042438528,41.70570324094766,42.161834716796875,26581700,0.0,0.0
2018-11-09 00:00:00-05:00,41.98971804202549,42.19626533534935,41.197944662923916,41.40449523925781,21761400,0.0,0.0
2018-11-12 00:00:00-05:00,41.06023609454863,41.13769213279464,40.104946050517555,40.147979736328125,24412800,0.0,0.0
2018-11-13 00:00:00-05:00,40.440593107378014,41.5249744144009,40.440593107378014,40.78483963012695,29315900,0.0,0.0
2018-11-14 00:00:00-05:00,41.18072397099686,41.284000880930904,40.35452838958092,40.52665328979492,25632700,0.0,0.0
2018-11-15 00:00:00-05:00,40.45780974865832,41.516376938230756,40.20823204280949,41.40449523925781,29581000,0.0,0.0
2018-11-16 00:00:00-05:00,41.11187964985226,42.21347385672145,41.04302837041809,42.024139404296875,31670600,0.0,0.0
2018-11-19 00:00:00-05:00,41.834797733590676,42.29953397702593,41.12048055019841,41.309818267822266,26859000,0.0,0.0
2018-11-20 00:00:00-05:00,40.793447680926114,41.413092735077996,40.526653917312885,40.78483963012695,29200800,0.0,0.0
2018-11-21 00:00:00-05:00,41.18071896865735,41.20653983450903,40.46640515160167,40.47500991821289,19011400,0.0,0.0
2018-11-23 00:00:00-05:00,40.182397774132355,40.50943470972281,40.03609376371572,40.053306579589844,8906900,0.0,0.0
2018-11-26 00:00:00-05:00,40.68156329831801,40.84508013953237,40.191009491665675,40.83647537231445,20723000,0.0,0.0
2018-11-27 00:00:00-05:00,40.397564561928455,41.49916211078078,40.09634840580274,41.37006759643555,27621000,0.0,0.0
2018-11-28 00:00:00-05:00,41.258180228751975,42.067166279106154,41.008602569290034,42.04995346069336,28003200,0.0,0.0
2018-11-29 00:00:00-05:00,41.731527341799804,41.79177056880245,40.991392515184856,41.0516357421875,23592500,0.0,0.0
2018-11-30 00:00:00-05:00,41.26677647394369,42.44582629233966,40.93113481843749,42.43722152709961,43313700,0.0,0.0
2018-12-03 00:00:00-05:00,43.03105504418558,43.46136559462744,42.626562076207364,43.14293670654297,30870400,0.0,0.0
2018-12-04 00:00:00-05:00,42.6179576527348,42.68680563419497,41.03441468304321,41.09465789794922,35397700,0.0,0.0
2018-12-06 00:00:00-05:00,40.27706760219036,41.64545530896968,40.0360947400938,41.62824249267578,31661700,0.0,0.0
2018-12-07 00:00:00-05:00,41.258177405835625,41.3614543092461,39.786516003832936,39.79512405395508,34016400,0.0,0.0
2018-12-10 00:00:00-05:00,39.82955056049005,40.84508390223718,39.59718242808931,40.62992858886719,23289000,0.0,0.0
2018-12-11 00:00:00-05:00,41.22375709432579,41.81758454478008,40.56107837152408,40.7762336730957,23851000,0.0,0.0
2018-12-12 00:00:00-05:00,41.80898682653329,41.860622006490544,40.802058138237925,41.16352081298828,31305000,0.0,0.0
2018-12-13 00:00:00-05:00,41.53357778260512,41.80897958773711,41.18933127145649,41.55939865112305,19526000,0.0,0.0
2018-12-14 00:00:00-05:00,41.21514864006021,41.963888162952635,41.180723004223715,41.1893310546875,26372100,0.0,0.0
2018-12-17 00:00:00-05:00,41.18933469048029,41.66267573448136,40.15658850529001,40.51805114746094,26598700,0.0,0.0
2018-12-18 00:00:00-05:00,40.85368764770368,41.69709599326644,40.759018794516464,41.086055755615234,29014300,0.0,0.0
2018-12-19 00:00:00-05:00,40.870908138719535,41.07745541808215,39.054996619023306,39.21851348876953,39717600,0.0,0.0
2018-12-20 00:00:00-05:00,39.08080631945488,39.85536666823876,38.736556545993345,39.19268798828125,37750900,0.0,0.0
2018-12-21 00:00:00-05:00,39.373420918237784,40.14798133147246,38.555830100492166,38.59025573730469,52768300,0.0,0.0
2018-12-24 00:00:00-05:00,38.409523577135296,38.87425651192197,37.47144637440325,37.51447677612305,19241600,0.0,0.0
2018-12-26 00:00:00-05:00,37.86733128346687,39.76069850424205,37.44562546783148,39.75209045410156,28677600,0.0,0.0
2018-12-27 00:00:00-05:00,39.26153822057114,39.91561217098663,38.44394742405645,39.898399353027344,29970700,0.0,0.0
2018-12-28 00:00:00-05:00,40.02748878332313,41.08605570118765,39.84675912730107,40.234039306640625,24758700,0.0,0.0
2018-12-31 00:00:00-05:00,40.52664959892909,40.862291318123475,40.06191339557881,40.38895034790039,20490400,0.0,0.0
2019-01-02 00:00:00-05:00,39.55415295701155,40.853692918970616,39.390636096868526,40.51805114746094,18774600,0.0,0.0
2019-01-03 00:00:00-05:00,39.717678623095736,39.82955704048311,38.20298313205518,38.28904724121094,32267300,0.0,0.0
2019-01-04 00:00:00-05:00,39.450876358050074,40.93975065589179,39.19269065191157,40.63853454589844,35447300,0.0,0.0
2019-01-07 00:00:00-05:00,40.53526185709107,41.309822339154096,40.234045715738624,40.82787322998047,22736800,0.0,0.0
2019-01-08 00:00:00-05:00,41.13769092425611,41.335633397734284,40.259856944259965,41.086055755615234,22749200,0.0,0.0
2019-01-09 00:00:00-05:00,41.275390008796535,41.800369441208915,41.12047793749422,41.31842041015625,22554500,0.0,0.0
2019-01-10 00:00:00-05:00,41.094666509763414,41.86922698231361,40.80205514046775,41.791770935058594,27202600,0.0,0.0
2019-01-11 00:00:00-05:00,41.39587424518216,42.42001547134907,41.35284384610996,42.110191345214844,21751300,0.0,0.0
2019-01-14 00:00:00-05:00,41.705703252153924,42.02413546517426,41.56800398920248,41.61103439331055,19193900,0.0,0.0
2019-01-15 00:00:00-05:00,41.92085981016262,42.28232243810759,41.68849168141431,41.82619094848633,22480800,0.0,0.0
2019-01-16 00:00:00-05:00,41.82619696180469,42.07577794519524,41.37867674173814,41.42170715332031,19057700,0.0,0.0
2019-01-17 00:00:00-05:00,41.30982046446909,42.032742453917685,41.23236441977783,41.71431350708008,17448700,0.0,0.0
2019-01-18 00:00:00-05:00,42.26511348848249,42.497481638502805,41.903650827447635,42.333961486816406,29874600,0.0,0.0
2019-01-22 00:00:00-05:00,42.13600259006466,42.153215403706234,41.19792558615434,41.54217529296875,25940700,0.0,0.0
2019-01-23 00:00:00-05:00,41.66267172123401,41.99831346041227,40.89671938659455,41.2581787109375,18960700,0.0,0.0
2019-01-24 00:00:00-05:00,41.91225231317023,43.06548483093417,41.82618822497335,42.82450866699219,50578300,0.0,0.0
2019-01-25 00:00:00-05:00,40.3201033695803,40.81926525953401,39.3734213284391,40.48362350463867,86455700,0.0,0.0
2019-01-28 00:00:00-05:00,39.700456889501204,40.21682829648293,39.631605617632,40.199615478515625,35928700,0.0,0.0
2019-01-29 00:00:00-05:00,40.259853804061436,40.42337391336113,39.87257693742496,40.053306579589844,20988300,0.0,0.0
2019-01-30 00:00:00-05:00,40.17379429434877,41.03441541756445,39.975851829970246,40.9139289855957,26931700,0.0,0.0
2019-01-31 00:00:00-05:00,40.19101182260639,40.60410961621875,39.67463711833386,40.55247116088867,43051300,0.0,0.0
2019-02-01 00:00:00-05:00,40.50083632425585,42.213470735947375,40.45780263628605,41.938072204589844,37442900,0.0,0.0
2019-02-04 00:00:00-05:00,41.843400865248256,42.37698836077931,41.51636718051417,42.35977554321289,20905000,0.0,0.0
2019-02-05 00:00:00-05:00,42.325340071628155,43.65069716914435,42.325340071628155,43.03965377807617,31641600,0.0,0.0
2019-02-06 00:00:00-05:00,43.26050437967293,43.85809573416314,43.14791355503507,43.217201232910156,21647800,0.315,0.0
2019-02-07 00:00:00-05:00,42.87078102265968,43.173906435635644,42.16059865184236,42.636940002441406,27825900,0.0,0.0
2019-02-08 00:00:00-05:00,42.238542554916144,42.455061635080476,41.580322701077954,42.29916763305664,18851200,0.0,0.0
2019-02-11 00:00:00-05:00,42.45506355406239,42.71488580123984,42.07399114512341,42.23854446411133,18004100,0.0,0.0
2019-02-12 00:00:00-05:00,42.749521932450115,43.42506031394364,42.671574941984055,43.312469482421875,18050100,0.0,0.0
2019-02-13 00:00:00-05:00,43.41641414906074,44.00534641002128,43.30382328345429,43.710880279541016,17712800,0.0,0.0
2019-02-14 00:00:00-05:00,43.658912498969464,44.20454157237467,43.6069467240387,44.00534439086914,17545400,0.0,0.0
2019-02-15 00:00:00-05:00,44.386413493395054,44.7501639791175,44.247841407812345,44.74150466918945,22520400,0.0,0.0
2019-02-19 00:00:00-05:00,44.47302044258126,44.78480846554635,44.46436113252964,44.516326904296875,15611800,0.0,0.0
2019-02-20 00:00:00-05:00,44.715527339936884,44.802133662055965,44.221864035455404,44.507667541503906,21607700,0.0,0.0
2019-02-21 00:00:00-05:00,44.44703926125624,44.897399372314936,44.351770331479706,44.524986267089844,16162100,0.0,0.0
2019-02-22 00:00:00-05:00,45.642225281090994,45.884725607050875,45.087936933857485,45.460350036621094,31934100,0.0,0.0
2019-02-25 00:00:00-05:00,45.95401073373329,46.43035204902297,45.780794808950056,45.988651275634766,20711800,0.0,0.0
2019-02-26 00:00:00-05:00,45.91071181588335,46.222499870943125,45.82410549117542,46.10124969482422,16082200,0.0,0.0
2019-02-27 00:00:00-05:00,45.69418947764372,46.23115922518475,45.477670377324706,46.10990905761719,17590300,0.0,0.0
2019-02-28 00:00:00-05:00,45.832764900955716,46.05794663179316,45.73749926509936,45.867408752441406,18388800,0.0,0.0
2019-03-01 00:00:00-05:00,46.2831268595647,46.49098667274657,45.80678544647165,46.1618766784668,18359300,0.0,0.0
2019-03-04 00:00:00-05:00,46.551602692692605,46.85472808637323,46.083920682026196,46.716156005859375,21706100,0.0,0.0
2019-03-05 00:00:00-05:00,46.63821728663354,46.75947076945839,45.997322539371595,46.49098587036133,21057700,0.0,0.0
2019-03-06 00:00:00-05:00,46.44768164896139,46.46500357468466,45.85008677487705,45.85874938964844,14740500,0.0,0.0
2019-03-07 00:00:00-05:00,45.70284916822001,45.89338702153436,45.34775799856451,45.55561447143555,17803000,0.0,0.0
2019-03-08 00:00:00-05:00,45.00999314797653,45.52097837409785,44.77615211529531,45.451690673828125,16793900,0.0,0.0
2019-03-11 00:00:00-04:00,45.79811227876696,46.46499137685809,45.52962745626731,46.20516586303711,18963000,0.0,0.0
2019-03-12 00:00:00-04:00,46.19651282661367,46.733479240700035,46.05794074221012,46.39570999145508,20782100,0.0,0.0
2019-03-13 00:00:00-04:00,46.76812232065222,47.26178556973136,46.46499692343487,47.08856964111328,25522300,0.0,0.0
2019-03-14 00:00:00-04:00,47.02794927133323,47.1578620567618,46.1878573847051,46.28312301635742,26647100,0.0,0.0
2019-03-15 00:00:00-04:00,46.490977441842496,47.36571307738182,46.490977441842496,47.05392837524414,46512500,0.0,0.0
2019-03-18 00:00:00-04:00,47.13186902611918,47.20981602256954,46.65552773839757,46.8547248840332,16274000,0.0,0.0
2019-03-19 00:00:00-04:00,47.17517356647174,47.33106755304022,46.76811667889642,46.915348052978516,18274800,0.0,0.0
2019-03-20 00:00:00-04:00,46.820084337300955,47.11455040120167,46.43034935510607,46.61222457885742,24325300,0.0,0.0
2019-03-21 00:00:00-04:00,46.69884209172471,47.6255469623772,46.629557691494924,47.322418212890625,19127200,0.0,0.0
2019-03-22 00:00:00-04:00,47.1145576581118,47.30509222022881,46.08392462380468,46.127227783203125,21438400,0.0,0.0
2019-03-25 00:00:00-04:00,45.876066329165674,46.37838890526556,45.365081139235926,45.711509704589844,16971400,0.0,0.0
2019-03-26 00:00:00-04:00,46.17919477030619,46.56892982277253,45.93669442824686,46.28312301635742,17724300,0.0,0.0
2019-03-27 00:00:00-04:00,46.413031993414315,46.646873005706546,45.85008104117535,46.040618896484375,19656000,0.0,0.0
2019-03-28 00:00:00-04:00,46.1185684355676,46.28312176267637,45.7028521588039,45.997318267822266,13607900,0.0,0.0
2019-03-29 00:00:00-04:00,46.59490709495604,46.80276687319727,46.317762926513794,46.50830078125,18736100,0.0,0.0
2019-04-01 00:00:00-04:00,47.062588401877825,47.26178556342537,46.85472862680006,47.20981979370117,17830400,0.0,0.0
2019-04-02 00:00:00-04:00,47.2271416699973,47.4609826777952,46.96731942927265,47.07991027832031,13704500,0.0,0.0
2019-04-03 00:00:00-04:00,47.660180296980315,48.49161610063284,47.538930137065314,48.0499153137207,24552800,0.0,0.0
2019-04-04 00:00:00-04:00,47.86804066184444,48.6215261675854,47.86804066184444,48.43098831176758,16520500,0.0,0.0
2019-04-05 00:00:00-04:00,48.28375952284997,48.45697546441329,47.52161136226294,48.153846740722656,19268400,0.0,0.0
2019-04-08 00:00:00-04:00,47.876701213742216,48.27509885931636,47.807416821350536,48.2231330871582,11758800,0.0,0.0
2019-04-09 00:00:00-04:00,47.93732767046128,48.00661536865876,47.547595931468024,47.911346435546875,13339700,0.0,0.0
2019-04-10 00:00:00-04:00,47.91134694855005,48.37902900493273,47.91134694855005,48.28376007080078,13084000,0.0,0.0
2019-04-11 00:00:00-04:00,48.292420663770436,48.56090554856167,48.17983310573296,48.327064514160156,10845800,0.0,0.0
2019-04-12 00:00:00-04:00,48.68216128047202,48.92466495707391,48.36171388732143,48.864036560058594,12910200,0.0,0.0
2019-04-15 00:00:00-04:00,48.898668967622385,48.98527858321266,48.43098695489195,48.742774963378906,11676900,0.0,0.0
2019-04-16 00:00:00-04:00,49.07188544226424,49.77340846918371,48.56090026794935,49.11518859863281,30301900,0.0,0.0
2019-04-17 00:00:00-04:00,50.61350238524258,51.60949154234196,50.33635820834556,50.71743392944336,38788400,0.0,0.0
2019-04-18 00:00:00-04:00,50.84734149537866,50.99457619222695,50.33635631893882,50.65680694580078,20464200,0.0,0.0
2019-04-22 00:00:00-04:00,50.36234211369021,50.95127430815345,50.12850109790459,50.94261169433594,12327500,0.0,0.0
2019-04-23 00:00:00-04:00,51.003235540539976,51.08118254391405,50.665466293858636,50.90796661376953,17739900,0.0,0.0
2019-04-24 00:00:00-04:00,50.68278308033159,51.34966219631449,50.35367317679563,50.85599899291992,17723700,0.0,0.0
2019-04-25 00:00:00-04:00,50.49225632494592,50.56154402671163,49.56555478865612,49.8946647644043,27949900,0.0,0.0
2019-04-26 00:00:00-04:00,45.67687110570123,45.97999652627073,44.62025683316876,45.40838623046875,72364500,0.0,0.0
2019-04-29 00:00:00-04:00,45.18320225155368,45.40838395597111,44.169894493132645,44.26516342163086,42142300,0.0,0.0
2019-04-30 00:00:00-04:00,44.16990021547359,44.54231336394883,44.057309348678395,44.20454406738281,27130900,0.0,0.0
2019-05-01 00:00:00-04:00,44.256498397518,44.689536555238604,43.94471369916709,43.962032318115234,20467600,0.0,0.0
2019-05-02 00:00:00-04:00,43.99667425133406,44.45569692516337,43.407742118126464,43.780155181884766,22655400,0.0,0.0
2019-05-03 00:00:00-04:00,44.23918834987326,44.88008309733393,43.93605959844654,44.8194580078125,25656600,0.0,0.0
2019-05-06 00:00:00-04:00,43.786862955998565,44.684383660355145,43.73457893789975,44.632102966308594,26245200,0.315,0.0
2019-05-07 00:00:00-04:00,44.09185033941101,44.33583913074172,43.50802702155212,43.98728561401367,29713400,0.0,0.0
2019-05-08 00:00:00-04:00,43.7432931156534,44.25740764196205,42.75863241461098,42.906768798828125,36812400,0.0,0.0
2019-05-09 00:00:00-04:00,41.73912566592551,42.07896351593843,40.12706980881826,40.623756408691406,59642200,0.0,0.0
2019-05-10 00:00:00-04:00,40.46690378344486,40.7806012531235,39.29925393744791,40.257774353027344,42522800,0.0,0.0
2019-05-13 00:00:00-04:00,39.499676815310075,39.76980262345861,38.95070620911866,39.002986907958984,39091900,0.0,0.0
2019-05-14 00:00:00-04:00,39.368975677214,39.63910485920958,39.09884649521843,39.360260009765625,24706500,0.0,0.0
2019-05-15 00:00:00-04:00,39.1423982872548,39.86564547279796,39.00297758359069,39.75236511230469,23407900,0.0,0.0
2019-05-16 00:00:00-04:00,39.62166568686528,40.03992785712616,39.57809401000399,39.673946380615234,19954700,0.0,0.0
2019-05-17 00:00:00-04:00,39.368973127441805,39.84823176041418,39.002991571536356,39.11627197265625,22500400,0.0,0.0
2019-05-20 00:00:00-04:00,38.340738802449565,38.793857023546636,37.861480232229454,37.957332611083984,28675000,0.0,0.0
2019-05-21 00:00:00-04:00,38.63700480789685,39.020410964800774,38.49758408501795,38.74156951904297,25543400,0.0,0.0
2019-05-22 00:00:00-04:00,38.47144860235527,38.74157441730693,38.21003180535957,38.34074020385742,16932500,0.0,0.0
2019-05-23 00:00:00-04:00,37.7917803007826,38.98557426170966,37.347377603161576,38.802581787109375,35783900,0.0,0.0
2019-05-24 00:00:00-04:00,38.85485323929997,39.255687436569204,38.76771652652058,38.837425231933594,27168100,0.0,0.0
2019-05-28 00:00:00-04:00,38.91584236880694,38.9419827129709,37.73076468061278,37.96603775024414,34779900,0.0,0.0
2019-05-29 00:00:00-04:00,37.774337305966306,38.80256639749586,37.75691262391866,38.54115295410156,28450300,0.0,0.0
2019-05-30 00:00:00-04:00,38.60215472871347,39.23826208236151,38.54115836083302,38.97684860229492,21618900,0.0,0.0
2019-05-31 00:00:00-04:00,38.497580167978946,39.18597137142417,38.27973510289262,38.375587463378906,25532500,0.0,0.0
2019-06-03 00:00:00-04:00,38.55858871734356,38.854858232540636,37.64363981936973,37.87019729614258,31155700,0.0,0.0
2019-06-04 00:00:00-04:00,38.480154682933424,39.09012156991611,38.140316891000076,39.02912521362305,28094900,0.0,0.0
2019-06-05 00:00:00-04:00,39.30798554792298,39.36898193354214,38.5063135419868,38.820011138916016,20802000,0.0,0.0
2019-06-06 00:00:00-04:00,38.99427734068056,39.36025555481311,38.78514455828138,39.299259185791016,19076200,0.0,0.0
2019-06-07 00:00:00-04:00,39.42996257486023,40.18806258202895,39.299254186980065,40.10963821411133,24370300,0.0,0.0
2019-06-10 00:00:00-04:00,40.283914946133116,41.120439321002095,40.25777459818483,40.780601501464844,20806100,0.0,0.0
2019-06-11 00:00:00-04:00,41.18143497902165,41.23371899807779,40.53661536425762,40.82416915893555,18415500,0.0,0.0
2019-06-12 00:00:00-04:00,40.667324667311405,40.667324667311405,40.30134646790491,40.362342834472656,15900600,0.0,0.0
2019-06-13 00:00:00-04:00,40.606326150289554,40.92002363262653,40.54532978695209,40.69346618652344,12267600,0.0,0.0
2019-06-14 00:00:00-04:00,39.935371201235846,40.44948252176096,39.69138239299435,40.24906539916992,15381100,0.0,0.0
2019-06-17 00:00:00-04:00,40.20549350037911,40.54533134461584,39.90922401390688,40.196781158447266,12643300,0.0,0.0
2019-06-18 00:00:00-04:00,40.73703540436959,41.82626094994097,40.60632700928,41.27729034423828,25732300,0.0,0.0
2019-06-19 00:00:00-04:00,41.3731387671384,41.46027879688151,40.95487659652821,41.015872955322266,17436400,0.0,0.0
2019-06-20 00:00:00-04:00,41.71296878813471,41.869817488347465,40.84158859764236,41.12042999267578,20126800,0.0,0.0
2019-06-21 00:00:00-04:00,40.91131412394048,41.59098983336653,40.78060572256498,41.355716705322266,31096300,0.0,0.0
2019-06-24 00:00:00-04:00,41.30343193813284,41.695550455554006,41.103011522672254,41.503849029541016,14479900,0.0,0.0
2019-06-25 00:00:00-04:00,41.44285175025001,41.54741646430995,40.7806008050816,40.82416915893555,16665600,0.0,0.0
2019-06-26 00:00:00-04:00,41.521274616076475,42.24451857125785,41.44285025235298,41.991817474365234,21886300,0.0,0.0
2019-06-27 00:00:00-04:00,41.95697136278629,42.192241166777826,41.16401526043832,41.355716705322266,23062900,0.0,0.0
2019-06-28 00:00:00-04:00,41.625849267063984,42.00054316944031,41.54742488461189,41.71298599243164,26646200,0.0,0.0
2019-07-01 00:00:00-04:00,42.95034824802665,43.089769003521425,41.60842139885626,41.869834899902344,27423300,0.0,0.0
2019-07-02 00:00:00-04:00,41.747823797826705,42.01795284709525,41.55611909679409,41.93081283569336,15381600,0.0,0.0
2019-07-03 00:00:00-04:00,41.9831113056124,42.31423681490841,41.82626255510653,42.279380798339844,10739100,0.0,0.0
2019-07-05 00:00:00-04:00,41.85240533499732,41.9831137426906,41.33829069495152,41.89597702026367,14339200,0.0,0.0
2019-07-08 00:00:00-04:00,41.495126362251945,41.782683438827604,41.015867892011016,41.669403076171875,16564300,0.0,0.0
2019-07-09 00:00:00-04:00,41.26857587543477,41.651982051055846,41.068158784265634,41.60841369628906,17853200,0.0,0.0
2019-07-10 00:00:00-04:00,41.756553304682974,42.35780799637479,41.739128619290184,42.009254455566406,16032300,0.0,0.0
2019-07-11 00:00:00-04:00,42.314234071218614,42.50593550181028,42.09638896786936,42.34908676147461,16615100,0.0,0.0
2019-07-12 00:00:00-04:00,42.69764488284936,43.50802902103991,42.532083783023864,43.49931335449219,20148700,0.0,0.0
2019-07-15 00:00:00-04:00,43.56902687999238,43.786872014392344,43.36860975523077,43.67359161376953,14345100,0.0,0.0
2019-07-16 00:00:00-04:00,43.49059086273833,43.569015223102,42.66277890868898,42.845767974853516,17131400,0.0,0.0
2019-07-17 00:00:00-04:00,43.133320311305255,43.30759701777743,42.90676291972761,43.03746795654297,11928600,0.0,0.0
2019-07-18 00:00:00-04:00,42.94163168635842,43.56031439227622,42.60179380967357,43.51674270629883,15671600,0.0,0.0
2019-07-19 00:00:00-04:00,43.534173038746495,44.144140110393856,43.49060467449735,43.80430221557617,29141100,0.0,0.0
2019-07-22 00:00:00-04:00,43.57773429500091,44.893520619456794,43.47316957304797,44.745384216308594,21688000,0.0,0.0
2019-07-23 00:00:00-04:00,45.311782026060534,45.311782026060534,44.70181506474537,45.093936920166016,18413500,0.0,0.0
2019-07-24 00:00:00-04:00,45.29435271868453,46.157020775850036,45.13750398101807,46.11344909667969,20896400,0.0,0.0
2019-07-25 00:00:00-04:00,45.75618804903241,45.83461242606318,45.207220733869775,45.45120620727539,27765400,0.0,0.0
2019-07-26 00:00:00-04:00,45.913026733890554,46.61884597237402,44.902225720535746,44.95450973510742,36401500,0.0,0.0
2019-07-29 00:00:00-04:00,44.90223496937817,45.79975912210871,44.24869961085292,45.756187438964844,21897500,0.0,0.0
2019-07-30 00:00:00-04:00,45.05908160448315,45.581911861172536,44.928376533350225,45.05036926269531,16487700,0.0,0.0
2019-07-31 00:00:00-04:00,44.88480319963359,45.067795610966165,43.61258860608728,44.04827880859375,24169800,0.0,0.0
2019-08-01 00:00:00-04:00,44.02213584329619,45.215925996465785,43.107187137231136,43.13332748413086,34020800,0.0,0.0
2019-08-02 00:00:00-04:00,42.7760662037064,43.011339322884034,42.26195160788548,42.418800354003906,27881600,0.0,0.0
2019-08-05 00:00:00-04:00,41.61711785874062,41.79139456761011,40.580176593247344,40.92873001098633,38936600,0.0,0.0
2019-08-06 00:00:00-04:00,41.36299040334927,41.72266843526988,41.02962921511928,41.19630813598633,26119600,0.315,0.0
2019-08-07 00:00:00-04:00,40.61730986869403,41.12612443639495,40.32781457911927,40.99453353881836,29440400,0.0,0.0
2019-08-08 00:00:00-04:00,40.49448889077778,41.5559770763497,40.275172984015235,41.380523681640625,30643700,0.0,0.0
2019-08-09 00:00:00-04:00,41.17875837815373,41.23139540681573,40.16113258282406,40.336585998535156,24975500,0.0,0.0
2019-08-12 00:00:00-04:00,40.143585477462224,40.41553842945747,39.86286136091668,40.00322341918945,18494300,0.0,0.0
2019-08-13 00:00:00-04:00,39.90672551404986,41.275254686974854,39.79268030080768,41.09103012084961,28959500,0.0,0.0
2019-08-14 00:00:00-04:00,40.40676401863268,40.906804020212235,40.04708606404922,40.240081787109375,25650200,0.0,0.0
2019-08-15 00:00:00-04:00,40.44186116519024,40.51204387780554,39.86286717209779,40.09095764160156,21896000,0.0,0.0
2019-08-16 00:00:00-04:00,40.65240449734847,40.95067432226541,40.406771705003635,40.79276657104492,22701800,0.0,0.0
2019-08-19 00:00:00-04:00,41.63493676479262,41.757753154332526,41.266487596172894,41.43316650390625,21403600,0.0,0.0
2019-08-20 00:00:00-04:00,41.25771302901244,41.33666690025245,40.757672959990906,40.880489349365234,23113300,0.0,0.0
2019-08-21 00:00:00-04:00,41.327899976301026,41.48580773498558,41.134900860909696,41.36299133300781,15915000,0.0,0.0
2019-08-22 00:00:00-04:00,41.47702677918477,41.60861767314483,40.959441060901575,41.038394927978516,19783000,0.0,0.0
2019-08-23 00:00:00-04:00,40.66116838539804,40.90680448027517,39.3014104123628,39.4417724609375,32814000,0.0,0.0
2019-08-26 00:00:00-04:00,40.196230598823604,40.196230598823604,39.696190456374595,39.968143463134766,22080500,0.0,0.0
2019-08-27 00:00:00-04:00,40.240082152401214,40.45939806197948,39.915495543244035,40.16990280151367,16925500,0.0,0.0
2019-08-28 00:00:00-04:00,40.09094894020569,40.27517350109258,39.80145033324468,40.16990280151367,14888800,0.0,0.0
2019-08-29 00:00:00-04:00,40.75767730523941,41.42439969934567,40.70504361646512,41.11735534667969,17803800,0.0,0.0
2019-08-30 00:00:00-04:00,41.44193885912243,41.924433227136326,41.37175615646817,41.59107208251953,16922600,0.0,0.0
2019-09-03 00:00:00-04:00,41.33666067018041,41.42438903972264,40.79275816499906,41.213844299316406,15003800,0.0,0.0
2019-09-04 00:00:00-04:00,41.722657662696534,42.94205352079312,41.70511198926769,42.915733337402344,23450700,0.0,0.0
2019-09-05 00:00:00-04:00,43.80178304636352,44.889588315236246,43.74914601212932,43.9509162902832,30014200,0.0,0.0
2019-09-06 00:00:00-04:00,44.08250013559706,44.73167673442999,43.92459240470514,44.670265197753906,17067900,0.0,0.0
2019-09-09 00:00:00-04:00,44.79308129363791,45.64402472280449,44.75798994595194,45.25802993774414,20749700,0.0,0.0
2019-09-10 00:00:00-04:00,45.02995097581812,45.47735402661045,44.59131909027847,45.459808349609375,18532000,0.0,0.0
2019-09-11 00:00:00-04:00,45.26680689363251,46.310752868652344,45.073811149654695,46.310752868652344,18968900,0.0,0.0
2019-09-12 00:00:00-04:00,46.49497868238294,46.784477325779825,45.67912312834978,46.50374984741211,23308700,0.0,0.0
2019-09-13 00:00:00-04:00,46.28443404311343,46.49497881586978,45.81948532583333,46.09143829345703,18010800,0.0,0.0
2019-09-16 00:00:00-04:00,45.52998108050961,45.872113340818885,45.354527695442165,45.79315948486328,13354600,0.0,0.0
2019-09-17 00:00:00-04:00,45.661569931494135,45.74052378973571,45.04748473922576,45.57384490966797,19641100,0.0,0.0
2019-09-18 00:00:00-04:00,45.73176170212879,45.73176170212879,44.88081476625579,45.38962936401367,14906800,0.0,0.0
2019-09-19 00:00:00-04:00,45.354531356493425,45.608938618052406,45.17907795726326,45.24048614501953,11428400,0.0,0.0
2019-09-20 00:00:00-04:00,45.26680935194012,45.51244548401749,44.354457571281515,44.49481964111328,37067900,0.0,0.0
2019-09-23 00:00:00-04:00,44.591313216861884,44.94221667117636,44.20531506667211,44.6527214050293,18916600,0.0,0.0
2019-09-24 00:00:00-04:00,44.828169021709385,44.898351716653735,43.54736495743085,43.70527267456055,28197400,0.0,0.0
2019-09-25 00:00:00-04:00,43.64386655453361,44.9246706794073,43.35436794393456,44.757991790771484,19486700,0.0,0.0
2019-09-26 00:00:00-04:00,44.72290222354967,44.87203879005665,44.16145400104302,44.670265197753906,11351800,0.0,0.0
2019-09-27 00:00:00-04:00,44.41586346803665,44.93344920121111,44.161456183858654,44.54745101928711,14845700,0.0,0.0
2019-09-30 00:00:00-04:00,44.90712875999435,45.26680675243929,44.68781282932072,45.20539855957031,13652100,0.0,0.0
2019-10-01 00:00:00-04:00,45.591398925254126,45.82826054331776,44.24041192437073,44.5299072265625,18413100,0.0,0.0
2019-10-02 00:00:00-04:00,44.13512518742103,44.18775885244177,42.968363197542395,43.328041076660156,20078700,0.0,0.0
2019-10-03 00:00:00-04:00,43.424554771520754,43.924594831473165,42.57360787986691,43.889503479003906,16320100,0.0,0.0
2019-10-04 00:00:00-04:00,44.17022516542796,44.71413105916473,43.88950105417463,44.670265197753906,12644900,0.0,0.0
2019-10-07 00:00:00-04:00,44.47727193836572,44.942220646039516,44.354455551168535,44.40708923339844,12081400,0.0,0.0
2019-10-08 00:00:00-04:00,44.0035435135876,44.28426760725522,43.52104918675234,43.626319885253906,17409100,0.0,0.0
2019-10-09 00:00:00-04:00,44.27550388962104,44.5562280305005,43.99477974874158,44.28427505493164,11834900,0.0,0.0
2019-10-10 00:00:00-04:00,44.222863133389914,45.424713469454545,44.21409196881811,44.83694839477539,13907900,0.0,0.0
2019-10-11 00:00:00-04:00,45.61771284989082,46.31075198288461,45.459805114613864,45.6966667175293,24072500,0.0,0.0
2019-10-14 00:00:00-04:00,45.529989402525594,45.57385192018594,45.12644553916184,45.30189895629883,15016800,0.0,0.0
2019-10-15 00:00:00-04:00,45.55630394427621,46.55638402103171,45.46857891338361,46.18793487548828,18878100,0.0,0.0
2019-10-16 00:00:00-04:00,45.92475711906545,46.10898505449597,45.72298685311365,46.01248550415039,14769300,0.0,0.0
2019-10-17 00:00:00-04:00,46.17916442101312,46.35461784470608,45.07381354079019,45.49489974975586,16533900,0.0,0.0
2019-10-18 00:00:00-04:00,45.39840295576645,45.45981115581303,44.76677193072057,45.056270599365234,16974100,0.0,0.0
2019-10-21 00:00:00-04:00,45.19663048944925,45.76684994034674,45.038722740832526,45.73176193237305,12189000,0.0,0.0
2019-10-22 00:00:00-04:00,45.52999533380557,45.89844454594581,45.52122082123308,45.62649154663086,13114300,0.0,0.0
2019-10-23 00:00:00-04:00,45.065037439336365,45.5826231803998,44.91590420968033,45.3720817565918,15887500,0.0,0.0
2019-10-24 00:00:00-04:00,45.69666832260751,45.99493812788553,45.117674388420234,45.81948471069336,23413000,0.0,0.0
2019-10-25 00:00:00-04:00,47.53892242766958,49.66190248839408,47.302060808508436,49.530311584472656,59767700,0.0,0.0
2019-10-28 00:00:00-04:00,49.46012974286994,49.837353412266,49.179405618644346,49.793487548828125,32307500,0.0,0.0
2019-10-29 00:00:00-04:00,49.45135804109192,50.214579934531166,49.33731615986183,49.42504119873047,18155800,0.0,0.0
2019-10-30 00:00:00-04:00,49.407504376977634,49.6794574006058,48.793418955347256,49.65313720703125,15248000,0.0,0.0
2019-10-31 00:00:00-04:00,49.41626289925246,49.653121139301895,48.793403165822276,49.591712951660156,19249700,0.0,0.0
2019-11-01 00:00:00-04:00,49.074132904522315,49.696992709524615,48.79340877261802,49.57417297363281,17953500,0.0,0.0
2019-11-04 00:00:00-05:00,49.942622105613076,50.70584057837774,49.87243940414279,50.539161682128906,19068000,0.0,0.0
2019-11-05 00:00:00-05:00,50.416347131734625,51.18833679696732,50.18825669016933,50.48652648925781,20865400,0.0,0.0
2019-11-06 00:00:00-05:00,50.711463473261816,50.905521397999316,50.26159473178247,50.80849075317383,17721000,0.315,0.0
2019-11-07 00:00:00-05:00,51.161321348064746,51.646471136141386,51.03782904181756,51.20542526245117,16962800,0.0,0.0
2019-11-08 00:00:00-05:00,51.02900625796305,51.42594821740663,50.55267927154374,51.39948654174805,11888900,0.0,0.0
2019-11-11 00:00:00-05:00,51.134865958687946,51.60237356550054,51.07311979797358,51.47005844116211,11228900,0.0,0.0
2019-11-12 00:00:00-05:00,51.514157051549425,51.86699171551669,51.18778069711585,51.337738037109375,11952500,0.0,0.0
2019-11-13 00:00:00-05:00,51.046658294979615,51.134869505628416,50.587970094346694,51.064300537109375,15332700,0.0,0.0
2019-11-14 00:00:00-05:00,50.81730580159259,51.19660551989479,50.78202132432891,50.99372482299805,12119000,0.0,0.0
2019-11-15 00:00:00-05:00,51.31128754521703,51.77879857076598,50.82613764164474,51.12604904174805,16112100,0.0,0.0
2019-11-18 00:00:00-05:00,50.896697564276145,51.584728091926955,50.78202468802995,51.3818473815918,16097500,0.0,0.0
2019-11-19 00:00:00-05:00,51.58473132459452,51.734688689838976,50.94080467363515,51.47005844116211,17061900,0.0,0.0
2019-11-20 00:00:00-05:00,51.39066652232499,51.478877720817835,50.60560536276106,51.073116302490234,18542300,0.0,0.0
2019-11-21 00:00:00-05:00,50.71146199392499,51.4259542396816,50.640893030687444,51.35538864135742,16139000,0.0,0.0
2019-11-22 00:00:00-05:00,51.46123695862834,51.734686634437466,50.71146025693463,50.81731033325195,15690200,0.0,0.0
2019-11-25 00:00:00-05:00,51.161324587918976,51.90228183723709,51.161324587918976,51.87582015991211,15011700,0.0,0.0
2019-11-26 00:00:00-05:00,51.99930792332943,52.15808470321054,51.55826206030698,51.955204010009766,22338700,0.0,0.0
2019-11-27 00:00:00-05:00,51.62883685205107,51.68176357641719,51.081940826588536,51.6111946105957,18184200,0.0,0.0
2019-11-29 00:00:00-05:00,51.293636456137,51.42594819929628,50.976082888693966,51.20542526245117,9481100,0.0,0.0
2019-12-02 00:00:00-05:00,51.646480943596806,51.769973273294674,50.69382342527493,50.861419677734375,19154500,0.0,0.0
2019-12-03 00:00:00-05:00,50.1557384975972,50.1557384975972,49.17661609613119,49.458885192871094,25737400,0.0,0.0
2019-12-04 00:00:00-05:00,49.97932941295734,49.97932941295734,49.273656530732836,49.414791107177734,18881400,0.0,0.0
2019-12-05 00:00:00-05:00,49.75880479928703,49.75880479928703,49.18544370847094,49.467716217041016,17673700,0.0,0.0
2019-12-06 00:00:00-05:00,49.97932580216812,50.27041773781957,49.76762227033856,50.11164093017578,16476800,0.0,0.0
2019-12-09 00:00:00-05:00,49.873469713713156,50.24394664366588,49.83818523517106,49.864646911621094,14298600,0.0,0.0
2019-12-10 00:00:00-05:00,50.023429734360555,50.12928318275569,49.78526452284172,49.917579650878906,16157900,0.0,0.0
2019-12-11 00:00:00-05:00,50.199845971411015,50.42918836692651,49.90875741691391,50.340980529785156,20051100,0.0,0.0
2019-12-12 00:00:00-05:00,50.058712417360105,51.2054311477707,49.935220096919274,50.76438522338867,27883300,0.0,0.0
2019-12-13 00:00:00-05:00,50.76438215138776,51.46123547732057,50.614428161330736,50.9760856628418,22795200,0.0,0.0
2019-12-16 00:00:00-05:00,51.34657103642485,51.66412467331373,50.85260170340989,50.896705627441406,19131200,0.0,0.0
2019-12-17 00:00:00-05:00,51.16132248432529,51.24953031505718,50.39390358923607,50.54385757446289,21653100,0.0,0.0
2019-12-18 00:00:00-05:00,50.62325288136294,50.68499904429013,50.22631085903563,50.42919158935547,28261000,0.0,0.0
2019-12-19 00:00:00-05:00,50.42919558784423,51.1525140886106,50.252779888300694,51.12604904174805,18865100,0.0,0.0
2019-12-20 00:00:00-05:00,51.443590792935794,52.08751736917631,51.064291069752436,51.99930953979492,49953000,0.0,0.0
2019-12-23 00:00:00-05:00,52.09634194092974,52.73144573686068,52.0786997014715,52.24629592895508,23593000,0.0,0.0
2019-12-24 00:00:00-05:00,52.26394812499699,52.46682887004699,52.18455971476753,52.40508270263672,6313200,0.0,0.0
2019-12-26 00:00:00-05:00,52.405073758423846,52.79319293946259,52.35214703899954,52.76673126220703,11480300,0.0,0.0
2019-12-27 00:00:00-05:00,52.846121131121,53.34891320246306,52.83730169342784,52.99607849121094,14085800,0.0,0.0
2019-12-30 00:00:00-05:00,52.91669318973764,52.969616548820966,52.37861660630069,52.59031677246094,12750500,0.0,0.0
2019-12-31 00:00:00-05:00,52.59030550326712,52.86375513795149,52.36096314491871,52.79318618774414,14432900,0.0,0.0
2020-01-02 00:00:00-05:00,53.13722335141782,53.7811501050937,53.119581107697584,53.66647720336914,18056000,0.0,0.0
2020-01-03 00:00:00-05:00,52.75790978164171,53.54297091567734,52.75790978164171,53.01371383666992,15293900,0.0,0.0
2020-01-06 00:00:00-05:00,52.563854347981525,53.10193092379282,52.334511943739265,52.863765716552734,17755200,0.0,0.0
2020-01-07 00:00:00-05:00,52.73144706852624,52.749089308430015,51.946385899831135,51.98167037963867,21876100,0.0,0.0
2020-01-08 00:00:00-05:00,51.94639117725853,52.32569096144104,51.62001811816435,52.01696014404297,23133500,0.0,0.0
2020-01-09 00:00:00-05:00,52.087525276447536,52.493286737060295,51.89346734936646,52.308048248291016,18813300,0.0,0.0
2020-01-10 00:00:00-05:00,52.54620488554135,52.99607355903001,51.9287399921741,51.99048614501953,15200600,0.0,0.0
2020-01-13 00:00:00-05:00,52.19337767335911,52.731454286884656,52.11399263029501,52.56385803222656,16453300,0.0,0.0
2020-01-14 00:00:00-05:00,52.47564858813823,52.69617156303979,52.2110183263255,52.42272186279297,17051200,0.0,0.0
2020-01-15 00:00:00-05:00,52.308039711032,52.61677384017211,51.822889925140935,51.99048614501953,18498800,0.0,0.0
2020-01-16 00:00:00-05:00,52.272757037271695,52.78437188125791,52.10516081161057,52.62559509277344,21365500,0.0,0.0
2020-01-17 00:00:00-05:00,52.90787348743593,52.92551572980217,52.255127344453356,52.57267761230469,21803400,0.0,0.0
2020-01-21 00:00:00-05:00,52.75791748635443,54.02812860462908,52.74027524465309,53.41066360473633,28358500,0.0,0.0
2020-01-22 00:00:00-05:00,53.84288423467451,55.439468237798536,53.78113807791906,55.3336181640625,29475100,0.0,0.0
2020-01-23 00:00:00-05:00,55.4482920696979,56.198068767029056,55.4041881518984,55.85405349731445,42778700,0.0,0.0
2020-01-24 00:00:00-05:00,58.72084448427513,61.120134996670394,58.623813858419034,60.396820068359375,84711000,0.0,0.0
2020-01-27 00:00:00-05:00,58.85317566667358,59.47063733644719,57.86523026520833,57.94462203979492,30764000,0.0,0.0
2020-01-28 00:00:00-05:00,58.65910022673958,59.61176091324935,58.16513100995341,59.373592376708984,30915400,0.0,0.0
2020-01-29 00:00:00-05:00,59.65585510715194,60.035154781015244,58.368002122129475,58.50914001464844,18055800,0.0,0.0
2020-01-30 00:00:00-05:00,57.9005030567379,58.6591025148651,57.27421870964704,58.63264083862305,18522400,0.0,0.0
2020-01-31 00:00:00-05:00,58.04164597495472,58.200422775925055,56.16278604183462,56.39213180541992,25268400,0.0,0.0
2020-02-03 00:00:00-05:00,56.85964056112615,57.37125545574237,56.71850936285463,56.82435607910156,16646600,0.0,0.0
2020-02-04 00:00:00-05:00,58.015179879777854,58.27098733208663,57.2654031291222,57.74173355102539,20970800,0.0,0.0
2020-02-05 00:00:00-05:00,58.82671201436207,59.6294121581769,58.33273596526417,59.40006637573242,23401400,0.0,0.0
2020-02-06 00:00:00-05:00,59.65713526265532,59.74577749484234,59.187318582423366,59.470977783203125,17408000,0.33,0.0
2020-02-07 00:00:00-05:00,59.26710108090791,59.657135016483934,58.51363196597415,58.522491455078125,18134600,0.0,0.0
2020-02-10 00:00:00-05:00,58.114728168525744,58.85933774810406,58.00836020213481,58.85047149658203,22299300,0.0,0.0
2020-02-11 00:00:00-05:00,59.24050430070036,60.0205653458504,59.01002910621376,59.754638671875,17975600,0.0,0.0
2020-02-12 00:00:00-05:00,59.923054472159684,60.35740608968441,59.66598729685828,59.798954010009766,15586600,0.0,0.0
2020-02-13 00:00:00-05:00,59.38233834782585,59.96738928115899,59.160729375436475,59.7812385559082,11602700,0.0,0.0
2020-02-14 00:00:00-05:00,59.852144082553586,60.15353578057407,59.23164170864179,59.63053512573242,13405500,0.0,0.0
2020-02-18 00:00:00-05:00,59.089822388969296,59.11641438481621,58.398396682102266,58.62887191772461,12758400,0.0,0.0
2020-02-19 00:00:00-05:00,58.85048494412755,59.56849593320784,58.664334197438954,59.48871994018555,13551200,0.0,0.0
2020-02-20 00:00:00-05:00,59.42666768338323,59.64827667380621,57.228303522680584,58.01723098754883,26452600,0.0,0.0
2020-02-21 00:00:00-05:00,57.77788905068356,57.839939289747676,56.76735272137145,57.03327941894531,20775900,0.0,0.0
2020-02-24 00:00:00-05:00,54.613302089961415,55.641567330400036,54.35623493448083,54.74626541137695,26903100,0.0,0.0
2020-02-25 00:00:00-05:00,54.95015854378814,55.20722236434595,52.7074735963466,52.94681167602539,34495700,0.0,0.0
2020-02-26 00:00:00-05:00,53.28365610745765,53.91302470951246,52.53904990539088,52.87589645385742,26190100,0.0,0.0
2020-02-27 00:00:00-05:00,51.351233483596566,51.865364562503736,49.46312401366924,49.48971939086914,42226900,0.0,0.0
2020-02-28 00:00:00-05:00,48.133467197486915,49.977255435285855,47.512961410478255,49.21492004394531,60721700,0.0,0.0
2020-03-02 00:00:00-05:00,49.45425669709383,51.60829607501277,48.32848276604894,51.572837829589844,43140300,0.0,0.0
2020-03-03 00:00:00-05:00,51.439870983463905,52.31744395752906,49.10854714668053,49.61381530761719,49740300,0.0,0.0
2020-03-04 00:00:00-05:00,50.53570642972391,52.0426480542734,49.78223730819138,52.016056060791016,29223100,0.0,0.0
2020-03-05 00:00:00-05:00,50.580032029587684,51.99832807095823,50.18113521123832,50.49138641357422,29099200,0.0,0.0
2020-03-06 00:00:00-05:00,48.91353751949485,49.649277622606036,48.34621903481035,49.4365348815918,36259200,0.0,0.0
2020-03-09 00:00:00-04:00,46.023750115631714,46.724035285308354,44.32179481774299,45.07526397705078,56197000,0.0,0.0
2020-03-10 00:00:00-04:00,46.76835489843984,47.86753686239239,44.70296108478632,47.84980773925781,36569000,0.0,0.0
2020-03-11 00:00:00-04:00,46.44037166294854,47.45977419963433,45.21708929522246,45.79327392578125,38563500,0.0,0.0
2020-03-12 00:00:00-04:00,42.54005848465615,44.401572441361935,40.21759409267074,40.368289947509766,50661700,0.0,0.0
2020-03-13 00:00:00-04:00,42.77939549843081,48.75397501545012,42.31845180126395,48.24870681762695,48805100,0.0,0.0
2020-03-16 00:00:00-04:00,42.11456931980219,46.31627709324348,38.67520036458056,39.543907165527344,53878900,0.0,0.0
2020-03-17 00:00:00-04:00,40.563305427991565,45.76668661257327,40.06690348652823,44.3927116394043,52085200,0.0,0.0
2020-03-18 00:00:00-04:00,41.405419094384705,44.36611506535042,40.066902405017366,42.20321273803711,49309900,0.0,0.0
2020-03-19 00:00:00-04:00,42.40709173242102,43.63923703837462,40.031443354034515,40.722862243652344,44538000,0.0,0.0
2020-03-20 00:00:00-04:00,41.22813187755365,43.80766018979661,40.30624111916494,40.62535858154297,52344000,0.0,0.0
2020-03-23 00:00:00-04:00,40.79378393748911,44.75615382414376,40.69627543929185,43.94949722290039,46698500,0.0,0.0
2020-03-24 00:00:00-04:00,47.10520229820371,48.434856123172885,45.51848125551754,46.449241638183594,50019800,0.0,0.0
2020-03-25 00:00:00-04:00,46.52014276667642,47.68137469201198,44.24200340394039,45.438690185546875,41106100,0.0,0.0
2020-03-26 00:00:00-04:00,45.864195009077,49.596089341014164,45.793278513879,49.23265075683594,41459800,0.0,0.0
2020-03-27 00:00:00-04:00,47.353398664945665,48.43485141964193,46.156711691278055,46.42264175415039,31633500,0.0,0.0
2020-03-30 00:00:00-04:00,46.97223811993137,49.72905082818724,46.83040851635073,49.18832778930664,31628600,0.0,0.0
2020-03-31 00:00:00-04:00,48.80715545664227,49.463116042798426,47.17611347974965,47.97390365600586,48074700,0.0,0.0
2020-04-01 00:00:00-04:00,46.53787425190428,48.479167217649525,45.58938832338417,45.988285064697266,29586600,0.0,0.0
2020-04-02 00:00:00-04:00,45.4652926053736,48.36393805240308,45.40324237042213,48.17778396606445,27810000,0.0,0.0
2020-04-03 00:00:00-04:00,47.73456849325739,48.869208664583,46.74176130214631,47.98277282714844,23906100,0.0,0.0
2020-04-06 00:00:00-04:00,50.19886863851717,52.09584102455432,49.74678441179779,51.79445266723633,32323400,0.0,0.0
2020-04-07 00:00:00-04:00,53.13295744872364,54.50693556152496,51.599424012455,51.76784896850586,41410000,0.0,0.0
2020-04-08 00:00:00-04:00,52.290844858050676,52.75178845892564,51.333492652808985,52.281978607177734,26719500,0.0,0.0
2020-04-09 00:00:00-04:00,52.61883241850147,52.93794986445621,49.693594799723705,50.650943756103516,40499700,0.0,0.0
2020-04-13 00:00:00-04:00,50.145670052040245,52.0958293762004,50.145670052040245,52.03377914428711,23251900,0.0,0.0
2020-04-14 00:00:00-04:00,53.22160899510696,53.98394436355708,52.7517956974084,53.77119827270508,25674000,0.0,0.0
2020-04-15 00:00:00-04:00,52.9556765308486,53.035455888636754,51.75898616402628,52.18447494506836,22841600,0.0,0.0
2020-04-16 00:00:00-04:00,52.8404381418408,54.03712510934584,52.13129018400507,53.88643264770508,24433500,0.0,0.0
2020-04-17 00:00:00-04:00,54.976747543428,55.07425602037551,53.03545440037123,53.50526428222656,27385600,0.0,0.0
2020-04-20 00:00:00-04:00,52.54791652510553,53.22160967011093,52.20220708188528,52.45927429199219,26420300,0.0,0.0
2020-04-21 00:00:00-04:00,51.510792764172166,51.945144479030404,49.57836215384211,49.959529876708984,25248000,0.0,0.0
2020-04-22 00:00:00-04:00,51.652615916528006,53.62936740004064,51.24485624867898,53.2747917175293,23350400,0.0,0.0
2020-04-23 00:00:00-04:00,52.89361901300395,53.27478665194114,52.13128711661357,52.335166931152344,35092000,0.0,0.0
2020-04-24 00:00:00-04:00,49.81769784661672,52.65429337958665,49.72905222845494,52.530189514160156,50187000,0.0,0.0
2020-04-27 00:00:00-04:00,52.9379480655456,53.03545654643877,51.75898680599617,52.716339111328125,25902200,0.0,0.0
2020-04-28 00:00:00-04:00,53.17728786285833,53.38116770155847,51.64375087433727,52.07810592651367,28784700,0.0,0.0
2020-04-29 00:00:00-04:00,52.68975267234502,54.98562196262242,52.58338130309817,54.781742095947266,30451500,0.0,0.0
2020-04-30 00:00:00-04:00,54.40056800848072,54.55126386368171,52.964542856101644,53.16842269897461,26279900,0.0,0.0
2020-05-01 00:00:00-04:00,52.149023312921834,52.583374991073754,50.801640398754955,50.9434700012207,21194800,0.0,0.0
2020-05-04 00:00:00-04:00,50.633217283397705,51.47533205841141,49.91520637390511,51.4044189453125,18957200,0.0,0.0
2020-05-05 00:00:00-04:00,52.113564171892236,52.56564496527351,51.72353023569684,52.07810592651367,17252100,0.0,0.0
2020-05-06 00:00:00-04:00,52.63080229834187,53.44201539654614,52.54165594653691,52.7556037902832,17848700,0.33,0.0
2020-05-07 00:00:00-04:00,53.42418366828152,53.57572735849942,52.52382425969542,52.74668502807617,14733500,0.0,0.0
2020-05-08 00:00:00-04:00,53.192405700683594,53.29046498127175,52.63971195624221,53.192405700683594,20384500,0.0,0.0
2020-05-11 00:00:00-04:00,53.25481194996172,54.235397993461596,53.228066344734444,53.602474212646484,18684400,0.0,0.0
2020-05-12 00:00:00-04:00,53.6827074927761,54.057111982878325,51.93547633720849,52.05136489868164,16754900,0.0,0.0
2020-05-13 00:00:00-04:00,52.10484758516819,52.80017208442209,50.72311152101103,51.471923828125,21065000,0.0,0.0
2020-05-14 00:00:00-04:00,51.0975201257354,52.72886269186059,50.00995841498528,52.66646194458008,21569400,0.0,0.0
2020-05-15 00:00:00-04:00,51.1688367883784,52.03353430812823,50.7765996365962,51.953304290771484,21373300,0.0,0.0
2020-05-18 00:00:00-04:00,53.25481131780465,53.736187998569505,52.91606199382638,53.41526794433594,20428700,0.0,0.0
2020-05-19 00:00:00-04:00,53.60247117772139,55.06443722551057,53.35286481305069,53.74510192871094,21865000,0.0,0.0
2020-05-20 00:00:00-04:00,54.520662559730695,56.59772671786383,54.39586106364447,56.25006103515625,30584000,0.0,0.0
2020-05-21 00:00:00-04:00,56.250055592494796,56.874066413133434,55.10900956658556,55.25164031982422,20987700,0.0,0.0
2020-05-22 00:00:00-04:00,55.251644419464164,55.55473521765864,54.75243504579513,55.50124740600586,14103000,0.0,0.0
2020-05-26 00:00:00-04:00,56.76709706530855,57.177160076506276,55.376444600559296,55.57256317138672,20933600,0.0,0.0
2020-05-27 00:00:00-04:00,55.55473851152206,56.68687175423826,54.44043454041389,56.66012954711914,19886300,0.0,0.0
2020-05-28 00:00:00-04:00,56.16091623215493,56.5620663139303,54.81483862507048,55.00204086303711,17253500,0.0,0.0
2020-05-29 00:00:00-04:00,55.18032549978137,56.749263752887366,54.93071913634824,56.0985107421875,33393900,0.0,0.0
2020-06-01 00:00:00-04:00,55.70628251611015,55.85782621545609,54.966383088238096,55.14467239379883,14317700,0.0,0.0
2020-06-02 00:00:00-04:00,55.00204129141439,55.4210172462335,54.226486727665424,55.37644577026367,20702400,0.0,0.0
2020-06-03 00:00:00-04:00,55.670620199762126,55.75085021179464,54.85049081003139,55.207069396972656,16737300,0.0,0.0
2020-06-04 00:00:00-04:00,55.03770719791258,56.579903596837106,54.68112854126314,56.13418197631836,22010100,0.0,0.0
2020-06-05 00:00:00-04:00,56.48183918796344,58.041864718689006,56.30354987576336,57.35544967651367,26813100,0.0,0.0
2020-06-08 00:00:00-04:00,57.02561435276546,57.18607437762805,56.10742567703274,56.7581787109375,21546200,0.0,0.0
2020-06-09 00:00:00-04:00,56.1519998771897,56.793836568352056,56.07176986572124,56.196571350097656,23594100,0.0,0.0
2020-06-10 00:00:00-04:00,55.97370949868904,57.31087406348953,55.93805096082055,56.936466217041016,21367800,0.0,0.0
2020-06-11 00:00:00-04:00,56.223312657022745,56.42834414959759,53.05869052283512,53.21915054321289,26998200,0.0,0.0
2020-06-12 00:00:00-04:00,53.584644898329046,54.342370167625695,51.81067164587563,52.889320373535156,30419800,0.0,0.0
2020-06-15 00:00:00-04:00,52.889324936070615,53.80751031346386,52.22074255822059,53.57573318481445,29651700,0.0,0.0
2020-06-16 00:00:00-04:00,54.81483949794248,54.957470262557685,53.03195323995956,53.84316635131836,23226600,0.0,0.0
2020-06-17 00:00:00-04:00,54.146261679793376,54.62763842526424,53.540080029333524,53.92340087890625,20454800,0.0,0.0
2020-06-18 00:00:00-04:00,53.79859376706151,53.94122453775502,52.88040839325867,53.55790710449219,24899700,0.0,0.0
2020-06-19 00:00:00-04:00,54.06602345054371,54.279967882599614,52.684283974263664,53.14783477783203,60336100,0.0,0.0
2020-06-22 00:00:00-04:00,53.24589816389726,53.97688126417609,52.44360138096439,53.56681823730469,22846000,0.0,0.0
2020-06-23 00:00:00-04:00,53.65595798501111,53.905564360851386,53.361783535687344,53.41526794433594,22809600,0.0,0.0
2020-06-24 00:00:00-04:00,53.16566610378677,53.317213199558395,52.300965205934,52.67537307739258,27764500,0.0,0.0
2020-06-25 00:00:00-04:00,52.57731984884639,52.67537914553867,51.240155040684726,52.15834045410156,21906900,0.0,0.0
2020-06-26 00:00:00-04:00,52.14051442841326,52.35445889275871,50.87466331212326,51.25798416137695,38477500,0.0,0.0
2020-06-29 00:00:00-04:00,51.23124307491746,52.01571066213712,50.59831580262489,51.94439697265625,22150300,0.0,0.0
2020-06-30 00:00:00-04:00,52.33662609257882,53.46875929189546,52.18508239059864,53.335044860839844,31542100,0.0,0.0
2020-07-01 00:00:00-04:00,53.40634808115864,53.513320285163445,52.381187307642044,52.42576217651367,14748100,0.0,0.0
2020-07-02 00:00:00-04:00,52.76450964135401,53.31720674658644,52.56839449488346,52.71102523803711,15578600,0.0,0.0
2020-07-06 00:00:00-04:00,52.345539759440044,53.14783650662495,52.238564139346956,53.07652282714844,20536700,0.0,0.0
2020-07-07 00:00:00-04:00,52.65754053837646,53.10326206208074,51.828498232239674,51.980045318603516,15996500,0.0,0.0
2020-07-08 00:00:00-04:00,52.104847731000106,52.32770849682937,51.64129693000498,52.24747848510742,13277900,0.0,0.0
2020-07-09 00:00:00-04:00,51.88198315000887,52.37227611866229,51.436261651126635,52.07809829711914,20683700,0.0,0.0
2020-07-10 00:00:00-04:00,51.6591295174348,53.210238642907235,51.55215729512978,53.06760787963867,17742300,0.0,0.0
2020-07-13 00:00:00-04:00,53.34395034934169,54.03927481540555,52.051357292732135,52.220733642578125,19082900,0.0,0.0
2020-07-14 00:00:00-04:00,51.58781010622829,52.81800250924036,51.12425929638917,52.57731246948242,24190900,0.0,0.0
2020-07-15 00:00:00-04:00,52.621891021728516,52.89823963801254,52.078110125490966,52.621891021728516,19986300,0.0,0.0
2020-07-16 00:00:00-04:00,52.185075728435976,52.91605874009401,52.06027424848245,52.719940185546875,12425900,0.0,0.0
2020-07-17 00:00:00-04:00,52.96954132375346,53.89664285807424,52.84473984809204,53.48657989501953,16322800,0.0,0.0
2020-07-20 00:00:00-04:00,53.55790912958663,54.716784610363206,52.89823966482007,54.51175308227539,16868700,0.0,0.0
2020-07-21 00:00:00-04:00,54.84157489135315,55.20706639281586,53.8788147993527,54.110591888427734,19803700,0.0,0.0
2020-07-22 00:00:00-04:00,54.654376899476254,55.06443990344048,54.0392789929444,54.42259979248047,18959900,0.0,0.0
2020-07-23 00:00:00-04:00,54.60980458575906,55.03770028019034,53.4687584688374,53.84316635131836,43518600,0.0,0.0
2020-07-24 00:00:00-04:00,46.48875490658675,46.51549710903016,44.12642954064153,45.09810256958008,182269900,0.0,0.0
2020-07-27 00:00:00-04:00,45.490345208908856,45.588404504573845,44.09969599936438,44.188838958740234,107526500,0.0,0.0
2020-07-28 00:00:00-04:00,44.10860922856429,44.777191630089675,43.80551840384935,43.8946647644043,62362600,0.0,0.0
2020-07-29 00:00:00-04:00,44.117520274932346,44.12643320962615,42.70012561763002,42.85166931152344,60500800,0.0,0.0
2020-07-30 00:00:00-04:00,42.637726595876956,43.23499186147602,42.42377874813979,42.780357360839844,39735200,0.0,0.0
2020-07-31 00:00:00-04:00,42.905154935101905,43.074527890337635,41.87108113345218,42.54857635498047,46536000,0.0,0.0
2020-08-03 00:00:00-04:00,43.02996326729258,43.35088336036747,42.557499463924486,43.056705474853516,31767100,0.0,0.0
2020-08-04 00:00:00-04:00,43.324129414076445,43.805509461042575,43.23498647230579,43.79659652709961,29045800,0.0,0.0
2020-08-05 00:00:00-04:00,44.322551261751414,44.322551261751414,43.37762036771002,43.60939407348633,29438600,0.0,0.0
2020-08-06 00:00:00-04:00,43.78889260303304,43.815816425541826,43.169617295888024,43.5914421081543,23795500,0.33,0.0
2020-08-07 00:00:00-04:00,43.555541081489054,43.663243218108,42.81062013344995,43.10679244995117,36765200,0.0,0.0
2020-08-10 00:00:00-04:00,43.25937225329124,44.32739284994838,43.133723174117534,44.17481994628906,37442600,0.0,0.0
2020-08-11 00:00:00-04:00,44.542787266154576,44.632535617229614,43.13371692745957,43.250389099121094,35348100,0.0,0.0
2020-08-12 00:00:00-04:00,43.68118920604381,44.21071271675621,43.29526854105164,44.14788818359375,30659800,0.0,0.0
2020-08-13 00:00:00-04:00,44.21071530864154,44.273543269167625,43.429893619503034,43.58246994018555,24774500,0.0,0.0
2020-08-14 00:00:00-04:00,43.735051207342096,44.16584958116542,43.66325319021212,43.8786506652832,22321200,0.0,0.0
2020-08-17 00:00:00-04:00,44.0760929397093,44.25559308440028,43.73504300716449,43.91454315185547,20018300,0.0,0.0
2020-08-18 00:00:00-04:00,44.21071664619132,44.48894204898246,43.636318906979184,43.663246154785156,19251400,0.0,0.0
2020-08-19 00:00:00-04:00,43.78889315456042,43.95941640539777,43.30424380121584,43.37604522705078,27775000,0.0,0.0
2020-08-20 00:00:00-04:00,44.70433730915085,45.05436067362631,43.977363335769404,44.12993621826172,55081300,0.0,0.0
2020-08-21 00:00:00-04:00,43.99532040883525,44.2555954614329,43.663247348713135,44.228668212890625,34621500,0.0,0.0
2020-08-24 00:00:00-04:00,44.21071461489202,44.33636711029198,43.81581704324773,44.1030158996582,36295300,0.0,0.0
2020-08-25 00:00:00-04:00,44.29150269086863,44.767178720126644,44.16585358174889,44.363304138183594,38384300,0.0,0.0
2020-08-26 00:00:00-04:00,44.32739740520827,44.5786955893801,44.1837979537271,44.47099685668945,28616600,0.0,0.0
2020-08-27 00:00:00-04:00,44.686384274886045,44.81203332909461,44.12993357241961,44.336360931396484,24420600,0.0,0.0
2020-08-28 00:00:00-04:00,44.48894725696085,45.59286868317687,44.39022199203664,45.26079559326172,35384700,0.0,0.0
2020-08-31 00:00:00-04:00,45.772359834585146,46.221108460414406,45.16206142956292,45.72748565673828,46114100,0.0,0.0
2020-09-01 00:00:00-04:00,45.691587725691235,45.77236262020352,45.07231581688406,45.58388900756836,30472800,0.0,0.0
2020-09-02 00:00:00-04:00,45.96083569433652,47.28015781468578,45.85313697747549,46.89423370361328,53000700,0.0,0.0
2020-09-03 00:00:00-04:00,47.118611650035625,47.226310375176524,45.00051732140701,45.224891662597656,47394300,0.0,0.0
2020-09-04 00:00:00-04:00,45.3505454641411,45.978794369574004,44.41715070967509,44.94667434692383,43318400,0.0,0.0
2020-09-08 00:00:00-04:00,44.21071386046194,44.785114987161485,43.84274011798525,43.89659118652344,39752700,0.0,0.0
2020-09-09 00:00:00-04:00,44.453042393278885,44.84794341615462,44.013270611579024,44.533817291259766,33437300,0.0,0.0
2020-09-10 00:00:00-04:00,44.87486530518747,44.955640199684034,43.71709295863031,43.94146728515625,32649100,0.0,0.0
2020-09-11 00:00:00-04:00,44.210717855089335,44.91974158167712,43.932495868371085,44.228668212890625,29333600,0.0,0.0
2020-09-14 00:00:00-04:00,43.842744787940134,44.623569958352576,43.842744787940134,44.34534454345703,27212500,0.0,0.0
2020-09-15 00:00:00-04:00,44.68639286803955,45.41336351395061,44.63254179573182,44.8748664855957,27598300,0.0,0.0
2020-09-16 00:00:00-04:00,45.33259260137631,45.79929166468394,45.02744334550905,45.20694351196289,26531400,0.0,0.0
2020-09-17 00:00:00-04:00,44.309440483870866,45.314639919056546,44.246615947131815,45.16206359863281,26959900,0.0,0.0
2020-09-18 00:00:00-04:00,45.17103929608828,45.32361218880282,44.01326699473062,44.77613830566406,50123500,0.0,0.0
2020-09-21 00:00:00-04:00,44.32739750803513,44.650497130537524,43.824801138525615,44.623573303222656,27377100,0.0,0.0
2020-09-22 00:00:00-04:00,44.776139316957774,45.06333817629081,44.39919209796333,44.82999038696289,22290900,0.0,0.0
2020-09-23 00:00:00-04:00,44.7222929949744,45.00949186281213,43.67221935270223,43.815818786621094,30078800,0.0,0.0
2020-09-24 00:00:00-04:00,43.55554736376475,44.55177001725883,43.45682210279783,44.1209716796875,29343400,0.0,0.0
2020-09-25 00:00:00-04:00,43.94146745182085,45.12616362647677,43.75299383850753,44.821014404296875,26633400,0.0,0.0
2020-09-28 00:00:00-04:00,45.3325952335755,46.185218505977446,45.01847249180268,46.158294677734375,29652200,0.0,0.0
2020-09-29 00:00:00-04:00,46.05059614273972,46.43652032642552,45.72749650768359,45.942893981933594,19558200,0.0,0.0
2020-09-30 00:00:00-04:00,45.9877585881419,47.01090486067243,45.906983702222114,46.47240447998047,27711300,0.0,0.0
2020-10-01 00:00:00-04:00,47.028864796377476,47.31606368844884,46.660891001930985,46.8852653503418,22127600,0.0,0.0
2020-10-02 00:00:00-04:00,46.22111679173555,46.65191513934108,45.763394617304954,45.781341552734375,25811800,0.0,0.0
2020-10-05 00:00:00-04:00,46.04161248281101,46.499338039749524,46.014688658407785,46.39163589477539,20883200,0.0,0.0
2020-10-06 00:00:00-04:00,46.40959570334033,47.29811975007675,45.97879730675584,46.10444641113281,25642800,0.0,0.0
2020-10-07 00:00:00-04:00,46.53523547275499,47.47761041390468,46.48138782378459,47.271183013916016,21978700,0.0,0.0
2020-10-08 00:00:00-04:00,47.48657382668917,48.08789869442733,47.27117300537164,47.89942169189453,22369500,0.0,0.0
2020-10-09 00:00:00-04:00,48.06098011856894,48.33022862600822,47.27118152955729,47.40580749511719,24343900,0.0,0.0
2020-10-12 00:00:00-04:00,48.06098288905598,48.644357541870285,47.75583365005293,48.35715866088867,27303500,0.0,0.0
2020-10-13 00:00:00-04:00,48.707176306150984,48.72512666204341,48.1238017225283,48.312278747558594,20005800,0.0,0.0
2020-10-14 00:00:00-04:00,48.47383355162471,48.8238604170119,48.025084847143646,48.06098556518555,21874200,0.0,0.0
2020-10-15 00:00:00-04:00,47.342988738531645,48.4469101504083,47.226313115711235,48.33023452758789,18272900,0.0,0.0
2020-10-16 00:00:00-04:00,48.37510406026353,49.09310118911991,48.37510406026353,48.60845184326172,23414400,0.0,0.0
2020-10-19 00:00:00-04:00,48.88667590907129,50.46626954992109,48.32125168749789,48.98540115356445,43537200,0.0,0.0
2020-10-20 00:00:00-04:00,49.00335160875467,49.09310339369234,47.809681970368146,47.95328140258789,27224900,0.0,0.0
2020-10-21 00:00:00-04:00,47.69300986440944,48.527682695386034,47.40581097887779,48.016109466552734,21866000,0.0,0.0
2020-10-22 00:00:00-04:00,47.675056575353864,48.662305679399985,47.63018239418826,48.37510681152344,41522700,0.0,0.0
2020-10-23 00:00:00-04:00,43.393995258715286,43.681194135203874,42.774723323226894,43.25937271118164,97322500,0.0,0.0
2020-10-26 00:00:00-04:00,42.945241653355325,42.95421854303484,41.50924743585724,41.93107223510742,54161300,0.0,0.0
2020-10-27 00:00:00-04:00,41.2669259561389,41.652850073830685,40.71047858185236,40.96177673339844,50130500,0.0,0.0
2020-10-28 00:00:00-04:00,40.288661761588216,40.64766212691169,39.669389726270495,39.714263916015625,45066000,0.0,0.0
2020-10-29 00:00:00-04:00,39.70528722559771,39.911711220619715,39.41808490243563,39.5886116027832,36796800,0.0,0.0
2020-10-30 00:00:00-04:00,39.5796268284814,40.20787557985164,39.13985509909842,39.74117660522461,46781300,0.0,0.0
2020-11-02 00:00:00-05:00,40.351477683277935,40.441229467257045,39.70528195703075,39.90272903442383,33856700,0.0,0.0
2020-11-03 00:00:00-05:00,40.14505929406316,40.800232001588995,40.118135466968425,40.25275802612305,34349500,0.0,0.0
2020-11-04 00:00:00-05:00,40.486109016575334,41.41950715166018,40.18993322568688,41.01563262939453,34748200,0.0,0.0
2020-11-05 00:00:00-05:00,41.72076853943278,41.92869394243491,41.160270376297156,41.295875549316406,31103200,0.33,0.0
2020-11-06 00:00:00-05:00,41.169311835671145,41.40435688970631,40.590736211662055,41.03370666503906,36233700,0.0,0.0
2020-11-09 00:00:00-05:00,42.16373985271517,42.805596994334586,41.16931339241982,41.22355270385742,48481700,0.0,0.0
2020-11-10 00:00:00-05:00,41.04274862307498,42.0190941210704,40.90714345318933,41.07890701293945,39224500,0.0,0.0
2020-11-11 00:00:00-05:00,41.49476453651791,42.001016520448054,41.45860269521348,41.901573181152344,31496900,0.0,0.0
2020-11-12 00:00:00-05:00,41.702682920931146,41.756922225161176,40.27432146744514,40.63593292236328,42881300,0.0,0.0
2020-11-13 00:00:00-05:00,40.6720953632944,41.2054703705218,40.65401444542098,41.09698486328125,30884700,0.0,0.0
2020-11-16 00:00:00-05:00,41.62132576397905,42.263182901236334,41.395319438303986,41.756927490234375,36306300,0.0,0.0
2020-11-17 00:00:00-05:00,41.35916119304095,41.69364961850707,41.05179242546628,41.160274505615234,31118000,0.0,0.0
2020-11-18 00:00:00-05:00,41.17835255479509,41.30491554757137,40.71730115988396,40.735382080078125,32817900,0.0,0.0
2020-11-19 00:00:00-05:00,40.60881219539323,41.286831126560514,40.409928987287,41.24163055419922,29469100,0.0,0.0
2020-11-20 00:00:00-05:00,41.27779390302716,41.476680566998816,40.979467355652424,41.03370666503906,24199300,0.0,0.0
2020-11-23 00:00:00-05:00,41.1150717627082,41.77500984247703,41.08795210624384,41.639408111572266,35489600,0.0,0.0
2020-11-24 00:00:00-05:00,41.847337832926975,42.760401996589835,41.594208368394206,42.498233795166016,33901200,0.0,0.0
2020-11-25 00:00:00-05:00,42.516300949944586,42.65190609948216,42.10045021594993,42.53438186645508,28126900,0.0,0.0
2020-11-27 00:00:00-05:00,42.814641303367516,43.48361813390467,42.814641303367516,42.89600372314453,15921400,0.0,0.0
2020-11-30 00:00:00-05:00,42.86887763313781,43.84522660249244,42.73327590867154,43.70962142944336,46332700,0.0,0.0
2020-12-01 00:00:00-05:00,44.07122803922488,45.40918490740633,44.03506620394317,44.803489685058594,57768000,0.0,0.0
2020-12-02 00:00:00-05:00,44.496125267275424,45.25550663840712,44.45996342851136,45.110862731933594,33753500,0.0,0.0
2020-12-03 00:00:00-05:00,45.12894591395341,46.20473833754175,45.00238291084494,46.096256256103516,50261200,0.0,0.0
2020-12-04 00:00:00-05:00,46.159530892780666,47.596931190253,46.10528813583697,47.000274658203125,39767700,0.0,0.0
2020-12-07 00:00:00-05:00,46.1052881506006,46.36745630303837,44.803493020779285,45.3820686340332,51040300,0.0,0.0
2020-12-08 00:00:00-05:00,45.04758383781587,45.85216582953892,45.029502917390495,45.825042724609375,28956500,0.0,0.0
2020-12-09 00:00:00-05:00,45.454386090894985,45.96064144592658,44.957172919097104,45.26454162597656,34068400,0.0,0.0
2020-12-10 00:00:00-05:00,44.89389601682502,45.85216407112302,44.8306145220545,45.436309814453125,33706000,0.0,0.0
2020-12-11 00:00:00-05:00,45.32781873850599,45.32781873850599,44.40571270688426,44.95716857910156,29398800,0.0,0.0
2020-12-14 00:00:00-05:00,45.038541821983664,46.41266074221191,44.966221588594266,45.62615966796875,33436400,0.0,0.0
2020-12-15 00:00:00-05:00,46.087202472662135,46.11432212405096,45.391102682162995,45.80695343017578,25465600,0.0,0.0
2020-12-16 00:00:00-05:00,45.84312158942549,46.521140556351426,45.81600193429495,46.21377182006836,28351000,0.0,0.0
2020-12-17 00:00:00-05:00,46.24089586302709,46.39457850999882,45.40015205107512,45.788883209228516,26399000,0.0,0.0
2020-12-18 00:00:00-05:00,45.716564094840194,45.81600744038017,42.588637045839796,42.90504455566406,119298400,0.0,0.0
2020-12-21 00:00:00-05:00,41.87444836212825,41.99197260758763,40.89810290735457,41.91061019897461,53775700,0.0,0.0
2020-12-22 00:00:00-05:00,41.811173324747166,41.89253574591702,41.37724156136895,41.73884963989258,32171200,0.0,0.0
2020-12-23 00:00:00-05:00,41.73884475302444,42.51630703126889,41.64844360612366,42.10045623779297,22564200,0.0,0.0
2020-12-24 00:00:00-05:00,42.12757060747896,42.570544448322686,41.89252558587239,42.55246353149414,11865600,0.0,0.0
2020-12-28 00:00:00-05:00,42.660945583883155,43.067757591069785,42.3626190776678,42.55246353149414,21269200,0.0,0.0
2020-12-29 00:00:00-05:00,42.68807017312478,45.80695429037165,42.028132204472826,44.649803161621094,84531400,0.0,0.0
2020-12-30 00:00:00-05:00,44.396677647626554,44.46899786958805,43.89946448267557,44.07122802734375,37385400,0.0,0.0
2020-12-31 00:00:00-05:00,44.071236830220855,45.37303212279284,44.044117172641165,45.038543701171875,28576800,0.0,0.0
2021-01-04 00:00:00-05:00,45.101825529359715,46.457863595539294,44.65885502561427,44.90293884277344,46102500,0.0,0.0
2021-01-05 00:00:00-05:00,44.70404696717199,45.95160271261105,44.59556490844152,45.752716064453125,24866600,0.0,0.0
2021-01-06 00:00:00-05:00,45.59903361170558,47.144919452274856,45.38206947699663,46.1956901550293,36809600,0.0,0.0
2021-01-07 00:00:00-05:00,46.54825737692753,47.63308481871153,46.37649038806528,47.18107223510742,32092300,0.0,0.0
2021-01-08 00:00:00-05:00,47.41612493451358,47.48844516107108,46.34937486627501,46.69290542602539,34625400,0.0,0.0
2021-01-11 00:00:00-05:00,46.367453780837906,47.22627841880005,46.33129194483092,46.59346008300781,32925000,0.0,0.0
2021-01-12 00:00:00-05:00,46.91891226046976,48.681758754359336,46.611543534866485,48.130306243896484,39883900,0.0,0.0
2021-01-13 00:00:00-05:00,53.789505309127456,54.467524283612256,51.43904091034662,51.4842414855957,124070700,0.0,0.0
2021-01-14 00:00:00-05:00,52.84027989465254,54.36808142230457,52.28882390549671,53.563499450683594,74680900,0.0,0.0
2021-01-15 00:00:00-05:00,53.20188872416388,53.9251117393238,51.98145592110162,52.05377960205078,50265400,0.0,0.0
2021-01-19 00:00:00-05:00,52.37923063282751,52.74084217362992,51.61984915600902,52.424434661865234,35647100,0.0,0.0
2021-01-20 00:00:00-05:00,52.65044155673167,53.53638604741006,52.514836365383815,53.03916931152344,28701300,0.0,0.0
2021-01-21 00:00:00-05:00,53.37365487895273,57.81241899222635,52.63235440412696,56.46541976928711,86519500,0.0,0.0
2021-01-22 00:00:00-05:00,53.2018946617848,53.89799464998587,51.21304149387693,51.22208023071289,85729300,0.0,0.0
2021-01-25 00:00:00-05:00,50.96894177951391,51.07742383799151,48.8716035898405,50.11915588378906,61968500,0.0,0.0
2021-01-26 00:00:00-05:00,49.97451730421638,50.806222370546415,49.58578615070063,49.91123580932617,31485900,0.0,0.0
2021-01-27 00:00:00-05:00,49.36881864766057,49.58578277290941,48.18454434802008,48.446712493896484,49722900,0.0,0.0
2021-01-28 00:00:00-05:00,49.53154281783644,51.89104920268796,49.45018040978699,50.68869400024414,49202600,0.0,0.0
2021-01-29 00:00:00-05:00,50.6073346960304,51.67408480095659,50.046839988748374,50.18244171142578,37256200,0.0,0.0
2021-02-01 00:00:00-05:00,50.580214515985844,51.88200966251801,50.36324693393912,51.24919128417969,26926600,0.0,0.0
2021-02-02 00:00:00-05:00,51.701206124006575,52.6865938476885,51.420960485614316,52.433467864990234,23580900,0.0,0.0
2021-02-03 00:00:00-05:00,52.334020957219956,52.73179427269006,51.87296959897727,52.1441764831543,21893200,0.0,0.0
2021-02-04 00:00:00-05:00,52.39702771662312,53.55210927330705,52.015030574724065,53.470252990722656,29853800,0.348,0.0
2021-02-05 00:00:00-05:00,53.6612512128285,53.73401389678972,52.86087903683377,52.91545104980469,23432600,0.0,0.0
2021-02-08 00:00:00-05:00,53.09735906920727,53.86134997198422,52.70626828150503,53.80677795410156,34358300,0.0,0.0
2021-02-09 00:00:00-05:00,53.452057523360516,53.94319517479169,52.697160377325716,53.461151123046875,28754100,0.0,0.0
2021-02-10 00:00:00-05:00,53.93410080037459,54.04324134964066,52.86087556896432,53.53391647338867,16325100,0.0,0.0
2021-02-11 00:00:00-05:00,53.752194820701725,55.47117659861541,53.53391373334195,55.17103576660156,27539100,0.0,0.0
2021-02-12 00:00:00-05:00,55.116467001215874,56.8536360806371,54.96185151103657,56.21697998046875,26214200,0.0,0.0
2021-02-16 00:00:00-05:00,56.389792439437485,57.181067587687714,56.1169392989563,56.817264556884766,26326300,0.0,0.0
2021-02-17 00:00:00-05:00,55.92593908113215,56.56259521409304,55.671273158432086,56.253360748291016,21055400,0.0,0.0
2021-02-18 00:00:00-05:00,55.16194481103537,56.37159485771822,55.15284774140871,56.03507614135742,17846100,0.0,0.0
2021-02-19 00:00:00-05:00,56.30792527792256,57.53576590776384,56.253353272557185,57.308387756347656,28290100,0.0,0.0
2021-02-22 00:00:00-05:00,56.28064235083271,57.02644242768457,55.1710358352415,55.21651077270508,32288200,0.0,0.0
2021-02-23 00:00:00-05:00,55.007321368419746,55.93502463232203,53.815858619096026,55.58940887451172,27374600,0.0,0.0
2021-02-24 00:00:00-05:00,55.05280326218657,57.5539632163281,54.91637843730642,57.47210693359375,24669900,0.0,0.0
2021-02-25 00:00:00-05:00,56.76268149101465,57.790431705255216,54.6889938636224,54.93456268310547,36394000,0.0,0.0
2021-02-26 00:00:00-05:00,55.38021737405554,56.10782670385664,54.279708045886686,55.28017044067383,38216800,0.0,0.0
2021-03-01 00:00:00-05:00,56.13512800807663,57.37206590249032,56.07146239317437,57.190162658691406,28495400,0.0,0.0
2021-03-02 00:00:00-05:00,57.117392475110506,57.42662690811826,55.58031737930111,55.69855499267578,23320000,0.0,0.0
2021-03-03 00:00:00-05:00,55.15284622154759,55.95321832037783,54.29790558452317,54.47980880737305,28740400,0.0,0.0
2021-03-04 00:00:00-05:00,54.4161411696202,54.7890412012682,52.669875152733404,53.05187225341797,40210400,0.0,0.0
2021-03-05 00:00:00-05:00,53.897723033562606,55.643989285154035,53.21558848378008,55.243804931640625,39511700,0.0,0.0
2021-03-08 00:00:00-05:00,54.99823417429533,56.11693438088684,54.316099648116435,54.43433380126953,33112400,0.0,0.0
2021-03-09 00:00:00-05:00,55.64398130231786,57.45390943848815,55.334746878666095,56.99915313720703,36387500,0.0,0.0
2021-03-10 00:00:00-05:00,57.499385277774316,58.31794797135031,56.50801644645011,56.617156982421875,27160300,0.0,0.0
2021-03-11 00:00:00-05:00,57.24473463094583,58.290672273767,56.74450328268213,57.58125686645508,30701800,0.0,0.0
2021-03-12 00:00:00-05:00,56.98096915707195,57.572150300422905,56.608069107737656,57.20834732055664,20173000,0.0,0.0
2021-03-15 00:00:00-04:00,57.85409827248753,58.09966709605604,56.82634804114866,58.0178108215332,21247400,0.0,0.0
2021-03-16 00:00:00-04:00,58.34524145758024,59.78227319793204,58.28157584574345,58.91823196411133,30186600,0.0,0.0
2021-03-17 00:00:00-04:00,58.40889850845656,60.29158925572092,57.945045153614544,59.827735900878906,32394700,0.0,0.0
2021-03-18 00:00:00-04:00,59.69131355455781,59.75497916338515,57.89048236828096,57.96324157714844,30094200,0.0,0.0
2021-03-19 00:00:00-04:00,57.46301632591411,59.109232197344184,57.226541065913835,57.99053192138672,54951700,0.0,0.0
2021-03-22 00:00:00-04:00,58.9546116468702,60.37344920734467,58.7181364071141,59.691314697265625,34380100,0.0,0.0
2021-03-23 00:00:00-04:00,60.02784296355107,60.07332137777253,57.45392015292815,57.735870361328125,35160000,0.0,0.0
2021-03-24 00:00:00-04:00,60.55535895750804,61.33754045692675,56.380695406727945,56.426170349121094,74584700,0.0,0.0
2021-03-25 00:00:00-04:00,56.08055293081127,56.78997172640932,55.462084017386864,56.40797805786133,35401400,0.0,0.0
2021-03-26 00:00:00-04:00,56.20788072788104,59.09103761466749,56.18059645879501,59.00008773803711,34705800,0.0,0.0
2021-03-29 00:00:00-04:00,58.21791111445461,59.23656091925033,57.85410463887126,58.663570404052734,26161600,0.0,0.0
2021-03-30 00:00:00-04:00,57.99961853027344,58.208806010531966,57.43572169351067,57.99961853027344,20709500,0.0,0.0
2021-03-31 00:00:00-04:00,58.21790215295141,58.654464305226156,57.82681146623054,58.208805084228516,33013200,0.0,0.0
2021-04-01 00:00:00-04:00,58.863664722868954,59.018280220884385,57.82682077059976,58.709049224853516,31416300,0.0,0.0
2021-04-05 00:00:00-04:00,59.072845540812764,60.7008740638183,58.84546737177341,60.51897430419922,27947500,0.0,0.0
2021-04-06 00:00:00-04:00,60.08240372708654,60.5553541932154,59.38208203639646,59.627647399902344,28771400,0.0,0.0
2021-04-07 00:00:00-04:00,59.72769189323562,60.546254636344656,59.445745202454404,60.255210876464844,17793300,0.0,0.0
2021-04-08 00:00:00-04:00,60.910063555214876,61.20110732696513,60.355260281092384,60.982826232910156,22224200,0.0,0.0
2021-04-09 00:00:00-04:00,60.755448230640454,62.21066709325411,60.60082580536987,62.083335876464844,27177100,0.0,0.0
2021-04-12 00:00:00-04:00,62.02876437915184,62.29252389915058,58.85456694715206,59.49123001098633,51266900,0.0,0.0
2021-04-13 00:00:00-04:00,59.673125976540646,59.69131317650573,58.39980686902733,59.318416595458984,26822000,0.0,0.0
2021-04-14 00:00:00-04:00,59.40026433288302,59.463929935872045,58.06328320059831,58.381614685058594,25768400,0.0,0.0
2021-04-15 00:00:00-04:00,58.18152107768088,59.31841180707427,57.917761595777975,59.136505126953125,24927700,0.0,0.0
2021-04-16 00:00:00-04:00,59.41846060013654,59.59126327785486,58.72722907217164,58.89094161987305,24625500,0.0,0.0
2021-04-19 00:00:00-04:00,58.845470243543126,58.88185158504863,57.362967007108736,57.87229537963867,23997700,0.0,0.0
2021-04-20 00:00:00-04:00,57.881376374136394,57.99051690536724,56.762676387854235,57.02643585205078,19872100,0.0,0.0
2021-04-21 00:00:00-04:00,57.10829493541923,58.00871043414881,56.662632250840225,57.935951232910156,24364200,0.0,0.0
2021-04-22 00:00:00-04:00,57.617625705262796,58.12695404461384,56.644447435237865,56.908206939697266,38257600,0.0,0.0
2021-04-23 00:00:00-04:00,53.80676918170424,54.57075995992379,52.660784749132645,53.87953186035156,77479500,0.0,0.0
2021-04-26 00:00:00-04:00,53.75219709123579,54.134194214524236,53.170109541001466,53.442962646484375,39645900,0.0,0.0
2021-04-27 00:00:00-04:00,53.26106175721665,53.324727364825726,52.54254593475373,52.724449157714844,38167700,0.0,0.0
2021-04-28 00:00:00-04:00,52.31516661089392,52.897254135822116,51.97864791107893,52.4061164855957,30387400,0.0,0.0
2021-04-29 00:00:00-04:00,52.64258668433609,53.02458028502636,52.269686682441545,53.00638961791992,23290600,0.0,0.0
2021-04-30 00:00:00-04:00,52.39701956773844,53.14281959551216,51.90588194861474,52.324256896972656,30731800,0.0,0.0
2021-05-03 00:00:00-04:00,52.624399212983185,52.642589881194304,51.69669595130749,52.07868957519531,22281700,0.0,0.0
2021-05-04 00:00:00-04:00,51.73307962515644,51.824029500806155,50.75990138373999,51.75127029418945,35323600,0.0,0.0
2021-05-05 00:00:00-04:00,51.8058307733557,52.115065159784706,51.351074526813925,51.70578384399414,21001900,0.0,0.0
2021-05-06 00:00:00-04:00,51.81377328571852,52.39029630106427,51.475181955194145,52.33538818359375,25529300,0.348,0.0
2021-05-07 00:00:00-04:00,52.802114015393435,53.0857973120473,52.38116213005304,52.774658203125,19959000,0.0,0.0
2021-05-10 00:00:00-04:00,52.29879130516095,52.37199864462898,51.13659555494798,51.218955993652344,35046500,0.0,0.0
2021-05-11 00:00:00-04:00,50.377050457023444,50.90781852084092,49.69071461022235,50.36790084838867,35968100,0.0,0.0
2021-05-12 00:00:00-04:00,49.77307034253882,50.01100203514834,48.88540828090633,49.06843185424805,30232300,0.0,0.0
2021-05-13 00:00:00-04:00,49.45278692369479,49.773075592663986,48.92201885410619,49.425331115722656,29192500,0.0,0.0
2021-05-14 00:00:00-04:00,49.96524500828535,51.10913801205456,49.65410597162475,50.651580810546875,28158300,0.0,0.0
2021-05-17 00:00:00-04:00,50.59667248180946,51.14573968712696,50.11165950986538,50.633277893066406,20010200,0.0,0.0
2021-05-18 00:00:00-04:00,51.20065695618293,51.3745274544067,50.14827388517832,50.184879302978516,18703400,0.0,0.0
2021-05-19 00:00:00-04:00,49.48023761561172,50.724793815674246,49.26976171279006,50.660736083984375,23769700,0.0,0.0
2021-05-20 00:00:00-04:00,50.85290861519181,51.46603709878521,50.66073542263092,51.200653076171875,23145200,0.0,0.0
2021-05-21 00:00:00-04:00,51.630757613720654,51.896141652417604,51.228108496683184,51.31962203979492,17723100,0.0,0.0
2021-05-24 00:00:00-04:00,51.84123284306836,52.5184155531434,51.61245424003785,52.124916076660156,19164400,0.0,0.0
2021-05-25 00:00:00-04:00,52.67398409386711,52.67398409386711,51.63075078566697,52.04255294799805,22309900,0.0,0.0
2021-05-26 00:00:00-04:00,52.20727991517172,52.37200079935752,51.786328095978945,52.088314056396484,15173600,0.0,0.0
2021-05-27 00:00:00-04:00,52.26219309099907,52.966831721251665,52.16152993083656,52.82956314086914,32387600,0.0,0.0
2021-05-28 00:00:00-04:00,52.6648312451049,52.756344776548204,52.1066109213957,52.271331787109375,20303900,0.0,0.0
2021-06-01 00:00:00-04:00,52.71974319085835,52.91191638451259,51.786326047686224,52.06085968017578,20326400,0.0,0.0
2021-06-02 00:00:00-04:00,52.07916550682539,52.792953692224074,51.9418969369173,52.60078048706055,18483600,0.0,0.0
2021-06-03 00:00:00-04:00,52.14321661748795,52.25302936493272,51.328765383077695,51.466033935546875,21831300,0.0,0.0
2021-06-04 00:00:00-04:00,51.74972087945211,52.84785890553627,51.74057127104209,52.50011444091797,21493800,0.0,0.0
2021-06-07 00:00:00-04:00,52.53671755425886,52.56416986917057,51.96019450492212,52.24388122558594,17364400,0.0,0.0
2021-06-08 00:00:00-04:00,52.57332409857395,52.74719458156094,51.79547474746646,52.161521911621094,33254500,0.0,0.0
2021-06-09 00:00:00-04:00,52.49096366118337,52.60077641407598,52.13406959611906,52.161521911621094,13904800,0.0,0.0
2021-06-10 00:00:00-04:00,52.298790003958054,53.104088172493114,52.097463716382066,52.5092658996582,26738100,0.0,0.0
2021-06-11 00:00:00-04:00,52.59162822629419,53.021729641275165,52.115768296394656,52.939369201660156,18119700,0.0,0.0
2021-06-14 00:00:00-04:00,53.09493577391323,53.25965663856662,52.371994589143824,53.25050354003906,21784500,0.0,0.0
2021-06-15 00:00:00-04:00,53.26881626268756,53.46098947729065,52.893619442845115,53.0674934387207,20806500,0.0,0.0
2021-06-16 00:00:00-04:00,53.21390691093129,53.415229717064534,51.951047986620026,52.362850189208984,21879700,0.0,0.0
2021-06-17 00:00:00-04:00,52.20728230472495,52.985131735845975,51.88699362130648,52.32624816894531,21498800,0.0,0.0
2021-06-18 00:00:00-04:00,51.86868352823351,51.932741255798106,50.422801126896935,50.94441604614258,55118300,0.0,0.0
2021-06-21 00:00:00-04:00,51.01763246036371,51.28301649841829,50.66988797915028,51.127445220947266,19254600,0.0,0.0
2021-06-22 00:00:00-04:00,51.191502955528065,51.5026420195854,50.78885383946522,51.127445220947266,18682800,0.0,0.0
2021-06-23 00:00:00-04:00,51.127437996541026,51.21895152650021,50.54176536833912,50.569217681884766,20287900,0.0,0.0
2021-06-24 00:00:00-04:00,50.77969842709585,51.33791526594739,50.642429873891054,51.310462951660156,21209700,0.0,0.0
2021-06-25 00:00:00-04:00,51.26470656406206,51.62160060381782,51.01762526941172,51.16404342651367,21101200,0.0,0.0
2021-06-28 00:00:00-04:00,51.57585323530363,52.829559109650866,51.557550526590234,52.60078048706055,22480900,0.0,0.0
2021-06-29 00:00:00-04:00,52.66483390663257,52.921068316738896,51.136594508581496,51.932743072509766,26360000,0.0,0.0
2021-06-30 00:00:00-04:00,51.55754674566915,51.59415216041152,50.68818734540258,51.3745231628418,29891600,0.0,0.0
2021-07-01 00:00:00-04:00,51.36536661390979,51.832073370716046,51.12743494111914,51.255550384521484,24871600,0.0,0.0
2021-07-02 00:00:00-04:00,51.749713733819384,52.15236626595298,51.53923786060595,51.94188690185547,17219400,0.0,0.0
2021-07-06 00:00:00-04:00,52.08831286272459,52.1706733029301,50.97187560657555,51.32876968383789,26186600,0.0,0.0
2021-07-07 00:00:00-04:00,51.58500132527703,51.65821215797489,50.98102591905827,51.20980453491211,14857400,0.0,0.0
2021-07-08 00:00:00-04:00,50.61498311710622,50.990179914060214,50.13912316886717,50.68819046020508,19162000,0.0,0.0
2021-07-09 00:00:00-04:00,50.7979933449995,51.34706402048097,50.6149732773897,51.23725128173828,18708000,0.0,0.0
2021-07-12 00:00:00-04:00,51.48434283064815,51.941900103725274,51.34707774325599,51.91444778442383,15392800,0.0,0.0
2021-07-13 00:00:00-04:00,51.813774356801254,52.43605240412726,51.55754345174382,52.04255294799805,15716000,0.0,0.0
2021-07-14 00:00:00-04:00,52.3170932846217,52.582477322337326,51.54840047063389,51.72227096557617,16263600,0.0,0.0
2021-07-15 00:00:00-04:00,51.61245796495688,51.61245796495688,50.852911272453845,51.072540283203125,18917000,0.0,0.0
2021-07-16 00:00:00-04:00,51.29216628229835,52.09746800805684,50.2397867171049,50.3038444519043,25263800,0.0,0.0
2021-07-19 00:00:00-04:00,49.79137423562416,50.15742139103147,49.38872515738363,50.00185012817383,27007700,0.0,0.0
2021-07-20 00:00:00-04:00,50.25807877346569,50.843754893853195,49.66325653638828,50.55091857910156,19867000,0.0,0.0
2021-07-21 00:00:00-04:00,50.496016795017304,51.502641316882375,50.34044551966889,51.456886291503906,18497200,0.0,0.0
2021-07-22 00:00:00-04:00,51.30131807578444,51.74057259931766,50.95357360223889,51.20980453491211,36691000,0.0,0.0
2021-07-23 00:00:00-04:00,49.94694676097013,50.06590912223273,47.878786215146256,48.50106430053711,67742300,0.0,0.0
2021-07-26 00:00:00-04:00,48.327191858332846,49.91033932317588,48.28143334644187,49.69986343383789,32881200,0.0,0.0
2021-07-27 00:00:00-04:00,48.61087861943106,48.68408945107506,47.86963814890082,48.66578674316406,39878000,0.0,0.0
2021-07-28 00:00:00-04:00,48.528522907027835,49.3429742885477,48.4461624588469,48.565128326416016,28478800,0.0,0.0
2021-07-29 00:00:00-04:00,48.94031724094691,49.5076871862575,48.79389907793501,49.14164352416992,16886600,0.0,0.0
2021-07-30 00:00:00-04:00,49.09589252296488,49.324671139584694,48.72984534001933,49.159950256347656,16465700,0.0,0.0
2021-08-02 00:00:00-04:00,49.40703116029699,49.84628568155878,48.995228955712605,49.12334442138672,18098100,0.0,0.0
2021-08-03 00:00:00-04:00,49.31550953230634,49.56259081453641,48.73898654043621,49.4710807800293,16375900,0.0,0.0
2021-08-04 00:00:00-04:00,49.64495753654643,49.818828020509,49.141645301173085,49.324668884277344,17612700,0.0,0.0
2021-08-05 00:00:00-04:00,49.72809455408135,49.75572526508348,49.350459611584206,49.635986328125,15310000,0.348,0.0
2021-08-06 00:00:00-04:00,49.608358569823764,49.857045524353474,49.488619625738394,49.66361999511719,19256000,0.0,0.0
2021-08-09 00:00:00-04:00,49.81098993731621,50.114938297441356,49.58072464399704,49.783355712890625,14670100,0.0,0.0
2021-08-10 00:00:00-04:00,49.958362346327284,50.09651942181475,49.2859845607233,49.68204116821289,16215700,0.0,0.0
2021-08-11 00:00:00-04:00,49.976771613272554,50.068879827494456,49.58992765424791,49.86624526977539,18590800,0.0,0.0
2021-08-12 00:00:00-04:00,49.893879875474816,49.90309245440134,49.05571438519962,49.31361389160156,15070100,0.0,0.0
2021-08-13 00:00:00-04:00,49.276768116406096,49.33203304646829,48.87150250332431,49.26755905151367,15281100,0.0,0.0
2021-08-16 00:00:00-04:00,49.02807787205275,49.267555705823774,48.816234258220824,49.2491340637207,17690300,0.0,0.0
2021-08-17 00:00:00-04:00,48.97281337190518,48.98202594982137,48.09780820259304,48.530704498291016,22014900,0.0,0.0
2021-08-18 00:00:00-04:00,48.447813907377075,48.843870473339166,47.996495922442186,48.0701789855957,15061700,0.0,0.0
2021-08-19 00:00:00-04:00,47.94123226945256,48.51228920001898,47.508335917144386,48.300445556640625,22999400,0.0,0.0
2021-08-20 00:00:00-04:00,48.042552830098714,48.24518742172516,47.36096598508137,47.90439224243164,25728300,0.0,0.0
2021-08-23 00:00:00-04:00,48.4386052369583,49.3136140180444,48.337287949923045,49.02808380126953,23976300,0.0,0.0
2021-08-24 00:00:00-04:00,49.33203255178196,49.70966745283045,49.101767282519,49.56229782104492,20348800,0.0,0.0
2021-08-25 00:00:00-04:00,49.81098473347722,49.9491417868935,49.48861124836757,49.56229782104492,15048400,0.0,0.0
2021-08-26 00:00:00-04:00,49.507034842265185,49.507034842265185,48.788608298198675,48.935977935791016,19570000,0.0,0.0
2021-08-27 00:00:00-04:00,49.147825028049795,49.68203868431839,48.74255586098097,49.635986328125,16525000,0.0,0.0
2021-08-30 00:00:00-04:00,49.97678047886983,50.53862838780016,49.51624986677214,49.68204116821289,14581300,0.0,0.0
2021-08-31 00:00:00-04:00,50.14256123923875,50.19782616595767,49.42413475973777,49.79256057739258,22350100,0.0,0.0
2021-09-01 00:00:00-04:00,49.83861875893869,49.884671113142915,49.304401612175425,49.433349609375,18615000,0.0,0.0
2021-09-02 00:00:00-04:00,49.55308712541986,49.63598276604687,49.1386089222848,49.48861312866211,15869500,0.0,0.0
2021-09-03 00:00:00-04:00,49.221510035380646,49.81099216402788,49.11098367344603,49.28598403930664,13456200,0.0,0.0
2021-09-07 00:00:00-04:00,49.34124186323359,49.6912460580623,49.22150293881892,49.4149284362793,13915000,0.0,0.0
2021-09-08 00:00:00-04:00,49.48861720812654,49.663617568956234,48.80703389662597,49.34124755859375,18235100,0.0,0.0
2021-09-09 00:00:00-04:00,49.42414386070306,49.63598751511434,49.129404557733494,49.184669494628906,13495800,0.0,0.0
2021-09-10 00:00:00-04:00,49.599144368792366,50.63994451182806,49.56230459099075,49.589935302734375,20324700,0.0,0.0
2021-09-13 00:00:00-04:00,50.29915043897908,51.10968524243778,50.11493750452445,50.64915466308594,22639200,0.0,0.0
2021-09-14 00:00:00-04:00,50.99915577359874,51.06362977412809,49.98598989650644,50.21625518798828,22072700,0.0,0.0
2021-09-15 00:00:00-04:00,50.354412154304825,50.796524605009346,50.12414686328225,50.768890380859375,18796200,0.0,0.0
2021-09-16 00:00:00-04:00,50.52941217209711,50.61230781108854,49.958355277694636,50.50178146362305,19863100,0.0,0.0
2021-09-17 00:00:00-04:00,50.280727987053304,50.280727987053304,49.43334990759219,49.976776123046875,35359200,0.0,0.0
2021-09-20 00:00:00-04:00,49.009660864087536,49.276769429485306,48.189917037618585,48.79781723022461,35051900,0.0,0.0
2021-09-21 00:00:00-04:00,49.0004507172273,49.230715989851895,48.65965909754229,48.69649887084961,17968900,0.0,0.0
2021-09-22 00:00:00-04:00,49.18466683579979,49.61756318725187,48.81624097021941,49.276771545410156,18594100,0.0,0.0
2021-09-23 00:00:00-04:00,49.50703473824525,50.01361764680646,49.368874166106146,49.764930725097656,16474300,0.0,0.0
2021-09-24 00:00:00-04:00,49.53466842944935,50.12414701406935,49.4886160738202,49.939937591552734,12976200,0.0,0.0
2021-09-27 00:00:00-04:00,49.68203823307401,50.538625402055416,49.57151187649982,50.3452033996582,13899900,0.0,0.0
2021-09-28 00:00:00-04:00,49.903095984210566,50.28073093481362,49.70046139632662,49.7373046875,24691300,0.0,0.0
2021-09-29 00:00:00-04:00,49.73729865955008,49.783351011150636,48.982028849879484,49.26755905151367,20514300,0.0,0.0
2021-09-30 00:00:00-04:00,49.51624373792375,49.71887830650805,49.05571318282801,49.074134826660156,20534100,0.0,0.0
2021-10-01 00:00:00-04:00,49.41493066850416,49.83861794194864,48.86229188640457,49.60835266113281,19895100,0.0,0.0
2021-10-04 00:00:00-04:00,49.67282129138456,50.04124710630815,48.88992082663313,49.2491340637207,27353300,0.0,0.0
2021-10-05 00:00:00-04:00,49.322827767640554,50.05046697675313,49.25835376314397,49.691253662109375,18129400,0.0,0.0
2021-10-06 00:00:00-04:00,49.25835291106942,49.80177916354736,48.88071795687762,49.7188835144043,20059600,0.0,0.0
2021-10-07 00:00:00-04:00,50.032039424435034,50.649152197785234,49.847826498946795,49.90309143066406,20704400,0.0,0.0
2021-10-08 00:00:00-04:00,50.24388105046455,50.27151527200315,49.460980540398154,49.56229782104492,16068000,0.0,0.0
2021-10-11 00:00:00-04:00,49.56230319132862,50.11493849201241,49.20308638095764,49.22150802612305,14398800,0.0,0.0
2021-10-12 00:00:00-04:00,49.3412526433695,49.479413241231086,47.90439577717481,48.05176544189453,32784300,0.0,0.0
2021-10-13 00:00:00-04:00,48.245184868491364,48.42939780444197,47.77544170613886,48.1346549987793,18534000,0.0,0.0
2021-10-14 00:00:00-04:00,48.72414138938497,49.737307356024196,48.567559150281916,49.64520263671875,26586700,0.0,0.0
2021-10-15 00:00:00-04:00,49.92151730477263,50.18862589368611,49.562304002095004,50.16099166870117,25231100,0.0,0.0
2021-10-18 00:00:00-04:00,49.91230843516073,50.253103631272005,49.47941203200918,50.17020797729492,22407600,0.0,0.0
2021-10-19 00:00:00-04:00,50.31757390283408,50.861000146657666,50.078096025314736,50.85178756713867,18392900,0.0,0.0
2021-10-20 00:00:00-04:00,50.88863059323883,51.10968682413936,50.732051877926885,50.9991569519043,16850300,0.0,0.0
2021-10-21 00:00:00-04:00,50.59389437718762,51.64390363241234,50.50178965828257,51.579429626464844,38390900,0.0,0.0
2021-10-22 00:00:00-04:00,46.41227416360024,46.55964381778107,45.26094764232192,45.555686950683594,109971900,0.0,0.0
2021-10-25 00:00:00-04:00,45.89647193345702,46.117524608829854,45.417519785390645,45.50962448120117,43178800,0.0,0.0
2021-10-26 00:00:00-04:00,45.500425004340414,45.537264782285696,44.14646390650821,44.468833923339844,68405400,0.0,0.0
2021-10-27 00:00:00-04:00,44.68988480021579,44.96620242630607,44.09119368237915,44.109615325927734,41081500,0.0,0.0
2021-10-28 00:00:00-04:00,44.33987979375731,44.54251435553826,44.10040545911825,44.28461837768555,31317200,0.0,0.0
2021-10-29 00:00:00-04:00,44.30303597331168,45.38988831483198,44.13724469995644,45.13199234008789,42301000,0.0,0.0
2021-11-01 00:00:00-04:00,45.5004232547515,45.68463267810367,45.13199738090812,45.638580322265625,28013700,0.0,0.0
2021-11-02 00:00:00-04:00,45.693845120527726,45.96095370258553,45.34384089278197,45.924110412597656,27193300,0.0,0.0
2021-11-03 00:00:00-04:00,45.988586097315725,46.46753834398794,45.78595150853181,46.41227340698242,23962100,0.0,0.0
2021-11-04 00:00:00-04:00,46.595909092587036,46.69792741503029,46.12289929197221,46.660831451416016,24806000,0.348,0.0
2021-11-05 00:00:00-04:00,46.88342382536859,47.83871658272342,46.874150718483165,47.226585388183594,36816200,0.0,0.0
2021-11-08 00:00:00-05:00,47.7274180837511,48.21897766088027,47.35643366218569,47.810890197753906,31647800,0.0,0.0
2021-11-09 00:00:00-05:00,47.80162107917544,48.01493793542432,47.08747149712291,47.48628234863281,22508400,0.0,0.0
2021-11-10 00:00:00-05:00,47.282233576763325,47.66249463454768,47.03181724046583,47.078189849853516,25040700,0.0,0.0
2021-11-11 00:00:00-05:00,47.310063089300385,47.36571235119507,46.75358462236873,46.8648796081543,25420000,0.0,0.0
2021-11-12 00:00:00-05:00,46.929793993134716,47.208036717262594,46.54025984016082,46.660831451416016,23884800,0.0,0.0
2021-11-15 00:00:00-05:00,46.753580912382475,46.95762465180126,46.48461480824017,46.670108795166016,24695800,0.0,0.0
2021-11-16 00:00:00-05:00,46.71648197535279,47.43990817935832,46.68865911527689,46.9390754699707,30927800,0.0,0.0
2021-11-17 00:00:00-05:00,46.929793314896564,47.245131998081376,46.3547652001489,46.586631774902344,23546900,0.0,0.0
2021-11-18 00:00:00-05:00,46.59590905000614,46.59590905000614,45.418026409751654,46.0765266418457,30658200,0.0,0.0
2021-11-19 00:00:00-05:00,46.002330387810815,46.122902006161276,45.668445467615044,45.92813491821289,27607600,0.0,0.0
2021-11-22 00:00:00-05:00,45.9559594676656,47.16166508151487,45.82611473759002,46.21565246582031,33389600,0.0,0.0
2021-11-23 00:00:00-05:00,46.52171272752853,46.7906788225031,45.111963428148464,45.538597106933594,44713300,0.0,0.0
2021-11-24 00:00:00-05:00,45.316008684578435,46.169276070843864,45.10269183801208,46.150726318359375,26035800,0.0,0.0
2021-11-26 00:00:00-05:00,45.35310071213322,45.61279012809377,44.6296746365242,45.24180221557617,25269000,0.0,0.0
2021-11-29 00:00:00-05:00,45.72409432413755,46.49389315983048,45.186165634114296,46.373321533203125,31478900,0.0,0.0
2021-11-30 00:00:00-05:00,45.90959070702544,46.744311953263804,45.149068477343306,45.631351470947266,49460800,0.0,0.0
2021-12-01 00:00:00-05:00,46.22492718268544,46.660837538549416,45.00067177362425,45.074867248535156,35093500,0.0,0.0
2021-12-02 00:00:00-05:00,45.084143311127484,46.17855397143902,44.824453845292076,45.90958786010742,37240800,0.0,0.0
2021-12-03 00:00:00-05:00,46.076529941788685,46.42896815606743,45.22325903427229,45.67771911621094,32224900,0.0,0.0
2021-12-06 00:00:00-05:00,45.89103164066608,47.49554789906532,45.61279246104828,47.291507720947266,40336000,0.0,0.0
2021-12-07 00:00:00-05:00,50.695309369970765,51.01064806315403,48.4230161577387,48.75690460205078,91731500,0.0,0.0
2021-12-08 00:00:00-05:00,48.75690966695806,49.04442553231712,47.6532258951667,47.99638748168945,37143400,0.0,0.0
2021-12-09 00:00:00-05:00,47.579022636185556,47.84798872448175,46.77212790930029,46.81850051879883,31694200,0.0,0.0
2021-12-10 00:00:00-05:00,47.15239119360821,47.36570803777282,46.41969189973621,46.92052459716797,23783600,0.0,0.0
2021-12-13 00:00:00-05:00,47.16166658406612,47.31933771704091,46.326948919270656,46.373321533203125,35726900,0.0,0.0
2021-12-14 00:00:00-05:00,46.206376308012736,46.62373690051859,45.74264310256259,46.0950813293457,34120400,0.0,0.0
2021-12-15 00:00:00-05:00,46.252751806276706,47.09674615132553,45.751922602030746,46.99472427368164,32590300,0.0,0.0
2021-12-16 00:00:00-05:00,47.05964769271783,47.67177538820513,46.911253207084656,47.14311981201172,33132300,0.0,0.0
2021-12-17 00:00:00-05:00,46.92052232626106,47.319333135876505,46.3825901503134,46.94834518432617,50102300,0.0,0.0
2021-12-20 00:00:00-05:00,46.28984662993073,46.493890364570674,45.40875286617138,46.0023307800293,30140300,0.0,0.0
2021-12-21 00:00:00-05:00,46.31766842192668,47.15238955531079,46.31766842192668,47.087467193603516,31956300,0.0,0.0
2021-12-22 00:00:00-05:00,46.96689507122911,47.31933327241857,46.56808426046287,47.2729606628418,23307900,0.0,0.0
2021-12-23 00:00:00-05:00,47.3749857632755,47.97783680496576,47.34715936522573,47.58830261230469,25198200,0.0,0.0
2021-12-27 00:00:00-05:00,47.62539828892084,48.28390212269013,47.57902567645911,48.172603607177734,20985400,0.0,0.0
2021-12-28 00:00:00-05:00,48.163335971325296,48.33955333389987,47.885096726942926,48.00566482543945,19290400,0.0,0.0
2021-12-29 00:00:00-05:00,48.05203359166578,48.35809565201856,47.9129122218669,48.07058334350586,14174800,0.0,0.0
2021-12-30 00:00:00-05:00,48.15404699672882,48.35809070810577,47.90363421749735,47.98710632324219,18359400,0.0,0.0
2021-12-31 00:00:00-05:00,48.1262339047683,48.37665027280782,47.72742304507614,47.764522552490234,16319000,0.0,0.0
2022-01-03 00:00:00-05:00,47.90363771933385,49.36903269197348,47.85726157208307,49.35048294067383,33857600,0.0,0.0
2022-01-04 00:00:00-05:00,49.68437526163446,50.02753684242391,48.83110786334639,49.28556442260742,45681400,0.0,0.0
2022-01-05 00:00:00-05:00,50.25939726885947,52.09578010900163,49.92551237447256,49.962608337402344,59109300,0.0,0.0
2022-01-06 00:00:00-05:00,50.64893875943675,50.70458447701535,49.54525152074919,50.09245681762695,35757900,0.0,0.0
2022-01-07 00:00:00-05:00,50.25940444729399,50.44489844044916,49.29484205129368,49.563804626464844,30717200,0.0,0.0
2022-01-10 00:00:00-05:00,50.05536504019112,51.29817021481781,49.443237329584164,51.205421447753906,49260800,0.0,0.0
2022-01-11 00:00:00-05:00,51.47437991723928,52.01231207227358,50.76023043797126,51.85464096069336,39795200,0.0,0.0
2022-01-12 00:00:00-05:00,52.06796396585903,52.19780869786309,50.834435473816846,51.69697952270508,29136800,0.0,0.0
2022-01-13 00:00:00-05:00,51.938117471154214,52.13288456255021,50.797334244116065,50.95500183105469,29605400,0.0,0.0
2022-01-14 00:00:00-05:00,50.871529235822244,51.72480014028671,50.57474027896593,51.65987777709961,30151500,0.0,0.0
2022-01-18 00:00:00-05:00,51.29816473931565,51.613503437666665,50.713859952193985,50.788055419921875,35313800,0.0,0.0
2022-01-19 00:00:00-05:00,50.667494151824975,50.87153436900016,49.67510531382433,49.730751037597656,30595100,0.0,0.0
2022-01-20 00:00:00-05:00,49.95333883809308,50.16665567685542,48.17260158276756,48.265350341796875,28582600,0.0,0.0
2022-01-21 00:00:00-05:00,48.3024498454086,49.27628881819435,48.181878227672186,48.265350341796875,46372400,0.0,0.0
2022-01-24 00:00:00-05:00,47.74596991172417,48.34882448773726,46.26202508492762,48.172603607177734,64198400,0.0,0.0
2022-01-25 00:00:00-05:00,47.310058171713926,47.87581322582321,46.60518528433407,47.300785064697266,44095400,0.0,0.0
2022-01-26 00:00:00-05:00,47.421363512866755,48.89603540111757,47.068925249422094,47.94074249267578,54895400,0.0,0.0
2022-01-27 00:00:00-05:00,46.354772643025434,46.42897165710169,44.31434574997673,44.564762115478516,89642800,0.0,0.0
2022-01-28 00:00:00-05:00,44.24941747307896,44.70387752860311,42.941690097636155,44.267967224121094,61945400,0.0,0.0
2022-01-31 00:00:00-05:00,44.22159668306622,45.32528038665073,43.87843511775059,45.278907775878906,51828400,0.0,0.0
2022-02-01 00:00:00-05:00,45.24180779179895,45.47367438120014,44.85227361984658,45.399478912353516,35386100,0.0,0.0
2022-02-02 00:00:00-05:00,44.750251526553136,45.98378347412771,44.60185705161216,45.91885757446289,37962700,0.0,0.0
2022-02-03 00:00:00-05:00,45.67771970223237,46.085803640104054,44.75025331233933,44.778076171875,42145800,0.0,0.0
2022-02-04 00:00:00-05:00,44.72668183848054,45.081804835871324,44.044474215173935,44.866859436035156,32431500,0.365,0.0
2022-02-07 00:00:00-05:00,44.97900045804897,45.474300994257604,44.82012825504803,45.025726318359375,27558500,0.0,0.0
2022-02-08 00:00:00-05:00,44.83882378891271,45.735973230281395,44.76406311794282,45.61448669433594,28051200,0.0,0.0
2022-02-09 00:00:00-05:00,46.100441077019845,46.69854067273571,45.63317532224748,46.6424674987793,35217300,0.0,0.0
2022-02-10 00:00:00-05:00,45.96026657698282,46.66116531059079,45.567761432385595,45.661216735839844,32762700,0.0,0.0
2022-02-11 00:00:00-05:00,45.74531915931439,45.89484406168886,44.39024772625868,44.51173782348633,37208200,0.0,0.0
2022-02-14 00:00:00-05:00,44.782752734250515,45.025732947566375,44.02578441689031,44.46501541137695,28456900,0.0,0.0
2022-02-15 00:00:00-05:00,44.577148407693805,45.28739070175485,44.100535398231344,45.268699645996094,35837900,0.0,0.0
2022-02-16 00:00:00-05:00,44.91358770707936,45.31543655994511,44.483700483462655,45.07245635986328,26022900,0.0,0.0
2022-02-17 00:00:00-05:00,44.726684431665205,45.100494945105524,44.278109676563666,44.45566940307617,32030600,0.0,0.0
2022-02-18 00:00:00-05:00,43.166013996917606,43.18470505700506,41.59600059912309,42.091304779052734,76520100,0.0,0.0
2022-02-22 00:00:00-05:00,41.76422119140625,42.43708516910967,40.97921440573745,41.76422119140625,57093300,0.0,0.0
2022-02-23 00:00:00-05:00,42.21278659149934,42.7174344624404,41.63337805354189,41.72683334350586,38176700,0.0,0.0
2022-02-24 00:00:00-05:00,41.025933601776714,43.726729022000065,40.77360967312874,43.661312103271484,72740100,0.0,0.0
2022-02-25 00:00:00-05:00,43.857564810829864,44.6612624937742,43.222083087802005,44.58649826049805,39266300,0.0,0.0
2022-02-28 00:00:00-05:00,43.922975745323455,44.68929120717318,43.78279460951621,44.5771484375,41946100,0.0,0.0
2022-03-01 00:00:00-05:00,44.42763225121602,44.764064191033015,43.19405084852375,43.75476837158203,53853000,0.0,0.0
2022-03-02 00:00:00-05:00,44.40893525922856,45.78269764164299,44.37155314536384,45.67055130004883,46936500,0.0,0.0
2022-03-03 00:00:00-05:00,45.0257280598693,45.37150371748581,44.50238913526897,44.79209518432617,36389900,0.0,0.0
2022-03-04 00:00:00-05:00,44.268758868086316,45.10983869558079,44.268758868086316,44.92293167114258,38310700,0.0,0.0
2022-03-07 00:00:00-05:00,44.866849922088264,45.36215397696024,44.483692199425576,44.55845642089844,43813700,0.0,0.0
2022-03-08 00:00:00-05:00,44.56779556109901,45.530365205855155,43.82017124839078,44.390235900878906,44813900,0.0,0.0
2022-03-09 00:00:00-05:00,45.240671276942486,45.28739714050547,43.82018292190762,44.51173782348633,36076500,0.0,0.0
2022-03-10 00:00:00-05:00,44.19399958053524,44.212690640059584,43.137977889618085,43.60524368286133,36456000,0.0,0.0
2022-03-11 00:00:00-05:00,44.06316356267847,44.184650096181784,42.773509038539,42.82958221435547,27082100,0.0,0.0
2022-03-14 00:00:00-04:00,42.894999533239236,42.96976020339688,41.399746915581915,41.493202209472656,35993900,0.0,0.0
2022-03-15 00:00:00-04:00,41.58665955883849,41.96047365501247,41.18481065318586,41.876365661621094,34448900,0.0,0.0
2022-03-16 00:00:00-04:00,42.334277028541415,43.577205657958984,42.30624222380277,43.577205657958984,38885500,0.0,0.0
2022-03-17 00:00:00-04:00,43.287490899891104,44.19398743034686,42.736117272854216,44.05380630493164,28555000,0.0,0.0
2022-03-18 00:00:00-04:00,43.754769029331044,44.4837025332556,43.31553803852772,44.34352493286133,46237100,0.0,0.0
2022-03-21 00:00:00-04:00,44.352865805324726,44.754714650660034,43.988399076986866,44.28744888305664,32910900,0.0,0.0
2022-03-22 00:00:00-04:00,44.390248541049736,45.296745283620965,44.296796812208456,45.221981048583984,27923300,0.0,0.0
2022-03-23 00:00:00-04:00,45.287396282526515,46.334074144273124,44.913585816149705,45.10983657836914,37126400,0.0,0.0
2022-03-24 00:00:00-04:00,45.47429699276513,48.26854739888585,45.40888008109597,48.240509033203125,51677900,0.0,0.0
2022-03-25 00:00:00-04:00,47.371398712671365,48.5769451590064,47.14711315727927,48.436767578125,33239800,0.0,0.0
2022-03-28 00:00:00-04:00,47.99753680464878,48.19378755749413,47.2499123426513,48.13771438598633,22932400,0.0,0.0
2022-03-29 00:00:00-04:00,48.595644134083436,48.866659158881994,47.9227802283643,48.82927703857422,27303700,0.0,0.0
2022-03-30 00:00:00-04:00,48.829273347274814,49.07224998099687,47.866706994324645,48.062957763671875,24623300,0.0,0.0
2022-03-31 00:00:00-04:00,47.8480111090413,47.90408071465325,46.26865067181949,46.31538009643555,43698300,0.0,0.0
2022-04-01 00:00:00-04:00,46.56770724097482,46.633124162021375,44.23137844658407,44.96031188964844,46598600,0.0,0.0
2022-04-04 00:00:00-04:00,45.01638063158079,46.006985304695135,44.78274775664432,45.97895050048828,23784900,0.0,0.0
2022-04-05 00:00:00-04:00,45.63317669561006,45.77335428728764,44.87620486671351,44.97900390625,25779200,0.0,0.0
2022-04-06 00:00:00-04:00,44.33416846951808,45.016375965830186,44.147265040904436,44.4276237487793,31518700,0.0,0.0
2022-04-07 00:00:00-04:00,44.324825682192355,44.77340033747937,43.7080350855534,44.44631576538086,24117000,0.0,0.0
2022-04-08 00:00:00-04:00,44.18465758132636,44.46501994294885,43.78280866562002,43.941680908203125,22167300,0.0,0.0
2022-04-11 00:00:00-04:00,43.82952285799466,44.20333326854886,43.48374368291533,43.52112579345703,30352500,0.0,0.0
2022-04-12 00:00:00-04:00,44.22203461378712,44.77340839523572,43.37161100832795,43.455718994140625,29861400,0.0,0.0
2022-04-13 00:00:00-04:00,43.689350632362576,44.17530747360805,43.50244360650585,43.93232727050781,22171300,0.0,0.0
2022-04-14 00:00:00-04:00,43.68933777036574,43.68933777036574,42.63331641537621,42.6800422668457,36181800,0.0,0.0
2022-04-18 00:00:00-04:00,42.54922105764474,43.820184557751254,42.53987731056529,43.586551666259766,25593100,0.0,0.0
2022-04-19 00:00:00-04:00,43.549166575258404,44.85751210428187,43.306189953273645,44.79209518432617,31483100,0.0,0.0
2022-04-20 00:00:00-04:00,45.193944769087516,45.5584114906197,44.838821794152764,44.96031188964844,22787100,0.0,0.0
2022-04-21 00:00:00-04:00,45.436909938670425,45.69858112183375,44.2967841986481,44.390235900878906,27316900,0.0,0.0
2022-04-22 00:00:00-04:00,44.34352278094047,44.53042980401766,43.45571709504006,43.493099212646484,28219900,0.0,0.0
2022-04-25 00:00:00-04:00,43.18470333231761,44.053817984420604,43.156668525783665,43.97905731201172,35999300,0.0,0.0
2022-04-26 00:00:00-04:00,43.63327128016918,43.77345242096214,42.53052390512505,42.53987121582031,35356600,0.0,0.0
2022-04-27 00:00:00-04:00,42.5024943031655,43.04452431126464,42.063263335564805,42.259517669677734,28320900,0.0,0.0
2022-04-28 00:00:00-04:00,42.79219918971315,44.17530541259565,42.55856630953121,43.77345657348633,41097000,0.0,0.0
2022-04-29 00:00:00-04:00,42.04457055460999,42.39034618511425,40.65211715697501,40.73622512817383,70765900,0.0,0.0
2022-05-02 00:00:00-04:00,40.85771961238838,42.044575082702075,40.66146528181873,42.016536712646484,45446500,0.0,0.0
2022-05-03 00:00:00-04:00,41.85766524249591,42.51183798207391,41.33432633784259,42.109989166259766,40158400,0.0,0.0
2022-05-04 00:00:00-04:00,42.10999294580325,43.58655094170761,41.50254601204114,43.493099212646484,44625600,0.0,0.0
2022-05-05 00:00:00-04:00,42.951489741643336,43.24348582169498,41.56687174565513,42.00957107543945,52996700,0.365,0.0
2022-05-06 00:00:00-04:00,41.905968057798134,42.52763430819951,41.29371941420716,41.72700119018555,40916600,0.0,0.0
2022-05-09 00:00:00-04:00,41.265457045785475,41.63280474167557,40.38005122170734,40.56843566894531,44925800,0.0,0.0
2022-05-10 00:00:00-04:00,41.774094678385566,42.14144600518928,40.97346518670391,41.45384216308594,42770000,0.0,0.0
2022-05-11 00:00:00-04:00,41.463262507547064,41.717580993258,40.29528171314887,40.34238052368164,40351700,0.0,0.0
2022-05-12 00:00:00-04:00,40.248187374811025,40.41773303565469,39.570004731436356,40.35179901123047,42329600,0.0,0.0
2022-05-13 00:00:00-04:00,40.89810800349117,41.293715723737,40.47424746533912,41.06765365600586,32034100,0.0,0.0
2022-05-16 00:00:00-04:00,40.89810686913147,41.0770737157857,40.304700694923575,40.577857971191406,25071900,0.0,0.0
2022-05-17 00:00:00-04:00,41.274879098527315,41.84002890800059,41.114754636659335,41.82119369506836,28596600,0.0,0.0
2022-05-18 00:00:00-04:00,41.425583440913755,41.425583440913755,39.76780813205948,39.890254974365234,35218400,0.0,0.0
2022-05-19 00:00:00-04:00,39.861991918071844,40.21992196569235,39.29684223709972,39.56999588012695,29181000,0.0,0.0
2022-05-20 00:00:00-04:00,39.79606871876917,39.833746332571295,37.968747566986245,39.230918884277344,44802300,0.0,0.0
2022-05-23 00:00:00-04:00,39.26858893423439,39.796064694722496,38.92950122370773,39.560585021972656,27199500,0.0,0.0
2022-05-24 00:00:00-04:00,39.278012050118406,39.456975316613445,38.712858652057776,39.249752044677734,29837500,0.0,0.0
2022-05-25 00:00:00-04:00,39.033109804465205,40.0503837296002,38.986014587887034,39.74897003173828,26283100,0.0,0.0
2022-05-26 00:00:00-04:00,39.72070939962125,41.143008632495935,39.63594016700088,40.95462417602539,28826700,0.0,0.0
2022-05-27 00:00:00-04:00,41.05824125314728,41.96248245239258,41.02056363822828,41.96248245239258,30553300,0.0,0.0
2022-05-31 00:00:00-04:00,41.67990240145594,42.150861750624934,41.11475261970702,41.84002685546875,41111500,0.0,0.0
2022-06-01 00:00:00-04:00,42.169696998000525,42.3204038332944,41.00171632962219,41.548030853271484,29885500,0.0,0.0
2022-06-02 00:00:00-04:00,41.623385269464194,42.27331145973486,41.38790559893357,42.235633850097656,28727600,0.0,0.0
2022-06-03 00:00:00-04:00,41.54803274495878,41.67990078270309,40.82275494423052,40.869850158691406,33174700,0.0,0.0
2022-06-06 00:00:00-04:00,41.26546452795358,41.482105423961066,40.577864225025024,40.82276153564453,25437100,0.0,0.0
2022-06-07 00:00:00-04:00,40.55901730316389,41.058233024821796,40.182248415750955,41.00171661376953,25168700,0.0,0.0
2022-06-08 00:00:00-04:00,39.79606559262382,39.80548319876705,38.64692361387394,38.83530807495117,59649900,0.0,0.0
2022-06-09 00:00:00-04:00,38.628083537210124,38.94833603256156,37.68616485595703,37.68616485595703,39047200,0.0,0.0
2022-06-10 00:00:00-04:00,37.5354569427247,37.75210139520741,36.90437316894531,36.90437316894531,43066200,0.0,0.0
2022-06-13 00:00:00-04:00,36.31096262725344,36.55586348428366,35.48207322313754,35.57626724243164,50335900,0.0,0.0
2022-06-14 00:00:00-04:00,35.80232993320705,35.98129679444702,35.359630566181806,35.72697830200195,31351700,0.0,0.0
2022-06-15 00:00:00-04:00,36.32039378194105,36.89496128803125,35.71756267261332,36.40516662597656,37652300,0.0,0.0
2022-06-16 00:00:00-04:00,35.51032919021329,35.59510200137745,34.78505149317191,35.17123794555664,45576500,0.0,0.0
2022-06-17 00:00:00-04:00,35.30310791241368,35.90593522811779,34.47421855675341,34.822731018066406,71393200,0.0,0.0
2022-06-21 00:00:00-04:00,35.19008814510526,35.821172037960224,35.161831729943145,35.538597106933594,34004900,0.0,0.0
2022-06-22 00:00:00-04:00,35.161828121694676,35.576271071795276,35.05821648588582,35.20892333984375,32571000,0.0,0.0
2022-06-23 00:00:00-04:00,35.42557476841856,35.43499237759923,34.766230738558676,35.23719024658203,30163000,0.0,0.0
2022-06-24 00:00:00-04:00,35.651617274819145,36.395733824953076,35.548009247917776,36.36747741699219,38159900,0.0,0.0
2022-06-27 00:00:00-04:00,36.61238050748308,36.79134736812814,36.23561516644029,36.386322021484375,29585300,0.0,0.0
2022-06-28 00:00:00-04:00,36.3392235304761,36.75366644624107,35.548011714463314,35.58568572998047,37824200,0.0,0.0
2022-06-29 00:00:00-04:00,35.359632838701096,35.416145667453215,34.86983462841723,35.12415313720703,25437200,0.0,0.0
2022-06-30 00:00:00-04:00,35.04880572474551,35.792922609775026,34.5966850282194,35.23719024658203,35141000,0.0,0.0
2022-07-01 00:00:00-04:00,34.93576723115996,35.0393788704891,33.79604638480931,34.22932815551758,40596300,0.0,0.0
2022-07-05 00:00:00-04:00,33.843137693600006,34.606093100654206,33.475789991618754,34.55899429321289,33215000,0.0,0.0
2022-07-06 00:00:00-04:00,34.68144756902255,35.24659737331897,34.342356249190765,34.841575622558594,26258300,0.0,0.0
2022-07-07 00:00:00-04:00,35.68929452424265,36.10374100024401,35.53858769473331,35.924774169921875,33165400,0.0,0.0
2022-07-08 00:00:00-04:00,35.47265814587047,35.92477869130094,35.21833966535307,35.78349304199219,22566300,0.0,0.0
2022-07-11 00:00:00-04:00,35.472657031796935,35.48207463753453,34.87924726255996,35.03937530517578,25904300,0.0,0.0
2022-07-12 00:00:00-04:00,35.46323645849238,35.5103316695086,34.84157033092911,35.048789978027344,30546300,0.0,0.0
2022-07-13 00:00:00-04:00,34.54957427361367,35.25601321825987,34.49305786451364,35.048789978027344,27059200,0.0,0.0
2022-07-14 00:00:00-04:00,34.841566013554036,35.94360890593855,34.18222236162631,35.519744873046875,36690700,0.0,0.0
2022-07-15 00:00:00-04:00,36.047225826550935,36.42399111666326,35.53858891210822,36.376895904541016,32892300,0.0,0.0
2022-07-18 00:00:00-04:00,36.8290253251489,37.055087428455174,36.29213187207364,36.46167755126953,30814400,0.0,0.0
2022-07-19 00:00:00-04:00,37.03623642181055,38.364341409317596,36.96088480761714,37.88396453857422,53095300,0.0,0.0
2022-07-20 00:00:00-04:00,37.87454993307692,38.30783167121944,37.26230493608459,38.2042236328125,36387900,0.0,0.0
2022-07-21 00:00:00-04:00,38.15712205184503,38.28899367804129,37.507199491839756,38.25131607055664,29661200,0.0,0.0
2022-07-22 00:00:00-04:00,38.025257119008344,38.15712516282148,36.678313083257514,36.923213958740234,41350000,0.0,0.0
2022-07-25 00:00:00-04:00,36.99856925829633,37.12101970818914,36.31096896651142,36.88554000854492,32263400,0.0,0.0
2022-07-26 00:00:00-04:00,36.82901922536377,37.27172215806789,36.62179955755017,36.69715118408203,35925500,0.0,0.0
2022-07-27 00:00:00-04:00,36.98914851282399,38.07235288339831,36.95147090172537,37.84629440307617,42571600,0.0,0.0
2022-07-28 00:00:00-04:00,37.76152127230711,37.78977768383743,36.77250734426379,37.40359115600586,56662300,0.0,0.0
2022-07-29 00:00:00-04:00,33.53230013834964,34.4930575247818,33.193212466492035,34.20106506347656,125292400,0.0,0.0
2022-08-01 00:00:00-04:00,33.956174142104494,35.500920495679956,33.956174142104494,34.81332015991211,52513400,0.0,0.0
2022-08-02 00:00:00-04:00,34.46480206707019,34.53073608228777,33.90906994371176,33.918487548828125,53929400,0.0,0.0
2022-08-03 00:00:00-04:00,33.99384326524239,34.464802576984106,33.21204908304663,34.398868560791016,59513900,0.0,0.0
2022-08-04 00:00:00-04:00,34.26091578105994,34.34654443398472,33.64248984718926,33.92791748046875,54046300,0.365,0.0
2022-08-05 00:00:00-04:00,33.63297015541941,33.95645574179639,33.47122917693537,33.67102813720703,40205100,0.0,0.0
2022-08-08 00:00:00-04:00,33.64249291707816,34.21334823572788,33.49026459014426,33.661521911621094,41534600,0.0,0.0
2022-08-09 00:00:00-04:00,33.50928861420651,33.58540095167881,32.72911810071788,32.84328842163086,48202300,0.0,0.0
2022-08-10 00:00:00-04:00,33.2904567010146,33.680541911444735,32.90988417061068,33.65199661254883,42243300,0.0,0.0
2022-08-11 00:00:00-04:00,33.90887970650632,34.527309109635745,33.76616774152837,33.86130905151367,35569700,0.0,0.0
2022-08-12 00:00:00-04:00,34.061116089844305,34.38460170198567,33.93742945388782,34.35606002807617,37675200,0.0,0.0
2022-08-15 00:00:00-04:00,34.346542053577856,34.660514969011714,33.97548579308986,34.574886322021484,25400600,0.0,0.0
2022-08-16 00:00:00-04:00,34.40362919525413,34.80323075962041,33.96597327713647,34.43217086791992,25000200,0.0,0.0
2022-08-17 00:00:00-04:00,34.070629040737956,34.32751496881716,33.55685718457954,34.042083740234375,29176100,0.0,0.0
2022-08-18 00:00:00-04:00,33.94694562521518,34.56537517304557,33.84228798209842,34.441688537597656,24598200,0.0,0.0
2022-08-19 00:00:00-04:00,34.06111990879398,34.27994790192336,33.48074827816799,33.661521911621094,31425500,0.0,0.0
2022-08-22 00:00:00-04:00,33.29996788394663,33.3570548497633,32.09165432805726,32.196311950683594,51006100,0.0,0.0
2022-08-23 00:00:00-04:00,32.329517473266264,32.71960274135082,32.26291781501347,32.30097579956055,30687100,0.0,0.0
2022-08-24 00:00:00-04:00,32.32000110620697,32.33903009631053,31.967970233404333,32.2153434753418,25105700,0.0,0.0
2022-08-25 00:00:00-04:00,32.22485579212015,33.23337047977773,32.17728513210235,33.1953125,29799100,0.0,0.0
2022-08-26 00:00:00-04:00,33.25239798748715,33.3285103142413,31.730111528910154,31.739627838134766,44851500,0.0,0.0
2022-08-29 00:00:00-04:00,31.615947529519733,31.787204835632597,31.216349568195906,31.34003257751465,32976800,0.0,0.0
2022-08-30 00:00:00-04:00,31.43517608995099,31.463717763181926,30.588405909614842,30.69305992126465,40182500,0.0,0.0
2022-08-31 00:00:00-04:00,30.81674397852586,30.81674397852586,30.22685979479974,30.36957359313965,44074500,0.0,0.0
2022-09-01 00:00:00-04:00,30.036576302936464,30.28394775650257,29.617947549616545,30.217348098754883,36440700,0.0,0.0
2022-09-02 00:00:00-04:00,30.64548843444026,30.807233047033623,29.551346832111893,29.703575134277344,34893300,0.0,0.0
2022-09-06 00:00:00-04:00,29.865314825394012,29.865314825394012,28.85680197478343,28.885345458984375,46989600,0.0,0.0
2022-09-07 00:00:00-04:00,28.942434547694234,29.29446364188381,28.59040545350466,29.16126251220703,37329500,0.0,0.0
2022-09-08 00:00:00-04:00,28.894859343292513,29.351544192633913,28.45720166831213,29.25640106201172,37359500,0.0,0.0
2022-09-09 00:00:00-04:00,29.675033068244815,29.969975172940625,29.570375431379905,29.931917190551758,34069500,0.0,0.0
2022-09-12 00:00:00-04:00,30.19831684196443,30.312488971473055,29.589403657130262,30.02705955505371,38305500,0.0,0.0
2022-09-13 00:00:00-04:00,29.332516868886895,29.427660004910727,27.82926112676438,27.867319107055664,71417900,0.0,0.0
2022-09-14 00:00:00-04:00,28.114690149644826,28.324005422480926,27.600920092520106,27.762662887573242,40767200,0.0,0.0
2022-09-15 00:00:00-04:00,27.734118654951818,27.981490088656386,27.315489935243747,27.439176559448242,39919100,0.0,0.0
2022-09-16 00:00:00-04:00,27.305979742046095,27.895863986787894,27.03957929347279,27.81974983215332,72748000,0.0,0.0
2022-09-19 00:00:00-04:00,27.610434817975406,28.067119720267634,27.496262685050105,28.010034561157227,33151900,0.0,0.0
2022-09-20 00:00:00-04:00,27.65800426660365,27.753147404078266,27.3154896975768,27.553346633911133,31129000,0.0,0.0
2022-09-21 00:00:00-04:00,27.734117904334347,28.15274661271233,27.077632263990022,27.087146759033203,39977300,0.0,0.0
2022-09-22 00:00:00-04:00,27.020546463793597,27.115689597251134,26.67803372393253,26.706575393676758,36092700,0.0,0.0
2022-09-23 00:00:00-04:00,26.54483607290654,26.54483607290654,25.869323185203022,26.18329429626465,43491100,0.0,0.0
2022-09-26 00:00:00-04:00,26.22135003194812,26.354551159837232,25.555351651320706,25.66000747680664,44786400,0.0,0.0
2022-09-27 00:00:00-04:00,26.06912121539332,26.259407500241064,25.327008696837023,25.583892822265625,44121400,0.0,0.0
2022-09-28 00:00:00-04:00,25.555350757059607,25.954950497334636,25.30797931644131,25.81223487854004,40433400,0.0,0.0
2022-09-29 00:00:00-04:00,25.47923781937838,25.47923781937838,24.917895257174756,25.098665237426758,41831300,0.0,0.0
2022-09-30 00:00:00-04:00,25.022550869859163,25.279436816066962,24.489751800272444,24.518295288085938,43821000,0.0,0.0
2022-10-03 00:00:00-04:00,25.051094256871966,25.92640791788033,24.80372280759737,25.66000747680664,44096200,0.0,0.0
2022-10-04 00:00:00-04:00,26.097661591103822,26.449688816986736,25.77417603425211,26.35454750061035,42427500,0.0,0.0
2022-10-05 00:00:00-04:00,26.040576461004424,26.48774681835725,25.583889794360527,26.297460556030273,30120000,0.0,0.0
2022-10-06 00:00:00-04:00,26.107177489015953,26.411634073076065,25.688548778581108,25.859806060791016,33985100,0.0,0.0
2022-10-07 00:00:00-04:00,24.898865431494915,25.003523069498016,24.404122543285993,24.470722198486328,57215500,0.0,0.0
2022-10-10 00:00:00-04:00,24.68003709742075,24.727607760492898,23.871323122262893,23.975980758666992,43409300,0.0,0.0
2022-10-11 00:00:00-04:00,23.795209869192025,24.242380288916017,23.49075325876679,23.823753356933594,48134900,0.0,0.0
2022-10-12 00:00:00-04:00,23.83326426643952,24.28043646762643,23.4622080269052,24.09966468811035,39634100,0.0,0.0
2022-10-13 00:00:00-04:00,23.528809073549557,25.536322313541532,23.395609762169638,25.136722564697266,62447000,0.0,0.0
2022-10-14 00:00:00-04:00,25.174777613695817,25.33652040519587,24.50877927170488,24.651493072509766,48185400,0.0,0.0
2022-10-17 00:00:00-04:00,25.03206492592475,25.450693666310293,24.89886561454483,25.136722564697266,39416500,0.0,0.0
2022-10-18 00:00:00-04:00,25.441178811192287,25.650492271076327,24.299466555409587,24.61343765258789,51126900,0.0,0.0
2022-10-19 00:00:00-04:00,24.489748260171275,24.97497659463149,24.442177602063214,24.737119674682617,33882300,0.0,0.0
2022-10-20 00:00:00-04:00,24.87983397783286,25.640977226220233,24.689549526764257,24.813234329223633,33247700,0.0,0.0
2022-10-21 00:00:00-04:00,24.59440934192096,25.736121629298474,24.53732418122822,25.66000747680664,53058700,0.0,0.0
2022-10-24 00:00:00-04:00,25.450691845446098,26.145233654671273,25.23186390249094,25.859806060791016,43831600,0.0,0.0
2022-10-25 00:00:00-04:00,25.859808208305978,26.221349978225323,25.688550911874092,26.078636169433594,32205300,0.0,0.0
2022-10-26 00:00:00-04:00,25.869320450334584,26.449690130817128,25.679034178721185,25.888347625732422,37111100,0.0,0.0
2022-10-27 00:00:00-04:00,26.116692131689884,26.24989143429279,24.860805993288405,24.994007110595703,56305100,0.0,0.0
2022-10-28 00:00:00-04:00,26.811232784015203,27.800716644961188,26.506776211416437,27.658002853393555,91695700,0.0,0.0
2022-10-31 00:00:00-04:00,27.66752096728513,27.762664112343902,26.68754965817755,27.04909324645996,59507700,0.0,0.0
2022-11-01 00:00:00-04:00,27.40111939327695,27.4486918711954,26.535320256910445,26.925405502319336,44418700,0.0,0.0
2022-11-02 00:00:00-04:00,26.896862040830722,27.44869004504039,26.078633622114737,26.08814811706543,51956100,0.0,0.0
2022-11-03 00:00:00-04:00,26.116695437560924,26.525807892299095,25.85029498392955,26.059608459472656,39678200,0.0,0.0
2022-11-04 00:00:00-04:00,26.585138541087908,27.231204737967765,26.4308542408671,27.19263458251953,43051900,0.365,0.0
2022-11-07 00:00:00-05:00,27.3469208146482,27.452990129034504,26.89370904142049,27.39513397216797,34389800,0.0,0.0
2022-11-08 00:00:00-05:00,27.732627744845203,27.915841028586772,26.93227730224422,27.462629318237305,36258000,0.0,0.0
2022-11-09 00:00:00-05:00,27.211919645642528,27.289061798318503,26.53692626953125,26.53692626953125,30544800,0.0,0.0
2022-11-10 00:00:00-05:00,27.848341564437387,28.764406193994382,27.62655811575354,28.69690704345703,62943900,0.0,0.0
2022-11-11 00:00:00-05:00,27.8965606376948,29.535832005089723,27.838704477230415,29.34297752380371,49826500,0.0,0.0
2022-11-14 00:00:00-05:00,29.256187995145748,29.88296818436314,29.10190369746805,29.265830993652344,39395300,0.0,0.0
2022-11-15 00:00:00-05:00,29.98903994480018,30.220466396071025,29.092261296616932,29.61297035217285,40933200,0.0,0.0
2022-11-16 00:00:00-05:00,29.03440152510628,29.150113816713752,28.388335406121133,28.475120544433594,35582800,0.0,0.0
2022-11-17 00:00:00-05:00,28.031556192217213,28.880121711620205,27.964057038467566,28.822263717651367,31983300,0.0,0.0
2022-11-18 00:00:00-05:00,29.1790462667312,29.1790462667312,28.55226606848289,28.802978515625,27122200,0.0,0.0
2022-11-21 00:00:00-05:00,28.600477817022007,28.65833396683814,27.87726950707193,27.906198501586914,36086800,0.0,0.0
2022-11-22 00:00:00-05:00,28.099053475255506,28.793334642947404,28.021911327646837,28.754762649536133,25584100,0.0,0.0
2022-11-23 00:00:00-05:00,28.667976923046872,29.005474501705663,28.436550484907258,28.61012077331543,23143900,0.0,0.0
2022-11-25 00:00:00-05:00,28.61976476337277,28.61976476337277,28.29191017150879,28.29191017150879,11314900,0.0,0.0
2022-11-28 00:00:00-05:00,28.060484617975934,28.147269767948515,27.520489559757404,27.70370101928711,28267900,0.0,0.0
2022-11-29 00:00:00-05:00,27.81941113504371,28.137622692434476,27.71334000284222,27.867624282836914,24361500,0.0,0.0
2022-11-30 00:00:00-05:00,27.74227024466325,29.00547353372441,27.21191639898036,28.995830535888672,72072500,0.0,0.0
2022-12-01 00:00:00-05:00,29.159761881830644,29.391188344478422,28.465482493887304,28.764408111572266,38896300,0.0,0.0
2022-12-02 00:00:00-05:00,28.127984777812785,28.3786972379118,27.684416013264055,28.359411239624023,31546000,0.0,0.0
2022-12-05 00:00:00-05:00,28.36905253977949,28.687264135614384,27.85798465104481,28.12798309326172,34040400,0.0,0.0
2022-12-06 00:00:00-05:00,28.147268371480845,28.262980672894155,27.32763190641211,27.578344345092773,27701200,0.0,0.0
2022-12-07 00:00:00-05:00,27.26977429221749,27.530127876031965,27.14441715999777,27.3179874420166,28239900,0.0,0.0
2022-12-08 00:00:00-05:00,27.30834477835158,27.57834320248603,27.067275347978825,27.42405891418457,28486100,0.0,0.0
2022-12-09 00:00:00-05:00,27.375844371968313,27.751913940161064,27.182989928046684,27.231203079223633,25641300,0.0,0.0
2022-12-12 00:00:00-05:00,27.125133722644026,27.684414773444505,26.864780114274833,27.665130615234375,35117900,0.0,0.0
2022-12-13 00:00:00-05:00,28.725836821361064,29.015119428460356,27.356562258610747,27.70370101928711,58546800,0.0,0.0
2022-12-14 00:00:00-05:00,27.491559632759046,28.079769665058897,27.00942074443822,27.250490188598633,37141100,0.0,0.0
2022-12-15 00:00:00-05:00,26.94191981776278,26.99977596556628,26.151212387331118,26.180139541625977,45682700,0.0,0.0
2022-12-16 00:00:00-05:00,26.035500916016225,26.170499221106358,25.505148855264444,25.958358764648438,81104200,0.0,0.0
2022-12-19 00:00:00-05:00,25.93907522381969,26.006574382757933,25.553364430448205,25.833005905151367,37662500,0.0,0.0
2022-12-20 00:00:00-05:00,25.59193252269879,25.910144108555976,25.476218382744424,25.49550437927246,31863300,0.0,0.0
2022-12-21 00:00:00-05:00,25.64014605042167,26.00657079375305,25.630503052016383,25.871572494506836,28100900,0.0,0.0
2022-12-22 00:00:00-05:00,25.50514828566791,25.50514828566791,24.444442348638713,25.042293548583984,47478300,0.0,0.0
2022-12-23 00:00:00-05:00,24.994079376869443,25.254434811023486,24.762652937359356,25.15800666809082,23600900,0.0,0.0
2022-12-27 00:00:00-05:00,24.9265796491694,25.16764908129055,24.733723367786958,25.013364791870117,29548100,0.0,0.0
2022-12-28 00:00:00-05:00,24.916937623444614,25.186936060072682,24.589083035829773,24.627655029296875,26176900,0.0,0.0
2022-12-29 00:00:00-05:00,24.849437012352013,25.35086186264532,24.83015101675294,25.273717880249023,30944800,0.0,0.0
2022-12-30 00:00:00-05:00,24.974792963033074,25.514787979531604,24.878364821712026,25.48586082458496,31030100,0.0,0.0
2023-01-03 00:00:00-05:00,26.08371317186176,26.102999168842448,25.428005827443503,25.775144577026367,31308000,0.0,0.0
2023-01-04 00:00:00-05:00,26.43085245698635,26.922634320453884,26.189783024259942,26.691207885742188,37665200,0.0,0.0
2023-01-05 00:00:00-05:00,26.459782464056307,26.7876370522534,26.401924473752903,26.57549476623535,33552600,0.0,0.0
2023-01-06 00:00:00-05:00,26.93227950754635,27.800129168058195,26.401925608912368,27.70370101928711,31788600,0.0,0.0
2023-01-09 00:00:00-05:00,27.80976964037389,28.80297635582074,27.80976964037389,28.26297950744629,37493200,0.0,0.0
2023-01-10 00:00:00-05:00,28.195481799132445,28.455837238674977,27.88691320673265,28.388338088989258,23008100,0.0,0.0
2023-01-11 00:00:00-05:00,28.619766010523257,28.812620471120535,27.96405679822175,28.783693313598633,30375400,0.0,0.0
2023-01-12 00:00:00-05:00,28.90904794592512,29.294758697326316,28.41726604818337,29.207975387573242,28963900,0.0,0.0
2023-01-13 00:00:00-05:00,28.89940461379544,29.09226090687782,28.745120315015104,29.034404754638672,31361900,0.0,0.0
2023-01-17 00:00:00-05:00,29.101902630937353,29.179044776949084,28.465479466537094,28.542621612548828,34759100,0.0,0.0
2023-01-18 00:00:00-05:00,28.73547856461602,28.754764562604766,27.607273431270517,27.78084373474121,44199600,0.0,0.0
2023-01-19 00:00:00-05:00,27.58798891962849,27.732630224266018,27.231205318256215,27.404775619506836,36886600,0.0,0.0
2023-01-20 00:00:00-05:00,27.40477553678764,28.18584005084388,27.24084823490285,28.176197052001953,35158500,0.0,0.0
2023-01-23 00:00:00-05:00,28.282266667526926,29.4008287235835,28.13762537116362,29.188688278198242,38795800,0.0,0.0
2023-01-24 00:00:00-05:00,28.87047656357061,29.111546002854098,28.66797727818127,28.8511905670166,24855100,0.0,0.0
2023-01-25 00:00:00-05:00,28.46547924306209,28.822260975860168,28.127981667205173,28.639049530029297,28268000,0.0,0.0
2023-01-26 00:00:00-05:00,28.986186745199117,29.03440173305899,28.282264475368542,29.01511573791504,56088100,0.0,0.0
2023-01-27 00:00:00-05:00,26.102999338615348,27.231204420328744,25.82335973743222,27.154062271118164,148548200,0.0,0.0
2023-01-30 00:00:00-05:00,26.729779500775336,27.49155983268477,26.681566347278196,26.95156478881836,55145800,0.0,0.0
2023-01-31 00:00:00-05:00,26.787637297221977,27.279419184014884,26.546567853061564,27.250490188598633,52621600,0.0,0.0
2023-02-01 00:00:00-05:00,26.893705254722768,28.37869383918174,26.691207814594986,28.031553268432617,63330600,0.0,0.0
2023-02-02 00:00:00-05:00,28.2051258177228,29.217616778058037,27.771200069456867,29.111547470092773,62230700,0.0,0.0
2023-02-03 00:00:00-05:00,28.5619088888887,30.056538724554706,28.4751237408344,29.236902236938477,57603100,0.0,0.0
2023-02-06 00:00:00-05:00,28.841610115948637,28.939213232302656,27.92414566244483,28.002227783203125,48726400,0.365,0.0
2023-02-07 00:00:00-05:00,27.96318325788295,28.56832103513832,27.748457910663006,28.353593826293945,50780800,0.0,0.0
2023-02-08 00:00:00-05:00,28.255993486863996,28.421918216464604,27.53373158510289,27.563013076782227,36479100,0.0,0.0
2023-02-09 00:00:00-05:00,27.992465713494784,28.12910895174248,26.909074719889496,27.06523895263672,43906400,0.0,0.0
2023-02-10 00:00:00-05:00,26.967635453058673,27.319005902487607,26.68458848339329,27.133560180664062,31232500,0.0,0.0
2023-02-13 00:00:00-05:00,27.20188630644277,27.865583419799805,27.055480697189722,27.865583419799805,32347500,0.0,0.0
2023-02-14 00:00:00-05:00,27.699657103494793,28.031506572145943,27.31900700894623,27.95342445373535,27928900,0.0,0.0
2023-02-15 00:00:00-05:00,27.68013685643991,28.187669674876624,27.484930637454998,28.158390045166016,23359400,0.0,0.0
2023-02-16 00:00:00-05:00,27.816782868384426,28.13887185871126,27.45565188571511,27.523975372314453,28972500,0.0,0.0
2023-02-17 00:00:00-05:00,27.32876831565852,27.397089938587733,26.72363048383983,26.948118209838867,32086200,0.0,0.0
2023-02-21 00:00:00-05:00,26.460104035351655,26.616268274114095,25.415754990518632,25.435274124145508,63668400,0.0,0.0
2023-02-22 00:00:00-05:00,25.28886953467257,26.255136427710145,24.693492230847845,24.859416961669922,89195300,0.0,0.0
2023-02-23 00:00:00-05:00,25.161987971011783,25.45479545717064,24.713014382393666,24.996063232421875,56473200,0.0,0.0
2023-02-24 00:00:00-05:00,24.615414665990947,24.74229929270796,24.322607139393753,24.53733253479004,44089900,0.0,0.0
2023-02-27 00:00:00-05:00,24.9375008974701,24.966782391500903,24.283562423779266,24.303083419799805,37657000,0.0,0.0
2023-02-28 00:00:00-05:00,24.34212553407002,24.51781077588773,24.137158798074474,24.332365036010742,50255300,0.0,0.0
2023-03-01 00:00:00-05:00,24.42996702389222,25.298630833078455,24.371404038247963,24.722774505615234,47823400,0.0,0.0
2023-03-02 00:00:00-05:00,24.60565156377673,25.669521652354405,24.517810804390407,25.57192039489746,48309300,0.0,0.0
2023-03-03 00:00:00-05:00,25.5719179110984,25.845204384032996,25.386472189018157,25.767122268676758,36744900,0.0,0.0
2023-03-06 00:00:00-05:00,25.83544367710236,25.903767156405635,25.308389868134043,25.36695098876953,37879800,0.0,0.0
2023-03-07 00:00:00-05:00,25.220550097368804,25.366953846261588,24.888700607012005,24.91798210144043,43164600,0.0,0.0
2023-03-08 00:00:00-05:00,24.947261385027765,25.3864744871826,24.839899630209082,25.357192993164062,36071900,0.0,0.0
2023-03-09 00:00:00-05:00,25.35719211065509,26.33321953780848,25.347431612988608,25.80616569519043,54886100,0.0,0.0
2023-03-10 00:00:00-05:00,25.913526404132295,26.860274161836333,25.689040551704853,26.56746482849121,65187000,0.0,0.0
2023-03-13 00:00:00-04:00,26.09897498475374,26.65531035887003,25.97209222955824,26.30394172668457,50977000,0.0,0.0
2023-03-14 00:00:00-04:00,26.694351607202076,27.42637220779286,26.59674848813171,27.338529586791992,47689800,0.0,0.0
2023-03-15 00:00:00-04:00,27.06524196977045,27.816783587160867,26.996920343030357,27.728940963745117,49322800,0.0,0.0
2023-03-16 00:00:00-04:00,27.70941861346735,29.544351255599253,27.70941861346735,29.45650863647461,75779500,0.0,0.0
2023-03-17 00:00:00-04:00,29.202740580670582,30.25685012340821,28.73424786425932,29.09537696838379,80628500,0.0,0.0
2023-03-20 00:00:00-04:00,29.085615413340413,29.183218524450513,27.94366329508857,28.46095848083496,38780100,0.0,0.0
2023-03-21 00:00:00-04:00,28.30479619784849,28.470720939680174,27.30924774685839,27.777740478515625,55650800,0.0,0.0
2023-03-22 00:00:00-04:00,27.797262227806556,28.42192108190452,27.426372603931718,27.455652236938477,37415500,0.0,0.0
2023-03-23 00:00:00-04:00,27.69965663211691,28.46095866988316,27.543492397953248,28.334075927734375,43785500,0.0,0.0
2023-03-24 00:00:00-04:00,28.343837595436273,29.09537730527202,28.236473981906343,28.656166076660156,55912100,0.0,0.0
2023-03-27 00:00:00-04:00,28.665925923718298,29.01729452630721,28.382877080518664,28.480480194091797,34758200,0.0,0.0
2023-03-28 00:00:00-04:00,28.38287622281206,28.626883068558943,27.943663155817884,28.58784294128418,37407900,0.0,0.0
2023-03-29 00:00:00-04:00,29.056335409276464,31.125512402388914,29.046574912128595,30.76438331604004,85556200,0.0,0.0
2023-03-30 00:00:00-04:00,31.086474310596248,31.798975756041244,31.047432319448752,31.320720672607422,70077600,0.0,0.0
2023-03-31 00:00:00-04:00,31.037667588947482,32.11129985959346,30.96934597538122,31.886810302734375,59765000,0.0,0.0
2023-04-03 00:00:00-04:00,32.15034405617549,32.755483778380075,31.759935295631553,32.10154342651367,57038300,0.0,0.0
2023-04-04 00:00:00-04:00,32.062500248058726,33.02876906193482,32.052741611786914,32.3065071105957,55714100,0.0,0.0
2023-04-05 00:00:00-04:00,32.01370065253086,32.199148256918505,31.564728904564877,32.04298400878906,39615700,0.0,0.0
2023-04-06 00:00:00-04:00,31.818491804169874,32.208904254125564,31.6818485636601,32.023460388183594,28551900,0.0,0.0
2023-04-10 00:00:00-04:00,31.81849010294123,31.974654329924114,31.428081397108453,31.74040985107422,30534400,0.0,0.0
2023-04-11 00:00:00-04:00,31.87705562159293,32.31626870845756,31.545206147434005,31.574485778808594,27059100,0.0,0.0
2023-04-12 00:00:00-04:00,31.984420033222882,32.10154228489594,31.193836457118923,31.252399444580078,37070800,0.0,0.0
2023-04-13 00:00:00-04:00,31.057192349807018,31.65256967447336,30.891267613176623,31.35976219177246,29722300,0.0,0.0
2023-04-14 00:00:00-04:00,31.232878600038376,31.467126827768343,30.9303106098554,31.12551498413086,24623600,0.0,0.0
2023-04-17 00:00:00-04:00,31.18407632087801,31.85753388966632,31.008391090194262,31.36952018737793,29601100,0.0,0.0
2023-04-18 00:00:00-04:00,31.652570501382968,31.68185013344323,31.018153031207433,31.066953659057617,26041400,0.0,0.0
2023-04-19 00:00:00-04:00,30.35445292927733,30.76438451737318,30.334931934219302,30.40325355529785,25746600,0.0,0.0
2023-04-20 00:00:00-04:00,30.022601817211516,30.50085500022003,29.973799332236496,30.12020492553711,30255100,0.0,0.0
2023-04-21 00:00:00-04:00,30.100687008481,30.100687008481,29.505309662296582,29.573631286621094,28655800,0.0,0.0
2023-04-24 00:00:00-04:00,29.40770297491424,29.64195117506098,28.900170172261404,28.948970794677734,38732500,0.0,0.0
2023-04-25 00:00:00-04:00,28.734244479737757,28.86112721071145,28.177909211825394,28.187667846679688,38289900,0.0,0.0
2023-04-26 00:00:00-04:00,28.499999418369452,29.095374837087064,28.148628975987336,28.353593826293945,41218800,0.0,0.0
2023-04-27 00:00:00-04:00,28.060787394508164,29.232021004320046,27.826541044870687,29.14417839050293,60186200,0.0,0.0
2023-04-28 00:00:00-04:00,31.213357863026513,31.789214215921206,30.071405655275562,30.315412521362305,80229700,0.0,0.0
2023-05-01 00:00:00-04:00,30.36421486941095,30.491097620067237,29.554112152260263,29.573631286621094,36918500,0.0,0.0
2023-05-02 00:00:00-04:00,29.573630708701103,29.846919062283263,29.036816360963385,29.056337356567383,33463400,0.0,0.0
2023-05-03 00:00:00-04:00,29.905478836745296,30.364212904596823,29.52482874778298,29.915239334106445,45554500,0.0,0.0
2023-05-04 00:00:00-04:00,29.83194046852692,31.0863703868526,29.773137664169386,30.61595916748047,46104000,0.125,0.0
2023-05-05 00:00:00-04:00,30.753159550839502,30.782560950703065,30.116144174445274,30.37095069885254,35010800,0.0,0.0
2023-05-08 00:00:00-04:00,30.08674451993011,30.223947313565983,29.78293566366801,30.155345916748047,30882800,0.0,0.0
2023-05-09 00:00:00-04:00,29.773135293975265,29.969140887733957,29.312524578664576,29.498729705810547,30706500,0.0,0.0
2023-05-10 00:00:00-04:00,29.684935780406107,29.792737178090977,28.90091524959575,29.371326446533203,40526500,0.0,0.0
2023-05-11 00:00:00-04:00,29.00871644141755,29.08711830196539,28.244296899140267,28.283498764038086,47144400,0.0,0.0
2023-05-12 00:00:00-04:00,28.45010405781083,28.51870545480219,28.146295200780703,28.371702194213867,24147300,0.0,0.0
2023-05-15 00:00:00-04:00,28.32270186303517,29.234124760049205,28.303100928438564,29.204723358154297,28717500,0.0,0.0
2023-05-16 00:00:00-04:00,29.028321809277315,29.302727428498926,28.62651010967065,28.636310577392578,22812000,0.0,0.0
2023-05-17 00:00:00-04:00,28.930316010753835,28.96951600834132,28.107095499689855,28.29330062866211,41667300,0.0,0.0
2023-05-18 00:00:00-04:00,28.420703266681524,29.165521921428446,28.29330093657583,29.087120056152344,36529200,0.0,0.0
2023-05-19 00:00:00-04:00,29.008718684013914,29.63593361688515,28.910715883440798,29.33212661743164,40668700,0.0,0.0
2023-05-22 00:00:00-04:00,29.25372581681525,29.841740772433006,29.224324414797557,29.67513656616211,28693400,0.0,0.0
2023-05-23 00:00:00-04:00,29.44972911136836,29.59673424999005,28.900916033390814,28.920516967773438,29400900,0.0,0.0
2023-05-24 00:00:00-04:00,28.72451088886938,28.900915556908675,28.244299219900157,28.420703887939453,28045800,0.0,0.0
2023-05-25 00:00:00-04:00,27.724887829401666,27.724887829401666,26.323452807345937,26.852664947509766,78009400,0.0,0.0
2023-05-26 00:00:00-04:00,26.89186654701214,28.5089062219591,26.55865814499301,28.420703887939453,71910600,0.0,0.0
2023-05-30 00:00:00-04:00,29.106722195996916,29.439930604540834,28.420704444465784,29.390928268432617,54874800,0.0,0.0
2023-05-31 00:00:00-04:00,29.106722003928486,31.644985050897073,29.07732060245757,30.81196403503418,136243800,0.0,0.0
2023-06-01 00:00:00-04:00,31.16477023413201,31.301974899480218,30.400352519575563,30.508153915405273,52667400,0.0,0.0
2023-06-02 00:00:00-04:00,30.772761200805327,30.958966332449027,30.214147675122152,30.684558868408203,36496200,0.0,0.0
2023-06-05 00:00:00-04:00,30.68455906496566,30.772761397927788,29.23412360841859,29.263525009155273,48244100,0.0,0.0
2023-06-06 00:00:00-04:00,29.175323279090467,30.82176436940935,29.106721878535176,30.341550827026367,42295300,0.0,0.0
2023-06-07 00:00:00-04:00,30.41015482791563,30.74336324083592,30.312152023660012,30.655160903930664,39098000,0.0,0.0
2023-06-08 00:00:00-04:00,30.802164965368004,31.213775258395675,30.43955514110036,31.18437385559082,35199000,0.0,0.0
2023-06-09 00:00:00-04:00,31.292177057348997,31.3509779935742,30.067146648710203,30.71396255493164,40218000,0.0,0.0
2023-06-12 00:00:00-04:00,30.772760403448927,32.63480606389449,30.733560406314766,32.409400939941406,59881600,0.0,0.0
2023-06-13 00:00:00-04:00,33.09542124932797,33.27182592341884,32.4094034876964,33.23262405395508,51990000,0.0,0.0
2023-06-14 00:00:00-04:00,33.193422109911886,34.88886370620157,33.12482070775246,34.869266510009766,74404300,0.0,0.0
2023-06-15 00:00:00-04:00,34.57525529255383,35.69248237005532,34.51645622857749,35.104469299316406,67676300,0.0,0.0
2023-06-16 00:00:00-04:00,35.63367979668896,36.0648890901967,34.88885932604447,35.64347839355469,110188500,0.0,0.0
2023-06-20 00:00:00-04:00,36.03549334456329,36.36870175041591,34.02644431155308,34.30084991455078,65970200,0.0,0.0
2023-06-21 00:00:00-04:00,34.222447505414806,34.349851713963076,32.17420026284826,32.242801666259766,70973500,0.0,0.0
2023-06-22 00:00:00-04:00,32.03699010110257,32.57600640777028,31.488178935761884,32.05659103393555,45740300,0.0,0.0
2023-06-23 00:00:00-04:00,31.566584883973874,32.78181677941536,31.390180193692107,32.34080505371094,46199200,0.0,0.0
2023-06-26 00:00:00-04:00,32.52700228840156,33.311024649713566,32.43879995967875,32.674007415771484,38952400,0.0,0.0
2023-06-27 00:00:00-04:00,32.556400934099955,33.54622360388693,32.35059303730679,33.418819427490234,33038900,0.0,0.0
2023-06-28 00:00:00-04:00,32.93861974932619,33.13462537147452,32.370203818945654,32.899417877197266,33906900,0.0,0.0
2023-06-29 00:00:00-04:00,32.67400853399177,32.67400853399177,31.840989419708507,32.25259780883789,38313000,0.0,0.0
2023-06-30 00:00:00-04:00,32.693606998728754,32.88961258096364,32.49760141649386,32.77200698852539,33798400,0.0,0.0
2023-07-03 00:00:00-04:00,32.87001385382122,33.21302084186965,32.4780026630552,32.94841384887695,15753000,0.0,0.0
2023-07-05 00:00:00-04:00,32.64461049777656,32.66421143222731,31.850789475753086,31.86058807373047,37664700,0.0,0.0
2023-07-06 00:00:00-04:00,31.262775625678355,31.399980302407595,30.753162527536734,31.331377029418945,41693600,0.0,0.0
2023-07-07 00:00:00-04:00,31.36077891206632,31.76258874233732,31.184374231606252,31.213775634765625,28345700,0.0,0.0
2023-07-10 00:00:00-04:00,31.23338025025304,32.17420470047592,31.135377430756115,32.086002349853516,36305700,0.0,0.0
2023-07-11 00:00:00-04:00,32.16439638362285,32.69361038898678,31.850788914924802,32.63480758666992,28148800,0.0,0.0
2023-07-12 00:00:00-04:00,33.017019605675934,33.39923224945889,32.39960694567266,33.30122756958008,37762200,0.0,0.0
2023-07-13 00:00:00-04:00,33.4678335894714,33.61483500125244,32.94841813338885,33.193424224853516,32745800,0.0,0.0
2023-07-14 00:00:00-04:00,33.105220867382876,33.19342320714573,32.340803081768925,32.48780822753906,30426200,0.0,0.0
2023-07-17 00:00:00-04:00,32.49760504848202,33.9088386690032,32.40940271354346,33.683433532714844,34111200,0.0,0.0
2023-07-18 00:00:00-04:00,33.59523025960864,34.00684239065943,33.154222335727155,33.81083679199219,29679500,0.0,0.0
2023-07-19 00:00:00-04:00,33.71283408863307,34.14404339222299,33.64423269348231,33.77163314819336,26486700,0.0,0.0
2023-07-20 00:00:00-04:00,33.02682092821433,33.5266316955034,32.5662082931762,32.70341110229492,37878000,0.0,0.0
2023-07-21 00:00:00-04:00,33.05621945219162,33.56583254084737,32.752410570926834,33.34042739868164,79724100,0.0,0.0
2023-07-24 00:00:00-04:00,33.164021822645815,33.77163583016144,32.88961622025087,32.95821762084961,25225800,0.0,0.0
2023-07-25 00:00:00-04:00,33.02681204099333,33.6540268501845,32.732805566496864,33.418819427490234,31771100,0.0,0.0
2023-07-26 00:00:00-04:00,33.04642240194962,33.84023973578182,33.02682146625675,33.67363739013672,32643200,0.0,0.0
2023-07-27 00:00:00-04:00,34.12444741500018,34.33025163033883,33.428631026857396,33.859840393066406,58890800,0.0,0.0
2023-07-28 00:00:00-04:00,36.01589557238271,36.25110306595705,34.80066370949184,36.09429931640625,90863000,0.0,0.0
2023-07-31 00:00:00-04:00,36.13349474303034,36.447102218638456,34.957464840251916,35.05546951293945,55630700,0.0,0.0
2023-08-01 00:00:00-04:00,35.104466502664245,35.300472090127435,34.575252538062315,35.08486557006836,24702200,0.0,0.0
2023-08-02 00:00:00-04:00,34.447857871766594,34.47725740635223,33.59523398382054,33.70303726196289,39052000,0.0,0.0
2023-08-03 00:00:00-04:00,33.60503449928593,34.33025039539027,33.44823075916909,34.17344665527344,24817900,0.0,0.0
2023-08-04 00:00:00-04:00,33.91280775321122,34.975043685807705,33.91280775321122,34.56195068359375,26664300,0.125,0.0
2023-08-07 00:00:00-04:00,34.82750622354184,34.965202626684565,34.17836335733644,34.65046691894531,22486900,0.0,0.0
2023-08-08 00:00:00-04:00,34.09967917404251,34.52260600489445,33.30300601746458,34.44392395019531,34753600,0.0,0.0
2023-08-09 00:00:00-04:00,34.4242522169312,34.52260572248699,33.66691821792523,33.716094970703125,28720200,0.0,0.0
2023-08-10 00:00:00-04:00,34.129187595095544,34.512771515517244,33.91280538277738,34.10951614379883,30957300,0.0,0.0
2023-08-11 00:00:00-04:00,33.893132309769804,34.375073463615266,33.794778809937924,34.31605911254883,28752000,0.0,0.0
2023-08-14 00:00:00-04:00,34.09967948688556,35.1225724709791,33.902972472360176,35.09306716918945,36896100,0.0,0.0
2023-08-15 00:00:00-04:00,34.82750763483381,35.04388984965245,34.17836474232362,34.198036193847656,27420300,0.0,0.0
2023-08-16 00:00:00-04:00,33.952147893919765,34.06033899883146,32.90958349888829,32.978431701660156,35757300,0.0,0.0
2023-08-17 00:00:00-04:00,33.007942201118006,33.037447503043396,31.817843746867872,32.044063568115234,39906700,0.0,0.0
2023-08-18 00:00:00-04:00,31.699815310954158,32.368629595522066,31.650638562489394,32.21126174926758,23692300,0.0,0.0
2023-08-21 00:00:00-04:00,32.063730695957865,32.6243539342114,31.49327360788662,32.5948486328125,43718200,0.0,0.0
2023-08-22 00:00:00-04:00,32.67353419723266,33.243991281080426,32.289950274103944,32.348960876464844,23434200,0.0,0.0
2023-08-23 00:00:00-04:00,32.3391283425487,33.58823741993685,32.26044253360494,33.4210319519043,32324300,0.0,0.0
2023-08-24 00:00:00-04:00,33.165310519428246,33.52922300529971,31.955544348602118,32.053897857666016,37931000,0.0,0.0
2023-08-25 00:00:00-04:00,31.99488006649483,32.85057126166723,31.817840767627814,32.70303726196289,27324800,0.0,0.0
2023-08-28 00:00:00-04:00,32.94892679582099,33.22431961020821,32.66369637980811,33.066951751708984,22341800,0.0,0.0
2023-08-29 00:00:00-04:00,32.9390909589082,33.91280335214455,32.919419508789375,33.745601654052734,29943600,0.0,0.0
2023-08-30 00:00:00-04:00,33.499716745329984,34.089845286735404,33.22432017432113,33.96198272705078,26279200,0.0,0.0
2023-08-31 00:00:00-04:00,33.75543988378352,34.975043685807705,33.73576843111181,34.56195068359375,48157600,0.0,0.0
2023-09-01 00:00:00-04:00,35.20125973908189,36.14546695499011,35.14224538110789,36.00777053833008,43782600,0.0,0.0
2023-09-05 00:00:00-04:00,35.978262259449934,36.794606841531916,35.860233553264436,36.10612106323242,43379400,0.0,0.0
2023-09-06 00:00:00-04:00,35.95858821268886,36.43069174751434,35.43730417786343,36.37167739868164,39643400,0.0,0.0
2023-09-07 00:00:00-04:00,36.22414986154304,37.70930877467065,36.145464057219264,37.55194091796875,67659700,0.0,0.0
2023-09-08 00:00:00-04:00,37.492926211374595,38.19124958635702,37.08967084787984,37.384735107421875,44255200,0.0,0.0
2023-09-11 00:00:00-04:00,37.61095536569803,38.10273038812013,37.217533846982086,37.955196380615234,36349300,0.0,0.0
2023-09-12 00:00:00-04:00,38.01421570947519,39.410855155018375,38.01421570947519,38.220760345458984,55326600,0.0,0.0
2023-09-13 00:00:00-04:00,38.161742772262606,38.50598755520661,37.62079097271727,38.07322311401367,35407800,0.0,0.0
2023-09-14 00:00:00-04:00,38.17157848394199,38.26009813780729,37.66996586139009,38.033878326416016,30616500,0.0,0.0
2023-09-15 00:00:00-04:00,37.78798821922227,37.88634546783916,37.00114899001414,37.256874084472656,68868800,0.0,0.0
2023-09-18 00:00:00-04:00,37.00115032324325,37.758484281127345,36.892959221839014,37.36506652832031,29322200,0.0,0.0
2023-09-19 00:00:00-04:00,37.41424629005267,37.473256894153685,35.42747465982539,35.742210388183594,53288100,0.0,0.0
2023-09-20 00:00:00-04:00,35.62418458541059,35.653689886763196,34.06033983064438,34.11935043334961,57660800,0.0,0.0
2023-09-21 00:00:00-04:00,34.00132365845407,34.67013796763067,33.893132556683504,34.08000946044922,45215900,0.0,0.0
2023-09-22 00:00:00-04:00,34.237378206180104,34.316060258283514,33.578397729078986,33.617740631103516,29232700,0.0,0.0
2023-09-25 00:00:00-04:00,33.440698869430115,33.804611306582146,33.21448282731153,33.725929260253906,21729400,0.0,0.0
2023-09-26 00:00:00-04:00,33.57840048571023,34.20787196199683,33.08662542586809,33.273502349853516,34198300,0.0,0.0
2023-09-27 00:00:00-04:00,33.36202027735607,34.25705454229174,33.32268112166737,34.040672302246094,44369100,0.0,0.0
2023-09-28 00:00:00-04:00,34.080011321617654,35.073395238410804,33.8144523532997,34.60129165649414,32265300,0.0,0.0
2023-09-29 00:00:00-04:00,35.06355958434724,35.31928093774724,34.58161842547019,34.96520233154297,28758500,0.0,0.0
2023-10-02 00:00:00-04:00,35.024216283042065,35.388128734395956,34.40457872926451,34.87668228149414,26086200,0.0,0.0
2023-10-03 00:00:00-04:00,34.68980845092264,35.93891738317694,34.68980845092264,35.10289764404297,45292600,0.0,0.0
2023-10-04 00:00:00-04:00,35.91924574959853,35.91924574959853,34.748822623128994,35.338951110839844,39842200,0.0,0.0
2023-10-05 00:00:00-04:00,35.37829211843291,35.5061509077,35.014375943593656,35.29960632324219,25771200,0.0,0.0
2023-10-06 00:00:00-04:00,35.27994123779504,35.860235950184574,34.601293015622566,35.59467697143555,33252300,0.0,0.0
2023-10-09 00:00:00-04:00,35.112741108837454,35.575007128059525,34.91603032842892,35.466819763183594,19376100,0.0,0.0
2023-10-10 00:00:00-04:00,35.54549622447423,36.135628472732584,35.220926677085785,35.830726623535156,24044100,0.0,0.0
2023-10-11 00:00:00-04:00,36.017601759836104,36.42085713002743,35.781551849060826,36.2733268737793,19262600,0.0,0.0
2023-10-12 00:00:00-04:00,36.1946391857841,36.60773213606729,35.79138383657303,36.23398208618164,23639200,0.0,0.0
2023-10-13 00:00:00-04:00,36.13562987431227,36.184806625588166,35.27010479446316,35.3782958984375,28390100,0.0,0.0
2023-10-16 00:00:00-04:00,35.54549848592473,36.3323377817168,35.4864878837064,35.95859146118164,29555800,0.0,0.0
2023-10-17 00:00:00-04:00,35.32911959053538,35.752046455232595,34.4931034637317,35.466819763183594,24993600,0.0,0.0
2023-10-18 00:00:00-04:00,34.935701230683776,35.42747629797615,34.86685302141852,35.05372619628906,22086000,0.0,0.0
2023-10-19 00:00:00-04:00,35.36845948464315,35.76188101195215,34.93569880615984,35.083229064941406,29201800,0.0,0.0
2023-10-20 00:00:00-04:00,35.06355673654869,35.68319049513508,34.29638523476586,34.34556198120117,32291800,0.0,0.0
2023-10-23 00:00:00-04:00,34.03082963896319,34.611124308475915,32.84073499957213,33.29316711425781,53924700,0.0,0.0
2023-10-24 00:00:00-04:00,33.08662651363912,34.13902487614475,33.08662651363912,34.020999908447266,52673900,0.0,0.0
2023-10-25 00:00:00-04:00,33.61774244801486,33.88330142311442,32.01455474735268,32.28995132446289,44658500,0.0,0.0
2023-10-26 00:00:00-04:00,32.34895883545136,32.67353213574068,31.62113393798613,31.98504638671875,59142500,0.0,0.0
2023-10-27 00:00:00-04:00,34.089846708185235,35.78155410027395,34.03083235080565,34.95537185668945,84128200,0.0,0.0
2023-10-30 00:00:00-04:00,34.886519198480364,35.36845659045408,34.34556370471026,35.10289764404297,36656300,0.0,0.0
2023-10-31 00:00:00-04:00,35.073392146282146,35.968422478248286,35.034049246604525,35.899574279785156,41185200,0.0,0.0
2023-11-01 00:00:00-04:00,35.899576894944936,36.706087637360646,35.68319468290073,36.67658233642578,41710700,0.0,0.0
2023-11-02 00:00:00-04:00,36.961812843096055,37.197862755048476,36.302832355675335,37.079837799072266,35440000,0.0,0.0
2023-11-03 00:00:00-04:00,37.37489973167095,37.689635429255695,37.05032643306735,37.512596130371094,30493400,0.0,0.0
2023-11-06 00:00:00-05:00,37.51753039356866,37.69515182541967,37.349775146028286,37.448455810546875,23877200,0.125,0.0
2023-11-07 00:00:00-05:00,37.73462361014718,38.38590093053691,37.47805764995227,38.25761795043945,32052000,0.0,0.0
2023-11-08 00:00:00-05:00,38.336563335089636,38.37603560514898,37.251102258437705,37.418853759765625,33483400,0.0,0.0
2023-11-09 00:00:00-05:00,37.54713779018939,38.010927565462474,37.270839420724386,37.30044174194336,48955800,0.0,0.0
2023-11-10 00:00:00-05:00,37.73463038199507,38.474718549994094,37.73463038199507,38.346435546875,38862500,0.0,0.0
2023-11-13 00:00:00-05:00,37.84317119390614,38.060264914615274,37.63594742283806,37.72475814819336,24558300,0.0,0.0
2023-11-14 00:00:00-05:00,38.28722502524342,38.96810851136614,37.56687303319415,38.889163970947266,45457400,0.0,0.0
2023-11-15 00:00:00-05:00,39.0667829809207,40.300263115751136,39.05691679612642,40.07330322265625,47392100,0.0,0.0
2023-11-16 00:00:00-05:00,40.45815070157873,42.82643419957941,40.280529251014535,42.77709197998047,86405700,0.0,0.0
2023-11-17 00:00:00-05:00,42.34290702568293,43.231014251708984,41.99753408460766,43.231014251708984,49735000,0.0,0.0
2023-11-20 00:00:00-05:00,43.20140797728784,44.33621123172494,43.20140797728784,44.14872360229492,44564900,0.0,0.0
2023-11-21 00:00:00-05:00,43.911897974504114,44.06978329979618,42.72775615267211,43.063262939453125,37252100,0.0,0.0
2023-11-22 00:00:00-05:00,43.44810406483085,44.04017680174799,42.96458194884538,43.09286117553711,31481200,0.0,0.0
2023-11-24 00:00:00-05:00,43.10272997568714,43.41850058791116,43.0336553895308,43.3790283203125,13037100,0.0,0.0
2023-11-27 00:00:00-05:00,43.07313047380296,43.96123396715262,43.07313047380296,43.4974479675293,33339900,0.0,0.0
2023-11-28 00:00:00-05:00,43.11259769740228,43.79348116276332,43.082995377789274,43.64546203613281,24548900,0.0,0.0
2023-11-29 00:00:00-05:00,44.010574000041906,44.74079596740847,44.010574000041906,44.3460807800293,38982000,0.0,0.0
2023-11-30 00:00:00-05:00,44.05991447429258,44.49409815176386,43.82308461840098,44.1092529296875,46263000,0.0,0.0
2023-12-01 00:00:00-05:00,43.77374666363665,43.77374666363665,42.29357039916354,43.16194152832031,43922500,0.0,0.0
2023-12-04 00:00:00-05:00,42.72775566101437,42.737625611140786,41.13903247613481,41.79030990600586,50417600,0.0,0.0
2023-12-05 00:00:00-05:00,41.35612349986118,41.731102530170645,41.06008900826224,41.365989685058594,31859300,0.0,0.0
2023-12-06 00:00:00-05:00,41.91859060045017,42.027137460168056,40.6259019977016,40.72458267211914,31992300,0.0,0.0
2023-12-07 00:00:00-05:00,41.19824134769675,41.87912110704372,40.63577464121815,41.59295654296875,29118700,0.0,0.0
2023-12-08 00:00:00-05:00,41.28704997543026,42.39224719590146,41.257447654791754,42.135684967041016,42805900,0.0,0.0
2023-12-11 00:00:00-05:00,42.58960325966863,44.138854055701096,42.51066248602941,43.95136642456055,48288200,0.0,0.0
2023-12-12 00:00:00-05:00,43.773744096987876,43.852684869037354,43.05339214222901,43.45797348022461,31452200,0.0,0.0
2023-12-13 00:00:00-05:00,43.4974501312734,44.12899142843519,42.75736196785886,43.98097229003906,35216100,0.0,0.0
2023-12-14 00:00:00-05:00,44.41515336581766,46.44793008966711,44.05991423037119,44.582908630371094,70620800,0.0,0.0
2023-12-15 00:00:00-05:00,45.33286355275876,46.64528830971267,45.06643137433316,45.549957275390625,84553800,0.0,0.0
2023-12-18 00:00:00-05:00,45.54008609781714,45.619026865577,44.799998049191395,45.08616256713867,27895700,0.0,0.0
2023-12-19 00:00:00-05:00,44.99735762171038,46.06308635526833,44.908546893913886,46.04335021972656,35358800,0.0,0.0
2023-12-20 00:00:00-05:00,46.023614061925066,46.32951851625015,45.096038277608145,45.155242919921875,38159100,0.0,0.0
2023-12-21 00:00:00-05:00,45.865729041858266,46.497270325887236,45.411809214497815,46.457801818847656,28320500,0.0,0.0
2023-12-22 00:00:00-05:00,46.625550627708435,47.52352404478188,46.57621217355154,47.365638732910156,30053700,0.0,0.0
2023-12-26 00:00:00-05:00,48.27347887400653,49.852335774632216,48.06625510566455,49.83259963989258,60287400,0.0,0.0
2023-12-27 00:00:00-05:00,49.96088169222299,50.60228911990351,49.52669426469732,50.08916091918945,52148000,0.0,0.0
2023-12-28 00:00:00-05:00,50.13850757372686,50.197712217786155,49.497096325008705,49.724056243896484,27705200,0.0,0.0
2023-12-29 00:00:00-05:00,49.63524162200012,49.9016737922272,49.11224723097072,49.58590316772461,29266500,0.0,0.0
2024-01-02 00:00:00-05:00,48.54978479549887,48.72740625777313,46.82291239560814,47.16828536987305,45905700,0.0,0.0
2024-01-03 00:00:00-05:00,46.47753059186372,47.178150178605605,46.18149610842996,46.428192138671875,35858400,0.0,0.0
2024-01-04 00:00:00-05:00,45.11577640812625,46.53674435073411,44.64212042725696,46.25057601928711,47797800,0.0,0.0
2024-01-05 00:00:00-05:00,46.408458630710044,47.19788898358277,46.02361340404019,46.27030944824219,34332100,0.0,0.0
2024-01-08 00:00:00-05:00,46.44793292031915,48.11559689647681,46.349256004061985,47.809696197509766,42135100,0.0,0.0
2024-01-09 00:00:00-05:00,47.37550575760561,47.91824005579795,47.16828198790462,47.41497802734375,30097000,0.0,0.0
2024-01-10 00:00:00-05:00,47.602471844269466,47.66167648760095,46.31964936260299,46.842647552490234,31480200,0.0,0.0
2024-01-11 00:00:00-05:00,46.81303747245537,47.207752627642286,46.112421648067155,47.01039505004883,31707900,0.0,0.0
2024-01-12 00:00:00-05:00,46.97092076942365,47.039995353979776,45.994006636825546,46.49726486206055,27448800,0.0,0.0
2024-01-16 00:00:00-05:00,46.35912384264608,46.595953720102386,45.767054795430106,46.43806838989258,43720700,0.0,0.0
2024-01-17 00:00:00-05:00,45.80651781369869,45.80651781369869,45.04669734109243,45.45127868652344,33488000,0.0,0.0
2024-01-18 00:00:00-05:00,46.408456099754304,46.94132042959796,45.55982115169575,46.122291564941406,46681300,0.0,0.0
2024-01-19 00:00:00-05:00,46.37885337888682,48.115591764024586,45.82625291965619,47.51365661621094,55912900,0.0,0.0
2024-01-22 00:00:00-05:00,48.2044044616061,48.520175090034456,47.01039653759373,47.582733154296875,45639500,0.0,0.0
2024-01-23 00:00:00-05:00,47.48405314919019,48.29321586647265,46.6946265669979,48.24387741088867,37224100,0.0,0.0
2024-01-24 00:00:00-05:00,48.520175364034515,49.1122481188933,47.6320718781706,48.44123458862305,49375800,0.0,0.0
2024-01-25 00:00:00-05:00,49.33921050777817,49.63524501796823,48.32282397588851,48.89515686035156,84845100,0.0,0.0
2024-01-26 00:00:00-05:00,43.5961221183612,44.80986611742092,42.77708950325992,43.07312774658203,127665300,0.0,0.0
2024-01-29 00:00:00-05:00,43.1323333119092,43.40863542733626,42.24422985568122,43.260616302490234,51790900,0.0,0.0
2024-01-30 00:00:00-05:00,43.09286371528312,43.24088284930683,42.32317325263891,42.35277557373047,47958800,0.0,0.0
2024-01-31 00:00:00-05:00,42.00740006513206,43.21127790693192,41.80017630149584,42.51066207885742,51584200,0.0,0.0
2024-02-01 00:00:00-05:00,42.57974063356224,42.99418819944557,41.92846319840053,42.786964416503906,38819900,0.0,0.0
2024-02-02 00:00:00-05:00,42.43171387190532,42.56986303571472,41.05021470524662,42.0369987487793,53669900,0.0,0.0
2024-02-05 00:00:00-05:00,42.05673856522146,42.57973671381655,41.869250935669385,42.20475769042969,28890300,0.0,0.0
2024-02-06 00:00:00-05:00,42.259190564805955,42.3383627277486,41.70497032294128,42.29877853393555,34068200,0.125,0.0
2024-02-07 00:00:00-05:00,42.44722867727391,42.65505985674417,42.11073848299591,42.33836364746094,34269200,0.0,0.0
2024-02-08 00:00:00-05:00,42.278986473496566,42.52640562884181,41.89301319520865,42.061256408691406,33206500,0.0,0.0
2024-02-09 00:00:00-05:00,42.1107358690328,43.07072331744834,41.96228665376166,42.862892150878906,51193000,0.0,0.0
2024-02-12 00:00:00-05:00,42.94206612066388,44.57503398469183,42.87278906222066,43.57545852661133,51107300,0.0,0.0
2024-02-13 00:00:00-05:00,42.55609129641815,43.17958857482636,42.31856726525242,42.714439392089844,36622200,0.0,0.0
2024-02-14 00:00:00-05:00,43.36762733344154,43.83277653306883,42.94206610299881,43.73380661010742,36186200,0.0,0.0
2024-02-15 00:00:00-05:00,44.29792246284209,44.802659637413264,43.56556390115373,43.595252990722656,44024500,0.0,0.0
2024-02-16 00:00:00-05:00,43.57546147103312,43.76350244978494,42.67485587510025,43.060829162597656,29858600,0.0,0.0
2024-02-20 00:00:00-05:00,43.80308389081493,44.703689430093235,42.97175541030291,44.060401916503906,61514100,0.0,0.0
2024-02-21 00:00:00-05:00,44.020815778072794,44.22864696301597,42.6352707698016,43.021244049072266,57715000,0.0,0.0
2024-02-22 00:00:00-05:00,44.218751667634606,44.218751667634606,42.090945425277404,42.53630065917969,62809300,0.0,0.0
2024-02-23 00:00:00-05:00,42.68475009500671,43.060824460813436,42.21960091454698,42.54619598388672,33810700,0.0,0.0
2024-02-26 00:00:00-05:00,43.05092935658332,43.22907143525656,42.3779490094436,42.54619598388672,27035400,0.0,0.0
2024-02-27 00:00:00-05:00,42.803511664108804,42.82330564855216,42.07114934097092,42.28887939453125,25126400,0.0,0.0
2024-02-28 00:00:00-05:00,42.001869966492016,42.011768845825976,41.477342621281004,41.5565185546875,26928500,0.0,0.0
2024-02-29 00:00:00-05:00,41.93259519224425,42.704545483662436,41.922700087688604,42.60557556152344,48875100,0.0,0.0
2024-03-01 00:00:00-05:00,42.96186273403715,43.812985247351655,42.684754483308424,43.36763000488281,41396900,0.0,0.0
2024-03-04 00:00:00-05:00,43.812985667301724,46.12882917502045,43.39731951190769,45.13915252685547,59990800,0.0,0.0
2024-03-05 00:00:00-05:00,44.09998806070443,44.406785372452866,42.249290209353326,42.714439392089844,56655100,0.0,0.0
2024-03-06 00:00:00-05:00,43.476492325656736,45.04017935400904,43.11031304928887,44.05050277709961,52652000,0.0,0.0
2024-03-07 00:00:00-05:00,45.07976813297767,45.94078571326764,44.71358885003174,45.67357635498047,50378200,0.0,0.0
2024-03-08 00:00:00-05:00,45.960578190502105,46.14861915352694,43.54576873779297,43.54576873779297,54793800,0.0,0.0
2024-03-11 00:00:00-04:00,43.4171110598047,44.46616960706335,43.20927988143693,44.39689254760742,35051000,0.0,0.0
2024-03-12 00:00:00-04:00,44.59483001268361,44.80266119753635,44.00102177341143,44.772972106933594,31795800,0.0,0.0
2024-03-13 00:00:00-04:00,44.0505029236892,44.51565212448583,42.75402901982607,42.78371810913086,53195900,0.0,0.0
2024-03-14 00:00:00-04:00,42.783718164719176,42.90247829740919,42.07114981794601,42.30867385864258,38100000,0.0,0.0
2024-03-15 00:00:00-04:00,42.011769033672145,42.70454335281141,41.912799116471504,42.199806213378906,66930200,0.0,0.0
2024-03-18 00:00:00-04:00,42.64516692858036,42.93217406267901,42.16022370974758,42.26908874511719,27668300,0.0,0.0
2024-03-19 00:00:00-04:00,41.81383419719672,41.853422165234505,41.01219483335548,41.61589813232422,34673000,0.0,0.0
2024-03-20 00:00:00-04:00,42.54619626656077,42.5659864751525,40.98250551566579,41.76435089111328,74865000,0.0,0.0
2024-03-21 00:00:00-04:00,42.546197673998094,43.149897214242884,41.883112404748005,41.982078552246094,50807600,0.0,0.0
2024-03-22 00:00:00-04:00,41.81383511044879,42.35815646924932,41.65548701015561,42.130531311035156,28435300,0.0,0.0
2024-03-25 00:00:00-04:00,40.46787585904025,41.78414755859529,40.15117964680319,41.39817428588867,47276500,0.0,0.0
2024-03-26 00:00:00-04:00,41.51693058798425,41.83362677097765,41.229923492360136,41.5565185546875,39109700,0.0,0.0
2024-03-27 00:00:00-04:00,42.100843972465064,43.37752770777571,42.061256001916675,43.318145751953125,51017800,0.0,0.0
2024-03-28 00:00:00-04:00,43.30824490459669,44.139573371770645,43.25876183131705,43.714012145996094,54204200,0.0,0.0
2024-04-01 00:00:00-04:00,43.832776755512306,44.94121347108948,43.72391172736055,44.060401916503906,31712600,0.0,0.0
2024-04-02 00:00:00-04:00,43.47649024130356,43.62494323084944,43.05092903160946,43.486385345458984,32748400,0.0,0.0
2024-04-03 00:00:00-04:00,40.97261569281679,41.22003486058666,39.80479691891767,39.91366195678711,83718000,0.0,0.0
2024-04-04 00:00:00-04:00,40.170973402908174,40.3590105980652,39.29016183168939,39.31985092163086,57307200,0.0,0.0
2024-04-05 00:00:00-04:00,38.943775305343,39.0526403426771,38.11244675471166,38.31038284301758,67189100,0.0,0.0
2024-04-08 00:00:00-04:00,38.24110374178147,38.4588338048539,37.518640266960844,37.58791732788086,56967800,0.0,0.0
2024-04-09 00:00:00-04:00,37.65719128751643,38.18172241669127,36.94462675169194,37.934303283691406,78783000,0.0,0.0
2024-04-10 00:00:00-04:00,37.62750590872153,37.82544198969589,36.63782927916647,36.81597137451172,51108400,0.0,0.0
2024-04-11 00:00:00-04:00,37.04359529776712,37.28111556667766,36.697209999223986,37.24153137207031,41909100,0.0,0.0
2024-04-12 00:00:00-04:00,36.311232680000735,36.32113156006494,35.23248504731364,35.321556091308594,80139400,0.0,0.0
2024-04-15 00:00:00-04:00,35.66794464775069,36.32113103584749,35.519491651462836,35.935157775878906,50751600,0.0,0.0
2024-04-16 00:00:00-04:00,35.895568587837126,36.13308884345184,35.390831437852185,35.88566970825195,30607500,0.0,0.0
2024-04-17 00:00:00-04:00,35.727323119111105,35.757015983802184,35.00485966690412,35.31166076660156,41173300,0.0,0.0
2024-04-18 00:00:00-04:00,35.054342816560656,35.29186685801872,34.41105530172058,34.67826843261719,42334400,0.0,0.0
2024-04-19 00:00:00-04:00,34.76733858919146,34.76733858919146,33.82714510268787,33.84693908691406,58968800,0.0,0.0
2024-04-22 00:00:00-04:00,34.06466652813322,34.213119527250065,33.72818011072603,34.054771423339844,39909900,0.0,0.0
2024-04-23 00:00:00-04:00,33.98549508463159,34.242809343199326,33.82714697736298,33.92611312866211,46834000,0.0,0.0
2024-04-24 00:00:00-04:00,34.50012494991297,34.816821142169815,33.9854926936665,34.14384078979492,53261100,0.0,0.0
2024-04-25 00:00:00-04:00,34.203222002242924,34.93558051526241,34.14384005173473,34.74754333496094,66549400,0.0,0.0
2024-04-26 00:00:00-04:00,31.45192381651619,31.907176045518334,30.323691180607266,31.55088996887207,119742500,0.0,0.0
2024-04-29 00:00:00-04:00,31.531096996193742,31.580580070998817,30.74925157819707,31.036258697509766,58533300,0.0,0.0
2024-04-30 00:00:00-04:00,30.719562342327688,30.858116461249818,30.105962024307132,30.155445098876953,72346400,0.0,0.0
2024-05-01 00:00:00-04:00,29.858542429729663,30.719561883042896,29.710091320581384,30.05647850036621,60654800,0.0,0.0
2024-05-02 00:00:00-04:00,30.274206169169542,30.353380218588107,29.87833592207671,30.195032119750977,50899400,0.0,0.0
2024-05-03 00:00:00-04:00,30.660179145133664,30.739353193831782,30.383070918519365,30.581005096435547,36794800,0.0,0.0
2024-05-06 00:00:00-04:00,30.923832433223346,31.003328068462462,30.536289553022886,30.774776458740234,36185600,0.125,0.0
2024-05-07 00:00:00-04:00,30.894020047360957,31.251751344198457,30.417046248461222,30.486604690551758,44683400,0.0,0.0
2024-05-08 00:00:00-04:00,29.81089210510254,29.959946186562956,29.5425936212785,29.81089210510254,63734600,0.0,0.0
2024-05-09 00:00:00-04:00,29.741332600527656,30.198432020098114,29.622088202412307,29.90032386779785,45003400,0.0,0.0
2024-05-10 00:00:00-04:00,30.138812358464122,30.267992059188092,29.65190133984991,29.66183853149414,42931300,0.0,0.0
2024-05-13 00:00:00-04:00,29.84070274039695,30.933767233590086,29.810891166912885,30.317676544189453,51459100,0.0,0.0
2024-05-14 00:00:00-04:00,30.42698497721072,30.913895991776922,30.417047785649103,30.854272842407227,47759900,0.0,0.0
2024-05-15 00:00:00-04:00,31.182192737724716,31.202067120946793,30.615786083174033,31.072887420654297,36992900,0.0,0.0
2024-05-16 00:00:00-04:00,31.430616301444132,32.056644199568396,31.32131098625367,31.828094482421875,47752800,0.0,0.0
2024-05-17 00:00:00-04:00,31.8579079970722,31.907592059017553,31.390869475353796,31.629356384277344,41449800,0.0,0.0
2024-05-20 00:00:00-04:00,31.649231369928607,32.21563613099912,31.55979854046339,31.897653579711914,31989000,0.0,0.0
2024-05-21 00:00:00-04:00,31.77840961678809,32.036772797045785,31.420680210618762,31.5399227142334,42975400,0.0,0.0
2024-05-22 00:00:00-04:00,31.708852003298507,31.867843275827525,30.90395844920465,31.221940994262695,36706400,0.0,0.0
2024-05-23 00:00:00-04:00,31.25175143532453,31.37099393773446,29.68171125454082,29.8903865814209,62014500,0.0,0.0
2024-05-24 00:00:00-04:00,30.099064079939822,30.82446197812326,29.94007091639133,30.526351928710938,42408200,0.0,0.0
2024-05-28 00:00:00-04:00,30.744967620329465,31.172257382164105,30.466731941725964,30.86421012878418,36799100,0.0,0.0
2024-05-29 00:00:00-04:00,30.277928026901556,30.476668061101428,29.920198618797393,29.94007110595703,35848600,0.0,0.0
2024-05-30 00:00:00-04:00,30.019567311756507,30.307740177296864,29.870513230933255,29.99969482421875,33382800,0.0,0.0
2024-05-31 00:00:00-04:00,30.029504942197292,30.76484006095746,29.75127115934644,30.655534744262695,95797500,0.0,0.0
2024-06-03 00:00:00-04:00,30.83439895760554,30.874145826725712,29.86057507726836,30.099063873291016,35544900,0.0,0.0
2024-06-04 00:00:00-04:00,30.556164699264862,30.556164699264862,29.75127113543878,29.8407039642334,51027200,0.0,0.0
2024-06-05 00:00:00-04:00,30.079190259300518,30.645596899838363,29.820828969781854,30.585975646972656,44161700,0.0,0.0
2024-06-06 00:00:00-04:00,30.35742448048119,30.397173246523653,29.96988348819456,30.22824478149414,34248100,0.0,0.0
2024-06-07 00:00:00-04:00,30.059315502581093,30.585975266431074,30.019566737614863,30.546226501464844,34085500,0.0,0.0
2024-06-10 00:00:00-04:00,30.35742334809095,30.75490341238691,30.099063959754154,30.71515464782715,37445800,0.0,0.0
2024-06-11 00:00:00-04:00,30.57603785729381,30.834399141756844,30.337550955172254,30.7250919342041,25326900,0.0,0.0
2024-06-12 00:00:00-04:00,31.26168740752887,31.281561790135704,30.198432577294135,30.56610107421875,51323900,0.0,0.0
2024-06-13 00:00:00-04:00,30.18849638192882,30.387236423902817,29.950009468755333,30.26799201965332,33787200,0.0,0.0
2024-06-14 00:00:00-04:00,30.099065365610674,30.36736195761891,30.01956783277801,30.258056640625,28125900,0.0,0.0
2024-06-17 00:00:00-04:00,30.14874866124054,30.804588127819695,29.989757390271375,30.784713745117188,36235300,0.0,0.0
2024-06-18 00:00:00-04:00,30.79465147966915,31.27162530099019,30.307740466821567,30.436920166015625,33294700,0.0,0.0
2024-06-20 00:00:00-04:00,30.367361637990363,30.913895798509436,30.258056322146935,30.426984786987305,43826300,0.0,0.0
2024-06-21 00:00:00-04:00,30.65553318086021,31.162318553482905,30.476667532249213,30.894020080566406,92549000,0.0,0.0
2024-06-24 00:00:00-04:00,30.943704994449813,31.221940666114026,30.337551485050767,30.37729835510254,40611800,0.0,0.0
2024-06-25 00:00:00-04:00,30.506479631824043,30.635659327313434,30.099064267547327,30.546226501464844,29498600,0.0,0.0
2024-06-26 00:00:00-04:00,30.446856525218326,30.48660529023788,30.079189925414628,30.347488403320312,30743000,0.0,0.0
2024-06-27 00:00:00-04:00,30.228244464597882,30.466731372376067,30.099064766965085,30.397172927856445,30184300,0.0,0.0
2024-06-28 00:00:00-04:00,30.556163935664028,31.11263338233784,30.526352361702315,30.774776458740234,41467700,0.0,0.0
2024-07-01 00:00:00-04:00,30.71515590338328,30.824463115065406,30.417047738300834,30.645597457885742,32401800,0.0,0.0
2024-07-02 00:00:00-04:00,30.66547207706199,31.112634328128223,30.39717358922695,30.874147415161133,35999300,0.0,0.0
2024-07-03 00:00:00-04:00,30.923832959411207,31.14244548620724,30.71515572877935,31.033138275146484,24065700,0.0,0.0
2024-07-05 00:00:00-04:00,31.2020665029894,32.13614164734713,31.112633675586775,31.818159103393555,45309400,0.0,0.0
2024-07-08 00:00:00-04:00,32.82179017277948,33.87510969875,32.613114843025684,33.77574157714844,82315900,0.0,0.0
2024-07-09 00:00:00-04:00,34.79924945469186,34.99798949894323,33.507444853034585,34.3719596862793,97546900,0.0,0.0
2024-07-10 00:00:00-04:00,34.22290250728898,34.7495641747144,33.91485905060243,34.65019226074219,52256200,0.0,0.0
2024-07-11 00:00:00-04:00,34.809184100885474,34.928430399599435,33.10002884981283,33.2888298034668,55213700,0.0,0.0
2024-07-12 00:00:00-04:00,33.55712801341558,35.25634795426933,33.55712801341558,34.27259063720703,62792600,0.0,0.0
2024-07-15 00:00:00-04:00,34.48126375284248,35.00792159998404,34.093722786783545,34.242774963378906,39847900,0.0,0.0
2024-07-16 00:00:00-04:00,34.143409539494236,34.232842368767805,33.626686947097056,34.12353515625,28409900,0.0,0.0
2024-07-17 00:00:00-04:00,35.85256576329393,36.925755839253235,34.18315560900105,34.242774963378906,112304200,0.0,0.0
2024-07-18 00:00:00-04:00,34.73962508799172,36.07117841001198,34.31233533453851,34.65019226074219,84188600,0.0,0.0
2024-07-19 00:00:00-04:00,34.35208356711346,34.362022653681926,32.64292457982029,32.7721061706543,69628700,0.0,0.0
2024-07-22 00:00:00-04:00,33.07021606470152,33.19939766232487,32.55349346485917,33.15964889526367,48503700,0.0,0.0
2024-07-23 00:00:00-04:00,32.75223342263411,33.020531913608885,32.623055616004486,32.7422981262207,29466400,0.0,0.0
2024-07-24 00:00:00-04:00,32.32494148650973,32.59323995949019,31.460426711784343,31.50017547607422,62216700,0.0,0.0
2024-07-25 00:00:00-04:00,31.17225584068728,31.78834652633028,30.754903291082982,30.90395736694336,49774000,0.0,0.0
2024-07-26 00:00:00-04:00,31.23187753157216,31.361057227049322,30.824462167334016,31.152381896972656,38352500,0.0,0.0
2024-07-29 00:00:00-04:00,31.221941203638227,31.27162526588968,30.595913300772725,30.63566017150879,32342200,0.0,0.0
2024-07-30 00:00:00-04:00,30.655533712816226,30.715154964946016,29.820828601697457,29.94007110595703,48256600,0.0,0.0
2024-07-31 00:00:00-04:00,30.34748836260998,30.675408092279664,30.08912707630577,30.546226501464844,56110600,0.0,0.0
2024-08-01 00:00:00-04:00,30.238180548162198,30.516414316046976,28.70788724349436,28.866878509521484,107672500,0.0,0.0
2024-08-02 00:00:00-04:00,21.801700111553938,21.8414469830145,20.291281089542203,21.3445987701416,300895900,0.0,0.0
2024-08-05 00:00:00-04:00,20.072667229540986,20.26146817330116,19.168403693593557,19.983234405517578,147385700,0.0,0.0
2024-08-06 00:00:00-04:00,20.191910941842604,20.4999563012095,19.62550428595571,19.704999923706055,106670400,0.0,0.0
2024-08-07 00:00:00-04:00,19.920000076293945,20.25,18.950000762939453,18.989999771118164,97972300,0.125,0.0
2024-08-08 00:00:00-04:00,19.100000381469727,20.549999237060547,18.84000015258789,20.489999771118164,96836800,0.0,0.0
2024-08-09 00:00:00-04:00,20.079999923706055,20.149999618530273,19.5,19.709999084472656,76394500,0.0,0.0
2024-08-12 00:00:00-04:00,19.8700008392334,19.969999313354492,19.0,19.360000610351562,54677600,0.0,0.0
2024-08-13 00:00:00-04:00,19.479999542236328,20.479999542236328,19.469999313354492,20.469999313354492,77511300,0.0,0.0
2024-08-14 00:00:00-04:00,20.489999771118164,20.5,19.790000915527344,19.920000076293945,56758200,0.0,0.0
2024-08-15 00:00:00-04:00,20.31999969482422,21.059999465942383,20.229999542236328,20.690000534057617,84814900,0.0,0.0
2024-08-16 00:00:00-04:00,20.530000686645508,20.899999618530273,20.40999984741211,20.8700008392334,48582700,0.0,0.0
2024-08-19 00:00:00-04:00,20.889999389648438,21.860000610351562,20.84000015258789,21.520000457763672,65956300,0.0,0.0
2024-08-20 00:00:00-04:00,21.209999084472656,21.229999542236328,20.81999969482422,20.989999771118164,84161300,0.0,0.0
2024-08-21 00:00:00-04:00,21.06999969482422,21.440000534057617,21.06999969482422,21.40999984741211,57028900,0.0,0.0
2024-08-22 00:00:00-04:00,21.389999389648438,21.399999618530273,20.040000915527344,20.100000381469727,81444700,0.0,0.0
2024-08-23 00:00:00-04:00,20.31999969482422,20.93000030517578,20.260000228881836,20.540000915527344,73398400,0.0,0.0
2024-08-26 00:00:00-04:00,20.530000686645508,20.559999465942383,19.950000762939453,20.1299991607666,58534800,0.0,0.0
2024-08-27 00:00:00-04:00,20.1299991607666,20.260000228881836,19.84000015258789,20.06999969482422,43862000,0.0,0.0
2024-08-28 00:00:00-04:00,19.979999542236328,20.110000610351562,19.510000228881836,19.610000610351562,50144900,0.0,0.0
2024-08-29 00:00:00-04:00,19.760000228881836,20.600000381469727,19.75,20.1299991607666,64529700,0.0,0.0
2024-08-30 00:00:00-04:00,21.25,22.1200008392334,21.0,22.040000915527344,177785400,0.0,0.0
2024-09-03 00:00:00-04:00,21.540000915527344,21.690000534057617,19.989999771118164,20.100000381469727,115305500,0.0,0.0
2024-09-04 00:00:00-04:00,19.760000228881836,20.049999237060547,19.280000686645508,19.43000030517578,85871900,0.0,0.0
2024-09-05 00:00:00-04:00,19.280000686645508,19.899999618530273,19.239999771118164,19.399999618530273,65388800,0.0,0.0
2024-09-06 00:00:00-04:00,19.440000534057617,19.489999771118164,18.639999389648438,18.889999389648438,92686500,0.0,0.0
2024-09-09 00:00:00-04:00,19.0,19.540000915527344,18.950000762939453,19.06999969482422,64244100,0.0,0.0
2024-09-10 00:00:00-04:00,19.030000686645508,19.110000610351562,18.510000228881836,18.979999542236328,55621300,0.0,0.0
2024-09-11 00:00:00-04:00,19.010000228881836,19.690000534057617,18.520000457763672,19.639999389648438,71403100,0.0,0.0
2024-09-12 00:00:00-04:00,19.43000030517578,19.540000915527344,19.040000915527344,19.360000610351562,51602900,0.0,0.0
2024-09-13 00:00:00-04:00,19.489999771118164,19.799999237060547,19.489999771118164,19.65999984741211,44236300,0.0,0.0
2024-09-16 00:00:00-04:00,20.030000686645508,21.06999969482422,19.760000228881836,20.90999984741211,149337000,0.0,0.0
2024-09-17 00:00:00-04:00,21.709999084472656,22.579999923706055,21.239999771118164,21.469999313354492,196249800,0.0,0.0
2024-09-18 00:00:00-04:00,21.360000610351562,21.739999771118164,20.719999313354492,20.770000457763672,118727900,0.0,0.0
2024-09-19 00:00:00-04:00,21.280000686645508,21.690000534057617,21.030000686645508,21.139999389648438,99829200,0.0,0.0
2024-09-20 00:00:00-04:00,20.889999389648438,23.139999389648438,20.350000381469727,21.84000015258789,260377900,0.0,0.0
2024-09-23 00:00:00-04:00,22.43000030517578,22.81999969482422,22.030000686645508,22.559999465942383,184439100,0.0,0.0
2024-09-24 00:00:00-04:00,22.530000686645508,23.110000610351562,22.290000915527344,22.809999465942383,113082500,0.0,0.0
2024-09-25 00:00:00-04:00,22.799999237060547,24.059999465942383,22.729999542236328,23.540000915527344,117013400,0.0,0.0
2024-09-26 00:00:00-04:00,24.280000686645508,24.420000076293945,23.25,23.920000076293945,95416900,0.0,0.0
2024-09-27 00:00:00-04:00,24.15999984741211,24.65999984741211,23.700000762939453,23.90999984741211,85883300,0.0,0.0
2024-09-30 00:00:00-04:00,23.739999771118164,23.950000762939453,23.09000015258789,23.459999084472656,66308200,0.0,0.0
2024-10-01 00:00:00-04:00,23.459999084472656,23.719999313354492,22.260000228881836,22.690000534057617,86344400,0.0,0.0
2024-10-02 00:00:00-04:00,22.670000076293945,23.06999969482422,22.350000381469727,22.389999389648438,59033900,0.0,0.0
2024-10-03 00:00:00-04:00,22.139999389648438,22.729999542236328,21.649999618530273,22.260000228881836,49565900,0.0,0.0
2024-10-04 00:00:00-04:00,22.700000762939453,22.90999984741211,22.299999237060547,22.59000015258789,49845500,0.0,0.0
2024-10-07 00:00:00-04:00,22.399999618530273,22.649999618530273,22.020000457763672,22.3799991607666,54928700,0.0,0.0
2024-10-08 00:00:00-04:00,22.25,23.420000076293945,22.049999237060547,23.31999969482422,58650500,0.0,0.0
2024-10-09 00:00:00-04:00,23.25,23.479999542236328,23.059999465942383,23.459999084472656,44759000,0.0,0.0
2024-10-10 00:00:00-04:00,23.190000534057617,23.530000686645508,22.959999084472656,23.219999313354492,44874600,0.0,0.0
2024-10-11 00:00:00-04:00,23.049999237060547,23.81999969482422,22.979999542236328,23.559999465942383,43585300,0.0,0.0
2024-10-14 00:00:00-04:00,23.579999923706055,23.770000457763672,23.270000457763672,23.440000534057617,35403600,0.0,0.0
2024-10-15 00:00:00-04:00,23.40999984741211,23.719999313354492,22.469999313354492,22.65999984741211,68900600,0.0,0.0
2024-10-16 00:00:00-04:00,22.3799991607666,22.540000915527344,21.739999771118164,22.309999465942383,62151800,0.0,0.0
2024-10-17 00:00:00-04:00,22.719999313354492,22.81999969482422,22.399999618530273,22.440000534057617,43807600,0.0,0.0
2024-10-18 00:00:00-04:00,22.610000610351562,22.81999969482422,22.5,22.770000457763672,39971700,0.0,0.0
2024-10-21 00:00:00-04:00,22.610000610351562,22.8799991607666,22.25,22.84000015258789,39727000,0.0,0.0
2024-10-22 00:00:00-04:00,22.729999542236328,22.81999969482422,22.170000076293945,22.399999618530273,50160400,0.0,0.0
2024-10-23 00:00:00-04:00,22.299999237060547,22.43000030517578,21.579999923706055,21.979999542236328,45799100,0.0,0.0
2024-10-24 00:00:00-04:00,22.09000015258789,22.3700008392334,21.969999313354492,22.34000015258789,40554400,0.0,0.0
2024-10-25 00:00:00-04:00,22.420000076293945,23.34000015258789,22.40999984741211,22.68000030517578,67503000,0.0,0.0
2024-10-28 00:00:00-04:00,22.670000076293945,23.270000457763672,22.559999465942383,22.920000076293945,41915000,0.0,0.0
2024-10-29 00:00:00-04:00,22.8700008392334,23.139999389648438,22.40999984741211,22.899999618530273,83422200,0.0,0.0
2024-10-30 00:00:00-04:00,22.420000076293945,22.93000030517578,22.260000228881836,22.299999237060547,50941200,0.0,0.0
2024-10-31 00:00:00-04:00,22.149999618530273,22.25,21.469999313354492,21.520000457763672,112485500,0.0,0.0
2024-11-01 00:00:00-04:00,23.0,23.579999923706055,21.90999984741211,23.200000762939453,173471100,0.0,0.0
2024-11-04 00:00:00-05:00,22.959999084472656,23.0,22.0,22.520000457763672,84616300,0.0,0.0
2024-11-05 00:00:00-05:00,22.579999923706055,23.579999923706055,22.399999618530273,23.31999969482422,59153300,0.0,0.0
2024-11-06 00:00:00-05:00,24.299999237060547,25.1200008392334,24.049999237060547,25.049999237060547,116760500,0.0,0.0
2024-11-07 00:00:00-05:00,25.43000030517578,26.3799991607666,25.190000534057617,26.229999542236328,101489300,0.0,0.0
2024-11-08 00:00:00-05:00,26.0,26.43000030517578,25.829999923706055,26.200000762939453,76428000,0.0,0.0
2024-11-11 00:00:00-05:00,25.959999084472656,26.290000915527344,24.829999923706055,25.049999237060547,80185300,0.0,0.0
2024-11-12 00:00:00-05:00,24.65999984741211,24.959999084472656,23.889999389648438,24.15999984741211,62539700,0.0,0.0
2024-11-13 00:00:00-05:00,24.059999465942383,25.139999389648438,24.020000457763672,24.920000076293945,58202000,0.0,0.0
2024-11-14 00:00:00-05:00,25.1200008392334,25.610000610351562,24.93000030517578,25.030000686645508,49252100,0.0,0.0
2024-11-15 00:00:00-05:00,24.809999465942383,24.81999969482422,24.229999542236328,24.350000381469727,55104900,0.0,0.0
2024-11-18 00:00:00-05:00,24.329999923706055,25.020000457763672,24.15999984741211,24.84000015258789,59667300,0.0,0.0
2024-11-19 00:00:00-05:00,24.5,24.540000915527344,24.100000381469727,24.200000762939453,61190900,0.0,0.0
2024-11-20 00:00:00-05:00,24.06999969482422,24.209999084472656,23.549999237060547,24.010000228881836,50191500,0.0,0.0
2024-11-21 00:00:00-05:00,24.079999923706055,24.770000457763672,23.829999923706055,24.440000534057617,58928400,0.0,0.0
2024-11-22 00:00:00-05:00,24.350000381469727,24.68000030517578,24.139999389648438,24.5,36784700,0.0,0.0
2024-11-25 00:00:00-05:00,25.040000915527344,25.56999969482422,24.760000228881836,24.8700008392334,91128400,0.0,0.0
2024-11-26 00:00:00-05:00,24.950000762939453,24.989999771118164,23.809999465942383,24.049999237060547,69613600,0.0,0.0
2024-11-27 00:00:00-05:00,23.829999923706055,23.93000030517578,23.059999465942383,23.649999618530273,53992300,0.0,0.0
2024-11-29 00:00:00-05:00,23.719999313354492,24.280000686645508,23.600000381469727,24.049999237060547,36616800,0.0,0.0
2024-12-02 00:00:00-05:00,24.84000015258789,25.479999542236328,23.440000534057617,23.93000030517578,150497900,0.0,0.0
2024-12-03 00:00:00-05:00,23.68000030517578,23.75,22.440000534057617,22.469999313354492,138160500,0.0,0.0
2024-12-04 00:00:00-05:00,22.530000686645508,22.540000915527344,21.809999465942383,21.959999084472656,104649000,0.0,0.0
2024-12-05 00:00:00-05:00,22.040000915527344,22.190000534057617,20.65999984741211,20.799999237060547,167993500,0.0,0.0
2024-12-06 00:00:00-05:00,20.950000762939453,21.049999237060547,20.65999984741211,20.920000076293945,78539100,0.0,0.0
2024-12-09 00:00:00-05:00,20.920000076293945,21.059999465942383,20.729999542236328,20.809999465942383,68818200,0.0,0.0
2024-12-10 00:00:00-05:00,20.829999923706055,20.860000610351562,19.959999084472656,20.15999984741211,90004800,0.0,0.0
2024-12-11 00:00:00-05:00,20.139999389648438,20.25,19.8700008392334,20.1200008392334,75209300,0.0,0.0
2024-12-12 00:00:00-05:00,20.020000457763672,20.899999618530273,19.920000076293945,20.780000686645508,77695000,0.0,0.0
2024-12-13 00:00:00-05:00,20.600000381469727,20.799999237060547,20.25,20.34000015258789,55104100,0.0,0.0
2024-12-16 00:00:00-05:00,20.170000076293945,21.100000381469727,20.0,20.829999923706055,73832900,0.0,0.0
2024-12-17 00:00:00-05:00,20.639999389648438,20.770000457763672,20.290000915527344,20.440000534057617,51767200,0.0,0.0
2024-12-18 00:00:00-05:00,20.479999542236328,20.579999923706055,19.209999084472656,19.299999237060547,86041200,0.0,0.0
2024-12-19 00:00:00-05:00,19.530000686645508,19.690000534057617,19.030000686645508,19.059999465942383,69117800,0.0,0.0
2024-12-20 00:00:00-05:00,18.969999313354492,19.760000228881836,18.899999618530273,19.520000457763672,108453700,0.0,0.0
2024-12-23 00:00:00-05:00,19.579999923706055,20.229999542236328,19.520000457763672,20.200000762939453,57988400,0.0,0.0
2024-12-24 00:00:00-05:00,20.219999313354492,20.399999618530273,19.959999084472656,20.399999618530273,29884000,0.0,0.0
2024-12-26 00:00:00-05:00,20.229999542236328,20.670000076293945,20.079999923706055,20.440000534057617,39846200,0.0,0.0
2024-12-27 00:00:00-05:00,20.209999084472656,20.610000610351562,20.09000015258789,20.299999237060547,48260800,0.0,0.0
2024-12-30 00:00:00-05:00,20.010000228881836,20.110000610351562,19.729999542236328,19.81999969482422,59608100,0.0,0.0
2024-12-31 00:00:00-05:00,19.989999771118164,20.399999618530273,19.8799991607666,20.049999237060547,49846700,0.0,0.0
2025-01-02 00:00:00-05:00,20.229999542236328,20.43000030517578,20.0,20.219999313354492,46438500,0.0,0.0
2025-01-03 00:00:00-05:00,20.389999389648438,20.670000076293945,20.059999465942383,20.559999465942383,48983900,0.0,0.0
2025-01-06 00:00:00-05:00,20.829999923706055,20.979999542236328,19.780000686645508,19.8700008392334,83271000,0.0,0.0
2025-01-07 00:00:00-05:00,20.020000457763672,20.34000015258789,19.899999618530273,20.010000228881836,61726100,0.0,0.0
2025-01-08 00:00:00-05:00,19.829999923706055,20.1200008392334,19.709999084472656,19.8799991607666,47897100,0.0,0.0
2025-01-10 00:00:00-05:00,19.65999984741211,19.65999984741211,18.90999984741211,19.149999618530273,71244600,0.0,0.0
2025-01-13 00:00:00-05:00,18.920000076293945,19.25,18.729999542236328,19.200000762939453,50669000,0.0,0.0
2025-01-14 00:00:00-05:00,19.360000610351562,19.520000457763672,18.81999969482422,19.200000762939453,47147500,0.0,0.0
2025-01-15 00:00:00-05:00,19.399999618530273,19.770000457763672,19.170000076293945,19.719999313354492,56306000,0.0,0.0
2025-01-16 00:00:00-05:00,19.75,19.950000762939453,19.399999618530273,19.670000076293945,44898100,0.0,0.0
2025-01-17 00:00:00-05:00,21.260000228881836,21.6200008392334,20.790000915527344,21.489999771118164,166483900,0.0,0.0
2025-01-21 00:00:00-05:00,22.030000686645508,22.40999984741211,21.75,21.770000457763672,96262200,0.0,0.0
2025-01-22 00:00:00-05:00,21.729999542236328,22.290000915527344,21.56999969482422,21.860000610351562,60972600,0.0,0.0
2025-01-23 00:00:00-05:00,21.690000534057617,21.75,21.350000381469727,21.56999969482422,55778200,0.0,0.0
2025-01-24 00:00:00-05:00,21.360000610351562,21.40999984741211,20.75,20.829999923706055,66300600,0.0,0.0
2025-01-27 00:00:00-05:00,20.809999465942383,21.059999465942383,20.139999389648438,20.290000915527344,83582100,0.0,0.0
2025-01-28 00:00:00-05:00,20.34000015258789,20.34000015258789,19.739999771118164,19.799999237060547,73411400,0.0,0.0
2025-01-29 00:00:00-05:00,19.8700008392334,20.079999923706055,19.65999984741211,19.75,86506800,0.0,0.0
2025-01-30 00:00:00-05:00,19.719999313354492,20.100000381469727,19.43000030517578,20.010000228881836,108167000,0.0,0.0
2025-01-31 00:00:00-05:00,20.100000381469727,20.329999923706055,19.3799991607666,19.43000030517578,117474900,0.0,0.0
2025-02-03 00:00:00-05:00,18.969999313354492,19.75,18.780000686645508,19.3799991607666,77523100,0.0,0.0
2025-02-04 00:00:00-05:00,19.100000381469727,19.530000686645508,19.020000457763672,19.290000915527344,54098200,0.0,0.0
2025-02-05 00:00:00-05:00,19.190000534057617,19.770000457763672,18.90999984741211,19.649999618530273,66059200,0.0,0.0
2025-02-06 00:00:00-05:00,19.510000228881836,19.700000762939453,19.219999313354492,19.3799991607666,45553800,0.0,0.0
2025-02-07 00:00:00-05:00,19.350000381469727,19.360000610351562,19.030000686645508,19.100000381469727,58277900,0.0,0.0
2025-02-10 00:00:00-05:00,19.25,20.079999923706055,19.239999771118164,19.770000457763672,73007300,0.0,0.0
2025-02-11 00:00:00-05:00,19.8700008392334,21.8799991607666,19.860000610351562,20.969999313354492,150960700,0.0,0.0
2025-02-12 00:00:00-05:00,21.979999542236328,22.559999465942383,20.93000030517578,22.479999542236328,162631200,0.0,0.0
2025-02-13 00:00:00-05:00,22.84000015258789,24.829999923706055,22.790000915527344,24.1299991607666,248661300,0.0,0.0
2025-02-14 00:00:00-05:00,24.360000610351562,25.190000534057617,22.860000610351562,23.600000381469727,230254100,0.0,0.0
2025-02-18 00:00:00-05:00,24.600000381469727,27.549999237060547,24.489999771118164,27.389999389648438,284292200,0.0,0.0
2025-02-19 00:00:00-05:00,25.979999542236328,26.329999923706055,25.459999084472656,25.719999313354492,151881700,0.0,0.0
2025-02-20 00:00:00-05:00,25.559999465942383,26.1200008392334,24.479999542236328,26.09000015258789,144939600,0.0,0.0
2025-02-21 00:00:00-05:00,25.959999084472656,26.290000915527344,24.84000015258789,24.8700008392334,111334700,0.0,0.0
