Date,Open,High,Low,Close,Volume,Dividends,Stock Splits
1980-11-18 00:00:00-05:00,2.3201403617858887,2.3817370085589653,2.3201403617858887,2.3201403617858887,3200,0.0,0.0
1980-11-19 00:00:00-05:00,2.340672731399536,2.40226938222584,2.340672731399536,2.340672731399536,8000,0.0,0.0
1980-11-20 00:00:00-05:00,2.3406725773769144,2.3406725773769144,2.3201403617858887,2.3201403617858887,16600,0.0,0.0
1980-11-21 00:00:00-05:00,2.4022698402404785,2.443334281953991,2.4022698402404785,2.4022698402404785,18700,0.0,0.0
1980-11-24 00:00:00-05:00,2.3817370085589653,2.3817370085589653,2.3201403617858887,2.3201403617858887,40900,0.0,0.0
1980-11-25 00:00:00-05:00,2.2585441448070385,2.2585441448070385,2.217479705810547,2.217479705810547,25800,0.0,0.0
1980-11-26 00:00:00-05:00,2.3201403617858887,2.3817370085589653,2.3201403617858887,2.3201403617858887,75000,0.0,0.0
1980-11-28 00:00:00-05:00,2.3612060546875,2.3817382812499996,2.3612060546875,2.3612060546875,19300,0.0,0.0
1980-12-01 00:00:00-05:00,2.361204390014921,2.361204390014921,2.299607753753662,2.299607753753662,26200,0.0,0.0
1980-12-02 00:00:00-05:00,2.2174800726083608,2.2174800726083608,2.1353511810302734,2.1353511810302734,20000,0.0,0.0
1980-12-03 00:00:00-05:00,2.1558828353881836,2.2174794878278457,2.1558828353881836,2.1558828353881836,10500,0.0,0.0
1980-12-04 00:00:00-05:00,2.1558840835795685,2.176416312946993,2.094287395477295,2.094287395477295,13700,0.0,0.0
1980-12-05 00:00:00-05:00,2.094287395477295,2.176416312946993,2.094287395477295,2.094287395477295,11000,0.0,0.0
1980-12-08 00:00:00-05:00,2.012156935448342,2.012156935448342,1.9300280809402466,1.9300280809402466,8700,0.0,0.0
1980-12-09 00:00:00-05:00,1.9300280809402466,2.0532213627023896,1.9300280809402466,1.9300280809402466,38700,0.0,0.0
1980-12-10 00:00:00-05:00,2.094287395477295,2.2174807716818417,2.094287395477295,2.094287395477295,10800,0.0,0.0
1980-12-11 00:00:00-05:00,2.0942854070663453,2.176414246559143,2.0532209873199463,2.0532209873199463,10800,0.0,0.0
1980-12-12 00:00:00-05:00,2.094287395477295,2.176416312946993,2.094287395477295,2.094287395477295,4500,0.0,0.0
1980-12-15 00:00:00-05:00,2.0942856147885323,2.0942856147885323,1.9710923433303833,1.9710923433303833,8000,0.0,0.0
1980-12-16 00:00:00-05:00,1.9710923433303833,2.0532211909691496,1.9710923433303833,1.9710923433303833,7500,0.0,0.0
1980-12-17 00:00:00-05:00,1.9710923433303833,2.0532211909691496,1.9710923433303833,1.9710923433303833,7000,0.0,0.0
1980-12-18 00:00:00-05:00,1.9710925081942943,2.0532213627023896,1.9300280809402466,1.9300280809402466,10600,0.0,0.0
1980-12-19 00:00:00-05:00,1.9710923433303833,2.0532211909691496,1.9710923433303833,1.9710923433303833,18700,0.0,0.0
1980-12-22 00:00:00-05:00,2.0121567249298096,2.094285570845312,2.0121567249298096,2.0121567249298096,16800,0.0,0.0
1980-12-23 00:00:00-05:00,2.0121567249298096,2.0532211478875606,2.0121567249298096,2.0121567249298096,8600,0.0,0.0
1980-12-24 00:00:00-05:00,2.0121567249298096,2.094285570845312,2.0121567249298096,2.0121567249298096,9200,0.0,0.0
1980-12-26 00:00:00-05:00,2.0532209873199463,2.135349826812744,2.0532209873199463,2.0532209873199463,3900,0.0,0.0
1980-12-29 00:00:00-05:00,2.0532209873199463,2.135349826812744,2.0532209873199463,2.0532209873199463,4400,0.0,0.0
1980-12-30 00:00:00-05:00,2.0532209873199463,2.135349826812744,2.0532209873199463,2.0532209873199463,13400,0.0,0.0
1980-12-31 00:00:00-05:00,2.0532211478875606,2.094285570845312,2.0121567249298096,2.0121567249298096,7800,0.0,0.0
1981-01-02 00:00:00-05:00,2.094287395477295,2.135351854212144,2.094287395477295,2.094287395477295,8000,0.0,0.0
1981-01-05 00:00:00-05:00,2.1353511810302734,2.2174800726083608,2.1353511810302734,2.1353511810302734,9400,0.0,0.0
1981-01-06 00:00:00-05:00,2.1353511810302734,2.2174800726083608,2.1353511810302734,2.1353511810302734,10200,0.0,0.0
1981-01-07 00:00:00-05:00,2.135349993803063,2.135349993803063,2.0121567249298096,2.0121567249298096,17100,0.0,0.0
1981-01-08 00:00:00-05:00,2.0532209873199463,2.135349826812744,2.0532209873199463,2.0532209873199463,7800,0.0,0.0
1981-01-09 00:00:00-05:00,2.1353511810302734,2.2174800726083608,2.1353511810302734,2.1353511810302734,5600,0.0,0.0
1981-01-12 00:00:00-05:00,2.1353511810302734,2.2174800726083608,2.1353511810302734,2.1353511810302734,11400,0.0,0.0
1981-01-13 00:00:00-05:00,2.217479705810547,2.29960858380353,2.217479705810547,2.217479705810547,5000,0.0,0.0
1981-01-14 00:00:00-05:00,2.258545160293579,2.3406740752133457,2.258545160293579,2.258545160293579,7100,0.0,0.0
1981-01-15 00:00:00-05:00,2.258545160293579,2.3406740752133457,2.258545160293579,2.258545160293579,3300,0.0,0.0
1981-01-16 00:00:00-05:00,2.258545160293579,2.3406740752133457,2.258545160293579,2.258545160293579,6800,0.0,0.0
1981-01-19 00:00:00-05:00,2.258545160293579,2.3406740752133457,2.258545160293579,2.258545160293579,7600,0.0,0.0
1981-01-20 00:00:00-05:00,2.2585441448070385,2.3406730228000217,2.217479705810547,2.217479705810547,6800,0.0,0.0
1981-01-21 00:00:00-05:00,2.258545160293579,2.3406740752133457,2.258545160293579,2.258545160293579,2600,0.0,0.0
1981-01-22 00:00:00-05:00,2.2585441448070385,2.29960858380353,2.217479705810547,2.217479705810547,7700,0.0,0.0
1981-01-23 00:00:00-05:00,2.258545160293579,2.3406740752133457,2.258545160293579,2.258545160293579,7900,0.0,0.0
1981-01-26 00:00:00-05:00,2.2585441448070385,2.29960858380353,2.217479705810547,2.217479705810547,3200,0.0,0.0
1981-01-27 00:00:00-05:00,2.258545160293579,2.3406740752133457,2.258545160293579,2.258545160293579,4100,0.0,0.0
1981-01-28 00:00:00-05:00,2.2585441448070385,2.3406730228000217,2.217479705810547,2.217479705810547,7800,0.0,0.0
1981-01-29 00:00:00-05:00,2.217479705810547,2.29960858380353,2.217479705810547,2.217479705810547,2300,0.0,0.0
1981-01-30 00:00:00-05:00,2.217479705810547,2.29960858380353,2.217479705810547,2.217479705810547,4700,0.0,0.0
1981-02-02 00:00:00-05:00,2.2174803715831826,2.258544822908797,2.1764159202575684,2.1764159202575684,8500,0.0,0.0
1981-02-03 00:00:00-05:00,2.1764159202575684,2.258544822908797,2.1764159202575684,2.1764159202575684,3100,0.0,0.0
1981-02-04 00:00:00-05:00,2.217479705810547,2.29960858380353,2.217479705810547,2.217479705810547,6100,0.0,0.0
1981-02-05 00:00:00-05:00,2.217479705810547,2.29960858380353,2.217479705810547,2.217479705810547,4600,0.0,0.0
1981-02-06 00:00:00-05:00,2.217479705810547,2.29960858380353,2.217479705810547,2.217479705810547,5300,0.0,0.0
1981-02-09 00:00:00-05:00,2.217479705810547,2.29960858380353,2.217479705810547,2.217479705810547,3800,0.0,0.0
1981-02-10 00:00:00-05:00,2.217479705810547,2.29960858380353,2.217479705810547,2.217479705810547,4300,0.0,0.0
1981-02-11 00:00:00-05:00,2.217479705810547,2.29960858380353,2.217479705810547,2.217479705810547,2700,0.0,0.0
1981-02-12 00:00:00-05:00,2.217479705810547,2.29960858380353,2.217479705810547,2.217479705810547,3000,0.0,0.0
1981-02-13 00:00:00-05:00,2.217479705810547,2.29960858380353,2.217479705810547,2.217479705810547,7600,0.0,0.0
1981-02-17 00:00:00-05:00,2.2174803715831826,2.258544822908797,2.1764159202575684,2.1764159202575684,4400,0.0,0.0
1981-02-18 00:00:00-05:00,2.217479705810547,2.2585441448070385,2.217479705810547,2.217479705810547,4000,0.0,0.0
1981-02-19 00:00:00-05:00,2.217479705810547,2.29960858380353,2.217479705810547,2.217479705810547,12600,0.0,0.0
1981-02-20 00:00:00-05:00,2.217479705810547,2.29960858380353,2.217479705810547,2.217479705810547,3400,0.0,0.0
1981-02-23 00:00:00-05:00,2.217479705810547,2.29960858380353,2.217479705810547,2.217479705810547,1900,0.0,0.0
1981-02-24 00:00:00-05:00,2.2174803715831826,2.258544822908797,2.1764159202575684,2.1764159202575684,4800,0.0,0.0
1981-02-25 00:00:00-05:00,2.176415626819317,2.2174800726083608,2.1353511810302734,2.1353511810302734,13100,0.0,0.0
1981-02-26 00:00:00-05:00,2.1353511810302734,2.2174800726083608,2.1353511810302734,2.1353511810302734,15900,0.0,0.0
1981-02-27 00:00:00-05:00,2.1353511810302734,2.2174800726083608,2.1353511810302734,2.1353511810302734,2200,0.0,0.0
1981-03-02 00:00:00-05:00,2.1353511810302734,2.2174800726083608,2.1353511810302734,2.1353511810302734,3100,0.0,0.0
1981-03-03 00:00:00-05:00,2.135351854212144,2.2174807716818417,2.094287395477295,2.094287395477295,5100,0.0,0.0
1981-03-04 00:00:00-05:00,2.094287395477295,2.176416312946993,2.094287395477295,2.094287395477295,4400,0.0,0.0
1981-03-05 00:00:00-05:00,2.094287395477295,2.176416312946993,2.094287395477295,2.094287395477295,4600,0.0,0.0
1981-03-06 00:00:00-05:00,2.0532211909691496,2.0532211909691496,1.9710923433303833,1.9710923433303833,7500,0.0,0.0
1981-03-09 00:00:00-05:00,2.0532209873199463,2.0942854070663453,2.0532209873199463,2.0532209873199463,6400,0.0,0.0
1981-03-10 00:00:00-05:00,2.0532211478875606,2.094285570845312,2.0121567249298096,2.0121567249298096,4200,0.0,0.0
1981-03-11 00:00:00-05:00,2.0121567249298096,2.094285570845312,2.0121567249298096,2.0121567249298096,4500,0.0,0.0
1981-03-12 00:00:00-05:00,2.0121567249298096,2.094285570845312,2.0121567249298096,2.0121567249298096,11000,0.0,0.0
1981-03-13 00:00:00-05:00,2.0121567249298096,2.094285570845312,2.0121567249298096,2.0121567249298096,5200,0.0,0.0
1981-03-16 00:00:00-05:00,2.0532209873199463,2.0942854070663453,2.0532209873199463,2.0532209873199463,5100,0.0,0.0
1981-03-17 00:00:00-05:00,2.0532209873199463,2.135349826812744,2.0532209873199463,2.0532209873199463,5400,0.0,0.0
1981-03-18 00:00:00-05:00,2.0532209873199463,2.135349826812744,2.0532209873199463,2.0532209873199463,2200,0.0,0.0
1981-03-19 00:00:00-05:00,2.094287395477295,2.176416312946993,2.094287395477295,2.094287395477295,8100,0.0,0.0
1981-03-20 00:00:00-05:00,2.0942854070663453,2.176414246559143,2.0532209873199463,2.0532209873199463,3200,0.0,0.0
1981-03-23 00:00:00-05:00,2.094287395477295,2.176416312946993,2.094287395477295,2.094287395477295,3500,0.0,0.0
1981-03-24 00:00:00-05:00,2.1353511810302734,2.2174800726083608,2.1353511810302734,2.1353511810302734,8600,0.0,0.0
1981-03-25 00:00:00-05:00,2.1353511810302734,2.2174800726083608,2.1353511810302734,2.1353511810302734,4000,0.0,0.0
1981-03-26 00:00:00-05:00,2.1764159202575684,2.258544822908797,2.1764159202575684,2.1764159202575684,3100,0.0,0.0
1981-03-27 00:00:00-05:00,2.258545160293579,2.3406740752133457,2.258545160293579,2.258545160293579,7300,0.0,0.0
1981-03-30 00:00:00-05:00,2.258545160293579,2.3406740752133457,2.258545160293579,2.258545160293579,5800,0.0,0.0
1981-03-31 00:00:00-05:00,2.258545160293579,2.3406740752133457,2.258545160293579,2.258545160293579,14100,0.0,0.0
1981-04-01 00:00:00-05:00,2.25854405569374,2.3406729304462397,2.2380118370056152,2.2380118370056152,6100,0.0,0.0
1981-04-02 00:00:00-05:00,2.258545160293579,2.3406740752133457,2.258545160293579,2.258545160293579,5800,0.0,0.0
1981-04-03 00:00:00-05:00,2.258545160293579,2.3406740752133457,2.258545160293579,2.258545160293579,4900,0.0,0.0
1981-04-06 00:00:00-05:00,2.258545160293579,2.3406740752133457,2.258545160293579,2.258545160293579,4700,0.0,0.0
1981-04-07 00:00:00-05:00,2.25854405569374,2.3406729304462397,2.2380118370056152,2.2380118370056152,10000,0.0,0.0
1981-04-08 00:00:00-05:00,2.2380118370056152,2.3406729304462397,2.2380118370056152,2.2380118370056152,4500,0.0,0.0
1981-04-09 00:00:00-05:00,2.2380118370056152,2.3406729304462397,2.2380118370056152,2.2380118370056152,5900,0.0,0.0
1981-04-10 00:00:00-05:00,2.299607753753662,2.4228010262761797,2.299607753753662,2.299607753753662,3500,0.0,0.0
1981-04-13 00:00:00-05:00,2.299607753753662,2.4228010262761797,2.299607753753662,2.299607753753662,3200,0.0,0.0
1981-04-14 00:00:00-05:00,2.2996096177534624,2.3406740752133457,2.258545160293579,2.258545160293579,4300,0.0,0.0
1981-04-15 00:00:00-05:00,2.299607753753662,2.3817366021020074,2.299607753753662,2.299607753753662,3900,0.0,0.0
1981-04-16 00:00:00-05:00,2.2996096177534624,2.381738532673229,2.258545160293579,2.258545160293579,4100,0.0,0.0
1981-04-20 00:00:00-05:00,2.176416312946993,2.176416312946993,2.094287395477295,2.094287395477295,7100,0.0,0.0
1981-04-21 00:00:00-05:00,2.1353511810302734,2.176415626819317,2.1353511810302734,2.1353511810302734,2500,0.0,0.0
1981-04-22 00:00:00-05:00,2.1764159202575684,2.258544822908797,2.1764159202575684,2.1764159202575684,4500,0.0,0.0
1981-04-23 00:00:00-05:00,2.1764159202575684,2.258544822908797,2.1764159202575684,2.1764159202575684,3300,0.0,0.0
1981-04-24 00:00:00-05:00,2.1764159202575684,2.258544822908797,2.1764159202575684,2.1764159202575684,2300,0.0,0.0
1981-04-27 00:00:00-04:00,2.176415626819317,2.2174800726083608,2.1353511810302734,2.1353511810302734,5400,0.0,0.0
1981-04-28 00:00:00-04:00,2.1353511810302734,2.2174800726083608,2.1353511810302734,2.1353511810302734,3700,0.0,0.0
1981-04-29 00:00:00-04:00,2.1353511810302734,2.176415626819317,2.1353511810302734,2.1353511810302734,3100,0.0,0.0
1981-04-30 00:00:00-04:00,2.135351854212144,2.135351854212144,2.094287395477295,2.094287395477295,2200,0.0,0.0
1981-05-01 00:00:00-04:00,2.094285570845312,2.094285570845312,2.0121567249298096,2.0121567249298096,3600,0.0,0.0
1981-05-04 00:00:00-04:00,1.9710925081942943,1.9710925081942943,1.9300280809402466,1.9300280809402466,2800,0.0,0.0
1981-05-05 00:00:00-04:00,1.9300280057865642,1.9710924314415974,1.8889635801315308,1.8889635801315308,7300,0.0,0.0
1981-05-06 00:00:00-04:00,1.8889635801315308,1.9710924314415974,1.8889635801315308,1.8889635801315308,5900,0.0,0.0
1981-05-07 00:00:00-04:00,1.9300280809402466,2.012156935448342,1.9300280809402466,1.9300280809402466,7500,0.0,0.0
1981-05-08 00:00:00-04:00,1.9300280809402466,2.0532213627023896,1.9300280809402466,1.9300280809402466,4800,0.0,0.0
1981-05-11 00:00:00-04:00,1.9300280809402466,2.012156935448342,1.9300280809402466,1.9300280809402466,5100,0.0,0.0
1981-05-12 00:00:00-04:00,1.9300280809402466,2.012156935448342,1.9300280809402466,1.9300280809402466,3800,0.0,0.0
1981-05-13 00:00:00-04:00,1.9300280809402466,2.012156935448342,1.9300280809402466,1.9300280809402466,1600,0.0,0.0
1981-05-14 00:00:00-04:00,1.9300280809402466,2.012156935448342,1.9300280809402466,1.9300280809402466,1900,0.0,0.0
1981-05-15 00:00:00-04:00,1.9300280057865642,1.9710924314415974,1.8889635801315308,1.8889635801315308,3600,0.0,0.0
1981-05-18 00:00:00-04:00,1.8889635801315308,1.9710924314415974,1.8889635801315308,1.8889635801315308,2400,0.0,0.0
1981-05-19 00:00:00-04:00,1.8889635801315308,1.9710924314415974,1.8889635801315308,1.8889635801315308,2200,0.0,0.0
1981-05-20 00:00:00-04:00,1.888963868882921,1.9710927327473957,1.8478994369506836,1.8478994369506836,3600,0.0,0.0
1981-05-21 00:00:00-04:00,1.8889635801315308,1.9300280057865642,1.8889635801315308,1.8889635801315308,4300,0.0,0.0
1981-05-22 00:00:00-04:00,1.888963868882921,1.9300283008151582,1.8478994369506836,1.8478994369506836,2500,0.0,0.0
1981-05-26 00:00:00-04:00,1.8478994369506836,1.9300283008151582,1.8478994369506836,1.8478994369506836,2800,0.0,0.0
1981-05-27 00:00:00-04:00,1.8478994369506836,1.9300283008151582,1.8478994369506836,1.8478994369506836,3700,0.0,0.0
1981-05-28 00:00:00-04:00,1.8889635801315308,1.9300280057865642,1.8889635801315308,1.8889635801315308,3300,0.0,0.0
1981-05-29 00:00:00-04:00,1.8889635801315308,2.0121568570966306,1.8889635801315308,1.8889635801315308,3000,0.0,0.0
1981-06-01 00:00:00-04:00,1.8889635801315308,2.0121568570966306,1.8889635801315308,1.8889635801315308,2200,0.0,0.0
1981-06-02 00:00:00-04:00,1.8889635801315308,2.0121568570966306,1.8889635801315308,1.8889635801315308,1900,0.0,0.0
1981-06-03 00:00:00-04:00,1.888963868882921,1.9300283008151582,1.8478994369506836,1.8478994369506836,5800,0.0,0.0
1981-06-04 00:00:00-04:00,1.8478994369506836,1.9300283008151582,1.8478994369506836,1.8478994369506836,2000,0.0,0.0
1981-06-05 00:00:00-04:00,1.8889635801315308,1.9300280057865642,1.8889635801315308,1.8889635801315308,2000,0.0,0.0
1981-06-08 00:00:00-04:00,1.8889635801315308,1.9710924314415974,1.8889635801315308,1.8889635801315308,3800,0.0,0.0
1981-06-09 00:00:00-04:00,1.8889635801315308,1.9710924314415974,1.8889635801315308,1.8889635801315308,2100,0.0,0.0
1981-06-10 00:00:00-04:00,1.888963868882921,1.9710927327473957,1.8478994369506836,1.8478994369506836,3400,0.0,0.0
1981-06-11 00:00:00-04:00,1.8478994369506836,1.9300283008151582,1.8478994369506836,1.8478994369506836,7900,0.0,0.0
1981-06-12 00:00:00-04:00,1.8478994369506836,1.9300283008151582,1.8478994369506836,1.8478994369506836,3100,0.0,0.0
1981-06-15 00:00:00-04:00,1.8478994369506836,1.9300283008151582,1.8478994369506836,1.8478994369506836,6500,0.0,0.0
1981-06-16 00:00:00-04:00,1.8478990007530558,1.8889634229920125,1.806834578514099,1.8068345785140991,5600,0.0,0.0
1981-06-17 00:00:00-04:00,1.8478994369506836,1.888963868882921,1.8478994369506836,1.8478994369506836,3600,0.0,0.0
1981-06-18 00:00:00-04:00,1.8478990007530558,1.8889634229920125,1.806834578514099,1.8068345785140991,2200,0.0,0.0
1981-06-19 00:00:00-04:00,1.868432283401489,1.888964506296011,1.868432283401489,1.8684322834014893,3100,0.0,0.0
1981-06-22 00:00:00-04:00,1.8684316529168021,1.9300283008151582,1.8478994369506836,1.8478994369506836,3500,0.0,0.0
1981-06-23 00:00:00-04:00,1.8478994369506836,1.9300283008151582,1.8478994369506836,1.8478994369506836,3200,0.0,0.0
1981-06-24 00:00:00-04:00,1.8889635801315308,1.9300280057865642,1.8889635801315308,1.8889635801315308,2100,0.0,0.0
1981-06-25 00:00:00-04:00,1.8889635801315308,1.9300280057865642,1.8889635801315308,1.8889635801315308,3100,0.0,0.0
1981-06-26 00:00:00-04:00,1.888963868882921,1.9300283008151582,1.8478994369506836,1.8478994369506836,3300,0.0,0.0
1981-06-29 00:00:00-04:00,1.8478994369506836,1.9300283008151582,1.8478994369506836,1.8478994369506836,3000,0.0,0.0
1981-06-30 00:00:00-04:00,1.8478994369506836,1.9300283008151582,1.8478994369506836,1.8478994369506836,2000,0.0,0.0
1981-07-01 00:00:00-04:00,1.8478994369506836,1.9300283008151582,1.8478994369506836,1.8478994369506836,2700,0.0,0.0
1981-07-02 00:00:00-04:00,1.8478990007530558,1.8889634229920125,1.806834578514099,1.8068345785140991,800,0.0,0.0
1981-07-06 00:00:00-04:00,1.806834578514099,1.8889634229920125,1.806834578514099,1.8068345785140991,1100,0.0,0.0
1981-07-07 00:00:00-04:00,1.806834578514099,1.8889634229920125,1.806834578514099,1.8068345785140991,1400,0.0,0.0
1981-07-08 00:00:00-04:00,1.806834578514099,1.8889634229920125,1.806834578514099,1.8068345785140991,1500,0.0,0.0
1981-07-09 00:00:00-04:00,1.806834578514099,1.8889634229920125,1.806834578514099,1.8068345785140991,600,0.0,0.0
1981-07-10 00:00:00-04:00,1.806834578514099,1.8889634229920125,1.806834578514099,1.8068345785140991,3700,0.0,0.0
1981-07-13 00:00:00-04:00,1.806834578514099,1.8889634229920125,1.806834578514099,1.8068345785140991,1200,0.0,0.0
1981-07-14 00:00:00-04:00,1.806834578514099,1.8889634229920125,1.806834578514099,1.8068345785140991,3300,0.0,0.0
1981-07-15 00:00:00-04:00,1.806834578514099,1.8889634229920125,1.806834578514099,1.8068345785140991,200,0.0,0.0
1981-07-16 00:00:00-04:00,1.8478994369506836,1.9300283008151582,1.8478994369506836,1.8478994369506836,2200,0.0,0.0
1981-07-17 00:00:00-04:00,1.8478994369506836,1.9300283008151582,1.8478994369506836,1.8478994369506836,2700,0.0,0.0
1981-07-20 00:00:00-04:00,1.8478994369506836,1.888963868882921,1.8478994369506836,1.8478994369506836,1600,0.0,0.0
1981-07-21 00:00:00-04:00,1.8478994369506836,1.888963868882921,1.8478994369506836,1.8478994369506836,2700,0.0,0.0
1981-07-22 00:00:00-04:00,1.8478994369506836,1.888963868882921,1.8478994369506836,1.8478994369506836,900,0.0,0.0
1981-07-23 00:00:00-04:00,1.847899043282797,1.8889634664668593,1.7657701969146729,1.7657701969146729,3400,0.0,0.0
1981-07-24 00:00:00-04:00,1.765770117441813,1.765770117441813,1.724705696105957,1.724705696105957,7500,0.0,0.0
1981-07-27 00:00:00-04:00,1.7657701969146729,1.847899043282797,1.7657701969146729,1.7657701969146729,9300,0.0,0.0
1981-07-28 00:00:00-04:00,1.806834578514099,1.8889634229920125,1.806834578514099,1.8068345785140991,7600,0.0,0.0
1981-07-29 00:00:00-04:00,1.8478994369506836,1.888963868882921,1.8478994369506836,1.8478994369506836,6600,0.0,0.0
1981-07-30 00:00:00-04:00,1.8478994369506836,1.888963868882921,1.8478994369506836,1.8478994369506836,5500,0.0,0.0
1981-07-31 00:00:00-04:00,1.8889635801315308,1.9300280057865642,1.8889635801315308,1.8889635801315308,3400,0.0,0.0
1981-08-03 00:00:00-04:00,1.9300280809402466,1.9710925081942943,1.9300280809402466,1.9300280809402466,4600,0.0,0.0
1981-08-04 00:00:00-04:00,1.9300280809402466,1.9710925081942943,1.9300280809402466,1.9300280809402466,5800,0.0,0.0
1981-08-05 00:00:00-04:00,1.9710923433303833,2.0532211909691496,1.9710923433303833,1.9710923433303833,5200,0.0,0.0
1981-08-06 00:00:00-04:00,2.0121567249298096,2.0532211478875606,2.0121567249298096,2.0121567249298096,3900,0.0,0.0
1981-08-07 00:00:00-04:00,2.0121567671497664,2.0532211909691496,1.9710923433303833,1.9710923433303833,1700,0.0,0.0
1981-08-10 00:00:00-04:00,1.9710923433303833,1.9710923433303833,1.9710923433303833,1.9710923433303833,0,0.0,0.0
1981-08-11 00:00:00-04:00,1.9710925081942943,2.012156935448342,1.9300280809402466,1.9300280809402466,2100,0.0,0.0
1981-08-12 00:00:00-04:00,1.9300280809402466,2.012156935448342,1.9300280809402466,1.9300280809402466,2700,0.0,0.0
1981-08-13 00:00:00-04:00,1.9300280809402466,2.012156935448342,1.9300280809402466,1.9300280809402466,2700,0.0,0.0
1981-08-14 00:00:00-04:00,1.9300280809402466,2.012156935448342,1.9300280809402466,1.9300280809402466,7800,0.0,0.0
1981-08-17 00:00:00-04:00,1.9300280809402466,2.012156935448342,1.9300280809402466,1.9300280809402466,1800,0.0,0.0
1981-08-18 00:00:00-04:00,1.9300280809402466,2.012156935448342,1.9300280809402466,1.9300280809402466,1500,0.0,0.0
1981-08-19 00:00:00-04:00,1.9300280809402466,2.012156935448342,1.9300280809402466,1.9300280809402466,2500,0.0,0.0
1981-08-20 00:00:00-04:00,2.0121567249298096,2.094285570845312,2.0121567249298096,2.0121567249298096,6000,0.0,0.0
1981-08-21 00:00:00-04:00,2.0121567249298096,2.094285570845312,2.0121567249298096,2.0121567249298096,3100,0.0,0.0
1981-08-24 00:00:00-04:00,1.9710924314415974,1.9710924314415974,1.8889635801315308,1.8889635801315308,4500,0.0,0.0
1981-08-25 00:00:00-04:00,1.8478990007530558,1.8478990007530558,1.806834578514099,1.8068345785140991,6600,0.0,0.0
1981-08-26 00:00:00-04:00,1.8478994369506836,1.888963868882921,1.8478994369506836,1.8478994369506836,2900,0.0,0.0
1981-08-27 00:00:00-04:00,1.847899043282797,1.847899043282797,1.7657701969146729,1.7657701969146729,4500,0.0,0.0
1981-08-28 00:00:00-04:00,1.7657701969146729,1.8068346200987349,1.7657701969146729,1.7657701969146729,3500,0.0,0.0
1981-08-31 00:00:00-04:00,1.7657701969146729,1.847899043282797,1.7657701969146729,1.7657701969146729,2100,0.0,0.0
1981-09-01 00:00:00-04:00,1.7657701969146729,1.847899043282797,1.7657701969146729,1.7657701969146729,1400,0.0,0.0
1981-09-02 00:00:00-04:00,1.7657701969146729,1.8889634664668593,1.7657701969146729,1.7657701969146729,600,0.0,0.0
1981-09-03 00:00:00-04:00,1.765770117441813,1.8478989601135254,1.724705696105957,1.724705696105957,700,0.0,0.0
1981-09-04 00:00:00-04:00,1.7657701969146729,1.847899043282797,1.7657701969146729,1.7657701969146729,4300,0.0,0.0
1981-09-08 00:00:00-04:00,1.7657701969146729,1.847899043282797,1.7657701969146729,1.7657701969146729,3000,0.0,0.0
1981-09-09 00:00:00-04:00,1.7657701969146729,1.847899043282797,1.7657701969146729,1.7657701969146729,1400,0.0,0.0
1981-09-10 00:00:00-04:00,1.7657701969146729,1.847899043282797,1.7657701969146729,1.7657701969146729,3800,0.0,0.0
1981-09-11 00:00:00-04:00,1.7657701969146729,1.8889634664668593,1.7657701969146729,1.7657701969146729,1500,0.0,0.0
1981-09-14 00:00:00-04:00,1.7657701969146729,1.8889634664668593,1.7657701969146729,1.7657701969146729,2200,0.0,0.0
1981-09-15 00:00:00-04:00,1.7657701969146729,1.847899043282797,1.7657701969146729,1.7657701969146729,2000,0.0,0.0
1981-09-16 00:00:00-04:00,1.765770117441813,1.8478989601135254,1.724705696105957,1.724705696105957,3500,0.0,0.0
1981-09-17 00:00:00-04:00,1.724706225278901,1.765770659214113,1.683641791343689,1.683641791343689,5900,0.0,0.0
1981-09-18 00:00:00-04:00,1.7657701969146729,1.847899043282797,1.7657701969146729,1.7657701969146729,1500,0.0,0.0
1981-09-21 00:00:00-04:00,1.8478994369506836,1.888963868882921,1.8478994369506836,1.8478994369506836,3800,0.0,0.0
1981-09-22 00:00:00-04:00,1.8478994369506836,1.888963868882921,1.8478994369506836,1.8478994369506836,3400,0.0,0.0
1981-09-23 00:00:00-04:00,1.8889635801315308,1.9300280057865642,1.8889635801315308,1.8889635801315308,4500,0.0,0.0
1981-09-24 00:00:00-04:00,1.9710923433303833,2.0532211909691496,1.9710923433303833,1.9710923433303833,4600,0.0,0.0
1981-09-25 00:00:00-04:00,2.0121567249298096,2.135349993803063,2.0121567249298096,2.0121567249298096,3100,0.0,0.0
1981-09-28 00:00:00-04:00,2.0121567671497664,2.0942856147885323,1.9710923433303833,1.9710923433303833,5700,0.0,0.0
1981-09-29 00:00:00-04:00,1.9710927327473957,1.9710927327473957,1.8478994369506836,1.8478994369506836,5500,0.0,0.0
1981-09-30 00:00:00-04:00,1.8889635801315308,2.0121568570966306,1.8889635801315308,1.8889635801315308,1700,0.0,0.0
1981-10-01 00:00:00-04:00,1.8889635801315308,2.0121568570966306,1.8889635801315308,1.8889635801315308,4600,0.0,0.0
1981-10-02 00:00:00-04:00,1.9300280809402466,2.0532213627023896,1.9300280809402466,1.9300280809402466,2400,0.0,0.0
1981-10-05 00:00:00-04:00,1.9300280809402466,2.012156935448342,1.9300280809402466,1.9300280809402466,1800,0.0,0.0
1981-10-06 00:00:00-04:00,1.9710923433303833,2.0942856147885323,1.9710923433303833,1.9710923433303833,3200,0.0,0.0
1981-10-07 00:00:00-04:00,1.9710923433303833,2.1353500386079154,1.9710923433303833,1.9710923433303833,1800,0.0,0.0
1981-10-08 00:00:00-04:00,1.9710923433303833,2.0942856147885323,1.9710923433303833,1.9710923433303833,2600,0.0,0.0
1981-10-09 00:00:00-04:00,2.0532209873199463,2.176414246559143,2.0532209873199463,2.0532209873199463,3700,0.0,0.0
1981-10-12 00:00:00-04:00,2.0532209873199463,2.176414246559143,2.0532209873199463,2.0532209873199463,2600,0.0,0.0
1981-10-13 00:00:00-04:00,2.0532211478875606,2.135349993803063,2.0121567249298096,2.0121567249298096,2300,0.0,0.0
1981-10-14 00:00:00-04:00,2.0121567249298096,2.1764144167608146,2.0121567249298096,2.0121567249298096,1700,0.0,0.0
1981-10-15 00:00:00-04:00,2.0121567249298096,2.1764144167608146,2.0121567249298096,2.0121567249298096,6100,0.0,0.0
1981-10-16 00:00:00-04:00,2.0532209873199463,2.176414246559143,2.0532209873199463,2.0532209873199463,1100,0.0,0.0
1981-10-19 00:00:00-04:00,2.0532211478875606,2.1764144167608146,2.0121567249298096,2.0121567249298096,1500,0.0,0.0
1981-10-20 00:00:00-04:00,2.0121567249298096,2.135349993803063,2.0121567249298096,2.0121567249298096,2400,0.0,0.0
1981-10-21 00:00:00-04:00,2.0121567249298096,2.135349993803063,2.0121567249298096,2.0121567249298096,2600,0.0,0.0
1981-10-22 00:00:00-04:00,2.0121567671497664,2.1353500386079154,1.9710923433303833,1.9710923433303833,3900,0.0,0.0
1981-10-23 00:00:00-04:00,1.9710923433303833,2.1353500386079154,1.9710923433303833,1.9710923433303833,4200,0.0,0.0
1981-10-26 00:00:00-05:00,1.9710923433303833,2.1353500386079154,1.9710923433303833,1.9710923433303833,2600,0.0,0.0
1981-10-27 00:00:00-05:00,1.9710925081942943,2.0942857899564378,1.9300280809402466,1.9300280809402466,2500,0.0,0.0
1981-10-28 00:00:00-05:00,1.9710923433303833,2.0942856147885323,1.9710923433303833,1.9710923433303833,3100,0.0,0.0
1981-10-29 00:00:00-05:00,1.9710923433303833,2.0942856147885323,1.9710923433303833,1.9710923433303833,2500,0.0,0.0
1981-10-30 00:00:00-05:00,1.9710923433303833,2.0942856147885323,1.9710923433303833,1.9710923433303833,1000,0.0,0.0
1981-11-02 00:00:00-05:00,1.9710925081942943,2.0942857899564378,1.9300280809402466,1.9300280809402466,2600,0.0,0.0
1981-11-03 00:00:00-05:00,1.9300280809402466,2.0532213627023896,1.9300280809402466,1.9300280809402466,6200,0.0,0.0
1981-11-04 00:00:00-05:00,1.9710923433303833,2.0942856147885323,1.9710923433303833,1.9710923433303833,2600,0.0,0.0
1981-11-05 00:00:00-05:00,1.9710923433303833,2.0942856147885323,1.9710923433303833,1.9710923433303833,2800,0.0,0.0
1981-11-06 00:00:00-05:00,1.9710925081942943,2.0942857899564378,1.9300280809402466,1.9300280809402466,2400,0.0,0.0
1981-11-09 00:00:00-05:00,1.9300280809402466,2.0942857899564378,1.9300280809402466,1.9300280809402466,1700,0.0,0.0
1981-11-10 00:00:00-05:00,1.9300280809402466,2.0532213627023896,1.9300280809402466,1.9300280809402466,6200,0.0,0.0
1981-11-11 00:00:00-05:00,1.9300280809402466,2.0532213627023896,1.9300280809402466,1.9300280809402466,5600,0.0,0.0
1981-11-12 00:00:00-05:00,1.9300280809402466,2.0532213627023896,1.9300280809402466,1.9300280809402466,9100,0.0,0.0
1981-11-13 00:00:00-05:00,1.9300280809402466,2.0532213627023896,1.9300280809402466,1.9300280809402466,2200,0.0,0.0
1981-11-16 00:00:00-05:00,1.9300280057865642,2.053221282751664,1.8889635801315308,1.8889635801315308,5600,0.0,0.0
1981-11-17 00:00:00-05:00,1.8889635801315308,2.053221282751664,1.8889635801315308,1.8889635801315308,6500,0.0,0.0
1981-11-18 00:00:00-05:00,1.888963868882921,2.0121571646796332,1.8478994369506836,1.8478994369506836,8800,0.0,0.0
1981-11-19 00:00:00-05:00,1.8889635801315308,2.0121568570966306,1.8889635801315308,1.8889635801315308,7600,0.0,0.0
1981-11-20 00:00:00-05:00,1.9300280809402466,2.0532213627023896,1.9300280809402466,1.9300280809402466,8300,0.0,0.0
1981-11-23 00:00:00-05:00,1.9710923433303833,2.1353500386079154,1.9710923433303833,1.9710923433303833,3300,0.0,0.0
1981-11-24 00:00:00-05:00,1.9710923433303833,2.1353500386079154,1.9710923433303833,1.9710923433303833,3600,0.0,0.0
1981-11-25 00:00:00-05:00,1.9710925081942943,2.0942857899564378,1.9300280809402466,1.9300280809402466,3200,0.0,0.0
1981-11-27 00:00:00-05:00,1.9300280809402466,2.0942857899564378,1.9300280809402466,1.9300280809402466,1100,0.0,0.0
1981-11-30 00:00:00-05:00,1.9300280809402466,2.0942857899564378,1.9300280809402466,1.9300280809402466,1200,0.0,0.0
1981-12-01 00:00:00-05:00,1.9300280809402466,2.0942857899564378,1.9300280809402466,1.9300280809402466,9500,0.0,0.0
1981-12-02 00:00:00-05:00,1.9300280809402466,2.0942857899564378,1.9300280809402466,1.9300280809402466,1000,0.0,0.0
1981-12-03 00:00:00-05:00,1.9300280809402466,2.0942857899564378,1.9300280809402466,1.9300280809402466,2100,0.0,0.0
1981-12-04 00:00:00-05:00,2.0121567249298096,2.135349993803063,2.0121567249298096,2.0121567249298096,4500,0.0,0.0
1981-12-07 00:00:00-05:00,2.0121567249298096,2.135349993803063,2.0121567249298096,2.0121567249298096,3500,0.0,0.0
1981-12-08 00:00:00-05:00,2.012156935448342,2.0942857899564378,1.9300280809402466,1.9300280809402466,5300,0.0,0.0
1981-12-09 00:00:00-05:00,1.9300280809402466,2.0942857899564378,1.9300280809402466,1.9300280809402466,2300,0.0,0.0
1981-12-10 00:00:00-05:00,1.9300280809402466,2.0942857899564378,1.9300280809402466,1.9300280809402466,4300,0.0,0.0
1981-12-11 00:00:00-05:00,1.9300280809402466,2.0942857899564378,1.9300280809402466,1.9300280809402466,2700,0.0,0.0
1981-12-14 00:00:00-05:00,1.9300280809402466,2.0942857899564378,1.9300280809402466,1.9300280809402466,3600,0.0,0.0
1981-12-15 00:00:00-05:00,1.9300280809402466,2.0942857899564378,1.9300280809402466,1.9300280809402466,3300,0.0,0.0
1981-12-16 00:00:00-05:00,1.9300280809402466,2.0942857899564378,1.9300280809402466,1.9300280809402466,1800,0.0,0.0
1981-12-17 00:00:00-05:00,1.9710923433303833,2.0942856147885323,1.9710923433303833,1.9710923433303833,2700,0.0,0.0
1981-12-18 00:00:00-05:00,1.9710925081942943,2.0942857899564378,1.9300280809402466,1.9300280809402466,3300,0.0,0.0
1981-12-21 00:00:00-05:00,1.9300280809402466,2.0532213627023896,1.9300280809402466,1.9300280809402466,2000,0.0,0.0
1981-12-22 00:00:00-05:00,1.9300280809402466,2.0532213627023896,1.9300280809402466,1.9300280809402466,3400,0.0,0.0
1981-12-23 00:00:00-05:00,1.9300280057865642,2.053221282751664,1.8889635801315308,1.8889635801315308,6300,0.0,0.0
1981-12-24 00:00:00-05:00,1.8889635801315308,2.053221282751664,1.8889635801315308,1.8889635801315308,900,0.0,0.0
1981-12-28 00:00:00-05:00,1.8889635801315308,2.053221282751664,1.8889635801315308,1.8889635801315308,2500,0.0,0.0
1981-12-29 00:00:00-05:00,1.9300280809402466,2.0532213627023896,1.9300280809402466,1.9300280809402466,5800,0.0,0.0
1981-12-30 00:00:00-05:00,1.9300280809402466,2.0942857899564378,1.9300280809402466,1.9300280809402466,8200,0.0,0.0
1981-12-31 00:00:00-05:00,1.9300280809402466,2.0942857899564378,1.9300280809402466,1.9300280809402466,6200,0.0,0.0
1982-01-04 00:00:00-05:00,1.9300280809402466,2.0532213627023896,1.9300280809402466,1.9300280809402466,2200,0.0,0.0
1982-01-05 00:00:00-05:00,1.9300280809402466,2.0532213627023896,1.9300280809402466,1.9300280809402466,2700,0.0,0.0
1982-01-06 00:00:00-05:00,1.9300280809402466,2.0532213627023896,1.9300280809402466,1.9300280809402466,1700,0.0,0.0
1982-01-07 00:00:00-05:00,1.9300280809402466,2.012156935448342,1.9300280809402466,1.9300280809402466,400,0.0,0.0
1982-01-08 00:00:00-05:00,1.9300280057865642,2.0121568570966306,1.8889635801315308,1.8889635801315308,2600,0.0,0.0
1982-01-11 00:00:00-05:00,1.8889635801315308,2.0121568570966306,1.8889635801315308,1.8889635801315308,4000,0.0,0.0
1982-01-12 00:00:00-05:00,1.8889635801315308,2.0121568570966306,1.8889635801315308,1.8889635801315308,3500,0.0,0.0
1982-01-13 00:00:00-05:00,1.888963868882921,2.0121571646796332,1.8478994369506836,1.8478994369506836,4800,0.0,0.0
1982-01-14 00:00:00-05:00,1.8478994369506836,2.0121571646796332,1.8478994369506836,1.8478994369506836,4300,0.0,0.0
1982-01-15 00:00:00-05:00,1.8889635801315308,2.0121568570966306,1.8889635801315308,1.8889635801315308,2200,0.0,0.0
1982-01-18 00:00:00-05:00,1.9300280809402466,2.0532213627023896,1.9300280809402466,1.9300280809402466,6300,0.0,0.0
1982-01-19 00:00:00-05:00,1.9710923433303833,2.0942856147885323,1.9710923433303833,1.9710923433303833,8100,0.0,0.0
1982-01-20 00:00:00-05:00,2.0532209873199463,2.176414246559143,2.0532209873199463,2.0532209873199463,5300,0.0,0.0
1982-01-21 00:00:00-05:00,2.0532209873199463,2.217478666305542,2.0532209873199463,2.0532209873199463,5400,0.0,0.0
1982-01-22 00:00:00-05:00,2.1353511810302734,2.2585445183974047,2.1353511810302734,2.1353511810302734,11100,0.0,0.0
1982-01-25 00:00:00-05:00,2.1353511810302734,2.2585445183974047,2.1353511810302734,2.1353511810302734,4300,0.0,0.0
1982-01-26 00:00:00-05:00,2.135349993803063,2.1764144167608146,2.0121567249298096,2.0121567249298096,3300,0.0,0.0
1982-01-27 00:00:00-05:00,2.0532209873199463,2.176414246559143,2.0532209873199463,2.0532209873199463,3400,0.0,0.0
1982-01-28 00:00:00-05:00,2.094287395477295,2.2174807716818417,2.094287395477295,2.094287395477295,1300,0.0,0.0
1982-01-29 00:00:00-05:00,2.094287395477295,2.2174807716818417,2.094287395477295,2.094287395477295,2400,0.0,0.0
1982-02-01 00:00:00-05:00,2.0942854070663453,2.176414246559143,2.0532209873199463,2.0532209873199463,2600,0.0,0.0
1982-02-02 00:00:00-05:00,2.0532211478875606,2.135349993803063,2.0121567249298096,2.0121567249298096,1200,0.0,0.0
1982-02-03 00:00:00-05:00,2.012156935448342,2.0532213627023896,1.9300280809402466,1.9300280809402466,3800,0.0,0.0
1982-02-04 00:00:00-05:00,1.9300280809402466,2.0532213627023896,1.9300280809402466,1.9300280809402466,2600,0.0,0.0
1982-02-05 00:00:00-05:00,1.9710923433303833,2.0532211909691496,1.9710923433303833,1.9710923433303833,300,0.0,0.0
1982-02-08 00:00:00-05:00,1.9710925081942943,2.0532213627023896,1.9300280809402466,1.9300280809402466,2000,0.0,0.0
1982-02-09 00:00:00-05:00,1.9300280809402466,2.0532213627023896,1.9300280809402466,1.9300280809402466,900,0.0,0.0
1982-02-10 00:00:00-05:00,2.0121567249298096,2.135349993803063,2.0121567249298096,2.0121567249298096,4300,0.0,0.0
1982-02-11 00:00:00-05:00,2.0121567249298096,2.135349993803063,2.0121567249298096,2.0121567249298096,2300,0.0,0.0
1982-02-12 00:00:00-05:00,2.0121567249298096,2.135349993803063,2.0121567249298096,2.0121567249298096,3300,0.0,0.0
1982-02-16 00:00:00-05:00,2.0121568570966306,2.0121568570966306,1.8889635801315308,1.8889635801315308,4400,0.0,0.0
1982-02-17 00:00:00-05:00,1.8889635801315308,2.0121568570966306,1.8889635801315308,1.8889635801315308,1800,0.0,0.0
1982-02-18 00:00:00-05:00,1.8889635801315308,2.0121568570966306,1.8889635801315308,1.8889635801315308,800,0.0,0.0
1982-02-19 00:00:00-05:00,1.9710923433303833,2.0942856147885323,1.9710923433303833,1.9710923433303833,2300,0.0,0.0
1982-02-22 00:00:00-05:00,1.9710925081942943,2.0532213627023896,1.9300280809402466,1.9300280809402466,1000,0.0,0.0
1982-02-23 00:00:00-05:00,1.9300280809402466,2.012156935448342,1.9300280809402466,1.9300280809402466,600,0.0,0.0
1982-02-24 00:00:00-05:00,1.9300280809402466,2.012156935448342,1.9300280809402466,1.9300280809402466,1200,0.0,0.0
1982-02-25 00:00:00-05:00,1.9300280809402466,2.0942857899564378,1.9300280809402466,1.9300280809402466,2800,0.0,0.0
1982-02-26 00:00:00-05:00,1.9300280809402466,2.0532213627023896,1.9300280809402466,1.9300280809402466,1000,0.0,0.0
1982-03-01 00:00:00-05:00,1.9300280809402466,2.0532213627023896,1.9300280809402466,1.9300280809402466,1700,0.0,0.0
1982-03-02 00:00:00-05:00,1.9300280809402466,2.0532213627023896,1.9300280809402466,1.9300280809402466,1600,0.0,0.0
1982-03-03 00:00:00-05:00,1.9300280809402466,2.0532213627023896,1.9300280809402466,1.9300280809402466,1400,0.0,0.0
1982-03-04 00:00:00-05:00,1.9300280809402466,2.0532213627023896,1.9300280809402466,1.9300280809402466,1200,0.0,0.0
1982-03-05 00:00:00-05:00,1.9300280057865642,2.0121568570966306,1.8889635801315308,1.8889635801315308,2400,0.0,0.0
1982-03-08 00:00:00-05:00,1.888963868882921,2.0121571646796332,1.8478994369506836,1.8478994369506836,1200,0.0,0.0
1982-03-09 00:00:00-05:00,1.8478994369506836,1.9710927327473957,1.8478994369506836,1.8478994369506836,1600,0.0,0.0
1982-03-10 00:00:00-05:00,1.8478994369506836,1.9710927327473957,1.8478994369506836,1.8478994369506836,700,0.0,0.0
1982-03-11 00:00:00-05:00,1.8478994369506836,1.9710927327473957,1.8478994369506836,1.8478994369506836,2800,0.0,0.0
1982-03-12 00:00:00-05:00,1.8478994369506836,1.9710927327473957,1.8478994369506836,1.8478994369506836,2800,0.0,0.0
1982-03-15 00:00:00-05:00,1.8478994369506836,1.9710927327473957,1.8478994369506836,1.8478994369506836,1500,0.0,0.0
1982-03-16 00:00:00-05:00,1.8478994369506836,1.9710927327473957,1.8478994369506836,1.8478994369506836,2600,0.0,0.0
1982-03-17 00:00:00-05:00,1.8478994369506836,1.9710927327473957,1.8478994369506836,1.8478994369506836,1800,0.0,0.0
1982-03-18 00:00:00-05:00,1.8478994369506836,1.9710927327473957,1.8478994369506836,1.8478994369506836,1900,0.0,0.0
1982-03-19 00:00:00-05:00,1.8889635801315308,2.0121568570966306,1.8889635801315308,1.8889635801315308,4900,0.0,0.0
1982-03-22 00:00:00-05:00,1.9300280809402466,2.012156935448342,1.9300280809402466,1.9300280809402466,3900,0.0,0.0
1982-03-23 00:00:00-05:00,1.9300280809402466,2.0532213627023896,1.9300280809402466,1.9300280809402466,1600,0.0,0.0
1982-03-24 00:00:00-05:00,1.9710923433303833,2.1353500386079154,1.9710923433303833,1.9710923433303833,4300,0.0,0.0
1982-03-25 00:00:00-05:00,2.0532209873199463,2.217478666305542,2.0532209873199463,2.0532209873199463,1700,0.0,0.0
1982-03-26 00:00:00-05:00,2.094287395477295,2.176416312946993,2.094287395477295,2.094287395477295,1800,0.0,0.0
1982-03-29 00:00:00-05:00,2.0942854070663453,2.176414246559143,2.0532209873199463,2.0532209873199463,3400,0.0,0.0
1982-03-30 00:00:00-05:00,2.0532209873199463,2.176414246559143,2.0532209873199463,2.0532209873199463,4200,0.0,0.0
1982-03-31 00:00:00-05:00,2.0532209873199463,2.217478666305542,2.0532209873199463,2.0532209873199463,2000,0.0,0.0
1982-04-01 00:00:00-05:00,2.094287395477295,2.258545230416691,2.094287395477295,2.094287395477295,2600,0.0,0.0
1982-04-02 00:00:00-05:00,2.0942854070663453,2.217478666305542,2.0532209873199463,2.0532209873199463,1500,0.0,0.0
1982-04-05 00:00:00-05:00,2.0532209873199463,2.176414246559143,2.0532209873199463,2.0532209873199463,1200,0.0,0.0
1982-04-06 00:00:00-05:00,2.094287395477295,2.2174807716818417,2.094287395477295,2.094287395477295,2400,0.0,0.0
1982-04-07 00:00:00-05:00,2.0942854070663453,2.217478666305542,2.0532209873199463,2.0532209873199463,2200,0.0,0.0
1982-04-08 00:00:00-05:00,2.0532209873199463,2.217478666305542,2.0532209873199463,2.0532209873199463,1300,0.0,0.0
1982-04-12 00:00:00-05:00,2.0532209873199463,2.217478666305542,2.0532209873199463,2.0532209873199463,2200,0.0,0.0
1982-04-13 00:00:00-05:00,2.0532209873199463,2.217478666305542,2.0532209873199463,2.0532209873199463,1200,0.0,0.0
1982-04-14 00:00:00-05:00,2.0532211478875606,2.1764144167608146,2.0121567249298096,2.0121567249298096,3100,0.0,0.0
1982-04-15 00:00:00-05:00,2.0121567249298096,2.1764144167608146,2.0121567249298096,2.0121567249298096,1700,0.0,0.0
1982-04-16 00:00:00-05:00,2.0532209873199463,2.217478666305542,2.0532209873199463,2.0532209873199463,5100,0.0,0.0
1982-04-19 00:00:00-05:00,2.0532209873199463,2.217478666305542,2.0532209873199463,2.0532209873199463,1400,0.0,0.0
1982-04-20 00:00:00-05:00,2.094287395477295,2.2174807716818417,2.094287395477295,2.094287395477295,3100,0.0,0.0
1982-04-21 00:00:00-05:00,2.094287395477295,2.2174807716818417,2.094287395477295,2.094287395477295,2500,0.0,0.0
1982-04-22 00:00:00-05:00,2.094287395477295,2.2174807716818417,2.094287395477295,2.094287395477295,3600,0.0,0.0
1982-04-23 00:00:00-05:00,2.094287395477295,2.2174807716818417,2.094287395477295,2.094287395477295,1300,0.0,0.0
1982-04-26 00:00:00-04:00,2.0942854070663453,2.217478666305542,2.0532209873199463,2.0532209873199463,5500,0.0,0.0
1982-04-27 00:00:00-04:00,2.0532209873199463,2.217478666305542,2.0532209873199463,2.0532209873199463,2700,0.0,0.0
1982-04-28 00:00:00-04:00,2.0532209873199463,2.217478666305542,2.0532209873199463,2.0532209873199463,2400,0.0,0.0
1982-04-29 00:00:00-04:00,2.0532211478875606,2.1764144167608146,2.0121567249298096,2.0121567249298096,2600,0.0,0.0
1982-04-30 00:00:00-04:00,2.0121567249298096,2.1764144167608146,2.0121567249298096,2.0121567249298096,2100,0.0,0.0
1982-05-03 00:00:00-04:00,2.0121567249298096,2.1764144167608146,2.0121567249298096,2.0121567249298096,1500,0.0,0.0
1982-05-04 00:00:00-04:00,2.0121567249298096,2.1764144167608146,2.0121567249298096,2.0121567249298096,2100,0.0,0.0
1982-05-05 00:00:00-04:00,2.0121567249298096,2.1764144167608146,2.0121567249298096,2.0121567249298096,2700,0.0,0.0
1982-05-06 00:00:00-04:00,2.0121567249298096,2.1764144167608146,2.0121567249298096,2.0121567249298096,2200,0.0,0.0
1982-05-07 00:00:00-04:00,2.0121567249298096,2.1764144167608146,2.0121567249298096,2.0121567249298096,900,0.0,0.0
1982-05-10 00:00:00-04:00,2.0532209873199463,2.176414246559143,2.0532209873199463,2.0532209873199463,1700,0.0,0.0
1982-05-11 00:00:00-04:00,2.0532209873199463,2.217478666305542,2.0532209873199463,2.0532209873199463,3400,0.0,0.0
1982-05-12 00:00:00-04:00,2.0532209873199463,2.217478666305542,2.0532209873199463,2.0532209873199463,1900,0.0,0.0
1982-05-13 00:00:00-04:00,2.094287395477295,2.258545230416691,2.094287395477295,2.094287395477295,3900,0.0,0.0
1982-05-14 00:00:00-04:00,2.094287395477295,2.258545230416691,2.094287395477295,2.094287395477295,3900,0.0,0.0
1982-05-17 00:00:00-04:00,2.094287395477295,2.2174807716818417,2.094287395477295,2.094287395477295,200,0.0,0.0
1982-05-18 00:00:00-04:00,2.094287395477295,2.2174807716818417,2.094287395477295,2.094287395477295,2000,0.0,0.0
1982-05-19 00:00:00-04:00,2.0942854070663453,2.217478666305542,2.0532209873199463,2.0532209873199463,4400,0.0,0.0
1982-05-20 00:00:00-04:00,2.0532209873199463,2.217478666305542,2.0532209873199463,2.0532209873199463,3400,0.0,0.0
1982-05-21 00:00:00-04:00,2.0532209873199463,2.217478666305542,2.0532209873199463,2.0532209873199463,3700,0.0,0.0
1982-05-24 00:00:00-04:00,2.0532209873199463,2.217478666305542,2.0532209873199463,2.0532209873199463,2100,0.0,0.0
1982-05-25 00:00:00-04:00,2.0532209873199463,2.217478666305542,2.0532209873199463,2.0532209873199463,1800,0.0,0.0
1982-05-26 00:00:00-04:00,2.0532209873199463,2.217478666305542,2.0532209873199463,2.0532209873199463,3000,0.0,0.0
1982-05-27 00:00:00-04:00,2.094287395477295,2.2174807716818417,2.094287395477295,2.094287395477295,1000,0.0,0.0
1982-05-28 00:00:00-04:00,2.0942854070663453,2.217478666305542,2.0532209873199463,2.0532209873199463,2000,0.0,0.0
1982-06-01 00:00:00-04:00,2.0532209873199463,2.217478666305542,2.0532209873199463,2.0532209873199463,4400,0.0,0.0
1982-06-02 00:00:00-04:00,2.0532209873199463,2.217478666305542,2.0532209873199463,2.0532209873199463,1700,0.0,0.0
1982-06-03 00:00:00-04:00,2.0532209873199463,2.176414246559143,2.0532209873199463,2.0532209873199463,2200,0.0,0.0
1982-06-04 00:00:00-04:00,2.0532211478875606,2.1764144167608146,2.0121567249298096,2.0121567249298096,1300,0.0,0.0
1982-06-07 00:00:00-04:00,2.0121567249298096,2.1764144167608146,2.0121567249298096,2.0121567249298096,1900,0.0,0.0
1982-06-08 00:00:00-04:00,2.0121567249298096,2.1764144167608146,2.0121567249298096,2.0121567249298096,1100,0.0,0.0
1982-06-09 00:00:00-04:00,2.0121567249298096,2.135349993803063,2.0121567249298096,2.0121567249298096,1400,0.0,0.0
1982-06-10 00:00:00-04:00,2.0121567249298096,2.135349993803063,2.0121567249298096,2.0121567249298096,1300,0.0,0.0
1982-06-11 00:00:00-04:00,2.0532209873199463,2.176414246559143,2.0532209873199463,2.0532209873199463,3100,0.0,0.0
1982-06-14 00:00:00-04:00,2.0532209873199463,2.176414246559143,2.0532209873199463,2.0532209873199463,500,0.0,0.0
1982-06-15 00:00:00-04:00,2.094287395477295,2.2174807716818417,2.094287395477295,2.094287395477295,1500,0.0,0.0
1982-06-16 00:00:00-04:00,2.094287395477295,2.2174807716818417,2.094287395477295,2.094287395477295,1500,0.0,0.0
1982-06-17 00:00:00-04:00,2.094287395477295,2.2174807716818417,2.094287395477295,2.094287395477295,1000,0.0,0.0
1982-06-18 00:00:00-04:00,2.094287395477295,2.2174807716818417,2.094287395477295,2.094287395477295,400,0.0,0.0
1982-06-21 00:00:00-04:00,2.094287395477295,2.2174807716818417,2.094287395477295,2.094287395477295,1800,0.0,0.0
1982-06-22 00:00:00-04:00,2.094287395477295,2.258545230416691,2.094287395477295,2.094287395477295,4400,0.0,0.0
1982-06-23 00:00:00-04:00,2.094287395477295,2.258545230416691,2.094287395477295,2.094287395477295,1500,0.0,0.0
1982-06-24 00:00:00-04:00,2.094287395477295,2.258545230416691,2.094287395477295,2.094287395477295,2000,0.0,0.0
1982-06-25 00:00:00-04:00,2.094287395477295,2.258545230416691,2.094287395477295,2.094287395477295,2100,0.0,0.0
1982-06-28 00:00:00-04:00,2.094287395477295,2.258545230416691,2.094287395477295,2.094287395477295,1400,0.0,0.0
1982-06-29 00:00:00-04:00,2.1353511810302734,2.2585445183974047,2.1353511810302734,2.1353511810302734,2700,0.0,0.0
1982-06-30 00:00:00-04:00,2.135351854212144,2.258545230416691,2.094287395477295,2.094287395477295,1300,0.0,0.0
1982-07-01 00:00:00-04:00,2.094287395477295,2.258545230416691,2.094287395477295,2.094287395477295,800,0.0,0.0
1982-07-02 00:00:00-04:00,2.094287395477295,2.258545230416691,2.094287395477295,2.094287395477295,2200,0.0,0.0
1982-07-06 00:00:00-04:00,2.094287395477295,2.258545230416691,2.094287395477295,2.094287395477295,1500,0.0,0.0
1982-07-07 00:00:00-04:00,2.094287395477295,2.258545230416691,2.094287395477295,2.094287395477295,100,0.0,0.0
1982-07-08 00:00:00-04:00,2.094287395477295,2.258545230416691,2.094287395477295,2.094287395477295,1700,0.0,0.0
1982-07-09 00:00:00-04:00,2.094287395477295,2.2174807716818417,2.094287395477295,2.094287395477295,1700,0.0,0.0
1982-07-12 00:00:00-04:00,2.094287395477295,2.2174807716818417,2.094287395477295,2.094287395477295,800,0.0,0.0
1982-07-13 00:00:00-04:00,2.094287395477295,2.2174807716818417,2.094287395477295,2.094287395477295,600,0.0,0.0
1982-07-14 00:00:00-04:00,2.094287395477295,2.2174807716818417,2.094287395477295,2.094287395477295,1300,0.0,0.0
1982-07-15 00:00:00-04:00,2.094287395477295,2.2174807716818417,2.094287395477295,2.094287395477295,1100,0.0,0.0
1982-07-16 00:00:00-04:00,2.0942854070663453,2.217478666305542,2.0532209873199463,2.0532209873199463,3900,0.0,0.0
1982-07-19 00:00:00-04:00,2.0532209873199463,2.217478666305542,2.0532209873199463,2.0532209873199463,200,0.0,0.0
1982-07-20 00:00:00-04:00,2.0532209873199463,2.217478666305542,2.0532209873199463,2.0532209873199463,1000,0.0,0.0
1982-07-21 00:00:00-04:00,2.0532209873199463,2.217478666305542,2.0532209873199463,2.0532209873199463,1000,0.0,0.0
1982-07-22 00:00:00-04:00,2.1353511810302734,2.2585445183974047,2.1353511810302734,2.1353511810302734,2700,0.0,0.0
1982-07-23 00:00:00-04:00,2.1764159202575684,2.340673725560026,2.1764159202575684,2.1764159202575684,7800,0.0,0.0
1982-07-26 00:00:00-04:00,2.1764159202575684,2.340673725560026,2.1764159202575684,2.1764159202575684,1600,0.0,0.0
1982-07-27 00:00:00-04:00,2.176415626819317,2.299608964186448,2.1353511810302734,2.1353511810302734,2400,0.0,0.0
1982-07-28 00:00:00-04:00,2.1353511810302734,2.299608964186448,2.1353511810302734,2.1353511810302734,3800,0.0,0.0
1982-07-29 00:00:00-04:00,2.1353511810302734,2.299608964186448,2.1353511810302734,2.1353511810302734,1600,0.0,0.0
1982-07-30 00:00:00-04:00,2.1353511810302734,2.299608964186448,2.1353511810302734,2.1353511810302734,900,0.0,0.0
1982-08-02 00:00:00-04:00,2.135351854212144,2.258545230416691,2.094287395477295,2.094287395477295,4200,0.0,0.0
1982-08-03 00:00:00-04:00,2.094287395477295,2.258545230416691,2.094287395477295,2.094287395477295,1800,0.0,0.0
1982-08-04 00:00:00-04:00,2.094287395477295,2.2174807716818417,2.094287395477295,2.094287395477295,3400,0.0,0.0
1982-08-05 00:00:00-04:00,2.094286531505018,2.217479856887666,2.07375431060791,2.07375431060791,3000,0.0,0.0
1982-08-06 00:00:00-04:00,2.0737531971931458,2.217478666305542,2.0532209873199463,2.0532209873199463,5600,0.0,0.0
1982-08-09 00:00:00-04:00,2.0532209873199463,2.176414246559143,2.0532209873199463,2.0532209873199463,400,0.0,0.0
1982-08-10 00:00:00-04:00,2.0532209873199463,2.217478666305542,2.0532209873199463,2.0532209873199463,2100,0.0,0.0
1982-08-11 00:00:00-04:00,2.0532211478875606,2.1764144167608146,2.0121567249298096,2.0121567249298096,3200,0.0,0.0
1982-08-12 00:00:00-04:00,2.0121567249298096,2.1764144167608146,2.0121567249298096,2.0121567249298096,1800,0.0,0.0
1982-08-13 00:00:00-04:00,2.0121567249298096,2.1764144167608146,2.0121567249298096,2.0121567249298096,1700,0.0,0.0
1982-08-16 00:00:00-04:00,2.0121567249298096,2.1764144167608146,2.0121567249298096,2.0121567249298096,900,0.0,0.0
1982-08-17 00:00:00-04:00,2.0121567249298096,2.135349993803063,2.0121567249298096,2.0121567249298096,3200,0.0,0.0
1982-08-18 00:00:00-04:00,2.0532209873199463,2.217478666305542,2.0532209873199463,2.0532209873199463,6700,0.0,0.0
1982-08-19 00:00:00-04:00,2.1353511810302734,2.299608964186448,2.1353511810302734,2.1353511810302734,5400,0.0,0.0
1982-08-20 00:00:00-04:00,2.1353511810302734,2.299608964186448,2.1353511810302734,2.1353511810302734,4300,0.0,0.0
1982-08-23 00:00:00-04:00,2.1764159202575684,2.299609274234412,2.1764159202575684,2.1764159202575684,3500,0.0,0.0
1982-08-24 00:00:00-04:00,2.176416312946993,2.258545230416691,2.094287395477295,2.094287395477295,9000,0.0,0.0
1982-08-25 00:00:00-04:00,2.1353511810302734,2.299608964186448,2.1353511810302734,2.1353511810302734,4500,0.0,0.0
1982-08-26 00:00:00-04:00,2.1764159202575684,2.299609274234412,2.1764159202575684,2.1764159202575684,1100,0.0,0.0
1982-08-27 00:00:00-04:00,2.217479705810547,2.3817374617965132,2.217479705810547,2.217479705810547,2900,0.0,0.0
1982-08-30 00:00:00-04:00,2.2174803715831826,2.340673725560026,2.1764159202575684,2.1764159202575684,3700,0.0,0.0
1982-08-31 00:00:00-04:00,2.1764159202575684,2.340673725560026,2.1764159202575684,2.1764159202575684,4100,0.0,0.0
1982-09-01 00:00:00-04:00,2.1764159202575684,2.340673725560026,2.1764159202575684,2.1764159202575684,2900,0.0,0.0
1982-09-02 00:00:00-04:00,2.217479705810547,2.3406730228000217,2.217479705810547,2.217479705810547,2300,0.0,0.0
1982-09-03 00:00:00-04:00,2.217479705810547,2.3817374617965132,2.217479705810547,2.217479705810547,3300,0.0,0.0
1982-09-07 00:00:00-04:00,2.217479705810547,2.3817374617965132,2.217479705810547,2.217479705810547,3100,0.0,0.0
1982-09-08 00:00:00-04:00,2.217479705810547,2.3817374617965132,2.217479705810547,2.217479705810547,3400,0.0,0.0
1982-09-09 00:00:00-04:00,2.217479705810547,2.3817374617965132,2.217479705810547,2.217479705810547,3600,0.0,0.0
1982-09-10 00:00:00-04:00,2.217479705810547,2.3406730228000217,2.217479705810547,2.217479705810547,500,0.0,0.0
1982-09-13 00:00:00-04:00,2.299607753753662,2.4228010262761797,2.299607753753662,2.299607753753662,6800,0.0,0.0
1982-09-14 00:00:00-04:00,2.38173770904541,2.4638665955642174,2.38173770904541,2.38173770904541,9700,0.0,0.0
1982-09-15 00:00:00-04:00,2.38173770904541,2.504931038823621,2.38173770904541,2.38173770904541,9400,0.0,0.0
1982-09-16 00:00:00-04:00,2.38173770904541,2.504931038823621,2.38173770904541,2.38173770904541,6600,0.0,0.0
1982-09-17 00:00:00-04:00,2.4228034019470215,2.545996795266362,2.4228034019470215,2.4228034019470215,6100,0.0,0.0
1982-09-20 00:00:00-04:00,2.4228034019470215,2.4228034019470215,2.4228034019470215,2.4228034019470215,0,0.0,0.0
1982-09-21 00:00:00-04:00,2.4228034019470215,2.4228034019470215,2.4228034019470215,2.4228034019470215,0,0.0,0.0
1982-09-22 00:00:00-04:00,2.4228034019470215,2.4228034019470215,2.4228034019470215,2.4228034019470215,0,0.0,0.0
1982-09-23 00:00:00-04:00,2.4228034019470215,2.4228034019470215,2.4228034019470215,2.4228034019470215,0,0.0,0.0
1982-09-24 00:00:00-04:00,2.4228034019470215,2.4228034019470215,2.4228034019470215,2.4228034019470215,0,0.0,0.0
1982-09-27 00:00:00-04:00,2.4228034019470215,2.4228034019470215,2.4228034019470215,2.4228034019470215,0,0.0,0.0
1982-09-28 00:00:00-04:00,2.4228034019470215,2.4228034019470215,2.4228034019470215,2.4228034019470215,0,0.0,0.0
1982-09-29 00:00:00-04:00,2.4228034019470215,2.4228034019470215,2.4228034019470215,2.4228034019470215,0,0.0,0.0
1982-09-30 00:00:00-04:00,2.4228034019470215,2.4228034019470215,2.4228034019470215,2.4228034019470215,0,0.0,0.0
1982-10-01 00:00:00-04:00,2.4228020610972347,2.4228020610972347,2.3817376193837223,2.4022698402404785,5400,0.0,0.0
1982-10-04 00:00:00-04:00,2.4022698402404785,2.4228020610972347,2.3817376193837223,2.4022698402404785,1200,0.0,0.0
1982-10-05 00:00:00-04:00,2.4022698402404785,2.4022698402404785,2.4022698402404785,2.4022698402404785,2100,0.0,0.0
1982-10-06 00:00:00-04:00,2.4228022654851276,2.463866710662842,2.4228022654851276,2.463866710662842,2900,0.0,0.0
1982-10-07 00:00:00-04:00,2.463866710662842,2.5049311558405556,2.4228022654851276,2.463866710662842,7200,0.0,0.0
1982-10-08 00:00:00-04:00,2.463866710662842,2.463866710662842,2.463866710662842,2.463866710662842,2300,0.0,0.0
1982-10-11 00:00:00-04:00,2.463867043246742,2.525463719327911,2.4433348178863525,2.4433348178863525,9200,0.0,0.0
1982-10-12 00:00:00-04:00,2.4638656742316636,2.4843978881835938,2.4638656742316636,2.4843978881835938,6300,0.0,0.0
1982-10-13 00:00:00-04:00,2.4843989332516987,2.5049311558405556,2.463866710662842,2.463866710662842,7400,0.0,0.0
1982-10-14 00:00:00-04:00,2.463867043246742,2.484399268607132,2.4433348178863525,2.4433348178863525,5700,0.0,0.0
1982-10-15 00:00:00-04:00,2.443334488073985,2.4843989332516987,2.443334488073985,2.463866710662842,7100,0.0,0.0
1982-10-18 00:00:00-04:00,2.463866710662842,2.463866710662842,2.463866710662842,2.463866710662842,1200,0.0,0.0
1982-10-19 00:00:00-04:00,2.463867043246742,2.525463719327911,2.4433348178863525,2.4433348178863525,6600,0.0,0.0
1982-10-20 00:00:00-04:00,2.4433339921439567,2.5254628658294678,2.4433339921439567,2.5254628658294678,4100,0.0,0.0
1982-10-21 00:00:00-04:00,2.5049311558405556,2.5049311558405556,2.4228022654851276,2.463866710662842,7200,0.0,0.0
1982-10-22 00:00:00-04:00,2.443334281953991,2.443334281953991,2.4022698402404785,2.4022698402404785,3800,0.0,0.0
1982-10-25 00:00:00-04:00,2.4022698402404785,2.4022698402404785,2.3817376193837223,2.4022698402404785,3600,0.0,0.0
1982-10-26 00:00:00-04:00,2.3406721779278348,2.3406721779278348,2.299607753753662,2.299607753753662,3700,0.0,0.0
1982-10-27 00:00:00-04:00,2.299607753753662,2.3201399658407484,2.299607753753662,2.299607753753662,3600,0.0,0.0
1982-10-28 00:00:00-04:00,2.2996078353744367,2.32014004819028,2.2585434097427504,2.2790756225585938,4700,0.0,0.0
1982-10-29 00:00:00-04:00,2.2790756225585938,2.2790756225585938,2.2790756225585938,2.2790756225585938,800,0.0,0.0
1982-11-01 00:00:00-05:00,2.2790756225585938,2.2790756225585938,2.217478984111064,2.2790756225585938,5000,0.0,0.0
1982-11-02 00:00:00-05:00,2.2790756225585938,2.32014004819028,2.2380111969269074,2.2790756225585938,6700,0.0,0.0
1982-11-03 00:00:00-05:00,2.2790755416665758,2.299607753753662,2.25854332957949,2.299607753753662,7600,0.0,0.0
1982-11-04 00:00:00-05:00,2.299607753753662,2.3201399658407484,2.2380111174924036,2.299607753753662,17000,0.0,0.0
1982-11-05 00:00:00-05:00,2.320141044156305,2.4228021523048135,2.320141044156305,2.38173770904541,4500,0.0,0.0
1982-11-08 00:00:00-05:00,2.3817370085589653,2.402269224149991,2.3201403617858887,2.3201403617858887,3900,0.0,0.0
1982-11-09 00:00:00-05:00,2.3201403617858887,2.3406725773769144,2.3201403617858887,2.3201403617858887,1900,0.0,0.0
1982-11-10 00:00:00-05:00,2.34067317767021,2.4022698402404785,2.34067317767021,2.4022698402404785,5300,0.0,0.0
1982-11-11 00:00:00-05:00,2.4022705078124997,2.4022705078124997,2.340673828125,2.3612060546875,4600,0.0,0.0
1982-11-12 00:00:00-05:00,2.3612060546875,2.4022705078124997,2.340673828125,2.3612060546875,4900,0.0,0.0
1982-11-15 00:00:00-05:00,2.3612054874157082,2.4228021523048135,2.3612054874157082,2.38173770904541,4200,0.0,0.0
1982-11-16 00:00:00-05:00,2.38173770904541,2.402269930675112,2.3612054874157082,2.38173770904541,2000,0.0,0.0
1982-11-17 00:00:00-05:00,2.38173770904541,2.38173770904541,2.38173770904541,2.38173770904541,1100,0.0,0.0
1982-11-18 00:00:00-05:00,2.38173770904541,2.38173770904541,2.3406732657860063,2.38173770904541,6200,0.0,0.0
1982-11-19 00:00:00-05:00,2.3817371652837385,2.3817371652837385,2.340672731399536,2.340672731399536,8200,0.0,0.0
1982-11-22 00:00:00-05:00,2.3406725773769144,2.36120479296794,2.3201403617858887,2.3201403617858887,4000,0.0,0.0
1982-11-23 00:00:00-05:00,2.3201403617858887,2.36120479296794,2.3201403617858887,2.3201403617858887,5000,0.0,0.0
1982-11-24 00:00:00-05:00,2.3201416015625,2.3817382812499996,2.3201416015625,2.3612060546875,2500,0.0,0.0
1982-11-26 00:00:00-05:00,2.3612060546875,2.3817382812499996,2.340673828125,2.3612060546875,1300,0.0,0.0
1982-11-29 00:00:00-05:00,2.361205398526966,2.4022698402404785,2.34067317767021,2.4022698402404785,2500,0.0,0.0
1982-11-30 00:00:00-05:00,2.402269930675112,2.4228021523048135,2.38173770904541,2.38173770904541,6400,0.0,0.0
1982-12-01 00:00:00-05:00,2.3817382812499996,2.4433349609375,2.3612060546875,2.3612060546875,8300,0.0,0.0
1982-12-02 00:00:00-05:00,2.3612054874157082,2.38173770904541,2.3612054874157082,2.38173770904541,6100,0.0,0.0
1982-12-03 00:00:00-05:00,2.38173770904541,2.402269930675112,2.38173770904541,2.38173770904541,1800,0.0,0.0
1982-12-06 00:00:00-05:00,2.38173770904541,2.38173770904541,2.3612054874157082,2.38173770904541,2600,0.0,0.0
1982-12-07 00:00:00-05:00,2.38173770904541,2.38173770904541,2.3406732657860063,2.38173770904541,3000,0.0,0.0
1982-12-08 00:00:00-05:00,2.3612049483416375,2.3612049483416375,2.320140514457435,2.340672731399536,4500,0.0,0.0
1982-12-09 00:00:00-05:00,2.3406732657860063,2.38173770904541,2.3406732657860063,2.38173770904541,2700,0.0,0.0
1982-12-10 00:00:00-05:00,2.38173770904541,2.4228021523048135,2.3612054874157082,2.38173770904541,4300,0.0,0.0
1982-12-13 00:00:00-05:00,2.4022698402404785,2.443334281953991,2.4022698402404785,2.4022698402404785,2700,0.0,0.0
1982-12-14 00:00:00-05:00,2.4022698402404785,2.4228020610972347,2.34067317767021,2.4022698402404785,6200,0.0,0.0
1982-12-15 00:00:00-05:00,2.4022705078124997,2.4022705078124997,2.3201416015625,2.3612060546875,4100,0.0,0.0
1982-12-16 00:00:00-05:00,2.38173770904541,2.4228021523048135,2.38173770904541,2.38173770904541,3700,0.0,0.0
1982-12-17 00:00:00-05:00,2.3817389375072415,2.4228034019470215,2.3406744730674616,2.4228034019470215,4100,0.0,0.0
1982-12-20 00:00:00-05:00,2.4228021523048135,2.4228021523048135,2.38173770904541,2.38173770904541,2500,0.0,0.0
1982-12-21 00:00:00-05:00,2.38173770904541,2.4228021523048135,2.38173770904541,2.38173770904541,2600,0.0,0.0
1982-12-22 00:00:00-05:00,2.3817376193837223,2.4228020610972347,2.3817376193837223,2.4022698402404785,1200,0.0,0.0
1982-12-23 00:00:00-05:00,2.402268724363358,2.504929780960083,2.381736513044013,2.504929780960083,19700,0.0,0.0
1982-12-27 00:00:00-05:00,2.5049301021355244,2.5049301021355244,2.4638656742316636,2.4843978881835938,2300,0.0,0.0
1982-12-28 00:00:00-05:00,2.4843975696407377,2.504929780960083,2.4638653583213928,2.504929780960083,6000,0.0,0.0
1982-12-29 00:00:00-05:00,2.5254634515507015,2.6075923442840576,2.5254634515507015,2.6075923442840576,7500,0.0,0.0
1982-12-30 00:00:00-05:00,2.6075907548268633,2.6897195974985757,2.5665263334910073,2.6486551761627197,7000,0.0,0.0
1982-12-31 00:00:00-05:00,2.648656341162595,2.7102530002593994,2.6075919017647253,2.7102530002593994,3700,0.0,0.0
1983-01-03 00:00:00-05:00,2.710253460200753,2.710253460200753,2.5870601211007185,2.6075923442840576,5800,0.0,0.0
1983-01-04 00:00:00-05:00,2.6075908375568075,2.6075908375568075,2.504929780960083,2.504929780960083,3700,0.0,0.0
1983-01-05 00:00:00-05:00,2.504929701487223,2.6486551761627197,2.504929701487223,2.6486551761627197,12500,0.0,0.0
1983-01-06 00:00:00-05:00,2.648656640733991,2.648656640733991,2.58705997467041,2.58705997467041,4300,0.0,0.0
1983-01-07 00:00:00-05:00,2.587059521093601,2.6486561763577345,2.5254628658294678,2.5254628658294678,6200,0.0,0.0
1983-01-10 00:00:00-05:00,2.5254633086068288,2.607592196691604,2.4843988645644415,2.58705997467041,4600,0.0,0.0
1983-01-11 00:00:00-05:00,2.5870601211007185,2.6075923442840576,2.5254634515507015,2.6075923442840576,3800,0.0,0.0
1983-01-12 00:00:00-05:00,2.6075915433466434,2.6897204108536243,2.6075915433466434,2.6281237602233887,4600,0.0,0.0
1983-01-13 00:00:00-05:00,2.6281244408993323,2.6897211074829106,2.6281244408993323,2.68972110748291,7900,0.0,0.0
1983-01-14 00:00:00-05:00,2.6897201413538916,2.833445645090359,2.6691879265343963,2.751316785812378,11800,0.0,0.0
1983-01-17 00:00:00-05:00,2.751317439657269,2.812914098754074,2.7102530002593994,2.7102530002593994,6800,0.0,0.0
1983-01-18 00:00:00-05:00,2.7307846546173096,2.8129135164103114,2.7307846546173096,2.7307846546173096,4700,0.0,0.0
1983-01-19 00:00:00-05:00,2.7307852199583342,2.7923818790551387,2.7102530002593994,2.7102530002593994,7100,0.0,0.0
1983-01-20 00:00:00-05:00,2.710252492324166,2.83344578742981,2.710252492324166,2.8334457874298096,4100,0.0,0.0
1983-01-21 00:00:00-05:00,2.8334457318585615,2.8334457318585615,2.7307846546173096,2.7307846546173096,3000,0.0,0.0
1983-01-24 00:00:00-05:00,2.7307852199583342,2.751317439657269,2.6897207805604646,2.7102530002593994,5700,0.0,0.0
1983-01-25 00:00:00-05:00,2.7102533296774363,2.7307855518719624,2.6691888852883845,2.68972110748291,5500,0.0,0.0
1983-01-26 00:00:00-05:00,2.669188193976879,2.669188193976879,2.6281237602233887,2.6281237602233887,4100,0.0,0.0
1983-01-27 00:00:00-05:00,2.6281229654947915,2.6897195974985757,2.5870585441589355,2.6486551761627197,5400,0.0,0.0
1983-01-28 00:00:00-05:00,2.648656341162595,2.7102530002593994,2.648656341162595,2.7102530002593994,4900,0.0,0.0
1983-01-31 00:00:00-05:00,2.7102530002593994,2.7307852199583342,2.7102530002593994,2.7102530002593994,5200,0.0,0.0
1983-02-01 00:00:00-05:00,2.7102530002593994,2.751317439657269,2.7102530002593994,2.7102530002593994,4200,0.0,0.0
1983-02-02 00:00:00-05:00,2.7102530002593994,2.7307852199583342,2.7102530002593994,2.7102530002593994,1700,0.0,0.0
1983-02-03 00:00:00-05:00,2.7102530002593994,2.7102530002593994,2.7102530002593994,2.7102530002593994,4100,0.0,0.0
1983-02-04 00:00:00-05:00,2.7102522116440992,2.751316639093252,2.64865557047037,2.6691877841949463,6200,0.0,0.0
1983-02-07 00:00:00-05:00,2.66918856086153,2.751317439657269,2.66918856086153,2.7102530002593994,4300,0.0,0.0
1983-02-08 00:00:00-05:00,2.710252439169059,2.7307846546173096,2.669188008272558,2.7307846546173096,4100,0.0,0.0
1983-02-09 00:00:00-05:00,2.7307840188344317,2.75131622950236,2.6486551761627197,2.6486551761627197,4800,0.0,0.0
1983-02-10 00:00:00-05:00,2.64865557047037,2.6897199979195228,2.64865557047037,2.6691877841949463,2400,0.0,0.0
1983-02-11 00:00:00-05:00,2.6897211074829106,2.7513177740664885,2.6897211074829106,2.68972110748291,2900,0.0,0.0
1983-02-14 00:00:00-05:00,2.6897199979195228,2.7102522116440992,2.5870589292966404,2.6691877841949463,6500,0.0,0.0
1983-02-15 00:00:00-05:00,2.6691877841949463,2.6691877841949463,2.566526715572064,2.6691877841949463,5000,0.0,0.0
1983-02-16 00:00:00-05:00,2.669189013834075,2.710253460200753,2.56652789791738,2.6075923442840576,5500,0.0,0.0
1983-02-17 00:00:00-05:00,2.6281229654947915,2.6486551761627197,2.6281229654947915,2.6486551761627197,4900,0.0,0.0
1983-02-18 00:00:00-05:00,2.6281237602233887,2.6281237602233887,2.5870593264698982,2.6281237602233887,1800,0.0,0.0
1983-02-22 00:00:00-05:00,2.6281245674673968,2.6281245674673968,2.5459956747340406,2.6075923442840576,2900,0.0,0.0
1983-02-23 00:00:00-05:00,2.6075907548268633,2.6486551761627197,2.545994122823079,2.6486551761627197,5600,0.0,0.0
1983-02-24 00:00:00-05:00,2.648656640733991,2.6691888627551847,2.58705997467041,2.58705997467041,4600,0.0,0.0
1983-02-25 00:00:00-05:00,2.587059916988496,2.648656581678698,2.5459954738616943,2.5459954738616943,3800,0.0,0.0
1983-02-28 00:00:00-05:00,2.545995084250846,2.545995084250846,2.5254628658294678,2.5254628658294678,700,0.0,0.0
1983-03-01 00:00:00-05:00,2.5459955306280224,2.58705997467041,2.5459955306280224,2.58705997467041,1100,0.0,0.0
1983-03-02 00:00:00-05:00,2.5870601211007185,2.6075923442840576,2.5870601211007185,2.6075923442840576,2800,0.0,0.0
1983-03-03 00:00:00-05:00,2.6075921385518965,2.6075921385518965,2.4638665876080914,2.5459954738616943,6600,0.0,0.0
1983-03-04 00:00:00-05:00,2.5870585441589355,2.6486551761627197,2.5870585441589355,2.6486551761627197,6900,0.0,0.0
1983-03-07 00:00:00-05:00,2.6486551761627197,2.6691873868306475,2.5870585441589355,2.6486551761627197,2200,0.0,0.0
1983-03-08 00:00:00-05:00,2.6281245674673968,2.6281245674673968,2.5870601211007185,2.6075923442840576,1500,0.0,0.0
1983-03-09 00:00:00-05:00,2.6075917395149792,2.6075917395149792,2.5254628658294678,2.5254628658294678,6500,0.0,0.0
1983-03-10 00:00:00-05:00,2.5254628658294678,2.6075917395149792,2.5254628658294678,2.5254628658294678,5500,0.0,0.0
1983-03-11 00:00:00-05:00,2.525462316087455,2.5870589579432464,2.4843978881835938,2.4843978881835938,6600,0.0,0.0
1983-03-14 00:00:00-05:00,2.4843989332516987,2.4843989332516987,2.463866710662842,2.463866710662842,4800,0.0,0.0
1983-03-15 00:00:00-05:00,2.4638653583213928,2.504929780960083,2.422800935682703,2.504929780960083,5100,0.0,0.0
1983-03-16 00:00:00-05:00,2.5049301021355244,2.5049301021355244,2.4638656742316636,2.4843978881835938,3700,0.0,0.0
1983-03-17 00:00:00-05:00,2.4843975696407377,2.504929780960083,2.4638653583213928,2.504929780960083,3000,0.0,0.0
1983-03-18 00:00:00-05:00,2.50493064740809,2.545995084250846,2.4638662105653344,2.5254628658294678,8000,0.0,0.0
1983-03-21 00:00:00-05:00,2.525463632583618,2.566528081893921,2.525463632583618,2.566528081893921,3100,0.0,0.0
1983-03-22 00:00:00-05:00,2.566527695425095,2.6075921385518965,2.5459954738616943,2.5459954738616943,3100,0.0,0.0
1983-03-23 00:00:00-05:00,2.5870601211007185,2.6281245674673968,2.5870601211007185,2.6075923442840576,1400,0.0,0.0
1983-03-24 00:00:00-05:00,2.6075923442840576,2.6281245674673968,2.6075923442840576,2.6075923442840576,5200,0.0,0.0
1983-03-25 00:00:00-05:00,2.6075923442840576,2.6075923442840576,2.56652789791738,2.6075923442840576,6200,0.0,0.0
1983-03-28 00:00:00-05:00,2.6075923442840576,2.6281245674673968,2.6075923442840576,2.6075923442840576,2400,0.0,0.0
1983-03-29 00:00:00-05:00,2.6075923442840576,2.669189013834075,2.6075923442840576,2.6075923442840576,4200,0.0,0.0
1983-03-30 00:00:00-05:00,2.6075915433466434,2.6281237602233887,2.5459948927164078,2.6281237602233887,9500,0.0,0.0
1983-03-31 00:00:00-05:00,2.6281244408993323,2.6897211074829106,2.6281244408993323,2.68972110748291,2000,0.0,0.0
1983-04-04 00:00:00-05:00,2.7307847903592743,2.812913656234741,2.7307847903592743,2.812913656234741,10600,0.0,0.0
1983-04-05 00:00:00-05:00,2.812912861506144,2.8334450721740723,2.6486551761627197,2.6486551761627197,12500,0.0,0.0
1983-04-06 00:00:00-05:00,2.6075921385518965,2.6075921385518965,2.4228021444812895,2.5459954738616943,14800,0.0,0.0
1983-04-07 00:00:00-05:00,2.5459948927164078,2.669188193976879,2.5254626758396626,2.6281237602233887,10100,0.0,0.0
1983-04-08 00:00:00-05:00,2.6281237602233887,2.6281237602233887,2.6281237602233887,2.6281237602233887,1900,0.0,0.0
1983-04-11 00:00:00-05:00,2.587059916988496,2.587059916988496,2.5459954738616943,2.5459954738616943,2600,0.0,0.0
1983-04-12 00:00:00-05:00,2.545994203598773,2.545994203598773,2.504929780960083,2.504929780960083,1800,0.0,0.0
1983-04-13 00:00:00-05:00,2.504931086585635,2.58705997467041,2.504931086585635,2.58705997467041,7000,0.0,0.0
1983-04-14 00:00:00-05:00,2.607592218704806,2.6897211074829106,2.607592218704806,2.68972110748291,4600,0.0,0.0
1983-04-15 00:00:00-05:00,2.6897202237208084,2.7718490855138103,2.628123577376057,2.7307846546173096,4400,0.0,0.0
1983-04-18 00:00:00-05:00,2.730784844607115,2.7923814952373505,2.6281237602233887,2.6281237602233887,6600,0.0,0.0
1983-04-19 00:00:00-05:00,2.6486566630938584,2.6897211074829106,2.6486566630938584,2.68972110748291,6700,0.0,0.0
1983-04-20 00:00:00-05:00,2.6897199979195228,2.6897199979195228,2.6281233567457933,2.6691877841949463,4500,0.0,0.0
1983-04-21 00:00:00-05:00,2.6691888852883845,2.6897211074829106,2.6691888852883845,2.68972110748291,2800,0.0,0.0
1983-04-22 00:00:00-05:00,2.6897211074829106,2.6897211074829106,2.6486566630938584,2.68972110748291,4000,0.0,0.0
1983-04-25 00:00:00-04:00,2.6897204108536243,2.6897204108536243,2.6281237602233887,2.6281237602233887,3900,0.0,0.0
1983-04-26 00:00:00-04:00,2.6281229654947915,2.6897195974985757,2.6281229654947915,2.6486551761627197,3500,0.0,0.0
1983-04-27 00:00:00-04:00,2.6486551761627197,2.710251808166504,2.6281229654947915,2.6486551761627197,7500,0.0,0.0
1983-04-28 00:00:00-04:00,2.66918856086153,2.7102530002593994,2.66918856086153,2.7102530002593994,4200,0.0,0.0
1983-04-29 00:00:00-04:00,2.710252439169059,2.7307846546173096,2.6897202237208084,2.7307846546173096,3500,0.0,0.0
1983-05-02 00:00:00-04:00,2.7307844253686757,2.7307844253686757,2.6691877841949463,2.6691877841949463,3700,0.0,0.0
1983-05-03 00:00:00-04:00,2.66918856086153,2.7102530002593994,2.648656341162595,2.7102530002593994,7100,0.0,0.0
1983-05-04 00:00:00-04:00,2.751316785812378,2.7923812154513685,2.751316785812378,2.751316785812378,8600,0.0,0.0
1983-05-05 00:00:00-04:00,2.7513170068281414,2.853978089172475,2.7513170068281414,2.812913656234741,4200,0.0,0.0
1983-05-06 00:00:00-04:00,2.812913571578869,2.8539780032807505,2.812913571578869,2.8334457874298096,8500,0.0,0.0
1983-05-09 00:00:00-04:00,2.8334466715653734,2.9566400051116943,2.8334466715653734,2.9566400051116943,5500,0.0,0.0
1983-05-10 00:00:00-04:00,2.9566400968111477,3.0182367654947133,2.936107873916626,2.936107873916626,4900,0.0,0.0
1983-05-11 00:00:00-04:00,2.936106450217111,2.956638663155692,2.874509811401367,2.874509811401367,3100,0.0,0.0
1983-05-12 00:00:00-04:00,2.874509811401367,2.9155742372785296,2.8334453855242048,2.874509811401367,2600,0.0,0.0
1983-05-13 00:00:00-04:00,2.915573543623874,3.1208956241607666,2.915573543623874,3.1208956241607666,20000,0.0,0.0
1983-05-16 00:00:00-04:00,3.120897898802886,3.120897898802886,2.9771723376738057,3.038769006729126,21100,0.0,0.0
1983-05-17 00:00:00-04:00,3.038768467837817,3.038768467837817,2.997704029083252,2.997704029083252,3500,0.0,0.0
1983-05-18 00:00:00-04:00,2.9977045979993098,3.0387690445472453,2.977172374725342,2.977172374725342,5600,0.0,0.0
1983-05-19 00:00:00-04:00,2.9771708760942728,3.0387675149100164,2.874509811401367,2.874509811401367,5600,0.0,0.0
1983-05-20 00:00:00-04:00,2.8745101203381176,2.915574550628662,2.8539779051928456,2.915574550628662,1800,0.0,0.0
1983-05-23 00:00:00-04:00,2.915574550628662,2.9361067657739346,2.89504233548339,2.915574550628662,4600,0.0,0.0
1983-05-24 00:00:00-04:00,2.9155750663913027,3.0182361602783203,2.8539784100590917,3.0182361602783203,4100,0.0,0.0
1983-05-25 00:00:00-04:00,3.1208976795470793,3.244091009002885,3.1208976795470793,3.141429901123047,12300,0.0,0.0
1983-05-26 00:00:00-04:00,3.141429901123047,3.141429901123047,3.0593010148191766,3.141429901123047,3900,0.0,0.0
1983-05-27 00:00:00-04:00,3.1003635708491006,3.1003635708491006,3.038766943613688,3.07983136177063,3400,0.0,0.0
1983-05-31 00:00:00-04:00,3.0798329065923817,3.120897345346947,2.997704029083252,2.997704029083252,3600,0.0,0.0
1983-06-01 00:00:00-04:00,2.997703941500917,3.0182361602783203,2.9566395039461097,3.0182361602783203,5500,0.0,0.0
1983-06-02 00:00:00-04:00,3.0182345838923204,3.1208956241607666,2.997702375838631,3.1208956241607666,4000,0.0,0.0
1983-06-03 00:00:00-04:00,3.1208976795470793,3.1619621226990144,3.1003654579711117,3.141429901123047,3400,0.0,0.0
1983-06-06 00:00:00-04:00,3.141428232192993,3.2030248641967773,3.120896021525065,3.2030248641967773,3500,0.0,0.0
1983-06-07 00:00:00-04:00,3.203026863836473,3.2235590873226045,3.182494640350342,3.182494640350342,7100,0.0,0.0
1983-06-08 00:00:00-04:00,3.182494640350342,3.203026863836473,3.018236852461292,3.182494640350342,5700,0.0,0.0
1983-06-09 00:00:00-04:00,3.182492407162984,3.182492407162984,3.07983136177063,3.07983136177063,2100,0.0,0.0
1983-06-10 00:00:00-04:00,3.0798312080533883,3.1208956241607666,3.0182345838923204,3.1208956241607666,5300,0.0,0.0
1983-06-13 00:00:00-04:00,3.120897825662192,3.161962270736695,3.0798333805876896,3.1619622707366943,3900,0.0,0.0
1983-06-14 00:00:00-04:00,3.161962003515871,3.182494224317922,3.0593008995056152,3.0593008995056152,4500,0.0,0.0
1983-06-15 00:00:00-04:00,3.0593010148191766,3.1619621226990144,3.038768793243209,3.141429901123047,3600,0.0,0.0
1983-06-16 00:00:00-04:00,3.1208957799275714,3.1208957799275714,3.07983136177063,3.07983136177063,4300,0.0,0.0
1983-06-17 00:00:00-04:00,3.079833452766006,3.100365675784446,3.038769006729126,3.038769006729126,7900,0.0,0.0
1983-06-20 00:00:00-04:00,3.038769006729126,3.079833452766006,3.038769006729126,3.038769006729126,1500,0.0,0.0
1983-06-21 00:00:00-04:00,3.038768379055724,3.038768379055724,3.0182361602783203,3.0182361602783203,1700,0.0,0.0
1983-06-22 00:00:00-04:00,3.018236783710686,3.079833452766006,3.018236783710686,3.038769006729126,2900,0.0,0.0
1983-06-23 00:00:00-04:00,3.038768678703564,3.0798331203076663,3.018236457901513,3.0593008995056152,3500,0.0,0.0
1983-06-24 00:00:00-04:00,3.059301229747566,3.100365675784446,3.038769006729126,3.038769006729126,1800,0.0,0.0
1983-06-27 00:00:00-04:00,3.038769006729126,3.079833452766006,3.038769006729126,3.038769006729126,3500,0.0,0.0
1983-06-28 00:00:00-04:00,3.038768379055724,3.079832816610531,3.0182361602783203,3.0182361602783203,2100,0.0,0.0
1983-06-29 00:00:00-04:00,3.0182368212732777,3.0387690445472453,2.956640151451374,2.977172374725342,2000,0.0,0.0
1983-06-30 00:00:00-04:00,2.977171809705969,2.997704029083252,2.956639590328687,2.997704029083252,600,0.0,0.0
1983-07-01 00:00:00-04:00,2.9977045606922457,3.038769006729126,2.9977045606922457,3.038769006729126,3200,0.0,0.0
1983-07-05 00:00:00-04:00,3.0182362484605343,3.0182362484605343,2.997704029083252,2.997704029083252,1300,0.0,0.0
1983-07-06 00:00:00-04:00,2.997704029083252,2.997704029083252,2.997704029083252,2.997704029083252,1200,0.0,0.0
1983-07-07 00:00:00-04:00,2.997703941500917,3.038768379055724,2.9566395039461097,3.0182361602783203,2400,0.0,0.0
1983-07-08 00:00:00-04:00,2.9771712983863945,2.9771712983863945,2.83344578742981,2.8334457874298096,2500,0.0,0.0
1983-07-11 00:00:00-04:00,2.812913430270864,2.812913430270864,2.751316785812378,2.751316785812378,7900,0.0,0.0
1983-07-12 00:00:00-04:00,2.751318735234878,2.8745121114394245,2.751318735234878,2.7923831939697266,11500,0.0,0.0
1983-07-13 00:00:00-04:00,2.792381300962061,2.792381300962061,2.6897202237208084,2.7307846546173096,4700,0.0,0.0
1983-07-14 00:00:00-04:00,2.7307852199583342,2.771849659356204,2.7102530002593994,2.7102530002593994,4400,0.0,0.0
1983-07-15 00:00:00-04:00,2.710252439169059,2.7718490855138103,2.710252439169059,2.7307846546173096,1300,0.0,0.0
1983-07-18 00:00:00-04:00,2.771850964602302,2.7923831939697266,2.771850964602302,2.7923831939697266,4000,0.0,0.0
1983-07-19 00:00:00-04:00,2.792381272899161,2.8745101338667833,2.75131684241535,2.853977918624878,4500,0.0,0.0
1983-07-20 00:00:00-04:00,2.853979882072,2.8745121114394245,2.771850964602302,2.7923831939697266,5600,0.0,0.0
1983-07-21 00:00:00-04:00,2.7718490855138103,2.7718490855138103,2.628123577376057,2.7307846546173096,7000,0.0,0.0
1983-07-22 00:00:00-04:00,2.751316785812378,2.7923812154513685,2.751316785812378,2.751316785812378,4100,0.0,0.0
1983-07-25 00:00:00-04:00,2.7102522116440992,2.7102522116440992,2.64865557047037,2.6691877841949463,6000,0.0,0.0
1983-07-26 00:00:00-04:00,2.6691888852883845,2.7307855518719624,2.6486566630938584,2.68972110748291,1600,0.0,0.0
1983-07-27 00:00:00-04:00,2.6897207805604646,2.7307852199583342,2.6897207805604646,2.7102530002593994,2000,0.0,0.0
1983-07-28 00:00:00-04:00,2.710252439169059,2.7307846546173096,2.628123577376057,2.7307846546173096,6000,0.0,0.0
1983-07-29 00:00:00-04:00,2.7102522116440992,2.7102522116440992,2.6691877841949463,2.6691877841949463,1800,0.0,0.0
1983-08-01 00:00:00-04:00,2.6691873868306475,2.6897195974985757,2.6486551761627197,2.6486551761627197,3400,0.0,0.0
1983-08-02 00:00:00-04:00,2.64865557047037,2.6691877841949463,2.6281233567457933,2.6691877841949463,1200,0.0,0.0
1983-08-03 00:00:00-04:00,2.648655977100134,2.648655977100134,2.6075915433466434,2.6281237602233887,2100,0.0,0.0
1983-08-04 00:00:00-04:00,2.6281243601152973,2.6691888032420987,2.5459954738616943,2.5459954738616943,2700,0.0,0.0
1983-08-05 00:00:00-04:00,2.566526715572064,2.6691877841949463,2.566526715572064,2.6691877841949463,2000,0.0,0.0
1983-08-08 00:00:00-04:00,2.6691877841949463,2.6897199979195228,2.6691877841949463,2.6691877841949463,900,0.0,0.0
1983-08-09 00:00:00-04:00,2.6897211074829106,2.7513177740664885,2.6897211074829106,2.68972110748291,2800,0.0,0.0
1983-08-10 00:00:00-04:00,2.6897199979195228,2.7102522116440992,2.64865557047037,2.6691877841949463,2800,0.0,0.0
1983-08-11 00:00:00-04:00,2.6691877841949463,2.7102522116440992,2.6691877841949463,2.6691877841949463,1900,0.0,0.0
1983-08-12 00:00:00-04:00,2.6691877841949463,2.751316639093252,2.6691877841949463,2.6691877841949463,4400,0.0,0.0
1983-08-15 00:00:00-04:00,2.710252439169059,2.7513168700655597,2.710252439169059,2.7307846546173096,1600,0.0,0.0
1983-08-16 00:00:00-04:00,2.6897211074829106,2.6897211074829106,2.6691888852883845,2.68972110748291,3600,0.0,0.0
1983-08-17 00:00:00-04:00,2.6897207805604646,2.771849659356204,2.66918856086153,2.7102530002593994,4400,0.0,0.0
1983-08-18 00:00:00-04:00,2.7102522116440992,2.751316639093252,2.64865557047037,2.6691877841949463,2700,0.0,0.0
1983-08-19 00:00:00-04:00,2.669188193976879,2.669188193976879,2.6281237602233887,2.6281237602233887,120100,0.0,0.0
1983-08-22 00:00:00-04:00,2.6281244187127974,2.648656640733991,2.5459955306280224,2.58705997467041,26900,0.0,0.0
1983-08-23 00:00:00-04:00,2.58705997467041,2.6281244187127974,2.566527752649216,2.58705997467041,14500,0.0,0.0
1983-08-24 00:00:00-04:00,2.566527695425095,2.566527695425095,2.5254632522982936,2.5459954738616943,8500,0.0,0.0
1983-08-25 00:00:00-04:00,2.545995084250846,2.5665273026722235,2.5254628658294678,2.5254628658294678,7800,0.0,0.0
1983-08-26 00:00:00-04:00,2.5254634515507015,2.6281245674673968,2.5254634515507015,2.6075923442840576,8100,0.0,0.0
1983-08-29 00:00:00-04:00,2.5665273026722235,2.5665273026722235,2.50493064740809,2.5254628658294678,8200,0.0,0.0
1983-08-30 00:00:00-04:00,2.5254632522982936,2.566527695425095,2.484398809171492,2.5459954738616943,9300,0.0,0.0
1983-08-31 00:00:00-04:00,2.5459958572387698,2.5870603065490725,2.4843991832733154,2.566528081893921,13600,0.0,0.0
1983-09-01 00:00:00-04:00,2.566527109593153,2.6281237602233887,2.566527109593153,2.6281237602233887,4500,0.0,0.0
1983-09-02 00:00:00-04:00,2.6281244408993323,2.7102533296774363,2.58705999651028,2.68972110748291,11100,0.0,0.0
1983-09-06 00:00:00-04:00,2.689721084776379,2.689721084776379,2.58705997467041,2.58705997467041,5400,0.0,0.0
1983-09-07 00:00:00-04:00,2.6075923442840576,2.669189013834075,2.6075923442840576,2.6075923442840576,5400,0.0,0.0
1983-09-08 00:00:00-04:00,2.6281229654947915,2.6691873868306475,2.6281229654947915,2.6486551761627197,1100,0.0,0.0
1983-09-09 00:00:00-04:00,2.6486551761627197,2.6691873868306475,2.6281229654947915,2.6486551761627197,4200,0.0,0.0
1983-09-12 00:00:00-04:00,2.64865557047037,2.6691877841949463,2.64865557047037,2.6691877841949463,4600,0.0,0.0
1983-09-13 00:00:00-04:00,2.6691888852883845,2.6897211074829106,2.6691888852883845,2.68972110748291,1300,0.0,0.0
1983-09-14 00:00:00-04:00,2.6897204108536243,2.6897204108536243,2.6281237602233887,2.6281237602233887,5900,0.0,0.0
1983-09-15 00:00:00-04:00,2.6281233567457933,2.6897199979195228,2.6281233567457933,2.6691877841949463,4500,0.0,0.0
1983-09-16 00:00:00-04:00,2.669188008272558,2.7307846546173096,2.669188008272558,2.7307846546173096,7300,0.0,0.0
1983-09-19 00:00:00-04:00,2.7307846546173096,2.7307846546173096,2.6897202237208084,2.7307846546173096,1800,0.0,0.0
1983-09-20 00:00:00-04:00,2.7307846546173096,2.7513168700655597,2.6897202237208084,2.7307846546173096,4000,0.0,0.0
1983-09-21 00:00:00-04:00,2.7307844253686757,2.7923810665424056,2.6691877841949463,2.6691877841949463,8100,0.0,0.0
1983-09-22 00:00:00-04:00,2.6691873868306475,2.710251808166504,2.6486551761627197,2.6486551761627197,3700,0.0,0.0
1983-09-23 00:00:00-04:00,2.64865557047037,2.7102522116440992,2.6281233567457933,2.6691877841949463,5000,0.0,0.0
1983-09-26 00:00:00-04:00,2.669188008272558,2.7513168700655597,2.6486557928243077,2.7307846546173096,3900,0.0,0.0
1983-09-27 00:00:00-04:00,2.7307846546173096,2.7718490855138103,2.7307846546173096,2.7307846546173096,4400,0.0,0.0
1983-09-28 00:00:00-04:00,2.751316785812378,2.7718490006318732,2.751316785812378,2.751316785812378,3200,0.0,0.0
1983-09-29 00:00:00-04:00,2.7513168700655597,2.7513168700655597,2.7307846546173096,2.7307846546173096,4500,0.0,0.0
1983-09-30 00:00:00-04:00,2.7307846546173096,2.7718490855138103,2.7307846546173096,2.7307846546173096,1800,0.0,0.0
1983-10-03 00:00:00-04:00,2.7307847081751064,2.83344578742981,2.7307847081751064,2.8334457874298096,4600,0.0,0.0
1983-10-04 00:00:00-04:00,2.833445703382972,2.9361067795925,2.833445703382972,2.853977918624878,5500,0.0,0.0
1983-10-05 00:00:00-04:00,2.853977047805245,2.9361058837133096,2.8334448388282287,2.8950414657592773,9200,0.0,0.0
1983-10-06 00:00:00-04:00,2.8950425221102085,2.915574738579075,2.812913656234741,2.812913656234741,5800,0.0,0.0
1983-10-07 00:00:00-04:00,2.81291310345685,2.8539775283248336,2.7513164661548752,2.771848678588867,6000,0.0,0.0
1983-10-10 00:00:00-04:00,2.771850964602302,2.7923831939697266,2.751318735234878,2.7923831939697266,1600,0.0,0.0
1983-10-11 00:00:00-04:00,2.7923831939697266,2.8745121114394245,2.7923831939697266,2.7923831939697266,2800,0.0,0.0
1983-10-12 00:00:00-04:00,2.7923808910228587,2.8334453158908417,2.771848678588867,2.771848678588867,2000,0.0,0.0
1983-10-13 00:00:00-04:00,2.771848678588867,2.8334453158908417,2.771848678588867,2.771848678588867,1200,0.0,0.0
1983-10-14 00:00:00-04:00,2.792381272899161,2.8745101338667833,2.792381272899161,2.853977918624878,2400,0.0,0.0
1983-10-17 00:00:00-04:00,2.812913656234741,2.812913656234741,2.771849223297008,2.812913656234741,1300,0.0,0.0
1983-10-18 00:00:00-04:00,2.8129154233371514,2.8129154233371514,2.771850964602302,2.7923831939697266,1600,0.0,0.0
1983-10-19 00:00:00-04:00,2.7923831939697266,2.8129154233371514,2.751318735234878,2.7923831939697266,4900,0.0,0.0
1983-10-20 00:00:00-04:00,2.792381272899161,2.853977918624878,2.7718490576572554,2.853977918624878,4200,0.0,0.0
1983-10-21 00:00:00-04:00,2.8539780032807505,2.8539780032807505,2.812913571578869,2.8334457874298096,1300,0.0,0.0
1983-10-24 00:00:00-04:00,2.833445703382972,2.853977918624878,2.792381272899161,2.853977918624878,1700,0.0,0.0
1983-10-25 00:00:00-04:00,2.853978089172475,2.853978089172475,2.7923814397658746,2.812913656234741,3000,0.0,0.0
1983-10-26 00:00:00-04:00,2.751316785812378,2.751316785812378,2.6897201413538916,2.751316785812378,2500,0.0,0.0
1983-10-27 00:00:00-04:00,2.751318735234878,2.7923831939697266,2.6897220471326047,2.7923831939697266,2100,0.0,0.0
1983-10-28 00:00:00-04:00,2.7923831939697266,2.8129154233371514,2.751318735234878,2.7923831939697266,3100,0.0,0.0
1983-10-31 00:00:00-05:00,2.771849659356204,2.771849659356204,2.7102530002593994,2.7102530002593994,2800,0.0,0.0
1983-11-01 00:00:00-05:00,2.710254276500029,2.7923831939697266,2.710254276500029,2.7923831939697266,4300,0.0,0.0
1983-11-02 00:00:00-05:00,2.792381300962061,2.792381300962061,2.7307846546173096,2.7307846546173096,3500,0.0,0.0
1983-11-03 00:00:00-05:00,2.7307852199583342,2.771849659356204,2.7102530002593994,2.7102530002593994,3900,0.0,0.0
1983-11-04 00:00:00-05:00,2.710252439169059,2.7718490855138103,2.6897202237208084,2.7307846546173096,2500,0.0,0.0
1983-11-07 00:00:00-05:00,2.7307845709928826,2.751316785812378,2.7102523561733873,2.751316785812378,1100,0.0,0.0
1983-11-08 00:00:00-05:00,2.7513168700655597,2.7718490855138103,2.710252439169059,2.7307846546173096,1100,0.0,0.0
1983-11-09 00:00:00-05:00,2.7307865058674534,2.7923831939697266,2.7307865058674534,2.7923831939697266,3200,0.0,0.0
1983-11-10 00:00:00-05:00,2.7923814397658746,2.812913656234741,2.771849223297008,2.812913656234741,2300,0.0,0.0
1983-11-11 00:00:00-05:00,2.8129154233371514,2.8129154233371514,2.771850964602302,2.7923831939697266,3300,0.0,0.0
1983-11-14 00:00:00-05:00,2.792381300962061,2.792381300962061,2.7307846546173096,2.7307846546173096,900,0.0,0.0
1983-11-15 00:00:00-05:00,2.7307842537208837,2.7923808910228587,2.7307842537208837,2.771848678588867,2500,0.0,0.0
1983-11-16 00:00:00-05:00,2.771849659356204,2.771849659356204,2.7102530002593994,2.7102530002593994,2100,0.0,0.0
1983-11-17 00:00:00-05:00,2.7513164661548752,2.771848678588867,2.7513164661548752,2.771848678588867,1100,0.0,0.0
1983-11-18 00:00:00-05:00,2.751316785812378,2.751316785812378,2.7307845709928826,2.751316785812378,1200,0.0,0.0
1983-11-21 00:00:00-05:00,2.7513164661548752,2.7923808910228587,2.7513164661548752,2.771848678588867,3800,0.0,0.0
1983-11-22 00:00:00-05:00,2.7923831939697266,2.8129154233371514,2.7923831939697266,2.7923831939697266,3900,0.0,0.0
1983-11-23 00:00:00-05:00,2.812913571578869,2.83344578742981,2.812913571578869,2.8334457874298096,1600,0.0,0.0
1983-11-25 00:00:00-05:00,2.83344578742981,2.83344578742981,2.7923813557279287,2.8334457874298096,800,0.0,0.0
1983-11-28 00:00:00-05:00,2.8334476527045758,2.8334476527045758,2.7923831939697266,2.7923831939697266,2200,0.0,0.0
1983-11-29 00:00:00-05:00,2.7923813557279287,2.8539780032807505,2.7923813557279287,2.8334457874298096,1100,0.0,0.0
1983-11-30 00:00:00-05:00,2.8334476527045758,2.853979882072,2.771850964602302,2.7923831939697266,1200,0.0,0.0
1983-12-01 00:00:00-05:00,2.7923814397658746,2.8334458727036083,2.771849223297008,2.812913656234741,2100,0.0,0.0
1983-12-02 00:00:00-05:00,2.812913571578869,2.8539780032807505,2.812913571578869,2.8334457874298096,2400,0.0,0.0
1983-12-05 00:00:00-05:00,2.8334458727036083,2.853978089172475,2.771849223297008,2.812913656234741,2400,0.0,0.0
1983-12-06 00:00:00-05:00,2.83344578742981,2.83344578742981,2.83344578742981,2.8334457874298096,2100,0.0,0.0
1983-12-07 00:00:00-05:00,2.83344578742981,2.83344578742981,2.7923813557279287,2.8334457874298096,2900,0.0,0.0
1983-12-08 00:00:00-05:00,2.8334453158908417,2.8334453158908417,2.771848678588867,2.771848678588867,900,0.0,0.0
1983-12-09 00:00:00-05:00,2.771848678588867,2.8334453158908417,2.7513164661548752,2.771848678588867,1500,0.0,0.0
1983-12-12 00:00:00-05:00,2.7718499962610146,2.812914440650067,2.6897211074829106,2.68972110748291,3800,0.0,0.0
1983-12-13 00:00:00-05:00,2.6897198288529007,2.771848678588867,2.669187616418909,2.771848678588867,1900,0.0,0.0
1983-12-14 00:00:00-05:00,2.7513168700655597,2.7513168700655597,2.7307846546173096,2.7307846546173096,1100,0.0,0.0
1983-12-15 00:00:00-05:00,2.7307855518719624,2.7513177740664885,2.6897211074829106,2.68972110748291,3000,0.0,0.0
1983-12-16 00:00:00-05:00,2.6897207805604646,2.7307852199583342,2.6897207805604646,2.7102530002593994,1700,0.0,0.0
1983-12-19 00:00:00-05:00,2.710252439169059,2.7307846546173096,2.710252439169059,2.7307846546173096,1200,0.0,0.0
1983-12-20 00:00:00-05:00,2.7307845709928826,2.7718490006318732,2.7102523561733873,2.751316785812378,2900,0.0,0.0
1983-12-21 00:00:00-05:00,2.7513164661548752,2.771848678588867,2.669187616418909,2.771848678588867,5500,0.0,0.0
1983-12-22 00:00:00-05:00,2.771848678588867,2.771848678588867,2.7102520412868922,2.771848678588867,3200,0.0,0.0
1983-12-23 00:00:00-05:00,2.7307844253686757,2.7307844253686757,2.6691877841949463,2.6691877841949463,3800,0.0,0.0
1983-12-27 00:00:00-05:00,2.6691873868306475,2.710251808166504,2.6281229654947915,2.6486551761627197,5700,0.0,0.0
1983-12-28 00:00:00-05:00,2.6691877841949463,2.7102522116440992,2.6691877841949463,2.6691877841949463,3100,0.0,0.0
1983-12-29 00:00:00-05:00,2.6897201413538916,2.7718490006318732,2.6897201413538916,2.751316785812378,2500,0.0,0.0
1983-12-30 00:00:00-05:00,2.7513164661548752,2.771848678588867,2.7513164661548752,2.771848678588867,700,0.0,0.0
1984-01-03 00:00:00-05:00,2.771849659356204,2.7923818790551387,2.7102530002593994,2.7102530002593994,2700,0.0,0.0
1984-01-04 00:00:00-05:00,2.710254276500029,2.8129154233371514,2.710254276500029,2.7923831939697266,5000,0.0,0.0
1984-01-05 00:00:00-05:00,2.7923814397658746,2.853978089172475,2.7513170068281414,2.812913656234741,4200,0.0,0.0
1984-01-06 00:00:00-05:00,2.812913571578869,2.8539780032807505,2.7923813557279287,2.8334457874298096,2800,0.0,0.0
1984-01-09 00:00:00-05:00,2.8334458727036083,2.8745103056413415,2.812913656234741,2.812913656234741,5300,0.0,0.0
1984-01-10 00:00:00-05:00,2.833445703382972,2.8745101338667833,2.833445703382972,2.853977918624878,2600,0.0,0.0
1984-01-11 00:00:00-05:00,2.853978089172475,2.853978089172475,2.812913656234741,2.812913656234741,3300,0.0,0.0
1984-01-12 00:00:00-05:00,2.812913656234741,2.853978089172475,2.7923814397658746,2.812913656234741,5800,0.0,0.0
1984-01-13 00:00:00-05:00,2.812913571578869,2.83344578742981,2.812913571578869,2.8334457874298096,800,0.0,0.0
1984-01-16 00:00:00-05:00,2.83344578742981,2.83344578742981,2.7923813557279287,2.8334457874298096,2500,0.0,0.0
1984-01-17 00:00:00-05:00,2.8334476527045758,2.8334476527045758,2.7923831939697266,2.7923831939697266,3200,0.0,0.0
1984-01-18 00:00:00-05:00,2.7923814397658746,2.8334458727036083,2.7923814397658746,2.812913656234741,1500,0.0,0.0
1984-01-19 00:00:00-05:00,2.8129154233371514,2.8334476527045758,2.7923831939697266,2.7923831939697266,1600,0.0,0.0
1984-01-20 00:00:00-05:00,2.7923831939697266,2.8334476527045758,2.7923831939697266,2.7923831939697266,2600,0.0,0.0
1984-01-23 00:00:00-05:00,2.7923831939697266,2.8334476527045758,2.7923831939697266,2.7923831939697266,1700,0.0,0.0
1984-01-24 00:00:00-05:00,2.7923813557279287,2.8539780032807505,2.7923813557279287,2.8334457874298096,2900,0.0,0.0
1984-01-25 00:00:00-05:00,2.8334458727036083,2.8334458727036083,2.771849223297008,2.812913656234741,1600,0.0,0.0
1984-01-26 00:00:00-05:00,2.812913571578869,2.83344578742981,2.812913571578869,2.8334457874298096,2000,0.0,0.0
1984-01-27 00:00:00-05:00,2.8129154233371514,2.8129154233371514,2.771850964602302,2.7923831939697266,2500,0.0,0.0
1984-01-30 00:00:00-05:00,2.7923808910228587,2.8334453158908417,2.7307842537208837,2.771848678588867,4600,0.0,0.0
1984-01-31 00:00:00-05:00,2.771848678588867,2.771848678588867,2.7307842537208837,2.771848678588867,3500,0.0,0.0
1984-02-01 00:00:00-05:00,2.7307852199583342,2.7307852199583342,2.6897207805604646,2.7102530002593994,2800,0.0,0.0
1984-02-02 00:00:00-05:00,2.7102523561733873,2.751316785812378,2.7102523561733873,2.751316785812378,1600,0.0,0.0
1984-02-03 00:00:00-05:00,2.751318735234878,2.7923831939697266,2.751318735234878,2.7923831939697266,1400,0.0,0.0
1984-02-06 00:00:00-05:00,2.7718490006318732,2.7718490006318732,2.7307845709928826,2.751316785812378,2200,0.0,0.0
1984-02-07 00:00:00-05:00,2.7513164661548752,2.771848678588867,2.7307842537208837,2.771848678588867,900,0.0,0.0
1984-02-08 00:00:00-05:00,2.751316639093252,2.751316639093252,2.6691877841949463,2.6691877841949463,3500,0.0,0.0
1984-02-09 00:00:00-05:00,2.6281237602233887,2.6281237602233887,2.6075915433466434,2.6281237602233887,2700,0.0,0.0
1984-02-10 00:00:00-05:00,2.62812412146366,2.7307852199583342,2.62812412146366,2.7102530002593994,2000,0.0,0.0
1984-02-13 00:00:00-05:00,2.7102522116440992,2.7307844253686757,2.607591143021217,2.6691877841949463,3200,0.0,0.0
1984-02-14 00:00:00-05:00,2.6897211074829106,2.7307855518719624,2.6897211074829106,2.68972110748291,1100,0.0,0.0
1984-02-15 00:00:00-05:00,2.6897201413538916,2.751316785812378,2.6897201413538916,2.751316785812378,3600,0.0,0.0
1984-02-16 00:00:00-05:00,2.7307855518719624,2.7307855518719624,2.6897211074829106,2.68972110748291,1900,0.0,0.0
1984-02-17 00:00:00-05:00,2.6897201413538916,2.751316785812378,2.6897201413538916,2.751316785812378,2400,0.0,0.0
1984-02-21 00:00:00-05:00,2.751316639093252,2.751316639093252,2.6691877841949463,2.6691877841949463,3700,0.0,0.0
1984-02-22 00:00:00-05:00,2.66918856086153,2.7307852199583342,2.66918856086153,2.7102530002593994,3000,0.0,0.0
1984-02-23 00:00:00-05:00,2.7102533296774363,2.7102533296774363,2.6897211074829106,2.68972110748291,800,0.0,0.0
1984-02-24 00:00:00-05:00,2.6897202237208084,2.7718490855138103,2.669188008272558,2.7307846546173096,2000,0.0,0.0
1984-02-27 00:00:00-05:00,2.7307845709928826,2.751316785812378,2.7102523561733873,2.751316785812378,3700,0.0,0.0
1984-02-28 00:00:00-05:00,2.7513168700655597,2.7513168700655597,2.7307846546173096,2.7307846546173096,1400,0.0,0.0
1984-02-29 00:00:00-05:00,2.7307852199583342,2.751317439657269,2.7102530002593994,2.7102530002593994,1600,0.0,0.0
1984-03-01 00:00:00-05:00,2.7102520412868922,2.771848678588867,2.7102520412868922,2.771848678588867,3200,0.0,0.0
1984-03-02 00:00:00-05:00,2.771848678588867,2.7923808910228587,2.771848678588867,2.771848678588867,800,0.0,0.0
1984-03-05 00:00:00-05:00,2.7923831939697266,2.7923831939697266,2.7923831939697266,2.7923831939697266,800,0.0,0.0
1984-03-06 00:00:00-05:00,2.7923812154513685,2.7923812154513685,2.751316785812378,2.751316785812378,1700,0.0,0.0
1984-03-07 00:00:00-05:00,2.751316785812378,2.7718490006318732,2.7307845709928826,2.751316785812378,1300,0.0,0.0
1984-03-08 00:00:00-05:00,2.751316785812378,2.751316785812378,2.7307845709928826,2.751316785812378,4300,0.0,0.0
1984-03-09 00:00:00-05:00,2.751316785812378,2.751316785812378,2.7102523561733873,2.751316785812378,4000,0.0,0.0
1984-03-12 00:00:00-05:00,2.7513168700655597,2.7513168700655597,2.710252439169059,2.7307846546173096,2600,0.0,0.0
1984-03-13 00:00:00-05:00,2.7513164661548752,2.771848678588867,2.7513164661548752,2.771848678588867,1100,0.0,0.0
1984-03-14 00:00:00-05:00,2.771850964602302,2.853979882072,2.751318735234878,2.7923831939697266,6600,0.0,0.0
1984-03-15 00:00:00-05:00,2.7923813557279287,2.83344578742981,2.7923813557279287,2.8334457874298096,4900,0.0,0.0
1984-03-16 00:00:00-05:00,2.8334453855242048,2.874509811401367,2.8334453855242048,2.874509811401367,2600,0.0,0.0
1984-03-19 00:00:00-05:00,2.8745101338667833,2.8745101338667833,2.833445703382972,2.853977918624878,4600,0.0,0.0
1984-03-20 00:00:00-05:00,2.853979882072,2.8745121114394245,2.7923831939697266,2.7923831939697266,3500,0.0,0.0
1984-03-21 00:00:00-05:00,2.83344578742981,2.8539780032807505,2.83344578742981,2.8334457874298096,2600,0.0,0.0
1984-03-22 00:00:00-05:00,2.83344578742981,2.83344578742981,2.812913571578869,2.8334457874298096,400,0.0,0.0
1984-03-23 00:00:00-05:00,2.833445703382972,2.853977918624878,2.8129134881410667,2.853977918624878,800,0.0,0.0
1984-03-26 00:00:00-05:00,2.8539780032807505,2.895042434982632,2.83344578742981,2.8334457874298096,3600,0.0,0.0
1984-03-27 00:00:00-05:00,2.833445703382972,2.853977918624878,2.8129134881410667,2.853977918624878,2300,0.0,0.0
1984-03-28 00:00:00-05:00,2.8539780032807505,2.8539780032807505,2.812913571578869,2.8334457874298096,2300,0.0,0.0
1984-03-29 00:00:00-05:00,2.8334458727036083,2.8334458727036083,2.812913656234741,2.812913656234741,700,0.0,0.0
1984-03-30 00:00:00-05:00,2.812913656234741,2.8334458727036083,2.812913656234741,2.812913656234741,1400,0.0,0.0
1984-04-02 00:00:00-05:00,2.812913656234741,2.853978089172475,2.812913656234741,2.812913656234741,4900,0.0,0.0
1984-04-03 00:00:00-05:00,2.8129154233371514,2.8129154233371514,2.7923831939697266,2.7923831939697266,1700,0.0,0.0
1984-04-04 00:00:00-05:00,2.7923808910228587,2.8334453158908417,2.771848678588867,2.771848678588867,3500,0.0,0.0
1984-04-05 00:00:00-05:00,2.771848678588867,2.81291310345685,2.771848678588867,2.771848678588867,1300,0.0,0.0
1984-04-06 00:00:00-05:00,2.771848678588867,2.771848678588867,2.7307842537208837,2.771848678588867,5300,0.0,0.0
1984-04-09 00:00:00-05:00,2.7718490006318732,2.7718490006318732,2.751316785812378,2.751316785812378,1000,0.0,0.0
1984-04-10 00:00:00-05:00,2.751318735234878,2.7923831939697266,2.7307865058674534,2.7923831939697266,2300,0.0,0.0
1984-04-11 00:00:00-05:00,2.7923814397658746,2.8334458727036083,2.771849223297008,2.812913656234741,2400,0.0,0.0
1984-04-12 00:00:00-05:00,2.812913474902301,2.915574550628662,2.7923812597570286,2.915574550628662,3000,0.0,0.0
1984-04-13 00:00:00-05:00,2.874509811401367,2.874509811401367,2.853977598462786,2.874509811401367,1400,0.0,0.0
1984-04-16 00:00:00-05:00,2.8745101338667833,2.8745101338667833,2.833445703382972,2.853977918624878,800,0.0,0.0
1984-04-17 00:00:00-05:00,2.853978089172475,2.853978089172475,2.812913656234741,2.812913656234741,1000,0.0,0.0
1984-04-18 00:00:00-05:00,2.812913430270864,2.8539778599098544,2.751316785812378,2.751316785812378,1700,0.0,0.0
1984-04-19 00:00:00-05:00,2.751316785812378,2.7923812154513685,2.7102523561733873,2.751316785812378,3400,0.0,0.0
1984-04-23 00:00:00-05:00,2.7923831939697266,2.853979882072,2.7923831939697266,2.7923831939697266,3000,0.0,0.0
1984-04-24 00:00:00-05:00,2.7923831939697266,2.7923831939697266,2.771850964602302,2.7923831939697266,700,0.0,0.0
1984-04-25 00:00:00-05:00,2.7923813557279287,2.83344578742981,2.7923813557279287,2.8334457874298096,2200,0.0,0.0
1984-04-26 00:00:00-05:00,2.833445703382972,2.853977918624878,2.833445703382972,2.853977918624878,3800,0.0,0.0
1984-04-27 00:00:00-05:00,2.853977918624878,2.8745101338667833,2.853977918624878,2.853977918624878,900,0.0,0.0
1984-04-30 00:00:00-04:00,2.812913656234741,2.812913656234741,2.7513170068281414,2.812913656234741,3000,0.0,0.0
1984-05-01 00:00:00-04:00,2.8129154233371514,2.8334476527045758,2.751318735234878,2.7923831939697266,2500,0.0,0.0
1984-05-02 00:00:00-04:00,2.7923831939697266,2.7923831939697266,2.771850964602302,2.7923831939697266,9300,0.0,0.0
1984-05-03 00:00:00-04:00,2.7923812154513685,2.7923812154513685,2.751316785812378,2.751316785812378,3900,0.0,0.0
1984-05-04 00:00:00-04:00,2.7513164661548752,2.771848678588867,2.7513164661548752,2.771848678588867,2000,0.0,0.0
1984-05-07 00:00:00-04:00,2.771848678588867,2.771848678588867,2.771848678588867,2.771848678588867,2300,0.0,0.0
1984-05-08 00:00:00-04:00,2.7718490855138103,2.7718490855138103,2.7307846546173096,2.7307846546173096,2500,0.0,0.0
1984-05-09 00:00:00-04:00,2.7307852199583342,2.751317439657269,2.7102530002593994,2.7102530002593994,8000,0.0,0.0
1984-05-10 00:00:00-04:00,2.7307846546173096,2.7513168700655597,2.7307846546173096,2.7307846546173096,4300,0.0,0.0
1984-05-11 00:00:00-04:00,2.7307846546173096,2.7513168700655597,2.669188008272558,2.7307846546173096,7100,0.0,0.0
1984-05-14 00:00:00-04:00,2.6897195974985757,2.6897195974985757,2.6486551761627197,2.6486551761627197,1700,0.0,0.0
1984-05-15 00:00:00-04:00,2.648656790650736,2.669189013834075,2.5870601211007185,2.6075923442840576,5100,0.0,0.0
1984-05-16 00:00:00-04:00,2.6281229654947915,2.6691873868306475,2.6281229654947915,2.6486551761627197,1400,0.0,0.0
1984-05-17 00:00:00-04:00,2.6281245674673968,2.6281245674673968,2.6075923442840576,2.6075923442840576,3800,0.0,0.0
1984-05-18 00:00:00-04:00,2.6075915433466434,2.648655977100134,2.6075915433466434,2.6281237602233887,1500,0.0,0.0
1984-05-21 00:00:00-04:00,2.6281243601152973,2.6281243601152973,2.5459954738616943,2.5459954738616943,2200,0.0,0.0
1984-05-22 00:00:00-04:00,2.56652789791738,2.6281245674673968,2.56652789791738,2.6075923442840576,1400,0.0,0.0
1984-05-23 00:00:00-04:00,2.6075915433466434,2.6281237602233887,2.5870593264698982,2.6281237602233887,5800,0.0,0.0
1984-05-24 00:00:00-04:00,2.6281244187127974,2.6281244187127974,2.58705997467041,2.58705997467041,1500,0.0,0.0
1984-05-25 00:00:00-04:00,2.566528081893921,2.566528081893921,2.566528081893921,2.566528081893921,1000,0.0,0.0
1984-05-29 00:00:00-04:00,2.566527695425095,2.587059916988496,2.5459954738616943,2.5459954738616943,1300,0.0,0.0
1984-05-30 00:00:00-04:00,2.5459958572387698,2.566528081893921,2.5459958572387698,2.566528081893921,2300,0.0,0.0
1984-05-31 00:00:00-04:00,2.566527752649216,2.58705997467041,2.5254633086068288,2.58705997467041,4100,0.0,0.0
1984-06-01 00:00:00-04:00,2.58705997467041,2.607592196691604,2.5459955306280224,2.58705997467041,900,0.0,0.0
1984-06-04 00:00:00-04:00,2.587059521093601,2.6075917395149792,2.5254628658294678,2.5254628658294678,6200,0.0,0.0
1984-06-05 00:00:00-04:00,2.5254632522982936,2.587059916988496,2.5254632522982936,2.5459954738616943,3700,0.0,0.0
1984-06-06 00:00:00-04:00,2.525462316087455,2.525462316087455,2.4843978881835938,2.4843978881835938,4100,0.0,0.0
1984-06-07 00:00:00-04:00,2.50493064740809,2.545995084250846,2.50493064740809,2.5254628658294678,3700,0.0,0.0
1984-06-08 00:00:00-04:00,2.525462316087455,2.525462316087455,2.4843978881835938,2.4843978881835938,2600,0.0,0.0
1984-06-11 00:00:00-04:00,2.4843978881835938,2.5049301021355244,2.4843978881835938,2.4843978881835938,3000,0.0,0.0
1984-06-12 00:00:00-04:00,2.504929780960083,2.525461992279428,2.504929780960083,2.504929780960083,4600,0.0,0.0
1984-06-13 00:00:00-04:00,2.5254632522982936,2.5459954738616943,2.5254632522982936,2.5459954738616943,5000,0.0,0.0
1984-06-14 00:00:00-04:00,2.545995084250846,2.587059521093601,2.5254628658294678,2.5254628658294678,5200,0.0,0.0
1984-06-15 00:00:00-04:00,2.5459958572387698,2.5870603065490725,2.5459958572387698,2.566528081893921,2700,0.0,0.0
1984-06-18 00:00:00-04:00,2.566528081893921,2.566528081893921,2.504931407928467,2.566528081893921,2000,0.0,0.0
1984-06-19 00:00:00-04:00,2.5870601211007185,2.6075923442840576,2.5870601211007185,2.6075923442840576,4200,0.0,0.0
1984-06-20 00:00:00-04:00,2.6075925312042236,2.6075925312042236,2.566528081893921,2.566528081893921,2600,0.0,0.0
1984-06-21 00:00:00-04:00,2.56652789791738,2.6075923442840576,2.5459956747340406,2.6075923442840576,1700,0.0,0.0
1984-06-22 00:00:00-04:00,2.58705997467041,2.58705997467041,2.58705997467041,2.58705997467041,300,0.0,0.0
1984-06-25 00:00:00-04:00,2.58705997467041,2.6281244187127974,2.58705997467041,2.58705997467041,1300,0.0,0.0
1984-06-26 00:00:00-04:00,2.6281233567457933,2.6691877841949463,2.6281233567457933,2.6691877841949463,2700,0.0,0.0
1984-06-27 00:00:00-04:00,2.6691877841949463,2.6691877841949463,2.64865557047037,2.6691877841949463,1000,0.0,0.0
1984-06-28 00:00:00-04:00,2.66918856086153,2.7102530002593994,2.648656341162595,2.7102530002593994,1800,0.0,0.0
1984-06-29 00:00:00-04:00,2.710252439169059,2.7307846546173096,2.710252439169059,2.7307846546173096,800,0.0,0.0
1984-07-02 00:00:00-04:00,2.7102526277303696,2.7102526277303696,2.6281237602233887,2.6281237602233887,2700,0.0,0.0
1984-07-03 00:00:00-04:00,2.607592196691604,2.607592196691604,2.58705997467041,2.58705997467041,3400,0.0,0.0
1984-07-05 00:00:00-04:00,2.587059916988496,2.587059916988496,2.5459954738616943,2.5459954738616943,3300,0.0,0.0
1984-07-06 00:00:00-04:00,2.5459958572387698,2.6075925312042236,2.5459958572387698,2.566528081893921,3500,0.0,0.0
1984-07-09 00:00:00-04:00,2.566527695425095,2.587059916988496,2.5459954738616943,2.5459954738616943,3200,0.0,0.0
1984-07-10 00:00:00-04:00,2.545995084250846,2.6075917395149792,2.5254628658294678,2.5254628658294678,5500,0.0,0.0
1984-07-11 00:00:00-04:00,2.525461992279428,2.5665264149181177,2.504929780960083,2.504929780960083,4000,0.0,0.0
1984-07-12 00:00:00-04:00,2.5049301021355244,2.525462316087455,2.4843978881835938,2.4843978881835938,4000,0.0,0.0
1984-07-13 00:00:00-04:00,2.504931030734893,2.587059916988496,2.504931030734893,2.5459954738616943,4300,0.0,0.0
1984-07-16 00:00:00-04:00,2.545994203598773,2.5870586262374626,2.504929780960083,2.504929780960083,4300,0.0,0.0
1984-07-17 00:00:00-04:00,2.5459955306280224,2.58705997467041,2.5459955306280224,2.58705997467041,3100,0.0,0.0
1984-07-18 00:00:00-04:00,2.6075907548268633,2.6897195974985757,2.6075907548268633,2.6486551761627197,5500,0.0,0.0
1984-07-19 00:00:00-04:00,2.6281237602233887,2.6281237602233887,2.6075915433466434,2.6281237602233887,1000,0.0,0.0
1984-07-20 00:00:00-04:00,2.6281237602233887,2.6281237602233887,2.6281237602233887,2.6281237602233887,4400,0.0,0.0
1984-07-23 00:00:00-04:00,2.628124755859375,2.628124755859375,2.566528081893921,2.566528081893921,3700,0.0,0.0
1984-07-24 00:00:00-04:00,2.5870589292966404,2.6691877841949463,2.5870589292966404,2.6691877841949463,2900,0.0,0.0
1984-07-25 00:00:00-04:00,2.6075923442840576,2.6075923442840576,2.56652789791738,2.6075923442840576,2000,0.0,0.0
1984-07-26 00:00:00-04:00,2.6075915433466434,2.6281237602233887,2.6075915433466434,2.6281237602233887,1000,0.0,0.0
1984-07-27 00:00:00-04:00,2.669188008272558,2.7307846546173096,2.669188008272558,2.7307846546173096,3300,0.0,0.0
1984-07-30 00:00:00-04:00,2.7307846546173096,2.7513168700655597,2.710252439169059,2.7307846546173096,3100,0.0,0.0
1984-07-31 00:00:00-04:00,2.7307855518719624,2.7307855518719624,2.6897211074829106,2.68972110748291,1600,0.0,0.0
1984-08-01 00:00:00-04:00,2.6897207805604646,2.7102530002593994,2.66918856086153,2.7102530002593994,2400,0.0,0.0
1984-08-02 00:00:00-04:00,2.7102523561733873,2.751316785812378,2.7102523561733873,2.751316785812378,2300,0.0,0.0
1984-08-03 00:00:00-04:00,2.751317439657269,2.751317439657269,2.7102530002593994,2.7102530002593994,7200,0.0,0.0
1984-08-06 00:00:00-04:00,2.7102530002593994,2.751317439657269,2.7102530002593994,2.7102530002593994,3900,0.0,0.0
1984-08-07 00:00:00-04:00,2.7102530002593994,2.7307852199583342,2.6897207805604646,2.7102530002593994,5200,0.0,0.0
1984-08-08 00:00:00-04:00,2.7102533296774363,2.7307855518719624,2.6897211074829106,2.68972110748291,7500,0.0,0.0
1984-08-09 00:00:00-04:00,2.6897207805604646,2.7307852199583342,2.6897207805604646,2.7102530002593994,2800,0.0,0.0
1984-08-10 00:00:00-04:00,2.7307846546173096,2.7718490855138103,2.7307846546173096,2.7307846546173096,4100,0.0,0.0
1984-08-13 00:00:00-04:00,2.7307852199583342,2.751317439657269,2.7102530002593994,2.7102530002593994,4300,0.0,0.0
1984-08-14 00:00:00-04:00,2.7102520412868922,2.7923808910228587,2.7102520412868922,2.771848678588867,8400,0.0,0.0
1984-08-15 00:00:00-04:00,2.771848678588867,2.81291310345685,2.7513164661548752,2.771848678588867,5100,0.0,0.0
1984-08-16 00:00:00-04:00,2.771848678588867,2.81291310345685,2.771848678588867,2.771848678588867,1900,0.0,0.0
1984-08-17 00:00:00-04:00,2.771850964602302,2.7923831939697266,2.771850964602302,2.7923831939697266,3100,0.0,0.0
1984-08-20 00:00:00-04:00,2.7923808910228587,2.7923808910228587,2.771848678588867,2.771848678588867,2800,0.0,0.0
1984-08-21 00:00:00-04:00,2.771850964602302,2.7923831939697266,2.7307865058674534,2.7923831939697266,3400,0.0,0.0
1984-08-22 00:00:00-04:00,2.7923814397658746,2.812913656234741,2.771849223297008,2.812913656234741,7700,0.0,0.0
1984-08-23 00:00:00-04:00,2.812913656234741,2.8334458727036083,2.771849223297008,2.812913656234741,2900,0.0,0.0
1984-08-24 00:00:00-04:00,2.8129154233371514,2.8129154233371514,2.7923831939697266,2.7923831939697266,2200,0.0,0.0
1984-08-27 00:00:00-04:00,2.7923813557279287,2.83344578742981,2.7923813557279287,2.8334457874298096,1400,0.0,0.0
1984-08-28 00:00:00-04:00,2.83344578742981,2.8539780032807505,2.812913571578869,2.8334457874298096,2000,0.0,0.0
1984-08-29 00:00:00-04:00,2.8334458727036083,2.853978089172475,2.812913656234741,2.812913656234741,1800,0.0,0.0
1984-08-30 00:00:00-04:00,2.8129134881410667,2.853977918624878,2.792381272899161,2.853977918624878,3600,0.0,0.0
1984-08-31 00:00:00-04:00,2.853977918624878,2.853977918624878,2.8129134881410667,2.853977918624878,2100,0.0,0.0
1984-09-04 00:00:00-04:00,2.853978089172475,2.853978089172475,2.812913656234741,2.812913656234741,3700,0.0,0.0
1984-09-05 00:00:00-04:00,2.81291310345685,2.81291310345685,2.771848678588867,2.771848678588867,3500,0.0,0.0
1984-09-06 00:00:00-04:00,2.771849223297008,2.853978089172475,2.771849223297008,2.812913656234741,5800,0.0,0.0
1984-09-07 00:00:00-04:00,2.8129154233371514,2.853979882072,2.7923831939697266,2.7923831939697266,3400,0.0,0.0
1984-09-10 00:00:00-04:00,2.7718490855138103,2.7718490855138103,2.7307846546173096,2.7307846546173096,3900,0.0,0.0
1984-09-11 00:00:00-04:00,2.7513164661548752,2.7923808910228587,2.7513164661548752,2.771848678588867,4500,0.0,0.0
1984-09-12 00:00:00-04:00,2.7718490006318732,2.7923812154513685,2.751316785812378,2.751316785812378,5700,0.0,0.0
1984-09-13 00:00:00-04:00,2.751316785812378,2.7923812154513685,2.751316785812378,2.751316785812378,4300,0.0,0.0
1984-09-14 00:00:00-04:00,2.771850964602302,2.8129154233371514,2.771850964602302,2.7923831939697266,4800,0.0,0.0
1984-09-17 00:00:00-04:00,2.7923808910228587,2.7923808910228587,2.7307842537208837,2.771848678588867,9100,0.0,0.0
1984-09-18 00:00:00-04:00,2.771850964602302,2.8129154233371514,2.771850964602302,2.7923831939697266,5500,0.0,0.0
1984-09-19 00:00:00-04:00,2.7923808910228587,2.81291310345685,2.7513164661548752,2.771848678588867,2400,0.0,0.0
1984-09-20 00:00:00-04:00,2.771848678588867,2.771848678588867,2.7307842537208837,2.771848678588867,3300,0.0,0.0
1984-09-21 00:00:00-04:00,2.771848678588867,2.7923808910228587,2.7513164661548752,2.771848678588867,2900,0.0,0.0
1984-09-24 00:00:00-04:00,2.771849223297008,2.812913656234741,2.7307847903592743,2.812913656234741,6000,0.0,0.0
1984-09-25 00:00:00-04:00,2.8129154233371514,2.853979882072,2.7923831939697266,2.7923831939697266,2800,0.0,0.0
1984-09-26 00:00:00-04:00,2.7923808910228587,2.7923808910228587,2.771848678588867,2.771848678588867,2500,0.0,0.0
1984-09-27 00:00:00-04:00,2.771848678588867,2.7923808910228587,2.771848678588867,2.771848678588867,2400,0.0,0.0
1984-09-28 00:00:00-04:00,2.771849223297008,2.812913656234741,2.771849223297008,2.812913656234741,5700,0.0,0.0
1984-10-01 00:00:00-04:00,2.812913571578869,2.8539780032807505,2.812913571578869,2.8334457874298096,700,0.0,0.0
1984-10-02 00:00:00-04:00,2.8334458727036083,2.853978089172475,2.812913656234741,2.812913656234741,4200,0.0,0.0
1984-10-03 00:00:00-04:00,2.8129154233371514,2.8334476527045758,2.7923831939697266,2.7923831939697266,4500,0.0,0.0
1984-10-04 00:00:00-04:00,2.7923808910228587,2.81291310345685,2.771848678588867,2.771848678588867,3500,0.0,0.0
1984-10-05 00:00:00-04:00,2.7718490855138103,2.792381300962061,2.7307846546173096,2.7307846546173096,5200,0.0,0.0
1984-10-08 00:00:00-04:00,2.7307852199583342,2.771849659356204,2.7102530002593994,2.7102530002593994,6500,0.0,0.0
1984-10-09 00:00:00-04:00,2.7307842537208837,2.7923808910228587,2.7307842537208837,2.771848678588867,3500,0.0,0.0
1984-10-10 00:00:00-04:00,2.771848678588867,2.81291310345685,2.771848678588867,2.771848678588867,3800,0.0,0.0
1984-10-11 00:00:00-04:00,2.771848678588867,2.81291310345685,2.771848678588867,2.771848678588867,2900,0.0,0.0
1984-10-12 00:00:00-04:00,2.771849659356204,2.7923818790551387,2.7102530002593994,2.7102530002593994,7100,0.0,0.0
1984-10-15 00:00:00-04:00,2.7102530002593994,2.7307852199583342,2.7102530002593994,2.7102530002593994,3400,0.0,0.0
1984-10-16 00:00:00-04:00,2.7307842537208837,2.771848678588867,2.7307842537208837,2.771848678588867,2000,0.0,0.0
1984-10-17 00:00:00-04:00,2.771848678588867,2.7923808910228587,2.7307842537208837,2.771848678588867,4700,0.0,0.0
1984-10-18 00:00:00-04:00,2.771850964602302,2.8129154233371514,2.7307865058674534,2.7923831939697266,6300,0.0,0.0
1984-10-19 00:00:00-04:00,2.833445703382972,2.853977918624878,2.833445703382972,2.853977918624878,3400,0.0,0.0
1984-10-22 00:00:00-04:00,2.853977918624878,2.895042349108689,2.833445703382972,2.853977918624878,4400,0.0,0.0
1984-10-23 00:00:00-04:00,2.8539788938230934,2.9566400051116943,2.8334466715653734,2.9566400051116943,5700,0.0,0.0
1984-10-24 00:00:00-04:00,2.95663979549536,3.0798331203076663,2.95663979549536,3.0593008995056152,12000,0.0,0.0
1984-10-25 00:00:00-04:00,3.0387690445472453,3.0387690445472453,2.956640151451374,2.977172374725342,7000,0.0,0.0
1984-10-26 00:00:00-04:00,2.915574550628662,2.915574550628662,2.8539779051928456,2.915574550628662,1600,0.0,0.0
1984-10-29 00:00:00-05:00,2.9155745643505946,2.9361067795925,2.833445703382972,2.853977918624878,3000,0.0,0.0
1984-10-30 00:00:00-05:00,2.853977918624878,2.895042349108689,2.8129134881410667,2.853977918624878,6100,0.0,0.0
1984-10-31 00:00:00-05:00,2.853977918624878,2.9155745643505946,2.853977918624878,2.853977918624878,1900,0.0,0.0
1984-11-01 00:00:00-05:00,2.853978982338538,2.936107873916626,2.853978982338538,2.936107873916626,6100,0.0,0.0
1984-11-02 00:00:00-05:00,2.936106450217111,2.936106450217111,2.874509811401367,2.874509811401367,5100,0.0,0.0
1984-11-05 00:00:00-05:00,2.874509811401367,2.9155742372785296,2.874509811401367,2.874509811401367,4700,0.0,0.0
1984-11-06 00:00:00-05:00,2.8950414657592773,2.956638092690326,2.8950414657592773,2.8950414657592773,5500,0.0,0.0
1984-11-07 00:00:00-05:00,2.8950420243399484,2.936106450217111,2.874509811401367,2.874509811401367,5100,0.0,0.0
1984-11-08 00:00:00-05:00,2.8745121114394245,2.8745121114394245,2.7923831939697266,2.7923831939697266,6500,0.0,0.0
1984-11-09 00:00:00-05:00,2.7923831939697266,2.895044340806849,2.7923831939697266,2.7923831939697266,4600,0.0,0.0
1984-11-12 00:00:00-05:00,2.7923812154513685,2.7923812154513685,2.751316785812378,2.751316785812378,4100,0.0,0.0
1984-11-13 00:00:00-05:00,2.7513164661548752,2.81291310345685,2.7513164661548752,2.771848678588867,4000,0.0,0.0
1984-11-14 00:00:00-05:00,2.7718490006318732,2.7923812154513685,2.751316785812378,2.751316785812378,5700,0.0,0.0
1984-11-15 00:00:00-05:00,2.7513164661548752,2.81291310345685,2.7513164661548752,2.771848678588867,5400,0.0,0.0
1984-11-16 00:00:00-05:00,2.812913571578869,2.895042434982632,2.812913571578869,2.8334457874298096,4400,0.0,0.0
1984-11-19 00:00:00-05:00,2.8539788938230934,2.9566400051116943,2.8539788938230934,2.9566400051116943,9000,0.0,0.0
1984-11-20 00:00:00-05:00,2.9566400051116943,2.9566400051116943,2.936107782853974,2.9566400051116943,3000,0.0,0.0
1984-11-21 00:00:00-05:00,2.9566389809192066,2.997703411209751,2.915574550628662,2.915574550628662,4900,0.0,0.0
1984-11-23 00:00:00-05:00,2.936107782853974,2.9566400051116943,2.936107782853974,2.9566400051116943,9200,0.0,0.0
1984-11-26 00:00:00-05:00,2.9566400051116943,2.9566400051116943,2.9566400051116943,2.9566400051116943,3000,0.0,0.0
1984-11-27 00:00:00-05:00,2.9566400968111477,2.9566400968111477,2.915575651022104,2.936107873916626,1800,0.0,0.0
1984-11-28 00:00:00-05:00,2.936107873916626,2.9566400968111477,2.8745112052330604,2.936107873916626,7700,0.0,0.0
1984-11-29 00:00:00-05:00,2.9361058837133096,2.9361058837133096,2.8745092567822614,2.8950414657592773,2400,0.0,0.0
1984-11-30 00:00:00-05:00,2.895044340806849,2.895044340806849,2.7307865058674534,2.7923831939697266,10000,0.0,0.0
1984-12-03 00:00:00-05:00,2.7923831939697266,2.7923831939697266,2.771850964602302,2.7923831939697266,14800,0.0,0.0
1984-12-04 00:00:00-05:00,2.812913571578869,2.8539780032807505,2.812913571578869,2.8334457874298096,5000,0.0,0.0
1984-12-05 00:00:00-05:00,2.8334458727036083,2.8745103056413415,2.812913656234741,2.812913656234741,8500,0.0,0.0
1984-12-06 00:00:00-05:00,2.83344578742981,2.874510219131691,2.83344578742981,2.8334457874298096,7000,0.0,0.0
1984-12-07 00:00:00-05:00,2.8334458727036083,2.8745103056413415,2.812913656234741,2.812913656234741,5300,0.0,0.0
1984-12-10 00:00:00-05:00,2.812913656234741,2.8745103056413415,2.812913656234741,2.812913656234741,5300,0.0,0.0
1984-12-11 00:00:00-05:00,2.8129154233371514,2.8745121114394245,2.7923831939697266,2.7923831939697266,7700,0.0,0.0
1984-12-12 00:00:00-05:00,2.812913656234741,2.853978089172475,2.812913656234741,2.812913656234741,6700,0.0,0.0
1984-12-13 00:00:00-05:00,2.8129154233371514,2.853979882072,2.7923831939697266,2.7923831939697266,5500,0.0,0.0
1984-12-14 00:00:00-05:00,2.812913656234741,2.853978089172475,2.812913656234741,2.812913656234741,6100,0.0,0.0
1984-12-17 00:00:00-05:00,2.8129154233371514,2.853979882072,2.771850964602302,2.7923831939697266,29800,0.0,0.0
1984-12-18 00:00:00-05:00,2.853977598462786,2.8950420243399484,2.853977598462786,2.874509811401367,10100,0.0,0.0
1984-12-19 00:00:00-05:00,2.8950414657592773,2.9155736747362937,2.8950414657592773,2.8950414657592773,8000,0.0,0.0
1984-12-20 00:00:00-05:00,2.915575651022104,2.936107873916626,2.915575651022104,2.936107873916626,14000,0.0,0.0
1984-12-21 00:00:00-05:00,2.9361067657739346,2.9566389809192066,2.89504233548339,2.915574550628662,6400,0.0,0.0
1984-12-24 00:00:00-05:00,2.936107782853974,2.9771722273694143,2.936107782853974,2.9566400051116943,12400,0.0,0.0
1984-12-26 00:00:00-05:00,2.9566400051116943,2.9771722273694143,2.9566400051116943,2.9566400051116943,1400,0.0,0.0
1984-12-27 00:00:00-05:00,2.9566400968111477,2.9771723197056694,2.895043428127582,2.936107873916626,6400,0.0,0.0
1984-12-28 00:00:00-05:00,2.936107873916626,2.9566400968111477,2.936107873916626,2.936107873916626,1900,0.0,0.0
1984-12-31 00:00:00-05:00,2.936107873916626,2.9566400968111477,2.936107873916626,2.936107873916626,4200,0.0,0.0
1985-01-02 00:00:00-05:00,2.936107873916626,2.9566400968111477,2.936107873916626,2.936107873916626,6000,0.0,0.0
1985-01-03 00:00:00-05:00,2.936107873916626,2.9566400968111477,2.936107873916626,2.936107873916626,5300,0.0,0.0
1985-01-04 00:00:00-05:00,2.936107873916626,2.9566400968111477,2.915575651022104,2.936107873916626,10800,0.0,0.0
1985-01-07 00:00:00-05:00,2.936107873916626,2.9771723197056694,2.936107873916626,2.936107873916626,7700,0.0,0.0
1985-01-08 00:00:00-05:00,2.936107873916626,2.9771723197056694,2.936107873916626,2.936107873916626,5400,0.0,0.0
1985-01-09 00:00:00-05:00,2.936107873916626,2.9566400968111477,2.936107873916626,2.936107873916626,7800,0.0,0.0
1985-01-10 00:00:00-05:00,2.936107782853974,2.9771722273694143,2.936107782853974,2.9566400051116943,7900,0.0,0.0
1985-01-11 00:00:00-05:00,2.956640151451374,2.9977045979993098,2.956640151451374,2.977172374725342,7800,0.0,0.0
1985-01-14 00:00:00-05:00,2.9771722273694143,2.9977044496271343,2.9566400051116943,2.9566400051116943,7100,0.0,0.0
1985-01-15 00:00:00-05:00,2.9566400051116943,2.9977044496271343,2.9566400051116943,2.9566400051116943,7800,0.0,0.0
1985-01-16 00:00:00-05:00,2.9566400051116943,2.9977044496271343,2.9566400051116943,2.9566400051116943,10300,0.0,0.0
1985-01-17 00:00:00-05:00,2.9566400051116943,2.9566400051116943,2.9566400051116943,2.9566400051116943,5400,0.0,0.0
1985-01-18 00:00:00-05:00,2.9566400051116943,2.9566400051116943,2.9566400051116943,2.9566400051116943,6600,0.0,0.0
1985-01-21 00:00:00-05:00,2.9566400051116943,2.9566400051116943,2.9566400051116943,2.9566400051116943,3500,0.0,0.0
1985-01-22 00:00:00-05:00,2.9566400051116943,2.9566400051116943,2.936107782853974,2.9566400051116943,10300,0.0,0.0
1985-01-23 00:00:00-05:00,2.9566400051116943,2.9977044496271343,2.9566400051116943,2.9566400051116943,4300,0.0,0.0
1985-01-24 00:00:00-05:00,2.977171809705969,2.997704029083252,2.977171809705969,2.997704029083252,6500,0.0,0.0
1985-01-25 00:00:00-05:00,2.997703941500917,3.0182361602783203,2.9771717227235133,3.0182361602783203,7500,0.0,0.0
1985-01-28 00:00:00-05:00,2.9977044496271343,2.9977044496271343,2.9566400051116943,2.9566400051116943,7200,0.0,0.0
1985-01-29 00:00:00-05:00,2.9566400051116943,2.9977044496271343,2.936107782853974,2.9566400051116943,4500,0.0,0.0
1985-01-30 00:00:00-05:00,2.9566400051116943,2.9566400051116943,2.915575560596254,2.9566400051116943,5700,0.0,0.0
1985-01-31 00:00:00-05:00,2.9566389809192066,2.9566389809192066,2.915574550628662,2.915574550628662,4200,0.0,0.0
1985-02-01 00:00:00-05:00,2.915575651022104,2.936107873916626,2.915575651022104,2.936107873916626,2300,0.0,0.0
1985-02-04 00:00:00-05:00,2.9361058837133096,2.956638092690326,2.8950414657592773,2.8950414657592773,6800,0.0,0.0
1985-02-05 00:00:00-05:00,2.8950420243399484,2.936106450217111,2.874509811401367,2.874509811401367,6800,0.0,0.0
1985-02-06 00:00:00-05:00,2.8745101203381176,2.9361067657739346,2.8745101203381176,2.915574550628662,6000,0.0,0.0
1985-02-07 00:00:00-05:00,3.1208976795470793,3.2235587874269176,3.1208976795470793,3.141429901123047,87000,0.0,0.0
1985-02-08 00:00:00-05:00,3.1619624168642106,3.264623534294867,3.1619624168642106,3.182494640350342,41200,0.0,0.0
1985-02-11 00:00:00-05:00,3.203026917330019,3.3056880364752117,3.203026917330019,3.2235591411590576,37600,0.0,0.0
1985-02-12 00:00:00-05:00,3.2235591411590576,3.264623588817135,3.2235591411590576,3.2235591411590576,25900,0.0,0.0
1985-02-13 00:00:00-05:00,3.2235591411590576,3.264623588817135,3.2235591411590576,3.2235591411590576,19600,0.0,0.0
1985-02-14 00:00:00-05:00,3.2235590873226045,3.2235590873226045,3.182494640350342,3.182494640350342,22200,0.0,0.0
1985-02-15 00:00:00-05:00,3.1824922483218345,3.2030244563755237,3.1208956241607666,3.1208956241607666,23500,0.0,0.0
1985-02-19 00:00:00-05:00,3.141429901123047,3.1619621226990144,3.141429901123047,3.141429901123047,11900,0.0,0.0
1985-02-20 00:00:00-05:00,3.1414300481994433,3.161962270736695,3.1414300481994433,3.1619622707366943,22700,0.0,0.0
1985-02-21 00:00:00-05:00,3.161962270736695,3.161962270736695,3.1414300481994433,3.1619622707366943,11400,0.0,0.0
1985-02-22 00:00:00-05:00,3.161962270736695,3.161962270736695,3.1414300481994433,3.1619622707366943,8300,0.0,0.0
1985-02-25 00:00:00-05:00,3.161960040268145,3.161960040268145,3.1003634161070774,3.1208956241607666,11200,0.0,0.0
1985-02-26 00:00:00-05:00,3.1208956241607666,3.1208956241607666,3.1003634161070774,3.1208956241607666,9000,0.0,0.0
1985-02-27 00:00:00-05:00,3.1208957799275714,3.1208957799275714,3.07983136177063,3.07983136177063,11700,0.0,0.0
1985-02-28 00:00:00-05:00,3.0798334159598446,3.10036563873291,3.0798334159598446,3.10036563873291,14100,0.0,0.0
1985-03-01 00:00:00-05:00,3.10036563873291,3.10036563873291,3.0798334159598446,3.10036563873291,18600,0.0,0.0
1985-03-04 00:00:00-05:00,3.1003653411097174,3.120897561911769,3.0593008995056152,3.0593008995056152,44800,0.0,0.0
1985-03-05 00:00:00-05:00,3.1208976795470793,3.244091009002885,3.1208976795470793,3.141429901123047,65900,0.0,0.0
1985-03-06 00:00:00-05:00,3.2030258842661414,3.264622535886644,3.2030258842661414,3.2440903186798096,68600,0.0,0.0
1985-03-07 00:00:00-05:00,3.2440913649880962,3.264623588817135,3.2235591411590576,3.2235591411590576,47900,0.0,0.0
1985-03-08 00:00:00-05:00,3.2851544004498106,3.42887990546949,3.2851544004498106,3.387815475463867,43700,0.0,0.0
1985-03-11 00:00:00-05:00,3.387815475463867,3.490476550477924,3.387815475463867,3.387815475463867,37500,0.0,0.0
1985-03-12 00:00:00-05:00,3.408347997836724,3.490476865254476,3.408347997836724,3.428880214691162,34200,0.0,0.0
1985-03-13 00:00:00-05:00,3.428880300866552,3.4904769529779274,3.4083480834960938,3.4083480834960938,27500,0.0,0.0
1985-03-14 00:00:00-05:00,3.408347997836724,3.490476865254476,3.408347997836724,3.428880214691162,28100,0.0,0.0
1985-03-15 00:00:00-05:00,3.428880300866552,3.4904769529779274,3.4083480834960938,3.4083480834960938,21600,0.0,0.0
1985-03-18 00:00:00-05:00,3.4494117872249443,3.5110084262825327,3.4494117872249443,3.4699440002441406,26300,0.0,0.0
1985-03-19 00:00:00-05:00,3.469944074139957,3.5110085010528564,3.469944074139957,3.5110085010528564,22300,0.0,0.0
1985-03-20 00:00:00-05:00,3.5110084262825327,3.5110084262825327,3.4494117872249443,3.4699440002441406,19900,0.0,0.0
1985-03-21 00:00:00-05:00,3.46994400024414,3.5726050653401207,3.46994400024414,3.4699440002441406,40200,0.0,0.0
1985-03-22 00:00:00-05:00,3.46994400024414,3.46994400024414,3.4494117872249443,3.4699440002441406,32000,0.0,0.0
1985-03-25 00:00:00-05:00,3.469944074139957,3.5110085010528564,3.3878152203141596,3.5110085010528564,19500,0.0,0.0
1985-03-26 00:00:00-05:00,3.5110081822373145,3.5520726054213765,3.4904759706452833,3.5315403938293457,25400,0.0,0.0
1985-03-27 00:00:00-05:00,3.531539365735357,3.552071571350097,3.5110071601206165,3.5520715713500977,12300,0.0,0.0
1985-03-28 00:00:00-05:00,3.5520729279657552,3.5520729279657552,3.4288796472270584,3.5110085010528564,12800,0.0,0.0
1985-03-29 00:00:00-05:00,3.5110085010528564,3.5315407145093056,3.449411860683508,3.5110085010528564,14700,0.0,0.0
1985-04-01 00:00:00-05:00,3.5110085010528564,3.5520729279657552,3.469944074139957,3.5110085010528564,22500,0.0,0.0
1985-04-02 00:00:00-05:00,3.5110083439770863,3.531540556514964,3.4904761314392085,3.490476131439209,9400,0.0,0.0
1985-04-03 00:00:00-05:00,3.490476865254476,3.5315412989633526,3.428880214691162,3.428880214691162,14300,0.0,0.0
1985-04-04 00:00:00-05:00,3.449411392211914,3.469943602879842,3.449411392211914,3.449411392211914,19100,0.0,0.0
1985-04-08 00:00:00-05:00,3.46994400024414,3.5110084262825327,3.46994400024414,3.4699440002441406,9200,0.0,0.0
1985-04-09 00:00:00-05:00,3.469943602879842,3.5110080242156982,3.449411392211914,3.449411392211914,10800,0.0,0.0
1985-04-10 00:00:00-05:00,3.449411392211914,3.5110080242156982,3.449411392211914,3.449411392211914,12100,0.0,0.0
1985-04-11 00:00:00-05:00,3.449411392211914,3.5110080242156982,3.449411392211914,3.449411392211914,11600,0.0,0.0
1985-04-12 00:00:00-05:00,3.449411392211914,3.49047581354777,3.449411392211914,3.449411392211914,7800,0.0,0.0
1985-04-15 00:00:00-05:00,3.46994400024414,3.5110084262825327,3.46994400024414,3.4699440002441406,6300,0.0,0.0
1985-04-16 00:00:00-05:00,3.469943918901331,3.5110083439770863,3.469943918901331,3.490476131439209,7100,0.0,0.0
1985-04-17 00:00:00-05:00,3.4904761314392085,3.5110083439770863,3.469943918901331,3.490476131439209,11200,0.0,0.0
1985-04-18 00:00:00-05:00,3.490476287596407,3.5110085010528564,3.469944074139957,3.5110085010528564,6700,0.0,0.0
1985-04-19 00:00:00-05:00,3.5110085010528564,3.5110085010528564,3.490476287596407,3.5110085010528564,17200,0.0,0.0
1985-04-22 00:00:00-05:00,3.5110085010528564,3.5110085010528564,3.469944074139957,3.5110085010528564,8300,0.0,0.0
1985-04-23 00:00:00-05:00,3.5110085010528564,3.5315407145093056,3.5110085010528564,3.5110085010528564,2500,0.0,0.0
1985-04-24 00:00:00-05:00,3.5110084262825327,3.5315406393017286,3.46994400024414,3.4699440002441406,9200,0.0,0.0
1985-04-25 00:00:00-05:00,3.449411392211914,3.449411392211914,3.38781476020813,3.449411392211914,13700,0.0,0.0
1985-04-26 00:00:00-05:00,3.449411392211914,3.449411392211914,3.4083469708760576,3.449411392211914,6400,0.0,0.0
1985-04-29 00:00:00-04:00,3.4494125182370103,3.4494125182370103,3.387815866125635,3.4083480834960938,4900,0.0,0.0
1985-04-30 00:00:00-04:00,3.4083476904666785,3.4083476904666785,3.367283260461056,3.387815475463867,7100,0.0,0.0
1985-05-01 00:00:00-04:00,3.3672842390743303,3.3672842390743303,3.3056875761644338,3.3262197971343994,4200,0.0,0.0
1985-05-02 00:00:00-04:00,3.326219496130943,3.3467517152428625,3.2851550579071045,3.2851550579071045,8700,0.0,0.0
1985-05-03 00:00:00-04:00,3.285154753093478,3.346751404713981,3.2440903186798096,3.2440903186798096,9100,0.0,0.0
1985-05-06 00:00:00-04:00,3.2440903186798096,3.3056869703003127,3.2440903186798096,3.2440903186798096,7000,0.0,0.0
1985-05-07 00:00:00-04:00,3.244088872482902,3.2851532885902808,3.1208956241607666,3.1208956241607666,19300,0.0,0.0
1985-05-08 00:00:00-04:00,3.1208956241607666,3.1824922483218345,3.1208956241607666,3.1208956241607666,13000,0.0,0.0
1985-05-09 00:00:00-04:00,3.1208956241607666,3.1824922483218345,3.1208956241607666,3.1208956241607666,8200,0.0,0.0
1985-05-10 00:00:00-04:00,3.1208956241607666,3.1824922483218345,3.1208956241607666,3.1208956241607666,19500,0.0,0.0
1985-05-13 00:00:00-04:00,3.141429901123047,3.1824943442749825,3.141429901123047,3.141429901123047,11400,0.0,0.0
1985-05-14 00:00:00-04:00,3.1414278322144558,3.1824922483218345,3.1208956241607666,3.1208956241607666,7600,0.0,0.0
1985-05-15 00:00:00-04:00,3.161962270736695,3.2440911608856995,3.161962270736695,3.1619622707366943,10400,0.0,0.0
1985-05-16 00:00:00-04:00,3.203025634244362,3.3056867122650146,3.203025634244362,3.3056867122650146,7800,0.0,0.0
1985-05-17 00:00:00-04:00,3.3056869966438014,3.4083480834960938,3.264622561902885,3.4083480834960938,7200,0.0,0.0
1985-05-20 00:00:00-04:00,3.4083480166225897,3.449412450557802,3.367283582687378,3.367283582687378,14200,0.0,0.0
1985-05-21 00:00:00-04:00,3.367283582687378,3.428880233590196,3.367283582687378,3.367283582687378,12400,0.0,0.0
1985-05-22 00:00:00-04:00,3.3672836487551767,3.4083480834960938,3.3672836487551767,3.4083480834960938,201700,0.0,0.0
1985-05-23 00:00:00-04:00,3.4083480166225897,3.4083480166225897,3.367283582687378,3.367283582687378,59800,0.0,0.0
1985-05-24 00:00:00-04:00,3.367283260461056,3.42887990546949,3.326218830455433,3.387815475463867,32400,0.0,0.0
1985-05-28 00:00:00-04:00,3.387815866125635,3.428880300866552,3.387815866125635,3.4083480834960938,13900,0.0,0.0
1985-05-29 00:00:00-04:00,3.408347997836724,3.469944648400038,3.408347997836724,3.428880214691162,22500,0.0,0.0
1985-05-30 00:00:00-04:00,3.428879181543986,3.449411392211914,3.428879181543986,3.449411392211914,13000,0.0,0.0
1985-05-31 00:00:00-04:00,3.4494124315456,3.4494124315456,3.408347997836724,3.428880214691162,20200,0.0,0.0
1985-06-03 00:00:00-04:00,3.428880300866552,3.4494125182370103,3.4083480834960938,3.4083480834960938,12800,0.0,0.0
1985-06-04 00:00:00-04:00,3.4083476904666785,3.42887990546949,3.387815475463867,3.387815475463867,14700,0.0,0.0
1985-06-05 00:00:00-04:00,3.4083480834960938,3.4494125182370103,3.4083480834960938,3.4083480834960938,28400,0.0,0.0
1985-06-06 00:00:00-04:00,3.4083480166225897,3.449412450557802,3.367283582687378,3.367283582687378,22500,0.0,0.0
1985-06-07 00:00:00-04:00,3.4083480834960938,3.428880300866552,3.4083480834960938,3.4083480834960938,19100,0.0,0.0
1985-06-10 00:00:00-04:00,3.4083476904666785,3.42887990546949,3.387815475463867,3.387815475463867,20000,0.0,0.0
1985-06-11 00:00:00-04:00,3.4083480834960938,3.428880300866552,3.4083480834960938,3.4083480834960938,25500,0.0,0.0
1985-06-12 00:00:00-04:00,3.4083480834960938,3.4494125182370103,3.4083480834960938,3.4083480834960938,22800,0.0,0.0
1985-06-13 00:00:00-04:00,3.4083476904666785,3.449412120472301,3.387815475463867,3.387815475463867,18000,0.0,0.0
1985-06-14 00:00:00-04:00,3.428880214691162,3.469944648400038,3.428880214691162,3.428880214691162,18000,0.0,0.0
1985-06-17 00:00:00-04:00,3.428880214691162,3.4494124315456,3.428880214691162,3.428880214691162,17100,0.0,0.0
1985-06-18 00:00:00-04:00,3.428880300866552,3.4494125182370103,3.4083480834960938,3.4083480834960938,30200,0.0,0.0
1985-06-19 00:00:00-04:00,3.428879574205748,3.46994400024414,3.428879574205748,3.4699440002441406,12100,0.0,0.0
1985-06-20 00:00:00-04:00,3.469943602879842,3.49047581354777,3.428879181543986,3.449411392211914,32100,0.0,0.0
1985-06-21 00:00:00-04:00,3.4494117872249443,3.46994400024414,3.4494117872249443,3.4699440002441406,12700,0.0,0.0
1985-06-24 00:00:00-04:00,3.46994400024414,3.46994400024414,3.4083473611865522,3.4699440002441406,11800,0.0,0.0
1985-06-25 00:00:00-04:00,3.469943602879842,3.469943602879842,3.428879181543986,3.449411392211914,14600,0.0,0.0
1985-06-26 00:00:00-04:00,3.449411392211914,3.449411392211914,3.4083469708760576,3.449411392211914,15800,0.0,0.0
1985-06-27 00:00:00-04:00,3.449411392211914,3.449411392211914,3.428879181543986,3.449411392211914,15000,0.0,0.0
1985-06-28 00:00:00-04:00,3.4494117063634535,3.4904761314392085,3.4288794938255758,3.490476131439209,18900,0.0,0.0
1985-07-01 00:00:00-04:00,3.49047581354777,3.49047581354777,3.428879181543986,3.449411392211914,15900,0.0,0.0
1985-07-02 00:00:00-04:00,3.449411392211914,3.469943602879842,3.449411392211914,3.449411392211914,18500,0.0,0.0
1985-07-03 00:00:00-04:00,3.4494117063634535,3.4904761314392085,3.4494117063634535,3.490476131439209,19200,0.0,0.0
1985-07-05 00:00:00-04:00,3.449411392211914,3.449411392211914,3.4083469708760576,3.449411392211914,10600,0.0,0.0
1985-07-08 00:00:00-04:00,3.4494117872249443,3.46994400024414,3.4083473611865522,3.4699440002441406,69700,0.0,0.0
1985-07-09 00:00:00-04:00,3.449412120472301,3.449412120472301,3.387815475463867,3.387815475463867,14200,0.0,0.0
1985-07-10 00:00:00-04:00,3.387815799654984,3.428880233590196,3.367283582687378,3.367283582687378,14400,0.0,0.0
1985-07-11 00:00:00-04:00,3.3672835641278476,3.428880214691162,3.3672835641278476,3.428880214691162,12700,0.0,0.0
1985-07-12 00:00:00-04:00,3.42887990546949,3.449412120472301,3.387815475463867,3.387815475463867,11800,0.0,0.0
1985-07-15 00:00:00-04:00,3.387815148167356,3.46994400024414,3.387815148167356,3.4699440002441406,13600,0.0,0.0
1985-07-16 00:00:00-04:00,3.469943602879842,3.469943602879842,3.428879181543986,3.449411392211914,24900,0.0,0.0
1985-07-17 00:00:00-04:00,3.4494124315456,3.469944648400038,3.428880214691162,3.428880214691162,17300,0.0,0.0
1985-07-18 00:00:00-04:00,3.428879574205748,3.46994400024414,3.428879574205748,3.4699440002441406,9200,0.0,0.0
1985-07-19 00:00:00-04:00,3.46994400024414,3.46994400024414,3.428879574205748,3.4699440002441406,19700,0.0,0.0
1985-07-22 00:00:00-04:00,3.46994400024414,3.46994400024414,3.4494117872249443,3.4699440002441406,12400,0.0,0.0
1985-07-23 00:00:00-04:00,3.469943602879842,3.469943602879842,3.4083469708760576,3.449411392211914,21600,0.0,0.0
1985-07-24 00:00:00-04:00,3.449411392211914,3.449411392211914,3.428879181543986,3.449411392211914,12800,0.0,0.0
1985-07-25 00:00:00-04:00,3.387815799654984,3.387815799654984,3.346751365719772,3.367283582687378,9300,0.0,0.0
1985-07-26 00:00:00-04:00,3.3672833590774065,3.387815574681537,3.3056867122650146,3.3056867122650146,10300,0.0,0.0
1985-07-29 00:00:00-04:00,3.3056875761644338,3.3672842390743303,3.2851553551944686,3.3262197971343994,9100,0.0,0.0
1985-07-30 00:00:00-04:00,3.3262197971343994,3.3262197971343994,3.2851553551944686,3.3262197971343994,6300,0.0,0.0
1985-07-31 00:00:00-04:00,3.3262197971343994,3.3262197971343994,3.2851553551944686,3.3262197971343994,16400,0.0,0.0
1985-08-01 00:00:00-04:00,3.326219496130943,3.326219496130943,3.264622838795185,3.2851550579071045,11600,0.0,0.0
1985-08-02 00:00:00-04:00,3.2851544966608843,3.3056867122650146,3.2851544966608843,3.3056867122650146,10600,0.0,0.0
1985-08-05 00:00:00-04:00,3.3056873660417474,3.3056873660417474,3.2440907070471807,3.264622926712036,23200,0.0,0.0
1985-08-06 00:00:00-04:00,3.264622926712036,3.3056873660417474,3.2440907070471807,3.264622926712036,12100,0.0,0.0
1985-08-07 00:00:00-04:00,3.264622535886644,3.264622535886644,3.2440903186798096,3.2440903186798096,11000,0.0,0.0
1985-08-08 00:00:00-04:00,3.264622838795185,3.2851550579071045,3.264622838795185,3.2851550579071045,15400,0.0,0.0
1985-08-09 00:00:00-04:00,3.285154753093478,3.3262191875071467,3.2235581014729755,3.2440903186798096,22500,0.0,0.0
1985-08-12 00:00:00-04:00,3.2440907070471807,3.264622926712036,3.2440907070471807,3.264622926712036,6600,0.0,0.0
1985-08-13 00:00:00-04:00,3.264622926712036,3.285155146376892,3.2440907070471807,3.264622926712036,9200,0.0,0.0
1985-08-14 00:00:00-04:00,3.264622838795185,3.2851550579071045,3.264622838795185,3.2851550579071045,13200,0.0,0.0
1985-08-15 00:00:00-04:00,3.2851550579071045,3.2851550579071045,3.264622838795185,3.2851550579071045,13200,0.0,0.0
1985-08-16 00:00:00-04:00,3.285154753093478,3.285154753093478,3.2440903186798096,3.2440903186798096,15000,0.0,0.0
1985-08-19 00:00:00-04:00,3.2440913649880962,3.2440913649880962,3.203026917330019,3.2235591411590576,17500,0.0,0.0
1985-08-20 00:00:00-04:00,3.223557074864705,3.2646214962005615,3.2030248641967773,3.2030248641967773,12900,0.0,0.0
1985-08-21 00:00:00-04:00,3.203026863836473,3.203026863836473,3.1414301933780795,3.182494640350342,13000,0.0,0.0
1985-08-22 00:00:00-04:00,3.182494640350342,3.182494640350342,3.1208979698919483,3.182494640350342,16600,0.0,0.0
1985-08-23 00:00:00-04:00,3.182492653528849,3.2030248641967773,3.141428232192993,3.2030248641967773,31100,0.0,0.0
1985-08-26 00:00:00-04:00,3.203026863836473,3.203026863836473,3.1619624168642106,3.182494640350342,12400,0.0,0.0
1985-08-27 00:00:00-04:00,3.1824943442749825,3.1824943442749825,3.141429901123047,3.141429901123047,14200,0.0,0.0
1985-08-28 00:00:00-04:00,3.1414301933780795,3.182494640350342,3.1414301933780795,3.182494640350342,17800,0.0,0.0
1985-08-29 00:00:00-04:00,3.182492653528849,3.2440892855326333,3.161960442860921,3.2030248641967773,27400,0.0,0.0
1985-08-30 00:00:00-04:00,3.223558692284572,3.3262197971343994,3.223558692284572,3.3262197971343994,20300,0.0,0.0
1985-09-03 00:00:00-04:00,3.3262197971343994,3.3672842390743303,3.2440909132545377,3.3262197971343994,12400,0.0,0.0
1985-09-04 00:00:00-04:00,3.3262189278691454,3.3467511434732757,3.2851544966608843,3.3056867122650146,6800,0.0,0.0
1985-09-05 00:00:00-04:00,3.3056867122650146,3.3056867122650146,3.2646222810567536,3.3056867122650146,9900,0.0,0.0
1985-09-06 00:00:00-04:00,3.3056867122650146,3.3056867122650146,3.2646222810567536,3.3056867122650146,6300,0.0,0.0
1985-09-09 00:00:00-04:00,3.3056872770190235,3.326219496130943,3.2440906196832655,3.2851550579071045,7000,0.0,0.0
1985-09-10 00:00:00-04:00,3.2851550579071045,3.3056872770190235,3.2440906196832655,3.2851550579071045,8900,0.0,0.0
1985-09-11 00:00:00-04:00,3.2851550579071045,3.3056872770190235,3.2851550579071045,3.2851550579071045,6100,0.0,0.0
1985-09-12 00:00:00-04:00,3.285155146376892,3.3056873660417474,3.2235584873823253,3.264622926712036,14500,0.0,0.0
1985-09-13 00:00:00-04:00,3.264622926712036,3.264622926712036,3.2030262677174695,3.264622926712036,8000,0.0,0.0
1985-09-16 00:00:00-04:00,3.264622926712036,3.264622926712036,3.2235584873823253,3.264622926712036,9000,0.0,0.0
1985-09-17 00:00:00-04:00,3.264623588817135,3.264623588817135,3.2235591411590576,3.2235591411590576,11400,0.0,0.0
1985-09-18 00:00:00-04:00,3.2235591411590576,3.264623588817135,3.2235591411590576,3.2235591411590576,7000,0.0,0.0
1985-09-19 00:00:00-04:00,3.2235584873823253,3.264622926712036,3.2235584873823253,3.264622926712036,8800,0.0,0.0
1985-09-20 00:00:00-04:00,3.264623588817135,3.264623588817135,3.2235591411590576,3.2235591411590576,5200,0.0,0.0
1985-09-23 00:00:00-04:00,3.2235591411590576,3.264623588817135,3.2235591411590576,3.2235591411590576,6000,0.0,0.0
1985-09-24 00:00:00-04:00,3.2235590873226045,3.2440913108087357,3.182494640350342,3.182494640350342,12600,0.0,0.0
1985-09-25 00:00:00-04:00,3.1824943442749825,3.20302656585095,3.141429901123047,3.141429901123047,18000,0.0,0.0
1985-09-26 00:00:00-04:00,3.141429901123047,3.1619621226990144,3.1208976795470793,3.141429901123047,14300,0.0,0.0
1985-09-30 00:00:00-04:00,3.1414278322144558,3.1414278322144558,3.1208956241607666,3.1208956241607666,15000,0.0,0.0
1985-10-01 00:00:00-04:00,3.1208979698919483,3.182494640350342,3.1208979698919483,3.182494640350342,13500,0.0,0.0
1985-10-02 00:00:00-04:00,3.182492653528849,3.2440892855326333,3.182492653528849,3.2030248641967773,9700,0.0,0.0
1985-10-03 00:00:00-04:00,3.2030258842661414,3.2440903186798096,3.182493667059307,3.2440903186798096,5200,0.0,0.0
1985-10-04 00:00:00-04:00,3.2440903186798096,3.2440903186798096,3.2030258842661414,3.2440903186798096,12900,0.0,0.0
1985-10-07 00:00:00-04:00,3.2440913649880962,3.2440913649880962,3.2235591411590576,3.2235591411590576,10200,0.0,0.0
1985-10-08 00:00:00-04:00,3.2235591411590576,3.2440913649880962,3.2235591411590576,3.2235591411590576,4300,0.0,0.0
1985-10-09 00:00:00-04:00,3.2235591411590576,3.2440913649880962,3.1824946935009804,3.2235591411590576,3000,0.0,0.0
1985-10-10 00:00:00-04:00,3.2235584873823253,3.264622926712036,3.2235584873823253,3.264622926712036,4800,0.0,0.0
1985-10-11 00:00:00-04:00,3.264623588817135,3.264623588817135,3.2235591411590576,3.2235591411590576,6600,0.0,0.0
1985-10-14 00:00:00-04:00,3.2235581014729755,3.2440903186798096,3.2030258842661414,3.2440903186798096,4200,0.0,0.0
1985-10-15 00:00:00-04:00,3.2440892855326333,3.2440892855326333,3.182492653528849,3.2030248641967773,11400,0.0,0.0
1985-10-16 00:00:00-04:00,3.2030248641967773,3.223557074864705,3.161960442860921,3.2030248641967773,16900,0.0,0.0
1985-10-17 00:00:00-04:00,3.203026863836473,3.2235590873226045,3.182494640350342,3.182494640350342,7000,0.0,0.0
1985-10-18 00:00:00-04:00,3.182494640350342,3.2235590873226045,3.182494640350342,3.182494640350342,9700,0.0,0.0
1985-10-21 00:00:00-04:00,3.1824946935009804,3.2440913649880962,3.1619624696719417,3.2235591411590576,9000,0.0,0.0
1985-10-22 00:00:00-04:00,3.2235581014729755,3.2440903186798096,3.182493667059307,3.2440903186798096,10100,0.0,0.0
1985-10-23 00:00:00-04:00,3.2440913649880962,3.264623588817135,3.203026917330019,3.2235591411590576,4800,0.0,0.0
1985-10-24 00:00:00-04:00,3.2440907070471807,3.285155146376892,3.2440907070471807,3.264622926712036,27100,0.0,0.0
1985-10-25 00:00:00-04:00,3.264622926712036,3.285155146376892,3.2440907070471807,3.264622926712036,17400,0.0,0.0
1985-10-28 00:00:00-05:00,3.2646214962005615,3.2646214962005615,3.2030248641967773,3.2030248641967773,37200,0.0,0.0
1985-10-29 00:00:00-05:00,3.2030248641967773,3.223557074864705,3.182492653528849,3.2030248641967773,21600,0.0,0.0
1985-10-30 00:00:00-05:00,3.203026917330019,3.2440913649880962,3.203026917330019,3.2235591411590576,68900,0.0,0.0
1985-10-31 00:00:00-05:00,3.2235589383484484,3.2440911608856995,3.161962270736695,3.1619622707366943,21600,0.0,0.0
1985-11-01 00:00:00-05:00,3.161960442860921,3.223557074864705,3.161960442860921,3.2030248641967773,61700,0.0,0.0
1985-11-04 00:00:00-05:00,3.203026917330019,3.264623588817135,3.203026917330019,3.2235591411590576,9100,0.0,0.0
1985-11-05 00:00:00-05:00,3.2235584873823253,3.285155146376892,3.2235584873823253,3.264622926712036,20900,0.0,0.0
1985-11-06 00:00:00-05:00,3.2646214962005615,3.2646214962005615,3.2030248641967773,3.2030248641967773,8500,0.0,0.0
1985-11-07 00:00:00-05:00,3.2030248641967773,3.2646214962005615,3.2030248641967773,3.2030248641967773,8400,0.0,0.0
1985-11-08 00:00:00-05:00,3.141429901123047,3.141429901123047,3.1208976795470793,3.141429901123047,6800,0.0,0.0
1985-11-11 00:00:00-05:00,3.141427989006042,3.141427989006042,3.07983136177063,3.07983136177063,16600,0.0,0.0
1985-11-12 00:00:00-05:00,3.0798312080533883,3.1208956241607666,3.0387667919460095,3.1208956241607666,29700,0.0,0.0
1985-11-13 00:00:00-05:00,3.1208956241607666,3.1208956241607666,3.0798312080533883,3.1208956241607666,18400,0.0,0.0
1985-11-14 00:00:00-05:00,3.1208956241607666,3.1208956241607666,3.0798312080533883,3.1208956241607666,21700,0.0,0.0
1985-11-15 00:00:00-05:00,3.1208956241607666,3.161960040268145,3.1208956241607666,3.1208956241607666,17400,0.0,0.0
1985-11-18 00:00:00-05:00,3.120897825662192,3.161962270736695,3.1003656031249407,3.1619622707366943,15500,0.0,0.0
1985-11-19 00:00:00-05:00,3.161960442860921,3.2030248641967773,3.161960442860921,3.2030248641967773,16200,0.0,0.0
1985-11-20 00:00:00-05:00,3.2030248641967773,3.223557074864705,3.182492653528849,3.2030248641967773,6800,0.0,0.0
1985-11-21 00:00:00-05:00,3.2030261814594265,3.2851550579071045,3.1824939623475075,3.2851550579071045,24000,0.0,0.0
1985-11-22 00:00:00-05:00,3.285154753093478,3.3056869703003127,3.2440903186798096,3.2440903186798096,37000,0.0,0.0
1985-11-25 00:00:00-05:00,3.2440913649880962,3.2440913649880962,3.203026917330019,3.2235591411590576,10200,0.0,0.0
1985-11-26 00:00:00-05:00,3.2235591411590576,3.2440913649880962,3.203026917330019,3.2235591411590576,8500,0.0,0.0
1985-11-27 00:00:00-05:00,3.2235589383484484,3.285155605960202,3.161962270736695,3.1619622707366943,25400,0.0,0.0
1985-11-29 00:00:00-05:00,3.141427989006042,3.141427989006042,3.0592991526921587,3.07983136177063,32800,0.0,0.0
1985-12-02 00:00:00-05:00,3.07983136177063,3.1208957799275714,3.07983136177063,3.07983136177063,38300,0.0,0.0
1985-12-03 00:00:00-05:00,3.0798331203076663,3.1003653411097174,3.0593008995056152,3.0593008995056152,13300,0.0,0.0
1985-12-04 00:00:00-05:00,3.0592991526921587,3.1003635708491006,3.0592991526921587,3.07983136177063,21800,0.0,0.0
1985-12-05 00:00:00-05:00,3.0798334159598446,3.10036563873291,3.059301193186779,3.10036563873291,18600,0.0,0.0
1985-12-06 00:00:00-05:00,3.10036563873291,3.120897861505976,3.059301193186779,3.10036563873291,18500,0.0,0.0
1985-12-09 00:00:00-05:00,3.1003653411097174,3.1003653411097174,3.0593008995056152,3.0593008995056152,14300,0.0,0.0
1985-12-10 00:00:00-05:00,3.059301229747566,3.059301229747566,3.038769006729126,3.038769006729126,29200,0.0,0.0
1985-12-11 00:00:00-05:00,3.038768379055724,3.038768379055724,2.997703941500917,3.0182361602783203,33400,0.0,0.0
1985-12-12 00:00:00-05:00,3.0182368212732777,3.0182368212732777,2.977172374725342,2.977172374725342,29900,0.0,0.0
1985-12-13 00:00:00-05:00,2.977171196064479,2.977171196064479,2.7923812597570286,2.915574550628662,44100,0.0,0.0
1985-12-16 00:00:00-05:00,2.915574550628662,2.9361067657739346,2.730784614321212,2.915574550628662,50200,0.0,0.0
1985-12-17 00:00:00-05:00,2.915574550628662,2.9361067657739346,2.833445690047573,2.915574550628662,34400,0.0,0.0
1985-12-18 00:00:00-05:00,2.915575651022104,2.936107873916626,2.8745112052330604,2.936107873916626,24800,0.0,0.0
1985-12-19 00:00:00-05:00,2.936106450217111,2.956638663155692,2.874509811401367,2.874509811401367,16200,0.0,0.0
1985-12-20 00:00:00-05:00,2.8745101203381176,2.9361067657739346,2.812913474902301,2.915574550628662,33400,0.0,0.0
1985-12-23 00:00:00-05:00,2.915574550628662,2.9361067657739346,2.89504233548339,2.915574550628662,18300,0.0,0.0
1985-12-24 00:00:00-05:00,2.915575560596254,3.0182366718848543,2.895043338338534,2.9566400051116943,24500,0.0,0.0
1985-12-26 00:00:00-05:00,2.9566400051116943,2.9977044496271343,2.936107782853974,2.9566400051116943,5800,0.0,0.0
1985-12-27 00:00:00-05:00,2.956639590328687,2.997704029083252,2.956639590328687,2.997704029083252,12400,0.0,0.0
1985-12-30 00:00:00-05:00,2.9977044496271343,3.0182366718848543,2.9566400051116943,2.9566400051116943,15900,0.0,0.0
1985-12-31 00:00:00-05:00,2.977171809705969,3.0182362484605343,2.977171809705969,2.997704029083252,14300,0.0,0.0
1986-01-02 00:00:00-05:00,2.997703941500917,3.0182361602783203,2.997703941500917,3.0182361602783203,8200,0.0,0.0
1986-01-03 00:00:00-05:00,3.018234734535217,3.1003635708491006,3.018234734535217,3.07983136177063,13600,0.0,0.0
1986-01-06 00:00:00-05:00,3.0798312080533883,3.161960040268145,3.0798312080533883,3.1208956241607666,14400,0.0,0.0
1986-01-07 00:00:00-05:00,3.1208956241607666,3.1824922483218345,3.1003634161070774,3.1208956241607666,7900,0.0,0.0
1986-01-08 00:00:00-05:00,3.120897861505976,3.120897861505976,3.059301193186779,3.10036563873291,13800,0.0,0.0
1986-01-09 00:00:00-05:00,3.10036563873291,3.10036563873291,3.0387689704137135,3.10036563873291,11900,0.0,0.0
1986-01-10 00:00:00-05:00,3.1003635708491006,3.1208957799275714,3.0592991526921587,3.07983136177063,9900,0.0,0.0
1986-01-13 00:00:00-05:00,3.0798334159598446,3.10036563873291,3.059301193186779,3.10036563873291,7600,0.0,0.0
1986-01-14 00:00:00-05:00,3.10036563873291,3.10036563873291,3.0798334159598446,3.10036563873291,9800,0.0,0.0
1986-01-15 00:00:00-05:00,3.10036563873291,3.120897861505976,3.059301193186779,3.10036563873291,12800,0.0,0.0
1986-01-16 00:00:00-05:00,3.1003634161070774,3.1208956241607666,3.1003634161070774,3.1208956241607666,20500,0.0,0.0
1986-01-17 00:00:00-05:00,3.1208956241607666,3.1208956241607666,3.1003634161070774,3.1208956241607666,7400,0.0,0.0
1986-01-20 00:00:00-05:00,3.120897861505976,3.120897861505976,2.9977045248675824,3.10036563873291,12200,0.0,0.0
1986-01-21 00:00:00-05:00,3.10036563873291,3.10036563873291,3.059301193186779,3.10036563873291,9400,0.0,0.0
1986-01-22 00:00:00-05:00,3.1003654579711117,3.141429901123047,3.079833236395144,3.141429901123047,17600,0.0,0.0
1986-01-23 00:00:00-05:00,3.141429901123047,3.141429901123047,3.079833236395144,3.141429901123047,14300,0.0,0.0
1986-01-24 00:00:00-05:00,3.1003653411097174,3.1003653411097174,3.0593008995056152,3.0593008995056152,20800,0.0,0.0
1986-01-27 00:00:00-05:00,3.059300056645568,3.059300056645568,2.8745101203381176,2.915574550628662,28800,0.0,0.0
1986-01-28 00:00:00-05:00,2.895042434982632,2.895042434982632,2.812913571578869,2.8334457874298096,46100,0.0,0.0
1986-01-29 00:00:00-05:00,2.8334467594440165,2.997704542600191,2.8334467594440165,2.936107873916626,48600,0.0,0.0
1986-01-30 00:00:00-05:00,2.9361058837133096,3.0387669285983905,2.8950414657592773,2.8950414657592773,20900,0.0,0.0
1986-01-31 00:00:00-05:00,2.895043338338534,2.9977044496271343,2.895043338338534,2.9566400051116943,26700,0.0,0.0
1986-02-03 00:00:00-05:00,2.9771717227235133,3.0182361602783203,2.9771717227235133,3.0182361602783203,15700,0.0,0.0
1986-02-04 00:00:00-05:00,3.018236457901513,3.0798331203076663,3.018236457901513,3.0593008995056152,19300,0.0,0.0
1986-02-05 00:00:00-05:00,3.0593008995056152,3.1003653411097174,3.018236457901513,3.0593008995056152,18300,0.0,0.0
1986-02-06 00:00:00-05:00,3.0593005978331274,3.0593005978331274,3.0182361602783203,3.0182361602783203,14600,0.0,0.0
1986-02-07 00:00:00-05:00,3.0182368212732777,3.0182368212732777,2.977172374725342,2.977172374725342,29600,0.0,0.0
1986-02-10 00:00:00-05:00,2.936107873916626,2.936107873916626,2.8745112052330604,2.936107873916626,16300,0.0,0.0
1986-02-11 00:00:00-05:00,2.9361067657739346,2.977171196064479,2.915574550628662,2.915574550628662,38900,0.0,0.0
1986-02-12 00:00:00-05:00,2.915575651022104,2.9566400968111477,2.915575651022104,2.936107873916626,17900,0.0,0.0
1986-02-13 00:00:00-05:00,2.9361067657739346,2.9566389809192066,2.915574550628662,2.915574550628662,12100,0.0,0.0
1986-02-14 00:00:00-05:00,2.915575560596254,2.9566400051116943,2.915575560596254,2.9566400051116943,16100,0.0,0.0
1986-02-18 00:00:00-05:00,2.956639590328687,3.038768467837817,2.956639590328687,2.997704029083252,31500,0.0,0.0
1986-02-19 00:00:00-05:00,2.997704029083252,3.0182362484605343,2.977171809705969,2.997704029083252,22300,0.0,0.0
1986-02-20 00:00:00-05:00,2.997703941500917,3.0182361602783203,2.9771717227235133,3.0182361602783203,14700,0.0,0.0
1986-02-21 00:00:00-05:00,3.0182361602783203,3.0182361602783203,2.9771717227235133,3.0182361602783203,20500,0.0,0.0
1986-02-24 00:00:00-05:00,2.997704029083252,2.997704029083252,2.956639590328687,2.997704029083252,13200,0.0,0.0
1986-02-25 00:00:00-05:00,2.9977045979993098,2.9977045979993098,2.956640151451374,2.977172374725342,13000,0.0,0.0
1986-02-26 00:00:00-05:00,2.977172374725342,2.977172374725342,2.9361079281774063,2.977172374725342,12000,0.0,0.0
1986-02-27 00:00:00-05:00,2.9566400968111477,2.9566400968111477,2.936107873916626,2.936107873916626,26100,0.0,0.0
1986-02-28 00:00:00-05:00,2.936107782853974,2.9566400051116943,2.915575560596254,2.9566400051116943,39500,0.0,0.0
1986-03-03 00:00:00-05:00,2.9566400968111477,2.9566400968111477,2.915575651022104,2.936107873916626,22800,0.0,0.0
1986-03-04 00:00:00-05:00,2.9361067657739346,2.9361067657739346,2.89504233548339,2.915574550628662,51100,0.0,0.0
1986-03-05 00:00:00-05:00,2.9155736747362937,2.9361058837133096,2.8950414657592773,2.8950414657592773,38300,0.0,0.0
1986-03-06 00:00:00-05:00,2.89504233548339,2.915574550628662,2.89504233548339,2.915574550628662,39700,0.0,0.0
1986-03-07 00:00:00-05:00,2.915574550628662,2.915574550628662,2.89504233548339,2.915574550628662,21000,0.0,0.0
1986-03-10 00:00:00-05:00,2.915574550628662,2.915574550628662,2.89504233548339,2.915574550628662,25200,0.0,0.0
1986-03-11 00:00:00-05:00,2.915575651022104,2.936107873916626,2.895043428127582,2.936107873916626,45100,0.0,0.0
1986-03-12 00:00:00-05:00,2.9361079281774063,2.9977045979993098,2.9155757049034383,2.977172374725342,40400,0.0,0.0
1986-03-13 00:00:00-05:00,2.977171809705969,3.0182362484605343,2.977171809705969,2.997704029083252,37900,0.0,0.0
1986-03-14 00:00:00-05:00,2.997704237099462,3.0593008995056152,2.997704237099462,3.0593008995056152,42200,0.0,0.0
1986-03-17 00:00:00-05:00,3.0593008995056152,3.0798331203076663,3.0593008995056152,3.0593008995056152,27100,0.0,0.0
1986-03-18 00:00:00-05:00,3.059301193186779,3.120897861505976,3.059301193186779,3.10036563873291,27600,0.0,0.0
1986-03-19 00:00:00-05:00,3.1003634161070774,3.1208956241607666,3.0592989999996987,3.1208956241607666,33200,0.0,0.0
1986-03-20 00:00:00-05:00,3.1208956241607666,3.161960040268145,3.1003634161070774,3.1208956241607666,33500,0.0,0.0
1986-03-21 00:00:00-05:00,3.1208979698919483,3.182494640350342,3.1208979698919483,3.182494640350342,41000,0.0,0.0
1986-03-24 00:00:00-05:00,3.182492653528849,3.2030248641967773,3.161960442860921,3.2030248641967773,40000,0.0,0.0
1986-03-25 00:00:00-05:00,3.2030248641967773,3.2030248641967773,3.161960442860921,3.2030248641967773,24900,0.0,0.0
1986-03-26 00:00:00-05:00,3.2030258842661414,3.2440903186798096,3.2030258842661414,3.2440903186798096,22000,0.0,0.0
1986-03-27 00:00:00-05:00,3.2440907070471807,3.285155146376892,3.2440907070471807,3.264622926712036,34600,0.0,0.0
1986-03-31 00:00:00-05:00,3.3056875761644338,3.3672842390743303,3.3056875761644338,3.3262197971343994,34400,0.0,0.0
1986-04-01 00:00:00-05:00,3.3262189278691454,3.3467511434732757,3.3056867122650146,3.3056867122650146,46700,0.0,0.0
1986-04-02 00:00:00-05:00,3.3056875761644338,3.3262197971343994,3.264623134224503,3.3262197971343994,26700,0.0,0.0
1986-04-03 00:00:00-05:00,3.326219496130943,3.3467517152428625,3.264622838795185,3.2851550579071045,14200,0.0,0.0
1986-04-04 00:00:00-05:00,3.2851550579071045,3.3056872770190235,3.264622838795185,3.2851550579071045,9600,0.0,0.0
1986-04-07 00:00:00-05:00,3.2851550579071045,3.326219496130943,3.264622838795185,3.2851550579071045,23900,0.0,0.0
1986-04-08 00:00:00-05:00,3.2851550579071045,3.3056872770190235,3.264622838795185,3.2851550579071045,22700,0.0,0.0
1986-04-09 00:00:00-05:00,3.2851550579071045,3.2851550579071045,3.2440906196832655,3.2851550579071045,29000,0.0,0.0
1986-04-10 00:00:00-05:00,3.285155146376892,3.285155146376892,3.2440907070471807,3.264622926712036,11100,0.0,0.0
1986-04-11 00:00:00-05:00,3.264622926712036,3.285155146376892,3.2235584873823253,3.264622926712036,15700,0.0,0.0
1986-04-14 00:00:00-05:00,3.264622926712036,3.264622926712036,3.2235584873823253,3.264622926712036,12100,0.0,0.0
1986-04-15 00:00:00-05:00,3.264622926712036,3.264622926712036,3.2235584873823253,3.264622926712036,16700,0.0,0.0
1986-04-16 00:00:00-05:00,3.264622838795185,3.2851550579071045,3.2440906196832655,3.2851550579071045,12100,0.0,0.0
1986-04-17 00:00:00-05:00,3.285154753093478,3.285154753093478,3.2235581014729755,3.2440903186798096,12000,0.0,0.0
1986-04-18 00:00:00-05:00,3.2440907070471807,3.264622926712036,3.2235584873823253,3.264622926712036,8600,0.0,0.0
1986-04-21 00:00:00-05:00,3.264622926712036,3.264622926712036,3.2440907070471807,3.264622926712036,16200,0.0,0.0
1986-04-22 00:00:00-05:00,3.264622926712036,3.285155146376892,3.2440907070471807,3.264622926712036,41000,0.0,0.0
1986-04-23 00:00:00-05:00,3.264622838795185,3.2851550579071045,3.264622838795185,3.2851550579071045,37800,0.0,0.0
1986-04-24 00:00:00-05:00,3.2851553551944686,3.3262197971343994,3.2851553551944686,3.3262197971343994,23300,0.0,0.0
1986-04-25 00:00:00-05:00,3.326219496130943,3.3467517152428625,3.2851550579071045,3.2851550579071045,25300,0.0,0.0
1986-04-28 00:00:00-04:00,3.2851544966608843,3.3056867122650146,3.2851544966608843,3.3056867122650146,30100,0.0,0.0
1986-04-29 00:00:00-04:00,3.3056869703003127,3.3056869703003127,3.2440903186798096,3.2440903186798096,20800,0.0,0.0
1986-04-30 00:00:00-04:00,3.2440903186798096,3.264622535886644,3.2235581014729755,3.2440903186798096,13600,0.0,0.0
1986-05-01 00:00:00-04:00,3.2440913649880962,3.264623588817135,3.2235591411590576,3.2235591411590576,17200,0.0,0.0
1986-05-02 00:00:00-04:00,3.2235584873823253,3.264622926712036,3.2030262677174695,3.264622926712036,14300,0.0,0.0
1986-05-05 00:00:00-04:00,3.264622838795185,3.2851550579071045,3.264622838795185,3.2851550579071045,9700,0.0,0.0
1986-05-06 00:00:00-04:00,3.2851550579071045,3.2851550579071045,3.264622838795185,3.2851550579071045,15600,0.0,0.0
1986-05-07 00:00:00-04:00,3.285155146376892,3.285155146376892,3.2235584873823253,3.264622926712036,17000,0.0,0.0
1986-05-08 00:00:00-04:00,3.264623588817135,3.264623588817135,3.203026917330019,3.2235591411590576,20300,0.0,0.0
1986-05-09 00:00:00-04:00,3.2235584873823253,3.264622926712036,3.2030262677174695,3.264622926712036,16100,0.0,0.0
1986-05-12 00:00:00-04:00,3.264622838795185,3.2851550579071045,3.264622838795185,3.2851550579071045,9900,0.0,0.0
1986-05-13 00:00:00-04:00,3.285154753093478,3.285154753093478,3.2235581014729755,3.2440903186798096,16900,0.0,0.0
1986-05-14 00:00:00-04:00,3.2440907070471807,3.264622926712036,3.2235584873823253,3.264622926712036,16200,0.0,0.0
1986-05-15 00:00:00-04:00,3.2235587874269176,3.2235587874269176,3.1208976795470793,3.141429901123047,18000,0.0,0.0
1986-05-16 00:00:00-04:00,3.1003657006841947,3.1003657006841947,2.5049312283673624,2.6075923442840576,143500,0.0,0.0
1986-05-19 00:00:00-04:00,2.504929780960083,2.504929780960083,2.361204301724668,2.504929780960083,161700,0.0,0.0
1986-05-20 00:00:00-04:00,2.504931086585635,2.58705997467041,2.4638666425432474,2.58705997467041,67700,0.0,0.0
1986-05-21 00:00:00-04:00,2.587059916988496,2.587059916988496,2.5254632522982936,2.5459954738616943,45200,0.0,0.0
1986-05-22 00:00:00-04:00,2.54599560101827,2.54599560101827,2.4228022654851276,2.463866710662842,42600,0.0,0.0
1986-05-23 00:00:00-04:00,2.4638658709230676,2.4638658709230676,2.3201403617858887,2.3201403617858887,50200,0.0,0.0
1986-05-27 00:00:00-04:00,2.320140514457435,2.3612049483416375,2.299608297515334,2.340672731399536,66300,0.0,0.0
1986-05-28 00:00:00-04:00,2.3406725773769144,2.36120479296794,2.3201403617858887,2.3201403617858887,58300,0.0,0.0
1986-05-29 00:00:00-04:00,2.3201403617858887,2.3406725773769144,2.2996081461948634,2.3201403617858887,60700,0.0,0.0
1986-05-30 00:00:00-04:00,2.3201403617858887,2.3817370085589653,2.3201403617858887,2.3201403617858887,38700,0.0,0.0
1986-06-02 00:00:00-04:00,2.3201403617858887,2.3406725773769144,2.2996081461948634,2.3201403617858887,38200,0.0,0.0
1986-06-03 00:00:00-04:00,2.3201403617858887,2.3201403617858887,2.2790759306038377,2.3201403617858887,133000,0.0,0.0
1986-06-04 00:00:00-04:00,2.3201403617858887,2.3406725773769144,2.2996081461948634,2.3201403617858887,32500,0.0,0.0
1986-06-05 00:00:00-04:00,2.3201399658407484,2.3201399658407484,2.299607753753662,2.299607753753662,27300,0.0,0.0
1986-06-06 00:00:00-04:00,2.2996093749999997,2.3612060546875,2.2996093749999997,2.3612060546875,30600,0.0,0.0
1986-06-09 00:00:00-04:00,2.3612054874157082,2.402269930675112,2.3612054874157082,2.38173770904541,61900,0.0,0.0
1986-06-10 00:00:00-04:00,2.3817376193837223,2.4022698402404785,2.34067317767021,2.4022698402404785,30900,0.0,0.0
1986-06-11 00:00:00-04:00,2.4022711697271317,2.4228034019470215,2.3817389375072415,2.4228034019470215,19000,0.0,0.0
1986-06-12 00:00:00-04:00,2.4228034019470215,2.4433356341669117,2.3817389375072415,2.4228034019470215,24800,0.0,0.0
1986-06-13 00:00:00-04:00,2.4228021523048135,2.4228021523048135,2.38173770904541,2.38173770904541,28800,0.0,0.0
1986-06-16 00:00:00-04:00,2.3817389375072415,2.4228034019470215,2.3612067052873513,2.4228034019470215,31300,0.0,0.0
1986-06-17 00:00:00-04:00,2.4228025925259633,2.4433348178863525,2.4022703671655736,2.4433348178863525,27300,0.0,0.0
1986-06-18 00:00:00-04:00,2.443333460279733,2.4843978881835938,2.4228012463278024,2.4843978881835938,42700,0.0,0.0
1986-06-19 00:00:00-04:00,2.4843989332516987,2.5049311558405556,2.4228022654851276,2.463866710662842,20500,0.0,0.0
1986-06-20 00:00:00-04:00,2.463867043246742,2.484399268607132,2.4022703671655736,2.4433348178863525,22400,0.0,0.0
1986-06-23 00:00:00-04:00,2.4433356341669117,2.4638678663868014,2.4022711697271317,2.4228034019470215,15900,0.0,0.0
1986-06-24 00:00:00-04:00,2.4228025925259633,2.484399268607132,2.4022703671655736,2.4433348178863525,13700,0.0,0.0
1986-06-25 00:00:00-04:00,2.443334488073985,2.5049311558405556,2.443334488073985,2.463866710662842,33400,0.0,0.0
1986-06-26 00:00:00-04:00,2.463867043246742,2.484399268607132,2.4433348178863525,2.4433348178863525,27900,0.0,0.0
1986-06-27 00:00:00-04:00,2.443334488073985,2.4843989332516987,2.443334488073985,2.463866710662842,14400,0.0,0.0
1986-06-30 00:00:00-04:00,2.4638678663868014,2.504932330826582,2.4022711697271317,2.4228034019470215,21100,0.0,0.0
1986-07-01 00:00:00-04:00,2.4228025925259633,2.4433348178863525,2.4022703671655736,2.4433348178863525,12700,0.0,0.0
1986-07-02 00:00:00-04:00,2.443334281953991,2.463866502810747,2.4022698402404785,2.4022698402404785,16100,0.0,0.0
1986-07-03 00:00:00-04:00,2.4022698402404785,2.443334281953991,2.4022698402404785,2.4022698402404785,26000,0.0,0.0
1986-07-07 00:00:00-04:00,2.4022711697271317,2.4638678663868014,2.4022711697271317,2.4228034019470215,60100,0.0,0.0
1986-07-08 00:00:00-04:00,2.4228025925259633,2.4433348178863525,2.4022703671655736,2.4433348178863525,28100,0.0,0.0
1986-07-09 00:00:00-04:00,2.443334488073985,2.4843989332516987,2.4228022654851276,2.463866710662842,57200,0.0,0.0
1986-07-10 00:00:00-04:00,2.4638665876080914,2.5459954738616943,2.4638665876080914,2.5459954738616943,29900,0.0,0.0
1986-07-11 00:00:00-04:00,2.566528081893921,2.6075925312042236,2.566528081893921,2.566528081893921,30000,0.0,0.0
1986-07-14 00:00:00-04:00,2.566528081893921,2.628124755859375,2.566528081893921,2.566528081893921,18800,0.0,0.0
1986-07-15 00:00:00-04:00,2.566528081893921,2.5870603065490725,2.5459958572387698,2.566528081893921,24500,0.0,0.0
1986-07-16 00:00:00-04:00,2.5665273026722235,2.587059521093601,2.5254628658294678,2.5254628658294678,21400,0.0,0.0
1986-07-17 00:00:00-04:00,2.5459958572387698,2.566528081893921,2.5459958572387698,2.566528081893921,13700,0.0,0.0
1986-07-18 00:00:00-04:00,2.566527695425095,2.566527695425095,2.5254632522982936,2.5459954738616943,18000,0.0,0.0
1986-07-21 00:00:00-04:00,2.5459955306280224,2.58705997467041,2.5254633086068288,2.58705997467041,19600,0.0,0.0
1986-07-22 00:00:00-04:00,2.5870603065490725,2.5870603065490725,2.5459958572387698,2.566528081893921,12800,0.0,0.0
1986-07-23 00:00:00-04:00,2.566527695425095,2.587059916988496,2.5459954738616943,2.5459954738616943,16100,0.0,0.0
1986-07-24 00:00:00-04:00,2.5459958572387698,2.5870603065490725,2.504931407928467,2.566528081893921,19200,0.0,0.0
1986-07-25 00:00:00-04:00,2.5665264149181177,2.5870586262374626,2.504929780960083,2.504929780960083,17000,0.0,0.0
1986-07-28 00:00:00-04:00,2.504929780960083,2.5665264149181177,2.504929780960083,2.504929780960083,12000,0.0,0.0
1986-07-29 00:00:00-04:00,2.50493064740809,2.5665273026722235,2.4843984289867125,2.5254628658294678,10000,0.0,0.0
1986-07-30 00:00:00-04:00,2.525463378429413,2.54599560101827,2.443334488073985,2.463866710662842,34800,0.0,0.0
1986-07-31 00:00:00-04:00,2.4638656742316636,2.5049301021355244,2.443333460279733,2.4843978881835938,27000,0.0,0.0
1986-08-01 00:00:00-04:00,2.484399268607132,2.484399268607132,2.4228025925259633,2.4433348178863525,6500,0.0,0.0
1986-08-04 00:00:00-04:00,2.443333147002048,2.504929780960083,2.422800935682703,2.504929780960083,15400,0.0,0.0
1986-08-05 00:00:00-04:00,2.504931407928467,2.566528081893921,2.504931407928467,2.566528081893921,12700,0.0,0.0
1986-08-06 00:00:00-04:00,2.5665273026722235,2.5665273026722235,2.50493064740809,2.5254628658294678,9000,0.0,0.0
1986-08-07 00:00:00-04:00,2.525463719327911,2.5459959446883,2.4433348178863525,2.4433348178863525,21600,0.0,0.0
1986-08-08 00:00:00-04:00,2.443333147002048,2.545994203598773,2.443333147002048,2.504929780960083,7800,0.0,0.0
1986-08-11 00:00:00-04:00,2.50493064740809,2.545995084250846,2.4433339921439567,2.5254628658294678,14300,0.0,0.0
1986-08-12 00:00:00-04:00,2.525463632583618,2.566528081893921,2.504931407928467,2.566528081893921,41800,0.0,0.0
1986-08-13 00:00:00-04:00,2.566527752649216,2.607592196691604,2.5459955306280224,2.58705997467041,45900,0.0,0.0
1986-08-14 00:00:00-04:00,2.58705997467041,2.607592196691604,2.566527752649216,2.58705997467041,24900,0.0,0.0
1986-08-15 00:00:00-04:00,2.5870601211007185,2.6075923442840576,2.5870601211007185,2.6075923442840576,11200,0.0,0.0
1986-08-18 00:00:00-04:00,2.6075923442840576,2.6075923442840576,2.5870601211007185,2.6075923442840576,24300,0.0,0.0
1986-08-19 00:00:00-04:00,2.6075923442840576,2.6075923442840576,2.5870601211007185,2.6075923442840576,13700,0.0,0.0
1986-08-20 00:00:00-04:00,2.607592196691604,2.607592196691604,2.566527752649216,2.58705997467041,10900,0.0,0.0
1986-08-21 00:00:00-04:00,2.5870603065490725,2.6075925312042236,2.566528081893921,2.566528081893921,15700,0.0,0.0
1986-08-22 00:00:00-04:00,2.566528081893921,2.5870603065490725,2.566528081893921,2.566528081893921,11600,0.0,0.0
1986-08-25 00:00:00-04:00,2.56652789791738,2.6075923442840576,2.56652789791738,2.6075923442840576,6600,0.0,0.0
1986-08-26 00:00:00-04:00,2.607592196691604,2.607592196691604,2.58705997467041,2.58705997467041,14000,0.0,0.0
1986-08-27 00:00:00-04:00,2.5870601211007185,2.6075923442840576,2.56652789791738,2.6075923442840576,13300,0.0,0.0
1986-08-28 00:00:00-04:00,2.6075923442840576,2.6075923442840576,2.5870601211007185,2.6075923442840576,22000,0.0,0.0
1986-08-29 00:00:00-04:00,2.6075919017647253,2.751317439657269,2.6075919017647253,2.7102530002593994,63100,0.0,0.0
1986-09-02 00:00:00-04:00,2.7102526277303696,2.7718492783606052,2.6281237602233887,2.6281237602233887,28900,0.0,0.0
1986-09-03 00:00:00-04:00,2.6281237602233887,2.7102526277303696,2.6281237602233887,2.6281237602233887,7700,0.0,0.0
1986-09-04 00:00:00-04:00,2.6281244408993323,2.6897211074829106,2.6281244408993323,2.68972110748291,10500,0.0,0.0
1986-09-05 00:00:00-04:00,2.6897211074829106,2.6897211074829106,2.6281244408993323,2.68972110748291,20900,0.0,0.0
1986-09-08 00:00:00-04:00,2.6897195974985757,2.6897195974985757,2.6281229654947915,2.6486551761627197,15000,0.0,0.0
1986-09-09 00:00:00-04:00,2.64865557047037,2.7102522116440992,2.6281233567457933,2.6691877841949463,11100,0.0,0.0
1986-09-10 00:00:00-04:00,2.6691873868306475,2.6897195974985757,2.6281229654947915,2.6486551761627197,8000,0.0,0.0
1986-09-11 00:00:00-04:00,2.6486551761627197,2.6691873868306475,2.6075907548268633,2.6486551761627197,54200,0.0,0.0
1986-09-12 00:00:00-04:00,2.6486551761627197,2.6691873868306475,2.6281229654947915,2.6486551761627197,67900,0.0,0.0
1986-09-15 00:00:00-04:00,2.64865557047037,2.6691877841949463,2.64865557047037,2.6691877841949463,17900,0.0,0.0
1986-09-16 00:00:00-04:00,2.6691888852883845,2.7307855518719624,2.6486566630938584,2.68972110748291,22400,0.0,0.0
1986-09-17 00:00:00-04:00,2.7102530002593994,2.7307852199583342,2.7102530002593994,2.7102530002593994,4500,0.0,0.0
1986-09-18 00:00:00-04:00,2.7102533296774363,2.7307855518719624,2.6691888852883845,2.68972110748291,7900,0.0,0.0
1986-09-19 00:00:00-04:00,2.6897207805604646,2.7307852199583342,2.6897207805604646,2.7102530002593994,14600,0.0,0.0
1986-09-22 00:00:00-04:00,2.7102520412868922,2.771848678588867,2.6897198288529007,2.771848678588867,8700,0.0,0.0
1986-09-23 00:00:00-04:00,2.771849659356204,2.771849659356204,2.7102530002593994,2.7102530002593994,27100,0.0,0.0
1986-09-24 00:00:00-04:00,2.7102530002593994,2.751317439657269,2.66918856086153,2.7102530002593994,9100,0.0,0.0
1986-09-25 00:00:00-04:00,2.710252439169059,2.7307846546173096,2.6486557928243077,2.7307846546173096,6500,0.0,0.0
1986-09-26 00:00:00-04:00,2.6897211074829106,2.6897211074829106,2.6486566630938584,2.68972110748291,11500,0.0,0.0
1986-09-29 00:00:00-04:00,2.6897211074829106,2.7102533296774363,2.6486566630938584,2.68972110748291,10000,0.0,0.0
1986-09-30 00:00:00-04:00,2.7102523561733873,2.7718490006318732,2.7102523561733873,2.751316785812378,14100,0.0,0.0
1986-10-01 00:00:00-04:00,2.7513164661548752,2.7923808910228587,2.7513164661548752,2.771848678588867,11300,0.0,0.0
1986-10-02 00:00:00-04:00,2.771849659356204,2.7923818790551387,2.7102530002593994,2.7102530002593994,8200,0.0,0.0
1986-10-03 00:00:00-04:00,2.7102530002593994,2.771849659356204,2.7102530002593994,2.7102530002593994,17500,0.0,0.0
1986-10-06 00:00:00-04:00,2.7102530002593994,2.751317439657269,2.66918856086153,2.7102530002593994,8800,0.0,0.0
1986-10-07 00:00:00-04:00,2.7102530002593994,2.7102530002593994,2.6897207805604646,2.7102530002593994,10100,0.0,0.0
1986-10-08 00:00:00-04:00,2.7102530002593994,2.751317439657269,2.66918856086153,2.7102530002593994,11300,0.0,0.0
1986-10-09 00:00:00-04:00,2.7102522116440992,2.771848852817829,2.6691877841949463,2.6691877841949463,15600,0.0,0.0
1986-10-10 00:00:00-04:00,2.6691879265343963,2.751316785812378,2.6281234968954057,2.751316785812378,22400,0.0,0.0
1986-10-13 00:00:00-04:00,2.751317439657269,2.771849659356204,2.6897207805604646,2.7102530002593994,6600,0.0,0.0
1986-10-14 00:00:00-04:00,2.710252439169059,2.7307846546173096,2.6897202237208084,2.7307846546173096,10300,0.0,0.0
1986-10-15 00:00:00-04:00,2.7307845709928826,2.7718490006318732,2.7102523561733873,2.751316785812378,19400,0.0,0.0
1986-10-16 00:00:00-04:00,2.7513168700655597,2.7513168700655597,2.710252439169059,2.7307846546173096,15700,0.0,0.0
1986-10-17 00:00:00-04:00,2.7307852199583342,2.771849659356204,2.7102530002593994,2.7102530002593994,18000,0.0,0.0
1986-10-20 00:00:00-04:00,2.7102530002593994,2.7102530002593994,2.66918856086153,2.7102530002593994,8100,0.0,0.0
1986-10-21 00:00:00-04:00,2.7102533296774363,2.7102533296774363,2.6486566630938584,2.68972110748291,9600,0.0,0.0
1986-10-22 00:00:00-04:00,2.6897211074829106,2.7102533296774363,2.6897211074829106,2.68972110748291,9400,0.0,0.0
1986-10-23 00:00:00-04:00,2.6897207805604646,2.7102530002593994,2.648656341162595,2.7102530002593994,27300,0.0,0.0
1986-10-24 00:00:00-04:00,2.7102526277303696,2.7102526277303696,2.6281237602233887,2.6281237602233887,18200,0.0,0.0
1986-10-27 00:00:00-05:00,2.6281244408993323,2.7102533296774363,2.6281244408993323,2.68972110748291,6600,0.0,0.0
1986-10-28 00:00:00-05:00,2.669188193976879,2.669188193976879,2.6281237602233887,2.6281237602233887,84700,0.0,0.0
1986-10-29 00:00:00-05:00,2.6281229654947915,2.6897195974985757,2.6281229654947915,2.6486551761627197,19200,0.0,0.0
1986-10-30 00:00:00-05:00,2.648655977100134,2.669188193976879,2.6281237602233887,2.6281237602233887,21800,0.0,0.0
1986-10-31 00:00:00-05:00,2.6281244408993323,2.6897211074829106,2.6281244408993323,2.68972110748291,8100,0.0,0.0
1986-11-03 00:00:00-05:00,2.6897211074829106,2.7102533296774363,2.6691888852883845,2.68972110748291,7500,0.0,0.0
1986-11-04 00:00:00-05:00,2.710252439169059,2.7307846546173096,2.710252439169059,2.7307846546173096,9700,0.0,0.0
1986-11-05 00:00:00-05:00,2.7307845709928826,2.751316785812378,2.7102523561733873,2.751316785812378,6800,0.0,0.0
1986-11-06 00:00:00-05:00,2.751316785812378,2.751316785812378,2.7102523561733873,2.751316785812378,14800,0.0,0.0
1986-11-07 00:00:00-05:00,2.75131622950236,2.75131622950236,2.6486551761627197,2.6486551761627197,11600,0.0,0.0
1986-11-10 00:00:00-05:00,2.6486566630938584,2.6897211074829106,2.6281244408993323,2.68972110748291,26000,0.0,0.0
1986-11-11 00:00:00-05:00,2.6691873868306475,2.6691873868306475,2.6281229654947915,2.6486551761627197,10200,0.0,0.0
1986-11-12 00:00:00-05:00,2.648655977100134,2.648655977100134,2.6281237602233887,2.6281237602233887,13300,0.0,0.0
1986-11-13 00:00:00-05:00,2.6281245674673968,2.648656790650736,2.6075923442840576,2.6075923442840576,7600,0.0,0.0
1986-11-14 00:00:00-05:00,2.607591143021217,2.6691877841949463,2.607591143021217,2.6691877841949463,8000,0.0,0.0
1986-11-17 00:00:00-05:00,2.6691888852883845,2.6897211074829106,2.6281244408993323,2.68972110748291,5300,0.0,0.0
1986-11-18 00:00:00-05:00,2.6897195974985757,2.6897195974985757,2.6281229654947915,2.6486551761627197,8600,0.0,0.0
1986-11-19 00:00:00-05:00,2.6281237602233887,2.6281237602233887,2.5870593264698982,2.6281237602233887,8800,0.0,0.0
1986-11-20 00:00:00-05:00,2.6281234968954057,2.751316785812378,2.6075912820759104,2.751316785812378,27400,0.0,0.0
1986-11-21 00:00:00-05:00,2.730784844607115,2.730784844607115,2.6281237602233887,2.6281237602233887,13000,0.0,0.0
1986-11-24 00:00:00-05:00,2.6281244187127974,2.6691888627551847,2.58705997467041,2.58705997467041,6900,0.0,0.0
1986-11-25 00:00:00-05:00,2.5870593264698982,2.6281237602233887,2.5870593264698982,2.6281237602233887,60900,0.0,0.0
1986-11-26 00:00:00-05:00,2.6281237602233887,2.648655977100134,2.5870593264698982,2.6281237602233887,5800,0.0,0.0
1986-11-28 00:00:00-05:00,2.6281237602233887,2.6281237602233887,2.5870593264698982,2.6281237602233887,4100,0.0,0.0
1986-12-01 00:00:00-05:00,2.6281244187127974,2.6281244187127974,2.58705997467041,2.58705997467041,7200,0.0,0.0
1986-12-02 00:00:00-05:00,2.58705997467041,2.6281244187127974,2.5459955306280224,2.58705997467041,11300,0.0,0.0
1986-12-03 00:00:00-05:00,2.58705997467041,2.607592196691604,2.566527752649216,2.58705997467041,12000,0.0,0.0
1986-12-04 00:00:00-05:00,2.5870601211007185,2.6075923442840576,2.5459956747340406,2.6075923442840576,8000,0.0,0.0
1986-12-05 00:00:00-05:00,2.607592196691604,2.6281244187127974,2.5459955306280224,2.58705997467041,20100,0.0,0.0
1986-12-08 00:00:00-05:00,2.5870601211007185,2.6075923442840576,2.56652789791738,2.6075923442840576,9500,0.0,0.0
1986-12-09 00:00:00-05:00,2.6075915433466434,2.648655977100134,2.5870593264698982,2.6281237602233887,26900,0.0,0.0
1986-12-10 00:00:00-05:00,2.628124755859375,2.628124755859375,2.566528081893921,2.566528081893921,11100,0.0,0.0
1986-12-11 00:00:00-05:00,2.5870601211007185,2.6281245674673968,2.5870601211007185,2.6075923442840576,15900,0.0,0.0
1986-12-12 00:00:00-05:00,2.6075915433466434,2.648655977100134,2.6075915433466434,2.6281237602233887,11100,0.0,0.0
1986-12-15 00:00:00-05:00,2.6281245674673968,2.6281245674673968,2.5870601211007185,2.6075923442840576,12200,0.0,0.0
1986-12-16 00:00:00-05:00,2.607592196691604,2.648656640733991,2.58705997467041,2.58705997467041,8500,0.0,0.0
1986-12-17 00:00:00-05:00,2.58705997467041,2.6281244187127974,2.58705997467041,2.58705997467041,46100,0.0,0.0
1986-12-18 00:00:00-05:00,2.58705997467041,2.607592196691604,2.566527752649216,2.58705997467041,41500,0.0,0.0
1986-12-19 00:00:00-05:00,2.5870601211007185,2.6075923442840576,2.56652789791738,2.6075923442840576,8600,0.0,0.0
1986-12-22 00:00:00-05:00,2.6075917395149792,2.6075917395149792,2.5254628658294678,2.5254628658294678,19100,0.0,0.0
1986-12-23 00:00:00-05:00,2.525462316087455,2.5870589579432464,2.4843978881835938,2.4843978881835938,19700,0.0,0.0
1986-12-24 00:00:00-05:00,2.4843978881835938,2.525462316087455,2.4843978881835938,2.4843978881835938,7500,0.0,0.0
1986-12-26 00:00:00-05:00,2.4843975696407377,2.525461992279428,2.4843975696407377,2.504929780960083,4800,0.0,0.0
1986-12-29 00:00:00-05:00,2.5049301021355244,2.525462316087455,2.4638656742316636,2.4843978881835938,15900,0.0,0.0
1986-12-30 00:00:00-05:00,2.4843978881835938,2.525462316087455,2.4843978881835938,2.4843978881835938,16000,0.0,0.0
1986-12-31 00:00:00-05:00,2.4843978881835938,2.5049301021355244,2.4638656742316636,2.4843978881835938,23600,0.0,0.0
1987-01-02 00:00:00-05:00,2.484398809171492,2.5459954738616943,2.484398809171492,2.5459954738616943,6700,0.0,0.0
1987-01-05 00:00:00-05:00,2.5459954738616943,2.5459954738616943,2.504931030734893,2.5459954738616943,5000,0.0,0.0
1987-01-06 00:00:00-05:00,2.5459955306280224,2.607592196691604,2.5459955306280224,2.58705997467041,13700,0.0,0.0
1987-01-07 00:00:00-05:00,2.58705997467041,2.607592196691604,2.566527752649216,2.58705997467041,16100,0.0,0.0
1987-01-08 00:00:00-05:00,2.587059916988496,2.6075921385518965,2.5459954738616943,2.5459954738616943,19200,0.0,0.0
1987-01-09 00:00:00-05:00,2.5459954738616943,2.5459954738616943,2.484398809171492,2.5459954738616943,20000,0.0,0.0
1987-01-12 00:00:00-05:00,2.5459955306280224,2.607592196691604,2.5254633086068288,2.58705997467041,35700,0.0,0.0
1987-01-13 00:00:00-05:00,2.566527695425095,2.566527695425095,2.5459954738616943,2.5459954738616943,19000,0.0,0.0
1987-01-14 00:00:00-05:00,2.5459954738616943,2.566527695425095,2.5254632522982936,2.5459954738616943,23700,0.0,0.0
1987-01-15 00:00:00-05:00,2.5459954738616943,2.5459954738616943,2.504931030734893,2.5459954738616943,7500,0.0,0.0
1987-01-16 00:00:00-05:00,2.545994203598773,2.545994203598773,2.504929780960083,2.504929780960083,13300,0.0,0.0
1987-01-19 00:00:00-05:00,2.50493064740809,2.545995084250846,2.4843984289867125,2.5254628658294678,28300,0.0,0.0
1987-01-20 00:00:00-05:00,2.5254628658294678,2.5254628658294678,2.4843984289867125,2.5254628658294678,10900,0.0,0.0
1987-01-21 00:00:00-05:00,2.5049301021355244,2.5049301021355244,2.4638656742316636,2.4843978881835938,12300,0.0,0.0
1987-01-22 00:00:00-05:00,2.4843975696407377,2.504929780960083,2.4843975696407377,2.504929780960083,9700,0.0,0.0
1987-01-23 00:00:00-05:00,2.5049311558405556,2.525463378429413,2.463866710662842,2.463866710662842,12700,0.0,0.0
1987-01-26 00:00:00-05:00,2.463866710662842,2.4843989332516987,2.463866710662842,2.463866710662842,9100,0.0,0.0
1987-01-27 00:00:00-05:00,2.463866710662842,2.4843989332516987,2.443334488073985,2.463866710662842,22400,0.0,0.0
1987-01-28 00:00:00-05:00,2.463866710662842,2.4843989332516987,2.443334488073985,2.463866710662842,64700,0.0,0.0
1987-01-29 00:00:00-05:00,2.4843978881835938,2.5049301021355244,2.4843978881835938,2.4843978881835938,11900,0.0,0.0
1987-01-30 00:00:00-05:00,2.4843978881835938,2.5049301021355244,2.4638656742316636,2.4843978881835938,16200,0.0,0.0
1987-02-02 00:00:00-05:00,2.4843978881835938,2.525462316087455,2.4843978881835938,2.4843978881835938,27900,0.0,0.0
1987-02-03 00:00:00-05:00,2.4843975696407377,2.504929780960083,2.4843975696407377,2.504929780960083,19500,0.0,0.0
1987-02-04 00:00:00-05:00,2.5049301021355244,2.5049301021355244,2.4638656742316636,2.4843978881835938,22800,0.0,0.0
1987-02-05 00:00:00-05:00,2.4843984289867125,2.5254628658294678,2.4843984289867125,2.5254628658294678,40600,0.0,0.0
1987-02-06 00:00:00-05:00,2.525463632583618,2.566528081893921,2.525463632583618,2.566528081893921,15700,0.0,0.0
1987-02-09 00:00:00-05:00,2.566527695425095,2.566527695425095,2.504931030734893,2.5459954738616943,22400,0.0,0.0
1987-02-10 00:00:00-05:00,2.5459954738616943,2.566527695425095,2.504931030734893,2.5459954738616943,16900,0.0,0.0
1987-02-11 00:00:00-05:00,2.545995084250846,2.545995084250846,2.50493064740809,2.5254628658294678,12600,0.0,0.0
1987-02-12 00:00:00-05:00,2.504929780960083,2.504929780960083,2.4843975696407377,2.504929780960083,11000,0.0,0.0
1987-02-13 00:00:00-05:00,2.5049311558405556,2.5049311558405556,2.463866710662842,2.463866710662842,31100,0.0,0.0
1987-02-17 00:00:00-05:00,2.484398809171492,2.587059916988496,2.484398809171492,2.5459954738616943,26500,0.0,0.0
1987-02-18 00:00:00-05:00,2.54599560101827,2.5870600461959836,2.463866710662842,2.463866710662842,49200,0.0,0.0
1987-02-19 00:00:00-05:00,2.4843984289867125,2.5254628658294678,2.4843984289867125,2.5254628658294678,17900,0.0,0.0
1987-02-20 00:00:00-05:00,2.5254628658294678,2.545995084250846,2.4843984289867125,2.5254628658294678,19700,0.0,0.0
1987-02-23 00:00:00-05:00,2.525463632583618,2.566528081893921,2.525463632583618,2.566528081893921,23500,0.0,0.0
1987-02-24 00:00:00-05:00,2.566527695425095,2.566527695425095,2.5459954738616943,2.5459954738616943,14300,0.0,0.0
1987-02-25 00:00:00-05:00,2.5459958572387698,2.566528081893921,2.5459958572387698,2.566528081893921,31700,0.0,0.0
1987-02-26 00:00:00-05:00,2.566528081893921,2.566528081893921,2.5459958572387698,2.566528081893921,21100,0.0,0.0
1987-02-27 00:00:00-05:00,2.566527695425095,2.566527695425095,2.5459954738616943,2.5459954738616943,12500,0.0,0.0
1987-03-02 00:00:00-05:00,2.545995084250846,2.5665273026722235,2.5254628658294678,2.5254628658294678,9800,0.0,0.0
1987-03-03 00:00:00-05:00,2.525463378429413,2.54599560101827,2.463866710662842,2.463866710662842,19900,0.0,0.0
1987-03-04 00:00:00-05:00,2.4638656742316636,2.525462316087455,2.4638656742316636,2.4843978881835938,15600,0.0,0.0
1987-03-05 00:00:00-05:00,2.504929780960083,2.545994203598773,2.504929780960083,2.504929780960083,13500,0.0,0.0
1987-03-06 00:00:00-05:00,2.504929780960083,2.525461992279428,2.504929780960083,2.504929780960083,15900,0.0,0.0
1987-03-09 00:00:00-05:00,2.5049301021355244,2.525462316087455,2.4843978881835938,2.4843978881835938,17500,0.0,0.0
1987-03-10 00:00:00-05:00,2.484399268607132,2.484399268607132,2.4433348178863525,2.4433348178863525,26300,0.0,0.0
1987-03-11 00:00:00-05:00,2.4638656742316636,2.525462316087455,2.4638656742316636,2.4843978881835938,22500,0.0,0.0
1987-03-12 00:00:00-05:00,2.484398809171492,2.5459954738616943,2.484398809171492,2.5459954738616943,37700,0.0,0.0
1987-03-13 00:00:00-05:00,2.545994203598773,2.545994203598773,2.4843975696407377,2.504929780960083,19300,0.0,0.0
1987-03-16 00:00:00-05:00,2.5049301021355244,2.525462316087455,2.4843978881835938,2.4843978881835938,20800,0.0,0.0
1987-03-17 00:00:00-05:00,2.4843991832733154,2.566528081893921,2.4843991832733154,2.566528081893921,44600,0.0,0.0
1987-03-18 00:00:00-05:00,2.566528081893921,2.566528081893921,2.5459958572387698,2.566528081893921,8900,0.0,0.0
1987-03-19 00:00:00-05:00,2.5459954738616943,2.5459954738616943,2.5254632522982936,2.5459954738616943,21700,0.0,0.0
1987-03-20 00:00:00-05:00,2.545995084250846,2.545995084250846,2.4843984289867125,2.5254628658294678,25500,0.0,0.0
1987-03-23 00:00:00-05:00,2.525462316087455,2.525462316087455,2.4638656742316636,2.4843978881835938,10300,0.0,0.0
1987-03-24 00:00:00-05:00,2.484398809171492,2.5459954738616943,2.484398809171492,2.5459954738616943,28500,0.0,0.0
1987-03-25 00:00:00-05:00,2.5459958572387698,2.566528081893921,2.5459958572387698,2.566528081893921,26100,0.0,0.0
1987-03-26 00:00:00-05:00,2.566527695425095,2.587059916988496,2.5459954738616943,2.5459954738616943,13100,0.0,0.0
1987-03-27 00:00:00-05:00,2.5459954738616943,2.587059916988496,2.5459954738616943,2.5459954738616943,10300,0.0,0.0
1987-03-30 00:00:00-05:00,2.54599560101827,2.54599560101827,2.443334488073985,2.463866710662842,27100,0.0,0.0
1987-03-31 00:00:00-05:00,2.463866710662842,2.5049311558405556,2.443334488073985,2.463866710662842,23200,0.0,0.0
1987-04-01 00:00:00-05:00,2.4638656742316636,2.525462316087455,2.4638656742316636,2.4843978881835938,14600,0.0,0.0
1987-04-02 00:00:00-05:00,2.4843984289867125,2.5254628658294678,2.4638662105653344,2.5254628658294678,21500,0.0,0.0
1987-04-03 00:00:00-05:00,2.5254628658294678,2.545995084250846,2.50493064740809,2.5254628658294678,37900,0.0,0.0
1987-04-06 00:00:00-04:00,2.5254628658294678,2.5254628658294678,2.50493064740809,2.5254628658294678,10100,0.0,0.0
1987-04-07 00:00:00-04:00,2.525461992279428,2.525461992279428,2.4638653583213928,2.504929780960083,13400,0.0,0.0
1987-04-08 00:00:00-04:00,2.504929780960083,2.504929780960083,2.4638653583213928,2.504929780960083,10700,0.0,0.0
1987-04-09 00:00:00-04:00,2.5049311558405556,2.5049311558405556,2.463866710662842,2.463866710662842,8500,0.0,0.0
1987-04-10 00:00:00-04:00,2.463867043246742,2.504931493967521,2.4433348178863525,2.4433348178863525,17400,0.0,0.0
1987-04-13 00:00:00-04:00,2.4433348178863525,2.4433348178863525,2.4228025925259633,2.4433348178863525,17100,0.0,0.0
1987-04-14 00:00:00-04:00,2.443334281953991,2.443334281953991,2.4022698402404785,2.4022698402404785,11500,0.0,0.0
1987-04-15 00:00:00-04:00,2.4022698402404785,2.443334281953991,2.4022698402404785,2.4022698402404785,14600,0.0,0.0
1987-04-16 00:00:00-04:00,2.4022700428962707,2.463866710662842,2.4022700428962707,2.463866710662842,16000,0.0,0.0
1987-04-20 00:00:00-04:00,2.4638678663868014,2.4844000986066916,2.4228034019470215,2.4228034019470215,11700,0.0,0.0
1987-04-21 00:00:00-04:00,2.4228025925259633,2.463867043246742,2.4228025925259633,2.4433348178863525,5600,0.0,0.0
1987-04-22 00:00:00-04:00,2.4433348178863525,2.484399268607132,2.4228025925259633,2.4433348178863525,8800,0.0,0.0
1987-04-23 00:00:00-04:00,2.4228020610972347,2.4228020610972347,2.4022698402404785,2.4022698402404785,5700,0.0,0.0
1987-04-24 00:00:00-04:00,2.4022698402404785,2.4022698402404785,2.361205398526966,2.4022698402404785,15100,0.0,0.0
1987-04-27 00:00:00-04:00,2.402269930675112,2.402269930675112,2.3406732657860063,2.38173770904541,12000,0.0,0.0
1987-04-28 00:00:00-04:00,2.3817376193837223,2.4022698402404785,2.361205398526966,2.4022698402404785,5500,0.0,0.0
1987-04-29 00:00:00-04:00,2.4022703671655736,2.484399268607132,2.381738141805184,2.4433348178863525,11700,0.0,0.0
1987-04-30 00:00:00-04:00,2.4638656742316636,2.4843978881835938,2.4638656742316636,2.4843978881835938,6500,0.0,0.0
1987-05-01 00:00:00-04:00,2.4843978881835938,2.4843978881835938,2.4228012463278024,2.4843978881835938,9900,0.0,0.0
1987-05-04 00:00:00-04:00,2.4843978881835938,2.4843978881835938,2.443333460279733,2.4843978881835938,5600,0.0,0.0
1987-05-05 00:00:00-04:00,2.4843987236675034,2.4843987236675034,2.4022698402404785,2.4022698402404785,18400,0.0,0.0
1987-05-06 00:00:00-04:00,2.443334488073985,2.4843989332516987,2.443334488073985,2.463866710662842,16600,0.0,0.0
1987-05-07 00:00:00-04:00,2.463866710662842,2.4843989332516987,2.463866710662842,2.463866710662842,10400,0.0,0.0
1987-05-08 00:00:00-04:00,2.463866710662842,2.4843989332516987,2.443334488073985,2.463866710662842,15200,0.0,0.0
1987-05-11 00:00:00-04:00,2.463866710662842,2.463866710662842,2.4022700428962707,2.463866710662842,7200,0.0,0.0
1987-05-12 00:00:00-04:00,2.4433343739345155,2.4433343739345155,2.38173770904541,2.38173770904541,11700,0.0,0.0
1987-05-13 00:00:00-04:00,2.3817382812499996,2.3817382812499996,2.340673828125,2.3612060546875,12900,0.0,0.0
1987-05-14 00:00:00-04:00,2.3612054874157082,2.38173770904541,2.3406732657860063,2.38173770904541,8400,0.0,0.0
1987-05-15 00:00:00-04:00,2.3817371652837385,2.40226938222584,2.320140514457435,2.340672731399536,12300,0.0,0.0
1987-05-18 00:00:00-04:00,2.340672731399536,2.3817371652837385,2.320140514457435,2.340672731399536,5300,0.0,0.0
1987-05-19 00:00:00-04:00,2.3406732657860063,2.402269930675112,2.320141044156305,2.38173770904541,20600,0.0,0.0
1987-05-20 00:00:00-04:00,2.3817382812499996,2.3817382812499996,2.3612060546875,2.3612060546875,8700,0.0,0.0
1987-05-21 00:00:00-04:00,2.3612049483416375,2.3612049483416375,2.2790760805732324,2.340672731399536,31400,0.0,0.0
1987-05-22 00:00:00-04:00,2.340673828125,2.3612060546875,2.3201416015625,2.3612060546875,5200,0.0,0.0
1987-05-26 00:00:00-04:00,2.3612049483416375,2.3612049483416375,2.340672731399536,2.340672731399536,4800,0.0,0.0
1987-05-27 00:00:00-04:00,2.3406721779278348,2.361204390014921,2.299607753753662,2.299607753753662,10200,0.0,0.0
1987-05-28 00:00:00-04:00,2.299607753753662,2.3201399658407484,2.299607753753662,2.299607753753662,4900,0.0,0.0
1987-05-29 00:00:00-04:00,2.299608297515334,2.340672731399536,2.299608297515334,2.340672731399536,7000,0.0,0.0
1987-06-01 00:00:00-04:00,2.3201399658407484,2.3201399658407484,2.299607753753662,2.299607753753662,10000,0.0,0.0
1987-06-02 00:00:00-04:00,2.299607753753662,2.3201399658407484,2.2790755416665758,2.299607753753662,19500,0.0,0.0
1987-06-03 00:00:00-04:00,2.299607753753662,2.3406721779278348,2.2790755416665758,2.299607753753662,12600,0.0,0.0
1987-06-04 00:00:00-04:00,2.2996081461948634,2.3201403617858887,2.2996081461948634,2.3201403617858887,4700,0.0,0.0
1987-06-05 00:00:00-04:00,2.320140514457435,2.340672731399536,2.320140514457435,2.340672731399536,4100,0.0,0.0
1987-06-08 00:00:00-04:00,2.340672731399536,2.340672731399536,2.299608297515334,2.340672731399536,6500,0.0,0.0
1987-06-09 00:00:00-04:00,2.340673828125,2.3612060546875,2.2996093749999997,2.3612060546875,9500,0.0,0.0
1987-06-10 00:00:00-04:00,2.361204390014921,2.361204390014921,2.299607753753662,2.299607753753662,15400,0.0,0.0
1987-06-11 00:00:00-04:00,2.2996093749999997,2.3612060546875,2.2996093749999997,2.3612060546875,13500,0.0,0.0
1987-06-12 00:00:00-04:00,2.3612060546875,2.3817382812499996,2.3201416015625,2.3612060546875,6100,0.0,0.0
1987-06-15 00:00:00-04:00,2.3612049483416375,2.3817371652837385,2.320140514457435,2.340672731399536,26800,0.0,0.0
1987-06-16 00:00:00-04:00,2.340672731399536,2.3612049483416375,2.320140514457435,2.340672731399536,25100,0.0,0.0
1987-06-17 00:00:00-04:00,2.340673828125,2.3612060546875,2.3201416015625,2.3612060546875,13900,0.0,0.0
1987-06-18 00:00:00-04:00,2.36120479296794,2.36120479296794,2.3201403617858887,2.3201403617858887,27600,0.0,0.0
1987-06-19 00:00:00-04:00,2.299607753753662,2.299607753753662,2.2790755416665758,2.299607753753662,46200,0.0,0.0
1987-06-22 00:00:00-04:00,2.2996081461948634,2.3406725773769144,2.2790759306038377,2.3201403617858887,8300,0.0,0.0
1987-06-23 00:00:00-04:00,2.3201399658407484,2.3406721779278348,2.2790755416665758,2.299607753753662,29300,0.0,0.0
1987-06-24 00:00:00-04:00,2.2996078353744367,2.32014004819028,2.2790756225585938,2.2790756225585938,9600,0.0,0.0
1987-06-25 00:00:00-04:00,2.2790756225585938,2.2996078353744367,2.2790756225585938,2.2790756225585938,12700,0.0,0.0
1987-06-26 00:00:00-04:00,2.2790755416665758,2.299607753753662,2.2790755416665758,2.299607753753662,7300,0.0,0.0
1987-06-29 00:00:00-04:00,2.299607753753662,2.299607753753662,2.25854332957949,2.299607753753662,9500,0.0,0.0
1987-06-30 00:00:00-04:00,2.2996093749999997,2.3612060546875,2.2790771484374996,2.3612060546875,20300,0.0,0.0
1987-07-01 00:00:00-04:00,2.361204390014921,2.361204390014921,2.299607753753662,2.299607753753662,8700,0.0,0.0
1987-07-02 00:00:00-04:00,2.2996078353744367,2.340672261006123,2.2790756225585938,2.2790756225585938,16200,0.0,0.0
1987-07-06 00:00:00-04:00,2.2790756225585938,2.2996078353744367,2.2585434097427504,2.2790756225585938,7300,0.0,0.0
1987-07-07 00:00:00-04:00,2.2790756225585938,2.2996078353744367,2.2790756225585938,2.2790756225585938,9900,0.0,0.0
1987-07-08 00:00:00-04:00,2.279076274381865,2.279076274381865,2.2380118370056152,2.2380118370056152,8000,0.0,0.0
1987-07-09 00:00:00-04:00,2.2380129315636372,2.2790773890235205,2.217480702833696,2.258545160293579,27900,0.0,0.0
1987-07-10 00:00:00-04:00,2.2585438636311315,2.340672731399536,2.2585438636311315,2.340672731399536,11500,0.0,0.0
1987-07-13 00:00:00-04:00,2.299607753753662,2.299607753753662,2.25854332957949,2.299607753753662,36800,0.0,0.0
1987-07-14 00:00:00-04:00,2.299607753753662,2.3406721779278348,2.2790755416665758,2.299607753753662,8300,0.0,0.0
1987-07-15 00:00:00-04:00,2.299607753753662,2.3201399658407484,2.2790755416665758,2.299607753753662,7600,0.0,0.0
1987-07-16 00:00:00-04:00,2.299608297515334,2.340672731399536,2.299608297515334,2.340672731399536,10400,0.0,0.0
1987-07-17 00:00:00-04:00,2.340672731399536,2.340672731399536,2.299608297515334,2.340672731399536,8300,0.0,0.0
1987-07-20 00:00:00-04:00,2.3406721779278348,2.361204390014921,2.299607753753662,2.299607753753662,8500,0.0,0.0
1987-07-21 00:00:00-04:00,2.2996093749999997,2.3612060546875,2.2996093749999997,2.3612060546875,6900,0.0,0.0
1987-07-22 00:00:00-04:00,2.3612060546875,2.3612060546875,2.3201416015625,2.3612060546875,10400,0.0,0.0
1987-07-23 00:00:00-04:00,2.3612060546875,2.3612060546875,2.3201416015625,2.3612060546875,18400,0.0,0.0
1987-07-24 00:00:00-04:00,2.3612049483416375,2.3612049483416375,2.320140514457435,2.340672731399536,6800,0.0,0.0
1987-07-27 00:00:00-04:00,2.340672731399536,2.3612049483416375,2.320140514457435,2.340672731399536,4900,0.0,0.0
1987-07-28 00:00:00-04:00,2.340672731399536,2.3612049483416375,2.320140514457435,2.340672731399536,3900,0.0,0.0
1987-07-29 00:00:00-04:00,2.340673828125,2.3612060546875,2.340673828125,2.3612060546875,12300,0.0,0.0
1987-07-30 00:00:00-04:00,2.3612067052873513,2.4228034019470215,2.3612067052873513,2.4228034019470215,14000,0.0,0.0
1987-07-31 00:00:00-04:00,2.4228034019470215,2.4228034019470215,2.4022711697271317,2.4228034019470215,5900,0.0,0.0
1987-08-03 00:00:00-04:00,2.4228020610972347,2.443334281953991,2.4022698402404785,2.4022698402404785,6100,0.0,0.0
1987-08-04 00:00:00-04:00,2.4022711697271317,2.4228034019470215,2.4022711697271317,2.4228034019470215,8000,0.0,0.0
1987-08-05 00:00:00-04:00,2.4228020610972347,2.4228020610972347,2.3817376193837223,2.4022698402404785,10600,0.0,0.0
1987-08-06 00:00:00-04:00,2.4022698402404785,2.4228020610972347,2.3817376193837223,2.4022698402404785,13900,0.0,0.0
1987-08-07 00:00:00-04:00,2.4022711697271317,2.4433356341669117,2.3817389375072415,2.4228034019470215,7900,0.0,0.0
1987-08-10 00:00:00-04:00,2.3817382812499996,2.3817382812499996,2.3201416015625,2.3612060546875,10500,0.0,0.0
1987-08-11 00:00:00-04:00,2.36120479296794,2.3817370085589653,2.3201403617858887,2.3201403617858887,13800,0.0,0.0
1987-08-12 00:00:00-04:00,2.320140514457435,2.3817371652837385,2.320140514457435,2.340672731399536,8800,0.0,0.0
1987-08-13 00:00:00-04:00,2.340673828125,2.3612060546875,2.3201416015625,2.3612060546875,11800,0.0,0.0
1987-08-14 00:00:00-04:00,2.3612060546875,2.3817382812499996,2.2996093749999997,2.3612060546875,18800,0.0,0.0
1987-08-17 00:00:00-04:00,2.36120479296794,2.36120479296794,2.2996081461948634,2.3201403617858887,13700,0.0,0.0
1987-08-18 00:00:00-04:00,2.320140514457435,2.340672731399536,2.2790760805732324,2.340672731399536,9400,0.0,0.0
1987-08-19 00:00:00-04:00,2.340673828125,2.3612060546875,2.2996093749999997,2.3612060546875,14600,0.0,0.0
1987-08-20 00:00:00-04:00,2.3612060546875,2.3817382812499996,2.3201416015625,2.3612060546875,8300,0.0,0.0
1987-08-21 00:00:00-04:00,2.3612060546875,2.3817382812499996,2.3201416015625,2.3612060546875,9400,0.0,0.0
1987-08-24 00:00:00-04:00,2.361205398526966,2.4022698402404785,2.34067317767021,2.4022698402404785,11600,0.0,0.0
1987-08-25 00:00:00-04:00,2.40226938222584,2.40226938222584,2.299608297515334,2.340672731399536,11000,0.0,0.0
1987-08-26 00:00:00-04:00,2.3406721779278348,2.361204390014921,2.299607753753662,2.299607753753662,10600,0.0,0.0
1987-08-27 00:00:00-04:00,2.2996081461948634,2.3406725773769144,2.2996081461948634,2.3201403617858887,10900,0.0,0.0
1987-08-28 00:00:00-04:00,2.3201399658407484,2.3201399658407484,2.299607753753662,2.299607753753662,16800,0.0,0.0
1987-08-31 00:00:00-04:00,2.299607753753662,2.3201399658407484,2.299607753753662,2.299607753753662,6500,0.0,0.0
1987-09-01 00:00:00-04:00,2.2996081461948634,2.3201403617858887,2.2996081461948634,2.3201403617858887,8400,0.0,0.0
1987-09-02 00:00:00-04:00,2.3201399658407484,2.3406721779278348,2.299607753753662,2.299607753753662,22400,0.0,0.0
1987-09-03 00:00:00-04:00,2.299608297515334,2.340672731399536,2.299608297515334,2.340672731399536,14200,0.0,0.0
1987-09-04 00:00:00-04:00,2.3406721779278348,2.3406721779278348,2.299607753753662,2.299607753753662,6200,0.0,0.0
1987-09-08 00:00:00-04:00,2.299607753753662,2.3201399658407484,2.2790755416665758,2.299607753753662,13900,0.0,0.0
1987-09-09 00:00:00-04:00,2.2996078353744367,2.2996078353744367,2.2790756225585938,2.2790756225585938,18600,0.0,0.0
1987-09-10 00:00:00-04:00,2.2790755416665758,2.299607753753662,2.2790755416665758,2.299607753753662,42100,0.0,0.0
1987-09-11 00:00:00-04:00,2.2790756225585938,2.2790756225585938,2.2790756225585938,2.2790756225585938,11900,0.0,0.0
1987-09-14 00:00:00-04:00,2.2790773890235205,2.2996096177534624,2.258545160293579,2.258545160293579,13100,0.0,0.0
1987-09-15 00:00:00-04:00,2.2380117053077333,2.2380117053077333,2.135350617908296,2.1558828353881836,31000,0.0,0.0
1987-09-16 00:00:00-04:00,2.1558817301955178,2.2174783510582468,2.1558817301955178,2.196946144104004,17900,0.0,0.0
1987-09-17 00:00:00-04:00,2.196946144104004,2.196946144104004,2.1558817301955178,2.196946144104004,15700,0.0,0.0
1987-09-18 00:00:00-04:00,2.1969472703479584,2.1969472703479584,2.1558828353881836,2.1558828353881836,15200,0.0,0.0
1987-09-21 00:00:00-04:00,2.1558828353881836,2.1558828353881836,2.135350617908296,2.1558828353881836,19400,0.0,0.0
1987-09-22 00:00:00-04:00,2.1558828353881836,2.176415052868071,2.1148184004284087,2.1558828353881836,13000,0.0,0.0
1987-09-23 00:00:00-04:00,2.135350551420045,2.135350551420045,2.012157250376581,2.1148183345794678,20400,0.0,0.0
1987-09-24 00:00:00-04:00,2.1148196248447197,2.135351854212144,2.0737551661098705,2.094287395477295,22600,0.0,0.0
1987-09-25 00:00:00-04:00,2.0942861177388905,2.1764149851012,2.0737539008983132,2.1148183345794678,9700,0.0,0.0
1987-09-28 00:00:00-04:00,2.1353511810302734,2.176415626819317,2.1353511810302734,2.1353511810302734,7500,0.0,0.0
1987-09-29 00:00:00-04:00,2.1353511810302734,2.1353511810302734,2.1148189581357513,2.1353511810302734,8400,0.0,0.0
1987-09-30 00:00:00-04:00,2.135350617908296,2.1558828353881836,2.1148184004284087,2.1558828353881836,19400,0.0,0.0
1987-10-01 00:00:00-04:00,2.1558828353881836,2.1558828353881836,2.1148184004284087,2.1558828353881836,6400,0.0,0.0
1987-10-02 00:00:00-04:00,2.1558827682606223,2.1558827682606223,2.1148183345794678,2.1148183345794678,13600,0.0,0.0
1987-10-05 00:00:00-04:00,2.1148189581357513,2.155883403924795,2.1148189581357513,2.1353511810302734,17400,0.0,0.0
1987-10-06 00:00:00-04:00,2.1353511810302734,2.1353511810302734,2.1148189581357513,2.1353511810302734,6800,0.0,0.0
1987-10-07 00:00:00-04:00,2.135351854212144,2.135351854212144,2.094287395477295,2.094287395477295,12600,0.0,0.0
1987-10-08 00:00:00-04:00,2.094287395477295,2.1148196248447197,2.0737551661098705,2.094287395477295,13000,0.0,0.0
1987-10-09 00:00:00-04:00,2.094287395477295,2.1148196248447197,2.0737551661098705,2.094287395477295,9600,0.0,0.0
1987-10-12 00:00:00-04:00,2.0942854070663453,2.1148176169395447,2.0532209873199463,2.0532209873199463,8400,0.0,0.0
1987-10-13 00:00:00-04:00,2.053222936742446,2.094287395477295,2.053222936742446,2.094287395477295,7700,0.0,0.0
1987-10-14 00:00:00-04:00,2.094287395477295,2.135351854212144,2.094287395477295,2.094287395477295,8900,0.0,0.0
1987-10-15 00:00:00-04:00,2.0942854070663453,2.0942854070663453,2.0532209873199463,2.0532209873199463,15100,0.0,0.0
1987-10-16 00:00:00-04:00,2.0532209873199463,2.0737531971931458,2.032688777446747,2.0532209873199463,13400,0.0,0.0
1987-10-19 00:00:00-04:00,2.0121579882742346,2.0121579882742346,1.64257794961162,1.7863035202026367,92400,0.0,0.0
1987-10-20 00:00:00-04:00,1.7863024907953597,1.8068347033332375,1.6836414281059713,1.7452380657196045,73900,0.0,0.0
1987-10-21 00:00:00-04:00,1.8273672209845648,1.9710927327473957,1.8273672209845648,1.8478994369506836,63100,0.0,0.0
1987-10-22 00:00:00-04:00,1.8479001933130725,1.8684324176832177,1.7041746227220558,1.7863035202026367,50500,0.0,0.0
1987-10-23 00:00:00-04:00,1.7863023281097412,1.8478989601135254,1.6836412747701008,1.724705696105957,40100,0.0,0.0
1987-10-26 00:00:00-05:00,1.7247058531817268,1.765770278257482,1.6631092155680935,1.7452380657196045,40900,0.0,0.0
1987-10-27 00:00:00-05:00,1.7452379853226416,1.847899043282797,1.7247057737306106,1.7657701969146729,31900,0.0,0.0
1987-10-28 00:00:00-05:00,1.7452384422465068,1.7452384422465068,1.663109574376083,1.683641791343689,44700,0.0,0.0
1987-10-29 00:00:00-05:00,1.6836414281059713,1.7452380657196043,1.6631092155680935,1.7452380657196045,82100,0.0,0.0
1987-10-30 00:00:00-05:00,1.7452379853226416,1.7863024085067039,1.7041735621385796,1.7657701969146729,32500,0.0,0.0
1987-11-02 00:00:00-05:00,1.7657712958324914,1.7863035202026367,1.7657712958324914,1.7863035202026367,29000,0.0,0.0
1987-11-03 00:00:00-05:00,1.7863033918234017,1.888964506296011,1.7657711689288798,1.8684322834014893,22800,0.0,0.0
1987-11-04 00:00:00-05:00,1.8889642069416661,1.9710930855043474,1.8889642069416661,1.9094964265823364,20100,0.0,0.0
1987-11-05 00:00:00-05:00,1.9094960848490397,1.9300283008151582,1.8478994369506836,1.8478994369506836,13700,0.0,0.0
1987-11-06 00:00:00-05:00,1.868432283401489,1.9710933978740983,1.868432283401489,1.8684322834014893,20300,0.0,0.0
1987-11-09 00:00:00-05:00,1.8684313673040143,1.9300280057865642,1.8068347288214643,1.8889635801315308,27400,0.0,0.0
1987-11-10 00:00:00-05:00,1.8889642069416661,1.9094964265823364,1.7863031087383148,1.9094964265823364,77300,0.0,0.0
1987-11-11 00:00:00-05:00,1.9094964265823364,1.9300286462230067,1.868431987300996,1.9094964265823364,11300,0.0,0.0
1987-11-12 00:00:00-05:00,1.9094960848490397,1.9094960848490397,1.8273672209845648,1.8478994369506836,18300,0.0,0.0
1987-11-13 00:00:00-05:00,1.8478999388845343,1.9916254896866648,1.8478999388845343,1.9505610466003418,19300,0.0,0.0
1987-11-16 00:00:00-05:00,1.9710935612314753,2.05322245961612,1.9710935612314753,1.9916257858276367,25400,0.0,0.0
1987-11-17 00:00:00-05:00,1.9916245134509338,2.0532211478875606,1.9710923019720583,2.0121567249298096,19200,0.0,0.0
1987-11-18 00:00:00-05:00,2.0121567671497664,2.032688979059458,1.9710923433303833,1.9710923433303833,16200,0.0,0.0
1987-11-19 00:00:00-05:00,1.9710932681435032,1.9916254896866648,1.9300288250571802,1.9505610466003418,11800,0.0,0.0
1987-11-20 00:00:00-05:00,1.9300289520850546,1.9300289520850546,1.868432283401489,1.8684322834014893,12800,0.0,0.0
1987-11-23 00:00:00-05:00,1.8684316529168021,1.9094960848490397,1.8478994369506836,1.8478994369506836,9600,0.0,0.0
1987-11-24 00:00:00-05:00,1.8478991544764976,1.9094957929590475,1.8478991544764976,1.8889635801315308,22800,0.0,0.0
1987-11-25 00:00:00-05:00,1.8889642069416661,1.950560865863677,1.8889642069416661,1.9094964265823364,17400,0.0,0.0
1987-11-27 00:00:00-05:00,1.9094957929590475,1.9094957929590475,1.8478991544764976,1.8889635801315308,8900,0.0,0.0
1987-11-30 00:00:00-05:00,1.8889642069416661,1.9094964265823364,1.806835328378985,1.9094964265823364,20400,0.0,0.0
1987-12-01 00:00:00-05:00,1.909496729190533,1.909496729190533,1.8479000605069673,1.8684322834014893,12300,0.0,0.0
1987-12-02 00:00:00-05:00,1.8478994369506836,1.8478994369506836,1.8273672209845648,1.8478994369506836,7700,0.0,0.0
1987-12-03 00:00:00-05:00,1.8478984377357395,1.8478984377357395,1.827366232872009,1.8273662328720093,9700,0.0,0.0
1987-12-04 00:00:00-05:00,1.827366831690766,1.847899043282797,1.7452379853226416,1.7657701969146729,21400,0.0,0.0
1987-12-07 00:00:00-05:00,1.7452380657196043,1.7452380657196043,1.6836414281059713,1.7452380657196045,30500,0.0,0.0
1987-12-08 00:00:00-05:00,1.7452379853226416,1.7657701969146729,1.7041735621385796,1.7657701969146729,23500,0.0,0.0
1987-12-09 00:00:00-05:00,1.7657701969146729,1.7863024085067039,1.7041735621385796,1.7657701969146729,27500,0.0,0.0
1987-12-10 00:00:00-05:00,1.765770117441813,1.8068345387776692,1.724705696105957,1.724705696105957,23900,0.0,0.0
1987-12-11 00:00:00-05:00,1.724706847092201,1.7863035202026367,1.7041746227220558,1.7863035202026367,15500,0.0,0.0
1987-12-14 00:00:00-05:00,1.7863018231445482,1.827366232872009,1.7452374134170874,1.8273662328720093,18800,0.0,0.0
1987-12-15 00:00:00-05:00,1.8273667896335775,1.8478990007530558,1.7657701562751422,1.8068345785140991,22000,0.0,0.0
1987-12-16 00:00:00-05:00,1.806834578514099,1.8478990007530558,1.7863023673946206,1.8068345785140991,14700,0.0,0.0
1987-12-17 00:00:00-05:00,1.8068346200987349,1.8068346200987349,1.7452379853226416,1.7657701969146729,19100,0.0,0.0
1987-12-18 00:00:00-05:00,1.7657712958324914,1.8273679689429272,1.7452390714623462,1.7863035202026367,29200,0.0,0.0
1987-12-21 00:00:00-05:00,1.7863024085067039,1.7863024085067039,1.7452379853226416,1.7657701969146729,24600,0.0,0.0
1987-12-22 00:00:00-05:00,1.765770278257482,1.7863024907953597,1.7452380657196043,1.7452380657196045,20600,0.0,0.0
1987-12-23 00:00:00-05:00,1.745237906773885,1.7863023281097412,1.724705696105957,1.724705696105957,27400,0.0,0.0
1987-12-24 00:00:00-05:00,1.7247057340361853,1.806834578514099,1.7247057340361853,1.8068345785140991,10700,0.0,0.0
1987-12-28 00:00:00-05:00,1.806835744572782,1.806835744572782,1.7452390714623462,1.7863035202026367,26700,0.0,0.0
1987-12-29 00:00:00-05:00,1.7863024085067039,1.8068346200987349,1.7657701969146729,1.7657701969146729,35200,0.0,0.0
1987-12-30 00:00:00-05:00,1.765770693859422,1.7863029112298803,1.7041740417480469,1.7041740417480469,50400,0.0,0.0
1987-12-31 00:00:00-05:00,1.7041735621385796,1.7657701969146729,1.7041735621385796,1.7657701969146729,34600,0.0,0.0
1988-01-04 00:00:00-05:00,1.7863023673946206,1.806834578514099,1.7657701562751422,1.8068345785140991,10800,0.0,0.0
1988-01-05 00:00:00-05:00,1.8273678376124454,1.909496729190533,1.7863033918234017,1.8684322834014893,20800,0.0,0.0
1988-01-06 00:00:00-05:00,1.8889642069416661,1.9300286462230067,1.868431987300996,1.9094964265823364,19200,0.0,0.0
1988-01-07 00:00:00-05:00,1.930027879014307,2.0121567249298096,1.930027879014307,2.0121567249298096,11800,0.0,0.0
1988-01-08 00:00:00-05:00,2.0326899327729877,2.053222154316149,1.9505610466003416,1.9505610466003418,12700,0.0,0.0
1988-01-11 00:00:00-05:00,1.9505610466003416,1.9710932681435032,1.9505610466003416,1.9505610466003418,9600,0.0,0.0
1988-01-12 00:00:00-05:00,1.9505610466003416,1.9710932681435032,1.9505610466003416,1.9505610466003418,6600,0.0,0.0
1988-01-13 00:00:00-05:00,1.9710921478271484,2.0532209873199463,1.9710921478271484,2.0532209873199463,16200,0.0,0.0
1988-01-14 00:00:00-05:00,2.0532209873199463,2.0737531971931458,2.032688777446747,2.0532209873199463,9300,0.0,0.0
1988-01-15 00:00:00-05:00,2.0942861177388905,2.1148183345794678,2.0326894672171583,2.1148183345794678,9900,0.0,0.0
1988-01-18 00:00:00-05:00,2.094287395477295,2.1148196248447197,2.053222936742446,2.094287395477295,14800,0.0,0.0
1988-01-19 00:00:00-05:00,2.1148189581357513,2.155883403924795,2.0942867352412295,2.1353511810302734,20700,0.0,0.0
1988-01-20 00:00:00-05:00,2.094287395477295,2.135351854212144,2.053222936742446,2.094287395477295,8100,0.0,0.0
1988-01-21 00:00:00-05:00,2.07375473687143,2.07375473687143,2.0326902866363525,2.0326902866363525,6100,0.0,0.0
1988-01-22 00:00:00-05:00,2.053222936742446,2.094287395477295,2.0326907073750218,2.094287395477295,3400,0.0,0.0
1988-01-25 00:00:00-05:00,2.0532220897108022,2.114818752402126,2.0532220897108022,2.07375431060791,6400,0.0,0.0
1988-01-26 00:00:00-05:00,2.0532209873199463,2.0942854070663453,2.032688777446747,2.0532209873199463,8600,0.0,0.0
1988-01-27 00:00:00-05:00,2.094287395477295,2.1148196248447197,2.094287395477295,2.094287395477295,6700,0.0,0.0
1988-01-28 00:00:00-05:00,2.0737551661098705,2.094287395477295,2.053222936742446,2.094287395477295,8600,0.0,0.0
1988-01-29 00:00:00-05:00,2.0942867352412295,2.1353511810302734,2.0942867352412295,2.1353511810302734,17100,0.0,0.0
1988-02-01 00:00:00-05:00,2.135350551420045,2.1558827682606223,2.1148183345794678,2.1148183345794678,29300,0.0,0.0
1988-02-02 00:00:00-05:00,2.1148183345794678,2.135350551420045,2.1148183345794678,2.1148183345794678,8900,0.0,0.0
1988-02-03 00:00:00-05:00,2.135351854212144,2.135351854212144,2.094287395477295,2.094287395477295,5300,0.0,0.0
1988-02-04 00:00:00-05:00,2.0942867352412295,2.155883403924795,2.0942867352412295,2.1353511810302734,6400,0.0,0.0
1988-02-05 00:00:00-05:00,2.1148189581357513,2.1353511810302734,2.1148189581357513,2.1353511810302734,2300,0.0,0.0
1988-02-08 00:00:00-05:00,2.1148183345794678,2.1148183345794678,2.0737539008983132,2.1148183345794678,6800,0.0,0.0
1988-02-09 00:00:00-05:00,2.135350551420045,2.135350551420045,2.0737539008983132,2.1148183345794678,4100,0.0,0.0
1988-02-10 00:00:00-05:00,2.1148189581357513,2.1353511810302734,2.0942867352412295,2.1353511810302734,8100,0.0,0.0
1988-02-11 00:00:00-05:00,2.1148196248447197,2.135351854212144,2.0737551661098705,2.094287395477295,13700,0.0,0.0
1988-02-12 00:00:00-05:00,2.1353511810302734,2.1353511810302734,2.073754512346708,2.1353511810302734,6800,0.0,0.0
1988-02-16 00:00:00-05:00,2.114818752402126,2.114818752402126,2.07375431060791,2.07375431060791,3500,0.0,0.0
1988-02-17 00:00:00-05:00,2.0737551661098705,2.1148196248447197,2.053222936742446,2.094287395477295,15400,0.0,0.0
1988-02-18 00:00:00-05:00,2.0737539008983132,2.1148183345794678,2.0737539008983132,2.1148183345794678,4100,0.0,0.0
1988-02-19 00:00:00-05:00,2.0942861177388905,2.135350551420045,2.0942861177388905,2.1148183345794678,7200,0.0,0.0
1988-02-22 00:00:00-05:00,2.1105970655168806,2.1105970655168806,2.068385124206543,2.068385124206543,8900,0.35,0.0
1988-02-23 00:00:00-05:00,2.089491790102929,2.089491790102929,2.0472798347473145,2.0472798347473145,7800,0.0,0.0
1988-02-24 00:00:00-05:00,2.0261731828962053,2.089491094861712,2.0261731828962053,2.068385124206543,9500,0.0,0.0
1988-02-25 00:00:00-05:00,2.0472808221373895,2.0894927978515625,2.0472808221373895,2.0894927978515625,7900,0.0,0.0
1988-02-26 00:00:00-05:00,2.0894906902313233,2.1105966567993164,2.06838472366333,2.1105966567993164,5200,0.0,0.0
1988-02-29 00:00:00-05:00,2.1105970655168806,2.1105970655168806,2.068385124206543,2.068385124206543,5700,0.0,0.0
1988-03-01 00:00:00-05:00,2.0472791535513744,2.089491094861712,2.0472791535513744,2.068385124206543,12900,0.0,0.0
1988-03-02 00:00:00-05:00,2.089491094861712,2.089491094861712,2.0472791535513744,2.068385124206543,7400,0.0,0.0
1988-03-03 00:00:00-05:00,2.0683868099944758,2.0894927978515625,2.0683868099944758,2.0894927978515625,9000,0.0,0.0
1988-03-04 00:00:00-05:00,2.068385124206543,2.068385124206543,2.0472791535513744,2.068385124206543,5800,0.0,0.0
1988-03-07 00:00:00-05:00,2.0472792926587555,2.0472792926587555,2.0050673484802246,2.0050673484802246,13000,0.0,0.0
1988-03-08 00:00:00-05:00,2.005066672960917,2.089490532875061,2.005066672960917,2.026172637939453,10600,0.0,0.0
1988-03-09 00:00:00-05:00,2.0683868099944758,2.0894927978515625,2.0261748342803028,2.0894927978515625,9700,0.0,0.0
1988-03-10 00:00:00-05:00,2.0683858124251215,2.089491790102929,2.0472798347473145,2.0472798347473145,7700,0.0,0.0
1988-03-11 00:00:00-05:00,2.0472791535513744,2.068385124206543,2.0472791535513744,2.068385124206543,2800,0.0,0.0
1988-03-14 00:00:00-05:00,2.0472808221373895,2.0894927978515625,2.0472808221373895,2.0894927978515625,4800,0.0,0.0
1988-03-15 00:00:00-05:00,2.068384567896525,2.068384567896525,2.026172637939453,2.026172637939453,6200,0.0,0.0
1988-03-16 00:00:00-05:00,2.0683852647480214,2.0683852647480214,2.0050673484802246,2.0050673484802246,14200,0.0,0.0
1988-03-17 00:00:00-05:00,2.0050673484802246,2.02617332056949,2.0050673484802246,2.0050673484802246,5000,0.0,0.0
1988-03-18 00:00:00-05:00,2.02617332056949,2.02617332056949,2.0050673484802246,2.0050673484802246,9200,0.0,0.0
1988-03-21 00:00:00-05:00,2.0050678906902193,2.0050678906902193,1.9417499573000017,1.9628559350967407,15800,0.0,0.0
1988-03-22 00:00:00-05:00,1.98396191289348,1.98396191289348,1.9628559350967407,1.9628559350967407,16700,0.0,0.0
1988-03-23 00:00:00-05:00,1.9417489767074585,1.9628549438455831,1.9417489767074585,1.9417489767074585,7400,0.0,0.0
1988-03-24 00:00:00-05:00,1.9628556079052863,2.0050675564623894,1.9417496336267348,1.983961582183838,10900,0.0,0.0
1988-03-25 00:00:00-05:00,1.98396191289348,2.0050678906902193,1.9628559350967407,1.9628559350967407,3400,0.0,0.0
1988-03-28 00:00:00-05:00,1.9628559350967407,1.98396191289348,1.9417499573000017,1.9628559350967407,10000,0.0,0.0
1988-03-29 00:00:00-05:00,1.9417489767074585,1.9839609109837077,1.920643009569334,1.9417489767074585,5300,0.0,0.0
1988-03-30 00:00:00-05:00,1.920643777317471,1.9417497528923882,1.8995378017425535,1.8995378017425537,3900,0.0,0.0
1988-03-31 00:00:00-05:00,1.9206439795032626,1.9628559350967407,1.8995380017065233,1.9628559350967407,8600,0.0,0.0
1988-04-04 00:00:00-04:00,1.9417489767074585,1.9628549438455831,1.9417489767074585,1.9417489767074585,5600,0.0,0.0
1988-04-05 00:00:00-04:00,1.9417499573000017,1.9628559350967407,1.9417499573000017,1.9628559350967407,5000,0.0,0.0
1988-04-06 00:00:00-04:00,1.9628549438455831,1.9628549438455831,1.920643009569334,1.9417489767074585,8200,0.0,0.0
1988-04-07 00:00:00-04:00,1.9628549438455831,1.9628549438455831,1.920643009569334,1.9417489767074585,9600,0.0,0.0
1988-04-08 00:00:00-04:00,1.9628559350967407,1.9628559350967407,1.9206439795032626,1.9628559350967407,2800,0.0,0.0
1988-04-11 00:00:00-04:00,1.9417499573000017,1.98396191289348,1.9417499573000017,1.9628559350967407,7200,0.0,0.0
1988-04-12 00:00:00-04:00,1.9839609109837077,2.0050668781218324,1.9417489767074585,1.9417489767074585,5300,0.0,0.0
1988-04-13 00:00:00-04:00,1.9628559350967407,1.9628559350967407,1.9417499573000017,1.9628559350967407,4200,0.0,0.0
1988-04-14 00:00:00-04:00,1.983961582183838,1.983961582183838,1.9417496336267348,1.983961582183838,4000,0.0,0.0
1988-04-15 00:00:00-04:00,1.9839609109837077,1.9839609109837077,1.9417489767074585,1.9417489767074585,6600,0.0,0.0
1988-04-18 00:00:00-04:00,1.9417489767074585,1.9417489767074585,1.920643009569334,1.9417489767074585,9100,0.0,0.0
1988-04-19 00:00:00-04:00,1.9417499573000017,1.9628559350967407,1.9206439795032626,1.9628559350967407,15100,0.0,0.0
1988-04-20 00:00:00-04:00,1.9628556079052863,1.983961582183838,1.9417496336267348,1.983961582183838,10900,0.0,0.0
1988-04-21 00:00:00-04:00,1.9628549438455831,2.0050668781218324,1.920643009569334,1.9417489767074585,4200,0.0,0.0
1988-04-22 00:00:00-04:00,1.9417489767074585,1.9839609109837077,1.9417489767074585,1.9417489767074585,7400,0.0,0.0
1988-04-25 00:00:00-04:00,1.9417499573000017,1.98396191289348,1.9417499573000017,1.9628559350967407,8700,0.0,0.0
1988-04-26 00:00:00-04:00,1.9628550272721512,1.9839609953073356,1.9206430912017822,1.9206430912017822,11000,0.0,0.0
1988-04-27 00:00:00-04:00,1.920643009569334,2.0050668781218324,1.920643009569334,1.9417489767074585,8300,0.0,0.0
1988-04-28 00:00:00-04:00,1.9628556079052863,2.0050675564623894,1.9417496336267348,1.983961582183838,10300,0.0,0.0
1988-04-29 00:00:00-04:00,1.983961582183838,1.983961582183838,1.9206436593481835,1.983961582183838,4800,0.0,0.0
1988-05-02 00:00:00-04:00,1.9628556079052863,2.0050675564623894,1.9206436593481835,1.983961582183838,9700,0.0,0.0
1988-05-03 00:00:00-04:00,1.983961582183838,2.0050675564623894,1.9628556079052863,1.983961582183838,7300,0.0,0.0
1988-05-04 00:00:00-04:00,1.9628559350967407,2.0050678906902193,1.9628559350967407,1.9628559350967407,5600,0.0,0.0
1988-05-05 00:00:00-04:00,2.0050675564623894,2.026173530740941,1.9628556079052863,1.983961582183838,7900,0.0,0.0
1988-05-06 00:00:00-04:00,2.026173530740941,2.026173530740941,1.983961582183838,1.983961582183838,15700,0.0,0.0
1988-05-09 00:00:00-04:00,1.9796107384893629,2.0013647026485866,1.957856774330139,1.9578567743301392,9400,0.35,0.0
1988-05-10 00:00:00-04:00,1.957856774330139,1.9796107384893629,1.9361028101709152,1.9578567743301392,7700,0.0,0.0
1988-05-11 00:00:00-04:00,1.9361025212885261,1.9796104431152344,1.9361025212885261,1.9796104431152344,6400,0.0,0.0
1988-05-12 00:00:00-04:00,1.9796107384893629,2.0013647026485866,1.9361028101709152,1.9578567743301392,6100,0.0,0.0
1988-05-13 00:00:00-04:00,1.9578559880846003,1.9796099435077625,1.9361020326614382,1.936102032661438,6900,0.0,0.0
1988-05-16 00:00:00-04:00,1.9361020326614382,1.9796099435077625,1.9361020326614382,1.936102032661438,7500,0.0,0.0
1988-05-17 00:00:00-04:00,1.9361029253764588,1.9578568908301268,1.9143489599227905,1.9143489599227905,8000,0.0,0.0
1988-05-18 00:00:00-04:00,1.9143489599227905,1.9143489599227905,1.9143489599227905,1.9143489599227905,10500,0.0,0.0
1988-05-19 00:00:00-04:00,1.9143489599227905,1.9143489599227905,1.8925949944691225,1.9143489599227905,5400,0.0,0.0
1988-05-20 00:00:00-04:00,1.9361028101709152,1.957856774330139,1.9143488460116915,1.9578567743301392,6300,0.0,0.0
1988-05-23 00:00:00-04:00,1.9578559880846003,1.9578559880846003,1.9361020326614382,1.936102032661438,5600,0.0,0.0
1988-05-24 00:00:00-04:00,1.914348077238276,1.9361020326614382,1.914348077238276,1.936102032661438,6400,0.0,0.0
1988-05-25 00:00:00-04:00,1.9578559880846003,1.9578559880846003,1.9361020326614382,1.936102032661438,6700,0.0,0.0
1988-05-26 00:00:00-04:00,1.9361028101709152,1.957856774330139,1.9361028101709152,1.9578567743301392,2200,0.0,0.0
1988-05-27 00:00:00-04:00,1.9796107384893629,1.9796107384893629,1.957856774330139,1.9578567743301392,4100,0.0,0.0
1988-05-31 00:00:00-04:00,1.9361020326614382,1.9578559880846003,1.9361020326614382,1.936102032661438,5100,0.0,0.0
1988-06-01 00:00:00-04:00,1.9361028101709152,1.9796107384893629,1.9361028101709152,1.9578567743301392,6900,0.0,0.0
1988-06-02 00:00:00-04:00,1.914348077238276,1.9796099435077625,1.914348077238276,1.936102032661438,6700,0.0,0.0
1988-06-03 00:00:00-04:00,1.9361029253764588,1.9578568908301268,1.9143489599227905,1.9143489599227905,6400,0.0,0.0
1988-06-06 00:00:00-04:00,1.9143488460116915,1.957856774330139,1.9143488460116915,1.9578567743301392,3800,0.0,0.0
1988-06-07 00:00:00-04:00,1.9361025212885261,1.9796104431152344,1.9361025212885261,1.9796104431152344,4100,0.0,0.0
1988-06-08 00:00:00-04:00,1.9361020326614382,1.9796099435077625,1.8925941218151137,1.936102032661438,8600,0.0,0.0
1988-06-09 00:00:00-04:00,1.9143489599227905,1.9578568908301268,1.8925949944691225,1.9143489599227905,13700,0.0,0.0
1988-06-10 00:00:00-04:00,1.9143489599227905,1.9361029253764588,1.9143489599227905,1.9143489599227905,3800,0.0,0.0
1988-06-13 00:00:00-04:00,1.9143489599227905,1.9796108562837949,1.9143489599227905,1.9143489599227905,8200,0.0,0.0
1988-06-14 00:00:00-04:00,1.9143489599227905,1.9578568908301268,1.9143489599227905,1.9143489599227905,5300,0.0,0.0
1988-06-15 00:00:00-04:00,1.9143488460116915,1.957856774330139,1.9143488460116915,1.9578567743301392,5900,0.0,0.0
1988-06-16 00:00:00-04:00,1.9578559880846003,1.9578559880846003,1.9361020326614382,1.936102032661438,6000,0.0,0.0
1988-06-17 00:00:00-04:00,1.9578568908301268,1.9578568908301268,1.9143489599227905,1.9143489599227905,4700,0.0,0.0
1988-06-20 00:00:00-04:00,1.9578568908301268,1.9578568908301268,1.9143489599227905,1.9143489599227905,5800,0.0,0.0
1988-06-21 00:00:00-04:00,1.914348077238276,1.9578559880846003,1.914348077238276,1.936102032661438,7100,0.0,0.0
1988-06-22 00:00:00-04:00,1.914348077238276,1.9578559880846003,1.914348077238276,1.936102032661438,6500,0.0,0.0
1988-06-23 00:00:00-04:00,1.9578568908301268,1.9578568908301268,1.9143489599227905,1.9143489599227905,7100,0.0,0.0
1988-06-24 00:00:00-04:00,1.914348077238276,1.9578559880846003,1.914348077238276,1.936102032661438,3900,0.0,0.0
1988-06-27 00:00:00-04:00,1.9143489599227905,1.9361029253764588,1.9143489599227905,1.9143489599227905,3500,0.0,0.0
1988-06-28 00:00:00-04:00,1.9143488460116915,1.957856774330139,1.9143488460116915,1.9578567743301392,24100,0.0,0.0
1988-06-29 00:00:00-04:00,1.9361029253764588,1.9361029253764588,1.9143489599227905,1.9143489599227905,3000,0.0,0.0
1988-06-30 00:00:00-04:00,1.9361029253764588,1.9361029253764588,1.9143489599227905,1.9143489599227905,7700,0.0,0.0
1988-07-01 00:00:00-04:00,1.9143499834784146,1.9361039605633965,1.8925960063934326,1.8925960063934326,7200,0.0,0.0
1988-07-05 00:00:00-04:00,1.9143499834784146,1.9143499834784146,1.8925960063934326,1.8925960063934326,19100,0.0,0.0
1988-07-06 00:00:00-04:00,1.892595173330868,1.892595173330868,1.8490872383117676,1.8490872383117676,47600,0.0,0.0
1988-07-07 00:00:00-04:00,1.8708410290154545,1.9143489599227905,1.8708410290154545,1.9143489599227905,103400,0.0,0.0
1988-07-08 00:00:00-04:00,1.9143499834784146,1.9143499834784146,1.8925960063934326,1.8925960063934326,3900,0.0,0.0
1988-07-11 00:00:00-04:00,1.9143489599227905,1.9361029253764588,1.9143489599227905,1.9143489599227905,14000,0.0,0.0
1988-07-12 00:00:00-04:00,1.9361029253764588,1.9361029253764588,1.9143489599227905,1.9143489599227905,10900,0.0,0.0
1988-07-13 00:00:00-04:00,1.9143488460116915,1.957856774330139,1.8925948818524676,1.9578567743301392,3900,0.0,0.0
1988-07-14 00:00:00-04:00,1.9578564822018802,1.9796104431152344,1.9361025212885261,1.9796104431152344,12700,0.0,0.0
1988-07-15 00:00:00-04:00,1.9578564822018802,2.0013644040285885,1.9578564822018802,1.9796104431152344,3800,0.0,0.0
1988-07-18 00:00:00-04:00,1.957857531885947,2.0231194496154785,1.957857531885947,2.0231194496154785,8200,0.0,0.0
1988-07-19 00:00:00-04:00,2.044872760772705,2.1318886229332454,2.0231187952325698,2.044872760772705,29800,0.0,0.0
1988-07-20 00:00:00-04:00,2.066627138668729,2.131889048310899,2.066627138668729,2.110135078430176,11300,0.0,0.0
1988-07-21 00:00:00-04:00,2.088381108549452,2.131889048310899,2.088381108549452,2.110135078430176,13100,0.0,0.0
1988-07-22 00:00:00-04:00,2.1101344264283473,2.1318883895874023,2.1101344264283473,2.1318883895874023,9500,0.0,0.0
1988-07-25 00:00:00-04:00,2.088379383087158,2.131887286901474,2.088379383087158,2.088379383087158,10800,0.0,0.0
1988-07-26 00:00:00-04:00,2.088379383087158,2.110133334994316,2.0666254311800003,2.088379383087158,6200,0.0,0.0
1988-07-27 00:00:00-04:00,2.0666254311800003,2.110133334994316,2.0666254311800003,2.088379383087158,11300,0.0,0.0
1988-07-28 00:00:00-04:00,2.110133334994316,2.110133334994316,2.088379383087158,2.088379383087158,7600,0.0,0.0
1988-07-29 00:00:00-04:00,2.0666258335113525,2.0883797896535774,2.0666258335113525,2.0666258335113525,3600,0.0,0.0
1988-08-01 00:00:00-04:00,2.066627138668729,2.110135078430176,2.066627138668729,2.110135078430176,7300,0.0,0.0
1988-08-02 00:00:00-04:00,2.1101344264283473,2.1318883895874023,2.0666265001102366,2.1318883895874023,19700,0.0,0.0
1988-08-03 00:00:00-04:00,2.131887286901474,2.131887286901474,2.088379383087158,2.088379383087158,1900,0.0,0.0
1988-08-04 00:00:00-04:00,2.088379383087158,2.131887286901474,2.088379383087158,2.088379383087158,4400,0.0,0.0
1988-08-05 00:00:00-04:00,2.0883797896535774,2.0883797896535774,2.0666258335113525,2.0666258335113525,2300,0.0,0.0
1988-08-08 00:00:00-04:00,2.0666254311800003,2.110133334994316,2.0666254311800003,2.088379383087158,11400,0.0,0.0
1988-08-09 00:00:00-04:00,2.088379383087158,2.131887286901474,2.0666254311800003,2.088379383087158,3100,0.0,0.0
1988-08-10 00:00:00-04:00,2.1101346573931106,2.1101346573931106,2.0231187952325698,2.044872760772705,16800,0.0,0.0
1988-08-11 00:00:00-04:00,2.0448734221919893,2.0883813673450105,2.0231194496154785,2.0231194496154785,3700,0.0,0.0
1988-08-12 00:00:00-04:00,2.0231186721635903,2.044872636380403,2.0013647079467773,2.0013647079467773,8400,0.0,0.0
1988-08-15 00:00:00-04:00,2.0013648296924345,2.044872760772705,2.0013648296924345,2.044872760772705,9000,0.0,0.0
1988-08-16 00:00:00-04:00,2.0231186721635903,2.066626600597216,2.0013647079467773,2.0013647079467773,19300,0.0,0.0
1988-08-17 00:00:00-04:00,2.001365477038968,2.0448734221919893,2.001365477038968,2.0231194496154785,6500,0.0,0.0
1988-08-18 00:00:00-04:00,2.0231175273656845,2.131887286901474,2.0231175273656845,2.088379383087158,21400,0.0,0.0
1988-08-19 00:00:00-04:00,2.110135078430176,2.110135078430176,2.088381108549452,2.110135078430176,1900,0.0,0.0
1988-08-22 00:00:00-04:00,2.088379383087158,2.088379383087158,2.0448714792728424,2.088379383087158,3800,0.0,0.0
1988-08-23 00:00:00-04:00,2.088379383087158,2.088379383087158,2.0666254311800003,2.088379383087158,2900,0.0,0.0
1988-08-24 00:00:00-04:00,2.088380463269292,2.1318883895874023,2.088380463269292,2.1318883895874023,12800,0.0,0.0
1988-08-25 00:00:00-04:00,2.105015676954518,2.105015676954518,2.060228109359741,2.060228109359741,7500,0.35,0.0
1988-08-26 00:00:00-04:00,2.082622528076172,2.082622528076172,2.060228737451697,2.082622528076172,4300,0.0,0.0
1988-08-29 00:00:00-04:00,2.060228109359741,2.0826218931571296,2.060228109359741,2.060228109359741,5700,0.0,0.0
1988-08-30 00:00:00-04:00,2.060228109359741,2.0826218931571296,2.060228109359741,2.060228109359741,4200,0.0,0.0
1988-08-31 00:00:00-04:00,2.060228109359741,2.0826218931571296,2.060228109359741,2.060228109359741,5300,0.0,0.0
1988-09-01 00:00:00-04:00,2.082622462576562,2.082622462576562,2.037834882736206,2.037834882736206,3200,0.0,0.0
1988-09-02 00:00:00-04:00,2.060228737451697,2.082622528076172,2.0378349468272217,2.082622528076172,1900,0.0,0.0
1988-09-06 00:00:00-04:00,2.082622528076172,2.1050163187006468,2.0378349468272217,2.082622528076172,8600,0.0,0.0
1988-09-07 00:00:00-04:00,2.0602278759605004,2.1274092197418213,2.0602278759605004,2.1274092197418213,8600,0.0,0.0
1988-09-08 00:00:00-04:00,2.105015128850937,2.1498026847839355,2.0826213508844376,2.1498026847839355,17300,0.0,0.0
1988-09-09 00:00:00-04:00,2.1498030010022613,2.1945905635231417,2.1274092197418213,2.1274092197418213,52300,0.0,0.0
1988-09-12 00:00:00-04:00,2.1498040544225816,2.1498040544225816,2.1050164699554443,2.1050164699554443,1600,0.0,0.0
1988-09-13 00:00:00-04:00,2.127410262189013,2.127410262189013,2.1050164699554443,2.1050164699554443,2400,0.0,0.0
1988-09-14 00:00:00-04:00,2.1050164699554443,2.127410262189013,2.1050164699554443,2.1050164699554443,4300,0.0,0.0
1988-09-15 00:00:00-04:00,2.1050164699554443,2.127410262189013,2.0826226777218757,2.1050164699554443,8400,0.0,0.0
1988-09-16 00:00:00-04:00,2.105016442918286,2.1721978187561035,2.082622650972347,2.1721978187561035,18300,0.0,0.0
1988-09-19 00:00:00-04:00,2.172196462750435,2.172196462750435,2.105015128850937,2.1498026847839355,5500,0.0,0.0
1988-09-20 00:00:00-04:00,2.1274092197418213,2.1498030010022613,2.1274092197418213,2.1274092197418213,3500,0.0,0.0
1988-09-21 00:00:00-04:00,2.1498038999495965,2.1498038999495965,2.082622528076172,2.082622528076172,6000,0.0,0.0
1988-09-22 00:00:00-04:00,2.082622528076172,2.1274101093251216,2.082622528076172,2.082622528076172,6500,0.0,0.0
1988-09-23 00:00:00-04:00,2.0602278759605004,2.1274092197418213,2.0602278759605004,2.1274092197418213,4600,0.0,0.0
1988-09-26 00:00:00-04:00,2.1050163187006468,2.1050163187006468,2.082622528076172,2.082622528076172,6100,0.0,0.0
1988-09-27 00:00:00-04:00,2.082622528076172,2.082622528076172,2.060228737451697,2.082622528076172,17400,0.0,0.0
1988-09-28 00:00:00-04:00,2.060228672656384,2.060228672656384,2.037834882736206,2.037834882736206,9100,0.0,0.0
1988-09-29 00:00:00-04:00,2.0378343255623528,2.0826218931571296,2.0378343255623528,2.060228109359741,4300,0.0,0.0
1988-09-30 00:00:00-04:00,2.0826218931571296,2.0826218931571296,2.0378343255623528,2.060228109359741,2700,0.0,0.0
1988-10-03 00:00:00-04:00,2.0378343255623528,2.060228109359741,2.0378343255623528,2.060228109359741,13400,0.0,0.0
1988-10-04 00:00:00-04:00,2.060228109359741,2.060228109359741,2.0378343255623528,2.060228109359741,3900,0.0,0.0
1988-10-05 00:00:00-04:00,2.060228109359741,2.0826218931571296,2.060228109359741,2.060228109359741,10200,0.0,0.0
1988-10-06 00:00:00-04:00,2.037834882736206,2.082622462576562,2.037834882736206,2.037834882736206,5500,0.0,0.0
1988-10-07 00:00:00-04:00,2.0378343255623528,2.0826218931571296,2.0378343255623528,2.060228109359741,11500,0.0,0.0
1988-10-10 00:00:00-04:00,2.060228109359741,2.105015676954518,2.060228109359741,2.060228109359741,6200,0.0,0.0
1988-10-11 00:00:00-04:00,2.060228672656384,2.082622462576562,2.037834882736206,2.037834882736206,7200,0.0,0.0
1988-10-12 00:00:00-04:00,2.015439338898391,2.0602268797627996,1.9930455684661865,1.9930455684661865,11300,0.0,0.0
1988-10-13 00:00:00-04:00,1.9930478599336412,2.015441656112671,1.9930478599336412,2.015441656112671,2900,0.0,0.0
1988-10-14 00:00:00-04:00,1.9930455684661865,2.015439338898391,1.9930455684661865,1.9930455684661865,16600,0.0,0.0
1988-10-17 00:00:00-04:00,1.9706517980339822,2.015439338898391,1.9706517980339822,1.9930455684661865,9100,0.0,0.0
1988-10-18 00:00:00-04:00,2.015440748496489,2.015440748496489,1.9706531763076782,1.9706531763076782,5100,0.0,0.0
1988-10-19 00:00:00-04:00,1.9706517980339822,2.015439338898391,1.9706517980339822,1.9930455684661865,8900,0.0,0.0
1988-10-20 00:00:00-04:00,1.9930455684661865,2.015439338898391,1.9930455684661865,1.9930455684661865,20600,0.0,0.0
1988-10-21 00:00:00-04:00,1.9930455684661865,2.015439338898391,1.9706517980339822,1.9930455684661865,7200,0.0,0.0
1988-10-24 00:00:00-04:00,1.9930469624020837,1.9930469624020837,1.9706531763076782,1.9706531763076782,10500,0.0,0.0
1988-10-25 00:00:00-04:00,1.9930478599336412,2.015441656112671,1.9706540637546115,2.015441656112671,10300,0.0,0.0
1988-10-26 00:00:00-04:00,1.9930455684661865,2.015439338898391,1.9930455684661865,1.9930455684661865,6500,0.0,0.0
1988-10-27 00:00:00-04:00,1.9930455684661865,2.015439338898391,1.9930455684661865,1.9930455684661865,3500,0.0,0.0
1988-10-28 00:00:00-04:00,1.9930455684661865,1.9930455684661865,1.9930455684661865,1.9930455684661865,7400,0.0,0.0
1988-10-31 00:00:00-05:00,1.9930478599336412,2.015441656112671,1.9706540637546115,2.015441656112671,18900,0.0,0.0
1988-11-01 00:00:00-05:00,1.9930455684661865,2.015439338898391,1.9930455684661865,1.9930455684661865,7100,0.0,0.0
1988-11-02 00:00:00-05:00,2.015439338898391,2.015439338898391,1.9930455684661865,1.9930455684661865,5500,0.0,0.0
1988-11-03 00:00:00-05:00,1.9930455684661865,2.015439338898391,1.9930455684661865,1.9930455684661865,6700,0.0,0.0
1988-11-04 00:00:00-05:00,1.9930455684661865,2.015439338898391,1.9930455684661865,1.9930455684661865,5300,0.0,0.0
1988-11-07 00:00:00-05:00,1.9930469624020837,2.015440748496489,1.9706531763076782,1.9706531763076782,3900,0.0,0.0
1988-11-08 00:00:00-05:00,1.9706531763076782,1.9930469624020837,1.9706531763076782,1.9706531763076782,5700,0.0,0.0
1988-11-09 00:00:00-05:00,1.9706517980339822,1.9930455684661865,1.9706517980339822,1.9930455684661865,2100,0.0,0.0
1988-11-10 00:00:00-05:00,1.9706517980339822,1.9930455684661865,1.9706517980339822,1.9930455684661865,5200,0.0,0.0
1988-11-11 00:00:00-05:00,1.9930455684661865,1.9930455684661865,1.9706517980339822,1.9930455684661865,7600,0.0,0.0
1988-11-14 00:00:00-05:00,2.015439338898391,2.015439338898391,1.9706517980339822,1.9930455684661865,7100,0.0,0.0
1988-11-15 00:00:00-05:00,1.9706517980339822,2.015439338898391,1.9706517980339822,1.9930455684661865,9500,0.0,0.0
1988-11-16 00:00:00-05:00,1.9706540637546115,2.015441656112671,1.9706540637546115,2.015441656112671,7600,0.0,0.0
1988-11-17 00:00:00-05:00,1.9706540637546115,2.037835452291701,1.9706540637546115,2.015441656112671,15900,0.0,0.0
1988-11-18 00:00:00-05:00,1.9930455684661865,2.015439338898391,1.9930455684661865,1.9930455684661865,9400,0.0,0.0
1988-11-21 00:00:00-05:00,1.9706540637546115,2.015441656112671,1.9706540637546115,2.015441656112671,7100,0.0,0.0
1988-11-22 00:00:00-05:00,2.015439338898391,2.015439338898391,1.9930455684661865,1.9930455684661865,9500,0.0,0.0
1988-11-23 00:00:00-05:00,1.9884232652598413,2.034665666777512,1.9884232652598413,2.0115444660186768,12200,0.35,0.0
1988-11-25 00:00:00-05:00,2.0115444660186768,2.0115444660186768,1.9884232652598413,2.0115444660186768,2300,0.0,0.0
1988-11-28 00:00:00-05:00,2.011544066806172,2.034665262976358,1.9884228706359863,1.9884228706359863,8000,0.0,0.0
1988-11-29 00:00:00-05:00,1.9884232652598413,2.034665666777512,1.9884232652598413,2.0115444660186768,11600,0.0,0.0
1988-11-30 00:00:00-05:00,2.0115436776117845,2.0346648693084717,2.0115436776117845,2.0346648693084717,10300,0.0,0.0
1988-12-01 00:00:00-05:00,2.0346648693084717,2.057786061005159,2.0115436776117845,2.0346648693084717,3700,0.0,0.0
1988-12-02 00:00:00-05:00,2.0346648693084717,2.080907252701846,2.0115436776117845,2.0346648693084717,9600,0.0,0.0
1988-12-05 00:00:00-05:00,2.0115436776117845,2.0346648693084717,2.0115436776117845,2.0346648693084717,10000,0.0,0.0
1988-12-06 00:00:00-05:00,2.034665666777512,2.034665666777512,2.0115444660186768,2.0115444660186768,6500,0.0,0.0
1988-12-07 00:00:00-05:00,2.034665666777512,2.080908068295183,2.0115444660186768,2.0115444660186768,28400,0.0,0.0
1988-12-08 00:00:00-05:00,2.0115444660186768,2.034665666777512,2.0115444660186768,2.0115444660186768,12200,0.0,0.0
1988-12-09 00:00:00-05:00,2.0346648693084717,2.0346648693084717,2.0115436776117845,2.0346648693084717,11900,0.0,0.0
1988-12-12 00:00:00-05:00,2.034665666777512,2.034665666777512,2.0115444660186768,2.0115444660186768,16200,0.0,0.0
1988-12-13 00:00:00-05:00,2.0115444660186768,2.034665666777512,2.0115444660186768,2.0115444660186768,10800,0.0,0.0
1988-12-14 00:00:00-05:00,2.034665666777512,2.080908068295183,2.0115444660186768,2.0115444660186768,14000,0.0,0.0
1988-12-15 00:00:00-05:00,2.034665666777512,2.034665666777512,2.0115444660186768,2.0115444660186768,14800,0.0,0.0
1988-12-16 00:00:00-05:00,2.0346648693084717,2.057786061005159,2.0115436776117845,2.0346648693084717,34500,0.0,0.0
1988-12-19 00:00:00-05:00,2.034665666777512,2.034665666777512,2.0115444660186768,2.0115444660186768,22400,0.0,0.0
1988-12-20 00:00:00-05:00,2.0346648693084717,2.057786061005159,2.0115436776117845,2.0346648693084717,20500,0.0,0.0
1988-12-21 00:00:00-05:00,2.057786061005159,2.057786061005159,2.0346648693084717,2.0346648693084717,17200,0.0,0.0
1988-12-22 00:00:00-05:00,2.057786061005159,2.057786061005159,2.0346648693084717,2.0346648693084717,11300,0.0,0.0
1988-12-23 00:00:00-05:00,2.0346654256184893,2.0809078216552734,2.0346654256184893,2.0809078216552734,15900,0.0,0.0
1988-12-27 00:00:00-05:00,2.034665666777512,2.0577868675363473,2.0115444660186768,2.0115444660186768,32700,0.0,0.0
1988-12-28 00:00:00-05:00,2.034665666777512,2.034665666777512,2.0115444660186768,2.0115444660186768,11400,0.0,0.0
1988-12-29 00:00:00-05:00,2.0115444660186768,2.0577868675363473,2.0115444660186768,2.0115444660186768,30500,0.0,0.0
1988-12-30 00:00:00-05:00,2.0115442276000977,2.0809078216552734,2.0115442276000977,2.0809078216552734,26700,0.0,0.0
1989-01-03 00:00:00-05:00,2.080906455436449,2.104027638274632,2.0577852725982666,2.0577852725982666,12900,0.0,0.0
1989-01-04 00:00:00-05:00,2.0577867790892883,2.1040291786193848,2.0577867790892883,2.1040291786193848,14300,0.0,0.0
1989-01-05 00:00:00-05:00,2.104027638274632,2.104027638274632,2.0577852725982666,2.0577852725982666,4800,0.0,0.0
1989-01-06 00:00:00-05:00,2.0577867790892883,2.1040291786193848,2.0577867790892883,2.1040291786193848,15400,0.0,0.0
1989-01-09 00:00:00-05:00,2.0809078216552734,2.104029019673665,2.0577866236368814,2.0809078216552734,5800,0.0,0.0
1989-01-10 00:00:00-05:00,2.0809071996937627,2.1271495819091797,2.057786008586054,2.1271495819091797,19600,0.0,0.0
1989-01-11 00:00:00-05:00,2.127150378384433,2.127150378384433,2.1040291786193848,2.1040291786193848,3800,0.0,0.0
1989-01-12 00:00:00-05:00,2.1271495819091797,2.150270773016888,2.104028390801471,2.1271495819091797,6400,0.0,0.0
1989-01-13 00:00:00-05:00,2.1502713370830455,2.1733925342559814,2.1502713370830455,2.1733925342559814,4700,0.0,0.0
1989-01-16 00:00:00-05:00,2.1733919641245967,2.1733919641245967,2.1271495819091797,2.1271495819091797,9900,0.0,0.0
1989-01-17 00:00:00-05:00,2.1502716541290283,2.1502716541290283,2.127150453546996,2.1502716541290283,5000,0.0,0.0
1989-01-18 00:00:00-05:00,2.127150378384433,2.173392777914529,2.1040291786193848,2.1040291786193848,8400,0.0,0.0
1989-01-19 00:00:00-05:00,2.104028390801471,2.150270773016888,2.104028390801471,2.1271495819091797,13400,0.0,0.0
1989-01-20 00:00:00-05:00,2.104028390801471,2.150270773016888,2.104028390801471,2.1271495819091797,6800,0.0,0.0
1989-01-23 00:00:00-05:00,2.150270773016888,2.150270773016888,2.104028390801471,2.1271495819091797,12600,0.0,0.0
1989-01-24 00:00:00-05:00,2.1040292529649633,2.1502716541290283,2.1040292529649633,2.1502716541290283,10300,0.0,0.0
1989-01-25 00:00:00-05:00,2.173392854711061,2.173392854711061,2.127150453546996,2.1502716541290283,5000,0.0,0.0
1989-01-26 00:00:00-05:00,2.1271495819091797,2.150270773016888,2.1271495819091797,2.1271495819091797,6700,0.0,0.0
1989-01-27 00:00:00-05:00,2.127150453546996,2.1502716541290283,2.1040292529649633,2.1502716541290283,8800,0.0,0.0
1989-01-30 00:00:00-05:00,2.1040292529649633,2.1502716541290283,2.1040292529649633,2.1502716541290283,12700,0.0,0.0
1989-01-31 00:00:00-05:00,2.127150453546996,2.1502716541290283,2.127150453546996,2.1502716541290283,7700,0.0,0.0
1989-02-01 00:00:00-05:00,2.150270773016888,2.150270773016888,2.1271495819091797,2.1271495819091797,8200,0.0,0.0
1989-02-02 00:00:00-05:00,2.1271496019865337,2.1965131759643555,2.1271496019865337,2.1965131759643555,15900,0.0,0.0
1989-02-03 00:00:00-05:00,2.1733925342559814,2.1965137314289174,2.1502713370830455,2.1733925342559814,6300,0.0,0.0
1989-02-06 00:00:00-05:00,2.1965137314289174,2.1965137314289174,2.1502713370830455,2.1733925342559814,21100,0.0,0.0
1989-02-07 00:00:00-05:00,2.196511924266815,2.288996636867523,2.173390746116638,2.219633102416992,23800,0.0,0.0
1989-02-08 00:00:00-05:00,2.219635167072729,2.2427563667297363,2.219635167072729,2.2427563667297363,12100,0.0,0.0
1989-02-09 00:00:00-05:00,2.2658772468566895,2.2658772468566895,2.242756050460193,2.2658772468566895,15900,0.0,0.0
1989-02-10 00:00:00-05:00,2.2427571421921857,2.288999557495117,2.2427571421921857,2.288999557495117,16400,0.0,0.0
1989-02-13 00:00:00-05:00,2.2658763933181763,2.3121187686920166,2.2658763933181763,2.3121187686920166,25000,0.0,0.0
1989-02-14 00:00:00-05:00,2.3121187686920166,2.3352399563789366,2.3121187686920166,2.3121187686920166,13500,0.0,0.0
1989-02-15 00:00:00-05:00,2.2658772468566895,2.312119639649683,2.2658772468566895,2.2658772468566895,8700,0.0,0.0
1989-02-16 00:00:00-05:00,2.2658763933181763,2.3121187686920166,2.2658763933181763,2.3121187686920166,4100,0.0,0.0
1989-02-17 00:00:00-05:00,2.288997581005096,2.3121187686920166,2.2658763933181763,2.3121187686920166,9800,0.0,0.0
1989-02-21 00:00:00-05:00,2.288999557495117,2.3352419727980487,2.265878349843651,2.288999557495117,15200,0.0,0.0
1989-02-22 00:00:00-05:00,2.284237861633301,2.284237861633301,2.2604437172412872,2.284237861633301,7000,0.35,0.0
1989-02-23 00:00:00-05:00,2.284239018217046,2.284239018217046,2.2366507053375244,2.2366507053375244,8700,0.0,0.0
1989-02-24 00:00:00-05:00,2.2366507053375244,2.260444861777285,2.2128565488977636,2.2366507053375244,9200,0.0,0.0
1989-02-27 00:00:00-05:00,2.236651651320919,2.236651651320919,2.212857484817505,2.212857484817505,16800,0.0,0.0
1989-02-28 00:00:00-05:00,2.2128565488977636,2.2366507053375244,2.2128565488977636,2.2366507053375244,3200,0.0,0.0
1989-03-01 00:00:00-05:00,2.2128565488977636,2.260444861777285,2.2128565488977636,2.2366507053375244,7600,0.0,0.0
1989-03-02 00:00:00-05:00,2.212857484817505,2.236651651320919,2.189063318314091,2.212857484817505,10400,0.0,0.0
1989-03-03 00:00:00-05:00,2.189062392458003,2.260444861777285,2.189062392458003,2.2366507053375244,13000,0.0,0.0
1989-03-06 00:00:00-05:00,2.212857484817505,2.260445817824333,2.212857484817505,2.212857484817505,6000,0.0,0.0
1989-03-07 00:00:00-05:00,2.236651651320919,2.2842399843277468,2.212857484817505,2.212857484817505,10200,0.0,0.0
1989-03-08 00:00:00-05:00,2.2128573305466595,2.427004814147949,2.1890631657020716,2.427004814147949,58100,0.0,0.0
1989-03-09 00:00:00-05:00,2.4507977537589496,2.4745919067080657,2.3794152949116016,2.4032094478607178,51800,0.0,0.0
1989-03-10 00:00:00-05:00,2.427003092765808,2.4507972407341003,2.3794147968292236,2.3794147968292236,25400,0.0,0.0
1989-03-13 00:00:00-05:00,2.427003092765808,2.4507972407341003,2.3794147968292236,2.3794147968292236,15500,0.0,0.0
1989-03-14 00:00:00-05:00,2.379415104690107,2.4507975578308105,2.379415104690107,2.4507975578308105,9600,0.0,0.0
1989-03-15 00:00:00-05:00,2.427005079557311,2.5459759167905123,2.4032109121106706,2.522181749343872,55500,0.0,0.0
1989-03-16 00:00:00-05:00,2.5459759167905123,2.5459759167905123,2.522181749343872,2.522181749343872,16700,0.0,0.0
1989-03-17 00:00:00-05:00,2.5221800109715136,2.5221800109715136,2.4270034067839092,2.4507975578308105,19900,0.0,0.0
1989-03-20 00:00:00-05:00,2.4745917088777114,2.4745917088777114,2.4270034067839092,2.4507975578308105,13200,0.0,0.0
1989-03-21 00:00:00-05:00,2.4507989789925366,2.4745931438371245,2.427004814147949,2.427004814147949,8300,0.0,0.0
1989-03-22 00:00:00-05:00,2.4507987613861375,2.474592924118042,2.4270045986542335,2.474592924118042,7100,0.0,0.0
1989-03-23 00:00:00-05:00,2.4507975578308105,2.4507975578308105,2.4270034067839092,2.4507975578308105,8200,0.0,0.0
1989-03-27 00:00:00-05:00,2.4507987613861375,2.474592924118042,2.4270045986542335,2.474592924118042,18300,0.0,0.0
1989-03-28 00:00:00-05:00,2.4507987613861375,2.474592924118042,2.4270045986542335,2.474592924118042,5900,0.0,0.0
1989-03-29 00:00:00-05:00,2.4507975578308105,2.4745917088777114,2.4507975578308105,2.4507975578308105,8800,0.0,0.0
1989-03-30 00:00:00-05:00,2.4507975578308105,2.4507975578308105,2.4032092557370084,2.4507975578308105,10500,0.0,0.0
1989-03-31 00:00:00-05:00,2.4270034067839092,2.4507975578308105,2.4032092557370084,2.4507975578308105,8400,0.0,0.0
1989-04-03 00:00:00-04:00,2.4507975578308105,2.4745917088777114,2.4270034067839092,2.4507975578308105,4400,0.0,0.0
1989-04-04 00:00:00-04:00,2.427003600809834,2.4507977537589496,2.4032094478607178,2.4032094478607178,9000,0.0,0.0
1989-04-05 00:00:00-04:00,2.379416273190425,2.474592924118042,2.379416273190425,2.474592924118042,22200,0.0,0.0
1989-04-06 00:00:00-04:00,2.4507975578308105,2.4745917088777114,2.4270034067839092,2.4507975578308105,13600,0.0,0.0
1989-04-07 00:00:00-04:00,2.474592924118042,2.474592924118042,2.4270045986542335,2.474592924118042,4800,0.0,0.0
1989-04-10 00:00:00-04:00,2.4745931438371245,2.4745931438371245,2.4032106493033614,2.427004814147949,5800,0.0,0.0
1989-04-11 00:00:00-04:00,2.4032106493033614,2.4507989789925366,2.4032106493033614,2.427004814147949,7000,0.0,0.0
1989-04-12 00:00:00-04:00,2.427004814147949,2.4507989789925366,2.4032106493033614,2.427004814147949,4200,0.0,0.0
1989-04-13 00:00:00-04:00,2.427004814147949,2.4507989789925366,2.4032106493033614,2.427004814147949,12600,0.0,0.0
1989-04-14 00:00:00-04:00,2.4507989789925366,2.4507989789925366,2.4032106493033614,2.427004814147949,5100,0.0,0.0
1989-04-17 00:00:00-04:00,2.427004814147949,2.4507989789925366,2.4032106493033614,2.427004814147949,10000,0.0,0.0
1989-04-18 00:00:00-04:00,2.427004814147949,2.427004814147949,2.3556223196141857,2.427004814147949,16500,0.0,0.0
1989-04-19 00:00:00-04:00,2.4032094478607178,2.427003600809834,2.4032094478607178,2.4032094478607178,8600,0.0,0.0
1989-04-20 00:00:00-04:00,2.4032094478607178,2.427003600809834,2.4032094478607178,2.4032094478607178,7600,0.0,0.0
1989-04-21 00:00:00-04:00,2.403208944797516,2.427003092765808,2.3794147968292236,2.3794147968292236,19000,0.0,0.0
1989-04-24 00:00:00-04:00,2.3794152949116016,2.4032094478607178,2.3556211419624855,2.4032094478607178,11500,0.0,0.0
1989-04-25 00:00:00-04:00,2.3794164844587735,2.427004814147949,2.3318281547695983,2.427004814147949,22500,0.0,0.0
1989-04-26 00:00:00-04:00,2.4507989789925366,2.4507989789925366,2.4032106493033614,2.427004814147949,8000,0.0,0.0
1989-04-27 00:00:00-04:00,2.427004814147949,2.4507989789925366,2.4032106493033614,2.427004814147949,10400,0.0,0.0
1989-04-28 00:00:00-04:00,2.4507989789925366,2.4745931438371245,2.427004814147949,2.427004814147949,23900,0.0,0.0
1989-05-01 00:00:00-04:00,2.427004814147949,2.4507989789925366,2.4032106493033614,2.427004814147949,8800,0.0,0.0
1989-05-02 00:00:00-04:00,2.4270034067839092,2.4507975578308105,2.4270034067839092,2.4507975578308105,5700,0.0,0.0
1989-05-03 00:00:00-04:00,2.4507977537589496,2.4507977537589496,2.4032094478607178,2.4032094478607178,3800,0.0,0.0
1989-05-04 00:00:00-04:00,2.4032094478607178,2.427003600809834,2.4032094478607178,2.4032094478607178,4000,0.0,0.0
1989-05-05 00:00:00-04:00,2.4032106493033614,2.4745931438371245,2.4032106493033614,2.427004814147949,28200,0.0,0.0
1989-05-08 00:00:00-04:00,2.4270034067839092,2.4507975578308105,2.4270034067839092,2.4507975578308105,12800,0.0,0.0
1989-05-09 00:00:00-04:00,2.427004814147949,2.4507989789925366,2.427004814147949,2.427004814147949,10600,0.0,0.0
1989-05-10 00:00:00-04:00,2.4507975578308105,2.4507975578308105,2.4270034067839092,2.4507975578308105,8200,0.0,0.0
1989-05-11 00:00:00-04:00,2.4507975578308105,2.4507975578308105,2.4270034067839092,2.4507975578308105,3700,0.0,0.0
1989-05-12 00:00:00-04:00,2.4507987613861375,2.474592924118042,2.4270045986542335,2.474592924118042,30600,0.0,0.0
1989-05-15 00:00:00-04:00,2.4507975578308105,2.4745917088777114,2.4507975578308105,2.4507975578308105,6700,0.0,0.0
1989-05-16 00:00:00-04:00,2.474592935471308,2.498387098312378,2.4507987726302374,2.498387098312378,8800,0.0,0.0
1989-05-17 00:00:00-04:00,2.4745934144505917,2.522181749343872,2.4745934144505917,2.522181749343872,9200,0.0,0.0
1989-05-18 00:00:00-04:00,2.498387098312378,2.5221812611534484,2.474592935471308,2.498387098312378,8400,0.0,0.0
1989-05-19 00:00:00-04:00,2.498386886632331,2.5459752082824707,2.498386886632331,2.5459752082824707,14800,0.0,0.0
1989-05-22 00:00:00-04:00,2.522181749343872,2.5459759167905123,2.498387581897232,2.522181749343872,1400,0.0,0.0
1989-05-23 00:00:00-04:00,2.5459754239945185,2.5697695868355885,2.498387098312378,2.498387098312378,15500,0.0,0.0
1989-05-24 00:00:00-04:00,2.4934973300082013,2.542389434518166,2.4934973300082013,2.5179433822631836,13000,0.35,0.0
1989-05-25 00:00:00-04:00,2.517942533314785,2.6157267093658447,2.517942533314785,2.6157267093658447,13600,0.0,0.0
1989-05-26 00:00:00-04:00,2.591283095966686,2.6890673637390137,2.566837029023604,2.6890673637390137,39100,0.0,0.0
1989-05-30 00:00:00-04:00,2.6646205310163826,2.835742950439453,2.6646205310163826,2.835742950439453,33500,0.0,0.0
1989-05-31 00:00:00-04:00,2.811295663988268,2.811295663988268,2.7135114669799805,2.7135114669799805,19300,0.0,0.0
1989-06-01 00:00:00-04:00,2.6890673637390137,2.7135134306820956,2.6646212967959317,2.6890673637390137,9500,0.0,0.0
1989-06-02 00:00:00-04:00,2.6646187973913746,2.6646187973913746,2.6157267093658447,2.6157267093658447,9100,0.0,0.0
1989-06-05 00:00:00-04:00,2.6157267093658447,2.6401727533786095,2.59128066535308,2.6157267093658447,4300,0.0,0.0
1989-06-06 00:00:00-04:00,2.6157272634052093,2.6157272634052093,2.542389115833101,2.5668351650238037,33900,0.0,0.0
1989-06-07 00:00:00-04:00,2.5668351650238037,2.5668351650238037,2.517943066642398,2.5668351650238037,12900,0.0,0.0
1989-06-08 00:00:00-04:00,2.542389434518166,2.542389434518166,2.4934973300082013,2.5179433822631836,12500,0.0,0.0
1989-06-09 00:00:00-04:00,2.517943066642398,2.5668351650238037,2.517943066642398,2.5668351650238037,10100,0.0,0.0
1989-06-12 00:00:00-04:00,2.5668351650238037,2.5668351650238037,2.542389115833101,2.5668351650238037,9200,0.0,0.0
1989-06-13 00:00:00-04:00,2.566835486773148,2.566835486773148,2.5179433822631836,2.5179433822631836,16900,0.0,0.0
1989-06-14 00:00:00-04:00,2.5423901081085205,2.566836166840333,2.5179440493767076,2.5423901081085205,12800,0.0,0.0
1989-06-15 00:00:00-04:00,2.542389115833101,2.5668351650238037,2.517943066642398,2.5668351650238037,9500,0.0,0.0
1989-06-16 00:00:00-04:00,2.566835486773148,2.566835486773148,2.5179433822631836,2.5179433822631836,6700,0.0,0.0
1989-06-19 00:00:00-04:00,2.5179433822631836,2.542389434518166,2.5179433822631836,2.5179433822631836,4400,0.0,0.0
1989-06-20 00:00:00-04:00,2.542389434518166,2.542389434518166,2.4934973300082013,2.5179433822631836,11100,0.0,0.0
1989-06-21 00:00:00-04:00,2.542389434518166,2.542389434518166,2.5179433822631836,2.5179433822631836,12500,0.0,0.0
1989-06-22 00:00:00-04:00,2.5179440493767076,2.5423901081085205,2.5179440493767076,2.5423901081085205,9200,0.0,0.0
1989-06-23 00:00:00-04:00,2.5179440493767076,2.5423901081085205,2.5179440493767076,2.5423901081085205,9800,0.0,0.0
1989-06-26 00:00:00-04:00,2.5179433822631836,2.542389434518166,2.5179433822631836,2.5179433822631836,2400,0.0,0.0
1989-06-27 00:00:00-04:00,2.5423901081085205,2.5423901081085205,2.5179440493767076,2.5423901081085205,9600,0.0,0.0
1989-06-28 00:00:00-04:00,2.5179433822631836,2.566835486773148,2.5179433822631836,2.5179433822631836,10600,0.0,0.0
1989-06-29 00:00:00-04:00,2.5179433822631836,2.5179433822631836,2.4934973300082013,2.5179433822631836,16300,0.0,0.0
1989-06-30 00:00:00-04:00,2.5179436650930667,2.5423897200939702,2.493497610092163,2.493497610092163,30600,0.0,0.0
1989-07-03 00:00:00-04:00,2.5179433822631836,2.5179433822631836,2.4934973300082013,2.5179433822631836,5700,0.0,0.0
1989-07-05 00:00:00-04:00,2.5423901081085205,2.566836166840333,2.493497990644895,2.5423901081085205,10300,0.0,0.0
1989-07-06 00:00:00-04:00,2.542389434518166,2.542389434518166,2.5179433822631836,2.5179433822631836,7500,0.0,0.0
1989-07-07 00:00:00-04:00,2.5423901081085205,2.5423901081085205,2.5179440493767076,2.5423901081085205,2700,0.0,0.0
1989-07-10 00:00:00-04:00,2.5179440493767076,2.5423901081085205,2.5179440493767076,2.5423901081085205,3800,0.0,0.0
1989-07-11 00:00:00-04:00,2.5423901081085205,2.5423901081085205,2.493497990644895,2.5423901081085205,5200,0.0,0.0
1989-07-12 00:00:00-04:00,2.5179440493767076,2.5423901081085205,2.5179440493767076,2.5423901081085205,6700,0.0,0.0
1989-07-13 00:00:00-04:00,2.5179440493767076,2.5423901081085205,2.5179440493767076,2.5423901081085205,6700,0.0,0.0
1989-07-14 00:00:00-04:00,2.5179440493767076,2.5423901081085205,2.493497990644895,2.5423901081085205,4700,0.0,0.0
1989-07-17 00:00:00-04:00,2.5423901081085205,2.5423901081085205,2.5179440493767076,2.5423901081085205,8900,0.0,0.0
1989-07-18 00:00:00-04:00,2.5423901081085205,2.5423901081085205,2.5179440493767076,2.5423901081085205,15800,0.0,0.0
1989-07-19 00:00:00-04:00,2.5179440493767076,2.566836166840333,2.5179440493767076,2.5423901081085205,8900,0.0,0.0
1989-07-20 00:00:00-04:00,2.5423901081085205,2.566836166840333,2.5179440493767076,2.5423901081085205,15000,0.0,0.0
1989-07-21 00:00:00-04:00,2.566836166840333,2.566836166840333,2.5423901081085205,2.5423901081085205,10500,0.0,0.0
1989-07-24 00:00:00-04:00,2.5423911832413584,2.5912833213806152,2.51794511417173,2.5912833213806152,11300,0.0,0.0
1989-07-25 00:00:00-04:00,2.6157272634052093,2.640173312595912,2.5668351650238037,2.5668351650238037,17300,0.0,0.0
1989-07-26 00:00:00-04:00,2.5912812142145065,2.640173312595912,2.5668351650238037,2.5668351650238037,41500,0.0,0.0
1989-07-27 00:00:00-04:00,2.6157293904502437,2.6157293904502437,2.566837252310987,2.5912833213806152,23700,0.0,0.0
1989-07-28 00:00:00-04:00,2.5912812142145065,2.6157272634052093,2.5668351650238037,2.5668351650238037,22000,0.0,0.0
1989-07-31 00:00:00-04:00,2.5912833213806152,2.5912833213806152,2.566837252310987,2.5912833213806152,20900,0.0,0.0
1989-08-01 00:00:00-04:00,2.566837252310987,2.5912833213806152,2.566837252310987,2.5912833213806152,34100,0.0,0.0
1989-08-02 00:00:00-04:00,2.566837252310987,2.5912833213806152,2.566837252310987,2.5912833213806152,13100,0.0,0.0
1989-08-03 00:00:00-04:00,2.5912812142145065,2.5912812142145065,2.5668351650238037,2.5668351650238037,16700,0.0,0.0
1989-08-04 00:00:00-04:00,2.566836166840333,2.566836166840333,2.5423901081085205,2.5423901081085205,12500,0.0,0.0
1989-08-07 00:00:00-04:00,2.5423901081085205,2.591282225572146,2.5423901081085205,2.5423901081085205,7400,0.0,0.0
1989-08-08 00:00:00-04:00,2.542389115833101,2.5912812142145065,2.542389115833101,2.5668351650238037,9700,0.0,0.0
1989-08-09 00:00:00-04:00,2.566837252310987,2.5912833213806152,2.5423911832413584,2.5912833213806152,14800,0.0,0.0
1989-08-10 00:00:00-04:00,2.5668351650238037,2.5912812142145065,2.542389115833101,2.5668351650238037,13600,0.0,0.0
1989-08-11 00:00:00-04:00,2.591282225572146,2.591282225572146,2.5423901081085205,2.5423901081085205,15400,0.0,0.0
1989-08-14 00:00:00-04:00,2.566837252310987,2.5912833213806152,2.5423911832413584,2.5912833213806152,28500,0.0,0.0
1989-08-15 00:00:00-04:00,2.542389115833101,2.5912812142145065,2.542389115833101,2.5668351650238037,9000,0.0,0.0
1989-08-16 00:00:00-04:00,2.5423911832413584,2.5912833213806152,2.5423911832413584,2.5912833213806152,10400,0.0,0.0
1989-08-17 00:00:00-04:00,2.5912812142145065,2.5912812142145065,2.542389115833101,2.5668351650238037,14600,0.0,0.0
1989-08-18 00:00:00-04:00,2.566836166840333,2.566836166840333,2.5423901081085205,2.5423901081085205,6200,0.0,0.0
1989-08-21 00:00:00-04:00,2.5423901081085205,2.566836166840333,2.5423901081085205,2.5423901081085205,14500,0.0,0.0
1989-08-22 00:00:00-04:00,2.5179440493767076,2.5423901081085205,2.5179440493767076,2.5423901081085205,6900,0.0,0.0
1989-08-23 00:00:00-04:00,2.5423911832413584,2.5912833213806152,2.5423911832413584,2.5912833213806152,19300,0.0,0.0
1989-08-24 00:00:00-04:00,2.59128066535308,2.6157267093658447,2.566834621340315,2.6157267093658447,13100,0.0,0.0
1989-08-25 00:00:00-04:00,2.6107069034020878,2.6107069034020878,2.585603952407837,2.585603952407837,16100,0.35,0.0
1989-08-28 00:00:00-04:00,2.585603952407837,2.6107069034020878,2.585603952407837,2.585603952407837,15400,0.0,0.0
1989-08-29 00:00:00-04:00,2.6107072830200195,2.6107072830200195,2.5856043283755965,2.6107072830200195,7300,0.0,0.0
1989-08-30 00:00:00-04:00,2.5856043283755965,2.6107072830200195,2.5856043283755965,2.6107072830200195,6800,0.0,0.0
1989-08-31 00:00:00-04:00,2.6107069034020878,2.6107069034020878,2.585603952407837,2.585603952407837,20600,0.0,0.0
1989-09-01 00:00:00-04:00,2.585603952407837,2.6107069034020878,2.560501001413586,2.585603952407837,18000,0.0,0.0
1989-09-05 00:00:00-04:00,2.6107069034020878,2.6107069034020878,2.560501001413586,2.585603952407837,8400,0.0,0.0
1989-09-06 00:00:00-04:00,2.5856045320922254,2.5856045320922254,2.5605015754699707,2.5605015754699707,19800,0.0,0.0
1989-09-07 00:00:00-04:00,2.560501001413586,2.6107069034020878,2.560501001413586,2.585603952407837,5600,0.0,0.0
1989-09-08 00:00:00-04:00,2.5856043283755965,2.6107072830200195,2.5856043283755965,2.6107072830200195,7200,0.0,0.0
1989-09-11 00:00:00-04:00,2.6107072830200195,2.6107072830200195,2.5856043283755965,2.6107072830200195,15500,0.0,0.0
1989-09-12 00:00:00-04:00,2.6107080207680755,2.6609139442443848,2.6107080207680755,2.6609139442443848,17400,0.0,0.0
1989-09-13 00:00:00-04:00,2.63581098250623,2.6609139442443848,2.6107080207680755,2.6609139442443848,19000,0.0,0.0
1989-09-14 00:00:00-04:00,2.63581098250623,2.6609139442443848,2.63581098250623,2.6609139442443848,7700,0.0,0.0
1989-09-15 00:00:00-04:00,2.660913331168038,2.660913331168038,2.6107074192592075,2.635810375213623,6800,0.0,0.0
1989-09-18 00:00:00-04:00,2.635810237664443,2.660913192308866,2.6107072830200195,2.6107072830200195,5600,0.0,0.0
1989-09-19 00:00:00-04:00,2.635810211164142,2.761324983124339,2.585604302380063,2.7362220287323,33200,0.0,0.0
1989-09-20 00:00:00-04:00,2.7362221302809537,2.7613250856046325,2.7111191749572754,2.7111191749572754,13200,0.0,0.0
1989-09-21 00:00:00-04:00,2.7111175929274514,2.7362205336027055,2.6860146522521973,2.6860146522521973,13300,0.0,0.0
1989-09-22 00:00:00-04:00,2.6860161199482206,2.761324983124339,2.6860161199482206,2.7362220287323,11900,0.0,0.0
1989-09-25 00:00:00-04:00,2.761324983124339,2.761324983124339,2.7362220287323,2.7362220287323,13800,0.0,0.0
1989-09-26 00:00:00-04:00,2.7362220287323,2.7864279375163785,2.7111190743402602,2.7362220287323,17100,0.0,0.0
1989-09-27 00:00:00-04:00,2.761324983124339,2.7864279375163785,2.7362220287323,2.7362220287323,15000,0.0,0.0
1989-09-28 00:00:00-04:00,2.7111191749572754,2.7613250856046325,2.7111191749572754,2.7111191749572754,14700,0.0,0.0
1989-09-29 00:00:00-04:00,2.7111194437200377,2.7613253593444824,2.7111194437200377,2.7613253593444824,8000,0.0,0.0
1989-10-02 00:00:00-04:00,2.786428451538086,2.8115314105609515,2.7362225334923544,2.786428451538086,7200,0.0,0.0
1989-10-03 00:00:00-04:00,2.7864283171567052,2.8115312749689276,2.7613253593444824,2.7613253593444824,8500,0.0,0.0
1989-10-04 00:00:00-04:00,2.7362225334923544,2.8115314105609515,2.7362225334923544,2.786428451538086,14500,0.0,0.0
1989-10-05 00:00:00-04:00,2.8115312749689276,2.8115312749689276,2.7613253593444824,2.7613253593444824,10700,0.0,0.0
1989-10-06 00:00:00-04:00,2.7864283171567052,2.7864283171567052,2.7613253593444824,2.7613253593444824,8000,0.0,0.0
1989-10-09 00:00:00-04:00,2.76132549251522,2.786428451538086,2.76132549251522,2.786428451538086,10700,0.0,0.0
1989-10-10 00:00:00-04:00,2.7864283171567052,2.7864283171567052,2.7613253593444824,2.7613253593444824,9300,0.0,0.0
1989-10-11 00:00:00-04:00,2.7864283171567052,2.7864283171567052,2.7613253593444824,2.7613253593444824,5900,0.0,0.0
1989-10-12 00:00:00-04:00,2.786428451538086,2.786428451538086,2.7362225334923544,2.786428451538086,11400,0.0,0.0
1989-10-13 00:00:00-04:00,2.7613250856046325,2.786428040928311,2.686016219633597,2.7111191749572754,19400,0.0,0.0
1989-10-16 00:00:00-04:00,2.6107074192592075,2.6860162871224538,2.5605015073503767,2.635810375213623,45000,0.0,0.0
1989-10-17 00:00:00-04:00,2.6107072830200195,2.660913192308866,2.5856043283755965,2.6107072830200195,26700,0.0,0.0
1989-10-18 00:00:00-04:00,2.6107072830200195,2.660913192308866,2.5856043283755965,2.6107072830200195,12900,0.0,0.0
1989-10-19 00:00:00-04:00,2.635810375213623,2.635810375213623,2.6107074192592075,2.635810375213623,15100,0.0,0.0
1989-10-20 00:00:00-04:00,2.6107072830200195,2.635810237664443,2.6107072830200195,2.6107072830200195,19900,0.0,0.0
1989-10-23 00:00:00-04:00,2.6107074192592075,2.635810375213623,2.6107074192592075,2.635810375213623,4600,0.0,0.0
1989-10-24 00:00:00-04:00,2.635810375213623,2.635810375213623,2.585604463304792,2.635810375213623,9500,0.0,0.0
1989-10-25 00:00:00-04:00,2.6358098543963386,2.6358098543963386,2.585603952407837,2.585603952407837,14900,0.0,0.0
1989-10-26 00:00:00-04:00,2.5605015754699707,2.61070748871448,2.5605015754699707,2.5605015754699707,11400,0.0,0.0
1989-10-27 00:00:00-04:00,2.585603952407837,2.585603952407837,2.560501001413586,2.585603952407837,15100,0.0,0.0
1989-10-30 00:00:00-05:00,2.5605015754699707,2.5856045320922254,2.535398618847716,2.5605015754699707,7300,0.0,0.0
1989-10-31 00:00:00-05:00,2.5856034212773387,2.5856034212773387,2.535397529602051,2.535397529602051,16300,0.0,0.0
1989-11-01 00:00:00-05:00,2.5102956622254613,2.5856045320922254,2.5102956622254613,2.5605015754699707,16600,0.0,0.0
1989-11-02 00:00:00-05:00,2.5605015754699707,2.5856045320922254,2.535398618847716,2.5605015754699707,13600,0.0,0.0
1989-11-03 00:00:00-05:00,2.5605015754699707,2.5605015754699707,2.535398618847716,2.5605015754699707,8000,0.0,0.0
1989-11-06 00:00:00-05:00,2.5856034212773387,2.5856034212773387,2.535397529602051,2.535397529602051,18900,0.0,0.0
1989-11-07 00:00:00-05:00,2.535398618847716,2.5605015754699707,2.535398618847716,2.5605015754699707,8700,0.0,0.0
1989-11-08 00:00:00-05:00,2.5856045320922254,2.5856045320922254,2.535398618847716,2.5605015754699707,9000,0.0,0.0
1989-11-09 00:00:00-05:00,2.560501001413586,2.585603952407837,2.5102950994250843,2.585603952407837,15800,0.0,0.0
1989-11-10 00:00:00-05:00,2.535397529602051,2.560500475439695,2.5102945837644066,2.535397529602051,18600,0.0,0.0
1989-11-13 00:00:00-05:00,2.5102945837644066,2.535397529602051,2.5102945837644066,2.535397529602051,11400,0.0,0.0
1989-11-14 00:00:00-05:00,2.535396418571472,2.5604993534088134,2.510293483734131,2.510293483734131,5700,0.0,0.0
1989-11-15 00:00:00-05:00,2.535398618847716,2.5605015754699707,2.5102956622254613,2.5605015754699707,4900,0.0,0.0
1989-11-16 00:00:00-05:00,2.535398618847716,2.5605015754699707,2.535398618847716,2.5605015754699707,7600,0.0,0.0
1989-11-17 00:00:00-05:00,2.5605015754699707,2.5605015754699707,2.485192705603207,2.5605015754699707,5000,0.0,0.0
1989-11-20 00:00:00-05:00,2.535397529602051,2.560500475439695,2.535397529602051,2.535397529602051,19600,0.0,0.0
1989-11-21 00:00:00-05:00,2.560500475439695,2.560500475439695,2.535397529602051,2.535397529602051,11500,0.0,0.0
1989-11-22 00:00:00-05:00,2.535397529602051,2.560500475439695,2.5102945837644066,2.535397529602051,18500,0.0,0.0
1989-11-24 00:00:00-05:00,2.5560528137245955,2.5560528137245955,2.5044153831443006,2.5302340984344482,15700,0.35,0.0
1989-11-27 00:00:00-05:00,2.5044173592268817,2.5560548305511475,2.5044173592268817,2.5560548305511475,8500,0.0,0.0
1989-11-28 00:00:00-05:00,2.5302340984344482,2.581871529014743,2.5302340984344482,2.5302340984344482,28400,0.0,0.0
1989-11-29 00:00:00-05:00,2.5044169425964355,2.5044169425964355,2.4527794798624885,2.5044169425964355,16300,0.0,0.0
1989-11-30 00:00:00-05:00,2.4785978255733365,2.504416552923059,2.40114164352417,2.40114164352417,18900,0.0,0.0
1989-12-01 00:00:00-05:00,2.401140581006589,2.401140581006589,2.375321865081787,2.375321865081787,22000,0.0,0.0
1989-12-04 00:00:00-05:00,2.3753224781581337,2.401141200746809,2.3236850329807828,2.349503755569458,18700,0.0,0.0
1989-12-05 00:00:00-05:00,2.323686122894287,2.3495048575931126,2.272048653496636,2.323686122894287,36300,0.0,0.0
1989-12-06 00:00:00-05:00,2.2978655181147833,2.3236842318014665,2.2720468044281006,2.2720468044281006,29500,0.0,0.0
1989-12-07 00:00:00-05:00,2.2462281993265902,2.297865629196167,2.2462281993265902,2.297865629196167,16500,0.0,0.0
1989-12-08 00:00:00-05:00,2.2978673881954617,2.323686122894287,2.2978673881954617,2.323686122894287,18700,0.0,0.0
1989-12-11 00:00:00-05:00,2.323686122894287,2.375323592291938,2.323686122894287,2.323686122894287,15700,0.0,0.0
1989-12-12 00:00:00-05:00,2.3236850329807828,2.3753224781581337,2.3236850329807828,2.349503755569458,17400,0.0,0.0
1989-12-13 00:00:00-05:00,2.3753224781581337,2.3753224781581337,2.3236850329807828,2.349503755569458,11000,0.0,0.0
1989-12-14 00:00:00-05:00,2.3236850329807828,2.349503755569458,2.3236850329807828,2.349503755569458,10300,0.0,0.0
1989-12-15 00:00:00-05:00,2.3236843441309554,2.3236843441309554,2.2720469142613786,2.297865629196167,21900,0.0,0.0
1989-12-18 00:00:00-05:00,2.272048653496636,2.323686122894287,2.272048653496636,2.323686122894287,14200,0.0,0.0
1989-12-19 00:00:00-05:00,2.3236842318014665,2.3236842318014665,2.2720468044281006,2.2720468044281006,15300,0.0,0.0
1989-12-20 00:00:00-05:00,2.2720468044281006,2.2720468044281006,2.2462280907414174,2.2720468044281006,19300,0.0,0.0
1989-12-21 00:00:00-05:00,2.246228107186251,2.272046821061955,2.220409393310547,2.220409393310547,23800,0.0,0.0
1989-12-22 00:00:00-05:00,2.220409393310547,2.246228107186251,2.220409393310547,2.220409393310547,18900,0.0,0.0
1989-12-26 00:00:00-05:00,2.246228107186251,2.246228107186251,2.220409393310547,2.220409393310547,8100,0.0,0.0
1989-12-27 00:00:00-05:00,2.2204095029282844,2.2462282180786133,2.2204095029282844,2.2462282180786133,17300,0.0,0.0
1989-12-28 00:00:00-05:00,2.2462282180786133,2.2462282180786133,2.2204095029282844,2.2462282180786133,20600,0.0,0.0
1989-12-29 00:00:00-05:00,2.2204095029282844,2.2462282180786133,2.1687720726276267,2.2462282180786133,41400,0.0,0.0
1990-01-02 00:00:00-05:00,2.2462280907414174,2.2720468044281006,2.2462280907414174,2.2720468044281006,10400,0.0,0.0
1990-01-03 00:00:00-05:00,2.2720469142613786,2.297865629196167,2.2720469142613786,2.297865629196167,14900,0.0,0.0
1990-01-04 00:00:00-05:00,2.2720469142613786,2.297865629196167,2.220409484391802,2.297865629196167,23600,0.0,0.0
1990-01-05 00:00:00-05:00,2.2720468044281006,2.2978655181147833,2.2462280907414174,2.2720468044281006,4900,0.0,0.0
1990-01-08 00:00:00-05:00,2.272047587803432,2.349503755569458,2.272047587803432,2.349503755569458,15000,0.0,0.0
1990-01-09 00:00:00-05:00,2.349503755569458,2.349503755569458,2.3236850329807828,2.349503755569458,8100,0.0,0.0
1990-01-10 00:00:00-05:00,2.3495030590657437,2.3495030590657437,2.297865629196167,2.297865629196167,11400,0.0,0.0
1990-01-11 00:00:00-05:00,2.323686122894287,2.323686122894287,2.2978673881954617,2.323686122894287,4300,0.0,0.0
1990-01-12 00:00:00-05:00,2.2978655181147833,2.2978655181147833,2.2720468044281006,2.2720468044281006,19400,0.0,0.0
1990-01-15 00:00:00-05:00,2.2720468044281006,2.2978655181147833,2.2462280907414174,2.2720468044281006,6000,0.0,0.0
1990-01-16 00:00:00-05:00,2.2720468044281006,2.2720468044281006,2.2462280907414174,2.2720468044281006,13200,0.0,0.0
1990-01-17 00:00:00-05:00,2.2720469142613786,2.297865629196167,2.2462281993265902,2.297865629196167,14300,0.0,0.0
1990-01-18 00:00:00-05:00,2.2720468044281006,2.2978655181147833,2.2462280907414174,2.2720468044281006,8200,0.0,0.0
1990-01-19 00:00:00-05:00,2.272046933228942,2.272046933228942,2.2462282180786133,2.2462282180786133,22100,0.0,0.0
1990-01-22 00:00:00-05:00,2.2462280907414174,2.2720468044281006,2.2204093770547346,2.2720468044281006,10400,0.0,0.0
1990-01-23 00:00:00-05:00,2.246228107186251,2.246228107186251,2.220409393310547,2.220409393310547,5400,0.0,0.0
1990-01-24 00:00:00-05:00,2.220409393310547,2.246228107186251,2.220409393310547,2.220409393310547,12100,0.0,0.0
1990-01-25 00:00:00-05:00,2.2204095223370723,2.2462282377130847,2.1945908069610596,2.1945908069610596,11900,0.0,0.0
1990-01-26 00:00:00-05:00,2.194590679434843,2.220409393310547,2.194590679434843,2.220409393310547,13300,0.0,0.0
1990-01-29 00:00:00-05:00,2.194590696266719,2.194590696266719,2.168771982192993,2.168771982192993,8600,0.0,0.0
1990-01-30 00:00:00-05:00,2.1687720915850472,2.1945908069610596,2.1687720915850472,2.1945908069610596,8900,0.0,0.0
1990-01-31 00:00:00-05:00,2.220409393310547,2.246228107186251,2.168771965559139,2.220409393310547,8200,0.0,0.0
1990-02-01 00:00:00-05:00,2.2204095029282844,2.272046933228942,2.2204095029282844,2.2462282180786133,6100,0.0,0.0
1990-02-02 00:00:00-05:00,2.272046933228942,2.272046933228942,2.2204095029282844,2.2462282180786133,9400,0.0,0.0
1990-02-05 00:00:00-05:00,2.2204095029282844,2.2462282180786133,2.2204095029282844,2.2462282180786133,10300,0.0,0.0
1990-02-06 00:00:00-05:00,2.272046821061955,2.272046821061955,2.220409393310547,2.220409393310547,7100,0.0,0.0
1990-02-07 00:00:00-05:00,2.2462282180786133,2.272046933228942,2.2204095029282844,2.2462282180786133,6300,0.0,0.0
1990-02-08 00:00:00-05:00,2.2462282180786133,2.2462282180786133,2.1945907877779556,2.2462282180786133,6500,0.0,0.0
1990-02-09 00:00:00-05:00,2.2462282180786133,2.272046933228942,2.2204095029282844,2.2462282180786133,3700,0.0,0.0
1990-02-12 00:00:00-05:00,2.2462282377130847,2.2462282377130847,2.1945908069610596,2.1945908069610596,13200,0.0,0.0
1990-02-13 00:00:00-05:00,2.194590679434843,2.246228107186251,2.194590679434843,2.220409393310547,19700,0.0,0.0
1990-02-14 00:00:00-05:00,2.2204095223370723,2.2204095223370723,2.1945908069610596,2.1945908069610596,4800,0.0,0.0
1990-02-15 00:00:00-05:00,2.194590696266719,2.2204094103404453,2.168771982192993,2.168771982192993,15600,0.0,0.0
1990-02-16 00:00:00-05:00,2.194590985774994,2.194590985774994,2.065497398376465,2.065497398376465,37400,0.0,0.0
1990-02-20 00:00:00-05:00,2.091316140615023,2.091316140615023,1.9622225516881697,2.013859987258911,40000,0.0,0.0
1990-02-21 00:00:00-05:00,2.0396804132579285,2.091317892074585,1.988042934441272,2.091317892074585,35900,0.0,0.0
1990-02-22 00:00:00-05:00,2.065498014039631,2.065498014039631,2.0396792888641357,2.0396792888641357,49700,0.0,0.0
1990-02-23 00:00:00-05:00,2.039678705044282,2.0654974228296523,2.013859987258911,2.013859987258911,28300,0.0,0.0
1990-02-26 00:00:00-05:00,2.0138595229700993,2.0138595229700993,1.9622220993041994,1.9622220993041992,39700,0.0,0.0
1990-02-27 00:00:00-05:00,1.9364040780377079,1.9880415201187134,1.910585356997205,1.9880415201187134,29600,0.0,0.0
1990-02-28 00:00:00-05:00,1.8073105812072754,1.8073105812072754,1.549123355320522,1.6265795230865479,182100,0.0,0.0
1990-03-01 00:00:00-05:00,1.6007602292983258,1.6265789426741053,1.445847949043649,1.5749415159225464,203400,0.0,0.0
1990-03-02 00:00:00-05:00,1.5749419773778608,1.626579419259102,1.5749419773778608,1.6007606983184814,84100,0.0,0.0
1990-03-05 00:00:00-05:00,1.626579388976097,1.6782168298959732,1.626579388976097,1.6523981094360352,64300,0.0,0.0
1990-03-06 00:00:00-05:00,1.6627906560897827,1.6887717600911856,1.6368095520883799,1.6627906560897827,15500,0.05,0.0
1990-03-07 00:00:00-05:00,1.6627906560897827,1.6887717600911856,1.6368095520883799,1.6627906560897827,54000,0.0,0.0
1990-03-08 00:00:00-05:00,1.6627906560897827,1.6887717600911856,1.6627906560897827,1.6627906560897827,24000,0.0,0.0
1990-03-09 00:00:00-05:00,1.662790269118089,1.7147524650280292,1.662790269118089,1.688771367073059,22000,0.0,0.0
1990-03-12 00:00:00-05:00,1.6887717600911856,1.7147528640925884,1.6627906560897827,1.6627906560897827,15700,0.0,0.0
1990-03-13 00:00:00-05:00,1.6627906560897827,1.6887717600911856,1.6627906560897827,1.6627906560897827,19700,0.0,0.0
1990-03-14 00:00:00-05:00,1.662790269118089,1.688771367073059,1.662790269118089,1.688771367073059,11400,0.0,0.0
1990-03-15 00:00:00-05:00,1.6627906560897827,1.6887717600911856,1.6627906560897827,1.6627906560897827,30600,0.0,0.0
1990-03-16 00:00:00-05:00,1.6887710586426752,1.6887710586426752,1.6368088722229004,1.6368088722229004,25200,0.0,0.0
1990-03-19 00:00:00-05:00,1.6627903599892893,1.6627903599892893,1.610828161239624,1.610828161239624,24000,0.0,0.0
1990-03-20 00:00:00-05:00,1.6108277790130132,1.6368088722229004,1.6108277790130132,1.6368088722229004,13000,0.0,0.0
1990-03-21 00:00:00-05:00,1.610828161239624,1.6368092606144566,1.610828161239624,1.610828161239624,28900,0.0,0.0
1990-03-22 00:00:00-05:00,1.610827950180554,1.6368090461512081,1.5848468542099,1.5848468542099,31000,0.0,0.0
1990-03-23 00:00:00-05:00,1.5848468542099,1.610827950180554,1.5848468542099,1.5848468542099,20200,0.0,0.0
1990-03-26 00:00:00-05:00,1.610827950180554,1.610827950180554,1.5848468542099,1.5848468542099,18900,0.0,0.0
1990-03-27 00:00:00-05:00,1.5588657582392458,1.610827950180554,1.5588657582392458,1.5848468542099,24300,0.0,0.0
1990-03-28 00:00:00-05:00,1.5848468542099,1.610827950180554,1.5848468542099,1.5848468542099,14200,0.0,0.0
1990-03-29 00:00:00-05:00,1.610829456647237,1.610829456647237,1.5588672161102295,1.5588672161102295,20100,0.0,0.0
1990-03-30 00:00:00-05:00,1.5588657582392458,1.5848468542099,1.5588657582392458,1.5848468542099,34100,0.0,0.0
1990-04-02 00:00:00-04:00,1.5848468542099,1.6368090461512081,1.5848468542099,1.5848468542099,12700,0.0,0.0
1990-04-03 00:00:00-04:00,1.5848470618647914,1.610828161239624,1.5848470618647914,1.610828161239624,11000,0.0,0.0
1990-04-04 00:00:00-04:00,1.610827950180554,1.6368090461512081,1.5848468542099,1.5848468542099,18900,0.0,0.0
1990-04-05 00:00:00-04:00,1.5848468542099,1.610827950180554,1.5848468542099,1.5848468542099,14500,0.0,0.0
1990-04-06 00:00:00-04:00,1.5848466858031258,1.6368088722229004,1.5588655925932386,1.6368088722229004,13800,0.0,0.0
1990-04-09 00:00:00-04:00,1.6627906560897827,1.6887717600911856,1.6627906560897827,1.6627906560897827,104500,0.0,0.0
1990-04-10 00:00:00-04:00,1.6887717600911856,1.6887717600911856,1.6627906560897827,1.6627906560897827,29100,0.0,0.0
1990-04-11 00:00:00-04:00,1.6627899654327878,1.6887710586426752,1.6368088722229004,1.6368088722229004,25700,0.0,0.0
1990-04-12 00:00:00-04:00,1.6627903599892893,1.6627903599892893,1.610828161239624,1.610828161239624,9000,0.0,0.0
1990-04-16 00:00:00-04:00,1.6368092606144566,1.6368092606144566,1.5848470618647914,1.610828161239624,9700,0.0,0.0
1990-04-17 00:00:00-04:00,1.6368088722229004,1.6368088722229004,1.5848466858031258,1.6368088722229004,15000,0.0,0.0
1990-04-18 00:00:00-04:00,1.610827950180554,1.6368090461512081,1.5848468542099,1.5848468542099,49800,0.0,0.0
1990-04-19 00:00:00-04:00,1.610828161239624,1.6368092606144566,1.5848470618647914,1.610828161239624,19800,0.0,0.0
1990-04-20 00:00:00-04:00,1.6108291885432076,1.7926970001529245,1.6108291885432076,1.7667158842086792,71800,0.0,0.0
1990-04-23 00:00:00-04:00,1.79269655782785,1.79269655782785,1.7147532292266392,1.740734338760376,18600,0.0,0.0
1990-04-24 00:00:00-04:00,1.7407342592875164,1.7667153676350913,1.7147531509399414,1.7147531509399414,14700,0.0,0.0
1990-04-25 00:00:00-04:00,1.7147536523201885,1.7667158842086792,1.7147536523201885,1.7667158842086792,25800,0.0,0.0
1990-04-26 00:00:00-04:00,1.7667158842086792,1.7667158842086792,1.7407347682644339,1.7667158842086792,4200,0.0,0.0
1990-04-27 00:00:00-04:00,1.7667153676350913,1.7667153676350913,1.7147531509399414,1.7147531509399414,12800,0.0,0.0
1990-04-30 00:00:00-04:00,1.7147531509399414,1.7407342592875164,1.6887720425923667,1.7147531509399414,10100,0.0,0.0
1990-05-01 00:00:00-04:00,1.688771367073059,1.7147524650280292,1.662790269118089,1.688771367073059,16000,0.0,0.0
1990-05-02 00:00:00-04:00,1.688771367073059,1.688771367073059,1.662790269118089,1.688771367073059,11300,0.0,0.0
1990-05-03 00:00:00-04:00,1.6627906560897827,1.6887717600911856,1.6627906560897827,1.6627906560897827,7900,0.0,0.0
1990-05-04 00:00:00-04:00,1.6627909342447917,1.7147531509399414,1.6627909342447917,1.7147531509399414,9500,0.0,0.0
1990-05-07 00:00:00-04:00,1.7147531509399414,1.7147531509399414,1.6887720425923667,1.7147531509399414,8200,0.0,0.0
1990-05-08 00:00:00-04:00,1.688771367073059,1.688771367073059,1.662790269118089,1.688771367073059,6900,0.0,0.0
1990-05-09 00:00:00-04:00,1.6887717600911856,1.6887717600911856,1.6627906560897827,1.6627906560897827,16800,0.0,0.0
1990-05-10 00:00:00-04:00,1.6627906560897827,1.6627906560897827,1.6627906560897827,1.6627906560897827,10200,0.0,0.0
1990-05-11 00:00:00-04:00,1.6627899654327878,1.6627899654327878,1.6368088722229004,1.6368088722229004,15300,0.0,0.0
1990-05-14 00:00:00-04:00,1.662790269118089,1.688771367073059,1.662790269118089,1.688771367073059,21900,0.0,0.0
1990-05-15 00:00:00-04:00,1.6368088722229004,1.6627899654327878,1.6368088722229004,1.6368088722229004,10100,0.0,0.0
1990-05-16 00:00:00-04:00,1.6368095520883799,1.7147528640925884,1.6368095520883799,1.6627906560897827,19300,0.0,0.0
1990-05-17 00:00:00-04:00,1.6887717600911856,1.7147528640925884,1.6627906560897827,1.6627906560897827,12000,0.0,0.0
1990-05-18 00:00:00-04:00,1.662790269118089,1.688771367073059,1.662790269118089,1.688771367073059,15100,0.0,0.0
1990-05-21 00:00:00-04:00,1.6627906560897827,1.6887717600911856,1.6627906560897827,1.6627906560897827,11000,0.0,0.0
1990-05-22 00:00:00-04:00,1.688771367073059,1.7147524650280292,1.688771367073059,1.688771367073059,15700,0.0,0.0
1990-05-23 00:00:00-04:00,1.7147524650280292,1.7147524650280292,1.688771367073059,1.688771367073059,20000,0.0,0.0
1990-05-24 00:00:00-04:00,1.7047537601355351,1.7580273151397705,1.7047537601355351,1.7580273151397705,8200,0.2,0.0
1990-05-25 00:00:00-04:00,1.7313905376376528,1.7580273151397705,1.7313905376376528,1.7580273151397705,8200,0.0,0.0
1990-05-29 00:00:00-04:00,1.7313907146453857,1.7580274948706993,1.7313907146453857,1.7313907146453857,5400,0.0,0.0
1990-05-30 00:00:00-04:00,1.7313907146453857,1.7580274948706993,1.7047539344200722,1.7313907146453857,7300,0.0,0.0
1990-05-31 00:00:00-04:00,1.7313907146453857,1.7313907146453857,1.7047539344200722,1.7313907146453857,13900,0.0,0.0
1990-06-01 00:00:00-04:00,1.7047538757324219,1.731390655040741,1.7047538757324219,1.7047538757324219,8700,0.0,0.0
1990-06-04 00:00:00-04:00,1.7047538757324219,1.731390655040741,1.6781170964241028,1.7047538757324219,10800,0.0,0.0
1990-06-05 00:00:00-04:00,1.704753209674169,1.731389978575328,1.6781164407730103,1.6781164407730103,16100,0.0,0.0
1990-06-06 00:00:00-04:00,1.731390655040741,1.731390655040741,1.6781170964241028,1.7047538757324219,7600,0.0,0.0
1990-06-07 00:00:00-04:00,1.704753209674169,1.704753209674169,1.6781164407730103,1.6781164407730103,6600,0.0,0.0
1990-06-08 00:00:00-04:00,1.6781171541947586,1.7313907146453857,1.6781171541947586,1.7313907146453857,10300,0.0,0.0
1990-06-11 00:00:00-04:00,1.7047538757324219,1.731390655040741,1.7047538757324219,1.7047538757324219,15500,0.0,0.0
1990-06-12 00:00:00-04:00,1.704753209674169,1.704753209674169,1.6781164407730103,1.6781164407730103,6800,0.0,0.0
1990-06-13 00:00:00-04:00,1.6781169826334175,1.7580273151397705,1.6781169826334175,1.7580273151397705,24300,0.0,0.0
1990-06-14 00:00:00-04:00,1.7313907146453857,1.7580274948706993,1.7047539344200722,1.7313907146453857,19500,0.0,0.0
1990-06-15 00:00:00-04:00,1.7580274948706993,1.7580274948706993,1.7047539344200722,1.7313907146453857,18300,0.0,0.0
1990-06-18 00:00:00-04:00,1.7580274948706993,1.7580274948706993,1.7047539344200722,1.7313907146453857,11200,0.0,0.0
1990-06-19 00:00:00-04:00,1.7580273151397705,1.7580273151397705,1.7047537601355351,1.7580273151397705,6100,0.0,0.0
1990-06-20 00:00:00-04:00,1.731390655040741,1.731390655040741,1.7047538757324219,1.7047538757324219,11100,0.0,0.0
1990-06-21 00:00:00-04:00,1.7313907146453857,1.7313907146453857,1.7047539344200722,1.7313907146453857,3600,0.0,0.0
1990-06-22 00:00:00-04:00,1.731390655040741,1.731390655040741,1.7047538757324219,1.7047538757324219,9700,0.0,0.0
1990-06-25 00:00:00-04:00,1.731390655040741,1.75802743434906,1.7047538757324219,1.7047538757324219,37300,0.0,0.0
1990-06-26 00:00:00-04:00,1.7047538757324219,1.731390655040741,1.6781170964241028,1.7047538757324219,37300,0.0,0.0
1990-06-27 00:00:00-04:00,1.7313907146453857,1.7580274948706993,1.7313907146453857,1.7313907146453857,1700,0.0,0.0
1990-06-28 00:00:00-04:00,1.7313907146453857,1.7580274948706993,1.7313907146453857,1.7313907146453857,2900,0.0,0.0
1990-06-29 00:00:00-04:00,1.7313905376376528,1.7580273151397705,1.7313905376376528,1.7580273151397705,4900,0.0,0.0
1990-07-02 00:00:00-04:00,1.7580274948706993,1.7580274948706993,1.7313907146453857,1.7313907146453857,13800,0.0,0.0
1990-07-03 00:00:00-04:00,1.7313907146453857,1.7580274948706993,1.7313907146453857,1.7313907146453857,5700,0.0,0.0
1990-07-05 00:00:00-04:00,1.7313907146453857,1.7580274948706993,1.7313907146453857,1.7313907146453857,52700,0.0,0.0
1990-07-06 00:00:00-04:00,1.7313907146453857,1.7580274948706993,1.7313907146453857,1.7313907146453857,4300,0.0,0.0
1990-07-09 00:00:00-04:00,1.7313907146453857,1.7580274948706993,1.7313907146453857,1.7313907146453857,7900,0.0,0.0
1990-07-10 00:00:00-04:00,1.7313905376376528,1.7580273151397705,1.7313905376376528,1.7580273151397705,23000,0.0,0.0
1990-07-11 00:00:00-04:00,1.7580274948706993,1.7580274948706993,1.7313907146453857,1.7313907146453857,21600,0.0,0.0
1990-07-12 00:00:00-04:00,1.7313907146453857,1.7580274948706993,1.7313907146453857,1.7313907146453857,5900,0.0,0.0
1990-07-13 00:00:00-04:00,1.7313905376376528,1.7846640926418884,1.7313905376376528,1.7580273151397705,27000,0.0,0.0
1990-07-16 00:00:00-04:00,1.7313907146453857,1.7580274948706993,1.7313907146453857,1.7313907146453857,4500,0.0,0.0
1990-07-17 00:00:00-04:00,1.7313907146453857,1.7580274948706993,1.7313907146453857,1.7313907146453857,15200,0.0,0.0
1990-07-18 00:00:00-04:00,1.7580274948706993,1.7580274948706993,1.7313907146453857,1.7313907146453857,15200,0.0,0.0
1990-07-19 00:00:00-04:00,1.7313907146453857,1.7580274948706993,1.7313907146453857,1.7313907146453857,7800,0.0,0.0
1990-07-20 00:00:00-04:00,1.7313907146453857,1.7580274948706993,1.7313907146453857,1.7313907146453857,5700,0.0,0.0
1990-07-23 00:00:00-04:00,1.7313907146453857,1.7580274948706993,1.7313907146453857,1.7313907146453857,11100,0.0,0.0
1990-07-24 00:00:00-04:00,1.7313905376376528,1.7580273151397705,1.7313905376376528,1.7580273151397705,11100,0.0,0.0
1990-07-25 00:00:00-04:00,1.7313907146453857,1.7580274948706993,1.7313907146453857,1.7313907146453857,11400,0.0,0.0
1990-07-26 00:00:00-04:00,1.7313905376376528,1.7580273151397705,1.7313905376376528,1.7580273151397705,6600,0.0,0.0
1990-07-27 00:00:00-04:00,1.731390655040741,1.731390655040741,1.7047538757324219,1.7047538757324219,10000,0.0,0.0
1990-07-30 00:00:00-04:00,1.7047538757324219,1.731390655040741,1.7047538757324219,1.7047538757324219,15100,0.0,0.0
1990-07-31 00:00:00-04:00,1.7047538757324219,1.731390655040741,1.6781170964241028,1.7047538757324219,7200,0.0,0.0
1990-08-01 00:00:00-04:00,1.731390655040741,1.731390655040741,1.6781170964241028,1.7047538757324219,23100,0.0,0.0
1990-08-02 00:00:00-04:00,1.6781170964241028,1.7047538757324219,1.6781170964241028,1.7047538757324219,7000,0.0,0.0
1990-08-03 00:00:00-04:00,1.704753209674169,1.704753209674169,1.6781164407730103,1.6781164407730103,14600,0.0,0.0
1990-08-06 00:00:00-04:00,1.6781164407730103,1.731389978575328,1.6781164407730103,1.6781164407730103,11900,0.0,0.0
1990-08-07 00:00:00-04:00,1.6781164407730103,1.731389978575328,1.6781164407730103,1.6781164407730103,13500,0.0,0.0
1990-08-08 00:00:00-04:00,1.704753209674169,1.704753209674169,1.6781164407730103,1.6781164407730103,4300,0.0,0.0
1990-08-09 00:00:00-04:00,1.6781164407730103,1.704753209674169,1.6781164407730103,1.6781164407730103,11200,0.0,0.0
1990-08-10 00:00:00-04:00,1.6781164407730103,1.704753209674169,1.6781164407730103,1.6781164407730103,6200,0.0,0.0
1990-08-13 00:00:00-04:00,1.6781164407730103,1.704753209674169,1.6781164407730103,1.6781164407730103,23600,0.0,0.0
1990-08-14 00:00:00-04:00,1.6781166118960227,1.6781166118960227,1.6248430686612283,1.6514798402786255,15700,0.0,0.0
1990-08-15 00:00:00-04:00,1.6514798402786255,1.6781166118960227,1.6514798402786255,1.6514798402786255,2000,0.0,0.0
1990-08-16 00:00:00-04:00,1.6514801353704733,1.6514801353704733,1.6248433589935303,1.6248433589935303,12600,0.0,0.0
1990-08-17 00:00:00-04:00,1.6248440393086139,1.6514808268382632,1.5449336767196655,1.5449336767196655,36700,0.0,0.0
1990-08-20 00:00:00-04:00,1.5449336767196655,1.5982072517789643,1.5449336767196655,1.5449336767196655,27800,0.0,0.0
1990-08-21 00:00:00-04:00,1.5182968891900162,1.571570464249315,1.5182968891900162,1.5449336767196655,10600,0.0,0.0
1990-08-22 00:00:00-04:00,1.5449336767196655,1.571570464249315,1.5182968891900162,1.5449336767196655,40300,0.0,0.0
1990-08-23 00:00:00-04:00,1.5182967845882689,1.5182967845882689,1.4916599988937378,1.4916599988937378,13600,0.0,0.0
1990-08-24 00:00:00-04:00,1.4916599988937378,1.5182967845882689,1.4916599988937378,1.4916599988937378,22700,0.0,0.0
1990-08-27 00:00:00-04:00,1.4916598169427169,1.5182965993881226,1.4916598169427169,1.5182965993881226,18200,0.0,0.0
1990-08-28 00:00:00-04:00,1.4916599988937378,1.5182967845882689,1.4916599988937378,1.4916599988937378,10700,0.0,0.0
1990-08-29 00:00:00-04:00,1.5182965993881226,1.5182965993881226,1.4916598169427169,1.5182965993881226,7400,0.0,0.0
1990-08-30 00:00:00-04:00,1.5182967845882689,1.5182967845882689,1.4916599988937378,1.4916599988937378,9800,0.0,0.0
1990-08-31 00:00:00-04:00,1.491659944707697,1.5182967294346201,1.465023159980774,1.465023159980774,45700,0.0,0.0
1990-09-04 00:00:00-04:00,1.4916599988937378,1.4916599988937378,1.465023213199207,1.4916599988937378,8800,0.0,0.0
1990-09-05 00:00:00-04:00,1.465023159980774,1.491659944707697,1.465023159980774,1.465023159980774,5700,0.0,0.0
1990-09-06 00:00:00-04:00,1.465023159980774,1.5182967294346201,1.465023159980774,1.465023159980774,40400,0.0,0.0
1990-09-07 00:00:00-04:00,1.4916598169427169,1.5182965993881226,1.4650230344973112,1.5182965993881226,71800,0.0,0.0
1990-09-10 00:00:00-04:00,1.479927897453308,1.5347400418034307,1.479927897453308,1.479927897453308,6100,0.2,0.0
1990-09-11 00:00:00-04:00,1.479927897453308,1.5073339696283694,1.4525218252782468,1.479927897453308,37200,0.0,0.0
1990-09-12 00:00:00-04:00,1.479927897453308,1.479927897453308,1.4525218252782468,1.479927897453308,6900,0.0,0.0
1990-09-13 00:00:00-04:00,1.4525224230506202,1.507334589958191,1.4525224230506202,1.507334589958191,8000,0.0,0.0
1990-09-14 00:00:00-04:00,1.5347400418034307,1.5621461139784918,1.4525218252782468,1.479927897453308,15100,0.0,0.0
1990-09-17 00:00:00-04:00,1.4525220394134521,1.4799281156288002,1.4525220394134521,1.4525220394134521,21300,0.0,0.0
1990-09-18 00:00:00-04:00,1.479927897453308,1.479927897453308,1.4525218252782468,1.479927897453308,16600,0.0,0.0
1990-09-19 00:00:00-04:00,1.507334589958191,1.507334589958191,1.4799285065044057,1.507334589958191,5000,0.0,0.0
1990-09-20 00:00:00-04:00,1.479927897453308,1.5073339696283694,1.479927897453308,1.479927897453308,11700,0.0,0.0
1990-09-21 00:00:00-04:00,1.4525220394134521,1.4799281156288002,1.4525220394134521,1.4525220394134521,10500,0.0,0.0
1990-09-24 00:00:00-04:00,1.4525220394134521,1.4799281156288002,1.4525220394134521,1.4525220394134521,6700,0.0,0.0
1990-09-25 00:00:00-04:00,1.479927897453308,1.479927897453308,1.4525218252782468,1.479927897453308,6000,0.0,0.0
1990-09-26 00:00:00-04:00,1.5073339696283694,1.5073339696283694,1.479927897453308,1.479927897453308,15100,0.0,0.0
1990-09-27 00:00:00-04:00,1.5073339696283694,1.5073339696283694,1.479927897453308,1.479927897453308,12500,0.0,0.0
1990-09-28 00:00:00-04:00,1.479927897453308,1.5073339696283694,1.479927897453308,1.479927897453308,10200,0.0,0.0
1990-10-01 00:00:00-04:00,1.5073339248958386,1.5621460676193237,1.5073339248958386,1.5621460676193237,20800,0.0,0.0
1990-10-02 00:00:00-04:00,1.5621461139784918,1.5621461139784918,1.479927897453308,1.479927897453308,6500,0.0,0.0
1990-10-03 00:00:00-04:00,1.4799285065044057,1.507334589958191,1.4799285065044057,1.507334589958191,4900,0.0,0.0
1990-10-04 00:00:00-04:00,1.507334589958191,1.507334589958191,1.4799285065044057,1.507334589958191,4400,0.0,0.0
1990-10-05 00:00:00-04:00,1.507334589958191,1.507334589958191,1.4799285065044057,1.507334589958191,4900,0.0,0.0
1990-10-08 00:00:00-04:00,1.479927897453308,1.5073339696283694,1.4525218252782468,1.479927897453308,4000,0.0,0.0
1990-10-09 00:00:00-04:00,1.4799281156288002,1.4799281156288002,1.4525220394134521,1.4525220394134521,6600,0.0,0.0
1990-10-10 00:00:00-04:00,1.452522140282851,1.4799282184013953,1.4251160621643066,1.4251160621643066,23700,0.0,0.0
1990-10-11 00:00:00-04:00,1.4251160621643066,1.4799282184013953,1.4251160621643066,1.4251160621643066,21400,0.0,0.0
1990-10-12 00:00:00-04:00,1.4525218734554215,1.4525218734554215,1.3977097272872925,1.3977097272872925,10700,0.0,0.0
1990-10-15 00:00:00-04:00,1.4251146602630616,1.4251146602630616,1.3703025579452515,1.3703025579452515,12800,0.0,0.0
1990-10-16 00:00:00-04:00,1.3703036542032279,1.4251158003713569,1.3703036542032279,1.3977097272872925,34900,0.0,0.0
1990-10-17 00:00:00-04:00,1.4251158003713569,1.4525218734554215,1.3977097272872925,1.3977097272872925,12200,0.0,0.0
1990-10-18 00:00:00-04:00,1.452522140282851,1.452522140282851,1.3977099840457623,1.4251160621643066,7000,0.0,0.0
1990-10-19 00:00:00-04:00,1.425115963198104,1.4525220394134521,1.3977098869827558,1.4525220394134521,13700,0.0,0.0
1990-10-22 00:00:00-04:00,1.4799282184013953,1.5073342965199397,1.4251160621643066,1.4251160621643066,14600,0.0,0.0
1990-10-23 00:00:00-04:00,1.4251158003713569,1.4251158003713569,1.3977097272872925,1.3977097272872925,12300,0.0,0.0
1990-10-24 00:00:00-04:00,1.4525218734554215,1.4525218734554215,1.3977097272872925,1.3977097272872925,5900,0.0,0.0
1990-10-25 00:00:00-04:00,1.452522140282851,1.452522140282851,1.3977099840457623,1.4251160621643066,15100,0.0,0.0
1990-10-26 00:00:00-04:00,1.4251160621643066,1.4251160621643066,1.4251160621643066,1.4251160621643066,7000,0.0,0.0
1990-10-29 00:00:00-05:00,1.425115963198104,1.4799281156288002,1.425115963198104,1.4525220394134521,6300,0.0,0.0
1990-10-30 00:00:00-05:00,1.479927897453308,1.479927897453308,1.4525218252782468,1.479927897453308,16900,0.0,0.0
1990-10-31 00:00:00-05:00,1.5073341918441485,1.5073341918441485,1.4525220394134521,1.4525220394134521,3400,0.0,0.0
1990-11-01 00:00:00-05:00,1.452522140282851,1.4799282184013953,1.4251160621643066,1.4251160621643066,3800,0.0,0.0
1990-11-02 00:00:00-05:00,1.452522140282851,1.452522140282851,1.4251160621643066,1.4251160621643066,15300,0.0,0.0
1990-11-05 00:00:00-05:00,1.4251160621643066,1.452522140282851,1.4251160621643066,1.4251160621643066,2500,0.0,0.0
1990-11-06 00:00:00-05:00,1.4251157531031855,1.479927897453308,1.4251157531031855,1.479927897453308,11900,0.0,0.0
1990-11-07 00:00:00-05:00,1.4525220394134521,1.4525220394134521,1.425115963198104,1.4525220394134521,10900,0.0,0.0
1990-11-08 00:00:00-05:00,1.4251160621643066,1.4251160621643066,1.4251160621643066,1.4251160621643066,5600,0.0,0.0
1990-11-09 00:00:00-05:00,1.425115963198104,1.4525220394134521,1.425115963198104,1.4525220394134521,10800,0.0,0.0
1990-11-12 00:00:00-05:00,1.4251160621643066,1.452522140282851,1.4251160621643066,1.4251160621643066,8500,0.0,0.0
1990-11-13 00:00:00-05:00,1.4251157531031855,1.479927897453308,1.4251157531031855,1.479927897453308,21200,0.0,0.0
1990-11-14 00:00:00-05:00,1.479927897453308,1.5073339696283694,1.479927897453308,1.479927897453308,6500,0.0,0.0
1990-11-15 00:00:00-05:00,1.4525218252782468,1.5073339696283694,1.4525218252782468,1.479927897453308,6400,0.0,0.0
1990-11-16 00:00:00-05:00,1.5073339696283694,1.5347400418034307,1.479927897453308,1.479927897453308,10400,0.0,0.0
1990-11-19 00:00:00-05:00,1.5347406734119762,1.5347406734119762,1.4799285065044057,1.507334589958191,17700,0.0,0.0
1990-11-20 00:00:00-05:00,1.4799285065044057,1.5347406734119762,1.4799285065044057,1.507334589958191,9000,0.0,0.0
1990-11-21 00:00:00-05:00,1.507334589958191,1.5347406734119762,1.4799285065044057,1.507334589958191,11800,0.0,0.0
1990-11-23 00:00:00-05:00,1.5347398519515991,1.5347398519515991,1.5073337831667493,1.5347398519515991,8500,0.0,0.0
1990-11-26 00:00:00-05:00,1.5516666681678206,1.5798787894072357,1.495242425688991,1.5234545469284058,14000,0.2,0.0
1990-11-27 00:00:00-05:00,1.5234545469284058,1.5516666681678206,1.5234545469284058,1.5234545469284058,11100,0.0,0.0
1990-11-28 00:00:00-05:00,1.5234554334120316,1.55166757106781,1.4952432957562534,1.55166757106781,16900,0.0,0.0
1990-11-29 00:00:00-05:00,1.5234545469284058,1.5234545469284058,1.495242425688991,1.5234545469284058,6100,0.0,0.0
1990-11-30 00:00:00-05:00,1.5516675868124332,1.5516675868124332,1.4670311729863004,1.4952433109283447,16200,0.0,0.0
1990-12-03 00:00:00-05:00,1.4670313596725464,1.4952435012047107,1.4670313596725464,1.4670313596725464,12700,0.0,0.0
1990-12-04 00:00:00-05:00,1.4670313596725464,1.4952435012047107,1.4670313596725464,1.4670313596725464,14100,0.0,0.0
1990-12-05 00:00:00-05:00,1.4670313596725464,1.4952435012047107,1.4670313596725464,1.4670313596725464,18600,0.0,0.0
1990-12-06 00:00:00-05:00,1.4670313596725464,1.4952435012047107,1.4670313596725464,1.4670313596725464,20500,0.0,0.0
1990-12-07 00:00:00-05:00,1.4670313596725464,1.4952435012047107,1.4670313596725464,1.4670313596725464,20400,0.0,0.0
1990-12-10 00:00:00-05:00,1.4670313596725464,1.4952435012047107,1.4670313596725464,1.4670313596725464,21400,0.0,0.0
1990-12-11 00:00:00-05:00,1.4670313596725464,1.523455642736875,1.4670313596725464,1.4670313596725464,27400,0.0,0.0
1990-12-12 00:00:00-05:00,1.4670313596725464,1.523455642736875,1.4670313596725464,1.4670313596725464,23800,0.0,0.0
1990-12-13 00:00:00-05:00,1.4670311729863004,1.5234554488703889,1.4670311729863004,1.4952433109283447,15300,0.0,0.0
1990-12-14 00:00:00-05:00,1.523455642736875,1.523455642736875,1.4670313596725464,1.4670313596725464,5700,0.0,0.0
1990-12-17 00:00:00-05:00,1.4952433109283447,1.5234554488703889,1.4670311729863004,1.4952433109283447,11200,0.0,0.0
1990-12-18 00:00:00-05:00,1.4670313596725464,1.523455642736875,1.4670313596725464,1.4670313596725464,13500,0.0,0.0
1990-12-19 00:00:00-05:00,1.4670313596725464,1.4952435012047107,1.4670313596725464,1.4670313596725464,31100,0.0,0.0
1990-12-20 00:00:00-05:00,1.4670313596725464,1.4952435012047107,1.438819218140382,1.4670313596725464,31000,0.0,0.0
1990-12-21 00:00:00-05:00,1.4670313596725464,1.4952435012047107,1.4670313596725464,1.4670313596725464,24100,0.0,0.0
1990-12-24 00:00:00-05:00,1.4670313596725464,1.4952435012047107,1.4670313596725464,1.4670313596725464,12700,0.0,0.0
1990-12-26 00:00:00-05:00,1.4670313596725464,1.4952435012047107,1.438819218140382,1.4670313596725464,17900,0.0,0.0
1990-12-27 00:00:00-05:00,1.4670313596725464,1.4952435012047107,1.4670313596725464,1.4670313596725464,19300,0.0,0.0
1990-12-28 00:00:00-05:00,1.467030216665829,1.4952423362170948,1.438818097114563,1.438818097114563,38400,0.0,0.0
1990-12-31 00:00:00-05:00,1.4388190350442562,1.4952433109283447,1.4388190350442562,1.4952433109283447,44000,0.0,0.0
1991-01-02 00:00:00-05:00,1.4952435012047107,1.4952435012047107,1.4670313596725464,1.4670313596725464,4400,0.0,0.0
1991-01-03 00:00:00-05:00,1.4670313596725464,1.4952435012047107,1.438819218140382,1.4670313596725464,6300,0.0,0.0
1991-01-04 00:00:00-05:00,1.4670313596725464,1.4670313596725464,1.438819218140382,1.4670313596725464,4200,0.0,0.0
1991-01-07 00:00:00-05:00,1.4952433109283447,1.4952433109283447,1.4670311729863004,1.4952433109283447,14800,0.0,0.0
1991-01-08 00:00:00-05:00,1.4670313596725464,1.4670313596725464,1.438819218140382,1.4670313596725464,4500,0.0,0.0
1991-01-09 00:00:00-05:00,1.438819218140382,1.4952435012047107,1.438819218140382,1.4670313596725464,12300,0.0,0.0
1991-01-10 00:00:00-05:00,1.438819218140382,1.4952435012047107,1.438819218140382,1.4670313596725464,9400,0.0,0.0
1991-01-11 00:00:00-05:00,1.438819218140382,1.4670313596725464,1.438819218140382,1.4670313596725464,14100,0.0,0.0
1991-01-14 00:00:00-05:00,1.4388190350442562,1.4952433109283447,1.4388190350442562,1.4952433109283447,6100,0.0,0.0
1991-01-15 00:00:00-05:00,1.4670311729863004,1.4952433109283447,1.4670311729863004,1.4952433109283447,8300,0.0,0.0
1991-01-16 00:00:00-05:00,1.523455642736875,1.523455642736875,1.4670313596725464,1.4670313596725464,3300,0.0,0.0
1991-01-17 00:00:00-05:00,1.4670313596725464,1.4952435012047107,1.4670313596725464,1.4670313596725464,9900,0.0,0.0
1991-01-18 00:00:00-05:00,1.438819218140382,1.4952435012047107,1.438819218140382,1.4670313596725464,9900,0.0,0.0
1991-01-21 00:00:00-05:00,1.4670311729863004,1.4952433109283447,1.4670311729863004,1.4952433109283447,5500,0.0,0.0
1991-01-22 00:00:00-05:00,1.4670313596725464,1.4952435012047107,1.4670313596725464,1.4670313596725464,1800,0.0,0.0
1991-01-23 00:00:00-05:00,1.4670313596725464,1.5516677842690394,1.4670313596725464,1.4670313596725464,10700,0.0,0.0
1991-01-24 00:00:00-05:00,1.4670311729863004,1.4952433109283447,1.4670311729863004,1.4952433109283447,6800,0.0,0.0
1991-01-25 00:00:00-05:00,1.5234545469284058,1.5234545469284058,1.4670303044495758,1.5234545469284058,8200,0.0,0.0
1991-01-28 00:00:00-05:00,1.495242425688991,1.5234545469284058,1.4670303044495758,1.5234545469284058,6800,0.0,0.0
1991-01-29 00:00:00-05:00,1.4952433109283447,1.5234554488703889,1.4952433109283447,1.4952433109283447,9900,0.0,0.0
1991-01-30 00:00:00-05:00,1.5234554334120316,1.5798797087235883,1.5234554334120316,1.55166757106781,12200,0.0,0.0
1991-01-31 00:00:00-05:00,1.5516672113485503,1.6080914735794067,1.5516672113485503,1.6080914735794067,4900,0.0,0.0
1991-02-01 00:00:00-05:00,1.6363039016723633,1.6363039016723633,1.6363039016723633,1.6363039016723633,5200,0.0,0.0
1991-02-04 00:00:00-05:00,1.6645160379080937,1.6927281741438243,1.6363039016723633,1.6363039016723633,15500,0.0,0.0
1991-02-05 00:00:00-05:00,1.6645160379080937,1.6927281741438243,1.6363039016723633,1.6363039016723633,7800,0.0,0.0
1991-02-06 00:00:00-05:00,1.6363040713940635,1.6645162105560303,1.6363040713940635,1.6645162105560303,7100,0.0,0.0
1991-02-07 00:00:00-05:00,1.692728042602539,1.692728042602539,1.6645159085591634,1.692728042602539,13600,0.0,0.0
1991-02-08 00:00:00-05:00,1.6080916404724122,1.692728042602539,1.6080916404724122,1.692728042602539,7900,0.0,0.0
1991-02-11 00:00:00-05:00,1.6363037745157878,1.7491523106892903,1.6363037745157878,1.692728042602539,12400,0.0,0.0
1991-02-12 00:00:00-05:00,1.664515501163045,1.749151882578115,1.6080912468863315,1.7209397554397583,21800,0.0,0.0
1991-02-13 00:00:00-05:00,1.6927271336317062,1.8055756092071533,1.6927271336317062,1.8055756092071533,8300,0.0,0.0
1991-02-14 00:00:00-05:00,1.8055756092071533,1.8055756092071533,1.7773634903132915,1.8055756092071533,19400,0.0,0.0
1991-02-15 00:00:00-05:00,1.7773642521638138,1.833788514137268,1.7773642521638138,1.833788514137268,8000,0.0,0.0
1991-02-19 00:00:00-05:00,1.8055761368548284,1.8055761368548284,1.7209397554397583,1.7209397554397583,12800,0.0,0.0
1991-02-20 00:00:00-05:00,1.6927283150809151,1.777364730834961,1.6927283150809151,1.777364730834961,7600,0.0,0.0
1991-02-21 00:00:00-05:00,1.8055768694196428,1.8055768694196428,1.777364730834961,1.777364730834961,76900,0.0,0.0
1991-02-22 00:00:00-05:00,1.777364730834961,1.8055768694196428,1.7491525922502789,1.777364730834961,11100,0.0,0.0
1991-02-25 00:00:00-05:00,1.8055768694196428,1.8055768694196428,1.7491525922502789,1.777364730834961,9900,0.0,0.0
1991-02-26 00:00:00-05:00,1.7947319666544597,1.7947319666544597,1.6789428075154622,1.736837387084961,9600,0.2,0.0
1991-02-27 00:00:00-05:00,1.7078900973002116,1.7657846768697103,1.6789428075154622,1.736837387084961,7900,0.0,0.0
1991-02-28 00:00:00-05:00,1.7368381531512151,1.7657854557037354,1.7368381531512151,1.7657854557037354,9100,0.0,0.0
1991-03-01 00:00:00-05:00,1.7368375101397113,1.7947320938110352,1.7368375101397113,1.7947320938110352,15900,0.0,0.0
1991-03-04 00:00:00-05:00,1.7657854557037354,1.7947327582562558,1.7657854557037354,1.7657854557037354,6200,0.0,0.0
1991-03-05 00:00:00-05:00,1.7368381531512151,1.823680060808776,1.7368381531512151,1.7657854557037354,15200,0.0,0.0
1991-03-06 00:00:00-05:00,1.7657848019753732,1.7947320938110352,1.7657848019753732,1.7947320938110352,15400,0.0,0.0
1991-03-07 00:00:00-05:00,1.7947320938110352,1.7947320938110352,1.7657848019753732,1.7947320938110352,6500,0.0,0.0
1991-03-08 00:00:00-05:00,1.7947327582562558,1.7947327582562558,1.7657854557037354,1.7657854557037354,10200,0.0,0.0
1991-03-11 00:00:00-05:00,1.7657854557037354,1.823680060808776,1.7657854557037354,1.7657854557037354,16700,0.0,0.0
1991-03-12 00:00:00-05:00,1.7947327767388295,1.7947327767388295,1.6789435653363243,1.7078908681869507,56700,0.0,0.0
1991-03-13 00:00:00-05:00,1.6789445877075195,1.7078919081852355,1.6789445877075195,1.6789445877075195,16400,0.0,0.0
1991-03-14 00:00:00-05:00,1.707890850598695,1.7657854557037354,1.707890850598695,1.7657854557037354,22500,0.0,0.0
1991-03-15 00:00:00-05:00,1.7657846768697103,1.7947319666544597,1.736837387084961,1.736837387084961,33600,0.0,0.0
1991-03-18 00:00:00-05:00,1.7368375101397113,1.7947320938110352,1.7368375101397113,1.7947320938110352,25400,0.0,0.0
1991-03-19 00:00:00-05:00,1.7947327582562558,1.7947327582562558,1.7657854557037354,1.7657854557037354,9200,0.0,0.0
1991-03-20 00:00:00-05:00,1.7657848019753732,1.8236793856466968,1.7657848019753732,1.7947320938110352,23600,0.0,0.0
1991-03-21 00:00:00-05:00,1.823680060808776,1.823680060808776,1.7657854557037354,1.7657854557037354,10100,0.0,0.0
1991-03-22 00:00:00-05:00,1.7657848019753732,1.7947320938110352,1.7657848019753732,1.7947320938110352,9600,0.0,0.0
1991-03-25 00:00:00-05:00,1.8236801422559297,1.8815747499465942,1.7947328384105976,1.8815747499465942,17400,0.0,0.0
1991-03-26 00:00:00-05:00,1.8526281876997515,1.9105228185653687,1.8526281876997515,1.9105228185653687,16500,0.0,0.0
1991-03-27 00:00:00-05:00,1.9105220537919263,1.9105220537919263,1.8236801422559297,1.8815747499465942,24700,0.0,0.0
1991-03-28 00:00:00-05:00,1.8815744575113058,1.8815744575113058,1.852627158164978,1.852627158164978,7100,0.0,0.0
1991-04-01 00:00:00-05:00,1.852627446101262,1.8815747499465942,1.852627446101262,1.8815747499465942,5800,0.0,0.0
1991-04-02 00:00:00-05:00,1.852627158164978,1.8815744575113058,1.852627158164978,1.852627158164978,18200,0.0,0.0
1991-04-03 00:00:00-05:00,1.852627446101262,1.8815747499465942,1.852627446101262,1.8815747499465942,12000,0.0,0.0
1991-04-04 00:00:00-05:00,1.88157550313256,1.9105228185653687,1.8526281876997515,1.9105228185653687,225400,0.0,0.0
1991-04-05 00:00:00-05:00,1.9105228185653687,1.9105228185653687,1.88157550313256,1.9105228185653687,15600,0.0,0.0
1991-04-08 00:00:00-04:00,1.9105220537919263,1.9105220537919263,1.8815747499465942,1.8815747499465942,4100,0.0,0.0
1991-04-09 00:00:00-04:00,1.8815747499465942,1.9105220537919263,1.8815747499465942,1.8815747499465942,17100,0.0,0.0
1991-04-10 00:00:00-04:00,1.9105220537919263,1.9105220537919263,1.8815747499465942,1.8815747499465942,7600,0.0,0.0
1991-04-11 00:00:00-04:00,1.88157550313256,1.9105228185653687,1.8526281876997515,1.9105228185653687,11700,0.0,0.0
1991-04-12 00:00:00-04:00,1.8815744575113058,1.8815744575113058,1.852627158164978,1.852627158164978,16500,0.0,0.0
1991-04-15 00:00:00-04:00,1.852627446101262,1.9105220537919263,1.852627446101262,1.8815747499465942,12800,0.0,0.0
1991-04-16 00:00:00-04:00,1.8526281876997515,1.9105228185653687,1.8526281876997515,1.9105228185653687,27200,0.0,0.0
1991-04-17 00:00:00-04:00,1.9105220537919263,1.9394693576372586,1.8815747499465942,1.8815747499465942,10500,0.0,0.0
1991-04-18 00:00:00-04:00,1.9105228185653687,1.9105228185653687,1.88157550313256,1.9105228185653687,14400,0.0,0.0
1991-04-19 00:00:00-04:00,1.9105228185653687,1.9105228185653687,1.8526281876997515,1.9105228185653687,10800,0.0,0.0
1991-04-22 00:00:00-04:00,1.9105217568576336,1.9105217568576336,1.852627158164978,1.852627158164978,5800,0.0,0.0
1991-04-23 00:00:00-04:00,1.852627158164978,1.9105217568576336,1.852627158164978,1.852627158164978,16500,0.0,0.0
1991-04-24 00:00:00-04:00,1.852627158164978,1.8815744575113058,1.852627158164978,1.852627158164978,8600,0.0,0.0
1991-04-25 00:00:00-04:00,1.852627446101262,1.9105220537919263,1.852627446101262,1.8815747499465942,12500,0.0,0.0
1991-04-26 00:00:00-04:00,1.9105228185653687,1.9394701339981772,1.88157550313256,1.9105228185653687,16300,0.0,0.0
1991-04-29 00:00:00-04:00,1.9394701339981772,1.9394701339981772,1.9105228185653687,1.9105228185653687,4400,0.0,0.0
1991-04-30 00:00:00-04:00,1.88157550313256,1.9394701339981772,1.88157550313256,1.9105228185653687,35100,0.0,0.0
1991-05-01 00:00:00-04:00,1.9105206247585922,1.9684151891452162,1.9105206247585922,1.9394679069519043,13200,0.0,0.0
1991-05-02 00:00:00-04:00,1.9684154987335205,1.9684154987335205,1.9394682119874393,1.9684154987335205,6400,0.0,0.0
1991-05-03 00:00:00-04:00,1.9105206247585922,1.9394679069519043,1.9105206247585922,1.9394679069519043,16700,0.0,0.0
1991-05-06 00:00:00-04:00,1.9105228185653687,1.9394701339981772,1.9105228185653687,1.9105228185653687,8000,0.0,0.0
1991-05-07 00:00:00-04:00,1.9394679069519043,1.9394679069519043,1.9105206247585922,1.9394679069519043,15900,0.0,0.0
1991-05-08 00:00:00-04:00,1.9105209252413582,1.9684154987335205,1.9105209252413582,1.9684154987335205,20300,0.0,0.0
1991-05-09 00:00:00-04:00,1.939470244490582,1.99736487865448,1.939470244490582,1.99736487865448,9300,0.0,0.0
1991-05-10 00:00:00-04:00,1.968417561572531,2.026312195736429,1.968417561572531,1.99736487865448,7600,0.0,0.0
1991-05-13 00:00:00-04:00,2.055259512818378,2.055259512818378,1.968417561572531,1.99736487865448,14600,0.0,0.0
1991-05-14 00:00:00-04:00,1.99736487865448,1.99736487865448,1.968417561572531,1.99736487865448,9800,0.0,0.0
1991-05-15 00:00:00-04:00,1.9973627854796019,1.9973627854796019,1.9684154987335205,1.9684154987335205,17800,0.0,0.0
1991-05-16 00:00:00-04:00,1.9973638568605694,2.026311159133911,1.9973638568605694,2.026311159133911,6800,0.0,0.0
1991-05-17 00:00:00-04:00,1.9973646016188071,2.0552592277526855,1.9684172885518678,2.0552592277526855,8600,0.0,0.0
1991-05-20 00:00:00-04:00,2.0552584614072527,2.0552584614072527,2.026311159133911,2.026311159133911,9000,0.0,0.0
1991-05-21 00:00:00-04:00,2.026310072225683,2.026310072225683,1.9684154987335205,1.9684154987335205,7600,0.0,0.0
1991-05-22 00:00:00-04:00,1.99736487865448,2.026312195736429,1.968417561572531,1.99736487865448,8700,0.0,0.0
1991-05-23 00:00:00-04:00,1.968417561572531,2.026312195736429,1.968417561572531,1.99736487865448,8100,0.0,0.0
1991-05-24 00:00:00-04:00,2.015145699183146,2.015145699183146,1.9558767080307007,1.9558767080307007,10400,0.2,0.0
1991-05-28 00:00:00-04:00,1.9558753967285156,2.0151443481445312,1.9558753967285156,2.0151443481445312,9300,0.0,0.0
1991-05-29 00:00:00-04:00,1.9558767080307007,1.9855112036069233,1.9558767080307007,1.9558767080307007,11400,0.0,0.0
1991-05-30 00:00:00-04:00,1.9558753967285156,2.0151443481445312,1.9262409210205078,2.0151443481445312,8700,0.0,0.0
1991-05-31 00:00:00-04:00,1.9855092763900757,1.9855092763900757,1.9558748095782834,1.9855092763900757,7800,0.0,0.0
1991-06-03 00:00:00-04:00,1.985509626681988,1.985509626681988,1.9262406826019287,1.9262406826019287,7600,0.0,0.0
1991-06-04 00:00:00-04:00,1.9262406826019287,1.9558751546419584,1.9262406826019287,1.9262406826019287,4400,0.0,0.0
1991-06-05 00:00:00-04:00,1.9262406826019287,1.9262406826019287,1.896606210561899,1.9262406826019287,26300,0.0,0.0
1991-06-06 00:00:00-04:00,1.896606210561899,1.9262406826019287,1.8669717385218694,1.9262406826019287,15500,0.0,0.0
1991-06-07 00:00:00-04:00,1.9262406826019287,1.9262406826019287,1.896606210561899,1.9262406826019287,7300,0.0,0.0
1991-06-10 00:00:00-04:00,1.896606210561899,1.9558751546419584,1.896606210561899,1.9262406826019287,8400,0.0,0.0
1991-06-11 00:00:00-04:00,1.9262406826019287,1.9558751546419584,1.9262406826019287,1.9262406826019287,16800,0.0,0.0
1991-06-12 00:00:00-04:00,1.896606210561899,1.9262406826019287,1.896606210561899,1.9262406826019287,6500,0.0,0.0
1991-06-13 00:00:00-04:00,1.8966064453125,1.9262409210205078,1.8966064453125,1.8966064453125,9500,0.0,0.0
1991-06-14 00:00:00-04:00,1.8966077168782551,1.9558767080307007,1.8966077168782551,1.9558767080307007,7600,0.0,0.0
1991-06-17 00:00:00-04:00,1.9855092763900757,1.9855092763900757,1.9262403427664914,1.9855092763900757,10500,0.0,0.0
1991-06-18 00:00:00-04:00,1.9262422124544778,1.9855112036069233,1.8966077168782551,1.9558767080307007,7800,0.0,0.0
1991-06-19 00:00:00-04:00,1.9558767080307007,1.9558767080307007,1.9262422124544778,1.9558767080307007,5500,0.0,0.0
1991-06-20 00:00:00-04:00,1.9262406826019287,1.9558751546419584,1.9262406826019287,1.9262406826019287,4000,0.0,0.0
1991-06-21 00:00:00-04:00,1.9262409210205078,1.9558753967285156,1.8966064453125,1.8966064453125,14300,0.0,0.0
1991-06-24 00:00:00-04:00,1.8966072930230036,1.8966072930230036,1.866972804069519,1.866972804069519,7900,0.0,0.0
1991-06-25 00:00:00-04:00,1.8669719696044922,1.8966064453125,1.8373374938964844,1.8966064453125,6100,0.0,0.0
1991-06-26 00:00:00-04:00,1.896606210561899,1.9262406826019287,1.896606210561899,1.9262406826019287,3000,0.0,0.0
1991-06-27 00:00:00-04:00,1.8966077168782551,1.9558767080307007,1.8966077168782551,1.9558767080307007,6300,0.0,0.0
1991-06-28 00:00:00-04:00,1.9558748095782834,1.9855092763900757,1.896605875954699,1.9855092763900757,10900,0.0,0.0
1991-07-01 00:00:00-04:00,1.9855092763900757,2.0151437432018677,1.9558748095782834,1.9855092763900757,4400,0.0,0.0
1991-07-02 00:00:00-04:00,1.9558751546419584,1.9558751546419584,1.8669717385218694,1.9262406826019287,9300,0.0,0.0
1991-07-03 00:00:00-04:00,1.8669717385218694,1.9262406826019287,1.8669717385218694,1.9262406826019287,21200,0.0,0.0
1991-07-05 00:00:00-04:00,1.8966064453125,1.9558753967285156,1.8669719696044922,1.8966064453125,7500,0.0,0.0
1991-07-08 00:00:00-04:00,1.8669719696044922,1.9262409210205078,1.8669719696044922,1.8966064453125,5800,0.0,0.0
1991-07-09 00:00:00-04:00,1.8966064453125,1.8966064453125,1.8669719696044922,1.8966064453125,13100,0.0,0.0
1991-07-10 00:00:00-04:00,1.8966064453125,1.9262409210205078,1.8669719696044922,1.8966064453125,9600,0.0,0.0
1991-07-11 00:00:00-04:00,1.9262409210205078,1.9558753967285156,1.8966064453125,1.8966064453125,10600,0.0,0.0
1991-07-12 00:00:00-04:00,1.9262406826019287,1.9558751546419584,1.896606210561899,1.9262406826019287,5400,0.0,0.0
1991-07-15 00:00:00-04:00,1.896606210561899,1.9262406826019287,1.896606210561899,1.9262406826019287,6800,0.0,0.0
1991-07-16 00:00:00-04:00,1.926241781976488,1.926241781976488,1.8373383151160347,1.866972804069519,13400,0.0,0.0
1991-07-17 00:00:00-04:00,1.8669732213020325,1.9558767080307007,1.8669732213020325,1.9558767080307007,11400,0.0,0.0
1991-07-18 00:00:00-04:00,1.9262406826019287,1.9262406826019287,1.896606210561899,1.9262406826019287,2000,0.0,0.0
1991-07-19 00:00:00-04:00,1.896606210561899,1.9262406826019287,1.896606210561899,1.9262406826019287,3100,0.0,0.0
1991-07-22 00:00:00-04:00,1.8966064453125,1.9262409210205078,1.8966064453125,1.8966064453125,6200,0.0,0.0
1991-07-23 00:00:00-04:00,1.8966064453125,1.9262409210205078,1.8966064453125,1.8966064453125,3800,0.0,0.0
1991-07-24 00:00:00-04:00,1.896606210561899,1.9558751546419584,1.896606210561899,1.9262406826019287,15300,0.0,0.0
1991-07-25 00:00:00-04:00,1.8966064453125,1.8966064453125,1.8966064453125,1.8966064453125,4100,0.0,0.0
1991-07-26 00:00:00-04:00,1.8966064453125,1.9262409210205078,1.8966064453125,1.8966064453125,2300,0.0,0.0
1991-07-29 00:00:00-04:00,1.8966077168782551,1.9558767080307007,1.8966077168782551,1.9558767080307007,12300,0.0,0.0
1991-07-30 00:00:00-04:00,1.8966064453125,1.8966064453125,1.8669719696044922,1.8966064453125,17500,0.0,0.0
1991-07-31 00:00:00-04:00,1.8966077168782551,1.9558767080307007,1.8966077168782551,1.9558767080307007,21000,0.0,0.0
1991-08-01 00:00:00-04:00,1.9262422124544778,1.9558767080307007,1.9262422124544778,1.9558767080307007,5200,0.0,0.0
1991-08-02 00:00:00-04:00,1.9558767080307007,1.9558767080307007,1.9262422124544778,1.9558767080307007,16300,0.0,0.0
1991-08-05 00:00:00-04:00,1.9262406826019287,1.9262406826019287,1.896606210561899,1.9262406826019287,3700,0.0,0.0
1991-08-06 00:00:00-04:00,1.9262422124544778,1.9558767080307007,1.8966077168782551,1.9558767080307007,2600,0.0,0.0
1991-08-07 00:00:00-04:00,1.9262406826019287,1.9558751546419584,1.9262406826019287,1.9262406826019287,4300,0.0,0.0
1991-08-08 00:00:00-04:00,1.896606210561899,1.985509626681988,1.896606210561899,1.9262406826019287,11700,0.0,0.0
1991-08-09 00:00:00-04:00,1.9558751546419584,1.9558751546419584,1.9262406826019287,1.9262406826019287,7100,0.0,0.0
1991-08-12 00:00:00-04:00,1.9262422124544778,1.9558767080307007,1.9262422124544778,1.9558767080307007,7900,0.0,0.0
1991-08-13 00:00:00-04:00,1.9262406826019287,1.9558751546419584,1.9262406826019287,1.9262406826019287,8900,0.0,0.0
1991-08-14 00:00:00-04:00,1.9262406826019287,1.9558751546419584,1.9262406826019287,1.9262406826019287,11100,0.0,0.0
1991-08-15 00:00:00-04:00,1.9558751546419584,1.9558751546419584,1.9262406826019287,1.9262406826019287,6100,0.0,0.0
1991-08-16 00:00:00-04:00,1.9855112036069233,1.9855112036069233,1.9262422124544778,1.9558767080307007,13700,0.0,0.0
1991-08-19 00:00:00-04:00,1.9558767080307007,1.9558767080307007,1.8966077168782551,1.9558767080307007,10600,0.0,0.0
1991-08-20 00:00:00-04:00,1.985509626681988,1.985509626681988,1.9262406826019287,1.9262406826019287,7900,0.0,0.0
1991-08-21 00:00:00-04:00,1.9558767080307007,1.9855112036069233,1.9262422124544778,1.9558767080307007,14500,0.0,0.0
1991-08-22 00:00:00-04:00,1.9558767080307007,1.9855112036069233,1.9262422124544778,1.9558767080307007,8800,0.0,0.0
1991-08-23 00:00:00-04:00,1.9262422124544778,1.9855112036069233,1.9262422124544778,1.9558767080307007,7400,0.0,0.0
1991-08-26 00:00:00-04:00,1.9765544840783784,2.037371545126944,1.9765544840783784,2.006963014602661,19600,0.21,0.0
1991-08-27 00:00:00-04:00,1.9765535593032837,1.9765535593032837,1.94614504300631,1.9765535593032837,15000,0.0,0.0
1991-08-28 00:00:00-04:00,1.9765544840783784,2.037371545126944,1.9765544840783784,2.006963014602661,29300,0.0,0.0
1991-08-29 00:00:00-04:00,1.9765535593032837,2.0069620756002573,1.94614504300631,1.9765535593032837,4200,0.0,0.0
1991-08-30 00:00:00-04:00,1.9765527212797707,2.037369728088379,1.9765527212797707,2.037369728088379,7600,0.0,0.0
1991-09-03 00:00:00-04:00,2.006963014602661,2.037371545126944,1.9765544840783784,2.006963014602661,7000,0.0,0.0
1991-09-04 00:00:00-04:00,1.9765535593032837,2.0069620756002573,1.9765535593032837,1.9765535593032837,9400,0.0,0.0
1991-09-05 00:00:00-04:00,1.9765544840783784,2.006963014602661,1.9765544840783784,2.006963014602661,5300,0.0,0.0
1991-09-06 00:00:00-04:00,2.006963014602661,2.006963014602661,1.9765544840783784,2.006963014602661,13100,0.0,0.0
1991-09-09 00:00:00-04:00,1.9765544840783784,2.006963014602661,1.9765544840783784,2.006963014602661,25000,0.0,0.0
1991-09-10 00:00:00-04:00,1.9765535593032837,2.0069620756002573,1.9765535593032837,1.9765535593032837,16000,0.0,0.0
1991-09-11 00:00:00-04:00,1.9765532109886408,1.9765532109886408,1.946144700050354,1.946144700050354,23900,0.0,0.0
1991-09-12 00:00:00-04:00,1.9765535593032837,1.9765535593032837,1.94614504300631,1.9765535593032837,5200,0.0,0.0
1991-09-13 00:00:00-04:00,1.946144700050354,1.9765532109886408,1.946144700050354,1.946144700050354,8700,0.0,0.0
1991-09-16 00:00:00-04:00,1.946144700050354,1.9765532109886408,1.946144700050354,1.946144700050354,8100,0.0,0.0
1991-09-17 00:00:00-04:00,1.94614504300631,1.9765535593032837,1.94614504300631,1.9765535593032837,12400,0.0,0.0
1991-09-18 00:00:00-04:00,1.94614504300631,1.9765535593032837,1.94614504300631,1.9765535593032837,6300,0.0,0.0
1991-09-19 00:00:00-04:00,1.94614504300631,2.0069620756002573,1.94614504300631,1.9765535593032837,5900,0.0,0.0
1991-09-20 00:00:00-04:00,2.0069620756002573,2.0069620756002573,1.9765535593032837,1.9765535593032837,20800,0.0,0.0
1991-09-23 00:00:00-04:00,1.9765535593032837,2.0069620756002573,1.9765535593032837,1.9765535593032837,12800,0.0,0.0
1991-09-24 00:00:00-04:00,1.9765544840783784,2.006963014602661,1.9765544840783784,2.006963014602661,6000,0.0,0.0
1991-09-25 00:00:00-04:00,1.9765544840783784,2.006963014602661,1.9765544840783784,2.006963014602661,2500,0.0,0.0
1991-09-26 00:00:00-04:00,2.0069620756002573,2.0069620756002573,1.9765535593032837,1.9765535593032837,11100,0.0,0.0
1991-09-27 00:00:00-04:00,1.9765535593032837,1.9765535593032837,1.9765535593032837,1.9765535593032837,2600,0.0,0.0
1991-09-30 00:00:00-04:00,1.9765527212797707,2.037369728088379,1.9765527212797707,2.037369728088379,13100,0.0,0.0
1991-10-01 00:00:00-04:00,2.006963014602661,2.037371545126944,2.006963014602661,2.006963014602661,6600,0.0,0.0
1991-10-02 00:00:00-04:00,2.006961224684075,2.037369728088379,2.006961224684075,2.037369728088379,9800,0.0,0.0
1991-10-03 00:00:00-04:00,2.006963014602661,2.006963014602661,2.006963014602661,2.006963014602661,11400,0.0,0.0
1991-10-04 00:00:00-04:00,2.0069617219269276,2.0069617219269276,1.946144700050354,1.946144700050354,32400,0.0,0.0
1991-10-07 00:00:00-04:00,1.9765535593032837,1.9765535593032837,1.9765535593032837,1.9765535593032837,8700,0.0,0.0
1991-10-08 00:00:00-04:00,2.006963014602661,2.006963014602661,1.9765544840783784,2.006963014602661,9300,0.0,0.0
1991-10-09 00:00:00-04:00,1.9765544840783784,2.006963014602661,1.9765544840783784,2.006963014602661,19200,0.0,0.0
1991-10-10 00:00:00-04:00,1.9765544840783784,2.006963014602661,1.9765544840783784,2.006963014602661,8600,0.0,0.0
1991-10-11 00:00:00-04:00,2.006963014602661,2.037371545126944,2.006963014602661,2.006963014602661,11800,0.0,0.0
1991-10-14 00:00:00-04:00,2.0069620756002573,2.0069620756002573,1.9765535593032837,1.9765535593032837,26000,0.0,0.0
1991-10-15 00:00:00-04:00,2.006963014602661,2.037371545126944,2.006963014602661,2.006963014602661,24900,0.0,0.0
1991-10-16 00:00:00-04:00,2.006963014602661,2.037371545126944,2.006963014602661,2.006963014602661,10100,0.0,0.0
1991-10-17 00:00:00-04:00,2.037369728088379,2.037369728088379,2.006961224684075,2.037369728088379,40600,0.0,0.0
1991-10-18 00:00:00-04:00,2.006961224684075,2.067778231492683,2.006961224684075,2.037369728088379,12500,0.0,0.0
1991-10-21 00:00:00-04:00,2.037369728088379,2.037369728088379,2.006961224684075,2.037369728088379,14500,0.0,0.0
1991-10-22 00:00:00-04:00,2.006961224684075,2.067778231492683,2.006961224684075,2.037369728088379,15800,0.0,0.0
1991-10-23 00:00:00-04:00,2.006961224684075,2.037369728088379,2.006961224684075,2.037369728088379,26700,0.0,0.0
1991-10-24 00:00:00-04:00,2.006961570066564,2.0677785873413086,2.006961570066564,2.0677785873413086,9800,0.0,0.0
1991-10-25 00:00:00-04:00,2.0373700787039364,2.0677785873413086,2.006961570066564,2.0677785873413086,24200,0.0,0.0
1991-10-28 00:00:00-05:00,2.0373700787039364,2.098187095978681,2.0373700787039364,2.0677785873413086,31400,0.0,0.0
1991-10-29 00:00:00-05:00,2.098187095978681,2.098187095978681,2.0677785873413086,2.0677785873413086,4300,0.0,0.0
1991-10-30 00:00:00-05:00,2.0677785873413086,2.098187095978681,2.0373700787039364,2.0677785873413086,20200,0.0,0.0
1991-10-31 00:00:00-05:00,2.0373700652803692,2.1285955905914307,2.0373700652803692,2.1285955905914307,31600,0.0,0.0
1991-11-01 00:00:00-05:00,2.128595604616053,2.128595604616053,2.0373700787039364,2.0677785873413086,12900,0.0,0.0
1991-11-04 00:00:00-05:00,2.0677785873413086,2.098187095978681,2.0677785873413086,2.0677785873413086,8300,0.0,0.0
1991-11-05 00:00:00-05:00,2.0677785873413086,2.128595604616053,2.0373700787039364,2.0677785873413086,19200,0.0,0.0
1991-11-06 00:00:00-05:00,2.0373700787039364,2.128595604616053,2.0373700787039364,2.0677785873413086,13100,0.0,0.0
1991-11-07 00:00:00-05:00,2.128596685934758,2.128596685934758,2.0677796377651934,2.0981881618499756,5400,0.0,0.0
1991-11-08 00:00:00-05:00,2.09818708215441,2.1285955905914307,2.09818708215441,2.1285955905914307,15500,0.0,0.0
1991-11-11 00:00:00-05:00,2.128596685934758,2.128596685934758,2.0981881618499756,2.0981881618499756,7800,0.0,0.0
1991-11-12 00:00:00-05:00,2.09818708215441,2.1285955905914307,2.09818708215441,2.1285955905914307,6100,0.0,0.0
1991-11-13 00:00:00-05:00,2.1285955905914307,2.159004099028451,2.09818708215441,2.1285955905914307,9200,0.0,0.0
1991-11-14 00:00:00-05:00,2.128596685934758,2.15900521001954,2.0981881618499756,2.0981881618499756,13100,0.0,0.0
1991-11-15 00:00:00-05:00,2.0981881618499756,2.128596685934758,2.0677796377651934,2.0981881618499756,16500,0.0,0.0
1991-11-18 00:00:00-05:00,2.0677785873413086,2.098187095978681,2.0677785873413086,2.0677785873413086,16100,0.0,0.0
1991-11-19 00:00:00-05:00,2.0677785873413086,2.0677785873413086,2.0373700787039364,2.0677785873413086,35400,0.0,0.0
1991-11-20 00:00:00-05:00,2.067778231492683,2.067778231492683,2.037369728088379,2.037369728088379,11100,0.0,0.0
1991-11-21 00:00:00-05:00,2.0677785873413086,2.0677785873413086,2.006961570066564,2.0677785873413086,6900,0.0,0.0
1991-11-22 00:00:00-05:00,2.0889803959773134,2.0889803959773134,2.026622772216797,2.026622772216797,10700,0.21,0.0
1991-11-25 00:00:00-05:00,2.057801388982517,2.120159006830472,2.026622580058539,2.088980197906494,14600,0.0,0.0
1991-11-26 00:00:00-05:00,2.088980197906494,2.120159006830472,2.057801388982517,2.088980197906494,39000,0.0,0.0
1991-11-27 00:00:00-05:00,2.0889801032402935,2.151337718262392,2.0889801032402935,2.1201589107513428,16400,0.0,0.0
1991-11-29 00:00:00-05:00,2.0889801032402935,2.1201589107513428,2.057801295729244,2.1201589107513428,14500,0.0,0.0
1991-12-02 00:00:00-05:00,2.0889812635652945,2.0889812635652945,2.026623613906629,2.057802438735962,8600,0.0,0.0
1991-12-03 00:00:00-05:00,2.026622772216797,2.057801584097055,2.026622772216797,2.026622772216797,18700,0.0,0.0
1991-12-04 00:00:00-05:00,2.026623613906629,2.0889812635652945,2.026623613906629,2.057802438735962,15900,0.0,0.0
1991-12-05 00:00:00-05:00,2.026623613906629,2.0889812635652945,2.026623613906629,2.057802438735962,5500,0.0,0.0
1991-12-06 00:00:00-05:00,2.057801295729244,2.1201589107513428,2.057801295729244,2.1201589107513428,15100,0.0,0.0
1991-12-09 00:00:00-05:00,2.1201600883946274,2.1201600883946274,2.026623613906629,2.057802438735962,14700,0.0,0.0
1991-12-10 00:00:00-05:00,2.057802438735962,2.0889812635652945,2.026623613906629,2.057802438735962,16500,0.0,0.0
1991-12-11 00:00:00-05:00,2.057801584097055,2.0889803959773134,2.026622772216797,2.026622772216797,13300,0.0,0.0
1991-12-12 00:00:00-05:00,2.026622772216797,2.057801584097055,1.9954439603365384,2.026622772216797,22700,0.0,0.0
1991-12-13 00:00:00-05:00,2.026622772216797,2.057801584097055,1.9954439603365384,2.026622772216797,12400,0.0,0.0
1991-12-16 00:00:00-05:00,1.9954439603365384,2.026622772216797,1.9954439603365384,2.026622772216797,24100,0.0,0.0
1991-12-17 00:00:00-05:00,1.99544358253479,2.026622388511896,1.964264776557684,1.99544358253479,9300,0.0,0.0
1991-12-18 00:00:00-05:00,1.99544358253479,2.026622388511896,1.99544358253479,1.99544358253479,21000,0.0,0.0
1991-12-19 00:00:00-05:00,1.9954447890772964,2.057802438735962,1.9954447890772964,2.057802438735962,23300,0.0,0.0
1991-12-20 00:00:00-05:00,2.026622772216797,2.057801584097055,2.026622772216797,2.026622772216797,24800,0.0,0.0
1991-12-23 00:00:00-05:00,2.057801584097055,2.057801584097055,1.9954439603365384,2.026622772216797,10900,0.0,0.0
1991-12-24 00:00:00-05:00,1.99544358253479,2.0578011944890022,1.99544358253479,1.99544358253479,37800,0.0,0.0
1991-12-26 00:00:00-05:00,1.9954439603365384,2.057801584097055,1.9954439603365384,2.026622772216797,15900,0.0,0.0
1991-12-27 00:00:00-05:00,2.026622772216797,2.057801584097055,2.026622772216797,2.026622772216797,22100,0.0,0.0
1991-12-30 00:00:00-05:00,1.9954439603365384,2.057801584097055,1.9954439603365384,2.026622772216797,39900,0.0,0.0
1991-12-31 00:00:00-05:00,2.026623613906629,2.057802438735962,1.9642659642479636,2.057802438735962,53900,0.0,0.0
1992-01-02 00:00:00-05:00,2.026623613906629,2.0889812635652945,1.9954447890772964,2.057802438735962,27200,0.0,0.0
1992-01-03 00:00:00-05:00,2.026622772216797,2.057801584097055,1.9954439603365384,2.026622772216797,22500,0.0,0.0
1992-01-06 00:00:00-05:00,1.9954439603365384,2.057801584097055,1.9954439603365384,2.026622772216797,22900,0.0,0.0
1992-01-07 00:00:00-05:00,2.026622772216797,2.057801584097055,1.9954439603365384,2.026622772216797,16100,0.0,0.0
1992-01-08 00:00:00-05:00,2.057801584097055,2.057801584097055,2.026622772216797,2.026622772216797,23100,0.0,0.0
1992-01-09 00:00:00-05:00,2.057801295729244,2.1201589107513428,2.0266224882181954,2.1201589107513428,13500,0.0,0.0
1992-01-10 00:00:00-05:00,2.0889797798101455,2.1513373851776123,2.0889797798101455,2.1513373851776123,19200,0.0,0.0
1992-01-13 00:00:00-05:00,2.12015780040196,2.1825153827667236,2.12015780040196,2.1825153827667236,12400,0.0,0.0
1992-01-14 00:00:00-05:00,2.1513373851776123,2.1825161878613457,2.1513373851776123,2.1513373851776123,4800,0.0,0.0
1992-01-15 00:00:00-05:00,2.1825161878613457,2.2136949905450796,2.1513373851776123,2.1513373851776123,33300,0.0,0.0
1992-01-16 00:00:00-05:00,2.1513373851776123,2.1513373851776123,2.120158582493879,2.1513373851776123,29100,0.0,0.0
1992-01-17 00:00:00-05:00,2.151336591584342,2.2136941739491056,2.151336591584342,2.1825153827667236,13400,0.0,0.0
1992-01-20 00:00:00-05:00,2.1825153827667236,2.2136941739491056,2.1825153827667236,2.1825153827667236,15600,0.0,0.0
1992-01-21 00:00:00-05:00,2.1513381373714395,2.213695764541626,2.1513381373714395,2.213695764541626,15500,0.0,0.0
1992-01-22 00:00:00-05:00,2.1825168530146284,2.276053289572398,2.1825168530146284,2.2448744773864746,27000,0.0,0.0
1992-01-23 00:00:00-05:00,2.2760530935751424,2.3695895220782304,2.2760530935751424,2.307231903076172,42800,0.0,0.0
1992-01-24 00:00:00-05:00,2.276052951812744,2.3072317593718226,2.276052951812744,2.276052951812744,15100,0.0,0.0
1992-01-27 00:00:00-05:00,2.3072317593718226,2.3072317593718226,2.276052951812744,2.276052951812744,9600,0.0,0.0
1992-01-28 00:00:00-05:00,2.276053695678711,2.338411331176758,2.276053695678711,2.338411331176758,17800,0.0,0.0
1992-01-29 00:00:00-05:00,2.3695895220782304,2.3695895220782304,2.2760530935751424,2.307231903076172,17600,0.0,0.0
1992-01-30 00:00:00-05:00,2.3384105218084237,2.369589328765869,2.3072317148509778,2.369589328765869,14200,0.0,0.0
1992-01-31 00:00:00-05:00,2.3695893776722445,2.463125800475096,2.338410570071294,2.4319469928741455,12100,0.0,0.0
1992-02-03 00:00:00-05:00,2.4319469928741455,2.463125800475096,2.400768185273195,2.4319469928741455,11000,0.0,0.0
1992-02-04 00:00:00-05:00,2.431947784423828,2.431947784423828,2.338411331176758,2.338411331176758,11600,0.0,0.0
1992-02-05 00:00:00-05:00,2.3384105218084237,2.369589328765869,2.3072317148509778,2.369589328765869,6700,0.0,0.0
1992-02-06 00:00:00-05:00,2.338410712577201,2.3695895220782304,2.307231903076172,2.307231903076172,9100,0.0,0.0
1992-02-07 00:00:00-05:00,2.2760530935751424,2.3695895220782304,2.2760530935751424,2.307231903076172,21100,0.0,0.0
1992-02-10 00:00:00-05:00,2.3384105218084237,2.4007681357233146,2.3072317148509778,2.369589328765869,20300,0.0,0.0
1992-02-11 00:00:00-05:00,2.369589745243893,2.494304994993572,2.369589745243893,2.4631261825561523,28500,0.0,0.0
1992-02-12 00:00:00-05:00,2.4319469928741455,2.494304608076047,2.4319469928741455,2.4319469928741455,11600,0.0,0.0
1992-02-13 00:00:00-05:00,2.400768185273195,2.463125800475096,2.400768185273195,2.4319469928741455,8200,0.0,0.0
1992-02-14 00:00:00-05:00,2.4319469928741455,2.494304608076047,2.400768185273195,2.4319469928741455,12800,0.0,0.0
1992-02-18 00:00:00-05:00,2.3695893776722445,2.463125800475096,2.3695893776722445,2.4319469928741455,11400,0.0,0.0
1992-02-19 00:00:00-05:00,2.431946847345922,2.431946847345922,2.3695892358755137,2.4007680416107178,7100,0.0,0.0
1992-02-20 00:00:00-05:00,2.3695892358755137,2.4007680416107178,2.3695892358755137,2.4007680416107178,18500,0.0,0.0
1992-02-21 00:00:00-05:00,2.369590148925781,2.400768966674805,2.338411331176758,2.338411331176758,9500,0.0,0.0
1992-02-24 00:00:00-05:00,2.338410712577201,2.3695895220782304,2.307231903076172,2.307231903076172,7900,0.0,0.0
1992-02-25 00:00:00-05:00,2.3072317593718226,2.3384105669309014,2.276052951812744,2.276052951812744,11600,0.0,0.0
1992-02-26 00:00:00-05:00,2.276053695678711,2.338411331176758,2.276053695678711,2.338411331176758,18900,0.0,0.0
1992-02-27 00:00:00-05:00,2.2963113413228617,2.455777406692505,2.2963113413228617,2.455777406692505,17200,0.21,0.0
1992-02-28 00:00:00-05:00,2.4876708231474223,2.519564038828799,2.3919911761032906,2.423884391784668,30800,0.0,0.0
1992-03-02 00:00:00-05:00,2.391990980544648,2.455777406692505,2.360097767470719,2.455777406692505,22400,0.0,0.0
1992-03-03 00:00:00-05:00,2.423885078430176,2.423885078430176,2.360098628997803,2.3919918537139893,16300,0.0,0.0
1992-03-04 00:00:00-05:00,2.3919913414362317,2.423884559322048,2.360098123550415,2.360098123550415,9500,0.0,0.0
1992-03-05 00:00:00-05:00,2.3919918537139893,2.423885078430176,2.360098628997803,2.3919918537139893,8300,0.0,0.0
1992-03-06 00:00:00-05:00,2.360098628997803,2.423885078430176,2.360098628997803,2.3919918537139893,11000,0.0,0.0
1992-03-09 00:00:00-05:00,2.3919911761032906,2.423884391784668,2.3919911761032906,2.423884391784668,3400,0.0,0.0
1992-03-10 00:00:00-05:00,2.423884391784668,2.423884391784668,2.3919911761032906,2.423884391784668,9000,0.0,0.0
1992-03-11 00:00:00-05:00,2.3919918537139893,2.423885078430176,2.3919918537139893,2.3919918537139893,9700,0.0,0.0
1992-03-12 00:00:00-05:00,2.3919910600740617,2.3919910600740617,2.32820463180542,2.32820463180542,10200,0.0,0.0
1992-03-13 00:00:00-05:00,2.360098123550415,2.423884559322048,2.360098123550415,2.360098123550415,3000,0.0,0.0
1992-03-16 00:00:00-05:00,2.423885078430176,2.423885078430176,2.360098628997803,2.3919918537139893,11700,0.0,0.0
1992-03-17 00:00:00-05:00,2.360097960421913,2.423884391784668,2.3282047447405363,2.423884391784668,6500,0.0,0.0
1992-03-18 00:00:00-05:00,2.3919913414362317,2.423884559322048,2.360098123550415,2.360098123550415,5000,0.0,0.0
1992-03-19 00:00:00-05:00,2.360097960421913,2.455777607466045,2.360097960421913,2.423884391784668,9500,0.0,0.0
1992-03-20 00:00:00-05:00,2.4557783031463623,2.4557783031463623,2.3919918537139893,2.3919918537139893,8200,0.0,0.0
1992-03-23 00:00:00-05:00,2.3919913414362317,2.3919913414362317,2.360098123550415,2.360098123550415,18600,0.0,0.0
1992-03-24 00:00:00-05:00,2.360098628997803,2.3919918537139893,2.3282054042816163,2.3919918537139893,12500,0.0,0.0
1992-03-25 00:00:00-05:00,2.423884391784668,2.455777607466045,2.360097960421913,2.423884391784668,16700,0.0,0.0
1992-03-26 00:00:00-05:00,2.3919918537139893,2.3919918537139893,2.360098628997803,2.3919918537139893,6600,0.0,0.0
1992-03-27 00:00:00-05:00,2.360098123550415,2.3919913414362317,2.328204905664599,2.360098123550415,4900,0.0,0.0
1992-03-30 00:00:00-05:00,2.3919913414362317,2.3919913414362317,2.328204905664599,2.360098123550415,4800,0.0,0.0
1992-03-31 00:00:00-05:00,2.360098628997803,2.3919918537139893,2.360098628997803,2.3919918537139893,19000,0.0,0.0
1992-04-01 00:00:00-05:00,2.423884559322048,2.423884559322048,2.328204905664599,2.360098123550415,10000,0.0,0.0
1992-04-02 00:00:00-05:00,2.296312093734741,2.328205317258835,2.2644188702106476,2.296312093734741,14700,0.0,0.0
1992-04-03 00:00:00-05:00,2.32820463180542,2.3600978459397406,2.2963114176710993,2.32820463180542,8800,0.0,0.0
1992-04-06 00:00:00-04:00,2.328205317258835,2.328205317258835,2.296312093734741,2.296312093734741,35600,0.0,0.0
1992-04-07 00:00:00-04:00,2.296312093734741,2.328205317258835,2.296312093734741,2.296312093734741,10600,0.0,0.0
1992-04-08 00:00:00-04:00,2.2963121795654295,2.3919918537139893,2.2963121795654295,2.3919918537139893,12500,0.0,0.0
1992-04-09 00:00:00-04:00,2.3600978459397406,2.3600978459397406,2.32820463180542,2.32820463180542,14500,0.0,0.0
1992-04-10 00:00:00-04:00,2.32820463180542,2.3600978459397406,2.32820463180542,2.32820463180542,13700,0.0,0.0
1992-04-13 00:00:00-04:00,2.2963116877787826,2.360098123550415,2.2963116877787826,2.360098123550415,6500,0.0,0.0
1992-04-14 00:00:00-04:00,2.328204905664599,2.360098123550415,2.328204905664599,2.360098123550415,6000,0.0,0.0
1992-04-15 00:00:00-04:00,2.2963116877787826,2.360098123550415,2.2963116877787826,2.360098123550415,17400,0.0,0.0
1992-04-16 00:00:00-04:00,2.3600985407829285,2.3600985407829285,2.296312093734741,2.296312093734741,16200,0.0,0.0
1992-04-20 00:00:00-04:00,2.2963114176710993,2.3600978459397406,2.2963114176710993,2.32820463180542,4000,0.0,0.0
1992-04-21 00:00:00-04:00,2.3600978459397406,2.3600978459397406,2.32820463180542,2.32820463180542,7400,0.0,0.0
1992-04-22 00:00:00-04:00,2.3600978459397406,2.3600978459397406,2.32820463180542,2.32820463180542,6800,0.0,0.0
1992-04-23 00:00:00-04:00,2.2963114176710993,2.3600978459397406,2.2963114176710993,2.32820463180542,8900,0.0,0.0
1992-04-24 00:00:00-04:00,2.32820463180542,2.3600978459397406,2.32820463180542,2.32820463180542,5100,0.0,0.0
1992-04-27 00:00:00-04:00,2.328205317258835,2.3600985407829285,2.296312093734741,2.296312093734741,4900,0.0,0.0
1992-04-28 00:00:00-04:00,2.296312093734741,2.328205317258835,2.2644188702106476,2.296312093734741,13900,0.0,0.0
1992-04-29 00:00:00-04:00,2.296312093734741,2.296312093734741,2.2644188702106476,2.296312093734741,16000,0.0,0.0
1992-04-30 00:00:00-04:00,2.296312093734741,2.328205317258835,2.2644188702106476,2.296312093734741,10600,0.0,0.0
1992-05-01 00:00:00-04:00,2.296312093734741,2.328205317258835,2.296312093734741,2.296312093734741,15400,0.0,0.0
1992-05-04 00:00:00-04:00,2.264418601989746,2.2963118217360807,2.264418601989746,2.264418601989746,22000,0.0,0.0
1992-05-05 00:00:00-04:00,2.296312093734741,2.296312093734741,2.2644188702106476,2.296312093734741,18000,0.0,0.0
1992-05-06 00:00:00-04:00,2.2963118217360807,2.2963118217360807,2.232525382243412,2.264418601989746,20200,0.0,0.0
1992-05-07 00:00:00-04:00,2.296312093734741,2.296312093734741,2.2644188702106476,2.296312093734741,13600,0.0,0.0
1992-05-08 00:00:00-04:00,2.296312093734741,2.296312093734741,2.2644188702106476,2.296312093734741,7200,0.0,0.0
1992-05-11 00:00:00-04:00,2.2644188702106476,2.296312093734741,2.2644188702106476,2.296312093734741,7900,0.0,0.0
1992-05-12 00:00:00-04:00,2.296312093734741,2.296312093734741,2.2644188702106476,2.296312093734741,9300,0.0,0.0
1992-05-13 00:00:00-04:00,2.2963118217360807,2.2963118217360807,2.232525382243412,2.264418601989746,11800,0.0,0.0
1992-05-14 00:00:00-04:00,2.264418601989746,2.264418601989746,2.264418601989746,2.264418601989746,5900,0.0,0.0
1992-05-15 00:00:00-04:00,2.296312093734741,2.296312093734741,2.2644188702106476,2.296312093734741,7800,0.0,0.0
1992-05-18 00:00:00-04:00,2.2644188702106476,2.328205317258835,2.2644188702106476,2.296312093734741,14200,0.0,0.0
1992-05-19 00:00:00-04:00,2.296312093734741,2.328205317258835,2.296312093734741,2.296312093734741,11600,0.0,0.0
1992-05-20 00:00:00-04:00,2.32820463180542,2.32820463180542,2.32820463180542,2.32820463180542,4900,0.0,0.0
1992-05-21 00:00:00-04:00,2.296312093734741,2.328205317258835,2.296312093734741,2.296312093734741,9200,0.0,0.0
1992-05-22 00:00:00-04:00,2.296312093734741,2.328205317258835,2.296312093734741,2.296312093734741,10500,0.0,0.0
1992-05-26 00:00:00-04:00,2.296312093734741,2.328205317258835,2.296312093734741,2.296312093734741,3700,0.0,0.0
1992-05-27 00:00:00-04:00,2.296312093734741,2.296312093734741,2.2644188702106476,2.296312093734741,4800,0.0,0.0
1992-05-28 00:00:00-04:00,2.296312093734741,2.328205317258835,2.2644188702106476,2.296312093734741,15300,0.0,0.0
1992-05-29 00:00:00-04:00,2.296312093734741,2.328205317258835,2.296312093734741,2.296312093734741,8600,0.0,0.0
1992-06-01 00:00:00-04:00,2.2644188702106476,2.328205317258835,2.2644188702106476,2.296312093734741,9700,0.0,0.0
1992-06-02 00:00:00-04:00,2.2963114176710993,2.32820463180542,2.2963114176710993,2.32820463180542,7900,0.0,0.0
1992-06-03 00:00:00-04:00,2.328205041482415,2.328205041482415,2.264418601989746,2.264418601989746,10900,0.0,0.0
1992-06-04 00:00:00-04:00,2.2644188702106476,2.296312093734741,2.2644188702106476,2.296312093734741,3900,0.0,0.0
1992-06-05 00:00:00-04:00,2.2963118217360807,2.2963118217360807,2.264418601989746,2.264418601989746,2400,0.0,0.0
1992-06-08 00:00:00-04:00,2.264418469892966,2.360098123550415,2.264418469892966,2.360098123550415,28700,0.0,0.0
1992-06-09 00:00:00-04:00,2.3170215222570634,2.3496556282043457,2.3170215222570634,2.3496556282043457,16100,0.21,0.0
1992-06-10 00:00:00-04:00,2.3822897341516285,2.3822897341516285,2.3496556282043457,2.3496556282043457,11700,0.0,0.0
1992-06-11 00:00:00-04:00,2.317021131515503,2.317021131515503,2.317021131515503,2.317021131515503,6200,0.0,0.0
1992-06-12 00:00:00-04:00,2.349655231959383,2.349655231959383,2.317021131515503,2.317021131515503,15100,0.0,0.0
1992-06-15 00:00:00-04:00,2.317021131515503,2.317021131515503,2.2843870310716223,2.317021131515503,12400,0.0,0.0
1992-06-16 00:00:00-04:00,2.2843875885009766,2.3170216969081334,2.2843875885009766,2.2843875885009766,10400,0.0,0.0
1992-06-17 00:00:00-04:00,2.3170212973719058,2.3170212973719058,2.251753091812134,2.251753091812134,18000,0.0,0.0
1992-06-18 00:00:00-04:00,2.1538510953678807,2.2517534178846024,2.1538510953678807,2.2191193103790283,35700,0.0,0.0
1992-06-19 00:00:00-04:00,2.219118830183862,2.317021131515503,2.219118830183862,2.317021131515503,16800,0.0,0.0
1992-06-22 00:00:00-04:00,2.3170216969081334,2.3170216969081334,2.2517534800938197,2.2843875885009766,7300,0.0,0.0
1992-06-23 00:00:00-04:00,2.2191193103790283,2.2517534178846024,2.1864852028734543,2.2191193103790283,11300,0.0,0.0
1992-06-24 00:00:00-04:00,2.2517534800938197,2.2843875885009766,2.2191193716866633,2.2843875885009766,3000,0.0,0.0
1992-06-25 00:00:00-04:00,2.2843875885009766,2.3170216969081334,2.2517534800938197,2.2843875885009766,8000,0.0,0.0
1992-06-26 00:00:00-04:00,2.2843875885009766,2.3170216969081334,2.2517534800938197,2.2843875885009766,22400,0.0,0.0
1992-06-29 00:00:00-04:00,2.2517534800938197,2.3170216969081334,2.2517534800938197,2.2843875885009766,17600,0.0,0.0
1992-06-30 00:00:00-04:00,2.2843875885009766,2.2843875885009766,2.2517534800938197,2.2843875885009766,44800,0.0,0.0
1992-07-01 00:00:00-04:00,2.3170212973719058,2.3170212973719058,2.251753091812134,2.251753091812134,18600,0.0,0.0
1992-07-02 00:00:00-04:00,2.251753091812134,2.2843871945920196,2.251753091812134,2.251753091812134,29900,0.0,0.0
1992-07-06 00:00:00-04:00,2.2843870310716223,2.317021131515503,2.251752930627742,2.317021131515503,10500,0.0,0.0
1992-07-07 00:00:00-04:00,2.2843875885009766,2.3170216969081334,2.2843875885009766,2.2843875885009766,23700,0.0,0.0
1992-07-08 00:00:00-04:00,2.2843875885009766,2.3170216969081334,2.2843875885009766,2.2843875885009766,21800,0.0,0.0
1992-07-09 00:00:00-04:00,2.2843875885009766,2.3170216969081334,2.2843875885009766,2.2843875885009766,22900,0.0,0.0
1992-07-10 00:00:00-04:00,2.251753091812134,2.3170212973719058,2.251753091812134,2.251753091812134,22000,0.0,0.0
1992-07-13 00:00:00-04:00,2.2517534800938197,2.3170216969081334,2.2517534800938197,2.2843875885009766,13100,0.0,0.0
1992-07-14 00:00:00-04:00,2.3170216969081334,2.3170216969081334,2.2843875885009766,2.2843875885009766,19200,0.0,0.0
1992-07-15 00:00:00-04:00,2.317021131515503,2.317021131515503,2.2843870310716223,2.317021131515503,10800,0.0,0.0
1992-07-16 00:00:00-04:00,2.3170216969081334,2.3170216969081334,2.2843875885009766,2.2843875885009766,32800,0.0,0.0
1992-07-17 00:00:00-04:00,2.2843871945920196,2.2843871945920196,2.251753091812134,2.251753091812134,7400,0.0,0.0
1992-07-20 00:00:00-04:00,2.2517534800938197,2.2843875885009766,2.2517534800938197,2.2843875885009766,14500,0.0,0.0
1992-07-21 00:00:00-04:00,2.2843871945920196,2.2843871945920196,2.251753091812134,2.251753091812134,17600,0.0,0.0
1992-07-22 00:00:00-04:00,2.3170212973719058,2.3170212973719058,2.251753091812134,2.251753091812134,15000,0.0,0.0
1992-07-23 00:00:00-04:00,2.251753091812134,2.2843871945920196,2.251753091812134,2.251753091812134,13200,0.0,0.0
1992-07-24 00:00:00-04:00,2.2843875885009766,2.2843875885009766,2.2517534800938197,2.2843875885009766,5200,0.0,0.0
1992-07-27 00:00:00-04:00,2.251753091812134,2.3170212973719058,2.251753091812134,2.251753091812134,7800,0.0,0.0
1992-07-28 00:00:00-04:00,2.2517534800938197,2.2843875885009766,2.2517534800938197,2.2843875885009766,14500,0.0,0.0
1992-07-29 00:00:00-04:00,2.317021131515503,2.317021131515503,2.251752930627742,2.317021131515503,21400,0.0,0.0
1992-07-30 00:00:00-04:00,2.2843874163097806,2.3496556282043457,2.2843874163097806,2.3496556282043457,10900,0.0,0.0
1992-07-31 00:00:00-04:00,2.349655231959383,2.349655231959383,2.2843870310716223,2.317021131515503,17000,0.0,0.0
1992-08-03 00:00:00-04:00,2.2843874163097806,2.3496556282043457,2.2843874163097806,2.3496556282043457,12700,0.0,0.0
1992-08-04 00:00:00-04:00,2.3170215222570634,2.3496556282043457,2.3170215222570634,2.3496556282043457,11300,0.0,0.0
1992-08-05 00:00:00-04:00,2.349655231959383,2.349655231959383,2.317021131515503,2.317021131515503,13100,0.0,0.0
1992-08-06 00:00:00-04:00,2.349655231959383,2.349655231959383,2.251752930627742,2.317021131515503,19000,0.0,0.0
1992-08-07 00:00:00-04:00,2.3170216969081334,2.3170216969081334,2.2843875885009766,2.2843875885009766,11900,0.0,0.0
1992-08-10 00:00:00-04:00,2.3170215222570634,2.3496556282043457,2.3170215222570634,2.3496556282043457,8000,0.0,0.0
1992-08-11 00:00:00-04:00,2.349655231959383,2.349655231959383,2.2843870310716223,2.317021131515503,23300,0.0,0.0
1992-08-12 00:00:00-04:00,2.2843874789573047,2.447558013168541,2.2843874789573047,2.414923906326294,30300,0.0,0.0
1992-08-13 00:00:00-04:00,2.447557926177978,2.447557926177978,2.414923820495605,2.4475579261779785,24000,0.0,0.0
1992-08-14 00:00:00-04:00,2.4149239690680253,2.480192184448242,2.4149239690680253,2.480192184448242,27700,0.0,0.0
1992-08-17 00:00:00-04:00,2.480192333072811,2.545460552364201,2.480192333072811,2.512826442718506,36000,0.0,0.0
1992-08-18 00:00:00-04:00,2.480192184448242,2.512826292138351,2.447558076758134,2.480192184448242,19600,0.0,0.0
1992-08-19 00:00:00-04:00,2.4475582234271163,2.512826442718506,2.4475582234271163,2.512826442718506,9800,0.0,0.0
1992-08-20 00:00:00-04:00,2.512826442718506,2.512826442718506,2.4475582234271163,2.512826442718506,29200,0.0,0.0
1992-08-21 00:00:00-04:00,2.480192184448242,2.512826292138351,2.447558076758134,2.480192184448242,15000,0.0,0.0
1992-08-24 00:00:00-04:00,2.4695117473602295,2.4695117473602295,2.436139966990497,2.4695117473602295,8200,0.21,0.0
1992-08-25 00:00:00-04:00,2.4695128088128078,2.4695128088128078,2.436141014099121,2.436141014099121,18100,0.0,0.0
1992-08-26 00:00:00-04:00,2.436139966990497,2.4695117473602295,2.436139966990497,2.4695117473602295,6600,0.0,0.0
1992-08-27 00:00:00-04:00,2.4695128088128078,2.4695128088128078,2.436141014099121,2.436141014099121,7000,0.0,0.0
1992-08-28 00:00:00-04:00,2.436139966990497,2.4695117473602295,2.436139966990497,2.4695117473602295,11100,0.0,0.0
1992-08-31 00:00:00-04:00,2.4695128088128078,2.4695128088128078,2.436141014099121,2.436141014099121,4000,0.0,0.0
1992-09-01 00:00:00-04:00,2.436139966990497,2.502883527729962,2.436139966990497,2.4695117473602295,21100,0.0,0.0
1992-09-02 00:00:00-04:00,2.4695117473602295,2.502883527729962,2.4695117473602295,2.4695117473602295,6500,0.0,0.0
1992-09-03 00:00:00-04:00,2.4695117473602295,2.4695117473602295,2.4695117473602295,2.4695117473602295,15800,0.0,0.0
1992-09-04 00:00:00-04:00,2.4695128088128078,2.4695128088128078,2.4027692193854344,2.436141014099121,9600,0.0,0.0
1992-09-08 00:00:00-04:00,2.436141014099121,2.4695128088128078,2.436141014099121,2.436141014099121,6700,0.0,0.0
1992-09-09 00:00:00-04:00,2.4027681866207637,2.4695117473602295,2.4027681866207637,2.4695117473602295,15400,0.0,0.0
1992-09-10 00:00:00-04:00,2.436140572230021,2.5028841495513916,2.436140572230021,2.5028841495513916,7500,0.0,0.0
1992-09-11 00:00:00-04:00,2.4695128088128078,2.5028846035264944,2.436141014099121,2.436141014099121,18400,0.0,0.0
1992-09-14 00:00:00-04:00,2.436140572230021,2.5028841495513916,2.436140572230021,2.5028841495513916,13400,0.0,0.0
1992-09-15 00:00:00-04:00,2.5362553080996952,2.5362553080996952,2.436139966990497,2.4695117473602295,13900,0.0,0.0
1992-09-16 00:00:00-04:00,2.502883527729962,2.502883527729962,2.436139966990497,2.4695117473602295,4000,0.0,0.0
1992-09-17 00:00:00-04:00,2.502883527729962,2.502883527729962,2.436139966990497,2.4695117473602295,7200,0.0,0.0
1992-09-18 00:00:00-04:00,2.4695123608907066,2.569627726872762,2.4695123608907066,2.5028841495513916,18000,0.0,0.0
1992-09-21 00:00:00-04:00,2.5028841495513916,2.5362559382120766,2.4695123608907066,2.5028841495513916,5900,0.0,0.0
1992-09-22 00:00:00-04:00,2.502884085361774,2.6029994487762447,2.502884085361774,2.602999448776245,29100,0.0,0.0
1992-09-23 00:00:00-04:00,2.5696283484760083,2.5696283484760083,2.5362565517425537,2.5362565517425537,18300,0.0,0.0
1992-09-24 00:00:00-04:00,2.5362559382120766,2.5362559382120766,2.4695123608907066,2.5028841495513916,14500,0.0,0.0
1992-09-25 00:00:00-04:00,2.5362565517425537,2.5696283484760083,2.502884755009099,2.5362565517425537,13200,0.0,0.0
1992-09-28 00:00:00-04:00,2.536256398240181,2.569628192953868,2.436141014099121,2.436141014099121,19400,0.0,0.0
1992-09-29 00:00:00-04:00,2.4695123608907066,2.5028841495513916,2.436140572230021,2.5028841495513916,11800,0.0,0.0
1992-09-30 00:00:00-04:00,2.4695130818850033,2.5696284770965576,2.4695130818850033,2.5696284770965576,17200,0.0,0.0
1992-10-01 00:00:00-04:00,2.5362564642218093,2.6363718509674072,2.5362564642218093,2.6363718509674072,24000,0.0,0.0
1992-10-02 00:00:00-04:00,2.6363718509674072,2.6363718509674072,2.6030000553855412,2.6363718509674072,15100,0.0,0.0
1992-10-05 00:00:00-04:00,2.6029994487762447,2.6029994487762447,2.5362558731665974,2.602999448776245,23000,0.0,0.0
1992-10-06 00:00:00-04:00,2.6029994487762447,2.6363712365810685,2.6029994487762447,2.602999448776245,18400,0.0,0.0
1992-10-07 00:00:00-04:00,2.6029994487762447,2.6363712365810685,2.6029994487762447,2.602999448776245,7300,0.0,0.0
1992-10-08 00:00:00-04:00,2.603000145209463,2.603000145209463,2.502884755009099,2.5362565517425537,14800,0.0,0.0
1992-10-09 00:00:00-04:00,2.5696276609714213,2.6029994487762447,2.5696276609714213,2.602999448776245,8700,0.0,0.0
1992-10-12 00:00:00-04:00,2.5362561345100403,2.669743299484253,2.5362561345100403,2.669743299484253,27400,0.0,0.0
1992-10-13 00:00:00-04:00,2.669743646549273,2.669743646549273,2.6030000553855412,2.6363718509674072,25900,0.0,0.0
1992-10-14 00:00:00-04:00,2.6030000553855412,2.6363718509674072,2.6030000553855412,2.6363718509674072,3000,0.0,0.0
1992-10-15 00:00:00-04:00,2.6029994487762447,2.6363712365810685,2.6029994487762447,2.602999448776245,5400,0.0,0.0
1992-10-16 00:00:00-04:00,2.5696282598036753,2.6363718509674072,2.5696282598036753,2.6363718509674072,4800,0.0,0.0
1992-10-19 00:00:00-04:00,2.6029994487762447,2.6363712365810685,2.5696276609714213,2.602999448776245,13600,0.0,0.0
1992-10-20 00:00:00-04:00,2.5696284770965576,2.603000275500409,2.5696284770965576,2.5696284770965576,22200,0.0,0.0
1992-10-21 00:00:00-04:00,2.5696284770965576,2.603000275500409,2.5362566786927063,2.5696284770965576,15900,0.0,0.0
1992-10-22 00:00:00-04:00,2.5362559382120766,2.569627726872762,2.5028841495513916,2.5028841495513916,21300,0.0,0.0
1992-10-23 00:00:00-04:00,2.502884755009099,2.5362565517425537,2.502884755009099,2.5362565517425537,10900,0.0,0.0
1992-10-26 00:00:00-05:00,2.4695129582756445,2.5362565517425537,2.4695129582756445,2.5362565517425537,13900,0.0,0.0
1992-10-27 00:00:00-05:00,2.4695123608907066,2.5362559382120766,2.4695123608907066,2.5028841495513916,21000,0.0,0.0
1992-10-28 00:00:00-05:00,2.4695123608907066,2.5362559382120766,2.4695123608907066,2.5028841495513916,18000,0.0,0.0
1992-10-29 00:00:00-05:00,2.502884755009099,2.5362565517425537,2.502884755009099,2.5362565517425537,13900,0.0,0.0
1992-10-30 00:00:00-05:00,2.5362566786927063,2.5696284770965576,2.5362566786927063,2.5696284770965576,13100,0.0,0.0
1992-11-02 00:00:00-05:00,2.5696283484760083,2.5696283484760083,2.5362565517425537,2.5362565517425537,8000,0.0,0.0
1992-11-03 00:00:00-05:00,2.5362564642218093,2.6363718509674072,2.5362564642218093,2.6363718509674072,11000,0.0,0.0
1992-11-04 00:00:00-05:00,2.6363712365810685,2.6363712365810685,2.5696276609714213,2.602999448776245,7500,0.0,0.0
1992-11-05 00:00:00-05:00,2.5696276609714213,2.6363712365810685,2.5696276609714213,2.602999448776245,5100,0.0,0.0
1992-11-06 00:00:00-05:00,2.603000145209463,2.603000145209463,2.4695129582756445,2.5362565517425537,10100,0.0,0.0
1992-11-09 00:00:00-05:00,2.502884085361774,2.6029994487762447,2.46951229755695,2.602999448776245,14700,0.0,0.0
1992-11-10 00:00:00-05:00,2.5696283484760083,2.6363719419429175,2.5362565517425537,2.5362565517425537,10700,0.0,0.0
1992-11-11 00:00:00-05:00,2.5362559382120766,2.5362559382120766,2.4695123608907066,2.5028841495513916,14200,0.0,0.0
1992-11-12 00:00:00-05:00,2.4695117473602295,2.569627088469428,2.4695117473602295,2.4695117473602295,16300,0.0,0.0
1992-11-13 00:00:00-05:00,2.502883527729962,2.5362553080996952,2.4695117473602295,2.4695117473602295,25900,0.0,0.0
1992-11-16 00:00:00-05:00,2.502883527729962,2.502883527729962,2.4695117473602295,2.4695117473602295,7900,0.0,0.0
1992-11-17 00:00:00-05:00,2.4695129582756445,2.5696283484760083,2.4695129582756445,2.5362565517425537,10900,0.0,0.0
1992-11-18 00:00:00-05:00,2.5362565517425537,2.5362565517425537,2.502884755009099,2.5362565517425537,5000,0.0,0.0
1992-11-19 00:00:00-05:00,2.502884755009099,2.603000145209463,2.502884755009099,2.5362565517425537,6200,0.0,0.0
1992-11-20 00:00:00-05:00,2.5362558731665974,2.6029994487762447,2.5362558731665974,2.602999448776245,11500,0.0,0.0
1992-11-23 00:00:00-05:00,2.489765756839031,2.5920848975310458,2.489765756839031,2.523872137069702,16800,0.21,0.0
1992-11-24 00:00:00-05:00,2.557978517300374,2.6261912777617176,2.5238721370697026,2.523872137069702,6000,0.0,0.0
1992-11-25 00:00:00-05:00,2.523872124521356,2.5920848846435547,2.523872124521356,2.5920848846435547,7700,0.0,0.0
1992-11-27 00:00:00-05:00,2.5920848846435547,2.660297644765753,2.5920848846435547,2.5920848846435547,7900,0.0,0.0
1992-11-30 00:00:00-05:00,2.557979106903076,2.626191883087158,2.557979106903076,2.557979106903076,14000,0.0,0.0
1992-12-01 00:00:00-05:00,2.5920848975310458,2.5920848975310458,2.489765756839031,2.523872137069702,15600,0.0,0.0
1992-12-02 00:00:00-05:00,2.523872718811035,2.557979106903076,2.489766330718994,2.557979106903076,11800,0.0,0.0
1992-12-03 00:00:00-05:00,2.5238721370697026,2.5920848975310458,2.5238721370697026,2.523872137069702,9900,0.0,0.0
1992-12-04 00:00:00-05:00,2.5238721370697026,2.557978517300374,2.5238721370697026,2.523872137069702,6300,0.0,0.0
1992-12-07 00:00:00-05:00,2.5579785045824552,2.5920848846435547,2.4897657444602563,2.5920848846435547,9200,0.0,0.0
1992-12-08 00:00:00-05:00,2.557979106903076,2.5920854949951173,2.557979106903076,2.557979106903076,15600,0.0,0.0
1992-12-09 00:00:00-05:00,2.5238727478131855,2.5920855247811097,2.3533408053933758,2.4897663593292236,40300,0.0,0.0
1992-12-10 00:00:00-05:00,2.4897663593292236,2.5238727478131855,2.4897663593292236,2.4897663593292236,5200,0.0,0.0
1992-12-11 00:00:00-05:00,2.489766330718994,2.557979106903076,2.489766330718994,2.557979106903076,13700,0.0,0.0
1992-12-14 00:00:00-05:00,2.5238721370697026,2.557978517300374,2.5238721370697026,2.523872137069702,7000,0.0,0.0
1992-12-15 00:00:00-05:00,2.557978517300374,2.557978517300374,2.5238721370697026,2.523872137069702,5400,0.0,0.0
1992-12-16 00:00:00-05:00,2.5238727478131855,2.557979136297148,2.4897663593292236,2.4897663593292236,19900,0.0,0.0
1992-12-17 00:00:00-05:00,2.489766253365411,2.523872640397814,2.455659866333008,2.455659866333008,14900,0.0,0.0
1992-12-18 00:00:00-05:00,2.489766253365411,2.489766253365411,2.455659866333008,2.455659866333008,13800,0.0,0.0
1992-12-21 00:00:00-05:00,2.523872640397814,2.523872640397814,2.455659866333008,2.455659866333008,18700,0.0,0.0
1992-12-22 00:00:00-05:00,2.4556604842065086,2.489766879820488,2.4215540885925293,2.4215540885925293,22400,0.0,0.0
1992-12-23 00:00:00-05:00,2.4215535823613,2.4897663593292236,2.4215535823613,2.4897663593292236,24200,0.0,0.0
1992-12-24 00:00:00-05:00,2.4556599708452618,2.4897663593292236,2.4556599708452618,2.4897663593292236,6900,0.0,0.0
1992-12-28 00:00:00-05:00,2.455659376608359,2.5238721370697026,2.455659376608359,2.523872137069702,10900,0.0,0.0
1992-12-29 00:00:00-05:00,2.4556604842065086,2.5238732754344673,2.4215540885925293,2.4215540885925293,56500,0.0,0.0
1992-12-30 00:00:00-05:00,2.421553479300605,2.489766253365411,2.3874470922682023,2.455659866333008,50700,0.0,0.0
1992-12-31 00:00:00-05:00,2.4215540885925293,2.4556604842065086,2.4215540885925293,2.4215540885925293,18300,0.0,0.0
1993-01-04 00:00:00-05:00,2.455659942626953,2.557979106903076,2.455659942626953,2.557979106903076,19200,0.0,0.0
1993-01-05 00:00:00-05:00,2.557979136297148,2.557979136297148,2.4215535823613,2.4897663593292236,31500,0.0,0.0
1993-01-06 00:00:00-05:00,2.5238721370697026,2.5238721370697026,2.489765756839031,2.523872137069702,10300,0.0,0.0
1993-01-07 00:00:00-05:00,2.4897663035950104,2.6261918544769287,2.4897663035950104,2.6261918544769287,16400,0.0,0.0
1993-01-08 00:00:00-05:00,2.626191883087158,2.626191883087158,2.489766330718994,2.557979106903076,12300,0.0,0.0
1993-01-11 00:00:00-05:00,2.523872124521356,2.626191264704654,2.523872124521356,2.5920848846435547,10800,0.0,0.0
1993-01-12 00:00:00-05:00,2.592086816135841,2.694406032562256,2.592086816135841,2.694406032562256,14500,0.0,0.0
1993-01-13 00:00:00-05:00,2.6261932216113126,2.694406032562256,2.6261932216113126,2.694406032562256,6100,0.0,0.0
1993-01-14 00:00:00-05:00,2.6602978706359863,2.6944042535928583,2.6602978706359863,2.6602978706359863,7400,0.0,0.0
1993-01-15 00:00:00-05:00,2.694406032562256,2.694406032562256,2.660299627086784,2.694406032562256,8900,0.0,0.0
1993-01-18 00:00:00-05:00,2.694406032562256,2.694406032562256,2.660299627086784,2.694406032562256,4800,0.0,0.0
1993-01-19 00:00:00-05:00,2.694406032562256,2.7285124380377273,2.694406032562256,2.694406032562256,24700,0.0,0.0
1993-01-20 00:00:00-05:00,2.7285124380377273,2.7285124380377273,2.694406032562256,2.694406032562256,24000,0.0,0.0
1993-01-21 00:00:00-05:00,2.7285103797912598,2.7626167595386506,2.7285103797912598,2.7285103797912598,8400,0.0,0.0
1993-01-22 00:00:00-05:00,2.7285103797912598,2.7626167595386506,2.694404000043869,2.7285103797912598,17000,0.0,0.0
1993-01-25 00:00:00-05:00,2.72851213996793,2.7626185417175293,2.694405738218331,2.7626185417175293,15700,0.0,0.0
1993-01-26 00:00:00-05:00,2.7626167595386506,2.7626167595386506,2.7285103797912598,2.7285103797912598,10800,0.0,0.0
1993-01-27 00:00:00-05:00,2.7285103797912598,2.7285103797912598,2.7285103797912598,2.7285103797912598,1700,0.0,0.0
1993-01-28 00:00:00-05:00,2.762618843513199,2.762618843513199,2.694406032562256,2.694406032562256,5300,0.0,0.0
1993-01-29 00:00:00-05:00,2.7285103797912598,2.7285103797912598,2.694404000043869,2.7285103797912598,13300,0.0,0.0
1993-02-01 00:00:00-05:00,2.694406032562256,2.7285124380377273,2.694406032562256,2.694406032562256,5000,0.0,0.0
1993-02-02 00:00:00-05:00,2.694406032562256,2.7285124380377273,2.694406032562256,2.694406032562256,11000,0.0,0.0
1993-02-03 00:00:00-05:00,2.694405738218331,2.7626185417175293,2.694405738218331,2.7626185417175293,7300,0.0,0.0
1993-02-04 00:00:00-05:00,2.7626167595386506,2.7626167595386506,2.7285103797912598,2.7285103797912598,15200,0.0,0.0
1993-02-05 00:00:00-05:00,2.7626185417175293,2.7626185417175293,2.72851213996793,2.7626185417175293,5400,0.0,0.0
1993-02-08 00:00:00-05:00,2.7626185417175293,2.7967249434671286,2.72851213996793,2.7626185417175293,17200,0.0,0.0
1993-02-09 00:00:00-05:00,2.72851213996793,2.7626185417175293,2.694405738218331,2.7626185417175293,26400,0.0,0.0
1993-02-10 00:00:00-05:00,2.72851213996793,2.7626185417175293,2.72851213996793,2.7626185417175293,12300,0.0,0.0
1993-02-11 00:00:00-05:00,2.7626167595386506,2.7626167595386506,2.7285103797912598,2.7285103797912598,4800,0.0,0.0
1993-02-12 00:00:00-05:00,2.728512786155523,2.9331512451171875,2.728512786155523,2.9331512451171875,46700,0.0,0.0
1993-02-16 00:00:00-05:00,2.8990441487159258,2.8990441487159258,2.72851213996793,2.7626185417175293,13500,0.0,0.0
1993-02-17 00:00:00-05:00,2.796724652669516,2.8649374490760895,2.762618254466229,2.8308310508728027,13600,0.0,0.0
1993-02-18 00:00:00-05:00,2.9331491220565074,2.9331491220565074,2.7967235814957396,2.864936351776123,18800,0.0,0.0
1993-02-19 00:00:00-05:00,2.8649388144997987,2.89904522895813,2.796725985583137,2.89904522895813,43600,0.0,0.0
1993-02-22 00:00:00-05:00,2.8308320156363553,2.9331512451171875,2.8308320156363553,2.9331512451171875,11800,0.0,0.0
1993-02-23 00:00:00-05:00,2.899044074795463,3.0013632774353027,2.899044074795463,3.0013632774353027,9000,0.0,0.0
1993-02-24 00:00:00-05:00,3.0013621898179643,3.0695749668592818,2.9672558012973056,3.035468578338623,28300,0.0,0.0
1993-02-25 00:00:00-05:00,3.0354700962702434,3.1036829074223835,3.0354700962702434,3.0695765018463135,20100,0.0,0.0
1993-02-26 00:00:00-05:00,3.0354690158760156,3.103681802749634,3.0354690158760156,3.103681802749634,29200,0.0,0.0
1993-03-01 00:00:00-05:00,3.1036829074223835,3.1377893129984535,3.0354700962702434,3.0695765018463135,13100,0.0,0.0
1993-03-02 00:00:00-05:00,3.035468578338623,3.0695749668592818,2.9672558012973056,3.035468578338623,23400,0.0,0.0
1993-03-03 00:00:00-05:00,3.0354700962702434,3.0695765018463135,3.0354700962702434,3.0695765018463135,15200,0.0,0.0
1993-03-04 00:00:00-05:00,3.0354700962702434,3.1377893129984535,3.0354700962702434,3.0695765018463135,21100,0.0,0.0
1993-03-05 00:00:00-05:00,3.0354690158760156,3.103681802749634,3.0354690158760156,3.103681802749634,14100,0.0,0.0
1993-03-08 00:00:00-05:00,3.103681802749634,3.103681802749634,3.069575409312825,3.103681802749634,13100,0.0,0.0
1993-03-09 00:00:00-05:00,3.057814671443059,3.1620583534240727,3.057814671443059,3.1620583534240723,14700,0.21,0.0
1993-03-10 00:00:00-05:00,3.1620598554611203,3.1620598554611203,3.092564034461975,3.127311944961548,9100,0.0,0.0
1993-03-11 00:00:00-05:00,3.1968062474177437,3.1968062474177437,3.0925625654367304,3.1620583534240723,25000,0.0,0.0
1993-03-12 00:00:00-05:00,3.162056808776044,3.266300439834595,3.162056808776044,3.2663004398345947,33600,0.0,0.0
1993-03-15 00:00:00-05:00,3.2663019241825224,3.2663019241825224,3.1968061385616178,3.2315540313720703,15100,0.0,0.0
1993-03-16 00:00:00-05:00,3.231554159365202,3.3010499477386475,3.1968062651784797,3.3010499477386475,26800,0.0,0.0
1993-03-17 00:00:00-05:00,3.266300439834595,3.301048316854112,3.231552562815078,3.2663004398345947,25200,0.0,0.0
1993-03-18 00:00:00-05:00,3.2315541414114146,3.2315541414114146,3.057814671443059,3.1620583534240723,17800,0.0,0.0
1993-03-19 00:00:00-05:00,3.196805868255958,3.196805868255958,3.092562198638916,3.092562198638916,17700,0.0,0.0
1993-03-22 00:00:00-05:00,3.0578158586874777,3.0925637661725625,3.0230679512023926,3.0230679512023926,9000,0.0,0.0
1993-03-23 00:00:00-05:00,2.9883199767632918,3.0578157901763916,2.953572070056742,3.0578157901763916,10600,0.0,0.0
1993-03-24 00:00:00-05:00,3.0230678834698415,3.0925636968829413,3.0230678834698415,3.0578157901763916,11200,0.0,0.0
1993-03-25 00:00:00-05:00,3.02306627449782,3.196805715560913,3.02306627449782,3.196805715560913,18100,0.0,0.0
1993-03-26 00:00:00-05:00,3.2315540313720703,3.335797709803427,3.1968061385616178,3.2315540313720703,29800,0.0,0.0
1993-03-29 00:00:00-05:00,3.162057978383611,3.162057978383611,3.092562198638916,3.092562198638916,11000,0.0,0.0
1993-03-30 00:00:00-05:00,3.092564034461975,3.1273119449615474,3.092564034461975,3.127311944961548,3700,0.0,0.0
1993-03-31 00:00:00-05:00,3.0925620509230574,3.196805715560913,3.0925620509230574,3.196805715560913,15700,0.0,0.0
1993-04-01 00:00:00-05:00,3.1620578273482947,3.196805715560913,3.127309939135676,3.196805715560913,14600,0.0,0.0
1993-04-02 00:00:00-05:00,3.1620578273482947,3.196805715560913,3.127309939135676,3.196805715560913,16900,0.0,0.0
1993-04-05 00:00:00-04:00,3.196805868255958,3.196805868255958,3.092562198638916,3.092562198638916,5800,0.0,0.0
1993-04-06 00:00:00-04:00,3.092562198638916,3.1273100885112637,3.092562198638916,3.092562198638916,8900,0.0,0.0
1993-04-07 00:00:00-04:00,3.092564034461975,3.1273119449615474,3.057816123962402,3.127311944961548,15200,0.0,0.0
1993-04-08 00:00:00-04:00,3.1273100885112637,3.1273100885112637,3.092562198638916,3.092562198638916,16900,0.0,0.0
1993-04-12 00:00:00-04:00,3.057814308766569,3.1273100885112637,3.057814308766569,3.092562198638916,22100,0.0,0.0
1993-04-13 00:00:00-04:00,3.092562198638916,3.1273100885112637,3.092562198638916,3.092562198638916,25500,0.0,0.0
1993-04-14 00:00:00-04:00,3.127309939135676,3.196805715560913,3.127309939135676,3.196805715560913,17500,0.0,0.0
1993-04-15 00:00:00-04:00,3.2315540313720703,3.2315540313720703,3.1620582457511652,3.2315540313720703,5200,0.0,0.0
1993-04-16 00:00:00-04:00,3.231553603773532,3.231553603773532,3.196805715560913,3.196805715560913,13700,0.0,0.0
1993-04-19 00:00:00-04:00,3.266300439834595,3.266300439834595,3.196804685795561,3.2663004398345947,21700,0.0,0.0
1993-04-20 00:00:00-04:00,3.231553603773532,3.231553603773532,3.127309939135676,3.196805715560913,17700,0.0,0.0
1993-04-21 00:00:00-04:00,3.1620582457511652,3.2663019241825224,3.1620582457511652,3.2315540313720703,8400,0.0,0.0
1993-04-22 00:00:00-04:00,3.231552562815078,3.266300439834595,3.196804685795561,3.2663004398345947,16100,0.0,0.0
1993-04-23 00:00:00-04:00,3.1968062474177437,3.2315541414114146,3.1620583534240727,3.1620583534240723,13400,0.0,0.0
1993-04-26 00:00:00-04:00,3.196805715560913,3.196805715560913,3.1620578273482947,3.196805715560913,4600,0.0,0.0
1993-04-27 00:00:00-04:00,3.1620582457511652,3.2315540313720703,3.1620582457511652,3.2315540313720703,15400,0.0,0.0
1993-04-28 00:00:00-04:00,3.196805715560913,3.196805715560913,3.1620578273482947,3.196805715560913,12500,0.0,0.0
1993-04-29 00:00:00-04:00,3.1620583534240727,3.1968062474177437,3.1620583534240727,3.1620583534240723,13900,0.0,0.0
1993-04-30 00:00:00-04:00,3.196805715560913,3.196805715560913,3.1620578273482947,3.196805715560913,17000,0.0,0.0
1993-05-03 00:00:00-04:00,3.1968062474177437,3.1968062474177437,3.1620583534240727,3.1620583534240723,6200,0.0,0.0
1993-05-04 00:00:00-04:00,3.1620582457511652,3.2315540313720703,3.1620582457511652,3.2315540313720703,18600,0.0,0.0
1993-05-05 00:00:00-04:00,3.1968061385616178,3.2315540313720703,3.1968061385616178,3.2315540313720703,8600,0.0,0.0
1993-05-06 00:00:00-04:00,3.196805715560913,3.231553603773532,3.196805715560913,3.196805715560913,8000,0.0,0.0
1993-05-07 00:00:00-04:00,3.1620583534240727,3.1620583534240727,3.1620583534240727,3.1620583534240723,5600,0.0,0.0
1993-05-10 00:00:00-04:00,3.1620583534240727,3.1968062474177437,3.1620583534240727,3.1620583534240723,7600,0.0,0.0
1993-05-11 00:00:00-04:00,3.1968062474177437,3.1968062474177437,3.1620583534240727,3.1620583534240723,12700,0.0,0.0
1993-05-12 00:00:00-04:00,3.1968062474177437,3.2315541414114146,3.1620583534240727,3.1620583534240723,7400,0.0,0.0
1993-05-13 00:00:00-04:00,3.1273104594304013,3.1620583534240727,3.1273104594304013,3.1620583534240723,7600,0.0,0.0
1993-05-14 00:00:00-04:00,3.1273104594304013,3.1620583534240727,3.1273104594304013,3.1620583534240723,10300,0.0,0.0
1993-05-17 00:00:00-04:00,3.1968062474177437,3.1968062474177437,3.1273104594304013,3.1620583534240723,10000,0.0,0.0
1993-05-18 00:00:00-04:00,3.1273104594304013,3.1968062474177437,3.1273104594304013,3.1620583534240723,11800,0.0,0.0
1993-05-19 00:00:00-04:00,3.127309939135676,3.231553603773532,3.127309939135676,3.196805715560913,14300,0.0,0.0
1993-05-20 00:00:00-04:00,3.196805715560913,3.231553603773532,3.196805715560913,3.196805715560913,12000,0.0,0.0
1993-05-21 00:00:00-04:00,3.1620583534240727,3.1968062474177437,3.1273104594304013,3.1620583534240723,25700,0.0,0.0
1993-05-24 00:00:00-04:00,3.1273104594304013,3.2315541414114146,3.1273104594304013,3.1620583534240723,22600,0.0,0.0
1993-05-25 00:00:00-04:00,3.1968061385616178,3.2315540313720703,3.1968061385616178,3.2315540313720703,11500,0.0,0.0
1993-05-26 00:00:00-04:00,3.1968061385616178,3.2315540313720703,3.1968061385616178,3.2315540313720703,13700,0.0,0.0
1993-05-27 00:00:00-04:00,3.2315540313720703,3.2663019241825224,3.2315540313720703,3.2315540313720703,6900,0.0,0.0
1993-05-28 00:00:00-04:00,3.231554159365202,3.3010499477386475,3.231554159365202,3.3010499477386475,12800,0.0,0.0
1993-06-01 00:00:00-04:00,3.3357970247563626,3.370544910430908,3.3357970247563626,3.370544910430908,18500,0.0,0.0
1993-06-02 00:00:00-04:00,3.3705447167158127,3.4052926003932953,3.33579683303833,3.33579683303833,13400,0.0,0.0
1993-06-03 00:00:00-04:00,3.301048316854112,3.301048316854112,3.266300439834595,3.2663004398345947,8000,0.0,0.0
1993-06-04 00:00:00-04:00,3.2315541414114146,3.2315541414114146,3.1620583534240727,3.1620583534240723,20900,0.0,0.0
1993-06-07 00:00:00-04:00,3.1620578273482947,3.2663014919861504,3.1620578273482947,3.196805715560913,16200,0.0,0.0
1993-06-08 00:00:00-04:00,3.1620578273482947,3.231553603773532,3.1620578273482947,3.196805715560913,29100,0.0,0.0
1993-06-09 00:00:00-04:00,3.2208746458354747,3.397845780222039,3.2208746458354747,3.3624515533447266,48100,0.21,0.0
1993-06-10 00:00:00-04:00,3.3270556926727295,3.3978441116657665,3.3270556926727295,3.3270556926727295,26800,0.0,0.0
1993-06-11 00:00:00-04:00,3.3270556926727295,3.362449902169248,3.3270556926727295,3.3270556926727295,18400,0.0,0.0
1993-06-14 00:00:00-04:00,3.327056124806404,3.3978445529937744,3.291661910712719,3.3978445529937744,18700,0.0,0.0
1993-06-15 00:00:00-04:00,3.3978456066500753,3.3978456066500753,3.256268706372989,3.2916629314422607,14400,0.0,0.0
1993-06-16 00:00:00-04:00,3.3270562161570005,3.3270562161570005,3.2562677860260005,3.256267786026001,9300,0.0,0.0
1993-06-17 00:00:00-04:00,3.2562677860260005,3.2916620010915008,3.2208735709605008,3.256267786026001,20500,0.0,0.0
1993-06-18 00:00:00-04:00,3.2562687737601146,3.2562687737601146,3.2208745479583745,3.220874547958374,8400,0.0,0.0
1993-06-21 00:00:00-04:00,3.1854793558950005,3.2562677860260005,3.1854793558950005,3.256267786026001,5700,0.0,0.0
1993-06-22 00:00:00-04:00,3.2562677860260005,3.2562677860260005,3.1854793558950005,3.256267786026001,17300,0.0,0.0
1993-06-23 00:00:00-04:00,3.2562677860260005,3.2562677860260005,3.2208735709605008,3.256267786026001,7100,0.0,0.0
1993-06-24 00:00:00-04:00,3.2208730641831744,3.3270556926727295,3.2208730641831744,3.3270556926727295,27000,0.0,0.0
1993-06-25 00:00:00-04:00,3.291663099590101,3.397845780222039,3.2562688727127878,3.3624515533447266,37200,0.0,0.0
1993-06-28 00:00:00-04:00,3.397845780222039,3.397845780222039,3.3624515533447266,3.3624515533447266,9900,0.0,0.0
1993-06-29 00:00:00-04:00,3.362449902169248,3.3978441116657665,3.3270556926727295,3.3270556926727295,9800,0.0,0.0
1993-06-30 00:00:00-04:00,3.2916629314422603,3.2916629314422603,3.256268706372989,3.2916629314422607,16600,0.0,0.0
1993-07-01 00:00:00-04:00,3.327056124806404,3.3978445529937744,3.291661910712719,3.3978445529937744,22100,0.0,0.0
1993-07-02 00:00:00-04:00,3.3624503389000893,3.4332387670874596,3.3624503389000893,3.3978445529937744,16500,0.0,0.0
1993-07-06 00:00:00-04:00,3.4332377216190966,3.645602941513061,3.3978435183034357,3.6456029415130615,121500,0.0,0.0
1993-07-07 00:00:00-04:00,3.751787366690459,3.893364248452363,3.716393146249983,3.822575807571411,284900,0.0,0.0
1993-07-08 00:00:00-04:00,3.8225768770490376,3.8225768770490376,3.6809999556768513,3.7163941860198975,154800,0.0,0.0
1993-07-09 00:00:00-04:00,3.716394186019898,3.716394186019898,3.6809999556768513,3.7163941860198975,80700,0.0,0.0
1993-07-12 00:00:00-04:00,3.716394186019898,3.716394186019898,3.6809999556768513,3.7163941860198975,111700,0.0,0.0
1993-07-13 00:00:00-04:00,3.71639462012165,3.751788854598999,3.6810003856443005,3.751788854598999,109300,0.0,0.0
1993-07-14 00:00:00-04:00,3.751788854598999,3.751788854598999,3.71639462012165,3.751788854598999,51500,0.0,0.0
1993-07-15 00:00:00-04:00,3.751788854598999,3.751788854598999,3.71639462012165,3.751788854598999,57300,0.0,0.0
1993-07-16 00:00:00-04:00,3.751788854598999,3.751788854598999,3.71639462012165,3.751788854598999,70800,0.0,0.0
1993-07-19 00:00:00-04:00,3.751787483692169,3.751787483692169,3.6809990406036377,3.6809990406036377,45800,0.0,0.0
1993-07-20 00:00:00-04:00,3.716394186019898,3.716394186019898,3.6809999556768513,3.7163941860198975,26600,0.0,0.0
1993-07-21 00:00:00-04:00,3.7163932621479034,3.7163932621479034,3.645604819059372,3.6809990406036377,36500,0.0,0.0
1993-07-22 00:00:00-04:00,3.6809990406036377,3.6809990406036377,3.645604819059372,3.6809990406036377,24700,0.0,0.0
1993-07-23 00:00:00-04:00,3.680997144828722,3.680997144828722,3.6102087381974,3.6456029415130615,37900,0.0,0.0
1993-07-26 00:00:00-04:00,3.645602941513061,3.716391348144383,3.645602941513061,3.6456029415130615,38300,0.0,0.0
1993-07-27 00:00:00-04:00,3.6809999556768513,3.716394186019898,3.6809999556768513,3.7163941860198975,33800,0.0,0.0
1993-07-28 00:00:00-04:00,3.7163932621479034,3.7163932621479034,3.645604819059372,3.6809990406036377,70000,0.0,0.0
1993-07-29 00:00:00-04:00,3.645604819059372,3.7163932621479034,3.645604819059372,3.6809990406036377,18600,0.0,0.0
1993-07-30 00:00:00-04:00,3.7163932621479034,3.7163932621479034,3.645604819059372,3.6809990406036377,21200,0.0,0.0
1993-08-02 00:00:00-04:00,3.6809990406036377,3.6809990406036377,3.645604819059372,3.6809990406036377,29800,0.0,0.0
1993-08-03 00:00:00-04:00,3.680997144828722,3.680997144828722,3.645602941513061,3.6456029415130615,7300,0.0,0.0
1993-08-04 00:00:00-04:00,3.680997144828722,3.680997144828722,3.645602941513061,3.6456029415130615,11000,0.0,0.0
1993-08-05 00:00:00-04:00,3.6809990406036377,3.6809990406036377,3.645604819059372,3.6809990406036377,299800,0.0,0.0
1993-08-06 00:00:00-04:00,3.680997144828722,3.680997144828722,3.645602941513061,3.6456029415130615,121800,0.0,0.0
1993-08-09 00:00:00-04:00,3.6809990406036377,3.6809990406036377,3.610210597515106,3.6809990406036377,35500,0.0,0.0
1993-08-10 00:00:00-04:00,3.6809990406036377,3.7163932621479034,3.6809990406036377,3.6809990406036377,32100,0.0,0.0
1993-08-11 00:00:00-04:00,3.71639462012165,3.787183089076348,3.6456061511669517,3.751788854598999,73700,0.0,0.0
1993-08-12 00:00:00-04:00,3.7517852694074687,3.8225736707170435,3.7517852694074687,3.787179470062256,30200,0.0,0.0
1993-08-13 00:00:00-04:00,3.751788854598999,3.822577323553697,3.751788854598999,3.751788854598999,18600,0.0,0.0
1993-08-16 00:00:00-04:00,3.7871794700622563,3.8225736707170435,3.7871794700622563,3.787179470062256,15200,0.0,0.0
1993-08-17 00:00:00-04:00,3.751787366690459,3.822575807571411,3.751787366690459,3.822575807571411,30500,0.0,0.0
1993-08-18 00:00:00-04:00,3.822575807571411,3.822575807571411,3.751787366690459,3.822575807571411,48600,0.0,0.0
1993-08-19 00:00:00-04:00,3.857970028011887,3.857970028011887,3.787181587130935,3.822575807571411,17300,0.0,0.0
1993-08-20 00:00:00-04:00,3.787182646705991,3.857971107392084,3.716394186019898,3.7163941860198975,28100,0.0,0.0
1993-08-23 00:00:00-04:00,3.7517884163629445,3.787182646705991,3.716394186019898,3.7163941860198975,19600,0.0,0.0
1993-08-24 00:00:00-04:00,3.716394186019898,3.7517884163629445,3.716394186019898,3.7163941860198975,9900,0.0,0.0
1993-08-25 00:00:00-04:00,3.751788854598999,3.751788854598999,3.71639462012165,3.751788854598999,14800,0.0,0.0
1993-08-26 00:00:00-04:00,3.7517884163629445,3.7517884163629445,3.716394186019898,3.7163941860198975,30400,0.0,0.0
1993-08-27 00:00:00-04:00,3.751788854598999,3.751788854598999,3.71639462012165,3.751788854598999,15000,0.0,0.0
1993-08-30 00:00:00-04:00,3.751788854598999,3.787183089076348,3.751788854598999,3.751788854598999,20300,0.0,0.0
1993-08-31 00:00:00-04:00,3.751787366690459,3.822575807571411,3.751787366690459,3.822575807571411,12600,0.0,0.0
1993-09-01 00:00:00-04:00,3.8225736707170435,3.8225736707170435,3.7871794700622563,3.787179470062256,29400,0.0,0.0
1993-09-02 00:00:00-04:00,3.7871806036342273,3.8933632373809814,3.7871806036342273,3.8933632373809814,40000,0.0,0.0
1993-09-03 00:00:00-04:00,3.893364248452363,3.893364248452363,3.822575807571411,3.822575807571411,16900,0.0,0.0
1993-09-07 00:00:00-04:00,3.857968330383301,3.8933625352492025,3.857968330383301,3.857968330383301,26300,0.0,0.0
1993-09-08 00:00:00-04:00,3.8933632373809814,3.8933632373809814,3.8579690261320634,3.8933632373809814,17300,0.0,0.0
1993-09-09 00:00:00-04:00,3.917808555207163,3.917808555207163,3.774035764190386,3.80997896194458,27200,0.21,0.0
1993-09-10 00:00:00-04:00,3.8099789619445805,3.8459221596987745,3.8099789619445805,3.80997896194458,13500,0.0,0.0
1993-09-13 00:00:00-04:00,3.845920412628739,3.917806775481613,3.845920412628739,3.881863594055176,25300,0.0,0.0
1993-09-14 00:00:00-04:00,3.9178055329756303,3.9537487030029297,3.9178055329756303,3.9537487030029297,60800,0.0,0.0
1993-09-15 00:00:00-04:00,3.881863594055176,3.917806775481613,3.881863594055176,3.881863594055176,6300,0.0,0.0
1993-09-16 00:00:00-04:00,3.9178051948547363,3.953748361780009,3.881862027929463,3.9178051948547363,11800,0.0,0.0
1993-09-17 00:00:00-04:00,3.9178051948547363,3.9178051948547363,3.8459188610041903,3.9178051948547363,17000,0.0,0.0
1993-09-20 00:00:00-04:00,3.917806775481613,3.917806775481613,3.845920412628739,3.881863594055176,24000,0.0,0.0
1993-09-21 00:00:00-04:00,3.8459221596987745,3.881865357452969,3.8099789619445805,3.80997896194458,17000,0.0,0.0
1993-09-22 00:00:00-04:00,3.845918655395508,3.881861820399204,3.8099754903918113,3.845918655395508,32000,0.0,0.0
1993-09-23 00:00:00-04:00,3.881862027929463,3.953748361780009,3.8459188610041903,3.9178051948547363,32600,0.0,0.0
1993-09-24 00:00:00-04:00,3.953749510619017,3.989692687988281,3.953749510619017,3.9896926879882812,43900,0.0,0.0
1993-09-27 00:00:00-04:00,3.953748361780009,3.989691528705282,3.9178051948547363,3.9178051948547363,32300,0.0,0.0
1993-09-28 00:00:00-04:00,3.9178063332497532,4.097522220096073,3.9178063332497532,3.9896926879882812,48400,0.0,0.0
1993-09-29 00:00:00-04:00,4.0256339031717046,4.1694065425706945,4.0256339031717046,4.133463382720947,144500,0.0,0.0
1993-09-30 00:00:00-04:00,4.09752290824364,4.169409275054932,4.061579724837994,4.169409275054932,201000,0.0,0.0
1993-10-01 00:00:00-04:00,4.241294860839844,4.241294860839844,4.133465330479509,4.241294860839844,31600,0.0,0.0
1993-10-04 00:00:00-04:00,4.2412936369578045,4.313179969787598,4.169407304128011,4.313179969787598,33900,0.0,0.0
1993-10-05 00:00:00-04:00,4.2412936369578045,4.313179969787598,4.2412936369578045,4.313179969787598,27600,0.0,0.0
1993-10-06 00:00:00-04:00,4.277235984802246,4.313179144338399,4.205349665729939,4.277235984802246,24900,0.0,0.0
1993-10-07 00:00:00-04:00,4.241294860839844,4.241294860839844,4.169408507266287,4.241294860839844,24500,0.0,0.0
1993-10-08 00:00:00-04:00,4.169409275054932,4.2053524584605775,4.133466091649286,4.169409275054932,20700,0.0,0.0
1993-10-11 00:00:00-04:00,4.205350813112761,4.2412939824556055,4.0975213050842285,4.0975213050842285,16400,0.0,0.0
1993-10-12 00:00:00-04:00,4.0975213050842285,4.205350813112761,4.061578135741384,4.0975213050842285,15900,0.0,0.0
1993-10-13 00:00:00-04:00,4.09752290824364,4.169409275054932,4.061579724837994,4.169409275054932,28500,0.0,0.0
1993-10-14 00:00:00-04:00,4.169408507266287,4.241294860839844,4.169408507266287,4.241294860839844,49700,0.0,0.0
1993-10-15 00:00:00-04:00,4.2053524584605775,4.2053524584605775,4.169409275054932,4.169409275054932,16800,0.0,0.0
1993-10-18 00:00:00-04:00,4.2053524584605775,4.2053524584605775,4.169409275054932,4.169409275054932,18600,0.0,0.0
1993-10-19 00:00:00-04:00,4.205349702420442,4.205349702420442,4.133463382720947,4.133463382720947,25400,0.0,0.0
1993-10-20 00:00:00-04:00,4.133465247494834,4.133465247494834,4.025635719299316,4.025635719299316,16300,0.0,0.0
1993-10-21 00:00:00-04:00,4.061578135741384,4.133464474427073,4.061578135741384,4.0975213050842285,25500,0.0,0.0
1993-10-22 00:00:00-04:00,4.0975213050842285,4.133464474427073,4.0975213050842285,4.0975213050842285,9100,0.0,0.0
1993-10-25 00:00:00-04:00,4.097522071429661,4.133465247494834,4.025635719299316,4.025635719299316,12500,0.0,0.0
1993-10-26 00:00:00-04:00,4.025634630591468,4.097520963280601,4.025634630591468,4.061577796936035,18900,0.0,0.0
1993-10-27 00:00:00-04:00,4.061577796936035,4.097520963280601,4.025634630591468,4.061577796936035,16600,0.0,0.0
1993-10-28 00:00:00-04:00,4.025634630591468,4.097520963280601,3.953748297902335,4.061577796936035,29200,0.0,0.0
1993-10-29 00:00:00-04:00,4.09752290824364,4.169409275054932,4.061579724837994,4.169409275054932,65900,0.0,0.0
1993-11-01 00:00:00-05:00,4.09752290824364,4.169409275054932,4.09752290824364,4.169409275054932,28100,0.0,0.0
1993-11-02 00:00:00-05:00,4.1694065425706945,4.1694065425706945,4.061577063021452,4.133463382720947,21900,0.0,0.0
1993-11-03 00:00:00-05:00,4.0975213050842285,4.169407643769917,4.0975213050842285,4.0975213050842285,27700,0.0,0.0
1993-11-04 00:00:00-05:00,4.133464474427073,4.133464474427073,4.061578135741384,4.0975213050842285,23400,0.0,0.0
1993-11-05 00:00:00-05:00,4.061577796936035,4.061577796936035,3.9896914642469015,4.061577796936035,16200,0.0,0.0
1993-11-08 00:00:00-05:00,4.025635719299316,4.061578895364488,4.025635719299316,4.025635719299316,16000,0.0,0.0
1993-11-09 00:00:00-05:00,4.061577796936035,4.097520963280601,3.9896914642469015,4.061577796936035,49800,0.0,0.0
1993-11-10 00:00:00-05:00,4.02563496639854,4.169407643769917,4.02563496639854,4.0975213050842285,30100,0.0,0.0
1993-11-11 00:00:00-05:00,4.133466091649286,4.2053524584605775,4.09752290824364,4.169409275054932,33400,0.0,0.0
1993-11-12 00:00:00-05:00,4.133464474427073,4.133464474427073,4.0975213050842285,4.0975213050842285,15900,0.0,0.0
1993-11-15 00:00:00-05:00,4.133464474427073,4.133464474427073,3.989691797055696,4.0975213050842285,19900,0.0,0.0
1993-11-16 00:00:00-05:00,4.061577796936035,4.133464129625168,4.025634630591468,4.061577796936035,15100,0.0,0.0
1993-11-17 00:00:00-05:00,4.061577796936035,4.097520963280601,4.025634630591468,4.061577796936035,14900,0.0,0.0
1993-11-18 00:00:00-05:00,4.02563496639854,4.133464474427073,4.02563496639854,4.0975213050842285,19500,0.0,0.0
1993-11-19 00:00:00-05:00,4.061578135741384,4.0975213050842285,4.061578135741384,4.0975213050842285,16100,0.0,0.0
1993-11-22 00:00:00-05:00,4.0975213050842285,4.133464474427073,4.0975213050842285,4.0975213050842285,30300,0.0,0.0
1993-11-23 00:00:00-05:00,4.133464474427073,4.133464474427073,4.0975213050842285,4.0975213050842285,17500,0.0,0.0
1993-11-24 00:00:00-05:00,4.061577796936035,4.097520963280601,4.061577796936035,4.061577796936035,11100,0.0,0.0
1993-11-26 00:00:00-05:00,4.061578135741384,4.0975213050842285,4.061578135741384,4.0975213050842285,17700,0.0,0.0
1993-11-29 00:00:00-05:00,4.0975213050842285,4.0975213050842285,4.061578135741384,4.0975213050842285,37800,0.0,0.0
1993-11-30 00:00:00-05:00,4.061577063021452,4.133463382720947,4.061577063021452,4.133463382720947,33700,0.0,0.0
1993-12-01 00:00:00-05:00,4.169409275054932,4.169409275054932,4.09752290824364,4.169409275054932,22300,0.0,0.0
1993-12-02 00:00:00-05:00,4.169407295969735,4.169407295969735,4.061577796936035,4.061577796936035,21600,0.0,0.0
1993-12-03 00:00:00-05:00,4.061577063021452,4.133463382720947,4.061577063021452,4.133463382720947,16900,0.0,0.0
1993-12-06 00:00:00-05:00,4.133463346657632,4.277235984802246,4.133463346657632,4.277235984802246,36200,0.0,0.0
1993-12-07 00:00:00-05:00,4.313179969787598,4.313179969787598,4.277236803372701,4.313179969787598,103500,0.0,0.0
1993-12-08 00:00:00-05:00,4.277236245636247,4.313179407364283,4.205349922180176,4.205349922180176,42000,0.0,0.0
1993-12-09 00:00:00-05:00,4.230150010850694,4.30308363172743,4.230150010850694,4.2666168212890625,49400,0.21,0.0
1993-12-10 00:00:00-05:00,4.303083088086999,4.303083088086999,4.157215864762016,4.193682670593262,24600,0.0,0.0
1993-12-13 00:00:00-05:00,4.1572160720825195,4.193682879732366,4.120749264432672,4.1572160720825195,68100,0.0,0.0
1993-12-14 00:00:00-05:00,4.230149476424507,4.230149476424507,4.12074905893077,4.193682670593262,17500,0.0,0.0
1993-12-15 00:00:00-05:00,4.084281718836421,4.1572153209585005,4.084281718836421,4.120748519897461,30400,0.0,0.0
1993-12-16 00:00:00-05:00,4.193682670593262,4.193682670593262,4.084282253099524,4.193682670593262,10000,0.0,0.0
1993-12-17 00:00:00-05:00,4.230150010850694,4.2666168212890625,4.230150010850694,4.2666168212890625,19800,0.0,0.0
1993-12-20 00:00:00-05:00,4.2666168212890625,4.2666168212890625,4.230150010850694,4.2666168212890625,17400,0.0,0.0
1993-12-21 00:00:00-05:00,4.157216645903507,4.303083896636963,4.157216645903507,4.303083896636963,31000,0.0,0.0
1993-12-22 00:00:00-05:00,4.193682670593262,4.230149476424507,4.12074905893077,4.193682670593262,20200,0.0,0.0
1993-12-23 00:00:00-05:00,4.1572160720825195,4.230149687382212,4.1572160720825195,4.1572160720825195,38300,0.0,0.0
1993-12-27 00:00:00-05:00,4.0842814445495605,4.193681840385709,4.0842814445495605,4.0842814445495605,31900,0.0,0.0
1993-12-28 00:00:00-05:00,4.011349935789366,4.084283570985536,4.011349935789366,4.047816753387451,53000,0.0,0.0
1993-12-29 00:00:00-05:00,4.011349935789366,4.084283570985536,3.9748831181912805,4.047816753387451,34400,0.0,0.0
1993-12-30 00:00:00-05:00,4.011348841483133,4.1572160720825195,4.011348841483133,4.1572160720825195,23000,0.0,0.0
1993-12-31 00:00:00-05:00,4.1572160720825195,4.1572160720825195,4.084282456782826,4.1572160720825195,20600,0.0,0.0
1994-01-03 00:00:00-05:00,4.1572153209585005,4.19368212201954,4.084281718836421,4.120748519897461,29700,0.0,0.0
1994-01-04 00:00:00-05:00,4.120749264432672,4.1572160720825195,4.120749264432672,4.1572160720825195,24600,0.0,0.0
1994-01-05 00:00:00-05:00,4.12074905893077,4.193682670593262,4.084282253099524,4.193682670593262,21900,0.0,0.0
1994-01-06 00:00:00-05:00,4.193682879732366,4.193682879732366,4.1572160720825195,4.1572160720825195,24400,0.0,0.0
1994-01-07 00:00:00-05:00,4.1572153209585005,4.23014892308058,4.084281718836421,4.120748519897461,26300,0.0,0.0
1994-01-10 00:00:00-05:00,4.084282253099524,4.230149476424507,4.084282253099524,4.193682670593262,34200,0.0,0.0
1994-01-11 00:00:00-05:00,4.084282253099524,4.230149476424507,4.084282253099524,4.193682670593262,36700,0.0,0.0
1994-01-12 00:00:00-05:00,4.266617083953599,4.303083896636963,4.230150271270235,4.303083896636963,40000,0.0,0.0
1994-01-13 00:00:00-05:00,4.230149745941162,4.266616554095828,4.230149745941162,4.230149745941162,28700,0.0,0.0
1994-01-14 00:00:00-05:00,4.2666168212890625,4.339550442165798,4.2666168212890625,4.2666168212890625,38800,0.0,0.0
1994-01-17 00:00:00-05:00,4.303083896636963,4.339550709320328,4.266617083953599,4.303083896636963,17800,0.0,0.0
1994-01-18 00:00:00-05:00,4.266617083953599,4.339550709320328,4.266617083953599,4.303083896636963,33000,0.0,0.0
1994-01-19 00:00:00-05:00,4.266617083953599,4.303083896636963,4.266617083953599,4.303083896636963,40500,0.0,0.0
1994-01-20 00:00:00-05:00,4.339547157287598,4.339547157287598,4.3030803744532475,4.339547157287598,39400,0.0,0.0
1994-01-21 00:00:00-05:00,4.339547157287598,4.376013940121947,4.3030803744532475,4.339547157287598,92700,0.0,0.0
1994-01-24 00:00:00-05:00,4.339547157287598,4.376013940121947,4.339547157287598,4.339547157287598,24900,0.0,0.0
1994-01-25 00:00:00-05:00,4.376016616821289,4.376016616821289,4.3395498116811115,4.376016616821289,24600,0.0,0.0
1994-01-26 00:00:00-05:00,4.376013940121947,4.376013940121947,4.3030803744532475,4.339547157287598,56400,0.0,0.0
1994-01-27 00:00:00-05:00,4.303083006540934,4.412483421961467,4.303083006540934,4.376016616821289,60200,0.0,0.0
1994-01-28 00:00:00-05:00,4.37601791381836,4.631285625457764,4.37601791381836,4.558351993560791,99000,0.0,0.0
1994-01-31 00:00:00-05:00,4.521885177612305,4.558351993560791,4.412484729766846,4.558351993560791,82500,0.0,0.0
1994-02-01 00:00:00-05:00,4.521884871310875,4.558351684789188,4.376017617397621,4.448951244354248,57100,0.0,0.0
1994-02-02 00:00:00-05:00,4.376016616821289,4.412483421961467,4.3395498116811115,4.376016616821289,49500,0.0,0.0
1994-02-03 00:00:00-05:00,4.339550709320328,4.376017522003692,4.266617083953599,4.303083896636963,35200,0.0,0.0
1994-02-04 00:00:00-05:00,4.30308363172743,4.30308363172743,4.230150010850694,4.2666168212890625,1768000,0.0,0.0
1994-02-07 00:00:00-05:00,4.230149745941162,4.266616554095828,4.230149745941162,4.230149745941162,143600,0.0,0.0
1994-02-08 00:00:00-05:00,4.230149745941162,4.266616554095828,4.230149745941162,4.230149745941162,80900,0.0,0.0
1994-02-09 00:00:00-05:00,4.266617083953599,4.303083896636963,4.266617083953599,4.303083896636963,79900,0.0,0.0
1994-02-10 00:00:00-05:00,4.2666168212890625,4.30308363172743,4.2666168212890625,4.2666168212890625,49900,0.0,0.0
1994-02-11 00:00:00-05:00,4.266617083953599,4.303083896636963,4.266617083953599,4.303083896636963,42300,0.0,0.0
1994-02-14 00:00:00-05:00,4.266617083953599,4.303083896636963,4.230150271270235,4.303083896636963,35300,0.0,0.0
1994-02-15 00:00:00-05:00,4.30308363172743,4.30308363172743,4.2666168212890625,4.2666168212890625,77100,0.0,0.0
1994-02-16 00:00:00-05:00,4.266617083953599,4.303083896636963,4.266617083953599,4.303083896636963,45400,0.0,0.0
1994-02-17 00:00:00-05:00,4.30308363172743,4.30308363172743,4.230150010850694,4.2666168212890625,30000,0.0,0.0
1994-02-18 00:00:00-05:00,4.30308363172743,4.30308363172743,4.2666168212890625,4.2666168212890625,19100,0.0,0.0
1994-02-22 00:00:00-05:00,4.266617083953599,4.339550709320328,4.266617083953599,4.303083896636963,33400,0.0,0.0
1994-02-23 00:00:00-05:00,4.303083896636963,4.303083896636963,4.266617083953599,4.303083896636963,57600,0.0,0.0
1994-02-24 00:00:00-05:00,4.30308363172743,4.30308363172743,4.230150010850694,4.2666168212890625,37600,0.0,0.0
1994-02-25 00:00:00-05:00,4.266616554095828,4.266616554095828,4.120749321477167,4.230149745941162,64000,0.0,0.0
1994-02-28 00:00:00-05:00,4.3030803744532475,4.339547157287598,4.230146808784549,4.339547157287598,93200,0.0,0.0
1994-03-01 00:00:00-05:00,4.3395498116811115,4.376016616821289,4.2666162014007565,4.376016616821289,72000,0.0,0.0
1994-03-02 00:00:00-05:00,4.339550803919307,4.448951244354248,4.230150363484367,4.448951244354248,137200,0.0,0.0
1994-03-03 00:00:00-05:00,4.448950227101644,4.485417032241822,4.376016616821289,4.376016616821289,112900,0.0,0.0
1994-03-04 00:00:00-05:00,4.448951244354248,4.448951244354248,4.376017617397621,4.448951244354248,42200,0.0,0.0
1994-03-07 00:00:00-05:00,4.448949139292647,4.558349527963777,4.448949139292647,4.485415935516357,110200,0.0,0.0
1994-03-08 00:00:00-05:00,4.521882731740067,4.558349527963777,4.412482343068937,4.485415935516357,102800,0.0,0.0
1994-03-09 00:00:00-05:00,4.510557911260341,4.584501483576085,4.47358612510247,4.547529697418213,47200,0.21,0.0
1994-03-10 00:00:00-05:00,4.584501483576085,4.584501483576085,4.547529697418213,4.547529697418213,37600,0.0,0.0
1994-03-11 00:00:00-05:00,4.584501483576085,4.584501483576085,4.547529697418213,4.547529697418213,49800,0.0,0.0
1994-03-14 00:00:00-05:00,4.584501483576085,4.584501483576085,4.510557911260341,4.547529697418213,32000,0.0,0.0
1994-03-15 00:00:00-05:00,4.584500312805176,4.584500312805176,4.510556759372834,4.584500312805176,58900,0.0,0.0
1994-03-16 00:00:00-05:00,4.547528800964356,4.621472358703613,4.547528800964356,4.621472358703613,31800,0.0,0.0
1994-03-17 00:00:00-05:00,4.621472089521347,4.658443866237517,4.584500312805176,4.584500312805176,41300,0.0,0.0
1994-03-18 00:00:00-05:00,4.621473269733957,4.6584450558918284,4.47358612510247,4.547529697418213,37400,0.0,0.0
1994-03-21 00:00:00-05:00,4.473586813348239,4.547530397039945,4.473586813348239,4.510558605194092,22100,0.0,0.0
1994-03-22 00:00:00-05:00,4.510556759372834,4.621472089521347,4.510556759372834,4.584500312805176,37400,0.0,0.0
1994-03-23 00:00:00-05:00,4.621473353678786,4.732388714167077,4.621473353678786,4.6954169273376465,63500,0.0,0.0
1994-03-24 00:00:00-05:00,4.6954166662125365,4.6954166662125365,4.621473096665882,4.658444881439209,46900,0.0,0.0
1994-03-25 00:00:00-05:00,4.6954166662125365,4.6954166662125365,4.584501311892555,4.658444881439209,39800,0.0,0.0
1994-03-28 00:00:00-05:00,4.621472358703613,4.658444137573242,4.547528800964356,4.621472358703613,55500,0.0,0.0
1994-03-29 00:00:00-05:00,4.547529609263444,4.584501394704611,4.399642467498779,4.399642467498779,97800,0.0,0.0
1994-03-30 00:00:00-05:00,4.3256988525390625,4.3626706376034985,4.288727067474626,4.3256988525390625,82100,0.0,0.0
1994-03-31 00:00:00-05:00,4.288724136352538,4.288724136352538,3.919006538391113,4.2517523765563965,124200,0.0,0.0
1994-04-04 00:00:00-04:00,4.14084125620074,4.1778130531311035,3.955982271548921,4.1778130531311035,595400,0.0,0.0
1994-04-05 00:00:00-04:00,4.140839969410616,4.399642467498779,4.140839969410616,4.399642467498779,70000,0.0,0.0
1994-04-06 00:00:00-04:00,4.362667655944824,4.362667655944824,4.2517523765563965,4.2517523765563965,43100,0.0,0.0
1994-04-07 00:00:00-04:00,4.288727760314941,4.325699551352139,4.251755969277744,4.288727760314941,47800,0.0,0.0
1994-04-08 00:00:00-04:00,4.2517523765563965,4.288724136352538,4.2517523765563965,4.2517523765563965,33900,0.0,0.0
1994-04-11 00:00:00-04:00,4.2517523765563965,4.2517523765563965,4.214780616760254,4.2517523765563965,16600,0.0,0.0
1994-04-12 00:00:00-04:00,4.288727067474626,4.3626706376034985,4.288727067474626,4.3256988525390625,16600,0.0,0.0
1994-04-13 00:00:00-04:00,4.325699551352139,4.325699551352139,4.214784178240546,4.288727760314941,23000,0.0,0.0
1994-04-14 00:00:00-04:00,4.2517523765563965,4.288724136352538,4.2517523765563965,4.2517523765563965,24700,0.0,0.0
1994-04-15 00:00:00-04:00,4.288724136352538,4.288724136352538,4.214780616760254,4.2517523765563965,8300,0.0,0.0
1994-04-18 00:00:00-04:00,4.2517523765563965,4.288724136352538,4.214780616760254,4.2517523765563965,39400,0.0,0.0
1994-04-19 00:00:00-04:00,4.214780616760254,4.2517523765563965,4.214780616760254,4.2517523765563965,16300,0.0,0.0
1994-04-20 00:00:00-04:00,4.288727760314941,4.325699551352139,4.288727760314941,4.288727760314941,40400,0.0,0.0
1994-04-21 00:00:00-04:00,4.251756880964551,4.251756880964551,4.1038696851049155,4.140841484069824,80000,0.0,0.0
1994-04-22 00:00:00-04:00,4.1038673802425985,4.21478271484375,4.1038673802425985,4.21478271484375,64900,0.0,0.0
1994-04-25 00:00:00-04:00,4.251754607184459,4.362669944763184,4.177811048798643,4.362669944763184,25400,0.0,0.0
1994-04-26 00:00:00-04:00,4.325699551352139,4.362671342389337,4.214784178240546,4.288727760314941,25100,0.0,0.0
1994-04-28 00:00:00-04:00,4.25175528241019,4.3256988525390625,4.25175528241019,4.3256988525390625,19300,0.0,0.0
1994-04-29 00:00:00-04:00,4.3256988525390625,4.3256988525390625,4.25175528241019,4.3256988525390625,27600,0.0,0.0
1994-05-02 00:00:00-04:00,4.2517523765563965,4.288724136352538,4.2517523765563965,4.2517523765563965,14600,0.0,0.0
1994-05-03 00:00:00-04:00,4.2147828279915505,4.362669944763184,4.2147828279915505,4.362669944763184,43300,0.0,0.0
1994-05-04 00:00:00-04:00,4.325696361064911,4.473583416144054,4.325696361064911,4.436611652374268,38900,0.0,0.0
1994-05-05 00:00:00-04:00,4.473583416144054,4.547526943683625,4.436611652374268,4.436611652374268,46600,0.0,0.0
1994-05-06 00:00:00-04:00,4.473586038381112,4.510557823822278,4.399642467498779,4.399642467498779,23600,0.0,0.0
1994-05-09 00:00:00-04:00,4.436614252939946,4.436614252939946,4.3626706820576135,4.399642467498779,31200,0.0,0.0
1994-05-10 00:00:00-04:00,4.436614296653054,4.5105578682639385,4.436614296653054,4.473586082458496,28100,0.0,0.0
1994-05-11 00:00:00-04:00,4.473586082458496,4.5105578682639385,4.436614296653054,4.473586082458496,22800,0.0,0.0
1994-05-12 00:00:00-04:00,4.473583416144054,4.473583416144054,4.436611652374268,4.436611652374268,41800,0.0,0.0
1994-05-13 00:00:00-04:00,4.399642467498779,4.436614252939946,4.3626706820576135,4.399642467498779,30500,0.0,0.0
1994-05-16 00:00:00-04:00,4.399641723956092,4.399641723956092,4.251754607184459,4.362669944763184,20400,0.0,0.0
1994-05-17 00:00:00-04:00,4.325698896616447,4.399642467498779,4.288727111175281,4.399642467498779,39700,0.0,0.0
1994-05-18 00:00:00-04:00,4.362668124834697,4.436611652374268,4.325696361064911,4.436611652374268,21100,0.0,0.0
1994-05-19 00:00:00-04:00,4.436611652374268,4.473583416144054,4.399639888604482,4.436611652374268,36800,0.0,0.0
1994-05-20 00:00:00-04:00,4.436614296653054,4.5105578682639385,4.436614296653054,4.473586082458496,28600,0.0,0.0
1994-05-23 00:00:00-04:00,4.436615021502385,4.510558605194092,4.436615021502385,4.510558605194092,42300,0.0,0.0
1994-05-24 00:00:00-04:00,4.473586813348239,4.584502188885798,4.473586813348239,4.510558605194092,30500,0.0,0.0
1994-05-25 00:00:00-04:00,4.547528536089005,4.621472089521347,4.510556759372834,4.584500312805176,24200,0.0,0.0
1994-05-26 00:00:00-04:00,4.621472089521347,4.621472089521347,4.547528536089005,4.584500312805176,14900,0.0,0.0
1994-05-27 00:00:00-04:00,4.547528800964356,4.658444137573242,4.547528800964356,4.621472358703613,25700,0.0,0.0
1994-05-31 00:00:00-04:00,4.658444969470684,4.843303896830633,4.658444969470684,4.806332111358643,212200,0.0,0.0
1994-06-01 00:00:00-04:00,4.843303940512917,4.917247512123802,4.843303940512917,4.880275726318359,116300,0.0,0.0
1994-06-02 00:00:00-04:00,4.880276905671331,4.954220495151199,4.769361521451528,4.8433051109313965,97200,0.0,0.0
1994-06-03 00:00:00-04:00,4.769359111785889,4.8433026639066,4.732387335725533,4.769359111785889,25400,0.0,0.0
1994-06-06 00:00:00-04:00,4.769359474182129,4.769359474182129,4.584500579833985,4.621472358703613,51800,0.0,0.0
1994-06-07 00:00:00-04:00,4.584501311892555,4.732388450985863,4.584501311892555,4.658444881439209,25200,0.0,0.0
1994-06-08 00:00:00-04:00,4.658444881439209,4.732388450985863,4.584501311892555,4.658444881439209,13400,0.0,0.0
1994-06-09 00:00:00-04:00,4.683926220863095,4.683926220863095,4.646454811096191,4.646454811096191,40700,0.21,0.0
1994-06-10 00:00:00-04:00,4.571511306459942,4.7213969230651855,4.571511306459942,4.7213969230651855,11600,0.0,0.0
1994-06-13 00:00:00-04:00,4.683926822693367,4.721398237274914,4.5715125789487265,4.608983993530273,11100,0.0,0.0
1994-06-14 00:00:00-04:00,4.6089807570449945,4.796337698388287,4.6089807570449945,4.758866310119629,16800,0.0,0.0
1994-06-15 00:00:00-04:00,4.758866310119629,4.796337698388287,4.758866310119629,4.758866310119629,27400,0.0,0.0
1994-06-16 00:00:00-04:00,4.758868109434843,4.796339511871338,4.721396706998348,4.796339511871338,26700,0.0,0.0
1994-06-17 00:00:00-04:00,4.796339731367808,4.796339731367808,4.683925518913875,4.7213969230651855,13500,0.0,0.0
1994-06-20 00:00:00-04:00,4.758865047454834,4.758865047454834,4.683922290802002,4.683922290802002,11800,0.0,0.0
1994-06-21 00:00:00-04:00,4.683926220863095,4.758869040396905,4.646454811096191,4.646454811096191,18300,0.0,0.0
1994-06-22 00:00:00-04:00,4.683924014451074,4.683924014451074,4.496567053873031,4.571509838104248,12000,0.0,0.0
1994-06-23 00:00:00-04:00,4.60897953414917,4.683922290802002,4.534036777496338,4.683922290802002,30100,0.0,0.0
1994-06-24 00:00:00-04:00,4.646453699789757,4.646453699789757,4.534039497375488,4.534039497375488,24400,0.0,0.0
1994-06-27 00:00:00-04:00,4.53403844598864,4.6089812302198565,4.53403844598864,4.571509838104248,10400,0.0,0.0
1994-06-28 00:00:00-04:00,4.571510898180245,4.646453699789757,4.534039497375488,4.534039497375488,20600,0.0,0.0
1994-06-29 00:00:00-04:00,4.5715125789487265,4.64645540811182,4.5715125789487265,4.608983993530273,9600,0.0,0.0
1994-06-30 00:00:00-04:00,4.646454811096191,4.683926220863095,4.6089834013292865,4.646454811096191,20600,0.0,0.0
1994-07-01 00:00:00-04:00,4.683922290802002,4.721393669128418,4.646450912475586,4.683922290802002,17300,0.0,0.0
1994-07-05 00:00:00-04:00,4.608983993530273,4.64645540811182,4.608983993530273,4.608983993530273,18600,0.0,0.0
1994-07-06 00:00:00-04:00,4.683926822693367,4.683926822693367,4.608983993530273,4.608983993530273,23700,0.0,0.0
1994-07-07 00:00:00-04:00,4.5715125789487265,4.64645540811182,4.5715125789487265,4.608983993530273,27900,0.0,0.0
1994-07-08 00:00:00-04:00,4.571510898180245,4.6089822989850004,4.534039497375488,4.534039497375488,28300,0.0,0.0
1994-07-11 00:00:00-04:00,4.4965691566467285,4.5715119759241745,4.4965691566467285,4.4965691566467285,21000,0.0,0.0
1994-07-12 00:00:00-04:00,4.496568096570733,4.571510898180245,4.496568096570733,4.534039497375488,23700,0.0,0.0
1994-07-13 00:00:00-04:00,4.53403844598864,4.6089812302198565,4.53403844598864,4.571509838104248,29100,0.0,0.0
1994-07-14 00:00:00-04:00,4.64645540811182,4.683926822693367,4.5715125789487265,4.608983993530273,15800,0.0,0.0
1994-07-15 00:00:00-04:00,4.571511991562382,4.646454811096191,4.571511991562382,4.646454811096191,17700,0.0,0.0
1994-07-18 00:00:00-04:00,4.571509838104248,4.646452622335465,4.571509838104248,4.571509838104248,28100,0.0,0.0
1994-07-19 00:00:00-04:00,4.5715125789487265,4.608983993530273,4.5715125789487265,4.608983993530273,28400,0.0,0.0
1994-07-20 00:00:00-04:00,4.571510898180245,4.571510898180245,4.534039497375488,4.534039497375488,18200,0.0,0.0
1994-07-21 00:00:00-04:00,4.6089822989850004,4.6089822989850004,4.534039497375488,4.534039497375488,24700,0.0,0.0
1994-07-22 00:00:00-04:00,4.534039497375488,4.571510898180245,4.534039497375488,4.534039497375488,16300,0.0,0.0
1994-07-25 00:00:00-04:00,4.534039497375488,4.571510898180245,4.534039497375488,4.534039497375488,13200,0.0,0.0
1994-07-26 00:00:00-04:00,4.53403844598864,4.6089812302198565,4.53403844598864,4.571509838104248,13900,0.0,0.0
1994-07-27 00:00:00-04:00,4.534039497375488,4.571510898180245,4.534039497375488,4.534039497375488,14500,0.0,0.0
1994-07-28 00:00:00-04:00,4.534039497375488,4.571510898180245,4.534039497375488,4.534039497375488,11400,0.0,0.0
1994-07-29 00:00:00-04:00,4.534039497375488,4.6089822989850004,4.534039497375488,4.534039497375488,15300,0.0,0.0
1994-08-01 00:00:00-04:00,4.534039497375488,4.571510898180245,4.534039497375488,4.534039497375488,18400,0.0,0.0
1994-08-02 00:00:00-04:00,4.5340405662854515,4.5715119759241745,4.4965691566467285,4.4965691566467285,19800,0.0,0.0
1994-08-03 00:00:00-04:00,4.4965691566467285,4.5340405662854515,4.4965691566467285,4.4965691566467285,16400,0.0,0.0
1994-08-04 00:00:00-04:00,4.496568096570733,4.534039497375488,4.496568096570733,4.534039497375488,23800,0.0,0.0
1994-08-05 00:00:00-04:00,4.4965691566467285,4.5340405662854515,4.4965691566467285,4.4965691566467285,14100,0.0,0.0
1994-08-08 00:00:00-04:00,4.4965691566467285,4.5340405662854515,4.4965691566467285,4.4965691566467285,27900,0.0,0.0
1994-08-09 00:00:00-04:00,4.4965691566467285,4.4965691566467285,4.4590977470080055,4.4965691566467285,46400,0.0,0.0
1994-08-10 00:00:00-04:00,4.4965691566467285,4.5340405662854515,4.4216263373692835,4.4965691566467285,10100,0.0,0.0
1994-08-11 00:00:00-04:00,4.4965659965903075,4.4965659965903075,4.384151846675549,4.421623229980469,27900,0.0,0.0
1994-08-12 00:00:00-04:00,4.2717406988143924,4.4965691566467285,4.2717406988143924,4.4965691566467285,66300,0.0,0.0
1994-08-15 00:00:00-04:00,4.4216252949612205,4.534039497375488,4.384153894156464,4.534039497375488,39400,0.0,0.0
1994-08-16 00:00:00-04:00,4.496566387785583,4.496566387785583,4.459095001220703,4.459095001220703,23800,0.0,0.0
1994-08-17 00:00:00-04:00,4.459095001220703,4.496566387785583,4.421623614655823,4.459095001220703,18600,0.0,0.0
1994-08-18 00:00:00-04:00,4.459095001220703,4.534037774350463,4.421623614655823,4.459095001220703,18700,0.0,0.0
1994-08-19 00:00:00-04:00,4.421623229980469,4.459094613285388,4.421623229980469,4.421623229980469,16200,0.0,0.0
1994-08-22 00:00:00-04:00,4.421623229980469,4.421623229980469,4.384151846675549,4.421623229980469,21700,0.0,0.0
1994-08-23 00:00:00-04:00,4.421626205118293,4.421626205118293,4.384154796600342,4.384154796600342,11200,0.0,0.0
1994-08-24 00:00:00-04:00,4.384154796600342,4.421626205118293,4.34668338808239,4.384154796600342,24000,0.0,0.0
1994-08-25 00:00:00-04:00,4.421623229980469,4.459094613285388,4.421623229980469,4.421623229980469,48500,0.0,0.0
1994-08-26 00:00:00-04:00,4.421623229980469,4.421623229980469,4.421623229980469,4.421623229980469,15100,0.0,0.0
1994-08-29 00:00:00-04:00,4.421623229980469,4.459094613285388,4.421623229980469,4.421623229980469,19500,0.0,0.0
1994-08-30 00:00:00-04:00,4.384153894156464,4.534039497375488,4.384153894156464,4.534039497375488,37800,0.0,0.0
1994-08-31 00:00:00-04:00,4.4965691566467285,4.5340405662854515,4.4965691566467285,4.4965691566467285,15500,0.0,0.0
1994-09-01 00:00:00-04:00,4.4965691566467285,4.5340405662854515,4.4965691566467285,4.4965691566467285,16100,0.0,0.0
1994-09-02 00:00:00-04:00,4.496568096570733,4.534039497375488,4.496568096570733,4.534039497375488,9100,0.0,0.0
1994-09-06 00:00:00-04:00,4.4965691566467285,4.4965691566467285,4.4965691566467285,4.4965691566467285,11000,0.0,0.0
1994-09-07 00:00:00-04:00,4.4965691566467285,4.4965691566467285,4.4965691566467285,4.4965691566467285,7700,0.0,0.0
1994-09-08 00:00:00-04:00,4.4965691566467285,4.5340405662854515,4.4965691566467285,4.4965691566467285,25800,0.0,0.0
1994-09-09 00:00:00-04:00,4.484404563903809,4.522407992411468,4.484404563903809,4.484404563903809,26100,0.21,0.0
1994-09-12 00:00:00-04:00,4.484404563903809,4.522407992411468,4.484404563903809,4.484404563903809,17200,0.0,0.0
1994-09-13 00:00:00-04:00,4.484404563903809,4.522407992411468,4.484404563903809,4.484404563903809,44000,0.0,0.0
1994-09-14 00:00:00-04:00,4.446401135396149,4.560411420919127,4.446401135396149,4.484404563903809,26700,0.0,0.0
1994-09-15 00:00:00-04:00,4.48440600236257,4.598416324456533,4.48440600236257,4.560412883758545,32400,0.0,0.0
1994-09-16 00:00:00-04:00,4.598416320416106,4.598416320416106,4.522409439086914,4.522409439086914,12200,0.0,0.0
1994-09-19 00:00:00-04:00,4.484404563903809,4.522407992411468,4.484404563903809,4.484404563903809,24600,0.0,0.0
1994-09-20 00:00:00-04:00,4.484405998422319,4.56041287975151,4.484405998422319,4.522409439086914,9800,0.0,0.0
1994-09-21 00:00:00-04:00,4.522409439086914,4.56041287975151,4.522409439086914,4.522409439086914,23100,0.0,0.0
1994-09-22 00:00:00-04:00,4.522409439086914,4.522409439086914,4.484405998422319,4.522409439086914,40900,0.0,0.0
1994-09-23 00:00:00-04:00,4.522410400912293,4.522410400912293,4.446403503417969,4.446403503417969,55000,0.0,0.0
1994-09-26 00:00:00-04:00,4.446402557757723,4.522409439086914,4.446402557757723,4.522409439086914,14200,0.0,0.0
1994-09-27 00:00:00-04:00,4.484408331311439,4.598418712615967,4.484408331311439,4.598418712615967,34100,0.0,0.0
1994-09-28 00:00:00-04:00,4.598418712615967,4.598418712615967,4.560415252181124,4.598418712615967,31000,0.0,0.0
1994-09-29 00:00:00-04:00,4.56041287975151,4.56041287975151,4.522409439086914,4.522409439086914,9700,0.0,0.0
1994-09-30 00:00:00-04:00,4.560412883758545,4.560412883758545,4.4464025616645815,4.560412883758545,29600,0.0,0.0
1994-10-03 00:00:00-04:00,4.522407992411468,4.560411420919127,4.484404563903809,4.484404563903809,12300,0.0,0.0
1994-10-04 00:00:00-04:00,4.484405981976053,4.484405981976053,4.370395660400391,4.370395660400391,23500,0.0,0.0
1994-10-05 00:00:00-04:00,4.2563848579879355,4.370395166684041,4.2563848579879355,4.294388294219971,42900,0.0,0.0
1994-10-06 00:00:00-04:00,4.256387208637439,4.408401037517347,4.256387208637439,4.332394123077393,12900,0.0,0.0
1994-10-07 00:00:00-04:00,4.408399100925612,4.408399100925612,4.33239221987517,4.370395660400391,48600,0.0,0.0
1994-10-10 00:00:00-04:00,4.33239221987517,4.408399100925612,4.33239221987517,4.370395660400391,33400,0.0,0.0
1994-10-11 00:00:00-04:00,4.370395660400391,4.408399100925612,4.370395660400391,4.370395660400391,11400,0.0,0.0
1994-10-12 00:00:00-04:00,4.332394123077393,4.408401037517347,4.294390665857416,4.332394123077393,55600,0.0,0.0
1994-10-13 00:00:00-04:00,4.332393161181746,4.408400058746338,4.332393161181746,4.408400058746338,51600,0.0,0.0
1994-10-14 00:00:00-04:00,4.408399100925612,4.408399100925612,4.33239221987517,4.370395660400391,19800,0.0,0.0
1994-10-17 00:00:00-04:00,4.408399100925612,4.408399100925612,4.370395660400391,4.370395660400391,19000,0.0,0.0
1994-10-18 00:00:00-04:00,4.4083991170931265,4.522409439086914,4.4083991170931265,4.522409439086914,56400,0.0,0.0
1994-10-19 00:00:00-04:00,4.484404563903809,4.560411420919127,4.484404563903809,4.484404563903809,11500,0.0,0.0
1994-10-20 00:00:00-04:00,4.5224104050932254,4.560413853875522,4.3703966099640414,4.408400058746338,19800,0.0,0.0
1994-10-21 00:00:00-04:00,4.408400058746338,4.48440695631093,4.408400058746338,4.408400058746338,32600,0.0,0.0
1994-10-24 00:00:00-04:00,4.446403503417969,4.484406952165131,4.446403503417969,4.446403503417969,23300,0.0,0.0
1994-10-25 00:00:00-04:00,4.446401135396149,4.522407992411468,4.446401135396149,4.484404563903809,21200,0.0,0.0
1994-10-26 00:00:00-04:00,4.446401135396149,4.484404563903809,4.40839770688849,4.484404563903809,37500,0.0,0.0
1994-10-27 00:00:00-04:00,4.4464035075286334,4.4464035075286334,4.408400058746338,4.408400058746338,18500,0.0,0.0
1994-10-28 00:00:00-04:00,4.408399100925612,4.446402541450833,4.370395660400391,4.370395660400391,20500,0.0,0.0
1994-10-31 00:00:00-05:00,4.332391730452006,4.370395166684041,4.294388294219971,4.294388294219971,27600,0.0,0.0
1994-11-01 00:00:00-05:00,4.294388294219971,4.408398602916075,4.294388294219971,4.294388294219971,29700,0.0,0.0
1994-11-02 00:00:00-05:00,4.294390665857416,4.408401037517347,4.294390665857416,4.332394123077393,46500,0.0,0.0
1994-11-03 00:00:00-05:00,4.29438877934995,4.408399100925612,4.29438877934995,4.370395660400391,16400,0.0,0.0
1994-11-04 00:00:00-05:00,4.370395660400391,4.446402541450833,4.370395660400391,4.370395660400391,72500,0.0,0.0
1994-11-07 00:00:00-05:00,4.37039758029737,4.408401037517347,4.332394123077393,4.332394123077393,26100,0.0,0.0
1994-11-08 00:00:00-05:00,4.33239221987517,4.408399100925612,4.33239221987517,4.370395660400391,19700,0.0,0.0
1994-11-09 00:00:00-05:00,4.408399100925612,4.408399100925612,4.33239221987517,4.370395660400391,37500,0.0,0.0
1994-11-10 00:00:00-05:00,4.370395166684041,4.408398602916075,4.294388294219971,4.294388294219971,60600,0.0,0.0
1994-11-11 00:00:00-05:00,4.332391223391971,4.332391223391971,4.180377496255411,4.218380928039551,84700,0.0,0.0
1994-11-14 00:00:00-05:00,4.1803774568769665,4.218380888303121,4.104370594024658,4.104370594024658,55300,0.0,0.0
1994-11-15 00:00:00-05:00,4.066366757665362,4.256383895874023,4.066366757665362,4.256383895874023,108100,0.0,0.0
1994-11-16 00:00:00-05:00,4.256384359823691,4.256384359823691,4.218380928039551,4.218380928039551,13100,0.0,0.0
1994-11-17 00:00:00-05:00,4.1803774568769665,4.218380888303121,4.066367162598504,4.104370594024658,87600,0.0,0.0
1994-11-18 00:00:00-05:00,4.104370594024658,4.104370594024658,4.066367162598504,4.104370594024658,1254800,0.0,0.0
1994-11-21 00:00:00-05:00,4.066367162598504,4.142374025450812,3.9713585840331183,4.104370594024658,255800,0.0,0.0
1994-11-22 00:00:00-05:00,4.066366672515869,4.142373526207755,4.066366672515869,4.066366672515869,208100,0.0,0.0
1994-11-23 00:00:00-05:00,4.104370099361812,4.123371812784783,4.066366672515869,4.066366672515869,133900,0.0,0.0
1994-11-25 00:00:00-05:00,4.104370099361812,4.104370099361812,4.066366672515869,4.066366672515869,12800,0.0,0.0
1994-11-28 00:00:00-05:00,4.104370594024658,4.104370594024658,4.066367162598504,4.104370594024658,42300,0.0,0.0
1994-11-29 00:00:00-05:00,4.066367162598504,4.104370594024658,4.066367162598504,4.104370594024658,43700,0.0,0.0
1994-11-30 00:00:00-05:00,4.104370594024658,4.142374025450812,4.104370594024658,4.104370594024658,56800,0.0,0.0
1994-12-01 00:00:00-05:00,4.104370594024658,4.142374025450812,4.104370594024658,4.104370594024658,80100,0.0,0.0
1994-12-02 00:00:00-05:00,4.104371538702047,4.104371538702047,4.028364658355713,4.028364658355713,69800,0.0,0.0
1994-12-05 00:00:00-05:00,4.06636809852888,4.104371538702047,4.028364658355713,4.028364658355713,34200,0.0,0.0
1994-12-06 00:00:00-05:00,4.028362816626872,4.180376507820339,4.028362816626872,4.142373085021973,54900,0.0,0.0
1994-12-07 00:00:00-05:00,4.142374025450812,4.142374025450812,4.104370594024658,4.104370594024658,60100,0.0,0.0
1994-12-08 00:00:00-05:00,4.104370594024658,4.104370594024658,4.066367162598504,4.104370594024658,73900,0.0,0.0
1994-12-09 00:00:00-05:00,4.017833092099144,4.056466102600098,4.017833092099144,4.056466102600098,99300,0.22,0.0
1994-12-12 00:00:00-05:00,4.056466102600098,4.095099113101051,4.056466102600098,4.056466102600098,14300,0.0,0.0
1994-12-13 00:00:00-05:00,4.017833092099144,4.095099113101051,4.017833092099144,4.056466102600098,36000,0.0,0.0
1994-12-14 00:00:00-05:00,4.017832354964497,4.133731365203857,4.017832354964497,4.133731365203857,64500,0.0,0.0
1994-12-15 00:00:00-05:00,4.172365188598633,4.172365188598633,4.095099166587547,4.172365188598633,69600,0.0,0.0
1994-12-16 00:00:00-05:00,4.172364368616978,4.172364368616978,4.133731365203857,4.133731365203857,77900,0.0,0.0
1994-12-19 00:00:00-05:00,4.095097064971924,4.172363047329885,4.056464073792943,4.095097064971924,37200,0.0,0.0
1994-12-20 00:00:00-05:00,4.056466155582004,4.172365188598633,4.056466155582004,4.172365188598633,89300,0.0,0.0
1994-12-21 00:00:00-05:00,4.210998392105103,4.288264417648316,4.210998392105103,4.249631404876709,90700,0.0,0.0
1994-12-22 00:00:00-05:00,4.249631068028441,4.249631068028441,4.133732038900392,4.210998058319092,34200,0.0,0.0
1994-12-23 00:00:00-05:00,4.172365379333496,4.249631404876709,4.172365379333496,4.249631404876709,35000,0.0,0.0
1994-12-27 00:00:00-05:00,4.210997372030097,4.249630375443218,4.133731365203857,4.133731365203857,37800,0.0,0.0
1994-12-28 00:00:00-05:00,4.13373217759309,4.210998199604176,4.13373217759309,4.172365188598633,25100,0.0,0.0
1994-12-29 00:00:00-05:00,4.210998058319092,4.210998058319092,4.172365048609742,4.210998058319092,40400,0.0,0.0
1994-12-30 00:00:00-05:00,4.172367842301079,4.442799091339111,4.172367842301079,4.442799091339111,85500,0.0,0.0
1995-01-03 00:00:00-05:00,4.44279700253917,4.44279700253917,4.326897950299018,4.365530967712402,52500,0.0,0.0
1995-01-04 00:00:00-05:00,4.365531766623781,4.404164791107178,4.3268987421403855,4.404164791107178,31900,0.0,0.0
1995-01-05 00:00:00-05:00,4.404163455963135,4.404163455963135,4.210998392105103,4.249631404876709,19500,0.0,0.0
1995-01-06 00:00:00-05:00,4.210998058319092,4.210998058319092,4.172365048609742,4.210998058319092,24300,0.0,0.0
1995-01-09 00:00:00-05:00,4.230314757372882,4.288264274597168,4.172365240148595,4.288264274597168,59100,0.0,0.0
1995-01-10 00:00:00-05:00,4.249631404876709,4.288264417648316,4.210998392105103,4.249631404876709,34500,0.0,0.0
1995-01-11 00:00:00-05:00,4.326897950299018,4.365530967712402,4.326897950299018,4.365530967712402,54200,0.0,0.0
1995-01-12 00:00:00-05:00,4.365530967712402,4.481430019952555,4.365530967712402,4.365530967712402,46900,0.0,0.0
1995-01-13 00:00:00-05:00,4.40416605576225,4.481432126915974,4.40416605576225,4.442799091339111,26500,0.0,0.0
1995-01-16 00:00:00-05:00,4.442799091339111,4.520065162492835,4.40416605576225,4.442799091339111,25800,0.0,0.0
1995-01-17 00:00:00-05:00,4.44279700253917,4.481430019952555,4.326897950299018,4.365530967712402,32300,0.0,0.0
1995-01-18 00:00:00-05:00,4.3655302975628825,4.3655302975628825,4.249631263114311,4.288264274597168,50900,0.0,0.0
1995-01-19 00:00:00-05:00,4.288264274597168,4.326897286080025,4.249631263114311,4.288264274597168,64100,0.0,0.0
1995-01-20 00:00:00-05:00,4.249631404876709,4.288264417648316,4.210998392105103,4.249631404876709,16200,0.0,0.0
1995-01-23 00:00:00-05:00,4.249631404876709,4.288264417648316,4.249631404876709,4.249631404876709,51700,0.0,0.0
1995-01-24 00:00:00-05:00,4.249631404876709,4.288264417648316,4.249631404876709,4.249631404876709,24700,0.0,0.0
1995-01-25 00:00:00-05:00,4.249631592205592,4.365530635629381,4.249631592205592,4.326897621154785,25900,0.0,0.0
1995-01-26 00:00:00-05:00,4.365530967712402,4.365530967712402,4.326897950299018,4.365530967712402,23900,0.0,0.0
1995-01-27 00:00:00-05:00,4.326897286080025,4.3655302975628825,4.249631263114311,4.288264274597168,21200,0.0,0.0
1995-01-30 00:00:00-05:00,4.365530967712402,4.365530967712402,4.326897950299018,4.365530967712402,26100,0.0,0.0
1995-01-31 00:00:00-05:00,4.365530635629381,4.404163650103977,4.326897621154785,4.326897621154785,21600,0.0,0.0
1995-02-01 00:00:00-05:00,4.326897621154785,4.365530635629381,4.326897621154785,4.326897621154785,16400,0.0,0.0
1995-02-02 00:00:00-05:00,4.326897950299018,4.365530967712402,4.326897950299018,4.365530967712402,32000,0.0,0.0
1995-02-03 00:00:00-05:00,4.365530635629381,4.365530635629381,4.326897621154785,4.326897621154785,27300,0.0,0.0
1995-02-06 00:00:00-05:00,4.3268987421403855,4.442797815590574,4.3268987421403855,4.404164791107178,66100,0.0,0.0
1995-02-07 00:00:00-05:00,4.40416605576225,4.442799091339111,4.40416605576225,4.442799091339111,39900,0.0,0.0
1995-02-08 00:00:00-05:00,4.442799091339111,4.442799091339111,4.40416605576225,4.442799091339111,62300,0.0,0.0
1995-02-09 00:00:00-05:00,4.442797815590574,4.481430840073971,4.404164791107178,4.404164791107178,17700,0.0,0.0
1995-02-10 00:00:00-05:00,4.442795617827054,4.481428623199463,4.442795617827054,4.481428623199463,24300,0.0,0.0
1995-02-13 00:00:00-05:00,4.4427978279244185,4.520063877105713,4.4427978279244185,4.520063877105713,33700,0.0,0.0
1995-02-14 00:00:00-05:00,4.55869690169636,4.55869690169636,4.4427978279244185,4.520063877105713,19500,0.0,0.0
1995-02-15 00:00:00-05:00,4.52006310374797,4.597329139709473,4.481430085767218,4.597329139709473,56300,0.0,0.0
1995-02-16 00:00:00-05:00,4.59732763931669,4.59732763931669,4.442795617827054,4.481428623199463,47900,0.0,0.0
1995-02-17 00:00:00-05:00,4.472017765045166,4.511245991054334,4.393561313026829,4.472017765045166,86800,0.22,0.0
1995-02-21 00:00:00-05:00,4.511244523114172,4.550472736358643,4.472016309869701,4.550472736358643,18200,0.0,0.0
1995-02-22 00:00:00-05:00,4.550472712112685,4.628929138183594,4.511244499077232,4.628929138183594,25100,0.0,0.0
1995-02-23 00:00:00-05:00,4.668156636066926,4.668156636066926,4.550472014989609,4.589700222015381,97200,0.0,0.0
1995-02-24 00:00:00-05:00,4.628928429041154,4.628928429041154,4.550472014989609,4.589700222015381,34900,0.0,0.0
1995-02-27 00:00:00-05:00,4.58970092514814,4.668157351219048,4.58970092514814,4.628929138183594,28700,0.0,0.0
1995-02-28 00:00:00-05:00,4.628929138183594,4.628929138183594,4.550472712112685,4.628929138183594,99000,0.0,0.0
1995-03-01 00:00:00-05:00,4.58970092514814,4.668157351219048,4.58970092514814,4.628929138183594,34100,0.0,0.0
1995-03-02 00:00:00-05:00,4.589700209994277,4.668156623840332,4.550472003071248,4.668156623840332,35100,0.0,0.0
1995-03-03 00:00:00-05:00,4.707384830763361,4.746613037686388,4.628928416917304,4.668156623840332,91200,0.0,0.0
1995-03-06 00:00:00-05:00,4.746613272031148,4.78584148089091,4.668156854311625,4.707385063171387,42700,0.0,0.0
1995-03-07 00:00:00-05:00,4.668156854311625,4.707385063171387,4.628928645451864,4.707385063171387,34800,0.0,0.0
1995-03-08 00:00:00-05:00,4.707385063171387,4.707385063171387,4.628928645451864,4.707385063171387,25000,0.0,0.0
1995-03-09 00:00:00-05:00,4.668156854311625,4.707385063171387,4.668156854311625,4.707385063171387,30300,0.0,0.0
1995-03-10 00:00:00-05:00,4.7073852725145295,4.86429811493168,4.668157061910241,4.825069904327393,90500,0.0,0.0
1995-03-13 00:00:00-05:00,4.90352415269421,4.90352415269421,4.825067766251102,4.864295959472656,82000,0.0,0.0
1995-03-14 00:00:00-05:00,4.903527865043054,5.099668979644775,4.864299642122709,5.099668979644775,190400,0.0,0.0
1995-03-15 00:00:00-05:00,5.060439512464736,5.335037005389179,5.060439512464736,5.295808792114258,430500,0.0,0.0
1995-03-16 00:00:00-05:00,5.295808792114258,5.3742652186641,5.295808792114258,5.295808792114258,438300,0.0,0.0
1995-03-17 00:00:00-05:00,5.295808069846209,5.335036277770996,5.295808069846209,5.335036277770996,112100,0.0,0.0
1995-03-20 00:00:00-05:00,5.295809561556036,5.374265999505014,5.09966846668359,5.178124904632568,278500,0.0,0.0
1995-03-21 00:00:00-05:00,5.099668979644775,5.099668979644775,5.0212125338040865,5.099668979644775,98100,0.0,0.0
1995-03-22 00:00:00-05:00,5.060438622045153,5.2173514475349245,5.060438622045153,5.138895034790039,55500,0.0,0.0
1995-03-23 00:00:00-05:00,5.1388961841811,5.2958090447667825,5.1388961841811,5.256580829620361,66000,0.0,0.0
1995-03-24 00:00:00-05:00,5.217352365564418,5.295808792114258,5.178124152289497,5.295808792114258,289000,0.0,0.0
1995-03-27 00:00:00-05:00,5.256580578839338,5.295808792114258,5.217352365564418,5.295808792114258,184800,0.0,0.0
1995-03-28 00:00:00-05:00,5.295808792114258,5.335037005389179,5.256580578839338,5.295808792114258,112800,0.0,0.0
1995-03-29 00:00:00-05:00,5.335037005389179,5.335037005389179,5.256580578839338,5.295808792114258,40800,0.0,0.0
1995-03-30 00:00:00-05:00,5.295808792114258,5.295808792114258,5.256580578839338,5.295808792114258,72800,0.0,0.0
1995-03-31 00:00:00-05:00,5.295808069846209,5.335036277770996,5.178123446071849,5.335036277770996,65900,0.0,0.0
1995-04-03 00:00:00-04:00,5.335037005389179,5.335037005389179,5.256580578839338,5.295808792114258,23900,0.0,0.0
1995-04-04 00:00:00-04:00,5.256580578839338,5.295808792114258,5.256580578839338,5.295808792114258,62700,0.0,0.0
1995-04-05 00:00:00-04:00,5.295808069846209,5.335036277770996,5.295808069846209,5.335036277770996,67100,0.0,0.0
1995-04-06 00:00:00-04:00,5.335036034131572,5.374264240264893,5.335036034131572,5.374264240264893,54200,0.0,0.0
1995-04-07 00:00:00-04:00,5.374265999505014,5.374265999505014,5.09966846668359,5.178124904632568,68300,0.0,0.0
1995-04-10 00:00:00-04:00,5.178123230324652,5.256579642905329,5.178123230324652,5.21735143661499,26500,0.0,0.0
1995-04-11 00:00:00-04:00,5.217353123607057,5.217353123607057,5.138896685658079,5.178124904632568,68600,0.0,0.0
1995-04-12 00:00:00-04:00,5.178123241162481,5.2173514475349245,5.138895034790039,5.138895034790039,26400,0.0,0.0
1995-04-13 00:00:00-04:00,5.178123241162481,5.178123241162481,5.138895034790039,5.138895034790039,23800,0.0,0.0
1995-04-17 00:00:00-04:00,5.138896685658079,5.217353123607057,5.138896685658079,5.178124904632568,51900,0.0,0.0
1995-04-18 00:00:00-04:00,5.09966846668359,5.178124904632568,5.09966846668359,5.178124904632568,29500,0.0,0.0
1995-04-19 00:00:00-04:00,5.099666602909565,5.099666602909565,5.021210193634033,5.021210193634033,48700,0.0,0.0
1995-04-20 00:00:00-04:00,4.981983661651611,5.060440097268172,4.942755443843331,4.981983661651611,44500,0.0,0.0
1995-04-21 00:00:00-04:00,4.942755443843331,5.021211879459892,4.942755443843331,4.981983661651611,28100,0.0,0.0
1995-04-24 00:00:00-04:00,4.981981988996267,5.138894807547331,4.981981988996267,5.021210193634033,16800,0.0,0.0
1995-04-25 00:00:00-04:00,5.0604407567244305,5.099668979644775,5.0212125338040865,5.099668979644775,16000,0.0,0.0
1995-04-26 00:00:00-04:00,5.060438622045153,5.138895034790039,5.0212104156727095,5.138895034790039,39000,0.0,0.0
1995-04-27 00:00:00-04:00,5.060438398271799,5.099666602909565,5.021210193634033,5.021210193634033,15000,0.0,0.0
1995-04-28 00:00:00-04:00,5.099667319955752,5.099667319955752,5.02121089964874,5.060439109802246,12300,0.0,0.0
1995-05-01 00:00:00-04:00,5.02121089964874,5.099667319955752,5.02121089964874,5.060439109802246,21500,0.0,0.0
1995-05-02 00:00:00-04:00,5.099666828417596,5.138895034790039,5.099666828417596,5.138895034790039,20600,0.0,0.0
1995-05-03 00:00:00-04:00,5.099667319955752,5.138895530109258,5.060439109802246,5.060439109802246,34300,0.0,0.0
1995-05-04 00:00:00-04:00,5.060439109802246,5.099667319955752,5.060439109802246,5.060439109802246,28800,0.0,0.0
1995-05-05 00:00:00-04:00,5.060439109802246,5.099667319955752,5.060439109802246,5.060439109802246,14500,0.0,0.0
1995-05-08 00:00:00-04:00,5.099666828417596,5.178123241162481,5.060438622045153,5.138895034790039,30800,0.0,0.0
1995-05-09 00:00:00-04:00,5.138895034790039,5.256579653907368,5.099666828417596,5.138895034790039,118500,0.0,0.0
1995-05-10 00:00:00-04:00,5.09966846668359,5.178124904632568,5.09966846668359,5.178124904632568,44500,0.0,0.0
1995-05-11 00:00:00-04:00,5.138897202565119,5.178125425485464,5.099668979644775,5.099668979644775,16800,0.0,0.0
1995-05-12 00:00:00-04:00,5.099666828417596,5.178123241162481,5.099666828417596,5.138895034790039,53500,0.0,0.0
1995-05-15 00:00:00-04:00,5.099668979644775,5.138897202565119,5.099668979644775,5.099668979644775,21700,0.0,0.0
1995-05-16 00:00:00-04:00,5.099666602909565,5.099666602909565,5.021210193634033,5.021210193634033,29300,0.0,0.0
1995-05-17 00:00:00-04:00,5.021211879459892,5.021211879459892,4.942755443843331,4.981983661651611,20900,0.0,0.0
1995-05-18 00:00:00-04:00,5.021210957348831,5.021210957348831,4.825069904327393,4.825069904327393,46600,0.0,0.0
1995-05-19 00:00:00-04:00,4.825069904327393,4.86429811493168,4.825069904327393,4.825069904327393,31100,0.0,0.0
1995-05-22 00:00:00-04:00,4.82507079041849,4.981983661651611,4.78584257261021,4.981983661651611,120400,0.0,0.0
1995-05-23 00:00:00-04:00,4.942755443843331,4.981983661651611,4.903527226035051,4.981983661651611,81200,0.0,0.0
1995-05-24 00:00:00-04:00,4.981983661651611,5.021211879459892,4.942755443843331,4.981983661651611,1831100,0.0,0.0
1995-05-25 00:00:00-04:00,4.981983661651611,5.021211879459892,4.981983661651611,4.981983661651611,322800,0.0,0.0
1995-05-26 00:00:00-04:00,4.981983661651611,5.021211879459892,4.942755443843331,4.981983661651611,288300,0.0,0.0
1995-05-30 00:00:00-04:00,5.021211654420883,5.021211654420883,4.942755222320557,4.942755222320557,209700,0.0,0.0
1995-05-31 00:00:00-04:00,4.942755443843331,4.981983661651611,4.942755443843331,4.981983661651611,106200,0.0,0.0
1995-06-01 00:00:00-04:00,4.98198343837072,4.98198343837072,4.942755222320557,4.942755222320557,93500,0.0,0.0
1995-06-02 00:00:00-04:00,4.942753784358501,5.021210193634033,4.9035255797207355,5.021210193634033,203200,0.0,0.0
1995-06-05 00:00:00-04:00,5.021210193634033,5.060438398271799,5.021210193634033,5.021210193634033,198900,0.0,0.0
1995-06-06 00:00:00-04:00,5.021210193634033,5.060438398271799,5.021210193634033,5.021210193634033,172100,0.0,0.0
1995-06-07 00:00:00-04:00,5.021210193634033,5.060438398271799,5.021210193634033,5.021210193634033,64800,0.0,0.0
1995-06-08 00:00:00-04:00,5.0212125338040865,5.099668979644775,5.0212125338040865,5.099668979644775,217800,0.0,0.0
1995-06-09 00:00:00-04:00,5.099666828417596,5.178123241162481,5.099666828417596,5.138895034790039,166500,0.0,0.0
1995-06-12 00:00:00-04:00,5.138896685658079,5.217353123607057,5.09966846668359,5.178124904632568,136300,0.0,0.0
1995-06-13 00:00:00-04:00,5.168579678202785,5.248096288636674,5.12882137298584,5.12882137298584,141500,0.22,0.0
1995-06-14 00:00:00-04:00,5.208338737487793,5.2480970484609815,5.168580426514604,5.208338737487793,118800,0.0,0.0
1995-06-15 00:00:00-04:00,5.208338632728114,5.248096942901611,5.208338632728114,5.248096942901611,177800,0.0,0.0
1995-06-16 00:00:00-04:00,5.248096288636674,5.248096288636674,5.12882137298584,5.12882137298584,60100,0.0,0.0
1995-06-19 00:00:00-04:00,5.12882222028879,5.168580532073975,5.12882222028879,5.168580532073975,63800,0.0,0.0
1995-06-20 00:00:00-04:00,5.128824481813927,5.168582811130314,5.009549493864766,5.049307823181152,61900,0.0,0.0
1995-06-21 00:00:00-04:00,5.049306754022837,5.089065074920654,5.049306754022837,5.089065074920654,67700,0.0,0.0
1995-06-22 00:00:00-04:00,5.089063067768896,5.12882137298584,5.009546457335007,5.12882137298584,81300,0.0,0.0
1995-06-23 00:00:00-04:00,5.089063067768896,5.12882137298584,5.049304762551952,5.12882137298584,72900,0.0,0.0
1995-06-26 00:00:00-04:00,5.12882201238112,5.248096942901611,5.12882201238112,5.248096942901611,282900,0.0,0.0
1995-06-27 00:00:00-04:00,5.248099205189181,5.3276158598132595,5.248099205189181,5.287857532501221,239800,0.0,0.0
1995-06-28 00:00:00-04:00,5.287855253075108,5.3276135632486055,5.248096942901611,5.248096942901611,68800,0.0,0.0
1995-06-29 00:00:00-04:00,5.248096942901611,5.3276135632486055,5.248096942901611,5.248096942901611,126600,0.0,0.0
1995-06-30 00:00:00-04:00,5.2480970484609815,5.2480970484609815,5.168580426514604,5.208338737487793,47500,0.0,0.0
1995-07-03 00:00:00-04:00,5.248096942901611,5.287855253075108,5.248096942901611,5.248096942901611,14600,0.0,0.0
1995-07-05 00:00:00-04:00,5.287857532501221,5.3276158598132595,5.287857532501221,5.287857532501221,64900,0.0,0.0
1995-07-06 00:00:00-04:00,5.327615737915039,5.327615737915039,5.287857411512688,5.327615737915039,66900,0.0,0.0
1995-07-07 00:00:00-04:00,5.287857411512688,5.36737406431739,5.248099085110337,5.327615737915039,94800,0.0,0.0
1995-07-10 00:00:00-04:00,5.2480970484609815,5.32761367040736,5.208338737487793,5.208338737487793,55000,0.0,0.0
1995-07-11 00:00:00-04:00,5.208340877877142,5.287857532501221,5.208340877877142,5.287857532501221,51600,0.0,0.0
1995-07-12 00:00:00-04:00,5.248096942901611,5.3276135632486055,5.248096942901611,5.248096942901611,47800,0.0,0.0
1995-07-13 00:00:00-04:00,5.287857532501221,5.3276158598132595,5.248099205189181,5.287857532501221,44200,0.0,0.0
1995-07-14 00:00:00-04:00,5.3276158598132595,5.3276158598132595,5.208340877877142,5.287857532501221,62100,0.0,0.0
1995-07-17 00:00:00-04:00,5.248096942901611,5.287855253075108,5.208338632728114,5.248096942901611,35900,0.0,0.0
1995-07-18 00:00:00-04:00,5.287857532501221,5.287857532501221,5.248099205189181,5.287857532501221,41400,0.0,0.0
1995-07-19 00:00:00-04:00,5.248096942901611,5.287855253075108,5.248096942901611,5.248096942901611,54200,0.0,0.0
1995-07-20 00:00:00-04:00,5.248096942901611,5.287855253075108,5.248096942901611,5.248096942901611,58900,0.0,0.0
1995-07-21 00:00:00-04:00,5.248096942901611,5.287855253075108,5.248096942901611,5.248096942901611,26600,0.0,0.0
1995-07-24 00:00:00-04:00,5.287855253075108,5.287855253075108,5.248096942901611,5.248096942901611,28600,0.0,0.0
1995-07-25 00:00:00-04:00,5.248096942901611,5.287855253075108,5.248096942901611,5.248096942901611,46700,0.0,0.0
1995-07-26 00:00:00-04:00,5.248099085110337,5.36737406431739,5.248099085110337,5.327615737915039,117300,0.0,0.0
1995-07-27 00:00:00-04:00,5.327613150372224,5.407129764556885,5.327613150372224,5.407129764556885,115800,0.0,0.0
1995-07-28 00:00:00-04:00,5.4071301369771465,5.486646756638575,5.4071301369771465,5.446888446807861,76700,0.0,0.0
1995-07-31 00:00:00-04:00,5.4071301369771465,5.446888446807861,5.4071301369771465,5.446888446807861,55600,0.0,0.0
1995-08-01 00:00:00-04:00,5.4071322653791025,5.526407241821289,5.4071322653791025,5.526407241821289,140800,0.0,0.0
1995-08-02 00:00:00-04:00,5.4866489163405605,5.605923892782746,5.4866489163405605,5.526407241821289,74300,0.0,0.0
1995-08-03 00:00:00-04:00,5.4866489163405605,5.566165567302018,5.4866489163405605,5.526407241821289,34100,0.0,0.0
1995-08-04 00:00:00-04:00,5.526407241821289,5.566165567302018,5.526407241821289,5.526407241821289,64500,0.0,0.0
1995-08-07 00:00:00-04:00,5.52640506646929,5.52640506646929,5.4071301369771465,5.446888446807861,26700,0.0,0.0
1995-08-08 00:00:00-04:00,5.446888446807861,5.486646756638575,5.4071301369771465,5.446888446807861,40300,0.0,0.0
1995-08-09 00:00:00-04:00,5.486647387913295,5.566164016723633,5.446889073508126,5.566164016723633,65600,0.0,0.0
1995-08-10 00:00:00-04:00,5.5661639085052705,5.605922222137451,5.52640559487309,5.605922222137451,40500,0.0,0.0
1995-08-11 00:00:00-04:00,5.526405702318463,5.64568064553397,5.526405702318463,5.566164016723633,50500,0.0,0.0
1995-08-14 00:00:00-04:00,5.566163754117661,5.566163754117661,5.407130504000014,5.486647129058838,35900,0.0,0.0
1995-08-15 00:00:00-04:00,5.407129764556885,5.486646378741544,5.367371457464555,5.407129764556885,53400,0.0,0.0
1995-08-16 00:00:00-04:00,5.407130653976549,5.645680535769632,5.407130653976549,5.605922222137451,45400,0.0,0.0
1995-08-17 00:00:00-04:00,5.605924008597791,5.685440661202015,5.526407355993567,5.645682334899902,63700,0.0,0.0
1995-08-18 00:00:00-04:00,5.645682334899903,5.725198987504127,5.605924008597791,5.645682334899902,105100,0.0,0.0
1995-08-21 00:00:00-04:00,5.645681979738433,5.764956951141357,5.605923655937458,5.764956951141357,126100,0.0,0.0
1995-08-22 00:00:00-04:00,5.725198627340383,5.764956951141357,5.645681979738433,5.764956951141357,87800,0.0,0.0
1995-08-23 00:00:00-04:00,5.685439000527064,5.7649556299050655,5.685439000527064,5.7251973152160645,60200,0.0,0.0
1995-08-24 00:00:00-04:00,5.645682334899903,5.725198987504127,5.605924008597791,5.645682334899902,35400,0.0,0.0
1995-08-25 00:00:00-04:00,5.645680535769632,5.645680535769632,5.605922222137451,5.605922222137451,25600,0.0,0.0
1995-08-28 00:00:00-04:00,5.685440661202015,5.725198987504127,5.645682334899903,5.645682334899902,27700,0.0,0.0
1995-08-29 00:00:00-04:00,5.645680685838064,5.7251973152160645,5.605922371149063,5.7251973152160645,162800,0.0,0.0
1995-08-30 00:00:00-04:00,5.6854400634765625,5.6854400634765625,5.645681741354349,5.6854400634765625,24400,0.0,0.0
1995-08-31 00:00:00-04:00,5.725198862503985,5.844473838806152,5.68544053706993,5.844473838806152,90800,0.0,0.0
1995-09-01 00:00:00-04:00,5.884229385689514,5.884229385689514,5.804712772369385,5.804712772369385,35100,0.0,0.0
1995-09-05 00:00:00-04:00,5.804713983793516,5.884230613708496,5.725197353878537,5.884230613708496,130500,0.0,0.0
1995-09-06 00:00:00-04:00,5.884230613708496,5.963747243623476,5.884230613708496,5.884230613708496,78100,0.0,0.0
1995-09-07 00:00:00-04:00,5.884232164240207,5.923990489674263,5.804715513372097,5.844473838806152,41900,0.0,0.0
1995-09-08 00:00:00-04:00,5.804712772369385,5.884229385689514,5.804712772369385,5.804712772369385,50600,0.0,0.0
1995-09-11 00:00:00-04:00,5.725198627340383,5.804715274942333,5.725198627340383,5.764956951141357,31700,0.0,0.0
1995-09-12 00:00:00-04:00,5.725198862503985,5.884232164240207,5.725198862503985,5.844473838806152,71500,0.0,0.0
1995-09-13 00:00:00-04:00,5.83481502532959,5.875055128952552,5.794574921706627,5.83481502532959,147700,0.22,0.0
1995-09-14 00:00:00-04:00,5.834815618875143,5.834815618875143,5.754335403442383,5.754335403442383,153400,0.0,0.0
1995-09-15 00:00:00-04:00,5.633612397598894,5.8750529289245605,5.633612397598894,5.8750529289245605,68500,0.0,0.0
1995-09-18 00:00:00-04:00,5.875053975317213,5.875053975317213,5.794573783874512,5.794573783874512,39400,0.0,0.0
1995-09-19 00:00:00-04:00,5.7945767792177865,5.7945767792177865,5.714096546173096,5.714096546173096,105200,0.0,0.0
1995-09-20 00:00:00-04:00,5.754336662695441,5.7945767792177865,5.714096546173096,5.714096546173096,61200,0.0,0.0
1995-09-21 00:00:00-04:00,5.714095295726002,5.794575511158763,5.714095295726002,5.754335403442383,41800,0.0,0.0
1995-09-22 00:00:00-04:00,5.754334818083664,5.83481502532959,5.754334818083664,5.83481502532959,60400,0.0,0.0
1995-09-25 00:00:00-04:00,5.794574921706627,5.83481502532959,5.794574921706627,5.83481502532959,65100,0.0,0.0
1995-09-26 00:00:00-04:00,5.794573783874512,5.834813879595862,5.794573783874512,5.794573783874512,113800,0.0,0.0
1995-09-27 00:00:00-04:00,5.834813879595862,5.834813879595862,5.754333688153161,5.794573783874512,42300,0.0,0.0
1995-09-28 00:00:00-04:00,5.794574921706627,5.83481502532959,5.754334818083664,5.83481502532959,49200,0.0,0.0
1995-09-29 00:00:00-04:00,5.875053981806608,5.995774269104004,5.875053981806608,5.995774269104004,57400,0.0,0.0
1995-10-02 00:00:00-04:00,5.915295307700698,5.995775515968735,5.915295307700698,5.955535411834717,63900,0.0,0.0
1995-10-03 00:00:00-04:00,5.995775515968735,5.995775515968735,5.915295307700698,5.955535411834717,48100,0.0,0.0
1995-10-04 00:00:00-04:00,5.955534173338205,6.036014364869803,5.955534173338205,5.995774269104004,56200,0.0,0.0
1995-10-05 00:00:00-04:00,5.995774177526006,6.156734558130731,5.995774177526006,6.076254367828369,207400,0.0,0.0
1995-10-06 00:00:00-04:00,6.076250295890005,6.156730432259409,6.076250295890005,6.116490364074707,37800,0.0,0.0
1995-10-09 00:00:00-04:00,6.116490364074707,6.156730432259409,6.036010227705304,6.116490364074707,71400,0.0,0.0
1995-10-10 00:00:00-04:00,6.076250295890005,6.156730432259409,6.076250295890005,6.116490364074707,90800,0.0,0.0
1995-10-11 00:00:00-04:00,6.15673303604126,6.15673303604126,6.116492950838376,6.15673303604126,85700,0.0,0.0
1995-10-12 00:00:00-04:00,6.116492950838376,6.196973121244144,6.116492950838376,6.15673303604126,47200,0.0,0.0
1995-10-13 00:00:00-04:00,6.11649446297955,6.156734558130731,6.076254367828369,6.076254367828369,25600,0.0,0.0
1995-10-16 00:00:00-04:00,6.076255300106146,6.277455806732178,6.076255300106146,6.277455806732178,61900,0.0,0.0
1995-10-17 00:00:00-04:00,6.277456465800097,6.317696571350098,6.237216360250096,6.317696571350098,134100,0.0,0.0
1995-10-18 00:00:00-04:00,6.277456465800097,6.357936676900098,6.237216360250096,6.317696571350098,82000,0.0,0.0
1995-10-19 00:00:00-04:00,6.3176972262467,6.357937335968018,6.277457116525384,6.357937335968018,69000,0.0,0.0
1995-10-20 00:00:00-04:00,6.277456465800097,6.357936676900098,6.277456465800097,6.317696571350098,122900,0.0,0.0
1995-10-23 00:00:00-04:00,6.277453979888519,6.277453979888519,6.1567337110445095,6.19697380065918,79800,0.0,0.0
1995-10-24 00:00:00-04:00,6.156737279891968,6.156737279891968,6.036016941070557,6.036016941070557,46300,0.0,0.0
1995-10-25 00:00:00-04:00,6.076257054011027,6.076257054011027,5.9555367151896155,6.036016941070557,67400,0.0,0.0
1995-10-26 00:00:00-04:00,6.076255647067366,6.076255647067366,5.754334818083664,5.83481502532959,83300,0.0,0.0
1995-10-27 00:00:00-04:00,5.794572751816005,5.8750529289245605,5.794572751816005,5.8750529289245605,53800,0.0,0.0
1995-10-30 00:00:00-05:00,5.794572751816005,5.8750529289245605,5.794572751816005,5.8750529289245605,167800,0.0,0.0
1995-10-31 00:00:00-05:00,5.834816329333247,5.91529655456543,5.834816329333247,5.91529655456543,96500,0.0,0.0
1995-11-01 00:00:00-05:00,5.8750529289245605,5.8750529289245605,5.834812840370283,5.8750529289245605,22700,0.0,0.0
1995-11-02 00:00:00-05:00,5.83481502532959,5.875055128952552,5.83481502532959,5.83481502532959,30200,0.0,0.0
1995-11-03 00:00:00-05:00,5.834816895740133,5.834816895740133,5.714096546173096,5.714096546173096,44700,0.0,0.0
1995-11-06 00:00:00-05:00,5.754335153017113,5.754335153017113,5.593374729156494,5.593374729156494,307900,0.0,0.0
1995-11-07 00:00:00-05:00,5.593374147482797,5.714094452824153,5.593374147482797,5.673854351043701,136700,0.0,0.0
1995-11-08 00:00:00-05:00,5.633614249263249,5.714094452824153,5.633614249263249,5.673854351043701,71800,0.0,0.0
1995-11-09 00:00:00-05:00,5.673854351043701,5.714094452824153,5.673854351043701,5.673854351043701,17600,0.0,0.0
1995-11-10 00:00:00-05:00,5.714096546173096,5.754336662695441,5.673856429650749,5.714096546173096,37600,0.0,0.0
1995-11-13 00:00:00-05:00,5.673853496710459,5.794573783874512,5.633613400989108,5.794573783874512,25700,0.0,0.0
1995-11-14 00:00:00-05:00,5.714096546173096,5.754336662695441,5.714096546173096,5.714096546173096,26100,0.0,0.0
1995-11-15 00:00:00-05:00,5.714095295726002,5.754335403442383,5.673855188009623,5.754335403442383,12200,0.0,0.0
1995-11-16 00:00:00-05:00,5.754336662695441,5.7945767792177865,5.673856429650749,5.714096546173096,63600,0.0,0.0
1995-11-17 00:00:00-05:00,5.673854610837739,5.83481502532959,5.673854610837739,5.83481502532959,59600,0.0,0.0
1995-11-20 00:00:00-05:00,5.834813879595862,5.955534166759914,5.794573783874512,5.794573783874512,38600,0.0,0.0
1995-11-21 00:00:00-05:00,5.794572751816005,5.995773194587394,5.794572751816005,5.8750529289245605,85700,0.0,0.0
1995-11-22 00:00:00-05:00,5.875056441949338,5.955536667181521,5.875056441949338,5.91529655456543,43700,0.0,0.0
1995-11-24 00:00:00-05:00,5.8750529289245605,5.915293017478838,5.834812840370283,5.8750529289245605,11000,0.0,0.0
1995-11-27 00:00:00-05:00,5.834812840370283,5.8750529289245605,5.794572751816005,5.8750529289245605,19800,0.0,0.0
1995-11-28 00:00:00-05:00,5.834816895740133,5.875057012262478,5.714096546173096,5.714096546173096,69700,0.0,0.0
1995-11-29 00:00:00-05:00,5.714096546173096,5.7945767792177865,5.714096546173096,5.714096546173096,20000,0.0,0.0
1995-11-30 00:00:00-05:00,5.71409359243181,5.834813879595862,5.71409359243181,5.794573783874512,26100,0.0,0.0
1995-12-01 00:00:00-05:00,5.593374972576862,5.794575511158763,5.593374972576862,5.754335403442383,54500,0.0,0.0
1995-12-04 00:00:00-05:00,5.754333688153161,5.794573783874512,5.754333688153161,5.794573783874512,35900,0.0,0.0
1995-12-05 00:00:00-05:00,5.754335403442383,5.834815618875143,5.754335403442383,5.754335403442383,43200,0.0,0.0
1995-12-06 00:00:00-05:00,5.754335403442383,5.834815618875143,5.754335403442383,5.754335403442383,22100,0.0,0.0
1995-12-07 00:00:00-05:00,5.754333688153161,5.834813879595862,5.754333688153161,5.794573783874512,47400,0.0,0.0
1995-12-08 00:00:00-05:00,5.794572751816005,5.915293017478838,5.794572751816005,5.8750529289245605,45800,0.0,0.0
1995-12-11 00:00:00-05:00,5.875056489308675,6.036016941070557,5.875056489308675,6.036016941070557,36800,0.0,0.0
1995-12-12 00:00:00-05:00,5.995776751733596,6.277457538727791,5.995776751733596,6.237217426300049,223000,0.0,0.0
1995-12-13 00:00:00-05:00,6.344329237168836,6.385526180267334,6.344329237168836,6.385526180267334,104400,0.45,0.0
1995-12-14 00:00:00-05:00,6.3855241160643725,6.3855241160643725,6.22073639694013,6.261933326721191,86400,0.0,0.0
1995-12-15 00:00:00-05:00,6.344327186283312,6.344327186283312,6.2619333267211905,6.261933326721191,62600,0.0,0.0
1995-12-18 00:00:00-05:00,6.261930734519191,6.38552147270049,6.097143083610791,6.138339996337891,30400,0.0,0.0
1995-12-19 00:00:00-05:00,6.138344044588051,6.138344044588051,6.055950164794922,6.055950164794922,71300,0.0,0.0
1995-12-20 00:00:00-05:00,6.0559499181550125,6.0559499181550125,5.849965227061305,5.973556041717529,299900,0.0,0.0
1995-12-21 00:00:00-05:00,6.097145965675902,6.344327558878979,6.097145965675902,6.303130626678467,120400,0.0,0.0
1995-12-22 00:00:00-05:00,6.30312814960232,6.344325065612792,6.220734317581375,6.344325065612793,25900,0.0,0.0
1995-12-26 00:00:00-05:00,6.344327558878979,6.385524491079493,6.261933694477954,6.303130626678467,15300,0.0,0.0
1995-12-27 00:00:00-05:00,6.261933694477954,6.344327558878979,6.261933694477954,6.303130626678467,20700,0.0,0.0
1995-12-28 00:00:00-05:00,6.344330212927812,6.385527162362409,6.220739364624023,6.220739364624023,79300,0.0,0.0
1995-12-29 00:00:00-05:00,6.138342537378009,6.303130256502252,6.138342537378009,6.261933326721191,66500,0.0,0.0
1996-01-02 00:00:00-05:00,6.220737152461764,6.509115695953369,6.179540217677249,6.509115695953369,186000,0.0,0.0
1996-01-03 00:00:00-05:00,6.509119647323705,6.509119647323705,6.426725727737329,6.467922687530518,44800,0.0,0.0
1996-01-04 00:00:00-05:00,6.467920066464332,6.509117009562831,6.385526180267334,6.385526180267334,430900,0.0,0.0
1996-01-05 00:00:00-05:00,6.385526180267334,6.426723123365833,6.344329237168836,6.385526180267334,140300,0.0,0.0
1996-01-08 00:00:00-05:00,6.344329237168836,6.385526180267334,6.344329237168836,6.385526180267334,43900,0.0,0.0
1996-01-09 00:00:00-05:00,6.344329237168836,6.467920066464332,6.303132294070337,6.385526180267334,167100,0.0,0.0
1996-01-10 00:00:00-05:00,6.426721826384338,6.509115695953369,6.3855248915998235,6.509115695953369,22800,0.0,0.0
1996-01-11 00:00:00-05:00,6.467917546247825,6.550311400340154,6.385523692155496,6.42672061920166,46000,0.0,0.0
1996-01-12 00:00:00-05:00,6.3855248915998235,6.550312630737884,6.3855248915998235,6.509115695953369,296000,0.0,0.0
1996-01-15 00:00:00-05:00,6.509115695953369,6.550312630737884,6.467918761168853,6.509115695953369,219000,0.0,0.0
1996-01-16 00:00:00-05:00,6.509115946292877,6.591509819030762,6.509115946292877,6.591509819030762,121400,0.0,0.0
1996-01-17 00:00:00-05:00,6.591508284859035,6.632705211639404,6.550311358078667,6.632705211639404,125200,0.0,0.0
1996-01-18 00:00:00-05:00,6.591509819030762,6.673903691768646,6.591509819030762,6.591509819030762,93200,0.0,0.0
1996-01-19 00:00:00-05:00,6.673903691768646,6.673903691768646,6.591509819030762,6.591509819030762,54600,0.0,0.0
1996-01-22 00:00:00-05:00,6.591509819030762,6.632706755399704,6.591509819030762,6.591509819030762,60800,0.0,0.0
1996-01-23 00:00:00-05:00,6.632706755399704,6.632706755399704,6.591509819030762,6.591509819030762,22400,0.0,0.0
1996-01-24 00:00:00-05:00,6.591508284859035,6.632705211639404,6.550311358078667,6.632705211639404,79300,0.0,0.0
1996-01-25 00:00:00-05:00,6.673903465270996,6.715100400241805,6.6327065303001875,6.673903465270996,62100,0.0,0.0
1996-01-26 00:00:00-05:00,6.632706755399704,6.673903691768646,6.591509819030762,6.591509819030762,24700,0.0,0.0
1996-01-29 00:00:00-05:00,6.55031288266182,6.591509819030762,6.55031288266182,6.591509819030762,7700,0.0,0.0
1996-01-30 00:00:00-05:00,6.632705211639404,6.673902138419773,6.591508284859035,6.632705211639404,54800,0.0,0.0
1996-01-31 00:00:00-05:00,6.6739038280182825,6.7151007652282715,6.632706890808293,6.7151007652282715,54600,0.0,0.0
1996-02-01 00:00:00-05:00,6.673903465270996,6.756297335212613,6.673903465270996,6.673903465270996,46300,0.0,0.0
1996-02-02 00:00:00-05:00,6.7151007652282715,6.756297702438261,6.7151007652282715,6.7151007652282715,37500,0.0,0.0
1996-02-05 00:00:00-05:00,6.715100400241805,6.715100400241805,6.6327065303001875,6.673903465270996,66800,0.0,0.0
1996-02-06 00:00:00-05:00,6.715100400241805,6.715100400241805,6.591509595329379,6.673903465270996,27100,0.0,0.0
1996-02-07 00:00:00-05:00,6.632709587492593,6.797497403330919,6.632709587492593,6.756300449371338,61000,0.0,0.0
1996-02-08 00:00:00-05:00,6.79749463964825,6.79749463964825,6.7151007652282715,6.7151007652282715,55200,0.0,0.0
1996-02-09 00:00:00-05:00,6.7151007652282715,6.79749463964825,6.7151007652282715,6.7151007652282715,80500,0.0,0.0
1996-02-12 00:00:00-05:00,6.715103495411756,6.797497403330919,6.715103495411756,6.756300449371338,43900,0.0,0.0
1996-02-13 00:00:00-05:00,6.715099597699714,6.7974934577941895,6.715099597699714,6.7974934577941895,45900,0.0,0.0
1996-02-14 00:00:00-05:00,6.797492206096649,6.921082973480225,6.797492206096649,6.921082973480225,41700,0.0,0.0
1996-02-15 00:00:00-05:00,6.921082680685478,7.044673442840576,6.879885759967112,7.044673442840576,106100,0.0,0.0
1996-02-16 00:00:00-05:00,6.92108269197395,6.92108269197395,6.756295008831713,6.838688850402832,134500,0.0,0.0
1996-02-20 00:00:00-05:00,6.838690387841427,6.838690387841427,6.756296527746952,6.7974934577941895,26600,0.0,0.0
1996-02-21 00:00:00-05:00,6.756300449371337,6.797497403330919,6.715103495411756,6.756300449371338,26800,0.0,0.0
1996-02-22 00:00:00-05:00,6.756295008831713,6.838688850402832,6.756295008831713,6.838688850402832,53900,0.0,0.0
1996-02-23 00:00:00-05:00,6.921082874726967,6.962279796600341,6.879885952853591,6.962279796600342,98100,0.0,0.0
1996-02-26 00:00:00-05:00,7.003474492512777,7.003474492512777,6.879883766174316,6.879883766174316,74900,0.0,0.0
1996-02-27 00:00:00-05:00,6.879883766174316,6.96227758373329,6.879883766174316,6.879883766174316,89100,0.0,0.0
1996-02-28 00:00:00-05:00,6.879888197954964,7.00347900390625,6.879888197954964,7.00347900390625,39300,0.0,0.0
1996-02-29 00:00:00-05:00,6.921082680685478,7.044673442840576,6.921082680685478,7.044673442840576,175200,0.0,0.0
1996-03-01 00:00:00-05:00,7.003478310828985,7.168266035789667,7.003478310828985,7.085872173309326,51800,0.0,0.0
1996-03-04 00:00:00-05:00,7.044673993246897,7.209461688995362,7.044673993246897,7.209461688995361,62800,0.0,0.0
1996-03-05 00:00:00-05:00,7.168264765058246,7.209461688995362,7.1270678411211295,7.209461688995361,78600,0.0,0.0
1996-03-06 00:00:00-05:00,7.250658714908292,7.250658714908292,7.127067941358719,7.168264865875244,88200,0.0,0.0
1996-03-07 00:00:00-05:00,7.1682654474511995,7.1682654474511995,7.08587159173337,7.127068519592285,129700,0.0,0.0
1996-03-08 00:00:00-05:00,7.085868310071751,7.085868310071751,6.838686857394829,6.879883766174316,64500,0.0,0.0
1996-03-11 00:00:00-05:00,6.838686857394829,6.921080674953803,6.756293039835856,6.879883766174316,89500,0.0,0.0
1996-03-12 00:00:00-05:00,6.92108388029771,7.127068519592284,6.83869002457988,7.127068519592285,146700,0.0,0.0
1996-03-13 00:00:00-05:00,7.1170786583495,7.1170786583495,6.908976943193082,6.950597286224365,138200,0.22,0.0
1996-03-14 00:00:00-05:00,6.950597286224365,6.9922176292556495,6.908976943193082,6.950597286224365,61200,0.0,0.0
1996-03-15 00:00:00-05:00,6.908976943193082,6.9922176292556495,6.908976943193082,6.950597286224365,50600,0.0,0.0
1996-03-18 00:00:00-05:00,6.950599094231923,6.9922194480896,6.908978740374247,6.9922194480896,102200,0.0,0.0
1996-03-19 00:00:00-05:00,6.950597286224365,6.950597286224365,6.8673566001617985,6.950597286224365,73200,0.0,0.0
1996-03-20 00:00:00-05:00,6.908978080749511,6.950598430633545,6.8673577308654785,6.8673577308654785,71800,0.0,0.0
1996-03-21 00:00:00-05:00,6.908978080749511,6.950598430633545,6.8673577308654785,6.8673577308654785,62800,0.0,0.0
1996-03-22 00:00:00-05:00,6.825737187891831,6.825737187891831,6.700876141771858,6.742496490478516,43700,0.0,0.0
1996-03-25 00:00:00-05:00,6.742496105454724,6.742496105454724,6.576014720134854,6.700875759124756,62700,0.0,0.0
1996-03-26 00:00:00-05:00,6.617635444358544,6.825737187891831,6.617635444358544,6.742496490478516,34200,0.0,0.0
1996-03-27 00:00:00-05:00,6.784117221832275,6.867357923940647,6.700876519723904,6.784117221832275,50900,0.0,0.0
1996-03-28 00:00:00-05:00,6.7841209173202515,6.908982038497925,6.74250054359436,6.825741291046143,26300,0.0,0.0
1996-03-29 00:00:00-05:00,6.74249687077809,6.867357923940647,6.74249687077809,6.784117221832275,79300,0.0,0.0
1996-04-01 00:00:00-05:00,6.867357923940647,6.867357923940647,6.74249687077809,6.784117221832275,39300,0.0,0.0
1996-04-02 00:00:00-05:00,6.742499577999115,6.784119945764542,6.617638474702836,6.659258842468262,36600,0.0,0.0
1996-04-03 00:00:00-05:00,6.617638474702836,6.659258842468262,6.576018106937409,6.659258842468262,24900,0.0,0.0
1996-04-04 00:00:00-05:00,6.576019167150342,6.742500665052882,6.534398792674707,6.617639541625977,55600,0.0,0.0
1996-04-08 00:00:00-04:00,6.617637263068669,6.6592576232137555,6.534396542778498,6.576016902923584,43600,0.0,0.0
1996-04-09 00:00:00-04:00,6.576016902923584,6.617637263068669,6.534396542778498,6.576016902923584,17900,0.0,0.0
1996-04-10 00:00:00-04:00,6.5343963807629,6.5343963807629,6.451155662536621,6.451155662536621,31800,0.0,0.0
1996-04-11 00:00:00-04:00,6.451155822488325,6.617637263068669,6.451155822488325,6.576016902923584,81000,0.0,0.0
1996-04-12 00:00:00-04:00,6.534398792674707,6.617639541625977,6.492778418199071,6.617639541625977,73900,0.0,0.0
1996-04-15 00:00:00-04:00,6.576014720134854,6.700875759124757,6.576014720134854,6.700875759124756,76700,0.0,0.0
1996-04-16 00:00:00-04:00,6.74249687077809,6.825737572886461,6.74249687077809,6.784117221832275,41600,0.0,0.0
1996-04-17 00:00:00-04:00,6.74249687077809,6.9089782749948325,6.74249687077809,6.784117221832275,62400,0.0,0.0
1996-04-18 00:00:00-04:00,6.784117221832275,6.825737572886461,6.74249687077809,6.784117221832275,59900,0.0,0.0
1996-04-19 00:00:00-04:00,6.784117221832275,6.784117221832275,6.700876519723904,6.784117221832275,36200,0.0,0.0
1996-04-22 00:00:00-04:00,6.74250054359436,6.867361664772034,6.74250054359436,6.825741291046143,79200,0.0,0.0
1996-04-23 00:00:00-04:00,6.825737187891831,6.825737187891831,6.742496490478516,6.742496490478516,89300,0.0,0.0
1996-04-24 00:00:00-04:00,6.74249687077809,6.784117221832275,6.700876519723904,6.784117221832275,24800,0.0,0.0
1996-04-25 00:00:00-04:00,6.74249687077809,6.784117221832275,6.700876519723904,6.784117221832275,31600,0.0,0.0
1996-04-26 00:00:00-04:00,6.825741291046143,6.867361664772034,6.825741291046143,6.825741291046143,55200,0.0,0.0
1996-04-29 00:00:00-04:00,6.7841209173202515,6.825741291046143,6.7581081837415695,6.825741291046143,46700,0.0,0.0
1996-04-30 00:00:00-04:00,6.7841209173202515,6.825741291046143,6.7841209173202515,6.825741291046143,43600,0.0,0.0
1996-05-01 00:00:00-04:00,6.7841209173202515,6.825741291046143,6.7841209173202515,6.825741291046143,57700,0.0,0.0
1996-05-02 00:00:00-04:00,6.784116839185173,6.825737187891831,6.742496490478516,6.742496490478516,132100,0.0,0.0
1996-05-03 00:00:00-04:00,6.784116839185173,6.784116839185173,6.700876141771858,6.742496490478516,38500,0.0,0.0
1996-05-06 00:00:00-04:00,6.700879210233689,6.742499577999115,6.659258842468262,6.659258842468262,40600,0.0,0.0
1996-05-07 00:00:00-04:00,6.659259916101612,6.700880290577247,6.617639541625977,6.617639541625977,150400,0.0,0.0
1996-05-08 00:00:00-04:00,6.617638474702836,6.659258842468262,6.617638474702836,6.659258842468262,32600,0.0,0.0
1996-05-09 00:00:00-04:00,6.576019167150342,6.659259916101612,6.576019167150342,6.617639541625977,17100,0.0,0.0
1996-05-10 00:00:00-04:00,6.617639541625977,6.659259916101612,6.617639541625977,6.617639541625977,42500,0.0,0.0
1996-05-13 00:00:00-04:00,6.659255793065201,6.742496490478516,6.617635444358544,6.742496490478516,42000,0.0,0.0
1996-05-14 00:00:00-04:00,6.74250054359436,6.867361664772034,6.74250054359436,6.825741291046143,55400,0.0,0.0
1996-05-15 00:00:00-04:00,6.825741291046143,6.908982038497925,6.825741291046143,6.825741291046143,14800,0.0,0.0
1996-05-16 00:00:00-04:00,6.825737380981445,6.8673577308654785,6.825737380981445,6.8673577308654785,27800,0.0,0.0
1996-05-17 00:00:00-04:00,6.908976943193082,6.950597286224365,6.8673566001617985,6.950597286224365,27700,0.0,0.0
1996-05-20 00:00:00-04:00,6.950595936143255,6.950595936143255,6.908975601196289,6.908975601196289,18400,0.0,0.0
1996-05-21 00:00:00-04:00,6.908975601196289,6.9922162710902205,6.908975601196289,6.908975601196289,25200,0.0,0.0
1996-05-22 00:00:00-04:00,6.908976943193082,6.9922176292556495,6.908976943193082,6.950597286224365,26200,0.0,0.0
1996-05-23 00:00:00-04:00,6.908975601196289,6.950595936143255,6.8257349313023585,6.908975601196289,17700,0.0,0.0
1996-05-24 00:00:00-04:00,6.950598626049018,6.992218977103204,6.74249687077809,6.784117221832275,21500,0.0,0.0
1996-05-28 00:00:00-04:00,6.742496490478516,6.784116839185173,6.700876141771858,6.742496490478516,18100,0.0,0.0
1996-05-29 00:00:00-04:00,6.659256168669718,6.784117221832275,6.659256168669718,6.784117221832275,133900,0.0,0.0
1996-05-30 00:00:00-04:00,6.700876519723904,6.784117221832275,6.700876519723904,6.784117221832275,58800,0.0,0.0
1996-05-31 00:00:00-04:00,6.784117678801218,6.9922194480896,6.784117678801218,6.9922194480896,69000,0.0,0.0
1996-06-03 00:00:00-04:00,6.992218780517578,7.0754594802856445,6.992218780517578,7.0754594802856445,44100,0.0,0.0
1996-06-04 00:00:00-04:00,7.075457406598469,7.158698081970215,7.075457406598469,7.158698081970215,48200,0.0,0.0
1996-06-05 00:00:00-04:00,7.117081642150879,7.117081642150879,7.0754612816704645,7.117081642150879,47600,0.0,0.0
1996-06-06 00:00:00-04:00,7.075457406598469,7.158698081970215,7.075457406598469,7.158698081970215,62800,0.0,0.0
1996-06-07 00:00:00-04:00,7.117077275931117,7.158697610878082,6.908975601196289,6.908975601196289,58800,0.0,0.0
1996-06-10 00:00:00-04:00,6.908978080749511,7.0754594802856445,6.908978080749511,7.0754594802856445,23600,0.0,0.0
1996-06-11 00:00:00-04:00,7.0754594802856445,7.117079830169677,7.033839130401611,7.0754594802856445,52200,0.0,0.0
1996-06-12 00:00:00-04:00,7.149475626198642,7.149475626198642,6.9391969313104465,6.981252670288086,53100,0.22,0.0
1996-06-13 00:00:00-04:00,7.065366710316051,7.149478218772195,6.897143693403764,6.939199447631836,36600,0.0,0.0
1996-06-14 00:00:00-04:00,6.939199412310565,7.023310920338572,6.770976396254551,6.813032150268555,1608900,0.0,0.0
1996-06-17 00:00:00-04:00,6.813031818555748,6.813031818555748,6.770976066589355,6.7709760665893555,55500,0.0,0.0
1996-06-18 00:00:00-04:00,6.855091403170329,6.939202954129475,6.770979852211184,6.897147178649902,41100,0.0,0.0
1996-06-19 00:00:00-04:00,6.897147178649902,6.939202954129475,6.855091403170329,6.897147178649902,135100,0.0,0.0
1996-06-20 00:00:00-04:00,6.897143693403764,6.981255201859908,6.897143693403764,6.939199447631836,48400,0.0,0.0
1996-06-21 00:00:00-04:00,6.981255201859908,7.065366710316051,6.897143693403764,6.939199447631836,65500,0.0,0.0
1996-06-24 00:00:00-04:00,6.939202174544334,6.939202174544334,6.728923320770264,6.728923320770264,115300,0.0,0.0
1996-06-25 00:00:00-04:00,6.770980706004977,6.770980706004977,6.644813363657057,6.686869144439697,149800,0.0,0.0
1996-06-26 00:00:00-04:00,6.64481037818581,6.85508918762207,6.64481037818581,6.85508918762207,86200,0.0,0.0
1996-06-27 00:00:00-04:00,6.855087939175693,6.939199447631837,6.813032184947621,6.939199447631836,80700,0.0,0.0
1996-06-28 00:00:00-04:00,6.981255201859908,6.981255201859908,6.897143693403764,6.939199447631836,54700,0.0,0.0
1996-07-01 00:00:00-04:00,6.981258729609047,6.981258729609047,6.897147178649902,6.897147178649902,31500,0.0,0.0
1996-07-02 00:00:00-04:00,6.897143693403764,6.981255201859908,6.897143693403764,6.939199447631836,19100,0.0,0.0
1996-07-03 00:00:00-04:00,6.981254764965602,7.149477771350315,6.981254764965602,7.065366268157959,135600,0.0,0.0
1996-07-05 00:00:00-04:00,7.065367373163829,7.065367373163829,6.939200098643046,7.023311614990234,20400,0.0,0.0
1996-07-08 00:00:00-04:00,6.981254764965602,7.065366268157958,6.981254764965602,7.065366268157959,110000,0.0,0.0
1996-07-09 00:00:00-04:00,7.065367373163829,7.065367373163829,7.023311614990235,7.023311614990234,45400,0.0,0.0
1996-07-10 00:00:00-04:00,6.981254764965602,7.065366268157958,6.981254764965602,7.065366268157959,87100,0.0,0.0
1996-07-11 00:00:00-04:00,7.023311614990235,7.065367373163829,6.939200098643046,7.023311614990234,152000,0.0,0.0
1996-07-12 00:00:00-04:00,7.02331051656178,7.065366268157958,6.981254764965602,7.065366268157959,25900,0.0,0.0
1996-07-15 00:00:00-04:00,6.981255879121668,7.191534670661477,6.981255879121668,7.149478912353516,49600,0.0,0.0
1996-07-16 00:00:00-04:00,7.107423131337423,7.317701922205394,7.023311614990235,7.023311614990234,116500,0.0,0.0
1996-07-17 00:00:00-04:00,7.02331095608798,7.065366710316051,6.939199447631837,6.939199447631836,70400,0.0,0.0
1996-07-18 00:00:00-04:00,6.939202954129475,6.939202954129475,6.813035627690756,6.897147178649902,96100,0.0,0.0
1996-07-19 00:00:00-04:00,6.939199412310565,6.939199412310565,6.728920642240547,6.813032150268555,145500,0.0,0.0
1996-07-22 00:00:00-04:00,6.813032150268555,6.813032150268555,6.728920642240547,6.813032150268555,13100,0.0,0.0
1996-07-23 00:00:00-04:00,6.728920314622961,6.855087570522142,6.728920314622961,6.7709760665893555,66200,0.0,0.0
1996-07-24 00:00:00-04:00,6.728920314622961,6.813031818555748,6.728920314622961,6.7709760665893555,36200,0.0,0.0
1996-07-25 00:00:00-04:00,6.728920314622961,6.813031818555748,6.686864562656568,6.7709760665893555,22200,0.0,0.0
1996-07-26 00:00:00-04:00,6.7709776638475665,6.85508918762207,6.7709776638475665,6.85508918762207,20100,0.0,0.0
1996-07-29 00:00:00-04:00,6.813029714377529,7.065364148243364,6.813029714377529,6.981252670288086,155400,0.0,0.0
1996-07-30 00:00:00-04:00,7.02331051656178,7.065366268157958,6.939199013369423,7.065366268157959,107800,0.0,0.0
1996-07-31 00:00:00-04:00,7.065367395737592,7.191534670661477,7.02331163742963,7.149478912353516,71700,0.0,0.0
1996-08-01 00:00:00-04:00,7.233590451279127,7.3177019681544655,7.233590451279127,7.275646209716797,102600,0.0,0.0
1996-08-02 00:00:00-04:00,7.359757423400879,7.443868936811175,7.317701666695731,7.359757423400879,94500,0.0,0.0
1996-08-05 00:00:00-04:00,7.359757423400879,7.401813180106027,7.275645909990582,7.359757423400879,105700,0.0,0.0
1996-08-06 00:00:00-04:00,7.317701666695731,7.401813180106027,7.2335901532854345,7.359757423400879,88900,0.0,0.0
1996-08-07 00:00:00-04:00,7.401810169219971,7.401810169219971,7.3597544296221304,7.401810169219971,63200,0.0,0.0
1996-08-08 00:00:00-04:00,7.3597544296221304,7.401810169219971,7.317698690024289,7.401810169219971,36900,0.0,0.0
1996-08-09 00:00:00-04:00,7.3177008628845215,7.401812367055608,7.275645110798978,7.3177008628845215,47000,0.0,0.0
1996-08-12 00:00:00-04:00,7.275645909990582,7.401813180106027,7.275645909990582,7.359757423400879,27900,0.0,0.0
1996-08-13 00:00:00-04:00,7.359756614970065,7.401812367055608,7.3177008628845215,7.3177008628845215,210600,0.0,0.0
1996-08-14 00:00:00-04:00,7.275645110798978,7.359756614970065,7.275645110798978,7.3177008628845215,45500,0.0,0.0
1996-08-15 00:00:00-04:00,7.3597544296221304,7.401810169219971,7.317698690024289,7.401810169219971,37300,0.0,0.0
1996-08-16 00:00:00-04:00,7.3177019681544655,7.359757726592135,7.191534692841458,7.275646209716797,75400,0.0,0.0
1996-08-19 00:00:00-04:00,7.233590451279127,7.3177019681544655,7.191534692841458,7.275646209716797,30900,0.0,0.0
1996-08-20 00:00:00-04:00,7.275646362193795,7.275646362193795,7.191534843555717,7.233590602874756,37000,0.0,0.0
1996-08-21 00:00:00-04:00,7.275646362193795,7.275646362193795,7.1494790842366776,7.233590602874756,284800,0.0,0.0
1996-08-22 00:00:00-04:00,7.233590602874756,7.317702121512834,7.191534843555717,7.233590602874756,641100,0.0,0.0
1996-08-23 00:00:00-04:00,7.233590602874756,7.275646362193795,7.233590602874756,7.233590602874756,241000,0.0,0.0
1996-08-26 00:00:00-04:00,7.233590602874756,7.233590602874756,7.191534843555717,7.233590602874756,19100,0.0,0.0
1996-08-27 00:00:00-04:00,7.191532135009766,7.233587878489354,7.149476391530176,7.191532135009766,95500,0.0,0.0
1996-08-28 00:00:00-04:00,7.233590602874756,7.233590602874756,7.191534843555717,7.233590602874756,44600,0.0,0.0
1996-08-29 00:00:00-04:00,7.233590602874756,7.233590602874756,7.1494790842366776,7.233590602874756,41200,0.0,0.0
1996-08-30 00:00:00-04:00,7.191534843555717,7.233590602874756,7.191534843555717,7.233590602874756,119500,0.0,0.0
1996-09-03 00:00:00-04:00,7.149476391530176,7.191532135009766,7.149476391530176,7.191532135009766,18400,0.0,0.0
1996-09-04 00:00:00-04:00,7.233590602874756,7.275646362193795,7.191534843555717,7.233590602874756,189400,0.0,0.0
1996-09-05 00:00:00-04:00,7.2756436219689435,7.2756436219689435,7.191532135009766,7.191532135009766,232500,0.0,0.0
1996-09-06 00:00:00-04:00,7.233587878489354,7.233587878489354,7.191532135009766,7.191532135009766,23500,0.0,0.0
1996-09-09 00:00:00-04:00,7.233587210828608,7.401810169219971,7.191531471230768,7.401810169219971,71500,0.0,0.0
1996-09-10 00:00:00-04:00,7.359757423400879,7.359757423400879,7.275645909990582,7.359757423400879,65900,0.0,0.0
1996-09-11 00:00:00-04:00,7.392045186434179,7.392045186434179,7.307079149808498,7.349562168121338,469800,0.22,0.0
1996-09-12 00:00:00-04:00,7.392045186434179,7.392045186434179,7.307079149808498,7.349562168121338,30100,0.0,0.0
1996-09-13 00:00:00-04:00,7.349562168121338,7.392045186434179,7.307079149808498,7.349562168121338,31800,0.0,0.0
1996-09-16 00:00:00-04:00,7.30707741873605,7.434526443481445,7.264594410487584,7.434526443481445,53700,0.0,0.0
1996-09-17 00:00:00-04:00,7.39204186742956,7.477007865905762,7.39204186742956,7.477007865905762,54500,0.0,0.0
1996-09-18 00:00:00-04:00,7.477009451729911,7.477009451729911,7.434526443481445,7.434526443481445,49900,0.0,0.0
1996-09-19 00:00:00-04:00,7.477007865905762,7.477007865905762,7.434524866667661,7.477007865905762,159600,0.0,0.0
1996-09-20 00:00:00-04:00,7.477009451729911,7.477009451729911,7.434526443481445,7.434526443481445,103000,0.0,0.0
1996-09-23 00:00:00-04:00,7.434525127299348,7.434525127299348,7.222110123662223,7.264593124389648,99100,0.0,0.0
1996-09-24 00:00:00-04:00,7.26459724404091,7.349563293678815,7.1796311944030045,7.307080268859863,75400,0.0,0.0
1996-09-25 00:00:00-04:00,7.30707741873605,7.477009451729911,7.264594410487584,7.434526443481445,118200,0.0,0.0
1996-09-26 00:00:00-04:00,7.434528493611825,7.519494533538818,7.39204547364833,7.519494533538818,64300,0.0,0.0
1996-09-27 00:00:00-04:00,7.561977553502314,7.561977553502314,7.519494533538818,7.519494533538818,42800,0.0,0.0
1996-09-30 00:00:00-04:00,7.561976427531374,7.689425468444824,7.519493413893557,7.689425468444824,59500,0.0,0.0
1996-10-01 00:00:00-04:00,7.689425468444824,7.689425468444824,7.604459441169191,7.689425468444824,105200,0.0,0.0
1996-10-02 00:00:00-04:00,7.646944999694824,7.646944999694824,7.604461971918742,7.646944999694824,25500,0.0,0.0
1996-10-03 00:00:00-04:00,7.604461971918742,7.646944999694824,7.604461971918742,7.646944999694824,46500,0.0,0.0
1996-10-04 00:00:00-04:00,7.604461193084717,7.646944216509771,7.561978169659663,7.604461193084717,44400,0.0,0.0
1996-10-07 00:00:00-04:00,7.604461971918742,7.646944999694824,7.56197894414266,7.646944999694824,59400,0.0,0.0
1996-10-08 00:00:00-04:00,7.646944216509771,7.689427239934826,7.604461193084717,7.604461193084717,62700,0.0,0.0
1996-10-09 00:00:00-04:00,7.604461971918742,7.731911055246989,7.604461971918742,7.646944999694824,157800,0.0,0.0
1996-10-10 00:00:00-04:00,7.646943710662506,7.816875793121673,7.646943710662506,7.73190975189209,111300,0.0,0.0
1996-10-11 00:00:00-04:00,7.731913378981293,7.816879460069,7.731913378981293,7.7743964195251465,132600,0.0,0.0
1996-10-14 00:00:00-04:00,7.731907543651561,7.944322586059571,7.731907543651561,7.94432258605957,57300,0.0,0.0
1996-10-15 00:00:00-04:00,7.94432148273955,7.986804485321045,7.94432148273955,7.986804485321045,45000,0.0,0.0
1996-10-16 00:00:00-04:00,7.944322586059571,7.986805594541173,7.901839577577969,7.94432258605957,37300,0.0,0.0
1996-10-17 00:00:00-04:00,7.944322586059571,7.986805594541173,7.8593565690963665,7.94432258605957,19600,0.0,0.0
1996-10-18 00:00:00-04:00,7.816875793121673,7.859358813736464,7.73190975189209,7.73190975189209,99300,0.0,0.0
1996-10-21 00:00:00-04:00,7.7743964195251465,7.7743964195251465,7.731913378981293,7.7743964195251465,65100,0.0,0.0
1996-10-22 00:00:00-04:00,7.731913378981293,7.816879460069,7.731913378981293,7.7743964195251465,70400,0.0,0.0
1996-10-23 00:00:00-04:00,7.73190975189209,7.73190975189209,7.6894267312772975,7.73190975189209,52900,0.0,0.0
1996-10-24 00:00:00-04:00,7.73190975189209,7.73190975189209,7.6894267312772975,7.73190975189209,74100,0.0,0.0
1996-10-25 00:00:00-04:00,7.6894267312772975,7.774392772506881,7.6894267312772975,7.73190975189209,30600,0.0,0.0
1996-10-28 00:00:00-05:00,7.731913378981293,7.816879460069,7.6894303384374405,7.7743964195251465,27600,0.0,0.0
1996-10-29 00:00:00-05:00,7.73190975189209,7.774392772506881,7.6894267312772975,7.73190975189209,34600,0.0,0.0
1996-10-30 00:00:00-05:00,7.73190975189209,7.816875793121673,7.73190975189209,7.73190975189209,52500,0.0,0.0
1996-10-31 00:00:00-05:00,7.731909420179284,7.859358476555866,7.689426401387091,7.816875457763672,122700,0.0,0.0
1996-11-01 00:00:00-05:00,7.8168724749950655,7.986804485321045,7.774389472413571,7.986804485321045,55700,0.0,0.0
1996-11-04 00:00:00-05:00,7.986803717362253,8.071769714355469,7.901837720369038,8.071769714355469,37000,0.0,0.0
1996-11-05 00:00:00-05:00,8.071769714355469,8.071769714355469,8.029286715858861,8.071769714355469,178700,0.0,0.0
1996-11-06 00:00:00-05:00,8.071773838622407,8.114256858825684,8.029290818419131,8.114256858825684,87300,0.0,0.0
1996-11-07 00:00:00-05:00,8.071773838622407,8.114256858825684,8.029290818419131,8.114256858825684,21900,0.0,0.0
1996-11-08 00:00:00-05:00,8.071773838622407,8.114256858825684,8.071773838622407,8.114256858825684,235500,0.0,0.0
1996-11-11 00:00:00-05:00,8.114255579150452,8.32667064666748,8.114255579150452,8.32667064666748,767200,0.0,0.0
1996-11-12 00:00:00-05:00,8.284186693891208,8.454118728637695,8.241703685204588,8.454118728637695,45400,0.0,0.0
1996-11-13 00:00:00-05:00,8.369159033804229,8.411642074584961,8.326675993023496,8.411642074584961,73900,0.0,0.0
1996-11-14 00:00:00-05:00,8.369156440885941,8.624054606598204,8.369156440885941,8.581571578979492,139800,0.0,0.0
1996-11-15 00:00:00-05:00,8.624054217684096,8.793986320495605,8.581571191981219,8.793986320495605,88500,0.0,0.0
1996-11-18 00:00:00-05:00,8.793984724925116,8.836467742919922,8.709018688935501,8.836467742919922,186800,0.0,0.0
1996-11-19 00:00:00-05:00,8.836469346198482,9.04888447471287,8.793986320495605,8.793986320495605,155400,0.0,0.0
1996-11-20 00:00:00-05:00,8.793986669400844,8.793986669400844,8.581571532458794,8.709020614624023,196400,0.0,0.0
1996-11-21 00:00:00-05:00,8.709020661835623,8.709020661835623,8.581571578979492,8.581571578979492,79100,0.0,0.0
1996-11-22 00:00:00-05:00,8.539091196927156,8.539091196927156,8.369159033804229,8.411642074584961,92300,0.0,0.0
1996-11-25 00:00:00-05:00,8.454119687177696,8.454119687177696,8.199221606157264,8.32667064666748,233900,0.0,0.0
1996-11-26 00:00:00-05:00,8.284187002230418,8.369153022766113,8.241703991962568,8.369153022766113,57500,0.0,0.0
1996-11-27 00:00:00-05:00,8.36915490627289,8.496603965759277,8.284188866615295,8.496603965759277,121600,0.0,0.0
1996-11-29 00:00:00-05:00,8.49660488185037,8.624053955078125,8.454121857441118,8.624053955078125,39900,0.0,0.0
1996-12-02 00:00:00-05:00,8.581570893815421,8.751502990722656,8.581570893815421,8.751502990722656,41200,0.0,0.0
1996-12-03 00:00:00-05:00,8.751501706930307,8.87895076091473,8.751501706930307,8.836467742919922,196200,0.0,0.0
1996-12-04 00:00:00-05:00,8.836467742919922,8.836467742919922,8.793984724925116,8.836467742919922,105700,0.0,0.0
1996-12-05 00:00:00-05:00,8.836464582170759,8.921430587768555,8.793981579371861,8.921430587768555,211500,0.0,0.0
1996-12-06 00:00:00-05:00,8.751498254292319,8.878947257995605,8.751498254292319,8.878947257995605,139500,0.0,0.0
1996-12-09 00:00:00-05:00,8.878947584969657,8.963913590567453,8.836464582170759,8.921430587768555,127400,0.0,0.0
1996-12-10 00:00:00-05:00,8.878951990379477,9.006401062011719,8.878951990379477,9.006401062011719,382600,0.0,0.0
1996-12-11 00:00:00-05:00,8.910441965296648,8.953280628591344,8.867603302001953,8.867603302001953,405600,0.22,0.0
1996-12-12 00:00:00-05:00,8.824764638707258,8.910441965296648,8.781925975412562,8.867603302001953,198200,0.0,0.0
1996-12-13 00:00:00-05:00,8.867602738050314,8.953280059190897,8.824764077480022,8.910441398620605,107500,0.0,0.0
1996-12-16 00:00:00-05:00,8.953280059190897,8.953280059190897,8.910441398620605,8.910441398620605,109900,0.0,0.0
1996-12-17 00:00:00-05:00,8.910441965296648,8.910441965296648,8.867603302001953,8.867603302001953,51500,0.0,0.0
1996-12-18 00:00:00-05:00,8.910441965296648,8.910441965296648,8.824764638707258,8.867603302001953,55900,0.0,0.0
1996-12-19 00:00:00-05:00,8.910440507629108,9.1246337890625,8.86760185134243,9.1246337890625,112300,0.0,0.0
1996-12-20 00:00:00-05:00,9.124633305693326,9.381665229797363,9.124633305693326,9.381665229797363,117000,0.0,0.0
1996-12-23 00:00:00-05:00,9.338826179504395,9.381664831703956,9.253148875105271,9.338826179504395,71900,0.0,0.0
1996-12-24 00:00:00-05:00,9.51017977396647,9.767211659749348,9.51017977396647,9.63869571685791,56500,0.0,0.0
1996-12-26 00:00:00-05:00,9.638699173406742,9.810053825378418,9.553021847420906,9.810053825378418,220400,0.0,0.0
1996-12-27 00:00:00-05:00,9.810058096877667,10.28128359498096,9.810058096877667,10.195606231689453,208300,0.0,0.0
1996-12-30 00:00:00-05:00,10.195600947395699,10.495471563495572,10.15276228795286,10.452632904052734,160000,0.0,0.0
1996-12-31 00:00:00-05:00,10.49547122370812,10.75250317204383,10.49547122370812,10.623987197875977,197200,0.0,0.0
1997-01-02 00:00:00-05:00,10.581152201713401,10.581152201713401,9.938572108491938,10.06708812713623,213200,0.0,0.0
1997-01-03 00:00:00-05:00,9.98140660717956,10.109922572078867,9.938567952213123,10.024245262145996,198300,0.0,0.0
1997-01-06 00:00:00-05:00,9.938567246062847,10.15276050567627,9.938567246062847,10.15276050567627,133300,0.0,0.0
1997-01-07 00:00:00-05:00,10.024245262145996,10.109922572078867,9.938567952213123,10.024245262145996,117900,0.0,0.0
1997-01-08 00:00:00-05:00,9.981411559828397,10.024250236050836,9.895734207383518,9.938572883605957,144800,0.0,0.0
1997-01-09 00:00:00-05:00,9.895734207383518,9.938572883605957,9.895734207383518,9.938572883605957,87100,0.0,0.0
1997-01-10 00:00:00-05:00,9.938572883605957,10.024250236050836,9.852895531161078,9.938572883605957,141800,0.0,0.0
1997-01-13 00:00:00-05:00,9.98140660717956,10.067083917112432,9.938567952213123,10.024245262145996,100400,0.0,0.0
1997-01-14 00:00:00-05:00,9.98140832933329,10.10992431640625,9.938569666975635,10.10992431640625,133400,0.0,0.0
1997-01-15 00:00:00-05:00,10.0242494542548,10.109926800017663,10.0242494542548,10.06708812713623,96300,0.0,0.0
1997-01-16 00:00:00-05:00,10.024246780657462,10.067085442113264,9.93856945774586,9.98140811920166,91600,0.0,0.0
1997-01-17 00:00:00-05:00,9.938575381324405,9.981414068312871,9.85289800734747,9.895736694335938,106500,0.0,0.0
1997-01-20 00:00:00-05:00,9.810059320359002,9.938575381324405,9.810059320359002,9.895736694335938,66300,0.0,0.0
1997-01-21 00:00:00-05:00,9.85289800734747,9.938575381324405,9.85289800734747,9.895736694335938,110400,0.0,0.0
1997-01-22 00:00:00-05:00,9.810056854938638,9.981411559828397,9.810056854938638,9.938572883605957,74500,0.0,0.0
1997-01-23 00:00:00-05:00,9.938572108491938,10.06708812713623,9.938572108491938,10.06708812713623,100800,0.0,0.0
1997-01-24 00:00:00-05:00,10.109927588495715,10.109927588495715,9.938572883605957,9.938572883605957,71700,0.0,0.0
1997-01-27 00:00:00-05:00,9.85289800734747,9.938575381324405,9.85289800734747,9.895736694335938,61200,0.0,0.0
1997-01-28 00:00:00-05:00,9.895730582527493,9.938569243057914,9.85289192199707,9.85289192199707,107800,0.0,0.0
1997-01-29 00:00:00-05:00,9.895730582527493,9.895730582527493,9.81005326146665,9.85289192199707,45700,0.0,0.0
1997-01-30 00:00:00-05:00,9.852892134834258,9.98140811920166,9.810053473378456,9.98140811920166,70000,0.0,0.0
1997-01-31 00:00:00-05:00,9.98140660717956,10.067083917112432,9.938567952213123,10.024245262145996,115300,0.0,0.0
1997-02-03 00:00:00-05:00,9.981414068312871,10.024252755301339,9.85289800734747,9.895736694335938,89500,0.0,0.0
1997-02-04 00:00:00-05:00,9.852889770978347,9.852889770978347,9.638696515087513,9.724373817443848,81700,0.0,0.0
1997-02-05 00:00:00-05:00,9.553016796370978,9.553016796370978,9.210307673631212,9.467339515686035,187300,0.0,0.0
1997-02-06 00:00:00-05:00,9.424500875343565,9.510178156028507,9.424500875343565,9.467339515686035,265000,0.0,0.0
1997-02-07 00:00:00-05:00,9.424505829811096,9.595860481262207,9.381667166948318,9.595860481262207,176500,0.0,0.0
1997-02-10 00:00:00-05:00,9.553023147583007,9.553023147583007,9.424507141113281,9.424507141113281,123600,0.0,0.0
1997-02-11 00:00:00-05:00,9.381669224919499,9.510185241699219,9.381669224919499,9.510185241699219,81500,0.0,0.0
1997-02-12 00:00:00-05:00,9.46734316359721,9.553020477294922,9.46734316359721,9.553020477294922,59900,0.0,0.0
1997-02-13 00:00:00-05:00,9.510185241699219,9.553023913959125,9.510185241699219,9.510185241699219,180200,0.0,0.0
1997-02-14 00:00:00-05:00,9.510185241699219,9.553023913959125,9.467346569439313,9.510185241699219,326600,0.0,0.0
1997-02-18 00:00:00-05:00,9.467346569439313,9.553023913959125,9.424507897179407,9.510185241699219,50100,0.0,0.0
1997-02-19 00:00:00-05:00,9.467344492673874,9.595860481262207,9.467344492673874,9.595860481262207,55300,0.0,0.0
1997-02-20 00:00:00-05:00,9.510181820446066,9.553020477294922,9.46734316359721,9.553020477294922,236300,0.0,0.0
1997-02-21 00:00:00-05:00,9.510185241699219,9.553023913959125,9.467346569439313,9.510185241699219,40200,0.0,0.0
1997-02-24 00:00:00-05:00,9.424500875343565,9.510178156028507,9.381662235001095,9.467339515686035,148400,0.0,0.0
1997-02-25 00:00:00-05:00,9.467339515686035,9.467339515686035,9.381662235001095,9.467339515686035,39500,0.0,0.0
1997-02-26 00:00:00-05:00,9.467344644432243,9.467344644432243,9.253151326684907,9.295989990234375,238100,0.0,0.0
1997-02-27 00:00:00-05:00,9.29599364895687,9.29599364895687,9.124638927317111,9.16747760772705,181000,0.0,0.0
1997-02-28 00:00:00-05:00,9.167474178935207,9.210312843322754,9.081796850160112,9.210312843322754,270900,0.0,0.0
1997-03-03 00:00:00-05:00,9.21031379699707,9.424507141113281,9.081797790527343,9.424507141113281,221500,0.0,0.0
1997-03-04 00:00:00-05:00,9.424507897179407,9.595862586219031,9.381669224919499,9.510185241699219,118000,0.0,0.0
1997-03-05 00:00:00-05:00,9.467344521435068,9.852892488371337,9.467344521435068,9.810053825378418,97700,0.0,0.0
1997-03-06 00:00:00-05:00,9.767218178716199,9.938572883605957,9.767218178716199,9.938572883605957,93200,0.0,0.0
1997-03-07 00:00:00-05:00,9.852892134834258,10.024246780657462,9.852892134834258,9.98140811920166,132100,0.0,0.0
1997-03-10 00:00:00-05:00,9.852894762729077,10.06708812713623,9.810056089847647,10.06708812713623,62100,0.0,0.0
1997-03-11 00:00:00-05:00,9.98141078137337,10.109926800017663,9.852894762729077,10.06708812713623,352700,0.0,0.0
1997-03-12 00:00:00-05:00,9.754594273504182,9.884080038196714,9.754594273504182,9.79775619506836,364300,0.22,0.0
1997-03-13 00:00:00-05:00,9.797754458838533,9.884078286669709,9.797754458838533,9.862497329711914,859200,0.0,0.0
1997-03-14 00:00:00-05:00,9.884074211120605,9.970398003357467,9.840912315002175,9.884074211120605,223500,0.0,0.0
1997-03-17 00:00:00-05:00,9.797753853080547,9.797753853080547,9.711430030586445,9.754591941833496,227100,0.0,0.0
1997-03-18 00:00:00-05:00,9.754594273504182,9.79775619506836,9.754594273504182,9.79775619506836,285600,0.0,0.0
1997-03-19 00:00:00-05:00,9.840917487766431,9.927241325378418,9.754593650154446,9.927241325378418,136400,0.0,0.0
1997-03-20 00:00:00-05:00,9.884081720789789,10.013567507525027,9.884081720789789,9.970405578613281,130300,0.0,0.0
1997-03-21 00:00:00-05:00,9.970400446339658,9.970400446339658,9.840914726257324,9.840914726257324,124300,0.0,0.0
1997-03-24 00:00:00-05:00,9.840917487766431,9.927241325378418,9.797755568960438,9.927241325378418,85800,0.0,0.0
1997-03-25 00:00:00-05:00,9.927243649701536,9.970405578613281,9.884081720789789,9.970405578613281,58700,0.0,0.0
1997-03-26 00:00:00-05:00,9.927240615195416,10.143050193786621,9.927240615195416,10.143050193786621,94000,0.0,0.0
1997-03-27 00:00:00-05:00,10.099887938335023,10.186211766867801,10.013564109802246,10.013564109802246,184300,0.0,0.0
1997-03-31 00:00:00-05:00,10.013564109802246,10.056726024068634,9.970402195535856,10.013564109802246,90200,0.0,0.0
1997-04-01 00:00:00-05:00,10.01356235303377,10.01356235303377,9.840914726257324,9.840914726257324,94900,0.0,0.0
1997-04-02 00:00:00-05:00,9.797753853080547,9.797753853080547,9.538782385598243,9.754591941833496,110300,0.0,0.0
1997-04-03 00:00:00-05:00,9.711429235097524,9.711429235097524,9.538781604251346,9.58194351196289,51200,0.0,0.0
1997-04-04 00:00:00-05:00,9.581947215965815,9.6682710647583,9.49562336717333,9.6682710647583,46400,0.0,0.0
1997-04-07 00:00:00-04:00,9.625109140362058,9.711432989154542,9.625109140362058,9.6682710647583,51800,0.0,0.0
1997-04-08 00:00:00-04:00,9.668267686631944,9.711429595947266,9.625105777316623,9.711429595947266,32300,0.0,0.0
1997-04-09 00:00:00-04:00,9.711429595947266,9.754591505262587,9.668267686631944,9.711429595947266,28400,0.0,0.0
1997-04-10 00:00:00-04:00,9.668266809574693,9.754590620374467,9.581942998774919,9.625104904174805,31700,0.0,0.0
1997-04-11 00:00:00-04:00,9.581945514678956,9.581945514678956,9.452459764480592,9.495621681213379,89500,0.0,0.0
1997-04-14 00:00:00-04:00,9.49562316615832,9.49562316615832,9.322975472228167,9.452461242675781,51900,0.0,0.0
1997-04-15 00:00:00-04:00,9.409299518380845,9.6682710647583,9.366137593984604,9.6682710647583,70200,0.0,0.0
1997-04-16 00:00:00-04:00,9.711429595947266,9.797753414577906,9.625105777316623,9.711429595947266,62500,0.0,0.0
1997-04-17 00:00:00-04:00,9.668268119339395,9.754591941833496,9.668268119339395,9.754591941833496,41600,0.0,0.0
1997-04-18 00:00:00-04:00,9.711432989154542,9.754594913550784,9.625109140362058,9.6682710647583,43400,0.0,0.0
1997-04-21 00:00:00-04:00,9.668266809574693,9.668266809574693,9.495619187975144,9.625104904174805,67200,0.0,0.0
1997-04-22 00:00:00-04:00,9.625104904174805,9.625104904174805,9.495619187975144,9.625104904174805,35800,0.0,0.0
1997-04-23 00:00:00-04:00,9.625107431411744,9.625107431411744,9.495621681213379,9.495621681213379,23300,0.0,0.0
1997-04-24 00:00:00-04:00,9.495620904145419,9.495620904145419,9.322973251342773,9.322973251342773,27700,0.0,0.0
1997-04-25 00:00:00-04:00,9.32296903368453,9.32296903368453,9.063997671637736,9.193483352661133,59700,0.0,0.0
1997-04-28 00:00:00-04:00,9.193489808640722,9.625109048483008,9.193489808640722,9.366137504577637,68500,0.0,0.0
1997-04-29 00:00:00-04:00,9.322975472228167,9.49562316615832,9.322975472228167,9.452461242675781,57300,0.0,0.0
1997-04-30 00:00:00-04:00,9.366136652924293,9.409298572983852,9.279812812805176,9.279812812805176,145100,0.0,0.0
1997-05-01 00:00:00-04:00,9.23665214678563,9.409299850463867,9.193490220866073,9.409299850463867,64300,0.0,0.0
1997-05-02 00:00:00-04:00,9.366134740610038,9.754591941833496,9.366134740610038,9.754591941833496,55400,0.0,0.0
1997-05-05 00:00:00-04:00,9.754595934054553,9.970405578613281,9.754595934054553,9.970405578613281,74400,0.0,0.0
1997-05-06 00:00:00-04:00,9.840912315002175,9.884074211120605,9.754588522765314,9.884074211120605,69400,0.0,0.0
1997-05-07 00:00:00-04:00,9.84091876234327,9.884080686739512,9.625109140362058,9.6682710647583,61100,0.0,0.0
1997-05-08 00:00:00-04:00,9.625104904174805,9.711428714974579,9.581942998774919,9.625104904174805,56100,0.0,0.0
1997-05-09 00:00:00-04:00,9.625105419674435,9.625105419674435,9.409295881116712,9.58194351196289,67800,0.0,0.0
1997-05-12 00:00:00-04:00,9.538785291569573,9.711432989154542,9.538785291569573,9.6682710647583,100500,0.0,0.0
1997-05-13 00:00:00-04:00,9.625108936605931,9.625108936605931,9.409299319193243,9.452461242675781,194200,0.0,0.0
1997-05-14 00:00:00-04:00,9.452461776383426,9.495623702302986,9.409299850463867,9.409299850463867,136200,0.0,0.0
1997-05-15 00:00:00-04:00,9.322975472228167,9.452461242675781,9.27981354874563,9.452461242675781,105500,0.0,0.0
1997-05-16 00:00:00-04:00,9.409299850463867,9.452461776383426,9.409299850463867,9.409299850463867,33400,0.0,0.0
1997-05-19 00:00:00-04:00,9.366137395710705,9.452461242675781,9.366137395710705,9.452461242675781,18600,0.0,0.0
1997-05-20 00:00:00-04:00,9.409299428561864,9.452461352546093,9.366137504577637,9.366137504577637,40000,0.0,0.0
1997-05-21 00:00:00-04:00,9.366137395710705,9.49562316615832,9.366137395710705,9.452461242675781,32500,0.0,0.0
1997-05-22 00:00:00-04:00,9.452461776383426,9.538785628222545,9.409299850463867,9.409299850463867,84900,0.0,0.0
1997-05-23 00:00:00-04:00,9.322975998624749,9.409299850463867,9.322975998624749,9.409299850463867,52700,0.0,0.0
1997-05-27 00:00:00-04:00,9.409299428561864,9.409299428561864,9.279813656609178,9.366137504577637,96800,0.0,0.0
1997-05-28 00:00:00-04:00,9.322974732864735,9.366136652924293,9.236650892745617,9.279812812805176,36900,0.0,0.0
1997-05-29 00:00:00-04:00,9.279809656597319,9.279809656597319,9.064000129699707,9.064000129699707,92100,0.0,0.0
1997-05-30 00:00:00-04:00,9.063997671637736,9.193483352661133,8.934511990614341,9.193483352661133,261300,0.0,0.0
1997-06-02 00:00:00-04:00,9.236650892745617,9.279812812805176,9.193488972686056,9.279812812805176,78300,0.0,0.0
1997-06-03 00:00:00-04:00,9.236650892745617,9.279812812805176,9.193488972686056,9.279812812805176,43500,0.0,0.0
1997-06-04 00:00:00-04:00,9.236654281616211,9.236654281616211,9.193492345720808,9.236654281616211,63500,0.0,0.0
1997-06-05 00:00:00-04:00,9.193485772834634,9.236647677871417,9.150323867797852,9.150323867797852,89900,0.0,0.0
1997-06-06 00:00:00-04:00,9.150328294946513,9.409299850463867,9.150328294946513,9.409299850463867,96500,0.0,0.0
1997-06-09 00:00:00-04:00,9.366135164543435,9.366135164543435,9.279811338142114,9.322973251342773,46400,0.0,0.0
1997-06-10 00:00:00-04:00,9.279812812805176,9.322974732864735,9.236650892745617,9.279812812805176,49200,0.0,0.0
1997-06-11 00:00:00-04:00,9.409297847747803,9.581945514678956,9.409297847747803,9.495621681213379,733000,0.0,0.0
1997-06-12 00:00:00-04:00,9.4851807680997,9.615710778669877,9.4851807680997,9.572200775146484,431900,0.22,0.0
1997-06-13 00:00:00-04:00,9.615703499473339,9.963783264160156,9.572193528887485,9.963783264160156,278600,0.0,0.0
1997-06-16 00:00:00-04:00,9.920280803333629,10.094320817427201,9.876770799810236,10.050810813903809,366200,0.0,0.0
1997-06-17 00:00:00-04:00,10.007299423217773,10.007299423217773,9.92027942823327,10.007299423217773,233400,0.0,0.0
1997-06-18 00:00:00-04:00,9.920273293574304,9.963783264160156,9.87676332298845,9.963783264160156,50500,0.0,0.0
1997-06-19 00:00:00-04:00,9.876773834228516,9.876773834228516,9.789753800446766,9.876773834228516,113500,0.0,0.0
1997-06-20 00:00:00-04:00,9.572202894422743,9.833262973361546,9.572202894422743,9.789752960205078,164100,0.0,0.0
1997-06-23 00:00:00-04:00,9.789753800446766,9.876773834228516,9.702733766665018,9.876773834228516,158500,0.0,0.0
1997-06-24 00:00:00-04:00,9.789750450535823,9.96379045854535,9.789750450535823,9.920280456542969,107100,0.0,0.0
1997-06-25 00:00:00-04:00,9.92027942823327,10.050809420710024,9.833259433248768,10.007299423217773,233600,0.0,0.0
1997-06-26 00:00:00-04:00,9.96378942572552,10.094319418202275,9.833259433248768,10.007299423217773,261100,0.0,0.0
1997-06-27 00:00:00-04:00,10.029050517285992,10.18133544921875,10.007295527009882,10.18133544921875,299700,0.0,0.0
1997-06-30 00:00:00-04:00,10.159580458942642,10.18133544921875,10.072560497838207,10.18133544921875,222400,0.0,0.0
1997-07-01 00:00:00-04:00,10.268360489083134,10.398890495300293,10.224850487010748,10.398890495300293,233500,0.0,0.0
1997-07-02 00:00:00-04:00,10.442401885986328,10.529421901702882,10.355381870269776,10.442401885986328,182900,0.0,0.0
1997-07-03 00:00:00-04:00,10.52941670777113,10.746966639749871,10.48590672137538,10.68170166015625,84100,0.0,0.0
1997-07-07 00:00:00-04:00,10.68170166015625,10.68170166015625,10.6381916737605,10.68170166015625,98000,0.0,0.0
1997-07-08 00:00:00-04:00,10.65994722818591,10.65994722818591,10.442397284753543,10.551172256469727,202600,0.0,0.0
1997-07-09 00:00:00-04:00,10.529417497516949,10.529417497516949,10.1378275905845,10.203092575073242,91000,0.0,0.0
1997-07-10 00:00:00-04:00,10.1378275905845,10.311867549221144,10.09431760092534,10.203092575073242,109400,0.0,0.0
1997-07-11 00:00:00-04:00,10.181340136770475,10.290115138231698,10.116075135893741,10.268360137939453,49300,0.0,0.0
1997-07-14 00:00:00-04:00,10.181340136770475,10.311870138523942,10.181340136770475,10.268360137939453,44200,0.0,0.0
1997-07-15 00:00:00-04:00,10.268363104926214,10.442403157552084,10.268363104926214,10.377138137817383,50400,0.0,0.0
1997-07-16 00:00:00-04:00,10.31187040875067,10.507665416511758,10.31187040875067,10.485910415649414,61700,0.0,0.0
1997-07-17 00:00:00-04:00,10.464150613227499,10.638190540266626,10.464150613227499,10.572925567626953,73500,0.0,0.0
1997-07-18 00:00:00-04:00,10.616439677173307,10.616439677173307,10.442399682465547,10.507664680480957,84500,0.0,0.0
1997-07-21 00:00:00-04:00,10.464155498408873,10.464155498408873,10.333625492191715,10.398890495300293,34400,0.0,0.0
1997-07-22 00:00:00-04:00,10.355378813932733,10.442398803965782,10.333623816424472,10.42064380645752,76600,0.0,0.0
1997-07-23 00:00:00-04:00,10.420646882057191,10.464156889915467,10.377136874198914,10.442401885986328,60800,0.0,0.0
1997-07-24 00:00:00-04:00,10.398891878128053,10.464156889915467,10.398891878128053,10.442401885986328,174900,0.0,0.0
1997-07-25 00:00:00-04:00,10.485908798982306,10.529418793998829,10.398888808949257,10.42064380645752,126300,0.0,0.0
1997-07-28 00:00:00-04:00,10.377138669867264,10.420648685254548,10.311873646786339,10.33362865447998,184800,0.0,0.0
1997-07-29 00:00:00-04:00,10.333623956975917,10.420643948192556,10.246603965759277,10.246603965759277,38900,0.0,0.0
1997-07-30 00:00:00-04:00,10.224844668430707,10.333619611711885,10.224844668430707,10.290109634399414,54700,0.0,0.0
1997-07-31 00:00:00-04:00,10.268363631399055,10.33362865447998,10.22485361601177,10.33362865447998,65500,0.0,0.0
1997-08-01 00:00:00-04:00,10.377138137817383,10.377138137817383,10.137833065456814,10.377138137817383,46800,0.0,0.0
1997-08-04 00:00:00-04:00,10.33362208903474,10.33362208903474,10.00729718095996,10.159582138061523,107900,0.0,0.0
1997-08-05 00:00:00-04:00,10.050810135017008,10.268360137939453,10.007300134432517,10.268360137939453,126400,0.0,0.0
1997-08-06 00:00:00-04:00,10.268358823899685,10.42064380645752,10.268358823899685,10.42064380645752,113700,0.0,0.0
1997-08-07 00:00:00-04:00,10.33362208903474,10.377132076778045,10.11607215031822,10.159582138061523,58000,0.0,0.0
1997-08-08 00:00:00-04:00,10.09431861139113,10.159583602413054,10.09431861139113,10.116073608398438,58400,0.0,0.0
1997-08-11 00:00:00-04:00,10.094315843978647,10.33362074545228,9.942030906677246,9.942030906677246,38400,0.0,0.0
1997-08-12 00:00:00-04:00,9.942030906677246,10.007295879806419,9.920275915634189,9.942030906677246,34100,0.0,0.0
1997-08-13 00:00:00-04:00,9.898526282638244,9.898526282638244,9.702731257267379,9.811506271362305,110800,0.0,0.0
1997-08-14 00:00:00-04:00,9.74624294704861,9.920282999674479,9.74624294704861,9.789752960205078,108400,0.0,0.0
1997-08-15 00:00:00-04:00,9.702729225158691,9.789749218209442,9.593954233845254,9.702729225158691,59200,0.0,0.0
1997-08-18 00:00:00-04:00,9.659214251228931,9.702724225333567,9.615704277124298,9.68096923828125,43800,0.0,0.0
1997-08-19 00:00:00-04:00,9.680974226896005,9.72448422342138,9.637464230370629,9.702729225158691,93900,0.0,0.0
1997-08-20 00:00:00-04:00,9.615711641741228,9.702731656598615,9.593956638026881,9.659221649169922,46500,0.0,0.0
1997-08-21 00:00:00-04:00,9.659221649169922,9.724486660312962,9.572201634312535,9.659221649169922,251500,0.0,0.0
1997-08-22 00:00:00-04:00,9.57219498498099,9.746234893798828,9.506930019174304,9.746234893798828,84700,0.0,0.0
1997-08-25 00:00:00-04:00,9.659219301663912,9.746239295372597,9.61570930480957,9.61570930480957,91100,0.0,0.0
1997-08-26 00:00:00-04:00,9.528690771623092,9.659220782193271,9.528690771623092,9.572200775146484,62700,0.0,0.0
1997-08-27 00:00:00-04:00,9.57220086263954,9.57220086263954,9.485180854797363,9.485180854797363,64000,0.0,0.0
1997-08-28 00:00:00-04:00,9.398160761052912,9.593955776908182,9.398160761052912,9.572200775146484,89200,0.0,0.0
1997-08-29 00:00:00-04:00,9.485179884131076,9.789749880410515,9.485179884131076,9.76799488067627,45300,0.0,0.0
1997-09-02 00:00:00-04:00,9.68097544552987,9.96379045854535,9.68097544552987,9.920280456542969,61600,0.0,0.0
1997-09-03 00:00:00-04:00,9.942034426979395,10.007299423217773,9.92027942823327,10.007299423217773,167000,0.0,0.0
1997-09-04 00:00:00-04:00,9.963790806857023,10.050810813903809,9.920280803333629,10.050810813903809,72500,0.0,0.0
1997-09-05 00:00:00-04:00,10.029055812142113,10.181340824473988,9.963790806857023,10.050810813903809,130700,0.0,0.0
1997-09-08 00:00:00-04:00,10.072565815665506,10.094320817427201,9.985545808618719,10.050810813903809,76000,0.0,0.0
1997-09-09 00:00:00-04:00,10.007295879806419,10.007295879806419,9.909398420112659,9.942030906677246,112600,0.0,0.0
1997-09-10 00:00:00-04:00,9.920280456542969,10.007300460547732,9.898525455541778,9.920280456542969,339600,0.0,0.0
1997-09-11 00:00:00-04:00,9.822056244307035,9.822056244307035,9.734359313554293,9.778207778930664,372700,0.22,0.0
1997-09-12 00:00:00-04:00,9.64667016520001,9.909761169705465,9.6028216644491,9.843988418579102,157300,0.0,0.0
1997-09-15 00:00:00-04:00,9.887830431972231,9.887830431972231,9.778209252016884,9.822057723999023,177700,0.0,0.0
1997-09-16 00:00:00-04:00,9.778211719664183,9.953605651855469,9.69051475356854,9.953605651855469,100200,0.0,0.0
1997-09-17 00:00:00-04:00,9.909753678403224,10.01937484741211,9.86590521079967,10.01937484741211,104900,0.0,0.0
1997-09-18 00:00:00-04:00,10.216696452888506,10.348241900779774,10.12899948762766,10.150923728942871,150700,0.0,0.0
1997-09-19 00:00:00-04:00,10.150918746780563,10.216691438444368,9.909752210679946,9.97552490234375,134400,0.0,0.0
1997-09-22 00:00:00-04:00,9.887826502717884,10.063220320947913,9.843978048160377,9.93167495727539,101700,0.0,0.0
1997-09-23 00:00:00-04:00,9.909759563312194,10.063229291062605,9.86591106966922,9.997456550598145,86500,0.0,0.0
1997-09-24 00:00:00-04:00,9.997452026758438,10.260542869567871,9.887830842254509,10.260542869567871,119700,0.0,0.0
1997-09-25 00:00:00-04:00,10.260544114811406,10.326316833496094,10.260544114811406,10.326316833496094,37100,0.0,0.0
1997-09-26 00:00:00-04:00,10.282467106468657,10.348239817171015,10.216694395766298,10.260542869567871,85400,0.0,0.0
1997-09-29 00:00:00-04:00,10.172847156565155,10.37016531261922,10.172847156565155,10.326316833496094,135400,0.0,0.0
1997-09-30 00:00:00-04:00,10.304391937416817,10.61133127172285,10.304391937416817,10.392088890075684,148100,0.0,0.0
1997-10-01 00:00:00-04:00,10.479789733886719,10.501713980191921,10.370168502360707,10.479789733886719,45400,0.0,0.0
1997-10-02 00:00:00-04:00,10.50171274486341,10.523636988589638,10.392091526232267,10.414015769958496,80800,0.0,0.0
1997-10-03 00:00:00-04:00,10.501707622560405,10.523631855592889,10.282465292235552,10.348237991333008,66200,0.0,0.0
1997-10-06 00:00:00-04:00,10.260541133290713,10.74287426348814,10.260541133290713,10.63325309753418,81600,0.0,0.0
1997-10-07 00:00:00-04:00,10.54556106130282,10.699030764897664,10.457864087820052,10.523636817932129,123900,0.0,0.0
1997-10-08 00:00:00-04:00,10.479788108080191,10.58940932259986,10.435939622272326,10.545560836791992,93100,0.0,0.0
1997-10-09 00:00:00-04:00,10.501710080899267,10.501710080899267,10.34824041374625,10.392088890075684,22600,0.0,0.0
1997-10-10 00:00:00-04:00,10.392084030119511,10.501705169677734,10.260538662649644,10.501705169677734,78100,0.0,0.0
1997-10-13 00:00:00-04:00,10.52363498955016,10.61133194779641,10.282468354372968,10.326316833496094,42200,0.0,0.0
1997-10-14 00:00:00-04:00,10.414014238792696,10.435938479295418,10.238620314770925,10.282468795776367,26000,0.0,0.0
1997-10-15 00:00:00-04:00,10.260542349753973,10.304390821334117,10.194769642383754,10.216693878173828,50300,0.0,0.0
1997-10-16 00:00:00-04:00,10.26053968860257,10.26053968860257,10.12899430797946,10.194766998291016,57200,0.0,0.0
1997-10-17 00:00:00-04:00,10.085151100998933,10.085151100998933,9.822060202712004,9.953605651855469,79700,0.0,0.0
1997-10-20 00:00:00-04:00,9.95360004225152,10.128993875595159,9.909751583915611,10.04129695892334,32500,0.0,0.0
1997-10-21 00:00:00-04:00,10.107073047886724,10.150921520979507,10.06322457479394,10.085148811340332,96800,0.0,0.0
1997-10-22 00:00:00-04:00,10.085146055116759,10.10707028567136,9.97552490234375,9.97552490234375,28800,0.0,0.0
1997-10-23 00:00:00-04:00,9.90975806342231,9.97553079393175,9.822061089409722,9.865909576416016,19300,0.0,0.0
1997-10-24 00:00:00-04:00,9.822061908530772,10.085152852509276,9.822061908530772,10.063228607177734,70100,0.0,0.0
1997-10-27 00:00:00-05:00,10.041305044241119,10.129002031527067,9.909759563312194,9.997456550598145,42300,0.0,0.0
1997-10-28 00:00:00-05:00,9.778209252016884,9.931678903954369,9.734360780034747,9.822057723999023,77700,0.0,0.0
1997-10-29 00:00:00-05:00,9.822056743196116,10.08514754881744,9.822056743196116,10.01937484741211,100700,0.0,0.0
1997-10-30 00:00:00-05:00,9.931679567058435,9.975528041968186,9.73436142996456,9.756285667419434,84700,0.0,0.0
1997-10-31 00:00:00-05:00,9.66858885721727,9.75628580830314,9.602816143902865,9.6466646194458,122100,0.0,0.0
1997-11-03 00:00:00-05:00,9.690512308052607,9.865906195981161,9.646663836070468,9.822057723999023,87000,0.0,0.0
1997-11-04 00:00:00-05:00,9.778210046074607,9.822058521617542,9.6466646194458,9.6466646194458,49700,0.0,0.0
1997-11-05 00:00:00-05:00,9.646667255565964,9.668591499328613,9.558970280515364,9.668591499328613,103500,0.0,0.0
1997-11-06 00:00:00-05:00,9.668588557559783,9.690512794651756,9.580891609191895,9.580891609191895,20300,0.0,0.0
1997-11-07 00:00:00-05:00,9.471272089709974,9.60281753540039,9.383575125916364,9.60281753540039,204300,0.0,0.0
1997-11-10 00:00:00-05:00,9.471270042242006,9.558966987077579,9.427421569824219,9.427421569824219,89500,0.0,0.0
1997-11-11 00:00:00-05:00,9.339724410161065,9.449345588684082,9.339724410161065,9.449345588684082,65300,0.0,0.0
1997-11-12 00:00:00-05:00,9.361653055784837,9.38357730181712,9.16433484149429,9.295880317687988,186400,0.0,0.0
1997-11-13 00:00:00-05:00,9.734364833112831,9.887834548950195,9.60281936239509,9.887834548950195,187200,0.0,0.0
1997-11-14 00:00:00-05:00,9.86590685469381,9.975528041968186,9.73436142996456,9.756285667419434,153400,0.0,0.0
1997-11-17 00:00:00-05:00,9.668588072061539,9.953603139945438,9.668588072061539,9.822057723999023,154900,0.0,0.0
1997-11-18 00:00:00-05:00,9.6466646194458,9.690513094988736,9.602816143902865,9.6466646194458,520200,0.0,0.0
1997-11-19 00:00:00-05:00,9.646662927162675,9.668587161088045,9.624738693237305,9.624738693237305,149600,0.0,0.0
1997-11-20 00:00:00-05:00,9.6466646194458,9.6466646194458,9.602816143902865,9.6466646194458,102900,0.0,0.0
1997-11-21 00:00:00-05:00,9.624740381674334,9.690513094988736,9.624740381674334,9.6466646194458,78400,0.0,0.0
1997-11-24 00:00:00-05:00,9.624740381674334,9.690513094988736,9.602816143902865,9.6466646194458,198400,0.0,0.0
1997-11-25 00:00:00-05:00,9.580894301919376,9.690515518188477,9.558970058665556,9.690515518188477,86500,0.0,0.0
1997-11-26 00:00:00-05:00,9.668588072061539,9.865906195981161,9.668588072061539,9.822057723999023,121000,0.0,0.0
1997-11-28 00:00:00-05:00,9.800136734457578,9.822060977711397,9.690515518188477,9.690515518188477,58200,0.0,0.0
1997-12-01 00:00:00-05:00,9.690515628390841,9.865909576416016,9.646667141384548,9.865909576416016,167500,0.0,0.0
1997-12-02 00:00:00-05:00,9.822055074192534,9.843979304268856,9.756282383963567,9.800130844116211,356600,0.0,0.0
1997-12-03 00:00:00-05:00,9.800134142329185,9.82205837978406,9.756285667419434,9.756285667419434,45800,0.0,0.0
1997-12-04 00:00:00-05:00,9.712439761442296,9.778212491203757,9.668591274934656,9.690515518188477,130200,0.0,0.0
1997-12-05 00:00:00-05:00,9.668591274934656,9.734364004696117,9.668591274934656,9.690515518188477,167500,0.0,0.0
1997-12-08 00:00:00-05:00,9.668591274934656,9.778212491203757,9.646667031680837,9.690515518188477,122700,0.0,0.0
1997-12-09 00:00:00-05:00,9.690512794651756,9.7343612688357,9.580891609191895,9.580891609191895,107600,0.0,0.0
1997-12-10 00:00:00-05:00,9.602818545173196,9.690515518188477,9.580894301919376,9.690515518188477,406500,0.0,0.0
1997-12-11 00:00:00-05:00,9.635705201522164,9.702005925385848,9.52520399508269,9.657805442810059,357400,0.22,0.0
1997-12-12 00:00:00-05:00,9.657805442810059,9.724106166673742,9.635705201522164,9.657805442810059,57900,0.0,0.0
1997-12-15 00:00:00-05:00,9.63570109280673,9.768302483992143,9.63570109280673,9.724102020263672,96100,0.0,0.0
1997-12-16 00:00:00-05:00,9.724103824512378,9.856705240301183,9.724103824512378,9.812504768371582,97700,0.0,0.0
1997-12-17 00:00:00-05:00,9.834605004336384,9.834605004336384,9.76830429644198,9.812504768371582,119900,0.0,0.0
1997-12-18 00:00:00-05:00,9.812508926910608,9.812508926910608,9.72410794558709,9.746208190917969,99500,0.0,0.0
1997-12-19 00:00:00-05:00,9.812504768371582,9.812504768371582,9.635702880653175,9.812504768371582,262200,0.0,0.0
1997-12-22 00:00:00-05:00,9.76830768585205,9.812508173118351,9.702006954952603,9.76830768585205,184100,0.0,0.0
1997-12-23 00:00:00-05:00,9.768310233222113,9.945112228393555,9.768310233222113,9.945112228393555,47200,0.0,0.0
1997-12-24 00:00:00-05:00,9.945112505600406,10.188215255737305,9.945112505600406,10.188215255737305,94400,0.0,0.0
1997-12-26 00:00:00-05:00,10.188212189467057,10.232412676189256,10.166111946105957,10.166111946105957,47100,0.0,0.0
1997-12-29 00:00:00-05:00,10.166113954909305,10.409216679918005,10.121913459453177,10.387116432189941,385500,0.0,0.0
1997-12-30 00:00:00-05:00,10.342911080469058,10.475512504577637,10.2987106057662,10.475512504577637,281100,0.0,0.0
1997-12-31 00:00:00-05:00,10.431316927646069,10.49761767083026,10.387116432189941,10.387116432189941,95000,0.0,0.0
1998-01-02 00:00:00-05:00,10.34291141064136,10.409212124812138,10.144009268129025,10.210309982299805,27500,0.0,0.0
1998-01-05 00:00:00-05:00,10.342912046370968,10.342912046370968,10.144009891633063,10.276611328125,250000,0.0,0.0
1998-01-06 00:00:00-05:00,10.43131824632273,10.43131824632273,10.276616492669639,10.320816993713379,142300,0.0,0.0
1998-01-07 00:00:00-05:00,10.409211792523347,10.541813216631926,10.387111555171918,10.475512504577637,145800,0.0,0.0
1998-01-08 00:00:00-05:00,10.453413427252519,10.519714146664269,10.453413427252519,10.497613906860352,87600,0.0,0.0
1998-01-09 00:00:00-05:00,10.519715792890908,10.696517738989915,10.519715792890908,10.674417495727539,647600,0.0,0.0
1998-01-12 00:00:00-05:00,10.608116561446447,10.762818261300875,10.608116561446447,10.65231704711914,186600,0.0,0.0
1998-01-13 00:00:00-05:00,10.740719097876267,11.182723999023438,10.740719097876267,11.182723999023438,478500,0.0,0.0
1998-01-14 00:00:00-05:00,11.138522631501498,11.315324578033268,11.138522631501498,11.293224334716797,392200,0.0,0.0
1998-01-15 00:00:00-05:00,11.29322260675412,11.580525725908336,11.182721407079423,11.514225006103516,287300,0.0,0.0
1998-01-16 00:00:00-05:00,11.514220801266758,11.691022656180643,11.514220801266758,11.668922424316406,404800,0.0,0.0
1998-01-20 00:00:00-05:00,11.580526719137888,11.823629379272461,11.447925268155393,11.823629379272461,129400,0.0,0.0
1998-01-21 00:00:00-05:00,11.73522782918372,11.8015285513825,11.51422542185446,11.558425903320312,106400,0.0,0.0
1998-01-22 00:00:00-05:00,11.580523490905762,11.668924433584431,11.536323019566426,11.580523490905762,167600,0.0,0.0
1998-01-23 00:00:00-05:00,11.58052296511574,11.624723434448242,11.536322495783237,11.624723434448242,276000,0.0,0.0
1998-01-26 00:00:00-05:00,11.624723962245097,11.624723962245097,11.492122548227092,11.580523490905762,83700,0.0,0.0
1998-01-27 00:00:00-05:00,11.58052614405324,11.58052614405324,11.51422542185446,11.558425903320312,175800,0.0,0.0
1998-01-28 00:00:00-05:00,11.536325662587387,11.58052614405324,11.536325662587387,11.558425903320312,76500,0.0,0.0
1998-01-29 00:00:00-05:00,11.536321207193227,11.580521671588604,11.447920278402474,11.492120742797852,142500,0.0,0.0
1998-01-30 00:00:00-05:00,11.514222261116986,11.713124373113248,11.470021791784482,11.624723434448242,152800,0.0,0.0
1998-02-02 00:00:00-05:00,11.713128838061385,11.845730296605478,11.668928351880021,11.691028594970703,229000,0.0,0.0
1998-02-03 00:00:00-05:00,11.624729359172553,11.668929851032525,11.53632837545261,11.646829605102539,41800,0.0,0.0
1998-02-04 00:00:00-05:00,11.580527379517294,11.713128838061385,11.580527379517294,11.691028594970703,167400,0.0,0.0
1998-02-05 00:00:00-05:00,11.69103009696251,11.757330834752468,11.602629113242568,11.646829605102539,287500,0.0,0.0
1998-02-06 00:00:00-05:00,11.64682851672846,11.75732973605226,11.602628028998941,11.7352294921875,180200,0.0,0.0
1998-02-09 00:00:00-05:00,11.668921608414928,11.801522990328735,11.668921608414928,11.779422760009766,142200,0.0,0.0
1998-02-10 00:00:00-05:00,11.889928608189303,11.889928608189303,11.801527651994588,11.867828369140625,106800,0.0,0.0
1998-02-11 00:00:00-05:00,11.713124373113248,11.801525311778255,11.602623199781991,11.624723434448242,255200,0.0,0.0
1998-02-12 00:00:00-05:00,11.646826990307641,11.668927231275967,11.425824580624385,11.470025062561035,73800,0.0,0.0
1998-02-13 00:00:00-05:00,11.492125303529361,11.536325785466012,11.403724339656058,11.470025062561035,76800,0.0,0.0
1998-02-17 00:00:00-05:00,11.381624013997238,11.447924736408872,11.315323291585603,11.35952377319336,110200,0.0,0.0
1998-02-18 00:00:00-05:00,11.226922988891602,11.31532395730807,11.160622262579249,11.226922988891602,89000,0.0,0.0
1998-02-19 00:00:00-05:00,11.050121052058662,11.271123473099836,11.050121052058662,11.226922988891602,101900,0.0,0.0
1998-02-20 00:00:00-05:00,11.182722504683367,11.31532395730807,11.050121052058662,11.226922988891602,149700,0.0,0.0
1998-02-23 00:00:00-05:00,11.226923194990176,11.293223922519646,11.094321739931237,11.2490234375,82500,0.0,0.0
1998-02-24 00:00:00-05:00,11.293218395756739,11.35951909083946,11.226917700674019,11.2711181640625,126100,0.0,0.0
1998-02-25 00:00:00-05:00,11.24901793236826,11.293218395756739,11.226917700674019,11.2711181640625,22500,0.0,0.0
1998-02-26 00:00:00-05:00,11.226922988891602,11.31532395730807,11.182722504683367,11.226922988891602,30700,0.0,0.0
1998-02-27 00:00:00-05:00,11.138517878843853,11.182718346617044,10.873315072204713,10.895415306091309,92000,0.0,0.0
1998-03-02 00:00:00-05:00,10.895414440178431,10.96171513656897,10.807013511657715,10.807013511657715,66100,0.0,0.0
1998-03-03 00:00:00-05:00,10.82911919856417,10.82911919856417,10.652317252465162,10.674417495727539,90000,0.0,0.0
1998-03-04 00:00:00-05:00,10.630215226732863,10.630215226732863,10.475513549836544,10.586014747619629,294700,0.0,0.0
1998-03-05 00:00:00-05:00,10.519715792890908,10.82911919856417,10.475515306366155,10.674417495727539,48600,0.0,0.0
1998-03-06 00:00:00-05:00,10.674417437576667,10.873319625854492,10.674417437576667,10.873319625854492,44900,0.0,0.0
1998-03-09 00:00:00-05:00,10.829113832454091,10.851214064765223,10.718612670898438,10.718612670898438,133300,0.0,0.0
1998-03-10 00:00:00-05:00,10.652317252465162,10.784918712039417,10.652317252465162,10.674417495727539,78700,0.0,0.0
1998-03-11 00:00:00-05:00,10.718618188022583,10.718618188022583,10.60811696958936,10.696517944335938,354400,0.0,0.0
1998-03-12 00:00:00-05:00,10.685833930969238,10.886193317174913,10.663571776946386,10.685833930969238,322600,0.22,0.0
1998-03-13 00:00:00-05:00,10.6858294523215,10.6858294523215,10.463208005398135,10.55225658416748,60700,0.0,0.0
1998-03-16 00:00:00-05:00,10.641304634495786,10.70809106525622,10.574518203735352,10.574518203735352,71700,0.0,0.0
1998-03-17 00:00:00-05:00,10.552259540359591,10.77488104964988,10.552259540359591,10.708094596862793,90200,0.0,0.0
1998-03-18 00:00:00-05:00,10.752618582178858,10.752618582178858,10.619045680536885,10.641307830810547,105800,0.0,0.0
1998-03-19 00:00:00-05:00,10.663571776946386,10.685833930969238,10.61904746890068,10.685833930969238,47500,0.0,0.0
1998-03-20 00:00:00-05:00,10.819404815737142,10.863929115390382,10.708094066604044,10.730356216430664,92100,0.0,0.0
1998-03-23 00:00:00-05:00,10.641308144075706,10.708094596862793,10.596783842217649,10.708094596862793,37400,0.0,0.0
1998-03-24 00:00:00-05:00,10.685831916777426,10.774880516083904,10.663569766950806,10.730356216430664,71200,0.0,0.0
1998-03-25 00:00:00-05:00,10.685829821928047,10.819402694702148,10.641305531003347,10.819402694702148,76400,0.0,0.0
1998-03-26 00:00:00-05:00,10.841664704500012,10.930713285235123,10.663567543029785,10.663567543029785,62000,0.0,0.0
1998-03-27 00:00:00-05:00,10.730357059762497,10.84166781764385,10.730357059762497,10.774881362915039,164200,0.0,0.0
1998-03-30 00:00:00-05:00,10.774880516083904,10.863929115390382,10.685831916777426,10.730356216430664,152800,0.0,0.0
1998-03-31 00:00:00-05:00,10.819401370368988,10.997498512268066,10.68582851394468,10.997498512268066,172900,0.0,0.0
1998-04-01 00:00:00-05:00,11.019759610775978,11.13107031391513,10.952973188892487,11.042021751403809,70400,0.0,0.0
1998-04-02 00:00:00-05:00,11.042025473931368,11.37595769592526,11.019763325798442,11.286909103393555,107800,0.0,0.0
1998-04-03 00:00:00-05:00,11.2869086959987,11.62084090593949,11.175597959351771,11.465005874633789,219300,0.0,0.0
1998-04-06 00:00:00-04:00,11.5540566996718,11.620843154583198,11.442745941486137,11.531794548034668,159700,0.0,0.0
1998-04-07 00:00:00-04:00,11.509532396397535,11.620843154583198,11.487270244760403,11.531794548034668,177000,0.0,0.0
1998-04-08 00:00:00-04:00,11.620840139818284,11.665364431541725,11.375956535339355,11.375956535339355,115000,0.0,0.0
1998-04-09 00:00:00-04:00,11.353695652272442,11.39821994894802,11.197860613907919,11.242384910583496,53500,0.0,0.0
1998-04-13 00:00:00-04:00,11.331433503934653,11.353695652272442,11.197860613907919,11.242384910583496,50000,0.0,0.0
1998-04-14 00:00:00-04:00,11.197860613907919,11.264647058921286,11.175598465570129,11.242384910583496,62400,0.0,0.0
1998-04-15 00:00:00-04:00,11.153335996832979,11.19786029222952,10.997500962945095,11.17559814453125,208100,0.0,0.0
1998-04-16 00:00:00-04:00,11.309173729817873,11.309173729817873,11.064290046691895,11.064290046691895,152300,0.0,0.0
1998-04-17 00:00:00-04:00,11.064284506482478,11.131070932074927,10.975235939025879,10.975235939025879,98300,0.0,0.0
1998-04-20 00:00:00-04:00,10.886187798581142,11.086547083217605,10.863925655843758,10.997498512268066,58200,0.0,0.0
1998-04-21 00:00:00-04:00,10.97523890299127,11.06428749449627,10.88619031148627,10.93071460723877,213900,0.0,0.0
1998-04-22 00:00:00-04:00,10.886193810916337,10.952980276013983,10.797145190786143,10.863931655883789,145100,0.0,0.0
1998-04-23 00:00:00-04:00,10.886190518216676,10.952976963113711,10.81940407331964,10.841666221618652,62500,0.0,0.0
1998-04-24 00:00:00-04:00,10.841666965563762,10.908453415043622,10.685831916777426,10.730356216430664,89700,0.0,0.0
1998-04-27 00:00:00-04:00,10.685833930969238,10.752620393037796,10.641309622923533,10.685833930969238,74300,0.0,0.0
1998-04-28 00:00:00-04:00,10.708094908186226,10.863929969220122,10.708094908186226,10.774881362915039,90000,0.0,0.0
1998-04-29 00:00:00-04:00,10.819403345991926,10.997500520411545,10.797141199189472,10.95297622680664,43800,0.0,0.0
1998-04-30 00:00:00-04:00,10.95297622680664,11.04202481401645,10.95297622680664,10.95297622680664,192300,0.0,0.0
1998-05-01 00:00:00-04:00,10.952973797161729,10.99749808089003,10.908449513433428,10.975235939025879,65300,0.0,0.0
1998-05-04 00:00:00-04:00,10.908454975611727,11.086552199703348,10.819406363565918,11.064290046691895,43500,0.0,0.0
1998-05-05 00:00:00-04:00,11.064284879153536,11.086547021767528,10.641304169487707,10.797139167785645,502800,0.0,0.0
1998-05-06 00:00:00-04:00,10.863926362893821,10.952974939638851,10.774877786148789,10.886188507080078,268500,0.0,0.0
1998-05-07 00:00:00-04:00,10.886186080076255,10.930710358522376,10.886186080076255,10.908448219299316,120500,0.0,0.0
1998-05-08 00:00:00-04:00,10.886192120796393,10.908454272372662,10.663570605033685,10.774881362915039,186100,0.0,0.0
1998-05-11 00:00:00-04:00,10.730356431905197,10.774880732452521,10.641307830810547,10.641307830810547,227700,0.0,0.0
1998-05-12 00:00:00-04:00,10.596785314877827,10.708096084992091,10.596785314877827,10.685833930969238,184200,0.0,0.0
1998-05-13 00:00:00-04:00,10.685832445933764,10.730356747791822,10.685832445933764,10.708094596862793,89900,0.0,0.0
1998-05-14 00:00:00-04:00,10.708094066604044,10.774880516083904,10.685831916777426,10.730356216430664,110000,0.0,0.0
1998-05-15 00:00:00-04:00,10.730356431905197,10.730356431905197,10.641307830810547,10.641307830810547,125900,0.0,0.0
1998-05-18 00:00:00-04:00,10.685833930969238,10.774882547060649,10.663571776946386,10.685833930969238,56500,0.0,0.0
1998-05-19 00:00:00-04:00,10.6858294523215,10.6858294523215,10.529994439475145,10.55225658416748,162800,0.0,0.0
1998-05-20 00:00:00-04:00,10.574523087031746,10.619047394766616,10.507736625429441,10.529998779296875,119500,0.0,0.0
1998-05-21 00:00:00-04:00,10.50773578489915,10.641308697419054,10.4854736328125,10.4854736328125,103500,0.0,0.0
1998-05-22 00:00:00-04:00,10.463207433152096,10.485469576626887,10.285110285353763,10.37415885925293,82100,0.0,0.0
1998-05-26 00:00:00-04:00,10.351901247146282,10.485474166464298,10.329639093926613,10.463212013244629,57600,0.0,0.0
1998-05-27 00:00:00-04:00,10.418684432755654,10.440946578979492,10.24058726296496,10.440946578979492,70400,0.0,0.0
1998-05-28 00:00:00-04:00,10.418684432755654,10.507733017651002,10.37416014030798,10.440946578979492,108200,0.0,0.0
1998-05-29 00:00:00-04:00,10.418688082695008,10.685833930969238,10.418688082695008,10.685833930969238,130700,0.0,0.0
1998-06-01 00:00:00-04:00,10.641309622923533,10.730358239014944,10.596785314877827,10.685833930969238,53100,0.0,0.0
1998-06-02 00:00:00-04:00,10.663567543029785,10.752616123764899,10.596781107478451,10.663567543029785,40200,0.0,0.0
1998-06-03 00:00:00-04:00,10.64130027754968,10.685824546493402,10.596776008605957,10.596776008605957,21300,0.0,0.0
1998-06-04 00:00:00-04:00,10.55225380800538,10.59677808567629,10.507729530334473,10.507729530334473,22400,0.0,0.0
1998-06-05 00:00:00-04:00,10.50773172010168,10.50773172010168,10.26284814187897,10.37415885925293,77600,0.0,0.0
1998-06-08 00:00:00-04:00,10.463209460521567,10.529995903886597,10.329636573791504,10.329636573791504,41500,0.0,0.0
1998-06-09 00:00:00-04:00,10.329635719200233,10.329635719200233,10.262849281360577,10.285111427307129,43200,0.0,0.0
1998-06-10 00:00:00-04:00,10.285109267453917,10.307371408725462,10.151536419824646,10.173798561096191,448700,0.0,0.0
1998-06-11 00:00:00-04:00,10.050854682922363,10.095724569899694,10.050854682922363,10.050854682922363,59500,0.22,0.0
1998-06-12 00:00:00-04:00,10.140596336293443,10.140596336293443,9.557287697480104,9.602157592773438,283600,0.0,0.0
1998-06-15 00:00:00-04:00,9.69189167022705,9.826501276757982,9.669456735805229,9.69189167022705,113200,0.0,0.0
1998-06-16 00:00:00-04:00,9.64702579273897,9.69189568014706,9.42267635569853,9.53485107421875,622400,0.0,0.0
1998-06-17 00:00:00-04:00,9.512418276764626,9.669462918126307,9.512418276764626,9.647027969360352,188700,0.0,0.0
1998-06-18 00:00:00-04:00,9.579723833879946,9.647028685171842,9.557288883449313,9.624593734741211,146500,0.0,0.0
1998-06-19 00:00:00-04:00,9.69189786689226,9.736767764424169,9.602158071828443,9.647027969360352,215900,0.0,0.0
1998-06-22 00:00:00-04:00,9.691895729399718,9.781635504671938,9.691895729399718,9.714330673217773,70500,0.0,0.0
1998-06-23 00:00:00-04:00,9.714333536463739,9.736768486894372,9.624593734741211,9.624593734741211,118000,0.0,0.0
1998-06-24 00:00:00-04:00,9.57972240447998,9.826506822393984,9.557287457396889,9.57972240447998,134100,0.0,0.0
1998-06-25 00:00:00-04:00,9.647027488066772,9.691897383360105,9.602157592773438,9.602157592773438,99400,0.0,0.0
1998-06-26 00:00:00-04:00,9.602157135712936,9.781636708343084,9.602157135712936,9.736766815185547,131700,0.0,0.0
1998-06-29 00:00:00-04:00,9.736766853674643,10.1405958936888,9.71433190700719,10.005986213684082,108300,0.0,0.0
1998-06-30 00:00:00-04:00,10.050854682922363,10.050854682922363,10.00598479594503,10.050854682922363,142700,0.0,0.0
1998-07-01 00:00:00-04:00,10.005986213684082,10.028421160351535,9.84894158701191,10.005986213684082,105200,0.0,0.0
1998-07-02 00:00:00-04:00,10.050863215353637,10.163038028024994,10.028428252819365,10.140603065490723,369100,0.0,0.0
1998-07-06 00:00:00-04:00,10.095728157364873,10.185467963208117,10.050858254443252,10.118163108825684,117000,0.0,0.0
1998-07-07 00:00:00-04:00,10.118158620700502,10.252768269756384,10.118158620700502,10.23033332824707,297100,0.0,0.0
1998-07-08 00:00:00-04:00,10.230335477666207,10.297640316335064,10.185465585220303,10.25277042388916,128000,0.0,0.0
1998-07-09 00:00:00-04:00,10.23034115210014,10.34251594543457,10.207906193433253,10.34251594543457,83000,0.0,0.0
1998-07-10 00:00:00-04:00,10.34251594543457,10.34251594543457,10.275211069433912,10.34251594543457,32700,0.0,0.0
1998-07-13 00:00:00-04:00,10.252767810654953,10.36494251317853,10.230332870150237,10.275202751159668,71100,0.0,0.0
1998-07-14 00:00:00-04:00,10.36494416748451,10.36494416748451,10.163029670715332,10.163029670715332,73400,0.0,0.0
1998-07-15 00:00:00-04:00,10.073295128158808,10.09573008390081,9.916250437964795,10.028425216674805,75900,0.0,0.0
1998-07-16 00:00:00-04:00,9.983553400060819,10.163033011747306,9.961118448600008,10.118163108825684,79200,0.0,0.0
1998-07-17 00:00:00-04:00,10.18546724319458,10.18546724319458,9.938682794570923,9.9611177444458,188500,0.0,0.0
1998-07-20 00:00:00-04:00,9.938680648803711,9.96111559383487,9.893810758741392,9.938680648803711,104600,0.0,0.0
1998-07-21 00:00:00-04:00,9.91624927520752,10.005989087652837,9.91624927520752,9.91624927520752,29000,0.0,0.0
1998-07-22 00:00:00-04:00,9.871379145222889,9.916249050428448,9.781639334811771,9.80407428741455,59000,0.0,0.0
1998-07-23 00:00:00-04:00,9.714326604648873,9.826501276757982,9.647021801383406,9.69189167022705,229000,0.0,0.0
1998-07-24 00:00:00-04:00,9.691898586033107,9.736768486894372,9.602158784310578,9.624593734741211,203800,0.0,0.0
1998-07-27 00:00:00-04:00,9.624593734741211,9.647028685171842,9.512418982588049,9.624593734741211,217600,0.0,0.0
1998-07-28 00:00:00-04:00,9.647027479027802,9.691897374279094,9.512417793273926,9.512417793273926,337300,0.0,0.0
1998-07-29 00:00:00-04:00,9.512420419823757,9.602160235105114,9.46755051218308,9.489985466003418,368700,0.0,0.0
1998-07-30 00:00:00-04:00,9.534853225530581,9.647027969360352,9.467548379232717,9.647027969360352,79300,0.0,0.0
1998-07-31 00:00:00-04:00,9.691897374279094,9.691897374279094,9.445112950396988,9.512417793273926,90400,0.0,0.0
1998-08-03 00:00:00-04:00,9.467550077181865,9.467550077181865,9.15346073812844,9.175895690917969,1006800,0.0,0.0
1998-08-04 00:00:00-04:00,9.086153733730317,9.243198366165162,8.973978996276855,8.973978996276855,426900,0.0,0.0
1998-08-05 00:00:00-04:00,8.97397922929048,9.018849125436931,8.839369540851122,8.9066743850708,269200,0.0,0.0
1998-08-06 00:00:00-04:00,8.86180688658029,8.86180688658029,8.413107803715464,8.772067070007324,714900,0.0,0.0
1998-08-07 00:00:00-04:00,8.682321272956,9.108585108062368,8.682321272956,9.086150169372559,230900,0.0,0.0
1998-08-10 00:00:00-04:00,9.086155170347633,9.243199827612901,9.063720219309737,9.19832992553711,68400,0.0,0.0
1998-08-11 00:00:00-04:00,9.17589256787064,9.17589256787064,8.973978061487179,9.06371784210205,57200,0.0,0.0
1998-08-12 00:00:00-04:00,9.063720684607052,9.288070206503267,9.063720684607052,9.243200302124023,124800,0.0,0.0
1998-08-13 00:00:00-04:00,9.2880694849028,9.3778092866893,9.2880694849028,9.355374336242676,135400,0.0,0.0
1998-08-14 00:00:00-04:00,9.332935793964184,9.355370735776598,9.243196026714529,9.288065910339355,90100,0.0,0.0
1998-08-17 00:00:00-04:00,9.3553750537909,9.422679910292992,9.332940101623535,9.332940101623535,141300,0.0,0.0
1998-08-18 00:00:00-04:00,9.33293938579605,9.42267918758255,9.33293938579605,9.355374336242676,53800,0.0,0.0
1998-08-19 00:00:00-04:00,9.355371013177038,9.422675840609967,9.332936070699397,9.400240898132324,65700,0.0,0.0
1998-08-20 00:00:00-04:00,9.377813610398626,9.400248571189053,9.288073767236916,9.310508728027344,118400,0.0,0.0
1998-08-21 00:00:00-04:00,9.175891201277286,9.31050085215177,9.175891201277286,9.288065910339355,56600,0.0,0.0
1998-08-24 00:00:00-04:00,9.265634534456176,9.400244237135926,9.175894732669674,9.355374336242676,133300,0.0,0.0
1998-08-25 00:00:00-04:00,9.42267918758255,9.42267918758255,9.041285029989924,9.355374336242676,114100,0.0,0.0
1998-08-26 00:00:00-04:00,9.310501128221754,9.422675840609967,9.28806618574411,9.400240898132324,94000,0.0,0.0
1998-08-27 00:00:00-04:00,9.400244958125628,9.400244958125628,9.332940101623535,9.332940101623535,109400,0.0,0.0
1998-08-28 00:00:00-04:00,9.332943688817771,9.377813610398626,9.288073767236916,9.310508728027344,121100,0.0,0.0
1998-08-31 00:00:00-04:00,9.31050155252059,9.332936496020638,8.368233925518505,8.390668869018555,194200,0.0,0.0
1998-09-01 00:00:00-04:00,8.345802062988282,8.480411773681642,8.211192352294923,8.413106918334961,267400,0.0,0.0
1998-09-02 00:00:00-04:00,8.39067317080754,8.525282900820496,8.256063440794586,8.345803260803223,141400,0.0,0.0
1998-09-03 00:00:00-04:00,8.278496503829956,8.278496503829956,8.12145185470581,8.256061553955078,125100,0.0,0.0
1998-09-04 00:00:00-04:00,8.16631634513214,8.300925955216737,8.16631634513214,8.278491020202637,53700,0.0,0.0
1998-09-08 00:00:00-04:00,8.278497200213511,8.615021476644955,8.278497200213511,8.502846717834473,163200,0.0,0.0
1998-09-09 00:00:00-04:00,8.424039315050981,8.74107305271419,8.28816771319532,8.627846717834473,108700,0.22,0.0
1998-09-10 00:00:00-04:00,8.559909242727162,8.627845030367853,8.378747142351983,8.446682929992676,129600,0.0,0.0
1998-09-11 00:00:00-04:00,8.537264404296874,8.537264404296874,8.37874755859375,8.491973876953125,184100,0.0,0.0
1998-09-14 00:00:00-04:00,8.424037712498714,8.650490339178788,8.424037712498714,8.605199813842773,162200,0.0,0.0
1998-09-15 00:00:00-04:00,8.60519755970348,8.627842816439543,8.424035505814986,8.46932601928711,402100,0.0,0.0
1998-09-16 00:00:00-04:00,8.424035505814986,8.514616532759232,8.424035505814986,8.46932601928711,255700,0.0,0.0
1998-09-17 00:00:00-04:00,8.424039850580877,8.741073608398438,8.333458776918718,8.741073608398438,83200,0.0,0.0
1998-09-18 00:00:00-04:00,8.831656429569428,8.99017333984375,8.695784792191436,8.99017333984375,142000,0.0,0.0
1998-09-21 00:00:00-04:00,8.94487997092823,9.148687362670898,8.922234705179044,9.148687362670898,276400,0.0,0.0
1998-09-22 00:00:00-04:00,9.239266516945579,10.031850654428656,9.239266516945579,9.96391487121582,429100,0.0,0.0
1998-09-23 00:00:00-04:00,9.91863080782768,10.597989082336426,9.91863080782768,10.597989082336426,546200,0.0,0.0
1998-09-24 00:00:00-04:00,10.507408026242203,10.552698578079454,10.439472198486328,10.439472198486328,517600,0.0,0.0
1998-09-25 00:00:00-04:00,10.439471599767026,10.439471599767026,10.077147205848865,10.09979248046875,143800,0.0,0.0
1998-09-28 00:00:00-04:00,10.145083029708521,10.190373578948291,10.05450193122898,10.09979248046875,323800,0.0,0.0
1998-09-29 00:00:00-04:00,10.07714434473824,10.122434881119087,9.941272735595703,9.941272735595703,375400,0.0,0.0
1998-09-30 00:00:00-04:00,10.009207407633463,10.009207407633463,9.624237891955254,9.714818954467773,204600,0.0,0.0
1998-10-01 00:00:00-04:00,9.533654698660207,9.782752564895985,9.533654698660207,9.737462043762207,229500,0.0,0.0
1998-10-02 00:00:00-04:00,9.714815051634728,9.737460308165346,9.511007742859176,9.55629825592041,125900,0.0,0.0
1998-10-05 00:00:00-04:00,9.46572522408099,9.488370499736686,9.3977893971139,9.443079948425293,70300,0.0,0.0
1998-10-06 00:00:00-04:00,9.488367622654613,9.556303429022067,9.261914934763094,9.284560203552246,86800,0.0,0.0
1998-10-07 00:00:00-04:00,9.329849744083905,9.46572134229872,8.854299150332055,8.967525482177734,125400,0.0,0.0
1998-10-08 00:00:00-04:00,8.87694604335687,8.87694604335687,8.763719690763033,8.831655502319336,198500,0.0,0.0
1998-10-09 00:00:00-04:00,8.83165283203125,9.103395996093749,8.83165283203125,9.05810546875,132100,0.0,0.0
1998-10-12 00:00:00-04:00,8.967528820037842,9.329853216807049,8.967528820037842,9.239272117614746,104500,0.0,0.0
1998-10-13 00:00:00-04:00,9.23926842566764,9.23926842566764,9.080751565423343,9.148687362670898,38600,0.0,0.0
1998-10-14 00:00:00-04:00,9.171333443791493,9.171333443791493,9.058107104979252,9.0807523727417,230200,0.0,0.0
1998-10-15 00:00:00-04:00,9.080753859628011,9.216625488450374,9.080753859628011,9.19398021697998,70000,0.0,0.0
1998-10-16 00:00:00-04:00,9.239264662248376,9.420426714449324,9.171328892673019,9.30720043182373,107700,0.0,0.0
1998-10-19 00:00:00-04:00,9.307203710800799,9.352494239807129,9.239267917291304,9.352494239807129,125400,0.0,0.0
1998-10-20 00:00:00-04:00,9.32985087803432,9.87333733694894,9.32985087803432,9.828046798706055,332900,0.0,0.0
1998-10-21 00:00:00-04:00,9.737466125313295,9.895983015725372,9.737466125313295,9.873337745666504,90300,0.0,0.0
1998-10-22 00:00:00-04:00,9.80540166457676,9.918628011742772,9.80540166457676,9.89598274230957,122400,0.0,0.0
1998-10-23 00:00:00-04:00,9.87333733694894,9.87333733694894,9.828046798706055,9.828046798706055,130600,0.0,0.0
1998-10-26 00:00:00-05:00,9.828049542455828,9.873340093342721,9.737468440682042,9.760113716125488,56300,0.0,0.0
1998-10-27 00:00:00-05:00,9.66952626206154,9.760107304329095,9.66952626206154,9.737462043762207,59300,0.0,0.0
1998-10-28 00:00:00-05:00,9.692174911499023,9.714820179983834,9.646884374529401,9.692174911499023,43600,0.0,0.0
1998-10-29 00:00:00-05:00,9.64688100149465,9.760107304329095,9.601590480360873,9.737462043762207,55200,0.0,0.0
1998-10-30 00:00:00-05:00,9.782754330780243,9.828044860089411,9.646882742852739,9.669528007507324,100500,0.0,0.0
1998-11-02 00:00:00-05:00,9.737468440682042,9.782758991568935,9.601596788021363,9.760113716125488,77300,0.0,0.0
1998-11-03 00:00:00-05:00,9.78275681439568,9.78275681439568,9.601594651166131,9.624239921569824,167000,0.0,0.0
1998-11-04 00:00:00-05:00,9.646884121690324,10.031853675842285,9.646884121690324,10.031853675842285,336300,0.0,0.0
1998-11-05 00:00:00-05:00,10.122437755088635,10.167728304328406,10.05450193122898,10.09979248046875,76000,0.0,0.0
1998-11-06 00:00:00-05:00,10.145080429248594,10.145080429248594,10.054499353987447,10.077144622802734,34200,0.0,0.0
1998-11-09 00:00:00-05:00,10.00920539335771,10.00920539335771,9.941269610144875,9.96391487121582,27600,0.0,0.0
1998-11-10 00:00:00-05:00,9.87333360716354,9.89597886773043,9.737462043762207,9.737462043762207,66300,0.0,0.0
1998-11-11 00:00:00-05:00,9.737463801471074,9.782754330780243,9.669528007507324,9.669528007507324,28800,0.0,0.0
1998-11-12 00:00:00-05:00,9.669527118022625,9.669527118022625,9.375138704593365,9.420429229736328,117100,0.0,0.0
1998-11-13 00:00:00-05:00,9.601598422498588,9.601598422498588,9.375145629515131,9.397790908813477,153000,0.0,0.0
1998-11-16 00:00:00-05:00,9.420429229736328,9.44307449230781,9.375138704593365,9.420429229736328,105700,0.0,0.0
1998-11-17 00:00:00-05:00,9.420436188111822,9.420436188111822,9.32985507091844,9.397790908813477,286700,0.0,0.0
1998-11-18 00:00:00-05:00,9.397783544328478,9.443074067433676,9.375138282775879,9.375138282775879,207900,0.0,0.0
1998-11-19 00:00:00-05:00,9.28455765430744,9.420429229736328,9.239267129164476,9.420429229736328,91400,0.0,0.0
1998-11-20 00:00:00-05:00,9.443079117366246,9.53366021201724,9.420433843703497,9.511014938354492,112000,0.0,0.0
1998-11-23 00:00:00-05:00,9.511012620332709,9.556303156620007,9.46572208404541,9.46572208404541,113000,0.0,0.0
1998-11-24 00:00:00-05:00,9.465722764591044,9.488368034362793,9.37514168550405,9.488368034362793,52400,0.0,0.0
1998-11-25 00:00:00-05:00,9.39778146020609,9.55629825592041,9.39778146020609,9.55629825592041,106100,0.0,0.0
1998-11-27 00:00:00-05:00,9.511014938354492,9.556305485679989,9.488369664691744,9.511014938354492,17600,0.0,0.0
1998-11-30 00:00:00-05:00,9.488368299147663,9.646885191973519,9.46572302874397,9.624239921569824,162600,0.0,0.0
1998-12-01 00:00:00-05:00,9.624239921569824,9.7148210031846,9.488368299147663,9.624239921569824,151300,0.0,0.0
1998-12-02 00:00:00-05:00,9.624237891955254,9.714818954467773,9.578947360698994,9.714818954467773,66200,0.0,0.0
1998-12-03 00:00:00-05:00,9.669532614351702,9.918630644229614,9.669532614351702,9.760113716125488,159000,0.0,0.0
1998-12-04 00:00:00-05:00,9.760110991341726,9.850692067827497,9.6921751839774,9.828046798706055,81700,0.0,0.0
1998-12-07 00:00:00-05:00,9.862748446529858,10.022561500061594,9.771426701654583,9.999731063842773,186500,0.22,0.0
1998-12-08 00:00:00-05:00,9.99973642258417,10.068227767944336,9.954075525677393,10.068227767944336,228600,0.0,0.0
1998-12-09 00:00:00-05:00,10.045390228201004,10.068220660537825,9.8170859048328,9.885577201843262,61700,0.0,0.0
1998-12-10 00:00:00-05:00,9.908411274978887,9.954072156430403,9.794259071350098,9.794259071350098,103500,0.0,0.0
1998-12-11 00:00:00-05:00,9.748595765817944,9.7714262008667,9.657274025622929,9.7714262008667,188700,0.0,0.0
1998-12-14 00:00:00-05:00,9.725767174901897,10.022562886812048,9.725767174901897,9.97690200805664,169700,0.0,0.0
1998-12-15 00:00:00-05:00,9.931242296352398,10.1595467169582,9.931242296352398,10.028271675109863,234400,0.0,0.0
1998-12-16 00:00:00-05:00,10.159538558165952,10.159538558165952,10.022556015808657,10.091047286987305,232400,0.0,0.0
1998-12-17 00:00:00-05:00,9.99973642258417,10.113888664851114,9.86275373186384,10.068227767944336,96600,0.0,0.0
1998-12-18 00:00:00-05:00,10.091056741367687,10.113887186483904,9.99973496090282,10.045395851135254,353500,0.0,0.0
1998-12-21 00:00:00-05:00,10.091058216397725,10.228040907118055,10.045397319490947,10.068227767944336,118100,0.0,0.0
1998-12-22 00:00:00-05:00,10.068216863261089,10.182368981892168,10.045386439534873,10.091047286987305,151800,0.0,0.0
1998-12-23 00:00:00-05:00,10.182373897449391,10.182373897449391,10.068221723711169,10.136713027954102,224300,0.0,0.0
1998-12-24 00:00:00-05:00,10.113876342773438,10.18236760468838,10.113876342773438,10.113876342773438,314800,0.0,0.0
1998-12-28 00:00:00-05:00,10.136713681155689,10.159544117374507,9.999731063842773,9.999731063842773,177100,0.0,0.0
1998-12-29 00:00:00-05:00,9.954069549972948,10.159543462701746,9.908408680477658,10.136713027954102,100700,0.0,0.0
1998-12-30 00:00:00-05:00,10.045391936280412,10.136713681155689,9.999731063842773,9.999731063842773,109000,0.0,0.0
1998-12-31 00:00:00-05:00,9.999729363527363,9.999729363527363,9.8170859048328,9.885577201843262,280600,0.0,0.0
1999-01-04 00:00:00-05:00,9.885578882748678,10.09105280871805,9.794257137873402,9.999731063842773,255800,0.0,0.0
1999-01-05 00:00:00-05:00,9.954064744630012,10.11387771071352,9.954064744630012,10.091047286987305,167000,0.0,0.0
1999-01-06 00:00:00-05:00,10.136717631600119,10.182378521832552,10.045395851135254,10.045395851135254,119000,0.0,0.0
1999-01-07 00:00:00-05:00,9.954067651156722,10.045389372726966,9.885576359979037,9.93123722076416,102500,0.0,0.0
1999-01-08 00:00:00-05:00,9.931242333518135,9.954072775664153,9.862751007080078,9.862751007080078,63400,0.0,0.0
1999-01-11 00:00:00-05:00,9.88557996772005,9.88557996772005,9.748597335372889,9.839919090270996,111200,0.0,0.0
1999-01-12 00:00:00-05:00,9.794256635915453,9.908408811159223,9.7714262008667,9.7714262008667,168400,0.0,0.0
1999-01-13 00:00:00-05:00,9.634440956386268,9.817084386839088,9.634440956386268,9.657271385192871,227400,0.0,0.0
1999-01-14 00:00:00-05:00,9.680105441509966,9.72576631623407,9.565953254699707,9.565953254699707,100700,0.0,0.0
1999-01-15 00:00:00-05:00,9.520292710799437,9.543123148954832,9.497462272644043,9.497462272644043,138400,0.0,0.0
1999-01-19 00:00:00-05:00,9.497464352562314,9.680107897803897,9.497464352562314,9.588786125183105,141000,0.0,0.0
1999-01-20 00:00:00-05:00,9.497462650514999,9.702936602088641,9.497462650514999,9.680106163024902,186800,0.0,0.0
1999-01-21 00:00:00-05:00,9.680107206246102,9.7485985308186,9.680107206246102,9.725768089294434,86500,0.0,0.0
1999-01-22 00:00:00-05:00,9.680107206246102,9.794259413866929,9.680107206246102,9.725768089294434,122400,0.0,0.0
1999-01-25 00:00:00-05:00,9.680106685862821,9.725767566456515,9.657276245565976,9.702937126159668,55500,0.0,0.0
1999-01-26 00:00:00-05:00,9.680106068109449,9.70293650694933,9.634445190429688,9.634445190429688,30700,0.0,0.0
1999-01-27 00:00:00-05:00,9.657277807057332,9.680108251045647,9.520295143127441,9.520295143127441,86900,0.0,0.0
1999-01-28 00:00:00-05:00,9.520292710799437,9.565953587110226,9.497462272644043,9.497462272644043,54700,0.0,0.0
1999-01-29 00:00:00-05:00,9.49746426669034,9.520294709639115,9.246329394253817,9.291990280151367,426500,0.0,0.0
1999-02-01 00:00:00-05:00,9.246324148522802,9.49745887848268,9.177832858533744,9.474628448486328,184600,0.0,0.0
1999-02-02 00:00:00-05:00,9.42897302309672,9.588786125183105,9.42897302309672,9.588786125183105,86300,0.0,0.0
1999-02-03 00:00:00-05:00,9.543119241159857,9.657271385192871,9.497458383546652,9.657271385192871,117400,0.0,0.0
1999-02-04 00:00:00-05:00,9.611616568338304,9.725768784114292,9.588786125183105,9.588786125183105,55200,0.0,0.0
1999-02-05 00:00:00-05:00,9.588786475092387,9.588786475092387,9.497464699139126,9.520295143127441,253900,0.0,0.0
1999-02-08 00:00:00-05:00,9.497461942613551,9.565953254699707,9.314818443717137,9.565953254699707,130600,0.0,0.0
1999-02-09 00:00:00-05:00,9.520295411637687,9.634447634798809,9.360482299212114,9.406143188476562,301600,0.0,0.0
1999-02-10 00:00:00-05:00,9.406140131108902,9.406140131108902,9.269157507840326,9.314818382263184,110700,0.0,0.0
1999-02-11 00:00:00-05:00,9.269159837202592,9.360481608997691,9.200668508356268,9.291990280151367,126900,0.0,0.0
1999-02-12 00:00:00-05:00,9.223496437072754,9.314818183974465,9.200666000347326,9.223496437072754,56100,0.0,0.0
1999-02-16 00:00:00-05:00,9.20066590095634,9.428970265744338,9.10934415504114,9.177835464477539,136200,0.0,0.0
1999-02-17 00:00:00-05:00,9.04085439046224,9.269158794261791,9.04085439046224,9.246328353881836,169600,0.0,0.0
1999-02-18 00:00:00-05:00,9.223496633417467,9.406140131108902,9.223496633417467,9.314818382263184,169800,0.0,0.0
1999-02-19 00:00:00-05:00,9.31482072310014,9.383312051946467,9.269159837202592,9.291990280151367,202400,0.0,0.0
1999-02-22 00:00:00-05:00,9.337649205556282,9.497462272644043,9.337649205556282,9.497462272644043,194200,0.0,0.0
1999-02-23 00:00:00-05:00,9.406136932744307,9.474628221089532,9.314815214950672,9.383306503295898,161100,0.0,0.0
1999-02-24 00:00:00-05:00,9.360480308532715,9.406141188086533,9.314819428978897,9.360480308532715,89000,0.0,0.0
1999-02-25 00:00:00-05:00,9.337652206420898,9.451804433883257,9.269160869943484,9.337652206420898,98500,0.0,0.0
1999-02-26 00:00:00-05:00,9.314818382263184,9.337648819474614,9.269157507840326,9.314818382263184,53700,0.0,0.0
1999-03-01 00:00:00-05:00,9.291989172138454,9.451802253723145,9.291989172138454,9.451802253723145,36500,0.0,0.0
1999-03-02 00:00:00-05:00,9.497462368467778,9.588784122010738,9.474631930082039,9.543123245239258,113000,0.0,0.0
1999-03-03 00:00:00-05:00,9.543119241159857,9.680101813999473,9.520288812353256,9.657271385192871,81400,0.0,0.0
1999-03-04 00:00:00-05:00,9.702937912057948,9.908411891372117,9.702937912057948,9.862751007080078,219900,0.0,0.0
1999-03-05 00:00:00-05:00,9.88557996772005,9.908410406444576,9.81708865154647,9.839919090270996,81300,0.0,0.0
1999-03-08 00:00:00-05:00,9.794258212821942,9.862749528995522,9.748597335372889,9.839919090270996,116600,0.0,0.0
1999-03-09 00:00:00-05:00,9.81708865154647,9.862749528995522,9.81708865154647,9.839919090270996,90200,0.0,0.0
1999-03-10 00:00:00-05:00,9.81708865154647,9.862749528995522,9.794258212821942,9.839919090270996,137900,0.0,0.0
1999-03-11 00:00:00-05:00,9.828869540840733,10.013016979545009,9.828869540840733,9.920943260192871,145900,0.22,0.0
1999-03-12 00:00:00-05:00,9.920943260192871,9.943961690030905,9.851887970678767,9.920943260192871,82900,0.0,0.0
1999-03-15 00:00:00-05:00,9.897922775555104,9.920941200614536,9.782830650257953,9.805849075317383,124500,0.0,0.0
1999-03-16 00:00:00-05:00,9.713775616381541,9.78283089327525,9.55264663696289,9.55264663696289,157800,0.0,0.0
1999-03-17 00:00:00-05:00,9.50661555926005,9.667744636535645,9.437560240427652,9.667744636535645,192600,0.0,0.0
1999-03-18 00:00:00-05:00,9.552644975574056,9.575663397201946,9.43755286743461,9.4605712890625,61400,0.0,0.0
1999-03-19 00:00:00-05:00,9.460575508839876,9.529630804524837,9.460575508839876,9.483593940734863,72200,0.0,0.0
1999-03-22 00:00:00-05:00,9.437553531983319,9.52962722497828,9.39151668548584,9.39151668548584,102300,0.0,0.0
1999-03-23 00:00:00-05:00,9.391510687503718,9.48358432169493,9.069252967834473,9.069252967834473,277900,0.0,0.0
1999-03-24 00:00:00-05:00,9.06926209932672,9.138317394499257,8.977188372430001,9.046243667602539,463600,0.0,0.0
1999-03-25 00:00:00-05:00,8.954160925095456,9.161326602025685,8.954160925095456,9.069252967834473,128700,0.0,0.0
1999-03-26 00:00:00-05:00,8.977187294320963,9.138316297039543,8.931150436401367,8.931150436401367,252500,0.0,0.0
1999-03-29 00:00:00-05:00,9.069259662580608,9.345480769055145,9.023222811501519,9.230388641357422,321800,0.0,0.0
1999-03-30 00:00:00-05:00,9.230389866498436,9.460574152446029,9.230389866498436,9.299445152282715,137200,0.0,0.0
1999-03-31 00:00:00-05:00,9.32246482372284,9.391520118713379,9.207372665405273,9.207372665405273,171300,0.0,0.0
1999-04-01 00:00:00-05:00,9.253408297483507,9.253408297483507,9.13831615447998,9.13831615447998,183000,0.0,0.0
1999-04-05 00:00:00-04:00,9.138317370414734,9.230391097068788,9.138317370414734,9.207372665405273,202400,0.0,0.0
1999-04-06 00:00:00-04:00,9.161339854950185,9.184358296796795,8.9311554364841,9.000210762023926,298500,0.0,0.0
1999-04-07 00:00:00-04:00,9.023229203870535,9.115302971256968,8.954173878330709,9.000210762023926,181600,0.0,0.0
1999-04-08 00:00:00-04:00,8.908134460449219,8.954171331045856,8.8851160251509,8.908134460449219,129200,0.0,0.0
1999-04-09 00:00:00-04:00,8.83907493249093,8.954167054007739,8.723982810974121,8.723982810974121,117400,0.0,0.0
1999-04-12 00:00:00-04:00,8.539837920360076,8.977188110351562,8.539837920360076,8.977188110351562,356800,0.0,0.0
1999-04-13 00:00:00-04:00,8.9541672605965,9.23038835860976,8.931148835762063,9.161333084106445,247200,0.0,0.0
1999-04-14 00:00:00-04:00,9.069264974711853,9.52963375515408,9.069264974711853,9.322467803955078,141700,0.0,0.0
1999-04-15 00:00:00-04:00,9.253409364695653,9.437556814739349,9.23039093344019,9.414538383483887,134700,0.0,0.0
1999-04-16 00:00:00-04:00,9.414535849307065,9.943959625673966,9.414535849307065,9.805849075317383,181500,0.0,0.0
1999-04-19 00:00:00-04:00,9.897923075824702,10.312254739463876,9.851886224309238,10.036033630371094,366200,0.0,0.0
1999-04-20 00:00:00-04:00,10.220181306203207,10.220181306203207,9.920941763454014,9.943960189819336,385800,0.0,0.0
1999-04-21 00:00:00-04:00,9.989995956420898,10.03603280414634,9.966977532558177,9.989995956420898,180500,0.0,0.0
1999-04-22 00:00:00-04:00,9.96697781560623,10.151125211737522,9.96697781560623,10.059051513671875,231800,0.0,0.0
1999-04-23 00:00:00-04:00,10.12810936995915,10.38131210420813,10.105090939572879,10.312256813049316,312600,0.0,0.0
1999-04-26 00:00:00-04:00,10.312256134308136,10.33527456317936,10.174145561080795,10.220182418823242,137100,0.0,0.0
1999-04-27 00:00:00-04:00,10.266220667590833,10.312257531571062,10.059054779679807,10.082073211669922,90000,0.0,0.0
1999-04-28 00:00:00-04:00,10.105090274467123,10.266219276565689,10.059053416724677,10.220182418823242,130600,0.0,0.0
1999-04-29 00:00:00-04:00,10.174145561080795,10.220182418823242,10.128108703338349,10.220182418823242,163300,0.0,0.0
1999-04-30 00:00:00-04:00,10.220183231370866,10.35829381557858,10.220183231370866,10.266220092773438,241600,0.0,0.0
1999-05-03 00:00:00-04:00,10.220186409971262,10.542444540015401,10.220186409971262,10.450370788574219,238000,0.0,0.0
1999-05-04 00:00:00-04:00,10.450370788574219,10.49640766429481,10.450370788574219,10.450370788574219,194200,0.0,0.0
1999-05-05 00:00:00-04:00,10.473385264998988,10.588477410768208,10.473385264998988,10.496403694152832,194000,0.0,0.0
1999-05-06 00:00:00-04:00,10.496401657704181,10.61149378114392,10.496401657704181,10.542438507080078,108200,0.0,0.0
1999-05-07 00:00:00-04:00,10.450369240401628,10.680553584903866,10.450369240401628,10.634516716003418,176300,0.0,0.0
1999-05-10 00:00:00-04:00,10.634513854980469,10.818661281040736,10.634513854980469,10.795642852783203,168600,0.0,0.0
1999-05-11 00:00:00-04:00,10.818663337756531,10.818663337756531,10.703571174588909,10.749608039855957,191100,0.0,0.0
1999-05-12 00:00:00-04:00,10.726592778644603,10.726592778644603,10.542445263131391,10.657537460327148,123900,0.0,0.0
1999-05-13 00:00:00-04:00,10.634519020887996,10.726592778644603,10.611500581448846,10.657537460327148,183300,0.0,0.0
1999-05-14 00:00:00-04:00,10.56545555982861,10.634510824925528,10.473381873032718,10.519418716430664,79600,0.0,0.0
1999-05-17 00:00:00-04:00,10.565458293509694,10.565458293509694,10.266218733998526,10.404329299926758,163700,0.0,0.0
1999-05-18 00:00:00-04:00,10.358294369129652,10.404331232992451,10.243202209472656,10.243202209472656,185000,0.0,0.0
1999-05-19 00:00:00-04:00,10.24320097346055,10.542440552460521,10.220182544306706,10.496403694152832,125900,0.0,0.0
1999-05-20 00:00:00-04:00,10.565461412652747,10.726590453804313,10.519424543752299,10.634516716003418,73800,0.0,0.0
1999-05-21 00:00:00-04:00,10.680553838258149,10.749609143246886,10.588480098273164,10.703572273254395,98200,0.0,0.0
1999-05-24 00:00:00-04:00,10.65753269822974,10.703569556537428,10.496403694152832,10.496403694152832,115100,0.0,0.0
1999-05-25 00:00:00-04:00,10.450364808328287,10.542438507080078,10.404327958952392,10.542438507080078,279100,0.0,0.0
1999-05-26 00:00:00-04:00,10.588475356455973,10.588475356455973,10.496401657704181,10.542438507080078,190800,0.0,0.0
1999-05-27 00:00:00-04:00,10.542445263131391,10.6805558997663,10.542445263131391,10.657537460327148,132600,0.0,0.0
1999-05-28 00:00:00-04:00,10.634515876688335,10.772626472489481,10.634515876688335,10.749608039855957,79300,0.0,0.0
1999-06-01 00:00:00-04:00,10.70357091467956,10.70357091467956,10.657534050530401,10.68055248260498,76000,0.0,0.0
1999-06-02 00:00:00-04:00,10.657534050530401,10.74960777882872,10.588478754306662,10.68055248260498,116200,0.0,0.0
1999-06-03 00:00:00-04:00,10.680553838258149,10.703572273254395,10.634516968265658,10.703572273254395,162400,0.0,0.0
1999-06-04 00:00:00-04:00,10.68055248260498,10.70357091467956,10.657534050530401,10.68055248260498,46000,0.0,0.0
1999-06-07 00:00:00-04:00,10.65753296004856,10.74960667892587,10.65753296004856,10.726588249206543,87300,0.0,0.0
1999-06-08 00:00:00-04:00,10.703574339205451,10.703574339205451,10.657537460327148,10.657537460327148,78100,0.0,0.0
1999-06-09 00:00:00-04:00,10.680553838258149,10.749609143246886,10.634516968265658,10.703572273254395,68100,0.0,0.0
1999-06-10 00:00:00-04:00,10.70357091467956,10.70357091467956,10.63451561845582,10.68055248260498,196000,0.0,0.0
1999-06-11 00:00:00-04:00,10.599835171906845,10.715807110330333,10.599835171906845,10.669418334960938,60700,0.22,0.0
1999-06-14 00:00:00-04:00,10.646221904011517,10.762193820177218,10.623027520778376,10.715805053710938,63800,0.0,0.0
1999-06-15 00:00:00-04:00,10.623027972321013,10.901360582949511,10.623027972321013,10.878166198730469,247000,0.0,0.0
1999-06-16 00:00:00-04:00,10.831782505076418,10.878171295248052,10.785393714904785,10.785393714904785,191100,0.0,0.0
1999-06-17 00:00:00-04:00,10.76219293093733,10.85497045620403,10.669415405670629,10.692609786987305,210400,0.0,0.0
1999-06-18 00:00:00-04:00,10.669418334960938,10.762195885699729,10.669418334960938,10.669418334960938,118800,0.0,0.0
1999-06-21 00:00:00-04:00,10.669418334960938,10.739001498015032,10.623029559591542,10.669418334960938,138400,0.0,0.0
1999-06-22 00:00:00-04:00,10.623028828226502,10.623028828226502,10.576640056050842,10.599834442138672,211800,0.0,0.0
1999-06-23 00:00:00-04:00,10.623028015304397,10.623028015304397,10.53025047805283,10.553444862365723,122300,0.0,0.0
1999-06-24 00:00:00-04:00,10.483864059958002,10.553447228497546,10.414280891418457,10.414280891418457,112800,0.0,0.0
1999-06-25 00:00:00-04:00,10.414278242085546,10.43747262569821,10.344695091247559,10.344695091247559,72800,0.0,0.0
1999-06-28 00:00:00-04:00,10.391084671020508,10.414279056446892,10.344695900167737,10.391084671020508,111500,0.0,0.0
1999-06-29 00:00:00-04:00,10.367895293503665,10.483867276652475,10.32150650024414,10.32150650024414,162200,0.0,0.0
1999-06-30 00:00:00-04:00,10.298307129314967,10.391084671020508,10.135946431330272,10.391084671020508,178300,0.0,0.0
1999-07-01 00:00:00-04:00,10.344692886422534,10.344692886422534,10.089554721062337,10.112749099731445,91800,0.0,0.0
1999-07-02 00:00:00-04:00,10.112748273506691,10.159137027054888,9.996776389636203,10.066359519958496,249600,0.0,0.0
1999-07-06 00:00:00-04:00,10.019976041914429,10.112753597858081,9.904004096984863,9.904004096984863,218400,0.0,0.0
1999-07-07 00:00:00-04:00,9.880809936883315,9.904004326406515,9.834421157836914,9.834421157836914,227900,0.0,0.0
1999-07-08 00:00:00-04:00,9.857611859579222,9.88080624042529,9.788028717041016,9.788028717041016,165600,0.0,0.0
1999-07-09 00:00:00-04:00,9.788032378790515,9.927198715929716,9.788032378790515,9.834421157836914,145000,0.0,0.0
1999-07-12 00:00:00-04:00,9.811226541041211,9.904004096984863,9.811226541041211,9.904004096984863,121700,0.0,0.0
1999-07-13 00:00:00-04:00,9.857613208682038,10.043168280845464,9.857613208682038,9.97358512878418,344200,0.0,0.0
1999-07-14 00:00:00-04:00,9.950392723083496,9.973587111715393,9.9271983344516,9.950392723083496,103200,0.0,0.0
1999-07-15 00:00:00-04:00,9.927196360743324,9.996779512804608,9.904001976722894,9.97358512878418,192200,0.0,0.0
1999-07-16 00:00:00-04:00,9.950393417903355,9.9967821984064,9.741643905639648,9.741643905639648,188400,0.0,0.0
1999-07-19 00:00:00-04:00,9.811223166005911,9.904000690034335,9.7648344039917,9.7648344039917,333600,0.0,0.0
1999-07-20 00:00:00-04:00,9.74164064648082,9.764835028972442,9.53289120405623,9.556085586547852,150300,0.0,0.0
1999-07-21 00:00:00-04:00,9.60247380392892,9.60247380392892,9.416918754577637,9.416918754577637,274800,0.0,0.0
1999-07-22 00:00:00-04:00,9.463309360663487,9.463309360663487,9.300948660848182,9.440114974975586,152300,0.0,0.0
1999-07-23 00:00:00-04:00,9.393724977535053,9.532891273498535,9.370530594874472,9.532891273498535,174600,0.0,0.0
1999-07-26 00:00:00-04:00,9.509695516922338,9.556084275541473,9.347334861755371,9.347334861755371,59300,0.0,0.0
1999-07-27 00:00:00-04:00,9.347336212213893,9.532891273498535,9.347336212213893,9.532891273498535,94600,0.0,0.0
1999-07-28 00:00:00-04:00,9.532894365927753,9.532894365927753,9.393728024819318,9.463311195373535,107000,0.0,0.0
1999-07-29 00:00:00-04:00,9.416917999684072,9.416917999684072,9.277751723826672,9.347334861755371,157900,0.0,0.0
1999-07-30 00:00:00-04:00,9.463308125516795,9.532891273498535,9.347336212213893,9.532891273498535,319300,0.0,0.0
1999-08-02 00:00:00-04:00,9.55608875611249,9.55608875611249,9.34733924444984,9.463311195373535,130700,0.0,0.0
1999-08-03 00:00:00-04:00,9.416918754577637,9.509696279253278,9.416918754577637,9.416918754577637,846200,0.0,0.0
1999-08-04 00:00:00-04:00,9.440113135746547,9.463307516915457,9.393724373408725,9.416918754577637,182500,0.0,0.0
1999-08-05 00:00:00-04:00,9.440115194509525,9.440115194509525,9.370532035827637,9.370532035827637,71100,0.0,0.0
1999-08-06 00:00:00-04:00,9.370529241064938,9.416917999684072,9.347334861755371,9.347334861755371,273600,0.0,0.0
1999-08-09 00:00:00-04:00,9.347341372642989,9.416924559039835,9.347341372642989,9.393730163574219,88900,0.0,0.0
1999-08-10 00:00:00-04:00,9.393724373408725,9.416918754577637,9.393724373408725,9.416918754577637,185200,0.0,0.0
1999-08-11 00:00:00-04:00,9.416918754577637,9.463307516915457,9.393724373408725,9.416918754577637,79900,0.0,0.0
1999-08-12 00:00:00-04:00,9.416919498396968,9.60247456240479,9.393725115395991,9.486502647399902,116800,0.0,0.0
1999-08-13 00:00:00-04:00,9.486502508177376,9.556085656159116,9.463308125516795,9.532891273498535,105000,0.0,0.0
1999-08-16 00:00:00-04:00,9.509699821472168,9.579282990897573,9.46331104185523,9.509699821472168,88600,0.0,0.0
1999-08-17 00:00:00-04:00,9.486505128335262,9.602477073669434,9.486505128335262,9.602477073669434,116700,0.0,0.0
1999-08-18 00:00:00-04:00,9.625668051118534,9.788028717041016,9.602473670272465,9.788028717041016,82300,0.0,0.0
1999-08-19 00:00:00-04:00,9.741647981053633,9.764842381008522,9.602481581324295,9.672064781188965,193300,0.0,0.0
1999-08-20 00:00:00-04:00,9.64886554918791,9.718448714206092,9.64886554918791,9.6952543258667,122600,0.0,0.0
1999-08-23 00:00:00-04:00,9.67205261433673,9.7184413558923,9.5560807604478,9.579275131225586,68600,0.0,0.0
1999-08-24 00:00:00-04:00,9.532894211280636,9.602477380706043,9.509699821472168,9.509699821472168,158900,0.0,0.0
1999-08-25 00:00:00-04:00,9.50969703040088,9.556085796402835,9.486502647399902,9.486502647399902,58200,0.0,0.0
1999-08-26 00:00:00-04:00,9.486501898084368,9.486501898084368,9.370529992239815,9.416918754577637,61100,0.0,0.0
1999-08-27 00:00:00-04:00,9.416920589287685,9.463309360663487,9.393726203599785,9.440114974975586,75800,0.0,0.0
1999-08-30 00:00:00-04:00,9.440113881397947,9.50969703040088,9.440113881397947,9.486502647399902,216200,0.0,0.0
1999-08-31 00:00:00-04:00,9.46330871948829,9.648863792419434,9.416919951255505,9.648863792419434,322200,0.0,0.0
1999-09-01 00:00:00-04:00,9.672060240869937,9.672060240869937,9.5792826846026,9.602477073669434,76300,0.0,0.0
1999-09-02 00:00:00-04:00,9.556088295535766,9.648865851803102,9.53289390646893,9.602477073669434,87900,0.0,0.0
1999-09-03 00:00:00-04:00,9.64886554918791,9.718448714206092,9.602476772509123,9.6952543258667,72400,0.0,0.0
1999-09-07 00:00:00-04:00,9.672058176535826,9.718446944768612,9.625669408303041,9.648863792419434,75600,0.0,0.0
1999-09-08 00:00:00-04:00,9.625668252567118,9.741640159224554,9.625668252567118,9.718445777893066,86900,0.0,0.0
1999-09-09 00:00:00-04:00,9.672058247945396,9.672058247945396,9.602475095082479,9.625669479370117,54400,0.0,0.0
1999-09-10 00:00:00-04:00,9.625671160848517,9.741643102545487,9.625671160848517,9.6952543258667,90600,0.0,0.0
1999-09-13 00:00:00-04:00,9.660634397884497,9.707417131046165,9.660634397884497,9.684025764465332,30800,0.22,0.0
1999-09-14 00:00:00-04:00,9.660635594025399,9.707418332979518,9.63724422454834,9.63724422454834,25700,0.0,0.0
1999-09-15 00:00:00-04:00,9.660635594025399,9.707418332979518,9.613852855071281,9.63724422454834,80500,0.0,0.0
1999-09-16 00:00:00-04:00,9.613852855071281,9.684026963502458,9.567070116117163,9.63724422454834,62400,0.0,0.0
1999-09-17 00:00:00-04:00,9.684024576957409,9.730807304382324,9.59045912210758,9.730807304382324,93400,0.0,0.0
1999-09-20 00:00:00-04:00,9.684025764465332,9.730808497627,9.660634397884497,9.684025764465332,25900,0.0,0.0
1999-09-21 00:00:00-04:00,9.684022396366771,9.684022396366771,9.59045696258545,9.59045696258545,90400,0.0,0.0
1999-09-22 00:00:00-04:00,9.54368105287905,9.567072428008656,9.426724177231023,9.473506927490234,93300,0.0,0.0
1999-09-23 00:00:00-04:00,9.426722672716458,9.450114044112777,9.309765815734863,9.309765815734863,74900,0.0,0.0
1999-09-24 00:00:00-04:00,9.309765815734863,9.356548558527502,9.239591701545908,9.309765815734863,96300,0.0,0.0
1999-09-27 00:00:00-04:00,9.286370277404785,9.333152999205314,9.216196194703993,9.286370277404785,83500,0.0,0.0
1999-09-28 00:00:00-04:00,9.286372303962708,9.286372303962708,9.146024107933044,9.169415473937988,61500,0.0,0.0
1999-09-29 00:00:00-04:00,9.122634287685385,9.169417027622233,9.09924291771696,9.146025657653809,75400,0.0,0.0
1999-09-30 00:00:00-04:00,9.169410951675907,9.426715850830078,8.935497406990297,9.426715850830078,307600,0.0,0.0
1999-10-01 00:00:00-04:00,9.426721844661024,9.426721844661024,9.169416781903527,9.192808151245117,139000,0.0,0.0
1999-10-04 00:00:00-04:00,9.192808151245117,9.216199520586708,9.099242673878756,9.192808151245117,91300,0.0,0.0
1999-10-05 00:00:00-04:00,9.169415945958608,9.286372782004,9.169415945958608,9.262981414794922,55500,0.0,0.0
1999-10-06 00:00:00-04:00,9.192804112011874,9.30976090733009,9.169412752948231,9.23958683013916,160400,0.0,0.0
1999-10-07 00:00:00-04:00,9.169415955690994,9.23959005739271,8.888719548884126,9.075850486755371,1285500,0.0,0.0
1999-10-08 00:00:00-04:00,9.075851085574127,9.099242454351382,9.052459716796875,9.052459716796875,110900,0.0,0.0
1999-10-11 00:00:00-04:00,9.052457934159499,9.192806119185226,9.052457934159499,9.122632026672363,50300,0.0,0.0
1999-10-12 00:00:00-04:00,9.122629754034596,9.169412470721953,9.099238395690918,9.099238395690918,54100,0.0,0.0
1999-10-13 00:00:00-04:00,9.099244175307707,9.122635548509013,8.888721816495961,8.912113189697266,80900,0.0,0.0
1999-10-14 00:00:00-04:00,8.912111989511834,8.958894729614258,8.88872061946062,8.958894729614258,103400,0.0,0.0
1999-10-15 00:00:00-04:00,8.912111989511834,8.958894729614258,8.86532924940941,8.958894729614258,120100,0.0,0.0
1999-10-18 00:00:00-04:00,8.912110447883606,8.93550181388855,8.771762251853943,8.795153617858887,58900,0.0,0.0
1999-10-19 00:00:00-04:00,8.841935262603352,8.865326625731932,8.70158708383187,8.72497844696045,101900,0.0,0.0
1999-10-20 00:00:00-04:00,8.701589229614587,8.724980598511399,8.65480649182096,8.678197860717773,91500,0.0,0.0
1999-10-21 00:00:00-04:00,8.67819427087055,8.701585630091225,8.6314115524292,8.6314115524292,111300,0.0,0.0
1999-10-22 00:00:00-04:00,8.65480649182096,8.701589229614587,8.608023754027332,8.678197860717773,120300,0.0,0.0
1999-10-25 00:00:00-04:00,8.701585630091225,8.701585630091225,8.608020193208525,8.6314115524292,124400,0.0,0.0
1999-10-26 00:00:00-04:00,8.608027112581425,8.654809868628062,8.561244356534786,8.584635734558105,136800,0.0,0.0
1999-10-27 00:00:00-04:00,8.584635817038047,8.678201330030287,8.561244438789986,8.654809951782227,91900,0.0,0.0
1999-10-28 00:00:00-04:00,8.631418573534168,8.701592708278348,8.631418573534168,8.654809951782227,151300,0.0,0.0
1999-10-29 00:00:00-04:00,8.631415651252233,9.029068946838379,8.631415651252233,9.029068946838379,150400,0.0,0.0
1999-11-01 00:00:00-05:00,9.099240662501408,9.146023390843318,9.029066569988544,9.122632026672363,359000,0.0,0.0
1999-11-02 00:00:00-05:00,9.09924230337143,9.403330092430114,9.09924230337143,9.356547355651855,211200,0.0,0.0
1999-11-03 00:00:00-05:00,9.356545589846126,9.613850593566895,9.356545589846126,9.613850593566895,180100,0.0,0.0
1999-11-04 00:00:00-05:00,9.63723967947611,9.730805113257432,9.59045696258545,9.59045696258545,244700,0.0,0.0
1999-11-05 00:00:00-05:00,9.590455332110006,9.660629395515688,9.379933141892955,9.426715850830078,101600,0.0,0.0
1999-11-08 00:00:00-05:00,9.30976090733009,9.379934984521022,9.216195471075517,9.23958683013916,505200,0.0,0.0
1999-11-09 00:00:00-05:00,9.26298021169809,9.26298021169809,9.122632026672363,9.122632026672363,130100,0.0,0.0
1999-11-10 00:00:00-05:00,9.096709858060507,9.28872484187181,9.096709858060507,9.168715476989746,417700,0.62,0.0
1999-11-11 00:00:00-05:00,9.144715672447568,9.144715672447568,9.072710037231445,9.072710037231445,747200,0.0,0.0
1999-11-12 00:00:00-05:00,9.072708073633926,9.096709946844598,8.880693087948552,8.952698707580566,87100,0.0,0.0
1999-11-15 00:00:00-05:00,8.904695510864258,8.928697385556614,8.808688012094832,8.904695510864258,266700,0.0,0.0
1999-11-16 00:00:00-05:00,8.904691686128315,9.168712194342362,8.904691686128315,9.120708465576172,240300,0.0,0.0
1999-11-17 00:00:00-05:00,9.072706765316902,9.096708635066419,8.952697416569324,9.024703025817871,107700,0.0,0.0
1999-11-18 00:00:00-05:00,9.048706404028092,9.048706404028092,8.904695161523666,8.976700782775879,201500,0.0,0.0
1999-11-19 00:00:00-05:00,8.832690935678432,9.264724731445312,8.832690935678432,9.264724731445312,271500,0.0,0.0
1999-11-22 00:00:00-05:00,9.16871577278178,9.16871577278178,8.928697035274404,8.976700782775879,125600,0.0,0.0
1999-11-23 00:00:00-05:00,8.952698707580566,8.976700580791238,8.880693087948552,8.952698707580566,310500,0.0,0.0
1999-11-24 00:00:00-05:00,8.904697222323032,8.928699101628483,8.856693463712125,8.880695343017578,104000,0.0,0.0
1999-11-26 00:00:00-05:00,8.856693463712125,8.904697222323032,8.856693463712125,8.880695343017578,30700,0.0,0.0
1999-11-29 00:00:00-05:00,8.832691360305954,8.88069511769892,8.73668384552002,8.73668384552002,225100,0.0,0.0
1999-11-30 00:00:00-05:00,8.664674630883622,8.80868584358529,8.64067276210001,8.760682106018066,467600,0.0,0.0
1999-12-01 00:00:00-05:00,8.760683866051155,8.880693234079251,8.760683866051155,8.856691360473633,235300,0.0,0.0
1999-12-02 00:00:00-05:00,8.80868948160947,8.856693239002437,8.73668384552002,8.73668384552002,330700,0.0,0.0
1999-12-03 00:00:00-05:00,8.784683974801677,8.80868584358529,8.712678368450844,8.760682106018066,152000,0.0,0.0
1999-12-06 00:00:00-05:00,8.664674552281697,8.736680157979329,8.64067268371582,8.64067268371582,197500,0.0,0.0
1999-12-07 00:00:00-05:00,8.59267614170211,8.736687473685945,8.59267614170211,8.712685585021973,224500,0.0,0.0
1999-12-08 00:00:00-05:00,8.664676262475654,8.688678135778911,8.61667251586914,8.61667251586914,251200,0.0,0.0
1999-12-09 00:00:00-05:00,8.664675097225766,8.664675097225766,8.568667616924095,8.592669486999512,247400,0.0,0.0
1999-12-10 00:00:00-05:00,8.520666482773695,8.568670237606222,8.448660850524902,8.448660850524902,543800,0.0,0.0
1999-12-13 00:00:00-05:00,8.388530731201172,8.437019348144531,8.243064880371094,8.267309188842773,620000,0.22,0.0
1999-12-14 00:00:00-05:00,8.29155638365619,8.315800700567465,8.218823432922363,8.218823432922363,177600,0.0,0.0
1999-12-15 00:00:00-05:00,8.218827267370282,8.218827267370282,8.121849954480956,8.19458293914795,328200,0.0,0.0
1999-12-16 00:00:00-05:00,8.146089531393612,8.291555415882783,8.073356589149025,8.243066787719727,280800,0.0,0.0
1999-12-17 00:00:00-05:00,8.243070239863119,8.921911318440083,8.194581591393336,8.800689697265625,348700,0.0,0.0
1999-12-20 00:00:00-05:00,8.752200087348184,8.897666016777793,8.727955765776581,8.824933052062988,256800,0.0,0.0
1999-12-21 00:00:00-05:00,8.77644626950957,8.897667903066333,8.727957616086865,8.87342357635498,300900,0.0,0.0
1999-12-22 00:00:00-05:00,8.824929247962105,8.89766218132443,8.727952003479004,8.727952003479004,386000,0.0,0.0
1999-12-23 00:00:00-05:00,8.727952003479004,8.752196314599779,8.727952003479004,8.727952003479004,322000,0.0,0.0
1999-12-27 00:00:00-05:00,8.679463381237454,8.752196314599779,8.679463381237454,8.727952003479004,133100,0.0,0.0
1999-12-28 00:00:00-05:00,8.703714307500512,8.824935955237288,8.679469977953158,8.776447296142578,324200,0.0,0.0
1999-12-29 00:00:00-05:00,8.800688730491387,8.946154659920996,8.727955765776581,8.824933052062988,118100,0.0,0.0
1999-12-30 00:00:00-05:00,8.800688730491387,8.946154659920996,8.752200087348184,8.824933052062988,73100,0.0,0.0
1999-12-31 00:00:00-05:00,8.824934021500516,8.921911318440083,8.800689697265625,8.800689697265625,165100,0.0,0.0
2000-01-03 00:00:00-05:00,8.800688730491387,8.897666016777793,8.776444408919785,8.824933052062988,229000,0.0,0.0
2000-01-04 00:00:00-05:00,8.776444408919785,8.824933052062988,8.752200087348184,8.824933052062988,138400,0.0,0.0
2000-01-05 00:00:00-05:00,8.80068774833991,8.897665023803711,8.80068774833991,8.897665023803711,236300,0.0,0.0
2000-01-06 00:00:00-05:00,8.849178987538096,9.285576855416686,8.824934661544841,9.237088203430176,285900,0.0,0.0
2000-01-07 00:00:00-05:00,9.261328667556684,9.358305931091309,9.261328667556684,9.358305931091309,185300,0.0,0.0
2000-01-10 00:00:00-05:00,9.358302135757988,9.624989502321041,9.309813523655617,9.55225658416748,163900,0.0,0.0
2000-01-11 00:00:00-05:00,9.503774672288161,9.552263318575346,9.431041702857383,9.455286026000977,146800,0.0,0.0
2000-01-12 00:00:00-05:00,9.382553042048382,9.528018980684791,9.382553042048382,9.479530334472656,143500,0.0,0.0
2000-01-13 00:00:00-05:00,9.45528414822364,9.503772784881198,9.309818238250969,9.382551193237305,210700,0.0,0.0
2000-01-14 00:00:00-05:00,9.406794562858622,9.455283194625935,9.309817299323996,9.358305931091309,136000,0.0,0.0
2000-01-18 00:00:00-05:00,9.309812525699012,9.309812525699012,9.212835311889648,9.212835311889648,145100,0.0,0.0
2000-01-19 00:00:00-05:00,9.212839141764755,9.212839141764755,9.067373260578995,9.140106201171875,127900,0.0,0.0
2000-01-20 00:00:00-05:00,9.067376136779785,9.140109100443794,9.018887494337113,9.067376136779785,116300,0.0,0.0
2000-01-21 00:00:00-05:00,9.018889536623094,9.043133863334447,8.87342357635498,8.87342357635498,164700,0.0,0.0
2000-01-24 00:00:00-05:00,8.849178267561872,9.018888535706894,8.849178267561872,8.921911239624023,117200,0.0,0.0
2000-01-25 00:00:00-05:00,8.897667903066333,8.921912229777686,8.824934922932275,8.87342357635498,275500,0.0,0.0
2000-01-26 00:00:00-05:00,8.82493109831939,8.970396995544434,8.82493109831939,8.970396995544434,103200,0.0,0.0
2000-01-27 00:00:00-05:00,8.946156556489036,8.946156556489036,8.849179249643628,8.87342357635498,119900,0.0,0.0
2000-01-28 00:00:00-05:00,8.897668943879355,8.897668943879355,8.752202966595222,8.776447296142578,262300,0.0,0.0
2000-01-31 00:00:00-05:00,8.776445373030732,8.8734226699703,8.776445373030732,8.800689697265625,153100,0.0,0.0
2000-02-01 00:00:00-05:00,8.800686789721977,8.970397003297883,8.800686789721977,8.946152687072754,366400,0.0,0.0
2000-02-02 00:00:00-05:00,8.897665023803711,8.946153661535611,8.873420704937761,8.897665023803711,98300,0.0,0.0
2000-02-03 00:00:00-05:00,8.897667903066333,8.921912229777686,8.824934922932275,8.87342357635498,136100,0.0,0.0
2000-02-04 00:00:00-05:00,8.849179249643628,8.946156556489036,8.849179249643628,8.87342357635498,136900,0.0,0.0
2000-02-07 00:00:00-05:00,8.824935955237288,8.849180284784643,8.752202966595222,8.776447296142578,129100,0.0,0.0
2000-02-08 00:00:00-05:00,8.824934021500516,8.849178345735407,8.776445373030732,8.800689697265625,86900,0.0,0.0
2000-02-09 00:00:00-05:00,8.824934021500516,8.849178345735407,8.776445373030732,8.800689697265625,347200,0.0,0.0
2000-02-10 00:00:00-05:00,8.752202966595222,8.897668943879355,8.752202966595222,8.776447296142578,100900,0.0,0.0
2000-02-11 00:00:00-05:00,8.776440625720555,8.80068493684133,8.703707692358229,8.727952003479004,116800,0.0,0.0
2000-02-14 00:00:00-05:00,8.727952003479004,8.776440625720555,8.703707692358229,8.727952003479004,186200,0.0,0.0
2000-02-15 00:00:00-05:00,8.727958637047868,8.776447296142578,8.727958637047868,8.776447296142578,110500,0.0,0.0
2000-02-16 00:00:00-05:00,8.727958637047868,8.800691625689932,8.703714307500512,8.776447296142578,92900,0.0,0.0
2000-02-17 00:00:00-05:00,8.703710472876109,8.897665023803711,8.679466154010159,8.897665023803711,144000,0.0,0.0
2000-02-18 00:00:00-05:00,8.89766218132443,8.89766218132443,8.679463381237454,8.727952003479004,82900,0.0,0.0
2000-02-22 00:00:00-05:00,8.727952973181461,8.727952973181461,8.655220031738281,8.655220031738281,170000,0.0,0.0
2000-02-23 00:00:00-05:00,8.655219083436778,8.70370770575295,8.582486149962518,8.606730461120605,337700,0.0,0.0
2000-02-24 00:00:00-05:00,8.606730461120605,8.630974772278691,8.558241838804433,8.606730461120605,254200,0.0,0.0
2000-02-25 00:00:00-05:00,8.606731431050733,8.606731431050733,8.509754175489599,8.533998489379883,350900,0.0,0.0
2000-02-28 00:00:00-05:00,8.533999451205261,8.558243767828005,8.485510817959778,8.50975513458252,364800,0.0,0.0
2000-02-29 00:00:00-05:00,8.50975227355957,8.55824089050293,8.48550796508789,8.55824089050293,349200,0.0,0.0
2000-03-01 00:00:00-05:00,8.50975705555507,8.582490021841867,8.437024089268276,8.485512733459473,182200,0.0,0.0
2000-03-02 00:00:00-05:00,8.461268452471202,8.485512774684587,8.412779808044434,8.412779808044434,117900,0.0,0.0
2000-03-03 00:00:00-05:00,8.412779767172678,8.53400137765067,8.412779767172678,8.485512733459473,393600,0.0,0.0
2000-03-06 00:00:00-05:00,8.437021255493164,8.46126556944573,8.412776941540598,8.437021255493164,144400,0.0,0.0
2000-03-07 00:00:00-05:00,8.388535513394121,8.437024157980215,8.340046868808027,8.364291191101074,189700,0.0,0.0
2000-03-08 00:00:00-05:00,8.34004404404584,8.388532672208898,8.218822473638198,8.243066787719727,206200,0.0,0.0
2000-03-09 00:00:00-05:00,8.218823432922363,8.267312066744914,8.146090482188537,8.218823432922363,175300,0.0,0.0
2000-03-10 00:00:00-05:00,8.170333867981322,8.194578182129634,8.097600925536383,8.146089553833008,235700,0.0,0.0
2000-03-13 00:00:00-05:00,8.20783284994272,8.305836824270395,8.20783284994272,8.281335830688477,172300,0.22,0.0
2000-03-14 00:00:00-05:00,8.256834837106558,8.354838811434233,8.23233384352464,8.281335830688477,336200,0.0,0.0
2000-03-15 00:00:00-05:00,8.256840379540547,8.354844419653789,8.232339369512237,8.305842399597168,175200,0.0,0.0
2000-03-16 00:00:00-05:00,8.330337234407837,8.403840210005555,8.256834258810121,8.379339218139648,613100,0.0,0.0
2000-03-17 00:00:00-05:00,8.403843570101088,8.501847576749498,8.403843570101088,8.452845573425293,440300,0.0,0.0
2000-03-20 00:00:00-05:00,8.379341774208601,8.477345771567766,8.379341774208601,8.428343772888184,138900,0.0,0.0
2000-03-21 00:00:00-05:00,8.428337780726439,8.575343672250737,8.403836798805722,8.477339744567871,217500,0.0,0.0
2000-03-22 00:00:00-05:00,8.501845211818301,8.526346206665039,8.428342227278085,8.526346206665039,175500,0.0,0.0
2000-03-23 00:00:00-05:00,8.452845573425293,8.599851583397907,8.452845573425293,8.452845573425293,209600,0.0,0.0
2000-03-24 00:00:00-05:00,8.599849191205255,8.599849191205255,8.477344216971561,8.526346206665039,99800,0.0,0.0
2000-03-27 00:00:00-05:00,8.526347770247348,8.599850768266723,8.403842773548392,8.428343772888184,108300,0.0,0.0
2000-03-28 00:00:00-05:00,8.42833953769475,8.52634348580748,8.42833953769475,8.501842498779297,134100,0.0,0.0
2000-03-29 00:00:00-05:00,8.501845211818301,8.526346206665039,8.452843222124823,8.526346206665039,196100,0.0,0.0
2000-03-30 00:00:00-05:00,8.57535091717127,8.62435292241225,8.428344901448334,8.550849914550781,216800,0.0,0.0
2000-03-31 00:00:00-05:00,8.452843087060112,8.526346070425852,8.23233413696289,8.23233413696289,223000,0.0,0.0
2000-04-03 00:00:00-04:00,8.33033558958202,8.52634348580748,8.33033558958202,8.501842498779297,227400,0.0,0.0
2000-04-04 00:00:00-04:00,8.501845211818301,8.550847201511777,8.452843222124823,8.526346206665039,96700,0.0,0.0
2000-04-05 00:00:00-04:00,8.501843688162891,8.648849630897695,8.501843688162891,8.624348640441895,170500,0.0,0.0
2000-04-06 00:00:00-04:00,8.648851898279084,8.746855885794993,8.624350901400105,8.722354888916016,260300,0.0,0.0
2000-04-07 00:00:00-04:00,8.697853892037038,8.746855885794993,8.673352895158061,8.722354888916016,473900,0.0,0.0
2000-04-10 00:00:00-04:00,8.697851846198073,8.795855810662278,8.697851846198073,8.746853828430176,139500,0.0,0.0
2000-04-11 00:00:00-04:00,8.795855379104614,8.869358348846436,8.771354389190675,8.820356369018555,263000,0.0,0.0
2000-04-12 00:00:00-04:00,8.869359161715098,8.967363130352833,8.82035717739623,8.844858169555664,382000,0.0,0.0
2000-04-13 00:00:00-04:00,8.89386000817652,8.89386000817652,8.820357032902333,8.869359016418457,195300,0.0,0.0
2000-04-14 00:00:00-04:00,8.869358348846436,8.893859338760377,8.771354389190675,8.820356369018555,187900,0.0,0.0
2000-04-17 00:00:00-04:00,8.771359299960203,8.942866325378418,8.722357292697854,8.942866325378418,185800,0.0,0.0
2000-04-18 00:00:00-04:00,8.89386000817652,8.918360999934581,8.820357032902333,8.869359016418457,185000,0.0,0.0
2000-04-19 00:00:00-04:00,8.869359161715098,8.869359161715098,8.82035717739623,8.844858169555664,236800,0.0,0.0
2000-04-20 00:00:00-04:00,8.820359533725505,8.844860532430298,8.771357536315918,8.771357536315918,69500,0.0,0.0
2000-04-24 00:00:00-04:00,8.77135688267397,8.795857879552948,8.648851898279084,8.722354888916016,476000,0.0,0.0
2000-04-25 00:00:00-04:00,8.722358228126936,8.722358228126936,8.624354203091801,8.648855209350586,212700,0.0,0.0
2000-04-26 00:00:00-04:00,8.648854130604228,9.016369178646901,8.648854130604228,8.967367172241211,390100,0.0,0.0
2000-04-27 00:00:00-04:00,8.869358348846436,8.893859338760377,8.795855379104614,8.820356369018555,81200,0.0,0.0
2000-04-28 00:00:00-04:00,8.820359533725505,8.820359533725505,8.771357536315918,8.771357536315918,205300,0.0,0.0
2000-05-01 00:00:00-04:00,8.820358193213023,8.991865158081055,8.771356203250729,8.991865158081055,323700,0.0,0.0
2000-05-02 00:00:00-04:00,8.967364163099907,9.163372122949085,8.893861178156465,8.991865158081055,1118700,0.0,0.0
2000-05-03 00:00:00-04:00,9.0163661530622,9.0163661530622,8.893861178156465,8.991865158081055,354900,0.0,0.0
2000-05-04 00:00:00-04:00,8.991868175444056,8.991868175444056,8.918365165835521,8.967367172241211,338300,0.0,0.0
2000-05-05 00:00:00-04:00,8.918365321747245,8.942866325378418,8.869363314484897,8.942866325378418,178300,0.0,0.0
2000-05-08 00:00:00-04:00,8.869358493092998,8.893859483405409,8.746853541530939,8.795855522155762,214200,0.0,0.0
2000-05-09 00:00:00-04:00,8.795858535020711,8.795858535020711,8.697854540201538,8.771357536315918,350400,0.0,0.0
2000-05-10 00:00:00-04:00,8.74685699570347,8.771357995691433,8.648852995751609,8.697854995727539,183500,0.0,0.0
2000-05-11 00:00:00-04:00,8.673350855082022,8.746853828430176,8.673350855082022,8.746853828430176,124800,0.0,0.0
2000-05-12 00:00:00-04:00,8.722355995715505,8.74685699570347,8.673353995739575,8.697854995727539,174000,0.0,0.0
2000-05-15 00:00:00-04:00,8.648852542791953,8.820359533725505,8.648852542791953,8.771357536315918,97400,0.0,0.0
2000-05-16 00:00:00-04:00,8.77135453184335,8.820356512468173,8.77135453184335,8.795855522155762,143600,0.0,0.0
2000-05-17 00:00:00-04:00,8.771354819546227,8.795855810662278,8.697851846198073,8.746853828430176,174100,0.0,0.0
2000-05-18 00:00:00-04:00,8.722355538906331,8.795858535020711,8.673353541496747,8.771357536315918,219200,0.0,0.0
2000-05-19 00:00:00-04:00,8.795855522155762,8.820356512468173,8.746853541530939,8.795855522155762,152400,0.0,0.0
2000-05-22 00:00:00-04:00,8.795855810662278,8.844857792894379,8.746853828430176,8.746853828430176,152600,0.0,0.0
2000-05-23 00:00:00-04:00,8.746853541530939,8.893859483405409,8.746853541530939,8.795855522155762,246000,0.0,0.0
2000-05-24 00:00:00-04:00,8.771357536315918,8.918363528544676,8.722355538906331,8.771357536315918,114200,0.0,0.0
2000-05-25 00:00:00-04:00,8.771357995691433,8.7958589956794,8.673353995739575,8.697854995727539,103500,0.0,0.0
2000-05-26 00:00:00-04:00,8.673353541496747,8.795858535020711,8.648852542791953,8.771357536315918,297400,0.0,0.0
2000-05-30 00:00:00-04:00,8.746856537611125,8.869361531135091,8.722355538906331,8.771357536315918,112300,0.0,0.0
2000-05-31 00:00:00-04:00,8.771354819546227,8.820356801778328,8.673350855082022,8.746853828430176,86800,0.0,0.0
2000-06-01 00:00:00-04:00,8.722355538906331,8.795858535020711,8.722355538906331,8.771357536315918,130000,0.0,0.0
2000-06-02 00:00:00-04:00,8.746856914914172,9.040868912054144,8.746856914914172,9.01636791229248,184900,0.0,0.0
2000-06-05 00:00:00-04:00,9.310381217081039,9.310381217081039,8.893864162632676,8.967367172241211,150100,0.0,0.0
2000-06-06 00:00:00-04:00,8.869359161715098,9.040866106831135,8.82035717739623,8.844858169555664,158000,0.0,0.0
2000-06-07 00:00:00-04:00,8.869360870189881,8.869360870189881,8.673352895158061,8.722354888916016,307300,0.0,0.0
2000-06-08 00:00:00-04:00,8.697856289066682,8.942866325378418,8.697856289066682,8.942866325378418,118500,0.0,0.0
2000-06-09 00:00:00-04:00,8.918361146033966,8.918361146033966,8.771355193077362,8.844858169555664,55500,0.0,0.0
2000-06-12 00:00:00-04:00,8.869360183175317,8.991865158081055,8.869360183175317,8.991865158081055,108300,0.0,0.0
2000-06-13 00:00:00-04:00,8.95525572610938,9.10368537902832,8.95525572610938,9.10368537902832,83800,0.22,0.0
2000-06-14 00:00:00-04:00,9.103682018461681,9.573709079197474,9.103682018461681,9.351064682006836,175300,0.0,0.0
2000-06-15 00:00:00-04:00,9.35106382369995,9.499493408203126,9.276849031448364,9.400540351867676,270000,0.0,0.0
2000-06-16 00:00:00-04:00,9.400543172629968,9.425281444136889,9.301590086602285,9.375804901123047,189800,0.0,0.0
2000-06-19 00:00:00-04:00,9.400540061175505,9.425278324494387,9.227372217943325,9.252110481262207,187900,0.0,0.0
2000-06-20 00:00:00-04:00,9.3015883722131,9.474756240844727,9.276850105265725,9.474756240844727,156200,0.0,0.0
2000-06-21 00:00:00-04:00,9.450016021728516,9.499492545402486,9.400539498054544,9.450016021728516,139800,0.0,0.0
2000-06-22 00:00:00-04:00,9.450020938339629,9.573712311878104,9.450020938339629,9.54897403717041,127700,0.0,0.0
2000-06-23 00:00:00-04:00,9.548964376250902,9.548964376250902,9.400534878174463,9.49948787689209,154500,0.0,0.0
2000-06-26 00:00:00-04:00,9.548969318084323,9.59844584304849,9.425278005673905,9.573707580566406,111900,0.0,0.0
2000-06-27 00:00:00-04:00,9.524233298965648,9.84583078698267,9.524233298965648,9.771615982055664,199700,0.0,0.0
2000-06-28 00:00:00-04:00,9.796352966544553,9.796352966544553,9.573708580941268,9.5984468460083,451700,0.0,0.0
2000-06-29 00:00:00-04:00,9.57370748148336,9.623184005935471,9.47475443257914,9.52423095703125,150100,0.0,0.0
2000-06-30 00:00:00-04:00,9.598444258189852,9.722135550176835,9.103679090241922,9.283031463623047,524200,0.0,0.0
2000-07-03 00:00:00-04:00,9.301586596996753,9.52423095703125,9.301586596996753,9.52423095703125,65100,0.0,0.0
2000-07-05 00:00:00-04:00,9.573712458977333,9.647927284240723,9.45002108353835,9.647927284240723,177500,0.0,0.0
2000-07-06 00:00:00-04:00,9.647924510800108,9.72213931472934,9.524233170918055,9.69740104675293,153700,0.0,0.0
2000-07-07 00:00:00-04:00,9.647923607862632,9.746876670507378,9.623185342201445,9.722138404846191,171500,0.0,0.0
2000-07-10 00:00:00-04:00,9.722140515868986,9.895308413098206,9.672663973803497,9.845831871032715,131900,0.0,0.0
2000-07-11 00:00:00-04:00,9.845830960381301,9.870569229125977,9.77161615414727,9.870569229125977,125400,0.0,0.0
2000-07-12 00:00:00-04:00,9.92004668413095,9.92004668413095,9.771617057934478,9.845831871032715,227600,0.0,0.0
2000-07-13 00:00:00-04:00,9.870569055291671,9.920045591909675,9.746877713746663,9.771615982055664,187100,0.0,0.0
2000-07-14 00:00:00-04:00,9.82109359999997,9.895308413098206,9.796355328967223,9.845831871032715,164800,0.0,0.0
2000-07-17 00:00:00-04:00,9.920050590038299,9.920050590038299,9.821097466945648,9.895312309265137,87600,0.0,0.0
2000-07-18 00:00:00-04:00,9.845827259624986,9.920042037963867,9.845827259624986,9.920042037963867,110700,0.0,0.0
2000-07-19 00:00:00-04:00,9.895308413098206,9.92004668413095,9.845831871032715,9.845831871032715,148200,0.0,0.0
2000-07-20 00:00:00-04:00,9.796359186172484,9.895312309265137,9.796359186172484,9.895312309265137,44600,0.0,0.0
2000-07-21 00:00:00-04:00,9.870567511092345,9.994258833286484,9.870567511092345,9.969520568847656,196500,0.0,0.0
2000-07-24 00:00:00-04:00,9.92004512213721,10.093212992099705,9.92004512213721,10.043736457824707,42200,0.0,0.0
2000-07-25 00:00:00-04:00,9.944781402550122,10.043734451331716,9.944781402550122,9.994257926940918,98500,0.0,0.0
2000-07-26 00:00:00-04:00,10.018993275506157,10.390067100524902,9.969516765503657,10.390067100524902,138000,0.0,0.0
2000-07-27 00:00:00-04:00,10.340598067505468,10.365336340394238,10.29112152172793,10.3158597946167,104800,0.0,0.0
2000-07-28 00:00:00-04:00,10.29112152172793,10.365336340394238,10.266383248839162,10.3158597946167,46200,0.0,0.0
2000-07-31 00:00:00-04:00,10.266382008064083,10.365335087659883,10.117952388670385,10.142690658569336,167100,0.0,0.0
2000-08-01 00:00:00-04:00,10.142687819724859,10.662191342198572,10.142687819724859,10.637453079223633,219300,0.0,0.0
2000-08-02 00:00:00-04:00,10.637453892191903,10.637453892191903,10.489024302998528,10.563239097595215,82600,0.0,0.0
2000-08-03 00:00:00-04:00,10.513757440337955,10.563233945939544,10.390066176333978,10.402435302734375,172800,0.0,0.0
2000-08-04 00:00:00-04:00,10.3900714512289,10.41480971658897,10.068474001548006,10.167427062988281,163400,0.0,0.0
2000-08-07 00:00:00-04:00,10.192164024504105,10.192164024504105,9.944781402550122,9.994257926940918,163900,0.0,0.0
2000-08-08 00:00:00-04:00,9.994262732988522,10.06847755526319,9.920047910713857,10.019001007080078,120600,0.0,0.0
2000-08-09 00:00:00-04:00,9.969519664745519,10.043734451331716,9.969519664745519,9.994257926940918,48700,0.0,0.0
2000-08-10 00:00:00-04:00,9.944784035360007,9.944784035360007,9.845830960381301,9.870569229125977,156800,0.0,0.0
2000-08-11 00:00:00-04:00,9.895305775531172,9.994258833286484,9.821090982214688,9.969520568847656,102100,0.0,0.0
2000-08-14 00:00:00-04:00,9.994255910465373,10.018994167669495,9.895302881648885,9.944779396057129,88500,0.0,0.0
2000-08-15 00:00:00-04:00,9.895307497870654,9.944784035360007,9.845830960381301,9.870569229125977,122500,0.0,0.0
2000-08-16 00:00:00-04:00,9.895303778517574,10.043733335195338,9.87056551907128,9.920042037963867,121100,0.0,0.0
2000-08-17 00:00:00-04:00,9.870567511092345,9.969520568847656,9.845829246653517,9.969520568847656,336900,0.0,0.0
2000-08-18 00:00:00-04:00,9.895303778517574,9.944780297410162,9.845827259624986,9.920042037963867,68200,0.0,0.0
2000-08-21 00:00:00-04:00,9.92004576661533,9.969522304104684,9.870569229125977,9.870569229125977,59900,0.0,0.0
2000-08-22 00:00:00-04:00,9.895312309265137,9.944788870811461,9.870574028491973,9.895312309265137,87100,0.0,0.0
2000-08-23 00:00:00-04:00,9.870567998813309,9.92004453013568,9.722138404846191,9.722138404846191,210400,0.0,0.0
2000-08-24 00:00:00-04:00,9.697399906276427,9.72213817134346,9.573708580941268,9.5984468460083,54300,0.0,0.0
2000-08-25 00:00:00-04:00,9.598440875609715,9.623179125289122,9.42527312785387,9.49948787689209,58200,0.0,0.0
2000-08-28 00:00:00-04:00,9.499493408203126,9.54896993637085,9.375802087783814,9.400540351867676,113100,0.0,0.0
2000-08-29 00:00:00-04:00,9.326326415652321,9.450017747424898,9.27684988294329,9.351064682006836,86400,0.0,0.0
2000-08-30 00:00:00-04:00,9.326320129136244,9.49948787689209,9.276843629777431,9.49948787689209,308700,0.0,0.0
2000-08-31 00:00:00-04:00,9.499497633713943,9.697403834416317,9.499497633713943,9.647927284240723,231400,0.0,0.0
2000-09-01 00:00:00-04:00,9.598440875609715,9.647917374968529,9.49948787689209,9.49948787689209,77200,0.0,0.0
2000-09-05 00:00:00-04:00,9.301591290093455,9.54897403717041,9.301591290093455,9.54897403717041,103800,0.0,0.0
2000-09-06 00:00:00-04:00,9.499497487755018,9.573712311878104,9.425282663631933,9.54897403717041,183600,0.0,0.0
2000-09-07 00:00:00-04:00,9.524233040895439,9.672662646727575,9.524233040895439,9.623186111450195,215100,0.0,0.0
2000-09-08 00:00:00-04:00,9.623191220760345,9.895312309265137,9.623191220760345,9.895312309265137,412800,0.0,0.0
2000-09-11 00:00:00-04:00,10.216902286699503,10.216902286699503,9.895304878159324,9.994257926940918,203900,0.0,0.0
2000-09-12 00:00:00-04:00,9.94478338927471,10.068474724962206,9.870568587862211,10.043736457824707,92700,0.0,0.0
2000-09-13 00:00:00-04:00,10.225752041424592,10.225752041424592,9.944543860285416,10.072365760803223,95700,0.82,0.0
2000-09-14 00:00:00-04:00,9.995673933578411,10.021238317040249,9.740030098960037,9.765594482421875,155100,0.0,0.0
2000-09-15 00:00:00-04:00,9.842289325238488,10.072368815958349,9.714467385949677,10.046804428100586,116600,0.0,0.0
2000-09-18 00:00:00-04:00,9.944550186197754,9.995678978928847,9.624995231628418,9.624995231628418,214400,0.0,0.0
2000-09-19 00:00:00-04:00,9.535514268469303,9.765593701220574,9.535514268469303,9.612207412719727,420000,0.0,0.0
2000-09-20 00:00:00-04:00,9.561078649886111,9.663336175553342,9.561078649886111,9.612207412719727,105200,0.0,0.0
2000-09-21 00:00:00-04:00,9.561075983683267,9.74002660369873,9.535511609395344,9.586640357971191,183000,0.0,0.0
2000-09-22 00:00:00-04:00,9.484391051617909,9.637777429811191,9.484391051617909,9.624995231628418,160100,0.0,0.0
2000-09-25 00:00:00-04:00,9.586640357971191,9.714462229410806,9.509947235107422,9.586640357971191,107300,0.0,0.0
2000-09-26 00:00:00-04:00,9.561083740798024,9.765598901028998,9.561083740798024,9.688905715942383,109600,0.0,0.0
2000-09-27 00:00:00-04:00,9.71446785823026,10.02124052743753,9.612210301827835,9.982893943786621,170800,0.0,0.0
2000-09-28 00:00:00-04:00,10.021241621537643,10.021241621537643,9.765597702620866,9.842290878295898,222700,0.0,0.0
2000-09-29 00:00:00-04:00,9.867852786191138,9.893417171647593,9.74003085890887,9.791159629821777,144800,0.0,0.0
2000-10-02 00:00:00-04:00,9.791157873727942,9.791157873727942,9.509949684143066,9.509949684143066,83500,0.0,0.0
2000-10-03 00:00:00-04:00,9.407698022066102,9.612213196458843,9.407698022066102,9.484391212463379,122600,0.0,0.0
2000-10-04 00:00:00-04:00,9.407692901359116,9.586643581548014,9.22874222117022,9.279870986938477,58000,0.0,0.0
2000-10-05 00:00:00-04:00,9.203176160599295,9.484384321062052,9.203176160599295,9.382126808166504,52200,0.0,0.0
2000-10-06 00:00:00-04:00,9.38213362526701,9.509955609262471,9.38213362526701,9.484391212463379,111200,0.0,0.0
2000-10-09 00:00:00-04:00,9.509951978116423,9.53551636515437,9.43325881700258,9.458823204040527,84200,0.0,0.0
2000-10-10 00:00:00-04:00,9.45882435413557,9.509953134428194,9.382131183696632,9.433259963989258,84000,0.0,0.0
2000-10-11 00:00:00-04:00,9.407691186390391,9.433255564614278,9.382126808166504,9.382126808166504,74500,0.0,0.0
2000-10-12 00:00:00-04:00,9.331005096435547,9.407698289008989,9.279876301386585,9.331005096435547,138000,0.0,0.0
2000-10-13 00:00:00-04:00,9.30543538520547,9.561079214469357,9.30543538520547,9.535514831542969,113500,0.0,0.0
2000-10-16 00:00:00-04:00,9.58664879965975,9.58664879965975,9.458826815664287,9.484391212463379,295800,0.0,0.0
2000-10-17 00:00:00-04:00,9.458822057546813,9.484386441486128,9.100920682396394,9.35656452178955,67300,0.0,0.0
2000-10-18 00:00:00-04:00,9.305439855011416,9.331004250217491,8.998667112538513,9.075360298156738,102600,0.0,0.0
2000-10-19 00:00:00-04:00,9.177611351013184,9.254304482080146,9.152046973990863,9.177611351013184,352000,0.0,0.0
2000-10-20 00:00:00-04:00,9.152051700340524,9.305438041687012,9.152051700340524,9.305438041687012,179900,0.0,0.0
2000-10-23 00:00:00-04:00,9.254303338792589,9.305432086520725,9.152045843336317,9.203174591064453,82300,0.0,0.0
2000-10-24 00:00:00-04:00,9.22874666939319,9.254311064599266,9.075360298156738,9.075360298156738,60500,0.0,0.0
2000-10-25 00:00:00-04:00,9.04979054681186,9.0753549268876,8.845275506205942,8.896404266357422,67900,0.0,0.0
2000-10-26 00:00:00-04:00,8.819711330262097,8.998661994934082,8.819711330262097,8.998661994934082,120100,0.0,0.0
2000-10-27 00:00:00-04:00,8.998667514357958,9.024231910705566,8.921974325315135,9.024231910705566,184000,0.0,0.0
2000-10-30 00:00:00-05:00,8.973103118010352,9.024231910705566,8.921974325315135,9.024231910705566,38800,0.0,0.0
2000-10-31 00:00:00-05:00,8.99865960015191,9.203174591064453,8.973095226287843,9.203174591064453,106300,0.0,0.0
2000-11-01 00:00:00-05:00,9.177610217200385,9.254303338792589,9.12648146947225,9.203174591064453,116200,0.0,0.0
2000-11-02 00:00:00-05:00,9.203179944463136,9.228744333197756,9.075358000790038,9.126486778259277,28000,0.0,0.0
2000-11-03 00:00:00-05:00,9.024225574008302,9.1264830875948,8.81971054683531,8.845274925231934,655600,0.0,0.0
2000-11-06 00:00:00-05:00,8.845279495722966,8.896408278935239,8.819715104116831,8.870843887329102,259800,0.0,0.0
2000-11-07 00:00:00-05:00,8.896403682025182,8.896403682025182,8.794146168438687,8.845274925231934,225900,0.0,0.0
2000-11-08 00:00:00-05:00,8.819711126130203,8.921968646433161,8.794146746054462,8.896404266357422,208200,0.0,0.0
2000-11-09 00:00:00-05:00,8.845275710929524,9.049790756268935,8.845275710929524,8.998661994934082,263400,0.0,0.0
2000-11-10 00:00:00-05:00,8.973101055724573,8.973101055724573,8.845279103363824,8.921972274780273,217200,0.0,0.0
2000-11-13 00:00:00-05:00,8.896403682025182,8.94753243881843,8.81971054683531,8.845274925231934,164800,0.0,0.0
2000-11-14 00:00:00-05:00,8.81971054683531,8.870839303628559,8.81971054683531,8.845274925231934,159900,0.0,0.0
2000-11-15 00:00:00-05:00,8.819715541951796,8.845279934827019,8.66632918470046,8.691893577575684,496700,0.0,0.0
2000-11-16 00:00:00-05:00,8.743021929298424,8.870843887329102,8.743021929298424,8.870843887329102,236300,0.0,0.0
2000-11-17 00:00:00-05:00,8.794144213723996,8.794144213723996,8.640757977438113,8.717451095581055,536800,0.0,0.0
2000-11-20 00:00:00-05:00,8.691890337313826,8.794147870693989,8.691890337313826,8.743019104003906,118700,0.0,0.0
2000-11-21 00:00:00-05:00,8.794150156214618,8.819714546203613,8.71745698624763,8.819714546203613,102000,0.0,0.0
2000-11-22 00:00:00-05:00,8.768581790042061,8.845274925231934,8.743017411645438,8.845274925231934,73200,0.0,0.0
2000-11-24 00:00:00-05:00,8.768587863722512,8.819716655930806,8.743023467618364,8.79415225982666,49100,0.0,0.0
2000-11-27 00:00:00-05:00,8.768587863722512,8.819716655930806,8.743023467618364,8.79415225982666,104800,0.0,0.0
2000-11-28 00:00:00-05:00,8.743021376236626,8.870843326181605,8.743021376236626,8.819714546203613,68700,0.0,0.0
2000-11-29 00:00:00-05:00,8.870839303628559,8.870839303628559,8.81971054683531,8.845274925231934,87100,0.0,0.0
2000-11-30 00:00:00-05:00,8.8708402764084,8.973097801208496,8.845275895208376,8.973097801208496,173200,0.0,0.0
2000-12-01 00:00:00-05:00,8.921968852931803,9.024226375601508,8.921968852931803,8.998661994934082,255000,0.0,0.0
2000-12-04 00:00:00-05:00,8.973100445851559,9.126486778259277,8.973100445851559,9.126486778259277,143100,0.0,0.0
2000-12-05 00:00:00-05:00,9.279871369971604,9.382128905728866,9.203178218153656,9.35656452178955,243200,0.0,0.0
2000-12-06 00:00:00-05:00,9.356569493960029,9.356569493960029,9.254311903862105,9.331005096435547,55100,0.0,0.0
2000-12-07 00:00:00-05:00,9.331001268850791,9.484387591078475,9.305436881812843,9.458823204040527,156000,0.0,0.0
2000-12-08 00:00:00-05:00,9.458826469338458,9.458826469338458,9.305440094159998,9.407697677612305,165900,0.0,0.0
2000-12-11 00:00:00-05:00,9.433259963989258,9.45882435413557,9.35656679355032,9.433259963989258,190000,0.0,0.0
2000-12-12 00:00:00-05:00,9.382133281749228,9.561084052790767,9.382133281749228,9.407697677612305,373000,0.0,0.0
2000-12-13 00:00:00-05:00,9.421117441440986,9.601796406071362,9.421117441440986,9.524362564086914,105200,0.22,0.0
2000-12-14 00:00:00-05:00,9.49855214711782,9.60179727915171,9.49855214711782,9.550174713134766,74800,0.0,0.0
2000-12-15 00:00:00-05:00,9.52436173371086,9.782474517822266,9.52436173371086,9.782474517822266,242000,0.0,0.0
2000-12-18 00:00:00-05:00,9.78247581985948,9.963154792785645,9.78247581985948,9.963154792785645,222100,0.0,0.0
2000-12-19 00:00:00-05:00,10.014777012360401,10.169644698118551,9.885720607561943,10.066399574279785,283100,0.0,0.0
2000-12-20 00:00:00-05:00,9.98896607463224,10.014777356478834,9.963154792785645,9.963154792785645,89100,0.0,0.0
2000-12-21 00:00:00-05:00,9.963152723214062,10.066397829154104,9.91153017024404,10.014775276184082,383800,0.0,0.0
2000-12-22 00:00:00-05:00,10.014772713184357,10.221262872219086,9.911527633666992,9.911527633666992,164900,0.0,0.0
2000-12-26 00:00:00-05:00,9.911527633666992,9.937338903546333,9.85990509390831,9.911527633666992,79500,0.0,0.0
2000-12-27 00:00:00-05:00,9.88571889375903,10.014775276184082,9.834096340789008,10.014775276184082,124700,0.0,0.0
2000-12-28 00:00:00-05:00,10.09221317310526,10.27289218131942,10.040590599329786,10.221269607543945,56900,0.0,0.0
2000-12-29 00:00:00-05:00,10.11802030038711,10.221265405493101,10.040586471557617,10.040586471557617,149900,0.0,0.0
2001-01-02 00:00:00-05:00,9.98896598815918,10.118022396274931,9.963154706536029,9.98896598815918,95700,0.0,0.0
2001-01-03 00:00:00-05:00,10.014774718465684,10.35032129408438,10.014774718465684,10.195453643798828,173800,0.0,0.0
2001-01-04 00:00:00-05:00,10.118019198661406,10.40194320678711,10.118019198661406,10.40194320678711,285600,0.0,0.0
2001-01-05 00:00:00-05:00,10.40194641199327,10.427757693412609,10.27289000489658,10.298701286315918,247100,0.0,0.0
2001-01-08 00:00:00-05:00,10.27289000489658,10.427757693412609,10.143833597799889,10.298701286315918,247500,0.0,0.0
2001-01-09 00:00:00-05:00,10.272891817092896,10.324514389038086,10.272891817092896,10.324514389038086,288000,0.0,0.0
2001-01-10 00:00:00-05:00,10.298700083547564,10.401945197167088,10.298700083547564,10.376133918762207,179200,0.0,0.0
2001-01-11 00:00:00-05:00,10.376131933321135,10.453565753719054,10.376131933321135,10.40194320678711,159500,0.0,0.0
2001-01-12 00:00:00-05:00,10.350320659855162,10.40194320678711,10.350320659855162,10.40194320678711,184200,0.0,0.0
2001-01-16 00:00:00-05:00,10.401946589058522,10.53100299835205,10.376135307199815,10.53100299835205,122500,0.0,0.0
2001-01-17 00:00:00-05:00,10.531000928180973,10.582623481750488,10.505189651396217,10.582623481750488,143800,0.0,0.0
2001-01-18 00:00:00-05:00,10.556813936789059,10.660059060865235,10.556813936789059,10.634247779846191,118800,0.0,0.0
2001-01-19 00:00:00-05:00,10.634250183471387,10.789117904589903,10.634250183471387,10.763306617736816,294500,0.0,0.0
2001-01-22 00:00:00-05:00,10.73749533088373,10.789117904589903,10.73749533088373,10.763306617736816,117800,0.0,0.0
2001-01-23 00:00:00-05:00,10.789118766784668,10.789118766784668,10.737496188953163,10.789118766784668,23700,0.0,0.0
2001-01-24 00:00:00-05:00,10.737494468688965,10.866550892591476,10.711683183908463,10.737494468688965,282100,0.0,0.0
2001-01-25 00:00:00-05:00,10.81493005570042,10.943986500279184,10.763307477868915,10.789118766784668,206800,0.0,0.0
2001-01-26 00:00:00-05:00,10.78911193666004,10.840734481811523,10.737489391508555,10.840734481811523,58400,0.0,0.0
2001-01-29 00:00:00-05:00,10.811831999554835,10.811831999554835,10.7374953671353,10.75401496887207,144700,0.0,0.0
2001-01-30 00:00:00-05:00,10.745749467445991,10.861383467468354,10.745749467445991,10.799436569213867,93000,0.0,0.0
2001-01-31 00:00:00-05:00,10.787052482054605,10.87790792091073,10.737494468688965,10.737494468688965,180600,0.0,0.0
2001-02-01 00:00:00-05:00,10.820087075216078,10.824216186149094,10.72097108347603,10.729230880737305,514900,0.0,0.0
2001-02-02 00:00:00-05:00,10.716847476236257,10.733366291544508,10.67554925641859,10.70032787322998,49700,0.0,0.0
2001-02-05 00:00:00-05:00,10.700325309532378,10.700325309532378,10.559911868412868,10.659027099609375,269600,0.0,0.0
2001-02-06 00:00:00-05:00,10.663152161559113,10.696190556968615,10.535128477809485,10.683801651000977,162700,0.0,0.0
2001-02-07 00:00:00-05:00,10.654896441758014,10.733362956259093,10.601209324066401,10.696194648742676,31400,0.0,0.0
2001-02-08 00:00:00-05:00,10.675550803465885,10.716849029268284,10.625992774963379,10.625992774963379,65500,0.0,0.0
2001-02-09 00:00:00-05:00,10.630116552352801,10.708583057403358,10.551650047302246,10.551650047302246,186800,0.0,0.0
2001-02-12 00:00:00-05:00,10.551651609679668,10.820089568647822,10.551651609679668,10.65489673614502,60000,0.0,0.0
2001-02-13 00:00:00-05:00,10.675546556611506,10.712714866277873,10.559911727905273,10.559911727905273,170400,0.0,0.0
2001-02-14 00:00:00-05:00,10.551651684797937,10.646637800472604,10.551651684797937,10.58469009399414,180000,0.0,0.0
2001-02-15 00:00:00-05:00,10.572300815486473,10.737492855727337,10.572300815486473,10.696194648742676,116000,0.0,0.0
2001-02-16 00:00:00-05:00,10.654893599479747,10.66315339621287,10.613596191209282,10.642504692077637,192500,0.0,0.0
2001-02-20 00:00:00-05:00,10.642508640594526,10.642508640594526,10.448407283839755,10.555782318115234,319600,0.0,0.0
2001-02-21 00:00:00-05:00,10.531001672435705,10.59294858355755,10.444276154404665,10.448405265808105,80200,0.0,0.0
2001-02-22 00:00:00-05:00,10.427759532928468,10.510355963119947,10.324514389038086,10.324514389038086,116600,0.0,0.0
2001-02-23 00:00:00-05:00,10.324513111692648,10.386460032823235,10.221267980575721,10.37407112121582,253100,0.0,0.0
2001-02-26 00:00:00-05:00,10.394718152888563,10.518611975132252,10.394718152888563,10.448405265808105,106800,0.0,0.0
2001-02-27 00:00:00-05:00,10.440145965960822,10.737491603723536,10.440145965960822,10.489703178405762,116400,0.0,0.0
2001-02-28 00:00:00-05:00,10.48970918120416,10.634252577663487,10.48970918120416,10.625992774963379,268100,0.0,0.0
2001-03-01 00:00:00-05:00,10.625988689210539,10.71271500881863,10.592950278811704,10.659027099609375,255800,0.0,0.0
2001-03-02 00:00:00-05:00,10.720974108174683,10.774662017822266,10.67554678581655,10.774662017822266,245900,0.0,0.0
2001-03-05 00:00:00-05:00,10.770532881700092,10.840739607810974,10.737494468688965,10.737494468688965,93700,0.0,0.0
2001-03-06 00:00:00-05:00,10.737492535904263,10.766401043623132,10.716843826875857,10.745752334594727,120100,0.0,0.0
2001-03-07 00:00:00-05:00,10.73748941914804,10.83660461157032,10.73748941914804,10.778787612915039,193600,0.0,0.0
2001-03-08 00:00:00-05:00,10.73748941914804,10.840734509716771,10.73748941914804,10.778787612915039,99400,0.0,0.0
2001-03-09 00:00:00-05:00,10.778792681877349,10.836609707722346,10.737494468688965,10.737494468688965,149600,0.0,0.0
2001-03-12 00:00:00-05:00,10.77879074165883,10.840737656441803,10.725102837868564,10.745752334594727,166600,0.0,0.0
2001-03-13 00:00:00-05:00,10.724926653807067,10.887362181923923,10.724926653807067,10.854042053222656,200400,0.22,0.0
2001-03-14 00:00:00-05:00,10.82905286675971,10.874868344639438,10.76657772064209,10.76657772064209,394600,0.0,0.0
2001-03-15 00:00:00-05:00,10.766575815230532,10.829050950291634,10.620799970478334,10.720760345458984,154300,0.0,0.0
2001-03-16 00:00:00-05:00,10.72076201033826,10.77907203952861,10.633296966552734,10.633296966552734,263800,0.0,0.0
2001-03-19 00:00:00-05:00,10.620797359403255,10.724922823711129,10.620797359403255,10.69160270690918,116300,0.0,0.0
2001-03-20 00:00:00-05:00,10.716596534076253,10.824887152081136,10.66245162228108,10.699936866760254,123600,0.0,0.0
2001-03-21 00:00:00-05:00,10.691610510852467,10.737426002801804,10.683280276968073,10.71660041809082,214300,0.0,0.0
2001-03-22 00:00:00-05:00,10.729091880374156,10.933177770086017,10.579150902457467,10.699936866760254,598000,0.0,0.0
2001-03-23 00:00:00-05:00,10.704102650685087,10.93317845288445,10.62080192565918,10.62080192565918,106800,0.0,0.0
2001-03-26 00:00:00-05:00,10.62080306406318,10.870704471512306,10.62080306406318,10.845714569091797,226200,0.0,0.0
2001-03-27 00:00:00-05:00,10.849876810415063,10.941507759078354,10.829052028126782,10.937342643737793,110000,0.0,0.0
2001-03-28 00:00:00-05:00,10.870701185226135,10.87486630010619,10.783235361573844,10.804060935974121,112100,0.0,0.0
2001-03-29 00:00:00-05:00,10.804057657074923,10.874862999718438,10.762407315329174,10.808222770690918,229500,0.0,0.0
2001-03-30 00:00:00-05:00,10.808223889543052,11.141425069173176,10.808223889543052,10.933174133300781,499200,0.0,0.0
2001-04-02 00:00:00-04:00,10.937343531516918,11.037303924560547,10.937343531516918,11.037303924560547,124900,0.0,0.0
2001-04-03 00:00:00-04:00,11.003980866650927,11.028970759661249,10.974825859069824,10.974825859069824,317700,0.0,0.0
2001-04-04 00:00:00-04:00,10.974822688409652,11.141423251037667,10.974822688409652,11.087278366088867,156900,0.0,0.0
2001-04-05 00:00:00-04:00,11.087288386744785,11.120608529385027,11.037307775576991,11.099782943725586,121400,0.0,0.0
2001-04-06 00:00:00-04:00,11.09561054513785,11.112271002732037,11.078950881958008,11.078950881958008,145100,0.0,0.0
2001-04-09 00:00:00-04:00,11.12059847861447,11.141423251037667,10.99564746083285,11.087278366088867,78000,0.0,0.0
2001-04-10 00:00:00-04:00,11.078952438602835,11.187243044937352,11.058126863684013,11.14559268951416,122600,0.0,0.0
2001-04-11 00:00:00-04:00,11.05812595582463,11.078951529033699,10.933175694227783,10.954000473022461,440100,0.0,0.0
2001-04-12 00:00:00-04:00,10.954002081041603,10.954002081041603,10.87486727447353,10.920681953430176,601500,0.0,0.0
2001-04-16 00:00:00-04:00,10.916516538045876,10.995652136852756,10.85404139979391,10.887361526489258,108800,0.0,0.0
2001-04-17 00:00:00-04:00,10.954003312669405,11.070624169629072,10.954003312669405,11.045634269714355,119500,0.0,0.0
2001-04-18 00:00:00-04:00,11.045629118616633,11.28720015690851,11.037298891058308,11.266374588012695,251500,0.0,0.0
2001-04-19 00:00:00-04:00,11.266377189194467,11.266377189194467,11.141426924627954,11.224727630615234,295900,0.0,0.0
2001-04-20 00:00:00-04:00,11.245558865682217,11.266383656926795,11.037307775576991,11.099782943725586,390400,0.0,0.0
2001-04-23 00:00:00-04:00,11.099776571434857,11.16225170371699,11.099776571434857,11.133096694946289,295600,0.0,0.0
2001-04-24 00:00:00-04:00,11.120603451991173,11.141428233727668,11.066457748413086,11.066457748413086,108800,0.0,0.0
2001-04-25 00:00:00-04:00,11.066462246359764,11.149762995992205,11.058132012513555,11.141432762145996,385600,0.0,0.0
2001-04-26 00:00:00-04:00,11.203903739068815,11.303864124612991,11.162253379821777,11.162253379821777,206800,0.0,0.0
2001-04-27 00:00:00-04:00,11.245560357677908,11.48296650478916,11.245560357677908,11.428821563720703,143700,0.0,0.0
2001-04-30 00:00:00-04:00,11.412154015969213,11.43297959147712,11.266378165071783,11.341348648071289,124500,0.0,0.0
2001-05-01 00:00:00-04:00,11.341352686737041,11.432983662772743,11.341352686737041,11.358013153076172,168400,0.0,0.0
2001-05-02 00:00:00-04:00,11.316361897234824,11.428817652990919,11.316361897234824,11.374671936035156,163800,0.0,0.0
2001-05-03 00:00:00-04:00,11.328853330865009,11.412153244018555,11.328853330865009,11.412153244018555,285700,0.0,0.0
2001-05-04 00:00:00-04:00,11.39133143327214,11.445476351213086,11.39133143327214,11.420486450195312,168200,0.0,0.0
2001-05-07 00:00:00-04:00,11.445474867018598,11.445474867018598,11.370504379272461,11.370504379272461,80700,0.0,0.0
2001-05-08 00:00:00-04:00,11.328855225735369,11.337184662353813,11.245554504234477,11.249719619750977,190700,0.0,0.0
2001-05-09 00:00:00-04:00,11.253882782536968,11.37050281910529,11.237222323361825,11.349678039550781,165300,0.0,0.0
2001-05-10 00:00:00-04:00,11.299696654497405,11.370502012137846,11.141426275638134,11.16641616821289,433000,0.0,0.0
2001-05-11 00:00:00-04:00,11.141430307577544,11.233060476454328,11.037304790684296,11.183080673217773,79500,0.0,0.0
2001-05-14 00:00:00-04:00,11.183074087503917,11.270539088867062,11.158084200602186,11.245549201965332,87100,0.0,0.0
2001-05-15 00:00:00-04:00,11.27887253341688,11.299697312706497,11.158087383591173,11.224727630615234,459100,0.0,0.0
2001-05-16 00:00:00-04:00,11.233057554692202,11.283038139343262,11.233057554692202,11.283038139343262,161700,0.0,0.0
2001-05-17 00:00:00-04:00,11.253886982095088,11.3455171585083,11.22889628400672,11.3455171585083,412100,0.0,0.0
2001-05-18 00:00:00-04:00,11.37050699628481,11.387167461580502,11.249721800549883,11.328857421875,63600,0.0,0.0
2001-05-21 00:00:00-04:00,11.162248519740658,11.253879429070636,11.162248519740658,11.245549201965332,108100,0.0,0.0
2001-05-22 00:00:00-04:00,11.24555892157446,11.432985221366648,11.24555892157446,11.378839492797852,117100,0.0,0.0
2001-05-23 00:00:00-04:00,11.378831524664594,11.453801992082699,11.349676519427401,11.44547176361084,160400,0.0,0.0
2001-05-24 00:00:00-04:00,11.44963825133174,11.537104071949928,11.412153013126003,11.532938957214355,221400,0.0,0.0
2001-05-25 00:00:00-04:00,11.482957119478167,11.528772582146473,11.462132342491293,11.499617576599121,244700,0.0,0.0
2001-05-29 00:00:00-04:00,11.537104914040075,11.537104914040075,11.412153846096007,11.47879409790039,338100,0.0,0.0
2001-05-30 00:00:00-04:00,11.495456230254067,11.528776361003198,11.45380586821401,11.507950782775879,77400,0.0,0.0
2001-05-31 00:00:00-04:00,11.495456809000132,11.55376684214312,11.457971560718319,11.50378704071045,201900,0.0,0.0
2001-06-01 00:00:00-04:00,11.462136099504937,11.507950782775879,11.457970983859473,11.507950782775879,96000,0.0,0.0
2001-06-04 00:00:00-04:00,11.495457102451162,11.537107467651367,11.462136969173928,11.537107467651367,107800,0.0,0.0
2001-06-05 00:00:00-04:00,11.52877285849747,11.703703690389084,11.52877285849747,11.67871379852295,281800,0.0,0.0
2001-06-06 00:00:00-04:00,11.674552259915231,11.724532058955699,11.674552259915231,11.70787239074707,87300,0.0,0.0
2001-06-07 00:00:00-04:00,11.707873217965892,11.766183252437855,11.707873217965892,11.74535846710205,159000,0.0,0.0
2001-06-08 00:00:00-04:00,11.745355981164787,11.774510992230029,11.724530405822135,11.749520301818848,89800,0.0,0.0
2001-06-11 00:00:00-04:00,11.753683396743943,11.866139101022728,11.753683396743943,11.787003517150879,71700,0.0,0.0
2001-06-12 00:00:00-04:00,11.807831123754715,12.09938202895472,11.807831123754715,12.049402236938477,284400,0.0,0.0
2001-06-13 00:00:00-04:00,12.087180137634277,12.108165306230529,11.999044831037013,12.087180137634277,174700,0.22,0.0
2001-06-14 00:00:00-04:00,12.066191539038654,12.213084465701273,12.045207178302014,12.112358093261719,287900,0.0,0.0
2001-06-15 00:00:00-04:00,12.087177825440127,12.23407077550495,12.070390494276758,12.120753288269043,123800,0.0,0.0
2001-06-18 00:00:00-04:00,12.087177458197619,12.26764586560822,12.087177458197619,12.20888900756836,147500,0.0,0.0
2001-06-19 00:00:00-04:00,12.234070032338497,12.380962973480212,12.234070032338497,12.364174842834473,334400,0.0,0.0
2001-06-20 00:00:00-04:00,12.364170221648383,12.443912211407326,12.34318586668637,12.422927856445312,456100,0.0,0.0
2001-06-21 00:00:00-04:00,12.422930698041345,12.502672706040313,12.380961178015466,12.481687545776367,164500,0.0,0.0
2001-06-22 00:00:00-04:00,12.477489357600131,12.527852937065063,12.431323610301042,12.464899063110352,79800,0.0,0.0
2001-06-25 00:00:00-04:00,12.469094285658134,12.473291316982545,12.364170904053463,12.410337448120117,130800,0.0,0.0
2001-06-26 00:00:00-04:00,12.43972024167468,12.456508372876355,12.297024328469053,12.443917274475098,211500,0.0,0.0
2001-06-27 00:00:00-04:00,12.359974155714944,12.569820910137935,12.27603513374501,12.548835754394531,219100,0.0,0.0
2001-06-28 00:00:00-04:00,12.55303379206421,12.67474530362944,12.548836760579006,12.603397369384766,153700,0.0,0.0
2001-06-29 00:00:00-04:00,12.582416154880304,12.62438568238234,12.443917274475098,12.443917274475098,277500,0.0,0.0
2001-07-02 00:00:00-04:00,12.448110141928069,12.615987395259495,12.439716079136026,12.590806007385254,140300,0.0,0.0
2001-07-03 00:00:00-04:00,12.548843192675596,12.674751800262364,12.548843192675596,12.653766632080078,118300,0.0,0.0
2001-07-05 00:00:00-04:00,12.586613023969502,12.725111902573286,12.557234595250844,12.662158012390137,112700,0.0,0.0
2001-07-06 00:00:00-04:00,12.6579586573948,12.800654542565194,12.645367561467294,12.754487991333008,123600,0.0,0.0
2001-07-09 00:00:00-04:00,12.704123463945095,12.775471396731941,12.464898277689748,12.532049179077148,219900,0.0,0.0
2001-07-10 00:00:00-04:00,12.485884287347046,12.586610652764564,12.448111800252727,12.460702896118164,73900,0.0,0.0
2001-07-11 00:00:00-04:00,12.456504963270612,12.456504963270612,12.34318751018312,12.351581573486328,102500,0.0,0.0
2001-07-12 00:00:00-04:00,12.338991829230402,12.35997698978558,12.305416372844139,12.318007469177246,143000,0.0,0.0
2001-07-13 00:00:00-04:00,12.347381321468246,12.359972413139127,12.305411816400367,12.334790229797363,59400,0.0,0.0
2001-07-16 00:00:00-04:00,12.334791874818523,12.338988905935217,12.263443946838379,12.263443946838379,152700,0.0,0.0
2001-07-17 00:00:00-04:00,12.26344620928905,12.313809791478997,12.255052946009044,12.280234336853027,114500,0.0,0.0
2001-07-18 00:00:00-04:00,12.255052608784249,12.456505330996658,12.255052608784249,12.43552017211914,70700,0.0,0.0
2001-07-19 00:00:00-04:00,12.431323343743204,12.52365563686349,12.38095976535819,12.45230770111084,89800,0.0,0.0
2001-07-20 00:00:00-04:00,12.485879898071289,12.586606228079559,12.380956537583295,12.485879898071289,71100,0.0,0.0
2001-07-23 00:00:00-04:00,12.485882099481419,12.527851611176686,12.422928232189447,12.506866455078125,134000,0.0,0.0
2001-07-24 00:00:00-04:00,12.4858854670993,12.586611842034138,12.418734550476074,12.418734550476074,126800,0.0,0.0
2001-07-25 00:00:00-04:00,12.418730825352544,12.4607003357784,12.338988835593602,12.422927856445312,297200,0.0,0.0
2001-07-26 00:00:00-04:00,12.35997769855627,12.460704073491108,12.35997769855627,12.418734550476074,432200,0.0,0.0
2001-07-27 00:00:00-04:00,12.443914047554626,12.448111079266683,12.267642718157985,12.359975814819336,170500,0.0,0.0
2001-07-30 00:00:00-04:00,12.276031595035885,12.527847787854892,12.234062096149115,12.338985443115234,151200,0.0,0.0
2001-07-31 00:00:00-04:00,12.297020659083179,12.485883076235407,12.297020659083179,12.38935375213623,118100,0.0,0.0
2001-08-01 00:00:00-04:00,12.401943076090886,12.506866455078125,12.389352782933605,12.506866455078125,62400,0.0,0.0
2001-08-02 00:00:00-04:00,12.515258178671937,12.712514606625943,12.46909164438454,12.699923515319824,191000,0.0,0.0
2001-08-03 00:00:00-04:00,12.716709017641275,12.716709017641275,12.670543290458836,12.704118728637695,86800,0.0,0.0
2001-08-06 00:00:00-04:00,12.662157903773382,12.834232242365589,12.662157903773382,12.830035209655762,157400,0.0,0.0
2001-08-07 00:00:00-04:00,12.825829020333646,12.905570983886719,12.800647642554306,12.905570983886719,204100,0.0,0.0
2001-08-08 00:00:00-04:00,12.947544180715404,13.069254875183105,12.92655902615077,13.069254875183105,289300,0.0,0.0
2001-08-09 00:00:00-04:00,13.069258111854651,13.430194854736328,13.010501265525818,13.430194854736328,380000,0.0,0.0
2001-08-10 00:00:00-04:00,13.80791984730455,14.143674401435737,13.556102730953159,14.05553913116455,500800,0.0,0.0
2001-08-13 00:00:00-04:00,14.063933286764671,14.110099843702207,13.849890233059238,13.992586135864258,414200,0.0,0.0
2001-08-14 00:00:00-04:00,13.975799670671098,14.20663088185099,13.975799670671098,14.101707458496094,320300,0.0,0.0
2001-08-15 00:00:00-04:00,14.10169889911734,14.437454930860993,14.10169889911734,14.374500274658203,339000,0.0,0.0
2001-08-16 00:00:00-04:00,14.290566153647886,14.374505190288318,14.236005539681011,14.26958179473877,423200,0.0,0.0
2001-08-17 00:00:00-04:00,14.2401987934072,14.290561558796712,14.2401987934072,14.277971267700195,213000,0.0,0.0
2001-08-20 00:00:00-04:00,14.282172166707234,14.49621679134188,14.269581871494832,14.437459945678711,209500,0.0,0.0
2001-08-21 00:00:00-04:00,14.374500754229627,14.525590653354348,14.374500754229627,14.521392822265625,344200,0.0,0.0
2001-08-22 00:00:00-04:00,14.521391575702541,14.601134349508248,14.500407225070687,14.559164047241211,326300,0.0,0.0
2001-08-23 00:00:00-04:00,14.508805328629645,14.626319005717717,14.496215034942717,14.563365936279297,131800,0.0,0.0
2001-08-24 00:00:00-04:00,14.542377878850704,14.584346581128866,14.391287989043938,14.458438873291016,255500,0.0,0.0
2001-08-27 00:00:00-04:00,14.374505267608765,14.584352059836629,14.361914972396363,14.437459945678711,156500,0.0,0.0
2001-08-28 00:00:00-04:00,14.33253395175956,14.416471372633676,14.269579285100292,14.345124244689941,129200,0.0,0.0
2001-08-29 00:00:00-04:00,14.345127589338226,14.37450601369465,13.912843687233083,14.143674850463867,368000,0.0,0.0
2001-08-30 00:00:00-04:00,14.101700313031959,14.236002098793895,13.942217943066892,13.954808235168457,222000,0.0,0.0
2001-08-31 00:00:00-04:00,13.954812359688221,13.96320642390476,13.79532834158208,13.91703987121582,190900,0.0,0.0
2001-09-04 00:00:00-04:00,13.849885645913904,13.975793377039661,13.778538518643984,13.828901290893555,160800,0.0,0.0
2001-09-05 00:00:00-04:00,13.828904772512384,13.908645982067133,13.644238559432237,13.7533597946167,81200,0.0,0.0
2001-09-06 00:00:00-04:00,13.795329302747913,13.795329302747913,13.535119697921745,13.572892189025879,140200,0.0,0.0
2001-09-07 00:00:00-04:00,13.577086157013568,13.765948581042377,13.388224533486703,13.55610179901123,127100,0.0,0.0
2001-09-10 00:00:00-04:00,13.64003717750302,13.690399943415908,13.535113814599152,13.682005882263184,169500,0.0,0.0
2001-09-17 00:00:00-04:00,13.811078520748424,13.871315135710688,13.613163138283653,13.768054008483887,264100,0.8,0.0
2001-09-18 00:00:00-04:00,13.768057536505523,14.155284811231883,13.768057536505523,14.073535919189453,225100,0.0,0.0
2001-09-19 00:00:00-04:00,14.086445952941196,14.456461156381287,14.086445952941196,14.374713897705078,654300,0.0,0.0
2001-09-20 00:00:00-04:00,14.37471314225334,14.447856804619008,14.249939721399246,14.305872917175293,441200,0.0,0.0
2001-09-21 00:00:00-04:00,14.198311318241046,14.202613114658874,14.06923608905861,14.15528678894043,311600,0.0,0.0
2001-09-24 00:00:00-04:00,14.262852085497936,14.521002586071306,13.961675407308435,13.983187675476074,356800,0.0,0.0
2001-09-25 00:00:00-04:00,14.069242469228039,14.189712518925415,13.961679455917857,14.082149505615234,736700,0.0,0.0
2001-09-26 00:00:00-04:00,13.996094708120486,14.305876621833214,13.940163139140797,13.983187675476074,352900,0.0,0.0
2001-09-27 00:00:00-04:00,14.155285373378403,14.198309898376465,14.120864440355614,14.198309898376465,239600,0.0,0.0
2001-09-28 00:00:00-04:00,14.284362126006362,14.42204259034488,14.189706191293407,14.370412826538086,275400,0.0,0.0
2001-10-01 00:00:00-04:00,14.391932707237856,14.564032558092073,14.370420431041262,14.456469535827637,233500,0.0,0.0
2001-10-02 00:00:00-04:00,14.564024851133716,14.564024851133716,14.198311425474639,14.370412826538086,181800,0.0,0.0
2001-10-03 00:00:00-04:00,14.327388665390712,14.370414842332323,13.987489253315713,14.064934730529785,192600,0.0,0.0
2001-10-04 00:00:00-04:00,14.198319661015422,14.585547217373918,14.198319661015422,14.202621459960938,151200,0.0,0.0
2001-10-05 00:00:00-04:00,14.413433989627315,14.413433989627315,14.138073125266134,14.366106033325195,112500,0.0,0.0
2001-10-08 00:00:00-04:00,14.366109388807171,14.413437356163648,14.305874390819143,14.370412826538086,94800,0.0,0.0
2001-10-09 00:00:00-04:00,14.391922791199974,14.533905029296875,14.335989598601639,14.533905029296875,166900,0.0,0.0
2001-10-10 00:00:00-04:00,14.49088601455682,14.731827700863999,14.456465070249667,14.637171745300293,271400,0.0,0.0
2001-10-11 00:00:00-04:00,14.680194249495933,14.97276567042785,14.637169716356835,14.921135902404785,89300,0.0,0.0
2001-10-12 00:00:00-04:00,14.921137970710452,14.921137970710452,14.62426471182559,14.637171745300293,174000,0.0,0.0
2001-10-15 00:00:00-04:00,14.688800133972508,14.83938928918042,14.688800133972508,14.774850845336914,112900,0.0,0.0
2001-10-16 00:00:00-04:00,14.75764347646566,14.946955409511766,14.736131204423462,14.88671875,173400,0.0,0.0
2001-10-17 00:00:00-04:00,14.891017629676671,14.972764894919182,14.774849426681117,14.804966926574707,224700,0.0,0.0
2001-10-18 00:00:00-04:00,14.736127086833182,14.899623262975618,14.499488877928496,14.607051849365234,76500,0.0,0.0
2001-10-19 00:00:00-04:00,14.62856263670978,14.886713085551273,14.456461243295102,14.542511940002441,131700,0.0,0.0
2001-10-22 00:00:00-04:00,14.542508916129822,14.56402117551341,14.24133236091905,14.301568984985352,127200,0.0,0.0
2001-10-23 00:00:00-04:00,14.258552091907674,14.564030641020814,14.198317069973394,14.323090553283691,149500,0.0,0.0
2001-10-24 00:00:00-04:00,14.366116293911492,14.387628569064194,14.026216766142083,14.146688461303711,147300,0.0,0.0
2001-10-25 00:00:00-04:00,14.060631723503342,14.241336727265244,13.97458101830595,14.02621078491211,136200,0.0,0.0
2001-10-26 00:00:00-04:00,14.026211571130965,14.301574171453804,14.026211571130965,14.18970775604248,339400,0.0,0.0
2001-10-29 00:00:00-05:00,14.10365397384422,14.241334423374528,14.090746944600886,14.198309898376465,192100,0.0,0.0
2001-10-30 00:00:00-05:00,14.15528339273704,14.181097447611744,14.004694293753765,14.103652000427246,163600,0.0,0.0
2001-10-31 00:00:00-05:00,14.146683920636201,14.159590953328768,13.983187727646616,14.150985717773438,251300,0.0,0.0
2001-11-01 00:00:00-05:00,14.1681938940834,14.391925058442055,14.107958896233107,14.348898887634277,159400,0.0,0.0
2001-11-02 00:00:00-05:00,14.456455223683369,14.598439060321041,14.348892307908107,14.430641174316406,154100,0.0,0.0
2001-11-05 00:00:00-05:00,14.465072870517174,14.516704296130488,14.323090553283691,14.323090553283691,123600,0.0,0.0
2001-11-06 00:00:00-05:00,14.366111834912383,14.564027330937824,14.32738909514385,14.555423736572266,151300,0.0,0.0
2001-11-07 00:00:00-05:00,14.499488877928496,14.8350848236013,14.499488877928496,14.607051849365234,120500,0.0,0.0
2001-11-08 00:00:00-05:00,14.564020859287227,14.886709666875099,14.538206805099493,14.830778121948242,183000,0.0,0.0
2001-11-09 00:00:00-05:00,14.830778458116713,14.908223904995666,14.525298465969648,14.645770072937012,135100,0.0,0.0
2001-11-12 00:00:00-05:00,14.71030856998934,14.731822473187451,14.628561318189805,14.714612007141113,119100,0.0,0.0
2001-11-13 00:00:00-05:00,14.757636141023475,14.88671135039959,14.757636141023475,14.865199089050293,175300,0.0,0.0
2001-11-14 00:00:00-05:00,14.908228870719203,14.946951607056684,14.804967693392342,14.921135902404785,117100,0.0,0.0
2001-11-15 00:00:00-05:00,14.964156752852519,15.123351097106934,14.90392176476937,15.123351097106934,123200,0.0,0.0
2001-11-16 00:00:00-05:00,15.015796887609218,15.04591439917711,14.860905890242185,14.959863662719727,216500,0.0,0.0
2001-11-19 00:00:00-05:00,14.873808397185533,14.972766139530428,14.843690894788423,14.891018867492676,126400,0.0,0.0
2001-11-20 00:00:00-05:00,14.951249971461808,14.951249971461808,14.804964294579024,14.809266090393066,164700,0.0,0.0
2001-11-21 00:00:00-05:00,14.835085194845858,14.925437699206402,14.779151988740445,14.921135902404785,122300,0.0,0.0
2001-11-23 00:00:00-05:00,14.921135919425517,14.994277954101562,14.878111386237341,14.994277954101562,63900,0.0,0.0
2001-11-26 00:00:00-05:00,14.9942766928457,15.015790598910865,14.800664668504007,14.822176933288574,117500,0.0,0.0
2001-11-27 00:00:00-05:00,14.81357135439312,14.964158845661371,14.624261130901527,14.628562927246094,436800,0.0,0.0
2001-11-28 00:00:00-05:00,14.585536794354338,14.779148792894313,14.585536794354338,14.714612007141113,351700,0.0,0.0
2001-11-29 00:00:00-05:00,14.71461032769975,14.727517355121181,14.63716488061079,14.693098068237305,117500,0.0,0.0
2001-11-30 00:00:00-05:00,14.69310136137852,14.69310136137852,14.576933164708487,14.628562927246094,196100,0.0,0.0
2001-12-03 00:00:00-05:00,14.671589326262215,14.684497999502733,14.521001815795898,14.521001815795898,176400,0.0,0.0
2001-12-04 00:00:00-05:00,14.585544812786633,14.654385073536675,14.555427301288569,14.58984661102295,382000,0.0,0.0
2001-12-05 00:00:00-05:00,14.589842093537,14.688799835144595,14.533908886095915,14.641471862792969,233100,0.0,0.0
2001-12-06 00:00:00-05:00,14.688794258795108,14.959853316727362,14.667281999878613,14.830778121948242,307800,0.0,0.0
2001-12-07 00:00:00-05:00,14.89531835347823,15.05020927965022,14.847990388116727,15.015789985656738,242600,0.0,0.0
2001-12-10 00:00:00-05:00,15.015799985880511,15.02870702456383,14.921143992118504,14.964168548583984,137300,0.0,0.0
2001-12-11 00:00:00-05:00,14.964160452613694,15.011488423889128,14.929741154319299,14.994277954101562,237800,0.0,0.0
2001-12-12 00:00:00-05:00,15.103248639849912,15.133760118900042,14.80249025671164,14.941971778869629,141200,0.45,0.0
2001-12-13 00:00:00-05:00,14.77634488281995,14.819932253759772,14.689168478188686,14.811214447021484,136700,0.0,0.0
2001-12-14 00:00:00-05:00,14.819926126702514,14.985561060747685,14.819926126702514,14.93325424194336,347900,0.0,0.0
2001-12-17 00:00:00-05:00,14.99427935036192,15.072737918363018,14.99427935036192,15.002995491027832,345000,0.0,0.0
2001-12-18 00:00:00-05:00,15.024791130963163,15.033508934554138,14.706598782272094,14.841720581054688,202100,0.0,0.0
2001-12-19 00:00:00-05:00,14.885304922478348,14.955045666544622,14.706594161886608,14.728387832641602,217200,0.0,0.0
2001-12-20 00:00:00-05:00,14.710960581594795,14.76326575364784,14.519173842232671,14.523531913757324,247500,0.0,0.0
2001-12-21 00:00:00-05:00,14.527884545732677,14.584547761609219,14.440708193094869,14.506089210510254,338200,0.0,0.0
2001-12-24 00:00:00-05:00,14.501739200354187,14.710961565308386,14.501739200354187,14.649938583374023,122300,0.0,0.0
2001-12-26 00:00:00-05:00,14.758911771868839,14.802499150199349,14.610712357692439,14.65429973602295,169600,0.0,0.0
2001-12-27 00:00:00-05:00,14.654291602917453,14.811208738221607,14.49301639729973,14.519169807434082,267800,0.0,0.0
2001-12-28 00:00:00-05:00,14.567116935294713,14.680446729711491,14.497376162865608,14.580194473266602,232400,0.0,0.0
2001-12-31 00:00:00-05:00,14.623778316224746,14.706596606712132,14.471220932828148,14.55839729309082,122600,0.0,0.0
2002-01-02 00:00:00-05:00,14.754543815473859,14.780697225551195,14.46686295562706,14.745827674865723,390100,0.0,0.0
2002-01-03 00:00:00-05:00,14.767629380596619,14.989927667482348,14.767629380596619,14.955058097839355,151400,0.0,0.0
2002-01-04 00:00:00-05:00,15.016072915403209,15.081453946415264,14.863513850873131,15.037866592407227,135200,0.0,0.0
2002-01-07 00:00:00-05:00,15.081452452690582,15.146835139977862,14.93325313589012,14.981200218200684,100100,0.0,0.0
2002-01-08 00:00:00-05:00,14.985563010855987,15.037868173715982,14.93761591875468,14.994280815124512,149400,0.0,0.0
2002-01-09 00:00:00-05:00,14.994288120084311,15.13812780371331,14.994288120084311,15.016081809997559,342400,0.0,0.0
2002-01-10 00:00:00-05:00,15.020431097861628,15.094531595529771,14.867873694943373,15.002995491027832,121600,0.0,0.0
2002-01-11 00:00:00-05:00,15.059662504149173,15.10325152737646,14.976845854144159,15.081456184387207,138400,0.0,0.0
2002-01-14 00:00:00-05:00,15.059663425368983,15.295039176940918,15.059663425368983,15.295039176940918,274400,0.0,0.0
2002-01-15 00:00:00-05:00,15.321190466971103,15.465030075587118,15.299395125672264,15.430160522460938,451800,0.0,0.0
2002-01-16 00:00:00-05:00,15.430157380585808,15.560921087997398,15.390928102087255,15.517332077026367,172500,0.0,0.0
2002-01-17 00:00:00-05:00,15.495531739040416,15.691678047180176,15.430150744827188,15.691678047180176,228500,0.0,0.0
2002-01-18 00:00:00-05:00,15.69169203599629,15.696050107728952,15.517339237162389,15.648104667663574,199000,0.0,0.0
2002-01-22 00:00:00-05:00,15.67861387612073,15.691689752167127,15.539132322454902,15.61759090423584,226000,0.0,0.0
2002-01-23 00:00:00-05:00,15.61759070696745,15.639384387686592,15.517336782707138,15.604513168334961,155500,0.0,0.0
2002-01-24 00:00:00-05:00,15.648098173345614,15.774502154150559,15.569639612707604,15.739632606506348,549400,0.0,0.0
2002-01-25 00:00:00-05:00,15.739640640702397,16.08398653674378,15.739640640702397,15.822457313537598,378800,0.0,0.0
2002-01-28 00:00:00-05:00,15.82680809063442,15.988083272876287,15.800654684290846,15.866037368774414,283400,0.0,0.0
2002-01-29 00:00:00-05:00,15.90962622860998,15.970649186460395,15.8268095947774,15.913984298706055,359400,0.0,0.0
2002-01-30 00:00:00-05:00,15.918343790621043,16.07090118293805,15.918343790621043,16.062183380126953,244400,0.0,0.0
2002-01-31 00:00:00-05:00,16.075261740548147,16.075261740548147,15.953214157681352,15.957573890686035,229200,0.0,0.0
2002-02-01 00:00:00-05:00,16.001159059516887,16.166793973309897,16.001159059516887,16.118846893310547,129700,0.0,0.0
2002-02-04 00:00:00-05:00,16.08397887564941,16.210382860767933,16.031672058271866,16.162437438964844,236200,0.0,0.0
2002-02-05 00:00:00-05:00,16.192949985919324,16.21474366322218,16.083979936654057,16.127567291259766,419900,0.0,0.0
2002-02-06 00:00:00-05:00,16.127570402468514,16.232182401554567,16.014242260980666,16.19295310974121,371400,0.0,0.0
2002-02-07 00:00:00-05:00,16.21038132089982,16.23653472710421,16.114488823651847,16.118846893310547,103100,0.0,0.0
2002-02-08 00:00:00-05:00,16.127562481508555,16.22781469740409,16.062179806348187,16.14063835144043,230900,0.0,0.0
2002-02-11 00:00:00-05:00,16.131930152267163,16.36730592763917,16.131930152267163,16.319358825683594,172700,0.0,0.0
2002-02-12 00:00:00-05:00,16.214747917848882,16.301924312685717,16.171158889054745,16.21038818359375,116100,0.0,0.0
2002-02-13 00:00:00-05:00,16.25832695539731,16.34550330557717,16.18858620780354,16.2757625579834,164000,0.0,0.0
2002-02-14 00:00:00-05:00,16.275764394684675,16.275764394684675,16.1973058369439,16.223459243774414,225400,0.0,0.0
2002-02-15 00:00:00-05:00,16.17115060521745,16.31499183242681,16.17115060521745,16.2757625579834,121500,0.0,0.0
2002-02-19 00:00:00-05:00,16.271407926895378,16.323713082955255,16.149360345754427,16.171154022216797,163100,0.0,0.0
2002-02-20 00:00:00-05:00,16.171150984973014,16.35422149092492,16.1493573126039,16.3062744140625,184100,0.0,0.0
2002-02-21 00:00:00-05:00,16.389092735090895,16.406528339895967,16.066542359950976,16.075260162353516,107800,0.0,0.0
2002-02-22 00:00:00-05:00,16.03167884836002,16.23654314631348,16.018602969852896,16.17987823486328,193900,0.0,0.0
2002-02-25 00:00:00-05:00,16.267046814807113,16.267046814807113,16.158076778982977,16.22781753540039,174800,0.0,0.0
2002-02-26 00:00:00-05:00,16.22781708409656,16.22781708409656,16.08397750543936,16.145000457763672,139000,0.0,0.0
2002-02-27 00:00:00-05:00,16.101411289174287,16.166793973309897,16.018594663653147,16.118846893310547,118500,0.0,0.0
2002-02-28 00:00:00-05:00,16.140644712161443,16.140644712161443,15.931422397048427,16.02295684814453,146200,0.0,0.0
2002-03-01 00:00:00-05:00,16.1101306215873,16.171153579110214,15.996802509437723,16.162437438964844,58300,0.0,0.0
2002-03-04 00:00:00-05:00,16.192955776121998,16.21474946121774,16.07090814663299,16.17987823486328,228200,0.0,0.0
2002-03-05 00:00:00-05:00,16.179871711326886,16.532935253432484,16.097055076253145,16.498064041137695,213500,0.0,0.0
2002-03-06 00:00:00-05:00,16.498060859177812,16.737796240589727,16.332427620975796,16.68113136291504,261600,0.0,0.0
2002-03-07 00:00:00-05:00,16.672417377258355,16.694211054351637,16.546011722265966,16.60703468322754,113300,0.0,0.0
2002-03-08 00:00:00-05:00,16.6157517549872,16.6157517549872,16.345506512877876,16.39345359802246,94600,0.0,0.0
2002-03-11 00:00:00-05:00,16.38909442794271,16.42396564115475,16.118849176553226,16.14936065673828,245800,0.0,0.0
2002-03-12 00:00:00-05:00,15.975009887388786,16.197308056279496,15.966292083917446,16.127567291259766,191200,0.0,0.0
2002-03-13 00:00:00-05:00,16.105508609693878,16.237882316416623,16.087858333271377,16.2158203125,116200,0.45,0.0
2002-03-14 00:00:00-05:00,16.23787519558545,16.498210767371287,16.22022492690316,16.484973907470703,386100,0.0,0.0
2002-03-15 00:00:00-05:00,16.53792716839471,16.53792716839471,16.379078076951618,16.387903213500977,460300,0.0,0.0
2002-03-18 00:00:00-05:00,16.498212529127073,16.524687934977674,16.33936346046836,16.352602005004883,276300,0.0,0.0
2002-03-19 00:00:00-05:00,16.326128005981445,16.432027955286834,16.30847773389345,16.326128005981445,172200,0.0,0.0
2002-03-20 00:00:00-05:00,16.259937955845434,16.326125624911036,16.162864839964183,16.295238494873047,117200,0.0,0.0
2002-03-21 00:00:00-05:00,16.31289177676843,16.4055531839935,16.29524150399528,16.365840911865234,250800,0.0,0.0
2002-03-22 00:00:00-05:00,16.365843126099936,16.542342511265833,16.32613084859875,16.50263023376465,313000,0.0,0.0
2002-03-25 00:00:00-05:00,16.480562267373422,16.49821253794993,16.414376277545195,16.471738815307617,139400,0.0,0.0
2002-03-26 00:00:00-05:00,16.471742570702805,16.551165439959824,16.458504023140943,16.480566024780273,445000,0.0,0.0
2002-03-27 00:00:00-05:00,16.502631321304005,16.524693325097928,15.906947119530102,16.458505630493164,195800,0.0,0.0
2002-03-28 00:00:00-05:00,16.568817196822135,16.568817196822135,16.26435750722736,16.330543518066406,271200,0.0,0.0
2002-04-01 00:00:00-05:00,16.37466826368052,16.50263023376465,16.32613084859875,16.50263023376465,63200,0.0,0.0
2002-04-02 00:00:00-05:00,16.723249872870205,16.723249872870205,16.546750527290108,16.63941192626953,162700,0.0,0.0
2002-04-03 00:00:00-05:00,16.639402244102993,16.657052505035136,16.542329175419255,16.62616539001465,104800,0.0,0.0
2002-04-04 00:00:00-05:00,16.590871502654103,16.590871502654103,16.520272113915148,16.568809509277344,131900,0.0,0.0
2002-04-05 00:00:00-05:00,16.551168107712282,16.67471836660771,16.551168107712282,16.648242950439453,167500,0.0,0.0
2002-04-08 00:00:00-04:00,16.55997775312987,16.652640781412863,16.5555660295076,16.62616539001465,179300,0.0,0.0
2002-04-09 00:00:00-04:00,16.634999764943185,16.833561102721216,16.568812091276353,16.723249435424805,223900,0.0,0.0
2002-04-10 00:00:00-04:00,16.745316259473295,17.164501052684084,16.745316259473295,17.03653907775879,130600,0.0,0.0
2002-04-11 00:00:00-04:00,16.98799772008073,17.142433389701534,16.98799772008073,17.023298263549805,92000,0.0,0.0
2002-04-12 00:00:00-04:00,17.07625538825329,17.20421739338882,17.018892819878168,17.182153701782227,74800,0.0,0.0
2002-04-15 00:00:00-04:00,17.1380247691793,17.336586154120287,17.098312492191106,17.23068618774414,144200,0.0,0.0
2002-04-16 00:00:00-04:00,17.208622493225498,17.239509629709367,16.921811445049325,16.996824264526367,140700,0.0,0.0
2002-04-17 00:00:00-04:00,17.040945892647194,17.05418443731404,16.69236230323961,16.723249435424805,196500,0.0,0.0
2002-04-18 00:00:00-04:00,16.74531598504885,16.87327795787709,16.723253982235722,16.780614852905273,168500,0.0,0.0
2002-04-19 00:00:00-04:00,16.86885865541913,16.89092065052644,16.73648500155296,16.767372131347656,281100,0.0,0.0
2002-04-22 00:00:00-04:00,16.767373429054384,16.789435425869176,16.69236230323961,16.723249435424805,251100,0.0,0.0
2002-04-23 00:00:00-04:00,16.754138011337513,16.754138011337513,16.44967670610119,16.573226928710938,157000,0.0,0.0
2002-04-24 00:00:00-04:00,16.573222943907474,16.74530884902748,16.568809535291873,16.687946319580078,204000,0.0,0.0
2002-04-25 00:00:00-04:00,16.643824900313593,16.811497422683964,16.595287497387577,16.723249435424805,134600,0.0,0.0
2002-04-26 00:00:00-04:00,16.723261809721052,16.723261809721052,16.502638311878947,16.533525466918945,154000,0.0,0.0
2002-04-29 00:00:00-04:00,16.533511304735864,16.54674816463645,16.41437451596381,16.484973907470703,130700,0.0,0.0
2002-04-30 00:00:00-04:00,16.511455656884564,16.767379627568214,16.22464622582054,16.75414276123047,279400,0.0,0.0
2002-05-01 00:00:00-04:00,16.74531359958399,16.987998962402344,16.635001918009948,16.987998962402344,121100,0.0,0.0
2002-05-02 00:00:00-04:00,16.988005251049483,17.204216967590185,16.979180111269933,17.146854400634766,194100,0.0,0.0
2002-05-03 00:00:00-04:00,17.146849308868916,17.318935275410855,16.94387620388216,17.186561584472656,100000,0.0,0.0
2002-05-06 00:00:00-04:00,17.142430308380252,17.19538111406605,17.0541823320151,17.080656051635742,78400,0.0,0.0
2002-05-07 00:00:00-04:00,17.102731030084232,17.102731030084232,16.873284097472506,16.930644989013672,81000,0.0,0.0
2002-05-08 00:00:00-04:00,16.9747625767155,16.98358771347638,16.59087670211946,16.899749755859375,185600,0.0,0.0
2002-05-09 00:00:00-04:00,16.789441803557285,16.877691507561707,16.6394178117167,16.648242950439453,79200,0.0,0.0
2002-05-10 00:00:00-04:00,16.2158203125,16.326132015306122,15.770161773781387,16.2158203125,348100,0.0,0.0
2002-05-13 00:00:00-04:00,16.193741971332884,16.198153694376188,15.827506679550375,16.039304733276367,376600,0.0,0.0
2002-05-14 00:00:00-04:00,15.884875907321812,16.008424403525492,15.703964887928416,15.805451393127441,562900,0.0,0.0
2002-05-15 00:00:00-04:00,15.805460467895736,15.85399788590714,15.730449318767556,15.77457332611084,266800,0.0,0.0
2002-05-16 00:00:00-04:00,15.77456695726207,15.840754624777267,15.752504962497774,15.796628952026367,286600,0.0,0.0
2002-05-17 00:00:00-04:00,15.730453270099256,15.889300746369758,15.708389577662452,15.840764999389648,146000,0.0,0.0
2002-05-20 00:00:00-04:00,15.796630053165432,15.884879721596564,15.712793793928189,15.748092651367188,264000,0.0,0.0
2002-05-21 00:00:00-04:00,15.796629423653862,15.831929962908522,15.531882112133335,15.584831237792969,464700,0.0,0.0
2002-05-22 00:00:00-04:00,15.53188452529883,15.57600852300028,15.421572847822592,15.549534797668457,386600,0.0,0.0
2002-05-23 00:00:00-04:00,15.620131310689686,15.902528883406221,15.584830772488965,15.796628952026367,436800,0.0,0.0
2002-05-24 00:00:00-04:00,15.81868985239659,15.81868985239659,15.659842491149902,15.659842491149902,330600,0.0,0.0
2002-05-28 00:00:00-04:00,15.659848791260986,15.831934764260085,15.615723103810662,15.82310962677002,190300,0.0,0.0
2002-05-29 00:00:00-04:00,15.862822102724412,16.14963150024414,15.774572409940308,16.14963150024414,239500,0.0,0.0
2002-05-30 00:00:00-04:00,16.149630224325108,16.22905477323349,15.990782809731098,16.189342498779297,131800,0.0,0.0
2002-05-31 00:00:00-04:00,16.189337308920756,16.242288113366936,16.17610044942032,16.211400985717773,107500,0.0,0.0
2002-06-03 00:00:00-04:00,16.167282760434805,16.321720153021783,16.140809029242686,16.20258331298828,190400,0.0,0.0
2002-06-04 00:00:00-04:00,16.304062368665264,16.321712636813988,16.20257585164341,16.211400985717773,402100,0.0,0.0
2002-06-05 00:00:00-04:00,16.215806618328465,16.273169126647723,16.11432013943844,16.198156356811523,158600,0.0,0.0
2002-06-06 00:00:00-04:00,16.167275604335863,16.167275604335863,15.7657412544971,15.990777969360352,232800,0.0,0.0
2002-06-07 00:00:00-04:00,15.796628331834288,15.876052856445312,15.708378673019569,15.876052856445312,581000,0.0,0.0
2002-06-10 00:00:00-04:00,15.83193302154541,15.95106983971289,15.79663247547089,15.83193302154541,246800,0.0,0.0
2002-06-11 00:00:00-04:00,15.765752415461591,16.171700461408154,15.765752415461591,16.118749618530273,175600,0.0,0.0
2002-06-12 00:00:00-04:00,16.007061004638672,16.217032446600395,15.957918208365665,16.007061004638672,161800,0.45,0.0
2002-06-13 00:00:00-04:00,16.033857545342023,16.06066315939145,15.953442407409783,16.011520385742188,210600,0.0,0.0
2002-06-14 00:00:00-04:00,15.993646621704102,16.051724587854636,15.908764751342305,15.993646621704102,91600,0.0,0.0
2002-06-17 00:00:00-04:00,16.038330851478822,16.07406997680664,15.913239652290065,16.07406997680664,169600,0.0,0.0
2002-06-18 00:00:00-04:00,16.074067144342887,16.10533951257533,16.038328025312772,16.08746910095215,224200,0.0,0.0
2002-06-19 00:00:00-04:00,16.06066236680575,16.13214229652735,15.962376824357571,16.123207092285156,172800,0.0,0.0
2002-06-20 00:00:00-04:00,16.083003182246767,16.194690704345703,16.060666018670247,16.194690704345703,123700,0.0,0.0
2002-06-21 00:00:00-04:00,16.239369077905362,16.444875464978395,16.239369077905362,16.41806983947754,176700,0.0,0.0
2002-06-24 00:00:00-04:00,16.35105468801075,16.52975542838259,16.11874611143054,16.17235565185547,195300,0.0,0.0
2002-06-25 00:00:00-04:00,16.284034534221735,16.431461118093104,16.2616973796007,16.306371688842773,655500,0.0,0.0
2002-06-26 00:00:00-04:00,16.306375104617555,16.395725446034007,15.993649761767989,16.351049423217773,348200,0.0,0.0
2002-06-27 00:00:00-04:00,16.35105060948387,16.404661840752834,16.199155529320745,16.36445426940918,187900,0.0,0.0
2002-06-28 00:00:00-04:00,16.462744818769696,16.7531331415771,16.351057264492514,16.574432373046875,520400,0.0,0.0
2002-07-01 00:00:00-04:00,16.529752934606798,16.529752934606798,16.30191114401199,16.507415771484375,188100,0.0,0.0
2002-07-02 00:00:00-04:00,16.529751243510862,16.529751243510862,16.30637622670666,16.315311431884766,162800,0.0,0.0
2002-07-03 00:00:00-04:00,16.270638179400724,16.33765137755115,16.123211529372778,16.252769470214844,221200,0.0,0.0
2002-07-05 00:00:00-04:00,16.306376687974804,16.426999404967134,16.145546398651696,16.297441482543945,100600,0.0,0.0
2002-07-08 00:00:00-04:00,16.34212242981293,16.364459598007027,16.123214091390704,16.21256446838379,374100,0.0,0.0
2002-07-09 00:00:00-04:00,16.26617267506627,16.26617267506627,16.038330851478822,16.07406997680664,410900,0.0,0.0
2002-07-10 00:00:00-04:00,16.08299849958814,16.12767281373399,15.88196067750012,15.926636695861816,254300,0.0,0.0
2002-07-11 00:00:00-04:00,15.881962632268683,15.989183385317752,15.5111610074151,15.622848510742188,309900,0.0,0.0
2002-07-12 00:00:00-04:00,15.622854680897321,15.859631736115324,15.53350430210403,15.569243431091309,190500,0.0,0.0
2002-07-15 00:00:00-04:00,15.524565297073545,15.569239623436154,15.100152379763523,15.408411026000977,528500,0.0,0.0
2002-07-16 00:00:00-04:00,15.408411855860022,15.82835634062117,15.39947664926301,15.493293762207031,479100,0.0,0.0
2002-07-17 00:00:00-04:00,15.546895413596811,15.676453287228872,15.323520474596236,15.50222110748291,201700,0.0,0.0
2002-07-18 00:00:00-04:00,15.546903834212149,15.546903834212149,14.876778654252863,14.925921440124512,303300,0.0,0.0
2002-07-19 00:00:00-04:00,14.881241052783642,15.149290333978138,14.782955521044968,15.006330490112305,264200,0.0,0.0
2002-07-22 00:00:00-04:00,15.118023174136782,15.278853479853614,14.296002937085701,14.742753028869629,371100,0.0,0.0
2002-07-23 00:00:00-04:00,14.675742190655864,14.957195270867745,14.45236710888505,14.492574691772461,270800,0.0,0.0
2002-07-24 00:00:00-04:00,14.430025638719389,14.988463176628159,14.237923841449541,14.666804313659668,442100,0.0,0.0
2002-07-25 00:00:00-04:00,14.666801426141129,15.296718776718942,14.497035970858832,15.104616165161133,377900,0.0,0.0
2002-07-26 00:00:00-04:00,15.189501517385912,15.747939073172159,15.189501517385912,15.551369667053223,382500,0.0,0.0
2002-07-29 00:00:00-04:00,15.636255859637401,16.4716781955288,15.636255859637401,16.427003860473633,226900,0.0,0.0
2002-07-30 00:00:00-04:00,16.462736394223942,16.793332135562643,16.34211539704129,16.6593074798584,407500,0.0,0.0
2002-07-31 00:00:00-04:00,16.547620753363308,16.86481285095215,16.252765815396096,16.86481285095215,303300,0.0,0.0
2002-08-01 00:00:00-04:00,16.931823644042975,16.931823644042975,16.543149963782,16.712915420532227,242200,0.0,0.0
2002-08-02 00:00:00-04:00,16.641436128247534,16.708449304410042,16.18575096130371,16.18575096130371,134000,0.0,0.0
2002-08-05 00:00:00-04:00,16.230429880048465,16.29297461339324,16.083001547836208,16.221494674682617,77300,0.0,0.0
2002-08-06 00:00:00-04:00,16.221494042369837,16.25276640782323,15.89536672820152,15.922170639038086,398600,0.0,0.0
2002-08-07 00:00:00-04:00,15.92664114936756,15.993652639324504,15.841757542852582,15.850692749023438,543300,0.0,0.0
2002-08-08 00:00:00-04:00,15.917696880330157,15.948969232014834,15.613906860351562,15.613906860351562,325700,0.0,0.0
2002-08-09 00:00:00-04:00,14.29600005408542,14.385350395266656,12.955750049014911,14.242389678955078,2698000,0.0,0.0
2002-08-12 00:00:00-04:00,14.130705733018631,14.251328468322754,13.94307065102607,14.251328468322754,356200,0.0,0.0
2002-08-13 00:00:00-04:00,14.139639056708505,14.242391364753585,13.938602043417017,13.9832763671875,274900,0.0,0.0
2002-08-14 00:00:00-04:00,13.987748426416065,14.161981582641602,13.91626846308039,14.161981582641602,205000,0.0,0.0
2002-08-15 00:00:00-04:00,14.228988034529598,14.269195603727118,14.045820598011137,14.050288200378418,214000,0.0,0.0
2002-08-16 00:00:00-04:00,13.960932026303643,14.309396344331276,13.960932026303643,14.291526794433594,523200,0.0,0.0
2002-08-19 00:00:00-04:00,14.29599986141543,14.318337020355694,14.117300033569336,14.117300033569336,199500,0.0,0.0
2002-08-20 00:00:00-04:00,14.12176582252355,14.18431054121185,13.987740329767053,14.09496021270752,147100,0.0,0.0
2002-08-21 00:00:00-04:00,14.081558052806546,14.313868221814857,14.07262284966595,14.273660659790039,493500,0.0,0.0
2002-08-22 00:00:00-04:00,14.2736632060944,14.296000365822788,14.050288200378418,14.050288200378418,423700,0.0,0.0
2002-08-23 00:00:00-04:00,14.054758179542874,14.385354013807852,14.054758179542874,14.251328468322754,391900,0.0,0.0
2002-08-26 00:00:00-04:00,14.184308054962587,14.340669824275988,14.184308054962587,14.31833267211914,236300,0.0,0.0
2002-08-27 00:00:00-04:00,14.38535085775369,14.38535085775369,14.11730067770021,14.331741333007812,306700,0.0,0.0
2002-08-28 00:00:00-04:00,14.220048009678184,14.510435248255872,14.220048009678184,14.31833267211914,395500,0.0,0.0
2002-08-29 00:00:00-04:00,14.313873059525575,14.403223416913868,14.264730277751198,14.322808265686035,279900,0.0,0.0
2002-08-30 00:00:00-04:00,14.322809270513071,14.51937870718473,14.251328468322754,14.251328468322754,484300,0.0,0.0
2002-09-03 00:00:00-04:00,14.25132867366581,14.474704586026196,14.228991508483887,14.228991508483887,624200,0.0,0.0
2002-09-04 00:00:00-04:00,14.296003474745639,14.519378529038539,14.251328293465416,14.40769100189209,552600,0.0,0.0
2002-09-05 00:00:00-04:00,14.296005760942306,14.430030474107802,14.296005760942306,14.327278137207031,272300,0.0,0.0
2002-09-06 00:00:00-04:00,14.394290229297543,14.434497810549859,14.296004651965978,14.398756980895996,213000,0.0,0.0
2002-09-09 00:00:00-04:00,14.36301335181437,14.608725513881597,14.36301335181437,14.57298469543457,430800,0.0,0.0
2002-09-10 00:00:00-04:00,14.608725960287515,14.608725960287515,14.296000606184025,14.394286155700684,696800,0.0,0.0
2002-09-11 00:00:00-04:00,14.348984211015196,14.589115927661329,14.348984211015196,14.516623497009277,326300,0.45,0.0
2002-09-12 00:00:00-04:00,14.498493873010327,14.498493873010327,14.367100857480933,14.394286155700684,631900,0.0,0.0
2002-09-13 00:00:00-04:00,14.398817218401295,14.516617586290689,14.31726305107959,14.48037052154541,631900,0.0,0.0
2002-09-16 00:00:00-04:00,14.453185206725978,14.521146720628222,14.398816341275198,14.493962287902832,88700,0.0,0.0
2002-09-17 00:00:00-04:00,14.430535363149017,14.543804005959592,14.430535363149017,14.457719802856445,246600,0.0,0.0
2002-09-18 00:00:00-04:00,14.453180059049581,14.453180059049581,14.271949131798694,14.3761568069458,137500,0.0,0.0
2002-09-19 00:00:00-04:00,14.330860414957396,14.516623237381113,14.271960640172747,14.444129943847656,329700,0.0,0.0
2002-09-20 00:00:00-04:00,14.498491319926943,14.589107236347456,14.43052981470027,14.52114486694336,92500,0.0,0.0
2002-09-23 00:00:00-04:00,14.503016667239931,14.6117560775956,14.498486650637496,14.552855491638184,124700,0.0,0.0
2002-09-24 00:00:00-04:00,14.530216073621224,14.530216073621224,14.385231204474525,14.462254524230957,400500,0.0,0.0
2002-09-25 00:00:00-04:00,14.53021297243659,14.543804760906955,14.330858387819152,14.362574577331543,250900,0.0,0.0
2002-09-26 00:00:00-04:00,14.37616010011334,14.815646171569824,14.37616010011334,14.815646171569824,116000,0.0,0.0
2002-09-27 00:00:00-04:00,14.815646163221315,14.815646163221315,14.52114486694336,14.52114486694336,275800,0.0,0.0
2002-09-30 00:00:00-04:00,14.521149469271258,14.539273003970397,14.398819066762863,14.453187942504883,361400,0.0,0.0
2002-10-01 00:00:00-04:00,14.679730823306944,14.679730823306944,14.22212098403006,14.475845336914062,452800,0.0,0.0
2002-10-02 00:00:00-04:00,14.38522904499392,14.38522904499392,14.226651544103298,14.353513717651367,209300,0.0,0.0
2002-10-03 00:00:00-04:00,14.240244197612045,14.353513717651367,14.217589775097467,14.353513717651367,121200,0.0,0.0
2002-10-04 00:00:00-04:00,14.308201222372599,14.335385656635188,14.08619313684337,14.113377571105957,313200,0.0,0.0
2002-10-07 00:00:00-04:00,14.136033249676647,14.176810336803182,13.877778076482693,13.882308959960938,238100,0.0,0.0
2002-10-08 00:00:00-04:00,13.837005088569871,13.882312205589612,13.479072987704445,13.637650489807129,266400,0.0,0.0
2002-10-09 00:00:00-04:00,13.592348014737167,13.6376560142886,13.121146202087402,13.121146202087402,533700,0.0,0.0
2002-10-10 00:00:00-04:00,13.121141026672872,13.343150050489328,12.677124707395704,13.325026512145996,572900,0.0,0.0
2002-10-11 00:00:00-04:00,13.302370472574843,13.954802176058127,13.302370472574843,13.470008850097656,287600,0.0,0.0
2002-10-14 00:00:00-04:00,13.47454045827911,13.569687293596933,13.252532328107865,13.388455390930176,170400,0.0,0.0
2002-10-15 00:00:00-04:00,13.610465406957932,13.77357292175293,13.524380333146965,13.77357292175293,215000,0.0,0.0
2002-10-16 00:00:00-04:00,13.682952712533725,13.682952712533725,13.501720864014736,13.651236534118652,256300,0.0,0.0
2002-10-17 00:00:00-04:00,13.764511108398438,13.932150371151344,13.710142225035963,13.764511108398438,164600,0.0,0.0
2002-10-18 00:00:00-04:00,13.764508266963997,13.886839525543214,13.705608511450471,13.750916481018066,197800,0.0,0.0
2002-10-21 00:00:00-04:00,13.750916481018066,13.837001536778736,13.701077628075948,13.750916481018066,121700,0.0,0.0
2002-10-22 00:00:00-04:00,13.750918912472297,13.787165121699946,13.524379888755053,13.592341423034668,338700,0.0,0.0
2002-10-23 00:00:00-04:00,13.547032356262207,13.58780944638702,13.47907082744676,13.547032356262207,125500,0.0,0.0
2002-10-24 00:00:00-04:00,13.547033286659675,13.551564170782244,13.365802242645797,13.52437973022461,386600,0.0,0.0
2002-10-25 00:00:00-04:00,13.524379888755053,13.710141819068971,13.470010142824686,13.592341423034668,311400,0.0,0.0
2002-10-28 00:00:00-05:00,13.682956183449997,13.723733273292828,13.465478082895665,13.510786056518555,293800,0.0,0.0
2002-10-29 00:00:00-05:00,13.420166920768434,13.48812842859059,13.270651257888705,13.411105155944824,328200,0.0,0.0
2002-10-30 00:00:00-05:00,13.415637799088795,13.479068432824086,13.225345033705352,13.365798950195312,311800,0.0,0.0
2002-10-31 00:00:00-05:00,13.36579598125145,13.456411892896988,13.329549789428711,13.329549789428711,438300,0.0,0.0
2002-11-01 00:00:00-05:00,13.334090024860464,13.34315179521703,13.139266283084185,13.252535820007324,330900,0.0,0.0
2002-11-04 00:00:00-05:00,13.266120327438216,13.460943085375595,13.266120327438216,13.402043342590332,330700,0.0,0.0
2002-11-05 00:00:00-05:00,13.374860663537518,13.456414828977483,13.29783738108617,13.338614463806152,340500,0.0,0.0
2002-11-06 00:00:00-05:00,13.388458756126202,13.569690704345703,13.329558977879445,13.569690704345703,190400,0.0,0.0
2002-11-07 00:00:00-05:00,13.569688950099653,13.750920010712209,13.533442737977143,13.637650489807129,189600,0.0,0.0
2002-11-08 00:00:00-05:00,13.569688552406227,13.569688552406227,13.338618632830599,13.501726150512695,432300,0.0,0.0
2002-11-11 00:00:00-05:00,13.524375766197242,13.614990829555792,13.433759838661159,13.4790678024292,159800,0.0,0.0
2002-11-12 00:00:00-05:00,13.438296297131819,13.796228408813477,13.39751919923953,13.796228408813477,348900,0.0,0.0
2002-11-13 00:00:00-05:00,13.796228408813477,13.904967048466945,13.642181786593255,13.796228408813477,223800,0.0,0.0
2002-11-14 00:00:00-05:00,13.809809482963614,14.022756576538086,13.746378875095754,14.022756576538086,211700,0.0,0.0
2002-11-15 00:00:00-05:00,14.022766023416699,14.090727558227725,13.954803624427873,14.004642486572266,121100,0.0,0.0
2002-11-18 00:00:00-05:00,14.045418459947445,14.045418459947445,13.769040594359993,13.93667984008789,92500,0.0,0.0
2002-11-19 00:00:00-05:00,13.909491720405649,14.022761194141273,13.891368189802748,13.977453231811523,130100,0.0,0.0
2002-11-20 00:00:00-05:00,14.022766068687757,14.036357857187161,13.95480366947952,14.031826972961426,106300,0.0,0.0
2002-11-21 00:00:00-05:00,14.045422514394657,14.068076076004745,13.986522735701636,14.018238067626953,203200,0.0,0.0
2002-11-22 00:00:00-05:00,14.018237070268652,14.022767955103907,13.93215198675466,14.009175300598145,584500,0.0,0.0
2002-11-25 00:00:00-05:00,14.009172805258695,14.136034965515137,13.8641879730672,14.136034965515137,218100,0.0,0.0
2002-11-26 00:00:00-05:00,14.090729584791386,14.090729584791386,13.977460055756373,14.045421600341797,369400,0.0,0.0
2002-11-27 00:00:00-05:00,14.049947858908395,14.14509381716322,13.977455453330153,14.09072494506836,233900,0.0,0.0
2002-11-29 00:00:00-05:00,14.068075310650482,14.203999265450205,14.068075310650482,14.095260620117188,93700,0.0,0.0
2002-12-02 00:00:00-05:00,14.149627362501803,14.385228157043457,14.095258480178533,14.385228157043457,181200,0.0,0.0
2002-12-03 00:00:00-05:00,14.36257828557195,14.385231848323295,14.16775453486948,14.339923858642578,303300,0.0,0.0
2002-12-04 00:00:00-05:00,14.31726593807167,14.31726593807167,14.113380478655113,14.140564918518066,441500,0.0,0.0
2002-12-05 00:00:00-05:00,14.149621034307032,14.194928992098356,14.068066883118128,14.154151916503906,206300,0.0,0.0
2002-12-06 00:00:00-05:00,14.154158525166496,14.181342966862905,14.068073451587075,14.122443199157715,298700,0.0,0.0
2002-12-09 00:00:00-05:00,14.077128825693308,14.203990936279297,14.077128825693308,14.203990936279297,222100,0.0,0.0
2002-12-10 00:00:00-05:00,14.249304473686964,14.271958029650223,14.045419013306569,14.136034965515137,240000,0.0,0.0
2002-12-11 00:00:00-05:00,14.182000160217285,14.23256747316125,14.113044095785382,14.182000160217285,181000,0.45,0.0
2002-12-12 00:00:00-05:00,14.182006361940418,14.20499143452767,14.030302603121335,14.177409172058105,155500,0.0,0.0
2002-12-13 00:00:00-05:00,14.131432750297282,14.319913079330336,14.122238374045917,14.25555419921875,196900,0.0,0.0
2002-12-16 00:00:00-05:00,14.255552996904525,14.379674435357584,14.237164245952707,14.375077247619629,408300,0.0,0.0
2002-12-17 00:00:00-05:00,14.375079550658441,14.411856181630176,14.310719788839872,14.388870239257812,335300,0.0,0.0
2002-12-18 00:00:00-05:00,14.388870894418796,14.388870894418796,14.273943807796204,14.319914817810059,290100,0.0,0.0
2002-12-19 00:00:00-05:00,14.27394960206166,14.338309392936445,14.260158907236267,14.301532745361328,151300,0.0,0.0
2002-12-20 00:00:00-05:00,14.306121185198121,14.41185387269936,14.296926809722212,14.375077247619629,471600,0.0,0.0
2002-12-23 00:00:00-05:00,14.370479800419787,14.715260106302253,14.329105988349113,14.710663795471191,390700,0.0,0.0
2002-12-24 00:00:00-05:00,14.687689316126429,14.71067439413746,14.618732328444292,14.673897743225098,85400,0.0,0.0
2002-12-26 00:00:00-05:00,14.683087455341438,14.696878147032248,14.62332486860045,14.627922058105469,115800,0.0,0.0
2002-12-27 00:00:00-05:00,14.535985521509867,14.894558525523795,14.535985521509867,14.673897743225098,140200,0.0,0.0
2002-12-30 00:00:00-05:00,14.742847427260312,14.84858014293842,14.687682913351793,14.779624938964844,362800,0.0,0.0
2002-12-31 00:00:00-05:00,14.73824714693393,14.954308832255721,14.73824714693393,14.853174209594727,685900,0.0,0.0
2003-01-02 00:00:00-05:00,15.083033766857627,15.083033766857627,14.894553386361286,14.981897354125977,168200,0.0,0.0
2003-01-03 00:00:00-05:00,14.972709407165619,15.193369331292642,14.963515024454177,15.073845863342285,203200,0.0,0.0
2003-01-06 00:00:00-05:00,15.073837513134812,15.446200161605988,15.032463690677101,15.349661827087402,408200,0.0,0.0
2003-01-07 00:00:00-05:00,15.400235811869303,15.400235811869303,15.004886194025554,15.170381546020508,407100,0.0,0.0
2003-01-08 00:00:00-05:00,15.170373300199518,15.170373300199518,14.940519159287405,15.032461166381836,184100,0.0,0.0
2003-01-09 00:00:00-05:00,14.98649671507828,15.083036834890411,14.641716209620366,14.935930252075195,213000,0.0,0.0
2003-01-10 00:00:00-05:00,14.871565976802048,15.078435106672915,14.816401460052605,14.862373352050781,103200,0.0,0.0
2003-01-13 00:00:00-05:00,14.871564832048508,14.931327410221668,14.71066760656104,14.71986198425293,130100,0.0,0.0
2003-01-14 00:00:00-05:00,14.7198605578161,14.7198605578161,14.545170905895086,14.706068992614746,124700,0.0,0.0
2003-01-15 00:00:00-05:00,14.627918333179805,14.66469496303072,14.563559450146709,14.581947326660156,178100,0.0,0.0
2003-01-16 00:00:00-05:00,14.591149010087976,14.595746200724463,14.370489120483398,14.370489120483398,108500,0.0,0.0
2003-01-17 00:00:00-05:00,14.338303368553323,14.338303368553323,14.168210896969207,14.195793151855469,219200,0.0,0.0
2003-01-21 00:00:00-05:00,14.191196836911907,14.250958535289561,14.159016516590322,14.204987525939941,236600,0.0,0.0
2003-01-22 00:00:00-05:00,14.186600777498228,14.241765291649413,14.145226953472765,14.149824142456055,224600,0.0,0.0
2003-01-23 00:00:00-05:00,14.149825203847998,14.301528944379418,14.149825203847998,14.273945808410645,105600,0.0,0.0
2003-01-24 00:00:00-05:00,14.25096441683052,14.30153263566761,13.998125076293945,13.998125076293945,111300,0.0,0.0
2003-01-27 00:00:00-05:00,13.906183040387841,14.113052229734956,13.887794278301682,13.970541954040527,131300,0.0,0.0
2003-01-28 00:00:00-05:00,14.016509635977483,14.099257291960253,13.952150737690541,13.965941429138184,174500,0.0,0.0
2003-01-29 00:00:00-05:00,13.965936714353674,14.195790847009306,13.952146027561653,14.182000160217285,126500,0.0,0.0
2003-01-30 00:00:00-05:00,14.1590184106165,14.195795047650925,14.021106240943453,14.025703430175781,130100,0.0,0.0
2003-01-31 00:00:00-05:00,13.938350643483655,14.227967262268066,13.938350643483655,14.227967262268066,207600,0.0,0.0
2003-02-03 00:00:00-05:00,14.283145423732485,14.37968468136921,14.26935472751619,14.287742614746094,186800,0.0,0.0
2003-02-04 00:00:00-05:00,14.283141984350069,14.365889649020316,14.204991509586424,14.329113006591797,178300,0.0,0.0
2003-02-05 00:00:00-05:00,14.292330098609003,14.361286163330078,14.22797122177919,14.361286163330078,130700,0.0,0.0
2003-02-06 00:00:00-05:00,14.375086417028562,14.375086417028562,14.29693592928144,14.333712577819824,242100,0.0,0.0
2003-02-07 00:00:00-05:00,14.33371087967375,14.356695953477972,14.25096321105957,14.25096321105957,113300,0.0,0.0
2003-02-10 00:00:00-05:00,14.255559049655426,14.407262802124023,14.255559049655426,14.407262802124023,103900,0.0,0.0
2003-02-11 00:00:00-05:00,14.453230652548966,14.471618530451634,14.31991481125225,14.338303565979004,174700,0.0,0.0
2003-02-12 00:00:00-05:00,14.278542997738775,14.365887841324808,14.250960738594209,14.273945808410645,149700,0.0,0.0
2003-02-13 00:00:00-05:00,14.273941347043952,14.361286163330078,14.1360292176018,14.361286163330078,254100,0.0,0.0
2003-02-14 00:00:00-05:00,14.342903631976018,14.48081581279676,14.255558783149944,14.310723304748535,170500,0.0,0.0
2003-02-18 00:00:00-05:00,14.273946829545977,14.531384189392606,14.273946829545977,14.45323371887207,179000,0.0,0.0
2003-02-19 00:00:00-05:00,14.43484704890007,14.568162937770584,14.342905872929325,14.540579795837402,177000,0.0,0.0
2003-02-20 00:00:00-05:00,14.595740328878513,14.894551462267595,14.558963695406272,14.811803817749023,171200,0.0,0.0
2003-02-21 00:00:00-05:00,14.733650081736917,15.147388236837893,14.733650081736917,15.032461166381836,181600,0.0,0.0
2003-02-24 00:00:00-05:00,14.977298739836614,15.018670807434056,14.83478852140214,14.968104362487793,121100,0.0,0.0
2003-02-25 00:00:00-05:00,14.972700333228703,15.073836728113466,14.834788183434652,15.069238662719727,134800,0.0,0.0
2003-02-26 00:00:00-05:00,15.069233493817679,15.069233493817679,14.963500823454694,15.018665313720703,219100,0.0,0.0
2003-02-27 00:00:00-05:00,15.004882425570393,15.16118335723877,14.98649366804507,15.16118335723877,183200,0.0,0.0
2003-02-28 00:00:00-05:00,15.165785232309037,15.289904992656375,15.147396470165404,15.170381546020508,157300,0.0,0.0
2003-03-03 00:00:00-05:00,15.216342917615306,15.285299859040046,15.193357855023013,15.262314796447754,205200,0.0,0.0
2003-03-04 00:00:00-05:00,15.285299859040046,15.308284921632337,15.239329733855463,15.262314796447754,331600,0.0,0.0
2003-03-05 00:00:00-05:00,15.170369796399697,15.299087524414062,15.156579112297448,15.299087524414062,164400,0.0,0.0
2003-03-06 00:00:00-05:00,15.299090545865848,15.299090545865848,15.225537293381795,15.262314796447754,239700,0.0,0.0
2003-03-07 00:00:00-05:00,15.266912068252484,15.303689573632848,15.147388683062252,15.234732627868652,109900,0.0,0.0
2003-03-10 00:00:00-05:00,15.239333921179862,15.257720924117187,15.101420000435658,15.10601806640625,209400,0.0,0.0
2003-03-11 00:00:00-05:00,15.151986865175244,15.170375620135825,15.055448532104492,15.055448532104492,310000,0.0,0.0
2003-03-12 00:00:00-05:00,15.032142956969643,15.069432847240448,14.869003243194548,14.980870246887207,229200,0.45,0.0
2003-03-13 00:00:00-05:00,15.027484590669202,15.265201449202314,14.86900520324707,14.86900520324707,418900,0.0,0.0
2003-03-14 00:00:00-05:00,14.84104121233112,14.845702450027629,13.167695108012667,13.507957458496094,1819600,0.0,0.0
2003-03-17 00:00:00-05:00,13.587200171826762,14.263064695778107,13.51728336670362,14.253742218017578,930200,0.0,0.0
2003-03-18 00:00:00-05:00,14.137206749090295,14.137206749090295,13.838894724246543,14.006694793701172,291100,0.0,0.0
2003-03-19 00:00:00-05:00,14.0486433998603,14.16517163214591,13.960082583431936,14.123221397399902,314200,0.0,0.0
2003-03-20 00:00:00-05:00,14.053305521179267,14.281700764162926,13.941438517822366,14.277039527893066,194900,0.0,0.0
2003-03-21 00:00:00-05:00,14.277039713081946,14.71052491236266,14.277039713081946,14.687219619750977,355200,0.0,0.0
2003-03-24 00:00:00-05:00,14.69187773913332,14.69187773913332,14.286359154827203,14.33297061920166,339400,0.0,0.0
2003-03-25 00:00:00-05:00,14.286366989387922,14.472812060091407,14.26306168894007,14.449506759643555,337000,0.0,0.0
2003-03-26 00:00:00-05:00,14.496107078747205,14.635940551757812,14.38424012253081,14.635940551757812,151200,0.0,0.0
2003-03-27 00:00:00-05:00,14.542721707287868,14.607977223732142,14.454160014227972,14.514754295349121,157700,0.0,0.0
2003-03-28 00:00:00-05:00,14.496118249579483,14.677902082385353,14.426201459195704,14.449506759643555,338500,0.0,0.0
2003-03-31 00:00:00-05:00,14.402889332693336,14.496112274137767,14.123221397399902,14.123221397399902,257600,0.0,0.0
2003-04-01 00:00:00-05:00,14.449503252213368,14.635948277659732,14.263058226767004,14.496114730834961,266400,0.0,0.0
2003-04-02 00:00:00-05:00,14.612641616545686,14.724508621353623,14.589335434894078,14.687219619750977,281900,0.0,0.0
2003-04-03 00:00:00-05:00,14.687218647425276,14.845697116004883,14.51941770680219,14.771119117736816,226300,0.0,0.0
2003-04-04 00:00:00-05:00,14.729177012867769,14.934267065831547,14.687226754556079,14.87833309173584,342400,0.0,0.0
2003-04-07 00:00:00-04:00,14.845698990947296,15.046126830955908,14.827054044505577,14.952905654907227,163800,0.0,0.0
2003-04-08 00:00:00-04:00,14.924938247881293,14.976210961599454,14.799087526413068,14.855021476745605,285000,0.0,0.0
2003-04-09 00:00:00-04:00,14.85968272945047,14.910955446291746,14.705865467966673,14.86900520324707,319000,0.0,0.0
2003-04-10 00:00:00-04:00,14.915615728704262,15.008838682624654,14.659253938983149,14.924938201904297,211500,0.0,0.0
2003-04-11 00:00:00-04:00,14.929595727159121,15.027480788215222,14.673233985900879,14.673233985900879,107000,0.0,0.0
2003-04-14 00:00:00-04:00,14.719846998433372,14.83637523651123,14.705863289809665,14.83637523651123,111400,0.0,0.0
2003-04-15 00:00:00-04:00,14.836379993824098,14.915619256686854,14.719851718381232,14.892313957214355,210200,0.0,0.0
2003-04-16 00:00:00-04:00,14.938922536814006,15.032145500183105,14.803750217872885,15.032145500183105,250700,0.0,0.0
2003-04-17 00:00:00-04:00,15.032142830351917,15.288504600524902,14.906292118867766,15.288504600524902,197100,0.0,0.0
2003-04-21 00:00:00-04:00,15.288510909069318,15.381733894348145,15.120709891183541,15.381733894348145,185300,0.0,0.0
2003-04-22 00:00:00-04:00,15.381730360808964,15.558853814341326,15.325797293723008,15.526226043701172,150000,0.0,0.0
2003-04-23 00:00:00-04:00,15.526225994321338,15.591481535394104,15.423680556589769,15.54020881652832,129100,0.0,0.0
2003-04-24 00:00:00-04:00,15.544864805129135,15.544864805129135,15.381725998198283,15.419015884399414,357000,0.0,0.0
2003-04-25 00:00:00-04:00,15.474950827106989,15.474950827106989,15.297827402161298,15.349100112915039,153600,0.0,0.0
2003-04-28 00:00:00-04:00,15.279180931639875,15.358421052553275,15.097397177534578,15.199942588806152,191300,0.0,0.0
2003-04-29 00:00:00-04:00,15.171981707504111,15.451650646483627,15.148676407109264,15.269865036010742,158100,0.0,0.0
2003-04-30 00:00:00-04:00,15.29782857192185,15.30249069766315,14.924938526217476,14.985533714294434,230800,0.0,0.0
2003-05-01 00:00:00-04:00,14.962230270687128,15.148676227799912,14.8037526296056,15.13935375213623,152400,0.0,0.0
2003-05-02 00:00:00-04:00,15.092746198642091,15.423686150147097,15.092746198642091,15.32580280303955,167700,0.0,0.0
2003-05-05 00:00:00-04:00,15.358424734581435,15.502918636290874,15.223251528786065,15.395712852478027,275400,0.0,0.0
2003-05-06 00:00:00-04:00,15.395714451307226,15.46563212448436,15.381731627903916,15.405036926269531,93400,0.0,0.0
2003-05-07 00:00:00-04:00,15.381727902943851,15.391050375648552,15.171976712287735,15.265199661254883,119200,0.0,0.0
2003-05-08 00:00:00-04:00,15.29316926172576,15.349102327855832,15.171978877350472,15.3397798538208,134900,0.0,0.0
2003-05-09 00:00:00-04:00,15.386394632646754,15.847847443504252,15.386394632646754,15.62877368927002,657100,0.0,0.0
2003-05-12 00:00:00-04:00,15.731314506397954,16.12750986421595,15.731314506397954,15.99699878692627,282700,0.0,0.0
2003-05-13 00:00:00-04:00,15.894454349988864,15.987677315934643,15.829198807250876,15.983016967773438,265800,0.0,0.0
2003-05-14 00:00:00-04:00,16.01098778904774,16.015649916796335,15.84784887946205,15.917766571044922,181600,0.0,0.0
2003-05-15 00:00:00-04:00,15.964375077790285,16.122853616839016,15.941069776358521,16.07158088684082,233000,0.0,0.0
2003-05-16 00:00:00-04:00,16.071571303056487,16.127504348754883,15.917754982866027,16.127504348754883,308900,0.0,0.0
2003-05-19 00:00:00-04:00,16.09488949422337,16.1321794066381,15.894460660196419,15.964378356933594,129000,0.0,0.0
2003-05-20 00:00:00-04:00,15.936406111627273,16.080901811491632,15.931745763022775,15.97835636138916,298500,0.0,0.0
2003-05-21 00:00:00-04:00,15.97834717174081,16.085552908790397,15.913091660326218,16.08089256286621,148100,0.0,0.0
2003-05-22 00:00:00-04:00,16.127503735615342,16.318609931058848,16.034282589021938,16.313949584960938,260300,0.0,0.0
2003-05-23 00:00:00-04:00,16.31395602014947,16.33726131599081,16.183444940973907,16.267345428466797,245000,0.0,0.0
2003-05-27 00:00:00-04:00,16.267351807208982,16.29065711218878,16.174128809209,16.206756591796875,267100,0.0,0.0
2003-05-28 00:00:00-04:00,16.29065203066937,16.35590757549005,16.1694616376479,16.174123764038086,267700,0.0,0.0
2003-05-29 00:00:00-04:00,16.174124369711432,16.24870239202497,15.591483014736813,15.6194486618042,374600,0.0,0.0
2003-05-30 00:00:00-04:00,15.59148000777185,15.93174228008458,15.59148000777185,15.927080154418945,429000,0.0,0.0
2003-06-02 00:00:00-04:00,15.941059070109327,16.17411548406391,15.941059070109327,16.08089256286621,219200,0.0,0.0
2003-06-03 00:00:00-04:00,16.080893773686128,16.183439172532744,16.015638257358088,16.127504348754883,186300,0.0,0.0
2003-06-04 00:00:00-04:00,16.19275850838507,16.54700343333547,16.19275850838507,16.47242546081543,140200,0.0,0.0
2003-06-05 00:00:00-04:00,16.416501251547793,16.547012329101562,16.393194177915984,16.547012329101562,157000,0.0,0.0
2003-06-06 00:00:00-04:00,16.523708850306328,16.733460089493907,16.523708850306328,16.714815139770508,220900,0.0,0.0
2003-06-09 00:00:00-04:00,16.714816943251193,16.766089671482593,16.64023891439111,16.742782592773438,159000,0.0,0.0
2003-06-10 00:00:00-04:00,16.66353980736415,16.7800680577653,16.64489486056077,16.761423110961914,335200,0.0,0.0
2003-06-11 00:00:00-04:00,16.780066184255382,16.87328912978387,16.71481065580938,16.78938865661621,265300,0.0,0.0
2003-06-12 00:00:00-04:00,16.88379008345815,16.88379008345815,16.38818017349311,16.458980560302734,340800,0.45,0.0
2003-06-13 00:00:00-04:00,16.520344436625926,16.520344436625926,16.100255966186523,16.100255966186523,309900,0.0,0.0
2003-06-16 00:00:00-04:00,16.166340146745956,16.610028833953297,16.166340146745956,16.520347595214844,206200,0.0,0.0
2003-06-17 00:00:00-04:00,16.534508834225257,16.567549388401584,16.378746478904727,16.411787033081055,101200,0.0,0.0
2003-06-18 00:00:00-04:00,16.402340500343634,16.402340500343634,16.095533411042663,16.1332950592041,294600,0.0,0.0
2003-06-19 00:00:00-04:00,16.22770317511151,16.298503589840386,15.968098053288701,16.038898468017578,397300,0.0,0.0
2003-06-20 00:00:00-04:00,16.109692554819873,16.147452396841018,15.953928479975318,16.005849838256836,284300,0.0,0.0
2003-06-23 00:00:00-04:00,16.02473016089453,16.071930412095732,15.845365965296466,15.859525680541992,159900,0.0,0.0
2003-06-24 00:00:00-04:00,15.906735448642078,15.930335585691056,15.736811580969366,15.802892684936523,252600,0.0,0.0
2003-06-25 00:00:00-04:00,15.8500914267514,15.972813193945948,15.746248684881248,15.87369155883789,354400,0.0,0.0
2003-06-26 00:00:00-04:00,15.906737159952197,16.2513042395473,15.868975496151249,16.142742156982422,319600,0.0,0.0
2003-06-27 00:00:00-04:00,16.14273925694028,16.21353966298492,16.001136644276095,16.095537185668945,219000,0.0,0.0
2003-06-30 00:00:00-04:00,16.142732105796707,16.213532480477163,15.98696804046631,15.986968040466309,364700,0.0,0.0
2003-07-01 00:00:00-04:00,16.04833409065199,16.152176828598904,15.911450808917353,16.123855590820312,300800,0.0,0.0
2003-07-02 00:00:00-04:00,16.076653790037284,16.501461512618274,16.076653790037284,16.458980560302734,294200,0.0,0.0
2003-07-03 00:00:00-04:00,16.425939042756276,16.713865280151367,16.425939042756276,16.713865280151367,81200,0.0,0.0
2003-07-07 00:00:00-04:00,16.831867742783704,16.869629387350585,16.723305715515394,16.8271484375,459400,0.0,0.0
2003-07-08 00:00:00-04:00,16.850754792635353,16.874354928924447,16.732752310614902,16.7846736907959,347100,0.0,0.0
2003-07-09 00:00:00-04:00,16.803549844448,16.803549844448,16.643066424335395,16.66194725036621,238200,0.0,0.0
2003-07-10 00:00:00-04:00,16.638347239936422,16.638347239936422,16.270180132513218,16.340980529785156,647900,0.0,0.0
2003-07-11 00:00:00-04:00,16.34098143583659,16.473145425773353,16.3079408884961,16.407062530517578,226100,0.0,0.0
2003-07-14 00:00:00-04:00,16.473142551713856,16.6194644356717,16.473142551713856,16.605304718017578,225600,0.0,0.0
2003-07-15 00:00:00-04:00,16.591154469345398,16.728036019464017,16.539233074214835,16.699716567993164,180400,0.0,0.0
2003-07-16 00:00:00-04:00,16.718591241512506,16.73747207128551,16.628910000953287,16.685550689697266,143600,0.0,0.0
2003-07-17 00:00:00-04:00,16.685544549843986,16.685544549843986,16.57226321404066,16.595863342285156,472000,0.0,0.0
2003-07-18 00:00:00-04:00,16.586430487260355,16.827156586516715,16.586430487260355,16.652511596679688,155500,0.0,0.0
2003-07-21 00:00:00-04:00,16.61474512997848,16.66666649547622,16.548664046826623,16.605304718017578,107300,0.0,0.0
2003-07-22 00:00:00-04:00,16.652517413309933,16.685557979560482,16.576995861797844,16.614757537841797,125200,0.0,0.0
2003-07-23 00:00:00-04:00,16.685550350936996,16.685550350936996,16.510907180520007,16.520347595214844,379400,0.0,0.0
2003-07-24 00:00:00-04:00,16.591150170442024,16.74691251489891,16.54394809592855,16.723312377929688,135500,0.0,0.0
2003-07-25 00:00:00-04:00,16.6761119918262,16.869635994592205,16.6761119918262,16.8554744720459,76300,0.0,0.0
2003-07-28 00:00:00-04:00,16.80827096946661,16.864911647045798,16.62418741690323,16.680828094482422,144700,0.0,0.0
2003-07-29 00:00:00-04:00,16.76579266087958,17.072598030115877,16.69027114531334,17.06787872314453,178100,0.0,0.0
2003-07-30 00:00:00-04:00,17.067872896891913,17.351078033447266,17.04899207430173,17.351078033447266,460100,0.0,0.0
2003-07-31 00:00:00-04:00,17.35108397168839,17.35108397168839,17.067878738208776,17.086759567260742,136400,0.0,0.0
2003-08-01 00:00:00-04:00,17.091479858080085,17.091479858080085,16.86963640596181,16.98291778564453,205700,0.0,0.0
2003-08-04 00:00:00-04:00,16.982918365980048,16.982918365980048,16.59115103037526,16.902677536010742,192100,0.0,0.0
2003-08-05 00:00:00-04:00,16.94515319882948,16.94515319882948,16.709148289656785,16.80354881286621,195900,0.0,0.0
2003-08-06 00:00:00-04:00,16.850751388612277,16.893232345581055,16.694987279535226,16.893232345581055,215700,0.0,0.0
2003-08-07 00:00:00-04:00,17.46436309814453,17.582365551510375,17.336920232440477,17.46436309814453,613800,0.0,0.0
2003-08-08 00:00:00-04:00,17.459634751667522,17.4643540551057,17.431313529317606,17.440753936767578,273800,0.0,0.0
2003-08-11 00:00:00-04:00,17.44548901831192,17.47381026627623,17.3558077672878,17.41716957092285,219800,0.0,0.0
2003-08-12 00:00:00-04:00,17.398285308400926,17.662609701648112,17.398285308400926,17.62013053894043,287000,0.0,0.0
2003-08-13 00:00:00-04:00,17.572931370957928,17.577652479088524,17.32276665729175,17.535171508789062,274200,0.0,0.0
2003-08-14 00:00:00-04:00,17.53516722290441,17.57292707584414,17.426603369337663,17.483245849609375,148300,0.0,0.0
2003-08-15 00:00:00-04:00,17.46436985028813,17.511570129653407,17.346367351299694,17.41716957092285,82600,0.0,0.0
2003-08-18 00:00:00-04:00,17.412441740170213,17.469082413656164,17.32276052376957,17.36996078491211,148100,0.0,0.0
2003-08-19 00:00:00-04:00,17.407721534420126,17.417161946275534,17.3227596282959,17.3227596282959,165200,0.0,0.0
2003-08-20 00:00:00-04:00,17.341642395085454,17.341642395085454,17.185878282879983,17.24724006652832,124100,0.0,0.0
2003-08-21 00:00:00-04:00,17.209476421215957,17.36524051537668,17.19531670377387,17.360519409179688,222500,0.0,0.0
2003-08-22 00:00:00-04:00,17.346364555815203,17.360524277227803,17.18588111103092,17.218921661376953,191300,0.0,0.0
2003-08-25 00:00:00-04:00,17.20476256361068,17.20948187072763,17.001798146656498,17.063159942626953,104900,0.0,0.0
2003-08-26 00:00:00-04:00,17.039561235866007,17.176444575684645,16.7941176066003,17.16228485107422,165200,0.0,0.0
2003-08-27 00:00:00-04:00,17.176441997884748,17.436047113375317,17.176441997884748,17.412446975708008,278600,0.0,0.0
2003-08-28 00:00:00-04:00,17.440763910774944,17.459644736472438,17.26612077450975,17.454923629760742,299400,0.0,0.0
2003-08-29 00:00:00-04:00,17.407727668404583,17.46436835892114,17.31804462446369,17.412446975708008,141000,0.0,0.0
2003-09-02 00:00:00-04:00,17.459646884077795,17.87029499034905,17.40772550731048,17.86557388305664,171500,0.0,0.0
2003-09-03 00:00:00-04:00,17.81837069895112,18.12045669555664,17.757008918211074,18.12045669555664,135600,0.0,0.0
2003-09-04 00:00:00-04:00,18.115744501644407,18.285668391588825,17.983580475812488,18.14406394958496,271900,0.0,0.0
2003-09-05 00:00:00-04:00,18.172385293349215,18.19598543361513,18.016621126558654,18.125185012817383,217300,0.0,0.0
2003-09-08 00:00:00-04:00,17.464363381657815,18.077975789006555,17.464363381657815,18.06381607055664,380300,0.0,0.0
2003-09-09 00:00:00-04:00,17.99301432630134,18.08269734692166,17.950533369316613,17.98357391357422,305400,0.0,0.0
2003-09-10 00:00:00-04:00,18.030769365883454,18.030769365883454,17.695642939537024,17.728683471679688,734900,0.0,0.0
2003-09-11 00:00:00-04:00,17.848125206702083,18.034440994262695,17.848125206702083,18.034440994262695,136100,0.45,0.0
2003-09-12 00:00:00-04:00,18.029662949722248,18.101321880712117,17.891119798436378,18.048770904541016,147700,0.0,0.0
2003-09-15 00:00:00-04:00,18.168208259871093,18.168208259871093,18.001002228512217,18.029666900634766,279400,0.0,0.0
2003-09-16 00:00:00-04:00,18.010557426990474,18.110881047520163,17.891124024719197,17.953229904174805,132200,0.0,0.0
2003-09-17 00:00:00-04:00,17.95322912132072,18.01533317565918,17.84812714873408,18.01533317565918,167200,0.0,0.0
2003-09-18 00:00:00-04:00,18.08221458770851,18.168206774637312,18.03444196048536,18.15387535095215,176100,0.0,0.0
2003-09-19 00:00:00-04:00,18.11564887036375,18.392735105145256,18.05832137511552,18.36884880065918,484700,0.0,0.0
2003-09-22 00:00:00-04:00,18.368859710956556,18.39274602963006,18.211206727374694,18.37363624572754,148800,0.0,0.0
2003-09-23 00:00:00-04:00,18.34974376577776,18.55516931773109,18.278083011409414,18.378408432006836,236000,0.0,0.0
2003-09-24 00:00:00-04:00,18.3879645905308,18.555170599058435,18.258976317205704,18.421405792236328,313000,0.0,0.0
2003-09-25 00:00:00-04:00,18.416632667111895,18.421411024374894,18.225540292006585,18.297199249267578,257400,0.0,0.0
2003-09-26 00:00:00-04:00,18.27330176030665,18.37362533259311,18.263746874030577,18.36884880065918,257500,0.0,0.0
2003-09-29 00:00:00-04:00,18.440517865870564,18.59817084260355,18.407076656698578,18.583839416503906,209400,0.0,0.0
2003-09-30 00:00:00-04:00,18.536052492462197,18.75103285141866,18.440505463769547,18.741477966308594,374100,0.0,0.0
2003-10-01 00:00:00-04:00,18.75104077141826,18.946911442885767,18.703268148097894,18.923025131225586,198200,0.0,0.0
2003-10-02 00:00:00-04:00,18.851364708588246,19.0854549407959,18.80836861787291,19.0854549407959,240500,0.0,0.0
2003-10-03 00:00:00-04:00,19.09500552767767,19.44375070827538,19.047231091864596,19.348203659057617,479200,0.0,0.0
2003-10-06 00:00:00-04:00,19.252664757007654,19.486755035530955,19.22400190579891,19.45331382751465,358300,0.0,0.0
2003-10-07 00:00:00-04:00,19.43418977523369,19.491517257966702,19.333866224848965,19.443744659423828,401000,0.0,0.0
2003-10-08 00:00:00-04:00,19.372096071160385,19.49152946472168,19.200111692846686,19.49152946472168,209200,0.0,0.0
2003-10-09 00:00:00-04:00,19.438978125749223,19.711286112314223,19.438978125749223,19.58707618713379,224500,0.0,0.0
2003-10-10 00:00:00-04:00,19.51540489552008,19.587065620656393,19.362530382810036,19.467632293701172,165500,0.0,0.0
2003-10-13 00:00:00-04:00,19.515415954338284,19.587076720082663,19.419870696557744,19.582300186157227,107700,0.0,0.0
2003-10-14 00:00:00-04:00,19.534517640938127,19.587068604388875,19.48674503184193,19.56795883178711,271200,0.0,0.0
2003-10-15 00:00:00-04:00,19.63962550132143,19.673066702273594,19.491527452527,19.529747009277344,411500,0.0,0.0
2003-10-16 00:00:00-04:00,19.52975208289443,19.696958131093574,19.52975208289443,19.5727481842041,293600,0.0,0.0
2003-10-17 00:00:00-04:00,19.53929301883748,19.572734204592308,19.300426364927038,19.467632293701172,135800,0.0,0.0
2003-10-20 00:00:00-04:00,19.539304843883755,19.577522583986397,19.443757760013586,19.50108528137207,154200,0.0,0.0
2003-10-21 00:00:00-04:00,19.558415108036634,19.58707978329904,19.462869835313803,19.515419006347656,226000,0.0,0.0
2003-10-22 00:00:00-04:00,19.46763517800906,19.50585472305312,19.376866492141744,19.458080291748047,164800,0.0,0.0
2003-10-23 00:00:00-04:00,19.338649616793827,19.372090812119822,19.02812397127982,19.118892669677734,136100,0.0,0.0
2003-10-24 00:00:00-04:00,18.999461783789158,19.13322658252001,18.865696985058307,18.966020584106445,188500,0.0,0.0
2003-10-27 00:00:00-05:00,18.96603082736111,19.20489770976513,18.96603082736111,19.123682022094727,258600,0.0,0.0
2003-10-28 00:00:00-05:00,19.118895160487046,19.171446137819512,18.827477429758808,18.966020584106445,332000,0.0,0.0
2003-10-29 00:00:00-05:00,18.918250085333067,19.152340354339664,18.918250085333067,19.037683486938477,108900,0.0,0.0
2003-10-30 00:00:00-05:00,18.98990868456219,19.41509125409024,18.98990868456219,19.352985382080078,175100,0.0,0.0
2003-10-31 00:00:00-05:00,19.305201702177694,19.43896643692406,19.052003647862694,19.109331130981445,298600,0.0,0.0
2003-11-03 00:00:00-05:00,19.157103600943135,19.443744659423828,19.157103600943135,19.443744659423828,237000,0.0,0.0
2003-11-04 00:00:00-05:00,19.419873542898337,19.52497370634309,19.300440130758517,19.46286964416504,214800,0.0,0.0
2003-11-05 00:00:00-05:00,19.41508671564916,19.58707104568442,19.338649438123312,19.56318473815918,123800,0.0,0.0
2003-11-06 00:00:00-05:00,19.51540956457554,19.82116048555439,19.491523257951293,19.754276275634766,219100,0.0,0.0
2003-11-07 00:00:00-05:00,20.542537689208984,20.939057314710226,20.49476507470908,20.542537689208984,505400,0.0,0.0
2003-11-10 00:00:00-05:00,20.54254322787254,21.020276791311435,20.423109837012813,20.94861602783203,300200,0.0,0.0
2003-11-11 00:00:00-05:00,20.70974984638574,20.733637983177218,20.408779004830002,20.427886962890625,380700,0.0,0.0
2003-11-12 00:00:00-05:00,20.44222641510504,20.709756133257613,20.399230307200586,20.661983489990234,232800,0.0,0.0
2003-11-13 00:00:00-05:00,20.54254029669925,21.20658956354205,20.52343051951029,20.996387481689453,104400,0.0,0.0
2003-11-14 00:00:00-05:00,20.99638268988009,21.144478873274274,20.934276839394137,21.005937576293945,192700,0.0,0.0
2003-11-17 00:00:00-05:00,21.02505299624519,21.02505299624519,20.690640964995442,20.78618621826172,470500,0.0,0.0
2003-11-18 00:00:00-05:00,20.88173386725348,20.919953427536434,20.80529656909651,20.89128875732422,326200,0.0,0.0
2003-11-19 00:00:00-05:00,20.819628203024585,21.044161723866594,20.814849847154807,20.943838119506836,228000,0.0,0.0
2003-11-20 00:00:00-05:00,20.781397374396775,20.905607223510742,20.690628708598403,20.905607223510742,257600,0.0,0.0
2003-11-21 00:00:00-05:00,20.867403070853815,20.996391357074177,20.566430403006297,20.609426498413086,309300,0.0,0.0
2003-11-24 00:00:00-05:00,20.65719667855676,20.78140658270856,20.614200592041016,20.614200592041016,184800,0.0,0.0
2003-11-25 00:00:00-05:00,20.709751047478683,20.876958902671646,20.6189823185973,20.85784912109375,483000,0.0,0.0
2003-11-26 00:00:00-05:00,20.953393054965282,21.058495015426196,20.68586162034151,21.0537166595459,188400,0.0,0.0
2003-11-28 00:00:00-05:00,21.101478762494008,21.249576739990495,20.986823792258186,21.21135902404785,55300,0.0,0.0
2003-12-01 00:00:00-05:00,21.306911460400013,21.71298599243164,21.268693731479587,21.71298599243164,204300,0.0,0.0
2003-12-02 00:00:00-05:00,21.71298441162847,21.78464333154036,21.550554975123113,21.6174373626709,263900,0.0,0.0
2003-12-03 00:00:00-05:00,21.55055761635113,21.684322407840863,21.531447839735854,21.665212631225586,252200,0.0,0.0
2003-12-04 00:00:00-05:00,21.61744200441855,21.660438094561258,21.49800862317867,21.53622817993164,204700,0.0,0.0
2003-12-05 00:00:00-05:00,21.53622355744049,21.564886396444315,21.3021333785951,21.340351104736328,132100,0.0,0.0
2003-12-08 00:00:00-05:00,21.378572988840983,21.846751575270705,21.378572988840983,21.741649627685547,172100,0.0,0.0
2003-12-09 00:00:00-05:00,21.80853345839891,21.875415852073584,21.689100091863118,21.856306076049805,178700,0.0,0.0
2003-12-10 00:00:00-05:00,21.784643100471506,21.884968503137415,21.622213665689035,21.67476463317871,297100,0.0,0.0
2003-12-11 00:00:00-05:00,21.626507140307858,21.887067910833107,21.626507140307858,21.87259292602539,147500,0.45,0.0
2003-12-12 00:00:00-05:00,21.824345835974817,21.988402457453073,21.805044623879752,21.925674438476562,114500,0.0,0.0
2003-12-15 00:00:00-05:00,21.665129150685623,21.858135871804198,21.665129150685623,21.689254760742188,548700,0.0,0.0
2003-12-16 00:00:00-05:00,21.761622899210334,21.8388259249557,21.472112012831545,21.834001541137695,194100,0.0,0.0
2003-12-17 00:00:00-05:00,21.809870637154074,21.83399623170807,21.689240823719224,21.776094436645508,96200,0.0,0.0
2003-12-18 00:00:00-05:00,21.689245953371465,21.727846545654177,21.472111869702086,21.58791732788086,257900,0.0,0.0
2003-12-19 00:00:00-05:00,21.616866459684125,21.616866459684125,21.399732384575234,21.525188446044922,213600,0.0,0.0
2003-12-22 00:00:00-05:00,21.496233227233194,21.515534439897714,21.38525401540964,21.467283248901367,182700,0.0,0.0
2003-12-23 00:00:00-05:00,21.370792784726124,21.423870233392254,21.216386665333463,21.23086166381836,211300,0.0,0.0
2003-12-24 00:00:00-05:00,21.11022475343338,21.346660080564664,21.11022475343338,21.24050521850586,124100,0.0,0.0
2003-12-26 00:00:00-05:00,21.226027346533098,21.274278546017477,21.172949922701115,21.192249298095703,83900,0.0,0.0
2003-12-29 00:00:00-05:00,21.071621318693616,21.419035875776018,21.071621318693616,21.288755416870117,274500,0.0,0.0
2003-12-30 00:00:00-05:00,21.288749792752,21.501059450731802,21.254973590921566,21.467283248901367,264600,0.0,0.0
2003-12-31 00:00:00-05:00,21.56379064009674,21.703721703422634,20.93651580810547,20.93651580810547,298300,0.0,0.0
2004-01-02 00:00:00-05:00,21.042679320850187,21.259813501454282,21.004076870668953,21.23086166381836,335300,0.0,0.0
2004-01-05 00:00:00-05:00,21.230851275758447,21.49141216499332,21.0040665935727,21.168123245239258,376000,0.0,0.0
2004-01-06 00:00:00-05:00,21.047485539187704,21.2115421295166,20.975108768570703,21.2115421295166,215500,0.0,0.0
2004-01-07 00:00:00-05:00,21.1632988616602,21.254976874984216,21.047493408445177,21.168123245239258,300400,0.0,0.0
2004-01-08 00:00:00-05:00,21.182593945793766,21.32252311706543,21.037836711010108,21.32252311706543,299600,0.0,0.0
2004-01-09 00:00:00-05:00,21.322528615267846,21.54448890686035,21.21154938980418,21.54448890686035,259700,0.0,0.0
2004-01-12 00:00:00-05:00,21.544485264926692,21.587912071085864,21.39490363467514,21.515533447265625,140300,0.0,0.0
2004-01-13 00:00:00-05:00,21.515534439897714,21.515534439897714,21.33217660091469,21.467283248901367,301200,0.0,0.0
2004-01-14 00:00:00-05:00,21.346650892403353,21.626511080100737,21.28874726129515,21.55413246154785,142600,0.0,0.0
2004-01-15 00:00:00-05:00,21.616871531047618,21.713375791587808,21.496241665538797,21.70855140686035,189000,0.0,0.0
2004-01-16 00:00:00-05:00,21.708546216594467,21.708546216594467,21.428684112006316,21.443159103393555,251500,0.0,0.0
2004-01-20 00:00:00-05:00,21.322526781252613,21.59273824653016,21.303227408541016,21.530010223388672,158000,0.0,0.0
2004-01-21 00:00:00-05:00,21.520368467089266,21.713376998901367,21.327361775942943,21.713376998901367,190900,0.0,0.0
2004-01-22 00:00:00-05:00,21.640997406185992,21.964286406931777,21.59757058043404,21.843656539916992,216100,0.0,0.0
2004-01-23 00:00:00-05:00,21.713371961349186,22.094562710874776,21.51553909043906,22.065610885620117,275900,0.0,0.0
2004-01-26 00:00:00-05:00,22.065617325151475,22.663942337036133,21.978763664705866,22.663942337036133,343600,0.0,0.0
2004-01-27 00:00:00-05:00,22.567433246103874,22.7749167416754,22.41302718065513,22.63016128540039,536600,0.0,0.0
2004-01-28 00:00:00-05:00,22.55777979290941,22.702535230934068,22.388898755324856,22.485401153564453,300700,0.0,0.0
2004-01-29 00:00:00-05:00,22.388906359180332,22.68324171883947,22.19107343053553,22.663942337036133,256700,0.0,0.0
2004-01-30 00:00:00-05:00,22.615683578048156,22.98239934982805,22.485403120231517,22.924495697021484,308400,0.0,0.0
2004-02-02 00:00:00-05:00,22.97273805813593,23.291200637817383,22.92448503656931,23.291200637817383,285900,0.0,0.0
2004-02-03 00:00:00-05:00,23.2912057777079,23.2912057777079,22.799035893103955,22.910015106201172,332300,0.0,0.0
2004-02-04 00:00:00-05:00,22.93896987933202,22.96791986172392,22.408197500609596,22.49022674560547,207600,0.0,0.0
2004-02-05 00:00:00-05:00,22.466105502857356,22.67841339111328,22.3647750228423,22.67841339111328,161400,0.0,0.0
2004-02-06 00:00:00-05:00,22.64462431023347,23.28154945373535,22.485392104025742,23.28154945373535,232100,0.0,0.0
2004-02-09 00:00:00-05:00,23.281548010888077,23.426303381683,23.064414034363494,23.305673599243164,124800,0.0,0.0
2004-02-10 00:00:00-05:00,23.305675623955086,23.426305416874797,23.001688030411337,23.291200637817383,407300,0.0,0.0
2004-02-11 00:00:00-05:00,23.33946353373288,23.619325677299642,23.112680660864303,23.5228214263916,328800,0.0,0.0
2004-02-12 00:00:00-05:00,23.52282017469406,23.52282017469406,22.85211851960412,23.160930633544922,246300,0.0,0.0
2004-02-13 00:00:00-05:00,23.28156014163594,23.334637568071514,22.89554500482997,23.300861358642578,180500,0.0,0.0
2004-02-17 00:00:00-05:00,23.300866200806734,23.48422227847703,23.300866200806734,23.416669845581055,230900,0.0,0.0
2004-02-18 00:00:00-05:00,23.522817937626314,23.522817937626314,23.353936904083803,23.38288688659668,234300,0.0,0.0
2004-02-19 00:00:00-05:00,23.353938785078153,23.36841377750045,23.112679094491252,23.300861358642578,840900,0.0,0.0
2004-02-20 00:00:00-05:00,23.35394534368557,23.35394534368557,23.16093680074633,23.185062408447266,161400,0.0,0.0
2004-02-23 00:00:00-05:00,23.160935782297976,23.257440049524043,23.006529691002587,23.15128517150879,134400,0.0,0.0
2004-02-24 00:00:00-05:00,23.16092960502722,23.16092960502722,22.8714187212305,23.127153396606445,269500,0.0,0.0
2004-02-25 00:00:00-05:00,23.127154423624233,23.20918183609865,22.99204958394148,23.160930633544922,229100,0.0,0.0
2004-02-26 00:00:00-05:00,23.08854716959465,23.25743002461124,22.9920447846309,23.0306453704834,179700,0.0,0.0
2004-02-27 00:00:00-05:00,23.016170380871838,23.209176991464354,22.972743571372146,23.0306453704834,194300,0.0,0.0
2004-03-01 00:00:00-05:00,22.958278477722452,23.233314442883977,22.823171767339637,23.15128517150879,287800,0.0,0.0
2004-03-02 00:00:00-05:00,23.15127050281716,23.35392951965332,23.04029131005685,23.35392951965332,307700,0.0,0.0
2004-03-03 00:00:00-05:00,23.35393700559804,23.730301505223164,23.35393700559804,23.643447875976562,220200,0.0,0.0
2004-03-04 00:00:00-05:00,23.69169321947291,23.8605760526805,23.50833723918778,23.75442123413086,150900,0.0,0.0
2004-03-05 00:00:00-05:00,23.74960628435598,24.1259708404541,23.56624839058219,24.1259708404541,160200,0.0,0.0
2004-03-08 00:00:00-05:00,23.643445375909014,23.78820079579178,23.49868995602625,23.73029899597168,423000,0.0,0.0
2004-03-09 00:00:00-05:00,23.73030923669338,23.812336668448385,23.701357403956766,23.807512283325195,116400,0.0,0.0
2004-03-10 00:00:00-05:00,23.807514004929562,23.884717057144197,23.315343856811523,23.315343856811523,250500,0.0,0.0
2004-03-11 00:00:00-05:00,23.368919986935975,23.368919986935975,23.013369735669226,23.02798080444336,169400,0.45,0.0
2004-03-12 00:00:00-05:00,23.04745275121763,23.456579208374023,23.04745275121763,23.456579208374023,209000,0.0,0.0
2004-03-15 00:00:00-05:00,23.427360102724684,23.427360102724684,23.125386325149957,23.17896270751953,101400,0.0,0.0
2004-03-16 00:00:00-05:00,23.300728550645427,23.427362127032254,23.096164332828238,23.139999389648438,168400,0.0,0.0
2004-03-17 00:00:00-05:00,23.232535753635627,23.685497283935547,23.164348316036644,23.685497283935547,244900,0.0,0.0
2004-03-18 00:00:00-05:00,23.680623072947924,23.841352179205966,23.558859274134786,23.773164749145508,352400,0.0,0.0
2004-03-19 00:00:00-05:00,23.81700665807707,23.860841712607268,23.622183780616478,23.787782669067383,328800,0.0,0.0
2004-03-22 00:00:00-05:00,23.739071331207555,23.855963539068913,23.583211957445503,23.65627098083496,196300,0.0,0.0
2004-03-23 00:00:00-05:00,23.534512799255506,23.57834785216097,23.20818662826817,23.437101364135742,220900,0.0,0.0
2004-03-24 00:00:00-05:00,23.36404337177718,23.524770654882765,23.19844449520167,23.30559539794922,279100,0.0,0.0
2004-03-25 00:00:00-05:00,23.378655591056923,23.748816820409132,23.305596549147424,23.65140724182129,328800,0.0,0.0
2004-03-26 00:00:00-05:00,23.65139599523385,23.851088509131987,23.534501955357218,23.573467254638672,221200,0.0,0.0
2004-03-29 00:00:00-05:00,23.61243198397443,23.743937089271153,23.52476191377662,23.622173309326172,236800,0.0,0.0
2004-03-30 00:00:00-05:00,23.695238835146174,23.695238835146174,23.451711208301788,23.607568740844727,270500,0.0,0.0
2004-03-31 00:00:00-05:00,23.583219194806116,23.773172342319047,23.524773072939137,23.70011329650879,489900,0.0,0.0
2004-04-01 00:00:00-05:00,23.821886156869937,24.0800249960251,23.670898272060064,24.07515525817871,581400,0.0,0.0
2004-04-02 00:00:00-05:00,24.133585614300287,24.255349418467258,23.87544694401613,24.15793800354004,380800,0.0,0.0
2004-04-05 00:00:00-04:00,24.021573725998792,24.084891452306813,22.81854621599145,23.222803115844727,539700,0.0,0.0
2004-04-06 00:00:00-04:00,23.222794826043277,23.256888545430524,21.61551284790039,21.61551284790039,946100,0.0,0.0
2004-04-07 00:00:00-04:00,21.566808768518555,22.691907215812904,21.37198775716539,22.521438598632812,1072100,0.0,0.0
2004-04-08 00:00:00-04:00,22.477596623466376,22.555525375601494,21.917482440142205,21.990541458129883,260800,0.0,0.0
2004-04-12 00:00:00-04:00,21.86878113829068,21.86878113829068,20.96772782460232,21.333019256591797,651800,0.0,0.0
2004-04-13 00:00:00-04:00,21.333011831537377,21.571669634877257,20.621911870678584,20.957979202270508,547300,0.0,0.0
2004-04-14 00:00:00-04:00,20.836221047414796,21.259960412933758,20.699846184747447,20.738811492919922,604200,0.0,0.0
2004-04-15 00:00:00-04:00,20.821610528246445,21.16254955176459,20.704716458652037,21.06026840209961,565700,0.0,0.0
2004-04-16 00:00:00-04:00,20.98720592403963,21.240474818192222,20.92875982784069,21.016429901123047,403500,0.0,0.0
2004-04-19 00:00:00-04:00,21.016436795989904,21.201516471000314,20.553733892526854,21.17716407775879,378700,0.0,0.0
2004-04-20 00:00:00-04:00,21.016430810168924,21.084618235011714,20.4660579614167,20.480669021606445,538400,0.0,0.0
2004-04-21 00:00:00-04:00,20.475801053010798,20.836220860532773,20.134862041432182,20.446577072143555,507700,0.0,0.0
2004-04-22 00:00:00-04:00,20.495286442455836,20.870317361483245,20.358909704841118,20.57808494567871,569800,0.0,0.0
2004-04-23 00:00:00-04:00,20.699851819578168,20.70959314927303,20.358912712132557,20.59269905090332,373300,0.0,0.0
2004-04-26 00:00:00-04:00,20.495285449833165,20.87031635069717,20.495285449833165,20.597566604614258,321500,0.0,0.0
2004-04-27 00:00:00-04:00,20.69498098018351,20.79726214957259,20.485547047833357,20.72420310974121,333600,0.0,0.0
2004-04-28 00:00:00-04:00,20.72419618309636,20.7388091009597,20.4660575491153,20.636526107788086,168000,0.0,0.0
2004-04-29 00:00:00-04:00,20.636529670660536,20.77290639911199,19.91568814987069,20.38326072692871,409400,0.0,0.0
2004-04-30 00:00:00-04:00,20.378394447371114,20.55373465798975,20.149477854844722,20.354042053222656,465000,0.0,0.0
2004-05-03 00:00:00-04:00,20.354033857313215,20.870311094059343,20.17869371729837,20.845958709716797,438000,0.0,0.0
2004-05-04 00:00:00-04:00,20.748550867257123,21.58141667494343,20.748550867257123,21.29405403137207,590800,0.0,0.0
2004-05-05 00:00:00-04:00,21.294056977186056,21.35737282448409,21.074881734316385,21.089492797851562,263500,0.0,0.0
2004-05-06 00:00:00-04:00,21.08948826266912,21.26482841925889,20.597563363763836,21.104101181030273,136200,0.0,0.0
2004-05-07 00:00:00-04:00,21.00668594203296,21.011555675285777,20.251750946044922,20.251750946044922,738200,0.0,0.0
2004-05-10 00:00:00-04:00,20.212791880382657,20.334555686890987,19.657549219979593,20.056934356689453,679800,0.0,0.0
2004-05-11 00:00:00-04:00,20.06180275278349,20.397872025421314,19.852368870926558,19.935169219970703,276300,0.0,0.0
2004-05-12 00:00:00-04:00,20.032584744384643,20.042326073212077,19.23868409564945,19.672163009643555,607600,0.0,0.0
2004-05-13 00:00:00-04:00,19.62345350717155,19.969262236575528,19.59910111994007,19.65267562866211,296300,0.0,0.0
2004-05-14 00:00:00-04:00,19.67702279046971,19.954643992499427,19.530904803744694,19.8280086517334,198000,0.0,0.0
2004-05-17 00:00:00-04:00,19.706250529309408,20.139729306872585,19.43350083985909,19.94003677368164,279400,0.0,0.0
2004-05-18 00:00:00-04:00,19.866985186490876,20.568344116210938,19.866985186490876,20.568344116210938,413900,0.0,0.0
2004-05-19 00:00:00-04:00,20.50502458912732,20.84596362420364,20.45631980895996,20.45631980895996,546400,0.0,0.0
2004-05-20 00:00:00-04:00,20.456320112434682,20.88979897944706,20.456320112434682,20.85570526123047,219900,0.0,0.0
2004-05-21 00:00:00-04:00,20.855709036424415,21.284318246119774,20.72420387465532,20.782649993896484,285800,0.0,0.0
2004-05-24 00:00:00-04:00,20.880055937201295,21.259960257227917,20.85570354875593,21.22099494934082,210900,0.0,0.0
2004-05-25 00:00:00-04:00,21.34276137031059,21.67882883124741,21.216127820063903,21.649606704711914,268500,0.0,0.0
2004-05-26 00:00:00-04:00,21.66908995649278,22.355837818473688,21.435301789974307,22.263296127319336,383100,0.0,0.0
2004-05-27 00:00:00-04:00,22.69677293206499,22.69677293206499,22.092825488464705,22.156143188476562,307900,0.0,0.0
2004-05-28 00:00:00-04:00,22.15614959168955,22.511699788719092,22.15614959168955,22.399677276611328,1033100,0.0,0.0
2004-06-01 00:00:00-04:00,22.404545395986503,22.404545395986503,21.893137666150107,22.2097225189209,319600,0.0,0.0
2004-06-02 00:00:00-04:00,22.33148562931623,22.740612171528173,22.282780840611622,22.701648712158203,436000,0.0,0.0
2004-06-03 00:00:00-04:00,22.77470091705974,23.037711177699766,22.526303576211838,22.945171356201172,366300,0.0,0.0
2004-06-04 00:00:00-04:00,22.945185177327023,23.398146946394377,22.945185177327023,23.300735473632812,541800,0.0,0.0
2004-06-07 00:00:00-04:00,23.110776495065966,23.183833682044938,22.84776616281681,23.081552505493164,268400,0.0,0.0
2004-06-08 00:00:00-04:00,23.037723180173312,23.159487046725992,22.813678111628978,23.154617309570312,244000,0.0,0.0
2004-06-09 00:00:00-04:00,23.086422345040656,23.154609790893524,22.711389534881327,22.784446716308594,651400,0.0,0.0
2004-06-10 00:00:00-04:00,22.881852832373358,22.881852832373358,22.56526807048407,22.628583908081055,217100,0.0,0.0
2004-06-14 00:00:00-04:00,22.230212217907045,22.230212217907045,21.959712227792714,22.161357879638672,489400,0.45,0.0
2004-06-15 00:00:00-04:00,22.176120084987012,22.59908474996326,22.176120084987012,22.510557174682617,285900,0.0,0.0
2004-06-16 00:00:00-04:00,22.510548260922224,22.540058066377338,22.353166384108214,22.49579429626465,298200,0.0,0.0
2004-06-17 00:00:00-04:00,22.446613234836516,22.68760530994727,22.38759549494536,22.67776870727539,214000,0.0,0.0
2004-06-18 00:00:00-04:00,22.67776932567302,22.776133478933975,22.525304794311523,22.525304794311523,251300,0.0,0.0
2004-06-21 00:00:00-04:00,22.746623289138874,23.08106027894067,22.746623289138874,22.99253273010254,253800,0.0,0.0
2004-06-22 00:00:00-04:00,22.992527084228335,23.189255339148197,22.967936521398276,23.03679084777832,276700,0.0,0.0
2004-06-23 00:00:00-04:00,23.115489674980523,23.21385383605957,22.967944371432118,23.21385383605957,170600,0.0,0.0
2004-06-24 00:00:00-04:00,23.14007004211002,23.3466348769009,23.11547948171907,23.18433380126953,271200,0.0,0.0
2004-06-25 00:00:00-04:00,23.11548953047797,23.189263119861153,22.80564308166504,22.80564308166504,489000,0.0,0.0
2004-06-28 00:00:00-04:00,22.75645078176996,23.307287183691674,22.75645078176996,23.169578552246094,176000,0.0,0.0
2004-06-29 00:00:00-04:00,23.0663076915593,23.115488832235613,22.456451416015625,22.456451416015625,344500,0.0,0.0
2004-06-30 00:00:00-04:00,22.456453743776567,22.7810541838519,22.441699775272376,22.628589630126953,499400,0.0,0.0
2004-07-01 00:00:00-04:00,22.726951474080835,22.78597109434399,22.47612465445334,22.776134490966797,232600,0.0,0.0
2004-07-02 00:00:00-04:00,22.86466888579714,23.21877733261576,22.86466888579714,23.204023361206055,280600,0.0,0.0
2004-07-06 00:00:00-04:00,23.204014976715932,23.204014976715932,22.71219609526988,23.13024139404297,212200,0.0,0.0
2004-07-07 00:00:00-04:00,23.361403186995297,23.58763948337455,23.21385785788451,23.572885513305664,326200,0.0,0.0
2004-07-08 00:00:00-04:00,23.597474525707938,23.597474525707938,23.272874072709424,23.336811065673828,293900,0.0,0.0
2004-07-09 00:00:00-04:00,23.459767684385916,23.533539411874965,22.73679312292107,23.110576629638672,419900,0.0,0.0
2004-07-12 00:00:00-04:00,23.13516535814658,23.361401639539977,22.99253740312619,23.336811065673828,208800,0.0,0.0
2004-07-13 00:00:00-04:00,23.33681083872637,23.371238017032283,23.066310776548278,23.15975570678711,186900,0.0,0.0
2004-07-14 00:00:00-04:00,23.213846981152596,23.425329208374023,23.11548284911988,23.425329208374023,151400,0.0,0.0
2004-07-15 00:00:00-04:00,23.523706991067012,23.730270099677213,23.523706991067012,23.64666175842285,151600,0.0,0.0
2004-07-16 00:00:00-04:00,23.769611372713268,23.853219695841997,23.60731021444156,23.631900787353516,156300,0.0,0.0
2004-07-19 00:00:00-04:00,23.6318968285666,23.833542494489897,23.48435153967104,23.818788528442383,99400,0.0,0.0
2004-07-20 00:00:00-04:00,23.89256471898581,24.09912777075924,23.6318994081389,23.710590362548828,259300,0.0,0.0
2004-07-21 00:00:00-04:00,23.80894793396474,23.80894793396474,23.307292534913675,23.454837799072266,142000,0.0,0.0
2004-07-22 00:00:00-04:00,23.405664430750043,23.405664430750043,22.904008865356445,22.904008865356445,221900,0.0,0.0
2004-07-23 00:00:00-04:00,22.820400986152947,22.967946302103925,22.574491500854492,22.574491500854492,152900,0.0,0.0
2004-07-26 00:00:00-04:00,22.57448906410647,22.677770586509634,22.249888653596322,22.35808753967285,186100,0.0,0.0
2004-07-27 00:00:00-04:00,22.451536424716235,22.687609301959334,22.338416412155574,22.490880966186523,227600,0.0,0.0
2004-07-28 00:00:00-04:00,22.51054463613598,22.99744415283203,22.25971602050739,22.99744415283203,274800,0.0,0.0
2004-07-29 00:00:00-04:00,22.997451689961604,23.189262643186986,22.766298075183787,22.771215438842773,215400,0.0,0.0
2004-07-30 00:00:00-04:00,22.844991057832253,23.179428100585938,22.795808036168214,23.179428100585938,162700,0.0,0.0
2004-08-02 00:00:00-04:00,23.066306484655858,23.263032913208008,22.918759318066545,23.263032913208008,247400,0.0,0.0
2004-08-03 00:00:00-04:00,23.28762454920469,23.607307589941243,23.223689441969576,23.55812644958496,156100,0.0,0.0
2004-08-04 00:00:00-04:00,23.459761586220985,23.804035186767578,23.336806862892928,23.804035186767578,196100,0.0,0.0
2004-08-05 00:00:00-04:00,23.74501954587924,23.74501954587924,23.341728135905853,23.4351749420166,192500,0.0,0.0
2004-08-06 00:00:00-04:00,23.385991305953084,23.867973664361077,23.385991305953084,23.631900787353516,246900,0.0,0.0
2004-08-09 00:00:00-04:00,23.681074497126946,23.681074497126946,23.361391546560235,23.39581871032715,332800,0.0,0.0
2004-08-10 00:00:00-04:00,23.48435460527738,23.63681915351799,23.410581013129256,23.607309341430664,355400,0.0,0.0
2004-08-11 00:00:00-04:00,23.626982549488883,23.63681915351799,23.454844793190055,23.607309341430664,198700,0.0,0.0
2004-08-12 00:00:00-04:00,23.558128776669232,23.577800109070743,23.35156383925973,23.410581588745117,98600,0.0,0.0
2004-08-13 00:00:00-04:00,23.43517090868597,23.479434683925504,23.331887515700267,23.440088272094727,123500,0.0,0.0
2004-08-16 00:00:00-04:00,23.479436117442035,23.863054275512695,23.479436117442035,23.863054275512695,237700,0.0,0.0
2004-08-17 00:00:00-04:00,23.91715176403969,24.089287615137277,23.91715176403969,24.06961441040039,217300,0.0,0.0
2004-08-18 00:00:00-04:00,24.06961848307966,24.467992503777836,23.990927526957343,24.428646087646484,166400,0.0,0.0
2004-08-19 00:00:00-04:00,24.345037567338785,24.40405531491,24.04994695334234,24.113882064819336,237100,0.0,0.0
2004-08-20 00:00:00-04:00,24.246673879682948,24.467992782592773,24.217165943388576,24.467992782592773,490400,0.0,0.0
2004-08-23 00:00:00-04:00,24.46799324896103,24.846694073127026,24.320447936255682,24.82210350036621,393300,0.0,0.0
2004-08-24 00:00:00-04:00,24.787681579059523,25.215563639471927,24.787681579059523,25.195890426635742,358100,0.0,0.0
2004-08-25 00:00:00-04:00,25.156534580632723,25.23030628143018,24.935215725960354,25.008987426757812,243100,0.0,0.0
2004-08-26 00:00:00-04:00,24.935215725960354,25.023743267829303,24.812261015157926,25.008987426757812,246100,0.0,0.0
2004-08-27 00:00:00-04:00,24.935219405260497,25.136865085684576,24.910628834699565,24.92046356201172,286100,0.0,0.0
2004-08-30 00:00:00-04:00,24.974559308738456,25.00898647636363,24.876197044746483,24.94013214111328,272300,0.0,0.0
2004-08-31 00:00:00-04:00,24.99423346182632,25.008987426757812,24.851605547021904,25.008987426757812,326300,0.0,0.0
2004-09-01 00:00:00-04:00,24.98439870906527,25.146699839884523,24.738489269259237,25.102436065673828,219600,0.0,0.0
2004-09-02 00:00:00-04:00,25.127030426132826,25.48605803729063,25.127030426132826,25.422121047973633,194800,0.0,0.0
2004-09-03 00:00:00-04:00,25.34834310461807,25.559825352911986,25.264732927410265,25.48113441467285,196900,0.0,0.0
2004-09-07 00:00:00-04:00,25.407363232721824,25.864754940618372,25.407363232721824,25.83524513244629,168500,0.0,0.0
2004-09-08 00:00:00-04:00,25.761466047014675,25.904092055308407,25.57457440107237,25.599164962768555,330100,0.0,0.0
2004-09-09 00:00:00-04:00,25.52540594883244,25.52540594883244,25.048340935318627,25.06801414489746,503600,0.0,0.0
2004-09-10 00:00:00-04:00,24.945057342773286,25.195884177733433,24.79751015923633,25.1171932220459,278500,0.0,0.0
2004-09-13 00:00:00-04:00,25.057651109597224,25.256128311157227,25.057651109597224,25.256128311157227,336100,0.45,0.0
2004-09-14 00:00:00-04:00,25.23627463244677,25.241235709620334,24.745044708251953,24.745044708251953,224900,0.0,0.0
2004-09-15 00:00:00-04:00,24.74504772812861,25.07253375328528,24.71527747581717,24.97825813293457,211900,0.0,0.0
2004-09-16 00:00:00-04:00,25.05764453392518,25.672922183043827,25.008026192965552,25.667959213256836,260200,0.0,0.0
2004-09-17 00:00:00-04:00,25.717589153865962,25.737435362049528,25.49430274963379,25.49430274963379,292100,0.0,0.0
2004-09-20 00:00:00-04:00,25.42483102457246,25.5042215193257,25.12711524963379,25.12711524963379,212300,0.0,0.0
2004-09-21 00:00:00-04:00,25.2511674775232,25.31567285741327,25.102310510162223,25.236282348632812,181100,0.0,0.0
2004-09-22 00:00:00-04:00,25.112238387525064,25.181704856692434,24.883990876598183,24.913761138916016,115800,0.0,0.0
2004-09-23 00:00:00-04:00,24.809556519427478,24.908795124068977,24.521764755249023,24.521764755249023,229600,0.0,0.0
2004-09-24 00:00:00-04:00,24.467188663453932,24.735130471926162,24.467188663453932,24.561464309692383,205400,0.0,0.0
2004-09-27 00:00:00-04:00,24.685516000471697,24.75002139639204,24.323296595844322,24.397724151611328,126100,0.0,0.0
2004-09-28 00:00:00-04:00,24.323289047963666,24.61604188590178,24.2935168992039,24.556499481201172,175100,0.0,0.0
2004-09-29 00:00:00-04:00,24.556501093031372,24.581310272216797,24.422529254047227,24.581310272216797,156600,0.0,0.0
2004-09-30 00:00:00-04:00,24.56144686349889,24.814503361979927,24.472132359842558,24.58625602722168,280800,0.0,0.0
2004-10-01 00:00:00-04:00,24.6855067015524,25.355363915220778,24.611077281003116,25.022916793823242,269300,0.0,0.0
2004-10-04 00:00:00-04:00,25.05268754861387,25.419867874447892,25.042763500237452,25.142000198364258,227800,0.0,0.0
2004-10-05 00:00:00-04:00,25.107268084124257,25.305745274779447,24.754972868889126,25.211469650268555,144300,0.0,0.0
2004-10-06 00:00:00-04:00,25.161851353653418,25.375213687634837,25.161851353653418,25.37025260925293,125900,0.0,0.0
2004-10-07 00:00:00-04:00,25.38512985363152,25.40497794663297,24.973292334352177,25.05764389038086,165000,0.0,0.0
2004-10-08 00:00:00-04:00,25.12214380923462,25.36031519525147,25.062599543116963,25.201534271240234,137600,0.0,0.0
2004-10-11 00:00:00-04:00,25.102305897677272,25.17177234349351,25.067572674769153,25.142000198364258,146900,0.0,0.0
2004-10-12 00:00:00-04:00,25.107263117562173,25.479406356811523,24.973293217112595,25.479406356811523,222700,0.0,0.0
2004-10-13 00:00:00-04:00,25.429795498160942,25.434756576637316,25.102309426970557,25.16681480407715,122900,0.0,0.0
2004-10-14 00:00:00-04:00,25.09237535101772,25.548871994018555,25.04771809129827,25.548871994018555,185100,0.0,0.0
2004-10-15 00:00:00-04:00,25.424835276232443,25.796978637523313,25.424835276232443,25.74239730834961,198700,0.0,0.0
2004-10-18 00:00:00-04:00,25.7424042092475,26.00042390271611,25.653089627169155,25.96072769165039,205200,0.0,0.0
2004-10-19 00:00:00-04:00,25.906139932841167,26.233626021761573,25.69774055480957,25.69774055480957,153500,0.0,0.0
2004-10-20 00:00:00-04:00,25.62330194926582,25.85154934618952,25.355358365319713,25.667959213256836,203800,0.0,0.0
2004-10-21 00:00:00-04:00,25.7672027276323,26.01529826562774,25.672927104608775,25.901174545288086,156200,0.0,0.0
2004-10-22 00:00:00-04:00,25.851548000325405,25.970634662374444,25.46451966109802,25.61833953857422,196400,0.0,0.0
2004-10-25 00:00:00-04:00,25.692772200435268,25.692772200435268,25.41986749898016,25.504220962524414,120800,0.0,0.0
2004-10-26 00:00:00-04:00,25.553834915161133,25.583607054729317,25.34543561663883,25.553834915161133,479700,0.0,0.0
2004-10-27 00:00:00-04:00,25.553829989201528,25.896201010555004,25.553829989201528,25.65306854248047,217600,0.0,0.0
2004-10-28 00:00:00-04:00,25.653083516539517,26.000417709350586,25.56873003452784,26.000417709350586,454100,0.0,0.0
2004-10-29 00:00:00-04:00,25.876365079041502,26.1492697892036,25.851554011265996,25.925983428955078,169900,0.0,0.0
2004-11-01 00:00:00-05:00,26.050039367732545,26.293173901338545,26.000421002255063,26.203859329223633,140500,0.0,0.0
2004-11-02 00:00:00-05:00,26.14430652505908,26.25346916502609,25.841631565473758,25.95079231262207,145900,0.0,0.0
2004-11-03 00:00:00-05:00,26.29813515896656,26.387449731686708,26.154239248159726,26.347753524780273,126900,0.0,0.0
2004-11-04 00:00:00-05:00,26.273314386933485,26.794314569442275,26.23361819753699,26.69507598876953,190900,0.0,0.0
2004-11-05 00:00:00-05:00,26.670269401650952,26.670269401650952,25.77712587467103,26.471792221069336,327000,0.0,0.0
2004-11-08 00:00:00-05:00,26.47179292793906,26.660346065244617,26.422174577878046,26.57599449157715,296500,0.0,0.0
2004-11-09 00:00:00-05:00,26.57600234095164,26.595848551146503,26.37256401710485,26.39737319946289,203800,0.0,0.0
2004-11-10 00:00:00-05:00,26.506524764137907,26.620650370378367,26.42217319488558,26.531335830688477,197400,0.0,0.0
2004-11-11 00:00:00-05:00,26.620640234899284,27.09202003479004,26.620640234899284,27.09202003479004,233500,0.0,0.0
2004-11-12 00:00:00-05:00,27.092028086870705,27.885934829711914,27.092028086870705,27.885934829711914,265600,0.0,0.0
2004-11-15 00:00:00-05:00,27.836315795666174,28.307697648831557,27.796621497860098,28.27792739868164,251000,0.0,0.0
2004-11-16 00:00:00-05:00,28.03478891167765,28.287845465473993,28.03478891167765,28.1340274810791,594100,0.0,0.0
2004-11-17 00:00:00-05:00,28.05960791279369,28.183655694806767,26.95310192437534,27.131731033325195,345000,0.0,0.0
2004-11-18 00:00:00-05:00,27.141645393545677,27.38974086900255,26.516443735416125,26.80919647216797,667000,0.0,0.0
2004-11-19 00:00:00-05:00,26.834008447884017,26.834008447884017,26.228654861450195,26.228654861450195,417700,0.0,0.0
2004-11-22 00:00:00-05:00,26.104612577729796,26.30805084135748,26.059955305576462,26.08476448059082,456800,0.0,0.0
2004-11-23 00:00:00-05:00,26.074845821876604,26.610733198488308,26.064921771255744,26.59584617614746,232100,0.0,0.0
2004-11-24 00:00:00-05:00,26.496603366549945,27.00271658217308,26.496603366549945,26.7943172454834,251200,0.0,0.0
2004-11-26 00:00:00-05:00,26.670262452226048,26.898509825447807,26.600796024968833,26.744691848754883,84500,0.0,0.0
2004-11-29 00:00:00-05:00,26.74470489800663,26.843941618040326,26.31798018771298,26.446989059448242,255100,0.0,0.0
2004-11-30 00:00:00-05:00,26.461867997370806,26.5015622946935,26.24850570740807,26.486677169799805,267000,0.0,0.0
2004-12-01 00:00:00-05:00,26.496605865325435,27.1168447489443,26.347747019001822,27.067224502563477,211900,0.0,0.0
2004-12-02 00:00:00-05:00,27.017607382379264,27.116845986852383,26.719891568959902,26.79928207397461,229800,0.0,0.0
2004-12-03 00:00:00-05:00,26.853850294048964,27.51874615882693,26.853850294048964,27.454242706298828,209400,0.0,0.0
2004-12-06 00:00:00-05:00,27.538604053997023,27.905786274223875,27.538604053997023,27.761890411376953,240200,0.0,0.0
2004-12-07 00:00:00-05:00,27.960364733024825,27.960364733024825,27.31531675067998,27.35004997253418,246300,0.0,0.0
2004-12-08 00:00:00-05:00,27.474097712469874,27.876013141516722,27.46417366440245,27.846240997314453,387400,0.0,0.0
2004-12-09 00:00:00-05:00,27.737078067497375,28.2382301520718,27.56837304928865,28.2034969329834,251000,0.0,0.0
2004-12-10 00:00:00-05:00,28.10426520489407,28.451599373278153,28.10426520489407,28.268009185791016,187800,0.0,0.0
2004-12-13 00:00:00-05:00,28.2680133879965,28.43305918185446,28.12297181516806,28.233003616333008,173800,0.45,0.0
2004-12-14 00:00:00-05:00,28.232984971876977,28.408033714596005,27.982914249199393,28.217979431152344,203000,0.0,0.0
2004-12-15 00:00:00-05:00,28.08294494279152,28.34801931740006,27.817868660294643,28.257993698120117,262300,0.0,0.0
2004-12-16 00:00:00-05:00,28.157976420550476,28.463063152976112,27.907905578613278,27.90790557861328,188900,0.0,0.0
2004-12-17 00:00:00-05:00,27.912898342440702,28.197978850330905,27.482776338848204,28.15796661376953,583300,0.0,0.0
2004-12-20 00:00:00-05:00,28.19799443460674,28.353037167248896,27.99293637862074,28.278017044067383,153600,0.0,0.0
2004-12-21 00:00:00-05:00,28.157971303044803,28.5580841958489,28.157971303044803,28.458057403564453,217600,0.0,0.0
2004-12-22 00:00:00-05:00,28.463054890825077,28.828157985125905,28.463054890825077,28.698122024536133,190700,0.0,0.0
2004-12-23 00:00:00-05:00,28.733137799489647,28.78315120068204,28.293012619018555,28.293012619018555,167400,0.0,0.0
2004-12-27 00:00:00-05:00,28.293010278476878,28.578090839045906,28.182978515489253,28.308013916015625,137800,0.0,0.0
2004-12-28 00:00:00-05:00,28.257993698120114,28.373026009891525,28.11795469385724,28.257993698120117,237900,0.0,0.0
2004-12-29 00:00:00-05:00,28.13295832777445,28.3180101416773,28.122955269200197,28.257993698120117,137700,0.0,0.0
2004-12-30 00:00:00-05:00,28.37803439352925,28.498067305601054,28.28300627125961,28.473060607910156,91100,0.0,0.0
2004-12-31 00:00:00-05:00,28.43304951907049,28.60810022578758,27.862888393871177,27.88289451599121,543200,0.0,0.0
2005-01-03 00:00:00-05:00,28.1329719327264,28.293017131534768,27.382759347853693,27.6578369140625,374300,0.0,0.0
2005-01-04 00:00:00-05:00,27.60780617463573,27.732841526959362,27.18268483200254,27.307720184326172,395700,0.0,0.0
2005-01-05 00:00:00-05:00,27.182695801341975,27.252717229525718,25.757292972798925,26.332456588745117,699900,0.0,0.0
2005-01-06 00:00:00-05:00,26.307453422726848,26.872614094389206,26.307453422726848,26.407482147216797,458100,0.0,0.0
2005-01-07 00:00:00-05:00,26.50750215417144,26.62253448174291,26.307444770984517,26.532508850097656,243000,0.0,0.0
2005-01-10 00:00:00-05:00,26.407480784932808,26.542519269844615,26.28244536274289,26.43248748779297,301200,0.0,0.0
2005-01-11 00:00:00-05:00,26.432483820559263,26.667550992187692,26.31745147705078,26.31745147705078,540700,0.0,0.0
2005-01-12 00:00:00-05:00,26.282433604800516,26.50749764563355,25.857314122695666,26.312442779541016,376900,0.0,0.0
2005-01-13 00:00:00-05:00,26.28244687799602,26.97264298248497,26.28244687799602,26.467498779296875,340500,0.0,0.0
2005-01-14 00:00:00-05:00,26.52251319822774,26.707566997124555,26.29244847882477,26.627544403076172,334700,0.0,0.0
2005-01-18 00:00:00-05:00,27.15768971773458,27.54279899597168,27.057661011665783,27.54279899597168,459700,0.0,0.0
2005-01-19 00:00:00-05:00,27.307729955154944,27.827877664825586,27.08766834316602,27.387752532958984,819900,0.0,0.0
2005-01-20 00:00:00-05:00,27.382756912521753,27.57781186197883,27.107679370777433,27.28272819519043,293700,0.0,0.0
2005-01-21 00:00:00-05:00,27.282725740027203,27.477780671931356,27.122680569855135,27.257719039916992,322200,0.0,0.0
2005-01-24 00:00:00-05:00,27.25770868867026,27.402750165273783,27.087660521452936,27.152679443359375,372300,0.0,0.0
2005-01-25 00:00:00-05:00,27.13268316789346,27.307731973563026,26.507506136375177,26.592529296875,426800,0.0,0.0
2005-01-26 00:00:00-05:00,26.587515837823318,26.787573154132296,26.52749940608581,26.73255729675293,425200,0.0,0.0
2005-01-27 00:00:00-05:00,26.557521757019718,26.672556019382803,26.25743751994737,26.36246681213379,503300,0.0,0.0
2005-01-28 00:00:00-05:00,26.487502401694922,26.657550645915695,26.442489575051507,26.5975341796875,374000,0.0,0.0
2005-01-31 00:00:00-05:00,26.58252815600277,26.83259896872946,25.887329693995902,26.262435913085938,479300,0.0,0.0
2005-02-01 00:00:00-05:00,26.407485238244536,26.53252068152021,26.352469337940928,26.49751091003418,484400,0.0,0.0
2005-02-02 00:00:00-05:00,26.557512677047267,27.297723770141598,26.557512677047267,27.2977237701416,401000,0.0,0.0
2005-02-03 00:00:00-05:00,27.297737611672087,27.557809642547333,27.282732061817825,27.302738189697266,263900,0.0,0.0
2005-02-04 00:00:00-05:00,27.407763621709794,27.682841163522635,27.407763621709794,27.632827758789062,321800,0.0,0.0
2005-02-07 00:00:00-05:00,27.607818319255337,27.75786042646928,27.452773727330545,27.507789611816406,220400,0.0,0.0
2005-02-08 00:00:00-05:00,27.53279909595562,27.67784064101494,27.52279603341128,27.652833938598633,258900,0.0,0.0
2005-02-09 00:00:00-05:00,27.65283502356645,27.877899169921875,27.50779347281638,27.877899169921875,325500,0.0,0.0
2005-02-10 00:00:00-05:00,27.807869449059982,27.822874992941617,27.592808429679746,27.8128719329834,224000,0.0,0.0
2005-02-11 00:00:00-05:00,27.7128452358711,28.042938606695838,27.47277750326118,28.0079288482666,204100,0.0,0.0
2005-02-14 00:00:00-05:00,27.827876594905792,28.07794737941485,27.77286071705161,27.9979248046875,274900,0.0,0.0
2005-02-15 00:00:00-05:00,28.042933500316167,28.20798110961914,27.932901760780855,28.20798110961914,285000,0.0,0.0
2005-02-16 00:00:00-05:00,28.192983438163868,28.508073202505727,28.007931567374047,28.46306037902832,247000,0.0,0.0
2005-02-17 00:00:00-05:00,28.58809448106178,28.593095057713395,28.45805850134256,28.508071899414062,359800,0.0,0.0
2005-02-18 00:00:00-05:00,28.508079548792367,28.513080126785752,28.182986650431097,28.333030700683594,344900,0.0,0.0
2005-02-22 00:00:00-05:00,28.30801931917627,28.313021804569882,27.76286479251191,27.837886810302734,476200,0.0,0.0
2005-02-23 00:00:00-05:00,27.88290095234944,28.017939445998113,27.792875289916992,27.792875289916992,378000,0.0,0.0
2005-02-24 00:00:00-05:00,27.7578610183318,27.76286159526036,27.30773277920327,27.37775421142578,532300,0.0,0.0
2005-02-25 00:00:00-05:00,27.377742201203798,27.702832979838238,27.352733603865055,27.6428165435791,539900,0.0,0.0
2005-02-28 00:00:00-05:00,27.657823351865616,27.70283616120122,27.067656255193626,27.2877197265625,735200,0.0,0.0
2005-03-01 00:00:00-05:00,27.332739228606137,27.82787834464946,27.3127331066942,27.782865524291992,333800,0.0,0.0
2005-03-02 00:00:00-05:00,27.682843988554037,27.902907570773053,27.44277618713362,27.79787826538086,353900,0.0,0.0
2005-03-03 00:00:00-05:00,27.757858228934996,28.152970542699624,27.682836227322912,28.06794548034668,174200,0.0,0.0
2005-03-04 00:00:00-05:00,28.38303176434848,29.398318457465162,28.37302870482411,28.98320198059082,727300,0.0,0.0
2005-03-07 00:00:00-05:00,29.00821170290142,29.753423498188372,29.00821170290142,29.363311767578125,395700,0.0,0.0
2005-03-08 00:00:00-05:00,29.363316173005213,29.378321720053385,29.12324840701353,29.233280181884766,216400,0.0,0.0
2005-03-09 00:00:00-05:00,29.23327785422203,29.23827843091392,28.463059307229095,28.58809471130371,378800,0.0,0.0
2005-03-10 00:00:00-05:00,28.743145901719622,29.083242431556485,28.583100700371606,28.908191680908203,414700,0.0,0.0
2005-03-11 00:00:00-05:00,29.00900800709243,29.00900800709243,28.701527332468473,28.71160888671875,347900,0.45,0.0
2005-03-14 00:00:00-05:00,28.530133919317347,29.119892120361325,28.37891450872065,29.119892120361328,296600,0.0,0.0
2005-03-15 00:00:00-05:00,29.150134428535676,29.5584266120423,29.11484804346894,29.361841201782227,454300,0.0,0.0
2005-03-16 00:00:00-05:00,29.361844146823287,29.46769754406383,29.261030563464075,29.321517944335938,394900,0.0,0.0
2005-03-17 00:00:00-05:00,29.387043719475546,29.739890259670545,29.387043719475546,29.71468734741211,653000,0.0,0.0
2005-03-18 00:00:00-05:00,29.689486215878787,29.79029787095906,29.588672637939453,29.588672637939453,396300,0.0,0.0
2005-03-21 00:00:00-05:00,29.513060008318963,29.518101744452654,29.01907562445857,29.160213470458984,257500,0.0,0.0
2005-03-22 00:00:00-05:00,29.210621957641433,29.407207368939943,28.48980750097424,28.550294876098633,306100,0.0,0.0
2005-03-23 00:00:00-05:00,28.525093527918397,29.029159501606397,28.167207148086096,28.600704193115234,489400,0.0,0.0
2005-03-24 00:00:00-05:00,28.62085914611816,29.175332750301422,28.58053487687972,28.620859146118164,297500,0.0,0.0
2005-03-28 00:00:00-05:00,28.681359114061383,29.039245549321905,28.58558533359773,28.595666885375977,310600,0.0,0.0
2005-03-29 00:00:00-05:00,28.630937886294006,28.812401887217415,28.509963167584058,28.58053207397461,265000,0.0,0.0
2005-03-30 00:00:00-05:00,28.580541092681532,28.68135467199095,28.47972751337211,28.600704193115234,362700,0.0,0.0
2005-03-31 00:00:00-05:00,28.605741456173284,28.993872452048574,28.4797249739875,28.701513290405273,365000,0.0,0.0
2005-04-01 00:00:00-05:00,28.98379077279749,29.00395387134297,28.187365685981387,28.36882972717285,368100,0.0,0.0
2005-04-04 00:00:00-04:00,28.177288452996397,28.404116600894,27.874847717701137,28.348670959472656,230700,0.0,0.0
2005-04-05 00:00:00-04:00,28.242816377216364,28.545257120357483,28.101678517465984,28.469646453857422,240500,0.0,0.0
2005-04-06 00:00:00-04:00,28.52005690583231,28.635991862011387,28.399080212551056,28.49485206604004,152800,0.0,0.0
2005-04-07 00:00:00-04:00,28.49483988560145,28.656140792453705,28.404107885139748,28.58053207397461,200700,0.0,0.0
2005-04-08 00:00:00-04:00,28.68136023308625,28.68136023308625,28.4394068266871,28.459569931030273,193300,0.0,0.0
2005-04-11 00:00:00-04:00,28.530143303501614,28.565427780151367,28.39404713520099,28.565427780151367,119600,0.0,0.0
2005-04-12 00:00:00-04:00,28.439400168239,29.05940298304529,28.32346522969852,29.03923988342285,190300,0.0,0.0
2005-04-13 00:00:00-04:00,29.0846047797567,29.306393098513293,28.968669845666277,29.064441680908203,247400,0.0,0.0
2005-04-14 00:00:00-04:00,28.88297807955732,28.983791652485582,28.56541599783392,28.61582374572754,170200,0.0,0.0
2005-04-15 00:00:00-04:00,28.620869028370844,28.80233310974667,28.429325318349107,28.681358337402344,211100,0.0,0.0
2005-04-18 00:00:00-04:00,28.73175892433079,28.82249094844687,28.42932012584985,28.550294876098633,211000,0.0,0.0
2005-04-19 00:00:00-04:00,28.550287287087386,28.83256483406674,28.550287287087386,28.756954193115234,182400,0.0,0.0
2005-04-20 00:00:00-04:00,28.756962163116974,28.756962163116974,28.414197162094066,28.499889373779297,168000,0.0,0.0
2005-04-21 00:00:00-04:00,28.429319150256756,28.76200258631287,28.36379004111965,28.701513290405273,284800,0.0,0.0
2005-04-22 00:00:00-04:00,28.721677895067792,28.756962358101248,28.42427890460081,28.530132293701172,700500,0.0,0.0
2005-04-25 00:00:00-04:00,28.530137543259457,28.983797755533292,28.530137543259457,28.882984161376953,349700,0.0,0.0
2005-04-26 00:00:00-04:00,28.88298694599691,29.034206390380856,28.7065645813589,29.03420639038086,242700,0.0,0.0
2005-04-27 00:00:00-04:00,28.983797710549492,29.271115203590536,28.888025853822267,29.200546264648438,155800,0.0,0.0
2005-04-28 00:00:00-04:00,29.220700575298796,29.255985034152495,29.044276358171505,29.114845275878906,155700,0.0,0.0
2005-04-29 00:00:00-04:00,29.084606671101845,29.60379400162968,29.084606671101845,29.588672637939453,388600,0.0,0.0
2005-05-02 00:00:00-04:00,29.538261733412625,29.58866947842923,29.135009387574076,29.487855911254883,260300,0.0,0.0
2005-05-03 00:00:00-04:00,29.311442926308928,29.689492481216476,29.14510019917706,29.56851577758789,325800,0.0,0.0
2005-05-04 00:00:00-04:00,29.5433067957495,30.14314460754394,29.50298059519572,30.143144607543945,204200,0.0,0.0
2005-05-05 00:00:00-04:00,30.243959602318775,30.647212012444523,30.143146019072542,30.27420425415039,245500,0.0,0.0
2005-05-06 00:00:00-04:00,29.991918826878106,30.284277950179497,29.770130539547118,29.830617904663086,442600,0.0,0.0
2005-05-09 00:00:00-04:00,29.739886954583564,30.616962432861328,29.739886954583564,30.616962432861328,226900,0.0,0.0
2005-05-10 00:00:00-04:00,30.369979468063182,30.64721541058566,30.228841589584697,30.627052307128906,246200,0.0,0.0
2005-05-11 00:00:00-04:00,30.748029740483233,30.989981219173412,30.45063068739041,30.969818115234375,547300,0.0,0.0
2005-05-12 00:00:00-04:00,30.848847909560636,30.97486444356794,30.742994482480828,30.884132385253906,343600,0.0,0.0
2005-05-13 00:00:00-04:00,30.8992575250429,30.989989594430106,30.541370986271104,30.64722442626953,342300,0.0,0.0
2005-05-16 00:00:00-04:00,30.672414013986646,31.075668334960938,30.667374200261065,31.075668334960938,303900,0.0,0.0
2005-05-17 00:00:00-04:00,31.000067092200666,31.332750662129406,30.87405055930554,31.282344818115234,250400,0.0,0.0
2005-05-18 00:00:00-04:00,31.28232204576982,31.478907386321985,31.110939608877985,31.201671600341797,327800,0.0,0.0
2005-05-19 00:00:00-04:00,31.196638393066404,31.957778982520324,31.171435482517207,31.655338287353516,349600,0.0,0.0
2005-05-20 00:00:00-04:00,31.630138525887144,31.766236563833246,31.468837574882656,31.756155014038086,156100,0.0,0.0
2005-05-23 00:00:00-04:00,31.630133997208638,31.942654304677024,31.630133997208638,31.841840744018555,141600,0.0,0.0
2005-05-24 00:00:00-04:00,31.756159010025645,31.796485214280658,31.312580377516756,31.357946395874023,312100,0.0,0.0
2005-05-25 00:00:00-04:00,31.151284105294252,31.29242391861807,30.748031616210938,30.748031616210938,222100,0.0,0.0
2005-05-26 00:00:00-04:00,30.74801090105112,31.151263118460466,30.34475868364177,30.395164489746094,245000,0.0,0.0
2005-05-27 00:00:00-04:00,30.37501389928731,30.581680865943998,30.31956825889667,30.46574592590332,288500,0.0,0.0
2005-05-31 00:00:00-04:00,30.440552269280484,30.64721929878346,30.309495925903317,30.30949592590332,934700,0.0,0.0
2005-06-01 00:00:00-04:00,30.359879955376872,30.894190343725498,30.359879955376872,30.874027252197266,401400,0.0,0.0
2005-06-02 00:00:00-04:00,30.89925332781449,31.126083470470828,30.722830951781603,30.808521270751953,219900,0.0,0.0
2005-06-03 00:00:00-04:00,30.80849366984225,31.23190891584891,30.672395706176758,30.672395706176758,296200,0.0,0.0
2005-06-06 00:00:00-04:00,30.697616601775803,31.3529019410533,30.697616601775803,31.221843719482422,226000,0.0,0.0
2005-06-07 00:00:00-04:00,31.221845482002728,31.87209104463129,31.136155190095856,31.620058059692383,298800,0.0,0.0
2005-06-08 00:00:00-04:00,31.730954571803665,32.17453318303607,31.730954571803665,31.95778465270996,262300,0.0,0.0
2005-06-09 00:00:00-04:00,31.856974048677813,31.856974048677813,31.46380123072203,31.599899291992188,152000,0.0,0.0
2005-06-10 00:00:00-04:00,31.554530636076557,31.68558887206871,31.257131620997974,31.47892189025879,127500,0.0,0.0
2005-06-13 00:00:00-04:00,31.4027701470922,32.09327600999282,31.35199845468547,32.088199615478516,250000,0.45,0.0
2005-06-14 00:00:00-04:00,32.0882081576849,32.6263971498208,32.00189393343665,32.62131881713867,364500,0.0,0.0
2005-06-15 00:00:00-04:00,32.62129384619832,32.74822495065824,32.189728865760586,32.357276916503906,226600,0.0,0.0
2005-06-16 00:00:00-04:00,32.245583473990074,32.301433481186166,32.07295705939096,32.11865234375,183900,0.0,0.0
2005-06-17 00:00:00-04:00,32.245577783619424,32.65683527027627,32.06787500736863,32.19988250732422,387000,0.0,0.0
2005-06-20 00:00:00-04:00,32.11865525388687,32.367441143897615,32.11865525388687,32.255741119384766,224700,0.0,0.0
2005-06-21 00:00:00-04:00,32.36744583518492,32.39283167984935,31.763254210181817,31.895261764526367,298500,0.0,0.0
2005-06-22 00:00:00-04:00,31.986643764320288,32.06280321467573,31.849557915769655,31.910484313964844,209100,0.0,0.0
2005-06-23 00:00:00-04:00,31.85971353898284,32.13896163682202,31.66170128663898,31.854637145996094,198700,0.0,0.0
2005-06-24 00:00:00-04:00,31.707387120465285,31.9104757052658,31.478910767851797,31.885089874267578,355200,0.0,0.0
2005-06-27 00:00:00-04:00,31.935867199856126,31.935867199856126,31.58045971396227,31.773395538330078,116300,0.0,0.0
2005-06-28 00:00:00-04:00,31.783553150442355,31.910484276341588,31.296138091824957,31.859712600708008,189500,0.0,0.0
2005-06-29 00:00:00-04:00,31.742936234724255,31.9663343193168,31.742936234724255,31.910484313964844,288600,0.0,0.0
2005-06-30 00:00:00-04:00,31.88509856678868,32.11357498168945,31.58554103098885,32.11357498168945,468700,0.0,0.0
2005-07-01 00:00:00-04:00,32.08819301943102,32.255741119384766,31.88510241791957,32.255741119384766,239300,0.0,0.0
2005-07-05 00:00:00-04:00,32.240504445134704,32.6162194753119,32.144037491292494,32.61114501953125,191700,0.0,0.0
2005-07-06 00:00:00-04:00,32.49944783298684,32.59591285838039,32.42328837973772,32.463905334472656,320700,0.0,0.0
2005-07-07 00:00:00-04:00,31.986644992972302,32.58576008588114,31.961259154150476,32.57560729980469,132900,0.0,0.0
2005-07-08 00:00:00-04:00,32.55530572425835,33.479364425834405,32.463913196138016,33.469207763671875,418500,0.0,0.0
2005-07-11 00:00:00-04:00,33.45903887217952,33.96676327426531,33.4082672066969,33.636741638183594,197900,0.0,0.0
2005-07-12 00:00:00-04:00,33.636752112119126,33.95661719052722,33.47428040780583,33.60121154785156,362000,0.0,0.0
2005-07-13 00:00:00-04:00,33.61135386862739,33.687513303666215,33.3574916675845,33.636741638183594,413500,0.0,0.0
2005-07-14 00:00:00-04:00,33.63168035445084,33.63168035445084,32.9462528389788,33.03764343261719,540900,0.0,0.0
2005-07-15 00:00:00-04:00,32.9767103046602,33.07317921554291,32.74823579045831,33.063026428222656,367900,0.0,0.0
2005-07-18 00:00:00-04:00,33.07825095599288,33.301647095212886,32.84977261367849,33.13917541503906,124500,0.0,0.0
2005-07-19 00:00:00-04:00,33.12903595878665,33.418438876584794,33.12903595878665,33.372745513916016,234100,0.0,0.0
2005-07-20 00:00:00-04:00,33.24579944027484,33.8855294726906,33.20518055368742,33.880455017089844,132600,0.0,0.0
2005-07-21 00:00:00-04:00,33.7890698370329,33.814453739967526,32.90562634448165,33.118873596191406,311900,0.0,0.0
2005-07-22 00:00:00-04:00,33.11887843354158,33.30673406249326,33.04779342350174,33.19503402709961,209600,0.0,0.0
2005-07-25 00:00:00-04:00,33.09348595372706,33.32703877927859,33.09348595372706,33.32196044921875,281500,0.0,0.0
2005-07-26 00:00:00-04:00,33.30672096600997,33.672283165872,33.15948042030833,33.651973724365234,174600,0.0,0.0
2005-07-27 00:00:00-04:00,33.65196595607311,33.75351314016558,33.154398311721515,33.509803771972656,258500,0.0,0.0
2005-07-28 00:00:00-04:00,33.50982582533534,34.068322147697955,33.428588024597445,33.961700439453125,186400,0.0,0.0
2005-07-29 00:00:00-04:00,33.86522959091279,33.921079607331635,33.763686219404704,33.89061737060547,216700,0.0,0.0
2005-08-01 00:00:00-04:00,33.12902555242459,33.9210745789437,32.9005510635843,33.30672836303711,1792500,0.0,0.0
2005-08-02 00:00:00-04:00,33.30673303781462,33.40320195152881,32.9665584849495,32.99702072143555,1433100,0.0,0.0
2005-08-03 00:00:00-04:00,33.02239618826067,33.438730050738734,32.77361231124606,33.144248962402344,740400,0.0,0.0
2005-08-04 00:00:00-04:00,33.00209516901187,33.15441408078272,32.80916123791552,32.89547348022461,567700,0.0,0.0
2005-08-05 00:00:00-04:00,32.77361634775039,32.77361634775039,31.75816546288571,31.96125602722168,845000,0.0,0.0
2005-08-08 00:00:00-04:00,31.961251492576835,31.961251492576835,30.311147186112258,30.945802688598633,994000,0.0,0.0
2005-08-09 00:00:00-04:00,30.94580853395239,31.47891886937718,30.905189644449614,31.148897171020508,707500,0.0,0.0
2005-08-10 00:00:00-04:00,31.453526384587406,31.661693307257863,31.19458586076876,31.275821685791016,833400,0.0,0.0
2005-08-11 00:00:00-04:00,31.27583415369977,31.50431060791016,31.27583415369977,31.504310607910156,339600,0.0,0.0
2005-08-12 00:00:00-04:00,31.4890709874603,31.73277849387545,31.336754038052714,31.63123321533203,272400,0.0,0.0
2005-08-15 00:00:00-04:00,31.529700375238775,32.22020621756011,31.478928684345206,32.00188446044922,347200,0.0,0.0
2005-08-16 00:00:00-04:00,33.002082104069,33.51488477214843,32.92592267833374,33.271175384521484,3141900,0.0,0.0
2005-08-17 00:00:00-04:00,33.14425481819122,33.57581986948038,32.976704803125735,33.418426513671875,1627700,0.0,0.0
2005-08-18 00:00:00-04:00,33.41843611282944,33.63167953491211,33.093492648618245,33.63167953491211,15560100,0.0,0.0
2005-08-19 00:00:00-04:00,33.601202848881826,33.62659061977076,33.40826896046786,33.46411895751953,2710600,0.0,0.0
2005-08-22 00:00:00-04:00,33.48441600754229,33.738278157329965,33.40826046150919,33.509803771972656,838300,0.0,0.0
2005-08-23 00:00:00-04:00,33.50982096907866,33.66213988657233,33.448892627355,33.540283203125,672600,0.0,0.0
2005-08-24 00:00:00-04:00,33.62660415613126,33.88046647269273,33.54536635548844,33.758609771728516,701000,0.0,0.0
2005-08-25 00:00:00-04:00,33.75859281409762,34.34247662361856,33.74336170253587,34.05307388305664,784200,0.0,0.0
2005-08-26 00:00:00-04:00,34.22064397274909,34.30187790670508,33.80938435069131,33.865234375,737000,0.0,0.0
2005-08-29 00:00:00-04:00,33.76368325316824,33.93630774429269,33.47935873901926,33.62152099609375,524300,0.0,0.0
2005-08-30 00:00:00-04:00,33.570749311803596,33.65706155735812,33.37273704323452,33.56059265136719,699600,0.0,0.0
2005-08-31 00:00:00-04:00,33.56059107852189,34.454187347128176,33.54028163223188,34.281558990478516,871600,0.0,0.0
2005-09-01 00:00:00-04:00,34.27141485770737,35.17008580957816,34.21556483471538,34.66236114501953,1093600,0.0,0.0
2005-09-02 00:00:00-04:00,34.67757115799418,34.890814433822314,34.398321244198534,34.5100212097168,614300,0.0,0.0
2005-09-06 00:00:00-04:00,34.75374253741267,35.642260465126526,34.68773974300385,35.52548599243164,653100,0.0,0.0
2005-09-07 00:00:00-04:00,35.5661134257083,35.5661134257083,35.00253875203984,35.134544372558594,742700,0.0,0.0
2005-09-08 00:00:00-04:00,34.98222544471855,35.31732166384387,34.91114431115769,35.114234924316406,568000,0.0,0.0
2005-09-09 00:00:00-04:00,35.13453226333573,35.76918785966499,35.129457807578945,35.728572845458984,730700,0.0,0.0
2005-09-12 00:00:00-04:00,35.520398804604135,35.53055546190698,35.04821495439624,35.12437438964844,794300,0.0,0.0
2005-09-13 00:00:00-04:00,35.073239430836786,35.078350829522854,34.62830192979199,34.76127243041992,806500,0.5,0.0
2005-09-14 00:00:00-04:00,34.837993057812106,35.01698959216394,34.515795394147,34.740821838378906,822400,0.0,0.0
2005-09-15 00:00:00-04:00,34.74082133031811,34.85333455078864,34.46465358057184,34.561824798583984,744800,0.0,0.0
2005-09-16 00:00:00-04:00,34.30611184037423,34.95049930742644,34.17825662680858,34.67433547973633,2206600,0.0,0.0
2005-09-19 00:00:00-04:00,34.43395892117985,34.6334126950879,34.06062006893908,34.07596206665039,813400,0.0,0.0
2005-09-20 00:00:00-04:00,34.06063234262404,34.20382957530446,33.69240865754185,33.75889587402344,560300,0.0,0.0
2005-09-21 00:00:00-04:00,33.70262390397276,33.728192597111075,33.32928508731569,33.339515686035156,732000,0.0,0.0
2005-09-22 00:00:00-04:00,33.37532749564669,33.436695503659486,32.6593374881215,33.27815628051758,634100,0.0,0.0
2005-09-23 00:00:00-04:00,33.2270096990231,33.5543186959089,32.98152600044324,33.32929229736328,390800,0.0,0.0
2005-09-26 00:00:00-04:00,33.3804401154984,33.6003512565248,33.15541757483849,33.472496032714844,438500,0.0,0.0
2005-09-27 00:00:00-04:00,33.49807543407455,33.54921675360738,33.129851690506015,33.37022018432617,526500,0.0,0.0
2005-09-28 00:00:00-04:00,33.37021311449669,33.498068337157605,32.9917627479333,33.298614501953125,530300,0.0,0.0
2005-09-29 00:00:00-04:00,33.26793316382043,33.881636721053866,32.98153478885705,33.779354095458984,691100,0.0,0.0
2005-09-30 00:00:00-04:00,33.75890346803336,34.56694573447379,33.728215552818675,34.26520919799805,670500,0.0,0.0
2005-10-03 00:00:00-04:00,34.21405715752954,34.464652292592326,33.7282049874574,34.280540466308594,552000,0.0,0.0
2005-10-04 00:00:00-04:00,34.34191729522452,34.46977253169085,33.44693063996016,33.46227264404297,626800,0.0,0.0
2005-10-05 00:00:00-04:00,33.4213609225854,33.42647622499949,32.930397240310526,32.93551254272461,418800,0.0,0.0
2005-10-06 00:00:00-04:00,32.93550837625894,33.16053093019007,32.63888330308606,32.84345245361328,610200,0.0,0.0
2005-10-07 00:00:00-04:00,32.894588866776665,33.114499988021336,32.40362531973002,32.73604965209961,617200,0.0,0.0
2005-10-10 00:00:00-04:00,32.65421767511284,32.71558957647771,32.39850727217252,32.46499252319336,698000,0.0,0.0
2005-10-11 00:00:00-04:00,32.439421499033514,32.6286466487711,32.23485239867386,32.3729362487793,659700,0.0,0.0
2005-10-12 00:00:00-04:00,32.19395223716987,32.219522896904785,31.54444733513818,31.764358520507812,803200,0.0,0.0
2005-10-13 00:00:00-04:00,31.60582420011155,32.091674644676445,31.38079961409642,31.7490234375,627500,0.0,0.0
2005-10-14 00:00:00-04:00,32.06609735918299,32.38317783558639,32.04052669915174,32.321807861328125,513800,0.0,0.0
2005-10-17 00:00:00-04:00,32.32179929988902,32.511024475097656,32.17860012999544,32.511024475097656,372500,0.0,0.0
2005-10-18 00:00:00-04:00,32.27066459034931,32.63888833773152,32.17349530186404,32.321807861328125,400600,0.0,0.0
2005-10-19 00:00:00-04:00,32.193950265534305,32.99176767645106,31.943353133280166,32.98665237426758,724300,0.0,0.0
2005-10-20 00:00:00-04:00,32.935502519933806,32.94572921981733,32.06097141030218,32.12745666503906,492000,0.0,0.0
2005-10-21 00:00:00-04:00,32.12746113196795,32.62865338531873,32.04052051446033,32.56216812133789,363100,0.0,0.0
2005-10-24 00:00:00-04:00,32.83322574689193,33.27304810708459,32.787199731022504,33.26793670654297,287500,0.0,0.0
2005-10-25 00:00:00-04:00,33.19121257318377,33.359982383146075,32.86901495383186,33.293495178222656,417500,0.0,0.0
2005-10-26 00:00:00-04:00,33.16564962080604,33.42136010963544,32.92016973655598,33.1707649230957,476800,0.0,0.0
2005-10-27 00:00:00-04:00,33.08893865268809,33.293507842411195,32.424093663378976,32.47523498535156,1013400,0.0,0.0
2005-10-28 00:00:00-04:00,32.98664459874898,33.65149325992145,32.98664459874898,33.48783874511719,1472500,0.0,0.0
2005-10-31 00:00:00-05:00,33.75377741482449,34.11177046303696,33.6668368033774,33.85606002807617,908400,0.0,0.0
2005-11-01 00:00:00-05:00,33.590131369966684,33.81004255560719,33.007111743260694,33.37022018432617,757100,0.0,0.0
2005-11-02 00:00:00-05:00,33.2934941442496,33.784457656485024,33.17075424164853,33.77423095703125,373800,0.0,0.0
2005-11-03 00:00:00-05:00,33.779355749842814,34.06063493492076,33.43670074347069,33.47761535644531,409900,0.0,0.0
2005-11-04 00:00:00-05:00,33.446936936340265,33.68730545043945,32.971315211076494,33.68730545043945,391100,0.0,0.0
2005-11-07 00:00:00-05:00,33.81514954321441,34.275425207664114,33.73332033061701,34.029945373535156,469000,0.0,0.0
2005-11-08 00:00:00-05:00,33.702627116240166,34.2191631495605,33.40088685453918,34.07596206665039,544200,0.0,0.0
2005-11-09 00:00:00-05:00,34.03505293565837,34.976065255564954,34.03505293565837,34.362361907958984,488600,0.0,0.0
2005-11-10 00:00:00-05:00,34.41861878619188,35.20620332475328,34.270306297238406,35.037437438964844,499400,0.0,0.0
2005-11-11 00:00:00-05:00,35.03743384364996,35.39031147938918,34.95560465738382,35.374969482421875,495100,0.0,0.0
2005-11-14 00:00:00-05:00,35.36986642465978,35.436349727804625,35.057899406663275,35.39031982421875,427900,0.0,0.0
2005-11-15 00:00:00-05:00,35.44146936327811,35.978458958581264,35.33918284381674,35.73809051513672,576200,0.0,0.0
2005-11-16 00:00:00-05:00,35.69717362869555,35.74831492865593,35.14483822472887,35.267578125,629700,0.0,0.0
2005-11-17 00:00:00-05:00,35.31362413658036,36.1063244021796,35.31362413658036,35.96312713623047,875000,0.0,0.0
2005-11-18 00:00:00-05:00,36.10630778217637,36.10630778217637,35.6716008815488,35.8505973815918,534600,0.0,0.0
2005-11-21 00:00:00-05:00,35.82503777947352,35.96823501586914,35.59489601941021,35.96823501586914,565600,0.0,0.0
2005-11-22 00:00:00-05:00,35.74832127773685,36.19837025988265,35.656265360726145,36.16257095336914,675600,0.0,0.0
2005-11-23 00:00:00-05:00,36.09095987981714,36.44384142349661,36.00401929427683,36.22393035888672,506000,0.0,0.0
2005-11-25 00:00:00-05:00,36.310875317065225,36.4489572106203,36.12676352443786,36.402931213378906,119900,0.0,0.0
2005-11-28 00:00:00-05:00,36.43873891751299,36.48476492537164,36.17791316748526,36.336456298828125,574000,0.0,0.0
2005-11-29 00:00:00-05:00,35.79947410831581,36.64843493862144,35.79947410831581,36.50523376464844,501200,0.0,0.0
2005-11-30 00:00:00-05:00,36.66888558398539,36.83254015435992,36.04495521694251,36.1063232421875,507300,0.0,0.0
2005-12-01 00:00:00-05:00,36.20858101737252,36.658629752852896,36.20858101737252,36.561458587646484,424600,0.0,0.0
2005-12-02 00:00:00-05:00,36.4796496680927,36.75581739153597,36.26996524958097,36.5870475769043,264400,0.0,0.0
2005-12-05 00:00:00-05:00,36.51544419466485,36.60238479016425,36.13699391285564,36.147220611572266,487300,0.0,0.0
2005-12-06 00:00:00-05:00,36.1574507280968,36.18813863080923,35.84037231410792,35.88639831542969,475500,0.0,0.0
2005-12-07 00:00:00-05:00,35.90174495075286,35.90174495075286,35.446580670374864,35.5693244934082,368300,0.0,0.0
2005-12-08 00:00:00-05:00,35.72274059081297,36.096079475849926,35.594885396213186,35.73297119140625,481400,0.0,0.0
2005-12-09 00:00:00-05:00,35.732989230502625,36.09609769825446,35.72275862474462,35.96312713623047,480800,0.0,0.0
2005-12-12 00:00:00-05:00,35.97334130096655,36.05005521008003,35.390321834634484,35.686946868896484,522100,0.0,0.0
2005-12-13 00:00:00-05:00,35.75391169515255,36.10933616247969,35.619981527613746,36.026920318603516,324800,0.5,0.0
2005-12-14 00:00:00-05:00,36.00632894671058,36.495683766025074,35.90845641085064,36.31539535522461,265200,0.0,0.0
2005-12-15 00:00:00-05:00,36.263866548929954,36.69655851538762,35.898137692521985,35.90328598022461,372600,0.0,0.0
2005-12-16 00:00:00-05:00,36.10933967584974,36.2381176375539,35.851783752441406,35.851783752441406,486800,0.0,0.0
2005-12-19 00:00:00-05:00,35.95479203686223,36.28961144017939,35.80540919800256,35.88782501220703,482800,0.0,0.0
2005-12-20 00:00:00-05:00,35.89815372414697,35.965116864101496,35.599387844363946,35.692108154296875,372900,0.0,0.0
2005-12-21 00:00:00-05:00,35.80026488492138,36.0835779056472,35.759055003726615,35.92904281616211,219400,0.0,0.0
2005-12-22 00:00:00-05:00,35.92903488430412,36.00630241198874,35.58905933448769,35.88782501220703,261500,0.0,0.0
2005-12-23 00:00:00-05:00,36.0166191809083,36.3153849935568,35.88269293109331,36.212364196777344,170600,0.0,0.0
2005-12-27 00:00:00-05:00,36.263875706390934,36.45446457927223,35.77966930070883,35.908447265625,256000,0.0,0.0
2005-12-28 00:00:00-05:00,35.923906964133,36.00117454407584,35.46545763446253,35.692108154296875,282400,0.0,0.0
2005-12-29 00:00:00-05:00,35.70754263607724,35.80026289862582,35.08941017241366,35.25424575805664,409400,0.0,0.0
2005-12-30 00:00:00-05:00,35.182131366110696,35.28515213611777,34.883365631103516,34.883365631103516,351600,0.0,0.0
2006-01-03 00:00:00-05:00,35.027612497855735,36.124799533358996,34.883381781075094,36.0372314453125,495100,0.0,0.0
2006-01-04 00:00:00-05:00,36.16086246042284,36.23297782927895,35.90330644879592,36.17631912231445,285800,0.0,0.0
2006-01-05 00:00:00-05:00,36.263860775016795,37.18075887889529,36.24840805438805,36.804725646972656,608500,0.0,0.0
2006-01-06 00:00:00-05:00,36.95927927464547,37.06230008390205,36.619303530113214,37.057151794433594,445500,0.0,0.0
2006-01-09 00:00:00-05:00,37.036529353772586,37.494978419419546,36.97471453941936,37.48982620239258,357900,0.0,0.0
2006-01-10 00:00:00-05:00,37.41256474112844,38.010096253585864,37.24258085154174,37.77829360961914,444700,0.0,0.0
2006-01-11 00:00:00-05:00,37.82981613423156,38.185240644093234,37.55680747810897,37.860721588134766,486800,0.0,0.0
2006-01-12 00:00:00-05:00,37.757704188933204,37.757704188933204,37.30440319757322,37.68558883666992,342100,0.0,0.0
2006-01-13 00:00:00-05:00,37.58256357777896,37.62892569215934,36.77383805573627,36.90776824951172,344600,0.0,0.0
2006-01-17 00:00:00-05:00,35.9032802637229,36.85623995572177,35.9032802637229,36.804725646972656,325100,0.0,0.0
2006-01-18 00:00:00-05:00,36.28959751245583,36.62442071725962,36.006288592997386,36.41322708129883,636200,0.0,0.0
2006-01-19 00:00:00-05:00,36.31538878126574,36.91292046888552,36.31023656189194,36.90776824951172,332700,0.0,0.0
2006-01-20 00:00:00-05:00,36.89230632225898,37.05198971310246,36.16084462325426,36.20720672607422,386700,0.0,0.0
2006-01-23 00:00:00-05:00,36.20719648507866,36.62443564249001,36.20719648507866,36.531715393066406,212300,0.0,0.0
2006-01-24 00:00:00-05:00,36.52658152719716,36.80473845529515,36.46991891184611,36.74292755126953,269100,0.0,0.0
2006-01-25 00:00:00-05:00,36.83049536437746,37.160166616876076,36.74292729761812,36.83564758300781,395300,0.0,0.0
2006-01-26 00:00:00-05:00,36.933533842478376,37.103521768755925,36.69658276190659,36.83051300048828,554300,0.0,0.0
2006-01-27 00:00:00-05:00,36.830502581234676,37.65983309361709,36.830502581234676,37.422882080078125,463600,0.0,0.0
2006-01-30 00:00:00-05:00,37.381652058603585,37.40740921294477,37.02622376464323,37.09833908081055,190300,0.0,0.0
2006-01-31 00:00:00-05:00,36.974725470469735,37.40742143888249,36.88200518652352,37.38166427612305,598900,0.0,0.0
2006-02-01 00:00:00-05:00,37.33015301839794,37.592861138509775,37.30954807466454,37.45893096923828,512300,0.0,0.0
2006-02-02 00:00:00-05:00,37.294095774332334,37.38681605719359,37.14471287805636,37.20652770996094,473000,0.0,0.0
2006-02-03 00:00:00-05:00,36.7274792340197,37.13441416767455,36.1969106874986,36.624454498291016,528200,0.0,0.0
2006-02-06 00:00:00-05:00,36.624435541644374,37.41255569458008,36.61413503839891,37.41255569458008,592300,0.0,0.0
2006-02-07 00:00:00-05:00,37.47953185601409,37.979190879987826,37.34560170123982,37.5516471862793,680200,0.0,0.0
2006-02-08 00:00:00-05:00,37.53619255440837,37.79889670273754,37.26833225847715,37.73193359375,648900,0.0,0.0
2006-02-09 00:00:00-05:00,37.78344715081409,38.30886335154829,37.494985820209195,38.07706069946289,622300,0.0,0.0
2006-02-10 00:00:00-05:00,38.42734519116405,38.51491326694884,37.860722913155975,38.2264518737793,658600,0.0,0.0
2006-02-13 00:00:00-05:00,38.29856105834432,38.55096473674611,38.174935328309516,38.36552810668945,317500,0.0,0.0
2006-02-14 00:00:00-05:00,38.36554724107845,38.74672905795742,38.04102413414706,38.63340377807617,289700,0.0,0.0
2006-02-15 00:00:00-05:00,38.55612632599944,38.93215975582064,38.42734834633345,38.906402587890625,672800,0.0,0.0
2006-02-16 00:00:00-05:00,38.8394200587808,39.18969614576147,38.78790967863454,39.15878677368164,421400,0.0,0.0
2006-02-17 00:00:00-05:00,39.1587986446889,39.591494615067624,39.0197201831333,39.53483200073242,620500,0.0,0.0
2006-02-21 00:00:00-05:00,39.612100611559256,39.78723674779916,39.11759372512782,39.297882080078125,453000,0.0,0.0
2006-02-22 00:00:00-05:00,39.42665515090525,40.0808453663489,39.14849432489263,39.89540481567383,518000,0.0,0.0
2006-02-23 00:00:00-05:00,39.957218543939575,40.173564537115105,39.7769302162933,40.065391540527344,387500,0.0,0.0
2006-02-24 00:00:00-05:00,40.06540579585879,40.12722064304167,39.648166384852885,39.87481689453125,430200,0.0,0.0
2006-02-27 00:00:00-05:00,40.00358915544493,40.178725302418464,39.68937060470618,40.12206268310547,393200,0.0,0.0
2006-02-28 00:00:00-05:00,40.163272643714805,40.369318175204555,40.02419023971277,40.18902587890625,381000,0.0,0.0
2006-03-01 00:00:00-05:00,40.21477340852731,40.3332508379937,39.80783466208631,40.30234146118164,396400,0.0,0.0
2006-03-02 00:00:00-05:00,40.20964082660059,40.498106214434344,39.95208483067311,40.317813873291016,397800,0.0,0.0
2006-03-03 00:00:00-05:00,40.31779271713853,40.49293274606329,40.2817350538291,40.36415481567383,468500,0.0,0.0
2006-03-06 00:00:00-05:00,40.3847763703226,41.10078164345142,40.30750879430313,40.93079376220703,687000,0.0,0.0
2006-03-07 00:00:00-05:00,40.62172678305044,40.62172678305044,39.67907101563687,39.75118637084961,3283100,0.0,0.0
2006-03-08 00:00:00-05:00,40.436278339289984,41.51286016918861,40.37961572403307,41.502559661865234,1704300,0.0,0.0
2006-03-09 00:00:00-05:00,41.518026879660944,43.03245743424421,41.518026879660944,42.5173454284668,1565100,0.0,0.0
2006-03-10 00:00:00-05:00,42.49671742049611,42.74397277832031,42.15674179473666,42.74397277832031,1166900,0.0,0.0
2006-03-13 00:00:00-05:00,42.66108949802583,42.88911408016588,42.25168352273701,42.49525451660156,832200,0.5,0.0
2006-03-14 00:00:00-05:00,42.4744873222296,42.821703391661885,42.339745282668424,42.526309967041016,795500,0.0,0.0
2006-03-15 00:00:00-05:00,42.469311903225226,43.303669690066734,42.46413240543461,43.25703048706055,829800,0.0,0.0
2006-03-16 00:00:00-05:00,43.28293456665841,43.85299555941522,42.95126487295334,42.961631774902344,1395200,0.0,0.0
2006-03-17 00:00:00-05:00,42.96165109872434,43.013473770334954,42.6869873807533,42.72844314575195,1322600,0.0,0.0
2006-03-20 00:00:00-05:00,42.70251554612965,42.7543381956038,41.862974390915404,42.29310989379883,1007000,0.0,0.0
2006-03-21 00:00:00-05:00,42.210188250314964,42.852801721880105,41.588308582016225,42.25164794921875,837800,0.0,0.0
2006-03-22 00:00:00-05:00,42.313846529997825,42.77507490576753,42.225747616382336,42.44340515136719,625700,0.0,0.0
2006-03-23 00:00:00-05:00,42.32939293195169,42.57296377273655,42.215380712536195,42.44340515136719,602100,0.0,0.0
2006-03-24 00:00:00-05:00,42.36566092008195,42.3967537179219,41.945892333984375,41.945892333984375,539600,0.0,0.0
2006-03-27 00:00:00-05:00,41.925171388754265,41.925171388754265,40.992347717285156,40.992347717285156,848900,0.0,0.0
2006-03-28 00:00:00-05:00,40.893898271070846,41.676429748535156,40.474125514520615,41.676429748535156,1041600,0.0,0.0
2006-03-29 00:00:00-05:00,41.71789018363301,42.76990591217483,41.71789018363301,42.645530700683594,643300,0.0,0.0
2006-03-30 00:00:00-05:00,42.80616862516762,42.82689847948791,41.76451618001188,42.11173629760742,907300,0.0,0.0
2006-03-31 00:00:00-05:00,42.09618377685546,42.39157723880863,41.65568135575113,42.09618377685547,906000,0.0,0.0
2006-04-03 00:00:00-04:00,42.08063224893467,42.18428150257933,39.42209116553135,40.89387893676758,901800,0.0,0.0
2006-04-04 00:00:00-04:00,40.86277385032333,41.038975568677785,40.40154563865677,40.44818878173828,959500,0.0,0.0
2006-04-05 00:00:00-04:00,40.42228380529,40.81095961111009,40.40155395452182,40.634761810302734,541000,0.0,0.0
2006-04-06 00:00:00-04:00,39.62420173292128,40.577755084504936,39.62420173292128,40.18907928466797,578700,0.0,0.0
2006-04-07 00:00:00-04:00,39.80041147526021,39.99215571123342,39.261447116824705,39.28217697143555,706200,0.0,0.0
2006-04-10 00:00:00-04:00,39.10079582753125,39.422102676930365,38.60847457885742,38.867591857910156,630900,0.0,0.0
2006-04-11 00:00:00-04:00,38.87276674082503,39.55165259705764,38.80539373268192,39.22516632080078,725400,0.0,0.0
2006-04-12 00:00:00-04:00,39.10079481004851,39.52056747978541,39.10079481004851,39.328819274902344,592000,0.0,0.0
2006-04-13 00:00:00-04:00,39.219974660046525,39.24588795834143,38.618820933169765,38.67582702636719,463000,0.0,0.0
2006-04-17 00:00:00-04:00,38.14204479683004,38.59291007429557,38.05394591218711,38.328609466552734,495300,0.0,0.0
2006-04-18 00:00:00-04:00,38.3493590829972,39.89369987764022,38.29753641554016,39.660491943359375,730500,0.0,0.0
2006-04-19 00:00:00-04:00,39.58275337449516,40.432657717374305,39.4376483335864,40.11135482788086,561900,0.0,0.0
2006-04-20 00:00:00-04:00,40.04397033152449,40.230535031751415,39.297715484431514,40.18907928466797,446600,0.0,0.0
2006-04-21 00:00:00-04:00,40.3186333512131,40.531107375249896,40.00251008658522,40.235713958740234,369400,0.0,0.0
2006-04-24 00:00:00-04:00,40.11135952546514,40.11135952546514,39.572395057672686,39.9610710144043,371400,0.0,0.0
2006-04-25 00:00:00-04:00,39.92996756767549,40.18908480314693,39.79522549816207,40.043975830078125,1108800,0.0,0.0
2006-04-26 00:00:00-04:00,39.986978274477075,40.24091208737442,39.79523007480277,39.86778259277344,491700,0.0,0.0
2006-04-27 00:00:00-04:00,39.64493930480401,40.484480619338136,39.45319111616538,40.0077018737793,507300,0.0,0.0
2006-04-28 00:00:00-04:00,40.007704246158355,40.380833741410484,39.805593095199406,39.84186935424805,342500,0.0,0.0
2006-05-01 00:00:00-04:00,39.80040920801868,40.064705943166366,39.15779561313561,39.24071502685547,378300,0.0,0.0
2006-05-02 00:00:00-04:00,38.91942460576973,38.95052137590708,38.42710322955074,38.64994430541992,541500,0.0,0.0
2006-05-03 00:00:00-04:00,38.64993851563922,39.375467767027494,38.416730566719956,39.3651008605957,514400,0.0,0.0
2006-05-04 00:00:00-04:00,39.61902516226108,40.33419128860125,39.468740639582016,40.20981216430664,440800,0.0,0.0
2006-05-05 00:00:00-04:00,40.68139888936224,40.93015313180362,39.74857542247525,40.07506561279297,899700,0.0,0.0
2006-05-08 00:00:00-04:00,40.16318325351348,40.816159985090806,40.16318325351348,40.593318939208984,525600,0.0,0.0
2006-05-09 00:00:00-04:00,40.582929169093504,40.614025917526995,40.0076887457511,40.28235626220703,424400,0.0,0.0
2006-05-10 00:00:00-04:00,40.30828996928226,40.77470193954806,40.06471905404253,40.52594757080078,432900,0.0,0.0
2006-05-11 00:00:00-04:00,40.34455383526471,40.34455383526471,39.06451402569486,39.11634063720703,426300,0.0,0.0
2006-05-12 00:00:00-04:00,38.76393918392498,38.76393918392498,37.93994433666016,38.27161407470703,857500,0.0,0.0
2006-05-15 00:00:00-04:00,37.8829492916209,38.84686598485144,37.60828558026895,38.660301208496094,820400,0.0,0.0
2006-05-16 00:00:00-04:00,38.73802739794027,38.74321084981096,38.14724040677189,38.15242385864258,645700,0.0,0.0
2006-05-17 00:00:00-04:00,37.83112286413438,37.97622790826298,37.27142859065329,37.385440826416016,517600,0.0,0.0
2006-05-18 00:00:00-04:00,37.57201798819379,37.73266948954249,37.136702712093886,37.2869873046875,868000,0.0,0.0
2006-05-19 00:00:00-04:00,37.39062341051646,37.888128101893116,36.877572315318005,37.639373779296875,1300300,0.0,0.0
2006-05-22 00:00:00-04:00,37.551264182364605,37.6082702827196,37.04339668405692,37.463165283203125,1232500,0.0,0.0
2006-05-23 00:00:00-04:00,37.59792131192613,37.98141380376175,37.02786009644811,37.115962982177734,424100,0.0,0.0
2006-05-24 00:00:00-04:00,36.991585941122395,37.551280282496386,36.64955314616033,37.390628814697266,723500,0.0,0.0
2006-05-25 00:00:00-04:00,37.54608897469213,38.13169650621797,37.411350847738625,37.88294219970703,1126200,0.0,0.0
2006-05-26 00:00:00-04:00,37.882950289138826,38.302723023899794,37.56164735214577,38.17316436767578,574200,0.0,0.0
2006-05-30 00:00:00-04:00,38.183521635954754,38.2094349448683,37.60309751910741,37.639373779296875,1438200,0.0,0.0
2006-05-31 00:00:00-04:00,37.644580839133,38.02029673026624,36.66354799768005,37.404541015625,768500,0.5,0.0
2006-06-01 00:00:00-04:00,37.399321325196325,38.44819418242749,37.388886542182895,38.43775939941406,499500,0.0,0.0
2006-06-02 00:00:00-04:00,38.43776640914287,39.05351824977861,38.38036513904584,38.850006103515625,513000,0.0,0.0
2006-06-05 00:00:00-04:00,38.71956378675116,39.81018434273728,38.42212254079572,38.44821548461914,791900,0.0,0.0
2006-06-06 00:00:00-04:00,39.100471883446986,39.6275179260075,37.79068584907682,38.04116439819336,826700,0.0,0.0
2006-06-07 00:00:00-04:00,38.01510222563413,38.44821966030664,37.69678738629407,38.13512420654297,700600,0.0,0.0
2006-06-08 00:00:00-04:00,38.14553818830591,38.38036263645185,37.27930777270915,37.978553771972656,757800,0.0,0.0
2006-06-09 00:00:00-04:00,38.02031384455803,38.41690346163129,37.86376415904325,38.328189849853516,344100,0.0,0.0
2006-06-12 00:00:00-04:00,38.380374910846825,38.380374910846825,37.41499183954609,37.63937759399414,844000,0.0,0.0
2006-06-13 00:00:00-04:00,37.675900805938,37.99943491905408,37.477608016028775,37.571537017822266,949400,0.0,0.0
2006-06-14 00:00:00-04:00,37.571532154751395,37.64980697631836,37.21147036427706,37.64980697631836,719200,0.0,0.0
2006-06-15 00:00:00-04:00,37.70198741575487,38.46907347145167,37.649805530455104,38.354270935058594,522300,0.0,0.0
2006-06-16 00:00:00-04:00,38.0933608480364,38.41689493505452,38.03074019148428,38.33340072631836,532300,0.0,0.0
2006-06-19 00:00:00-04:00,38.359487452133195,38.74041876946266,38.19771844420017,38.39601516723633,1666900,0.0,0.0
2006-06-20 00:00:00-04:00,38.27600389134433,38.432553560265575,37.84810597501286,37.87419891357422,773200,0.0,0.0
2006-06-21 00:00:00-04:00,37.837652275316984,38.28120414058819,37.79590518697531,38.23423767089844,522500,0.0,0.0
2006-06-22 00:00:00-04:00,37.96289387352701,38.08291577084419,37.64979863782477,37.82200241088867,522600,0.0,0.0
2006-06-23 00:00:00-04:00,37.64982961037713,37.77506701143992,37.38891603578163,37.67591857910156,546800,0.0,0.0
2006-06-26 00:00:00-04:00,37.707209328154626,38.21859741210937,37.60806095257807,38.218597412109375,525800,0.0,0.0
2006-06-27 00:00:00-04:00,38.15598751101164,38.31253320520049,37.82723398889017,37.93681716918945,380500,0.0,0.0
2006-06-28 00:00:00-04:00,37.947240836613595,38.2551166995238,37.9107131243832,38.10378646850586,493900,0.0,0.0
2006-06-29 00:00:00-04:00,38.43254493459006,39.26224764247586,38.234248200965105,39.2465934753418,526200,0.0,0.0
2006-06-30 00:00:00-04:00,39.236158568682356,39.91975040622253,39.236158568682356,39.60665512084961,581900,0.0,0.0
2006-07-03 00:00:00-04:00,39.73710759089444,40.39982580802348,39.73710759089444,40.35286331176758,216400,0.0,0.0
2006-07-05 00:00:00-04:00,40.2223962384562,40.85380596170065,40.02931895863258,40.634639739990234,605100,0.0,0.0
2006-07-06 00:00:00-04:00,40.63465899288858,40.93210014363066,40.60856605741772,40.921661376953125,705400,0.0,0.0
2006-07-07 00:00:00-04:00,40.92167032080193,41.25042386220609,40.7025039473484,40.81730651855469,500100,0.0,0.0
2006-07-10 00:00:00-04:00,40.82773460086025,41.250417087356325,40.68162370922139,41.2191047668457,333000,0.0,0.0
2006-07-11 00:00:00-04:00,41.224315006228416,41.37564524792201,40.84859909322672,41.27649688720703,532300,0.0,0.0
2006-07-12 00:00:00-04:00,41.33912861428987,41.72006003064452,41.276507951596344,41.709625244140625,672100,0.0,0.0
2006-07-13 00:00:00-04:00,41.51133879803765,41.730505179141375,40.86948984626358,40.99994659423828,832700,0.0,0.0
2006-07-14 00:00:00-04:00,40.91120780098421,40.91120780098421,40.373727019422425,40.415470123291016,368400,0.0,0.0
2006-07-17 00:00:00-04:00,40.316342725515014,40.48854255678223,39.91975321284112,40.04499053955078,614000,0.0,0.0
2006-07-18 00:00:00-04:00,40.0449956551748,40.290254938011834,39.57535064348935,39.94063186645508,1179300,0.0,0.0
2006-07-19 00:00:00-04:00,39.97716077720281,40.50942248542897,39.94585243590229,40.43636703491211,985900,0.0,0.0
2006-07-20 00:00:00-04:00,40.59813711531023,40.88513954068344,40.23807525634766,40.238075256347656,609400,0.0,0.0
2006-07-21 00:00:00-04:00,40.49898453422888,40.49898453422888,39.36662115847471,39.450111389160156,664200,0.0,0.0
2006-07-24 00:00:00-04:00,39.6588468582499,40.31113052368165,39.4292417340264,40.31113052368164,373500,0.0,0.0
2006-07-25 00:00:00-04:00,40.222423452545115,40.587700735872104,40.19111112738581,40.46246337890625,372000,0.0,0.0
2006-07-26 00:00:00-04:00,40.38938275378158,40.79118751505847,40.35285504821096,40.765098571777344,453900,0.0,0.0
2006-07-27 00:00:00-04:00,41.01556922574072,41.41215854934656,40.84336549534623,41.078189849853516,463000,0.0,0.0
2006-07-28 00:00:00-04:00,41.35477475093451,41.73049069166101,41.23997221557667,41.688743591308594,519500,0.0,0.0
2006-07-31 00:00:00-04:00,41.652220744265605,42.12186572509007,41.37565313923095,41.89748001098633,674800,0.0,0.0
2006-08-01 00:00:00-04:00,41.693965500981555,42.02793436159551,41.41217852835925,41.79310989379883,727800,0.0,0.0
2006-08-02 00:00:00-04:00,41.95487466843585,42.147948032551874,41.615686459045534,42.05923843383789,692100,0.0,0.0
2006-08-03 00:00:00-04:00,42.05924967521802,43.95869937801201,41.980974839634364,43.52036666870117,1331000,0.0,0.0
2006-08-04 00:00:00-04:00,44.094364963059334,44.762302635563316,43.859544493614905,44.73621368408203,827800,0.0,0.0
2006-08-07 00:00:00-04:00,44.605759599478574,44.69446920591907,43.77605286174263,43.83345413208008,583600,0.0,0.0
2006-08-08 00:00:00-04:00,43.83869276986612,43.93783720481261,43.01420505309268,43.01942443847656,586400,0.0,0.0
2006-08-09 00:00:00-04:00,43.36382048451334,43.36382048451334,42.857647685756575,42.972450256347656,416100,0.0,0.0
2006-08-10 00:00:00-04:00,42.97244688436056,43.38991002080242,42.476712893406436,43.28032684326172,353400,0.0,0.0
2006-08-11 00:00:00-04:00,43.275084109966734,43.426414315745475,42.67498266807763,42.89936828613281,411800,0.0,0.0
2006-08-14 00:00:00-04:00,43.38989004700325,43.765605900601805,43.264652756210964,43.52556610107422,503500,0.0,0.0
2006-08-15 00:00:00-04:00,44.04740513430269,44.35006167342969,43.80214588440622,44.240478515625,645500,0.0,0.0
2006-08-16 00:00:00-04:00,44.69445548060888,44.93971465469308,44.47528923274615,44.83013153076172,800200,0.0,0.0
2006-08-17 00:00:00-04:00,44.824938411987176,45.21108926273516,44.68404289779573,44.92930221557617,536400,0.0,0.0
2006-08-18 00:00:00-04:00,44.94495638799213,45.23718220424436,44.88755510165101,44.92930221557617,725600,0.0,0.0
2006-08-21 00:00:00-04:00,44.882322478008575,46.10339523264261,44.85101016396656,45.972938537597656,853400,0.0,0.0
2006-08-22 00:00:00-04:00,46.181684125933735,46.296486689570244,44.61620330810547,44.61620330810547,5049100,0.0,0.0
2006-08-23 00:00:00-04:00,44.85100978076446,44.85100978076446,44.22481924238773,44.51182556152344,1476100,0.0,0.0
2006-08-24 00:00:00-04:00,44.60575907162094,44.75708534847676,44.46486359837896,44.57966613769531,1111700,0.0,0.0
2006-08-25 00:00:00-04:00,44.511840295422495,44.63185826408114,44.28223516411216,44.444000244140625,489700,0.0,0.0
2006-08-28 00:00:00-04:00,44.45443512487569,44.85102070453496,44.45443512487569,44.68403625488281,1088500,0.0,0.0
2006-08-29 00:00:00-04:00,44.68402654256782,44.86666910383368,44.50138796252441,44.840576171875,534700,0.0,0.0
2006-08-30 00:00:00-04:00,45.03364589649335,45.612873853200185,44.90318922122103,45.320648193359375,810400,0.0,0.0
2006-08-31 00:00:00-04:00,45.012811580247075,45.346780641507024,45.012811580247075,45.21632385253906,726900,0.0,0.0
2006-09-01 00:00:00-04:00,45.36240555735358,45.586791248883465,45.153674033405814,45.23194885253906,639000,0.0,0.0
2006-09-05 00:00:00-04:00,45.24239025956949,45.47721475134181,45.04931685616528,45.43024826049805,826900,0.0,0.0
2006-09-06 00:00:00-04:00,45.32065368203842,45.51895040044954,45.106706778916525,45.1901969909668,1407100,0.0,0.0
2006-09-07 00:00:00-04:00,44.87709839497905,45.106703428200206,44.65271274375528,44.730987548828125,890700,0.0,0.0
2006-09-08 00:00:00-04:00,44.851001078327265,45.29977233687038,44.32917440385587,45.26324462890625,728400,0.0,0.0
2006-09-11 00:00:00-04:00,44.877112045068216,45.47721375819458,44.877112045068216,45.26848220825195,585300,0.0,0.0
2006-09-12 00:00:00-04:00,45.51896026970104,45.72768783569337,45.10149717527013,45.72768783569336,750800,0.0,0.0
2006-09-13 00:00:00-04:00,45.68568209977458,46.3836911768732,45.59645946237324,46.20000457763672,532900,0.5,0.0
2006-09-14 00:00:00-04:00,45.92186308583592,46.257748392652545,45.60697111120393,46.24200439453125,605300,0.0,0.0
2006-09-15 00:00:00-04:00,46.56740578468259,46.80357381914514,46.399463092514424,46.64612579345703,2013400,0.0,0.0
2006-09-18 00:00:00-04:00,46.121308154735516,46.34698154118832,45.82740942040439,45.9481201171875,681100,0.0,0.0
2006-09-19 00:00:00-04:00,46.02684346896822,46.7615943621293,45.974362120328905,46.730106353759766,567600,0.0,0.0
2006-09-20 00:00:00-04:00,46.709111901602135,46.84031727211225,45.75393696445128,45.82741165161133,1186700,0.0,0.0
2006-09-21 00:00:00-04:00,45.71194141111231,45.93761476474384,45.055914685912455,45.38655471801758,601000,0.0,0.0
2006-09-22 00:00:00-04:00,45.4075510221031,45.622729742963266,45.06642027587306,45.55450439453125,879700,0.0,0.0
2006-09-25 00:00:00-04:00,45.55451208798184,45.55975742054479,44.90373048381735,45.32358932495117,949800,0.0,0.0
2006-09-26 00:00:00-04:00,45.13462858231626,45.25008990073593,44.84072995657053,44.9719352722168,629000,0.0,0.0
2006-09-27 00:00:00-04:00,44.840730858407916,45.37079746135025,44.6255522144675,45.26583480834961,719600,0.0,0.0
2006-09-28 00:00:00-04:00,45.34455130030593,45.397032618126026,44.99292206643662,45.10837936401367,446300,0.0,0.0
2006-09-29 00:00:00-04:00,45.23961420125358,45.48628096055166,45.12940216064453,45.12940216064453,655800,0.0,0.0
2006-10-02 00:00:00-04:00,45.18713171422648,45.46004114475005,44.69904754431932,44.99819564819336,340900,0.0,0.0
2006-10-03 00:00:00-04:00,45.06640453050689,45.564983142395114,44.98243120417238,45.49150848388672,632200,0.0,0.0
2006-10-04 00:00:00-04:00,45.49151214932105,46.7353401184082,45.39704415161736,46.7353401184082,690000,0.0,0.0
2006-10-05 00:00:00-04:00,46.66711828023697,47.02399699510089,46.535912929243906,46.97151565551758,680600,0.0,0.0
2006-10-06 00:00:00-04:00,46.95052847441602,46.95052847441602,46.14755226171373,46.30500030517578,453700,0.0,0.0
2006-10-09 00:00:00-04:00,46.33647667167612,46.69860467822365,45.92186733184885,46.61988067626953,513100,0.0,0.0
2006-10-10 00:00:00-04:00,46.57789494358214,46.877042953761254,45.99534292311716,46.44668960571289,730700,0.0,0.0
2006-10-11 00:00:00-04:00,46.446702652888774,47.10797886264585,46.352234622923476,46.87705612182617,914100,0.0,0.0
2006-10-12 00:00:00-04:00,46.871813846672765,47.07124860890449,46.50444034372624,46.96628189086914,513100,0.0,0.0
2006-10-13 00:00:00-04:00,46.76157505017056,46.887531035700675,46.39420175734582,46.656612396240234,850000,0.0,0.0
2006-10-16 00:00:00-04:00,46.6566336155758,47.07648842631476,46.6566336155758,46.99776840209961,449500,0.0,0.0
2006-10-17 00:00:00-04:00,46.76683543802632,46.81931677739612,46.247263371347096,46.509674072265625,657600,0.0,0.0
2006-10-18 00:00:00-04:00,46.84030693262797,47.02399360998128,46.55690291439603,46.96101760864258,518100,0.0,0.0
2006-10-19 00:00:00-04:00,46.85080455299009,46.97151523661779,46.46768717378599,46.59364318847656,379800,0.0,0.0
2006-10-20 00:00:00-04:00,46.69861212441903,46.69861212441903,46.19478003320313,46.31549072265625,416000,0.0,0.0
2006-10-23 00:00:00-04:00,46.194757055047134,46.819295520989066,45.990077121582885,46.709083557128906,402300,0.0,0.0
2006-10-24 00:00:00-04:00,46.446692884985005,46.78257825331923,46.28924486679796,46.535911560058594,397700,0.0,0.0
2006-10-25 00:00:00-04:00,46.66713026649815,46.808834324245716,46.23152742834168,46.65138626098633,392800,0.0,0.0
2006-10-26 00:00:00-04:00,46.698611853643165,47.018749237060554,46.4729384822026,47.01874923706055,315100,0.0,0.0
2006-10-27 00:00:00-04:00,46.8088366550126,46.8088366550126,46.26302174702485,46.373233795166016,614500,0.0,0.0
2006-10-30 00:00:00-05:00,46.47817383998047,46.84030182446322,45.97959519809831,46.835052490234375,463200,0.0,0.0
2006-10-31 00:00:00-05:00,47.15518928600799,47.23391327561436,46.53065471101918,47.08171463012695,472000,0.0,0.0
2006-11-01 00:00:00-05:00,47.149955681693434,47.417615734020195,46.56215823855361,46.84031295776367,460600,0.0,0.0
2006-11-02 00:00:00-05:00,46.6303705968555,46.80881191673381,45.297324046023085,45.62796401977539,665500,0.0,0.0
2006-11-03 00:00:00-05:00,45.86939015929767,45.974352835378106,44.76726604417545,45.297332763671875,949900,0.0,0.0
2006-11-06 00:00:00-05:00,45.50202011837762,46.152801627984054,45.41805076479394,46.07407760620117,546700,0.0,0.0
2006-11-07 00:00:00-05:00,46.07933609743586,46.27351751846888,45.65947723388672,45.65947723388672,592400,0.0,0.0
2006-11-08 00:00:00-05:00,45.638475951995915,45.727694643658474,44.98244909435326,45.66471862792969,653100,0.0,0.0
2006-11-09 00:00:00-05:00,45.79591891778947,45.95861227912939,45.34982150490696,45.381309509277344,454300,0.0,0.0
2006-11-10 00:00:00-05:00,45.48627026203221,45.7591796352211,45.1818728858098,45.654212951660156,281600,0.0,0.0
2006-11-13 00:00:00-05:00,45.6332266957166,45.96911212709082,45.59124401984746,45.816917419433594,362800,0.0,0.0
2006-11-14 00:00:00-05:00,45.68570944264435,46.315493589542726,45.67521077122307,46.25776290893555,749900,0.0,0.0
2006-11-15 00:00:00-05:00,46.26301158796379,46.65662767520556,46.12130755427761,46.42570495605469,676600,0.0,0.0
2006-11-16 00:00:00-05:00,46.39420175734582,46.766824384087656,46.08455512133475,46.656612396240234,749500,0.0,0.0
2006-11-17 00:00:00-05:00,46.57790478173471,46.850810180355204,46.541167439534455,46.78783416748047,529100,0.0,0.0
2006-11-20 00:00:00-05:00,47.80072018455593,50.566526397164886,47.7587335237784,49.28071594238281,1395700,0.0,0.0
2006-11-21 00:00:00-05:00,49.20199994743606,50.28313061164564,49.160013279837685,49.8947639465332,746600,0.0,0.0
2006-11-22 00:00:00-05:00,49.80556836545392,50.34613394810689,49.632376284389125,50.120460510253906,434100,0.0,0.0
2006-11-24 00:00:00-05:00,49.85803222225351,50.598032306663455,49.84753755620781,50.47732162475586,146000,0.0,0.0
2006-11-27 00:00:00-05:00,50.472064529421864,50.708236521867114,49.490651240231756,49.62710189819336,902300,0.0,0.0
2006-11-28 00:00:00-05:00,49.62712022279893,49.78456827589946,49.28074011167621,49.64286422729492,737500,0.0,0.0
2006-11-29 00:00:00-05:00,49.62711226906285,50.44058707292281,49.359456227387625,50.10995101928711,576300,0.0,0.0
2006-11-30 00:00:00-05:00,50.12043282313275,50.64000477523857,49.8737661780119,50.52979278564453,549400,0.0,0.0
2006-12-01 00:00:00-05:00,50.48257159774382,50.74498229696641,49.56413415046477,50.07845687866211,542700,0.0,0.0
2006-12-04 00:00:00-05:00,50.54554122304249,51.432490555765426,50.45107322308343,51.29079055786133,521300,0.0,0.0
2006-12-05 00:00:00-05:00,51.15959682455954,51.24356617463485,50.58229002498595,50.59278869628906,872600,0.0,0.0
2006-12-06 00:00:00-05:00,50.356584417417686,50.671480289889146,49.65332604478409,50.08367919921875,565300,0.0,0.0
2006-12-07 00:00:00-05:00,50.19915133497582,50.277875320108585,49.55886879519602,49.784542083740234,519000,0.0,0.0
2006-12-08 00:00:00-05:00,49.75306490612376,50.25164358022684,49.67434090387878,49.95249557495117,292900,0.0,0.0
2006-12-11 00:00:00-05:00,49.83178913617604,50.38285319461997,49.66909578737063,50.33037185668945,442800,0.0,0.0
2006-12-12 00:00:00-05:00,51.379992186649886,51.421978840280545,50.55602312846977,50.702972412109375,774700,0.0,0.0
2006-12-13 00:00:00-05:00,50.9614804445029,51.06171652995921,50.30204098734085,50.671329498291016,569200,0.5,0.0
2006-12-14 00:00:00-05:00,50.676614158338616,51.44156652536215,50.676614158338616,51.23054504394531,596400,0.0,0.0
2006-12-15 00:00:00-05:00,51.309680002943914,51.55235330448137,50.465598079139696,50.729373931884766,895400,0.0,0.0
2006-12-18 00:00:00-05:00,50.961491599882216,50.97731750633452,50.55000193252259,50.697715759277344,750800,0.0,0.0
2006-12-19 00:00:00-05:00,50.460333392195025,50.57639543888894,49.94333082734969,50.32844543457031,946600,0.0,0.0
2006-12-20 00:00:00-05:00,50.460319614461916,51.040625664583125,50.333708336684545,50.83488082885742,456700,0.0,0.0
2006-12-21 00:00:00-05:00,50.88764429495899,51.22527711269207,50.25985638781436,50.381195068359375,424900,0.0,0.0
2006-12-22 00:00:00-05:00,50.51307483169416,50.51307483169416,49.647890373279076,49.65843963623047,610100,0.0,0.0
2006-12-26 00:00:00-05:00,49.595132315719155,50.31787550862265,49.595132315719155,50.032997131347656,301600,0.0,0.0
2006-12-27 00:00:00-05:00,50.29679207005791,51.109222412109375,50.22821177767286,51.109222412109375,1135600,0.0,0.0
2006-12-28 00:00:00-05:00,51.21471999298172,51.51542430093291,50.86653393909084,51.4362907409668,432300,0.0,0.0
2006-12-29 00:00:00-05:00,51.53125020794612,51.72644578587586,51.34660791795856,51.4362907409668,442000,0.0,0.0
2007-01-03 00:00:00-05:00,51.874145156454915,52.42807187199458,51.72115472314426,52.32256317138672,948300,0.0,0.0
2007-01-04 00:00:00-05:00,52.04298295960664,52.22762527428308,51.62093993328856,51.93219757080078,834400,0.0,0.0
2007-01-05 00:00:00-05:00,51.75282523115142,51.75282523115142,50.9403950631925,51.19889831542969,742300,0.0,0.0
2007-01-08 00:00:00-05:00,50.67135081353062,51.515432868786945,50.65552087898458,51.383544921875,583600,0.0,0.0
2007-01-09 00:00:00-05:00,51.673686304106475,52.396433566672,51.394084553047534,52.122108459472656,737800,0.0,0.0
2007-01-10 00:00:00-05:00,52.06937374083664,53.451561242679595,51.84252625055138,53.30912399291992,1130300,0.0,0.0
2007-01-11 00:00:00-05:00,52.99256848230623,54.44861235148491,52.99256848230623,53.97909164428711,966500,0.0,0.0
2007-01-12 00:00:00-05:00,53.93689453931994,54.522477355341586,53.720600395734905,54.32728576660156,644500,0.0,0.0
2007-01-16 00:00:00-05:00,54.41697103826388,55.619788543885996,54.41697103826388,55.31908416748047,640600,0.0,0.0
2007-01-17 00:00:00-05:00,55.15025421148558,55.514266165922514,54.58577406360945,55.09749984741211,589100,0.0,0.0
2007-01-18 00:00:00-05:00,55.208245755125674,55.276825976908235,54.65431526606837,54.77565383911133,421200,0.0,0.0
2007-01-19 00:00:00-05:00,54.45915976338762,55.661976907088864,54.34309775392526,54.928680419921875,751900,0.0,0.0
2007-01-22 00:00:00-05:00,54.8284761373634,54.9076097374603,53.98439379443477,54.1268310546875,800600,0.0,0.0
2007-01-23 00:00:00-05:00,54.205957221339595,54.55414340405714,53.84722177167676,54.35894775390625,763600,0.0,0.0
2007-01-24 00:00:00-05:00,54.42224355063751,54.99199641404899,54.23759720773772,54.97089385986328,672900,0.0,0.0
2007-01-25 00:00:00-05:00,55.23994043120969,55.994339556080234,54.786245627446974,55.33489990234375,1004200,0.0,0.0
2007-01-26 00:00:00-05:00,55.334908237075155,55.904665149698246,54.93396774024029,55.79915237426758,875700,0.0,0.0
2007-01-29 00:00:00-05:00,55.78858617843916,56.226455007564994,55.32434218213564,55.925750732421875,638700,0.0,0.0
2007-01-30 00:00:00-05:00,56.31085835836877,56.76455307006836,55.82023519454942,56.76455307006836,591200,0.0,0.0
2007-01-31 00:00:00-05:00,56.81731076681045,57.719427625010695,56.49550394017753,57.37651824951172,697000,0.0,0.0
2007-02-01 00:00:00-05:00,57.371226210606004,57.72996139526367,56.975562581567345,57.72996139526367,620700,0.0,0.0
2007-02-02 00:00:00-05:00,57.925174915598596,57.97792927756366,57.48730606397893,57.83021545410156,725000,0.0,0.0
2007-02-05 00:00:00-05:00,57.79329938640331,58.21006175269144,57.79329938640331,58.152034759521484,551700,0.0,0.0
2007-02-06 00:00:00-05:00,58.347222266091045,59.02776450099304,58.07816974882738,58.927528381347656,956800,0.0,0.0
2007-02-07 00:00:00-05:00,58.98030074099992,61.38065933720606,58.62156530800828,60.80562973022461,1643700,0.0,0.0
2007-02-08 00:00:00-05:00,60.668435939722166,61.807949364106925,60.5840257490717,60.82142639160156,1355900,0.0,0.0
2007-02-09 00:00:00-05:00,60.69483463312887,60.979709055862145,57.635032662157045,59.29682159423828,2222300,0.0,0.0
2007-02-12 00:00:00-05:00,59.47090749696252,59.47090749696252,57.239361938008486,57.724708557128906,1504800,0.0,0.0
2007-02-13 00:00:00-05:00,57.87240848522846,58.64790997551979,57.13383947056935,58.489646911621094,1226800,0.0,0.0
2007-02-14 00:00:00-05:00,59.37594009605447,59.37594009605447,57.89879385916376,58.19422149658203,899700,0.0,0.0
2007-02-15 00:00:00-05:00,58.42106692671987,59.29152792935727,58.141465204183504,58.88531494140625,566600,0.0,0.0
2007-02-16 00:00:00-05:00,58.71650850912737,59.349568968160995,58.20478269270674,59.05941390991211,856100,0.0,0.0
2007-02-20 00:00:00-05:00,59.059430176703245,59.61336124960257,58.294481575938796,59.49729919433594,790700,0.0,0.0
2007-02-21 00:00:00-05:00,59.25989961184951,59.449818597711584,58.52660287056587,58.742897033691406,619500,0.0,0.0
2007-02-22 00:00:00-05:00,58.79563891357428,58.82201811013087,57.867150763306704,57.99903869628906,1009800,0.0,0.0
2007-02-23 00:00:00-05:00,57.62975946554556,57.809129176595995,55.68836861450498,56.11568832397461,1884200,0.0,0.0
2007-02-26 00:00:00-05:00,56.210634365838665,57.45038003646932,55.134428431682274,56.10512161254883,1413500,0.0,0.0
2007-02-27 00:00:00-05:00,55.88356239823071,56.32143135870237,53.81028366088867,53.81028366088867,1345000,0.0,0.0
2007-02-28 00:00:00-05:00,54.8548281184121,55.43513418958328,53.24579380639647,53.4251594543457,2939600,0.0,0.0
2007-03-01 00:00:00-05:00,52.38589308143993,53.84193308845894,51.29386106372535,53.029502868652344,1686900,0.0,0.0
2007-03-02 00:00:00-05:00,52.75515806194947,52.99783130604654,51.52596191313025,51.5312385559082,1606600,0.0,0.0
2007-03-05 00:00:00-05:00,50.91928946473247,51.53652802661717,49.827257582028984,49.90639114379883,1212000,0.0,0.0
2007-03-06 00:00:00-05:00,50.38118872661782,51.795027482245615,50.38118872661782,51.615657806396484,1328100,0.0,0.0
2007-03-07 00:00:00-05:00,51.52598700932757,51.59984394459506,50.32316946365584,50.79269027709961,1191100,0.0,0.0
2007-03-08 00:00:00-05:00,51.220019861853785,52.285677116555945,51.220019861853785,51.5260009765625,981700,0.0,0.0
2007-03-09 00:00:00-05:00,51.66840037284033,52.37004087919058,51.56816428983361,52.32256317138672,829100,0.0,0.0
2007-03-12 00:00:00-04:00,52.21706905325121,52.54414853141724,51.55235278407176,52.06935119628906,1329700,0.0,0.0
2007-03-13 00:00:00-04:00,51.5125919829545,51.79892081872473,50.26653423044155,50.319557189941406,1367300,0.5,0.0
2007-03-14 00:00:00-04:00,50.425624561822175,50.987679498738146,49.60905769287132,50.764976501464844,1461100,0.0,0.0
2007-03-15 00:00:00-04:00,50.62710188057101,51.75650682571963,50.62710188057101,51.682273864746094,1202900,0.0,0.0
2007-03-16 00:00:00-04:00,51.67696943989247,51.8095288743408,50.69072692396541,50.791473388671875,1334000,0.0,0.0
2007-03-19 00:00:00-04:00,51.30579732218059,51.4860761855227,50.87630206497367,51.24747085571289,803900,0.0,0.0
2007-03-20 00:00:00-04:00,50.31425319820224,50.849794388421365,50.075647860043226,50.780860900878906,1440300,0.0,0.0
2007-03-21 00:00:00-04:00,50.90284049244741,52.04815634531675,50.39911608489862,51.851966857910156,1324900,0.0,0.0
2007-03-22 00:00:00-04:00,51.851969268847505,52.04815876537623,51.3747543079631,51.581546783447266,683700,0.0,0.0
2007-03-23 00:00:00-04:00,51.64516011573043,52.212514373402556,51.51260067192485,51.68758010864258,637700,0.0,0.0
2007-03-26 00:00:00-04:00,51.74060024224015,51.74060024224015,50.33016589563722,50.80738067626953,957300,0.0,0.0
2007-03-27 00:00:00-04:00,50.47863391654423,50.680126857520065,49.70979077078009,49.9802131652832,859600,0.0,0.0
2007-03-28 00:00:00-04:00,49.683278502266056,50.3778927468128,49.00987829981712,49.71509552001953,1176900,0.0,0.0
2007-03-29 00:00:00-04:00,50.17639918692338,50.505148063732264,49.6037454644791,49.77872085571289,821300,0.0,0.0
2007-03-30 00:00:00-04:00,49.77871305633563,50.43621070693603,49.667363626490214,50.197601318359375,1245800,0.0,0.0
2007-04-02 00:00:00-04:00,50.33018118010229,51.051305057519706,49.921899771535195,50.94525909423828,770600,0.0,0.0
2007-04-03 00:00:00-04:00,51.2209603976859,51.740595117437394,51.06719098107977,51.72998809814453,1113700,0.0,0.0
2007-04-04 00:00:00-04:00,51.729987594492165,51.777711090060315,51.08840047686719,51.61333465576172,1092000,0.0,0.0
2007-04-05 00:00:00-04:00,51.539120501662985,51.73000646277532,51.14144209024462,51.23688507080078,557700,0.0,0.0
2007-04-09 00:00:00-04:00,51.167929823214145,51.220952775610584,50.81267159222683,50.992950439453125,566600,0.0,0.0
2007-04-10 00:00:00-04:00,51.16795099417094,51.4277664001876,50.89222910039316,51.22097396850586,589900,0.0,0.0
2007-04-11 00:00:00-04:00,50.324864931626685,51.1891509757956,49.91657961381838,50.038536071777344,730000,0.0,0.0
2007-04-12 00:00:00-04:00,49.84234224041986,49.90066870922622,49.200755128942404,49.524200439453125,831400,0.0,0.0
2007-04-13 00:00:00-04:00,49.418157379819206,49.91127865609972,49.22727146349172,49.82644271850586,745800,0.0,0.0
2007-04-16 00:00:00-04:00,50.16048924937156,50.36728164374008,49.455272086323575,49.57722854614258,933100,0.0,0.0
2007-04-17 00:00:00-04:00,49.57722702600299,51.20505667135122,49.497690558593945,51.07780075073242,1825100,0.0,0.0
2007-04-18 00:00:00-04:00,50.17110977145376,51.31642149114884,50.16580625993186,50.9982795715332,1078500,0.0,0.0
2007-04-19 00:00:00-04:00,50.90283628837386,50.98767629064359,50.40441138852414,50.70134735107422,734700,0.0,0.0
2007-04-20 00:00:00-04:00,51.220969073425806,51.27929555323817,50.595288327123995,50.74905776977539,728200,0.0,0.0
2007-04-23 00:00:00-04:00,50.74375033584394,51.740599880731594,50.72254438609108,51.486083984375,527700,0.0,0.0
2007-04-24 00:00:00-04:00,51.687581646919405,51.714091109233564,50.690732010782554,50.92403793334961,451600,0.0,0.0
2007-04-25 00:00:00-04:00,51.28460519652233,52.68443278862744,50.589994911648716,51.03539276123047,533900,0.0,0.0
2007-04-26 00:00:00-04:00,50.92934370131724,51.215668561203415,50.58999182366581,50.81269073486328,384800,0.0,0.0
2007-04-27 00:00:00-04:00,50.66420910647466,50.78616150062919,50.42559973659418,50.536949157714844,493100,0.0,0.0
2007-04-30 00:00:00-04:00,49.64085393081345,50.637699330400444,49.48178100585937,49.481781005859375,758000,0.0,0.0
2007-05-01 00:00:00-04:00,49.60373002985987,49.651449472968096,48.14027309366215,48.56446075439453,1103400,0.0,0.0
2007-05-02 00:00:00-04:00,48.61749676746028,48.78186916250394,48.10316554315801,48.59628677368164,1003600,0.0,0.0
2007-05-03 00:00:00-04:00,48.861425606824604,49.073521585942515,48.29937065535298,48.612213134765625,676400,0.0,0.0
2007-05-04 00:00:00-04:00,48.5697728519326,48.58567933578146,47.34492505085851,47.66306686401367,1185000,0.0,0.0
2007-05-07 00:00:00-04:00,47.66306486412381,48.06604663475443,47.66306486412381,47.91227722167969,863300,0.0,0.0
2007-05-08 00:00:00-04:00,47.668379843949246,48.07136171154819,47.65777282234763,47.75321578979492,732500,0.0,0.0
2007-05-09 00:00:00-04:00,47.588841006033604,47.82744639013497,47.06390673377465,47.62595748901367,1205600,0.0,0.0
2007-05-10 00:00:00-04:00,47.488106814426445,47.578250335314245,46.58670396870274,46.607913970947266,966200,0.0,0.0
2007-05-11 00:00:00-04:00,47.13283238555363,47.13283238555363,46.44882521549799,46.65031814575195,1291900,0.0,0.0
2007-05-14 00:00:00-04:00,46.660914357448846,47.413850868231705,46.660914357448846,47.16463851928711,1130700,0.0,0.0
2007-05-15 00:00:00-04:00,47.27071449752756,47.67899594290567,46.48596054415066,46.512474060058594,1238500,0.0,0.0
2007-05-16 00:00:00-04:00,46.74045361072089,46.761663603962276,45.53681177797572,45.695884704589844,929500,0.0,0.0
2007-05-17 00:00:00-04:00,45.4572754439197,45.46787841693067,43.98321138107808,44.402099609375,1499100,0.0,0.0
2007-05-18 00:00:00-04:00,44.39680739110911,44.460433330343065,43.61735727235013,44.10517501831055,1288700,0.0,0.0
2007-05-21 00:00:00-04:00,43.95671246702062,45.47849229604249,43.95671246702062,44.86341857910156,1558600,0.0,0.0
2007-05-22 00:00:00-04:00,44.99599421437505,45.2664167103224,44.47635922661295,45.09674072265625,1927900,0.0,0.0
2007-05-23 00:00:00-04:00,45.42547414488136,45.61105657720011,44.61951441935695,44.69905090332031,1240800,0.0,0.0
2007-05-24 00:00:00-04:00,44.96417370473993,44.96417370473993,43.113640596511786,43.527225494384766,1413500,0.0,0.0
2007-05-25 00:00:00-04:00,44.433936475860676,44.433936475860676,43.4105771938138,43.781742095947266,1232700,0.0,0.0
2007-05-29 00:00:00-04:00,44.57708013540786,45.40955310391976,44.11047244863554,45.11262130737305,1055500,0.0,0.0
2007-05-30 00:00:00-04:00,45.908007341865805,47.456301342133365,44.85283080157425,47.40327835083008,1973800,0.0,0.0
2007-05-31 00:00:00-04:00,47.57825151801678,48.86142634525056,47.23889551906295,47.456295013427734,1542700,0.0,0.0
2007-06-01 00:00:00-04:00,47.37675726628263,47.75852921532815,46.7139598673548,47.323734283447266,785500,0.0,0.0
2007-06-04 00:00:00-04:00,47.44567754414813,48.07135827594292,47.22827811618025,47.55172348022461,710600,0.0,0.0
2007-06-05 00:00:00-04:00,47.58883292015014,48.081954136180215,46.6927299249554,46.77226638793945,1542200,0.0,0.0
2007-06-06 00:00:00-04:00,46.28974782620331,46.54956313841839,45.54211080820264,46.157188415527344,1695200,0.0,0.0
2007-06-07 00:00:00-04:00,46.15718020421307,46.15718020421307,43.452965471186666,44.465721130371094,1405700,0.0,0.0
2007-06-08 00:00:00-04:00,44.529383923079074,44.90054886243706,44.08398195045505,44.67254638671875,895700,0.0,0.0
2007-06-11 00:00:00-04:00,44.31726641972422,44.53996527520606,43.73400577877025,43.74991226196289,890900,0.0,0.0
2007-06-12 00:00:00-04:00,43.42648887173151,43.871886807507806,43.039413388635374,43.11894989013672,990800,0.0,0.0
2007-06-13 00:00:00-04:00,43.28434319350416,44.340711340024626,43.11895380401105,44.079288482666016,1334200,0.5,0.0
2007-06-14 00:00:00-04:00,44.079267112602274,44.330017201730776,43.529740047641255,43.65778732299805,772900,0.0,0.0
2007-06-15 00:00:00-04:00,44.095281018630956,44.60212169166427,44.06860347987302,44.30868911743164,1146500,0.0,0.0
2007-06-18 00:00:00-04:00,44.10062746075567,44.44207886902526,44.00992625041698,44.09529113769531,1166300,0.0,0.0
2007-06-19 00:00:00-04:00,44.0952817075491,44.20732004532517,43.497739835655736,44.11662292480469,940000,0.0,0.0
2007-06-20 00:00:00-04:00,44.11663691934996,44.11663691934996,42.86286544799805,42.86286544799805,1202300,0.0,0.0
2007-06-21 00:00:00-04:00,42.63343900789198,42.681453689490766,41.47570148304487,42.40402603149414,1574400,0.0,0.0
2007-06-22 00:00:00-04:00,42.201279785288165,42.50005268131089,41.68910291121774,42.17460632324219,1359400,0.0,0.0
2007-06-25 00:00:00-04:00,41.84383010262118,42.4413719164691,41.13958628328141,41.40634536743164,1821000,0.0,0.0
2007-06-26 00:00:00-04:00,41.53438542402348,41.70511106205695,41.02754483091732,41.374332427978516,1044000,0.0,0.0
2007-06-27 00:00:00-04:00,41.37432007148365,42.654759939119494,39.62971403563836,42.473365783691406,1606500,0.0,0.0
2007-06-28 00:00:00-04:00,42.452032026253896,42.88951667423311,41.67843246459961,41.67843246459961,1121200,0.0,0.0
2007-06-29 00:00:00-04:00,41.806497268562566,42.23331356689905,40.71811937118424,40.98487854003906,1564100,0.0,0.0
2007-07-02 00:00:00-04:00,41.08090617974226,42.23863983154297,40.52604669873414,42.23863983154297,1320600,0.0,0.0
2007-07-03 00:00:00-04:00,42.11059679735374,42.52140407020458,41.96121233449889,42.28132247924805,826100,0.0,0.0
2007-07-05 00:00:00-04:00,42.78816401301219,43.807185871735356,42.68146198621522,42.84685134887695,1001700,0.0,0.0
2007-07-06 00:00:00-04:00,42.846836977154744,43.11359602509204,42.46803961753418,42.937538146972656,716100,0.0,0.0
2007-07-09 00:00:00-04:00,43.02824515341757,43.140283490897126,42.47338571750386,43.03891372680664,789700,0.0,0.0
2007-07-10 00:00:00-04:00,42.29197391062002,42.50538194408887,40.95817878946433,41.032875061035156,1233700,0.0,0.0
2007-07-11 00:00:00-04:00,40.7821177473222,40.9688482356412,40.17923979449595,40.84080505371094,831400,0.0,0.0
2007-07-12 00:00:00-04:00,40.734115520810626,41.41168594360352,40.45668783577563,41.411685943603516,936600,0.0,0.0
2007-07-13 00:00:00-04:00,41.34764789399647,42.035886650617854,40.82479842641679,42.01454544067383,869900,0.0,0.0
2007-07-16 00:00:00-04:00,41.96119445102356,42.59607814757508,41.89183450110057,42.01454544067383,990600,0.0,0.0
2007-07-17 00:00:00-04:00,42.14794145322794,42.254643474308146,41.224953096241556,41.587745666503906,1009800,0.0,0.0
2007-07-18 00:00:00-04:00,40.85681312814188,41.1075672621863,40.14723314678633,41.032875061035156,1104100,0.0,0.0
2007-07-19 00:00:00-04:00,41.27296471703926,41.8438289789743,41.134248857288355,41.67310333251953,720400,0.0,0.0
2007-07-20 00:00:00-04:00,41.08090009020201,41.45436119012647,40.28062281571756,40.622074127197266,1137200,0.0,0.0
2007-07-23 00:00:00-04:00,40.91018225238554,41.07557161818356,39.907169342041016,39.907169342041016,656700,0.0,0.0
2007-07-24 00:00:00-04:00,39.88048829782934,40.65408811490306,39.053533400608906,39.27227783203125,1392800,0.0,0.0
2007-07-25 00:00:00-04:00,39.26694614829906,39.73644485835391,38.05052507301443,38.642730712890625,1206300,0.0,0.0
2007-07-26 00:00:00-04:00,37.75174019867262,38.48799367822477,36.72205014914323,37.75707244873047,2019700,0.0,0.0
2007-07-27 00:00:00-04:00,36.85544713231015,38.39197845398171,36.85544713231015,37.18622589111328,1782400,0.0,0.0
2007-07-30 00:00:00-04:00,37.266247181085895,38.119875526518825,37.122199051402625,37.78909683227539,1120400,0.0,0.0
2007-07-31 00:00:00-04:00,38.19989290340484,38.97349654524276,37.34626480760079,37.39427947998047,1222900,0.0,0.0
2007-08-01 00:00:00-04:00,37.378286996234856,38.96283683744438,37.1648829542631,38.520015716552734,1615600,0.0,0.0
2007-08-02 00:00:00-04:00,38.66940100933971,39.853807996708646,38.41864680353834,39.603057861328125,1432700,0.0,0.0
2007-08-03 00:00:00-04:00,39.29362054975416,40.216604857456176,38.231920355134264,38.37063217163086,1839800,0.0,0.0
2007-08-06 00:00:00-04:00,38.68005786490255,39.18689837427481,37.44763249615511,39.16022491455078,1564400,0.0,0.0
2007-08-07 00:00:00-04:00,39.73110134851182,39.9605143393106,38.11987409115646,39.325626373291016,1528800,0.0,0.0
2007-08-08 00:00:00-04:00,39.32027212540731,41.56638632477836,39.32027212540731,41.08088302612305,1535500,0.0,0.0
2007-08-09 00:00:00-04:00,38.605368117173946,42.329321990101334,38.205229562120664,40.4566764831543,1751500,0.0,0.0
2007-08-10 00:00:00-04:00,40.04054058764165,40.13657402178033,38.055852329056016,38.189231872558594,1629600,0.0,0.0
2007-08-13 00:00:00-04:00,38.68008328800646,38.89349145816267,37.63438773170551,37.67173385620117,1018400,0.0,0.0
2007-08-14 00:00:00-04:00,37.49032212285923,37.95982074392662,36.90345291694584,37.13286590576172,1472100,0.0,0.0
2007-08-15 00:00:00-04:00,36.860774974000044,38.477338736058016,36.8341015030036,36.94080352783203,1431200,0.0,0.0
2007-08-16 00:00:00-04:00,37.22355219560203,39.17089387325256,36.3272417174998,38.8454475402832,1989700,0.0,0.0
2007-08-17 00:00:00-04:00,41.60907800797022,42.28131199454118,39.635062546172385,40.104557037353516,2387200,0.0,0.0
2007-08-20 00:00:00-04:00,39.98718663662571,40.89417000016102,39.592384316490985,40.46735382080078,1132900,0.0,0.0
2007-08-21 00:00:00-04:00,40.344634026137314,40.744772540030326,39.933822872438924,40.728763580322266,939200,0.0,0.0
2007-08-22 00:00:00-04:00,41.080893603792724,42.03589148900663,40.89949940401917,41.310306549072266,994600,0.0,0.0
2007-08-23 00:00:00-04:00,41.36365328106554,41.465023011913296,40.0405308119879,40.39265060424805,812800,0.0,0.0
2007-08-24 00:00:00-04:00,40.216586369303016,40.536700433555666,39.64572225800094,40.21125411987305,622700,0.0,0.0
2007-08-27 00:00:00-04:00,40.104564980929446,40.26995840262621,39.27227783203125,39.27227783203125,550000,0.0,0.0
2007-08-28 00:00:00-04:00,39.12822866400633,39.18691600038397,37.549015045166016,37.549015045166016,854700,0.0,0.0
2007-08-29 00:00:00-04:00,37.77307797420547,39.14955139160156,37.645030716906675,39.14955139160156,782400,0.0,0.0
2007-08-30 00:00:00-04:00,38.75474899640246,39.46966526626301,38.466648774555935,39.26692581176758,600600,0.0,0.0
2007-08-31 00:00:00-04:00,39.78445141076344,41.0008722371381,39.619062073794126,40.43000793457031,875500,0.0,0.0
2007-09-04 00:00:00-04:00,40.49403372722636,41.955872510855116,40.20593339986811,41.449031829833984,996600,0.0,0.0
2007-09-05 00:00:00-04:00,40.995524240687935,41.070220511075604,39.971170580766426,40.23259735107422,797400,0.0,0.0
2007-09-06 00:00:00-04:00,40.36064648201572,41.064890235678355,39.70441740522043,40.96885681152344,660600,0.0,0.0
2007-09-07 00:00:00-04:00,40.333975191815426,40.344647835273825,39.54970278487782,39.603057861328125,939300,0.0,0.0
2007-09-10 00:00:00-04:00,39.726585884006,39.89846927390126,38.65768618115803,39.0497932434082,634500,0.5,0.0
2007-09-11 00:00:00-04:00,39.14649878162967,39.662149226291454,38.97998781144396,39.318382263183594,809000,0.0,0.0
2007-09-12 00:00:00-04:00,39.28076288250328,39.74807278102811,38.765112700350045,39.59767532348633,792600,0.0,0.0
2007-09-13 00:00:00-04:00,39.89310314949937,41.4346854947765,39.801790980447386,41.06406021118164,960000,0.0,0.0
2007-09-14 00:00:00-04:00,40.71492534924516,41.27354338755449,40.17241664312912,41.139259338378906,778500,0.0,0.0
2007-09-17 00:00:00-04:00,41.03721148509237,41.57972026044685,40.645100208325395,41.33263397216797,595800,0.0,0.0
2007-09-18 00:00:00-04:00,41.62806018940227,42.68621927828776,41.23594891610036,42.40690612792969,1124700,0.0,0.0
2007-09-19 00:00:00-04:00,42.756038907573355,43.561743173789026,42.53044269655869,42.84735107421875,1113600,0.0,0.0
2007-09-20 00:00:00-04:00,42.92792232995443,42.9440357595985,41.88050842285156,41.88050842285156,818800,0.0,0.0
2007-09-21 00:00:00-04:00,42.39079986422378,42.59491430046906,41.692525066296916,41.71937942504883,1151200,0.0,0.0
2007-09-24 00:00:00-04:00,41.84290833445322,43.137404369216235,41.84290833445322,42.895694732666016,891700,0.0,0.0
2007-09-25 00:00:00-04:00,42.53581941009606,42.67547187946646,41.98793816002251,42.07925033569336,782500,0.0,0.0
2007-09-26 00:00:00-04:00,42.267258740633814,42.49822752438687,41.70326395997348,41.987945556640625,824400,0.0,0.0
2007-09-27 00:00:00-04:00,42.165195694410684,42.76678977068978,41.902000078924246,42.256507873535156,437600,0.0,0.0
2007-09-28 00:00:00-04:00,42.25652568593607,42.320983538501885,41.42396660493139,42.245784759521484,817200,0.0,0.0
2007-10-01 00:00:00-04:00,42.2457773957611,43.45970677031708,42.2457773957611,43.4543342590332,759600,0.0,0.0
2007-10-02 00:00:00-04:00,43.4113516986171,44.58230889124796,43.4113516986171,44.555450439453125,771900,0.0,0.0
2007-10-03 00:00:00-04:00,44.35670749955221,44.81327244088982,44.04516752620696,44.437278747558594,784100,0.0,0.0
2007-10-04 00:00:00-04:00,44.79178346172516,45.03886560029211,44.22778886198033,44.90995407104492,907600,0.0,0.0
2007-10-05 00:00:00-04:00,45.065737528967084,45.96812669970248,44.990538772907875,45.89829635620117,1011700,0.0,0.0
2007-10-08 00:00:00-04:00,44.990532393962155,45.18927017907297,44.45339615653957,44.65213394165039,487400,0.0,0.0
2007-10-09 00:00:00-04:00,44.95831281341256,45.17316818237305,43.93775698239454,45.17316818237305,708300,0.0,0.0
2007-10-10 00:00:00-04:00,45.17317861970336,45.25912242635512,44.5447299011608,45.05500793457031,553300,0.0,0.0
2007-10-11 00:00:00-04:00,45.097974603311606,45.58139821455049,44.30301497418615,44.44804000854492,664900,0.0,0.0
2007-10-12 00:00:00-04:00,44.66287427338315,44.71658707188275,44.0075674768261,44.39430618286133,717000,0.0,0.0
2007-10-15 00:00:00-04:00,44.55546162435565,44.59843351880502,43.21799316931598,43.34690475463867,555900,0.0,0.0
2007-10-16 00:00:00-04:00,43.35225081122026,43.35225081122026,42.197407465269336,42.240379333496094,739500,0.0,0.0
2007-10-17 00:00:00-04:00,42.578778190730745,42.62712257223206,40.91902955628037,42.06850051879883,612900,0.0,0.0
2007-10-18 00:00:00-04:00,41.78920663230275,42.57342515454897,40.98887057838672,41.961090087890625,463000,0.0,0.0
2007-10-19 00:00:00-04:00,41.789190725393944,41.80530415290541,40.543035122220424,40.64508819580078,1205000,0.0,0.0
2007-10-22 00:00:00-04:00,40.3443050622922,41.203722263924426,39.995165671559725,41.11778259277344,1127700,0.0,0.0
2007-10-23 00:00:00-04:00,41.28965760399571,41.85364810648168,41.02645793814529,41.6119384765625,640500,0.0,0.0
2007-10-24 00:00:00-04:00,41.34337650571929,41.83754085650597,40.322816843512555,41.7408561706543,821200,0.0,0.0
2007-10-25 00:00:00-04:00,41.66567320791653,42.27800841757472,41.04259707266161,41.90738296508789,863000,0.0,0.0
2007-10-26 00:00:00-04:00,42.25650637498017,42.71844386220072,41.49914641906459,42.15445327758789,655800,0.0,0.0
2007-10-29 00:00:00-04:00,42.272618134160936,42.65935686146902,41.60657038047706,42.10073471069336,923800,0.0,0.0
2007-10-30 00:00:00-04:00,42.455238887926264,43.00848842895367,42.11147210324859,42.51432418823242,553400,0.0,0.0
2007-10-31 00:00:00-04:00,42.621754579485035,43.49191665649414,42.235015878592094,43.49191665649414,1156900,0.0,0.0
2007-11-01 00:00:00-04:00,42.9709013774767,43.024614184593645,40.951267865288436,41.31652069091797,1356700,0.0,0.0
2007-11-02 00:00:00-04:00,41.1607287757107,41.35947056409895,39.850119767867156,40.69879150390625,1466600,0.0,0.0
2007-11-05 00:00:00-05:00,39.88236313871228,40.688067444544856,39.80179188852422,40.03276062011719,1077800,0.0,0.0
2007-11-06 00:00:00-05:00,40.06498414553927,40.24761257062984,39.0820280887537,39.89310073852539,839900,0.0,0.0
2007-11-07 00:00:00-05:00,39.70511073038303,39.70511073038303,38.07221603393555,38.07221603393555,1131300,0.0,0.0
2007-11-08 00:00:00-05:00,38.40524768758821,39.08204061246683,37.94331011483256,38.64695739746094,1165200,0.0,0.0
2007-11-09 00:00:00-05:00,37.75530319926298,41.20908905687046,37.75530319926298,40.32818603515625,2106800,0.0,0.0
2007-11-12 00:00:00-05:00,40.47858658696141,41.853654023249526,40.365788470518176,40.929779052734375,1512200,0.0,0.0
2007-11-13 00:00:00-05:00,41.37560512126167,42.45525014267528,41.19298076137374,42.33170700073242,1258100,0.0,0.0
2007-11-14 00:00:00-05:00,42.37468348263681,42.89033385230189,41.24132553228107,41.423954010009766,1011200,0.0,0.0
2007-11-15 00:00:00-05:00,40.881425173868216,41.864385130829895,40.483945643531676,41.10702133178711,1179400,0.0,0.0
2007-11-16 00:00:00-05:00,41.46692443430326,41.55286821705172,39.98443106411843,40.38728332519531,1318100,0.0,0.0
2007-11-19 00:00:00-05:00,40.22613312969322,40.77938280731499,39.81790843534125,39.98979187011719,1071200,0.0,0.0
2007-11-20 00:00:00-05:00,39.91458986871791,41.01572072228864,38.92626122385505,39.726593017578125,1761900,0.0,0.0
2007-11-21 00:00:00-05:00,39.210955256950896,40.258369545837404,38.947759581440366,40.134830474853516,1346600,0.0,0.0
2007-11-23 00:00:00-05:00,40.365796810595825,41.22521413584224,40.34968337606387,40.95664596557617,467100,0.0,0.0
2007-11-26 00:00:00-05:00,39.81791422531335,40.52693400911655,38.42673311311859,38.58787155151367,1356400,0.0,0.0
2007-11-27 00:00:00-05:00,38.711404110353214,39.780303955078125,38.528779777234625,39.780303955078125,2132800,0.0,0.0
2007-11-28 00:00:00-05:00,39.876993638249225,41.12852207127226,39.876993638249225,40.92441177368164,1630800,0.0,0.0
2007-11-29 00:00:00-05:00,40.7095666592933,41.37024211061975,39.92534803765624,40.822364807128906,1090800,0.0,0.0
2007-11-30 00:00:00-05:00,41.23056321307691,42.32094870894656,41.23056321307691,41.54209899902344,1662800,0.0,0.0
2007-12-03 00:00:00-05:00,41.214474638372884,41.4884112309457,40.661220746138596,40.95127487182617,1001400,0.0,0.0
2007-12-04 00:00:00-05:00,40.790120798154746,41.23057227999579,39.909217834472656,39.909217834472656,877300,0.0,0.0
2007-12-05 00:00:00-05:00,40.2100097703855,41.66027563711883,40.2100097703855,41.6549072265625,1050500,0.0,0.0
2007-12-06 00:00:00-05:00,41.59044924199453,43.14277227506746,41.25205496732571,43.06757354736328,950100,0.0,0.0
2007-12-07 00:00:00-05:00,42.79902697601294,43.502674323327554,42.40691561498987,42.551944732666016,947900,0.0,0.0
2007-12-10 00:00:00-05:00,42.551934316040146,43.943115234375,42.498221510726616,43.943115234375,721400,0.0,0.0
2007-12-11 00:00:00-05:00,44.316020346245814,44.85645961876101,41.457096099853516,41.457096099853516,1378600,0.5,0.0
2007-12-12 00:00:00-05:00,42.473115786684104,43.74855265970735,40.99771904363813,41.586795806884766,1370000,0.0,0.0
2007-12-13 00:00:00-05:00,41.38142781718594,41.8516113878001,40.441064799181326,41.36521530151367,919800,0.0,0.0
2007-12-14 00:00:00-05:00,40.94368972055839,41.311188674095085,39.45207583582413,39.457481384277344,1055300,0.0,0.0
2007-12-17 00:00:00-05:00,39.20887987903233,40.01953897406491,38.744101668022296,39.45207595825195,1313400,0.0,0.0
2007-12-18 00:00:00-05:00,39.873604996541594,40.646433246160825,39.14401287410118,40.26812744140625,1155200,0.0,0.0
2007-12-19 00:00:00-05:00,40.35459709927349,40.84099324037692,39.857393987578526,40.64643478393555,927700,0.0,0.0
2007-12-20 00:00:00-05:00,40.86800817114575,40.9706888012403,39.884409127268164,40.80315399169922,709000,0.0,0.0
2007-12-21 00:00:00-05:00,41.07337231413957,41.81917680074649,41.03554174141073,41.603004455566406,964300,0.0,0.0
2007-12-24 00:00:00-05:00,41.613813778464284,43.12704501969781,41.613813778464284,43.08380889892578,374100,0.0,0.0
2007-12-26 00:00:00-05:00,42.69472282651233,42.76497848097927,41.8624454563729,41.932701110839844,719900,0.0,0.0
2007-12-27 00:00:00-05:00,41.68408182359881,41.97051811678752,40.37081415655207,40.5167350769043,858500,0.0,0.0
2007-12-28 00:00:00-05:00,40.99773221088119,41.19769626835038,39.1710485679307,39.53854751586914,1149900,0.0,0.0
2007-12-31 00:00:00-05:00,39.333169454884015,40.10059222956863,39.333169454884015,39.673648834228516,923400,0.0,0.0
2008-01-02 00:00:00-05:00,39.75470556869357,40.59238796399443,39.45206094117916,40.01411819458008,1067100,0.0,0.0
2008-01-03 00:00:00-05:00,40.33297660570451,40.473491954276845,38.992689678968766,39.21967315673828,1348700,0.0,0.0
2008-01-04 00:00:00-05:00,38.92785648017881,38.92785648017881,37.782127380371094,37.782127380371094,1579100,0.0,0.0
2008-01-07 00:00:00-05:00,38.046922562462065,38.219862950886814,37.03089417264557,37.78750991821289,1258400,0.0,0.0
2008-01-08 00:00:00-05:00,37.82532780002151,38.98186703242518,35.92838971101393,36.090518951416016,1516500,0.0,0.0
2008-01-09 00:00:00-05:00,36.2310514776357,37.6848345265405,35.48524672159785,37.54431915283203,2517200,0.0,0.0
2008-01-10 00:00:00-05:00,37.18763782926221,39.387226260978814,37.03631544056046,38.765724182128906,1785900,0.0,0.0
2008-01-11 00:00:00-05:00,38.47385578432571,39.4304310511987,37.338930525131296,38.8359489440918,1638700,0.0,0.0
2008-01-14 00:00:00-05:00,39.07375085162338,39.61418998305262,37.98206149713124,39.47908020019531,1392700,0.0,0.0
2008-01-15 00:00:00-05:00,38.72245388558169,39.489876250460995,38.209034378739915,38.78730392456055,1550800,0.0,0.0
2008-01-16 00:00:00-05:00,38.722475039638454,39.91143980029962,38.641408323406,39.014312744140625,1747400,0.0,0.0
2008-01-17 00:00:00-05:00,39.27912369862985,39.83036990318359,38.59816910917301,38.92783737182617,1846500,0.0,0.0
2008-01-18 00:00:00-05:00,39.00348718788355,39.787126323273775,38.176616059993435,38.922420501708984,2126900,0.0,0.0
2008-01-22 00:00:00-05:00,37.30651891238623,40.48970560671607,36.86876446108922,40.23029708862305,2485400,0.0,0.0
2008-01-23 00:00:00-05:00,39.543935755393555,44.002559209623165,39.225078602662805,43.47833251953125,2756600,0.0,0.0
2008-01-24 00:00:00-05:00,43.57563702517749,43.57563702517749,41.40847751810668,42.57582473754883,1818400,0.0,0.0
2008-01-25 00:00:00-05:00,42.90547673593553,43.15407832516752,41.300371316358046,41.57059097290039,1923600,0.0,0.0
2008-01-28 00:00:00-05:00,42.046162426314844,43.197296192019664,40.84098145357787,43.18108367919922,1055800,0.0,0.0
2008-01-29 00:00:00-05:00,43.289166511765195,43.326997079839394,42.33259122004753,42.494720458984375,1101700,0.0,0.0
2008-01-30 00:00:00-05:00,42.6460559061117,43.46752161145975,41.4570872854367,41.635433197021484,1324900,0.0,0.0
2008-01-31 00:00:00-05:00,41.63544441112601,42.84062174819284,40.18706691369717,42.24073791503906,2037700,0.0,0.0
2008-02-01 00:00:00-05:00,42.4461120981391,43.96474553304128,41.88405461242403,43.81342315673828,2513900,0.0,0.0
2008-02-04 00:00:00-05:00,43.6783156085287,43.79721294567813,42.58662974813302,43.46754455566406,937100,0.0,0.0
2008-02-05 00:00:00-05:00,42.50013484939032,43.34321861235486,41.657051086425774,41.65705108642578,1256200,0.0,0.0
2008-02-06 00:00:00-05:00,41.85701395376807,42.34341005333539,41.10580380346781,41.176063537597656,1636700,0.0,0.0
2008-02-07 00:00:00-05:00,41.03555264129753,41.71650725451525,40.50592035918945,41.689483642578125,1387500,0.0,0.0
2008-02-08 00:00:00-05:00,41.262520741018164,41.61921249401364,39.39800766337162,39.85197448730469,1641000,0.0,0.0
2008-02-11 00:00:00-05:00,39.9114422090687,40.16004379682078,39.052145685527265,39.257511138916016,1392200,0.0,0.0
2008-02-12 00:00:00-05:00,39.60878714585172,40.54374459815556,39.55474405365777,40.31135559082031,1583100,0.0,0.0
2008-02-13 00:00:00-05:00,40.7491195048285,41.05176415967929,39.86820090510694,40.66264724731445,1108900,0.0,0.0
2008-02-14 00:00:00-05:00,40.576184915122994,40.90044768071951,39.75471484417207,39.7601203918457,885600,0.0,0.0
2008-02-15 00:00:00-05:00,39.66826776046271,40.11142807083841,39.11161562802791,39.9979362487793,1241000,0.0,0.0
2008-02-19 00:00:00-05:00,40.41404184762711,40.684261441819025,39.187246704214274,39.435848236083984,1064400,0.0,0.0
2008-02-20 00:00:00-05:00,39.06293443170686,41.00311279296875,39.035914952754936,41.00311279296875,1417200,0.0,0.0
2008-02-21 00:00:00-05:00,41.06257184250163,41.60841246062656,40.43025485082189,40.55996322631836,1239800,0.0,0.0
2008-02-22 00:00:00-05:00,40.73291607320893,41.59221267700195,39.86820979808438,41.59221267700195,1116700,0.0,0.0
2008-02-25 00:00:00-05:00,41.53816261163097,43.28377914428711,40.94368023942508,43.28377914428711,1439000,0.0,0.0
2008-02-26 00:00:00-05:00,42.95410589584018,43.6999104461128,42.58660710515001,43.50535202026367,1485500,0.0,0.0
2008-02-27 00:00:00-05:00,43.24054550533358,43.82962230811827,42.92708975106182,43.49455261230469,1095400,0.0,0.0
2008-02-28 00:00:00-05:00,43.82420480309445,44.88887049377595,43.80799228974976,44.2025146484375,1436300,0.0,0.0
2008-02-29 00:00:00-05:00,43.89988293032335,44.72134879179686,43.61344665884328,43.97013854980469,1434600,0.0,0.0
2008-03-03 00:00:00-05:00,43.251327040102765,44.80238825829342,43.251327040102765,44.65646743774414,1810900,0.0,0.0
2008-03-04 00:00:00-05:00,44.175496596816494,44.272775812335574,43.03516961837427,43.91608810424805,1534500,0.0,0.0
2008-03-05 00:00:00-05:00,44.0998511267573,44.73756973902276,43.305404604681456,43.872867584228516,1613400,0.0,0.0
2008-03-06 00:00:00-05:00,43.64046715035849,43.72153385825474,41.959700841087376,42.046173095703125,1756600,0.0,0.0
2008-03-07 00:00:00-05:00,41.884028608490055,43.208102702307976,41.59219101114092,42.651451110839844,2213900,0.0,0.0
2008-03-10 00:00:00-04:00,42.60822551977311,43.20811337530076,42.435285136761244,42.80278396606445,2012700,0.0,0.0
2008-03-11 00:00:00-04:00,43.732342955449994,46.11027647112431,43.62425675514744,45.904911041259766,2204900,0.0,0.0
2008-03-12 00:00:00-04:00,45.8668425848971,46.66646681205107,45.54590722847351,45.583984375,2050300,0.55,0.0
2008-03-13 00:00:00-04:00,44.86596348873433,47.31922780302444,43.832435413817535,46.87862014770508,2642600,0.0,0.0
2008-03-14 00:00:00-04:00,46.878608395018894,47.51504243761175,45.07265614375278,46.2530517578125,2752900,0.0,0.0
2008-03-17 00:00:00-04:00,44.963863316609206,46.36184432171741,44.86050929499393,45.99738693237305,2508400,0.0,0.0
2008-03-18 00:00:00-04:00,46.965616629450004,48.912999078622704,46.726276479619344,48.592063903808594,2733500,0.0,0.0
2008-03-19 00:00:00-04:00,49.00005372494262,49.41890226081456,48.412574299220935,48.68455505371094,2225400,0.0,0.0
2008-03-20 00:00:00-04:00,48.74438242858261,50.20763995391043,48.3853659048576,50.03900909423828,2105500,0.0,0.0
2008-03-24 00:00:00-04:00,50.501379895561115,51.665461236694775,49.62016498744882,51.40435791015625,1767300,0.0,0.0
2008-03-25 00:00:00-04:00,49.75614749751212,49.75614749751212,48.24393554321413,49.07075500488281,2481000,0.0,0.0
2008-03-26 00:00:00-04:00,48.793338635788054,49.320981887171946,48.309213294849435,48.456085205078125,1626400,0.0,0.0
2008-03-27 00:00:00-04:00,48.630150067709415,49.13059356048584,48.058988936758496,48.11338424682617,1639700,0.0,0.0
2008-03-28 00:00:00-04:00,48.3853690035544,48.71718581790942,47.86860728944558,47.97739791870117,1276700,0.0,0.0
2008-03-31 00:00:00-04:00,47.93931986092575,49.658239990742075,47.93931986092575,48.20586395263672,1340700,0.0,0.0
2008-04-01 00:00:00-04:00,49.33729375098402,51.458743887541075,48.423438499086934,51.415225982666016,2012400,0.0,0.0
2008-04-02 00:00:00-04:00,51.415236312527995,51.415236312527995,49.60928439833662,49.984619140625,1706500,0.0,0.0
2008-04-03 00:00:00-04:00,49.505922956460324,50.4796142578125,49.34273289362752,50.4796142578125,1723000,0.0,0.0
2008-04-04 00:00:00-04:00,50.457872394561896,50.47963135364838,49.103405204583716,49.36994934082031,1419700,0.0,0.0
2008-04-07 00:00:00-04:00,49.89214492342943,50.58841491632687,49.4188969672742,50.17500305175781,1057400,0.0,0.0
2008-04-08 00:00:00-04:00,49.89759996663507,49.98463166558301,49.16324847813001,49.239402770996094,1120200,0.0,0.0
2008-04-09 00:00:00-04:00,49.37538717931042,49.71808560570834,48.57576720127541,48.689998626708984,972100,0.0,0.0
2008-04-10 00:00:00-04:00,48.63560960617434,50.27293106635946,48.46153790665136,49.908477783203125,1248000,0.0,0.0
2008-04-11 00:00:00-04:00,49.25571998422318,49.57121452896788,48.755272204436935,48.842308044433594,909000,0.0,0.0
2008-04-14 00:00:00-04:00,48.70087726025448,49.95199049435596,48.505050768828205,49.065330505371094,814500,0.0,0.0
2008-04-15 00:00:00-04:00,49.5820934198748,50.539466857910156,49.5820934198748,50.539466857910156,1168200,0.0,0.0
2008-04-16 00:00:00-04:00,51.012722394287934,52.263835837586875,50.63195090290026,52.2420768737793,1500000,0.0,0.0
2008-04-17 00:00:00-04:00,51.83953726204864,52.01360479166535,51.371729998060495,51.75794219970703,1278900,0.0,0.0
2008-04-18 00:00:00-04:00,52.52492100940034,52.628275022229516,50.90391806662003,51.38260269165039,1558900,0.0,0.0
2008-04-21 00:00:00-04:00,51.02357595875413,51.24659795275631,50.47417383679446,50.86038589477539,1118500,0.0,0.0
2008-04-22 00:00:00-04:00,50.80600003951347,51.344520710649185,50.31099313011555,51.186771392822266,799800,0.0,0.0
2008-04-23 00:00:00-04:00,51.5675496386208,51.91568465161615,50.89303441960769,51.37172317504883,758300,0.0,0.0
2008-04-24 00:00:00-04:00,51.15957498663281,52.84585461713923,50.88215349077739,52.82953643798828,1065200,0.0,0.0
2008-04-25 00:00:00-04:00,53.07975441815607,53.31365798620457,52.36172553602284,52.6500244140625,906100,0.0,0.0
2008-04-28 00:00:00-04:00,52.45421820339449,52.720758230191365,51.817784115898846,51.948333740234375,926400,0.0,0.0
2008-04-29 00:00:00-04:00,51.95374899837826,52.01358507807724,50.46873270690594,50.4796142578125,1107600,0.0,0.0
2008-04-30 00:00:00-04:00,50.860400854458575,51.07798628706388,49.31555216814508,49.33730697631836,1668500,0.0,0.0
2008-05-01 00:00:00-04:00,49.59839549872281,50.79510879516601,49.38081013116158,50.795108795166016,1098100,0.0,0.0
2008-05-02 00:00:00-04:00,51.80689681308504,51.915691613044935,49.9519900873144,50.09885787963867,1182500,0.0,0.0
2008-05-05 00:00:00-04:00,49.75072055090092,51.02902930392267,49.60928939245217,50.762489318847656,1184600,0.0,0.0
2008-05-06 00:00:00-04:00,49.979176971926194,51.39348007445335,49.9519813892447,50.98006820678711,1257300,0.0,0.0
2008-05-07 00:00:00-04:00,50.7624757562251,51.31731453713394,49.63103509112538,49.696311950683594,1386400,0.0,0.0
2008-05-08 00:00:00-04:00,49.94111251831055,50.294688383730595,49.58210002503154,49.94111251831055,853200,0.0,0.0
2008-05-09 00:00:00-04:00,48.95653792483835,48.95653792483835,46.70453751230356,46.922122955322266,1865100,0.0,0.0
2008-05-12 00:00:00-04:00,45.692764351148554,47.330089569091804,45.15424364760854,47.3300895690918,1324300,0.0,0.0
2008-05-13 00:00:00-04:00,47.83052923167102,48.711748251992326,47.83052923167102,48.70086669921875,1387200,0.0,0.0
2008-05-14 00:00:00-04:00,48.84774525679684,48.902140577776066,47.41712382947116,47.787017822265625,1387100,0.0,0.0
2008-05-15 00:00:00-04:00,47.80877943752502,48.70631680889989,47.618393728469066,48.689998626708984,922900,0.0,0.0
2008-05-16 00:00:00-04:00,48.53224479868385,48.96197487376774,48.2711414574581,48.695430755615234,1004400,0.0,0.0
2008-05-19 00:00:00-04:00,48.55944435221588,48.76071161398868,47.85229684751965,48.222190856933594,917600,0.0,0.0
2008-05-20 00:00:00-04:00,47.97741423769475,48.11340464556815,47.161471790454385,47.43345260620117,1016200,0.0,0.0
2008-05-21 00:00:00-04:00,47.29745694535954,48.14059904057238,46.45431900024414,46.45431900024414,1057700,0.0,0.0
2008-05-22 00:00:00-04:00,46.30201324204362,47.10707409217891,46.12250491663997,46.79701614379883,952700,0.0,0.0
2008-05-23 00:00:00-04:00,46.671890883257525,46.91667185900515,46.32919253709538,46.557655334472656,697100,0.0,0.0
2008-05-27 00:00:00-04:00,46.7915780462823,47.3246622749629,46.503279043565435,47.31922149658203,797200,0.0,0.0
2008-05-28 00:00:00-04:00,47.667342378926165,47.667342378926165,46.4271108846585,46.84052276611328,869900,0.0,0.0
2008-05-29 00:00:00-04:00,46.601189394437455,47.738071299378205,46.47608055017411,47.69455337524414,831600,0.0,0.0
2008-05-30 00:00:00-04:00,47.591165690404466,48.39078934302488,47.22671267121256,47.939300537109375,975000,0.0,0.0
2008-06-02 00:00:00-04:00,47.65648356466689,47.754396833990974,46.421688215407684,46.465206146240234,1059000,0.0,0.0
2008-06-03 00:00:00-04:00,46.79700433405394,47.51503330436824,46.568541513975894,47.29201126098633,1348100,0.0,0.0
2008-06-04 00:00:00-04:00,47.34096955008085,48.243947648704435,47.09618853062586,47.787017822265625,1132600,0.0,0.0
2008-06-05 00:00:00-04:00,47.86860701450246,48.99460703622611,47.678221339350436,48.989166259765625,791300,0.0,0.0
2008-06-06 00:00:00-04:00,48.505040284401545,48.58663532987517,46.389030628959986,46.63381576538086,1452600,0.0,0.0
2008-06-09 00:00:00-04:00,46.70997722927557,47.40624731105145,46.291124534706086,46.50326919555664,1431200,0.0,0.0
2008-06-10 00:00:00-04:00,45.96474460679019,46.72085072452729,45.475178449597934,46.48150634765625,1475100,0.0,0.0
2008-06-11 00:00:00-04:00,46.30633647239749,46.62387914633917,45.74789878001952,45.950469970703125,1152800,0.55,0.0
2008-06-12 00:00:00-04:00,46.48697822313993,46.618373523875654,44.992341535713855,45.35367965698242,2343300,0.0,0.0
2008-06-13 00:00:00-04:00,45.80261246121153,47.01255421563173,45.32082282641511,47.00160217285156,992400,0.0,0.0
2008-06-16 00:00:00-04:00,44.65290059629168,46.82094192504883,44.116367331008604,46.82094192504883,994100,0.0,0.0
2008-06-17 00:00:00-04:00,47.02352309405978,47.050899036262784,44.795257568359375,44.795257568359375,1121200,0.0,0.0
2008-06-18 00:00:00-04:00,44.69671427920785,44.82810962492962,43.64554315946833,43.995933532714844,1099600,0.0,0.0
2008-06-19 00:00:00-04:00,43.798821820455096,45.51244922046719,43.66195050226617,45.38105392456055,1290900,0.0,0.0
2008-06-20 00:00:00-04:00,44.88285205392674,45.4850851199412,43.94664840417132,44.9704475402832,1896100,0.0,0.0
2008-06-23 00:00:00-04:00,45.17302203558394,45.26061752854612,43.924755977752184,43.96855163574219,1185600,0.0,0.0
2008-06-24 00:00:00-04:00,43.94664568748192,45.02519245801583,43.2896649609851,44.647430419921875,1290400,0.0,0.0
2008-06-25 00:00:00-04:00,44.6802681321502,46.19132847487544,44.647420356323785,45.53434371948242,1116900,0.0,0.0
2008-06-26 00:00:00-04:00,45.0033017081826,45.63291080253069,44.275149244075656,44.32442092895508,1608400,0.0,0.0
2008-06-27 00:00:00-04:00,44.07256588369271,44.302508703219075,43.48675678995766,43.5743522644043,1589700,0.0,0.0
2008-06-30 00:00:00-04:00,44.48866110074775,44.82262750133538,43.16921939072421,44.23134231567383,1126600,0.0,0.0
2008-07-01 00:00:00-04:00,43.51962112289159,44.52699661254883,43.24040652597723,44.52699661254883,1871800,0.0,0.0
2008-07-02 00:00:00-04:00,44.565311256994065,45.216816026003805,43.78788301132885,43.9849739074707,1654100,0.0,0.0
2008-07-03 00:00:00-04:00,44.510561335404304,44.70765639870503,43.5360338882032,43.8316764831543,724700,0.0,0.0
2008-07-07 00:00:00-04:00,44.028772057691015,44.29156687080401,42.36989206979939,42.38084411621094,1921300,0.0,0.0
2008-07-08 00:00:00-04:00,42.54508439554803,46.12016292393683,41.964751283712275,45.16206359863281,2277200,0.0,0.0
2008-07-09 00:00:00-04:00,45.05257126314858,45.35916173143199,41.74028312851381,41.82240676879883,2157100,0.0,0.0
2008-07-10 00:00:00-04:00,41.88262939453125,43.24039490427822,41.7183821182698,42.703857421875,1887800,0.0,0.0
2008-07-11 00:00:00-04:00,41.61436750448885,44.41749015203145,41.61436750448885,42.917381286621094,2012100,0.0,0.0
2008-07-14 00:00:00-04:00,43.59625994742072,43.995926118575845,41.33514679845078,41.52128982543945,2181200,0.0,0.0
2008-07-15 00:00:00-04:00,41.35157112717809,43.66743618092396,41.06140453676872,41.986656188964844,2492400,0.0,0.0
2008-07-16 00:00:00-04:00,42.12899893974563,45.1073207873783,41.09972791392293,44.70218276977539,2247100,0.0,0.0
2008-07-17 00:00:00-04:00,44.95950307785038,46.24609294751022,43.80430853617319,45.9176025390625,2198800,0.0,0.0
2008-07-18 00:00:00-04:00,45.93401533712236,46.3610531826474,45.27703050194592,46.2022819519043,1566600,0.0,0.0
2008-07-21 00:00:00-04:00,44.89380810568438,45.27704626018376,43.694813601349345,45.00330352783203,1862800,0.0,0.0
2008-07-22 00:00:00-04:00,44.47772502939012,46.525323999201824,43.53057736451041,46.37202453613281,1800400,0.0,0.0
2008-07-23 00:00:00-04:00,46.4541293765695,47.625747647639095,45.73692493149853,46.80451965332031,1906700,0.0,0.0
2008-07-24 00:00:00-04:00,47.045424925176626,47.30821977927012,43.41012186827545,43.68386459350586,1770400,0.0,0.0
2008-07-25 00:00:00-04:00,44.116375974413494,45.1237471383422,43.16922436362678,44.87738037109375,1514200,0.0,0.0
2008-07-28 00:00:00-04:00,44.91570046327273,45.101843484980265,43.180172834840896,43.63458251953125,1610800,0.0,0.0
2008-07-29 00:00:00-04:00,43.848098266306174,46.69502450093237,43.804302614220845,46.278934478759766,2081600,0.0,0.0
2008-07-30 00:00:00-04:00,46.56910048853226,46.56910048853226,44.15469237313046,45.824520111083984,1706700,0.0,0.0
2008-07-31 00:00:00-04:00,45.16753492295047,45.68217241507018,44.3791547949341,44.83356857299805,1529600,0.0,0.0
2008-08-01 00:00:00-04:00,44.915712766484205,45.019736352392265,43.683870340877135,44.521522521972656,1166800,0.0,0.0
2008-08-04 00:00:00-04:00,44.30251608228936,45.23324373731815,43.62363537857308,44.658382415771484,1406100,0.0,0.0
2008-08-05 00:00:00-04:00,45.31536807521225,47.10564780487196,44.778834682598074,46.946876525878906,1650800,0.0,0.0
2008-08-06 00:00:00-04:00,46.673116815709854,46.74976441532498,45.87926488670422,46.15300750732422,1675600,0.0,0.0
2008-08-07 00:00:00-04:00,44.80073788998386,45.73146153641872,43.1801813682837,43.85906219482422,2737100,0.0,0.0
2008-08-08 00:00:00-04:00,44.006878103739076,48.83022766393856,43.935706500349376,47.63123321533203,3993900,0.0,0.0
2008-08-11 00:00:00-04:00,47.40128304677659,48.89591572708169,45.446760496159456,48.32653045654297,2018000,0.0,0.0
2008-08-12 00:00:00-04:00,48.20608857758635,48.6057505592256,46.809999211026145,47.330108642578125,1790300,0.0,0.0
2008-08-13 00:00:00-04:00,47.30272583901943,47.63121614948174,45.9340127312757,46.68954086303711,1210000,0.0,0.0
2008-08-14 00:00:00-04:00,45.76428301548309,48.61668440574258,45.76428301548309,48.091094970703125,1457000,0.0,0.0
2008-08-15 00:00:00-04:00,48.08565022563028,48.87950249282621,47.48341703910413,48.41961669921875,1205600,0.0,0.0
2008-08-18 00:00:00-04:00,48.47436120479291,48.9123470492116,47.60933320986607,48.17871856689453,2131700,0.0,0.0
2008-08-19 00:00:00-04:00,47.29179401160789,47.43414140521935,46.12565144901424,46.47056579589844,1909900,0.0,0.0
2008-08-20 00:00:00-04:00,46.59100335837855,47.28083608238888,45.879274895685064,47.14944076538086,1611200,0.0,0.0
2008-08-21 00:00:00-04:00,46.49246686393389,46.78263350566371,45.999729086947966,46.27347183227539,1669600,0.0,0.0
2008-08-22 00:00:00-04:00,46.82094487142728,48.69881977205305,46.673125666133764,48.28273391723633,1906200,0.0,0.0
2008-08-25 00:00:00-04:00,47.81736752917833,47.959714886950195,46.51435392536678,46.72239685058594,1215500,0.0,0.0
2008-08-26 00:00:00-04:00,46.98518379368962,47.68596424247572,46.07636045447669,47.39579772949219,1318700,0.0,0.0
2008-08-27 00:00:00-04:00,47.6312103708699,48.2717670251063,46.94137787870279,47.76808166503906,864600,0.0,0.0
2008-08-28 00:00:00-04:00,47.93781420969865,49.3393794963528,47.93781420969865,49.13133239746094,1141200,0.0,0.0
2008-08-29 00:00:00-04:00,48.611219665444146,49.07658132908579,48.0965821534035,48.35390090942383,1033600,0.0,0.0
2008-09-02 00:00:00-04:00,49.76641224912492,50.24272176430521,49.20797493045548,49.854007720947266,2216200,0.0,0.0
2008-09-03 00:00:00-04:00,49.60219733964474,50.24823055138799,49.26275892165034,50.15515899658203,1489800,0.0,0.0
2008-09-04 00:00:00-04:00,49.34486482200753,50.16062119485532,48.62218415529174,48.7262077331543,1614700,0.0,0.0
2008-09-05 00:00:00-04:00,48.45246918054595,48.611240484748414,47.34107422811173,48.463417053222656,1384600,0.0,0.0
2008-09-08 00:00:00-04:00,50.36316960768391,51.21177346028658,49.38864648011564,50.97087860107422,2466000,0.0,0.0
2008-09-09 00:00:00-04:00,50.85593110433036,50.916154847448354,47.72431317012698,48.4031982421875,2833300,0.0,0.0
2008-09-10 00:00:00-04:00,48.92875356289319,49.016349022389186,46.399370448870094,47.21512222290039,2312900,0.0,0.0
2008-09-11 00:00:00-04:00,46.55394219175513,49.005892258014754,46.256401985333426,48.945281982421875,2028300,0.55,0.0
2008-09-12 00:00:00-04:00,48.2234733543735,49.35302398662503,47.92042615815924,49.31996536254883,1413900,0.0,0.0
2008-09-15 00:00:00-04:00,47.799203970236206,49.386080928735865,45.01665496826172,45.01665496826172,2848100,0.0,0.0
2008-09-16 00:00:00-04:00,45.396837517926606,50.50460400493872,45.181948101066325,50.306243896484375,3402900,0.0,0.0
2008-09-17 00:00:00-04:00,49.01690953791603,50.559709647025485,47.402481015176356,47.84878921508789,2599800,0.0,0.0
2008-09-18 00:00:00-04:00,49.325461190648944,55.094425201416016,48.06367634706406,55.094425201416016,4629400,0.0,0.0
2008-09-19 00:00:00-04:00,55.447076107417395,56.466428507502386,52.94003099802673,55.52421569824219,4296600,0.0,0.0
2008-09-22 00:00:00-04:00,55.160564394358516,55.380965051551236,50.102388439043224,51.13275909423828,2312200,0.0,0.0
2008-09-23 00:00:00-04:00,51.25396325781376,52.42208352013457,49.94258617565306,50.52113723754883,2467000,0.0,0.0
2008-09-24 00:00:00-04:00,50.70848209143634,51.15479033047652,49.46322207435774,50.12442398071289,1422400,0.0,0.0
2008-09-25 00:00:00-04:00,49.661584648190114,51.821505936418795,49.259357357379635,51.42478561401367,1533400,0.0,0.0
2008-09-26 00:00:00-04:00,50.295230114434,54.212836617431726,50.03625969522437,53.81611633300781,1467900,0.0,0.0
2008-09-29 00:00:00-04:00,52.587388918455694,53.52959747466958,50.003200149536134,50.96744918823242,2320100,0.0,0.0
2008-09-30 00:00:00-04:00,52.14107096094981,55.375438905935134,50.21808425958649,54.55445098876953,2643300,0.0,0.0
2008-10-01 00:00:00-04:00,53.970384607841105,54.85198693016952,53.00062877934612,54.444244384765625,2634700,0.0,0.0
2008-10-02 00:00:00-04:00,54.17975038321124,54.17975038321124,50.51009382625999,51.09966278076172,2327300,0.0,0.0
2008-10-03 00:00:00-04:00,52.06944833893374,52.884929379518944,48.28408058124606,48.49897003173828,2151900,0.0,0.0
2008-10-06 00:00:00-04:00,47.430042560353165,47.44657187434647,45.30869512075564,46.267433166503906,2812600,0.0,0.0
2008-10-07 00:00:00-04:00,46.443753811361425,46.78537505482874,42.31125707625884,42.779605865478516,3424100,0.0,0.0
2008-10-08 00:00:00-04:00,41.925539897754305,44.44361104542173,41.572900638500165,43.22589874267578,3473700,0.0,0.0
2008-10-09 00:00:00-04:00,43.94770614263941,44.97256519554219,38.84545135498046,38.84545135498047,4153100,0.0,0.0
2008-10-10 00:00:00-04:00,37.37428398215318,60.47217390997279,36.5918659755536,46.7247428894043,7178300,0.0,0.0
2008-10-13 00:00:00-04:00,47.91490780483397,48.813035322565284,45.016649754418296,48.44386672973633,3878700,0.0,0.0
2008-10-14 00:00:00-04:00,48.43284121355919,48.80752092043103,41.875948445197636,45.622745513916016,2941300,0.0,0.0
2008-10-15 00:00:00-04:00,44.4491216255245,44.4491216255245,39.33033657571312,41.06047439575195,3896700,0.0,0.0
2008-10-16 00:00:00-04:00,41.53433909617018,42.99448855214846,38.84546315962123,42.44348907470703,3367700,0.0,0.0
2008-10-17 00:00:00-04:00,41.914545968005854,44.18466618889068,40.37174516487341,42.465545654296875,2064200,0.0,0.0
2008-10-20 00:00:00-04:00,42.78511784602408,43.72732661496239,41.36904910621016,43.589576721191406,1507400,0.0,0.0
2008-10-21 00:00:00-04:00,43.80445303478735,43.95873219676858,41.396584103032076,41.57841491699219,1755800,0.0,0.0
2008-10-22 00:00:00-04:00,40.77397880659313,41.936588538598166,37.99693974558067,39.17607879638672,2628100,0.0,0.0
2008-10-23 00:00:00-04:00,40.06318107741751,40.751930588864916,36.17312518197645,40.592140197753906,3265200,0.0,0.0
2008-10-24 00:00:00-04:00,37.16490774756891,40.5755953695212,37.05470954938485,38.64158630371094,2063200,0.0,0.0
2008-10-27 00:00:00-04:00,38.636078652753916,40.39927501524813,36.36044848677564,36.635948181152344,1748000,0.0,0.0
2008-10-28 00:00:00-04:00,37.61672346234723,44.019337369525225,36.38799727617754,43.91464614868164,3212700,0.0,0.0
2008-10-29 00:00:00-04:00,43.49036904112245,44.65297774334445,40.674762662238685,42.01369094848633,2422700,0.0,0.0
2008-10-30 00:00:00-04:00,43.115711231509735,43.96976214508863,41.65556170367772,43.688751220703125,1934800,0.0,0.0
2008-10-31 00:00:00-04:00,43.03305333318507,46.77433985353096,42.3498152378308,44.90645217895508,3127800,0.0,0.0
2008-11-03 00:00:00-05:00,45.060751092948095,45.55114044937318,43.20939191668048,43.8705940246582,1475400,0.0,0.0
2008-11-04 00:00:00-05:00,44.57585043817826,46.515366395468135,44.228718140256255,46.179256439208984,1997900,0.0,0.0
2008-11-05 00:00:00-05:00,45.26460027903217,45.330717514747825,41.28087287928812,41.964115142822266,2641800,0.0,0.0
2008-11-06 00:00:00-05:00,42.07983712505976,42.1018776115035,38.92811902808611,39.462589263916016,2408700,0.0,0.0
2008-11-07 00:00:00-05:00,40.65825663718332,42.779604029396744,39.74910655372246,41.8759651184082,3550500,0.0,0.0
2008-11-10 00:00:00-05:00,42.47654774975699,43.30855813876648,39.313811922461696,39.83175277709961,2148100,0.0,0.0
2008-11-11 00:00:00-05:00,39.08239166790843,39.20912339273484,37.52857336673382,38.83995056152344,2915000,0.0,0.0
2008-11-12 00:00:00-05:00,38.07957277401039,38.294462225736325,36.029854123277886,36.228214263916016,4710000,0.0,0.0
2008-11-13 00:00:00-05:00,36.26126173294642,40.17336003375357,35.29150601453746,39.30278015136719,4408700,0.0,0.0
2008-11-14 00:00:00-05:00,37.82611467497195,39.120962596200386,35.1317254855,35.517425537109375,3172100,0.0,0.0
2008-11-17 00:00:00-05:00,35.258448711710216,36.97756606496804,34.19501981674701,35.23640823364258,3228100,0.0,0.0
2008-11-18 00:00:00-05:00,35.291518090208726,37.44592385361974,33.241799368572536,35.589054107666016,3311500,0.0,0.0
2008-11-19 00:00:00-05:00,35.20885750956845,35.63312513775609,30.949630901685875,31.665931701660156,4534700,0.0,0.0
2008-11-20 00:00:00-05:00,31.02678245917738,33.26935024572561,28.93849385931373,29.65479278564453,6174500,0.0,0.0
2008-11-21 00:00:00-05:00,30.431695897598544,34.035232393722254,30.029466597239175,33.05996322631836,8135200,0.0,0.0
2008-11-24 00:00:00-05:00,33.65503969286647,39.021771927424716,33.06546848289733,38.046504974365234,6239100,0.0,0.0
2008-11-25 00:00:00-05:00,39.15402023242268,40.64722826266215,36.49820300676342,38.96668243408203,5566600,0.0,0.0
2008-11-26 00:00:00-05:00,38.44873215733252,40.25600926750323,37.236535326010575,40.173362731933594,3534200,0.0,0.0
2008-11-28 00:00:00-05:00,40.03011339206778,40.14031160745736,38.333033970796514,38.50935363769531,1686700,0.0,0.0
2008-12-01 00:00:00-05:00,37.35224266558427,37.6001906665064,30.833920005012526,31.31879997253418,4977100,0.0,0.0
2008-12-02 00:00:00-05:00,32.15632910409137,36.343924196081176,32.051637860559126,35.69374465942383,8146400,0.0,0.0
2008-12-03 00:00:00-05:00,34.046256138121166,37.31368300812817,33.61096607304795,36.9224739074707,5435800,0.0,0.0
2008-12-04 00:00:00-05:00,35.97476135943864,38.40466720487198,35.269482603428905,35.93619155883789,4717600,0.0,0.0
2008-12-05 00:00:00-05:00,34.99947796744834,38.74076184995648,34.74050760771715,38.299964904785156,5155700,0.0,0.0
2008-12-08 00:00:00-05:00,39.13748439884101,42.42144012451172,38.20078715565735,42.42144012451172,4284400,0.0,0.0
2008-12-09 00:00:00-05:00,41.73819925303634,41.96961796275713,38.6581150157476,39.04932403564453,4263000,0.0,0.0
2008-12-10 00:00:00-05:00,39.45707179826864,41.79330833938489,39.02178171896435,41.650047302246094,3197000,0.0,0.0
2008-12-11 00:00:00-05:00,40.98422751290733,41.46540786343139,35.6632727708311,36.116477966308594,6443000,1.15,0.0
2008-12-12 00:00:00-05:00,35.26601246190154,38.958787853693835,34.387579495454474,38.48320388793945,5265700,0.0,0.0
2008-12-15 00:00:00-05:00,38.91403309288056,38.91403309288056,36.513727840973026,37.733463287353516,3657400,0.0,0.0
2008-12-16 00:00:00-05:00,38.03561217945285,42.797054290771484,37.671928673516966,42.797054290771484,5119900,0.0,0.0
2008-12-17 00:00:00-05:00,42.27110367293263,45.07985006558942,41.15767250002302,43.07679748535156,4317500,0.0,0.0
2008-12-18 00:00:00-05:00,42.94811633544751,43.641909600517565,39.719731657840576,40.3016242980957,3301900,0.0,0.0
2008-12-19 00:00:00-05:00,40.49185670345861,42.226341838613315,39.7029432853203,42.136817932128906,2977500,0.0,0.0
2008-12-22 00:00:00-05:00,41.45980409537406,42.13681254383359,39.93793202962882,41.510162353515625,2769600,0.0,0.0
2008-12-23 00:00:00-05:00,42.069671011980006,42.72989475211708,40.9730289852451,41.269569396972656,2008100,0.0,0.0
2008-12-24 00:00:00-05:00,41.45984391438773,41.795550305726174,40.88354715998804,41.20246887207031,596300,0.0,0.0
2008-12-26 00:00:00-05:00,41.03457677474769,42.00812998667818,40.71006330617207,41.823490142822266,647900,0.0,0.0
2008-12-29 00:00:00-05:00,41.079349676927535,41.13529999547871,39.30569853956746,40.17853546142578,1710400,0.0,0.0
2008-12-30 00:00:00-05:00,39.742120164701454,42.20397279558334,39.742120164701454,42.00254821777344,1764500,0.0,0.0
2008-12-31 00:00:00-05:00,41.93539125526781,44.71057245131793,41.93539125526781,44.481170654296875,2410500,0.0,0.0
2009-01-02 00:00:00-05:00,44.481176023997364,44.693788913530945,42.259914098040376,42.28789138793945,1928000,0.0,0.0
2009-01-05 00:00:00-05:00,41.76753849008434,42.394188700528325,40.11697683939701,40.33518600463867,3061600,0.0,0.0
2009-01-06 00:00:00-05:00,40.87792315140529,41.6612403796988,39.73651877910369,41.44862747192383,3653500,0.0,0.0
2009-01-07 00:00:00-05:00,40.43032054036511,40.72686108699528,38.60631102703037,38.75178527832031,2763800,0.0,0.0
2009-01-08 00:00:00-05:00,38.62309980249782,38.62309980249782,37.26348592495777,37.850975036621094,2759000,0.0,0.0
2009-01-09 00:00:00-05:00,38.20906769754958,38.59513226984001,36.452200694461546,36.70957565307617,2643000,0.0,0.0
2009-01-12 00:00:00-05:00,37.179550731694626,37.33062128108163,35.361139842324775,35.66327667236328,2890500,0.0,0.0
2009-01-13 00:00:00-05:00,34.851976381845525,36.78228960050536,34.21972770696077,36.267539978027344,2925400,0.0,0.0
2009-01-14 00:00:00-05:00,35.19328308278621,35.859099033028194,34.73448370778343,35.21006774902344,2871600,0.0,0.0
2009-01-15 00:00:00-05:00,35.12614027240723,36.95574573591852,33.766526808863404,36.13885498046875,3122000,0.0,0.0
2009-01-16 00:00:00-05:00,37.1068131077967,37.83417997304273,35.39470666040821,37.677513122558594,2935100,0.0,0.0
2009-01-20 00:00:00-05:00,36.39622526212948,37.85095432755335,33.419622079285645,33.52592849731445,4319300,0.0,0.0
2009-01-21 00:00:00-05:00,35.05341878888637,37.35301286882779,33.25738410097558,37.25789260864258,4277600,0.0,0.0
2009-01-22 00:00:00-05:00,36.04372973949651,36.91657058063717,34.376385728673974,34.57221603393555,4120800,0.0,0.0
2009-01-23 00:00:00-05:00,33.60427330463605,35.9486265477013,33.57070183442923,35.73601150512695,3067200,0.0,0.0
2009-01-26 00:00:00-05:00,36.12207120167263,37.0620509559673,35.031025178265956,35.87029266357422,3165100,0.0,0.0
2009-01-27 00:00:00-05:00,36.46337844559306,36.68718399149972,35.37792645699182,36.580875396728516,2366500,0.0,0.0
2009-01-28 00:00:00-05:00,37.62716029926325,39.37843031250655,36.65361117598546,39.160221099853516,4574100,0.0,0.0
2009-01-29 00:00:00-05:00,38.6007051708353,38.6007051708353,35.445059999872896,35.62410354614258,5094300,0.0,0.0
2009-01-30 00:00:00-05:00,36.22278715675114,36.78789518294424,33.91759949348089,34.61698913574219,4851100,0.0,0.0
2009-02-02 00:00:00-05:00,33.90640668550568,35.76398527763282,33.29094469613099,35.573753356933594,3641700,0.0,0.0
2009-02-03 00:00:00-05:00,35.41707791454633,35.551361615151876,33.96234885221587,34.94149398803711,3446300,0.0,0.0
2009-02-04 00:00:00-05:00,35.25482262823531,36.27872767815269,34.66174173774092,35.01982879638672,3075700,0.0,0.0
2009-02-05 00:00:00-05:00,34.46590960103885,35.79754764805109,33.207008650985806,34.53864669799805,3959000,0.0,0.0
2009-02-06 00:00:00-05:00,35.0534076816618,36.648015119368154,34.51627484557911,36.37385559082031,3910000,0.0,0.0
2009-02-09 00:00:00-05:00,36.31790364581646,36.89419996859187,35.53458433917537,36.78789138793945,1928400,0.0,0.0
2009-02-10 00:00:00-05:00,36.222780769567805,36.78788869611511,33.56510273197255,33.78890609741211,3541600,0.0,0.0
2009-02-11 00:00:00-05:00,33.906421674749325,34.81283252661295,33.0951310940211,34.70652389526367,2917400,0.0,0.0
2009-02-12 00:00:00-05:00,34.04628873082292,34.99186494312773,32.45168111594191,34.64496612548828,3952900,0.0,0.0
2009-02-13 00:00:00-05:00,34.38758026605488,34.5218639807507,32.104774191163784,32.18310546875,3409000,0.0,0.0
2009-02-17 00:00:00-05:00,30.789934797755752,31.3102809615472,29.9674538730275,30.213638305664062,4841100,0.0,0.0
2009-02-18 00:00:00-05:00,30.81790161544932,31.265510492729096,29.63733173424626,30.851470947265625,2838000,0.0,0.0
2009-02-19 00:00:00-05:00,31.226351774521035,31.433370525980163,28.54069364650144,28.848426818847656,4663300,0.0,0.0
2009-02-20 00:00:00-05:00,28.037129999298237,30.87944816026365,27.723802697132882,30.812307357788086,6098400,0.0,0.0
2009-02-23 00:00:00-05:00,30.655637979957415,31.237530497433085,28.535088717889654,28.742107391357422,4017200,0.0,0.0
2009-02-24 00:00:00-05:00,29.077823784019174,31.50050833948223,28.803662111406876,31.237539291381836,5107300,0.0,0.0
2009-02-25 00:00:00-05:00,30.885035375516544,31.685136995116622,29.351972919016763,30.230405807495117,4270200,0.0,0.0
2009-02-26 00:00:00-05:00,30.896231524930275,31.438956330653436,29.245671862567818,29.335193634033203,4096300,0.0,0.0
2009-02-27 00:00:00-05:00,28.786873049950245,32.17751207454489,28.56866386136157,31.041704177856445,6486200,0.0,0.0
2009-03-02 00:00:00-05:00,30.07375007233136,30.40386201896514,27.85248822120064,28.143434524536133,7092000,0.0,0.0
2009-03-03 00:00:00-05:00,28.8260457342335,28.870805564545563,27.30417308500017,28.009159088134766,5876000,0.0,0.0
2009-03-04 00:00:00-05:00,28.84282481692154,28.84282481692154,27.472020862457384,27.947607040405273,5144300,0.0,0.0
2009-03-05 00:00:00-05:00,26.38656605587994,27.86367628717405,26.38656605587994,26.884531021118164,5696000,0.0,0.0
2009-03-06 00:00:00-05:00,26.985258304640475,27.72941014576221,25.373863457483765,27.320966720581055,6527600,0.0,0.0
2009-03-09 00:00:00-04:00,26.54323092337468,28.23855261138018,26.392162527352358,28.143434524536133,4683000,0.0,0.0
2009-03-10 00:00:00-04:00,29.00507821691438,32.12715148925781,28.16021673360874,32.12715148925781,8631800,0.0,0.0
2009-03-11 00:00:00-04:00,32.41810765239642,32.41810765239642,30.14649147976009,30.722787857055664,6028900,0.0,0.0
2009-03-12 00:00:00-04:00,30.790602744614674,33.14737358898762,30.70017521557173,32.81957244873047,6439800,0.55,0.0
2009-03-13 00:00:00-04:00,32.59352375814959,32.706558782000606,30.728453410480878,32.084869384765625,4310200,0.0,0.0
2009-03-16 00:00:00-04:00,32.446567642404624,32.71785030495277,29.72808592609469,29.85242462158203,4867800,0.0,0.0
2009-03-17 00:00:00-04:00,29.677219364913725,32.305273444932645,29.50201719688772,32.2713623046875,5208700,0.0,0.0
2009-03-18 00:00:00-04:00,31.82486693143857,33.47516973556542,30.892331365515574,33.15867233276367,6041400,0.0,0.0
2009-03-19 00:00:00-04:00,33.65603121223239,33.65603121223239,31.169272820989296,31.474464416503906,4693100,0.0,0.0
2009-03-20 00:00:00-04:00,31.474460857503182,31.474460857503182,29.128995895385742,29.128995895385742,5499500,0.0,0.0
2009-03-23 00:00:00-04:00,30.790598393553722,33.49777526091797,30.14065129414069,33.45256042480469,6808700,0.0,0.0
2009-03-24 00:00:00-04:00,32.74610076363979,33.44126282618659,30.253689600474466,30.75669288635254,5457100,0.0,0.0
2009-03-25 00:00:00-04:00,30.86973917631708,31.530992504349204,28.82381414828499,31.107112884521484,5425900,0.0,0.0
2009-03-26 00:00:00-04:00,31.994427199332165,32.440914154052734,29.891984045225406,32.440914154052734,4969300,0.0,0.0
2009-03-27 00:00:00-04:00,31.689231217803304,31.740096843994106,30.50236948130145,30.598447799682617,2853700,0.0,0.0
2009-03-30 00:00:00-04:00,29.65460876848398,30.225432179672975,29.038570511754763,29.242033004760742,3929600,0.0,0.0
2009-03-31 00:00:00-04:00,29.422879198948117,31.293598671600343,29.422879198948117,31.225778579711914,5064900,0.0,0.0
2009-04-01 00:00:00-04:00,30.40063586518924,31.327518620631672,30.135004042850575,30.943201065063477,3973500,0.0,0.0
2009-04-02 00:00:00-04:00,31.451863980621113,33.492135769914725,31.00537699664183,32.99478530883789,5115800,0.0,0.0
2009-04-03 00:00:00-04:00,32.65001819411852,35.379800466267234,31.87007947809225,35.102867126464844,5391700,0.0,0.0
2009-04-06 00:00:00-04:00,34.41335954198837,35.78672914335795,33.983829311205085,35.19329833984375,4825800,0.0,0.0
2009-04-07 00:00:00-04:00,34.317290136975394,34.43032296242594,32.0848573389199,32.16963195800781,4855200,0.0,0.0
2009-04-08 00:00:00-04:00,32.52567520949702,33.61080747273662,32.22613449037675,33.22649002075195,4020400,0.0,0.0
2009-04-09 00:00:00-04:00,34.458581583782674,36.87752014638864,33.955578205667216,36.75318145751953,6240300,0.0,0.0
2009-04-13 00:00:00-04:00,36.10887779484683,37.086628309746835,35.17634427968001,36.42537307739258,4881800,0.0,0.0
2009-04-14 00:00:00-04:00,35.54371244581307,35.8771644408853,33.0739082332058,33.316932678222656,5677900,0.0,0.0
2009-04-15 00:00:00-04:00,32.5991538332893,36.32363897966737,32.3787368771386,36.069313049316406,5432000,0.0,0.0
2009-04-16 00:00:00-04:00,36.39711766217331,38.31870543634835,34.70159979882913,36.50449752807617,4994400,0.0,0.0
2009-04-17 00:00:00-04:00,36.165406761085386,37.39748142506253,35.487199001013984,36.64015197753906,5153800,0.0,0.0
2009-04-20 00:00:00-04:00,35.91671703698097,36.39146209054071,33.35083300569467,33.50908279418945,4889600,0.0,0.0
2009-04-21 00:00:00-04:00,33.16998536131179,36.88882064819336,32.582207385208015,36.88882064819336,6554800,0.0,0.0
2009-04-22 00:00:00-04:00,35.85455157270487,36.436680859051265,34.187294006347656,34.187294006347656,7175100,0.0,0.0
2009-04-23 00:00:00-04:00,34.317278532437854,36.402766658612954,34.13642348571836,36.12017822265625,3897800,0.0,0.0
2009-04-24 00:00:00-04:00,36.26148104827266,38.629551634245075,35.786733757100464,37.90047836303711,5303100,0.0,0.0
2009-04-27 00:00:00-04:00,37.13749501888251,37.60658936214725,35.5267537981981,36.45928955078125,4622300,0.0,0.0
2009-04-28 00:00:00-04:00,36.08627113001029,36.538410953353726,35.25546883993601,35.662391662597656,3053400,0.0,0.0
2009-04-29 00:00:00-04:00,36.46493474373528,37.6461477357758,35.95628069049182,37.527462005615234,3678500,0.0,0.0
2009-04-30 00:00:00-04:00,37.6518010338684,38.3243535112923,37.10358290929924,37.78744125366211,3948100,0.0,0.0
2009-05-01 00:00:00-04:00,37.64615630848306,37.906135249740196,36.13714398151803,36.544071197509766,3024600,0.0,0.0
2009-05-04 00:00:00-04:00,37.476598633500664,38.91779067698528,36.18800562667576,38.855621337890625,4628300,0.0,0.0
2009-05-05 00:00:00-04:00,38.109585425477235,38.109585425477235,35.40806131174668,36.171043395996094,4606700,0.0,0.0
2009-05-06 00:00:00-04:00,36.06367280372063,37.03576843666959,34.88811248634232,36.832305908203125,4426000,0.0,0.0
2009-05-07 00:00:00-04:00,37.87785049984467,37.88350343090694,34.712886076885965,35.49282455444336,3839600,0.0,0.0
2009-05-08 00:00:00-04:00,36.046707487475466,37.56137021742168,34.40770825244812,37.48224639892578,5218500,0.0,0.0
2009-05-11 00:00:00-04:00,36.67405256325406,36.84925470326458,35.44197602554522,35.566314697265625,3676000,0.0,0.0
2009-05-12 00:00:00-04:00,35.877155555345624,37.018804439524295,35.01244218735323,36.340599060058594,3628600,0.0,0.0
2009-05-13 00:00:00-04:00,35.59458338884578,36.03541749165109,34.724216742210984,34.82029724121094,3667700,0.0,0.0
2009-05-14 00:00:00-04:00,34.92201707957989,36.19930842173772,34.52639581016917,35.848899841308594,3444700,0.0,0.0
2009-05-15 00:00:00-04:00,35.272426386094814,35.798037143722766,34.17033924410193,34.701602935791016,3432900,0.0,0.0
2009-05-18 00:00:00-04:00,35.2385048596036,37.697004396427296,34.91635670390842,37.312686920166016,4337800,0.0,0.0
2009-05-19 00:00:00-04:00,36.92837481527552,37.57832415359784,36.216260459268995,36.56101608276367,2695700,0.0,0.0
2009-05-20 00:00:00-04:00,37.05272493853617,38.002215352240064,36.19931717154399,36.37451934814453,2618500,0.0,0.0
2009-05-21 00:00:00-04:00,35.63414225294597,36.888824319940895,35.34590509262582,36.37451934814453,2444400,0.0,0.0
2009-05-22 00:00:00-04:00,36.48190047490753,37.143151516538964,36.14279555235878,36.19931411743164,2280100,0.0,0.0
2009-05-26 00:00:00-04:00,36.340613774411125,38.27915670474614,35.939339436730656,38.064388275146484,3783300,0.0,0.0
2009-05-27 00:00:00-04:00,38.14350090604564,38.233930599686445,36.481896248684414,36.634490966796875,4284500,0.0,0.0
2009-05-28 00:00:00-04:00,37.05271435628968,37.30704461399437,35.75281780467186,37.04706573486328,3141200,0.0,0.0
2009-05-29 00:00:00-04:00,37.15444694840009,37.66875610394276,36.32364250447725,37.646148681640625,2887500,0.0,0.0
2009-06-01 00:00:00-04:00,37.79874755460586,38.979960706397655,37.13749654917083,37.906131744384766,4086700,0.0,0.0
2009-06-02 00:00:00-04:00,37.53876423091585,37.860912450511925,36.80404241509711,37.01880645751953,2994700,0.0,0.0
2009-06-03 00:00:00-04:00,36.73622755917164,37.52181731125217,36.657103721690554,37.38617706298828,2618100,0.0,0.0
2009-06-04 00:00:00-04:00,38.092643872927106,38.69172560277217,37.21097145867442,38.499568939208984,3212400,0.0,0.0
2009-06-05 00:00:00-04:00,38.91779479590106,38.91779479590106,37.30140043221757,37.57268524169922,2195200,0.0,0.0
2009-06-08 00:00:00-04:00,37.05271885808933,37.87787043869585,36.67970713816391,37.4539909362793,2184900,0.0,0.0
2009-06-09 00:00:00-04:00,37.70268572454809,37.78180958996533,37.041434429878095,37.62356185913086,1650800,0.0,0.0
2009-06-10 00:00:00-04:00,37.94004009196685,38.007862365209036,36.821000610985344,37.493553161621094,3047100,0.0,0.0
2009-06-11 00:00:00-04:00,37.73292513705601,38.086263266417724,37.36819096712261,37.390987396240234,2424000,0.55,0.0
2009-06-12 00:00:00-04:00,37.39667006956146,38.63904661256531,37.15730984995775,38.559261322021484,2282000,0.0,0.0
2009-06-15 00:00:00-04:00,38.09194663046982,38.25721742643473,36.718495922996084,37.00344467163086,2933500,0.0,0.0
2009-06-16 00:00:00-04:00,37.265601438635194,37.630335532506194,36.41645528396429,36.8267822265625,1676700,0.0,0.0
2009-06-17 00:00:00-04:00,36.764094971881164,37.128829083861085,35.93774302655907,36.23978805541992,2076600,0.0,0.0
2009-06-18 00:00:00-04:00,36.39364911212509,36.90085746144071,36.1827876782044,36.644405364990234,2066700,0.0,0.0
2009-06-19 00:00:00-04:00,37.14591569714906,37.14591569714906,36.23977867122158,36.8780632019043,2472700,0.0,0.0
2009-06-22 00:00:00-04:00,36.50192940737183,36.59881091973038,35.21396009423173,35.242454528808594,2615900,0.0,0.0
2009-06-23 00:00:00-04:00,34.58138087482494,36.1599972290044,34.58138087482494,35.45332336425781,1990800,0.0,0.0
2009-06-24 00:00:00-04:00,35.721188323244085,36.56463883975107,35.721188323244085,36.427860260009766,1938500,0.0,0.0
2009-06-25 00:00:00-04:00,36.28537460184193,36.87806855333279,35.86934966684927,36.86667251586914,1631300,0.0,0.0
2009-06-26 00:00:00-04:00,36.80398600843917,37.1402234867465,36.12010849160543,36.849578857421875,3760100,0.0,0.0
2009-06-29 00:00:00-04:00,36.935050190377474,36.935050190377474,36.29676569229624,36.79257583618164,1663900,0.0,0.0
2009-06-30 00:00:00-04:00,36.71278139000499,37.647412572607685,36.45062916541849,37.31687545776367,1927500,0.0,0.0
2009-07-01 00:00:00-04:00,37.69300986173946,38.14892947464543,37.425157415255086,37.903873443603516,1835900,0.0,0.0
2009-07-02 00:00:00-04:00,37.27699932375905,37.73861492922394,36.02892234842291,36.194190979003906,2468500,0.0,0.0
2009-07-06 00:00:00-04:00,35.94914091200084,37.658833676830604,35.800966321616336,37.601844787597656,2628300,0.0,0.0
2009-07-07 00:00:00-04:00,37.4422735621748,37.4422735621748,36.00613340892965,36.120113372802734,2274600,0.0,0.0
2009-07-08 00:00:00-04:00,36.54182942004371,36.80967759388098,35.441924892479705,36.14289855957031,2693200,0.0,0.0
2009-07-09 00:00:00-04:00,36.18849455423991,36.547528446751755,35.63569323308997,35.76676940917969,1880100,0.0,0.0
2009-07-10 00:00:00-04:00,35.61858324755052,36.063102470804495,34.96320044620127,35.57299041748047,1539400,0.0,0.0
2009-07-13 00:00:00-04:00,35.92063552454208,37.014837583405615,35.37923468703415,36.90085983276367,2629900,0.0,0.0
2009-07-14 00:00:00-04:00,36.912251587700474,37.31118236462579,36.21128024140076,37.0262336730957,1308400,0.0,0.0
2009-07-15 00:00:00-04:00,37.39666863732462,38.37119266133472,37.117415783143976,37.932369232177734,2643800,0.0,0.0
2009-07-16 00:00:00-04:00,37.80129543698044,38.35979245192155,37.15161275137101,38.126136779785156,1546800,0.0,0.0
2009-07-17 00:00:00-04:00,37.73290445116283,38.0121529458094,37.1516110452495,37.64741897583008,1970100,0.0,0.0
2009-07-20 00:00:00-04:00,37.97795898560153,38.49086746924292,37.86967709795176,38.41678237915039,1696800,0.0,0.0
2009-07-21 00:00:00-04:00,38.50227330629002,38.61055522150976,37.641731220823374,38.354103088378906,1179500,0.0,0.0
2009-07-22 00:00:00-04:00,38.10334356175094,38.844211980241255,37.61323141068303,38.473777770996094,1020400,0.0,0.0
2009-07-23 00:00:00-04:00,38.25721214378127,40.428524265179476,38.205923463136045,39.984004974365234,2204700,0.0,0.0
2009-07-24 00:00:00-04:00,39.630671757451616,39.864327466115135,39.23744110017238,39.733253479003906,830000,0.0,0.0
2009-07-27 00:00:00-04:00,39.4597099883841,40.22907090573118,39.40272109598316,40.04100799560547,1162800,0.0,0.0
2009-07-28 00:00:00-04:00,39.65347714487669,40.21767456700065,39.47680592738327,40.06949996948242,1315100,0.0,0.0
2009-07-29 00:00:00-04:00,39.58507244262319,40.35443305448448,39.505287155347034,39.97260284423828,1094200,0.0,0.0
2009-07-30 00:00:00-04:00,40.308857241096355,41.6310194361995,40.172078693070446,40.947139739990234,1796600,0.0,0.0
2009-07-31 00:00:00-04:00,40.9072253975479,41.63099736624279,40.86163257237618,41.357444763183594,1354700,0.0,0.0
2009-08-03 00:00:00-04:00,41.682295316252386,42.05842968572771,41.22637565894389,41.93874740600586,1244100,0.0,0.0
2009-08-04 00:00:00-04:00,41.58541653878559,43.19822732378178,40.895841164007216,42.82779312133789,2318500,0.0,0.0
2009-08-05 00:00:00-04:00,42.873391448211635,44.49189828421658,42.60553892372434,44.38931655883789,2296500,0.0,0.0
2009-08-06 00:00:00-04:00,44.520391349862855,45.2213627940951,42.81069896182166,42.8163948059082,2692800,0.0,0.0
2009-08-07 00:00:00-04:00,43.34639886634053,44.77114249826571,42.79929783343796,44.098663330078125,2449500,0.0,0.0
2009-08-10 00:00:00-04:00,43.545860826948044,43.802312908371285,42.74230343533717,43.07854080200195,1994300,0.0,0.0
2009-08-11 00:00:00-04:00,42.930376057960224,43.08994664867843,41.08960537680954,41.42014694213867,2301600,0.0,0.0
2009-08-12 00:00:00-04:00,41.60821581702645,42.172413099164,41.16939232694072,41.48283767700195,2036800,0.0,0.0
2009-08-13 00:00:00-04:00,41.51131511317424,42.04131974887489,40.690665999938915,41.357444763183594,1571200,0.0,0.0
2009-08-14 00:00:00-04:00,41.0953119166747,41.31757160921747,40.103691415485976,40.741973876953125,2374600,0.0,0.0
2009-08-17 00:00:00-04:00,39.69906699682226,39.71046303516667,38.39400103372996,38.51937484741211,3096600,0.0,0.0
2009-08-18 00:00:00-04:00,38.673242811234736,38.90120266970871,38.08054891839148,38.61055374145508,2266600,0.0,0.0
2009-08-19 00:00:00-04:00,38.069146484608844,38.490869325733755,37.88677949807062,38.38258743286133,1731800,0.0,0.0
2009-08-20 00:00:00-04:00,38.468088327989186,39.511001988395016,38.14894706061966,39.31153869628906,2430500,0.0,0.0
2009-08-21 00:00:00-04:00,39.619274512659985,40.434228157362114,39.23744420972265,40.080894470214844,2528900,0.0,0.0
2009-08-24 00:00:00-04:00,40.5026092394883,40.71347284898175,40.029593340014245,40.20626449584961,1905200,0.0,0.0
2009-08-25 00:00:00-04:00,40.66218324105975,40.67358362521962,39.81303723599909,40.4570198059082,2371700,0.0,0.0
2009-08-26 00:00:00-04:00,40.06949054218075,40.45702100360929,39.96121297729217,40.3487434387207,3020900,0.0,0.0
2009-08-27 00:00:00-04:00,40.13216467735679,40.94141775658776,39.71614210545783,40.89012908935547,1979800,0.0,0.0
2009-08-28 00:00:00-04:00,41.01554072517499,41.26059692539222,40.35445726487747,40.724891662597656,1706300,0.0,0.0
2009-08-31 00:00:00-04:00,40.29744582159527,40.7020724657809,39.92131578743954,40.20626449584961,2398500,0.0,0.0
2009-09-01 00:00:00-04:00,39.955508666284395,40.06948641167242,38.45097981770656,38.485172271728516,3162700,0.0,0.0
2009-09-02 00:00:00-04:00,38.4509915698151,38.98669670241004,38.291420938312,38.58206558227539,2524200,0.0,0.0
2009-09-03 00:00:00-04:00,39.02088673645165,39.32293174840862,38.35980347800193,39.28303909301758,1465300,0.0,0.0
2009-09-04 00:00:00-04:00,39.28874779915577,39.756063726983236,38.74164654325832,39.69337463378906,1373500,0.0,0.0
2009-09-08 00:00:00-04:00,39.944098603540134,40.24044762649212,39.69334675485526,40.1435661315918,2663400,0.0,0.0
2009-09-09 00:00:00-04:00,39.91561869522603,40.34304179102988,39.733251681601956,40.3088493347168,1801800,0.0,0.0
2009-09-10 00:00:00-04:00,40.02389834742911,40.605191811838125,39.66486018449583,40.59379577636719,1413800,0.0,0.0
2009-09-11 00:00:00-04:00,40.96136309023528,41.403596856498105,40.025203392828764,40.14006805419922,2525800,0.55,0.0
2009-09-14 00:00:00-04:00,39.881637748246945,41.8688270518856,39.778257755257286,41.857337951660156,2029200,0.0,0.0
2009-09-15 00:00:00-04:00,41.725244338232514,43.218507508682556,41.403615256212944,42.83370590209961,2627400,0.0,0.0
2009-09-16 00:00:00-04:00,42.90835856108633,44.384392154430586,42.83369695179749,44.34993362426758,2137600,0.0,0.0
2009-09-17 00:00:00-04:00,44.1948593391185,45.53879891401811,43.66073023836979,44.246551513671875,1603900,0.0,0.0
2009-09-18 00:00:00-04:00,44.33269688762044,45.194195050959785,43.993838664834385,44.63134765625,3060100,0.0,0.0
2009-09-21 00:00:00-04:00,44.34991741071518,44.54518818599395,43.67795002735413,44.09720993041992,1272200,0.0,0.0
2009-09-22 00:00:00-04:00,44.41310503318533,45.64217545104274,44.2350590917791,45.57899856567383,1627700,0.0,0.0
2009-09-23 00:00:00-04:00,45.48136354879185,45.55028060120541,44.062762462526194,44.09147644042969,2031200,0.0,0.0
2009-09-24 00:00:00-04:00,44.55668839914154,44.671553074228974,42.81071817061241,42.845176696777344,1961200,0.0,0.0
2009-09-25 00:00:00-04:00,42.908368829441606,43.453987184500136,42.50633794197367,42.603973388671875,1360100,0.0,0.0
2009-09-28 00:00:00-04:00,42.724556786277965,44.94722318587473,42.724556786277965,44.82086944580078,2087500,0.0,0.0
2009-09-29 00:00:00-04:00,44.88406529762464,45.17697596605138,43.85026551600508,43.89046859741211,1247100,0.0,0.0
2009-09-30 00:00:00-04:00,43.76410781609389,44.2063460227663,42.78200037127188,43.21274948120117,1747000,0.0,0.0
2009-10-01 00:00:00-04:00,43.15531446860919,43.8215418206148,41.77691652589222,41.81711959838867,2816900,0.0,0.0
2009-10-02 00:00:00-04:00,41.18536204710705,42.270849568028474,40.697180547412316,41.16813278198242,1871600,0.0,0.0
2009-10-05 00:00:00-04:00,41.63333676214664,41.98367972785633,41.116436945377714,41.48975372314453,1506900,0.0,0.0
2009-10-06 00:00:00-04:00,41.863074365191636,42.39720349485594,40.93839915811895,41.52996063232422,1114700,0.0,0.0
2009-10-07 00:00:00-04:00,41.351923634889,41.76544357232709,41.087731315260775,41.62186050415039,931500,0.0,0.0
2009-10-08 00:00:00-04:00,41.696514018768326,42.150236951846175,41.340430883248814,41.45529556274414,1599900,0.0,0.0
2009-10-09 00:00:00-04:00,41.40361561271599,41.78267705420754,40.85800165132924,41.62760925292969,1108100,0.0,0.0
2009-10-12 00:00:00-04:00,41.77690659998879,41.99515555466335,41.403589940186976,41.55291748046875,663000,0.0,0.0
2009-10-13 00:00:00-04:00,41.48401471725308,41.63333792709275,40.63974572320804,41.09920883178711,1087800,0.0,0.0
2009-10-14 00:00:00-04:00,41.805628724207885,42.37996075056303,41.50123345132855,42.276580810546875,1646600,0.0,0.0
2009-10-15 00:00:00-04:00,42.51207223710935,42.96005508357714,42.39146298753213,42.701602935791016,1441500,0.0,0.0
2009-10-16 00:00:00-04:00,41.79414914640778,42.41442892774255,41.79414914640778,42.058345794677734,1683500,0.0,0.0
2009-10-19 00:00:00-04:00,42.36273555435673,43.011729228940446,41.93198649327229,42.67861557006836,1633900,0.0,0.0
2009-10-20 00:00:00-04:00,42.58673099328548,42.87389707633959,41.903274313438565,42.667137145996094,1763400,0.0,0.0
2009-10-21 00:00:00-04:00,42.471876260913646,43.05769772181087,41.71375772113525,41.811397552490234,1773600,0.0,0.0
2009-10-22 00:00:00-04:00,41.83435502166054,42.94281633437256,41.21981974767866,42.89112854003906,1364400,0.0,0.0
2009-10-23 00:00:00-04:00,42.86814331519028,43.212741664437935,42.63266945622993,42.93132019042969,1818700,0.0,0.0
2009-10-26 00:00:00-04:00,43.05768744659391,43.70093673180605,42.59821991560771,42.71308898925781,1945400,0.0,0.0
2009-10-27 00:00:00-04:00,42.65565103126453,42.96579094846416,42.32254168180447,42.49483871459961,1691500,0.0,0.0
2009-10-28 00:00:00-04:00,42.31678886166769,42.83942878867437,40.96710931711375,41.00156784057617,2013000,0.0,0.0
2009-10-29 00:00:00-04:00,41.49549706574317,42.94281212883029,41.3231956712251,42.885379791259766,1841200,0.0,0.0
2009-10-30 00:00:00-04:00,42.54653637246593,42.7418072444829,41.31172109356947,42.27085494995117,2763600,0.0,0.0
2009-11-02 00:00:00-05:00,42.28234524731725,43.05769297125889,41.36341006743771,42.489105224609375,2025700,0.0,0.0
2009-11-03 00:00:00-05:00,42.05259136697446,43.21274012383508,41.87454984226855,43.19551086425781,2225400,0.0,0.0
2009-11-04 00:00:00-05:00,43.52862253504097,44.48775591744125,42.82793679831081,42.89685821533203,2269000,0.0,0.0
2009-11-05 00:00:00-05:00,43.23572182413802,44.137423088353096,43.21274801323877,44.0455322265625,1366800,0.0,0.0
2009-11-06 00:00:00-05:00,44.034050228980895,44.41311159721773,43.298905688917216,43.63776397705078,1711500,0.0,0.0
2009-11-09 00:00:00-05:00,43.97660763452864,45.5445361567607,43.97086308676493,45.4583854675293,1897100,0.0,0.0
2009-11-10 00:00:00-05:00,45.28035352347413,45.45265495514209,44.728995076667076,45.199947357177734,1342900,0.0,0.0
2009-11-11 00:00:00-05:00,45.75131395914498,46.27969863318782,45.19421091685311,45.68813705444336,1856300,0.0,0.0
2009-11-12 00:00:00-05:00,45.601971824239214,46.06717944558486,45.090816581035476,45.25162887573242,1282700,0.0,0.0
2009-11-13 00:00:00-05:00,45.43541268141703,46.2165046862402,45.383720513991726,45.912109375,1301700,0.0,0.0
2009-11-16 00:00:00-05:00,46.34859351564312,47.10671162728839,46.18204108132449,46.6185302734375,1790700,0.0,0.0
2009-11-17 00:00:00-05:00,46.38307519775419,46.790850582280314,45.883404547066284,45.894893646240234,2086800,0.0,0.0
2009-11-18 00:00:00-05:00,46.026984327317045,46.446248781077585,45.5560320763871,46.34286880493164,1568500,0.0,0.0
2009-11-19 00:00:00-05:00,45.912121600934846,45.99252776562451,45.337789349261634,45.355018615722656,2529700,0.0,0.0
2009-11-20 00:00:00-05:00,45.22863723383386,45.349246407307525,45.085054258488356,45.142486572265625,2249600,0.0,0.0
2009-11-23 00:00:00-05:00,45.860416341546134,46.273936145914924,45.45838563274653,45.73980712890625,1442600,0.0,0.0
2009-11-24 00:00:00-05:00,45.808728270223035,45.808728270223035,45.153990044671964,45.25736999511719,1385400,0.0,0.0
2009-11-25 00:00:00-05:00,45.6536609629328,45.6536609629328,45.09655808139158,45.26311492919922,1058200,0.0,0.0
2009-11-27 00:00:00-05:00,44.47628298471649,44.64283983360838,43.844514115882916,43.90195083618164,780000,0.0,0.0
2009-11-30 00:00:00-05:00,44.04553324804475,45.9235974190978,43.752622629544305,45.705352783203125,2122700,0.0,0.0
2009-12-01 00:00:00-05:00,46.12462304802977,46.12462304802977,45.659415313056265,45.894893646240234,1530100,0.0,0.0
2009-12-02 00:00:00-05:00,45.83743789200688,46.33136378813458,45.630678010753165,45.93507766723633,1909100,0.0,0.0
2009-12-03 00:00:00-05:00,46.182036070354975,46.57257760561553,44.63708166019984,44.80363845825195,1845800,0.0,0.0
2009-12-04 00:00:00-05:00,45.37223669841168,46.13035490847998,45.02763830870905,45.83744430541992,2063500,0.0,0.0
2009-12-07 00:00:00-05:00,45.75129840454006,45.84893381250003,44.46479131146665,44.83810806274414,1277200,0.0,0.0
2009-12-08 00:00:00-05:00,44.69452575322243,44.970207100976644,44.21208887191051,44.401615142822266,1314200,0.0,0.0
2009-12-09 00:00:00-05:00,44.34418308834145,44.59114607871652,44.10870919434089,44.20634460449219,1226200,0.0,0.0
2009-12-10 00:00:00-05:00,44.303983028877056,44.510742959621126,43.781343035245506,44.11445236206055,1146100,0.0,0.0
2009-12-11 00:00:00-05:00,44.270638655306655,44.970592047393104,44.183866625307274,44.947452545166016,1120500,0.55,0.0
2009-12-14 00:00:00-05:00,46.06391065161314,46.06391065161314,44.88382245441021,45.73418045043945,1063400,0.0,0.0
2009-12-15 00:00:00-05:00,45.29453948828011,45.768888238088486,45.219335004643916,45.288753509521484,920100,0.0,0.0
2009-12-16 00:00:00-05:00,45.699475179642945,46.202749469815686,45.236693918789214,45.86723327636719,1196500,0.0,0.0
2009-12-17 00:00:00-05:00,45.62426750043105,46.127537293360675,45.46229099672762,45.907718658447266,926200,0.0,0.0
2009-12-18 00:00:00-05:00,46.029197726168505,46.046551248213184,45.21355129620922,45.907718658447266,1338500,0.0,0.0
2009-12-21 00:00:00-05:00,46.110185412004206,46.613459636249736,45.942427337255694,46.56718063354492,962100,0.0,0.0
2009-12-22 00:00:00-05:00,46.509347770940366,47.47539906624178,46.341589646833725,47.394412994384766,1280900,0.0,0.0
2009-12-23 00:00:00-05:00,47.53324622249321,48.3026183281358,47.284502023428686,47.92660903930664,1054500,0.0,0.0
2009-12-24 00:00:00-05:00,48.29103701036351,48.68439971500905,48.117492953187146,48.66704177856445,431500,0.0,0.0
2009-12-28 00:00:00-05:00,48.63230893575923,49.22813644878471,48.31414647083961,48.51082992553711,628300,0.0,0.0
2009-12-29 00:00:00-05:00,48.782746901489254,48.8521610044665,47.66629114004142,47.793556213378906,644100,0.0,0.0
2009-12-30 00:00:00-05:00,47.78777640202248,47.93239501977139,47.43490662164234,47.92660903930664,793200,0.0,0.0
2009-12-31 00:00:00-05:00,47.96131774317497,48.597638741897114,47.07624814632151,47.11674118041992,1081200,0.0,0.0
2010-01-04 00:00:00-05:00,47.29605767175776,47.51009032762304,45.9944905609333,46.35314178466797,1579100,0.0,0.0
2010-01-05 00:00:00-05:00,46.20274804570116,46.81592944603436,45.8325248137933,46.73494338989258,1131000,0.0,0.0
2010-01-06 00:00:00-05:00,46.70023645788761,47.0993807603249,46.2895157834726,46.45149230957031,832400,0.0,0.0
2010-01-07 00:00:00-05:00,46.20852169571526,46.71758186243975,45.65897292126492,46.38785171508789,1284100,0.0,0.0
2010-01-08 00:00:00-05:00,46.06970242615671,46.27795357029581,45.236697849600326,45.54329299926758,1281100,0.0,0.0
2010-01-11 00:00:00-05:00,45.8382868943532,46.34734693188804,45.28873825936774,45.85564041137695,1356700,0.0,0.0
2010-01-12 00:00:00-05:00,45.387097439815605,45.78624615772598,44.83754856700752,45.109432220458984,1694800,0.0,0.0
2010-01-13 00:00:00-05:00,45.17305997401538,46.07548296315024,44.976380813012184,46.00027847290039,1346400,0.0,0.0
2010-01-14 00:00:00-05:00,45.901937004676086,46.017634518221996,45.43916019071906,45.768890380859375,785100,0.0,0.0
2010-01-15 00:00:00-05:00,45.6358346468056,45.844085736346216,45.2656114683797,45.68211364746094,1438600,0.0,0.0
2010-01-19 00:00:00-05:00,45.64161888956665,46.694441840692306,45.61269341190495,46.648162841796875,1330800,0.0,0.0
2010-01-20 00:00:00-05:00,46.399428981099405,46.4862010198292,45.76310805276293,46.133331298828125,1262300,0.0,0.0
2010-01-21 00:00:00-05:00,46.23746981955845,46.42258149446413,45.36975801592361,45.5490837097168,1944300,0.0,0.0
2010-01-22 00:00:00-05:00,45.53749929018398,45.948215528799864,44.8317599118774,44.93009948730469,2070100,0.0,0.0
2010-01-25 00:00:00-05:00,45.450723089755,45.86722526913097,44.58301168719121,45.56063461303711,1502600,0.0,0.0
2010-01-26 00:00:00-05:00,45.20198954355592,46.02342213743738,45.14992896566923,45.3119010925293,1222900,0.0,0.0
2010-01-27 00:00:00-05:00,45.42760678926697,46.277965104202394,44.84334624407143,46.254825592041016,1669900,0.0,0.0
2010-01-28 00:00:00-05:00,46.43413541011837,46.63081898950233,44.87804236692454,45.43916320800781,1664300,0.0,0.0
2010-01-29 00:00:00-05:00,45.566408523860794,46.47461279611519,45.43336193599212,45.803585052490234,1834300,0.0,0.0
2010-02-01 00:00:00-05:00,45.994507854659794,46.89114066453479,45.95979638420205,46.549842834472656,1303200,0.0,0.0
2010-02-02 00:00:00-05:00,46.68288590877275,47.087820667994514,46.225894981389104,46.937416076660156,1392000,0.0,0.0
2010-02-03 00:00:00-05:00,46.68866522298323,46.72337227240902,46.12754438575099,46.16803741455078,1056900,0.0,0.0
2010-02-04 00:00:00-05:00,45.861446703815396,46.173823388840475,44.29378171272578,44.35741424560547,2768200,0.0,0.0
2010-02-05 00:00:00-05:00,44.47311513049532,45.161501153816594,43.83679410382175,44.9069709777832,2080000,0.0,0.0
2010-02-08 00:00:00-05:00,44.86645966550144,45.184622255939274,43.88884122229883,43.975608825683594,1531600,0.0,0.0
2010-02-09 00:00:00-05:00,44.40948769828505,44.53097123330985,43.58226894436859,43.85415267944336,1472800,0.0,0.0
2010-02-10 00:00:00-05:00,43.79630115890968,44.48468718366073,43.23518022243965,43.992984771728516,1105000,0.0,0.0
2010-02-11 00:00:00-05:00,43.929362404252,44.42685091182956,43.5359995008979,44.39213943481445,1133900,0.0,0.0
2010-02-12 00:00:00-05:00,43.84256958135758,44.34584383247559,43.60539298988773,44.28221130371094,1325000,0.0,0.0
2010-02-16 00:00:00-05:00,44.58881900338206,45.25984718084281,44.43262840466765,45.167293548583984,1662100,0.0,0.0
2010-02-17 00:00:00-05:00,45.42180430344971,45.76310646705152,45.230911120949756,45.55485534667969,1244300,0.0,0.0
2010-02-18 00:00:00-05:00,45.41022614213329,46.439909544688604,45.40444016419532,46.2490119934082,1244600,0.0,0.0
2010-02-19 00:00:00-05:00,46.36471620400065,47.51009285084752,46.231665172594866,47.261348724365234,1650700,0.0,0.0
2010-02-22 00:00:00-05:00,47.37706458053178,47.56217625238745,46.84486907562302,47.05311584472656,1215600,0.0,0.0
2010-02-23 00:00:00-05:00,46.93741588267351,47.33656466004554,46.38208094782229,46.46885299682617,1645700,0.0,0.0
2010-02-24 00:00:00-05:00,46.70023284501879,47.1919351243295,46.45727028137306,47.16300964355469,1282600,0.0,0.0
2010-02-25 00:00:00-05:00,46.72337057912908,47.429109981271246,46.47462643597093,47.382835388183594,1091800,0.0,0.0
2010-02-26 00:00:00-05:00,47.48697932966794,48.146444455310565,47.23245349856472,47.544830322265625,1707600,0.0,0.0
2010-03-01 00:00:00-05:00,48.262133413151425,49.2860314572127,48.048096234037736,48.95051956176758,1846800,0.0,0.0
2010-03-02 00:00:00-05:00,49.23974089544316,50.0148944474821,49.11247582548828,49.25130844116211,1310000,0.0,0.0
2010-03-03 00:00:00-05:00,49.170333946846185,49.54055728466726,49.02571531759075,49.04885482788086,1071400,0.0,0.0
2010-03-04 00:00:00-05:00,49.014132290431014,49.73722520835458,49.014132290431014,49.65623474121094,1099300,0.0,0.0
2010-03-05 00:00:00-05:00,49.96861469974707,50.63964709017639,49.84713561115057,50.570228576660156,1430700,0.0,0.0
2010-03-08 00:00:00-05:00,50.64543486547119,51.044579195467314,50.42561177157976,50.66278839111328,1161100,0.0,0.0
2010-03-09 00:00:00-05:00,50.552865866555045,51.07349358980962,50.32726125537947,50.726409912109375,1242500,0.0,0.0
2010-03-10 00:00:00-05:00,50.76113797362025,50.957817187502776,50.33884964173977,50.79584503173828,1106400,0.0,0.0
2010-03-11 00:00:00-05:00,50.976506410694796,51.378631863842905,50.49279093028809,51.372802734375,1339200,0.65,0.0
2010-03-12 00:00:00-05:00,51.582591692391766,52.03716583748226,51.43106549525437,51.862327575683594,1129300,0.0,0.0
2010-03-15 00:00:00-04:00,51.89729843478569,52.06630312427202,51.32616396045767,51.809879302978516,698600,0.0,0.0
2010-03-16 00:00:00-04:00,51.9264332981913,53.0162489497149,51.75159948723861,52.88803482055664,1122100,0.0,0.0
2010-03-17 00:00:00-04:00,52.97546386936062,53.62235931756263,52.7598305711858,53.465003967285156,1175100,0.0,0.0
2010-03-18 00:00:00-04:00,53.18525576321759,53.610688686364625,53.08035370268575,53.51161575317383,890000,0.0,0.0
2010-03-19 00:00:00-04:00,52.98130416870118,53.75058480358056,52.94050470561616,52.98130416870117,1352200,0.0,0.0
2010-03-22 00:00:00-04:00,52.74235443910818,53.6689859353503,52.67824735424984,53.4941520690918,1188800,0.0,0.0
2010-03-23 00:00:00-04:00,53.249394213322425,53.7913877711662,52.80064451629181,53.69231033325195,1072700,0.0,0.0
2010-03-24 00:00:00-04:00,53.67481192457157,54.49654572077726,53.52328569228745,54.15852737426758,1541000,0.0,0.0
2010-03-25 00:00:00-04:00,54.345000574068465,54.89864759495409,53.587374122657536,53.6747932434082,1660400,0.0,0.0
2010-03-26 00:00:00-04:00,53.79135692676356,54.01864398717715,53.29015867910246,53.6981086730957,1428800,0.0,0.0
2010-03-29 00:00:00-04:00,53.90791576453303,54.10023696356695,53.616521625265285,53.989505767822266,1015800,0.0,0.0
2010-03-30 00:00:00-04:00,54.05361903623945,54.51402236266744,53.9370631456875,54.292564392089844,1271600,0.0,0.0
2010-03-31 00:00:00-04:00,53.99534882665327,54.30422598255749,53.569911317175766,53.6107063293457,1493800,0.0,0.0
2010-04-01 00:00:00-04:00,53.87878045659139,54.001169921214036,53.47083039558988,53.84964370727539,1014500,0.0,0.0
2010-04-05 00:00:00-04:00,54.088594638397936,54.86953347372733,53.94289752585289,54.653900146484375,1050700,0.0,0.0
2010-04-06 00:00:00-04:00,54.31586579966939,55.46395942019084,54.187656113257695,55.19004821777344,1199400,0.0,0.0
2010-04-07 00:00:00-04:00,55.02687846222149,55.329930913560716,54.1643541389507,54.304222106933594,1316700,0.0,0.0
2010-04-08 00:00:00-04:00,54.245933711987554,54.47322078356479,53.983676320406495,54.228450775146484,974700,0.0,0.0
2010-04-09 00:00:00-04:00,54.3508480182959,55.21337236970757,54.18183884690462,55.14926528930664,951900,0.0,0.0
2010-04-12 00:00:00-04:00,55.03853725973726,55.23085405022907,54.63641184572946,54.74131393432617,886100,0.0,0.0
2010-04-13 00:00:00-04:00,54.787948997164825,55.63881968707376,54.64807655359805,55.469810485839844,1177900,0.0,0.0
2010-04-14 00:00:00-04:00,55.56303932231031,55.67959966045514,55.07349924106883,55.463966369628906,1055300,0.0,0.0
2010-04-15 00:00:00-04:00,55.24251896308299,55.54556700758016,54.321712124062834,54.3566780090332,1160300,0.0,0.0
2010-04-16 00:00:00-04:00,54.35666808327011,54.90449056149448,53.488314676593724,53.53493881225586,1690500,0.0,0.0
2010-04-19 00:00:00-04:00,53.17943586667027,54.28673459863797,53.16778205628672,53.88460922241211,1123200,0.0,0.0
2010-04-20 00:00:00-04:00,54.15270181978568,54.630588171929105,53.733093423499156,54.62476348876953,932500,0.0,0.0
2010-04-21 00:00:00-04:00,54.40330672982334,55.353254850447485,54.35668258172523,55.003578186035156,1235600,0.0,0.0
2010-04-22 00:00:00-04:00,54.56647942057915,56.05259170433314,54.26343139158204,55.895240783691406,1134500,0.0,0.0
2010-04-23 00:00:00-04:00,55.819462215396946,56.33231876093425,55.42899512464238,56.029266357421875,1088200,0.0,0.0
2010-04-26 00:00:00-04:00,55.970997386443244,57.054984145172426,55.80781734901262,56.65285873413086,1394900,0.0,0.0
2010-04-27 00:00:00-04:00,56.23906706805571,56.46052500609354,55.23084142226763,55.283294677734375,1501600,0.0,0.0
2010-04-28 00:00:00-04:00,55.440650578991196,55.976819205807516,55.23667555883812,55.4348258972168,1272900,0.0,0.0
2010-04-29 00:00:00-04:00,56.04674707343897,57.853389828093995,55.78449412946321,57.82425308227539,1469200,0.0,0.0
2010-04-30 00:00:00-04:00,57.550367552818464,58.08070725133801,56.39061961875001,56.4780387878418,1639500,0.0,0.0
2010-05-03 00:00:00-04:00,56.699478337286834,58.6168525163822,56.699478337286834,58.34294128417969,1581100,0.0,0.0
2010-05-04 00:00:00-04:00,57.82425857362049,58.05154566566983,56.65868191846611,57.270606994628906,2011900,0.0,0.0
2010-05-05 00:00:00-04:00,56.839379526962155,57.51541653330421,56.15751783514544,56.51884841918945,1228600,0.0,0.0
2010-05-06 00:00:00-04:00,56.250730663007474,56.81021140248698,51.891476211453664,54.92780303955078,2581900,0.0,0.0
2010-05-07 00:00:00-04:00,54.72966564354483,55.30079583637599,51.90313809521655,54.1760139465332,2680100,0.0,0.0
2010-05-10 00:00:00-04:00,55.64464073662168,57.398830693297334,55.283310312697154,57.352210998535156,2071900,0.0,0.0
2010-05-11 00:00:00-04:00,56.68200507042647,57.6844019013095,56.512995888817315,57.03167724609375,2068600,0.0,0.0
2010-05-12 00:00:00-04:00,57.43961289193318,57.85339204753321,56.891794918517746,57.46292495727539,1782100,0.0,0.0
2010-05-13 00:00:00-04:00,57.194887396897855,57.6727739926044,56.63541073214326,56.82773208618164,1519900,0.0,0.0
2010-05-14 00:00:00-04:00,56.478010762588774,56.52463044282385,54.08275072818595,54.688846588134766,2159000,0.0,0.0
2010-05-17 00:00:00-04:00,55.00939833805233,55.59218675519141,53.593222306551446,54.8287353515625,1401400,0.0,0.0
2010-05-18 00:00:00-04:00,55.30661470743835,55.353238842052555,52.98129046100168,53.138641357421875,1862200,0.0,0.0
2010-05-19 00:00:00-04:00,52.905532293364786,53.91958290374041,51.99055464771583,52.91719055175781,1911200,0.0,0.0
2010-05-20 00:00:00-04:00,51.96142756078188,52.24699269601548,50.621012160885705,50.72008514404297,2254800,0.0,0.0
2010-05-21 00:00:00-04:00,50.08484158165512,52.835603819127854,49.886691193537295,52.72487258911133,2707800,0.0,0.0
2010-05-24 00:00:00-04:00,52.76565173240766,53.08618262060497,51.79239636588143,51.809879302978516,1709200,0.0,0.0
2010-05-25 00:00:00-04:00,50.74919214086093,52.474244496350245,49.9915657826833,52.4043083190918,2146600,0.0,0.0
2010-05-26 00:00:00-04:00,52.532542561314024,53.46500305065208,52.10128041868061,53.02208709716797,3905400,0.0,0.0
2010-05-27 00:00:00-04:00,53.98951065053855,54.9336293478263,53.2202302311522,54.8520393371582,2117200,0.0,0.0
2010-05-28 00:00:00-04:00,54.68302451320324,54.86951658199588,53.89043210925413,54.018646240234375,1506500,0.0,0.0
2010-06-01 00:00:00-04:00,53.34262377430074,54.26343055197678,52.4451290671596,53.14447784423828,1442000,0.0,0.0
2010-06-02 00:00:00-04:00,53.3950424680881,54.15849338685393,52.61993329844284,54.12352752685547,1897300,0.0,0.0
2010-06-03 00:00:00-04:00,54.37999158750867,54.37999158750867,53.313492049461004,53.552433013916016,993600,0.0,0.0
2010-06-04 00:00:00-04:00,52.200369366373366,53.21442018132183,50.883266020588266,51.12221145629883,1854800,0.0,0.0
2010-06-07 00:00:00-04:00,51.34948264445371,52.089621903674086,50.422846841966496,50.4694709777832,1866500,0.0,0.0
2010-06-08 00:00:00-04:00,50.52191302381854,51.60007035882285,49.560311556152584,51.40774917602539,1980300,0.0,0.0
2010-06-09 00:00:00-04:00,51.780756014425634,52.66076787194058,50.96485124598071,51.197967529296875,1547200,0.0,0.0
2010-06-10 00:00:00-04:00,51.86235006525633,53.086205089593996,51.46605368680833,53.033756256103516,1596800,0.0,0.0
2010-06-11 00:00:00-04:00,52.52808816425945,53.75104007876634,52.004806674200076,53.662845611572266,1325700,0.8,0.0
2010-06-14 00:00:00-04:00,53.92744847062671,54.38017365312644,53.445323626535654,53.803977966308594,1857000,0.0,0.0
2010-06-15 00:00:00-04:00,54.10968468932389,55.103333504293246,53.73927337573323,55.0504150390625,1645600,0.0,0.0
2010-06-16 00:00:00-04:00,54.90344474641074,55.48552563622986,54.49775730637166,55.091590881347656,1381600,0.0,0.0
2010-06-17 00:00:00-04:00,55.026907502086175,55.367923725585754,54.76820940646327,55.17389678955078,1418300,0.0,0.0
2010-06-18 00:00:00-04:00,55.43848813971157,55.43848813971157,54.81525490702904,55.162147521972656,1702000,0.0,0.0
2010-06-21 00:00:00-04:00,55.77950767630876,55.85594050633931,54.356647677392274,54.580074310302734,1005800,0.0,0.0
2010-06-22 00:00:00-04:00,54.597716253123096,55.08572189778863,53.89216927429358,53.99799728393555,2148000,0.0,0.0
2010-06-23 00:00:00-04:00,54.00385511370706,55.27384451764262,53.809828207146396,54.78583908081055,2010300,0.0,0.0
2010-06-24 00:00:00-04:00,54.42718667647083,54.71528438944887,53.53349388925556,53.60404586791992,1291900,0.0,0.0
2010-06-25 00:00:00-04:00,53.89803126181139,55.03278874911883,53.557015035712205,54.844642639160156,2301200,0.0,0.0
2010-06-28 00:00:00-04:00,55.13274106815665,55.13274106815665,53.74516629371101,53.92155075073242,910100,0.0,0.0
2010-06-29 00:00:00-04:00,53.31596959261078,53.474716094192054,52.163573791578514,52.60454177856445,1885600,0.0,0.0
2010-06-30 00:00:00-04:00,52.58101369858493,53.004343609348645,51.49917009488238,51.687320709228516,1772300,0.0,0.0
2010-07-01 00:00:00-04:00,52.22823335666307,52.23410969826559,50.746578865062396,51.79902267456055,1480100,0.0,0.0
2010-07-02 00:00:00-04:00,51.904857141677425,52.134160074221086,50.787737645377184,50.96412658691406,1101500,0.0,0.0
2010-07-06 00:00:00-04:00,51.93427145412765,52.14593644941894,49.999891321790166,50.43497848510742,1444100,0.0,0.0
2010-07-07 00:00:00-04:00,50.54667864622186,52.927902494379346,50.54667864622186,52.91614532470703,1923300,0.0,0.0
2010-07-08 00:00:00-04:00,53.4041641354176,53.67462396272238,52.78092632959862,53.66874313354492,1595900,0.0,0.0
2010-07-09 00:00:00-04:00,53.55113768379364,54.36251692660614,53.42766722200197,54.31547927856445,1022400,0.0,0.0
2010-07-12 00:00:00-04:00,54.268472775791196,54.73883603000403,53.851019051542416,54.621246337890625,886400,0.0,0.0
2010-07-13 00:00:00-04:00,55.003405355704864,56.33806640799357,55.003405355704864,56.13228225708008,1424600,0.0,0.0
2010-07-14 00:00:00-04:00,55.79126331972505,56.573247541975796,55.491403864997714,56.14991760253906,1266900,0.0,0.0
2010-07-15 00:00:00-04:00,56.17343804415639,56.27338970335004,54.97988550526362,55.68543243408203,1126400,0.0,0.0
2010-07-16 00:00:00-04:00,55.18565561975738,55.43847736068547,53.46294107942333,53.72751998901367,1886700,0.0,0.0
2010-07-19 00:00:00-04:00,53.72754227977954,54.45073181086096,53.03375241118646,54.250823974609375,976400,0.0,0.0
2010-07-20 00:00:00-04:00,53.427661673650846,55.579582261879814,53.21599676520124,55.53842544555664,1321900,0.0,0.0
2010-07-21 00:00:00-04:00,56.06762226764445,56.06762226764445,54.35078760624799,54.638885498046875,1298400,0.0,0.0
2010-07-22 00:00:00-04:00,55.26796167325133,56.87896270431096,55.17976722023852,56.49091339111328,1464200,0.0,0.0
2010-07-23 00:00:00-04:00,56.18520964920025,56.86136157970641,55.52670020934101,56.831966400146484,1026800,0.0,0.0
2010-07-26 00:00:00-04:00,56.64378185564766,58.09603653332056,56.479154594102894,58.01960372924805,974800,0.0,0.0
2010-07-27 00:00:00-04:00,58.17246730243555,58.648711039343205,57.096504910545875,58.078392028808594,759900,0.0,0.0
2010-07-28 00:00:00-04:00,57.99609872630794,58.53114193956384,57.561011647739505,58.013736724853516,950100,0.0,0.0
2010-07-29 00:00:00-04:00,58.51936634058221,59.030890605316124,57.749144015887865,58.01960372924805,1168200,0.0,0.0
2010-07-30 00:00:00-04:00,57.47869607596279,58.44294550745326,57.19647465139509,57.69036102294922,1441300,0.0,0.0
2010-08-02 00:00:00-04:00,58.384155218785125,59.87756264793651,58.384155218785125,59.807010650634766,1081500,0.0,0.0
2010-08-03 00:00:00-04:00,59.40130380559835,60.07157452618536,59.113206088865205,59.60121154785156,1110800,0.0,0.0
2010-08-04 00:00:00-04:00,59.88934339679157,60.206840943137664,59.16615379359892,59.95989990234375,821600,0.0,0.0
2010-08-05 00:00:00-04:00,59.56593220860263,60.17152730228583,59.195520851451064,59.42482376098633,891200,0.0,0.0
2010-08-06 00:00:00-04:00,58.94270460049281,59.29547799521467,57.461054548358184,58.40766143798828,1069700,0.0,0.0
2010-08-09 00:00:00-04:00,58.55466395396861,59.6129888629705,58.40179828936908,59.50715637207031,881100,0.0,0.0
2010-08-10 00:00:00-04:00,59.083828184754,59.759979981068554,58.54878937105415,59.11322784423828,734000,0.0,0.0
2010-08-11 00:00:00-04:00,58.11369093267501,58.80160430654565,57.637447007944175,57.8843879699707,1025000,0.0,0.0
2010-08-12 00:00:00-04:00,57.249380531244064,57.913770393988074,57.03183480423191,57.519840240478516,888000,0.0,0.0
2010-08-13 00:00:00-04:00,57.41989624790649,58.27243230366901,57.219988488401,57.71387481689453,958000,0.0,0.0
2010-08-16 00:00:00-04:00,57.46106773956446,58.21365235060878,57.25527910012362,57.89027404785156,603400,0.0,0.0
2010-08-17 00:00:00-04:00,58.419416158842,60.2244442252445,58.06076197914825,60.1656494140625,1393400,0.0,0.0
2010-08-18 00:00:00-04:00,60.218568776250045,60.218568776250045,59.57181682397637,59.660011291503906,851500,0.0,0.0
2010-08-19 00:00:00-04:00,59.401299324299885,59.51301259788881,57.45516294781385,57.954925537109375,1305300,0.0,0.0
2010-08-20 00:00:00-04:00,57.449305267198255,57.89027322701933,56.914266475209544,57.47282409667969,900700,0.0,0.0
2010-08-23 00:00:00-04:00,57.707982472119944,57.98432298953766,57.04358816792261,57.049468994140625,569100,0.0,0.0
2010-08-24 00:00:00-04:00,56.29101536700146,57.03184261993212,56.00879845162777,56.49679946899414,1097600,0.0,0.0
2010-08-25 00:00:00-04:00,56.367458378845804,57.8726273754027,56.29102107196107,57.59628677368164,963800,0.0,0.0
2010-08-26 00:00:00-04:00,57.81971299879703,58.06077762107103,56.82018748215512,57.043609619140625,1255800,0.0,0.0
2010-08-27 00:00:00-04:00,57.25527315902083,57.63156542549696,56.144034358683875,57.578651428222656,1008300,0.0,0.0
2010-08-30 00:00:00-04:00,57.1494230386835,58.0548774272088,57.1494230386835,57.23761749267578,833600,0.0,0.0
2010-08-31 00:00:00-04:00,57.178836220742475,57.84910705254149,56.78490598351552,57.631561279296875,1067300,0.0,0.0
2010-09-01 00:00:00-04:00,58.337112765500606,59.277843366801534,58.025496174359425,59.16613006591797,1629300,0.0,0.0
2010-09-02 00:00:00-04:00,59.37776919352427,60.25970458984374,59.06615273787892,60.25970458984375,1480900,0.0,0.0
2010-09-03 00:00:00-04:00,60.5772248035527,60.92412185668945,60.23033223617305,60.92412185668945,1089400,0.0,0.0
2010-09-07 00:00:00-04:00,60.41261297808451,61.30630610631379,60.29502331160322,60.371456146240234,1193500,0.0,0.0
2010-09-08 00:00:00-04:00,60.61250888133227,60.94764880983118,59.977518480077855,60.20682144165039,1184000,0.0,0.0
2010-09-09 00:00:00-04:00,60.78890337178376,61.241632993515196,59.26609615593353,59.54831314086914,695600,0.0,0.0
2010-09-10 00:00:00-04:00,59.75409087928497,60.342048101504375,59.36604144521413,60.065711975097656,609900,0.0,0.0
2010-09-13 00:00:00-04:00,61.10868763543713,61.42276375053197,60.071641470641914,61.3990592956543,937400,0.8,0.0
2010-09-14 00:00:00-04:00,61.29830026428175,61.70718955439415,60.77681145659122,61.33385467529297,804200,0.0,0.0
2010-09-15 00:00:00-04:00,60.996068556576645,61.83755602773569,60.77088310576472,61.707183837890625,841100,0.0,0.0
2010-09-16 00:00:00-04:00,61.428697276941655,61.618328414194416,60.91906274785683,61.18572998046875,667700,0.0,0.0
2010-09-17 00:00:00-04:00,61.215346217580326,61.57090394495948,60.67608012281187,60.8657112121582,1145200,0.0,0.0
2010-09-20 00:00:00-04:00,60.705712285449664,61.66571770466144,60.362004520495454,61.529422760009766,1165800,0.0,0.0
2010-09-21 00:00:00-04:00,61.547201178092536,61.70127785526632,59.82273959742332,59.876075744628906,1490400,0.0,0.0
2010-09-22 00:00:00-04:00,59.76348998821051,60.45090563814283,59.71608107694015,59.92941665649414,1914800,0.0,0.0
2010-09-23 00:00:00-04:00,59.425724805106434,59.799064426642396,57.9086754206768,57.92645263671875,1658000,0.0,0.0
2010-09-24 00:00:00-04:00,58.65533770457965,59.947201209928934,58.495333751803805,59.8346061706543,1223900,0.0,0.0
2010-09-27 00:00:00-04:00,59.846434183284956,59.85236142558885,58.53086670381197,58.67901611328125,933100,0.0,0.0
2010-09-28 00:00:00-04:00,59.23608138952472,59.23608138952472,57.44051060176477,58.287925720214844,1695000,0.0,0.0
2010-09-29 00:00:00-04:00,57.867178788974556,58.06865988026875,57.22717204987073,57.493839263916016,1073600,0.0,0.0
2010-09-30 00:00:00-04:00,58.050868871144324,58.424203786305064,57.32197624804552,57.505680084228516,1713000,0.0,0.0
2010-10-01 00:00:00-04:00,57.92642941155629,58.07457884739148,57.102718910005635,58.06272888183594,1130000,0.0,0.0
2010-10-04 00:00:00-04:00,57.85534571568905,58.15164473926432,57.535342227688034,57.76053237915039,1221200,0.0,0.0
2010-10-05 00:00:00-04:00,58.29976436224264,58.75013991310695,57.81976163690848,58.06272888183594,1886200,0.0,0.0
2010-10-06 00:00:00-04:00,57.74865462821416,57.86124965859794,56.960502979015104,57.096797943115234,1622800,0.0,0.0
2010-10-07 00:00:00-04:00,57.446411455613635,57.742710248727114,57.15603538312666,57.55900192260742,1185600,0.0,0.0
2010-10-08 00:00:00-04:00,57.69533584961892,58.0034847893715,57.339777989546405,57.8790397644043,1060400,0.0,0.0
2010-10-11 00:00:00-04:00,57.9857001947371,58.24644470214844,57.70717847475915,58.24644470214844,699700,0.0,0.0
2010-10-12 00:00:00-04:00,58.11012253644484,59.13531843245536,57.920491474433554,59.04050064086914,897600,0.0,0.0
2010-10-13 00:00:00-04:00,59.307214554391614,60.49833339221199,59.02276549808019,60.02425765991211,1025800,0.0,0.0
2010-10-14 00:00:00-04:00,60.00644086003186,60.99607787610025,59.893845856842276,60.53977966308594,1053500,0.0,0.0
2010-10-15 00:00:00-04:00,60.93679499446973,61.11457151130637,59.72196845086777,59.828636169433594,887300,0.0,0.0
2010-10-18 00:00:00-04:00,59.60943040072425,60.397586822509766,59.60943040072425,60.397586822509766,819700,0.0,0.0
2010-10-19 00:00:00-04:00,59.70421687900553,60.385705122303406,59.32495472156631,59.733848571777344,932700,0.0,0.0
2010-10-20 00:00:00-04:00,59.822732576647674,61.15607732520144,59.5797698845818,60.812374114990234,894000,0.0,0.0
2010-10-21 00:00:00-04:00,61.16794065484748,61.399053416321244,60.56348841625297,60.95460510253906,467300,0.0,0.0
2010-10-22 00:00:00-04:00,61.05535212648294,61.630172730140444,60.64053546464892,61.084983825683594,743300,0.0,0.0
2010-10-25 00:00:00-04:00,61.446459000853096,61.553126771242766,60.46867185914138,60.6168212890625,822600,0.0,0.0
2010-10-26 00:00:00-04:00,60.04198885697716,60.35606486266807,59.73384009323162,60.201988220214844,681300,0.0,0.0
2010-10-27 00:00:00-04:00,59.722005724264754,60.18423128614536,59.11163071197819,59.277557373046875,1202500,0.0,0.0
2010-10-28 00:00:00-04:00,59.59164166804663,59.86423615168861,58.56052261754642,59.18867492675781,866400,0.0,0.0
2010-10-29 00:00:00-04:00,59.176800886477125,59.36643195105358,58.779761551451614,58.79753875732422,1124300,0.0,0.0
2010-11-01 00:00:00-04:00,59.259780065687984,61.031646223726575,59.22422564442054,60.84794235229492,1072500,0.0,0.0
2010-11-02 00:00:00-04:00,61.21535721663286,61.47609718560718,61.061280515991704,61.22720718383789,635000,0.0,0.0
2010-11-03 00:00:00-04:00,61.55312718735317,61.55312718735317,60.296818385510996,60.50422668457031,812700,0.0,0.0
2010-11-04 00:00:00-04:00,61.16199888609249,62.19311746326227,60.764959571818515,62.163490295410156,1189200,0.0,0.0
2010-11-05 00:00:00-04:00,62.240545155287705,62.88647909733996,61.39905737863462,62.06869125366211,663900,0.0,0.0
2010-11-08 00:00:00-05:00,62.02720320921387,62.151648189764174,61.52942328701267,61.71312713623047,795900,0.0,0.0
2010-11-09 00:00:00-05:00,61.97389704105549,61.97389704105549,59.59165066006415,59.9946174621582,1702500,0.0,0.0
2010-11-10 00:00:00-05:00,60.05385569153002,61.14423793660881,60.05385569153002,61.03164291381836,1213700,0.0,0.0
2010-11-11 00:00:00-05:00,60.53980302710452,61.061287546256665,60.261281293511246,60.723506927490234,713000,0.0,0.0
2010-11-12 00:00:00-05:00,60.32644768275432,60.871636481804664,59.864217678869046,59.94718551635742,863700,0.0,0.0
2010-11-15 00:00:00-05:00,60.15457145076467,60.71753724820747,58.95752200951329,59.016780853271484,972800,0.0,0.0
2010-11-16 00:00:00-05:00,58.418294824314344,58.60199870376632,56.17234851922967,56.35605239868164,1997400,0.0,0.0
2010-11-17 00:00:00-05:00,56.486425358721725,57.185690983721514,56.05975419483539,56.610870361328125,789300,0.0,0.0
2010-11-18 00:00:00-05:00,57.3160742965137,57.45829653821353,56.89533029566084,56.996070861816406,902000,0.0,0.0
2010-11-19 00:00:00-05:00,57.06122653187673,57.594565304946876,56.67603716681711,57.51752471923828,945000,0.0,0.0
2010-11-22 00:00:00-05:00,57.7960412844442,58.20493506163092,57.29233424541114,58.08049011230469,1041500,0.0,0.0
2010-11-23 00:00:00-05:00,57.268623694386385,57.75455347759197,57.067142708716865,57.363441467285156,877100,0.0,0.0
2010-11-24 00:00:00-05:00,57.6716114460004,58.33532253747061,57.58864812471187,58.32939529418945,867600,0.0,0.0
2010-11-26 00:00:00-05:00,57.76641411812504,58.43604775625974,57.76641411812504,58.08049011230469,415400,0.0,0.0
2010-11-29 00:00:00-05:00,57.68348332729857,57.87904173941873,56.95459036745232,57.75459671020508,849000,0.0,0.0
2010-11-30 00:00:00-05:00,57.01975619417921,57.56494503877326,56.889383965871495,57.24494171142578,1574800,0.0,0.0
2010-12-01 00:00:00-05:00,58.05087856865042,58.24643692309128,57.310131336218944,58.19902801513672,1062900,0.0,0.0
2010-12-02 00:00:00-05:00,58.169393617413576,58.8864363068544,57.52345975991488,58.839027404785156,1366600,0.0,0.0
2010-12-03 00:00:00-05:00,58.60199178067686,58.833104544027115,57.94420790924549,58.77384567260742,785000,0.0,0.0
2010-12-06 00:00:00-05:00,58.54866661047708,58.80348385473315,58.01532766655012,58.631629943847656,1195200,0.0,0.0
2010-12-07 00:00:00-05:00,59.25978355493833,59.37237859046477,58.79755796659584,59.11756134033203,1180700,0.0,0.0
2010-12-08 00:00:00-05:00,59.09384408267828,59.23013902347752,58.080502545951845,58.4242057800293,1195700,0.0,0.0
2010-12-09 00:00:00-05:00,58.82714942973153,58.98715328003724,58.51307349096247,58.65530014038086,1259500,0.0,0.0
2010-12-10 00:00:00-05:00,58.839034639169405,59.615336291063855,58.726439613201585,59.49681854248047,859500,0.0,0.0
2010-12-13 00:00:00-05:00,59.13242538094756,59.8313372110177,58.92932599197918,59.33552932739258,1089100,0.8,0.0
2010-12-14 00:00:00-05:00,59.33551559118145,60.14194722344424,59.01294202678122,59.269805908203125,813100,0.0,0.0
2010-12-15 00:00:00-05:00,59.114500911448786,59.75964814080306,58.62466791674861,58.67843246459961,868400,0.0,0.0
2010-12-16 00:00:00-05:00,58.84569871363211,59.00698326105914,57.967582308533046,58.18860626220703,866600,0.0,0.0
2010-12-17 00:00:00-05:00,58.29013708115198,58.995019006278234,58.07508804925072,58.66049575805664,1597500,0.0,0.0
2010-12-20 00:00:00-05:00,58.82181399823906,60.309233409054194,58.79791914311831,59.87913513183594,823400,0.0,0.0
2010-12-21 00:00:00-05:00,60.20767675185137,60.2315716042174,59.62823911503717,60.01054763793945,589300,0.0,0.0
2010-12-22 00:00:00-05:00,59.99262252106657,60.58998010683544,59.9030179717059,60.26740646362305,566200,0.0,0.0
2010-12-23 00:00:00-05:00,60.11210219029747,60.52428045126784,59.83731820214304,59.891082763671875,407900,0.0,0.0
2010-12-27 00:00:00-05:00,59.86716516976387,60.60191229091511,59.693930960047346,60.57802200317383,364900,0.0,0.0
2010-12-28 00:00:00-05:00,60.58402403055418,60.828942904211345,60.13600570238162,60.76323318481445,390400,0.0,0.0
2010-12-29 00:00:00-05:00,60.93644598611495,61.13954536897429,60.613872356741425,60.781131744384766,393200,0.0,0.0
2010-12-30 00:00:00-05:00,60.816985475150005,61.020089461357,60.5959660447653,60.60193634033203,364000,0.0,0.0
2010-12-31 00:00:00-05:00,60.59595315203236,61.097731321528165,60.476478903954856,60.58400344848633,353600,0.0,0.0
2011-01-03 00:00:00-05:00,61.04397581845346,61.93403738409093,61.026055819292765,61.84443283081055,923300,0.0,0.0
2011-01-04 00:00:00-05:00,61.844421788933175,62.08336570252684,60.165848657583965,60.32713317871094,1004600,0.0,0.0
2011-01-05 00:00:00-05:00,60.249505935836744,60.936468292969145,60.249505935836744,60.92451858520508,853500,0.0,0.0
2011-01-06 00:00:00-05:00,60.852822599104734,61.16942140959585,60.386879825623694,60.79308319091797,586400,0.0,0.0
2011-01-07 00:00:00-05:00,61.11565923338959,61.217213496775116,60.42272673471679,60.77516555786133,567200,0.0,0.0
2011-01-10 00:00:00-05:00,60.51232878373268,60.691533335408614,59.711867202320526,60.40480422973633,552600,0.0,0.0
2011-01-11 00:00:00-05:00,60.70347190127365,60.805021584337275,59.81938077980957,60.18376922607422,465400,0.0,0.0
2011-01-12 00:00:00-05:00,60.60191381775,60.70346805184983,60.094160877154195,60.51231384277344,596200,0.0,0.0
2011-01-13 00:00:00-05:00,60.58997277208194,61.47406389728547,60.48244823736093,61.14551544189453,453000,0.0,0.0
2011-01-14 00:00:00-05:00,60.99022557824444,61.95794677734375,60.85283584744836,61.95794677734375,559900,0.0,0.0
2011-01-18 00:00:00-05:00,61.90417754915132,62.63295468104589,61.72497297149901,62.62697982788086,601500,0.0,0.0
2011-01-19 00:00:00-05:00,62.101269783336804,62.24463427176149,61.65922661883366,61.898170471191406,796200,0.0,0.0
2011-01-20 00:00:00-05:00,61.68313939668343,62.51944084438656,61.68313939668343,62.101287841796875,652300,0.0,0.0
2011-01-21 00:00:00-05:00,62.453758455781916,63.0331916809082,61.9340555403836,63.0331916809082,756500,0.0,0.0
2011-01-24 00:00:00-05:00,62.84201274064646,63.080956673296264,62.28049974001734,62.794227600097656,825600,0.0,0.0
2011-01-25 00:00:00-05:00,62.51946227461191,63.761962890625,62.45375255964513,63.761962890625,607100,0.0,0.0
2011-01-26 00:00:00-05:00,63.92323788308357,64.31749152815324,63.43937512927865,63.91726303100586,646000,0.0,0.0
2011-01-27 00:00:00-05:00,64.17412352919617,64.99847532998946,63.917259593390945,64.82524108886719,770900,0.0,0.0
2011-01-28 00:00:00-05:00,64.89097558606342,65.04031503471195,63.52900054358543,63.600685119628906,832300,0.0,0.0
2011-01-31 00:00:00-05:00,63.78584709862103,65.12990176815268,63.69624254249018,65.10003662109375,769400,0.0,0.0
2011-02-01 00:00:00-05:00,65.42261361937923,65.64363761015451,64.59228677690759,65.04627990722656,794600,0.0,0.0
2011-02-02 00:00:00-05:00,64.65798073956428,65.26728800032438,64.65798073956428,65.18962860107422,765800,0.0,0.0
2011-02-03 00:00:00-05:00,64.96263177555183,65.71530354394125,64.79537239534892,65.58985900878906,653300,0.0,0.0
2011-02-04 00:00:00-05:00,65.73322365875312,65.73322365875312,64.93873704388676,65.17768096923828,896300,0.0,0.0
2011-02-07 00:00:00-05:00,65.46440118309869,66.24694254676469,65.16572245615879,65.87657928466797,466400,0.0,0.0
2011-02-08 00:00:00-05:00,65.91841516706774,66.3604585479577,65.70934090296284,65.83478546142578,536500,0.0,0.0
2011-02-09 00:00:00-05:00,65.66153809449467,66.1633207856902,65.57193355419444,66.06774139404297,483900,0.0,0.0
2011-02-10 00:00:00-05:00,65.81089513365771,66.53967223934036,65.74518542363862,66.32462310791016,623900,0.0,0.0
2011-02-11 00:00:00-05:00,66.17528285668479,66.71888053139394,66.10957314748968,66.5217514038086,765500,0.0,0.0
2011-02-14 00:00:00-05:00,66.58148564266142,66.87418962614862,66.11554738721885,66.30670166015625,476300,0.0,0.0
2011-02-15 00:00:00-05:00,66.08565264152465,66.19915201471049,64.735628094309,65.82878875732422,1052900,0.0,0.0
2011-02-16 00:00:00-05:00,66.002043237125,66.55758601510959,65.64960442315004,66.22904205322266,645200,0.0,0.0
2011-02-17 00:00:00-05:00,65.97216858933784,66.47394673849307,65.90645889492804,65.94229888916016,495100,0.0,0.0
2011-02-18 00:00:00-05:00,66.03192461457202,66.73083207115891,65.816875465241,66.69499206542969,657400,0.0,0.0
2011-02-22 00:00:00-05:00,65.98411666829537,67.23856665442729,65.97814181649893,66.22306060791016,942600,0.0,0.0
2011-02-23 00:00:00-05:00,66.10957149350126,66.37241032370578,65.0044607280608,65.10601043701172,1468300,0.0,0.0
2011-02-24 00:00:00-05:00,64.9447244293687,65.67947178659293,64.59228104602305,65.08808898925781,1058500,0.0,0.0
2011-02-25 00:00:00-05:00,65.30313814227428,66.20514947023494,65.27326843677125,66.04983520507812,817200,0.0,0.0
2011-02-28 00:00:00-05:00,66.187216276333,67.53127072145955,65.79893296957897,67.05338287353516,1207400,0.0,0.0
2011-03-01 00:00:00-05:00,67.38790445759791,67.49542900001467,65.57193693982394,65.601806640625,1117100,0.0,0.0
2011-03-02 00:00:00-05:00,65.44052698862596,66.17527428540043,65.1119784852053,65.15379333496094,1166100,0.0,0.0
2011-03-03 00:00:00-05:00,65.64960482509171,66.51577157056964,65.64960482509171,66.00801849365234,1185500,0.0,0.0
2011-03-04 00:00:00-05:00,66.04982242291645,66.28876634826797,64.87900220191796,65.17768096923828,837200,0.0,0.0
2011-03-07 00:00:00-05:00,65.39870203018768,65.82879560799039,64.97457418861055,65.25533294677734,790500,0.0,0.0
2011-03-08 00:00:00-05:00,65.37483115781319,67.53726321463762,65.37483115781319,67.25053405761719,1037500,0.0,0.0
2011-03-09 00:00:00-05:00,66.96378884409768,67.71646072761361,66.70692488307509,67.0892333984375,821900,0.0,0.0
2011-03-10 00:00:00-05:00,66.57549580087176,66.80846487614181,65.78698403284781,65.97216796875,861600,0.0,0.0
2011-03-11 00:00:00-05:00,65.9420830095833,66.82660665005248,65.73148323583607,66.65812683105469,596500,0.8,0.0
2011-03-14 00:00:00-04:00,66.21281939987435,66.46553898072933,65.7314448347646,65.98416900634766,564100,0.0,0.0
2011-03-15 00:00:00-04:00,64.38967403064369,66.09252797434822,64.38967403064369,65.58106994628906,615400,0.0,0.0
2011-03-16 00:00:00-04:00,65.42462263635156,65.64725475418402,63.70371345861764,64.24525451660156,939900,0.0,0.0
2011-03-17 00:00:00-04:00,65.09967792361014,65.2019685770551,64.3415142171615,64.93119812011719,730000,0.0,0.0
2011-03-18 00:00:00-04:00,65.71946683145805,65.85785903452016,64.70256463266894,64.75672149658203,1078300,0.0,0.0
2011-03-21 00:00:00-04:00,65.40055819968012,66.1827867797689,65.01546006378646,65.71946716308594,952000,0.0,0.0
2011-03-22 00:00:00-04:00,65.70140423656531,65.83979641469385,64.70857142386441,65.03951263427734,441500,0.0,0.0
2011-03-23 00:00:00-04:00,64.75668423674517,64.97931624158974,64.21513886286922,64.473876953125,669500,0.0,0.0
2011-03-24 00:00:00-04:00,64.68447526545873,64.78676589201052,64.01657008383148,64.6182861328125,569500,0.0,0.0
2011-03-25 00:00:00-04:00,64.68451130569616,65.1237662861126,64.60027137916123,65.01545715332031,657600,0.0,0.0
2011-03-28 00:00:00-04:00,65.30425652843896,65.418584072106,64.84695094450096,64.90110778808594,360200,0.0,0.0
2011-03-29 00:00:00-04:00,64.75670071732407,65.66528889673742,64.61228552038399,65.6231689453125,587100,0.0,0.0
2011-03-30 00:00:00-04:00,65.83378890989525,66.48965753634062,65.53894458924906,66.36931610107422,651700,0.0,0.0
2011-03-31 00:00:00-04:00,66.12860119979582,66.84464024675452,66.09851355809833,66.73633575439453,646800,0.0,0.0
2011-04-01 00:00:00-04:00,67.12747942586219,67.19366859644127,66.55585068802303,66.79051971435547,700100,0.0,0.0
2011-04-04 00:00:00-04:00,66.82057681320326,67.56068506834333,66.76641997534468,67.22974395751953,606400,0.0,0.0
2011-04-05 00:00:00-04:00,66.95294947362608,67.36211661165098,66.51369928456864,66.90481567382812,668900,0.0,0.0
2011-04-06 00:00:00-04:00,67.091346763465,67.31999723430113,66.53776903992721,66.65209197998047,485600,0.0,0.0
2011-04-07 00:00:00-04:00,66.5799058593582,66.7724548811622,65.62317460768179,66.18878936767578,837200,0.0,0.0
2011-04-08 00:00:00-04:00,66.41744945733272,66.43550480415504,65.16588293080764,65.28622436523438,600300,0.0,0.0
2011-04-11 00:00:00-04:00,65.49682460687538,65.99023183648009,65.29224324884169,65.42462158203125,551800,0.0,0.0
2011-04-12 00:00:00-04:00,65.1598399591151,65.38247657882042,65.01542937400531,65.0936508178711,629100,0.0,0.0
2011-04-13 00:00:00-04:00,65.2862092017283,65.34036145742338,64.67847454034457,64.84695434570312,469200,0.0,0.0
2011-04-14 00:00:00-04:00,64.61830008198177,66.09852133112331,64.50999098615532,65.97817993164062,736400,0.0,0.0
2011-04-15 00:00:00-04:00,66.09855143385892,67.26588282153583,65.96617307970187,67.07333374023438,819900,0.0,0.0
2011-04-18 00:00:00-04:00,66.36329772566604,66.71229431534958,66.12862871312437,66.53779602050781,448000,0.0,0.0
2011-04-19 00:00:00-04:00,66.73636042242353,67.265869140625,66.6521159126768,67.265869140625,475700,0.0,0.0
2011-04-20 00:00:00-04:00,68.00595479546433,68.00595479546433,67.38618791787839,67.6028060913086,660800,0.0,0.0
2011-04-21 00:00:00-04:00,67.90366450648521,67.90366450648521,67.25982842955298,67.57272338867188,750000,0.0,0.0
2011-04-25 00:00:00-04:00,67.69910433978212,68.89651852925262,67.58477677013191,68.52345275878906,731600,0.0,0.0
2011-04-26 00:00:00-04:00,68.86038684961953,69.64863341316718,68.39706291614908,69.4681167602539,665900,0.0,0.0
2011-04-27 00:00:00-04:00,69.58246419545449,70.22630037538548,69.31169372931483,70.14807891845703,603200,0.0,0.0
2011-04-28 00:00:00-04:00,70.05784380920798,71.5320472196958,69.87131318579243,71.39967346191406,704500,0.0,0.0
2011-04-29 00:00:00-04:00,71.3154021019159,71.38159125126512,69.88331919661414,70.58732604980469,686000,0.0,0.0
2011-05-02 00:00:00-04:00,70.8220074981966,71.10481489700592,69.87129922208433,70.34063720703125,617900,0.0,0.0
2011-05-03 00:00:00-04:00,70.2684183153162,70.75580697670176,69.42000084584018,69.98561096191406,674400,0.0,0.0
2011-05-04 00:00:00-04:00,69.75095874426478,70.17817680527045,69.48018822090658,70.00969696044922,691100,0.0,0.0
2011-05-05 00:00:00-04:00,69.82315518712328,70.70166037364427,69.32372959079365,69.77501678466797,701700,0.0,0.0
2011-05-06 00:00:00-04:00,69.79909554555924,71.00252822737923,69.45009896605592,69.81714630126953,774100,0.0,0.0
2011-05-09 00:00:00-04:00,70.09389150551857,70.92426247561737,69.67269216614127,70.7858657836914,697100,0.0,0.0
2011-05-10 00:00:00-04:00,70.90022845022025,72.20595164061261,70.803951644482,72.12171173095703,721200,0.0,0.0
2011-05-11 00:00:00-04:00,71.91712824179127,72.04349270127103,71.30337965204967,71.69449615478516,874400,0.0,0.0
2011-05-12 00:00:00-04:00,71.45382129261276,71.81485020836593,70.59336667152297,70.7197265625,845000,0.0,0.0
2011-05-13 00:00:00-04:00,70.95436901508117,70.95436901508117,69.93145337173736,69.99764251708984,544700,0.0,0.0
2011-05-16 00:00:00-04:00,69.94954383489397,70.53922803080081,69.6366532716409,70.35871124267578,572400,0.0,0.0
2011-05-17 00:00:00-04:00,70.21425836086232,70.6535085754768,70.03374168124577,70.42485809326172,618400,0.0,0.0
2011-05-18 00:00:00-04:00,70.59936841695459,70.94234649438096,70.01570292239572,70.81598663330078,548000,0.0,0.0
2011-05-19 00:00:00-04:00,71.00251169740797,71.18302839394774,70.11798814767765,70.58732604980469,558800,0.0,0.0
2011-05-20 00:00:00-04:00,70.56327598474698,70.56327598474698,69.81113052976416,69.84723663330078,754100,0.0,0.0
2011-05-23 00:00:00-04:00,69.32374230598866,69.33577920417562,68.42116775269194,68.4332046508789,885200,0.0,0.0
2011-05-24 00:00:00-04:00,68.67990064699586,69.0048280118638,68.48133315889915,68.49337005615234,701000,0.0,0.0
2011-05-25 00:00:00-04:00,68.29481105124809,69.34781474587086,67.86157451094336,68.81830596923828,622800,0.0,0.0
2011-05-26 00:00:00-04:00,68.60768903572682,69.97358757826323,68.35496929691838,69.55238342285156,537400,0.0,0.0
2011-05-27 00:00:00-04:00,69.7389087970073,69.91340704664273,69.47415219883901,69.7810287475586,476300,0.0,0.0
2011-05-31 00:00:00-04:00,70.00969334517296,71.23117674778135,69.9495226309485,71.20710754394531,1241700,0.0,0.0
2011-06-01 00:00:00-04:00,70.99048045618817,70.99048045618817,69.19736413096018,69.32974243164062,777900,0.0,0.0
2011-06-02 00:00:00-04:00,69.33576998951331,69.97960623500377,69.05296259921481,69.23347473144531,702600,0.0,0.0
2011-06-03 00:00:00-04:00,68.45726268742796,70.03376107502355,68.45726268742796,69.7509536743164,786800,0.0,0.0
2011-06-06 00:00:00-04:00,69.73289820926574,69.97960408368007,68.8122730500724,68.8543930053711,614000,0.0,0.0
2011-06-07 00:00:00-04:00,69.14923122403775,70.3707144924916,69.06499131522926,69.60653686523438,619500,0.0,0.0
2011-06-08 00:00:00-04:00,69.42003866864971,70.31057657442473,69.42003866864971,69.93751525878906,580800,0.0,0.0
2011-06-09 00:00:00-04:00,70.02172423781438,70.02172423781438,69.0409237762114,69.19135284423828,682000,0.0,0.0
2011-06-10 00:00:00-04:00,68.89050657990119,68.9988157111744,67.44638635983561,67.52461242675781,1053500,0.0,0.0
2011-06-13 00:00:00-04:00,67.43358139827953,68.29531249748909,67.03912558725581,67.28186798095703,765400,0.95,0.0
2011-06-14 00:00:00-04:00,68.05255284175075,68.13144213197421,67.42749446172093,67.91297912597656,931300,0.0,0.0
2011-06-15 00:00:00-04:00,67.42751511405486,67.6035032430027,66.3715909702941,66.57791900634766,985900,0.0,0.0
2011-06-16 00:00:00-04:00,66.74782257211689,67.64596788890375,66.45653545256596,67.1786880493164,841100,0.0,0.0
2011-06-17 00:00:00-04:00,67.67632002800188,68.19821456066325,67.19083986431359,67.82803344726562,1103500,0.0,0.0
2011-06-20 00:00:00-04:00,67.53672431384736,68.47127922821012,67.53672431384736,68.08289337158203,623900,0.0,0.0
2011-06-21 00:00:00-04:00,68.20427947015607,68.43488218401637,67.88871761803534,68.17393493652344,587300,0.0,0.0
2011-06-22 00:00:00-04:00,68.05863208052716,68.48342774802356,67.73093058134758,67.77947998046875,511300,0.0,0.0
2011-06-23 00:00:00-04:00,66.8024428822482,66.86919714612712,65.44308753591862,66.00746154785156,1309000,0.0,0.0
2011-06-24 00:00:00-04:00,66.6932325446262,67.49427936340189,66.61433858865743,67.1969223022461,1258300,0.0,0.0
2011-06-27 00:00:00-04:00,67.39720039513453,67.76738168705586,67.1726673894936,67.4154052734375,744000,0.0,0.0
2011-06-28 00:00:00-04:00,67.68846374449532,68.02830034240414,67.25759816359624,67.8765869140625,599600,0.0,0.0
2011-06-29 00:00:00-04:00,68.27103232346106,68.96891491319714,68.022220116629,68.90216064453125,817500,0.0,0.0
2011-06-30 00:00:00-04:00,68.83540933280143,69.39978340944933,68.4348837036009,69.18738555908203,658800,0.0,0.0
2011-07-01 00:00:00-04:00,69.30268931308373,70.43143754308379,69.1509758910937,70.27972412109375,696200,0.0,0.0
2011-07-05 00:00:00-04:00,70.20688792030954,71.3477709151738,69.75781296462964,71.2870864868164,801000,0.0,0.0
2011-07-06 00:00:00-04:00,71.08076509996928,71.79685257949532,70.71058400962548,71.67548370361328,530800,0.0,0.0
2011-07-07 00:00:00-04:00,72.28234147804021,72.3612307888841,71.84540609198712,72.16097259521484,464300,0.0,0.0
2011-07-08 00:00:00-04:00,71.23853608683343,72.51899741578225,71.23246625510582,72.45831298828125,650100,0.0,0.0
2011-07-11 00:00:00-04:00,71.4570271885871,72.3976523283905,71.37813786992953,71.84541320800781,789700,0.0,0.0
2011-07-12 00:00:00-04:00,71.79077621096042,73.53851275343415,71.7240219506299,72.65857696533203,795500,0.0,0.0
2011-07-13 00:00:00-04:00,72.87096808326307,72.93772233745892,71.71794552797304,71.7725601196289,1019600,0.0,0.0
2011-07-14 00:00:00-04:00,72.10027593989555,72.29446890994531,71.141450754608,71.51162719726562,763700,0.0,0.0
2011-07-15 00:00:00-04:00,71.72401806998784,72.51292485768936,71.27494313752979,72.33087158203125,669300,0.0,0.0
2011-07-18 00:00:00-04:00,72.15488457852236,72.24591353266446,71.12930064637625,71.663330078125,746200,0.0,0.0
2011-07-19 00:00:00-04:00,71.8514553563237,72.93165384599185,71.59657799739803,72.90737915039062,561600,0.0,0.0
2011-07-20 00:00:00-04:00,72.76175470341475,73.59314125381574,72.28840958977094,73.45356750488281,522000,0.0,0.0
2011-07-21 00:00:00-04:00,73.97544678074279,74.93427647642453,73.79338886842473,74.60657501220703,750300,0.0,0.0
2011-07-22 00:00:00-04:00,74.79472018114409,75.05566746311918,74.38812930432346,74.78258514404297,423500,0.0,0.0
2011-07-25 00:00:00-04:00,74.00579661868886,74.97069627568315,73.84194817953734,74.35777282714844,473200,0.0,0.0
2011-07-26 00:00:00-04:00,74.32743585447123,74.68547727965917,73.65989314661944,74.42453002929688,591600,0.0,0.0
2011-07-27 00:00:00-04:00,74.3213503607457,74.3213503607457,72.2823221898858,72.33087158203125,1120400,0.0,0.0
2011-07-28 00:00:00-04:00,72.51291790771987,73.30789908065103,71.69973650188464,72.43402862548828,602400,0.0,0.0
2011-07-29 00:00:00-04:00,71.8757325893854,72.84669729808881,71.35383819034638,72.59788513183594,736000,0.0,0.0
2011-08-01 00:00:00-04:00,73.19868110338477,73.55065266400834,71.40846024933929,72.09420776367188,1177400,0.0,0.0
2011-08-02 00:00:00-04:00,71.60872113193471,72.27625913175582,70.55886242054515,70.63775634765625,1089400,0.0,0.0
2011-08-03 00:00:00-04:00,70.75911569857496,71.2567353730018,68.74436230578276,71.05040740966797,1143700,0.0,0.0
2011-08-04 00:00:00-04:00,70.21297022542305,70.86230348986136,67.24545604561443,67.25152587890625,1333800,0.0,0.0
2011-08-05 00:00:00-04:00,68.40452035243364,68.40452035243364,65.83146306867248,66.94200134277344,1685400,0.0,0.0
2011-08-08 00:00:00-04:00,65.66153406990641,66.00137511212017,61.90511478427671,61.941524505615234,2105400,0.0,0.0
2011-08-09 00:00:00-04:00,62.10539252760825,68.77471663799832,61.75948617569872,68.43487548828125,2745000,0.0,0.0
2011-08-10 00:00:00-04:00,66.7660379320338,69.90954008996728,66.20166384053466,66.52330017089844,1962600,0.0,0.0
2011-08-11 00:00:00-04:00,66.84493494578011,72.57970046999719,66.75997579948995,71.3113784790039,1816700,0.0,0.0
2011-08-12 00:00:00-04:00,71.76043732403865,73.12585790737131,70.63168927142294,70.9836654663086,1061800,0.0,0.0
2011-08-15 00:00:00-04:00,71.55411537783603,72.79209273711302,71.32350802999109,72.71320343017578,1734100,0.0,0.0
2011-08-16 00:00:00-04:00,72.02137979316399,73.90262487985756,71.34777197952053,72.98627471923828,1507600,0.0,0.0
2011-08-17 00:00:00-04:00,73.3686256813548,74.67942748778442,72.81032129398527,73.04092407226562,1351600,0.0,0.0
2011-08-18 00:00:00-04:00,71.29317650887882,72.18524758120995,69.55150467923664,70.28579711914062,1415100,0.0,0.0
2011-08-19 00:00:00-04:00,69.00534210834569,71.19001476946939,68.9992722742242,69.15098571777344,1209300,0.0,0.0
2011-08-22 00:00:00-04:00,70.41323068951087,70.63776821450377,69.07815446558146,69.97023010253906,1320100,0.0,0.0
2011-08-23 00:00:00-04:00,70.43750113537335,72.51900928584614,70.00056577796758,72.512939453125,1237100,0.0,0.0
2011-08-24 00:00:00-04:00,71.91216259203148,73.15621451415949,71.03222658950033,72.84671783447266,1120300,0.0,0.0
2011-08-25 00:00:00-04:00,73.08943376119068,73.71449209752001,70.77125367979743,71.46913146972656,880800,0.0,0.0
2011-08-26 00:00:00-04:00,71.1778636035453,72.94987511151245,69.60611027694388,72.88919067382812,1045000,0.0,0.0
2011-08-29 00:00:00-04:00,74.04219933029424,74.81290126413845,72.72532367210702,74.30921173095703,971800,0.0,0.0
2011-08-30 00:00:00-04:00,74.23034596688856,75.40764365133491,73.253311118855,74.84933471679688,880400,0.0,0.0
2011-08-31 00:00:00-04:00,75.14063604203814,75.36517361096075,74.3335193906988,75.08602142333984,1044900,0.0,0.0
2011-09-01 00:00:00-04:00,75.17702919357431,75.4865258543286,73.36860789253373,73.57493591308594,1156200,0.0,0.0
2011-09-02 00:00:00-04:00,72.22771359118377,73.72664272721659,71.83326245427034,71.96676635742188,1051800,0.0,0.0
2011-09-06 00:00:00-04:00,69.7638990616236,72.28841261321237,69.7638990616236,72.14883422851562,839700,0.0,0.0
2011-09-07 00:00:00-04:00,73.2957823718679,75.07993356656894,72.10027995255739,75.02531433105469,968900,0.0,0.0
2011-09-08 00:00:00-04:00,74.39419178799697,75.74140772336061,74.14538418214603,75.15882873535156,1031500,0.0,0.0
2011-09-09 00:00:00-04:00,74.52770856071959,74.92216442952305,72.73142199209293,73.22297668457031,1193900,0.0,0.0
2011-09-12 00:00:00-04:00,72.40942644174747,73.84685335539997,72.08524238604456,73.78568267822266,706000,0.95,0.0
2011-09-13 00:00:00-04:00,73.92024856915121,73.9691832428146,72.7641937371913,73.43091583251953,909000,0.0,0.0
2011-09-14 00:00:00-04:00,73.91413559901662,74.93562714792797,72.40331594683627,74.5686264038086,1149800,0.0,0.0
2011-09-15 00:00:00-04:00,75.30876097235138,75.38215833587095,74.43407327928387,75.1864242553711,789100,0.0,0.0
2011-09-16 00:00:00-04:00,75.37603890006945,75.657406326351,73.99978244543051,75.19865417480469,1439200,0.0,0.0
2011-09-19 00:00:00-04:00,73.84684686981406,74.53191359402645,73.63275885183063,73.7245101928711,1008500,0.0,0.0
2011-09-20 00:00:00-04:00,74.21384029578003,74.7826929544938,73.75508830219366,73.79790496826172,893300,0.0,0.0
2011-09-21 00:00:00-04:00,73.67558944731354,74.58698036279667,71.26561478937266,71.47969818115234,1211600,0.0,0.0
2011-09-22 00:00:00-04:00,70.59891120368688,71.25339755476354,69.12478974627855,70.15850830078125,1558000,0.0,0.0
2011-09-23 00:00:00-04:00,69.93217637316941,70.1584911057678,68.54368396866332,69.54682159423828,1345900,0.0,0.0
2011-09-26 00:00:00-04:00,70.01168681985321,70.24411953793377,69.07583327950994,70.16460418701172,1127900,0.0,0.0
2011-09-27 00:00:00-04:00,71.46135853176978,71.81612801005856,70.12791865360549,70.47657012939453,1449300,0.0,0.0
2011-09-28 00:00:00-04:00,70.64784021366086,71.1922257952205,69.00856546619228,69.13089752197266,1004300,0.0,0.0
2011-09-29 00:00:00-04:00,70.48267265436795,70.5499520004169,68.68436298115894,69.50399780273438,1060400,0.0,0.0
2011-09-30 00:00:00-04:00,68.82505008314669,69.58963695810759,68.01153319485593,68.1093978881836,1130800,0.0,0.0
2011-10-03 00:00:00-04:00,67.40596243313252,68.45192115824457,64.65956827967132,64.70238494873047,1514800,0.0,0.0
2011-10-04 00:00:00-04:00,63.919472441025775,67.41822325814891,63.25886816086925,67.22860717773438,1800000,0.0,0.0
2011-10-05 00:00:00-04:00,67.12461012395062,67.6445282694946,64.25588332088975,67.2591781616211,1418300,0.0,0.0
2011-10-06 00:00:00-04:00,66.92275311702224,68.5253240020104,66.40894838035892,68.35405731201172,1110300,0.0,0.0
2011-10-07 00:00:00-04:00,68.76386482513449,68.76386482513449,66.10922217808694,66.20097351074219,1444100,0.0,0.0
2011-10-10 00:00:00-04:00,67.6628779252116,70.12790512347519,67.44878987904232,70.09120178222656,1058000,0.0,0.0
2011-10-11 00:00:00-04:00,69.60798807548842,69.84042079583384,68.32347844550638,68.55591583251953,731500,0.0,0.0
2011-10-12 00:00:00-04:00,68.9229184447364,70.63559488650644,68.37241496940545,69.95052337646484,878800,0.0,0.0
2011-10-13 00:00:00-04:00,69.3449841438206,70.0422871136004,68.31126102780111,69.42449951171875,691300,0.0,0.0
2011-10-14 00:00:00-04:00,70.2074215099979,70.4887889081618,69.4795333422834,70.28694152832031,692100,0.0,0.0
2011-10-17 00:00:00-04:00,70.01166156516905,70.69673280291991,69.41222831546983,69.64466094970703,1056400,0.0,0.0
2011-10-18 00:00:00-04:00,69.6874892787271,72.09135001249987,69.46728793924663,71.7426986694336,883800,0.0,0.0
2011-10-19 00:00:00-04:00,71.57142565857815,71.9139589711339,70.34196906648859,70.54993438720703,980400,0.0,0.0
2011-10-20 00:00:00-04:00,70.72733826003899,71.17997702223316,69.43060198636829,70.96588897705078,845700,0.0,0.0
2011-10-21 00:00:00-04:00,71.84671445081707,73.2352071294893,71.69991504573062,73.19239044189453,947300,0.0,0.0
2011-10-24 00:00:00-04:00,73.22297134235116,75.38216440418216,72.83762115284667,75.31488037109375,909000,0.0,0.0
2011-10-25 00:00:00-04:00,74.96623270596821,75.82868917427406,74.06707755106864,74.8989486694336,1364900,0.0,0.0
2011-10-26 00:00:00-04:00,75.70632641152123,76.53208390931806,75.10689295880066,76.2690658569336,1035400,0.0,0.0
2011-10-27 00:00:00-04:00,78.95429612217224,80.86270187742292,77.56580381519927,80.01248168945312,1514800,0.0,0.0
2011-10-28 00:00:00-04:00,79.09499110814915,80.51406899960742,79.09499110814915,80.44678497314453,1026600,0.0,0.0
2011-10-31 00:00:00-04:00,79.22343664600194,80.5018236673376,78.84419520745385,78.93595123291016,1063700,0.0,0.0
2011-11-01 00:00:00-04:00,77.53522555933283,79.12556529385135,77.1437574605796,77.23550415039062,1411900,0.0,0.0
2011-11-02 00:00:00-04:00,78.4710551991309,78.71572853412445,77.21713585728911,77.9083251953125,1160800,0.0,0.0
2011-11-03 00:00:00-04:00,78.55671200514394,78.55671200514394,76.37305667120188,77.841064453125,1144500,0.0,0.0
2011-11-04 00:00:00-04:00,77.09483227903996,77.09483227903996,74.86223744079915,76.34859466552734,1248600,0.0,0.0
2011-11-07 00:00:00-05:00,76.5137396187362,76.97860977033606,75.35768457506579,76.7645263671875,798300,0.0,0.0
2011-11-08 00:00:00-05:00,76.92966723281457,77.66367339723737,75.85313232499611,77.52298736572266,1061900,0.0,0.0
2011-11-09 00:00:00-05:00,75.96933522794725,76.59935861016538,74.26889509600669,74.55026245117188,1183000,0.0,0.0
2011-11-10 00:00:00-05:00,75.56564823766486,76.36081576291078,74.94174275375279,75.89595031738281,916100,0.0,0.0
2011-11-11 00:00:00-05:00,76.88073794845698,77.46794008554427,76.15284977852535,76.86238861083984,792600,0.0,0.0
2011-11-14 00:00:00-05:00,76.31188205789996,76.59324944552382,74.83163843894995,75.24757385253906,901400,0.0,0.0
2011-11-15 00:00:00-05:00,74.92340205723279,77.10706216944043,74.76437133384258,76.50151062011719,949400,0.0,0.0
2011-11-16 00:00:00-05:00,75.67575448113975,77.21104629761548,75.47390241761873,75.9265365600586,714200,0.0,0.0
2011-11-17 00:00:00-05:00,75.71859023502209,76.58716006048176,75.13750123911396,75.5106201171875,1123900,0.0,0.0
2011-11-18 00:00:00-05:00,75.99992674598245,76.71557885972715,75.44330532418054,76.52596282958984,916900,0.0,0.0
2011-11-21 00:00:00-05:00,75.5228207803493,75.85312281291912,74.53191468263985,75.3454360961914,893000,0.0,0.0
2011-11-22 00:00:00-05:00,75.32709700053822,76.64830064374644,75.20476030517872,75.79808044433594,850600,0.0,0.0
2011-11-23 00:00:00-05:00,75.13136041021494,75.69409518980763,74.25055490012718,74.56250762939453,1230500,0.0,0.0
2011-11-25 00:00:00-05:00,74.58087052152291,76.14062978467912,74.42795312971029,74.80718994140625,321400,0.0,0.0
2011-11-28 00:00:00-05:00,77.29056772175494,77.29056772175494,75.87149449714961,77.00308227539062,1050900,0.0,0.0
2011-11-29 00:00:00-05:00,77.41901410351878,77.68203219446598,76.69724385394284,77.4434814453125,873900,0.0,0.0
2011-11-30 00:00:00-05:00,78.93595429684065,80.77707621242907,78.67905421559597,80.67920684814453,1639600,0.0,0.0
2011-12-01 00:00:00-05:00,80.39169901828048,80.47121902126604,78.6056256178896,79.211181640625,806000,0.0,0.0
2011-12-02 00:00:00-05:00,79.9757846527327,80.57521813086855,79.06439376590534,79.24178314208984,745700,0.0,0.0
2011-12-05 00:00:00-05:00,80.26330831973605,80.39787641639622,78.24479620317378,78.59345245361328,1026600,0.0,0.0
2011-12-06 00:00:00-05:00,78.58116315752709,79.32740052084553,78.2936778126421,78.97874450683594,630900,0.0,0.0
2011-12-07 00:00:00-05:00,78.77083408924801,79.86572823000682,77.98789751187445,79.59046936035156,581200,0.0,0.0
2011-12-08 00:00:00-05:00,79.20510135961275,79.30296140412419,77.75544270023846,78.00010681152344,645700,0.0,0.0
2011-12-09 00:00:00-05:00,78.47109085124933,79.90240484459005,78.07350933458324,79.62103271484375,626800,0.0,0.0
2011-12-12 00:00:00-05:00,78.97405552050108,79.14658138035728,77.58768095968611,78.37637329101562,790300,0.95,0.0
2011-12-13 00:00:00-05:00,78.60436417101148,79.31911490245751,76.95303767990539,77.29193115234375,834900,0.0,0.0
2011-12-14 00:00:00-05:00,77.07627810131186,78.74609373205371,76.81133097500033,78.25315856933594,946900,0.0,0.0
2011-12-15 00:00:00-05:00,78.94939653930403,79.06646964878948,77.98201086783135,78.29625701904297,782100,0.0,0.0
2011-12-16 00:00:00-05:00,78.76455979755968,79.81204090033286,78.6105181823885,79.10961151123047,1026800,0.0,0.0
2011-12-19 00:00:00-05:00,79.41151044876105,79.97221459882861,78.72756082438791,78.76453399658203,802100,0.0,0.0
2011-12-20 00:00:00-05:00,79.86748864282572,80.81022251670493,79.43001574812541,80.63153839111328,977600,0.0,0.0
2011-12-21 00:00:00-05:00,80.71781269032883,81.15529504864034,80.3111405378626,81.04438018798828,709000,0.0,0.0
2011-12-22 00:00:00-05:00,81.17992484015215,82.43690018468861,81.02588323703992,82.0733642578125,916300,0.0,0.0
2011-12-23 00:00:00-05:00,82.47388385455548,82.95449293783543,82.27670607579756,82.88054656982422,485000,0.0,0.0
2011-12-27 00:00:00-05:00,82.87437627130802,84.21145615800857,82.68952448101867,83.61994171142578,599900,0.0,0.0
2011-12-28 00:00:00-05:00,83.61993680007691,83.61993680007691,82.49850956628622,82.5293197631836,665700,0.0,0.0
2011-12-29 00:00:00-05:00,82.94216626022398,83.638437357766,82.41842101662894,83.30570220947266,490000,0.0,0.0
2011-12-30 00:00:00-05:00,83.55831898606898,83.90337063728786,82.84356376457137,82.8497314453125,592300,0.0,0.0
2012-01-03 00:00:00-05:00,84.22993782939118,85.31439661832476,82.67719600102413,83.29953002929688,889000,0.0,0.0
2012-01-04 00:00:00-05:00,82.87435971108198,83.18244283268452,80.8718194206655,80.9395980834961,1052400,0.0,0.0
2012-01-05 00:00:00-05:00,80.55142811838108,82.06103386699515,80.49597540072307,81.96861267089844,959900,0.0,0.0
2012-01-06 00:00:00-05:00,82.01791186737216,82.73266716515943,81.48185009500838,81.5064926147461,789300,0.0,0.0
2012-01-09 00:00:00-05:00,81.65437013885492,82.091842997286,81.09365648462939,81.40789794921875,472000,0.0,0.0
2012-01-10 00:00:00-05:00,82.14730779411936,82.97912678113235,81.93780407561077,82.33831787109375,550100,0.0,0.0
2012-01-11 00:00:00-05:00,82.08569209398158,82.81276396434484,81.6666940349279,82.70185852050781,596400,0.0,0.0
2012-01-12 00:00:00-05:00,82.46772859518128,82.57247578019216,81.67903616525379,82.4184341430664,836000,0.0,0.0
2012-01-13 00:00:00-05:00,81.69751279764795,83.15783377486915,81.5311546144599,83.1455078125,737200,0.0,0.0
2012-01-17 00:00:00-05:00,84.20530676362138,84.2422752451893,82.991458141722,83.10236358642578,668700,0.0,0.0
2012-01-18 00:00:00-05:00,82.91751425554168,84.082068337467,82.65255782317094,83.52135467529297,657700,0.0,0.0
2012-01-19 00:00:00-05:00,83.70619205385,83.94649652454632,83.18244696035617,83.58911895751953,789700,0.0,0.0
2012-01-20 00:00:00-05:00,83.68770463723773,83.92800909880127,82.46768869211441,83.69386291503906,1196100,0.0,0.0
2012-01-23 00:00:00-05:00,83.62609317230364,83.9957967227402,82.98527493847384,83.78629302978516,616800,0.0,0.0
2012-01-24 00:00:00-05:00,83.0592499552068,83.83561639672156,83.0592499552068,83.55218505859375,835400,0.0,0.0
2012-01-25 00:00:00-05:00,83.27490200432538,83.934204698312,83.12086037323937,83.74319458007812,930800,0.0,0.0
2012-01-26 00:00:00-05:00,83.79249492565087,84.73522902206892,83.607643074951,84.19915771484375,831100,0.0,0.0
2012-01-27 00:00:00-05:00,84.03276971259882,85.00631367257002,83.71851885725702,84.73519897460938,808400,0.0,0.0
2012-01-30 00:00:00-05:00,83.90337386417299,84.550350436067,83.49670180161645,84.51338195800781,764500,0.0,0.0
2012-01-31 00:00:00-05:00,84.70441904241827,85.63482717745157,84.53189315515323,85.5608901977539,1081400,0.0,0.0
2012-02-01 00:00:00-05:00,85.99834067378752,86.34955059892789,85.12337619638392,85.35136413574219,868400,0.0,0.0
2012-02-02 00:00:00-05:00,85.57936529058351,86.12159482226079,85.42532366471652,85.80118560791016,655800,0.0,0.0
2012-02-03 00:00:00-05:00,86.61453254629484,87.17523693606091,85.47462071934147,87.08897399902344,1128800,0.0,0.0
2012-02-06 00:00:00-05:00,86.72542642717622,86.8609837961281,85.16036780648682,85.59168243408203,858400,0.0,0.0
2012-02-07 00:00:00-05:00,85.32672357018012,86.00451039583008,85.03712459939818,85.88127899169922,491800,0.0,0.0
2012-02-08 00:00:00-05:00,85.69026257927375,86.22015663772387,85.25893859372623,85.97369384765625,510400,0.0,0.0
2012-02-09 00:00:00-05:00,85.88128033012747,86.39269959709664,84.82147331456909,85.14804077148438,572000,0.0,0.0
2012-02-10 00:00:00-05:00,84.58115733589557,85.24661812086197,84.3778213125487,84.8522720336914,515900,0.0,0.0
2012-02-13 00:00:00-05:00,85.44995159612239,86.49127431347434,85.09874163813653,86.3187484741211,531300,0.0,0.0
2012-02-14 00:00:00-05:00,85.99834067378752,86.12773034022526,84.98166057058708,85.35136413574219,606300,0.0,0.0
2012-02-15 00:00:00-05:00,85.59167091274973,85.70874402489953,84.03892906046488,84.33468627929688,615200,0.0,0.0
2012-02-16 00:00:00-05:00,84.46409426524542,86.12158344491951,84.46409426524542,85.9798583984375,745800,0.0,0.0
2012-02-17 00:00:00-05:00,85.96137221201346,86.12773977475256,85.03712259983457,85.48693084716797,955600,0.0,0.0
2012-02-21 00:00:00-05:00,85.69641576628999,85.69641576628999,84.20529435049136,84.40863037109375,1044400,0.0,0.0
2012-02-22 00:00:00-05:00,84.72286569062094,84.80912859597332,83.72467929983593,83.93417358398438,767900,0.0,0.0
2012-02-23 00:00:00-05:00,83.74317316549178,85.28358908244091,83.28720666937188,85.2712631225586,876500,0.0,0.0
2012-02-24 00:00:00-05:00,85.1973360589109,86.1154180347558,83.79863561137981,84.48873901367188,839000,0.0,0.0
2012-02-27 00:00:00-05:00,84.15601205025541,84.21146477242898,83.3673197728306,83.5706558227539,1005300,0.0,0.0
2012-02-28 00:00:00-05:00,83.7123545248573,84.26074215991139,83.00992531364251,83.20093536376953,715200,0.0,0.0
2012-02-29 00:00:00-05:00,83.26872152200727,83.72468801315225,82.43073489625182,82.60942840576172,1440000,0.0,0.0
2012-03-01 00:00:00-05:00,82.56629310025167,82.84973376566393,82.33214687238731,82.6587142944336,1145300,0.0,0.0
2012-03-02 00:00:00-05:00,82.56630550384776,82.56630550384776,81.45720399728587,82.19660186767578,1144200,0.0,0.0
2012-03-05 00:00:00-05:00,81.64820871897973,82.36296402080568,80.7609369741083,82.25821685791016,1121200,0.0,0.0
2012-03-06 00:00:00-05:00,81.41406091081646,81.88850221970267,80.74243245969907,80.92728424072266,1125500,0.0,0.0
2012-03-07 00:00:00-05:00,81.05051480522162,81.33395545350942,79.9414229342354,80.742431640625,1303500,0.0,0.0
2012-03-08 00:00:00-05:00,80.86568337294352,80.98891477507075,79.51010974368407,79.69496154785156,1631800,0.0,0.0
2012-03-09 00:00:00-05:00,79.87363100805825,80.96423846035412,79.54089598041338,80.54524993896484,1069200,0.0,0.0
2012-03-12 00:00:00-04:00,80.58877985796921,81.71350413930983,80.28429266485936,80.8808364868164,882000,1.1,0.0
2012-03-13 00:00:00-04:00,81.0672323270738,82.69528492503723,81.0672323270738,82.353515625,911200,0.0,0.0
2012-03-14 00:00:00-04:00,82.21681308933505,82.8071367456746,81.85019212696776,82.31002807617188,746200,0.0,0.0
2012-03-15 00:00:00-04:00,82.96869275713051,83.26695980902228,82.04281046224607,83.15511322021484,1003400,0.0,0.0
2012-03-16 00:00:00-04:00,83.90700336743637,84.85773738126441,83.50310023069511,84.8328857421875,1758300,0.0,0.0
2012-03-19 00:00:00-04:00,84.75833077486904,85.5288645025466,84.44763306750993,85.08145904541016,1077400,0.0,0.0
2012-03-20 00:00:00-04:00,84.77699041193846,85.41703655222148,84.57193822418739,85.21818542480469,663400,0.0,0.0
2012-03-21 00:00:00-04:00,85.218151299097,85.64691557436461,84.84531032536694,85.08765411376953,863100,0.0,0.0
2012-03-22 00:00:00-04:00,84.50357625438193,84.57193013767771,83.90703241091491,84.19908905029297,861700,0.0,0.0
2012-03-23 00:00:00-04:00,84.4538540231372,85.4605115719464,84.11829518570636,85.17467498779297,796200,0.0,0.0
2012-03-26 00:00:00-04:00,85.97623770727617,86.29936585660168,85.33620142875358,85.6841812133789,900500,0.0,0.0
2012-03-27 00:00:00-04:00,85.6841891092609,85.88304013693569,85.00687057450403,85.30513763427734,694100,0.0,0.0
2012-03-28 00:00:00-04:00,85.10631783028664,85.54129271227383,84.3854968934271,85.15602111816406,839600,0.0,0.0
2012-03-29 00:00:00-04:00,84.57811029933424,85.54127486099766,84.42897202160117,85.4853515625,593000,0.0,0.0
2012-03-30 00:00:00-04:00,85.91412338283813,86.08190279336715,85.5040096307267,85.85820007324219,939500,0.0,0.0
2012-04-02 00:00:00-04:00,85.62828193127562,86.3304522357926,85.40457922390313,86.2621078491211,723700,0.0,0.0
2012-04-03 00:00:00-04:00,85.95141331043784,86.24346041514839,85.50400787935212,85.97626495361328,709100,0.0,0.0
2012-04-04 00:00:00-04:00,85.36109667313085,85.65315331623333,84.67134728989309,84.89505004882812,557300,0.0,0.0
2012-04-05 00:00:00-04:00,84.64026159577051,85.00688256279322,84.43520000021368,84.73346710205078,410600,0.0,0.0
2012-04-09 00:00:00-04:00,83.7206044286387,84.72105145976377,83.34155283344866,84.2550048828125,509500,0.0,0.0
2012-04-10 00:00:00-04:00,84.29852603976515,84.50979825979609,83.4161454604501,83.4720687866211,1012900,0.0,0.0
2012-04-11 00:00:00-04:00,84.25501719043332,85.09390494418358,83.92567831981866,85.01934051513672,739300,0.0,0.0
2012-04-12 00:00:00-04:00,85.02551934992596,85.75255070724381,84.5470423179042,85.7339096069336,651900,0.0,0.0
2012-04-13 00:00:00-04:00,85.69664088751654,85.87684137944316,84.99446105957031,84.99446105957031,527500,0.0,0.0
2012-04-16 00:00:00-04:00,85.3921754545752,86.3180582387106,85.36110378068595,85.70287322998047,562400,0.0,0.0
2012-04-17 00:00:00-04:00,85.9949219623854,86.51068135977668,85.3673159274056,86.1378402709961,493500,0.0,0.0
2012-04-18 00:00:00-04:00,85.75878541340461,86.40504201207177,85.39216436167092,85.5102310180664,513900,0.0,0.0
2012-04-19 00:00:00-04:00,85.69040149328207,86.27451454748011,85.26164673388688,85.61583709716797,646500,0.0,0.0
2012-04-20 00:00:00-04:00,85.75254944745316,87.18176050125864,85.68419558673996,86.82135009765625,681300,0.0,0.0
2012-04-23 00:00:00-04:00,86.22483526081253,86.49825079501926,85.47916256499413,86.1378402709961,741500,0.0,0.0
2012-04-24 00:00:00-04:00,86.31182091219343,88.0268783569336,86.13162041054986,88.0268783569336,916700,0.0,0.0
2012-04-25 00:00:00-04:00,88.6482996897418,88.6482996897418,87.95855018577221,88.54266357421875,638100,0.0,0.0
2012-04-26 00:00:00-04:00,88.26303582548232,88.87201040225098,87.95233799389456,88.6545181274414,480700,0.0,0.0
2012-04-27 00:00:00-04:00,89.11429018502854,89.79781923345388,88.78495147915099,89.42498779296875,450300,0.0,0.0
2012-04-30 00:00:00-04:00,89.13297428739278,89.13297428739278,88.28166546505776,89.0211181640625,524700,0.0,0.0
2012-05-01 00:00:00-04:00,89.00866283553427,90.56836156640777,88.56746801717337,90.12716674804688,523300,0.0,0.0
2012-05-02 00:00:00-04:00,89.74818032875952,90.64921171860162,89.17028685369853,90.41307830810547,641800,0.0,0.0
2012-05-03 00:00:00-04:00,90.52487222801794,91.02821043836387,89.79163024850449,90.08368682861328,586600,0.0,0.0
2012-05-04 00:00:00-04:00,88.85954963494144,89.33180676502865,86.86486606207866,87.29985046386719,721400,0.0,0.0
2012-05-07 00:00:00-04:00,87.15073830695442,87.83427730205989,87.05131272916726,87.43658447265625,604600,0.0,0.0
2012-05-08 00:00:00-04:00,86.9953278703286,87.69128745913498,86.64112805562218,87.39923095703125,764000,0.0,0.0
2012-05-09 00:00:00-04:00,86.72816836608256,87.26877937877549,86.48581503571157,86.54795837402344,776200,0.0,0.0
2012-05-10 00:00:00-04:00,87.18798133162086,87.18798133162086,86.0881088909577,86.42987823486328,488800,0.0,0.0
2012-05-11 00:00:00-04:00,86.08190718330917,87.16934917347905,85.81471170267486,86.63494873046875,718700,0.0,0.0
2012-05-14 00:00:00-04:00,85.79607255667874,86.76544792153305,85.05039044672137,85.1063232421875,676800,0.0,0.0
2012-05-15 00:00:00-04:00,85.2243863811691,85.41080692171856,84.05616932509479,84.36686706542969,852900,0.0,0.0
2012-05-16 00:00:00-04:00,84.70239420740765,84.70239420740765,83.10541317201175,83.23590087890625,802700,0.0,0.0
2012-05-17 00:00:00-04:00,83.40370725635823,83.59012780826747,81.12939738290038,81.16046905517578,890400,0.0,0.0
2012-05-18 00:00:00-04:00,81.63270513561481,82.42187989505888,80.85596093821651,81.09830474853516,1185700,0.0,0.0
2012-05-21 00:00:00-04:00,81.14181623376822,82.84444312217556,81.11074456597862,82.75743865966797,1022300,0.0,0.0
2012-05-22 00:00:00-04:00,82.78228088327845,82.91898860494209,81.78183409205246,82.13602447509766,771300,0.0,0.0
2012-05-23 00:00:00-04:00,81.78185446419799,82.19818827234216,80.63848912704904,82.0925521850586,632000,0.0,0.0
2012-05-24 00:00:00-04:00,82.01798562030868,82.87550485986347,80.71926197496698,82.58966827392578,568500,0.0,0.0
2012-05-25 00:00:00-04:00,82.35974384564459,82.97492871778162,82.30382053410709,82.82579040527344,631400,0.0,0.0
2012-05-29 00:00:00-04:00,83.06812228189935,83.84486643615891,82.72014241786948,83.76409149169922,726600,0.0,0.0
2012-05-30 00:00:00-04:00,83.06191837080922,83.26697998170742,82.08633256570793,82.32245635986328,948200,0.0,0.0
2012-05-31 00:00:00-04:00,82.49020915813144,83.67707621334951,81.60161861259628,82.93761444091797,985100,0.0,0.0
2012-06-01 00:00:00-04:00,81.59544364595432,82.62075193586078,81.56437197382205,82.02420806884766,923100,0.0,0.0
2012-06-04 00:00:00-04:00,82.22304637568377,82.77608791920551,81.80670310111041,82.43431854248047,807100,0.0,0.0
2012-06-05 00:00:00-04:00,82.06768569870266,83.54660013497613,81.78805021510223,83.0619125366211,608300,0.0,0.0
2012-06-06 00:00:00-04:00,83.84486737742064,84.83910369873047,83.2545437099043,84.83910369873047,687500,0.0,0.0
2012-06-07 00:00:00-04:00,85.54130401817731,85.64072957055573,84.63406244577375,84.8577651977539,468000,0.0,0.0
2012-06-08 00:00:00-04:00,84.47250322463083,86.27454632726925,84.47250322463083,86.19377136230469,535300,0.0,0.0
2012-06-11 00:00:00-04:00,87.2773865408769,87.2773865408769,84.97237612266994,85.00995635986328,944600,1.1,0.0
2012-06-12 00:00:00-04:00,85.00991434282447,86.31900959822443,84.62157267371875,85.53605651855469,464700,0.0,0.0
2012-06-13 00:00:00-04:00,84.86585642882108,86.1123116556145,84.61530570060988,84.99112701416016,562700,0.0,0.0
2012-06-14 00:00:00-04:00,85.20412643035546,86.32532113550569,84.87215492844865,85.98081970214844,520100,0.0,0.0
2012-06-15 00:00:00-04:00,86.43176463423768,86.50066489139434,85.33563026153915,86.30022430419922,842600,0.0,0.0
2012-06-18 00:00:00-04:00,85.96197998822703,87.55293629319202,85.84296960195383,87.20843505859375,669500,0.0,0.0
2012-06-19 00:00:00-04:00,87.51536943291515,88.31085248555436,86.93911707871086,87.47151947021484,445700,0.0,0.0
2012-06-20 00:00:00-04:00,87.67197349978721,87.74713395304447,86.76374964530133,87.25231170654297,520600,0.0,0.0
2012-06-21 00:00:00-04:00,87.52791549482433,87.69076633444712,86.37540101641639,86.53826141357422,602600,0.0,0.0
2012-06-22 00:00:00-04:00,86.82013503206974,87.06441610502701,85.85554067046677,86.43179321289062,763800,0.0,0.0
2012-06-25 00:00:00-04:00,85.66760811572658,86.48814152200333,85.38574688145705,86.28144073486328,569400,0.0,0.0
2012-06-26 00:00:00-04:00,86.33781098503154,87.96008768420216,86.27518046499675,87.72207641601562,878100,0.0,0.0
2012-06-27 00:00:00-04:00,87.95381928324346,87.95381928324346,87.26482628201937,87.8222885131836,592500,0.0,0.0
2012-06-28 00:00:00-04:00,87.10826220808181,88.3171375888797,86.56958992275601,88.29834747314453,442900,0.0,0.0
2012-06-29 00:00:00-04:00,89.64503539128415,90.45930889295794,88.66791101229052,90.45304870605469,851000,0.0,0.0
2012-07-02 00:00:00-04:00,90.36533826749304,90.94785091908037,90.03962702752712,90.91027069091797,623200,0.0,0.0
2012-07-03 00:00:00-04:00,91.18586303188769,91.44893416133812,90.62213099089315,90.89147186279297,466500,0.0,0.0
2012-07-05 00:00:00-04:00,90.83508524577093,91.10441651186484,89.89554157004004,90.30267333984375,776500,0.0,0.0
2012-07-06 00:00:00-04:00,89.58237864081048,90.75993378910445,89.40699788345745,90.57829284667969,714900,0.0,0.0
2012-07-09 00:00:00-04:00,89.9456767845674,90.80379052251637,89.6011754292661,90.72863006591797,529300,0.0,0.0
2012-07-10 00:00:00-04:00,90.99794620996515,91.41134776728653,89.96445187419528,90.29015350341797,670100,0.0,0.0
2012-07-11 00:00:00-04:00,90.44671792047647,90.55320792872404,89.26289348217387,90.23375701904297,1101300,0.0,0.0
2012-07-12 00:00:00-04:00,89.9331441751095,91.27355977052339,89.43831236382685,90.70356750488281,787400,0.0,0.0
2012-07-13 00:00:00-04:00,90.92278732714865,92.11914205560598,90.92278732714865,91.86859130859375,591700,0.0,0.0
2012-07-16 00:00:00-04:00,91.84355554915317,92.40727809346953,91.45520421920153,92.31958770751953,656300,0.0,0.0
2012-07-17 00:00:00-04:00,92.55759738369193,93.47208136133052,91.98134498027474,93.31549072265625,770800,0.0,0.0
2012-07-18 00:00:00-04:00,93.02108193813311,93.02108193813311,92.30076895968031,92.62648010253906,548000,0.0,0.0
2012-07-19 00:00:00-04:00,92.63276684801998,92.639027033464,90.61587846098406,91.54289245605469,805000,0.0,0.0
2012-07-20 00:00:00-04:00,90.99795550811963,91.43640740574615,90.59708383635616,91.2986068725586,700000,0.0,0.0
2012-07-23 00:00:00-04:00,90.36533305506093,91.3737772019018,90.36533305506093,91.1169662475586,500000,0.0,0.0
2012-07-24 00:00:00-04:00,91.06058996506027,91.34871138390369,90.22125688997863,90.90399932861328,658200,0.0,0.0
2012-07-25 00:00:00-04:00,91.26728722775914,91.26728722775914,90.38411377849403,90.8100357055664,670500,0.0,0.0
2012-07-26 00:00:00-04:00,92.0439654581366,92.50120739706537,91.63056392333536,92.10660552978516,544600,0.0,0.0
2012-07-27 00:00:00-04:00,92.47617925074395,93.93560534038049,92.25068831935086,93.55978393554688,809100,0.0,0.0
2012-07-30 00:00:00-04:00,93.55350894690851,94.17361129950446,93.43449853562439,93.89801025390625,586600,0.0,0.0
2012-07-31 00:00:00-04:00,93.65373842215185,93.89174971050477,92.58892391600048,93.29670715332031,894800,0.0,0.0
2012-08-01 00:00:00-04:00,93.54727086774562,94.60581577751773,93.03990906434848,93.09001922607422,693100,0.0,0.0
2012-08-02 00:00:00-04:00,92.70166272712842,93.27791515933886,92.26947101358695,93.20901489257812,537900,0.0,0.0
2012-08-03 00:00:00-04:00,95.38873849104877,95.63301947752794,92.21934585094813,92.63900756835938,731100,0.0,0.0
2012-08-06 00:00:00-04:00,93.1776831553734,93.55350448280764,91.56793648135462,91.64309692382812,860300,0.0,0.0
2012-08-07 00:00:00-04:00,91.88739943270905,92.05652002540347,90.97291531006495,91.15455627441406,595500,0.0,0.0
2012-08-08 00:00:00-04:00,91.15453780872099,91.31738862506283,90.2400538713291,90.87893676757812,536100,0.0,0.0
2012-08-09 00:00:00-04:00,90.75364574575727,91.13572718360491,89.87047248749003,90.03333282470703,435900,0.0,0.0
2012-08-10 00:00:00-04:00,89.94566387120496,90.72861704014812,89.60742275000257,90.54696655273438,533900,0.0,0.0
2012-08-13 00:00:00-04:00,90.30896715380129,90.45303745248711,89.84546488465787,90.05842590332031,485300,0.0,0.0
2012-08-14 00:00:00-04:00,90.13355505308449,90.53442664910634,89.51346232843682,89.63873291015625,389700,0.0,0.0
2012-08-15 00:00:00-04:00,89.75147296861746,90.63464633378578,89.7076325661974,90.08971405029297,418500,0.0,0.0
2012-08-16 00:00:00-04:00,90.08974586693304,90.89774952290367,89.56986369299942,90.79753875732422,416300,0.0,0.0
2012-08-17 00:00:00-04:00,90.88523066723263,91.41137303606449,90.69731994763949,91.0668716430664,528200,0.0,0.0
2012-08-20 00:00:00-04:00,90.50313277772992,90.50313277772992,88.79315605001774,89.30677795410156,919500,0.0,0.0
2012-08-21 00:00:00-04:00,89.37568506447221,89.87050733608473,89.2190944072165,89.23788452148438,488400,0.0,0.0
2012-08-22 00:00:00-04:00,89.1627240644129,89.41952547858548,88.45493123520583,89.23788452148438,348500,0.0,0.0
2012-08-23 00:00:00-04:00,89.20030594316434,89.44458699070105,88.33592244071038,88.50504302978516,406600,0.0,0.0
2012-08-24 00:00:00-04:00,88.50501868783374,89.6074131913989,88.42358850853915,89.36939239501953,588900,0.0,0.0
2012-08-27 00:00:00-04:00,89.45084143002718,89.82039307043875,89.10007990302401,89.244140625,388700,0.0,0.0
2012-08-28 00:00:00-04:00,88.94351326152498,89.97074782111716,88.87461297458428,89.95195770263672,501700,0.0,0.0
2012-08-29 00:00:00-04:00,89.8391755822888,90.31521723511507,89.55731434747713,89.98324584960938,403000,0.0,0.0
2012-08-30 00:00:00-04:00,89.7201791726642,90.72235356360515,89.49468826213396,90.57829284667969,600900,0.0,0.0
2012-08-31 00:00:00-04:00,90.74113292784426,91.27980506377422,90.47806182297613,91.17332458496094,1097400,0.0,0.0
2012-09-04 00:00:00-04:00,90.92280135551361,91.88113541155292,90.5782999986777,91.84981536865234,636800,0.0,0.0
2012-09-05 00:00:00-04:00,91.93126036294034,92.15675132756284,91.41763833781367,91.73081970214844,762000,0.0,0.0
2012-09-06 00:00:00-04:00,92.03773727817617,92.43234884020733,91.80598613604937,92.37596893310547,722000,0.0,0.0
2012-09-07 00:00:00-04:00,92.52626973208093,92.68912054219174,91.64309630881081,91.9625473022461,572600,0.0,0.0
2012-09-10 00:00:00-04:00,91.93104649818066,92.1708642162454,90.87712543515481,91.00965881347656,852200,1.1,0.0
2012-09-11 00:00:00-04:00,91.148436181745,92.09507234601826,90.6877426114427,90.89600372314453,532400,0.0,0.0
2012-09-12 00:00:00-04:00,90.91493693478456,91.91206153051945,90.49841470561408,91.90575408935547,578900,0.0,0.0
2012-09-13 00:00:00-04:00,91.65329327497872,93.27520088315198,91.43241732318526,93.13636016845703,732400,0.0,0.0
2012-09-14 00:00:00-04:00,93.49609965691029,94.32914414842232,92.95967824617743,93.88738250732422,639900,0.0,0.0
2012-09-17 00:00:00-04:00,93.88106507419467,94.56264430198117,93.04171314450429,93.20580291748047,677200,0.0,0.0
2012-09-18 00:00:00-04:00,93.2058192996286,93.2058192996286,91.82372864728104,91.9247055053711,552900,0.0,0.0
2012-09-19 00:00:00-04:00,92.0824630980393,92.45480436764548,90.87707733065494,90.88970184326172,718000,0.0,0.0
2012-09-20 00:00:00-04:00,90.2964535843944,90.81394292272324,89.27408978767883,89.64643096923828,1096900,0.0,0.0
2012-09-21 00:00:00-04:00,89.77264408805738,89.91779223983339,89.24883769809809,89.30563354492188,1376800,0.0,0.0
2012-09-24 00:00:00-04:00,89.08480171320215,89.52656345672881,88.7944956362082,88.93964385986328,647500,0.0,0.0
2012-09-25 00:00:00-04:00,88.95226316256182,89.46976233871234,88.13816011360497,88.20126342773438,854800,0.0,0.0
2012-09-26 00:00:00-04:00,87.63330494381478,88.59887349487666,87.36824785427676,87.94254302978516,721300,0.0,0.0
2012-09-27 00:00:00-04:00,88.23281599245564,88.8386674853052,87.58279314463985,87.72163391113281,695700,0.0,0.0
2012-09-28 00:00:00-04:00,87.38714916667767,88.30853639815197,87.00218337005293,87.82891082763672,729100,0.0,0.0
2012-10-01 00:00:00-04:00,88.19495344894625,88.32748677526813,86.80655539214452,87.69639587402344,601900,0.0,0.0
2012-10-02 00:00:00-04:00,87.72162731488814,88.05610469182933,87.17888880386774,87.86677551269531,441800,0.0,0.0
2012-10-03 00:00:00-04:00,88.0308653610474,89.00904846622181,87.88570753344946,88.1570816040039,433500,0.0,0.0
2012-10-04 00:00:00-04:00,88.54204844976553,88.64302529719583,87.46287885592884,87.7342529296875,463000,0.0,0.0
2012-10-05 00:00:00-04:00,87.94250668514645,88.3716438061834,87.6143367733832,87.8415298461914,372800,0.0,0.0
2012-10-08 00:00:00-04:00,87.77210947311997,88.14445073337521,87.26092746672187,87.8415298461914,337700,0.0,0.0
2012-10-09 00:00:00-04:00,87.97406246736261,88.35272083710888,87.2672437821641,87.52599334716797,514100,0.0,0.0
2012-10-10 00:00:00-04:00,87.74053397914923,87.8351937265901,86.9264312621199,87.46916961669922,378400,0.0,0.0
2012-10-11 00:00:00-04:00,88.11289222299327,88.19493710645072,86.78129028292508,86.79391479492188,443700,0.0,0.0
2012-10-12 00:00:00-04:00,86.84442322319484,87.41240120806451,86.05555956105175,86.16915130615234,455100,0.0,0.0
2012-10-15 00:00:00-04:00,86.32689884728156,86.86332983287474,85.96087468897909,86.6235122680664,536900,0.0,0.0
2012-10-16 00:00:00-04:00,86.59829314454525,87.50074849967007,86.59829314454525,86.97063446044922,269900,0.0,0.0
2012-10-17 00:00:00-04:00,86.7749996691334,86.92646495342359,85.90409113641007,86.5856704711914,601500,0.0,0.0
2012-10-18 00:00:00-04:00,86.54781495997793,87.26095083526444,86.3837347749962,86.91384887695312,605200,0.0,0.0
2012-10-19 00:00:00-04:00,86.33954804473056,87.70901419857937,86.33954804473056,87.1031723022461,746600,0.0,0.0
2012-10-22 00:00:00-04:00,86.7055656135321,86.97062259698671,85.82204233535008,86.38371276855469,482800,0.0,0.0
2012-10-23 00:00:00-04:00,85.24143345854236,86.76867194008614,85.24143345854236,86.52885437011719,538800,0.0,0.0
2012-10-24 00:00:00-04:00,86.78128405584259,87.29247564337973,86.44049929383165,87.05265808105469,609000,0.0,0.0
2012-10-25 00:00:00-04:00,87.38082383327361,87.63325626508272,86.0302901007669,86.56671142578125,585000,0.0,0.0
2012-10-26 00:00:00-04:00,86.58566044362756,86.85703450950903,85.58853577098184,86.1817626953125,453400,0.0,0.0
2012-10-31 00:00:00-04:00,86.45944748282272,87.81628897465833,86.11866265681194,87.48812866210938,899900,0.0,0.0
2012-11-01 00:00:00-04:00,87.85416307616183,88.68719800599885,87.85416307616183,88.27699279785156,841600,0.0,0.0
2012-11-02 00:00:00-04:00,88.0624179863485,89.64014520118671,88.0624179863485,88.54205322265625,522500,0.0,0.0
2012-11-05 00:00:00-05:00,88.43478096989551,88.85761076548754,87.50075939815274,88.37797546386719,413900,0.0,0.0
2012-11-06 00:00:00-05:00,88.45368542990181,89.34352573472873,88.39057250046179,89.00273132324219,1117400,0.0,0.0
2012-11-07 00:00:00-05:00,88.75662770976335,91.40090023826754,88.54836654800586,90.4605712890625,1410800,0.0,0.0
2012-11-08 00:00:00-05:00,89.93671797407579,90.56780857431971,89.37504772504585,89.56437683105469,1013300,0.0,0.0
2012-11-09 00:00:00-05:00,89.38140854952817,92.95969284905148,89.04693113803418,91.94994354248047,1155400,0.0,0.0
2012-11-12 00:00:00-05:00,91.98148129621987,92.26547022162704,91.26834563245963,91.68486785888672,523800,0.0,0.0
2012-11-13 00:00:00-05:00,91.28098227870933,93.50873226057172,91.22418641201403,92.67569732666016,958800,0.0,0.0
2012-11-14 00:00:00-05:00,92.73881174793772,93.02280074512618,91.180016355076,91.50818634033203,816600,0.0,0.0
2012-11-15 00:00:00-05:00,91.62808566676385,92.22762007197765,90.54260859156973,91.03485870361328,840700,0.0,0.0
2012-11-16 00:00:00-05:00,91.12951927437769,91.35040493438223,89.94307496745556,90.78873443603516,1383400,0.0,0.0
2012-11-19 00:00:00-05:00,91.53341733630248,92.59996246819196,91.15476858471315,91.4703140258789,678300,0.0,0.0
2012-11-20 00:00:00-05:00,91.14212748195395,91.26834370951107,90.2775362120227,91.2115478515625,934500,0.0,0.0
2012-11-21 00:00:00-05:00,91.4261305982536,91.48924353667294,90.66251604366445,91.06009674072266,432200,0.0,0.0
2012-11-23 00:00:00-05:00,91.4387483862686,91.90575905904744,90.94019087628284,91.6785659790039,183500,0.0,0.0
2012-11-26 00:00:00-05:00,91.31253633378043,92.12663929060383,90.68144548580868,91.69750213623047,477000,0.0,0.0
2012-11-27 00:00:00-05:00,90.7824413086937,90.7824413086937,89.35616953115006,90.06930541992188,985800,0.0,0.0
2012-11-28 00:00:00-05:00,89.98095389877244,90.22707899801382,89.122669773013,89.82318115234375,650700,0.0,0.0
2012-11-29 00:00:00-05:00,90.6246192122276,90.71297151611043,88.57357464453152,89.16048431396484,1116500,0.0,0.0
2012-11-30 00:00:00-05:00,89.28673635051142,90.06298507797116,88.7503148722439,88.75662231445312,1583200,0.0,0.0
2012-12-03 00:00:00-05:00,89.04060454691594,90.27754683374397,88.99643319543031,89.94306945800781,800100,0.0,0.0
2012-12-04 00:00:00-05:00,90.2964689846804,90.9464917106995,89.8357754165568,89.93043518066406,766200,0.0,0.0
2012-12-05 00:00:00-05:00,89.9872322756943,89.9872322756943,89.15419745106031,89.33090209960938,609700,0.0,0.0
2012-12-06 00:00:00-05:00,89.36877312230115,89.85471575934774,89.14158003754915,89.40032958984375,614500,0.0,0.0
2012-12-07 00:00:00-05:00,89.37506230013724,90.05664141511251,89.16680121253259,89.81683349609375,674300,0.0,0.0
2012-12-10 00:00:00-05:00,89.51793034932251,90.40833572136489,89.35257212442627,89.68328857421875,515400,1.1,0.0
2012-12-11 00:00:00-05:00,89.8868272527961,90.30022772213526,89.55610105450957,89.9059066772461,630600,0.0,0.0
2012-12-12 00:00:00-05:00,90.09669317467566,90.12849544416287,88.97731539874269,89.6006088256836,532800,0.0,0.0
2012-12-13 00:00:00-05:00,89.57515612584915,89.6006018213258,88.18230029152832,88.74198913574219,806800,0.0,0.0
2012-12-14 00:00:00-05:00,89.42888255614231,89.42888255614231,88.60207208936448,89.10452270507812,585300,0.0,0.0
2012-12-17 00:00:00-05:00,89.44161232811068,90.5800598855976,89.1808472898811,90.56733703613281,801000,0.0,0.0
2012-12-18 00:00:00-05:00,90.32563945709806,91.451363895081,90.1284790087967,91.44500732421875,1145000,0.0,0.0
2012-12-19 00:00:00-05:00,91.24151654421208,92.04288141428617,91.13975315302108,91.52771759033203,840800,0.0,0.0
2012-12-20 00:00:00-05:00,91.56588109438546,93.0032526754947,91.3559977286351,92.94601440429688,761500,0.0,0.0
2012-12-21 00:00:00-05:00,92.99685256123728,93.24489465831923,92.26544911475352,92.36720275878906,1067900,0.0,0.0
2012-12-24 00:00:00-05:00,92.32908925383346,93.3339809802279,91.90932251280316,92.7742919921875,258500,0.0,0.0
2012-12-26 00:00:00-05:00,92.869672286017,92.92055397082005,91.55950044257818,91.82662200927734,543800,0.0,0.0
2012-12-27 00:00:00-05:00,91.68670315834456,92.16370805305817,90.81536761814554,91.82025909423828,460400,0.0,0.0
2012-12-28 00:00:00-05:00,91.43231033999936,92.09376267492573,91.04434590452074,91.24151611328125,346900,0.0,0.0
2012-12-31 00:00:00-05:00,91.05070470391144,92.24639048013834,90.88533678141592,92.19551849365234,407600,0.0,0.0
2013-01-02 00:00:00-05:00,93.22583123999281,93.22583123999281,92.09374047908953,92.9141845703125,636300,0.0,0.0
2013-01-03 00:00:00-05:00,92.85059178630243,93.46751886340935,92.41174575158834,92.57074737548828,568600,0.0,0.0
2013-01-04 00:00:00-05:00,92.48171581901367,93.11772237626482,92.32907075158504,92.99687957763672,444100,0.0,0.0
2013-01-07 00:00:00-05:00,92.76152421035609,93.25760835586132,92.65339459751483,92.82511901855469,442300,0.0,0.0
2013-01-08 00:00:00-05:00,92.78064338514429,92.86968391853023,91.8075540900371,92.19551849365234,446000,0.0,0.0
2013-01-09 00:00:00-05:00,92.4435674922721,92.55168745473888,92.02380078761918,92.53260803222656,411400,0.0,0.0
2013-01-10 00:00:00-05:00,92.7424537950976,93.04136786153462,92.2463598967763,93.0350112915039,561200,0.0,0.0
2013-01-11 00:00:00-05:00,93.33390019828643,93.53106054714846,92.71061690405217,93.52470397949219,515100,0.0,0.0
2013-01-14 00:00:00-05:00,93.5311355373187,93.79190059054991,92.88877232040663,93.05413055419922,731900,0.0,0.0
2013-01-15 00:00:00-05:00,93.30218585138944,94.04631256492465,92.72341739485341,93.91911315917969,572300,0.0,0.0
2013-01-16 00:00:00-05:00,93.63925431087142,94.19258668343991,93.2894487200962,94.10354614257812,585800,0.0,0.0
2013-01-17 00:00:00-05:00,94.39609396500965,94.59325444898047,93.98905014835339,94.18621063232422,596400,0.0,0.0
2013-01-18 00:00:00-05:00,94.82221111083592,95.66174438764445,94.37700848132661,95.56633758544922,899700,0.0,0.0
2013-01-22 00:00:00-05:00,95.32467948763136,96.0115678318894,95.27379779123913,95.98612213134766,725100,0.0,0.0
2013-01-23 00:00:00-05:00,95.69356072616436,96.14511999367645,95.5472722155588,95.92252349853516,579300,0.0,0.0
2013-01-24 00:00:00-05:00,96.03699962298028,96.59032227689637,95.80803685158554,96.50128173828125,631200,0.0,0.0
2013-01-25 00:00:00-05:00,96.67296916955112,97.25173730094112,96.29136146200699,97.11817169189453,703500,0.0,0.0
2013-01-28 00:00:00-05:00,97.30902269366948,97.89414767863701,96.78749255431407,97.5888671875,651200,0.0,0.0
2013-01-29 00:00:00-05:00,97.34081149627234,98.18670143384138,97.11184873343643,98.0849380493164,608400,0.0,0.0
2013-01-30 00:00:00-05:00,97.76056715339303,98.21212635117321,97.25811656439944,97.83052825927734,703200,0.0,0.0
2013-01-31 00:00:00-05:00,97.81781554956207,98.07221430385918,97.2263243740202,97.9004898071289,925000,0.0,0.0
2013-02-01 00:00:00-05:00,98.07219932239182,99.13432900160193,97.9004748518941,98.89900970458984,864200,0.0,0.0
2013-02-04 00:00:00-05:00,98.4856040667683,99.84665750096158,98.46652464937168,99.46504974365234,1088800,0.0,0.0
2013-02-05 00:00:00-05:00,99.96113625447167,100.11378130176756,99.36328861675685,99.81485748291016,764500,0.0,0.0
2013-02-06 00:00:00-05:00,99.43966792566248,100.29191471593909,99.20433880842664,99.86579132080078,1115200,0.0,0.0
2013-02-07 00:00:00-05:00,100.01839864876112,100.26644084505494,98.94991217386185,99.24246978759766,638200,0.0,0.0
2013-02-08 00:00:00-05:00,98.89902844940256,100.22827994316586,98.89902844940256,100.10743713378906,379700,0.0,0.0
2013-02-11 00:00:00-05:00,100.14558611193944,100.45722308080977,99.66221496889344,99.75762176513672,421400,0.0,0.0
2013-02-12 00:00:00-05:00,99.87845913020816,100.28550291278073,99.4587022046756,99.93570709228516,794500,0.0,0.0
2013-02-13 00:00:00-05:00,99.99293791726245,100.06289901709926,98.92444200199924,99.26789093017578,737000,0.0,0.0
2013-02-14 00:00:00-05:00,99.00078609159677,99.14706488697378,98.00861738436097,98.07221221923828,889800,0.0,0.0
2013-02-15 00:00:00-05:00,97.20089715592782,97.20089715592782,95.40099717794104,96.20236206054688,1676000,0.0,0.0
2013-02-19 00:00:00-05:00,95.94794031080257,97.14999219925389,95.94794031080257,97.13091278076172,694200,0.0,0.0
2013-02-20 00:00:00-05:00,96.92104342313066,98.17397717613359,96.92104342313066,96.96556854248047,634800,0.0,0.0
2013-02-21 00:00:00-05:00,97.02913437775962,97.14362057566204,96.17053156458502,96.67932891845703,642600,0.0,0.0
2013-02-22 00:00:00-05:00,97.03550206262406,97.84958948627265,96.68569659823892,96.9337387084961,531000,0.0,0.0
2013-02-25 00:00:00-05:00,97.23901017220119,97.38528891495098,95.38822937011719,95.38822937011719,461600,0.0,0.0
2013-02-26 00:00:00-05:00,95.88432915235728,96.29137289320576,95.26740211791201,96.12601470947266,562800,0.0,0.0
2013-02-27 00:00:00-05:00,95.97975420245758,97.33444160293827,95.78895028973506,96.57123565673828,514000,0.0,0.0
2013-02-28 00:00:00-05:00,96.78748022095625,97.14365207070392,96.03064051505527,96.17056274414062,1259100,0.0,0.0
2013-03-01 00:00:00-05:00,95.9988492144002,96.87017525489368,95.6744795986841,96.6412124633789,428700,0.0,0.0
2013-03-04 00:00:00-05:00,96.48219270047498,97.55704533393721,96.48219270047498,97.1500015258789,579400,0.0,0.0
2013-03-05 00:00:00-05:00,97.4044100931057,98.05949613615081,97.08640678270746,97.93229675292969,494900,0.0,0.0
2013-03-06 00:00:00-05:00,98.14853130458319,98.33932549776468,96.7811114570831,97.04823303222656,434300,0.0,0.0
2013-03-07 00:00:00-05:00,96.99099920623065,97.16272369263025,95.55998446384365,95.69355010986328,899900,0.0,0.0
2013-03-08 00:00:00-05:00,95.7571283873931,95.8588917472729,94.61868112588802,95.69989013671875,749800,0.0,0.0
2013-03-11 00:00:00-04:00,95.64217004807111,95.99489602069356,95.39845992649222,95.5010757446289,602900,1.25,0.0
2013-03-12 00:00:00-04:00,95.48828287490052,95.68709498240857,94.23126308648169,94.27616119384766,975100,0.0,0.0
2013-03-13 00:00:00-04:00,94.29535556260589,94.41080079375139,93.71173916054985,94.07088470458984,767100,0.0,0.0
2013-03-14 00:00:00-04:00,94.16712603141934,94.65453662609298,94.14146717665527,94.43648529052734,776900,0.0,0.0
2013-03-15 00:00:00-04:00,94.34669146719382,95.1227102941452,93.92340847067489,95.07781219482422,1713000,0.0,0.0
2013-03-18 00:00:00-04:00,94.7443347159784,95.39849858923812,94.59683053386637,95.16761779785156,860400,0.0,0.0
2013-03-19 00:00:00-04:00,95.34076867279089,96.52082155109123,95.09705848353848,96.10395812988281,960400,0.0,0.0
2013-03-20 00:00:00-04:00,96.2514941886431,96.95695634953742,95.91158764677813,96.89923858642578,529200,0.0,0.0
2013-03-21 00:00:00-04:00,96.61060076354069,97.81631240654927,96.41178869176481,96.69397735595703,653800,0.0,0.0
2013-03-22 00:00:00-04:00,96.84148497139445,97.1621521401739,96.24504873473765,96.65550231933594,593200,0.0,0.0
2013-03-25 00:00:00-04:00,96.93125306451135,97.30963790350937,96.16165396211338,96.36046600341797,490000,0.0,0.0
2013-03-26 00:00:00-04:00,96.73886684862833,97.47640719102858,96.61060194133681,97.13008117675781,375400,0.0,0.0
2013-03-27 00:00:00-04:00,96.53363920527217,97.0851870811659,96.39895469974662,96.96974182128906,366400,0.0,0.0
2013-03-28 00:00:00-04:00,97.14290363763055,97.76499866867138,96.77733840277826,97.68804168701172,484400,0.0,0.0
2013-04-01 00:00:00-04:00,97.59824091746545,97.77782350955827,96.91201836254609,97.73292541503906,400500,0.0,0.0
2013-04-02 00:00:00-04:00,98.04719639138521,98.39992244729689,97.71369979668391,98.07284545898438,579700,0.0,0.0
2013-04-03 00:00:00-04:00,98.36789757902935,98.5859489799823,97.37382705752304,97.62394714355469,595000,0.0,0.0
2013-04-04 00:00:00-04:00,97.79706443594341,99.11179183485383,97.44432863716915,99.00918579101562,611200,0.0,0.0
2013-04-05 00:00:00-04:00,98.16262742904932,99.6825866045882,98.06643119742719,99.47095489501953,500500,0.0,0.0
2013-04-08 00:00:00-04:00,99.3811797281717,100.59971113452097,99.03485368317658,100.5163345336914,646500,0.0,0.0
2013-04-09 00:00:00-04:00,100.16999963935348,100.9203595492668,99.86216193461615,100.78567504882812,541100,0.0,0.0
2013-04-10 00:00:00-04:00,101.0871140539282,101.68356007007654,100.54198574452947,100.74720764160156,394100,0.0,0.0
2013-04-11 00:00:00-04:00,100.97168816623888,102.36338262151304,100.68308964725334,101.68997955322266,708700,0.0,0.0
2013-04-12 00:00:00-04:00,101.6001802099585,101.74127454102907,100.99732439283605,101.65789794921875,354300,0.0,0.0
2013-04-15 00:00:00-04:00,101.21541065830849,101.54248771474808,99.41325257905926,99.43891143798828,726300,0.0,0.0
2013-04-16 00:00:00-04:00,99.75314533233005,101.26669486319386,99.31063282959103,100.23414611816406,772800,0.0,0.0
2013-04-17 00:00:00-04:00,99.63130002014704,100.6959076554436,99.0027852807473,100.23414611816406,598400,0.0,0.0
2013-04-18 00:00:00-04:00,100.38160270864246,100.60606374217174,99.82363546145498,100.37518310546875,397700,0.0,0.0
2013-04-19 00:00:00-04:00,100.69590101189387,101.99780893677723,100.53556742719408,101.8438949584961,551300,0.0,0.0
2013-04-22 00:00:00-04:00,101.86953428890686,102.11324444587056,100.9460113635544,101.13200378417969,367300,0.0,0.0
2013-04-23 00:00:00-04:00,101.39495463518772,102.17738324779052,101.08069731177034,101.7476806640625,324100,0.0,0.0
2013-04-24 00:00:00-04:00,101.94007298621932,102.42107365440152,101.64506472321841,102.24150085449219,327100,0.0,0.0
2013-04-25 00:00:00-04:00,102.08118897569737,102.35696783939585,100.99092252015953,102.03630065917969,380200,0.0,0.0
2013-04-26 00:00:00-04:00,102.18379996033023,103.00470711974788,102.00422713083171,102.59425354003906,375800,0.0,0.0
2013-04-29 00:00:00-04:00,102.89566993300492,103.92179887435132,102.4980458245068,103.88973999023438,387800,0.0,0.0
2013-04-30 00:00:00-04:00,103.67812064031816,106.03181669555858,103.63964214237745,105.82017517089844,872700,0.0,0.0
2013-05-01 00:00:00-04:00,105.05697514982907,106.19854947563557,105.05697514982907,105.75602722167969,555200,0.0,0.0
2013-05-02 00:00:00-04:00,106.04464555731013,106.91044111431192,105.61494290330327,106.38455200195312,399300,0.0,0.0
2013-05-03 00:00:00-04:00,106.9104272164206,107.308061141962,106.46149515789155,106.76933288574219,509700,0.0,0.0
2013-05-06 00:00:00-04:00,106.73727967693364,107.53894767830214,106.46151058173632,106.94892120361328,471100,0.0,0.0
2013-05-07 00:00:00-04:00,107.11565655802335,107.2439214596672,106.7885698049491,107.03227996826172,504200,0.0,0.0
2013-05-08 00:00:00-04:00,107.04510915278604,107.10282689049788,105.90353489455651,106.16006469726562,673900,0.0,0.0
2013-05-09 00:00:00-04:00,105.96768381025826,106.52565141188644,105.3968965661001,105.57646942138672,494200,0.0,0.0
2013-05-10 00:00:00-04:00,107.10284518306878,107.17339235876055,105.0505770529258,105.35200500488281,502000,0.0,0.0
2013-05-13 00:00:00-04:00,105.22373239531021,106.13442600572536,104.86457693603246,106.04463958740234,445100,0.0,0.0
2013-05-14 00:00:00-04:00,105.98049349077888,106.5128021361854,105.44818484537238,105.58927917480469,460400,0.0,0.0
2013-05-15 00:00:00-04:00,105.44818371434158,107.27599037130135,105.22372258245943,107.21185302734375,773900,0.0,0.0
2013-05-16 00:00:00-04:00,106.83988727960782,107.68645332095487,105.48026158579229,105.94843292236328,804700,0.0,0.0
2013-05-17 00:00:00-04:00,105.98048506092078,107.5196833501351,105.98048506092078,107.39141845703125,779300,0.0,0.0
2013-05-20 00:00:00-04:00,107.2310929937369,107.51969147151553,106.4358447248344,107.05792999267578,486900,0.0,0.0
2013-05-21 00:00:00-04:00,107.34652391110673,107.68643026177557,106.7564976083234,107.5645751953125,677500,0.0,0.0
2013-05-22 00:00:00-04:00,107.2310941038936,108.16744649734174,103.95387540580245,104.53108215332031,688600,0.0,0.0
2013-05-23 00:00:00-04:00,103.43439856459487,103.9025698791052,101.96574727453476,102.65196990966797,1033500,0.0,0.0
2013-05-24 00:00:00-04:00,102.49806225779261,104.37716723798361,102.0234713077649,104.27455139160156,875800,0.0,0.0
2013-05-28 00:00:00-04:00,105.1595959909058,105.46743374421185,102.01706153535845,103.13939666748047,678300,0.0,0.0
2013-05-29 00:00:00-04:00,102.49164057756703,102.72252133426268,100.34317638357962,100.86265563964844,889400,0.0,0.0
2013-05-30 00:00:00-04:00,100.86264704928286,101.01656101664757,98.58590835082765,98.75907135009766,1075000,0.0,0.0
2013-05-31 00:00:00-04:00,98.54742002179142,99.61844701039261,97.21344365054404,97.35453796386719,1503700,0.0,0.0
2013-06-03 00:00:00-04:00,97.63033575743798,99.90066507836562,97.00183076758212,99.7210922241211,1114400,0.0,0.0
2013-06-04 00:00:00-04:00,99.73387989491819,99.98399984643409,97.14930380059266,97.18778228759766,715200,0.0,0.0
2013-06-05 00:00:00-04:00,96.88636504780054,97.48280117349786,96.34122704789742,96.77091979980469,699300,0.0,0.0
2013-06-06 00:00:00-04:00,96.81582945920934,98.75265198380376,96.17449516434067,98.707763671875,570700,0.0,0.0
2013-06-07 00:00:00-04:00,98.97071565683015,99.25931413983403,97.27117385961172,98.6243896484375,743400,0.0,0.0
2013-06-10 00:00:00-04:00,98.61792371965429,98.61792371965429,96.910926269253,97.28594970703125,460800,1.25,0.0
2013-06-11 00:00:00-04:00,96.81393484675203,97.47992187377726,95.90871263512034,96.33546447753906,573700,0.0,0.0
2013-06-12 00:00:00-04:00,96.96266322553984,96.96266322553984,95.18454031321554,95.5078353881836,713700,0.0,0.0
2013-06-13 00:00:00-04:00,95.29444972838266,98.72784149551957,95.08107381674036,98.50800323486328,632500,0.0,0.0
2013-06-14 00:00:00-04:00,98.43688312751466,99.73652571301918,97.36354116362696,98.15238189697266,499600,0.0,0.0
2013-06-17 00:00:00-04:00,99.08992632812866,100.21499658018845,98.2558294949366,99.14811706542969,654300,0.0,0.0
2013-06-18 00:00:00-04:00,99.19986133576482,99.41323727287782,98.44981438097662,98.54033660888672,483400,0.0,0.0
2013-06-19 00:00:00-04:00,98.62439891489755,99.11580389762344,96.38073021126772,96.47125244140625,1137500,0.0,0.0
2013-06-20 00:00:00-04:00,96.03156670794574,96.1156167139493,93.78142600255714,94.33749389648438,1012100,0.0,0.0
2013-06-21 00:00:00-04:00,95.08753991786878,97.64804109243084,94.82243560510851,96.81393432617188,1777200,0.0,0.0
2013-06-24 00:00:00-04:00,95.99278202475249,98.83131250731884,94.82891773284054,96.47125244140625,1137200,0.0,0.0
2013-06-25 00:00:00-04:00,97.11135515103257,98.24288766818934,95.77938130942547,97.50577545166016,836300,0.0,0.0
2013-06-26 00:00:00-04:00,98.19117928030968,98.60499657621173,97.57692061913701,97.99073791503906,789700,0.0,0.0
2013-06-27 00:00:00-04:00,98.59855378522352,99.80121208159639,97.93902894755207,99.63956451416016,702100,0.0,0.0
2013-06-28 00:00:00-04:00,99.02529410893378,100.09217395480451,98.02954945230545,99.14168548583984,955200,0.0,0.0
2013-07-01 00:00:00-04:00,99.33561513544213,99.63304098127274,97.80966249013619,98.1329574584961,685100,0.0,0.0
2013-07-02 00:00:00-04:00,98.00369347372035,100.35728169823338,97.97136198648396,100.01457977294922,770400,0.0,0.0
2013-07-03 00:00:00-04:00,99.44553096170033,99.70416298138854,97.33117917581336,99.09636688232422,675600,0.0,0.0
2013-07-05 00:00:00-04:00,99.1028879239451,99.45851452586838,96.63938071108817,98.84424591064453,802000,0.0,0.0
2013-07-08 00:00:00-04:00,98.92179788598848,99.9369389553571,98.68902511432125,98.83773803710938,573300,0.0,0.0
2013-07-09 00:00:00-04:00,99.39384337077028,100.81633979513478,98.96709148360598,100.37666320800781,474000,0.0,0.0
2013-07-10 00:00:00-04:00,100.21498469356875,101.02968451769459,99.42614412756018,100.38955688476562,460700,0.0,0.0
2013-07-11 00:00:00-04:00,101.42409802543214,103.26041108067434,101.35943508518834,103.04703521728516,490900,0.0,0.0
2013-07-12 00:00:00-04:00,103.10528080499535,103.60962038721588,101.8896880344208,102.85957336425781,485300,0.0,0.0
2013-07-15 00:00:00-04:00,102.8078158416816,103.5901941272568,102.44572699969608,103.26689910888672,255000,0.0,0.0
2013-07-16 00:00:00-04:00,103.36391770198207,104.29500924005211,103.24106397596113,103.67427825927734,477700,0.0,0.0
2013-07-17 00:00:00-04:00,103.984641969611,105.27135016896663,103.73893453343175,104.55363464355469,516700,0.0,0.0
2013-07-18 00:00:00-04:00,104.55357907593789,105.47820771222769,104.35960014342731,105.36181640625,515900,0.0,0.0
2013-07-19 00:00:00-04:00,105.28426500225726,105.5428970904669,104.37903296116001,105.09674835205078,487800,0.0,0.0
2013-07-22 00:00:00-04:00,105.161414834964,105.87266790067302,104.64414077501037,105.6334228515625,344700,0.0,0.0
2013-07-23 00:00:00-04:00,105.83382449540643,105.83382449540643,104.8186835365417,105.35535430908203,307600,0.0,0.0
2013-07-24 00:00:00-04:00,105.2971945052787,105.86618704522691,102.18708805012206,102.88540649414062,803000,0.0,0.0
2013-07-25 00:00:00-04:00,102.59449189322271,103.77775344353051,101.80565085968418,103.42212677001953,696100,0.0,0.0
2013-07-26 00:00:00-04:00,103.2087156276988,104.12041009861906,102.39401559808772,104.10101318359375,252600,0.0,0.0
2013-07-29 00:00:00-04:00,103.74539136917353,103.82298889900126,102.80783759079597,103.18932342529297,232800,0.0,0.0
2013-07-30 00:00:00-04:00,103.88119310725074,104.24328207275465,102.68499718475418,103.1570053100586,363300,0.0,0.0
2013-07-31 00:00:00-04:00,103.1117589689238,104.1980259691665,102.22593338899834,102.95011138916016,916000,0.0,0.0
2013-08-01 00:00:00-04:00,103.34455033535205,104.78644424182828,102.68502532959602,104.2821044921875,868000,0.0,0.0
2013-08-02 00:00:00-04:00,104.14629318403969,104.99978715806137,103.45443690149267,103.92644500732422,691000,0.0,0.0
2013-08-05 00:00:00-04:00,103.62256143774673,105.08386187962584,103.61609908635432,104.864013671875,461800,0.0,0.0
2013-08-06 00:00:00-04:00,104.72174265377878,105.21960995430588,104.33378462612775,104.8575210571289,338200,0.0,0.0
2013-08-07 00:00:00-04:00,104.68296226103459,105.3877531636968,104.04284419895403,105.18083953857422,611600,0.0,0.0
2013-08-08 00:00:00-04:00,105.37481550514788,105.67871371676853,103.79067134072851,104.4049301147461,491400,0.0,0.0
2013-08-09 00:00:00-04:00,104.28200718698903,106.20884212144166,104.23675102921737,105.49112701416016,545200,0.0,0.0
2013-08-12 00:00:00-04:00,105.17438360458911,105.41361886532192,103.86826839832095,104.6700439453125,293100,0.0,0.0
2013-08-13 00:00:00-04:00,105.09026854162525,105.09026854162525,103.04057949127771,103.56431579589844,422000,0.0,0.0
2013-08-14 00:00:00-04:00,103.69365581172265,103.9070317381958,102.91774963030002,103.1763916015625,279500,0.0,0.0
2013-08-15 00:00:00-04:00,102.16127822580488,102.77553710265954,100.95861974571442,101.79271697998047,450000,0.0,0.0
2013-08-16 00:00:00-04:00,101.37237708711623,101.74740046246185,99.47140095210027,99.54252624511719,681500,0.0,0.0
2013-08-19 00:00:00-04:00,100.08567067572221,100.42190026820812,99.05113250326129,99.14811706542969,777500,0.0,0.0
2013-08-20 00:00:00-04:00,99.15457681501698,101.50169172005315,99.15457681501698,101.13314056396484,682700,0.0,0.0
2013-08-21 00:00:00-04:00,100.90040872047686,103.24106222734801,100.13096475784887,101.57933044433594,759600,0.0,0.0
2013-08-22 00:00:00-04:00,101.83148438610083,102.02545353455606,100.41545040528251,101.72156524658203,520500,0.0,0.0
2013-08-23 00:00:00-04:00,101.77327837520122,102.41986847889673,101.3465364050605,101.9543228149414,504200,0.0,0.0
2013-08-26 00:00:00-04:00,102.01898717095777,102.40047296948647,100.2861304050553,100.49949645996094,516100,0.0,0.0
2013-08-27 00:00:00-04:00,99.65890936358902,99.89814448122101,98.1523536382802,99.45199584960938,720700,0.0,0.0
2013-08-28 00:00:00-04:00,99.41964992920916,99.50370976531777,98.18467083704671,98.70193481445312,589700,0.0,0.0
2013-08-29 00:00:00-04:00,98.54032325325547,99.00586889546209,97.75148257430433,98.80542755126953,452300,0.0,0.0
2013-08-30 00:00:00-04:00,99.0834658607569,99.4132232445721,98.35281592461058,98.71490478515625,633100,0.0,0.0
2013-09-03 00:00:00-04:00,99.52315641632703,100.09862126508044,97.28595998389898,98.54033660888672,712500,0.0,0.0
2013-09-04 00:00:00-04:00,98.55326160220797,99.41968996607501,98.06185667930919,98.63732147216797,854700,0.0,0.0
2013-09-05 00:00:00-04:00,98.46924044765255,98.79900784180839,97.66747472485814,97.80325317382812,343200,0.0,0.0
2013-09-06 00:00:00-04:00,98.96706714549136,100.10507189806984,98.359270946488,98.94120788574219,538100,0.0,0.0
2013-09-09 00:00:00-04:00,98.96066040313988,101.46296203605321,98.72788746987914,101.45002746582031,668700,0.0,0.0
2013-09-10 00:00:00-04:00,101.80562750716605,102.1612540991022,101.01032430424246,102.07719421386719,494500,0.0,0.0
2013-09-11 00:00:00-04:00,102.53992454888339,102.53992454888339,101.5297091155393,102.40957641601562,404800,1.25,0.0
2013-09-12 00:00:00-04:00,102.42261543961624,103.002673147334,101.24294829936419,101.63400268554688,529900,0.0,0.0
2013-09-13 00:00:00-04:00,101.47104940147395,101.84254206075006,101.21686707304566,101.69264221191406,264700,0.0,0.0
2013-09-16 00:00:00-04:00,103.44586176595618,103.56969597801351,102.18797786681772,102.71590423583984,492700,0.0,0.0
2013-09-17 00:00:00-04:00,102.8592781042618,103.69351802507448,102.78106127455015,103.32852935791016,353200,0.0,0.0
2013-09-18 00:00:00-04:00,103.49801209112694,108.01463962239757,102.5203860511193,107.94947052001953,957400,0.0,0.0
2013-09-19 00:00:00-04:00,107.79955840731287,109.68964134474813,107.4802069391225,108.19061279296875,767500,0.0,0.0
2013-09-20 00:00:00-04:00,108.64683502790712,109.11609630731742,106.77631378173827,106.77631378173828,962500,0.0,0.0
2013-09-23 00:00:00-04:00,106.79583812870673,106.79583812870673,105.47929932425487,105.74000549316406,753600,0.0,0.0
2013-09-24 00:00:00-04:00,105.74004262335151,105.85083905469733,104.46260680943874,104.58644104003906,762200,0.0,0.0
2013-09-25 00:00:00-04:00,104.76237457419955,106.26139270564614,104.62550259915047,105.75955200195312,559300,0.0,0.0
2013-09-26 00:00:00-04:00,106.07893702493435,106.46347748401833,105.53798276750881,106.24187469482422,335700,0.0,0.0
2013-09-27 00:00:00-04:00,105.96162572187397,106.80890358665589,105.45977491855355,105.9681396484375,418500,0.0,0.0
2013-09-30 00:00:00-04:00,105.55103505028676,106.20278581928504,104.3192264946771,104.63858795166016,658200,0.0,0.0
2013-10-01 00:00:00-04:00,104.9253406498707,107.33681606418939,104.52777235585333,106.07241821289062,609100,0.0,0.0
2013-10-02 00:00:00-04:00,105.7139323205842,106.73718541021431,105.31636410571674,106.69808197021484,489500,0.0,0.0
2013-10-03 00:00:00-04:00,106.3070141919339,106.80234094395202,104.46907318577063,105.57705688476562,558900,0.0,0.0
2013-10-04 00:00:00-04:00,105.61618112469952,106.76978241017446,105.1208443301846,106.07891845703125,527000,0.0,0.0
2013-10-07 00:00:00-04:00,105.45325976512201,107.29771534359635,104.44304424367074,106.50257873535156,512500,0.0,0.0
2013-10-08 00:00:00-04:00,106.44393017633777,106.90015368197615,105.3554977447716,105.47933197021484,380900,0.0,0.0
2013-10-09 00:00:00-04:00,105.57056909798384,106.6655153778939,105.16648687125287,105.60967254638672,348400,0.0,0.0
2013-10-10 00:00:00-04:00,106.77629975233822,108.44477966216293,106.12454916600514,108.39916229248047,375800,0.0,0.0
2013-10-11 00:00:00-04:00,107.98851453927665,109.80037967400882,107.78647352672262,109.76127624511719,300800,0.0,0.0
2013-10-14 00:00:00-04:00,109.46148745206501,109.6505006540762,108.56859250681757,109.21382904052734,451700,0.0,0.0
2013-10-15 00:00:00-04:00,108.66639335990445,109.85258442857486,108.53604520657048,109.05093383789062,400600,0.0,0.0
2013-10-16 00:00:00-04:00,109.7613294318481,111.43632343218567,109.4615197568662,111.2994613647461,664400,0.0,0.0
2013-10-17 00:00:00-04:00,110.59559622194453,112.73333807700077,110.30231034727385,112.46611785888672,525100,0.0,0.0
2013-10-18 00:00:00-04:00,113.16348054165243,113.16348054165243,111.69704142365227,112.20540618896484,578100,0.0,0.0
2013-10-21 00:00:00-04:00,112.07503611456548,112.19234644749717,110.44565963545989,111.27989959716797,587400,0.0,0.0
2013-10-22 00:00:00-04:00,111.21472040809638,111.77522631393995,110.30227355901373,111.72959899902344,685800,0.0,0.0
2013-10-23 00:00:00-04:00,111.2929669564009,111.78178007365571,110.43266104139516,111.7557144165039,381800,0.0,0.0
2013-10-24 00:00:00-04:00,111.74918458784974,112.32271846793698,111.48847832878562,112.02291870117188,421800,0.0,0.0
2013-10-25 00:00:00-04:00,112.24448411446913,113.57405090332031,111.62532306110742,113.57405090332031,651200,0.0,0.0
2013-10-28 00:00:00-04:00,113.31985751134746,113.31985751134746,110.9474860627928,112.34223175048828,650300,0.0,0.0
2013-10-29 00:00:00-04:00,112.42046538525128,112.42046538525128,110.08067315622746,110.54993438720703,547400,0.0,0.0
2013-10-30 00:00:00-04:00,110.54989898132725,110.90184976430494,108.94659857640784,109.25292205810547,735100,0.0,0.0
2013-10-31 00:00:00-04:00,109.25293449150578,109.57880972657448,107.94290968177894,108.8227767944336,935000,0.0,0.0
2013-11-01 00:00:00-04:00,109.50064323525939,115.15132121507092,108.6077478631624,110.13936614990234,634400,0.0,0.0
2013-11-04 00:00:00-05:00,110.00247063251467,110.69984858079196,108.281849365599,109.91773986816406,546700,0.0,0.0
2013-11-05 00:00:00-05:00,108.92705248637469,109.32462064624566,107.37588328148104,107.688720703125,625400,0.0,0.0
2013-11-06 00:00:00-05:00,108.12541137161065,108.71850675398085,107.16733727545082,107.32376098632812,743200,0.0,0.0
2013-11-07 00:00:00-05:00,107.34335149691738,107.6170856311768,104.36485560312751,105.05570983886719,1160700,0.0,0.0
2013-11-08 00:00:00-05:00,104.5538400632972,104.62553303395444,102.47475385916282,104.22145080566406,995600,0.0,0.0
2013-11-11 00:00:00-05:00,104.05198843252613,105.03613828954202,103.96074373832523,104.20841217041016,609100,0.0,0.0
2013-11-12 00:00:00-05:00,103.90210069527714,104.13021742987215,102.67680613446183,103.70657348632812,671500,0.0,0.0
2013-11-13 00:00:00-05:00,103.15252428622696,104.50164225575675,102.96351112728519,104.44950103759766,685200,0.0,0.0
2013-11-14 00:00:00-05:00,104.76241246619755,106.38526536563639,104.53429574024813,106.0202865600586,961400,0.0,0.0
2013-11-15 00:00:00-05:00,106.02678031681165,106.24838307369261,104.87318894254983,105.85081481933594,633500,0.0,0.0
2013-11-18 00:00:00-05:00,105.70093378928844,105.77262677089311,103.71310192147463,103.9542465209961,623700,0.0,0.0
2013-11-19 00:00:00-05:00,103.43280738795205,104.09759571483997,102.09671680903205,102.29224395751953,878300,0.0,0.0
2013-11-20 00:00:00-05:00,102.27268037163279,102.74194149559021,100.33698072153909,100.72803497314453,743200,0.0,0.0
2013-11-21 00:00:00-05:00,101.31462865866794,101.70568299616568,100.40218179773977,100.84536743164062,755100,0.0,0.0
2013-11-22 00:00:00-05:00,100.9040338387686,101.09955106510192,100.06978391173789,100.93009948730469,496100,0.0,0.0
2013-11-25 00:00:00-05:00,101.17775767235416,101.45149170647369,100.05674594505093,100.18058013916016,517500,0.0,0.0
2013-11-26 00:00:00-05:00,100.27833041248095,100.59769173155357,99.45712837833834,99.48970794677734,620300,0.0,0.0
2013-11-27 00:00:00-05:00,99.8612700924847,100.64336915529543,99.32682960019106,100.49346923828125,399900,0.0,0.0
2013-11-29 00:00:00-05:00,100.74757941267293,101.04086510772707,99.47666810415701,99.52228546142578,289800,0.0,0.0
2013-12-02 00:00:00-05:00,99.69177637950459,100.06978297683418,98.60986799425108,99.58749389648438,649500,0.0,0.0
2013-12-03 00:00:00-05:00,98.831452379537,99.7438991658002,97.91248172306358,98.03631591796875,807300,0.0,0.0
2013-12-04 00:00:00-05:00,97.1238753836772,99.78953290113839,96.79147621912976,99.02046203613281,1058000,0.0,0.0
2013-12-05 00:00:00-05:00,99.02699643742213,99.41152693835402,98.13410121951314,98.5121078491211,600700,0.0,0.0
2013-12-06 00:00:00-05:00,99.3333248102466,100.51299196511489,99.0335151178017,100.3696060180664,859500,0.0,0.0
2013-12-09 00:00:00-05:00,100.3696116293998,101.24947908593994,99.95900549035748,101.1517105102539,910500,0.0,0.0
2013-12-10 00:00:00-05:00,101.138643135938,101.6079043162132,100.4543130308836,100.8258056640625,1107600,0.0,0.0
2013-12-11 00:00:00-05:00,101.02971968532597,101.04944996493813,98.96453345469133,99.01715087890625,1186500,1.4,0.0
2013-12-12 00:00:00-05:00,98.87243304502157,99.39859713207872,98.43834692051851,98.46466064453125,835200,0.0,0.0
2013-12-13 00:00:00-05:00,98.71455970986901,100.01681780504587,98.24759658377216,98.35282135009766,749700,0.0,0.0
2013-12-16 00:00:00-05:00,99.07633247723513,99.70114802342312,98.31339495089671,99.3196792602539,917200,0.0,0.0
2013-12-17 00:00:00-05:00,98.55018134899517,98.84614559045015,97.50443634583853,98.3397216796875,867600,0.0,0.0
2013-12-18 00:00:00-05:00,98.20161476694636,100.2339142443188,96.77440073093969,100.06948852539062,1036300,0.0,0.0
2013-12-19 00:00:00-05:00,99.62219824155129,99.72743304988016,98.89872147896992,99.4183120727539,652600,0.0,0.0
2013-12-20 00:00:00-05:00,99.41837643000547,99.91822703952414,99.3131415535541,99.85246276855469,806000,0.0,0.0
2013-12-23 00:00:00-05:00,100.18785778899316,100.83240365260706,99.57618903319084,99.67485046386719,619400,0.0,0.0
2013-12-24 00:00:00-05:00,99.62222096916034,99.79980349426066,99.31309992151185,99.70772552490234,291500,0.0,0.0
2013-12-26 00:00:00-05:00,99.77349691257075,100.2602005201699,99.14210794483063,99.41175842285156,311100,0.0,0.0
2013-12-27 00:00:00-05:00,99.73403702258919,100.14180948513395,99.01056003831935,99.39202880859375,361800,0.0,0.0
2013-12-30 00:00:00-05:00,99.5564397321496,100.41145512257582,99.25390215500734,99.68798828125,403500,0.0,0.0
2013-12-31 00:00:00-05:00,99.79981173552794,99.9313502689383,98.70802284030303,98.9974136352539,794400,0.0,0.0
2014-01-02 00:00:00-05:00,98.97768869880845,98.97768869880845,97.36630896138904,97.9648208618164,665500,0.0,0.0
2014-01-03 00:00:00-05:00,98.07662339976301,99.12237831979408,97.56361609668969,98.72775268554688,517900,0.0,0.0
2014-01-06 00:00:00-05:00,99.11576935449494,99.31308212082423,98.07002473941719,98.67510986328125,398100,0.0,0.0
2014-01-07 00:00:00-05:00,98.67511694976291,99.63536712913013,98.35942252241057,98.56330871582031,633100,0.0,0.0
2014-01-08 00:00:00-05:00,98.66855806607367,99.08948737644145,97.83327285921625,98.74090576171875,655900,0.0,0.0
2014-01-09 00:00:00-05:00,99.63538523911375,100.70086039743198,98.85929083761589,100.6613998413086,978800,0.0,0.0
2014-01-10 00:00:00-05:00,100.65480112471823,101.68082560703834,100.65480112471823,101.45719909667969,644400,0.0,0.0
2014-01-13 00:00:00-05:00,100.97053500931366,102.00970662055303,100.97053500931366,101.25992584228516,594700,0.0,0.0
2014-01-14 00:00:00-05:00,102.08864739144325,103.0686283488371,101.43094447565544,102.424072265625,713500,0.0,0.0
2014-01-15 00:00:00-05:00,102.38456306593169,102.66738040397831,101.72686046253847,101.97020721435547,854900,0.0,0.0
2014-01-16 00:00:00-05:00,102.06890422772582,102.7726410402309,101.97682623256398,102.60821533203125,487600,0.0,0.0
2014-01-17 00:00:00-05:00,102.75286540907616,102.82521309018396,101.79919872956003,101.92416381835938,541400,0.0,0.0
2014-01-21 00:00:00-05:00,102.52927831443418,103.52898927537107,101.6216453343897,101.96365356445312,843900,0.0,0.0
2014-01-22 00:00:00-05:00,102.00964731899758,102.8186184694332,101.30590092649615,102.15434265136719,649300,0.0,0.0
2014-01-23 00:00:00-05:00,101.47035343397327,102.18067342602374,101.02969390881829,101.5887451171875,640500,0.0,0.0
2014-01-24 00:00:00-05:00,101.27961468042548,101.27961468042548,100.06943441630759,100.24701690673828,663100,0.0,0.0
2014-01-27 00:00:00-05:00,100.35227521266326,101.04286502757759,99.86557162098872,100.38516235351562,693200,0.0,0.0
2014-01-28 00:00:00-05:00,100.68768742518982,102.09517057098233,100.68768742518982,101.76631927490234,754000,0.0,0.0
2014-01-29 00:00:00-05:00,100.81922981148209,102.18067904673846,100.63507388145884,101.62162780761719,715000,0.0,0.0
2014-01-30 00:00:00-05:00,102.16094138547594,103.85123177150881,102.16094138547594,103.13433837890625,638700,0.0,0.0
2014-01-31 00:00:00-05:00,102.28589985428236,104.3971193468693,102.00308254896035,103.6473388671875,984300,0.0,0.0
2014-02-03 00:00:00-05:00,103.48951731708223,103.5289778708682,101.94391205549086,102.50953674316406,802500,0.0,0.0
2014-02-04 00:00:00-05:00,103.01596358795351,104.44975046855987,102.34510411201842,104.29190826416016,978800,0.0,0.0
2014-02-05 00:00:00-05:00,103.97621481038998,104.42345785369129,103.41717355094647,103.85124969482422,745100,0.0,0.0
2014-02-06 00:00:00-05:00,103.84467545213664,104.25244790115259,103.43031955346143,104.18668365478516,848500,0.0,0.0
2014-02-07 00:00:00-05:00,104.46292158083368,105.46263249996792,103.99594824571109,105.39685821533203,872700,0.0,0.0
2014-02-10 00:00:00-05:00,105.36395750588413,106.78459757081856,105.03510619654259,106.5807113647461,734300,0.0,0.0
2014-02-11 00:00:00-05:00,106.29790408278136,108.39597724071317,106.05455730227084,107.4554672241211,733200,0.0,0.0
2014-02-12 00:00:00-05:00,107.64616650978806,107.65273992189216,106.5478045437803,107.54093170166016,543200,0.0,0.0
2014-02-13 00:00:00-05:00,107.13975326875442,108.64589789539069,106.73855426730826,108.20523834228516,614700,0.0,0.0
2014-02-14 00:00:00-05:00,107.98821415526577,109.24442879339402,107.90929303814687,109.01422882080078,460800,0.0,0.0
2014-02-18 00:00:00-05:00,108.79058390683801,109.8560588528701,108.40254180127629,109.77713775634766,711500,0.0,0.0
2014-02-19 00:00:00-05:00,109.75085094570325,110.40855367331841,109.19838306308583,109.47461700439453,642700,0.0,0.0
2014-02-20 00:00:00-05:00,109.65217277803657,110.31644875786837,108.92212252720391,109.64559936523438,686100,0.0,0.0
2014-02-21 00:00:00-05:00,109.53378181381126,110.15860728517197,108.20522984545799,109.468017578125,1213100,0.0,0.0
2014-02-24 00:00:00-05:00,109.55352831235236,110.37565657295747,109.55352831235236,109.63902282714844,868800,0.0,0.0
2014-02-25 00:00:00-05:00,109.67191209523392,110.98074392441127,109.57326071634303,110.27042388916016,776000,0.0,0.0
2014-02-26 00:00:00-05:00,109.46803942918122,110.94128706016383,109.07999724321681,109.90869903564453,929200,0.0,0.0
2014-02-27 00:00:00-05:00,109.99417513086277,110.7768327143895,109.04049843029244,109.53377532958984,680100,0.0,0.0
2014-02-28 00:00:00-05:00,109.65871565937499,111.54632832550239,109.65871565937499,111.15170288085938,1315900,0.0,0.0
2014-03-03 00:00:00-05:00,110.62559041629984,111.13859771147989,109.81661891786155,110.94786834716797,759800,0.0,0.0
2014-03-04 00:00:00-05:00,110.94789973542221,112.50007892389408,110.94789973542221,112.39484405517578,617700,0.0,0.0
2014-03-05 00:00:00-05:00,112.30269987502894,113.19717566052918,111.80942300881358,112.57893371582031,733200,0.0,0.0
2014-03-06 00:00:00-05:00,112.5263581283159,112.74340123439514,111.28330036495106,111.36880493164062,751600,0.0,0.0
2014-03-07 00:00:00-05:00,111.03335177851835,111.03335177851835,109.6127118303321,110.19806671142578,818700,0.0,0.0
2014-03-10 00:00:00-04:00,110.21781758687402,110.38224325876593,109.21810669176217,109.8560791015625,665500,0.0,0.0
2014-03-11 00:00:00-04:00,110.49405233652882,110.6124340040167,109.77715881030554,110.36908721923828,620200,0.0,0.0
2014-03-12 00:00:00-04:00,110.05072448589011,110.76702044924795,109.99767452135372,110.62774658203125,617100,1.4,0.0
2014-03-13 00:00:00-04:00,110.92616800945233,111.21799332927294,110.09712340549528,110.8598403930664,745200,0.0,0.0
2014-03-14 00:00:00-04:00,110.38235042675844,111.83483872550929,110.38235042675844,111.53638458251953,990000,0.0,0.0
2014-03-17 00:00:00-04:00,112.4184782431098,112.53122712486172,111.19812668984397,111.48995208740234,687600,0.0,0.0
2014-03-18 00:00:00-04:00,111.39714702984016,112.75014430866476,110.87318480957533,111.66243743896484,615700,0.0,0.0
2014-03-19 00:00:00-04:00,111.91439857225012,112.48478169389321,110.03744027800802,110.68740844726562,896600,0.0,0.0
2014-03-20 00:00:00-04:00,110.42212671957104,111.1782150907085,109.2017652144332,111.15167999267578,667500,0.0,0.0
2014-03-21 00:00:00-04:00,112.12667262968208,112.75011606716427,111.1583537707578,112.32564544677734,1454500,0.0,0.0
2014-03-24 00:00:00-04:00,112.21948540423111,112.32560555168122,111.10525421652773,111.3572769165039,667000,0.0,0.0
2014-03-25 00:00:00-04:00,111.77511899600096,112.21285701537091,110.99250567667977,112.00725555419922,774000,0.0,0.0
2014-03-26 00:00:00-04:00,112.18637945348885,112.59759270689857,110.83338229629877,111.3109130859375,775300,0.0,0.0
2014-03-27 00:00:00-04:00,111.1981113541457,111.4302378009712,110.3093778533687,111.15167999267578,672000,0.0,0.0
2014-03-28 00:00:00-04:00,111.46340059675181,112.25928148750432,111.16494652774145,111.4435043334961,507700,0.0,0.0
2014-03-31 00:00:00-04:00,111.8149442306021,112.45165518323137,111.06549450324042,111.74862670898438,663000,0.0,0.0
2014-04-01 00:00:00-04:00,111.88125166818061,112.49142740583162,111.03231063143352,112.4118423461914,606800,0.0,0.0
2014-04-02 00:00:00-04:00,112.15318978609896,112.83632192332205,111.74861550015531,112.71693420410156,545100,0.0,0.0
2014-04-03 00:00:00-04:00,112.6439704975325,112.6439704975325,111.80829699826607,112.2990951538086,442500,0.0,0.0
2014-04-04 00:00:00-04:00,112.97559678707822,113.04192442280633,112.07359559012808,112.45164489746094,506200,0.0,0.0
2014-04-07 00:00:00-04:00,112.49142288291416,113.3668888642832,112.02052101856698,112.60417175292969,604100,0.0,0.0
2014-04-08 00:00:00-04:00,112.50469049470892,113.71841320697196,111.9608322882651,113.6587142944336,620600,0.0,0.0
2014-04-09 00:00:00-04:00,113.63222301934063,113.65211928936304,112.14657076320653,112.83634185791016,547900,0.0,0.0
2014-04-10 00:00:00-04:00,113.15466491828309,113.65209178883644,112.1399149119683,112.2990951538086,734000,0.0,0.0
2014-04-11 00:00:00-04:00,111.6955450034277,113.02864533602657,111.68890616842663,111.7419662475586,682700,0.0,0.0
2014-04-14 00:00:00-04:00,112.41186649764613,112.55777921845252,111.56292527850579,112.40522766113281,692300,0.0,0.0
2014-04-15 00:00:00-04:00,112.58426022593366,113.58574249101376,112.20621101874349,113.34697723388672,784100,0.0,0.0
2014-04-16 00:00:00-04:00,113.74494419062889,114.43470499698344,113.14803599513313,114.12299346923828,682800,0.0,0.0
2014-04-17 00:00:00-04:00,113.75824286145374,114.34852250343266,113.25417701874476,114.26229858398438,505400,0.0,0.0
2014-04-21 00:00:00-04:00,114.49441017993632,114.89898446086167,114.05004336648982,114.8459243774414,680100,0.0,0.0
2014-04-22 00:00:00-04:00,114.66687665254534,115.11124357756763,113.90415926724324,114.9454345703125,412800,0.0,0.0
2014-04-23 00:00:00-04:00,115.05155476379866,115.05155476379866,114.26230227003569,114.9454345703125,772700,0.0,0.0
2014-04-24 00:00:00-04:00,115.07804243238859,115.40966033935547,114.58725440698983,115.40966033935547,383400,0.0,0.0
2014-04-25 00:00:00-04:00,115.45608382672421,115.54893642953282,114.85253684838094,115.12446594238281,514300,0.0,0.0
2014-04-28 00:00:00-04:00,115.58212082518617,116.47085448464736,115.0979513412997,116.46422576904297,752300,0.0,0.0
2014-04-29 00:00:00-04:00,116.92847141266617,117.20702922911997,116.17901173399945,116.69633483886719,644400,0.0,0.0
2014-04-30 00:00:00-04:00,116.59684690349862,116.68306066930181,115.63515708979048,116.40450286865234,527700,0.0,0.0
2014-05-01 00:00:00-04:00,116.2453843561999,117.05453314012534,114.93880853888649,116.85556030273438,751900,0.0,0.0
2014-05-02 00:00:00-04:00,114.3418650275056,114.4148213812588,112.41185625126491,113.10824584960938,1231800,0.0,0.0
2014-05-05 00:00:00-04:00,112.87608953685434,114.07654457859896,112.80313320237501,114.03011322021484,971400,0.0,0.0
2014-05-06 00:00:00-04:00,113.45976433126616,113.92402741292747,112.79652846598539,113.32048034667969,575900,0.0,0.0
2014-05-07 00:00:00-04:00,113.65211529503324,114.97195850780905,113.45978131818356,114.87246704101562,870500,0.0,0.0
2014-05-08 00:00:00-04:00,114.29542864958141,114.6403141053293,112.87610441728958,113.74494171142578,744500,0.0,0.0
2014-05-09 00:00:00-04:00,113.71842910024928,114.57399893755658,113.14804583531892,113.83780670166016,463000,0.0,0.0
2014-05-12 00:00:00-04:00,113.99698765170999,114.45462203359325,113.51945700280368,113.99034881591797,564000,0.0,0.0
2014-05-13 00:00:00-04:00,114.10310382069339,115.17091406228523,111.61596910768542,113.03529357910156,708700,0.0,0.0
2014-05-14 00:00:00-04:00,113.22101858412645,114.02352845252368,112.67053150637585,113.84445190429688,670300,0.0,0.0
2014-05-15 00:00:00-04:00,113.5924140747826,113.95055700364259,112.04707323175255,113.11488342285156,558000,0.0,0.0
2014-05-16 00:00:00-04:00,112.92914862426946,114.38826518095567,112.4980393351339,114.32193756103516,801700,0.0,0.0
2014-05-19 00:00:00-04:00,113.92400319566002,114.2224572475576,113.08831970613798,114.03011322021484,444700,0.0,0.0
2014-05-20 00:00:00-04:00,114.20259178285225,114.48777836352248,112.77662851897088,113.28732299804688,495300,0.0,0.0
2014-05-21 00:00:00-04:00,113.32708233475057,113.75155278361513,112.8230268392782,112.96231079101562,335500,0.0,0.0
2014-05-22 00:00:00-04:00,113.14801988405294,113.44647393930413,112.49804158041583,112.56436920166016,469800,0.0,0.0
2014-05-23 00:00:00-04:00,113.06843484509884,113.79136954880772,112.82966955547046,113.6587142944336,420100,0.0,0.0
2014-05-27 00:00:00-04:00,113.87094969774374,114.40154033184805,113.67197694493281,114.33521270751953,507100,0.0,0.0
2014-05-28 00:00:00-04:00,114.22247485516982,114.22247485516982,112.86283938674156,113.04191589355469,653700,0.0,0.0
2014-05-29 00:00:00-04:00,113.12815491291153,113.6056754612909,112.65062424435521,112.74347686767578,742200,0.0,0.0
2014-05-30 00:00:00-04:00,112.75013109563731,114.44138508610772,112.72360610590543,114.3286361694336,1299200,0.0,0.0
2014-06-02 00:00:00-04:00,114.21587137156209,114.60717816681803,113.88425338503784,114.16281127929688,498000,0.0,0.0
2014-06-03 00:00:00-04:00,114.25562062010971,114.53417840882527,113.28066329951828,113.41993713378906,494200,0.0,0.0
2014-06-04 00:00:00-04:00,113.1215260153267,114.30872407513245,112.89602821319053,114.13627624511719,737900,0.0,0.0
2014-06-05 00:00:00-04:00,114.14955636226293,115.92039539190866,113.90416226352735,115.80101776123047,580600,0.0,0.0
2014-06-06 00:00:00-04:00,115.82753069524978,116.06629605193515,114.23576839746582,114.6270751953125,423700,0.0,0.0
2014-06-09 00:00:00-04:00,114.50764516463721,115.29689730551651,113.20106996203728,113.6321792602539,583800,0.0,0.0
2014-06-10 00:00:00-04:00,113.41334132967359,114.21586123874386,113.41334132967359,113.81128692626953,663100,0.0,0.0
2014-06-11 00:00:00-04:00,113.61733267918306,114.0586713527816,113.12918072046706,113.63069915771484,648100,1.4,0.0
2014-06-12 00:00:00-04:00,113.71765027900273,113.91157648600498,112.78816970303362,113.29637145996094,455300,0.0,0.0
2014-06-13 00:00:00-04:00,113.26292823717854,113.68419679024831,112.48724393118705,113.36322784423828,556700,0.0,0.0
2014-06-16 00:00:00-04:00,113.26964688215274,114.17906768296213,112.7948714523548,113.0021743774414,478600,0.0,0.0
2014-06-17 00:00:00-04:00,112.55411959577901,113.57721642380297,112.20639727801469,113.53040313720703,473600,0.0,0.0
2014-06-18 00:00:00-04:00,113.32984215729063,114.50674582711507,112.7146471496203,114.25263977050781,621300,0.0,0.0
2014-06-19 00:00:00-04:00,114.25932780672656,115.15538228478066,113.69762932442912,114.58699035644531,555800,0.0,0.0
2014-06-20 00:00:00-04:00,114.83436458589894,115.26232664887043,114.18573314935179,115.09515380859375,1017300,0.0,0.0
2014-06-23 00:00:00-04:00,115.10853753830166,115.6769293114005,114.4532228212645,114.53346252441406,529100,0.0,0.0
2014-06-24 00:00:00-04:00,114.34622652683623,115.04166107585688,114.09881398014767,114.31278991699219,461400,0.0,0.0
2014-06-25 00:00:00-04:00,114.03196679831701,114.57360530983674,113.2495989257415,113.4769515991211,702500,0.0,0.0
2014-06-26 00:00:00-04:00,113.63739190217028,113.81124795278387,113.16931007096548,113.24286651611328,492700,0.0,0.0
2014-06-27 00:00:00-04:00,113.16933260290142,115.2890830489415,113.16933260290142,115.12859344482422,658800,0.0,0.0
2014-06-30 00:00:00-04:00,114.54013880730521,115.09515386169028,113.89151757387926,114.58026885986328,606000,0.0,0.0
2014-07-01 00:00:00-04:00,114.91460900261114,115.45624734670758,114.09211132124551,115.06840515136719,496100,0.0,0.0
2014-07-02 00:00:00-04:00,114.80764457644916,114.9815006921705,113.82466726109251,114.76752471923828,394900,0.0,0.0
2014-07-03 00:00:00-04:00,114.71402336530487,114.71402336530487,113.51705992378099,114.25930786132812,248900,0.0,0.0
2014-07-07 00:00:00-04:00,114.35287898849529,114.8009008702389,113.87142050590735,114.12552642822266,401100,0.0,0.0
2014-07-08 00:00:00-04:00,114.34623759272652,114.89456947765574,113.87815561987341,114.0252685546875,506700,0.0,0.0
2014-07-09 00:00:00-04:00,114.13224154588818,114.33954444765867,113.36325052876776,114.04531860351562,367800,0.0,0.0
2014-07-10 00:00:00-04:00,114.04533820003311,114.74746632085436,113.68423907347471,114.52010345458984,575800,0.0,0.0
2014-07-11 00:00:00-04:00,114.58695681276669,114.78756627012564,113.83133227819704,114.55352020263672,399000,0.0,0.0
2014-07-14 00:00:00-04:00,114.78092656515511,115.18214566771917,114.39977760080234,115.10858917236328,382300,0.0,0.0
2014-07-15 00:00:00-04:00,115.15533929223591,115.65685779349629,114.7206838024249,115.13526916503906,410000,0.0,0.0
2014-07-16 00:00:00-04:00,115.18209555604567,115.48300465034094,114.66720031256725,115.33589172363281,430600,0.0,0.0
2014-07-17 00:00:00-04:00,114.84778307259211,115.59003116172224,114.68061017146752,115.00157928466797,401400,0.0,0.0
2014-07-18 00:00:00-04:00,115.35593592844764,115.89758446846616,114.87447736182213,115.82402801513672,406600,0.0,0.0
2014-07-21 00:00:00-04:00,115.56323578174923,116.19849047836368,115.3358729843278,115.6167221069336,417000,0.0,0.0
2014-07-22 00:00:00-04:00,115.87752893833843,116.34562108399116,115.64349306893315,115.77722930908203,483100,0.0,0.0
2014-07-23 00:00:00-04:00,115.75714484765862,116.90729463531437,115.75714484765862,116.35227966308594,477200,0.0,0.0
2014-07-24 00:00:00-04:00,116.66660966898534,117.19487147737375,116.33894715275532,117.1213150024414,768100,0.0,0.0
2014-07-25 00:00:00-04:00,116.72007395125362,117.50912482476342,116.07144254344034,116.13162231445312,484500,0.0,0.0
2014-07-28 00:00:00-04:00,116.49942992681483,117.59608354084122,116.24532390048677,117.34867095947266,467800,0.0,0.0
2014-07-29 00:00:00-04:00,117.22827386115797,117.5425595983262,116.54620585672693,116.70001220703125,415900,0.0,0.0
2014-07-30 00:00:00-04:00,116.6465330770505,117.58939042920085,116.30549392225241,117.19485473632812,510300,0.0,0.0
2014-07-31 00:00:00-04:00,116.72678054306006,116.86721024027013,114.54015659470502,114.75414276123047,966600,0.0,0.0
2014-08-01 00:00:00-04:00,114.8945526300416,115.96445266776037,114.75412295706676,115.48299407958984,653800,0.0,0.0
2014-08-04 00:00:00-04:00,115.44954513776555,115.8641406687107,114.47326158518776,115.50973510742188,418200,0.0,0.0
2014-08-05 00:00:00-04:00,115.01487357461576,115.55651175367046,114.2391894202925,114.42642211914062,546700,0.0,0.0
2014-08-06 00:00:00-04:00,114.45323500291738,116.2319567704691,114.4131151470725,115.54988861083984,732200,0.0,0.0
2014-08-07 00:00:00-04:00,115.63677088308457,116.2519758010177,115.02157616856998,115.20880889892578,428600,0.0,0.0
2014-08-08 00:00:00-04:00,115.61005565901874,116.03133450582617,114.7340715581635,115.89759826660156,474700,0.0,0.0
2014-08-11 00:00:00-04:00,115.56324616141393,116.64652290353679,115.56324616141393,116.15168762207031,452900,0.0,0.0
2014-08-12 00:00:00-04:00,116.30547243150525,117.28176621498183,116.02462331107432,116.24529266357422,497400,0.0,0.0
2014-08-13 00:00:00-04:00,116.61974880822446,117.9705079773203,116.33889971030884,117.50242614746094,447000,0.0,0.0
2014-08-14 00:00:00-04:00,118.08425076192866,118.2848602886729,116.64656785987289,117.3286361694336,602100,0.0,0.0
2014-08-15 00:00:00-04:00,117.65630469097732,118.08426697853943,116.37910107217802,117.0277328491211,501300,0.0,0.0
2014-08-18 00:00:00-04:00,117.73647216409994,117.78327524537656,117.12796068357345,117.50242614746094,491900,0.0,0.0
2014-08-19 00:00:00-04:00,117.54257620528887,118.46537362381271,117.36872011048317,118.00397491455078,307700,0.0,0.0
2014-08-20 00:00:00-04:00,118.05078294887151,118.90002393909536,117.35534833712005,118.51887512207031,521500,0.0,0.0
2014-08-21 00:00:00-04:00,118.9535457465064,119.20095836806667,118.11099802193782,118.14442443847656,334600,0.0,0.0
2014-08-22 00:00:00-04:00,117.99057804056955,118.01733140652897,116.53283590178624,116.9808578491211,423900,0.0,0.0
2014-08-25 00:00:00-04:00,117.50915881297169,117.50915881297169,116.07815935783171,116.34564208984375,460400,0.0,0.0
2014-08-26 00:00:00-04:00,116.88727119930047,116.9875708386055,115.90429392042279,116.05140686035156,402700,0.0,0.0
2014-08-27 00:00:00-04:00,116.17175683988121,116.53953915935014,115.7705481123507,116.26537322998047,250800,0.0,0.0
2014-08-28 00:00:00-04:00,115.93103491356123,116.51280342087603,115.93103491356123,116.25201416015625,342700,0.0,0.0
2014-08-29 00:00:00-04:00,116.35228371419046,117.16808789903476,116.21854749773156,117.1413345336914,494900,0.0,0.0
2014-09-02 00:00:00-04:00,117.35530907925786,117.5358585655677,116.79361090342539,117.22157287597656,394200,0.0,0.0
2014-09-03 00:00:00-04:00,117.78331567156684,117.9638652262741,116.67328537732536,117.3018569946289,332700,0.0,0.0
2014-09-04 00:00:00-04:00,117.14134072602538,117.35532684640678,115.85077137401696,116.5261459350586,425300,0.0,0.0
2014-09-05 00:00:00-04:00,116.56630162217729,118.19790023354155,116.21188575691976,118.11766052246094,695800,0.0,0.0
2014-09-08 00:00:00-04:00,118.12434252575518,118.44532177355734,117.31523157171438,117.68301391601562,360100,0.0,0.0
2014-09-09 00:00:00-04:00,117.73649028501929,118.07751919852944,116.7535131893145,117.1747817993164,380900,0.0,0.0
2014-09-10 00:00:00-04:00,116.86719678342958,116.87388002408069,115.14865501795538,115.4161376953125,562300,0.0,0.0
2014-09-11 00:00:00-04:00,115.69252763982993,115.80713353569543,114.85656604504412,115.40263366699219,360100,1.4,0.0
2014-09-12 00:00:00-04:00,115.15321175554163,115.23410762426491,111.70151753187898,111.96443939208984,1062000,0.0,0.0
2014-09-15 00:00:00-04:00,111.9509893411657,112.611663151,111.2768294532513,112.09256744384766,672900,0.0,0.0
2014-09-16 00:00:00-04:00,111.97791148822465,113.35319251915243,111.92397748685468,112.69925689697266,529000,0.0,0.0
2014-09-17 00:00:00-04:00,113.0767843132878,113.87903586534628,112.12622711643748,112.30824279785156,510500,0.0,0.0
2014-09-18 00:00:00-04:00,112.28129150040029,112.59814735810275,111.08128814917562,111.3172378540039,747000,0.0,0.0
2014-09-19 00:00:00-04:00,112.0318233604233,112.45654714702954,111.16216211155007,111.20935821533203,1104500,0.0,0.0
2014-09-22 00:00:00-04:00,111.1959011396007,111.3037691590656,110.1779134220492,110.25881958007812,758500,0.0,0.0
2014-09-23 00:00:00-04:00,110.31945878448438,111.00710434617748,109.88125922972498,109.92170715332031,658200,0.0,0.0
2014-09-24 00:00:00-04:00,109.86780563719422,111.62062494809133,109.5509497595562,109.96892547607422,685800,0.0,0.0
2014-09-25 00:00:00-04:00,110.02284771327031,110.47453342337127,109.44307002972025,110.22509765625,795600,0.0,0.0
2014-09-26 00:00:00-04:00,110.17117857540367,111.4048920791452,110.0026386479012,111.2296142578125,643600,0.0,0.0
2014-09-29 00:00:00-04:00,110.50151773273981,111.9307329899009,110.2183718961434,111.85657501220703,618600,0.0,0.0
2014-09-30 00:00:00-04:00,111.89701713349896,112.71949273905327,110.96668380069855,111.8026351928711,770800,0.0,0.0
2014-10-01 00:00:00-04:00,111.72847903581344,112.71275667853199,111.3509512671631,111.74870300292969,624300,0.0,0.0
2014-10-02 00:00:00-04:00,111.80263181866187,112.46331566997749,111.27005023123365,111.83634185791016,584600,0.0,0.0
2014-10-03 00:00:00-04:00,112.37564813145043,113.31272942022761,111.62733067876812,112.9891357421875,543400,0.0,0.0
2014-10-06 00:00:00-04:00,113.04984156532588,113.65658117965006,112.47006381274163,112.49028778076172,550900,0.0,0.0
2014-10-07 00:00:00-04:00,112.58469217663327,112.68581203689713,111.59367639859651,111.60716247558594,431900,0.0,0.0
2014-10-08 00:00:00-04:00,111.84982467651571,114.18241119384766,111.55993069164694,114.18241119384766,653200,0.0,0.0
2014-10-09 00:00:00-04:00,114.35093177512357,115.23407907945428,113.99362806095705,114.26329803466797,641500,0.0,0.0
2014-10-10 00:00:00-04:00,114.62736378687362,114.9509575366341,113.53522845214455,113.6026382446289,584100,0.0,0.0
2014-10-13 00:00:00-04:00,113.61615809120828,114.74875198233262,113.25885419556417,113.46784210205078,682400,0.0,0.0
2014-10-14 00:00:00-04:00,113.41387389549004,115.7532086803485,113.28578191738416,115.14646911621094,806500,0.0,0.0
2014-10-15 00:00:00-04:00,114.35094178842259,115.25432342088794,113.22509655259468,114.52622985839844,1047100,0.0,0.0
2014-10-16 00:00:00-04:00,113.54863506453398,114.90370171108097,113.06998776810627,114.5396499633789,862900,0.0,0.0
2014-10-17 00:00:00-04:00,115.13296181961877,116.03633310613674,113.95992055341476,115.63184356689453,742900,0.0,0.0
2014-10-20 00:00:00-04:00,115.62509928320618,116.77117873347879,115.28128162023935,116.73072052001953,573300,0.0,0.0
2014-10-21 00:00:00-04:00,117.24982846933676,118.25432990868332,116.44757695368622,118.17342376708984,612500,0.0,0.0
2014-10-22 00:00:00-04:00,118.8004390665075,119.23863881544621,118.20043726463066,118.793701171875,674900,0.0,0.0
2014-10-23 00:00:00-04:00,119.33303693465223,119.85214292378818,118.53753321208596,119.13753509521484,894700,0.0,0.0
2014-10-24 00:00:00-04:00,118.87457961423591,119.407161244202,118.03188000001957,118.63188171386719,840500,0.0,0.0
2014-10-27 00:00:00-04:00,118.61839102342985,120.72177617372124,118.32850730511393,120.70829010009766,741700,0.0,0.0
2014-10-28 00:00:00-04:00,120.72174576902648,121.20713114176557,120.08128601896321,121.17343139648438,478600,0.0,0.0
2014-10-29 00:00:00-04:00,120.90380871787,122.75101016091715,120.03414715492401,120.72853088378906,596000,0.0,0.0
2014-10-30 00:00:00-04:00,120.27685145546741,121.65888109213792,120.22291743746159,121.20044708251953,842400,0.0,0.0
2014-10-31 00:00:00-04:00,123.97118169440421,124.35545752121592,121.20038592453545,124.27455139160156,1012000,0.0,0.0
2014-11-03 00:00:00-05:00,124.26107247874687,125.87231312317063,123.64083674370792,125.7779312133789,733400,0.0,0.0
2014-11-04 00:00:00-05:00,125.67689342245748,126.14206542192967,124.81396953153039,125.83194732666016,527200,0.0,0.0
2014-11-05 00:00:00-05:00,125.63639070331166,126.2633542297283,125.00267899691654,126.1015625,763100,0.0,0.0
2014-11-06 00:00:00-05:00,126.14197278347366,126.60039626336014,125.5554573645434,125.7779312133789,749700,0.0,0.0
2014-11-07 00:00:00-05:00,125.94650932583357,126.16897295538008,124.81391577747969,125.58919525146484,718600,0.0,0.0
2014-11-10 00:00:00-05:00,125.48138825283675,126.82295989990234,125.23869027199683,126.82295989990234,484800,0.0,0.0
2014-11-11 00:00:00-05:00,126.65437336938471,126.98471530954146,125.92627969447565,126.30381774902344,527600,0.0,0.0
2014-11-12 00:00:00-05:00,126.31053373304657,126.74199543368691,125.25884648066437,125.36671447753906,509500,0.0,0.0
2014-11-13 00:00:00-05:00,125.81169512961617,126.50607888160053,125.38023328093792,126.09484100341797,530400,0.0,0.0
2014-11-14 00:00:00-05:00,125.7645090399003,126.6543946004986,124.82742735699948,125.13753509521484,388100,0.0,0.0
2014-11-17 00:00:00-05:00,125.23187918789938,126.2026706236508,124.94873340028168,125.52851104736328,378500,0.0,0.0
2014-11-18 00:00:00-05:00,125.77796961776265,126.42515711484141,125.32627360420878,125.70381164550781,450800,0.0,0.0
2014-11-19 00:00:00-05:00,125.703803331715,126.03413495157197,123.87008839983699,123.9914321899414,727400,0.0,0.0
2014-11-20 00:00:00-05:00,123.94425710875686,124.32178487094545,123.50604715939795,124.03189086914062,531100,0.0,0.0
2014-11-21 00:00:00-05:00,125.08357690037646,125.22515495305586,124.30829741783366,125.04312896728516,653200,0.0,0.0
2014-11-24 00:00:00-05:00,125.52851174079956,126.06784146218065,124.8139042318846,124.84086608886719,442900,0.0,0.0
2014-11-25 00:00:00-05:00,124.97572099069073,125.32627660714981,124.67234091437724,124.98919677734375,1119400,0.0,0.0
2014-11-26 00:00:00-05:00,125.19143898694638,126.1757165553008,124.78020120855206,125.81841278076172,529800,0.0,0.0
2014-11-28 00:00:00-05:00,126.3510366527185,128.21846229980662,126.21620674137147,126.49261474609375,437200,0.0,0.0
2014-12-01 00:00:00-05:00,126.04762759292453,126.89706502850176,125.3734679589192,125.5689697265625,604900,0.0,0.0
2014-12-02 00:00:00-05:00,125.77124002065605,125.77124002065605,124.79371045058136,125.3802261352539,669900,0.0,0.0
2014-12-03 00:00:00-05:00,125.31952886272441,125.87234467784351,124.54424942985754,125.48133087158203,568000,0.0,0.0
2014-12-04 00:00:00-05:00,124.64540274300666,125.39372051886792,123.98472903134687,125.056640625,561600,0.0,0.0
2014-12-05 00:00:00-05:00,124.72629005330892,125.02292198542311,123.64764063918426,124.42292022705078,483300,0.0,0.0
2014-12-08 00:00:00-05:00,124.43639362998157,125.75100293446529,124.43639362998157,125.07684326171875,514600,0.0,0.0
2014-12-09 00:00:00-05:00,124.17346009087498,125.59593727806411,124.1127881948803,125.33301544189453,442200,0.0,0.0
2014-12-10 00:00:00-05:00,125.00939513203542,126.0610926265191,124.37569382279631,125.16445922851562,685600,0.0,0.0
2014-12-11 00:00:00-05:00,125.78264712304303,126.16984283956695,124.98788842414851,125.3071517944336,452700,1.4,0.0
2014-12-12 00:00:00-05:00,124.87238373692615,125.83017363308906,123.67005196014759,123.72439575195312,618200,0.0,0.0
2014-12-15 00:00:00-05:00,123.98934149896729,124.45125864456149,121.9379069754879,122.31831359863281,736300,0.0,0.0
2014-12-16 00:00:00-05:00,122.25038605197147,122.61040469361531,121.19749684724924,121.48959350585938,701400,0.0,0.0
2014-12-17 00:00:00-05:00,122.18243020937524,124.22027587890625,121.54390357451913,124.22027587890625,972400,0.0,0.0
2014-12-18 00:00:00-05:00,125.30712988477187,125.94565651369713,124.00969899961682,125.89810180664062,705400,0.0,0.0
2014-12-19 00:00:00-05:00,126.46865410103311,126.59093018927132,125.22557778820703,125.63314056396484,1209900,0.0,0.0
2014-12-22 00:00:00-05:00,126.07473371331568,128.16691299224524,125.87773614395559,128.04464721679688,511900,0.0,0.0
2014-12-23 00:00:00-05:00,128.20766420818225,128.8733575403059,127.71858043131051,128.11935424804688,472900,0.0,0.0
2014-12-24 00:00:00-05:00,128.15331127591168,128.8122154737374,127.1072114635826,127.31778717041016,218000,0.0,0.0
2014-12-26 00:00:00-05:00,127.32458884184861,128.37067830739565,127.16835692196562,127.67781829833984,229500,0.0,0.0
2014-12-29 00:00:00-05:00,127.66420433411798,129.049934441269,127.65740488350882,128.6219940185547,393700,0.0,0.0
2014-12-30 00:00:00-05:00,128.61524350718543,129.06357208730404,127.90199537790944,128.12615966796875,337500,0.0,0.0
2014-12-31 00:00:00-05:00,128.2211994156113,128.86652526955228,125.43615089366493,125.56521606445312,525000,0.0,0.0
2015-01-02 00:00:00-05:00,125.90491044418059,127.4536724224235,125.70112379124974,127.18195343017578,415300,0.0,0.0
2015-01-05 00:00:00-05:00,126.90346257007708,128.32315939931877,126.46192307070594,127.77973175048828,481900,0.0,0.0
2015-01-06 00:00:00-05:00,128.92087920254858,130.28624215822035,128.5133163701973,129.96018981933594,642800,0.0,0.0
2015-01-07 00:00:00-05:00,130.28626971812741,132.81998828785277,129.51867785888652,132.6230010986328,734100,0.0,0.0
2015-01-08 00:00:00-05:00,133.01695841562187,134.87818379317804,132.26295525197176,134.4298553466797,893900,0.0,0.0
2015-01-09 00:00:00-05:00,134.76953103976038,135.02087240258433,132.8879275526523,134.83746337890625,611900,0.0,0.0
2015-01-12 00:00:00-05:00,134.85108813442406,135.3673388095064,134.45030380986304,134.59974670410156,403500,0.0,0.0
2015-01-13 00:00:00-05:00,135.00726503079335,136.12807591523037,134.63365794764158,135.12274169921875,766700,0.0,0.0
2015-01-14 00:00:00-05:00,134.48422018739168,135.50314298077686,133.82531595180112,135.05482482910156,608400,0.0,0.0
2015-01-15 00:00:00-05:00,135.36731032186376,136.6307752022463,134.87143738534866,135.4759979248047,720600,0.0,0.0
2015-01-16 00:00:00-05:00,135.73408541607364,137.65644366372888,134.87818377017425,137.38473510742188,609500,0.0,0.0
2015-01-20 00:00:00-05:00,138.13875624558145,138.4240533763318,137.0926667661634,137.60891723632812,555200,0.0,0.0
2015-01-21 00:00:00-05:00,137.02468340637512,137.27601427831505,135.9785839515166,136.54238891601562,558100,0.0,0.0
2015-01-22 00:00:00-05:00,136.8481106833212,139.55843832663672,136.56960266851408,139.40220642089844,765700,0.0,0.0
2015-01-23 00:00:00-05:00,138.62787257838173,140.0407803900788,137.3304414635274,137.72442626953125,532600,0.0,0.0
2015-01-26 00:00:00-05:00,137.71082939572142,138.91995046012366,136.90248220170662,138.83843994140625,516000,0.0,0.0
2015-01-27 00:00:00-05:00,138.32896595917896,140.0271707123436,137.94856975287314,139.02862548828125,443000,0.0,0.0
2015-01-28 00:00:00-05:00,139.59240647199644,140.55698536050693,137.67682686782928,137.73117065429688,468000,0.0,0.0
2015-01-29 00:00:00-05:00,137.6632903287886,138.85203380911068,136.93645362561037,138.7025909423828,333300,0.0,0.0
2015-01-30 00:00:00-05:00,138.15235322962494,138.48519472000373,136.3590494659887,136.42697143554688,1259800,0.0,0.0
2015-02-02 00:00:00-05:00,136.54243271034835,137.3032353847222,134.3755324460206,137.04510498046875,628600,0.0,0.0
2015-02-03 00:00:00-05:00,137.1266574479109,137.93500470650258,135.89715865560768,137.9146270751953,663200,0.0,0.0
2015-02-04 00:00:00-05:00,137.25566533950104,138.09797841999838,136.20277658013347,137.66323852539062,679600,0.0,0.0
2015-02-05 00:00:00-05:00,137.7040092724573,140.4822693861401,137.6021211470236,140.44830322265625,639500,0.0,0.0
2015-02-06 00:00:00-05:00,140.01358752317412,140.0475536925394,137.86706451055247,138.8927764892578,1871600,0.0,0.0
2015-02-09 00:00:00-05:00,138.74335453772724,139.001485025767,137.4119571991794,137.62254333496094,781300,0.0,0.0
2015-02-10 00:00:00-05:00,138.33576250778327,138.64144767185513,137.01796425486955,138.35614013671875,657700,0.0,0.0
2015-02-11 00:00:00-05:00,138.69575653450195,139.19842881090395,137.0858619436869,137.7787322998047,737100,0.0,0.0
2015-02-12 00:00:00-05:00,137.683658509423,138.68899288157488,136.99757711425553,138.4308624267578,459200,0.0,0.0
2015-02-13 00:00:00-05:00,138.20669672611905,138.20669672611905,136.60359106473462,137.62930297851562,447600,0.0,0.0
2015-02-17 00:00:00-05:00,137.72439826077002,138.63463347313805,137.18777014751385,137.98252868652344,724500,0.0,0.0
2015-02-18 00:00:00-05:00,138.08444020837797,138.28822687559338,136.42699051705608,138.0029296875,508200,0.0,0.0
2015-02-19 00:00:00-05:00,137.3032329068985,137.58853001775842,134.72874909256205,135.034423828125,748900,0.0,0.0
2015-02-20 00:00:00-05:00,135.76803150689625,137.0179177256085,135.03440601928781,135.97860717773438,950300,0.0,0.0
2015-02-23 00:00:00-05:00,136.23671427297785,137.0178943218683,135.46912275811547,136.54238891601562,611600,0.0,0.0
2015-02-24 00:00:00-05:00,135.95148533176845,136.46773586821007,134.6880205248011,134.83746337890625,571100,0.0,0.0
2015-02-25 00:00:00-05:00,134.6132821224092,135.74768156095837,134.09703165106907,134.68800354003906,498600,0.0,0.0
2015-02-26 00:00:00-05:00,134.5997344747119,134.8986202360329,133.15965984109778,133.65553283691406,452100,0.0,0.0
2015-02-27 00:00:00-05:00,133.87963134401397,134.32117067982608,132.71806541037424,133.9679412841797,626200,0.0,0.0
2015-03-02 00:00:00-05:00,133.10529864331326,135.63222837613674,133.10529864331326,134.19215393066406,635800,0.0,0.0
2015-03-03 00:00:00-05:00,134.06307636861024,134.14458687990745,132.81320015862985,133.76419067382812,473900,0.0,0.0
2015-03-04 00:00:00-05:00,133.62157116173148,134.0223450672669,132.30376238012047,132.58226013183594,597800,0.0,0.0
2015-03-05 00:00:00-05:00,132.6093775654151,133.69623245815836,131.8078197498882,132.8675079345703,499300,0.0,0.0
2015-03-06 00:00:00-05:00,130.45609817028975,130.68705154143572,127.58952756482914,127.80689239501953,1066200,0.0,0.0
2015-03-09 00:00:00-04:00,128.39105593324916,129.60017677064252,127.65743030746809,127.67781829833984,749400,0.0,0.0
2015-03-10 00:00:00-04:00,127.46728412592104,128.02430043277573,126.35326187723408,126.78800201416016,876000,0.0,0.0
2015-03-11 00:00:00-04:00,126.65210132635005,127.85443312647351,125.80299899731173,126.25132751464844,1021700,0.0,0.0
2015-03-12 00:00:00-04:00,127.1069202031662,128.96174038074878,127.03847226089147,128.83169555664062,776300,1.4,0.0
2015-03-13 00:00:00-04:00,129.0164744496699,129.48873801652346,127.73657961010687,129.24234008789062,643700,0.0,0.0
2015-03-16 00:00:00-04:00,129.45450818758707,131.09031339301154,129.45450818758707,130.5701446533203,624900,0.0,0.0
2015-03-17 00:00:00-04:00,130.37163899814897,130.9534149922658,129.62560470446886,130.17315673828125,495700,0.0,0.0
2015-03-18 00:00:00-04:00,130.15261799909035,133.0204123652527,128.92746920925183,132.59605407714844,671800,0.0,0.0
2015-03-19 00:00:00-04:00,132.66452276994912,133.72540299081732,132.27438837935685,132.9451446533203,587300,0.0,0.0
2015-03-20 00:00:00-04:00,133.54742191355464,136.48366420290765,132.93827304636244,136.28517150878906,983500,0.0,0.0
2015-03-23 00:00:00-04:00,136.0798634611276,138.72863314094823,135.31328638928696,137.95521545410156,1158000,0.0,0.0
2015-03-24 00:00:00-04:00,137.89359103377794,138.81073455829417,136.46311950683594,136.46311950683594,699400,0.0,0.0
2015-03-25 00:00:00-04:00,136.5247335927262,137.04490227444646,134.65622235228577,134.7178192138672,637600,0.0,0.0
2015-03-26 00:00:00-04:00,133.93069202990156,135.32695003478096,133.73220979896575,134.54669189453125,447000,0.0,0.0
2015-03-27 00:00:00-04:00,134.526182653345,135.41595342554194,134.1360482945508,135.16270446777344,606700,0.0,0.0
2015-03-30 00:00:00-04:00,135.1490406096108,136.62741775187254,134.8410353631053,136.33311462402344,483700,0.0,0.0
2015-03-31 00:00:00-04:00,136.10041604248818,136.7369379746243,134.6699335727333,134.93002319335938,739700,0.0,0.0
2015-04-01 00:00:00-04:00,135.1079565653474,135.5596878159573,133.32842535470397,134.1155242919922,532400,0.0,0.0
2015-04-02 00:00:00-04:00,134.06757018260586,135.59386230664177,133.71165989285922,135.0463104248047,456600,0.0,0.0
2015-04-06 00:00:00-04:00,135.50493113624492,136.83958215094182,135.20377697012106,136.456298828125,405800,0.0,0.0
2015-04-07 00:00:00-04:00,136.48369652335964,136.48369652335964,134.75207032980555,134.86842346191406,438500,0.0,0.0
2015-04-08 00:00:00-04:00,134.92317822195474,135.18325739049678,134.5056708967006,134.83419799804688,492200,0.0,0.0
2015-04-09 00:00:00-04:00,134.75204547456613,135.22430897545988,132.43180298887256,132.86984252929688,499000,0.0,0.0
2015-04-10 00:00:00-04:00,133.6706398114193,134.7041366300906,132.11012321727927,132.56869506835938,452800,0.0,0.0
2015-04-13 00:00:00-04:00,132.58238836162394,132.73295499848166,131.03555297851562,131.03555297851562,689100,0.0,0.0
2015-04-14 00:00:00-04:00,131.5009492128829,132.43862502482622,130.9739295379063,131.4598846435547,545600,0.0,0.0
2015-04-15 00:00:00-04:00,131.7747412805775,132.4181141539208,130.64542366668707,130.69332885742188,472900,0.0,0.0
2015-04-16 00:00:00-04:00,130.39219507708123,131.60365247583576,129.91994193598273,131.14508056640625,452800,0.0,0.0
2015-04-17 00:00:00-04:00,130.6385449063631,131.02867918271278,129.54345148588993,130.09100341796875,533700,0.0,0.0
2015-04-20 00:00:00-04:00,130.26897552475245,131.1929597764125,129.78987141903764,131.13136291503906,871500,0.0,0.0
2015-04-21 00:00:00-04:00,131.3093401096223,131.82266824070967,130.38534529619002,131.1656036376953,511100,0.0,0.0
2015-04-22 00:00:00-04:00,131.56258450519547,132.12381785612973,131.2408980265584,131.96640014648438,459800,0.0,0.0
2015-04-23 00:00:00-04:00,131.96640735499807,132.6303126392002,131.22721351968983,132.1238250732422,493800,0.0,0.0
2015-04-24 00:00:00-04:00,132.5208223476399,133.403752817218,131.7610960931219,132.50714111328125,376600,0.0,0.0
2015-04-27 00:00:00-04:00,132.65086460615242,133.31476998882698,131.9048300441582,132.21966552734375,398700,0.0,0.0
2015-04-28 00:00:00-04:00,131.71996753397826,132.18539036840178,131.0560624608423,131.7610321044922,384600,0.0,0.0
2015-04-29 00:00:00-04:00,131.0150328150351,131.28881409758537,128.55106393421107,129.06439208984375,815700,0.0,0.0
2015-04-30 00:00:00-04:00,128.8453618877016,129.59139627076556,127.57914831053334,128.61265563964844,889600,0.0,0.0
2015-05-01 00:00:00-04:00,128.92065324639773,131.88426899713474,128.92065324639773,130.13211059570312,1029200,0.0,0.0
2015-05-04 00:00:00-04:00,130.43326613280811,131.26827031779462,130.32375362066014,130.83023071289062,518200,0.0,0.0
2015-05-05 00:00:00-04:00,130.26213605110323,130.6591005681105,127.93504253431527,128.36624145507812,730500,0.0,0.0
2015-05-06 00:00:00-04:00,129.07123596991948,129.4613599473493,127.49018688157392,128.23622131347656,677000,0.0,0.0
2015-05-07 00:00:00-04:00,128.96172424447187,131.90480785130833,128.77008256250934,131.28196716308594,729600,0.0,0.0
2015-05-08 00:00:00-04:00,132.32913971866006,135.14217817584765,132.32913971866006,134.5124969482422,761100,0.0,0.0
2015-05-11 00:00:00-04:00,134.48509052404745,134.90259770003308,132.43861921164495,132.89035034179688,1058400,0.0,0.0
2015-05-12 00:00:00-04:00,133.09574153896065,134.9231886948498,131.52837357180118,134.27981567382812,660900,0.0,0.0
2015-05-13 00:00:00-04:00,134.62882846320815,135.43646998976237,131.79525817182972,132.2538299560547,542100,0.0,0.0
2015-05-14 00:00:00-04:00,132.94512058246016,135.2106066415119,132.8629809950727,135.09425354003906,576300,0.0,0.0
2015-05-15 00:00:00-04:00,135.48436481454127,137.05173211897085,135.02579306538283,136.9353790283203,670900,0.0,0.0
2015-05-18 00:00:00-04:00,136.39471552948007,137.2981781177303,136.0661884263383,136.53160095214844,715400,0.0,0.0
2015-05-19 00:00:00-04:00,136.2577982199358,136.40837528273968,134.76571926406652,134.93682861328125,872500,0.0,0.0
2015-05-20 00:00:00-04:00,134.94373011947255,135.49812294719652,134.25244140625,134.25244140625,1030500,0.0,0.0
2015-05-21 00:00:00-04:00,134.14972391655553,134.87522585450233,132.7192523261747,133.3626251220703,886900,0.0,0.0
2015-05-22 00:00:00-04:00,133.33525959227111,134.32085120330052,132.34966798124174,133.5269012451172,495600,0.0,0.0
2015-05-26 00:00:00-04:00,133.42424159293898,133.4584655550533,132.26069998686097,132.67135620117188,604000,0.0,0.0
2015-05-27 00:00:00-04:00,132.6713679098501,134.4988148562135,132.46603456272985,134.27294921875,431100,0.0,0.0
2015-05-28 00:00:00-04:00,134.64256632236575,134.79314343077218,133.19840255987796,133.8212432861328,417800,0.0,0.0
2015-05-29 00:00:00-04:00,134.17030258688408,134.49198909604402,131.92534808276076,132.46604919433594,1443200,0.0,0.0
2015-06-01 00:00:00-04:00,132.41125268204354,134.6082906997988,132.10324752341998,134.36874389648438,668800,0.0,0.0
2015-06-02 00:00:00-04:00,133.75276381817352,134.14973878823824,132.82877953660932,133.57481384277344,514200,0.0,0.0
2015-06-03 00:00:00-04:00,133.19840651465424,133.47902844716984,131.35042701733974,132.1101531982422,566200,0.0,0.0
2015-06-04 00:00:00-04:00,131.8021374575699,132.3565301744914,131.02186866345792,131.1998291015625,724600,0.0,0.0
2015-06-05 00:00:00-04:00,130.98767427589223,130.98767427589223,128.64004782258363,128.8111572265625,821300,0.0,0.0
2015-06-08 00:00:00-04:00,128.81111016057523,129.14648822955897,127.94872283935547,127.94872283935547,842800,0.0,0.0
2015-06-09 00:00:00-04:00,128.36624216609312,128.8316546058168,127.07949645490297,127.26429748535156,596500,0.0,0.0
2015-06-10 00:00:00-04:00,127.46967596103067,129.31080452843787,127.1206060638889,128.1472625732422,579400,0.0,0.0
2015-06-11 00:00:00-04:00,128.61692450447313,129.5286548825658,128.48568811125628,129.07278442382812,646700,1.7,0.0
2015-06-12 00:00:00-04:00,128.92086831942245,129.39055605719716,128.27161052271796,128.96922302246094,419400,0.0,0.0
2015-06-15 00:00:00-04:00,128.6445437663327,128.6445437663327,127.49106106816045,128.19558715820312,599200,0.0,0.0
2015-06-16 00:00:00-04:00,128.19557277519803,129.95687199362084,128.04361597793613,129.6046142578125,518800,0.0,0.0
2015-06-17 00:00:00-04:00,129.63227812199443,130.59927718035044,128.35447261759512,130.4542236328125,777600,0.0,0.0
2015-06-18 00:00:00-04:00,130.7235309962341,133.46564550903426,130.6959072842444,132.93380737304688,945500,0.0,0.0
2015-06-19 00:00:00-04:00,132.71970282700704,132.98907886000728,131.40045691837452,131.939208984375,1254900,0.0,0.0
2015-06-22 00:00:00-04:00,132.0358618316489,132.44337738646445,129.92229514870502,130.0880584716797,812200,0.0,0.0
2015-06-23 00:00:00-04:00,129.9154303680021,130.36439746244972,128.74122738296708,128.9415283203125,491500,0.0,0.0
2015-06-24 00:00:00-04:00,129.02444976258457,129.82567477211938,127.75354766845705,127.75354766845703,493700,0.0,0.0
2015-06-25 00:00:00-04:00,127.69826474148881,128.5892745847206,126.71054553449865,126.82796478271484,483100,0.0,0.0
2015-06-26 00:00:00-04:00,126.93157881658361,128.23010439523188,126.44808468946023,128.0919647216797,634500,0.0,0.0
2015-06-29 00:00:00-04:00,128.07812924763115,128.60307468707458,126.33755063929347,126.38589477539062,761500,0.0,0.0
2015-06-30 00:00:00-04:00,127.20095769971248,128.45113916316254,126.4066361151918,127.34600067138672,801800,0.0,0.0
2015-07-01 00:00:00-04:00,126.64840247641789,129.2247440916241,125.76429580086106,129.2109375,900900,0.0,0.0
2015-07-02 00:00:00-04:00,130.40584282401906,131.0205733253112,129.0037045959102,129.32833862304688,604900,0.0,0.0
2015-07-06 00:00:00-04:00,128.69981283512897,130.18483301091953,128.4649742980112,130.1157684326172,567600,0.0,0.0
2015-07-07 00:00:00-04:00,130.61305634113373,133.35517149913227,130.11574509327528,133.08578491210938,908600,0.0,0.0
2015-07-08 00:00:00-04:00,132.4848555672845,134.35668108546892,131.93920024303344,133.5001983642578,799700,0.0,0.0
2015-07-09 00:00:00-04:00,134.26690556961634,134.88853937738378,133.42423985013855,133.81103515625,611200,0.0,0.0
2015-07-10 00:00:00-04:00,134.4188543023941,136.58767974375382,133.92844636484867,135.46873474121094,718800,0.0,0.0
2015-07-13 00:00:00-04:00,136.24228812488408,137.3336091119786,135.0059242159821,135.86239624023438,681200,0.0,0.0
2015-07-14 00:00:00-04:00,136.1317605631745,136.8501034362356,135.38579398240057,136.53927612304688,546800,0.0,0.0
2015-07-15 00:00:00-04:00,136.13177188614722,137.67205983853003,135.38580524332633,137.27835083007812,445500,0.0,0.0
2015-07-16 00:00:00-04:00,137.68588830515333,138.5423710028863,137.48558739245516,138.2729949951172,427400,0.0,0.0
2015-07-17 00:00:00-04:00,137.78954772018764,137.91387028626073,136.40812966488653,137.0366668701172,464300,0.0,0.0
2015-07-20 00:00:00-04:00,137.03659694882364,138.65976655135282,136.28372702227946,138.23843383789062,426400,0.0,0.0
2015-07-21 00:00:00-04:00,138.45946801391563,139.1847037036613,137.87236141429673,138.71502685546875,660700,0.0,0.0
2015-07-22 00:00:00-04:00,138.7564842190292,139.56461221424448,138.73576379910415,139.17091369628906,679400,0.0,0.0
2015-07-23 00:00:00-04:00,138.93606204047305,139.57842666396934,137.81711722846052,138.9015350341797,572600,0.0,0.0
2015-07-24 00:00:00-04:00,138.7634241387401,140.24154087335504,138.34209125675545,139.474853515625,435100,0.0,0.0
2015-07-27 00:00:00-04:00,139.39887218028036,140.60069889455116,139.14330272614157,140.1586456298828,504600,0.0,0.0
2015-07-28 00:00:00-04:00,140.37968158100858,140.8424552824173,139.5922738512505,140.49710083007812,436800,0.0,0.0
2015-07-29 00:00:00-04:00,140.41424406898608,140.44187833420835,139.47487929972718,140.16558837890625,689900,0.0,0.0
2015-07-30 00:00:00-04:00,140.2138745245345,140.51087422447765,138.36278015621596,140.22769165039062,561800,0.0,0.0
2015-07-31 00:00:00-04:00,141.07731122546568,142.79026656985664,140.4902043681378,141.71966552734375,618900,0.0,0.0
2015-08-03 00:00:00-04:00,141.71966448497122,142.4311044357612,141.45028840239354,141.9545135498047,496200,0.0,0.0
2015-08-04 00:00:00-04:00,139.4679608125258,143.21160234919992,139.21240185366747,141.85781860351562,466100,0.0,0.0
2015-08-05 00:00:00-04:00,142.53468633822456,142.9214816286309,141.65748310073656,142.0304718017578,595900,0.0,0.0
2015-08-06 00:00:00-04:00,142.03046664219207,143.49476605678822,141.2430589612174,143.315185546875,528300,0.0,0.0
2015-08-07 00:00:00-04:00,143.64672054691613,144.75185892397062,143.11487178076285,144.22691345214844,574000,0.0,0.0
2015-08-10 00:00:00-04:00,145.04884614646244,145.6981140964664,142.88002096375243,143.28753662109375,494500,0.0,0.0
2015-08-11 00:00:00-04:00,143.1425270213231,145.3942344108962,143.1425270213231,144.42724609375,547700,0.0,0.0
2015-08-12 00:00:00-04:00,144.11645674028563,145.45643414791346,143.85399443587983,145.4149932861328,490000,0.0,0.0
2015-08-13 00:00:00-04:00,145.0972104406211,147.3558207491502,144.5584478515566,146.81016540527344,739300,0.0,0.0
2015-08-14 00:00:00-04:00,146.57535880965742,147.79100283294017,145.63599416549897,147.62522888183594,465900,0.0,0.0
2015-08-17 00:00:00-04:00,147.80476109618152,148.82010374611693,147.1485793881849,148.74412536621094,368800,0.0,0.0
2015-08-18 00:00:00-04:00,148.74414916840377,149.92525535304242,148.36425720808305,149.78021240234375,537400,0.0,0.0
2015-08-19 00:00:00-04:00,148.95827610505793,150.56762902252947,148.5783841220701,149.78712463378906,553100,0.0,0.0
2015-08-20 00:00:00-04:00,149.0549733506819,150.1462946087516,148.53002787450262,148.71652221679688,515300,0.0,0.0
2015-08-21 00:00:00-04:00,148.37809343580696,149.01354436969746,146.77564370213227,146.7825469970703,784700,0.0,0.0
2015-08-24 00:00:00-04:00,142.2860253538419,145.0488607976058,138.89464231717028,139.66824340820312,1494700,0.0,0.0
2015-08-25 00:00:00-04:00,143.13557910675797,145.80862928161235,135.8002551548714,136.04200744628906,1017000,0.0,0.0
2015-08-26 00:00:00-04:00,138.32134982713842,140.68357281780524,137.00210394005023,140.35203552246094,783200,0.0,0.0
2015-08-27 00:00:00-04:00,141.05659492964168,145.64980563248193,140.42804720080326,143.67437744140625,876700,0.0,0.0
2015-08-28 00:00:00-04:00,143.47400345526302,143.6121430791534,141.99588734694248,142.39649963378906,979100,0.0,0.0
2015-08-31 00:00:00-04:00,142.24459120123043,142.94220338942705,138.86702513388656,139.01898193359375,1182500,0.0,0.0
2015-09-01 00:00:00-04:00,137.734273519718,139.55083088182036,136.33213520179217,137.45108032226562,1045100,0.0,0.0
2015-09-02 00:00:00-04:00,137.3267369860797,140.28296998584406,137.3267369860797,139.7649383544922,623500,0.0,0.0
2015-09-03 00:00:00-04:00,140.5178330689119,141.32596129060784,139.7580489941299,140.3865966796875,710300,0.0,0.0
2015-09-04 00:00:00-04:00,139.66826680083113,140.16556756776973,137.1748069736367,137.8309783935547,622600,0.0,0.0
2015-09-08 00:00:00-04:00,139.86861055062764,141.19477092667765,139.02594449823349,140.82179260253906,505600,0.0,0.0
2015-09-09 00:00:00-04:00,142.2791480881079,142.5347070408064,138.05200191905152,138.3075714111328,795200,0.0,0.0
2015-09-10 00:00:00-04:00,138.141796451983,139.75805294101934,137.54088301001931,138.28684997558594,654400,0.0,0.0
2015-09-11 00:00:00-04:00,138.32166939285227,140.8852514191791,138.32166939285227,140.8504180908203,594200,1.7,0.0
2015-09-14 00:00:00-04:00,140.86433767092007,141.09421422697136,140.02838040308973,140.4951171875,375200,0.0,0.0
2015-09-15 00:00:00-04:00,140.80860503432132,142.44566496949133,139.84029815099427,142.05555725097656,411400,0.0,0.0
2015-09-16 00:00:00-04:00,142.02072757894433,143.56027125371293,141.44252839926375,143.1353302001953,378200,0.0,0.0
2015-09-17 00:00:00-04:00,143.08659507240463,146.76476970612342,142.20189006195926,144.48681640625,679600,0.0,0.0
2015-09-18 00:00:00-04:00,143.10049802899883,146.81350515254144,142.83577751264872,144.18026733398438,1148400,0.0,0.0
2015-09-21 00:00:00-04:00,144.43798897513244,146.36067763694248,143.76923602030539,145.95663452148438,485300,0.0,0.0
2015-09-22 00:00:00-04:00,145.78253912112572,146.13085119678115,143.89468299403123,144.36839294433594,448800,0.0,0.0
2015-09-23 00:00:00-04:00,144.32654007792215,145.74765884144446,143.76227639785557,145.17642211914062,644000,0.0,0.0
2015-09-24 00:00:00-04:00,145.24610988435046,145.57352402798608,142.55017829661466,143.2677001953125,646000,0.0,0.0
2015-09-25 00:00:00-04:00,143.67872371229444,146.4721825866484,143.27468045005574,145.7755584716797,606300,0.0,0.0
2015-09-28 00:00:00-04:00,145.6292364841219,145.82429033655066,143.37914413883726,144.319580078125,642200,0.0,0.0
2015-09-29 00:00:00-04:00,144.18029392544315,146.16567690496012,143.95040669194663,145.7755584716797,881700,0.0,0.0
2015-09-30 00:00:00-04:00,147.02949383272883,147.76095132826828,145.9566973010078,147.42657470703125,706100,0.0,0.0
2015-10-01 00:00:00-04:00,148.18581925530214,149.12626566044088,147.01548571491531,149.04266357421875,590000,0.0,0.0
2015-10-02 00:00:00-04:00,148.54113350174748,150.7424679070587,146.8971004259584,150.61708068847656,626600,0.0,0.0
2015-10-05 00:00:00-04:00,151.52265128372883,153.50803352769705,150.62401118539114,153.33387756347656,673200,0.0,0.0
2015-10-06 00:00:00-04:00,153.31299473173874,153.61253791734515,150.96537550532682,151.27188110351562,474900,0.0,0.0
2015-10-07 00:00:00-04:00,151.39729612676078,152.49796332908733,149.76719850784778,151.2301025390625,894700,0.0,0.0
2015-10-08 00:00:00-04:00,151.18134417199616,152.51886098277137,150.04584364513627,152.39346313476562,549300,0.0,0.0
2015-10-09 00:00:00-04:00,152.5049459165814,152.5049459165814,150.220019730637,151.29281616210938,670500,0.0,0.0
2015-10-12 00:00:00-04:00,151.39033409345902,153.24334587098306,151.39033409345902,152.74874877929688,423400,0.0,0.0
2015-10-13 00:00:00-04:00,151.98242036023424,152.8810710573424,150.56131241804596,151.20916748046875,416200,0.0,0.0
2015-10-14 00:00:00-04:00,151.61324559549033,152.24717598100358,150.74246560318264,151.20223999023438,664800,0.0,0.0
2015-10-15 00:00:00-04:00,151.80829720377656,152.95773315429688,151.3415604104035,152.95773315429688,457800,0.0,0.0
2015-10-16 00:00:00-04:00,153.77973786750096,154.78984047501788,153.22940962080293,154.1698455810547,528200,0.0,0.0
2015-10-19 00:00:00-04:00,154.21166037117675,157.3813018798828,154.21166037117675,157.3813018798828,642700,0.0,0.0
2015-10-20 00:00:00-04:00,157.35347378714758,158.8233512378058,156.82403260533383,158.23121643066406,589400,0.0,0.0
2015-10-21 00:00:00-04:00,158.91389991000025,159.5129971125306,158.22424879486442,158.4332275390625,567400,0.0,0.0
2015-10-22 00:00:00-04:00,159.4364048143402,161.0177449980067,158.76067837315577,160.24449157714844,685600,0.0,0.0
2015-10-23 00:00:00-04:00,159.87522425243546,161.1291497058335,159.09500869460547,160.15386962890625,615800,0.0,0.0
2015-10-26 00:00:00-04:00,160.65541517175916,161.3172164412514,159.36666721617763,160.64845275878906,472400,0.0,0.0
2015-10-27 00:00:00-04:00,160.39770114953822,162.30645503549098,160.14691604503085,162.27162170410156,610400,0.0,0.0
2015-10-28 00:00:00-04:00,162.37605172972198,162.8149281596364,158.2590021976159,161.3380889892578,807900,0.0,0.0
2015-10-29 00:00:00-04:00,159.16466404011757,160.2374710571647,157.94557192142565,159.45724487304688,815500,0.0,0.0
2015-10-30 00:00:00-04:00,159.97270775310895,160.0632722592051,158.27294378118154,159.84732055664062,1062500,0.0,0.0
2015-11-02 00:00:00-05:00,159.72888052654568,163.93649460260878,159.22732112553052,163.88772583007812,919900,0.0,0.0
2015-11-03 00:00:00-05:00,163.44887363530012,163.859879196696,160.82956089498762,162.7731475830078,788100,0.0,0.0
2015-11-04 00:00:00-05:00,162.78710127929992,163.15632180138823,160.850487289973,161.37295532226562,493700,0.0,0.0
2015-11-05 00:00:00-05:00,160.94106949218428,161.79095176842193,160.5370262272811,161.68646240234375,461000,0.0,0.0
2015-11-06 00:00:00-05:00,159.77768770188763,161.13610243238452,156.78917529479452,158.23814392089844,772400,0.0,0.0
2015-11-09 00:00:00-05:00,157.99434486489508,158.74670015349457,155.13818185982143,158.21029663085938,816200,0.0,0.0
2015-11-10 00:00:00-05:00,158.34266159514544,160.2165821431039,157.91772046482907,159.78466796875,680300,0.0,0.0
2015-11-11 00:00:00-05:00,159.1507258955465,160.4882427182982,159.1507258955465,159.41543579101562,502600,0.0,0.0
2015-11-12 00:00:00-05:00,159.26218204354203,160.30711808661587,158.4541062487573,159.12982177734375,507200,0.0,0.0
2015-11-13 00:00:00-05:00,158.9765895527934,160.22354200702378,157.19322293894794,157.6181640625,666900,0.0,0.0
2015-11-16 00:00:00-05:00,157.61817939470285,159.75682067871094,157.33257156621713,159.75682067871094,553100,0.0,0.0
2015-11-17 00:00:00-05:00,159.7568309184759,162.26467168984055,159.47817485745196,161.205810546875,503800,0.0,0.0
2015-11-18 00:00:00-05:00,162.12530517578125,162.83586465238145,159.7010565628169,162.12530517578125,591400,0.0,0.0
2015-11-19 00:00:00-05:00,162.36910768657935,163.70662436326742,162.00686026488125,163.2259521484375,641600,0.0,0.0
2015-11-20 00:00:00-05:00,164.15946168406327,165.48305382581182,163.70666027982614,164.87698364257812,789100,0.0,0.0
2015-11-23 00:00:00-05:00,165.06509873277773,165.796556253944,164.61925967896119,165.12779235839844,459500,0.0,0.0
2015-11-24 00:00:00-05:00,164.50080423004425,165.90101475654168,163.87384683122798,165.6781005859375,761700,0.0,0.0
2015-11-25 00:00:00-05:00,165.7965220620009,167.7052757645109,165.7965220620009,166.72999572753906,573500,0.0,0.0
2015-11-27 00:00:00-05:00,166.57675155472248,168.9870756201402,166.50012247846132,167.74708557128906,291900,0.0,0.0
2015-11-30 00:00:00-05:00,168.1510702009873,168.9939791163476,166.31894605344885,167.2315216064453,1175700,0.0,0.0
2015-12-01 00:00:00-05:00,168.51334248430706,169.37716007680106,167.5032398034244,169.35626220703125,687800,0.0,0.0
2015-12-02 00:00:00-05:00,168.5830091489198,170.10861742005926,167.1549278132595,167.29425048828125,818900,0.0,0.0
2015-12-03 00:00:00-05:00,166.75790013821256,168.6318208890922,163.99926369963035,164.98150634765625,1246400,0.0,0.0
2015-12-04 00:00:00-05:00,165.90796930448815,169.1820998781778,165.90796930448815,168.51333618164062,1056200,0.0,0.0
2015-12-07 00:00:00-05:00,168.92437620250686,169.8857102002937,168.2765102836985,169.38414001464844,684400,0.0,0.0
2015-12-08 00:00:00-05:00,169.18907553287684,171.89198018303483,167.82369838047478,171.5088348388672,1301800,0.0,0.0
2015-12-09 00:00:00-05:00,171.94072893177758,171.94072893177758,168.59693183631006,169.1124267578125,830300,0.0,0.0
2015-12-10 00:00:00-05:00,169.40504404576978,170.2061681409657,167.6356235034846,167.81674194335938,755400,0.0,0.0
2015-12-11 00:00:00-05:00,167.67642274002876,169.84428689156553,166.84856938967548,169.76010131835938,913800,1.7,0.0
2015-12-14 00:00:00-05:00,169.57764954013618,175.08500529448918,169.57764954013618,174.75526428222656,1148500,0.0,0.0
2015-12-15 00:00:00-05:00,175.99005378766626,176.61445497022225,173.05045348034457,173.1556854248047,953500,0.0,0.0
2015-12-16 00:00:00-05:00,173.9274443981637,175.8988682492053,173.43634408556713,175.28147888183594,1051700,0.0,0.0
2015-12-17 00:00:00-05:00,174.25721195480233,175.30957451536966,173.07154842373345,173.68191528320312,901100,0.0,0.0
2015-12-18 00:00:00-05:00,173.30305579436978,175.211340610009,172.34891338655018,174.509765625,1734900,0.0,0.0
2015-12-21 00:00:00-05:00,175.75151950098805,176.41802420176427,174.86753900521876,175.8427276611328,722700,0.0,0.0
2015-12-22 00:00:00-05:00,176.58640001785258,177.400229470308,174.13791047054252,174.3343505859375,1020600,0.0,0.0
2015-12-23 00:00:00-05:00,174.60799568499843,175.3586753952126,173.10662555938478,174.43260192871094,819500,0.0,0.0
2015-12-24 00:00:00-05:00,174.81140216009658,175.06396953151574,173.55558790274017,174.16595458984375,310800,0.0,0.0
2015-12-28 00:00:00-05:00,173.85028012170562,176.6565800083992,173.30305250021513,176.21458435058594,509600,0.0,0.0
2015-12-29 00:00:00-05:00,177.30900982468665,178.15089750831106,176.18649648158166,176.94419860839844,689300,0.0,0.0
2015-12-30 00:00:00-05:00,176.930136717103,177.1125422970025,175.33054715435043,175.71641540527344,516300,0.0,0.0
2015-12-31 00:00:00-05:00,175.74451750839802,175.98305041201962,173.7520473042934,173.7801055908203,517900,0.0,0.0
2016-01-04 00:00:00-05:00,171.1281563362931,172.92418645156116,169.88636570769606,171.44386291503906,1220900,0.0,0.0
2016-01-05 00:00:00-05:00,171.7455385217433,176.9863039074222,171.43684385136694,176.28472900390625,776000,0.0,0.0
2016-01-06 00:00:00-05:00,175.3937397553998,178.05972674071873,175.14117234194464,176.56536865234375,589800,0.0,0.0
2016-01-07 00:00:00-05:00,174.32733104859184,176.71269217130177,174.26419187578767,174.72723388671875,633700,0.0,0.0
2016-01-08 00:00:00-05:00,175.53404151219752,176.3689173734975,173.14869108435494,173.4503631591797,600600,0.0,0.0
2016-01-11 00:00:00-05:00,174.13086981745025,176.4250224978354,174.05369615831856,175.1621856689453,818100,0.0,0.0
2016-01-12 00:00:00-05:00,175.47787383322014,176.28469122245593,173.99053878219163,175.51295471191406,856000,0.0,0.0
2016-01-13 00:00:00-05:00,175.73749328898288,178.66305921640307,174.62900370819148,174.9376983642578,849400,0.0,0.0
2016-01-14 00:00:00-05:00,175.23238417939834,176.55836045149076,172.8891156312881,175.20431518554688,1070400,0.0,0.0
2016-01-15 00:00:00-05:00,173.80814519095284,177.76502664351239,172.7978757638854,174.3764190673828,1273900,0.0,0.0
2016-01-19 00:00:00-05:00,175.47795970271136,177.3441520285588,173.86434554498595,175.7024688720703,901600,0.0,0.0
2016-01-20 00:00:00-05:00,174.50973711747451,175.33057843122202,168.03419335593918,168.5814208984375,1336500,0.0,0.0
2016-01-21 00:00:00-05:00,169.22688572413372,171.65432887440716,168.469183550266,169.12164306640625,748700,0.0,0.0
2016-01-22 00:00:00-05:00,170.33535077799633,174.8464825681338,170.20206055068337,173.80113220214844,778500,0.0,0.0
2016-01-25 00:00:00-05:00,173.97657645432034,176.43911171065452,172.8540628067694,173.64683532714844,918000,0.0,0.0
2016-01-26 00:00:00-05:00,173.1837934667368,177.87732123616144,172.85405235949443,177.82821655273438,983600,0.0,0.0
2016-01-27 00:00:00-05:00,177.5124824247075,178.1438955463356,173.26795218101137,174.11685180664062,978900,0.0,0.0
2016-01-28 00:00:00-05:00,174.62902097070923,177.16871882910203,173.6257632393191,174.7342529296875,736700,0.0,0.0
2016-01-29 00:00:00-05:00,176.64953635497494,179.58212495377146,174.74126250821354,177.89132690429688,978900,0.0,0.0
2016-02-01 00:00:00-05:00,177.59669758739935,179.92592105369596,176.53732317626017,178.2561798095703,675800,0.0,0.0
2016-02-02 00:00:00-05:00,178.22810518600176,179.68738244521165,176.6916649551131,179.05596923828125,774600,0.0,0.0
2016-02-03 00:00:00-05:00,179.77156015355075,180.99231513793885,175.4919593384093,177.5756378173828,708600,0.0,0.0
2016-02-04 00:00:00-05:00,177.29507884573692,177.38627634495768,172.30687859519122,172.74185180664062,930500,0.0,0.0
2016-02-05 00:00:00-05:00,172.4120598965854,172.4120598965854,166.08385026528939,166.36448669433594,1188600,0.0,0.0
2016-02-08 00:00:00-05:00,164.8701370272336,165.54365378664784,157.65093446087602,160.6466522216797,1418200,0.0,0.0
2016-02-09 00:00:00-05:00,160.0432957981352,165.10165658155188,158.52087923550323,163.41085815429688,1061000,0.0,0.0
2016-02-10 00:00:00-05:00,165.09458067153233,167.61323153660643,164.60346976643385,165.48043823242188,856000,0.0,0.0
2016-02-11 00:00:00-05:00,164.6736808158737,166.2171436369653,162.02172823735853,164.7508544921875,1388100,0.0,0.0
2016-02-12 00:00:00-05:00,166.3925486320491,166.63108157307855,161.250002375933,163.8949432373047,1040700,0.0,0.0
2016-02-16 00:00:00-05:00,165.72602392564414,167.93598058112082,164.21061957065152,167.10110473632812,838400,0.0,0.0
2016-02-17 00:00:00-05:00,170.45467006379081,175.007885052052,170.02670887716374,172.6646270751953,1093900,0.0,0.0
2016-02-18 00:00:00-05:00,172.23660721519556,173.84320873922445,171.59817160087735,173.092529296875,528300,0.0,0.0
2016-02-19 00:00:00-05:00,172.79089693959614,178.42455387208238,171.2263877332262,176.77584838867188,1084800,0.0,0.0
2016-02-22 00:00:00-05:00,177.73000795507858,178.86655610564836,176.60047170111253,177.94749450683594,520100,0.0,0.0
2016-02-23 00:00:00-05:00,177.73001773659428,180.15747224328337,177.57567036133267,178.00363159179688,521200,0.0,0.0
2016-02-24 00:00:00-05:00,177.11962239311268,178.50873784219513,173.88536133938896,175.33761596679688,589800,0.0,0.0
2016-02-25 00:00:00-05:00,176.27070344272008,179.0770031990221,175.5761403991691,178.97177124023438,756000,0.0,0.0
2016-02-26 00:00:00-05:00,178.73317727278297,179.60313380602105,177.715896038746,178.22804260253906,907000,0.0,0.0
2016-02-29 00:00:00-05:00,178.20003355233274,178.85951570429285,174.89561089704594,175.0359344482422,953700,0.0,0.0
2016-03-01 00:00:00-05:00,175.20429524070622,178.90159792868369,175.20429524070622,178.83143615722656,741400,0.0,0.0
2016-03-02 00:00:00-05:00,178.83145921185448,180.15042360796704,178.52277521112478,179.72247314453125,556400,0.0,0.0
2016-03-03 00:00:00-05:00,179.60317170201873,180.27667760099868,175.40775686049318,177.64578247070312,587900,0.0,0.0
2016-03-04 00:00:00-05:00,177.37919713269304,177.74401910669408,174.23614433218015,175.35865783691406,824400,0.0,0.0
2016-03-07 00:00:00-05:00,175.0920043960388,175.8496956574456,173.75900603243548,175.7935791015625,561200,0.0,0.0
2016-03-08 00:00:00-05:00,175.68136726478753,177.51247811931714,174.2711949127394,174.63601684570312,751800,0.0,0.0
2016-03-09 00:00:00-05:00,175.14114986185868,176.46712593600765,174.5869104256516,175.31654357910156,511900,0.0,0.0
2016-03-10 00:00:00-05:00,176.03218888211063,177.722987230774,173.91342934779357,175.3937530517578,736600,0.0,0.0
2016-03-11 00:00:00-05:00,176.9302016266075,180.38896125109474,176.53029873661845,180.17849731445312,679700,0.0,0.0
2016-03-14 00:00:00-04:00,180.3197549852187,183.78037567101217,180.0866911922787,183.42018127441406,932500,1.7,0.0
2016-03-15 00:00:00-04:00,182.86224299103617,186.68303617976497,182.3890460503763,186.1039276123047,739700,0.0,0.0
2016-03-16 00:00:00-04:00,185.3340913457739,189.7198967901017,184.225273931128,189.296142578125,819200,0.0,0.0
2016-03-17 00:00:00-04:00,188.76648704262246,191.1677325781542,188.37098879220727,190.51092529296875,603700,0.0,0.0
2016-03-18 00:00:00-04:00,190.7580998665821,191.96578114532218,188.98540574322956,190.29904174804688,1100900,0.0,0.0
2016-03-21 00:00:00-04:00,189.31027756681598,191.3937233984566,186.32990211893255,186.63360595703125,753100,0.0,0.0
2016-03-22 00:00:00-04:00,185.82847468183533,187.62235550556917,185.13636355723344,186.3793487548828,575700,0.0,0.0
2016-03-23 00:00:00-04:00,186.697107776008,188.68873705228134,185.87078616460784,187.29742431640625,605600,0.0,0.0
2016-03-24 00:00:00-04:00,186.30166146130998,188.65346407308814,186.0474002975028,188.34271240234375,568500,0.0,0.0
2016-03-28 00:00:00-04:00,188.76647722416186,191.67622343788594,188.76647722416186,190.58859252929688,473700,0.0,0.0
2016-03-29 00:00:00-04:00,190.69454088052987,193.96448134002964,189.8470323860504,193.87266540527344,680100,0.0,0.0
2016-03-30 00:00:00-04:00,194.21872216224548,194.28935146272997,192.56609998548385,192.95452880859375,548000,0.0,0.0
2016-03-31 00:00:00-04:00,193.4559827759454,195.51115102554616,193.08871903270233,194.80490112304688,623200,0.0,0.0
2016-04-01 00:00:00-04:00,194.64954318707427,195.4687957356962,193.06048076028205,194.5859832763672,709600,0.0,0.0
2016-04-04 00:00:00-04:00,194.5012428373787,195.67362040655263,193.35712130264153,195.1156768798828,575800,0.0,0.0
2016-04-05 00:00:00-04:00,194.31050826894756,195.48993334914238,192.74263287223738,193.40650939941406,524600,0.0,0.0
2016-04-06 00:00:00-04:00,193.4065086109728,193.56893226815114,190.94168219661825,193.32176208496094,549400,0.0,0.0
2016-04-07 00:00:00-04:00,193.1734745226447,193.96449255464415,191.79630008078564,193.3924102783203,678100,0.0,0.0
2016-04-08 00:00:00-04:00,193.68906440874068,194.77669545431,192.9051372464743,193.5478057861328,450500,0.0,0.0
2016-04-11 00:00:00-04:00,194.10568887862325,194.26106469388932,191.93749685973935,192.27650451660156,383000,0.0,0.0
2016-04-12 00:00:00-04:00,192.80625697643694,195.5182544882022,192.14944962540073,195.0380096435547,604100,0.0,0.0
2016-04-13 00:00:00-04:00,196.01256659441248,196.0549398562388,190.8428131212739,192.036376953125,631300,0.0,0.0
2016-04-14 00:00:00-04:00,191.4007878579777,192.19178427915108,187.85539964824093,188.67465209960938,625300,0.0,0.0
2016-04-15 00:00:00-04:00,188.9642417999688,189.81175039214057,188.05317329633996,189.2326202392578,987300,0.0,0.0
2016-04-18 00:00:00-04:00,189.23261528830986,192.622606462226,188.6605545471245,192.52374267578125,576300,0.0,0.0
2016-04-19 00:00:00-04:00,192.74263299115043,192.74263299115043,185.71543895156617,186.08270263671875,921600,0.0,0.0
2016-04-20 00:00:00-04:00,186.3864402779125,187.05031700283794,184.4583700168368,185.59544372558594,911300,0.0,0.0
2016-04-21 00:00:00-04:00,185.8779319429626,186.39350218186073,179.9948683802338,180.1573028564453,968300,0.0,0.0
2016-04-22 00:00:00-04:00,180.65869708760852,181.61919722589332,179.06963507198034,181.4638214111328,785000,0.0,0.0
2016-04-25 00:00:00-04:00,179.76178910033514,182.69979131834933,178.76597413882018,182.55853271484375,745000,0.0,0.0
2016-04-26 00:00:00-04:00,182.9187134513348,183.15883581699163,180.10077263483547,181.3720245361328,919100,0.0,0.0
2016-04-27 00:00:00-04:00,179.50047885655357,179.65585469813462,173.7374770320528,175.2982940673828,1244200,0.0,0.0
2016-04-28 00:00:00-04:00,174.88157916023255,177.70657847545294,174.76151798251774,175.86326599121094,801200,0.0,0.0
2016-04-29 00:00:00-04:00,174.88162502414875,175.37600865518158,170.75006890802004,172.89706420898438,883900,0.0,0.0
2016-05-02 00:00:00-04:00,173.2007498051599,179.1473733720887,173.03124592960017,178.3775634765625,997900,0.0,0.0
2016-05-03 00:00:00-04:00,177.8407713284887,180.70814396822703,177.31815334138443,178.85777282714844,915500,0.0,0.0
2016-05-04 00:00:00-04:00,178.18685005514604,183.59671604221302,177.8619703628878,181.84523010253906,1081900,0.0,0.0
2016-05-05 00:00:00-04:00,181.16725766826502,184.1547031817562,180.19969853435853,183.66738891601562,788100,0.0,0.0
2016-05-06 00:00:00-04:00,183.82977969411502,186.5205899013402,183.15176431918198,185.962646484375,743700,0.0,0.0
2016-05-09 00:00:00-04:00,186.27341793073117,187.4740514258124,185.43297879478175,187.0008544921875,734500,0.0,0.0
2016-05-10 00:00:00-04:00,187.9684174777036,188.80885663169713,185.81436377897,187.11386108398438,632100,0.0,0.0
2016-05-11 00:00:00-04:00,187.33986804246183,187.35398528232358,181.58391372570537,183.11648559570312,568800,0.0,0.0
2016-05-12 00:00:00-04:00,183.86509502399713,187.67884014527104,181.79578800498288,186.93728637695312,830200,0.0,0.0
2016-05-13 00:00:00-04:00,187.19857771747522,187.19857771747522,184.8397058779156,184.95977783203125,500700,0.0,0.0
2016-05-16 00:00:00-04:00,184.96680263188065,187.73531109656068,184.64900318063692,187.13499450683594,428200,0.0,0.0
2016-05-17 00:00:00-04:00,187.14919156336873,187.6012019352996,181.88764168705123,182.3820037841797,826900,0.0,0.0
2016-05-18 00:00:00-04:00,181.76755479665806,182.27605564687656,177.1698712838288,179.2603759765625,1074300,0.0,0.0
2016-05-19 00:00:00-04:00,177.44529437093016,178.63885847323036,175.54548034078547,176.42123413085938,1183700,0.0,0.0
2016-05-20 00:00:00-04:00,177.50176744749808,178.92839509243137,176.54832588583363,178.2433319091797,784900,0.0,0.0
2016-05-23 00:00:00-04:00,178.45519354593839,179.07669681582797,177.33225895499243,177.8831329345703,508400,0.0,0.0
2016-05-24 00:00:00-04:00,178.28570260794964,180.7646355454762,178.28570260794964,179.6628875732422,680400,0.0,0.0
2016-05-25 00:00:00-04:00,179.65584684803846,180.0372170392889,177.58652910822946,178.9213409423828,624700,0.0,0.0
2016-05-26 00:00:00-04:00,178.70947940090502,180.35504304807162,177.9749842077477,179.48635864257812,488900,0.0,0.0
2016-05-27 00:00:00-04:00,179.4651680867319,181.1178010941473,179.4651680867319,180.25616455078125,373800,0.0,0.0
2016-05-31 00:00:00-04:00,180.482144795718,180.91295761969846,177.91139586574909,179.18264770507812,1306000,0.0,0.0
2016-06-01 00:00:00-04:00,178.70241878338308,181.59804780468323,178.18685935231912,181.35792541503906,696100,0.0,0.0
2016-06-02 00:00:00-04:00,180.48924506368076,182.23368339475746,179.57111792471625,182.19837951660156,602900,0.0,0.0
2016-06-03 00:00:00-04:00,182.41022642382399,184.6843520027673,182.41022642382399,183.80860900878906,759000,0.0,0.0
2016-06-06 00:00:00-04:00,183.98520153915283,185.560125306345,181.01894280278884,181.7958221435547,714600,0.0,0.0
2016-06-07 00:00:00-04:00,181.60511040931186,183.08821796323514,180.42566358792396,180.58103942871094,845900,0.0,0.0
2016-06-08 00:00:00-04:00,180.15021113544012,181.44971903591852,173.75864790489578,177.97496032714844,1502900,0.0,0.0
2016-06-09 00:00:00-04:00,176.80967430034917,178.52585645765842,172.59336135578806,173.3349151611328,1524300,0.0,0.0
2016-06-10 00:00:00-04:00,172.32499258958867,172.74167748530542,169.9519922605729,170.76417541503906,1837500,0.0,0.0
2016-06-13 00:00:00-04:00,171.17686591462493,172.89880834080984,170.86378349943757,171.02032470703125,919200,1.8,0.0
2016-06-14 00:00:00-04:00,171.12706392876532,171.49707143137095,169.35530788214717,169.43357849121094,1081800,0.0,0.0
2016-06-15 00:00:00-04:00,170.75701844523203,174.14398856698804,169.49758827590003,173.21185302734375,1282800,0.0,0.0
2016-06-16 00:00:00-04:00,172.7351456625226,175.7236517458241,172.33668108004122,173.85227966308594,1038400,0.0,0.0
2016-06-17 00:00:00-04:00,173.63880983036913,173.77400549465497,170.130888406867,171.72474670410156,1166600,0.0,0.0
2016-06-20 00:00:00-04:00,172.6995646857588,174.42150699862722,171.18396621076914,171.44723510742188,953100,0.0,0.0
2016-06-21 00:00:00-04:00,172.4505136262614,173.1905176529564,171.52550044988428,171.5681915283203,734700,0.0,0.0
2016-06-22 00:00:00-04:00,171.53976758853923,171.65361772460648,169.38378085199363,170.86380004882812,866500,0.0,0.0
2016-06-23 00:00:00-04:00,172.05205834711248,173.52495491917387,170.92781283927857,171.48281860351562,894800,0.0,0.0
2016-06-24 00:00:00-04:00,167.19929446888875,174.61361217206414,167.19929446888875,171.71051025390625,1362600,0.0,0.0
2016-06-27 00:00:00-04:00,171.19108910656394,178.8259961884658,171.1128185027354,178.0361785888672,1454000,0.0,0.0
2016-06-28 00:00:00-04:00,178.5983072231867,180.86814402029026,177.99348789562788,180.1210174560547,970900,0.0,0.0
2016-06-29 00:00:00-04:00,180.77564605312946,182.7252780674499,179.8862122196339,180.7400665283203,696400,0.0,0.0
2016-06-30 00:00:00-04:00,180.97485461330592,181.96390447206278,179.075025497162,181.86428833007812,880100,0.0,0.0
2016-07-01 00:00:00-04:00,182.54028050869363,182.85336293795825,179.13196416697195,180.6190948486328,656700,0.0,0.0
2016-07-05 00:00:00-04:00,180.52659818576873,185.0022241386603,180.52659818576873,184.8172149658203,1009000,0.0,0.0
2016-07-06 00:00:00-04:00,184.52545890211547,185.59277931504442,183.0881418966593,183.67161560058594,946200,0.0,0.0
2016-07-07 00:00:00-04:00,183.14515867826367,183.14515867826367,179.55895442725455,180.5764617919922,703300,0.0,0.0
2016-07-08 00:00:00-04:00,181.22390191786863,183.3727659783361,180.5692799997118,183.1094970703125,912800,0.0,0.0
2016-07-11 00:00:00-04:00,183.66453137642375,184.07011842920608,181.1812389812966,182.5545196533203,652300,0.0,0.0
2016-07-12 00:00:00-04:00,182.50467594199134,183.36566341288847,180.0427294984125,182.0137176513672,625700,0.0,0.0
2016-07-13 00:00:00-04:00,182.54734886624024,182.88889919619615,181.32349818460256,182.47621154785156,672600,0.0,0.0
2016-07-14 00:00:00-04:00,183.14510199079837,183.14510199079837,179.35966654833703,180.7827606201172,636600,0.0,0.0
2016-07-15 00:00:00-04:00,180.78277353565758,181.03180850160308,178.1642746106905,179.0394744873047,662200,0.0,0.0
2016-07-18 00:00:00-04:00,179.5090919461472,179.7367922175305,178.0504182974692,178.7761993408203,716700,0.0,0.0
2016-07-19 00:00:00-04:00,179.06791483680126,179.4379114475511,177.1467401703787,179.40945434570312,714700,0.0,0.0
2016-07-20 00:00:00-04:00,179.49486835562863,179.64429802454256,178.43467012049757,179.25294494628906,379500,0.0,0.0
2016-07-21 00:00:00-04:00,179.0963705356652,179.1604071573304,177.70885611285962,179.060791015625,659500,0.0,0.0
2016-07-22 00:00:00-04:00,179.14620977036518,181.59393344086178,178.69082007752954,180.54795837402344,636800,0.0,0.0
2016-07-25 00:00:00-04:00,181.04602085329563,181.5654471244901,177.81559138540035,179.28138732910156,417500,0.0,0.0
2016-07-26 00:00:00-04:00,179.0679445086671,179.4592975823323,177.36734738614646,178.19273376464844,593600,0.0,0.0
2016-07-27 00:00:00-04:00,178.05042480058745,178.05042480058745,174.82711736034685,176.5917510986328,914700,0.0,0.0
2016-07-28 00:00:00-04:00,174.15113927753833,174.15113927753833,168.13856891828155,169.7893524169922,1647000,0.0,0.0
2016-07-29 00:00:00-04:00,169.71107074197357,173.5747765905221,169.3908767640453,170.0028076171875,1365100,0.0,0.0
2016-08-01 00:00:00-04:00,169.9032106898571,170.27321821107006,168.13857697363252,170.0384063720703,933300,0.0,0.0
2016-08-02 00:00:00-04:00,169.07067682283054,169.319722606516,166.23872290810257,166.75103759765625,900500,0.0,0.0
2016-08-03 00:00:00-04:00,166.95028790354235,166.95028790354235,164.50256431308125,166.11065673828125,1073400,0.0,0.0
2016-08-04 00:00:00-04:00,166.1889329610986,166.1889329610986,162.90158895169367,164.04718017578125,1145000,0.0,0.0
2016-08-05 00:00:00-04:00,164.2179262335828,166.93604096658407,163.02253249325557,165.6196746826172,964600,0.0,0.0
2016-08-08 00:00:00-04:00,165.43464462048578,166.56600151986993,163.7553935999368,164.0115509033203,816600,0.0,0.0
2016-08-09 00:00:00-04:00,163.81235468294935,165.5271855950828,162.5884929484043,164.96505737304688,731800,0.0,0.0
2016-08-10 00:00:00-04:00,164.70888318792584,165.66236434233093,164.4385027328062,165.27101135253906,847700,0.0,0.0
2016-08-11 00:00:00-04:00,164.57368918367106,165.7619821438793,162.94425144643841,164.2463836669922,833100,0.0,0.0
2016-08-12 00:00:00-04:00,164.2606214988766,166.06794601588814,163.3427198323169,163.77676391601562,525600,0.0,0.0
2016-08-15 00:00:00-04:00,163.9546596008486,164.2250509371184,162.48176294621388,163.00830078125,686700,0.0,0.0
2016-08-16 00:00:00-04:00,162.38215684393867,162.80196699712283,161.20098613673068,161.90541076660156,544200,0.0,0.0
2016-08-17 00:00:00-04:00,162.31810127017542,162.8731070722029,160.9590547257647,162.16156005859375,645400,0.0,0.0
2016-08-18 00:00:00-04:00,162.1544564032337,162.23272701284077,160.31866371573315,161.336181640625,544700,0.0,0.0
2016-08-19 00:00:00-04:00,160.78118951531056,161.2863818825498,158.54693202750514,159.40789794921875,1224300,0.0,0.0
2016-08-22 00:00:00-04:00,160.00559693996016,161.56388686545495,159.4078999666422,161.36465454101562,786100,0.0,0.0
2016-08-23 00:00:00-04:00,161.89118532711578,162.00502460175426,160.96617200509638,161.17251586914062,683200,0.0,0.0
2016-08-24 00:00:00-04:00,161.15825428566725,161.16536584571432,158.73187685635563,159.33668518066406,757900,0.0,0.0
2016-08-25 00:00:00-04:00,159.6996204594266,162.34657633446045,159.63558383116276,160.6246337890625,688900,0.0,0.0
2016-08-26 00:00:00-04:00,160.6815718409364,161.7133129677251,157.61479471008042,159.3865509033203,655600,0.0,0.0
2016-08-29 00:00:00-04:00,159.8063481731996,161.0515555015009,159.31537897515113,160.6246337890625,629500,0.0,0.0
2016-08-30 00:00:00-04:00,160.76695632173684,160.89502959044924,157.8353856928376,159.222900390625,729700,0.0,0.0
2016-08-31 00:00:00-04:00,159.13750207564618,160.86656714734255,158.219611108278,159.34385681152344,1004200,0.0,0.0
2016-09-01 00:00:00-04:00,159.5644158136418,162.32522166639566,158.98094205822656,160.8878936767578,770300,0.0,0.0
2016-09-02 00:00:00-04:00,160.88077632371255,163.07945388345428,159.79211031423478,161.37173461914062,665300,0.0,0.0
2016-09-06 00:00:00-04:00,161.27927505727286,161.27927505727286,157.6076892614901,159.6498260498047,1208700,0.0,0.0
2016-09-07 00:00:00-04:00,159.60713901365972,161.18677455063886,158.99520803215117,160.7598419189453,728400,0.0,0.0
2016-09-08 00:00:00-04:00,160.16927170484107,160.3542700596968,158.34059027332245,158.67501831054688,1401200,0.0,0.0
2016-09-09 00:00:00-04:00,157.78555581245163,158.77460576182997,155.3947573284178,155.5299530029297,1017600,0.0,0.0
2016-09-12 00:00:00-04:00,155.5155922608975,158.07691269580883,154.80531858709708,157.12269592285156,1260900,1.8,0.0
2016-09-13 00:00:00-04:00,155.90302994536134,156.96486066321262,154.05199406373643,154.07351684570312,1183800,0.0,0.0
2016-09-14 00:00:00-04:00,154.2026232159023,155.23576033714673,153.90129338012204,154.32460021972656,812600,0.0,0.0
2016-09-15 00:00:00-04:00,154.04482191353392,154.61160674549285,153.1695256306366,154.10939025878906,909400,0.0,0.0
2016-09-16 00:00:00-04:00,153.64301899138053,155.05640654025825,153.47800736895994,154.2241668701172,1266500,0.0,0.0
2016-09-19 00:00:00-04:00,154.20262895573458,155.4366526800995,153.9586968339988,155.02053833007812,1036600,0.0,0.0
2016-09-20 00:00:00-04:00,154.95594048224737,156.47695265068904,154.20261048126144,155.5729522705078,850700,0.0,0.0
2016-09-21 00:00:00-04:00,155.40795103864846,156.46978153084507,152.59552833519766,156.06800842285156,794900,0.0,0.0
2016-09-22 00:00:00-04:00,156.34070603761558,159.7486191264987,156.34070603761558,159.13160705566406,886500,0.0,0.0
2016-09-23 00:00:00-04:00,157.73252960285228,160.02120248775535,156.48415361767994,159.36114501953125,623800,0.0,0.0
2016-09-26 00:00:00-04:00,159.17465415468422,161.27679320435607,158.9665969073193,160.67413330078125,600100,0.0,0.0
2016-09-27 00:00:00-04:00,161.4274188404087,161.59243046992404,159.76291753356656,159.949462890625,649100,0.0,0.0
2016-09-28 00:00:00-04:00,160.46605725106693,162.2238205709473,159.8203409036114,162.02293395996094,1009000,0.0,0.0
2016-09-29 00:00:00-04:00,161.21937097798013,162.9699525587852,159.77010833524582,161.42025756835938,1171400,0.0,0.0
2016-09-30 00:00:00-04:00,162.41034930620847,163.4147932733612,159.99969911154037,160.0929718017578,1298900,0.0,0.0
2016-10-03 00:00:00-04:00,159.70553649333917,159.70553649333917,155.32905526843942,155.37210083007812,742300,0.0,0.0
2016-10-04 00:00:00-04:00,157.05811523662925,157.05811523662925,151.67001985740515,152.5740203857422,856400,0.0,0.0
2016-10-05 00:00:00-04:00,153.16954642140374,154.14528613408575,149.45312202034287,149.86924743652344,985000,0.0,0.0
2016-10-06 00:00:00-04:00,150.32121302569675,152.91122667454087,148.55626845840382,151.55523681640625,889100,0.0,0.0
2016-10-07 00:00:00-04:00,152.0717994613048,154.00892619018575,151.3543443063491,152.13636779785156,713100,0.0,0.0
2016-10-10 00:00:00-04:00,152.07180130406707,152.58835895019752,151.3973916986369,151.80633544921875,425000,0.0,0.0
2016-10-11 00:00:00-04:00,151.07453240332123,151.8852492582012,149.96964536941917,150.46469116210938,526400,0.0,0.0
2016-10-12 00:00:00-04:00,150.94540713139733,153.0260229432387,150.2423040632403,152.6529541015625,686100,0.0,0.0
2016-10-13 00:00:00-04:00,151.64850188759155,154.32461766167438,151.46913808786738,153.70042419433594,546300,0.0,0.0
2016-10-14 00:00:00-04:00,154.06632596238842,154.76942895828356,152.9829616576195,153.67889404296875,599100,0.0,0.0
2016-10-17 00:00:00-04:00,153.69322203375523,154.73352966910463,153.25557401436745,154.33175659179688,541600,0.0,0.0
2016-10-18 00:00:00-04:00,154.74077904963727,155.30757495954276,153.3058682159537,154.84840393066406,611400,0.0,0.0
2016-10-19 00:00:00-04:00,154.90574399862112,154.90574399862112,153.0188334517173,154.38917541503906,671200,0.0,0.0
2016-10-20 00:00:00-04:00,154.66183990972502,155.29319311160265,152.71036067301497,153.62152099609375,572900,0.0,0.0
2016-10-21 00:00:00-04:00,152.8681618889948,153.73627642074925,151.31845626103322,151.4188995361328,847000,0.0,0.0
2016-10-24 00:00:00-04:00,151.1534873903916,152.8251596641414,150.47908855949024,151.74180603027344,1020400,0.0,0.0
2016-10-25 00:00:00-04:00,150.68712213511446,152.40183970890854,150.49340615636004,152.35162353515625,704900,0.0,0.0
2016-10-26 00:00:00-04:00,152.1363777713446,153.35604942522698,151.3041271096375,153.0188446044922,782600,0.0,0.0
2016-10-27 00:00:00-04:00,150.75166930671787,151.29694221515038,143.95736830951174,145.1053009033203,2070600,0.0,0.0
2016-10-28 00:00:00-04:00,146.13849387769773,149.86925981159936,146.13849387769773,149.05136108398438,1185100,0.0,0.0
2016-10-31 00:00:00-04:00,150.0127273785675,153.44216286714902,149.2307037220393,153.3345489501953,1183300,0.0,0.0
2016-11-01 00:00:00-04:00,153.0044863410284,153.0044863410284,147.07831054973326,147.59487915039062,1332600,0.0,0.0
2016-11-02 00:00:00-04:00,147.98228665104665,149.10869642552709,147.171569823216,147.26483154296875,758500,0.0,0.0
2016-11-03 00:00:00-04:00,147.30077885649726,147.30077885649726,145.48561741707414,146.188720703125,811900,0.0,0.0
2016-11-04 00:00:00-04:00,146.36806087473548,147.65231207185337,145.14121836637116,147.39402770996094,933400,0.0,0.0
2016-11-07 00:00:00-05:00,149.43161087625677,152.00010253983376,148.30521158311726,151.90682983398438,610500,0.0,0.0
2016-11-08 00:00:00-05:00,152.0933825336644,155.8815463777508,151.31852934544202,155.24301147460938,1059900,0.0,0.0
2016-11-09 00:00:00-05:00,151.1176459712453,156.92902858752896,148.26216537849584,156.0178680419922,1517700,0.0,0.0
2016-11-10 00:00:00-05:00,156.06802509995373,156.7137303857283,151.56957803673245,154.0663299560547,1786700,0.0,0.0
2016-11-11 00:00:00-05:00,154.46097251149342,156.6635659050749,153.1265049927684,153.6645965576172,1218500,0.0,0.0
2016-11-14 00:00:00-05:00,153.49240385019993,155.9460999057493,149.66119479578956,155.293212890625,1111600,0.0,0.0
2016-11-15 00:00:00-05:00,155.522757522805,157.28052046879895,151.6269703257275,152.18658447265625,1097200,0.0,0.0
2016-11-16 00:00:00-05:00,152.01443790532258,152.18662017708277,148.37693414939596,149.38137817382812,811600,0.0,0.0
2016-11-17 00:00:00-05:00,149.6539762974097,149.9696583343869,146.58326894271818,146.7985076904297,578700,0.0,0.0
2016-11-18 00:00:00-05:00,146.7554655458885,147.91773948408425,144.71071381628707,146.33934020996094,860000,0.0,0.0
2016-11-21 00:00:00-05:00,146.33939349164316,147.78865661030446,144.74664146809008,144.8757781982422,771400,0.0,0.0
2016-11-22 00:00:00-05:00,145.85145192052988,147.25766882462094,144.00759788665437,147.15005493164062,1231300,0.0,0.0
2016-11-23 00:00:00-05:00,146.78417710125817,147.39401848484923,145.55733466967962,146.90614318847656,553800,0.0,0.0
2016-11-25 00:00:00-05:00,146.80565991889534,149.47459378233157,146.78413714156892,147.60203552246094,324800,0.0,0.0
2016-11-28 00:00:00-05:00,147.81728299280758,150.9310357019601,147.81728299280758,150.2996826171875,1060000,0.0,0.0
2016-11-29 00:00:00-05:00,150.71580688719254,152.66010419080106,148.95803303184974,150.38577270507812,753900,0.0,0.0
2016-11-30 00:00:00-05:00,149.41007606794207,151.99291969709608,148.79306403139415,150.1634063720703,1655300,0.0,0.0
2016-12-01 00:00:00-05:00,149.3454877883998,151.21804643282456,147.79578181766928,149.1302490234375,1110400,0.0,0.0
2016-12-02 00:00:00-05:00,149.56069938609363,154.1595783930066,149.56069938609363,150.29249572753906,1004100,0.0,0.0
2016-12-05 00:00:00-05:00,150.03424299164215,152.73188182101663,147.74555892214573,152.42337036132812,1258500,0.0,0.0
2016-12-06 00:00:00-05:00,153.07626130057477,154.90577448182475,152.12921506181047,154.04483032226562,1084800,0.0,0.0
2016-12-07 00:00:00-05:00,154.72639471732478,159.00242167981676,153.77934857613658,158.5647735595703,1108900,0.0,0.0
2016-12-08 00:00:00-05:00,157.57472159731049,159.09572343199477,156.82139129234898,158.60067749023438,1016500,0.0,0.0
2016-12-09 00:00:00-05:00,159.27509688805105,160.99698544838114,156.62768474223068,157.21600341796875,894700,0.0,0.0
2016-12-12 00:00:00-05:00,157.44765395002364,158.45410208046073,155.91987905650618,157.60694885253906,803700,2.0,0.0
2016-12-13 00:00:00-05:00,158.22966838793147,158.38896331490375,156.21677181801363,158.12106323242188,864400,0.0,0.0
2016-12-14 00:00:00-05:00,158.39617706529773,158.39617706529773,155.32615393134574,155.81851196289062,899800,0.0,0.0
2016-12-15 00:00:00-05:00,155.6085266944057,158.93197630354925,155.2682158840575,156.60772705078125,1005900,0.0,0.0
2016-12-16 00:00:00-05:00,157.98349158742943,160.10499334308307,156.09368451627643,158.37448120117188,1353700,0.0,0.0
2016-12-19 00:00:00-05:00,159.85156757263465,161.20556333768744,158.37447123954368,159.5619354248047,804800,0.0,0.0
2016-12-20 00:00:00-05:00,159.48950669746307,160.30769112663222,156.7235781919788,157.7300262451172,810400,0.0,0.0
2016-12-21 00:00:00-05:00,157.81698563404643,158.73653890874039,155.76788330078125,155.76788330078125,923400,0.0,0.0
2016-12-22 00:00:00-05:00,155.68093054444108,158.09931167408567,154.92790916552104,157.31007385253906,720200,0.0,0.0
2016-12-23 00:00:00-05:00,157.766259003942,159.06957603761492,156.74532640687016,158.3672332763672,467300,0.0,0.0
2016-12-27 00:00:00-05:00,158.36723175328314,160.0832593862523,157.5635205109425,159.39540100097656,450200,0.0,0.0
2016-12-28 00:00:00-05:00,159.6922883527884,159.6922883527884,157.3390807809673,158.0486602783203,489300,0.0,0.0
2016-12-29 00:00:00-05:00,158.18624117490842,160.42359597512814,156.96980807732615,159.58367919921875,552000,0.0,0.0
2016-12-30 00:00:00-05:00,159.43883450121785,162.05995277200367,158.8451079752221,161.8282470703125,891500,0.0,0.0
2017-01-03 00:00:00-05:00,162.67542720402486,163.28363819895003,160.70597260759664,161.84275817871094,938100,0.0,0.0
2017-01-04 00:00:00-05:00,162.38579604432093,163.56601255833797,162.00204310349483,163.03021240234375,723300,0.0,0.0
2017-01-05 00:00:00-05:00,161.29239133333203,165.0430462421821,159.15640608489724,164.7678985595703,956600,0.0,0.0
2017-01-06 00:00:00-05:00,163.5660007502776,165.65130793730998,163.1677745165992,165.3399658203125,697200,0.0,0.0
2017-01-09 00:00:00-05:00,165.33996747098212,165.88301530233196,163.7108239769326,164.21041870117188,601700,0.0,0.0
2017-01-10 00:00:00-05:00,164.15255521171713,164.6738711301359,162.8492377948205,163.13162231445312,1166900,0.0,0.0
2017-01-11 00:00:00-05:00,162.40027817483335,162.407525884364,158.25139535371784,159.12026977539062,1468200,0.0,0.0
2017-01-12 00:00:00-05:00,158.60619258022723,159.1492404815188,154.660046707176,157.33908081054688,1514200,0.0,0.0
2017-01-13 00:00:00-05:00,157.3318258307332,157.3318258307332,154.89897090343396,155.0365447998047,997600,0.0,0.0
2017-01-17 00:00:00-05:00,155.47098946048814,157.7517861496496,155.37685762530444,157.6214599609375,842200,0.0,0.0
2017-01-18 00:00:00-05:00,157.54901873844685,157.88209290363196,154.97859037898124,156.10813903808594,1056000,0.0,0.0
2017-01-19 00:00:00-05:00,155.64474338948654,156.42672249096714,154.9713583792271,155.9126434326172,601100,0.0,0.0
2017-01-20 00:00:00-05:00,155.96333895305014,158.0631306135282,154.70347500510016,157.82418823242188,1040800,0.0,0.0
2017-01-23 00:00:00-05:00,157.84589322768872,160.16289495530873,157.76624577541105,159.47503662109375,733800,0.0,0.0
2017-01-24 00:00:00-05:00,159.2940544103211,161.43728836729235,159.05511200290508,161.02456665039062,798500,0.0,0.0
2017-01-25 00:00:00-05:00,160.91594025894076,161.19832469439123,158.2513797733627,158.5048065185547,792000,0.0,0.0
2017-01-26 00:00:00-05:00,158.64239044089985,160.10499143070473,156.89014624016954,158.0269317626953,516900,0.0,0.0
2017-01-27 00:00:00-05:00,158.25862868597576,158.9030450204099,155.87645261772806,156.8105010986328,573200,0.0,0.0
2017-01-30 00:00:00-05:00,156.3977584861442,157.33904350151488,155.33338396813556,155.6664581298828,508300,0.0,0.0
2017-01-31 00:00:00-05:00,155.89092738908218,157.4259390016888,155.1234215827789,155.6737060546875,540100,0.0,0.0
2017-02-01 00:00:00-05:00,155.72440585469,156.75981177940778,153.86355659641643,154.43556213378906,675500,0.0,0.0
2017-02-02 00:00:00-05:00,154.36313356209743,156.43395607322674,154.36313356209743,155.68817138671875,658900,0.0,0.0
2017-02-03 00:00:00-05:00,156.86120264660946,157.92557746206882,155.9633594343951,156.78155517578125,747600,0.0,0.0
2017-02-06 00:00:00-05:00,156.7815661687792,157.36081953829608,155.34792264168772,156.17335510253906,545700,0.0,0.0
2017-02-07 00:00:00-05:00,156.18785524407514,157.29567231526653,154.73247948708,156.74537658691406,666700,0.0,0.0
2017-02-08 00:00:00-05:00,156.87564863213194,159.70674043624737,156.77428015300345,159.07679748535156,688000,0.0,0.0
2017-02-09 00:00:00-05:00,159.07681363650852,159.07681363650852,157.28113851748697,158.18621826171875,391000,0.0,0.0
2017-02-10 00:00:00-05:00,158.04139882117022,159.17093651069175,157.21596658280174,159.1419677734375,442000,0.0,0.0
2017-02-13 00:00:00-05:00,159.35193248692983,160.14839588826905,158.22239493890837,159.3374481201172,464600,0.0,0.0
2017-02-14 00:00:00-05:00,159.33748280428622,159.60538288279474,155.67372163493744,157.0494384765625,513400,0.0,0.0
2017-02-15 00:00:00-05:00,156.10816766757037,158.17174297389946,154.90621904661842,157.17977905273438,640900,0.0,0.0
2017-02-16 00:00:00-05:00,157.82415192665323,161.70513346501886,157.82415192665323,159.7574005126953,822600,0.0,0.0
2017-02-17 00:00:00-05:00,160.01086889041122,163.49361412585196,159.29404172524622,163.4646453857422,1151400,0.0,0.0
2017-02-21 00:00:00-05:00,162.69712467815816,165.15894809139934,161.4879395246409,164.8910369873047,833000,0.0,0.0
2017-02-22 00:00:00-05:00,165.1589846757821,166.32472802965287,162.79852922415265,163.81222534179688,817100,0.0,0.0
2017-02-23 00:00:00-05:00,165.8105845875954,167.61350714850306,160.8869492984714,164.41314697265625,1146900,0.0,0.0
2017-02-24 00:00:00-05:00,164.746273542654,166.46230160913177,163.3343510165432,165.38345336914062,757600,0.0,0.0
2017-02-27 00:00:00-05:00,165.702010009362,165.7744097625271,164.3624875199308,165.11550903320312,487400,0.0,0.0
2017-02-28 00:00:00-05:00,165.27482946627234,166.17267272112178,163.94979114230327,164.69558715820312,1039700,0.0,0.0
2017-03-01 00:00:00-05:00,165.11548166707752,167.02700939754735,162.97225929720835,166.04953002929688,793100,0.0,0.0
2017-03-02 00:00:00-05:00,166.04953484599218,166.71567214504944,164.16696474771277,164.3407440185547,815600,0.0,0.0
2017-03-03 00:00:00-05:00,163.67461943532572,164.70278867559674,162.3857867927088,164.08009338378906,617800,0.0,0.0
2017-03-06 00:00:00-05:00,164.05836744636096,165.33271568174214,162.91434538408572,165.0286102294922,423900,0.0,0.0
2017-03-07 00:00:00-05:00,164.32630504483896,165.09381103515625,163.59500446032393,165.09381103515625,667600,0.0,0.0
2017-03-08 00:00:00-05:00,164.48555868510215,164.48555868510215,161.8716881386683,162.05995178222656,861300,0.0,0.0
2017-03-09 00:00:00-05:00,162.19026009668065,163.203944802951,160.49595378119957,160.98831176757812,675900,0.0,0.0
2017-03-10 00:00:00-05:00,160.9883896904238,162.7478709837801,158.28039735792893,159.3447723388672,767100,0.0,0.0
2017-03-13 00:00:00-04:00,159.6808358692501,160.32385932617348,157.56910054330635,158.75283813476562,894000,2.0,0.0
2017-03-14 00:00:00-04:00,158.5628391489248,160.6453509432345,157.78098016625998,160.27999877929688,667900,0.0,0.0
2017-03-15 00:00:00-04:00,160.22889720369042,163.4513070330302,159.81240139665343,163.0421142578125,742700,0.0,0.0
2017-03-16 00:00:00-04:00,162.84479103477148,163.26860094556395,160.56499676259867,161.14955139160156,798000,0.0,0.0
2017-03-17 00:00:00-04:00,161.75605101301835,164.86885930756438,161.5222313716889,162.57444763183594,1477800,0.0,0.0
2017-03-20 00:00:00-04:00,162.73521452759647,163.72165897600027,161.22995379543235,163.41476440429688,722000,0.0,0.0
2017-03-21 00:00:00-04:00,163.50974524034172,164.77386087369698,162.77172657691747,163.8824005126953,955000,0.0,0.0
2017-03-22 00:00:00-04:00,163.95546689756367,165.36572112423534,162.49405800791513,164.9711456298828,758500,0.0,0.0
2017-03-23 00:00:00-04:00,164.27698129918676,166.41063697468772,163.99931003776132,165.08074951171875,843000,0.0,0.0
2017-03-24 00:00:00-04:00,165.2122813879558,166.00143238599105,162.81557167256886,162.88133239746094,635600,0.0,0.0
2017-03-27 00:00:00-04:00,161.9898704510241,164.3354254793544,161.12033037615873,161.419921875,576200,0.0,0.0
2017-03-28 00:00:00-04:00,161.3980272992387,162.4575466847094,159.92200096138976,162.3333282470703,760100,0.0,0.0
2017-03-29 00:00:00-04:00,161.8875764279205,162.11409302809219,159.0816739586347,160.71844482421875,703500,0.0,0.0
2017-03-30 00:00:00-04:00,160.0827392015541,161.3395518021515,158.70170817701765,160.31655883789062,923700,0.0,0.0
2017-03-31 00:00:00-04:00,160.38230596572978,161.7706398069646,159.34470709970918,159.95849609375,1004500,0.0,0.0
2017-04-03 00:00:00-04:00,160.02429209543092,160.8938322702157,157.8760189929429,160.2508087158203,856400,0.0,0.0
2017-04-04 00:00:00-04:00,160.21423402184786,162.07022934077924,159.25701309382288,160.98147583007812,745100,0.0,0.0
2017-04-05 00:00:00-04:00,160.76227847423485,163.29052072115766,160.63806005844262,162.42828369140625,667100,0.0,0.0
2017-04-06 00:00:00-04:00,162.09215223850168,163.39280512916827,161.7560233214056,162.68402099609375,550400,0.0,0.0
2017-04-07 00:00:00-04:00,162.99094189570081,163.80202432628536,162.66212710485104,163.38552856445312,435000,0.0,0.0
2017-04-10 00:00:00-04:00,163.39284036990892,165.1465267817271,163.0567113803162,165.02230834960938,518900,0.0,0.0
2017-04-11 00:00:00-04:00,165.13188581754517,166.02334604754418,164.87613482627873,165.4095458984375,505400,0.0,0.0
2017-04-12 00:00:00-04:00,164.74460763685542,165.73105181943757,163.24666148960452,163.89698791503906,637700,0.0,0.0
2017-04-13 00:00:00-04:00,163.31972617694205,165.3583975687667,163.29780593829133,165.1172637939453,441100,0.0,0.0
2017-04-17 00:00:00-04:00,165.84073255452338,168.95353035498607,164.9711922355839,168.93161010742188,694600,0.0,0.0
2017-04-18 00:00:00-04:00,168.12050232366275,169.6769065656674,166.82715216270583,168.9242706298828,604300,0.0,0.0
2017-04-19 00:00:00-04:00,169.28959915434342,169.28959915434342,167.60167368341547,168.05471801757812,453300,0.0,0.0
2017-04-20 00:00:00-04:00,168.23742703182393,168.35433129123743,166.73216622666226,167.62362670898438,752400,0.0,0.0
2017-04-21 00:00:00-04:00,167.53588476592753,168.23005163654886,166.8417178953062,166.87094116210938,819800,0.0,0.0
2017-04-24 00:00:00-04:00,167.28019302656568,167.35326794394283,162.6329226325888,165.482666015625,976400,0.0,0.0
2017-04-25 00:00:00-04:00,165.48266162056194,165.68725800418363,164.18931143507245,164.8031005859375,526400,0.0,0.0
2017-04-26 00:00:00-04:00,164.86150954963793,164.86150954963793,163.16628127941632,163.62661743164062,731900,0.0,0.0
2017-04-27 00:00:00-04:00,163.62663931494902,163.62663931494902,154.1932535018715,155.64004516601562,2272400,0.0,0.0
2017-04-28 00:00:00-04:00,154.8435849582345,155.61812990270698,152.32265679850218,152.99490356445312,1423400,0.0,0.0
2017-05-01 00:00:00-04:00,153.6890310901321,154.56587398786857,149.80167900562856,151.42384338378906,1152500,0.0,0.0
2017-05-02 00:00:00-04:00,151.2631194543616,153.7475211965348,150.65663344185162,151.45310974121094,1035000,0.0,0.0
2017-05-03 00:00:00-04:00,152.04500044780823,152.38111828891692,148.77144726438937,150.18170166015625,997500,0.0,0.0
2017-05-04 00:00:00-04:00,149.90400109159077,152.04497075130143,147.5803664841138,151.71615600585938,1232400,0.0,0.0
2017-05-05 00:00:00-04:00,151.8330605273523,153.44792213760505,150.7443181203515,152.169189453125,858200,0.0,0.0
2017-05-08 00:00:00-04:00,152.3884435707773,152.5491994715974,151.22662595548695,152.31536865234375,1009100,0.0,0.0
2017-05-09 00:00:00-04:00,151.94999708805247,152.20574812046647,151.08777113815975,152.03768920898438,803400,0.0,0.0
2017-05-10 00:00:00-04:00,151.89885518405606,154.67552336717802,151.80386003106534,152.65878295898438,683600,0.0,0.0
2017-05-11 00:00:00-04:00,152.037663507975,152.93642676052025,151.3946400949468,152.32994079589844,912900,0.0,0.0
2017-05-12 00:00:00-04:00,152.11077631762615,152.98031658171007,151.5335245854056,152.45420837402344,766100,0.0,0.0
2017-05-15 00:00:00-04:00,152.25689753299068,153.49178995791482,152.21305704565995,153.2506561279297,834100,0.0,0.0
2017-05-16 00:00:00-04:00,153.21410134077541,153.469852354163,151.36542000300656,152.0888214111328,999200,0.0,0.0
2017-05-17 00:00:00-04:00,151.52618331906396,156.50227900678735,151.52618331906396,155.603515625,1665300,0.0,0.0
2017-05-18 00:00:00-04:00,155.91039323547153,157.9490647418855,155.1870030200108,157.91983032226562,1651900,0.0,0.0
2017-05-19 00:00:00-04:00,157.5691011287606,157.97099079083094,156.22460766807495,156.7214813232422,2114300,0.0,0.0
2017-05-22 00:00:00-04:00,156.8968325871098,158.36554425741156,156.34150131741782,157.53985595703125,938100,0.0,0.0
2017-05-23 00:00:00-04:00,157.70065026611394,159.17666532577385,157.18184516616805,158.70901489257812,839900,0.0,0.0
2017-05-24 00:00:00-04:00,158.56287845400425,160.0169844408032,158.27060111026879,158.97938537597656,773600,0.0,0.0
2017-05-25 00:00:00-04:00,159.118186945557,159.53469380753037,158.05136475990187,158.6286163330078,1018500,0.0,0.0
2017-05-26 00:00:00-04:00,159.1693579570652,159.27895916902042,157.77370972661905,158.1171417236328,976200,0.0,0.0
2017-05-30 00:00:00-04:00,158.15368031590225,158.43135158774157,156.3707595908267,156.6265106201172,711400,0.0,0.0
2017-05-31 00:00:00-04:00,156.77989988242578,157.67866297533047,156.50222870345445,157.35716247558594,2060000,0.0,0.0
2017-06-01 00:00:00-04:00,157.25496305039363,157.3207237973299,153.66720030528631,155.106689453125,1251100,0.0,0.0
2017-06-02 00:00:00-04:00,155.64002446313734,156.6045595440431,155.23083181657006,156.31227111816406,1063800,0.0,0.0
2017-06-05 00:00:00-04:00,156.15885012419508,156.23922805824503,154.0690349885615,154.43438720703125,918900,0.0,0.0
2017-06-06 00:00:00-04:00,154.43436042078213,154.43436042078213,151.7307455533092,151.91342163085938,1355000,0.0,0.0
2017-06-07 00:00:00-04:00,151.87692086406423,153.35293579101562,151.76000547886073,153.35293579101562,1303200,0.0,0.0
2017-06-08 00:00:00-04:00,153.35293043507855,154.70473804882766,151.06583322136126,154.1128692626953,1858400,0.0,0.0
2017-06-09 00:00:00-04:00,153.15563640575363,154.0982401125457,151.21926318610528,151.6649932861328,1276000,0.0,0.0
2017-06-12 00:00:00-04:00,151.66504222948717,153.72354956949428,151.39205465535105,152.7570037841797,1489800,2.0,0.0
2017-06-13 00:00:00-04:00,152.62417808430848,153.78254000965936,152.15935174212223,153.76040649414062,1431700,0.0,0.0
2017-06-14 00:00:00-04:00,153.50218567320408,155.6344674150837,153.1332787195353,154.85238647460938,1104400,0.0,0.0
2017-06-15 00:00:00-04:00,154.513004372288,156.9699263089714,154.20312384759117,156.91827392578125,855100,0.0,0.0
2017-06-16 00:00:00-04:00,157.1543670087932,157.9733409209959,155.92221909730753,157.64132690429688,943800,0.0,0.0
2017-06-19 00:00:00-04:00,158.04712031400766,158.04712031400766,155.50165335504434,156.2542266845703,726600,0.0,0.0
2017-06-20 00:00:00-04:00,156.07712507248473,156.41652437140274,152.80861536806742,156.23207092285156,937300,0.0,0.0
2017-06-21 00:00:00-04:00,156.50506607428443,157.45685221989436,156.04025101675327,156.63787841796875,585900,0.0,0.0
2017-06-22 00:00:00-04:00,156.27633446129195,156.52718844376798,154.8449739311779,155.81150817871094,631900,0.0,0.0
2017-06-23 00:00:00-04:00,155.84841056159797,158.60046422516174,155.84841056159797,157.23550415039062,703800,0.0,0.0
2017-06-26 00:00:00-04:00,158.04708618765747,159.0873950047933,156.40175344171155,156.77804565429688,573900,0.0,0.0
2017-06-27 00:00:00-04:00,156.4091621831703,157.09532366006184,154.6457875312212,155.14012145996094,777300,0.0,0.0
2017-06-28 00:00:00-04:00,155.51640837352127,156.01812766502104,154.46871401727174,154.52774047851562,627400,0.0,0.0
2017-06-29 00:00:00-04:00,153.93004504179046,154.47601986536299,152.65361949026033,153.14796447753906,669700,0.0,0.0
2017-06-30 00:00:00-04:00,153.98915086311266,154.940925882808,153.11852456820128,153.85633850097656,620900,0.0,0.0
2017-07-03 00:00:00-04:00,154.8892581021771,157.55276658497556,153.78253731306106,156.95513916015625,562900,0.0,0.0
2017-07-05 00:00:00-04:00,156.58625005370726,156.60838357135722,153.47267431194314,153.5095672607422,756100,0.0,0.0
2017-07-06 00:00:00-04:00,152.73484443099272,153.4283912667142,150.43286877042453,151.5174560546875,1028900,0.0,0.0
2017-07-07 00:00:00-04:00,151.80518726233458,153.24392190091967,151.39201334131988,152.7495880126953,509600,0.0,0.0
2017-07-10 00:00:00-04:00,152.7495956436606,152.86764855788954,149.88687439340907,150.0491943359375,700100,0.0,0.0
2017-07-11 00:00:00-04:00,150.49191622630642,150.83130434763868,149.41470287748947,149.9680633544922,669000,0.0,0.0
2017-07-12 00:00:00-04:00,150.94933341838723,152.62417401625768,150.49189243233067,152.2921600341797,648400,0.0,0.0
2017-07-13 00:00:00-04:00,152.28481588525915,153.08904175842665,151.0526677689462,151.11907958984375,740600,0.0,0.0
2017-07-14 00:00:00-04:00,152.12248129828308,153.80470753356073,152.09297369260884,153.2292022705078,566200,0.0,0.0
2017-07-17 00:00:00-04:00,153.28820777043492,154.74908735979216,152.69796567251086,153.16278076171875,660500,0.0,0.0
2017-07-18 00:00:00-04:00,152.96356047999183,154.28424221165878,151.51006641177375,152.8824005126953,917900,0.0,0.0
2017-07-19 00:00:00-04:00,153.0668575238089,153.78252655990013,152.77172524579396,153.2955780029297,887500,0.0,0.0
2017-07-20 00:00:00-04:00,153.1996444587619,154.04075167168196,152.12243144523205,153.1184844970703,703600,0.0,0.0
2017-07-21 00:00:00-04:00,152.93403989597783,154.31374806628588,152.87501344241588,154.1588134765625,439500,0.0,0.0
2017-07-24 00:00:00-04:00,154.14405277056028,154.39490675251,152.88977160266685,154.2030792236328,643600,0.0,0.0
2017-07-25 00:00:00-04:00,154.38753645559163,154.38753645559163,152.00440105230925,153.25868225097656,871800,0.0,0.0
2017-07-26 00:00:00-04:00,153.17749669700936,155.87051209308447,152.82334928718547,154.98513793945312,964400,0.0,0.0
2017-07-27 00:00:00-04:00,146.11660658864312,149.03835352216532,141.7708847506245,146.29368591308594,3807200,0.0,0.0
2017-07-28 00:00:00-04:00,146.4191699537832,150.11562489267888,145.86580951460934,149.65817260742188,1490300,0.0,0.0
2017-07-31 00:00:00-04:00,149.8352182429617,152.15195297601602,148.83916517360103,151.67237854003906,1367700,0.0,0.0
2017-08-01 00:00:00-04:00,152.06344184055123,152.43234877247093,149.31877336641713,149.65078735351562,726900,0.0,0.0
2017-08-02 00:00:00-04:00,149.25977109855802,150.72063963345857,148.31537010042553,149.20074462890625,933800,0.0,0.0
2017-08-03 00:00:00-04:00,148.3153178189214,149.74667824351206,146.22730363088016,147.8135986328125,870000,0.0,0.0
2017-08-04 00:00:00-04:00,147.80627299103963,149.02366153029092,147.2898054670587,148.66213989257812,672200,0.0,0.0
2017-08-07 00:00:00-04:00,148.6768890025194,148.95726191365267,147.70298041661331,148.35963439941406,534700,0.0,0.0
2017-08-08 00:00:00-04:00,148.1013613255187,148.6694811053483,146.3675056456784,148.06446838378906,717400,0.0,0.0
2017-08-09 00:00:00-04:00,147.9242892081543,148.94246457178986,147.3930623844554,148.2120361328125,646000,0.0,0.0
2017-08-10 00:00:00-04:00,147.9169313831391,148.63261178548356,146.97253046712416,148.0423583984375,590500,0.0,0.0
2017-08-11 00:00:00-04:00,148.15304159522884,148.15304159522884,145.70349390735026,146.55198669433594,630300,0.0,0.0
2017-08-14 00:00:00-04:00,147.57014120840077,148.2046615573554,147.15696726175975,147.961181640625,807300,0.0,0.0
2017-08-15 00:00:00-04:00,147.80626348664643,148.83919846818742,147.04631605205265,148.72853088378906,651200,0.0,0.0
2017-08-16 00:00:00-04:00,149.03835751908844,149.49579838015515,146.6773560872463,146.83229064941406,876500,0.0,0.0
2017-08-17 00:00:00-04:00,146.76593979638182,147.6365660535634,145.887939453125,145.887939453125,728700,0.0,0.0
2017-08-18 00:00:00-04:00,145.28292219526264,145.88792367424784,143.50478818469531,144.82546997070312,793800,0.0,0.0
2017-08-21 00:00:00-04:00,145.35672946647753,148.40390483414842,145.02471542409293,147.83578491210938,993000,0.0,0.0
2017-08-22 00:00:00-04:00,147.99071289544503,149.02364784857411,147.17173901898315,148.73590087890625,796900,0.0,0.0
2017-08-23 00:00:00-04:00,148.63258491240302,152.38068029561313,148.47765032193092,151.56170654296875,966300,0.0,0.0
2017-08-24 00:00:00-04:00,151.5469627834989,152.5651495158804,150.77226723475243,151.00836181640625,727600,0.0,0.0
2017-08-25 00:00:00-04:00,151.00097000756404,151.546944996264,149.77619643818375,150.4180908203125,569300,0.0,0.0
2017-08-28 00:00:00-04:00,150.40332240103984,151.05259078057748,148.87604268735228,150.73533630371094,613500,0.0,0.0
2017-08-29 00:00:00-04:00,150.76485951839243,152.4913409976828,150.74272600646393,151.67237854003906,527500,0.0,0.0
2017-08-30 00:00:00-04:00,151.32562785079102,151.9453887939453,149.5548678241624,151.9453887939453,519500,0.0,0.0
2017-08-31 00:00:00-04:00,152.092984803177,152.72750532393087,150.83131784908952,151.5027313232422,858100,0.0,0.0
2017-09-01 00:00:00-04:00,151.85685601601082,152.65368508785815,151.38464433173658,151.901123046875,408200,0.0,0.0
2017-09-05 00:00:00-04:00,151.67975281273033,152.69793939528216,151.22968597271844,152.47659301757812,656300,0.0,0.0
2017-09-06 00:00:00-04:00,153.09637779731315,154.5646314493622,153.0816183676542,153.38412475585938,964400,0.0,0.0
2017-09-07 00:00:00-04:00,153.81943219276582,158.7701682052779,153.72352404537517,158.0987548828125,1413600,0.0,0.0
2017-09-08 00:00:00-04:00,158.076606080003,162.2673830449821,158.0175796252384,161.07212829589844,1319800,0.0,0.0
2017-09-11 00:00:00-04:00,159.3825890709215,159.3825890709215,155.1917995484226,157.4495086669922,1583900,0.0,0.0
2017-09-12 00:00:00-04:00,156.77916765871828,156.7940667237351,154.20963012916707,154.6043701171875,1240100,2.0,0.0
2017-09-13 00:00:00-04:00,154.63414564344455,155.51300858105213,153.49461159260062,155.46832275390625,646200,0.0,0.0
2017-09-14 00:00:00-04:00,155.56509377951053,159.37099095357183,154.61175852411753,158.31338500976562,803100,0.0,0.0
2017-09-15 00:00:00-04:00,158.23150246388442,159.6242751429347,157.7697337638512,159.49765014648438,1032100,0.0,0.0
2017-09-18 00:00:00-04:00,159.39337943853516,161.17343686272213,159.39337943853516,160.76380920410156,796500,0.0,0.0
2017-09-19 00:00:00-04:00,160.8681050645374,161.26284508557373,160.0339278236758,160.66700744628906,763100,0.0,0.0
2017-09-20 00:00:00-04:00,160.84572322860424,161.31493573810755,158.37300160151264,159.4678497314453,704900,0.0,0.0
2017-09-21 00:00:00-04:00,159.39338164711373,161.46390834110335,158.92416909091003,160.03390502929688,672000,0.0,0.0
2017-09-22 00:00:00-04:00,160.42124716397234,161.06177072990076,158.73056088565096,159.1699981689453,500200,0.0,0.0
2017-09-25 00:00:00-04:00,159.00607529121504,160.46586516829325,158.32086617437056,159.54232788085938,530000,0.0,0.0
2017-09-26 00:00:00-04:00,159.8626137472536,160.76381965705878,159.36360303723663,159.48277282714844,675400,0.0,0.0
2017-09-27 00:00:00-04:00,159.0508020636936,159.0508020636936,156.27272290808034,157.8814697265625,730200,0.0,0.0
2017-09-28 00:00:00-04:00,157.687818986251,158.64115459294212,156.16843254988538,158.4549560546875,548400,0.0,0.0
2017-09-29 00:00:00-04:00,158.45494548329089,159.71364933626222,157.34519817805415,159.3784942626953,909700,0.0,0.0
2017-10-02 00:00:00-04:00,159.79558001549353,160.47334538922746,158.94651517701746,159.594482421875,771200,0.0,0.0
2017-10-03 00:00:00-04:00,159.92220526672787,160.4808008948397,158.24641838239245,158.58157348632812,573800,0.0,0.0
2017-10-04 00:00:00-04:00,158.35065664602888,159.4157066368991,157.62076169037948,159.28909301757812,527200,0.0,0.0
2017-10-05 00:00:00-04:00,159.76577873504468,160.53291575096245,158.92416912771765,159.14759826660156,680700,0.0,0.0
2017-10-06 00:00:00-04:00,158.64116728664882,159.40086056561864,157.61334763655188,158.9539794921875,847100,0.0,0.0
2017-10-09 00:00:00-04:00,158.79755441668206,160.16797282760027,157.66546420717498,159.2593231201172,635500,0.0,0.0
2017-10-10 00:00:00-04:00,159.3338056692106,160.77870812599363,157.62078823082908,158.6560516357422,807600,0.0,0.0
2017-10-11 00:00:00-04:00,158.64111608365124,160.28711576271348,157.6356396752876,159.89236450195312,783400,0.0,0.0
2017-10-12 00:00:00-04:00,159.83280185683554,161.5607180803066,159.735974997171,161.47879028320312,541600,0.0,0.0
2017-10-13 00:00:00-04:00,161.99271612033553,163.5046472282862,161.12130839048143,162.78219604492188,1057600,0.0,0.0
2017-10-16 00:00:00-04:00,163.05777890648716,163.46741796468706,161.24793456479065,162.03741455078125,768100,0.0,0.0
2017-10-17 00:00:00-04:00,161.42668674805293,162.19382380665965,159.6168310697871,160.78616333007812,723300,0.0,0.0
2017-10-18 00:00:00-04:00,160.78613925076897,161.62030492984633,159.5572222792836,159.8849334716797,516400,0.0,0.0
2017-10-19 00:00:00-04:00,160.42867176681202,160.9500368168433,159.48279128215546,160.28717041015625,686600,0.0,0.0
2017-10-20 00:00:00-04:00,160.09349843981707,160.27969697518895,158.95396431251365,160.19776916503906,845000,0.0,0.0
2017-10-23 00:00:00-04:00,160.39887040335373,161.30007633544287,159.4008489586419,159.96688842773438,752800,0.0,0.0
2017-10-24 00:00:00-04:00,159.4529551093208,159.94452190882794,156.40675017859775,156.48867797851562,1070800,0.0,0.0
2017-10-25 00:00:00-04:00,157.09939123860428,157.5015863583911,155.06610682305126,156.40673828125,1062400,0.0,0.0
2017-10-26 00:00:00-04:00,149.755738115619,153.42756715611702,147.55114282982086,152.09439086914062,2974400,0.0,0.0
2017-10-27 00:00:00-04:00,151.60284688299438,154.6490521360966,151.2378936693455,154.097900390625,1041400,0.0,0.0
2017-10-30 00:00:00-04:00,153.83723938683838,155.62474086408554,153.42760031694422,155.4757843017578,796600,0.0,0.0
2017-10-31 00:00:00-04:00,155.4758034626739,155.4758034626739,153.9638720076347,154.35861206054688,682100,0.0,0.0
2017-11-01 00:00:00-04:00,154.96932886976202,154.96932886976202,153.35311551513684,153.8148956298828,691400,0.0,0.0
2017-11-02 00:00:00-04:00,154.13514432182015,156.51103943631043,153.92660287271033,155.1629638671875,811700,0.0,0.0
2017-11-03 00:00:00-04:00,155.08851183039124,156.07908959988734,154.2841326334021,155.63966369628906,759600,0.0,0.0
2017-11-06 00:00:00-05:00,156.02691269950125,158.31342456842472,155.66940336590653,155.90029907226562,764300,0.0,0.0
2017-11-07 00:00:00-05:00,155.67683749246598,158.11230557149239,155.51298191126094,157.5164794921875,882200,0.0,0.0
2017-11-08 00:00:00-05:00,157.71760750709217,159.33380947336948,157.36010949176878,158.7826690673828,760300,0.0,0.0
2017-11-09 00:00:00-05:00,158.46240271871895,159.06569553968822,157.16646814283555,157.42713928222656,532500,0.0,0.0
2017-11-10 00:00:00-05:00,157.23351103138972,158.04533401809053,155.79605225163712,157.53887939453125,736600,0.0,0.0
2017-11-13 00:00:00-05:00,157.64312687316846,159.30401458610766,157.53885615048745,158.8273468017578,609500,0.0,0.0
2017-11-14 00:00:00-05:00,158.21662025135183,158.85714369283966,157.47928129562482,158.58157348632812,640900,0.0,0.0
2017-11-15 00:00:00-05:00,158.46987198267192,159.31148173717207,156.0492907277871,156.44403076171875,795700,0.0,0.0
2017-11-16 00:00:00-05:00,155.94497537682923,159.9445156232448,155.8555923665599,159.14013671875,938600,0.0,0.0
2017-11-17 00:00:00-05:00,158.4549322836785,159.19228247582788,157.64310950619358,157.7846221923828,681500,0.0,0.0
2017-11-20 00:00:00-05:00,157.75484361079438,158.09745391268044,156.9802627123419,157.23348999023438,358400,0.0,0.0
2017-11-21 00:00:00-05:00,157.56119203674777,157.56119203674777,156.3397301835455,157.389892578125,683700,0.0,0.0
2017-11-22 00:00:00-05:00,156.89093153888024,157.65062498828368,155.89290979759474,157.3675994873047,512000,0.0,0.0
2017-11-24 00:00:00-05:00,157.82181409619355,158.85707710509237,157.5015581920191,158.48468017578125,257000,0.0,0.0
2017-11-27 00:00:00-05:00,158.96137651507277,160.95743032648704,158.44002299275894,160.0785675048828,957800,0.0,0.0
2017-11-28 00:00:00-05:00,158.79755567510534,159.2816672961137,153.42758519290498,155.9822235107422,1566800,0.0,0.0
2017-11-29 00:00:00-05:00,155.56516980703586,157.7101808623023,154.71610482510258,156.60043334960938,827700,0.0,0.0
2017-11-30 00:00:00-05:00,156.93559955983775,159.0210143434198,156.23549115478167,158.7305450439453,1257700,0.0,0.0
2017-12-01 00:00:00-05:00,159.3635597462032,159.56465729146927,157.59840175068334,157.94845581054688,809800,0.0,0.0
2017-12-04 00:00:00-05:00,157.30049286557835,158.6485682072748,155.8407029680829,156.3843994140625,1133000,0.0,0.0
2017-12-05 00:00:00-05:00,158.03784647483695,158.36555766520144,156.37695897602242,157.18878173828125,676100,0.0,0.0
2017-12-06 00:00:00-05:00,157.300509746607,158.81989605645757,156.90576978754862,157.7473907470703,821300,0.0,0.0
2017-12-07 00:00:00-05:00,157.4867358990165,157.59100663546388,154.90975425624958,155.17042541503906,815100,0.0,0.0
2017-12-08 00:00:00-05:00,155.43853539747622,157.5984452313358,155.10338030600084,157.0323944091797,691000,0.0,0.0
2017-12-11 00:00:00-05:00,156.7418657177793,157.68031325567713,155.83321629851602,157.657958984375,721100,0.0,0.0
2017-12-12 00:00:00-05:00,157.65803082545517,159.7107214553231,157.62795994145011,159.19190979003906,759700,2.0,0.0
2017-12-13 00:00:00-05:00,158.85349715861497,160.15427751470676,158.68055235422142,159.8234405517578,730400,0.0,0.0
2017-12-14 00:00:00-05:00,159.47008295151528,160.14679820035673,158.22192921363384,158.66555786132812,525800,0.0,0.0
2017-12-15 00:00:00-05:00,159.92125828475642,159.93629946387298,158.03398612613034,159.0716094970703,1158900,0.0,0.0
2017-12-18 00:00:00-05:00,159.40242468630234,161.99647128399172,159.1918940998442,159.4700927734375,823300,0.0,0.0
2017-12-19 00:00:00-05:00,159.47763355332194,159.81598549272195,156.2970954930122,156.55274963378906,713500,0.0,0.0
2017-12-20 00:00:00-05:00,156.3948217551736,157.03393979868386,154.15416838671374,154.2519073486328,801500,0.0,0.0
2017-12-21 00:00:00-05:00,154.8157984438712,154.8157984438712,153.09395701826145,153.17666625976562,645000,0.0,0.0
2017-12-22 00:00:00-05:00,153.95865222209633,155.31959743280584,153.68796844471908,154.8684539794922,500800,0.0,0.0
2017-12-26 00:00:00-05:00,155.31966937288,157.1016650400397,155.30462819132165,156.4174346923828,331700,0.0,0.0
2017-12-27 00:00:00-05:00,156.80838676156068,157.552758707331,156.6053710158701,157.35726928710938,379300,0.0,0.0
2017-12-28 00:00:00-05:00,157.23695862204315,157.8835915770076,156.47003066640795,157.3271942138672,666700,0.0,0.0
2017-12-29 00:00:00-05:00,157.69561100564005,158.3121730552086,156.8685298446548,157.146728515625,620100,0.0,0.0
2018-01-02 00:00:00-05:00,157.936214564387,158.02643867435825,154.5752287912895,155.1316375732422,812300,0.0,0.0
2018-01-03 00:00:00-05:00,155.15422056665156,156.13920551521448,154.6955621394897,155.4700164794922,580000,0.0,0.0
2018-01-04 00:00:00-05:00,154.81585455211834,155.65046211957338,152.31204332281075,152.7180633544922,799600,0.0,0.0
2018-01-05 00:00:00-05:00,152.88343648221363,153.4172776888622,151.66536527594954,151.82325744628906,644600,0.0,0.0
2018-01-08 00:00:00-05:00,151.95107841860712,153.4999866092167,151.83829829717595,153.0338134765625,768600,0.0,0.0
2018-01-09 00:00:00-05:00,153.43983020811376,153.5375691463365,151.0638297770424,151.24427795410156,659300,0.0,0.0
2018-01-10 00:00:00-05:00,150.13154454062575,150.43231076921447,146.84575237057106,147.4547882080078,1133200,0.0,0.0
2018-01-11 00:00:00-05:00,147.97357704649653,148.4021530805506,146.6276727617988,147.4622802734375,1093600,0.0,0.0
2018-01-12 00:00:00-05:00,147.38711225812324,147.7480202401468,145.41713085324193,145.52992248535156,957400,0.0,0.0
2018-01-16 00:00:00-05:00,146.01861920866514,149.19914518755292,145.50733397102405,145.68026733398438,1034200,0.0,0.0
2018-01-17 00:00:00-05:00,146.46977284746455,148.13898778290314,146.19908903433785,147.1389617919922,737900,0.0,0.0
2018-01-18 00:00:00-05:00,146.71035178852924,147.13141288363977,144.8155768605318,145.30430603027344,1241000,0.0,0.0
2018-01-19 00:00:00-05:00,145.8005682250594,146.2441853654368,144.89076644533594,145.5373992919922,646100,0.0,0.0
2018-01-22 00:00:00-05:00,145.9734883248678,146.33439617976728,144.74789082059894,145.7028045654297,909600,0.0,0.0
2018-01-23 00:00:00-05:00,145.86823612893704,149.28937488945866,145.53739911852284,148.94349670410156,982000,0.0,0.0
2018-01-24 00:00:00-05:00,148.74050924907914,148.8833602714581,146.10133919206547,146.55999755859375,687000,0.0,0.0
2018-01-25 00:00:00-05:00,145.86822324216888,146.45470280952503,143.4771929249559,144.7930145263672,855500,0.0,0.0
2018-01-26 00:00:00-05:00,145.31938171175076,145.62765128262274,143.38699765269294,145.0035858154297,1083200,0.0,0.0
2018-01-29 00:00:00-05:00,144.74039115884142,145.06370185020774,142.97342595027771,144.7704620361328,1121900,0.0,0.0
2018-01-30 00:00:00-05:00,144.77046793016459,146.0862897215432,143.0561410283843,145.56748962402344,1535500,0.0,0.0
2018-01-31 00:00:00-05:00,145.48478868057322,147.19158935546875,144.2742321044049,147.19158935546875,2749400,0.0,0.0
2018-02-01 00:00:00-05:00,147.44726127892542,147.80816925061544,143.39452989920673,143.5975341796875,1125600,0.0,0.0
2018-02-02 00:00:00-05:00,142.9358273130554,144.32683185499414,141.6500765686583,143.09371948242188,974000,0.0,0.0
2018-02-05 00:00:00-05:00,142.46217878543996,144.16146489623665,137.80041139208467,139.08615112304688,1088800,0.0,0.0
2018-02-06 00:00:00-05:00,137.58230924475802,140.67261085243496,136.0409158662184,139.4019012451172,1566400,0.0,0.0
2018-02-07 00:00:00-05:00,138.83799619499788,141.82303292715784,138.16880726481665,139.3643341064453,1021700,0.0,0.0
2018-02-08 00:00:00-05:00,139.36432365489617,139.8154556512326,135.7025719425102,135.71009826660156,1213700,0.0,0.0
2018-02-09 00:00:00-05:00,136.65749361350066,141.88318364688857,135.87552455788702,140.7252655029297,2002100,0.0,0.0
2018-02-12 00:00:00-05:00,141.07863411752655,141.78542011683172,137.54470412100065,141.22149658203125,1405600,0.0,0.0
2018-02-13 00:00:00-05:00,141.31926724569192,143.07119146379364,140.9809153434788,142.25914001464844,1054500,0.0,0.0
2018-02-14 00:00:00-05:00,141.21399890478466,141.46964153888638,138.86808019551046,140.43954467773438,963800,0.0,0.0
2018-02-15 00:00:00-05:00,140.9959454991767,143.87571681492662,140.60495524539712,143.2215576171875,931900,0.0,0.0
2018-02-16 00:00:00-05:00,142.84562324107014,143.58249177077528,140.620010893993,141.92079162597656,1112600,0.0,0.0
2018-02-20 00:00:00-05:00,141.07870834996584,143.04867859671228,139.7854421118249,140.08619689941406,1377200,0.0,0.0
2018-02-21 00:00:00-05:00,140.58241659973604,146.03367890755928,139.68014099512146,143.42459106445312,2526900,0.0,0.0
2018-02-22 00:00:00-05:00,144.0862413551828,146.14643487478548,143.43960850880524,145.2216033935547,1466500,0.0,0.0
2018-02-23 00:00:00-05:00,145.36447018795033,147.17654747639776,144.99603596548948,147.1314239501953,778200,0.0,0.0
2018-02-26 00:00:00-05:00,147.40965115707283,148.43223321483694,145.34944586439988,147.28182983398438,879900,0.0,0.0
2018-02-27 00:00:00-05:00,147.77806590933807,148.6803529200255,144.75544343192533,145.0561981201172,979400,0.0,0.0
2018-02-28 00:00:00-05:00,145.7328930186216,147.8833105375771,145.2065551782336,146.19906616210938,1152600,0.0,0.0
2018-03-01 00:00:00-05:00,146.04874194266333,149.2443099806706,145.17653708934375,147.4547882080078,1195900,0.0,0.0
2018-03-02 00:00:00-05:00,147.50738206617535,148.58260244866833,144.988530002255,146.62014770507812,950600,0.0,0.0
2018-03-05 00:00:00-05:00,146.68780310689317,149.62772754228737,146.68780310689317,148.38710021972656,1146900,0.0,0.0
2018-03-06 00:00:00-05:00,147.97358789590834,149.68791510393243,146.9359645693989,148.9961700439453,711800,0.0,0.0
2018-03-07 00:00:00-05:00,148.3720765359183,149.5600770955334,147.6728052281259,148.88336181640625,583900,0.0,0.0
2018-03-08 00:00:00-05:00,148.9811172013794,150.74808265918847,148.22170410730862,150.23678588867188,756600,0.0,0.0
2018-03-09 00:00:00-05:00,150.43980297588723,150.68040444948048,148.62772544299594,150.34957885742188,884100,0.0,0.0
2018-03-12 00:00:00-04:00,150.34956619402365,150.6879180828274,149.2969018506771,149.93601989746094,1004300,0.0,0.0
2018-03-13 00:00:00-04:00,150.38415046186824,151.1436663732918,149.4423465595575,149.92843627929688,1022200,2.0,0.0
2018-03-14 00:00:00-04:00,150.29299188691255,150.74869441841446,146.5865510330477,147.8093719482422,1903300,0.0,0.0
2018-03-15 00:00:00-04:00,147.93848473986014,148.3865962748053,147.1333998562526,148.2346954345703,675900,0.0,0.0
2018-03-16 00:00:00-04:00,148.5005215876445,150.53601821974354,148.31064265154762,150.39170837402344,1136300,0.0,0.0
2018-03-19 00:00:00-04:00,150.4145270294129,150.44491415608215,148.52333981416066,149.41197204589844,840200,0.0,0.0
2018-03-20 00:00:00-04:00,149.5486647759857,150.87781750056914,149.26005663650903,150.40692138671875,886800,0.0,0.0
2018-03-21 00:00:00-04:00,150.57402597437536,151.59937706691673,148.97903796137606,150.7790985107422,1108300,0.0,0.0
2018-03-22 00:00:00-04:00,150.62721519050277,151.82724024410055,148.56892177893567,148.6296844482422,1045900,0.0,0.0
2018-03-23 00:00:00-04:00,148.6448881867739,149.84491332250644,146.3283619640719,146.62457275390625,850400,0.0,0.0
2018-03-26 00:00:00-04:00,147.55875663599195,149.5790718279533,146.9815286908431,149.32843017578125,703800,0.0,0.0
2018-03-27 00:00:00-04:00,149.62462617508461,151.77405747481234,147.54354852212853,150.46009826660156,921700,0.0,0.0
2018-03-28 00:00:00-04:00,150.8854328917659,154.80453775398416,150.39934317477477,153.5133514404297,1249500,0.0,0.0
2018-03-29 00:00:00-04:00,153.49053049722107,154.10573638184158,151.3410995989671,152.19935607910156,986800,0.0,0.0
2018-04-02 00:00:00-04:00,152.70066843312438,153.33865898438168,150.39933626735925,151.45506286621094,762700,0.0,0.0
2018-04-03 00:00:00-04:00,151.46262215817143,153.17153251312578,149.83725899525314,152.37403869628906,694600,0.0,0.0
2018-04-04 00:00:00-04:00,152.16899974226985,155.51086472706143,151.66771651776358,154.9716033935547,896200,0.0,0.0
2018-04-05 00:00:00-04:00,154.62984397216297,154.62984397216297,151.43228842654352,152.93612670898438,863300,0.0,0.0
2018-04-06 00:00:00-04:00,153.1184056420253,154.0601979136073,150.99934985238056,151.3563232421875,724200,0.0,0.0
2018-04-09 00:00:00-04:00,151.5993393335993,153.11837074339772,150.9841218776274,151.7664337158203,806500,0.0,0.0
2018-04-10 00:00:00-04:00,151.8651914170022,153.57410207418368,151.65252790680742,152.2449493408203,701500,0.0,0.0
2018-04-11 00:00:00-04:00,151.82718381171833,153.09558522943905,150.76386646731217,150.90057373046875,581900,0.0,0.0
2018-04-12 00:00:00-04:00,150.9081914169358,151.04489869378259,148.40178703779247,149.1005401611328,718200,0.0,0.0
2018-04-13 00:00:00-04:00,149.42710117822514,149.8752125943846,148.40175049717993,149.8372344970703,654700,0.0,0.0
2018-04-16 00:00:00-04:00,150.5740190833578,150.9917551237678,149.13094358662386,149.69297790527344,755600,0.0,0.0
2018-04-17 00:00:00-04:00,150.38411758142556,151.57656286450137,149.51827009528594,150.81704711914062,778300,0.0,0.0
2018-04-18 00:00:00-04:00,151.2727282881006,151.43223167142926,150.08029476241083,150.32333374023438,596400,0.0,0.0
2018-04-19 00:00:00-04:00,149.89803077973698,150.00436252251043,146.02449577002167,147.18655395507812,734500,0.0,0.0
2018-04-20 00:00:00-04:00,147.67267921929346,147.9461054223168,145.98656448815862,146.39669799804688,970000,0.0,0.0
2018-04-23 00:00:00-04:00,146.84477048802592,146.89794215272076,145.84221573698886,146.50299072265625,786500,0.0,0.0
2018-04-24 00:00:00-04:00,146.1536303642809,147.7486182949466,145.86502222019936,147.16378784179688,998400,0.0,0.0
2018-04-25 00:00:00-04:00,146.8827428666852,148.18911081657023,145.9713263314675,147.12579345703125,748600,0.0,0.0
2018-04-26 00:00:00-04:00,149.24483601269577,154.27282627055578,148.60684560201,151.7664337158203,1829300,0.0,0.0
2018-04-27 00:00:00-04:00,151.33354373680024,154.36401636319832,150.67276860948434,153.7639923095703,748000,0.0,0.0
2018-04-30 00:00:00-04:00,154.44752642096867,154.9260134442332,153.09558936543303,153.2550811767578,896500,0.0,0.0
2018-05-01 00:00:00-04:00,153.3007142219788,156.1944684704611,152.41967283708016,155.32102966308594,1253200,0.0,0.0
2018-05-02 00:00:00-04:00,154.38680554808107,156.4602807813955,152.7462483662244,155.46531677246094,858500,0.0,0.0
2018-05-03 00:00:00-04:00,155.837467044905,157.40967052324507,154.86528761851525,156.3919219970703,1156500,0.0,0.0
2018-05-04 00:00:00-04:00,156.14126938071263,158.032468013871,155.76151145681442,157.5159912109375,495100,0.0,0.0
2018-05-07 00:00:00-04:00,157.47801760610875,159.68062058130988,156.52862276920115,159.48313903808594,851000,0.0,0.0
2018-05-08 00:00:00-04:00,159.49834887158482,160.1363394856407,158.86794924485332,159.52113342285156,1118000,0.0,0.0
2018-05-09 00:00:00-04:00,159.86291421334246,160.69838639564003,158.8907347226473,160.66799926757812,549800,0.0,0.0
2018-05-10 00:00:00-04:00,161.3136064504421,162.47566502976514,160.6376376586183,160.90347290039062,653900,0.0,0.0
2018-05-11 00:00:00-04:00,161.53381361241853,161.89078696297906,160.46290515002815,160.7135467529297,698200,0.0,0.0
2018-05-14 00:00:00-04:00,160.61481426197264,161.54142450612784,157.98688437837197,159.072998046875,658700,0.0,0.0
2018-05-15 00:00:00-04:00,157.82740658676244,158.63249158774525,155.93620782063445,156.3919219970703,957300,0.0,0.0
2018-05-16 00:00:00-04:00,157.18937492467686,157.57672376089616,155.5032491375976,156.15643310546875,598800,0.0,0.0
2018-05-17 00:00:00-04:00,155.4121388787642,156.15647280088515,154.41717490962515,154.81971740722656,597700,0.0,0.0
2018-05-18 00:00:00-04:00,155.01718225959658,155.71593541770065,153.30066910295966,154.62982177734375,784100,0.0,0.0
2018-05-21 00:00:00-04:00,155.01718299435942,156.36151764710422,153.710814861058,155.62478637695312,563200,0.0,0.0
2018-05-22 00:00:00-04:00,155.5108852594536,155.89823420810083,154.4703521533488,155.02479553222656,616100,0.0,0.0
2018-05-23 00:00:00-04:00,155.60200069031703,157.834979031804,155.5488406099105,156.96913146972656,571700,0.0,0.0
2018-05-24 00:00:00-04:00,157.17420998950342,157.8197915007728,156.4374786965963,157.32611083984375,563900,0.0,0.0
2018-05-25 00:00:00-04:00,158.0704878843809,158.9819164807819,157.4021215934618,158.3515167236328,439700,0.0,0.0
2018-05-29 00:00:00-04:00,158.33624871576413,159.45273779107868,157.56914198338285,159.38438415527344,883200,0.0,0.0
2018-05-30 00:00:00-04:00,159.20972533952946,161.6781521089519,158.79200084998493,161.1920623779297,506800,0.0,0.0
2018-05-31 00:00:00-04:00,160.26544392585777,161.53383407262268,159.39200528726226,160.89584350585938,1553200,0.0,0.0
2018-06-01 00:00:00-04:00,160.97935556918105,161.10088086659053,159.49830222353484,160.7287139892578,559800,0.0,0.0
2018-06-04 00:00:00-04:00,161.39713459121452,162.5743865966797,160.50850234676867,162.5743865966797,582000,0.0,0.0
2018-06-05 00:00:00-04:00,162.77184739148979,163.59971692436076,161.56421991627877,161.6857452392578,810700,0.0,0.0
2018-06-06 00:00:00-04:00,161.44268674998415,162.95412745921294,161.04014427780373,162.2325897216797,695700,0.0,0.0
2018-06-07 00:00:00-04:00,162.69587757910364,163.70602335082856,161.85281461400268,163.4022216796875,834300,0.0,0.0
2018-06-08 00:00:00-04:00,163.5845276354184,164.63265162868547,162.779442687948,164.47315979003906,769700,0.0,0.0
2018-06-11 00:00:00-04:00,164.51871935919144,165.07316265310217,163.63008725603322,164.54150390625,767700,0.0,0.0
2018-06-12 00:00:00-04:00,164.4341902527629,166.08236044118618,163.8745806660689,165.5227508544922,813300,2.0,0.0
2018-06-13 00:00:00-04:00,166.06701381973645,166.7262841425225,162.58667570969894,162.76300048828125,701600,0.0,0.0
2018-06-14 00:00:00-04:00,162.9086380421065,165.27741877600846,162.9086380421065,164.40350341796875,634700,0.0,0.0
2018-06-15 00:00:00-04:00,164.8558129314167,166.15901858082998,163.85923977694307,164.06622314453125,1313900,0.0,0.0
2018-06-18 00:00:00-04:00,163.98958282771622,165.29278866511743,163.13100236021077,164.5721893310547,627300,0.0,0.0
2018-06-19 00:00:00-04:00,163.6522949948176,167.3856114208415,163.60630127946038,166.4043731689453,1145400,0.0,0.0
2018-06-20 00:00:00-04:00,166.45798065598186,167.96050787611435,165.95969995343222,167.52354431152344,757400,0.0,0.0
2018-06-21 00:00:00-04:00,167.3242434220595,170.20662865050383,167.06359293387726,170.06097412109375,1002000,0.0,0.0
2018-06-22 00:00:00-04:00,170.03033064718994,173.44166717594572,169.57037016582203,173.2193603515625,1176300,0.0,0.0
2018-06-25 00:00:00-04:00,172.75175140965032,173.44168048737242,171.27222071561346,172.98171997070312,1137700,0.0,0.0
2018-06-26 00:00:00-04:00,173.1197212223222,176.1017679142172,172.13080957258327,175.54981994628906,1732200,0.0,0.0
2018-06-27 00:00:00-04:00,175.54211447404063,176.38535965572237,173.8862709829601,174.16990661621094,1251500,0.0,0.0
2018-06-28 00:00:00-04:00,173.8556308840419,176.02509059702075,173.8556308840419,175.4961395263672,817700,0.0,0.0
2018-06-29 00:00:00-04:00,174.82919574925856,175.91009467449317,173.21168406949354,173.90928649902344,1237800,0.0,0.0
2018-07-02 00:00:00-04:00,173.90926696196556,175.31213338231967,171.47149544055827,173.51063537597656,710700,0.0,0.0
2018-07-03 00:00:00-04:00,173.69467390367063,177.03702043961732,172.71343562681315,175.8871307373047,578000,0.0,0.0
2018-07-05 00:00:00-04:00,175.8794240943916,178.5624995595958,175.45013389152385,178.39385986328125,717500,0.0,0.0
2018-07-06 00:00:00-04:00,178.73117729073306,180.07271522102207,177.3053136512203,178.01058959960938,933300,0.0,0.0
2018-07-09 00:00:00-04:00,178.14853589436004,178.14853589436004,173.90927779970548,176.0404052734375,1002000,0.0,0.0
2018-07-10 00:00:00-04:00,176.56937815448106,178.07956739486607,175.51914942182165,176.86068725585938,882000,0.0,0.0
2018-07-11 00:00:00-04:00,176.43904242024456,177.40494536038906,175.64177917356736,175.98675537109375,818000,0.0,0.0
2018-07-12 00:00:00-04:00,176.51568130794865,176.70732953768783,175.51144645568013,175.9484100341797,757300,0.0,0.0
2018-07-13 00:00:00-04:00,176.2703608417997,176.87596404320314,174.5378535239648,174.84449768066406,500600,0.0,0.0
2018-07-16 00:00:00-04:00,173.24999199985874,173.80960153063782,171.34117150529997,172.89735412597656,842700,0.0,0.0
2018-07-17 00:00:00-04:00,173.3573473834682,173.60266276782997,168.2135030039651,168.43582153320312,1525100,0.0,0.0
2018-07-18 00:00:00-04:00,168.31313277071197,169.1717130629231,166.94859836461396,167.9911651611328,972900,0.0,0.0
2018-07-19 00:00:00-04:00,167.99122106583576,171.2492419270128,167.87623677317802,170.53631591796875,953100,0.0,0.0
2018-07-20 00:00:00-04:00,170.53630055976964,170.53630055976964,168.82678958099316,170.27565002441406,590900,0.0,0.0
2018-07-23 00:00:00-04:00,169.9229956381646,170.45194664377823,168.61978996619595,169.125732421875,561800,0.0,0.0
2018-07-24 00:00:00-04:00,168.92642884403577,169.60103440678347,167.7382073904799,168.14450073242188,890500,0.0,0.0
2018-07-25 00:00:00-04:00,168.6274258673254,168.97239030160796,167.74584879112797,168.39744567871094,1085000,0.0,0.0
2018-07-26 00:00:00-04:00,169.2330763892756,169.8923468758127,167.53123889373288,167.94520568847656,853200,0.0,0.0
2018-07-27 00:00:00-04:00,168.6274696765562,168.6274696765562,164.42654314909714,165.09347534179688,1127500,0.0,0.0
2018-07-30 00:00:00-04:00,165.79873875226383,166.26636096608493,164.1275715700292,164.4342041015625,1116300,0.0,0.0
2018-07-31 00:00:00-04:00,165.05512102777746,167.15558985606722,164.66416284653278,166.9869384765625,2450300,0.0,0.0
2018-08-01 00:00:00-04:00,161.75877071334656,167.0482689737321,161.27582511931266,166.7186279296875,2014200,0.0,0.0
2018-08-02 00:00:00-04:00,154.12355742378503,162.5944141958795,154.12355742378503,161.1455535888672,2055000,0.0,0.0
2018-08-03 00:00:00-04:00,161.59776299552502,165.20074678075412,161.55176929954027,164.0355224609375,1604800,0.0,0.0
2018-08-06 00:00:00-04:00,164.03555082622393,165.99802684277836,163.65225436370065,165.4460906982422,790100,0.0,0.0
2018-08-07 00:00:00-04:00,165.4614208837217,166.6879742927381,164.70250134322902,166.23568725585938,680800,0.0,0.0
2018-08-08 00:00:00-04:00,166.28936788332445,167.77656031554224,165.614762236393,166.51934814453125,857200,0.0,0.0
2018-08-09 00:00:00-04:00,166.74163657802362,167.24759075735744,164.94015007492519,165.423095703125,675000,0.0,0.0
2018-08-10 00:00:00-04:00,164.963111478249,166.5269556906066,164.22717722125367,164.6104736328125,526700,0.0,0.0
2018-08-13 00:00:00-04:00,164.6104950681691,165.97502953522408,164.20420175479202,164.97079467773438,499300,0.0,0.0
2018-08-14 00:00:00-04:00,164.7561560949053,166.0210414860291,164.4725204453564,165.53041076660156,670500,0.0,0.0
2018-08-15 00:00:00-04:00,165.86006605680663,168.2518325329289,165.3234532829691,168.04486083984375,831900,0.0,0.0
2018-08-16 00:00:00-04:00,167.98350341387052,169.84631851838384,167.7075295060968,169.31736755371094,710000,0.0,0.0
2018-08-17 00:00:00-04:00,169.8387009771197,171.5865322818872,169.37874044543048,171.38722229003906,1388100,0.0,0.0
2018-08-20 00:00:00-04:00,171.31055182279567,172.7057451075263,170.20665594632032,170.55162048339844,695100,0.0,0.0
2018-08-21 00:00:00-04:00,170.4366001355898,170.7279091794799,169.2177202371223,169.30970764160156,635800,0.0,0.0
2018-08-22 00:00:00-04:00,165.21609800698624,166.21267107375863,160.9615052547558,161.78175354003906,1547100,0.0,0.0
2018-08-23 00:00:00-04:00,161.75113929096767,162.4794003748592,161.52883244538134,162.26475524902344,657200,0.0,0.0
2018-08-24 00:00:00-04:00,162.26473194702405,164.11222380513516,162.13441254628697,163.5142822265625,451800,0.0,0.0
2018-08-27 00:00:00-04:00,163.98958302269025,164.54153095168044,161.6514718925626,163.2766571044922,769900,0.0,0.0
2018-08-28 00:00:00-04:00,163.2996270685422,164.59517097470786,162.08073543599698,164.5568389892578,712700,0.0,0.0
2018-08-29 00:00:00-04:00,164.6564515998244,164.68712186029475,162.885624219167,163.0389404296875,673000,0.0,0.0
2018-08-30 00:00:00-04:00,163.13099388176835,163.36863584186747,161.7434624136172,162.24940490722656,886200,0.0,0.0
2018-08-31 00:00:00-04:00,162.5176703135445,163.68289462121896,162.06538337803738,162.96229553222656,973000,0.0,0.0
2018-09-04 00:00:00-04:00,163.2153073823631,164.1428782990591,162.83201090832475,163.3609619140625,1090500,0.0,0.0
2018-09-05 00:00:00-04:00,163.00838309435326,165.55347821914498,162.2264547286627,165.35415649414062,805000,0.0,0.0
2018-09-06 00:00:00-04:00,165.59175750659182,166.30469511270664,164.59519591754926,164.6258544921875,715300,0.0,0.0
2018-09-07 00:00:00-04:00,163.67525026546116,163.82090479193917,160.08760101176546,160.30224609375,972600,0.0,0.0
2018-09-10 00:00:00-04:00,161.53647887064875,162.88567834777,161.27584005642322,162.29541015625,867700,0.0,0.0
2018-09-11 00:00:00-04:00,161.68398832350226,163.0073690815972,161.11129523253587,161.23512268066406,699000,2.0,0.0
2018-09-12 00:00:00-04:00,161.15777049602326,163.22409272414967,160.34516894794626,162.3418426513672,759400,0.0,0.0
2018-09-13 00:00:00-04:00,162.90679727013634,163.45627432380093,162.0941956820806,162.4579315185547,843800,0.0,0.0
2018-09-14 00:00:00-04:00,161.9703504576895,162.1251406928078,158.96761119955357,159.87307739257812,1009100,0.0,0.0
2018-09-17 00:00:00-04:00,160.09749794806388,161.54470628855412,159.3855077685238,161.14227294921875,997000,0.0,0.0
2018-09-18 00:00:00-04:00,161.2274268856311,161.87750343226926,158.7741525443498,158.9908447265625,700600,0.0,0.0
2018-09-19 00:00:00-04:00,159.2539647015621,159.2539647015621,157.27277234442911,157.9538116455078,864900,0.0,0.0
2018-09-20 00:00:00-04:00,158.2401220028252,158.77411755160261,157.141179946992,158.665771484375,660000,0.0,0.0
2018-09-21 00:00:00-04:00,158.4103985895466,159.37777850979265,157.66744561490938,158.0543975830078,1308200,0.0,0.0
2018-09-24 00:00:00-04:00,158.09313932069432,158.32531292820164,155.5624694356609,156.2744598388672,893800,0.0,0.0
2018-09-25 00:00:00-04:00,156.80069952260024,158.16276639489908,156.42148228817655,156.6072235107422,668500,0.0,0.0
2018-09-26 00:00:00-04:00,156.98642254234196,157.4585044288905,155.5237445346484,155.6707763671875,722600,0.0,0.0
2018-09-27 00:00:00-04:00,155.93391635018702,156.65364137950854,154.12297207192356,154.3861083984375,771800,0.0,0.0
2018-09-28 00:00:00-04:00,154.59502810535193,156.12736622358224,154.32416884441383,156.042236328125,937400,0.0,0.0
2018-10-01 00:00:00-04:00,156.49112391430637,156.49112391430637,154.12296789291804,154.1539306640625,639600,0.0,0.0
2018-10-02 00:00:00-04:00,154.54087270720152,155.42312268670983,154.17713692707792,154.96652221679688,576500,0.0,0.0
2018-10-03 00:00:00-04:00,155.23740470544487,155.7946165451541,151.40658216407252,152.9930877685547,1166100,0.0,0.0
2018-10-04 00:00:00-04:00,152.00246280699648,153.1555720222124,150.74873050044374,153.04722595214844,879200,0.0,0.0
2018-10-05 00:00:00-04:00,153.34904487033012,154.72659279404152,152.74540080528064,154.0146026611328,1307500,0.0,0.0
2018-10-08 00:00:00-04:00,154.16937972964442,156.7232527983208,154.09971941359154,155.7017059326172,986900,0.0,0.0
2018-10-09 00:00:00-04:00,155.9029264539401,155.9029264539401,154.58729228561683,155.50823974609375,849700,0.0,0.0
2018-10-10 00:00:00-04:00,155.20642458571658,156.40597795445024,153.6663516223658,153.75921630859375,675700,0.0,0.0
2018-10-11 00:00:00-04:00,154.68792120981155,154.78078590252528,151.16665596876175,151.43751525878906,1177800,0.0,0.0
2018-10-12 00:00:00-04:00,151.83995764989692,152.78412144482937,150.5475394277144,152.34300231933594,1154900,0.0,0.0
2018-10-15 00:00:00-04:00,151.94828442514094,154.96651663171747,151.9250682535303,153.44192504882812,669100,0.0,0.0
2018-10-16 00:00:00-04:00,153.58899288087878,154.61054001925208,153.01629967027512,154.09202575683594,840700,0.0,0.0
2018-10-17 00:00:00-04:00,154.07654413041735,154.39384760372403,152.2346606451546,153.33360290527344,742500,0.0,0.0
2018-10-18 00:00:00-04:00,153.31038814701017,154.53314608339576,152.32752675397415,153.34133911132812,807300,0.0,0.0
2018-10-19 00:00:00-04:00,153.58121453959237,155.2838006241996,152.42035878070075,154.74981689453125,1182600,0.0,0.0
2018-10-22 00:00:00-04:00,155.16001446510737,156.4601674938546,152.01795436129277,152.12631225585938,819100,0.0,0.0
2018-10-23 00:00:00-04:00,151.95603907596345,154.11522581205023,150.20700866301647,152.9388885498047,1376000,0.0,0.0
2018-10-24 00:00:00-04:00,153.34136767482838,157.40436445878268,152.5442473457312,155.33030700683594,1066500,0.0,0.0
2018-10-25 00:00:00-04:00,154.67243240630006,157.33466368555062,153.9913932021654,156.11962890625,776100,0.0,0.0
2018-10-26 00:00:00-04:00,156.3131095821188,156.92450028845275,153.63540864682227,155.41539001464844,1003300,0.0,0.0
2018-10-29 00:00:00-04:00,156.4601501036679,159.9736804239126,156.16606284273175,159.4551544189453,1333400,0.0,0.0
2018-10-30 00:00:00-04:00,159.4242384728782,162.67463320618847,158.7122481453027,160.74761962890625,1984500,0.0,0.0
2018-10-31 00:00:00-04:00,161.12676154072244,163.6806463274567,158.4413145309742,159.01400756835938,1885900,0.0,0.0
2018-11-01 00:00:00-04:00,159.29266146277547,161.7382009326856,158.51875746410803,159.5093536376953,883800,0.0,0.0
2018-11-02 00:00:00-04:00,159.42420836078725,159.42420836078725,153.00855002603984,154.18487548828125,1797700,0.0,0.0
2018-11-05 00:00:00-05:00,154.29322863659138,157.09476900017057,154.29322863659138,156.01904296875,1212200,0.0,0.0
2018-11-06 00:00:00-05:00,156.26665374883365,157.44299083032797,156.15830768927722,156.94769287109375,1051700,0.0,0.0
2018-11-07 00:00:00-05:00,157.4894623163195,158.00797657371567,155.8410430351142,157.45851135253906,1120800,0.0,0.0
2018-11-08 00:00:00-05:00,157.00966581048164,158.71998723918162,156.62271376485944,158.68128967285156,845700,0.0,0.0
2018-11-09 00:00:00-05:00,158.82830317060225,160.90237188176985,158.7277036878598,159.69508361816406,839700,0.0,0.0
2018-11-12 00:00:00-05:00,160.10527670276826,162.62819970280458,160.10527670276826,160.83274841308594,775100,0.0,0.0
2018-11-13 00:00:00-05:00,160.78631521592146,161.66856543760184,159.58677328075404,161.26614379882812,664200,0.0,0.0
2018-11-14 00:00:00-05:00,161.70722863858808,163.32468506644724,161.30479527650138,161.8387908935547,808000,0.0,0.0
2018-11-15 00:00:00-05:00,161.3048307194236,161.94717255869693,160.16720252252912,160.46902465820312,901900,0.0,0.0
2018-11-16 00:00:00-05:00,160.31421738573363,163.61879094761068,159.90404918866946,163.58009338378906,828100,0.0,0.0
2018-11-19 00:00:00-05:00,163.83546880425843,164.9189414523027,162.49661823677343,164.11407470703125,731200,0.0,0.0
2018-11-20 00:00:00-05:00,164.72544249721173,166.38159629704845,162.82163379217084,163.47171020507812,892900,0.0,0.0
2018-11-21 00:00:00-05:00,162.78295014446135,163.80450900245168,161.49826678383846,161.5137481689453,677700,0.0,0.0
2018-11-23 00:00:00-05:00,161.66852613711947,161.66852613711947,160.19811339471238,160.70889282226562,336600,0.0,0.0
2018-11-26 00:00:00-05:00,161.1035729339095,161.2815675238696,159.64089503991173,159.9349822998047,802500,0.0,0.0
2018-11-27 00:00:00-05:00,160.2445383994287,161.6298329826128,159.04498500198238,161.444091796875,671000,0.0,0.0
2018-11-28 00:00:00-05:00,161.2274087654474,163.3711259794484,160.94106808731317,162.80616760253906,657600,0.0,0.0
2018-11-29 00:00:00-05:00,162.798433638303,164.94215086315387,161.52923164634694,163.95928955078125,865100,0.0,0.0
2018-11-30 00:00:00-05:00,164.6945159314796,165.0659865621038,163.0074108020643,165.0427703857422,1703900,0.0,0.0
2018-12-03 00:00:00-05:00,165.03501134999053,165.9172613486288,163.23181379485052,164.39266967773438,1355900,0.0,0.0
2018-12-04 00:00:00-05:00,164.49328643415896,167.2406478100736,163.3324305126883,163.92059326171875,1086200,0.0,0.0
2018-12-06 00:00:00-05:00,163.33244566491766,167.7049986512274,162.51210929372365,167.3412628173828,2026100,0.0,0.0
2018-12-07 00:00:00-05:00,166.9155768759721,166.92332347213505,164.48551925676009,165.72377014160156,1486700,0.0,0.0
2018-12-10 00:00:00-05:00,165.81667391176097,166.16494017379168,163.54140597344673,165.56903076171875,774500,0.0,0.0
2018-12-11 00:00:00-05:00,166.42053542168958,167.54547547088728,164.6081412804171,164.63157653808594,1623000,2.0,0.0
2018-12-12 00:00:00-05:00,164.88936788580364,165.8424294630488,159.53809514581835,159.5927734375,1619400,0.0,0.0
2018-12-13 00:00:00-05:00,157.99911228038516,160.30367049572317,155.09302135058027,155.49925231933594,2154500,0.0,0.0
2018-12-14 00:00:00-05:00,155.55389409178915,159.42087728527727,155.35078461522954,158.9521484375,1598700,0.0,0.0
2018-12-17 00:00:00-05:00,158.98343263440415,159.60059284113777,155.5851893289648,155.90548706054688,1642900,0.0,0.0
2018-12-18 00:00:00-05:00,156.74915439891154,160.27240502735293,156.74915439891154,159.47557067871094,1515600,0.0,0.0
2018-12-19 00:00:00-05:00,159.25685595006533,160.62396816961893,157.99911223126514,158.7803192138672,1186900,0.0,0.0
2018-12-20 00:00:00-05:00,158.31158222345914,160.27241927927176,157.06946604501232,158.5303192138672,1364100,0.0,0.0
2018-12-21 00:00:00-05:00,159.2802756689887,163.53004314704557,158.01472429510832,158.81936645507812,2540500,0.0,0.0
2018-12-24 00:00:00-05:00,158.62408876337216,159.37404083179726,153.60874109478883,153.63998413085938,829300,0.0,0.0
2018-12-26 00:00:00-05:00,153.70249296945943,156.7648232922173,152.9056584102892,156.55389404296875,1014400,0.0,0.0
2018-12-27 00:00:00-05:00,156.5538793163866,157.7022545694306,152.88220877031577,157.5772705078125,1036100,0.0,0.0
2018-12-28 00:00:00-05:00,158.47564140265285,160.2177295530208,157.0772862154654,157.72567749023438,1208400,0.0,0.0
2018-12-31 00:00:00-05:00,157.95223325086576,158.42876996151415,156.32732138374124,158.1240997314453,1215100,0.0,0.0
2019-01-02 00:00:00-05:00,156.9444628842908,157.178827340499,151.4682067562589,152.38221740722656,1222700,0.0,0.0
2019-01-03 00:00:00-05:00,152.42910709933068,156.7570005851722,152.39005628527383,155.303955078125,1217000,0.0,0.0
2019-01-04 00:00:00-05:00,155.01487950982693,156.51480724829034,153.21811317529568,153.5852813720703,978500,0.0,0.0
2019-01-07 00:00:00-05:00,153.42903966901778,155.01488881828487,152.43691542862408,153.15562438964844,732700,0.0,0.0
2019-01-08 00:00:00-05:00,152.78065905355552,155.92110261798538,152.78065905355552,155.90548706054688,1135600,0.0,0.0
2019-01-09 00:00:00-05:00,156.71011129475596,156.74916210413366,153.39778969701263,154.819580078125,713100,0.0,0.0
2019-01-10 00:00:00-05:00,155.17112451908852,158.05377977879613,154.91332482136247,156.9600830078125,964500,0.0,0.0
2019-01-11 00:00:00-05:00,157.0148105058149,157.79601756195956,156.3195367026571,156.7882537841797,829100,0.0,0.0
2019-01-14 00:00:00-05:00,156.88979474616417,158.67094565610793,156.05389757969004,156.98353576660156,741300,0.0,0.0
2019-01-15 00:00:00-05:00,157.2569894189828,159.52248520925016,157.1085581648108,159.37405395507812,484500,0.0,0.0
2019-01-16 00:00:00-05:00,158.8896894361518,160.0146294105308,157.50694972428818,159.6083984375,556900,0.0,0.0
2019-01-17 00:00:00-05:00,159.34278371921658,160.39741787759633,158.46783574325673,160.10055541992188,483100,0.0,0.0
2019-01-18 00:00:00-05:00,160.14742237420833,160.14742237420833,158.13190704267592,158.6865692138672,669700,0.0,0.0
2019-01-22 00:00:00-05:00,158.8740814248313,158.97564216060098,156.1711115799112,157.42103576660156,919400,0.0,0.0
2019-01-23 00:00:00-05:00,157.13197052884408,157.78818152720484,155.00708660248995,157.67100524902344,918200,0.0,0.0
2019-01-24 00:00:00-05:00,157.9834695575103,159.8505535895235,157.22569790365452,158.29595947265625,630800,0.0,0.0
2019-01-25 00:00:00-05:00,158.4599728619004,160.67859715077284,158.4599728619004,160.64735412597656,884500,0.0,0.0
2019-01-28 00:00:00-05:00,160.8895924555136,162.87386507353506,159.889648367161,162.64730834960938,919200,0.0,0.0
2019-01-29 00:00:00-05:00,162.91292113417586,164.45190005349656,162.1239062653955,164.365966796875,845200,0.0,0.0
2019-01-30 00:00:00-05:00,163.77225774268683,165.59247173585317,163.5457129261515,164.24879455566406,753800,0.0,0.0
2019-01-31 00:00:00-05:00,164.10818544272115,166.26431280291908,163.3972841025574,166.0221405029297,848300,0.0,0.0
2019-02-01 00:00:00-05:00,166.02989769597184,166.50643437085472,162.11605550802196,163.662841796875,652900,0.0,0.0
2019-02-04 00:00:00-05:00,163.25664854483404,163.905051836988,162.43637874534892,163.4128875732422,854700,0.0,0.0
2019-02-05 00:00:00-05:00,163.41289186454233,163.647256373446,162.0457794695907,163.25665283203125,1139300,0.0,0.0
2019-02-06 00:00:00-05:00,163.670643917507,163.670643917507,162.29572414385527,162.91287231445312,868700,0.0,0.0
2019-02-07 00:00:00-05:00,162.91291052182152,164.0378505642149,162.11608792535404,163.92848205566406,1286300,0.0,0.0
2019-02-08 00:00:00-05:00,163.84257149321326,166.0065186266351,163.4675954005807,164.49879455566406,1148300,0.0,0.0
2019-02-11 00:00:00-05:00,164.084736001861,164.94406859025005,163.65508162794094,164.451904296875,748400,0.0,0.0
2019-02-12 00:00:00-05:00,164.23311555167476,164.30343322878514,162.0144909205274,162.2879180908203,1013900,0.0,0.0
2019-02-13 00:00:00-05:00,161.94420888339152,162.95978033859478,161.08487643969514,162.45980834960938,608600,0.0,0.0
2019-02-14 00:00:00-05:00,162.73321129986746,163.20974799700542,161.4754676841605,162.60821533203125,454900,0.0,0.0
2019-02-15 00:00:00-05:00,163.256606972444,163.30347747700372,161.8504322342975,162.2879180908203,641800,0.0,0.0
2019-02-19 00:00:00-05:00,162.49105161684741,162.6629181058332,161.68640938217425,162.42074584960938,774600,0.0,0.0
2019-02-20 00:00:00-05:00,162.34258924773476,162.34258924773476,159.6083653458897,160.63174438476562,898000,0.0,0.0
2019-02-21 00:00:00-05:00,158.66310289145483,158.9912083109083,155.87418894569615,156.6163330078125,1306300,0.0,0.0
2019-02-22 00:00:00-05:00,156.88984671310877,158.21789659704413,156.0930120146371,157.13201904296875,780200,0.0,0.0
2019-02-25 00:00:00-05:00,157.30386328604936,157.8116431366623,155.9211233712353,157.34292602539062,945500,0.0,0.0
2019-02-26 00:00:00-05:00,157.74911428123232,158.74907014761916,156.8429232752529,158.35064697265625,818700,0.0,0.0
2019-02-27 00:00:00-05:00,158.74125498354707,164.40500555399544,158.33502401874898,163.74879455566406,1908600,0.0,0.0
2019-02-28 00:00:00-05:00,163.6706547449405,166.43613387023893,162.99881632831213,165.2174530029297,1813900,0.0,0.0
2019-03-01 00:00:00-05:00,164.8659265085622,166.20179577593532,163.46757116857563,165.6158905029297,1001500,0.0,0.0
2019-03-04 00:00:00-05:00,166.0298784685349,166.31892116694655,163.63938759343296,165.88926696777344,1048100,0.0,0.0
2019-03-05 00:00:00-05:00,165.28779332502688,167.12362278762905,165.28779332502688,166.5142822265625,595000,0.0,0.0
2019-03-06 00:00:00-05:00,166.74860873411416,167.52981562621147,165.85022557631075,166.56112670898438,838400,0.0,0.0
2019-03-07 00:00:00-05:00,167.05329645955317,168.0141896201708,166.72519096090537,167.31109619140625,1025500,0.0,0.0
2019-03-08 00:00:00-05:00,167.59233047990978,168.73289790211464,166.37364951279403,167.42828369140625,1057700,0.0,0.0
2019-03-11 00:00:00-04:00,167.74857411211445,170.98277058329467,167.74857411211445,170.95933532714844,956700,0.0,0.0
2019-03-12 00:00:00-04:00,171.49548264382173,172.4888780181972,170.79379603163648,172.0867919921875,1415900,2.0,0.0
2019-03-13 00:00:00-04:00,172.45731444602657,173.65569250537754,171.8186903642645,172.77267456054688,836100,0.0,0.0
2019-03-14 00:00:00-04:00,173.25360873455867,173.56108906066044,172.1025214446648,172.3232879638672,1518100,0.0,0.0
2019-03-15 00:00:00-04:00,172.3548276162753,172.43367366487274,170.2891910693764,171.5742950439453,1677900,0.0,0.0
2019-03-18 00:00:00-04:00,171.33780100696043,172.12621346431575,170.73072004633542,171.6846923828125,833200,0.0,0.0
2019-03-19 00:00:00-04:00,169.93439109382032,171.5664104181129,169.73728800809712,171.4639129638672,970900,0.0,0.0
2019-03-20 00:00:00-04:00,171.73989851286527,173.68727837516363,170.74650308105234,172.54408264160156,1213900,0.0,0.0
2019-03-21 00:00:00-04:00,172.48887430018007,175.12216898755528,171.92121637556733,175.0433349609375,783000,0.0,0.0
2019-03-22 00:00:00-04:00,175.3744596126764,178.22850870685636,175.04332784182282,175.12216186523438,1197600,0.0,0.0
2019-03-25 00:00:00-04:00,175.52424996214563,177.3533604067015,175.13792356957234,176.79359436035156,739800,0.0,0.0
2019-03-26 00:00:00-04:00,174.24703182847375,175.32716506914826,173.19056202918037,173.6241912841797,1109300,0.0,0.0
2019-03-27 00:00:00-04:00,173.54529936899564,174.05777454593022,171.69253781298457,172.81996154785156,1262100,0.0,0.0
2019-03-28 00:00:00-04:00,173.18264748204552,173.72665389003785,172.38634336533102,172.66229248046875,959500,0.0,0.0
2019-03-29 00:00:00-04:00,172.67807509135608,173.00131500969275,171.5033363669652,171.700439453125,1043700,0.0,0.0
2019-04-01 00:00:00-04:00,171.36146264188574,172.2996634167284,170.37594701139463,172.1183319091797,777900,0.0,0.0
2019-04-02 00:00:00-04:00,172.30756317695685,173.1590501645439,170.68343526794143,173.00135803222656,695900,0.0,0.0
2019-04-03 00:00:00-04:00,172.8751680199301,173.5610828697945,171.0775889421899,172.59133911132812,577200,0.0,0.0
2019-04-04 00:00:00-04:00,173.04863043013563,173.04863043013563,171.04605633118302,171.65313720703125,734300,0.0,0.0
2019-04-05 00:00:00-04:00,171.53487563743008,172.44942479313193,171.24315489610052,172.3232879638672,679100,0.0,0.0
2019-04-08 00:00:00-04:00,172.20504841621678,172.22869982764686,170.81744681470258,171.87391662597656,604900,0.0,0.0
2019-04-09 00:00:00-04:00,173.52166756768366,174.08932541013903,172.67018080400064,172.9776611328125,791200,0.0,0.0
2019-04-10 00:00:00-04:00,173.75034062331014,173.75034062331014,172.24446994752108,173.05653381347656,563000,0.0,0.0
2019-04-11 00:00:00-04:00,173.10379569210153,174.2864140944763,172.3469266515029,173.1668701171875,450700,0.0,0.0
2019-04-12 00:00:00-04:00,172.74899980916408,174.86193875739767,171.77136433791557,174.83828735351562,553400,0.0,0.0
2019-04-15 00:00:00-04:00,175.0354289810189,175.40598376378946,172.930369360086,173.8843536376953,513600,0.0,0.0
2019-04-16 00:00:00-04:00,173.95529000980937,174.4204503812126,170.44685766836807,171.432373046875,685600,0.0,0.0
2019-04-17 00:00:00-04:00,171.80294377322963,171.93697243354828,170.09997015350189,170.84107971191406,673100,0.0,0.0
2019-04-18 00:00:00-04:00,171.10129599316517,172.22084037723693,170.2971118188919,171.4403076171875,866300,0.0,0.0
2019-04-22 00:00:00-04:00,171.00665797160218,171.15645826402098,167.65590501249346,168.9962158203125,920200,0.0,0.0
2019-04-23 00:00:00-04:00,169.50867617571794,170.54149455688375,168.6966123173867,170.29708862304688,1026700,0.0,0.0
2019-04-24 00:00:00-04:00,170.8962909845145,172.36273873130105,170.04480403184294,172.04737854003906,640200,0.0,0.0
2019-04-25 00:00:00-04:00,171.3456407217309,171.56639519573685,170.17879392623996,170.91989135742188,821100,0.0,0.0
2019-04-26 00:00:00-04:00,171.53486301962724,173.11168755651306,170.4153070118478,172.62286376953125,699500,0.0,0.0
2019-04-29 00:00:00-04:00,172.4099865732687,173.39550189444446,170.8804769001856,171.23526000976562,677800,0.0,0.0
2019-04-30 00:00:00-04:00,171.40876650033113,174.89354834712282,169.72944400618314,174.38107299804688,1018300,0.0,0.0
2019-05-01 00:00:00-04:00,174.19973088301802,177.10897478946274,173.78187324103095,175.0354461669922,859400,0.0,0.0
2019-05-02 00:00:00-04:00,175.47693879557715,180.30201842566208,175.20886945929215,178.85922241210938,1122700,0.0,0.0
2019-05-03 00:00:00-04:00,179.363815997375,180.08127414861687,177.7948710342557,178.7725067138672,462100,0.0,0.0
2019-05-06 00:00:00-04:00,177.39281175302102,179.85265489299252,176.5176734004973,178.82772827148438,712200,0.0,0.0
2019-05-07 00:00:00-04:00,178.88287851288874,179.03267878497942,174.38893050125697,175.5242462158203,691400,0.0,0.0
2019-05-08 00:00:00-04:00,178.04717239299458,178.7567387355564,174.99602027767284,175.27195739746094,972700,0.0,0.0
2019-05-09 00:00:00-04:00,175.6582633093618,176.6437786869612,174.6727479317624,175.72921752929688,978600,0.0,0.0
2019-05-10 00:00:00-04:00,176.19438476666818,178.1417641911125,176.0761277288345,177.79486083984375,731700,0.0,0.0
2019-05-13 00:00:00-04:00,177.29028519530016,180.57796332350452,177.20355935368346,180.30990600585938,763500,0.0,0.0
2019-05-14 00:00:00-04:00,179.85264668244068,180.95643134553532,178.79617687237163,179.52151489257812,622500,0.0,0.0
2019-05-15 00:00:00-04:00,179.41899830434346,181.1062001960919,178.96171771290656,180.11279296875,595200,0.0,0.0
2019-05-16 00:00:00-04:00,180.01033192580047,180.75932132881294,179.43478218971535,180.64105224609375,640600,0.0,0.0
2019-05-17 00:00:00-04:00,180.2073987037141,181.63442299055143,179.53724346073176,181.42942810058594,671700,0.0,0.0
2019-05-20 00:00:00-04:00,181.72904314072935,182.84070741986193,181.177156912506,181.7605743408203,738100,0.0,0.0
2019-05-21 00:00:00-04:00,181.2717924582496,182.81708618251207,181.16141519438938,182.06808471679688,466900,0.0,0.0
2019-05-22 00:00:00-04:00,182.42280841200463,183.52658061775634,181.66592744933575,182.72239685058594,431600,0.0,0.0
2019-05-23 00:00:00-04:00,182.73818132475964,185.70260690759235,182.60415269249967,184.8274688720703,724200,0.0,0.0
2019-05-24 00:00:00-04:00,185.50553354453137,186.8300725268693,185.50553354453137,186.24664306640625,535700,0.0,0.0
2019-05-28 00:00:00-04:00,187.24791387886495,187.6105888158835,183.91293334960938,183.91293334960938,781500,0.0,0.0
2019-05-29 00:00:00-04:00,184.3623625408164,184.79599178993857,181.6581136393967,182.52536010742188,634200,0.0,0.0
2019-05-30 00:00:00-04:00,182.65148706940204,184.35446062695317,182.65148706940204,183.90505981445312,526400,0.0,0.0
2019-05-31 00:00:00-04:00,183.94446599707072,188.06785882779386,183.94446599707072,187.54751586914062,1026900,0.0,0.0
2019-06-03 00:00:00-04:00,187.77618329379465,189.61318566297066,187.24794841977354,189.1716766357422,1073400,0.0,0.0
2019-06-04 00:00:00-04:00,188.4699705923987,189.07705145721388,185.93128191795427,187.40560913085938,1184700,0.0,0.0
2019-06-05 00:00:00-04:00,188.28868309750513,193.10587202769776,187.42142451665686,193.0743408203125,1297000,0.0,0.0
2019-06-06 00:00:00-04:00,192.79834136903142,193.50002784508726,191.32401419613385,192.9402618408203,759800,0.0,0.0
2019-06-07 00:00:00-04:00,193.84692683326483,195.23454016973696,193.113709174511,193.3265838623047,641200,0.0,0.0
2019-06-10 00:00:00-04:00,193.4763977825328,193.4763977825328,190.84310325875822,192.15187072753906,736500,0.0,0.0
2019-06-11 00:00:00-04:00,192.867324295394,193.1058074667626,189.9181192030681,191.46029663085938,699100,2.0,0.0
2019-06-12 00:00:00-04:00,192.38235240451274,194.1789145508576,191.73845653532882,192.31875610351562,487800,0.0,0.0
2019-06-13 00:00:00-04:00,192.15187101230538,192.74012783570754,191.16614631276155,192.5811309814453,427700,0.0,0.0
2019-06-14 00:00:00-04:00,192.4936433125659,193.86093346255757,191.6589706683507,193.415771484375,549900,0.0,0.0
2019-06-17 00:00:00-04:00,193.8927650050597,195.05336430750165,193.03423301338373,194.123291015625,654000,0.0,0.0
2019-06-18 00:00:00-04:00,194.70360872626935,195.62573711357288,190.80048338630306,191.9690399169922,735200,0.0,0.0
2019-06-19 00:00:00-04:00,191.77822771991433,193.4316953460857,189.17083972896287,192.62881469726562,680600,0.0,0.0
2019-06-20 00:00:00-04:00,193.44762960814344,194.61618619139304,192.54140329151696,192.7560272216797,631400,0.0,0.0
2019-06-21 00:00:00-04:00,192.20749907748748,192.20749907748748,189.8783432804532,191.18203735351562,1237200,0.0,0.0
2019-06-24 00:00:00-04:00,191.57948969637326,192.21544063583923,190.20425443222868,190.6732635498047,666400,0.0,0.0
2019-06-25 00:00:00-04:00,191.45230735414788,191.9133715067534,189.2821363316777,189.528564453125,630000,0.0,0.0
2019-06-26 00:00:00-04:00,189.2344398131657,189.38547953213947,184.7271559925948,186.11033630371094,772900,0.0,0.0
2019-06-27 00:00:00-04:00,186.7780935248365,188.47129828239022,186.7780935248365,188.43154907226562,555100,0.0,0.0
2019-06-28 00:00:00-04:00,188.296415149674,190.40300202997915,188.296415149674,189.329833984375,1327300,0.0,0.0
2019-07-01 00:00:00-04:00,190.28373496260625,190.28373496260625,185.83210278051385,187.9625244140625,686300,0.0,0.0
2019-07-02 00:00:00-04:00,189.59218851409744,194.08357093726627,189.59218851409744,192.77987670898438,1525900,0.0,0.0
2019-07-03 00:00:00-04:00,193.65430476168186,197.08047601344842,193.2011855473471,196.81814575195312,941400,0.0,0.0
2019-07-05 00:00:00-04:00,194.75924098818612,196.4842499527965,192.65266629470602,194.9341278076172,833800,0.0,0.0
2019-07-08 00:00:00-04:00,195.2123676049308,197.21559685534905,194.64001292488092,196.0629425048828,919800,0.0,0.0
2019-07-09 00:00:00-04:00,196.47628116719662,197.4381464278188,195.8244281683084,196.75450134277344,646900,0.0,0.0
2019-07-10 00:00:00-04:00,197.33483918392093,198.64647821474654,196.07883934367737,198.39210510253906,706800,0.0,0.0
2019-07-11 00:00:00-04:00,197.9071971798914,199.0439494084407,196.29346654975384,197.64486694335938,944100,0.0,0.0
2019-07-12 00:00:00-04:00,198.11388818566496,198.24108081655,196.6591543105292,197.6846160888672,421800,0.0,0.0
2019-07-15 00:00:00-04:00,198.47955642046938,199.75145849917618,197.35074908725176,198.4398193359375,568800,0.0,0.0
2019-07-16 00:00:00-04:00,198.4954657050392,199.266554397034,197.4461567624815,197.92311096191406,603400,0.0,0.0
2019-07-17 00:00:00-04:00,198.92472110918425,198.92472110918425,196.34912498157988,197.71641540527344,516200,0.0,0.0
2019-07-18 00:00:00-04:00,197.07247794648646,197.97870400133218,195.77672909982616,196.7863006591797,767900,0.0,0.0
2019-07-19 00:00:00-04:00,197.93902167081865,198.26494827226193,193.9563975292151,194.02793884277344,922800,0.0,0.0
2019-07-22 00:00:00-04:00,194.60028634345457,194.60028634345457,192.66064104992086,192.859375,701100,0.0,0.0
2019-07-23 00:00:00-04:00,193.12164838334775,194.55253482838415,192.36646202144783,194.18685913085938,759800,0.0,0.0
2019-07-24 00:00:00-04:00,194.59230527416284,194.59230527416284,192.08031767292556,192.5413818359375,695900,0.0,0.0
2019-07-25 00:00:00-04:00,191.57952999149265,192.82758503405293,190.12479600528093,192.45396423339844,722400,0.0,0.0
2019-07-26 00:00:00-04:00,192.73217611023463,193.161448221148,189.42524037702427,190.3314666748047,952000,0.0,0.0
2019-07-29 00:00:00-04:00,191.12641566073336,193.6066236969613,190.76869696341683,192.97067260742188,1138000,0.0,0.0
2019-07-30 00:00:00-04:00,192.96270875256917,194.75131419406287,191.44437855553733,193.24888610839844,952600,0.0,0.0
2019-07-31 00:00:00-04:00,193.95634092031833,196.58757580890486,192.44595600628438,192.9785614013672,1166600,0.0,0.0
2019-08-01 00:00:00-04:00,192.92293967608086,197.00096354434376,192.3744321230682,195.84829711914062,886300,0.0,0.0
2019-08-02 00:00:00-04:00,196.65120366667364,199.82298944855125,195.86421293167243,198.36825561523438,736200,0.0,0.0
2019-08-05 00:00:00-04:00,198.39211376857617,199.33807708783928,193.04218763130265,195.35545349121094,740600,0.0,0.0
2019-08-06 00:00:00-04:00,194.7751432780211,200.30788880588904,193.78941867029482,198.79751586914062,805800,0.0,0.0
2019-08-07 00:00:00-04:00,198.83727779100968,203.53535086088903,197.81180390786008,202.08856201171875,1256400,0.0,0.0
2019-08-08 00:00:00-04:00,201.38109336617163,203.82154003373216,200.3317722582051,203.50357055664062,714400,0.0,0.0
2019-08-09 00:00:00-04:00,204.0600182114491,205.65782258408888,202.66886850908446,204.33822631835938,890400,0.0,0.0
2019-08-12 00:00:00-04:00,203.9725521441308,206.11888827784057,203.49559799311692,205.6419219970703,637500,0.0,0.0
2019-08-13 00:00:00-04:00,205.0059971864093,206.01555687998066,202.88350800822235,205.31600952148438,838800,0.0,0.0
2019-08-14 00:00:00-04:00,205.8565262044088,206.81841579408015,202.89141966839907,203.21734619140625,997400,0.0,0.0
2019-08-15 00:00:00-04:00,203.40814539338575,206.92174750870964,202.87553994410672,206.64353942871094,695200,0.0,0.0
2019-08-16 00:00:00-04:00,206.68329303514523,207.52592298137358,205.61012493094464,205.71347045898438,699500,0.0,0.0
2019-08-19 00:00:00-04:00,206.0870929177615,208.05058518807215,204.76749666334703,207.5259246826172,810200,0.0,0.0
2019-08-20 00:00:00-04:00,208.59910540458975,209.04426751015424,206.8502369473612,207.11257934570312,611100,0.0,0.0
2019-08-21 00:00:00-04:00,207.6928543972348,208.94090934538463,206.03144159305103,207.5259246826172,461100,0.0,0.0
2019-08-22 00:00:00-04:00,207.66106948751153,208.67062913121686,207.12049475386536,208.18572998046875,522400,0.0,0.0
2019-08-23 00:00:00-04:00,208.39235628370972,210.30815393197386,205.3477637034613,206.28578186035156,768600,0.0,0.0
2019-08-26 00:00:00-04:00,205.9916763402872,207.92336412381954,205.9121779243598,207.708740234375,375300,0.0,0.0
2019-08-27 00:00:00-04:00,208.25724448662172,210.36381904820917,207.87566665188675,208.4559783935547,727800,0.0,0.0
2019-08-28 00:00:00-04:00,208.50371149950593,209.99023751924477,207.59747307021283,208.22547912597656,615400,0.0,0.0
2019-08-29 00:00:00-04:00,208.28902615395077,209.1157660062384,207.26357665260986,208.4639129638672,604400,0.0,0.0
2019-08-30 00:00:00-04:00,208.8931962930201,210.89642546622417,208.56726975421302,210.45126342773438,781300,0.0,0.0
2019-09-03 00:00:00-04:00,209.95845011178665,212.05709237328,208.20960582005878,208.39242553710938,1221900,0.0,0.0
2019-09-04 00:00:00-04:00,208.384435468268,210.0140437885679,207.23972623252692,209.9186553955078,1153600,0.0,0.0
2019-09-05 00:00:00-04:00,209.29863562396318,209.29863562396318,204.95826906136787,205.30010986328125,990200,0.0,0.0
2019-09-06 00:00:00-04:00,205.5067637725489,206.16657397392052,203.76585268824752,204.69593811035156,831500,0.0,0.0
2019-09-09 00:00:00-04:00,204.80720682747875,205.04567778876986,202.08851657122125,202.55752563476562,1579200,0.0,0.0
2019-09-10 00:00:00-04:00,202.31112774658203,202.50191667384095,197.2235443172343,198.73391723632812,1613700,0.0,0.0
2019-09-11 00:00:00-04:00,198.9102610553381,200.11228099779117,196.93093390522574,200.08824157714844,972800,2.0,0.0
2019-09-12 00:00:00-04:00,201.7710607413859,203.45389354001986,199.28689354766323,200.00009155273438,952300,0.0,0.0
2019-09-13 00:00:00-04:00,199.07047650541108,199.4791587783331,195.05573533675906,195.08778381347656,1225700,0.0,0.0
2019-09-16 00:00:00-04:00,196.69049280967064,198.33325555371175,195.36827599701004,198.2130584716797,972600,0.0,0.0
2019-09-17 00:00:00-04:00,198.73391240446526,201.161991081846,197.77229914479756,201.00172424316406,1091800,0.0,0.0
2019-09-18 00:00:00-04:00,201.57875848838506,201.85121342319374,198.62178730200534,200.7133026123047,1059500,0.0,0.0
2019-09-19 00:00:00-04:00,201.48253434162447,202.5643569524366,200.13627815957759,200.64913940429688,707100,0.0,0.0
2019-09-20 00:00:00-04:00,200.7212568069178,201.88320672220746,198.51755405366703,198.5736541748047,1251300,0.0,0.0
2019-09-23 00:00:00-04:00,198.7099026878558,199.09454560369375,196.5142087642742,196.6905059814453,922500,0.0,0.0
2019-09-24 00:00:00-04:00,197.13927782101837,199.03045633559265,196.60237705228306,198.565673828125,1364600,0.0,0.0
2019-09-25 00:00:00-04:00,198.89423150620783,199.23079562415106,197.04312274373058,197.1312713623047,619800,0.0,0.0
2019-09-26 00:00:00-04:00,197.75630427260757,198.39738396992908,196.185671853127,197.5078887939453,974300,0.0,0.0
2019-09-27 00:00:00-04:00,197.68417439175593,198.1409355484675,195.8811447270775,196.33790588378906,847600,0.0,0.0
2019-09-30 00:00:00-04:00,196.53822809941076,198.1569513700404,196.24974288511615,196.54624938964844,893100,0.0,0.0
2019-10-01 00:00:00-04:00,194.7191992718192,195.31218788307515,190.08741726986997,192.4994659423828,1208200,0.0,0.0
2019-10-02 00:00:00-04:00,193.33283075641884,194.99963275895698,192.9722273169085,194.15020751953125,1350500,0.0,0.0
2019-10-03 00:00:00-04:00,194.1502361846843,197.50788009962616,194.1502361846843,197.01905822753906,840100,0.0,0.0
2019-10-04 00:00:00-04:00,197.21939916721055,199.1185865707365,196.16963714707467,197.78836059570312,783900,0.0,0.0
2019-10-07 00:00:00-04:00,196.99500867102688,198.46948327476758,196.31385926499317,197.62806701660156,707000,0.0,0.0
2019-10-08 00:00:00-04:00,197.9085576867195,198.96632877039718,196.24175540168446,197.78836059570312,1065400,0.0,0.0
2019-10-09 00:00:00-04:00,197.78832396424255,199.55929265763953,197.65208431621912,198.19700622558594,505400,0.0,0.0
2019-10-10 00:00:00-04:00,197.97261478054205,198.91819758791146,196.8266831615714,197.692138671875,555400,0.0,0.0
2019-10-11 00:00:00-04:00,197.9245680105604,198.6698143545955,196.91486363789778,197.09918212890625,481100,0.0,0.0
2019-10-14 00:00:00-04:00,197.515873378211,197.515873378211,196.3939932176241,196.59432983398438,523000,0.0,0.0
2019-10-15 00:00:00-04:00,196.94690432715527,197.7161900087739,193.92582503410125,194.63902282714844,1161200,0.0,0.0
2019-10-16 00:00:00-04:00,194.7191488532027,194.75119732622454,192.82797102797474,193.96588134765625,1417700,0.0,0.0
2019-10-17 00:00:00-04:00,194.34253350323252,195.2801073294787,192.82798928736162,192.87606811523438,659800,0.0,0.0
2019-10-18 00:00:00-04:00,192.73986067776747,194.03803807523533,191.24935572129152,193.56524658203125,1609300,0.0,0.0
2019-10-21 00:00:00-04:00,193.90985507618214,195.41639066096312,193.12453879856577,195.36029052734375,931700,0.0,0.0
2019-10-22 00:00:00-04:00,195.64072681861757,196.80267675532633,192.67574732328518,192.75587463378906,774100,0.0,0.0
2019-10-23 00:00:00-04:00,193.1325052201791,193.88577284625143,190.9127843379082,192.6597137451172,822500,0.0,0.0
2019-10-24 00:00:00-04:00,192.80397723366133,193.90982711439005,191.98660036110556,193.42100524902344,523800,0.0,0.0
2019-10-25 00:00:00-04:00,192.37123337950015,192.5555396455531,187.4509664981021,187.51507568359375,1246100,0.0,0.0
2019-10-28 00:00:00-04:00,188.04400638286913,188.04400638286913,186.3932342529297,186.3932342529297,837000,0.0,0.0
2019-10-29 00:00:00-04:00,186.44925663241327,188.60488030322014,186.44925663241327,188.07598876953125,886200,0.0,0.0
2019-10-30 00:00:00-04:00,181.56106681233308,181.56106681233308,174.8858495721679,178.90859985351562,2101700,0.0,0.0
2019-10-31 00:00:00-04:00,179.44550808992597,181.63319274386163,178.29958851388255,178.58807373046875,1204500,0.0,0.0
2019-11-01 00:00:00-04:00,179.31731240613522,179.88626158218705,175.20640088692988,175.70323181152344,1399500,0.0,0.0
2019-11-04 00:00:00-05:00,175.55898740877626,175.55898740877626,172.60201695627114,173.18699645996094,1194400,0.0,0.0
2019-11-05 00:00:00-05:00,172.81839929808368,172.8744871980453,171.17563643086214,172.50587463378906,1607200,0.0,0.0
2019-11-06 00:00:00-05:00,173.17899100381206,173.6598037903999,170.89514860888542,171.8808135986328,919500,0.0,0.0
2019-11-07 00:00:00-05:00,171.41603976815563,173.06681166933325,169.9415650824026,171.8647918701172,1166900,0.0,0.0
2019-11-08 00:00:00-05:00,171.0875144772585,171.60037585825108,168.9719597522167,169.3646240234375,999200,0.0,0.0
2019-11-11 00:00:00-05:00,169.6851151693302,170.93521370719964,169.3966299507775,169.4607391357422,822400,0.0,0.0
2019-11-12 00:00:00-05:00,169.88544185162638,170.95123406262732,167.2169567929686,167.6176300048828,1347300,0.0,0.0
2019-11-13 00:00:00-05:00,169.0440487746542,170.82303905700252,168.23469317785086,169.6290283203125,961700,0.0,0.0
2019-11-14 00:00:00-05:00,170.09385833173644,171.1516419207928,169.6130576138227,170.64678955078125,636900,0.0,0.0
2019-11-15 00:00:00-05:00,170.654750661564,171.2076694580375,169.6210068615804,170.85508728027344,1159500,0.0,0.0
2019-11-18 00:00:00-05:00,171.2878102357938,172.70619693023983,170.40632421606423,171.11952209472656,758500,0.0,0.0
2019-11-19 00:00:00-05:00,169.2284034666496,172.02510807021847,169.02005771029053,171.2798614501953,763300,0.0,0.0
2019-11-20 00:00:00-05:00,171.5602683343239,172.0090204155154,169.4286837210871,171.0794677734375,885600,0.0,0.0
2019-11-21 00:00:00-05:00,170.81504737428688,170.81504737428688,168.49113485442632,168.95591735839844,943800,0.0,0.0
2019-11-22 00:00:00-05:00,168.96390197779326,168.96390197779326,166.53582323974186,167.4974365234375,746800,0.0,0.0
2019-11-25 00:00:00-05:00,168.41900199269662,168.73954794742863,166.88842715624315,167.00863647460938,826900,0.0,0.0
2019-11-26 00:00:00-05:00,166.72015251053685,170.0056660356415,166.72015251053685,169.97361755371094,1681000,0.0,0.0
2019-11-27 00:00:00-05:00,169.11617266573924,170.10984680220528,168.49112332705874,169.98162841796875,638100,0.0,0.0
2019-11-29 00:00:00-05:00,170.02169323681588,170.4704453409884,168.7074854056345,168.8276824951172,420000,0.0,0.0
2019-12-02 00:00:00-05:00,168.60331882845443,169.31651680945745,167.36925045132665,167.50547790527344,725000,0.0,0.0
2019-12-03 00:00:00-05:00,168.21867876912472,170.27012413266863,166.8163222027482,169.83740234375,992000,0.0,0.0
2019-12-04 00:00:00-05:00,168.54726495912118,170.74295947642892,168.54726495912118,170.64678955078125,830200,0.0,0.0
2019-12-05 00:00:00-05:00,170.23002182261234,171.22369583023539,169.9976367304463,171.055419921875,1165600,0.0,0.0
2019-12-06 00:00:00-05:00,171.2156774058978,172.1051724127539,170.2941216951036,171.36793518066406,1068700,0.0,0.0
2019-12-09 00:00:00-05:00,171.34392080420614,171.45610882923125,169.26041493650817,170.9752960205078,1121000,0.0,0.0
2019-12-10 00:00:00-05:00,169.2924935299946,171.22374194419314,168.30684054712665,169.3646240234375,829600,0.0,0.0
2019-12-11 00:00:00-05:00,169.76527897390673,169.8694457152344,167.55355457299692,168.2186737060547,1001400,0.0,0.0
2019-12-12 00:00:00-05:00,168.47759948878445,169.14101809778933,164.93393502019305,165.2494659423828,1602200,2.0,0.0
2019-12-13 00:00:00-05:00,165.24942293951003,166.43064823671622,164.25428911236736,166.2041015625,1394000,0.0,0.0
2019-12-16 00:00:00-05:00,166.5277513124653,167.32062156146262,164.10867301115323,166.8109130859375,1447500,0.0,0.0
2019-12-17 00:00:00-05:00,166.9160665968313,167.1668715687057,165.43549507281733,166.05038452148438,964800,0.0,0.0
2019-12-18 00:00:00-05:00,166.09084214211606,169.01153024731337,165.79958194190928,168.4532928466797,1078000,0.0,0.0
2019-12-19 00:00:00-05:00,168.28337370004002,170.11993128313247,167.57950007781466,169.99856567382812,693100,0.0,0.0
2019-12-20 00:00:00-05:00,171.49532321933216,171.64094713749256,170.18465857510952,171.1150665283203,1658700,0.0,0.0
2019-12-23 00:00:00-05:00,171.6328676672181,172.32865521965928,169.3432413300593,170.0875701904297,1095000,0.0,0.0
2019-12-24 00:00:00-05:00,170.68625915605915,170.68625915605915,169.21377377894365,169.7882080078125,401200,0.0,0.0
2019-12-26 00:00:00-05:00,169.92577147594454,171.009901899286,168.7283738791972,171.00181579589844,916700,0.0,0.0
2019-12-27 00:00:00-05:00,171.454882122004,171.74614232748243,170.5406462987975,171.2283477783203,542700,0.0,0.0
2019-12-30 00:00:00-05:00,170.86426283715733,171.59240712383306,169.7720340619488,170.8804473876953,621800,0.0,0.0
2019-12-31 00:00:00-05:00,170.92089229329673,172.304381268784,170.1522927936683,172.29629516601562,764900,0.0,0.0
2020-01-02 00:00:00-05:00,172.9920928137519,173.26716846629142,170.38693552747594,171.05035400390625,862200,0.0,0.0
2020-01-03 00:00:00-05:00,170.82381093183366,173.04062528093604,170.51636619164995,172.89498901367188,773400,0.0,0.0
2020-01-06 00:00:00-05:00,172.1344696017372,173.89011677927152,171.94839048163587,173.50987243652344,1134300,0.0,0.0
2020-01-07 00:00:00-05:00,172.50662800376543,173.66357019097498,171.33350126741342,172.82215881347656,1164300,0.0,0.0
2020-01-08 00:00:00-05:00,172.33674195194595,173.28333449560853,171.61668374291054,173.13771057128906,1262100,0.0,0.0
2020-01-09 00:00:00-05:00,172.92737899598282,173.75260601107533,172.42575662060878,173.21054077148438,1063500,0.0,0.0
2020-01-10 00:00:00-05:00,173.57456721881152,175.0632370545811,173.09722797104962,174.61016845703125,1013200,0.0,0.0
2020-01-13 00:00:00-05:00,174.8124646411598,176.3092085119783,174.54547509394234,175.3868865966797,812500,0.0,0.0
2020-01-14 00:00:00-05:00,175.04709278130147,175.34643909958695,173.4856106356261,175.0066375732422,1134900,0.0,0.0
2020-01-15 00:00:00-05:00,175.52441356154768,176.94025927739708,175.41924484595998,176.57618713378906,827700,0.0,0.0
2020-01-16 00:00:00-05:00,176.754187191443,178.0810364498862,176.6732767806666,178.0082244873047,691700,0.0,0.0
2020-01-17 00:00:00-05:00,177.99205533780435,178.8415653436832,177.18300054081433,178.59884643554688,996100,0.0,0.0
2020-01-21 00:00:00-05:00,179.03570200369887,180.61336848204795,178.29137319075403,180.13601684570312,834600,0.0,0.0
2020-01-22 00:00:00-05:00,180.81566684272542,180.83183905064422,177.99206106608798,178.79302978515625,1199400,0.0,0.0
2020-01-23 00:00:00-05:00,179.0438552859851,180.75096165165817,178.59887261337872,180.5810546875,895000,0.0,0.0
2020-01-24 00:00:00-05:00,180.7752102926752,181.87552533764548,180.36258443506338,181.60853576660156,644600,0.0,0.0
2020-01-27 00:00:00-05:00,181.1878241318901,182.700765037201,181.04220019025627,181.43862915039062,636800,0.0,0.0
2020-01-28 00:00:00-05:00,181.21207092452158,182.06158084110163,180.16839577799996,181.05026245117188,774000,0.0,0.0
2020-01-29 00:00:00-05:00,181.2282338439636,181.2282338439636,178.194279036308,179.6748504638672,785600,0.0,0.0
2020-01-30 00:00:00-05:00,179.31890856748862,181.41435757391028,178.5503089628579,181.30918884277344,609500,0.0,0.0
2020-01-31 00:00:00-05:00,181.59235319864004,181.8027153542936,180.04705551837122,181.0341033935547,1301500,0.0,0.0
2020-02-03 00:00:00-05:00,181.60847306126706,182.36088785561964,180.99359605689747,181.37384033203125,838900,0.0,0.0
2020-02-04 00:00:00-05:00,181.60853137848827,182.23959313290882,179.5778082810782,180.5405731201172,1268400,0.0,0.0
2020-02-05 00:00:00-05:00,180.39492078830202,180.54054470323348,178.12147914044516,179.72340393066406,960700,0.0,0.0
2020-02-06 00:00:00-05:00,179.780074882092,181.91597908811107,179.73152122349435,181.25254821777344,482900,0.0,0.0
2020-02-07 00:00:00-05:00,182.18291821197997,182.8058937424686,181.10688640276425,182.22337341308594,426100,0.0,0.0
2020-02-10 00:00:00-05:00,182.68459293175042,183.24284276977775,182.1020724351304,183.1862030029297,478300,0.0,0.0
2020-02-11 00:00:00-05:00,183.17000629704393,184.65867654808886,182.50658776419294,183.1376495361328,744800,0.0,0.0
2020-02-12 00:00:00-05:00,183.04054046857578,185.5081474368068,182.21530121478187,183.85768127441406,883700,0.0,0.0
2020-02-13 00:00:00-05:00,183.6069374340784,185.72665751156114,183.6069374340784,184.9176025390625,521500,0.0,0.0
2020-02-14 00:00:00-05:00,185.26543951242942,188.50974440316654,184.9903515330981,188.36412048339844,607600,0.0,0.0
2020-02-18 00:00:00-05:00,188.58257509706,188.80910944711118,186.60847946501718,187.50653076171875,643100,0.0,0.0
2020-02-19 00:00:00-05:00,187.17480249934957,187.17480249934957,176.729903765956,177.0211639404297,2025300,0.0,0.0
2020-02-20 00:00:00-05:00,177.00501545959918,180.09561084881128,176.62475870029408,179.91761779785156,1110500,0.0,0.0
2020-02-21 00:00:00-05:00,179.4807020057653,183.96287221481106,179.43216069620524,182.66029357910156,1379200,0.0,0.0
2020-02-24 00:00:00-05:00,182.2233760622467,184.22174204303226,181.28488204699224,183.2266082763672,1636000,0.0,0.0
2020-02-25 00:00:00-05:00,183.05673162704164,183.79297444591674,177.45807398350505,178.7040252685547,1644600,0.0,0.0
2020-02-26 00:00:00-05:00,177.89497355088693,186.05024742439838,177.18300137571796,184.65057373046875,1829700,0.0,0.0
2020-02-27 00:00:00-05:00,184.02760693883172,185.29781653254474,170.8642821222981,170.96136474609375,1764900,0.0,0.0
2020-02-28 00:00:00-05:00,168.89021356832686,172.08597801471183,165.37081974870395,169.18955993652344,2460300,0.0,0.0
2020-03-02 00:00:00-05:00,170.17657312217295,177.83023648771075,169.85295616030828,177.38525390625,1548300,0.0,0.0
2020-03-03 00:00:00-05:00,176.51148735853698,178.90629504080758,173.09727505449536,176.1474151611328,1764300,0.0,0.0
2020-03-04 00:00:00-05:00,177.99203300617512,183.10526460731882,177.32051612750118,182.9110870361328,968000,0.0,0.0
2020-03-05 00:00:00-05:00,181.30107934934782,185.7427944540403,179.3188976438818,185.32208251953125,964300,0.0,0.0
2020-03-06 00:00:00-05:00,182.0292721343758,186.11498963203377,179.95808115510795,185.22503662109375,1084000,0.0,0.0
2020-03-09 00:00:00-04:00,178.5583717163876,184.29456663743147,177.99203588941486,180.8722686767578,1697100,0.0,0.0
2020-03-10 00:00:00-04:00,183.52595685773298,186.0502158019283,176.81080068339162,185.9935760498047,1511500,0.0,0.0
2020-03-11 00:00:00-04:00,182.88681988327377,184.46447410062163,178.04057772030734,178.3480224609375,1575500,0.0,0.0
2020-03-12 00:00:00-04:00,170.71865963284634,176.8512968836864,162.77374741703642,163.0326385498047,2334400,0.0,0.0
2020-03-13 00:00:00-04:00,168.51579501555653,174.4238954460351,165.69657779563195,172.69967651367188,2419500,2.0,0.0
2020-03-16 00:00:00-04:00,163.17969533475048,168.33600494757889,152.6464380481964,152.7853546142578,2003900,0.0,0.0
2020-03-17 00:00:00-04:00,156.37273889829757,168.16442718110073,155.66180913832247,162.0928955078125,1744200,0.0,0.0
2020-03-18 00:00:00-04:00,155.82522580385097,166.21138796807418,152.8589122934867,155.22869873046875,2085800,0.0,0.0
2020-03-19 00:00:00-04:00,155.2450307230297,158.1868302319891,150.40741456192475,153.30018615722656,1939000,0.0,0.0
2020-03-20 00:00:00-04:00,152.20516608575943,155.2613680294774,138.22347081339956,139.91500854492188,2396600,0.0,0.0
2020-03-23 00:00:00-04:00,139.17956697925726,141.5166472145802,126.96293865708746,131.24488830566406,2143000,0.0,0.0
2020-03-24 00:00:00-04:00,133.197902837022,139.27761278976826,129.99461734482273,137.81488037109375,1876900,0.0,0.0
2020-03-25 00:00:00-04:00,136.646341986606,152.8752405360955,134.84040172221611,144.26231384277344,1549800,0.0,0.0
2020-03-26 00:00:00-04:00,144.26232865244873,154.72204496167143,142.18673467853705,153.43910217285156,1575500,0.0,0.0
2020-03-27 00:00:00-04:00,151.0120838182256,161.75779782099474,149.98244801088714,156.50343322753906,1750000,0.0,0.0
2020-03-30 00:00:00-04:00,160.04995337760852,165.8763443993593,155.5228643119764,164.76499938964844,1238600,0.0,0.0
2020-03-31 00:00:00-04:00,162.97544410770743,164.7977191759237,156.97745399402342,162.2971954345703,1619000,0.0,0.0
2020-04-01 00:00:00-04:00,157.1081647528978,161.07142065498095,155.37577865249878,160.67100524902344,1563900,0.0,0.0
2020-04-02 00:00:00-04:00,158.64443158345009,160.30327573441912,150.95490502083115,157.60662841796875,2148500,0.0,0.0
2020-04-03 00:00:00-04:00,156.18477851842192,160.98153394070252,156.0458619397218,158.5954132080078,991400,0.0,0.0
2020-04-06 00:00:00-04:00,163.26141597403728,167.42079596564707,160.98153074575282,166.48104858398438,1296300,0.0,0.0
2020-04-07 00:00:00-04:00,165.4023771228118,173.48413879068747,160.94883019211693,161.1939697265625,1234500,0.0,0.0
2020-04-08 00:00:00-04:00,162.05204212001308,164.7813711195186,157.95804862075477,162.673095703125,1363300,0.0,0.0
2020-04-09 00:00:00-04:00,163.89064864723562,171.21245424204406,163.67001055444635,170.45248413085938,1613200,0.0,0.0
2020-04-13 00:00:00-04:00,169.06328949717863,169.8641078155107,163.6127996972426,164.6015625,771500,0.0,0.0
2020-04-14 00:00:00-04:00,168.31968203179895,171.82532767299074,164.84672998075905,167.41262817382812,988700,0.0,0.0
2020-04-15 00:00:00-04:00,165.7374629145678,167.08578059700775,157.11636698518956,159.59237670898438,1214200,0.0,0.0
2020-04-16 00:00:00-04:00,161.97032775941062,163.4330480531474,158.34211209759843,158.49737548828125,1097200,0.0,0.0
2020-04-17 00:00:00-04:00,161.1449394015821,161.91307651518207,158.57904173831434,160.55657958984375,859600,0.0,0.0
2020-04-20 00:00:00-04:00,159.14292072959933,160.7445699881074,157.23075717782277,157.97438049316406,813500,0.0,0.0
2020-04-21 00:00:00-04:00,155.9559778884817,157.4432120159955,153.4064140758208,155.996826171875,891500,0.0,0.0
2020-04-22 00:00:00-04:00,157.77007920056457,159.42892343341782,156.87935972361907,157.72103881835938,766700,0.0,0.0
2020-04-23 00:00:00-04:00,157.05101341430347,158.17052597371736,152.94883979278802,153.218505859375,1055700,0.0,0.0
2020-04-24 00:00:00-04:00,153.65971972831645,155.0897586515543,152.6954708966006,152.99781799316406,603000,0.0,0.0
2020-04-27 00:00:00-04:00,154.3543229322046,158.16231548051687,153.283838592891,157.68019104003906,1131600,0.0,0.0
2020-04-28 00:00:00-04:00,159.020332609392,161.74148140537307,155.80070013733055,156.08670043945312,1051100,0.0,0.0
2020-04-29 00:00:00-04:00,158.09695023507516,158.26854794228458,152.54839161488027,152.58108520507812,1002900,0.0,0.0
2020-04-30 00:00:00-04:00,151.4452333471806,152.14799594269462,147.47380983652263,151.5432891845703,1572900,0.0,0.0
2020-05-01 00:00:00-04:00,147.34303624538367,152.57290033336807,143.82105668189868,150.65255737304688,1570100,0.0,0.0
2020-05-04 00:00:00-04:00,150.57083480947432,150.57083480947432,145.98653816145202,147.9804229736328,979800,0.0,0.0
2020-05-05 00:00:00-04:00,148.6668746980447,149.90896942575216,146.22355846972837,146.63214111328125,1227200,0.0,0.0
2020-05-06 00:00:00-04:00,146.9344784652426,147.9232538829364,143.65765037164104,143.89462280273438,720600,0.0,0.0
2020-05-07 00:00:00-04:00,145.4553868532611,150.5381547396944,144.80165228372613,149.9579620361328,1256500,0.0,0.0
2020-05-08 00:00:00-04:00,151.79658223046786,156.60968409915506,151.1265133422835,155.53919982910156,1126700,0.0,0.0
2020-05-11 00:00:00-04:00,154.29712433903734,155.49834559708248,152.24603190245122,152.75267028808594,700500,0.0,0.0
2020-05-12 00:00:00-04:00,152.76088392003211,153.496327706028,142.85684442592571,145.83949279785156,1333900,0.0,0.0
2020-05-13 00:00:00-04:00,145.3573566161747,147.07339613567393,143.93548461234508,144.31138610839844,1081500,0.0,0.0
2020-05-14 00:00:00-04:00,143.00389209939115,146.27255249023438,140.64228546576493,146.27255249023438,1023400,0.0,0.0
2020-05-15 00:00:00-04:00,144.42575990596504,144.53198288687472,141.50030743994247,143.79653930664062,1404400,0.0,0.0
2020-05-18 00:00:00-04:00,147.08154587949366,151.54326019247097,146.82821423311592,149.83538818359375,1083400,0.0,0.0
2020-05-19 00:00:00-04:00,148.87115892510775,150.73430716235376,148.3318393377243,150.01519775390625,725100,0.0,0.0
2020-05-20 00:00:00-04:00,150.98760989900214,151.51059510193227,148.176559757396,150.2930145263672,949500,0.0,0.0
2020-05-21 00:00:00-04:00,149.6474667132285,150.61989529396797,148.52794191298113,149.35328674316406,561000,0.0,0.0
2020-05-22 00:00:00-04:00,150.3747181125921,152.4503118825204,149.5412062585338,152.37677001953125,622000,0.0,0.0
2020-05-26 00:00:00-04:00,155.5310183017914,157.88445752749772,154.32161757478056,157.2879180908203,1100600,0.0,0.0
2020-05-27 00:00:00-04:00,157.91716072260516,161.57805699863295,157.91716072260516,160.95701599121094,885600,0.0,0.0
2020-05-28 00:00:00-04:00,162.23996144018568,164.50351236972327,160.98153261068404,164.40545654296875,756900,0.0,0.0
2020-05-29 00:00:00-04:00,163.49022876837762,166.80791710423043,161.92126079193343,165.67205810546875,1202900,0.0,0.0
2020-06-01 00:00:00-04:00,165.27164254299632,168.53213580188782,163.98868734260984,167.33090209960938,1236800,0.0,0.0
2020-06-02 00:00:00-04:00,169.40650130377938,170.8447199143929,166.37482565053904,169.7578887939453,1193400,0.0,0.0
2020-06-03 00:00:00-04:00,170.50969626052142,174.55466156926377,169.56178162131891,169.93768310546875,1189600,0.0,0.0
2020-06-04 00:00:00-04:00,169.05512374045387,169.5535949616004,162.55865107186952,163.9560089111328,901200,0.0,0.0
2020-06-05 00:00:00-04:00,168.32786765422176,169.69253207127448,166.23591422334607,168.6383819580078,1135400,0.0,0.0
2020-06-08 00:00:00-04:00,168.80996882734425,172.37280918263951,167.60056796367888,168.8916778564453,1161500,0.0,0.0
2020-06-09 00:00:00-04:00,167.24920803678384,172.97753187564342,165.1654341827096,172.72421264648438,901700,0.0,0.0
2020-06-10 00:00:00-04:00,171.8906778662353,173.026536817448,167.83753362316767,167.9029083251953,879000,0.0,0.0
2020-06-11 00:00:00-04:00,164.29107219623424,165.5495011657112,159.01217931731753,160.107177734375,1306500,0.0,0.0
2020-06-12 00:00:00-04:00,163.7315445959417,164.30119295712103,158.17529684864445,162.20419311523438,916900,2.0,0.0
2020-06-15 00:00:00-04:00,158.99260127104526,165.4734946789282,158.1752601809311,164.44976806640625,1108300,0.0,0.0
2020-06-16 00:00:00-04:00,168.84193059024707,169.4528736222221,162.96371557059487,164.17733764648438,875600,0.0,0.0
2020-06-17 00:00:00-04:00,164.54883590828751,165.34141023554645,162.5839217658963,163.2691650390625,698600,0.0,0.0
2020-06-18 00:00:00-04:00,162.14638097125373,162.70779048779593,159.13297303197427,162.0390625,766900,0.0,0.0
2020-06-19 00:00:00-04:00,164.13605763561944,164.13605763561944,157.24236720064516,157.3496856689453,3654200,0.0,0.0
2020-06-22 00:00:00-04:00,157.68820465237877,158.61286443902134,154.4683981827879,157.0855255126953,976700,0.0,0.0
2020-06-23 00:00:00-04:00,158.32387104253894,158.91003463992504,155.2609174447556,155.40953063964844,630900,0.0,0.0
2020-06-24 00:00:00-04:00,154.3857939825843,157.62211499714525,153.85741529852416,156.4084930419922,1174000,0.0,0.0
2020-06-25 00:00:00-04:00,156.21860085753977,157.80373681392228,154.32798713525023,157.71292114257812,827700,0.0,0.0
2020-06-26 00:00:00-04:00,157.39918499079047,159.5787484086234,155.73149742393466,156.26812744140625,1370100,0.0,0.0
2020-06-29 00:00:00-04:00,157.49004089311657,158.29086672827057,156.144333512455,157.770751953125,772300,0.0,0.0
2020-06-30 00:00:00-04:00,157.92758257998818,159.83471182240686,156.11128161332164,158.42294311523438,1064900,0.0,0.0
2020-07-01 00:00:00-04:00,158.241310777075,165.21756478618457,157.8697966767161,164.4250030517578,678500,0.0,0.0
2020-07-02 00:00:00-04:00,165.9523409702203,166.79444883271645,163.07928264807884,164.59011840820312,895900,0.0,0.0
2020-07-06 00:00:00-04:00,166.96784703565314,168.08238945426206,161.560213145602,162.2537078857422,871800,0.0,0.0
2020-07-07 00:00:00-04:00,160.71812143210312,161.92349225728466,160.2310247866544,160.5447540283203,635000,0.0,0.0
2020-07-08 00:00:00-04:00,160.33834015136915,161.04835027250616,159.3641343583937,159.63658142089844,869400,0.0,0.0
2020-07-09 00:00:00-04:00,159.13297195013217,162.07207955912952,158.55505965581412,161.2960205078125,555800,0.0,0.0
2020-07-10 00:00:00-04:00,161.3207536327447,162.54263948308756,160.1401625204003,160.51992797851562,630400,0.0,0.0
2020-07-13 00:00:00-04:00,160.7263555732706,161.27124969319448,159.00913411252017,159.24855041503906,525800,0.0,0.0
2020-07-14 00:00:00-04:00,159.38887581316155,162.57566316270209,159.29806014008366,160.0328369140625,588700,0.0,0.0
2020-07-15 00:00:00-04:00,161.51065296898216,161.51065296898216,157.81198976982972,159.17422485351562,982400,0.0,0.0
2020-07-16 00:00:00-04:00,158.83575287185622,160.7759004361243,155.44256693017516,155.52513122558594,621300,0.0,0.0
2020-07-17 00:00:00-04:00,155.78932095435655,159.32285627123852,154.67477850392802,158.76145935058594,837900,0.0,0.0
2020-07-20 00:00:00-04:00,158.76145549689832,158.9430868721226,155.01325813277163,155.03802490234375,479500,0.0,0.0
2020-07-21 00:00:00-04:00,156.1855914151441,156.43327169783365,154.1463894213593,154.2537078857422,581400,0.0,0.0
2020-07-22 00:00:00-04:00,153.1061507649191,156.2021231284489,152.07415997707582,155.46734619140625,698900,0.0,0.0
2020-07-23 00:00:00-04:00,155.9544339818388,156.86259086269268,153.08137531861314,154.40232849121094,534200,0.0,0.0
2020-07-24 00:00:00-04:00,154.96371330513833,155.40954032004592,152.7841495587626,153.03182983398438,518700,0.0,0.0
2020-07-27 00:00:00-04:00,152.9492864151243,154.13814182039096,151.2650829893591,153.20523071289062,472500,0.0,0.0
2020-07-28 00:00:00-04:00,153.52720459050988,160.0906632047308,153.52720459050988,160.05763244628906,800500,0.0,0.0
2020-07-29 00:00:00-04:00,160.30529778351004,163.36825156964454,159.06690900592943,162.50962829589844,806500,0.0,0.0
2020-07-30 00:00:00-04:00,160.75934900812703,163.7314866108302,159.9585233928859,163.22787475585938,1001800,0.0,0.0
2020-07-31 00:00:00-04:00,162.66651097799488,165.11852203806362,159.801703612831,165.0194549560547,1761600,0.0,0.0
2020-08-03 00:00:00-04:00,164.16078283229112,164.29288063409993,161.39505596808013,161.6840057373047,658400,0.0,0.0
2020-08-04 00:00:00-04:00,162.2784806100746,166.7697064020537,161.85743291615535,166.25784301757812,1018900,0.0,0.0
2020-08-05 00:00:00-04:00,166.58807222942565,166.7531882283403,161.7253323657623,162.61697387695312,905500,0.0,0.0
2020-08-06 00:00:00-04:00,159.32284497450118,162.1876520984891,153.75009532486268,161.88218688964844,1593700,0.0,0.0
2020-08-07 00:00:00-04:00,160.66854957494198,166.6540949259776,160.66854957494198,164.49929809570312,966500,0.0,0.0
2020-08-10 00:00:00-04:00,165.20107442019926,168.25576433802397,164.837811682315,167.1742401123047,645100,0.0,0.0
2020-08-11 00:00:00-04:00,168.56948277110763,168.80066027753327,163.153597595777,164.28466796875,653500,0.0,0.0
2020-08-12 00:00:00-04:00,164.73047801493883,165.19280782037515,161.2051943521731,163.7810516357422,509700,0.0,0.0
2020-08-13 00:00:00-04:00,163.01325340440872,164.9368856393488,162.15464265884518,162.88941955566406,554500,0.0,0.0
2020-08-14 00:00:00-04:00,163.10407094554375,167.49622959488184,163.10407094554375,165.31666564941406,642000,0.0,0.0
2020-08-17 00:00:00-04:00,164.3507146231034,165.25060747726468,163.0132461286408,165.13502502441406,816600,0.0,0.0
2020-08-18 00:00:00-04:00,165.1432695564787,166.97608594523848,163.69848265707617,165.89456176757812,594000,0.0,0.0
2020-08-19 00:00:00-04:00,166.57153635609168,166.57153635609168,162.17112686981227,162.99671936035156,769900,0.0,0.0
2020-08-20 00:00:00-04:00,162.7738295466035,167.94203435433255,162.6912652529085,167.8099365234375,584400,0.0,0.0
2020-08-21 00:00:00-04:00,168.70983727286293,170.65823613287853,167.56226416871448,170.52613830566406,752600,0.0,0.0
2020-08-24 00:00:00-04:00,169.56023050190421,170.5426878174438,167.9998608235604,170.534423828125,483800,0.0,0.0
2020-08-25 00:00:00-04:00,170.55918993968663,170.74082133837013,168.89975317630893,170.6995391845703,469900,0.0,0.0
2020-08-26 00:00:00-04:00,170.04731785457992,172.2929308535629,168.5860153477133,172.14431762695312,645400,0.0,0.0
2020-08-27 00:00:00-04:00,172.7139453654482,175.380605565041,172.39196480015707,174.4229278564453,499900,0.0,0.0
2020-08-28 00:00:00-04:00,175.0008554713852,176.3878449215634,172.57361133603064,176.2144775390625,589900,0.0,0.0
2020-08-31 00:00:00-04:00,175.76866178387704,177.21344885264205,174.6293525474091,175.35586547851562,869900,0.0,0.0
2020-09-01 00:00:00-04:00,174.75317069982265,176.35482223633633,171.8801121999407,176.1814422607422,478800,0.0,0.0
2020-09-02 00:00:00-04:00,175.24852955082844,176.9162173881568,173.622111261891,176.80889892578125,1053800,0.0,0.0
2020-09-03 00:00:00-04:00,177.4363449236588,180.5570836772814,174.82746950709887,175.7934112548828,997200,0.0,0.0
2020-09-04 00:00:00-04:00,176.23924444835467,178.22892553749654,172.9368742147752,175.14120483398438,557600,0.0,0.0
2020-09-08 00:00:00-04:00,175.24852394894924,177.66750393329417,172.98639595806895,176.63551330566406,849100,0.0,0.0
2020-09-09 00:00:00-04:00,178.18763223056496,183.32281862997885,177.94820334900143,178.9224090576172,1033000,0.0,0.0
2020-09-10 00:00:00-04:00,178.70776765270264,181.2258148343695,176.48692169329414,180.09475708007812,830600,0.0,0.0
2020-09-11 00:00:00-04:00,180.65617237820754,183.58701592633366,179.86359796736923,182.11746215820312,666500,0.0,0.0
2020-09-14 00:00:00-04:00,183.2255013922302,187.83279862518447,182.3090482468593,187.24127197265625,703000,2.0,0.0
2020-09-15 00:00:00-04:00,187.4246051869399,188.79096466835048,183.9253804083578,184.1336669921875,663700,0.0,0.0
2020-09-16 00:00:00-04:00,185.52505353871166,188.54937935324548,184.58360665353786,187.04971313476562,717300,0.0,0.0
2020-09-17 00:00:00-04:00,185.84163544594722,188.3827345289637,183.37552920126635,185.1334686279297,749600,0.0,0.0
2020-09-18 00:00:00-04:00,183.66710707845766,185.13345276481334,182.49236769458523,184.1336669921875,1218700,0.0,0.0
2020-09-21 00:00:00-04:00,183.41714752556098,186.5997724011465,178.69320966748361,180.20120239257812,970200,0.0,0.0
2020-09-22 00:00:00-04:00,180.1095797187886,183.5004916137521,180.1095797187886,182.76731872558594,771600,0.0,0.0
2020-09-23 00:00:00-04:00,182.1008199393332,182.2424533058326,177.10194139688403,177.3852081298828,830100,0.0,0.0
2020-09-24 00:00:00-04:00,178.10168960815085,181.36762160607597,177.8934030313995,178.82652282714844,595200,0.0,0.0
2020-09-25 00:00:00-04:00,177.38519483743468,182.1174600675253,177.0269352914133,182.01748657226562,602100,0.0,0.0
2020-09-28 00:00:00-04:00,183.98372662555064,185.87497257057763,183.11724722406274,184.23367309570312,582800,0.0,0.0
2020-09-29 00:00:00-04:00,184.25028570632315,185.70829162486274,182.017459887505,184.0503387451172,557300,0.0,0.0
2020-09-30 00:00:00-04:00,185.09180492413887,186.1915515475118,182.63402561791727,185.55836486816406,863500,0.0,0.0
2020-10-01 00:00:00-04:00,185.55003102832168,188.55768988993532,184.96681840733817,188.5076904296875,854000,0.0,0.0
2020-10-02 00:00:00-04:00,187.0996722430915,193.25662294258393,185.60000634810746,192.11520385742188,826500,0.0,0.0
2020-10-05 00:00:00-04:00,193.12333034927173,193.8231702462471,188.79097178486592,193.4232635498047,585600,0.0,0.0
2020-10-06 00:00:00-04:00,191.00711226211234,192.16518508695893,188.02444704346496,190.19895935058594,1007700,0.0,0.0
2020-10-07 00:00:00-04:00,190.86551112084913,192.8983904283691,190.01571092204432,191.65699768066406,585500,0.0,0.0
2020-10-08 00:00:00-04:00,192.3235515772248,194.20647096563093,191.88198491120923,193.30667114257812,596800,0.0,0.0
2020-10-09 00:00:00-04:00,193.66483253034184,195.16449823973912,192.17350641917594,194.96453857421875,426600,0.0,0.0
2020-10-12 00:00:00-04:00,195.2645242851895,196.90582376556668,193.93149762791634,195.85606384277344,636600,0.0,0.0
2020-10-13 00:00:00-04:00,195.98933673119316,196.76415667437894,193.3899116763427,196.1143035888672,606600,0.0,0.0
2020-10-14 00:00:00-04:00,196.01431470269605,197.05574747750325,193.68982963015702,194.53964233398438,664900,0.0,0.0
2020-10-15 00:00:00-04:00,194.43134902070395,197.8722473265213,193.28994265159133,195.239501953125,827600,0.0,0.0
2020-10-16 00:00:00-04:00,194.69798095046258,196.11432726389845,193.43159488433884,194.12310791015625,1677000,0.0,0.0
2020-10-19 00:00:00-04:00,194.53133609750913,195.08120299924477,192.3818170966036,192.61509704589844,817600,0.0,0.0
2020-10-20 00:00:00-04:00,193.43159696356045,196.16431612159846,191.85695078583245,194.22308349609375,501000,0.0,0.0
2020-10-21 00:00:00-04:00,194.16474166152977,195.91434120891685,193.4482353575132,194.13140869140625,670900,0.0,0.0
2020-10-22 00:00:00-04:00,193.94813681056726,196.4475759068025,193.1149904451555,195.88104248046875,439000,0.0,0.0
2020-10-23 00:00:00-04:00,196.7141935495412,197.29739347671347,194.8812740443691,196.38926696777344,473100,0.0,0.0
2020-10-26 00:00:00-04:00,195.27289547077217,197.47240188820516,194.44807579693193,196.814208984375,980800,0.0,0.0
2020-10-27 00:00:00-04:00,197.65567207042062,199.45525877433718,195.4394994209087,195.46449279785156,785500,0.0,0.0
2020-10-28 00:00:00-04:00,193.26497274284156,195.61443899620318,190.87384662663482,192.55679321289062,1037900,0.0,0.0
2020-10-29 00:00:00-04:00,193.39826359388516,195.04788978427223,192.1568709731046,192.3401641845703,908100,0.0,0.0
2020-10-30 00:00:00-04:00,191.49039061194952,193.4899498615935,189.2992239375938,190.848876953125,1009300,0.0,0.0
2020-11-02 00:00:00-05:00,192.73174494625283,195.48945730602497,191.79028551108067,193.9647979736328,804600,0.0,0.0
2020-11-03 00:00:00-05:00,195.03122760968472,196.8724866518226,193.4399150171445,196.18930053710938,719400,0.0,0.0
2020-11-04 00:00:00-05:00,196.06433831139316,200.57999014658128,195.6061052617476,196.00601196289062,892200,0.0,0.0
2020-11-05 00:00:00-05:00,195.36450573408422,196.86415909782204,190.6572209025129,192.17355346679688,945200,0.0,0.0
2020-11-06 00:00:00-05:00,192.7400926347849,198.01391107780876,191.45705272242725,192.7317657470703,668000,0.0,0.0
2020-11-09 00:00:00-05:00,200.5716441839126,200.5716441839126,184.0586784696677,185.02513122558594,1464900,0.0,0.0
2020-11-10 00:00:00-05:00,185.1501357665148,195.10623350270487,184.14203566080855,194.98959350585938,1035700,0.0,0.0
2020-11-11 00:00:00-05:00,196.08101537972513,197.45570189003993,193.55658273967438,196.47259521484375,776700,0.0,0.0
2020-11-12 00:00:00-05:00,197.16406252656645,197.16406252656645,190.61553224231855,193.1316375732422,580100,0.0,0.0
2020-11-13 00:00:00-05:00,193.8731416956639,196.11430727935073,192.82338193303744,194.99789428710938,561900,0.0,0.0
2020-11-16 00:00:00-05:00,197.30575053176506,197.30575053176506,190.58225250517333,194.697998046875,581600,0.0,0.0
2020-11-17 00:00:00-05:00,193.89813515825637,197.18073361970278,192.3234891571792,195.4061279296875,616500,0.0,0.0
2020-11-18 00:00:00-05:00,194.97288850509383,197.17239409117252,191.44867072304274,191.59031677246094,920600,0.0,0.0
2020-11-19 00:00:00-05:00,191.41539625133578,192.148569192997,189.28254338047321,190.61557006835938,931700,0.0,0.0
2020-11-20 00:00:00-05:00,190.7988360754138,190.9404694256943,185.84995756385868,186.32484436035156,1252800,0.0,0.0
2020-11-23 00:00:00-05:00,186.94140160686004,188.87429473008967,181.88419663199608,182.5673828125,1560700,0.0,0.0
2020-11-24 00:00:00-05:00,183.05057420355624,185.5583399219535,180.98436228235911,185.0167999267578,1323700,0.0,0.0
2020-11-25 00:00:00-05:00,185.67497854795116,187.09132466673415,184.80851201935081,186.04156494140625,596800,0.0,0.0
2020-11-27 00:00:00-05:00,186.09992109705243,186.09992109705243,182.66736174266563,183.3172149658203,377400,0.0,0.0
2020-11-30 00:00:00-05:00,183.35052929518548,187.95782774313818,183.13390310096253,187.00804138183594,1465900,0.0,0.0
2020-12-01 00:00:00-05:00,187.35793196590237,188.24106495307268,185.13343301346316,187.74951171875,614000,0.0,0.0
2020-12-02 00:00:00-05:00,186.92472270266242,190.43227456317734,186.06658294655446,187.0580291748047,551300,0.0,0.0
2020-12-03 00:00:00-05:00,186.99139042795875,188.8076435786132,186.37485748113167,188.3244171142578,652500,0.0,0.0
2020-12-04 00:00:00-05:00,188.1993935034633,189.38245957497432,185.85825472927024,187.04132080078125,752700,0.0,0.0
2020-12-07 00:00:00-05:00,186.62476607218872,188.73262513624766,186.59977270089976,187.19129943847656,641300,0.0,0.0
2020-12-08 00:00:00-05:00,187.27462443569163,187.44959075245484,184.7668586474434,184.85850524902344,559300,0.0,0.0
2020-12-09 00:00:00-05:00,184.99179452317642,186.24151394388988,181.24263626103607,182.99224853515625,714600,0.0,0.0
2020-12-10 00:00:00-05:00,182.5340333678192,184.12534597003605,180.12624089056936,180.44284057617188,929800,0.0,0.0
2020-12-11 00:00:00-05:00,180.41780928818503,184.06698094154407,180.41780928818503,183.34214782714844,1537900,0.0,0.0
2020-12-14 00:00:00-05:00,190.0180346142764,193.16258546939864,187.0416515754326,188.11785888671875,2271500,2.0,0.0
2020-12-15 00:00:00-05:00,188.55509652002215,189.32861987591627,184.59499255509644,189.3118133544922,1347800,0.0,0.0
2020-12-16 00:00:00-05:00,189.31177275211303,191.6996068815813,188.6307367277382,189.98440551757812,699300,0.0,0.0
2020-12-17 00:00:00-05:00,191.53149956490728,196.1221946351136,190.92613120826812,195.5336456298828,932900,0.0,0.0
2020-12-18 00:00:00-05:00,195.66812967875046,195.85310401338532,191.45578759508174,192.48153686523438,1421900,0.0,0.0
2020-12-21 00:00:00-05:00,191.34650593859777,193.54936606346138,190.11054673724482,192.29660034179688,707800,0.0,0.0
2020-12-22 00:00:00-05:00,192.5151812120207,195.35704804629196,191.84254841445667,195.22251892089844,783100,0.0,0.0
2020-12-23 00:00:00-05:00,194.66759329312995,195.69335540905925,190.66544808680808,190.85882568359375,720800,0.0,0.0
2020-12-24 00:00:00-05:00,191.2287926805214,192.52360033828666,190.9177052781385,192.414306640625,154600,0.0,0.0
2020-12-28 00:00:00-05:00,193.19623054018936,193.88568273313925,191.0438157036507,192.6581268310547,569900,0.0,0.0
2020-12-29 00:00:00-05:00,193.45684663011204,194.4405667393287,190.37115718597028,191.5314483642578,677400,0.0,0.0
2020-12-30 00:00:00-05:00,191.16150674559816,194.1294865294168,191.16150674559816,192.48153686523438,559200,0.0,0.0
2020-12-31 00:00:00-05:00,192.7169884173661,194.28925758879646,190.45526705198816,194.1631317138672,495700,0.0,0.0
2021-01-04 00:00:00-05:00,193.65024518268194,195.0375398702613,184.9312672910741,185.14146423339844,911800,0.0,0.0
2021-01-05 00:00:00-05:00,184.40998891033027,186.3269840596285,181.73627704668573,182.7620391845703,1094800,0.0,0.0
2021-01-06 00:00:00-05:00,181.9044288495218,183.20763955555157,178.4319714510492,179.77723693847656,1506100,0.0,0.0
2021-01-07 00:00:00-05:00,180.02107182473662,183.72894900815092,179.12983883194934,182.8292999267578,1224300,0.0,0.0
2021-01-08 00:00:00-05:00,183.70374802622942,188.02539720464227,183.70374802622942,187.1761932373047,805500,0.0,0.0
2021-01-11 00:00:00-05:00,186.60445290595547,187.25186312681348,183.18244028225288,186.02430725097656,738900,0.0,0.0
2021-01-12 00:00:00-05:00,185.11625251024014,187.38637705493016,184.15775491006417,186.856689453125,690200,0.0,0.0
2021-01-13 00:00:00-05:00,186.86509124761562,189.70695815805047,186.86509124761562,189.0006866455078,785400,0.0,0.0
2021-01-14 00:00:00-05:00,188.98387272957783,188.98387272957783,185.67957008591736,186.00747680664062,773100,0.0,0.0
2021-01-15 00:00:00-05:00,186.05796559436197,189.49679816711011,185.0574386794606,188.66441345214844,1864200,0.0,0.0
2021-01-19 00:00:00-05:00,189.87509280662061,189.87509280662061,184.24181763486874,185.4945831298828,1145000,0.0,0.0
2021-01-20 00:00:00-05:00,184.58652844836513,190.01802270696132,183.7793794301814,189.16041564941406,1326600,0.0,0.0
2021-01-21 00:00:00-05:00,187.67225068113953,189.29496497873953,186.15883007366045,186.62966918945312,1284000,0.0,0.0
2021-01-22 00:00:00-05:00,187.36956510002338,188.21035289436156,186.3017610089809,187.31910705566406,1079100,0.0,0.0
2021-01-25 00:00:00-05:00,187.86565042891618,190.43845935021426,186.60446857891478,189.86672973632812,830000,0.0,0.0
2021-01-26 00:00:00-05:00,189.90032257515932,192.2797534578003,189.45470609202405,191.56507873535156,825900,0.0,0.0
2021-01-27 00:00:00-05:00,191.13633085369955,192.52362587311984,189.08480615318487,191.74169921875,822000,0.0,0.0
2021-01-28 00:00:00-05:00,191.7584801195473,193.5073074574608,189.5556073547804,191.28762817382812,791600,0.0,0.0
2021-01-29 00:00:00-05:00,190.57296260445096,193.45685855157026,189.02591615766855,191.38011169433594,1052400,0.0,0.0
2021-02-01 00:00:00-05:00,192.64971132473306,195.71017838140085,190.26186423967295,195.64291381835938,763700,0.0,0.0
2021-02-02 00:00:00-05:00,194.93667716274655,195.61771330001415,193.23828203502646,193.63345336914062,949800,0.0,0.0
2021-02-03 00:00:00-05:00,192.65810799469045,195.72697820574894,190.69066770328197,194.47421264648438,703300,0.0,0.0
2021-02-04 00:00:00-05:00,195.18049694514653,198.40911930866693,193.6334503329686,194.09588623046875,1165800,0.0,0.0
2021-02-05 00:00:00-05:00,194.6507559396471,194.6507559396471,192.33018650466738,192.8262481689453,777100,0.0,0.0
2021-02-08 00:00:00-05:00,192.3134001218917,195.6597449808974,191.32967988314223,195.4915771484375,523100,0.0,0.0
2021-02-09 00:00:00-05:00,196.48370954990426,199.04811499081808,195.86152193868784,198.7370147705078,680300,0.0,0.0
2021-02-10 00:00:00-05:00,199.8048288484615,199.84687080782876,194.51627879282438,196.8284454345703,697100,0.0,0.0
2021-02-11 00:00:00-05:00,195.85312633402214,196.87047246105377,194.73487693970628,195.96243286132812,853200,0.0,0.0
2021-02-12 00:00:00-05:00,195.46633741320585,195.86150869193492,192.96079344781572,194.94505310058594,617500,0.0,0.0
2021-02-16 00:00:00-05:00,194.72646470844515,194.89461970696564,190.47206755239338,193.3391571044922,566300,0.0,0.0
2021-02-17 00:00:00-05:00,193.3391679119518,197.19838115163026,193.07012246516047,196.80322265625,879000,0.0,0.0
2021-02-18 00:00:00-05:00,196.22307183625216,198.50159971713225,196.22307183625216,197.58514404296875,622800,0.0,0.0
2021-02-19 00:00:00-05:00,198.13164687305277,199.1574090513078,196.54255838860917,197.33290100097656,761500,0.0,0.0
2021-02-22 00:00:00-05:00,197.2404199794792,200.43541639685608,196.11376733195615,199.9057159423828,711500,0.0,0.0
2021-02-23 00:00:00-05:00,201.37708445284986,207.01037306290803,201.37708445284986,203.7565155029297,794300,0.0,0.0
2021-02-24 00:00:00-05:00,203.3109333542706,205.98464572257254,202.7980521885231,203.9835662841797,803200,0.0,0.0
2021-02-25 00:00:00-05:00,204.53003657124154,207.27101302294966,202.00767315937983,204.61412048339844,816500,0.0,0.0
2021-02-26 00:00:00-05:00,204.92521597282936,205.8500877255305,196.61824086511368,196.69390869140625,1110900,0.0,0.0
2021-03-01 00:00:00-05:00,198.42592577244125,200.83057945387665,194.89461948982947,195.0375518798828,778500,0.0,0.0
2021-03-02 00:00:00-05:00,194.44056985860144,198.45113100620992,193.5745595050717,197.10586547851562,917000,0.0,0.0
2021-03-03 00:00:00-05:00,195.8867556816532,196.72754355732445,193.98657970122193,194.09588623046875,1025100,0.0,0.0
2021-03-04 00:00:00-05:00,194.6759895057557,197.11428167233157,192.65810404253688,194.51625061035156,1003400,0.0,0.0
2021-03-05 00:00:00-05:00,194.89462155934345,198.03075657300164,192.96080698446795,197.62718200683594,667900,0.0,0.0
2021-03-08 00:00:00-05:00,198.61930198483046,202.47852780679713,197.18996526492617,200.6540069580078,628400,0.0,0.0
2021-03-09 00:00:00-05:00,200.6708437546705,203.73131115480928,200.11592066935287,201.81431579589844,584400,0.0,0.0
2021-03-10 00:00:00-05:00,202.34402378530567,202.34402378530567,199.43489193890616,201.65457153320312,625700,0.0,0.0
2021-03-11 00:00:00-05:00,200.8726307696569,203.3025071725823,200.49427879842855,200.62039184570312,615400,0.0,0.0
2021-03-12 00:00:00-05:00,200.46061837223368,204.44595701641128,200.46061837223368,204.3534698486328,599000,0.0,0.0
2021-03-15 00:00:00-04:00,205.4301482509924,206.4983260758157,203.15813434098956,205.56578063964844,887300,2.0,0.0
2021-03-16 00:00:00-04:00,206.06593123060418,208.4650911467273,204.87058129471689,207.98187255859375,512900,0.0,0.0
2021-03-17 00:00:00-04:00,207.79541897989924,207.79541897989924,203.31922643032843,204.87063598632812,751800,0.0,0.0
2021-03-18 00:00:00-04:00,203.81937128440484,205.4216443492909,202.09841180492907,205.1673126220703,570900,0.0,0.0
2021-03-19 00:00:00-04:00,205.64209001424513,206.0066222724327,197.91896057128906,197.91896057128906,1336400,0.0,0.0
2021-03-22 00:00:00-04:00,197.91896372082078,201.52196025822954,197.52898663911532,200.66571044921875,647100,0.0,0.0
2021-03-23 00:00:00-04:00,201.27610196975823,206.2524718833334,200.6826698316927,205.92184448242188,723600,0.0,0.0
2021-03-24 00:00:00-04:00,204.81977141252622,205.8370855450821,203.60746226154342,204.42979431152344,656200,0.0,0.0
2021-03-25 00:00:00-04:00,205.4894585695669,205.58271310119108,201.36085317170728,204.56539916992188,594800,0.0,0.0
2021-03-26 00:00:00-04:00,205.13341611523566,207.5580211998881,203.31920202642925,207.35455322265625,836500,0.0,0.0
2021-03-29 00:00:00-04:00,206.80352269728147,212.0766150591288,205.12495383902709,210.23696899414062,823200,0.0,0.0
2021-03-30 00:00:00-04:00,210.49128879748233,210.99147931964907,208.49056551636616,209.42311096191406,652900,0.0,0.0
2021-03-31 00:00:00-04:00,209.39768185869318,211.9155416592305,207.32913588719512,209.1942138671875,1105400,0.0,0.0
2021-04-01 00:00:00-04:00,210.4827833688741,213.73819307283492,209.7452330439052,213.58560180664062,844300,0.0,0.0
2021-04-05 00:00:00-04:00,213.33979237637493,216.67998440180284,212.43269167850232,216.40870666503906,1162300,0.0,0.0
2021-04-06 00:00:00-04:00,215.5948325465285,216.48498721716786,213.63650003263209,216.44259643554688,744600,0.0,0.0
2021-04-07 00:00:00-04:00,216.6375569213531,217.30728463516914,215.21331993892704,216.7901611328125,760700,0.0,0.0
2021-04-08 00:00:00-04:00,216.68845054649853,219.6386522589356,216.68845054649853,217.67185974121094,566800,0.0,0.0
2021-04-09 00:00:00-04:00,218.54502699801736,219.9438320280847,218.23135854619764,218.62132263183594,539000,0.0,0.0
2021-04-12 00:00:00-04:00,219.46911862660687,221.5206927395781,218.40092785286282,221.14767456054688,524100,0.0,0.0
2021-04-13 00:00:00-04:00,221.7580785911156,226.5818574478991,221.41051814508702,226.3105926513672,819400,0.0,0.0
2021-04-14 00:00:00-04:00,225.70863188167502,225.70863188167502,222.80080817895765,223.54684448242188,508500,0.0,0.0
2021-04-15 00:00:00-04:00,225.14066569264682,227.4211526590597,224.62351625907493,226.98878479003906,871900,0.0,0.0
2021-04-16 00:00:00-04:00,227.70937054823392,227.82804403148188,226.0223029290674,226.18338012695312,672500,0.0,0.0
2021-04-19 00:00:00-04:00,226.18337485181925,229.33705726954273,225.15758788265416,229.2183837890625,548500,0.0,0.0
2021-04-20 00:00:00-04:00,229.32009598798274,234.2286553790834,229.02337349905636,231.753173828125,846400,0.0,0.0
2021-04-21 00:00:00-04:00,232.4738339583776,233.73699397881285,230.75287415583517,231.914306640625,564900,0.0,0.0
2021-04-22 00:00:00-04:00,231.97361899423657,234.82209302069936,230.964777975273,234.43212890625,512000,0.0,0.0
2021-04-23 00:00:00-04:00,234.6864838846658,235.45795218702352,233.2283288496484,234.6356201171875,489900,0.0,0.0
2021-04-26 00:00:00-04:00,235.4664397592847,236.33963560273185,232.51621186630945,233.23681640625,556500,0.0,0.0
2021-04-27 00:00:00-04:00,233.5590076505858,233.87267622556178,232.06693456777379,233.1859893798828,481100,0.0,0.0
2021-04-28 00:00:00-04:00,233.4996325395469,234.33893649312793,231.46500411189442,231.6345672607422,526700,0.0,0.0
2021-04-29 00:00:00-04:00,232.77052092524673,237.30606258839012,231.9651349383684,236.93304443359375,734300,0.0,0.0
2021-04-30 00:00:00-04:00,236.92457675251035,239.14571401776936,235.23753488053285,238.3572998046875,635200,0.0,0.0
2021-05-03 00:00:00-04:00,238.6370367917533,239.12026839330298,234.02519939861477,235.7037811279297,611500,0.0,0.0
2021-05-04 00:00:00-04:00,237.00086863001394,239.97652813286754,235.9750815775287,236.82284545898438,691100,0.0,0.0
2021-05-05 00:00:00-04:00,235.78854056976158,236.38195968342842,231.82947239575918,232.81288146972656,744500,0.0,0.0
2021-05-06 00:00:00-04:00,233.38090016630568,234.61862805124505,232.28727763700505,233.3130645751953,653500,0.0,0.0
2021-05-07 00:00:00-04:00,233.26223863819212,235.33927060177635,232.4568784329853,235.0594940185547,577800,0.0,0.0
2021-05-10 00:00:00-04:00,235.38164359406144,237.22130265572068,234.533879687098,234.96624755859375,619200,0.0,0.0
2021-05-11 00:00:00-04:00,234.68647889425756,234.68647889425756,230.8376492544943,232.55860900878906,693100,0.0,0.0
2021-05-12 00:00:00-04:00,232.6688090404898,233.56743669060555,228.5147452985315,228.650390625,675100,0.0,0.0
2021-05-13 00:00:00-04:00,228.97249175269204,233.76235142319638,228.60795957547703,232.244873046875,612100,0.0,0.0
2021-05-14 00:00:00-04:00,231.62601942241935,233.34697884918214,230.58326066633953,231.82101440429688,463200,0.0,0.0
2021-05-17 00:00:00-04:00,232.91466573365545,235.57665702809967,231.87193260443956,234.47454833984375,711400,0.0,0.0
2021-05-18 00:00:00-04:00,232.86380953005127,234.54239156544526,232.09234118472037,233.6183319091797,882500,0.0,0.0
2021-05-19 00:00:00-04:00,232.9315790756058,234.4490575790295,229.26074750509446,234.4405975341797,652600,0.0,0.0
2021-05-20 00:00:00-04:00,233.8980558629995,237.27216551363182,233.33006853565735,236.77198791503906,1126800,0.0,0.0
2021-05-21 00:00:00-04:00,236.21244597185432,238.00121527926248,233.36394597886985,234.60169982910156,719800,0.0,0.0
2021-05-24 00:00:00-04:00,235.36462679064778,237.14493563378116,234.36427189072194,236.05979919433594,533900,0.0,0.0
2021-05-25 00:00:00-04:00,235.8987585273084,237.45864078336373,234.10996349196557,236.3311004638672,422700,0.0,0.0
2021-05-26 00:00:00-04:00,236.47526681721618,238.9168310143092,236.11073454559917,237.017822265625,707200,0.0,0.0
2021-05-27 00:00:00-04:00,236.9415327006667,238.1199369826983,234.91539035967904,237.26368713378906,980200,0.0,0.0
2021-05-28 00:00:00-04:00,239.1541944647751,239.95955462351992,237.91646645055965,239.47634887695312,1507500,0.0,0.0
2021-06-01 00:00:00-04:00,240.22235726149992,242.18917564482356,238.76422824510834,242.0874481201172,515700,0.0,0.0
2021-06-02 00:00:00-04:00,243.4099715049585,245.61416286164598,241.79073932024542,244.14752197265625,1002500,0.0,0.0
2021-06-03 00:00:00-04:00,244.02883829194968,245.32591599486156,243.0623750493053,244.87660217285156,800000,0.0,0.0
2021-06-04 00:00:00-04:00,246.3007791130935,246.69922907464542,243.87618742445005,244.75784301757812,828200,0.0,0.0
2021-06-07 00:00:00-04:00,245.58871031594768,248.45415625138145,244.61378706858454,246.8857879638672,783300,0.0,0.0
2021-06-08 00:00:00-04:00,247.6318193497447,249.36126480305634,247.08923808137286,248.73390197753906,592000,0.0,0.0
2021-06-09 00:00:00-04:00,249.24253311687983,250.28529180393429,248.59822441219296,249.1068878173828,476500,0.0,0.0
2021-06-10 00:00:00-04:00,248.7254776754039,250.8703194337468,248.63221018763113,250.4888153076172,483800,0.0,0.0
2021-06-11 00:00:00-04:00,250.05644929584201,251.0313726712062,248.67458990765766,250.7770538330078,575000,0.0,0.0
2021-06-14 00:00:00-04:00,250.93918246493112,251.6134821193631,249.26626187521836,251.47691345214844,528500,2.0,0.0
2021-06-15 00:00:00-04:00,251.01607047180542,251.52819661087528,249.4370257295973,250.24789428710938,451400,0.0,0.0
2021-06-16 00:00:00-04:00,250.66604338102704,252.253631334484,249.31747012938504,249.41134643554688,744900,0.0,0.0
2021-06-17 00:00:00-04:00,249.37722306456953,252.37311188841932,247.87499378796156,252.3389892578125,625000,0.0,0.0
2021-06-18 00:00:00-04:00,253.13282074180253,255.77878381938996,252.53533596538077,254.66062927246094,2007000,0.0,0.0
2021-06-21 00:00:00-04:00,255.53974248545737,259.89274821092533,254.6605768206138,259.0904235839844,734200,0.0,0.0
2021-06-22 00:00:00-04:00,259.03075113242255,260.831697061999,258.0491652717029,258.151611328125,495600,0.0,0.0
2021-06-23 00:00:00-04:00,257.09312467243006,260.26827411882033,256.5468761261963,259.2696533203125,640500,0.0,0.0
2021-06-24 00:00:00-04:00,259.0563348737944,260.04643828876345,256.58960699508646,257.63092041015625,643300,0.0,0.0
2021-06-25 00:00:00-04:00,257.7162850077606,260.37076558255217,256.8968989395302,260.1147155761719,718500,0.0,0.0
2021-06-28 00:00:00-04:00,260.336678305283,260.45615964188363,258.2284461403715,259.9013671875,475100,0.0,0.0
2021-06-29 00:00:00-04:00,259.8671785723123,260.86582567502006,258.8429525172359,259.0307312011719,624100,0.0,0.0
2021-06-30 00:00:00-04:00,258.71492319385607,261.0536262806875,256.20555482189997,256.6493835449219,716000,0.0,0.0
2021-07-01 00:00:00-04:00,256.52133381938586,258.4759095873023,255.53123041158887,256.3506164550781,689700,0.0,0.0
2021-07-02 00:00:00-04:00,257.0590507097755,258.92826769261234,255.7446000108597,258.38201904296875,945200,0.0,0.0
2021-07-06 00:00:00-04:00,258.0064840692476,263.33253259213717,256.54694693515063,262.8374938964844,735500,0.0,0.0
2021-07-07 00:00:00-04:00,262.9740895485804,264.3738731420347,260.3281263336587,263.0594482421875,1021000,0.0,0.0
2021-07-08 00:00:00-04:00,261.8815827142149,264.58727374436825,261.4804202716846,262.1888427734375,684800,0.0,0.0
2021-07-09 00:00:00-04:00,262.5899497454807,266.3284359631976,261.5742413512494,266.0296936035156,517300,0.0,0.0
2021-07-12 00:00:00-04:00,266.02971481625656,268.50496047648454,265.944356128425,267.7879943847656,693400,0.0,0.0
2021-07-13 00:00:00-04:00,267.85623659879997,268.2830039022658,264.4164931747773,264.834716796875,622700,0.0,0.0
2021-07-14 00:00:00-04:00,264.5958000645298,268.55621422006027,264.5958000645298,267.13934326171875,630100,0.0,0.0
2021-07-15 00:00:00-04:00,267.5489831918224,268.47933290098854,266.0809024471263,267.5660705566406,687900,0.0,0.0
2021-07-16 00:00:00-04:00,268.2744523092426,269.6571741640449,267.3867690508256,267.9586486816406,689200,0.0,0.0
2021-07-19 00:00:00-04:00,267.27587177429666,267.63434176596587,261.0279914413685,263.33251953125,867800,0.0,0.0
2021-07-20 00:00:00-04:00,265.2871446834465,268.0013790507411,265.2871446834465,266.46502685546875,756400,0.0,0.0
2021-07-21 00:00:00-04:00,265.7821625295721,266.27720115689897,262.9825439205167,263.1361999511719,751000,0.0,0.0
2021-07-22 00:00:00-04:00,262.88019568988074,264.70677281056044,262.4790332599625,263.9556579589844,741100,0.0,0.0
2021-07-23 00:00:00-04:00,264.7664381837797,268.31711912857156,263.9385085959882,267.8391418457031,549400,0.0,0.0
2021-07-26 00:00:00-04:00,266.9344022349954,268.09522283483966,265.15906172958563,267.71966552734375,607200,0.0,0.0
2021-07-27 00:00:00-04:00,267.95004346622284,269.0084438170552,266.1405547360866,267.9244384765625,698900,0.0,0.0
2021-07-28 00:00:00-04:00,268.38543351462926,269.6315867920635,266.20893060800415,267.1563415527344,609000,0.0,0.0
2021-07-29 00:00:00-04:00,267.40392692648436,268.85492046941346,265.9699686546633,266.14068603515625,491400,0.0,0.0
2021-07-30 00:00:00-04:00,267.3355574668596,270.52779449613206,266.66128390570856,266.7124938964844,1041500,0.0,0.0
2021-08-02 00:00:00-04:00,268.061156651928,268.8720251898822,265.38107073035235,265.4578857421875,770800,0.0,0.0
2021-08-03 00:00:00-04:00,266.2430552754869,267.19049227527375,262.15464308478107,264.23724365234375,1425800,0.0,0.0
2021-08-04 00:00:00-04:00,265.1932560293175,267.6855629011252,259.99520650355316,261.616943359375,1487300,0.0,0.0
2021-08-05 00:00:00-04:00,262.71796821886727,263.6654052734375,259.86716546854586,263.6654052734375,1163500,0.0,0.0
2021-08-06 00:00:00-04:00,263.5032206828419,265.4748836591705,260.04641573676224,260.0976257324219,596800,0.0,0.0
2021-08-09 00:00:00-04:00,259.9780821252727,264.8944494055324,259.58546353069295,264.4079284667969,744300,0.0,0.0
2021-08-10 00:00:00-04:00,266.1407019714211,268.7439728690209,264.561657274663,265.4493408203125,835500,0.0,0.0
2021-08-11 00:00:00-04:00,266.0040835737018,267.779450333328,264.9030165192671,266.3028259277344,505700,0.0,0.0
2021-08-12 00:00:00-04:00,267.3697784423828,269.2902317592076,265.85048752698515,268.86346435546875,578500,0.0,0.0
2021-08-13 00:00:00-04:00,269.24757375543936,269.9559962064914,267.34418169875187,268.5818176269531,560600,0.0,0.0
2021-08-16 00:00:00-04:00,269.46940543867305,271.9190456108957,268.1378935259123,271.51788330078125,688300,0.0,0.0
2021-08-17 00:00:00-04:00,271.1850865075571,273.2250212009621,269.9645379553823,272.7129211425781,706600,0.0,0.0
2021-08-18 00:00:00-04:00,271.5605988046153,274.0870541816124,271.28746145363954,273.3188781738281,1087900,0.0,0.0
2021-08-19 00:00:00-04:00,273.27613897751337,276.2976322055045,273.06275536293634,275.2392578125,574800,0.0,0.0
2021-08-20 00:00:00-04:00,274.8636966659851,278.6277866994377,273.40416005637826,276.7841491699219,645700,0.0,0.0
2021-08-23 00:00:00-04:00,276.7586655364564,277.8682503839374,273.9676160507426,274.1809997558594,633100,0.0,0.0
2021-08-24 00:00:00-04:00,274.0357955524481,274.34308152971613,268.74387101962424,271.27886962890625,749300,0.0,0.0
2021-08-25 00:00:00-04:00,270.51926759195914,271.8507795303237,269.5633129744471,270.0412902832031,643600,0.0,0.0
2021-08-26 00:00:00-04:00,270.93752162004756,272.516566071529,269.9047518957476,269.9474182128906,627300,0.0,0.0
2021-08-27 00:00:00-04:00,270.98021934322065,271.9532354045101,269.3243598594521,271.1594543457031,473600,0.0,0.0
2021-08-30 00:00:00-04:00,270.6814509512939,273.75418093751273,270.6814509512939,273.60052490234375,696500,0.0,0.0
2021-08-31 00:00:00-04:00,272.721417775351,276.8610665805883,270.46809954854797,276.2123718261719,832500,0.0,0.0
2021-09-01 00:00:00-04:00,276.3403710139737,281.9395559179551,275.11979673706537,281.4018249511719,630300,0.0,0.0
2021-09-02 00:00:00-04:00,281.55546070040003,282.7674913208403,279.3362654806616,282.5541076660156,572900,0.0,0.0
2021-09-03 00:00:00-04:00,281.8371776653391,282.54560002869385,277.93651770606516,282.3151550292969,431100,0.0,0.0
2021-09-07 00:00:00-04:00,282.5370425295713,283.1003785483619,276.6988684000298,278.84979248046875,520200,0.0,0.0
2021-09-08 00:00:00-04:00,278.1072117680347,284.1844009728485,278.1072117680347,282.11883544921875,524600,0.0,0.0
2021-09-09 00:00:00-04:00,282.41757947523354,282.41757947523354,276.2806625991529,276.69036865234375,573500,0.0,0.0
2021-09-10 00:00:00-04:00,276.8951650733973,279.08875526558074,275.2734545291274,275.88800048828125,524700,0.0,0.0
2021-09-13 00:00:00-04:00,277.04022881262745,279.03752255311014,274.018735303296,274.1553039550781,601700,0.0,0.0
2021-09-14 00:00:00-04:00,275.0915147422073,275.0915147422073,270.49648759920564,272.62652587890625,543500,2.0,0.0
2021-09-15 00:00:00-04:00,273.4596559799941,276.689036878758,272.67806963327484,274.4216003417969,457700,0.0,0.0
2021-09-16 00:00:00-04:00,274.41293736026756,276.10493680182145,271.3553179954817,272.6007080078125,456200,0.0,0.0
2021-09-17 00:00:00-04:00,270.5995491934782,273.2019624166359,266.4683259945219,267.1468505859375,1409000,0.0,0.0
2021-09-20 00:00:00-04:00,266.6143650733133,271.1149017941955,265.01682970662966,268.0916442871094,574200,0.0,0.0
2021-09-21 00:00:00-04:00,268.3407573346465,271.10636110649256,267.8254223924284,267.91131591796875,510000,0.0,0.0
2021-09-22 00:00:00-04:00,269.56882760862436,269.56882760862436,264.04621985981925,265.557861328125,786400,0.0,0.0
2021-09-23 00:00:00-04:00,265.62665437198694,266.89781025745094,261.85617279003577,262.3199768066406,856500,0.0,0.0
2021-09-24 00:00:00-04:00,262.65489057540515,264.26099687278776,259.71752670827146,260.99725341796875,650800,0.0,0.0
2021-09-27 00:00:00-04:00,260.9972413007693,262.191074451279,254.79610805569646,254.86480712890625,622800,0.0,0.0
2021-09-28 00:00:00-04:00,253.05264026888014,258.6010157456824,251.06862312354792,257.2525634765625,983300,0.0,0.0
2021-09-29 00:00:00-04:00,257.6905610556166,261.39234318920705,256.81451018646,259.65740966796875,581700,0.0,0.0
2021-09-30 00:00:00-04:00,261.2034354012061,261.2034354012061,254.57285907434493,255.17408752441406,975200,0.0,0.0
2021-10-01 00:00:00-04:00,255.9641973226704,256.8832080466808,252.3139460686465,255.2599334716797,691500,0.0,0.0
2021-10-04 00:00:00-04:00,254.65008971976022,257.14087018977455,253.96299413486992,255.9899444580078,1023600,0.0,0.0
2021-10-05 00:00:00-04:00,257.166659257725,257.34701727840934,253.26732461695332,253.5937042236328,889800,0.0,0.0
2021-10-06 00:00:00-04:00,253.37039157203793,259.4598666512775,252.05630211503728,258.8844299316406,929300,0.0,0.0
2021-10-07 00:00:00-04:00,259.6402426294158,262.36291245657816,257.91390614011243,258.9789123535156,550000,0.0,0.0
2021-10-08 00:00:00-04:00,258.98742775965235,259.5886297630121,256.91751785829985,257.42425537109375,359300,0.0,0.0
2021-10-11 00:00:00-04:00,257.64758755959986,260.09538177064155,256.11877772378125,259.4684143066406,339900,0.0,0.0
2021-10-12 00:00:00-04:00,261.0401955590556,268.9848600117576,260.3702681455387,267.3787536621094,582300,0.0,0.0
2021-10-13 00:00:00-04:00,266.975110287701,273.09894847572986,266.27082014357796,272.5406799316406,505100,0.0,0.0
2021-10-14 00:00:00-04:00,273.8976596124625,280.14175297419723,272.2829561088008,279.8926696777344,755700,0.0,0.0
2021-10-15 00:00:00-04:00,280.734393153821,280.88901196372825,271.8621461929917,274.3443298339844,972800,0.0,0.0
2021-10-18 00:00:00-04:00,275.2632692109606,278.1319338779852,273.6228003406141,276.7491455078125,655600,0.0,0.0
2021-10-19 00:00:00-04:00,277.2988642691591,278.2093040726417,274.9283657694566,275.70135498046875,387300,0.0,0.0
2021-10-20 00:00:00-04:00,276.36267792524666,277.4019448678746,274.8166995441601,276.9381408691406,501000,0.0,0.0
2021-10-21 00:00:00-04:00,278.0460677792222,278.3037220694828,275.0571469571181,276.99822998046875,425900,0.0,0.0
2021-10-22 00:00:00-04:00,278.3037551154173,281.00923032846805,278.0375035801944,280.2791748046875,451900,0.0,0.0
2021-10-25 00:00:00-04:00,280.7859603823021,283.35401141928236,278.40683838788897,282.1515808105469,354000,0.0,0.0
2021-10-26 00:00:00-04:00,281.54171373259044,282.4950870751959,278.53562454784515,280.7515563964844,411400,0.0,0.0
2021-10-27 00:00:00-04:00,281.53316857267566,281.53316857267566,276.3884433578974,276.9381408691406,421200,0.0,0.0
2021-10-28 00:00:00-04:00,277.9945609609818,285.33799718961706,277.9945609609818,284.8226623535156,746700,0.0,0.0
2021-10-29 00:00:00-04:00,282.83863048536074,288.33547395266004,281.9625796582499,285.3036193847656,1358900,0.0,0.0
2021-11-01 00:00:00-04:00,285.7158945835793,286.69500713746,277.7969958045406,284.83984375,527000,0.0,0.0
2021-11-02 00:00:00-04:00,286.45447248586476,292.60407412770917,283.97231577272123,290.0531921386719,838800,0.0,0.0
2021-11-03 00:00:00-04:00,290.7489786908469,292.83608369082896,283.43990432197705,285.7846374511719,460400,0.0,0.0
2021-11-04 00:00:00-04:00,286.00793714011877,289.5894895074248,284.2815745374224,285.6214294433594,528600,0.0,0.0
2021-11-05 00:00:00-04:00,287.2618898017065,287.2618898017065,274.6449013118386,277.3160400390625,647500,0.0,0.0
2021-11-08 00:00:00-05:00,277.96020005216167,279.1110996737345,273.9234410570028,277.8141784667969,520200,0.0,0.0
2021-11-09 00:00:00-05:00,278.02890534026403,280.69144689369085,277.2473189551956,279.1368713378906,499300,0.0,0.0
2021-11-10 00:00:00-05:00,279.20556606001946,282.7098220221168,279.20556606001946,280.98345947265625,467300,0.0,0.0
2021-11-11 00:00:00-05:00,282.70119750398925,282.7956882180322,279.24849894955656,282.58953857421875,219300,0.0,0.0
2021-11-12 00:00:00-05:00,282.2803497263018,284.3073000182908,279.557680435706,282.7269592285156,425700,0.0,0.0
2021-11-15 00:00:00-05:00,282.7614015561994,284.9257768152056,279.90990431820626,284.9172058105469,356800,0.0,0.0
2021-11-16 00:00:00-05:00,285.43246079833295,285.8533311221784,280.62273890597174,281.86810302734375,449500,0.0,0.0
2021-11-17 00:00:00-05:00,280.48538706453576,287.74293163904855,277.96886652887355,286.4718017578125,647100,0.0,0.0
2021-11-18 00:00:00-05:00,287.21032877193363,289.89863543418977,283.7232676029734,288.4557189941406,593300,0.0,0.0
2021-11-19 00:00:00-05:00,289.8815519474298,289.8815519474298,284.9086130293919,284.92578125,518800,0.0,0.0
2021-11-22 00:00:00-05:00,284.9257360850737,286.55763416999827,282.1515617627413,282.735595703125,506700,0.0,0.0
2021-11-23 00:00:00-05:00,282.92457310408446,285.18343895654544,281.5074217923531,283.7576904296875,325000,0.0,0.0
2021-11-24 00:00:00-05:00,284.0324972376555,288.5072684168179,283.3282071879012,287.76861572265625,242700,0.0,0.0
2021-11-26 00:00:00-05:00,285.3637613639534,288.0520682607086,280.8717956542969,280.8717956542969,368800,0.0,0.0
2021-11-29 00:00:00-05:00,283.96367652447054,287.68265175405395,280.8545266313649,285.0544738769531,441600,0.0,0.0
2021-11-30 00:00:00-05:00,283.66312614120255,286.2741363935232,279.97853892833587,281.18096923828125,1471700,0.0,0.0
2021-12-01 00:00:00-05:00,283.1564120780455,289.1600193349184,279.48899277573724,279.6779479980469,644800,0.0,0.0
2021-12-02 00:00:00-05:00,282.47796860678847,290.84347845237374,281.7221475706082,287.7171325683594,721200,0.0,0.0
2021-12-03 00:00:00-05:00,288.5759992435971,289.6496026530405,284.6337306694432,288.0177307128906,623700,0.0,0.0
2021-12-06 00:00:00-05:00,289.6066205352874,292.53541329143695,286.8753802093824,291.59063720703125,788100,0.0,0.0
2021-12-07 00:00:00-05:00,292.85320752326857,295.8163630419547,291.2642694365966,292.243408203125,673000,0.0,0.0
2021-12-08 00:00:00-05:00,292.27777472555505,295.4814166588281,289.194388952559,294.94891357421875,588800,0.0,0.0
2021-12-09 00:00:00-05:00,295.01761696679563,296.2973700424889,292.97347190039187,293.99554443359375,1022900,0.0,0.0
2021-12-10 00:00:00-05:00,295.02614198882003,299.3463199628068,294.1243258383254,298.89111328125,692400,0.0,0.0
2021-12-13 00:00:00-05:00,298.4960942330392,306.878771374399,298.178311834897,305.0837097167969,811400,0.0,0.0
2021-12-14 00:00:00-05:00,307.415787732719,307.7699266933095,300.1689474200003,304.2890319824219,968600,2.0,0.0
2021-12-15 00:00:00-05:00,307.4936283686679,313.64349671853074,306.7853502017777,312.2442321777344,833900,0.0,0.0
2021-12-16 00:00:00-05:00,311.67407008107324,314.60218135985616,309.3678832694647,313.5397644042969,891400,0.0,0.0
2021-12-17 00:00:00-05:00,314.17031887069606,318.69633914147,311.9504854883465,312.4514465332031,1369500,0.0,0.0
2021-12-20 00:00:00-05:00,312.7969369906647,317.1070203777245,308.92734606581655,316.1050720214844,603700,0.0,0.0
2021-12-21 00:00:00-05:00,316.3296936094003,319.0159309025702,311.55317948702094,312.4946594238281,733700,0.0,0.0
2021-12-22 00:00:00-05:00,313.88529902285455,316.5801823931256,313.3066039495836,315.6387023925781,481600,0.0,0.0
2021-12-23 00:00:00-05:00,314.878634565893,315.0859515571787,310.49081591536407,313.0647888183594,530200,0.0,0.0
2021-12-27 00:00:00-05:00,313.98030236200435,318.5581454063381,313.09926461274534,318.54949951171875,420100,0.0,0.0
2021-12-28 00:00:00-05:00,317.93621447935845,320.2165162312262,317.2711396481131,320.1214904785156,497800,0.0,0.0
2021-12-29 00:00:00-05:00,320.7951975338113,322.45360113354127,318.5580989864779,321.8489685058594,440600,0.0,0.0
2021-12-30 00:00:00-05:00,322.17721507060065,323.1014294937158,319.2923069781406,321.7107849121094,435600,0.0,0.0
2021-12-31 00:00:00-05:00,322.12545485107586,325.94319764092785,321.8317843564286,323.52471923828125,437100,0.0,0.0
2022-01-03 00:00:00-05:00,322.3845664330091,322.51414942772396,310.62034947995176,315.5091552734375,769900,0.0,0.0
2022-01-04 00:00:00-05:00,315.293212890625,317.73760256213376,314.0148592743378,315.293212890625,780900,0.0,0.0
2022-01-05 00:00:00-05:00,314.34308103084305,315.6991686011675,308.93604889932743,312.4773864746094,668800,0.0,0.0
2022-01-06 00:00:00-05:00,314.40352718853615,316.82200531544333,310.44758231821623,315.5609436035156,642400,0.0,0.0
2022-01-07 00:00:00-05:00,314.40347185786464,315.75091319992964,307.2084809269588,307.415771484375,722900,0.0,0.0
2022-01-10 00:00:00-05:00,307.2430810674091,312.3478230704053,307.11352443980735,310.7930908203125,536600,0.0,0.0
2022-01-11 00:00:00-05:00,311.40632039289846,314.1184952769871,308.16727314183123,313.41021728515625,570100,0.0,0.0
2022-01-12 00:00:00-05:00,312.6933415538711,318.5236275036586,312.6933415538711,317.3662109375,521200,0.0,0.0
2022-01-13 00:00:00-05:00,317.36622661302,318.5236432363463,313.9198880719424,314.7318115234375,545400,0.0,0.0
2022-01-14 00:00:00-05:00,313.87665823691054,315.0426941997463,309.39381457890306,312.4946594238281,676300,0.0,0.0
2022-01-18 00:00:00-05:00,311.8123104952453,312.1578036283389,307.33811247700766,310.7153625488281,892900,0.0,0.0
2022-01-19 00:00:00-05:00,311.10402492741343,314.9563510287332,308.2450278039798,308.3918762207031,691400,0.0,0.0
2022-01-20 00:00:00-05:00,307.93408505143896,313.13382631582436,303.65853194433913,304.4013671875,748300,0.0,0.0
2022-01-21 00:00:00-05:00,306.4916239691577,307.7267744087571,302.311096540135,305.20465087890625,829000,0.0,0.0
2022-01-24 00:00:00-05:00,304.4877872373434,304.84192632654566,294.5374409503548,304.15093994140625,935200,0.0,0.0
2022-01-25 00:00:00-05:00,302.1470104662186,306.5521206926026,298.268799049143,304.4704895019531,837600,0.0,0.0
2022-01-26 00:00:00-05:00,304.3408762271768,309.01374475675726,298.55376809464104,300.7390441894531,742900,0.0,0.0
2022-01-27 00:00:00-05:00,300.9463522298728,305.4551067946616,296.43759766508396,299.0806579589844,923800,0.0,0.0
2022-01-28 00:00:00-05:00,299.858080334847,311.4668292957389,294.50284430868743,311.44091796875,881800,0.0,0.0
2022-01-31 00:00:00-05:00,310.9831284675799,313.89394837534206,307.47632168950844,309.6788635253906,947100,0.0,0.0
2022-02-01 00:00:00-05:00,310.6376159499459,310.70670402998303,302.74296506435496,306.9234924316406,700900,0.0,0.0
2022-02-02 00:00:00-05:00,308.53003903102194,320.27696191723464,307.49353343074085,319.89691162109375,1021600,0.0,0.0
2022-02-03 00:00:00-05:00,318.0571469989506,319.26638592909393,316.08780749573674,317.2797546386719,562900,0.0,0.0
2022-02-04 00:00:00-05:00,315.2500003412719,317.4352764989479,311.8122820360763,313.41021728515625,788800,0.0,0.0
2022-02-07 00:00:00-05:00,313.4102324084793,315.0081677346662,310.8621712375784,313.3238525390625,618200,0.0,0.0
2022-02-08 00:00:00-05:00,313.9543638924093,315.8114122740016,311.23354326604544,313.0560607910156,553500,0.0,0.0
2022-02-09 00:00:00-05:00,316.44199743573665,319.2146412982076,314.57632912153167,318.88641357421875,527400,0.0,0.0
2022-02-10 00:00:00-05:00,314.04939347878684,317.48711192232093,308.40913335966735,310.16253662109375,632500,0.0,0.0
2022-02-11 00:00:00-05:00,310.44760243410286,312.29600518813004,305.5760622864013,309.367919921875,553800,0.0,0.0
2022-02-14 00:00:00-05:00,309.1605149730561,312.0195113430567,306.0683167361768,307.18255615234375,685700,0.0,0.0
2022-02-15 00:00:00-05:00,309.0482413247232,309.9378984576701,302.88110992726405,303.68438720703125,701200,0.0,0.0
2022-02-16 00:00:00-05:00,304.57411908020373,305.4205996739959,299.71987063781586,303.7967529296875,500800,0.0,0.0
2022-02-17 00:00:00-05:00,303.15750833724724,303.15750833724724,298.6573737706827,298.9078674316406,693400,0.0,0.0
2022-02-18 00:00:00-05:00,298.14776861574575,300.12575387638265,296.5498336154783,296.7485046386719,681900,0.0,0.0
2022-02-22 00:00:00-05:00,296.1958003542637,299.0893284686649,293.74273843152923,295.7293701171875,802300,0.0,0.0
2022-02-23 00:00:00-05:00,322.34135219013206,322.34135219013206,304.271775373989,305.291015625,1342100,0.0,0.0
2022-02-24 00:00:00-05:00,301.412780844397,305.15281558795465,296.092102602556,303.718994140625,1490500,0.0,0.0
2022-02-25 00:00:00-05:00,305.68833579866447,313.29793559581526,305.00596910977464,313.2806701660156,839900,0.0,0.0
2022-02-28 00:00:00-05:00,309.730705090204,311.01767832030947,304.52231725819985,306.6471252441406,1040600,0.0,0.0
2022-03-01 00:00:00-05:00,308.7805359906348,312.95244375473214,306.6729937313902,310.0675354003906,670600,0.0,0.0
2022-03-02 00:00:00-05:00,310.8880692935674,316.26921597939514,310.1538799740134,315.51776123046875,723500,0.0,0.0
2022-03-03 00:00:00-05:00,316.994751395388,323.12735267519633,316.1310054787793,322.1426696777344,731000,0.0,0.0
2022-03-04 00:00:00-05:00,320.23382789075134,328.0939217231398,319.12823407068464,325.94317626953125,697400,0.0,0.0
2022-03-07 00:00:00-05:00,324.93259799086536,328.58625292692807,322.96325823711067,324.8980407714844,622700,0.0,0.0
2022-03-08 00:00:00-05:00,323.09282640689577,324.3538881853,316.3210609351495,317.16754150390625,586200,0.0,0.0
2022-03-09 00:00:00-05:00,319.5859391435098,322.18582238074873,315.74225987220126,319.266357421875,647000,0.0,0.0
2022-03-10 00:00:00-05:00,317.4352700138375,320.5361146890445,316.31238450741404,319.30096435546875,605000,0.0,0.0
2022-03-11 00:00:00-05:00,319.60327065295604,322.2118003223833,315.9150848928854,316.12237548828125,455200,0.0,0.0
2022-03-14 00:00:00-04:00,318.1781145666961,318.9295693804381,309.8343249186289,311.009033203125,673100,0.0,0.0
2022-03-15 00:00:00-04:00,315.20423093946187,315.20423093946187,305.68470562724485,308.4641418457031,811900,2.0,0.0
2022-03-16 00:00:00-04:00,309.7148644909978,312.50299494619054,304.86825265026124,310.7050476074219,891200,0.0,0.0
2022-03-17 00:00:00-04:00,311.53886309303033,319.1301873488391,311.5215012252907,317.7057189941406,619500,0.0,0.0
2022-03-18 00:00:00-04:00,322.73476517793154,323.6815038953194,316.1509855743188,317.6449279785156,1344600,0.0,0.0
2022-03-21 00:00:00-04:00,318.5568633217123,322.6217661122814,317.19320153940714,319.251708984375,658000,0.0,0.0
2022-03-22 00:00:00-04:00,320.90207528787045,322.57843663260905,317.1411763836718,321.701171875,649300,0.0,0.0
2022-03-23 00:00:00-04:00,321.3971473300419,323.0908704407792,318.0444778577814,319.6773681640625,710300,0.0,0.0
2022-03-24 00:00:00-04:00,319.6686374417015,324.0809631347656,319.642581391598,324.0809631347656,646700,0.0,0.0
2022-03-25 00:00:00-04:00,324.845348114663,326.9386060787687,322.23963676614966,326.5824890136719,528400,0.0,0.0
2022-03-28 00:00:00-04:00,327.12097229440514,334.2606218787054,326.6345750021087,332.9751281738281,691000,0.0,0.0
2022-03-29 00:00:00-04:00,340.91392610523366,346.03848682688306,332.3063891468465,344.3621520996094,921200,0.0,0.0
2022-03-30 00:00:00-04:00,343.3979622857585,345.19590927936036,341.6434597138361,344.09283447265625,437100,0.0,0.0
2022-03-31 00:00:00-04:00,345.6562088535252,347.8189667979601,338.9769015185041,338.985595703125,1062500,0.0,0.0
2022-04-01 00:00:00-04:00,339.8455237605584,345.04827837231835,339.2288462113173,344.3968505859375,617700,0.0,0.0
2022-04-04 00:00:00-04:00,344.4923766619768,345.69970220211684,337.40483924647174,342.3035888671875,583900,0.0,0.0
2022-04-05 00:00:00-04:00,340.7575591837625,349.76463034738043,340.7575591837625,343.710693359375,803400,0.0,0.0
2022-04-06 00:00:00-04:00,345.06568762173583,355.62750809606484,342.74659272083125,354.8805236816406,839200,0.0,0.0
2022-04-07 00:00:00-04:00,351.77103039183766,356.6697804271609,349.32165537417603,355.4190368652344,609200,0.0,0.0
2022-04-08 00:00:00-04:00,356.1051679056577,357.75547286214646,354.5851697138027,355.2018737792969,526700,0.0,0.0
2022-04-11 00:00:00-04:00,355.55802945485743,357.5644518218205,346.4033148955402,348.99163818359375,638800,0.0,0.0
2022-04-12 00:00:00-04:00,348.93080429586985,354.03797609880036,346.4987912163802,353.3083801269531,598200,0.0,0.0
2022-04-13 00:00:00-04:00,353.88165616521337,355.70565943259317,349.87755906771145,352.3356018066406,583300,0.0,0.0
2022-04-14 00:00:00-04:00,353.12597596000154,356.7218701010809,350.96324416906134,354.8110046386719,510800,0.0,0.0
2022-04-18 00:00:00-04:00,354.8370715788882,357.520950987996,353.846915086466,355.7751159667969,658000,0.0,0.0
2022-04-19 00:00:00-04:00,357.8423153046555,361.5945458434413,356.9998009453447,358.86724853515625,520100,0.0,0.0
2022-04-20 00:00:00-04:00,359.02361201470654,365.9721758315857,358.7804133413825,364.7127380371094,592000,0.0,0.0
2022-04-21 00:00:00-04:00,365.2599128844104,366.3282640294351,358.30265542908455,358.3460998535156,548900,0.0,0.0
2022-04-22 00:00:00-04:00,357.9378911132833,359.014909999281,349.17401837114573,349.4779968261719,571400,0.0,0.0
2022-04-25 00:00:00-04:00,349.9644085713417,350.66794849760635,341.14839752033157,346.5596008300781,933700,0.0,0.0
2022-04-26 00:00:00-04:00,348.0274549727343,350.85030860464343,341.817182283867,342.39044189453125,799800,0.0,0.0
2022-04-27 00:00:00-04:00,343.6932700059741,347.7147281321838,339.67178537310303,339.9410400390625,671800,0.0,0.0
2022-04-28 00:00:00-04:00,343.20692579870075,347.16760476240165,339.4286391999074,346.5335388183594,577900,0.0,0.0
2022-04-29 00:00:00-04:00,343.20693768002343,343.48486007680594,321.7445429418271,322.6739196777344,1385500,0.0,0.0
2022-05-02 00:00:00-04:00,324.55004828290873,325.6705116224059,306.45771036612217,312.7287902832031,1118500,0.0,0.0
2022-05-03 00:00:00-04:00,313.5973848249869,313.96219611700224,306.857295416982,310.08837890625,903900,0.0,0.0
2022-05-04 00:00:00-04:00,302.33198562427884,309.3847998284332,300.4732586751704,308.49017333984375,1008400,0.0,0.0
2022-05-05 00:00:00-04:00,309.237145485363,310.21863436423155,300.0389873260563,303.3656005859375,839900,0.0,0.0
2022-05-06 00:00:00-04:00,300.3430320881294,301.333188778415,288.6954972818494,292.60406494140625,1153200,0.0,0.0
2022-05-09 00:00:00-04:00,287.4969012531771,288.08752296665733,271.62812413124277,272.4619445800781,1175800,0.0,0.0
2022-05-10 00:00:00-04:00,276.3009238685857,278.1683714788484,270.4294058478495,271.3153381347656,1269000,0.0,0.0
2022-05-11 00:00:00-04:00,272.2099910662951,278.211816438864,271.03741558277795,271.68017578125,1065500,0.0,0.0
2022-05-12 00:00:00-04:00,273.63439963305404,275.6321007561564,268.9354310451236,272.8526916503906,782800,0.0,0.0
2022-05-13 00:00:00-04:00,275.17176839816227,277.35188844243567,270.65519200938786,276.66571044921875,783300,0.0,0.0
2022-05-16 00:00:00-04:00,276.6396648373204,278.90662079614793,274.6245752028086,277.22161865234375,597000,0.0,0.0
2022-05-17 00:00:00-04:00,279.3669819214279,279.3669819214279,271.54984872038307,274.8677673339844,632200,0.0,0.0
2022-05-18 00:00:00-04:00,274.589847692605,275.0849126551907,265.7217251883168,266.5642395019531,623700,0.0,0.0
2022-05-19 00:00:00-04:00,265.44381149585865,271.2979945517608,263.6806144828794,269.05706787109375,1100600,0.0,0.0
2022-05-20 00:00:00-04:00,271.4282457537401,272.40973453145193,268.40561126662715,271.78436279296875,606400,0.0,0.0
2022-05-23 00:00:00-04:00,274.37268437456095,278.1075260562384,270.01244451090247,278.02935791015625,697800,0.0,0.0
2022-05-24 00:00:00-04:00,276.9263261105623,284.1962835992112,276.2054242448072,283.1452941894531,1069800,0.0,0.0
2022-05-25 00:00:00-04:00,281.8076396403468,284.1527635064277,277.5169003108567,282.17242431640625,1111700,0.0,0.0
2022-05-26 00:00:00-04:00,283.5361436254611,285.73362583319914,282.1203695318854,283.0671081542969,574700,0.0,0.0
2022-05-27 00:00:00-04:00,284.3091260557213,292.2826221555021,284.3091260557213,291.6398620605469,602500,0.0,0.0
2022-05-31 00:00:00-04:00,289.8506033717795,290.5541432330356,286.3763219802282,287.1841125488281,1388700,0.0,0.0
2022-06-01 00:00:00-04:00,287.540226965911,290.7539481228855,282.2680246610713,287.166748046875,738200,0.0,0.0
2022-06-02 00:00:00-04:00,285.45567691070147,289.32082606758564,279.25409759818797,289.16448974609375,568300,0.0,0.0
2022-06-03 00:00:00-04:00,287.02776429018826,290.6931324043339,284.1441307340975,287.25360107421875,521900,0.0,0.0
2022-06-06 00:00:00-04:00,288.9299402806536,288.9299402806536,279.57544654958855,280.1226501464844,848200,0.0,0.0
2022-06-07 00:00:00-04:00,279.3583142492726,287.45339709402543,278.2465451487629,287.19281005859375,716100,0.0,0.0
2022-06-08 00:00:00-04:00,285.44699642845546,285.44699642845546,274.34664098037314,274.95465087890625,725200,0.0,0.0
2022-06-09 00:00:00-04:00,273.84290039522944,277.42140653857217,268.9441766621747,269.04840087890625,549600,0.0,0.0
2022-06-10 00:00:00-04:00,265.7651555925842,270.9244654049209,264.0453768195845,267.0245666503906,906800,0.0,0.0
2022-06-13 00:00:00-04:00,261.45710601722345,264.22784828337933,256.89711047975743,258.38238525390625,782200,0.0,0.0
2022-06-14 00:00:00-04:00,259.0381939873051,262.8420280955316,256.5547605233955,260.446044921875,904300,2.0,0.0
2022-06-15 00:00:00-04:00,261.03187583860165,270.22232007293894,260.9094401241168,265.98126220703125,819100,0.0,0.0
2022-06-16 00:00:00-04:00,260.65588798994054,267.44162446131287,260.65588798994054,263.0256652832031,811200,0.0,0.0
2022-06-17 00:00:00-04:00,263.30551226341345,267.7652106625378,259.3879950449889,261.0581970214844,1439200,0.0,0.0
2022-06-21 00:00:00-04:00,263.5590423333049,266.8119951503643,261.8538820245882,264.16241455078125,595300,0.0,0.0
2022-06-22 00:00:00-04:00,262.7283372602406,271.6389789288576,262.7283372602406,267.78265380859375,736100,0.0,0.0
2022-06-23 00:00:00-04:00,269.3391803463627,271.3853888320562,266.8907059046023,269.4790954589844,755600,0.0,0.0
2022-06-24 00:00:00-04:00,271.34169496279526,275.31170354219165,268.9194792245867,274.7433166503906,878100,0.0,0.0
2022-06-27 00:00:00-04:00,273.70269568542665,276.5271771999683,272.0324939247609,274.32354736328125,539500,0.0,0.0
2022-06-28 00:00:00-04:00,276.7282653138619,278.2410724684702,272.0324760398673,272.35601806640625,593300,0.0,0.0
2022-06-29 00:00:00-04:00,272.3560305621439,273.9213026206502,270.2748365070968,272.0062561035156,598200,0.0,0.0
2022-06-30 00:00:00-04:00,269.96003750465104,277.1567661446736,269.60151002485566,273.41412353515625,1012000,0.0,0.0
2022-07-01 00:00:00-04:00,273.13429070739426,278.2935371188067,272.92440469311947,277.5240173339844,489200,0.0,0.0
2022-07-05 00:00:00-04:00,275.4515958770868,275.7139200558706,269.03313967072506,275.197998046875,669700,0.0,0.0
2022-07-06 00:00:00-04:00,276.80699470411946,280.05122175242025,274.66460931574545,277.2179870605469,424300,0.0,0.0
2022-07-07 00:00:00-04:00,277.6727110595542,279.4390895020913,273.5365551781784,275.2679748535156,545400,0.0,0.0
2022-07-08 00:00:00-04:00,275.267959916741,277.69892840930953,273.1692864971124,276.1773681640625,506300,0.0,0.0
2022-07-11 00:00:00-04:00,274.9268966772362,277.44531531660687,274.1311444900685,274.4022216796875,502800,0.0,0.0
2022-07-12 00:00:00-04:00,272.0849590885624,275.0843144964706,266.6196496633298,268.779541015625,555700,0.0,0.0
2022-07-13 00:00:00-04:00,265.8501557480793,270.48475460421963,263.8389323579228,267.6515197753906,526000,0.0,0.0
2022-07-14 00:00:00-04:00,262.1512491849121,269.0331631655134,262.1512491849121,267.95758056640625,445900,0.0,0.0
2022-07-15 00:00:00-04:00,272.09372968372105,274.56841020930295,268.78831139745677,273.9825439453125,734400,0.0,0.0
2022-07-18 00:00:00-04:00,275.65276869601087,276.8857458865894,268.6396655277309,270.1699523925781,556300,0.0,0.0
2022-07-19 00:00:00-04:00,272.1024981332931,276.67585253547014,270.7296058346376,276.5709228515625,549800,0.0,0.0
2022-07-20 00:00:00-04:00,275.98500168073593,278.5558854182357,274.32355292102534,276.3260498046875,422600,0.0,0.0
2022-07-21 00:00:00-04:00,276.2386007087395,279.28169467482974,274.3672925945608,279.1942443847656,495100,0.0,0.0
2022-07-22 00:00:00-04:00,279.8674890878458,283.1991388014031,277.6988718928814,279.2378845214844,417100,0.0,0.0
2022-07-25 00:00:00-04:00,286.93316501907475,287.3878692254801,280.04249757706907,283.2517395019531,619500,0.0,0.0
2022-07-26 00:00:00-04:00,282.0624459389452,286.5833618739692,281.86131293458135,285.69140625,753100,0.0,0.0
2022-07-27 00:00:00-04:00,285.07055436245264,286.2947783997988,282.7969801867626,285.3153991699219,815500,0.0,0.0
2022-07-28 00:00:00-04:00,286.7319708465805,295.23162061334205,285.9886834729016,294.77691650390625,874800,0.0,0.0
2022-07-29 00:00:00-04:00,295.0499251201616,299.3084647918722,293.7214120299631,297.0154113769531,638100,13.15,0.0
2022-08-01 00:00:00-04:00,295.1045118860826,297.9526466031647,294.6131333924711,295.2046203613281,599700,0.0,0.0
2022-08-02 00:00:00-04:00,294.36742254740665,298.30747505727595,291.5192881736375,292.0379638671875,860200,0.0,0.0
2022-08-03 00:00:00-04:00,293.5667166521628,301.847229186277,292.6385819106811,298.8262023925781,1015000,0.0,0.0
2022-08-04 00:00:00-04:00,300.8826730373592,302.87545650445793,297.07910636574314,300.80078125,787100,0.0,0.0
2022-08-05 00:00:00-04:00,291.18262060846814,304.4678332275972,291.18262060846814,301.3740234375,793800,0.0,0.0
2022-08-08 00:00:00-04:00,303.921875325268,307.4524692182487,301.8290112436384,305.4778747558594,556100,0.0,0.0
2022-08-09 00:00:00-04:00,306.35139736667287,312.5572052538999,305.61431588289304,312.0476379394531,867000,0.0,0.0
2022-08-10 00:00:00-04:00,315.2234205819795,316.12425799300144,310.66458346444995,314.8321228027344,622800,0.0,0.0
2022-08-11 00:00:00-04:00,315.2962327122995,318.9087187981608,313.84031381834524,315.24163818359375,487700,0.0,0.0
2022-08-12 00:00:00-04:00,316.9341463390106,320.2827683607501,316.43368720099585,320.0279846191406,529900,0.0,0.0
2022-08-15 00:00:00-04:00,320.8377676039412,323.4038212751351,319.90052459530034,323.3401184082031,531000,0.0,0.0
2022-08-16 00:00:00-04:00,320.6740178660564,323.5130444531401,319.4910716085426,321.41107177734375,660900,0.0,0.0
2022-08-17 00:00:00-04:00,318.48102394479326,324.39567153233946,317.05240240131326,323.27642822265625,597600,0.0,0.0
2022-08-18 00:00:00-04:00,323.2946719726544,324.9689690206504,318.9542124534736,321.07440185546875,500500,0.0,0.0
2022-08-19 00:00:00-04:00,320.3646625097325,321.7841759047337,318.27177025962385,319.6003112792969,1237800,0.0,0.0
2022-08-22 00:00:00-04:00,318.4809947346936,318.4809947346936,313.93126623848366,315.1596984863281,567900,0.0,0.0
2022-08-23 00:00:00-04:00,314.20424627742597,314.46813831186716,309.1631669782321,310.3733825683594,613500,0.0,0.0
2022-08-24 00:00:00-04:00,310.41898043639003,315.2871691431818,310.41898043639003,312.1205749511719,839000,0.0,0.0
2022-08-25 00:00:00-04:00,313.59460546747437,318.9450908728279,313.59460546747437,318.70849609375,578400,0.0,0.0
2022-08-26 00:00:00-04:00,318.6084564074717,319.2999963771751,312.8211863040289,313.4945373535156,453900,0.0,0.0
2022-08-29 00:00:00-04:00,311.7383524934704,313.8494335780197,309.29059587987587,309.99127197265625,398600,0.0,0.0
2022-08-30 00:00:00-04:00,309.3815697691494,310.6737050143428,301.7562195770386,302.5569763183594,561000,0.0,0.0
2022-08-31 00:00:00-04:00,304.42238382624987,305.1867628044315,300.11835757520265,301.0373840332031,913100,0.0,0.0
2022-09-01 00:00:00-04:00,298.9535906943173,307.57985881124074,298.1164283684067,307.3614807128906,796500,0.0,0.0
2022-09-02 00:00:00-04:00,309.1358604750301,309.5453193755353,302.0018895697266,303.0028076171875,505600,0.0,0.0
2022-09-06 00:00:00-04:00,303.7216512140045,312.0385675999357,303.7216512140045,308.8173522949219,716700,0.0,0.0
2022-09-07 00:00:00-04:00,307.7709847406345,312.1841997528067,306.3150658745528,311.4653625488281,881400,0.0,0.0
2022-09-08 00:00:00-04:00,309.76371998854523,312.5390431992947,305.4323696741642,308.82647705078125,560800,0.0,0.0
2022-09-09 00:00:00-04:00,309.58172772218956,311.71099733170274,306.65170145214034,308.6171875,649400,0.0,0.0
2022-09-12 00:00:00-04:00,308.2623207051347,309.57264484483005,306.9884021719145,308.9356994628906,577400,0.0,0.0
2022-09-13 00:00:00-04:00,305.1004530135791,305.7137137987356,298.71138404929997,300.03863525390625,740400,2.0,0.0
2022-09-14 00:00:00-04:00,299.2879953535299,300.6518397082951,295.0591392749784,297.1918640136719,864300,0.0,0.0
2022-09-15 00:00:00-04:00,296.5603171271597,296.5603171271597,286.775352746562,287.1048889160156,669800,0.0,0.0
2022-09-16 00:00:00-04:00,287.44356335532933,288.084311067215,283.3520017717986,286.6380615234375,2423400,0.0,0.0
2022-09-19 00:00:00-04:00,285.1460496312976,286.48246306401495,281.04535375899076,286.0430908203125,640000,0.0,0.0
2022-09-20 00:00:00-04:00,283.5991394154662,283.5991394154662,278.0247347570382,280.3497009277344,769600,0.0,0.0
2022-09-21 00:00:00-04:00,281.7135888939011,283.5259683360795,276.02018495798035,276.1849670410156,545800,0.0,0.0
2022-09-22 00:00:00-04:00,275.12316323916633,275.12316323916633,270.0338859372155,273.60369873046875,774200,0.0,0.0
2022-09-23 00:00:00-04:00,270.6837091307356,273.51209972483815,267.17797746895315,270.0887451171875,675700,0.0,0.0
2022-09-26 00:00:00-04:00,268.40451482713075,269.0910181814199,262.1069862543624,266.19854736328125,859800,0.0,0.0
2022-09-27 00:00:00-04:00,268.8805063323791,269.28325724040565,261.5578031811994,263.1504821777344,564000,0.0,0.0
2022-09-28 00:00:00-04:00,266.29011309686524,269.448012078933,262.6013024919332,267.8004150390625,738600,0.0,0.0
2022-09-29 00:00:00-04:00,265.4662859319391,266.21686970907,259.96512418466443,263.1504821777344,671600,0.0,0.0
2022-09-30 00:00:00-04:00,266.7477450748647,269.31067965587204,263.5074415493904,268.0200500488281,1124100,0.0,0.0
2022-10-03 00:00:00-04:00,270.82103183460566,271.68145173290543,266.64709306297556,269.0635986328125,868000,0.0,0.0
2022-10-04 00:00:00-04:00,270.1528619806649,274.308476253698,269.3473600973234,271.8553771972656,1062500,0.0,0.0
2022-10-05 00:00:00-04:00,268.00176609678186,270.6196188337617,264.34041484468594,269.0361022949219,654400,0.0,0.0
2022-10-06 00:00:00-04:00,269.6585141953618,270.8209831138141,262.80261526318594,263.5806579589844,787200,0.0,0.0
2022-10-07 00:00:00-04:00,261.4846065788448,262.99490862176066,257.0543462832417,259.6539306640625,842900,0.0,0.0
2022-10-10 00:00:00-04:00,260.7065216742476,265.47542384150233,260.0108559999995,263.25115966796875,920000,0.0,0.0
2022-10-11 00:00:00-04:00,262.2442951519568,266.1711023668221,260.9536654258432,265.3656005859375,747500,0.0,0.0
2022-10-12 00:00:00-04:00,265.42053010820376,266.46400078121775,262.1893884613505,262.6195983886719,475600,0.0,0.0
2022-10-13 00:00:00-04:00,258.225955785477,266.3816196441422,257.9147442585048,264.7523193359375,851500,0.0,0.0
2022-10-14 00:00:00-04:00,267.9652022294434,269.0361599912675,257.6310282826897,257.93310546875,853900,0.0,0.0
2022-10-17 00:00:00-04:00,262.1893700917318,269.301534970068,261.19165520973905,267.0406494140625,1030600,0.0,0.0
2022-10-18 00:00:00-04:00,271.5258042067872,276.14824868160076,269.6585073709065,272.03839111328125,853800,0.0,0.0
2022-10-19 00:00:00-04:00,268.90796717247747,271.8553563281383,265.9331189971695,266.27178955078125,627900,0.0,0.0
2022-10-20 00:00:00-04:00,267.8004015615546,270.5921708313613,266.70198496765676,268.2763671875,840200,0.0,0.0
2022-10-21 00:00:00-04:00,267.9743046790847,269.14593595190354,263.1779155867604,267.90106201171875,1558100,0.0,0.0
2022-10-24 00:00:00-04:00,269.58526688291545,271.3244309731508,265.5303273122963,266.67449951171875,772100,0.0,0.0
2022-10-25 00:00:00-04:00,267.7912368333222,275.72722821474645,266.5921464949577,274.7020263671875,881000,0.0,0.0
2022-10-26 00:00:00-04:00,274.78444235517753,277.53959037497447,271.5533007607708,272.8439025878906,681100,0.0,0.0
2022-10-27 00:00:00-04:00,274.5921772228915,275.5441363547859,271.23290314550223,272.62420654296875,650000,0.0,0.0
2022-10-28 00:00:00-04:00,271.54413570866325,286.29021537753505,270.16196658691905,285.16436767578125,798000,0.0,0.0
2022-10-31 00:00:00-04:00,284.4138189013551,286.26279156890195,282.07055590200724,283.52593994140625,1080300,0.0,0.0
2022-11-01 00:00:00-04:00,284.6609028407164,285.33827183003046,279.95608091968063,281.59454345703125,827200,0.0,0.0
2022-11-02 00:00:00-04:00,281.25594038653264,281.25594038653264,258.61048372850166,259.0589904785156,1534800,0.0,0.0
2022-11-03 00:00:00-04:00,256.2946299014452,256.30379221993184,252.10239431754377,253.24656677246094,1417000,0.0,0.0
2022-11-04 00:00:00-04:00,253.71332905722878,254.8117456096505,247.92838735774185,254.21678161621094,1050900,0.0,0.0
2022-11-07 00:00:00-05:00,257.631008756653,259.3060928297427,247.8094505386906,251.10464477539062,756300,0.0,0.0
2022-11-08 00:00:00-05:00,252.45937519752187,264.2672299815618,251.75457498352938,262.4365539550781,1327500,0.0,0.0
2022-11-09 00:00:00-05:00,263.5623863124479,267.8919444574453,260.5234579053957,260.6058349609375,996200,0.0,0.0
2022-11-10 00:00:00-05:00,271.5807907630934,278.5647961097685,269.79587052246427,277.1734924316406,1076700,0.0,0.0
2022-11-11 00:00:00-05:00,277.6036648546236,278.83937655147304,267.8004042028884,270.1894226074219,655700,0.0,0.0
2022-11-14 00:00:00-05:00,270.94002205108694,271.5349861073253,265.9880405932884,266.1253356933594,781100,0.0,0.0
2022-11-15 00:00:00-05:00,269.200865240863,270.8118408496612,262.0703756216667,264.6241760253906,925500,0.0,0.0
2022-11-16 00:00:00-05:00,265.2374190910731,271.4617327703492,264.9170732144179,266.454833984375,843100,0.0,0.0
2022-11-17 00:00:00-05:00,262.98570665619843,267.69055645616714,262.7660345183891,264.8804626464844,511900,0.0,0.0
2022-11-18 00:00:00-05:00,267.45257494205146,269.88737703261614,264.0475169422859,268.66082763671875,1048500,0.0,0.0
2022-11-21 00:00:00-05:00,267.47090333342453,272.77988037814293,267.47090333342453,272.34967041015625,713900,0.0,0.0
2022-11-22 00:00:00-05:00,272.9171239485418,274.3084273592931,270.4731597123895,274.0063781738281,624700,0.0,0.0
2022-11-23 00:00:00-05:00,273.68608050428776,274.0155887982948,269.97897252720475,271.9652404785156,1057200,0.0,0.0
2022-11-25 00:00:00-05:00,274.29013147050983,277.0910629341313,271.3976606391185,273.3290100097656,394000,0.0,0.0
2022-11-28 00:00:00-05:00,272.0384223514846,273.4114291373759,263.51662913509756,264.1207275390625,993300,0.0,0.0
2022-11-29 00:00:00-05:00,264.4502691374839,266.03381371934734,262.94910161240244,265.9971923828125,972600,0.0,0.0
2022-11-30 00:00:00-05:00,264.7340552286001,272.89888241016035,263.23288751308013,272.7341003417969,2217400,0.0,0.0
2022-12-01 00:00:00-05:00,274.6563165366034,275.6265725765619,267.4892323268877,270.4640808105469,652400,0.0,0.0
2022-12-02 00:00:00-05:00,267.25119578154585,271.791263740219,266.49147764956916,270.7569274902344,632900,0.0,0.0
2022-12-05 00:00:00-05:00,268.4227912686308,270.78435033824076,264.8896010134818,264.94451904296875,1049700,0.0,0.0
2022-12-06 00:00:00-05:00,265.4846201186636,265.9331267639623,261.5303535706317,264.52349853515625,908200,0.0,0.0
2022-12-07 00:00:00-05:00,265.8964781499424,272.3770856500906,262.05207601195895,271.6905822753906,937400,0.0,0.0
2022-12-08 00:00:00-05:00,272.37708052929133,280.3496650827621,270.92169675435645,277.054443359375,1081100,0.0,0.0
2022-12-09 00:00:00-05:00,276.34967574751386,277.2283923323016,272.3313288563645,272.4045715332031,657700,0.0,0.0
2022-12-12 00:00:00-05:00,272.40455619060526,276.22149947241553,270.47317875579273,275.9011535644531,983900,0.0,0.0
2022-12-13 00:00:00-05:00,282.69227026000334,283.38335926808605,276.5277540582667,278.2048034667969,992100,2.0,0.0
2022-12-14 00:00:00-05:00,279.59615927614783,282.63696759253514,275.0810503317348,276.6014404296875,1254500,0.0,0.0
2022-12-15 00:00:00-05:00,273.44086155757407,278.0112552788707,270.879226304533,275.33905029296875,1353900,0.0,0.0
2022-12-16 00:00:00-05:00,271.8467251264379,273.0354059324218,261.83054763071283,263.96832275390625,2001900,0.0,0.0
2022-12-19 00:00:00-05:00,263.2127344753137,263.95910827846893,260.4391833269826,262.08856201171875,730900,0.0,0.0
2022-12-20 00:00:00-05:00,260.31938274816116,263.8485311179944,258.01575302045586,260.0890197753906,594700,0.0,0.0
2022-12-21 00:00:00-05:00,261.9043165432107,265.37818051899137,260.6142612248563,261.3883056640625,574900,0.0,0.0
2022-12-22 00:00:00-05:00,259.75732172307215,261.0934384152297,255.0302683082538,257.9973449707031,731700,0.0,0.0
2022-12-23 00:00:00-05:00,256.698059169435,262.24521763134805,255.24217753341108,260.9643859863281,459800,0.0,0.0
2022-12-27 00:00:00-05:00,260.56815277847966,261.6001743502537,258.7989528550965,260.8077392578125,314100,0.0,0.0
2022-12-28 00:00:00-05:00,261.6647429115628,262.83497690576803,255.33437175117595,256.1544494628906,574200,0.0,0.0
2022-12-29 00:00:00-05:00,258.117116683636,261.8305669309685,256.9837487780778,260.3838806152344,403500,0.0,0.0
2022-12-30 00:00:00-05:00,259.361067414588,259.8402122792091,255.20531034708603,258.1816101074219,432900,0.0,0.0
2023-01-03 00:00:00-05:00,259.0017362114662,259.81261853468845,249.40944488105825,252.6437225341797,1046300,0.0,0.0
2023-01-04 00:00:00-05:00,254.65241291915143,258.9648288327305,254.20091052334809,256.26495361328125,694900,0.0,0.0
2023-01-05 00:00:00-05:00,253.91530182760314,255.07634030480943,248.91182439470944,249.96226501464844,880900,0.0,0.0
2023-01-06 00:00:00-05:00,250.22025712972717,255.29746619737455,249.75033577338965,255.0210418701172,857900,0.0,0.0
2023-01-09 00:00:00-05:00,254.65247296589934,262.1899720450713,253.75869148034516,259.12152099609375,947000,0.0,0.0
2023-01-10 00:00:00-05:00,260.06138293144835,261.16710835221767,256.91000502322225,259.0938415527344,769800,0.0,0.0
2023-01-11 00:00:00-05:00,262.033263934542,271.3030675028317,262.033263934542,270.602783203125,731600,0.0,0.0
2023-01-12 00:00:00-05:00,270.94377486735755,273.6528462061042,268.33604975860163,272.8235168457031,707300,0.0,0.0
2023-01-13 00:00:00-05:00,269.2206400539368,271.51504650845914,266.33649082850246,268.0227355957031,851100,0.0,0.0
2023-01-17 00:00:00-05:00,269.9854005416347,271.36757836010725,267.55275408329277,268.69537353515625,756400,0.0,0.0
2023-01-18 00:00:00-05:00,268.2807427635003,269.8195799684116,262.180735054892,263.3325500488281,1045500,0.0,0.0
2023-01-19 00:00:00-05:00,262.8441727077429,266.5668465157086,260.7616822707329,264.9635009765625,854400,0.0,0.0
2023-01-20 00:00:00-05:00,264.45669950552235,267.16577038424174,261.61863998140143,266.3917541503906,2293900,0.0,0.0
2023-01-23 00:00:00-05:00,266.6682167797396,268.5203443927789,264.83453620475075,268.00433349609375,709500,0.0,0.0
2023-01-24 00:00:00-05:00,268.7967566875255,272.06792817978913,265.1385911003695,270.7318115234375,686000,0.0,0.0
2023-01-25 00:00:00-05:00,269.9025030040686,270.98980959222877,267.617291968874,269.3312072753906,521200,0.0,0.0
2023-01-26 00:00:00-05:00,270.50143241202363,274.8599102624364,268.79674067904295,274.0306091308594,593600,0.0,0.0
2023-01-27 00:00:00-05:00,272.8695868493266,277.0345397902223,272.8695868493266,275.80902099609375,628500,0.0,0.0
2023-01-30 00:00:00-05:00,274.22406951282454,277.4860168562026,274.22406951282454,275.4127502441406,1063600,0.0,0.0
2023-01-31 00:00:00-05:00,274.7861872428306,281.7247195314707,274.59269020065256,280.4346923828125,848700,0.0,0.0
2023-02-01 00:00:00-05:00,279.14467109990386,283.01478074768494,275.91036558169367,281.9090270996094,680800,0.0,0.0
2023-02-02 00:00:00-05:00,284.1850353250289,291.0682833895415,284.1850353250289,286.9954528808594,557600,0.0,0.0
2023-02-03 00:00:00-05:00,283.4110246749144,284.5720351806679,279.36583652189654,284.2403259277344,709300,0.0,0.0
2023-02-06 00:00:00-05:00,276.8317783127329,287.23497778965594,276.01170077180046,283.5768127441406,2363600,0.0,0.0
2023-02-07 00:00:00-05:00,280.2227294436846,281.00596919852387,275.7721290502383,278.3061218261719,1470600,0.0,0.0
2023-02-08 00:00:00-05:00,277.7164311969764,279.83575954435037,275.11792981349527,278.27850341796875,1182700,0.0,0.0
2023-02-09 00:00:00-05:00,279.88181156364664,280.4162694521785,274.75854087483185,275.0810546875,1270200,0.0,0.0
2023-02-10 00:00:00-05:00,272.6944957210382,277.4399676984073,271.18330100642936,276.3526611328125,1832100,0.0,0.0
2023-02-13 00:00:00-05:00,276.380342706767,280.01086619865794,276.2605494355367,278.7392578125,1053700,0.0,0.0
2023-02-14 00:00:00-05:00,278.2784816186569,279.7804527571339,274.49132770108156,277.2464599609375,1029600,0.0,0.0
2023-02-15 00:00:00-05:00,275.7721073608038,277.7624467227276,273.4039693675423,277.2740783691406,690800,0.0,0.0
2023-02-16 00:00:00-05:00,273.7172979115018,277.2464747230409,271.31232175470694,276.0301513671875,1154700,0.0,0.0
2023-02-17 00:00:00-05:00,275.4128067221361,276.4632473983426,272.2890708882257,275.52337646484375,1971200,0.0,0.0
2023-02-21 00:00:00-05:00,273.53303171923005,275.57865628326516,272.6576410713723,275.4219970703125,1545200,0.0,0.0
2023-02-22 00:00:00-05:00,271.29389481674866,274.417602296823,266.6681880421539,269.34039306640625,2077700,0.0,0.0
2023-02-23 00:00:00-05:00,270.5751855027077,272.3535811579919,268.0872537926793,271.1833190917969,883000,0.0,0.0
2023-02-24 00:00:00-05:00,269.8655797899776,272.2152987141556,268.059542165002,270.2065124511719,1015500,0.0,0.0
2023-02-27 00:00:00-05:00,272.5009858537219,274.7493307834471,270.03147334173326,272.0310363769531,993400,0.0,0.0
2023-02-28 00:00:00-05:00,272.03105263015914,278.5180823946794,271.32154473422827,275.46807861328125,1456900,0.0,0.0
2023-03-01 00:00:00-05:00,272.69449762803697,273.69887689858297,269.6905552141498,272.4733581542969,1586900,0.0,0.0
2023-03-02 00:00:00-05:00,271.0819403888089,277.63344998887237,269.0455395359125,277.5689697265625,1052200,0.0,0.0
2023-03-03 00:00:00-05:00,279.6237640155346,282.1577565440243,279.61456861917435,280.876953125,1032200,0.0,0.0
2023-03-06 00:00:00-05:00,281.87212289910866,282.3236534397218,279.6145826779611,281.7062683105469,530500,0.0,0.0
2023-03-07 00:00:00-05:00,282.1301928159543,282.7475780863111,277.50451346968504,278.6010437011719,579300,0.0,0.0
2023-03-08 00:00:00-05:00,278.1402154526076,281.1533525418891,276.29731195863036,277.2371826171875,675600,0.0,0.0
2023-03-09 00:00:00-05:00,278.5641421642413,279.973962550299,271.8375540468118,272.4733581542969,722100,0.0,0.0
2023-03-10 00:00:00-05:00,272.7497553096478,272.76817422379605,259.3241947267409,259.3518371582031,1306700,0.0,0.0
2023-03-13 00:00:00-04:00,257.379931061442,272.7497407865819,257.379931061442,266.8432312011719,1505300,0.0,0.0
2023-03-14 00:00:00-04:00,270.2138528387514,271.6104993746818,264.69245035293636,267.8209533691406,1125700,3.0,0.0
2023-03-15 00:00:00-04:00,267.1877892597378,269.50624186545366,264.5807270537345,268.67755126953125,1066600,0.0,0.0
2023-03-16 00:00:00-04:00,268.1002767927165,274.7296879391209,265.83771617780576,274.54345703125,1032500,0.0,0.0
2023-03-17 00:00:00-04:00,275.4373274285523,278.5471903254235,273.36096933578364,275.29766845703125,2241900,0.0,0.0
2023-03-20 00:00:00-04:00,274.36654042503653,278.9661363960393,272.3460461442727,277.81158447265625,1304400,0.0,0.0
2023-03-21 00:00:00-04:00,277.8302576797237,278.4913290937493,268.7985985803026,272.7371520996094,1311000,0.0,0.0
2023-03-22 00:00:00-04:00,269.88798370117314,273.1654660094868,265.213883164465,265.3349304199219,1101000,0.0,0.0
2023-03-23 00:00:00-04:00,265.49320526279456,268.7520471323423,262.30883870487565,262.7929992675781,839700,0.0,0.0
2023-03-24 00:00:00-04:00,262.56019500126956,267.14120755395317,262.2343335832346,266.8525695800781,555100,0.0,0.0
2023-03-27 00:00:00-04:00,268.2026609336828,269.3013777322751,266.2101267813646,266.61981201171875,566300,0.0,0.0
2023-03-28 00:00:00-04:00,264.66448860980097,266.82464182716365,261.92705943595274,262.56951904296875,639000,0.0,0.0
2023-03-29 00:00:00-04:00,265.24180060565294,270.47456519942693,263.75203858385095,270.2417907714844,751600,0.0,0.0
2023-03-30 00:00:00-04:00,273.3795956076654,274.9345413462674,272.0760644460265,274.3386535644531,698300,0.0,0.0
2023-03-31 00:00:00-04:00,275.670099114678,281.47081952139627,275.23248206502745,281.3218688964844,1175300,0.0,0.0
2023-04-03 00:00:00-04:00,285.74459241821336,294.0965116734032,285.07420092442004,286.498779296875,3556000,0.0,0.0
2023-04-04 00:00:00-04:00,285.84697998151483,292.6905534262563,285.29763577504514,287.0201721191406,1888500,0.0,0.0
2023-04-05 00:00:00-04:00,286.66635682286784,287.9047042285067,283.19335226459214,286.0890808105469,1515600,0.0,0.0
2023-04-06 00:00:00-04:00,287.2342824981401,289.3758239746094,285.26036018084784,289.3758239746094,990100,0.0,0.0
2023-04-10 00:00:00-04:00,288.10024557115935,290.0648479612975,286.8711898612514,289.9996643066406,691300,0.0,0.0
2023-04-11 00:00:00-04:00,290.42794949084686,293.398124423163,289.0126630820148,292.4111633300781,1114500,0.0,0.0
2023-04-12 00:00:00-04:00,293.6495695751302,294.67378263184384,291.4428727798915,291.5732116699219,881900,0.0,0.0
2023-04-13 00:00:00-04:00,291.2379894345485,291.2472810872799,281.8338991806806,283.52850341796875,1344900,0.0,0.0
2023-04-14 00:00:00-04:00,283.81719186602345,286.34045853579653,268.49130412216743,270.3442077636719,1778600,0.0,0.0
2023-04-17 00:00:00-04:00,269.7017389011078,274.2734316061401,268.59373046471273,274.18963623046875,880900,0.0,0.0
2023-04-18 00:00:00-04:00,273.04439290149634,275.3069534297615,269.7482991793674,270.558349609375,1223300,0.0,0.0
2023-04-19 00:00:00-04:00,269.72037483961856,271.83398480351855,267.7278405379064,269.2082824707031,1152900,0.0,0.0
2023-04-20 00:00:00-04:00,268.62168374394776,269.5248496404433,265.72598356524503,267.8209533691406,1116300,0.0,0.0
2023-04-21 00:00:00-04:00,269.68312016768016,270.32555136446047,267.3833079790027,268.6123352050781,663200,0.0,0.0
2023-04-24 00:00:00-04:00,270.44658309485334,270.44658309485334,266.3032160971531,268.24920654296875,767800,0.0,0.0
2023-04-25 00:00:00-04:00,268.5564501075074,270.85626211193676,267.33671463297617,270.0182800292969,1055300,0.0,0.0
2023-04-26 00:00:00-04:00,270.01827480897305,272.0759923263619,267.40189310901127,268.74267578125,1122600,0.0,0.0
2023-04-27 00:00:00-04:00,269.06858373107247,272.3646486422942,269.0499435943308,272.2808532714844,842200,0.0,0.0
2023-04-28 00:00:00-04:00,272.9047222083682,275.33487339398266,272.48571690713027,274.5155029296875,948800,0.0,0.0
2023-05-01 00:00:00-04:00,273.48198490957355,275.35350015574744,271.5173542215542,272.4298400878906,596200,0.0,0.0
2023-05-02 00:00:00-04:00,271.77811839865984,273.025785893595,266.228755707051,267.0481262207031,991400,0.0,0.0
2023-05-03 00:00:00-04:00,268.398227398455,269.31068494298734,261.31255924971606,262.8581848144531,1206800,0.0,0.0
2023-05-04 00:00:00-04:00,263.95686518070926,271.83397180241417,262.9606122849247,270.2976379394531,1162900,0.0,0.0
2023-05-05 00:00:00-04:00,272.42054697436106,276.5453312960186,271.9177746853659,275.5211181640625,643400,0.0,0.0
2023-05-08 00:00:00-04:00,274.8413649668371,277.4018832011775,273.9475192848231,276.8525390625,922300,0.0,0.0
2023-05-09 00:00:00-04:00,276.53599139809944,278.98478266964963,273.4633806373916,278.668212890625,976700,0.0,0.0
2023-05-10 00:00:00-04:00,280.30694417184066,280.77249301013626,276.554621671772,279.338623046875,600200,0.0,0.0
2023-05-11 00:00:00-04:00,278.7705904753342,278.7705904753342,273.4354198966807,274.67376708984375,716900,0.0,0.0
2023-05-12 00:00:00-04:00,275.03691474748575,275.8283249210665,272.00152768793566,275.5955505371094,470600,0.0,0.0
2023-05-15 00:00:00-04:00,275.8283682219929,277.17847122682684,272.1784812208792,273.7333984375,439300,0.0,0.0
2023-05-16 00:00:00-04:00,273.6030592051055,273.6030592051055,268.72408803527827,268.94757080078125,484700,0.0,0.0
2023-05-17 00:00:00-04:00,269.57136581662127,269.71105318792314,266.2287288561172,267.2436218261719,495600,0.0,0.0
2023-05-18 00:00:00-04:00,267.03876983394815,267.1318852732625,263.92890738177806,265.17657470703125,485500,0.0,0.0
2023-05-19 00:00:00-04:00,267.3088204787237,268.2399181271563,263.7334089185241,265.26971435546875,463300,0.0,0.0
2023-05-22 00:00:00-04:00,265.7445984595219,266.3777380771327,263.02578066794814,264.9066162109375,496500,0.0,0.0
2023-05-23 00:00:00-04:00,264.785531881633,270.2510700789742,263.5378645458299,267.6905517578125,1151000,0.0,0.0
2023-05-24 00:00:00-04:00,267.49504458500184,268.7613237156047,262.5881419168044,263.86376953125,918500,0.0,0.0
2023-05-25 00:00:00-04:00,265.4652225398425,265.4652225398425,260.5862802188301,263.60302734375,745500,0.0,0.0
2023-05-26 00:00:00-04:00,264.44106635560235,267.1133122030313,262.4205718479982,266.9364013671875,832800,0.0,0.0
2023-05-30 00:00:00-04:00,268.2678550643117,271.7222194500806,268.1933797535408,268.9941101074219,932500,0.0,0.0
2023-05-31 00:00:00-04:00,269.7855286079955,270.49317187414346,262.99781917279773,263.7799377441406,3587900,0.0,0.0
2023-06-01 00:00:00-04:00,263.95689508659444,265.4373371163172,262.17849495388566,263.9010314941406,864100,0.0,0.0
2023-06-02 00:00:00-04:00,264.8506995907805,269.12443377619036,263.38886967221,268.51922607421875,766800,0.0,0.0
2023-06-05 00:00:00-04:00,268.55648367612184,268.55648367612184,262.9140342889279,263.6402893066406,779400,0.0,0.0
2023-06-06 00:00:00-04:00,265.3534920823529,265.3534920823529,259.9158855870055,260.7166442871094,909000,0.0,0.0
2023-06-07 00:00:00-04:00,261.2753213934264,272.8581794729111,259.85074299757383,271.7594909667969,1275200,0.0,0.0
2023-06-08 00:00:00-04:00,270.9680112395863,273.4447342463277,267.65330608225565,270.22314453125,750700,0.0,0.0
2023-06-09 00:00:00-04:00,270.6142255978239,270.6142255978239,266.99224222115623,267.0853576660156,756100,0.0,0.0
2023-06-12 00:00:00-04:00,266.7129406503172,268.1281988884617,262.8023190452641,267.86749267578125,1050400,0.0,0.0
2023-06-13 00:00:00-04:00,265.3458306400633,270.3796722293546,264.30140642595273,268.1779479980469,956400,3.0,0.0
2023-06-14 00:00:00-04:00,268.1591816322243,269.90925935055037,264.5743190801777,267.3311767578125,691600,0.0,0.0
2023-06-15 00:00:00-04:00,267.9803988449648,271.7816807890177,265.9292232832123,270.6431884765625,659200,0.0,0.0
2023-06-16 00:00:00-04:00,271.2547551857634,276.58030536859866,269.8245546460088,270.13507080078125,1799800,0.0,0.0
2023-06-20 00:00:00-04:00,269.2411800602932,269.6551824334559,264.43314750571903,268.1779479980469,907400,0.0,0.0
2023-06-21 00:00:00-04:00,268.54490010209906,271.80043791694766,266.0608860138191,270.75604248046875,765500,0.0,0.0
2023-06-22 00:00:00-04:00,271.1324661314283,271.49001631087566,264.68723076129237,266.55963134765625,755000,0.0,0.0
2023-06-23 00:00:00-04:00,266.7572172508134,270.5961147392584,264.79072016797323,266.82305908203125,2127300,0.0,0.0
2023-06-26 00:00:00-04:00,266.42785929632555,272.1956374333559,265.8821158664492,271.772216796875,804200,0.0,0.0
2023-06-27 00:00:00-04:00,272.5908629696314,274.16219435226884,270.9913341669375,272.3932800292969,813700,0.0,0.0
2023-06-28 00:00:00-04:00,272.1768362254748,273.1083560038761,269.45762314650597,272.03570556640625,926800,0.0,0.0
2023-06-29 00:00:00-04:00,270.135072120888,271.6499223466351,267.688702140545,271.5370178222656,691200,0.0,0.0
2023-06-30 00:00:00-04:00,273.2682689668581,275.27241028110217,269.7869219400906,274.6325988769531,1404000,0.0,0.0
2023-07-03 00:00:00-04:00,273.738761428079,277.3142343319413,272.45913844293034,275.6770324707031,363900,0.0,0.0
2023-07-05 00:00:00-04:00,275.0842195783996,276.41090509087707,269.7775062427618,274.66082763671875,807800,0.0,0.0
2023-07-06 00:00:00-04:00,271.8475236565847,274.1150897682122,268.9871513859785,273.757568359375,816200,0.0,0.0
2023-07-07 00:00:00-04:00,270.45496485892187,272.3932356722632,269.41995891144046,270.1256408691406,740300,0.0,0.0
2023-07-10 00:00:00-04:00,269.13771628330954,273.77639244893703,267.6887078563224,273.7199401855469,785500,0.0,0.0
2023-07-11 00:00:00-04:00,273.96455551757475,276.92841387501375,272.03567435072597,276.4955749511719,523900,0.0,0.0
2023-07-12 00:00:00-04:00,278.5091600630911,281.96230991842407,277.32360512560626,278.7726135253906,689000,0.0,0.0
2023-07-13 00:00:00-04:00,278.13277720090247,281.22837664176774,276.3826710823638,281.1625061035156,445800,0.0,0.0
2023-07-14 00:00:00-04:00,281.3413217155052,284.61566796695575,279.8546688213825,283.81591796875,552200,0.0,0.0
2023-07-17 00:00:00-04:00,283.7029897609409,284.83209251793573,282.2728178211199,282.80914306640625,510500,0.0,0.0
2023-07-18 00:00:00-04:00,283.2231153528756,283.51479493643853,275.6017443399938,276.9754638671875,720700,0.0,0.0
2023-07-19 00:00:00-04:00,276.80613258457873,283.5430471858649,275.5735435948771,275.6488037109375,697500,0.0,0.0
2023-07-20 00:00:00-04:00,275.0466498511765,275.53591241475885,270.44558898268735,271.9510498046875,776200,0.0,0.0
2023-07-21 00:00:00-04:00,272.6284748094783,274.84900701644705,271.26414481307427,274.4914855957031,819600,0.0,0.0
2023-07-24 00:00:00-04:00,276.06279407700214,278.2269027833638,274.7361084644658,278.1798400878906,1067800,0.0,0.0
2023-07-25 00:00:00-04:00,278.5468081547442,279.6100402997971,275.11249481768135,276.3638916015625,719500,0.0,0.0
2023-07-26 00:00:00-04:00,276.19453890645576,281.25663580864165,276.19453890645576,278.1045837402344,539800,0.0,0.0
2023-07-27 00:00:00-04:00,278.5374026281237,279.92995884773933,270.97248317251115,271.2923889160156,631300,0.0,0.0
2023-07-28 00:00:00-04:00,272.506148390348,272.95779519400327,264.81893544650137,264.8941955566406,785000,0.0,0.0
2023-07-31 00:00:00-04:00,265.55281252235824,267.60398767665424,263.4828008070238,265.1011657714844,1185400,0.0,0.0
2023-08-01 00:00:00-04:00,265.82568396642574,267.2088217801044,262.0150128033687,262.843017578125,579200,0.0,0.0
2023-08-02 00:00:00-04:00,261.4504895317085,263.4546311414617,260.0955777029818,262.29730224609375,1031800,0.0,0.0
2023-08-03 00:00:00-04:00,269.26941110845786,271.1512296702014,263.4263725142405,270.02215576171875,1606600,0.0,0.0
2023-08-04 00:00:00-04:00,266.3996596102737,267.60402238788674,256.94350374253077,259.3992919921875,2402700,0.0,0.0
2023-08-07 00:00:00-04:00,259.8979313600339,266.8794900162117,259.8979313600339,266.2867126464844,1018100,0.0,0.0
2023-08-08 00:00:00-04:00,264.8189312264131,266.8701065877314,262.3161090686369,265.17645263671875,1033600,0.0,0.0
2023-08-09 00:00:00-04:00,262.6077969716166,271.0195285900954,262.37256964160156,269.4105529785156,828800,0.0,0.0
2023-08-10 00:00:00-04:00,269.7210662977717,271.71578944103896,266.86069395487186,267.87689208984375,750500,0.0,0.0
2023-08-11 00:00:00-04:00,266.69138396628097,270.7937354955831,266.24915536433525,269.96575927734375,822400,0.0,0.0
2023-08-14 00:00:00-04:00,269.2693994578718,271.3111851433007,265.42108411132557,266.71954345703125,777200,0.0,0.0
2023-08-15 00:00:00-04:00,264.86594622822207,265.33640083963985,262.1090890967387,263.16290283203125,687200,0.0,0.0
2023-08-16 00:00:00-04:00,263.77453689070603,265.2705793861177,262.1938159952835,262.29730224609375,516100,0.0,0.0
2023-08-17 00:00:00-04:00,262.0902447261507,263.7744802248403,256.23778838591676,256.28485107421875,831500,0.0,0.0
2023-08-18 00:00:00-04:00,255.005274047534,259.333463349424,254.51601146060938,257.28228759765625,695000,0.0,0.0
2023-08-21 00:00:00-04:00,256.60480429036824,257.8750376815125,253.56565669102616,257.1034851074219,619100,0.0,0.0
2023-08-22 00:00:00-04:00,258.2607940891656,258.2607940891656,255.65445696023437,257.5268859863281,515100,0.0,0.0
2023-08-23 00:00:00-04:00,259.69097778848817,261.45047365965524,258.05380472578065,259.041748046875,702200,0.0,0.0
2023-08-24 00:00:00-04:00,260.6883427275183,262.7677443551187,256.83060864206215,257.5927429199219,897600,0.0,0.0
2023-08-25 00:00:00-04:00,258.89119609862655,260.820077451396,257.6115731942005,259.9732360839844,615200,0.0,0.0
2023-08-28 00:00:00-04:00,260.0108372702049,263.1911148673822,260.0108372702049,260.8952941894531,371400,0.0,0.0
2023-08-29 00:00:00-04:00,260.16141231412155,262.8241729053354,259.73799165828126,262.44781494140625,518800,0.0,0.0
2023-08-30 00:00:00-04:00,262.8524028096759,264.5837011543033,262.4102030135559,264.3955078125,595700,0.0,0.0
2023-08-31 00:00:00-04:00,264.226162635086,264.226162635086,259.60629441940887,260.04852294921875,899100,0.0,0.0
2023-09-01 00:00:00-04:00,261.55401198407094,262.250275769165,258.5242824906437,259.5028076171875,482500,0.0,0.0
2023-09-05 00:00:00-04:00,258.91942599747324,259.4651694961585,255.07111023206764,255.1652069091797,687700,0.0,0.0
2023-09-06 00:00:00-04:00,255.08050576868976,256.13431954411834,250.2912810877646,252.85055541992188,794800,0.0,0.0
2023-09-07 00:00:00-04:00,252.69061899039266,257.413973707109,252.69061899039266,257.0,834100,0.0,0.0
2023-09-08 00:00:00-04:00,257.6491657864945,259.61569137605323,256.87764202885273,257.4892272949219,946200,0.0,0.0
2023-09-11 00:00:00-04:00,257.6303671057943,260.72596667033554,255.95554973956578,260.24609375,651000,0.0,0.0
2023-09-12 00:00:00-04:00,259.3138801008367,260.4553636791889,257.5921622067299,259.1997375488281,513000,3.0,0.0
2023-09-13 00:00:00-04:00,259.0190295782696,259.56123578682775,257.1546332968345,258.7241516113281,665600,0.0,0.0
2023-09-14 00:00:00-04:00,260.37929494817996,263.4327245259279,259.73243873026905,262.6241760253906,735900,0.0,0.0
2023-09-15 00:00:00-04:00,261.86322281244594,264.07004683286044,260.18905442600874,260.7407531738281,1190100,0.0,0.0
2023-09-18 00:00:00-04:00,260.74074197537493,260.74074197537493,255.9085230163368,256.7170715332031,597800,0.0,0.0
2023-09-19 00:00:00-04:00,257.2877860094255,259.9036592081355,256.8692439753013,257.1831359863281,723000,0.0,0.0
2023-09-20 00:00:00-04:00,259.39951864404117,259.92268168903536,256.9833948288201,257.5636291503906,528500,0.0,0.0
2023-09-21 00:00:00-04:00,255.6517046553483,257.05950163385904,249.93482273189096,250.3153076171875,719300,0.0,0.0
2023-09-22 00:00:00-04:00,250.1726304918893,254.37706541974396,250.1726304918893,251.10484313964844,726400,0.0,0.0
2023-09-25 00:00:00-04:00,249.98237199473797,251.58994748409626,248.1655544936188,250.86703491210938,568600,0.0,0.0
2023-09-26 00:00:00-04:00,249.29747736001983,251.7992081915303,248.49845042642357,251.04776000976562,814400,0.0,0.0
2023-09-27 00:00:00-04:00,255.06195607980965,258.51488481679866,251.85629753022909,252.0560760498047,1324700,0.0,0.0
2023-09-28 00:00:00-04:00,252.79800841333403,255.55655994292124,250.96211888314068,251.3901824951172,806300,0.0,0.0
2023-09-29 00:00:00-04:00,253.92996579938404,255.6516837133515,249.3165107415982,250.667236328125,619000,0.0,0.0
2023-10-02 00:00:00-04:00,251.8182257251246,252.2082321106814,246.20596561850274,248.02281188964844,607900,0.0,0.0
2023-10-03 00:00:00-04:00,246.59598885630263,247.29991632110884,242.49620429386383,243.23817443847656,739300,0.0,0.0
2023-10-04 00:00:00-04:00,244.9979494338584,246.80527437945528,242.4391472581957,246.41526794433594,802700,0.0,0.0
2023-10-05 00:00:00-04:00,246.10137080249427,247.50919675649692,244.6745307651489,246.25357055664062,729900,0.0,0.0
2023-10-06 00:00:00-04:00,244.7316124946443,251.86581298601004,243.88503579815304,251.09532165527344,735800,0.0,0.0
2023-10-09 00:00:00-04:00,249.86822731069336,257.3638984929985,249.58287090695512,257.240234375,617600,0.0,0.0
2023-10-10 00:00:00-04:00,256.83124697061123,260.246147844983,255.4424639114477,258.2485656738281,729400,0.0,0.0
2023-10-11 00:00:00-04:00,260.1604890647189,262.52903413653377,258.7621847264964,262.32928466796875,653400,0.0,0.0
2023-10-12 00:00:00-04:00,261.1878333061526,262.3959098807225,258.733681016391,259.6468505859375,537400,0.0,0.0
2023-10-13 00:00:00-04:00,260.7502622663968,261.75856026117424,256.7836631242773,258.8478088378906,601100,0.0,0.0
2023-10-16 00:00:00-04:00,260.49342750986375,262.643180028775,257.72535443659683,262.28173828125,712700,0.0,0.0
2023-10-17 00:00:00-04:00,260.2651387595411,262.2627207528485,258.1914713985785,259.70391845703125,733800,0.0,0.0
2023-10-18 00:00:00-04:00,258.2675397015996,259.2853300866664,253.28309265023492,253.62554931640625,530400,0.0,0.0
2023-10-19 00:00:00-04:00,251.95141461456276,253.4163118795018,245.7969766254924,245.89210510253906,739800,0.0,0.0
2023-10-20 00:00:00-04:00,247.09066444470332,247.7184775694167,238.58669516406823,238.9386444091797,1000200,0.0,0.0
2023-10-23 00:00:00-04:00,237.81619991078765,240.080124271556,235.68546123201145,235.837646484375,866700,0.0,0.0
2023-10-24 00:00:00-04:00,235.8566594876448,236.64617939750812,229.6451502418316,230.81515502929688,1304600,0.0,0.0
2023-10-25 00:00:00-04:00,229.1885621354169,230.31100266813166,224.61316405639903,226.3824462890625,1083500,0.0,0.0
2023-10-26 00:00:00-04:00,227.06731755681685,229.71172645410627,226.4299829353778,227.13389587402344,1310300,0.0,0.0
2023-10-27 00:00:00-04:00,227.1053721623463,229.14099669768996,223.4716792407564,226.9341583251953,964500,0.0,0.0
2023-10-30 00:00:00-04:00,226.47754540187515,228.56073404895258,222.46336785238495,227.1719512939453,1355600,0.0,0.0
2023-10-31 00:00:00-04:00,232.68906029158066,234.7151777165307,221.80702500845115,227.06732177734375,1485200,0.0,0.0
2023-11-01 00:00:00-04:00,229.29320439176985,231.395407320614,223.14827337719979,230.75808715820312,1244000,0.0,0.0
2023-11-02 00:00:00-04:00,232.8507772279639,239.14790784433478,232.8507772279639,236.1515350341797,993900,0.0,0.0
2023-11-03 00:00:00-04:00,240.1847572128748,246.6055378512388,240.1847572128748,240.90768432617188,1182800,0.0,0.0
2023-11-06 00:00:00-05:00,240.2608336507965,241.43083838887202,235.36200759970296,236.0183563232422,827700,0.0,0.0
2023-11-07 00:00:00-05:00,236.38934186064873,236.9125194482721,234.23006770333495,235.88519287109375,1183700,0.0,0.0
2023-11-08 00:00:00-05:00,238.39641986240588,242.18231240346194,237.24544373689824,238.4630126953125,1851400,0.0,0.0
2023-11-09 00:00:00-05:00,238.71033636677205,240.46059000324487,234.4298162364131,234.58201599121094,1205400,0.0,0.0
2023-11-10 00:00:00-05:00,236.32275590853268,236.43689846412215,232.47979203859336,232.8412628173828,1430500,0.0,0.0
2023-11-13 00:00:00-05:00,231.33834468911462,235.36202981218298,229.81639058475022,234.31568908691406,1143100,0.0,0.0
2023-11-14 00:00:00-05:00,240.374966644065,248.7362423404335,238.3012995563976,247.3189239501953,1627800,0.0,0.0
2023-11-15 00:00:00-05:00,246.8528454274107,249.61139699817988,246.49137464374692,247.88015747070312,1004000,0.0,0.0
2023-11-16 00:00:00-05:00,249.01213373684982,249.94434638842395,246.72919537675438,246.8528594970703,1071600,0.0,0.0
2023-11-17 00:00:00-05:00,249.0121107250104,249.0121107250104,245.0645259420693,245.13111877441406,868000,0.0,0.0
2023-11-20 00:00:00-05:00,244.82672771075121,247.1001443823584,243.49500164909873,245.49256896972656,876700,0.0,0.0
2023-11-21 00:00:00-05:00,244.02770291961937,245.7113637086291,242.81964096053326,244.66500854492188,535300,0.0,0.0
2023-11-22 00:00:00-05:00,246.92893233637918,247.04307489422305,241.32620772732028,242.2964630126953,587900,0.0,0.0
2023-11-24 00:00:00-05:00,240.5842351028041,242.80059487020367,239.22398800255053,242.59132385253906,297800,0.0,0.0
2023-11-27 00:00:00-05:00,242.6579513229946,245.6257741578057,240.62232664522085,244.1038055419922,817100,0.0,0.0
2023-11-28 00:00:00-05:00,243.29525452973175,244.71258752286835,241.59255062672347,244.141845703125,985000,0.0,0.0
2023-11-29 00:00:00-05:00,246.12989856543714,246.95746111595224,244.04670985524822,245.32135009765625,1091300,0.0,0.0
2023-11-30 00:00:00-05:00,243.30475366154587,247.4616095164358,243.30475366154587,246.13941955566406,1748500,0.0,0.0
2023-12-01 00:00:00-05:00,245.82551295387285,253.6160620708943,245.21674295151396,253.02630615234375,1301800,0.0,0.0
2023-12-04 00:00:00-05:00,252.67435843009946,256.365122750579,251.8372742713347,256.16534423828125,1207400,0.0,0.0
2023-12-05 00:00:00-05:00,255.4614562029694,256.783675332629,254.50070788657322,255.71827697753906,883500,0.0,0.0
2023-12-06 00:00:00-05:00,255.89898299229552,256.73606708915247,253.67311611427155,256.5077819824219,1385200,0.0,0.0
2023-12-07 00:00:00-05:00,256.8312206595592,261.1688122861453,255.92754364188025,259.7705078125,995100,0.0,0.0
2023-12-08 00:00:00-05:00,259.3995355860257,261.9963659272545,258.2485303652499,260.45538330078125,749000,0.0,0.0
2023-12-11 00:00:00-05:00,259.6848786236387,263.59440626893337,259.2758581261321,263.32806396484375,817100,0.0,0.0
2023-12-12 00:00:00-05:00,262.1741326339543,263.56850480487833,260.70281217872565,262.5299377441406,929600,3.0,0.0
2023-12-13 00:00:00-05:00,263.2126584867585,273.50230353727795,262.1548398469683,271.713623046875,1515800,0.0,0.0
2023-12-14 00:00:00-05:00,276.4353474184538,280.9262568413963,276.16608713134434,279.9357604980469,1716800,0.0,0.0
2023-12-15 00:00:00-05:00,279.48378487408235,280.24349507092404,275.685263237044,278.9356384277344,2184800,0.0,0.0
2023-12-18 00:00:00-05:00,278.9836749119948,279.77223328060137,276.4641619584552,277.916259765625,679400,0.0,0.0
2023-12-19 00:00:00-05:00,279.3779648959296,284.753573665425,277.62778784916844,283.551513671875,770400,0.0,0.0
2023-12-20 00:00:00-05:00,283.93622533418875,287.03273336757826,281.6378723052451,281.7532653808594,762200,0.0,0.0
2023-12-21 00:00:00-05:00,284.53242419688854,285.9556445010259,282.19562652414766,285.7441101074219,580500,0.0,0.0
2023-12-22 00:00:00-05:00,286.15763546391116,289.39838490277714,284.5805184750618,286.5038146972656,415500,0.0,0.0
2023-12-26 00:00:00-05:00,287.3019398189415,291.4273882348905,287.1384467610129,290.3022766113281,380500,0.0,0.0
2023-12-27 00:00:00-05:00,290.54274429497417,293.81234195593436,289.9945978362635,293.5719299316406,526300,0.0,0.0
2023-12-28 00:00:00-05:00,294.2739408276715,296.5241938321428,293.5815530303595,295.9952697753906,532500,0.0,0.0
2023-12-29 00:00:00-05:00,295.1297988781003,296.1972435399646,292.956494107134,293.30267333984375,558200,0.0,0.0
2024-01-02 00:00:00-05:00,293.27380551806414,300.2746021132222,292.3313798687887,299.8706970214844,823000,0.0,0.0
2024-01-03 00:00:00-05:00,297.2646012559702,297.2646012559702,291.24467586702366,291.3889465332031,675500,0.0,0.0
2024-01-04 00:00:00-05:00,290.58117988431127,292.21596382431716,288.0712634231498,288.66748046875,745100,0.0,0.0
2024-01-05 00:00:00-05:00,287.5135492797211,290.3600193372999,284.66704987497235,287.15771484375,615300,0.0,0.0
2024-01-08 00:00:00-05:00,286.4461244660468,288.7540741140792,285.46525393610534,288.6098327636719,857900,0.0,0.0
2024-01-09 00:00:00-05:00,285.821009538828,286.3210559160112,284.1765997346901,285.5132751464844,623200,0.0,0.0
2024-01-10 00:00:00-05:00,285.5132972598842,285.5132972598842,282.4456376639378,283.8977355957031,1104600,0.0,0.0
2024-01-11 00:00:00-05:00,282.42640891695135,283.68616547348387,277.88742909548887,279.2145080566406,1108500,0.0,0.0
2024-01-12 00:00:00-05:00,281.5032783290874,284.4459193706422,278.91644241357045,283.7150573730469,791400,0.0,0.0
2024-01-16 00:00:00-05:00,281.7628764045874,283.6284759544937,279.57994591346454,283.54193115234375,692500,0.0,0.0
2024-01-17 00:00:00-05:00,279.6953131052806,284.5708752721548,279.46449764040005,283.205322265625,951500,0.0,0.0
2024-01-18 00:00:00-05:00,282.99378262925774,283.7246445271154,276.4834359958313,279.81072998046875,939200,0.0,0.0
2024-01-19 00:00:00-05:00,280.0799871101082,282.2244727695286,278.13746866577594,280.72430419921875,651000,0.0,0.0
2024-01-22 00:00:00-05:00,281.4551396858009,284.23431659206466,281.0127898071513,282.387939453125,627700,0.0,0.0
2024-01-23 00:00:00-05:00,283.3688369001035,284.8016830685885,278.4259519569281,280.656982421875,594700,0.0,0.0
2024-01-24 00:00:00-05:00,283.00340249373676,283.8688798376262,277.21426266243174,277.63739013671875,558900,0.0,0.0
2024-01-25 00:00:00-05:00,280.44542909161447,282.647611371391,278.3778916271954,280.4934997558594,634800,0.0,0.0
2024-01-26 00:00:00-05:00,281.7148092951456,282.003291972618,277.6470274597666,278.7625427246094,562300,0.0,0.0
2024-01-29 00:00:00-05:00,278.87793642580095,278.87793642580095,276.12763707045,278.6952209472656,629600,0.0,0.0
2024-01-30 00:00:00-05:00,275.7429419895489,278.56059297284617,273.74272703429807,273.8388977050781,666300,0.0,0.0
2024-01-31 00:00:00-05:00,275.3198127788636,277.3969759965011,270.60774341205246,272.3291015625,759200,0.0,0.0
2024-02-01 00:00:00-05:00,271.7713128559634,275.4736633300781,270.3961633318302,275.4736633300781,723600,0.0,0.0
2024-02-02 00:00:00-05:00,271.63670845487883,272.20407724636976,266.3764927844897,269.7999572753906,730600,0.0,0.0
2024-02-05 00:00:00-05:00,266.43418955921345,266.8957911590431,262.760687196884,263.6454162597656,782600,0.0,0.0
2024-02-06 00:00:00-05:00,263.63581004401857,268.9633485189701,263.42424629671956,267.9632263183594,649700,0.0,0.0
2024-02-07 00:00:00-05:00,267.9439492149977,272.9252781104171,267.655437247313,270.42498779296875,686700,0.0,0.0
2024-02-08 00:00:00-05:00,270.3673608394971,274.42551704632615,270.2904419032868,273.9735412597656,495600,0.0,0.0
2024-02-09 00:00:00-05:00,273.71390511308397,275.3583151571766,269.8288385475401,273.1753845214844,557000,0.0,0.0
2024-02-12 00:00:00-05:00,273.6562133473153,274.76210281909607,270.1942742358162,270.5500793457031,515300,0.0,0.0
2024-02-13 00:00:00-05:00,265.32832082105784,267.30931348483426,261.5971216377369,266.03033447265625,643300,0.0,0.0
2024-02-14 00:00:00-05:00,267.040046728173,271.10782850468155,265.0494282409134,269.7230529785156,707300,0.0,0.0
2024-02-15 00:00:00-05:00,273.15610881249154,275.7333478143775,271.95404878542166,275.2813720703125,619800,0.0,0.0
2024-02-16 00:00:00-05:00,271.97327392785456,274.4447161451127,270.5884985643337,270.7231140136719,852700,0.0,0.0
2024-02-20 00:00:00-05:00,270.2230821895149,274.5504980964644,268.5690464911942,273.2234191894531,1201400,0.0,0.0
2024-02-21 00:00:00-05:00,281.7820876343322,284.6958799132607,273.86774334171145,277.55084228515625,1357800,0.0,0.0
2024-02-22 00:00:00-05:00,277.656602541163,280.42612377979344,274.2908349662084,274.4447021484375,706400,0.0,0.0
2024-02-23 00:00:00-05:00,274.06968751898773,276.1180025107293,272.83877921910505,273.8581237792969,498600,0.0,0.0
2024-02-26 00:00:00-05:00,273.10799643366465,274.3004304072825,267.86700377732194,267.934326171875,707300,0.0,0.0
2024-02-27 00:00:00-05:00,270.1461781340439,271.3289864315304,268.8190991539839,268.8575439453125,627900,0.0,0.0
2024-02-28 00:00:00-05:00,265.8571856159541,270.89624085990187,262.0779161933683,269.5403137207031,1137100,0.0,0.0
2024-02-29 00:00:00-05:00,271.0885540539024,274.73320803950014,269.2614287993402,272.9830017089844,1184800,0.0,0.0
2024-03-01 00:00:00-05:00,271.3097515679367,273.94465766413737,268.83830919529294,272.3771667480469,904500,0.0,0.0
2024-03-04 00:00:00-05:00,271.3770847809836,274.4351184615253,267.38622199380563,274.1466064453125,795500,0.0,0.0
2024-03-05 00:00:00-05:00,273.40615153239486,275.31982173829533,267.136216885112,268.7902526855469,646200,0.0,0.0
2024-03-06 00:00:00-05:00,271.3770988069467,273.0118829279703,268.9729786167618,272.8484191894531,759200,0.0,0.0
2024-03-07 00:00:00-05:00,273.4734315280812,275.6563616723989,270.82889983179643,275.10821533203125,746100,0.0,0.0
2024-03-08 00:00:00-05:00,276.29108010434356,282.91684880479863,276.2045353073907,281.88787841796875,1151600,0.0,0.0
2024-03-11 00:00:00-04:00,282.2437062724882,283.8785197171934,280.4165808236335,280.4934997558594,689700,0.0,0.0
2024-03-12 00:00:00-04:00,279.3178213428541,283.0586475592392,277.8700847987956,282.3201904296875,549900,3.0,0.0
2024-03-13 00:00:00-04:00,282.9906253932235,284.4772359044822,279.6481758061067,280.65869140625,836500,0.0,0.0
2024-03-14 00:00:00-04:00,281.9120823969253,281.9120823969253,270.4175467099739,272.6814880371094,833900,0.0,0.0
2024-03-15 00:00:00-04:00,269.34875621470053,272.8077978946249,267.1528663900327,269.18359375,1651900,0.0,0.0
2024-03-18 00:00:00-04:00,269.8054525684067,271.0491527234209,268.2119756442404,269.7082824707031,676300,0.0,0.0
2024-03-19 00:00:00-04:00,269.4459228515625,272.6523281889232,268.68804360897826,269.4459228515625,859500,0.0,0.0
2024-03-20 00:00:00-04:00,269.18362195047274,274.84827995307535,267.4541009293208,274.0321044921875,500100,0.0,0.0
2024-03-21 00:00:00-04:00,275.5478329374155,276.9664213458535,272.10821343133483,273.86688232421875,629800,0.0,0.0
2024-03-22 00:00:00-04:00,274.5373229452818,274.9356995605933,269.34876034581606,271.447509765625,550200,0.0,0.0
2024-03-25 00:00:00-04:00,271.019985187141,272.5648917775327,267.93989791107435,267.9593200683594,378900,0.0,0.0
2024-03-26 00:00:00-04:00,268.35768681206525,269.4750686838946,267.18200881837674,267.48321533203125,497000,0.0,0.0
2024-03-27 00:00:00-04:00,269.5333553747019,280.08539784419196,269.41676313506326,279.929931640625,687000,0.0,0.0
2024-03-28 00:00:00-04:00,282.45624600683834,283.068355352599,279.7356315330274,281.8343811035156,841300,0.0,0.0
2024-04-01 00:00:00-04:00,286.4982457409432,286.4982457409432,278.1907214057188,278.3753356933594,473300,0.0,0.0
2024-04-02 00:00:00-04:00,275.56726963363946,277.37453849231156,273.7114602062682,275.34381103515625,590800,0.0,0.0
2024-04-03 00:00:00-04:00,275.5089582786843,276.07252700055415,270.0872113066604,272.3705749511719,642800,0.0,0.0
2024-04-04 00:00:00-04:00,274.4887270155802,278.4141670248817,271.55438032544276,272.6814880371094,499700,0.0,0.0
2024-04-05 00:00:00-04:00,272.68153191037425,275.2660726530758,271.3309357589715,274.5567932128906,437100,0.0,0.0
2024-04-08 00:00:00-04:00,275.5672695709003,279.68705026230055,274.7802422195745,279.46356201171875,468800,0.0,0.0
2024-04-09 00:00:00-04:00,281.37770606283146,285.60435323381455,281.27083971276926,285.0213623046875,607400,0.0,0.0
2024-04-10 00:00:00-04:00,277.23848722515163,277.40367934561283,265.7245578812121,268.02734375,834200,0.0,0.0
2024-04-11 00:00:00-04:00,269.0184195380582,269.68885465034236,264.1213373076803,267.3763427734375,498500,0.0,0.0
2024-04-12 00:00:00-04:00,266.5407178551048,267.8232918211933,263.8978516456558,264.42254638671875,516300,0.0,0.0
2024-04-15 00:00:00-04:00,265.18043761515645,267.7455560112968,256.7660178295767,258.2234802246094,809500,0.0,0.0
2024-04-16 00:00:00-04:00,257.378170762766,257.99028009413,253.27784181589072,254.78387451171875,775600,0.0,0.0
2024-04-17 00:00:00-04:00,255.56114548230406,257.9416791003858,254.16197930180527,254.38546752929688,420800,0.0,0.0
2024-04-18 00:00:00-04:00,254.98788817540836,255.4931607653719,251.55799464526328,252.89886474609375,749000,0.0,0.0
2024-04-19 00:00:00-04:00,253.76365315061477,254.0454078688781,251.74262199008106,252.9960479736328,737600,0.0,0.0
2024-04-22 00:00:00-04:00,253.72479443056076,254.2786372998481,251.05277983385758,254.0260009765625,769900,0.0,0.0
2024-04-23 00:00:00-04:00,254.38549787717554,256.4939733034847,253.70533686168227,254.78387451171875,512900,0.0,0.0
2024-04-24 00:00:00-04:00,252.9183109831355,255.7943916320237,249.76047560379251,254.7353057861328,699000,0.0,0.0
2024-04-25 00:00:00-04:00,251.90780700617879,253.54988365824173,250.41147066154645,251.34423828125,598400,0.0,0.0
2024-04-26 00:00:00-04:00,251.89808819038572,254.66727271808685,249.7993387478801,250.42120361328125,577700,0.0,0.0
2024-04-29 00:00:00-04:00,252.38389605185424,256.38705454806365,252.13125975672443,255.4737091064453,846300,0.0,0.0
2024-04-30 00:00:00-04:00,253.07377564636423,254.90046669119218,251.3734027602754,252.09243774414062,934600,0.0,0.0
2024-05-01 00:00:00-04:00,249.04146739442692,259.2145565929053,249.04146739442692,252.77256774902344,1219900,0.0,0.0
2024-05-02 00:00:00-04:00,254.9879110603428,257.9417099785667,252.24787449117758,256.44537353515625,927500,0.0,0.0
2024-05-03 00:00:00-04:00,260.33192588422025,262.1391946731779,257.1255204760077,258.2234802246094,662200,0.0,0.0
2024-05-06 00:00:00-04:00,260.07932877253944,261.82827184987246,257.4461585993794,261.55621337890625,592400,0.0,0.0
2024-05-07 00:00:00-04:00,264.0630141744879,266.2103633560861,262.7901661122757,265.4524841308594,520300,0.0,0.0
2024-05-08 00:00:00-04:00,263.93674771764086,263.93674771764086,260.50682428323444,261.3910217285156,466500,0.0,0.0
2024-05-09 00:00:00-04:00,262.6735756340721,267.9107378727499,262.265502784289,267.58038330078125,443600,0.0,0.0
2024-05-10 00:00:00-04:00,267.94961499662014,268.9212566750892,266.35613806304946,268.11480712890625,383300,0.0,0.0
2024-05-13 00:00:00-04:00,268.9892899748608,270.213568029695,267.3569390031833,269.05731201171875,318200,0.0,0.0
2024-05-14 00:00:00-04:00,271.7681817079907,274.89686901101544,270.5050297701105,271.89447021484375,622200,0.0,0.0
2024-05-15 00:00:00-04:00,276.1016790473242,279.55099484688924,275.57698428370037,278.52105712890625,773100,0.0,0.0
2024-05-16 00:00:00-04:00,281.55256853063634,281.77605676767354,277.8992163718676,278.88055419921875,721200,0.0,0.0
2024-05-17 00:00:00-04:00,280.42546938973817,282.5922408436904,278.8611406386987,280.4837951660156,764100,0.0,0.0
2024-05-20 00:00:00-04:00,279.2984208371918,281.0765121159597,277.3745595804964,277.7923583984375,538000,0.0,0.0
2024-05-21 00:00:00-04:00,277.45224932208134,277.81178162487026,273.0312918662454,275.00372314453125,434800,0.0,0.0
2024-05-22 00:00:00-04:00,273.7503100869881,277.6174545443674,273.2256449434189,274.98431396484375,347700,0.0,0.0
2024-05-23 00:00:00-04:00,274.49849304216406,274.49849304216406,266.46299758966416,266.57958984375,756300,0.0,0.0
2024-05-24 00:00:00-04:00,267.61923538567703,267.61923538567703,264.1601937056113,264.66546630859375,665200,0.0,0.0
2024-05-28 00:00:00-04:00,266.60876202959236,267.85246213429537,262.7221954958767,262.8193359375,589400,0.0,0.0
2024-05-29 00:00:00-04:00,259.68093189698914,260.38051500380385,255.87208394829878,256.31903076171875,865700,0.0,0.0
2024-05-30 00:00:00-04:00,258.534398659135,260.66229625693956,257.01864004866457,260.6331481933594,782200,0.0,0.0
2024-05-31 00:00:00-04:00,262.81932633407854,266.39498995007574,259.9432755068217,266.0646057128906,1232100,0.0,0.0
2024-06-03 00:00:00-04:00,266.47272058538937,266.83222324894547,263.9367501302613,266.6087646484375,472100,0.0,0.0
2024-06-04 00:00:00-04:00,266.5504069736895,273.81829626820604,266.2297783168216,271.058837890625,608800,0.0,0.0
2024-06-05 00:00:00-04:00,271.56409571007003,271.74870998244495,268.2119500503025,269.28076171875,561800,0.0,0.0
2024-06-06 00:00:00-04:00,267.88158789354287,269.49448677685433,265.84113470279925,268.3091125488281,617400,0.0,0.0
2024-06-07 00:00:00-04:00,264.09219647181357,267.4637942837803,261.9060026942252,266.054931640625,890200,0.0,0.0
2024-06-10 00:00:00-04:00,265.30674346404095,267.6387071703053,262.5861586762663,266.2492370605469,1006500,0.0,0.0
2024-06-11 00:00:00-04:00,264.1893662102138,268.03705895092514,263.3148946308,266.8516845703125,782800,0.0,0.0
2024-06-12 00:00:00-04:00,273.09953529697697,276.9504484101862,270.7811507544612,270.8793640136719,723400,3.0,0.0
2024-06-13 00:00:00-04:00,272.038600739066,277.6577725318332,271.2625180844675,277.61846923828125,747600,0.0,0.0
2024-06-14 00:00:00-04:00,276.3511836283823,279.1607843446467,276.3511836283823,278.2569885253906,617200,0.0,0.0
2024-06-17 00:00:00-04:00,275.5849248123523,279.13130472251373,273.45316353931116,278.7972717285156,753600,0.0,0.0
2024-06-18 00:00:00-04:00,279.4161955293459,286.636639207741,278.1489566234697,286.3124694824219,899100,0.0,0.0
2024-06-20 00:00:00-04:00,284.6424350491514,287.5993859006069,282.5205068279335,286.82330322265625,799100,0.0,0.0
2024-06-21 00:00:00-04:00,287.4323566229135,288.32631916575286,284.91748550488063,285.91949462890625,1488600,0.0,0.0
2024-06-24 00:00:00-04:00,285.094299462934,291.2734305491494,283.856530565803,287.15728759765625,625300,0.0,0.0
2024-06-25 00:00:00-04:00,286.842900533693,286.842900533693,280.43784343352235,284.465576171875,714300,0.0,0.0
2024-06-26 00:00:00-04:00,282.90365164826073,284.76032013836215,281.36131958286927,283.0411682128906,383200,0.0,0.0
2024-06-27 00:00:00-04:00,285.0844931930008,285.0844931930008,278.3355693683083,281.4988098144531,905600,0.0,0.0
2024-06-28 00:00:00-04:00,282.4615573552587,283.7680995597544,279.22954350885635,282.5794372558594,1790200,0.0,0.0
2024-07-01 00:00:00-04:00,279.73056828573414,282.3436827231142,275.565318495435,278.1391296386719,618000,0.0,0.0
2024-07-02 00:00:00-04:00,278.95446808153855,280.8308030288221,277.1960430092716,280.3592834472656,626400,0.0,0.0
2024-07-03 00:00:00-04:00,280.48697725063266,284.2494806048097,279.87791111508534,282.27490234375,360200,0.0,0.0
2024-07-05 00:00:00-04:00,283.2867405917257,285.1139689509161,280.9192193731064,284.5638427734375,514900,0.0,0.0
2024-07-08 00:00:00-04:00,284.829095714029,286.46964106186806,283.3555369088504,285.3202819824219,466600,0.0,0.0
2024-07-09 00:00:00-04:00,285.30062841715335,285.9588011892027,279.3965602274702,283.89581298828125,420000,0.0,0.0
2024-07-10 00:00:00-04:00,284.8487028220188,285.37919233114695,280.7030899476618,282.3338317871094,569600,0.0,0.0
2024-07-11 00:00:00-04:00,286.34194128793945,292.84524230936375,284.80944261737665,291.4011535644531,676500,0.0,0.0
2024-07-12 00:00:00-04:00,294.71173529583785,300.2130270172858,292.02984771197964,297.2953796386719,679300,0.0,0.0
2024-07-15 00:00:00-04:00,298.56265483875944,299.4074807743374,293.62132250448826,296.7157897949219,478400,0.0,0.0
2024-07-16 00:00:00-04:00,298.16968779270167,301.2248818303182,296.538945859446,300.26214599609375,701000,0.0,0.0
2024-07-17 00:00:00-04:00,300.2621489055378,305.0659648251831,299.43695960233356,304.5158386230469,703300,0.0,0.0
2024-07-18 00:00:00-04:00,303.26818591328436,309.378543656129,297.7177876533133,298.2679138183594,815500,0.0,0.0
2024-07-19 00:00:00-04:00,299.4762454127803,300.4389512204996,295.71374216538425,296.3326416015625,494400,0.0,0.0
2024-07-22 00:00:00-04:00,297.12836142957303,300.2817985645137,292.22633252070284,299.0538330078125,557600,0.0,0.0
2024-07-23 00:00:00-04:00,298.6117480291094,299.8790168550615,295.99863377403005,296.6470031738281,969400,0.0,0.0
2024-07-24 00:00:00-04:00,297.0104970910648,297.95356629371594,290.2517695162011,290.3401794433594,704400,0.0,0.0
2024-07-25 00:00:00-04:00,292.2558213581439,295.9004149713727,288.2673913709208,289.7213134765625,544900,0.0,0.0
2024-07-26 00:00:00-04:00,291.0278172797242,296.617518514623,290.2320980511016,295.43865966796875,368100,0.0,0.0
2024-07-29 00:00:00-04:00,295.21276045594544,298.0911045969865,291.79409346880516,297.4623718261719,457200,0.0,0.0
2024-07-30 00:00:00-04:00,298.53318011500124,300.4487884168795,295.5663961102142,299.00469970703125,537700,0.0,0.0
2024-07-31 00:00:00-04:00,284.6718630801007,297.84548010848334,281.9703390730332,290.7036437988281,1623000,0.0,0.0
2024-08-01 00:00:00-04:00,293.0318582723742,295.10464955194783,290.5660940669595,294.790283203125,763800,0.0,0.0
2024-08-02 00:00:00-04:00,294.3875516992985,306.8833298859201,292.88452311933435,306.4019470214844,1217000,0.0,0.0
2024-08-05 00:00:00-04:00,300.4782551696868,309.02490743913273,297.5213045146472,298.3072204589844,1395900,0.0,0.0
2024-08-06 00:00:00-04:00,298.2875847288236,309.702747786564,296.2737032211083,307.1289367675781,1030000,0.0,0.0
2024-08-07 00:00:00-04:00,307.49243180465066,311.39245190476026,304.1425379168804,304.6828308105469,906300,0.0,0.0
2024-08-08 00:00:00-04:00,303.5727274662718,307.8165836979453,302.393898499448,307.64959716796875,561500,0.0,0.0
2024-08-09 00:00:00-04:00,308.6417543190327,312.8856102942726,305.8321836372233,311.45135498046875,558200,0.0,0.0
2024-08-12 00:00:00-04:00,310.8324683478299,310.8324683478299,305.7830595996034,308.7989501953125,575900,0.0,0.0
2024-08-13 00:00:00-04:00,310.6261720310584,311.52993787129725,307.9148145510875,310.87176513671875,469100,0.0,0.0
2024-08-14 00:00:00-04:00,310.56722770588226,317.03122496470115,310.56722770588226,315.2236633300781,607800,0.0,0.0
2024-08-15 00:00:00-04:00,314.27078204348607,314.8798481811848,309.6536194195947,311.6380310058594,676900,0.0,0.0
2024-08-16 00:00:00-04:00,310.9896677640903,314.359198224953,310.3609349774183,313.77960205078125,554900,0.0,0.0
2024-08-19 00:00:00-04:00,314.7521063791951,317.54204035699996,313.92691717277046,317.3848571777344,485000,0.0,0.0
2024-08-20 00:00:00-04:00,317.7974887936599,320.0766000815104,317.30630256677637,319.81134033203125,544500,0.0,0.0
2024-08-21 00:00:00-04:00,320.38112948570165,323.2496402293572,316.4319730796873,322.0118713378906,572300,0.0,0.0
2024-08-22 00:00:00-04:00,323.4068239407111,327.8471665751813,320.75443632931245,327.36578369140625,845900,0.0,0.0
2024-08-23 00:00:00-04:00,328.5839363016336,335.68646967814357,328.04361348537765,334.9300537109375,548300,0.0,0.0
2024-08-26 00:00:00-04:00,336.50184468347425,336.9438942683329,332.7491749828912,333.672607421875,420900,0.0,0.0
2024-08-27 00:00:00-04:00,331.15777938230644,337.4154874792804,331.1381127451276,336.5509948730469,576000,0.0,0.0
2024-08-28 00:00:00-04:00,335.3524604401129,336.99303553449545,331.1872110694071,334.7630310058594,540700,0.0,0.0
2024-08-29 00:00:00-04:00,334.76305374747454,336.2464457615197,330.941640452117,335.6963195800781,730300,0.0,0.0
2024-08-30 00:00:00-04:00,337.57263134165265,338.25047069347846,332.68040601535023,337.6610412597656,942100,0.0,0.0
2024-09-03 00:00:00-04:00,336.5607781885588,338.99704246639055,333.8199508963727,335.656982421875,646100,0.0,0.0
2024-09-04 00:00:00-04:00,337.21898785992875,340.441168370711,333.9771706923618,337.88702392578125,805800,0.0,0.0
2024-09-05 00:00:00-04:00,340.4903118148389,341.6396708421961,334.7139567635823,335.1560363769531,724000,0.0,0.0
2024-09-06 00:00:00-04:00,335.7257742500974,340.6081663725392,333.9182125963865,339.5373840332031,860100,0.0,0.0
2024-09-09 00:00:00-04:00,339.6258128608417,347.00343973298493,337.4449447696952,345.3039245605469,700700,0.0,0.0
2024-09-10 00:00:00-04:00,346.2568275360393,354.8624200123498,345.1074385490083,352.80926513671875,845000,0.0,0.0
2024-09-11 00:00:00-04:00,348.4376705989258,353.5852924057411,345.3726734931999,353.06463623046875,597500,0.0,0.0
2024-09-12 00:00:00-04:00,352.36716835019536,353.2021909093343,348.6243318005145,352.7895812988281,633900,0.0,0.0
2024-09-13 00:00:00-04:00,353.9486708543222,356.2965020323505,351.32345941543366,355.8011779785156,548900,3.0,0.0
2024-09-16 00:00:00-04:00,356.9106890820552,361.2001819666438,354.51330742610156,359.5953369140625,596500,0.0,0.0
2024-09-17 00:00:00-04:00,358.8919877256265,360.4968327893128,354.06753637940056,354.2260437011719,594100,0.0,0.0
2024-09-18 00:00:00-04:00,356.5837999721859,362.86450537378613,355.5237992367267,357.3465881347656,552700,0.0,0.0
2024-09-19 00:00:00-04:00,360.1897269346483,360.1897269346483,351.38288134263746,355.2662048339844,582400,0.0,0.0
2024-09-20 00:00:00-04:00,354.15668319519347,358.33721923828125,352.46268346925615,358.33721923828125,2196300,0.0,0.0
2024-09-23 00:00:00-04:00,360.387874195195,362.7753397005402,358.951422383505,361.5964660644531,595100,0.0,0.0
2024-09-24 00:00:00-04:00,358.5056651835943,363.36972088273757,357.80228324626904,358.6047058105469,479400,0.0,0.0
2024-09-25 00:00:00-04:00,359.2684371445115,359.724126797346,354.7411681528066,356.21722412109375,652000,0.0,0.0
2024-09-26 00:00:00-04:00,356.13799042989297,356.8710603464661,352.25463659230877,353.1660461425781,724900,0.0,0.0
2024-09-27 00:00:00-04:00,354.92939567837175,355.78136875459114,351.5116476826794,353.30474853515625,790700,0.0,0.0
2024-09-30 00:00:00-04:00,352.67070671421953,360.7444822962131,351.7394951262312,360.46710205078125,943500,0.0,0.0
2024-10-01 00:00:00-04:00,363.8650315238889,366.52987730573335,356.18750882301794,356.6927490234375,995700,0.0,0.0
2024-10-02 00:00:00-04:00,353.09670161533217,353.5821397512724,348.81709448776013,351.9772644042969,903200,0.0,0.0
2024-10-03 00:00:00-04:00,351.9772394041322,352.82921244624856,347.4797190328369,349.6987609863281,629000,0.0,0.0
2024-10-04 00:00:00-04:00,345.4488729482205,346.0531839792749,340.20836653244106,342.1698303222656,823100,0.0,0.0
2024-10-07 00:00:00-04:00,340.55508253298524,343.8341252876628,337.8209143663436,343.46759033203125,574900,0.0,0.0
2024-10-08 00:00:00-04:00,345.7064625069395,345.8748859830983,342.4175036178145,344.68609619140625,539400,0.0,0.0
2024-10-09 00:00:00-04:00,344.6861000213272,345.2507766902643,341.4070572508889,344.7059020996094,415200,0.0,0.0
2024-10-10 00:00:00-04:00,343.76480622080754,345.12198927815365,337.84071971015663,338.8710021972656,641300,0.0,0.0
2024-10-11 00:00:00-04:00,340.73342210366724,341.72407019208356,338.39547689427087,339.6238708496094,445100,0.0,0.0
2024-10-14 00:00:00-04:00,338.30631428506234,342.23918831341746,337.92986318311614,340.50555419921875,440100,0.0,0.0
2024-10-15 00:00:00-04:00,342.81375642254704,347.2617868652273,340.9315311146144,341.763671875,617500,0.0,0.0
2024-10-16 00:00:00-04:00,341.6348853065575,346.162154326963,341.6348853065575,344.388916015625,444000,0.0,0.0
2024-10-17 00:00:00-04:00,343.4378586166031,343.66571855162016,340.49563269968695,342.1698303222656,642000,0.0,0.0
2024-10-18 00:00:00-04:00,343.7746881400857,344.18085748346715,341.2980679235011,342.3877868652344,368900,0.0,0.0
2024-10-21 00:00:00-04:00,340.71359792269146,341.4466980834939,327.91444124498713,328.74658203125,818100,0.0,0.0
2024-10-22 00:00:00-04:00,329.0338718276512,333.06578658611585,328.0333075803138,331.7878723144531,543300,0.0,0.0
2024-10-23 00:00:00-04:00,331.4312305708414,339.29697901385384,330.8962721243198,336.5924987792969,711300,0.0,0.0
2024-10-24 00:00:00-04:00,336.6816609153871,338.65307126347676,334.9183084429826,335.2452392578125,321500,0.0,0.0
2024-10-25 00:00:00-04:00,335.80990558732356,336.55289166623027,331.6788896864425,333.194580078125,554700,0.0,0.0
2024-10-28 00:00:00-04:00,335.2650228964902,337.60296808907697,331.530290513598,333.4620361328125,465400,0.0,0.0
2024-10-29 00:00:00-04:00,331.99591280278395,333.5908417813993,327.7460238580411,328.162109375,679200,0.0,0.0
2024-10-30 00:00:00-04:00,328.5286272623672,333.2143733272486,328.419640252948,332.6893310546875,1167700,0.0,0.0
2024-10-31 00:00:00-04:00,325.923229547352,335.5226121918044,321.8516803097424,325.982666015625,1371300,0.0,0.0
2024-11-01 00:00:00-04:00,327.03275719221796,327.5776318052825,319.8505582199869,320.6331787109375,1058400,0.0,0.0
2024-11-04 00:00:00-05:00,323.565468683603,329.46972273216704,321.8120324784249,329.4499206542969,840300,0.0,0.0
2024-11-05 00:00:00-05:00,328.1224502852076,337.58312712620165,325.6260280679187,337.41473388671875,629400,0.0,0.0
2024-11-06 00:00:00-05:00,332.23364817167175,334.0465511231204,314.1444042070645,322.2677307128906,1542700,0.0,0.0
2024-11-07 00:00:00-05:00,322.8225027883519,331.0845046031411,321.8219384980972,330.0146179199219,1040700,0.0,0.0
2024-11-08 00:00:00-05:00,331.6194486839958,338.5837035590954,330.49009534805396,336.24578857421875,611200,0.0,0.0
2024-11-11 00:00:00-05:00,333.7096942254855,337.44445679660106,332.5605690690283,333.74932861328125,750700,0.0,0.0
2024-11-12 00:00:00-05:00,331.86710584972013,332.9865430140635,326.44825965834946,327.151611328125,917200,0.0,0.0
2024-11-13 00:00:00-05:00,331.9959037809058,333.689903572971,328.9546068472743,331.80767822265625,760200,0.0,0.0
2024-11-14 00:00:00-05:00,330.50992262208354,332.0256129699433,327.5577804703301,328.6871337890625,681400,0.0,0.0
2024-11-15 00:00:00-05:00,326.9832103560706,332.96670283353467,326.65627956831355,331.87701416015625,599500,0.0,0.0
2024-11-18 00:00:00-05:00,330.698161496476,335.0074868495664,328.84565435582203,334.1357116699219,533100,0.0,0.0
2024-11-19 00:00:00-05:00,334.9975615720217,335.403730916577,330.59908163608253,331.322265625,666700,0.0,0.0
2024-11-20 00:00:00-05:00,329.8858060708034,330.6981447408751,326.05200289145364,329.7471008300781,531200,0.0,0.0
2024-11-21 00:00:00-05:00,328.4989130928116,335.88913938825334,327.53798323504736,332.70916748046875,481400,0.0,0.0
2024-11-22 00:00:00-05:00,335.04708677545653,335.5523269827742,332.77852438455733,334.4229736328125,508800,0.0,0.0
2024-11-25 00:00:00-05:00,338.1181031427878,349.56007669122016,336.29531425290054,344.5771179199219,1359400,0.0,0.0
2024-11-26 00:00:00-05:00,343.8341392635825,348.3812407793831,340.99098397089494,346.7664794921875,650900,0.0,0.0
2024-11-27 00:00:00-05:00,349.5699849625309,352.5419292179197,348.02457636830314,348.0740966796875,499500,0.0,0.0
2024-11-29 00:00:00-05:00,347.50944017779483,349.36194720615794,344.2105652198842,344.7950439453125,691000,0.0,0.0
2024-12-02 00:00:00-05:00,343.6657318641644,345.8154212852799,338.2568017682507,340.852294921875,709900,0.0,0.0
2024-12-03 00:00:00-05:00,341.87264801664617,341.87264801664617,332.312900382953,332.9468994140625,483800,0.0,0.0
2024-12-04 00:00:00-05:00,331.7779559749819,332.451589421525,328.90508255587014,331.4807434082031,469000,0.0,0.0
2024-12-05 00:00:00-05:00,330.5099125853951,331.54019501874797,328.2215180165929,329.55889892578125,568700,0.0,0.0
2024-12-06 00:00:00-05:00,330.58916843022234,331.44114151552407,328.61778838883436,330.87646484375,1013500,0.0,0.0
2024-12-09 00:00:00-05:00,330.5594537753209,333.65027103843823,329.7966656149301,332.4317932128906,570600,0.0,0.0
2024-12-10 00:00:00-05:00,331.104333307544,331.104333307544,323.3079071780576,324.92266845703125,853000,0.0,0.0
2024-12-11 00:00:00-05:00,324.75427660681214,326.6959384728614,319.4840213096396,320.316162109375,923400,0.0,0.0
2024-12-12 00:00:00-05:00,321.5148247971033,323.6447423715811,317.73057207822933,317.7900085449219,650100,0.0,0.0
2024-12-13 00:00:00-05:00,316.30999755859375,320.7200012207031,316.260009765625,317.6199951171875,566800,3.0,0.0
2024-12-16 00:00:00-05:00,317.3399963378906,319.4200134277344,314.3999938964844,315.20001220703125,753900,0.0,0.0
2024-12-17 00:00:00-05:00,312.489990234375,318.0,310.7300109863281,313.3599853515625,1234600,0.0,0.0
2024-12-18 00:00:00-05:00,311.7099914550781,313.3599853515625,299.3999938964844,299.8800048828125,867000,0.0,0.0
2024-12-19 00:00:00-05:00,298.8500061035156,302.3500061035156,288.6700134277344,289.3299865722656,1044900,0.0,0.0
2024-12-20 00:00:00-05:00,291.44000244140625,302.95001220703125,290.6300048828125,297.5,2224900,0.0,0.0
2024-12-23 00:00:00-05:00,296.5,299.2900085449219,294.3800048828125,298.82000732421875,751900,0.0,0.0
2024-12-24 00:00:00-05:00,297.20001220703125,301.7300109863281,296.239990234375,300.79998779296875,296300,0.0,0.0
2024-12-26 00:00:00-05:00,298.6000061035156,302.0,297.2699890136719,301.32000732421875,377700,0.0,0.0
2024-12-27 00:00:00-05:00,299.04998779296875,301.8399963378906,297.5199890136719,298.1000061035156,388300,0.0,0.0
2024-12-30 00:00:00-05:00,296.94000244140625,296.94000244140625,292.5799865722656,295.80999755859375,549700,0.0,0.0
2024-12-31 00:00:00-05:00,297.94000244140625,299.5400085449219,295.8999938964844,299.44000244140625,813100,0.0,0.0
2025-01-02 00:00:00-05:00,299.0,299.5,294.6199951171875,296.5799865722656,707300,0.0,0.0
2025-01-03 00:00:00-05:00,296.1000061035156,301.0199890136719,296.0199890136719,300.45001220703125,489400,0.0,0.0
2025-01-06 00:00:00-05:00,299.04998779296875,300.30999755859375,295.1400146484375,295.8299865722656,597700,0.0,0.0
2025-01-07 00:00:00-05:00,298.0,300.0400085449219,295.4200134277344,298.20001220703125,789500,0.0,0.0
2025-01-08 00:00:00-05:00,296.75,298.42999267578125,292.2300109863281,295.4599914550781,584900,0.0,0.0
2025-01-10 00:00:00-05:00,291.2900085449219,293.1099853515625,287.5199890136719,288.989990234375,883100,0.0,0.0
2025-01-13 00:00:00-05:00,288.9200134277344,290.4599914550781,286.9100036621094,290.239990234375,709500,0.0,0.0
2025-01-14 00:00:00-05:00,291.9100036621094,292.70001220703125,289.3399963378906,289.9800109863281,958600,0.0,0.0
2025-01-15 00:00:00-05:00,298.0,299.5799865722656,288.8999938964844,290.489990234375,782700,0.0,0.0
2025-01-16 00:00:00-05:00,290.94000244140625,298.7200012207031,289.45001220703125,297.70001220703125,388600,0.0,0.0
2025-01-17 00:00:00-05:00,297.7699890136719,299.1300048828125,296.010009765625,296.07000732421875,587300,0.0,0.0
2025-01-21 00:00:00-05:00,297.0299987792969,302.260009765625,296.5,297.0400085449219,653800,0.0,0.0
2025-01-22 00:00:00-05:00,295.1300048828125,296.2699890136719,290.3699951171875,290.75,596100,0.0,0.0
2025-01-23 00:00:00-05:00,291.7699890136719,292.4700012207031,288.0799865722656,291.5899963378906,904900,0.0,0.0
2025-01-24 00:00:00-05:00,291.0899963378906,294.3999938964844,291.0,292.19000244140625,637500,0.0,0.0
2025-01-27 00:00:00-05:00,294.94000244140625,301.5299987792969,293.55999755859375,297.32000732421875,1305800,0.0,0.0
2025-01-28 00:00:00-05:00,296.25,297.94000244140625,293.5799865722656,297.4800109863281,726100,0.0,0.0
2025-01-29 00:00:00-05:00,296.7300109863281,299.0199890136719,292.2799987792969,294.260009765625,643300,0.0,0.0
2025-01-30 00:00:00-05:00,299.0,303.2799987792969,294.8699951171875,298.04998779296875,806400,0.0,0.0
2025-01-31 00:00:00-05:00,296.8999938964844,302.25,296.44000244140625,298.4800109863281,734400,0.0,0.0
2025-02-03 00:00:00-05:00,297.07000732421875,298.4100036621094,292.0,295.9100036621094,838200,0.0,0.0
2025-02-04 00:00:00-05:00,292.8500061035156,297.3299865722656,292.6099853515625,296.739990234375,630700,0.0,0.0
2025-02-05 00:00:00-05:00,300.760009765625,303.1400146484375,297.54998779296875,302.1499938964844,556600,0.0,0.0
2025-02-06 00:00:00-05:00,303.6000061035156,304.17999267578125,301.0799865722656,302.8800048828125,471400,0.0,0.0
2025-02-07 00:00:00-05:00,302.8999938964844,304.5400085449219,300.4599914550781,302.6099853515625,420600,0.0,0.0
2025-02-10 00:00:00-05:00,303.3399963378906,304.5,300.2799987792969,303.6199951171875,436000,0.0,0.0
2025-02-11 00:00:00-05:00,302.29998779296875,305.42999267578125,302.0199890136719,305.3399963378906,333800,0.0,0.0
2025-02-12 00:00:00-05:00,299.32000732421875,301.6000061035156,297.95001220703125,300.1099853515625,386800,0.0,0.0
2025-02-13 00:00:00-05:00,300.9100036621094,302.6099853515625,299.8599853515625,301.239990234375,363600,0.0,0.0
2025-02-14 00:00:00-05:00,302.6099853515625,303.80999755859375,297.3299865722656,297.3999938964844,398800,0.0,0.0
2025-02-18 00:00:00-05:00,296.1600036621094,299.489990234375,295.3999938964844,297.0,556600,0.0,0.0
2025-02-19 00:00:00-05:00,296.1000061035156,298.05999755859375,295.0799865722656,297.42999267578125,474700,0.0,0.0
2025-02-20 00:00:00-05:00,297.3699951171875,304.5799865722656,295.4200134277344,304.05999755859375,433200,0.0,0.0
2025-02-21 00:00:00-05:00,303.9700012207031,304.79998779296875,300.3800048828125,304.19000244140625,593200,0.0,0.0
