Date,Open,High,Low,Close,Volume,Dividends,Stock Splits
2002-08-05 00:00:00+09:00,2883.292236328125,2883.292236328125,2883.292236328125,2883.292236328125,0,0.0,0.0
2002-08-06 00:00:00+09:00,2773.293701171875,2773.293701171875,2773.293701171875,2773.293701171875,14576,0.0,0.0
2002-08-07 00:00:00+09:00,2929.9580078125,2929.9580078125,2929.9580078125,2929.9580078125,8391,0.0,0.0
2002-08-08 00:00:00+09:00,2989.957275390625,2989.957275390625,2989.957275390625,2989.957275390625,25791,0.0,0.0
2002-08-09 00:00:00+09:00,2903.291748046875,2903.291748046875,2903.291748046875,2903.291748046875,11493,0.0,0.0
2002-08-12 00:00:00+09:00,2859.959228515625,2859.959228515625,2859.959228515625,2859.959228515625,27933,0.0,0.0
2002-08-13 00:00:00+09:00,2999.95703125,2999.95703125,2999.95703125,2999.95703125,42919,0.0,0.0
2002-08-14 00:00:00+09:00,2966.624267578125,2966.624267578125,2966.624267578125,2966.624267578125,53257,0.0,0.0
2002-08-15 00:00:00+09:00,2966.624267578125,2966.624267578125,2966.624267578125,2966.624267578125,0,0.0,0.0
2002-08-16 00:00:00+09:00,3066.622802734375,3066.622802734375,3066.622802734375,3066.622802734375,217889,0.0,0.0
2002-08-19 00:00:00+09:00,3066.622802734375,3066.622802734375,3066.622802734375,3066.622802734375,48168,0.0,0.0
2002-08-20 00:00:00+09:00,2999.95703125,2999.95703125,2999.95703125,2999.95703125,244577,0.0,0.0
2002-08-21 00:00:00+09:00,2869.958984375,2869.958984375,2869.958984375,2869.958984375,110135,0.0,0.0
2002-08-22 00:00:00+09:00,2833.292724609375,2833.292724609375,2833.292724609375,2833.292724609375,158525,0.0,0.0
2002-08-23 00:00:00+09:00,2999.95703125,2999.95703125,2999.95703125,2999.95703125,525717,0.0,0.0
2002-08-26 00:00:00+09:00,2909.95849609375,2909.95849609375,2909.95849609375,2909.95849609375,67093,0.0,0.0
2002-08-27 00:00:00+09:00,2953.291015625,2953.291015625,2953.291015625,2953.291015625,103454,0.0,0.0
2002-08-28 00:00:00+09:00,2833.292724609375,2833.292724609375,2833.292724609375,2833.292724609375,74716,0.0,0.0
2002-08-29 00:00:00+09:00,2843.292724609375,2843.292724609375,2843.292724609375,2843.292724609375,28413,0.0,0.0
2002-08-30 00:00:00+09:00,2813.293212890625,2813.293212890625,2813.293212890625,2813.293212890625,24546,0.0,0.0
2002-09-02 00:00:00+09:00,2723.29443359375,2723.29443359375,2723.29443359375,2723.29443359375,22791,0.0,0.0
2002-09-03 00:00:00+09:00,2663.295166015625,2663.295166015625,2663.295166015625,2663.295166015625,23733,0.0,0.0
2002-09-04 00:00:00+09:00,2663.295166015625,2663.295166015625,2663.295166015625,2663.295166015625,9002,0.0,0.0
2002-09-05 00:00:00+09:00,2676.62841796875,2676.62841796875,2676.62841796875,2676.62841796875,13560,0.0,0.0
2002-09-06 00:00:00+09:00,2633.295654296875,2633.295654296875,2633.295654296875,2633.295654296875,15242,0.0,0.0
2002-09-09 00:00:00+09:00,2833.292724609375,2833.292724609375,2833.292724609375,2833.292724609375,139063,0.0,0.0
2002-09-10 00:00:00+09:00,2699.96142578125,2699.96142578125,2699.96142578125,2699.96142578125,32300,0.0,0.0
2002-09-11 00:00:00+09:00,2739.9609375,2739.9609375,2739.9609375,2739.9609375,27263,0.0,0.0
2002-09-12 00:00:00+09:00,2636.62890625,2636.62890625,2636.62890625,2636.62890625,32065,0.0,0.0
2002-09-13 00:00:00+09:00,2646.62890625,2646.62890625,2646.62890625,2646.62890625,18843,0.0,0.0
2002-09-16 00:00:00+09:00,2443.29833984375,2443.29833984375,2443.29833984375,2443.29833984375,67887,0.0,0.0
2002-09-17 00:00:00+09:00,2499.96435546875,2499.96435546875,2499.96435546875,2499.96435546875,129389,0.0,0.0
2002-09-18 00:00:00+09:00,2766.627197265625,2766.627197265625,2766.627197265625,2766.627197265625,560066,0.0,0.0
2002-09-19 00:00:00+09:00,2673.295166015625,2673.295166015625,2673.295166015625,2673.295166015625,122983,0.0,0.0
2002-09-20 00:00:00+09:00,2673.295166015625,2673.295166015625,2673.295166015625,2673.295166015625,0,0.0,0.0
2002-09-23 00:00:00+09:00,2496.631103515625,2496.631103515625,2496.631103515625,2496.631103515625,48531,0.0,0.0
2002-09-24 00:00:00+09:00,2349.96630859375,2349.96630859375,2349.96630859375,2349.96630859375,93937,0.0,0.0
2002-09-25 00:00:00+09:00,2193.302001953125,2193.302001953125,2193.302001953125,2193.302001953125,66810,0.0,0.0
2002-09-26 00:00:00+09:00,2329.966796875,2329.966796875,2329.966796875,2329.966796875,45841,0.0,0.0
2002-09-27 00:00:00+09:00,2606.62939453125,2606.62939453125,2606.62939453125,2606.62939453125,361625,0.0,0.0
2002-09-30 00:00:00+09:00,2379.966064453125,2379.966064453125,2379.966064453125,2379.966064453125,110949,0.0,0.0
2002-10-01 00:00:00+09:00,2366.6328125,2366.6328125,2366.6328125,2366.6328125,47143,0.0,0.0
2002-10-02 00:00:00+09:00,2383.29931640625,2383.29931640625,2383.29931640625,2383.29931640625,167912,0.0,0.0
2002-10-03 00:00:00+09:00,2383.29931640625,2383.29931640625,2383.29931640625,2383.29931640625,0,0.0,0.0
2002-10-04 00:00:00+09:00,2366.6328125,2366.6328125,2366.6328125,2366.6328125,64998,0.0,0.0
2002-10-07 00:00:00+09:00,2296.6337890625,2296.6337890625,2296.6337890625,2296.6337890625,49095,0.0,0.0
2002-10-08 00:00:00+09:00,2279.967529296875,2279.967529296875,2279.967529296875,2279.967529296875,33299,0.0,0.0
2002-10-09 00:00:00+09:00,2209.968505859375,2209.968505859375,2209.968505859375,2209.968505859375,18653,0.0,0.0
2002-10-10 00:00:00+09:00,2083.303466796875,2083.303466796875,2083.303466796875,2083.303466796875,144518,0.0,0.0
2002-10-11 00:00:00+09:00,2133.302734375,2133.302734375,2133.302734375,2133.302734375,172806,0.0,0.0
2002-10-14 00:00:00+09:00,2226.634765625,2226.634765625,2226.634765625,2226.634765625,149929,0.0,0.0
2002-10-15 00:00:00+09:00,2166.6357421875,2166.6357421875,2166.6357421875,2166.6357421875,177813,0.0,0.0
2002-10-16 00:00:00+09:00,2086.636962890625,2086.636962890625,2086.636962890625,2086.636962890625,104678,0.0,0.0
2002-10-17 00:00:00+09:00,2089.97021484375,2089.97021484375,2089.97021484375,2089.97021484375,353410,0.0,0.0
2002-10-18 00:00:00+09:00,2149.96923828125,2149.96923828125,2149.96923828125,2149.96923828125,159726,0.0,0.0
2002-10-21 00:00:00+09:00,2216.635009765625,2216.635009765625,2216.635009765625,2216.635009765625,280576,0.0,0.0
2002-10-22 00:00:00+09:00,2216.635009765625,2216.635009765625,2216.635009765625,2216.635009765625,103477,0.0,0.0
2002-10-23 00:00:00+09:00,2133.30712890625,2133.30712890625,2133.30712890625,2133.30712890625,104212,0.0,0.0
2002-10-24 00:00:00+09:00,2236.63916015625,2236.63916015625,2236.63916015625,2236.63916015625,125633,0.0,0.0
2002-10-25 00:00:00+09:00,2233.305908203125,2233.305908203125,2233.305908203125,2233.305908203125,49547,0.0,0.0
2002-10-28 00:00:00+09:00,2333.3046875,2333.3046875,2333.3046875,2333.3046875,92086,0.0,0.0
2002-10-29 00:00:00+09:00,2369.970703125,2369.970703125,2369.970703125,2369.970703125,137779,0.0,0.0
2002-10-30 00:00:00+09:00,2419.97021484375,2419.97021484375,2419.97021484375,2419.97021484375,102113,0.0,0.0
2002-10-31 00:00:00+09:00,2349.97119140625,2349.97119140625,2349.97119140625,2349.97119140625,71221,0.0,0.0
2002-11-01 00:00:00+09:00,2376.637451171875,2376.637451171875,2376.637451171875,2376.637451171875,58107,0.0,0.0
2002-11-04 00:00:00+09:00,2396.63720703125,2396.63720703125,2396.63720703125,2396.63720703125,34677,0.0,0.0
2002-11-05 00:00:00+09:00,2299.9716796875,2299.9716796875,2299.9716796875,2299.9716796875,65616,0.0,0.0
2002-11-06 00:00:00+09:00,2299.9716796875,2299.9716796875,2299.9716796875,2299.9716796875,49020,0.0,0.0
2002-11-07 00:00:00+09:00,2309.9716796875,2309.9716796875,2309.9716796875,2309.9716796875,16575,0.0,0.0
2002-11-08 00:00:00+09:00,2293.30517578125,2293.30517578125,2293.30517578125,2293.30517578125,31614,0.0,0.0
2002-11-11 00:00:00+09:00,2283.30517578125,2283.30517578125,2283.30517578125,2283.30517578125,20756,0.0,0.0
2002-11-12 00:00:00+09:00,2266.638671875,2266.638671875,2266.638671875,2266.638671875,10035,0.0,0.0
2002-11-13 00:00:00+09:00,2266.638671875,2266.638671875,2266.638671875,2266.638671875,106810,0.0,0.0
2002-11-14 00:00:00+09:00,2266.638671875,2266.638671875,2266.638671875,2266.638671875,26434,0.0,0.0
2002-11-15 00:00:00+09:00,2266.638671875,2266.638671875,2266.638671875,2266.638671875,42603,0.0,0.0
2002-11-18 00:00:00+09:00,2243.3056640625,2243.3056640625,2243.3056640625,2243.3056640625,17177,0.0,0.0
2002-11-19 00:00:00+09:00,2259.97216796875,2259.97216796875,2259.97216796875,2259.97216796875,21731,0.0,0.0
2002-11-20 00:00:00+09:00,2266.638671875,2266.638671875,2266.638671875,2266.638671875,13661,0.0,0.0
2002-11-21 00:00:00+09:00,2476.63623046875,2476.63623046875,2476.63623046875,2476.63623046875,132685,0.0,0.0
2002-11-22 00:00:00+09:00,2449.9697265625,2449.9697265625,2449.9697265625,2449.9697265625,101209,0.0,0.0
2002-11-25 00:00:00+09:00,2466.63623046875,2466.63623046875,2466.63623046875,2466.63623046875,66925,0.0,0.0
2002-11-26 00:00:00+09:00,2469.969482421875,2469.969482421875,2469.969482421875,2469.969482421875,135121,0.0,0.0
2002-11-27 00:00:00+09:00,2599.968017578125,2599.968017578125,2599.968017578125,2599.968017578125,100104,0.0,0.0
2002-11-28 00:00:00+09:00,2626.63427734375,2626.63427734375,2626.63427734375,2626.63427734375,125780,0.0,0.0
2002-11-29 00:00:00+09:00,2709.966552734375,2709.966552734375,2709.966552734375,2709.966552734375,42612,0.0,0.0
2002-12-02 00:00:00+09:00,2703.300048828125,2703.300048828125,2703.300048828125,2703.300048828125,79206,0.0,0.0
2002-12-03 00:00:00+09:00,2683.30029296875,2683.30029296875,2683.30029296875,2683.30029296875,109377,0.0,0.0
2002-12-04 00:00:00+09:00,2486.6328125,2486.6328125,2486.6328125,2486.6328125,338345,0.0,0.0
2002-12-05 00:00:00+09:00,2579.96484375,2579.96484375,2579.96484375,2579.96484375,361711,0.0,0.0
2002-12-06 00:00:00+09:00,2583.298095703125,2583.298095703125,2583.298095703125,2583.298095703125,84606,0.0,0.0
2002-12-09 00:00:00+09:00,2456.63330078125,2456.63330078125,2456.63330078125,2456.63330078125,81261,0.0,0.0
2002-12-10 00:00:00+09:00,2399.96728515625,2399.96728515625,2399.96728515625,2399.96728515625,44190,0.0,0.0
2002-12-11 00:00:00+09:00,2416.6337890625,2416.6337890625,2416.6337890625,2416.6337890625,65367,0.0,0.0
2002-12-12 00:00:00+09:00,2399.96728515625,2399.96728515625,2399.96728515625,2399.96728515625,47032,0.0,0.0
2002-12-13 00:00:00+09:00,2426.633544921875,2426.633544921875,2426.633544921875,2426.633544921875,25523,0.0,0.0
2002-12-16 00:00:00+09:00,2426.633544921875,2426.633544921875,2426.633544921875,2426.633544921875,70366,0.0,0.0
2002-12-17 00:00:00+09:00,2466.633056640625,2466.633056640625,2466.633056640625,2466.633056640625,29298,0.0,0.0
2002-12-18 00:00:00+09:00,2439.966796875,2439.966796875,2439.966796875,2439.966796875,36629,0.0,0.0
2002-12-19 00:00:00+09:00,2439.966796875,2439.966796875,2439.966796875,2439.966796875,0,0.0,0.0
2002-12-20 00:00:00+09:00,2366.634521484375,2366.634521484375,2366.634521484375,2366.634521484375,22775,0.0,0.0
2002-12-23 00:00:00+09:00,2229.969482421875,2229.969482421875,2229.969482421875,2229.969482421875,35442,0.0,0.0
2002-12-24 00:00:00+09:00,2266.6357421875,2266.6357421875,2266.6357421875,2266.6357421875,168875,0.0,0.0
2002-12-25 00:00:00+09:00,2266.6357421875,2266.6357421875,2266.6357421875,2266.6357421875,0,0.0,0.0
2002-12-26 00:00:00+09:00,2233.302978515625,2233.302978515625,2233.302978515625,2233.302978515625,85497,0.0,0.0
2002-12-27 00:00:00+09:00,2166.63720703125,2166.63720703125,2166.63720703125,2166.63720703125,77829,0.0,0.0
2002-12-30 00:00:00+09:00,2059.971923828125,2059.971923828125,2059.971923828125,2059.971923828125,84915,0.0,0.0
2002-12-31 00:00:00+09:00,2059.971923828125,2059.971923828125,2059.971923828125,2059.971923828125,0,0.0,0.0
2003-01-01 00:00:00+09:00,2059.971923828125,2059.971923828125,2059.971923828125,2059.971923828125,0,0.0,0.0
2003-01-02 00:00:00+09:00,2066.638427734375,2066.638427734375,2066.638427734375,2066.638427734375,279564,0.0,0.0
2003-01-03 00:00:00+09:00,2103.3046875,2103.3046875,2103.3046875,2103.3046875,161809,0.0,0.0
2003-01-06 00:00:00+09:00,2293.302001953125,2293.302001953125,2293.302001953125,2293.302001953125,211189,0.0,0.0
2003-01-07 00:00:00+09:00,2216.636474609375,2216.636474609375,2216.636474609375,2216.636474609375,210104,0.0,0.0
2003-01-08 00:00:00+09:00,2219.9697265625,2219.9697265625,2219.9697265625,2219.9697265625,50570,0.0,0.0
2003-01-09 00:00:00+09:00,2233.302978515625,2233.302978515625,2233.302978515625,2233.302978515625,89044,0.0,0.0
2003-01-10 00:00:00+09:00,2206.636474609375,2206.636474609375,2206.636474609375,2206.636474609375,103464,0.0,0.0
2003-01-13 00:00:00+09:00,2233.302978515625,2233.302978515625,2233.302978515625,2233.302978515625,19957,0.0,0.0
2003-01-14 00:00:00+09:00,2393.30078125,2393.30078125,2393.30078125,2393.30078125,140087,0.0,0.0
2003-01-15 00:00:00+09:00,2403.300537109375,2403.300537109375,2403.300537109375,2403.300537109375,271086,0.0,0.0
2003-01-16 00:00:00+09:00,2366.634521484375,2366.634521484375,2366.634521484375,2366.634521484375,36198,0.0,0.0
2003-01-17 00:00:00+09:00,2409.967041015625,2409.967041015625,2409.967041015625,2409.967041015625,167180,0.0,0.0
2003-01-20 00:00:00+09:00,2399.96728515625,2399.96728515625,2399.96728515625,2399.96728515625,205496,0.0,0.0
2003-01-21 00:00:00+09:00,2366.634521484375,2366.634521484375,2366.634521484375,2366.634521484375,46913,0.0,0.0
2003-01-22 00:00:00+09:00,2383.30078125,2383.30078125,2383.30078125,2383.30078125,71804,0.0,0.0
2003-01-23 00:00:00+09:00,2363.301025390625,2363.301025390625,2363.301025390625,2363.301025390625,62346,0.0,0.0
2003-01-24 00:00:00+09:00,2383.30078125,2383.30078125,2383.30078125,2383.30078125,62480,0.0,0.0
2003-01-27 00:00:00+09:00,2393.30078125,2393.30078125,2393.30078125,2393.30078125,35746,0.0,0.0
2003-01-28 00:00:00+09:00,2449.966552734375,2449.966552734375,2449.966552734375,2449.966552734375,107032,0.0,0.0
2003-01-29 00:00:00+09:00,2449.966552734375,2449.966552734375,2449.966552734375,2449.966552734375,93366,0.0,0.0
2003-01-30 00:00:00+09:00,2423.30029296875,2423.30029296875,2423.30029296875,2423.30029296875,44558,0.0,0.0
2003-01-31 00:00:00+09:00,2423.30029296875,2423.30029296875,2423.30029296875,2423.30029296875,0,0.0,0.0
2003-02-03 00:00:00+09:00,2433.300048828125,2433.300048828125,2433.300048828125,2433.300048828125,41576,0.0,0.0
2003-02-04 00:00:00+09:00,2433.300048828125,2433.300048828125,2433.300048828125,2433.300048828125,42285,0.0,0.0
2003-02-05 00:00:00+09:00,2403.300537109375,2403.300537109375,2403.300537109375,2403.300537109375,36666,0.0,0.0
2003-02-06 00:00:00+09:00,2333.301513671875,2333.301513671875,2333.301513671875,2333.301513671875,137155,0.0,0.0
2003-02-07 00:00:00+09:00,2333.301513671875,2333.301513671875,2333.301513671875,2333.301513671875,38135,0.0,0.0
2003-02-10 00:00:00+09:00,2363.301025390625,2363.301025390625,2363.301025390625,2363.301025390625,32525,0.0,0.0
2003-02-11 00:00:00+09:00,2383.30078125,2383.30078125,2383.30078125,2383.30078125,56539,0.0,0.0
2003-02-12 00:00:00+09:00,2499.9658203125,2499.9658203125,2499.9658203125,2499.9658203125,221657,0.0,0.0
2003-02-13 00:00:00+09:00,2466.633056640625,2466.633056640625,2466.633056640625,2466.633056640625,100814,0.0,0.0
2003-02-14 00:00:00+09:00,2466.633056640625,2466.633056640625,2466.633056640625,2466.633056640625,94341,0.0,0.0
2003-02-17 00:00:00+09:00,2493.29931640625,2493.29931640625,2493.29931640625,2493.29931640625,72955,0.0,0.0
2003-02-18 00:00:00+09:00,2469.96630859375,2469.96630859375,2469.96630859375,2469.96630859375,56291,0.0,0.0
2003-02-19 00:00:00+09:00,2426.633544921875,2426.633544921875,2426.633544921875,2426.633544921875,88515,0.0,0.0
2003-02-20 00:00:00+09:00,2429.966796875,2429.966796875,2429.966796875,2429.966796875,40154,0.0,0.0
2003-02-21 00:00:00+09:00,2439.966796875,2439.966796875,2439.966796875,2439.966796875,36920,0.0,0.0
2003-02-24 00:00:00+09:00,2536.632080078125,2536.632080078125,2536.632080078125,2536.632080078125,294243,0.0,0.0
2003-02-25 00:00:00+09:00,2473.299560546875,2473.299560546875,2473.299560546875,2473.299560546875,72499,0.0,0.0
2003-02-26 00:00:00+09:00,2449.966552734375,2449.966552734375,2449.966552734375,2449.966552734375,91702,0.0,0.0
2003-02-27 00:00:00+09:00,2436.633544921875,2436.633544921875,2436.633544921875,2436.633544921875,36439,0.0,0.0
2003-02-28 00:00:00+09:00,2446.63330078125,2446.63330078125,2446.63330078125,2446.63330078125,98733,0.0,0.0
2003-03-03 00:00:00+09:00,2433.300048828125,2433.300048828125,2433.300048828125,2433.300048828125,64633,0.0,0.0
2003-03-04 00:00:00+09:00,2399.96728515625,2399.96728515625,2399.96728515625,2399.96728515625,48317,0.0,0.0
2003-03-05 00:00:00+09:00,2319.96826171875,2319.96826171875,2319.96826171875,2319.96826171875,77754,0.0,0.0
2003-03-06 00:00:00+09:00,2316.635009765625,2316.635009765625,2316.635009765625,2316.635009765625,51172,0.0,0.0
2003-03-07 00:00:00+09:00,2236.63623046875,2236.63623046875,2236.63623046875,2236.63623046875,48088,0.0,0.0
2003-03-10 00:00:00+09:00,2223.302978515625,2223.302978515625,2223.302978515625,2223.302978515625,23579,0.0,0.0
2003-03-11 00:00:00+09:00,2183.303466796875,2183.303466796875,2183.303466796875,2183.303466796875,37383,0.0,0.0
2003-03-12 00:00:00+09:00,2279.968994140625,2279.968994140625,2279.968994140625,2279.968994140625,26114,0.0,0.0
2003-03-13 00:00:00+09:00,2236.63623046875,2236.63623046875,2236.63623046875,2236.63623046875,49060,0.0,0.0
2003-03-14 00:00:00+09:00,2329.96826171875,2329.96826171875,2329.96826171875,2329.96826171875,61690,0.0,0.0
2003-03-17 00:00:00+09:00,2203.30322265625,2203.30322265625,2203.30322265625,2203.30322265625,18185,0.0,0.0
2003-03-18 00:00:00+09:00,2293.302001953125,2293.302001953125,2293.302001953125,2293.302001953125,428711,0.0,0.0
2003-03-19 00:00:00+09:00,2333.301513671875,2333.301513671875,2333.301513671875,2333.301513671875,88965,0.0,0.0
2003-03-20 00:00:00+09:00,2533.298828125,2533.298828125,2533.298828125,2533.298828125,208212,0.0,0.0
2003-03-21 00:00:00+09:00,2566.631591796875,2566.631591796875,2566.631591796875,2566.631591796875,438310,0.0,0.0
2003-03-24 00:00:00+09:00,2516.63232421875,2516.63232421875,2516.63232421875,2516.63232421875,109521,0.0,0.0
2003-03-25 00:00:00+09:00,2399.96728515625,2399.96728515625,2399.96728515625,2399.96728515625,81109,0.0,0.0
2003-03-26 00:00:00+09:00,2396.634033203125,2396.634033203125,2396.634033203125,2396.634033203125,77606,0.0,0.0
2003-03-27 00:00:00+09:00,2356.634521484375,2356.634521484375,2356.634521484375,2356.634521484375,36759,0.0,0.0
2003-03-28 00:00:00+09:00,2399.96728515625,2399.96728515625,2399.96728515625,2399.96728515625,43911,0.0,0.0
2003-03-31 00:00:00+09:00,2366.634521484375,2366.634521484375,2366.634521484375,2366.634521484375,46014,0.0,0.0
2003-04-01 00:00:00+09:00,2346.634765625,2346.634765625,2346.634765625,2346.634765625,21106,0.0,0.0
2003-04-02 00:00:00+09:00,2376.63427734375,2376.63427734375,2376.63427734375,2376.63427734375,26448,0.0,0.0
2003-04-03 00:00:00+09:00,2593.298095703125,2593.298095703125,2593.298095703125,2593.298095703125,1338780,0.0,0.0
2003-04-04 00:00:00+09:00,2499.9658203125,2499.9658203125,2499.9658203125,2499.9658203125,191900,0.0,0.0
2003-04-07 00:00:00+09:00,2553.298583984375,2553.298583984375,2553.298583984375,2553.298583984375,194192,0.0,0.0
2003-04-08 00:00:00+09:00,2563.29833984375,2563.29833984375,2563.29833984375,2563.29833984375,363637,0.0,0.0
2003-04-09 00:00:00+09:00,2573.29833984375,2573.29833984375,2573.29833984375,2573.29833984375,404748,0.0,0.0
2003-04-10 00:00:00+09:00,2573.29833984375,2573.29833984375,2573.29833984375,2573.29833984375,134332,0.0,0.0
2003-04-11 00:00:00+09:00,2543.298583984375,2543.298583984375,2543.298583984375,2543.298583984375,183320,0.0,0.0
2003-04-14 00:00:00+09:00,2666.63037109375,2666.63037109375,2666.63037109375,2666.63037109375,989299,0.0,0.0
2003-04-15 00:00:00+09:00,2803.295166015625,2803.295166015625,2803.295166015625,2803.295166015625,810412,0.0,0.0
2003-04-16 00:00:00+09:00,2799.9619140625,2799.9619140625,2799.9619140625,2799.9619140625,888975,0.0,0.0
2003-04-17 00:00:00+09:00,2816.628173828125,2816.628173828125,2816.628173828125,2816.628173828125,156197,0.0,0.0
2003-04-18 00:00:00+09:00,2949.959716796875,2949.959716796875,2949.959716796875,2949.959716796875,498079,0.0,0.0
2003-04-21 00:00:00+09:00,3133.29052734375,3133.29052734375,3133.29052734375,3133.29052734375,318079,0.0,0.0
2003-04-22 00:00:00+09:00,3066.624755859375,3066.624755859375,3066.624755859375,3066.624755859375,306316,0.0,0.0
2003-04-23 00:00:00+09:00,3149.95703125,3149.95703125,3149.95703125,3149.95703125,386774,0.0,0.0
2003-04-24 00:00:00+09:00,2999.959228515625,2999.959228515625,2999.959228515625,2999.959228515625,523416,0.0,0.0
2003-04-25 00:00:00+09:00,2899.96044921875,2899.96044921875,2899.96044921875,2899.96044921875,153446,0.0,0.0
2003-04-28 00:00:00+09:00,2839.961181640625,2839.961181640625,2839.961181640625,2839.961181640625,1634097,0.0,0.0
2003-04-29 00:00:00+09:00,3019.958740234375,3019.958740234375,3019.958740234375,3019.958740234375,336421,0.0,0.0
2003-04-30 00:00:00+09:00,3099.957763671875,3099.957763671875,3099.957763671875,3099.957763671875,237510,0.0,0.0
2003-05-01 00:00:00+09:00,3099.957763671875,3099.957763671875,3099.957763671875,3099.957763671875,0,0.0,0.0
2003-05-02 00:00:00+09:00,3283.28857421875,3283.28857421875,3283.28857421875,3283.28857421875,326167,0.0,0.0
2003-05-05 00:00:00+09:00,3283.28857421875,3283.28857421875,3283.28857421875,3283.28857421875,0,0.0,0.0
2003-05-06 00:00:00+09:00,3299.955078125,3299.955078125,3299.955078125,3299.955078125,310311,0.0,0.0
2003-05-07 00:00:00+09:00,3466.619384765625,3466.619384765625,3466.619384765625,3466.619384765625,968964,0.0,0.0
2003-05-08 00:00:00+09:00,3466.619384765625,3466.619384765625,3466.619384765625,3466.619384765625,0,0.0,0.0
2003-05-09 00:00:00+09:00,3366.620849609375,3366.620849609375,3366.620849609375,3366.620849609375,343882,0.0,0.0
2003-05-12 00:00:00+09:00,3366.620849609375,3366.620849609375,3366.620849609375,3366.620849609375,270245,0.0,0.0
2003-05-13 00:00:00+09:00,3279.955322265625,3279.955322265625,3279.955322265625,3279.955322265625,173101,0.0,0.0
2003-05-14 00:00:00+09:00,3366.620849609375,3366.620849609375,3366.620849609375,3366.620849609375,231594,0.0,0.0
2003-05-15 00:00:00+09:00,3349.954345703125,3349.954345703125,3349.954345703125,3349.954345703125,91156,0.0,0.0
2003-05-16 00:00:00+09:00,3299.955078125,3299.955078125,3299.955078125,3299.955078125,59887,0.0,0.0
2003-05-19 00:00:00+09:00,3279.955322265625,3279.955322265625,3279.955322265625,3279.955322265625,83491,0.0,0.0
2003-05-20 00:00:00+09:00,3223.289306640625,3223.289306640625,3223.289306640625,3223.289306640625,56014,0.0,0.0
2003-05-21 00:00:00+09:00,3266.6220703125,3266.6220703125,3266.6220703125,3266.6220703125,107807,0.0,0.0
2003-05-22 00:00:00+09:00,3499.952392578125,3499.952392578125,3499.952392578125,3499.952392578125,650070,0.0,0.0
2003-05-23 00:00:00+09:00,3499.952392578125,3499.952392578125,3499.952392578125,3499.952392578125,284474,0.0,0.0
2003-05-26 00:00:00+09:00,3416.6201171875,3416.6201171875,3416.6201171875,3416.6201171875,295819,0.0,0.0
2003-05-27 00:00:00+09:00,3533.28515625,3533.28515625,3533.28515625,3533.28515625,253852,0.0,0.0
2003-05-28 00:00:00+09:00,3533.28515625,3533.28515625,3533.28515625,3533.28515625,291138,0.0,0.0
2003-05-29 00:00:00+09:00,3499.952392578125,3499.952392578125,3499.952392578125,3499.952392578125,222302,0.0,0.0
2003-05-30 00:00:00+09:00,3599.950927734375,3599.950927734375,3599.950927734375,3599.950927734375,398346,0.0,0.0
2003-06-02 00:00:00+09:00,3599.950927734375,3599.950927734375,3599.950927734375,3599.950927734375,177217,0.0,0.0
2003-06-03 00:00:00+09:00,3616.617431640625,3616.617431640625,3616.617431640625,3616.617431640625,203081,0.0,0.0
2003-06-04 00:00:00+09:00,3516.61865234375,3516.61865234375,3516.61865234375,3516.61865234375,154225,0.0,0.0
2003-06-05 00:00:00+09:00,3749.948974609375,3749.948974609375,3749.948974609375,3749.948974609375,984640,0.0,0.0
2003-06-06 00:00:00+09:00,3749.948974609375,3749.948974609375,3749.948974609375,3749.948974609375,0,0.0,0.0
2003-06-09 00:00:00+09:00,3833.281005859375,3833.281005859375,3833.281005859375,3833.281005859375,1122230,0.0,0.0
2003-06-10 00:00:00+09:00,3883.280517578125,3883.280517578125,3883.280517578125,3883.280517578125,437147,0.0,0.0
2003-06-11 00:00:00+09:00,3933.27978515625,3933.27978515625,3933.27978515625,3933.27978515625,832474,0.0,0.0
2003-06-12 00:00:00+09:00,3899.94677734375,3899.94677734375,3899.94677734375,3899.94677734375,710949,0.0,0.0
2003-06-13 00:00:00+09:00,3833.281005859375,3833.281005859375,3833.281005859375,3833.281005859375,388182,0.0,0.0
2003-06-16 00:00:00+09:00,3649.9501953125,3649.9501953125,3649.9501953125,3649.9501953125,277545,0.0,0.0
2003-06-17 00:00:00+09:00,3699.949462890625,3699.949462890625,3699.949462890625,3699.949462890625,594402,0.0,0.0
2003-06-18 00:00:00+09:00,3566.6181640625,3566.6181640625,3566.6181640625,3566.6181640625,236915,0.0,0.0
2003-06-19 00:00:00+09:00,3516.61865234375,3516.61865234375,3516.61865234375,3516.61865234375,186302,0.0,0.0
2003-06-20 00:00:00+09:00,3449.952880859375,3449.952880859375,3449.952880859375,3449.952880859375,479323,0.0,0.0
2003-06-23 00:00:00+09:00,3349.954345703125,3349.954345703125,3349.954345703125,3349.954345703125,182059,0.0,0.0
2003-06-24 00:00:00+09:00,3466.619384765625,3466.619384765625,3466.619384765625,3466.619384765625,242300,0.0,0.0
2003-06-25 00:00:00+09:00,3533.28515625,3533.28515625,3533.28515625,3533.28515625,195518,0.0,0.0
2003-06-26 00:00:00+09:00,3466.619384765625,3466.619384765625,3466.619384765625,3466.619384765625,130348,0.0,0.0
2003-06-27 00:00:00+09:00,3533.28515625,3533.28515625,3533.28515625,3533.28515625,98186,0.0,0.0
2003-06-30 00:00:00+09:00,3566.6181640625,3566.6181640625,3566.6181640625,3566.6181640625,758206,0.0,0.0
2003-07-01 00:00:00+09:00,3516.61865234375,3516.61865234375,3516.61865234375,3516.61865234375,298381,0.0,0.0
2003-07-02 00:00:00+09:00,3516.61865234375,3516.61865234375,3516.61865234375,3516.61865234375,1154024,0.0,0.0
2003-07-03 00:00:00+09:00,3433.28662109375,3433.28662109375,3433.28662109375,3433.28662109375,747425,0.0,0.0
2003-07-04 00:00:00+09:00,3449.952880859375,3449.952880859375,3449.952880859375,3449.952880859375,234215,0.0,0.0
2003-07-07 00:00:00+09:00,3449.952880859375,3449.952880859375,3449.952880859375,3449.952880859375,419524,0.0,0.0
2003-07-08 00:00:00+09:00,3383.287109375,3383.287109375,3383.287109375,3383.287109375,183644,0.0,0.0
2003-07-09 00:00:00+09:00,3366.620849609375,3366.620849609375,3366.620849609375,3366.620849609375,175043,0.0,0.0
2003-07-10 00:00:00+09:00,3433.28662109375,3433.28662109375,3433.28662109375,3433.28662109375,317763,0.0,0.0
2003-07-11 00:00:00+09:00,3366.620849609375,3366.620849609375,3366.620849609375,3366.620849609375,162652,0.0,0.0
2003-07-14 00:00:00+09:00,3366.620849609375,3366.620849609375,3366.620849609375,3366.620849609375,146542,0.0,0.0
2003-07-15 00:00:00+09:00,3366.620849609375,3366.620849609375,3366.620849609375,3366.620849609375,134343,0.0,0.0
2003-07-16 00:00:00+09:00,3366.620849609375,3366.620849609375,3366.620849609375,3366.620849609375,110723,0.0,0.0
2003-07-17 00:00:00+09:00,3366.620849609375,3366.620849609375,3366.620849609375,3366.620849609375,0,0.0,0.0
2003-07-18 00:00:00+09:00,3449.952880859375,3449.952880859375,3449.952880859375,3449.952880859375,209145,0.0,0.0
2003-07-21 00:00:00+09:00,3533.28515625,3533.28515625,3533.28515625,3533.28515625,565056,0.0,0.0
2003-07-22 00:00:00+09:00,3499.952392578125,3499.952392578125,3499.952392578125,3499.952392578125,1683616,0.0,0.0
2003-07-23 00:00:00+09:00,3666.61669921875,3666.61669921875,3666.61669921875,3666.61669921875,935412,0.0,0.0
2003-07-24 00:00:00+09:00,3783.28173828125,3783.28173828125,3783.28173828125,3783.28173828125,781109,0.0,0.0
2003-07-25 00:00:00+09:00,3633.28369140625,3633.28369140625,3633.28369140625,3633.28369140625,951831,0.0,0.0
2003-07-28 00:00:00+09:00,4066.611328125,4066.611328125,4066.611328125,4066.611328125,1446271,0.0,0.0
2003-07-29 00:00:00+09:00,4099.9443359375,4099.9443359375,4099.9443359375,4099.9443359375,496450,0.0,0.0
2003-07-30 00:00:00+09:00,3899.94677734375,3899.94677734375,3899.94677734375,3899.94677734375,381080,0.0,0.0
2003-07-31 00:00:00+09:00,3933.27978515625,3933.27978515625,3933.27978515625,3933.27978515625,668085,0.0,0.0
2003-08-01 00:00:00+09:00,3833.281005859375,3833.281005859375,3833.281005859375,3833.281005859375,303268,0.0,0.0
2003-08-04 00:00:00+09:00,3749.948974609375,3749.948974609375,3749.948974609375,3749.948974609375,174248,0.0,0.0
2003-08-05 00:00:00+09:00,3999.945556640625,3999.945556640625,3999.945556640625,3999.945556640625,622054,0.0,0.0
2003-08-06 00:00:00+09:00,4299.94140625,4299.94140625,4299.94140625,4299.94140625,785672,0.0,0.0
2003-08-07 00:00:00+09:00,4483.2724609375,4483.2724609375,4483.2724609375,4483.2724609375,926697,0.0,0.0
2003-08-08 00:00:00+09:00,4466.60595703125,4466.60595703125,4466.60595703125,4466.60595703125,463931,0.0,0.0
2003-08-11 00:00:00+09:00,4516.60498046875,4516.60498046875,4516.60498046875,4516.60498046875,414791,0.0,0.0
2003-08-12 00:00:00+09:00,4533.271484375,4533.271484375,4533.271484375,4533.271484375,223418,0.0,0.0
2003-08-13 00:00:00+09:00,4549.93798828125,4549.93798828125,4549.93798828125,4549.93798828125,417251,0.0,0.0
2003-08-14 00:00:00+09:00,4566.6044921875,4566.6044921875,4566.6044921875,4566.6044921875,271410,0.0,0.0
2003-08-15 00:00:00+09:00,4566.6044921875,4566.6044921875,4566.6044921875,4566.6044921875,0,0.0,0.0
2003-08-18 00:00:00+09:00,4499.9384765625,4499.9384765625,4499.9384765625,4499.9384765625,348922,0.0,0.0
2003-08-19 00:00:00+09:00,4516.60498046875,4516.60498046875,4516.60498046875,4516.60498046875,289764,0.0,0.0
2003-08-20 00:00:00+09:00,4433.27294921875,4433.27294921875,4433.27294921875,4433.27294921875,368079,0.0,0.0
2003-08-21 00:00:00+09:00,4433.27294921875,4433.27294921875,4433.27294921875,4433.27294921875,116167,0.0,0.0
2003-08-22 00:00:00+09:00,4599.9375,4599.9375,4599.9375,4599.9375,389465,0.0,0.0
2003-08-25 00:00:00+09:00,4599.9375,4599.9375,4599.9375,4599.9375,113464,0.0,0.0
2003-08-26 00:00:00+09:00,4599.9375,4599.9375,4599.9375,4599.9375,89655,0.0,0.0
2003-08-27 00:00:00+09:00,4499.9384765625,4499.9384765625,4499.9384765625,4499.9384765625,160374,0.0,0.0
2003-08-28 00:00:00+09:00,4549.93798828125,4549.93798828125,4549.93798828125,4549.93798828125,1355684,0.0,0.0
2003-08-29 00:00:00+09:00,4649.9365234375,4649.9365234375,4649.9365234375,4649.9365234375,184410,0.0,0.0
2003-09-01 00:00:00+09:00,4533.271484375,4533.271484375,4533.271484375,4533.271484375,228612,0.0,0.0
2003-09-02 00:00:00+09:00,4566.6044921875,4566.6044921875,4566.6044921875,4566.6044921875,530613,0.0,0.0
2003-09-03 00:00:00+09:00,4666.60302734375,4666.60302734375,4666.60302734375,4666.60302734375,1191256,0.0,0.0
2003-09-04 00:00:00+09:00,4633.27001953125,4633.27001953125,4633.27001953125,4633.27001953125,736891,0.0,0.0
2003-09-05 00:00:00+09:00,4233.275390625,4233.275390625,4233.275390625,4233.275390625,515262,0.0,0.0
2003-09-08 00:00:00+09:00,4099.9443359375,4099.9443359375,4099.9443359375,4099.9443359375,260325,0.0,0.0
2003-09-09 00:00:00+09:00,4316.60791015625,4316.60791015625,4316.60791015625,4316.60791015625,244953,0.0,0.0
2003-09-10 00:00:00+09:00,4316.60791015625,4316.60791015625,4316.60791015625,4316.60791015625,0,0.0,0.0
2003-09-11 00:00:00+09:00,4316.60791015625,4316.60791015625,4316.60791015625,4316.60791015625,0,0.0,0.0
2003-09-12 00:00:00+09:00,4316.60791015625,4316.60791015625,4316.60791015625,4316.60791015625,0,0.0,0.0
2003-09-15 00:00:00+09:00,4249.94189453125,4249.94189453125,4249.94189453125,4249.94189453125,142906,0.0,0.0
2003-09-16 00:00:00+09:00,4283.27490234375,4283.27490234375,4283.27490234375,4283.27490234375,358347,0.0,0.0
2003-09-17 00:00:00+09:00,4266.6083984375,4266.6083984375,4266.6083984375,4266.6083984375,269895,0.0,0.0
2003-09-18 00:00:00+09:00,3966.612548828125,3966.612548828125,3966.612548828125,3966.612548828125,213738,0.0,0.0
2003-09-19 00:00:00+09:00,3933.27978515625,3933.27978515625,3933.27978515625,3933.27978515625,211825,0.0,0.0
2003-09-22 00:00:00+09:00,3766.615234375,3766.615234375,3766.615234375,3766.615234375,180290,0.0,0.0
2003-09-23 00:00:00+09:00,3733.282470703125,3733.282470703125,3733.282470703125,3733.282470703125,318660,0.0,0.0
2003-09-24 00:00:00+09:00,3866.614013671875,3866.614013671875,3866.614013671875,3866.614013671875,349158,0.0,0.0
2003-09-25 00:00:00+09:00,3799.9482421875,3799.9482421875,3799.9482421875,3799.9482421875,251190,0.0,0.0
2003-09-26 00:00:00+09:00,3733.282470703125,3733.282470703125,3733.282470703125,3733.282470703125,123419,0.0,0.0
2003-09-29 00:00:00+09:00,3666.61669921875,3666.61669921875,3666.61669921875,3666.61669921875,143380,0.0,0.0
2003-09-30 00:00:00+09:00,3483.293212890625,3483.293212890625,3483.293212890625,3483.293212890625,76056,0.0,0.0
2003-10-01 00:00:00+09:00,3499.95947265625,3499.95947265625,3499.95947265625,3499.95947265625,58357,0.0,0.0
2003-10-02 00:00:00+09:00,3599.95849609375,3599.95849609375,3599.95849609375,3599.95849609375,221046,0.0,0.0
2003-10-03 00:00:00+09:00,3599.95849609375,3599.95849609375,3599.95849609375,3599.95849609375,0,0.0,0.0
2003-10-06 00:00:00+09:00,3583.2919921875,3583.2919921875,3583.2919921875,3583.2919921875,70838,0.0,0.0
2003-10-07 00:00:00+09:00,3533.29248046875,3533.29248046875,3533.29248046875,3533.29248046875,97873,0.0,0.0
2003-10-08 00:00:00+09:00,3466.626708984375,3466.626708984375,3466.626708984375,3466.626708984375,132432,0.0,0.0
2003-10-09 00:00:00+09:00,3466.626708984375,3466.626708984375,3466.626708984375,3466.626708984375,84224,0.0,0.0
2003-10-10 00:00:00+09:00,3399.960693359375,3399.960693359375,3399.960693359375,3399.960693359375,57112,0.0,0.0
2003-10-13 00:00:00+09:00,3749.956787109375,3749.956787109375,3749.956787109375,3749.956787109375,309372,0.0,0.0
2003-10-14 00:00:00+09:00,3999.953857421875,3999.953857421875,3999.953857421875,3999.953857421875,543842,0.0,0.0
2003-10-15 00:00:00+09:00,3816.62255859375,3816.62255859375,3816.62255859375,3816.62255859375,113808,0.0,0.0
2003-10-16 00:00:00+09:00,3833.2890625,3833.2890625,3833.2890625,3833.2890625,297389,0.0,0.0
2003-10-17 00:00:00+09:00,3933.287841796875,3933.287841796875,3933.287841796875,3933.287841796875,906111,0.0,0.0
2003-10-20 00:00:00+09:00,4016.620361328125,4016.620361328125,4016.620361328125,4016.620361328125,800055,0.0,0.0
2003-10-21 00:00:00+09:00,4066.61962890625,4066.61962890625,4066.61962890625,4066.61962890625,391667,0.0,0.0
2003-10-22 00:00:00+09:00,3833.2890625,3833.2890625,3833.2890625,3833.2890625,440824,0.0,0.0
2003-10-23 00:00:00+09:00,3749.956787109375,3749.956787109375,3749.956787109375,3749.956787109375,233604,0.0,0.0
2003-10-24 00:00:00+09:00,3799.9560546875,3799.9560546875,3799.9560546875,3799.9560546875,118289,0.0,0.0
2003-10-27 00:00:00+09:00,4066.61962890625,4066.61962890625,4066.61962890625,4066.61962890625,340299,0.0,0.0
2003-10-28 00:00:00+09:00,3983.287353515625,3983.287353515625,3983.287353515625,3983.287353515625,164356,0.0,0.0
2003-10-29 00:00:00+09:00,3833.2890625,3833.2890625,3833.2890625,3833.2890625,116014,0.0,0.0
2003-10-30 00:00:00+09:00,4033.286865234375,4033.286865234375,4033.286865234375,4033.286865234375,207046,0.0,0.0
2003-10-31 00:00:00+09:00,4199.95166015625,4199.95166015625,4199.95166015625,4199.95166015625,247650,0.0,0.0
2003-11-03 00:00:00+09:00,4266.6171875,4266.6171875,4266.6171875,4266.6171875,602674,0.0,0.0
2003-11-04 00:00:00+09:00,4266.6171875,4266.6171875,4266.6171875,4266.6171875,194786,0.0,0.0
2003-11-05 00:00:00+09:00,4216.6181640625,4216.6181640625,4216.6181640625,4216.6181640625,207597,0.0,0.0
2003-11-06 00:00:00+09:00,4116.619140625,4116.619140625,4116.619140625,4116.619140625,121670,0.0,0.0
2003-11-07 00:00:00+09:00,4233.28466796875,4233.28466796875,4233.28466796875,4233.28466796875,169790,0.0,0.0
2003-11-10 00:00:00+09:00,4366.6162109375,4366.6162109375,4366.6162109375,4366.6162109375,307164,0.0,0.0
2003-11-11 00:00:00+09:00,4316.61669921875,4316.61669921875,4316.61669921875,4316.61669921875,192478,0.0,0.0
2003-11-12 00:00:00+09:00,4366.6162109375,4366.6162109375,4366.6162109375,4366.6162109375,303072,0.0,0.0
2003-11-13 00:00:00+09:00,4366.6162109375,4366.6162109375,4366.6162109375,4366.6162109375,57503,0.0,0.0
2003-11-14 00:00:00+09:00,4783.2783203125,4783.2783203125,4783.2783203125,4783.2783203125,647942,0.0,0.0
2003-11-17 00:00:00+09:00,4716.6123046875,4716.6123046875,4716.6123046875,4716.6123046875,338970,0.0,0.0
2003-11-18 00:00:00+09:00,4716.6123046875,4716.6123046875,4716.6123046875,4716.6123046875,356242,0.0,0.0
2003-11-19 00:00:00+09:00,4933.2763671875,4933.2763671875,4933.2763671875,4933.2763671875,822397,0.0,0.0
2003-11-20 00:00:00+09:00,4766.61181640625,4766.61181640625,4766.61181640625,4766.61181640625,331051,0.0,0.0
2003-11-21 00:00:00+09:00,4766.61181640625,4766.61181640625,4766.61181640625,4766.61181640625,139832,0.0,0.0
2003-11-24 00:00:00+09:00,4749.9453125,4749.9453125,4749.9453125,4749.9453125,208267,0.0,0.0
2003-11-25 00:00:00+09:00,4766.61181640625,4766.61181640625,4766.61181640625,4766.61181640625,103272,0.0,0.0
2003-11-26 00:00:00+09:00,4866.6103515625,4866.6103515625,4866.6103515625,4866.6103515625,162643,0.0,0.0
2003-11-27 00:00:00+09:00,4866.6103515625,4866.6103515625,4866.6103515625,4866.6103515625,117311,0.0,0.0
2003-11-28 00:00:00+09:00,4916.60986328125,4916.60986328125,4916.60986328125,4916.60986328125,123985,0.0,0.0
2003-12-01 00:00:00+09:00,4933.2763671875,4933.2763671875,4933.2763671875,4933.2763671875,78355,0.0,0.0
2003-12-02 00:00:00+09:00,4799.9443359375,4799.9443359375,4799.9443359375,4799.9443359375,130581,0.0,0.0
2003-12-03 00:00:00+09:00,4666.61279296875,4666.61279296875,4666.61279296875,4666.61279296875,205191,0.0,0.0
2003-12-04 00:00:00+09:00,4833.27734375,4833.27734375,4833.27734375,4833.27734375,228918,0.0,0.0
2003-12-05 00:00:00+09:00,4649.9462890625,4649.9462890625,4649.9462890625,4649.9462890625,124453,0.0,0.0
2003-12-08 00:00:00+09:00,4499.9482421875,4499.9482421875,4499.9482421875,4499.9482421875,113302,0.0,0.0
2003-12-09 00:00:00+09:00,4483.28173828125,4483.28173828125,4483.28173828125,4483.28173828125,76104,0.0,0.0
2003-12-10 00:00:00+09:00,4599.94677734375,4599.94677734375,4599.94677734375,4599.94677734375,159810,0.0,0.0
2003-12-11 00:00:00+09:00,4616.61328125,4616.61328125,4616.61328125,4616.61328125,58531,0.0,0.0
2003-12-12 00:00:00+09:00,4599.94677734375,4599.94677734375,4599.94677734375,4599.94677734375,144324,0.0,0.0
2003-12-15 00:00:00+09:00,4783.2783203125,4783.2783203125,4783.2783203125,4783.2783203125,229750,0.0,0.0
2003-12-16 00:00:00+09:00,4866.6103515625,4866.6103515625,4866.6103515625,4866.6103515625,244817,0.0,0.0
2003-12-17 00:00:00+09:00,4983.27587890625,4983.27587890625,4983.27587890625,4983.27587890625,305525,0.0,0.0
2003-12-18 00:00:00+09:00,4749.9453125,4749.9453125,4749.9453125,4749.9453125,76938,0.0,0.0
2003-12-19 00:00:00+09:00,4649.9462890625,4649.9462890625,4649.9462890625,4649.9462890625,110293,0.0,0.0
2003-12-22 00:00:00+09:00,4633.27978515625,4633.27978515625,4633.27978515625,4633.27978515625,441459,0.0,0.0
2003-12-23 00:00:00+09:00,4533.28076171875,4533.28076171875,4533.28076171875,4533.28076171875,63081,0.0,0.0
2003-12-24 00:00:00+09:00,4516.6142578125,4516.6142578125,4516.6142578125,4516.6142578125,40746,0.0,0.0
2003-12-25 00:00:00+09:00,4516.6142578125,4516.6142578125,4516.6142578125,4516.6142578125,0,0.0,0.0
2003-12-26 00:00:00+09:00,4549.947265625,4549.947265625,4549.947265625,4549.947265625,168965,0.0,0.0
2003-12-29 00:00:00+09:00,4599.94677734375,4599.94677734375,4599.94677734375,4599.94677734375,211386,0.0,0.0
2003-12-30 00:00:00+09:00,4783.2783203125,4783.2783203125,4783.2783203125,4783.2783203125,165011,0.0,0.0
2003-12-31 00:00:00+09:00,4783.2783203125,4783.2783203125,4783.2783203125,4783.2783203125,0,0.0,0.0
2004-01-01 00:00:00+09:00,4783.2783203125,4783.2783203125,4783.2783203125,4783.2783203125,0,0.0,0.0
2004-01-02 00:00:00+09:00,4783.2783203125,4783.2783203125,4783.2783203125,4783.2783203125,50459,0.0,0.0
2004-01-05 00:00:00+09:00,4799.9443359375,4799.9443359375,4799.9443359375,4799.9443359375,64199,0.0,0.0
2004-01-06 00:00:00+09:00,4699.94580078125,4699.94580078125,4699.94580078125,4699.94580078125,40558,0.0,0.0
2004-01-07 00:00:00+09:00,4716.6123046875,4716.6123046875,4716.6123046875,4716.6123046875,145700,0.0,0.0
2004-01-08 00:00:00+09:00,4666.61279296875,4666.61279296875,4666.61279296875,4666.61279296875,90808,0.0,0.0
2004-01-09 00:00:00+09:00,4583.2802734375,4583.2802734375,4583.2802734375,4583.2802734375,186507,0.0,0.0
2004-01-12 00:00:00+09:00,4599.94677734375,4599.94677734375,4599.94677734375,4599.94677734375,47366,0.0,0.0
2004-01-13 00:00:00+09:00,4616.61328125,4616.61328125,4616.61328125,4616.61328125,54880,0.0,0.0
2004-01-14 00:00:00+09:00,4633.27978515625,4633.27978515625,4633.27978515625,4633.27978515625,113674,0.0,0.0
2004-01-15 00:00:00+09:00,4566.61376953125,4566.61376953125,4566.61376953125,4566.61376953125,132477,0.0,0.0
2004-01-16 00:00:00+09:00,4566.61376953125,4566.61376953125,4566.61376953125,4566.61376953125,131750,0.0,0.0
2004-01-19 00:00:00+09:00,4499.9482421875,4499.9482421875,4499.9482421875,4499.9482421875,52412,0.0,0.0
2004-01-20 00:00:00+09:00,4499.9482421875,4499.9482421875,4499.9482421875,4499.9482421875,20985,0.0,0.0
2004-01-21 00:00:00+09:00,4499.9482421875,4499.9482421875,4499.9482421875,4499.9482421875,0,0.0,0.0
2004-01-22 00:00:00+09:00,4499.9482421875,4499.9482421875,4499.9482421875,4499.9482421875,0,0.0,0.0
2004-01-23 00:00:00+09:00,4499.9482421875,4499.9482421875,4499.9482421875,4499.9482421875,0,0.0,0.0
2004-01-26 00:00:00+09:00,4333.283203125,4333.283203125,4333.283203125,4333.283203125,152282,0.0,0.0
2004-01-27 00:00:00+09:00,4316.61669921875,4316.61669921875,4316.61669921875,4316.61669921875,46977,0.0,0.0
2004-01-28 00:00:00+09:00,4233.28466796875,4233.28466796875,4233.28466796875,4233.28466796875,98193,0.0,0.0
2004-01-29 00:00:00+09:00,4349.94970703125,4349.94970703125,4349.94970703125,4349.94970703125,174319,0.0,0.0
2004-01-30 00:00:00+09:00,4433.2822265625,4433.2822265625,4433.2822265625,4433.2822265625,93142,0.0,0.0
2004-02-02 00:00:00+09:00,4333.283203125,4333.283203125,4333.283203125,4333.283203125,30809,0.0,0.0
2004-02-03 00:00:00+09:00,4299.9501953125,4299.9501953125,4299.9501953125,4299.9501953125,105836,0.0,0.0
2004-02-04 00:00:00+09:00,4283.28369140625,4283.28369140625,4283.28369140625,4283.28369140625,107324,0.0,0.0
2004-02-05 00:00:00+09:00,4233.28466796875,4233.28466796875,4233.28466796875,4233.28466796875,49455,0.0,0.0
2004-02-06 00:00:00+09:00,4233.28466796875,4233.28466796875,4233.28466796875,4233.28466796875,32774,0.0,0.0
2004-02-09 00:00:00+09:00,4216.6181640625,4216.6181640625,4216.6181640625,4216.6181640625,51353,0.0,0.0
2004-02-10 00:00:00+09:00,4199.95166015625,4199.95166015625,4199.95166015625,4199.95166015625,32805,0.0,0.0
2004-02-11 00:00:00+09:00,3933.287841796875,3933.287841796875,3933.287841796875,3933.287841796875,257906,0.0,0.0
2004-02-12 00:00:00+09:00,3766.623046875,3766.623046875,3766.623046875,3766.623046875,194450,0.0,0.0
2004-02-13 00:00:00+09:00,3799.9560546875,3799.9560546875,3799.9560546875,3799.9560546875,257105,0.0,0.0
2004-02-16 00:00:00+09:00,3899.954833984375,3899.954833984375,3899.954833984375,3899.954833984375,213866,0.0,0.0
2004-02-17 00:00:00+09:00,4033.286865234375,4033.286865234375,4033.286865234375,4033.286865234375,103444,0.0,0.0
2004-02-18 00:00:00+09:00,3999.953857421875,3999.953857421875,3999.953857421875,3999.953857421875,105292,0.0,0.0
2004-02-19 00:00:00+09:00,4199.95166015625,4199.95166015625,4199.95166015625,4199.95166015625,412420,0.0,0.0
2004-02-20 00:00:00+09:00,4099.95263671875,4099.95263671875,4099.95263671875,4099.95263671875,139040,0.0,0.0
2004-02-23 00:00:00+09:00,4066.61962890625,4066.61962890625,4066.61962890625,4066.61962890625,115386,0.0,0.0
2004-02-24 00:00:00+09:00,3933.287841796875,3933.287841796875,3933.287841796875,3933.287841796875,70576,0.0,0.0
2004-02-25 00:00:00+09:00,3949.954345703125,3949.954345703125,3949.954345703125,3949.954345703125,70297,0.0,0.0
2004-02-26 00:00:00+09:00,3983.287353515625,3983.287353515625,3983.287353515625,3983.287353515625,87603,0.0,0.0
2004-02-27 00:00:00+09:00,4199.95166015625,4199.95166015625,4199.95166015625,4199.95166015625,104336,0.0,0.0
2004-03-01 00:00:00+09:00,4199.95166015625,4199.95166015625,4199.95166015625,4199.95166015625,0,0.0,0.0
2004-03-02 00:00:00+09:00,4616.61328125,4616.61328125,4616.61328125,4616.61328125,1431088,0.0,0.0
2004-03-03 00:00:00+09:00,4616.61328125,4616.61328125,4616.61328125,4616.61328125,544965,0.0,0.0
2004-03-04 00:00:00+09:00,4566.61376953125,4566.61376953125,4566.61376953125,4566.61376953125,337392,0.0,0.0
2004-03-05 00:00:00+09:00,4533.28076171875,4533.28076171875,4533.28076171875,4533.28076171875,178167,0.0,0.0
2004-03-08 00:00:00+09:00,4383.28271484375,4383.28271484375,4383.28271484375,4383.28271484375,171686,0.0,0.0
2004-03-09 00:00:00+09:00,4383.28271484375,4383.28271484375,4383.28271484375,4383.28271484375,192533,0.0,0.0
2004-03-10 00:00:00+09:00,4666.61279296875,4666.61279296875,4666.61279296875,4666.61279296875,457367,0.0,0.0
2004-03-11 00:00:00+09:00,4799.9443359375,4799.9443359375,4799.9443359375,4799.9443359375,784827,0.0,0.0
2004-03-12 00:00:00+09:00,4633.27978515625,4633.27978515625,4633.27978515625,4633.27978515625,382400,0.0,0.0
2004-03-15 00:00:00+09:00,4649.9462890625,4649.9462890625,4649.9462890625,4649.9462890625,134750,0.0,0.0
2004-03-16 00:00:00+09:00,4766.61181640625,4766.61181640625,4766.61181640625,4766.61181640625,174991,0.0,0.0
2004-03-17 00:00:00+09:00,4766.61181640625,4766.61181640625,4766.61181640625,4766.61181640625,103978,0.0,0.0
2004-03-18 00:00:00+09:00,4733.27880859375,4733.27880859375,4733.27880859375,4733.27880859375,110813,0.0,0.0
2004-03-19 00:00:00+09:00,4733.27880859375,4733.27880859375,4733.27880859375,4733.27880859375,139867,0.0,0.0
2004-03-22 00:00:00+09:00,4783.2783203125,4783.2783203125,4783.2783203125,4783.2783203125,161885,0.0,0.0
2004-03-23 00:00:00+09:00,4883.27685546875,4883.27685546875,4883.27685546875,4883.27685546875,219303,0.0,0.0
2004-03-24 00:00:00+09:00,4833.27734375,4833.27734375,4833.27734375,4833.27734375,244487,0.0,0.0
2004-03-25 00:00:00+09:00,4999.9423828125,4999.9423828125,4999.9423828125,4999.9423828125,653174,0.0,0.0
2004-03-26 00:00:00+09:00,4966.609375,4966.609375,4966.609375,4966.609375,137487,0.0,0.0
2004-03-29 00:00:00+09:00,4933.2763671875,4933.2763671875,4933.2763671875,4933.2763671875,135100,0.0,0.0
2004-03-30 00:00:00+09:00,4883.27685546875,4883.27685546875,4883.27685546875,4883.27685546875,67495,0.0,0.0
2004-03-31 00:00:00+09:00,4833.27734375,4833.27734375,4833.27734375,4833.27734375,96531,0.0,0.0
2004-04-01 00:00:00+09:00,5049.94189453125,5049.94189453125,5049.94189453125,5049.94189453125,302058,0.0,0.0
2004-04-02 00:00:00+09:00,5066.60791015625,5066.60791015625,5066.60791015625,5066.60791015625,172823,0.0,0.0
2004-04-05 00:00:00+09:00,5066.60791015625,5066.60791015625,5066.60791015625,5066.60791015625,0,0.0,0.0
2004-04-06 00:00:00+09:00,5483.27001953125,5483.27001953125,5483.27001953125,5483.27001953125,2715474,0.0,0.0
2004-04-07 00:00:00+09:00,5533.26953125,5533.26953125,5533.26953125,5533.26953125,597971,0.0,0.0
2004-04-08 00:00:00+09:00,5666.60107421875,5666.60107421875,5666.60107421875,5666.60107421875,427520,0.0,0.0
2004-04-09 00:00:00+09:00,5599.935546875,5599.935546875,5599.935546875,5599.935546875,1809377,0.0,0.0
2004-04-12 00:00:00+09:00,5683.267578125,5683.267578125,5683.267578125,5683.267578125,344553,0.0,0.0
2004-04-13 00:00:00+09:00,5683.267578125,5683.267578125,5683.267578125,5683.267578125,361713,0.0,0.0
2004-04-14 00:00:00+09:00,5566.6025390625,5566.6025390625,5566.6025390625,5566.6025390625,196021,0.0,0.0
2004-04-15 00:00:00+09:00,5566.6025390625,5566.6025390625,5566.6025390625,5566.6025390625,0,0.0,0.0
2004-04-16 00:00:00+09:00,5616.6015625,5616.6015625,5616.6015625,5616.6015625,116443,0.0,0.0
2004-04-19 00:00:00+09:00,5666.60107421875,5666.60107421875,5666.60107421875,5666.60107421875,887029,0.0,0.0
2004-04-20 00:00:00+09:00,5983.26416015625,5983.26416015625,5983.26416015625,5983.26416015625,712388,0.0,0.0
2004-04-21 00:00:00+09:00,5866.59912109375,5866.59912109375,5866.59912109375,5866.59912109375,271060,0.0,0.0
2004-04-22 00:00:00+09:00,5666.60107421875,5666.60107421875,5666.60107421875,5666.60107421875,638046,0.0,0.0
2004-04-23 00:00:00+09:00,5533.26953125,5533.26953125,5533.26953125,5533.26953125,869761,0.0,0.0
2004-04-26 00:00:00+09:00,5399.9375,5399.9375,5399.9375,5399.9375,358129,0.0,0.0
2004-04-27 00:00:00+09:00,5416.60400390625,5416.60400390625,5416.60400390625,5416.60400390625,235049,0.0,0.0
2004-04-28 00:00:00+09:00,5299.93896484375,5299.93896484375,5299.93896484375,5299.93896484375,982766,0.0,0.0
2004-04-29 00:00:00+09:00,5099.94091796875,5099.94091796875,5099.94091796875,5099.94091796875,439102,0.0,0.0
2004-04-30 00:00:00+09:00,5549.93603515625,5549.93603515625,5549.93603515625,5549.93603515625,561391,0.0,0.0
2004-05-03 00:00:00+09:00,5366.6044921875,5366.6044921875,5366.6044921875,5366.6044921875,163402,0.0,0.0
2004-05-04 00:00:00+09:00,5633.26806640625,5633.26806640625,5633.26806640625,5633.26806640625,284004,0.0,0.0
2004-05-05 00:00:00+09:00,5633.26806640625,5633.26806640625,5633.26806640625,5633.26806640625,0,0.0,0.0
2004-05-06 00:00:00+09:00,5366.6044921875,5366.6044921875,5366.6044921875,5366.6044921875,325044,0.0,0.0
2004-05-07 00:00:00+09:00,5383.27099609375,5383.27099609375,5383.27099609375,5383.27099609375,216072,0.0,0.0
2004-05-10 00:00:00+09:00,5216.6064453125,5216.6064453125,5216.6064453125,5216.6064453125,394681,0.0,0.0
2004-05-11 00:00:00+09:00,5033.275390625,5033.275390625,5033.275390625,5033.275390625,160390,0.0,0.0
2004-05-12 00:00:00+09:00,5166.60693359375,5166.60693359375,5166.60693359375,5166.60693359375,192137,0.0,0.0
2004-05-13 00:00:00+09:00,5149.9404296875,5149.9404296875,5149.9404296875,5149.9404296875,116793,0.0,0.0
2004-05-14 00:00:00+09:00,5033.275390625,5033.275390625,5033.275390625,5033.275390625,145166,0.0,0.0
2004-05-17 00:00:00+09:00,4966.609375,4966.609375,4966.609375,4966.609375,233103,0.0,0.0
2004-05-18 00:00:00+09:00,4999.9423828125,4999.9423828125,4999.9423828125,4999.9423828125,199215,0.0,0.0
2004-05-19 00:00:00+09:00,5016.60888671875,5016.60888671875,5016.60888671875,5016.60888671875,231002,0.0,0.0
2004-05-20 00:00:00+09:00,4983.27587890625,4983.27587890625,4983.27587890625,4983.27587890625,252161,0.0,0.0
2004-05-21 00:00:00+09:00,5049.94189453125,5049.94189453125,5049.94189453125,5049.94189453125,175738,0.0,0.0
2004-05-24 00:00:00+09:00,4999.9423828125,4999.9423828125,4999.9423828125,4999.9423828125,168691,0.0,0.0
2004-05-25 00:00:00+09:00,4949.94287109375,4949.94287109375,4949.94287109375,4949.94287109375,75973,0.0,0.0
2004-05-26 00:00:00+09:00,4949.94287109375,4949.94287109375,4949.94287109375,4949.94287109375,0,0.0,0.0
2004-05-27 00:00:00+09:00,5016.60888671875,5016.60888671875,5016.60888671875,5016.60888671875,128409,0.0,0.0
2004-05-28 00:00:00+09:00,5133.27392578125,5133.27392578125,5133.27392578125,5133.27392578125,161136,0.0,0.0
2004-05-31 00:00:00+09:00,5133.27392578125,5133.27392578125,5133.27392578125,5133.27392578125,105514,0.0,0.0
2004-06-01 00:00:00+09:00,5099.94091796875,5099.94091796875,5099.94091796875,5099.94091796875,106375,0.0,0.0
2004-06-02 00:00:00+09:00,5066.60791015625,5066.60791015625,5066.60791015625,5066.60791015625,55209,0.0,0.0
2004-06-03 00:00:00+09:00,5266.60595703125,5266.60595703125,5266.60595703125,5266.60595703125,552858,0.0,0.0
2004-06-04 00:00:00+09:00,5483.27001953125,5483.27001953125,5483.27001953125,5483.27001953125,814721,0.0,0.0
2004-06-07 00:00:00+09:00,5416.60400390625,5416.60400390625,5416.60400390625,5416.60400390625,335689,0.0,0.0
2004-06-08 00:00:00+09:00,5299.93896484375,5299.93896484375,5299.93896484375,5299.93896484375,259449,0.0,0.0
2004-06-09 00:00:00+09:00,5183.2734375,5183.2734375,5183.2734375,5183.2734375,239167,0.0,0.0
2004-06-10 00:00:00+09:00,5016.60888671875,5016.60888671875,5016.60888671875,5016.60888671875,410496,0.0,0.0
2004-06-11 00:00:00+09:00,4983.27587890625,4983.27587890625,4983.27587890625,4983.27587890625,328277,0.0,0.0
2004-06-14 00:00:00+09:00,4999.9423828125,4999.9423828125,4999.9423828125,4999.9423828125,256044,0.0,0.0
2004-06-15 00:00:00+09:00,4983.27587890625,4983.27587890625,4983.27587890625,4983.27587890625,172082,0.0,0.0
2004-06-16 00:00:00+09:00,5016.60888671875,5016.60888671875,5016.60888671875,5016.60888671875,139753,0.0,0.0
2004-06-17 00:00:00+09:00,5016.60888671875,5016.60888671875,5016.60888671875,5016.60888671875,109191,0.0,0.0
2004-06-18 00:00:00+09:00,5016.60888671875,5016.60888671875,5016.60888671875,5016.60888671875,149573,0.0,0.0
2004-06-21 00:00:00+09:00,5016.60888671875,5016.60888671875,5016.60888671875,5016.60888671875,74694,0.0,0.0
2004-06-22 00:00:00+09:00,5033.275390625,5033.275390625,5033.275390625,5033.275390625,186967,0.0,0.0
2004-06-23 00:00:00+09:00,5033.275390625,5033.275390625,5033.275390625,5033.275390625,358980,0.0,0.0
2004-06-24 00:00:00+09:00,4999.9423828125,4999.9423828125,4999.9423828125,4999.9423828125,237305,0.0,0.0
2004-06-25 00:00:00+09:00,5049.94189453125,5049.94189453125,5049.94189453125,5049.94189453125,133930,0.0,0.0
2004-06-28 00:00:00+09:00,4999.9423828125,4999.9423828125,4999.9423828125,4999.9423828125,140480,0.0,0.0
2004-06-29 00:00:00+09:00,4966.609375,4966.609375,4966.609375,4966.609375,79449,0.0,0.0
2004-06-30 00:00:00+09:00,4933.2763671875,4933.2763671875,4933.2763671875,4933.2763671875,149456,0.0,0.0
2004-07-01 00:00:00+09:00,5116.607421875,5116.607421875,5116.607421875,5116.607421875,329014,0.0,0.0
2004-07-02 00:00:00+09:00,5116.607421875,5116.607421875,5116.607421875,5116.607421875,99564,0.0,0.0
2004-07-05 00:00:00+09:00,4983.27587890625,4983.27587890625,4983.27587890625,4983.27587890625,96750,0.0,0.0
2004-07-06 00:00:00+09:00,5066.60791015625,5066.60791015625,5066.60791015625,5066.60791015625,182243,0.0,0.0
2004-07-07 00:00:00+09:00,5133.27392578125,5133.27392578125,5133.27392578125,5133.27392578125,183640,0.0,0.0
2004-07-08 00:00:00+09:00,4933.2763671875,4933.2763671875,4933.2763671875,4933.2763671875,160192,0.0,0.0
2004-07-09 00:00:00+09:00,4916.60986328125,4916.60986328125,4916.60986328125,4916.60986328125,100714,0.0,0.0
2004-07-12 00:00:00+09:00,4749.9453125,4749.9453125,4749.9453125,4749.9453125,173756,0.0,0.0
2004-07-13 00:00:00+09:00,4599.94677734375,4599.94677734375,4599.94677734375,4599.94677734375,184515,0.0,0.0
2004-07-14 00:00:00+09:00,4533.28076171875,4533.28076171875,4533.28076171875,4533.28076171875,167494,0.0,0.0
2004-07-15 00:00:00+09:00,4616.61328125,4616.61328125,4616.61328125,4616.61328125,175063,0.0,0.0
2004-07-16 00:00:00+09:00,4716.6123046875,4716.6123046875,4716.6123046875,4716.6123046875,147887,0.0,0.0
2004-07-19 00:00:00+09:00,4766.61181640625,4766.61181640625,4766.61181640625,4766.61181640625,52662,0.0,0.0
2004-07-20 00:00:00+09:00,4666.61279296875,4666.61279296875,4666.61279296875,4666.61279296875,73125,0.0,0.0
2004-07-21 00:00:00+09:00,4799.9443359375,4799.9443359375,4799.9443359375,4799.9443359375,91311,0.0,0.0
2004-07-22 00:00:00+09:00,4666.61279296875,4666.61279296875,4666.61279296875,4666.61279296875,35386,0.0,0.0
2004-07-23 00:00:00+09:00,4633.27978515625,4633.27978515625,4633.27978515625,4633.27978515625,38154,0.0,0.0
2004-07-26 00:00:00+09:00,4633.27978515625,4633.27978515625,4633.27978515625,4633.27978515625,35374,0.0,0.0
2004-07-27 00:00:00+09:00,4649.9462890625,4649.9462890625,4649.9462890625,4649.9462890625,33368,0.0,0.0
2004-07-28 00:00:00+09:00,4666.61279296875,4666.61279296875,4666.61279296875,4666.61279296875,19325,0.0,0.0
2004-07-29 00:00:00+09:00,4633.27978515625,4633.27978515625,4633.27978515625,4633.27978515625,46827,0.0,0.0
2004-07-30 00:00:00+09:00,4666.61279296875,4666.61279296875,4666.61279296875,4666.61279296875,73710,0.0,0.0
2004-08-02 00:00:00+09:00,4666.61279296875,4666.61279296875,4666.61279296875,4666.61279296875,41466,0.0,0.0
2004-08-03 00:00:00+09:00,4733.27880859375,4733.27880859375,4733.27880859375,4733.27880859375,90944,0.0,0.0
2004-08-04 00:00:00+09:00,4866.6103515625,4866.6103515625,4866.6103515625,4866.6103515625,71244,0.0,0.0
2004-08-05 00:00:00+09:00,5016.60888671875,5016.60888671875,5016.60888671875,5016.60888671875,104002,0.0,0.0
2004-08-06 00:00:00+09:00,5033.275390625,5033.275390625,5033.275390625,5033.275390625,25923,0.0,0.0
2004-08-09 00:00:00+09:00,4966.609375,4966.609375,4966.609375,4966.609375,56349,0.0,0.0
2004-08-10 00:00:00+09:00,5133.27392578125,5133.27392578125,5133.27392578125,5133.27392578125,152892,0.0,0.0
2004-08-11 00:00:00+09:00,5133.27392578125,5133.27392578125,5133.27392578125,5133.27392578125,64245,0.0,0.0
2004-08-12 00:00:00+09:00,5066.60791015625,5066.60791015625,5066.60791015625,5066.60791015625,53666,0.0,0.0
2004-08-13 00:00:00+09:00,5116.607421875,5116.607421875,5116.607421875,5116.607421875,49190,0.0,0.0
2004-08-16 00:00:00+09:00,5133.27392578125,5133.27392578125,5133.27392578125,5133.27392578125,19771,0.0,0.0
2004-08-17 00:00:00+09:00,5183.2734375,5183.2734375,5183.2734375,5183.2734375,102831,0.0,0.0
2004-08-18 00:00:00+09:00,5466.603515625,5466.603515625,5466.603515625,5466.603515625,277346,0.0,0.0
2004-08-19 00:00:00+09:00,5333.27197265625,5333.27197265625,5333.27197265625,5333.27197265625,155930,0.0,0.0
2004-08-20 00:00:00+09:00,5249.939453125,5249.939453125,5249.939453125,5249.939453125,58710,0.0,0.0
2004-08-23 00:00:00+09:00,5333.27197265625,5333.27197265625,5333.27197265625,5333.27197265625,158391,0.0,0.0
2004-08-24 00:00:00+09:00,5416.60400390625,5416.60400390625,5416.60400390625,5416.60400390625,56886,0.0,0.0
2004-08-25 00:00:00+09:00,5383.27099609375,5383.27099609375,5383.27099609375,5383.27099609375,69288,0.0,0.0
2004-08-26 00:00:00+09:00,5483.27001953125,5483.27001953125,5483.27001953125,5483.27001953125,147293,0.0,0.0
2004-08-27 00:00:00+09:00,5483.27001953125,5483.27001953125,5483.27001953125,5483.27001953125,286388,0.0,0.0
2004-08-30 00:00:00+09:00,5466.603515625,5466.603515625,5466.603515625,5466.603515625,74184,0.0,0.0
2004-08-31 00:00:00+09:00,5466.603515625,5466.603515625,5466.603515625,5466.603515625,35407,0.0,0.0
2004-09-01 00:00:00+09:00,5533.26953125,5533.26953125,5533.26953125,5533.26953125,97396,0.0,0.0
2004-09-02 00:00:00+09:00,5633.26806640625,5633.26806640625,5633.26806640625,5633.26806640625,160774,0.0,0.0
2004-09-03 00:00:00+09:00,5633.26806640625,5633.26806640625,5633.26806640625,5633.26806640625,164577,0.0,0.0
2004-09-06 00:00:00+09:00,5749.93359375,5749.93359375,5749.93359375,5749.93359375,116443,0.0,0.0
2004-09-07 00:00:00+09:00,5949.93115234375,5949.93115234375,5949.93115234375,5949.93115234375,286989,0.0,0.0
2004-09-08 00:00:00+09:00,5933.2646484375,5933.2646484375,5933.2646484375,5933.2646484375,189321,0.0,0.0
2004-09-09 00:00:00+09:00,5933.2646484375,5933.2646484375,5933.2646484375,5933.2646484375,174342,0.0,0.0
2004-09-10 00:00:00+09:00,6383.259765625,6383.259765625,6383.259765625,6383.259765625,1784717,0.0,0.0
2004-09-13 00:00:00+09:00,6333.26025390625,6333.26025390625,6333.26025390625,6333.26025390625,373000,0.0,0.0
2004-09-14 00:00:00+09:00,6583.25732421875,6583.25732421875,6583.25732421875,6583.25732421875,341553,0.0,0.0
2004-09-15 00:00:00+09:00,6649.92333984375,6649.92333984375,6649.92333984375,6649.92333984375,179534,0.0,0.0
2004-09-16 00:00:00+09:00,6583.25732421875,6583.25732421875,6583.25732421875,6583.25732421875,645276,0.0,0.0
2004-09-17 00:00:00+09:00,6383.259765625,6383.259765625,6383.259765625,6383.259765625,542556,0.0,0.0
2004-09-20 00:00:00+09:00,6399.92626953125,6399.92626953125,6399.92626953125,6399.92626953125,308206,0.0,0.0
2004-09-21 00:00:00+09:00,6716.5888671875,6716.5888671875,6716.5888671875,6716.5888671875,410124,0.0,0.0
2004-09-22 00:00:00+09:00,6516.59130859375,6516.59130859375,6516.59130859375,6516.59130859375,1553250,0.0,0.0
2004-09-23 00:00:00+09:00,6599.923828125,6599.923828125,6599.923828125,6599.923828125,290204,0.0,0.0
2004-09-24 00:00:00+09:00,6816.587890625,6816.587890625,6816.587890625,6816.587890625,516690,0.0,0.0
2004-09-27 00:00:00+09:00,6816.587890625,6816.587890625,6816.587890625,6816.587890625,0,0.0,0.0
2004-09-28 00:00:00+09:00,6816.587890625,6816.587890625,6816.587890625,6816.587890625,0,0.0,0.0
2004-09-29 00:00:00+09:00,6816.587890625,6816.587890625,6816.587890625,6816.587890625,0,0.0,0.0
2004-09-30 00:00:00+09:00,6816.587890625,6816.587890625,6816.587890625,6816.587890625,440412,0.0,0.0
2004-10-01 00:00:00+09:00,5666.60986328125,5866.60791015625,5566.61083984375,5716.609375,491638,0.0,0.0
2004-10-04 00:00:00+09:00,5699.94287109375,5966.60693359375,5699.94287109375,5933.27392578125,266741,0.0,0.0
2004-10-05 00:00:00+09:00,5899.94091796875,6166.60498046875,5783.275390625,5899.94091796875,230783,0.0,0.0
2004-10-06 00:00:00+09:00,5916.607421875,6033.27294921875,5816.6083984375,5966.60693359375,155905,0.0,0.0
2004-10-07 00:00:00+09:00,6016.6064453125,6016.6064453125,5849.94140625,5899.94091796875,111988,0.0,0.0
2004-10-08 00:00:00+09:00,5833.27490234375,5899.94091796875,5766.60888671875,5766.60888671875,234050,0.0,0.0
2004-10-11 00:00:00+09:00,5699.94287109375,5933.27392578125,5699.94287109375,5883.2744140625,134458,0.0,0.0
2004-10-12 00:00:00+09:00,5899.94091796875,6049.939453125,5866.60791015625,5933.27392578125,222560,0.0,0.0
2004-10-13 00:00:00+09:00,5916.607421875,6016.6064453125,5883.2744140625,5883.2744140625,131284,0.0,0.0
2004-10-14 00:00:00+09:00,5966.60693359375,5966.60693359375,5866.60791015625,5916.607421875,52062,0.0,0.0
2004-10-15 00:00:00+09:00,5883.2744140625,5933.27392578125,5866.60791015625,5883.2744140625,66303,0.0,0.0
2004-10-18 00:00:00+09:00,5883.2744140625,6166.60498046875,5883.2744140625,6099.93896484375,249902,0.0,0.0
2004-10-19 00:00:00+09:00,6133.27197265625,6799.93212890625,6066.60595703125,6799.93212890625,440410,0.0,0.0
2004-10-20 00:00:00+09:00,6666.60009765625,6766.59912109375,6533.26806640625,6649.93359375,193654,0.0,0.0
2004-10-21 00:00:00+09:00,6666.60009765625,7149.9287109375,6616.6005859375,6799.93212890625,332649,0.0,0.0
2004-10-22 00:00:00+09:00,6816.5986328125,7066.59619140625,6549.9345703125,6666.60009765625,247034,0.0,0.0
2004-10-25 00:00:00+09:00,6566.60107421875,6566.60107421875,6349.9365234375,6499.93505859375,132964,0.0,0.0
2004-10-26 00:00:00+09:00,6333.27001953125,6483.2685546875,6066.60595703125,6483.2685546875,326103,0.0,0.0
2004-10-27 00:00:00+09:00,6366.60302734375,6966.59716796875,6266.60400390625,6933.26416015625,491647,0.0,0.0
2004-10-28 00:00:00+09:00,6966.59716796875,7033.26318359375,6799.93212890625,6999.93017578125,350238,0.0,0.0
2004-10-29 00:00:00+09:00,6999.93017578125,7066.59619140625,6699.93310546875,6699.93310546875,66255,0.0,0.0
2004-11-01 00:00:00+09:00,6766.59912109375,6799.93212890625,6549.9345703125,6599.93408203125,65433,0.0,0.0
2004-11-02 00:00:00+09:00,6666.60009765625,6699.93310546875,6449.935546875,6566.60107421875,49389,0.0,0.0
2004-11-03 00:00:00+09:00,6516.6015625,6633.26708984375,6433.26904296875,6533.26806640625,149662,0.0,0.0
2004-11-04 00:00:00+09:00,6533.26806640625,6816.5986328125,6466.60205078125,6733.26611328125,228518,0.0,0.0
2004-11-05 00:00:00+09:00,6733.26611328125,6733.26611328125,6399.93603515625,6599.93408203125,153019,0.0,0.0
2004-11-08 00:00:00+09:00,6499.93505859375,6749.9326171875,6466.60205078125,6683.2666015625,168952,0.0,0.0
2004-11-09 00:00:00+09:00,6566.60107421875,7266.59423828125,6566.60107421875,7033.26318359375,476770,0.0,0.0
2004-11-10 00:00:00+09:00,6999.93017578125,7166.59521484375,6833.26513671875,7066.59619140625,272858,0.0,0.0
2004-11-11 00:00:00+09:00,7066.59619140625,7499.9248046875,6999.93017578125,7333.259765625,141040,0.0,0.0
2004-11-12 00:00:00+09:00,7349.92626953125,7733.255859375,7133.26220703125,7233.26123046875,241664,0.0,0.0
2004-11-15 00:00:00+09:00,7266.59423828125,7433.2587890625,7133.26220703125,7333.259765625,111571,0.0,0.0
2004-11-16 00:00:00+09:00,7333.259765625,7349.92626953125,7099.92919921875,7116.595703125,91161,0.0,0.0
2004-11-17 00:00:00+09:00,7049.9296875,7199.92822265625,6999.93017578125,6999.93017578125,138592,0.0,0.0
2004-11-18 00:00:00+09:00,7149.9287109375,7649.92333984375,6983.263671875,7299.9267578125,323031,0.0,0.0
2004-11-19 00:00:00+09:00,7333.259765625,7499.9248046875,7183.26171875,7299.9267578125,130159,0.0,0.0
2004-11-22 00:00:00+09:00,7283.2607421875,7566.5908203125,7283.2607421875,7483.25830078125,96900,0.0,0.0
2004-11-23 00:00:00+09:00,7466.591796875,7699.9228515625,7349.92626953125,7383.25927734375,147133,0.0,0.0
2004-11-24 00:00:00+09:00,7249.927734375,7249.927734375,6499.93505859375,6499.93505859375,957594,0.0,0.0
2004-11-25 00:00:00+09:00,6183.271484375,6683.2666015625,6066.60595703125,6633.26708984375,795112,0.0,0.0
2004-11-26 00:00:00+09:00,6666.60009765625,6666.60009765625,6499.93505859375,6499.93505859375,161920,0.0,0.0
2004-11-29 00:00:00+09:00,6433.26904296875,6633.26708984375,6433.26904296875,6583.267578125,173380,0.0,0.0
2004-11-30 00:00:00+09:00,6649.93359375,6649.93359375,6499.93505859375,6583.267578125,84807,0.0,0.0
2004-12-01 00:00:00+09:00,6566.60107421875,6683.2666015625,6549.9345703125,6583.267578125,176440,0.0,0.0
2004-12-02 00:00:00+09:00,6583.267578125,6649.93359375,6466.60205078125,6499.93505859375,939609,0.0,0.0
2004-12-03 00:00:00+09:00,6633.26708984375,6699.93310546875,6499.93505859375,6499.93505859375,172798,0.0,0.0
2004-12-06 00:00:00+09:00,6516.6015625,6566.60107421875,6466.60205078125,6566.60107421875,101317,0.0,0.0
2004-12-07 00:00:00+09:00,6499.93505859375,6599.93408203125,6433.26904296875,6533.26806640625,101938,0.0,0.0
2004-12-08 00:00:00+09:00,6499.93505859375,6666.60009765625,6466.60205078125,6466.60205078125,2231461,0.0,0.0
2004-12-09 00:00:00+09:00,6466.60205078125,6583.267578125,6266.60400390625,6299.93701171875,160192,0.0,0.0
2004-12-10 00:00:00+09:00,6399.93603515625,6416.6025390625,5933.27392578125,5966.60693359375,170287,0.0,0.0
2004-12-13 00:00:00+09:00,5966.60693359375,6133.27197265625,5816.6083984375,5999.93994140625,1352080,0.0,0.0
2004-12-14 00:00:00+09:00,5999.93994140625,6049.939453125,5766.60888671875,5899.94091796875,224909,0.0,0.0
2004-12-15 00:00:00+09:00,5899.94091796875,6116.60546875,5899.94091796875,6066.60595703125,152557,0.0,0.0
2004-12-16 00:00:00+09:00,6049.939453125,6416.6025390625,6049.939453125,6399.93603515625,138868,0.0,0.0
2004-12-17 00:00:00+09:00,6499.93505859375,6666.60009765625,6349.9365234375,6649.93359375,219695,0.0,0.0
2004-12-20 00:00:00+09:00,6599.93408203125,6666.60009765625,6383.26953125,6566.60107421875,146260,0.0,0.0
2004-12-21 00:00:00+09:00,6566.60107421875,6566.60107421875,6166.60498046875,6366.60302734375,84339,0.0,0.0
2004-12-22 00:00:00+09:00,6283.2705078125,6333.27001953125,6066.60595703125,6066.60595703125,122035,0.0,0.0
2004-12-23 00:00:00+09:00,6249.9375,6266.60400390625,6149.9384765625,6166.60498046875,210305,0.0,0.0
2004-12-24 00:00:00+09:00,6049.939453125,6249.9375,6049.939453125,6233.27099609375,105403,0.0,0.0
2004-12-27 00:00:00+09:00,6199.93798828125,6316.603515625,6033.27294921875,6199.93798828125,123598,0.0,0.0
2004-12-28 00:00:00+09:00,6183.271484375,6199.93798828125,6049.939453125,6116.60546875,79674,0.0,0.0
2004-12-29 00:00:00+09:00,5999.93994140625,6116.60546875,5999.93994140625,6066.60595703125,129313,0.0,0.0
2004-12-30 00:00:00+09:00,6016.6064453125,6783.265625,6016.6064453125,6783.265625,170902,0.0,0.0
2005-01-03 00:00:00+09:00,6549.9345703125,6783.265625,6366.60302734375,6499.93505859375,559619,0.0,0.0
2005-01-04 00:00:00+09:00,6599.93408203125,6599.93408203125,6349.9365234375,6399.93603515625,100705,0.0,0.0
2005-01-05 00:00:00+09:00,6499.93505859375,6533.26806640625,6299.93701171875,6499.93505859375,131263,0.0,0.0
2005-01-06 00:00:00+09:00,6399.93603515625,6499.93505859375,6299.93701171875,6299.93701171875,114109,0.0,0.0
2005-01-07 00:00:00+09:00,6333.27001953125,6433.26904296875,6266.60400390625,6299.93701171875,120556,0.0,0.0
2005-01-10 00:00:00+09:00,6466.60205078125,6466.60205078125,6299.93701171875,6299.93701171875,60789,0.0,0.0
2005-01-11 00:00:00+09:00,6366.60302734375,6483.2685546875,6316.603515625,6433.26904296875,74169,0.0,0.0
2005-01-12 00:00:00+09:00,6433.26904296875,6483.2685546875,6349.9365234375,6399.93603515625,84948,0.0,0.0
2005-01-13 00:00:00+09:00,6433.26904296875,6583.267578125,6433.26904296875,6583.267578125,127183,0.0,0.0
2005-01-14 00:00:00+09:00,6499.93505859375,6533.26806640625,6333.27001953125,6383.26953125,119251,0.0,0.0
2005-01-17 00:00:00+09:00,6416.6025390625,6466.60205078125,6183.271484375,6266.60400390625,162124,0.0,0.0
2005-01-18 00:00:00+09:00,6333.27001953125,6366.60302734375,6233.27099609375,6299.93701171875,116455,0.0,0.0
2005-01-19 00:00:00+09:00,6249.9375,6366.60302734375,6199.93798828125,6349.9365234375,173644,0.0,0.0
2005-01-20 00:00:00+09:00,6299.93701171875,6383.26953125,6233.27099609375,6366.60302734375,121423,0.0,0.0
2005-01-21 00:00:00+09:00,6266.60400390625,6416.6025390625,6266.60400390625,6383.26953125,98730,0.0,0.0
2005-01-24 00:00:00+09:00,6399.93603515625,6433.26904296875,6299.93701171875,6333.27001953125,111157,0.0,0.0
2005-01-25 00:00:00+09:00,6333.27001953125,6433.26904296875,6233.27099609375,6333.27001953125,116947,0.0,0.0
2005-01-26 00:00:00+09:00,6333.27001953125,6549.9345703125,6266.60400390625,6333.27001953125,227951,0.0,0.0
2005-01-27 00:00:00+09:00,6433.26904296875,7083.2626953125,6366.60302734375,7083.2626953125,636363,0.0,0.0
2005-01-28 00:00:00+09:00,6999.93017578125,7183.26171875,6783.265625,7099.92919921875,170722,0.0,0.0
2005-01-31 00:00:00+09:00,6999.93017578125,7066.59619140625,6799.93212890625,7033.26318359375,184009,0.0,0.0
2005-02-01 00:00:00+09:00,7033.26318359375,7033.26318359375,6499.93505859375,6633.26708984375,177766,0.0,0.0
2005-02-02 00:00:00+09:00,6549.9345703125,6549.9345703125,6383.26953125,6383.26953125,118681,0.0,0.0
2005-02-03 00:00:00+09:00,6383.26953125,6533.26806640625,6299.93701171875,6416.6025390625,142813,0.0,0.0
2005-02-04 00:00:00+09:00,6416.6025390625,6433.26904296875,6266.60400390625,6299.93701171875,203099,0.0,0.0
2005-02-07 00:00:00+09:00,6299.93701171875,6516.6015625,6299.93701171875,6449.935546875,0,0.0,0.0
2005-02-11 00:00:00+09:00,6383.26953125,6733.26611328125,6383.26953125,6733.26611328125,85023,0.0,0.0
2005-02-14 00:00:00+09:00,6666.60009765625,6833.26513671875,6499.93505859375,6816.5986328125,169096,0.0,0.0
2005-02-15 00:00:00+09:00,6999.93017578125,6999.93017578125,6666.60009765625,6699.93310546875,174895,0.0,0.0
2005-02-16 00:00:00+09:00,6699.93310546875,6699.93310546875,6449.935546875,6566.60107421875,178207,0.0,0.0
2005-02-17 00:00:00+09:00,6533.26806640625,6566.60107421875,6399.93603515625,6549.9345703125,109753,0.0,0.0
2005-02-18 00:00:00+09:00,6549.9345703125,6549.9345703125,6399.93603515625,6483.2685546875,156163,0.0,0.0
2005-02-21 00:00:00+09:00,6433.26904296875,6533.26806640625,6399.93603515625,6433.26904296875,111667,0.0,0.0
2005-02-22 00:00:00+09:00,6533.26806640625,6749.9326171875,6533.26806640625,6683.2666015625,257216,0.0,0.0
2005-02-23 00:00:00+09:00,6866.59814453125,7149.9287109375,6433.26904296875,6549.9345703125,356280,0.0,0.0
2005-02-24 00:00:00+09:00,6666.60009765625,6666.60009765625,6466.60205078125,6566.60107421875,187123,0.0,0.0
2005-02-25 00:00:00+09:00,6483.2685546875,6649.93359375,6466.60205078125,6466.60205078125,127933,0.0,0.0
2005-02-28 00:00:00+09:00,6549.9345703125,6833.26513671875,6549.9345703125,6766.59912109375,194491,0.0,0.0
2005-03-02 00:00:00+09:00,6766.59912109375,6883.2646484375,6649.93359375,6666.60009765625,114340,0.0,0.0
2005-03-03 00:00:00+09:00,6666.60009765625,6849.931640625,6666.60009765625,6799.93212890625,79785,0.0,0.0
2005-03-04 00:00:00+09:00,6899.93115234375,7233.26123046875,6866.59814453125,6949.9306640625,165934,0.0,0.0
2005-03-07 00:00:00+09:00,6999.93017578125,7199.92822265625,6949.9306640625,7133.26220703125,148231,0.0,0.0
2005-03-08 00:00:00+09:00,7316.59326171875,7316.59326171875,6983.263671875,6999.93017578125,168706,0.0,0.0
2005-03-09 00:00:00+09:00,6833.26513671875,7233.26123046875,6783.265625,7233.26123046875,137449,0.0,0.0
2005-03-10 00:00:00+09:00,7033.26318359375,7599.923828125,7033.26318359375,7533.2578125,250127,0.0,0.0
2005-03-11 00:00:00+09:00,7433.2587890625,7599.923828125,7283.2607421875,7566.5908203125,160984,0.0,0.0
2005-03-14 00:00:00+09:00,7433.2587890625,7499.9248046875,6899.93115234375,6983.263671875,225773,0.0,0.0
2005-03-15 00:00:00+09:00,6999.93017578125,7016.5966796875,6616.6005859375,6666.60009765625,218510,0.0,0.0
2005-03-16 00:00:00+09:00,6666.60009765625,6766.59912109375,6533.26806640625,6666.60009765625,107956,0.0,0.0
2005-03-17 00:00:00+09:00,6566.60107421875,6733.26611328125,6533.26806640625,6733.26611328125,115672,0.0,0.0
2005-03-18 00:00:00+09:00,6666.60009765625,6966.59716796875,6583.267578125,6666.60009765625,137836,0.0,0.0
2005-03-21 00:00:00+09:00,6649.93359375,6649.93359375,6499.93505859375,6499.93505859375,90378,0.0,0.0
2005-03-22 00:00:00+09:00,6499.93505859375,6583.267578125,6266.60400390625,6483.2685546875,146014,0.0,0.0
2005-03-23 00:00:00+09:00,6366.60302734375,6483.2685546875,6316.603515625,6483.2685546875,151201,0.0,0.0
2005-03-24 00:00:00+09:00,6416.6025390625,6466.60205078125,6216.6044921875,6216.6044921875,55695,0.0,0.0
2005-03-25 00:00:00+09:00,6083.2724609375,6399.93603515625,6083.2724609375,6399.93603515625,49674,0.0,0.0
2005-03-28 00:00:00+09:00,6399.93603515625,6549.9345703125,6333.27001953125,6333.27001953125,80193,0.0,0.0
2005-03-29 00:00:00+09:00,6383.26953125,6383.26953125,6233.27099609375,6366.60302734375,70077,0.0,0.0
2005-03-30 00:00:00+09:00,6399.93603515625,6583.267578125,6366.60302734375,6549.9345703125,123397,0.0,0.0
2005-03-31 00:00:00+09:00,6549.9345703125,6549.9345703125,6449.935546875,6483.2685546875,70476,0.0,0.0
2005-04-01 00:00:00+09:00,6549.9345703125,6599.93408203125,6483.2685546875,6533.26806640625,37848,0.0,0.0
2005-04-04 00:00:00+09:00,6616.6005859375,6699.93310546875,6499.93505859375,6649.93359375,114592,0.0,0.0
2005-04-06 00:00:00+09:00,6566.60107421875,6699.93310546875,6566.60107421875,6699.93310546875,45396,0.0,0.0
2005-04-07 00:00:00+09:00,6749.9326171875,6816.5986328125,6666.60009765625,6816.5986328125,36342,0.0,0.0
2005-04-08 00:00:00+09:00,6733.26611328125,6799.93212890625,6616.6005859375,6666.60009765625,94143,0.0,0.0
2005-04-11 00:00:00+09:00,6666.60009765625,6833.26513671875,6433.26904296875,6833.26513671875,38622,0.0,0.0
2005-04-12 00:00:00+09:00,6616.6005859375,6849.931640625,6616.6005859375,6733.26611328125,97953,0.0,0.0
2005-04-13 00:00:00+09:00,6733.26611328125,6783.265625,6549.9345703125,6733.26611328125,84489,0.0,0.0
2005-04-14 00:00:00+09:00,6583.267578125,6716.599609375,6499.93505859375,6666.60009765625,73098,0.0,0.0
2005-04-15 00:00:00+09:00,6533.26806640625,6649.93359375,6433.26904296875,6633.26708984375,77604,0.0,0.0
2005-04-18 00:00:00+09:00,6449.935546875,6499.93505859375,5916.607421875,6483.2685546875,184102,0.0,0.0
2005-04-19 00:00:00+09:00,6333.27001953125,6383.26953125,6166.60498046875,6233.27099609375,106231,0.0,0.0
2005-04-20 00:00:00+09:00,6233.27099609375,6333.27001953125,6233.27099609375,6316.603515625,79191,0.0,0.0
2005-04-21 00:00:00+09:00,6183.271484375,6266.60400390625,6116.60546875,6233.27099609375,166144,0.0,0.0
2005-04-22 00:00:00+09:00,6233.27099609375,6299.93701171875,6166.60498046875,6233.27099609375,35571,0.0,0.0
2005-04-25 00:00:00+09:00,6166.60498046875,6199.93798828125,5933.27392578125,5933.27392578125,370476,0.0,0.0
2005-04-26 00:00:00+09:00,6033.27294921875,6066.60595703125,5899.94091796875,5999.93994140625,219905,0.0,0.0
2005-04-27 00:00:00+09:00,5849.94140625,6016.6064453125,5849.94140625,5999.93994140625,150964,0.0,0.0
2005-04-28 00:00:00+09:00,5883.2744140625,5983.2734375,5849.94140625,5883.2744140625,79911,0.0,0.0
2005-04-29 00:00:00+09:00,5883.2744140625,5966.60693359375,5749.9423828125,5966.60693359375,61335,0.0,0.0
2005-05-02 00:00:00+09:00,5916.607421875,6066.60595703125,5916.607421875,6049.939453125,26973,0.0,0.0
2005-05-03 00:00:00+09:00,6099.93896484375,6099.93896484375,5699.94287109375,5716.609375,130933,0.0,0.0
2005-05-04 00:00:00+09:00,5683.2763671875,5766.60888671875,5666.60986328125,5766.60888671875,58815,0.0,0.0
2005-05-06 00:00:00+09:00,5816.6083984375,5916.607421875,5749.9423828125,5866.60791015625,51903,0.0,0.0
2005-05-09 00:00:00+09:00,5766.60888671875,5899.94091796875,5216.6142578125,5366.61279296875,156829,0.0,0.0
2005-05-10 00:00:00+09:00,5249.947265625,5349.9462890625,4566.62109375,4566.62109375,468616,0.0,0.0
2005-05-11 00:00:00+09:00,4649.95361328125,4649.95361328125,4233.291015625,4416.62255859375,738307,0.0,0.0
2005-05-12 00:00:00+09:00,4516.62158203125,4533.2880859375,4316.62353515625,4416.62255859375,707410,0.0,0.0
2005-05-13 00:00:00+09:00,4383.28955078125,4633.287109375,4333.2900390625,4633.287109375,344493,0.0,0.0
2005-05-16 00:00:00+09:00,4716.61962890625,5149.94873046875,4533.2880859375,5049.94970703125,386781,0.0,0.0
2005-05-17 00:00:00+09:00,5033.283203125,5116.61572265625,4783.28564453125,4816.61865234375,182398,0.0,0.0
2005-05-18 00:00:00+09:00,4833.28515625,4933.2841796875,4733.2861328125,4816.61865234375,85218,0.0,0.0
2005-05-19 00:00:00+09:00,4833.28515625,5066.6162109375,4683.28662109375,4999.9501953125,179167,0.0,0.0
2005-05-20 00:00:00+09:00,5016.61669921875,5016.61669921875,4783.28564453125,4833.28515625,55773,0.0,0.0
2005-05-23 00:00:00+09:00,4833.28515625,4916.61767578125,4733.2861328125,4816.61865234375,44538,0.0,0.0
2005-05-24 00:00:00+09:00,4816.61865234375,4999.9501953125,4816.61865234375,4966.6171875,77250,0.0,0.0
2005-05-25 00:00:00+09:00,4933.2841796875,4983.28369140625,4866.6181640625,4949.95068359375,42762,0.0,0.0
2005-05-26 00:00:00+09:00,4983.28369140625,4983.28369140625,4833.28515625,4833.28515625,18393,0.0,0.0
2005-05-27 00:00:00+09:00,4833.28515625,4933.2841796875,4833.28515625,4866.6181640625,16812,0.0,0.0
2005-05-30 00:00:00+09:00,4866.6181640625,4866.6181640625,4683.28662109375,4716.61962890625,63372,0.0,0.0
2005-05-31 00:00:00+09:00,4683.28662109375,4783.28564453125,4683.28662109375,4766.619140625,35760,0.0,0.0
2005-06-01 00:00:00+09:00,4683.28662109375,4783.28564453125,4683.28662109375,4683.28662109375,101011,0.0,0.0
2005-06-02 00:00:00+09:00,4699.953125,4799.9521484375,4683.28662109375,4716.61962890625,84009,0.0,0.0
2005-06-03 00:00:00+09:00,4733.2861328125,4766.619140625,4633.287109375,4683.28662109375,144355,0.0,0.0
2005-06-07 00:00:00+09:00,4683.28662109375,4799.9521484375,4599.9541015625,4783.28564453125,167158,0.0,0.0
2005-06-08 00:00:00+09:00,4799.9521484375,4949.95068359375,4783.28564453125,4933.2841796875,522434,0.0,0.0
2005-06-09 00:00:00+09:00,4966.6171875,5283.2802734375,4966.6171875,5116.61572265625,225518,0.0,0.0
2005-06-10 00:00:00+09:00,5133.2822265625,5366.61279296875,5083.28271484375,5283.2802734375,136777,0.0,0.0
2005-06-13 00:00:00+09:00,5283.2802734375,5466.61181640625,5166.615234375,5366.61279296875,109780,0.0,0.0
2005-06-14 00:00:00+09:00,5299.94677734375,5549.9443359375,5299.94677734375,5333.27978515625,46965,0.0,0.0
2005-06-15 00:00:00+09:00,5366.61279296875,5449.9453125,5283.2802734375,5383.279296875,49794,0.0,0.0
2005-06-16 00:00:00+09:00,5466.61181640625,5466.61181640625,5183.28173828125,5199.9482421875,58611,0.0,0.0
2005-06-17 00:00:00+09:00,5183.28173828125,5299.94677734375,5133.2822265625,5133.2822265625,27453,0.0,0.0
2005-06-20 00:00:00+09:00,5266.61376953125,5299.94677734375,5233.28076171875,5233.28076171875,18966,0.0,0.0
2005-06-21 00:00:00+09:00,5333.27978515625,5333.27978515625,5216.6142578125,5233.28076171875,21903,0.0,0.0
2005-06-22 00:00:00+09:00,5316.61328125,5316.61328125,5166.615234375,5316.61328125,29205,0.0,0.0
2005-06-23 00:00:00+09:00,5399.94580078125,5449.9453125,5299.94677734375,5349.9462890625,49395,0.0,0.0
2005-06-24 00:00:00+09:00,5349.9462890625,5549.9443359375,5233.28076171875,5549.9443359375,63975,0.0,0.0
2005-06-27 00:00:00+09:00,5549.9443359375,5733.27587890625,5433.27880859375,5699.94287109375,64392,0.0,0.0
2005-06-28 00:00:00+09:00,5649.943359375,6033.27294921875,5649.943359375,5966.60693359375,150274,0.0,0.0
2005-06-29 00:00:00+09:00,5949.9404296875,6033.27294921875,5683.2763671875,5949.9404296875,62448,0.0,0.0
2005-06-30 00:00:00+09:00,5899.94091796875,6033.27294921875,5833.27490234375,5983.2734375,29907,0.0,0.0
2005-07-01 00:00:00+09:00,5866.60791015625,6033.27294921875,5666.60986328125,5833.27490234375,124924,0.0,0.0
2005-07-04 00:00:00+09:00,5766.60888671875,5799.94189453125,5633.27685546875,5699.94287109375,27165,0.0,0.0
2005-07-05 00:00:00+09:00,5666.60986328125,5783.275390625,5616.6103515625,5733.27587890625,20535,0.0,0.0
2005-07-06 00:00:00+09:00,5849.94140625,5849.94140625,5616.6103515625,5683.2763671875,29976,0.0,0.0
2005-07-07 00:00:00+09:00,5683.2763671875,5766.60888671875,5233.28076171875,5516.611328125,131581,0.0,0.0
2005-07-08 00:00:00+09:00,5549.9443359375,5549.9443359375,5266.61376953125,5316.61328125,90258,0.0,0.0
2005-07-11 00:00:00+09:00,5349.9462890625,5466.61181640625,5183.28173828125,5183.28173828125,87495,0.0,0.0
2005-07-12 00:00:00+09:00,5249.947265625,5249.947265625,5133.2822265625,5149.94873046875,32760,0.0,0.0
2005-07-13 00:00:00+09:00,5183.28173828125,5233.28076171875,5099.94921875,5116.61572265625,50142,0.0,0.0
2005-07-14 00:00:00+09:00,5099.94921875,5233.28076171875,5033.283203125,5066.6162109375,90561,0.0,0.0
2005-07-15 00:00:00+09:00,5083.28271484375,5216.6142578125,5016.61669921875,5099.94921875,117499,0.0,0.0
2005-07-18 00:00:00+09:00,5166.615234375,5166.615234375,5066.6162109375,5083.28271484375,60642,0.0,0.0
2005-07-19 00:00:00+09:00,5083.28271484375,5099.94921875,4933.2841796875,4966.6171875,76863,0.0,0.0
2005-07-20 00:00:00+09:00,4983.28369140625,5116.61572265625,4949.95068359375,5099.94921875,61980,0.0,0.0
2005-07-21 00:00:00+09:00,5033.283203125,5199.9482421875,4933.2841796875,4933.2841796875,127504,0.0,0.0
2005-07-22 00:00:00+09:00,4866.6181640625,4883.28466796875,4583.28759765625,4599.9541015625,199423,0.0,0.0
2005-07-25 00:00:00+09:00,4733.2861328125,4916.61767578125,4699.953125,4766.619140625,471040,0.0,0.0
2005-07-26 00:00:00+09:00,4716.61962890625,4933.2841796875,4716.61962890625,4933.2841796875,239408,0.0,0.0
2005-07-27 00:00:00+09:00,5399.94580078125,5666.60986328125,5266.61376953125,5533.27783203125,1063519,0.0,0.0
2005-07-28 00:00:00+09:00,5533.27783203125,5683.2763671875,5216.6142578125,5266.61376953125,222230,0.0,0.0
2005-07-29 00:00:00+09:00,5366.61279296875,5449.9453125,5233.28076171875,5283.2802734375,162025,0.0,0.0
2005-08-01 00:00:00+09:00,5299.94677734375,5299.94677734375,4966.6171875,5099.94921875,101842,0.0,0.0
2005-08-02 00:00:00+09:00,5049.94970703125,5199.9482421875,4999.9501953125,5066.6162109375,173893,0.0,0.0
2005-08-03 00:00:00+09:00,5166.615234375,5533.27783203125,5099.94921875,5516.611328125,312696,0.0,0.0
2005-08-04 00:00:00+09:00,5466.61181640625,5549.9443359375,5183.28173828125,5333.27978515625,177715,0.0,0.0
2005-08-05 00:00:00+09:00,5233.28076171875,5333.27978515625,5049.94970703125,5099.94921875,64224,0.0,0.0
2005-08-08 00:00:00+09:00,5066.6162109375,5099.94921875,4999.9501953125,5033.283203125,44559,0.0,0.0
2005-08-09 00:00:00+09:00,4983.28369140625,5099.94921875,4966.6171875,5049.94970703125,161209,0.0,0.0
2005-08-10 00:00:00+09:00,5149.94873046875,5266.61376953125,5016.61669921875,5033.283203125,117505,0.0,0.0
2005-08-11 00:00:00+09:00,5033.283203125,5266.61376953125,4999.9501953125,5166.615234375,159634,0.0,0.0
2005-08-12 00:00:00+09:00,5149.94873046875,5249.947265625,4983.28369140625,4983.28369140625,136666,0.0,0.0
2005-08-16 00:00:00+09:00,4999.9501953125,5049.94970703125,4849.95166015625,4933.2841796875,60801,0.0,0.0
2005-08-17 00:00:00+09:00,4849.95166015625,4983.28369140625,4766.619140625,4783.28564453125,100753,0.0,0.0
2005-08-18 00:00:00+09:00,4799.9521484375,5016.61669921875,4749.95263671875,4783.28564453125,115645,0.0,0.0
2005-08-19 00:00:00+09:00,4699.953125,4766.619140625,4633.287109375,4749.95263671875,156586,0.0,0.0
2005-08-22 00:00:00+09:00,4666.6201171875,4799.9521484375,4666.6201171875,4699.953125,90051,0.0,0.0
2005-08-23 00:00:00+09:00,4716.61962890625,4766.619140625,4699.953125,4733.2861328125,52350,0.0,0.0
2005-08-24 00:00:00+09:00,4699.953125,4799.9521484375,4699.953125,4716.61962890625,256502,0.0,0.0
2005-08-25 00:00:00+09:00,4666.6201171875,4716.61962890625,4333.2900390625,4516.62158203125,416560,0.0,0.0
2005-08-26 00:00:00+09:00,4516.62158203125,4533.2880859375,4349.95654296875,4349.95654296875,372471,0.0,0.0
2005-08-29 00:00:00+09:00,4366.623046875,4449.95556640625,4199.9580078125,4333.2900390625,148864,0.0,0.0
2005-08-30 00:00:00+09:00,4266.6240234375,4399.9560546875,4133.2919921875,4183.29150390625,199000,0.0,0.0
2005-08-31 00:00:00+09:00,4099.958984375,4366.623046875,4049.95947265625,4366.623046875,305325,0.0,0.0
2005-09-01 00:00:00+09:00,4316.62353515625,4499.955078125,4199.9580078125,4299.95703125,483505,0.0,0.0
2005-09-02 00:00:00+09:00,4366.623046875,4783.28564453125,4299.95703125,4766.619140625,631092,0.0,0.0
2005-09-05 00:00:00+09:00,4766.619140625,4766.619140625,4599.9541015625,4749.95263671875,111064,0.0,0.0
2005-09-06 00:00:00+09:00,4749.95263671875,4749.95263671875,4533.2880859375,4666.6201171875,150106,0.0,0.0
2005-09-07 00:00:00+09:00,4666.6201171875,4683.28662109375,4549.95458984375,4583.28759765625,170839,0.0,0.0
2005-09-08 00:00:00+09:00,4599.9541015625,4649.95361328125,4333.2900390625,4349.95654296875,315300,0.0,0.0
2005-09-09 00:00:00+09:00,4349.95654296875,4466.6220703125,4349.95654296875,4349.95654296875,123307,0.0,0.0
2005-09-12 00:00:00+09:00,4349.95654296875,4433.2890625,4266.6240234375,4266.6240234375,179035,0.0,0.0
2005-09-13 00:00:00+09:00,4233.291015625,4316.62353515625,4099.958984375,4116.62548828125,472261,0.0,0.0
2005-09-14 00:00:00+09:00,4283.29052734375,4283.29052734375,4116.62548828125,4133.2919921875,377910,0.0,0.0
2005-09-15 00:00:00+09:00,4133.2919921875,4499.955078125,4133.2919921875,4466.6220703125,421597,0.0,0.0
2005-09-16 00:00:00+09:00,4349.95654296875,4649.95361328125,4349.95654296875,4599.9541015625,174946,0.0,0.0
2005-09-20 00:00:00+09:00,4499.955078125,4783.28564453125,4383.28955078125,4766.619140625,434848,0.0,0.0
2005-09-21 00:00:00+09:00,4716.61962890625,4716.61962890625,4566.62109375,4566.62109375,88470,0.0,0.0
2005-09-22 00:00:00+09:00,4499.955078125,4599.9541015625,4433.2890625,4499.955078125,179197,0.0,0.0
2005-09-23 00:00:00+09:00,4483.28857421875,4499.955078125,4316.62353515625,4316.62353515625,153418,0.0,0.0
2005-09-26 00:00:00+09:00,4333.2900390625,4499.955078125,4333.2900390625,4466.6220703125,181885,0.0,0.0
2005-09-27 00:00:00+09:00,4349.95654296875,4566.62109375,4349.95654296875,4449.95556640625,297548,0.0,0.0
2005-09-28 00:00:00+09:00,4499.955078125,4499.955078125,4416.62255859375,4499.955078125,96399,0.0,0.0
2005-09-29 00:00:00+09:00,4466.6220703125,4583.28759765625,4466.6220703125,4499.955078125,195358,0.0,0.0
2005-09-30 00:00:00+09:00,4566.62109375,4716.61962890625,4533.2880859375,4633.287109375,204368,0.0,0.0
2005-10-04 00:00:00+09:00,4633.287109375,4749.95263671875,4533.2880859375,4533.2880859375,102646,0.0,0.0
2005-10-05 00:00:00+09:00,4533.2880859375,4666.6201171875,4533.2880859375,4649.95361328125,88833,0.0,0.0
2005-10-06 00:00:00+09:00,4649.95361328125,4666.6201171875,4549.95458984375,4566.62109375,105901,0.0,0.0
2005-10-07 00:00:00+09:00,4566.62109375,4683.28662109375,4549.95458984375,4583.28759765625,50304,0.0,0.0
2005-10-10 00:00:00+09:00,4616.62060546875,4799.9521484375,4599.9541015625,4733.2861328125,179461,0.0,0.0
2005-10-11 00:00:00+09:00,4666.6201171875,5416.6123046875,4666.6201171875,4983.28369140625,598976,0.0,0.0
2005-10-12 00:00:00+09:00,4899.951171875,4916.61767578125,4666.6201171875,4749.95263671875,273647,0.0,0.0
2005-10-13 00:00:00+09:00,4749.95263671875,4966.6171875,4749.95263671875,4966.6171875,222530,0.0,0.0
2005-10-14 00:00:00+09:00,4966.6171875,5183.28173828125,4933.2841796875,4983.28369140625,312324,0.0,0.0
2005-10-17 00:00:00+09:00,4933.2841796875,5066.6162109375,4616.62060546875,4699.953125,106378,0.0,0.0
2005-10-18 00:00:00+09:00,4683.28662109375,4749.95263671875,4399.9560546875,4399.9560546875,454570,0.0,0.0
2005-10-19 00:00:00+09:00,4399.9560546875,4399.9560546875,4183.29150390625,4183.29150390625,416473,0.0,0.0
2005-10-20 00:00:00+09:00,4216.62451171875,4233.291015625,3999.9599609375,4116.62548828125,523175,0.0,0.0
2005-10-21 00:00:00+09:00,3999.9599609375,4466.6220703125,3999.9599609375,4466.6220703125,287045,0.0,0.0
2005-10-24 00:00:00+09:00,4383.28955078125,4499.955078125,4283.29052734375,4383.28955078125,172942,0.0,0.0
2005-10-25 00:00:00+09:00,4433.2890625,4483.28857421875,4299.95703125,4399.9560546875,221051,0.0,0.0
2005-10-26 00:00:00+09:00,4433.2890625,4433.2890625,4316.62353515625,4333.2900390625,121372,0.0,0.0
2005-10-27 00:00:00+09:00,4316.62353515625,4399.9560546875,4283.29052734375,4333.2900390625,133471,0.0,0.0
2005-10-28 00:00:00+09:00,4249.95751953125,4366.623046875,4249.95751953125,4349.95654296875,146374,0.0,0.0
2005-10-31 00:00:00+09:00,4383.28955078125,4783.28564453125,4299.95703125,4666.6201171875,292031,0.0,0.0
2005-11-01 00:00:00+09:00,4666.6201171875,4666.6201171875,4416.62255859375,4633.287109375,305568,0.0,0.0
2005-11-02 00:00:00+09:00,4166.625,4449.95556640625,4099.958984375,4333.2900390625,511070,0.0,0.0
2005-11-03 00:00:00+09:00,4266.6240234375,4349.95654296875,4266.6240234375,4333.2900390625,181876,0.0,0.0
2005-11-04 00:00:00+09:00,4349.95654296875,4383.28955078125,4333.2900390625,4349.95654296875,294512,0.0,0.0
2005-11-07 00:00:00+09:00,4349.95654296875,4449.95556640625,4333.2900390625,4399.9560546875,550067,0.0,0.0
2005-11-08 00:00:00+09:00,4433.2890625,4449.95556640625,4333.2900390625,4333.2900390625,340227,0.0,0.0
2005-11-09 00:00:00+09:00,4333.2900390625,4399.9560546875,4333.2900390625,4366.623046875,90747,0.0,0.0
2005-11-10 00:00:00+09:00,4349.95654296875,4383.28955078125,4283.29052734375,4333.2900390625,259034,0.0,0.0
2005-11-11 00:00:00+09:00,4299.95703125,4666.6201171875,4283.29052734375,4666.6201171875,223469,0.0,0.0
2005-11-14 00:00:00+09:00,4649.95361328125,4666.6201171875,4433.2890625,4433.2890625,206885,0.0,0.0
2005-11-15 00:00:00+09:00,4499.955078125,4683.28662109375,4166.625,4183.29150390625,677052,0.0,0.0
2005-11-16 00:00:00+09:00,4183.29150390625,4349.95654296875,4183.29150390625,4299.95703125,193792,0.0,0.0
2005-11-17 00:00:00+09:00,4333.2900390625,4416.62255859375,4333.2900390625,4349.95654296875,463954,0.0,0.0
2005-11-18 00:00:00+09:00,4366.623046875,4533.2880859375,4366.623046875,4516.62158203125,165550,0.0,0.0
2005-11-21 00:00:00+09:00,4449.95556640625,4549.95458984375,4349.95654296875,4483.28857421875,160069,0.0,0.0
2005-11-22 00:00:00+09:00,4499.955078125,4566.62109375,4349.95654296875,4499.955078125,387720,0.0,0.0
2005-11-23 00:00:00+09:00,4499.955078125,4516.62158203125,4399.9560546875,4483.28857421875,240440,0.0,0.0
2005-11-24 00:00:00+09:00,4433.2890625,5016.61669921875,4433.2890625,4949.95068359375,1522488,0.0,0.0
2005-11-25 00:00:00+09:00,4933.2841796875,4933.2841796875,4433.2890625,4516.62158203125,1215744,0.0,0.0
2005-11-28 00:00:00+09:00,4583.28759765625,4616.62060546875,4433.2890625,4433.2890625,442702,0.0,0.0
2005-11-29 00:00:00+09:00,4366.623046875,4466.6220703125,4283.29052734375,4366.623046875,464926,0.0,0.0
2005-11-30 00:00:00+09:00,4366.623046875,4583.28759765625,4349.95654296875,4533.2880859375,645888,0.0,0.0
2005-12-01 00:00:00+09:00,4666.6201171875,4716.61962890625,4499.955078125,4716.61962890625,638295,0.0,0.0
2005-12-02 00:00:00+09:00,4733.2861328125,4816.61865234375,4616.62060546875,4616.62060546875,448825,0.0,0.0
2005-12-05 00:00:00+09:00,4716.61962890625,4999.9501953125,4666.6201171875,4933.2841796875,721252,0.0,0.0
2005-12-06 00:00:00+09:00,4933.2841796875,5116.61572265625,4899.951171875,4983.28369140625,531488,0.0,0.0
2005-12-07 00:00:00+09:00,4983.28369140625,4999.9501953125,4666.6201171875,4816.61865234375,263432,0.0,0.0
2005-12-08 00:00:00+09:00,4716.61962890625,4916.61767578125,4649.95361328125,4733.2861328125,218966,0.0,0.0
2005-12-09 00:00:00+09:00,4716.61962890625,5149.94873046875,4716.61962890625,4949.95068359375,440035,0.0,0.0
2005-12-12 00:00:00+09:00,4949.95068359375,5199.9482421875,4949.95068359375,5099.94921875,448534,0.0,0.0
2005-12-13 00:00:00+09:00,5099.94921875,5133.2822265625,4949.95068359375,5133.2822265625,283052,0.0,0.0
2005-12-14 00:00:00+09:00,5083.28271484375,5149.94873046875,5033.283203125,5099.94921875,147025,0.0,0.0
2005-12-15 00:00:00+09:00,4999.9501953125,4999.9501953125,4783.28564453125,4899.951171875,443230,0.0,0.0
2005-12-16 00:00:00+09:00,4916.61767578125,4916.61767578125,4666.6201171875,4733.2861328125,183520,0.0,0.0
2005-12-19 00:00:00+09:00,4666.6201171875,4949.95068359375,4666.6201171875,4933.2841796875,611004,0.0,0.0
2005-12-20 00:00:00+09:00,4833.28515625,4933.2841796875,4733.2861328125,4799.9521484375,225371,0.0,0.0
2005-12-21 00:00:00+09:00,4749.95263671875,4783.28564453125,4666.6201171875,4683.28662109375,263939,0.0,0.0
2005-12-22 00:00:00+09:00,4699.953125,4699.953125,4383.28955078125,4416.62255859375,374121,0.0,0.0
2005-12-23 00:00:00+09:00,4349.95654296875,4499.955078125,4349.95654296875,4416.62255859375,151291,0.0,0.0
2005-12-26 00:00:00+09:00,4483.28857421875,4499.955078125,4383.28955078125,4466.6220703125,246110,0.0,0.0
2005-12-27 00:00:00+09:00,4399.9560546875,4483.28857421875,4366.623046875,4383.28955078125,144139,0.0,0.0
2005-12-28 00:00:00+09:00,4366.623046875,4416.62255859375,4333.2900390625,4333.2900390625,117601,0.0,0.0
2005-12-29 00:00:00+09:00,4366.623046875,4499.955078125,4349.95654296875,4499.955078125,104698,0.0,0.0
2006-01-02 00:00:00+09:00,4466.6220703125,4466.6220703125,4399.9560546875,4466.6220703125,51294,0.0,0.0
2006-01-03 00:00:00+09:00,4466.6220703125,4516.62158203125,4399.9560546875,4399.9560546875,73770,0.0,0.0
2006-01-04 00:00:00+09:00,4433.2890625,4733.2861328125,4433.2890625,4566.62109375,254381,0.0,0.0
2006-01-05 00:00:00+09:00,4549.95458984375,4666.6201171875,4533.2880859375,4633.287109375,143668,0.0,0.0
2006-01-06 00:00:00+09:00,4633.287109375,4666.6201171875,4533.2880859375,4633.287109375,170713,0.0,0.0
2006-01-09 00:00:00+09:00,4649.95361328125,4733.2861328125,4499.955078125,4549.95458984375,166075,0.0,0.0
2006-01-10 00:00:00+09:00,4599.9541015625,4599.9541015625,4499.955078125,4499.955078125,262022,0.0,0.0
2006-01-11 00:00:00+09:00,4516.62158203125,4599.9541015625,4466.6220703125,4566.62109375,254282,0.0,0.0
2006-01-12 00:00:00+09:00,4533.2880859375,4566.62109375,4483.28857421875,4499.955078125,262619,0.0,0.0
2006-01-13 00:00:00+09:00,4466.6220703125,4483.28857421875,4366.623046875,4383.28955078125,113452,0.0,0.0
2006-01-16 00:00:00+09:00,4383.28955078125,4549.95458984375,4383.28955078125,4516.62158203125,249740,0.0,0.0
2006-01-17 00:00:00+09:00,4516.62158203125,4533.2880859375,4366.623046875,4366.623046875,141358,0.0,0.0
2006-01-18 00:00:00+09:00,4466.6220703125,4466.6220703125,4233.291015625,4366.623046875,204563,0.0,0.0
2006-01-19 00:00:00+09:00,4366.623046875,4416.62255859375,4299.95703125,4349.95654296875,98301,0.0,0.0
2006-01-20 00:00:00+09:00,4349.95654296875,4416.62255859375,4316.62353515625,4383.28955078125,456265,0.0,0.0
2006-01-23 00:00:00+09:00,4333.2900390625,4383.28955078125,4249.95751953125,4266.6240234375,138322,0.0,0.0
2006-01-24 00:00:00+09:00,4266.6240234375,4299.95703125,4149.95849609375,4233.291015625,134725,0.0,0.0
2006-01-25 00:00:00+09:00,4183.29150390625,4383.28955078125,4183.29150390625,4366.623046875,107149,0.0,0.0
2006-01-26 00:00:00+09:00,4399.9560546875,4483.28857421875,4333.2900390625,4433.2890625,131371,0.0,0.0
2006-01-27 00:00:00+09:00,4466.6220703125,4699.953125,4433.2890625,4649.95361328125,457087,0.0,0.0
2006-01-31 00:00:00+09:00,4666.6201171875,4716.61962890625,4516.62158203125,4716.61962890625,219026,0.0,0.0
2006-02-01 00:00:00+09:00,4699.953125,4699.953125,4499.955078125,4649.95361328125,103465,0.0,0.0
2006-02-02 00:00:00+09:00,4666.6201171875,4699.953125,4549.95458984375,4683.28662109375,244508,0.0,0.0
2006-02-03 00:00:00+09:00,4599.9541015625,4683.28662109375,4566.62109375,4616.62060546875,190483,0.0,0.0
2006-02-06 00:00:00+09:00,4566.62109375,4633.287109375,4383.28955078125,4633.287109375,137788,0.0,0.0
2006-02-07 00:00:00+09:00,4699.953125,4699.953125,4533.2880859375,4633.287109375,66561,0.0,0.0
2006-02-08 00:00:00+09:00,4566.62109375,4633.287109375,4533.2880859375,4616.62060546875,45684,0.0,0.0
2006-02-09 00:00:00+09:00,4616.62060546875,4649.95361328125,4533.2880859375,4616.62060546875,28191,0.0,0.0
2006-02-10 00:00:00+09:00,4633.287109375,4766.619140625,4566.62109375,4766.619140625,181582,0.0,0.0
2006-02-13 00:00:00+09:00,4766.619140625,4799.9521484375,4649.95361328125,4733.2861328125,107443,0.0,0.0
2006-02-14 00:00:00+09:00,4566.62109375,4733.2861328125,4549.95458984375,4733.2861328125,84189,0.0,0.0
2006-02-15 00:00:00+09:00,4683.28662109375,4733.2861328125,4616.62060546875,4683.28662109375,174745,0.0,0.0
2006-02-16 00:00:00+09:00,4683.28662109375,4683.28662109375,4599.9541015625,4616.62060546875,23934,0.0,0.0
2006-02-17 00:00:00+09:00,4566.62109375,4649.95361328125,4516.62158203125,4566.62109375,66234,0.0,0.0
2006-02-20 00:00:00+09:00,4516.62158203125,4616.62060546875,4499.955078125,4616.62060546875,49554,0.0,0.0
2006-02-21 00:00:00+09:00,4583.28759765625,4666.6201171875,4583.28759765625,4649.95361328125,29241,0.0,0.0
2006-02-22 00:00:00+09:00,4666.6201171875,4699.953125,4599.9541015625,4683.28662109375,38910,0.0,0.0
2006-02-23 00:00:00+09:00,4716.61962890625,4716.61962890625,4599.9541015625,4599.9541015625,42477,0.0,0.0
2006-02-24 00:00:00+09:00,4599.9541015625,4699.953125,4549.95458984375,4566.62109375,36018,0.0,0.0
2006-02-27 00:00:00+09:00,4566.62109375,4599.9541015625,4533.2880859375,4566.62109375,25824,0.0,0.0
2006-02-28 00:00:00+09:00,4599.9541015625,4599.9541015625,4466.6220703125,4483.28857421875,36966,0.0,0.0
2006-03-02 00:00:00+09:00,4449.95556640625,4499.955078125,4449.95556640625,4483.28857421875,42255,0.0,0.0
2006-03-03 00:00:00+09:00,4533.2880859375,4533.2880859375,4383.28955078125,4416.62255859375,69843,0.0,0.0
2006-03-06 00:00:00+09:00,4383.28955078125,4549.95458984375,4333.2900390625,4433.2890625,93510,0.0,0.0
2006-03-07 00:00:00+09:00,4516.62158203125,4599.9541015625,4366.623046875,4599.9541015625,37287,0.0,0.0
2006-03-08 00:00:00+09:00,4583.28759765625,4583.28759765625,4399.9560546875,4433.2890625,26583,0.0,0.0
2006-03-09 00:00:00+09:00,4416.62255859375,4516.62158203125,4383.28955078125,4483.28857421875,75114,0.0,0.0
2006-03-10 00:00:00+09:00,4433.2890625,4499.955078125,4433.2890625,4433.2890625,14289,0.0,0.0
2006-03-13 00:00:00+09:00,4499.955078125,4549.95458984375,4433.2890625,4433.2890625,23700,0.0,0.0
2006-03-14 00:00:00+09:00,4466.6220703125,4516.62158203125,4399.9560546875,4466.6220703125,12669,0.0,0.0
2006-03-15 00:00:00+09:00,4433.2890625,4516.62158203125,4416.62255859375,4449.95556640625,98001,0.0,0.0
2006-03-16 00:00:00+09:00,4466.6220703125,4533.2880859375,4416.62255859375,4533.2880859375,28719,0.0,0.0
2006-03-17 00:00:00+09:00,4533.2880859375,4533.2880859375,4416.62255859375,4416.62255859375,61560,0.0,0.0
2006-03-20 00:00:00+09:00,4483.28857421875,4483.28857421875,4416.62255859375,4416.62255859375,76839,0.0,0.0
2006-03-21 00:00:00+09:00,4483.28857421875,4533.2880859375,4416.62255859375,4516.62158203125,40110,0.0,0.0
2006-03-22 00:00:00+09:00,4599.9541015625,4699.953125,4533.2880859375,4583.28759765625,170656,0.0,0.0
2006-03-23 00:00:00+09:00,4633.287109375,4649.95361328125,4566.62109375,4616.62060546875,74199,0.0,0.0
2006-03-24 00:00:00+09:00,4499.955078125,4616.62060546875,4366.623046875,4399.9560546875,95388,0.0,0.0
2006-03-27 00:00:00+09:00,4316.62353515625,4366.623046875,4066.6259765625,4166.625,328380,0.0,0.0
2006-03-28 00:00:00+09:00,4166.625,4299.95703125,4099.958984375,4266.6240234375,87852,0.0,0.0
2006-03-29 00:00:00+09:00,4149.95849609375,4283.29052734375,4149.95849609375,4283.29052734375,85287,0.0,0.0
2006-03-30 00:00:00+09:00,4183.29150390625,4299.95703125,4133.2919921875,4249.95751953125,92010,0.0,0.0
2006-03-31 00:00:00+09:00,4216.62451171875,4349.95654296875,4216.62451171875,4249.95751953125,84066,0.0,0.0
2006-04-03 00:00:00+09:00,4233.291015625,4449.95556640625,4233.291015625,4383.28955078125,205919,0.0,0.0
2006-04-04 00:00:00+09:00,4349.95654296875,4466.6220703125,4283.29052734375,4383.28955078125,99573,0.0,0.0
2006-04-05 00:00:00+09:00,4399.9560546875,4416.62255859375,4233.291015625,4233.291015625,105010,0.0,0.0
2006-04-06 00:00:00+09:00,4233.291015625,4283.29052734375,4133.2919921875,4199.9580078125,160627,0.0,0.0
2006-04-07 00:00:00+09:00,4199.9580078125,4299.95703125,4166.625,4299.95703125,97305,0.0,0.0
2006-04-10 00:00:00+09:00,4233.291015625,4333.2900390625,4216.62451171875,4283.29052734375,59559,0.0,0.0
2006-04-11 00:00:00+09:00,4233.291015625,4383.28955078125,4216.62451171875,4299.95703125,81765,0.0,0.0
2006-04-12 00:00:00+09:00,4299.95703125,4299.95703125,4216.62451171875,4249.95751953125,42810,0.0,0.0
2006-04-13 00:00:00+09:00,4233.291015625,4349.95654296875,4216.62451171875,4349.95654296875,104878,0.0,0.0
2006-04-14 00:00:00+09:00,4349.95654296875,4499.955078125,4316.62353515625,4466.6220703125,149308,0.0,0.0
2006-04-17 00:00:00+09:00,4533.2880859375,4533.2880859375,4283.29052734375,4283.29052734375,95826,0.0,0.0
2006-04-18 00:00:00+09:00,4349.95654296875,4349.95654296875,4249.95751953125,4299.95703125,106864,0.0,0.0
2006-04-19 00:00:00+09:00,4299.95703125,4333.2900390625,4266.6240234375,4283.29052734375,137401,0.0,0.0
2006-04-20 00:00:00+09:00,4299.95703125,4299.95703125,4149.95849609375,4199.9580078125,127342,0.0,0.0
2006-04-21 00:00:00+09:00,4249.95751953125,4299.95703125,4166.625,4299.95703125,109522,0.0,0.0
2006-04-24 00:00:00+09:00,4316.62353515625,4316.62353515625,4233.291015625,4233.291015625,69354,0.0,0.0
2006-04-25 00:00:00+09:00,4233.291015625,4266.6240234375,4199.9580078125,4216.62451171875,31776,0.0,0.0
2006-04-26 00:00:00+09:00,4216.62451171875,4283.29052734375,4183.29150390625,4283.29052734375,301122,0.0,0.0
2006-04-27 00:00:00+09:00,4283.29052734375,4416.62255859375,4249.95751953125,4299.95703125,440041,0.0,0.0
2006-04-28 00:00:00+09:00,4316.62353515625,4399.9560546875,4266.6240234375,4383.28955078125,538562,0.0,0.0
2006-05-02 00:00:00+09:00,4383.28955078125,4416.62255859375,4299.95703125,4399.9560546875,66753,0.0,0.0
2006-05-03 00:00:00+09:00,4433.2890625,4433.2890625,4266.6240234375,4316.62353515625,66711,0.0,0.0
2006-05-04 00:00:00+09:00,4266.6240234375,4499.955078125,4249.95751953125,4416.62255859375,293702,0.0,0.0
2006-05-08 00:00:00+09:00,4383.28955078125,4399.9560546875,4316.62353515625,4316.62353515625,32322,0.0,0.0
2006-05-09 00:00:00+09:00,4316.62353515625,4383.28955078125,4316.62353515625,4349.95654296875,15060,0.0,0.0
2006-05-10 00:00:00+09:00,4316.62353515625,4349.95654296875,4266.6240234375,4299.95703125,29127,0.0,0.0
2006-05-11 00:00:00+09:00,4266.6240234375,4349.95654296875,4249.95751953125,4349.95654296875,61104,0.0,0.0
2006-05-12 00:00:00+09:00,4333.2900390625,4349.95654296875,4283.29052734375,4333.2900390625,36057,0.0,0.0
2006-05-15 00:00:00+09:00,4283.29052734375,4366.623046875,4283.29052734375,4349.95654296875,72741,0.0,0.0
2006-05-16 00:00:00+09:00,4349.95654296875,4349.95654296875,4199.9580078125,4216.62451171875,184684,0.0,0.0
2006-05-17 00:00:00+09:00,4266.6240234375,4299.95703125,4233.291015625,4283.29052734375,45057,0.0,0.0
2006-05-18 00:00:00+09:00,4199.9580078125,4299.95703125,4183.29150390625,4299.95703125,47301,0.0,0.0
2006-05-19 00:00:00+09:00,4333.2900390625,4333.2900390625,4266.6240234375,4316.62353515625,15630,0.0,0.0
2006-05-22 00:00:00+09:00,4283.29052734375,4283.29052734375,4233.291015625,4266.6240234375,57057,0.0,0.0
2006-05-23 00:00:00+09:00,4266.6240234375,4299.95703125,4266.6240234375,4266.6240234375,34770,0.0,0.0
2006-05-24 00:00:00+09:00,4266.6240234375,4333.2900390625,4216.62451171875,4333.2900390625,105013,0.0,0.0
2006-05-25 00:00:00+09:00,4316.62353515625,4316.62353515625,4249.95751953125,4249.95751953125,12843,0.0,0.0
2006-05-26 00:00:00+09:00,4216.62451171875,4333.2900390625,4216.62451171875,4333.2900390625,38859,0.0,0.0
2006-05-29 00:00:00+09:00,4266.6240234375,4333.2900390625,4266.6240234375,4333.2900390625,14100,0.0,0.0
2006-05-30 00:00:00+09:00,4283.29052734375,4299.95703125,4249.95751953125,4283.29052734375,19191,0.0,0.0
2006-06-01 00:00:00+09:00,4233.291015625,4299.95703125,4216.62451171875,4266.6240234375,42798,0.0,0.0
2006-06-02 00:00:00+09:00,4233.291015625,4349.95654296875,4166.625,4349.95654296875,83241,0.0,0.0
2006-06-05 00:00:00+09:00,4299.95703125,4299.95703125,4249.95751953125,4299.95703125,2628,0.0,0.0
2006-06-07 00:00:00+09:00,4216.62451171875,4266.6240234375,3783.29541015625,4233.291015625,118111,0.0,0.0
2006-06-08 00:00:00+09:00,4233.291015625,4316.62353515625,4099.958984375,4166.625,107707,0.0,0.0
2006-06-09 00:00:00+09:00,4199.9580078125,4266.6240234375,3866.6279296875,4133.2919921875,151066,0.0,0.0
2006-06-12 00:00:00+09:00,4183.29150390625,4183.29150390625,3566.631103515625,3933.2939453125,492160,0.0,0.0
2006-06-13 00:00:00+09:00,3799.9619140625,3799.9619140625,3549.964599609375,3583.297607421875,136270,0.0,0.0
2006-06-14 00:00:00+09:00,3499.965087890625,3549.964599609375,3319.966796875,3333.300048828125,490072,0.0,0.0
2006-06-15 00:00:00+09:00,3349.966552734375,3416.632568359375,3129.96875,3199.968017578125,405544,0.0,0.0
2006-06-16 00:00:00+09:00,3249.967529296875,3266.634033203125,2959.970458984375,3003.30322265625,1259115,0.0,0.0
2006-06-19 00:00:00+09:00,2996.63671875,3059.969482421875,2936.63720703125,3003.30322265625,326016,0.0,0.0
2006-06-20 00:00:00+09:00,2983.303466796875,3003.30322265625,2783.305419921875,2793.305419921875,457597,0.0,0.0
2006-06-21 00:00:00+09:00,2796.638671875,2843.304931640625,2659.973388671875,2766.638916015625,398061,0.0,0.0
2006-06-22 00:00:00+09:00,2836.63818359375,2969.97021484375,2816.638427734375,2879.97119140625,347121,0.0,0.0
2006-06-23 00:00:00+09:00,2896.6376953125,2916.637451171875,2803.305419921875,2816.638427734375,101500,0.0,0.0
2006-06-26 00:00:00+09:00,2829.9716796875,2833.304931640625,2706.6396484375,2736.639404296875,69318,0.0,0.0
2006-06-27 00:00:00+09:00,2766.638916015625,2779.97216796875,2713.30615234375,2729.97265625,45762,0.0,0.0
2006-06-28 00:00:00+09:00,2633.306884765625,2726.639404296875,2633.306884765625,2726.639404296875,58920,0.0,0.0
2006-06-29 00:00:00+09:00,2733.305908203125,2899.970947265625,2716.639404296875,2899.970947265625,164260,0.0,0.0
2006-06-30 00:00:00+09:00,2966.636962890625,3166.635009765625,2869.97119140625,3166.635009765625,263924,0.0,0.0
2006-07-03 00:00:00+09:00,3193.301513671875,3193.301513671875,3053.302734375,3153.3017578125,70722,0.0,0.0
2006-07-04 00:00:00+09:00,3166.635009765625,3206.634521484375,3099.968994140625,3149.968505859375,74226,0.0,0.0
2006-07-05 00:00:00+09:00,3073.302490234375,3166.635009765625,3033.302978515625,3066.635986328125,144103,0.0,0.0
2006-07-06 00:00:00+09:00,2999.969970703125,3166.635009765625,2973.3037109375,3066.635986328125,79938,0.0,0.0
2006-07-07 00:00:00+09:00,3069.96923828125,3089.968994140625,3036.63623046875,3066.635986328125,58950,0.0,0.0
2006-07-10 00:00:00+09:00,3079.96923828125,3079.96923828125,3009.969970703125,3016.636474609375,21444,0.0,0.0
2006-07-11 00:00:00+09:00,3059.969482421875,3059.969482421875,2966.636962890625,2966.636962890625,30666,0.0,0.0
2006-07-12 00:00:00+09:00,2993.303466796875,2993.303466796875,2943.303955078125,2979.97021484375,22719,0.0,0.0
2006-07-13 00:00:00+09:00,3006.63671875,3006.63671875,2916.637451171875,2936.63720703125,45312,0.0,0.0
2006-07-14 00:00:00+09:00,2923.30419921875,2983.303466796875,2893.304443359375,2983.303466796875,37380,0.0,0.0
2006-07-18 00:00:00+09:00,3029.9697265625,3096.6357421875,2833.304931640625,2923.30419921875,33459,0.0,0.0
2006-07-19 00:00:00+09:00,2863.3046875,2989.97021484375,2799.971923828125,2839.9716796875,73530,0.0,0.0
2006-07-20 00:00:00+09:00,2883.304443359375,2883.304443359375,2783.305419921875,2793.305419921875,35742,0.0,0.0
2006-07-21 00:00:00+09:00,2733.305908203125,2793.305419921875,2713.30615234375,2793.305419921875,68412,0.0,0.0
2006-07-24 00:00:00+09:00,2749.972412109375,2793.305419921875,2599.97412109375,2783.305419921875,27099,0.0,0.0
2006-07-25 00:00:00+09:00,2739.97265625,2813.30517578125,2733.305908203125,2783.305419921875,10974,0.0,0.0
2006-07-26 00:00:00+09:00,2763.3056640625,2833.304931640625,2676.639892578125,2733.305908203125,31602,0.0,0.0
2006-07-27 00:00:00+09:00,2766.638916015625,2769.972412109375,2726.639404296875,2749.972412109375,16101,0.0,0.0
2006-07-28 00:00:00+09:00,2766.638916015625,2766.638916015625,2716.639404296875,2749.972412109375,71040,0.0,0.0
2006-07-31 00:00:00+09:00,2733.305908203125,2749.972412109375,2633.306884765625,2633.306884765625,60030,0.0,0.0
2006-08-01 00:00:00+09:00,2666.639892578125,2683.306396484375,2633.306884765625,2633.306884765625,41007,0.0,0.0
2006-08-02 00:00:00+09:00,2666.639892578125,2666.639892578125,2466.64208984375,2533.30810546875,102421,0.0,0.0
2006-08-03 00:00:00+09:00,2513.30810546875,2556.64111328125,2496.6416015625,2526.641357421875,57240,0.0,0.0
2006-08-04 00:00:00+09:00,2526.641357421875,2526.641357421875,2503.308349609375,2519.974853515625,30678,0.0,0.0
2006-08-07 00:00:00+09:00,2519.974853515625,2526.641357421875,2506.6416015625,2513.30810546875,12060,0.0,0.0
2006-08-08 00:00:00+09:00,2523.30810546875,2609.973876953125,2513.30810546875,2569.974365234375,46425,0.0,0.0
2006-08-09 00:00:00+09:00,2569.974365234375,2693.306396484375,2553.307861328125,2563.3076171875,175954,0.0,0.0
2006-08-10 00:00:00+09:00,2553.307861328125,2616.640380859375,2549.974609375,2616.640380859375,58206,0.0,0.0
2006-08-11 00:00:00+09:00,2616.640380859375,2616.640380859375,2566.64111328125,2573.3076171875,51945,0.0,0.0
2006-08-14 00:00:00+09:00,2543.307861328125,2603.307373046875,2516.6416015625,2516.6416015625,36567,0.0,0.0
2006-08-16 00:00:00+09:00,2516.6416015625,2533.30810546875,2439.9755859375,2533.30810546875,77511,0.0,0.0
2006-08-17 00:00:00+09:00,2533.30810546875,2646.64013671875,2503.308349609375,2646.64013671875,163564,0.0,0.0
2006-08-18 00:00:00+09:00,2666.639892578125,2666.639892578125,2593.307373046875,2646.64013671875,69843,0.0,0.0
2006-08-21 00:00:00+09:00,2589.97412109375,2656.64013671875,2566.64111328125,2566.64111328125,22566,0.0,0.0
2006-08-22 00:00:00+09:00,2573.3076171875,2633.306884765625,2559.974365234375,2593.307373046875,38775,0.0,0.0
2006-08-23 00:00:00+09:00,2633.306884765625,2633.306884765625,2556.64111328125,2556.64111328125,21279,0.0,0.0
2006-08-24 00:00:00+09:00,2626.640380859375,2626.640380859375,2536.641357421875,2543.307861328125,14661,0.0,0.0
2006-08-25 00:00:00+09:00,2596.640625,2629.9736328125,2479.97509765625,2509.974853515625,94179,0.0,0.0
2006-08-28 00:00:00+09:00,2509.974853515625,2549.974609375,2496.6416015625,2509.974853515625,42438,0.0,0.0
2006-08-29 00:00:00+09:00,2629.9736328125,2629.9736328125,2483.30859375,2509.974853515625,121213,0.0,0.0
2006-08-30 00:00:00+09:00,2536.641357421875,2546.64111328125,2469.975341796875,2533.30810546875,562655,0.0,0.0
2006-08-31 00:00:00+09:00,2533.30810546875,2559.974365234375,2503.308349609375,2546.64111328125,220238,0.0,0.0
2006-09-01 00:00:00+09:00,2543.307861328125,2546.64111328125,2506.6416015625,2533.30810546875,84918,0.0,0.0
2006-09-04 00:00:00+09:00,2526.641357421875,2536.641357421875,2503.308349609375,2503.308349609375,112126,0.0,0.0
2006-09-05 00:00:00+09:00,2503.308349609375,2549.974609375,2486.641845703125,2533.30810546875,307797,0.0,0.0
2006-09-06 00:00:00+09:00,2563.3076171875,2709.972900390625,2549.974609375,2626.640380859375,846764,0.0,0.0
2006-09-07 00:00:00+09:00,2606.640625,2716.639404296875,2576.640869140625,2649.973388671875,325026,0.0,0.0
2006-09-08 00:00:00+09:00,2646.64013671875,2713.30615234375,2636.640380859375,2666.639892578125,179338,0.0,0.0
2006-09-11 00:00:00+09:00,2733.305908203125,2733.305908203125,2616.640380859375,2703.306396484375,212237,0.0,0.0
2006-09-12 00:00:00+09:00,2749.972412109375,2766.638916015625,2669.973388671875,2746.63916015625,190648,0.0,0.0
2006-09-13 00:00:00+09:00,2733.305908203125,2883.304443359375,2733.305908203125,2833.304931640625,242330,0.0,0.0
2006-09-14 00:00:00+09:00,2799.971923828125,2879.97119140625,2799.971923828125,2833.304931640625,214409,0.0,0.0
2006-09-15 00:00:00+09:00,2876.637939453125,3256.634033203125,2873.3046875,3256.634033203125,684846,0.0,0.0
2006-09-18 00:00:00+09:00,3333.300048828125,3733.2958984375,3063.302734375,3063.302734375,2088410,0.0,0.0
2006-09-19 00:00:00+09:00,3116.635498046875,3129.96875,2913.30419921875,2949.970458984375,954123,0.0,0.0
2006-09-20 00:00:00+09:00,2963.3037109375,2963.3037109375,2869.97119140625,2933.303955078125,499711,0.0,0.0
2006-09-21 00:00:00+09:00,2966.636962890625,2993.303466796875,2899.970947265625,2906.6376953125,521723,0.0,0.0
2006-09-22 00:00:00+09:00,2916.637451171875,2939.970703125,2849.971435546875,2866.637939453125,265775,0.0,0.0
2006-09-25 00:00:00+09:00,2836.63818359375,2883.304443359375,2793.305419921875,2799.971923828125,200879,0.0,0.0
2006-09-26 00:00:00+09:00,2809.971923828125,2956.63720703125,2776.638916015625,2886.6376953125,392193,0.0,0.0
2006-09-27 00:00:00+09:00,2886.6376953125,2966.636962890625,2833.304931640625,2903.30419921875,175510,0.0,0.0
2006-09-28 00:00:00+09:00,2899.970947265625,2933.303955078125,2819.9716796875,2843.304931640625,215579,0.0,0.0
2006-09-29 00:00:00+09:00,2843.304931640625,2933.303955078125,2753.305908203125,2926.637451171875,214943,0.0,0.0
2006-10-02 00:00:00+09:00,2916.637451171875,2926.637451171875,2853.3046875,2853.3046875,44949,0.0,0.0
2006-10-04 00:00:00+09:00,2789.97216796875,2863.3046875,2703.306396484375,2746.63916015625,97203,0.0,0.0
2006-10-09 00:00:00+09:00,2689.97314453125,2713.30615234375,2349.9765625,2483.30859375,296867,0.0,0.0
2006-10-10 00:00:00+09:00,2483.30859375,2663.306640625,2476.641845703125,2586.640869140625,265631,0.0,0.0
2006-10-11 00:00:00+09:00,2533.30810546875,2656.64013671875,2523.30810546875,2656.64013671875,110977,0.0,0.0
2006-10-12 00:00:00+09:00,2656.64013671875,2819.9716796875,2616.640380859375,2796.638671875,223058,0.0,0.0
2006-10-13 00:00:00+09:00,2999.969970703125,2999.969970703125,2776.638916015625,2783.305419921875,149707,0.0,0.0
2006-10-16 00:00:00+09:00,2783.305419921875,2896.6376953125,2749.972412109375,2806.638671875,64581,0.0,0.0
2006-10-17 00:00:00+09:00,2809.971923828125,2833.304931640625,2679.97314453125,2779.97216796875,80802,0.0,0.0
2006-10-18 00:00:00+09:00,2746.63916015625,2796.638671875,2706.6396484375,2706.6396484375,30729,0.0,0.0
2006-10-19 00:00:00+09:00,2706.6396484375,2756.63916015625,2689.97314453125,2716.639404296875,63864,0.0,0.0
2006-10-20 00:00:00+09:00,2733.305908203125,2756.63916015625,2679.97314453125,2733.305908203125,98214,0.0,0.0
2006-10-23 00:00:00+09:00,2769.972412109375,2769.972412109375,2703.306396484375,2703.306396484375,49185,0.0,0.0
2006-10-24 00:00:00+09:00,2759.972412109375,2759.972412109375,2686.639892578125,2686.639892578125,37410,0.0,0.0
2006-10-25 00:00:00+09:00,2693.306396484375,2716.639404296875,2643.306884765625,2649.973388671875,69279,0.0,0.0
2006-10-26 00:00:00+09:00,2616.640380859375,2816.638427734375,2613.30712890625,2766.638916015625,156199,0.0,0.0
2006-10-27 00:00:00+09:00,2766.638916015625,2813.30517578125,2743.305908203125,2799.971923828125,73233,0.0,0.0
2006-10-30 00:00:00+09:00,2703.306396484375,2813.30517578125,2703.306396484375,2789.97216796875,43923,0.0,0.0
2006-10-31 00:00:00+09:00,2789.97216796875,2893.304443359375,2749.972412109375,2833.304931640625,61119,0.0,0.0
2006-11-01 00:00:00+09:00,2836.63818359375,2873.3046875,2806.638671875,2836.63818359375,24030,0.0,0.0
2006-11-02 00:00:00+09:00,2836.63818359375,2863.3046875,2786.638916015625,2799.971923828125,36195,0.0,0.0
2006-11-03 00:00:00+09:00,2826.638427734375,2863.3046875,2789.97216796875,2839.9716796875,64308,0.0,0.0
2006-11-06 00:00:00+09:00,2839.9716796875,2913.30419921875,2799.971923828125,2913.30419921875,74136,0.0,0.0
2006-11-07 00:00:00+09:00,2899.970947265625,3159.968505859375,2893.304443359375,3143.302001953125,303648,0.0,0.0
2006-11-08 00:00:00+09:00,3143.302001953125,3159.968505859375,3039.969482421875,3149.968505859375,122431,0.0,0.0
2006-11-09 00:00:00+09:00,3146.63525390625,3599.964111328125,3099.968994140625,3199.968017578125,321873,0.0,0.0
2006-11-10 00:00:00+09:00,3279.96728515625,3383.299560546875,3199.968017578125,3333.300048828125,146113,0.0,0.0
2006-11-13 00:00:00+09:00,3349.966552734375,3383.299560546875,3309.966796875,3333.300048828125,120109,0.0,0.0
2006-11-14 00:00:00+09:00,3399.966064453125,3399.966064453125,3316.633544921875,3333.300048828125,96834,0.0,0.0
2006-11-15 00:00:00+09:00,3333.300048828125,3349.966552734375,3169.96826171875,3333.300048828125,201992,0.0,0.0
2006-11-16 00:00:00+09:00,3349.966552734375,3483.298583984375,3326.63330078125,3333.300048828125,115396,0.0,0.0
2006-11-17 00:00:00+09:00,3349.966552734375,3799.9619140625,3349.966552734375,3633.297119140625,854318,0.0,0.0
2006-11-20 00:00:00+09:00,3666.6298828125,3666.6298828125,3483.298583984375,3599.964111328125,161239,0.0,0.0
2006-11-21 00:00:00+09:00,3566.631103515625,3633.297119140625,3466.632080078125,3466.632080078125,166225,0.0,0.0
2006-11-22 00:00:00+09:00,3383.299560546875,3533.298095703125,3383.299560546875,3483.298583984375,159925,0.0,0.0
2006-11-23 00:00:00+09:00,3466.632080078125,3899.9609375,3449.965576171875,3633.297119140625,308076,0.0,0.0
2006-11-24 00:00:00+09:00,3716.62939453125,3749.96240234375,3483.298583984375,3499.965087890625,78132,0.0,0.0
2006-11-27 00:00:00+09:00,3499.965087890625,3566.631103515625,3399.966064453125,3549.964599609375,107791,0.0,0.0
2006-11-28 00:00:00+09:00,3549.964599609375,3599.964111328125,3466.632080078125,3483.298583984375,107731,0.0,0.0
2006-11-29 00:00:00+09:00,3449.965576171875,3616.630615234375,3449.965576171875,3566.631103515625,77634,0.0,0.0
2006-11-30 00:00:00+09:00,3583.297607421875,3583.297607421875,3483.298583984375,3483.298583984375,31989,0.0,0.0
2006-12-01 00:00:00+09:00,3483.298583984375,3533.298095703125,3416.632568359375,3449.965576171875,118426,0.0,0.0
2006-12-04 00:00:00+09:00,3516.631591796875,3633.297119140625,3499.965087890625,3516.631591796875,106267,0.0,0.0
2006-12-05 00:00:00+09:00,3533.298095703125,3599.964111328125,3499.965087890625,3516.631591796875,36273,0.0,0.0
2006-12-06 00:00:00+09:00,3466.632080078125,3599.964111328125,3449.965576171875,3599.964111328125,83859,0.0,0.0
2006-12-07 00:00:00+09:00,3666.6298828125,3666.6298828125,3583.297607421875,3633.297119140625,58734,0.0,0.0
2006-12-08 00:00:00+09:00,3633.297119140625,3716.62939453125,3499.965087890625,3716.62939453125,117889,0.0,0.0
2006-12-11 00:00:00+09:00,3716.62939453125,3833.294921875,3599.964111328125,3633.297119140625,53379,0.0,0.0
2006-12-12 00:00:00+09:00,3649.96337890625,3666.6298828125,3466.632080078125,3583.297607421875,40422,0.0,0.0
2006-12-13 00:00:00+09:00,3483.298583984375,3616.630615234375,3483.298583984375,3599.964111328125,36066,0.0,0.0
2006-12-14 00:00:00+09:00,3583.297607421875,3716.62939453125,3533.298095703125,3666.6298828125,53256,0.0,0.0
2006-12-15 00:00:00+09:00,3599.964111328125,3766.62890625,3566.631103515625,3649.96337890625,43899,0.0,0.0
2006-12-18 00:00:00+09:00,3649.96337890625,3766.62890625,3599.964111328125,3733.2958984375,84516,0.0,0.0
2006-12-19 00:00:00+09:00,3783.29541015625,3783.29541015625,3599.964111328125,3666.6298828125,84390,0.0,0.0
2006-12-20 00:00:00+09:00,3733.2958984375,3733.2958984375,3599.964111328125,3666.6298828125,81942,0.0,0.0
2006-12-21 00:00:00+09:00,3599.964111328125,3716.62939453125,3599.964111328125,3649.96337890625,11055,0.0,0.0
2006-12-22 00:00:00+09:00,3716.62939453125,3716.62939453125,3533.298095703125,3649.96337890625,57675,0.0,0.0
2006-12-26 00:00:00+09:00,3566.631103515625,3666.6298828125,3549.964599609375,3566.631103515625,62283,0.0,0.0
2006-12-27 00:00:00+09:00,3516.631591796875,3633.297119140625,3516.631591796875,3566.631103515625,17274,0.0,0.0
2006-12-28 00:00:00+09:00,3516.631591796875,3683.29638671875,3516.631591796875,3683.29638671875,23478,0.0,0.0
2007-01-02 00:00:00+09:00,3616.630615234375,3716.62939453125,3566.631103515625,3666.6298828125,18828,0.0,0.0
2007-01-03 00:00:00+09:00,3699.962890625,3699.962890625,3533.298095703125,3549.964599609375,36135,0.0,0.0
2007-01-04 00:00:00+09:00,3599.964111328125,3633.297119140625,3433.299072265625,3566.631103515625,29340,0.0,0.0
2007-01-05 00:00:00+09:00,3583.297607421875,3599.964111328125,3433.299072265625,3583.297607421875,46023,0.0,0.0
2007-01-08 00:00:00+09:00,3583.297607421875,3583.297607421875,3433.299072265625,3433.299072265625,25923,0.0,0.0
2007-01-09 00:00:00+09:00,3433.299072265625,3583.297607421875,3433.299072265625,3499.965087890625,24381,0.0,0.0
2007-01-10 00:00:00+09:00,3566.631103515625,3566.631103515625,3433.299072265625,3449.965576171875,19656,0.0,0.0
2007-01-11 00:00:00+09:00,3366.633056640625,3499.965087890625,3366.633056640625,3499.965087890625,45168,0.0,0.0
2007-01-12 00:00:00+09:00,3399.966064453125,3466.632080078125,3366.633056640625,3449.965576171875,59253,0.0,0.0
2007-01-15 00:00:00+09:00,3433.299072265625,3433.299072265625,3333.300048828125,3366.633056640625,51978,0.0,0.0
2007-01-16 00:00:00+09:00,3333.300048828125,3449.965576171875,3333.300048828125,3399.966064453125,23598,0.0,0.0
2007-01-17 00:00:00+09:00,3306.633544921875,3366.633056640625,3306.633544921875,3316.633544921875,35313,0.0,0.0
2007-01-18 00:00:00+09:00,3266.634033203125,3296.6337890625,3149.968505859375,3226.634521484375,79818,0.0,0.0
2007-01-19 00:00:00+09:00,3176.635009765625,3199.968017578125,3099.968994140625,3199.968017578125,62361,0.0,0.0
2007-01-22 00:00:00+09:00,3119.96875,3196.634765625,3116.635498046875,3116.635498046875,38994,0.0,0.0
2007-01-23 00:00:00+09:00,3069.96923828125,3249.967529296875,3069.96923828125,3233.301025390625,83064,0.0,0.0
2007-01-24 00:00:00+09:00,3296.6337890625,3296.6337890625,3179.96826171875,3233.301025390625,12045,0.0,0.0
2007-01-25 00:00:00+09:00,3266.634033203125,3286.6337890625,3169.96826171875,3216.634521484375,10350,0.0,0.0
2007-01-26 00:00:00+09:00,3263.30078125,3263.30078125,3166.635009765625,3229.9677734375,10356,0.0,0.0
2007-01-29 00:00:00+09:00,3229.9677734375,3229.9677734375,3146.63525390625,3213.30126953125,10014,0.0,0.0
2007-01-30 00:00:00+09:00,3136.63525390625,3206.634521484375,3136.63525390625,3193.301513671875,9513,0.0,0.0
2007-01-31 00:00:00+09:00,3166.635009765625,3256.634033203125,3116.635498046875,3116.635498046875,31701,0.0,0.0
2007-02-01 00:00:00+09:00,3116.635498046875,3166.635009765625,3073.302490234375,3129.96875,24849,0.0,0.0
2007-02-02 00:00:00+09:00,3183.301513671875,3216.634521484375,3129.96875,3196.634765625,16551,0.0,0.0
2007-02-05 00:00:00+09:00,3166.635009765625,3226.634521484375,3133.302001953125,3163.3017578125,29079,0.0,0.0
2007-02-06 00:00:00+09:00,3163.3017578125,3199.968017578125,3093.302490234375,3133.302001953125,22590,0.0,0.0
2007-02-07 00:00:00+09:00,3193.301513671875,3193.301513671875,3073.302490234375,3073.302490234375,7911,0.0,0.0
2007-02-08 00:00:00+09:00,3086.6357421875,3129.96875,3083.302490234375,3086.6357421875,10389,0.0,0.0
2007-02-09 00:00:00+09:00,3129.96875,3129.96875,3083.302490234375,3116.635498046875,2217,0.0,0.0
2007-02-12 00:00:00+09:00,3266.634033203125,3266.634033203125,3099.968994140625,3103.30224609375,4764,0.0,0.0
2007-02-13 00:00:00+09:00,3066.635986328125,3109.968994140625,2996.63671875,2996.63671875,60540,0.0,0.0
2007-02-14 00:00:00+09:00,2999.969970703125,3046.63623046875,2959.970458984375,3039.969482421875,59064,0.0,0.0
2007-02-15 00:00:00+09:00,3039.969482421875,3049.969482421875,2999.969970703125,3043.302978515625,21078,0.0,0.0
2007-02-16 00:00:00+09:00,3073.302490234375,3073.302490234375,3033.302978515625,3033.302978515625,36549,0.0,0.0
2007-02-20 00:00:00+09:00,3096.6357421875,3133.302001953125,3066.635986328125,3133.302001953125,26820,0.0,0.0
2007-02-21 00:00:00+09:00,3126.635498046875,3193.301513671875,3126.635498046875,3193.301513671875,22728,0.0,0.0
2007-02-22 00:00:00+09:00,3199.968017578125,3299.967041015625,3183.301513671875,3199.968017578125,51684,0.0,0.0
2007-02-23 00:00:00+09:00,3216.634521484375,3216.634521484375,3116.635498046875,3196.634765625,39336,0.0,0.0
2007-02-26 00:00:00+09:00,3233.301025390625,3366.633056640625,3133.302001953125,3189.968017578125,51927,0.0,0.0
2007-02-27 00:00:00+09:00,3149.968505859375,3216.634521484375,3133.302001953125,3186.634765625,27033,0.0,0.0
2007-02-28 00:00:00+09:00,3099.968994140625,3196.634765625,3066.635986328125,3179.96826171875,27687,0.0,0.0
2007-03-05 00:00:00+09:00,3133.302001953125,3133.302001953125,3049.969482421875,3113.30224609375,23748,0.0,0.0
2007-03-06 00:00:00+09:00,3173.301513671875,3173.301513671875,3033.302978515625,3033.302978515625,44037,0.0,0.0
2007-03-07 00:00:00+09:00,3049.969482421875,3159.968505859375,3049.969482421875,3093.302490234375,61824,0.0,0.0
2007-03-08 00:00:00+09:00,3103.30224609375,3153.3017578125,3099.968994140625,3133.302001953125,36846,0.0,0.0
2007-03-09 00:00:00+09:00,3159.968505859375,3549.964599609375,3159.968505859375,3366.633056640625,96690,0.0,0.0
2007-03-12 00:00:00+09:00,3433.299072265625,3466.632080078125,3293.30029296875,3299.967041015625,58050,0.0,0.0
2007-03-13 00:00:00+09:00,3333.300048828125,3333.300048828125,3266.634033203125,3299.967041015625,52215,0.0,0.0
2007-03-14 00:00:00+09:00,3229.9677734375,3433.299072265625,3229.9677734375,3233.301025390625,45123,0.0,0.0
2007-03-15 00:00:00+09:00,3333.300048828125,3516.631591796875,3316.633544921875,3399.966064453125,130156,0.0,0.0
2007-03-16 00:00:00+09:00,3349.966552734375,3599.964111328125,3333.300048828125,3566.631103515625,241145,0.0,0.0
2007-03-19 00:00:00+09:00,3566.631103515625,3683.29638671875,3549.964599609375,3583.297607421875,37080,0.0,0.0
2007-03-20 00:00:00+09:00,3649.96337890625,3649.96337890625,3499.965087890625,3633.297119140625,32928,0.0,0.0
2007-03-21 00:00:00+09:00,3566.631103515625,3616.630615234375,3516.631591796875,3566.631103515625,54453,0.0,0.0
2007-03-22 00:00:00+09:00,3616.630615234375,3616.630615234375,3483.298583984375,3483.298583984375,31899,0.0,0.0
2007-03-23 00:00:00+09:00,3449.965576171875,3549.964599609375,3449.965576171875,3533.298095703125,14862,0.0,0.0
2007-03-26 00:00:00+09:00,3466.632080078125,3649.96337890625,3383.299560546875,3633.297119140625,142657,0.0,0.0
2007-03-27 00:00:00+09:00,3633.297119140625,3633.297119140625,3466.632080078125,3499.965087890625,39903,0.0,0.0
2007-03-28 00:00:00+09:00,3599.964111328125,3599.964111328125,3499.965087890625,3516.631591796875,17949,0.0,0.0
2007-03-29 00:00:00+09:00,3483.298583984375,3599.964111328125,3483.298583984375,3583.297607421875,28425,0.0,0.0
2007-03-30 00:00:00+09:00,3583.297607421875,3833.294921875,3549.964599609375,3799.9619140625,114880,0.0,0.0
2007-04-02 00:00:00+09:00,3683.29638671875,3799.9619140625,3666.6298828125,3766.62890625,36153,0.0,0.0
2007-04-03 00:00:00+09:00,3683.29638671875,3866.6279296875,3616.630615234375,3816.62841796875,125461,0.0,0.0
2007-04-04 00:00:00+09:00,3899.9609375,4216.62451171875,3899.9609375,4066.6259765625,275918,0.0,0.0
2007-04-05 00:00:00+09:00,4016.62646484375,4333.2900390625,3999.9599609375,4299.95703125,175219,0.0,0.0
2007-04-06 00:00:00+09:00,4316.62353515625,4666.6201171875,4316.62353515625,4399.9560546875,187483,0.0,0.0
2007-04-09 00:00:00+09:00,4366.623046875,4616.62060546875,4333.2900390625,4383.28955078125,187606,0.0,0.0
2007-04-10 00:00:00+09:00,4466.6220703125,4533.2880859375,4366.623046875,4466.6220703125,131365,0.0,0.0
2007-04-11 00:00:00+09:00,4449.95556640625,4916.61767578125,4449.95556640625,4716.61962890625,494599,0.0,0.0
2007-04-12 00:00:00+09:00,4749.95263671875,4833.28515625,4599.9541015625,4683.28662109375,104833,0.0,0.0
2007-04-13 00:00:00+09:00,4699.953125,4983.28369140625,4599.9541015625,4983.28369140625,191341,0.0,0.0
2007-04-16 00:00:00+09:00,4983.28369140625,5033.283203125,4816.61865234375,4966.6171875,124525,0.0,0.0
2007-04-17 00:00:00+09:00,5049.94970703125,5049.94970703125,4883.28466796875,4883.28466796875,55986,0.0,0.0
2007-04-18 00:00:00+09:00,4883.28466796875,4966.6171875,4666.6201171875,4816.61865234375,111616,0.0,0.0
2007-04-19 00:00:00+09:00,4733.2861328125,4799.9521484375,4516.62158203125,4799.9521484375,194278,0.0,0.0
2007-04-20 00:00:00+09:00,4699.953125,5049.94970703125,4699.953125,4999.9501953125,137347,0.0,0.0
2007-04-23 00:00:00+09:00,4999.9501953125,5116.61572265625,4899.951171875,4933.2841796875,74931,0.0,0.0
2007-04-24 00:00:00+09:00,4933.2841796875,4999.9501953125,4749.95263671875,4999.9501953125,162100,0.0,0.0
2007-04-25 00:00:00+09:00,4949.95068359375,5033.283203125,4833.28515625,5033.283203125,138766,0.0,0.0
2007-04-26 00:00:00+09:00,5033.283203125,5099.94921875,4966.6171875,5099.94921875,75303,0.0,0.0
2007-04-27 00:00:00+09:00,5133.2822265625,5133.2822265625,4983.28369140625,5083.28271484375,54528,0.0,0.0
2007-04-30 00:00:00+09:00,5083.28271484375,5116.61572265625,4999.9501953125,5083.28271484375,29643,0.0,0.0
2007-05-02 00:00:00+09:00,4983.28369140625,5099.94921875,4966.6171875,5099.94921875,74943,0.0,0.0
2007-05-03 00:00:00+09:00,4999.9501953125,5166.615234375,4966.6171875,5166.615234375,77907,0.0,0.0
2007-05-04 00:00:00+09:00,5199.9482421875,5499.94482421875,5099.94921875,5499.94482421875,210467,0.0,0.0
2007-05-07 00:00:00+09:00,5566.61083984375,5666.60986328125,5466.61181640625,5599.94384765625,256835,0.0,0.0
2007-05-08 00:00:00+09:00,5666.60986328125,5666.60986328125,5483.2783203125,5566.61083984375,95760,0.0,0.0
2007-05-09 00:00:00+09:00,5566.61083984375,5599.94384765625,5499.94482421875,5533.27783203125,119755,0.0,0.0
2007-05-10 00:00:00+09:00,5533.27783203125,5749.9423828125,5383.279296875,5549.9443359375,112513,0.0,0.0
2007-05-11 00:00:00+09:00,5399.94580078125,5533.27783203125,5299.94677734375,5466.61181640625,75762,0.0,0.0
2007-05-14 00:00:00+09:00,5466.61181640625,5499.94482421875,5316.61328125,5349.9462890625,50415,0.0,0.0
2007-05-15 00:00:00+09:00,5399.94580078125,5399.94580078125,5233.28076171875,5383.279296875,49275,0.0,0.0
2007-05-16 00:00:00+09:00,5466.61181640625,5466.61181640625,5066.6162109375,5433.27880859375,56574,0.0,0.0
2007-05-17 00:00:00+09:00,5516.611328125,5649.943359375,5449.9453125,5566.61083984375,109714,0.0,0.0
2007-05-18 00:00:00+09:00,5566.61083984375,5566.61083984375,5366.61279296875,5516.611328125,46869,0.0,0.0
2007-05-21 00:00:00+09:00,5366.61279296875,5533.27783203125,5366.61279296875,5533.27783203125,50430,0.0,0.0
2007-05-22 00:00:00+09:00,5549.9443359375,5566.61083984375,5266.61376953125,5566.61083984375,182173,0.0,0.0
2007-05-23 00:00:00+09:00,5566.61083984375,5566.61083984375,5449.9453125,5533.27783203125,70221,0.0,0.0
2007-05-25 00:00:00+09:00,5533.27783203125,5716.609375,5499.94482421875,5666.60986328125,67992,0.0,0.0
2007-05-28 00:00:00+09:00,5799.94189453125,5799.94189453125,5599.94384765625,5766.60888671875,66786,0.0,0.0
2007-05-29 00:00:00+09:00,5866.60791015625,5866.60791015625,5683.2763671875,5749.9423828125,75840,0.0,0.0
2007-05-30 00:00:00+09:00,5816.6083984375,5866.60791015625,5666.60986328125,5866.60791015625,86757,0.0,0.0
2007-05-31 00:00:00+09:00,5866.60791015625,6299.93701171875,5866.60791015625,6099.93896484375,167521,0.0,0.0
2007-06-01 00:00:00+09:00,5999.93994140625,6099.93896484375,5683.2763671875,5966.60693359375,128053,0.0,0.0
2007-06-04 00:00:00+09:00,5966.60693359375,5966.60693359375,5666.60986328125,5716.609375,86865,0.0,0.0
2007-06-05 00:00:00+09:00,5733.27587890625,5766.60888671875,5566.61083984375,5666.60986328125,96627,0.0,0.0
2007-06-07 00:00:00+09:00,5499.94482421875,5916.607421875,5416.6123046875,5833.27490234375,162538,0.0,0.0
2007-06-08 00:00:00+09:00,5916.607421875,5916.607421875,5599.94384765625,5616.6103515625,33879,0.0,0.0
2007-06-11 00:00:00+09:00,5566.61083984375,5766.60888671875,5433.27880859375,5733.27587890625,95580,0.0,0.0
2007-06-12 00:00:00+09:00,5783.275390625,5799.94189453125,5549.9443359375,5549.9443359375,23091,0.0,0.0
2007-06-13 00:00:00+09:00,5566.61083984375,5733.27587890625,5549.9443359375,5666.60986328125,63711,0.0,0.0
2007-06-14 00:00:00+09:00,5749.9423828125,5933.27392578125,5583.27734375,5833.27490234375,147802,0.0,0.0
2007-06-15 00:00:00+09:00,5933.27392578125,6033.27294921875,5899.94091796875,5999.93994140625,145201,0.0,0.0
2007-06-18 00:00:00+09:00,5983.2734375,5983.2734375,5849.94140625,5883.2744140625,40407,0.0,0.0
2007-06-19 00:00:00+09:00,5833.27490234375,6049.939453125,5783.275390625,5983.2734375,124651,0.0,0.0
2007-06-20 00:00:00+09:00,5999.93994140625,5999.93994140625,5499.94482421875,5499.94482421875,102244,0.0,0.0
2007-06-21 00:00:00+09:00,5499.94482421875,5833.27490234375,5499.94482421875,5599.94384765625,52992,0.0,0.0
2007-06-22 00:00:00+09:00,5666.60986328125,5733.27587890625,5549.9443359375,5666.60986328125,110743,0.0,0.0
2007-06-25 00:00:00+09:00,5733.27587890625,5733.27587890625,5016.61669921875,5166.615234375,212396,0.0,0.0
2007-06-26 00:00:00+09:00,5233.28076171875,5366.61279296875,5099.94921875,5266.61376953125,245600,0.0,0.0
2007-06-27 00:00:00+09:00,5399.94580078125,5466.61181640625,5233.28076171875,5416.6123046875,55101,0.0,0.0
2007-06-28 00:00:00+09:00,5599.94384765625,5666.60986328125,5499.94482421875,5666.60986328125,47664,0.0,0.0
2007-06-29 00:00:00+09:00,5749.9423828125,5766.60888671875,5566.61083984375,5766.60888671875,75303,0.0,0.0
2007-07-02 00:00:00+09:00,5799.94189453125,5816.6083984375,5716.609375,5816.6083984375,44940,0.0,0.0
2007-07-03 00:00:00+09:00,5716.609375,5866.60791015625,5766.60888671875,5833.27490234375,115366,0.0,0.0
2007-07-04 00:00:00+09:00,5716.609375,6066.60595703125,5716.609375,5866.60791015625,115366,0.0,0.0
2007-07-05 00:00:00+09:00,5966.60693359375,6066.60595703125,5833.27490234375,5983.2734375,97164,0.0,0.0
2007-07-06 00:00:00+09:00,6083.2724609375,6116.60546875,5833.27490234375,5966.60693359375,85209,0.0,0.0
2007-07-09 00:00:00+09:00,5999.93994140625,5999.93994140625,5866.60791015625,5899.94091796875,18507,0.0,0.0
2007-07-10 00:00:00+09:00,5833.27490234375,6133.27197265625,5666.60986328125,6133.27197265625,106876,0.0,0.0
2007-07-11 00:00:00+09:00,6066.60595703125,6149.9384765625,5983.2734375,6149.9384765625,45594,0.0,0.0
2007-07-12 00:00:00+09:00,6499.93505859375,6599.93408203125,6166.60498046875,6183.271484375,350649,0.0,0.0
2007-07-13 00:00:00+09:00,6266.60400390625,6499.93505859375,6183.271484375,6399.93603515625,284939,0.0,0.0
2007-07-16 00:00:00+09:00,6566.60107421875,6566.60107421875,6233.27099609375,6299.93701171875,94011,0.0,0.0
2007-07-18 00:00:00+09:00,6199.93798828125,6449.935546875,6199.93798828125,6299.93701171875,69183,0.0,0.0
2007-07-19 00:00:00+09:00,6266.60400390625,6399.93603515625,6266.60400390625,6333.27001953125,79476,0.0,0.0
2007-07-20 00:00:00+09:00,6433.26904296875,6433.26904296875,6216.6044921875,6366.60302734375,89781,0.0,0.0
2007-07-23 00:00:00+09:00,6249.9375,6399.93603515625,6233.27099609375,6233.27099609375,61800,0.0,0.0
2007-07-24 00:00:00+09:00,6333.27001953125,6399.93603515625,6183.271484375,6333.27001953125,183466,0.0,0.0
2007-07-25 00:00:00+09:00,6266.60400390625,6433.26904296875,6233.27099609375,6333.27001953125,91491,0.0,0.0
2007-07-26 00:00:00+09:00,6399.93603515625,6516.6015625,6266.60400390625,6283.2705078125,149866,0.0,0.0
2007-07-27 00:00:00+09:00,6183.271484375,6333.27001953125,6149.9384765625,6199.93798828125,57951,0.0,0.0
2007-07-30 00:00:00+09:00,6266.60400390625,6266.60400390625,5916.607421875,5999.93994140625,33219,0.0,0.0
2007-07-31 00:00:00+09:00,5999.93994140625,6283.2705078125,5883.2744140625,6283.2705078125,126607,0.0,0.0
2007-08-01 00:00:00+09:00,6266.60400390625,6266.60400390625,5899.94091796875,5899.94091796875,27186,0.0,0.0
2007-08-02 00:00:00+09:00,6066.60595703125,6066.60595703125,5766.60888671875,5899.94091796875,55878,0.0,0.0
2007-08-03 00:00:00+09:00,6033.27294921875,6033.27294921875,5799.94189453125,5833.27490234375,65682,0.0,0.0
2007-08-06 00:00:00+09:00,5716.609375,5983.2734375,5233.28076171875,5516.611328125,120079,0.0,0.0
2007-08-07 00:00:00+09:00,5733.27587890625,5799.94189453125,5433.27880859375,5799.94189453125,81312,0.0,0.0
2007-08-08 00:00:00+09:00,5849.94140625,5999.93994140625,5716.609375,5783.275390625,87987,0.0,0.0
2007-08-09 00:00:00+09:00,5699.94287109375,5983.2734375,5699.94287109375,5983.2734375,42513,0.0,0.0
2007-08-10 00:00:00+09:00,5966.60693359375,5966.60693359375,5516.611328125,5649.943359375,81144,0.0,0.0
2007-08-13 00:00:00+09:00,5649.943359375,5733.27587890625,5499.94482421875,5666.60986328125,112303,0.0,0.0
2007-08-14 00:00:00+09:00,5666.60986328125,5683.2763671875,5049.94970703125,5233.28076171875,101608,0.0,0.0
2007-08-16 00:00:00+09:00,4966.6171875,4966.6171875,4449.95556640625,4666.6201171875,144232,0.0,0.0
2007-08-17 00:00:00+09:00,4833.28515625,4983.28369140625,4666.6201171875,4733.2861328125,127279,0.0,0.0
2007-08-20 00:00:00+09:00,4866.6181640625,5233.28076171875,4866.6181640625,5166.615234375,109855,0.0,0.0
2007-08-21 00:00:00+09:00,5266.61376953125,5566.61083984375,5033.283203125,5499.94482421875,102865,0.0,0.0
2007-08-22 00:00:00+09:00,5566.61083984375,5983.2734375,5399.94580078125,5933.27392578125,125992,0.0,0.0
2007-08-23 00:00:00+09:00,6066.60595703125,6099.93896484375,5799.94189453125,5933.27392578125,65481,0.0,0.0
2007-08-24 00:00:00+09:00,5933.27392578125,6433.26904296875,5699.94287109375,5866.60791015625,408745,0.0,0.0
2007-08-27 00:00:00+09:00,6066.60595703125,6099.93896484375,5866.60791015625,5983.2734375,116419,0.0,0.0
2007-08-28 00:00:00+09:00,6033.27294921875,6033.27294921875,5733.27587890625,5999.93994140625,60462,0.0,0.0
2007-08-29 00:00:00+09:00,5666.60986328125,5999.93994140625,5666.60986328125,5966.60693359375,114451,0.0,0.0
2007-08-30 00:00:00+09:00,5983.2734375,6099.93896484375,5916.607421875,5916.607421875,81846,0.0,0.0
2007-08-31 00:00:00+09:00,5899.94091796875,6166.60498046875,5899.94091796875,6166.60498046875,132895,0.0,0.0
2007-09-03 00:00:00+09:00,6183.271484375,7083.2626953125,6183.271484375,6466.60205078125,619245,0.0,0.0
2007-09-04 00:00:00+09:00,6533.26806640625,6883.2646484375,6499.93505859375,6616.6005859375,162913,0.0,0.0
2007-09-05 00:00:00+09:00,6633.26708984375,6783.265625,6633.26708984375,6749.9326171875,99552,0.0,0.0
2007-09-06 00:00:00+09:00,6566.60107421875,6849.931640625,6566.60107421875,6683.2666015625,90543,0.0,0.0
2007-09-07 00:00:00+09:00,6683.2666015625,6899.93115234375,6666.60009765625,6899.93115234375,262823,0.0,0.0
2007-09-10 00:00:00+09:00,6866.59814453125,6999.93017578125,6699.93310546875,6999.93017578125,125959,0.0,0.0
2007-09-11 00:00:00+09:00,6966.59716796875,7166.59521484375,6966.59716796875,7166.59521484375,148723,0.0,0.0
2007-09-12 00:00:00+09:00,7299.9267578125,7299.9267578125,6833.26513671875,6999.93017578125,219656,0.0,0.0
2007-09-13 00:00:00+09:00,6999.93017578125,7233.26123046875,6849.931640625,7199.92822265625,122035,0.0,0.0
2007-09-14 00:00:00+09:00,7283.2607421875,7399.92578125,7199.92822265625,7299.9267578125,156343,0.0,0.0
2007-09-17 00:00:00+09:00,7233.26123046875,7483.25830078125,7233.26123046875,7333.259765625,158341,0.0,0.0
2007-09-18 00:00:00+09:00,7233.26123046875,7399.92578125,6849.931640625,7233.26123046875,181576,0.0,0.0
2007-09-19 00:00:00+09:00,7116.595703125,7599.923828125,7116.595703125,7366.5927734375,333279,0.0,0.0
2007-09-20 00:00:00+09:00,7399.92578125,7466.591796875,7216.5947265625,7433.2587890625,130699,0.0,0.0
2007-09-21 00:00:00+09:00,7466.591796875,7666.58984375,7299.9267578125,7533.2578125,112057,0.0,0.0
2007-09-27 00:00:00+09:00,7583.25732421875,8066.5859375,7583.25732421875,7849.92138671875,177163,0.0,0.0
2007-09-28 00:00:00+09:00,7983.25341796875,8233.2509765625,7866.587890625,8099.9189453125,138184,0.0,0.0
2007-10-01 00:00:00+09:00,8299.9169921875,8933.244140625,8299.9169921875,8666.580078125,358593,0.0,0.0
2007-10-02 00:00:00+09:00,8833.2451171875,8833.2451171875,8416.58203125,8583.2470703125,187507,0.0,0.0
2007-10-04 00:00:00+09:00,8883.244140625,8883.244140625,8466.58203125,8499.9150390625,158989,0.0,0.0
2007-10-05 00:00:00+09:00,8333.25,8499.9150390625,7999.919921875,8499.9150390625,254006,0.0,0.0
2007-10-08 00:00:00+09:00,8333.25,8666.580078125,8199.91796875,8366.5830078125,145750,0.0,0.0
2007-10-09 00:00:00+09:00,8199.91796875,8333.25,7949.92041015625,8249.91796875,236774,0.0,0.0
2007-10-10 00:00:00+09:00,8433.2490234375,8433.2490234375,8066.5859375,8249.91796875,179461,0.0,0.0
2007-10-11 00:00:00+09:00,8333.25,8733.24609375,7999.919921875,8666.580078125,213083,0.0,0.0
2007-10-12 00:00:00+09:00,8799.912109375,8833.2451171875,8383.2490234375,8499.9150390625,142546,0.0,0.0
2007-10-15 00:00:00+09:00,8499.9150390625,8916.5771484375,8499.9150390625,8866.578125,248837,0.0,0.0
2007-10-16 00:00:00+09:00,8866.578125,9499.9052734375,7749.92236328125,7866.587890625,726493,0.0,0.0
2007-10-17 00:00:00+09:00,7966.5869140625,8483.248046875,7333.259765625,7666.58984375,455860,0.0,0.0
2007-10-18 00:00:00+09:00,7499.9248046875,8099.9189453125,7399.92578125,7999.919921875,148534,0.0,0.0
2007-10-19 00:00:00+09:00,7866.587890625,8166.5849609375,7783.25537109375,7966.5869140625,135268,0.0,0.0
2007-10-22 00:00:00+09:00,7533.2578125,8533.248046875,7499.9248046875,8516.5810546875,200114,0.0,0.0
2007-10-23 00:00:00+09:00,8466.58203125,8833.2451171875,8416.58203125,8649.9130859375,150130,0.0,0.0
2007-10-24 00:00:00+09:00,8683.24609375,8699.9130859375,8199.91796875,8366.5830078125,220400,0.0,0.0
2007-10-25 00:00:00+09:00,8183.25146484375,8399.916015625,7583.25732421875,7866.587890625,284381,0.0,0.0
2007-10-26 00:00:00+09:00,7966.5869140625,8349.916015625,7866.587890625,8266.583984375,151240,0.0,0.0
2007-10-29 00:00:00+09:00,8433.2490234375,8483.248046875,8149.91845703125,8349.916015625,180721,0.0,0.0
2007-10-30 00:00:00+09:00,8349.916015625,8433.2490234375,7966.5869140625,8083.25244140625,297908,0.0,0.0
2007-10-31 00:00:00+09:00,8990.0,8990.0,8100.0,8120.0,133806,0.0,0.3333333333333333
2007-11-01 00:00:00+09:00,8040.0,8210.0,7750.0,8200.0,113316,0.0,0.0
2007-11-02 00:00:00+09:00,8000.0,8490.0,7930.0,8180.0,51386,0.0,0.0
2007-11-05 00:00:00+09:00,7990.0,8560.0,7990.0,8200.0,143899,0.0,0.0
2007-11-06 00:00:00+09:00,8070.0,8400.0,7930.0,8100.0,82798,0.0,0.0
2007-11-07 00:00:00+09:00,8100.0,8100.0,7840.0,7980.0,66603,0.0,0.0
2007-11-08 00:00:00+09:00,8000.0,8000.0,7190.0,8000.0,155830,0.0,0.0
2007-11-09 00:00:00+09:00,7780.0,8000.0,7480.0,7950.0,134563,0.0,0.0
2007-11-12 00:00:00+09:00,7770.0,7920.0,7360.0,7700.0,106800,0.0,0.0
2007-11-13 00:00:00+09:00,7700.0,7700.0,7400.0,7560.0,70665,0.0,0.0
2007-11-14 00:00:00+09:00,7570.0,7670.0,7310.0,7350.0,64625,0.0,0.0
2007-11-15 00:00:00+09:00,7200.0,7450.0,7080.0,7430.0,63970,0.0,0.0
2007-11-16 00:00:00+09:00,7190.0,7410.0,7140.0,7320.0,35719,0.0,0.0
2007-11-19 00:00:00+09:00,7210.0,7370.0,7130.0,7220.0,31392,0.0,0.0
2007-11-20 00:00:00+09:00,6930.0,7050.0,6520.0,6930.0,240260,0.0,0.0
2007-11-21 00:00:00+09:00,6810.0,6810.0,6140.0,6380.0,201054,0.0,0.0
2007-11-22 00:00:00+09:00,6300.0,6300.0,5700.0,6100.0,298167,0.0,0.0
2007-11-23 00:00:00+09:00,5900.0,6100.0,5550.0,5720.0,180474,0.0,0.0
2007-11-26 00:00:00+09:00,5610.0,6200.0,5610.0,6200.0,194746,0.0,0.0
2007-11-27 00:00:00+09:00,6000.0,6270.0,5870.0,6200.0,61862,0.0,0.0
2007-11-28 00:00:00+09:00,6220.0,6570.0,6000.0,6190.0,182919,0.0,0.0
2007-11-29 00:00:00+09:00,6230.0,6460.0,6110.0,6300.0,128358,0.0,0.0
2007-11-30 00:00:00+09:00,6300.0,6420.0,6130.0,6400.0,161035,0.0,0.0
2007-12-03 00:00:00+09:00,6430.0,6430.0,6230.0,6230.0,75655,0.0,0.0
2007-12-04 00:00:00+09:00,6290.0,6330.0,6100.0,6210.0,84612,0.0,0.0
2007-12-05 00:00:00+09:00,6120.0,6270.0,5990.0,6200.0,237655,0.0,0.0
2007-12-06 00:00:00+09:00,6210.0,6270.0,6100.0,6180.0,161336,0.0,0.0
2007-12-07 00:00:00+09:00,7350.0,6590.0,6110.0,6230.0,8324567,0.0,0.0
2007-12-10 00:00:00+09:00,7160.0,7160.0,6820.0,7160.0,2673997,0.0,0.0
2007-12-11 00:00:00+09:00,7350.0,7910.0,6090.0,6090.0,8324567,0.0,0.0
2007-12-12 00:00:00+09:00,5940.0,6600.0,5410.0,5490.0,1347919,0.0,0.0
2007-12-13 00:00:00+09:00,5590.0,5890.0,5500.0,5560.0,966229,0.0,0.0
2007-12-14 00:00:00+09:00,5610.0,6290.0,5610.0,6060.0,1972929,0.0,0.0
2007-12-17 00:00:00+09:00,6060.0,6370.0,5880.0,5960.0,611733,0.0,0.0
2007-12-18 00:00:00+09:00,5770.0,6000.0,5620.0,5710.0,551208,0.0,0.0
2007-12-20 00:00:00+09:00,5650.0,5900.0,5170.0,5210.0,674833,0.0,0.0
2007-12-21 00:00:00+09:00,5130.0,5350.0,4985.0,5350.0,313840,0.0,0.0
2007-12-24 00:00:00+09:00,5360.0,5530.0,5240.0,5470.0,186382,0.0,0.0
2007-12-26 00:00:00+09:00,5410.0,5520.0,5350.0,5470.0,149715,0.0,0.0
2007-12-27 00:00:00+09:00,5410.0,5540.0,5330.0,5470.0,149715,0.0,0.0
2007-12-28 00:00:00+09:00,5370.0,5640.0,5370.0,5570.0,124989,0.0,0.0
2008-01-02 00:00:00+09:00,5600.0,5800.0,5480.0,5670.0,106866,0.0,0.0
2008-01-03 00:00:00+09:00,5510.0,5600.0,5450.0,5500.0,133683,0.0,0.0
2008-01-04 00:00:00+09:00,5510.0,5560.0,5270.0,5450.0,218784,0.0,0.0
2008-01-07 00:00:00+09:00,5370.0,5570.0,5270.0,5570.0,130802,0.0,0.0
2008-01-08 00:00:00+09:00,5600.0,5600.0,5450.0,5460.0,87375,0.0,0.0
2008-01-09 00:00:00+09:00,5310.0,5680.0,5300.0,5650.0,192187,0.0,0.0
2008-01-10 00:00:00+09:00,5650.0,6240.0,5650.0,6000.0,451587,0.0,0.0
2008-01-11 00:00:00+09:00,6100.0,6200.0,5830.0,6030.0,272001,0.0,0.0
2008-01-14 00:00:00+09:00,5980.0,6110.0,5830.0,5970.0,219301,0.0,0.0
2008-01-15 00:00:00+09:00,6000.0,6160.0,5880.0,5940.0,203748,0.0,0.0
2008-01-16 00:00:00+09:00,5920.0,5950.0,5720.0,5890.0,180561,0.0,0.0
2008-01-17 00:00:00+09:00,5950.0,6050.0,5770.0,5770.0,207234,0.0,0.0
2008-01-18 00:00:00+09:00,5800.0,5940.0,5580.0,5940.0,190226,0.0,0.0
2008-01-21 00:00:00+09:00,6000.0,6000.0,5650.0,5650.0,120211,0.0,0.0
2008-01-22 00:00:00+09:00,5430.0,5670.0,4820.0,4895.0,350957,0.0,0.0
2008-01-23 00:00:00+09:00,4945.0,5120.0,4800.0,4950.0,265491,0.0,0.0
2008-01-24 00:00:00+09:00,5000.0,5140.0,4990.0,5040.0,167132,0.0,0.0
2008-01-25 00:00:00+09:00,5080.0,5150.0,5040.0,5040.0,117630,0.0,0.0
2008-01-28 00:00:00+09:00,5300.0,5330.0,5020.0,5020.0,233359,0.0,0.0
2008-01-29 00:00:00+09:00,5110.0,5190.0,5020.0,5020.0,160857,0.0,0.0
2008-01-30 00:00:00+09:00,5090.0,5100.0,4830.0,4950.0,162853,0.0,0.0
2008-01-31 00:00:00+09:00,4900.0,5160.0,4850.0,5150.0,114879,0.0,0.0
2008-02-01 00:00:00+09:00,5150.0,5170.0,5030.0,5050.0,61650,0.0,0.0
2008-02-04 00:00:00+09:00,5150.0,5150.0,5050.0,5050.0,61650,0.0,0.0
2008-02-05 00:00:00+09:00,5000.0,5050.0,4920.0,4985.0,118208,0.0,0.0
2008-02-11 00:00:00+09:00,4940.0,5020.0,4900.0,4995.0,40404,0.0,0.0
2008-02-12 00:00:00+09:00,4990.0,5070.0,4955.0,5070.0,54930,0.0,0.0
2008-02-13 00:00:00+09:00,5060.0,5160.0,4990.0,5040.0,118294,0.0,0.0
2008-02-14 00:00:00+09:00,5110.0,5160.0,5040.0,5140.0,125419,0.0,0.0
2008-02-15 00:00:00+09:00,5130.0,5290.0,5020.0,5040.0,199586,0.0,0.0
2008-02-18 00:00:00+09:00,5030.0,5180.0,5030.0,5060.0,150508,0.0,0.0
2008-02-19 00:00:00+09:00,5350.0,5300.0,5080.0,5300.0,499997,0.0,0.0
2008-02-20 00:00:00+09:00,5350.0,5550.0,5230.0,5280.0,499997,0.0,0.0
2008-02-21 00:00:00+09:00,5100.0,5470.0,5100.0,5280.0,311838,0.0,0.0
2008-02-22 00:00:00+09:00,5150.0,5560.0,5150.0,5550.0,258798,0.0,0.0
2008-02-25 00:00:00+09:00,5600.0,5740.0,5430.0,5720.0,220673,0.0,0.0
2008-02-26 00:00:00+09:00,5790.0,6030.0,5680.0,6010.0,307832,0.0,0.0
2008-02-27 00:00:00+09:00,6250.0,6470.0,6000.0,6290.0,956438,0.0,0.0
2008-02-28 00:00:00+09:00,6200.0,6410.0,6110.0,6290.0,273461,0.0,0.0
2008-02-29 00:00:00+09:00,6260.0,6290.0,6070.0,6290.0,301801,0.0,0.0
2008-03-03 00:00:00+09:00,6140.0,6360.0,6010.0,6300.0,176058,0.0,0.0
2008-03-04 00:00:00+09:00,6300.0,6400.0,6110.0,6130.0,152036,0.0,0.0
2008-03-05 00:00:00+09:00,6120.0,6230.0,6010.0,6020.0,98639,0.0,0.0
2008-03-06 00:00:00+09:00,6130.0,6140.0,5990.0,6070.0,136500,0.0,0.0
2008-03-07 00:00:00+09:00,6000.0,6130.0,5840.0,6050.0,107077,0.0,0.0
2008-03-10 00:00:00+09:00,6010.0,6070.0,5650.0,5700.0,191010,0.0,0.0
2008-03-11 00:00:00+09:00,5610.0,5750.0,5560.0,5610.0,263349,0.0,0.0
2008-03-12 00:00:00+09:00,5740.0,5820.0,5530.0,5530.0,197808,0.0,0.0
2008-03-13 00:00:00+09:00,5450.0,5570.0,5190.0,5270.0,232993,0.0,0.0
2008-03-14 00:00:00+09:00,5390.0,5420.0,5170.0,5320.0,183286,0.0,0.0
2008-03-17 00:00:00+09:00,5300.0,5300.0,5060.0,5180.0,53924,0.0,0.0
2008-03-18 00:00:00+09:00,5120.0,5200.0,5010.0,5020.0,149386,0.0,0.0
2008-03-19 00:00:00+09:00,5120.0,5240.0,5060.0,5150.0,140875,0.0,0.0
2008-03-20 00:00:00+09:00,5150.0,5250.0,5080.0,5250.0,87247,0.0,0.0
2008-03-21 00:00:00+09:00,5300.0,5330.0,5200.0,5200.0,64894,0.0,0.0
2008-03-24 00:00:00+09:00,5250.0,5290.0,5110.0,5120.0,127104,0.0,0.0
2008-03-25 00:00:00+09:00,5200.0,5240.0,5070.0,5100.0,166771,0.0,0.0
2008-03-26 00:00:00+09:00,5100.0,5160.0,5050.0,5130.0,85660,0.0,0.0
2008-03-27 00:00:00+09:00,5100.0,5260.0,5060.0,5060.0,119779,0.0,0.0
2008-03-28 00:00:00+09:00,5090.0,5140.0,5060.0,5120.0,77475,0.0,0.0
2008-03-31 00:00:00+09:00,5120.0,5450.0,5050.0,5350.0,136712,0.0,0.0
2008-04-01 00:00:00+09:00,5350.0,5370.0,5230.0,5260.0,81340,0.0,0.0
2008-04-02 00:00:00+09:00,5200.0,5360.0,5190.0,5200.0,79512,0.0,0.0
2008-04-03 00:00:00+09:00,5200.0,5240.0,5130.0,5200.0,79512,0.0,0.0
2008-04-04 00:00:00+09:00,5220.0,5280.0,5150.0,5240.0,63258,0.0,0.0
2008-04-07 00:00:00+09:00,5210.0,5260.0,5120.0,5150.0,111117,0.0,0.0
2008-04-08 00:00:00+09:00,5100.0,5160.0,5060.0,5070.0,132464,0.0,0.0
2008-04-10 00:00:00+09:00,5090.0,5120.0,5000.0,5040.0,177167,0.0,0.0
2008-04-11 00:00:00+09:00,5010.0,5060.0,4960.0,5000.0,157024,0.0,0.0
2008-04-14 00:00:00+09:00,4945.0,4990.0,4900.0,4945.0,147568,0.0,0.0
2008-04-15 00:00:00+09:00,4810.0,5040.0,4810.0,4910.0,149108,0.0,0.0
2008-04-16 00:00:00+09:00,4910.0,4975.0,4910.0,4910.0,189751,0.0,0.0
2008-04-17 00:00:00+09:00,4925.0,4975.0,4840.0,4850.0,215661,0.0,0.0
2008-04-18 00:00:00+09:00,4860.0,4910.0,4840.0,4890.0,99954,0.0,0.0
2008-04-21 00:00:00+09:00,4935.0,4950.0,4870.0,4900.0,134073,0.0,0.0
2008-04-22 00:00:00+09:00,4900.0,4945.0,4860.0,4915.0,103668,0.0,0.0
2008-04-23 00:00:00+09:00,4905.0,4905.0,4840.0,4895.0,118889,0.0,0.0
2008-04-24 00:00:00+09:00,4895.0,4930.0,4835.0,4895.0,147522,0.0,0.0
2008-04-25 00:00:00+09:00,4860.0,4900.0,4815.0,4820.0,188510,0.0,0.0
2008-04-28 00:00:00+09:00,4800.0,4900.0,4800.0,4840.0,153538,0.0,0.0
2008-04-29 00:00:00+09:00,4845.0,5200.0,4845.0,5190.0,457266,0.0,0.0
2008-04-30 00:00:00+09:00,5300.0,5340.0,5090.0,5100.0,246534,0.0,0.0
2008-05-02 00:00:00+09:00,5100.0,5300.0,5100.0,5280.0,136466,0.0,0.0
2008-05-06 00:00:00+09:00,5310.0,5320.0,4570.0,4970.0,257993,0.0,0.0
2008-05-07 00:00:00+09:00,4940.0,5010.0,4805.0,4835.0,350108,0.0,0.0
2008-05-08 00:00:00+09:00,4800.0,4855.0,4780.0,4780.0,167001,0.0,0.0
2008-05-09 00:00:00+09:00,4780.0,4835.0,4675.0,4720.0,239987,0.0,0.0
2008-05-13 00:00:00+09:00,4730.0,4800.0,4690.0,4720.0,99250,0.0,0.0
2008-05-14 00:00:00+09:00,4640.0,4700.0,4550.0,4570.0,232806,0.0,0.0
2008-05-15 00:00:00+09:00,4575.0,4685.0,4575.0,4650.0,84266,0.0,0.0
2008-05-16 00:00:00+09:00,4610.0,4700.0,4590.0,4620.0,64590,0.0,0.0
2008-05-19 00:00:00+09:00,4610.0,4670.0,4585.0,4620.0,64590,0.0,0.0
2008-05-20 00:00:00+09:00,4610.0,4675.0,4575.0,4585.0,61197,0.0,0.0
2008-05-21 00:00:00+09:00,4575.0,4625.0,4555.0,4610.0,111418,0.0,0.0
2008-05-22 00:00:00+09:00,4570.0,4630.0,4550.0,4600.0,88546,0.0,0.0
2008-05-23 00:00:00+09:00,4565.0,4610.0,4550.0,4560.0,67957,0.0,0.0
2008-05-26 00:00:00+09:00,4560.0,4630.0,4300.0,4445.0,75089,0.0,0.0
2008-05-27 00:00:00+09:00,4405.0,4475.0,4260.0,4260.0,108051,0.0,0.0
2008-05-28 00:00:00+09:00,4595.0,4895.0,4375.0,4440.0,925930,0.0,0.0
2008-05-29 00:00:00+09:00,4520.0,4580.0,4300.0,4340.0,237900,0.0,0.0
2008-05-30 00:00:00+09:00,4325.0,4485.0,4310.0,4420.0,252110,0.0,0.0
2008-06-02 00:00:00+09:00,4400.0,4470.0,4380.0,4425.0,147714,0.0,0.0
2008-06-03 00:00:00+09:00,4445.0,4745.0,4440.0,4640.0,371256,0.0,0.0
2008-06-04 00:00:00+09:00,4725.0,4725.0,4490.0,4505.0,234623,0.0,0.0
2008-06-05 00:00:00+09:00,4505.0,4545.0,4335.0,4345.0,254818,0.0,0.0
2008-06-09 00:00:00+09:00,4290.0,4385.0,4170.0,4260.0,156382,0.0,0.0
2008-06-10 00:00:00+09:00,4235.0,4310.0,4160.0,4165.0,122699,0.0,0.0
2008-06-11 00:00:00+09:00,4175.0,4275.0,4150.0,4160.0,76125,0.0,0.0
2008-06-12 00:00:00+09:00,4160.0,4165.0,3970.0,4000.0,173193,0.0,0.0
2008-06-13 00:00:00+09:00,4005.0,4055.0,3850.0,3865.0,151649,0.0,0.0
2008-06-16 00:00:00+09:00,3880.0,4085.0,3880.0,3950.0,130574,0.0,0.0
2008-06-17 00:00:00+09:00,3900.0,4025.0,3845.0,3850.0,98210,0.0,0.0
2008-06-18 00:00:00+09:00,3860.0,3935.0,3855.0,3905.0,65776,0.0,0.0
2008-06-19 00:00:00+09:00,3920.0,4005.0,3870.0,3970.0,61063,0.0,0.0
2008-06-20 00:00:00+09:00,3965.0,4250.0,3965.0,4205.0,363412,0.0,0.0
2008-06-23 00:00:00+09:00,4080.0,4400.0,4070.0,4170.0,344156,0.0,0.0
2008-06-24 00:00:00+09:00,4180.0,4205.0,4005.0,4005.0,187669,0.0,0.0
2008-06-25 00:00:00+09:00,4015.0,4290.0,4010.0,4200.0,204133,0.0,0.0
2008-06-26 00:00:00+09:00,4320.0,4575.0,4135.0,4390.0,734427,0.0,0.0
2008-06-27 00:00:00+09:00,4290.0,4460.0,4150.0,4400.0,222397,0.0,0.0
2008-06-30 00:00:00+09:00,4390.0,4540.0,4355.0,4365.0,180122,0.0,0.0
2008-07-01 00:00:00+09:00,4340.0,4400.0,3960.0,4100.0,172056,0.0,0.0
2008-07-02 00:00:00+09:00,4065.0,4135.0,3710.0,3840.0,179490,0.0,0.0
2008-07-03 00:00:00+09:00,3700.0,3800.0,3585.0,3730.0,324674,0.0,0.0
2008-07-04 00:00:00+09:00,3660.0,3800.0,3500.0,3525.0,135008,0.0,0.0
2008-07-07 00:00:00+09:00,3370.0,3490.0,3265.0,3360.0,232784,0.0,0.0
2008-07-08 00:00:00+09:00,3330.0,3450.0,2920.0,2950.0,305187,0.0,0.0
2008-07-09 00:00:00+09:00,3090.0,3100.0,2965.0,3030.0,310349,0.0,0.0
2008-07-10 00:00:00+09:00,2810.0,3040.0,2810.0,3040.0,96336,0.0,0.0
2008-07-11 00:00:00+09:00,3040.0,3340.0,3035.0,3300.0,124840,0.0,0.0
2008-07-14 00:00:00+09:00,3155.0,3335.0,3155.0,3280.0,91285,0.0,0.0
2008-07-15 00:00:00+09:00,3205.0,3285.0,3060.0,3135.0,100934,0.0,0.0
2008-07-16 00:00:00+09:00,3105.0,3180.0,2995.0,3080.0,74656,0.0,0.0
2008-07-17 00:00:00+09:00,3230.0,3230.0,3070.0,3095.0,72877,0.0,0.0
2008-07-18 00:00:00+09:00,3135.0,3145.0,3045.0,3060.0,72276,0.0,0.0
2008-07-21 00:00:00+09:00,3120.0,3170.0,3080.0,3130.0,67011,0.0,0.0
2008-07-22 00:00:00+09:00,3170.0,3285.0,3110.0,3240.0,217496,0.0,0.0
2008-07-23 00:00:00+09:00,3285.0,3350.0,3160.0,3295.0,237640,0.0,0.0
2008-07-24 00:00:00+09:00,3300.0,3405.0,3190.0,3385.0,242568,0.0,0.0
2008-07-25 00:00:00+09:00,3370.0,3370.0,3275.0,3325.0,96062,0.0,0.0
2008-07-28 00:00:00+09:00,3370.0,3370.0,3245.0,3285.0,82190,0.0,0.0
2008-07-29 00:00:00+09:00,3205.0,3270.0,3115.0,3115.0,106834,0.0,0.0
2008-07-30 00:00:00+09:00,3150.0,3220.0,3130.0,3190.0,51318,0.0,0.0
2008-07-31 00:00:00+09:00,3055.0,3250.0,3085.0,3095.0,67632,0.0,0.0
2008-08-01 00:00:00+09:00,3055.0,3140.0,3030.0,3090.0,67632,0.0,0.0
2008-08-04 00:00:00+09:00,3300.0,3330.0,3080.0,3265.0,2699889,0.0,0.0
2008-08-05 00:00:00+09:00,3300.0,3750.0,3270.0,3750.0,2699889,0.0,0.0
2008-08-06 00:00:00+09:00,3845.0,4160.0,3835.0,3930.0,3189805,0.0,0.0
2008-08-07 00:00:00+09:00,3940.0,4125.0,3750.0,4070.0,1352332,0.0,0.0
2008-08-08 00:00:00+09:00,4105.0,4200.0,3895.0,3895.0,1107578,0.0,0.0
2008-08-11 00:00:00+09:00,4000.0,4165.0,3710.0,3740.0,1132226,0.0,0.0
2008-08-12 00:00:00+09:00,3830.0,3865.0,3655.0,3800.0,509859,0.0,0.0
2008-08-13 00:00:00+09:00,3835.0,3960.0,3680.0,3700.0,501783,0.0,0.0
2008-08-14 00:00:00+09:00,3700.0,3750.0,3535.0,3615.0,325302,0.0,0.0
2008-08-18 00:00:00+09:00,3660.0,3960.0,3650.0,3930.0,850153,0.0,0.0
2008-08-19 00:00:00+09:00,3910.0,4180.0,3840.0,4010.0,1221235,0.0,0.0
2008-08-20 00:00:00+09:00,4000.0,4060.0,3770.0,3805.0,490781,0.0,0.0
2008-08-21 00:00:00+09:00,3855.0,4250.0,3685.0,4010.0,1327277,0.0,0.0
2008-08-22 00:00:00+09:00,4150.0,4330.0,3825.0,4000.0,2492614,0.0,0.0
2008-08-25 00:00:00+09:00,4080.0,4110.0,3850.0,3850.0,533568,0.0,0.0
2008-08-26 00:00:00+09:00,3740.0,3840.0,3275.0,3500.0,663146,0.0,0.0
2008-08-27 00:00:00+09:00,3500.0,3500.0,3100.0,3350.0,525981,0.0,0.0
2008-08-28 00:00:00+09:00,3420.0,3590.0,3380.0,3410.0,208302,0.0,0.0
2008-08-29 00:00:00+09:00,3425.0,3545.0,3280.0,3455.0,205988,0.0,0.0
2008-09-01 00:00:00+09:00,3430.0,3430.0,3100.0,3100.0,244316,0.0,0.0
2008-09-02 00:00:00+09:00,3010.0,3230.0,2675.0,3015.0,252332,0.0,0.0
2008-09-03 00:00:00+09:00,3015.0,3150.0,3015.0,3100.0,155357,0.0,0.0
2008-09-04 00:00:00+09:00,3035.0,3480.0,3035.0,3420.0,367921,0.0,0.0
2008-09-05 00:00:00+09:00,3320.0,3560.0,3290.0,3515.0,258002,0.0,0.0
2008-09-08 00:00:00+09:00,3570.0,3750.0,3530.0,3750.0,406998,0.0,0.0
2008-09-09 00:00:00+09:00,3800.0,3835.0,3695.0,3825.0,373600,0.0,0.0
2008-09-10 00:00:00+09:00,3770.0,3985.0,3695.0,3985.0,314701,0.0,0.0
2008-09-11 00:00:00+09:00,3975.0,4030.0,3820.0,3940.0,184247,0.0,0.0
2008-09-12 00:00:00+09:00,4140.0,4145.0,3935.0,3950.0,317129,0.0,0.0
2008-09-16 00:00:00+09:00,3480.0,3765.0,3480.0,3765.0,280399,0.0,0.0
2008-09-17 00:00:00+09:00,3880.0,4310.0,3830.0,4000.0,1043294,0.0,0.0
2008-09-18 00:00:00+09:00,3840.0,4120.0,3720.0,3850.0,464684,0.0,0.0
2008-09-19 00:00:00+09:00,4000.0,4050.0,3805.0,3920.0,505072,0.0,0.0
2008-09-22 00:00:00+09:00,3960.0,4150.0,3810.0,4030.0,498901,0.0,0.0
2008-09-23 00:00:00+09:00,4000.0,4550.0,4000.0,4410.0,1440344,0.0,0.0
2008-09-24 00:00:00+09:00,4480.0,4485.0,4250.0,4365.0,548017,0.0,0.0
2008-09-25 00:00:00+09:00,4370.0,4550.0,4270.0,4550.0,644117,0.0,0.0
2008-09-26 00:00:00+09:00,4600.0,4655.0,3880.0,3935.0,1780058,0.0,0.0
2008-09-29 00:00:00+09:00,4000.0,4010.0,3610.0,3700.0,1086532,0.0,0.0
2008-09-30 00:00:00+09:00,3360.0,3735.0,3310.0,3540.0,1005161,0.0,0.0
2008-10-01 00:00:00+09:00,3615.0,3675.0,3500.0,3500.0,419862,0.0,0.0
2008-10-02 00:00:00+09:00,3515.0,3585.0,3345.0,3400.0,353770,0.0,0.0
2008-10-06 00:00:00+09:00,3290.0,3390.0,3260.0,3310.0,193863,0.0,0.0
2008-10-07 00:00:00+09:00,3180.0,3300.0,3110.0,3300.0,325499,0.0,0.0
2008-10-08 00:00:00+09:00,3200.0,3250.0,2955.0,2980.0,334538,0.0,0.0
2008-10-09 00:00:00+09:00,2960.0,3075.0,2810.0,2915.0,310675,0.0,0.0
2008-10-10 00:00:00+09:00,2750.0,2850.0,2515.0,2765.0,361681,0.0,0.0
2008-10-13 00:00:00+09:00,3150.0,3050.0,2825.0,3025.0,653533,0.0,0.0
2008-10-14 00:00:00+09:00,3150.0,3475.0,3150.0,3475.0,653533,0.0,0.0
2008-10-15 00:00:00+09:00,3400.0,3855.0,3400.0,3740.0,899223,0.0,0.0
2008-10-16 00:00:00+09:00,3550.0,3810.0,3400.0,3670.0,585089,0.0,0.0
2008-10-17 00:00:00+09:00,3800.0,3890.0,3420.0,3610.0,318877,0.0,0.0
2008-10-20 00:00:00+09:00,3615.0,3695.0,3315.0,3360.0,218534,0.0,0.0
2008-10-21 00:00:00+09:00,3420.0,3520.0,3250.0,3350.0,173066,0.0,0.0
2008-10-22 00:00:00+09:00,3290.0,3395.0,3100.0,3295.0,154701,0.0,0.0
2008-10-23 00:00:00+09:00,3025.0,3160.0,2900.0,2990.0,203326,0.0,0.0
2008-10-24 00:00:00+09:00,2890.0,3085.0,2550.0,2605.0,235983,0.0,0.0
2008-10-27 00:00:00+09:00,2400.0,2790.0,2400.0,2410.0,258393,0.0,0.0
2008-10-28 00:00:00+09:00,2160.0,2770.0,2160.0,2765.0,269667,0.0,0.0
2008-10-29 00:00:00+09:00,2985.0,3050.0,2600.0,2750.0,341736,0.0,0.0
2008-10-30 00:00:00+09:00,3005.0,3160.0,2850.0,3155.0,272210,0.0,0.0
2008-10-31 00:00:00+09:00,2920.0,3245.0,2920.0,3085.0,287296,0.0,0.0
2008-11-03 00:00:00+09:00,3175.0,3380.0,3120.0,3250.0,304365,0.0,0.0
2008-11-04 00:00:00+09:00,3250.0,3400.0,3185.0,3225.0,232977,0.0,0.0
2008-11-05 00:00:00+09:00,3100.0,3490.0,3175.0,3280.0,368988,0.0,0.0
2008-11-06 00:00:00+09:00,3100.0,3120.0,2790.0,2790.0,368988,0.0,0.0
2008-11-07 00:00:00+09:00,2535.0,3040.0,2535.0,2930.0,167425,0.0,0.0
2008-11-10 00:00:00+09:00,2990.0,3065.0,2905.0,2965.0,126831,0.0,0.0
2008-11-11 00:00:00+09:00,2950.0,2990.0,2865.0,2895.0,103555,0.0,0.0
2008-11-12 00:00:00+09:00,2810.0,2920.0,2770.0,2895.0,82472,0.0,0.0
2008-11-13 00:00:00+09:00,2740.0,2800.0,2670.0,2770.0,139760,0.0,0.0
2008-11-14 00:00:00+09:00,2910.0,2925.0,2790.0,2840.0,80012,0.0,0.0
2008-11-17 00:00:00+09:00,2840.0,2940.0,2750.0,2860.0,76419,0.0,0.0
2008-11-18 00:00:00+09:00,2835.0,2915.0,2835.0,2900.0,68503,0.0,0.0
2008-11-19 00:00:00+09:00,3190.0,3190.0,2940.0,2965.0,337907,0.0,0.0
2008-11-20 00:00:00+09:00,2890.0,2945.0,2715.0,2770.0,208614,0.0,0.0
2008-11-21 00:00:00+09:00,2660.0,3000.0,2660.0,2980.0,183664,0.0,0.0
2008-11-24 00:00:00+09:00,3000.0,3080.0,2900.0,2900.0,106697,0.0,0.0
2008-11-25 00:00:00+09:00,3050.0,3125.0,2810.0,2810.0,145577,0.0,0.0
2008-11-26 00:00:00+09:00,2830.0,2950.0,2830.0,2875.0,91536,0.0,0.0
2008-11-27 00:00:00+09:00,2940.0,3045.0,2940.0,2965.0,112144,0.0,0.0
2008-11-28 00:00:00+09:00,3020.0,3035.0,2965.0,3010.0,72495,0.0,0.0
2008-12-01 00:00:00+09:00,3025.0,3045.0,2985.0,2990.0,64503,0.0,0.0
2008-12-02 00:00:00+09:00,3000.0,3410.0,2880.0,2980.0,1188218,0.0,0.0
2008-12-03 00:00:00+09:00,3010.0,3280.0,2980.0,3000.0,741224,0.0,0.0
2008-12-04 00:00:00+09:00,3100.0,3190.0,3010.0,3130.0,307294,0.0,0.0
2008-12-05 00:00:00+09:00,3170.0,3220.0,3045.0,3065.0,248168,0.0,0.0
2008-12-08 00:00:00+09:00,3100.0,3240.0,3080.0,3215.0,342387,0.0,0.0
2008-12-09 00:00:00+09:00,3430.0,3465.0,3260.0,3260.0,690772,0.0,0.0
2008-12-10 00:00:00+09:00,3265.0,3320.0,3180.0,3260.0,345174,0.0,0.0
2008-12-11 00:00:00+09:00,3300.0,3375.0,3220.0,3305.0,281245,0.0,0.0
2008-12-12 00:00:00+09:00,3325.0,3600.0,3280.0,3460.0,668419,0.0,0.0
2008-12-15 00:00:00+09:00,3560.0,3680.0,3530.0,3600.0,421726,0.0,0.0
2008-12-16 00:00:00+09:00,3590.0,3740.0,3470.0,3655.0,460912,0.0,0.0
2008-12-17 00:00:00+09:00,3760.0,3790.0,3490.0,3490.0,566735,0.0,0.0
2008-12-18 00:00:00+09:00,3500.0,3550.0,3360.0,3440.0,286323,0.0,0.0
2008-12-19 00:00:00+09:00,3350.0,3490.0,3350.0,3480.0,158846,0.0,0.0
2008-12-22 00:00:00+09:00,3490.0,3490.0,3405.0,3405.0,165102,0.0,0.0
2008-12-23 00:00:00+09:00,3385.0,3460.0,3280.0,3355.0,159508,0.0,0.0
2008-12-24 00:00:00+09:00,3310.0,3410.0,3305.0,3410.0,84322,0.0,0.0
2008-12-26 00:00:00+09:00,3435.0,3670.0,3425.0,3425.0,257624,0.0,0.0
2008-12-29 00:00:00+09:00,3400.0,3495.0,3300.0,3310.0,86397,0.0,0.0
2008-12-30 00:00:00+09:00,3310.0,3450.0,3295.0,3400.0,113181,0.0,0.0
2009-01-02 00:00:00+09:00,3470.0,3610.0,3420.0,3610.0,209967,0.0,0.0
2009-01-05 00:00:00+09:00,3695.0,3895.0,3625.0,3790.0,684288,0.0,0.0
2009-01-06 00:00:00+09:00,3790.0,3850.0,3660.0,3750.0,319057,0.0,0.0
2009-01-07 00:00:00+09:00,3800.0,4125.0,3745.0,3930.0,1621920,0.0,0.0
2009-01-08 00:00:00+09:00,3810.0,3930.0,3770.0,3830.0,335987,0.0,0.0
2009-01-09 00:00:00+09:00,3850.0,3915.0,3800.0,3810.0,249854,0.0,0.0
2009-01-12 00:00:00+09:00,3750.0,3805.0,3610.0,3610.0,268743,0.0,0.0
2009-01-13 00:00:00+09:00,3550.0,3725.0,3550.0,3700.0,159805,0.0,0.0
2009-01-14 00:00:00+09:00,3795.0,3910.0,3720.0,3760.0,276640,0.0,0.0
2009-01-15 00:00:00+09:00,3650.0,3740.0,3410.0,3450.0,293174,0.0,0.0
2009-01-16 00:00:00+09:00,3500.0,3640.0,3480.0,3620.0,157129,0.0,0.0
2009-01-19 00:00:00+09:00,3645.0,3745.0,3620.0,3660.0,156989,0.0,0.0
2009-01-20 00:00:00+09:00,3660.0,3660.0,3530.0,3605.0,133146,0.0,0.0
2009-01-21 00:00:00+09:00,3420.0,3575.0,3420.0,3500.0,172104,0.0,0.0
2009-01-22 00:00:00+09:00,3590.0,3615.0,3515.0,3520.0,119596,0.0,0.0
2009-01-23 00:00:00+09:00,3510.0,3510.0,3435.0,3455.0,94655,0.0,0.0
2009-01-28 00:00:00+09:00,3545.0,3620.0,3525.0,3615.0,88426,0.0,0.0
2009-01-29 00:00:00+09:00,3625.0,3785.0,3610.0,3610.0,286631,0.0,0.0
2009-01-30 00:00:00+09:00,3580.0,3715.0,3570.0,3710.0,124177,0.0,0.0
2009-02-02 00:00:00+09:00,3700.0,3830.0,3670.0,3720.0,204936,0.0,0.0
2009-02-03 00:00:00+09:00,3725.0,3800.0,3705.0,3770.0,169686,0.0,0.0
2009-02-04 00:00:00+09:00,3845.0,3860.0,3735.0,3735.0,232675,0.0,0.0
2009-02-05 00:00:00+09:00,3805.0,3880.0,3735.0,3745.0,261350,0.0,0.0
2009-02-06 00:00:00+09:00,3805.0,3875.0,3730.0,3745.0,261350,0.0,0.0
2009-02-09 00:00:00+09:00,3785.0,3835.0,3690.0,3695.0,165725,0.0,0.0
2009-02-10 00:00:00+09:00,3700.0,3765.0,3650.0,3720.0,128325,0.0,0.0
2009-02-11 00:00:00+09:00,3650.0,4100.0,3565.0,3825.0,641638,0.0,0.0
2009-02-12 00:00:00+09:00,3860.0,4010.0,3810.0,3980.0,451485,0.0,0.0
2009-02-13 00:00:00+09:00,4060.0,4085.0,3950.0,4000.0,351246,0.0,0.0
2009-02-16 00:00:00+09:00,4000.0,4060.0,3960.0,3995.0,298903,0.0,0.0
2009-02-17 00:00:00+09:00,3995.0,4000.0,3610.0,3680.0,421609,0.0,0.0
2009-02-18 00:00:00+09:00,3750.0,4050.0,3745.0,3860.0,889790,0.0,0.0
2009-02-19 00:00:00+09:00,3870.0,3940.0,3610.0,3770.0,411995,0.0,0.0
2009-02-20 00:00:00+09:00,3730.0,3750.0,3490.0,3500.0,432152,0.0,0.0
2009-02-23 00:00:00+09:00,3450.0,3590.0,3445.0,3585.0,187780,0.0,0.0
2009-02-24 00:00:00+09:00,3455.0,3525.0,3400.0,3400.0,231391,0.0,0.0
2009-02-25 00:00:00+09:00,3530.0,3600.0,3450.0,3460.0,309400,0.0,0.0
2009-02-26 00:00:00+09:00,3510.0,3570.0,3290.0,3300.0,200635,0.0,0.0
2009-02-27 00:00:00+09:00,3340.0,3360.0,3245.0,3350.0,216677,0.0,0.0
2009-03-02 00:00:00+09:00,3285.0,3350.0,3200.0,3300.0,251717,0.0,0.0
2009-03-03 00:00:00+09:00,3100.0,3360.0,3100.0,3330.0,206998,0.0,0.0
2009-03-04 00:00:00+09:00,3300.0,3520.0,3300.0,3515.0,167316,0.0,0.0
2009-03-05 00:00:00+09:00,3570.0,3595.0,3470.0,3540.0,124679,0.0,0.0
2009-03-06 00:00:00+09:00,3460.0,3770.0,3450.0,3700.0,267651,0.0,0.0
2009-03-09 00:00:00+09:00,3780.0,4060.0,3735.0,4030.0,964642,0.0,0.0
2009-03-10 00:00:00+09:00,4020.0,4145.0,3870.0,3900.0,1172452,0.0,0.0
2009-03-11 00:00:00+09:00,4000.0,4030.0,3830.0,3970.0,695329,0.0,0.0
2009-03-12 00:00:00+09:00,3940.0,4220.0,3940.0,4130.0,986895,0.0,0.0
2009-03-13 00:00:00+09:00,4200.0,4210.0,3895.0,4000.0,591550,0.0,0.0
2009-03-16 00:00:00+09:00,4085.0,4540.0,4085.0,4300.0,1558165,0.0,0.0
2009-03-17 00:00:00+09:00,4430.0,4495.0,4250.0,4450.0,1061814,0.0,0.0
2009-03-18 00:00:00+09:00,4535.0,4880.0,4445.0,4805.0,2050699,0.0,0.0
2009-03-19 00:00:00+09:00,4810.0,4840.0,4580.0,4690.0,806853,0.0,0.0
2009-03-20 00:00:00+09:00,4735.0,4800.0,4650.0,4800.0,490498,0.0,0.0
2009-03-23 00:00:00+09:00,4800.0,4885.0,4740.0,4780.0,518058,0.0,0.0
2009-03-24 00:00:00+09:00,4835.0,4875.0,4550.0,4685.0,682335,0.0,0.0
2009-03-25 00:00:00+09:00,4690.0,4800.0,4615.0,4670.0,441371,0.0,0.0
2009-03-26 00:00:00+09:00,4680.0,4820.0,4540.0,4785.0,666341,0.0,0.0
2009-03-27 00:00:00+09:00,4810.0,4845.0,4530.0,4530.0,769694,0.0,0.0
2009-03-30 00:00:00+09:00,4550.0,4630.0,4285.0,4400.0,594865,0.0,0.0
2009-03-31 00:00:00+09:00,4375.0,4790.0,4370.0,4790.0,878532,0.0,0.0
2009-04-01 00:00:00+09:00,4860.0,5240.0,4860.0,5170.0,1888400,0.0,0.0
2009-04-02 00:00:00+09:00,5280.0,5330.0,5070.0,5220.0,1192023,0.0,0.0
2009-04-03 00:00:00+09:00,5220.0,5480.0,5070.0,5220.0,1192023,0.0,0.0
2009-04-06 00:00:00+09:00,5320.0,5410.0,5200.0,5300.0,738567,0.0,0.0
2009-04-07 00:00:00+09:00,5280.0,5380.0,5040.0,5290.0,672044,0.0,0.0
2009-04-08 00:00:00+09:00,5360.0,5700.0,5340.0,5530.0,1526066,0.0,0.0
2009-04-09 00:00:00+09:00,5770.0,6180.0,5670.0,5970.0,1518924,0.0,0.0
2009-04-10 00:00:00+09:00,6430.0,6860.0,6030.0,6140.0,3345066,0.0,0.0
2009-04-13 00:00:00+09:00,6150.0,6380.0,5940.0,6210.0,1988218,0.0,0.0
2009-04-14 00:00:00+09:00,6280.0,6280.0,5910.0,6190.0,901034,0.0,0.0
2009-04-15 00:00:00+09:00,6020.0,6430.0,5900.0,6140.0,1193877,0.0,0.0
2009-04-16 00:00:00+09:00,6400.0,6420.0,6110.0,6190.0,837116,0.0,0.0
2009-04-17 00:00:00+09:00,6000.0,6100.0,5480.0,5800.0,1070328,0.0,0.0
2009-04-20 00:00:00+09:00,5820.0,6130.0,5610.0,6130.0,540245,0.0,0.0
2009-04-21 00:00:00+09:00,5900.0,6330.0,5900.0,6300.0,718299,0.0,0.0
2009-04-22 00:00:00+09:00,6390.0,6440.0,6180.0,6290.0,647532,0.0,0.0
2009-04-23 00:00:00+09:00,6370.0,6560.0,6220.0,6250.0,1116494,0.0,0.0
2009-04-24 00:00:00+09:00,6300.0,6320.0,5900.0,5950.0,583693,0.0,0.0
2009-04-27 00:00:00+09:00,6000.0,6090.0,5780.0,5780.0,556548,0.0,0.0
2009-04-28 00:00:00+09:00,5800.0,5870.0,5460.0,5500.0,929606,0.0,0.0
2009-04-29 00:00:00+09:00,5630.0,5790.0,5560.0,5720.0,420859,0.0,0.0
2009-04-30 00:00:00+09:00,5800.0,6100.0,5740.0,6080.0,683131,0.0,0.0
2009-05-04 00:00:00+09:00,6140.0,6280.0,5970.0,6150.0,795369,0.0,0.0
2009-05-06 00:00:00+09:00,6230.0,6440.0,6040.0,6060.0,1507421,0.0,0.0
2009-05-07 00:00:00+09:00,6070.0,6300.0,5880.0,5880.0,810134,0.0,0.0
2009-05-08 00:00:00+09:00,5890.0,6020.0,5760.0,5910.0,321684,0.0,0.0
2009-05-11 00:00:00+09:00,6000.0,6030.0,5790.0,5860.0,327362,0.0,0.0
2009-05-12 00:00:00+09:00,5750.0,5860.0,5650.0,5690.0,340084,0.0,0.0
2009-05-13 00:00:00+09:00,5790.0,6040.0,5750.0,5850.0,688885,0.0,0.0
2009-05-14 00:00:00+09:00,5800.0,5840.0,5700.0,5700.0,305875,0.0,0.0
2009-05-15 00:00:00+09:00,5840.0,6510.0,5800.0,6300.0,2636564,0.0,0.0
2009-05-18 00:00:00+09:00,6500.0,6980.0,6450.0,6820.0,2840451,0.0,0.0
2009-05-19 00:00:00+09:00,7000.0,7030.0,6720.0,6850.0,1364759,0.0,0.0
2009-05-20 00:00:00+09:00,6950.0,6980.0,6630.0,6910.0,903765,0.0,0.0
2009-05-21 00:00:00+09:00,6840.0,7060.0,6670.0,6820.0,759591,0.0,0.0
2009-05-22 00:00:00+09:00,6750.0,6900.0,6410.0,6450.0,800201,0.0,0.0
2009-05-25 00:00:00+09:00,6400.0,6580.0,5490.0,6100.0,855822,0.0,0.0
2009-05-26 00:00:00+09:00,6110.0,6360.0,6030.0,6090.0,367031,0.0,0.0
2009-05-27 00:00:00+09:00,6170.0,6230.0,5780.0,5840.0,402093,0.0,0.0
2009-05-28 00:00:00+09:00,5710.0,5980.0,5600.0,5910.0,262991,0.0,0.0
2009-05-29 00:00:00+09:00,6000.0,6050.0,5850.0,5910.0,262991,0.0,0.0
2009-06-01 00:00:00+09:00,6040.0,6120.0,5870.0,5930.0,266970,0.0,0.0
2009-06-02 00:00:00+09:00,6000.0,6330.0,5960.0,6300.0,713064,0.0,0.0
2009-06-03 00:00:00+09:00,6350.0,6360.0,6130.0,6180.0,548532,0.0,0.0
2009-06-04 00:00:00+09:00,6130.0,6300.0,5910.0,5950.0,378317,0.0,0.0
2009-06-05 00:00:00+09:00,6020.0,6040.0,5870.0,6010.0,176925,0.0,0.0
2009-06-08 00:00:00+09:00,5950.0,6180.0,5950.0,5960.0,152103,0.0,0.0
2009-06-09 00:00:00+09:00,5970.0,6100.0,5910.0,5930.0,230032,0.0,0.0
2009-06-10 00:00:00+09:00,5950.0,6160.0,5930.0,6030.0,182619,0.0,0.0
2009-06-11 00:00:00+09:00,5980.0,6040.0,5860.0,5900.0,212203,0.0,0.0
2009-06-12 00:00:00+09:00,5930.0,5970.0,5820.0,5900.0,212203,0.0,0.0
2009-06-15 00:00:00+09:00,5900.0,6050.0,5880.0,6050.0,303931,0.0,0.0
2009-06-16 00:00:00+09:00,5980.0,6440.0,5950.0,6440.0,816366,0.0,0.0
2009-06-17 00:00:00+09:00,6360.0,6520.0,6300.0,6360.0,575382,0.0,0.0
2009-06-18 00:00:00+09:00,6400.0,6430.0,6050.0,6050.0,339489,0.0,0.0
2009-06-19 00:00:00+09:00,6110.0,6200.0,5960.0,6060.0,338108,0.0,0.0
2009-06-22 00:00:00+09:00,6060.0,6210.0,6060.0,6210.0,233413,0.0,0.0
2009-06-23 00:00:00+09:00,6260.0,6560.0,6250.0,6260.0,2451397,0.0,0.0
2009-06-24 00:00:00+09:00,6270.0,6330.0,6010.0,6080.0,533931,0.0,0.0
2009-06-25 00:00:00+09:00,6160.0,6240.0,6100.0,6190.0,295453,0.0,0.0
2009-06-26 00:00:00+09:00,6260.0,6760.0,6220.0,6760.0,1495120,0.0,0.0
2009-06-29 00:00:00+09:00,6970.0,7200.0,6770.0,6770.0,3086444,0.0,0.0
2009-06-30 00:00:00+09:00,6850.0,6940.0,6200.0,6910.0,1626890,0.0,0.0
2009-07-01 00:00:00+09:00,6940.0,7460.0,6920.0,7010.0,2885861,0.0,0.0
2009-07-02 00:00:00+09:00,6950.0,7260.0,6800.0,7200.0,1033412,0.0,0.0
2009-07-03 00:00:00+09:00,7050.0,7320.0,7010.0,7230.0,760351,0.0,0.0
2009-07-06 00:00:00+09:00,7230.0,7650.0,6960.0,6960.0,2283203,0.0,0.0
2009-07-07 00:00:00+09:00,7050.0,7100.0,6750.0,6810.0,1047681,0.0,0.0
2009-07-08 00:00:00+09:00,6900.0,7140.0,6790.0,6830.0,1325867,0.0,0.0
2009-07-09 00:00:00+09:00,6910.0,7040.0,6700.0,6840.0,597167,0.0,0.0
2009-07-10 00:00:00+09:00,6840.0,6960.0,5820.0,6420.0,1031954,0.0,0.0
2009-07-13 00:00:00+09:00,6590.0,6620.0,6150.0,6190.0,568964,0.0,0.0
2009-07-14 00:00:00+09:00,6310.0,6900.0,6200.0,6850.0,999048,0.0,0.0
2009-07-15 00:00:00+09:00,6900.0,7410.0,6720.0,7230.0,1183062,0.0,0.0
2009-07-16 00:00:00+09:00,7350.0,7610.0,7160.0,7160.0,1840509,0.0,0.0
2009-07-17 00:00:00+09:00,7190.0,7700.0,7000.0,7600.0,1820203,0.0,0.0
2009-07-20 00:00:00+09:00,7550.0,7550.0,7080.0,7140.0,2823614,0.0,0.0
2009-07-21 00:00:00+09:00,7160.0,7360.0,6880.0,6890.0,1496610,0.0,0.0
2009-07-22 00:00:00+09:00,6940.0,7040.0,6620.0,6860.0,2079565,0.0,0.0
2009-07-23 00:00:00+09:00,6750.0,6820.0,6440.0,6610.0,1281772,0.0,0.0
2009-07-24 00:00:00+09:00,6700.0,7110.0,6680.0,7050.0,1251781,0.0,0.0
2009-07-27 00:00:00+09:00,7110.0,7150.0,6750.0,6780.0,1252955,0.0,0.0
2009-07-28 00:00:00+09:00,6740.0,6920.0,6600.0,6920.0,1089575,0.0,0.0
2009-07-29 00:00:00+09:00,7150.0,7170.0,6600.0,6600.0,1738748,0.0,0.0
2009-07-30 00:00:00+09:00,6490.0,6800.0,6470.0,6630.0,864098,0.0,0.0
2009-07-31 00:00:00+09:00,6700.0,6940.0,6480.0,6940.0,1501185,0.0,0.0
2009-08-03 00:00:00+09:00,7030.0,7040.0,6780.0,6830.0,584207,0.0,0.0
2009-08-04 00:00:00+09:00,6810.0,7300.0,6730.0,7160.0,1442951,0.0,0.0
2009-08-05 00:00:00+09:00,7210.0,7490.0,6980.0,7070.0,1884444,0.0,0.0
2009-08-06 00:00:00+09:00,7170.0,7480.0,6920.0,7320.0,2325763,0.0,0.0
2009-08-07 00:00:00+09:00,7290.0,7400.0,7200.0,7350.0,761916,0.0,0.0
2009-08-10 00:00:00+09:00,7450.0,7450.0,7250.0,7310.0,755523,0.0,0.0
2009-08-11 00:00:00+09:00,7300.0,7380.0,7230.0,7350.0,468894,0.0,0.0
2009-08-12 00:00:00+09:00,7340.0,7360.0,7210.0,7260.0,424096,0.0,0.0
2009-08-13 00:00:00+09:00,7220.0,7260.0,7070.0,7130.0,672967,0.0,0.0
2009-08-14 00:00:00+09:00,7140.0,7390.0,7100.0,7180.0,554950,0.0,0.0
2009-08-17 00:00:00+09:00,7210.0,7250.0,7010.0,7090.0,576747,0.0,0.0
2009-08-18 00:00:00+09:00,6920.0,7060.0,6850.0,7050.0,834673,0.0,0.0
2009-08-19 00:00:00+09:00,7170.0,7540.0,6810.0,6850.0,2586553,0.0,0.0
2009-08-20 00:00:00+09:00,6800.0,7010.0,6750.0,6950.0,490278,0.0,0.0
2009-08-21 00:00:00+09:00,6970.0,7020.0,6820.0,6870.0,424778,0.0,0.0
2009-08-24 00:00:00+09:00,6830.0,6920.0,6640.0,6810.0,863652,0.0,0.0
2009-08-25 00:00:00+09:00,6810.0,6870.0,6500.0,6500.0,852384,0.0,0.0
2009-08-26 00:00:00+09:00,6520.0,6780.0,6300.0,6700.0,524628,0.0,0.0
2009-08-27 00:00:00+09:00,6780.0,6790.0,6410.0,6420.0,517655,0.0,0.0
2009-08-28 00:00:00+09:00,6460.0,6740.0,6460.0,6660.0,365207,0.0,0.0
2009-08-31 00:00:00+09:00,6670.0,6800.0,6640.0,6700.0,319847,0.0,0.0
2009-09-01 00:00:00+09:00,6710.0,6800.0,6550.0,6620.0,353282,0.0,0.0
2009-09-02 00:00:00+09:00,6510.0,6800.0,6510.0,6620.0,296085,0.0,0.0
2009-09-03 00:00:00+09:00,6740.0,6890.0,6610.0,6810.0,507799,0.0,0.0
2009-09-04 00:00:00+09:00,6860.0,7150.0,6830.0,7130.0,804167,0.0,0.0
2009-09-07 00:00:00+09:00,7190.0,7360.0,7150.0,7250.0,860291,0.0,0.0
2009-09-08 00:00:00+09:00,7450.0,7530.0,7240.0,7310.0,1012357,0.0,0.0
2009-09-09 00:00:00+09:00,7350.0,7410.0,7210.0,7280.0,530303,0.0,0.0
2009-09-10 00:00:00+09:00,7200.0,7280.0,7040.0,7070.0,798575,0.0,0.0
2009-09-11 00:00:00+09:00,7070.0,7170.0,6920.0,7090.0,423852,0.0,0.0
2009-09-14 00:00:00+09:00,7090.0,7200.0,6950.0,7120.0,253961,0.0,0.0
2009-09-15 00:00:00+09:00,7150.0,7150.0,6940.0,6980.0,323624,0.0,0.0
2009-09-16 00:00:00+09:00,7050.0,7050.0,6780.0,6780.0,445524,0.0,0.0
2009-09-17 00:00:00+09:00,6750.0,7010.0,6700.0,7010.0,516141,0.0,0.0
2009-09-18 00:00:00+09:00,7010.0,7150.0,6890.0,7150.0,421405,0.0,0.0
2009-09-21 00:00:00+09:00,7010.0,7520.0,7010.0,7300.0,1056594,0.0,0.0
2009-09-22 00:00:00+09:00,7210.0,7350.0,7120.0,7140.0,352880,0.0,0.0
2009-09-23 00:00:00+09:00,7200.0,7350.0,7070.0,7110.0,291319,0.0,0.0
2009-09-24 00:00:00+09:00,7100.0,7170.0,6820.0,7000.0,307105,0.0,0.0
2009-09-25 00:00:00+09:00,6910.0,7000.0,6830.0,6870.0,193814,0.0,0.0
2009-09-28 00:00:00+09:00,6800.0,7220.0,6800.0,6900.0,352539,0.0,0.0
2009-09-29 00:00:00+09:00,7000.0,7090.0,6870.0,6950.0,184279,0.0,0.0
2009-09-30 00:00:00+09:00,7000.0,7110.0,6930.0,6960.0,207001,0.0,0.0
2009-10-01 00:00:00+09:00,6940.0,7100.0,6900.0,6910.0,280634,0.0,0.0
2009-10-05 00:00:00+09:00,6900.0,7180.0,6840.0,6970.0,338995,0.0,0.0
2009-10-06 00:00:00+09:00,7000.0,7010.0,6820.0,6820.0,233097,0.0,0.0
2009-10-07 00:00:00+09:00,6890.0,6940.0,6650.0,6700.0,449439,0.0,0.0
2009-10-08 00:00:00+09:00,6710.0,6820.0,6620.0,6620.0,234372,0.0,0.0
2009-10-09 00:00:00+09:00,6640.0,6790.0,6610.0,6720.0,199958,0.0,0.0
2009-10-12 00:00:00+09:00,6760.0,6800.0,6630.0,6660.0,187285,0.0,0.0
2009-10-13 00:00:00+09:00,6630.0,6680.0,6310.0,6430.0,486626,0.0,0.0
2009-10-14 00:00:00+09:00,6430.0,6500.0,6400.0,6430.0,196315,0.0,0.0
2009-10-15 00:00:00+09:00,6450.0,6730.0,6450.0,6700.0,424708,0.0,0.0
2009-10-16 00:00:00+09:00,6770.0,6770.0,6490.0,6490.0,305798,0.0,0.0
2009-10-19 00:00:00+09:00,6510.0,6580.0,5830.0,6030.0,535031,0.0,0.0
2009-10-20 00:00:00+09:00,6000.0,6500.0,5990.0,6470.0,539285,0.0,0.0
2009-10-21 00:00:00+09:00,6430.0,6520.0,6300.0,6320.0,184944,0.0,0.0
2009-10-22 00:00:00+09:00,6280.0,6390.0,6100.0,6100.0,197388,0.0,0.0
2009-10-23 00:00:00+09:00,6150.0,6230.0,6020.0,6060.0,178594,0.0,0.0
2009-10-26 00:00:00+09:00,5940.0,6140.0,5940.0,5990.0,236049,0.0,0.0
2009-10-27 00:00:00+09:00,5880.0,6000.0,5650.0,5720.0,608140,0.0,0.0
2009-10-28 00:00:00+09:00,5740.0,5950.0,5650.0,5720.0,467540,0.0,0.0
2009-10-29 00:00:00+09:00,5720.0,5930.0,5570.0,5780.0,577087,0.0,0.0
2009-10-30 00:00:00+09:00,5780.0,5880.0,5730.0,5740.0,292752,0.0,0.0
2009-11-02 00:00:00+09:00,5500.0,5630.0,5160.0,5190.0,580014,0.0,0.0
2009-11-03 00:00:00+09:00,5230.0,5320.0,5110.0,5110.0,352817,0.0,0.0
2009-11-04 00:00:00+09:00,5130.0,5490.0,5130.0,5480.0,462742,0.0,0.0
2009-11-05 00:00:00+09:00,5500.0,5650.0,5380.0,5380.0,208746,0.0,0.0
2009-11-06 00:00:00+09:00,5430.0,5480.0,5370.0,5410.0,136711,0.0,0.0
2009-11-09 00:00:00+09:00,5400.0,5500.0,5260.0,5380.0,152293,0.0,0.0
2009-11-10 00:00:00+09:00,5430.0,5560.0,5350.0,5350.0,193041,0.0,0.0
2009-11-11 00:00:00+09:00,5310.0,5400.0,5060.0,5150.0,230840,0.0,0.0
2009-11-12 00:00:00+09:00,5230.0,5280.0,5090.0,5100.0,247901,0.0,0.0
2009-11-13 00:00:00+09:00,5100.0,5140.0,4860.0,4905.0,320362,0.0,0.0
2009-11-16 00:00:00+09:00,4905.0,5050.0,4880.0,4960.0,180277,0.0,0.0
2009-11-17 00:00:00+09:00,4950.0,5020.0,4685.0,4720.0,369651,0.0,0.0
2009-11-18 00:00:00+09:00,4705.0,4755.0,4530.0,4535.0,364086,0.0,0.0
2009-11-19 00:00:00+09:00,4500.0,4640.0,4450.0,4610.0,426845,0.0,0.0
2009-11-20 00:00:00+09:00,4555.0,5000.0,4520.0,4915.0,448515,0.0,0.0
2009-11-23 00:00:00+09:00,4950.0,5520.0,4930.0,5390.0,1761945,0.0,0.0
2009-11-24 00:00:00+09:00,5420.0,5450.0,5010.0,5040.0,644547,0.0,0.0
2009-11-25 00:00:00+09:00,5020.0,5080.0,4840.0,5060.0,368383,0.0,0.0
2009-11-26 00:00:00+09:00,5060.0,5140.0,4940.0,4940.0,276787,0.0,0.0
2009-11-27 00:00:00+09:00,4910.0,4940.0,4530.0,4530.0,383508,0.0,0.0
2009-11-30 00:00:00+09:00,4700.0,4780.0,4610.0,4700.0,242119,0.0,0.0
2009-12-01 00:00:00+09:00,4710.0,5400.0,4710.0,5400.0,1398924,0.0,0.0
2009-12-02 00:00:00+09:00,5540.0,5630.0,5240.0,5450.0,1423575,0.0,0.0
2009-12-03 00:00:00+09:00,5410.0,5540.0,5240.0,5400.0,925307,0.0,0.0
2009-12-04 00:00:00+09:00,5460.0,5680.0,5430.0,5430.0,1166336,0.0,0.0
2009-12-07 00:00:00+09:00,5430.0,5470.0,5260.0,5290.0,579327,0.0,0.0
2009-12-08 00:00:00+09:00,5290.0,5450.0,5290.0,5340.0,350826,0.0,0.0
2009-12-09 00:00:00+09:00,5100.0,5230.0,5070.0,5090.0,544727,0.0,0.0
2009-12-10 00:00:00+09:00,5170.0,5260.0,5090.0,5220.0,362948,0.0,0.0
2009-12-11 00:00:00+09:00,5220.0,5400.0,5190.0,5390.0,401627,0.0,0.0
2009-12-14 00:00:00+09:00,5370.0,5460.0,5270.0,5270.0,287740,0.0,0.0
2009-12-15 00:00:00+09:00,5270.0,5550.0,5270.0,5510.0,575791,0.0,0.0
2009-12-16 00:00:00+09:00,5460.0,5670.0,5390.0,5630.0,496976,0.0,0.0
2009-12-17 00:00:00+09:00,5630.0,5690.0,5510.0,5540.0,450000,0.0,0.0
2009-12-18 00:00:00+09:00,5500.0,5500.0,5360.0,5440.0,213218,0.0,0.0
2009-12-21 00:00:00+09:00,5490.0,5790.0,5490.0,5560.0,451143,0.0,0.0
2009-12-22 00:00:00+09:00,5560.0,5630.0,5410.0,5530.0,286365,0.0,0.0
2009-12-23 00:00:00+09:00,5600.0,5780.0,5370.0,5370.0,489197,0.0,0.0
2009-12-24 00:00:00+09:00,5350.0,5450.0,5250.0,5250.0,422228,0.0,0.0
2009-12-28 00:00:00+09:00,5190.0,5330.0,5110.0,5230.0,337767,0.0,0.0
2009-12-29 00:00:00+09:00,5200.0,5270.0,5160.0,5170.0,259175,0.0,0.0
2009-12-30 00:00:00+09:00,5200.0,5270.0,5170.0,5200.0,195400,0.0,0.0
2010-01-04 00:00:00+09:00,5240.0,5370.0,5200.0,5350.0,233483,0.0,0.0
2010-01-05 00:00:00+09:00,5430.0,5430.0,5250.0,5250.0,326494,0.0,0.0
2010-01-06 00:00:00+09:00,5370.0,5680.0,5340.0,5650.0,1048328,0.0,0.0
2010-01-07 00:00:00+09:00,5680.0,5680.0,5490.0,5510.0,486995,0.0,0.0
2010-01-08 00:00:00+09:00,5570.0,5670.0,5450.0,5640.0,478577,0.0,0.0
2010-01-11 00:00:00+09:00,5580.0,5620.0,5450.0,5510.0,373045,0.0,0.0
2010-01-12 00:00:00+09:00,5550.0,5910.0,5510.0,5910.0,609508,0.0,0.0
2010-01-13 00:00:00+09:00,5860.0,5860.0,5560.0,5560.0,671891,0.0,0.0
2010-01-14 00:00:00+09:00,5580.0,5660.0,5500.0,5520.0,388430,0.0,0.0
2010-01-15 00:00:00+09:00,5540.0,5870.0,5530.0,5700.0,1372611,0.0,0.0
2010-01-18 00:00:00+09:00,5740.0,5810.0,5630.0,5710.0,469970,0.0,0.0
2010-01-19 00:00:00+09:00,5750.0,5790.0,5550.0,5570.0,382468,0.0,0.0
2010-01-20 00:00:00+09:00,5630.0,6040.0,5600.0,5820.0,2305005,0.0,0.0
2010-01-21 00:00:00+09:00,5800.0,6000.0,5770.0,5780.0,928519,0.0,0.0
2010-01-22 00:00:00+09:00,5700.0,5790.0,5500.0,5550.0,569128,0.0,0.0
2010-01-25 00:00:00+09:00,5450.0,5730.0,5390.0,5500.0,509651,0.0,0.0
2010-01-26 00:00:00+09:00,5550.0,5600.0,5360.0,5380.0,315691,0.0,0.0
2010-01-27 00:00:00+09:00,5350.0,5470.0,5300.0,5300.0,230943,0.0,0.0
2010-01-28 00:00:00+09:00,5330.0,5420.0,4510.0,5200.0,563651,0.0,0.0
2010-01-29 00:00:00+09:00,5130.0,5140.0,4880.0,4880.0,382741,0.0,0.0
2010-02-01 00:00:00+09:00,4850.0,5100.0,4850.0,5050.0,172221,0.0,0.0
2010-02-02 00:00:00+09:00,5100.0,5150.0,4950.0,4990.0,196695,0.0,0.0
2010-02-03 00:00:00+09:00,5090.0,5260.0,5030.0,5250.0,270109,0.0,0.0
2010-02-04 00:00:00+09:00,5270.0,5430.0,5170.0,5170.0,348257,0.0,0.0
2010-02-05 00:00:00+09:00,4900.0,5050.0,4890.0,5050.0,371606,0.0,0.0
2010-02-08 00:00:00+09:00,5060.0,5140.0,4885.0,4885.0,274464,0.0,0.0
2010-02-09 00:00:00+09:00,4830.0,4960.0,4815.0,4885.0,160795,0.0,0.0
2010-02-10 00:00:00+09:00,4945.0,5020.0,4890.0,4900.0,114044,0.0,0.0
2010-02-11 00:00:00+09:00,4795.0,4950.0,4795.0,4910.0,103452,0.0,0.0
2010-02-12 00:00:00+09:00,4920.0,4955.0,4895.0,4930.0,91461,0.0,0.0
2010-02-16 00:00:00+09:00,4930.0,5030.0,4915.0,4975.0,106231,0.0,0.0
2010-02-17 00:00:00+09:00,5020.0,5240.0,5020.0,5240.0,346725,0.0,0.0
2010-02-18 00:00:00+09:00,5380.0,5920.0,5380.0,5580.0,4317927,0.0,0.0
2010-02-19 00:00:00+09:00,5500.0,5580.0,5200.0,5210.0,1107953,0.0,0.0
2010-02-22 00:00:00+09:00,5330.0,5540.0,5280.0,5500.0,621034,0.0,0.0
2010-02-23 00:00:00+09:00,5470.0,5570.0,5400.0,5460.0,418194,0.0,0.0
2010-02-24 00:00:00+09:00,5480.0,5480.0,5320.0,5390.0,310530,0.0,0.0
2010-02-25 00:00:00+09:00,5400.0,5490.0,5200.0,5220.0,414725,0.0,0.0
2010-02-26 00:00:00+09:00,5320.0,5440.0,5230.0,5250.0,301571,0.0,0.0
2010-03-02 00:00:00+09:00,5250.0,5390.0,5150.0,5250.0,568377,0.0,0.0
2010-03-03 00:00:00+09:00,5250.0,5350.0,5200.0,5210.0,255729,0.0,0.0
2010-03-04 00:00:00+09:00,5270.0,5270.0,5050.0,5080.0,259356,0.0,0.0
2010-03-05 00:00:00+09:00,5080.0,5160.0,5050.0,5110.0,296580,0.0,0.0
2010-03-08 00:00:00+09:00,5150.0,5240.0,5110.0,5180.0,246691,0.0,0.0
2010-03-09 00:00:00+09:00,5210.0,5300.0,5180.0,5220.0,187226,0.0,0.0
2010-03-10 00:00:00+09:00,5240.0,5250.0,5100.0,5180.0,349544,0.0,0.0
2010-03-11 00:00:00+09:00,5220.0,5220.0,5140.0,5170.0,175918,0.0,0.0
2010-03-12 00:00:00+09:00,5210.0,5260.0,5100.0,5110.0,259259,0.0,0.0
2010-03-15 00:00:00+09:00,5140.0,5140.0,5000.0,5030.0,316880,0.0,0.0
2010-03-16 00:00:00+09:00,5030.0,5120.0,4995.0,5100.0,152878,0.0,0.0
2010-03-17 00:00:00+09:00,5100.0,5150.0,5050.0,5070.0,142444,0.0,0.0
2010-03-18 00:00:00+09:00,5090.0,5150.0,5060.0,5080.0,186538,0.0,0.0
2010-03-19 00:00:00+09:00,5120.0,5120.0,5040.0,5070.0,152411,0.0,0.0
2010-03-22 00:00:00+09:00,5070.0,5100.0,5000.0,5000.0,245835,0.0,0.0
2010-03-23 00:00:00+09:00,5010.0,5090.0,4975.0,5030.0,293813,0.0,0.0
2010-03-24 00:00:00+09:00,5050.0,5090.0,4925.0,4950.0,270029,0.0,0.0
2010-03-25 00:00:00+09:00,4930.0,4965.0,4920.0,4935.0,183581,0.0,0.0
2010-03-26 00:00:00+09:00,4935.0,5000.0,4915.0,4995.0,149238,0.0,0.0
2010-03-29 00:00:00+09:00,4900.0,4960.0,4885.0,4895.0,207310,0.0,0.0
2010-03-30 00:00:00+09:00,4900.0,4990.0,4900.0,4920.0,145158,0.0,0.0
2010-03-31 00:00:00+09:00,4860.0,4910.0,4780.0,4840.0,441359,0.0,0.0
2010-04-01 00:00:00+09:00,4850.0,4850.0,4700.0,4700.0,384435,0.0,0.0
2010-04-02 00:00:00+09:00,4710.0,4785.0,4665.0,4670.0,178444,0.0,0.0
2010-04-05 00:00:00+09:00,4685.0,4700.0,4365.0,4500.0,276329,0.0,0.0
2010-04-06 00:00:00+09:00,4515.0,4625.0,4490.0,4625.0,157185,0.0,0.0
2010-04-07 00:00:00+09:00,4630.0,4650.0,4575.0,4580.0,140470,0.0,0.0
2010-04-08 00:00:00+09:00,4535.0,4580.0,4485.0,4500.0,130146,0.0,0.0
2010-04-09 00:00:00+09:00,4500.0,4550.0,4420.0,4500.0,167776,0.0,0.0
2010-04-12 00:00:00+09:00,4500.0,4740.0,4480.0,4690.0,338077,0.0,0.0
2010-04-13 00:00:00+09:00,4715.0,4715.0,4610.0,4670.0,84984,0.0,0.0
2010-04-14 00:00:00+09:00,4710.0,4710.0,4645.0,4655.0,96354,0.0,0.0
2010-04-15 00:00:00+09:00,4670.0,4845.0,4670.0,4760.0,243569,0.0,0.0
2010-04-16 00:00:00+09:00,4700.0,4750.0,4640.0,4665.0,96559,0.0,0.0
2010-04-19 00:00:00+09:00,4630.0,4630.0,4550.0,4550.0,138617,0.0,0.0
2010-04-20 00:00:00+09:00,4560.0,4635.0,4500.0,4580.0,143968,0.0,0.0
2010-04-21 00:00:00+09:00,4605.0,4620.0,4550.0,4560.0,167736,0.0,0.0
2010-04-22 00:00:00+09:00,4560.0,4590.0,4550.0,4580.0,106549,0.0,0.0
2010-04-23 00:00:00+09:00,4565.0,4650.0,4490.0,4500.0,206902,0.0,0.0
2010-04-26 00:00:00+09:00,4530.0,4530.0,4430.0,4440.0,161737,0.0,0.0
2010-04-27 00:00:00+09:00,4410.0,4500.0,4395.0,4415.0,143865,0.0,0.0
2010-04-28 00:00:00+09:00,4375.0,4400.0,4310.0,4330.0,194075,0.0,0.0
2010-04-29 00:00:00+09:00,4375.0,4400.0,4315.0,4320.0,171541,0.0,0.0
2010-04-30 00:00:00+09:00,4320.0,4440.0,4315.0,4390.0,126007,0.0,0.0
2010-05-03 00:00:00+09:00,4390.0,4580.0,4390.0,4550.0,318095,0.0,0.0
2010-05-04 00:00:00+09:00,4595.0,4600.0,4450.0,4450.0,144603,0.0,0.0
2010-05-06 00:00:00+09:00,4350.0,4400.0,4240.0,4250.0,231980,0.0,0.0
2010-05-07 00:00:00+09:00,4050.0,4170.0,3950.0,4115.0,171741,0.0,0.0
2010-05-10 00:00:00+09:00,4140.0,4210.0,4115.0,4150.0,112954,0.0,0.0
2010-05-11 00:00:00+09:00,4010.0,4185.0,3980.0,4150.0,613997,0.0,0.0
2010-05-12 00:00:00+09:00,4200.0,4340.0,4080.0,4080.0,285298,0.0,0.0
2010-05-13 00:00:00+09:00,4060.0,4185.0,4060.0,4115.0,187817,0.0,0.0
2010-05-14 00:00:00+09:00,4210.0,4450.0,4210.0,4300.0,848655,0.0,0.0
2010-05-17 00:00:00+09:00,4380.0,4405.0,4210.0,4210.0,305309,0.0,0.0
2010-05-18 00:00:00+09:00,4275.0,4345.0,4060.0,4160.0,228170,0.0,0.0
2010-05-19 00:00:00+09:00,4140.0,4165.0,3960.0,4075.0,235846,0.0,0.0
2010-05-20 00:00:00+09:00,4075.0,4140.0,3950.0,3970.0,174343,0.0,0.0
2010-05-24 00:00:00+09:00,3865.0,3990.0,3715.0,3760.0,445553,0.0,0.0
2010-05-25 00:00:00+09:00,3640.0,3675.0,3205.0,3550.0,1372693,0.0,0.0
2010-05-26 00:00:00+09:00,3495.0,3565.0,3475.0,3550.0,309705,0.0,0.0
2010-05-27 00:00:00+09:00,3510.0,3710.0,3500.0,3670.0,372470,0.0,0.0
2010-05-28 00:00:00+09:00,3705.0,3775.0,3650.0,3665.0,244477,0.0,0.0
2010-05-31 00:00:00+09:00,3610.0,3780.0,3610.0,3760.0,348987,0.0,0.0
2010-06-01 00:00:00+09:00,3760.0,3780.0,3660.0,3750.0,219126,0.0,0.0
2010-06-03 00:00:00+09:00,3780.0,4050.0,3780.0,4000.0,723716,0.0,0.0
2010-06-04 00:00:00+09:00,4000.0,4055.0,3920.0,3990.0,226795,0.0,0.0
2010-06-07 00:00:00+09:00,3850.0,3900.0,3700.0,3805.0,264677,0.0,0.0
2010-06-08 00:00:00+09:00,3780.0,3950.0,3780.0,3900.0,243675,0.0,0.0
2010-06-09 00:00:00+09:00,3920.0,4020.0,3845.0,3900.0,150483,0.0,0.0
2010-06-10 00:00:00+09:00,3940.0,3960.0,3840.0,3880.0,132569,0.0,0.0
2010-06-11 00:00:00+09:00,3905.0,3930.0,3845.0,3845.0,158743,0.0,0.0
2010-06-14 00:00:00+09:00,3830.0,3950.0,3830.0,3900.0,145936,0.0,0.0
2010-06-15 00:00:00+09:00,3785.0,3910.0,3785.0,3885.0,218847,0.0,0.0
2010-06-16 00:00:00+09:00,3890.0,3945.0,3795.0,3875.0,180596,0.0,0.0
2010-06-17 00:00:00+09:00,3845.0,3885.0,3835.0,3875.0,138836,0.0,0.0
2010-06-18 00:00:00+09:00,3900.0,3900.0,3850.0,3880.0,90843,0.0,0.0
2010-06-21 00:00:00+09:00,3895.0,3920.0,3850.0,3850.0,121590,0.0,0.0
2010-06-22 00:00:00+09:00,3815.0,3865.0,3800.0,3800.0,131399,0.0,0.0
2010-06-23 00:00:00+09:00,3805.0,3840.0,3700.0,3780.0,177247,0.0,0.0
2010-06-24 00:00:00+09:00,3755.0,3825.0,3755.0,3790.0,126044,0.0,0.0
2010-06-25 00:00:00+09:00,3740.0,3780.0,3700.0,3720.0,117384,0.0,0.0
2010-06-28 00:00:00+09:00,3720.0,3720.0,3550.0,3550.0,372752,0.0,0.0
2010-06-29 00:00:00+09:00,3550.0,3840.0,3510.0,3650.0,740683,0.0,0.0
2010-06-30 00:00:00+09:00,3560.0,3625.0,3500.0,3580.0,170164,0.0,0.0
2010-07-01 00:00:00+09:00,3600.0,3630.0,3515.0,3555.0,213285,0.0,0.0
2010-07-02 00:00:00+09:00,3535.0,3710.0,3500.0,3575.0,243936,0.0,0.0
2010-07-05 00:00:00+09:00,3595.0,3625.0,3570.0,3580.0,104174,0.0,0.0
2010-07-06 00:00:00+09:00,3560.0,3630.0,3510.0,3630.0,109750,0.0,0.0
2010-07-07 00:00:00+09:00,3680.0,3895.0,3550.0,3800.0,1005725,0.0,0.0
2010-07-08 00:00:00+09:00,3800.0,3820.0,3720.0,3730.0,259083,0.0,0.0
2010-07-09 00:00:00+09:00,3760.0,3800.0,3625.0,3650.0,217443,0.0,0.0
2010-07-12 00:00:00+09:00,3610.0,3855.0,3585.0,3800.0,404995,0.0,0.0
2010-07-13 00:00:00+09:00,3800.0,3880.0,3725.0,3725.0,263163,0.0,0.0
2010-07-14 00:00:00+09:00,3750.0,3825.0,3700.0,3700.0,246830,0.0,0.0
2010-07-15 00:00:00+09:00,3705.0,3865.0,3705.0,3790.0,327865,0.0,0.0
2010-07-16 00:00:00+09:00,3820.0,3820.0,3690.0,3700.0,348237,0.0,0.0
2010-07-19 00:00:00+09:00,3650.0,3695.0,3580.0,3600.0,269843,0.0,0.0
2010-07-20 00:00:00+09:00,3635.0,3650.0,3590.0,3615.0,135720,0.0,0.0
2010-07-21 00:00:00+09:00,3630.0,3705.0,3500.0,3550.0,167388,0.0,0.0
2010-07-22 00:00:00+09:00,3595.0,3600.0,3505.0,3525.0,134847,0.0,0.0
2010-07-23 00:00:00+09:00,3555.0,3600.0,3485.0,3490.0,166523,0.0,0.0
2010-07-26 00:00:00+09:00,3490.0,3490.0,3385.0,3415.0,242112,0.0,0.0
2010-07-27 00:00:00+09:00,3400.0,3425.0,3340.0,3340.0,335827,0.0,0.0
2010-07-28 00:00:00+09:00,3340.0,3390.0,3315.0,3340.0,150944,0.0,0.0
2010-07-29 00:00:00+09:00,3340.0,3375.0,3305.0,3340.0,99434,0.0,0.0
2010-07-30 00:00:00+09:00,3300.0,3375.0,3295.0,3320.0,160318,0.0,0.0
2010-08-02 00:00:00+09:00,3285.0,3335.0,3205.0,3235.0,410569,0.0,0.0
2010-08-03 00:00:00+09:00,3215.0,3290.0,3215.0,3280.0,155400,0.0,0.0
2010-08-04 00:00:00+09:00,3330.0,3330.0,3240.0,3275.0,119436,0.0,0.0
2010-08-05 00:00:00+09:00,3270.0,3320.0,3260.0,3275.0,195561,0.0,0.0
2010-08-06 00:00:00+09:00,3250.0,3475.0,3250.0,3450.0,425233,0.0,0.0
2010-08-09 00:00:00+09:00,3440.0,3460.0,3355.0,3385.0,139536,0.0,0.0
2010-08-10 00:00:00+09:00,3350.0,3425.0,3345.0,3395.0,136405,0.0,0.0
2010-08-11 00:00:00+09:00,3420.0,3460.0,3360.0,3400.0,172607,0.0,0.0
2010-08-12 00:00:00+09:00,3400.0,3400.0,3320.0,3330.0,119769,0.0,0.0
2010-08-13 00:00:00+09:00,3295.0,3380.0,3295.0,3330.0,100422,0.0,0.0
2010-08-16 00:00:00+09:00,3320.0,3420.0,3300.0,3330.0,65721,0.0,0.0
2010-08-17 00:00:00+09:00,3315.0,3380.0,3280.0,3280.0,121875,0.0,0.0
2010-08-18 00:00:00+09:00,3285.0,3335.0,3230.0,3230.0,120726,0.0,0.0
2010-08-19 00:00:00+09:00,3235.0,3290.0,3195.0,3210.0,187541,0.0,0.0
2010-08-20 00:00:00+09:00,3225.0,3265.0,3180.0,3215.0,195457,0.0,0.0
2010-08-23 00:00:00+09:00,3210.0,3250.0,3180.0,3180.0,173647,0.0,0.0
2010-08-24 00:00:00+09:00,3170.0,3220.0,3100.0,3115.0,193810,0.0,0.0
2010-08-25 00:00:00+09:00,3080.0,3170.0,3040.0,3060.0,257404,0.0,0.0
2010-08-26 00:00:00+09:00,3110.0,3110.0,3030.0,3055.0,78166,0.0,0.0
2010-08-27 00:00:00+09:00,3050.0,3080.0,2975.0,3000.0,132860,0.0,0.0
2010-08-30 00:00:00+09:00,3015.0,3060.0,3000.0,3050.0,77988,0.0,0.0
2010-08-31 00:00:00+09:00,3045.0,3100.0,3040.0,3065.0,74440,0.0,0.0
2010-09-01 00:00:00+09:00,3100.0,3215.0,3100.0,3205.0,338855,0.0,0.0
2010-09-02 00:00:00+09:00,3210.0,3375.0,3210.0,3280.0,523379,0.0,0.0
2010-09-03 00:00:00+09:00,3300.0,3325.0,3220.0,3250.0,151547,0.0,0.0
2010-09-06 00:00:00+09:00,3255.0,3335.0,3255.0,3330.0,135652,0.0,0.0
2010-09-07 00:00:00+09:00,3310.0,3350.0,3290.0,3300.0,122959,0.0,0.0
2010-09-08 00:00:00+09:00,3270.0,3300.0,3150.0,3175.0,166916,0.0,0.0
2010-09-09 00:00:00+09:00,3175.0,3210.0,3140.0,3205.0,77158,0.0,0.0
2010-09-10 00:00:00+09:00,3210.0,3245.0,3180.0,3195.0,61509,0.0,0.0
2010-09-13 00:00:00+09:00,3205.0,3335.0,3205.0,3245.0,113302,0.0,0.0
2010-09-14 00:00:00+09:00,3250.0,3300.0,3190.0,3190.0,73513,0.0,0.0
2010-09-15 00:00:00+09:00,3255.0,3255.0,3170.0,3210.0,95523,0.0,0.0
2010-09-16 00:00:00+09:00,3210.0,3300.0,3200.0,3225.0,92299,0.0,0.0
2010-09-17 00:00:00+09:00,3240.0,3270.0,3200.0,3220.0,76394,0.0,0.0
2010-09-20 00:00:00+09:00,3200.0,3280.0,3185.0,3255.0,141315,0.0,0.0
2010-09-24 00:00:00+09:00,3260.0,3355.0,3260.0,3350.0,178562,0.0,0.0
2010-09-27 00:00:00+09:00,3350.0,3420.0,3320.0,3320.0,223201,0.0,0.0
2010-09-28 00:00:00+09:00,3305.0,3355.0,3305.0,3355.0,112527,0.0,0.0
2010-09-29 00:00:00+09:00,3380.0,3525.0,3380.0,3480.0,538855,0.0,0.0
2010-09-30 00:00:00+09:00,3515.0,3515.0,3440.0,3445.0,150538,0.0,0.0
2010-10-01 00:00:00+09:00,3470.0,3495.0,3375.0,3405.0,272868,0.0,0.0
2010-10-04 00:00:00+09:00,3410.0,3745.0,3410.0,3600.0,2053921,0.0,0.0
2010-10-05 00:00:00+09:00,3640.0,3655.0,3430.0,3460.0,683926,0.0,0.0
2010-10-06 00:00:00+09:00,3520.0,3565.0,3460.0,3490.0,355740,0.0,0.0
2010-10-07 00:00:00+09:00,3540.0,3690.0,3505.0,3665.0,709973,0.0,0.0
2010-10-08 00:00:00+09:00,3675.0,3730.0,3580.0,3700.0,604594,0.0,0.0
2010-10-11 00:00:00+09:00,3735.0,3745.0,3635.0,3685.0,319499,0.0,0.0
2010-10-12 00:00:00+09:00,3685.0,3710.0,3590.0,3600.0,325331,0.0,0.0
2010-10-13 00:00:00+09:00,3605.0,3630.0,3465.0,3495.0,389697,0.0,0.0
2010-10-14 00:00:00+09:00,3505.0,3615.0,3500.0,3570.0,325022,0.0,0.0
2010-10-15 00:00:00+09:00,3570.0,3750.0,3540.0,3730.0,493708,0.0,0.0
2010-10-18 00:00:00+09:00,3725.0,3875.0,3650.0,3810.0,585213,0.0,0.0
2010-10-19 00:00:00+09:00,3785.0,3815.0,3725.0,3800.0,351769,0.0,0.0
2010-10-20 00:00:00+09:00,3720.0,3990.0,3705.0,3890.0,734466,0.0,0.0
2010-10-21 00:00:00+09:00,3965.0,3990.0,3860.0,3880.0,672294,0.0,0.0
2010-10-22 00:00:00+09:00,3880.0,4040.0,3865.0,4040.0,492234,0.0,0.0
2010-10-25 00:00:00+09:00,4040.0,4125.0,3950.0,4030.0,575601,0.0,0.0
2010-10-26 00:00:00+09:00,3985.0,4030.0,3915.0,3950.0,258922,0.0,0.0
2010-10-27 00:00:00+09:00,3955.0,3980.0,3875.0,3900.0,240449,0.0,0.0
2010-10-28 00:00:00+09:00,3910.0,4125.0,3890.0,4095.0,538844,0.0,0.0
2010-10-29 00:00:00+09:00,4085.0,4085.0,3950.0,3960.0,281902,0.0,0.0
2010-11-01 00:00:00+09:00,3930.0,3990.0,3820.0,3840.0,321653,0.0,0.0
2010-11-02 00:00:00+09:00,3840.0,3900.0,3720.0,3730.0,270778,0.0,0.0
2010-11-03 00:00:00+09:00,3745.0,3895.0,3730.0,3830.0,285857,0.0,0.0
2010-11-04 00:00:00+09:00,3830.0,4085.0,3830.0,3900.0,975661,0.0,0.0
2010-11-05 00:00:00+09:00,3930.0,3960.0,3855.0,3855.0,301555,0.0,0.0
2010-11-08 00:00:00+09:00,3780.0,3790.0,3635.0,3665.0,577178,0.0,0.0
2010-11-09 00:00:00+09:00,3635.0,3670.0,3545.0,3605.0,256978,0.0,0.0
2010-11-10 00:00:00+09:00,3605.0,3715.0,3555.0,3665.0,143293,0.0,0.0
2010-11-11 00:00:00+09:00,3705.0,3720.0,3590.0,3590.0,169495,0.0,0.0
2010-11-12 00:00:00+09:00,3595.0,3690.0,3500.0,3555.0,305961,0.0,0.0
2010-11-15 00:00:00+09:00,3545.0,3630.0,3410.0,3470.0,154261,0.0,0.0
2010-11-16 00:00:00+09:00,3420.0,3485.0,3385.0,3435.0,115026,0.0,0.0
2010-11-17 00:00:00+09:00,3435.0,3510.0,3380.0,3500.0,105849,0.0,0.0
2010-11-18 00:00:00+09:00,3520.0,3845.0,3520.0,3700.0,1199949,0.0,0.0
2010-11-19 00:00:00+09:00,3720.0,3720.0,3645.0,3645.0,168274,0.0,0.0
2010-11-22 00:00:00+09:00,3710.0,3905.0,3675.0,3765.0,641759,0.0,0.0
2010-11-23 00:00:00+09:00,3750.0,3865.0,3735.0,3780.0,210783,0.0,0.0
2010-11-24 00:00:00+09:00,3625.0,3760.0,3600.0,3700.0,261285,0.0,0.0
2010-11-25 00:00:00+09:00,3730.0,3800.0,3145.0,3145.0,2289823,0.0,0.0
2010-11-26 00:00:00+09:00,3270.0,3330.0,3075.0,3155.0,2029738,0.0,0.0
2010-11-29 00:00:00+09:00,3050.0,3430.0,3050.0,3260.0,747274,0.0,0.0
2010-11-30 00:00:00+09:00,3300.0,3340.0,3230.0,3250.0,261292,0.0,0.0
2010-12-01 00:00:00+09:00,3230.0,3310.0,3230.0,3300.0,145319,0.0,0.0
2010-12-02 00:00:00+09:00,3350.0,3470.0,3350.0,3410.0,396212,0.0,0.0
2010-12-03 00:00:00+09:00,3405.0,3460.0,3360.0,3380.0,126007,0.0,0.0
2010-12-06 00:00:00+09:00,3370.0,3440.0,3370.0,3390.0,123242,0.0,0.0
2010-12-07 00:00:00+09:00,3395.0,3480.0,3385.0,3465.0,144063,0.0,0.0
2010-12-08 00:00:00+09:00,3460.0,3480.0,3380.0,3425.0,189609,0.0,0.0
2010-12-09 00:00:00+09:00,3405.0,3460.0,3405.0,3420.0,227320,0.0,0.0
2010-12-10 00:00:00+09:00,3420.0,3675.0,3395.0,3610.0,597665,0.0,0.0
2010-12-13 00:00:00+09:00,3640.0,3785.0,3635.0,3760.0,550343,0.0,0.0
2010-12-14 00:00:00+09:00,3755.0,3820.0,3660.0,3770.0,236344,0.0,0.0
2010-12-15 00:00:00+09:00,3745.0,3865.0,3745.0,3835.0,226904,0.0,0.0
2010-12-16 00:00:00+09:00,3790.0,3855.0,3770.0,3835.0,164619,0.0,0.0
2010-12-17 00:00:00+09:00,3800.0,3830.0,3750.0,3800.0,196638,0.0,0.0
2010-12-20 00:00:00+09:00,3725.0,3725.0,3560.0,3710.0,205490,0.0,0.0
2010-12-21 00:00:00+09:00,3720.0,3945.0,3720.0,3925.0,253527,0.0,0.0
2010-12-22 00:00:00+09:00,3995.0,4350.0,3950.0,4160.0,1210427,0.0,0.0
2010-12-23 00:00:00+09:00,4235.0,4420.0,4055.0,4200.0,753435,0.0,0.0
2010-12-24 00:00:00+09:00,4200.0,4220.0,3965.0,3990.0,281682,0.0,0.0
2010-12-27 00:00:00+09:00,3920.0,3960.0,3735.0,3760.0,379733,0.0,0.0
2010-12-28 00:00:00+09:00,3800.0,3880.0,3755.0,3755.0,118553,0.0,0.0
2010-12-29 00:00:00+09:00,3730.0,3850.0,3535.0,3850.0,124773,0.0,0.0
2010-12-30 00:00:00+09:00,3980.0,3980.0,3830.0,3915.0,101225,0.0,0.0
2011-01-03 00:00:00+09:00,3915.0,3980.0,3800.0,3915.0,106831,0.0,0.0
2011-01-04 00:00:00+09:00,3895.0,4100.0,3895.0,4050.0,233539,0.0,0.0
2011-01-05 00:00:00+09:00,4085.0,4130.0,4020.0,4080.0,179336,0.0,0.0
2011-01-06 00:00:00+09:00,4100.0,4275.0,4020.0,4185.0,312963,0.0,0.0
2011-01-07 00:00:00+09:00,4250.0,4300.0,4160.0,4210.0,304873,0.0,0.0
2011-01-10 00:00:00+09:00,4380.0,4400.0,4250.0,4320.0,363764,0.0,0.0
2011-01-11 00:00:00+09:00,4265.0,4345.0,4235.0,4270.0,219870,0.0,0.0
2011-01-12 00:00:00+09:00,4280.0,4330.0,4105.0,4175.0,242242,0.0,0.0
2011-01-13 00:00:00+09:00,4170.0,4175.0,3975.0,4040.0,257552,0.0,0.0
2011-01-14 00:00:00+09:00,4040.0,4180.0,4040.0,4150.0,143254,0.0,0.0
2011-01-17 00:00:00+09:00,4155.0,4280.0,4155.0,4165.0,150908,0.0,0.0
2011-01-18 00:00:00+09:00,4155.0,4185.0,4100.0,4145.0,99547,0.0,0.0
2011-01-19 00:00:00+09:00,4150.0,4185.0,4055.0,4060.0,108402,0.0,0.0
2011-01-20 00:00:00+09:00,4095.0,4150.0,4040.0,4100.0,81847,0.0,0.0
2011-01-21 00:00:00+09:00,4050.0,4240.0,3990.0,4180.0,290577,0.0,0.0
2011-01-24 00:00:00+09:00,4130.0,4310.0,4130.0,4165.0,204427,0.0,0.0
2011-01-25 00:00:00+09:00,4190.0,4230.0,4020.0,4040.0,240940,0.0,0.0
2011-01-26 00:00:00+09:00,4100.0,4100.0,4000.0,4030.0,135430,0.0,0.0
2011-01-27 00:00:00+09:00,4020.0,4050.0,3990.0,4035.0,117828,0.0,0.0
2011-01-28 00:00:00+09:00,4090.0,4090.0,3990.0,4005.0,118549,0.0,0.0
2011-01-31 00:00:00+09:00,3970.0,4000.0,3770.0,3850.0,291452,0.0,0.0
2011-02-01 00:00:00+09:00,3865.0,3940.0,3805.0,3810.0,99064,0.0,0.0
2011-02-07 00:00:00+09:00,3820.0,3960.0,3820.0,3930.0,112269,0.0,0.0
2011-02-08 00:00:00+09:00,3815.0,3970.0,3815.0,3885.0,83344,0.0,0.0
2011-02-09 00:00:00+09:00,3885.0,3980.0,3885.0,3900.0,112194,0.0,0.0
2011-02-10 00:00:00+09:00,3900.0,4025.0,3870.0,3940.0,158820,0.0,0.0
2011-02-11 00:00:00+09:00,3900.0,4000.0,3875.0,3940.0,138267,0.0,0.0
2011-02-14 00:00:00+09:00,4530.0,4530.0,4325.0,4530.0,3186364,0.0,0.0
2011-02-15 00:00:00+09:00,4750.0,4750.0,4300.0,4380.0,1465673,0.0,0.0
2011-02-16 00:00:00+09:00,4335.0,4470.0,4250.0,4395.0,524826,0.0,0.0
2011-02-17 00:00:00+09:00,4495.0,4525.0,4235.0,4250.0,398052,0.0,0.0
2011-02-18 00:00:00+09:00,4150.0,4290.0,3990.0,4040.0,532476,0.0,0.0
2011-02-21 00:00:00+09:00,4060.0,4400.0,4030.0,4330.0,529117,0.0,0.0
2011-02-22 00:00:00+09:00,4290.0,4300.0,4115.0,4165.0,257374,0.0,0.0
2011-02-23 00:00:00+09:00,4200.0,4500.0,4080.0,4230.0,810665,0.0,0.0
2011-02-24 00:00:00+09:00,4300.0,4575.0,4230.0,4450.0,1864765,0.0,0.0
2011-02-25 00:00:00+09:00,4270.0,4530.0,4125.0,4310.0,1010519,0.0,0.0
2011-02-28 00:00:00+09:00,4265.0,4440.0,4180.0,4200.0,368786,0.0,0.0
2011-03-02 00:00:00+09:00,4310.0,4400.0,4180.0,4340.0,347947,0.0,0.0
2011-03-03 00:00:00+09:00,4365.0,4400.0,4225.0,4300.0,270336,0.0,0.0
2011-03-04 00:00:00+09:00,4300.0,4330.0,4000.0,4080.0,968660,0.0,0.0
2011-03-07 00:00:00+09:00,3900.0,4010.0,3650.0,3725.0,983574,0.0,0.0
2011-03-08 00:00:00+09:00,3900.0,4075.0,3805.0,3885.0,878842,0.0,0.0
2011-03-09 00:00:00+09:00,3890.0,3950.0,3850.0,3915.0,164182,0.0,0.0
2011-03-10 00:00:00+09:00,3900.0,3990.0,3880.0,3990.0,114603,0.0,0.0
2011-03-11 00:00:00+09:00,3910.0,3945.0,3865.0,3865.0,185255,0.0,0.0
2011-03-14 00:00:00+09:00,3785.0,4130.0,3780.0,3830.0,593227,0.0,0.0
2011-03-15 00:00:00+09:00,3890.0,3890.0,3380.0,3710.0,348242,0.0,0.0
2011-03-31 00:00:00+09:00,4180.0,4265.0,4000.0,4265.0,380552,0.0,0.0
2011-04-01 00:00:00+09:00,4435.0,4440.0,3960.0,4035.0,1145594,0.0,0.0
2011-04-04 00:00:00+09:00,4040.0,4085.0,3955.0,4000.0,231450,0.0,0.0
2011-04-05 00:00:00+09:00,4050.0,4050.0,3955.0,3955.0,159852,0.0,0.0
2011-04-06 00:00:00+09:00,3945.0,3945.0,3735.0,3770.0,297535,0.0,0.0
2011-04-07 00:00:00+09:00,3805.0,3810.0,3620.0,3720.0,196831,0.0,0.0
2011-04-08 00:00:00+09:00,3665.0,3850.0,3655.0,3745.0,140049,0.0,0.0
2011-04-11 00:00:00+09:00,3800.0,3800.0,3670.0,3690.0,126341,0.0,0.0
2011-04-12 00:00:00+09:00,3725.0,3725.0,3610.0,3610.0,112630,0.0,0.0
2011-04-13 00:00:00+09:00,3610.0,3660.0,3535.0,3640.0,115007,0.0,0.0
2011-04-14 00:00:00+09:00,3700.0,3700.0,3560.0,3620.0,88002,0.0,0.0
2011-04-15 00:00:00+09:00,3600.0,3645.0,3530.0,3580.0,86754,0.0,0.0
2011-04-18 00:00:00+09:00,3580.0,3600.0,3475.0,3510.0,165166,0.0,0.0
2011-04-19 00:00:00+09:00,3445.0,3520.0,3375.0,3395.0,227764,0.0,0.0
2011-04-20 00:00:00+09:00,3385.0,3510.0,3385.0,3510.0,95707,0.0,0.0
2011-04-21 00:00:00+09:00,3500.0,3555.0,3400.0,3495.0,108464,0.0,0.0
2011-04-22 00:00:00+09:00,3460.0,3530.0,3410.0,3420.0,107762,0.0,0.0
2011-04-25 00:00:00+09:00,3415.0,3510.0,3390.0,3405.0,97178,0.0,0.0
2011-04-26 00:00:00+09:00,3395.0,3440.0,3325.0,3330.0,99495,0.0,0.0
2011-04-27 00:00:00+09:00,3340.0,3405.0,3330.0,3345.0,71351,0.0,0.0
2011-04-28 00:00:00+09:00,3350.0,3405.0,3325.0,3360.0,70554,0.0,0.0
2011-04-29 00:00:00+09:00,3335.0,3385.0,3325.0,3350.0,61035,0.0,0.0
2011-05-02 00:00:00+09:00,3360.0,3535.0,3360.0,3490.0,82654,0.0,0.0
2011-05-03 00:00:00+09:00,3550.0,3830.0,3550.0,3650.0,432727,0.0,0.0
2011-05-04 00:00:00+09:00,3650.0,3830.0,3590.0,3620.0,181309,0.0,0.0
2011-05-06 00:00:00+09:00,3590.0,3615.0,3530.0,3540.0,52934,0.0,0.0
2011-05-09 00:00:00+09:00,3560.0,3740.0,3560.0,3605.0,70610,0.0,0.0
2011-05-11 00:00:00+09:00,3665.0,3675.0,3525.0,3580.0,57348,0.0,0.0
2011-05-12 00:00:00+09:00,3550.0,3590.0,3500.0,3570.0,90006,0.0,0.0
2011-05-13 00:00:00+09:00,3610.0,3610.0,3480.0,3500.0,71705,0.0,0.0
2011-05-16 00:00:00+09:00,3545.0,3545.0,3420.0,3435.0,52832,0.0,0.0
2011-05-17 00:00:00+09:00,3375.0,3480.0,3375.0,3470.0,44541,0.0,0.0
2011-05-18 00:00:00+09:00,3495.0,3510.0,3330.0,3340.0,129070,0.0,0.0
2011-05-19 00:00:00+09:00,3400.0,3400.0,3255.0,3255.0,88197,0.0,0.0
2011-05-20 00:00:00+09:00,3255.0,3315.0,3155.0,3165.0,71938,0.0,0.0
2011-05-23 00:00:00+09:00,3210.0,3210.0,3050.0,3085.0,79238,0.0,0.0
2011-05-24 00:00:00+09:00,3010.0,3160.0,3005.0,3050.0,95716,0.0,0.0
2011-05-25 00:00:00+09:00,3090.0,3150.0,3035.0,3045.0,56751,0.0,0.0
2011-05-26 00:00:00+09:00,3060.0,3185.0,3060.0,3135.0,40894,0.0,0.0
2011-05-27 00:00:00+09:00,3185.0,3290.0,3170.0,3190.0,42916,0.0,0.0
2011-05-30 00:00:00+09:00,3235.0,3250.0,3090.0,3250.0,62512,0.0,0.0
2011-05-31 00:00:00+09:00,3150.0,3230.0,3025.0,3025.0,139617,0.0,0.0
2011-06-01 00:00:00+09:00,3040.0,3155.0,3025.0,3055.0,69826,0.0,0.0
2011-06-02 00:00:00+09:00,2950.0,3140.0,2950.0,3140.0,102289,0.0,0.0
2011-06-03 00:00:00+09:00,3090.0,3125.0,3070.0,3075.0,35665,0.0,0.0
2011-06-07 00:00:00+09:00,3120.0,3120.0,3010.0,3030.0,78235,0.0,0.0
2011-06-08 00:00:00+09:00,3080.0,3080.0,3010.0,3020.0,48112,0.0,0.0
2011-06-09 00:00:00+09:00,3015.0,3270.0,3015.0,3235.0,144458,0.0,0.0
2011-06-10 00:00:00+09:00,3240.0,3530.0,3120.0,3305.0,650720,0.0,0.0
2011-06-13 00:00:00+09:00,3220.0,3500.0,3175.0,3275.0,145302,0.0,0.0
2011-06-14 00:00:00+09:00,3235.0,3380.0,3235.0,3240.0,61375,0.0,0.0
2011-06-15 00:00:00+09:00,3250.0,3310.0,3225.0,3240.0,53001,0.0,0.0
2011-06-16 00:00:00+09:00,3200.0,3310.0,3200.0,3225.0,25868,0.0,0.0
2011-06-17 00:00:00+09:00,3220.0,3300.0,3200.0,3205.0,68154,0.0,0.0
2011-06-20 00:00:00+09:00,3225.0,3285.0,3200.0,3200.0,42112,0.0,0.0
2011-06-21 00:00:00+09:00,3205.0,3260.0,3145.0,3195.0,40729,0.0,0.0
2011-06-22 00:00:00+09:00,3195.0,3260.0,3160.0,3210.0,66275,0.0,0.0
2011-06-23 00:00:00+09:00,3190.0,3420.0,3165.0,3175.0,170786,0.0,0.0
2011-06-24 00:00:00+09:00,3175.0,3240.0,3175.0,3200.0,60688,0.0,0.0
2011-06-27 00:00:00+09:00,3195.0,3220.0,3145.0,3165.0,58218,0.0,0.0
2011-06-28 00:00:00+09:00,3190.0,3195.0,3160.0,3165.0,56452,0.0,0.0
2011-06-29 00:00:00+09:00,3170.0,3205.0,3165.0,3165.0,35096,0.0,0.0
2011-06-30 00:00:00+09:00,3240.0,3240.0,3175.0,3200.0,34481,0.0,0.0
2011-07-01 00:00:00+09:00,3245.0,3355.0,3240.0,3285.0,80281,0.0,0.0
2011-07-04 00:00:00+09:00,3295.0,3330.0,3250.0,3285.0,43873,0.0,0.0
2011-07-05 00:00:00+09:00,3300.0,3515.0,3270.0,3340.0,339629,0.0,0.0
2011-07-06 00:00:00+09:00,3375.0,3455.0,3335.0,3365.0,93137,0.0,0.0
2011-07-07 00:00:00+09:00,3425.0,3425.0,3350.0,3395.0,61689,0.0,0.0
2011-07-08 00:00:00+09:00,3420.0,3420.0,3350.0,3390.0,64073,0.0,0.0
2011-07-11 00:00:00+09:00,3395.0,3450.0,3350.0,3395.0,45780,0.0,0.0
2011-07-12 00:00:00+09:00,3400.0,3540.0,3380.0,3515.0,173964,0.0,0.0
2011-07-13 00:00:00+09:00,3510.0,3580.0,3450.0,3500.0,120683,0.0,0.0
2011-07-14 00:00:00+09:00,3475.0,3645.0,3475.0,3535.0,131539,0.0,0.0
2011-07-15 00:00:00+09:00,3560.0,3660.0,3545.0,3600.0,125804,0.0,0.0
2011-07-18 00:00:00+09:00,3600.0,3640.0,3555.0,3560.0,73296,0.0,0.0
2011-07-19 00:00:00+09:00,3570.0,3610.0,3495.0,3495.0,103268,0.0,0.0
2011-07-20 00:00:00+09:00,3495.0,3530.0,3445.0,3475.0,98629,0.0,0.0
2011-07-21 00:00:00+09:00,3465.0,3495.0,3405.0,3415.0,85179,0.0,0.0
2011-07-22 00:00:00+09:00,3425.0,3600.0,3420.0,3600.0,128619,0.0,0.0
2011-07-25 00:00:00+09:00,3600.0,3705.0,3580.0,3640.0,207301,0.0,0.0
2011-07-26 00:00:00+09:00,3615.0,3695.0,3615.0,3665.0,53901,0.0,0.0
2011-07-27 00:00:00+09:00,3720.0,3725.0,3640.0,3660.0,76873,0.0,0.0
2011-07-28 00:00:00+09:00,3780.0,4005.0,3690.0,3690.0,803069,0.0,0.0
2011-07-29 00:00:00+09:00,3660.0,3790.0,3600.0,3600.0,190643,0.0,0.0
2011-08-01 00:00:00+09:00,3600.0,3680.0,3600.0,3615.0,72696,0.0,0.0
2011-08-02 00:00:00+09:00,3610.0,3675.0,3545.0,3545.0,102737,0.0,0.0
2011-08-03 00:00:00+09:00,3490.0,3530.0,3415.0,3505.0,132427,0.0,0.0
2011-08-04 00:00:00+09:00,3475.0,3520.0,3455.0,3480.0,78056,0.0,0.0
2011-08-05 00:00:00+09:00,3350.0,3410.0,3285.0,3320.0,151772,0.0,0.0
2011-08-08 00:00:00+09:00,3300.0,3370.0,3005.0,3100.0,158509,0.0,0.0
2011-08-09 00:00:00+09:00,2980.0,2985.0,2635.0,2825.0,299949,0.0,0.0
2011-08-10 00:00:00+09:00,2990.0,3070.0,2860.0,2990.0,157917,0.0,0.0
2011-08-11 00:00:00+09:00,2900.0,3415.0,2825.0,3150.0,177955,0.0,0.0
2011-08-12 00:00:00+09:00,3250.0,3300.0,3100.0,3170.0,140313,0.0,0.0
2011-08-16 00:00:00+09:00,3230.0,3350.0,3230.0,3350.0,86996,0.0,0.0
2011-08-17 00:00:00+09:00,3320.0,3630.0,3285.0,3585.0,234096,0.0,0.0
2011-08-18 00:00:00+09:00,3600.0,3715.0,3520.0,3600.0,201731,0.0,0.0
2011-08-19 00:00:00+09:00,3580.0,3630.0,3450.0,3585.0,337148,0.0,0.0
2011-08-22 00:00:00+09:00,3580.0,3580.0,3340.0,3365.0,201741,0.0,0.0
2011-08-23 00:00:00+09:00,3470.0,3470.0,3365.0,3375.0,50700,0.0,0.0
2011-08-24 00:00:00+09:00,3360.0,3435.0,3340.0,3345.0,55173,0.0,0.0
2011-08-25 00:00:00+09:00,3330.0,3395.0,3300.0,3355.0,30084,0.0,0.0
2011-08-26 00:00:00+09:00,3520.0,3605.0,3250.0,3255.0,351925,0.0,0.0
2011-08-29 00:00:00+09:00,3440.0,3440.0,3360.0,3390.0,144929,0.0,0.0
2011-08-30 00:00:00+09:00,3405.0,3585.0,3405.0,3585.0,161418,0.0,0.0
2011-08-31 00:00:00+09:00,3620.0,3640.0,3480.0,3565.0,76153,0.0,0.0
2011-09-01 00:00:00+09:00,3565.0,3605.0,3500.0,3515.0,95134,0.0,0.0
2011-09-02 00:00:00+09:00,3480.0,3520.0,3440.0,3475.0,55777,0.0,0.0
2011-09-05 00:00:00+09:00,3400.0,3470.0,3360.0,3365.0,80477,0.0,0.0
2011-09-06 00:00:00+09:00,3245.0,3420.0,2870.0,3165.0,189183,0.0,0.0
2011-09-07 00:00:00+09:00,3245.0,3400.0,3165.0,3360.0,135119,0.0,0.0
2011-09-08 00:00:00+09:00,3470.0,3750.0,3450.0,3465.0,1409711,0.0,0.0
2011-09-09 00:00:00+09:00,3380.0,3445.0,3220.0,3350.0,302780,0.0,0.0
2011-09-14 00:00:00+09:00,3310.0,3450.0,3250.0,3265.0,115137,0.0,0.0
2011-09-15 00:00:00+09:00,3335.0,3365.0,3200.0,3300.0,103246,0.0,0.0
2011-09-16 00:00:00+09:00,3300.0,3400.0,3300.0,3395.0,90312,0.0,0.0
2011-09-19 00:00:00+09:00,3445.0,3445.0,3285.0,3285.0,102450,0.0,0.0
2011-09-20 00:00:00+09:00,3290.0,3340.0,3265.0,3305.0,46910,0.0,0.0
2011-09-21 00:00:00+09:00,3305.0,3375.0,3305.0,3360.0,86502,0.0,0.0
2011-09-22 00:00:00+09:00,3335.0,3360.0,3295.0,3340.0,94367,0.0,0.0
2011-09-23 00:00:00+09:00,3320.0,3320.0,3190.0,3190.0,176809,0.0,0.0
2011-09-26 00:00:00+09:00,3205.0,3295.0,2940.0,3010.0,134691,0.0,0.0
2011-09-27 00:00:00+09:00,2980.0,3240.0,2980.0,3240.0,68084,0.0,0.0
2011-09-28 00:00:00+09:00,3190.0,3320.0,3180.0,3250.0,85043,0.0,0.0
2011-09-29 00:00:00+09:00,3240.0,3335.0,3215.0,3330.0,70585,0.0,0.0
2011-09-30 00:00:00+09:00,3295.0,3380.0,3200.0,3255.0,84386,0.0,0.0
2011-10-04 00:00:00+09:00,3100.0,3230.0,3025.0,3195.0,70391,0.0,0.0
2011-10-05 00:00:00+09:00,3210.0,3250.0,3135.0,3140.0,46806,0.0,0.0
2011-10-06 00:00:00+09:00,3200.0,3245.0,3180.0,3210.0,26714,0.0,0.0
2011-10-07 00:00:00+09:00,3250.0,3395.0,3210.0,3390.0,117568,0.0,0.0
2011-10-10 00:00:00+09:00,3450.0,3450.0,3295.0,3350.0,78156,0.0,0.0
2011-10-11 00:00:00+09:00,3375.0,3445.0,3355.0,3390.0,73661,0.0,0.0
2011-10-12 00:00:00+09:00,3440.0,3440.0,3315.0,3390.0,51855,0.0,0.0
2011-10-13 00:00:00+09:00,3450.0,3470.0,3405.0,3410.0,59971,0.0,0.0
2011-10-14 00:00:00+09:00,3445.0,3460.0,3365.0,3455.0,87654,0.0,0.0
2011-10-17 00:00:00+09:00,3495.0,3495.0,3390.0,3410.0,61426,0.0,0.0
2011-10-18 00:00:00+09:00,3370.0,3370.0,3310.0,3340.0,37761,0.0,0.0
2011-10-19 00:00:00+09:00,3395.0,3395.0,3250.0,3335.0,71952,0.0,0.0
2011-10-20 00:00:00+09:00,3335.0,3400.0,3250.0,3260.0,50680,0.0,0.0
2011-10-21 00:00:00+09:00,3300.0,3350.0,3240.0,3260.0,40727,0.0,0.0
2011-10-24 00:00:00+09:00,3310.0,3390.0,3280.0,3365.0,112757,0.0,0.0
2011-10-25 00:00:00+09:00,3395.0,3430.0,3310.0,3330.0,88729,0.0,0.0
2011-10-26 00:00:00+09:00,3325.0,3360.0,3250.0,3325.0,49063,0.0,0.0
2011-10-27 00:00:00+09:00,3345.0,3385.0,3315.0,3335.0,131517,0.0,0.0
2011-10-28 00:00:00+09:00,3415.0,3700.0,3340.0,3625.0,755792,0.0,0.0
2011-10-31 00:00:00+09:00,3650.0,3700.0,3530.0,3540.0,231642,0.0,0.0
2011-11-01 00:00:00+09:00,3490.0,3610.0,3470.0,3600.0,225291,0.0,0.0
2011-11-02 00:00:00+09:00,3500.0,3645.0,3460.0,3600.0,166227,0.0,0.0
2011-11-03 00:00:00+09:00,3645.0,3645.0,3500.0,3505.0,129880,0.0,0.0
2011-11-04 00:00:00+09:00,3580.0,3680.0,3520.0,3575.0,104456,0.0,0.0
2011-11-07 00:00:00+09:00,3530.0,3615.0,3510.0,3525.0,94539,0.0,0.0
2011-11-08 00:00:00+09:00,3520.0,3570.0,3435.0,3440.0,99514,0.0,0.0
2011-11-09 00:00:00+09:00,3535.0,3535.0,3405.0,3455.0,62454,0.0,0.0
2011-11-10 00:00:00+09:00,3340.0,3450.0,3315.0,3335.0,113936,0.0,0.0
2011-11-11 00:00:00+09:00,3335.0,3410.0,3300.0,3370.0,112242,0.0,0.0
2011-11-14 00:00:00+09:00,3405.0,3445.0,3375.0,3380.0,50574,0.0,0.0
2011-11-15 00:00:00+09:00,3370.0,3420.0,3335.0,3395.0,49266,0.0,0.0
2011-11-16 00:00:00+09:00,3440.0,3440.0,3330.0,3335.0,62529,0.0,0.0
2011-11-17 00:00:00+09:00,3355.0,3355.0,3250.0,3345.0,85030,0.0,0.0
2011-11-18 00:00:00+09:00,3345.0,3345.0,3245.0,3310.0,33939,0.0,0.0
2011-11-21 00:00:00+09:00,3310.0,3310.0,3155.0,3180.0,97323,0.0,0.0
2011-11-22 00:00:00+09:00,3255.0,3255.0,3125.0,3165.0,58044,0.0,0.0
2011-11-23 00:00:00+09:00,3125.0,3230.0,2980.0,3010.0,171771,0.0,0.0
2011-11-24 00:00:00+09:00,3070.0,3070.0,2980.0,3020.0,51234,0.0,0.0
2011-11-25 00:00:00+09:00,3025.0,3025.0,2935.0,2995.0,84567,0.0,0.0
2011-11-28 00:00:00+09:00,3095.0,3100.0,3015.0,3090.0,32986,0.0,0.0
2011-11-29 00:00:00+09:00,3145.0,3150.0,3085.0,3100.0,47331,0.0,0.0
2011-11-30 00:00:00+09:00,3135.0,3145.0,3015.0,3020.0,59301,0.0,0.0
2011-12-01 00:00:00+09:00,3115.0,3115.0,3030.0,3030.0,73110,0.0,0.0
2011-12-02 00:00:00+09:00,3035.0,3160.0,3015.0,3150.0,50060,0.0,0.0
2011-12-05 00:00:00+09:00,3155.0,3180.0,3080.0,3180.0,54441,0.0,0.0
2011-12-06 00:00:00+09:00,3220.0,3255.0,3150.0,3175.0,55052,0.0,0.0
2011-12-07 00:00:00+09:00,3210.0,3220.0,3085.0,3100.0,62932,0.0,0.0
2011-12-08 00:00:00+09:00,3130.0,3130.0,3070.0,3100.0,25288,0.0,0.0
2011-12-09 00:00:00+09:00,3100.0,3100.0,3035.0,3065.0,49256,0.0,0.0
2011-12-12 00:00:00+09:00,3110.0,3130.0,3070.0,3085.0,33883,0.0,0.0
2011-12-13 00:00:00+09:00,3110.0,3110.0,3020.0,3020.0,53171,0.0,0.0
2011-12-14 00:00:00+09:00,3025.0,3100.0,3020.0,3095.0,37806,0.0,0.0
2011-12-15 00:00:00+09:00,3030.0,3100.0,3025.0,3040.0,16605,0.0,0.0
2011-12-16 00:00:00+09:00,3090.0,3090.0,2985.0,2985.0,45945,0.0,0.0
2011-12-19 00:00:00+09:00,2990.0,3030.0,2540.0,2785.0,125146,0.0,0.0
2011-12-20 00:00:00+09:00,2780.0,2885.0,2750.0,2870.0,32273,0.0,0.0
2011-12-21 00:00:00+09:00,2900.0,3025.0,2820.0,2950.0,54231,0.0,0.0
2011-12-22 00:00:00+09:00,2950.0,3015.0,2870.0,2995.0,38706,0.0,0.0
2011-12-23 00:00:00+09:00,3000.0,3055.0,2945.0,2995.0,72390,0.0,0.0
2011-12-26 00:00:00+09:00,3000.0,3000.0,2885.0,2945.0,50405,0.0,0.0
2011-12-27 00:00:00+09:00,2920.0,2950.0,2850.0,2880.0,60218,0.0,0.0
2011-12-28 00:00:00+09:00,2920.0,2940.0,2850.0,2890.0,18001,0.0,0.0
2011-12-29 00:00:00+09:00,2810.0,2875.0,2780.0,2870.0,53881,0.0,0.0
2012-01-02 00:00:00+09:00,2880.0,3000.0,2880.0,2900.0,39431,0.0,0.0
2012-01-03 00:00:00+09:00,2920.0,2940.0,2860.0,2900.0,31746,0.0,0.0
2012-01-04 00:00:00+09:00,2940.0,2945.0,2880.0,2915.0,31113,0.0,0.0
2012-01-05 00:00:00+09:00,2915.0,2980.0,2900.0,2960.0,46751,0.0,0.0
2012-01-06 00:00:00+09:00,2960.0,2960.0,2870.0,2905.0,35575,0.0,0.0
2012-01-09 00:00:00+09:00,2910.0,2910.0,2770.0,2825.0,94346,0.0,0.0
2012-01-10 00:00:00+09:00,2795.0,2840.0,2750.0,2750.0,113465,0.0,0.0
2012-01-11 00:00:00+09:00,2730.0,2750.0,2685.0,2745.0,60642,0.0,0.0
2012-01-12 00:00:00+09:00,2795.0,2795.0,2660.0,2685.0,70671,0.0,0.0
2012-01-13 00:00:00+09:00,2660.0,2725.0,2655.0,2700.0,72802,0.0,0.0
2012-01-16 00:00:00+09:00,2730.0,2760.0,2620.0,2650.0,52690,0.0,0.0
2012-01-17 00:00:00+09:00,2655.0,2720.0,2655.0,2695.0,37741,0.0,0.0
2012-01-18 00:00:00+09:00,2695.0,2755.0,2690.0,2705.0,64110,0.0,0.0
2012-01-19 00:00:00+09:00,2710.0,2755.0,2705.0,2705.0,49583,0.0,0.0
2012-01-20 00:00:00+09:00,2700.0,2735.0,2685.0,2700.0,40730,0.0,0.0
2012-01-25 00:00:00+09:00,2720.0,2775.0,2700.0,2730.0,54026,0.0,0.0
2012-01-26 00:00:00+09:00,2790.0,2795.0,2725.0,2785.0,61216,0.0,0.0
2012-01-27 00:00:00+09:00,2770.0,2795.0,2735.0,2790.0,25737,0.0,0.0
2012-01-30 00:00:00+09:00,2795.0,2815.0,2750.0,2785.0,23252,0.0,0.0
2012-01-31 00:00:00+09:00,2760.0,2795.0,2750.0,2770.0,33509,0.0,0.0
2012-02-01 00:00:00+09:00,2750.0,2770.0,2715.0,2760.0,53896,0.0,0.0
2012-02-02 00:00:00+09:00,2710.0,2740.0,2645.0,2655.0,147850,0.0,0.0
2012-02-03 00:00:00+09:00,2675.0,2675.0,2530.0,2615.0,193734,0.0,0.0
2012-02-06 00:00:00+09:00,2630.0,2680.0,2620.0,2660.0,57631,0.0,0.0
2012-02-07 00:00:00+09:00,2660.0,2830.0,2580.0,2645.0,242855,0.0,0.0
2012-02-08 00:00:00+09:00,2645.0,2730.0,2620.0,2730.0,78041,0.0,0.0
2012-02-09 00:00:00+09:00,2775.0,3040.0,2745.0,2905.0,334993,0.0,0.0
2012-02-10 00:00:00+09:00,2910.0,2950.0,2840.0,2910.0,78675,0.0,0.0
2012-02-13 00:00:00+09:00,2840.0,2950.0,2830.0,2950.0,56656,0.0,0.0
2012-02-14 00:00:00+09:00,2950.0,2950.0,2900.0,2930.0,46249,0.0,0.0
2012-02-15 00:00:00+09:00,2960.0,2960.0,2900.0,2920.0,31772,0.0,0.0
2012-02-16 00:00:00+09:00,2940.0,2940.0,2850.0,2850.0,41729,0.0,0.0
2012-02-17 00:00:00+09:00,2880.0,2900.0,2840.0,2890.0,59741,0.0,0.0
2012-02-20 00:00:00+09:00,2900.0,2900.0,2850.0,2850.0,44535,0.0,0.0
2012-02-21 00:00:00+09:00,2880.0,2880.0,2810.0,2870.0,66452,0.0,0.0
2012-02-22 00:00:00+09:00,2870.0,2920.0,2850.0,2875.0,40264,0.0,0.0
2012-02-23 00:00:00+09:00,2895.0,3090.0,2880.0,3030.0,199633,0.0,0.0
2012-02-24 00:00:00+09:00,3025.0,3070.0,2975.0,2995.0,86713,0.0,0.0
2012-02-27 00:00:00+09:00,3015.0,3015.0,2940.0,2980.0,49101,0.0,0.0
2012-02-28 00:00:00+09:00,3000.0,3000.0,2950.0,2980.0,52044,0.0,0.0
2012-02-29 00:00:00+09:00,2990.0,3030.0,2960.0,2970.0,64662,0.0,0.0
2012-03-02 00:00:00+09:00,2975.0,3000.0,2960.0,2985.0,42333,0.0,0.0
2012-03-05 00:00:00+09:00,2990.0,2995.0,2940.0,2980.0,55265,0.0,0.0
2012-03-06 00:00:00+09:00,2960.0,2980.0,2900.0,2910.0,43709,0.0,0.0
2012-03-07 00:00:00+09:00,2900.0,2900.0,2820.0,2865.0,33707,0.0,0.0
2012-03-08 00:00:00+09:00,2890.0,2910.0,2775.0,2805.0,75371,0.0,0.0
2012-03-09 00:00:00+09:00,2800.0,2830.0,2775.0,2785.0,67747,0.0,0.0
2012-03-12 00:00:00+09:00,2740.0,2840.0,2740.0,2785.0,41627,0.0,0.0
2012-03-13 00:00:00+09:00,2770.0,2810.0,2770.0,2800.0,22617,0.0,0.0
2012-03-14 00:00:00+09:00,2780.0,2855.0,2770.0,2800.0,47347,0.0,0.0
2012-03-15 00:00:00+09:00,2840.0,2840.0,2785.0,2785.0,35864,0.0,0.0
2012-03-16 00:00:00+09:00,2840.0,2840.0,2740.0,2760.0,70086,0.0,0.0
2012-03-19 00:00:00+09:00,2780.0,2780.0,2730.0,2750.0,45491,0.0,0.0
2012-03-20 00:00:00+09:00,2750.0,2770.0,2690.0,2720.0,50911,0.0,0.0
2012-03-21 00:00:00+09:00,2695.0,2720.0,2650.0,2670.0,88029,0.0,0.0
2012-03-22 00:00:00+09:00,2680.0,2745.0,2670.0,2675.0,59793,0.0,0.0
2012-03-23 00:00:00+09:00,2670.0,2695.0,2625.0,2635.0,70261,0.0,0.0
2012-03-26 00:00:00+09:00,2640.0,2665.0,2555.0,2560.0,75170,0.0,0.0
2012-03-27 00:00:00+09:00,2550.0,2610.0,2545.0,2605.0,51415,0.0,0.0
2012-03-28 00:00:00+09:00,2620.0,2620.0,2570.0,2585.0,30639,0.0,0.0
2012-03-29 00:00:00+09:00,2610.0,2650.0,2540.0,2650.0,66916,0.0,0.0
2012-03-30 00:00:00+09:00,2640.0,2680.0,2600.0,2660.0,44148,0.0,0.0
2012-04-02 00:00:00+09:00,2690.0,2690.0,2625.0,2650.0,30835,0.0,0.0
2012-04-03 00:00:00+09:00,2650.0,2650.0,2590.0,2595.0,39943,0.0,0.0
2012-04-04 00:00:00+09:00,2550.0,2600.0,2505.0,2530.0,90126,0.0,0.0
2012-04-05 00:00:00+09:00,2500.0,2525.0,2350.0,2525.0,162477,0.0,0.0
2012-04-06 00:00:00+09:00,2570.0,2570.0,2490.0,2525.0,32963,0.0,0.0
2012-04-09 00:00:00+09:00,2525.0,2525.0,2445.0,2505.0,53161,0.0,0.0
2012-04-10 00:00:00+09:00,2515.0,2515.0,2450.0,2460.0,30762,0.0,0.0
2012-04-12 00:00:00+09:00,2490.0,2490.0,2395.0,2460.0,28802,0.0,0.0
2012-04-13 00:00:00+09:00,2520.0,2630.0,2465.0,2475.0,224860,0.0,0.0
2012-04-16 00:00:00+09:00,2545.0,2845.0,2545.0,2845.0,2027276,0.0,0.0
2012-04-17 00:00:00+09:00,2920.0,3270.0,2920.0,3270.0,1841099,0.0,0.0
2012-04-18 00:00:00+09:00,3650.0,3715.0,3270.0,3360.0,5393872,0.0,0.0
2012-04-19 00:00:00+09:00,3425.0,3550.0,3135.0,3360.0,4687950,0.0,0.0
2012-04-20 00:00:00+09:00,3370.0,3500.0,3100.0,3300.0,2868186,0.0,0.0
2012-04-23 00:00:00+09:00,3390.0,3390.0,3140.0,3275.0,1424695,0.0,0.0
2012-04-24 00:00:00+09:00,3385.0,3635.0,3350.0,3400.0,3637196,0.0,0.0
2012-04-25 00:00:00+09:00,3400.0,3400.0,3175.0,3235.0,1436904,0.0,0.0
2012-04-26 00:00:00+09:00,3275.0,3275.0,2955.0,2955.0,1334399,0.0,0.0
2012-04-27 00:00:00+09:00,3005.0,3080.0,2925.0,2970.0,1018311,0.0,0.0
2012-04-30 00:00:00+09:00,3060.0,3415.0,3055.0,3415.0,2319572,0.0,0.0
2012-05-02 00:00:00+09:00,3520.0,3550.0,3280.0,3405.0,1957698,0.0,0.0
2012-05-03 00:00:00+09:00,3380.0,3380.0,3170.0,3200.0,969930,0.0,0.0
2012-05-04 00:00:00+09:00,3165.0,3340.0,3025.0,3340.0,908516,0.0,0.0
2012-05-07 00:00:00+09:00,3250.0,3380.0,3195.0,3305.0,550047,0.0,0.0
2012-05-08 00:00:00+09:00,3350.0,3480.0,3215.0,3390.0,741905,0.0,0.0
2012-05-09 00:00:00+09:00,3390.0,3605.0,3300.0,3585.0,1842523,0.0,0.0
2012-05-10 00:00:00+09:00,3555.0,3555.0,3380.0,3450.0,903514,0.0,0.0
2012-05-11 00:00:00+09:00,3505.0,3525.0,3240.0,3240.0,626283,0.0,0.0
2012-05-14 00:00:00+09:00,3235.0,3325.0,2990.0,3075.0,628828,0.0,0.0
2012-05-15 00:00:00+09:00,3015.0,3075.0,2855.0,3000.0,475323,0.0,0.0
2012-05-16 00:00:00+09:00,2965.0,3115.0,2900.0,3015.0,472393,0.0,0.0
2012-05-17 00:00:00+09:00,3095.0,3185.0,2965.0,3045.0,390711,0.0,0.0
2012-05-18 00:00:00+09:00,3100.0,3100.0,2910.0,2930.0,282641,0.0,0.0
2012-05-21 00:00:00+09:00,2930.0,3110.0,2925.0,3045.0,356206,0.0,0.0
2012-05-22 00:00:00+09:00,3010.0,3105.0,3000.0,3035.0,258757,0.0,0.0
2012-05-23 00:00:00+09:00,3100.0,3180.0,3010.0,3060.0,312679,0.0,0.0
2012-05-24 00:00:00+09:00,3110.0,3110.0,2945.0,3010.0,275517,0.0,0.0
2012-05-25 00:00:00+09:00,2970.0,3050.0,2970.0,2995.0,280918,0.0,0.0
2012-05-29 00:00:00+09:00,3005.0,3045.0,2955.0,2955.0,223722,0.0,0.0
2012-05-30 00:00:00+09:00,2995.0,3140.0,2955.0,3010.0,594727,0.0,0.0
2012-05-31 00:00:00+09:00,2940.0,2970.0,2905.0,2905.0,345823,0.0,0.0
2012-06-01 00:00:00+09:00,2940.0,2945.0,2860.0,2905.0,299331,0.0,0.0
2012-06-04 00:00:00+09:00,2775.0,2850.0,2655.0,2720.0,372056,0.0,0.0
2012-06-05 00:00:00+09:00,2700.0,3025.0,2605.0,2865.0,713023,0.0,0.0
2012-06-07 00:00:00+09:00,2945.0,2950.0,2865.0,2895.0,259919,0.0,0.0
2012-06-08 00:00:00+09:00,2895.0,2960.0,2830.0,2830.0,268764,0.0,0.0
2012-06-11 00:00:00+09:00,2855.0,2915.0,2815.0,2875.0,182376,0.0,0.0
2012-06-12 00:00:00+09:00,2830.0,2950.0,2820.0,2910.0,249074,0.0,0.0
2012-06-13 00:00:00+09:00,2910.0,3020.0,2870.0,2955.0,318969,0.0,0.0
2012-06-14 00:00:00+09:00,2955.0,3090.0,2890.0,2905.0,424230,0.0,0.0
2012-06-15 00:00:00+09:00,2905.0,2945.0,2800.0,2915.0,277956,0.0,0.0
2012-06-18 00:00:00+09:00,2930.0,3105.0,2930.0,3090.0,631082,0.0,0.0
2012-06-19 00:00:00+09:00,3140.0,3215.0,3080.0,3170.0,600359,0.0,0.0
2012-06-20 00:00:00+09:00,3180.0,3340.0,3145.0,3340.0,873048,0.0,0.0
2012-06-21 00:00:00+09:00,3350.0,3470.0,3280.0,3470.0,780912,0.0,0.0
2012-06-22 00:00:00+09:00,3365.0,3530.0,3365.0,3480.0,486247,0.0,0.0
2012-06-25 00:00:00+09:00,3470.0,3665.0,3405.0,3555.0,941209,0.0,0.0
2012-06-26 00:00:00+09:00,3505.0,3595.0,3465.0,3505.0,273992,0.0,0.0
2012-06-27 00:00:00+09:00,3505.0,3585.0,3445.0,3510.0,381173,0.0,0.0
2012-06-28 00:00:00+09:00,3505.0,3560.0,3350.0,3360.0,484516,0.0,0.0
2012-06-29 00:00:00+09:00,3350.0,3505.0,3205.0,3450.0,311012,0.0,0.0
2012-07-02 00:00:00+09:00,3460.0,3530.0,3450.0,3480.0,224495,0.0,0.0
2012-07-03 00:00:00+09:00,3480.0,3550.0,3450.0,3485.0,283055,0.0,0.0
2012-07-04 00:00:00+09:00,3625.0,3630.0,3470.0,3510.0,462226,0.0,0.0
2012-07-05 00:00:00+09:00,3510.0,3525.0,3455.0,3500.0,168137,0.0,0.0
2012-07-06 00:00:00+09:00,3500.0,3510.0,3335.0,3395.0,315185,0.0,0.0
2012-07-09 00:00:00+09:00,3395.0,3395.0,3230.0,3255.0,257856,0.0,0.0
2012-07-10 00:00:00+09:00,3300.0,3300.0,3050.0,3075.0,465125,0.0,0.0
2012-07-11 00:00:00+09:00,3125.0,3150.0,3040.0,3040.0,288604,0.0,0.0
2012-07-12 00:00:00+09:00,3065.0,3090.0,2945.0,2990.0,410738,0.0,0.0
2012-07-13 00:00:00+09:00,2990.0,3045.0,2850.0,3045.0,415998,0.0,0.0
2012-07-16 00:00:00+09:00,3085.0,3085.0,2960.0,3025.0,179562,0.0,0.0
2012-07-17 00:00:00+09:00,3025.0,3025.0,2880.0,2900.0,340107,0.0,0.0
2012-07-18 00:00:00+09:00,2900.0,2940.0,2825.0,2840.0,273186,0.0,0.0
2012-07-19 00:00:00+09:00,2850.0,2895.0,2780.0,2845.0,284472,0.0,0.0
2012-07-20 00:00:00+09:00,2855.0,2930.0,2805.0,2910.0,218205,0.0,0.0
2012-07-23 00:00:00+09:00,2885.0,2900.0,2780.0,2800.0,209676,0.0,0.0
2012-07-24 00:00:00+09:00,2750.0,2790.0,2710.0,2725.0,145175,0.0,0.0
2012-07-25 00:00:00+09:00,2740.0,2865.0,2730.0,2750.0,216823,0.0,0.0
2012-07-26 00:00:00+09:00,2800.0,2855.0,2755.0,2850.0,140301,0.0,0.0
2012-07-27 00:00:00+09:00,2890.0,2920.0,2825.0,2840.0,295342,0.0,0.0
2012-07-30 00:00:00+09:00,2840.0,2910.0,2785.0,2880.0,187426,0.0,0.0
2012-07-31 00:00:00+09:00,2835.0,2870.0,2800.0,2860.0,91135,0.0,0.0
2012-08-01 00:00:00+09:00,2885.0,2895.0,2805.0,2805.0,120231,0.0,0.0
2012-08-02 00:00:00+09:00,2805.0,2855.0,2800.0,2810.0,58227,0.0,0.0
2012-08-03 00:00:00+09:00,2845.0,2845.0,2760.0,2790.0,71453,0.0,0.0
2012-08-06 00:00:00+09:00,2850.0,2850.0,2700.0,2800.0,104549,0.0,0.0
2012-08-07 00:00:00+09:00,2800.0,2855.0,2790.0,2845.0,156763,0.0,0.0
2012-08-08 00:00:00+09:00,2880.0,2895.0,2825.0,2880.0,101890,0.0,0.0
2012-08-09 00:00:00+09:00,2855.0,3020.0,2855.0,2950.0,256744,0.0,0.0
2012-08-10 00:00:00+09:00,2950.0,2985.0,2925.0,2975.0,104888,0.0,0.0
2012-08-13 00:00:00+09:00,3000.0,3035.0,2930.0,2975.0,87475,0.0,0.0
2012-08-14 00:00:00+09:00,2990.0,2990.0,2910.0,2970.0,84326,0.0,0.0
2012-08-16 00:00:00+09:00,2990.0,2990.0,2890.0,2905.0,110669,0.0,0.0
2012-08-17 00:00:00+09:00,2910.0,2930.0,2860.0,2895.0,127992,0.0,0.0
2012-08-20 00:00:00+09:00,2930.0,3325.0,2470.0,2470.0,1693895,0.0,0.0
2012-08-21 00:00:00+09:00,2700.0,2840.0,2700.0,2840.0,1038952,0.0,0.0
2012-08-22 00:00:00+09:00,2890.0,2895.0,2775.0,2830.0,357305,0.0,0.0
2012-08-23 00:00:00+09:00,2800.0,2940.0,2760.0,2830.0,209582,0.0,0.0
2012-08-24 00:00:00+09:00,2830.0,2910.0,2750.0,2850.0,238148,0.0,0.0
2012-08-27 00:00:00+09:00,2985.0,3190.0,2935.0,3140.0,907645,0.0,0.0
2012-08-28 00:00:00+09:00,3090.0,3095.0,2865.0,2895.0,947893,0.0,0.0
2012-08-29 00:00:00+09:00,2930.0,2930.0,2810.0,2850.0,247784,0.0,0.0
2012-08-30 00:00:00+09:00,2840.0,2950.0,2840.0,2855.0,235831,0.0,0.0
2012-08-31 00:00:00+09:00,2845.0,2865.0,2775.0,2795.0,210954,0.0,0.0
2012-09-03 00:00:00+09:00,2835.0,2865.0,2755.0,2825.0,173528,0.0,0.0
2012-09-04 00:00:00+09:00,2835.0,2910.0,2795.0,2910.0,247280,0.0,0.0
2012-09-05 00:00:00+09:00,2920.0,2930.0,2820.0,2870.0,190526,0.0,0.0
2012-09-06 00:00:00+09:00,2870.0,2885.0,2800.0,2840.0,130528,0.0,0.0
2012-09-07 00:00:00+09:00,2840.0,2895.0,2805.0,2840.0,104650,0.0,0.0
2012-09-10 00:00:00+09:00,2860.0,2875.0,2820.0,2820.0,113711,0.0,0.0
2012-09-11 00:00:00+09:00,2860.0,2860.0,2785.0,2785.0,100587,0.0,0.0
2012-09-12 00:00:00+09:00,2785.0,2845.0,2700.0,2785.0,223371,0.0,0.0
2012-09-13 00:00:00+09:00,2800.0,2895.0,2780.0,2850.0,222969,0.0,0.0
2012-09-14 00:00:00+09:00,2900.0,3050.0,2850.0,2865.0,746646,0.0,0.0
2012-09-17 00:00:00+09:00,2900.0,3050.0,2890.0,2925.0,763248,0.0,0.0
2012-09-18 00:00:00+09:00,2930.0,2950.0,2840.0,2875.0,381665,0.0,0.0
2012-09-19 00:00:00+09:00,2870.0,2870.0,2790.0,2790.0,326288,0.0,0.0
2012-09-20 00:00:00+09:00,2740.0,2845.0,2690.0,2830.0,394899,0.0,0.0
2012-09-21 00:00:00+09:00,2865.0,2865.0,2695.0,2770.0,412260,0.0,0.0
2012-09-24 00:00:00+09:00,2770.0,2800.0,2730.0,2740.0,137672,0.0,0.0
2012-09-25 00:00:00+09:00,2730.0,2780.0,2680.0,2705.0,175080,0.0,0.0
2012-09-26 00:00:00+09:00,2715.0,2740.0,2685.0,2725.0,139066,0.0,0.0
2012-09-27 00:00:00+09:00,2725.0,2760.0,2655.0,2725.0,118093,0.0,0.0
2012-09-28 00:00:00+09:00,2740.0,2740.0,2670.0,2720.0,61981,0.0,0.0
2012-10-02 00:00:00+09:00,2680.0,2720.0,2650.0,2690.0,102082,0.0,0.0
2012-10-04 00:00:00+09:00,2715.0,2715.0,2615.0,2695.0,104993,0.0,0.0
2012-10-05 00:00:00+09:00,2710.0,2730.0,2680.0,2700.0,92798,0.0,0.0
2012-10-08 00:00:00+09:00,2675.0,2725.0,2670.0,2695.0,57955,0.0,0.0
2012-10-09 00:00:00+09:00,2705.0,2710.0,2665.0,2695.0,75286,0.0,0.0
2012-10-10 00:00:00+09:00,2720.0,2720.0,2640.0,2640.0,99455,0.0,0.0
2012-10-11 00:00:00+09:00,2640.0,2660.0,2615.0,2645.0,78936,0.0,0.0
2012-10-12 00:00:00+09:00,2645.0,2685.0,2630.0,2645.0,53915,0.0,0.0
2012-10-15 00:00:00+09:00,2640.0,2685.0,2575.0,2590.0,126475,0.0,0.0
2012-10-16 00:00:00+09:00,2590.0,2640.0,2550.0,2585.0,80157,0.0,0.0
2012-10-17 00:00:00+09:00,2585.0,2700.0,2585.0,2650.0,99007,0.0,0.0
2012-10-18 00:00:00+09:00,2650.0,2650.0,2570.0,2600.0,106384,0.0,0.0
2012-10-19 00:00:00+09:00,2585.0,2625.0,2565.0,2585.0,85056,0.0,0.0
2012-10-22 00:00:00+09:00,2650.0,2745.0,2610.0,2620.0,107127,0.0,0.0
2012-10-23 00:00:00+09:00,2650.0,2650.0,2590.0,2590.0,84140,0.0,0.0
2012-10-24 00:00:00+09:00,2565.0,2615.0,2550.0,2580.0,70187,0.0,0.0
2012-10-25 00:00:00+09:00,2600.0,2600.0,2500.0,2510.0,91022,0.0,0.0
2012-10-26 00:00:00+09:00,2510.0,2595.0,2455.0,2480.0,71192,0.0,0.0
2012-10-29 00:00:00+09:00,2510.0,2535.0,2395.0,2400.0,95950,0.0,0.0
2012-10-30 00:00:00+09:00,2360.0,2440.0,2360.0,2410.0,89178,0.0,0.0
2012-10-31 00:00:00+09:00,2445.0,2500.0,2405.0,2455.0,42208,0.0,0.0
2012-11-01 00:00:00+09:00,2455.0,2475.0,2370.0,2375.0,117618,0.0,0.0
2012-11-02 00:00:00+09:00,2450.0,2465.0,2390.0,2445.0,62178,0.0,0.0
2012-11-05 00:00:00+09:00,2455.0,2470.0,2410.0,2460.0,54842,0.0,0.0
2012-11-06 00:00:00+09:00,2435.0,2530.0,2435.0,2500.0,62674,0.0,0.0
2012-11-07 00:00:00+09:00,2500.0,2535.0,2480.0,2485.0,41380,0.0,0.0
2012-11-08 00:00:00+09:00,2465.0,2485.0,2390.0,2470.0,66876,0.0,0.0
2012-11-09 00:00:00+09:00,2450.0,2450.0,2400.0,2420.0,66188,0.0,0.0
2012-11-12 00:00:00+09:00,2400.0,2445.0,2375.0,2375.0,69470,0.0,0.0
2012-11-13 00:00:00+09:00,2375.0,2435.0,2360.0,2370.0,42650,0.0,0.0
2012-11-14 00:00:00+09:00,2360.0,2410.0,2330.0,2385.0,70027,0.0,0.0
2012-11-15 00:00:00+09:00,2380.0,2400.0,2290.0,2400.0,73320,0.0,0.0
2012-11-16 00:00:00+09:00,2390.0,2390.0,2260.0,2310.0,62130,0.0,0.0
2012-11-19 00:00:00+09:00,2225.0,2345.0,2200.0,2300.0,74765,0.0,0.0
2012-11-20 00:00:00+09:00,2340.0,2340.0,2230.0,2270.0,100283,0.0,0.0
2012-11-21 00:00:00+09:00,2270.0,2290.0,2240.0,2270.0,38822,0.0,0.0
2012-11-22 00:00:00+09:00,2250.0,2270.0,2170.0,2195.0,81859,0.0,0.0
2012-11-23 00:00:00+09:00,2190.0,2195.0,2085.0,2110.0,143442,0.0,0.0
2012-11-26 00:00:00+09:00,2160.0,2230.0,2120.0,2195.0,72595,0.0,0.0
2012-11-27 00:00:00+09:00,2160.0,2220.0,2130.0,2175.0,32049,0.0,0.0
2012-11-28 00:00:00+09:00,2200.0,2200.0,2120.0,2135.0,39467,0.0,0.0
2012-11-29 00:00:00+09:00,2130.0,2180.0,2130.0,2160.0,36928,0.0,0.0
2012-11-30 00:00:00+09:00,2195.0,2210.0,2155.0,2200.0,40488,0.0,0.0
2012-12-03 00:00:00+09:00,2195.0,2195.0,2140.0,2145.0,44821,0.0,0.0
2012-12-04 00:00:00+09:00,2170.0,2170.0,2140.0,2165.0,20118,0.0,0.0
2012-12-05 00:00:00+09:00,2195.0,2195.0,2090.0,2095.0,67279,0.0,0.0
2012-12-06 00:00:00+09:00,2100.0,2100.0,2060.0,2090.0,44860,0.0,0.0
2012-12-07 00:00:00+09:00,2065.0,2090.0,2040.0,2050.0,58215,0.0,0.0
2012-12-10 00:00:00+09:00,2000.0,2080.0,2000.0,2075.0,43939,0.0,0.0
2012-12-11 00:00:00+09:00,2075.0,2115.0,2050.0,2090.0,36126,0.0,0.0
2012-12-12 00:00:00+09:00,2060.0,2115.0,2060.0,2085.0,25777,0.0,0.0
2012-12-13 00:00:00+09:00,2070.0,2170.0,2070.0,2155.0,64754,0.0,0.0
2012-12-14 00:00:00+09:00,2160.0,2180.0,2095.0,2135.0,31612,0.0,0.0
2012-12-17 00:00:00+09:00,2145.0,2160.0,2105.0,2135.0,27779,0.0,0.0
2012-12-18 00:00:00+09:00,2155.0,2165.0,2085.0,2100.0,54953,0.0,0.0
2012-12-20 00:00:00+09:00,2090.0,2400.0,2090.0,2390.0,458206,0.0,0.0
2012-12-21 00:00:00+09:00,2320.0,2350.0,2230.0,2270.0,134126,0.0,0.0
2012-12-24 00:00:00+09:00,2270.0,2295.0,2155.0,2155.0,100319,0.0,0.0
2012-12-26 00:00:00+09:00,2155.0,2250.0,2150.0,2195.0,56703,0.0,0.0
2012-12-27 00:00:00+09:00,2195.0,2210.0,2150.0,2155.0,95596,0.0,0.0
2012-12-28 00:00:00+09:00,2165.0,2205.0,2150.0,2185.0,56661,0.0,0.0
2013-01-02 00:00:00+09:00,2205.0,2255.0,2205.0,2230.0,65550,0.0,0.0
2013-01-03 00:00:00+09:00,2260.0,2300.0,2215.0,2245.0,50547,0.0,0.0
2013-01-04 00:00:00+09:00,2255.0,2255.0,2200.0,2220.0,29850,0.0,0.0
2013-01-07 00:00:00+09:00,2230.0,2260.0,2190.0,2250.0,74426,0.0,0.0
2013-01-08 00:00:00+09:00,2260.0,2260.0,2225.0,2245.0,39558,0.0,0.0
2013-01-09 00:00:00+09:00,2250.0,2255.0,2220.0,2230.0,40726,0.0,0.0
2013-01-10 00:00:00+09:00,2225.0,2255.0,2215.0,2225.0,44876,0.0,0.0
2013-01-11 00:00:00+09:00,2235.0,2470.0,2230.0,2330.0,359503,0.0,0.0
2013-01-14 00:00:00+09:00,2285.0,2380.0,2285.0,2365.0,95644,0.0,0.0
2013-01-15 00:00:00+09:00,2360.0,2590.0,2360.0,2490.0,395837,0.0,0.0
2013-01-16 00:00:00+09:00,2475.0,2550.0,2380.0,2450.0,139336,0.0,0.0
2013-01-17 00:00:00+09:00,2415.0,2475.0,2375.0,2400.0,105232,0.0,0.0
2013-01-18 00:00:00+09:00,2400.0,2520.0,2340.0,2420.0,220819,0.0,0.0
2013-01-21 00:00:00+09:00,2445.0,2480.0,2410.0,2465.0,57246,0.0,0.0
2013-01-22 00:00:00+09:00,2465.0,2485.0,2390.0,2455.0,76066,0.0,0.0
2013-01-23 00:00:00+09:00,2420.0,2460.0,2360.0,2395.0,56408,0.0,0.0
2013-01-24 00:00:00+09:00,2395.0,2465.0,2370.0,2405.0,74663,0.0,0.0
2013-01-25 00:00:00+09:00,2415.0,2435.0,2395.0,2425.0,79881,0.0,0.0
2013-01-28 00:00:00+09:00,2430.0,2480.0,2400.0,2455.0,79737,0.0,0.0
2013-01-29 00:00:00+09:00,2485.0,2485.0,2425.0,2430.0,52053,0.0,0.0
2013-01-30 00:00:00+09:00,2480.0,2585.0,2445.0,2500.0,140283,0.0,0.0
2013-01-31 00:00:00+09:00,2545.0,2560.0,2480.0,2480.0,64106,0.0,0.0
2013-02-01 00:00:00+09:00,2480.0,2500.0,2415.0,2460.0,60928,0.0,0.0
2013-02-04 00:00:00+09:00,2410.0,2455.0,2370.0,2400.0,80436,0.0,0.0
2013-02-05 00:00:00+09:00,2415.0,2420.0,2320.0,2360.0,47092,0.0,0.0
2013-02-06 00:00:00+09:00,2400.0,2435.0,2360.0,2375.0,54552,0.0,0.0
2013-02-07 00:00:00+09:00,2400.0,2400.0,2325.0,2350.0,46439,0.0,0.0
2013-02-08 00:00:00+09:00,2330.0,2390.0,2320.0,2355.0,27998,0.0,0.0
2013-02-12 00:00:00+09:00,2390.0,2390.0,2305.0,2355.0,20292,0.0,0.0
2013-02-13 00:00:00+09:00,2375.0,2375.0,2305.0,2330.0,36015,0.0,0.0
2013-02-14 00:00:00+09:00,2325.0,2390.0,2315.0,2355.0,27636,0.0,0.0
2013-02-15 00:00:00+09:00,2335.0,2375.0,2300.0,2315.0,90447,0.0,0.0
2013-02-18 00:00:00+09:00,2315.0,2345.0,2310.0,2330.0,33749,0.0,0.0
2013-02-19 00:00:00+09:00,2360.0,2360.0,2300.0,2340.0,60004,0.0,0.0
2013-02-20 00:00:00+09:00,2305.0,2385.0,2300.0,2385.0,98114,0.0,0.0
2013-02-21 00:00:00+09:00,2360.0,2385.0,2345.0,2360.0,56183,0.0,0.0
2013-02-22 00:00:00+09:00,2380.0,2380.0,2330.0,2360.0,34652,0.0,0.0
2013-02-25 00:00:00+09:00,2395.0,2395.0,2330.0,2365.0,42222,0.0,0.0
2013-02-26 00:00:00+09:00,2370.0,2370.0,2315.0,2355.0,61960,0.0,0.0
2013-02-27 00:00:00+09:00,2360.0,2365.0,2320.0,2320.0,54926,0.0,0.0
2013-02-28 00:00:00+09:00,2355.0,2360.0,2300.0,2300.0,63686,0.0,0.0
2013-03-04 00:00:00+09:00,2300.0,2335.0,2285.0,2285.0,69747,0.0,0.0
2013-03-05 00:00:00+09:00,2285.0,2320.0,2190.0,2260.0,297990,0.0,0.0
2013-03-06 00:00:00+09:00,2260.0,2260.0,2220.0,2240.0,71591,0.0,0.0
2013-03-07 00:00:00+09:00,2230.0,2240.0,2190.0,2225.0,84969,0.0,0.0
2013-03-08 00:00:00+09:00,2190.0,2235.0,2190.0,2200.0,89197,0.0,0.0
2013-03-11 00:00:00+09:00,2235.0,2235.0,2145.0,2195.0,97142,0.0,0.0
2013-03-12 00:00:00+09:00,2195.0,2220.0,2180.0,2205.0,30211,0.0,0.0
2013-03-13 00:00:00+09:00,2215.0,2220.0,2165.0,2200.0,75768,0.0,0.0
2013-03-14 00:00:00+09:00,2180.0,2185.0,2130.0,2160.0,129906,0.0,0.0
2013-03-15 00:00:00+09:00,2165.0,2165.0,2100.0,2155.0,70043,0.0,0.0
2013-03-18 00:00:00+09:00,2175.0,2175.0,2105.0,2110.0,75272,0.0,0.0
2013-03-19 00:00:00+09:00,2135.0,2150.0,2090.0,2150.0,68291,0.0,0.0
2013-03-20 00:00:00+09:00,2150.0,2150.0,2090.0,2090.0,81318,0.0,0.0
2013-03-21 00:00:00+09:00,2090.0,2145.0,2070.0,2100.0,83236,0.0,0.0
2013-03-22 00:00:00+09:00,2100.0,2145.0,2090.0,2140.0,58778,0.0,0.0
2013-03-25 00:00:00+09:00,2140.0,2190.0,2130.0,2160.0,84173,0.0,0.0
2013-03-26 00:00:00+09:00,2180.0,2240.0,2160.0,2230.0,89995,0.0,0.0
2013-03-27 00:00:00+09:00,2220.0,2315.0,2200.0,2285.0,186378,0.0,0.0
2013-03-28 00:00:00+09:00,2320.0,2320.0,2215.0,2215.0,83323,0.0,0.0
2013-03-29 00:00:00+09:00,2235.0,2285.0,2210.0,2240.0,83469,0.0,0.0
2013-04-01 00:00:00+09:00,2255.0,2280.0,2195.0,2240.0,38516,0.0,0.0
2013-04-02 00:00:00+09:00,2260.0,2270.0,2175.0,2175.0,75703,0.0,0.0
2013-04-03 00:00:00+09:00,2200.0,2220.0,2150.0,2200.0,50202,0.0,0.0
2013-04-04 00:00:00+09:00,2200.0,2200.0,2100.0,2135.0,84273,0.0,0.0
2013-04-05 00:00:00+09:00,2120.0,2160.0,2100.0,2120.0,69995,0.0,0.0
2013-04-08 00:00:00+09:00,2120.0,2150.0,2100.0,2135.0,25454,0.0,0.0
2013-04-09 00:00:00+09:00,2150.0,2150.0,2065.0,2105.0,64294,0.0,0.0
2013-04-10 00:00:00+09:00,2095.0,2120.0,2075.0,2100.0,31032,0.0,0.0
2013-04-11 00:00:00+09:00,2100.0,2170.0,2085.0,2170.0,62223,0.0,0.0
2013-04-12 00:00:00+09:00,2145.0,2170.0,2115.0,2165.0,57290,0.0,0.0
2013-04-15 00:00:00+09:00,2155.0,2170.0,2100.0,2150.0,24624,0.0,0.0
2013-04-16 00:00:00+09:00,2145.0,2150.0,2100.0,2125.0,52570,0.0,0.0
2013-04-17 00:00:00+09:00,2145.0,2165.0,2100.0,2145.0,50395,0.0,0.0
2013-04-18 00:00:00+09:00,2125.0,2175.0,2125.0,2145.0,26010,0.0,0.0
2013-04-19 00:00:00+09:00,2165.0,2175.0,2120.0,2140.0,31102,0.0,0.0
2013-04-22 00:00:00+09:00,2125.0,2150.0,2095.0,2120.0,39864,0.0,0.0
2013-04-23 00:00:00+09:00,2105.0,2145.0,2100.0,2100.0,29663,0.0,0.0
2013-04-24 00:00:00+09:00,2120.0,2135.0,2095.0,2125.0,50987,0.0,0.0
2013-04-25 00:00:00+09:00,2140.0,2140.0,2100.0,2105.0,33746,0.0,0.0
2013-04-26 00:00:00+09:00,2130.0,2190.0,2100.0,2180.0,144696,0.0,0.0
2013-04-29 00:00:00+09:00,2180.0,2195.0,2160.0,2180.0,32493,0.0,0.0
2013-04-30 00:00:00+09:00,2190.0,2195.0,2155.0,2195.0,64588,0.0,0.0
2013-05-02 00:00:00+09:00,2180.0,2205.0,2160.0,2180.0,31248,0.0,0.0
2013-05-03 00:00:00+09:00,2180.0,2195.0,2160.0,2165.0,27461,0.0,0.0
2013-05-06 00:00:00+09:00,2180.0,2190.0,2135.0,2180.0,70182,0.0,0.0
2013-05-07 00:00:00+09:00,2160.0,2200.0,2160.0,2165.0,82023,0.0,0.0
2013-05-08 00:00:00+09:00,2170.0,2255.0,2165.0,2255.0,128013,0.0,0.0
2013-05-09 00:00:00+09:00,2270.0,2270.0,2220.0,2250.0,78976,0.0,0.0
2013-05-10 00:00:00+09:00,2250.0,2290.0,2245.0,2280.0,104431,0.0,0.0
2013-05-13 00:00:00+09:00,2290.0,2330.0,2255.0,2325.0,126119,0.0,0.0
2013-05-14 00:00:00+09:00,2325.0,2350.0,2275.0,2310.0,93772,0.0,0.0
2013-05-15 00:00:00+09:00,2310.0,2310.0,2255.0,2310.0,55957,0.0,0.0
2013-05-16 00:00:00+09:00,2310.0,2325.0,2275.0,2310.0,94276,0.0,0.0
2013-05-20 00:00:00+09:00,2330.0,2340.0,2270.0,2280.0,68456,0.0,0.0
2013-05-21 00:00:00+09:00,2280.0,2310.0,2270.0,2295.0,28277,0.0,0.0
2013-05-22 00:00:00+09:00,2270.0,2315.0,2250.0,2285.0,87245,0.0,0.0
2013-05-23 00:00:00+09:00,2285.0,2320.0,2285.0,2320.0,83790,0.0,0.0
2013-05-24 00:00:00+09:00,2320.0,2325.0,2255.0,2295.0,35801,0.0,0.0
2013-05-27 00:00:00+09:00,2295.0,2310.0,2260.0,2280.0,32285,0.0,0.0
2013-05-28 00:00:00+09:00,2265.0,2300.0,2250.0,2300.0,62126,0.0,0.0
2013-05-29 00:00:00+09:00,2305.0,2305.0,2275.0,2300.0,46054,0.0,0.0
2013-05-30 00:00:00+09:00,2300.0,2365.0,2290.0,2335.0,93257,0.0,0.0
2013-05-31 00:00:00+09:00,2355.0,2355.0,2295.0,2315.0,59287,0.0,0.0
2013-06-03 00:00:00+09:00,2300.0,2310.0,2265.0,2265.0,69024,0.0,0.0
2013-06-04 00:00:00+09:00,2290.0,2290.0,2245.0,2250.0,74020,0.0,0.0
2013-06-05 00:00:00+09:00,2245.0,2265.0,2205.0,2220.0,66125,0.0,0.0
2013-06-07 00:00:00+09:00,2225.0,2245.0,2115.0,2190.0,86347,0.0,0.0
2013-06-10 00:00:00+09:00,2205.0,2260.0,2205.0,2225.0,36010,0.0,0.0
2013-06-11 00:00:00+09:00,2230.0,2255.0,2190.0,2220.0,68714,0.0,0.0
2013-06-12 00:00:00+09:00,2120.0,2200.0,2120.0,2155.0,96528,0.0,0.0
2013-06-13 00:00:00+09:00,2135.0,2170.0,2135.0,2165.0,34787,0.0,0.0
2013-06-14 00:00:00+09:00,2215.0,2245.0,2160.0,2175.0,54658,0.0,0.0
2013-06-17 00:00:00+09:00,2175.0,2290.0,2165.0,2280.0,166167,0.0,0.0
2013-06-18 00:00:00+09:00,2255.0,2255.0,2200.0,2220.0,67134,0.0,0.0
2013-06-19 00:00:00+09:00,2200.0,2200.0,2125.0,2165.0,127751,0.0,0.0
2013-06-20 00:00:00+09:00,2135.0,2150.0,2095.0,2125.0,102972,0.0,0.0
2013-06-21 00:00:00+09:00,2100.0,2130.0,2080.0,2130.0,129446,0.0,0.0
2013-06-24 00:00:00+09:00,2130.0,2130.0,2080.0,2085.0,89336,0.0,0.0
2013-06-25 00:00:00+09:00,2065.0,2085.0,1990.0,2030.0,180835,0.0,0.0
2013-06-26 00:00:00+09:00,2020.0,2060.0,1980.0,2000.0,165818,0.0,0.0
2013-06-27 00:00:00+09:00,2010.0,2080.0,2010.0,2060.0,63918,0.0,0.0
2013-06-28 00:00:00+09:00,2070.0,2150.0,2050.0,2150.0,56745,0.0,0.0
2013-07-01 00:00:00+09:00,2145.0,2175.0,2100.0,2165.0,61904,0.0,0.0
2013-07-02 00:00:00+09:00,2170.0,2190.0,2160.0,2175.0,50810,0.0,0.0
2013-07-03 00:00:00+09:00,2180.0,2275.0,2155.0,2170.0,150333,0.0,0.0
2013-07-04 00:00:00+09:00,2220.0,2255.0,2190.0,2195.0,94058,0.0,0.0
2013-07-05 00:00:00+09:00,2205.0,2260.0,2190.0,2230.0,55096,0.0,0.0
2013-07-08 00:00:00+09:00,2245.0,2245.0,2165.0,2180.0,50939,0.0,0.0
2013-07-09 00:00:00+09:00,2180.0,2225.0,2130.0,2180.0,42643,0.0,0.0
2013-07-10 00:00:00+09:00,2145.0,2175.0,2125.0,2150.0,46794,0.0,0.0
2013-07-11 00:00:00+09:00,2150.0,2210.0,2140.0,2175.0,52384,0.0,0.0
2013-07-12 00:00:00+09:00,2180.0,2210.0,2155.0,2195.0,32176,0.0,0.0
2013-07-15 00:00:00+09:00,2245.0,2305.0,2200.0,2305.0,341381,0.0,0.0
2013-07-16 00:00:00+09:00,2315.0,2335.0,2210.0,2260.0,183829,0.0,0.0
2013-07-17 00:00:00+09:00,2230.0,2270.0,2220.0,2260.0,90925,0.0,0.0
2013-07-18 00:00:00+09:00,2245.0,2375.0,2245.0,2365.0,261252,0.0,0.0
2013-07-19 00:00:00+09:00,2365.0,2520.0,2345.0,2435.0,399751,0.0,0.0
2013-07-22 00:00:00+09:00,2465.0,2480.0,2360.0,2440.0,139057,0.0,0.0
2013-07-23 00:00:00+09:00,2440.0,2440.0,2375.0,2400.0,126949,0.0,0.0
2013-07-24 00:00:00+09:00,2400.0,2425.0,2320.0,2355.0,97641,0.0,0.0
2013-07-25 00:00:00+09:00,2390.0,2395.0,2330.0,2360.0,114201,0.0,0.0
2013-07-26 00:00:00+09:00,2385.0,2385.0,2310.0,2340.0,78903,0.0,0.0
2013-07-29 00:00:00+09:00,2385.0,2385.0,2265.0,2295.0,106676,0.0,0.0
2013-07-30 00:00:00+09:00,2345.0,2345.0,2275.0,2285.0,48561,0.0,0.0
2013-07-31 00:00:00+09:00,2335.0,2335.0,2285.0,2330.0,35907,0.0,0.0
2013-08-01 00:00:00+09:00,2295.0,2355.0,2295.0,2335.0,71738,0.0,0.0
2013-08-02 00:00:00+09:00,2335.0,2500.0,2295.0,2420.0,460569,0.0,0.0
2013-08-05 00:00:00+09:00,2455.0,2640.0,2385.0,2570.0,674704,0.0,0.0
2013-08-06 00:00:00+09:00,2565.0,2595.0,2520.0,2580.0,212340,0.0,0.0
2013-08-07 00:00:00+09:00,2580.0,2580.0,2515.0,2520.0,89608,0.0,0.0
2013-08-08 00:00:00+09:00,2490.0,2610.0,2490.0,2540.0,100919,0.0,0.0
2013-08-09 00:00:00+09:00,2530.0,2540.0,2455.0,2510.0,107311,0.0,0.0
2013-08-12 00:00:00+09:00,2470.0,2550.0,2410.0,2470.0,59633,0.0,0.0
2013-08-13 00:00:00+09:00,2470.0,2470.0,2370.0,2405.0,94067,0.0,0.0
2013-08-14 00:00:00+09:00,2405.0,2530.0,2405.0,2485.0,111036,0.0,0.0
2013-08-16 00:00:00+09:00,2530.0,2530.0,2450.0,2480.0,57732,0.0,0.0
2013-08-19 00:00:00+09:00,2480.0,2490.0,2400.0,2420.0,92990,0.0,0.0
2013-08-20 00:00:00+09:00,2400.0,2445.0,2350.0,2375.0,62479,0.0,0.0
2013-08-21 00:00:00+09:00,2360.0,2420.0,2320.0,2340.0,67480,0.0,0.0
2013-08-22 00:00:00+09:00,2350.0,2350.0,2270.0,2300.0,51193,0.0,0.0
2013-08-23 00:00:00+09:00,2290.0,2410.0,2290.0,2400.0,62516,0.0,0.0
2013-08-26 00:00:00+09:00,2400.0,2455.0,2360.0,2430.0,43222,0.0,0.0
2013-08-27 00:00:00+09:00,2430.0,2455.0,2310.0,2380.0,85066,0.0,0.0
2013-08-28 00:00:00+09:00,2260.0,2350.0,2260.0,2330.0,57117,0.0,0.0
2013-08-29 00:00:00+09:00,2315.0,2385.0,2290.0,2360.0,41004,0.0,0.0
2013-08-30 00:00:00+09:00,2390.0,2390.0,2305.0,2365.0,27714,0.0,0.0
2013-09-02 00:00:00+09:00,2355.0,2385.0,2315.0,2360.0,52970,0.0,0.0
2013-09-03 00:00:00+09:00,2360.0,2415.0,2340.0,2415.0,53256,0.0,0.0
2013-09-04 00:00:00+09:00,2415.0,2415.0,2370.0,2390.0,31944,0.0,0.0
2013-09-05 00:00:00+09:00,2425.0,2435.0,2395.0,2405.0,67770,0.0,0.0
2013-09-06 00:00:00+09:00,2405.0,2445.0,2300.0,2395.0,59189,0.0,0.0
2013-09-09 00:00:00+09:00,2395.0,2475.0,2360.0,2475.0,119002,0.0,0.0
2013-09-10 00:00:00+09:00,2475.0,2500.0,2445.0,2495.0,67920,0.0,0.0
2013-09-11 00:00:00+09:00,2520.0,2580.0,2490.0,2560.0,193196,0.0,0.0
2013-09-12 00:00:00+09:00,2560.0,2670.0,2515.0,2635.0,298669,0.0,0.0
2013-09-13 00:00:00+09:00,2630.0,2640.0,2560.0,2640.0,147755,0.0,0.0
2013-09-16 00:00:00+09:00,2665.0,2680.0,2540.0,2550.0,166531,0.0,0.0
2013-09-23 00:00:00+09:00,2605.0,2690.0,2420.0,2420.0,317520,0.0,0.0
2013-09-24 00:00:00+09:00,2495.0,2505.0,2440.0,2480.0,118102,0.0,0.0
2013-09-25 00:00:00+09:00,2500.0,2525.0,2470.0,2495.0,95783,0.0,0.0
2013-09-26 00:00:00+09:00,2495.0,2520.0,2450.0,2465.0,111666,0.0,0.0
2013-09-27 00:00:00+09:00,2490.0,2500.0,2430.0,2500.0,70481,0.0,0.0
2013-09-30 00:00:00+09:00,2515.0,2515.0,2465.0,2500.0,27124,0.0,0.0
2013-10-01 00:00:00+09:00,2500.0,2500.0,2435.0,2460.0,55000,0.0,0.0
2013-10-02 00:00:00+09:00,2480.0,2480.0,2430.0,2460.0,68054,0.0,0.0
2013-10-04 00:00:00+09:00,2405.0,2440.0,2380.0,2420.0,75055,0.0,0.0
2013-10-07 00:00:00+09:00,2420.0,2500.0,2420.0,2460.0,48716,0.0,0.0
2013-10-08 00:00:00+09:00,2455.0,2475.0,2395.0,2435.0,58832,0.0,0.0
2013-10-10 00:00:00+09:00,2435.0,2540.0,2400.0,2480.0,291189,0.0,0.0
2013-10-11 00:00:00+09:00,2490.0,2510.0,2485.0,2495.0,75005,0.0,0.0
2013-10-14 00:00:00+09:00,2495.0,2510.0,2450.0,2500.0,54156,0.0,0.0
2013-10-15 00:00:00+09:00,2505.0,2510.0,2480.0,2505.0,49543,0.0,0.0
2013-10-16 00:00:00+09:00,2510.0,2510.0,2455.0,2470.0,79871,0.0,0.0
2013-10-17 00:00:00+09:00,2470.0,2505.0,2470.0,2475.0,90628,0.0,0.0
2013-10-18 00:00:00+09:00,2495.0,2550.0,2480.0,2545.0,225036,0.0,0.0
2013-10-21 00:00:00+09:00,2570.0,2570.0,2505.0,2530.0,131583,0.0,0.0
2013-10-22 00:00:00+09:00,2530.0,2580.0,2515.0,2550.0,124685,0.0,0.0
2013-10-23 00:00:00+09:00,2550.0,2680.0,2535.0,2665.0,304090,0.0,0.0
2013-10-24 00:00:00+09:00,2650.0,2685.0,2515.0,2525.0,278285,0.0,0.0
2013-10-25 00:00:00+09:00,2530.0,2590.0,2435.0,2585.0,300361,0.0,0.0
2013-10-28 00:00:00+09:00,2600.0,2615.0,2535.0,2570.0,86830,0.0,0.0
2013-10-29 00:00:00+09:00,2570.0,2570.0,2455.0,2455.0,164043,0.0,0.0
2013-10-30 00:00:00+09:00,2460.0,2505.0,2400.0,2425.0,138243,0.0,0.0
2013-10-31 00:00:00+09:00,2455.0,2485.0,2400.0,2455.0,52955,0.0,0.0
2013-11-01 00:00:00+09:00,2455.0,2460.0,2370.0,2435.0,74997,0.0,0.0
2013-11-04 00:00:00+09:00,2415.0,2495.0,2415.0,2435.0,46714,0.0,0.0
2013-11-05 00:00:00+09:00,2435.0,2490.0,2390.0,2400.0,40693,0.0,0.0
2013-11-06 00:00:00+09:00,2440.0,2480.0,2395.0,2460.0,40371,0.0,0.0
2013-11-07 00:00:00+09:00,2500.0,2510.0,2445.0,2470.0,71733,0.0,0.0
2013-11-08 00:00:00+09:00,2440.0,2480.0,2400.0,2420.0,46218,0.0,0.0
2013-11-11 00:00:00+09:00,2405.0,2450.0,2400.0,2400.0,29694,0.0,0.0
2013-11-12 00:00:00+09:00,2425.0,2460.0,2400.0,2425.0,25450,0.0,0.0
2013-11-13 00:00:00+09:00,2445.0,2460.0,2350.0,2350.0,34463,0.0,0.0
2013-11-14 00:00:00+09:00,2380.0,2440.0,2360.0,2400.0,11097,0.0,0.0
2013-11-15 00:00:00+09:00,2400.0,2450.0,2355.0,2360.0,28495,0.0,0.0
2013-11-18 00:00:00+09:00,2380.0,2405.0,2300.0,2315.0,43362,0.0,0.0
2013-11-19 00:00:00+09:00,2300.0,2360.0,2290.0,2295.0,31296,0.0,0.0
2013-11-20 00:00:00+09:00,2305.0,2305.0,2245.0,2275.0,33905,0.0,0.0
2013-11-21 00:00:00+09:00,2285.0,2335.0,2210.0,2255.0,25877,0.0,0.0
2013-11-22 00:00:00+09:00,2255.0,2285.0,2190.0,2230.0,47721,0.0,0.0
2013-11-25 00:00:00+09:00,2250.0,2250.0,2200.0,2210.0,26193,0.0,0.0
2013-11-26 00:00:00+09:00,2190.0,2325.0,2190.0,2305.0,47716,0.0,0.0
2013-11-27 00:00:00+09:00,2315.0,2370.0,2270.0,2345.0,35055,0.0,0.0
2013-11-28 00:00:00+09:00,2360.0,2360.0,2275.0,2305.0,38366,0.0,0.0
2013-11-29 00:00:00+09:00,2325.0,2335.0,2290.0,2335.0,14702,0.0,0.0
2013-12-02 00:00:00+09:00,2335.0,2355.0,2265.0,2300.0,21071,0.0,0.0
2013-12-03 00:00:00+09:00,2300.0,2300.0,2150.0,2200.0,93927,0.0,0.0
2013-12-04 00:00:00+09:00,2220.0,2220.0,2145.0,2145.0,36755,0.0,0.0
2013-12-05 00:00:00+09:00,2185.0,2200.0,2145.0,2175.0,37219,0.0,0.0
2013-12-06 00:00:00+09:00,2190.0,2220.0,2140.0,2195.0,44880,0.0,0.0
2013-12-09 00:00:00+09:00,2215.0,2215.0,2190.0,2210.0,22209,0.0,0.0
2013-12-10 00:00:00+09:00,2215.0,2215.0,2135.0,2140.0,31189,0.0,0.0
2013-12-11 00:00:00+09:00,2195.0,2195.0,2130.0,2135.0,18736,0.0,0.0
2013-12-12 00:00:00+09:00,2155.0,2190.0,2130.0,2165.0,8806,0.0,0.0
2013-12-13 00:00:00+09:00,2210.0,2210.0,2150.0,2185.0,17639,0.0,0.0
2013-12-16 00:00:00+09:00,2210.0,2230.0,2170.0,2170.0,25302,0.0,0.0
2013-12-17 00:00:00+09:00,2210.0,2210.0,2140.0,2145.0,15409,0.0,0.0
2013-12-18 00:00:00+09:00,2125.0,2170.0,2060.0,2070.0,39449,0.0,0.0
2013-12-19 00:00:00+09:00,2050.0,2150.0,2045.0,2070.0,80847,0.0,0.0
2013-12-20 00:00:00+09:00,2095.0,2130.0,2075.0,2125.0,30018,0.0,0.0
2013-12-23 00:00:00+09:00,2125.0,2170.0,2105.0,2130.0,20904,0.0,0.0
2013-12-24 00:00:00+09:00,2135.0,2175.0,2130.0,2130.0,8007,0.0,0.0
2013-12-26 00:00:00+09:00,2150.0,2180.0,2110.0,2145.0,15960,0.0,0.0
2013-12-27 00:00:00+09:00,2205.0,2205.0,2115.0,2120.0,38012,0.0,0.0
2013-12-30 00:00:00+09:00,2195.0,2195.0,2130.0,2185.0,15596,0.0,0.0
2014-01-02 00:00:00+09:00,2210.0,2210.0,2160.0,2175.0,26412,0.0,0.0
2014-01-03 00:00:00+09:00,2200.0,2205.0,2135.0,2145.0,30669,0.0,0.0
2014-01-06 00:00:00+09:00,2160.0,2200.0,2155.0,2200.0,14384,0.0,0.0
2014-01-07 00:00:00+09:00,2210.0,2225.0,2165.0,2210.0,32943,0.0,0.0
2014-01-08 00:00:00+09:00,2245.0,2245.0,2195.0,2235.0,28590,0.0,0.0
2014-01-09 00:00:00+09:00,2250.0,2250.0,2175.0,2200.0,12596,0.0,0.0
2014-01-10 00:00:00+09:00,2220.0,2220.0,2175.0,2220.0,20245,0.0,0.0
2014-01-13 00:00:00+09:00,2220.0,2240.0,2170.0,2220.0,20103,0.0,0.0
2014-01-14 00:00:00+09:00,2235.0,2235.0,2130.0,2210.0,28180,0.0,0.0
2014-01-15 00:00:00+09:00,2225.0,2225.0,2165.0,2210.0,25352,0.0,0.0
2014-01-16 00:00:00+09:00,2200.0,2205.0,2165.0,2205.0,22061,0.0,0.0
2014-01-17 00:00:00+09:00,2225.0,2225.0,2185.0,2205.0,18535,0.0,0.0
2014-01-20 00:00:00+09:00,2210.0,2250.0,2165.0,2220.0,141092,0.0,0.0
2014-01-21 00:00:00+09:00,2235.0,2250.0,2220.0,2230.0,105876,0.0,0.0
2014-01-22 00:00:00+09:00,2240.0,2240.0,2200.0,2215.0,19578,0.0,0.0
2014-01-23 00:00:00+09:00,2200.0,2225.0,2190.0,2190.0,16546,0.0,0.0
2014-01-24 00:00:00+09:00,2240.0,2240.0,2175.0,2210.0,36564,0.0,0.0
2014-01-27 00:00:00+09:00,2175.0,2220.0,2140.0,2160.0,60477,0.0,0.0
2014-01-28 00:00:00+09:00,2160.0,2160.0,2110.0,2150.0,29667,0.0,0.0
2014-01-29 00:00:00+09:00,2150.0,2190.0,2140.0,2170.0,26915,0.0,0.0
2014-02-03 00:00:00+09:00,2370.0,2400.0,2170.0,2185.0,511241,0.0,0.0
2014-02-04 00:00:00+09:00,2160.0,2200.0,2100.0,2130.0,113294,0.0,0.0
2014-02-05 00:00:00+09:00,2150.0,2175.0,2130.0,2150.0,103038,0.0,0.0
2014-02-06 00:00:00+09:00,2180.0,2180.0,2130.0,2135.0,50581,0.0,0.0
2014-02-07 00:00:00+09:00,2145.0,2170.0,2120.0,2155.0,61521,0.0,0.0
2014-02-10 00:00:00+09:00,2135.0,2165.0,2110.0,2135.0,78569,0.0,0.0
2014-02-11 00:00:00+09:00,2145.0,2455.0,2145.0,2455.0,1285040,0.0,0.0
2014-02-12 00:00:00+09:00,2505.0,2645.0,2475.0,2605.0,1103857,0.0,0.0
2014-02-13 00:00:00+09:00,2630.0,2850.0,2620.0,2755.0,1116308,0.0,0.0
2014-02-14 00:00:00+09:00,2755.0,2810.0,2685.0,2765.0,370630,0.0,0.0
2014-02-17 00:00:00+09:00,2845.0,2845.0,2680.0,2800.0,278482,0.0,0.0
2014-02-18 00:00:00+09:00,2800.0,2820.0,2740.0,2815.0,216563,0.0,0.0
2014-02-19 00:00:00+09:00,2815.0,2950.0,2785.0,2910.0,351037,0.0,0.0
2014-02-20 00:00:00+09:00,2910.0,2915.0,2850.0,2915.0,154834,0.0,0.0
2014-02-21 00:00:00+09:00,2940.0,3080.0,2875.0,2950.0,296410,0.0,0.0
2014-02-24 00:00:00+09:00,2900.0,2990.0,2850.0,2935.0,269899,0.0,0.0
2014-02-25 00:00:00+09:00,2965.0,2990.0,2875.0,2990.0,582088,0.0,0.0
2014-02-26 00:00:00+09:00,3000.0,3005.0,2890.0,2905.0,1521533,0.0,0.0
2014-02-27 00:00:00+09:00,2990.0,3250.0,2955.0,3155.0,1669140,0.0,0.0
2014-02-28 00:00:00+09:00,3170.0,3370.0,3170.0,3230.0,1181445,0.0,0.0
2014-03-03 00:00:00+09:00,3210.0,3245.0,3100.0,3230.0,686235,0.0,0.0
2014-03-04 00:00:00+09:00,3230.0,3275.0,3170.0,3270.0,511023,0.0,0.0
2014-03-05 00:00:00+09:00,3200.0,3435.0,3200.0,3360.0,773826,0.0,0.0
2014-03-06 00:00:00+09:00,3400.0,3495.0,3350.0,3460.0,718837,0.0,0.0
2014-03-07 00:00:00+09:00,3460.0,3500.0,3410.0,3450.0,398671,0.0,0.0
2014-03-10 00:00:00+09:00,3445.0,3500.0,3315.0,3485.0,393538,0.0,0.0
2014-03-11 00:00:00+09:00,3495.0,3505.0,3375.0,3480.0,464461,0.0,0.0
2014-03-12 00:00:00+09:00,3480.0,3480.0,3360.0,3425.0,260072,0.0,0.0
2014-03-13 00:00:00+09:00,3425.0,3480.0,3365.0,3470.0,338232,0.0,0.0
2014-03-14 00:00:00+09:00,3435.0,3605.0,3435.0,3570.0,673211,0.0,0.0
2014-03-17 00:00:00+09:00,3575.0,3575.0,3310.0,3450.0,627903,0.0,0.0
2014-03-18 00:00:00+09:00,3465.0,3525.0,3330.0,3500.0,506342,0.0,0.0
2014-03-19 00:00:00+09:00,3530.0,3530.0,3425.0,3515.0,265649,0.0,0.0
2014-03-20 00:00:00+09:00,3500.0,3510.0,3400.0,3505.0,255258,0.0,0.0
2014-03-21 00:00:00+09:00,3505.0,3525.0,3010.0,3500.0,199729,0.0,0.0
2014-03-24 00:00:00+09:00,3410.0,3500.0,3400.0,3490.0,180303,0.0,0.0
2014-03-25 00:00:00+09:00,3455.0,3490.0,3370.0,3400.0,272239,0.0,0.0
2014-03-26 00:00:00+09:00,3365.0,3420.0,3260.0,3300.0,413378,0.0,0.0
2014-03-27 00:00:00+09:00,3270.0,3450.0,3270.0,3380.0,366801,0.0,0.0
2014-03-28 00:00:00+09:00,3350.0,3380.0,3250.0,3310.0,275204,0.0,0.0
2014-03-31 00:00:00+09:00,3350.0,3350.0,3195.0,3240.0,168260,0.0,0.0
2014-04-01 00:00:00+09:00,3300.0,3520.0,3255.0,3490.0,580311,0.0,0.0
2014-04-02 00:00:00+09:00,3510.0,3680.0,3505.0,3550.0,798907,0.0,0.0
2014-04-03 00:00:00+09:00,3550.0,3585.0,3450.0,3540.0,377774,0.0,0.0
2014-04-04 00:00:00+09:00,3540.0,3580.0,3470.0,3540.0,341081,0.0,0.0
2014-04-07 00:00:00+09:00,3500.0,3500.0,3370.0,3390.0,408983,0.0,0.0
2014-04-08 00:00:00+09:00,3350.0,3390.0,3240.0,3310.0,427512,0.0,0.0
2014-04-09 00:00:00+09:00,3300.0,3335.0,3205.0,3240.0,279395,0.0,0.0
2014-04-10 00:00:00+09:00,3260.0,3305.0,3180.0,3255.0,210138,0.0,0.0
2014-04-11 00:00:00+09:00,3165.0,3250.0,3090.0,3210.0,368006,0.0,0.0
2014-04-14 00:00:00+09:00,3170.0,3250.0,3105.0,3185.0,440610,0.0,0.0
2014-04-15 00:00:00+09:00,3215.0,3385.0,3150.0,3365.0,530998,0.0,0.0
2014-04-16 00:00:00+09:00,3355.0,3865.0,3350.0,3865.0,2371292,0.0,0.0
2014-04-17 00:00:00+09:00,3885.0,4000.0,3770.0,3975.0,1469758,0.0,0.0
2014-04-18 00:00:00+09:00,3945.0,4010.0,3855.0,3950.0,547543,0.0,0.0
2014-04-21 00:00:00+09:00,3945.0,3945.0,3855.0,3925.0,301903,0.0,0.0
2014-04-22 00:00:00+09:00,3930.0,3930.0,3755.0,3770.0,423742,0.0,0.0
2014-04-23 00:00:00+09:00,3815.0,3845.0,3740.0,3815.0,295116,0.0,0.0
2014-04-24 00:00:00+09:00,3760.0,3820.0,3645.0,3730.0,346610,0.0,0.0
2014-04-25 00:00:00+09:00,3685.0,3775.0,3625.0,3680.0,164480,0.0,0.0
2014-04-28 00:00:00+09:00,3880.0,3890.0,3680.0,3830.0,749238,0.0,0.0
2014-04-29 00:00:00+09:00,3780.0,3835.0,3710.0,3750.0,183602,0.0,0.0
2014-04-30 00:00:00+09:00,3740.0,3830.0,3700.0,3830.0,237767,0.0,0.0
2014-05-02 00:00:00+09:00,3850.0,3850.0,3750.0,3780.0,131852,0.0,0.0
2014-05-07 00:00:00+09:00,3800.0,3800.0,3660.0,3770.0,188134,0.0,0.0
2014-05-08 00:00:00+09:00,3725.0,3775.0,3665.0,3730.0,114078,0.0,0.0
2014-05-09 00:00:00+09:00,3810.0,4010.0,3770.0,4000.0,899141,0.0,0.0
2014-05-12 00:00:00+09:00,3995.0,4040.0,3890.0,3905.0,395897,0.0,0.0
2014-05-13 00:00:00+09:00,3945.0,4000.0,3845.0,4000.0,378308,0.0,0.0
2014-05-14 00:00:00+09:00,4010.0,4045.0,3925.0,3940.0,218927,0.0,0.0
2014-05-15 00:00:00+09:00,3910.0,3985.0,3855.0,3900.0,400583,0.0,0.0
2014-05-16 00:00:00+09:00,3900.0,3900.0,3740.0,3765.0,480413,0.0,0.0
2014-05-19 00:00:00+09:00,3730.0,3765.0,3485.0,3620.0,640615,0.0,0.0
2014-05-20 00:00:00+09:00,3560.0,3610.0,3370.0,3420.0,578970,0.0,0.0
2014-05-21 00:00:00+09:00,3400.0,3515.0,3360.0,3410.0,343832,0.0,0.0
2014-05-22 00:00:00+09:00,3410.0,3450.0,3225.0,3325.0,722225,0.0,0.0
2014-05-23 00:00:00+09:00,3330.0,3425.0,3275.0,3420.0,266769,0.0,0.0
2014-05-26 00:00:00+09:00,3445.0,3450.0,3360.0,3380.0,145222,0.0,0.0
2014-05-27 00:00:00+09:00,3400.0,3400.0,3250.0,3400.0,360817,0.0,0.0
2014-05-28 00:00:00+09:00,3415.0,3430.0,3320.0,3410.0,202537,0.0,0.0
2014-05-29 00:00:00+09:00,3420.0,3420.0,3365.0,3385.0,80150,0.0,0.0
2014-05-30 00:00:00+09:00,3390.0,3550.0,3365.0,3465.0,289007,0.0,0.0
2014-06-02 00:00:00+09:00,3420.0,3460.0,3355.0,3430.0,191395,0.0,0.0
2014-06-03 00:00:00+09:00,3410.0,3435.0,3250.0,3330.0,268051,0.0,0.0
2014-06-05 00:00:00+09:00,3330.0,3330.0,3080.0,3265.0,300654,0.0,0.0
2014-06-09 00:00:00+09:00,3265.0,3330.0,3150.0,3255.0,130194,0.0,0.0
2014-06-10 00:00:00+09:00,3225.0,3430.0,3225.0,3395.0,329945,0.0,0.0
2014-06-11 00:00:00+09:00,3395.0,3645.0,3330.0,3485.0,436856,0.0,0.0
2014-06-12 00:00:00+09:00,3500.0,3500.0,3440.0,3455.0,121628,0.0,0.0
2014-06-13 00:00:00+09:00,3500.0,3550.0,3380.0,3535.0,182467,0.0,0.0
2014-06-16 00:00:00+09:00,3545.0,3625.0,3485.0,3575.0,273182,0.0,0.0
2014-06-17 00:00:00+09:00,3580.0,3600.0,3450.0,3520.0,201073,0.0,0.0
2014-06-18 00:00:00+09:00,3460.0,3545.0,3430.0,3475.0,153974,0.0,0.0
2014-06-19 00:00:00+09:00,3475.0,3535.0,3380.0,3450.0,190136,0.0,0.0
2014-06-20 00:00:00+09:00,3410.0,3460.0,3300.0,3350.0,236365,0.0,0.0
2014-06-23 00:00:00+09:00,3330.0,3400.0,3250.0,3250.0,152320,0.0,0.0
2014-06-24 00:00:00+09:00,3220.0,3300.0,3100.0,3260.0,310076,0.0,0.0
2014-06-25 00:00:00+09:00,3280.0,3280.0,3105.0,3200.0,303240,0.0,0.0
2014-06-26 00:00:00+09:00,3150.0,3255.0,3135.0,3235.0,194217,0.0,0.0
2014-06-27 00:00:00+09:00,3240.0,3260.0,3165.0,3200.0,101478,0.0,0.0
2014-06-30 00:00:00+09:00,3250.0,3255.0,3155.0,3200.0,89413,0.0,0.0
2014-07-01 00:00:00+09:00,3215.0,3340.0,3185.0,3330.0,246323,0.0,0.0
2014-07-02 00:00:00+09:00,3330.0,3380.0,3300.0,3380.0,150299,0.0,0.0
2014-07-03 00:00:00+09:00,3360.0,3705.0,3360.0,3690.0,882078,0.0,0.0
2014-07-04 00:00:00+09:00,3750.0,3765.0,3660.0,3660.0,459111,0.0,0.0
2014-07-07 00:00:00+09:00,3690.0,3715.0,3610.0,3700.0,635508,0.0,0.0
2014-07-08 00:00:00+09:00,3680.0,3820.0,3650.0,3650.0,590064,0.0,0.0
2014-07-09 00:00:00+09:00,3715.0,3825.0,3610.0,3660.0,935743,0.0,0.0
2014-07-10 00:00:00+09:00,3560.0,3635.0,3325.0,3600.0,1466370,0.0,0.0
2014-07-11 00:00:00+09:00,3710.0,3720.0,3570.0,3620.0,544957,0.0,0.0
2014-07-14 00:00:00+09:00,3585.0,3590.0,3450.0,3550.0,309404,0.0,0.0
2014-07-15 00:00:00+09:00,3510.0,3575.0,3325.0,3325.0,621973,0.0,0.0
2014-07-16 00:00:00+09:00,3300.0,3350.0,3190.0,3350.0,436261,0.0,0.0
2014-07-17 00:00:00+09:00,3360.0,3495.0,3295.0,3495.0,317358,0.0,0.0
2014-07-18 00:00:00+09:00,3400.0,3495.0,3385.0,3440.0,244180,0.0,0.0
2014-07-21 00:00:00+09:00,3440.0,3470.0,3365.0,3415.0,136173,0.0,0.0
2014-07-22 00:00:00+09:00,3390.0,3490.0,3385.0,3490.0,176177,0.0,0.0
2014-07-23 00:00:00+09:00,3495.0,3535.0,3430.0,3430.0,297693,0.0,0.0
2014-07-24 00:00:00+09:00,3440.0,3440.0,3360.0,3430.0,153210,0.0,0.0
2014-07-25 00:00:00+09:00,3480.0,3705.0,3440.0,3670.0,852709,0.0,0.0
2014-07-28 00:00:00+09:00,3650.0,3670.0,3410.0,3430.0,522448,0.0,0.0
2014-07-29 00:00:00+09:00,3405.0,3450.0,3250.0,3345.0,365156,0.0,0.0
2014-07-30 00:00:00+09:00,3345.0,3395.0,3200.0,3260.0,354384,0.0,0.0
2014-07-31 00:00:00+09:00,3260.0,3325.0,3190.0,3320.0,168394,0.0,0.0
2014-08-01 00:00:00+09:00,3325.0,3460.0,3275.0,3390.0,381191,0.0,0.0
2014-08-04 00:00:00+09:00,3440.0,3440.0,3365.0,3395.0,136653,0.0,0.0
2014-08-05 00:00:00+09:00,3385.0,3395.0,3300.0,3315.0,207757,0.0,0.0
2014-08-06 00:00:00+09:00,3300.0,3380.0,3250.0,3270.0,146364,0.0,0.0
2014-08-07 00:00:00+09:00,3270.0,3335.0,3230.0,3330.0,236723,0.0,0.0
2014-08-08 00:00:00+09:00,3385.0,3470.0,3310.0,3345.0,445151,0.0,0.0
2014-08-11 00:00:00+09:00,3345.0,3365.0,3250.0,3255.0,90318,0.0,0.0
2014-08-12 00:00:00+09:00,3300.0,3300.0,3180.0,3240.0,159149,0.0,0.0
2014-08-13 00:00:00+09:00,3210.0,3290.0,3210.0,3235.0,104971,0.0,0.0
2014-08-14 00:00:00+09:00,3295.0,3295.0,3200.0,3230.0,185884,0.0,0.0
2014-08-18 00:00:00+09:00,3295.0,3295.0,3190.0,3220.0,209806,0.0,0.0
2014-08-19 00:00:00+09:00,3200.0,3240.0,3180.0,3220.0,185149,0.0,0.0
2014-08-20 00:00:00+09:00,3245.0,3280.0,3160.0,3215.0,174628,0.0,0.0
2014-08-21 00:00:00+09:00,3200.0,3225.0,3120.0,3205.0,209841,0.0,0.0
2014-08-22 00:00:00+09:00,3215.0,3215.0,3110.0,3145.0,196884,0.0,0.0
2014-08-25 00:00:00+09:00,3145.0,3180.0,3045.0,3130.0,201911,0.0,0.0
2014-08-26 00:00:00+09:00,3110.0,3155.0,3100.0,3120.0,135423,0.0,0.0
2014-08-27 00:00:00+09:00,3105.0,3295.0,3105.0,3270.0,238494,0.0,0.0
2014-08-28 00:00:00+09:00,3270.0,3365.0,3230.0,3315.0,265058,0.0,0.0
2014-08-29 00:00:00+09:00,3360.0,3370.0,3300.0,3350.0,140420,0.0,0.0
2014-09-01 00:00:00+09:00,3325.0,3505.0,3280.0,3455.0,645820,0.0,0.0
2014-09-02 00:00:00+09:00,3515.0,3525.0,3360.0,3365.0,312109,0.0,0.0
2014-09-03 00:00:00+09:00,3400.0,3435.0,3285.0,3300.0,331186,0.0,0.0
2014-09-04 00:00:00+09:00,3330.0,3335.0,3240.0,3250.0,171962,0.0,0.0
2014-09-05 00:00:00+09:00,3215.0,3400.0,3215.0,3400.0,190520,0.0,0.0
2014-09-11 00:00:00+09:00,3460.0,3585.0,3430.0,3510.0,645829,0.0,0.0
2014-09-12 00:00:00+09:00,3510.0,3580.0,3440.0,3575.0,479837,0.0,0.0
2014-09-15 00:00:00+09:00,3570.0,3655.0,3530.0,3555.0,515967,0.0,0.0
2014-09-16 00:00:00+09:00,3590.0,3595.0,3520.0,3560.0,338031,0.0,0.0
2014-09-17 00:00:00+09:00,3550.0,3555.0,3445.0,3505.0,427843,0.0,0.0
2014-09-18 00:00:00+09:00,3500.0,3640.0,3470.0,3520.0,430563,0.0,0.0
2014-09-19 00:00:00+09:00,3520.0,3585.0,3500.0,3585.0,264185,0.0,0.0
2014-09-22 00:00:00+09:00,3580.0,3580.0,3500.0,3560.0,130771,0.0,0.0
2014-09-23 00:00:00+09:00,3560.0,3580.0,3470.0,3525.0,196399,0.0,0.0
2014-09-24 00:00:00+09:00,3525.0,3700.0,3475.0,3700.0,508358,0.0,0.0
2014-09-25 00:00:00+09:00,3700.0,3790.0,3650.0,3710.0,433423,0.0,0.0
2014-09-26 00:00:00+09:00,3675.0,3815.0,3645.0,3795.0,941781,0.0,0.0
2014-09-29 00:00:00+09:00,3850.0,3915.0,3595.0,3715.0,999942,0.0,0.0
2014-09-30 00:00:00+09:00,3705.0,3800.0,3665.0,3785.0,331381,0.0,0.0
2014-10-01 00:00:00+09:00,3785.0,3785.0,3520.0,3650.0,645630,0.0,0.0
2014-10-02 00:00:00+09:00,3555.0,3610.0,3495.0,3595.0,389803,0.0,0.0
2014-10-06 00:00:00+09:00,3590.0,3600.0,3470.0,3470.0,286897,0.0,0.0
2014-10-07 00:00:00+09:00,3510.0,3640.0,3470.0,3600.0,159125,0.0,0.0
2014-10-08 00:00:00+09:00,3540.0,3635.0,3500.0,3545.0,255092,0.0,0.0
2014-10-10 00:00:00+09:00,3505.0,3565.0,3420.0,3520.0,333017,0.0,0.0
2014-10-13 00:00:00+09:00,3490.0,3500.0,3330.0,3330.0,278580,0.0,0.0
2014-10-14 00:00:00+09:00,3260.0,3405.0,3250.0,3345.0,165731,0.0,0.0
2014-10-15 00:00:00+09:00,3330.0,3385.0,3225.0,3300.0,287018,0.0,0.0
2014-10-16 00:00:00+09:00,3250.0,3320.0,3220.0,3275.0,128618,0.0,0.0
2014-10-17 00:00:00+09:00,3300.0,3385.0,3250.0,3325.0,143135,0.0,0.0
2014-10-20 00:00:00+09:00,3300.0,3360.0,3255.0,3330.0,159903,0.0,0.0
2014-10-21 00:00:00+09:00,3360.0,3375.0,3250.0,3260.0,309388,0.0,0.0
2014-10-22 00:00:00+09:00,3270.0,3370.0,3120.0,3350.0,788042,0.0,0.0
2014-10-23 00:00:00+09:00,3350.0,3465.0,3330.0,3350.0,310034,0.0,0.0
2014-10-24 00:00:00+09:00,3385.0,3420.0,3230.0,3300.0,213289,0.0,0.0
2014-10-27 00:00:00+09:00,3265.0,3300.0,3170.0,3200.0,261759,0.0,0.0
2014-10-28 00:00:00+09:00,3225.0,3225.0,3055.0,3075.0,558981,0.0,0.0
2014-10-29 00:00:00+09:00,3095.0,3125.0,3030.0,3075.0,289413,0.0,0.0
2014-10-30 00:00:00+09:00,3010.0,3105.0,3000.0,3040.0,211261,0.0,0.0
2014-10-31 00:00:00+09:00,3025.0,3305.0,3025.0,3280.0,523520,0.0,0.0
2014-11-03 00:00:00+09:00,3295.0,3325.0,3180.0,3190.0,209646,0.0,0.0
2014-11-04 00:00:00+09:00,3180.0,3220.0,3030.0,3090.0,131368,0.0,0.0
2014-11-05 00:00:00+09:00,3060.0,3215.0,3060.0,3200.0,151668,0.0,0.0
2014-11-06 00:00:00+09:00,3200.0,3365.0,3090.0,3230.0,528203,0.0,0.0
2014-11-07 00:00:00+09:00,3245.0,3280.0,3205.0,3280.0,121564,0.0,0.0
2014-11-10 00:00:00+09:00,3285.0,3360.0,3260.0,3265.0,271809,0.0,0.0
2014-11-11 00:00:00+09:00,3275.0,3300.0,3155.0,3260.0,95350,0.0,0.0
2014-11-12 00:00:00+09:00,3305.0,3305.0,3160.0,3170.0,243706,0.0,0.0
2014-11-13 00:00:00+09:00,3160.0,3215.0,3130.0,3185.0,215746,0.0,0.0
2014-11-14 00:00:00+09:00,3185.0,3460.0,3185.0,3460.0,677649,0.0,0.0
2014-11-17 00:00:00+09:00,3465.0,3510.0,3375.0,3425.0,412822,0.0,0.0
2014-11-18 00:00:00+09:00,3395.0,3470.0,3300.0,3335.0,328710,0.0,0.0
2014-11-19 00:00:00+09:00,3350.0,3405.0,3250.0,3405.0,364931,0.0,0.0
2014-11-20 00:00:00+09:00,3420.0,3560.0,3380.0,3500.0,594479,0.0,0.0
2014-11-21 00:00:00+09:00,3545.0,3585.0,3465.0,3560.0,323896,0.0,0.0
2014-11-24 00:00:00+09:00,3560.0,3560.0,3480.0,3500.0,216136,0.0,0.0
2014-11-25 00:00:00+09:00,3445.0,3560.0,3370.0,3560.0,497902,0.0,0.0
2014-11-26 00:00:00+09:00,3580.0,3665.0,3505.0,3530.0,336881,0.0,0.0
2014-11-27 00:00:00+09:00,3585.0,3595.0,3465.0,3465.0,185804,0.0,0.0
2014-11-28 00:00:00+09:00,3465.0,3515.0,3410.0,3495.0,186406,0.0,0.0
2014-12-01 00:00:00+09:00,3470.0,3590.0,3420.0,3530.0,250169,0.0,0.0
2014-12-02 00:00:00+09:00,3570.0,3570.0,3400.0,3400.0,173774,0.0,0.0
2014-12-03 00:00:00+09:00,3400.0,3470.0,3325.0,3350.0,227643,0.0,0.0
2014-12-04 00:00:00+09:00,3350.0,3380.0,3270.0,3300.0,273966,0.0,0.0
2014-12-05 00:00:00+09:00,3270.0,3645.0,3270.0,3560.0,755814,0.0,0.0
2014-12-08 00:00:00+09:00,3595.0,3670.0,3510.0,3600.0,294888,0.0,0.0
2014-12-09 00:00:00+09:00,3565.0,3610.0,3500.0,3600.0,302140,0.0,0.0
2014-12-10 00:00:00+09:00,3690.0,3715.0,3540.0,3560.0,496312,0.0,0.0
2014-12-11 00:00:00+09:00,3570.0,3580.0,3410.0,3540.0,308475,0.0,0.0
2014-12-12 00:00:00+09:00,3510.0,3565.0,3430.0,3490.0,214021,0.0,0.0
2014-12-15 00:00:00+09:00,3410.0,3500.0,3410.0,3490.0,123585,0.0,0.0
2014-12-16 00:00:00+09:00,3490.0,3495.0,3345.0,3380.0,222746,0.0,0.0
2014-12-17 00:00:00+09:00,3380.0,3440.0,3305.0,3380.0,114409,0.0,0.0
2014-12-18 00:00:00+09:00,3405.0,3420.0,3300.0,3380.0,126703,0.0,0.0
2014-12-19 00:00:00+09:00,3380.0,3500.0,3350.0,3450.0,197141,0.0,0.0
2014-12-22 00:00:00+09:00,3420.0,3490.0,3410.0,3485.0,132367,0.0,0.0
2014-12-23 00:00:00+09:00,3485.0,3490.0,3385.0,3430.0,147595,0.0,0.0
2014-12-24 00:00:00+09:00,3435.0,3645.0,3435.0,3645.0,783398,0.0,0.0
2014-12-26 00:00:00+09:00,3685.0,3825.0,3640.0,3775.0,760062,0.0,0.0
2014-12-29 00:00:00+09:00,3805.0,3995.0,3790.0,3980.0,1224043,0.0,0.0
2014-12-30 00:00:00+09:00,4020.0,4150.0,3920.0,4150.0,1171292,0.0,0.0
2015-01-02 00:00:00+09:00,4275.0,4600.0,4150.0,4240.0,1776038,0.0,0.0
2015-01-05 00:00:00+09:00,4320.0,4460.0,4255.0,4430.0,1135091,0.0,0.0
2015-01-06 00:00:00+09:00,4365.0,4590.0,4315.0,4450.0,984232,0.0,0.0
2015-01-07 00:00:00+09:00,4475.0,4475.0,4240.0,4340.0,746046,0.0,0.0
2015-01-08 00:00:00+09:00,4320.0,4410.0,4125.0,4250.0,1216243,0.0,0.0
2015-01-09 00:00:00+09:00,4225.0,4305.0,4150.0,4260.0,533981,0.0,0.0
2015-01-12 00:00:00+09:00,4350.0,4410.0,4145.0,4195.0,687309,0.0,0.0
2015-01-13 00:00:00+09:00,4205.0,4245.0,4050.0,4100.0,794152,0.0,0.0
2015-01-14 00:00:00+09:00,4150.0,4315.0,4100.0,4240.0,1039624,0.0,0.0
2015-01-15 00:00:00+09:00,4240.0,4350.0,4190.0,4200.0,591836,0.0,0.0
2015-01-16 00:00:00+09:00,4245.0,4245.0,4050.0,4070.0,463938,0.0,0.0
2015-01-19 00:00:00+09:00,4075.0,4230.0,3970.0,4230.0,484451,0.0,0.0
2015-01-20 00:00:00+09:00,4250.0,4295.0,4140.0,4140.0,461574,0.0,0.0
2015-01-21 00:00:00+09:00,4110.0,4235.0,4065.0,4220.0,243766,0.0,0.0
2015-01-22 00:00:00+09:00,4230.0,4230.0,4025.0,4080.0,483392,0.0,0.0
2015-01-23 00:00:00+09:00,4080.0,4100.0,3820.0,3840.0,1220703,0.0,0.0
2015-01-26 00:00:00+09:00,3840.0,3890.0,3750.0,3890.0,573780,0.0,0.0
2015-01-27 00:00:00+09:00,3905.0,3925.0,3800.0,3890.0,363043,0.0,0.0
2015-01-28 00:00:00+09:00,3890.0,3945.0,3845.0,3870.0,321467,0.0,0.0
2015-01-29 00:00:00+09:00,3940.0,4330.0,3930.0,4245.0,1799173,0.0,0.0
2015-01-30 00:00:00+09:00,4250.0,4395.0,4170.0,4305.0,969754,0.0,0.0
2015-02-02 00:00:00+09:00,4320.0,4360.0,4210.0,4335.0,504232,0.0,0.0
2015-02-03 00:00:00+09:00,4320.0,4435.0,4200.0,4280.0,536177,0.0,0.0
2015-02-04 00:00:00+09:00,4280.0,4390.0,4230.0,4280.0,453877,0.0,0.0
2015-02-05 00:00:00+09:00,4340.0,4870.0,4300.0,4820.0,2562403,0.0,0.0
2015-02-06 00:00:00+09:00,4885.0,4885.0,4685.0,4715.0,724777,0.0,0.0
2015-02-09 00:00:00+09:00,4725.0,4725.0,4505.0,4615.0,666046,0.0,0.0
2015-02-10 00:00:00+09:00,4580.0,4650.0,4385.0,4560.0,695750,0.0,0.0
2015-02-11 00:00:00+09:00,4615.0,4730.0,4480.0,4510.0,582342,0.0,0.0
2015-02-12 00:00:00+09:00,4595.0,4655.0,4480.0,4545.0,512953,0.0,0.0
2015-02-13 00:00:00+09:00,4480.0,4620.0,4410.0,4460.0,595083,0.0,0.0
2015-02-16 00:00:00+09:00,4410.0,4515.0,4360.0,4455.0,433381,0.0,0.0
2015-02-17 00:00:00+09:00,4470.0,4650.0,4430.0,4600.0,607987,0.0,0.0
2015-02-23 00:00:00+09:00,4650.0,4690.0,4545.0,4575.0,325126,0.0,0.0
2015-02-24 00:00:00+09:00,4560.0,4600.0,4450.0,4560.0,408542,0.0,0.0
2015-02-25 00:00:00+09:00,4580.0,4580.0,4450.0,4500.0,295896,0.0,0.0
2015-02-26 00:00:00+09:00,4450.0,4490.0,4300.0,4305.0,687305,0.0,0.0
2015-02-27 00:00:00+09:00,4340.0,4600.0,4325.0,4600.0,493088,0.0,0.0
2015-03-02 00:00:00+09:00,4590.0,4620.0,4490.0,4565.0,516934,0.0,0.0
2015-03-03 00:00:00+09:00,4520.0,4545.0,4285.0,4390.0,830108,0.0,0.0
2015-03-04 00:00:00+09:00,4400.0,4405.0,4280.0,4310.0,297853,0.0,0.0
2015-03-05 00:00:00+09:00,4310.0,4335.0,4230.0,4230.0,422247,0.0,0.0
2015-03-06 00:00:00+09:00,4245.0,4330.0,4200.0,4330.0,288982,0.0,0.0
2015-03-09 00:00:00+09:00,4330.0,4330.0,4230.0,4275.0,151423,0.0,0.0
2015-03-10 00:00:00+09:00,4270.0,4355.0,4200.0,4280.0,219920,0.0,0.0
2015-03-11 00:00:00+09:00,4250.0,4290.0,4200.0,4210.0,153155,0.0,0.0
2015-03-12 00:00:00+09:00,4210.0,4310.0,4200.0,4255.0,145194,0.0,0.0
2015-03-13 00:00:00+09:00,4260.0,4315.0,4230.0,4310.0,140579,0.0,0.0
2015-03-16 00:00:00+09:00,4335.0,4340.0,4225.0,4280.0,134602,0.0,0.0
2015-03-17 00:00:00+09:00,4250.0,4295.0,4150.0,4210.0,316627,0.0,0.0
2015-03-18 00:00:00+09:00,4180.0,4220.0,4090.0,4100.0,306374,0.0,0.0
2015-03-19 00:00:00+09:00,4125.0,4185.0,4085.0,4170.0,179313,0.0,0.0
2015-03-20 00:00:00+09:00,4200.0,4205.0,4060.0,4090.0,293781,0.0,0.0
2015-03-23 00:00:00+09:00,4090.0,4125.0,4000.0,4080.0,186814,0.0,0.0
2015-03-24 00:00:00+09:00,4080.0,4370.0,4005.0,4335.0,516744,0.0,0.0
2015-03-25 00:00:00+09:00,4335.0,4335.0,4180.0,4275.0,380774,0.0,0.0
2015-03-26 00:00:00+09:00,4335.0,4415.0,4220.0,4250.0,473085,0.0,0.0
2015-03-27 00:00:00+09:00,4300.0,4300.0,4100.0,4230.0,323661,0.0,0.0
2015-03-30 00:00:00+09:00,4235.0,4355.0,4235.0,4240.0,271643,0.0,0.0
2015-03-31 00:00:00+09:00,4240.0,4625.0,4090.0,4615.0,1366743,0.0,0.0
2015-04-01 00:00:00+09:00,4600.0,4685.0,4510.0,4540.0,857636,0.0,0.0
2015-04-02 00:00:00+09:00,4500.0,4625.0,4465.0,4510.0,537683,0.0,0.0
2015-04-03 00:00:00+09:00,4670.0,4675.0,4495.0,4555.0,466048,0.0,0.0
2015-04-06 00:00:00+09:00,4585.0,4585.0,4370.0,4515.0,479418,0.0,0.0
2015-04-07 00:00:00+09:00,4585.0,4720.0,4570.0,4610.0,868453,0.0,0.0
2015-04-08 00:00:00+09:00,4630.0,4700.0,4545.0,4690.0,561432,0.0,0.0
2015-04-09 00:00:00+09:00,4930.0,5070.0,4850.0,4955.0,2141297,0.0,0.0
2015-04-10 00:00:00+09:00,5000.0,5080.0,4910.0,4980.0,872392,0.0,0.0
2015-04-13 00:00:00+09:00,5000.0,5000.0,4830.0,4995.0,585535,0.0,0.0
2015-04-14 00:00:00+09:00,5240.0,5240.0,4950.0,5010.0,995357,0.0,0.0
2015-04-15 00:00:00+09:00,5060.0,5170.0,5000.0,5030.0,615535,0.0,0.0
2015-04-16 00:00:00+09:00,5010.0,5010.0,4880.0,4980.0,597206,0.0,0.0
2015-04-17 00:00:00+09:00,4980.0,5050.0,4880.0,5020.0,524099,0.0,0.0
2015-04-20 00:00:00+09:00,4930.0,4960.0,4840.0,4915.0,446656,0.0,0.0
2015-04-21 00:00:00+09:00,4955.0,5110.0,4905.0,5020.0,530728,0.0,0.0
2015-04-22 00:00:00+09:00,5100.0,5100.0,4600.0,4890.0,869982,0.0,0.0
2015-04-23 00:00:00+09:00,4900.0,4995.0,4725.0,4885.0,626252,0.0,0.0
2015-04-24 00:00:00+09:00,4950.0,5180.0,4890.0,5040.0,916645,0.0,0.0
2015-04-27 00:00:00+09:00,5060.0,5140.0,4970.0,5080.0,384925,0.0,0.0
2015-04-28 00:00:00+09:00,5050.0,5120.0,4940.0,4960.0,377861,0.0,0.0
2015-04-29 00:00:00+09:00,4970.0,5090.0,4900.0,4920.0,317041,0.0,0.0
2015-04-30 00:00:00+09:00,4925.0,4950.0,4760.0,4900.0,505964,0.0,0.0
2015-05-04 00:00:00+09:00,4850.0,4975.0,4790.0,4895.0,297302,0.0,0.0
2015-05-06 00:00:00+09:00,4890.0,4890.0,4750.0,4795.0,209692,0.0,0.0
2015-05-07 00:00:00+09:00,4780.0,4790.0,4550.0,4720.0,425336,0.0,0.0
2015-05-08 00:00:00+09:00,4750.0,4820.0,4650.0,4650.0,156360,0.0,0.0
2015-05-11 00:00:00+09:00,4700.0,4800.0,4660.0,4700.0,179599,0.0,0.0
2015-05-12 00:00:00+09:00,4740.0,4805.0,4660.0,4765.0,207771,0.0,0.0
2015-05-13 00:00:00+09:00,4735.0,4790.0,4680.0,4740.0,259380,0.0,0.0
2015-05-14 00:00:00+09:00,4760.0,4910.0,4760.0,4835.0,515704,0.0,0.0
2015-05-15 00:00:00+09:00,4850.0,5000.0,4645.0,4975.0,550484,0.0,0.0
2015-05-18 00:00:00+09:00,4895.0,5090.0,4600.0,5030.0,860380,0.0,0.0
2015-05-19 00:00:00+09:00,5140.0,5450.0,5080.0,5240.0,1704070,0.0,0.0
2015-05-20 00:00:00+09:00,5260.0,5440.0,5090.0,5400.0,966167,0.0,0.0
2015-05-21 00:00:00+09:00,5390.0,5530.0,5210.0,5440.0,1107637,0.0,0.0
2015-05-22 00:00:00+09:00,5490.0,5890.0,5420.0,5830.0,2560495,0.0,0.0
2015-05-26 00:00:00+09:00,5830.0,6000.0,5650.0,5810.0,947493,0.0,0.0
2015-05-27 00:00:00+09:00,5800.0,5920.0,5560.0,5690.0,749845,0.0,0.0
2015-05-28 00:00:00+09:00,5750.0,5890.0,5650.0,5690.0,719413,0.0,0.0
2015-05-29 00:00:00+09:00,5720.0,5770.0,5580.0,5650.0,424612,0.0,0.0
2015-06-01 00:00:00+09:00,5650.0,5750.0,5470.0,5720.0,467422,0.0,0.0
2015-06-02 00:00:00+09:00,5800.0,5800.0,5500.0,5650.0,415392,0.0,0.0
2015-06-03 00:00:00+09:00,5630.0,5980.0,5460.0,5760.0,591110,0.0,0.0
2015-06-04 00:00:00+09:00,5790.0,5820.0,5370.0,5600.0,916286,0.0,0.0
2015-06-05 00:00:00+09:00,5490.0,5500.0,5160.0,5200.0,996584,0.0,0.0
2015-06-08 00:00:00+09:00,5150.0,5410.0,5050.0,5200.0,403958,0.0,0.0
2015-06-09 00:00:00+09:00,5250.0,5590.0,5200.0,5580.0,574646,0.0,0.0
2015-06-10 00:00:00+09:00,5540.0,5630.0,5400.0,5600.0,333824,0.0,0.0
2015-06-11 00:00:00+09:00,5620.0,5690.0,5520.0,5600.0,295456,0.0,0.0
2015-06-12 00:00:00+09:00,5650.0,5810.0,5560.0,5700.0,560266,0.0,0.0
2015-06-15 00:00:00+09:00,5740.0,5960.0,5640.0,5800.0,774773,0.0,0.0
2015-06-16 00:00:00+09:00,5820.0,5820.0,5540.0,5730.0,382647,0.0,0.0
2015-06-17 00:00:00+09:00,5750.0,5860.0,5620.0,5790.0,271050,0.0,0.0
2015-06-18 00:00:00+09:00,5790.0,6170.0,5700.0,6160.0,994285,0.0,0.0
2015-06-19 00:00:00+09:00,6170.0,6270.0,6080.0,6170.0,615516,0.0,0.0
2015-06-22 00:00:00+09:00,6230.0,6260.0,6070.0,6170.0,404174,0.0,0.0
2015-06-23 00:00:00+09:00,6240.0,6290.0,6110.0,6270.0,375545,0.0,0.0
2015-06-24 00:00:00+09:00,6260.0,6420.0,6140.0,6390.0,518230,0.0,0.0
2015-06-25 00:00:00+09:00,6360.0,6460.0,6240.0,6260.0,350422,0.0,0.0
2015-06-26 00:00:00+09:00,6270.0,6420.0,6100.0,6100.0,644571,0.0,0.0
2015-06-29 00:00:00+09:00,5970.0,6240.0,5870.0,5930.0,463950,0.0,0.0
2015-06-30 00:00:00+09:00,5890.0,6100.0,5740.0,6020.0,563173,0.0,0.0
2015-07-01 00:00:00+09:00,6040.0,6200.0,6000.0,6200.0,504509,0.0,0.0
2015-07-02 00:00:00+09:00,6250.0,6380.0,6160.0,6290.0,526286,0.0,0.0
2015-07-03 00:00:00+09:00,6320.0,6520.0,6180.0,6450.0,831655,0.0,0.0
2015-07-06 00:00:00+09:00,6510.0,6510.0,6200.0,6360.0,612907,0.0,0.0
2015-07-07 00:00:00+09:00,6430.0,6430.0,6050.0,6090.0,615138,0.0,0.0
2015-07-08 00:00:00+09:00,6090.0,6320.0,5900.0,6200.0,602662,0.0,0.0
2015-07-09 00:00:00+09:00,6150.0,6430.0,5940.0,6380.0,649908,0.0,0.0
2015-07-10 00:00:00+09:00,6300.0,6420.0,5890.0,6300.0,1510261,0.0,0.0
2015-07-13 00:00:00+09:00,6440.0,6980.0,6430.0,6600.0,2737973,0.0,0.0
2015-07-14 00:00:00+09:00,6720.0,6990.0,6700.0,6940.0,2044465,0.0,0.0
2015-07-15 00:00:00+09:00,6900.0,7140.0,6730.0,7010.0,1329276,0.0,0.0
2015-07-16 00:00:00+09:00,7250.0,7480.0,7060.0,7330.0,1919646,0.0,0.0
2015-07-17 00:00:00+09:00,7480.0,7490.0,7130.0,7150.0,1065327,0.0,0.0
2015-07-20 00:00:00+09:00,7200.0,7400.0,6950.0,7060.0,1484331,0.0,0.0
2015-07-21 00:00:00+09:00,7240.0,7290.0,6920.0,7230.0,957306,0.0,0.0
2015-07-22 00:00:00+09:00,7250.0,7340.0,7120.0,7250.0,586408,0.0,0.0
2015-07-23 00:00:00+09:00,7250.0,7260.0,7060.0,7180.0,460664,0.0,0.0
2015-07-24 00:00:00+09:00,7170.0,7170.0,6950.0,6990.0,595894,0.0,0.0
2015-07-27 00:00:00+09:00,7000.0,7000.0,6710.0,6960.0,584456,0.0,0.0
2015-07-28 00:00:00+09:00,7090.0,7250.0,6880.0,6970.0,740796,0.0,0.0
2015-07-29 00:00:00+09:00,6980.0,7070.0,6750.0,6760.0,501433,0.0,0.0
2015-07-30 00:00:00+09:00,6760.0,6930.0,6600.0,6620.0,406122,0.0,0.0
2015-07-31 00:00:00+09:00,6540.0,6880.0,6540.0,6850.0,567956,0.0,0.0
2015-08-03 00:00:00+09:00,6710.0,6760.0,5150.0,5500.0,6532677,0.0,0.0
2015-08-04 00:00:00+09:00,5350.0,5770.0,5200.0,5670.0,1142149,0.0,0.0
2015-08-05 00:00:00+09:00,5720.0,6260.0,5710.0,6210.0,1534517,0.0,0.0
2015-08-06 00:00:00+09:00,6430.0,6500.0,6070.0,6270.0,891491,0.0,0.0
2015-08-07 00:00:00+09:00,6230.0,6380.0,6140.0,6210.0,392743,0.0,0.0
2015-08-10 00:00:00+09:00,6260.0,6300.0,5890.0,5940.0,443677,0.0,0.0
2015-08-11 00:00:00+09:00,6020.0,6130.0,5860.0,5860.0,283372,0.0,0.0
2015-08-12 00:00:00+09:00,5790.0,5830.0,5440.0,5730.0,639860,0.0,0.0
2015-08-13 00:00:00+09:00,5700.0,6080.0,5650.0,6000.0,334669,0.0,0.0
2015-08-17 00:00:00+09:00,6000.0,6060.0,5730.0,5790.0,321518,0.0,0.0
2015-08-18 00:00:00+09:00,5810.0,5900.0,5510.0,5580.0,438274,0.0,0.0
2015-08-19 00:00:00+09:00,5560.0,5560.0,5190.0,5400.0,535653,0.0,0.0
2015-08-20 00:00:00+09:00,5210.0,5670.0,5210.0,5400.0,423410,0.0,0.0
2015-08-21 00:00:00+09:00,5150.0,5260.0,4595.0,5050.0,1237171,0.0,0.0
2015-08-24 00:00:00+09:00,4930.0,5280.0,4860.0,4965.0,650992,0.0,0.0
2015-08-25 00:00:00+09:00,5110.0,5280.0,4930.0,5240.0,569558,0.0,0.0
2015-08-26 00:00:00+09:00,5250.0,5610.0,5250.0,5490.0,671037,0.0,0.0
2015-08-27 00:00:00+09:00,5560.0,5620.0,5280.0,5340.0,458578,0.0,0.0
2015-08-28 00:00:00+09:00,5420.0,5520.0,5360.0,5470.0,276794,0.0,0.0
2015-08-31 00:00:00+09:00,5460.0,5480.0,5360.0,5380.0,208753,0.0,0.0
2015-09-01 00:00:00+09:00,5350.0,5490.0,5160.0,5300.0,310554,0.0,0.0
2015-09-02 00:00:00+09:00,5150.0,5300.0,5100.0,5260.0,243235,0.0,0.0
2015-09-03 00:00:00+09:00,5300.0,5330.0,4710.0,4890.0,1444520,0.0,0.0
2015-09-04 00:00:00+09:00,4910.0,4980.0,4055.0,4180.0,1675889,0.0,0.0
2015-09-07 00:00:00+09:00,4170.0,4360.0,3975.0,4130.0,857026,0.0,0.0
2015-09-08 00:00:00+09:00,4140.0,4370.0,4120.0,4370.0,744893,0.0,0.0
2015-09-09 00:00:00+09:00,4490.0,4700.0,4440.0,4600.0,816975,0.0,0.0
2015-09-10 00:00:00+09:00,4550.0,5060.0,4520.0,5000.0,936118,0.0,0.0
2015-09-11 00:00:00+09:00,5000.0,5210.0,4865.0,4940.0,789231,0.0,0.0
2015-09-14 00:00:00+09:00,5020.0,5120.0,4795.0,4890.0,346444,0.0,0.0
2015-09-15 00:00:00+09:00,4945.0,5250.0,4870.0,5120.0,493173,0.0,0.0
2015-09-16 00:00:00+09:00,5230.0,5230.0,5060.0,5070.0,440386,0.0,0.0
2015-09-17 00:00:00+09:00,5090.0,5400.0,5050.0,5350.0,647960,0.0,0.0
2015-09-18 00:00:00+09:00,5500.0,5500.0,5270.0,5370.0,558536,0.0,0.0
2015-09-21 00:00:00+09:00,5310.0,5510.0,5280.0,5350.0,346314,0.0,0.0
2015-09-22 00:00:00+09:00,5340.0,5520.0,5200.0,5300.0,522067,0.0,0.0
2015-09-23 00:00:00+09:00,5320.0,5350.0,5090.0,5110.0,307215,0.0,0.0
2015-09-24 00:00:00+09:00,5160.0,5380.0,5120.0,5320.0,266061,0.0,0.0
2015-09-25 00:00:00+09:00,5320.0,5370.0,5160.0,5290.0,159181,0.0,0.0
2015-09-30 00:00:00+09:00,5210.0,5420.0,5110.0,5390.0,359073,0.0,0.0
2015-10-01 00:00:00+09:00,5400.0,5510.0,5360.0,5430.0,205089,0.0,0.0
2015-10-02 00:00:00+09:00,5450.0,5450.0,5330.0,5400.0,101738,0.0,0.0
2015-10-05 00:00:00+09:00,5500.0,5510.0,5320.0,5350.0,229641,0.0,0.0
2015-10-06 00:00:00+09:00,5400.0,5400.0,5190.0,5240.0,230064,0.0,0.0
2015-10-07 00:00:00+09:00,5270.0,5300.0,5150.0,5230.0,157101,0.0,0.0
2015-10-08 00:00:00+09:00,5240.0,5370.0,5100.0,5300.0,226296,0.0,0.0
2015-10-12 00:00:00+09:00,5370.0,5370.0,5270.0,5340.0,152122,0.0,0.0
2015-10-13 00:00:00+09:00,5370.0,5390.0,5130.0,5130.0,200925,0.0,0.0
2015-10-14 00:00:00+09:00,5130.0,5240.0,5130.0,5180.0,117557,0.0,0.0
2015-10-15 00:00:00+09:00,5250.0,5360.0,5150.0,5250.0,272708,0.0,0.0
2015-10-16 00:00:00+09:00,5310.0,5330.0,5150.0,5150.0,178125,0.0,0.0
2015-10-19 00:00:00+09:00,5090.0,5300.0,5080.0,5280.0,237321,0.0,0.0
2015-10-20 00:00:00+09:00,5210.0,5290.0,5200.0,5230.0,152771,0.0,0.0
2015-10-21 00:00:00+09:00,5460.0,5560.0,5370.0,5400.0,638842,0.0,0.0
2015-10-22 00:00:00+09:00,5400.0,5470.0,5280.0,5470.0,265753,0.0,0.0
2015-10-23 00:00:00+09:00,5500.0,5690.0,5410.0,5660.0,474715,0.0,0.0
2015-10-26 00:00:00+09:00,5750.0,5750.0,5510.0,5550.0,304620,0.0,0.0
2015-10-27 00:00:00+09:00,5630.0,5630.0,5390.0,5530.0,262869,0.0,0.0
2015-10-28 00:00:00+09:00,5570.0,5570.0,5320.0,5460.0,320815,0.0,0.0
2015-10-29 00:00:00+09:00,5490.0,5540.0,5360.0,5420.0,196291,0.0,0.0
2015-10-30 00:00:00+09:00,5420.0,5440.0,5160.0,5440.0,401183,0.0,0.0
2015-11-02 00:00:00+09:00,5380.0,5440.0,5270.0,5280.0,165448,0.0,0.0
2015-11-03 00:00:00+09:00,5280.0,5420.0,5220.0,5270.0,169322,0.0,0.0
2015-11-04 00:00:00+09:00,5230.0,5250.0,5070.0,5110.0,328399,0.0,0.0
2015-11-05 00:00:00+09:00,5010.0,5150.0,5010.0,5120.0,180720,0.0,0.0
2015-11-06 00:00:00+09:00,5070.0,5150.0,4980.0,4995.0,255277,0.0,0.0
2015-11-09 00:00:00+09:00,4900.0,4990.0,4840.0,4840.0,191001,0.0,0.0
2015-11-10 00:00:00+09:00,4795.0,4800.0,4620.0,4650.0,374318,0.0,0.0
2015-11-11 00:00:00+09:00,4690.0,4870.0,4660.0,4705.0,157901,0.0,0.0
2015-11-12 00:00:00+09:00,4700.0,4875.0,4700.0,4850.0,132154,0.0,0.0
2015-11-13 00:00:00+09:00,4920.0,5100.0,4920.0,5060.0,354158,0.0,0.0
2015-11-16 00:00:00+09:00,4970.0,5120.0,4930.0,5040.0,245821,0.0,0.0
2015-11-17 00:00:00+09:00,5100.0,5130.0,5000.0,5060.0,110651,0.0,0.0
2015-11-18 00:00:00+09:00,5060.0,5190.0,4940.0,5100.0,175604,0.0,0.0
2015-11-19 00:00:00+09:00,5130.0,5130.0,4980.0,5040.0,143852,0.0,0.0
2015-11-20 00:00:00+09:00,4995.0,5100.0,4900.0,4910.0,211545,0.0,0.0
2015-11-23 00:00:00+09:00,4915.0,5080.0,4890.0,5020.0,157603,0.0,0.0
2015-11-24 00:00:00+09:00,5070.0,5070.0,4960.0,4960.0,78440,0.0,0.0
2015-11-25 00:00:00+09:00,5080.0,5150.0,4935.0,5010.0,169624,0.0,0.0
2015-11-26 00:00:00+09:00,5070.0,5240.0,5040.0,5240.0,370573,0.0,0.0
2015-11-27 00:00:00+09:00,5240.0,5490.0,5180.0,5480.0,669216,0.0,0.0
2015-11-30 00:00:00+09:00,5510.0,5540.0,5450.0,5500.0,262707,0.0,0.0
2015-12-01 00:00:00+09:00,5540.0,5720.0,5450.0,5660.0,443592,0.0,0.0
2015-12-02 00:00:00+09:00,5630.0,5750.0,5580.0,5610.0,268039,0.0,0.0
2015-12-03 00:00:00+09:00,5520.0,5640.0,5500.0,5520.0,191377,0.0,0.0
2015-12-04 00:00:00+09:00,5460.0,5650.0,5400.0,5600.0,234627,0.0,0.0
2015-12-07 00:00:00+09:00,5610.0,5640.0,5430.0,5580.0,155650,0.0,0.0
2015-12-08 00:00:00+09:00,5580.0,5610.0,5460.0,5570.0,184946,0.0,0.0
2015-12-09 00:00:00+09:00,5600.0,5610.0,5470.0,5540.0,201142,0.0,0.0
2015-12-10 00:00:00+09:00,5570.0,5570.0,5400.0,5540.0,162941,0.0,0.0
2015-12-11 00:00:00+09:00,5550.0,5560.0,5400.0,5400.0,109255,0.0,0.0
2015-12-14 00:00:00+09:00,5290.0,5450.0,5120.0,5390.0,317798,0.0,0.0
2015-12-15 00:00:00+09:00,5440.0,5480.0,5260.0,5320.0,179427,0.0,0.0
2015-12-16 00:00:00+09:00,5300.0,5350.0,5200.0,5290.0,206647,0.0,0.0
2015-12-17 00:00:00+09:00,5290.0,5420.0,5250.0,5400.0,210432,0.0,0.0
2015-12-18 00:00:00+09:00,5450.0,5700.0,5420.0,5700.0,473960,0.0,0.0
2015-12-21 00:00:00+09:00,5680.0,5750.0,5620.0,5700.0,259239,0.0,0.0
2015-12-22 00:00:00+09:00,5760.0,5790.0,5540.0,5570.0,309253,0.0,0.0
2015-12-23 00:00:00+09:00,5540.0,5660.0,5480.0,5660.0,169142,0.0,0.0
2015-12-24 00:00:00+09:00,5700.0,5750.0,5630.0,5680.0,217005,0.0,0.0
2015-12-28 00:00:00+09:00,5740.0,5750.0,5570.0,5570.0,175970,0.0,0.0
2015-12-29 00:00:00+09:00,5630.0,5900.0,5580.0,5830.0,418823,0.0,0.0
2015-12-30 00:00:00+09:00,5960.0,6110.0,5870.0,6010.0,408351,0.0,0.0
2016-01-04 00:00:00+09:00,6150.0,6270.0,6100.0,6170.0,732878,0.0,0.0
2016-01-05 00:00:00+09:00,6130.0,6210.0,6040.0,6170.0,365421,0.0,0.0
2016-01-06 00:00:00+09:00,6170.0,6400.0,6060.0,6280.0,393491,0.0,0.0
2016-01-07 00:00:00+09:00,6260.0,6260.0,6070.0,6120.0,241142,0.0,0.0
2016-01-08 00:00:00+09:00,5950.0,6070.0,5870.0,6000.0,332192,0.0,0.0
2016-01-11 00:00:00+09:00,5900.0,6100.0,5780.0,6000.0,393154,0.0,0.0
2016-01-12 00:00:00+09:00,6090.0,6100.0,5840.0,5890.0,168239,0.0,0.0
2016-01-13 00:00:00+09:00,5940.0,6040.0,5890.0,6020.0,174953,0.0,0.0
2016-01-14 00:00:00+09:00,5910.0,6200.0,5900.0,6200.0,251143,0.0,0.0
2016-01-15 00:00:00+09:00,6260.0,6260.0,5970.0,6000.0,230109,0.0,0.0
2016-01-18 00:00:00+09:00,5920.0,6130.0,5880.0,6120.0,171716,0.0,0.0
2016-01-19 00:00:00+09:00,6150.0,6150.0,5960.0,6030.0,244053,0.0,0.0
2016-01-20 00:00:00+09:00,6000.0,6070.0,5670.0,5840.0,334360,0.0,0.0
2016-01-21 00:00:00+09:00,5800.0,5860.0,5610.0,5630.0,222359,0.0,0.0
2016-01-22 00:00:00+09:00,5750.0,5920.0,5550.0,5900.0,303352,0.0,0.0
2016-01-25 00:00:00+09:00,5950.0,6070.0,5860.0,6010.0,241217,0.0,0.0
2016-01-26 00:00:00+09:00,6000.0,6030.0,5860.0,5930.0,217704,0.0,0.0
2016-01-27 00:00:00+09:00,5930.0,6290.0,5930.0,6080.0,606705,0.0,0.0
2016-01-28 00:00:00+09:00,6120.0,6230.0,6020.0,6210.0,285213,0.0,0.0
2016-01-29 00:00:00+09:00,6220.0,6300.0,6130.0,6180.0,221858,0.0,0.0
2016-02-01 00:00:00+09:00,6290.0,6290.0,6050.0,6200.0,192540,0.0,0.0
2016-02-02 00:00:00+09:00,6190.0,6320.0,6040.0,6260.0,256462,0.0,0.0
2016-02-03 00:00:00+09:00,6260.0,6280.0,6150.0,6210.0,174039,0.0,0.0
2016-02-04 00:00:00+09:00,6230.0,6300.0,6150.0,6250.0,182094,0.0,0.0
2016-02-05 00:00:00+09:00,6240.0,6290.0,6160.0,6250.0,181566,0.0,0.0
2016-02-11 00:00:00+09:00,6060.0,6140.0,5920.0,5970.0,294001,0.0,0.0
2016-02-12 00:00:00+09:00,5960.0,6070.0,5530.0,5730.0,429947,0.0,0.0
2016-02-15 00:00:00+09:00,5800.0,6010.0,5800.0,5990.0,299763,0.0,0.0
2016-02-16 00:00:00+09:00,6000.0,6020.0,5710.0,5800.0,405033,0.0,0.0
2016-02-17 00:00:00+09:00,5900.0,6400.0,5890.0,6020.0,792073,0.0,0.0
2016-02-18 00:00:00+09:00,6300.0,6560.0,6160.0,6500.0,1448887,0.0,0.0
2016-02-19 00:00:00+09:00,6490.0,6490.0,6130.0,6400.0,638800,0.0,0.0
2016-02-22 00:00:00+09:00,6390.0,6610.0,6300.0,6410.0,724827,0.0,0.0
2016-02-23 00:00:00+09:00,6410.0,6740.0,6390.0,6510.0,811530,0.0,0.0
2016-02-24 00:00:00+09:00,6480.0,6660.0,6400.0,6460.0,493362,0.0,0.0
2016-02-25 00:00:00+09:00,6400.0,6510.0,5980.0,6140.0,1103940,0.0,0.0
2016-02-26 00:00:00+09:00,6150.0,6300.0,6050.0,6130.0,517130,0.0,0.0
2016-02-29 00:00:00+09:00,6180.0,6210.0,6060.0,6130.0,288319,0.0,0.0
2016-03-02 00:00:00+09:00,6250.0,6330.0,6170.0,6220.0,471689,0.0,0.0
2016-03-03 00:00:00+09:00,6220.0,6230.0,6010.0,6140.0,591133,0.0,0.0
2016-03-04 00:00:00+09:00,6060.0,6220.0,6000.0,6220.0,353660,0.0,0.0
2016-03-07 00:00:00+09:00,6200.0,6200.0,6050.0,6120.0,282810,0.0,0.0
2016-03-08 00:00:00+09:00,6070.0,6140.0,5950.0,6090.0,319425,0.0,0.0
2016-03-09 00:00:00+09:00,6080.0,6100.0,5980.0,6010.0,197102,0.0,0.0
2016-03-10 00:00:00+09:00,6050.0,6050.0,5960.0,6040.0,227655,0.0,0.0
2016-03-11 00:00:00+09:00,5970.0,6090.0,5950.0,6060.0,227042,0.0,0.0
2016-03-14 00:00:00+09:00,6110.0,6120.0,5960.0,6000.0,257070,0.0,0.0
2016-03-15 00:00:00+09:00,5990.0,6010.0,5780.0,5990.0,474743,0.0,0.0
2016-03-16 00:00:00+09:00,6020.0,6290.0,5940.0,6130.0,604645,0.0,0.0
2016-03-17 00:00:00+09:00,6140.0,6230.0,6110.0,6210.0,305022,0.0,0.0
2016-03-18 00:00:00+09:00,6290.0,6360.0,6230.0,6260.0,510334,0.0,0.0
2016-03-21 00:00:00+09:00,6290.0,6310.0,6120.0,6230.0,468908,0.0,0.0
2016-03-22 00:00:00+09:00,6210.0,6270.0,6070.0,6160.0,427288,0.0,0.0
2016-03-23 00:00:00+09:00,6200.0,6420.0,6200.0,6370.0,854538,0.0,0.0
2016-03-24 00:00:00+09:00,6370.0,6380.0,6240.0,6250.0,403358,0.0,0.0
2016-03-25 00:00:00+09:00,6240.0,6670.0,6180.0,6670.0,1398850,0.0,0.0
2016-03-28 00:00:00+09:00,6700.0,6800.0,6580.0,6650.0,832336,0.0,0.0
2016-03-29 00:00:00+09:00,6700.0,6780.0,6540.0,6780.0,808667,0.0,0.0
2016-03-30 00:00:00+09:00,6740.0,6880.0,6730.0,6760.0,605997,0.0,0.0
2016-03-31 00:00:00+09:00,6810.0,6810.0,6590.0,6720.0,371869,0.0,0.0
2016-04-01 00:00:00+09:00,6740.0,6770.0,6590.0,6600.0,289981,0.0,0.0
2016-04-04 00:00:00+09:00,6600.0,6750.0,6460.0,6740.0,453707,0.0,0.0
2016-04-05 00:00:00+09:00,6780.0,6820.0,6700.0,6750.0,340827,0.0,0.0
2016-04-06 00:00:00+09:00,6740.0,6740.0,6550.0,6640.0,333869,0.0,0.0
2016-04-07 00:00:00+09:00,6680.0,6680.0,6490.0,6600.0,250473,0.0,0.0
2016-04-08 00:00:00+09:00,6620.0,6720.0,6500.0,6680.0,185412,0.0,0.0
2016-04-11 00:00:00+09:00,6650.0,6690.0,6500.0,6540.0,213796,0.0,0.0
2016-04-12 00:00:00+09:00,6560.0,6630.0,6500.0,6570.0,212052,0.0,0.0
2016-04-14 00:00:00+09:00,6610.0,6660.0,6530.0,6580.0,193450,0.0,0.0
2016-04-15 00:00:00+09:00,6590.0,6630.0,6520.0,6600.0,178932,0.0,0.0
2016-04-18 00:00:00+09:00,6610.0,6850.0,6600.0,6770.0,492705,0.0,0.0
2016-04-19 00:00:00+09:00,6790.0,6880.0,6670.0,6730.0,265524,0.0,0.0
2016-04-20 00:00:00+09:00,6710.0,6750.0,6470.0,6530.0,314278,0.0,0.0
2016-04-21 00:00:00+09:00,6500.0,6610.0,6410.0,6590.0,170248,0.0,0.0
2016-04-22 00:00:00+09:00,6600.0,6600.0,6400.0,6490.0,240083,0.0,0.0
2016-04-25 00:00:00+09:00,6520.0,6560.0,6380.0,6440.0,159486,0.0,0.0
2016-04-26 00:00:00+09:00,6450.0,6470.0,6310.0,6440.0,244601,0.0,0.0
2016-04-27 00:00:00+09:00,6510.0,6630.0,6420.0,6420.0,306805,0.0,0.0
2016-04-28 00:00:00+09:00,6460.0,6620.0,6460.0,6530.0,178269,0.0,0.0
2016-04-29 00:00:00+09:00,6500.0,6670.0,6490.0,6660.0,315969,0.0,0.0
2016-05-02 00:00:00+09:00,6710.0,6780.0,6430.0,6470.0,350119,0.0,0.0
2016-05-03 00:00:00+09:00,6470.0,6570.0,6400.0,6540.0,205937,0.0,0.0
2016-05-04 00:00:00+09:00,6540.0,6670.0,6480.0,6650.0,324298,0.0,0.0
2016-05-09 00:00:00+09:00,6560.0,6690.0,6460.0,6460.0,208451,0.0,0.0
2016-05-10 00:00:00+09:00,6450.0,6520.0,6380.0,6450.0,159078,0.0,0.0
2016-05-11 00:00:00+09:00,6390.0,6390.0,5950.0,6220.0,778416,0.0,0.0
2016-05-12 00:00:00+09:00,6200.0,6210.0,5910.0,6150.0,575973,0.0,0.0
2016-05-13 00:00:00+09:00,6150.0,6340.0,6110.0,6300.0,309123,0.0,0.0
2016-05-16 00:00:00+09:00,6200.0,6290.0,6100.0,6100.0,224007,0.0,0.0
2016-05-17 00:00:00+09:00,6190.0,6300.0,6050.0,6280.0,217337,0.0,0.0
2016-05-18 00:00:00+09:00,6270.0,6270.0,5970.0,6030.0,407534,0.0,0.0
2016-05-19 00:00:00+09:00,6050.0,6070.0,5780.0,5950.0,404492,0.0,0.0
2016-05-20 00:00:00+09:00,5900.0,6000.0,5850.0,5880.0,177206,0.0,0.0
2016-05-23 00:00:00+09:00,5920.0,6000.0,5850.0,5920.0,192858,0.0,0.0
2016-05-24 00:00:00+09:00,5920.0,5990.0,5800.0,5810.0,175483,0.0,0.0
2016-05-25 00:00:00+09:00,5820.0,5920.0,5790.0,5800.0,173205,0.0,0.0
2016-05-26 00:00:00+09:00,5780.0,5880.0,5710.0,5830.0,178284,0.0,0.0
2016-05-27 00:00:00+09:00,5780.0,5990.0,5750.0,5990.0,242472,0.0,0.0
2016-05-30 00:00:00+09:00,5990.0,6010.0,5760.0,5840.0,303715,0.0,0.0
2016-05-31 00:00:00+09:00,5800.0,5800.0,5560.0,5580.0,521645,0.0,0.0
2016-06-01 00:00:00+09:00,5640.0,5690.0,5510.0,5540.0,307126,0.0,0.0
2016-06-02 00:00:00+09:00,5560.0,5650.0,5190.0,5650.0,1199595,0.0,0.0
2016-06-03 00:00:00+09:00,5650.0,5750.0,5590.0,5700.0,313694,0.0,0.0
2016-06-07 00:00:00+09:00,5670.0,5740.0,5600.0,5730.0,202980,0.0,0.0
2016-06-08 00:00:00+09:00,5750.0,5770.0,5570.0,5680.0,313067,0.0,0.0
2016-06-09 00:00:00+09:00,5680.0,5720.0,5520.0,5530.0,225214,0.0,0.0
2016-06-10 00:00:00+09:00,5540.0,5690.0,5500.0,5570.0,187856,0.0,0.0
2016-06-13 00:00:00+09:00,5520.0,5610.0,5410.0,5420.0,156120,0.0,0.0
2016-06-14 00:00:00+09:00,5390.0,5500.0,5300.0,5390.0,172995,0.0,0.0
2016-06-15 00:00:00+09:00,5380.0,5450.0,5340.0,5410.0,107904,0.0,0.0
2016-06-16 00:00:00+09:00,5390.0,5450.0,5140.0,5140.0,285860,0.0,0.0
2016-06-17 00:00:00+09:00,5080.0,5610.0,5080.0,5610.0,713645,0.0,0.0
2016-06-20 00:00:00+09:00,5580.0,5700.0,5570.0,5650.0,183545,0.0,0.0
2016-06-21 00:00:00+09:00,5660.0,5670.0,5530.0,5590.0,89412,0.0,0.0
2016-06-22 00:00:00+09:00,5740.0,5830.0,5680.0,5700.0,301593,0.0,0.0
2016-06-23 00:00:00+09:00,5700.0,5700.0,5520.0,5580.0,177179,0.0,0.0
2016-06-24 00:00:00+09:00,5680.0,5790.0,5200.0,5420.0,611720,0.0,0.0
2016-06-27 00:00:00+09:00,5400.0,5750.0,5360.0,5440.0,854101,0.0,0.0
2016-06-28 00:00:00+09:00,5400.0,5480.0,5310.0,5390.0,292257,0.0,0.0
2016-06-29 00:00:00+09:00,5430.0,5580.0,5430.0,5490.0,294627,0.0,0.0
2016-06-30 00:00:00+09:00,5580.0,5580.0,5460.0,5540.0,212793,0.0,0.0
2016-07-01 00:00:00+09:00,5550.0,5880.0,5550.0,5720.0,794549,0.0,0.0
2016-07-04 00:00:00+09:00,5760.0,5910.0,5760.0,5820.0,549518,0.0,0.0
2016-07-05 00:00:00+09:00,5860.0,5930.0,5750.0,5820.0,397504,0.0,0.0
2016-07-06 00:00:00+09:00,5820.0,5820.0,5600.0,5740.0,276302,0.0,0.0
2016-07-07 00:00:00+09:00,5800.0,5810.0,5680.0,5700.0,225617,0.0,0.0
2016-07-08 00:00:00+09:00,5700.0,5720.0,5600.0,5650.0,202730,0.0,0.0
2016-07-11 00:00:00+09:00,5630.0,5710.0,5540.0,5650.0,226881,0.0,0.0
2016-07-12 00:00:00+09:00,5660.0,5670.0,5440.0,5490.0,440145,0.0,0.0
2016-07-13 00:00:00+09:00,5530.0,5530.0,5420.0,5460.0,273706,0.0,0.0
2016-07-14 00:00:00+09:00,5440.0,5560.0,5390.0,5550.0,227392,0.0,0.0
2016-07-15 00:00:00+09:00,5560.0,5650.0,5480.0,5490.0,233634,0.0,0.0
2016-07-18 00:00:00+09:00,5490.0,5520.0,5260.0,5290.0,450343,0.0,0.0
2016-07-19 00:00:00+09:00,5300.0,5440.0,5280.0,5380.0,232405,0.0,0.0
2016-07-20 00:00:00+09:00,5440.0,5440.0,5290.0,5380.0,226159,0.0,0.0
2016-07-21 00:00:00+09:00,5360.0,5430.0,5290.0,5310.0,263627,0.0,0.0
2016-07-22 00:00:00+09:00,5350.0,5470.0,5250.0,5440.0,309436,0.0,0.0
2016-07-25 00:00:00+09:00,5480.0,5570.0,5440.0,5550.0,225471,0.0,0.0
2016-07-26 00:00:00+09:00,5560.0,5620.0,5480.0,5600.0,155441,0.0,0.0
2016-07-27 00:00:00+09:00,5560.0,5690.0,5560.0,5630.0,241435,0.0,0.0
2016-07-28 00:00:00+09:00,5620.0,5690.0,5470.0,5490.0,310275,0.0,0.0
2016-07-29 00:00:00+09:00,5460.0,5590.0,5430.0,5590.0,230560,0.0,0.0
2016-08-01 00:00:00+09:00,5640.0,5640.0,5520.0,5580.0,158981,0.0,0.0
2016-08-02 00:00:00+09:00,5580.0,5600.0,5460.0,5560.0,196582,0.0,0.0
2016-08-03 00:00:00+09:00,5520.0,5570.0,5460.0,5560.0,263297,0.0,0.0
2016-08-04 00:00:00+09:00,5580.0,5690.0,5570.0,5650.0,217603,0.0,0.0
2016-08-05 00:00:00+09:00,5810.0,5960.0,5770.0,5780.0,899178,0.0,0.0
2016-08-08 00:00:00+09:00,5740.0,5950.0,5740.0,5900.0,479014,0.0,0.0
2016-08-09 00:00:00+09:00,6090.0,6200.0,5850.0,6020.0,1252678,0.0,0.0
2016-08-10 00:00:00+09:00,5970.0,6280.0,5950.0,6230.0,939999,0.0,0.0
2016-08-11 00:00:00+09:00,6220.0,6280.0,6120.0,6240.0,353149,0.0,0.0
2016-08-12 00:00:00+09:00,6240.0,6360.0,6230.0,6240.0,567222,0.0,0.0
2016-08-16 00:00:00+09:00,6230.0,6310.0,6090.0,6100.0,341954,0.0,0.0
2016-08-17 00:00:00+09:00,6070.0,6250.0,6070.0,6150.0,353125,0.0,0.0
2016-08-18 00:00:00+09:00,6160.0,6250.0,6150.0,6220.0,291539,0.0,0.0
2016-08-19 00:00:00+09:00,6240.0,6240.0,6120.0,6120.0,167882,0.0,0.0
2016-08-22 00:00:00+09:00,6200.0,6250.0,5980.0,6100.0,284875,0.0,0.0
2016-08-23 00:00:00+09:00,6030.0,6110.0,5900.0,5940.0,315917,0.0,0.0
2016-08-24 00:00:00+09:00,5960.0,6100.0,5950.0,5980.0,257604,0.0,0.0
2016-08-25 00:00:00+09:00,6030.0,6030.0,5950.0,5980.0,185978,0.0,0.0
2016-08-26 00:00:00+09:00,5980.0,6080.0,5960.0,6080.0,210141,0.0,0.0
2016-08-29 00:00:00+09:00,6100.0,6130.0,5850.0,5880.0,295859,0.0,0.0
2016-08-30 00:00:00+09:00,5860.0,6030.0,5790.0,5950.0,270088,0.0,0.0
2016-08-31 00:00:00+09:00,5950.0,5950.0,5800.0,5950.0,186783,0.0,0.0
2016-09-01 00:00:00+09:00,5900.0,6010.0,5800.0,5800.0,260918,0.0,0.0
2016-09-02 00:00:00+09:00,5790.0,5910.0,5780.0,5840.0,157263,0.0,0.0
2016-09-05 00:00:00+09:00,5840.0,5870.0,5800.0,5860.0,168062,0.0,0.0
2016-09-06 00:00:00+09:00,5850.0,5850.0,5800.0,5800.0,133088,0.0,0.0
2016-09-07 00:00:00+09:00,5810.0,5940.0,5710.0,5940.0,291340,0.0,0.0
2016-09-08 00:00:00+09:00,5950.0,6060.0,5740.0,5840.0,318074,0.0,0.0
2016-09-09 00:00:00+09:00,5770.0,5800.0,5670.0,5670.0,211495,0.0,0.0
2016-09-12 00:00:00+09:00,5560.0,5620.0,5400.0,5410.0,273716,0.0,0.0
2016-09-13 00:00:00+09:00,5480.0,5490.0,5270.0,5310.0,364346,0.0,0.0
2016-09-19 00:00:00+09:00,5310.0,5490.0,5310.0,5450.0,165245,0.0,0.0
2016-09-20 00:00:00+09:00,5450.0,5520.0,5410.0,5520.0,134231,0.0,0.0
2016-09-21 00:00:00+09:00,5520.0,5580.0,5450.0,5520.0,114958,0.0,0.0
2016-09-22 00:00:00+09:00,5580.0,5580.0,5460.0,5520.0,139031,0.0,0.0
2016-09-23 00:00:00+09:00,5540.0,5600.0,5470.0,5580.0,211540,0.0,0.0
2016-09-26 00:00:00+09:00,5580.0,5760.0,5550.0,5710.0,174788,0.0,0.0
2016-09-27 00:00:00+09:00,5710.0,5790.0,5640.0,5760.0,240961,0.0,0.0
2016-09-28 00:00:00+09:00,5780.0,5800.0,5720.0,5750.0,135358,0.0,0.0
2016-09-29 00:00:00+09:00,5750.0,5930.0,5730.0,5910.0,360598,0.0,0.0
2016-09-30 00:00:00+09:00,5900.0,6040.0,5840.0,6020.0,348647,0.0,0.0
2016-10-04 00:00:00+09:00,6140.0,6140.0,5990.0,6080.0,297913,0.0,0.0
2016-10-05 00:00:00+09:00,6050.0,6190.0,5950.0,6000.0,369480,0.0,0.0
2016-10-06 00:00:00+09:00,6060.0,6080.0,5980.0,6010.0,174324,0.0,0.0
2016-10-07 00:00:00+09:00,6030.0,6030.0,5780.0,5810.0,297298,0.0,0.0
2016-10-10 00:00:00+09:00,5740.0,5860.0,5740.0,5760.0,118964,0.0,0.0
2016-10-11 00:00:00+09:00,5800.0,6010.0,5760.0,6000.0,364329,0.0,0.0
2016-10-12 00:00:00+09:00,5970.0,6030.0,5850.0,5930.0,236675,0.0,0.0
2016-10-13 00:00:00+09:00,5970.0,5970.0,5850.0,5940.0,165648,0.0,0.0
2016-10-14 00:00:00+09:00,5950.0,6000.0,5850.0,5870.0,196929,0.0,0.0
2016-10-17 00:00:00+09:00,5900.0,5900.0,5790.0,5810.0,153617,0.0,0.0
2016-10-18 00:00:00+09:00,5840.0,5850.0,5720.0,5790.0,188741,0.0,0.0
2016-10-19 00:00:00+09:00,5790.0,5880.0,5770.0,5850.0,136263,0.0,0.0
2016-10-20 00:00:00+09:00,5820.0,6090.0,5800.0,6040.0,651980,0.0,0.0
2016-10-21 00:00:00+09:00,6090.0,6130.0,5920.0,5950.0,329248,0.0,0.0
2016-10-24 00:00:00+09:00,5950.0,6240.0,5950.0,6220.0,1193380,0.0,0.0
2016-10-25 00:00:00+09:00,6180.0,6280.0,6090.0,6200.0,479724,0.0,0.0
2016-10-26 00:00:00+09:00,6240.0,6280.0,6090.0,6220.0,427607,0.0,0.0
2016-10-27 00:00:00+09:00,6170.0,6240.0,6150.0,6200.0,228963,0.0,0.0
2016-10-28 00:00:00+09:00,6200.0,6200.0,5900.0,5900.0,473429,0.0,0.0
2016-10-31 00:00:00+09:00,5780.0,5890.0,5630.0,5680.0,384359,0.0,0.0
2016-11-01 00:00:00+09:00,5670.0,5770.0,5550.0,5770.0,304081,0.0,0.0
2016-11-02 00:00:00+09:00,5770.0,5790.0,5470.0,5700.0,403185,0.0,0.0
2016-11-03 00:00:00+09:00,5660.0,5770.0,5630.0,5750.0,162662,0.0,0.0
2016-11-04 00:00:00+09:00,5740.0,5790.0,5670.0,5710.0,142932,0.0,0.0
2016-11-07 00:00:00+09:00,5800.0,5980.0,5790.0,5980.0,296181,0.0,0.0
2016-11-08 00:00:00+09:00,5970.0,5990.0,5860.0,5930.0,208327,0.0,0.0
2016-11-09 00:00:00+09:00,5980.0,6190.0,5710.0,5910.0,858663,0.0,0.0
2016-11-10 00:00:00+09:00,6080.0,6170.0,5950.0,6090.0,678943,0.0,0.0
2016-11-11 00:00:00+09:00,6080.0,6250.0,6060.0,6250.0,854052,0.0,0.0
2016-11-14 00:00:00+09:00,6310.0,6410.0,6150.0,6200.0,692511,0.0,0.0
2016-11-15 00:00:00+09:00,6090.0,6280.0,6000.0,6280.0,555127,0.0,0.0
2016-11-16 00:00:00+09:00,6270.0,6310.0,6200.0,6230.0,297949,0.0,0.0
2016-11-17 00:00:00+09:00,6200.0,6230.0,6100.0,6200.0,252466,0.0,0.0
2016-11-18 00:00:00+09:00,6200.0,6270.0,6140.0,6140.0,237317,0.0,0.0
2016-11-21 00:00:00+09:00,6110.0,6240.0,6050.0,6150.0,234100,0.0,0.0
2016-11-22 00:00:00+09:00,6160.0,6200.0,6090.0,6120.0,117664,0.0,0.0
2016-11-23 00:00:00+09:00,6180.0,6220.0,6030.0,6040.0,330859,0.0,0.0
2016-11-24 00:00:00+09:00,6100.0,6100.0,5920.0,6000.0,198082,0.0,0.0
2016-11-25 00:00:00+09:00,5980.0,6120.0,5980.0,6070.0,151565,0.0,0.0
2016-11-28 00:00:00+09:00,6030.0,6380.0,6030.0,6300.0,911760,0.0,0.0
2016-11-29 00:00:00+09:00,6290.0,6320.0,6190.0,6270.0,306281,0.0,0.0
2016-11-30 00:00:00+09:00,6240.0,6480.0,6200.0,6410.0,537715,0.0,0.0
2016-12-01 00:00:00+09:00,6340.0,6410.0,6220.0,6230.0,291919,0.0,0.0
2016-12-02 00:00:00+09:00,6220.0,6240.0,6110.0,6210.0,216081,0.0,0.0
2016-12-05 00:00:00+09:00,6170.0,6190.0,6030.0,6120.0,237096,0.0,0.0
2016-12-06 00:00:00+09:00,6130.0,6170.0,6040.0,6100.0,209672,0.0,0.0
2016-12-07 00:00:00+09:00,6100.0,6200.0,5950.0,6110.0,314231,0.0,0.0
2016-12-08 00:00:00+09:00,6110.0,6250.0,6060.0,6180.0,279281,0.0,0.0
2016-12-09 00:00:00+09:00,6160.0,6220.0,6090.0,6220.0,257536,0.0,0.0
2016-12-12 00:00:00+09:00,6160.0,6240.0,6160.0,6200.0,172559,0.0,0.0
2016-12-13 00:00:00+09:00,6170.0,6280.0,6160.0,6200.0,273427,0.0,0.0
2016-12-14 00:00:00+09:00,6250.0,6290.0,6110.0,6140.0,256546,0.0,0.0
2016-12-15 00:00:00+09:00,6140.0,6400.0,6070.0,6370.0,659971,0.0,0.0
2016-12-16 00:00:00+09:00,6320.0,6430.0,6240.0,6420.0,385061,0.0,0.0
2016-12-19 00:00:00+09:00,6410.0,6800.0,6410.0,6790.0,1308692,0.0,0.0
2016-12-20 00:00:00+09:00,6790.0,6880.0,6600.0,6710.0,760283,0.0,0.0
2016-12-21 00:00:00+09:00,6710.0,6850.0,6650.0,6770.0,358899,0.0,0.0
2016-12-22 00:00:00+09:00,6800.0,6800.0,6570.0,6570.0,355186,0.0,0.0
2016-12-23 00:00:00+09:00,6620.0,6620.0,6350.0,6520.0,497093,0.0,0.0
2016-12-26 00:00:00+09:00,6540.0,6540.0,6390.0,6420.0,328056,0.0,0.0
2016-12-27 00:00:00+09:00,6420.0,6430.0,6270.0,6330.0,480991,0.0,0.0
2016-12-28 00:00:00+09:00,6400.0,6620.0,6360.0,6480.0,554578,0.0,0.0
2016-12-29 00:00:00+09:00,6500.0,6530.0,6410.0,6510.0,319692,0.0,0.0
2017-01-02 00:00:00+09:00,6490.0,6640.0,6470.0,6580.0,282710,0.0,0.0
2017-01-03 00:00:00+09:00,6630.0,6630.0,6420.0,6450.0,262144,0.0,0.0
2017-01-04 00:00:00+09:00,6470.0,6470.0,6150.0,6390.0,687227,0.0,0.0
2017-01-05 00:00:00+09:00,6390.0,6570.0,6300.0,6530.0,419831,0.0,0.0
2017-01-06 00:00:00+09:00,6490.0,6660.0,6460.0,6600.0,356071,0.0,0.0
2017-01-09 00:00:00+09:00,6600.0,6600.0,6370.0,6450.0,475990,0.0,0.0
2017-01-10 00:00:00+09:00,6430.0,6480.0,6250.0,6310.0,476933,0.0,0.0
2017-01-11 00:00:00+09:00,6270.0,6540.0,6210.0,6490.0,475826,0.0,0.0
2017-01-12 00:00:00+09:00,6540.0,6550.0,6380.0,6390.0,260548,0.0,0.0
2017-01-13 00:00:00+09:00,6400.0,6510.0,6320.0,6490.0,260247,0.0,0.0
2017-01-16 00:00:00+09:00,6490.0,6490.0,6310.0,6350.0,249750,0.0,0.0
2017-01-17 00:00:00+09:00,6340.0,6400.0,6010.0,6140.0,684839,0.0,0.0
2017-01-18 00:00:00+09:00,6130.0,6150.0,5890.0,6130.0,672933,0.0,0.0
2017-01-19 00:00:00+09:00,6150.0,6300.0,6000.0,6210.0,382027,0.0,0.0
2017-01-20 00:00:00+09:00,6250.0,6580.0,6200.0,6470.0,1317606,0.0,0.0
2017-01-23 00:00:00+09:00,6500.0,6600.0,6410.0,6420.0,636660,0.0,0.0
2017-01-24 00:00:00+09:00,6420.0,6420.0,6040.0,6200.0,972397,0.0,0.0
2017-01-25 00:00:00+09:00,6190.0,6520.0,6190.0,6510.0,900974,0.0,0.0
2017-01-26 00:00:00+09:00,6570.0,6750.0,6450.0,6570.0,780679,0.0,0.0
2017-01-31 00:00:00+09:00,6570.0,6680.0,6450.0,6490.0,368842,0.0,0.0
2017-02-01 00:00:00+09:00,6420.0,6510.0,6330.0,6370.0,373883,0.0,0.0
2017-02-02 00:00:00+09:00,6330.0,6570.0,6310.0,6570.0,700880,0.0,0.0
2017-02-03 00:00:00+09:00,6600.0,6610.0,6420.0,6600.0,576253,0.0,0.0
2017-02-06 00:00:00+09:00,6650.0,6860.0,6450.0,6650.0,1710490,0.0,0.0
2017-02-07 00:00:00+09:00,6710.0,6920.0,6640.0,6880.0,1396889,0.0,0.0
2017-02-08 00:00:00+09:00,6920.0,7040.0,6860.0,7040.0,968677,0.0,0.0
2017-02-09 00:00:00+09:00,7100.0,7210.0,6910.0,7200.0,1382720,0.0,0.0
2017-02-10 00:00:00+09:00,6800.0,6970.0,6430.0,6450.0,2053615,0.0,0.0
2017-02-13 00:00:00+09:00,6460.0,6540.0,6230.0,6320.0,785352,0.0,0.0
2017-02-14 00:00:00+09:00,6400.0,6600.0,6190.0,6580.0,675990,0.0,0.0
2017-02-15 00:00:00+09:00,6570.0,6690.0,6450.0,6650.0,430225,0.0,0.0
2017-02-16 00:00:00+09:00,6650.0,6650.0,6420.0,6520.0,487681,0.0,0.0
2017-02-17 00:00:00+09:00,6490.0,6490.0,6270.0,6420.0,553682,0.0,0.0
2017-02-20 00:00:00+09:00,6600.0,6600.0,6320.0,6370.0,318559,0.0,0.0
2017-02-21 00:00:00+09:00,6370.0,6400.0,6260.0,6300.0,336254,0.0,0.0
2017-02-22 00:00:00+09:00,6300.0,6300.0,6180.0,6220.0,484576,0.0,0.0
2017-02-23 00:00:00+09:00,6200.0,6260.0,6050.0,6130.0,528749,0.0,0.0
2017-02-24 00:00:00+09:00,6180.0,6210.0,5990.0,6090.0,406066,0.0,0.0
2017-02-27 00:00:00+09:00,6090.0,6100.0,5850.0,5850.0,489758,0.0,0.0
2017-02-28 00:00:00+09:00,5890.0,6120.0,5860.0,6070.0,437210,0.0,0.0
2017-03-02 00:00:00+09:00,6090.0,6160.0,5900.0,5920.0,297897,0.0,0.0
2017-03-03 00:00:00+09:00,5900.0,5990.0,5800.0,5930.0,284395,0.0,0.0
2017-03-06 00:00:00+09:00,5860.0,6060.0,5850.0,6000.0,165919,0.0,0.0
2017-03-07 00:00:00+09:00,5950.0,6000.0,5870.0,6000.0,287262,0.0,0.0
2017-03-08 00:00:00+09:00,5960.0,5990.0,5880.0,5960.0,197697,0.0,0.0
2017-03-09 00:00:00+09:00,5960.0,6010.0,5890.0,5940.0,352158,0.0,0.0
2017-03-10 00:00:00+09:00,5910.0,6010.0,5770.0,5970.0,378690,0.0,0.0
2017-03-13 00:00:00+09:00,5970.0,6040.0,5860.0,5940.0,304595,0.0,0.0
2017-03-14 00:00:00+09:00,6050.0,6070.0,5950.0,6000.0,278529,0.0,0.0
2017-03-15 00:00:00+09:00,6040.0,6040.0,5910.0,6000.0,160770,0.0,0.0
2017-03-16 00:00:00+09:00,6030.0,6190.0,5960.0,6160.0,345200,0.0,0.0
2017-03-17 00:00:00+09:00,6160.0,6160.0,6070.0,6100.0,175288,0.0,0.0
2017-03-20 00:00:00+09:00,6130.0,6150.0,5950.0,5990.0,220778,0.0,0.0
2017-03-21 00:00:00+09:00,6020.0,6150.0,5960.0,6120.0,256460,0.0,0.0
2017-03-22 00:00:00+09:00,6090.0,6130.0,5990.0,6010.0,140396,0.0,0.0
2017-03-23 00:00:00+09:00,6050.0,6050.0,5900.0,6000.0,213840,0.0,0.0
2017-03-24 00:00:00+09:00,6020.0,6020.0,5940.0,6000.0,116335,0.0,0.0
2017-03-27 00:00:00+09:00,6000.0,6020.0,5860.0,5990.0,232294,0.0,0.0
2017-03-28 00:00:00+09:00,5990.0,5990.0,5870.0,5940.0,166508,0.0,0.0
2017-03-29 00:00:00+09:00,5940.0,5980.0,5860.0,5940.0,265190,0.0,0.0
2017-03-30 00:00:00+09:00,5900.0,5960.0,5850.0,5870.0,163767,0.0,0.0
2017-03-31 00:00:00+09:00,5840.0,5920.0,5790.0,5890.0,237654,0.0,0.0
2017-04-03 00:00:00+09:00,5840.0,5970.0,5800.0,5940.0,213937,0.0,0.0
2017-04-04 00:00:00+09:00,5900.0,5960.0,5810.0,5930.0,197602,0.0,0.0
2017-04-05 00:00:00+09:00,5900.0,5910.0,5800.0,5800.0,235502,0.0,0.0
2017-04-06 00:00:00+09:00,5810.0,5830.0,5550.0,5640.0,513892,0.0,0.0
2017-04-07 00:00:00+09:00,5650.0,5820.0,5590.0,5790.0,273757,0.0,0.0
2017-04-10 00:00:00+09:00,5800.0,5800.0,5490.0,5590.0,328898,0.0,0.0
2017-04-11 00:00:00+09:00,5590.0,5600.0,5480.0,5600.0,296047,0.0,0.0
2017-04-12 00:00:00+09:00,5740.0,5760.0,5610.0,5650.0,351354,0.0,0.0
2017-04-13 00:00:00+09:00,5710.0,5710.0,5570.0,5660.0,233609,0.0,0.0
2017-04-14 00:00:00+09:00,5630.0,5680.0,5580.0,5600.0,143721,0.0,0.0
2017-04-17 00:00:00+09:00,5600.0,5650.0,5570.0,5630.0,218207,0.0,0.0
2017-04-18 00:00:00+09:00,5650.0,6080.0,5620.0,5970.0,929692,0.0,0.0
2017-04-19 00:00:00+09:00,5940.0,6000.0,5890.0,5980.0,274000,0.0,0.0
2017-04-20 00:00:00+09:00,5950.0,6030.0,5920.0,6020.0,431689,0.0,0.0
2017-04-21 00:00:00+09:00,6040.0,6050.0,5870.0,5920.0,226302,0.0,0.0
2017-04-24 00:00:00+09:00,5980.0,5980.0,5780.0,5790.0,243009,0.0,0.0
2017-04-25 00:00:00+09:00,5830.0,5940.0,5790.0,5860.0,132030,0.0,0.0
2017-04-26 00:00:00+09:00,5910.0,6070.0,5910.0,6050.0,425056,0.0,0.0
2017-04-27 00:00:00+09:00,6090.0,6250.0,6050.0,6200.0,751661,0.0,0.0
2017-04-28 00:00:00+09:00,6180.0,6250.0,6020.0,6120.0,338556,0.0,0.0
2017-05-02 00:00:00+09:00,6190.0,6250.0,6100.0,6130.0,225940,0.0,0.0
2017-05-04 00:00:00+09:00,6130.0,6170.0,6040.0,6100.0,252188,0.0,0.0
2017-05-08 00:00:00+09:00,6100.0,6240.0,6080.0,6240.0,270550,0.0,0.0
2017-05-10 00:00:00+09:00,6240.0,6280.0,6160.0,6190.0,195739,0.0,0.0
2017-05-11 00:00:00+09:00,6280.0,6400.0,6200.0,6340.0,642829,0.0,0.0
2017-05-12 00:00:00+09:00,6290.0,6400.0,6250.0,6310.0,386638,0.0,0.0
2017-05-15 00:00:00+09:00,6390.0,6530.0,6350.0,6520.0,1136333,0.0,0.0
2017-05-16 00:00:00+09:00,6560.0,6580.0,6310.0,6400.0,576252,0.0,0.0
2017-05-17 00:00:00+09:00,6400.0,6470.0,6190.0,6260.0,576462,0.0,0.0
2017-05-18 00:00:00+09:00,6180.0,6390.0,6100.0,6390.0,423606,0.0,0.0
2017-05-19 00:00:00+09:00,6430.0,6450.0,6320.0,6350.0,271570,0.0,0.0
2017-05-22 00:00:00+09:00,6330.0,6520.0,6300.0,6520.0,653414,0.0,0.0
2017-05-23 00:00:00+09:00,6500.0,6600.0,6420.0,6420.0,432467,0.0,0.0
2017-05-24 00:00:00+09:00,6430.0,6580.0,6330.0,6450.0,506420,0.0,0.0
2017-05-25 00:00:00+09:00,6550.0,6640.0,6410.0,6420.0,430723,0.0,0.0
2017-05-26 00:00:00+09:00,6380.0,6440.0,6320.0,6350.0,332945,0.0,0.0
2017-05-29 00:00:00+09:00,6380.0,6570.0,6380.0,6520.0,630842,0.0,0.0
2017-05-30 00:00:00+09:00,6520.0,6580.0,6440.0,6550.0,403694,0.0,0.0
2017-05-31 00:00:00+09:00,6560.0,6640.0,6480.0,6500.0,283404,0.0,0.0
2017-06-01 00:00:00+09:00,6500.0,6510.0,6410.0,6500.0,264045,0.0,0.0
2017-06-02 00:00:00+09:00,6510.0,6590.0,6440.0,6490.0,297938,0.0,0.0
2017-06-05 00:00:00+09:00,6530.0,6530.0,6350.0,6360.0,429438,0.0,0.0
2017-06-07 00:00:00+09:00,6360.0,7050.0,6360.0,7020.0,3335230,0.0,0.0
2017-06-08 00:00:00+09:00,6950.0,7070.0,6870.0,7030.0,1115092,0.0,0.0
2017-06-09 00:00:00+09:00,7120.0,7150.0,6930.0,7060.0,601023,0.0,0.0
2017-06-12 00:00:00+09:00,7030.0,7470.0,7010.0,7110.0,2072187,0.0,0.0
2017-06-13 00:00:00+09:00,7220.0,7350.0,7120.0,7160.0,761011,0.0,0.0
2017-06-14 00:00:00+09:00,7210.0,7270.0,6980.0,7030.0,714162,0.0,0.0
2017-06-15 00:00:00+09:00,7070.0,7400.0,7070.0,7370.0,1480003,0.0,0.0
2017-06-16 00:00:00+09:00,7350.0,7470.0,7180.0,7400.0,651603,0.0,0.0
2017-06-19 00:00:00+09:00,7310.0,7350.0,7130.0,7340.0,662187,0.0,0.0
2017-06-20 00:00:00+09:00,7310.0,7310.0,7120.0,7140.0,533301,0.0,0.0
2017-06-21 00:00:00+09:00,7120.0,7310.0,7090.0,7230.0,646442,0.0,0.0
2017-06-22 00:00:00+09:00,7230.0,7240.0,7050.0,7080.0,474797,0.0,0.0
2017-06-23 00:00:00+09:00,7070.0,7260.0,7070.0,7210.0,454497,0.0,0.0
2017-06-26 00:00:00+09:00,7380.0,7530.0,7230.0,7260.0,1252357,0.0,0.0
2017-06-27 00:00:00+09:00,7200.0,7240.0,7090.0,7170.0,554429,0.0,0.0
2017-06-28 00:00:00+09:00,7180.0,7290.0,7090.0,7250.0,446415,0.0,0.0
2017-06-29 00:00:00+09:00,7310.0,7310.0,7070.0,7120.0,554958,0.0,0.0
2017-06-30 00:00:00+09:00,7150.0,7200.0,6850.0,6970.0,992456,0.0,0.0
2017-07-03 00:00:00+09:00,6970.0,7240.0,6970.0,7180.0,923580,0.0,0.0
2017-07-04 00:00:00+09:00,7290.0,7290.0,7020.0,7130.0,602940,0.0,0.0
2017-07-05 00:00:00+09:00,7130.0,7130.0,6930.0,7110.0,650152,0.0,0.0
2017-07-06 00:00:00+09:00,7120.0,7170.0,7030.0,7070.0,322051,0.0,0.0
2017-07-07 00:00:00+09:00,7070.0,7280.0,7010.0,7260.0,632586,0.0,0.0
2017-07-10 00:00:00+09:00,7260.0,7470.0,7220.0,7410.0,882720,0.0,0.0
2017-07-11 00:00:00+09:00,7360.0,7460.0,7240.0,7240.0,519643,0.0,0.0
2017-07-12 00:00:00+09:00,7190.0,7420.0,7090.0,7360.0,686073,0.0,0.0
2017-07-13 00:00:00+09:00,7410.0,7450.0,7270.0,7320.0,426416,0.0,0.0
2017-07-14 00:00:00+09:00,7300.0,7320.0,7160.0,7220.0,385203,0.0,0.0
2017-07-17 00:00:00+09:00,7230.0,7350.0,7180.0,7260.0,334622,0.0,0.0
2017-07-18 00:00:00+09:00,7320.0,7340.0,7130.0,7130.0,422308,0.0,0.0
2017-07-19 00:00:00+09:00,7120.0,7210.0,7080.0,7130.0,420454,0.0,0.0
2017-07-20 00:00:00+09:00,7200.0,7560.0,7160.0,7530.0,1774499,0.0,0.0
2017-07-21 00:00:00+09:00,7600.0,7810.0,7560.0,7770.0,1370102,0.0,0.0
2017-07-24 00:00:00+09:00,7830.0,8180.0,7720.0,8170.0,1753828,0.0,0.0
2017-07-25 00:00:00+09:00,8170.0,8350.0,8100.0,8130.0,1200164,0.0,0.0
2017-07-26 00:00:00+09:00,8200.0,8240.0,7850.0,7930.0,929658,0.0,0.0
2017-07-27 00:00:00+09:00,7990.0,8290.0,7930.0,8250.0,955774,0.0,0.0
2017-07-28 00:00:00+09:00,8250.0,8270.0,7880.0,7990.0,731516,0.0,0.0
2017-07-31 00:00:00+09:00,7900.0,8140.0,7670.0,8080.0,692672,0.0,0.0
2017-08-01 00:00:00+09:00,8130.0,8340.0,7990.0,7990.0,1009600,0.0,0.0
2017-08-02 00:00:00+09:00,8000.0,8300.0,7980.0,8300.0,1024842,0.0,0.0
2017-08-03 00:00:00+09:00,8380.0,8410.0,7860.0,7940.0,1190733,0.0,0.0
2017-08-04 00:00:00+09:00,7910.0,8050.0,7800.0,7990.0,438793,0.0,0.0
2017-08-07 00:00:00+09:00,8060.0,8330.0,7970.0,8260.0,764746,0.0,0.0
2017-08-08 00:00:00+09:00,8290.0,8300.0,8030.0,8140.0,565263,0.0,0.0
2017-08-09 00:00:00+09:00,8040.0,8240.0,7990.0,8030.0,704173,0.0,0.0
2017-08-10 00:00:00+09:00,7930.0,8070.0,7720.0,7870.0,723451,0.0,0.0
2017-08-11 00:00:00+09:00,7660.0,7840.0,7380.0,7450.0,1268105,0.0,0.0
2017-08-14 00:00:00+09:00,7510.0,7690.0,7470.0,7600.0,585639,0.0,0.0
2017-08-16 00:00:00+09:00,7620.0,7630.0,7360.0,7400.0,730347,0.0,0.0
2017-08-17 00:00:00+09:00,7400.0,7570.0,7320.0,7520.0,604718,0.0,0.0
2017-08-18 00:00:00+09:00,7420.0,7490.0,7350.0,7390.0,395606,0.0,0.0
2017-08-21 00:00:00+09:00,7380.0,7430.0,7120.0,7160.0,731637,0.0,0.0
2017-08-22 00:00:00+09:00,7160.0,7370.0,7150.0,7230.0,416400,0.0,0.0
2017-08-23 00:00:00+09:00,7250.0,7580.0,7210.0,7510.0,679047,0.0,0.0
2017-08-24 00:00:00+09:00,7290.0,7290.0,6710.0,7170.0,2551975,0.0,0.0
2017-08-25 00:00:00+09:00,7180.0,7180.0,6630.0,6670.0,1928272,0.0,0.0
2017-08-28 00:00:00+09:00,6580.0,6670.0,6310.0,6330.0,1762059,0.0,0.0
2017-08-29 00:00:00+09:00,6350.0,6540.0,6340.0,6430.0,1020858,0.0,0.0
2017-08-30 00:00:00+09:00,6420.0,6460.0,6350.0,6380.0,331091,0.0,0.0
2017-08-31 00:00:00+09:00,6390.0,6400.0,6160.0,6300.0,873932,0.0,0.0
2017-09-01 00:00:00+09:00,6310.0,6730.0,6310.0,6550.0,1460706,0.0,0.0
2017-09-04 00:00:00+09:00,6280.0,6680.0,6280.0,6470.0,702780,0.0,0.0
2017-09-05 00:00:00+09:00,6470.0,6530.0,6260.0,6360.0,525309,0.0,0.0
2017-09-06 00:00:00+09:00,6400.0,6490.0,6360.0,6420.0,321266,0.0,0.0
2017-09-07 00:00:00+09:00,6460.0,6620.0,6450.0,6570.0,384205,0.0,0.0
2017-09-08 00:00:00+09:00,6570.0,6620.0,6450.0,6450.0,281796,0.0,0.0
2017-09-11 00:00:00+09:00,6440.0,6590.0,6440.0,6550.0,270323,0.0,0.0
2017-09-12 00:00:00+09:00,6630.0,6750.0,6460.0,6700.0,483899,0.0,0.0
2017-09-13 00:00:00+09:00,6930.0,7010.0,6840.0,6880.0,787328,0.0,0.0
2017-09-14 00:00:00+09:00,6950.0,6950.0,6750.0,6910.0,385506,0.0,0.0
2017-09-15 00:00:00+09:00,6890.0,6920.0,6730.0,6770.0,472927,0.0,0.0
2017-09-18 00:00:00+09:00,6760.0,6850.0,6710.0,6810.0,310169,0.0,0.0
2017-09-19 00:00:00+09:00,6780.0,6880.0,6710.0,6880.0,366581,0.0,0.0
2017-09-20 00:00:00+09:00,6920.0,6970.0,6770.0,6810.0,605722,0.0,0.0
2017-09-21 00:00:00+09:00,6790.0,6830.0,6620.0,6620.0,358515,0.0,0.0
2017-09-25 00:00:00+09:00,6500.0,6710.0,6500.0,6660.0,345381,0.0,0.0
2017-09-26 00:00:00+09:00,6590.0,6700.0,6550.0,6650.0,223898,0.0,0.0
2017-09-27 00:00:00+09:00,6700.0,6780.0,6590.0,6770.0,382692,0.0,0.0
2017-09-28 00:00:00+09:00,6790.0,6810.0,6670.0,6680.0,294634,0.0,0.0
2017-09-29 00:00:00+09:00,6720.0,6810.0,6680.0,6720.0,306004,0.0,0.0
2017-10-10 00:00:00+09:00,6750.0,6770.0,6550.0,6560.0,274554,0.0,0.0
2017-10-11 00:00:00+09:00,6550.0,6650.0,6500.0,6510.0,432635,0.0,0.0
2017-10-12 00:00:00+09:00,6520.0,6530.0,6320.0,6380.0,493208,0.0,0.0
2017-10-13 00:00:00+09:00,6490.0,6580.0,6350.0,6350.0,411626,0.0,0.0
2017-10-16 00:00:00+09:00,6420.0,6480.0,6340.0,6440.0,277347,0.0,0.0
2017-10-17 00:00:00+09:00,6440.0,6540.0,6280.0,6320.0,375550,0.0,0.0
2017-10-18 00:00:00+09:00,6320.0,6360.0,6170.0,6210.0,295130,0.0,0.0
2017-10-19 00:00:00+09:00,6250.0,6590.0,6240.0,6580.0,537769,0.0,0.0
2017-10-20 00:00:00+09:00,6580.0,6630.0,6450.0,6580.0,230072,0.0,0.0
2017-10-23 00:00:00+09:00,6530.0,6610.0,6470.0,6480.0,135076,0.0,0.0
2017-10-24 00:00:00+09:00,6450.0,6620.0,6440.0,6470.0,286197,0.0,0.0
2017-10-25 00:00:00+09:00,6480.0,6690.0,6440.0,6490.0,427566,0.0,0.0
2017-10-26 00:00:00+09:00,6540.0,6540.0,6400.0,6460.0,208121,0.0,0.0
2017-10-27 00:00:00+09:00,6450.0,6510.0,6410.0,6460.0,166916,0.0,0.0
2017-10-30 00:00:00+09:00,6520.0,6520.0,6320.0,6360.0,357522,0.0,0.0
2017-10-31 00:00:00+09:00,6380.0,6850.0,6280.0,6780.0,1224236,0.0,0.0
2017-11-01 00:00:00+09:00,6770.0,6860.0,6660.0,6720.0,406006,0.0,0.0
2017-11-02 00:00:00+09:00,6750.0,6860.0,6640.0,6800.0,281247,0.0,0.0
2017-11-03 00:00:00+09:00,6780.0,6930.0,6720.0,6920.0,356275,0.0,0.0
2017-11-06 00:00:00+09:00,6930.0,7020.0,6880.0,6940.0,260704,0.0,0.0
2017-11-07 00:00:00+09:00,6940.0,6950.0,6850.0,6870.0,169403,0.0,0.0
2017-11-08 00:00:00+09:00,6870.0,7190.0,6850.0,7100.0,915933,0.0,0.0
2017-11-09 00:00:00+09:00,7050.0,7150.0,7040.0,7060.0,312058,0.0,0.0
2017-11-10 00:00:00+09:00,7050.0,7190.0,6900.0,7070.0,395316,0.0,0.0
2017-11-13 00:00:00+09:00,7170.0,7390.0,7080.0,7360.0,720392,0.0,0.0
2017-11-14 00:00:00+09:00,7380.0,7480.0,7270.0,7310.0,574057,0.0,0.0
2017-11-15 00:00:00+09:00,7330.0,7470.0,7240.0,7410.0,665146,0.0,0.0
2017-11-16 00:00:00+09:00,7490.0,7530.0,7320.0,7340.0,393310,0.0,0.0
2017-11-17 00:00:00+09:00,7380.0,7490.0,7270.0,7330.0,432182,0.0,0.0
2017-11-20 00:00:00+09:00,7380.0,7470.0,7250.0,7270.0,388645,0.0,0.0
2017-11-21 00:00:00+09:00,7260.0,7550.0,7150.0,7160.0,1001879,0.0,0.0
2017-11-22 00:00:00+09:00,7170.0,7450.0,7140.0,7380.0,845599,0.0,0.0
2017-11-23 00:00:00+09:00,7410.0,7440.0,7280.0,7300.0,376640,0.0,0.0
2017-11-24 00:00:00+09:00,7290.0,7470.0,7220.0,7390.0,622148,0.0,0.0
2017-11-27 00:00:00+09:00,7380.0,7440.0,7290.0,7390.0,541555,0.0,0.0
2017-11-28 00:00:00+09:00,7420.0,7420.0,7040.0,7040.0,704849,0.0,0.0
2017-11-29 00:00:00+09:00,7040.0,7200.0,7030.0,7090.0,413636,0.0,0.0
2017-11-30 00:00:00+09:00,7060.0,7180.0,6860.0,6860.0,419726,0.0,0.0
2017-12-01 00:00:00+09:00,6930.0,7150.0,6860.0,7140.0,317487,0.0,0.0
2017-12-04 00:00:00+09:00,7140.0,7240.0,7060.0,7080.0,314273,0.0,0.0
2017-12-05 00:00:00+09:00,7130.0,7160.0,7000.0,7040.0,308031,0.0,0.0
2017-12-06 00:00:00+09:00,7030.0,7120.0,6920.0,6930.0,258652,0.0,0.0
2017-12-07 00:00:00+09:00,6960.0,7120.0,6700.0,6750.0,433581,0.0,0.0
2017-12-08 00:00:00+09:00,6770.0,6860.0,6720.0,6750.0,233834,0.0,0.0
2017-12-11 00:00:00+09:00,6700.0,6990.0,6700.0,6970.0,188137,0.0,0.0
2017-12-12 00:00:00+09:00,7080.0,7080.0,6900.0,6900.0,218046,0.0,0.0
2017-12-13 00:00:00+09:00,6900.0,7020.0,6860.0,6930.0,189086,0.0,0.0
2017-12-14 00:00:00+09:00,6980.0,7190.0,6920.0,7150.0,549558,0.0,0.0
2017-12-15 00:00:00+09:00,7170.0,7320.0,7090.0,7320.0,468789,0.0,0.0
2017-12-18 00:00:00+09:00,7360.0,7390.0,7260.0,7390.0,433138,0.0,0.0
2017-12-19 00:00:00+09:00,7390.0,7400.0,7230.0,7400.0,455404,0.0,0.0
2017-12-21 00:00:00+09:00,7140.0,7280.0,7010.0,7010.0,376036,0.0,0.0
2017-12-22 00:00:00+09:00,7010.0,7180.0,7000.0,7080.0,205413,0.0,0.0
2017-12-26 00:00:00+09:00,7120.0,7120.0,6950.0,6970.0,288395,0.0,0.0
2017-12-27 00:00:00+09:00,6970.0,7240.0,6930.0,7170.0,371102,0.0,0.0
2017-12-28 00:00:00+09:00,7170.0,7250.0,7100.0,7160.0,214783,0.0,0.0
2018-01-02 00:00:00+09:00,7180.0,7230.0,7040.0,7090.0,335444,0.0,0.0
2018-01-03 00:00:00+09:00,7150.0,7390.0,7040.0,7390.0,722887,0.0,0.0
2018-01-04 00:00:00+09:00,7430.0,7490.0,7270.0,7330.0,579744,0.0,0.0
2018-01-05 00:00:00+09:00,7280.0,7420.0,7230.0,7300.0,443512,0.0,0.0
2018-01-08 00:00:00+09:00,7330.0,7880.0,7330.0,7800.0,2568286,0.0,0.0
2018-01-09 00:00:00+09:00,7780.0,7860.0,7660.0,7780.0,762480,0.0,0.0
2018-01-10 00:00:00+09:00,7830.0,7920.0,7580.0,7780.0,646453,0.0,0.0
2018-01-11 00:00:00+09:00,7780.0,7990.0,7700.0,7820.0,716105,0.0,0.0
2018-01-12 00:00:00+09:00,7860.0,7870.0,7590.0,7650.0,603536,0.0,0.0
2018-01-15 00:00:00+09:00,7710.0,8080.0,7710.0,7850.0,1688707,0.0,0.0
2018-01-16 00:00:00+09:00,7900.0,8180.0,7890.0,8130.0,1416639,0.0,0.0
2018-01-17 00:00:00+09:00,8140.0,8180.0,8030.0,8030.0,562297,0.0,0.0
2018-01-18 00:00:00+09:00,8090.0,8100.0,7980.0,8010.0,421222,0.0,0.0
2018-01-19 00:00:00+09:00,7990.0,8120.0,7950.0,8040.0,376214,0.0,0.0
2018-01-22 00:00:00+09:00,8100.0,8220.0,7900.0,8000.0,573653,0.0,0.0
2018-01-23 00:00:00+09:00,8070.0,8120.0,7950.0,8060.0,341554,0.0,0.0
2018-01-24 00:00:00+09:00,8120.0,8120.0,7980.0,7980.0,387516,0.0,0.0
2018-01-25 00:00:00+09:00,7980.0,8060.0,7920.0,8020.0,276506,0.0,0.0
2018-01-26 00:00:00+09:00,8050.0,8050.0,7800.0,7880.0,681551,0.0,0.0
2018-01-29 00:00:00+09:00,7990.0,8350.0,7970.0,8150.0,1313478,0.0,0.0
2018-01-30 00:00:00+09:00,8200.0,8220.0,8040.0,8060.0,479089,0.0,0.0
2018-01-31 00:00:00+09:00,7990.0,8030.0,7790.0,7810.0,637185,0.0,0.0
2018-02-01 00:00:00+09:00,7840.0,7880.0,7570.0,7810.0,559779,0.0,0.0
2018-02-02 00:00:00+09:00,7830.0,7860.0,7530.0,7710.0,491403,0.0,0.0
2018-02-05 00:00:00+09:00,7590.0,7640.0,7480.0,7520.0,430044,0.0,0.0
2018-02-07 00:00:00+09:00,7580.0,7600.0,7370.0,7380.0,550873,0.0,0.0
2018-02-08 00:00:00+09:00,7330.0,7620.0,7330.0,7530.0,326067,0.0,0.0
2018-02-09 00:00:00+09:00,7280.0,7470.0,7280.0,7400.0,268268,0.0,0.0
2018-02-12 00:00:00+09:00,7550.0,7590.0,7400.0,7400.0,269369,0.0,0.0
2018-02-13 00:00:00+09:00,7510.0,7540.0,7330.0,7360.0,263173,0.0,0.0
2018-02-14 00:00:00+09:00,7420.0,7470.0,7330.0,7440.0,153469,0.0,0.0
2018-02-19 00:00:00+09:00,7490.0,7560.0,7450.0,7510.0,200352,0.0,0.0
2018-02-20 00:00:00+09:00,7550.0,7550.0,7450.0,7450.0,162645,0.0,0.0
2018-02-21 00:00:00+09:00,7410.0,7470.0,7330.0,7370.0,294776,0.0,0.0
2018-02-22 00:00:00+09:00,7370.0,7420.0,7300.0,7330.0,160690,0.0,0.0
2018-02-23 00:00:00+09:00,7350.0,7450.0,7330.0,7380.0,156459,0.0,0.0
2018-02-26 00:00:00+09:00,7400.0,7430.0,7250.0,7270.0,178058,0.0,0.0
2018-02-27 00:00:00+09:00,7320.0,7330.0,7150.0,7310.0,209904,0.0,0.0
2018-02-28 00:00:00+09:00,7190.0,7240.0,6970.0,7050.0,791083,0.0,0.0
2018-03-07 00:00:00+09:00,6970.0,7100.0,6840.0,6940.0,175158,0.0,0.0
2018-03-08 00:00:00+09:00,6960.0,7150.0,6950.0,7140.0,160121,0.0,0.0
2018-03-09 00:00:00+09:00,7120.0,7190.0,7080.0,7170.0,156600,0.0,0.0
2018-03-12 00:00:00+09:00,7180.0,7200.0,7080.0,7200.0,218487,0.0,0.0
2018-03-13 00:00:00+09:00,7200.0,7290.0,7180.0,7220.0,163712,0.0,0.0
2018-03-14 00:00:00+09:00,7210.0,7380.0,7080.0,7360.0,302841,0.0,0.0
2018-03-15 00:00:00+09:00,7380.0,7380.0,7250.0,7300.0,152061,0.0,0.0
2018-03-16 00:00:00+09:00,7250.0,7320.0,7170.0,7320.0,193709,0.0,0.0
2018-03-19 00:00:00+09:00,7320.0,7320.0,7210.0,7210.0,113547,0.0,0.0
2018-03-20 00:00:00+09:00,7190.0,7200.0,7070.0,7090.0,160718,0.0,0.0
2018-03-21 00:00:00+09:00,7090.0,7180.0,7020.0,7080.0,160094,0.0,0.0
2018-03-22 00:00:00+09:00,7190.0,7190.0,7010.0,7040.0,211077,0.0,0.0
2018-03-23 00:00:00+09:00,6950.0,6980.0,6650.0,6730.0,385542,0.0,0.0
2018-03-26 00:00:00+09:00,6730.0,6740.0,6530.0,6720.0,324523,0.0,0.0
2018-03-27 00:00:00+09:00,6810.0,6880.0,6750.0,6840.0,156347,0.0,0.0
2018-03-28 00:00:00+09:00,6890.0,6890.0,6670.0,6720.0,195435,0.0,0.0
2018-03-29 00:00:00+09:00,6720.0,6800.0,6580.0,6780.0,293836,0.0,0.0
2018-03-30 00:00:00+09:00,6810.0,7010.0,6780.0,6910.0,165716,0.0,0.0
2018-04-02 00:00:00+09:00,7010.0,7070.0,6880.0,7050.0,209944,0.0,0.0
2018-04-03 00:00:00+09:00,6980.0,7430.0,6930.0,7430.0,732011,0.0,0.0
2018-04-04 00:00:00+09:00,7500.0,7670.0,7280.0,7340.0,543988,0.0,0.0
2018-04-05 00:00:00+09:00,7350.0,7780.0,7340.0,7680.0,1300796,0.0,0.0
2018-04-06 00:00:00+09:00,7780.0,7820.0,7500.0,7540.0,550502,0.0,0.0
2018-04-09 00:00:00+09:00,7440.0,7510.0,7250.0,7260.0,382732,0.0,0.0
2018-04-10 00:00:00+09:00,7210.0,7610.0,7200.0,7540.0,738267,0.0,0.0
2018-04-11 00:00:00+09:00,7550.0,7640.0,7440.0,7470.0,359997,0.0,0.0
2018-04-12 00:00:00+09:00,7480.0,7560.0,7390.0,7400.0,268554,0.0,0.0
2018-04-13 00:00:00+09:00,7520.0,7520.0,7350.0,7360.0,260001,0.0,0.0
2018-04-16 00:00:00+09:00,7380.0,7770.0,7370.0,7760.0,1238693,0.0,0.0
2018-04-17 00:00:00+09:00,7790.0,7790.0,7610.0,7640.0,507175,0.0,0.0
2018-04-18 00:00:00+09:00,7610.0,7690.0,7470.0,7540.0,476722,0.0,0.0
2018-04-19 00:00:00+09:00,7540.0,7840.0,7380.0,7700.0,1149774,0.0,0.0
2018-04-20 00:00:00+09:00,7760.0,7790.0,7550.0,7610.0,501367,0.0,0.0
2018-04-23 00:00:00+09:00,7660.0,7670.0,7480.0,7500.0,365902,0.0,0.0
2018-04-24 00:00:00+09:00,7510.0,7540.0,7390.0,7440.0,320503,0.0,0.0
2018-04-25 00:00:00+09:00,7500.0,7740.0,7380.0,7400.0,611845,0.0,0.0
2018-04-26 00:00:00+09:00,7480.0,7560.0,7360.0,7420.0,204217,0.0,0.0
2018-04-27 00:00:00+09:00,7450.0,7600.0,7350.0,7600.0,446137,0.0,0.0
2018-04-30 00:00:00+09:00,7830.0,8110.0,7710.0,7980.0,2929861,0.0,0.0
2018-05-02 00:00:00+09:00,7850.0,8140.0,7700.0,8080.0,1668224,0.0,0.0
2018-05-03 00:00:00+09:00,7980.0,8080.0,7850.0,7930.0,828028,0.0,0.0
2018-05-04 00:00:00+09:00,7940.0,8140.0,7770.0,7910.0,1010022,0.0,0.0
2018-05-08 00:00:00+09:00,8020.0,8820.0,7930.0,8100.0,4469552,0.0,0.0
2018-05-09 00:00:00+09:00,8170.0,8280.0,7810.0,8190.0,1425385,0.0,0.0
2018-05-10 00:00:00+09:00,8220.0,8310.0,7970.0,8070.0,880170,0.0,0.0
2018-05-11 00:00:00+09:00,8110.0,8270.0,7920.0,8250.0,852849,0.0,0.0
2018-05-14 00:00:00+09:00,8460.0,8590.0,8300.0,8330.0,1762811,0.0,0.0
2018-05-15 00:00:00+09:00,8370.0,8750.0,8170.0,8640.0,1871309,0.0,0.0
2018-05-16 00:00:00+09:00,8320.0,8740.0,8130.0,8200.0,2789881,0.0,0.0
2018-05-17 00:00:00+09:00,8150.0,8750.0,8110.0,8510.0,2234593,0.0,0.0
2018-05-18 00:00:00+09:00,8590.0,8620.0,8380.0,8530.0,888665,0.0,0.0
2018-05-21 00:00:00+09:00,8570.0,8630.0,8380.0,8420.0,749917,0.0,0.0
2018-05-23 00:00:00+09:00,8280.0,8590.0,8230.0,8560.0,1082843,0.0,0.0
2018-05-24 00:00:00+09:00,8560.0,8560.0,8250.0,8300.0,935533,0.0,0.0
2018-05-25 00:00:00+09:00,7810.0,8110.0,7800.0,8060.0,1027479,0.0,0.0
2018-05-28 00:00:00+09:00,8380.0,9160.0,8320.0,8700.0,3517549,0.0,0.0
2018-05-29 00:00:00+09:00,8630.0,8640.0,8320.0,8340.0,1311084,0.0,0.0
2018-05-30 00:00:00+09:00,8390.0,8510.0,8080.0,8240.0,1470153,0.0,0.0
2018-05-31 00:00:00+09:00,8320.0,8480.0,8090.0,8130.0,1023066,0.0,0.0
2018-06-01 00:00:00+09:00,8150.0,8180.0,7870.0,8050.0,866481,0.0,0.0
2018-06-04 00:00:00+09:00,8310.0,8340.0,8130.0,8220.0,829529,0.0,0.0
2018-06-05 00:00:00+09:00,8180.0,8300.0,8120.0,8300.0,443242,0.0,0.0
2018-06-07 00:00:00+09:00,8360.0,8360.0,8180.0,8180.0,532646,0.0,0.0
2018-06-08 00:00:00+09:00,8230.0,8230.0,7870.0,7880.0,761351,0.0,0.0
2018-06-11 00:00:00+09:00,7900.0,7990.0,7750.0,7950.0,510017,0.0,0.0
2018-06-12 00:00:00+09:00,7990.0,8010.0,7710.0,7800.0,504114,0.0,0.0
2018-06-14 00:00:00+09:00,7720.0,7770.0,7570.0,7610.0,508774,0.0,0.0
2018-06-15 00:00:00+09:00,7610.0,7720.0,7590.0,7610.0,300789,0.0,0.0
2018-06-18 00:00:00+09:00,7550.0,7700.0,7220.0,7360.0,504575,0.0,0.0
2018-06-19 00:00:00+09:00,7370.0,7480.0,7170.0,7170.0,326363,0.0,0.0
2018-06-20 00:00:00+09:00,7090.0,7520.0,7080.0,7500.0,427800,0.0,0.0
2018-06-21 00:00:00+09:00,7430.0,7520.0,7250.0,7300.0,195734,0.0,0.0
2018-06-22 00:00:00+09:00,7290.0,7320.0,7130.0,7220.0,216417,0.0,0.0
2018-06-25 00:00:00+09:00,7200.0,7500.0,7200.0,7400.0,225919,0.0,0.0
2018-06-26 00:00:00+09:00,7320.0,7440.0,7160.0,7250.0,251125,0.0,0.0
2018-06-27 00:00:00+09:00,7320.0,7320.0,7050.0,7070.0,300492,0.0,0.0
2018-06-28 00:00:00+09:00,7070.0,7180.0,6930.0,7010.0,264748,0.0,0.0
2018-06-29 00:00:00+09:00,7060.0,7260.0,6950.0,7250.0,262370,0.0,0.0
2018-07-02 00:00:00+09:00,7320.0,7340.0,6980.0,7080.0,343999,0.0,0.0
2018-07-03 00:00:00+09:00,7030.0,7220.0,7010.0,7050.0,297312,0.0,0.0
2018-07-04 00:00:00+09:00,7020.0,7110.0,7000.0,7060.0,95310,0.0,0.0
2018-07-05 00:00:00+09:00,7070.0,7110.0,6780.0,6900.0,332856,0.0,0.0
2018-07-06 00:00:00+09:00,6900.0,7050.0,6770.0,7040.0,247884,0.0,0.0
2018-07-09 00:00:00+09:00,7050.0,7050.0,6920.0,6980.0,140676,0.0,0.0
2018-07-10 00:00:00+09:00,7090.0,7170.0,7030.0,7050.0,184057,0.0,0.0
2018-07-11 00:00:00+09:00,7050.0,7130.0,6940.0,7070.0,136878,0.0,0.0
2018-07-12 00:00:00+09:00,7070.0,7230.0,7070.0,7230.0,180753,0.0,0.0
2018-07-13 00:00:00+09:00,7200.0,7260.0,7160.0,7230.0,196088,0.0,0.0
2018-07-16 00:00:00+09:00,7230.0,7310.0,7060.0,7300.0,168653,0.0,0.0
2018-07-17 00:00:00+09:00,7300.0,7310.0,7170.0,7180.0,105856,0.0,0.0
2018-07-18 00:00:00+09:00,7210.0,7210.0,6930.0,7010.0,251614,0.0,0.0
2018-07-19 00:00:00+09:00,7000.0,7060.0,6820.0,6850.0,245652,0.0,0.0
2018-07-20 00:00:00+09:00,6800.0,6960.0,6790.0,6900.0,142059,0.0,0.0
2018-07-23 00:00:00+09:00,6860.0,6900.0,6540.0,6660.0,304431,0.0,0.0
2018-07-24 00:00:00+09:00,6570.0,6840.0,6570.0,6780.0,207356,0.0,0.0
2018-07-25 00:00:00+09:00,6810.0,6990.0,6800.0,6890.0,282034,0.0,0.0
2018-07-26 00:00:00+09:00,6910.0,7160.0,6880.0,7100.0,265719,0.0,0.0
2018-07-27 00:00:00+09:00,7110.0,7160.0,7060.0,7150.0,214572,0.0,0.0
2018-07-30 00:00:00+09:00,7200.0,7460.0,7190.0,7390.0,627252,0.0,0.0
2018-07-31 00:00:00+09:00,7390.0,7400.0,7150.0,7190.0,297614,0.0,0.0
2018-08-01 00:00:00+09:00,7190.0,7570.0,7190.0,7520.0,679977,0.0,0.0
2018-08-02 00:00:00+09:00,7500.0,7560.0,7340.0,7400.0,230261,0.0,0.0
2018-08-03 00:00:00+09:00,7470.0,7610.0,7370.0,7610.0,318995,0.0,0.0
2018-08-06 00:00:00+09:00,7680.0,7720.0,7580.0,7660.0,399202,0.0,0.0
2018-08-07 00:00:00+09:00,7700.0,7700.0,7480.0,7500.0,201360,0.0,0.0
2018-08-08 00:00:00+09:00,7580.0,7580.0,7390.0,7440.0,207420,0.0,0.0
2018-08-09 00:00:00+09:00,7490.0,7570.0,7340.0,7570.0,362602,0.0,0.0
2018-08-10 00:00:00+09:00,7570.0,7610.0,7400.0,7430.0,260385,0.0,0.0
2018-08-13 00:00:00+09:00,7390.0,7410.0,7270.0,7300.0,292847,0.0,0.0
2018-08-14 00:00:00+09:00,7410.0,7690.0,7390.0,7520.0,513392,0.0,0.0
2018-08-16 00:00:00+09:00,7550.0,7660.0,7430.0,7600.0,311048,0.0,0.0
2018-08-17 00:00:00+09:00,7670.0,7670.0,7480.0,7570.0,283758,0.0,0.0
2018-08-20 00:00:00+09:00,7640.0,7950.0,7610.0,7950.0,892066,0.0,0.0
2018-08-21 00:00:00+09:00,8050.0,8050.0,7820.0,7910.0,669620,0.0,0.0
2018-08-22 00:00:00+09:00,8050.0,8080.0,7900.0,8020.0,842622,0.0,0.0
2018-08-23 00:00:00+09:00,8020.0,8020.0,7690.0,7790.0,912551,0.0,0.0
2018-08-24 00:00:00+09:00,7570.0,7730.0,7520.0,7700.0,888007,0.0,0.0
2018-08-27 00:00:00+09:00,7700.0,7700.0,7560.0,7570.0,473408,0.0,0.0
2018-08-28 00:00:00+09:00,7570.0,7740.0,7500.0,7630.0,468692,0.0,0.0
2018-08-29 00:00:00+09:00,7670.0,7700.0,7520.0,7520.0,260304,0.0,0.0
2018-08-30 00:00:00+09:00,7610.0,7680.0,7500.0,7530.0,242361,0.0,0.0
2018-08-31 00:00:00+09:00,7540.0,7570.0,7490.0,7510.0,172457,0.0,0.0
2018-09-03 00:00:00+09:00,7530.0,7750.0,7530.0,7750.0,468267,0.0,0.0
2018-09-04 00:00:00+09:00,7770.0,7780.0,7180.0,7320.0,1788462,0.0,0.0
2018-09-05 00:00:00+09:00,7330.0,7470.0,7310.0,7340.0,419867,0.0,0.0
2018-09-06 00:00:00+09:00,7350.0,7380.0,7170.0,7170.0,358734,0.0,0.0
2018-09-07 00:00:00+09:00,7190.0,7270.0,7080.0,7170.0,321653,0.0,0.0
2018-09-10 00:00:00+09:00,7180.0,7370.0,7180.0,7310.0,237799,0.0,0.0
2018-09-11 00:00:00+09:00,7290.0,7350.0,7220.0,7270.0,208164,0.0,0.0
2018-09-12 00:00:00+09:00,7320.0,7330.0,7120.0,7200.0,281809,0.0,0.0
2018-09-13 00:00:00+09:00,7200.0,7260.0,7180.0,7220.0,165777,0.0,0.0
2018-09-14 00:00:00+09:00,7260.0,7270.0,7170.0,7210.0,231135,0.0,0.0
2018-09-17 00:00:00+09:00,7250.0,7250.0,7130.0,7140.0,245128,0.0,0.0
2018-09-18 00:00:00+09:00,7110.0,7180.0,7040.0,7050.0,328191,0.0,0.0
2018-09-19 00:00:00+09:00,7050.0,7260.0,7050.0,7090.0,226446,0.0,0.0
2018-09-20 00:00:00+09:00,7190.0,7190.0,7050.0,7120.0,170947,0.0,0.0
2018-09-21 00:00:00+09:00,7120.0,7220.0,7100.0,7170.0,213471,0.0,0.0
2018-09-27 00:00:00+09:00,7180.0,7200.0,7060.0,7080.0,216738,0.0,0.0
2018-09-28 00:00:00+09:00,7090.0,7170.0,7090.0,7110.0,114019,0.0,0.0
2018-10-01 00:00:00+09:00,7150.0,7160.0,7100.0,7130.0,126247,0.0,0.0
2018-10-02 00:00:00+09:00,7220.0,7220.0,7130.0,7140.0,245007,0.0,0.0
2018-10-04 00:00:00+09:00,7160.0,7160.0,6940.0,6960.0,355629,0.0,0.0
2018-10-05 00:00:00+09:00,6900.0,7040.0,6800.0,6870.0,225908,0.0,0.0
2018-10-08 00:00:00+09:00,6940.0,7020.0,6870.0,6930.0,184743,0.0,0.0
2018-10-10 00:00:00+09:00,6880.0,7150.0,6820.0,6960.0,380203,0.0,0.0
2018-10-11 00:00:00+09:00,6750.0,7020.0,6610.0,6610.0,560965,0.0,0.0
2018-10-12 00:00:00+09:00,6460.0,6810.0,6460.0,6650.0,321499,0.0,0.0
2018-10-15 00:00:00+09:00,6660.0,6860.0,6650.0,6690.0,185499,0.0,0.0
2018-10-16 00:00:00+09:00,6660.0,6750.0,6660.0,6710.0,151091,0.0,0.0
2018-10-17 00:00:00+09:00,6800.0,6880.0,6720.0,6760.0,153504,0.0,0.0
2018-10-18 00:00:00+09:00,6760.0,6810.0,6670.0,6700.0,97356,0.0,0.0
2018-10-19 00:00:00+09:00,6650.0,6650.0,6500.0,6640.0,193015,0.0,0.0
2018-10-22 00:00:00+09:00,6650.0,6680.0,6580.0,6640.0,82652,0.0,0.0
2018-10-23 00:00:00+09:00,6630.0,6640.0,6290.0,6300.0,303346,0.0,0.0
2018-10-24 00:00:00+09:00,6320.0,6360.0,5950.0,5970.0,461604,0.0,0.0
2018-10-25 00:00:00+09:00,5690.0,5900.0,5650.0,5860.0,387752,0.0,0.0
2018-10-26 00:00:00+09:00,5910.0,5950.0,5470.0,5590.0,393014,0.0,0.0
2018-10-29 00:00:00+09:00,5510.0,5750.0,5400.0,5400.0,362144,0.0,0.0
2018-10-30 00:00:00+09:00,5160.0,5640.0,5160.0,5590.0,316420,0.0,0.0
2018-10-31 00:00:00+09:00,5680.0,5720.0,5400.0,5670.0,191912,0.0,0.0
2018-11-01 00:00:00+09:00,5700.0,5890.0,5680.0,5700.0,225464,0.0,0.0
2018-11-02 00:00:00+09:00,5800.0,5950.0,5800.0,5950.0,185106,0.0,0.0
2018-11-05 00:00:00+09:00,5950.0,5990.0,5780.0,5940.0,158710,0.0,0.0
2018-11-06 00:00:00+09:00,5990.0,6030.0,5900.0,5980.0,146561,0.0,0.0
2018-11-07 00:00:00+09:00,6020.0,6150.0,5890.0,5950.0,202798,0.0,0.0
2018-11-08 00:00:00+09:00,6010.0,6370.0,6010.0,6300.0,367225,0.0,0.0
2018-11-09 00:00:00+09:00,6310.0,6330.0,6170.0,6230.0,128793,0.0,0.0
2018-11-12 00:00:00+09:00,6240.0,6240.0,6110.0,6110.0,149811,0.0,0.0
2018-11-13 00:00:00+09:00,6010.0,6090.0,5940.0,6090.0,140152,0.0,0.0
2018-11-14 00:00:00+09:00,5990.0,6090.0,5900.0,5930.0,227115,0.0,0.0
2018-11-15 00:00:00+09:00,5980.0,6030.0,5880.0,5990.0,167500,0.0,0.0
2018-11-16 00:00:00+09:00,5970.0,6270.0,5970.0,6190.0,231740,0.0,0.0
2018-11-19 00:00:00+09:00,6240.0,6340.0,6190.0,6250.0,131642,0.0,0.0
2018-11-20 00:00:00+09:00,6150.0,6360.0,6150.0,6290.0,189887,0.0,0.0
2018-11-21 00:00:00+09:00,6200.0,6330.0,6190.0,6270.0,119930,0.0,0.0
2018-11-22 00:00:00+09:00,6300.0,6540.0,6300.0,6340.0,298258,0.0,0.0
2018-11-23 00:00:00+09:00,6350.0,6490.0,6280.0,6320.0,259257,0.0,0.0
2018-11-26 00:00:00+09:00,6280.0,6440.0,6280.0,6310.0,129056,0.0,0.0
2018-11-27 00:00:00+09:00,6310.0,6410.0,6310.0,6310.0,204600,0.0,0.0
2018-11-28 00:00:00+09:00,6370.0,6530.0,6350.0,6490.0,359266,0.0,0.0
2018-11-29 00:00:00+09:00,6580.0,6580.0,6460.0,6480.0,225673,0.0,0.0
2018-11-30 00:00:00+09:00,6480.0,6490.0,6330.0,6380.0,169351,0.0,0.0
2018-12-03 00:00:00+09:00,6410.0,6560.0,6390.0,6530.0,245818,0.0,0.0
2018-12-04 00:00:00+09:00,6520.0,6710.0,6470.0,6700.0,382845,0.0,0.0
2018-12-05 00:00:00+09:00,6610.0,6940.0,6520.0,6860.0,678957,0.0,0.0
2018-12-06 00:00:00+09:00,6860.0,6980.0,6750.0,6750.0,375711,0.0,0.0
2018-12-07 00:00:00+09:00,6830.0,6920.0,6750.0,6890.0,297706,0.0,0.0
2018-12-10 00:00:00+09:00,6760.0,7130.0,6760.0,6940.0,841814,0.0,0.0
2018-12-11 00:00:00+09:00,6920.0,7000.0,6750.0,6760.0,431451,0.0,0.0
2018-12-12 00:00:00+09:00,6760.0,6880.0,6740.0,6880.0,331489,0.0,0.0
2018-12-13 00:00:00+09:00,6880.0,6910.0,6760.0,6820.0,235501,0.0,0.0
2018-12-14 00:00:00+09:00,6870.0,6870.0,6620.0,6660.0,220071,0.0,0.0
2018-12-17 00:00:00+09:00,6660.0,6820.0,6520.0,6610.0,357638,0.0,0.0
2018-12-18 00:00:00+09:00,6520.0,6740.0,6520.0,6620.0,261676,0.0,0.0
2018-12-19 00:00:00+09:00,6610.0,6800.0,6570.0,6680.0,302934,0.0,0.0
2018-12-20 00:00:00+09:00,6630.0,6770.0,6520.0,6560.0,303639,0.0,0.0
2018-12-21 00:00:00+09:00,6550.0,6660.0,6470.0,6600.0,322774,0.0,0.0
2018-12-24 00:00:00+09:00,6600.0,6640.0,6500.0,6500.0,179580,0.0,0.0
2018-12-26 00:00:00+09:00,6380.0,6450.0,6160.0,6200.0,383350,0.0,0.0
2018-12-27 00:00:00+09:00,6300.0,6390.0,6220.0,6260.0,226674,0.0,0.0
2018-12-28 00:00:00+09:00,6260.0,6400.0,6260.0,6320.0,121442,0.0,0.0
2019-01-02 00:00:00+09:00,6380.0,6390.0,6060.0,6100.0,257410,0.0,0.0
2019-01-03 00:00:00+09:00,6110.0,6150.0,6000.0,6020.0,140595,0.0,0.0
2019-01-04 00:00:00+09:00,6030.0,6060.0,5820.0,6010.0,185830,0.0,0.0
2019-01-07 00:00:00+09:00,6090.0,6200.0,6060.0,6200.0,132406,0.0,0.0
2019-01-08 00:00:00+09:00,6190.0,6280.0,6150.0,6150.0,123251,0.0,0.0
2019-01-09 00:00:00+09:00,6150.0,6280.0,6150.0,6230.0,128326,0.0,0.0
2019-01-10 00:00:00+09:00,6240.0,6270.0,6150.0,6180.0,135888,0.0,0.0
2019-01-11 00:00:00+09:00,6200.0,6380.0,6150.0,6350.0,289983,0.0,0.0
2019-01-14 00:00:00+09:00,6380.0,6390.0,6250.0,6260.0,155196,0.0,0.0
2019-01-15 00:00:00+09:00,6300.0,6360.0,6260.0,6350.0,182790,0.0,0.0
2019-01-16 00:00:00+09:00,6360.0,6550.0,6310.0,6530.0,299657,0.0,0.0
2019-01-17 00:00:00+09:00,6590.0,6590.0,6380.0,6380.0,204011,0.0,0.0
2019-01-18 00:00:00+09:00,6450.0,6640.0,6340.0,6620.0,399415,0.0,0.0
2019-01-21 00:00:00+09:00,6670.0,6710.0,6530.0,6550.0,184239,0.0,0.0
2019-01-22 00:00:00+09:00,6570.0,6630.0,6420.0,6520.0,185185,0.0,0.0
2019-01-23 00:00:00+09:00,6470.0,6820.0,6470.0,6810.0,509591,0.0,0.0
2019-01-24 00:00:00+09:00,6810.0,6920.0,6740.0,6860.0,370809,0.0,0.0
2019-01-25 00:00:00+09:00,6880.0,6880.0,6750.0,6790.0,238193,0.0,0.0
2019-01-28 00:00:00+09:00,6800.0,6830.0,6700.0,6800.0,275410,0.0,0.0
2019-01-29 00:00:00+09:00,6800.0,6800.0,6690.0,6730.0,145621,0.0,0.0
2019-01-30 00:00:00+09:00,6710.0,6980.0,6700.0,6870.0,487074,0.0,0.0
2019-01-31 00:00:00+09:00,6960.0,6980.0,6770.0,6770.0,231749,0.0,0.0
2019-02-01 00:00:00+09:00,6760.0,6890.0,6610.0,6660.0,329456,0.0,0.0
2019-02-07 00:00:00+09:00,6730.0,6900.0,6690.0,6850.0,268072,0.0,0.0
2019-02-08 00:00:00+09:00,6820.0,6940.0,6820.0,6860.0,154040,0.0,0.0
2019-02-11 00:00:00+09:00,6920.0,6920.0,6740.0,6760.0,178350,0.0,0.0
2019-02-12 00:00:00+09:00,6830.0,7010.0,6750.0,7000.0,492066,0.0,0.0
2019-02-13 00:00:00+09:00,7050.0,7220.0,6850.0,6910.0,1039570,0.0,0.0
2019-02-14 00:00:00+09:00,6870.0,7040.0,6850.0,6960.0,273379,0.0,0.0
2019-02-15 00:00:00+09:00,6960.0,6960.0,6790.0,6840.0,226595,0.0,0.0
2019-02-18 00:00:00+09:00,6860.0,7000.0,6860.0,6940.0,297914,0.0,0.0
2019-02-19 00:00:00+09:00,6940.0,6940.0,6860.0,6890.0,161734,0.0,0.0
2019-02-20 00:00:00+09:00,6940.0,6950.0,6850.0,6900.0,159065,0.0,0.0
2019-02-21 00:00:00+09:00,6870.0,6910.0,6760.0,6790.0,246013,0.0,0.0
2019-02-22 00:00:00+09:00,6730.0,6770.0,6670.0,6720.0,219410,0.0,0.0
2019-02-25 00:00:00+09:00,6730.0,6940.0,6730.0,6930.0,313147,0.0,0.0
2019-02-26 00:00:00+09:00,6900.0,7000.0,6860.0,6940.0,208039,0.0,0.0
2019-02-27 00:00:00+09:00,7090.0,7120.0,6910.0,6940.0,387338,0.0,0.0
2019-02-28 00:00:00+09:00,6960.0,6990.0,6760.0,6770.0,341064,0.0,0.0
2019-03-04 00:00:00+09:00,6860.0,7220.0,6860.0,7200.0,1233913,0.0,0.0
2019-03-05 00:00:00+09:00,7190.0,7290.0,7090.0,7230.0,496553,0.0,0.0
2019-03-06 00:00:00+09:00,7230.0,7380.0,7170.0,7270.0,580352,0.0,0.0
2019-03-07 00:00:00+09:00,7300.0,7300.0,7150.0,7240.0,405459,0.0,0.0
2019-03-08 00:00:00+09:00,7250.0,7310.0,7180.0,7280.0,322764,0.0,0.0
2019-03-11 00:00:00+09:00,7290.0,7310.0,7030.0,7130.0,259574,0.0,0.0
2019-03-12 00:00:00+09:00,7200.0,7480.0,7140.0,7460.0,906991,0.0,0.0
2019-03-13 00:00:00+09:00,7540.0,7800.0,7470.0,7700.0,1873045,0.0,0.0
2019-03-14 00:00:00+09:00,7700.0,7790.0,7610.0,7690.0,551700,0.0,0.0
2019-03-15 00:00:00+09:00,7780.0,7920.0,7650.0,7770.0,923386,0.0,0.0
2019-03-18 00:00:00+09:00,7950.0,8080.0,7800.0,7850.0,962269,0.0,0.0
2019-03-19 00:00:00+09:00,7950.0,8120.0,7810.0,8060.0,1074800,0.0,0.0
2019-03-20 00:00:00+09:00,8070.0,8120.0,7900.0,8020.0,584156,0.0,0.0
2019-03-21 00:00:00+09:00,7980.0,8060.0,7650.0,7710.0,986651,0.0,0.0
2019-03-22 00:00:00+09:00,7710.0,8190.0,7710.0,8090.0,1257308,0.0,0.0
2019-03-25 00:00:00+09:00,8030.0,8240.0,7950.0,8000.0,786967,0.0,0.0
2019-03-26 00:00:00+09:00,8040.0,8370.0,7900.0,8170.0,1175941,0.0,0.0
2019-03-27 00:00:00+09:00,8220.0,8350.0,8070.0,8110.0,1040380,0.0,0.0
2019-03-28 00:00:00+09:00,8080.0,8240.0,8000.0,8030.0,533911,0.0,0.0
2019-03-29 00:00:00+09:00,8040.0,8210.0,7550.0,8030.0,712211,0.0,0.0
2019-04-01 00:00:00+09:00,8160.0,8270.0,8150.0,8240.0,498081,0.0,0.0
2019-04-02 00:00:00+09:00,8360.0,8370.0,8170.0,8220.0,427386,0.0,0.0
2019-04-03 00:00:00+09:00,8300.0,8340.0,8150.0,8330.0,421610,0.0,0.0
2019-04-04 00:00:00+09:00,8330.0,8480.0,8190.0,8440.0,717546,0.0,0.0
2019-04-05 00:00:00+09:00,8530.0,8830.0,8520.0,8680.0,1583865,0.0,0.0
2019-04-08 00:00:00+09:00,8690.0,9190.0,8690.0,9150.0,2162867,0.0,0.0
2019-04-09 00:00:00+09:00,9240.0,9790.0,9210.0,9740.0,3062032,0.0,0.0
2019-04-10 00:00:00+09:00,9630.0,10000.0,9480.0,9700.0,1544940,0.0,0.0
2019-04-11 00:00:00+09:00,9870.0,9950.0,9630.0,9780.0,837703,0.0,0.0
2019-04-12 00:00:00+09:00,9850.0,10200.0,9780.0,9900.0,1409856,0.0,0.0
2019-04-15 00:00:00+09:00,9970.0,10100.0,9710.0,10100.0,1292632,0.0,0.0
2019-04-16 00:00:00+09:00,10100.0,10200.0,9980.0,10150.0,761626,0.0,0.0
2019-04-17 00:00:00+09:00,10150.0,10550.0,9980.0,10350.0,991621,0.0,0.0
2019-04-18 00:00:00+09:00,10300.0,10500.0,10000.0,10200.0,958957,0.0,0.0
2019-04-19 00:00:00+09:00,10200.0,10350.0,10100.0,10100.0,555343,0.0,0.0
2019-04-22 00:00:00+09:00,10100.0,11650.0,9970.0,11400.0,4261065,0.0,0.0
2019-04-23 00:00:00+09:00,11300.0,11400.0,9990.0,9990.0,3417236,0.0,0.0
2019-04-24 00:00:00+09:00,10050.0,10150.0,9580.0,9760.0,2682468,0.0,0.0
2019-04-25 00:00:00+09:00,9770.0,9850.0,9180.0,9250.0,2175169,0.0,0.0
2019-04-26 00:00:00+09:00,9350.0,9610.0,9020.0,9200.0,1723289,0.0,0.0
2019-04-29 00:00:00+09:00,9350.0,9800.0,9340.0,9650.0,1998426,0.0,0.0
2019-04-30 00:00:00+09:00,9900.0,9990.0,9680.0,9770.0,1450764,0.0,0.0
2019-05-02 00:00:00+09:00,9740.0,9820.0,9500.0,9720.0,773243,0.0,0.0
2019-05-03 00:00:00+09:00,9740.0,9890.0,9620.0,9740.0,546222,0.0,0.0
2019-05-07 00:00:00+09:00,9950.0,10100.0,9640.0,9710.0,1613231,0.0,0.0
2019-05-08 00:00:00+09:00,9640.0,9660.0,9400.0,9450.0,612755,0.0,0.0
2019-05-09 00:00:00+09:00,9570.0,9710.0,9260.0,9390.0,805149,0.0,0.0
2019-05-10 00:00:00+09:00,9480.0,9690.0,9260.0,9580.0,814482,0.0,0.0
2019-05-13 00:00:00+09:00,9580.0,10350.0,9550.0,10150.0,3074858,0.0,0.0
2019-05-14 00:00:00+09:00,10000.0,10300.0,9770.0,10050.0,2016515,0.0,0.0
2019-05-15 00:00:00+09:00,10150.0,10500.0,10000.0,10450.0,1662271,0.0,0.0
2019-05-16 00:00:00+09:00,10000.0,10150.0,8570.0,8700.0,7134575,0.0,0.0
2019-05-17 00:00:00+09:00,8600.0,8760.0,8160.0,8170.0,3275394,0.0,0.0
2019-05-20 00:00:00+09:00,8270.0,8360.0,7850.0,8070.0,2453206,0.0,0.0
2019-05-21 00:00:00+09:00,8100.0,8250.0,7950.0,8220.0,1572488,0.0,0.0
2019-05-22 00:00:00+09:00,8340.0,8630.0,8320.0,8460.0,2051305,0.0,0.0
2019-05-23 00:00:00+09:00,8480.0,8830.0,8360.0,8660.0,1101432,0.0,0.0
2019-05-24 00:00:00+09:00,8600.0,8850.0,8560.0,8650.0,669918,0.0,0.0
2019-05-27 00:00:00+09:00,8590.0,8980.0,8570.0,8750.0,1064421,0.0,0.0
2019-05-28 00:00:00+09:00,8810.0,8820.0,8060.0,8650.0,1099107,0.0,0.0
2019-05-29 00:00:00+09:00,8650.0,8740.0,8440.0,8520.0,520796,0.0,0.0
2019-05-30 00:00:00+09:00,8590.0,8840.0,8510.0,8530.0,882363,0.0,0.0
2019-05-31 00:00:00+09:00,8690.0,8700.0,8500.0,8500.0,420323,0.0,0.0
2019-06-03 00:00:00+09:00,8440.0,8630.0,8340.0,8550.0,463480,0.0,0.0
2019-06-04 00:00:00+09:00,8640.0,8700.0,8540.0,8600.0,395636,0.0,0.0
2019-06-05 00:00:00+09:00,8660.0,8790.0,8570.0,8680.0,596094,0.0,0.0
2019-06-07 00:00:00+09:00,8750.0,8780.0,8580.0,8620.0,594158,0.0,0.0
2019-06-10 00:00:00+09:00,8630.0,8640.0,8400.0,8510.0,622848,0.0,0.0
2019-06-11 00:00:00+09:00,8510.0,8740.0,8490.0,8690.0,756200,0.0,0.0
2019-06-12 00:00:00+09:00,8690.0,8720.0,8550.0,8570.0,468317,0.0,0.0
2019-06-13 00:00:00+09:00,8570.0,8610.0,8170.0,8180.0,2497928,0.0,0.0
2019-06-14 00:00:00+09:00,8240.0,8290.0,7790.0,7850.0,1607262,0.0,0.0
2019-06-17 00:00:00+09:00,7850.0,7900.0,7490.0,7580.0,1151188,0.0,0.0
2019-06-18 00:00:00+09:00,7550.0,7860.0,7370.0,7850.0,1521370,0.0,0.0
2019-06-19 00:00:00+09:00,7850.0,7860.0,7610.0,7820.0,549713,0.0,0.0
2019-06-20 00:00:00+09:00,7800.0,8050.0,7740.0,7880.0,681597,0.0,0.0
2019-06-21 00:00:00+09:00,7960.0,8340.0,7950.0,8270.0,2033120,0.0,0.0
2019-06-24 00:00:00+09:00,8420.0,8590.0,8310.0,8420.0,1639737,0.0,0.0
2019-06-25 00:00:00+09:00,8480.0,8480.0,8150.0,8270.0,800538,0.0,0.0
2019-06-26 00:00:00+09:00,8270.0,8310.0,8100.0,8260.0,435661,0.0,0.0
2019-06-27 00:00:00+09:00,8240.0,8290.0,8090.0,8110.0,483579,0.0,0.0
2019-06-28 00:00:00+09:00,8150.0,8450.0,8120.0,8260.0,940307,0.0,0.0
2019-07-01 00:00:00+09:00,8260.0,8310.0,8150.0,8180.0,420659,0.0,0.0
2019-07-02 00:00:00+09:00,8140.0,8240.0,7910.0,7970.0,665536,0.0,0.0
2019-07-03 00:00:00+09:00,8000.0,8210.0,7940.0,8050.0,491499,0.0,0.0
2019-07-04 00:00:00+09:00,8050.0,8090.0,7890.0,8010.0,406494,0.0,0.0
2019-07-05 00:00:00+09:00,8000.0,8040.0,7880.0,7900.0,315048,0.0,0.0
2019-07-08 00:00:00+09:00,7890.0,7950.0,7570.0,7580.0,629214,0.0,0.0
2019-07-09 00:00:00+09:00,7530.0,7820.0,7530.0,7650.0,405849,0.0,0.0
2019-07-10 00:00:00+09:00,7730.0,7850.0,7710.0,7770.0,265678,0.0,0.0
2019-07-11 00:00:00+09:00,7850.0,7870.0,7700.0,7800.0,237284,0.0,0.0
2019-07-12 00:00:00+09:00,7810.0,7970.0,7740.0,7890.0,316128,0.0,0.0
2019-07-15 00:00:00+09:00,7890.0,7980.0,7610.0,7640.0,398637,0.0,0.0
2019-07-16 00:00:00+09:00,7580.0,7720.0,7580.0,7610.0,311204,0.0,0.0
2019-07-17 00:00:00+09:00,7640.0,7700.0,7480.0,7580.0,447220,0.0,0.0
2019-07-18 00:00:00+09:00,7560.0,7840.0,7520.0,7750.0,484729,0.0,0.0
2019-07-19 00:00:00+09:00,7800.0,7900.0,7740.0,7900.0,563800,0.0,0.0
2019-07-22 00:00:00+09:00,7880.0,7880.0,7570.0,7650.0,763156,0.0,0.0
2019-07-23 00:00:00+09:00,7620.0,7690.0,7530.0,7530.0,368713,0.0,0.0
2019-07-24 00:00:00+09:00,7540.0,7630.0,7380.0,7390.0,330701,0.0,0.0
2019-07-25 00:00:00+09:00,7400.0,7470.0,7230.0,7310.0,386416,0.0,0.0
2019-07-26 00:00:00+09:00,7300.0,7400.0,7170.0,7260.0,320393,0.0,0.0
2019-07-29 00:00:00+09:00,7260.0,7270.0,6950.0,6950.0,582648,0.0,0.0
2019-07-30 00:00:00+09:00,6930.0,7300.0,6930.0,7160.0,461124,0.0,0.0
2019-07-31 00:00:00+09:00,7120.0,7250.0,6990.0,7150.0,219732,0.0,0.0
2019-08-01 00:00:00+09:00,7160.0,7480.0,7110.0,7190.0,472328,0.0,0.0
2019-08-02 00:00:00+09:00,7150.0,7320.0,7040.0,7210.0,258776,0.0,0.0
2019-08-05 00:00:00+09:00,7220.0,7250.0,6550.0,6550.0,709478,0.0,0.0
2019-08-06 00:00:00+09:00,6250.0,6940.0,6240.0,6590.0,898380,0.0,0.0
2019-08-07 00:00:00+09:00,6650.0,6840.0,6650.0,6810.0,441651,0.0,0.0
2019-08-08 00:00:00+09:00,6890.0,7010.0,6880.0,7010.0,319327,0.0,0.0
2019-08-09 00:00:00+09:00,7010.0,7090.0,6970.0,7030.0,262360,0.0,0.0
2019-08-12 00:00:00+09:00,6980.0,7150.0,6830.0,7140.0,282244,0.0,0.0
2019-08-13 00:00:00+09:00,7100.0,7170.0,7010.0,7120.0,234223,0.0,0.0
2019-08-14 00:00:00+09:00,7190.0,7380.0,7150.0,7260.0,464689,0.0,0.0
2019-08-16 00:00:00+09:00,7170.0,7260.0,7040.0,7190.0,270752,0.0,0.0
2019-08-19 00:00:00+09:00,7250.0,7300.0,7120.0,7190.0,197181,0.0,0.0
2019-08-20 00:00:00+09:00,7240.0,7350.0,7150.0,7300.0,315177,0.0,0.0
2019-08-21 00:00:00+09:00,7360.0,7490.0,7300.0,7400.0,335901,0.0,0.0
2019-08-22 00:00:00+09:00,7430.0,7450.0,7330.0,7330.0,206130,0.0,0.0
2019-08-23 00:00:00+09:00,7300.0,7360.0,7200.0,7300.0,149697,0.0,0.0
2019-08-26 00:00:00+09:00,7030.0,7080.0,6600.0,6640.0,963120,0.0,0.0
2019-08-27 00:00:00+09:00,6730.0,6810.0,6650.0,6700.0,340846,0.0,0.0
2019-08-28 00:00:00+09:00,6690.0,6890.0,6660.0,6880.0,176973,0.0,0.0
2019-08-29 00:00:00+09:00,6870.0,6920.0,6740.0,6760.0,201952,0.0,0.0
2019-08-30 00:00:00+09:00,6870.0,7270.0,6840.0,7260.0,609516,0.0,0.0
2019-09-02 00:00:00+09:00,7150.0,7670.0,7150.0,7670.0,960307,0.0,0.0
2019-09-03 00:00:00+09:00,7710.0,7770.0,7430.0,7600.0,588365,0.0,0.0
2019-09-04 00:00:00+09:00,7740.0,7990.0,7620.0,7980.0,1172841,0.0,0.0
2019-09-05 00:00:00+09:00,8040.0,8060.0,7830.0,7980.0,774693,0.0,0.0
2019-09-06 00:00:00+09:00,8180.0,8240.0,7890.0,8020.0,1045930,0.0,0.0
2019-09-09 00:00:00+09:00,7860.0,7900.0,7620.0,7650.0,972156,0.0,0.0
2019-09-10 00:00:00+09:00,7660.0,7720.0,7570.0,7590.0,339892,0.0,0.0
2019-09-11 00:00:00+09:00,7560.0,7750.0,7560.0,7690.0,334412,0.0,0.0
2019-09-16 00:00:00+09:00,7770.0,7770.0,7610.0,7670.0,333689,0.0,0.0
2019-09-17 00:00:00+09:00,7590.0,7820.0,7590.0,7690.0,419496,0.0,0.0
2019-09-18 00:00:00+09:00,7720.0,7770.0,7670.0,7690.0,306793,0.0,0.0
2019-09-19 00:00:00+09:00,7720.0,7860.0,7710.0,7820.0,363049,0.0,0.0
2019-09-20 00:00:00+09:00,7850.0,7890.0,7760.0,7800.0,252412,0.0,0.0
2019-09-23 00:00:00+09:00,7870.0,7870.0,7610.0,7620.0,292575,0.0,0.0
2019-09-24 00:00:00+09:00,7690.0,7740.0,7630.0,7700.0,191926,0.0,0.0
2019-09-25 00:00:00+09:00,7700.0,7740.0,7480.0,7500.0,280800,0.0,0.0
2019-09-26 00:00:00+09:00,7540.0,7670.0,7510.0,7570.0,235107,0.0,0.0
2019-09-27 00:00:00+09:00,7570.0,7740.0,7550.0,7740.0,258095,0.0,0.0
2019-09-30 00:00:00+09:00,7850.0,7850.0,7730.0,7810.0,588866,0.0,0.0
2019-10-01 00:00:00+09:00,7820.0,7820.0,7600.0,7740.0,368236,0.0,0.0
2019-10-02 00:00:00+09:00,7650.0,7740.0,7580.0,7590.0,221021,0.0,0.0
2019-10-04 00:00:00+09:00,7630.0,7640.0,7350.0,7350.0,333982,0.0,0.0
2019-10-07 00:00:00+09:00,7350.0,7440.0,7280.0,7350.0,249545,0.0,0.0
2019-10-08 00:00:00+09:00,7290.0,7500.0,7190.0,7440.0,278278,0.0,0.0
2019-10-10 00:00:00+09:00,7440.0,7440.0,7190.0,7200.0,401868,0.0,0.0
2019-10-11 00:00:00+09:00,7230.0,7290.0,7050.0,7110.0,322413,0.0,0.0
2019-10-14 00:00:00+09:00,7140.0,7340.0,7120.0,7250.0,252813,0.0,0.0
2019-10-15 00:00:00+09:00,7330.0,7440.0,7270.0,7420.0,179377,0.0,0.0
2019-10-16 00:00:00+09:00,7430.0,7500.0,7400.0,7480.0,140716,0.0,0.0
2019-10-17 00:00:00+09:00,7480.0,7480.0,7330.0,7390.0,144484,0.0,0.0
2019-10-18 00:00:00+09:00,7380.0,7490.0,7360.0,7440.0,143932,0.0,0.0
2019-10-21 00:00:00+09:00,7380.0,7450.0,7290.0,7300.0,195858,0.0,0.0
2019-10-22 00:00:00+09:00,7390.0,7430.0,7240.0,7280.0,300218,0.0,0.0
2019-10-23 00:00:00+09:00,7250.0,7290.0,7130.0,7150.0,197720,0.0,0.0
2019-10-24 00:00:00+09:00,7160.0,7230.0,7100.0,7230.0,199025,0.0,0.0
2019-10-25 00:00:00+09:00,7200.0,7410.0,7200.0,7290.0,203074,0.0,0.0
2019-10-28 00:00:00+09:00,7290.0,7410.0,7280.0,7290.0,190512,0.0,0.0
2019-10-29 00:00:00+09:00,7300.0,7360.0,7250.0,7260.0,131168,0.0,0.0
2019-10-30 00:00:00+09:00,7230.0,7300.0,7100.0,7120.0,255742,0.0,0.0
2019-10-31 00:00:00+09:00,7100.0,7220.0,7100.0,7120.0,136008,0.0,0.0
2019-11-01 00:00:00+09:00,7130.0,7270.0,7090.0,7220.0,176817,0.0,0.0
2019-11-04 00:00:00+09:00,7280.0,7460.0,7260.0,7460.0,395698,0.0,0.0
2019-11-05 00:00:00+09:00,7480.0,7480.0,7310.0,7360.0,272919,0.0,0.0
2019-11-06 00:00:00+09:00,7360.0,7400.0,7330.0,7370.0,217737,0.0,0.0
2019-11-07 00:00:00+09:00,7370.0,7540.0,7370.0,7470.0,435509,0.0,0.0
2019-11-08 00:00:00+09:00,7530.0,7580.0,7390.0,7460.0,300207,0.0,0.0
2019-11-11 00:00:00+09:00,7460.0,7550.0,7420.0,7510.0,241902,0.0,0.0
2019-11-12 00:00:00+09:00,7530.0,8070.0,7510.0,8070.0,2080417,0.0,0.0
2019-11-13 00:00:00+09:00,8140.0,8240.0,8000.0,8140.0,1145861,0.0,0.0
2019-11-14 00:00:00+09:00,8200.0,8400.0,8090.0,8260.0,1099809,0.0,0.0
2019-11-15 00:00:00+09:00,8290.0,8290.0,8030.0,8240.0,645829,0.0,0.0
2019-11-18 00:00:00+09:00,8250.0,8330.0,8120.0,8290.0,542569,0.0,0.0
2019-11-19 00:00:00+09:00,8300.0,8500.0,8260.0,8440.0,892020,0.0,0.0
2019-11-20 00:00:00+09:00,8470.0,8470.0,8070.0,8120.0,813088,0.0,0.0
2019-11-21 00:00:00+09:00,8160.0,8280.0,8030.0,8100.0,524024,0.0,0.0
2019-11-22 00:00:00+09:00,8170.0,8210.0,7910.0,8040.0,353407,0.0,0.0
2019-11-25 00:00:00+09:00,8060.0,8120.0,8000.0,8060.0,225343,0.0,0.0
2019-11-26 00:00:00+09:00,8060.0,8350.0,7990.0,8320.0,678959,0.0,0.0
2019-11-27 00:00:00+09:00,8320.0,8460.0,8220.0,8350.0,553630,0.0,0.0
2019-11-28 00:00:00+09:00,8340.0,8380.0,8150.0,8150.0,366217,0.0,0.0
2019-11-29 00:00:00+09:00,8190.0,8440.0,8120.0,8270.0,660131,0.0,0.0
2019-12-02 00:00:00+09:00,8390.0,8560.0,8270.0,8300.0,845427,0.0,0.0
2019-12-03 00:00:00+09:00,8230.0,8250.0,8080.0,8110.0,528325,0.0,0.0
2019-12-04 00:00:00+09:00,8050.0,8190.0,8010.0,8160.0,367105,0.0,0.0
2019-12-05 00:00:00+09:00,8200.0,8420.0,8130.0,8150.0,613301,0.0,0.0
2019-12-06 00:00:00+09:00,8160.0,8310.0,8130.0,8310.0,326522,0.0,0.0
2019-12-09 00:00:00+09:00,8340.0,8350.0,8190.0,8290.0,254207,0.0,0.0
2019-12-10 00:00:00+09:00,8250.0,8300.0,8080.0,8150.0,361233,0.0,0.0
2019-12-11 00:00:00+09:00,8100.0,8440.0,8100.0,8420.0,735170,0.0,0.0
2019-12-12 00:00:00+09:00,8450.0,8620.0,8350.0,8440.0,1434249,0.0,0.0
2019-12-13 00:00:00+09:00,8440.0,8500.0,8170.0,8230.0,901122,0.0,0.0
2019-12-16 00:00:00+09:00,8290.0,8310.0,8190.0,8240.0,287066,0.0,0.0
2019-12-17 00:00:00+09:00,8240.0,8380.0,8160.0,8180.0,433867,0.0,0.0
2019-12-18 00:00:00+09:00,8190.0,8240.0,8060.0,8070.0,311322,0.0,0.0
2019-12-19 00:00:00+09:00,8070.0,8130.0,7900.0,7950.0,378122,0.0,0.0
2019-12-20 00:00:00+09:00,7990.0,8010.0,7910.0,7930.0,201626,0.0,0.0
2019-12-23 00:00:00+09:00,7970.0,8030.0,7880.0,7900.0,237234,0.0,0.0
2019-12-24 00:00:00+09:00,7950.0,8040.0,7870.0,7960.0,208781,0.0,0.0
2019-12-26 00:00:00+09:00,7970.0,8140.0,7970.0,8110.0,345381,0.0,0.0
2019-12-27 00:00:00+09:00,8110.0,8240.0,8080.0,8150.0,367974,0.0,0.0
2019-12-30 00:00:00+09:00,8180.0,8370.0,8160.0,8320.0,453073,0.0,0.0
2020-01-02 00:00:00+09:00,8330.0,8340.0,8210.0,8320.0,253912,0.0,0.0
2020-01-03 00:00:00+09:00,8310.0,8450.0,8290.0,8380.0,574889,0.0,0.0
2020-01-06 00:00:00+09:00,8310.0,8480.0,8210.0,8380.0,725605,0.0,0.0
2020-01-07 00:00:00+09:00,8420.0,8500.0,8400.0,8420.0,401455,0.0,0.0
2020-01-08 00:00:00+09:00,8340.0,8390.0,8080.0,8150.0,738018,0.0,0.0
2020-01-09 00:00:00+09:00,8280.0,8520.0,8280.0,8480.0,794149,0.0,0.0
2020-01-10 00:00:00+09:00,8480.0,8680.0,8420.0,8420.0,942917,0.0,0.0
2020-01-13 00:00:00+09:00,8400.0,8450.0,8230.0,8320.0,460308,0.0,0.0
2020-01-14 00:00:00+09:00,8330.0,8410.0,8190.0,8200.0,509727,0.0,0.0
2020-01-15 00:00:00+09:00,8220.0,8240.0,8120.0,8140.0,497220,0.0,0.0
2020-01-16 00:00:00+09:00,8180.0,8330.0,8160.0,8310.0,533983,0.0,0.0
2020-01-17 00:00:00+09:00,8340.0,8650.0,8260.0,8550.0,1430589,0.0,0.0
2020-01-20 00:00:00+09:00,8650.0,8740.0,8260.0,8290.0,1326591,0.0,0.0
2020-01-21 00:00:00+09:00,8300.0,8410.0,8150.0,8170.0,674050,0.0,0.0
2020-01-22 00:00:00+09:00,8160.0,8270.0,8150.0,8270.0,346979,0.0,0.0
2020-01-23 00:00:00+09:00,8280.0,8280.0,8110.0,8190.0,389330,0.0,0.0
2020-01-28 00:00:00+09:00,7910.0,7950.0,7730.0,7760.0,747175,0.0,0.0
2020-01-29 00:00:00+09:00,7870.0,7900.0,7740.0,7750.0,342513,0.0,0.0
2020-01-30 00:00:00+09:00,7730.0,7790.0,7380.0,7410.0,683644,0.0,0.0
2020-01-31 00:00:00+09:00,7460.0,7590.0,7310.0,7340.0,356086,0.0,0.0
2020-02-03 00:00:00+09:00,7150.0,7690.0,7150.0,7690.0,611371,0.0,0.0
2020-02-04 00:00:00+09:00,7700.0,7760.0,7590.0,7760.0,271100,0.0,0.0
2020-02-05 00:00:00+09:00,7770.0,7850.0,7650.0,7690.0,327630,0.0,0.0
2020-02-06 00:00:00+09:00,7760.0,7800.0,7700.0,7740.0,292995,0.0,0.0
2020-02-07 00:00:00+09:00,7800.0,7800.0,7600.0,7800.0,337575,0.0,0.0
2020-02-10 00:00:00+09:00,7800.0,7960.0,7720.0,7960.0,345801,0.0,0.0
2020-02-11 00:00:00+09:00,8040.0,8040.0,7850.0,7930.0,296157,0.0,0.0
2020-02-12 00:00:00+09:00,7950.0,8180.0,7930.0,8170.0,534636,0.0,0.0
2020-02-13 00:00:00+09:00,8150.0,8200.0,7880.0,7930.0,662373,0.0,0.0
2020-02-14 00:00:00+09:00,7910.0,8060.0,7910.0,7940.0,373863,0.0,0.0
2020-02-17 00:00:00+09:00,7980.0,8230.0,7950.0,8130.0,886101,0.0,0.0
2020-02-18 00:00:00+09:00,8200.0,8210.0,7940.0,7960.0,554455,0.0,0.0
2020-02-19 00:00:00+09:00,8000.0,8040.0,7780.0,7910.0,241153,0.0,0.0
2020-02-20 00:00:00+09:00,7900.0,8000.0,7830.0,7850.0,265942,0.0,0.0
2020-02-21 00:00:00+09:00,7770.0,7900.0,7700.0,7700.0,309276,0.0,0.0
2020-02-24 00:00:00+09:00,7530.0,7740.0,7370.0,7370.0,592716,0.0,0.0
2020-02-25 00:00:00+09:00,7340.0,7610.0,7310.0,7610.0,369334,0.0,0.0
2020-02-26 00:00:00+09:00,7490.0,7580.0,7380.0,7550.0,324069,0.0,0.0
2020-02-27 00:00:00+09:00,7480.0,7590.0,7220.0,7260.0,387693,0.0,0.0
2020-02-28 00:00:00+09:00,7140.0,7180.0,6900.0,6960.0,662427,0.0,0.0
2020-03-02 00:00:00+09:00,6910.0,7280.0,6890.0,7280.0,388014,0.0,0.0
2020-03-03 00:00:00+09:00,7410.0,7440.0,7170.0,7200.0,314663,0.0,0.0
2020-03-04 00:00:00+09:00,7140.0,7400.0,7120.0,7380.0,231207,0.0,0.0
2020-03-05 00:00:00+09:00,7450.0,7500.0,7360.0,7450.0,275226,0.0,0.0
2020-03-06 00:00:00+09:00,7390.0,7470.0,7310.0,7440.0,279365,0.0,0.0
2020-03-09 00:00:00+09:00,7300.0,7400.0,7150.0,7250.0,522026,0.0,0.0
2020-03-10 00:00:00+09:00,7200.0,7300.0,7050.0,7250.0,464776,0.0,0.0
2020-03-11 00:00:00+09:00,7320.0,7510.0,7250.0,7250.0,1002324,0.0,0.0
2020-03-12 00:00:00+09:00,7200.0,7340.0,6740.0,6830.0,1039946,0.0,0.0
2020-03-13 00:00:00+09:00,6300.0,6750.0,6110.0,6570.0,1184030,0.0,0.0
2020-03-16 00:00:00+09:00,6620.0,6740.0,6220.0,6250.0,600818,0.0,0.0
2020-03-17 00:00:00+09:00,5940.0,6440.0,5940.0,6440.0,595359,0.0,0.0
2020-03-18 00:00:00+09:00,6410.0,6650.0,6080.0,6080.0,564956,0.0,0.0
2020-03-19 00:00:00+09:00,6230.0,6350.0,5200.0,5290.0,883893,0.0,0.0
2020-03-20 00:00:00+09:00,5410.0,5800.0,5330.0,5800.0,684698,0.0,0.0
2020-03-23 00:00:00+09:00,5420.0,5580.0,5320.0,5390.0,629520,0.0,0.0
2020-03-24 00:00:00+09:00,5580.0,6000.0,5460.0,6000.0,605197,0.0,0.0
2020-03-25 00:00:00+09:00,6180.0,6190.0,5910.0,6090.0,881785,0.0,0.0
2020-03-26 00:00:00+09:00,6050.0,6250.0,5980.0,6060.0,693050,0.0,0.0
2020-03-27 00:00:00+09:00,6250.0,6340.0,5920.0,6100.0,626284,0.0,0.0
2020-03-30 00:00:00+09:00,5950.0,6250.0,5860.0,6240.0,437183,0.0,0.0
2020-03-31 00:00:00+09:00,6500.0,6590.0,6260.0,6570.0,1014978,0.0,0.0
2020-04-01 00:00:00+09:00,6550.0,6650.0,6310.0,6310.0,716425,0.0,0.0
2020-04-02 00:00:00+09:00,6320.0,6630.0,6240.0,6630.0,704637,0.0,0.0
2020-04-03 00:00:00+09:00,6660.0,6670.0,6490.0,6600.0,468841,0.0,0.0
2020-04-06 00:00:00+09:00,6680.0,6840.0,6620.0,6790.0,514142,0.0,0.0
2020-04-07 00:00:00+09:00,6890.0,6930.0,6640.0,6790.0,681293,0.0,0.0
2020-04-08 00:00:00+09:00,6790.0,6910.0,6710.0,6750.0,530879,0.0,0.0
2020-04-09 00:00:00+09:00,6820.0,6840.0,6680.0,6750.0,580220,0.0,0.0
2020-04-10 00:00:00+09:00,6790.0,7100.0,6640.0,6880.0,1895190,0.0,0.0
2020-04-13 00:00:00+09:00,6870.0,6980.0,6780.0,6800.0,548170,0.0,0.0
2020-04-14 00:00:00+09:00,6870.0,6890.0,6790.0,6820.0,412654,0.0,0.0
2020-04-16 00:00:00+09:00,6800.0,6940.0,6660.0,6920.0,442393,0.0,0.0
2020-04-17 00:00:00+09:00,6970.0,7340.0,6950.0,7330.0,1414445,0.0,0.0
2020-04-20 00:00:00+09:00,7500.0,7660.0,7400.0,7480.0,1371243,0.0,0.0
2020-04-21 00:00:00+09:00,7410.0,7550.0,7100.0,7380.0,1213799,0.0,0.0
2020-04-22 00:00:00+09:00,7220.0,7430.0,7160.0,7430.0,598984,0.0,0.0
2020-04-23 00:00:00+09:00,7430.0,7460.0,7320.0,7380.0,473635,0.0,0.0
2020-04-24 00:00:00+09:00,7310.0,7360.0,7140.0,7160.0,507272,0.0,0.0
2020-04-27 00:00:00+09:00,7220.0,7290.0,7170.0,7220.0,370940,0.0,0.0
2020-04-28 00:00:00+09:00,7240.0,7450.0,7150.0,7430.0,780497,0.0,0.0
2020-04-29 00:00:00+09:00,7480.0,7490.0,7320.0,7350.0,433988,0.0,0.0
2020-05-04 00:00:00+09:00,7300.0,7550.0,7270.0,7420.0,811406,0.0,0.0
2020-05-06 00:00:00+09:00,7480.0,8330.0,7410.0,8220.0,3415460,0.0,0.0
2020-05-07 00:00:00+09:00,8220.0,8260.0,8000.0,8130.0,1207864,0.0,0.0
2020-05-08 00:00:00+09:00,8200.0,8260.0,8060.0,8220.0,1099296,0.0,0.0
2020-05-11 00:00:00+09:00,8300.0,8870.0,8270.0,8700.0,3706546,0.0,0.0
2020-05-12 00:00:00+09:00,8700.0,8790.0,8440.0,8640.0,1375053,0.0,0.0
2020-05-13 00:00:00+09:00,8430.0,8710.0,8410.0,8670.0,984962,0.0,0.0
2020-05-14 00:00:00+09:00,8590.0,8810.0,8530.0,8810.0,1066660,0.0,0.0
2020-05-15 00:00:00+09:00,8860.0,8860.0,8480.0,8560.0,979281,0.0,0.0
2020-05-18 00:00:00+09:00,8750.0,8920.0,8620.0,8670.0,1493493,0.0,0.0
2020-05-19 00:00:00+09:00,8700.0,8820.0,8570.0,8670.0,855181,0.0,0.0
2020-05-20 00:00:00+09:00,8670.0,8770.0,8600.0,8710.0,542401,0.0,0.0
2020-05-21 00:00:00+09:00,8750.0,8760.0,8580.0,8590.0,776298,0.0,0.0
2020-05-22 00:00:00+09:00,8580.0,8810.0,8540.0,8590.0,932802,0.0,0.0
2020-05-25 00:00:00+09:00,8700.0,8980.0,8690.0,8960.0,2145207,0.0,0.0
2020-05-26 00:00:00+09:00,9070.0,9260.0,8830.0,9000.0,2671787,0.0,0.0
2020-05-27 00:00:00+09:00,9000.0,9120.0,8800.0,8840.0,957402,0.0,0.0
2020-05-28 00:00:00+09:00,8880.0,8890.0,8300.0,8470.0,1380780,0.0,0.0
2020-05-29 00:00:00+09:00,8450.0,8790.0,8450.0,8560.0,833910,0.0,0.0
2020-06-01 00:00:00+09:00,8670.0,8730.0,8540.0,8690.0,587011,0.0,0.0
2020-06-02 00:00:00+09:00,8700.0,8750.0,8600.0,8720.0,506577,0.0,0.0
2020-06-03 00:00:00+09:00,8750.0,8770.0,8530.0,8570.0,640343,0.0,0.0
2020-06-04 00:00:00+09:00,8560.0,8640.0,8440.0,8620.0,636091,0.0,0.0
2020-06-05 00:00:00+09:00,8800.0,9000.0,8670.0,8750.0,2153518,0.0,0.0
2020-06-08 00:00:00+09:00,8710.0,8740.0,8510.0,8540.0,692475,0.0,0.0
2020-06-09 00:00:00+09:00,8560.0,8630.0,8300.0,8440.0,769713,0.0,0.0
2020-06-10 00:00:00+09:00,8440.0,8510.0,8310.0,8500.0,454065,0.0,0.0
2020-06-11 00:00:00+09:00,8520.0,8520.0,8300.0,8310.0,567298,0.0,0.0
2020-06-12 00:00:00+09:00,7880.0,8310.0,7820.0,8260.0,942621,0.0,0.0
2020-06-15 00:00:00+09:00,8180.0,8310.0,7850.0,7920.0,1017929,0.0,0.0
2020-06-16 00:00:00+09:00,8140.0,8460.0,8090.0,8440.0,821158,0.0,0.0
2020-06-17 00:00:00+09:00,8390.0,8490.0,8200.0,8420.0,605628,0.0,0.0
2020-06-18 00:00:00+09:00,8390.0,8470.0,8310.0,8370.0,292624,0.0,0.0
2020-06-19 00:00:00+09:00,8400.0,8470.0,8350.0,8410.0,379429,0.0,0.0
2020-06-22 00:00:00+09:00,8440.0,8500.0,8320.0,8350.0,484110,0.0,0.0
2020-06-23 00:00:00+09:00,8400.0,8630.0,8340.0,8360.0,770393,0.0,0.0
2020-06-24 00:00:00+09:00,8360.0,8520.0,8320.0,8450.0,573199,0.0,0.0
2020-06-25 00:00:00+09:00,8350.0,8390.0,8150.0,8180.0,598577,0.0,0.0
2020-06-26 00:00:00+09:00,8270.0,8270.0,8110.0,8220.0,279079,0.0,0.0
2020-06-29 00:00:00+09:00,8110.0,8260.0,8080.0,8260.0,350376,0.0,0.0
2020-06-30 00:00:00+09:00,8400.0,8740.0,8400.0,8470.0,2294629,0.0,0.0
2020-07-01 00:00:00+09:00,8570.0,8620.0,8350.0,8350.0,577181,0.0,0.0
2020-07-02 00:00:00+09:00,8360.0,8510.0,8310.0,8490.0,391513,0.0,0.0
2020-07-03 00:00:00+09:00,8500.0,8610.0,8430.0,8500.0,407745,0.0,0.0
2020-07-06 00:00:00+09:00,8520.0,8740.0,8490.0,8560.0,1015545,0.0,0.0
2020-07-07 00:00:00+09:00,8600.0,8610.0,8410.0,8420.0,566352,0.0,0.0
2020-07-08 00:00:00+09:00,8420.0,8620.0,8410.0,8530.0,818538,0.0,0.0
2020-07-09 00:00:00+09:00,8560.0,8650.0,8450.0,8640.0,678978,0.0,0.0
2020-07-10 00:00:00+09:00,8660.0,8830.0,8530.0,8560.0,1343782,0.0,0.0
2020-07-13 00:00:00+09:00,8610.0,8920.0,8580.0,8900.0,1617717,0.0,0.0
2020-07-14 00:00:00+09:00,8830.0,9090.0,8820.0,8940.0,1794846,0.0,0.0
2020-07-15 00:00:00+09:00,9090.0,9110.0,8900.0,8970.0,1027917,0.0,0.0
2020-07-16 00:00:00+09:00,8970.0,8970.0,8690.0,8700.0,807732,0.0,0.0
2020-07-17 00:00:00+09:00,8710.0,8820.0,8650.0,8700.0,369003,0.0,0.0
2020-07-20 00:00:00+09:00,8840.0,8960.0,8780.0,8780.0,961490,0.0,0.0
2020-07-21 00:00:00+09:00,8790.0,8860.0,8640.0,8730.0,657401,0.0,0.0
2020-07-22 00:00:00+09:00,8780.0,8890.0,8670.0,8680.0,634741,0.0,0.0
2020-07-23 00:00:00+09:00,8650.0,8750.0,8600.0,8690.0,533391,0.0,0.0
2020-07-24 00:00:00+09:00,8860.0,9470.0,8860.0,9180.0,9416212,0.0,0.0
2020-07-27 00:00:00+09:00,9340.0,9650.0,9250.0,9570.0,5214081,0.0,0.0
2020-07-28 00:00:00+09:00,9580.0,9590.0,9190.0,9300.0,1836918,0.0,0.0
2020-07-29 00:00:00+09:00,9370.0,9420.0,9180.0,9290.0,1207461,0.0,0.0
2020-07-30 00:00:00+09:00,9400.0,9440.0,9210.0,9290.0,978239,0.0,0.0
2020-07-31 00:00:00+09:00,9310.0,9310.0,9080.0,9160.0,987918,0.0,0.0
2020-08-03 00:00:00+09:00,9510.0,10200.0,9450.0,10200.0,9388306,0.0,0.0
2020-08-04 00:00:00+09:00,10050.0,10200.0,9780.0,10050.0,3949020,0.0,0.0
2020-08-05 00:00:00+09:00,10150.0,10200.0,9890.0,9990.0,1848244,0.0,0.0
2020-08-06 00:00:00+09:00,10400.0,11200.0,10100.0,10150.0,11121520,0.0,0.0
2020-08-07 00:00:00+09:00,10300.0,10400.0,9830.0,10400.0,2675051,0.0,0.0
2020-08-10 00:00:00+09:00,11800.0,12100.0,10650.0,10700.0,13445660,0.0,0.0
2020-08-11 00:00:00+09:00,10900.0,11050.0,10300.0,10750.0,4318811,0.0,0.0
2020-08-12 00:00:00+09:00,10700.0,10750.0,10100.0,10300.0,2127280,0.0,0.0
2020-08-13 00:00:00+09:00,10350.0,11000.0,10350.0,10550.0,3477588,0.0,0.0
2020-08-14 00:00:00+09:00,10550.0,10600.0,10000.0,10050.0,1603208,0.0,0.0
2020-08-18 00:00:00+09:00,10100.0,10100.0,9360.0,9550.0,2118891,0.0,0.0
2020-08-19 00:00:00+09:00,9600.0,9850.0,9550.0,9720.0,1098137,0.0,0.0
2020-08-20 00:00:00+09:00,9820.0,10100.0,9200.0,9330.0,1999723,0.0,0.0
2020-08-21 00:00:00+09:00,9460.0,9550.0,9260.0,9400.0,821810,0.0,0.0
2020-08-24 00:00:00+09:00,9640.0,10250.0,9540.0,10150.0,2782336,0.0,0.0
2020-08-25 00:00:00+09:00,10450.0,10700.0,10150.0,10700.0,3001167,0.0,0.0
2020-08-26 00:00:00+09:00,11050.0,11150.0,10450.0,10750.0,5050514,0.0,0.0
2020-08-27 00:00:00+09:00,10250.0,10300.0,9910.0,9920.0,3420382,0.0,0.0
2020-08-28 00:00:00+09:00,9930.0,10050.0,9830.0,9900.0,1387622,0.0,0.0
2020-08-31 00:00:00+09:00,10150.0,10400.0,10100.0,10400.0,2185914,0.0,0.0
2020-09-01 00:00:00+09:00,10450.0,10550.0,10200.0,10550.0,1558383,0.0,0.0
2020-09-02 00:00:00+09:00,10750.0,10800.0,10400.0,10550.0,2648680,0.0,0.0
2020-09-03 00:00:00+09:00,10350.0,10400.0,10100.0,10200.0,1954218,0.0,0.0
2020-09-04 00:00:00+09:00,9800.0,10300.0,9780.0,10250.0,1560876,0.0,0.0
2020-09-07 00:00:00+09:00,10050.0,10150.0,9920.0,10000.0,1541057,0.0,0.0
2020-09-08 00:00:00+09:00,10000.0,10050.0,9710.0,9800.0,1460676,0.0,0.0
2020-09-09 00:00:00+09:00,9610.0,9760.0,9550.0,9590.0,776280,0.0,0.0
2020-09-10 00:00:00+09:00,9700.0,9980.0,9650.0,9740.0,1176019,0.0,0.0
2020-09-11 00:00:00+09:00,9640.0,9720.0,9580.0,9660.0,479003,0.0,0.0
2020-09-14 00:00:00+09:00,9650.0,9850.0,9620.0,9850.0,562249,0.0,0.0
2020-09-15 00:00:00+09:00,10350.0,10350.0,9950.0,9950.0,1908038,0.0,0.0
2020-09-16 00:00:00+09:00,10000.0,10150.0,9910.0,10000.0,906072,0.0,0.0
2020-09-17 00:00:00+09:00,10050.0,10150.0,9820.0,9820.0,769594,0.0,0.0
2020-09-18 00:00:00+09:00,9890.0,10050.0,9860.0,9970.0,719277,0.0,0.0
2020-09-21 00:00:00+09:00,10000.0,10100.0,9650.0,9720.0,558458,0.0,0.0
2020-09-22 00:00:00+09:00,9800.0,9800.0,9210.0,9230.0,838648,0.0,0.0
2020-09-23 00:00:00+09:00,9400.0,9500.0,9100.0,9390.0,414070,0.0,0.0
2020-09-24 00:00:00+09:00,9160.0,9300.0,8800.0,8960.0,854615,0.0,0.0
2020-09-25 00:00:00+09:00,9140.0,9150.0,8850.0,8870.0,416265,0.0,0.0
2020-09-28 00:00:00+09:00,8960.0,9080.0,8930.0,9020.0,326934,0.0,0.0
2020-09-29 00:00:00+09:00,9150.0,9230.0,9050.0,9130.0,377724,0.0,0.0
2020-10-05 00:00:00+09:00,9150.0,9650.0,9110.0,9530.0,967864,0.0,0.0
2020-10-06 00:00:00+09:00,9630.0,9630.0,9400.0,9460.0,368265,0.0,0.0
2020-10-07 00:00:00+09:00,9360.0,9600.0,9330.0,9500.0,349325,0.0,0.0
2020-10-08 00:00:00+09:00,9620.0,9640.0,9480.0,9510.0,267732,0.0,0.0
2020-10-12 00:00:00+09:00,9670.0,9930.0,9620.0,9880.0,1204775,0.0,0.0
2020-10-13 00:00:00+09:00,9900.0,9970.0,9670.0,9780.0,453942,0.0,0.0
2020-10-14 00:00:00+09:00,9870.0,9870.0,9550.0,9570.0,543750,0.0,0.0
2020-10-15 00:00:00+09:00,9560.0,9600.0,9360.0,9440.0,368901,0.0,0.0
2020-10-16 00:00:00+09:00,9430.0,9490.0,9200.0,9320.0,328108,0.0,0.0
2020-10-19 00:00:00+09:00,9360.0,9440.0,9240.0,9260.0,238411,0.0,0.0
2020-10-20 00:00:00+09:00,9150.0,9710.0,9150.0,9570.0,1003519,0.0,0.0
2020-10-21 00:00:00+09:00,9580.0,9600.0,9380.0,9500.0,288513,0.0,0.0
2020-10-22 00:00:00+09:00,9500.0,9550.0,9320.0,9330.0,268201,0.0,0.0
2020-10-23 00:00:00+09:00,9340.0,9420.0,9200.0,9260.0,217159,0.0,0.0
2020-10-26 00:00:00+09:00,9250.0,9260.0,8910.0,8910.0,486613,0.0,0.0
2020-10-27 00:00:00+09:00,8790.0,9150.0,8780.0,9000.0,294202,0.0,0.0
2020-10-28 00:00:00+09:00,8890.0,9270.0,8890.0,9170.0,280469,0.0,0.0
2020-10-29 00:00:00+09:00,9010.0,9340.0,8970.0,9340.0,256908,0.0,0.0
2020-10-30 00:00:00+09:00,9340.0,9350.0,9050.0,9090.0,210940,0.0,0.0
2020-11-02 00:00:00+09:00,9120.0,9240.0,9010.0,9200.0,147548,0.0,0.0
2020-11-03 00:00:00+09:00,9240.0,9350.0,9200.0,9220.0,289522,0.0,0.0
2020-11-04 00:00:00+09:00,9260.0,9290.0,9140.0,9250.0,310350,0.0,0.0
2020-11-05 00:00:00+09:00,9300.0,9650.0,9300.0,9550.0,677014,0.0,0.0
2020-11-06 00:00:00+09:00,9580.0,9580.0,9350.0,9370.0,375866,0.0,0.0
2020-11-09 00:00:00+09:00,9410.0,9720.0,9410.0,9640.0,708670,0.0,0.0
2020-11-10 00:00:00+09:00,9640.0,9640.0,9500.0,9600.0,343513,0.0,0.0
2020-11-11 00:00:00+09:00,9600.0,9770.0,9500.0,9650.0,388760,0.0,0.0
2020-11-12 00:00:00+09:00,9720.0,9770.0,9620.0,9640.0,388843,0.0,0.0
2020-11-13 00:00:00+09:00,9690.0,9690.0,9480.0,9620.0,311366,0.0,0.0
2020-11-16 00:00:00+09:00,9610.0,9870.0,9590.0,9620.0,641622,0.0,0.0
2020-11-17 00:00:00+09:00,9680.0,9750.0,9470.0,9490.0,455304,0.0,0.0
2020-11-18 00:00:00+09:00,9480.0,9630.0,9440.0,9630.0,383814,0.0,0.0
2020-11-19 00:00:00+09:00,9610.0,9840.0,9550.0,9690.0,597827,0.0,0.0
2020-11-20 00:00:00+09:00,9700.0,9770.0,9680.0,9750.0,309376,0.0,0.0
2020-11-23 00:00:00+09:00,9810.0,9980.0,9710.0,9960.0,1008803,0.0,0.0
2020-11-24 00:00:00+09:00,10000.0,10000.0,9810.0,9890.0,547465,0.0,0.0
2020-11-25 00:00:00+09:00,9920.0,9920.0,9580.0,9600.0,652773,0.0,0.0
2020-11-26 00:00:00+09:00,9640.0,9760.0,9500.0,9730.0,316422,0.0,0.0
2020-11-27 00:00:00+09:00,9700.0,9870.0,9660.0,9820.0,490159,0.0,0.0
2020-11-30 00:00:00+09:00,9950.0,10300.0,9900.0,10150.0,2451504,0.0,0.0
2020-12-01 00:00:00+09:00,10300.0,10400.0,10150.0,10300.0,2340272,0.0,0.0
2020-12-02 00:00:00+09:00,10350.0,10350.0,10050.0,10200.0,900054,0.0,0.0
2020-12-03 00:00:00+09:00,10200.0,10200.0,9930.0,10050.0,915730,0.0,0.0
2020-12-04 00:00:00+09:00,9980.0,10150.0,9980.0,10050.0,546267,0.0,0.0
2020-12-07 00:00:00+09:00,10050.0,10050.0,9880.0,9990.0,646561,0.0,0.0
2020-12-08 00:00:00+09:00,9990.0,10100.0,9890.0,10050.0,690245,0.0,0.0
2020-12-09 00:00:00+09:00,10100.0,10150.0,9960.0,9960.0,666889,0.0,0.0
2020-12-10 00:00:00+09:00,10000.0,10250.0,9940.0,10250.0,1336022,0.0,0.0
2020-12-11 00:00:00+09:00,10300.0,10650.0,10250.0,10300.0,1618090,0.0,0.0
2020-12-14 00:00:00+09:00,10400.0,10450.0,10200.0,10300.0,700884,0.0,0.0
2020-12-15 00:00:00+09:00,10400.0,11000.0,10350.0,10950.0,3686824,0.0,0.0
2020-12-16 00:00:00+09:00,11050.0,11150.0,10700.0,10850.0,1996733,0.0,0.0
2020-12-17 00:00:00+09:00,10800.0,11450.0,10700.0,10950.0,3164598,0.0,0.0
2020-12-18 00:00:00+09:00,11200.0,11350.0,11000.0,11200.0,1703455,0.0,0.0
2020-12-21 00:00:00+09:00,11250.0,11350.0,10850.0,11150.0,1097583,0.0,0.0
2020-12-22 00:00:00+09:00,11150.0,11150.0,10550.0,10600.0,1339240,0.0,0.0
2020-12-23 00:00:00+09:00,10700.0,11100.0,10650.0,10850.0,1481339,0.0,0.0
2020-12-24 00:00:00+09:00,10850.0,11000.0,10700.0,10700.0,804571,0.0,0.0
2020-12-28 00:00:00+09:00,10900.0,11450.0,10800.0,11000.0,2624753,0.0,0.0
2020-12-29 00:00:00+09:00,11250.0,11300.0,10950.0,11150.0,1071650,0.0,0.0
2020-12-30 00:00:00+09:00,11200.0,11250.0,11000.0,11200.0,856154,0.0,0.0
2021-01-04 00:00:00+09:00,11500.0,11600.0,11350.0,11450.0,1578799,0.0,0.0
2021-01-05 00:00:00+09:00,11350.0,11700.0,11200.0,11600.0,1602557,0.0,0.0
2021-01-06 00:00:00+09:00,11900.0,11950.0,11400.0,11600.0,1705809,0.0,0.0
2021-01-07 00:00:00+09:00,11800.0,11900.0,11600.0,11650.0,1178900,0.0,0.0
2021-01-08 00:00:00+09:00,11750.0,11750.0,11450.0,11600.0,1164401,0.0,0.0
2021-01-11 00:00:00+09:00,11850.0,12150.0,11400.0,11800.0,2832292,0.0,0.0
2021-01-12 00:00:00+09:00,11750.0,11750.0,11400.0,11600.0,1157654,0.0,0.0
2021-01-13 00:00:00+09:00,11650.0,11700.0,11500.0,11600.0,652057,0.0,0.0
2021-01-14 00:00:00+09:00,11600.0,11750.0,11550.0,11600.0,637625,0.0,0.0
2021-01-15 00:00:00+09:00,11550.0,11650.0,11300.0,11400.0,797779,0.0,0.0
2021-01-18 00:00:00+09:00,11300.0,11500.0,11100.0,11300.0,979980,0.0,0.0
2021-01-19 00:00:00+09:00,11450.0,11750.0,11400.0,11650.0,1557614,0.0,0.0
2021-01-20 00:00:00+09:00,11850.0,12450.0,11600.0,12300.0,2899831,0.0,0.0
2021-01-21 00:00:00+09:00,12600.0,12950.0,12500.0,12600.0,2164465,0.0,0.0
2021-01-22 00:00:00+09:00,12600.0,12700.0,12250.0,12600.0,898395,0.0,0.0
2021-01-25 00:00:00+09:00,12750.0,13100.0,12600.0,12650.0,943086,0.0,0.0
2021-01-26 00:00:00+09:00,12650.0,12850.0,12400.0,12800.0,834591,0.0,0.0
2021-01-27 00:00:00+09:00,12900.0,12950.0,12350.0,12500.0,870062,0.0,0.0
2021-01-28 00:00:00+09:00,12050.0,12400.0,12050.0,12200.0,881826,0.0,0.0
2021-01-29 00:00:00+09:00,12400.0,12550.0,11400.0,11700.0,1459890,0.0,0.0
2021-02-01 00:00:00+09:00,11600.0,12000.0,11250.0,11900.0,950363,0.0,0.0
2021-02-02 00:00:00+09:00,12150.0,12450.0,11950.0,12150.0,958296,0.0,0.0
2021-02-03 00:00:00+09:00,12250.0,12500.0,12050.0,12500.0,947099,0.0,0.0
2021-02-04 00:00:00+09:00,12700.0,12750.0,12250.0,12650.0,1205797,0.0,0.0
2021-02-05 00:00:00+09:00,12750.0,12800.0,12250.0,12300.0,813351,0.0,0.0
2021-02-08 00:00:00+09:00,12300.0,12450.0,12150.0,12350.0,546454,0.0,0.0
2021-02-09 00:00:00+09:00,12500.0,12700.0,12300.0,12350.0,776438,0.0,0.0
2021-02-10 00:00:00+09:00,12450.0,12650.0,12350.0,12500.0,695393,0.0,0.0
2021-02-15 00:00:00+09:00,12600.0,12600.0,12450.0,12600.0,629157,0.0,0.0
2021-02-16 00:00:00+09:00,12650.0,12950.0,12550.0,12950.0,1420803,0.0,0.0
2021-02-17 00:00:00+09:00,13000.0,13200.0,12800.0,13150.0,1099979,0.0,0.0
2021-02-18 00:00:00+09:00,13300.0,13900.0,13150.0,13150.0,2177521,0.0,0.0
2021-02-19 00:00:00+09:00,13250.0,13250.0,12750.0,13200.0,860393,0.0,0.0
2021-02-22 00:00:00+09:00,13350.0,13350.0,12850.0,12950.0,677787,0.0,0.0
2021-02-23 00:00:00+09:00,12700.0,13000.0,12600.0,12850.0,521756,0.0,0.0
2021-02-24 00:00:00+09:00,12800.0,12850.0,12250.0,12300.0,812802,0.0,0.0
2021-02-25 00:00:00+09:00,12550.0,12750.0,12350.0,12750.0,670463,0.0,0.0
2021-02-26 00:00:00+09:00,12250.0,12500.0,12200.0,12500.0,723316,0.0,0.0
2021-03-02 00:00:00+09:00,12750.0,12800.0,12200.0,12350.0,708178,0.0,0.0
2021-03-03 00:00:00+09:00,12250.0,12450.0,12200.0,12450.0,321623,0.0,0.0
2021-03-04 00:00:00+09:00,12300.0,12350.0,12100.0,12200.0,398414,0.0,0.0
2021-03-05 00:00:00+09:00,12000.0,12150.0,11900.0,12150.0,462720,0.0,0.0
2021-03-08 00:00:00+09:00,12250.0,12300.0,12050.0,12100.0,369308,0.0,0.0
2021-03-09 00:00:00+09:00,12000.0,12100.0,11600.0,11900.0,645485,0.0,0.0
2021-03-10 00:00:00+09:00,12000.0,12050.0,11600.0,11700.0,342801,0.0,0.0
2021-03-11 00:00:00+09:00,11800.0,12050.0,11650.0,12000.0,335921,0.0,0.0
2021-03-12 00:00:00+09:00,12100.0,12150.0,12000.0,12050.0,250155,0.0,0.0
2021-03-15 00:00:00+09:00,12050.0,12400.0,11900.0,12400.0,401850,0.0,0.0
2021-03-16 00:00:00+09:00,12500.0,12500.0,12200.0,12400.0,354212,0.0,0.0
2021-03-17 00:00:00+09:00,12400.0,12450.0,12300.0,12400.0,292501,0.0,0.0
2021-03-18 00:00:00+09:00,12500.0,12550.0,12400.0,12500.0,356438,0.0,0.0
2021-03-19 00:00:00+09:00,12300.0,12600.0,12300.0,12550.0,340597,0.0,0.0
2021-03-22 00:00:00+09:00,12550.0,12600.0,12400.0,12550.0,289318,0.0,0.0
2021-03-23 00:00:00+09:00,12600.0,12850.0,12500.0,12550.0,725494,0.0,0.0
2021-03-24 00:00:00+09:00,12550.0,12650.0,12350.0,12500.0,570341,0.0,0.0
2021-03-25 00:00:00+09:00,12450.0,13050.0,12450.0,13000.0,1363887,0.0,0.0
2021-03-26 00:00:00+09:00,13050.0,13100.0,12800.0,13000.0,624819,0.0,0.0
2021-03-29 00:00:00+09:00,13150.0,13150.0,12850.0,12850.0,501869,0.0,0.0
2021-03-30 00:00:00+09:00,12850.0,13000.0,12800.0,12900.0,421177,0.0,0.0
2021-03-31 00:00:00+09:00,12950.0,13400.0,12950.0,13400.0,1406854,0.0,0.0
2021-04-01 00:00:00+09:00,13500.0,13700.0,13300.0,13650.0,1013036,0.0,0.0
2021-04-02 00:00:00+09:00,13650.0,13700.0,13300.0,13400.0,669308,0.0,0.0
2021-04-05 00:00:00+09:00,13500.0,13500.0,13200.0,13400.0,430274,0.0,0.0
2021-04-06 00:00:00+09:00,13400.0,13450.0,13150.0,13300.0,474110,0.0,0.0
2021-04-07 00:00:00+09:00,13250.0,13300.0,13150.0,13300.0,265009,0.0,0.0
2021-04-08 00:00:00+09:00,13300.0,14200.0,13300.0,14100.0,2348607,0.0,0.0
2021-04-09 00:00:00+09:00,14200.0,14650.0,13850.0,14500.0,1267803,0.0,0.0
2021-04-12 00:00:00+09:00,14750.0,14800.0,14300.0,14550.0,802754,0.0,0.0
2021-04-13 00:00:00+09:00,14550.0,14800.0,14250.0,14300.0,687934,0.0,0.0
2021-04-14 00:00:00+09:00,14400.0,15000.0,14300.0,14700.0,885874,0.0,0.0
2021-04-15 00:00:00+09:00,14550.0,14850.0,14500.0,14600.0,402666,0.0,0.0
2021-04-16 00:00:00+09:00,14500.0,14600.0,14200.0,14450.0,455365,0.0,0.0
2021-04-19 00:00:00+09:00,14600.0,14800.0,14250.0,14450.0,702204,0.0,0.0
2021-04-20 00:00:00+09:00,14450.0,14500.0,14250.0,14450.0,397543,0.0,0.0
2021-04-21 00:00:00+09:00,14400.0,14400.0,14000.0,14200.0,688460,0.0,0.0
2021-04-22 00:00:00+09:00,14300.0,14450.0,14100.0,14300.0,443551,0.0,0.0
2021-04-23 00:00:00+09:00,14200.0,14300.0,14000.0,14250.0,333858,0.0,0.0
2021-04-26 00:00:00+09:00,14400.0,14450.0,14150.0,14250.0,423033,0.0,0.0
2021-04-27 00:00:00+09:00,14300.0,14300.0,14100.0,14250.0,287979,0.0,0.0
2021-04-28 00:00:00+09:00,14150.0,14200.0,13750.0,13850.0,593103,0.0,0.0
2021-04-29 00:00:00+09:00,13800.0,14000.0,13500.0,14000.0,584763,0.0,0.0
2021-04-30 00:00:00+09:00,14000.0,14000.0,13600.0,13700.0,465620,0.0,0.0
2021-05-03 00:00:00+09:00,13650.0,13950.0,13450.0,13600.0,357377,0.0,0.0
2021-05-04 00:00:00+09:00,13650.0,14000.0,13400.0,13950.0,593893,0.0,0.0
2021-05-06 00:00:00+09:00,13900.0,14150.0,13800.0,13950.0,466953,0.0,0.0
2021-05-07 00:00:00+09:00,14100.0,14100.0,13900.0,13950.0,257651,0.0,0.0
2021-05-10 00:00:00+09:00,13950.0,14350.0,13850.0,14200.0,567395,0.0,0.0
2021-05-11 00:00:00+09:00,14050.0,14100.0,13850.0,14000.0,379315,0.0,0.0
2021-05-12 00:00:00+09:00,13950.0,13950.0,13550.0,13700.0,478675,0.0,0.0
2021-05-13 00:00:00+09:00,13400.0,13650.0,13300.0,13400.0,483458,0.0,0.0
2021-05-14 00:00:00+09:00,13500.0,13650.0,13350.0,13400.0,394732,0.0,0.0
2021-05-17 00:00:00+09:00,12900.0,13050.0,12650.0,12900.0,1262787,0.0,0.0
2021-05-18 00:00:00+09:00,12900.0,13350.0,12700.0,13350.0,684445,0.0,0.0
2021-05-20 00:00:00+09:00,13350.0,13500.0,13050.0,13450.0,324189,0.0,0.0
2021-05-21 00:00:00+09:00,13550.0,13650.0,13150.0,13200.0,317996,0.0,0.0
2021-05-24 00:00:00+09:00,13200.0,13200.0,12950.0,13050.0,365637,0.0,0.0
2021-05-25 00:00:00+09:00,13150.0,13250.0,13000.0,13100.0,339929,0.0,0.0
2021-05-26 00:00:00+09:00,13100.0,13150.0,13000.0,13000.0,326134,0.0,0.0
2021-05-27 00:00:00+09:00,13050.0,13300.0,13050.0,13100.0,510343,0.0,0.0
2021-05-28 00:00:00+09:00,13150.0,13450.0,13100.0,13250.0,441499,0.0,0.0
2021-05-31 00:00:00+09:00,13350.0,13350.0,13050.0,13200.0,307860,0.0,0.0
2021-06-01 00:00:00+09:00,13200.0,13200.0,13050.0,13100.0,244098,0.0,0.0
2021-06-02 00:00:00+09:00,13100.0,13200.0,12950.0,13000.0,484331,0.0,0.0
2021-06-03 00:00:00+09:00,13000.0,13050.0,12800.0,12800.0,630331,0.0,0.0
2021-06-04 00:00:00+09:00,12750.0,13050.0,12700.0,12900.0,392068,0.0,0.0
2021-06-07 00:00:00+09:00,12900.0,12950.0,12750.0,12850.0,285379,0.0,0.0
2021-06-08 00:00:00+09:00,12800.0,13150.0,12750.0,12950.0,494675,0.0,0.0
2021-06-09 00:00:00+09:00,13000.0,13000.0,12800.0,12850.0,255938,0.0,0.0
2021-06-10 00:00:00+09:00,12800.0,12850.0,12750.0,12800.0,367384,0.0,0.0
2021-06-11 00:00:00+09:00,12850.0,12950.0,12750.0,12900.0,219111,0.0,0.0
2021-06-14 00:00:00+09:00,13000.0,13000.0,12800.0,12850.0,235806,0.0,0.0
2021-06-15 00:00:00+09:00,12900.0,12950.0,12800.0,12850.0,256038,0.0,0.0
2021-06-16 00:00:00+09:00,12900.0,13350.0,12750.0,13200.0,941970,0.0,0.0
2021-06-17 00:00:00+09:00,13200.0,13200.0,13000.0,13150.0,426683,0.0,0.0
2021-06-18 00:00:00+09:00,13100.0,13500.0,13000.0,13450.0,921175,0.0,0.0
2021-06-21 00:00:00+09:00,13350.0,13450.0,13050.0,13100.0,528849,0.0,0.0
2021-06-22 00:00:00+09:00,13200.0,13400.0,13100.0,13300.0,489744,0.0,0.0
2021-06-23 00:00:00+09:00,13400.0,13900.0,13350.0,13500.0,1470144,0.0,0.0
2021-06-24 00:00:00+09:00,13550.0,13600.0,13250.0,13350.0,451007,0.0,0.0
2021-06-25 00:00:00+09:00,13400.0,13450.0,13200.0,13250.0,355500,0.0,0.0
2021-06-28 00:00:00+09:00,13300.0,13450.0,13150.0,13300.0,374317,0.0,0.0
2021-06-29 00:00:00+09:00,13450.0,13450.0,13150.0,13400.0,415677,0.0,0.0
2021-06-30 00:00:00+09:00,13200.0,13350.0,13200.0,13250.0,277275,0.0,0.0
2021-07-01 00:00:00+09:00,13250.0,13550.0,13150.0,13300.0,475697,0.0,0.0
2021-07-02 00:00:00+09:00,13450.0,13550.0,13300.0,13400.0,554836,0.0,0.0
2021-07-05 00:00:00+09:00,13500.0,13850.0,13450.0,13700.0,1093069,0.0,0.0
2021-07-06 00:00:00+09:00,13900.0,13950.0,13500.0,13600.0,1067297,0.0,0.0
2021-07-07 00:00:00+09:00,13600.0,13600.0,13350.0,13400.0,398839,0.0,0.0
2021-07-08 00:00:00+09:00,13400.0,13600.0,13100.0,13200.0,640142,0.0,0.0
2021-07-09 00:00:00+09:00,13000.0,13100.0,12700.0,12900.0,725126,0.0,0.0
2021-07-12 00:00:00+09:00,12950.0,13050.0,12900.0,12900.0,271462,0.0,0.0
2021-07-13 00:00:00+09:00,12950.0,13000.0,12850.0,12950.0,372086,0.0,0.0
2021-07-14 00:00:00+09:00,12900.0,12950.0,12800.0,12900.0,279272,0.0,0.0
2021-07-15 00:00:00+09:00,12900.0,13100.0,12850.0,13000.0,394990,0.0,0.0
2021-07-16 00:00:00+09:00,12900.0,12950.0,12750.0,12900.0,311180,0.0,0.0
2021-07-19 00:00:00+09:00,12800.0,12850.0,12700.0,12850.0,305315,0.0,0.0
2021-07-20 00:00:00+09:00,12650.0,12800.0,12600.0,12700.0,441018,0.0,0.0
2021-07-21 00:00:00+09:00,12750.0,12800.0,12600.0,12650.0,337317,0.0,0.0
2021-07-22 00:00:00+09:00,12650.0,12750.0,12600.0,12650.0,222121,0.0,0.0
2021-07-23 00:00:00+09:00,12700.0,12750.0,12600.0,12750.0,198205,0.0,0.0
2021-07-26 00:00:00+09:00,12750.0,12850.0,12700.0,12750.0,262482,0.0,0.0
2021-07-27 00:00:00+09:00,12800.0,13050.0,12700.0,12950.0,529345,0.0,0.0
2021-07-28 00:00:00+09:00,12900.0,12950.0,12650.0,12650.0,372270,0.0,0.0
2021-07-29 00:00:00+09:00,12650.0,12800.0,12650.0,12650.0,170608,0.0,0.0
2021-07-30 00:00:00+09:00,12650.0,12700.0,12550.0,12550.0,223144,0.0,0.0
2021-08-02 00:00:00+09:00,12550.0,12650.0,12450.0,12500.0,186132,0.0,0.0
2021-08-03 00:00:00+09:00,12450.0,12750.0,12250.0,12650.0,432320,0.0,0.0
2021-08-04 00:00:00+09:00,12650.0,12800.0,12500.0,12750.0,266298,0.0,0.0
2021-08-05 00:00:00+09:00,12750.0,12850.0,12700.0,12800.0,254069,0.0,0.0
2021-08-06 00:00:00+09:00,12800.0,12850.0,12700.0,12800.0,182057,0.0,0.0
2021-08-09 00:00:00+09:00,12800.0,12800.0,12600.0,12650.0,228615,0.0,0.0
2021-08-10 00:00:00+09:00,12600.0,12700.0,12500.0,12650.0,228707,0.0,0.0
2021-08-11 00:00:00+09:00,12650.0,13000.0,12550.0,12650.0,637760,0.0,0.0
2021-08-12 00:00:00+09:00,12700.0,12800.0,12550.0,12600.0,282831,0.0,0.0
2021-08-13 00:00:00+09:00,12650.0,12650.0,12100.0,12300.0,405566,0.0,0.0
2021-08-17 00:00:00+09:00,12250.0,12250.0,11800.0,11850.0,562530,0.0,0.0
2021-08-18 00:00:00+09:00,11800.0,11950.0,11600.0,11950.0,278097,0.0,0.0
2021-08-19 00:00:00+09:00,11800.0,11850.0,11350.0,11400.0,500435,0.0,0.0
2021-08-20 00:00:00+09:00,11600.0,11650.0,11000.0,11100.0,391919,0.0,0.0
2021-08-23 00:00:00+09:00,11500.0,11850.0,11250.0,11850.0,480907,0.0,0.0
2021-08-24 00:00:00+09:00,12150.0,12200.0,11600.0,11800.0,550789,0.0,0.0
2021-08-25 00:00:00+09:00,11600.0,11900.0,11550.0,11850.0,238497,0.0,0.0
2021-08-26 00:00:00+09:00,11800.0,11950.0,11750.0,11850.0,168721,0.0,0.0
2021-08-27 00:00:00+09:00,11800.0,11950.0,11650.0,11900.0,249844,0.0,0.0
2021-08-30 00:00:00+09:00,12050.0,12050.0,11800.0,12000.0,259231,0.0,0.0
2021-08-31 00:00:00+09:00,12050.0,12200.0,11900.0,12100.0,244355,0.0,0.0
2021-09-01 00:00:00+09:00,12100.0,12150.0,11900.0,12100.0,227475,0.0,0.0
2021-09-02 00:00:00+09:00,12150.0,12150.0,11900.0,11950.0,189937,0.0,0.0
2021-09-03 00:00:00+09:00,11950.0,12050.0,11900.0,11950.0,150380,0.0,0.0
2021-09-06 00:00:00+09:00,11950.0,11950.0,11750.0,11950.0,227616,0.0,0.0
2021-09-07 00:00:00+09:00,11950.0,11950.0,11750.0,11750.0,158041,0.0,0.0
2021-09-08 00:00:00+09:00,11750.0,11800.0,11600.0,11700.0,199014,0.0,0.0
2021-09-09 00:00:00+09:00,11650.0,11800.0,11500.0,11700.0,214696,0.0,0.0
2021-09-10 00:00:00+09:00,11600.0,11750.0,11550.0,11650.0,195001,0.0,0.0
2021-09-13 00:00:00+09:00,11700.0,11850.0,11550.0,11600.0,190720,0.0,0.0
2021-09-14 00:00:00+09:00,11700.0,12150.0,11600.0,11950.0,601409,0.0,0.0
2021-09-15 00:00:00+09:00,12000.0,12450.0,11900.0,12400.0,744895,0.0,0.0
2021-09-16 00:00:00+09:00,12400.0,12400.0,12100.0,12300.0,366948,0.0,0.0
2021-09-17 00:00:00+09:00,12250.0,12400.0,12000.0,12300.0,377245,0.0,0.0
2021-09-23 00:00:00+09:00,12150.0,12650.0,12050.0,12450.0,696580,0.0,0.0
2021-09-24 00:00:00+09:00,12650.0,12950.0,12650.0,12750.0,1246249,0.0,0.0
2021-09-27 00:00:00+09:00,13050.0,13150.0,12850.0,12900.0,1058594,0.0,0.0
2021-09-28 00:00:00+09:00,12900.0,13000.0,12600.0,12800.0,539012,0.0,0.0
2021-09-29 00:00:00+09:00,12450.0,13250.0,12400.0,13100.0,1089363,0.0,0.0
2021-09-30 00:00:00+09:00,13150.0,13450.0,13100.0,13350.0,976359,0.0,0.0
2021-10-01 00:00:00+09:00,13400.0,13600.0,13100.0,13350.0,1043756,0.0,0.0
2021-10-05 00:00:00+09:00,13200.0,13500.0,12750.0,13200.0,1100193,0.0,0.0
2021-10-06 00:00:00+09:00,13300.0,13400.0,12600.0,12700.0,933868,0.0,0.0
2021-10-07 00:00:00+09:00,12800.0,12950.0,12550.0,12950.0,515789,0.0,0.0
2021-10-08 00:00:00+09:00,13000.0,13000.0,12550.0,12550.0,448584,0.0,0.0
2021-10-12 00:00:00+09:00,12550.0,12550.0,12100.0,12100.0,428465,0.0,0.0
2021-10-13 00:00:00+09:00,12150.0,12500.0,12150.0,12300.0,353635,0.0,0.0
2021-10-14 00:00:00+09:00,12300.0,12650.0,12200.0,12500.0,337459,0.0,0.0
2021-10-15 00:00:00+09:00,12600.0,12750.0,12350.0,12550.0,369440,0.0,0.0
2021-10-18 00:00:00+09:00,12600.0,12600.0,12350.0,12450.0,237935,0.0,0.0
2021-10-19 00:00:00+09:00,12450.0,12900.0,12400.0,12850.0,564365,0.0,0.0
2021-10-20 00:00:00+09:00,12900.0,12950.0,12600.0,12650.0,428384,0.0,0.0
2021-10-21 00:00:00+09:00,12650.0,12700.0,12450.0,12600.0,279192,0.0,0.0
2021-10-22 00:00:00+09:00,12650.0,12700.0,12400.0,12500.0,247569,0.0,0.0
2021-10-25 00:00:00+09:00,12600.0,12650.0,12400.0,12600.0,227717,0.0,0.0
2021-10-26 00:00:00+09:00,12550.0,12700.0,12550.0,12650.0,199314,0.0,0.0
2021-10-27 00:00:00+09:00,12650.0,12650.0,12400.0,12550.0,273726,0.0,0.0
2021-10-28 00:00:00+09:00,12550.0,12600.0,12450.0,12450.0,195922,0.0,0.0
2021-10-29 00:00:00+09:00,12450.0,12500.0,12100.0,12100.0,320133,0.0,0.0
2021-11-01 00:00:00+09:00,12100.0,12300.0,12050.0,12200.0,175240,0.0,0.0
2021-11-02 00:00:00+09:00,12200.0,12400.0,12150.0,12200.0,180666,0.0,0.0
2021-11-03 00:00:00+09:00,12350.0,12900.0,11950.0,12100.0,1014002,0.0,0.0
2021-11-04 00:00:00+09:00,12150.0,12200.0,11850.0,11900.0,398397,0.0,0.0
2021-11-05 00:00:00+09:00,11900.0,11900.0,11550.0,11750.0,308807,0.0,0.0
2021-11-08 00:00:00+09:00,11900.0,12150.0,11800.0,11950.0,270391,0.0,0.0
2021-11-09 00:00:00+09:00,12100.0,12100.0,11700.0,11800.0,270764,0.0,0.0
2021-11-10 00:00:00+09:00,11800.0,11800.0,11250.0,11250.0,581981,0.0,0.0
2021-11-11 00:00:00+09:00,11200.0,11500.0,11200.0,11350.0,229813,0.0,0.0
2021-11-12 00:00:00+09:00,11250.0,11750.0,11200.0,11650.0,260450,0.0,0.0
2021-11-15 00:00:00+09:00,11700.0,11800.0,11550.0,11800.0,197236,0.0,0.0
2021-11-16 00:00:00+09:00,11800.0,11800.0,11600.0,11750.0,213876,0.0,0.0
2021-11-17 00:00:00+09:00,11750.0,11800.0,11500.0,11650.0,242492,0.0,0.0
2021-11-18 00:00:00+09:00,11550.0,11600.0,11350.0,11400.0,202808,0.0,0.0
2021-11-19 00:00:00+09:00,11450.0,11650.0,11400.0,11600.0,159046,0.0,0.0
2021-11-22 00:00:00+09:00,11650.0,11800.0,11500.0,11750.0,244855,0.0,0.0
2021-11-23 00:00:00+09:00,11700.0,11900.0,11550.0,11600.0,352737,0.0,0.0
2021-11-24 00:00:00+09:00,11600.0,11600.0,11350.0,11400.0,211432,0.0,0.0
2021-11-25 00:00:00+09:00,11400.0,11550.0,11250.0,11350.0,166671,0.0,0.0
2021-11-26 00:00:00+09:00,11350.0,11350.0,10900.0,11000.0,334294,0.0,0.0
2021-11-29 00:00:00+09:00,10500.0,10850.0,10400.0,10550.0,591949,0.0,0.0
2021-11-30 00:00:00+09:00,10600.0,10700.0,10050.0,10100.0,802357,0.0,0.0
2021-12-01 00:00:00+09:00,10050.0,10250.0,9990.0,10200.0,363654,0.0,0.0
2021-12-02 00:00:00+09:00,10050.0,10500.0,10000.0,10500.0,328386,0.0,0.0
2021-12-03 00:00:00+09:00,10500.0,10700.0,10350.0,10650.0,302109,0.0,0.0
2021-12-06 00:00:00+09:00,10600.0,10650.0,10350.0,10650.0,243288,0.0,0.0
2021-12-07 00:00:00+09:00,10700.0,10900.0,10550.0,10800.0,284292,0.0,0.0
2021-12-08 00:00:00+09:00,10950.0,10950.0,10650.0,10800.0,292271,0.0,0.0
2021-12-09 00:00:00+09:00,10800.0,10950.0,10750.0,10900.0,201009,0.0,0.0
2021-12-10 00:00:00+09:00,10800.0,10850.0,10650.0,10750.0,184653,0.0,0.0
2021-12-13 00:00:00+09:00,10800.0,11050.0,10750.0,10850.0,311418,0.0,0.0
2021-12-14 00:00:00+09:00,10850.0,10900.0,10700.0,10850.0,185246,0.0,0.0
2021-12-15 00:00:00+09:00,10800.0,10900.0,10750.0,10850.0,131902,0.0,0.0
2021-12-16 00:00:00+09:00,10900.0,11000.0,10850.0,10950.0,187991,0.0,0.0
2021-12-17 00:00:00+09:00,10850.0,10900.0,10750.0,10850.0,173598,0.0,0.0
2021-12-20 00:00:00+09:00,10800.0,10800.0,10600.0,10700.0,162945,0.0,0.0
2021-12-21 00:00:00+09:00,10650.0,10950.0,10600.0,10900.0,198204,0.0,0.0
2021-12-22 00:00:00+09:00,10950.0,10950.0,10750.0,10800.0,165001,0.0,0.0
2021-12-23 00:00:00+09:00,10800.0,10900.0,10750.0,10900.0,126008,0.0,0.0
2021-12-24 00:00:00+09:00,10900.0,11200.0,10850.0,11100.0,350476,0.0,0.0
2021-12-27 00:00:00+09:00,11150.0,11150.0,10900.0,11000.0,178937,0.0,0.0
2021-12-28 00:00:00+09:00,11050.0,11200.0,11050.0,11200.0,266960,0.0,0.0
2021-12-29 00:00:00+09:00,11200.0,11250.0,11050.0,11050.0,196740,0.0,0.0
2021-12-30 00:00:00+09:00,11100.0,11150.0,11000.0,11100.0,144126,0.0,0.0
2022-01-04 00:00:00+09:00,11600.0,11700.0,11400.0,11600.0,253009,0.0,0.0
2022-01-05 00:00:00+09:00,11600.0,11650.0,11350.0,11600.0,297497,0.0,0.0
2022-01-06 00:00:00+09:00,11400.0,11750.0,11300.0,11600.0,375412,0.0,0.0
2022-01-07 00:00:00+09:00,11600.0,11800.0,11500.0,11600.0,305714,0.0,0.0
2022-01-10 00:00:00+09:00,11600.0,11650.0,11350.0,11450.0,236421,0.0,0.0
2022-01-11 00:00:00+09:00,11450.0,11450.0,11200.0,11350.0,193021,0.0,0.0
2022-01-12 00:00:00+09:00,11400.0,11550.0,11350.0,11400.0,156578,0.0,0.0
2022-01-13 00:00:00+09:00,11550.0,11550.0,11200.0,11250.0,259890,0.0,0.0
2022-01-14 00:00:00+09:00,11250.0,11300.0,11050.0,11300.0,175801,0.0,0.0
2022-01-17 00:00:00+09:00,11200.0,11600.0,11150.0,11550.0,422330,0.0,0.0
2022-01-18 00:00:00+09:00,11600.0,11650.0,11050.0,11200.0,338705,0.0,0.0
2022-01-19 00:00:00+09:00,10950.0,11250.0,10850.0,10950.0,343352,0.0,0.0
2022-01-20 00:00:00+09:00,10950.0,11500.0,10900.0,11500.0,408882,0.0,0.0
2022-01-21 00:00:00+09:00,11400.0,11600.0,11300.0,11500.0,411108,0.0,0.0
2022-01-24 00:00:00+09:00,11450.0,11450.0,11150.0,11200.0,275556,0.0,0.0
2022-01-25 00:00:00+09:00,11300.0,11300.0,10900.0,11050.0,420365,0.0,0.0
2022-01-26 00:00:00+09:00,11100.0,11300.0,11000.0,11100.0,328979,0.0,0.0
2022-01-27 00:00:00+09:00,11100.0,11150.0,10600.0,10600.0,427466,0.0,0.0
2022-01-28 00:00:00+09:00,10650.0,11050.0,10400.0,11000.0,284208,0.0,0.0
2022-02-03 00:00:00+09:00,11150.0,11300.0,11000.0,11200.0,205715,0.0,0.0
2022-02-04 00:00:00+09:00,11050.0,11400.0,11050.0,11400.0,198954,0.0,0.0
2022-02-07 00:00:00+09:00,11400.0,11400.0,11200.0,11300.0,169852,0.0,0.0
2022-02-08 00:00:00+09:00,11300.0,11350.0,11000.0,11200.0,184361,0.0,0.0
2022-02-09 00:00:00+09:00,11200.0,11350.0,11100.0,11350.0,162353,0.0,0.0
2022-02-10 00:00:00+09:00,11350.0,11400.0,11150.0,11250.0,155905,0.0,0.0
2022-02-11 00:00:00+09:00,11100.0,11250.0,11050.0,11150.0,173915,0.0,0.0
2022-02-14 00:00:00+09:00,10950.0,10950.0,10500.0,10500.0,321219,0.0,0.0
2022-02-15 00:00:00+09:00,10500.0,10650.0,10200.0,10350.0,229984,0.0,0.0
2022-02-16 00:00:00+09:00,10600.0,10750.0,10450.0,10650.0,139685,0.0,0.0
2022-02-17 00:00:00+09:00,10650.0,10850.0,10500.0,10650.0,217312,0.0,0.0
2022-02-18 00:00:00+09:00,10500.0,10800.0,10450.0,10800.0,149990,0.0,0.0
2022-02-21 00:00:00+09:00,10700.0,10900.0,10600.0,10800.0,182443,0.0,0.0
2022-02-22 00:00:00+09:00,10500.0,10600.0,10350.0,10400.0,254548,0.0,0.0
2022-02-23 00:00:00+09:00,10450.0,10650.0,10350.0,10500.0,249239,0.0,0.0
2022-02-24 00:00:00+09:00,10350.0,10500.0,10150.0,10250.0,190040,0.0,0.0
2022-02-25 00:00:00+09:00,10350.0,10550.0,10350.0,10500.0,128706,0.0,0.0
2022-02-28 00:00:00+09:00,10400.0,10550.0,10350.0,10400.0,134587,0.0,0.0
2022-03-02 00:00:00+09:00,10300.0,10950.0,10300.0,10850.0,434127,0.0,0.0
2022-03-03 00:00:00+09:00,10900.0,10950.0,10700.0,10850.0,252897,0.0,0.0
2022-03-04 00:00:00+09:00,10900.0,11200.0,10800.0,11100.0,400246,0.0,0.0
2022-03-07 00:00:00+09:00,11050.0,11050.0,10750.0,10800.0,197280,0.0,0.0
2022-03-08 00:00:00+09:00,10550.0,10800.0,10400.0,10500.0,286294,0.0,0.0
2022-03-10 00:00:00+09:00,10700.0,10950.0,10650.0,10900.0,344063,0.0,0.0
2022-03-11 00:00:00+09:00,10900.0,11250.0,10750.0,11200.0,425119,0.0,0.0
2022-03-14 00:00:00+09:00,11300.0,11600.0,11200.0,11600.0,691443,0.0,0.0
2022-03-15 00:00:00+09:00,11650.0,11750.0,11300.0,11350.0,427289,0.0,0.0
2022-03-16 00:00:00+09:00,11450.0,11700.0,11350.0,11600.0,339566,0.0,0.0
2022-03-17 00:00:00+09:00,11750.0,11750.0,11350.0,11500.0,465020,0.0,0.0
2022-03-18 00:00:00+09:00,11500.0,11600.0,11200.0,11550.0,408593,0.0,0.0
2022-03-21 00:00:00+09:00,11550.0,11550.0,11300.0,11350.0,284807,0.0,0.0
2022-03-22 00:00:00+09:00,11350.0,11400.0,11200.0,11350.0,267190,0.0,0.0
2022-03-23 00:00:00+09:00,11400.0,11450.0,11200.0,11300.0,205348,0.0,0.0
2022-03-24 00:00:00+09:00,11250.0,11400.0,11150.0,11350.0,174824,0.0,0.0
2022-03-25 00:00:00+09:00,11300.0,11350.0,11150.0,11200.0,213880,0.0,0.0
2022-03-28 00:00:00+09:00,11200.0,11400.0,11100.0,11400.0,278981,0.0,0.0
2022-03-29 00:00:00+09:00,11400.0,11500.0,11300.0,11400.0,224713,0.0,0.0
2022-03-30 00:00:00+09:00,11400.0,11600.0,11350.0,11500.0,296041,0.0,0.0
2022-03-31 00:00:00+09:00,11600.0,11700.0,11500.0,11650.0,418853,0.0,0.0
2022-04-01 00:00:00+09:00,11650.0,11650.0,11450.0,11550.0,167431,0.0,0.0
2022-04-04 00:00:00+09:00,11600.0,11650.0,11400.0,11400.0,174568,0.0,0.0
2022-04-05 00:00:00+09:00,11500.0,11500.0,11300.0,11500.0,146261,0.0,0.0
2022-04-06 00:00:00+09:00,11400.0,11450.0,11300.0,11350.0,136498,0.0,0.0
2022-04-07 00:00:00+09:00,11250.0,11350.0,11150.0,11250.0,140810,0.0,0.0
2022-04-08 00:00:00+09:00,11250.0,11300.0,11100.0,11300.0,110896,0.0,0.0
2022-04-11 00:00:00+09:00,11350.0,11350.0,11100.0,11150.0,115784,0.0,0.0
2022-04-12 00:00:00+09:00,11050.0,11150.0,10900.0,11000.0,158502,0.0,0.0
2022-04-13 00:00:00+09:00,11000.0,11200.0,11000.0,11200.0,112928,0.0,0.0
2022-04-14 00:00:00+09:00,11150.0,11150.0,11050.0,11150.0,94301,0.0,0.0
2022-04-15 00:00:00+09:00,11050.0,11050.0,10900.0,11000.0,255455,0.0,0.0
2022-04-18 00:00:00+09:00,11050.0,11100.0,10850.0,10950.0,215214,0.0,0.0
2022-04-19 00:00:00+09:00,10950.0,11050.0,10850.0,11050.0,115740,0.0,0.0
2022-04-20 00:00:00+09:00,11200.0,11250.0,11050.0,11200.0,217209,0.0,0.0
2022-04-21 00:00:00+09:00,11200.0,11550.0,11200.0,11500.0,421232,0.0,0.0
2022-04-22 00:00:00+09:00,11400.0,11450.0,11250.0,11350.0,189997,0.0,0.0
2022-04-25 00:00:00+09:00,11200.0,11250.0,11000.0,11050.0,235382,0.0,0.0
2022-04-26 00:00:00+09:00,11100.0,11150.0,11000.0,11100.0,188073,0.0,0.0
2022-04-27 00:00:00+09:00,10850.0,11050.0,10850.0,11000.0,179996,0.0,0.0
2022-04-28 00:00:00+09:00,11100.0,11100.0,10900.0,11100.0,155213,0.0,0.0
2022-04-29 00:00:00+09:00,11150.0,11200.0,11000.0,11200.0,120820,0.0,0.0
2022-05-03 00:00:00+09:00,11000.0,11100.0,10950.0,10950.0,98226,0.0,0.0
2022-05-04 00:00:00+09:00,10950.0,11050.0,10800.0,10850.0,158170,0.0,0.0
2022-05-06 00:00:00+09:00,10800.0,11050.0,10700.0,10900.0,168072,0.0,0.0
2022-05-10 00:00:00+09:00,10400.0,10450.0,10000.0,10300.0,337736,0.0,0.0
2022-05-11 00:00:00+09:00,10350.0,10400.0,10150.0,10350.0,105028,0.0,0.0
2022-05-12 00:00:00+09:00,10150.0,10300.0,10000.0,10000.0,239205,0.0,0.0
2022-05-13 00:00:00+09:00,10050.0,10200.0,10050.0,10200.0,110669,0.0,0.0
2022-05-16 00:00:00+09:00,10300.0,10350.0,10100.0,10150.0,107278,0.0,0.0
2022-05-17 00:00:00+09:00,10150.0,10200.0,10050.0,10150.0,188117,0.0,0.0
2022-05-18 00:00:00+09:00,10200.0,10250.0,10000.0,10100.0,195375,0.0,0.0
2022-05-19 00:00:00+09:00,9900.0,9970.0,9850.0,9870.0,308070,0.0,0.0
2022-05-20 00:00:00+09:00,9870.0,10050.0,9860.0,10050.0,176308,0.0,0.0
2022-05-23 00:00:00+09:00,10050.0,10100.0,9960.0,10050.0,107648,0.0,0.0
2022-05-24 00:00:00+09:00,10000.0,10050.0,9860.0,9870.0,171989,0.0,0.0
2022-05-25 00:00:00+09:00,9870.0,10100.0,9820.0,9980.0,158456,0.0,0.0
2022-05-26 00:00:00+09:00,10000.0,10100.0,9960.0,10050.0,114360,0.0,0.0
2022-05-27 00:00:00+09:00,10150.0,10150.0,10000.0,10050.0,123609,0.0,0.0
2022-05-30 00:00:00+09:00,10100.0,10150.0,10000.0,10100.0,183668,0.0,0.0
2022-05-31 00:00:00+09:00,10100.0,10150.0,10000.0,10150.0,122519,0.0,0.0
2022-06-02 00:00:00+09:00,10150.0,10150.0,10000.0,10100.0,116918,0.0,0.0
2022-06-03 00:00:00+09:00,10150.0,10300.0,10050.0,10250.0,224264,0.0,0.0
2022-06-07 00:00:00+09:00,10250.0,10250.0,10000.0,10000.0,121475,0.0,0.0
2022-06-08 00:00:00+09:00,10050.0,10150.0,10000.0,10050.0,80704,0.0,0.0
2022-06-09 00:00:00+09:00,10050.0,10050.0,9910.0,10000.0,185794,0.0,0.0
2022-06-10 00:00:00+09:00,9900.0,10050.0,9900.0,9960.0,86674,0.0,0.0
2022-06-13 00:00:00+09:00,9830.0,9880.0,9300.0,9300.0,410304,0.0,0.0
2022-06-14 00:00:00+09:00,9010.0,9550.0,9010.0,9380.0,399778,0.0,0.0
2022-06-15 00:00:00+09:00,9210.0,9490.0,9210.0,9350.0,164665,0.0,0.0
2022-06-16 00:00:00+09:00,9390.0,9540.0,9120.0,9180.0,160284,0.0,0.0
2022-06-17 00:00:00+09:00,8910.0,9090.0,8890.0,9070.0,205922,0.0,0.0
2022-06-20 00:00:00+09:00,9100.0,9120.0,8510.0,8630.0,238424,0.0,0.0
2022-06-21 00:00:00+09:00,8620.0,8740.0,8580.0,8640.0,239734,0.0,0.0
2022-06-22 00:00:00+09:00,8650.0,8710.0,8160.0,8160.0,267759,0.0,0.0
2022-06-23 00:00:00+09:00,8150.0,8410.0,8060.0,8100.0,297880,0.0,0.0
2022-06-24 00:00:00+09:00,8080.0,8410.0,8070.0,8360.0,254843,0.0,0.0
2022-06-27 00:00:00+09:00,8420.0,8710.0,8340.0,8690.0,258308,0.0,0.0
2022-06-28 00:00:00+09:00,8600.0,8790.0,8600.0,8710.0,150004,0.0,0.0
2022-06-29 00:00:00+09:00,8550.0,8730.0,8520.0,8690.0,136396,0.0,0.0
2022-06-30 00:00:00+09:00,8750.0,8910.0,8550.0,8640.0,224527,0.0,0.0
2022-07-01 00:00:00+09:00,8610.0,8720.0,8360.0,8430.0,202663,0.0,0.0
2022-07-04 00:00:00+09:00,8430.0,8490.0,8150.0,8240.0,139342,0.0,0.0
2022-07-05 00:00:00+09:00,8240.0,8600.0,8240.0,8590.0,143391,0.0,0.0
2022-07-06 00:00:00+09:00,8550.0,8550.0,8370.0,8370.0,126679,0.0,0.0
2022-07-07 00:00:00+09:00,8390.0,8470.0,8360.0,8450.0,72030,0.0,0.0
2022-07-08 00:00:00+09:00,8500.0,8630.0,8490.0,8490.0,117706,0.0,0.0
2022-07-11 00:00:00+09:00,8490.0,8520.0,8370.0,8410.0,88963,0.0,0.0
2022-07-12 00:00:00+09:00,8380.0,8380.0,8110.0,8130.0,157500,0.0,0.0
2022-07-13 00:00:00+09:00,8120.0,8330.0,8080.0,8300.0,143497,0.0,0.0
2022-07-14 00:00:00+09:00,8300.0,8390.0,8170.0,8290.0,87316,0.0,0.0
2022-07-15 00:00:00+09:00,8340.0,8360.0,8110.0,8230.0,73369,0.0,0.0
2022-07-18 00:00:00+09:00,8340.0,8440.0,8240.0,8390.0,95798,0.0,0.0
2022-07-19 00:00:00+09:00,8360.0,8510.0,8320.0,8510.0,80639,0.0,0.0
2022-07-20 00:00:00+09:00,8590.0,8640.0,8460.0,8530.0,137362,0.0,0.0
2022-07-21 00:00:00+09:00,8530.0,8620.0,8490.0,8620.0,83394,0.0,0.0
2022-07-22 00:00:00+09:00,8620.0,8880.0,8590.0,8640.0,230527,0.0,0.0
2022-07-25 00:00:00+09:00,8620.0,8660.0,8520.0,8660.0,89925,0.0,0.0
2022-07-26 00:00:00+09:00,8700.0,8910.0,8680.0,8820.0,268591,0.0,0.0
2022-07-27 00:00:00+09:00,8820.0,8930.0,8760.0,8930.0,183524,0.0,0.0
2022-07-28 00:00:00+09:00,9070.0,9080.0,8840.0,8920.0,213330,0.0,0.0
2022-07-29 00:00:00+09:00,8940.0,9050.0,8920.0,8920.0,138626,0.0,0.0
2022-08-01 00:00:00+09:00,8920.0,9050.0,8880.0,9020.0,176372,0.0,0.0
2022-08-02 00:00:00+09:00,8960.0,9030.0,8710.0,8760.0,256678,0.0,0.0
2022-08-03 00:00:00+09:00,8750.0,9190.0,8720.0,9110.0,654296,0.0,0.0
2022-08-04 00:00:00+09:00,9140.0,9180.0,8950.0,9040.0,191125,0.0,0.0
2022-08-05 00:00:00+09:00,8980.0,9150.0,8980.0,9120.0,163492,0.0,0.0
2022-08-08 00:00:00+09:00,9140.0,9280.0,9050.0,9270.0,230925,0.0,0.0
2022-08-09 00:00:00+09:00,10800.0,11000.0,9750.0,9930.0,7781078,0.0,0.0
2022-08-10 00:00:00+09:00,9990.0,10150.0,9520.0,9520.0,2199561,0.0,0.0
2022-08-11 00:00:00+09:00,9750.0,9770.0,9520.0,9530.0,1063583,0.0,0.0
2022-08-12 00:00:00+09:00,9540.0,9780.0,9540.0,9710.0,1147957,0.0,0.0
2022-08-16 00:00:00+09:00,9750.0,9790.0,9400.0,9420.0,751670,0.0,0.0
2022-08-17 00:00:00+09:00,9350.0,9530.0,9350.0,9420.0,330958,0.0,0.0
2022-08-18 00:00:00+09:00,9360.0,9550.0,9260.0,9270.0,302427,0.0,0.0
2022-08-19 00:00:00+09:00,9250.0,9800.0,9230.0,9500.0,1065367,0.0,0.0
2022-08-22 00:00:00+09:00,9470.0,9530.0,9290.0,9380.0,344057,0.0,0.0
2022-08-23 00:00:00+09:00,9310.0,9550.0,9290.0,9330.0,333070,0.0,0.0
2022-08-24 00:00:00+09:00,9340.0,9620.0,9340.0,9610.0,578795,0.0,0.0
2022-08-25 00:00:00+09:00,9640.0,9700.0,9560.0,9700.0,333898,0.0,0.0
2022-08-26 00:00:00+09:00,9850.0,9970.0,9720.0,9850.0,823422,0.0,0.0
2022-08-29 00:00:00+09:00,9650.0,10050.0,9600.0,10050.0,797872,0.0,0.0
2022-08-30 00:00:00+09:00,10100.0,10250.0,9990.0,10200.0,702270,0.0,0.0
2022-08-31 00:00:00+09:00,10350.0,10800.0,10300.0,10800.0,1871007,0.0,0.0
2022-09-01 00:00:00+09:00,10950.0,11150.0,10650.0,11000.0,1959473,0.0,0.0
2022-09-02 00:00:00+09:00,11300.0,11300.0,10650.0,11050.0,2111283,0.0,0.0
2022-09-05 00:00:00+09:00,11300.0,11350.0,10500.0,10750.0,2347274,0.0,0.0
2022-09-06 00:00:00+09:00,10300.0,10400.0,10050.0,10300.0,1600140,0.0,0.0
2022-09-07 00:00:00+09:00,10400.0,10450.0,10100.0,10100.0,1060707,0.0,0.0
2022-09-08 00:00:00+09:00,10150.0,10250.0,9940.0,9980.0,823226,0.0,0.0
2022-09-13 00:00:00+09:00,10100.0,10550.0,10000.0,10500.0,846070,0.0,0.0
2022-09-14 00:00:00+09:00,10150.0,10800.0,10100.0,10650.0,962547,0.0,0.0
2022-09-15 00:00:00+09:00,10750.0,10800.0,10250.0,10550.0,789506,0.0,0.0
2022-09-16 00:00:00+09:00,10600.0,10850.0,10350.0,10400.0,608982,0.0,0.0
2022-09-19 00:00:00+09:00,10400.0,10550.0,10050.0,10100.0,501396,0.0,0.0
2022-09-20 00:00:00+09:00,10150.0,10300.0,9800.0,9850.0,739969,0.0,0.0
2022-09-21 00:00:00+09:00,9790.0,10200.0,9790.0,10050.0,437869,0.0,0.0
2022-09-22 00:00:00+09:00,9920.0,10150.0,9770.0,10100.0,458175,0.0,0.0
2022-09-23 00:00:00+09:00,10000.0,10400.0,9830.0,9860.0,524886,0.0,0.0
2022-09-26 00:00:00+09:00,9680.0,9830.0,9370.0,9440.0,495749,0.0,0.0
2022-09-27 00:00:00+09:00,9400.0,9600.0,9160.0,9470.0,436147,0.0,0.0
2022-09-28 00:00:00+09:00,9370.0,9560.0,8890.0,8970.0,438538,0.0,0.0
2022-09-29 00:00:00+09:00,9110.0,9420.0,9030.0,9060.0,314105,0.0,0.0
2022-09-30 00:00:00+09:00,9000.0,9360.0,8910.0,9250.0,413577,0.0,0.0
2022-10-04 00:00:00+09:00,9400.0,9450.0,9310.0,9430.0,254723,0.0,0.0
2022-10-05 00:00:00+09:00,9500.0,9570.0,9220.0,9240.0,225864,0.0,0.0
2022-10-06 00:00:00+09:00,9260.0,9600.0,9260.0,9580.0,208067,0.0,0.0
2022-10-07 00:00:00+09:00,9480.0,9490.0,9270.0,9270.0,201791,0.0,0.0
2022-10-11 00:00:00+09:00,9090.0,9100.0,8790.0,8830.0,333863,0.0,0.0
2022-10-12 00:00:00+09:00,8830.0,8950.0,8760.0,8950.0,139559,0.0,0.0
2022-10-13 00:00:00+09:00,8960.0,8960.0,8520.0,8520.0,222430,0.0,0.0
2022-10-14 00:00:00+09:00,8740.0,8950.0,8670.0,8910.0,181848,0.0,0.0
2022-10-17 00:00:00+09:00,8750.0,8910.0,8690.0,8900.0,114835,0.0,0.0
2022-10-18 00:00:00+09:00,9040.0,9080.0,8850.0,9050.0,142400,0.0,0.0
2022-10-19 00:00:00+09:00,9030.0,9140.0,8890.0,8910.0,171741,0.0,0.0
2022-10-20 00:00:00+09:00,8960.0,9120.0,8860.0,8860.0,158884,0.0,0.0
2022-10-21 00:00:00+09:00,8860.0,9100.0,8810.0,8880.0,192470,0.0,0.0
2022-10-24 00:00:00+09:00,8980.0,9160.0,8950.0,9150.0,267109,0.0,0.0
2022-10-25 00:00:00+09:00,9150.0,9200.0,8970.0,9050.0,178947,0.0,0.0
2022-10-26 00:00:00+09:00,9090.0,9100.0,8800.0,8820.0,258628,0.0,0.0
2022-10-27 00:00:00+09:00,8810.0,8910.0,8720.0,8900.0,159083,0.0,0.0
2022-10-28 00:00:00+09:00,8880.0,9000.0,8750.0,8810.0,131001,0.0,0.0
2022-10-31 00:00:00+09:00,8960.0,8970.0,8810.0,8970.0,118290,0.0,0.0
2022-11-01 00:00:00+09:00,8980.0,9210.0,8920.0,9200.0,214271,0.0,0.0
2022-11-02 00:00:00+09:00,9180.0,9250.0,9000.0,9100.0,196225,0.0,0.0
2022-11-03 00:00:00+09:00,8980.0,9210.0,8920.0,9140.0,140814,0.0,0.0
2022-11-04 00:00:00+09:00,9110.0,9170.0,8970.0,9090.0,162974,0.0,0.0
2022-11-07 00:00:00+09:00,9090.0,9290.0,9090.0,9230.0,140796,0.0,0.0
2022-11-08 00:00:00+09:00,9330.0,9350.0,9210.0,9340.0,162971,0.0,0.0
2022-11-09 00:00:00+09:00,9340.0,9490.0,9320.0,9450.0,204246,0.0,0.0
2022-11-10 00:00:00+09:00,9330.0,9490.0,9250.0,9290.0,152785,0.0,0.0
2022-11-11 00:00:00+09:00,9510.0,9600.0,9440.0,9590.0,263604,0.0,0.0
2022-11-14 00:00:00+09:00,9630.0,9630.0,9390.0,9480.0,190994,0.0,0.0
2022-11-15 00:00:00+09:00,9470.0,9590.0,9450.0,9550.0,131598,0.0,0.0
2022-11-16 00:00:00+09:00,9520.0,9560.0,9360.0,9390.0,154435,0.0,0.0
2022-11-17 00:00:00+09:00,9400.0,9400.0,9170.0,9190.0,131210,0.0,0.0
2022-11-18 00:00:00+09:00,9220.0,9380.0,9130.0,9140.0,151447,0.0,0.0
2022-11-21 00:00:00+09:00,9150.0,9180.0,8910.0,8920.0,175528,0.0,0.0
2022-11-22 00:00:00+09:00,8880.0,9000.0,8840.0,8940.0,101784,0.0,0.0
2022-11-23 00:00:00+09:00,9000.0,9230.0,8940.0,9200.0,134605,0.0,0.0
2022-11-24 00:00:00+09:00,9150.0,9300.0,9150.0,9250.0,94574,0.0,0.0
2022-11-25 00:00:00+09:00,9250.0,9250.0,9150.0,9160.0,62980,0.0,0.0
2022-11-28 00:00:00+09:00,9140.0,9140.0,8930.0,8950.0,114536,0.0,0.0
2022-11-29 00:00:00+09:00,8950.0,9180.0,8920.0,9160.0,89447,0.0,0.0
2022-11-30 00:00:00+09:00,9140.0,9400.0,9040.0,9400.0,208669,0.0,0.0
2022-12-01 00:00:00+09:00,9450.0,9550.0,9360.0,9390.0,166682,0.0,0.0
2022-12-02 00:00:00+09:00,9380.0,9380.0,9260.0,9260.0,85174,0.0,0.0
2022-12-05 00:00:00+09:00,9240.0,9390.0,9180.0,9300.0,91604,0.0,0.0
2022-12-06 00:00:00+09:00,9240.0,9290.0,9180.0,9230.0,104602,0.0,0.0
2022-12-07 00:00:00+09:00,9050.0,9230.0,9050.0,9110.0,97982,0.0,0.0
2022-12-08 00:00:00+09:00,9130.0,9200.0,8950.0,8950.0,164649,0.0,0.0
2022-12-09 00:00:00+09:00,9080.0,9180.0,8950.0,9100.0,115719,0.0,0.0
2022-12-12 00:00:00+09:00,9070.0,9400.0,8990.0,9190.0,180401,0.0,0.0
2022-12-13 00:00:00+09:00,9190.0,9290.0,9070.0,9090.0,67742,0.0,0.0
2022-12-14 00:00:00+09:00,9150.0,9190.0,9120.0,9170.0,82473,0.0,0.0
2022-12-15 00:00:00+09:00,9110.0,9160.0,8990.0,9020.0,108634,0.0,0.0
2022-12-16 00:00:00+09:00,8950.0,8960.0,8840.0,8850.0,195268,0.0,0.0
2022-12-19 00:00:00+09:00,8930.0,9000.0,8870.0,9000.0,94532,0.0,0.0
2022-12-20 00:00:00+09:00,8920.0,8990.0,8740.0,8780.0,120493,0.0,0.0
2022-12-21 00:00:00+09:00,8790.0,8890.0,8740.0,8780.0,87367,0.0,0.0
2022-12-22 00:00:00+09:00,8880.0,9000.0,8840.0,8980.0,131050,0.0,0.0
2022-12-23 00:00:00+09:00,8850.0,8850.0,8700.0,8770.0,139764,0.0,0.0
2022-12-26 00:00:00+09:00,8740.0,8800.0,8630.0,8690.0,153749,0.0,0.0
2022-12-27 00:00:00+09:00,8660.0,8870.0,8660.0,8860.0,169623,0.0,0.0
2022-12-28 00:00:00+09:00,8760.0,8760.0,8400.0,8430.0,321533,0.0,0.0
2022-12-29 00:00:00+09:00,8380.0,8430.0,8160.0,8270.0,173714,0.0,0.0
2023-01-02 00:00:00+09:00,8230.0,8340.0,8090.0,8090.0,124398,0.0,0.0
2023-01-03 00:00:00+09:00,8090.0,8220.0,7870.0,8200.0,176743,0.0,0.0
2023-01-04 00:00:00+09:00,8090.0,8220.0,8040.0,8220.0,77629,0.0,0.0
2023-01-05 00:00:00+09:00,8290.0,8660.0,8190.0,8570.0,425605,0.0,0.0
2023-01-06 00:00:00+09:00,8480.0,8550.0,8360.0,8480.0,224161,0.0,0.0
2023-01-09 00:00:00+09:00,8600.0,8790.0,8580.0,8760.0,254471,0.0,0.0
2023-01-10 00:00:00+09:00,8760.0,8760.0,8610.0,8620.0,177875,0.0,0.0
2023-01-11 00:00:00+09:00,8710.0,8780.0,8670.0,8740.0,123274,0.0,0.0
2023-01-12 00:00:00+09:00,8760.0,8890.0,8660.0,8730.0,170513,0.0,0.0
2023-01-13 00:00:00+09:00,8750.0,8820.0,8680.0,8740.0,95751,0.0,0.0
2023-01-16 00:00:00+09:00,8740.0,8820.0,8730.0,8760.0,75440,0.0,0.0
2023-01-17 00:00:00+09:00,8740.0,8880.0,8670.0,8680.0,161419,0.0,0.0
2023-01-18 00:00:00+09:00,8640.0,8720.0,8630.0,8660.0,83652,0.0,0.0
2023-01-19 00:00:00+09:00,8640.0,8700.0,8610.0,8630.0,55965,0.0,0.0
2023-01-20 00:00:00+09:00,8630.0,8700.0,8610.0,8670.0,50336,0.0,0.0
2023-01-25 00:00:00+09:00,8700.0,8800.0,8640.0,8730.0,370965,0.0,0.0
2023-01-26 00:00:00+09:00,8790.0,8790.0,8710.0,8780.0,115073,0.0,0.0
2023-01-27 00:00:00+09:00,8770.0,8890.0,8750.0,8800.0,135794,0.0,0.0
2023-01-30 00:00:00+09:00,8800.0,8850.0,8760.0,8770.0,138424,0.0,0.0
2023-01-31 00:00:00+09:00,8790.0,8800.0,8700.0,8740.0,104693,0.0,0.0
2023-02-01 00:00:00+09:00,8790.0,8930.0,8750.0,8870.0,161541,0.0,0.0
2023-02-02 00:00:00+09:00,8900.0,9000.0,8860.0,8970.0,235487,0.0,0.0
2023-02-03 00:00:00+09:00,9000.0,9000.0,8820.0,8830.0,172597,0.0,0.0
2023-02-06 00:00:00+09:00,8800.0,8850.0,8680.0,8820.0,168748,0.0,0.0
2023-02-07 00:00:00+09:00,8780.0,8870.0,8770.0,8830.0,140287,0.0,0.0
2023-02-08 00:00:00+09:00,8830.0,8980.0,8830.0,8870.0,146237,0.0,0.0
2023-02-09 00:00:00+09:00,8830.0,8950.0,8790.0,8910.0,135632,0.0,0.0
2023-02-10 00:00:00+09:00,8870.0,8920.0,8730.0,8880.0,207797,0.0,0.0
2023-02-13 00:00:00+09:00,8870.0,8870.0,8710.0,8800.0,93682,0.0,0.0
2023-02-14 00:00:00+09:00,8800.0,8940.0,8770.0,8920.0,124573,0.0,0.0
2023-02-15 00:00:00+09:00,8960.0,8960.0,8570.0,8600.0,202284,0.0,0.0
2023-02-16 00:00:00+09:00,8600.0,8790.0,8600.0,8740.0,156123,0.0,0.0
2023-02-17 00:00:00+09:00,8710.0,9920.0,8630.0,9190.0,2942502,0.0,0.0
2023-02-20 00:00:00+09:00,9300.0,9300.0,9010.0,9150.0,448637,0.0,0.0
2023-02-21 00:00:00+09:00,9160.0,9210.0,9020.0,9160.0,286968,0.0,0.0
2023-02-22 00:00:00+09:00,9020.0,9100.0,8850.0,8870.0,314910,0.0,0.0
2023-02-23 00:00:00+09:00,8900.0,8970.0,8760.0,8910.0,208846,0.0,0.0
2023-02-24 00:00:00+09:00,8980.0,9000.0,8730.0,8790.0,172122,0.0,0.0
2023-02-27 00:00:00+09:00,8910.0,9080.0,8760.0,8940.0,362333,0.0,0.0
2023-02-28 00:00:00+09:00,8980.0,9270.0,8980.0,9130.0,551073,0.0,0.0
2023-03-02 00:00:00+09:00,9140.0,9570.0,9030.0,9400.0,1436699,0.0,0.0
2023-03-03 00:00:00+09:00,9450.0,9460.0,9250.0,9310.0,346307,0.0,0.0
2023-03-06 00:00:00+09:00,9410.0,9440.0,9180.0,9240.0,375582,0.0,0.0
2023-03-07 00:00:00+09:00,9250.0,9340.0,9100.0,9300.0,384788,0.0,0.0
2023-03-08 00:00:00+09:00,9240.0,9280.0,9140.0,9150.0,274799,0.0,0.0
2023-03-09 00:00:00+09:00,9200.0,9260.0,8990.0,9170.0,279753,0.0,0.0
2023-03-10 00:00:00+09:00,9100.0,9100.0,8790.0,8830.0,371972,0.0,0.0
2023-03-13 00:00:00+09:00,8760.0,8880.0,8610.0,8810.0,227967,0.0,0.0
2023-03-14 00:00:00+09:00,8810.0,8810.0,8410.0,8420.0,310379,0.0,0.0
2023-03-15 00:00:00+09:00,8500.0,8620.0,8400.0,8420.0,216194,0.0,0.0
2023-03-16 00:00:00+09:00,8330.0,8480.0,8210.0,8310.0,187752,0.0,0.0
2023-03-17 00:00:00+09:00,8390.0,8590.0,8370.0,8590.0,177535,0.0,0.0
2023-03-20 00:00:00+09:00,8590.0,8640.0,8450.0,8480.0,166138,0.0,0.0
2023-03-21 00:00:00+09:00,8520.0,8550.0,8460.0,8490.0,158460,0.0,0.0
2023-03-22 00:00:00+09:00,8550.0,8560.0,8310.0,8330.0,281667,0.0,0.0
2023-03-23 00:00:00+09:00,8280.0,8340.0,8250.0,8300.0,193803,0.0,0.0
2023-03-24 00:00:00+09:00,8340.0,8400.0,8280.0,8340.0,177786,0.0,0.0
2023-03-27 00:00:00+09:00,8350.0,8520.0,8310.0,8440.0,280649,0.0,0.0
2023-03-28 00:00:00+09:00,8460.0,8470.0,8350.0,8440.0,179653,0.0,0.0
2023-03-29 00:00:00+09:00,8460.0,8720.0,8420.0,8700.0,349679,0.0,0.0
2023-03-30 00:00:00+09:00,8750.0,8750.0,8580.0,8660.0,220689,0.0,0.0
2023-03-31 00:00:00+09:00,8670.0,8710.0,8570.0,8640.0,174995,0.0,0.0
2023-04-03 00:00:00+09:00,8640.0,8700.0,8560.0,8620.0,193849,0.0,0.0
2023-04-04 00:00:00+09:00,8600.0,8700.0,8560.0,8650.0,220601,0.0,0.0
2023-04-05 00:00:00+09:00,8660.0,8740.0,8610.0,8630.0,122451,0.0,0.0
2023-04-06 00:00:00+09:00,8650.0,8670.0,8400.0,8450.0,306582,0.0,0.0
2023-04-07 00:00:00+09:00,8450.0,8530.0,8420.0,8480.0,171336,0.0,0.0
2023-04-10 00:00:00+09:00,8480.0,8520.0,8310.0,8430.0,231876,0.0,0.0
2023-04-11 00:00:00+09:00,8390.0,8510.0,8300.0,8500.0,223816,0.0,0.0
2023-04-12 00:00:00+09:00,8550.0,8620.0,8490.0,8530.0,202593,0.0,0.0
2023-04-13 00:00:00+09:00,8530.0,8590.0,8430.0,8560.0,157966,0.0,0.0
2023-04-14 00:00:00+09:00,8600.0,8760.0,8560.0,8640.0,334210,0.0,0.0
2023-04-17 00:00:00+09:00,8640.0,8660.0,8490.0,8640.0,209403,0.0,0.0
2023-04-18 00:00:00+09:00,8640.0,8680.0,8550.0,8620.0,157334,0.0,0.0
2023-04-19 00:00:00+09:00,8610.0,8730.0,8600.0,8680.0,247384,0.0,0.0
2023-04-20 00:00:00+09:00,8710.0,8750.0,8460.0,8500.0,271276,0.0,0.0
2023-04-21 00:00:00+09:00,8500.0,8500.0,8360.0,8440.0,171972,0.0,0.0
2023-04-24 00:00:00+09:00,8490.0,8490.0,8310.0,8310.0,165505,0.0,0.0
2023-04-25 00:00:00+09:00,8310.0,8350.0,8150.0,8180.0,250949,0.0,0.0
2023-04-26 00:00:00+09:00,8140.0,8310.0,8110.0,8210.0,134123,0.0,0.0
2023-04-27 00:00:00+09:00,8220.0,8280.0,8120.0,8220.0,119297,0.0,0.0
2023-04-28 00:00:00+09:00,8250.0,8270.0,8170.0,8200.0,121906,0.0,0.0
2023-05-02 00:00:00+09:00,8220.0,8350.0,8210.0,8330.0,122268,0.0,0.0
2023-05-03 00:00:00+09:00,8300.0,8360.0,8240.0,8260.0,107944,0.0,0.0
2023-05-04 00:00:00+09:00,8280.0,8370.0,8210.0,8350.0,126935,0.0,0.0
2023-05-08 00:00:00+09:00,8390.0,8420.0,8340.0,8380.0,113806,0.0,0.0
2023-05-09 00:00:00+09:00,8350.0,8400.0,8270.0,8320.0,106841,0.0,0.0
2023-05-10 00:00:00+09:00,8280.0,8390.0,8280.0,8360.0,85354,0.0,0.0
2023-05-11 00:00:00+09:00,8410.0,8530.0,8390.0,8440.0,145574,0.0,0.0
2023-05-12 00:00:00+09:00,8440.0,8460.0,8300.0,8360.0,123665,0.0,0.0
2023-05-15 00:00:00+09:00,8360.0,8420.0,8230.0,8320.0,154428,0.0,0.0
2023-05-16 00:00:00+09:00,8320.0,8380.0,8110.0,8130.0,318925,0.0,0.0
2023-05-17 00:00:00+09:00,8140.0,8250.0,8100.0,8220.0,144925,0.0,0.0
2023-05-18 00:00:00+09:00,8290.0,8320.0,8250.0,8300.0,111568,0.0,0.0
2023-05-19 00:00:00+09:00,8300.0,8450.0,8300.0,8400.0,268880,0.0,0.0
2023-05-22 00:00:00+09:00,8450.0,8580.0,8410.0,8530.0,255235,0.0,0.0
2023-05-23 00:00:00+09:00,8600.0,8640.0,8540.0,8610.0,222123,0.0,0.0
2023-05-24 00:00:00+09:00,8600.0,8620.0,8480.0,8600.0,125597,0.0,0.0
2023-05-25 00:00:00+09:00,8620.0,8740.0,8540.0,8570.0,252133,0.0,0.0
2023-05-26 00:00:00+09:00,8600.0,8600.0,8380.0,8440.0,158615,0.0,0.0
2023-05-30 00:00:00+09:00,8440.0,8600.0,8440.0,8590.0,117947,0.0,0.0
2023-05-31 00:00:00+09:00,8560.0,8670.0,8510.0,8510.0,141466,0.0,0.0
2023-06-01 00:00:00+09:00,8500.0,8580.0,8460.0,8550.0,89850,0.0,0.0
2023-06-02 00:00:00+09:00,8550.0,8650.0,8540.0,8600.0,151710,0.0,0.0
2023-06-05 00:00:00+09:00,8670.0,8880.0,8660.0,8880.0,413696,0.0,0.0
2023-06-07 00:00:00+09:00,8870.0,8930.0,8810.0,8820.0,221055,0.0,0.0
2023-06-08 00:00:00+09:00,8770.0,8870.0,8760.0,8860.0,161661,0.0,0.0
2023-06-09 00:00:00+09:00,8910.0,8930.0,8810.0,8840.0,146108,0.0,0.0
2023-06-12 00:00:00+09:00,8890.0,8890.0,8710.0,8770.0,179460,0.0,0.0
2023-06-13 00:00:00+09:00,8770.0,8940.0,8770.0,8840.0,355972,0.0,0.0
2023-06-14 00:00:00+09:00,8810.0,8840.0,8480.0,8560.0,468680,0.0,0.0
2023-06-15 00:00:00+09:00,8600.0,8770.0,8530.0,8600.0,348168,0.0,0.0
2023-06-16 00:00:00+09:00,8630.0,8670.0,8560.0,8560.0,186255,0.0,0.0
2023-06-19 00:00:00+09:00,8650.0,8710.0,8590.0,8680.0,214288,0.0,0.0
2023-06-20 00:00:00+09:00,8700.0,8730.0,8630.0,8680.0,155248,0.0,0.0
2023-06-21 00:00:00+09:00,8690.0,8810.0,8680.0,8770.0,260255,0.0,0.0
2023-06-22 00:00:00+09:00,8770.0,8840.0,8720.0,8780.0,191062,0.0,0.0
2023-06-23 00:00:00+09:00,8850.0,9120.0,8810.0,9120.0,841334,0.0,0.0
2023-06-26 00:00:00+09:00,9200.0,9230.0,8860.0,8930.0,656344,0.0,0.0
2023-06-27 00:00:00+09:00,8900.0,8900.0,8720.0,8860.0,424872,0.0,0.0
2023-06-28 00:00:00+09:00,9080.0,9250.0,8820.0,8870.0,2576918,0.0,0.0
2023-06-29 00:00:00+09:00,8990.0,9090.0,8860.0,8970.0,809928,0.0,0.0
2023-06-30 00:00:00+09:00,8950.0,8950.0,8610.0,8670.0,590302,0.0,0.0
2023-07-03 00:00:00+09:00,8660.0,8710.0,8530.0,8660.0,312472,0.0,0.0
2023-07-04 00:00:00+09:00,8650.0,8670.0,8500.0,8600.0,314222,0.0,0.0
2023-07-05 00:00:00+09:00,8530.0,8550.0,8360.0,8370.0,404046,0.0,0.0
2023-07-06 00:00:00+09:00,8380.0,8380.0,8250.0,8250.0,249681,0.0,0.0
2023-07-07 00:00:00+09:00,8340.0,8360.0,8190.0,8330.0,220669,0.0,0.0
2023-07-10 00:00:00+09:00,8450.0,8520.0,8410.0,8420.0,248515,0.0,0.0
2023-07-12 00:00:00+09:00,8720.0,8870.0,8620.0,8800.0,479103,0.0,0.0
2023-07-13 00:00:00+09:00,8900.0,9140.0,8850.0,9060.0,895675,0.0,0.0
2023-07-14 00:00:00+09:00,8990.0,9060.0,8820.0,8890.0,535303,0.0,0.0
2023-07-17 00:00:00+09:00,9420.0,9430.0,8910.0,8960.0,2192472,0.0,0.0
2023-07-18 00:00:00+09:00,9010.0,9130.0,8750.0,8850.0,896337,0.0,0.0
2023-07-19 00:00:00+09:00,8950.0,9100.0,8530.0,8770.0,3215727,0.0,0.0
2023-07-20 00:00:00+09:00,8950.0,9160.0,8810.0,8840.0,3313685,0.0,0.0
2023-07-21 00:00:00+09:00,8770.0,8810.0,8630.0,8800.0,494087,0.0,0.0
2023-07-24 00:00:00+09:00,8920.0,8920.0,8570.0,8570.0,455475,0.0,0.0
2023-07-25 00:00:00+09:00,8510.0,8570.0,8440.0,8510.0,383983,0.0,0.0
2023-07-26 00:00:00+09:00,8510.0,8510.0,8150.0,8160.0,679139,0.0,0.0
2023-07-27 00:00:00+09:00,8030.0,8280.0,8030.0,8240.0,381692,0.0,0.0
2023-07-28 00:00:00+09:00,8210.0,8300.0,8120.0,8260.0,251155,0.0,0.0
2023-07-31 00:00:00+09:00,8320.0,8460.0,8260.0,8460.0,245222,0.0,0.0
2023-08-01 00:00:00+09:00,8400.0,8490.0,8370.0,8440.0,227329,0.0,0.0
2023-08-02 00:00:00+09:00,8380.0,8580.0,8380.0,8460.0,261886,0.0,0.0
2023-08-03 00:00:00+09:00,8430.0,8590.0,8350.0,8550.0,249283,0.0,0.0
2023-08-04 00:00:00+09:00,8510.0,8680.0,8480.0,8670.0,248013,0.0,0.0
2023-08-07 00:00:00+09:00,8750.0,9000.0,8700.0,8980.0,895847,0.0,0.0
2023-08-08 00:00:00+09:00,9100.0,9110.0,8880.0,9060.0,814027,0.0,0.0
2023-08-09 00:00:00+09:00,9180.0,9380.0,8820.0,9370.0,2375963,0.0,0.0
2023-08-10 00:00:00+09:00,9520.0,9560.0,8590.0,8600.0,3062501,0.0,0.0
2023-08-11 00:00:00+09:00,8490.0,8500.0,8310.0,8370.0,857427,0.0,0.0
2023-08-14 00:00:00+09:00,8380.0,8400.0,8240.0,8260.0,396127,0.0,0.0
2023-08-16 00:00:00+09:00,8180.0,8200.0,8080.0,8100.0,375917,0.0,0.0
2023-08-17 00:00:00+09:00,8040.0,8230.0,8040.0,8180.0,321211,0.0,0.0
2023-08-18 00:00:00+09:00,8120.0,8250.0,8090.0,8220.0,207708,0.0,0.0
2023-08-21 00:00:00+09:00,8220.0,8280.0,8180.0,8190.0,188990,0.0,0.0
2023-08-22 00:00:00+09:00,8200.0,8280.0,8120.0,8160.0,217047,0.0,0.0
2023-08-23 00:00:00+09:00,8160.0,8170.0,8080.0,8170.0,169362,0.0,0.0
2023-08-24 00:00:00+09:00,8200.0,8240.0,8140.0,8230.0,166147,0.0,0.0
2023-08-25 00:00:00+09:00,8190.0,8210.0,8110.0,8180.0,146845,0.0,0.0
2023-08-28 00:00:00+09:00,8250.0,8390.0,8240.0,8390.0,198975,0.0,0.0
2023-08-29 00:00:00+09:00,8420.0,9120.0,8340.0,8420.0,2583481,0.0,0.0
2023-08-30 00:00:00+09:00,8440.0,8510.0,8390.0,8440.0,249457,0.0,0.0
2023-08-31 00:00:00+09:00,8470.0,8480.0,8340.0,8420.0,253837,0.0,0.0
2023-09-01 00:00:00+09:00,8380.0,8400.0,8290.0,8320.0,186440,0.0,0.0
2023-09-04 00:00:00+09:00,8320.0,8330.0,8220.0,8250.0,131933,0.0,0.0
2023-09-05 00:00:00+09:00,8250.0,8290.0,8180.0,8190.0,119027,0.0,0.0
2023-09-06 00:00:00+09:00,8210.0,8220.0,8140.0,8140.0,136402,0.0,0.0
2023-09-07 00:00:00+09:00,8150.0,8190.0,8070.0,8090.0,173984,0.0,0.0
2023-09-08 00:00:00+09:00,8250.0,8480.0,8140.0,8150.0,293464,0.0,0.0
2023-09-11 00:00:00+09:00,8290.0,8290.0,8140.0,8190.0,181656,0.0,0.0
2023-09-12 00:00:00+09:00,8230.0,8250.0,8140.0,8170.0,129701,0.0,0.0
2023-09-13 00:00:00+09:00,8180.0,8210.0,8140.0,8170.0,114238,0.0,0.0
2023-09-14 00:00:00+09:00,8260.0,8270.0,8180.0,8230.0,194615,0.0,0.0
2023-09-15 00:00:00+09:00,8230.0,8250.0,8180.0,8210.0,175507,0.0,0.0
2023-09-18 00:00:00+09:00,8140.0,8190.0,8120.0,8140.0,142472,0.0,0.0
2023-09-19 00:00:00+09:00,8150.0,8160.0,8060.0,8110.0,119044,0.0,0.0
2023-09-20 00:00:00+09:00,8100.0,8110.0,8050.0,8110.0,131896,0.0,0.0
2023-09-21 00:00:00+09:00,8060.0,8080.0,7850.0,7880.0,376475,0.0,0.0
2023-09-22 00:00:00+09:00,7840.0,7920.0,7750.0,7870.0,173773,0.0,0.0
2023-09-25 00:00:00+09:00,7840.0,7930.0,7630.0,7650.0,204731,0.0,0.0
2023-09-26 00:00:00+09:00,7630.0,7710.0,7480.0,7540.0,183307,0.0,0.0
2023-09-27 00:00:00+09:00,7400.0,7770.0,7400.0,7740.0,106446,0.0,0.0
2023-10-04 00:00:00+09:00,7600.0,7700.0,7450.0,7480.0,130602,0.0,0.0
2023-10-05 00:00:00+09:00,7660.0,7660.0,7400.0,7400.0,110137,0.0,0.0
2023-10-06 00:00:00+09:00,7400.0,7570.0,7400.0,7470.0,73746,0.0,0.0
2023-10-10 00:00:00+09:00,7420.0,7570.0,7360.0,7430.0,130916,0.0,0.0
2023-10-11 00:00:00+09:00,7470.0,7570.0,7470.0,7500.0,74584,0.0,0.0
2023-10-12 00:00:00+09:00,7500.0,7600.0,7500.0,7570.0,78457,0.0,0.0
2023-10-13 00:00:00+09:00,7510.0,7570.0,7400.0,7480.0,122924,0.0,0.0
2023-10-16 00:00:00+09:00,7460.0,7460.0,7100.0,7340.0,130858,0.0,0.0
2023-10-17 00:00:00+09:00,7390.0,7550.0,7360.0,7460.0,79016,0.0,0.0
2023-10-18 00:00:00+09:00,7380.0,7480.0,7330.0,7340.0,102319,0.0,0.0
2023-10-19 00:00:00+09:00,7300.0,7300.0,7100.0,7150.0,125925,0.0,0.0
2023-10-20 00:00:00+09:00,7080.0,7230.0,7010.0,7090.0,178994,0.0,0.0
2023-10-23 00:00:00+09:00,7030.0,7260.0,7030.0,7200.0,96245,0.0,0.0
2023-10-24 00:00:00+09:00,7200.0,7360.0,7130.0,7350.0,175774,0.0,0.0
2023-10-25 00:00:00+09:00,7380.0,7380.0,7260.0,7350.0,61876,0.0,0.0
2023-10-26 00:00:00+09:00,7300.0,7340.0,7120.0,7260.0,98367,0.0,0.0
2023-10-27 00:00:00+09:00,7300.0,7390.0,7220.0,7260.0,102061,0.0,0.0
2023-10-30 00:00:00+09:00,7320.0,7330.0,7200.0,7260.0,85918,0.0,0.0
2023-10-31 00:00:00+09:00,7270.0,7300.0,7150.0,7150.0,90450,0.0,0.0
2023-11-01 00:00:00+09:00,7200.0,7280.0,7180.0,7240.0,52990,0.0,0.0
2023-11-02 00:00:00+09:00,7360.0,7380.0,7250.0,7300.0,113649,0.0,0.0
2023-11-03 00:00:00+09:00,7310.0,7400.0,7220.0,7400.0,134746,0.0,0.0
2023-11-06 00:00:00+09:00,7700.0,7900.0,7470.0,7780.0,573303,0.0,0.0
2023-11-07 00:00:00+09:00,7770.0,7790.0,7570.0,7680.0,148137,0.0,0.0
2023-11-08 00:00:00+09:00,7680.0,7740.0,7630.0,7680.0,77352,0.0,0.0
2023-11-09 00:00:00+09:00,7630.0,7750.0,7620.0,7720.0,61427,0.0,0.0
2023-11-10 00:00:00+09:00,7600.0,7690.0,7600.0,7630.0,57211,0.0,0.0
2023-11-13 00:00:00+09:00,7770.0,7780.0,7530.0,7540.0,35095,0.0,0.0
2023-11-14 00:00:00+09:00,7510.0,7680.0,7510.0,7620.0,51662,0.0,0.0
2023-11-15 00:00:00+09:00,7710.0,7780.0,7680.0,7730.0,104365,0.0,0.0
2023-11-16 00:00:00+09:00,7720.0,7800.0,7660.0,7780.0,72818,0.0,0.0
2023-11-17 00:00:00+09:00,7780.0,7840.0,7700.0,7790.0,95163,0.0,0.0
2023-11-20 00:00:00+09:00,7790.0,7880.0,7720.0,7850.0,95291,0.0,0.0
2023-11-21 00:00:00+09:00,7850.0,7880.0,7800.0,7870.0,70358,0.0,0.0
2023-11-22 00:00:00+09:00,7780.0,7880.0,7720.0,7880.0,92334,0.0,0.0
2023-11-23 00:00:00+09:00,7880.0,7890.0,7770.0,7780.0,61082,0.0,0.0
2023-11-24 00:00:00+09:00,7790.0,7800.0,7690.0,7710.0,75943,0.0,0.0
2023-11-27 00:00:00+09:00,7680.0,7770.0,7630.0,7680.0,103632,0.0,0.0
2023-11-28 00:00:00+09:00,7680.0,7680.0,7500.0,7510.0,111646,0.0,0.0
2023-11-29 00:00:00+09:00,7480.0,7500.0,7310.0,7310.0,169011,0.0,0.0
2023-11-30 00:00:00+09:00,7310.0,7490.0,7310.0,7330.0,405494,0.0,0.0
2023-12-01 00:00:00+09:00,7340.0,7430.0,7310.0,7350.0,153920,0.0,0.0
2023-12-04 00:00:00+09:00,7430.0,7430.0,7290.0,7310.0,111365,0.0,0.0
2023-12-05 00:00:00+09:00,7260.0,7360.0,7250.0,7300.0,53468,0.0,0.0
2023-12-06 00:00:00+09:00,7270.0,7340.0,7260.0,7330.0,61357,0.0,0.0
2023-12-07 00:00:00+09:00,7290.0,7460.0,7270.0,7390.0,72963,0.0,0.0
2023-12-08 00:00:00+09:00,7390.0,7460.0,7350.0,7430.0,63806,0.0,0.0
2023-12-11 00:00:00+09:00,7450.0,7460.0,7350.0,7360.0,66027,0.0,0.0
2023-12-12 00:00:00+09:00,7420.0,7440.0,7380.0,7400.0,71714,0.0,0.0
2023-12-13 00:00:00+09:00,7450.0,7450.0,7340.0,7390.0,89392,0.0,0.0
2023-12-14 00:00:00+09:00,7450.0,7520.0,7300.0,7440.0,615553,0.0,0.0
2023-12-15 00:00:00+09:00,7470.0,7510.0,7270.0,7270.0,231027,0.0,0.0
2023-12-18 00:00:00+09:00,7320.0,7330.0,7280.0,7300.0,66949,0.0,0.0
2023-12-19 00:00:00+09:00,7260.0,7330.0,7260.0,7290.0,68841,0.0,0.0
2023-12-20 00:00:00+09:00,7290.0,7360.0,7290.0,7310.0,81714,0.0,0.0
2023-12-21 00:00:00+09:00,7310.0,7330.0,7250.0,7250.0,81592,0.0,0.0
2023-12-22 00:00:00+09:00,7280.0,7340.0,7250.0,7300.0,121932,0.0,0.0
2023-12-26 00:00:00+09:00,7310.0,7340.0,7250.0,7250.0,68679,0.0,0.0
2023-12-27 00:00:00+09:00,7250.0,7280.0,7240.0,7270.0,52376,0.0,0.0
2023-12-28 00:00:00+09:00,7270.0,7360.0,7270.0,7360.0,66678,0.0,0.0
2024-01-02 00:00:00+09:00,7350.0,7470.0,7330.0,7460.0,87004,0.0,0.0
2024-01-03 00:00:00+09:00,7460.0,7500.0,7410.0,7460.0,54598,0.0,0.0
2024-01-04 00:00:00+09:00,7400.0,7490.0,7390.0,7390.0,66613,0.0,0.0
2024-01-05 00:00:00+09:00,7450.0,7480.0,7370.0,7400.0,62627,0.0,0.0
2024-01-08 00:00:00+09:00,7390.0,7440.0,7370.0,7390.0,48090,0.0,0.0
2024-01-09 00:00:00+09:00,7440.0,7510.0,7400.0,7510.0,65381,0.0,0.0
2024-01-10 00:00:00+09:00,7520.0,7630.0,7450.0,7600.0,99091,0.0,0.0
2024-01-11 00:00:00+09:00,7670.0,7760.0,7550.0,7590.0,151687,0.0,0.0
2024-01-12 00:00:00+09:00,7590.0,7600.0,7440.0,7460.0,67062,0.0,0.0
2024-01-15 00:00:00+09:00,7410.0,7590.0,7400.0,7570.0,74153,0.0,0.0
2024-01-16 00:00:00+09:00,7540.0,7600.0,7470.0,7500.0,53055,0.0,0.0
2024-01-17 00:00:00+09:00,7480.0,7500.0,7250.0,7260.0,92821,0.0,0.0
2024-01-18 00:00:00+09:00,7260.0,7340.0,7230.0,7270.0,38669,0.0,0.0
2024-01-19 00:00:00+09:00,7270.0,7360.0,7270.0,7290.0,41693,0.0,0.0
2024-01-22 00:00:00+09:00,7350.0,7350.0,7250.0,7270.0,37776,0.0,0.0
2024-01-23 00:00:00+09:00,7270.0,7320.0,7240.0,7290.0,34445,0.0,0.0
2024-01-24 00:00:00+09:00,7310.0,7310.0,7230.0,7240.0,45910,0.0,0.0
2024-01-25 00:00:00+09:00,7240.0,7260.0,7170.0,7250.0,78962,0.0,0.0
2024-01-26 00:00:00+09:00,7230.0,7300.0,7230.0,7260.0,37959,0.0,0.0
2024-01-29 00:00:00+09:00,7250.0,7300.0,7220.0,7250.0,50309,0.0,0.0
2024-01-30 00:00:00+09:00,7260.0,7350.0,7240.0,7280.0,56701,0.0,0.0
2024-01-31 00:00:00+09:00,7250.0,7280.0,7200.0,7210.0,42857,0.0,0.0
2024-02-01 00:00:00+09:00,7160.0,7280.0,7160.0,7250.0,52986,0.0,0.0
2024-02-02 00:00:00+09:00,7250.0,7350.0,7250.0,7340.0,71312,0.0,0.0
2024-02-05 00:00:00+09:00,7400.0,7400.0,7270.0,7280.0,37952,0.0,0.0
2024-02-06 00:00:00+09:00,7310.0,7310.0,7250.0,7250.0,36993,0.0,0.0
2024-02-07 00:00:00+09:00,7250.0,7290.0,7230.0,7270.0,42675,0.0,0.0
2024-02-08 00:00:00+09:00,7290.0,7300.0,7230.0,7290.0,50981,0.0,0.0
2024-02-13 00:00:00+09:00,7290.0,7350.0,7290.0,7310.0,75974,0.0,0.0
2024-02-14 00:00:00+09:00,7300.0,7350.0,7270.0,7350.0,61440,0.0,0.0
2024-02-15 00:00:00+09:00,7350.0,7350.0,7250.0,7280.0,119792,0.0,0.0
2024-02-16 00:00:00+09:00,7300.0,7300.0,7260.0,7290.0,41023,0.0,0.0
2024-02-19 00:00:00+09:00,7290.0,7330.0,7280.0,7300.0,47236,0.0,0.0
2024-02-20 00:00:00+09:00,7310.0,7320.0,7270.0,7290.0,39563,0.0,0.0
2024-02-21 00:00:00+09:00,7290.0,7310.0,7260.0,7260.0,57057,0.0,0.0
2024-02-22 00:00:00+09:00,7260.0,7300.0,7240.0,7250.0,54610,0.0,0.0
2024-02-23 00:00:00+09:00,7280.0,7300.0,7210.0,7220.0,58318,0.0,0.0
2024-02-26 00:00:00+09:00,7200.0,7220.0,7160.0,7190.0,52569,0.0,0.0
2024-02-27 00:00:00+09:00,7190.0,7200.0,7120.0,7120.0,102840,0.0,0.0
2024-02-28 00:00:00+09:00,7110.0,7160.0,7100.0,7160.0,58020,0.0,0.0
2024-02-29 00:00:00+09:00,7110.0,7140.0,7080.0,7110.0,62616,0.0,0.0
2024-03-04 00:00:00+09:00,7110.0,7150.0,7080.0,7090.0,75718,0.0,0.0
2024-03-05 00:00:00+09:00,7080.0,7100.0,7050.0,7070.0,66007,0.0,0.0
2024-03-06 00:00:00+09:00,7070.0,7070.0,6920.0,6930.0,267126,0.0,0.0
2024-03-07 00:00:00+09:00,6900.0,6940.0,6660.0,6740.0,283738,0.0,0.0
2024-03-08 00:00:00+09:00,6740.0,6890.0,6740.0,6820.0,78774,0.0,0.0
2024-03-11 00:00:00+09:00,6810.0,6920.0,6780.0,6860.0,54202,0.0,0.0
2024-03-12 00:00:00+09:00,6880.0,6910.0,6860.0,6900.0,55517,0.0,0.0
2024-03-13 00:00:00+09:00,6900.0,6920.0,6850.0,6910.0,64561,0.0,0.0
2024-03-14 00:00:00+09:00,6910.0,6930.0,6850.0,6880.0,72329,0.0,0.0
2024-03-15 00:00:00+09:00,6880.0,6900.0,6790.0,6810.0,109505,0.0,0.0
2024-03-18 00:00:00+09:00,6810.0,6820.0,6770.0,6790.0,45610,0.0,0.0
2024-03-19 00:00:00+09:00,6820.0,6820.0,6730.0,6730.0,51880,0.0,0.0
2024-03-20 00:00:00+09:00,6720.0,6860.0,6720.0,6790.0,65519,0.0,0.0
2024-03-21 00:00:00+09:00,6810.0,6900.0,6810.0,6880.0,74742,0.0,0.0
2024-03-22 00:00:00+09:00,6890.0,6930.0,6840.0,6920.0,75954,0.0,0.0
2024-03-25 00:00:00+09:00,6910.0,6950.0,6870.0,6920.0,49176,0.0,0.0
2024-03-26 00:00:00+09:00,6950.0,6950.0,6860.0,6890.0,51608,0.0,0.0
2024-03-27 00:00:00+09:00,6880.0,6900.0,6810.0,6830.0,60415,0.0,0.0
2024-03-28 00:00:00+09:00,6860.0,6870.0,6800.0,6840.0,53075,0.0,0.0
2024-03-29 00:00:00+09:00,6830.0,6860.0,6800.0,6850.0,57245,0.0,0.0
2024-04-01 00:00:00+09:00,6850.0,6890.0,6760.0,6890.0,80834,0.0,0.0
2024-04-02 00:00:00+09:00,6890.0,6920.0,6770.0,6790.0,85075,0.0,0.0
2024-04-03 00:00:00+09:00,6790.0,6790.0,6700.0,6740.0,65648,0.0,0.0
2024-04-04 00:00:00+09:00,6760.0,6760.0,6700.0,6710.0,52668,0.0,0.0
2024-04-05 00:00:00+09:00,6670.0,6700.0,6650.0,6690.0,61856,0.0,0.0
2024-04-08 00:00:00+09:00,6680.0,6680.0,6500.0,6530.0,119021,0.0,0.0
2024-04-09 00:00:00+09:00,6530.0,6580.0,6310.0,6430.0,183022,0.0,0.0
2024-04-11 00:00:00+09:00,6360.0,6420.0,6290.0,6380.0,111202,0.0,0.0
2024-04-12 00:00:00+09:00,6380.0,6390.0,6230.0,6250.0,146544,0.0,0.0
2024-04-15 00:00:00+09:00,6160.0,6250.0,6090.0,6210.0,89883,0.0,0.0
2024-04-16 00:00:00+09:00,6210.0,6210.0,6030.0,6060.0,104256,0.0,0.0
2024-04-17 00:00:00+09:00,6010.0,6180.0,6010.0,6090.0,54168,0.0,0.0
2024-04-18 00:00:00+09:00,6060.0,6230.0,6060.0,6230.0,41662,0.0,0.0
2024-04-19 00:00:00+09:00,6170.0,6260.0,6130.0,6220.0,57206,0.0,0.0
2024-04-22 00:00:00+09:00,6220.0,6380.0,6160.0,6380.0,45227,0.0,0.0
2024-04-23 00:00:00+09:00,6300.0,6460.0,6300.0,6430.0,61372,0.0,0.0
2024-04-24 00:00:00+09:00,6510.0,6510.0,6390.0,6440.0,101290,0.0,0.0
2024-04-25 00:00:00+09:00,6400.0,6540.0,6400.0,6510.0,79419,0.0,0.0
2024-04-26 00:00:00+09:00,6520.0,6530.0,6460.0,6510.0,48567,0.0,0.0
2024-04-29 00:00:00+09:00,6510.0,6530.0,6470.0,6520.0,85949,0.0,0.0
2024-04-30 00:00:00+09:00,6520.0,6570.0,6490.0,6550.0,95805,0.0,0.0
2024-05-02 00:00:00+09:00,6530.0,6680.0,6500.0,6660.0,85899,0.0,0.0
2024-05-03 00:00:00+09:00,6660.0,6730.0,6650.0,6680.0,66623,0.0,0.0
2024-05-07 00:00:00+09:00,6700.0,6730.0,6650.0,6700.0,69461,0.0,0.0
2024-05-08 00:00:00+09:00,6660.0,6760.0,6660.0,6750.0,69457,0.0,0.0
2024-05-09 00:00:00+09:00,6750.0,6790.0,6700.0,6720.0,45526,0.0,0.0
2024-05-10 00:00:00+09:00,6660.0,6730.0,6660.0,6680.0,54995,0.0,0.0
2024-05-13 00:00:00+09:00,6690.0,6770.0,6660.0,6770.0,55403,0.0,0.0
2024-05-14 00:00:00+09:00,6760.0,6840.0,6740.0,6830.0,61779,0.0,0.0
2024-05-16 00:00:00+09:00,6890.0,7010.0,6880.0,6990.0,199691,0.0,0.0
2024-05-17 00:00:00+09:00,7040.0,7190.0,6980.0,7010.0,307949,0.0,0.0
2024-05-20 00:00:00+09:00,7010.0,7050.0,6830.0,7010.0,122335,0.0,0.0
2024-05-21 00:00:00+09:00,7010.0,7060.0,6920.0,6920.0,96693,0.0,0.0
2024-05-22 00:00:00+09:00,6920.0,6940.0,6870.0,6870.0,62743,0.0,0.0
2024-05-23 00:00:00+09:00,6920.0,6960.0,6830.0,6940.0,58617,0.0,0.0
2024-05-24 00:00:00+09:00,6950.0,6980.0,6850.0,6960.0,65407,0.0,0.0
2024-05-27 00:00:00+09:00,6930.0,6950.0,6890.0,6930.0,60062,0.0,0.0
2024-05-28 00:00:00+09:00,6940.0,6940.0,6850.0,6900.0,71452,0.0,0.0
2024-05-29 00:00:00+09:00,6900.0,6910.0,6850.0,6870.0,45809,0.0,0.0
2024-05-30 00:00:00+09:00,6840.0,7020.0,6830.0,6970.0,81337,0.0,0.0
2024-05-31 00:00:00+09:00,6920.0,7010.0,6920.0,6970.0,53492,0.0,0.0
2024-06-03 00:00:00+09:00,6940.0,7090.0,6940.0,7050.0,97957,0.0,0.0
2024-06-04 00:00:00+09:00,7060.0,7100.0,7050.0,7060.0,53608,0.0,0.0
2024-06-05 00:00:00+09:00,7070.0,7100.0,7050.0,7060.0,47512,0.0,0.0
2024-06-07 00:00:00+09:00,7060.0,7110.0,7050.0,7110.0,76091,0.0,0.0
2024-06-10 00:00:00+09:00,7130.0,7230.0,7080.0,7210.0,124718,0.0,0.0
2024-06-11 00:00:00+09:00,7230.0,7230.0,7120.0,7120.0,103395,0.0,0.0
2024-06-12 00:00:00+09:00,7190.0,7200.0,7090.0,7140.0,68799,0.0,0.0
2024-06-13 00:00:00+09:00,7140.0,7190.0,7100.0,7110.0,50106,0.0,0.0
2024-06-14 00:00:00+09:00,7110.0,7180.0,7090.0,7160.0,74384,0.0,0.0
2024-06-17 00:00:00+09:00,7190.0,7190.0,7110.0,7140.0,65140,0.0,0.0
2024-06-18 00:00:00+09:00,7120.0,7200.0,7090.0,7190.0,96089,0.0,0.0
2024-06-19 00:00:00+09:00,7220.0,7250.0,7180.0,7210.0,125970,0.0,0.0
2024-06-20 00:00:00+09:00,7240.0,7350.0,7210.0,7340.0,195924,0.0,0.0
2024-06-21 00:00:00+09:00,7350.0,7360.0,7170.0,7180.0,175887,0.0,0.0
