Date,Open,High,Low,Close,Volume,Dividends,Stock Splits
2001-01-04 00:00:00+09:00,302.40806445740816,304.94930869654604,279.5368663051672,289.70184326171875,81200,0.0,0.0
2001-01-05 00:00:00+09:00,289.7018267657306,292.24307086016677,276.48735747466213,282.0780944824219,97800,0.0,0.0
2001-01-08 00:00:00+09:00,282.0780944824219,282.0780944824219,282.0780944824219,282.0780944824219,0,0.0,0.0
2001-01-09 00:00:00+09:00,261.74822910853794,266.8307189941406,256.6657392229353,266.8307189941406,51000,0.0,0.0
2001-01-10 00:00:00+09:00,269.62601776889824,269.62601776889824,250.31256126518826,252.8538055419922,89200,0.0,0.0
2001-01-11 00:00:00+09:00,254.12441985775723,255.39504195704603,243.95944306344694,251.5831756591797,116000,0.0,0.0
2001-01-12 00:00:00+09:00,254.12438776075226,254.12438776075226,243.95941225032215,246.5006561279297,72800,0.0,0.0
2001-01-15 00:00:00+09:00,251.58319205881278,271.91314697265625,251.58319205881278,271.91314697265625,76200,0.0,0.0
2001-01-16 00:00:00+09:00,271.9130851516396,297.3255230162788,271.9130851516396,296.0549011230469,107800,0.0,0.0
2001-01-17 00:00:00+09:00,302.4080090918395,302.4080090918395,289.7017902224345,290.972412109375,72800,0.0,0.0
2001-01-18 00:00:00+09:00,292.7512296195652,302.4079542077106,292.24298095703125,292.24298095703125,123400,0.0,0.0
2001-01-19 00:00:00+09:00,307.490478515625,311.3023439517691,302.40799126743286,307.490478515625,133600,0.0,0.0
2001-01-22 00:00:00+09:00,315.6225518234637,315.6225518234637,299.8668366760767,302.4080810546875,44000,0.0,0.0
2001-01-23 00:00:00+09:00,304.94936717757724,307.744736376705,297.32563299813785,300.1210021972656,17000,0.0,0.0
2001-01-24 00:00:00+09:00,299.86682939331564,307.49056234399313,299.86682939331564,306.2199401855469,41400,0.0,0.0
2001-01-25 00:00:00+09:00,310.0318007469177,327.3122617721558,306.2199343442917,325.2792663574219,122600,0.0,0.0
2001-01-26 00:00:00+09:00,330.6494892333984,330.6494892333984,317.0961845703125,319.6534118652344,46400,4.0,0.0
2001-01-29 00:00:00+09:00,304.3100227776274,306.86724985979237,304.3100227776274,306.3558044433594,26000,0.0,0.0
2001-01-30 00:00:00+09:00,306.8672655449539,317.0961743964524,306.8672655449539,311.9817199707031,29600,0.0,0.0
2001-01-31 00:00:00+09:00,311.98163459561613,317.0960876217738,309.4244080825373,315.8174743652344,47800,0.0,0.0
2001-02-01 00:00:00+09:00,311.98172998046874,322.21063916015623,311.47028452148436,319.6534118652344,78800,0.0,0.0
2001-02-02 00:00:00+09:00,319.65337900015027,334.99674119215746,314.53892493614785,332.43951416015625,148200,0.0,0.0
2001-02-05 00:00:00+09:00,317.0961845703125,322.21063916015623,317.0961845703125,319.6534118652344,60600,0.0,0.0
2001-02-06 00:00:00+09:00,311.9816166047127,319.65329570154995,306.8671638734879,317.0960693359375,33000,0.0,0.0
2001-02-07 00:00:00+09:00,312.49309456003886,317.09610249954846,307.122918630611,309.6801452636719,19000,0.0,0.0
2001-02-08 00:00:00+09:00,309.6800751241048,311.72585596720376,300.4740613301595,306.86712646484375,58600,0.0,0.0
2001-02-09 00:00:00+09:00,299.19551966497016,309.4244263201828,299.19551966497016,308.14581298828125,42200,0.0,0.0
2001-02-12 00:00:00+09:00,308.14581298828125,308.14581298828125,308.14581298828125,308.14581298828125,0,0.0,0.0
2001-02-13 00:00:00+09:00,308.40146209716795,314.53880462646487,306.86712646484375,306.86712646484375,20200,0.0,0.0
2001-02-14 00:00:00+09:00,307.6344007099797,309.4244595669787,307.1229553222656,307.1229553222656,21600,0.0,0.0
2001-02-15 00:00:00+09:00,308.1458791513912,313.26033357714044,306.8672655449539,311.9817199707031,32600,0.0,0.0
2001-02-16 00:00:00+09:00,319.6533745879017,319.6533745879017,312.4931389971327,316.3289794921875,10400,0.0,0.0
2001-02-19 00:00:00+09:00,317.0961475911985,318.3747610895501,314.53892059449527,316.3289794921875,39000,0.0,0.0
2001-02-20 00:00:00+09:00,316.32891966785013,316.32891966785013,314.53886110869496,315.8174743652344,8400,0.0,0.0
2001-02-21 00:00:00+09:00,315.8175138056425,315.8175138056425,311.981673556991,312.2373962402344,28800,0.0,0.0
2001-02-22 00:00:00+09:00,309.9357977294922,309.9357977294922,302.51984217325844,306.86712646484375,36000,0.0,0.0
2001-02-23 00:00:00+09:00,306.86729339231925,318.37481689453125,305.5886796698513,318.37481689453125,25600,0.0,0.0
2001-02-26 00:00:00+09:00,332.43946931800065,334.9966960050622,324.767789256816,325.7906799316406,17200,0.0,0.0
2001-02-27 00:00:00+09:00,325.7906897678848,325.7906897678848,309.1687158001356,309.4244384765625,31200,0.0,0.0
2001-02-28 00:00:00+09:00,306.86717497996796,328.6035998743823,299.19549560546875,299.19549560546875,69800,0.0,0.0
2001-03-01 00:00:00+09:00,299.4512754427332,311.9816874809005,299.4512754427332,300.7298889160156,16600,0.0,0.0
2001-03-02 00:00:00+09:00,299.19555274807675,301.7527796946415,297.91693927479434,300.7298889160156,42000,0.0,0.0
2001-03-05 00:00:00+09:00,299.9627081064078,305.8443298339844,286.4094058646008,305.8443298339844,31200,0.0,0.0
2001-03-06 00:00:00+09:00,300.7298314803686,304.3099485218015,295.6153785640358,299.19549560546875,25600,0.0,0.0
2001-03-07 00:00:00+09:00,306.8672117122934,314.5388920051007,300.2184221251937,309.4244384765625,52800,0.0,0.0
2001-03-08 00:00:00+09:00,306.86712646484375,306.86712646484375,302.2641195678711,306.86712646484375,21600,0.0,0.0
2001-03-09 00:00:00+09:00,294.0810699081103,306.6114807128906,294.0810699081103,306.6114807128906,16200,0.0,0.0
2001-03-12 00:00:00+09:00,303.0313905618958,303.0313905618958,296.63832325046343,301.7527770996094,27000,0.0,0.0
2001-03-13 00:00:00+09:00,294.0810258850043,296.63825219704785,276.436164331904,286.6650695800781,44600,0.0,0.0
2001-03-14 00:00:00+09:00,286.6650695800781,286.6650695800781,286.6650695800781,286.6650695800781,0,0.0,0.0
2001-03-15 00:00:00+09:00,262.8829523767026,291.012451171875,262.8829523767026,291.012451171875,47400,0.0,0.0
2001-03-16 00:00:00+09:00,288.966552734375,288.966552734375,278.7376482128042,288.966552734375,35400,0.0,0.0
2001-03-19 00:00:00+09:00,278.737747960811,287.68804262010315,276.180520915299,284.3636474609375,81400,0.0,0.0
2001-03-20 00:00:00+09:00,284.3636474609375,284.3636474609375,284.3636474609375,284.3636474609375,0,0.0,0.0
2001-03-21 00:00:00+09:00,281.29493872989667,309.4244326028863,281.29493872989667,305.5885925292969,157200,0.0,0.0
2001-03-22 00:00:00+09:00,291.523828125,304.3099609375,291.523828125,294.0810546875,34200,0.0,0.0
2001-03-23 00:00:00+09:00,305.5885777366123,319.39760133307846,302.51990582628645,318.1189880371094,61000,0.0,0.0
2001-03-26 00:00:00+09:00,328.3479116720046,328.3479116720046,322.21056752860267,323.7449035644531,88000,0.0,0.0
2001-03-27 00:00:00+09:00,328.60369356410706,329.88230715774176,314.53894403412585,324.7678527832031,44400,0.0,0.0
2001-03-28 00:00:00+09:00,322.21063232421875,324.76785956488715,314.5389506022135,322.21063232421875,35600,0.0,0.0
2001-03-29 00:00:00+09:00,317.0960306803386,317.0960306803386,306.86712646484375,306.86712646484375,45600,0.0,0.0
2001-03-30 00:00:00+09:00,301.7528385024473,319.39770787250563,301.7528385024473,318.37481689453125,32000,0.0,0.0
2001-04-02 00:00:00+09:00,318.37464370727537,318.37464370727537,306.86712646484375,306.86712646484375,77000,0.0,0.0
2001-04-03 00:00:00+09:00,306.86712646484375,311.21441075642906,306.86712646484375,306.86712646484375,23200,0.0,0.0
2001-04-04 00:00:00+09:00,301.75272206363513,301.75272206363513,295.3596559182191,299.19549560546875,38000,0.0,0.0
2001-04-05 00:00:00+09:00,301.75275920999457,304.82143133755386,296.6383056640625,296.6383056640625,33800,0.0,0.0
2001-04-06 00:00:00+09:00,306.86723094875526,306.86723094875526,301.7527770996094,301.7527770996094,41600,0.0,0.0
2001-04-09 00:00:00+09:00,306.86723094875526,306.86723094875526,299.1955501750364,301.7527770996094,21000,0.0,0.0
2001-04-10 00:00:00+09:00,299.19553243702853,301.75275920999457,296.6383056640625,296.6383056640625,13200,0.0,0.0
2001-04-11 00:00:00+09:00,299.1955989756483,301.75282631732046,299.1955989756483,300.4742126464844,50800,0.0,0.0
2001-04-12 00:00:00+09:00,304.05426277772284,305.0771534851332,300.7298679786392,303.0313720703125,22200,0.0,0.0
2001-04-13 00:00:00+09:00,303.03136830365924,305.588595040399,301.7527549352894,304.5657043457031,39400,0.0,0.0
2001-04-16 00:00:00+09:00,305.5886174864688,306.3557855638407,301.7527770996094,301.7527770996094,16200,0.0,0.0
2001-04-17 00:00:00+09:00,300.72979622340563,301.2412414550781,294.33673082749993,301.2412414550781,18200,0.0,0.0
2001-04-18 00:00:00+09:00,299.4512728674937,302.77566786943856,296.89404594292074,301.7527770996094,47600,0.0,0.0
2001-04-19 00:00:00+09:00,309.42448611375767,319.3976720298209,307.1229816715892,314.5389404296875,44400,0.0,0.0
2001-04-20 00:00:00+09:00,317.09621731505104,317.09621731505104,308.1459208585778,313.2603759765625,20800,0.0,0.0
2001-04-23 00:00:00+09:00,313.26022978751894,317.09606933593756,306.8671638734879,317.0960693359375,29000,0.0,0.0
2001-04-24 00:00:00+09:00,307.1229816715892,317.35189030344895,306.8672589557927,314.5389404296875,22200,0.0,0.0
2001-04-25 00:00:00+09:00,314.2831815743152,314.2831815743152,306.86722366898147,310.70306396484375,14800,0.0,0.0
2001-04-26 00:00:00+09:00,314.2831815743152,314.2831815743152,306.86722366898147,310.70306396484375,14800,0.0,0.0
2001-04-27 00:00:00+09:00,319.65331470265113,347.78280639648443,319.65331470265113,347.7828063964844,172800,0.0,0.0
2001-04-30 00:00:00+09:00,347.78280639648443,347.78280639648443,347.78280639648443,347.7828063964844,0,0.0,0.0
2001-05-01 00:00:00+09:00,368.240587599734,370.79781390251,352.89722978307844,360.56890869140625,122800,0.0,0.0
2001-05-02 00:00:00+09:00,365.6835167836335,378.4696537341102,360.5690620034428,377.1910400390625,143800,0.0,0.0
2001-05-03 00:00:00+09:00,377.1910400390625,377.1910400390625,377.1910400390625,377.1910400390625,0,0.0,0.0
2001-05-04 00:00:00+09:00,377.1910400390625,377.1910400390625,377.1910400390625,377.1910400390625,0,0.0,0.0
2001-05-07 00:00:00+09:00,387.4199137041646,402.76327662314145,383.5840729744204,396.3702087402344,1200,0.0,0.0
2001-05-08 00:00:00+09:00,404.04176673889157,414.2706722259521,388.69840850830076,409.1562194824219,2400,0.0,0.0
2001-05-09 00:00:00+09:00,409.1562246347403,409.1562246347403,384.0954058758624,393.8128662109375,600,0.0,0.0
2001-05-10 00:00:00+09:00,383.58407592773443,386.14130310058596,378.46962158203127,383.5840759277344,600,0.0,0.0
2001-05-11 00:00:00+09:00,381.0268622733451,383.5840895369246,375.9124077461861,378.4696350097656,400,0.0,0.0
2001-05-14 00:00:00+09:00,375.91236228969495,375.91236228969495,359.5461097818443,366.45062255859375,200,0.0,0.0
2001-05-15 00:00:00+09:00,365.68342653331933,365.68342653331933,358.0117462563965,365.4277038574219,62000,0.0,0.0
2001-05-16 00:00:00+09:00,370.7979778173558,370.7979778173558,366.96213666752107,369.2636413574219,31600,0.0,0.0
2001-05-17 00:00:00+09:00,372.0763990614149,375.65651561595774,365.9390563964844,365.9390563964844,43000,0.0,0.0
2001-05-18 00:00:00+09:00,375.65653933570496,375.9122619628906,370.79780941917784,375.9122619628906,27200,0.0,0.0
2001-05-21 00:00:00+09:00,375.91242144859,386.1413308757625,373.3551940917969,373.3551940917969,35600,0.0,0.0
2001-05-22 00:00:00+09:00,373.6107764338471,378.46950658596415,373.6107764338471,374.6336669921875,13800,0.0,0.0
2001-05-23 00:00:00+09:00,374.88939163080494,375.9122821945998,365.68337655665147,367.21771240234375,35400,0.0,0.0
2001-05-24 00:00:00+09:00,363.12620928647704,365.427713429842,355.4545288085937,355.45452880859375,116000,0.0,0.0
2001-05-25 00:00:00+09:00,358.26744140625004,363.126171875,355.4544921875,358.01171875,40600,0.0,0.0
2001-05-28 00:00:00+09:00,373.35507812500003,373.35507812500003,355.4544921875,358.01171875,27600,0.0,0.0
2001-05-29 00:00:00+09:00,355.4544725431892,358.01169896436323,353.40869140625,353.40869140625,21000,0.0,0.0
2001-05-30 00:00:00+09:00,348.2943314560899,348.2943314560899,340.111204725844,340.6226501464844,49200,0.0,0.0
2001-05-31 00:00:00+09:00,334.9966809194885,334.9966809194885,320.16476680244244,331.9280090332031,64800,0.0,0.0
2001-06-01 00:00:00+09:00,322.21063232421875,333.71815490722656,322.21063232421875,322.21063232421875,77600,0.0,0.0
2001-06-04 00:00:00+09:00,334.9966858856437,334.9966858856437,326.0463927512945,329.8822326660156,23600,0.0,0.0
2001-06-05 00:00:00+09:00,329.88233113288874,340.1112406253814,323.4892627000809,327.3251037597656,36000,0.0,0.0
2001-06-06 00:00:00+09:00,330.1380033536722,338.8325750918789,330.1380033536722,334.9967346191406,43800,0.0,0.0
2001-06-07 00:00:00+09:00,334.9967346191406,334.9967346191406,332.43950763731516,334.9967346191406,22200,0.0,0.0
2001-06-08 00:00:00+09:00,342.668317585966,350.33999633789057,340.11109133532443,350.3399963378906,36200,0.0,0.0
2001-06-11 00:00:00+09:00,350.33999633789057,355.45444883917366,350.33999633789057,350.3399963378906,14600,0.0,0.0
2001-06-12 00:00:00+09:00,350.0843087638297,357.24454298252016,335.50811767578125,335.50811767578125,45600,0.0,0.0
2001-06-13 00:00:00+09:00,334.99676619142093,340.366943359375,334.99676619142093,340.366943359375,19400,0.0,0.0
2001-06-14 00:00:00+09:00,337.55395767536567,340.1111846274518,336.53106689453125,336.53106689453125,10200,0.0,0.0
2001-06-15 00:00:00+09:00,332.43951416015625,334.99674119215746,325.0235557673528,332.43951416015625,38000,0.0,0.0
2001-06-18 00:00:00+09:00,331.16084597092265,331.16084597092265,322.46627549755476,329.8822326660156,35000,0.0,0.0
2001-06-19 00:00:00+09:00,329.88230715774176,329.88230715774176,324.7678527832031,324.7678527832031,65000,0.0,0.0
2001-06-20 00:00:00+09:00,324.76787638664246,327.3251037597656,322.7220944881439,327.3251037597656,27200,0.0,0.0
2001-06-21 00:00:00+09:00,352.8972206030763,354.6872789684542,341.3897025399325,344.4583740234375,80000,0.0,0.0
2001-06-22 00:00:00+09:00,347.78274524685855,360.31315298001743,340.8782348632812,340.87823486328125,165000,0.0,0.0
2001-06-25 00:00:00+09:00,358.01181690112963,378.4696350097656,356.221757816624,378.4696350097656,151400,0.0,0.0
2001-06-26 00:00:00+09:00,383.58407592773443,388.69853027343754,378.46962158203127,383.5840759277344,230400,0.0,0.0
2001-06-27 00:00:00+09:00,370.7978063653139,373.35503261610916,368.2405801145186,370.5420837402344,107600,0.0,0.0
2001-06-28 00:00:00+09:00,368.24066931460084,368.24066931460084,360.56898870387994,365.1719970703125,86800,0.0,0.0
2001-06-29 00:00:00+09:00,373.35519425412446,384.6069946289063,363.1262848225046,384.60699462890625,594600,0.0,0.0
2001-07-02 00:00:00+09:00,383.0727248574323,384.3513387588256,375.91248700962984,382.561279296875,306800,0.0,0.0
2001-07-03 00:00:00+09:00,382.8167697440516,382.8167697440516,364.4047407383257,370.5420837402344,56000,0.0,0.0
2001-07-04 00:00:00+09:00,368.24058329776244,368.24058329776244,354.94300667867657,355.7101745605469,72600,0.0,0.0
2001-07-05 00:00:00+09:00,356.221705880276,358.01176470379494,351.8744201660156,351.8744201660156,34200,0.0,0.0
2001-07-06 00:00:00+09:00,352.1301384730055,352.1301384730055,340.8783402937664,347.5271301269531,51200,0.0,0.0
2001-07-09 00:00:00+09:00,333.20668761974963,337.553973643952,330.39373783938333,336.2753601074219,40800,0.0,0.0
2001-07-10 00:00:00+09:00,341.38980877216045,342.6684222881611,329.88228712815504,332.43951416015625,31400,0.0,0.0
2001-07-11 00:00:00+09:00,328.6036814814028,332.43952212126356,322.46633645762563,323.4892272949219,43200,0.0,0.0
2001-07-12 00:00:00+09:00,322.2105326663539,332.43943846528583,322.2105326663539,332.1837158203125,54400,0.0,0.0
2001-07-13 00:00:00+09:00,342.6683442642177,342.6683442642177,328.3478761457131,332.1837158203125,29400,0.0,0.0
2001-07-16 00:00:00+09:00,340.1111952561599,340.1111952561599,332.43951416015625,332.43951416015625,5000,0.0,0.0
2001-07-17 00:00:00+09:00,329.6265250352134,332.18375176163084,322.21056752860267,323.7449035644531,26200,0.0,0.0
2001-07-18 00:00:00+09:00,333.97378023364877,333.97378023364877,322.21053835711905,323.2334289550781,25600,0.0,0.0
2001-07-19 00:00:00+09:00,323.2335232204861,324.76785956488715,319.90912780761715,322.21063232421875,126600,0.0,0.0
2001-07-20 00:00:00+09:00,322.21063232421875,322.21063232421875,322.21063232421875,322.21063232421875,0,0.0,0.0
2001-07-23 00:00:00+09:00,323.4892459445529,323.4892459445529,314.79467332628036,322.21063232421875,76600,0.0,0.0
2001-07-24 00:00:00+09:00,317.35190952021463,324.51214599609375,317.35190952021463,324.51214599609375,33400,0.0,0.0
2001-07-25 00:00:00+09:00,317.6075093347886,327.3249693627451,317.6075093347886,326.0463562011719,103600,0.0,0.0
2001-07-26 00:00:00+09:00,331.3197837205803,331.3197837205803,324.1171797266546,327.2040100097656,36800,3.75,0.0
2001-07-27 00:00:00+09:00,327.2039153405465,329.2618016005499,324.1170859505413,327.4611511230469,51200,0.0,0.0
2001-07-30 00:00:00+09:00,327.9757139215058,327.9757139215058,318.97245902954296,322.5737609863281,29000,0.0,0.0
2001-07-31 00:00:00+09:00,327.71853534827073,327.71853534827073,316.65739169051903,320.51593017578125,32600,0.0,0.0
2001-08-01 00:00:00+09:00,326.9468922784799,326.9468922784799,316.4002183340128,317.9436340332031,24400,0.0,0.0
2001-08-02 00:00:00+09:00,326.17507263720273,326.6895443606053,317.9435250627623,321.80206298828125,62000,0.0,0.0
2001-08-03 00:00:00+09:00,324.3744539048937,325.9178692287869,322.0593309190538,324.1172180175781,22800,0.0,0.0
2001-08-06 00:00:00+09:00,324.1171601578013,324.1171601578013,321.54480174385054,323.85992431640625,16400,0.0,0.0
2001-08-07 00:00:00+09:00,322.83099684038416,322.83099684038416,319.4869307376551,322.5737609863281,19800,0.0,0.0
2001-08-08 00:00:00+09:00,322.8310160759168,324.1171954228328,319.229713904552,321.0303649902344,12400,0.0,0.0
2001-08-09 00:00:00+09:00,320.77309602831235,320.77309602831235,313.8277282714844,313.8277282714844,9600,0.0,0.0
2001-08-10 00:00:00+09:00,314.34207719372165,321.54467798048455,313.8276057089529,318.9723205566406,42400,0.0,0.0
2001-08-13 00:00:00+09:00,313.57052271808817,313.8277585857814,308.94027709960943,308.9402770996094,10600,0.0,0.0
2001-08-14 00:00:00+09:00,310.4836623144932,315.37114332855725,309.9691906288022,313.8277282714844,13400,0.0,0.0
2001-08-15 00:00:00+09:00,311.2553999088488,313.0560509827016,308.94027709960943,308.9402770996094,11000,0.0,0.0
2001-08-16 00:00:00+09:00,308.68290768393985,312.5414440299891,301.22307074824465,304.8243713378906,32400,0.0,0.0
2001-08-17 00:00:00+09:00,297.10740465995593,306.1106593466213,297.10740465995593,300.9659423828125,8600,0.0,0.0
2001-08-20 00:00:00+09:00,294.27779715401783,298.13633470411423,290.93373127726767,297.1073913574219,26800,0.0,0.0
2001-08-21 00:00:00+09:00,294.53508556512173,298.1363879213765,294.53508556512173,295.3067932128906,30000,0.0,0.0
2001-08-22 00:00:00+09:00,294.53500460318,297.62183434574615,291.962646484375,291.962646484375,19800,0.0,0.0
2001-08-23 00:00:00+09:00,290.9337412561568,292.9916280201261,285.53178850073743,288.8758544921875,47200,0.0,0.0
2001-08-24 00:00:00+09:00,283.21661526816234,289.39027445656916,280.3870214734759,288.1040954589844,30400,0.0,0.0
2001-08-27 00:00:00+09:00,295.8211694444929,295.8211694444929,285.5317374638149,288.1040954589844,23400,0.0,0.0
2001-08-28 00:00:00+09:00,288.1040954589844,290.6764534541539,279.1008424758911,288.1040954589844,23000,0.0,0.0
2001-08-29 00:00:00+09:00,288.1041358498966,288.1041358498966,277.814702426686,279.8725891113281,31600,0.0,0.0
2001-08-30 00:00:00+09:00,275.24243214091314,282.4450378417969,265.9819390969198,282.4450378417969,65200,0.0,0.0
2001-08-31 00:00:00+09:00,275.24236741408805,281.4160279916003,275.24236741408805,275.4996032714844,23400,0.0,0.0
2001-09-03 00:00:00+09:00,268.2969776500355,276.5285244235745,257.4930725097656,257.4930725097656,32600,0.0,0.0
2001-09-04 00:00:00+09:00,257.2358329341097,272.66998291015625,254.40623877183447,272.66998291015625,41800,0.0,0.0
2001-09-05 00:00:00+09:00,270.09766387939453,270.3548997497559,257.2358703613281,257.2358703613281,19000,0.0,0.0
2001-09-06 00:00:00+09:00,262.3805656210024,263.9239807128906,259.808207134522,263.9239807128906,12600,0.0,0.0
2001-09-07 00:00:00+09:00,263.6666824895155,270.09757718438175,263.6666824895155,269.0686340332031,20400,0.0,0.0
2001-09-10 00:00:00+09:00,275.7568276848591,275.7568276848591,265.21015796930016,273.9561767578125,14400,0.0,0.0
2001-09-11 00:00:00+09:00,273.95616990806417,281.93048095703125,269.06868894256814,281.93048095703125,36800,0.0,0.0
2001-09-12 00:00:00+09:00,256.2069396972656,263.15230854448066,256.2069396972656,256.2069396972656,45200,0.0,0.0
2001-09-13 00:00:00+09:00,251.06212720744847,256.2068429289126,247.2035904163504,252.86277770996094,68000,0.0,0.0
2001-09-14 00:00:00+09:00,242.5734906132357,252.0912203615811,242.5734906132357,248.23268127441406,80200,0.0,0.0
2001-09-17 00:00:00+09:00,248.48989774263822,248.48989774263822,234.08468627929688,234.08468627929688,43600,0.0,0.0
2001-09-18 00:00:00+09:00,234.34184720918728,257.4930725097656,234.34184720918728,257.4930725097656,27400,0.0,0.0
2001-09-19 00:00:00+09:00,254.40626591477437,281.6732671149423,254.14903005439544,275.24237060546875,99000,0.0,0.0
2001-09-20 00:00:00+09:00,271.3838421750985,280.38709760270837,265.98188891853255,274.4706726074219,42200,0.0,0.0
2001-09-21 00:00:00+09:00,265.21015038967596,269.58315965895287,257.23583936922984,264.6956787109375,53000,0.0,0.0
2001-09-24 00:00:00+09:00,264.6956787109375,264.6956787109375,264.6956787109375,264.6956787109375,0,0.0,0.0
2001-09-25 00:00:00+09:00,277.8147144586267,277.8147144586267,272.6699975242077,273.9561767578125,86600,0.0,0.0
2001-09-26 00:00:00+09:00,279.1009085111529,279.1009085111529,272.41277614130036,275.24237060546875,67400,0.0,0.0
2001-09-27 00:00:00+09:00,275.24229325676845,280.3870090185772,272.66993537586404,279.100830078125,88400,0.0,0.0
2001-09-28 00:00:00+09:00,279.100830078125,279.100830078125,279.100830078125,279.100830078125,0,0.0,0.0
2001-10-01 00:00:00+09:00,286.8179140837296,295.8211669921875,282.95937712296194,295.8211669921875,65800,0.0,0.0
2001-10-02 00:00:00+09:00,295.82125239011623,307.3968666140773,295.82125239011623,306.1106872558594,126400,0.0,0.0
2001-10-03 00:00:00+09:00,316.14281571526294,320.77306037179244,308.9402129162171,309.19744873046875,83600,0.0,0.0
2001-10-04 00:00:00+09:00,321.0302323445235,321.28746810762004,309.96909453137084,311.7697448730469,43400,0.0,0.0
2001-10-05 00:00:00+09:00,309.9692558749241,315.6284456087401,309.4547840809408,310.9981994628906,31000,0.0,0.0
2001-10-08 00:00:00+09:00,310.9981994628906,310.9981994628906,310.9981994628906,310.9981994628906,0,0.0,0.0
2001-10-09 00:00:00+09:00,305.8534513842158,308.6830459722952,298.393611106552,306.1106872558594,45400,0.0,0.0
2001-10-10 00:00:00+09:00,308.68299808739624,312.5415355634887,306.1106397700013,309.96917724609375,77600,0.0,0.0
2001-10-11 00:00:00+09:00,312.2842646990165,323.6026400258342,312.2842646990165,322.8309326171875,83600,0.0,0.0
2001-10-12 00:00:00+09:00,326.4322338575386,327.975648674832,321.03028199701197,322.8309326171875,56000,0.0,0.0
2001-10-15 00:00:00+09:00,326.17496973351587,326.17496973351587,320.25854678093634,325.1460266113281,48600,0.0,0.0
2001-10-16 00:00:00+09:00,322.8310385810004,326.6895768907335,311.2554236518012,324.1172180175781,53200,0.0,0.0
2001-10-17 00:00:00+09:00,326.68952745964555,331.3197727307271,324.1171689757113,330.5480651855469,69200,0.0,0.0
2001-10-18 00:00:00+09:00,327.9756201973444,331.83415690554847,324.8887908307812,325.1460266113281,18400,0.0,0.0
2001-10-19 00:00:00+09:00,324.117240529787,344.6961129443767,321.5448814779633,339.2941589355469,73400,0.0,0.0
2001-10-22 00:00:00+09:00,343.4099008805596,344.6960802846066,340.58030619165606,341.8664855957031,33000,0.0,0.0
2001-10-23 00:00:00+09:00,344.181491164191,344.181491164191,335.1782384057854,343.92425537109375,34800,0.0,0.0
2001-10-24 00:00:00+09:00,343.40991022999333,354.9855251815662,339.55137191280244,350.8697509765625,86600,0.0,0.0
2001-10-25 00:00:00+09:00,354.7282106752749,354.9854465060764,347.01113575122974,347.26837158203125,73800,0.0,0.0
2001-10-26 00:00:00+09:00,354.47100305447464,354.47100305447464,331.83424814243267,335.1783142089844,51600,0.0,0.0
2001-10-29 00:00:00+09:00,329.2618276892431,330.8052425065364,321.54475360277644,322.8309326171875,50800,0.0,0.0
2001-10-30 00:00:00+09:00,314.0850796875,321.544921875,308.94036093750003,321.544921875,89200,0.0,0.0
2001-10-31 00:00:00+09:00,314.08496411432986,314.08496411432986,308.42577557172933,313.8277282714844,80400,0.0,0.0
2001-11-01 00:00:00+09:00,305.0816548840753,313.5704361751162,298.3935241699219,298.3935241699219,75400,0.0,0.0
2001-11-02 00:00:00+09:00,300.96588213690393,308.6829560378502,298.3935241699219,298.3935241699219,35600,0.0,0.0
2001-11-05 00:00:00+09:00,295.8211686125899,298.1362908017319,285.7889724596412,290.67645263671875,23200,0.0,0.0
2001-11-06 00:00:00+09:00,295.8212538896981,303.538330078125,294.02060277906514,303.538330078125,51200,0.0,0.0
2001-11-07 00:00:00+09:00,313.8277492070919,316.40010780715005,306.36790926692333,314.5994567871094,66400,0.0,0.0
2001-11-08 00:00:00+09:00,308.6830763899659,313.570558432807,308.42584049297426,310.9981994628906,29400,0.0,0.0
2001-11-09 00:00:00+09:00,310.9981994628906,310.9981994628906,310.9981994628906,310.9981994628906,0,0.0,0.0
2001-11-12 00:00:00+09:00,306.11068880760064,308.6830475370763,298.3936126191737,303.538330078125,10200,0.0,0.0
2001-11-13 00:00:00+09:00,298.3936126191737,308.6830475370763,298.3936126191737,303.538330078125,19000,0.0,0.0
2001-11-14 00:00:00+09:00,308.68295280200255,308.68295280200255,298.65075683593744,298.6507568359375,13000,0.0,0.0
2001-11-15 00:00:00+09:00,298.90811760330524,303.2811279296875,285.7890866241585,303.2811279296875,30600,0.0,0.0
2001-11-16 00:00:00+09:00,301.22313017905003,308.1684969722476,295.8211782287853,307.39678955078125,35800,0.0,0.0
2001-11-19 00:00:00+09:00,308.68297710196543,310.9980994302302,308.42574128771383,309.19744873046875,25000,0.0,0.0
2001-11-20 00:00:00+09:00,307.91128650591367,310.7408806174969,305.33892822265625,305.33892822265625,20600,0.0,0.0
2001-11-21 00:00:00+09:00,310.4836970738002,310.4836970738002,302.50938505284927,306.1106872558594,59600,0.0,0.0
2001-11-22 00:00:00+09:00,300.96584930419925,310.48357274373376,300.96584930419925,308.68292236328125,17000,0.0,0.0
2001-11-23 00:00:00+09:00,308.68292236328125,308.68292236328125,308.68292236328125,308.68292236328125,0,0.0,0.0
2001-11-26 00:00:00+09:00,320.0013884997759,320.0013884997759,309.9691906288022,313.8277282714844,33400,0.0,0.0
2001-11-27 00:00:00+09:00,318.97243019386576,318.97243019386576,308.42576113100404,312.5415344238281,45800,0.0,0.0
2001-11-28 00:00:00+09:00,312.54143139812703,312.54143139812703,302.76647304987284,305.8533020019531,11400,0.0,0.0
2001-11-29 00:00:00+09:00,306.11055011990703,306.11055011990703,299.93689196622825,304.8243713378906,70800,0.0,0.0
2001-11-30 00:00:00+09:00,299.6797575500341,318.71520996093756,299.6797575500341,318.7152099609375,71200,0.0,0.0
2001-12-03 00:00:00+09:00,313.8277652032661,313.8277652032661,298.39361281622024,313.31329345703125,34000,0.0,0.0
2001-12-04 00:00:00+09:00,302.5092930817407,311.25531005859375,302.5092930817407,311.25531005859375,14000,0.0,0.0
2001-12-05 00:00:00+09:00,311.25528004964195,311.25528004964195,303.5382069905599,308.68292236328125,12000,0.0,0.0
2001-12-06 00:00:00+09:00,309.19746771464776,313.31324099537517,304.82445860387486,307.654052734375,26400,0.0,0.0
2001-12-07 00:00:00+09:00,299.67969374521374,305.5961168835313,298.39351480210127,299.16522216796875,29600,0.0,0.0
2001-12-10 00:00:00+09:00,308.68304102553935,308.68304102553935,301.2232008674222,304.05279541015625,20000,0.0,0.0
2001-12-11 00:00:00+09:00,308.6830475370763,308.6830475370763,300.96597134864936,303.538330078125,41600,0.0,0.0
2001-12-12 00:00:00+09:00,306.88245029563285,308.6831017223465,300.9660241792879,301.73773193359375,61800,0.0,0.0
2001-12-13 00:00:00+09:00,300.9659863393241,300.9659863393241,277.30028484939436,280.3871154785156,83000,0.0,0.0
2001-12-14 00:00:00+09:00,270.0976800481114,280.3871154785156,270.0976800481114,280.3871154785156,91200,0.0,0.0
2001-12-17 00:00:00+09:00,290.67647031205814,293.24882845641264,273.9561423737539,284.2455749511719,36000,0.0,0.0
2001-12-18 00:00:00+09:00,285.53180502062645,292.73440911123686,273.1844837224372,275.24237060546875,42800,0.0,0.0
2001-12-19 00:00:00+09:00,275.2423850835756,283.4739330486919,273.1844980922965,276.528564453125,122000,0.0,0.0
2001-12-20 00:00:00+09:00,282.959467849452,282.959467849452,275.24239145355784,280.9015808105469,63600,0.0,0.0
2001-12-21 00:00:00+09:00,280.3871154785156,281.6732949073162,274.2134542202731,280.3871154785156,56200,0.0,0.0
2001-12-24 00:00:00+09:00,280.3871154785156,280.3871154785156,280.3871154785156,280.3871154785156,0,0.0,0.0
2001-12-25 00:00:00+09:00,275.24229256965253,282.9593661931008,275.24229256965253,281.6731872558594,20000,0.0,0.0
2001-12-26 00:00:00+09:00,283.2165647263772,300.96583172557797,279.10079266859157,284.7599792480469,45200,0.0,0.0
2001-12-27 00:00:00+09:00,285.5317366608476,300.70864878966745,285.5317366608476,290.67645263671875,32200,0.0,0.0
2001-12-28 00:00:00+09:00,290.67659405095065,310.22652427030664,290.16212220307284,308.4258728027344,62200,0.0,0.0
2001-12-31 00:00:00+09:00,308.4258728027344,308.4258728027344,308.4258728027344,308.4258728027344,0,0.0,0.0
2002-01-01 00:00:00+09:00,308.4258728027344,308.4258728027344,308.4258728027344,308.4258728027344,0,0.0,0.0
2002-01-02 00:00:00+09:00,308.4258728027344,308.4258728027344,308.4258728027344,308.4258728027344,0,0.0,0.0
2002-01-03 00:00:00+09:00,308.4258728027344,308.4258728027344,308.4258728027344,308.4258728027344,0,0.0,0.0
2002-01-04 00:00:00+09:00,308.6830234766604,309.9692027411465,298.65082521366895,307.91131591796875,13200,0.0,0.0
2002-01-07 00:00:00+09:00,306.11068880760064,306.11068880760064,301.2232072215969,303.538330078125,21400,0.0,0.0
2002-01-08 00:00:00+09:00,306.11070189480137,306.11070189480137,297.107445956719,297.6219177246094,34600,0.0,0.0
2002-01-09 00:00:00+09:00,298.1362891686481,298.1362891686481,293.2488090183424,295.8211669921875,35400,0.0,0.0
2002-01-10 00:00:00+09:00,295.82114958427326,295.82114958427326,288.1040761168574,292.2198486328125,28600,0.0,0.0
2002-01-11 00:00:00+09:00,297.10740673763365,297.10740673763365,290.16203878792277,290.9337463378906,41600,0.0,0.0
2002-01-14 00:00:00+09:00,290.9337463378906,290.9337463378906,290.9337463378906,290.9337463378906,0,0.0,0.0
2002-01-15 00:00:00+09:00,290.1620136982686,295.8212019086958,285.27453297108144,285.5317687988281,39400,0.0,0.0
2002-01-16 00:00:00+09:00,290.67649952686617,290.67649952686617,280.3870659152957,281.93048095703125,23800,0.0,0.0
2002-01-17 00:00:00+09:00,282.9594243181883,288.6186128045521,281.93048095703125,281.93048095703125,14600,0.0,0.0
2002-01-18 00:00:00+09:00,283.9883911771924,294.79229736328125,283.7311553156188,294.79229736328125,28800,0.0,0.0
2002-01-21 00:00:00+09:00,293.76333555661455,293.76333555661455,282.95943004577583,288.8758544921875,26200,0.0,0.0
2002-01-22 00:00:00+09:00,288.36136402476916,288.36136402476916,282.95941162109375,282.95941162109375,35600,0.0,0.0
2002-01-23 00:00:00+09:00,282.9594243181883,282.9594243181883,280.3870659152957,281.93048095703125,16400,0.0,0.0
2002-01-24 00:00:00+09:00,280.38710421741666,280.38710421741666,277.8147454631285,278.84368896484375,33400,0.0,0.0
2002-01-25 00:00:00+09:00,276.52853711801316,276.785772966495,274.9851220271219,276.27130126953125,50800,0.0,0.0
2002-01-28 00:00:00+09:00,288.0689316947505,288.0689316947505,273.5488055247181,274.8452453613281,25400,4.25,0.0
2002-01-29 00:00:00+09:00,277.4380798339844,279.5123832346123,275.36377643335646,277.4380798339844,26200,0.0,0.0
2002-01-30 00:00:00+09:00,277.4380467006139,277.4380467006139,268.62225830078125,272.2522888183594,20000,0.0,0.0
2002-01-31 00:00:00+09:00,272.2522888183594,272.2522888183594,272.2522888183594,272.2522888183594,0,0.0,0.0
2002-02-01 00:00:00+09:00,264.4737243652344,281.5867300594555,264.4737243652344,264.4737243652344,45600,0.0,0.0
2002-02-04 00:00:00+09:00,272.25237759676844,272.511665575432,255.39865898363516,256.6950988769531,22800,0.0,0.0
2002-02-05 00:00:00+09:00,254.10215175065707,254.10215175065707,248.91639355166407,251.24998474121094,39400,0.0,0.0
2002-02-06 00:00:00+09:00,246.8421098532136,253.06502018564757,246.8421098532136,251.50929260253906,23400,0.0,0.0
2002-02-07 00:00:00+09:00,249.1757088170843,259.2879384152802,249.1757088170843,256.1764831542969,47600,0.0,0.0
2002-02-08 00:00:00+09:00,255.3986984683621,260.32517082460464,255.3986984683621,257.2137145996094,35000,0.0,0.0
2002-02-11 00:00:00+09:00,257.2137145996094,257.2137145996094,257.2137145996094,257.2137145996094,0,0.0,0.0
2002-02-12 00:00:00+09:00,265.7700637291218,266.28863946322736,261.8807457233297,263.17718505859375,23200,0.0,0.0
2002-02-13 00:00:00+09:00,264.4737702897451,267.066650390625,261.88089018886524,267.066650390625,41400,0.0,0.0
2002-02-14 00:00:00+09:00,264.7330582998331,275.8824427336165,264.7330582998331,267.066650390625,29200,0.0,0.0
2002-02-15 00:00:00+09:00,266.8072411597192,268.3629685134202,259.28789228349774,259.54718017578125,20600,0.0,0.0
2002-02-18 00:00:00+09:00,257.21367574257425,261.880859375,257.21367574257425,261.880859375,11800,0.0,0.0
2002-02-19 00:00:00+09:00,261.8809576550562,261.8809576550562,257.9916365017633,258.7695007324219,12800,0.0,0.0
2002-02-20 00:00:00+09:00,258.7693599954217,261.3622393540933,257.7322082519531,257.7322082519531,63600,0.0,0.0
2002-02-21 00:00:00+09:00,259.0287034550204,274.8452709332549,257.99155148923455,271.99310302734375,96200,0.0,0.0
2002-02-22 00:00:00+09:00,271.4744994219612,271.4744994219612,261.88084471459484,264.4737243652344,58200,0.0,0.0
2002-02-25 00:00:00+09:00,264.4737243652344,272.2523633171531,261.88084471459484,264.4737243652344,35800,0.0,0.0
2002-02-26 00:00:00+09:00,274.8451917753445,274.8451917753445,262.3993717704233,263.4365234375,35800,0.0,0.0
2002-02-27 00:00:00+09:00,267.06660520113434,271.9930765592135,265.77016537006085,269.65948486328125,77800,0.0,0.0
2002-02-28 00:00:00+09:00,274.8451677594866,277.4380467006139,268.3629704066685,272.2522888183594,108200,0.0,0.0
2002-03-01 00:00:00+09:00,272.51164563822954,305.70050447904146,272.51164563822954,303.3669128417969,89200,0.0,0.0
2002-03-04 00:00:00+09:00,296.88475890078786,311.1455988479873,296.88475890078786,305.9598388671875,103200,0.0,0.0
2002-03-05 00:00:00+09:00,311.14558438102506,311.14558438102506,299.7369129537208,302.5890808105469,36600,0.0,0.0
2002-03-06 00:00:00+09:00,308.0341242576132,308.55270022437685,297.14402895557635,304.92266845703125,56800,0.0,0.0
2002-03-07 00:00:00+09:00,307.25627596824603,311.14559591721115,304.6633960022693,307.51556396484375,92800,0.0,0.0
2002-03-08 00:00:00+09:00,308.29336521230357,337.07432697728734,306.2190616616741,326.96209716796875,294000,0.0,0.0
2002-03-11 00:00:00+09:00,343.5565330592398,347.4458523014199,327.9992560905195,340.9636535644531,282800,0.0,0.0
2002-03-12 00:00:00+09:00,347.4457747677723,347.4457747677723,335.5185317533562,344.3343200683594,122000,0.0,0.0
2002-03-13 00:00:00+09:00,328.7771008638525,337.3336027002146,326.7027973883708,327.9992370605469,86600,0.0,0.0
2002-03-14 00:00:00+09:00,326.7027634840745,337.07427978515625,321.5170053335337,337.07427978515625,45200,0.0,0.0
2002-03-15 00:00:00+09:00,339.6671634503265,347.44580078125,337.07428434001866,347.44580078125,94200,0.0,0.0
2002-03-18 00:00:00+09:00,340.1858069909546,342.5193986547645,318.6649060913744,336.8150634765625,108400,0.0,0.0
2002-03-19 00:00:00+09:00,333.9628958874615,337.07435143920804,331.1107282983605,336.8150634765625,68600,0.0,0.0
2002-03-20 00:00:00+09:00,352.631516950844,360.4101533541714,350.29792602984577,355.2243957519531,234400,0.0,0.0
2002-03-21 00:00:00+09:00,355.2243957519531,355.2243957519531,355.2243957519531,355.2243957519531,0,0.0,0.0
2002-03-22 00:00:00+09:00,360.4103088378906,368.1889485969818,353.92810903864796,360.4103088378906,145600,0.0,0.0
2002-03-25 00:00:00+09:00,344.85303482919375,359.63245060758777,344.85303482919375,357.2988586425781,44000,0.0,0.0
2002-03-26 00:00:00+09:00,361.7066764831543,361.7066764831543,346.14940007527673,354.7059020996094,41400,0.0,0.0
2002-03-27 00:00:00+09:00,354.18731940774353,354.18731940774353,344.8529537425321,352.631591796875,48400,0.0,0.0
2002-03-28 00:00:00+09:00,352.6316062644676,352.6316062644676,340.18578486689813,350.0387268066406,64600,0.0,0.0
2002-03-29 00:00:00+09:00,349.5201140647711,349.5201140647711,334.4814147949219,334.4814147949219,48800,0.0,0.0
2002-04-01 00:00:00+09:00,329.2956684090499,334.4814269666727,311.14551345737,313.9976806640625,119600,0.0,0.0
2002-04-02 00:00:00+09:00,324.1099255889917,325.40636529134764,319.9613185414526,323.3320617675781,87600,0.0,0.0
2002-04-03 00:00:00+09:00,328.5178164427308,339.40790980547325,325.1470732590248,338.3707580566406,55200,0.0,0.0
2002-04-04 00:00:00+09:00,333.18491760778016,335.7777963440275,324.8877056517888,332.14776611328125,63000,0.0,0.0
2002-04-05 00:00:00+09:00,334.48140070988586,344.33434119591345,333.1849611722506,337.07427978515625,76800,0.0,0.0
2002-04-08 00:00:00+09:00,339.667118583879,343.55643673560286,336.5556640625,336.5556640625,32000,0.0,0.0
2002-04-09 00:00:00+09:00,339.6671876907348,341.2229152679443,331.8885498046875,331.8885498046875,24000,0.0,0.0
2002-04-10 00:00:00+09:00,329.2956564260084,337.07429397937864,329.2956564260084,334.4814147949219,32800,0.0,0.0
2002-04-11 00:00:00+09:00,337.0744229121124,337.0744229121124,324.11002203087736,326.184326171875,28800,0.0,0.0
2002-04-12 00:00:00+09:00,339.407908018832,339.407908018832,328.7771026492582,333.18499755859375,48000,0.0,0.0
2002-04-15 00:00:00+09:00,335.7778543871503,335.7778543871503,325.14704973087754,334.4814147949219,13400,0.0,0.0
2002-04-16 00:00:00+09:00,334.22217594011124,336.8150555052013,330.5921445489851,335.51861572265625,44800,0.0,0.0
2002-04-17 00:00:00+09:00,337.07435143920804,340.9636708788912,334.4814718127526,336.8150634765625,22600,0.0,0.0
2002-04-18 00:00:00+09:00,336.55572428385415,336.55572428385415,330.0735262044271,330.59210205078125,49000,0.0,0.0
2002-04-19 00:00:00+09:00,335.77780043215523,336.5556640625,331.1106186500867,336.5556640625,57200,0.0,0.0
2002-04-22 00:00:00+09:00,339.4079478307424,358.59525733377905,339.4079478307424,357.55810546875,136400,0.0,0.0
2002-04-23 00:00:00+09:00,358.5952466881793,361.9659901494565,355.48379118546194,357.8173828125,108000,0.0,0.0
2002-04-24 00:00:00+09:00,357.8173268711869,358.0766147892095,347.9643859863281,347.9643859863281,76200,0.0,0.0
2002-04-25 00:00:00+09:00,353.1501834589017,353.1501834589017,347.44584863063756,349.2608642578125,63200,0.0,0.0
2002-04-26 00:00:00+09:00,359.632336137922,359.632336137922,350.5572591625599,351.85369873046875,70800,0.0,0.0
2002-04-29 00:00:00+09:00,351.85369873046875,351.85369873046875,351.85369873046875,351.85369873046875,0,0.0,0.0
2002-04-30 00:00:00+09:00,351.8536916725852,359.11375310724435,351.33511585582386,356.5208740234375,90800,0.0,0.0
2002-05-01 00:00:00+09:00,357.8172923900463,360.15088342737266,356.520852924865,357.0394287109375,26000,0.0,0.0
2002-05-02 00:00:00+09:00,360.4102570983185,363.0031366457884,355.4837859581257,360.9288330078125,94800,0.0,0.0
2002-05-03 00:00:00+09:00,360.9288330078125,360.9288330078125,360.9288330078125,360.9288330078125,0,0.0,0.0
2002-05-06 00:00:00+09:00,360.9288330078125,360.9288330078125,360.9288330078125,360.9288330078125,0,0.0,0.0
2002-05-07 00:00:00+09:00,363.00319712069347,375.9675970178611,363.00319712069347,366.89251708984375,90400,0.0,0.0
2002-05-08 00:00:00+09:00,372.07811395951103,381.153189909743,366.8923562736642,379.85675048828125,155800,0.0,0.0
2002-05-09 00:00:00+09:00,381.4126381920124,385.0426700986665,375.96759033203125,375.96759033203125,84800,0.0,0.0
2002-05-10 00:00:00+09:00,375.967552088484,375.967552088484,367.411049178884,368.7074890136719,65800,0.0,0.0
2002-05-13 00:00:00+09:00,368.7074056948022,368.7074056948022,360.41019262712734,363.2623596191406,75800,0.0,0.0
2002-05-14 00:00:00+09:00,363.78089136325156,365.85519437886524,356.00225505470024,358.3358459472656,80200,0.0,0.0
2002-05-15 00:00:00+09:00,358.33600490213297,363.2624767495574,358.33600490213297,360.4103088378906,42200,0.0,0.0
2002-05-16 00:00:00+09:00,360.41024012999105,368.1888784061779,358.33593658967453,365.0774230957031,35600,0.0,0.0
2002-05-17 00:00:00+09:00,365.0774991058655,373.37471499463516,362.484619140625,362.484619140625,62600,0.0,0.0
2002-05-20 00:00:00+09:00,369.74452792392685,370.0038158116716,367.41093693422465,369.2259521484375,34600,0.0,0.0
2002-05-21 00:00:00+09:00,364.0403471197693,367.411091074582,357.8174352031921,362.484619140625,51800,0.0,0.0
2002-05-22 00:00:00+09:00,360.4102384803618,364.5588455420062,358.8545108322451,359.89166259765625,47000,0.0,0.0
2002-05-23 00:00:00+09:00,359.113755420972,363.0030740717406,352.1129818495884,361.7066345214844,70800,0.0,0.0
2002-05-24 00:00:00+09:00,359.1138187008607,382.4497347175231,359.1138187008607,366.1145935058594,76200,0.0,0.0
2002-05-27 00:00:00+09:00,376.486064453125,376.486064453125,366.11454752604163,369.48529052734375,62800,0.0,0.0
2002-05-28 00:00:00+09:00,373.3746354612586,378.5603942871094,367.1517248702376,378.5603942871094,71000,0.0,0.0
2002-05-29 00:00:00+09:00,368.44817743478603,378.30111954775003,368.44817743478603,376.7453918457031,35400,0.0,0.0
2002-05-30 00:00:00+09:00,372.0782166155277,378.301127555439,363.2624261173201,378.0418395996094,59800,0.0,0.0
2002-05-31 00:00:00+09:00,372.33761441865016,381.15340751769895,371.8190383540002,373.115478515625,45200,0.0,0.0
2002-06-03 00:00:00+09:00,373.3745856804746,379.8567833485384,373.3745856804746,378.3010559082031,33000,0.0,0.0
2002-06-04 00:00:00+09:00,375.4489406276394,383.74615478515625,369.74460589434653,383.74615478515625,94800,0.0,0.0
2002-06-05 00:00:00+09:00,383.4869217976485,396.7106087561881,379.85689008353955,392.8212890625,145800,0.0,0.0
2002-06-06 00:00:00+09:00,396.710590031824,399.3034697052346,391.5248306850027,391.78411865234375,130800,0.0,0.0
2002-06-07 00:00:00+09:00,388.6726379394532,388.9319258900465,380.11613556987214,388.6726379394531,62400,0.0,0.0
2002-06-10 00:00:00+09:00,388.9318506056926,388.9318506056926,384.52395629882807,384.5239562988281,25400,0.0,0.0
2002-06-11 00:00:00+09:00,385.0427400233382,385.3020280637579,375.9676586086467,382.4498596191406,29000,0.0,0.0
2002-06-12 00:00:00+09:00,381.1532157408953,382.4496552502181,375.9674577036042,376.22674560546875,29000,0.0,0.0
2002-06-13 00:00:00+09:00,376.2267514497125,379.33820632041994,363.26235615509796,372.3374328613281,36200,0.0,0.0
2002-06-14 00:00:00+09:00,365.0774150258375,372.0781893196568,360.4102321632913,363.7809753417969,136800,0.0,0.0
2002-06-17 00:00:00+09:00,368.9667855386368,368.9667855386368,357.8174027008565,358.0766906738281,77000,0.0,0.0
2002-06-18 00:00:00+09:00,363.0031380369711,368.7074730632663,354.96521140900956,366.1145935058594,38400,0.0,0.0
2002-06-19 00:00:00+09:00,358.33589415294847,362.48450074227344,352.8908480044594,353.409423828125,44200,0.0,0.0
2002-06-20 00:00:00+09:00,350.0387693407985,350.0387693407985,342.2601300221141,349.0016174316406,48200,0.0,0.0
2002-06-21 00:00:00+09:00,347.18655940303097,352.6316062644676,338.3707692464193,350.0387268066406,37400,0.0,0.0
2002-06-24 00:00:00+09:00,337.3336174632885,350.0387268066406,337.3336174632885,350.0387268066406,34000,0.0,0.0
2002-06-25 00:00:00+09:00,352.11292983271375,354.7058085501859,347.44574814126395,348.7421875,23600,0.0,0.0
2002-06-26 00:00:00+09:00,348.2236466725667,351.33510144551593,311.1454772949219,311.1454772949219,77200,0.0,0.0
2002-06-27 00:00:00+09:00,342.26003913026454,345.6307819398808,331.8885227929838,336.2964172363281,52600,0.0,0.0
2002-06-28 00:00:00+09:00,351.85376614598323,365.8553161621093,346.927294844013,365.8553161621094,84600,0.0,0.0
2002-07-01 00:00:00+09:00,373.374755859375,373.374755859375,357.8174743652344,363.00323486328125,60400,0.0,0.0
2002-07-02 00:00:00+09:00,357.8173828125,357.8173828125,348.4830163043478,357.8173828125,33800,0.0,0.0
2002-07-03 00:00:00+09:00,357.8174743652344,363.00323486328125,354.18744201660155,363.00323486328125,27800,0.0,0.0
2002-07-04 00:00:00+09:00,352.6315301025918,362.4844699142819,350.2979390945599,360.15087890625,9800,0.0,0.0
2002-07-05 00:00:00+09:00,352.63157591639117,362.7438049316406,351.5944242225194,362.7438049316406,12800,0.0,0.0
2002-07-08 00:00:00+09:00,370.78183502939464,370.78183502939464,359.3731631823364,362.484619140625,26000,0.0,0.0
2002-07-09 00:00:00+09:00,362.4844912389281,366.3738098144531,358.33588475836814,366.3738098144531,9400,0.0,0.0
2002-07-10 00:00:00+09:00,368.1889485969818,368.1889485969818,359.8917328539512,360.4103088378906,50200,0.0,0.0
2002-07-11 00:00:00+09:00,355.7430490541064,356.00233699073476,340.1857728564049,345.11224365234375,45200,0.0,0.0
2002-07-12 00:00:00+09:00,347.44580078125,360.66948424381997,347.44580078125,347.44580078125,26000,0.0,0.0
2002-07-15 00:00:00+09:00,347.44583309397973,352.63159179687494,338.6300432990579,352.631591796875,28000,0.0,0.0
2002-07-16 00:00:00+09:00,352.11292127759106,352.11292127759106,339.9263916015625,339.9263916015625,17800,0.0,0.0
2002-07-17 00:00:00+09:00,339.66722434251466,339.92651230002804,325.6656746367927,328.7771301269531,37200,0.0,0.0
2002-07-18 00:00:00+09:00,333.9628613661235,337.5928924679292,332.6664216869072,333.18499755859375,26600,0.0,0.0
2002-07-19 00:00:00+09:00,333.44427738189694,337.0743083953857,331.8885498046875,331.8885498046875,20800,0.0,0.0
2002-07-22 00:00:00+09:00,326.7028503417969,329.0364421299526,324.10997057717947,326.7028503417969,22400,0.0,0.0
2002-07-23 00:00:00+09:00,326.7028452783422,347.1865951013494,326.7028452783422,346.92730712890625,27200,0.0,0.0
2002-07-24 00:00:00+09:00,341.74144899187536,366.6330871582031,338.37070632351845,366.6330871582031,54800,0.0,0.0
2002-07-25 00:00:00+09:00,362.7438023846849,362.7438023846849,344.8529357910156,344.8529357910156,33000,0.0,0.0
2002-07-26 00:00:00+09:00,359.9826736450196,359.9826736450196,331.28840255737305,333.89697265625,40600,4.0,0.0
2002-07-29 00:00:00+09:00,333.89697265625,339.11411285400396,333.89697265625,333.89697265625,27000,0.0,0.0
2002-07-30 00:00:00+09:00,337.8098129730577,339.6358119621013,333.8969579965358,338.8532409667969,51600,0.0,0.0
2002-07-31 00:00:00+09:00,349.28756067367243,349.28756067367243,336.5055662950242,343.5487060546875,15000,0.0,0.0
2002-08-01 00:00:00+09:00,343.5487117589077,343.8095687913746,326.07129058362534,334.9404296875,19400,0.0,0.0
2002-08-02 00:00:00+09:00,330.5058727412261,344.8530100741128,323.4627325959908,336.5055847167969,31400,0.0,0.0
2002-08-05 00:00:00+09:00,338.85315673828126,338.85315673828126,332.59259033203125,332.59259033203125,10200,0.0,0.0
2002-08-06 00:00:00+09:00,328.1581916421147,328.1581916421147,307.55048326395325,307.81134033203125,52400,0.0,0.0
2002-08-07 00:00:00+09:00,320.33241195058434,326.071266236344,317.98469883368267,320.8541259765625,21800,0.0,0.0
2002-08-08 00:00:00+09:00,328.6798806792324,328.6798806792324,314.59360007869384,322.4193115234375,35600,0.0,0.0
2002-08-09 00:00:00+09:00,332.85357666015625,332.85357666015625,320.8541530501506,332.85357666015625,24600,0.0,0.0
2002-08-12 00:00:00+09:00,328.6798453855631,328.6798453855631,319.02813564011404,320.0715637207031,15800,0.0,0.0
2002-08-13 00:00:00+09:00,315.6369513434333,319.28894912757215,313.02838149761976,318.5063781738281,10000,0.0,0.0
2002-08-14 00:00:00+09:00,313.0284456598679,314.59358788816724,309.11559008911956,310.94158935546875,24800,0.0,0.0
2002-08-15 00:00:00+09:00,315.3760740478113,317.4629297900632,313.2892183055595,316.68035888671875,24000,0.0,0.0
2002-08-16 00:00:00+09:00,318.5063489852817,321.8974894740685,313.2892097717636,317.4629211425781,30800,0.0,0.0
2002-08-19 00:00:00+09:00,318.24560778188254,318.24560778188254,302.8550415039063,302.85504150390625,35400,0.0,0.0
2002-08-20 00:00:00+09:00,307.8112945683903,312.76757812499994,305.46358130473305,312.767578125,20200,0.0,0.0
2002-08-21 00:00:00+09:00,310.41979251537526,313.02836220037847,308.5937937358731,310.158935546875,52800,0.0,0.0
2002-08-22 00:00:00+09:00,306.50698734215655,323.4626930249142,303.11584620560507,322.94097900390625,47200,0.0,0.0
2002-08-23 00:00:00+09:00,322.94097900390625,322.94097900390625,322.94097900390625,322.94097900390625,0,0.0,0.0
2002-08-26 00:00:00+09:00,327.37554357910153,332.33182670898435,320.85411840820314,326.0712585449219,31400,0.0,0.0
2002-08-27 00:00:00+09:00,331.2884064961255,331.2884064961255,315.37612870379195,320.8541259765625,15200,0.0,0.0
2002-08-28 00:00:00+09:00,315.63697827148434,326.0712585449219,315.63697827148434,326.0712585449219,14600,0.0,0.0
2002-08-29 00:00:00+09:00,325.81031879231506,325.81031879231506,316.41946893120746,318.7671813964844,16600,0.0,0.0
2002-08-30 00:00:00+09:00,320.8541259765625,321.8975540285188,313.0284155868903,320.8541259765625,32800,0.0,0.0
2002-09-02 00:00:00+09:00,320.85414518559645,320.85414518559645,307.8112937552877,308.3330078125,22400,0.0,0.0
2002-09-03 00:00:00+09:00,305.20271122920053,305.20271122920053,299.9855708663082,301.28985595703125,16400,0.0,0.0
2002-09-04 00:00:00+09:00,290.8554568670492,294.768310546875,288.2468877471654,294.768310546875,39800,0.0,0.0
2002-09-05 00:00:00+09:00,294.7684716576928,315.63703602283925,286.94276002076293,289.55133056640625,47400,0.0,0.0
2002-09-06 00:00:00+09:00,287.2036565098194,289.55137032325115,284.334228515625,284.334228515625,47200,0.0,0.0
2002-09-09 00:00:00+09:00,281.9864587271085,298.68130919753867,281.9864587271085,291.116455078125,12000,0.0,0.0
2002-09-10 00:00:00+09:00,292.1598557014328,292.42071271545194,289.0295715332031,289.0295715332031,26400,0.0,0.0
2002-09-11 00:00:00+09:00,295.8118403529017,295.8118403529017,289.8121293051797,292.9424133300781,89400,0.0,0.0
2002-09-12 00:00:00+09:00,292.94235486770424,292.94235486770424,286.94264501734165,290.8554992675781,20600,0.0,0.0
2002-09-13 00:00:00+09:00,269.72619367975284,286.9427592337796,269.72619367975284,280.68218994140625,95200,0.0,0.0
2002-09-16 00:00:00+09:00,280.68218994140625,280.68218994140625,280.68218994140625,280.68218994140625,0,0.0,0.0
2002-09-17 00:00:00+09:00,289.8120292190957,297.37687966675884,286.9426031872234,294.768310546875,19400,0.0,0.0
2002-09-18 00:00:00+09:00,303.3767684472574,313.0284799111856,303.1159113806647,308.8547668457031,42000,0.0,0.0
2002-09-19 00:00:00+09:00,314.07187836745686,320.8541614551262,312.7675931582897,317.723876953125,39000,0.0,0.0
2002-09-20 00:00:00+09:00,307.55031868523633,316.94116811073974,307.55031868523633,311.7240295410156,29000,0.0,0.0
2002-09-23 00:00:00+09:00,311.7240295410156,311.7240295410156,311.7240295410156,311.7240295410156,0,0.0,0.0
2002-09-24 00:00:00+09:00,307.8112241849617,309.11550903320307,298.94208721692047,309.1155090332031,46200,0.0,0.0
2002-09-25 00:00:00+09:00,298.68132861496355,303.1158985594652,297.6379003927279,302.85504150390625,21400,0.0,0.0
2002-09-26 00:00:00+09:00,318.2454527531708,318.2454527531708,308.0720325422088,311.7240295410156,24000,0.0,0.0
2002-09-27 00:00:00+09:00,313.02852630615234,318.2456684112549,310.15909814834595,317.2022399902344,20400,0.0,0.0
2002-09-30 00:00:00+09:00,306.5069393367204,312.7675066082789,306.5069393367204,309.1155090332031,12600,0.0,0.0
2002-10-01 00:00:00+09:00,305.98529455504445,309.1155788983186,289.2904447242492,308.3330078125,70600,0.0,0.0
2002-10-02 00:00:00+09:00,303.11581090832436,303.11581090832436,293.46410264360145,294.2466735839844,53800,0.0,0.0
2002-10-03 00:00:00+09:00,291.8990282452972,292.94245640703195,279.1170332640465,280.16046142578125,25800,0.0,0.0
2002-10-04 00:00:00+09:00,279.11705823564665,279.89962942696155,269.72620393986784,278.856201171875,25400,0.0,0.0
2002-10-07 00:00:00+09:00,280.1604274179229,280.1604274179229,266.5958629619341,266.8567199707031,26600,0.0,0.0
2002-10-08 00:00:00+09:00,261.639625511954,266.3350524902344,261.639625511954,266.3350524902344,32000,0.0,0.0
2002-10-09 00:00:00+09:00,271.03048083496094,271.29133789062496,260.8570556640625,260.8570556640625,21000,0.0,0.0
2002-10-10 00:00:00+09:00,255.63976479948852,260.5960459537643,249.37919913092963,253.8137664794922,74200,0.0,0.0
2002-10-11 00:00:00+09:00,266.8566581960715,279.8995056152344,262.42209007355615,279.8995056152344,61400,0.0,0.0
2002-10-14 00:00:00+09:00,279.8995056152344,279.8995056152344,279.8995056152344,279.8995056152344,0,0.0,0.0
2002-10-15 00:00:00+09:00,295.55094841104244,298.42037509464484,287.203525331472,296.0726623535156,22000,0.0,0.0
2002-10-16 00:00:00+09:00,299.7246492302492,299.7246492302492,291.89894037306254,292.420654296875,14800,0.0,0.0
2002-10-17 00:00:00+09:00,284.3341704777309,292.1598815917969,284.3341704777309,292.1598815917969,28400,0.0,0.0
2002-10-18 00:00:00+09:00,295.81183440063586,297.3769763815916,295.81183440063586,297.1161193847656,5800,0.0,0.0
2002-10-21 00:00:00+09:00,286.6818150625904,297.1160940457602,286.6818150625904,287.4643859863281,16200,0.0,0.0
2002-10-22 00:00:00+09:00,277.0301674321013,281.46473696726673,276.5084533691406,276.5084533691406,29400,0.0,0.0
2002-10-23 00:00:00+09:00,260.8570772058824,279.3779296875,260.8570772058824,279.3779296875,18400,0.0,0.0
2002-10-24 00:00:00+09:00,268.94362303372344,272.85647884895707,263.7264819467453,266.3350524902344,32400,0.0,0.0
2002-10-25 00:00:00+09:00,276.7692878591244,286.6818542480469,271.29129064419357,286.6818542480469,17800,0.0,0.0
2002-10-28 00:00:00+09:00,292.1598514629777,292.1598514629777,274.16071775677636,286.6818542480469,23000,0.0,0.0
2002-10-29 00:00:00+09:00,268.9435771942139,278.8561435699463,268.9435771942139,271.2912902832031,31600,0.0,0.0
2002-10-30 00:00:00+09:00,275.986728331622,285.89929513370294,273.6390151416554,283.81243896484375,25800,0.0,0.0
2002-10-31 00:00:00+09:00,283.8124501935337,292.1598751992259,277.2910244078367,286.4210205078125,46000,0.0,0.0
2002-11-01 00:00:00+09:00,284.33411503374913,284.33411503374913,278.07354736328125,278.07354736328125,17600,0.0,0.0
2002-11-04 00:00:00+09:00,278.07354736328125,278.07354736328125,278.07354736328125,278.07354736328125,0,0.0,0.0
2002-11-05 00:00:00+09:00,286.9426953351056,286.9426953351056,275.2041305259422,281.7255554199219,20600,0.0,0.0
2002-11-06 00:00:00+09:00,281.4648005214306,284.334228515625,273.6390878099914,284.334228515625,20200,0.0,0.0
2002-11-07 00:00:00+09:00,284.334228515625,284.334228515625,280.943086340668,284.334228515625,13800,0.0,0.0
2002-11-08 00:00:00+09:00,284.33414513776137,284.33414513776137,268.68272430449014,273.6390075683594,24400,0.0,0.0
2002-11-11 00:00:00+09:00,278.85606983348686,278.85606983348686,260.8569409106519,261.1177978515625,31000,0.0,0.0
2002-11-12 00:00:00+09:00,260.8570173674939,266.07415771484375,260.0744463153914,266.07415771484375,28600,0.0,0.0
2002-11-13 00:00:00+09:00,265.8133796810486,265.8133796810486,250.9445252729821,251.7270965576172,33400,0.0,0.0
2002-11-14 00:00:00+09:00,251.7269167477832,254.07462892470554,234.51036078368614,241.55349731445312,77600,0.0,0.0
2002-11-15 00:00:00+09:00,242.59703092338628,256.9441671607908,241.81445985589147,252.5095977783203,41800,0.0,0.0
2002-11-18 00:00:00+09:00,247.81414061423305,248.0749976043533,234.51043411810053,236.5972900390625,60000,0.0,0.0
2002-11-19 00:00:00+09:00,232.16275745433765,237.37989807128906,229.29333011501438,237.37989807128906,41200,0.0,0.0
2002-11-20 00:00:00+09:00,232.16274528746393,245.7273101806641,232.16274528746393,245.72731018066406,37600,0.0,0.0
2002-11-21 00:00:00+09:00,243.37954835330737,252.50954212861902,243.37954835330737,248.33583068847656,33400,0.0,0.0
2002-11-22 00:00:00+09:00,251.4661852108535,251.72704224945397,242.5970458984375,242.5970458984375,40400,0.0,0.0
2002-11-25 00:00:00+09:00,247.81420585436697,255.6399176181891,247.81420585436697,254.33563232421875,34000,0.0,0.0
2002-11-26 00:00:00+09:00,259.55273209104115,259.8135891082181,245.7273101806641,245.72731018066406,38000,0.0,0.0
2002-11-27 00:00:00+09:00,245.72736320495605,253.0313612620036,245.72736320495605,250.42279052734375,29800,0.0,0.0
2002-11-28 00:00:00+09:00,253.03132615508878,260.5961802360141,253.03132615508878,257.98760986328125,69200,0.0,0.0
2002-11-29 00:00:00+09:00,258.5092872188338,268.6827102274458,258.5092872188338,267.6392822265625,69600,0.0,0.0
2002-12-02 00:00:00+09:00,267.6392822265625,267.6392822265625,267.6392822265625,267.6392822265625,0,0.0,0.0
2002-12-03 00:00:00+09:00,264.2480565217096,268.68262410400877,262.42205810546875,262.42205810546875,30800,0.0,0.0
2002-12-04 00:00:00+09:00,260.33527624385874,260.33527624385874,250.42271061533506,253.03128051757812,46800,0.0,0.0
2002-12-05 00:00:00+09:00,250.4228239239387,250.6836810321928,246.50996730012716,248.85768127441406,50400,0.0,0.0
2002-12-06 00:00:00+09:00,251.46620491848458,251.46620491848458,242.85792197003022,244.9447784423828,56600,0.0,0.0
2002-12-09 00:00:00+09:00,242.59692494864083,243.3794956742816,238.68407132043694,241.55349731445312,28000,0.0,0.0
2002-12-10 00:00:00+09:00,241.55349731445312,242.59692494864083,239.98835586317156,241.55349731445312,31800,0.0,0.0
2002-12-11 00:00:00+09:00,249.37925321387235,249.37925321387235,246.50982666015625,246.50982666015625,43400,0.0,0.0
2002-12-12 00:00:00+09:00,246.5098319334142,249.11840158350324,246.5098319334142,248.33583068847656,22600,0.0,0.0
2002-12-13 00:00:00+09:00,244.42302459109146,244.68388160773083,235.03217199207407,235.8147430419922,116000,0.0,0.0
2002-12-16 00:00:00+09:00,236.07559161046288,236.33644861776727,231.1193084716797,231.1193084716797,71600,0.0,0.0
2002-12-17 00:00:00+09:00,235.81472345277587,240.77100635720367,231.90186852822757,233.46701049804688,39600,0.0,0.0
2002-12-18 00:00:00+09:00,234.7712851274298,234.7712851274298,229.81500244140625,229.81500244140625,24800,0.0,0.0
2002-12-19 00:00:00+09:00,229.5541671821974,233.72787931278282,229.5541671821974,230.59759521484375,18200,0.0,0.0
2002-12-20 00:00:00+09:00,233.206153503077,234.77129547289633,232.16272552319745,233.46701049804688,35200,0.0,0.0
2002-12-23 00:00:00+09:00,233.46701049804688,233.46701049804688,233.46701049804688,233.46701049804688,0,0.0,0.0
2002-12-24 00:00:00+09:00,233.2061484560321,237.37986028522283,233.2061484560321,237.11900329589844,43800,0.0,0.0
2002-12-25 00:00:00+09:00,238.68417754621137,239.4667486201334,234.77132217660136,236.0756072998047,18800,0.0,0.0
2002-12-26 00:00:00+09:00,241.2927341461182,241.2927341461182,238.94502105712894,239.9884490966797,22000,0.0,0.0
2002-12-27 00:00:00+09:00,242.59700090860585,253.03128051757815,237.3798611041197,253.03128051757812,35400,0.0,0.0
2002-12-30 00:00:00+09:00,247.8141667891522,258.2484474960639,247.8141667891522,255.63987731933594,45200,0.0,0.0
2002-12-31 00:00:00+09:00,255.63987731933597,255.63987731933597,255.63987731933597,255.63987731933594,0,0.0,0.0
2003-01-01 00:00:00+09:00,255.63987731933597,255.63987731933597,255.63987731933597,255.63987731933594,0,0.0,0.0
2003-01-02 00:00:00+09:00,255.63987731933597,255.63987731933597,255.63987731933597,255.63987731933594,0,0.0,0.0
2003-01-03 00:00:00+09:00,255.63987731933597,255.63987731933597,255.63987731933597,255.63987731933594,0,0.0,0.0
2003-01-06 00:00:00+09:00,251.7270137763073,254.8572978854427,250.94444274902344,250.94444274902344,10800,0.0,0.0
2003-01-07 00:00:00+09:00,260.59615208552435,260.59615208552435,250.94444274902344,250.94444274902344,18400,0.0,0.0
2003-01-08 00:00:00+09:00,250.94443570400807,251.20529270577939,245.20558166503906,245.20558166503906,9400,0.0,0.0
2003-01-09 00:00:00+09:00,239.9884423619903,244.68386840820315,239.46672835685553,244.68386840820312,14600,0.0,0.0
2003-01-10 00:00:00+09:00,237.64075429815995,243.90132301732112,237.64075429815995,242.85789489746094,33000,0.0,0.0
2003-01-13 00:00:00+09:00,242.85789489746094,242.85789489746094,242.85789489746094,242.85789489746094,0,0.0,0.0
2003-01-14 00:00:00+09:00,245.46634812640332,246.5097757486197,243.90120669307873,244.1620635986328,19400,0.0,0.0
2003-01-15 00:00:00+09:00,246.77082440838126,250.4228239239387,245.20568175885663,248.85768127441406,29200,0.0,0.0
2003-01-16 00:00:00+09:00,250.42274145482085,250.42274145482085,245.20560100784542,247.55331420898438,15800,0.0,0.0
2003-01-17 00:00:00+09:00,247.81421803834527,253.55307361397013,247.81421803834527,251.46621704101562,31200,0.0,0.0
2003-01-20 00:00:00+09:00,253.03133102620023,256.16161553374087,253.03133102620023,254.85733032226562,24400,0.0,0.0
2003-01-21 00:00:00+09:00,254.8573464418069,263.7264864408053,253.8139182066306,254.33563232421875,39800,0.0,0.0
2003-01-22 00:00:00+09:00,257.4659046536769,262.94390262503174,256.6833335149119,257.2050476074219,37200,0.0,0.0
2003-01-23 00:00:00+09:00,258.5093328386969,260.5961892087368,257.2050476074219,257.2050476074219,15800,0.0,0.0
2003-01-24 00:00:00+09:00,258.770200920871,262.16134266680984,258.770200920871,259.8136291503906,25800,0.0,0.0
2003-01-27 00:00:00+09:00,262.68296835674505,264.76982411330306,256.6832580566406,256.6832580566406,56200,0.0,0.0
2003-01-28 00:00:00+09:00,249.81728285868053,255.626987111208,249.81728285868053,253.2502899169922,16800,6.0,0.0
2003-01-29 00:00:00+09:00,250.87364105655368,250.87364105655368,242.9513155495046,243.21539306640625,28000,0.0,0.0
2003-01-30 00:00:00+09:00,243.21537676292832,259.58818171331006,243.21537676292832,254.57070922851562,25200,0.0,0.0
2003-01-31 00:00:00+09:00,252.9861945950255,261.436672911352,245.32794862085456,258.7958984375,44600,0.0,0.0
2003-02-03 00:00:00+09:00,257.211325402658,259.3239440917969,252.19385601595317,259.3239440917969,16200,0.0,0.0
2003-02-04 00:00:00+09:00,263.2852092785263,263.2852092785263,255.36288603042618,261.70074462890625,12600,0.0,0.0
2003-02-05 00:00:00+09:00,253.77832003280733,261.7006401170781,253.77832003280733,259.3239440917969,33000,0.0,0.0
2003-02-06 00:00:00+09:00,259.5882278817599,261.7008482510926,257.73968505859375,257.73968505859375,18400,0.0,0.0
2003-02-07 00:00:00+09:00,255.09876184463502,255.09876184463502,252.72206530570983,253.51429748535156,17000,0.0,0.0
2003-02-10 00:00:00+09:00,253.5143863075658,255.62700619346217,250.8736114501953,250.8736114501953,14000,0.0,0.0
2003-02-11 00:00:00+09:00,250.8736114501953,250.8736114501953,250.8736114501953,250.8736114501953,0,0.0,0.0
2003-02-12 00:00:00+09:00,253.51436246592678,256.1551370749469,253.25028500502478,254.3065948486328,31400,0.0,0.0
2003-02-13 00:00:00+09:00,254.83479051802342,254.83479051802342,248.76100794609124,249.02508544921875,16000,0.0,0.0
2003-02-14 00:00:00+09:00,256.41918063065646,258.79587746451426,255.36287092671967,256.6832580566406,42400,0.0,0.0
2003-02-17 00:00:00+09:00,263.2852259818754,263.2852259818754,254.83474731445312,254.83474731445312,10800,0.0,0.0
2003-02-18 00:00:00+09:00,256.15511201805487,258.79588636875644,256.15511201805487,256.419189453125,21000,0.0,0.0
2003-02-19 00:00:00+09:00,256.1551346062378,257.73959935637953,254.04251493938227,254.83474731445312,15600,0.0,0.0
2003-02-20 00:00:00+09:00,254.83474731445312,256.6832895229517,254.83474731445312,254.83474731445312,8600,0.0,0.0
2003-02-21 00:00:00+09:00,253.51440301865185,254.57071303122956,251.66586049664085,252.1940155029297,13600,0.0,0.0
2003-02-24 00:00:00+09:00,251.92993677910837,257.21148681640625,250.6095492697839,257.21148681640625,30400,0.0,0.0
2003-02-25 00:00:00+09:00,259.85224596525495,259.85224596525495,248.23283659282484,250.8736114501953,22600,0.0,0.0
2003-02-26 00:00:00+09:00,258.0037426649277,258.26782019068503,251.92995957250872,252.45811462402344,18200,0.0,0.0
2003-02-27 00:00:00+09:00,252.4581046246468,252.4581046246468,248.23286437988284,248.2328643798828,10400,0.0,0.0
2003-02-28 00:00:00+09:00,248.2328005420918,258.7958984375,245.59202606823976,258.7958984375,24000,0.0,0.0
2003-03-03 00:00:00+09:00,248.23278184225762,255.36287238453525,248.23278184225762,252.98617553710938,14800,0.0,0.0
2003-03-04 00:00:00+09:00,250.3454631159856,257.4755554199219,246.91245571038664,257.4755554199219,14400,0.0,0.0
2003-03-05 00:00:00+09:00,249.81726987109585,251.66581203716103,244.5357208251953,244.5357208251953,20800,0.0,0.0
2003-03-06 00:00:00+09:00,246.1201213653075,249.8172047334559,245.59196659842917,246.912353515625,17800,0.0,0.0
2003-03-07 00:00:00+09:00,242.9512758359804,245.592050573328,240.31050109863278,240.3105010986328,21200,0.0,0.0
2003-03-10 00:00:00+09:00,235.02895556921248,235.29303304738013,228.42701861502113,229.74740600585938,34200,0.0,0.0
2003-03-11 00:00:00+09:00,229.74735685836438,231.85997623177462,224.72988584651503,227.10658264160156,91000,0.0,0.0
2003-03-12 00:00:00+09:00,229.7473906561359,229.7473906561359,215.22313032729974,221.5609893798828,51400,0.0,0.0
2003-03-13 00:00:00+09:00,216.27944406304786,218.65614125055387,212.31828208387117,214.1668243408203,71000,0.0,0.0
2003-03-14 00:00:00+09:00,216.54346429734002,224.7298635573614,215.48715471540177,221.82501220703125,85600,0.0,0.0
2003-03-17 00:00:00+09:00,223.14549924120493,224.99404183846934,212.58239868540824,213.9027862548828,55600,0.0,0.0
2003-03-18 00:00:00+09:00,221.82507752535633,232.12409898189074,221.82507752535633,225.78623962402344,33200,0.0,0.0
2003-03-19 00:00:00+09:00,221.82508713042662,222.08916461510572,213.90276259005424,220.50469970703125,29200,0.0,0.0
2003-03-20 00:00:00+09:00,224.72989148258614,229.7473626202702,223.40950434109033,229.21920776367188,41800,0.0,0.0
2003-03-21 00:00:00+09:00,229.21920776367188,229.21920776367188,229.21920776367188,229.21920776367188,0,0.0,0.0
2003-03-24 00:00:00+09:00,241.63087955814032,241.63087955814032,238.72602745416268,240.57456970214844,32200,0.0,0.0
2003-03-25 00:00:00+09:00,238.19788343565804,240.83865819658553,228.4270168202264,236.61341857910156,21000,0.0,0.0
2003-03-26 00:00:00+09:00,240.57460536457484,254.57071303122956,240.57460536457484,252.1940155029297,47600,0.0,0.0
2003-03-27 00:00:00+09:00,249.55313658714294,254.5706070582072,247.9686722278595,253.51429748535156,35000,0.0,0.0
2003-03-28 00:00:00+09:00,253.51429748535156,253.51429748535156,249.28905919392903,253.51429748535156,18000,0.0,0.0
2003-03-31 00:00:00+09:00,252.4580648904318,252.4580648904318,240.31050109863278,240.3105010986328,9800,0.0,0.0
2003-04-01 00:00:00+09:00,227.10659105625336,248.23278557311414,227.10659105625336,243.74346923828125,30000,0.0,0.0
2003-04-02 00:00:00+09:00,244.0076027286863,244.79983520507812,237.6697429175516,244.79983520507812,36000,0.0,0.0
2003-04-03 00:00:00+09:00,248.23290515336836,250.08144806408492,240.57465595182828,241.63096618652344,11200,0.0,0.0
2003-04-04 00:00:00+09:00,241.63090918474137,249.02507908329085,237.66974673908987,248.76100158691406,16600,0.0,0.0
2003-04-07 00:00:00+09:00,243.47940532476693,247.44056701660153,243.47940532476693,247.44056701660156,3200,0.0,0.0
2003-04-08 00:00:00+09:00,247.44062044633,252.19401550292972,247.17654294318555,252.1940155029297,12000,0.0,0.0
2003-04-09 00:00:00+09:00,253.5143488103693,255.62696838378903,252.19396157698196,255.62696838378906,25600,0.0,0.0
2003-04-10 00:00:00+09:00,255.6270153668867,255.8910928621004,251.92993043389453,253.77847290039062,25000,0.0,0.0
2003-04-11 00:00:00+09:00,253.5144247270528,254.30665730432483,250.87364946947932,252.45811462402344,35600,0.0,0.0
2003-04-14 00:00:00+09:00,251.92993799978527,252.72217050921856,250.08139547777427,252.1940155029297,16600,0.0,0.0
2003-04-15 00:00:00+09:00,252.72212764759755,254.83474731445312,249.81727560567114,254.83474731445312,26800,0.0,0.0
2003-04-16 00:00:00+09:00,259.85222152757495,259.85222152757495,252.98620754412278,254.3065948486328,24000,0.0,0.0
2003-04-17 00:00:00+09:00,251.40171097215878,255.09879495704348,248.23278184225762,252.98617553710938,17200,0.0,0.0
2003-04-18 00:00:00+09:00,252.98614269892374,253.51429748535156,248.23274962107342,253.51429748535156,12600,0.0,0.0
2003-04-21 00:00:00+09:00,253.51432894483028,257.211412908609,253.51432894483028,256.6832580566406,18400,0.0,0.0
2003-04-22 00:00:00+09:00,256.9473286797019,256.9473286797019,246.91238675798692,251.40170288085938,20200,0.0,0.0
2003-04-23 00:00:00+09:00,253.51443292743872,253.51443292743872,247.7047271728516,247.70472717285156,14200,0.0,0.0
2003-04-24 00:00:00+09:00,247.70464446272385,249.0250316933354,241.63086320191078,247.44056701660156,44400,0.0,0.0
2003-04-25 00:00:00+09:00,247.17653651083668,250.60954396237608,245.06391654065857,245.59207153320312,9600,0.0,0.0
2003-04-28 00:00:00+09:00,250.87356808819348,251.1376455282863,249.28910344763645,250.3454132080078,27600,0.0,0.0
2003-04-29 00:00:00+09:00,250.3454132080078,250.3454132080078,250.3454132080078,250.3454132080078,0,0.0,0.0
2003-04-30 00:00:00+09:00,250.87359272277644,256.1551420432559,248.2328180625367,253.2502899169922,20600,0.0,0.0
2003-05-01 00:00:00+09:00,258.53180003853004,260.1162645944352,255.89102577868806,256.6832580566406,23600,0.0,0.0
2003-05-02 00:00:00+09:00,256.15517035731415,256.15517035731415,250.87362045303962,253.77847290039062,14200,0.0,0.0
2003-05-05 00:00:00+09:00,253.7784729003906,253.7784729003906,253.7784729003906,253.77847290039062,0,0.0,0.0
2003-05-06 00:00:00+09:00,253.51439935475707,262.7571118312326,253.51439935475707,260.9085693359375,48000,0.0,0.0
2003-05-07 00:00:00+09:00,263.8133656468885,268.0386047363281,261.43666865907863,268.0386047363281,74800,0.0,0.0
2003-05-08 00:00:00+09:00,268.03865185905903,271.99981420180376,264.86972198486325,269.3590393066406,40200,0.0,0.0
2003-05-09 00:00:00+09:00,269.62313084858044,280.7143859863281,269.62313084858044,280.7143859863281,52800,0.0,0.0
2003-05-12 00:00:00+09:00,285.2037085556402,292.33380126953125,285.2037085556402,292.33380126953125,92800,0.0,0.0
2003-05-13 00:00:00+09:00,298.40757876446827,303.16097382443326,293.1260286978405,293.3901062011719,87400,0.0,0.0
2003-05-14 00:00:00+09:00,293.39010370551216,301.04835123697916,293.39010370551216,297.0871887207031,37000,0.0,0.0
2003-05-15 00:00:00+09:00,286.5239646345186,298.40744703871525,286.5239646345186,288.1084289550781,51600,0.0,0.0
2003-05-16 00:00:00+09:00,288.3725409638511,290.48516031157163,285.7317667792004,288.90069580078125,106800,0.0,0.0
2003-05-19 00:00:00+09:00,287.5804296230801,297.0872206850001,287.5804296230801,295.2386779785156,86000,0.0,0.0
2003-05-20 00:00:00+09:00,295.2386779785156,297.0872206850001,292.5979026835379,295.2386779785156,38200,0.0,0.0
2003-05-21 00:00:00+09:00,296.82313795990694,301.0483783579128,295.7668278604055,296.29498291015625,30400,0.0,0.0
2003-05-22 00:00:00+09:00,296.2949120445589,298.9356866617118,296.2949120445589,298.40753173828125,25400,0.0,0.0
2003-05-23 00:00:00+09:00,298.40747886980085,300.52009818923307,297.3511692100848,299.991943359375,37200,0.0,0.0
2003-05-26 00:00:00+09:00,301.0483783579128,301.0483783579128,296.29498291015625,296.29498291015625,21400,0.0,0.0
2003-05-27 00:00:00+09:00,292.06972376160934,298.4075839517347,292.06972376160934,292.33380126953125,34600,0.0,0.0
2003-05-28 00:00:00+09:00,299.4638327034462,300.78421997286176,297.35121307238137,298.6716003417969,57000,0.0,0.0
2003-05-29 00:00:00+09:00,300.78412707466225,302.36859130859375,298.407430723765,302.36859130859375,36200,0.0,0.0
2003-05-30 00:00:00+09:00,302.104630937568,303.4250183105469,300.78424356458913,303.4250183105469,32200,0.0,0.0
2003-06-02 00:00:00+09:00,303.42493739625576,311.3472595214844,303.42493739625576,311.3472595214844,21800,0.0,0.0
2003-06-03 00:00:00+09:00,311.61135864257807,311.61135864257807,308.97058441679354,311.6113586425781,27600,0.0,0.0
2003-06-04 00:00:00+09:00,311.6114455384093,330.0968702737387,311.6114455384093,325.3434753417969,91600,0.0,0.0
2003-06-05 00:00:00+09:00,327.45599974587,332.73754812886784,322.43852878202193,322.7026062011719,32200,0.0,0.0
2003-06-06 00:00:00+09:00,322.70265442895106,324.8152740978804,318.7414925497086,322.17449951171875,71800,0.0,0.0
2003-06-09 00:00:00+09:00,324.8153828523597,324.8153828523597,322.17460738201527,323.4949951171875,27800,0.0,0.0
2003-06-10 00:00:00+09:00,318.2133512771669,321.64635838638117,316.8929639274691,320.8541259765625,14800,0.0,0.0
2003-06-11 00:00:00+09:00,317.1570413974087,321.11820344650204,317.1570413974087,320.8541259765625,36800,0.0,0.0
2003-06-12 00:00:00+09:00,320.85413593838996,322.17452332908294,318.7415161132812,318.74151611328125,38200,0.0,0.0
2003-06-13 00:00:00+09:00,319.53380079458884,320.5901108798602,318.2134131879996,319.0056457519531,84400,0.0,0.0
2003-06-16 00:00:00+09:00,319.0055935914198,319.7978260258356,318.7415161132812,318.74151611328125,34000,0.0,0.0
2003-06-17 00:00:00+09:00,318.7415992705676,323.4949951171875,318.7415992705676,323.4949951171875,38600,0.0,0.0
2003-06-18 00:00:00+09:00,323.4948947539389,325.0793595445705,313.19587361483394,315.57257080078125,93400,0.0,0.0
2003-06-19 00:00:00+09:00,312.40363339359163,316.62887272943055,312.40363339359163,313.98809814453125,72000,0.0,0.0
2003-06-20 00:00:00+09:00,313.72400699788,316.89293636149495,313.72400699788,315.3084716796875,50600,0.0,0.0
2003-06-23 00:00:00+09:00,315.04442080762783,319.2696603155256,313.45995599216616,314.5162658691406,51800,0.0,0.0
2003-06-24 00:00:00+09:00,314.5162102909411,315.044365136098,311.61135864257807,311.6113586425781,27600,0.0,0.0
2003-06-25 00:00:00+09:00,311.6113874221367,326.6638018993077,311.6113874221367,315.3084716796875,76600,0.0,0.0
2003-06-26 00:00:00+09:00,320.59002061904573,335.3783576492488,315.0443942327196,315.3084716796875,55600,0.0,0.0
2003-06-27 00:00:00+09:00,322.17452614250595,324.551223466508,318.2133639358358,321.3822937011719,39200,0.0,0.0
2003-06-30 00:00:00+09:00,320.8541849692037,340.6599988561915,316.6289446733129,335.3784484863281,55000,0.0,0.0
2003-07-01 00:00:00+09:00,334.58620073230543,334.58620073230543,327.19203055037605,332.2095031738281,44600,0.0,0.0
2003-07-02 00:00:00+09:00,330.0968781682371,351.22307837100425,330.0968781682371,345.9415283203125,106000,0.0,0.0
2003-07-03 00:00:00+09:00,356.50465745192304,356.50465745192304,343.30078125,343.30078125,61000,0.0,0.0
2003-07-04 00:00:00+09:00,332.7376736415906,353.86387514264396,332.7376736415906,352.5434875488281,69200,0.0,0.0
2003-07-07 00:00:00+09:00,351.2230671627421,356.5046170448886,349.9026796922055,356.24053955078125,47200,0.0,0.0
2003-07-08 00:00:00+09:00,357.29681583599455,364.42690750456205,357.29681583599455,361.7861328125,170400,0.0,0.0
2003-07-09 00:00:00+09:00,365.7472343363139,371.82101512312636,361.25791810258295,369.97247314453125,238800,0.0,0.0
2003-07-10 00:00:00+09:00,370.76482909105425,377.6308444445923,365.2192013055043,368.1240539550781,86400,0.0,0.0
2003-07-11 00:00:00+09:00,363.1066231731058,367.0677863349942,353.86390912869945,364.1629333496094,67000,0.0,0.0
2003-07-14 00:00:00+09:00,361.52209595891696,361.52209595891696,345.94152352533325,359.6735534667969,31000,0.0,0.0
2003-07-15 00:00:00+09:00,361.52207254228136,362.31430498758954,354.9201354980469,354.9201354980469,48200,0.0,0.0
2003-07-16 00:00:00+09:00,364.42675917387896,364.42675917387896,355.1840515136719,355.1840515136719,25200,0.0,0.0
2003-07-17 00:00:00+09:00,352.807585906404,354.92020618129266,343.5648722037662,348.3182678222656,33000,0.0,0.0
2003-07-18 00:00:00+09:00,343.0366477259883,345.41334505434384,335.37840077906475,342.2444152832031,53200,0.0,0.0
2003-07-21 00:00:00+09:00,342.24441528320307,342.24441528320307,342.24441528320307,342.2444152832031,0,0.0,0.0
2003-07-22 00:00:00+09:00,342.244452213035,342.244452213035,339.339599609375,339.339599609375,25400,0.0,0.0
2003-07-23 00:00:00+09:00,335.64239248227307,343.03656005859375,335.64239248227307,343.03656005859375,27600,0.0,0.0
2003-07-24 00:00:00+09:00,343.03655720203415,343.03655720203415,338.5472412109375,338.5472412109375,15800,0.0,0.0
2003-07-25 00:00:00+09:00,337.2268964913721,342.7725228236499,333.5298122698535,340.9239807128906,22200,0.0,0.0
2003-07-28 00:00:00+09:00,345.9806350340326,355.29549828494885,344.9160792339279,353.4325256347656,95200,5.0,0.0
2003-07-29 00:00:00+09:00,356.6261340432163,357.69068966722597,343.31918874309633,356.89227294921875,43800,0.0,0.0
2003-07-30 00:00:00+09:00,356.8923270851486,358.48916076338196,345.98063028388754,353.1663818359375,15600,0.0,0.0
2003-07-31 00:00:00+09:00,347.843524466524,354.2308577390539,345.9805522620361,350.5049133300781,24400,0.0,0.0
2003-08-01 00:00:00+09:00,356.0940344574255,356.0940344574255,348.10986328125,348.10986328125,10000,0.0,0.0
2003-08-04 00:00:00+09:00,347.57745418503913,347.57745418503913,340.9239807128906,340.9239807128906,28400,0.0,0.0
2003-08-05 00:00:00+09:00,340.65784375,340.9239826904297,330.54456401367185,332.6736755371094,37000,0.0,0.0
2003-08-06 00:00:00+09:00,322.02813575142306,327.0847758995859,322.02813575142306,323.6249694824219,38600,0.0,0.0
2003-08-07 00:00:00+09:00,322.0281934462075,323.62502746329614,320.43135942911886,321.7620544433594,19000,0.0,0.0
2003-08-08 00:00:00+09:00,316.4392013804118,322.0281191507975,316.4392013804118,319.3667297363281,19800,0.0,0.0
2003-08-11 00:00:00+09:00,319.36681766321163,326.5525710606339,318.03612258961493,322.56048583984375,18600,0.0,0.0
2003-08-12 00:00:00+09:00,323.6249694824219,323.89110843758834,322.82655261692247,323.6249694824219,34200,0.0,0.0
2003-08-13 00:00:00+09:00,323.35894775390625,323.89122585720486,319.3668619791667,323.35894775390625,26400,0.0,0.0
2003-08-14 00:00:00+09:00,319.6329373061997,327.3509682653003,319.6329373061997,326.55255126953125,13800,0.0,0.0
2003-08-15 00:00:00+09:00,330.0122985839844,330.0122985839844,330.0122985839844,330.0122985839844,11600,0.0,0.0
2003-08-18 00:00:00+09:00,330.0121789133861,335.33495599263426,330.0121789133861,335.0688171386719,10400,0.0,0.0
2003-08-19 00:00:00+09:00,340.3918141731154,340.65795319905214,330.2785311875185,336.9320068359375,11800,0.0,0.0
2003-08-20 00:00:00+09:00,336.93198237419125,340.6579284667969,330.54464621543883,340.6579284667969,12000,0.0,0.0
2003-08-21 00:00:00+09:00,339.8595119539847,339.8595119539847,332.4076197576561,335.6012878417969,9800,0.0,0.0
2003-08-22 00:00:00+09:00,335.6011904609674,336.39960725032734,330.0122729354477,330.2784118652344,19400,0.0,0.0
2003-08-25 00:00:00+09:00,330.01231611113934,330.01231611113934,322.56042510217816,327.6170654296875,10200,0.0,0.0
2003-08-26 00:00:00+09:00,335.3350078340067,335.3350078340067,326.2862854003906,326.2862854003906,14800,0.0,0.0
2003-08-27 00:00:00+09:00,330.0123112376143,335.06895149044874,327.3509216308594,327.3509216308594,16600,0.0,0.0
2003-08-28 00:00:00+09:00,327.8831995522103,329.21389435558785,325.2218099454554,327.3509216308594,17400,0.0,0.0
2003-08-29 00:00:00+09:00,322.0281549672611,330.01232409868084,322.0281549672611,324.6895446777344,29400,0.0,0.0
2003-09-01 00:00:00+09:00,330.01242808806586,332.93995769207294,319.1007268367669,332.14154052734375,57600,0.0,0.0
2003-09-02 00:00:00+09:00,337.4642319170017,337.4642319170017,328.68164543966645,328.9477844238281,47600,0.0,0.0
2003-09-03 00:00:00+09:00,339.5932627360026,353.6986255298961,339.5932627360026,351.3033752441406,54000,0.0,0.0
2003-09-04 00:00:00+09:00,351.8355860756928,359.28747443433076,351.8355860756928,352.6340026855469,87400,0.0,0.0
2003-09-05 00:00:00+09:00,353.96467718547444,356.89220459076785,351.3032886352077,351.5694274902344,32800,0.0,0.0
2003-09-08 00:00:00+09:00,345.44840440016526,351.303462101863,341.9885975764348,345.9806823730469,26600,0.0,0.0
2003-09-09 00:00:00+09:00,351.3035725357851,359.2877446388712,351.3035725357851,352.10198974609375,24000,0.0,0.0
2003-09-10 00:00:00+09:00,352.63416008352334,358.7553568245958,352.63416008352334,352.9002990722656,35400,0.0,0.0
2003-09-11 00:00:00+09:00,352.1018483333284,352.36798729654333,349.17431973796437,351.03729248046875,38200,0.0,0.0
2003-09-12 00:00:00+09:00,356.3599937081156,356.3599937081156,351.3033545143485,351.83563232421875,55800,0.0,0.0
2003-09-15 00:00:00+09:00,351.8356323242187,351.8356323242187,351.8356323242187,351.83563232421875,0,0.0,0.0
2003-09-16 00:00:00+09:00,353.96479945028983,353.96479945028983,346.51290893554693,346.5129089355469,19200,0.0,0.0
2003-09-17 00:00:00+09:00,351.03739271251436,351.56967079092607,346.51302904601494,348.10986328125,33400,0.0,0.0
2003-09-18 00:00:00+09:00,326.81864370950836,332.93983980504476,324.68953202410444,327.3509216308594,144800,0.0,0.0
2003-09-19 00:00:00+09:00,328.4155578613281,336.6658676617343,327.88327980968904,328.4155578613281,61000,0.0,0.0
2003-09-22 00:00:00+09:00,312.4471520095575,334.80282557753264,312.4471520095575,324.6895446777344,64400,0.0,0.0
2003-09-23 00:00:00+09:00,324.6895446777344,324.6895446777344,324.6895446777344,324.6895446777344,0,0.0,0.0
2003-09-24 00:00:00+09:00,318.56827507855314,327.0847201934351,315.10846925063237,315.6407470703125,27200,0.0,0.0
2003-09-25 00:00:00+09:00,316.7053346795551,317.2376125529661,302.0676931607521,314.0439453125,81800,0.0,0.0
2003-09-26 00:00:00+09:00,316.7054288431977,316.7054288431977,303.39847805146667,312.44720458984375,57200,0.0,0.0
2003-09-29 00:00:00+09:00,312.71325062897245,322.02811341366527,308.98730551509533,314.0439453125,68400,0.0,0.0
2003-09-30 00:00:00+09:00,314.0439306889536,314.0439306889536,311.38254144582686,313.2455139160156,32000,0.0,0.0
2003-10-01 00:00:00+09:00,311.3825873833198,314.04397701907465,307.3905029296875,307.3905029296875,28000,0.0,0.0
2003-10-02 00:00:00+09:00,313.77779176464094,314.0439306889536,311.38254144582686,313.2455139160156,35000,0.0,0.0
2003-10-03 00:00:00+09:00,314.04391967876796,317.7698644885161,313.777780763786,314.31005859375,29400,0.0,0.0
2003-10-06 00:00:00+09:00,319.6328686777751,322.0281191507975,314.8423677317302,319.3667297363281,48000,0.0,0.0
2003-10-07 00:00:00+09:00,320.6973876953125,321.4958044281639,316.7053040310555,320.6973876953125,42200,0.0,0.0
2003-10-08 00:00:00+09:00,319.3667297363281,322.0281191507975,316.7053403218587,319.3667297363281,62600,0.0,0.0
2003-10-09 00:00:00+09:00,316.7054073062402,319.89907527907627,316.7054073062402,318.0361022949219,48800,0.0,0.0
2003-10-10 00:00:00+09:00,316.7052966421337,318.03599116584013,315.3746021184273,316.971435546875,40000,0.0,0.0
2003-10-13 00:00:00+09:00,316.971435546875,316.971435546875,316.971435546875,316.971435546875,0,0.0,0.0
2003-10-14 00:00:00+09:00,318.0361375840612,319.36683272039613,315.3747473113912,318.3022766113281,100200,0.0,0.0
2003-10-15 00:00:00+09:00,319.6328851549249,326.55249798925297,318.0360514239261,323.6249694824219,101600,0.0,0.0
2003-10-16 00:00:00+09:00,325.2217298199652,326.2862854003906,322.02806307868894,326.2862854003906,98800,0.0,0.0
2003-10-17 00:00:00+09:00,337.99649544649344,345.9806646302689,335.3351057185683,343.31927490234375,150400,0.0,0.0
2003-10-20 00:00:00+09:00,343.31913654069257,355.2953854897865,341.72230334748,353.9646911621094,154600,0.0,0.0
2003-10-21 00:00:00+09:00,356.09390022938925,359.0214285571346,339.85942495734685,340.9239807128906,98800,0.0,0.0
2003-10-22 00:00:00+09:00,332.93982703916487,338.262606048584,327.0847701288039,330.0122985839844,56400,0.0,0.0
2003-10-23 00:00:00+09:00,319.3666550208782,323.35873820863924,307.65654433677935,308.7210998535156,83600,0.0,0.0
2003-10-24 00:00:00+09:00,314.04404348819816,322.294353105261,311.91493132895613,312.7133483886719,30400,0.0,0.0
2003-10-27 00:00:00+09:00,330.0123644404489,330.0123644404489,311.6487731933594,311.6487731933594,43600,0.0,0.0
2003-10-28 00:00:00+09:00,314.0439854862323,322.8265715210168,314.0439854862323,314.5762634277344,20000,0.0,0.0
2003-10-29 00:00:00+09:00,314.0440606869726,318.0361462041799,311.3826703421677,315.374755859375,29200,0.0,0.0
2003-10-30 00:00:00+09:00,312.4470776283934,314.0439110745351,308.7211329207294,312.1809387207031,13200,0.0,0.0
2003-10-31 00:00:00+09:00,316.7052749239275,324.9555804051391,315.64071937796473,319.10052490234375,39000,0.0,0.0
2003-11-03 00:00:00+09:00,319.10052490234375,319.10052490234375,319.10052490234375,319.10052490234375,0,0.0,0.0
2003-11-04 00:00:00+09:00,319.63288717122674,327.08477796289566,309.2534678542593,310.3180236816406,27200,0.0,0.0
2003-11-05 00:00:00+09:00,310.3180001986229,317.50375148967163,308.98730551509533,314.0439453125,21600,0.0,0.0
2003-11-06 00:00:00+09:00,310.5841738361089,313.2455635005143,309.2534790039062,309.25347900390625,25400,0.0,0.0
2003-11-07 00:00:00+09:00,309.2534674035017,314.57624653264975,304.4629661872684,305.2613830566406,44600,0.0,0.0
2003-11-10 00:00:00+09:00,305.5275283519524,314.0439751352821,303.9306945800781,303.9306945800781,31000,0.0,0.0
2003-11-11 00:00:00+09:00,303.930737138228,303.930737138228,287.43011918501423,292.7528991699219,34600,0.0,0.0
2003-11-12 00:00:00+09:00,295.6804281616211,298.0756791548296,292.7528991699219,292.7528991699219,13800,0.0,0.0
2003-11-13 00:00:00+09:00,300.73695920037886,303.39834821985124,294.0834866516979,300.2046813964844,22400,0.0,0.0
2003-11-14 00:00:00+09:00,293.0189646952861,298.0756044130068,292.75282576277453,295.4142150878906,20000,0.0,0.0
2003-11-17 00:00:00+09:00,290.09149020325907,290.09149020325907,268.8003716562309,271.4617614746094,33600,0.0,0.0
2003-11-18 00:00:00+09:00,262.1468939675651,266.13897864727426,255.4934195013833,264.5421447753906,23000,0.0,0.0
2003-11-19 00:00:00+09:00,266.1389787620473,284.7687072753907,266.1389787620473,284.7687072753906,30600,0.0,0.0
2003-11-20 00:00:00+09:00,268.8003424660695,281.8411511599679,266.9373697955126,281.57501220703125,17000,0.0,0.0
2003-11-21 00:00:00+09:00,281.5749495554188,292.75278309164526,281.5749495554188,291.4220886230469,16000,0.0,0.0
2003-11-24 00:00:00+09:00,291.4220886230469,291.4220886230469,291.4220886230469,291.4220886230469,0,0.0,0.0
2003-11-25 00:00:00+09:00,286.0993849123762,294.0835537936518,286.0993849123762,292.2205810546875,18600,0.0,0.0
2003-11-26 00:00:00+09:00,292.7528589801058,292.7528589801058,289.82533039030477,292.2205810546875,22600,0.0,0.0
2003-11-27 00:00:00+09:00,294.34964855183586,297.27717670198973,287.430036560563,289.8252868652344,12600,0.0,0.0
2003-11-28 00:00:00+09:00,290.0914551710424,290.0914551710424,279.71203613281244,279.7120361328125,26200,0.0,0.0
2003-12-01 00:00:00+09:00,285.0348367840189,294.8819786710485,271.72788828803294,289.2930603027344,16400,0.0,0.0
2003-12-02 00:00:00+09:00,289.2930347544937,289.2930347544937,277.84906005859375,277.84906005859375,20600,0.0,0.0
2003-12-03 00:00:00+09:00,283.171770562066,287.42999267578125,277.8489929199219,287.42999267578125,14000,0.0,0.0
2003-12-04 00:00:00+09:00,279.9781799316406,283.43798633764,279.4459020230253,279.9781799316406,38000,0.0,0.0
2003-12-05 00:00:00+09:00,279.97814329322375,282.9056714075065,279.97814329322375,281.308837890625,68600,0.0,0.0
2003-12-08 00:00:00+09:00,282.10728812331786,282.10728812331786,268.8003405703312,278.1152038574219,21000,0.0,0.0
2003-12-09 00:00:00+09:00,278.1152360205557,278.1152360205557,268.8003716562309,271.4617614746094,19600,0.0,0.0
2003-12-10 00:00:00+09:00,265.074394157887,268.53420050733735,264.54211625797154,268.0019226074219,32800,0.0,0.0
2003-12-11 00:00:00+09:00,273.3247160849008,273.3247160849008,263.47757441485084,263.74371337890625,30000,0.0,0.0
2003-12-12 00:00:00+09:00,271.72789395827186,271.72789395827186,266.13897547333187,267.7358093261719,48400,0.0,0.0
2003-12-15 00:00:00+09:00,274.65543579702893,276.7845477024323,269.59879502169605,270.1310729980469,10600,0.0,0.0
2003-12-16 00:00:00+09:00,268.8003652280652,271.19561600732516,266.13897547333187,267.7358093261719,23400,0.0,0.0
2003-12-17 00:00:00+09:00,266.1389591717961,269.8649046002012,263.21143062090636,263.4775695800781,16000,0.0,0.0
2003-12-18 00:00:00+09:00,264.2760249808699,266.1389979666364,263.74374698493665,265.6067199707031,30600,0.0,0.0
2003-12-19 00:00:00+09:00,263.7437213197046,268.8003617890027,260.8161926269531,260.8161926269531,39200,0.0,0.0
2003-12-22 00:00:00+09:00,258.1548269836552,258.1548269836552,250.17065707694422,257.09027099609375,145000,0.0,0.0
2003-12-23 00:00:00+09:00,257.09027099609375,257.09027099609375,257.09027099609375,257.09027099609375,0,0.0,0.0
2003-12-24 00:00:00+09:00,255.49334684157753,255.49334684157753,242.18640169357872,248.83987426757812,149400,0.0,0.0
2003-12-25 00:00:00+09:00,244.8478398104699,250.17061893678445,244.8478398104699,249.90447998046875,49800,0.0,0.0
2003-12-26 00:00:00+09:00,255.22720336914062,255.49334226733575,250.43670320162806,255.22720336914062,35200,0.0,0.0
2003-12-29 00:00:00+09:00,260.5500600956815,265.34056171133244,260.5500600956815,264.5421447753906,24000,0.0,0.0
2003-12-30 00:00:00+09:00,264.5420957476462,268.5341796875,264.5420957476462,268.5341796875,34800,0.0,0.0
2003-12-31 00:00:00+09:00,268.5341796875,268.5341796875,268.5341796875,268.5341796875,0,0.0,0.0
2004-01-01 00:00:00+09:00,268.5341796875,268.5341796875,268.5341796875,268.5341796875,0,0.0,0.0
2004-01-02 00:00:00+09:00,268.5341796875,268.5341796875,268.5341796875,268.5341796875,0,0.0,0.0
2004-01-05 00:00:00+09:00,266.13897711067835,271.19561767578125,266.13897711067835,271.19561767578125,30000,0.0,0.0
2004-01-06 00:00:00+09:00,274.1231512929879,276.2522631476907,271.4617614746094,271.4617614746094,42600,0.0,0.0
2004-01-07 00:00:00+09:00,269.06651063806873,279.1797919479071,269.06651063806873,271.4617614746094,38600,0.0,0.0
2004-01-08 00:00:00+09:00,274.12306379267795,276.7844527615389,271.461674823817,271.7278137207031,18400,0.0,0.0
2004-01-09 00:00:00+09:00,276.7845124799489,286.0993758807164,273.3247060739495,279.9781799316406,52200,0.0,0.0
2004-01-12 00:00:00+09:00,279.9781799316406,279.9781799316406,279.9781799316406,279.9781799316406,0,0.0,0.0
2004-01-13 00:00:00+09:00,290.09141845703124,290.09141845703124,284.7686401367188,286.0993347167969,79200,0.0,0.0
2004-01-14 00:00:00+09:00,284.76872023096627,285.8332761944465,279.97821839530513,282.1073303222656,46000,0.0,0.0
2004-01-15 00:00:00+09:00,282.1072509765625,282.1072509765625,279.44586181640625,279.44586181640625,26000,0.0,0.0
2004-01-16 00:00:00+09:00,279.4460001511014,282.10739062873085,277.8491658645236,278.6475830078125,39000,0.0,0.0
2004-01-19 00:00:00+09:00,279.44586181640625,282.1072509765625,278.6474450683594,279.44586181640625,63000,0.0,0.0
2004-01-20 00:00:00+09:00,281.57511253320496,282.9058077720197,277.05074872123475,278.6475830078125,76200,0.0,0.0
2004-01-21 00:00:00+09:00,276.7845153808594,280.7765997373141,276.7845153808594,276.7845153808594,28200,0.0,0.0
2004-01-22 00:00:00+09:00,279.4458937370914,279.97817162992396,274.9215316480147,277.84906005859375,30200,0.0,0.0
2004-01-23 00:00:00+09:00,279.1797339182283,279.1797339182283,275.7199278734838,278.3813171386719,28200,0.0,0.0
2004-01-26 00:00:00+09:00,278.11521016634424,280.7765997373141,276.7845153808594,276.7845153808594,121000,0.0,0.0
2004-01-27 00:00:00+09:00,279.4716844745711,279.7404072481043,274.09722900390625,274.09722900390625,40000,5.0,0.0
2004-01-28 00:00:00+09:00,274.09728087462463,274.3660036990115,268.4541015625,268.4541015625,26000,0.0,0.0
2004-01-29 00:00:00+09:00,268.7228883190906,271.41011720228147,266.30438232421875,266.30438232421875,25000,0.0,0.0
2004-01-30 00:00:00+09:00,266.57299953251777,270.8725640411067,264.69194006001004,264.9606628417969,28000,0.0,0.0
2004-02-02 00:00:00+09:00,267.3792438873507,268.72285817824195,265.498183880103,265.76690673828125,25400,0.0,0.0
2004-02-03 00:00:00+09:00,267.3792319892618,267.3792319892618,258.5113780639898,262.8109436035156,48600,0.0,0.0
2004-02-04 00:00:00+09:00,263.0797177450431,263.0797177450431,257.97398267133957,258.7801513671875,46200,0.0,0.0
2004-02-05 00:00:00+09:00,257.97388980263156,260.661117821409,257.97388980263156,260.39239501953125,24200,0.0,0.0
2004-02-06 00:00:00+09:00,260.66110432519736,262.8108866289103,258.24259923352025,258.5113220214844,15400,0.0,0.0
2004-02-09 00:00:00+09:00,266.0356215956789,266.0356215956789,259.3175503432627,259.5862731933594,18600,0.0,0.0
2004-02-10 00:00:00+09:00,259.586226613898,262.0047318307977,258.51133540638705,260.39239501953125,20800,0.0,0.0
2004-02-11 00:00:00+09:00,260.39239501953125,260.39239501953125,260.39239501953125,260.39239501953125,0,0.0,0.0
2004-02-12 00:00:00+09:00,265.49815755208334,265.49815755208334,261.1985922475962,262.0047607421875,18400,0.0,0.0
2004-02-13 00:00:00+09:00,263.07963202076576,269.2602566749819,262.00474077655423,266.5730285644531,45800,0.0,0.0
2004-02-16 00:00:00+09:00,267.379104430417,268.72271802051955,266.5729362763554,267.6478271484375,28600,0.0,0.0
2004-02-17 00:00:00+09:00,268.7228088378906,268.7228088378906,266.3043035583496,268.7228088378906,40200,0.0,0.0
2004-02-18 00:00:00+09:00,272.48498668104116,275.440938213084,268.99158941589957,271.41009521484375,29000,0.0,0.0
2004-02-19 00:00:00+09:00,270.3352348690941,272.75374094645184,268.722897484189,270.8726806640625,25800,0.0,0.0
2004-02-20 00:00:00+09:00,266.30439140683126,271.4101264590309,266.0356685093471,270.8726806640625,29400,0.0,0.0
2004-02-23 00:00:00+09:00,271.4099989215147,276.7844543457031,270.335107836677,276.7844543457031,45400,0.0,0.0
2004-02-24 00:00:00+09:00,282.1590098768178,282.1590098768178,270.6039266151957,271.41009521484375,85000,0.0,0.0
2004-02-25 00:00:00+09:00,276.78451958603745,277.5906880896861,272.7536770677942,273.02239990234375,43000,0.0,0.0
2004-02-26 00:00:00+09:00,278.1281433105469,278.1281433105469,276.7845290916554,278.1281433105469,40400,0.0,0.0
2004-02-27 00:00:00+09:00,276.78449928010417,279.4717274284547,274.36599394658873,277.5906677246094,47200,0.0,0.0
2004-03-01 00:00:00+09:00,280.5466153231534,282.96512062766334,280.5466153231534,280.8153381347656,40400,0.0,0.0
2004-03-02 00:00:00+09:00,279.4716888571009,287.5333721895173,279.4716888571009,286.18975830078125,73400,0.0,0.0
2004-03-03 00:00:00+09:00,287.26465989566816,291.5642244965388,284.57743202012404,291.2955017089844,54200,0.0,0.0
2004-03-04 00:00:00+09:00,302.0444215953859,319.242680476262,301.2382532103449,314.4056701660156,209600,0.0,0.0
2004-03-05 00:00:00+09:00,314.6743929610293,319.242680476262,309.0312142657418,314.4056701660156,186000,0.0,0.0
2004-03-08 00:00:00+09:00,314.1369696071575,314.1369696071575,302.3131657896084,307.6876220703125,46600,0.0,0.0
2004-03-09 00:00:00+09:00,298.8197430544043,303.92547607421875,297.7448518923381,303.92547607421875,42400,0.0,0.0
2004-03-10 00:00:00+09:00,307.4188143583642,307.687537098188,299.0884094238281,299.0884094238281,30800,0.0,0.0
2004-03-11 00:00:00+09:00,298.81975938922346,306.3439979349953,298.81975938922346,302.5818786621094,33400,0.0,0.0
2004-03-12 00:00:00+09:00,291.833015174076,300.96959207639514,291.833015174076,298.55108642578125,61200,0.0,0.0
2004-03-15 00:00:00+09:00,294.5201686549831,301.5069609770904,294.5201686549831,298.28228759765625,39400,0.0,0.0
2004-03-16 00:00:00+09:00,298.2823319370971,303.6567883683962,295.8638265430126,299.6259460449219,31600,0.0,0.0
2004-03-17 00:00:00+09:00,296.40125047114856,306.343994140625,296.40125047114856,306.343994140625,26000,0.0,0.0
2004-03-18 00:00:00+09:00,306.8815451620278,306.8815451620278,292.37050887590743,296.13262939453125,73000,0.0,0.0
2004-03-19 00:00:00+09:00,290.489242723253,292.37030164930553,288.8769065009223,290.22052001953125,59200,0.0,0.0
2004-03-22 00:00:00+09:00,290.220600461915,293.17655102217526,285.6523132324219,285.6523132324219,41600,0.0,0.0
2004-03-23 00:00:00+09:00,284.84624632656687,295.59516128228637,282.159017587637,289.6832580566406,34600,0.0,0.0
2004-03-24 00:00:00+09:00,305.8065760869565,312.7933695652174,296.67,309.03125,176400,0.0,0.0
2004-03-25 00:00:00+09:00,319.7802164437208,319.7802164437208,311.7185303148875,316.5555419921875,72800,0.0,0.0
2004-03-26 00:00:00+09:00,321.1237477102908,322.4673617174468,313.33078646878585,322.1986389160156,108600,0.0,0.0
2004-03-29 00:00:00+09:00,322.46739541330646,336.9784282069053,322.46739541330646,333.21630859375,111400,0.0,0.0
2004-03-30 00:00:00+09:00,330.7977865808939,337.247134166549,330.7977865808939,334.5599060058594,128800,0.0,0.0
2004-03-31 00:00:00+09:00,334.5599451101325,355.78905006089593,334.5599451101325,353.37054443359375,213400,0.0,0.0
2004-04-01 00:00:00+09:00,353.3704443422624,366.8065829104092,353.3704443422624,363.0444641113281,348000,0.0,0.0
2004-04-02 00:00:00+09:00,368.15029487689725,387.49833957115754,368.15029487689725,385.079833984375,446800,0.0,0.0
2004-04-05 00:00:00+09:00,386.96090081834694,386.96090081834694,376.21198690672617,379.1679382324219,131800,0.0,0.0
2004-04-06 00:00:00+09:00,376.2120382344535,381.3177730390639,364.1195084340603,374.5997009277344,156400,0.0,0.0
2004-04-07 00:00:00+09:00,366.53801439413894,374.5997009277344,366.53801439413894,374.5997009277344,87800,0.0,0.0
2004-04-08 00:00:00+09:00,368.9564964729325,384.00497702827425,368.15032787175346,381.8551940917969,117000,0.0,0.0
2004-04-09 00:00:00+09:00,370.8375361735318,379.436667447121,369.49392191203356,373.7934875488281,63600,0.0,0.0
2004-04-12 00:00:00+09:00,376.2118487290933,382.9299174563985,372.44973024180234,381.5863037109375,82000,0.0,0.0
2004-04-13 00:00:00+09:00,381.5864646641601,387.2296447753906,376.4807302778086,387.2296447753906,112800,0.0,0.0
2004-04-14 00:00:00+09:00,386.960848163626,389.6480762758734,380.780223505457,384.8110656738281,60400,0.0,0.0
2004-04-15 00:00:00+09:00,379.1678451936516,384.54230083069837,371.37488451993374,380.7801818847656,37800,0.0,0.0
2004-04-16 00:00:00+09:00,384.27368682041197,384.27368682041197,370.8375439245934,379.97412109375,17200,0.0,0.0
2004-04-19 00:00:00+09:00,369.493910195171,377.0181498209636,369.493910195171,370.8375244140625,56000,0.0,0.0
2004-04-20 00:00:00+09:00,368.4190286296389,376.21199130670635,366.0005229712386,375.40582275390625,42800,0.0,0.0
2004-04-21 00:00:00+09:00,370.03136573523904,376.21199130670635,370.03136573523904,375.40582275390625,12200,0.0,0.0
2004-04-22 00:00:00+09:00,373.2560287651988,373.2560287651988,364.9256206358099,371.91241455078125,22600,0.0,0.0
2004-04-23 00:00:00+09:00,368.15030095164724,368.15030095164724,359.0137241397086,366.5379638671875,44000,0.0,0.0
2004-04-26 00:00:00+09:00,371.91249636196585,371.91249636196585,359.81996577216205,367.88165283203125,41400,0.0,0.0
2004-04-27 00:00:00+09:00,368.15020751953125,371.91232642848996,365.4629797274179,368.15020751953125,17800,0.0,0.0
2004-04-28 00:00:00+09:00,370.83748798327883,370.83748798327883,354.9828417579068,361.9696350097656,35400,0.0,0.0
2004-04-29 00:00:00+09:00,361.9696350097657,361.9696350097657,361.9696350097657,361.9696350097656,0,0.0,0.0
2004-04-30 00:00:00+09:00,351.22074678789716,354.1766979850409,345.84629006581764,353.101806640625,32000,0.0,0.0
2004-05-03 00:00:00+09:00,353.101806640625,353.101806640625,353.101806640625,353.101806640625,0,0.0,0.0
2004-05-04 00:00:00+09:00,353.101806640625,353.101806640625,353.101806640625,353.101806640625,0,0.0,0.0
2004-05-05 00:00:00+09:00,353.101806640625,353.101806640625,353.101806640625,353.101806640625,0,0.0,0.0
2004-05-06 00:00:00+09:00,349.33964893071334,358.4762243642859,345.57752963453646,345.84625244140625,43600,0.0,0.0
2004-05-07 00:00:00+09:00,345.84629393653046,345.84629393653046,334.0224890156234,336.1722717285156,27200,0.0,0.0
2004-05-10 00:00:00+09:00,346.9211312655745,346.9211312655745,337.24711056413327,342.8902893066406,136400,0.0,0.0
2004-05-11 00:00:00+09:00,321.39247782455595,335.9035094320192,318.7052497490998,329.9916076660156,50400,0.0,0.0
2004-05-12 00:00:00+09:00,335.90348435956025,342.8902768342391,324.8858500725667,339.934326171875,60000,0.0,0.0
2004-05-13 00:00:00+09:00,340.20295482692165,343.9650728107897,338.5906185481211,343.69635009765625,45000,0.0,0.0
2004-05-14 00:00:00+09:00,343.69645146224696,343.69645146224696,325.96074716474243,333.4849853515625,42800,0.0,0.0
2004-05-17 00:00:00+09:00,333.48501265944543,333.48501265944543,311.98718750815164,321.929931640625,28000,0.0,0.0
2004-05-18 00:00:00+09:00,323.81102702339285,328.91676105944634,309.031270603238,317.6304016113281,26600,0.0,0.0
2004-05-19 00:00:00+09:00,322.4674564899463,341.2780581185265,322.4674564899463,331.6040344238281,35600,0.0,0.0
2004-05-20 00:00:00+09:00,336.9784282069053,336.9784282069053,325.96079219695065,333.21630859375,31600,0.0,0.0
2004-05-21 00:00:00+09:00,338.5906548435136,360.3571969405966,333.2162000047277,355.25146484375,83800,0.0,0.0
2004-05-24 00:00:00+09:00,360.0886301540372,360.0886301540372,341.5467529296875,341.5467529296875,21000,0.0,0.0
2004-05-25 00:00:00+09:00,335.9035094320192,338.85946031502095,326.49821116792265,329.9916076660156,29800,0.0,0.0
2004-05-26 00:00:00+09:00,341.27794686010327,346.38367992336464,331.0664807335805,332.9475402832031,34800,0.0,0.0
2004-05-27 00:00:00+09:00,343.69653835151036,352.5643927421279,336.709743983145,352.0269470214844,64000,0.0,0.0
2004-05-28 00:00:00+09:00,352.02691955566405,352.02691955566405,340.74056030273437,349.3396911621094,25600,0.0,0.0
2004-05-31 00:00:00+09:00,349.3396669486319,349.3396669486319,342.62159643038893,343.4277648925781,23800,0.0,0.0
2004-06-01 00:00:00+09:00,348.8022497957268,348.8022497957268,345.308852840916,345.57757568359375,39600,0.0,0.0
2004-06-02 00:00:00+09:00,349.07094296650286,349.3396657863385,344.5026550292969,344.5026550292969,24200,0.0,0.0
2004-06-03 00:00:00+09:00,349.33965623993237,349.33965623993237,338.59074374024215,338.8594665527344,39600,0.0,0.0
2004-06-04 00:00:00+09:00,341.2779863574837,343.965214596519,335.9035298794131,339.6656494140625,35000,0.0,0.0
2004-06-07 00:00:00+09:00,343.9651927933178,348.26475770323424,343.9651927933178,345.84625244140625,16600,0.0,0.0
2004-06-08 00:00:00+09:00,349.3397926797672,349.3397926797672,341.8155509912799,342.3529968261719,5400,0.0,0.0
2004-06-09 00:00:00+09:00,344.2339415771484,344.2339415771484,335.9035339355469,335.9035339355469,39200,0.0,0.0
2004-06-10 00:00:00+09:00,335.90344063617846,345.84618247900937,335.90344063617846,338.05322265625,42200,0.0,0.0
2004-06-11 00:00:00+09:00,335.9034743722995,338.05325660828225,331.87263267983195,334.2911376953125,76400,0.0,0.0
2004-06-14 00:00:00+09:00,334.5599158591815,334.5599158591815,325.42333984375,325.42333984375,41200,0.0,0.0
2004-06-15 00:00:00+09:00,327.03567678764966,330.7977963234156,325.15461701976676,325.42333984375,29600,0.0,0.0
2004-06-16 00:00:00+09:00,328.37927082074197,330.5290532811069,328.1105480131963,329.9916076660156,28000,0.0,0.0
2004-06-17 00:00:00+09:00,330.5290797136832,333.7537536621094,330.5290797136832,333.7537536621094,53200,0.0,0.0
2004-06-18 00:00:00+09:00,335.90349100403864,337.24710496805477,328.11053001274496,332.9475402832031,58400,0.0,0.0
2004-06-21 00:00:00+09:00,349.0709599410544,349.0709599410544,334.02248129848397,343.1590576171875,38000,0.0,0.0
2004-06-22 00:00:00+09:00,343.1590461248084,343.1590461248084,338.5907581184484,339.6656494140625,13400,0.0,0.0
2004-06-23 00:00:00+09:00,334.5599197998047,338.5907622070312,331.8726915283203,335.9035339355469,54800,0.0,0.0
2004-06-24 00:00:00+09:00,338.5907529929127,347.9960516871603,335.90352479455623,344.5026550292969,32400,0.0,0.0
2004-06-25 00:00:00+09:00,347.7273565711621,347.9960794124072,341.8154540637699,347.1899108886719,62400,0.0,0.0
2004-06-28 00:00:00+09:00,348.5334777832031,348.80220058797045,345.3088041259954,348.5334777832031,69800,0.0,0.0
2004-06-29 00:00:00+09:00,349.3396669486319,349.3396669486319,339.9343682230918,343.4277648925781,63000,0.0,0.0
2004-06-30 00:00:00+09:00,342.62162441413847,346.6524670543048,340.74056451539417,345.57757568359375,42400,0.0,0.0
2004-07-01 00:00:00+09:00,346.65251680261946,346.65251680261946,341.8155049402573,342.6216735839844,57800,0.0,0.0
2004-07-02 00:00:00+09:00,346.3836872731607,346.3836872731607,341.2779541015625,341.2779541015625,40000,0.0,0.0
2004-07-05 00:00:00+09:00,341.2779713054545,345.30881348622756,337.51585193673293,339.39691162109375,40200,0.0,0.0
2004-07-06 00:00:00+09:00,336.70972612968785,345.30885720402944,336.70972612968785,341.8154602050781,105200,0.0,0.0
2004-07-07 00:00:00+09:00,341.8154546693314,349.33969423752427,341.2780089858891,346.6524658203125,101400,0.0,0.0
2004-07-08 00:00:00+09:00,349.07097077738763,349.07097077738763,345.3088509999562,347.1899108886719,57600,0.0,0.0
2004-07-09 00:00:00+09:00,346.6525110941447,359.8199320581859,346.6525110941447,359.0137634277344,103000,0.0,0.0
2004-07-12 00:00:00+09:00,359.55102955842773,359.55102955842773,352.29551550904245,354.17657470703125,42000,0.0,0.0
2004-07-13 00:00:00+09:00,353.90794289328835,357.4013394442471,353.1017744584517,354.714111328125,26400,0.0,0.0
2004-07-14 00:00:00+09:00,356.05776528055355,357.4013794891594,346.6524658203125,346.6524658203125,35000,0.0,0.0
2004-07-15 00:00:00+09:00,346.65245748638824,347.18990315690974,340.4718322753906,340.4718322753906,57000,0.0,0.0
2004-07-16 00:00:00+09:00,335.9035575914683,343.4277972815172,335.9035575914683,341.8154602050781,57400,0.0,0.0
2004-07-19 00:00:00+09:00,341.8154602050781,341.8154602050781,341.8154602050781,341.8154602050781,0,0.0,0.0
2004-07-20 00:00:00+09:00,341.8154602050781,341.8154602050781,335.9035575914683,341.8154602050781,27200,0.0,0.0
2004-07-21 00:00:00+09:00,341.81547578801144,343.9652586546027,340.20313863806797,341.5467529296875,15200,0.0,0.0
2004-07-22 00:00:00+09:00,340.4717269897461,341.5466179983956,335.9034402029855,338.5906677246094,63400,0.0,0.0
2004-07-23 00:00:00+09:00,342.35286424343985,342.35286424343985,336.17223953574825,337.7845764160156,21400,0.0,0.0
2004-07-26 00:00:00+09:00,335.90358471580845,336.1723075835811,327.84189868262905,331.87274169921875,34600,0.0,0.0
2004-07-27 00:00:00+09:00,326.45440327620304,330.2472345175863,319.6814903451615,322.3906555175781,33200,5.0,0.0
2004-07-28 00:00:00+09:00,322.66150800208186,338.37466288379534,322.66150800208186,337.02008056640625,45800,0.0,0.0
2004-07-29 00:00:00+09:00,330.2471624303747,336.4782409667969,325.09974972637383,336.4782409667969,23400,0.0,0.0
2004-07-30 00:00:00+09:00,336.4781816202637,337.83276367187506,335.6654323892968,337.832763671875,50200,0.0,0.0
2004-08-02 00:00:00+09:00,338.1036800821973,342.1674262370314,332.41443546542956,337.832763671875,23800,0.0,0.0
2004-08-03 00:00:00+09:00,327.8089831652049,338.6456437657075,327.8089831652049,333.49822998046875,23400,0.0,0.0
2004-08-04 00:00:00+09:00,328.0797858151796,343.7929382324219,325.37062160531025,343.7929382324219,32200,0.0,0.0
2004-08-05 00:00:00+09:00,332.95641544886996,338.1038295200893,330.5181666782924,333.7691650390625,14200,0.0,0.0
2004-08-06 00:00:00+09:00,334.03990290521295,334.03990290521295,326.9960768909911,328.0797424316406,20800,0.0,0.0
2004-08-09 00:00:00+09:00,326.99618666242844,329.70535142350906,326.18343723410425,328.35076904296875,10400,0.0,0.0
2004-08-10 00:00:00+09:00,328.62160068367416,328.8925170898437,328.3506842775046,328.89251708984375,3400,0.0,0.0
2004-08-11 00:00:00+09:00,334.31096092162096,334.31096092162096,329.1635474228278,333.227294921875,11600,0.0,0.0
2004-08-12 00:00:00+09:00,328.0799495674935,330.51819857336255,327.2671998988705,327.5381164550781,16400,0.0,0.0
2004-08-13 00:00:00+09:00,325.0997619628906,327.2670937093099,325.0997619628906,325.0997619628906,14000,0.0,0.0
2004-08-16 00:00:00+09:00,319.6813340678699,323.2032470703125,314.2630063718043,323.2032470703125,13000,0.0,0.0
2004-08-17 00:00:00+09:00,316.9722595214844,318.5977582882612,316.1595101380959,316.9722595214844,8600,0.0,0.0
2004-08-18 00:00:00+09:00,316.9722305622507,318.5977291805186,313.45031688933676,318.3268127441406,36200,0.0,0.0
2004-08-19 00:00:00+09:00,321.30687963230656,322.93237818019344,316.7013004132937,322.11962890625,7000,0.0,0.0
2004-08-20 00:00:00+09:00,317.24313989954777,322.93238493617497,317.24313989954777,322.6614685058594,4800,0.0,0.0
2004-08-23 00:00:00+09:00,317.24315216272765,318.86865080745554,316.4304028403637,317.5140686035156,12600,0.0,0.0
2004-08-24 00:00:00+09:00,317.5140634350066,322.1196428534325,317.5140634350066,318.3268127441406,10600,0.0,0.0
2004-08-25 00:00:00+09:00,318.32683510976295,320.49416675306344,315.34675410022476,316.430419921875,34000,0.0,0.0
2004-08-26 00:00:00+09:00,319.95240997599666,322.11974213502117,316.9723282573379,318.8687438964844,18200,0.0,0.0
2004-08-27 00:00:00+09:00,319.13959828141344,323.74517822265625,319.13959828141344,323.74517822265625,8800,0.0,0.0
2004-08-30 00:00:00+09:00,323.4741634551158,324.28691260952564,319.6813340678699,323.2032470703125,21000,0.0,0.0
2004-08-31 00:00:00+09:00,318.055982398663,321.57789702488327,318.055982398663,319.1396484375,9000,0.0,0.0
2004-09-01 00:00:00+09:00,323.47432588683773,323.47432588683773,319.9524111158755,320.22332763671875,11400,0.0,0.0
2004-09-02 00:00:00+09:00,319.1395620532746,325.0997236535904,317.2431469986286,318.3268127441406,15200,0.0,0.0
2004-09-03 00:00:00+09:00,320.22325705503806,320.765089977297,307.76109984308226,316.9722595214844,46400,0.0,0.0
2004-09-06 00:00:00+09:00,312.0957906788793,318.59778631802266,311.55395770895075,314.26312255859375,23600,0.0,0.0
2004-09-07 00:00:00+09:00,312.36670721720054,314.2631226122746,307.7611269720207,308.03204345703125,35000,0.0,0.0
2004-09-08 00:00:00+09:00,309.9284750214705,309.9284750214705,305.05197803686696,305.59381103515625,26600,0.0,0.0
2004-09-09 00:00:00+09:00,303.4264228391561,303.96825573708315,298.5499267578125,298.5499267578125,24600,0.0,0.0
2004-09-10 00:00:00+09:00,297.46628725671286,299.9045355129154,293.1316236901305,294.4862060546875,84800,0.0,0.0
2004-09-13 00:00:00+09:00,305.32291617444764,305.5938326927923,300.4464188442435,302.34283447265625,41600,0.0,0.0
2004-09-14 00:00:00+09:00,305.8647690227325,306.40660209451767,300.9882713766659,303.9683532714844,11600,0.0,0.0
2004-09-15 00:00:00+09:00,305.59378306299044,305.59378306299044,302.0718688964844,302.0718688964844,19200,0.0,0.0
2004-09-16 00:00:00+09:00,305.32285659224897,305.32285659224897,292.58978271484375,292.58978271484375,38000,0.0,0.0
2004-09-17 00:00:00+09:00,294.2153159781678,299.3627294252997,293.13164998929796,296.653564453125,14000,0.0,0.0
2004-09-20 00:00:00+09:00,296.653564453125,296.653564453125,296.653564453125,296.653564453125,0,0.0,0.0
2004-09-21 00:00:00+09:00,299.3626662788041,299.3626662788041,295.2989196777344,295.2989196777344,18000,0.0,0.0
2004-09-22 00:00:00+09:00,297.4662511983049,297.4662511983049,292.5897552770212,295.2989196777344,9800,0.0,0.0
2004-09-23 00:00:00+09:00,295.2989196777344,295.2989196777344,295.2989196777344,295.2989196777344,0,0.0,0.0
2004-09-24 00:00:00+09:00,292.5897999298878,292.86071641130434,285.00413845022405,285.2750549316406,38600,0.0,0.0
2004-09-27 00:00:00+09:00,290.69338591202444,290.69338591202444,279.85672660495925,280.3985595703125,50200,0.0,0.0
2004-09-28 00:00:00+09:00,279.5858339824843,286.9005796390028,279.5858339824843,279.85675048828125,28400,0.0,0.0
2004-09-29 00:00:00+09:00,280.6695000056722,283.107748557845,279.04400097089035,279.85675048828125,39400,0.0,0.0
2004-09-30 00:00:00+09:00,283.9204525952125,287.1714501440127,280.39853858401233,283.6495361328125,84000,0.0,0.0
2004-10-01 00:00:00+09:00,280.9403729166821,287.1714515831081,280.9403729166821,285.0041198730469,23200,0.0,0.0
2004-10-04 00:00:00+09:00,287.1714926881139,293.4025722464409,285.2750771703622,289.6097412109375,59600,0.0,0.0
2004-10-05 00:00:00+09:00,292.58978271484375,292.58978271484375,287.1714534053096,292.58978271484375,30200,0.0,0.0
2004-10-06 00:00:00+09:00,292.86069918032047,292.86069918032047,285.27503814697263,292.58978271484375,23800,0.0,0.0
2004-10-07 00:00:00+09:00,294.4862032777863,298.008117392424,288.79695740029456,291.77703857421875,40400,0.0,0.0
2004-10-08 00:00:00+09:00,292.31886624936703,297.4662790934245,287.4423698707863,292.58978271484375,24200,0.0,0.0
2004-10-11 00:00:00+09:00,292.58978271484375,292.58978271484375,292.58978271484375,292.58978271484375,0,0.0,0.0
2004-10-12 00:00:00+09:00,297.73724979567726,297.73724979567726,290.69342041015625,290.69342041015625,28400,0.0,0.0
2004-10-13 00:00:00+09:00,290.15153452555336,293.1316156457972,288.5260357326931,292.58978271484375,32600,0.0,0.0
2004-10-14 00:00:00+09:00,292.5897663395579,295.02801439238755,287.984186684213,288.79693603515625,32600,0.0,0.0
2004-10-15 00:00:00+09:00,287.1715087890625,288.52609137769014,282.836844505454,287.1715087890625,70800,0.0,0.0
2004-10-18 00:00:00+09:00,286.9005404200522,286.9005404200522,282.83679338860674,284.1913757324219,27200,0.0,0.0
2004-10-19 00:00:00+09:00,284.46229220118494,285.8168745450001,283.10770985736974,284.1913757324219,37200,0.0,0.0
2004-10-20 00:00:00+09:00,282.8367958805276,283.1077123516775,280.6694641113281,280.6694641113281,16800,0.0,0.0
2004-10-21 00:00:00+09:00,284.46229470742713,284.46229470742713,280.6694641113281,280.6694641113281,16600,0.0,0.0
2004-10-22 00:00:00+09:00,281.4822507354795,283.1077497772628,280.6695012145878,281.2113342285156,25400,0.0,0.0
2004-10-25 00:00:00+09:00,280.66938263235744,284.191295734887,277.6893023148324,279.04388427734375,30000,0.0,0.0
2004-10-26 00:00:00+09:00,289.3387911881259,289.3387911881259,279.0439652844285,280.6694641113281,25400,0.0,0.0
2004-10-27 00:00:00+09:00,282.0241412329533,282.0241412329533,273.6257278052669,275.7930603027344,27200,0.0,0.0
2004-10-28 00:00:00+09:00,276.0638156961305,279.3148125443676,273.8964844639725,278.7729797363281,47000,0.0,0.0
2004-10-29 00:00:00+09:00,275.52208570793493,276.87666823353936,271.7292546362426,272.2710876464844,31000,0.0,0.0
2004-11-01 00:00:00+09:00,272.5419722290039,274.98022048950196,269.5618910217285,270.9164733886719,53800,0.0,0.0
2004-11-02 00:00:00+09:00,273.6256461725926,273.6256461725926,270.6455648776436,272.8128967285156,16800,0.0,0.0
2004-11-03 00:00:00+09:00,272.8128967285156,272.8128967285156,272.8128967285156,272.8128967285156,0,0.0,0.0
2004-11-04 00:00:00+09:00,275.25113302563864,281.21129535493395,273.08380126953125,273.08380126953125,30200,0.0,0.0
2004-11-05 00:00:00+09:00,274.9802299167799,282.29497494904894,274.9802299167799,280.3985595703125,62600,0.0,0.0
2004-11-08 00:00:00+09:00,288.5260799165406,288.5260799165406,280.3985847076239,281.2113342285156,52800,0.0,0.0
2004-11-09 00:00:00+09:00,284.1913782362772,284.1913782362772,279.3148817555785,280.6694641113281,13600,0.0,0.0
2004-11-10 00:00:00+09:00,283.9203793423847,283.9203793423847,279.04388427734375,279.04388427734375,23200,0.0,0.0
2004-11-11 00:00:00+09:00,282.83688718571926,282.83688718571926,279.04405536522114,279.3149719238281,16000,0.0,0.0
2004-11-12 00:00:00+09:00,279.31487511758417,280.3985409764303,277.68937632931505,280.12762451171875,19000,0.0,0.0
2004-11-15 00:00:00+09:00,280.1276192734074,281.4822015716347,279.04395343482554,280.94036865234375,27400,0.0,0.0
2004-11-16 00:00:00+09:00,281.7531339296571,281.7531339296571,278.50213623046875,278.50213623046875,17400,0.0,0.0
2004-11-17 00:00:00+09:00,281.21126337776406,281.21126337776406,276.3347674810398,277.96026611328125,20400,0.0,0.0
2004-11-18 00:00:00+09:00,276.3348005729292,287.1714594189265,276.3348005729292,280.6694641113281,36400,0.0,0.0
2004-11-19 00:00:00+09:00,280.66946163850247,287.17145688881527,280.66946163850247,284.1913757324219,29800,0.0,0.0
2004-11-22 00:00:00+09:00,283.1078037443263,283.1078037443263,279.04405536522114,279.3149719238281,16000,0.0,0.0
2004-11-23 00:00:00+09:00,279.3149719238281,279.3149719238281,279.3149719238281,279.3149719238281,0,0.0,0.0
2004-11-24 00:00:00+09:00,283.37864625916,283.6495627469795,279.0439824540486,279.5858154296875,11200,0.0,0.0
2004-11-25 00:00:00+09:00,279.5858101222826,280.94039253566575,279.0439771569294,280.3985595703125,18400,0.0,0.0
2004-11-26 00:00:00+09:00,289.3387911881259,289.3387911881259,280.6694641113281,280.6694641113281,21800,0.0,0.0
2004-11-29 00:00:00+09:00,282.83683327029894,283.1077497772628,281.2113342285156,281.2113342285156,17400,0.0,0.0
2004-11-30 00:00:00+09:00,281.2113117135901,281.2113117135901,274.4383995817599,276.87664794921875,97400,0.0,0.0
2004-12-01 00:00:00+09:00,275.25109028509047,276.87658884976616,272.27100958318493,273.35467529296875,85800,0.0,0.0
2004-12-02 00:00:00+09:00,273.8965626539516,276.87664394890066,270.3746483962846,272.8128967285156,91000,0.0,0.0
2004-12-03 00:00:00+09:00,272.27105575561524,272.81288870239257,270.10372396850585,270.9164733886719,96800,0.0,0.0
2004-12-06 00:00:00+09:00,271.4583063354492,273.08380517578127,269.83280749511715,270.9164733886719,86000,0.0,0.0
2004-12-07 00:00:00+09:00,271.72928186281763,272.00019839508366,268.2073669433594,268.2073669433594,87000,0.0,0.0
2004-12-08 00:00:00+09:00,268.20732317880004,270.1037385952158,267.1236572265625,267.1236572265625,46200,0.0,0.0
2004-12-09 00:00:00+09:00,268.2073965314681,269.2910627800801,265.4982309099381,266.8528137207031,52800,0.0,0.0
2004-12-10 00:00:00+09:00,264.9562479654948,266.8526628282335,262.7889166937934,263.33074951171875,120400,0.0,0.0
2004-12-13 00:00:00+09:00,268.74912249455684,268.74912249455684,263.87262632026045,264.4144592285156,37400,0.0,0.0
2004-12-14 00:00:00+09:00,266.58177827614634,269.5618591308594,264.41444674544596,269.5618591308594,56200,0.0,0.0
2004-12-15 00:00:00+09:00,268.20728581126144,269.02003516220464,265.227204857803,266.581787109375,60800,0.0,0.0
2004-12-16 00:00:00+09:00,268.2073669433594,268.74920000789143,265.4982016206992,268.2073669433594,29400,0.0,0.0
2004-12-17 00:00:00+09:00,269.2909745483398,272.27105575561524,268.20730865478515,270.9164733886719,66800,0.0,0.0
2004-12-20 00:00:00+09:00,272.5419722290039,272.5419722290039,269.5618910217285,270.9164733886719,49000,0.0,0.0
2004-12-21 00:00:00+09:00,273.3547055199033,284.4622802734375,273.3547055199033,284.4622802734375,100400,0.0,0.0
2004-12-22 00:00:00+09:00,282.8366985890129,283.1076149669717,277.68928740779523,281.48211669921875,71800,0.0,0.0
2004-12-23 00:00:00+09:00,281.48211669921875,281.48211669921875,281.48211669921875,281.48211669921875,0,0.0,0.0
2004-12-24 00:00:00+09:00,283.378621090501,286.3587021918351,282.83678816298567,285.0041198730469,143400,0.0,0.0
2004-12-27 00:00:00+09:00,290.42244914819986,290.42244914819986,280.66945645292446,285.0041198730469,106200,0.0,0.0
2004-12-28 00:00:00+09:00,284.46229220118494,284.46229220118494,281.7531275135546,284.1913757324219,50600,0.0,0.0
2004-12-29 00:00:00+09:00,284.19137432931484,284.19137432931484,281.7531261224856,282.8367919921875,62800,0.0,0.0
2004-12-30 00:00:00+09:00,284.19138632433294,284.19138632433294,281.7531380145913,282.5658874511719,71200,0.0,0.0
2004-12-31 00:00:00+09:00,282.5658874511719,282.5658874511719,282.5658874511719,282.5658874511719,0,0.0,0.0
2005-01-03 00:00:00+09:00,282.5658874511719,282.5658874511719,282.5658874511719,282.5658874511719,0,0.0,0.0
2005-01-04 00:00:00+09:00,281.7531499295226,282.29498291015625,280.3985674779383,282.29498291015625,36200,0.0,0.0
2005-01-05 00:00:00+09:00,282.29500025637117,282.29500025637117,280.12766820066,281.2113342285156,55400,0.0,0.0
2005-01-06 00:00:00+09:00,280.3985595703125,287.17147163722825,280.3985595703125,286.629638671875,62600,0.0,0.0
2005-01-07 00:00:00+09:00,288.79696921876814,292.5897999589771,288.79696921876814,291.5061340332031,77800,0.0,0.0
2005-01-10 00:00:00+09:00,291.5061340332031,291.5061340332031,291.5061340332031,291.5061340332031,0,0.0,0.0
2005-01-11 00:00:00+09:00,297.46625516760696,304.5100827034519,296.1116729491753,304.2391662597656,129800,0.0,0.0
2005-01-12 00:00:00+09:00,304.23920069125734,305.0519501142972,300.7172865247513,302.0718688964844,65200,0.0,0.0
2005-01-13 00:00:00+09:00,302.0718450725559,304.78100960235463,302.0718450725559,302.6136779785156,41200,0.0,0.0
2005-01-14 00:00:00+09:00,303.4264712031668,304.2392206796039,298.0081413602531,303.6973876953125,104800,0.0,0.0
2005-01-17 00:00:00+09:00,304.23917229111134,320.76507568359375,304.23917229111134,320.76507568359375,105600,0.0,0.0
2005-01-18 00:00:00+09:00,319.4105558837053,319.4105558837053,311.553977325073,315.8886413574219,69200,0.0,0.0
2005-01-19 00:00:00+09:00,314.8049555285224,315.8886214683796,314.2631225585938,314.26312255859375,50000,0.0,0.0
2005-01-20 00:00:00+09:00,308.8448726607123,309.9285388805745,306.4066236660225,308.30303955078125,45600,0.0,0.0
2005-01-21 00:00:00+09:00,306.1356095864739,308.84477427307985,304.2391943058497,307.7611083984375,63400,0.0,0.0
2005-01-24 00:00:00+09:00,306.406541907269,311.553955078125,304.78104301120925,311.553955078125,34600,0.0,0.0
2005-01-25 00:00:00+09:00,313.992219276035,315.3468017578125,308.8448058452803,315.3468017578125,82800,0.0,0.0
2005-01-26 00:00:00+09:00,315.6200756327752,316.4398680370162,311.52111361157034,315.07354736328125,93000,5.0,0.0
2005-01-27 00:00:00+09:00,314.2537051774723,315.6200256347656,305.50925425079475,315.6200256347656,41200,0.0,0.0
2005-01-28 00:00:00+09:00,310.42802708471487,310.42802708471487,308.5151783262703,309.06170654296875,46400,0.0,0.0
2005-01-31 00:00:00+09:00,309.3349761028407,312.3408813476563,307.9686555370154,312.34088134765625,70200,0.0,0.0
2005-02-01 00:00:00+09:00,311.79442776668134,311.79442776668134,303.3232382305138,307.6954650878906,53800,0.0,0.0
2005-02-02 00:00:00+09:00,310.15473380921384,311.52105422247024,305.5092444041419,309.8814697265625,92200,0.0,0.0
2005-02-03 00:00:00+09:00,307.14882890004964,309.88146972656256,306.05577256944446,309.8814697265625,51800,0.0,0.0
2005-02-04 00:00:00+09:00,300.8636812866542,305.50916955356894,297.5845130982438,302.5032653808594,112200,0.0,0.0
2005-02-07 00:00:00+09:00,302.7766810671432,309.88154903442273,302.7766810671432,308.5152282714844,57000,0.0,0.0
2005-02-08 00:00:00+09:00,306.32906271701387,312.0676089409722,303.5964216579861,307.422119140625,50200,0.0,0.0
2005-02-09 00:00:00+09:00,304.4162585020709,306.60237166905165,302.5034094809627,303.5964660644531,55200,0.0,0.0
2005-02-10 00:00:00+09:00,307.4220968717767,309.33494547453444,306.0557764412355,306.32904052734375,44400,0.0,0.0
2005-02-11 00:00:00+09:00,306.32904052734375,306.32904052734375,306.32904052734375,306.32904052734375,0,0.0,0.0
2005-02-14 00:00:00+09:00,308.2419603620257,309.60828110831125,306.05584716796875,306.05584716796875,60400,0.0,0.0
2005-02-15 00:00:00+09:00,307.42220955099015,307.42220955099015,304.68956768831464,306.6024169921875,25600,0.0,0.0
2005-02-16 00:00:00+09:00,307.42215554275856,307.42215554275856,304.68951416015625,304.68951416015625,22600,0.0,0.0
2005-02-17 00:00:00+09:00,306.05588400900905,306.8756765554617,303.3232421875,303.3232421875,46400,0.0,0.0
2005-02-18 00:00:00+09:00,300.5904904372401,305.2359798349065,300.5904904372401,303.8696594238281,31400,0.0,0.0
2005-02-21 00:00:00+09:00,303.59640787068287,305.78252061862656,300.59050284226026,305.2359924316406,29600,0.0,0.0
2005-02-22 00:00:00+09:00,304.41616007850934,307.1488006537204,304.14289602098825,305.50921630859375,36600,0.0,0.0
2005-02-23 00:00:00+09:00,300.590600365991,304.41629891610364,300.590600365991,303.3232421875,25000,0.0,0.0
2005-02-24 00:00:00+09:00,305.2360062934028,307.6953832465278,303.32315755208333,307.422119140625,29600,0.0,0.0
2005-02-25 00:00:00+09:00,308.5152113620084,310.9745886005009,306.60236239873643,310.7013244628906,48800,0.0,0.0
2005-02-28 00:00:00+09:00,314.2537470746145,315.0735394582874,308.78846451679516,310.15478515625,56400,0.0,0.0
2005-03-01 00:00:00+09:00,310.15479618767006,312.8874375637729,310.15479618767006,310.7013244628906,46200,0.0,0.0
2005-03-02 00:00:00+09:00,310.70136944176016,313.98053956779455,310.15484108742106,313.707275390625,46000,0.0,0.0
2005-03-03 00:00:00+09:00,311.52108900816114,313.7072019134815,311.52108900816114,312.34088134765625,24000,0.0,0.0
2005-03-04 00:00:00+09:00,313.16066671620246,314.5269872516135,311.7943461807915,314.25372314453125,45400,0.0,0.0
2005-03-07 00:00:00+09:00,318.35262249635775,319.71894276458244,315.07345385261846,319.4456787109375,80200,0.0,0.0
2005-03-08 00:00:00+09:00,318.35255551500387,322.72477945340734,317.5327635265532,321.35845947265625,60200,0.0,0.0
2005-03-09 00:00:00+09:00,320.5386674842056,322.45151545725713,318.6258195111541,321.35845947265625,60200,0.0,0.0
2005-03-10 00:00:00+09:00,321.9051194730718,322.4516476894947,320.81206304022606,321.0853271484375,51600,0.0,0.0
2005-03-11 00:00:00+09:00,321.08534222710597,325.4575681638155,321.08534222710597,324.09124755859375,124200,0.0,0.0
2005-03-14 00:00:00+09:00,327.09717643590704,327.91696885805214,322.9982143251814,326.0041198730469,109400,0.0,0.0
2005-03-15 00:00:00+09:00,326.2773840137619,327.91696885805214,323.8180067473265,326.0041198730469,76000,0.0,0.0
2005-03-16 00:00:00+09:00,324.63776055518616,325.7308169880319,321.0853271484375,321.0853271484375,102200,0.0,0.0
2005-03-17 00:00:00+09:00,318.6259365226162,324.9110107421875,318.6259365226162,324.9110107421875,76800,0.0,0.0
2005-03-18 00:00:00+09:00,327.643711064825,330.64961667092433,322.17842814464444,330.10308837890625,84800,0.0,0.0
2005-03-21 00:00:00+09:00,330.10308837890625,330.10308837890625,330.10308837890625,330.10308837890625,0,0.0,0.0
2005-03-22 00:00:00+09:00,330.64957214455364,336.93464665639226,330.64957214455364,333.9287414550781,98000,0.0,0.0
2005-03-23 00:00:00+09:00,332.5624278880932,332.5624278880932,326.82388147424774,332.0158996582031,68000,0.0,0.0
2005-03-24 00:00:00+09:00,327.9168604613343,331.19602906594764,327.09706831018093,328.19012451171875,100800,0.0,0.0
2005-03-25 00:00:00+09:00,328.1902093742589,328.1902093742589,317.80617277457384,324.09124755859375,56800,0.0,0.0
2005-03-28 00:00:00+09:00,326.8239110097164,326.8239110097164,322.4516847754727,325.184326171875,65800,0.0,0.0
2005-03-29 00:00:00+09:00,326.27737032733387,326.27737032733387,318.6259747082674,323.8179931640625,52800,0.0,0.0
2005-03-30 00:00:00+09:00,325.184285893614,338.8474911832617,322.4516448356845,337.4811706542969,131200,0.0,0.0
2005-03-31 00:00:00+09:00,332.2891581632653,334.74853515625,330.64957350127554,334.74853515625,51800,0.0,0.0
2005-04-01 00:00:00+09:00,330.10304796976544,336.9346507837093,329.0099915195344,336.38812255859375,78800,0.0,0.0
2005-04-04 00:00:00+09:00,335.84161563589555,335.84161563589555,329.55654064840525,330.64959716796875,28000,0.0,0.0
2005-04-05 00:00:00+09:00,330.64961667092433,330.64961667092433,327.643711064825,330.10308837890625,37000,0.0,0.0
2005-04-06 00:00:00+09:00,327.6435787523564,330.3762191089232,324.91093839578963,329.5564270019531,59200,0.0,0.0
2005-04-07 00:00:00+09:00,329.55649488383875,329.55649488383875,326.82385396440395,327.6436462402344,19200,0.0,0.0
2005-04-08 00:00:00+09:00,326.82378664538635,330.64948314457985,323.8178822531629,329.5564270019531,53200,0.0,0.0
2005-04-11 00:00:00+09:00,330.3763223426137,330.3763223426137,322.99819107441635,324.09124755859375,26800,0.0,0.0
2005-04-12 00:00:00+09:00,325.1843138103244,326.27737032733387,323.54472903481013,323.8179931640625,46200,0.0,0.0
2005-04-13 00:00:00+09:00,319.9923498691657,322.4517274514223,317.53297228690906,319.7190856933594,24000,0.0,0.0
2005-04-14 00:00:00+09:00,314.2538037449641,315.62012463081174,292.39266957140137,313.707275390625,82800,0.0,0.0
2005-04-15 00:00:00+09:00,303.0499825707094,309.6083230411305,301.13713326683654,306.6024169921875,43800,0.0,0.0
2005-04-18 00:00:00+09:00,301.1370739191229,303.32318697842686,290.206508622603,300.5905456542969,83800,0.0,0.0
2005-04-19 00:00:00+09:00,300.590600365991,305.78261982685814,292.9392032657658,303.3232421875,44000,0.0,0.0
2005-04-20 00:00:00+09:00,306.60236312797787,307.42215554275856,297.85791070365053,304.68951416015625,34200,0.0,0.0
2005-04-21 00:00:00+09:00,300.59057980426485,304.6895422561412,297.03814567930533,303.0499572753906,38800,0.0,0.0
2005-04-22 00:00:00+09:00,307.4221438773403,312.0676340514868,304.4162384705396,310.15478515625,65400,0.0,0.0
2005-04-25 00:00:00+09:00,307.4221993157257,314.2538037449641,306.8756709613867,313.707275390625,22200,0.0,0.0
2005-04-26 00:00:00+09:00,314.2536859009528,321.90507999245426,310.974517004595,316.1665344238281,86800,0.0,0.0
2005-04-27 00:00:00+09:00,310.97457140454287,319.71902332453004,310.7013072820433,318.89923095703125,49000,0.0,0.0
2005-04-28 00:00:00+09:00,321.905144807089,321.905144807089,310.4280513589585,317.8061828613281,71800,0.0,0.0
2005-04-29 00:00:00+09:00,317.8061828613281,317.8061828613281,317.8061828613281,317.8061828613281,0,0.0,0.0
2005-05-02 00:00:00+09:00,313.1607002949533,324.3645298866576,312.88743615857027,322.7249450683594,55600,0.0,0.0
2005-05-03 00:00:00+09:00,322.7249450683594,322.7249450683594,322.7249450683594,322.7249450683594,0,0.0,0.0
2005-05-04 00:00:00+09:00,322.7249450683594,322.7249450683594,322.7249450683594,322.7249450683594,0,0.0,0.0
2005-05-05 00:00:00+09:00,322.7249450683594,322.7249450683594,322.7249450683594,322.7249450683594,0,0.0,0.0
2005-05-06 00:00:00+09:00,324.6377591080402,326.27734375,320.81206161013404,326.27734375,28600,0.0,0.0
2005-05-09 00:00:00+09:00,326.2773840137619,326.2773840137619,321.63189362160614,326.0041198730469,41800,0.0,0.0
2005-05-10 00:00:00+09:00,326.5506604279023,327.64371703184503,322.4516981631169,327.3704528808594,72400,0.0,0.0
2005-05-11 00:00:00+09:00,321.9051180381072,327.0971360709799,320.5387975031407,326.27734375,31800,0.0,0.0
2005-05-12 00:00:00+09:00,327.3704029337565,328.7367234802246,322.72491307576496,327.91693115234375,56400,0.0,0.0
2005-05-13 00:00:00+09:00,325.1843222958067,327.3704353868709,320.53883197729516,322.7249450683594,23600,0.0,0.0
2005-05-16 00:00:00+09:00,322.9980886304701,329.2831614210799,322.4515605617214,323.54461669921875,65000,0.0,0.0
2005-05-17 00:00:00+09:00,322.451575133705,324.36442346076933,319.7189346664702,320.5387268066406,40200,0.0,0.0
2005-05-18 00:00:00+09:00,319.17241465729256,323.54463951561166,319.17241465729256,319.4456787109375,35800,0.0,0.0
2005-05-19 00:00:00+09:00,323.81796541382147,327.09713468383484,321.90511667298034,325.4575500488281,48200,0.0,0.0
2005-05-20 00:00:00+09:00,326.5506532281266,332.0159361273421,322.72495519867573,329.2832946777344,68000,0.0,0.0
2005-05-23 00:00:00+09:00,328.19024533381645,329.28330193775923,326.5506604279023,327.3704528808594,23000,0.0,0.0
2005-05-24 00:00:00+09:00,327.6436239202651,327.9168879935931,326.27730355362513,326.5505676269531,39800,0.0,0.0
2005-05-25 00:00:00+09:00,320.2654961997721,326.550569930655,320.2654961997721,322.1783447265625,34000,0.0,0.0
2005-05-26 00:00:00+09:00,327.64370471733713,327.64370471733713,325.7308557323318,326.0041198730469,42000,0.0,0.0
2005-05-27 00:00:00+09:00,326.27735781912077,326.27735781912077,322.17839603747353,322.45166015625,24200,0.0,0.0
2005-05-30 00:00:00+09:00,322.4516847754727,326.27738273043593,322.4516847754727,325.184326171875,36200,0.0,0.0
2005-05-31 00:00:00+09:00,325.18432160565385,330.6496043217153,322.7249443834262,328.73675537109375,41000,0.0,0.0
2005-06-01 00:00:00+09:00,327.3704029337565,327.91693115234375,324.3644977315267,327.91693115234375,32000,0.0,0.0
2005-06-02 00:00:00+09:00,323.8179983650533,327.64369623603284,323.8179983650533,327.09716796875,40600,0.0,0.0
2005-06-03 00:00:00+09:00,325.7308182779948,327.91693115234375,323.2714412943522,327.91693115234375,62200,0.0,0.0
2005-06-06 00:00:00+09:00,326.0040823872884,327.91693115234375,325.45755416870117,327.91693115234375,68600,0.0,0.0
2005-06-07 00:00:00+09:00,326.82391357421875,327.64370599957215,325.18432872351195,326.82391357421875,18200,0.0,0.0
2005-06-08 00:00:00+09:00,327.0971388244629,327.91693115234375,326.82387471516927,327.91693115234375,25400,0.0,0.0
2005-06-09 00:00:00+09:00,327.91696885805214,327.91696885805214,325.45759159161673,326.0041198730469,33400,0.0,0.0
2005-06-10 00:00:00+09:00,327.9169603696742,331.19612997337094,325.7308473005431,327.09716796875,83400,0.0,0.0
2005-06-13 00:00:00+09:00,327.9169392703202,332.835693359375,327.37041103820303,332.835693359375,94000,0.0,0.0
2005-06-14 00:00:00+09:00,333.65557561074536,339.94065197360135,333.382311421056,338.84759521484375,181000,0.0,0.0
2005-06-15 00:00:00+09:00,338.8474911832617,341.5801322411912,336.3881142311251,337.4811706542969,44600,0.0,0.0
2005-06-16 00:00:00+09:00,338.847421764654,341.3067982129458,338.3008936650335,338.57415771484375,30200,0.0,0.0
2005-06-17 00:00:00+09:00,339.39404952383836,345.95238864507195,339.39404952383836,343.4930114746094,119800,0.0,0.0
2005-06-20 00:00:00+09:00,345.9523305455071,353.05719673364547,344.31274604055204,351.14434814453125,108200,0.0,0.0
2005-06-21 00:00:00+09:00,351.14441048284493,353.3305235442167,350.3246180848305,351.9642028808594,43400,0.0,0.0
2005-06-22 00:00:00+09:00,351.9641403970088,352.51066856532714,348.68497138709876,351.14434814453125,51800,0.0,0.0
2005-06-23 00:00:00+09:00,351.41756892204285,353.6036813259125,339.3939507007599,349.7779846191406,63800,0.0,0.0
2005-06-24 00:00:00+09:00,350.871018269219,350.871018269219,339.120664853661,348.6849060058594,46200,0.0,0.0
2005-06-27 00:00:00+09:00,346.77225253840163,346.77225253840163,341.3069688104521,343.2198181152344,25200,0.0,0.0
2005-06-28 00:00:00+09:00,344.0395256420649,349.5048080192224,342.9464691666334,347.3186950683594,32200,0.0,0.0
2005-06-29 00:00:00+09:00,349.5046818789757,349.7779458992095,344.85919353500185,345.6789855957031,50000,0.0,0.0
2005-06-30 00:00:00+09:00,344.58590079707676,348.41159676151693,343.7661088046967,346.4987487792969,32000,0.0,0.0
2005-07-01 00:00:00+09:00,346.4989888318974,352.23753675419226,346.4989888318974,350.8712158203125,85800,0.0,0.0
2005-07-04 00:00:00+09:00,350.8711229096531,350.8711229096531,345.9523688501719,350.05133056640625,67600,0.0,0.0
2005-07-05 00:00:00+09:00,348.95829088521214,349.23155501276517,345.67912135457584,347.865234375,28600,0.0,0.0
2005-07-06 00:00:00+09:00,347.59187375170495,351.69083452707883,347.59187375170495,350.5977783203125,57600,0.0,0.0
2005-07-07 00:00:00+09:00,349.7779947916667,349.7779947916667,344.31271362304693,344.3127136230469,38600,0.0,0.0
2005-07-08 00:00:00+09:00,344.3128007168107,349.7780832678712,344.3128007168107,347.865234375,72000,0.0,0.0
2005-07-11 00:00:00+09:00,349.23150491153496,350.87108944163606,347.865184469784,348.4117126464844,44600,0.0,0.0
2005-07-12 00:00:00+09:00,349.504652751357,349.504652751357,345.6789567869168,346.4987487792969,55600,0.0,0.0
2005-07-13 00:00:00+09:00,347.3185858412596,348.9581700387793,347.0453218083397,348.6849060058594,19000,0.0,0.0
2005-07-14 00:00:00+09:00,348.411838139329,351.9642725674163,347.0455172054493,350.8712158203125,45200,0.0,0.0
2005-07-15 00:00:00+09:00,350.8710647262893,352.23738507179667,348.4116881043761,351.69085693359375,30000,0.0,0.0
2005-07-18 00:00:00+09:00,351.69085693359375,351.69085693359375,351.69085693359375,351.69085693359375,0,0.0,0.0
2005-07-19 00:00:00+09:00,351.4175928644923,352.5106491408982,349.77800844988343,351.69085693359375,19600,0.0,0.0
2005-07-20 00:00:00+09:00,351.69085693359375,354.42349762460844,349.504744380782,351.69085693359375,57600,0.0,0.0
2005-07-21 00:00:00+09:00,351.69086216722695,353.05718253306696,347.31863699653877,348.9582214355469,55800,0.0,0.0
2005-07-22 00:00:00+09:00,349.2314728071105,349.2314728071105,346.498832174817,347.5918884277344,34800,0.0,0.0
2005-07-25 00:00:00+09:00,348.4117000309501,349.5047563447727,345.67905924639365,347.0453796386719,65800,0.0,0.0
2005-07-26 00:00:00+09:00,347.87159502814796,352.00308665556065,344.290968951057,351.1767883300781,76200,5.0,0.0
2005-07-27 00:00:00+09:00,350.9014487137255,350.9014487137255,343.18932896177546,345.3927917480469,58600,0.0,0.0
2005-07-28 00:00:00+09:00,345.3927540642004,346.49448533713246,342.9138587001033,344.8418884277344,38000,0.0,0.0
2005-07-29 00:00:00+09:00,346.2190740006148,349.7997008598097,343.74017848271063,346.4945068359375,55600,0.0,0.0
2005-08-01 00:00:00+09:00,346.4946268116676,347.8717914651321,344.2911633661244,345.1174621582031,49800,0.0,0.0
2005-08-02 00:00:00+09:00,344.29110948782994,348.4226028016839,342.91394504987863,345.66827392578125,71800,0.0,0.0
2005-08-03 00:00:00+09:00,347.0454452394501,352.0032373142994,347.0454452394501,349.7997741699219,63800,0.0,0.0
2005-08-04 00:00:00+09:00,350.9015768027004,350.9015768027004,346.7700825703295,348.1472473144531,39600,0.0,0.0
2005-08-05 00:00:00+09:00,348.14704456748376,349.24877572117833,338.5068969726563,338.50689697265625,47200,0.0,0.0
2005-08-08 00:00:00+09:00,338.7824240090279,345.94367850027567,331.6211695177802,343.46478271484375,38800,0.0,0.0
2005-08-09 00:00:00+09:00,341.5366946089382,345.3927540642004,336.30347106251094,344.8418884277344,31400,0.0,0.0
2005-08-10 00:00:00+09:00,345.9436346825133,354.4820524175116,345.9436346825133,349.5242614746094,76600,0.0,0.0
2005-08-11 00:00:00+09:00,352.5539739461358,353.6557051147175,352.2785411539904,352.82940673828125,23400,0.0,0.0
2005-08-12 00:00:00+09:00,353.93123198192325,353.93123198192325,347.0454103480337,350.62603759765625,26600,0.0,0.0
2005-08-15 00:00:00+09:00,353.93130976398726,354.7576085416464,350.90154757923716,353.1050109863281,33400,0.0,0.0
2005-08-16 00:00:00+09:00,353.10507700832864,354.206808917871,350.0753142570871,352.2787780761719,37200,0.0,0.0
2005-08-17 00:00:00+09:00,352.278658382917,353.1049570343234,348.6980308934894,350.0751953125,35800,0.0,0.0
2005-08-18 00:00:00+09:00,349.7997743398686,350.9015059125926,327.7651428853887,346.2191467285156,90000,0.0,0.0
2005-08-19 00:00:00+09:00,345.1173158851415,345.1173158851415,340.9858236758222,342.0875549316406,33800,0.0,0.0
2005-08-22 00:00:00+09:00,343.46478309841115,350.9014704630119,341.53675304092206,350.62603759765625,52800,0.0,0.0
2005-08-23 00:00:00+09:00,352.00334509878627,355.30854082741337,348.9735823475447,352.2787780761719,103400,0.0,0.0
2005-08-24 00:00:00+09:00,352.8294887333126,355.03295158254485,345.6682344733078,350.9014587402344,84800,0.0,0.0
2005-08-25 00:00:00+09:00,350.6259559869766,352.5539855957031,346.7698967695236,352.5539855957031,54400,0.0,0.0
2005-08-26 00:00:00+09:00,352.5540420401403,353.9312062668596,349.5242807413578,353.3803405761719,63800,0.0,0.0
2005-08-29 00:00:00+09:00,353.38038517878607,354.7575495793269,350.9014892578125,354.48211669921875,54800,0.0,0.0
2005-08-30 00:00:00+09:00,353.9312744140625,354.4821402108159,351.17694543029546,353.9312744140625,56600,0.0,0.0
2005-08-31 00:00:00+09:00,351.17704616662945,354.4822418952566,350.3507472344727,352.2787780761719,21600,0.0,0.0
2005-09-01 00:00:00+09:00,353.9311412464489,353.9311412464489,347.04532137784093,348.4224853515625,59200,0.0,0.0
2005-09-02 00:00:00+09:00,348.4225815714067,351.45234315028847,346.49455147575463,347.5962829589844,75000,0.0,0.0
2005-09-05 00:00:00+09:00,347.8717089441005,353.1049333858565,347.8717089441005,350.62603759765625,40200,0.0,0.0
2005-09-06 00:00:00+09:00,350.6261207720611,351.1769866334469,345.1174621582031,345.1174621582031,26000,0.0,0.0
2005-09-07 00:00:00+09:00,345.11736813569684,350.07515953748657,341.812173867837,343.7402038574219,45000,0.0,0.0
2005-09-08 00:00:00+09:00,343.74031291252027,343.74031291252027,338.5070869947816,339.0579528808594,34200,0.0,0.0
2005-09-09 00:00:00+09:00,344.01558462932303,344.01558462932303,340.1595252339583,342.0875549316406,96600,0.0,0.0
2005-09-12 00:00:00+09:00,347.320866621934,347.320866621934,337.40528280084783,339.33331298828125,20600,0.0,0.0
2005-09-13 00:00:00+09:00,339.3332267920944,343.1892861874591,337.6806299083667,342.0875549316406,31200,0.0,0.0
2005-09-14 00:00:00+09:00,342.0875834472656,344.2910461425781,338.7823894042969,344.2910461425781,55400,0.0,0.0
2005-09-15 00:00:00+09:00,344.29118001432397,345.66834473438126,342.9140152942667,344.0157470703125,61400,0.0,0.0
2005-09-16 00:00:00+09:00,338.50700263327343,341.8121971260312,337.12983826129107,339.6087341308594,98600,0.0,0.0
2005-09-19 00:00:00+09:00,339.6087341308594,339.6087341308594,339.6087341308594,339.6087341308594,0,0.0,0.0
2005-09-20 00:00:00+09:00,334.1000061035156,337.4051998984391,333.27370765478474,334.1000061035156,98200,0.0,0.0
2005-09-21 00:00:00+09:00,333.5491396331787,334.10000526428223,327.76505050659176,330.5193786621094,79200,0.0,0.0
2005-09-22 00:00:00+09:00,329.14231522398774,333.27380872052316,326.1125533265284,328.86688232421875,65400,0.0,0.0
2005-09-23 00:00:00+09:00,328.86688232421875,328.86688232421875,328.86688232421875,328.86688232421875,0,0.0,0.0
2005-09-26 00:00:00+09:00,330.7948164863218,342.638427734375,330.51938366659965,342.638427734375,154800,0.0,0.0
2005-09-27 00:00:00+09:00,341.261343226069,343.1893734137869,333.2737895912377,335.752685546875,72600,0.0,0.0
2005-09-28 00:00:00+09:00,337.680699370054,340.4350280761719,332.44747482843,340.4350280761719,66200,0.0,0.0
2005-09-29 00:00:00+09:00,340.4350163576192,340.71044921874994,330.51943335691186,340.71044921875,52600,0.0,0.0
2005-09-30 00:00:00+09:00,340.71044921874994,340.71044921874994,334.926359135004,340.71044921875,86400,0.0,0.0
2005-10-03 00:00:00+09:00,340.71049876933193,340.71049876933193,333.54924333844866,337.4053039550781,33800,0.0,0.0
2005-10-04 00:00:00+09:00,337.40519355325137,340.1595216638902,333.82456700942095,337.1297607421875,57000,0.0,0.0
2005-10-05 00:00:00+09:00,333.5492061886355,336.8544006347656,331.6211760950596,336.8544006347656,92600,0.0,0.0
2005-10-06 00:00:00+09:00,334.6508727617712,334.6508727617712,328.31591796875,328.31591796875,38400,0.0,0.0
2005-10-07 00:00:00+09:00,328.5913586810096,335.2017464499486,326.66332891506903,332.4474182128906,69400,0.0,0.0
2005-10-10 00:00:00+09:00,332.4474182128906,332.4474182128906,332.4474182128906,332.4474182128906,0,0.0,0.0
2005-10-11 00:00:00+09:00,334.1001091408243,338.78246846101723,327.76515241350444,337.4053039550781,79200,0.0,0.0
2005-10-12 00:00:00+09:00,337.4053905375229,342.6386170030029,333.8247619032472,338.231689453125,100600,0.0,0.0
2005-10-13 00:00:00+09:00,336.0281349464699,337.12986653645834,330.51947699652777,334.6509704589844,116000,0.0,0.0
2005-10-14 00:00:00+09:00,333.2737801928039,333.2737801928039,328.8668541737255,330.2440185546875,55200,0.0,0.0
2005-10-17 00:00:00+09:00,330.5194797228329,335.4772719186754,326.6634191260665,328.86688232421875,85400,0.0,0.0
2005-10-18 00:00:00+09:00,330.5194066259153,332.4474364978998,328.0405110762209,329.1422424316406,54600,0.0,0.0
2005-10-19 00:00:00+09:00,329.6932570831685,331.0704218997231,325.5617626335047,326.3880615234375,78400,0.0,0.0
2005-10-20 00:00:00+09:00,326.9388076141101,330.51943482471114,326.6633747517562,327.7651062011719,59400,0.0,0.0
2005-10-21 00:00:00+09:00,329.1422145843506,330.5193786621094,325.56158798217774,330.5193786621094,50600,0.0,0.0
2005-10-24 00:00:00+09:00,328.3159439150759,332.4474364978998,328.3159439150759,329.1422424316406,38200,0.0,0.0
2005-10-25 00:00:00+09:00,326.3880117315995,333.5492676852042,326.3880117315995,329.6932067871094,72200,0.0,0.0
2005-10-26 00:00:00+09:00,333.8246412229617,333.8246412229617,329.6931481385191,331.0703125,50800,0.0,0.0
2005-10-27 00:00:00+09:00,331.3457290118013,335.75265475094415,331.3457290118013,332.1720275878906,23800,0.0,0.0
2005-10-28 00:00:00+09:00,331.07026378248236,338.7823830719245,331.07026378248236,334.3754577636719,81800,0.0,0.0
2005-10-31 00:00:00+09:00,334.1000249319061,336.3034875860324,333.54915926837447,334.3754577636719,52200,0.0,0.0
2005-11-01 00:00:00+09:00,335.47719826603566,335.75263110533456,332.1720041944491,332.7228698730469,11800,0.0,0.0
2005-11-02 00:00:00+09:00,333.8245823314196,334.92631362624275,331.62111974177327,332.4474182128906,112800,0.0,0.0
2005-11-03 00:00:00+09:00,332.4474182128906,332.4474182128906,332.4474182128906,332.4474182128906,0,0.0,0.0
2005-11-04 00:00:00+09:00,332.99827400207516,333.82457244873046,329.1422145843506,330.5193786621094,112200,0.0,0.0
2005-11-07 00:00:00+09:00,331.34574537229616,331.62117824459233,330.24401388311145,331.0703125,120400,0.0,0.0
2005-11-08 00:00:00+09:00,331.0703713935718,333.27383476391174,329.6932067871094,329.6932067871094,127200,0.0,0.0
2005-11-09 00:00:00+09:00,329.4177316401359,331.6211947280298,329.1422987541492,329.9685974121094,145000,0.0,0.0
2005-11-10 00:00:00+09:00,331.070392256663,331.8966910726114,329.69322756341563,331.3458251953125,225200,0.0,0.0
2005-11-11 00:00:00+09:00,331.62118293564953,332.1720486880343,329.69315280230273,330.2440185546875,101000,0.0,0.0
2005-11-14 00:00:00+09:00,330.5195055509868,331.0703713935718,328.86690802323193,329.6932067871094,83800,0.0,0.0
2005-11-15 00:00:00+09:00,330.24407262969436,333.27383476391174,329.41777386581686,329.6932067871094,55800,0.0,0.0
2005-11-16 00:00:00+09:00,329.4176473999023,330.5193786621094,328.59134895324706,330.5193786621094,52200,0.0,0.0
2005-11-17 00:00:00+09:00,330.2439458465576,331.89654273986815,328.86678176879883,330.5193786621094,72400,0.0,0.0
2005-11-18 00:00:00+09:00,329.1423382897595,332.99839915675244,329.1423382897595,331.89666748046875,75400,0.0,0.0
2005-11-21 00:00:00+09:00,331.8966111168885,333.54920835066554,331.0703125,331.0703125,78800,0.0,0.0
2005-11-22 00:00:00+09:00,332.99830777774304,337.40523327356095,331.8965764037885,335.4772033691406,82600,0.0,0.0
2005-11-23 00:00:00+09:00,335.4772033691406,335.4772033691406,335.4772033691406,335.4772033691406,0,0.0,0.0
2005-11-24 00:00:00+09:00,337.6805986073854,340.98579206846904,333.2736739926071,338.50689697265625,180400,0.0,0.0
2005-11-25 00:00:00+09:00,341.812138324793,342.9138696328504,339.0578100546496,340.98583984375,129600,0.0,0.0
2005-11-28 00:00:00+09:00,342.913923911678,344.84195400596053,340.4350280761719,340.4350280761719,94400,0.0,0.0
2005-11-29 00:00:00+09:00,339.0578801043622,341.26134317571467,337.95614856868593,339.33331298828125,103600,0.0,0.0
2005-11-30 00:00:00+09:00,339.3333059168293,341.261336064084,335.2018127441406,335.2018127441406,95200,0.0,0.0
2005-12-01 00:00:00+09:00,338.23163954211816,342.91399937291294,336.5790419547788,341.5368347167969,180200,0.0,0.0
2005-12-02 00:00:00+09:00,345.6682456352277,349.2488728808516,340.4350211993159,343.46478271484375,204000,0.0,0.0
2005-12-05 00:00:00+09:00,345.66821543375653,347.8716781616211,344.2910512288411,347.0453796386719,126800,0.0,0.0
2005-12-06 00:00:00+09:00,352.5539898431215,352.82942264768644,342.3629760742188,342.36297607421875,156400,0.0,0.0
2005-12-07 00:00:00+09:00,347.87168738260226,347.87168738260226,342.36303041692366,345.3927917480469,87800,0.0,0.0
2005-12-08 00:00:00+09:00,345.6683167635097,346.4946155286815,339.33335956385974,341.812255859375,102200,0.0,0.0
2005-12-09 00:00:00+09:00,341.53670549777866,341.812138324793,338.50694440062097,340.98583984375,175000,0.0,0.0
2005-12-12 00:00:00+09:00,342.08758850097655,347.0453796386719,339.6086929321289,347.0453796386719,279800,0.0,0.0
2005-12-13 00:00:00+09:00,350.35053475621237,350.35053475621237,342.3629832562673,342.9138488769531,113200,0.0,0.0
2005-12-14 00:00:00+09:00,343.464714497639,345.9436097907254,341.26125201489555,342.9138488769531,170400,0.0,0.0
2005-12-15 00:00:00+09:00,341.5367760596337,342.91394047922904,337.6807156847669,339.33331298828125,148600,0.0,0.0
2005-12-16 00:00:00+09:00,338.78236397965725,338.78236397965725,333.54914047102835,334.1000061035156,217000,0.0,0.0
2005-12-19 00:00:00+09:00,339.05787306374646,340.159604576545,336.02811140355055,338.7824401855469,163600,0.0,0.0
2005-12-20 00:00:00+09:00,340.435032678823,340.435032678823,335.7526738151175,336.0281066894531,150200,0.0,0.0
2005-12-21 00:00:00+09:00,336.3035280298762,340.15958813832685,336.3035280298762,339.8841552734375,211400,0.0,0.0
2005-12-22 00:00:00+09:00,330.79492445863406,332.44752191637906,328.31602827201647,328.5914611816406,394600,0.0,0.0
2005-12-23 00:00:00+09:00,328.5914611816406,328.5914611816406,328.5914611816406,328.5914611816406,0,0.0,0.0
2005-12-26 00:00:00+09:00,328.5914259690505,332.7229191706731,328.5914259690505,329.417724609375,326000,0.0,0.0
2005-12-27 00:00:00+09:00,331.89662761401655,332.1720605000033,329.1422987541492,329.9685974121094,175400,0.0,0.0
2005-12-28 00:00:00+09:00,329.1423616861167,331.62125813396193,329.1423616861167,331.3458251953125,133200,0.0,0.0
2005-12-29 00:00:00+09:00,332.4474441402214,334.9263397469008,331.62114560466165,333.27374267578125,181200,0.0,0.0
2005-12-30 00:00:00+09:00,338.5070025584737,338.5070025584737,335.20180806644623,336.0281066894531,104400,0.0,0.0
2006-01-02 00:00:00+09:00,336.0281066894531,336.0281066894531,336.0281066894531,336.0281066894531,0,0.0,0.0
2006-01-03 00:00:00+09:00,336.0281066894531,336.0281066894531,336.0281066894531,336.0281066894531,0,0.0,0.0
2006-01-04 00:00:00+09:00,342.63856644168976,343.1894323041362,338.78250540456463,341.5368347167969,107000,0.0,0.0
2006-01-05 00:00:00+09:00,346.21911136532367,346.21911136532367,342.6384841196998,343.46478271484375,161600,0.0,0.0
2006-01-06 00:00:00+09:00,344.29118001432397,346.2192106224042,342.6385823502552,344.0157470703125,157800,0.0,0.0
2006-01-09 00:00:00+09:00,344.0157470703125,344.0157470703125,344.0157470703125,344.0157470703125,0,0.0,0.0
2006-01-10 00:00:00+09:00,345.3927540642004,346.49448533713246,343.7401571548023,344.8418884277344,150400,0.0,0.0
2006-01-11 00:00:00+09:00,345.39288277087854,348.9735107421875,344.5665840082688,348.9735107421875,156600,0.0,0.0
2006-01-12 00:00:00+09:00,349.5242614746094,350.9014256254156,347.3207988333195,349.5242614746094,180600,0.0,0.0
2006-01-13 00:00:00+09:00,348.9733794488885,361.918721859384,347.5962153626656,359.9906921386719,248800,0.0,0.0
2006-01-16 00:00:00+09:00,360.2661630512186,366.3256856713461,355.30837181656875,364.1222229003906,237200,0.0,0.0
2006-01-17 00:00:00+09:00,363.5712632123162,365.22385986328123,349.7996244542739,351.1767883300781,197600,0.0,0.0
2006-01-18 00:00:00+09:00,347.04536203806543,351.1768544432805,331.6211237252625,340.98583984375,173400,0.0,0.0
2006-01-19 00:00:00+09:00,333.2737626700566,351.45233154296875,333.2737626700566,351.45233154296875,128400,0.0,0.0
2006-01-20 00:00:00+09:00,356.13474297979076,356.13474297979076,336.3035739971574,345.9437255859375,94000,0.0,0.0
2006-01-23 00:00:00+09:00,338.7823954297512,343.46475374056894,334.92633564437193,337.6806640625,101400,0.0,0.0
2006-01-24 00:00:00+09:00,349.24884136972327,357.5118265756316,344.56648308637523,356.41009521484375,198800,0.0,0.0
2006-01-25 00:00:00+09:00,363.8467853642543,388.91117406080775,363.571352521435,381.4744873046875,877000,0.0,0.0
2006-01-26 00:00:00+09:00,375.9056145494634,394.00477376851165,373.67802572250366,392.0556335449219,379400,7.5,0.0
2006-01-27 00:00:00+09:00,392.61253759626317,397.067715327852,389.82805151402016,390.38494873046875,240200,0.0,0.0
2006-01-30 00:00:00+09:00,390.66342716176376,395.1186052334588,390.66342716176376,391.7772216796875,176200,0.0,0.0
2006-01-31 00:00:00+09:00,393.1692452614001,412.9390869140625,393.1692452614001,412.9390869140625,337400,0.0,0.0
2006-02-01 00:00:00+09:00,405.14254760742193,406.81323852539066,403.7503051757813,405.1425476074219,169600,0.0,0.0
2006-02-02 00:00:00+09:00,405.1426068115234,421.8495184326172,395.6753568929036,417.67279052734375,271400,0.0,0.0
2006-02-03 00:00:00+09:00,409.3193359375,413.4960638552296,407.3701962425595,409.3193359375,97000,0.0,0.0
2006-02-06 00:00:00+09:00,414.8883346708695,426.02627654122836,414.8883346708695,421.84954833984375,154400,0.0,0.0
2006-02-07 00:00:00+09:00,423.2417995821712,425.46938800102475,407.92712920255315,411.8254089355469,169200,0.0,0.0
2006-02-08 00:00:00+09:00,407.92709329825675,422.406416746386,407.6486447704081,409.3193359375,242400,0.0,0.0
2006-02-09 00:00:00+09:00,412.1038212159864,416.28054913371597,409.3193359375,409.3193359375,195200,0.0,0.0
2006-02-10 00:00:00+09:00,409.3193359375,411.5469241602891,403.75036538052717,409.3193359375,144000,0.0,0.0
2006-02-13 00:00:00+09:00,406.53485911761146,406.53485911761146,391.49863830093267,395.11846923828125,103800,0.0,0.0
2006-02-14 00:00:00+09:00,378.68999945367136,398.181396484375,378.68999945367136,398.181396484375,136600,0.0,0.0
2006-02-15 00:00:00+09:00,400.9658946910261,400.9658946910261,389.8279531718309,394.84002685546875,79600,0.0,0.0
2006-02-16 00:00:00+09:00,394.0047293679756,398.1814579478481,391.2202436480606,396.7892150878906,98800,0.0,0.0
2006-02-17 00:00:00+09:00,390.1064169843235,398.1814249019148,380.08226922455503,380.3607177734375,69600,0.0,0.0
2006-02-20 00:00:00+09:00,375.0701713142814,383.98052430764227,375.0701713142814,380.0822448730469,74600,0.0,0.0
2006-02-21 00:00:00+09:00,378.6901028767786,387.04356102847225,376.1840654312705,386.4866638183594,59000,0.0,0.0
2006-02-22 00:00:00+09:00,385.6512330823973,387.87882143233173,377.29777677014323,384.8158874511719,71800,0.0,0.0
2006-02-23 00:00:00+09:00,382.86667474316897,389.8278870112266,382.86667474316897,386.76495361328125,77800,0.0,0.0
2006-02-24 00:00:00+09:00,384.81580810546876,395.1184020996094,384.53735961914066,389.827880859375,73600,0.0,0.0
2006-02-27 00:00:00+09:00,397.9030120083935,397.9030120083935,384.259031890541,388.4357604980469,39200,0.0,0.0
2006-02-28 00:00:00+09:00,396.78932238882635,396.78932238882635,384.5375819080486,390.6634521484375,70200,0.0,0.0
2006-03-01 00:00:00+09:00,388.43580847289866,390.6633973386931,381.75304187551546,390.38494873046875,66600,0.0,0.0
2006-03-02 00:00:00+09:00,390.6633973386931,395.3970236785062,388.714257081123,390.38494873046875,54600,0.0,0.0
2006-03-03 00:00:00+09:00,390.66325605180526,403.750335905287,383.14514634874126,400.9658508300781,140800,0.0,0.0
2006-03-06 00:00:00+09:00,400.9660089973598,403.75049517095255,392.6125504765814,402.0798034667969,43800,0.0,0.0
2006-03-07 00:00:00+09:00,401.8012831207746,401.8012831207746,395.1185174971443,397.0676574707031,46600,0.0,0.0
2006-03-08 00:00:00+09:00,392.89097090147857,401.2444288228424,392.89097090147857,397.9030456542969,43800,0.0,0.0
2006-03-09 00:00:00+09:00,400.1307168052936,412.1040089574353,397.90312756768583,403.75054931640625,82200,0.0,0.0
2006-03-10 00:00:00+09:00,398.1813657548692,405.1425784428914,398.1813657548692,400.9658508300781,67200,0.0,0.0
2006-03-13 00:00:00+09:00,406.5348812793302,408.76246966990186,400.965910302901,407.9271240234375,29600,0.0,0.0
2006-03-14 00:00:00+09:00,403.7503899816452,408.7624637883139,398.1814190853466,406.8133239746094,33400,0.0,0.0
2006-03-15 00:00:00+09:00,406.81347737993514,411.82555307660783,403.75054223196844,405.4212341308594,75000,0.0,0.0
2006-03-16 00:00:00+09:00,410.990045925824,411.82539154762446,404.58572949202056,407.0917663574219,41600,0.0,0.0
2006-03-17 00:00:00+09:00,408.7624388818027,409.3193359375,395.396909545068,409.3193359375,28000,0.0,0.0
2006-03-20 00:00:00+09:00,406.53487399320744,414.3314332204744,406.53487399320744,413.7745361328125,88000,0.0,0.0
2006-03-21 00:00:00+09:00,413.7745361328125,413.7745361328125,413.7745361328125,413.7745361328125,0,0.0,0.0
2006-03-22 00:00:00+09:00,413.4962047042278,413.4962047042278,411.26861572265625,411.26861572265625,50000,0.0,0.0
2006-03-23 00:00:00+09:00,411.8254447444793,416.55907054613994,411.8254447444793,414.33148193359375,62600,0.0,0.0
2006-03-24 00:00:00+09:00,414.053032907638,416.55907009403256,412.93923860257377,415.7237243652344,95800,0.0,0.0
2006-03-27 00:00:00+09:00,416.0021729415005,416.2806215177665,414.33148148390404,415.7237243652344,65800,0.0,0.0
2006-03-28 00:00:00+09:00,415.16682146122344,415.16682146122344,411.8254385923202,414.60992431640625,25600,0.0,0.0
2006-03-29 00:00:00+09:00,411.8255228033401,412.66086869137933,404.0289611816406,404.0289611816406,73800,0.0,0.0
2006-03-30 00:00:00+09:00,404.02873574666535,419.0649533416481,402.3580449027784,412.9390869140625,165200,0.0,0.0
2006-03-31 00:00:00+09:00,414.8883368002402,416.2805795411806,412.10385131835943,412.1038513183594,91800,0.0,0.0
2006-04-03 00:00:00+09:00,409.3193957396228,416.8375070899424,409.3193957396228,413.4961242675781,200600,0.0,0.0
2006-04-04 00:00:00+09:00,420.45740182631283,430.2031031931479,417.6729157215028,424.3556823730469,273000,0.0,0.0
2006-04-05 00:00:00+09:00,416.00218535333096,424.3556428905464,415.1668395996094,415.1668395996094,84400,0.0,0.0
2006-04-06 00:00:00+09:00,417.3944882488823,424.91260111260465,417.11603962429996,417.9513854980469,160800,0.0,0.0
2006-04-07 00:00:00+09:00,420.45745849609375,421.01435579211505,416.2807287759339,420.45745849609375,101600,0.0,0.0
2006-04-10 00:00:00+09:00,421.8495969828918,425.19097992929096,417.67286829989285,422.406494140625,170200,0.0,0.0
2006-04-11 00:00:00+09:00,420.73557670852836,424.07695786041603,415.4450565513728,417.3941955566406,94800,0.0,0.0
2006-04-12 00:00:00+09:00,417.67282820133505,423.24179924401955,412.3823057107848,413.2176513671875,66600,0.0,0.0
2006-04-13 00:00:00+09:00,417.1159811872777,417.6728783584223,408.2056264489647,410.9901123046875,52200,0.0,0.0
2006-04-14 00:00:00+09:00,410.99003421001555,412.103828340666,402.35812969747457,403.471923828125,152000,0.0,0.0
2006-04-17 00:00:00+09:00,412.10389893262,414.0530389951391,395.95388127174704,397.62457275390625,69400,0.0,0.0
2006-04-18 00:00:00+09:00,397.6245387261872,417.39438623988417,397.6245387261872,411.5469665527344,96000,0.0,0.0
2006-04-19 00:00:00+09:00,420.45732986329415,427.9754410595252,417.6728442350604,422.1280212402344,120000,0.0,0.0
2006-04-20 00:00:00+09:00,426.3046691178343,429.6460512402471,419.6219048730087,427.1400146484375,82000,0.0,0.0
2006-04-21 00:00:00+09:00,429.92459596136877,436.6073617017009,427.4185588087442,433.8228759765625,125600,0.0,0.0
2006-04-24 00:00:00+09:00,436.32891400162254,437.1642597208343,426.02631679801055,431.03839111328125,124400,0.0,0.0
2006-04-25 00:00:00+09:00,428.81072366376435,431.03831183864105,426.86158401074726,430.4814147949219,107400,0.0,0.0
2006-04-26 00:00:00+09:00,434.3797907722644,437.16427661054814,432.1522021016374,435.77203369140625,145200,0.0,0.0
2006-04-27 00:00:00+09:00,439.67032586311814,440.7841202288258,426.3047934746256,436.6073913574219,83600,0.0,0.0
2006-04-28 00:00:00+09:00,437.44262784141154,437.44262784141154,427.696929576326,430.4814147949219,82800,0.0,0.0
2006-05-01 00:00:00+09:00,431.87368612271337,441.61938503586293,431.87368612271337,440.2271423339844,113800,0.0,0.0
2006-05-02 00:00:00+09:00,440.50561558270505,445.23924103460513,434.3797473508343,439.1133728027344,106200,0.0,0.0
2006-05-03 00:00:00+09:00,439.11337280273443,439.11337280273443,439.11337280273443,439.1133728027344,0,0.0,0.0
2006-05-04 00:00:00+09:00,439.11337280273443,439.11337280273443,439.11337280273443,439.1133728027344,0,0.0,0.0
2006-05-05 00:00:00+09:00,439.11337280273443,439.11337280273443,439.11337280273443,439.1133728027344,0,0.0,0.0
2006-05-08 00:00:00+09:00,444.12532338601744,445.5175657790771,440.50549316406244,440.5054931640625,98600,0.0,0.0
2006-05-09 00:00:00+09:00,437.16417184023265,443.84693625052915,437.16417184023265,441.8977966308594,78400,0.0,0.0
2006-05-10 00:00:00+09:00,441.3407960367172,444.1252805542991,439.39165687441,442.45458984375,86600,0.0,0.0
2006-05-11 00:00:00+09:00,444.68238837391425,444.68238837391425,433.2659964369509,435.77203369140625,63000,0.0,0.0
2006-05-12 00:00:00+09:00,431.59531363424657,434.37979952866107,427.1401362031834,428.5323791503906,133600,0.0,0.0
2006-05-15 00:00:00+09:00,423.2418310673046,435.77201685548135,423.2418310673046,431.03839111328125,120000,0.0,0.0
2006-05-16 00:00:00+09:00,430.75992668775893,430.75992668775893,417.95129279788375,422.1280212402344,114200,0.0,0.0
2006-05-17 00:00:00+09:00,417.6728673908706,427.6970162082515,414.8883816082648,425.19097900390625,158400,0.0,0.0
2006-05-18 00:00:00+09:00,416.8375182209091,423.52028404409,410.7116495496599,417.115966796875,61200,0.0,0.0
2006-05-19 00:00:00+09:00,417.3944708480733,417.67291946104734,410.9901527496706,416.0022277832031,84200,0.0,0.0
2006-05-22 00:00:00+09:00,415.7237508248442,417.67289098276376,409.8763303510855,410.4332275390625,73800,0.0,0.0
2006-05-23 00:00:00+09:00,410.43322972188787,414.3315100584594,400.96597747592847,404.8642578125,62000,0.0,0.0
2006-05-24 00:00:00+09:00,399.29514144193854,406.53480230490254,398.73824445247976,404.5856628417969,32600,0.0,0.0
2006-05-25 00:00:00+09:00,399.01678933387944,409.8762832515496,398.45989220989634,404.30731201171875,33600,0.0,0.0
2006-05-26 00:00:00+09:00,406.53492649449174,422.9633927021459,406.53492649449174,418.2297668457031,61200,0.0,0.0
2006-05-29 00:00:00+09:00,423.24184855225104,423.24184855225104,411.2685594155755,415.1668395996094,29800,0.0,0.0
2006-05-30 00:00:00+09:00,409.3192749023438,409.3192749023438,401.24426879882816,406.5347900390625,56600,0.0,0.0
2006-05-31 00:00:00+09:00,400.96597237240485,407.9271871705369,395.39700053389925,402.35821533203125,40800,0.0,0.0
2006-06-01 00:00:00+09:00,402.35826940556217,409.5979337685688,402.35826940556217,404.0289611816406,26000,0.0,0.0
2006-06-02 00:00:00+09:00,406.81328748756675,412.103809364544,387.3218910987032,405.6994934082031,48800,0.0,0.0
2006-06-05 00:00:00+09:00,410.9900763576016,412.9392162861268,403.7504137659365,408.4840393066406,54000,0.0,0.0
2006-06-06 00:00:00+09:00,407.92709329825675,412.1038212159864,401.2443286298894,409.3193359375,39600,0.0,0.0
2006-06-07 00:00:00+09:00,403.75041488773564,410.99007749951573,402.915069201761,404.30731201171875,38000,0.0,0.0
2006-06-08 00:00:00+09:00,392.8909530158468,404.30734498866724,384.8159440594615,397.34613037109375,78800,0.0,0.0
2006-06-09 00:00:00+09:00,386.2080744511664,397.3460145939542,382.3097954011907,394.2830810546875,78000,0.0,0.0
2006-06-12 00:00:00+09:00,399.57364437084846,404.02882089345024,393.447776652271,403.471923828125,38600,0.0,0.0
2006-06-13 00:00:00+09:00,409.04094717109245,431.59528122205126,403.4719758004853,413.4961242675781,118400,0.0,0.0
2006-06-14 00:00:00+09:00,409.31942898184656,421.8496155833316,405.9780458881172,421.5711669921875,127400,0.0,0.0
2006-06-15 00:00:00+09:00,422.1279531231062,430.7598571777343,421.5710560873237,430.7598571777344,47000,0.0,0.0
2006-06-16 00:00:00+09:00,431.8738106781581,443.01175550544787,431.8738106781581,442.7333068847656,81000,0.0,0.0
2006-06-19 00:00:00+09:00,426.02640111343254,439.94883252236826,426.02640111343254,431.3169250488281,106800,0.0,0.0
2006-06-20 00:00:00+09:00,431.3168449818361,434.9366764761962,415.16682754546,433.54443359375,69200,0.0,0.0
2006-06-21 00:00:00+09:00,433.82284715108756,433.82284715108756,422.9633535446098,426.86163330078125,70200,0.0,0.0
2006-06-22 00:00:00+09:00,425.4695038570751,433.82296270243654,422.12812031893054,431.3169250488281,45400,0.0,0.0
2006-06-23 00:00:00+09:00,430.2030156089674,433.82284680826615,425.4693901944998,428.2538757324219,46600,0.0,0.0
2006-06-26 00:00:00+09:00,426.02629452278046,431.5952656930129,423.24180893766425,423.7987060546875,32600,0.0,0.0
2006-06-27 00:00:00+09:00,423.24178461178917,426.0262700368667,423.24178461178917,423.5202331542969,13800,0.0,0.0
2006-06-28 00:00:00+09:00,417.6727415943335,421.5710205158806,417.6727415943335,421.2925720214844,30400,0.0,0.0
2006-06-29 00:00:00+09:00,417.95125700831017,424.912470482799,417.95125700831017,419.6219482421875,37600,0.0,0.0
2006-06-30 00:00:00+09:00,423.24180893766425,426.02629452278046,417.95128632594344,423.7987060546875,25400,0.0,0.0
2006-07-03 00:00:00+09:00,425.7478770870241,425.7478770870241,419.9004569308256,422.406494140625,37600,0.0,0.0
2006-07-04 00:00:00+09:00,423.2417114822579,425.74774793182394,418.50808707752213,421.2925720214844,22600,0.0,0.0
2006-07-05 00:00:00+09:00,416.55894765676805,420.7356750731127,416.55894765676805,419.90032958984375,26400,0.0,0.0
2006-07-06 00:00:00+09:00,419.62189976224965,419.62189976224965,412.93913559881634,414.8882751464844,19200,0.0,0.0
2006-07-07 00:00:00+09:00,414.8883905257771,419.0651192894594,414.8883905257771,416.55908203125,22000,0.0,0.0
2006-07-10 00:00:00+09:00,416.55898483626436,416.83743335553993,404.0288014688634,412.66070556640625,38800,0.0,0.0
2006-07-11 00:00:00+09:00,415.72350498069676,417.3941955566406,409.3191911062453,417.3941955566406,42200,0.0,0.0
2006-07-12 00:00:00+09:00,406.5349384548761,410.71166727461804,389.82802317590864,401.2444152832031,80600,0.0,0.0
2006-07-13 00:00:00+09:00,397.9030892448894,416.0022500572881,395.39705159394185,408.2056884765625,85600,0.0,0.0
2006-07-14 00:00:00+09:00,398.7383836370026,407.3702899866863,395.6754491258245,402.35821533203125,22200,0.0,0.0
2006-07-17 00:00:00+09:00,402.35821533203125,402.35821533203125,402.35821533203125,402.35821533203125,0,0.0,0.0
2006-07-18 00:00:00+09:00,402.35813361001414,402.35813361001414,374.79172860835916,381.196044921875,64000,0.0,0.0
2006-07-19 00:00:00+09:00,381.4745550071739,384.25904081014596,364.7676401893414,379.8038635253906,59400,0.0,0.0
2006-07-20 00:00:00+09:00,390.9418068252692,397.6245727539063,387.87887244131053,397.62457275390625,21800,0.0,0.0
2006-07-21 00:00:00+09:00,384.25906372070307,390.1064842555833,377.2978487982266,384.2590637207031,38400,0.0,0.0
2006-07-24 00:00:00+09:00,368.10896423654225,379.8038027372493,368.10896423654225,378.41156005859375,29400,0.0,0.0
2006-07-25 00:00:00+09:00,381.4745483398438,387.04351984845465,373.6779882277886,381.47454833984375,35200,0.0,0.0
2006-07-26 00:00:00+09:00,387.79722895852694,387.79722895852694,371.77951732763125,377.9617919921875,43200,6.25,0.0
2006-07-27 00:00:00+09:00,378.24293750827593,381.61508851132146,375.1517990888175,381.3340759277344,16000,0.0,0.0
2006-07-28 00:00:00+09:00,381.33406310053596,384.9872265642847,379.3669750815944,384.4252014160156,14600,0.0,0.0
2006-07-31 00:00:00+09:00,390.0453695557716,390.0453695557716,380.2099315626505,382.7390441894531,42800,0.0,0.0
2006-08-01 00:00:00+09:00,383.020125184442,387.51632621375313,382.73911262011006,384.9872131347656,39400,0.0,0.0
2006-08-02 00:00:00+09:00,384.98711364966437,389.2023010253906,379.3668638153627,389.2023010253906,20800,0.0,0.0
2006-08-03 00:00:00+09:00,393.13658260477,393.13658260477,384.42519299737336,391.16949462890625,43800,0.0,0.0
2006-08-04 00:00:00+09:00,394.54172064692,394.82273326846337,387.7974177298786,390.6075439453125,35200,0.0,0.0
2006-08-07 00:00:00+09:00,386.39227595642535,391.7315146787323,382.1770874914462,384.9872131347656,50800,0.0,0.0
2006-08-08 00:00:00+09:00,384.9872915144447,396.2277963761803,383.86324102827115,390.6075439453125,61200,0.0,0.0
2006-08-09 00:00:00+09:00,387.7972696394507,398.1947326660156,387.7972696394507,398.1947326660156,39800,0.0,0.0
2006-08-10 00:00:00+09:00,397.63275353420136,397.63275353420136,390.6074398675193,393.6985778808594,17600,0.0,0.0
2006-08-11 00:00:00+09:00,393.4174806403176,401.28583025312395,391.16938075094436,399.8807678222656,24400,0.0,0.0
2006-08-14 00:00:00+09:00,400.1618823550359,400.7239074707031,393.9796060826969,400.7239074707031,13400,0.0,0.0
2006-08-15 00:00:00+09:00,395.3846784564811,400.16189205545777,395.1036658918354,399.037841796875,19600,0.0,0.0
2006-08-16 00:00:00+09:00,401.56696776088745,410.84038269168474,399.0378545979428,409.9973449707031,56200,0.0,0.0
2006-08-17 00:00:00+09:00,404.3770781959949,409.9973294565369,397.9137892463716,402.9720153808594,24600,0.0,0.0
2006-08-18 00:00:00+09:00,402.97198106458967,405.2200813773629,394.5416048916903,401.8479309082031,35000,0.0,0.0
2006-08-21 00:00:00+09:00,399.31876669037206,407.4681292758899,394.2605416372921,400.16180419921875,25400,0.0,0.0
2006-08-22 00:00:00+09:00,397.35178341979554,403.2530475299905,396.22773311309174,399.5998840332031,43400,0.0,0.0
2006-08-23 00:00:00+09:00,396.5086416608832,400.44281670216765,396.5086416608832,400.16180419921875,23800,0.0,0.0
2006-08-24 00:00:00+09:00,396.50872573584843,400.4429016113282,396.50872573584843,400.4429016113281,54200,0.0,0.0
2006-08-25 00:00:00+09:00,400.7239924778845,407.1872826791407,397.07082845108755,403.53411865234375,28200,0.0,0.0
2006-08-28 00:00:00+09:00,411.4022499809052,411.4022499809052,400.4427638133811,402.40985107421875,49200,0.0,0.0
2006-08-29 00:00:00+09:00,405.7820606785691,406.6250982007545,401.84788557503725,406.3440856933594,26800,0.0,0.0
2006-08-30 00:00:00+09:00,403.8150872666912,410.8404019373017,402.12901174574466,404.0960998535156,18400,0.0,0.0
2006-08-31 00:00:00+09:00,407.18723005117164,415.898620066069,404.6581168210401,413.3695068359375,51200,0.0,0.0
2006-09-01 00:00:00+09:00,407.7492303559274,412.5264439438328,406.0631549719608,408.0302429199219,13600,0.0,0.0
2006-09-04 00:00:00+09:00,410.2783889098997,417.30370378849386,410.2783889098997,415.05560302734375,14800,0.0,0.0
2006-09-05 00:00:00+09:00,409.43519148823384,421.51872836812,408.87316651707636,416.74151611328125,24200,0.0,0.0
2006-09-06 00:00:00+09:00,412.80748273799526,421.5188727753526,412.80748273799526,418.427734375,28600,0.0,0.0
2006-09-07 00:00:00+09:00,411.12139526534526,416.7416467385557,406.3441815131164,409.9973449707031,48400,0.0,0.0
2006-09-08 00:00:00+09:00,410.2783248704547,414.4935131396717,404.658073844832,413.9314880371094,63400,0.0,0.0
2006-09-11 00:00:00+09:00,414.212533575611,418.7087347541794,408.87329467606105,409.9973449707031,22800,0.0,0.0
2006-09-12 00:00:00+09:00,412.5264606198637,412.5264606198637,403.5340582085315,406.06317138671875,13600,0.0,0.0
2006-09-13 00:00:00+09:00,402.1290758110307,406.06325265334686,396.5088231791505,402.69110107421875,11600,0.0,0.0
2006-09-14 00:00:00+09:00,391.45059581045825,402.69110107421875,391.45059581045825,402.69110107421875,19200,0.0,0.0
2006-09-15 00:00:00+09:00,397.0707177435601,402.690968525493,397.0707177435601,401.8479309082031,9400,0.0,0.0
2006-09-18 00:00:00+09:00,401.8479309082031,401.8479309082031,401.8479309082031,401.8479309082031,0,0.0,0.0
2006-09-19 00:00:00+09:00,401.8479309082031,406.9061566119427,399.0378055172367,401.8479309082031,18000,0.0,0.0
2006-09-20 00:00:00+09:00,399.3189392089844,404.65817907173647,398.1948887115629,399.3189392089844,12200,0.0,0.0
2006-09-21 00:00:00+09:00,399.31878990889913,409.7162531225721,399.31878990889913,406.9061279296875,47800,0.0,0.0
2006-09-22 00:00:00+09:00,401.5670015293619,417.8657321722611,401.5670015293619,413.6505432128906,35400,0.0,0.0
2006-09-25 00:00:00+09:00,406.3441462742621,418.42768589375953,406.3441462742621,415.3365478515625,42800,0.0,0.0
2006-09-26 00:00:00+09:00,420.1138284617457,420.95686624461206,407.46826171875,407.46826171875,27200,0.0,0.0
2006-09-27 00:00:00+09:00,415.6176496291003,427.1391666235514,409.99739743668516,424.32904052734375,44200,0.0,0.0
2006-09-28 00:00:00+09:00,424.04793093281404,424.04793093281404,410.278316210675,418.14666748046875,29400,0.0,0.0
2006-09-29 00:00:00+09:00,413.3695212019797,421.51888633784466,413.3695212019797,417.86572265625,16200,0.0,0.0
2006-10-02 00:00:00+09:00,418.1467217931497,418.9897595387004,413.65052048354596,418.427734375,26600,0.0,0.0
2006-10-03 00:00:00+09:00,418.42764843469377,420.67574862776127,414.4934730968256,415.6175231933594,22000,0.0,0.0
2006-10-04 00:00:00+09:00,411.6833151439377,417.02255267822767,410.55926513671875,410.55926513671875,60200,0.0,0.0
2006-10-05 00:00:00+09:00,410.55937959286507,424.32899602000424,407.46824121126235,422.3619079589844,48400,0.0,0.0
2006-10-06 00:00:00+09:00,415.8984628971791,421.5187123957897,414.77441299745703,418.7085876464844,26800,0.0,0.0
2006-10-09 00:00:00+09:00,418.70858764648443,418.70858764648443,418.70858764648443,418.7085876464844,0,0.0,0.0
2006-10-10 00:00:00+09:00,421.5187123957897,424.32883714509495,418.4275751715539,418.7085876464844,41200,0.0,0.0
2006-10-11 00:00:00+09:00,424.32885464011184,424.32885464011184,402.4098806918147,419.2706298828125,67600,0.0,0.0
2006-10-12 00:00:00+09:00,419.5517982016014,421.51888633784466,413.9315463837635,417.86572265625,48000,0.0,0.0
2006-10-13 00:00:00+09:00,413.3694982420242,422.36190065109605,413.3694982420242,420.1138000488281,28000,0.0,0.0
2006-10-16 00:00:00+09:00,421.79977654060934,426.8580017089844,420.67572650319266,426.8580017089844,31800,0.0,0.0
2006-10-17 00:00:00+09:00,426.8580678507487,426.8580678507487,418.7087038167317,421.5188293457031,60400,0.0,0.0
2006-10-18 00:00:00+09:00,421.51876403125516,427.13901421833856,416.17952635352594,426.8580017089844,44000,0.0,0.0
2006-10-19 00:00:00+09:00,429.10625460305107,429.10625460305107,418.70878805405766,421.7999267578125,49200,0.0,0.0
2006-10-20 00:00:00+09:00,421.799882798693,422.9239331192758,420.6758324781102,422.3619079589844,30800,0.0,0.0
2006-10-23 00:00:00+09:00,421.51874307757254,426.29595549911835,420.1136806006473,425.1719055175781,63200,0.0,0.0
2006-10-24 00:00:00+09:00,427.13908870045736,429.949214284013,422.0808626500572,426.2960510253906,38600,0.0,0.0
2006-10-25 00:00:00+09:00,429.94904741223485,444.5616947752651,429.66803496294585,437.25537109375,163200,0.0,0.0
2006-10-26 00:00:00+09:00,449.620126730456,449.620126730456,427.70114555234625,431.35430908203125,102800,0.0,0.0
2006-10-27 00:00:00+09:00,431.35426651061454,431.35426651061454,415.8985761796153,425.4530029296875,70400,0.0,0.0
2006-10-30 00:00:00+09:00,428.54420759424454,429.6682579748196,414.4935778370562,415.05560302734375,110400,0.0,0.0
2006-10-31 00:00:00+09:00,408.0302429199218,415.0555570197827,397.9137906161221,408.0302429199219,85200,0.0,0.0
2006-11-01 00:00:00+09:00,408.31122640922126,425.17197904828066,408.03021386523693,422.0808410644531,49600,0.0,0.0
2006-11-02 00:00:00+09:00,423.20493837694653,423.20493837694653,413.08848566674067,420.1138000488281,54400,0.0,0.0
2006-11-03 00:00:00+09:00,420.11380004882807,420.11380004882807,420.11380004882807,420.1138000488281,0,0.0,0.0
2006-11-06 00:00:00+09:00,414.49341761202976,421.51872977494554,414.49341761202976,419.2706298828125,52000,0.0,0.0
2006-11-07 00:00:00+09:00,419.27077212055065,424.3289985938549,416.17963372019807,418.427734375,61200,0.0,0.0
2006-11-08 00:00:00+09:00,418.42774783803384,421.51888633784466,411.9644582475202,417.86572265625,62000,0.0,0.0
2006-11-09 00:00:00+09:00,431.91633830381124,431.91633830381124,414.7745708109469,418.427734375,46200,0.0,0.0
2006-11-10 00:00:00+09:00,418.42764736876194,418.42764736876194,412.80739690041054,413.0884094238281,56400,0.0,0.0
2006-11-13 00:00:00+09:00,411.4024103184472,411.4024103184472,404.6581085099481,406.06317138671875,29000,0.0,0.0
2006-11-14 00:00:00+09:00,409.9972530267178,421.23775345239886,404.3770028138772,416.4605407714844,42400,0.0,0.0
2006-11-15 00:00:00+09:00,418.42768589375953,418.70869844305014,415.3365478515625,415.3365478515625,15800,0.0,0.0
2006-11-16 00:00:00+09:00,415.3365537555082,418.42769184164524,411.12136545623036,412.52642822265625,44200,0.0,0.0
2006-11-17 00:00:00+09:00,412.80737336344737,414.7744609152133,404.9390231563837,406.3440856933594,25800,0.0,0.0
2006-11-20 00:00:00+09:00,395.10375599254263,398.7569201660157,384.706288729581,386.3923645019531,51800,0.0,0.0
2006-11-21 00:00:00+09:00,386.67327584743845,394.54162739084563,386.67327584743845,388.0783386230469,25200,0.0,0.0
2006-11-22 00:00:00+09:00,383.0202297634549,399.03795030381946,379.9290907118056,394.541748046875,30800,0.0,0.0
2006-11-23 00:00:00+09:00,394.541748046875,394.541748046875,394.541748046875,394.541748046875,0,0.0,0.0
2006-11-24 00:00:00+09:00,389.48340957052204,395.3846733518936,384.42518347220357,392.8555603027344,23800,0.0,0.0
2006-11-27 00:00:00+09:00,398.47570539140736,402.9719051701539,392.8554556679743,399.8807678222656,29200,0.0,0.0
2006-11-28 00:00:00+09:00,390.6073790989565,401.8478792169121,388.6402915783143,400.16180419921875,23800,0.0,0.0
2006-11-29 00:00:00+09:00,402.12897698653376,405.2201151744107,389.4834116724918,400.4429016113281,28600,0.0,0.0
2006-11-30 00:00:00+09:00,399.037841796875,404.65809308978874,394.54164076254403,399.037841796875,26200,0.0,0.0
2006-12-01 00:00:00+09:00,400.44283277986756,401.56688283679347,394.82258249523784,398.1947326660156,36600,0.0,0.0
2006-12-04 00:00:00+09:00,395.6656484757163,406.06311224958097,395.6656484757163,402.1289367675781,44200,0.0,0.0
2006-12-05 00:00:00+09:00,402.410007907115,406.0631713867187,399.31886957821956,406.06317138671875,46400,0.0,0.0
2006-12-06 00:00:00+09:00,408.5922598489901,421.5188375333461,408.3112472906346,414.7745361328125,59400,0.0,0.0
2006-12-07 00:00:00+09:00,419.2707118606058,421.51881219229807,416.1795739045289,420.956787109375,47800,0.0,0.0
2006-12-08 00:00:00+09:00,416.74165780944617,418.98975845845194,410.5593810246803,413.3695068359375,49600,0.0,0.0
2006-12-11 00:00:00+09:00,424.61000860014997,424.61000860014997,419.5517821575274,422.3619079589844,29600,0.0,0.0
2006-12-12 00:00:00+09:00,418.14673701165464,431.3543288393077,418.14673701165464,427.982177734375,22600,0.0,0.0
2006-12-13 00:00:00+09:00,434.7264569369229,435.56949466853945,431.0732934332513,432.7593688964844,30000,0.0,0.0
2006-12-14 00:00:00+09:00,433.3212505076979,438.6604877059121,427.4199883412507,431.0731506347656,50400,0.0,0.0
2006-12-15 00:00:00+09:00,428.82510654868304,437.25548216890616,421.5187810111563,427.4200439453125,40200,0.0,0.0
2006-12-18 00:00:00+09:00,426.858007907558,434.4453457702993,426.858007907558,433.040283203125,21400,0.0,0.0
2006-12-19 00:00:00+09:00,437.8174824940254,438.09849499883546,433.0402699122549,433.602294921875,53400,0.0,0.0
2006-12-20 00:00:00+09:00,438.098673173183,440.0657615068663,433.0404460294259,433.88348388671875,53000,0.0,0.0
2006-12-21 00:00:00+09:00,438.09853743280246,439.50360009294616,434.1643619844001,436.9744873046875,21600,0.0,0.0
2006-12-22 00:00:00+09:00,438.3796204405945,438.3796204405945,428.54418023840174,432.7593688964844,20200,0.0,0.0
2006-12-25 00:00:00+09:00,432.75926794765223,437.81749315742996,432.75926794765223,434.4453430175781,15200,0.0,0.0
2006-12-26 00:00:00+09:00,436.97448446811774,438.3795471191406,435.56942181709485,438.3795471191406,38600,0.0,0.0
2006-12-27 00:00:00+09:00,430.51107231081295,439.78448313735134,430.51107231081295,437.25537109375,27200,0.0,0.0
2006-12-28 00:00:00+09:00,437.2554574844054,437.2554574844054,432.7592574074449,433.602294921875,18400,0.0,0.0
2006-12-29 00:00:00+09:00,435.5693503806302,436.69340031709635,431.0731506347656,431.0731506347656,7400,0.0,0.0
2007-01-04 00:00:00+09:00,432.1972506607822,438.09851351115697,429.38712549393705,436.6934509277344,8200,0.0,0.0
2007-01-05 00:00:00+09:00,436.41245455701807,438.66055477366723,429.3871413799895,434.72637939453125,24400,0.0,0.0
2007-01-09 00:00:00+09:00,434.7264683471132,439.2226697004124,432.1973550858824,438.66064453125,37600,0.0,0.0
2007-01-10 00:00:00+09:00,439.22270218698606,439.503714792352,419.2708072060033,427.13916015625,38600,0.0,0.0
2007-01-11 00:00:00+09:00,430.23022758913856,438.0985792367518,425.73402664764524,428.8251647949219,31600,0.0,0.0
2007-01-12 00:00:00+09:00,429.9491664341518,438.3795422465861,427.42005369042147,434.72637939453125,36800,0.0,0.0
2007-01-15 00:00:00+09:00,438.379716665583,441.1898430544649,433.60250180448367,438.9417419433594,35000,0.0,0.0
2007-01-16 00:00:00+09:00,438.37943986942605,442.59462679124744,438.37943986942605,440.3465270996094,98800,0.0,0.0
2007-01-17 00:00:00+09:00,440.34669310353434,441.7517559404952,436.97454229482827,439.78466796875,68600,0.0,0.0
2007-01-18 00:00:00+09:00,440.0656909164117,441.7517663605359,438.3796154722875,440.6277160644531,69400,0.0,0.0
2007-01-19 00:00:00+09:00,441.1896628895025,442.5947255101697,437.2554875516343,440.06561279296875,53400,0.0,0.0
2007-01-22 00:00:00+09:00,441.18965119468663,441.18965119468663,436.4124384110499,436.6934509277344,35000,0.0,0.0
2007-01-23 00:00:00+09:00,422.9239054203343,438.379596316094,422.9239054203343,432.47833251953125,39400,0.0,0.0
2007-01-24 00:00:00+09:00,432.7593534866182,433.3213786210164,425.7340393066406,425.7340393066406,56800,0.0,0.0
2007-01-25 00:00:00+09:00,430.23022384743814,432.7593368550325,427.4200982834444,427.70111083984375,45600,0.0,0.0
2007-01-26 00:00:00+09:00,435.2195168778567,435.5032323386636,425.8569066712274,428.6940612792969,43200,7.25,0.0
2007-01-29 00:00:00+09:00,429.828992326871,431.5312853657893,426.14069074254803,430.39642333984375,21400,0.0,0.0
2007-01-30 00:00:00+09:00,430.68010522684915,435.2195529762758,429.2615278051534,432.9498291015625,36800,0.0,0.0
2007-01-31 00:00:00+09:00,435.50323526964047,436.3543816577896,426.140625,426.140625,47200,0.0,0.0
2007-02-01 00:00:00+09:00,430.68012436620444,430.68012436620444,424.72209893030833,428.410400390625,19600,0.0,0.0
2007-02-02 00:00:00+09:00,430.9639040896767,431.53133516813574,427.2756020796926,431.24761962890625,39600,0.0,0.0
2007-02-05 00:00:00+09:00,422.73609523093376,427.27554323341354,421.88494873046875,421.88494873046875,41800,0.0,0.0
2007-02-06 00:00:00+09:00,420.4663664760968,434.6521413234685,420.4663664760968,428.410400390625,31800,0.0,0.0
2007-02-07 00:00:00+09:00,435.2195492466052,435.2195492466052,421.6012061150296,424.7220764160156,47200,0.0,0.0
2007-02-08 00:00:00+09:00,424.4384323846726,430.96388956705727,417.06182861328125,417.06182861328125,50600,0.0,0.0
2007-02-09 00:00:00+09:00,417.3454565820573,426.9917825669587,417.06174111191314,425.28948974609375,38600,0.0,0.0
2007-02-13 00:00:00+09:00,428.41036416650786,429.82894153129763,417.34546072114773,418.7640380859375,38400,0.0,0.0
2007-02-14 00:00:00+09:00,424.1546131778338,430.3963533048655,423.0197513365554,423.303466796875,26400,0.0,0.0
2007-02-15 00:00:00+09:00,423.3033984085696,430.96371459960943,423.3033984085696,430.9637145996094,58800,0.0,0.0
2007-02-16 00:00:00+09:00,429.82898273480845,429.82898273480845,420.7500867298488,421.88494873046875,39200,0.0,0.0
2007-02-19 00:00:00+09:00,421.3176230924675,425.2896410879521,421.03390752136147,423.8710632324219,13000,0.0,0.0
2007-02-20 00:00:00+09:00,419.6151428222656,422.73601271479095,419.3314273774906,419.6151428222656,23000,0.0,0.0
2007-02-21 00:00:00+09:00,419.61520552313874,426.42437721519775,418.4803435744622,421.0337829589844,29000,0.0,0.0
2007-02-22 00:00:00+09:00,425.00578544739096,426.70807831300135,423.87092353698404,424.4383544921875,31200,0.0,0.0
2007-02-23 00:00:00+09:00,424.7220635149391,424.7220635149391,420.46633141559107,424.1546325683594,32200,0.0,0.0
2007-02-26 00:00:00+09:00,425.57319047943196,425.57319047943196,420.4663121936788,423.303466796875,19800,0.0,0.0
2007-02-27 00:00:00+09:00,423.5872124427852,426.7080827286999,417.91290283203125,417.91290283203125,44000,0.0,0.0
2007-02-28 00:00:00+09:00,404.2947082519531,410.820166700932,403.44356149773853,404.2947082519531,51800,0.0,0.0
2007-03-01 00:00:00+09:00,406.28061245498066,411.9549226847988,397.7691471102534,403.7271728515625,39400,0.0,0.0
2007-03-02 00:00:00+09:00,401.7412982055314,403.72730744807285,395.783270477907,396.0669860839844,33600,0.0,0.0
2007-03-05 00:00:00+09:00,392.9459493402646,393.2296648271529,369.9649949023141,373.93701171875,72800,0.0,0.0
2007-03-06 00:00:00+09:00,381.59734625565375,388.4065182334498,376.77418277138156,382.7322082519531,75000,0.0,0.0
2007-03-07 00:00:00+09:00,397.2016179748855,397.2016179748855,379.3275451660156,379.3275451660156,87600,0.0,0.0
2007-03-08 00:00:00+09:00,381.02985712705697,389.82503625657205,380.4624262154754,389.54132080078125,31600,0.0,0.0
2007-03-09 00:00:00+09:00,389.25768401899273,391.81112363719313,385.00195132199207,388.9739685058594,87600,0.0,0.0
2007-03-12 00:00:00+09:00,394.0808410644532,395.49941860608186,391.5274014895215,394.0808410644531,43400,0.0,0.0
2007-03-13 00:00:00+09:00,398.62020124855457,398.62020124855457,392.94589233398443,392.9458923339844,38000,0.0,0.0
2007-03-14 00:00:00+09:00,387.27164153370524,387.5553570220083,380.7461853027344,380.7461853027344,39200,0.0,0.0
2007-03-15 00:00:00+09:00,382.16475151657613,386.4204837160926,380.74617411673734,381.5973205566406,55200,0.0,0.0
2007-03-16 00:00:00+09:00,385.85306576825815,387.27164321593557,380.46247146708396,382.1647644042969,39200,0.0,0.0
2007-03-19 00:00:00+09:00,384.7181895005519,387.83905976936165,383.58332758462103,385.5693359375,65600,0.0,0.0
2007-03-20 00:00:00+09:00,391.81115083556244,395.21573722949927,387.27170231031334,391.5274353027344,65600,0.0,0.0
2007-03-22 00:00:00+09:00,407.1317803488237,407.1317803488237,396.06687482017975,400.6063232421875,54200,0.0,0.0
2007-03-23 00:00:00+09:00,396.0668269312659,398.3365508678347,384.43449175635044,390.39251708984375,197200,0.0,0.0
2007-03-26 00:00:00+09:00,396.06688236860793,396.06688236860793,387.5554164151278,390.1088562011719,97000,0.0,0.0
2007-03-27 00:00:00+09:00,390.39255132024294,390.39255132024294,381.3136547779117,382.4485168457031,100200,0.0,0.0
2007-03-28 00:00:00+09:00,383.0159812331726,389.82515423287344,382.4485501498642,385.28570556640625,43000,0.0,0.0
2007-03-29 00:00:00+09:00,385.8530116273089,388.12273522511657,384.43443437867904,387.8390197753906,77800,0.0,0.0
2007-03-30 00:00:00+09:00,390.67620676112944,394.9319388609239,388.4064829745724,389.25762939453125,86600,0.0,0.0
2007-04-02 00:00:00+09:00,394.64819056881373,394.64819056881373,387.8390197753906,387.8390197753906,59600,0.0,0.0
2007-04-03 00:00:00+09:00,383.86706695556643,387.83908390854344,373.6533090764826,374.50445556640625,210400,0.0,0.0
2007-04-04 00:00:00+09:00,385.8530640921898,386.1367795804929,380.17875432612817,380.7461853027344,98600,0.0,0.0
2007-04-05 00:00:00+09:00,379.04393937594983,379.32765489943483,371.66733576534006,373.36962890625,215400,0.0,0.0
2007-04-06 00:00:00+09:00,374.5044539418964,376.7741779051806,372.2347299786121,373.08587646484375,61800,0.0,0.0
2007-04-09 00:00:00+09:00,375.3556454610897,379.0439473439273,373.0859212254973,375.0719299316406,138200,0.0,0.0
2007-04-10 00:00:00+09:00,375.9229890158404,383.8670219912695,373.93698077198314,383.2995910644531,137000,0.0,0.0
2007-04-11 00:00:00+09:00,383.8670392029267,384.15075467905604,376.49043682356523,377.3415832519531,65000,0.0,0.0
2007-04-12 00:00:00+09:00,377.34154811327244,378.4764099121094,372.23467001850634,378.4764099121094,81600,0.0,0.0
2007-04-13 00:00:00+09:00,379.0439083713717,381.59734787387345,378.19276187053777,378.76019287109375,90400,0.0,0.0
2007-04-16 00:00:00+09:00,381.31356163905434,382.73213887729486,380.1786998484619,381.02984619140625,53400,0.0,0.0
2007-04-17 00:00:00+09:00,384.4344866506744,384.4344866506744,378.7601768846128,380.7461853027344,89000,0.0,0.0
2007-04-18 00:00:00+09:00,380.7461518937795,384.15073745467765,379.61129004014674,383.2995910644531,77600,0.0,0.0
2007-04-19 00:00:00+09:00,383.0159478795988,383.5833789134945,379.32764615927675,382.4485168457031,68400,0.0,0.0
2007-04-20 00:00:00+09:00,383.86712785813523,385.5694211080604,381.3136879832474,385.28570556640625,43000,0.0,0.0
2007-04-23 00:00:00+09:00,390.9599823541386,392.66227545582575,377.6253530575896,382.4485168457031,109400,0.0,0.0
2007-04-24 00:00:00+09:00,385.5694352034684,387.271728515625,382.4485641311813,387.271728515625,62600,0.0,0.0
2007-04-25 00:00:00+09:00,383.86699332178165,385.00185509065614,379.6112616885025,384.7181396484375,46200,0.0,0.0
2007-04-26 00:00:00+09:00,391.5273675357594,391.5273675357594,382.44847205666935,385.8530578613281,76800,0.0,0.0
2007-04-27 00:00:00+09:00,386.70415514436837,388.9738787255532,380.1786998484619,381.02984619140625,75000,0.0,0.0
2007-05-01 00:00:00+09:00,381.02984619140625,383.2995697725911,381.02984619140625,381.02984619140625,34000,0.0,0.0
2007-05-02 00:00:00+09:00,381.02993440345904,384.1508050500994,381.02993440345904,383.5833740234375,45600,0.0,0.0
2007-05-07 00:00:00+09:00,383.29956243734443,384.7181396484375,381.5972697840328,384.7181396484375,65600,0.0,0.0
2007-05-08 00:00:00+09:00,383.299671302694,384.4345333938937,383.01595577989406,384.15081787109375,22000,0.0,0.0
2007-05-09 00:00:00+09:00,384.15078092520093,384.43449642071437,382.7322034476337,383.8670654296875,71600,0.0,0.0
2007-05-10 00:00:00+09:00,383.2995910644531,383.5833065278613,381.02986735718764,383.2995910644531,57200,0.0,0.0
2007-05-11 00:00:00+09:00,382.73222748344466,383.86708953676845,382.44851197011377,383.5833740234375,48000,0.0,0.0
2007-05-14 00:00:00+09:00,383.583349934174,384.43449642071437,383.01591894314714,383.8670654296875,47800,0.0,0.0
2007-05-15 00:00:00+09:00,381.59734787387345,381.59734787387345,378.7601928710937,378.76019287109375,47400,0.0,0.0
2007-05-16 00:00:00+09:00,377.62537612972704,377.90909166400934,373.0859275812104,375.35565185546875,44800,0.0,0.0
2007-05-17 00:00:00+09:00,373.6533187307963,374.7881807466833,372.2347412109375,372.2347412109375,50000,0.0,0.0
2007-05-18 00:00:00+09:00,370.5324144026468,371.099845358853,368.8301215340282,369.3975524902344,82800,0.0,0.0
2007-05-21 00:00:00+09:00,368.2627273992859,374.5044685416467,364.85814132163455,369.6813049316406,55000,0.0,0.0
2007-05-22 00:00:00+09:00,369.68121529208776,372.51836966884974,365.99291460229716,371.09979248046875,37400,0.0,0.0
2007-05-23 00:00:00+09:00,371.0999036853896,372.5184812988659,363.7233000953131,366.5604553222656,114400,0.0,0.0
2007-05-24 00:00:00+09:00,369.68131592167066,375.92305724958834,369.39760040676526,374.22076416015625,31800,0.0,0.0
2007-05-25 00:00:00+09:00,368.8301980586175,372.8022155761719,365.1418960780313,372.8022155761719,34400,0.0,0.0
2007-05-28 00:00:00+09:00,375.92308292403334,375.92308292403334,373.0859275812104,375.35565185546875,38200,0.0,0.0
2007-05-29 00:00:00+09:00,374.50444269252654,375.3555891531914,371.95100331053203,373.93701171875,25400,0.0,0.0
2007-05-30 00:00:00+09:00,371.6672861603318,374.50444101651755,369.11384678976464,372.5184326171875,27200,0.0,0.0
2007-05-31 00:00:00+09:00,374.220741680793,375.92303466796875,373.65331068506777,375.92303466796875,34000,0.0,0.0
2007-06-01 00:00:00+09:00,377.0579307115549,377.0579307115549,373.36962890625,373.36962890625,27800,0.0,0.0
2007-06-04 00:00:00+09:00,372.2347427866363,373.9370358176727,371.66731177629083,373.6533203125,38000,0.0,0.0
2007-06-05 00:00:00+09:00,371.6672878236438,375.07187366630313,369.1138484416493,373.93701171875,46000,0.0,0.0
2007-06-06 00:00:00+09:00,370.24864616744014,372.2346542311735,370.24864616744014,371.09979248046875,23000,0.0,0.0
2007-06-07 00:00:00+09:00,370.24884666454557,370.8162778471732,369.1139842992902,370.5325622558594,39600,0.0,0.0
2007-06-08 00:00:00+09:00,369.11395263671875,370.8162460385791,368.830237069742,369.11395263671875,75200,0.0,0.0
2007-06-11 00:00:00+09:00,368.8301215340282,370.5324144026468,367.4115441435127,369.3975524902344,39600,0.0,0.0
2007-06-12 00:00:00+09:00,367.69530609013026,370.5324612297146,367.4115905761719,367.4115905761719,31600,0.0,0.0
2007-06-13 00:00:00+09:00,369.3975524902344,374.5044310960902,368.8301215340282,369.3975524902344,65800,0.0,0.0
2007-06-14 00:00:00+09:00,372.80214977119687,374.50444269252654,371.95100331053203,373.93701171875,32800,0.0,0.0
2007-06-15 00:00:00+09:00,374.78817267651823,375.92303466796875,373.36959518720516,375.92303466796875,17800,0.0,0.0
2007-06-18 00:00:00+09:00,374.5044571786556,376.77418116155656,374.5044571786556,375.92303466796875,36200,0.0,0.0
2007-06-19 00:00:00+09:00,375.0718865596887,375.35560205632993,374.50445556640625,374.50445556640625,23600,0.0,0.0
2007-06-20 00:00:00+09:00,374.50446198872777,375.63932399475425,374.50446198872777,374.7881774902344,24000,0.0,0.0
2007-06-21 00:00:00+09:00,373.08587968934256,375.92303466796875,373.08587968934256,375.92303466796875,16000,0.0,0.0
2007-06-22 00:00:00+09:00,365.709268751878,368.83013916015625,364.0069758019081,368.83013916015625,122000,0.0,0.0
2007-06-25 00:00:00+09:00,369.11389502652287,369.96504159460864,365.99302427687513,366.5604553222656,57400,0.0,0.0
2007-06-26 00:00:00+09:00,370.2487571173039,370.2487571173039,365.4255932314846,366.5604553222656,77400,0.0,0.0
2007-06-27 00:00:00+09:00,365.1418791854023,368.8301809953558,364.5744481377171,367.9790344238281,46600,0.0,0.0
2007-06-28 00:00:00+09:00,361.1697536468506,363.15576171875,360.88603820800785,363.15576171875,87400,0.0,0.0
2007-06-29 00:00:00+09:00,363.1558724668745,364.00701904296875,359.4675706371328,364.00701904296875,76000,0.0,0.0
2007-07-02 00:00:00+09:00,366.5603469848633,366.5603469848633,360.602322769165,363.15576171875,70400,0.0,0.0
2007-07-03 00:00:00+09:00,363.1557356974922,363.43945111600584,359.7511506753282,362.0208740234375,116000,0.0,0.0
2007-07-04 00:00:00+09:00,357.7651977539062,359.7512059888605,357.19776682963357,357.76519775390625,102600,0.0,0.0
2007-07-05 00:00:00+09:00,357.4814794345165,360.88606495294044,357.4814794345165,360.3186340332031,64200,0.0,0.0
2007-07-06 00:00:00+09:00,358.90020116975035,361.1699257621282,357.7653388735614,358.6164855957031,72400,0.0,0.0
2007-07-09 00:00:00+09:00,358.6164437093035,360.31873695475906,358.049012627485,359.46759033203125,62800,0.0,0.0
2007-07-10 00:00:00+09:00,358.6164855957031,358.90020116975035,357.4816232995142,358.6164855957031,49000,0.0,0.0
2007-07-11 00:00:00+09:00,358.0489077744093,358.0489077744093,350.6723058709746,353.50946044921875,123600,0.0,0.0
2007-07-12 00:00:00+09:00,353.5096424726783,355.4956517000529,349.8213396218398,352.091064453125,150000,0.0,0.0
2007-07-13 00:00:00+09:00,353.22585558681317,356.06301105337394,350.67241566690853,354.3607177734375,77000,0.0,0.0
2007-07-17 00:00:00+09:00,356.9140607463961,357.19777621598786,354.36062152007054,355.4954833984375,83400,0.0,0.0
2007-07-18 00:00:00+09:00,353.22584782889646,354.64442553102054,350.95612350549794,352.6584167480469,123000,0.0,0.0
2007-07-19 00:00:00+09:00,353.2258464215453,353.2258464215453,350.95612210718997,351.2398376464844,69400,0.0,0.0
2007-07-20 00:00:00+09:00,353.22584782889646,353.5095633693213,351.5235545863476,352.6584167480469,95000,0.0,0.0
2007-07-23 00:00:00+09:00,350.956107863946,351.52353891950617,349.25381469726557,349.2538146972656,102600,0.0,0.0
2007-07-24 00:00:00+09:00,350.104708298259,351.8070002348794,349.5372776527189,351.5232849121094,58600,0.0,0.0
2007-07-25 00:00:00+09:00,348.97006386204765,351.80721885279604,348.402632863898,350.3886413574219,106600,0.0,0.0
2007-07-26 00:00:00+09:00,348.8110139614046,353.68748372895715,348.8110139614046,350.2452697753906,91000,6.75,0.0
2007-07-27 00:00:00+09:00,346.2292853489605,347.089838667972,343.647625391926,344.5081787109375,84000,0.0,0.0
2007-07-30 00:00:00+09:00,338.4844195489456,339.0581219549607,330.4525858647333,338.7712707519531,107200,0.0,0.0
2007-07-31 00:00:00+09:00,333.6078749838913,336.47638637670207,333.6078749838913,334.7552795410156,94200,0.0,0.0
2007-08-01 00:00:00+09:00,332.74736382988067,335.04217323560397,330.1657032484419,331.8868103027344,95600,0.0,0.0
2007-08-02 00:00:00+09:00,337.6238075112397,337.6238075112397,332.7473379040255,334.46844482421875,80800,0.0,0.0
2007-08-03 00:00:00+09:00,334.18161729577287,334.4684684694173,327.2971891283063,332.46051025390625,65000,0.0,0.0
2007-08-06 00:00:00+09:00,326.4365607487439,326.4365607487439,321.2732408071996,324.7154541015625,78000,0.0,0.0
2007-08-07 00:00:00+09:00,323.8549245773037,330.1656494140625,323.5680734483601,330.1656494140625,92400,0.0,0.0
2007-08-08 00:00:00+09:00,326.149773332714,326.149773332714,317.8310895801646,324.1418151855469,93600,0.0,0.0
2007-08-09 00:00:00+09:00,303.7753694864144,307.50443445650257,302.05426257714294,305.2096252441406,202600,0.0,0.0
2007-08-10 00:00:00+09:00,291.72760473705114,295.45666949770174,288.57224224726986,290.5802001953125,181200,0.0,0.0
2007-08-13 00:00:00+09:00,288.85912153963557,298.0383587683032,286.56431223246864,287.42486572265625,402400,0.0,0.0
2007-08-14 00:00:00+09:00,285.7037261111803,290.58019533195346,285.4168749805466,287.99853515625,208800,0.0,0.0
2007-08-15 00:00:00+09:00,287.4248396975135,287.4248396975135,281.1141146742148,282.5483703613281,164800,0.0,0.0
2007-08-16 00:00:00+09:00,273.0822777035362,274.2296822317023,271.6480220433285,272.5085754394531,202200,0.0,0.0
2007-08-17 00:00:00+09:00,272.50850533698986,272.7953563952393,258.45280348276617,258.7396545410156,230400,0.0,0.0
2007-08-20 00:00:00+09:00,271.93491885536594,272.5086212158203,259.60031810559724,261.6082763671875,214400,0.0,0.0
2007-08-21 00:00:00+09:00,267.63207948104196,270.21373941172726,263.61616403330925,263.90301513671875,126800,0.0,0.0
2007-08-22 00:00:00+09:00,266.7715477121287,269.35320785127834,265.62414320584,266.1978454589844,82200,0.0,0.0
2007-08-23 00:00:00+09:00,269.06631029133075,270.2137145996094,268.2057570601218,270.2137145996094,80800,0.0,0.0
2007-08-24 00:00:00+09:00,269.63998627815164,271.074241524312,268.20573103199126,269.0662841796875,40800,0.0,0.0
2007-08-27 00:00:00+09:00,271.07431490793743,272.508570542371,269.9269104003906,269.9269104003906,70800,0.0,0.0
2007-08-28 00:00:00+09:00,268.77950792745173,271.07431695991664,265.3372943787544,265.6241455078125,62600,0.0,0.0
2007-08-29 00:00:00+09:00,268.2059071476298,268.2059071476298,265.62424600931035,267.0585021972656,88800,0.0,0.0
2007-08-30 00:00:00+09:00,267.05841531928434,267.3452664635585,265.3373084536391,265.9110107421875,131200,0.0,0.0
2007-08-31 00:00:00+09:00,271.64802683332044,275.3770916156152,269.06636659942404,275.0902404785156,138400,0.0,0.0
2007-09-03 00:00:00+09:00,280.54038381674854,281.1140860331427,276.2376171937923,278.2455749511719,112600,0.0,0.0
2007-09-04 00:00:00+09:00,278.53241190403486,279.9666673721298,275.090198780607,277.9587097167969,111200,0.0,0.0
2007-09-05 00:00:00+09:00,277.9587306738889,280.2535395958612,274.51651729093055,276.52447509765625,153000,0.0,0.0
2007-09-06 00:00:00+09:00,275.3771057451162,275.3771057451162,268.77952925330607,271.6480407714844,140800,0.0,0.0
2007-09-07 00:00:00+09:00,271.07435228425186,277.09822677945743,271.07435228425186,275.6639709472656,109200,0.0,0.0
2007-09-10 00:00:00+09:00,271.36109844501203,282.2614385516827,271.0742473895733,279.6797790527344,184400,0.0,0.0
2007-09-11 00:00:00+09:00,278.5324776616321,281.68784043637766,276.5245195322485,280.5404357910156,104400,0.0,0.0
2007-09-12 00:00:00+09:00,283.1221008300781,286.5643148219332,281.1141426681627,283.1221008300781,80200,0.0,0.0
2007-09-13 00:00:00+09:00,282.54831153039163,284.84312015195826,278.2455453649542,281.974609375,50000,0.0,0.0
2007-09-14 00:00:00+09:00,284.8431381043934,289.43275563679043,281.9746271466452,289.1459045410156,151200,0.0,0.0
2007-09-18 00:00:00+09:00,287.7117216610956,290.29338217450527,284.8432099795294,286.2774658203125,87000,0.0,0.0
2007-09-19 00:00:00+09:00,294.02244211634775,294.88299560546875,290.867079322904,294.88299560546875,76800,0.0,0.0
2007-09-20 00:00:00+09:00,296.6040742216054,296.89092535721625,293.4487117298862,294.30926513671875,57600,0.0,0.0
2007-09-21 00:00:00+09:00,294.0223979949951,301.19367599487305,291.15388679504395,298.3251647949219,86200,0.0,0.0
2007-09-25 00:00:00+09:00,309.22551245093916,312.09402369816496,298.03831858675863,300.9068298339844,213000,0.0,0.0
2007-09-26 00:00:00+09:00,315.536310508407,322.99444148406025,306.6439235758973,320.41278076171875,260800,0.0,0.0
2007-09-27 00:00:00+09:00,321.27328262665196,326.72345438549695,316.10996201300935,325.5760498046875,270000,0.0,0.0
2007-09-28 00:00:00+09:00,325.5759812754097,326.4365345298821,319.2652574092784,323.5680236816406,281200,0.0,0.0
2007-10-01 00:00:00+09:00,317.83101211200767,344.7950149446148,317.5441610180438,340.49224853515625,268600,0.0,0.0
2007-10-02 00:00:00+09:00,341.35291742874404,345.6556852954929,338.4844055175781,338.4844055175781,219800,0.0,0.0
2007-10-03 00:00:00+09:00,338.48430770352246,345.0818831926589,337.6237543788525,343.9344787597656,212200,0.0,0.0
2007-10-04 00:00:00+09:00,345.65566570065096,360.28507561827183,339.3449398538341,343.0740051269531,433400,0.0,0.0
2007-10-05 00:00:00+09:00,351.96630859375,356.5559263097239,349.9583508430114,351.96630859375,143200,0.0,0.0
2007-10-09 00:00:00+09:00,351.6794787943604,359.71131028395433,350.81892542047535,354.2611389160156,119600,0.0,0.0
2007-10-10 00:00:00+09:00,357.7033296024472,357.7033296024472,344.5081787109375,344.5081787109375,158800,0.0,0.0
2007-10-11 00:00:00+09:00,350.245366516851,356.55609384147897,345.94259788642285,355.9823913574219,129600,0.0,0.0
2007-10-12 00:00:00+09:00,351.9663767521739,351.9663767521739,350.2452697753906,350.2452697753906,129600,0.0,0.0
2007-10-15 00:00:00+09:00,346.5160669004522,355.6953004607291,346.22921585169354,354.8347473144531,162600,0.0,0.0
2007-10-16 00:00:00+09:00,352.53996280623073,352.53996280623073,348.5240478515625,348.5240478515625,162600,0.0,0.0
2007-10-17 00:00:00+09:00,350.53209976234024,350.53209976234024,347.950439453125,347.950439453125,162600,0.0,0.0
2007-10-18 00:00:00+09:00,348.52411642344856,355.69539453915735,345.08190292790835,354.2611389160156,142000,0.0,0.0
2007-10-19 00:00:00+09:00,357.1296667163917,357.1296667163917,353.97430419921875,353.97430419921875,142000,0.0,0.0
2007-10-22 00:00:00+09:00,336.76322641475736,347.3767182182889,334.18156624633076,345.0819091796875,65800,0.0,0.0
2007-10-23 00:00:00+09:00,341.6397118083162,341.6397118083162,341.0660095214844,341.0660095214844,65800,0.0,0.0
2007-10-24 00:00:00+09:00,341.63967851467163,345.94244524659445,332.17359170444144,337.9106140136719,81800,0.0,0.0
2007-10-25 00:00:00+09:00,335.32888456618025,335.32888456618025,332.17352294921875,332.17352294921875,81800,0.0,0.0
2007-10-26 00:00:00+09:00,333.8947985526843,335.61590576171875,333.8947985526843,335.61590576171875,81800,0.0,0.0
2007-10-29 00:00:00+09:00,329.87890682187964,345.3688728813418,329.87890682187964,336.7633361816406,62800,0.0,0.0
2007-10-30 00:00:00+09:00,335.6158050899797,337.9106140136718,335.6158050899797,337.9106140136719,62800,0.0,0.0
2007-10-31 00:00:00+09:00,332.1736793130131,343.64772695767675,332.1736793130131,338.4844055175781,85800,0.0,0.0
2007-11-01 00:00:00+09:00,341.0660095214844,341.0660095214844,341.0660095214844,341.0660095214844,85800,0.0,0.0
2007-11-02 00:00:00+09:00,341.0659878874478,341.0659878874478,335.0421142578125,335.0421142578125,85800,0.0,0.0
2007-11-05 00:00:00+09:00,335.9027200529422,335.9027200529422,321.5601615536705,326.1497802734375,46400,0.0,0.0
2007-11-06 00:00:00+09:00,331.59987608143985,331.59987608143985,325.86285400390625,325.86285400390625,46400,0.0,0.0
2007-11-07 00:00:00+09:00,323.0624244617403,323.0624244617403,321.5600280761719,321.5600280761719,46400,0.0,0.0
2007-11-08 00:00:00+09:00,315.5362220944164,316.10992431640625,315.5362220944164,316.10992431640625,46400,0.0,0.0
2007-11-09 00:00:00+09:00,317.83106636089053,317.83106636089053,314.9625549316406,314.9625549316406,46400,0.0,0.0
2007-11-12 00:00:00+09:00,316.6836542693662,316.6836542693662,305.4964599609375,305.4964599609375,46400,0.0,0.0
2007-11-13 00:00:00+09:00,306.07015242116614,306.07015242116614,300.33312988281256,300.3331298828125,46400,0.0,0.0
2007-11-14 00:00:00+09:00,302.62796947696114,307.7912902832031,302.62796947696114,307.7912902832031,46400,0.0,0.0
2007-11-15 00:00:00+09:00,301.1937483099714,306.6439208984375,301.1937483099714,306.6439208984375,46400,0.0,0.0
2007-11-16 00:00:00+09:00,289.7196067325653,289.7196067325653,289.1459045410156,289.1459045410156,46400,0.0,0.0
2007-11-19 00:00:00+09:00,289.4327761871646,289.4327761871646,283.98260498046875,283.98260498046875,46400,0.0,0.0
2007-11-20 00:00:00+09:00,275.3771172195184,279.96673583984375,275.3771172195184,279.96673583984375,46400,0.0,0.0
2007-11-21 00:00:00+09:00,279.7002743227803,279.7002743227803,276.811279296875,276.811279296875,46400,0.0,0.0
2007-11-22 00:00:00+09:00,279.67989393695046,281.4010009765625,279.67989393695046,281.4010009765625,46400,0.0,0.0
2007-11-26 00:00:00+09:00,298.6120660510474,298.6120660510474,282.835251802433,286.2774658203125,108200,0.0,0.0
2007-11-27 00:00:00+09:00,284.26947977238063,289.43280029296875,284.26947977238063,289.43280029296875,46400,0.0,0.0
2007-11-28 00:00:00+09:00,288.85901310959696,288.85901310959696,287.71160888671875,287.71160888671875,46400,0.0,0.0
2007-11-29 00:00:00+09:00,292.87499274680835,292.87499274680835,290.8670349121094,290.8670349121094,46400,0.0,0.0
2007-11-30 00:00:00+09:00,290.72157506845065,292.30126953125,290.72157506845065,292.30126953125,46400,0.0,0.0
2007-12-03 00:00:00+09:00,294.8829536217486,297.75146484375,294.8829536217486,297.75146484375,46400,0.0,0.0
2007-12-04 00:00:00+09:00,296.8909537467511,297.75150723587217,294.88299560546875,294.88299560546875,61800,0.0,0.0
2007-12-05 00:00:00+09:00,296.03032136556743,311.2334289550781,296.03032136556743,311.2334289550781,61800,0.0,0.0
2007-12-06 00:00:00+09:00,310.08602602949765,310.08602602949765,306.93066406249994,306.9306640625,61800,0.0,0.0
2007-12-07 00:00:00+09:00,313.8150479917173,313.8150479917173,309.79913330078125,309.79913330078125,61800,0.0,0.0
2007-12-10 00:00:00+09:00,310.6598157838823,311.8072204589844,310.6598157838823,311.8072204589844,61800,0.0,0.0
2007-12-11 00:00:00+09:00,314.67573667094655,314.67573667094655,314.3888854980469,314.3888854980469,61800,0.0,0.0
2007-12-12 00:00:00+09:00,317.54421530104673,318.69161987304693,317.54421530104673,318.6916198730469,61800,0.0,0.0
2007-12-13 00:00:00+09:00,309.51231938367454,309.51231938367454,308.07806396484375,308.07806396484375,61800,0.0,0.0
2007-12-14 00:00:00+09:00,307.21752638906804,307.50437748747055,303.7753132082382,304.0621643066406,78200,0.0,0.0
2007-12-17 00:00:00+09:00,304.63593026094657,304.63593026094657,296.0303955078125,296.0303955078125,78200,0.0,0.0
2007-12-18 00:00:00+09:00,289.7196989293811,306.0702165917323,289.7196989293811,303.4885559082031,84200,0.0,0.0
2007-12-19 00:00:00+09:00,302.0541687011719,302.0541687011719,302.0541687011719,302.0541687011719,78200,0.0,0.0
2007-12-20 00:00:00+09:00,288.2853490244044,289.7196044921875,288.2853490244044,289.7196044921875,78200,0.0,0.0
2007-12-21 00:00:00+09:00,289.71966905538744,289.71966905538744,248.12625122070312,248.12625122070312,78200,0.0,0.0
2007-12-25 00:00:00+09:00,244.1103563905466,244.1103563905466,242.96295166015625,242.96295166015625,78200,0.0,0.0
2007-12-26 00:00:00+09:00,246.4051245194447,249.2736358642578,245.8314222504821,249.2736358642578,78200,0.0,0.0
2007-12-27 00:00:00+09:00,249.27367084824687,251.85533142089847,249.27367084824687,251.85533142089844,78200,0.0,0.0
2007-12-28 00:00:00+09:00,250.1342117115078,250.1342117115078,245.5445931479939,247.55255126953125,57000,0.0,0.0
2008-01-04 00:00:00+09:00,245.2577603277332,245.2577603277332,238.08648078598662,239.52073669433594,122000,0.0,0.0
2008-01-07 00:00:00+09:00,238.94689422461755,240.3811492919922,238.94689422461755,240.3811492919922,78200,0.0,0.0
2008-01-08 00:00:00+09:00,237.79962158203128,237.79962158203128,237.79962158203128,237.79962158203125,78200,0.0,0.0
2008-01-09 00:00:00+09:00,234.35732691922635,239.23379516601562,234.35732691922635,239.23379516601562,78200,0.0,0.0
2008-01-10 00:00:00+09:00,236.65216064453125,236.65216064453125,236.65216064453125,236.65216064453125,78200,0.0,0.0
2008-01-11 00:00:00+09:00,236.65215096822598,236.65215096822598,235.2178955078125,235.2178955078125,78200,0.0,0.0
2008-01-15 00:00:00+09:00,235.5047727117733,235.5047727117733,224.8912811279297,224.8912811279297,78200,0.0,0.0
2008-01-16 00:00:00+09:00,222.0227565302682,222.0227565302682,212.26981890490757,212.84352111816406,206000,0.0,0.0
2008-01-17 00:00:00+09:00,218.29368591308594,218.29368591308594,218.29368591308594,218.29368591308594,206000,0.0,0.0
2008-01-18 00:00:00+09:00,214.27781194149296,223.74390001922959,214.27781194149296,222.8833465576172,130000,0.0,0.0
2008-01-21 00:00:00+09:00,225.46492649958682,226.03862860263922,222.59641598432492,223.7438201904297,184400,0.0,0.0
2008-01-22 00:00:00+09:00,218.00684502784242,219.15424947535737,214.2777805734188,215.7120361328125,190800,0.0,0.0
2008-01-23 00:00:00+09:00,220.43497348599195,221.73587036132812,220.43497348599195,221.73587036132812,190800,0.0,0.0
2008-01-24 00:00:00+09:00,221.7359339584539,232.34942626953128,221.7359339584539,232.34942626953125,190800,0.0,0.0
2008-01-25 00:00:00+09:00,238.0864292130937,238.94698257169526,234.9310668982214,237.2258758544922,263400,0.0,0.0
2008-01-28 00:00:00+09:00,234.73191255247937,234.73191255247937,231.50434875488278,231.5043487548828,263400,9.25,0.0
2008-01-29 00:00:00+09:00,232.0911042370192,233.85159301757815,232.0911042370192,233.85159301757812,263400,0.0,0.0
2008-01-30 00:00:00+09:00,233.85156496415226,236.1988830566406,233.85156496415226,236.19888305664062,263400,0.0,0.0
2008-01-31 00:00:00+09:00,242.06719970703125,242.06719970703125,242.06719970703125,242.06719970703125,263400,0.0,0.0
2008-02-01 00:00:00+09:00,242.0672117564071,242.0672117564071,238.54623413085935,238.54623413085938,263400,0.0,0.0
2008-02-04 00:00:00+09:00,241.48041051076558,245.0013885498047,241.48041051076558,245.0013885498047,263400,0.0,0.0
2008-02-05 00:00:00+09:00,243.24088337848906,243.8277130126953,243.24088337848906,243.8277130126953,263400,0.0,0.0
2008-02-06 00:00:00+09:00,236.49236701294097,237.95944124999397,236.1989521655304,236.78578186035156,109800,0.0,0.0
2008-02-07 00:00:00+09:00,236.7857534022419,239.13307189941406,236.7857534022419,239.13307189941406,109800,0.0,0.0
2008-02-08 00:00:00+09:00,240.30671098188918,242.06719970703125,240.30671098188918,242.06719970703125,109800,0.0,0.0
2008-02-12 00:00:00+09:00,239.13309340129237,239.13309340129237,237.37260437011722,237.3726043701172,109800,0.0,0.0
2008-02-13 00:00:00+09:00,238.25282793687168,238.25282793687168,235.3186798095703,235.3186798095703,109800,0.0,0.0
2008-02-14 00:00:00+09:00,239.13310501855113,242.65408325195312,239.13310501855113,242.65408325195312,109800,0.0,0.0
2008-02-15 00:00:00+09:00,242.9474953871507,246.4684735811674,241.18700629014236,244.12115478515625,103000,0.0,0.0
2008-02-18 00:00:00+09:00,243.24082369749573,255.2708282470703,243.24082369749573,255.2708282470703,103000,0.0,0.0
2008-02-19 00:00:00+09:00,260.845766680273,260.845766680273,259.3786926269531,259.3786926269531,103000,0.0,0.0
2008-02-20 00:00:00+09:00,256.15118249441156,256.15118249441156,253.80386352539062,253.80386352539062,103000,0.0,0.0
2008-02-21 00:00:00+09:00,255.85772899280897,258.2050476074219,255.85772899280897,258.2050476074219,103000,0.0,0.0
2008-02-22 00:00:00+09:00,261.13917647325485,262.3128356933594,261.13917647325485,262.3128356933594,103000,0.0,0.0
2008-02-25 00:00:00+09:00,265.8337685075209,267.5942570406833,264.9535242409397,267.30084228515625,103000,0.0,0.0
2008-02-26 00:00:00+09:00,257.6182861328125,257.6182861328125,257.6182861328125,257.6182861328125,103000,0.0,0.0
2008-02-27 00:00:00+09:00,257.61824292815135,261.13922119140625,257.61824292815135,261.13922119140625,103000,0.0,0.0
2008-02-28 00:00:00+09:00,264.3668212890625,267.8878000409701,264.0734063930702,264.3668212890625,93000,0.0,0.0
2008-02-29 00:00:00+09:00,258.49853818710534,263.1931767920925,255.56438905898838,257.0314636230469,80600,0.0,0.0
2008-03-03 00:00:00+09:00,251.1630589535362,251.1630589535362,250.86964416503906,250.86964416503906,80600,0.0,0.0
2008-03-04 00:00:00+09:00,250.28281458804483,250.86964416503906,250.28281458804483,250.86964416503906,80600,0.0,0.0
2008-03-05 00:00:00+09:00,246.17507293520595,247.93556213378906,246.17507293520595,247.93556213378906,80600,0.0,0.0
2008-03-06 00:00:00+09:00,251.45656327848081,253.51046752929688,251.45656327848081,253.51046752929688,80600,0.0,0.0
2008-03-07 00:00:00+09:00,253.51037391754517,253.51037391754517,243.53427124023435,243.53427124023438,80600,0.0,0.0
2008-03-10 00:00:00+09:00,239.13310249347734,239.13310249347734,231.21090155197564,234.14505004882812,60000,0.0,0.0
2008-03-11 00:00:00+09:00,230.91751039799172,235.90556335449216,230.91751039799172,235.9055633544922,60000,0.0,0.0
2008-03-12 00:00:00+09:00,236.7857616574822,236.7857616574822,230.33063556520884,230.91746520996094,60000,0.0,0.0
2008-03-13 00:00:00+09:00,224.4623291722596,230.03721055039415,220.06110703162705,227.98330688476562,133400,0.0,0.0
2008-03-14 00:00:00+09:00,230.03718935766182,230.03718935766182,222.114990234375,222.114990234375,133400,0.0,0.0
2008-03-17 00:00:00+09:00,220.0610647088454,222.99521223829666,218.59399094411975,222.70179748535156,133400,0.0,0.0
2008-03-18 00:00:00+09:00,238.25280418395997,238.25280418395997,234.73182678222656,234.73182678222656,133400,0.0,0.0
2008-03-19 00:00:00+09:00,239.13307189941406,239.13307189941406,239.13307189941406,239.13307189941406,133400,0.0,0.0
2008-03-21 00:00:00+09:00,239.71995182550333,240.01336669921875,239.71995182550333,240.01336669921875,133400,0.0,0.0
2008-03-24 00:00:00+09:00,239.13311614087348,247.93556213378906,239.13311614087348,247.93556213378906,133400,0.0,0.0
2008-03-25 00:00:00+09:00,243.24083073170672,244.41448974609372,243.24083073170672,244.41448974609375,133400,0.0,0.0
2008-03-26 00:00:00+09:00,246.7618786285971,251.16310119628906,246.7618786285971,251.16310119628906,133400,0.0,0.0
2008-03-27 00:00:00+09:00,248.22892159475407,249.98941040039062,248.22892159475407,249.98941040039062,133400,0.0,0.0
2008-03-28 00:00:00+09:00,250.57630028304882,259.965576171875,250.57630028304882,259.965576171875,133400,0.0,0.0
2008-03-31 00:00:00+09:00,256.15112478781066,262.3128356933594,256.15112478781066,262.3128356933594,133400,0.0,0.0
2008-04-01 00:00:00+09:00,263.1931400993036,266.1272888183594,263.1931400993036,266.1272888183594,133400,0.0,0.0
2008-04-02 00:00:00+09:00,266.127248551183,268.18115234375,266.127248551183,268.18115234375,133400,0.0,0.0
2008-04-03 00:00:00+09:00,263.1930357077773,267.30084228515625,263.1930357077773,267.30084228515625,133400,0.0,0.0
2008-04-04 00:00:00+09:00,263.77998130136035,263.77998130136035,260.2590026855469,260.2590026855469,133400,0.0,0.0
2008-04-07 00:00:00+09:00,258.205039935405,262.60626220703125,258.205039935405,262.60626220703125,133400,0.0,0.0
2008-04-08 00:00:00+09:00,254.68407200099708,254.9774868304913,251.74992370605472,251.7499237060547,26000,0.0,0.0
2008-04-09 00:00:00+09:00,251.74994808048396,251.74994808048396,248.5223846435547,248.5223846435547,26000,0.0,0.0
2008-04-10 00:00:00+09:00,243.53424548530347,244.41448974609372,241.77375696372297,244.41448974609375,38200,0.0,0.0
2008-04-11 00:00:00+09:00,244.41452783103878,252.63014221191403,244.41452783103878,252.63014221191406,38200,0.0,0.0
2008-04-14 00:00:00+09:00,241.77388066830844,242.94754028320315,241.77388066830844,242.94754028320312,38200,0.0,0.0
2008-04-15 00:00:00+09:00,245.8815635140775,245.8815635140775,244.41448974609372,244.41448974609375,38200,0.0,0.0
2008-04-16 00:00:00+09:00,244.4144674543739,251.4564208984375,244.4144674543739,251.4564208984375,38200,0.0,0.0
2008-04-17 00:00:00+09:00,256.7380487102352,257.0314636230469,256.7380487102352,257.0314636230469,38200,0.0,0.0
2008-04-18 00:00:00+09:00,259.96551023210793,262.899658203125,259.96551023210793,262.899658203125,38200,0.0,0.0
2008-04-21 00:00:00+09:00,267.3009059139698,267.3009059139698,265.8338317871094,265.8338317871094,38200,0.0,0.0
2008-04-22 00:00:00+09:00,264.3666900097011,266.42059326171875,264.3666900097011,266.42059326171875,38200,0.0,0.0
2008-04-23 00:00:00+09:00,267.0074275296292,267.30084228515625,267.0074275296292,267.30084228515625,38200,0.0,0.0
2008-04-24 00:00:00+09:00,267.59432073934187,267.59432073934187,265.8338317871094,265.8338317871094,38200,0.0,0.0
2008-04-25 00:00:00+09:00,265.8338150774846,268.47454833984375,265.8338150774846,268.47454833984375,38200,0.0,0.0
2008-04-28 00:00:00+09:00,275.51651973478783,275.51651973478783,273.4626159667969,273.4626159667969,38200,0.0,0.0
2008-04-30 00:00:00+09:00,271.99555346130177,273.75604248046875,271.99555346130177,273.75604248046875,38200,0.0,0.0
2008-05-01 00:00:00+09:00,273.46261140065764,274.3428558579559,272.28895212426,272.5823669433594,30000,0.0,0.0
2008-05-02 00:00:00+09:00,271.99551368875706,275.8099060058594,271.99551368875706,275.8099060058594,30000,0.0,0.0
2008-05-07 00:00:00+09:00,275.5165333600911,276.1033630371094,275.5165333600911,276.1033630371094,30000,0.0,0.0
2008-05-08 00:00:00+09:00,276.10334938278527,276.10334938278527,273.4626159667969,273.4626159667969,35600,0.0,0.0
2008-05-09 00:00:00+09:00,265.5404357910156,265.5404357910156,265.5404357910156,265.5404357910156,35600,0.0,0.0
2008-05-12 00:00:00+09:00,261.1391952189993,264.07334347988694,261.1391952189993,262.0194396972656,55600,0.0,0.0
2008-05-13 00:00:00+09:00,264.073344758616,268.18115234375,264.073344758616,268.18115234375,55600,0.0,0.0
2008-05-14 00:00:00+09:00,277.57046065426584,278.4507052440785,276.6902160644531,276.6902160644531,73200,0.0,0.0
2008-05-15 00:00:00+09:00,280.50452833663957,280.7979431152344,280.50452833663957,280.7979431152344,73200,0.0,0.0
2008-05-16 00:00:00+09:00,281.6782476963141,281.6782476963141,274.63629150390625,274.63629150390625,73200,0.0,0.0
2008-05-19 00:00:00+09:00,275.8099152321039,277.5704040527344,275.8099152321039,277.5704040527344,73200,0.0,0.0
2008-05-20 00:00:00+09:00,275.5165566113696,276.6902160644531,275.5165566113696,276.6902160644531,73200,0.0,0.0
2008-05-21 00:00:00+09:00,277.27704301665096,278.15728759765625,277.27704301665096,278.15728759765625,73200,0.0,0.0
2008-05-22 00:00:00+09:00,278.4506601980143,278.4506601980143,277.86383056640625,277.86383056640625,73200,0.0,0.0
2008-05-23 00:00:00+09:00,280.21115826409607,280.21115826409607,279.62432861328125,279.62432861328125,73200,0.0,0.0
2008-05-26 00:00:00+09:00,277.2770205188028,277.2770205188028,273.75604248046875,273.75604248046875,73200,0.0,0.0
2008-05-27 00:00:00+09:00,273.462602179332,273.462602179332,270.8218688964844,270.8218688964844,73200,0.0,0.0
2008-05-28 00:00:00+09:00,274.0494456147943,275.51651973478783,272.5823714948008,273.4626159667969,45200,0.0,0.0
2008-05-29 00:00:00+09:00,278.15729038080764,278.15729038080764,276.6902160644531,276.6902160644531,45200,0.0,0.0
2008-05-30 00:00:00+09:00,278.7441047032674,281.6782531738281,278.7441047032674,281.6782531738281,45200,0.0,0.0
2008-06-02 00:00:00+09:00,284.6124340088899,285.199263769733,283.4387744872038,284.0256042480469,46000,0.0,0.0
2008-06-03 00:00:00+09:00,283.73211669921875,283.73211669921875,283.73211669921875,283.73211669921875,46000,0.0,0.0
2008-06-04 00:00:00+09:00,285.19924373587867,288.1333923339844,285.19924373587867,288.1333923339844,46000,0.0,0.0
2008-06-05 00:00:00+09:00,289.0136369134161,289.0136369134161,288.1333923339844,288.1333923339844,46000,0.0,0.0
2008-06-06 00:00:00+09:00,291.94775390625,291.94775390625,291.94775390625,291.94775390625,46000,0.0,0.0
2008-06-09 00:00:00+09:00,284.02559856890656,287.25316218900775,283.1453539452426,286.9597473144531,48200,0.0,0.0
2008-06-10 00:00:00+09:00,286.9596837646236,288.4267578125,286.9596837646236,288.4267578125,48200,0.0,0.0
2008-06-11 00:00:00+09:00,288.4267811731639,289.01361083984375,288.4267811731639,289.01361083984375,48200,0.0,0.0
2008-06-12 00:00:00+09:00,291.36092876671313,298.98971441417996,291.06751393411827,292.8280029296875,109200,0.0,0.0
2008-06-13 00:00:00+09:00,283.4387675727051,290.7741394042969,283.4387675727051,290.7741394042969,109200,0.0,0.0
2008-06-16 00:00:00+09:00,290.18721360426684,293.70819091796875,290.18721360426684,293.70819091796875,109200,0.0,0.0
2008-06-17 00:00:00+09:00,293.41479444596735,301.0435791015625,293.41479444596735,301.0435791015625,109200,0.0,0.0
2008-06-18 00:00:00+09:00,299.57652638753257,300.1633560180664,296.64237823486326,299.2831115722656,47800,0.0,0.0
2008-06-19 00:00:00+09:00,304.85798289959246,305.1513977050781,304.85798289959246,305.1513977050781,47800,0.0,0.0
2008-06-20 00:00:00+09:00,317.76826067243303,317.76826067243303,308.0855712890625,308.0855712890625,47800,0.0,0.0
2008-06-23 00:00:00+09:00,308.0854706416856,312.780106384797,308.0854706416856,310.1393737792969,45200,0.0,0.0
2008-06-24 00:00:00+09:00,311.3131786198747,311.3131786198747,310.7263488769531,310.7263488769531,45200,0.0,0.0
2008-06-25 00:00:00+09:00,309.8460633398981,316.5946044921875,308.37898917635687,316.5946044921875,103800,0.0,0.0
2008-06-26 00:00:00+09:00,320.1155326278121,320.1155326278121,316.8879699707031,316.8879699707031,103800,0.0,0.0
2008-06-27 00:00:00+09:00,313.0736104140171,315.4209289550781,313.0736104140171,315.4209289550781,103800,0.0,0.0
2008-06-30 00:00:00+09:00,318.9419860839844,318.9419860839844,318.9419860839844,318.9419860839844,103800,0.0,0.0
2008-07-01 00:00:00+09:00,318.9419107830492,320.1155700683594,318.9419107830492,320.1155700683594,103800,0.0,0.0
2008-07-02 00:00:00+09:00,308.96580862183083,308.96580862183083,308.6723937988281,308.6723937988281,103800,0.0,0.0
2008-07-03 00:00:00+09:00,308.67242256252246,308.67242256252246,306.3251037597656,306.3251037597656,103800,0.0,0.0
2008-07-04 00:00:00+09:00,306.61849521629637,306.61849521629637,305.7382507324219,305.7382507324219,103800,0.0,0.0
2008-07-07 00:00:00+09:00,297.81603042393516,302.51066735672623,297.81603042393516,299.86993408203125,35800,0.0,0.0
2008-07-08 00:00:00+09:00,290.18725078838605,293.41481373952075,290.18725078838605,293.12139892578125,35800,0.0,0.0
2008-07-09 00:00:00+09:00,294.0016656992387,294.0016656992387,287.5465393066406,287.5465393066406,35800,0.0,0.0
2008-07-10 00:00:00+09:00,284.61237541983064,286.07944951993284,282.5584716796875,282.5584716796875,46600,0.0,0.0
2008-07-11 00:00:00+09:00,281.06328361379155,281.0914001464844,281.06328361379155,281.0914001464844,46600,0.0,0.0
2008-07-14 00:00:00+09:00,284.3189677894425,284.3189677894425,281.9716491699219,281.9716491699219,46600,0.0,0.0
2008-07-15 00:00:00+09:00,283.7321498815334,283.7321498815334,282.26507568359375,282.26507568359375,46600,0.0,0.0
2008-07-16 00:00:00+09:00,279.3308692222603,280.7979431152344,279.3308692222603,280.7979431152344,23600,0.0,0.0
2008-07-17 00:00:00+09:00,280.7980477469308,283.43878173828125,280.7980477469308,283.43878173828125,23600,0.0,0.0
2008-07-18 00:00:00+09:00,277.27696345402643,278.45062255859375,277.27696345402643,278.45062255859375,23600,0.0,0.0
2008-07-22 00:00:00+09:00,278.74413640045924,284.0256042480469,275.80998759624384,284.0256042480469,33400,0.0,0.0
2008-07-23 00:00:00+09:00,287.54656261436327,288.1333923339844,287.54656261436327,288.1333923339844,33400,0.0,0.0
2008-07-24 00:00:00+09:00,289.3070204538316,291.94775390625,287.54653148555275,291.94775390625,45800,0.0,0.0
2008-07-25 00:00:00+09:00,286.95975894168157,287.253173828125,286.95975894168157,287.253173828125,45800,0.0,0.0
2008-07-28 00:00:00+09:00,286.06118098009887,286.95512217066164,283.97531820211896,286.3591613769531,60200,7.5,0.0
2008-07-29 00:00:00+09:00,282.78339976519186,286.0611841671066,276.5258113615364,282.18743896484375,62800,0.0,0.0
2008-07-30 00:00:00+09:00,285.1672466266266,288.7430114746094,285.1672466266266,288.7430114746094,62800,0.0,0.0
2008-07-31 00:00:00+09:00,287.5510694081909,287.5510694081909,286.9551086425781,286.9551086425781,62800,0.0,0.0
2008-08-01 00:00:00+09:00,287.2530955647872,287.2530955647872,283.9753112792969,283.9753112792969,62800,0.0,0.0
2008-08-04 00:00:00+09:00,277.12179898705165,278.313720703125,277.12179898705165,278.313720703125,62800,0.0,0.0
2008-08-05 00:00:00+09:00,275.6318664550781,275.6318664550781,275.6318664550781,275.6318664550781,62800,0.0,0.0
2008-08-06 00:00:00+09:00,279.80358582503646,283.9753112792969,279.80358582503646,283.9753112792969,62800,0.0,0.0
2008-08-07 00:00:00+09:00,276.82373782944654,279.20758056640625,276.82373782944654,279.20758056640625,62800,0.0,0.0
2008-08-08 00:00:00+09:00,275.03588271090433,282.18741162213047,274.43992196830214,280.697509765625,26800,0.0,0.0
2008-08-11 00:00:00+09:00,284.57125536600745,286.0611572265625,284.57125536600745,286.0611572265625,26800,0.0,0.0
2008-08-12 00:00:00+09:00,281.59146468682087,282.78338623046875,281.59146468682087,282.78338623046875,26800,0.0,0.0
2008-08-13 00:00:00+09:00,275.92988421287373,276.52584508590365,271.460177665149,275.33392333984375,21400,0.0,0.0
2008-08-14 00:00:00+09:00,274.7379047447761,274.7379047447761,273.8439636230469,273.8439636230469,21400,0.0,0.0
2008-08-15 00:00:00+09:00,271.16223710768946,276.2279052734375,271.16223710768946,276.2279052734375,21400,0.0,0.0
2008-08-18 00:00:00+09:00,289.6369831108608,293.5107287697509,288.1470809343646,291.42486572265625,55000,0.0,0.0
2008-08-19 00:00:00+09:00,283.97529044315735,302.4500732421875,283.97529044315735,302.4500732421875,55000,0.0,0.0
2008-08-20 00:00:00+09:00,291.7228157932021,297.68242387886505,291.7228157932021,296.7884826660156,55000,0.0,0.0
2008-08-21 00:00:00+09:00,292.9148448713139,292.9148448713139,283.0814879224295,285.46533203125,23200,0.0,0.0
2008-08-22 00:00:00+09:00,284.869286420577,286.9551493964599,280.10159961855896,285.1672668457031,24200,0.0,0.0
2008-08-25 00:00:00+09:00,291.7228088378906,293.2127108237838,290.2329068519974,291.7228088378906,23600,0.0,0.0
2008-08-26 00:00:00+09:00,285.76323745197067,291.42486572265625,285.76323745197067,291.42486572265625,23600,0.0,0.0
2008-08-27 00:00:00+09:00,282.18747956928456,283.0814208984375,282.18747956928456,283.0814208984375,23600,0.0,0.0
2008-08-28 00:00:00+09:00,278.01577033875225,280.9955749511719,278.01577033875225,280.9955749511719,23600,0.0,0.0
2008-08-29 00:00:00+09:00,280.9955209706467,288.7430114746094,280.9955209706467,288.7430114746094,23600,0.0,0.0
2008-09-01 00:00:00+09:00,280.3995565637993,282.18743896484375,280.3995565637993,282.18743896484375,23600,0.0,0.0
2008-09-02 00:00:00+09:00,277.12173680617764,277.12173680617764,270.2681884765625,270.2681884765625,23600,0.0,0.0
2008-09-03 00:00:00+09:00,278.01574027410663,278.313720703125,278.01574027410663,278.313720703125,23600,0.0,0.0
2008-09-04 00:00:00+09:00,274.4399311339933,274.4399311339933,273.5459899902344,273.5459899902344,23600,0.0,0.0
2008-09-05 00:00:00+09:00,271.46014090873103,275.6318664550781,271.46014090873103,275.6318664550781,23600,0.0,0.0
2008-09-08 00:00:00+09:00,280.1015723975929,280.1015723975929,275.6318664550781,275.6318664550781,23600,0.0,0.0
2008-09-09 00:00:00+09:00,275.6318526590052,275.6318526590052,273.5459899902344,273.5459899902344,23600,0.0,0.0
2008-09-10 00:00:00+09:00,273.84397037148733,276.52579380276416,270.2682057964516,273.5459899902344,28000,0.0,0.0
2008-09-11 00:00:00+09:00,275.6318559260123,275.6318559260123,272.05609130859375,272.05609130859375,28000,0.0,0.0
2008-09-12 00:00:00+09:00,270.8642069164075,271.7581481933594,270.8642069164075,271.7581481933594,28000,0.0,0.0
2008-09-16 00:00:00+09:00,271.75819022164217,271.75819022164217,255.9652252197266,255.96522521972656,28000,0.0,0.0
2008-09-17 00:00:00+09:00,255.3691095525568,262.22265625,255.3691095525568,262.22265625,28000,0.0,0.0
2008-09-18 00:00:00+09:00,259.5409501139323,290.5309143066406,259.5409501139323,290.5309143066406,28000,0.0,0.0
2008-09-19 00:00:00+09:00,294.70262310704,294.70262310704,292.61676025390625,292.61676025390625,28000,0.0,0.0
2008-09-22 00:00:00+09:00,292.9146738463521,292.9146738463521,283.3793029785156,283.3793029785156,28000,0.0,0.0
2008-09-24 00:00:00+09:00,283.37940323746597,297.6824645996094,283.37940323746597,297.6824645996094,28000,0.0,0.0
2008-09-25 00:00:00+09:00,288.74300486610423,293.5106912209625,287.55108327738964,291.7228088378906,25600,0.0,0.0
2008-09-26 00:00:00+09:00,287.25306735785244,287.25306735785244,278.0156761876311,279.8035583496094,56600,0.0,0.0
2008-09-29 00:00:00+09:00,278.01566160125566,278.01566160125566,275.0358581542969,275.0358581542969,56600,0.0,0.0
2008-09-30 00:00:00+09:00,260.136908507615,265.20257568359375,260.136908507615,265.20257568359375,56600,0.0,0.0
2008-10-01 00:00:00+09:00,265.2025482317084,265.2025482317084,261.03082275390625,261.03082275390625,56600,0.0,0.0
2008-10-02 00:00:00+09:00,261.3287720641738,261.3287720641738,258.3489685058594,258.3489685058594,56600,0.0,0.0
2008-10-03 00:00:00+09:00,255.0712400294608,255.36922045005596,245.83384699101072,248.5156707763672,27200,0.0,0.0
2008-10-06 00:00:00+09:00,247.02574108796406,247.02574108796406,241.66209411621094,241.66209411621094,27200,0.0,0.0
2008-10-07 00:00:00+09:00,233.0206983732697,233.0206983732697,221.99542236328125,221.99542236328125,27200,0.0,0.0
2008-10-08 00:00:00+09:00,209.18223837247953,209.18223837247953,196.9650421142578,196.9650421142578,27200,0.0,0.0
2008-10-09 00:00:00+09:00,208.28824315446147,212.1619873046875,208.28824315446147,212.1619873046875,27200,0.0,0.0
2008-10-10 00:00:00+09:00,212.16204389232072,212.16204389232072,192.19735717773438,192.19735717773438,27200,0.0,0.0
2008-10-14 00:00:00+09:00,214.2478692626953,216.0357513427734,214.2478692626953,216.03575134277344,27200,0.0,0.0
2008-10-15 00:00:00+09:00,208.88424770648663,216.92971801757812,208.88424770648663,216.92971801757812,27200,0.0,0.0
2008-10-16 00:00:00+09:00,205.30849529608057,205.30849529608057,202.92465209960938,202.92465209960938,27200,0.0,0.0
2008-10-17 00:00:00+09:00,204.11656941307916,214.54588317871094,204.11656941307916,214.54588317871094,27200,0.0,0.0
2008-10-20 00:00:00+09:00,216.63175163369166,227.06106567382812,216.63175163369166,227.06106567382812,27200,0.0,0.0
2008-10-21 00:00:00+09:00,223.18728330091076,224.67718505859372,223.18728330091076,224.67718505859375,27200,0.0,0.0
2008-10-22 00:00:00+09:00,219.61153752253603,219.61153752253603,213.05596923828122,213.05596923828125,27200,0.0,0.0
2008-10-23 00:00:00+09:00,211.86400698543935,212.1619873046875,211.86400698543935,212.1619873046875,27200,0.0,0.0
2008-10-24 00:00:00+09:00,205.01049224264025,205.01049224264025,200.5407867431641,200.54078674316406,27200,0.0,0.0
2008-10-27 00:00:00+09:00,200.54081721415048,200.54081721415048,195.1771697998047,195.1771697998047,27200,0.0,0.0
2008-10-28 00:00:00+09:00,189.51556656208444,196.07113647460938,189.51556656208444,196.07113647460938,27200,0.0,0.0
2008-10-29 00:00:00+09:00,196.0710568772149,202.32864379882812,196.0710568772149,202.32864379882812,27200,0.0,0.0
2008-10-30 00:00:00+09:00,211.26807987369608,211.26807987369608,210.672119140625,210.672119140625,27200,0.0,0.0
2008-10-31 00:00:00+09:00,210.37415251745227,212.75799560546875,210.37415251745227,212.75799560546875,27200,0.0,0.0
2008-11-04 00:00:00+09:00,213.05599636501736,222.59136962890625,213.05599636501736,222.59136962890625,44200,0.0,0.0
2008-11-05 00:00:00+09:00,223.18728812888818,241.3640899658203,223.18728812888818,241.3640899658203,44200,0.0,0.0
2008-11-06 00:00:00+09:00,230.63684948778848,230.63684948778848,225.57118225097656,225.57118225097656,44200,0.0,0.0
2008-11-07 00:00:00+09:00,225.2731881701512,225.2731881701512,220.80348205566406,220.80348205566406,44200,0.0,0.0
2008-11-10 00:00:00+09:00,226.7630802528531,229.44490380380665,222.5913547291475,227.9550018310547,19600,0.0,0.0
2008-11-11 00:00:00+09:00,223.48534676336476,223.48534676336476,221.69746398925784,221.6974639892578,19600,0.0,0.0
2008-11-12 00:00:00+09:00,222.29338409382646,223.48530572435635,220.50550164803158,220.80348205566406,11600,0.0,0.0
2008-11-13 00:00:00+09:00,214.2479023946996,214.2479023946996,209.18223571777344,209.18223571777344,11600,0.0,0.0
2008-11-14 00:00:00+09:00,218.71760332550988,218.71760332550988,212.75799560546875,212.75799560546875,11600,0.0,0.0
2008-11-17 00:00:00+09:00,212.75798708793994,212.75798708793994,212.46000671386722,212.4600067138672,11600,0.0,0.0
2008-11-18 00:00:00+09:00,215.73779082866739,215.73779082866739,212.46000671386722,212.4600067138672,11600,0.0,0.0
2008-11-19 00:00:00+09:00,211.2680590054108,211.2680590054108,208.88421630859375,208.88421630859375,11600,0.0,0.0
2008-11-20 00:00:00+09:00,202.9246435950784,207.0963690140668,202.6266632080078,202.6266632080078,16800,0.0,0.0
2008-11-21 00:00:00+09:00,196.0711585631114,210.3742218017578,196.0711585631114,210.3742218017578,16800,0.0,0.0
2008-11-25 00:00:00+09:00,210.374206419914,221.69746398925784,210.374206419914,221.6974639892578,244800,0.0,0.0
2008-11-26 00:00:00+09:00,227.95501708984375,227.95501708984375,222.59136962890625,222.59136962890625,244800,0.0,0.0
2008-11-27 00:00:00+09:00,217.82367116139662,218.41963195800784,217.82367116139662,218.4196319580078,244800,0.0,0.0
2008-11-28 00:00:00+09:00,219.01560125948626,219.01560125948626,218.7176208496094,218.71762084960938,244800,0.0,0.0
2008-12-01 00:00:00+09:00,216.33369532811957,216.33369532811957,214.24783325195312,214.24783325195312,244800,0.0,0.0
2008-12-02 00:00:00+09:00,214.24788124259862,214.24788124259862,207.3943328857422,207.3943328857422,244800,0.0,0.0
2008-12-03 00:00:00+09:00,213.65190856933592,216.0357513427734,213.65190856933592,216.03575134277344,244800,0.0,0.0
2008-12-04 00:00:00+09:00,216.33375725379358,216.92971801757812,216.33375725379358,216.92971801757812,244800,0.0,0.0
2008-12-05 00:00:00+09:00,217.22771880022515,218.7176208496094,217.22771880022515,218.71762084960938,244800,0.0,0.0
2008-12-08 00:00:00+09:00,222.59138889095178,235.1065673828125,222.59138889095178,235.1065673828125,244800,0.0,0.0
2008-12-09 00:00:00+09:00,233.3186764796677,233.3186764796677,232.12675476074216,232.1267547607422,244800,0.0,0.0
2008-12-10 00:00:00+09:00,232.42470162813783,236.29844665527344,232.42470162813783,236.29844665527344,244800,0.0,0.0
2008-12-11 00:00:00+09:00,239.2782694997963,242.85403442382812,239.2782694997963,242.85403442382812,244800,0.0,0.0
2008-12-12 00:00:00+09:00,237.1923792675288,237.1923792675288,236.00045776367188,236.00045776367188,244800,0.0,0.0
2008-12-15 00:00:00+09:00,241.2433991909441,241.3640899658203,241.2433991909441,241.3640899658203,244800,0.0,0.0
2008-12-16 00:00:00+09:00,236.5964913362242,237.49043273925778,236.5964913362242,237.4904327392578,22800,0.0,0.0
2008-12-17 00:00:00+09:00,237.78831725244322,241.06610107421875,237.78831725244322,241.06610107421875,12800,0.0,0.0
2008-12-18 00:00:00+09:00,239.57619935639048,239.57619935639048,233.61659240722653,233.61659240722656,19600,0.0,0.0
2008-12-19 00:00:00+09:00,233.9146477624022,233.9146477624022,230.33888244628903,230.33888244628906,22200,0.0,0.0
2008-12-22 00:00:00+09:00,233.61664838227026,233.61664838227026,231.82876586914062,231.82876586914062,16400,0.0,0.0
2008-12-24 00:00:00+09:00,230.6368733273025,230.6368733273025,228.55101013183594,228.55101013183594,18200,0.0,0.0
2008-12-25 00:00:00+09:00,237.0364816979558,237.0364816979558,236.89434814453125,236.89434814453125,19000,0.0,0.0
2008-12-26 00:00:00+09:00,235.70252639923862,237.1924285888672,234.51060464753579,237.1924285888672,19800,0.0,0.0
2008-12-29 00:00:00+09:00,236.00047319390802,239.57623793927027,235.70249279846118,238.6822967529297,31400,0.0,0.0
2008-12-30 00:00:00+09:00,234.21254785510078,246.72772216796875,234.21254785510078,246.72772216796875,12400,0.0,0.0
2009-01-05 00:00:00+09:00,251.79340249520763,251.79340249520763,241.3640899658203,241.3640899658203,7200,0.0,0.0
2009-01-06 00:00:00+09:00,241.3640899658203,241.3640899658203,241.3640899658203,241.3640899658203,15600,0.0,0.0
2009-01-07 00:00:00+09:00,237.4904106732897,237.78839111328125,237.4904106732897,237.78839111328125,28200,0.0,0.0
2009-01-08 00:00:00+09:00,237.19239793556923,237.19239793556923,234.5105743408203,234.5105743408203,20600,0.0,0.0
2009-01-09 00:00:00+09:00,227.9550623339276,230.6368865966797,227.9550623339276,230.6368865966797,22000,0.0,0.0
2009-01-13 00:00:00+09:00,225.27318326694757,227.06106567382812,225.27318326694757,227.06106567382812,37400,0.0,0.0
2009-01-14 00:00:00+09:00,223.48533792698638,226.46514243267953,223.18735747641705,224.081298828125,17000,0.0,0.0
2009-01-15 00:00:00+09:00,221.6974402693367,221.6974402693367,221.3994598388672,221.3994598388672,59000,0.0,0.0
2009-01-16 00:00:00+09:00,219.01557810614494,223.78326416015625,219.01557810614494,223.78326416015625,24000,0.0,0.0
2009-01-19 00:00:00+09:00,229.14695904010622,229.74291992187503,227.06109595391538,229.742919921875,17000,0.0,0.0
2009-01-20 00:00:00+09:00,224.97515803687375,224.97515803687375,222.2933349609375,222.2933349609375,23200,0.0,0.0
2009-01-21 00:00:00+09:00,223.48534188619476,223.48534188619476,219.90957641601562,219.90957641601562,28200,0.0,0.0
2009-01-22 00:00:00+09:00,220.20752124039913,220.80348205566406,220.20752124039913,220.80348205566406,23400,0.0,0.0
2009-01-23 00:00:00+09:00,220.8035193984573,220.8035193984573,220.5055389404297,220.5055389404297,53400,0.0,0.0
2009-01-26 00:00:00+09:00,220.50547999802347,223.78326416015625,220.50547999802347,223.78326416015625,49800,0.0,0.0
2009-01-27 00:00:00+09:00,224.0873430636642,224.69544982910156,224.0873430636642,224.69544982910156,63600,7.5,0.0
2009-01-28 00:00:00+09:00,220.74275859640963,220.74275859640963,217.7022247314453,217.7022247314453,22400,0.0,0.0
2009-01-29 00:00:00+09:00,218.00626058375582,218.00626058375582,214.3576202392578,214.3576202392578,25400,0.0,0.0
2009-01-30 00:00:00+09:00,214.35761712302624,215.8778839111328,214.35761712302624,215.8778839111328,34000,0.0,0.0
2009-02-02 00:00:00+09:00,215.87790464203934,220.43870544433597,215.87790464203934,220.43870544433594,20200,0.0,0.0
2009-02-03 00:00:00+09:00,220.7427653023609,220.7427653023609,214.6616973876953,214.6616973876953,28800,0.0,0.0
2009-02-04 00:00:00+09:00,214.35759159935247,214.9656982421875,214.35759159935247,214.9656982421875,13400,0.0,0.0
2009-02-05 00:00:00+09:00,217.70219237597382,217.70219237597382,217.09408569335938,217.09408569335938,19000,0.0,0.0
2009-02-06 00:00:00+09:00,217.398189968533,217.398189968533,213.44549560546875,213.44549560546875,21400,0.0,0.0
2009-02-09 00:00:00+09:00,212.53326227801486,212.53326227801486,207.060302734375,207.060302734375,17000,0.0,0.0
2009-02-10 00:00:00+09:00,211.0130598035162,211.0130598035162,204.01983159677144,210.4049530029297,29600,0.0,0.0
2009-02-12 00:00:00+09:00,204.93197778247108,204.93197778247108,202.80360412597656,202.80360412597656,18600,0.0,0.0
2009-02-13 00:00:00+09:00,204.32386924342106,205.23602937397206,201.28333547491778,202.19549560546875,23800,0.0,0.0
2009-02-16 00:00:00+09:00,202.42429651386644,202.42429651386644,202.19549560546875,202.19549560546875,20200,0.0,0.0
2009-02-17 00:00:00+09:00,200.06714377345807,201.8914642333984,200.06714377345807,201.89146423339844,4400,0.0,0.0
2009-02-18 00:00:00+09:00,203.7157373101452,204.01979064941406,203.7157373101452,204.01979064941406,13200,0.0,0.0
2009-02-19 00:00:00+09:00,204.32385435019472,204.9319610595703,204.32385435019472,204.9319610595703,12600,0.0,0.0
2009-02-20 00:00:00+09:00,201.89144010864632,201.89144010864632,198.8509063720703,198.8509063720703,19800,0.0,0.0
2009-02-23 00:00:00+09:00,199.1549100435697,199.1549100435697,197.6346435546875,197.6346435546875,14800,0.0,0.0
2009-02-24 00:00:00+09:00,192.1617601075759,192.76986694335938,192.1617601075759,192.76986694335938,17400,0.0,0.0
2009-02-25 00:00:00+09:00,186.38473689250458,189.7293243408203,186.38473689250458,189.7293243408203,58600,0.0,0.0
2009-02-26 00:00:00+09:00,189.7293243408203,189.7293243408203,189.7293243408203,189.7293243408203,44600,0.0,0.0
2009-02-27 00:00:00+09:00,192.76979922797736,193.0738525390625,192.76979922797736,193.0738525390625,11600,0.0,0.0
2009-03-02 00:00:00+09:00,193.0739047310569,193.0739047310569,187.29689025878903,187.29689025878906,11600,0.0,0.0
2009-03-03 00:00:00+09:00,182.73604489644367,182.73604489644367,182.4319915771484,182.43199157714844,26200,0.0,0.0
2009-03-04 00:00:00+09:00,179.9996117628847,180.3036651611328,179.9996117628847,180.3036651611328,24400,0.0,0.0
2009-03-05 00:00:00+09:00,184.2563405116665,184.2563405116665,181.82391357421875,181.82391357421875,25000,0.0,0.0
2009-03-06 00:00:00+09:00,180.30366677554395,180.30366677554395,178.17529296875,178.17529296875,32400,0.0,0.0
2009-03-09 00:00:00+09:00,171.18209555886008,171.18209555886008,167.22940063476562,167.22940063476562,51000,0.0,0.0
2009-03-10 00:00:00+09:00,167.22936135751232,167.22936135751232,164.18882751464844,164.18882751464844,35200,0.0,0.0
2009-03-11 00:00:00+09:00,164.79694789049793,164.79694789049793,163.5807342529297,163.5807342529297,41400,0.0,0.0
2009-03-12 00:00:00+09:00,163.58072885001215,163.58072885001215,156.283447265625,156.283447265625,58400,0.0,0.0
2009-03-13 00:00:00+09:00,159.32396930709308,159.32396930709308,157.49964904785156,157.49964904785156,56400,0.0,0.0
2009-03-16 00:00:00+09:00,168.445566553269,168.445566553269,166.62124633789062,166.62124633789062,52400,0.0,0.0
2009-03-17 00:00:00+09:00,167.22934632570585,167.22934632570585,166.92529296875,166.92529296875,36200,0.0,0.0
2009-03-18 00:00:00+09:00,169.35772116685703,169.35772116685703,164.79692077636716,164.7969207763672,20600,0.0,0.0
2009-03-19 00:00:00+09:00,164.7969007019603,165.7090606689453,164.7969007019603,165.7090606689453,16200,0.0,0.0
2009-03-23 00:00:00+09:00,169.05368217003388,169.6617889404297,169.05368217003388,169.6617889404297,50400,0.0,0.0
2009-03-24 00:00:00+09:00,175.74282722147103,177.87120056152344,175.74282722147103,177.87120056152344,54400,0.0,0.0
2009-03-25 00:00:00+09:00,177.8711917877197,182.4319915771484,177.8711917877197,182.43199157714844,43400,0.0,0.0
2009-03-26 00:00:00+09:00,188.81712041495328,190.33738708496094,188.81712041495328,190.33738708496094,59000,0.0,0.0
2009-03-27 00:00:00+09:00,193.07384678972542,193.07384678972542,191.24952697753906,191.24952697753906,26000,0.0,0.0
2009-03-30 00:00:00+09:00,194.29009966169085,194.29009966169085,191.55361938476562,191.55361938476562,23600,0.0,0.0
2009-03-31 00:00:00+09:00,191.85765303205247,191.85765303205247,187.6009063720703,187.6009063720703,47200,0.0,0.0
2009-04-01 00:00:00+09:00,189.12116629097454,189.12116629097454,187.9049530029297,187.9049530029297,21800,0.0,0.0
2009-04-02 00:00:00+09:00,188.20903549804686,190.0333557128906,188.20903549804686,190.03335571289062,15800,0.0,0.0
2009-04-03 00:00:00+09:00,190.03337079828435,190.03337079828435,187.29689025878903,187.29689025878906,36800,0.0,0.0
2009-04-06 00:00:00+09:00,188.81711296896333,188.81711296896333,187.9049530029297,187.9049530029297,41400,0.0,0.0
2009-04-07 00:00:00+09:00,187.90495970492617,187.90495970492617,187.6009063720703,187.6009063720703,33000,0.0,0.0
2009-04-08 00:00:00+09:00,184.86444765496293,184.86444765496293,184.56039428710938,184.56039428710938,13200,0.0,0.0
2009-04-09 00:00:00+09:00,187.29684635890726,187.9049530029297,187.29684635890726,187.9049530029297,33400,0.0,0.0
2009-04-10 00:00:00+09:00,188.20899194196085,192.46573812481617,183.95224575910552,185.7765655517578,21800,0.0,0.0
2009-04-13 00:00:00+09:00,186.99279970635857,189.72927970206138,186.08063970779097,187.6009063720703,26600,0.0,0.0
2009-04-14 00:00:00+09:00,186.6887628774174,186.9928162371526,183.95228263980053,185.47254943847656,45600,0.0,0.0
2009-04-15 00:00:00+09:00,185.77656555175778,185.77656555175778,185.77656555175778,185.7765655517578,8000,0.0,0.0
2009-04-16 00:00:00+09:00,185.77657808939614,185.77657808939614,182.4319915771484,182.43199157714844,23200,0.0,0.0
2009-04-17 00:00:00+09:00,182.43203907709977,183.04014587402344,182.43203907709977,183.04014587402344,22400,0.0,0.0
2009-04-20 00:00:00+09:00,184.25634091925582,184.56039428710938,184.25634091925582,184.56039428710938,37800,0.0,0.0
2009-04-21 00:00:00+09:00,180.60767166137694,182.4319915771484,180.60767166137694,182.43199157714844,22600,0.0,0.0
2009-04-22 00:00:00+09:00,183.04012159399085,183.04012159399085,179.99958801269534,179.9995880126953,27800,0.0,0.0
2009-04-23 00:00:00+09:00,179.9996335859505,183.34422137217592,179.9996335859505,182.73611450195312,21800,0.0,0.0
2009-04-24 00:00:00+09:00,185.47258336090843,185.47258336090843,183.9523162841797,183.9523162841797,33800,0.0,0.0
2009-04-27 00:00:00+09:00,188.8171521804637,188.8171521804637,186.99283186954133,188.20904541015625,145800,0.0,0.0
2009-04-28 00:00:00+09:00,190.64150381484959,190.64150381484959,182.73611450195312,182.73611450195312,43400,0.0,0.0
2009-04-30 00:00:00+09:00,188.20901792445477,188.20901792445477,186.68875122070312,186.68875122070312,19200,0.0,0.0
2009-05-01 00:00:00+09:00,188.20904010816264,188.20904010816264,186.3847198486328,186.3847198486328,28200,0.0,0.0
2009-05-07 00:00:00+09:00,194.59417724609375,194.59417724609375,194.59417724609375,194.59417724609375,42200,0.0,0.0
2009-05-08 00:00:00+09:00,194.59410867573303,197.02653503417972,194.59410867573303,197.0265350341797,52400,0.0,0.0
2009-05-11 00:00:00+09:00,197.02656856696763,203.10763549804688,197.02656856696763,203.10763549804688,34200,0.0,0.0
2009-05-12 00:00:00+09:00,203.10768987482243,203.10768987482243,200.67526245117188,200.67526245117188,22200,0.0,0.0
2009-05-13 00:00:00+09:00,202.49952880493893,203.10763549804688,200.97926207216912,203.10763549804688,12400,0.0,0.0
2009-05-14 00:00:00+09:00,202.80359879347992,202.80359879347992,200.97927856445312,200.97927856445312,23200,0.0,0.0
2009-05-15 00:00:00+09:00,202.49955074647735,202.80360412597656,202.49955074647735,202.80360412597656,16400,0.0,0.0
2009-05-18 00:00:00+09:00,202.49957275390625,202.49957275390625,202.49957275390625,202.49957275390625,22800,0.0,0.0
2009-05-19 00:00:00+09:00,205.54004948971374,206.45220947265625,205.54004948971374,206.45220947265625,20400,0.0,0.0
2009-05-20 00:00:00+09:00,205.84414672851562,205.84414672851562,205.84414672851562,205.84414672851562,9600,0.0,0.0
2009-05-21 00:00:00+09:00,206.45220947265625,206.45220947265625,206.45220947265625,206.45220947265625,20800,0.0,0.0
2009-05-22 00:00:00+09:00,208.58057308893135,208.58057308893135,208.27651977539062,208.27651977539062,10000,0.0,0.0
2009-05-25 00:00:00+09:00,218.00631713867188,218.00631713867188,218.00631713867188,218.00631713867188,42800,0.0,0.0
2009-05-26 00:00:00+09:00,214.96571230420878,217.09408569335938,214.96571230420878,217.09408569335938,34200,0.0,0.0
2009-05-27 00:00:00+09:00,216.79003600224146,218.310302734375,216.79003600224146,218.310302734375,17600,0.0,0.0
2009-05-28 00:00:00+09:00,218.31026555301418,218.61431884765625,218.31026555301418,218.61431884765625,19600,0.0,0.0
2009-05-29 00:00:00+09:00,218.91841748734595,218.91841748734595,215.8778839111328,215.8778839111328,14600,0.0,0.0
2009-06-01 00:00:00+09:00,219.22249166392746,219.22249166392746,217.7022247314453,217.7022247314453,70600,0.0,0.0
2009-06-02 00:00:00+09:00,217.7022333486678,220.74276733398438,217.7022333486678,220.74276733398438,17800,0.0,0.0
2009-06-03 00:00:00+09:00,219.52654178529443,219.52654178529443,219.2224884033203,219.2224884033203,10200,0.0,0.0
2009-06-04 00:00:00+09:00,221.958980928111,221.958980928111,220.74276733398438,220.74276733398438,17400,0.0,0.0
2009-06-05 00:00:00+09:00,221.35086560479527,221.35086560479527,220.43870544433597,220.43870544433594,10600,0.0,0.0
2009-06-08 00:00:00+09:00,225.30353328597596,227.12785339355472,225.30353328597596,227.1278533935547,28200,0.0,0.0
2009-06-09 00:00:00+09:00,227.4319440826334,227.4319440826334,226.82383728027344,226.82383728027344,13000,0.0,0.0
2009-06-10 00:00:00+09:00,227.73597784925158,233.2089385986328,227.73597784925158,233.2089385986328,18600,0.0,0.0
2009-06-11 00:00:00+09:00,232.9049598444521,233.2090133168339,231.68874595492494,232.6009063720703,10400,0.0,0.0
2009-06-12 00:00:00+09:00,228.9521807537963,231.68866100184965,228.9521807537963,229.56028747558594,43200,0.0,0.0
2009-06-15 00:00:00+09:00,211.31712514300676,211.31712514300676,206.45227046345553,209.18875122070312,437400,0.0,0.0
2009-06-16 00:00:00+09:00,210.70900640322296,211.92522000439595,207.06036559970394,210.4049530029297,155400,0.0,0.0
2009-06-17 00:00:00+09:00,210.7089642491834,211.92517760704303,209.49275089132374,211.62112426757812,178600,0.0,0.0
2009-06-18 00:00:00+09:00,209.1886974169849,209.79680409552265,202.49952395306968,204.01979064941406,127200,0.0,0.0
2009-06-19 00:00:00+09:00,205.8441449878834,207.66846532751012,204.32387803819444,205.2360382080078,65600,0.0,0.0
2009-06-22 00:00:00+09:00,205.8441247405556,206.75628482064667,204.0198045803734,206.14817810058594,97800,0.0,0.0
2009-06-23 00:00:00+09:00,204.62793315848006,208.58062726109557,203.7157729809534,205.84414672851562,66600,0.0,0.0
2009-06-24 00:00:00+09:00,210.10086182265255,210.10086182265255,207.9724884033203,207.9724884033203,44600,0.0,0.0
2009-06-25 00:00:00+09:00,210.40492347394914,215.8778839111328,209.7968167587065,215.8778839111328,76000,0.0,0.0
2009-06-26 00:00:00+09:00,214.66170925564236,214.66170925564236,210.40496148003473,213.44549560546875,63600,0.0,0.0
2009-06-29 00:00:00+09:00,213.44544799804686,215.87787475585935,212.53328796386717,212.83734130859375,100400,0.0,0.0
2009-06-30 00:00:00+09:00,214.3575964190743,215.87786306034434,213.44543643431228,214.0535430908203,37800,0.0,0.0
2009-07-01 00:00:00+09:00,218.3102664304583,218.3102664304583,214.66162688008856,216.48594665527344,111800,0.0,0.0
2009-07-02 00:00:00+09:00,214.6616613769531,215.26976806640624,212.83734130859375,212.83734130859375,92000,0.0,0.0
2009-07-03 00:00:00+09:00,211.9251745988571,213.44544127460213,210.4049079231121,213.14138793945312,45600,0.0,0.0
2009-07-06 00:00:00+09:00,213.14144219292535,214.05360243055557,211.92522854275174,213.44549560546875,27800,0.0,0.0
2009-07-07 00:00:00+09:00,214.3575964190743,215.57380973209033,213.14138310605827,214.0535430908203,68000,0.0,0.0
2009-07-08 00:00:00+09:00,211.31711829729454,213.4454921506486,208.5806376286965,209.4927978515625,120200,0.0,0.0
2009-07-09 00:00:00+09:00,208.58063929940948,210.40495975975418,205.54010519883502,207.3644256591797,54200,0.0,0.0
2009-07-10 00:00:00+09:00,213.44550938475152,213.44550938475152,206.75633387696726,210.10092163085938,63800,0.0,0.0
2009-07-13 00:00:00+09:00,208.8846788872613,208.8846788872613,204.93198481807002,205.2360382080078,32000,0.0,0.0
2009-07-14 00:00:00+09:00,206.14810904887185,206.7562155652402,203.41162972521425,203.71568298339844,65800,0.0,0.0
2009-07-15 00:00:00+09:00,204.01973624158262,206.7562155652402,201.5873101761092,203.71568298339844,54400,0.0,0.0
2009-07-16 00:00:00+09:00,206.14821704598359,209.79685805564702,205.23605679356774,209.18875122070312,49600,0.0,0.0
2009-07-17 00:00:00+09:00,209.49280463817507,209.79685805564702,206.75632388092748,209.18875122070312,28000,0.0,0.0
2009-07-21 00:00:00+09:00,209.79687148718523,212.83740585656474,209.18876461330933,211.317138671875,50000,0.0,0.0
2009-07-22 00:00:00+09:00,212.83734130859375,213.1413946533203,211.62112792968747,212.83734130859375,26200,0.0,0.0
2009-07-23 00:00:00+09:00,212.8373203772289,213.74948032170275,210.70894717345664,211.01300048828125,54600,0.0,0.0
2009-07-24 00:00:00+09:00,211.62111646478826,214.3575964190743,211.62111646478826,214.0535430908203,46800,0.0,0.0
2009-07-27 00:00:00+09:00,214.3576202392578,215.57383368742381,213.74951351517484,214.3576202392578,98000,0.0,0.0
2009-07-28 00:00:00+09:00,215.5913378562762,215.5913378562762,213.12391195806418,213.7407684326172,70200,5.0,0.0
2009-07-29 00:00:00+09:00,212.50708111001435,214.97450730577648,212.19865283554407,214.35765075683594,24400,0.0,0.0
2009-07-30 00:00:00+09:00,214.35761791536177,215.8997590514435,214.35761791536177,214.66604614257812,73200,0.0,0.0
2009-07-31 00:00:00+09:00,216.51667381540568,216.51667381540568,213.12396240234375,213.12396240234375,22000,0.0,0.0
2009-08-03 00:00:00+09:00,213.43231049918572,213.43231049918572,210.03960036119287,211.5817413330078,18600,0.0,0.0
2009-08-04 00:00:00+09:00,213.74079317001542,215.59136280785106,210.96493871326197,212.507080078125,29000,0.0,0.0
2009-08-05 00:00:00+09:00,212.81552124023435,213.7408061151919,212.19866465692934,212.81552124023438,11400,0.0,0.0
2009-08-06 00:00:00+09:00,213.43231513486273,214.04917153698662,210.65646132530526,210.9648895263672,24600,0.0,0.0
2009-08-07 00:00:00+09:00,209.42281056436514,210.34809544167456,205.413242762691,208.8059539794922,36600,0.0,0.0
2009-08-10 00:00:00+09:00,208.4974753558197,211.8901857536215,206.33847782994582,209.42276000976562,16200,0.0,0.0
2009-08-11 00:00:00+09:00,210.9649434318709,213.7407979507113,209.4228020325151,211.89022827148438,55200,0.0,0.0
2009-08-12 00:00:00+09:00,209.42271926652137,212.8154290042706,206.64686584472653,206.64686584472656,45400,0.0,0.0
2009-08-13 00:00:00+09:00,208.1890657655173,208.49749401109585,206.95535278320312,206.95535278320312,9000,0.0,0.0
2009-08-14 00:00:00+09:00,206.9553598415352,209.11435763421886,206.0300750732422,206.0300750732422,46000,0.0,0.0
2009-08-17 00:00:00+09:00,205.7216385920245,207.26377981085528,205.10478210449222,205.1047821044922,24000,0.0,0.0
2009-08-18 00:00:00+09:00,205.10481501200113,206.9553847715079,203.87110183899662,204.79638671875,18800,0.0,0.0
2009-08-19 00:00:00+09:00,205.1048295041348,205.1048295041348,202.6374029837843,202.94583129882812,16000,0.0,0.0
2009-08-20 00:00:00+09:00,202.94578439812912,206.33849507955682,202.63735615436298,205.1047821044922,27800,0.0,0.0
2009-08-21 00:00:00+09:00,205.41321856104685,206.33850332933986,202.9457925122655,206.0300750732422,52400,0.0,0.0
2009-08-24 00:00:00+09:00,206.64688648106244,210.34802474639488,206.03003010350702,210.0395965576172,52800,0.0,0.0
2009-08-25 00:00:00+09:00,209.11434936523438,211.8902035603481,208.1890646335298,209.11434936523438,37400,0.0,0.0
2009-08-26 00:00:00+09:00,209.7312093933016,211.8902071370562,208.1890681477626,210.656494140625,37600,0.0,0.0
2009-08-27 00:00:00+09:00,210.34809599727035,210.65652429052147,201.7121037862387,204.79638671875,60800,0.0,0.0
2009-08-28 00:00:00+09:00,204.48790439715364,205.41318903243487,202.94576333835158,203.8710479736328,16400,0.0,0.0
2009-08-31 00:00:00+09:00,200.47835331813545,200.47835331813545,193.69293212890625,193.69293212890625,86000,0.0,0.0
2009-09-02 00:00:00+09:00,193.69293794647365,193.69293794647365,190.60865549509668,190.91708374023438,78200,0.0,0.0
2009-09-03 00:00:00+09:00,191.5339390068614,192.15079549319591,189.0665130615234,189.06651306152344,29800,0.0,0.0
2009-09-04 00:00:00+09:00,187.83281069023664,188.14123895081173,185.6738128662109,185.67381286621094,29200,0.0,0.0
2009-09-07 00:00:00+09:00,185.98220379169172,187.83277298364885,177.65464242788462,180.4304962158203,61200,0.0,0.0
2009-09-08 00:00:00+09:00,182.28110558095605,183.51481864749383,180.43053598114938,183.20639038085938,29000,0.0,0.0
2009-09-09 00:00:00+09:00,184.44015748297147,185.67387091095122,183.20644405499175,184.13172912597656,11400,0.0,0.0
2009-09-10 00:00:00+09:00,185.05696342863104,188.14124615244157,184.1316786114879,184.74853515625,27600,0.0,0.0
2009-09-11 00:00:00+09:00,187.21595416908642,187.83281069023664,185.0569563450607,185.67381286621094,44400,0.0,0.0
2009-09-14 00:00:00+09:00,185.67377477078824,185.67377477078824,182.58949279785156,182.58949279785156,18600,0.0,0.0
2009-09-15 00:00:00+09:00,181.9726799274313,184.44010609593886,178.88839721679688,178.88839721679688,36600,0.0,0.0
2009-09-16 00:00:00+09:00,178.88836626863565,179.1967944863402,171.48608904372657,174.87879943847656,57200,0.0,0.0
2009-09-17 00:00:00+09:00,174.87881939643253,178.88838668418143,173.02824987900996,174.261962890625,70400,0.0,0.0
2009-09-18 00:00:00+09:00,174.5704088143423,174.8788370984666,170.86926940485094,173.95355224609375,38600,0.0,0.0
2009-09-21 00:00:00+09:00,173.95355224609375,173.95355224609375,173.95355224609375,173.95355224609375,0,0.0,0.0
2009-09-24 00:00:00+09:00,173.95353578477315,180.4305291384615,173.95353578477315,176.11253356933594,31600,0.0,0.0
2009-09-25 00:00:00+09:00,173.95351340553978,174.26194162079784,171.17765946821734,173.02822875976562,36200,0.0,0.0
2009-09-28 00:00:00+09:00,175.18726538259088,175.49569366671514,172.41141082547236,173.95355224609375,45800,0.0,0.0
2009-09-29 00:00:00+09:00,173.9535417115561,173.9535417115561,171.48611558798794,173.33668518066406,27000,0.0,0.0
2009-09-30 00:00:00+09:00,171.48610512869698,173.64510285513742,167.7849661690848,172.71981811523438,37800,0.0,0.0
2009-10-01 00:00:00+09:00,166.8596695597406,167.7849542338242,161.61638973993362,166.24281311035156,54600,0.0,0.0
2009-10-02 00:00:00+09:00,160.99957036151486,161.92485524864998,157.29843081297426,161.30799865722656,39400,0.0,0.0
2009-10-05 00:00:00+09:00,161.9248257126919,165.0091081072194,157.9152585998062,159.1489715576172,23600,0.0,0.0
2009-10-06 00:00:00+09:00,159.76582205295563,161.61639142036438,157.91525268554688,157.91525268554688,29800,0.0,0.0
2009-10-07 00:00:00+09:00,158.22368091344833,159.1489655971527,157.91525268554688,157.91525268554688,17600,0.0,0.0
2009-10-08 00:00:00+09:00,159.1489655971527,159.45739382505417,157.91525268554688,157.91525268554688,25400,0.0,0.0
2009-10-09 00:00:00+09:00,159.7658385081031,164.3922624031254,158.84055372909864,163.77540588378906,22400,0.0,0.0
2009-10-13 00:00:00+09:00,169.94392850837636,169.94392850837636,167.16807486667875,169.3270721435547,34600,0.0,0.0
2009-10-14 00:00:00+09:00,168.40182966344497,168.40182966344497,167.4765448850744,167.78497314453125,24200,0.0,0.0
2009-10-15 00:00:00+09:00,167.7849869909823,171.17769812499114,167.7849869909823,169.94398498535156,20800,0.0,0.0
2009-10-16 00:00:00+09:00,169.9439521457838,170.86923682171366,169.9439521457838,170.25238037109375,17000,0.0,0.0
2009-10-19 00:00:00+09:00,170.86925210868364,174.261962890625,170.86925210868364,174.261962890625,14400,0.0,0.0
2009-10-20 00:00:00+09:00,177.34622790611675,181.35579479790724,176.72937146122592,178.57994079589844,57400,0.0,0.0
2009-10-21 00:00:00+09:00,175.4956595414168,178.579941782918,173.95351842066623,176.4209442138672,19200,0.0,0.0
2009-10-22 00:00:00+09:00,178.2714894334692,178.2714894334692,168.0933594139113,169.3270721435547,28600,0.0,0.0
2009-10-23 00:00:00+09:00,170.56081245823913,177.65466180098684,170.25238422594575,175.80409240722656,33800,0.0,0.0
2009-10-26 00:00:00+09:00,185.05695998066602,185.98224478056937,178.57996638134273,183.20639038085938,98600,0.0,0.0
2009-10-27 00:00:00+09:00,179.8136594270405,179.8136594270405,175.80409240722656,175.80409240722656,23400,0.0,0.0
2009-10-28 00:00:00+09:00,172.7198100842928,185.36536760832135,172.7198100842928,175.80409240722656,51400,0.0,0.0
2009-10-29 00:00:00+09:00,170.86924536174834,179.19680786132812,170.86924536174834,179.19680786132812,33600,0.0,0.0
2009-10-30 00:00:00+09:00,181.972669159297,182.58952566492172,178.2715301255486,182.28109741210938,16800,0.0,0.0
2009-11-02 00:00:00+09:00,182.2810915113511,182.2810915113511,177.346239626103,181.04737854003906,9000,0.0,0.0
2009-11-04 00:00:00+09:00,178.88845533288043,178.88845533288043,175.80417162024457,177.3463134765625,6000,0.0,0.0
2009-11-05 00:00:00+09:00,174.57036983605587,179.50522128018466,171.17765946821734,173.02822875976562,19600,0.0,0.0
2009-11-06 00:00:00+09:00,171.17767688206263,173.64510285513742,171.17767688206263,172.71981811523438,11800,0.0,0.0
2009-11-09 00:00:00+09:00,175.8040884266729,175.8040884266729,169.63552392047384,170.25238037109375,24400,0.0,0.0
2009-11-10 00:00:00+09:00,169.0186600913861,170.25237293876847,165.93437797293012,167.1680908203125,25800,0.0,0.0
2009-11-11 00:00:00+09:00,169.32713709917616,169.32713709917616,165.0091408889968,166.85971069335938,20200,0.0,0.0
2009-11-12 00:00:00+09:00,166.85966445460465,166.85966445460465,160.69110014944366,162.85009765625,15400,0.0,0.0
2009-11-13 00:00:00+09:00,163.15852539655074,163.15852539655074,156.06467646626592,158.8405303955078,18400,0.0,0.0
2009-11-16 00:00:00+09:00,158.53213639419226,158.53213639419226,154.52256874219907,156.37313842773438,60600,0.0,0.0
2009-11-17 00:00:00+09:00,154.52256084993755,154.8309891151071,151.12984993307265,151.4382781982422,46800,0.0,0.0
2009-11-18 00:00:00+09:00,151.12988348930114,153.90573849216585,151.12988348930114,152.98045349121094,15200,0.0,0.0
2009-11-19 00:00:00+09:00,153.59724656532947,155.13938759510185,152.9803901534205,153.288818359375,11200,0.0,0.0
2009-11-20 00:00:00+09:00,152.67197220413775,153.28882865748778,147.12026412398728,149.8961181640625,56600,0.0,0.0
2009-11-24 00:00:00+09:00,148.35398508921392,151.4382675235011,146.5034156286416,146.8118438720703,27200,0.0,0.0
2009-11-25 00:00:00+09:00,148.04558844981847,149.58772999617074,145.5781619756548,148.66244506835938,41800,0.0,0.0
2009-11-26 00:00:00+09:00,148.66241925557455,150.20456053415936,147.4287062327067,148.04556274414062,64400,0.0,0.0
2009-11-27 00:00:00+09:00,148.0455809499061,148.35400924355176,142.49387166428463,143.7275848388672,65400,0.0,0.0
2009-11-30 00:00:00+09:00,142.1854003578104,145.26968236123363,141.8769721574681,143.4191131591797,42600,0.0,0.0
2009-12-01 00:00:00+09:00,145.269707274388,150.20455932617188,144.035994261442,150.20455932617188,43600,0.0,0.0
2009-12-02 00:00:00+09:00,150.20457936709687,151.74672083903832,148.97086618954373,149.5877227783203,37200,0.0,0.0
2009-12-03 00:00:00+09:00,149.58767988792127,154.5225311831929,149.58767988792127,153.288818359375,54600,0.0,0.0
2009-12-04 00:00:00+09:00,152.05514913342662,152.67200572220318,147.42872471760228,149.5877227783203,42600,0.0,0.0
2009-12-07 00:00:00+09:00,151.12986995642416,158.8405776072621,148.662443508156,150.82144165039062,43200,0.0,0.0
2009-12-08 00:00:00+09:00,150.51301334435712,153.5972964046923,150.2045850383236,150.82144165039062,26600,0.0,0.0
2009-12-09 00:00:00+09:00,151.12988348930114,154.52259515946912,151.12988348930114,152.98045349121094,24400,0.0,0.0
2009-12-10 00:00:00+09:00,151.43825929743764,152.05511575078768,148.6624052573624,149.8961181640625,56000,0.0,0.0
2009-12-11 00:00:00+09:00,152.9804064692283,152.9804064692283,149.8961240807358,151.1298370361328,76800,0.0,0.0
2009-12-14 00:00:00+09:00,150.20457360154626,150.51300188409564,144.96129279820687,148.35400390625,39800,0.0,0.0
2009-12-15 00:00:00+09:00,143.41916133617534,146.81187267961172,142.18544812038027,143.11073303222656,248200,0.0,0.0
2009-12-16 00:00:00+09:00,143.11072351178552,146.50343462952182,142.80229522835495,144.3444366455078,62400,0.0,0.0
2009-12-17 00:00:00+09:00,144.34444624802163,144.65287455197037,143.11073303222656,143.11073303222656,55600,0.0,0.0
2009-12-18 00:00:00+09:00,143.72758964012408,143.72758964012408,142.8023047282778,143.11073303222656,44200,0.0,0.0
2009-12-21 00:00:00+09:00,143.11071183767177,146.50342267865108,143.11071183767177,145.88656616210938,97600,0.0,0.0
2009-12-22 00:00:00+09:00,147.4287002596433,147.4287002596433,142.4938483681071,142.80227661132812,107000,0.0,0.0
2009-12-24 00:00:00+09:00,143.41915416513316,145.26972389629617,143.11072587660598,144.0360107421875,91000,0.0,0.0
2009-12-25 00:00:00+09:00,145.2696967690678,147.42869438559322,144.96126853813558,145.578125,54000,0.0,0.0
2009-12-28 00:00:00+09:00,147.12027211549903,147.42870035892776,145.57813089835545,146.8118438720703,100000,0.0,0.0
2009-12-29 00:00:00+09:00,149.27930250324187,151.12987236898454,148.35401757037053,150.5130157470703,66400,0.0,0.0
2009-12-30 00:00:00+09:00,151.7466946240538,151.7466946240538,148.97084045410156,148.97084045410156,52400,0.0,0.0
2010-01-04 00:00:00+09:00,151.12987160444737,157.298437792384,151.12987160444737,154.5225830078125,62600,0.0,0.0
2010-01-05 00:00:00+09:00,154.83097620527874,159.45739979706994,154.83097620527874,159.1489715576172,67600,0.0,0.0
2010-01-06 00:00:00+09:00,161.3079621713745,163.46695975301813,159.45739281567995,160.07424926757812,68600,0.0,0.0
2010-01-07 00:00:00+09:00,160.69111399449608,162.2332552036563,160.07425751083198,160.99954223632812,48800,0.0,0.0
2010-01-08 00:00:00+09:00,161.92481862327267,162.23324684922176,158.84053636378175,160.07424926757812,107000,0.0,0.0
2010-01-12 00:00:00+09:00,160.07424926757812,161.3079621713745,159.45739281567995,160.07424926757812,75200,0.0,0.0
2010-01-13 00:00:00+09:00,160.07425627597544,160.69111275488092,158.84054331816444,159.1489715576172,52800,0.0,0.0
2010-01-14 00:00:00+09:00,159.1489902137566,160.9995598674049,159.1489902137566,160.69113159179688,34200,0.0,0.0
2010-01-15 00:00:00+09:00,160.3826774935272,160.3826774935272,158.84053636378175,160.07424926757812,36600,0.0,0.0
2010-01-18 00:00:00+09:00,160.69113159179688,161.92484469422908,160.07427504058077,160.69113159179688,28000,0.0,0.0
2010-01-19 00:00:00+09:00,160.99954223632812,161.30797047816017,160.38268575266403,160.99954223632812,36000,0.0,0.0
2010-01-20 00:00:00+09:00,160.99954223632812,163.4669681709845,160.69111399449608,160.99954223632812,53600,0.0,0.0
2010-01-21 00:00:00+09:00,160.69114206580312,162.2332835443617,160.69114206580312,161.30799865722656,57200,0.0,0.0
2010-01-22 00:00:00+09:00,160.99950717605708,162.54164804939097,160.38265082672353,161.61636352539062,58000,0.0,0.0
2010-01-25 00:00:00+09:00,161.61642217726936,162.23327875046505,160.38270903087798,161.9248504638672,79200,0.0,0.0
2010-01-26 00:00:00+09:00,161.3079608225683,161.61638904593843,154.83096813179597,158.2236785888672,215800,0.0,0.0
2010-01-27 00:00:00+09:00,152.5616307565923,154.13443107367058,148.15778986877314,151.3033905029297,222000,5.0,0.0
2010-01-28 00:00:00+09:00,151.61793585526314,151.61793585526314,146.8995353618421,149.416015625,156800,0.0,0.0
2010-01-29 00:00:00+09:00,148.15780788273008,148.47236798439192,143.1248462561405,145.32676696777344,116800,0.0,0.0
2010-02-01 00:00:00+09:00,141.55198669433594,144.38302642822265,139.6646268717448,141.55198669433594,59200,0.0,0.0
2010-02-02 00:00:00+09:00,139.03553670697508,142.8102571605581,139.03553670697508,142.18113708496094,46400,0.0,0.0
2010-02-03 00:00:00+09:00,142.81027064507612,147.52867165757863,142.81027064507612,146.58499145507812,80800,0.0,0.0
2010-02-04 00:00:00+09:00,147.2140958745429,148.7868960441427,145.32673567102313,147.8432159423828,26600,0.0,0.0
2010-02-05 00:00:00+09:00,146.27043138757796,148.7869119275793,144.06851091507679,146.58499145507812,47600,0.0,0.0
2010-02-08 00:00:00+09:00,146.5849927935684,146.5849927935684,142.49571187872635,143.43939208984375,20800,0.0,0.0
2010-02-09 00:00:00+09:00,143.43943857357203,143.43943857357203,141.55207753970925,142.49575805664062,51000,0.0,0.0
2010-02-10 00:00:00+09:00,141.86654629986612,147.52862575307586,140.92286639099783,145.01214599609375,40600,0.0,0.0
2010-02-12 00:00:00+09:00,147.52862582071674,147.52862582071674,141.86654636491096,144.38302612304688,36600,0.0,0.0
2010-02-15 00:00:00+09:00,145.95582624549613,145.95582624549613,140.293746779076,141.86654663085938,34000,0.0,0.0
2010-02-16 00:00:00+09:00,139.35009745051352,141.2374576868636,138.72097737173016,139.97921752929688,49600,0.0,0.0
2010-02-17 00:00:00+09:00,141.55201700936377,144.38305734955105,139.97921682037085,142.18113708496094,25600,0.0,0.0
2010-02-18 00:00:00+09:00,143.12483201947128,144.38307230096115,143.12483201947128,143.43939208984375,20200,0.0,0.0
2010-02-19 00:00:00+09:00,143.43936211722237,144.06848212650843,139.979202066149,140.92288208007812,21600,0.0,0.0
2010-02-22 00:00:00+09:00,142.81027194909882,147.21411293431333,142.49571187872635,143.43939208984375,35400,0.0,0.0
2010-02-23 00:00:00+09:00,144.69758609281385,145.9558259718818,142.49566630444494,144.38302612304688,25800,0.0,0.0
2010-02-24 00:00:00+09:00,145.012176217704,150.0451367805744,143.43937604180698,145.9558563232422,96000,0.0,0.0
2010-02-25 00:00:00+09:00,146.58500737442083,149.1014881877156,144.3830866627879,145.32676696777344,64200,0.0,0.0
2010-02-26 00:00:00+09:00,143.75390621668384,145.6412660357213,143.43934624684428,144.06846618652344,42200,0.0,0.0
2010-03-01 00:00:00+09:00,144.3831190905034,144.3831190905034,140.92295719508832,142.49575805664062,90400,0.0,0.0
2010-03-02 00:00:00+09:00,141.23744208472115,142.81024210793632,140.6083220754351,140.92288208007812,36800,0.0,0.0
2010-03-03 00:00:00+09:00,141.55198639514398,145.6412660021148,141.237426425377,144.38302612304688,33000,0.0,0.0
2010-03-04 00:00:00+09:00,142.18112237603816,142.81024238655158,139.66464233398438,139.66464233398438,55600,0.0,0.0
2010-03-05 00:00:00+09:00,142.18110673806277,142.81022667938163,140.29374691410618,140.60830688476562,20000,0.0,0.0
2010-03-08 00:00:00+09:00,142.49575805664062,142.8103182289511,140.92295719508832,142.49575805664062,32600,0.0,0.0
2010-03-09 00:00:00+09:00,142.81027221679688,143.43939235872108,142.49571214583477,142.81027221679688,20400,0.0,0.0
2010-03-10 00:00:00+09:00,143.12478654649522,143.12478654649522,141.55198669433594,141.55198669433594,34200,0.0,0.0
2010-03-11 00:00:00+09:00,142.81027221679688,143.75395242968318,141.23747186198634,142.81027221679688,17200,0.0,0.0
2010-03-12 00:00:00+09:00,141.5520311438519,145.01219190514607,141.5520311438519,144.6976318359375,61200,0.0,0.0
2010-03-15 00:00:00+09:00,146.58494577757997,147.84318565549913,144.69758596070128,145.64126586914062,17400,0.0,0.0
2010-03-16 00:00:00+09:00,144.697630410488,149.41603140213434,144.697630410488,148.1577911376953,39600,0.0,0.0
2010-03-17 00:00:00+09:00,146.89953564789337,148.78689584893695,146.5849756143861,148.4723358154297,94600,0.0,0.0
2010-03-18 00:00:00+09:00,149.10147107630402,149.73059120742766,145.32675028956214,148.7869110107422,140400,0.0,0.0
2010-03-19 00:00:00+09:00,149.41601611198263,149.41601611198263,146.270415772783,147.8432159423828,48600,0.0,0.0
2010-03-23 00:00:00+09:00,147.214111328125,148.47235159588675,145.95587106036325,147.214111328125,37600,0.0,0.0
2010-03-24 00:00:00+09:00,147.5286407470703,147.8432007486632,146.2704007406987,147.5286407470703,42200,0.0,0.0
2010-03-25 00:00:00+09:00,147.84321574841516,148.78689584893695,147.5286557149079,148.4723358154297,85200,0.0,0.0
2010-03-26 00:00:00+09:00,149.10147172976764,149.10147172976764,143.43939052483975,147.214111328125,170800,0.0,0.0
2010-03-29 00:00:00+09:00,148.47233601022276,149.41601611198263,147.52865590846287,147.8432159423828,38800,0.0,0.0
2010-03-30 00:00:00+09:00,149.1014675429143,158.2237092280293,148.47234742669946,157.90914916992188,114600,0.0,0.0
2010-03-31 00:00:00+09:00,149.1014540137314,158.2236948711116,148.47233395460174,154.76353454589844,66200,0.0,0.0
2010-04-01 00:00:00+09:00,156.3363340450432,158.53825424286072,151.3033735928889,156.9654541015625,58200,0.0,0.0
2010-04-02 00:00:00+09:00,157.2800444033807,158.22372466980102,155.07812378173338,157.5946044921875,45200,0.0,0.0
2010-04-05 00:00:00+09:00,158.2237085057056,160.11106884573388,157.28002833569144,159.7965087890625,54200,0.0,0.0
2010-04-06 00:00:00+09:00,160.111085357666,160.111085357666,156.9654844665527,157.28004455566406,69200,0.0,0.0
2010-04-07 00:00:00+09:00,159.79647907295612,159.79647907295612,152.56159911492858,155.7071990966797,157800,0.0,0.0
2010-04-08 00:00:00+09:00,153.5052490234375,156.33628845214844,153.5052490234375,154.13436889648438,55000,0.0,0.0
2010-04-09 00:00:00+09:00,153.8198539994852,156.65089425714442,150.98881374182594,156.33633422851562,121200,0.0,0.0
2010-04-12 00:00:00+09:00,158.8527990784308,159.48191907478102,155.3926390985046,155.7071990966797,68200,0.0,0.0
2010-04-13 00:00:00+09:00,156.02177410815136,156.9654541934829,154.76353399437596,156.65089416503906,46600,0.0,0.0
2010-04-14 00:00:00+09:00,156.9654844665527,157.9091647338867,156.02180419921874,157.28004455566406,31200,0.0,0.0
2010-04-15 00:00:00+09:00,157.59458911181446,159.16738940235155,156.33634887938481,157.90914916992188,58800,0.0,0.0
2010-04-16 00:00:00+09:00,156.96547035481439,157.90915053730825,153.81986974650147,154.44898986816406,71800,0.0,0.0
2010-04-19 00:00:00+09:00,151.93250975061636,154.76355030497567,151.3033896274254,153.50531005859375,29000,0.0,0.0
2010-04-20 00:00:00+09:00,152.87617483276117,155.07809504640176,151.61793471068083,153.19073486328125,90400,0.0,0.0
2010-04-21 00:00:00+09:00,155.3926390985046,155.7071990966797,154.13439910580414,155.7071990966797,50600,0.0,0.0
2010-04-22 00:00:00+09:00,155.70723036315542,156.65091054717456,153.50530993377748,153.8198699951172,51200,0.0,0.0
2010-04-23 00:00:00+09:00,154.13444366455076,157.5946046447754,153.81988357543943,157.28004455566406,93400,0.0,0.0
2010-04-26 00:00:00+09:00,160.42561349325425,161.68385359908368,157.90913328159536,160.11105346679688,178800,0.0,0.0
2010-04-27 00:00:00+09:00,160.74012756347656,161.36924743652344,158.85276794433594,159.16732788085938,34600,0.0,0.0
2010-04-28 00:00:00+09:00,158.53825442891724,158.53825442891724,155.0780941140004,156.33633422851562,59200,0.0,0.0
2010-04-30 00:00:00+09:00,157.90911908390547,158.22367908208057,155.07807910032946,155.7071990966797,84000,0.0,0.0
2010-05-06 00:00:00+09:00,154.1344150496118,155.07809514175224,152.56161489604432,152.8761749267578,52600,0.0,0.0
2010-05-07 00:00:00+09:00,146.27038538956842,150.67422494968446,145.32670548382927,149.7305450439453,88400,0.0,0.0
2010-05-10 00:00:00+09:00,148.78687979958275,152.87615979407445,147.8431998008539,152.24703979492188,40400,0.0,0.0
2010-05-11 00:00:00+09:00,156.02177523389273,156.02177523389273,152.56161489604432,152.8761749267578,52600,0.0,0.0
2010-05-12 00:00:00+09:00,151.61795056634534,152.87619082000796,150.98883043951403,151.3033905029297,15000,0.0,0.0
2010-05-13 00:00:00+09:00,151.30334482232897,151.30334482232897,149.730544980101,150.3596649169922,20600,0.0,0.0
2010-05-14 00:00:00+09:00,149.73057594945877,150.67425604998056,148.15777578192242,148.4723358154297,40600,0.0,0.0
2010-05-17 00:00:00+09:00,147.84324778106821,148.15780788273008,145.32676696777344,145.32676696777344,56000,0.0,0.0
2010-05-18 00:00:00+09:00,145.01217563710316,148.1577759763028,145.01217563710316,147.8432159423828,27800,0.0,0.0
2010-05-19 00:00:00+09:00,145.64132706943528,145.95588717109715,144.69764676444976,145.32676696777344,28800,0.0,0.0
2010-05-20 00:00:00+09:00,145.32676696777344,145.32676696777344,144.3830866627879,145.32676696777344,58200,0.0,0.0
2010-05-21 00:00:00+09:00,141.5519867967439,141.86654676740335,140.60830688476562,140.60830688476562,40600,0.0,0.0
2010-05-24 00:00:00+09:00,140.92286675347222,143.75390648735893,140.60830678304035,141.55198669433594,28000,0.0,0.0
2010-05-25 00:00:00+09:00,141.2374267578125,142.18110666933464,140.9228667873051,141.2374267578125,46800,0.0,0.0
2010-05-26 00:00:00+09:00,142.81025777910858,142.81025777910858,139.9792174266593,140.2937774658203,56600,0.0,0.0
2010-05-27 00:00:00+09:00,139.66464233398438,140.29376234449782,138.72096231821422,139.66464233398438,40600,0.0,0.0
2010-05-28 00:00:00+09:00,143.12481792321367,143.12481792321367,139.03553741112185,139.97921752929688,75600,0.0,0.0
2010-05-31 00:00:00+09:00,139.35008232872767,139.97920233924108,137.1481622919306,139.66464233398438,45800,0.0,0.0
2010-06-01 00:00:00+09:00,138.72094723110285,139.97918711528519,138.72094723110285,139.03550720214844,21000,0.0,0.0
2010-06-02 00:00:00+09:00,138.40641723085412,140.9228975441424,138.40641723085412,140.2937774658203,19000,0.0,0.0
2010-06-03 00:00:00+09:00,139.66471650584643,142.49575805664062,139.66471650584643,142.49575805664062,13600,0.0,0.0
2010-06-04 00:00:00+09:00,143.12478617835717,145.01214599609375,142.18110626948888,145.01214599609375,27400,0.0,0.0
2010-06-07 00:00:00+09:00,144.06855891819296,144.06855891819296,141.8666377120197,142.49575805664062,38400,0.0,0.0
2010-06-08 00:00:00+09:00,143.12487840126155,144.06855891819296,142.49575805664062,142.49575805664062,41600,0.0,0.0
2010-06-09 00:00:00+09:00,146.27041757634257,151.9324982567171,141.86657704716237,142.18113708496094,91600,0.0,0.0
2010-06-10 00:00:00+09:00,140.60835093622623,144.6976318359375,140.60835093622623,144.6976318359375,73800,0.0,0.0
2010-06-11 00:00:00+09:00,148.4723055944587,148.4723055944587,145.32670589966085,145.64126586914062,43000,0.0,0.0
2010-06-14 00:00:00+09:00,147.21411293431333,147.21411293431333,142.49571187872635,143.43939208984375,34200,0.0,0.0
2010-06-15 00:00:00+09:00,142.81027194909882,144.06851223058868,142.81027194909882,143.43939208984375,23200,0.0,0.0
2010-06-16 00:00:00+09:00,145.01214599609375,145.01214599609375,144.38302605684822,145.01214599609375,10600,0.0,0.0
2010-06-17 00:00:00+09:00,143.43936211722237,145.01216214043754,140.29376207079207,140.92288208007812,38200,0.0,0.0
2010-06-18 00:00:00+09:00,140.92286702842193,142.49566688364987,139.03550720214844,139.03550720214844,56600,0.0,0.0
2010-06-21 00:00:00+09:00,139.03550696426086,141.2374267578125,139.03550696426086,141.2374267578125,23000,0.0,0.0
2010-06-22 00:00:00+09:00,140.60836657848986,144.69764793312157,140.29380647428744,143.12484741210938,69000,0.0,0.0
2010-06-23 00:00:00+09:00,142.81022654192938,143.43934648264272,141.5519866605027,141.86654663085938,20800,0.0,0.0
2010-06-24 00:00:00+09:00,140.2937468126085,143.12478654649522,140.2937468126085,141.55198669433594,8600,0.0,0.0
2010-06-25 00:00:00+09:00,139.9792766781569,142.8103182289511,139.9792766781569,142.49575805664062,33600,0.0,0.0
2010-06-28 00:00:00+09:00,144.06855891819296,144.06855891819296,141.55207753970925,142.49575805664062,42000,0.0,0.0
2010-06-29 00:00:00+09:00,142.49569712275954,142.8102571605581,141.2374569715652,142.18113708496094,10000,0.0,0.0
2010-06-30 00:00:00+09:00,139.9792174266593,140.60833750498134,139.0355373091762,140.2937774658203,24000,0.0,0.0
2010-07-01 00:00:00+09:00,141.55204928651148,142.4957296150882,138.09188808173008,138.72100830078125,59200,0.0,0.0
2010-07-02 00:00:00+09:00,138.40640258789062,139.35008260553533,138.40640258789062,138.40640258789062,18400,0.0,0.0
2010-07-05 00:00:00+09:00,138.72097727001514,140.9228975441424,138.72097727001514,140.2937774658203,7000,0.0,0.0
2010-07-06 00:00:00+09:00,138.72096231821422,139.97920233924108,137.1481622919306,139.66464233398438,19800,0.0,0.0
2010-07-07 00:00:00+09:00,137.77729818361615,139.03553834967656,137.14817810058594,137.14817810058594,48600,0.0,0.0
2010-07-08 00:00:00+09:00,138.0919028598622,139.66470357580596,137.14822243029593,139.3501434326172,44600,0.0,0.0
2010-07-09 00:00:00+09:00,139.6646574899052,141.55201772625526,139.03553741112185,139.97921752929688,36000,0.0,0.0
2010-07-12 00:00:00+09:00,139.03556841030684,140.29380884840916,138.40644819125566,138.72100830078125,18400,0.0,0.0
2010-07-13 00:00:00+09:00,139.03550744769217,139.03550744769217,136.83358764648438,136.83358764648438,32000,0.0,0.0
2010-07-14 00:00:00+09:00,138.09185791015625,138.40641795095388,136.83361774696576,138.09185791015625,21200,0.0,0.0
2010-07-15 00:00:00+09:00,136.83360311720108,137.14816312436704,135.57536308853716,135.88992309570312,34800,0.0,0.0
2010-07-16 00:00:00+09:00,135.57539439313288,140.60835566990812,133.68803391434218,134.00259399414062,31600,0.0,0.0
2010-07-21 00:00:00+09:00,131.1715090495784,131.1715090495784,128.02590931217844,128.96958923339844,23600,0.0,0.0
2010-07-22 00:00:00+09:00,125.82403595124059,125.82403595124059,124.25123550185008,125.19491577148438,75600,0.0,0.0
2010-07-23 00:00:00+09:00,126.13859604111869,129.91331711965591,124.25123550185008,125.19491577148438,84400,0.0,0.0
2010-07-26 00:00:00+09:00,127.08225278783023,127.08225278783023,124.88033256625891,126.1385726928711,104800,0.0,0.0
2010-07-27 00:00:00+09:00,125.509452629565,127.71137285113633,125.19489259791196,126.1385726928711,37200,0.0,0.0
2010-07-28 00:00:00+09:00,126.45711684992285,132.82775245949074,123.2717990451389,129.00537109375,129600,2.5,0.0
2010-07-29 00:00:00+09:00,128.6868133544922,130.27947193561215,128.0497499220442,128.6868133544922,32400,0.0,0.0
2010-07-30 00:00:00+09:00,125.82006826400757,127.41272735595703,125.82006826400757,127.41272735595703,18200,0.0,0.0
2010-08-02 00:00:00+09:00,127.41273659557552,128.36833212004234,126.45714107110871,126.77567291259766,10400,0.0,0.0
2010-08-03 00:00:00+09:00,127.41270137012452,129.00536013725107,125.82004260299797,127.09416961669922,37000,0.0,0.0
2010-08-04 00:00:00+09:00,127.0941462056891,127.4126779004402,124.22736095292919,125.5014877319336,41200,0.0,0.0
2010-08-05 00:00:00+09:00,126.1385498046875,128.04973995324337,123.90882796470565,126.1385498046875,22600,0.0,0.0
2010-08-06 00:00:00+09:00,124.54591679086491,125.50151206036004,124.22738503436653,124.86444854736328,60200,0.0,0.0
2010-08-09 00:00:00+09:00,123.59032457657442,125.1829833984375,122.95326104782919,125.1829833984375,15800,0.0,0.0
2010-08-10 00:00:00+09:00,125.82006381295831,126.13859562007973,124.22740477735124,124.54593658447266,34000,0.0,0.0
2010-08-11 00:00:00+09:00,124.22737884521484,124.86444232647236,123.59031536395733,124.22737884521484,36400,0.0,0.0
2010-08-12 00:00:00+09:00,123.90885138511658,123.90885138511658,117.53821635246277,122.31619262695312,36600,0.0,0.0
2010-08-13 00:00:00+09:00,122.31622915317357,123.27182469343275,121.67916545966746,122.95329284667969,49400,0.0,0.0
2010-08-16 00:00:00+09:00,123.59032275707692,123.9088545167601,122.31619571834416,122.63472747802734,14400,0.0,0.0
2010-08-17 00:00:00+09:00,121.99764251708984,122.3161742207898,121.99764251708984,121.99764251708984,7000,0.0,0.0
2010-08-18 00:00:00+09:00,122.31621699370154,125.82006695966696,119.76796247299944,123.27181243896484,21800,0.0,0.0
2010-08-19 00:00:00+09:00,123.5903584422411,123.5903584422411,119.4494443707227,120.72357177734375,40200,0.0,0.0
2010-08-20 00:00:00+09:00,118.4938123323612,118.81234408594281,116.5826218108715,116.90115356445312,58000,0.0,0.0
2010-08-23 00:00:00+09:00,115.94555005840228,117.21967698212097,113.07876448003518,113.71582794189453,79400,0.0,0.0
2010-08-24 00:00:00+09:00,112.76023274910551,114.03435967282421,111.4861058253868,113.71582794189453,39200,0.0,0.0
2010-08-25 00:00:00+09:00,110.53051641431905,113.39730214264434,106.07107194803528,112.76023864746094,102200,0.0,0.0
2010-08-26 00:00:00+09:00,112.4417251586914,114.67144775390625,108.61934356689453,114.67144775390625,71400,0.0,0.0
2010-08-27 00:00:00+09:00,114.03433546315993,114.67139878976977,110.53048716680586,114.35286712646484,44200,0.0,0.0
2010-08-30 00:00:00+09:00,115.94556874536269,115.94556874536269,113.71584626949033,114.03437805175781,16000,0.0,0.0
2010-08-31 00:00:00+09:00,110.53050503299812,111.48610017737563,108.61931474424311,109.25637817382812,26000,0.0,0.0
2010-09-01 00:00:00+09:00,107.98223364531106,107.98223364531106,100.9745370665593,106.7081069946289,46600,0.0,0.0
2010-09-02 00:00:00+09:00,107.02665710449217,107.34518882206507,104.79693508148192,107.02665710449219,39800,0.0,0.0
2010-09-03 00:00:00+09:00,106.38957409052183,107.66370072633647,106.38957409052183,107.34516906738281,9600,0.0,0.0
2010-09-06 00:00:00+09:00,108.30075794406858,111.16754271317627,106.07103645698481,110.53047943115234,37600,0.0,0.0
2010-09-07 00:00:00+09:00,115.30847710869061,119.13085756533229,114.3528819945302,118.17526245117188,164200,0.0,0.0
2010-09-08 00:00:00+09:00,117.85672705790718,129.960931458449,115.94553688940059,125.5014877319336,146600,0.0,0.0
2010-09-09 00:00:00+09:00,125.18298806831878,129.00536938338195,124.54592451580825,126.45711517333984,104200,0.0,0.0
2010-09-10 00:00:00+09:00,127.41269654865506,127.41269654865506,125.50150610042523,125.82003784179688,95400,0.0,0.0
2010-09-13 00:00:00+09:00,127.41268520796514,127.41268520796514,123.59030465172619,123.9088363647461,52200,0.0,0.0
2010-09-14 00:00:00+09:00,124.5459105858436,125.18297406710111,123.27178362332857,124.22737884521484,34200,0.0,0.0
2010-09-16 00:00:00+09:00,123.2717878818512,123.2717878818512,120.08647036552429,122.31619262695312,33600,0.0,0.0
2010-09-17 00:00:00+09:00,123.59032275707692,123.9088545167601,122.63472747802734,122.63472747802734,15000,0.0,0.0
2010-09-21 00:00:00+09:00,123.27177293870626,125.18296321682574,122.95324122568636,123.9088363647461,33200,0.0,0.0
2010-09-22 00:00:00+09:00,124.22737884521484,124.86444232647236,123.90884710458609,124.22737884521484,25800,0.0,0.0
2010-09-24 00:00:00+09:00,125.18297406710111,125.82003754835861,123.59031536395733,124.22737884521484,70200,0.0,0.0
2010-09-27 00:00:00+09:00,124.22738810531965,125.1829833984375,123.27179281220181,125.1829833984375,63000,0.0,0.0
2010-09-28 00:00:00+09:00,126.13858339708457,127.09417872585037,123.2717974107872,126.45711517333984,71600,0.0,0.0
2010-09-29 00:00:00+09:00,123.90882796470565,127.41267657039141,123.90882796470565,126.1385498046875,41400,0.0,0.0
2010-09-30 00:00:00+09:00,123.9088363647461,125.18296321682574,123.59030465172619,123.9088363647461,86000,0.0,0.0
2010-10-01 00:00:00+09:00,122.63472747802734,123.9088545167601,120.40500516024504,122.63472747802734,35000,0.0,0.0
2010-10-04 00:00:00+09:00,122.63473490397135,123.27179846191406,119.13088533528645,119.44941711425781,32400,0.0,0.0
2010-10-05 00:00:00+09:00,118.17528264899002,123.27179079557719,118.17528264899002,121.04206848144531,33600,0.0,0.0
2010-10-06 00:00:00+09:00,121.04204740598992,122.95323762818975,117.53819866529021,121.99764251708984,27200,0.0,0.0
2010-10-07 00:00:00+09:00,122.3161746939433,124.22736492353616,120.40498446435043,123.59030151367188,29600,0.0,0.0
2010-10-08 00:00:00+09:00,126.1385511214358,126.1385511214358,125.18295603718249,125.5014877319336,71200,0.0,0.0
2010-10-12 00:00:00+09:00,124.86447151440366,125.18300332949143,122.63474880878931,123.27181243896484,22600,0.0,0.0
2010-10-13 00:00:00+09:00,125.50149125778955,125.50149125778955,121.67911081338987,121.99764251708984,26800,0.0,0.0
2010-10-14 00:00:00+09:00,121.3606004392946,123.27179099739372,120.72353691992822,122.63472747802734,27400,0.0,0.0
2010-10-15 00:00:00+09:00,121.9976438587419,123.5903023947568,120.40498532272699,121.36058044433594,31200,0.0,0.0
2010-10-18 00:00:00+09:00,120.72357177734375,121.36063548065427,117.53825326079114,120.72357177734375,47400,0.0,0.0
2010-10-19 00:00:00+09:00,121.042103628999,121.67916733230953,119.4494443707227,120.72357177734375,27000,0.0,0.0
2010-10-20 00:00:00+09:00,120.72351608893298,121.04204779365313,112.44169176620935,118.17526245117188,77800,0.0,0.0
2010-10-21 00:00:00+09:00,117.85673162439367,118.17526333148662,115.30847796765002,115.94554138183594,36800,0.0,0.0
2010-10-22 00:00:00+09:00,115.62702655012664,116.90115356445311,115.30849479654503,116.90115356445312,20000,0.0,0.0
2010-10-25 00:00:00+09:00,116.26409932454426,120.08648067220051,116.26409932454426,119.44941711425781,39600,0.0,0.0
2010-10-26 00:00:00+09:00,120.72354423014322,120.72354423014322,117.53822644042968,119.44941711425781,120200,0.0,0.0
2010-10-27 00:00:00+09:00,119.13085756533229,120.08645267949271,116.90113563229131,118.17526245117188,50400,0.0,0.0
2010-10-28 00:00:00+09:00,117.85673759650656,117.85673759650656,114.35288864093475,114.98995208740234,77400,0.0,0.0
2010-10-29 00:00:00+09:00,117.85671869913737,117.85671869913737,110.8490219116211,110.8490219116211,59400,0.0,0.0
2010-11-01 00:00:00+09:00,109.25639199519503,112.76024130116339,109.25639199519503,109.8934555053711,41600,0.0,0.0
2010-11-02 00:00:00+09:00,109.57490988862062,109.89344160341312,108.30078302945061,109.25637817382812,21200,0.0,0.0
2010-11-04 00:00:00+09:00,109.57489522298178,112.44168027242026,109.57489522298178,110.8490219116211,16000,0.0,0.0
2010-11-05 00:00:00+09:00,112.12316657829814,115.30848381063615,112.12316657829814,114.98995208740234,32600,0.0,0.0
2010-11-08 00:00:00+09:00,114.98991918694483,119.13083040420322,114.98991918694483,116.26404571533203,20600,0.0,0.0
2010-11-09 00:00:00+09:00,117.85673162439367,117.85673162439367,114.98994626055706,115.94554138183594,12000,0.0,0.0
2010-11-10 00:00:00+09:00,116.26409169789906,118.17528224635768,116.26409169789906,117.85675048828125,12200,0.0,0.0
2010-11-11 00:00:00+09:00,118.49378461423127,119.1308479723723,115.94553118166715,117.21965789794922,32600,0.0,0.0
2010-11-12 00:00:00+09:00,118.17525293516076,118.49378461423127,117.21965789794922,117.21965789794922,10200,0.0,0.0
2010-11-15 00:00:00+09:00,117.21966825069718,121.67911215153892,115.94554142188525,121.36058044433594,17400,0.0,0.0
2010-11-16 00:00:00+09:00,118.17527985572815,122.9532561302185,116.90115284919739,122.31619262695312,19000,0.0,0.0
2010-11-17 00:00:00+09:00,121.36059737205505,123.2717878818512,121.36059737205505,122.31619262695312,50800,0.0,0.0
2010-11-18 00:00:00+09:00,122.31619571834416,122.63472747802734,120.08647340056184,122.63472747802734,21000,0.0,0.0
2010-11-19 00:00:00+09:00,124.22736580916278,124.22736580916278,121.36058044433594,121.36058044433594,16600,0.0,0.0
2010-11-22 00:00:00+09:00,122.31622915317357,123.90888838693886,122.31622915317357,122.95329284667969,8200,0.0,0.0
2010-11-24 00:00:00+09:00,122.31621393462277,127.73125465568678,122.31621393462277,124.54593658447266,36400,0.0,0.0
2010-11-25 00:00:00+09:00,124.86442664606655,128.04974365234375,124.86442664606655,128.04974365234375,44000,0.0,0.0
2010-11-26 00:00:00+09:00,125.50151206036004,128.04976611234704,124.86444854736328,124.86444854736328,47600,0.0,0.0
2010-11-29 00:00:00+09:00,125.50148642183554,127.73120826181739,125.50148642183554,126.1385498046875,24400,0.0,0.0
2010-11-30 00:00:00+09:00,125.82007946745719,125.82007946745719,121.04210176616135,122.95329284667969,36000,0.0,0.0
2010-12-01 00:00:00+09:00,121.67911215153892,122.63470727314787,119.44939020111805,121.36058044433594,43000,0.0,0.0
2010-12-02 00:00:00+09:00,121.3606004392946,123.59032275707692,121.3606004392946,122.63472747802734,26600,0.0,0.0
2010-12-03 00:00:00+09:00,122.6347104417092,123.90883730344125,121.36058357997715,121.67911529541016,56600,0.0,0.0
2010-12-06 00:00:00+09:00,122.63472747802734,122.95325923771054,120.72353691992822,122.63472747802734,22200,0.0,0.0
2010-12-07 00:00:00+09:00,122.63476099992663,123.27182469343275,121.3606336129144,122.95329284667969,25800,0.0,0.0
2010-12-08 00:00:00+09:00,123.59032918704246,126.45711517333984,123.59032918704246,126.45711517333984,64000,0.0,0.0
2010-12-09 00:00:00+09:00,123.59029627327968,126.1385498046875,123.27176458185369,126.1385498046875,36800,0.0,0.0
2010-12-10 00:00:00+09:00,123.59032457657442,125.82004692718273,122.95326104782919,125.1829833984375,30200,0.0,0.0
2010-12-13 00:00:00+09:00,126.45713190078736,128.04979099273683,125.82006826400757,127.41272735595703,61200,0.0,0.0
2010-12-14 00:00:00+09:00,127.41269232923551,128.04975579088168,124.54590675182772,127.7312240600586,71600,0.0,0.0
2010-12-15 00:00:00+09:00,127.41269232923551,128.68681925252787,127.09416059841242,127.7312240600586,110600,0.0,0.0
2010-12-16 00:00:00+09:00,127.7312240600586,129.96094617582023,126.45709713676625,127.7312240600586,84200,0.0,0.0
2010-12-17 00:00:00+09:00,128.04974365234375,128.6868070535992,127.41268025108832,128.04974365234375,109200,0.0,0.0
2010-12-20 00:00:00+09:00,128.36827535297147,128.6868070535992,127.41268025108832,128.04974365234375,70800,0.0,0.0
2010-12-21 00:00:00+09:00,128.04976962636186,129.005364922081,127.41270609588244,128.36830139160156,76000,0.0,0.0
2010-12-22 00:00:00+09:00,130.91653892703172,130.91653892703172,128.3682851279654,130.59800720214844,126000,0.0,0.0
2010-12-24 00:00:00+09:00,130.59800720214844,132.19066582656487,129.00534857773198,130.59800720214844,107600,0.0,0.0
2010-12-27 00:00:00+09:00,131.87214825307723,133.78333880746965,131.55361649401183,132.82774353027344,108200,0.0,0.0
2010-12-28 00:00:00+09:00,132.50922544912441,133.46482082495945,131.23509828134436,131.87216186523438,88400,0.0,0.0
2010-12-29 00:00:00+09:00,132.5092027614111,134.1018614484473,132.19067102400388,133.4647979736328,62800,0.0,0.0
2010-12-30 00:00:00+09:00,132.82773449881833,134.42039318585452,132.5092027614111,133.4647979736328,40200,0.0,0.0
2011-01-04 00:00:00+09:00,135.05745011430733,140.1539576657906,133.7833232264365,138.24276733398438,80600,0.0,0.0
2011-01-05 00:00:00+09:00,139.83544921875,141.42810809367882,137.28719501886388,139.83544921875,94000,0.0,0.0
2011-01-06 00:00:00+09:00,142.38367775508334,142.70220947265625,141.74661431993755,142.70220947265625,63000,0.0,0.0
2011-01-07 00:00:00+09:00,142.70219868568233,143.33926207267197,142.06513529869267,142.3836669921875,47400,0.0,0.0
2011-01-11 00:00:00+09:00,142.70220947265625,144.2948680605207,140.79101916721888,142.70220947265625,72400,0.0,0.0
2011-01-12 00:00:00+09:00,143.6578585794763,143.6578585794763,140.47254020742582,141.10960388183594,52400,0.0,0.0
2011-01-13 00:00:00+09:00,141.74662329156303,142.70221850476457,140.47249634062763,142.06515502929688,103000,0.0,0.0
2011-01-14 00:00:00+09:00,143.33926207267197,143.33926207267197,141.42807191170303,142.3836669921875,43600,0.0,0.0
2011-01-17 00:00:00+09:00,142.38368676703072,142.70221850476457,141.74662329156303,142.06515502929688,56600,0.0,0.0
2011-01-18 00:00:00+09:00,142.06517949713484,144.93196563048508,141.74664770454035,144.61343383789062,87200,0.0,0.0
2011-01-19 00:00:00+09:00,144.61335958067647,146.2060177258381,143.9762963226118,145.56895446777344,63000,0.0,0.0
2011-01-20 00:00:00+09:00,145.56905527638864,145.88758712600875,143.97639602828812,144.93199157714844,56800,0.0,0.0
2011-01-21 00:00:00+09:00,144.2948700513708,144.2948700513708,137.28717216808127,138.24276733398438,127800,0.0,0.0
2011-01-24 00:00:00+09:00,139.5169174437642,142.06517164365033,138.8798538937927,139.83544921875,120400,0.0,0.0
2011-01-25 00:00:00+09:00,141.1096184332639,144.29493713378906,141.1096184332639,144.29493713378906,121200,0.0,0.0
2011-01-26 00:00:00+09:00,141.7466070892614,142.70220219323394,138.87982177734375,138.87982177734375,238800,0.0,0.0
2011-01-27 00:00:00+09:00,139.5318858184459,143.44399476662662,139.5318858184459,139.85789489746094,232800,5.0,0.0
2011-01-28 00:00:00+09:00,139.20587186394883,141.8139444047254,137.90183559356055,141.16192626953125,116800,0.0,0.0
2011-01-31 00:00:00+09:00,140.50990312989404,142.13994840982323,139.53187596193655,141.48793029785156,63200,0.0,0.0
2011-02-01 00:00:00+09:00,141.48788352324584,141.48788352324584,138.55380298935364,139.53182983398438,64600,0.0,0.0
2011-02-02 00:00:00+09:00,140.18387950550428,143.4439697265625,139.85787048339844,143.4439697265625,53400,0.0,0.0
2011-02-03 00:00:00+09:00,143.44395908740682,143.44395908740682,141.16189610192535,142.13992309570312,29200,0.0,0.0
2011-02-04 00:00:00+09:00,143.44400535341842,144.7480417657222,143.11799625034246,144.0960235595703,93400,0.0,0.0
2011-02-07 00:00:00+09:00,144.09599328201807,146.0520474894663,143.76998424744338,145.0740203857422,75200,0.0,0.0
2011-02-08 00:00:00+09:00,146.0520474894663,146.378056524041,145.0740203857422,145.0740203857422,53000,0.0,0.0
2011-02-09 00:00:00+09:00,146.0520474894663,146.0520474894663,144.09599328201807,145.0740203857422,49400,0.0,0.0
2011-02-10 00:00:00+09:00,145.0740258110894,148.00810723198785,145.0740258110894,146.70407104492188,71600,0.0,0.0
2011-02-14 00:00:00+09:00,148.98612449562157,148.98612449562157,147.68208839500343,148.3341064453125,31600,0.0,0.0
2011-02-15 00:00:00+09:00,148.0081024169922,149.3121385616353,147.68209338083142,148.0081024169922,29800,0.0,0.0
2011-02-16 00:00:00+09:00,148.33413191008987,148.986150072332,146.70408650448448,148.66014099121094,36400,0.0,0.0
2011-02-17 00:00:00+09:00,149.3120929208835,149.3120929208835,148.33406611135806,148.986083984375,44600,0.0,0.0
2011-02-18 00:00:00+09:00,149.96417731569525,149.96417731569525,148.66014099121094,148.66014099121094,52400,0.0,0.0
2011-02-21 00:00:00+09:00,148.6601151998064,148.6601151998064,147.0300700770015,147.3560791015625,15000,0.0,0.0
2011-02-22 00:00:00+09:00,144.74799117699868,146.05202713354822,143.44395522044914,145.40000915527344,44600,0.0,0.0
2011-02-23 00:00:00+09:00,145.07402498428135,148.6601244782748,142.79196166992188,142.79196166992188,62400,0.0,0.0
2011-02-24 00:00:00+09:00,142.13994840982323,143.44398463376655,140.18389407390822,141.48793029785156,39800,0.0,0.0
2011-02-25 00:00:00+09:00,140.183904392649,143.77000427246094,140.183904392649,143.77000427246094,41600,0.0,0.0
2011-02-28 00:00:00+09:00,141.81393514543572,146.37806179379456,140.18388991387897,145.72604370117188,77600,0.0,0.0
2011-03-01 00:00:00+09:00,145.07405086879817,146.05207817802602,143.77001445649435,144.0960235595703,41200,0.0,0.0
2011-03-02 00:00:00+09:00,143.44397933394822,143.44397933394822,140.83590698242188,140.83590698242188,31400,0.0,0.0
2011-03-03 00:00:00+09:00,142.79191536738955,143.44393324577948,140.83586173221983,141.8138885498047,40400,0.0,0.0
2011-03-04 00:00:00+09:00,142.79196124606662,142.79196124606662,139.5318708066587,140.83590698242188,57400,0.0,0.0
2011-03-07 00:00:00+09:00,140.83586562682535,140.83586562682535,137.5757761447229,139.53182983398438,40400,0.0,0.0
2011-03-08 00:00:00+09:00,142.13992710740354,142.79194512165768,138.55382802900573,138.8798370361328,58000,0.0,0.0
2011-03-09 00:00:00+09:00,139.20587673943083,141.8139493715513,139.20587673943083,139.85789489746094,20400,0.0,0.0
2011-03-10 00:00:00+09:00,138.55382737659272,139.2058453877767,136.27176433744884,136.9237823486328,36000,0.0,0.0
2011-03-11 00:00:00+09:00,139.5318800592997,139.5318800592997,134.96775314147214,135.29376220703125,92400,0.0,0.0
2011-03-14 00:00:00+09:00,114.42919190203557,126.16551927660332,114.10318280829757,119.31932830810547,50200,0.0,0.0
2011-03-15 00:00:00+09:00,114.7551488527824,114.7551488527824,93.2385584428857,98.12869262695312,127000,0.0,0.0
2011-03-16 00:00:00+09:00,102.69282760620118,123.55740210396904,99.43273784092494,114.10314178466797,173200,0.0,0.0
2011-03-17 00:00:00+09:00,111.49512211526758,115.08122253417969,105.95296692240339,115.08122253417969,169800,0.0,0.0
2011-03-18 00:00:00+09:00,112.4731182337457,120.29733515435409,111.82110015702833,119.64531707763672,92200,0.0,0.0
2011-03-22 00:00:00+09:00,123.23142040825878,127.79554709004614,123.23142040825878,125.83949279785156,56800,0.0,0.0
2011-03-23 00:00:00+09:00,128.44754525298683,129.0995632491949,125.83947326815462,128.1215362548828,51200,0.0,0.0
2011-03-24 00:00:00+09:00,130.07758020328572,132.03363404092912,128.77354431152344,128.77354431152344,53200,0.0,0.0
2011-03-25 00:00:00+09:00,133.98969121309338,138.2278079667922,131.38161936466335,136.59776306152344,69200,0.0,0.0
2011-03-28 00:00:00+09:00,139.20587158203125,141.48793505058913,134.9677537118523,139.20587158203125,77800,0.0,0.0
2011-03-29 00:00:00+09:00,139.20584505296154,139.20584505296154,134.9677279904592,135.9457550048828,40600,0.0,0.0
2011-03-30 00:00:00+09:00,138.22784950238565,140.18390397647602,138.22784950238565,139.85789489746094,39600,0.0,0.0
2011-03-31 00:00:00+09:00,141.8139444047254,141.8139444047254,138.22784466115763,141.16192626953125,44000,0.0,0.0
2011-04-01 00:00:00+09:00,141.16191602636266,142.79196124606662,139.5318708066587,140.83590698242188,14800,0.0,0.0
2011-04-04 00:00:00+09:00,140.5099081343371,142.79197160751661,137.90183559356055,141.16192626953125,22600,0.0,0.0
2011-04-05 00:00:00+09:00,136.92380244915302,137.57582055605374,134.3157300215501,135.61976623535156,19400,0.0,0.0
2011-04-06 00:00:00+09:00,136.27175593497185,136.27175593497185,125.1874504282995,128.44754028320312,39800,0.0,0.0
2011-04-07 00:00:00+09:00,131.0556071221074,131.70762506798854,128.4475353385829,128.77354431152344,14800,0.0,0.0
2011-04-08 00:00:00+09:00,128.44754028320312,130.72960318163567,128.44754028320312,128.44754028320312,42000,0.0,0.0
2011-04-11 00:00:00+09:00,128.12152191391564,131.0556025684328,127.14349502907659,130.07757568359375,24800,0.0,0.0
2011-04-12 00:00:00+09:00,127.46951825867475,132.03364423213114,127.46951825867475,128.1215362548828,18600,0.0,0.0
2011-04-13 00:00:00+09:00,128.77355987702182,131.70764098814385,128.77355987702182,129.7515869140625,26200,0.0,0.0
2011-04-14 00:00:00+09:00,129.75156672198074,131.3816115300458,128.77353983714167,130.07757568359375,19400,0.0,0.0
2011-04-15 00:00:00+09:00,131.0556071221074,132.03363404092912,128.77354431152344,128.77354431152344,18400,0.0,0.0
2011-04-18 00:00:00+09:00,130.40358917622626,132.35964301386966,127.46950841976118,128.77354431152344,30200,0.0,0.0
2011-04-19 00:00:00+09:00,128.44754525298683,133.0116712264432,127.14350926057072,128.1215362548828,33800,0.0,0.0
2011-04-20 00:00:00+09:00,128.4475353385829,130.07758020328572,127.46950841976118,128.77354431152344,29400,0.0,0.0
2011-04-21 00:00:00+09:00,129.75159868512833,129.75159868512833,125.51348114013672,125.51348114013672,45800,0.0,0.0
2011-04-22 00:00:00+09:00,126.16551730097557,127.79556274414062,125.83950821234257,127.79556274414062,26000,0.0,0.0
2011-04-25 00:00:00+09:00,130.40363576152535,132.03368120854444,129.42560849331392,131.70767211914062,39000,0.0,0.0
2011-04-26 00:00:00+09:00,130.40361546758393,131.05563354492188,128.12155219690123,131.05563354492188,91400,0.0,0.0
2011-04-27 00:00:00+09:00,130.4036049387563,131.70764098814385,129.42557790171563,129.7515869140625,20800,0.0,0.0
2011-04-28 00:00:00+09:00,130.40363576152535,132.03368120854444,130.40363576152535,131.70767211914062,16200,0.0,0.0
2011-05-02 00:00:00+09:00,133.01166725631978,133.01166725631978,130.72960433770646,131.38162231445312,8600,0.0,0.0
2011-05-06 00:00:00+09:00,131.3816115300458,131.3816115300458,128.12152191391564,130.07757568359375,17200,0.0,0.0
2011-05-09 00:00:00+09:00,129.7516072078676,129.7516072078676,129.0995890811949,129.42559814453125,10800,0.0,0.0
2011-05-10 00:00:00+09:00,129.42556723967422,130.07758521065495,127.46951332673204,128.44754028320312,25600,0.0,0.0
2011-05-11 00:00:00+09:00,130.07758020328572,130.07758020328572,128.77354431152344,128.77354431152344,23600,0.0,0.0
2011-05-12 00:00:00+09:00,128.44754525298683,129.42557224729893,128.1215362548828,128.1215362548828,18000,0.0,0.0
2011-05-13 00:00:00+09:00,128.44756766160327,129.09958577156067,124.86146805683771,125.1874771118164,46400,0.0,0.0
2011-05-16 00:00:00+09:00,124.20944475503492,126.49150804449751,124.20944475503492,124.53545379638672,20800,0.0,0.0
2011-05-17 00:00:00+09:00,123.88341027607756,125.83946412254194,123.88341027607756,124.20941925048828,42600,0.0,0.0
2011-05-18 00:00:00+09:00,125.18746392645119,126.16549098837659,119.9713195961824,123.55741882324219,48400,0.0,0.0
2011-05-19 00:00:00+09:00,121.60138456217447,124.53546622721353,121.27537548828124,122.25340270996094,22600,0.0,0.0
2011-05-20 00:00:00+09:00,122.25339489598427,122.9054130020962,121.2753677368164,121.2753677368164,18800,0.0,0.0
2011-05-23 00:00:00+09:00,122.25335741799975,123.88340218357308,122.25335741799975,123.23138427734375,14400,0.0,0.0
2011-05-24 00:00:00+09:00,123.23141189819988,123.23141189819988,121.2753577410856,121.92737579345703,12400,0.0,0.0
2011-05-25 00:00:00+09:00,123.5574442813271,124.20946245695414,122.57941701788651,123.88345336914062,19800,0.0,0.0
2011-05-26 00:00:00+09:00,125.51346427005059,128.1215362548828,123.88341927953046,128.1215362548828,53800,0.0,0.0
2011-05-27 00:00:00+09:00,127.14352879138278,127.14352879138278,121.92738402045426,124.86146545410156,18200,0.0,0.0
2011-05-30 00:00:00+09:00,124.53542822489901,125.83946412254194,122.57937437843464,124.20941925048828,29800,0.0,0.0
2011-05-31 00:00:00+09:00,125.18747187909031,125.51348092044212,124.53545379638672,124.53545379638672,14200,0.0,0.0
2011-06-01 00:00:00+09:00,124.53542822489901,125.83946412254194,123.55740130166683,124.20941925048828,24000,0.0,0.0
2011-06-02 00:00:00+09:00,122.90540814906993,123.23141718925314,122.57939910888672,122.57939910888672,44400,0.0,0.0
2011-06-03 00:00:00+09:00,122.57939910888672,123.55742622943635,122.25339006870351,122.57939910888672,29200,0.0,0.0
2011-06-06 00:00:00+09:00,122.90541546795819,124.53546076594172,119.31931581239442,120.62335205078125,44200,0.0,0.0
2011-06-07 00:00:00+09:00,120.94937377679544,121.60139196427141,118.99331921436747,119.31932830810547,30400,0.0,0.0
2011-06-08 00:00:00+09:00,118.9932945577856,122.25338481964275,118.9932945577856,121.92737579345703,34200,0.0,0.0
2011-06-09 00:00:00+09:00,121.92738584292832,121.92738584292832,120.62334963070448,121.2753677368164,13200,0.0,0.0
2011-06-10 00:00:00+09:00,121.92739363606769,122.57941178385416,120.62335734049478,122.25340270996094,43200,0.0,0.0
2011-06-13 00:00:00+09:00,120.29732513427736,120.62333414548135,119.97131612307335,120.29732513427734,19200,0.0,0.0
2011-06-14 00:00:00+09:00,120.62335734049478,122.57941178385416,120.62335734049478,122.25340270996094,29800,0.0,0.0
2011-06-15 00:00:00+09:00,122.25337749450846,123.23140451446451,121.92736848785643,122.9053955078125,21200,0.0,0.0
2011-06-16 00:00:00+09:00,121.92734846488509,124.86142904291708,121.92734846488509,123.23138427734375,42000,0.0,0.0
2011-06-17 00:00:00+09:00,123.88342252776856,124.20943153442059,122.9053955078125,122.9053955078125,16600,0.0,0.0
2011-06-20 00:00:00+09:00,123.88345336914062,124.53547154476767,123.23143519351356,123.88345336914062,13400,0.0,0.0
2011-06-21 00:00:00+09:00,124.53545379638672,124.53545379638672,123.88343571368313,124.53545379638672,21800,0.0,0.0
2011-06-22 00:00:00+09:00,125.51350659760227,127.46956124587659,125.51350659760227,126.81754302978516,40400,0.0,0.0
2011-06-23 00:00:00+09:00,126.8174945791972,127.14350356269128,125.83946762871496,126.49148559570312,24600,0.0,0.0
2011-06-24 00:00:00+09:00,127.14350926057072,129.0995632491949,127.14350926057072,128.1215362548828,41600,0.0,0.0
2011-06-27 00:00:00+09:00,128.77356981990314,129.75159693245936,128.4475607823844,129.09957885742188,58000,0.0,0.0
2011-06-28 00:00:00+09:00,129.09958923339846,131.05564361572266,129.09958923339846,130.40362548828125,23600,0.0,0.0
2011-06-29 00:00:00+09:00,131.38166310453298,133.66372673165887,131.38166310453298,132.68569946289062,30600,0.0,0.0
2011-06-30 00:00:00+09:00,133.66364080929063,134.6416674493586,133.0116230492453,134.31565856933594,41600,0.0,0.0
2011-07-01 00:00:00+09:00,136.27175408046966,136.59776306152344,135.94574509941592,136.59776306152344,58600,0.0,0.0
2011-07-04 00:00:00+09:00,138.55383850807368,141.1619107623433,138.55383850807368,140.1838836669922,73200,0.0,0.0
2011-07-05 00:00:00+09:00,139.85788484294562,141.8139391764134,139.85788484294562,140.50990295410156,27400,0.0,0.0
2011-07-06 00:00:00+09:00,140.18389407390822,142.13994840982323,140.18389407390822,141.48793029785156,45000,0.0,0.0
2011-07-07 00:00:00+09:00,141.48787961060975,142.46590642819461,140.83586173221983,141.8138885498047,31400,0.0,0.0
2011-07-08 00:00:00+09:00,141.8139144445606,143.44395943817625,141.8139144445606,143.11795043945312,30000,0.0,0.0
2011-07-11 00:00:00+09:00,142.46595262501336,143.76998880464737,141.81393453519638,142.79196166992188,47000,0.0,0.0
2011-07-12 00:00:00+09:00,142.46595764160156,142.79196669798966,141.81393952882533,142.46595764160156,20400,0.0,0.0
2011-07-13 00:00:00+09:00,141.8138885498047,143.44393324577948,141.48787961060975,141.8138885498047,59400,0.0,0.0
2011-07-14 00:00:00+09:00,141.48787961060975,141.8138885498047,139.857834914635,141.8138885498047,62000,0.0,0.0
2011-07-15 00:00:00+09:00,141.16192626953125,141.48793533712833,140.18389906674005,141.16192626953125,24400,0.0,0.0
2011-07-19 00:00:00+09:00,139.53187578736765,140.8359120096795,139.53187578736765,140.50990295410156,47600,0.0,0.0
2011-07-20 00:00:00+09:00,141.1619212418657,142.13994840982323,140.8359121858799,141.48793029785156,44400,0.0,0.0
2011-07-21 00:00:00+09:00,142.13994840982323,142.13994840982323,140.8359121858799,141.48793029785156,27000,0.0,0.0
2011-07-22 00:00:00+09:00,141.48787961060975,142.13989748899965,141.1618706714148,141.8138885498047,57600,0.0,0.0
2011-07-25 00:00:00+09:00,141.48791559392757,143.4439697265625,141.16190657182173,143.4439697265625,93400,0.0,0.0
2011-07-26 00:00:00+09:00,142.46590642819461,142.46590642819461,141.48787961060975,141.8138885498047,123400,0.0,0.0
2011-07-27 00:00:00+09:00,140.81285259092053,142.147571572825,138.47709437258771,139.8118133544922,157000,5.0,0.0
2011-07-28 00:00:00+09:00,139.14445386353995,140.1454930999683,137.47605513615937,139.8118133544922,58600,0.0,0.0
2011-07-29 00:00:00+09:00,138.81077967412898,139.144459432961,136.14134160347265,136.4750213623047,47600,0.0,0.0
2011-08-01 00:00:00+09:00,137.14238087996878,137.80974039763285,136.14134160347265,136.4750213623047,27200,0.0,0.0
2011-08-02 00:00:00+09:00,134.4729773298425,135.8076967078062,134.13929748535156,134.13929748535156,19400,0.0,0.0
2011-08-03 00:00:00+09:00,133.1382618528424,134.80666112418126,131.80354243577128,132.13722229003906,27000,0.0,0.0
2011-08-04 00:00:00+09:00,132.13722229003906,137.1424201040557,130.4688230187002,132.13722229003906,38600,0.0,0.0
2011-08-05 00:00:00+09:00,127.46566661198933,128.46670587857562,127.46566661198933,128.13302612304688,28800,0.0,0.0
2011-08-08 00:00:00+09:00,126.46465239273876,128.13305150082238,125.12993310627185,126.79833221435547,37600,0.0,0.0
2011-08-09 00:00:00+09:00,122.79417991124073,124.46257909481737,120.79210089094876,123.79521942138672,37600,0.0,0.0
2011-08-10 00:00:00+09:00,125.46361231365856,127.46569123355737,124.46257285370915,127.13201141357422,21800,0.0,0.0
2011-08-11 00:00:00+09:00,125.7972927495053,126.79833221435547,124.79625328465512,126.79833221435547,24800,0.0,0.0
2011-08-12 00:00:00+09:00,129.46775700495792,129.8014367910532,125.4635995718149,125.79727935791016,18200,0.0,0.0
2011-08-15 00:00:00+09:00,130.46883450711937,130.46883450711937,125.46363625237055,126.46467590332031,14000,0.0,0.0
2011-08-16 00:00:00+09:00,127.13203567062016,127.46571555427008,125.12995636872063,126.46467590332031,21800,0.0,0.0
2011-08-17 00:00:00+09:00,125.12991163465712,126.46463069209345,123.46151281286168,126.13095092773438,22200,0.0,0.0
2011-08-18 00:00:00+09:00,127.13201455867038,127.13201455867038,124.46257593276653,125.46361541748047,18200,0.0,0.0
2011-08-19 00:00:00+09:00,123.79520476057722,124.79624415217219,123.12784516618058,123.4615249633789,29200,0.0,0.0
2011-08-22 00:00:00+09:00,123.46155051976605,124.12891025230533,121.12579145587858,122.1268310546875,41400,0.0,0.0
2011-08-23 00:00:00+09:00,124.46259011857497,125.46362971738388,120.12475185706967,122.1268310546875,34200,0.0,0.0
2011-08-24 00:00:00+09:00,122.79419281594352,122.79419281594352,120.7921135852488,121.12579345703125,39400,0.0,0.0
2011-08-25 00:00:00+09:00,122.7941474609375,125.46358544921875,122.7941474609375,125.1299057006836,30000,0.0,0.0
2011-08-26 00:00:00+09:00,126.46467590332031,126.46467590332031,125.12995636872063,126.46467590332031,38800,0.0,0.0
2011-08-29 00:00:00+09:00,126.1309591440054,126.1309591440054,122.12680171086238,125.79727935791016,32600,0.0,0.0
2011-08-30 00:00:00+09:00,126.13098471797502,126.13098471797502,123.46154588796497,124.46258544921875,19800,0.0,0.0
2011-08-31 00:00:00+09:00,124.79624415217219,124.79624415217219,121.45944618018898,123.4615249633789,30600,0.0,0.0
2011-09-01 00:00:00+09:00,124.46256435497386,124.46256435497386,122.46048557178393,123.4615249633789,19800,0.0,0.0
2011-09-02 00:00:00+09:00,125.12992394937051,125.12992394937051,122.46048557178393,123.4615249633789,22600,0.0,0.0
2011-09-05 00:00:00+09:00,123.79520476057722,124.46256435497386,122.79416536898226,123.4615249633789,17400,0.0,0.0
2011-09-06 00:00:00+09:00,121.79313977559408,124.12889862060547,121.79313977559408,124.12889862060547,34600,0.0,0.0
2011-09-07 00:00:00+09:00,123.79518373774206,125.12990269987405,123.12782425667606,123.52824401855469,15800,0.0,0.0
2011-09-08 00:00:00+09:00,125.12993357811702,125.12993357811702,122.1268151722422,122.46049499511719,47200,0.0,0.0
2011-09-09 00:00:00+09:00,122.46047154716823,123.12783106513645,122.46047154716823,122.79415130615234,39800,0.0,0.0
2011-09-12 00:00:00+09:00,122.12679178818412,123.46151082412057,121.4594322702159,122.79415130615234,43600,0.0,0.0
2011-09-13 00:00:00+09:00,122.46051226605425,122.46051226605425,120.79211291638049,121.45947265625,30000,0.0,0.0
2011-09-14 00:00:00+09:00,121.45945222642686,121.79313204023573,118.79001371595595,120.1247329711914,56800,0.0,0.0
2011-09-15 00:00:00+09:00,119.45737395645185,120.12473358749348,119.12369414093104,119.79105377197266,12800,0.0,0.0
2011-09-16 00:00:00+09:00,119.45737334357368,120.79209259880913,119.45737334357368,120.1247329711914,23600,0.0,0.0
2011-09-20 00:00:00+09:00,120.79209446840258,121.12577428737607,119.12369537353514,119.12369537353516,11400,0.0,0.0
2011-09-21 00:00:00+09:00,120.12473483045561,120.12473483045561,118.79001555456166,119.12369537353516,29400,0.0,0.0
2011-09-22 00:00:00+09:00,119.12369414093104,119.79105377197266,117.45529506332696,119.79105377197266,29400,0.0,0.0
2011-09-26 00:00:00+09:00,121.79313266509756,121.79313266509756,119.79105377197266,119.79105377197266,43200,0.0,0.0
2011-09-27 00:00:00+09:00,119.45735371631125,122.79415130615234,119.12367395732713,122.79415130615234,27200,0.0,0.0
2011-09-28 00:00:00+09:00,122.1268323961195,122.46051226605425,121.12579278631524,121.45947265625,35200,0.0,0.0
2011-09-29 00:00:00+09:00,122.46048149695763,125.79727935791016,121.45944213867188,125.79727935791016,27600,0.0,0.0
2011-09-30 00:00:00+09:00,126.1309591440054,127.13199850229117,125.12991978571965,125.79727935791016,27800,0.0,0.0
2011-10-03 00:00:00+09:00,125.79729779561362,126.7983373006185,122.46049944559734,124.12889862060547,27800,0.0,0.0
2011-10-04 00:00:00+09:00,123.46151082412057,124.12887034208877,122.12679178818412,122.79415130615234,18400,0.0,0.0
2011-10-05 00:00:00+09:00,123.12784818884444,125.12992702118338,121.79312896728516,121.79312896728516,25600,0.0,0.0
2011-10-06 00:00:00+09:00,121.79311202920002,122.79415130615234,121.79311202920002,122.79415130615234,13000,0.0,0.0
2011-10-07 00:00:00+09:00,122.46046771240235,125.1299057006836,122.46046771240235,125.1299057006836,7800,0.0,0.0
2011-10-11 00:00:00+09:00,127.79939543792,127.79939543792,125.12995636872063,126.46467590332031,16600,0.0,0.0
2011-10-12 00:00:00+09:00,126.79835578697023,126.79835578697023,125.46363625237055,126.46467590332031,10400,0.0,0.0
2011-10-13 00:00:00+09:00,127.13198419189453,127.13198419189453,125.1299057006836,125.1299057006836,9800,0.0,0.0
2011-10-14 00:00:00+09:00,124.12888455777555,124.46256435497386,123.4615249633789,123.4615249633789,11600,0.0,0.0
2011-10-17 00:00:00+09:00,123.79522574171624,124.46258544921875,122.79418618046246,124.46258544921875,15800,0.0,0.0
2011-10-18 00:00:00+09:00,124.46256741040374,124.46256741040374,121.79312896728516,121.79312896728516,13000,0.0,0.0
2011-10-19 00:00:00+09:00,122.46051294416107,122.79419281594352,120.7921135852488,121.12579345703125,28600,0.0,0.0
2011-10-20 00:00:00+09:00,121.12576935650551,121.79312896728516,120.45840974572586,121.79312896728516,23800,0.0,0.0
2011-10-21 00:00:00+09:00,121.79312896728516,122.4604885780648,121.79312896728516,121.79312896728516,12000,0.0,0.0
2011-10-24 00:00:00+09:00,123.46154588796497,124.46258544921875,123.12786603421372,124.46258544921875,27800,0.0,0.0
2011-10-25 00:00:00+09:00,124.79625328465512,126.79833221435547,124.79625328465512,126.79833221435547,48200,0.0,0.0
2011-10-26 00:00:00+09:00,126.79834442547754,126.79834442547754,124.46258544921875,124.46258544921875,85200,0.0,0.0
2011-10-27 00:00:00+09:00,124.12891671777086,126.46467590332031,123.79523683412094,126.46467590332031,18400,0.0,0.0
2011-10-28 00:00:00+09:00,126.79831871619591,128.1330378605769,125.79727935791016,125.79727935791016,33400,0.0,0.0
2011-10-31 00:00:00+09:00,124.79624415217219,125.79728354376715,123.4615249633789,123.4615249633789,27200,0.0,0.0
2011-11-01 00:00:00+09:00,122.79416536898226,123.4615249633789,122.46048557178393,123.4615249633789,16600,0.0,0.0
2011-11-02 00:00:00+09:00,121.79316227455878,121.79316227455878,120.12476279134566,120.45844268798828,37200,0.0,0.0
2011-11-04 00:00:00+09:00,121.12579145587858,122.79419078722677,121.12579145587858,122.1268310546875,12000,0.0,0.0
2011-11-07 00:00:00+09:00,121.4594733288137,121.79315320059615,120.7921135852488,121.12579345703125,8600,0.0,0.0
2011-11-08 00:00:00+09:00,121.79316926397671,122.12684917976843,120.79212951660156,120.79212951660156,4000,0.0,0.0
2011-11-09 00:00:00+09:00,121.79315118841787,122.1268310546875,121.45947132214822,122.1268310546875,11200,0.0,0.0
2011-11-10 00:00:00+09:00,119.45737658924239,122.46049499511719,119.45737658924239,122.46049499511719,11000,0.0,0.0
2011-11-11 00:00:00+09:00,121.79315252618476,121.79315252618476,120.45843304644573,121.45947265625,10200,0.0,0.0
2011-11-14 00:00:00+09:00,120.7921135852488,121.12579345703125,120.45843371346633,121.12579345703125,13000,0.0,0.0
2011-11-15 00:00:00+09:00,121.45948934818499,121.45948934818499,120.79212951660156,120.79212951660156,6200,0.0,0.0
2011-11-16 00:00:00+09:00,121.79316227455878,121.79316227455878,120.45844268798828,120.45844268798828,3400,0.0,0.0
2011-11-17 00:00:00+09:00,120.1247572232891,120.4584371044649,119.45739746093749,119.4573974609375,12800,0.0,0.0
2011-11-18 00:00:00+09:00,119.45737519250864,119.45737519250864,118.45633573558817,119.12369537353516,7600,0.0,0.0
2011-11-21 00:00:00+09:00,118.45632874563839,119.12368834420536,118.45632874563839,118.79000854492188,4400,0.0,0.0
2011-11-22 00:00:00+09:00,118.79001432541021,120.12473358749348,118.79001432541021,119.79105377197266,9000,0.0,0.0
2011-11-24 00:00:00+09:00,118.79001555456166,119.79105501148213,118.79001555456166,119.12369537353516,24800,0.0,0.0
2011-11-25 00:00:00+09:00,119.4573703295564,122.79416838345462,119.4573703295564,121.79312896728516,26800,0.0,0.0
2011-11-28 00:00:00+09:00,122.79420901135187,123.46156884293529,120.79212951660156,120.79212951660156,92000,0.0,0.0
2011-11-29 00:00:00+09:00,121.79317939572219,123.12789916992189,121.79317939572219,123.12789916992188,15600,0.0,0.0
2011-11-30 00:00:00+09:00,122.12683307237862,122.79419281594352,121.12579345703125,121.12579345703125,10200,0.0,0.0
2011-12-01 00:00:00+09:00,122.79417481799217,122.79417481799217,121.45945552649225,122.46049499511719,14400,0.0,0.0
2011-12-02 00:00:00+09:00,123.12785464086714,123.12785464086714,120.7920958807423,122.46049499511719,14400,0.0,0.0
2011-12-05 00:00:00+09:00,123.12786603421372,125.46362501047251,122.46050632671121,124.46258544921875,11800,0.0,0.0
2011-12-06 00:00:00+09:00,125.12993558924249,125.79729524571846,122.46049696333866,125.46361541748047,22600,0.0,0.0
2011-12-07 00:00:00+09:00,126.4646431381638,126.4646431381638,121.45944618018898,123.4615249633789,55600,0.0,0.0
2011-12-08 00:00:00+09:00,114.4521746826172,119.12369201660157,114.4521746826172,116.78793334960938,119000,0.0,0.0
2011-12-09 00:00:00+09:00,116.78793483310275,120.1247329711914,116.4542550192939,120.1247329711914,72400,0.0,0.0
2011-12-12 00:00:00+09:00,123.46153446374213,123.46153446374213,121.79313534936723,122.46049499511719,57000,0.0,0.0
2011-12-13 00:00:00+09:00,120.12473623499234,123.46153446374213,120.12473623499234,122.46049499511719,23200,0.0,0.0
2011-12-14 00:00:00+09:00,122.46051639151972,122.79419627269553,118.45635781741008,119.4573974609375,39200,0.0,0.0
2011-12-15 00:00:00+09:00,118.79000854492188,119.79104794277234,118.45632874563839,118.79000854492188,17600,0.0,0.0
2011-12-16 00:00:00+09:00,118.79000854492188,119.79104794277234,118.45632874563839,118.79000854492188,15200,0.0,0.0
2011-12-19 00:00:00+09:00,119.45736814348885,119.79104794277234,118.45632874563839,118.79000854492188,15200,0.0,0.0
2011-12-20 00:00:00+09:00,119.7910773421133,120.1247572232891,119.12371757976169,119.4573974609375,17800,0.0,0.0
2011-12-21 00:00:00+09:00,120.12473608742297,120.7920957323531,118.1226571526326,118.45633697509766,29400,0.0,0.0
2011-12-22 00:00:00+09:00,119.45739746093749,122.12683651034392,119.45739746093749,119.4573974609375,82400,0.0,0.0
2011-12-26 00:00:00+09:00,119.79105626495792,119.79105626495792,117.45529750770247,118.45633697509766,61600,0.0,0.0
2011-12-27 00:00:00+09:00,118.45632874563839,120.12472774205582,118.45632874563839,118.79000854492188,15600,0.0,0.0
2011-12-28 00:00:00+09:00,119.79105315738255,121.125772412618,118.79001371595595,120.1247329711914,20000,0.0,0.0
2011-12-29 00:00:00+09:00,121.45947265625,121.79315252618476,120.45843304644573,121.45947265625,38800,0.0,0.0
2011-12-30 00:00:00+09:00,122.46053928282204,123.12789916992189,122.12685933927212,123.12789916992188,14600,0.0,0.0
2012-01-04 00:00:00+09:00,123.46153958467139,124.46257909481737,123.12785974795607,123.79521942138672,82800,0.0,0.0
2012-01-05 00:00:00+09:00,124.46256435497386,124.79624415217219,123.12784516618058,123.4615249633789,127800,0.0,0.0
2012-01-06 00:00:00+09:00,123.46151082412057,124.46255010107289,122.46047154716823,122.79415130615234,48600,0.0,0.0
2012-01-10 00:00:00+09:00,123.12785974795607,123.79521942138672,122.79417991124073,123.79521942138672,35400,0.0,0.0
2012-01-11 00:00:00+09:00,123.79525905702174,123.79525905702174,123.12789916992189,123.12789916992188,24800,0.0,0.0
2012-01-12 00:00:00+09:00,123.12785464086714,123.46153446374213,122.46049499511719,122.46049499511719,27600,0.0,0.0
2012-01-13 00:00:00+09:00,122.12685933927212,123.79525905702174,122.12685933927212,123.12789916992188,65200,0.0,0.0
2012-01-16 00:00:00+09:00,123.46153958467139,123.79521942138672,123.12785974795607,123.79521942138672,33800,0.0,0.0
2012-01-17 00:00:00+09:00,124.12889862060547,124.12889862060547,123.46153895060222,124.12889862060547,63600,0.0,0.0
2012-01-18 00:00:00+09:00,124.46257909481737,124.7962589315327,123.79521942138672,123.79521942138672,98000,0.0,0.0
2012-01-19 00:00:00+09:00,124.4625784556071,124.4625784556071,123.79521878560385,124.12889862060547,47000,0.0,0.0
2012-01-20 00:00:00+09:00,124.12890494443516,125.12994450043867,124.12890494443516,124.7962646484375,82200,0.0,0.0
2012-01-23 00:00:00+09:00,125.46361541748047,125.79729524571846,125.12993558924249,125.46361541748047,74800,0.0,0.0
2012-01-24 00:00:00+09:00,126.13099601967039,126.79835578697023,125.79731613602047,126.46467590332031,88200,0.0,0.0
2012-01-25 00:00:00+09:00,126.46465177360795,127.13201141357423,126.46465177360795,127.13201141357422,121000,0.0,0.0
2012-01-26 00:00:00+09:00,127.13201141357423,127.46569123355737,126.13097195362482,127.13201141357422,340000,0.0,0.0
2012-01-27 00:00:00+09:00,125.07596021085172,126.7893295288086,121.99189543852935,126.7893295288086,309000,5.0,0.0
2012-01-30 00:00:00+09:00,125.41866947405904,126.10401739468232,123.70529967250086,124.0479736328125,63200,0.0,0.0
2012-01-31 00:00:00+09:00,124.39064818162184,125.07599610548753,121.30658252422626,124.73332214355469,62400,0.0,0.0
2012-02-01 00:00:00+09:00,124.39057922363281,124.73325299559875,124.04790545166689,124.39057922363281,28000,0.0,0.0
2012-02-02 00:00:00+09:00,124.73325299559875,124.73325299559875,123.36255790773502,124.39057922363281,20400,0.0,0.0
2012-02-03 00:00:00+09:00,124.39057922363281,124.39057922363281,123.70523167970096,124.39057922363281,20400,0.0,0.0
2012-02-06 00:00:00+09:00,124.73332155343576,124.73332155343576,123.36262571218921,124.0479736328125,28800,0.0,0.0
2012-02-07 00:00:00+09:00,124.73332155343576,124.73332155343576,123.70529967250086,124.0479736328125,26200,0.0,0.0
2012-02-08 00:00:00+09:00,124.04797421968901,124.73332214355469,122.67727837195763,124.73332214355469,45200,0.0,0.0
2012-02-09 00:00:00+09:00,124.04797421968901,124.73332214355469,123.36262629582332,124.73332214355469,32400,0.0,0.0
2012-02-10 00:00:00+09:00,124.39061660977943,124.39061660977943,123.36259498490521,123.70526885986328,31200,0.0,0.0
2012-02-13 00:00:00+09:00,123.01995175187758,124.04797363281249,123.01995175187758,124.0479736328125,26600,0.0,0.0
2012-02-14 00:00:00+09:00,124.39064818162184,124.73332214355469,123.70530025775616,124.73332214355469,29200,0.0,0.0
2012-02-15 00:00:00+09:00,124.73331575808317,126.10401153564453,124.73331575808317,126.10401153564453,31000,0.0,0.0
2012-02-16 00:00:00+09:00,125.0759506225586,126.10397213452484,125.0759506225586,125.0759506225586,22600,0.0,0.0
2012-02-17 00:00:00+09:00,126.10398062308414,127.13200220425058,124.73328518152887,125.76130676269531,32000,0.0,0.0
2012-02-20 00:00:00+09:00,127.47467122613428,128.50269276828053,127.1319973787522,128.16001892089844,55600,0.0,0.0
2012-02-21 00:00:00+09:00,127.13201939162387,129.18806283191967,126.44667157819194,127.47469329833984,27600,0.0,0.0
2012-02-22 00:00:00+09:00,128.50270233556904,130.21607170004327,128.50270233556904,129.87339782714844,41000,0.0,0.0
2012-02-23 00:00:00+09:00,130.2160652520145,130.9014129638672,128.84536982830906,130.9014129638672,71400,0.0,0.0
2012-02-24 00:00:00+09:00,131.92944702921037,135.35618591308594,130.21607758727257,135.35618591308594,82800,0.0,0.0
2012-02-27 00:00:00+09:00,137.06957758689413,137.06957758689413,134.32818603515625,134.32818603515625,98000,0.0,0.0
2012-02-28 00:00:00+09:00,133.30008949241056,135.35613200386163,133.30008949241056,135.01345825195312,33800,0.0,0.0
2012-02-29 00:00:00+09:00,135.35620786705795,135.35620786705795,133.30016420325455,134.32818603515625,51400,0.0,0.0
2012-03-01 00:00:00+09:00,133.30016167958578,133.9855095545451,131.24411805470785,131.5867919921875,28800,0.0,0.0
2012-03-02 00:00:00+09:00,132.61482058547614,132.61482058547614,130.21610290046752,130.55877685546875,23600,0.0,0.0
2012-03-05 00:00:00+09:00,129.87335919576978,130.55870673769996,129.5306854248047,129.5306854248047,23200,0.0,0.0
2012-03-06 00:00:00+09:00,130.21605554879187,130.21605554879187,129.1880340576172,129.1880340576172,33600,0.0,0.0
2012-03-07 00:00:00+09:00,129.5306854248047,129.5306854248047,128.5026641119094,129.5306854248047,36400,0.0,0.0
2012-03-08 00:00:00+09:00,130.21605554879187,131.24407703996653,129.1880340576172,129.1880340576172,37200,0.0,0.0
2012-03-09 00:00:00+09:00,131.9294305591632,134.32814747842073,131.586756713555,133.9854736328125,72400,0.0,0.0
2012-03-12 00:00:00+09:00,136.3842010498047,136.72687492178912,133.98548394591364,136.3842010498047,63000,0.0,0.0
2012-03-13 00:00:00+09:00,136.04151996813323,139.12558465254935,135.3561722604852,136.72686767578125,51200,0.0,0.0
2012-03-14 00:00:00+09:00,137.41221292510286,138.44023446818343,134.6708221435547,134.6708221435547,120600,0.0,0.0
2012-03-15 00:00:00+09:00,135.69885330583583,137.41222266575798,135.69885330583583,136.3842010498047,36000,0.0,0.0
2012-03-16 00:00:00+09:00,137.0695655025653,138.44026115759095,136.38421767505247,137.75491333007812,79000,0.0,0.0
2012-03-19 00:00:00+09:00,138.78295954673823,140.15365544349612,138.78295954673823,139.4683074951172,48400,0.0,0.0
2012-03-21 00:00:00+09:00,139.46826821506613,139.46826821506613,137.06955107131807,138.44024658203125,46400,0.0,0.0
2012-03-22 00:00:00+09:00,139.12560898510378,140.49630464012944,136.72689158880888,137.75491333007812,59600,0.0,0.0
2012-03-23 00:00:00+09:00,138.0975799560547,138.44025385172728,136.72688437336433,138.0975799560547,65600,0.0,0.0
2012-03-26 00:00:00+09:00,138.097555809021,138.4402296447754,137.0695343017578,137.0695343017578,62800,0.0,0.0
2012-03-27 00:00:00+09:00,137.75492979153037,139.12562561035156,137.06958188211976,139.12562561035156,40000,0.0,0.0
2012-03-28 00:00:00+09:00,139.12562561035156,139.81097351976217,138.44027770094098,139.12562561035156,32800,0.0,0.0
2012-03-29 00:00:00+09:00,140.15364200324183,142.20968565121115,138.0975983552725,141.5243377685547,42400,0.0,0.0
2012-03-30 00:00:00+09:00,142.2096405029297,144.26568349815278,141.86696667039251,142.2096405029297,53000,0.0,0.0
2012-04-02 00:00:00+09:00,143.9230499267578,145.63641956874304,142.55235421316965,143.9230499267578,30200,0.0,0.0
2012-04-03 00:00:00+09:00,142.89503353386758,143.580381416524,141.5243377685547,141.5243377685547,28400,0.0,0.0
2012-04-04 00:00:00+09:00,142.55234279492666,143.58036449777467,140.15362548828125,140.15362548828125,30000,0.0,0.0
2012-04-05 00:00:00+09:00,137.41223497228322,141.18164790169746,137.41223497228322,140.83897399902344,52000,0.0,0.0
2012-04-06 00:00:00+09:00,140.1536038222822,141.52429921418718,140.1536038222822,141.18162536621094,20000,0.0,0.0
2012-04-09 00:00:00+09:00,141.86696667039251,143.92300966561558,140.4962713402438,142.2096405029297,44400,0.0,0.0
2012-04-10 00:00:00+09:00,143.58033918376228,144.95103454589844,143.23766534322826,144.95103454589844,31400,0.0,0.0
2012-04-11 00:00:00+09:00,142.55229995690948,144.95101654272284,142.55229995690948,142.8949737548828,43800,0.0,0.0
2012-04-12 00:00:00+09:00,143.23764755285615,143.92299514880284,142.55229995690948,142.8949737548828,50600,0.0,0.0
2012-04-13 00:00:00+09:00,143.92299514880284,143.92299514880284,141.86695236096278,142.8949737548828,32000,0.0,0.0
2012-04-16 00:00:00+09:00,140.49627767025845,142.89499460609213,140.49627767025845,141.18162536621094,37400,0.0,0.0
2012-04-17 00:00:00+09:00,140.49628984810101,140.49628984810101,138.44024658203125,138.44024658203125,30400,0.0,0.0
2012-04-18 00:00:00+09:00,140.49627767025845,143.23766845406837,140.49627767025845,141.18162536621094,26600,0.0,0.0
2012-04-19 00:00:00+09:00,142.2096802847726,144.6083977835519,142.2096802847726,143.9230499267578,31200,0.0,0.0
2012-04-20 00:00:00+09:00,144.26569406229174,145.29371563518217,143.58034634703145,144.60836791992188,28800,0.0,0.0
2012-04-23 00:00:00+09:00,145.29370838643248,146.66440374856865,144.26568686483037,144.95103454589844,34400,0.0,0.0
2012-04-24 00:00:00+09:00,144.26571655273438,145.63641219694088,143.92304264168274,144.26571655273438,50800,0.0,0.0
2012-04-25 00:00:00+09:00,144.9510449076808,147.34976196289062,144.9510449076808,147.34976196289062,82600,0.0,0.0
2012-04-26 00:00:00+09:00,147.34976196289062,147.34976196289062,146.66441423283067,147.34976196289062,91600,0.0,0.0
2012-04-27 00:00:00+09:00,147.6924631391253,148.03513706752233,143.9230499267578,143.9230499267578,65400,0.0,0.0
2012-05-01 00:00:00+09:00,143.9230499267578,143.9230499267578,143.9230499267578,143.9230499267578,0,0.0,0.0
2012-05-02 00:00:00+09:00,143.23768615722656,144.60838171853973,143.23768615722656,143.23768615722656,20200,0.0,0.0
2012-05-07 00:00:00+09:00,140.1536038222822,142.20964691013964,140.1536038222822,141.18162536621094,24800,0.0,0.0
2012-05-08 00:00:00+09:00,141.18159066065968,143.9229807705754,141.18159066065968,143.58030700683594,17200,0.0,0.0
2012-05-09 00:00:00+09:00,141.52429921418718,142.55232075811588,141.18162536621094,141.18162536621094,32200,0.0,0.0
2012-05-10 00:00:00+09:00,139.81097589022872,141.8670196533203,138.7829540086829,141.8670196533203,22200,0.0,0.0
2012-05-11 00:00:00+09:00,142.89501741506757,143.92303912308964,140.83897399902344,140.83897399902344,23800,0.0,0.0
2012-05-14 00:00:00+09:00,139.81094209274443,141.5243114811359,138.44024658203125,138.44024658203125,24600,0.0,0.0
2012-05-15 00:00:00+09:00,139.468265109592,139.468265109592,130.55874448834044,135.6988525390625,50000,0.0,0.0
2012-05-16 00:00:00+09:00,136.04153368986107,136.72688146663617,132.95746869437303,135.35618591308594,24600,0.0,0.0
2012-05-17 00:00:00+09:00,133.98543699622758,136.7268270114957,132.61474198859355,135.01345825195312,22800,0.0,0.0
2012-05-18 00:00:00+09:00,131.24409634691185,132.6147918701172,131.24409634691185,132.6147918701172,23600,0.0,0.0
2012-05-21 00:00:00+09:00,131.24408840515454,135.35617472594265,131.24408840515454,132.27210998535156,11600,0.0,0.0
2012-05-22 00:00:00+09:00,132.95746575091854,133.98548739332253,132.6147918701172,132.6147918701172,13600,0.0,0.0
2012-05-23 00:00:00+09:00,132.61478384541724,133.64280542561428,132.27210998535156,132.27210998535156,16600,0.0,0.0
2012-05-24 00:00:00+09:00,133.30014038085938,133.30014038085938,132.27211873267794,133.30014038085938,22400,0.0,0.0
2012-05-25 00:00:00+09:00,134.32815069901315,136.72686767578125,132.6147814298931,136.72686767578125,27000,0.0,0.0
2012-05-28 00:00:00+09:00,136.3842010498047,136.3842010498047,135.01350556186696,136.3842010498047,31600,0.0,0.0
2012-05-29 00:00:00+09:00,136.3842002791588,136.3842002791588,135.35617866901438,135.6988525390625,10000,0.0,0.0
2012-05-30 00:00:00+09:00,136.04152717782026,136.3842010498047,133.98548394591364,136.3842010498047,19400,0.0,0.0
2012-05-31 00:00:00+09:00,132.27214237135283,134.6708599791235,132.27214237135283,134.32818603515625,13200,0.0,0.0
2012-06-01 00:00:00+09:00,132.9574796910697,133.30015360779925,131.24411010742188,131.24411010742188,9800,0.0,0.0
2012-06-04 00:00:00+09:00,128.50269884676547,129.87339430113096,126.7893295288086,126.7893295288086,21800,0.0,0.0
2012-06-05 00:00:00+09:00,129.53075317382812,130.90144897460937,127.47470947265624,128.5027313232422,20000,0.0,0.0
2012-06-06 00:00:00+09:00,129.18805378813363,133.30014038085938,129.18805378813363,133.30014038085938,17200,0.0,0.0
2012-06-07 00:00:00+09:00,134.32815705886995,135.6988525390625,133.98548318882183,135.6988525390625,19400,0.0,0.0
2012-06-08 00:00:00+09:00,136.0415175343288,137.06953907740936,129.1880405804583,134.6708221435547,50000,0.0,0.0
2012-06-11 00:00:00+09:00,135.01349760963575,136.72686686864128,135.01349760963575,136.04151916503906,13000,0.0,0.0
2012-06-12 00:00:00+09:00,135.01349128723143,137.0695343017578,133.64279594421387,137.0695343017578,12600,0.0,0.0
2012-06-13 00:00:00+09:00,136.38424172741188,140.83900339187508,136.38424172741188,139.4683074951172,40600,0.0,0.0
2012-06-14 00:00:00+09:00,139.4683074951172,139.81098146930665,138.44028557254876,139.4683074951172,7200,0.0,0.0
2012-06-15 00:00:00+09:00,139.46829956505687,140.49632142917278,138.44027770094098,139.12562561035156,6200,0.0,0.0
2012-06-18 00:00:00+09:00,141.1816471911293,141.1816471911293,138.44025598353454,140.15362548828125,19600,0.0,0.0
2012-06-19 00:00:00+09:00,140.49625161253374,141.5242729657962,138.7828826904297,138.7828826904297,13600,0.0,0.0
2012-06-20 00:00:00+09:00,139.46822405796425,140.15357159633263,139.46822405796425,139.81089782714844,4800,0.0,0.0
2012-06-21 00:00:00+09:00,140.83898988589826,141.86701170988292,140.15364200324183,141.5243377685547,12000,0.0,0.0
2012-06-22 00:00:00+09:00,141.8669898693378,143.23768542363092,141.18164209219125,142.55233764648438,15600,0.0,0.0
2012-06-25 00:00:00+09:00,144.9510361897024,146.3217315673828,143.9230146564421,146.3217315673828,31400,0.0,0.0
2012-06-26 00:00:00+09:00,143.23763324309647,143.58030700683594,142.20961195187806,143.58030700683594,40400,0.0,0.0
2012-06-27 00:00:00+09:00,142.5523105837264,145.293701171875,142.20963676020784,145.293701171875,10400,0.0,0.0
2012-06-28 00:00:00+09:00,145.636385499463,147.6924285888672,145.29371165122896,147.6924285888672,36200,0.0,0.0
2012-06-29 00:00:00+09:00,146.66440704416507,147.6924285888672,145.97905934769702,147.6924285888672,26800,0.0,0.0
2012-07-02 00:00:00+09:00,150.7764730932506,151.4618206982199,149.40577788331194,150.09112548828125,67000,0.0,0.0
2012-07-03 00:00:00+09:00,151.11920166015625,153.5179191468254,150.77652773348922,151.11920166015625,50000,0.0,0.0
2012-07-04 00:00:00+09:00,151.11920296315395,153.17524654088396,150.7765290335323,152.48989868164062,47600,0.0,0.0
2012-07-05 00:00:00+09:00,153.17524654088396,153.17524654088396,151.8045508223973,152.48989868164062,29400,0.0,0.0
2012-07-06 00:00:00+09:00,152.48989802720047,153.1752458835025,150.43385445829438,151.80455017089844,26600,0.0,0.0
2012-07-09 00:00:00+09:00,150.77649172111478,154.20323016932193,150.77649172111478,152.83253479003906,66800,0.0,0.0
2012-07-10 00:00:00+09:00,156.94464978530453,159.68604104792996,151.8045411678819,157.97267150878906,64600,0.0,0.0
2012-07-11 00:00:00+09:00,158.6580105577494,158.6580105577494,155.23127166881312,156.94464111328125,24200,0.0,0.0
2012-07-12 00:00:00+09:00,154.88862670360683,156.25932251514317,154.54595275072276,155.573974609375,22800,0.0,0.0
2012-07-13 00:00:00+09:00,154.8886260986328,155.23130005017848,152.14723448626765,154.8886260986328,24600,0.0,0.0
2012-07-17 00:00:00+09:00,153.51788230020492,153.51788230020492,144.6083623452823,146.3217315673828,54600,0.0,0.0
2012-07-18 00:00:00+09:00,143.58038513183592,151.1192120361328,143.23771118164063,145.6364288330078,85000,0.0,0.0
2012-07-19 00:00:00+09:00,150.7764892578125,152.48985845392403,150.0911415793679,150.7764892578125,45200,0.0,0.0
2012-07-20 00:00:00+09:00,150.77651178103645,150.77651178103645,149.7484901098021,150.433837890625,17400,0.0,0.0
2012-07-23 00:00:00+09:00,148.72045013356927,148.72045013356927,147.34975474063316,147.6924285888672,26000,0.0,0.0
2012-07-24 00:00:00+09:00,147.69247253417967,150.7765380859375,141.86701538085939,145.6364288330078,101400,0.0,0.0
2012-07-25 00:00:00+09:00,142.89502814156668,144.95107171194894,141.86700635637555,143.9230499267578,73200,0.0,0.0
2012-07-26 00:00:00+09:00,137.41220684740918,142.55231433546686,134.67081618711174,142.2096405029297,231800,0.0,0.0
2012-07-27 00:00:00+09:00,141.8584903669946,147.47664840133103,140.80508573555653,142.20962524414062,110800,5.0,0.0
2012-07-30 00:00:00+09:00,147.12552304721487,152.04141164545118,146.42325324746685,151.33914184570312,44400,0.0,0.0
2012-07-31 00:00:00+09:00,152.0414617061615,157.30848693847656,148.17897653579712,157.30848693847656,41800,0.0,0.0
2012-08-01 00:00:00+09:00,154.85047797634178,156.60615232981505,153.0948036228685,153.7970733642578,11000,0.0,0.0
2012-08-02 00:00:00+09:00,153.0948036228685,154.14820823495248,149.23232004522734,153.7970733642578,19800,0.0,0.0
2012-08-03 00:00:00+09:00,153.09487765652315,153.09487765652315,150.63693237304688,150.63693237304688,12800,0.0,0.0
2012-08-06 00:00:00+09:00,152.39256286621094,152.39256286621094,151.3391580537717,152.39256286621094,20600,0.0,0.0
2012-08-07 00:00:00+09:00,152.39256349616096,154.49937312974842,152.0414285572297,153.09483337402344,20800,0.0,0.0
2012-08-08 00:00:00+09:00,153.44595678273998,156.95730590820312,153.44595678273998,156.95730590820312,41000,0.0,0.0
2012-08-09 00:00:00+09:00,157.30844082074944,157.30844082074944,155.55276625801787,156.95730590820312,29600,0.0,0.0
2012-08-10 00:00:00+09:00,156.9573519229889,158.0107569694519,155.90394687652588,157.30848693847656,25000,0.0,0.0
2012-08-13 00:00:00+09:00,157.65962195396423,157.65962195396423,154.85054183006287,157.30848693847656,13200,0.0,0.0
2012-08-14 00:00:00+09:00,158.0107569694519,158.0107569694519,154.4994068145752,157.30848693847656,22600,0.0,0.0
2012-08-15 00:00:00+09:00,156.95733476496065,156.95733476496065,154.4993899252409,154.85052490234375,17600,0.0,0.0
2012-08-16 00:00:00+09:00,154.85047681084995,154.85047681084995,150.28572352617635,152.74366760253906,11200,0.0,0.0
2012-08-17 00:00:00+09:00,154.14825522306276,156.2550650894372,153.09485028987555,155.20166015625,17800,0.0,0.0
2012-08-20 00:00:00+09:00,150.98802280205777,152.39256254905365,150.6368878653088,152.0414276123047,30800,0.0,0.0
2012-08-21 00:00:00+09:00,152.392580062624,156.25506481075502,152.392580062624,154.85052490234375,15200,0.0,0.0
2012-08-22 00:00:00+09:00,168.89593166775174,172.05614660540198,163.628906771668,164.3311767578125,430200,0.0,0.0
2012-08-23 00:00:00+09:00,164.33114525579637,165.03341510731684,160.81979599819388,163.27774047851562,149600,0.0,0.0
2012-08-24 00:00:00+09:00,163.27774274147163,165.73568725585938,162.575472880218,165.73568725585938,49200,0.0,0.0
2012-08-27 00:00:00+09:00,167.4913782059519,167.84251317074424,166.43797331157484,166.7891082763672,85800,0.0,0.0
2012-08-28 00:00:00+09:00,166.78912010027733,166.78912010027733,162.224365234375,162.224365234375,47000,0.0,0.0
2012-08-29 00:00:00+09:00,163.98002595041953,165.73570074646258,161.87321619516788,163.62889099121094,23000,0.0,0.0
2012-08-30 00:00:00+09:00,163.62890302347193,163.62890302347193,158.01074326300937,159.415283203125,23800,0.0,0.0
2012-08-31 00:00:00+09:00,159.415223369974,162.22430219587665,159.415223369974,160.4686279296875,9400,0.0,0.0
2012-09-03 00:00:00+09:00,159.76641818815392,160.81982314324065,159.0641482180961,159.415283203125,23400,0.0,0.0
2012-09-04 00:00:00+09:00,161.5221071243286,161.5221071243286,157.30848693847656,157.30848693847656,20200,0.0,0.0
2012-09-05 00:00:00+09:00,155.90394687652588,157.30848693847656,155.5528118610382,157.30848693847656,12000,0.0,0.0
2012-09-06 00:00:00+09:00,159.7664364604419,164.33119178788309,158.71303138487855,163.9800567626953,31400,0.0,0.0
2012-09-07 00:00:00+09:00,166.08678558149276,167.14019014120623,160.4686279296875,160.4686279296875,45800,0.0,0.0
2012-09-10 00:00:00+09:00,162.2243816367564,163.9800567626953,160.11757148562967,163.9800567626953,15400,0.0,0.0
2012-09-11 00:00:00+09:00,164.33114525579637,164.33114525579637,161.17093092395413,163.27774047851562,21000,0.0,0.0
2012-09-12 00:00:00+09:00,162.22435027219308,163.27775514409043,161.87321531489394,162.5754852294922,8600,0.0,0.0
2012-09-13 00:00:00+09:00,162.92661868432725,163.2777536383883,160.11753905183886,160.81980895996094,13400,0.0,0.0
2012-09-14 00:00:00+09:00,162.92660555275538,163.27774047851562,161.17093092395413,163.27774047851562,28000,0.0,0.0
2012-09-18 00:00:00+09:00,161.87322971509852,162.57549969217052,160.8198247494905,161.5220947265625,13800,0.0,0.0
2012-09-19 00:00:00+09:00,162.22435027219308,162.5754852294922,161.17094540029572,162.5754852294922,22800,0.0,0.0
2012-09-20 00:00:00+09:00,162.9266201867913,163.27775514409043,161.52208035759483,162.5754852294922,10400,0.0,0.0
2012-09-21 00:00:00+09:00,162.5755002240598,162.5755002240598,160.81982527563582,162.224365234375,13600,0.0,0.0
2012-09-24 00:00:00+09:00,162.57549969217052,162.57549969217052,160.1175547724185,161.5220947265625,24400,0.0,0.0
2012-09-25 00:00:00+09:00,162.22432231497257,165.0334014892578,161.52205252140126,165.0334014892578,39600,0.0,0.0
2012-09-26 00:00:00+09:00,162.92660685134595,164.68228149414062,162.57547192278702,164.68228149414062,37600,0.0,0.0
2012-09-27 00:00:00+09:00,165.0333877756626,166.43792724609375,162.22430883480024,166.43792724609375,23200,0.0,0.0
2012-09-28 00:00:00+09:00,167.49137339872473,168.19364330815336,161.1709442138672,161.1709442138672,25800,0.0,0.0
2012-10-01 00:00:00+09:00,163.98003800850083,163.98003800850083,158.7130132330672,159.415283203125,17600,0.0,0.0
2012-10-02 00:00:00+09:00,159.41523705623536,160.46864170638668,158.7129672894678,159.06410217285156,21400,0.0,0.0
2012-10-03 00:00:00+09:00,159.76641571387816,160.46868567306007,154.49939102001406,156.25506591796875,55600,0.0,0.0
2012-10-04 00:00:00+09:00,157.6596072048611,158.36187717013888,155.90393229166665,158.0107421875,9200,0.0,0.0
2012-10-05 00:00:00+09:00,157.65962195396423,157.65962195396423,156.25508189201355,157.30848693847656,9400,0.0,0.0
2012-10-09 00:00:00+09:00,158.01073997808257,158.01073997808257,154.49939020079185,155.20166015625,25000,0.0,0.0
2012-10-10 00:00:00+09:00,154.850525999605,156.25506591796875,152.04144616287746,156.25506591796875,29000,0.0,0.0
2012-10-11 00:00:00+09:00,156.25504685329236,156.25504685329236,151.33915773880673,152.0414276123047,21400,0.0,0.0
2012-10-12 00:00:00+09:00,151.3391878693192,153.44599790926333,150.98805286266185,151.69032287597656,15400,0.0,0.0
2012-10-15 00:00:00+09:00,151.33915867936722,153.09483337402344,150.6368888015047,153.09483337402344,6000,0.0,0.0
2012-10-16 00:00:00+09:00,151.3391745877972,154.85052434621477,151.3391745877972,154.14825439453125,15600,0.0,0.0
2012-10-17 00:00:00+09:00,155.9039309383778,157.3084708567416,155.55279595878687,156.25506591796875,14800,0.0,0.0
2012-10-18 00:00:00+09:00,157.6596072048611,158.0107421875,156.95733723958332,158.0107421875,9400,0.0,0.0
2012-10-19 00:00:00+09:00,158.01074326300937,159.415283203125,157.65960827798045,159.415283203125,15200,0.0,0.0
2012-10-22 00:00:00+09:00,158.361832406084,159.76637193961912,158.01069752270024,159.06410217285156,12200,0.0,0.0
2012-10-23 00:00:00+09:00,159.415283203125,160.11755317318284,158.3618782480383,159.415283203125,10400,0.0,0.0
2012-10-24 00:00:00+09:00,158.3618642815336,160.81980895996094,158.01072932747255,160.81980895996094,27400,0.0,0.0
2012-10-25 00:00:00+09:00,160.81979727999234,164.68228149414062,160.4686623514334,164.68228149414062,40800,0.0,0.0
2012-10-26 00:00:00+09:00,165.03344568712956,165.03344568712956,161.52209577889278,162.9266357421875,76200,0.0,0.0
2012-10-29 00:00:00+09:00,160.81981131754208,164.68229586883675,160.81981131754208,163.62889099121094,20800,0.0,0.0
2012-10-30 00:00:00+09:00,160.81983709335327,164.68232226371765,156.9573519229889,157.30848693847656,51000,0.0,0.0
2012-10-31 00:00:00+09:00,158.01072932747255,161.52207886808304,158.01072932747255,160.81980895996094,17600,0.0,0.0
2012-11-01 00:00:00+09:00,160.81979727999234,164.68228149414062,160.81979727999234,164.68228149414062,27000,0.0,0.0
2012-11-02 00:00:00+09:00,164.68226659247216,165.0334014892578,162.92659210854387,165.0334014892578,10800,0.0,0.0
2012-11-05 00:00:00+09:00,164.33117517248377,165.03344515185336,160.46869028595103,162.224365234375,11200,0.0,0.0
2012-11-06 00:00:00+09:00,161.1709737924429,162.5755138690655,159.7664337158203,159.7664337158203,9800,0.0,0.0
2012-11-07 00:00:00+09:00,160.1175537109375,161.52209365577028,160.1175537109375,160.1175537109375,9400,0.0,0.0
2012-11-08 00:00:00+09:00,159.7663711920017,159.7663711920017,158.36183166503906,158.36183166503906,12000,0.0,0.0
2012-11-09 00:00:00+09:00,158.3618777114733,158.7130126953125,158.01074272763412,158.7130126953125,10600,0.0,0.0
2012-11-12 00:00:00+09:00,157.3084857329289,157.3084857329289,155.5528106689453,155.5528106689453,16000,0.0,0.0
2012-11-13 00:00:00+09:00,155.20165987944657,155.55279485654938,154.4993899252409,154.85052490234375,15000,0.0,0.0
2012-11-14 00:00:00+09:00,154.4993431056471,154.4993431056471,153.7970733642578,153.7970733642578,7600,0.0,0.0
2012-11-15 00:00:00+09:00,153.79712106083218,156.95733587715065,153.79712106083218,156.25506591796875,18000,0.0,0.0
2012-11-16 00:00:00+09:00,154.85052787308143,158.7130126953125,154.85052787308143,158.7130126953125,15600,0.0,0.0
2012-11-19 00:00:00+09:00,159.7664187247293,160.8198236833539,158.71301376610472,160.1175537109375,13400,0.0,0.0
2012-11-20 00:00:00+09:00,160.81981044299658,162.5754852294922,159.41527061380012,162.5754852294922,19000,0.0,0.0
2012-11-21 00:00:00+09:00,162.22435027219308,162.5754852294922,160.11754052839837,162.5754852294922,13400,0.0,0.0
2012-11-22 00:00:00+09:00,163.2777417799049,165.73568627981743,162.92660685134595,164.68228149414062,34000,0.0,0.0
2012-11-26 00:00:00+09:00,164.6823268130709,165.03346183825866,163.6289217375075,163.9800567626953,52000,0.0,0.0
2012-11-27 00:00:00+09:00,162.9266236636513,166.7891082763672,162.9266236636513,166.7891082763672,28400,0.0,0.0
2012-11-28 00:00:00+09:00,166.78913696419758,166.78913696419758,163.9800567626953,163.9800567626953,14000,0.0,0.0
2012-11-29 00:00:00+09:00,163.98004071465854,164.6823106963059,162.57550075136382,162.9266357421875,19600,0.0,0.0
2012-11-30 00:00:00+09:00,162.92665030589072,165.03346043915656,161.8732452392578,161.8732452392578,16800,0.0,0.0
2012-12-03 00:00:00+09:00,162.92665030589072,162.92665030589072,161.52211021704684,161.8732452392578,9000,0.0,0.0
2012-12-04 00:00:00+09:00,160.4687051504139,161.8732452392578,160.11757012820294,161.8732452392578,16000,0.0,0.0
2012-12-05 00:00:00+09:00,161.8732452392578,161.8732452392578,160.11757012820294,161.8732452392578,26800,0.0,0.0
2012-12-06 00:00:00+09:00,161.87321619516788,163.98002595041953,161.87321619516788,163.62889099121094,42000,0.0,0.0
2012-12-07 00:00:00+09:00,172.40725093776896,174.8651954521567,165.38455232523256,165.73568725585938,324400,0.0,0.0
2012-12-10 00:00:00+09:00,167.4913960564997,170.30047607421875,167.1402610542848,170.30047607421875,81600,0.0,0.0
2012-12-11 00:00:00+09:00,170.6516120770226,172.05615209411746,169.9493420684752,171.70501708984375,68800,0.0,0.0
2012-12-12 00:00:00+09:00,171.70498563036506,171.70498563036506,169.94931093066808,170.65158081054688,56600,0.0,0.0
2012-12-13 00:00:00+09:00,170.30047707274892,172.05615209411746,170.30047707274892,171.70501708984375,49200,0.0,0.0
2012-12-14 00:00:00+09:00,171.00274582539708,171.35388082709196,169.9493408203125,169.9493408203125,50600,0.0,0.0
2012-12-17 00:00:00+09:00,171.00274607864853,172.05615108529318,170.30047607421875,170.30047607421875,30000,0.0,0.0
2012-12-18 00:00:00+09:00,171.35388233418368,172.75842235331635,170.3004773198342,172.05615234375,44000,0.0,0.0
2012-12-19 00:00:00+09:00,173.46067810058594,173.81181307649805,172.40727317284959,173.46067810058594,30400,0.0,0.0
2012-12-20 00:00:00+09:00,173.46066497376341,176.97201446715943,172.4072601257446,175.91860961914062,118200,0.0,0.0
2012-12-21 00:00:00+09:00,177.32316750602945,181.53678732795493,177.32316750602945,179.4299774169922,129200,0.0,0.0
2012-12-25 00:00:00+09:00,186.80380362895,188.20834350585938,185.39926375204058,188.20834350585938,211200,0.0,0.0
2012-12-26 00:00:00+09:00,186.80380612994554,191.36856079101562,185.0481312603032,191.36856079101562,124600,0.0,0.0
2012-12-27 00:00:00+09:00,191.36857452109484,191.71970952021613,188.91062952724593,189.2617645263672,87800,0.0,0.0
2012-12-28 00:00:00+09:00,189.26174841354143,189.96401835199615,187.85720853663204,188.20834350585938,74600,0.0,0.0
2013-01-04 00:00:00+09:00,191.71971130371094,192.42198130848644,189.61290128938444,191.71971130371094,58600,0.0,0.0
2013-01-07 00:00:00+09:00,194.52882268306982,194.52882268306982,191.71974221111213,192.42201232910156,74000,0.0,0.0
2013-01-08 00:00:00+09:00,193.1242673557747,194.17767245044254,192.42199729266278,192.77313232421875,53800,0.0,0.0
2013-01-09 00:00:00+09:00,192.77311731511895,194.52879233620382,192.070847306685,193.12425231933594,62800,0.0,0.0
2013-01-10 00:00:00+09:00,194.17766075945914,198.7424158948533,194.17766075945914,198.04014587402344,86400,0.0,0.0
2013-01-11 00:00:00+09:00,198.0401322214227,202.25375205592104,196.9867272627981,200.14694213867188,75000,0.0,0.0
2013-01-15 00:00:00+09:00,202.6049048851276,204.71171498791924,202.6049048851276,203.65830993652344,71600,0.0,0.0
2013-01-16 00:00:00+09:00,205.06275622049967,205.06275622049967,201.55140765508014,202.25367736816406,86600,0.0,0.0
2013-01-17 00:00:00+09:00,200.49804327828545,201.55144805908202,193.82647966657368,196.63555908203125,93400,0.0,0.0
2013-01-18 00:00:00+09:00,198.39129703145633,201.55151238239986,198.0401619924626,199.4447021484375,65400,0.0,0.0
2013-01-21 00:00:00+09:00,200.84924230441243,202.25378246038733,198.74243207045004,199.4447021484375,52800,0.0,0.0
2013-01-22 00:00:00+09:00,200.14697308306927,201.55151324505573,199.44470300207604,200.8492431640625,41000,0.0,0.0
2013-01-23 00:00:00+09:00,200.84919709374316,201.55146701365135,199.79579221388087,200.49806213378906,53600,0.0,0.0
2013-01-24 00:00:00+09:00,199.7957789059115,204.0093981447005,199.7957789059115,202.6048583984375,80000,0.0,0.0
2013-01-25 00:00:00+09:00,203.65830993652344,203.65830993652344,200.84922979946793,203.65830993652344,95200,0.0,0.0
2013-01-28 00:00:00+09:00,203.30708193778992,203.30708193778992,202.25367736816406,202.25367736816406,227800,0.0,0.0
2013-01-29 00:00:00+09:00,200.82438823154996,202.61108207702637,199.03769438607353,200.10971069335938,184400,5.0,0.0
2013-01-30 00:00:00+09:00,199.39501112390292,200.4670273127411,199.03767239429018,199.75234985351562,87200,0.0,0.0
2013-01-31 00:00:00+09:00,200.10971069335938,200.82438823154996,199.39503315516882,200.10971069335938,64000,0.0,0.0
2013-02-01 00:00:00+09:00,201.89641823548016,202.2537570288173,199.39504668212024,200.82440185546875,68800,0.0,0.0
2013-02-04 00:00:00+09:00,202.25373478581776,202.6110735398563,200.10970226158648,200.467041015625,56600,0.0,0.0
2013-02-05 00:00:00+09:00,199.39501583382193,200.10969330992882,197.25098340550124,197.6083221435547,59800,0.0,0.0
2013-02-06 00:00:00+09:00,198.32302509654653,199.03770266446202,195.10697604092687,196.5363311767578,50600,0.0,0.0
2013-02-07 00:00:00+09:00,196.8936562921009,197.6083338104025,195.1069624963468,195.82164001464844,48200,0.0,0.0
2013-02-08 00:00:00+09:00,194.03492582828625,195.46428071468247,193.32024838508815,194.74960327148438,56400,0.0,0.0
2013-02-12 00:00:00+09:00,197.25101211044813,199.3950448507791,194.74964058006202,195.1069793701172,50800,0.0,0.0
2013-02-13 00:00:00+09:00,197.2510224231699,197.2510224231699,193.67763433579364,194.03497314453125,44800,0.0,0.0
2013-02-14 00:00:00+09:00,191.17621080461902,194.74959792246239,187.96016239856002,193.67758178710938,80200,0.0,0.0
2013-02-15 00:00:00+09:00,193.67756740863507,193.67756740863507,182.60006816570575,185.8161163330078,44800,0.0,0.0
2013-02-18 00:00:00+09:00,186.888172256214,194.03494748589713,186.888172256214,191.8909149169922,40000,0.0,0.0
2013-02-19 00:00:00+09:00,191.89089349869195,197.25097432267773,190.46153861229573,194.74960327148438,20600,0.0,0.0
2013-02-20 00:00:00+09:00,195.10699789666867,197.25103084058813,195.10699789666867,196.89369201660156,29200,0.0,0.0
2013-02-21 00:00:00+09:00,197.2510021578881,200.10971233408938,196.89366338586296,199.39503479003906,61200,0.0,0.0
2013-02-22 00:00:00+09:00,199.03766477883178,204.75508423387902,197.60830991506998,203.3257293701172,106400,0.0,0.0
2013-02-25 00:00:00+09:00,204.39776136140924,206.5417938232422,204.39776136140924,206.5417938232422,75200,0.0,0.0
2013-02-26 00:00:00+09:00,201.18171374339485,205.11243994442034,200.46703625229932,202.61106872558594,60000,0.0,0.0
2013-02-27 00:00:00+09:00,204.3977897888401,204.3977897888401,200.1097242687945,200.82440185546875,38600,0.0,0.0
2013-02-28 00:00:00+09:00,201.89640158342024,206.54180551365823,200.10970776409795,204.75511169433594,62000,0.0,0.0
2013-03-01 00:00:00+09:00,204.75509801219934,206.18445297214487,202.25372683229463,204.04042053222656,45200,0.0,0.0
2013-03-04 00:00:00+09:00,205.46978236912014,207.2564761288516,204.39776611328125,204.39776611328125,37800,0.0,0.0
2013-03-05 00:00:00+09:00,205.46978922206486,207.61382180525163,204.75511169433594,204.75511169433594,146800,0.0,0.0
2013-03-06 00:00:00+09:00,207.25650532167936,209.04319933307315,206.1844889148431,208.32852172851562,61200,0.0,0.0
2013-03-07 00:00:00+09:00,209.0431959421915,209.75787353515622,207.2565019597796,209.75787353515625,42800,0.0,0.0
2013-03-08 00:00:00+09:00,220.83532124333337,231.1981437612244,216.54725675317155,230.84080505371094,671800,0.0,0.0
2013-03-11 00:00:00+09:00,250.13719541428674,263.7160717367766,232.9849305858785,236.55831909179688,346600,0.0,0.0
2013-03-12 00:00:00+09:00,234.4142319798834,236.91560335771752,230.84084429726323,233.69955444335938,143000,0.0,0.0
2013-03-13 00:00:00+09:00,233.34226943647033,237.98767449416422,232.27025288469483,236.55831909179688,72400,0.0,0.0
2013-03-14 00:00:00+09:00,238.7022644601217,238.7022644601217,232.98484495209485,234.41419982910156,106400,0.0,0.0
2013-03-15 00:00:00+09:00,235.8435884419348,235.8435884419348,221.90737639763864,229.76882934570312,213600,0.0,0.0
2013-03-18 00:00:00+09:00,231.19818174892796,238.7022958396969,230.84084298270088,237.63027954101562,105800,0.0,0.0
2013-03-19 00:00:00+09:00,239.0596584871591,239.4169972890831,234.77159286407104,237.27296447753906,77600,0.0,0.0
2013-03-21 00:00:00+09:00,235.4862159868566,239.41694189862505,227.98210288257133,234.41419982910156,177600,0.0,0.0
2013-03-22 00:00:00+09:00,230.84082503318788,235.12888989448547,228.69679260253906,228.69679260253906,75000,0.0,0.0
2013-03-25 00:00:00+09:00,230.48353905310995,233.342249615009,228.33950613168568,232.27023315429688,53400,0.0,0.0
2013-03-26 00:00:00+09:00,230.84082557901579,235.12889045045262,229.76880936115657,231.912841796875,94800,0.0,0.0
2013-03-27 00:00:00+09:00,234.77153854835325,234.77153854835325,232.27016751359147,234.41419982910156,72400,0.0,0.0
2013-03-28 00:00:00+09:00,234.771587769678,234.771587769678,231.91287741631817,232.98489379882812,51200,0.0,0.0
2013-03-29 00:00:00+09:00,235.8435657536872,235.8435657536872,228.6967910338785,229.41146850585938,62200,0.0,0.0
2013-04-01 00:00:00+09:00,229.41142916211894,233.69949325860713,218.33393024619107,218.69126892089844,75200,0.0,0.0
2013-04-02 00:00:00+09:00,218.69130074637275,226.19541400727772,209.400493851919,225.12339782714844,87600,0.0,0.0
2013-04-03 00:00:00+09:00,228.69679005551302,234.0568710724391,228.69679005551302,233.34219360351562,77000,0.0,0.0
2013-04-04 00:00:00+09:00,235.12893667607113,238.70232477145217,231.55554858069013,238.34498596191406,92400,0.0,0.0
2013-04-05 00:00:00+09:00,239.416980432581,241.20367431640622,234.7715763346354,241.20367431640625,94400,0.0,0.0
2013-04-08 00:00:00+09:00,241.2036878847829,244.77707585344638,235.84360593178775,241.91836547851562,100600,0.0,0.0
2013-04-09 00:00:00+09:00,242.99036298479353,242.99036298479353,239.4169752938407,240.13165283203125,49000,0.0,0.0
2013-04-10 00:00:00+09:00,240.13165283203125,241.20366913931713,236.9156039101737,240.13165283203125,39200,0.0,0.0
2013-04-11 00:00:00+09:00,242.99035969570542,243.34769845996382,237.98761699608798,241.56100463867188,59000,0.0,0.0
2013-04-12 00:00:00+09:00,241.56100463867188,241.91834340293025,239.41697205312153,241.56100463867188,32400,0.0,0.0
2013-04-15 00:00:00+09:00,239.77431920934606,242.6330294234664,239.05964165581597,241.20367431640625,27600,0.0,0.0
2013-04-16 00:00:00+09:00,235.84353786109065,238.70224741092207,232.98482831125926,235.1288604736328,51600,0.0,0.0
2013-04-17 00:00:00+09:00,238.70228417239971,241.20365541372726,233.69954168974462,239.41696166992188,51800,0.0,0.0
2013-04-18 00:00:00+09:00,239.41693200629658,242.9903190511667,236.9155610748875,242.6329803466797,59800,0.0,0.0
2013-04-19 00:00:00+09:00,241.5610300775446,242.990385285104,238.7023196624257,240.489013671875,40600,0.0,0.0
2013-04-22 00:00:00+09:00,242.63304811430598,249.77982420014712,240.48901528855365,246.20643615722656,87800,0.0,0.0
2013-04-23 00:00:00+09:00,248.35044507012853,249.77980014966883,244.77705737127775,246.56375122070312,102600,0.0,0.0
2013-04-24 00:00:00+09:00,248.3504638671875,248.7078026641187,245.49175349173785,248.3504638671875,56600,0.0,0.0
2013-04-25 00:00:00+09:00,246.92110533707475,249.77981567382815,246.56376654498058,249.77981567382812,69000,0.0,0.0
2013-04-26 00:00:00+09:00,249.77979987728438,249.77979987728438,241.20366940939476,243.3477020263672,134600,0.0,0.0
2013-04-30 00:00:00+09:00,242.990285669553,246.56367222351702,240.1315764263818,244.0623016357422,54800,0.0,0.0
2013-05-01 00:00:00+09:00,244.06233902423702,246.56370999520286,242.9903228938231,244.419677734375,23800,0.0,0.0
2013-05-02 00:00:00+09:00,246.20641218233038,246.20641218233038,240.13165310090858,243.3477020263672,36400,0.0,0.0
2013-05-07 00:00:00+09:00,246.56375122070312,247.63576753035838,241.56100844231207,246.56375122070312,49400,0.0,0.0
2013-05-08 00:00:00+09:00,247.9930709751173,250.1371032890232,247.27839353714865,248.70774841308594,72800,0.0,0.0
2013-05-09 00:00:00+09:00,250.1371578518435,253.71054582115556,248.3504638671875,248.3504638671875,80200,0.0,0.0
2013-05-10 00:00:00+09:00,253.7105354811879,253.7105354811879,249.06513131040558,249.42247009277344,58400,0.0,0.0
2013-05-13 00:00:00+09:00,250.4944865916035,252.63851928710938,249.77980902643486,252.63851928710938,55000,0.0,0.0
2013-05-14 00:00:00+09:00,253.71058522383146,255.49727948597112,249.7798578471242,251.20921325683594,74000,0.0,0.0
2013-05-15 00:00:00+09:00,251.92380382477637,254.78251365541215,249.06509399414062,249.06509399414062,58400,0.0,0.0
2013-05-16 00:00:00+09:00,249.0651380896398,254.42521997105243,242.63303983194464,249.77981567382812,93000,0.0,0.0
2013-05-17 00:00:00+09:00,245.13441469480665,250.4944966487747,245.13441469480665,248.3504638671875,50000,0.0,0.0
2013-05-20 00:00:00+09:00,248.3504096941016,251.56645816496047,248.3504096941016,248.70774841308594,57800,0.0,0.0
2013-05-21 00:00:00+09:00,247.63579137439476,249.42248539585506,245.49175854864242,246.20643615722656,48600,0.0,0.0
2013-05-22 00:00:00+09:00,246.2064072610336,248.70777859750274,242.990358399859,245.49172973632812,50800,0.0,0.0
2013-05-23 00:00:00+09:00,248.35042045090867,251.20913032660258,233.34219360351562,233.34219360351562,97000,0.0,0.0
2013-05-24 00:00:00+09:00,234.41425406214705,245.13441811986718,232.27022125060302,237.27296447753906,93600,0.0,0.0
2013-05-27 00:00:00+09:00,237.2729644775391,237.2729644775391,227.62481682559095,237.27296447753906,78600,0.0,0.0
2013-05-28 00:00:00+09:00,230.84079081993977,239.05958058597477,230.1261134489802,234.0568389892578,114200,0.0,0.0
2013-05-29 00:00:00+09:00,234.05691526022304,238.34498088331108,232.98489885445102,237.27296447753906,37600,0.0,0.0
2013-05-30 00:00:00+09:00,237.27295054560122,237.27295054560122,225.4807707745096,230.1261749267578,77200,0.0,0.0
2013-05-31 00:00:00+09:00,230.12616951857942,230.48350829112377,223.33673284023624,225.83810424804688,74000,0.0,0.0
2013-06-03 00:00:00+09:00,224.0513701648247,224.40870887322157,219.7633056640625,219.7633056640625,49200,0.0,0.0
2013-06-04 00:00:00+09:00,219.76332934749243,219.76332934749243,214.04590939698855,219.40599060058594,76000,0.0,0.0
2013-06-05 00:00:00+09:00,219.4059942242402,224.76607551636334,217.26196170739095,221.19268798828125,42800,0.0,0.0
2013-06-06 00:00:00+09:00,217.97664364442133,222.26470876529518,214.4032560436931,215.83261108398438,74400,0.0,0.0
2013-06-07 00:00:00+09:00,208.68585038429234,214.76060972767073,206.18447888996008,209.40052795410156,107000,0.0,0.0
2013-06-10 00:00:00+09:00,212.9739558985976,217.97669982910156,210.82992278552447,217.97669982910156,51600,0.0,0.0
2013-06-11 00:00:00+09:00,220.47795532026777,226.91005126153976,217.97658467643976,218.33392333984375,34600,0.0,0.0
2013-06-12 00:00:00+09:00,218.69131310677295,220.47800684130542,214.76058689080153,219.40599060058594,30400,0.0,0.0
2013-06-13 00:00:00+09:00,214.40330184808298,219.40604555787158,209.40055813829437,212.61660766601562,40200,0.0,0.0
2013-06-14 00:00:00+09:00,212.61653595747893,216.54726183232307,210.11516494621446,210.47250366210938,105600,0.0,0.0
2013-06-17 00:00:00+09:00,209.75782398211203,218.33395307167027,209.75782398211203,215.11790466308594,17000,0.0,0.0
2013-06-18 00:00:00+09:00,213.68858526560885,217.61931175042776,213.3312464942617,216.18995666503906,28600,0.0,0.0
2013-06-19 00:00:00+09:00,221.19271003969254,222.26472640498994,219.7633548859627,221.550048828125,24600,0.0,0.0
2013-06-20 00:00:00+09:00,221.5500230820249,222.26470057583788,219.40599060058594,219.40599060058594,33600,0.0,0.0
2013-06-21 00:00:00+09:00,219.04865706334044,220.83535084036606,216.54728577550458,220.47801208496094,40200,0.0,0.0
2013-06-24 00:00:00+09:00,222.62203611602288,222.62203611602288,219.0486486984302,220.83534240722656,16200,0.0,0.0
2013-06-25 00:00:00+09:00,220.47795532026777,220.83529398367176,214.40319804239977,218.33392333984375,39400,0.0,0.0
2013-06-26 00:00:00+09:00,220.1207021500624,222.26473496321236,213.68860371061254,214.7606201171875,34800,0.0,0.0
2013-06-27 00:00:00+09:00,219.04867553710938,219.04867553710938,212.6165773973574,219.04867553710938,34600,0.0,0.0
2013-06-28 00:00:00+09:00,218.69132186055566,222.26470947265622,217.26196681571543,222.26470947265625,69000,0.0,0.0
2013-07-01 00:00:00+09:00,223.33670419359964,226.55275273398746,221.55001056005085,225.12339782714844,63200,0.0,0.0
2013-07-02 00:00:00+09:00,226.910117570744,230.48350524902344,226.910117570744,230.48350524902344,57600,0.0,0.0
2013-07-03 00:00:00+09:00,230.48348683972938,234.4142129718798,229.41147062187017,231.912841796875,34200,0.0,0.0
2013-07-04 00:00:00+09:00,233.69949778804073,237.6302232860047,231.5554656982422,231.5554656982422,32400,0.0,0.0
2013-07-05 00:00:00+09:00,234.4141776747376,235.48619373117694,231.55546819089935,234.0568389892578,24000,0.0,0.0
2013-07-08 00:00:00+09:00,235.48624828466944,238.3449584307656,233.69955444335938,233.69955444335938,41400,0.0,0.0
2013-07-09 00:00:00+09:00,233.69960828706218,237.63033564357238,233.69960828706218,236.55831909179688,48000,0.0,0.0
2013-07-10 00:00:00+09:00,235.84358570988016,241.56100596951362,235.84358570988016,237.63027954101562,42200,0.0,0.0
2013-07-11 00:00:00+09:00,234.4142306449718,239.77431213837815,234.0568918787447,237.63027954101562,24600,0.0,0.0
2013-07-12 00:00:00+09:00,236.20092447610725,238.7022958396969,234.4142306449718,237.63027954101562,38000,0.0,0.0
2013-07-16 00:00:00+09:00,237.63025367748392,237.98759240481849,235.128882586142,235.48622131347656,15000,0.0,0.0
2013-07-17 00:00:00+09:00,234.77161638769087,238.7023436027055,234.77161638769087,236.9156494140625,26600,0.0,0.0
2013-07-18 00:00:00+09:00,236.2009717386053,237.63032708951968,235.12895522541947,236.9156494140625,73800,0.0,0.0
2013-07-19 00:00:00+09:00,236.9155841468846,237.27292288617102,231.912841796875,231.912841796875,52800,0.0,0.0
2013-07-22 00:00:00+09:00,233.699544410183,236.20091568062838,232.62752815142068,234.7715606689453,17400,0.0,0.0
2013-07-23 00:00:00+09:00,234.77154385880743,237.27291495014936,232.27017276746548,235.48622131347656,30200,0.0,0.0
2013-07-24 00:00:00+09:00,236.20096675988398,236.5583055900805,232.27023962772253,235.8436279296875,25600,0.0,0.0
2013-07-25 00:00:00+09:00,235.84353786109065,235.84353786109065,233.6995056987171,235.1288604736328,28200,0.0,0.0
2013-07-26 00:00:00+09:00,231.9128706502841,233.34222578526277,230.12617673156083,232.62754821777344,108800,0.0,0.0
2013-07-29 00:00:00+09:00,225.3693027975571,225.3693027975571,208.67528036810845,216.6593780517578,80400,5.0,0.0
2013-07-30 00:00:00+09:00,216.6593780517578,216.6593780517578,213.0302427410081,216.6593780517578,43200,0.0,0.0
2013-07-31 00:00:00+09:00,217.7481507776573,218.47397794691614,216.659410023769,217.02232360839844,32400,0.0,0.0
2013-08-01 00:00:00+09:00,218.1109715670691,221.01427900889365,217.74805813684102,220.2884521484375,23200,0.0,0.0
2013-08-02 00:00:00+09:00,219.9256178381408,221.37727208129684,217.3852229126177,221.0143585205078,27800,0.0,0.0
2013-08-05 00:00:00+09:00,218.11097876970157,218.83680565412655,217.74806532748912,218.47389221191406,12400,0.0,0.0
2013-08-06 00:00:00+09:00,218.83679842752522,220.2884521484375,217.0222312763849,220.2884521484375,17800,0.0,0.0
2013-08-07 00:00:00+09:00,217.0222915828328,220.28851336250753,216.6593780517578,216.6593780517578,20000,0.0,0.0
2013-08-08 00:00:00+09:00,216.65932749738596,219.56263506854023,215.57058715820312,215.57058715820312,23800,0.0,0.0
2013-08-09 00:00:00+09:00,216.2964415679107,216.6593550604743,213.75604711996544,214.84478759765625,25200,0.0,0.0
2013-08-12 00:00:00+09:00,213.39314116651803,215.57062219882945,211.9414871449771,213.0302276611328,15800,0.0,0.0
2013-08-13 00:00:00+09:00,212.30439008292504,215.20769798149496,210.8527361336401,214.11895751953125,19400,0.0,0.0
2013-08-14 00:00:00+09:00,214.481896865308,217.0222915828328,212.30441567885816,216.6593780517578,91400,0.0,0.0
2013-08-15 00:00:00+09:00,216.29644920959993,216.29644920959993,212.66731415574756,213.0302276611328,21400,0.0,0.0
2013-08-16 00:00:00+09:00,213.3931396276064,213.3931396276064,208.6752640916219,212.6673126220703,27200,0.0,0.0
2013-08-19 00:00:00+09:00,213.0301850971423,215.9334925601357,213.0301850971423,213.75601196289062,18600,0.0,0.0
2013-08-20 00:00:00+09:00,212.66727958704888,217.38515439017453,212.66727958704888,215.57058715820312,46000,0.0,0.0
2013-08-21 00:00:00+09:00,216.29649206850706,218.11105995498784,214.84483775932247,215.93357849121094,29400,0.0,0.0
2013-08-22 00:00:00+09:00,216.29643715681735,217.3851776123047,215.20769670133,217.3851776123047,17400,0.0,0.0
2013-08-23 00:00:00+09:00,217.74811995656867,221.0143417559172,217.02229289004677,220.65142822265625,30000,0.0,0.0
2013-08-26 00:00:00+09:00,219.56271870080442,219.56271870080442,208.67531116192157,217.02232360839844,40600,0.0,0.0
2013-08-27 00:00:00+09:00,215.20775568525127,217.7481507776573,214.11901493136298,217.02232360839844,15600,0.0,0.0
2013-08-28 00:00:00+09:00,212.6672805134048,214.11893430530517,211.9414536174546,212.3043670654297,17000,0.0,0.0
2013-08-29 00:00:00+09:00,210.8527330671038,213.39312744140625,207.9494252107581,213.39312744140625,32200,0.0,0.0
2013-08-30 00:00:00+09:00,213.03020566504247,213.03020566504247,207.58650364634462,207.9494171142578,29400,0.0,0.0
2013-09-02 00:00:00+09:00,208.67526245117188,210.4898299507473,208.67526245117188,208.67526245117188,32200,0.0,0.0
2013-09-03 00:00:00+09:00,219.56271870080442,221.01437303932215,212.66736059284528,217.02232360839844,176400,0.0,0.0
2013-09-04 00:00:00+09:00,217.7481507776573,218.47397794691614,215.20775568525127,217.02232360839844,46400,0.0,0.0
2013-09-05 00:00:00+09:00,218.47391060330222,221.74013185816887,217.02225671225037,219.19973754882812,78200,0.0,0.0
2013-09-06 00:00:00+09:00,211.9414536174546,215.20767464923046,206.8606653458033,212.3043670654297,133200,0.0,0.0
2013-09-09 00:00:00+09:00,213.3931396276064,213.3931396276064,210.12691810269405,212.6673126220703,57800,0.0,0.0
2013-09-10 00:00:00+09:00,212.66730047731983,214.48186788753586,211.5785600311902,213.39312744140625,32600,0.0,0.0
2013-09-11 00:00:00+09:00,214.4818801359105,215.5706206442146,211.94148561653424,212.6673126220703,25800,0.0,0.0
2013-09-12 00:00:00+09:00,214.11894811342842,214.11894811342842,211.57855381377757,211.94146728515625,9800,0.0,0.0
2013-09-13 00:00:00+09:00,212.30439911930227,213.75605313037443,211.5785721137662,212.6673126220703,52600,0.0,0.0
2013-09-17 00:00:00+09:00,211.9414735132334,214.48186788753586,211.9414735132334,213.39312744140625,17800,0.0,0.0
2013-09-18 00:00:00+09:00,214.84475463867187,218.47388900756837,213.75601432800292,217.74806213378906,54800,0.0,0.0
2013-09-19 00:00:00+09:00,219.19975143855783,222.46597290039062,217.02227046400262,222.46597290039062,40000,0.0,0.0
2013-09-20 00:00:00+09:00,223.1917724609375,223.1917724609375,221.01429175400153,223.1917724609375,30400,0.0,0.0
2013-09-24 00:00:00+09:00,223.19177087044483,223.19177087044483,221.74011707616552,222.828857421875,42800,0.0,0.0
2013-09-25 00:00:00+09:00,222.82888639614984,222.82888639614984,219.19975143855783,222.46597290039062,36400,0.0,0.0
2013-09-26 00:00:00+09:00,222.46594397330517,223.19177087044483,221.3772036275957,222.828857421875,35200,0.0,0.0
2013-09-27 00:00:00+09:00,223.55469223293616,224.64343261718747,222.46595184868485,224.6434326171875,33800,0.0,0.0
2013-09-30 00:00:00+09:00,225.00635824095295,225.00635824095295,221.7401369116488,223.91761779785156,35400,0.0,0.0
2013-10-01 00:00:00+09:00,224.64342466472414,224.64342466472414,221.74011707616552,222.828857421875,44800,0.0,0.0
2013-10-02 00:00:00+09:00,224.64337345504137,224.64337345504137,221.01423979664006,221.7400665283203,25000,0.0,0.0
2013-10-03 00:00:00+09:00,221.7401688224391,222.46599588896098,219.5626876228734,220.65142822265625,27800,0.0,0.0
2013-10-04 00:00:00+09:00,219.56265852327934,219.9255720084418,215.20769670133,217.3851776123047,40200,0.0,0.0
2013-10-07 00:00:00+09:00,216.6592951705444,217.38512195503532,215.2076416015625,215.2076416015625,33600,0.0,0.0
2013-10-08 00:00:00+09:00,214.8447593575093,223.19176858930444,214.118932467788,218.83680725097656,69800,0.0,0.0
2013-10-09 00:00:00+09:00,219.9255828857422,221.01432339507753,216.65936135773612,219.9255828857422,43400,0.0,0.0
2013-10-10 00:00:00+09:00,219.19977408961245,221.0143417559172,219.19977408961245,220.65142822265625,27400,0.0,0.0
2013-10-11 00:00:00+09:00,222.10299682617188,222.46591021967868,220.28842985863778,222.10299682617188,75800,0.0,0.0
2013-10-15 00:00:00+09:00,223.5546859120935,223.5546859120935,221.7401186563135,223.1917724609375,18400,0.0,0.0
2013-10-16 00:00:00+09:00,222.82890942222193,222.82890942222193,220.2885146893953,220.65142822265625,17600,0.0,0.0
2013-10-17 00:00:00+09:00,222.8288590097815,223.5546859120935,221.01429175400153,223.1917724609375,22800,0.0,0.0
2013-10-18 00:00:00+09:00,223.91761779785156,225.36927172198673,223.19179083578396,223.91761779785156,32600,0.0,0.0
2013-10-21 00:00:00+09:00,225.3693084716797,226.82096263252785,223.9176543108315,225.3693084716797,40600,0.0,0.0
2013-10-22 00:00:00+09:00,225.36925062054044,227.5467313028645,225.36925062054044,226.09507751464844,25600,0.0,0.0
2013-10-23 00:00:00+09:00,227.54673870790353,227.54673870790353,224.280517578125,224.280517578125,35600,0.0,0.0
2013-10-24 00:00:00+09:00,224.64343261718747,225.3692595400217,222.46595184868485,224.6434326171875,32800,0.0,0.0
2013-10-25 00:00:00+09:00,224.28056355526573,224.28056355526573,215.57063875700297,220.65142822265625,127400,0.0,0.0
2013-10-28 00:00:00+09:00,222.10305039268258,225.00635824095295,222.10305039268258,223.91761779785156,84600,0.0,0.0
2013-10-29 00:00:00+09:00,223.5546859120935,224.28051281440548,222.8288590097815,223.1917724609375,22200,0.0,0.0
2013-10-30 00:00:00+09:00,225.73220520019532,233.7163024902344,223.19181060791016,225.00637817382812,173000,0.0,0.0
2013-10-31 00:00:00+09:00,225.73215205078125,227.9096326171875,225.0063251953125,226.82089233398438,28600,0.0,0.0
2013-11-01 00:00:00+09:00,226.82090697249745,226.82090697249745,222.8288590097815,223.1917724609375,31600,0.0,0.0
2013-11-05 00:00:00+09:00,225.00637203067927,226.09511254050514,223.19180451430282,223.55471801757812,14000,0.0,0.0
2013-11-06 00:00:00+09:00,223.55468338527038,226.82090440875646,222.82885649116236,226.09507751464844,11600,0.0,0.0
2013-11-07 00:00:00+09:00,227.5467313028645,227.5467313028645,224.64342372643242,226.09507751464844,12400,0.0,0.0
2013-11-08 00:00:00+09:00,226.09508487244642,226.09508487244642,223.55469066039646,224.280517578125,9400,0.0,0.0
2013-11-11 00:00:00+09:00,227.9096800568816,227.9096800568816,222.46597750775226,223.55471801757812,24200,0.0,0.0
2013-11-12 00:00:00+09:00,225.73215205078125,226.82089233398438,223.9175849121094,226.82089233398438,23800,0.0,0.0
2013-11-13 00:00:00+09:00,226.82090280906945,230.45003725401457,225.0063355865969,225.73216247558594,82800,0.0,0.0
2013-11-14 00:00:00+09:00,227.54673195789212,232.26460678317537,227.54673195789212,229.72421264648438,54800,0.0,0.0
2013-11-15 00:00:00+09:00,229.72426295730304,232.2646576503538,224.64347357120155,230.81300354003906,71200,0.0,0.0
2013-11-18 00:00:00+09:00,231.17588806152344,232.26462850765304,228.99840716926417,231.17588806152344,33000,0.0,0.0
2013-11-19 00:00:00+09:00,231.17583901713212,232.99040604238434,230.45001220703125,230.45001220703125,54200,0.0,0.0
2013-11-20 00:00:00+09:00,232.62756637642286,242.78914493888752,232.62756637642286,240.61166381835938,152200,0.0,0.0
2013-11-21 00:00:00+09:00,240.97460345643938,240.97460345643938,238.43420854048296,239.52294921875,36200,0.0,0.0
2013-11-22 00:00:00+09:00,243.51501683814288,243.51501683814288,237.70839944706944,240.24879455566406,51600,0.0,0.0
2013-11-25 00:00:00+09:00,241.33749691621475,247.5070269125691,240.2487563286228,242.06332397460938,96200,0.0,0.0
2013-11-26 00:00:00+09:00,238.43417214058542,242.7891341888153,236.61960462048964,241.7003936767578,78000,0.0,0.0
2013-11-27 00:00:00+09:00,238.07123630483886,244.24076529444596,236.6195824249313,243.5149383544922,57600,0.0,0.0
2013-11-28 00:00:00+09:00,243.87793042508497,244.24084401202708,240.24879455566406,240.24879455566406,65600,0.0,0.0
2013-11-29 00:00:00+09:00,240.24879455566406,241.33753531649035,238.07131303401152,240.24879455566406,28000,0.0,0.0
2013-12-02 00:00:00+09:00,240.61168989701704,240.61168989701704,237.70838142163825,239.52294921875,31800,0.0,0.0
2013-12-03 00:00:00+09:00,240.6116238250036,240.6116238250036,238.43414306640628,238.43414306640625,22200,0.0,0.0
2013-12-04 00:00:00+09:00,239.15995145608449,239.15995145608449,236.61955743454794,237.7082977294922,40600,0.0,0.0
2013-12-05 00:00:00+09:00,236.61951540723257,237.7082555087996,232.9903817353425,235.16786193847656,55600,0.0,0.0
2013-12-06 00:00:00+09:00,234.07919622831034,237.70833105355547,233.71628274578583,234.80502319335938,39800,0.0,0.0
2013-12-09 00:00:00+09:00,234.07919622831034,235.89376364093292,233.71628274578583,234.80502319335938,64000,0.0,0.0
2013-12-10 00:00:00+09:00,235.893798828125,235.893798828125,234.0792311448317,235.893798828125,45800,0.0,0.0
2013-12-11 00:00:00+09:00,234.07919622831034,235.89376364093292,232.99045578073682,234.80502319335938,56000,0.0,0.0
2013-12-12 00:00:00+09:00,234.44210971083487,235.89376364093292,232.99045578073682,234.80502319335938,39600,0.0,0.0
2013-12-13 00:00:00+09:00,232.62753920444223,235.89376050372456,232.62753920444223,234.07919311523438,73200,0.0,0.0
2013-12-16 00:00:00+09:00,233.35334298610687,235.530823636055,232.2646026611328,232.2646026611328,28600,0.0,0.0
2013-12-17 00:00:00+09:00,232.6275360914263,233.71627650995092,229.724228308694,233.35336303710938,38400,0.0,0.0
2013-12-18 00:00:00+09:00,231.53877577781677,233.7162564277649,230.4500354528427,232.2646026611328,41800,0.0,0.0
2013-12-19 00:00:00+09:00,232.62759399414062,234.80507537318093,231.53885330462046,232.62759399414062,145200,0.0,0.0
2013-12-20 00:00:00+09:00,232.62751610279085,232.62751610279085,231.53877577781677,232.2646026611328,47000,0.0,0.0
2013-12-24 00:00:00+09:00,232.62753920444223,234.07919311523438,231.5387987713481,234.07919311523438,191200,0.0,0.0
2013-12-25 00:00:00+09:00,232.990507557314,232.990507557314,231.17593974144708,232.62759399414062,66800,0.0,0.0
2013-12-26 00:00:00+09:00,232.62754842872442,238.07125081005185,232.62754842872442,236.25668334960938,99800,0.0,0.0
2013-12-27 00:00:00+09:00,238.43420854048296,240.2487763375947,237.70838142163825,239.52294921875,64000,0.0,0.0
2013-12-30 00:00:00+09:00,241.33745597725485,243.1520233154297,240.24871557434992,243.1520233154297,75800,0.0,0.0
2014-01-06 00:00:00+09:00,242.78911763509115,248.23281982421872,242.78911763509115,244.9665985107422,56400,0.0,0.0
2014-01-07 00:00:00+09:00,246.05526045300778,250.0473074515079,245.32943372600775,247.8698272705078,78400,0.0,0.0
2014-01-08 00:00:00+09:00,247.8698951141051,257.30564514773135,247.8698951141051,252.95068359375,163600,0.0,0.0
2014-01-09 00:00:00+09:00,254.0394223969558,254.76524931808999,251.49902817298627,252.5877685546875,79800,0.0,0.0
2014-01-10 00:00:00+09:00,252.95070349557056,256.2169249180385,251.49904953002928,254.03944396972656,61800,0.0,0.0
2014-01-14 00:00:00+09:00,251.4990297424229,252.95068359375,245.32950087428264,252.95068359375,95200,0.0,0.0
2014-01-15 00:00:00+09:00,253.6764372486179,257.668484186722,252.5876971745895,256.9426574707031,103000,0.0,0.0
2014-01-16 00:00:00+09:00,258.3944366884903,261.2977449658891,256.21695548044124,257.6686096191406,161000,0.0,0.0
2014-01-17 00:00:00+09:00,258.03149875672926,260.57189325925685,256.21693125492385,259.1202392578125,65000,0.0,0.0
2014-01-20 00:00:00+09:00,259.8460115310541,261.29766522675834,255.85396386786755,260.57183837890625,154800,0.0,0.0
2014-01-21 00:00:00+09:00,260.57189788179915,262.02355190899584,257.30567632060666,260.208984375,94400,0.0,0.0
2014-01-22 00:00:00+09:00,260.2089249549802,261.6605786506844,258.0314444114239,260.57183837890625,78400,0.0,0.0
2014-01-23 00:00:00+09:00,258.39440453102964,260.57188546808885,255.8540101044605,257.3056640625,149200,0.0,0.0
2014-01-24 00:00:00+09:00,252.22485666808643,257.66855861056314,249.684462428264,252.95068359375,179200,0.0,0.0
2014-01-27 00:00:00+09:00,246.78116590711804,248.59573330349392,242.78911763509115,244.9665985107422,210000,0.0,0.0
2014-01-28 00:00:00+09:00,244.9665663857842,252.58774845111972,244.60365295410156,244.60365295410156,256800,0.0,0.0
2014-01-29 00:00:00+09:00,246.0771260164222,253.44470463966837,243.13009456712373,252.70794677734375,243600,5.0,0.0
2014-01-30 00:00:00+09:00,250.86609805868358,250.86609805868358,245.34041307941743,248.28744506835938,132000,0.0,0.0
2014-01-31 00:00:00+09:00,247.18231201171875,254.1815130969984,243.1301429623463,247.18231201171875,128200,0.0,0.0
2014-02-03 00:00:00+09:00,246.07717025549704,246.07717025549704,241.65662228683541,244.2352752685547,73800,0.0,0.0
2014-02-04 00:00:00+09:00,239.44639439423625,240.1831525308339,230.97367582336327,231.71043395996094,120000,0.0,0.0
2014-02-05 00:00:00+09:00,234.28911497882592,238.70966431804905,231.71046119761243,236.4993896484375,110000,0.0,0.0
2014-02-06 00:00:00+09:00,235.76264519342925,242.7618487226092,235.76264519342925,236.86778259277344,49000,0.0,0.0
2014-02-07 00:00:00+09:00,240.5515427895642,242.76181730217888,239.0780264478211,240.919921875,52800,0.0,0.0
2014-02-10 00:00:00+09:00,242.76175667898994,246.07716761997767,237.97282976422989,244.97203063964844,46600,0.0,0.0
2014-02-12 00:00:00+09:00,246.81395093065387,247.9190880243732,243.8669186807356,246.44557189941406,51800,0.0,0.0
2014-02-13 00:00:00+09:00,246.81396046433926,247.91909760074674,241.65665382777095,243.86692810058594,75800,0.0,0.0
2014-02-14 00:00:00+09:00,243.866943312497,246.81397586008003,238.3412572857788,239.8147735595703,56800,0.0,0.0
2014-02-17 00:00:00+09:00,237.236083984375,239.8147370711617,232.44715682319975,237.236083984375,52800,0.0,0.0
2014-02-18 00:00:00+09:00,239.07798366897677,241.65663680562216,237.23608857137296,240.18312072753906,36800,0.0,0.0
2014-02-19 00:00:00+09:00,241.28824642516432,242.39338343169177,238.34121440775772,239.07797241210938,36600,0.0,0.0
2014-02-20 00:00:00+09:00,240.18312559023008,241.2882626711667,233.9206821315891,234.65744018554688,61400,0.0,0.0
2014-02-21 00:00:00+09:00,236.13097188502184,239.81476239804869,236.13097188502184,238.70962524414062,25000,0.0,0.0
2014-02-24 00:00:00+09:00,239.44635538862957,240.55149241350014,236.49932332230796,237.97283935546875,38000,0.0,0.0
2014-02-25 00:00:00+09:00,240.5515400967857,240.5515400967857,235.7626120397287,237.60450744628906,62800,0.0,0.0
2014-02-26 00:00:00+09:00,237.60447775227377,248.65584881051907,237.60447775227377,245.7088165283203,91600,0.0,0.0
2014-02-27 00:00:00+09:00,243.1301528837052,243.1301528837052,239.81474170801832,240.18312072753906,27200,0.0,0.0
2014-02-28 00:00:00+09:00,239.81478193416154,240.18316101547362,236.49937020235285,237.60450744628906,27600,0.0,0.0
2014-03-03 00:00:00+09:00,240.5515598760587,240.5515598760587,235.76263142523362,236.4993896484375,26200,0.0,0.0
2014-03-04 00:00:00+09:00,236.4993259595788,238.3412210215693,234.6574308975883,237.236083984375,27000,0.0,0.0
2014-03-05 00:00:00+09:00,240.18311340520995,240.18311340520995,233.92067026427657,237.97283935546875,14800,0.0,0.0
2014-03-06 00:00:00+09:00,237.9728354055819,239.44635141428517,237.23607740123026,239.07797241210938,20400,0.0,0.0
2014-03-07 00:00:00+09:00,239.81469853327826,240.9198353928786,238.70956167367788,239.44631958007812,15000,0.0,0.0
2014-03-10 00:00:00+09:00,239.81476239804869,239.81476239804869,237.60448809023256,238.70962524414062,15200,0.0,0.0
2014-03-11 00:00:00+09:00,240.9198674229885,240.9198674229885,237.60445640340606,239.07797241210938,17600,0.0,0.0
2014-03-12 00:00:00+09:00,238.70960405799042,238.70960405799042,234.65743485330233,236.13095092773438,32000,0.0,0.0
2014-03-13 00:00:00+09:00,236.13095092773435,237.9728460207744,235.39419289051835,236.13095092773438,14600,0.0,0.0
2014-03-14 00:00:00+09:00,237.60442733764648,239.44632212320963,229.13171132405597,229.86846923828125,92000,0.0,0.0
2014-03-17 00:00:00+09:00,237.23604838053384,237.23604838053384,229.5000902811686,229.86846923828125,42400,0.0,0.0
2014-03-18 00:00:00+09:00,235.39421052386047,235.39421052386047,230.60528292321857,231.342041015625,14600,0.0,0.0
2014-03-19 00:00:00+09:00,230.6053009033203,232.44719627794748,229.86854275346946,230.6053009033203,18400,0.0,0.0
2014-03-20 00:00:00+09:00,230.2369176376985,230.2369176376985,225.81636881905467,227.65826416015625,23400,0.0,0.0
2014-03-24 00:00:00+09:00,227.6582316850361,228.76336873205082,221.02740940294765,223.9744415283203,45400,0.0,0.0
2014-03-25 00:00:00+09:00,222.5009051553564,228.0265898860358,221.76414719126583,225.44793701171875,34000,0.0,0.0
2014-03-26 00:00:00+09:00,229.5001454902043,229.5001454902043,221.76418552986033,227.2898712158203,43000,0.0,0.0
2014-03-27 00:00:00+09:00,227.28988509193593,228.3950222965969,223.9744734779531,227.65826416015625,19800,0.0,0.0
2014-03-28 00:00:00+09:00,225.81631442871094,230.97362014160157,225.81631442871094,230.2368621826172,22800,0.0,0.0
2014-03-31 00:00:00+09:00,226.9215060720762,231.7104339599609,226.9215060720762,231.71043395996094,34200,0.0,0.0
2014-04-01 00:00:00+09:00,232.07879910803146,232.8155572004379,229.5001457846089,231.342041015625,18800,0.0,0.0
2014-04-02 00:00:00+09:00,233.55229115983647,233.55229115983647,229.5001220703125,229.5001220703125,48600,0.0,0.0
2014-04-03 00:00:00+09:00,229.50016367854403,232.44719627794748,229.1317846036186,230.6053009033203,33000,0.0,0.0
2014-04-04 00:00:00+09:00,228.76338466958583,230.23690083492937,228.02662658691406,228.02662658691406,28800,0.0,0.0
2014-04-07 00:00:00+09:00,227.65819293590633,229.50008770075993,225.07954026511126,226.18467712402344,45000,0.0,0.0
2014-04-08 00:00:00+09:00,222.86934177278485,225.81637439126794,221.39582546354328,222.13258361816406,41400,0.0,0.0
2014-04-09 00:00:00+09:00,221.39581573944855,221.76419480057908,220.6590576171875,220.6590576171875,44800,0.0,0.0
2014-04-10 00:00:00+09:00,224.34284822849278,224.34284822849278,220.29067855605697,220.6590576171875,31800,0.0,0.0
2014-04-11 00:00:00+09:00,219.18548583984375,219.92224377543988,217.34359100085348,219.18548583984375,34600,0.0,0.0
2014-04-14 00:00:00+09:00,219.185581722775,219.9223399806667,218.0804443359375,218.0804443359375,30600,0.0,0.0
2014-04-15 00:00:00+09:00,218.81719013796013,219.92232746188924,216.23853638212557,217.3436737060547,112400,0.0,0.0
2014-04-16 00:00:00+09:00,217.34362444340786,222.50093078613278,217.34362444340786,222.5009307861328,25200,0.0,0.0
2014-04-17 00:00:00+09:00,223.23772085009523,223.6060999274056,219.92230915430173,222.13258361816406,44200,0.0,0.0
2014-04-18 00:00:00+09:00,223.60605517415905,223.60605517415905,220.65902314550456,221.76416015625,13800,0.0,0.0
2014-04-21 00:00:00+09:00,221.7642129613726,222.50097114396854,217.71204295709504,219.9223175048828,27200,0.0,0.0
2014-04-22 00:00:00+09:00,220.65907568747872,223.23772932656445,219.9223175048828,219.9223175048828,45800,0.0,0.0
2014-04-23 00:00:00+09:00,219.92230915430173,222.50096269547444,219.92230915430173,222.13258361816406,24600,0.0,0.0
2014-04-24 00:00:00+09:00,222.13255579181993,222.50093482298382,221.0274186983283,221.3957977294922,26000,0.0,0.0
2014-04-25 00:00:00+09:00,221.76416480892996,224.71119689941406,221.76416480892996,224.71119689941406,40200,0.0,0.0
2014-04-28 00:00:00+09:00,226.18471428130454,226.18471428130454,223.60606118689225,224.3428192138672,62800,0.0,0.0
2014-04-30 00:00:00+09:00,223.9744468840542,224.34282590853456,222.13255176165245,222.5009307861328,14600,0.0,0.0
2014-05-01 00:00:00+09:00,222.13254382024047,225.07957591072457,222.13254382024047,224.71119689941406,15400,0.0,0.0
2014-05-02 00:00:00+09:00,224.71119557582026,225.07957458496094,222.5009215209761,225.07957458496094,20000,0.0,0.0
2014-05-07 00:00:00+09:00,223.23767617057726,223.97443417774087,221.76416015625,221.76416015625,32800,0.0,0.0
2014-05-08 00:00:00+09:00,221.76417140487797,225.81634064981762,221.76417140487797,222.8693084716797,24600,0.0,0.0
2014-05-09 00:00:00+09:00,221.76420454085368,223.974479004716,221.39582546354328,222.13258361816406,16800,0.0,0.0
2014-05-12 00:00:00+09:00,221.3957977294922,223.60607191647546,221.3957977294922,221.3957977294922,19400,0.0,0.0
2014-05-13 00:00:00+09:00,222.50088759431623,226.18467712402344,222.50088759431623,226.18467712402344,31800,0.0,0.0
2014-05-14 00:00:00+09:00,225.07957591072457,225.07957591072457,223.60605986548254,224.71119689941406,22200,0.0,0.0
2014-05-15 00:00:00+09:00,223.9744441973494,223.9744441973494,222.5009281171037,223.23768615722656,12000,0.0,0.0
2014-05-16 00:00:00+09:00,221.39583387007465,222.50097114396854,219.55393841358483,219.9223175048828,31800,0.0,0.0
2014-05-19 00:00:00+09:00,219.92227573587436,222.1325498638731,218.817138671875,218.817138671875,28600,0.0,0.0
2014-05-20 00:00:00+09:00,219.18554549249225,220.6590617647107,218.81716642443766,219.55392456054688,13400,0.0,0.0
2014-05-21 00:00:00+09:00,217.71205281403104,218.44881102998377,214.76501995022014,217.3436737060547,47800,0.0,0.0
2014-05-22 00:00:00+09:00,218.4487392208648,220.65901314215517,218.08036023398307,220.29063415527344,18600,0.0,0.0
2014-05-23 00:00:00+09:00,220.29065531580903,222.8693084716797,220.29065531580903,222.8693084716797,33800,0.0,0.0
2014-05-26 00:00:00+09:00,222.86930580704765,223.60606384277344,222.50092678918477,223.60606384277344,38600,0.0,0.0
2014-05-27 00:00:00+09:00,223.97443887679304,225.07957591072457,223.60605986548254,224.71119689941406,32200,0.0,0.0
2014-05-28 00:00:00+09:00,223.2376821734048,225.07957724084213,221.76416611945493,224.3428192138672,25800,0.0,0.0
2014-05-29 00:00:00+09:00,223.606065177288,224.34282321741085,221.76417007698083,223.23768615722656,20400,0.0,0.0
2014-05-30 00:00:00+09:00,222.13254382024047,224.71119689941406,222.13254382024047,224.71119689941406,16600,0.0,0.0
2014-06-02 00:00:00+09:00,224.71116005502097,226.5530548095703,224.71116005502097,226.5530548095703,38600,0.0,0.0
2014-06-03 00:00:00+09:00,227.65819166229994,228.0265706132098,225.07953900593083,226.5530548095703,36600,0.0,0.0
2014-06-04 00:00:00+09:00,227.65826416015625,228.02664322837657,226.92150602371564,227.65826416015625,30200,0.0,0.0
2014-06-05 00:00:00+09:00,228.0265934647761,228.76335144042966,228.0265934647761,228.7633514404297,30800,0.0,0.0
2014-06-06 00:00:00+09:00,229.13172524414063,230.2368621826172,229.13172524414063,230.2368621826172,26000,0.0,0.0
2014-06-09 00:00:00+09:00,237.60452235617288,241.6566925048828,235.762626834032,241.6566925048828,185200,0.0,0.0
2014-06-10 00:00:00+09:00,244.97212800965184,245.70888628938013,241.6567157508746,243.4986114501953,109400,0.0,0.0
2014-06-11 00:00:00+09:00,241.6566606170329,243.86693495194478,239.446386282121,242.02503967285156,85000,0.0,0.0
2014-06-12 00:00:00+09:00,240.919921875,244.23533364392202,236.8677519352064,240.919921875,51800,0.0,0.0
2014-06-13 00:00:00+09:00,240.91987743056387,240.91987743056387,237.60446627326252,240.55149841308594,89000,0.0,0.0
2014-06-16 00:00:00+09:00,239.81474542617795,252.70801130930582,239.81474542617795,247.5507049560547,135600,0.0,0.0
2014-06-17 00:00:00+09:00,249.02417879482724,252.33958945925542,249.02417879482724,250.86607360839844,61200,0.0,0.0
2014-06-18 00:00:00+09:00,251.60287609827486,251.60287609827486,248.28746484661383,251.2344970703125,30000,0.0,0.0
2014-06-19 00:00:00+09:00,251.97128157789692,255.65507224424044,250.4977653113595,252.33966064453125,70200,0.0,0.0
2014-06-20 00:00:00+09:00,252.7079492758589,253.07632821066338,249.0241599278143,251.97119140625,44800,0.0,0.0
2014-06-23 00:00:00+09:00,251.97124448029894,254.1815185546875,251.97124448029894,254.1815185546875,34600,0.0,0.0
2014-06-24 00:00:00+09:00,254.181462501993,254.91822036431762,252.33956784618144,252.70794677734375,38000,0.0,0.0
2014-06-25 00:00:00+09:00,252.70801318216186,253.0763922101242,249.39260193050083,251.2344970703125,47800,0.0,0.0
2014-06-26 00:00:00+09:00,253.44470714546782,254.18146501507675,251.60281247144553,251.97119140625,46200,0.0,0.0
2014-06-27 00:00:00+09:00,251.97124514959555,252.70800317634874,249.02421304258274,249.76097106933594,48000,0.0,0.0
2014-06-30 00:00:00+09:00,251.60285379958256,257.86529671992355,251.60285379958256,257.4969177246094,81400,0.0,0.0
2014-07-01 00:00:00+09:00,261.18070635114395,261.18070635114395,256.02340044294084,257.86529541015625,87200,0.0,0.0
2014-07-02 00:00:00+09:00,260.4439149948946,260.4439149948946,258.6020202636719,258.6020202636719,40400,0.0,0.0
2014-07-03 00:00:00+09:00,257.86529541015625,259.33881138392854,257.1285374232701,257.86529541015625,50800,0.0,0.0
2014-07-04 00:00:00+09:00,258.6021104272704,258.9704895019531,256.02345690449135,258.9704895019531,57800,0.0,0.0
2014-07-07 00:00:00+09:00,258.97048397684705,260.4440002441406,258.23372584320026,260.4440002441406,50000,0.0,0.0
2014-07-08 00:00:00+09:00,260.8124216715495,267.0748668246799,260.4440425448947,265.23297119140625,114000,0.0,0.0
2014-07-09 00:00:00+09:00,260.81230920102416,264.12771991120667,259.70717229763,263.0225830078125,72000,0.0,0.0
2014-07-10 00:00:00+09:00,264.12778672769036,264.4961657886774,257.86534269091106,261.54913330078125,84200,0.0,0.0
2014-07-11 00:00:00+09:00,258.23375048416074,264.49619521772814,258.23375048416074,261.91754150390625,78000,0.0,0.0
2014-07-14 00:00:00+09:00,263.39100825868803,267.443177616514,262.65425019362874,267.0747985839844,77400,0.0,0.0
2014-07-15 00:00:00+09:00,268.9166937466325,269.6534518116918,264.86452438880656,267.0747985839844,77600,0.0,0.0
2014-07-16 00:00:00+09:00,265.60135031806095,267.0748668246799,263.75945468478733,265.23297119140625,44800,0.0,0.0
2014-07-17 00:00:00+09:00,265.2329169853584,266.338054139464,263.3910217285156,263.3910217285156,32400,0.0,0.0
2014-07-18 00:00:00+09:00,260.81231689453125,261.54907485186044,259.3388009798729,260.81231689453125,23200,0.0,0.0
2014-07-22 00:00:00+09:00,260.07561297102365,263.0226454126216,259.70723391582385,262.6542663574219,30400,0.0,0.0
2014-07-23 00:00:00+09:00,261.5491624019317,262.2859206058808,260.81240419798263,261.91754150390625,17800,0.0,0.0
2014-07-24 00:00:00+09:00,260.4439961178202,261.9175123617683,260.4439961178202,261.54913330078125,31800,0.0,0.0
2014-07-25 00:00:00+09:00,260.0755762296799,264.8645032707363,260.0755762296799,264.4961242675781,53600,0.0,0.0
2014-07-28 00:00:00+09:00,260.44395523283805,267.0747772896854,260.44395523283805,264.4961242675781,152800,0.0,0.0
2014-07-29 00:00:00+09:00,263.7489600747319,265.24328846042437,261.8810495926162,264.4961242675781,76600,5.0,0.0
2014-07-30 00:00:00+09:00,265.243293198249,268.231950023018,263.7489647858645,267.8583679199219,37600,0.0,0.0
2014-07-31 00:00:00+09:00,268.60561768437776,268.60561768437776,265.2433776855469,265.2433776855469,34800,0.0,0.0
2014-08-01 00:00:00+09:00,264.12255859375,265.6168870723568,263.7489764740983,264.12255859375,45400,0.0,0.0
2014-08-04 00:00:00+09:00,264.12261835734046,264.12261835734046,258.5188852945963,260.0132141113281,39400,0.0,0.0
2014-08-05 00:00:00+09:00,258.1452117517787,260.76028625577646,254.03580895978223,255.15655517578125,82800,0.0,0.0
2014-08-06 00:00:00+09:00,255.15658333214532,257.77165812471486,254.03583699247264,255.90374755859375,48000,0.0,0.0
2014-08-07 00:00:00+09:00,259.26594881314446,259.639530871953,254.78296410744167,258.14520263671875,34000,0.0,0.0
2014-08-08 00:00:00+09:00,255.53014765436643,257.0244760032224,247.68492382287272,251.79432678222656,39400,0.0,0.0
2014-08-11 00:00:00+09:00,257.3980391242287,263.3753520792181,254.7829647064209,263.00177001953125,61400,0.0,0.0
2014-08-12 00:00:00+09:00,262.2546599509897,262.62824208767205,260.3867492675781,260.3867492675781,21200,0.0,0.0
2014-08-13 00:00:00+09:00,261.88110600418287,261.88110600418287,259.26603076591,261.1339416503906,17200,0.0,0.0
2014-08-14 00:00:00+09:00,260.76032186738144,264.4961430975731,260.76032186738144,263.3753967285156,47000,0.0,0.0
2014-08-15 00:00:00+09:00,264.4960982582786,264.4960982582786,261.1338597210971,263.00177001953125,22600,0.0,0.0
2014-08-18 00:00:00+09:00,264.8697228330534,264.8697228330534,262.2546479954915,264.12255859375,17200,0.0,0.0
2014-08-19 00:00:00+09:00,265.9905421297315,265.9905421297315,263.001884352993,265.2433776855469,32800,0.0,0.0
2014-08-20 00:00:00+09:00,265.243386435342,267.4848798418379,265.243386435342,267.1112976074219,26800,0.0,0.0
2014-08-21 00:00:00+09:00,267.85846207625383,268.2320443106698,265.61696866975797,267.1112976074219,28800,0.0,0.0
2014-08-22 00:00:00+09:00,268.23199462890625,268.23199462890625,267.4848302984636,268.23199462890625,42400,0.0,0.0
2014-08-25 00:00:00+09:00,268.23191126381477,276.4507163443216,265.2432548709032,275.70355224609375,83400,0.0,0.0
2014-08-26 00:00:00+09:00,280.5601711750659,289.89972414361,280.5601711750659,283.548828125,148800,0.0,0.0
2014-08-27 00:00:00+09:00,283.92242191344735,286.9110789862205,280.56018270657756,284.6695861816406,81200,0.0,0.0
2014-08-28 00:00:00+09:00,284.66960444475086,294.3827405544143,284.66960444475086,288.4054260253906,90000,0.0,0.0
2014-08-29 00:00:00+09:00,289.8997145432692,296.99777456430286,287.65822190504804,296.2506103515625,73800,0.0,0.0
2014-09-01 00:00:00+09:00,293.26194887627923,298.11851618251063,291.39403837388255,297.74493408203125,82200,0.0,0.0
2014-09-02 00:00:00+09:00,298.49215050341854,310.44677981018873,296.9978218400723,309.6996154785156,112400,0.0,0.0
2014-09-03 00:00:00+09:00,316.424076165514,316.7976583097472,298.1185510980876,301.1072082519531,295800,0.0,0.0
2014-09-04 00:00:00+09:00,305.21665827744164,313.8090489021432,302.6015828699238,305.5902404785156,74000,0.0,0.0
2014-09-05 00:00:00+09:00,305.5901890884211,305.5901890884211,300.73362129117237,302.6015319824219,48000,0.0,0.0
2014-09-08 00:00:00+09:00,325.0163994946526,358.6387856492719,317.54475812695944,346.3105773925781,1877400,0.0,0.0
2014-09-09 00:00:00+09:00,340.70694467149644,342.5748555523709,332.4881367956489,339.2126159667969,444800,0.0,0.0
2014-09-10 00:00:00+09:00,334.7295580110497,339.2125431629834,327.6314981871547,338.091796875,192200,0.0,0.0
2014-09-11 00:00:00+09:00,338.4653741291591,341.82761294501165,333.2352248600551,334.72955322265625,124000,0.0,0.0
2014-09-12 00:00:00+09:00,334.72959060077517,338.46541192444454,323.14854449740017,337.34466552734375,180400,0.0,0.0
2014-09-16 00:00:00+09:00,333.6088371318821,340.33331537194243,329.49943376295636,339.5861511230469,103600,0.0,0.0
2014-09-17 00:00:00+09:00,342.57483999368844,350.7936474962633,340.7069291976487,348.5521545410156,151000,0.0,0.0
2014-09-18 00:00:00+09:00,343.69553552576014,347.80493866791596,341.8276250065984,345.5634460449219,70800,0.0,0.0
2014-09-19 00:00:00+09:00,347.8049479835486,354.1558439188014,344.8162910728414,352.2879333496094,143000,0.0,0.0
2014-09-22 00:00:00+09:00,346.68424548132947,353.7823065418308,344.44275251485533,352.66156005859375,94200,0.0,0.0
2014-09-24 00:00:00+09:00,351.1672169194561,358.265277686977,350.79363477379707,357.14453125,178600,0.0,0.0
2014-09-25 00:00:00+09:00,358.6388588340122,367.97841244948125,358.6388588340122,366.857666015625,135800,0.0,0.0
2014-09-26 00:00:00+09:00,363.86901313481485,371.7142382640049,363.4954309858058,370.21990966796875,125800,0.0,0.0
2014-09-29 00:00:00+09:00,372.8350054766681,388.899038778769,372.46142330685177,387.0311279296875,216800,0.0,0.0
2014-09-30 00:00:00+09:00,387.03109381347207,403.46870783643806,381.4273617601882,402.34796142578125,249400,0.0,0.0
2014-10-01 00:00:00+09:00,403.46866265557196,408.3252298912409,384.78955790299915,387.4046325683594,224400,0.0,0.0
2014-10-02 00:00:00+09:00,376.19722405211354,380.30662769121307,368.3519989229235,370.21990966796875,210800,0.0,0.0
2014-10-03 00:00:00+09:00,370.2198536337187,382.17448059262784,370.2198536337187,378.43865966796875,97200,0.0,0.0
2014-10-06 00:00:00+09:00,379.1857812883284,394.12906330954337,379.1857812883284,392.6347351074219,115600,0.0,0.0
2014-10-07 00:00:00+09:00,387.4046181299353,391.5140210223454,373.9556632093204,382.1744689941406,177200,0.0,0.0
2014-10-08 00:00:00+09:00,370.59352636718745,380.6802453308105,367.97845108032226,373.5821838378906,138600,0.0,0.0
2014-10-09 00:00:00+09:00,378.81230099615226,381.8009582032225,373.5821508837793,374.3293151855469,77600,0.0,0.0
2014-10-10 00:00:00+09:00,363.495446430484,376.19724003648236,362.00111777095475,374.7029113769531,126800,0.0,0.0
2014-10-14 00:00:00+09:00,366.48407463456374,370.96706025700485,362.374671147326,364.98974609375,66600,0.0,0.0
2014-10-15 00:00:00+09:00,363.12185819612927,387.03111634896084,362.3746938788533,385.9103698730469,157000,0.0,0.0
2014-10-16 00:00:00+09:00,373.5821599875093,385.9103712670971,369.8463383876342,376.1972351074219,160400,0.0,0.0
2014-10-17 00:00:00+09:00,378.81230099615226,389.2726012208981,371.7142401293604,374.3293151855469,132800,0.0,0.0
2014-10-20 00:00:00+09:00,384.78962926330274,400.1064980009682,382.17455411296964,393.38201904296875,138000,0.0,0.0
2014-10-21 00:00:00+09:00,393.0083588698815,393.0083588698815,377.31791108230067,379.1858215332031,130800,0.0,0.0
2014-10-22 00:00:00+09:00,375.4499742921314,394.1290774907449,375.4499742921314,393.0083312988281,153800,0.0,0.0
2014-10-23 00:00:00+09:00,390.76682485477,394.12906330954337,390.39324280423966,392.6347351074219,215600,0.0,0.0
2014-10-24 00:00:00+09:00,392.6347818990797,394.12911027928556,384.78955790299915,387.4046325683594,108800,0.0,0.0
2014-10-27 00:00:00+09:00,393.0084508790916,394.1291974120167,391.140539990883,393.755615234375,114800,0.0,0.0
2014-10-28 00:00:00+09:00,390.0197190504808,390.39330115685095,382.9216590294471,383.6688232421875,62800,0.0,0.0
2014-10-29 00:00:00+09:00,385.16315868975346,391.8876367270139,384.7895765765723,386.2839050292969,70000,0.0,0.0
2014-10-30 00:00:00+09:00,386.2839978669819,390.3934020996094,383.66892244621897,390.3934020996094,95800,0.0,0.0
2014-10-31 00:00:00+09:00,389.2725106591054,394.1290774907449,388.89892859513316,393.0083312988281,189800,0.0,0.0
2014-11-04 00:00:00+09:00,393.75552833193825,393.75552833193825,385.5367222377232,392.2611999511719,128400,0.0,0.0
2014-11-05 00:00:00+09:00,386.657505378254,395.9970586482601,386.657505378254,394.8763122558594,210600,0.0,0.0
2014-11-06 00:00:00+09:00,396.3705913615677,409.0723822251806,392.26118843510466,395.99700927734375,147400,0.0,0.0
2014-11-07 00:00:00+09:00,398.9857573638091,398.9857573638091,385.5367992504223,387.0311279296875,78200,0.0,0.0
2014-11-10 00:00:00+09:00,383.29523882435745,393.3819556355248,379.18583567906705,389.2725524902344,85800,0.0,0.0
2014-11-11 00:00:00+09:00,391.14048775427983,414.30257967478155,391.14048775427983,410.19317626953125,200000,0.0,0.0
2014-11-12 00:00:00+09:00,414.30253929145164,425.8835841228628,382.9216436192407,408.3252258300781,281200,0.0,0.0
2014-11-13 00:00:00+09:00,406.45736287816607,406.45736287816607,394.50273455821997,398.2385559082031,73000,0.0,0.0
2014-11-14 00:00:00+09:00,402.3480238353505,410.19324992684756,402.3480238353505,406.4574279785156,74800,0.0,0.0
2014-11-17 00:00:00+09:00,404.96306360615375,404.96306360615375,388.1518663162304,394.1291809082031,65600,0.0,0.0
2014-11-18 00:00:00+09:00,392.26118843510466,398.6120838669111,392.26118843510466,395.99700927734375,67800,0.0,0.0
2014-11-19 00:00:00+09:00,393.3819795028023,403.0951147991678,383.66884420643686,386.6575012207031,79600,0.0,0.0
2014-11-20 00:00:00+09:00,386.65758006994804,397.1178817529998,386.65758006994804,390.3934020996094,66600,0.0,0.0
2014-11-21 00:00:00+09:00,388.15183421752465,391.88765552856916,379.93302733322673,390.0197448730469,77600,0.0,0.0
2014-11-25 00:00:00+09:00,388.1519088818126,393.0084775203723,388.1519088818126,390.3934020996094,69000,0.0,0.0
2014-11-26 00:00:00+09:00,387.0311041710361,392.2612542274014,384.7896112897366,389.64617919921875,54600,0.0,0.0
2014-11-27 00:00:00+09:00,389.6461488297842,389.6461488297842,381.0537601211696,384.7895812988281,116000,0.0,0.0
2014-11-28 00:00:00+09:00,384.04242633322013,390.0197403617527,384.04242633322013,386.6575012207031,80400,0.0,0.0
2014-12-01 00:00:00+09:00,384.7896349107897,388.5254566089527,384.4160527409734,387.0311279296875,79400,0.0,0.0
2014-12-02 00:00:00+09:00,385.53673828125,402.7215153751817,385.53673828125,401.60076904296875,94200,0.0,0.0
2014-12-03 00:00:00+09:00,403.468691543794,406.08376639639266,395.9970491077978,397.8649597167969,55400,0.0,0.0
2014-12-04 00:00:00+09:00,396.3706586767126,404.2158837777597,396.3706586767126,403.4687194824219,67000,0.0,0.0
2014-12-05 00:00:00+09:00,404.58936960142915,407.5780260712458,399.35922077925,404.96295166015625,67200,0.0,0.0
2014-12-08 00:00:00+09:00,409.0723543061541,423.2684725377832,404.96295166015625,404.96295166015625,142200,0.0,0.0
2014-12-09 00:00:00+09:00,416.17050284908504,432.2345348262041,410.1931886250407,429.9930419921875,258400,0.0,0.0
2014-12-10 00:00:00+09:00,433.3552530888246,438.95898480980077,418.4119684995548,419.53271484375,299200,0.0,0.0
2014-12-11 00:00:00+09:00,412.8082851833767,447.925008085854,412.8082851833767,437.09112548828125,385600,0.0,0.0
2014-12-12 00:00:00+09:00,431.4873016924061,432.98163000995555,411.6874514848758,422.5213317871094,145200,0.0,0.0
2014-12-15 00:00:00+09:00,418.4119969649281,421.40065408610616,414.6761755634555,415.42333984375,55000,0.0,0.0
2014-12-16 00:00:00+09:00,405.71018914340465,408.3252640273861,396.3706359863281,396.3706359863281,105800,0.0,0.0
2014-12-17 00:00:00+09:00,392.2612092932876,399.7328513750645,384.4159851074219,384.4159851074219,101400,0.0,0.0
2014-12-18 00:00:00+09:00,397.86495273640566,399.3592811973875,392.26122100772386,395.2498779296875,54600,0.0,0.0
2014-12-19 00:00:00+09:00,397.49138392603027,411.31392265278134,397.49138392603027,410.19317626953125,74800,0.0,0.0
2014-12-22 00:00:00+09:00,410.94034052503133,418.03840095228185,404.58944435328084,410.19317626953125,39600,0.0,0.0
2014-12-24 00:00:00+09:00,410.9403098673315,414.67613086612545,403.0950857698643,405.3365783691406,42400,0.0,0.0
2014-12-25 00:00:00+09:00,401.6007573703467,407.20448886853757,399.73284687094974,405.3365783691406,47000,0.0,0.0
2014-12-26 00:00:00+09:00,401.6007597429039,412.43464070341014,399.3592671303854,409.44598388671875,57600,0.0,0.0
2014-12-29 00:00:00+09:00,410.940286627722,416.5440178090091,405.7101375251874,412.8081970214844,58000,0.0,0.0
2014-12-30 00:00:00+09:00,407.57809686441834,412.06108234780334,403.09511138103335,406.8309326171875,75200,0.0,0.0
2015-01-05 00:00:00+09:00,403.09511374549896,407.95168138098694,403.09511374549896,406.0837707519531,25200,0.0,0.0
2015-01-06 00:00:00+09:00,398.2385348516511,402.34793811935106,393.7555494687057,395.2498779296875,67400,0.0,0.0
2015-01-07 00:00:00+09:00,389.27256184662656,394.129129316882,389.27256184662656,391.1404724121094,31000,0.0,0.0
2015-01-08 00:00:00+09:00,391.140539990883,396.7442726555088,391.140539990883,393.755615234375,25400,0.0,0.0
2015-01-09 00:00:00+09:00,394.50280633223684,395.9971351441014,390.01981989664324,390.3934020996094,36800,0.0,0.0
2015-01-13 00:00:00+09:00,390.3933483780979,394.12916989367784,385.1631982562861,388.15185546875,58000,0.0,0.0
2015-01-14 00:00:00+09:00,385.53679162779855,388.1518667648088,373.58216243003733,375.4500732421875,79000,0.0,0.0
2015-01-15 00:00:00+09:00,377.3179019394741,382.5480510752688,373.9556632093204,382.1744689941406,71600,0.0,0.0
2015-01-16 00:00:00+09:00,373.9557073130636,382.5480961923848,370.5934681863728,372.8349609375,67800,0.0,0.0
2015-01-19 00:00:00+09:00,377.3179865311293,378.43873302577623,372.087836222777,374.7029113769531,34000,0.0,0.0
2015-01-20 00:00:00+09:00,378.0650893083708,384.04240297332524,374.7028503718339,379.5594177246094,45600,0.0,0.0
2015-01-21 00:00:00+09:00,382.5481126237624,382.5481126237624,375.8236340815478,377.3179626464844,51600,0.0,0.0
2015-01-22 00:00:00+09:00,380.680221027272,380.680221027272,374.32932430748434,376.1972351074219,51000,0.0,0.0
2015-01-23 00:00:00+09:00,375.82365787160006,377.3179865311293,372.4614183876593,374.7029113769531,42400,0.0,0.0
2015-01-26 00:00:00+09:00,373.58216488230624,377.3179865311293,371.71425405789466,374.7029113769531,54800,0.0,0.0
2015-01-27 00:00:00+09:00,373.58212518787576,379.1858570656939,372.8349609375,372.8349609375,124000,0.0,0.0
2015-01-28 00:00:00+09:00,379.28278484041726,383.0756126888214,375.86923977685353,382.3170471191406,78400,7.5,0.0
2015-01-29 00:00:00+09:00,381.558486220783,382.69633458923465,368.6628713783311,370.9385681152344,82400,0.0,0.0
2015-01-30 00:00:00+09:00,390.661288476273,391.4198540849648,378.9035215415502,383.8341979980469,87400,0.0,0.0
2015-02-02 00:00:00+09:00,379.28281620353044,383.8342099979728,375.4899880414951,380.0413818359375,32200,0.0,0.0
2015-02-03 00:00:00+09:00,377.765563781555,381.93767342171276,375.86915030875605,378.9034118652344,45200,0.0,0.0
2015-02-04 00:00:00+09:00,384.21338940139333,384.21338940139333,377.38630054727184,382.6962585449219,55200,0.0,0.0
2015-02-05 00:00:00+09:00,382.31695611627254,382.31695611627254,376.2484330033158,378.9034118652344,51400,0.0,0.0
2015-02-06 00:00:00+09:00,383.0756565832323,383.0756565832323,374.7314343606272,376.2485656738281,35600,0.0,0.0
2015-02-09 00:00:00+09:00,377.38636285486353,378.5242111850792,372.07640398052376,377.007080078125,43200,0.0,0.0
2015-02-10 00:00:00+09:00,374.3521028076421,377.76564781804615,365.62859889216514,371.3178405761719,82400,0.0,0.0
2015-02-12 00:00:00+09:00,377.00711270893663,378.9035267567683,372.0764361845743,372.4557189941406,38600,0.0,0.0
2015-02-13 00:00:00+09:00,372.45575860206117,375.4900214012633,371.6971929022606,374.3521728515625,36400,0.0,0.0
2015-02-16 00:00:00+09:00,373.2142131568699,375.1106268416101,370.1799512612856,372.8349304199219,24400,0.0,0.0
2015-02-17 00:00:00+09:00,373.97284608996415,383.454916224091,372.45571486850383,381.5585021972656,65600,0.0,0.0
2015-02-18 00:00:00+09:00,386.1098749675448,386.1098749675448,379.6620676252577,382.3170471191406,37800,0.0,0.0
2015-02-19 00:00:00+09:00,381.1791475527614,384.9719748915948,377.38632021392795,384.2134094238281,45600,0.0,0.0
2015-02-20 00:00:00+09:00,383.07555126035487,384.2133994324153,380.04128946819367,383.454833984375,37000,0.0,0.0
2015-02-23 00:00:00+09:00,386.4892108154297,388.00634216308595,376.24857421875,379.2828369140625,66400,0.0,0.0
2015-02-24 00:00:00+09:00,381.93778500263073,384.59276464018626,381.1792193919006,381.5585021972656,21800,0.0,0.0
2015-02-25 00:00:00+09:00,384.2134808023928,384.5927636067387,380.04136995458794,383.8341979980469,45000,0.0,0.0
2015-02-26 00:00:00+09:00,384.9719538674649,388.0062155728242,384.592671154295,387.2476501464844,48400,0.0,0.0
2015-02-27 00:00:00+09:00,388.7648544614277,392.17839952499145,381.17919876461934,382.3170471191406,86600,0.0,0.0
2015-03-02 00:00:00+09:00,384.21338844112506,394.0747389835429,384.21338844112506,387.2476501464844,24000,0.0,0.0
2015-03-03 00:00:00+09:00,387.24774018815424,391.41985100310984,387.24774018815424,390.6612854003906,47200,0.0,0.0
2015-03-04 00:00:00+09:00,389.90264029271765,389.90264029271765,381.55842036427424,383.454833984375,29200,0.0,0.0
2015-03-05 00:00:00+09:00,381.17922095142853,383.45491779292956,377.00711007534323,378.14495849609375,50200,0.0,0.0
2015-03-06 00:00:00+09:00,376.24857421875,382.6963824462891,376.24857421875,379.2828369140625,72200,0.0,0.0
2015-03-09 00:00:00+09:00,364.87001648589,370.9385406686075,361.83575439453125,361.83575439453125,167000,0.0,0.0
2015-03-10 00:00:00+09:00,366.00791603607655,366.00791603607655,361.0772394469895,362.215087890625,66000,0.0,0.0
2015-03-11 00:00:00+09:00,362.215087890625,366.00791603607655,361.4565222615347,362.215087890625,60600,0.0,0.0
2015-03-12 00:00:00+09:00,364.11150303171644,389.1441688651469,361.8358061377682,381.1792297363281,254800,0.0,0.0
2015-03-13 00:00:00+09:00,360.6978780438823,364.1114226310484,349.31939608666204,352.7329406738281,520800,0.0,0.0
2015-03-16 00:00:00+09:00,356.1464969880449,356.90506247683726,345.14729740055463,347.8022766113281,206000,0.0,0.0
2015-03-17 00:00:00+09:00,348.9401058827865,349.69867133035774,340.5958859595025,341.7337341308594,164600,0.0,0.0
2015-03-18 00:00:00+09:00,344.7680705442267,344.7680705442267,333.76886917372883,335.665283203125,120000,0.0,0.0
2015-03-19 00:00:00+09:00,334.9067821634227,335.2860650424299,329.2175389783136,329.9761047363281,99000,0.0,0.0
2015-03-20 00:00:00+09:00,332.25164944832784,332.25164944832784,324.2867126464844,324.2867126464844,158000,0.0,0.0
2015-03-23 00:00:00+09:00,324.2867320507248,329.5966902363507,322.769601140546,328.0795593261719,126600,0.0,0.0
2015-03-24 00:00:00+09:00,326.94176167759,329.2174583946034,324.66606496057665,328.4588928222656,137600,0.0,0.0
2015-03-25 00:00:00+09:00,329.9760839479779,332.63106393376626,329.21751823775264,330.7346496582031,73600,0.0,0.0
2015-03-26 00:00:00+09:00,330.7345994518649,331.11388224940146,326.56248867896295,329.21746826171875,113000,0.0,0.0
2015-03-27 00:00:00+09:00,329.21746925300897,333.0102972397948,325.42464126622315,326.9417724609375,126000,0.0,0.0
2015-03-30 00:00:00+09:00,327.7004074622845,331.49323625235724,327.3211245832772,329.9761047363281,51800,0.0,0.0
2015-03-31 00:00:00+09:00,331.87247741140544,335.66530572467866,330.3553460860961,331.4931945800781,130800,0.0,0.0
2015-04-01 00:00:00+09:00,331.49316455302363,333.38957853788077,328.45890217725224,330.3553161621094,63800,0.0,0.0
2015-04-02 00:00:00+09:00,333.0103551691229,334.90676949240947,330.35537511652166,333.7689208984375,69400,0.0,0.0
2015-04-03 00:00:00+09:00,334.1481633979258,334.1481633979258,331.8724664848866,333.01031494140625,44800,0.0,0.0
2015-04-06 00:00:00+09:00,333.01031494140625,333.768880579086,331.8724664848866,333.01031494140625,56400,0.0,0.0
2015-04-07 00:00:00+09:00,333.01030459528766,334.5274358235122,331.4931733670631,333.38958740234375,38000,0.0,0.0
2015-04-08 00:00:00+09:00,333.0102347842531,337.18234478724486,327.70027659862717,328.0795593261719,191200,0.0,0.0
2015-04-09 00:00:00+09:00,331.4931836660467,336.42386031096504,330.35533520952714,333.01031494140625,133200,0.0,0.0
2015-04-10 00:00:00+09:00,333.0102937899252,336.8031217374186,332.6310109951758,334.9067077636719,82600,0.0,0.0
2015-04-13 00:00:00+09:00,336.4238374992336,346.2851901204062,336.0445547061116,338.32025146484375,104200,0.0,0.0
2015-04-14 00:00:00+09:00,341.35449137908734,346.6644501338731,339.0787947698934,343.63018798828125,68400,0.0,0.0
2015-04-15 00:00:00+09:00,344.388795027976,345.147360655791,341.7338153306238,342.11309814453125,52800,0.0,0.0
2015-04-16 00:00:00+09:00,342.11309653657986,345.90592465782794,341.73381372445505,345.5266418457031,84200,0.0,0.0
2015-04-17 00:00:00+09:00,343.6302165112464,348.56089290710315,341.35451971315865,348.1816101074219,91800,0.0,0.0
2015-04-20 00:00:00+09:00,345.1473590335783,347.4230559063272,343.2509449729543,345.5266418457031,46000,0.0,0.0
2015-04-21 00:00:00+09:00,344.38874357780526,346.6644401212709,340.97519876260674,342.8716125488281,41400,0.0,0.0
2015-04-22 00:00:00+09:00,345.9059049192048,345.9059049192048,339.07881469053626,344.0094909667969,32200,0.0,0.0
2015-04-23 00:00:00+09:00,345.90585357363864,348.18154997872836,340.2166125609143,344.76800537109375,61600,0.0,0.0
2015-04-24 00:00:00+09:00,346.28511548198804,346.6643981933594,342.11300565690385,346.6643981933594,36600,0.0,0.0
2015-04-27 00:00:00+09:00,348.18152903884453,348.5608117502158,345.90583277061677,346.6643981933594,64400,0.0,0.0
2015-04-28 00:00:00+09:00,347.0437518790299,348.18160024584637,347.0437518790299,347.42303466796875,21800,0.0,0.0
2015-04-30 00:00:00+09:00,344.76805514539694,348.18160024584637,344.00948956751927,347.42303466796875,55600,0.0,0.0
2015-05-01 00:00:00+09:00,342.4923588730811,347.04375234647756,340.2166621363829,346.2851867675781,82800,0.0,0.0
2015-05-07 00:00:00+09:00,342.1130367721642,346.2851469767028,341.3544712804299,343.2508850097656,47200,0.0,0.0
2015-05-08 00:00:00+09:00,341.35446076345914,344.76800537109375,341.35446076345914,344.76800537109375,27600,0.0,0.0
2015-05-11 00:00:00+09:00,347.04370028012755,350.4572448730469,344.76800388484804,350.4572448730469,79600,0.0,0.0
2015-05-12 00:00:00+09:00,349.6987314016017,349.6987314016017,345.52662072327456,347.42303466796875,19400,0.0,0.0
2015-05-13 00:00:00+09:00,348.9401340793919,352.353678869299,347.42300306165544,350.8365478515625,44200,0.0,0.0
2015-05-14 00:00:00+09:00,348.1815484777673,351.9743758032332,348.1815484777673,350.4572448730469,36600,0.0,0.0
2015-05-15 00:00:00+09:00,352.3537081405999,355.3879704281401,351.2158597827723,354.2501220703125,64600,0.0,0.0
2015-05-18 00:00:00+09:00,355.76723021181374,361.83575439453125,354.25009916613436,361.83575439453125,92400,0.0,0.0
2015-05-19 00:00:00+09:00,361.83576429039863,363.3528953775701,359.1807848878485,362.5943298339844,56800,0.0,0.0
2015-05-20 00:00:00+09:00,362.59427829599974,365.6285400390625,361.835712860234,365.6285400390625,42400,0.0,0.0
2015-05-21 00:00:00+09:00,365.6286114051954,367.90430815668,364.11148023753896,365.24932861328125,46200,0.0,0.0
2015-05-22 00:00:00+09:00,366.38710547482816,366.38710547482816,362.2149955781169,365.6285400390625,38200,0.0,0.0
2015-05-25 00:00:00+09:00,365.62860063239236,366.7664489746094,364.87003507091435,366.7664489746094,34400,0.0,0.0
2015-05-26 00:00:00+09:00,364.87005876120236,413.41825784793195,363.7322103451071,381.5585021972656,384600,0.0,0.0
2015-05-27 00:00:00+09:00,381.93772594745343,397.10903581626985,366.38713333191663,374.7313537597656,219200,0.0,0.0
2015-05-28 00:00:00+09:00,373.5935268791354,374.73137518435107,371.6971130371094,371.6971130371094,45400,0.0,0.0
2015-05-29 00:00:00+09:00,372.07637453272275,376.6277674933677,372.07637453272275,374.7313537597656,53600,0.0,0.0
2015-06-01 00:00:00+09:00,375.1106666233898,376.62779773207893,371.6971216288392,375.8692321777344,34800,0.0,0.0
2015-06-02 00:00:00+09:00,375.48993713924403,395.97120643774826,374.7313716096698,381.937744140625,204400,0.0,0.0
2015-06-03 00:00:00+09:00,379.28282830023,379.66211112853017,374.35215153232696,376.2485656738281,62800,0.0,0.0
2015-06-04 00:00:00+09:00,376.2485645118362,382.31708974589804,375.4899988575785,378.5242614746094,39200,0.0,0.0
2015-06-05 00:00:00+09:00,375.4899988575785,381.17924126451146,375.4899988575785,378.5242614746094,60600,0.0,0.0
2015-06-08 00:00:00+09:00,377.00711876408974,381.1792297363281,377.00711876408974,381.1792297363281,25200,0.0,0.0
2015-06-09 00:00:00+09:00,381.17924126451146,381.17924126451146,377.3864129932228,378.5242614746094,71600,0.0,0.0
2015-06-10 00:00:00+09:00,402.41904431061755,413.4182453332452,399.38478195954787,408.8668518066406,517000,0.0,0.0
2015-06-11 00:00:00+09:00,417.59038850911463,432.3824186197917,417.2111056857639,426.69317626953125,320400,0.0,0.0
2015-06-12 00:00:00+09:00,422.5210462648668,428.58957116633707,417.2110869760803,424.0381774902344,192600,0.0,0.0
2015-06-15 00:00:00+09:00,421.0039602364768,436.1752741188724,417.2111317658779,433.5202941894531,148000,0.0,0.0
2015-06-16 00:00:00+09:00,428.58957116633707,436.1752272931749,424.0381774902344,424.0381774902344,56800,0.0,0.0
2015-06-17 00:00:00+09:00,424.0381157491555,430.1066397670325,424.0381157491555,426.3138122558594,65600,0.0,0.0
2015-06-18 00:00:00+09:00,427.0724186748664,431.6238121243321,423.27959080031167,425.9345703125,53800,0.0,0.0
2015-06-19 00:00:00+09:00,424.41739850027284,427.83094326032864,424.41739850027284,426.3138122558594,25400,0.0,0.0
2015-06-22 00:00:00+09:00,425.5552856983067,430.8652446998899,425.17600291247936,430.4859619140625,45200,0.0,0.0
2015-06-23 00:00:00+09:00,430.4859946318053,447.55372129121605,430.10671181715173,447.1744384765625,164600,0.0,0.0
2015-06-24 00:00:00+09:00,447.55368130373586,447.55368130373586,441.8644395922477,445.2779846191406,89200,0.0,0.0
2015-06-25 00:00:00+09:00,443.7609045660129,450.2087125810747,443.38162174159754,444.51947021484375,74600,0.0,0.0
2015-06-26 00:00:00+09:00,444.51951601677007,454.7601533311496,443.760950289779,452.8637390136719,84200,0.0,0.0
2015-06-29 00:00:00+09:00,443.38163389642557,447.1744622445558,437.6923913742302,440.7266540527344,95800,0.0,0.0
2015-06-30 00:00:00+09:00,435.4166515719506,447.5537010931199,435.4166515719506,446.7951354980469,56200,0.0,0.0
2015-07-01 00:00:00+09:00,446.7951648815258,451.3465587512867,441.8644881892848,449.07086181640625,57600,0.0,0.0
2015-07-02 00:00:00+09:00,455.1393024530339,461.207826485741,451.34647493259195,455.5185852050781,100400,0.0,0.0
2015-07-03 00:00:00+09:00,457.0357710315335,457.0357710315335,446.4158527005103,446.7951354980469,66600,0.0,0.0
2015-07-06 00:00:00+09:00,440.3473466682265,440.3473466682265,425.5553169351853,428.2102966308594,99600,0.0,0.0
2015-07-07 00:00:00+09:00,434.6580934448781,436.1752246610906,428.58956858002813,429.7274169921875,51000,0.0,0.0
2015-07-08 00:00:00+09:00,425.17602269873095,425.17602269873095,408.4875793457031,408.4875793457031,128800,0.0,0.0
2015-07-09 00:00:00+09:00,391.04056003510567,414.1768104348549,385.35131813352797,410.00469970703125,131800,0.0,0.0
2015-07-10 00:00:00+09:00,408.86685132671573,413.03896205453935,405.4533061857691,410.00469970703125,64800,0.0,0.0
2015-07-13 00:00:00+09:00,408.10826313734486,419.4867463103192,408.10826313734486,416.4524841308594,43800,0.0,0.0
2015-07-14 00:00:00+09:00,421.00386620430925,425.1759765901177,417.211038580847,419.1074523925781,40400,0.0,0.0
2015-07-15 00:00:00+09:00,418.34889799302175,422.521008489779,416.4524841308594,416.4524841308594,58600,0.0,0.0
2015-07-16 00:00:00+09:00,417.2110405318234,417.5903232959433,410.00466801354645,413.418212890625,87200,0.0,0.0
2015-07-17 00:00:00+09:00,413.0389512022519,414.55608233614447,409.6254061509936,411.5218200683594,71800,0.0,0.0
2015-07-21 00:00:00+09:00,413.41828370705633,416.83182916885767,409.24617258707684,414.1768493652344,54000,0.0,0.0
2015-07-22 00:00:00+09:00,413.7974764223452,414.5560419153284,409.6253662109375,409.6253662109375,59200,0.0,0.0
2015-07-23 00:00:00+09:00,409.6253725779142,428.21022744487516,409.6253725779142,421.7624206542969,61200,0.0,0.0
2015-07-24 00:00:00+09:00,416.4524532806646,421.0038462126937,413.4181913259785,417.5903015136719,45600,0.0,0.0
2015-07-27 00:00:00+09:00,414.55608233614447,417.2110618204565,410.3839717179399,411.5218200683594,44200,0.0,0.0
2015-07-28 00:00:00+09:00,404.69472278003957,410.38396443111793,403.1775916730854,403.9361572265625,53200,0.0,0.0
2015-07-29 00:00:00+09:00,402.4046419191493,441.84106258296697,402.4046419191493,412.3594665527344,162600,5.0,0.0
2015-07-30 00:00:00+09:00,414.65677743799546,416.9540449030259,412.359509972965,416.5711669921875,29600,0.0,0.0
2015-07-31 00:00:00+09:00,419.2513427734375,428.0575353613727,413.89105163295517,419.2513427734375,55600,0.0,0.0
2015-08-03 00:00:00+09:00,421.16571464331633,426.9088834793615,414.27391204006204,423.4629821777344,33000,0.0,0.0
2015-08-04 00:00:00+09:00,423.46295166015625,423.46295166015625,414.6567600795201,420.7828063964844,29800,0.0,0.0
2015-08-05 00:00:00+09:00,422.6972089613554,426.90886593470225,416.1882845480012,422.3143310546875,24400,0.0,0.0
2015-08-06 00:00:00+09:00,424.99447640136276,425.7602322146986,420.0170636146801,422.3143310546875,41600,0.0,0.0
2015-08-07 00:00:00+09:00,417.7196832409288,422.3142168787759,415.4224164220053,418.8683166503906,42400,0.0,0.0
2015-08-10 00:00:00+09:00,418.86843412517965,424.6116027832031,416.5711666619702,424.6116027832031,30200,0.0,0.0
2015-08-11 00:00:00+09:00,424.9944282676469,426.14306185755953,410.06219159878367,423.8457946777344,63600,0.0,0.0
2015-08-12 00:00:00+09:00,417.3369008811987,423.0800692419491,407.76495361328125,407.76495361328125,81400,0.0,0.0
2015-08-13 00:00:00+09:00,405.85052121184594,412.3594446652435,405.85052121184594,411.59368896484375,21000,0.0,0.0
2015-08-14 00:00:00+09:00,411.5937281854777,413.1252397322143,409.6793387520569,410.8279724121094,17000,0.0,0.0
2015-08-17 00:00:00+09:00,414.65682499480835,419.63423840656503,413.8910690853073,417.7198486328125,22000,0.0,0.0
2015-08-18 00:00:00+09:00,419.25119445354454,420.0169500598524,413.89090520938964,418.8683166503906,15000,0.0,0.0
2015-08-19 00:00:00+09:00,419.63416403234277,424.9944544488143,417.33689671099785,421.5485534667969,43000,0.0,0.0
2015-08-20 00:00:00+09:00,421.5486113479018,421.5486113479018,411.2109069824219,411.2109069824219,35400,0.0,0.0
2015-08-21 00:00:00+09:00,405.0847771257421,411.2108229045813,396.66146417983816,397.0443420410156,50000,0.0,0.0
2015-08-24 00:00:00+09:00,381.7292702765214,392.06697368421055,362.58537507709707,363.7340087890625,66800,0.0,0.0
2015-08-25 00:00:00+09:00,346.504456164139,373.688783664309,339.2297769739527,351.86474609375,90800,0.0,0.0
2015-08-26 00:00:00+09:00,363.3510950746495,369.0942630684532,343.4414460294632,350.71612548828125,108800,0.0,0.0
2015-08-27 00:00:00+09:00,357.22503230811697,363.7339557263785,355.31064306745185,357.60791015625,38600,0.0,0.0
2015-08-28 00:00:00+09:00,369.09431184435033,380.9635272667309,369.09431184435033,378.666259765625,40200,0.0,0.0
2015-08-31 00:00:00+09:00,384.40938920759476,391.3011910061373,384.40938920759476,390.1525573730469,42400,0.0,0.0
2015-09-01 00:00:00+09:00,389.0039321060336,390.152565763827,373.68881666878815,375.986083984375,62000,0.0,0.0
2015-09-02 00:00:00+09:00,373.3058685617349,380.9634248399243,369.0942126087307,371.3914794921875,42200,0.0,0.0
2015-09-03 00:00:00+09:00,371.3915268713687,377.1346948126785,364.1168474790429,364.4997253417969,35200,0.0,0.0
2015-09-04 00:00:00+09:00,370.242924281529,374.454581124442,361.43673270089283,361.8196105957031,40800,0.0,0.0
2015-09-07 00:00:00+09:00,357.9907886489031,367.562734869462,354.5448880095019,362.96820068359375,28200,0.0,0.0
2015-09-08 00:00:00+09:00,361.43677543727284,382.8779400818568,361.43677543727284,368.7114562988281,52400,0.0,0.0
2015-09-09 00:00:00+09:00,370.242976168119,377.13477924053484,362.2025392503005,373.3059997558594,86000,0.0,0.0
2015-09-10 00:00:00+09:00,367.562744140625,369.8600112915039,362.58533198038737,367.562744140625,41000,0.0,0.0
2015-09-11 00:00:00+09:00,371.7744358607701,374.454581124442,367.9456569126674,372.5401916503906,53600,0.0,0.0
2015-09-14 00:00:00+09:00,367.5627013530928,375.9860132591012,367.5627013530928,371.3914794921875,27200,0.0,0.0
2015-09-15 00:00:00+09:00,372.15731375558033,380.19774954659596,372.15731375558033,375.2203369140625,25600,0.0,0.0
2015-09-16 00:00:00+09:00,379.8148586384153,385.9409047454865,379.04910287503134,381.729248046875,32600,0.0,0.0
2015-09-17 00:00:00+09:00,376.75183993916687,385.17515343374174,376.75183993916687,384.0265197753906,26600,0.0,0.0
2015-09-18 00:00:00+09:00,386.70669154928186,386.70669154928186,377.51762165108113,379.04913330078125,20000,0.0,0.0
2015-09-24 00:00:00+09:00,371.3915353758722,376.368947705652,358.3736877441406,358.3736877441406,73800,0.0,0.0
2015-09-25 00:00:00+09:00,354.9278213598166,361.81962371631795,351.481920181566,360.6709899902344,42600,0.0,0.0
2015-09-28 00:00:00+09:00,366.0312367928128,372.54016045963067,361.81958030251894,364.4997253417969,51800,0.0,0.0
2015-09-29 00:00:00+09:00,357.99078221095044,359.5222935786978,347.27020263671875,347.27020263671875,40400,0.0,0.0
2015-09-30 00:00:00+09:00,351.864815454862,357.22510644111674,349.1846699617347,356.4593505859375,11200,0.0,0.0
2015-10-01 00:00:00+09:00,360.6710119746156,361.8196457707131,353.39633126599807,358.7566223144531,19600,0.0,0.0
2015-10-02 00:00:00+09:00,357.22513954624503,370.62586825376763,356.0765056570288,366.7970886230469,50200,0.0,0.0
2015-10-05 00:00:00+09:00,368.32847871505675,380.58056948312515,368.32847871505675,372.1572570800781,30800,0.0,0.0
2015-10-06 00:00:00+09:00,377.1346916167842,384.4093709474633,376.36893589776537,378.2833251953125,37000,0.0,0.0
2015-10-07 00:00:00+09:00,380.58057645909923,393.981300982307,377.5175537109375,390.535400390625,56200,0.0,0.0
2015-10-08 00:00:00+09:00,388.62108061964716,391.6841039151715,383.2607898524796,389.76971435546875,33000,0.0,0.0
2015-10-09 00:00:00+09:00,391.68412494934256,399.7245615318804,391.30124701684076,398.575927734375,50400,0.0,0.0
2015-10-13 00:00:00+09:00,397.8101239209032,398.19300180725634,392.44983351195935,394.7471008300781,28600,0.0,0.0
2015-10-14 00:00:00+09:00,391.3011422587339,391.3011422587339,380.96344084876733,386.32373046875,39200,0.0,0.0
2015-10-15 00:00:00+09:00,383.64364212583735,396.2786123754907,383.64364212583735,394.7471008300781,25400,0.0,0.0
2015-10-16 00:00:00+09:00,397.0443595299354,402.02177194448615,393.59845862755407,398.1929931640625,21400,0.0,0.0
2015-10-19 00:00:00+09:00,396.6615122298748,398.193023860106,392.0669773391813,392.8327331542969,13600,0.0,0.0
2015-10-20 00:00:00+09:00,398.193023860106,398.193023860106,391.3012215240657,392.8327331542969,13200,0.0,0.0
2015-10-21 00:00:00+09:00,392.83274162160177,398.5759103587597,391.30122995835967,397.4272766113281,19400,0.0,0.0
2015-10-22 00:00:00+09:00,396.6614564139888,406.6162806097067,396.6614564139888,405.85052490234375,31800,0.0,0.0
2015-10-23 00:00:00+09:00,408.91356554833527,411.59371064088054,398.19298517815423,409.6793212890625,55800,0.0,0.0
2015-10-26 00:00:00+09:00,415.8053634140518,420.39989781641697,409.6793175442315,418.1026306152344,77000,0.0,0.0
2015-10-27 00:00:00+09:00,416.953974842695,422.6971425402528,408.1477843731064,414.6567077636719,31800,0.0,0.0
2015-10-28 00:00:00+09:00,410.4451647306743,413.50818834806745,400.10746002197266,407.38214111328125,54400,0.0,0.0
2015-10-29 00:00:00+09:00,408.1478445060191,413.1252572438974,407.7649666031054,411.97662353515625,25400,0.0,0.0
2015-10-30 00:00:00+09:00,408.53072240893283,414.2738909526385,400.1074085448311,411.97662353515625,32600,0.0,0.0
2015-11-02 00:00:00+09:00,405.4677347002876,406.23349057318717,400.4903215264409,400.8731994628906,38400,0.0,0.0
2015-11-04 00:00:00+09:00,408.14776953961257,408.14776953961257,398.1929458923049,402.40460205078125,25000,0.0,0.0
2015-11-05 00:00:00+09:00,402.4046804873269,407.76497118839507,400.10741304401205,403.5533142089844,17600,0.0,0.0
2015-11-06 00:00:00+09:00,403.5533098410656,406.2334551625907,398.1930191980154,403.9361877441406,21400,0.0,0.0
2015-11-09 00:00:00+09:00,406.99925059493336,411.5937858791659,401.6389594299954,403.17047119140625,73000,0.0,0.0
2015-11-10 00:00:00+09:00,398.5758534857254,400.1073649304352,394.7470748739509,397.0443420410156,53000,0.0,0.0
2015-11-11 00:00:00+09:00,392.0669899425287,402.404693778904,392.0669899425287,399.72454833984375,35200,0.0,0.0
2015-11-12 00:00:00+09:00,403.1704538399833,406.23347723098027,399.7245525251116,402.0218200683594,25200,0.0,0.0
2015-11-13 00:00:00+09:00,396.2786557715594,400.49031298265805,394.36426613015084,398.95880126953125,24000,0.0,0.0
2015-11-16 00:00:00+09:00,398.95869730090004,406.6162538709749,395.8956746728701,402.7874755859375,49800,0.0,0.0
2015-11-17 00:00:00+09:00,405.8505816522993,408.91360491005247,402.4046804873269,403.5533142089844,48400,0.0,0.0
2015-11-18 00:00:00+09:00,406.2334551625907,406.6163330656657,402.02179822876553,403.9361877441406,25600,0.0,0.0
2015-11-19 00:00:00+09:00,406.2334551625907,420.78281547944124,400.87316451954047,403.9361877441406,272800,0.0,0.0
2015-11-20 00:00:00+09:00,405.08488951338103,415.4225946332877,402.0218657741494,413.8910827636719,66800,0.0,0.0
2015-11-24 00:00:00+09:00,415.80538516343455,424.22869867503266,413.8909957289804,421.5485534667969,92800,0.0,0.0
2015-11-25 00:00:00+09:00,419.63419387317316,438.39521166494825,419.25131595905526,432.2691650390625,103400,0.0,0.0
2015-11-26 00:00:00+09:00,432.6519855337307,434.18349698694743,423.8457946777344,423.8457946777344,119800,0.0,0.0
2015-11-27 00:00:00+09:00,426.52600479798764,443.7555112754647,426.52600479798764,434.1835632324219,90200,0.0,0.0
2015-11-30 00:00:00+09:00,437.62947290230795,439.9267404765983,426.5260129599047,438.7781066894531,73600,0.0,0.0
2015-12-01 00:00:00+09:00,439.54374309281866,441.8410100427811,428.44028616800006,430.35467529296875,74400,0.0,0.0
2015-12-02 00:00:00+09:00,430.3547997588591,449.49869654528516,429.589043887402,448.7329406738281,108200,0.0,0.0
2015-12-03 00:00:00+09:00,442.2239512317586,451.41302034826265,439.16092819292385,446.43560791015625,95800,0.0,0.0
2015-12-04 00:00:00+09:00,440.30962608780067,452.94459796684185,437.2466026019725,448.7329406738281,123200,0.0,0.0
2015-12-07 00:00:00+09:00,448.7329568001738,469.4083660725367,448.7329568001738,457.9220275878906,131000,0.0,0.0
2015-12-08 00:00:00+09:00,461.3678275394359,462.8993390001477,449.4986137189193,450.6472473144531,87800,0.0,0.0
2015-12-09 00:00:00+09:00,451.03019526233413,452.1788290363468,434.9493224261558,447.201416015625,185400,0.0,0.0
2015-12-10 00:00:00+09:00,439.5438145380435,444.90410495923913,433.8006462296196,440.3095703125,62000,0.0,0.0
2015-12-11 00:00:00+09:00,442.22401576644324,453.3274759025704,442.22401576644324,448.7329406738281,106400,0.0,0.0
2015-12-14 00:00:00+09:00,441.07533050300947,446.81849886893406,434.5664063549616,445.2869873046875,29800,0.0,0.0
2015-12-15 00:00:00+09:00,440.69247914965536,442.6068687202447,432.2691650390625,432.2691650390625,38800,0.0,0.0
2015-12-16 00:00:00+09:00,432.2691168491067,438.3951627920524,427.6745823918974,428.4403381347656,52000,0.0,0.0
2015-12-17 00:00:00+09:00,435.71506560545197,447.2014030115711,431.8862864700789,445.6698913574219,63600,0.0,0.0
2015-12-18 00:00:00+09:00,449.1157532772775,495.0610988810911,444.52121871689616,451.7958984375,622000,0.0,0.0
2015-12-21 00:00:00+09:00,472.4714064633463,482.426233503903,457.15628793941283,464.43096923828125,387400,0.0,0.0
2015-12-22 00:00:00+09:00,464.4309000931905,466.72816752976024,443.3726152579675,443.7554931640625,196600,0.0,0.0
2015-12-24 00:00:00+09:00,441.8410555820449,449.8814907356176,436.8636433441189,439.9266662597656,160000,0.0,0.0
2015-12-25 00:00:00+09:00,439.9266662597656,439.9266662597656,439.9266662597656,439.9266662597656,0,0.0,0.0
2015-12-28 00:00:00+09:00,446.05279512372846,459.45352287422673,446.05279512372846,448.7329406738281,75200,0.0,0.0
2015-12-29 00:00:00+09:00,458.30489638712396,462.89943168925055,451.41309343393414,461.367919921875,74200,0.0,0.0
2015-12-30 00:00:00+09:00,460.9848562772157,467.8766564541176,454.47593388791944,467.11090087890625,66600,0.0,0.0
2016-01-04 00:00:00+09:00,469.02543926158125,477.44875327280965,449.11578796231413,451.4130554199219,148400,0.0,0.0
2016-01-05 00:00:00+09:00,451.4131228003171,465.9624855368838,451.4131228003171,464.048095703125,105200,0.0,0.0
2016-01-06 00:00:00+09:00,462.5164790783898,467.4938915188029,447.9671196371822,451.7958984375,84000,0.0,0.0
2016-01-07 00:00:00+09:00,446.0527518820326,453.71030985425637,435.7150486195306,439.16094970703125,86000,0.0,0.0
2016-01-08 00:00:00+09:00,437.24652183076256,452.1787585657886,435.3321325057592,447.96710205078125,105600,0.0,0.0
2016-01-12 00:00:00+09:00,443.37256118278646,451.41299623014265,417.33686674372814,424.2286682128906,142200,0.0,0.0
2016-01-13 00:00:00+09:00,430.7376445911052,440.3095922486853,422.3143306524347,435.7150573730469,104800,0.0,0.0
2016-01-14 00:00:00+09:00,425.7601318359375,426.52588746873596,411.9765304455654,425.7601318359375,81600,0.0,0.0
2016-01-15 00:00:00+09:00,435.7150084401642,436.48076416677253,418.86838245478,423.8457946777344,66200,0.0,0.0
2016-01-18 00:00:00+09:00,407.7649666031054,418.48554788468937,400.49028644774484,411.97662353515625,77200,0.0,0.0
2016-01-19 00:00:00+09:00,417.3368353962131,424.6115141783489,409.6792787834385,416.1882019042969,51000,0.0,0.0
2016-01-20 00:00:00+09:00,416.57110101744183,421.1656352198401,405.85052121184594,411.59368896484375,102800,0.0,0.0
2016-01-21 00:00:00+09:00,407.3820710797315,417.33689612491287,392.0669556256062,394.7471008300781,79000,0.0,0.0
2016-01-22 00:00:00+09:00,412.7423878838034,417.3369228138643,405.4677075778737,416.5711669921875,55600,0.0,0.0
2016-01-25 00:00:00+09:00,420.7828277479094,431.1205314323439,417.7198044340028,429.5890197753906,88600,0.0,0.0
2016-01-26 00:00:00+09:00,418.1026285807292,479.363086980836,413.50809420072113,447.96710205078125,604600,0.0,0.0
2016-01-27 00:00:00+09:00,458.4391322233239,464.6447380740626,437.1073621114095,456.1120300292969,223200,7.5,0.0
2016-01-28 00:00:00+09:00,458.05133916361524,476.28030863075315,456.4999375068375,470.85040283203125,210000,0.0,0.0
2016-01-29 00:00:00+09:00,476.6680472097879,484.4250536737389,458.8269323427006,483.64935302734375,189000,0.0,0.0
2016-02-01 00:00:00+09:00,483.6494314624417,487.140084937311,471.6260694934476,480.9344787597656,205000,0.0,0.0
2016-02-02 00:00:00+09:00,474.7287403520331,484.0371470256024,469.2988364591177,482.87359619140625,113400,0.0,0.0
2016-02-03 00:00:00+09:00,467.7475024251843,472.40170642941496,460.76619641883826,466.9718017578125,133200,0.0,0.0
2016-02-04 00:00:00+09:00,461.54187494656856,467.3596296727858,454.94841959018896,460.76617431640625,95800,0.0,0.0
2016-02-05 00:00:00+09:00,449.1307234472158,456.8877307606392,446.4157708875176,456.1120300292969,126200,0.0,0.0
2016-02-08 00:00:00+09:00,453.00913874515703,480.93435962670776,453.00913874515703,475.50445556640625,119800,0.0,0.0
2016-02-09 00:00:00+09:00,459.9905041262495,465.8082592374584,449.90639526682077,451.0699462890625,112200,0.0,0.0
2016-02-10 00:00:00+09:00,452.2335474383335,452.62139782207134,423.92046942547046,428.9625244140625,170200,0.0,0.0
2016-02-12 00:00:00+09:00,406.0793041710216,424.69612040808846,402.97650146484375,402.97650146484375,184000,0.0,0.0
2016-02-15 00:00:00+09:00,422.7568120783026,429.3502669455788,418.8783092151989,426.63531494140625,89400,0.0,0.0
2016-02-16 00:00:00+09:00,426.2474457227796,440.21005540978604,422.3689430319445,429.73809814453125,62800,0.0,0.0
2016-02-17 00:00:00+09:00,429.73810392199215,432.8409061163748,406.0792371898247,413.83624267578125,59800,0.0,0.0
2016-02-18 00:00:00+09:00,426.6353735373737,435.9437816872801,424.6961218394766,427.0232238769531,45000,0.0,0.0
2016-02-19 00:00:00+09:00,421.5933215332031,421.981171875,408.79426025390626,416.9391174316406,49800,0.0,0.0
2016-02-22 00:00:00+09:00,414.9998824528784,431.2895974650475,413.83633138058065,423.9204406738281,89200,0.0,0.0
2016-02-23 00:00:00+09:00,423.92041615785166,426.2475181678673,414.99985845279167,418.1026611328125,45800,0.0,0.0
2016-02-24 00:00:00+09:00,412.6727430555556,420.8175998263889,408.4063895089286,415.3876953125,43000,0.0,0.0
2016-02-25 00:00:00+09:00,417.32701147506066,426.24757027053124,411.1214053564724,419.65411376953125,98000,0.0,0.0
2016-02-26 00:00:00+09:00,424.69610873879435,435.1680675844085,417.32695251410297,434.0045166015625,95600,0.0,0.0
2016-02-29 00:00:00+09:00,437.88305962874693,437.88305962874693,427.7989501953125,427.7989501953125,67800,0.0,0.0
2016-03-01 00:00:00+09:00,424.6961011165038,430.5138559263189,420.4297475893061,425.4718017578125,53400,0.0,0.0
2016-03-02 00:00:00+09:00,434.39230137353337,442.5371570242871,427.7988467991137,429.73809814453125,75600,0.0,0.0
2016-03-03 00:00:00+09:00,438.2708924439577,439.43444348584427,426.24753167779596,430.5138854980469,53600,0.0,0.0
2016-03-04 00:00:00+09:00,428.1866970681972,432.0651997590323,423.14464357011155,429.73809814453125,56800,0.0,0.0
2016-03-07 00:00:00+09:00,432.8409802482082,446.4157421735552,430.513878203863,441.3736877441406,96800,0.0,0.0
2016-03-08 00:00:00+09:00,437.49518926502026,437.88303961011337,421.20547477110995,430.9017333984375,62400,0.0,0.0
2016-03-09 00:00:00+09:00,421.9811425511729,430.901699792604,419.26619034725917,421.5932922363281,49000,0.0,0.0
2016-03-10 00:00:00+09:00,423.9203514965463,434.0044586684678,420.04184873811494,423.5325012207031,91400,0.0,0.0
2016-03-11 00:00:00+09:00,435.16805352105035,470.462432193435,432.84095163056344,460.76617431640625,430200,0.0,0.0
2016-03-14 00:00:00+09:00,472.40179351346575,480.5466520223186,453.7849740646592,463.0933837890625,287000,0.0,0.0
2016-03-15 00:00:00+09:00,463.86901482195896,473.17742314614543,452.62135476356696,469.2989196777344,138600,0.0,0.0
2016-03-16 00:00:00+09:00,465.80829439549086,476.2802543860639,465.80829439549086,469.6867980957031,142600,0.0,0.0
2016-03-17 00:00:00+09:00,475.116707428157,478.9952111622644,457.6634406246737,464.25689697265625,135800,0.0,0.0
2016-03-18 00:00:00+09:00,465.42051181346676,466.58406309300045,447.9672426204618,463.8691101074219,131600,0.0,0.0
2016-03-22 00:00:00+09:00,472.0138989538545,498.3877240391972,471.6260485849524,489.0793151855469,279000,0.0,0.0
2016-03-23 00:00:00+09:00,489.07930187365275,493.3456558154531,478.6073421983248,486.3643493652344,149600,0.0,0.0
2016-03-24 00:00:00+09:00,482.87355409656226,508.08381997308965,482.09785360805375,499.93896484375,439800,0.0,0.0
2016-03-25 00:00:00+09:00,505.3689842814632,509.63533794769194,496.0605762824186,501.1026306152344,317400,0.0,0.0
2016-03-28 00:00:00+09:00,503.42981378279137,519.7195304075042,501.1027114078324,517.0045776367188,304000,0.0,0.0
2016-03-29 00:00:00+09:00,520.4951586914062,547.6446826171875,520.4951586914062,542.990478515625,493600,0.0,0.0
2016-03-30 00:00:00+09:00,537.5606082103994,562.7708820442205,537.5606082103994,551.9110717773438,470400,0.0,0.0
2016-03-31 00:00:00+09:00,553.4624720390201,581.7755487445902,553.4624720390201,571.3035888671875,346400,0.0,0.0
2016-04-01 00:00:00+09:00,573.6308241900275,581.3878333068636,552.6868995745701,560.4439086914062,431000,0.0,0.0
2016-04-04 00:00:00+09:00,548.8082691349396,571.6914407808487,548.8082691349396,566.2615356445312,211800,0.0,0.0
2016-04-05 00:00:00+09:00,561.9950790797099,561.9950790797099,526.3128518365536,528.6399536132812,242200,0.0,0.0
2016-04-06 00:00:00+09:00,527.4765227561774,541.8269869782204,518.9438142998274,533.68212890625,269200,0.0,0.0
2016-04-07 00:00:00+09:00,536.7849702550301,536.7849702550301,521.2709537736708,532.5186157226562,221400,0.0,0.0
2016-04-08 00:00:00+09:00,521.2708511187994,545.7054222649931,514.6773954126836,539.4998168945312,367200,0.0,0.0
2016-04-11 00:00:00+09:00,539.4997743535521,542.9904270991897,531.3549179470642,541.4390258789062,133600,0.0,0.0
2016-04-12 00:00:00+09:00,544.929593603099,562.3828546081804,532.1305355327058,545.3174438476562,278800,0.0,0.0
2016-04-13 00:00:00+09:00,580.2240262376791,581.7754273773521,534.8455429022457,541.0511474609375,503200,0.0,0.0
2016-04-14 00:00:00+09:00,550.7474805763602,563.9343920831182,545.3175758382833,563.15869140625,188400,0.0,0.0
2016-04-15 00:00:00+09:00,558.5044783067121,558.5044783067121,531.3549550556913,540.2755126953125,189200,0.0,0.0
2016-04-18 00:00:00+09:00,529.0279620143505,535.6214190189281,523.5980562458747,532.5186157226562,191400,0.0,0.0
2016-04-19 00:00:00+09:00,543.7662223826051,589.5325663491866,542.6026712648106,584.1026611328125,401600,0.0,0.0
2016-04-20 00:00:00+09:00,588.3690263748168,625.6026628494262,584.1026721954346,620.5606079101562,778200,0.0,0.0
2016-04-21 00:00:00+09:00,630.6446591430872,701.6212720724752,630.6446591430872,683.0044555664062,1250800,0.0,0.0
2016-04-22 00:00:00+09:00,674.8594965828669,683.7800531468932,655.4669823132442,679.9015502929688,554400,0.0,0.0
2016-04-25 00:00:00+09:00,670.9811314381217,670.9811314381217,633.7474963987809,653.1400146484375,381800,0.0,0.0
2016-04-26 00:00:00+09:00,653.5278422152834,688.0465234954972,636.074576399445,685.7194213867188,619000,0.0,0.0
2016-04-27 00:00:00+09:00,680.6772398242778,680.6772398242778,640.7286610767561,641.8922119140625,359800,0.0,0.0
2016-04-28 00:00:00+09:00,646.5466125602651,653.9157701119418,603.4952184425749,620.948486328125,368600,0.0,0.0
2016-05-02 00:00:00+09:00,598.0652270507812,620.9483972167968,596.9016760253907,601.1680297851562,391800,0.0,0.0
2016-05-06 00:00:00+09:00,601.1679079133967,619.0090200192136,594.1866031763378,596.1258544921875,342000,0.0,0.0
2016-05-09 00:00:00+09:00,605.4343835449218,609.7007373046876,593.4110229492187,601.1680297851562,343600,0.0,0.0
2016-05-10 00:00:00+09:00,604.2707637491964,629.4810330968843,604.2707637491964,622.1118774414062,264200,0.0,0.0
2016-05-11 00:00:00+09:00,641.1166222312233,659.3455885015607,630.6446628844338,648.4857788085938,506000,0.0,0.0
2016-05-12 00:00:00+09:00,642.2801899758266,642.6680403320922,618.6213182436253,621.72412109375,281400,0.0,0.0
2016-05-13 00:00:00+09:00,612.8035301100487,612.8035301100487,596.1259656830031,602.7194213867188,319200,0.0,0.0
2016-05-16 00:00:00+09:00,595.738029661017,604.2707358150159,569.3642106395657,572.0791625976562,289400,0.0,0.0
2016-05-17 00:00:00+09:00,575.1821698010327,586.817682339152,572.4672168754715,578.2849731445312,152200,0.0,0.0
2016-05-18 00:00:00+09:00,578.2848375428398,593.0231499684788,565.8736270791437,575.5698852539062,230400,0.0,0.0
2016-05-19 00:00:00+09:00,585.6539444241307,599.2287047253523,580.6118905979627,588.368896484375,130200,0.0,0.0
2016-05-20 00:00:00+09:00,588.3690007839609,600.7802124023438,586.4297489685886,600.7802124023438,130000,0.0,0.0
2016-05-23 00:00:00+09:00,600.7800908088684,612.4155993461609,590.3081331253052,595.738037109375,245400,0.0,0.0
2016-05-24 00:00:00+09:00,598.4531018542006,607.3736600801542,590.3082443435471,597.28955078125,126200,0.0,0.0
2016-05-25 00:00:00+09:00,600.0044872389152,607.7614941844732,593.7988816824687,604.65869140625,166600,0.0,0.0
2016-05-26 00:00:00+09:00,604.6585936546326,608.9249467849731,593.0230851173401,595.738037109375,149800,0.0,0.0
2016-05-27 00:00:00+09:00,596.9016760253907,601.5558801269531,591.4717712402344,601.1680297851562,85000,0.0,0.0
2016-05-30 00:00:00+09:00,601.168039576048,601.5558899241616,596.513835398685,599.6166381835938,66000,0.0,0.0
2016-05-31 00:00:00+09:00,601.1680957882903,601.1680957882903,591.8596865631813,600.3923950195312,50400,0.0,0.0
2016-06-01 00:00:00+09:00,595.7380323472041,612.8034447321502,593.4109306583479,596.5137329101562,134600,0.0,0.0
2016-06-02 00:00:00+09:00,593.0232348225911,595.350337117513,577.897069905599,581.7755737304688,112800,0.0,0.0
2016-06-03 00:00:00+09:00,579.8362681806166,591.4717785788898,578.2848667941801,590.3082275390625,80000,0.0,0.0
2016-06-06 00:00:00+09:00,577.897138247986,593.0233049538058,577.5092878196317,585.2662963867188,168200,0.0,0.0
2016-06-07 00:00:00+09:00,583.3268420649509,594.1866502948835,575.1819858925015,593.4109497070312,320000,0.0,0.0
2016-06-08 00:00:00+09:00,593.410988603881,620.560510958307,593.023138284532,611.6399536132812,514200,0.0,0.0
2016-06-09 00:00:00+09:00,619.7847205455535,628.317426335292,587.2052984392791,596.1258544921875,420800,0.0,0.0
2016-06-10 00:00:00+09:00,583.7148203583538,613.9671499184545,569.3643563362548,611.252197265625,604800,0.0,0.0
2016-06-13 00:00:00+09:00,610.864217868026,620.5604752945027,589.5324515297775,592.63525390625,321400,0.0,0.0
2016-06-14 00:00:00+09:00,588.7569140331836,594.1868196962038,572.4671970441232,581.3877563476562,346800,0.0,0.0
2016-06-15 00:00:00+09:00,577.1213559999571,583.7148123521072,564.7101440429688,564.7101440429688,243800,0.0,0.0
2016-06-16 00:00:00+09:00,569.7521520996094,569.7521520996094,539.1119750976562,542.990478515625,234600,0.0,0.0
2016-06-17 00:00:00+09:00,552.2988551136364,561.9951131036931,530.5792372159091,533.294189453125,223600,0.0,0.0
2016-06-20 00:00:00+09:00,547.25676532651,555.7894718021892,539.8876097338781,548.8081665039062,81800,0.0,0.0
2016-06-21 00:00:00+09:00,544.9297977667486,559.2802621919227,538.3363411389658,551.5232543945312,216800,0.0,0.0
2016-06-22 00:00:00+09:00,548.0325354696881,548.0325354696881,531.3549706960175,532.9063720703125,172800,0.0,0.0
2016-06-23 00:00:00+09:00,532.9064581638906,535.6214110075204,517.0045915083451,529.0279541015625,155800,0.0,0.0
2016-06-24 00:00:00+09:00,538.7241596880881,538.7241596880881,466.1961410691734,489.4671630859375,278600,0.0,0.0
2016-06-27 00:00:00+09:00,491.40635758816836,521.6586826804155,491.40635758816836,518.1680297851562,134200,0.0,0.0
2016-06-28 00:00:00+09:00,506.532471175168,506.532471175168,487.1399569647864,501.49041748046875,225000,0.0,0.0
2016-06-29 00:00:00+09:00,508.47186705545363,533.2942922969098,503.81766232268063,522.046630859375,212000,0.0,0.0
2016-06-30 00:00:00+09:00,531.3549242521588,534.4577267295437,522.8222174393503,530.5792236328125,176800,0.0,0.0
2016-07-01 00:00:00+09:00,536.0091263758743,545.7053840888966,527.4764195884146,540.663330078125,164200,0.0,0.0
2016-07-04 00:00:00+09:00,539.8877532981082,544.5419580679196,534.0699973358442,535.6213989257812,70400,0.0,0.0
2016-07-05 00:00:00+09:00,538.7240737434104,546.4810798448274,532.1306185572059,541.4390258789062,210600,0.0,0.0
2016-07-06 00:00:00+09:00,536.3970599454992,536.3970599454992,515.4531400343951,527.4765014648438,94400,0.0,0.0
2016-07-07 00:00:00+09:00,524.3738754678589,526.3131279658908,508.08415448438984,510.0234069824219,93800,0.0,0.0
2016-07-08 00:00:00+09:00,518.1681555574455,518.1681555574455,497.22423310227936,498.775634765625,108800,0.0,0.0
2016-07-11 00:00:00+09:00,498.775634765625,498.775634765625,498.775634765625,498.775634765625,0,0.0,0.0
2016-07-12 00:00:00+09:00,527.4763559609893,530.5791580548774,523.5978533436291,526.3128051757812,100000,0.0,0.0
2016-07-13 00:00:00+09:00,536.0092294471912,546.0933394078475,530.967174466863,538.7241821289062,142600,0.0,0.0
2016-07-14 00:00:00+09:00,543.766223865551,572.4671515160865,543.3783734918951,564.7101440429688,172800,0.0,0.0
2016-07-15 00:00:00+09:00,563.9343527580072,566.2614546263345,541.439034697509,544.9296875,115800,0.0,0.0
2016-07-19 00:00:00+09:00,557.728692994237,574.018404472511,552.2987891681457,573.6305541992188,130400,0.0,0.0
2016-07-20 00:00:00+09:00,568.9763771443872,591.0838437409994,563.5464730680263,589.1445922851562,134000,0.0,0.0
2016-07-21 00:00:00+09:00,596.513958808995,596.513958808995,577.5092878196317,585.2662963867188,161400,0.0,0.0
2016-07-22 00:00:00+09:00,572.8549367438989,585.6539976190165,563.1586785051735,579.8362426757812,86000,0.0,0.0
2016-07-25 00:00:00+09:00,574.018435010723,574.018435010723,550.359567081227,553.8502197265625,191800,0.0,0.0
2016-07-26 00:00:00+09:00,542.2147574159648,557.7287705036891,542.2147574159648,551.1353149414062,232800,0.0,0.0
2016-07-27 00:00:00+09:00,545.2555726777523,564.4629940014114,545.2555726777523,555.447265625,122800,7.5,0.0
2016-07-28 00:00:00+09:00,556.6231687741059,568.3828131848264,551.1353347157697,558.97509765625,108000,0.0,0.0
2016-07-29 00:00:00+09:00,558.9750368747025,568.3827513803076,546.8234056382959,566.0308227539062,100400,0.0,0.0
2016-08-01 00:00:00+09:00,558.5832067157911,584.4544289215752,558.1912185005519,577.0066528320312,165400,0.0,0.0
2016-08-02 00:00:00+09:00,579.3584591475689,600.1338301454181,579.3584591475689,588.7661743164062,147600,0.0,0.0
2016-08-03 00:00:00+09:00,587.5902524967784,587.5902524967784,565.2469273518042,570.3427734375,119800,0.0,0.0
2016-08-04 00:00:00+09:00,569.9507242838541,573.4786173502604,558.5830688476562,562.1109619140625,67200,0.0,0.0
2016-08-05 00:00:00+09:00,562.1111667933089,568.3829789751031,556.6233311342389,558.1912841796875,81200,0.0,0.0
2016-08-08 00:00:00+09:00,564.070861646036,565.2468259163196,557.4070641144289,561.7189331054688,78600,0.0,0.0
2016-08-09 00:00:00+09:00,564.0709843989018,564.4629725743007,551.5273627861396,560.5430908203125,97400,0.0,0.0
2016-08-10 00:00:00+09:00,562.5028880470961,564.4628284235669,550.3512577129777,553.879150390625,62200,0.0,0.0
2016-08-12 00:00:00+09:00,555.4472253686922,556.6231898542999,544.0795686744847,551.52734375,75600,0.0,0.0
2016-08-15 00:00:00+09:00,552.7033065859213,570.3427738173868,545.6475196933351,566.8148803710938,83200,0.0,0.0
2016-08-16 00:00:00+09:00,568.3828121660183,578.9664921166959,567.2068477270542,573.086669921875,82200,0.0,0.0
2016-08-17 00:00:00+09:00,564.4629317145863,572.3026946550666,557.7991332151779,558.97509765625,108600,0.0,0.0
2016-08-18 00:00:00+09:00,560.1510630632936,575.0466126758935,544.0795490075938,546.0394897460938,151800,0.0,0.0
2016-08-19 00:00:00+09:00,554.6631265412133,557.4070430682723,540.9435439059182,553.879150390625,74600,0.0,0.0
2016-08-22 00:00:00+09:00,553.095371702443,581.7105114149011,552.7033834872038,577.0066528320312,84200,0.0,0.0
2016-08-23 00:00:00+09:00,578.1825144402806,606.4056609078739,577.0065500041309,593.0780639648438,139200,0.0,0.0
2016-08-24 00:00:00+09:00,597.781960302014,613.4614871296078,597.781960302014,611.1095581054688,101200,0.0,0.0
2016-08-25 00:00:00+09:00,608.3655395507812,610.3254800776846,596.6058963893615,608.3655395507812,81000,0.0,0.0
2016-08-26 00:00:00+09:00,608.7576110799235,611.5015281936128,587.5902504886061,589.158203125,98400,0.0,0.0
2016-08-29 00:00:00+09:00,589.5501302083333,606.4056193033854,589.5501302083333,603.2697143554688,121000,0.0,0.0
2016-08-30 00:00:00+09:00,602.4857971191406,624.4371339042232,594.2540458247346,623.2611694335938,153600,0.0,0.0
2016-08-31 00:00:00+09:00,623.2610680634839,643.6444489058116,622.0851037841188,628.7489013671875,234400,0.0,0.0
2016-09-01 00:00:00+09:00,628.7488421996921,644.428364449061,619.3411288500707,640.5084838867188,149400,0.0,0.0
2016-09-02 00:00:00+09:00,627.9650063333931,637.3727217840807,613.4614450135832,630.7089233398438,146800,0.0,0.0
2016-09-05 00:00:00+09:00,638.5486450195312,662.0679321289062,631.4928588867188,653.836181640625,126400,0.0,0.0
2016-09-06 00:00:00+09:00,651.484312147685,676.1795658572543,651.484312147685,671.4757080078125,136800,0.0,0.0
2016-09-07 00:00:00+09:00,667.1638766043527,688.3312381417411,666.3799002511162,685.9793090820312,266800,0.0,0.0
2016-09-08 00:00:00+09:00,678.9234630738755,685.9792496416178,658.5400796559531,660.1080322265625,185200,0.0,0.0
2016-09-09 00:00:00+09:00,666.3798210169964,696.9548951577763,660.4999990668464,692.2510375976562,268200,0.0,0.0
2016-09-12 00:00:00+09:00,685.5871589272709,695.7788491114385,673.4355283230711,693.8189086914062,198200,0.0,0.0
2016-09-13 00:00:00+09:00,684.0193076183112,696.9549163010644,678.139485489787,681.275390625,157600,0.0,0.0
2016-09-14 00:00:00+09:00,680.8833413772186,688.3311154049486,667.9477338553716,677.7474365234375,89800,0.0,0.0
2016-09-15 00:00:00+09:00,672.2596027091863,672.2596027091863,655.0121260216038,667.1637573242188,153800,0.0,0.0
2016-09-16 00:00:00+09:00,673.4355875651041,688.3311360677083,671.8676350911458,678.5314331054688,142600,0.0,0.0
2016-09-20 00:00:00+09:00,678.9234968006451,732.6258750117817,676.9635559900197,731.0579223632812,429400,0.0,0.0
2016-09-21 00:00:00+09:00,722.4340828877724,758.4969888159737,722.4340828877724,754.1851196289062,364800,0.0,0.0
2016-09-23 00:00:00+09:00,764.3769520085033,783.192384673328,756.5371883981596,771.4327392578125,360200,0.0,0.0
2016-09-26 00:00:00+09:00,767.1207886993549,773.000610789539,752.6172275435673,764.7688598632812,182600,0.0,0.0
2016-09-27 00:00:00+09:00,754.1851008300781,783.9761962890625,753.7931127319335,783.9761962890625,338800,0.0,0.0
2016-09-28 00:00:00+09:00,769.8646849350407,782.4083050561819,764.3768511320415,774.5685424804688,137800,0.0,0.0
2016-09-29 00:00:00+09:00,758.8890582737635,772.6086435214813,746.7374256257848,760.8489990234375,302600,0.0,0.0
2016-09-30 00:00:00+09:00,749.873311574498,762.0249439105196,740.0736080777064,745.9534301757812,184200,0.0,0.0
2016-10-03 00:00:00+09:00,751.8332112630208,782.4082845052083,751.8332112630208,776.136474609375,187200,0.0,0.0
2016-10-04 00:00:00+09:00,771.4326171875,775.7444864908854,759.6729736328125,765.5527954101562,112800,0.0,0.0
2016-10-05 00:00:00+09:00,767.904744825487,767.904744825487,749.0893146306818,754.5771484375,148400,0.0,0.0
2016-10-06 00:00:00+09:00,764.3768714136413,774.1765748933034,760.4569900217765,770.648681640625,164000,0.0,0.0
2016-10-07 00:00:00+09:00,773.7846091443159,775.352561746432,743.9935097041092,746.7374267578125,169000,0.0,0.0
2016-10-11 00:00:00+09:00,746.7373049744992,763.9847807849338,742.4254360218905,750.2651977539062,157400,0.0,0.0
2016-10-12 00:00:00+09:00,742.8174241084913,778.0963519025622,740.8574836754874,750.2651977539062,220800,0.0,0.0
2016-10-13 00:00:00+09:00,751.0492151072273,769.8646442957173,742.8174648372628,767.1207275390625,153200,0.0,0.0
2016-10-14 00:00:00+09:00,767.904784692457,776.9205121288667,762.4169506007294,773.7846069335938,153600,0.0,0.0
2016-10-17 00:00:00+09:00,783.5843096525442,802.7917289486796,779.2724400146362,786.72021484375,313800,0.0,0.0
2016-10-18 00:00:00+09:00,794.5600157424138,820.0392466369658,793.3840512395883,811.8074951171875,405800,0.0,0.0
2016-10-19 00:00:00+09:00,807.103616606168,816.1193442321718,795.7359600342501,814.5513916015625,306400,0.0,0.0
2016-10-20 00:00:00+09:00,814.1593632686445,814.1593632686445,798.0878495979588,804.7516479492188,262200,0.0,0.0
2016-10-21 00:00:00+09:00,811.0234581621693,813.3753869920257,793.7759800765552,804.7516479492188,206800,0.0,0.0
2016-10-24 00:00:00+09:00,803.1836958763457,803.1836958763457,788.6801347502233,795.3439331054688,106800,0.0,0.0
2016-10-25 00:00:00+09:00,796.1279713892925,800.8318294181805,769.4727758922605,788.2882080078125,193800,0.0,0.0
2016-10-26 00:00:00+09:00,783.5842289342885,800.8317057092303,783.5842289342885,800.0477294921875,109000,0.0,0.0
2016-10-27 00:00:00+09:00,789.8560382486165,789.8560382486165,774.9604901327617,783.584228515625,114600,0.0,0.0
2016-10-28 00:00:00+09:00,780.0564781104449,782.0164190102199,771.04074997148,778.488525390625,218600,0.0,0.0
2016-10-31 00:00:00+09:00,771.4324949308207,782.4081605091046,761.6327935216384,770.2565307617188,152600,0.0,0.0
2016-11-01 00:00:00+09:00,764.3769114862163,775.7445681185754,758.4970890901685,773.3926391601562,151800,0.0,0.0
2016-11-02 00:00:00+09:00,773.3926408012255,776.9205342463401,749.8733511671285,758.1051025390625,223400,0.0,0.0
2016-11-04 00:00:00+09:00,750.657287470566,753.7931925879365,739.2896314200979,753.0092163085938,165000,0.0,0.0
2016-11-07 00:00:00+09:00,765.9448849425023,775.3526010318677,751.8333108084541,768.2968139648438,104400,0.0,0.0
2016-11-08 00:00:00+09:00,768.2967541484663,770.6486829876962,742.4255369169363,745.9534301757812,149400,0.0,0.0
2016-11-09 00:00:00+09:00,756.1451432590668,756.1451432590668,704.0107191774412,736.1537475585938,286600,0.0,0.0
2016-11-10 00:00:00+09:00,751.8332935007655,769.0807726008874,741.6416013052391,743.9935302734375,169800,0.0,0.0
2016-11-11 00:00:00+09:00,745.561506348981,745.561506348981,718.5143223647119,722.4342041015625,151200,0.0,0.0
2016-11-14 00:00:00+09:00,720.8661499023438,756.5370686848958,720.8661499023438,751.4412231445312,117400,0.0,0.0
2016-11-15 00:00:00+09:00,751.4413487531136,751.4413487531136,725.9621167922621,730.2739868164062,77000,0.0,0.0
2016-11-16 00:00:00+09:00,730.2738445096645,736.5456542317013,721.2581180342365,734.1937255859375,140200,0.0,0.0
2016-11-17 00:00:00+09:00,734.1938067065598,739.6816408196895,713.8104228577926,737.3297119140625,168600,0.0,0.0
2016-11-18 00:00:00+09:00,737.3295505405661,749.873168625254,729.489789237636,747.521240234375,130400,0.0,0.0
2016-11-21 00:00:00+09:00,745.1694132486979,745.1694132486979,721.2581380208333,729.097900390625,129000,0.0,0.0
2016-11-22 00:00:00+09:00,728.3139841554025,742.425557583602,721.2581974413029,740.8576049804688,98200,0.0,0.0
2016-11-24 00:00:00+09:00,740.8575643335142,748.697326919054,731.8418373601435,739.2896118164062,113600,0.0,0.0
2016-11-25 00:00:00+09:00,738.5056566947084,740.0736092566929,719.690225950894,724.7860717773438,106800,0.0,0.0
2016-11-28 00:00:00+09:00,720.4741816111107,739.6815999456833,717.7302647061717,739.2896118164062,111800,0.0,0.0
2016-11-29 00:00:00+09:00,736.9378263912099,744.7775905017546,726.3541448419744,733.0179443359375,76800,0.0,0.0
2016-11-30 00:00:00+09:00,727.138059428778,747.1294562109169,724.7861303955852,742.4255981445312,98200,0.0,0.0
2016-12-01 00:00:00+09:00,748.6973886000156,756.1451636698588,734.9778029450415,740.4656372070312,102600,0.0,0.0
2016-12-02 00:00:00+09:00,739.2896540664083,743.6015237348762,717.3383175723899,720.8662109375,75600,0.0,0.0
2016-12-05 00:00:00+09:00,725.5700073242188,733.4097696940104,720.4741617838541,729.097900390625,100600,0.0,0.0
2016-12-06 00:00:00+09:00,737.3297749276679,737.3297749276679,723.2182002879039,725.5701293945312,97200,0.0,0.0
2016-12-07 00:00:00+09:00,728.3139032690565,728.3139032690565,700.0907595471124,709.4984741210938,142600,0.0,0.0
2016-12-08 00:00:00+09:00,709.4985554339344,716.9463303252298,703.6187331513327,710.2825317382812,126600,0.0,0.0
2016-12-09 00:00:00+09:00,666.3798420030699,670.2997234266174,631.4928973334975,668.3397827148438,560200,0.0,0.0
2016-12-12 00:00:00+09:00,659.3240966796875,662.0680138477956,643.6445700047841,659.3240966796875,336600,0.0,0.0
2016-12-13 00:00:00+09:00,665.2038370768229,680.099385579427,651.4842529296875,676.1795043945312,338200,0.0,0.0
2016-12-14 00:00:00+09:00,680.0994062340002,687.9391688418849,669.90771484375,669.90771484375,211400,0.0,0.0
2016-12-15 00:00:00+09:00,683.2352699102357,685.1952104435411,672.6515910303871,674.2195434570312,127600,0.0,0.0
2016-12-16 00:00:00+09:00,680.0994274272816,680.0994274272816,657.7561032985468,661.2839965820312,153000,0.0,0.0
2016-12-19 00:00:00+09:00,658.5399980550766,665.5957837485238,653.4441528320312,653.4441528320312,140600,0.0,0.0
2016-12-20 00:00:00+09:00,653.8362419169072,665.5958865557004,647.5644314428841,662.0679931640625,147400,0.0,0.0
2016-12-21 00:00:00+09:00,665.5958872166741,665.5958872166741,653.0522662561715,655.01220703125,110200,0.0,0.0
2016-12-22 00:00:00+09:00,658.5399985652399,667.5557247360736,657.3640342820877,661.6759033203125,124600,0.0,0.0
2016-12-26 00:00:00+09:00,661.6760638793448,681.6674615439459,661.6760638793448,673.8276977539062,177800,0.0,0.0
2016-12-27 00:00:00+09:00,677.7474774516347,679.3154299732117,667.1637979309904,669.90771484375,103000,0.0,0.0
2016-12-28 00:00:00+09:00,676.1794449111162,702.0506584555416,675.7874568271097,693.8189086914062,177400,0.0,0.0
2016-12-29 00:00:00+09:00,698.1308390299479,734.1937459309895,696.9548746744791,726.7459716796875,351800,0.0,0.0
2016-12-30 00:00:00+09:00,733.8018812677269,735.7618221899163,717.7303657057735,725.5701293945312,265400,0.0,0.0
2017-01-04 00:00:00+09:00,733.0178218776897,744.3854779388945,718.9062488361941,740.0736083984375,300400,0.0,0.0
2017-01-05 00:00:00+09:00,738.1137276136112,755.7531953473407,725.962094285931,747.1294555664062,229600,0.0,0.0
2017-01-06 00:00:00+09:00,747.1292924840742,747.1292924840742,731.0577809458543,743.2094116210938,169000,0.0,0.0
2017-01-10 00:00:00+09:00,744.7775079045102,744.7775079045102,727.138040612035,732.23388671875,195600,0.0,0.0
2017-01-11 00:00:00+09:00,736.5455922088212,737.329568358059,724.3939618956368,727.1378784179688,97200,0.0,0.0
2017-01-12 00:00:00+09:00,720.0823949314935,731.8420420996724,715.7705243031611,728.3141479492188,112400,0.0,0.0
2017-01-13 00:00:00+09:00,728.3139845388005,740.4656172194801,723.2181385759347,736.1537475585938,132600,0.0,0.0
2017-01-16 00:00:00+09:00,742.4255789321802,743.6015434183452,726.74605244998,732.23388671875,101800,0.0,0.0
2017-01-17 00:00:00+09:00,728.3138414378761,728.3138414378761,713.4182946269831,716.55419921875,108800,0.0,0.0
2017-01-18 00:00:00+09:00,705.5786739122,712.2424724991484,700.4828279339451,710.2825317382812,105200,0.0,0.0
2017-01-19 00:00:00+09:00,711.8505249023438,720.474264741469,709.8905840298153,711.8505249023438,114400,0.0,0.0
2017-01-20 00:00:00+09:00,708.3226717422477,714.2024946952824,704.0108015766889,712.2425537109375,105400,0.0,0.0
2017-01-23 00:00:00+09:00,711.0663864385886,723.6100051629738,706.7545175020812,717.3381958007812,114400,0.0,0.0
2017-01-24 00:00:00+09:00,717.3383375982918,726.7460535012202,713.0264678094495,722.826171875,109000,0.0,0.0
2017-01-25 00:00:00+09:00,727.9219158961574,738.5055948025637,725.1779991426448,735.3696899414062,150400,0.0,0.0
2017-01-26 00:00:00+09:00,732.23388671875,737.7217209875201,725.5700879638149,732.23388671875,296800,0.0,0.0
2017-01-27 00:00:00+09:00,740.1584844704496,762.7436202385521,734.6112581414419,754.0265502929688,237800,10.0,0.0
2017-01-30 00:00:00+09:00,752.8376895831957,764.3283701084129,749.2716163167489,749.6678466796875,112400,0.0,0.0
2017-01-31 00:00:00+09:00,736.592395143959,743.3283126896542,731.4413993737217,738.5735473632812,115400,0.0,0.0
2017-02-01 00:00:00+09:00,733.0263914052027,741.3472315238564,727.082934177593,738.9698486328125,117000,0.0,0.0
2017-02-02 00:00:00+09:00,742.9321637171756,745.7057771283864,727.8754051991742,729.4603271484375,105200,0.0,0.0
2017-02-03 00:00:00+09:00,733.026326950515,733.026326950515,711.6298828125,711.6298828125,116200,0.0,0.0
2017-02-06 00:00:00+09:00,715.1958599304885,718.7619334703081,701.7240265578366,705.2901000976562,126400,0.0,0.0
2017-02-07 00:00:00+09:00,701.723957748112,709.6485648373057,696.5729631401359,702.5164184570312,106200,0.0,0.0
2017-02-08 00:00:00+09:00,702.9128003507046,709.648717828699,697.3655741923563,703.7052612304688,60000,0.0,0.0
2017-02-09 00:00:00+09:00,700.9317360271107,714.4035726720637,696.1769701524214,697.3656616210938,67200,0.0,0.0
2017-02-10 00:00:00+09:00,710.4412476544426,710.4412476544426,698.5543333043961,706.4789428710938,63400,0.0,0.0
2017-02-13 00:00:00+09:00,709.2524978349794,717.9695676407724,706.4788847149543,714.0072631835938,101200,0.0,0.0
2017-02-14 00:00:00+09:00,714.0072063765712,724.705427559794,708.4599805778631,709.25244140625,95800,0.0,0.0
2017-02-15 00:00:00+09:00,711.2336938490171,721.9319165420106,704.1015453870214,710.8374633789062,111800,0.0,0.0
2017-02-16 00:00:00+09:00,710.8373470169178,720.7431071481457,709.2524253959213,715.9883422851562,80600,0.0,0.0
2017-02-17 00:00:00+09:00,710.4412471856567,730.2527710893281,710.4412471856567,726.2904663085938,94400,0.0,0.0
2017-02-20 00:00:00+09:00,727.0828638704268,732.6300900797925,721.139407217535,728.6677856445312,54800,0.0,0.0
2017-02-21 00:00:00+09:00,733.026384435842,740.1585330411638,722.7243920059329,726.2904663085938,106800,0.0,0.0
2017-02-22 00:00:00+09:00,726.2904418341004,732.6301292696409,702.5166139508239,720.3469848632812,132600,0.0,0.0
2017-02-23 00:00:00+09:00,727.8752843698744,729.0639756344958,712.8185283513359,717.1770629882812,118000,0.0,0.0
2017-02-24 00:00:00+09:00,717.57337890625,740.9509765625,717.57337890625,733.0263671875,138600,0.0,0.0
2017-02-27 00:00:00+09:00,723.912958214538,725.497879852665,708.459972242799,718.761962890625,98800,0.0,0.0
2017-02-28 00:00:00+09:00,717.5732857211722,726.6865853189562,714.4034423828125,714.4034423828125,90000,0.0,0.0
2017-03-01 00:00:00+09:00,719.9507320958107,719.9507320958107,705.2902053552796,712.026123046875,122800,0.0,0.0
2017-03-02 00:00:00+09:00,714.4034631980716,714.7996936269113,694.1957113272442,702.9127807617188,177400,0.0,0.0
2017-03-03 00:00:00+09:00,702.9128370124843,717.177133592219,702.9128370124843,707.6676025390625,96200,0.0,0.0
2017-03-06 00:00:00+09:00,707.667546898342,715.5921554862293,707.2713164689476,712.8185424804688,54000,0.0,0.0
2017-03-07 00:00:00+09:00,708.8562026523308,718.761962890625,708.8562026523308,718.761962890625,91600,0.0,0.0
2017-03-08 00:00:00+09:00,714.007248875849,721.1393967558519,709.2524836225136,718.3657836914062,64600,0.0,0.0
2017-03-09 00:00:00+09:00,719.1583248635998,729.0640869140625,713.214867633322,729.0640869140625,87800,0.0,0.0
2017-03-10 00:00:00+09:00,731.0451441961343,736.1961397920962,728.271531182924,732.6300659179688,133000,0.0,0.0
2017-03-13 00:00:00+09:00,754.4226449230995,769.4793993911026,748.0829588313088,758.3849487304688,376800,0.0,0.0
2017-03-14 00:00:00+09:00,758.385097491603,765.1210152854155,745.705722820897,752.04541015625,134600,0.0,0.0
2017-03-15 00:00:00+09:00,751.6491578239497,760.7624581033123,744.5170097792311,753.6303100585938,158400,0.0,0.0
2017-03-16 00:00:00+09:00,748.0830568211833,761.9511219635252,744.5169829274382,750.064208984375,200400,0.0,0.0
2017-03-17 00:00:00+09:00,747.2906952063078,762.7436841315707,742.932159868413,761.5549926757812,227000,0.0,0.0
2017-03-21 00:00:00+09:00,770.6683244216013,782.5552394512404,763.9324059048058,780.1778564453125,363000,0.0,0.0
2017-03-22 00:00:00+09:00,764.328588606141,786.9137257500239,764.328588606141,778.1966552734375,247600,0.0,0.0
2017-03-23 00:00:00+09:00,784.1399975453448,809.1025138896383,784.1399975453448,803.1590576171875,367800,0.0,0.0
2017-03-24 00:00:00+09:00,803.5552774966197,817.8195723634236,796.4231300632179,815.0459594726562,245600,0.0,0.0
2017-03-27 00:00:00+09:00,811.8761552258177,824.1592986186924,794.0457857845479,816.6309204101562,206000,0.0,0.0
2017-03-28 00:00:00+09:00,816.234685307436,851.8954239859163,812.2723810098272,843.5745849609375,463800,0.0,0.0
2017-03-29 00:00:00+09:00,840.8009817204005,851.4992034482284,830.4989904269366,843.9708251953125,198800,0.0,0.0
2017-03-30 00:00:00+09:00,843.971023595575,847.1408678156523,836.0464130453819,839.6124877929688,182800,0.0,0.0
2017-03-31 00:00:00+09:00,841.1972608794093,865.3673187756148,832.8764212757977,845.9520263671875,378400,0.0,0.0
2017-04-03 00:00:00+09:00,843.9708141750759,862.5936443470142,832.8763621577509,855.8577270507812,186400,0.0,0.0
2017-04-04 00:00:00+09:00,842.782041511572,847.1405758118198,824.1592131377854,832.8762817382812,236400,0.0,0.0
2017-04-05 00:00:00+09:00,826.1404912421044,843.1784006538121,821.3857258248837,838.0274047851562,212000,0.0,0.0
2017-04-06 00:00:00+09:00,837.2350028870129,841.5935381599695,819.0084008364674,820.5933227539062,236400,0.0,0.0
2017-04-07 00:00:00+09:00,821.7819438488216,848.725614138947,821.7819438488216,830.102783203125,265000,0.0,0.0
2017-04-10 00:00:00+09:00,838.0275467853156,881.216673309949,831.2916279695471,873.6882934570312,335200,0.0,0.0
2017-04-11 00:00:00+09:00,869.7260078837029,869.7260078837029,809.4989677022346,839.6124877929688,310800,0.0,0.0
2017-04-12 00:00:00+09:00,820.1968854206364,828.1214930092416,810.2911259348799,812.2722778320312,154600,0.0,0.0
2017-04-13 00:00:00+09:00,811.0836382772334,811.0836382772334,785.3286619762954,799.5929565429688,227600,0.0,0.0
2017-04-14 00:00:00+09:00,797.6118317629,805.5364401261678,791.6683754904492,803.1590576171875,160200,0.0,0.0
2017-04-17 00:00:00+09:00,801.1779079887233,830.1027286035486,801.1779079887233,822.9705810546875,156600,0.0,0.0
2017-04-18 00:00:00+09:00,820.5932050114873,820.989435433994,801.9703751536699,815.8384399414062,196000,0.0,0.0
2017-04-19 00:00:00+09:00,808.3102301583443,841.5935925766291,803.951694603569,827.7255249023438,236600,0.0,0.0
2017-04-20 00:00:00+09:00,825.7442943386637,825.7442943386637,794.8383178710938,794.8383178710938,187000,0.0,0.0
2017-04-21 00:00:00+09:00,795.2345086475424,795.6307390952991,776.6116776029811,783.3475952148438,216800,0.0,0.0
2017-04-24 00:00:00+09:00,796.026925206126,813.0648335106871,794.0457730776886,808.706298828125,226000,0.0,0.0
2017-04-25 00:00:00+09:00,820.1969464589403,846.7443838564035,819.4044856411056,824.5554809570312,285000,0.0,0.0
2017-04-26 00:00:00+09:00,828.1215789321448,854.2727866878967,822.574353044561,842.7821044921875,270800,0.0,0.0
2017-04-27 00:00:00+09:00,841.5936209525936,842.3860819892722,830.8953969574335,838.8200073242188,175000,0.0,0.0
2017-04-28 00:00:00+09:00,838.0272728402169,838.4235032292667,820.9893661110777,825.347900390625,121000,0.0,0.0
2017-05-01 00:00:00+09:00,834.0650385334908,852.6878683724808,823.7630475587302,850.3104858398438,268600,0.0,0.0
2017-05-02 00:00:00+09:00,857.0464129010411,875.6692429548316,845.1595001007493,850.7067260742188,228800,0.0,0.0
2017-05-08 00:00:00+09:00,861.8011693864538,886.3674555942516,861.0087085410411,882.4051513671875,246400,0.0,0.0
2017-05-09 00:00:00+09:00,872.4995851720741,882.8015784574847,868.5372800623009,870.5184326171875,169200,0.0,0.0
2017-05-10 00:00:00+09:00,868.9331253215831,893.1031757751247,866.5557433097594,884.3861083984375,314800,0.0,0.0
2017-05-11 00:00:00+09:00,891.5184972176057,909.7450976051656,886.367501455904,908.95263671875,248600,0.0,0.0
2017-05-12 00:00:00+09:00,911.3300413439889,919.254650399154,900.631819119516,907.3677368164062,183600,0.0,0.0
2017-05-15 00:00:00+09:00,902.6129138759845,923.2168961066918,893.1033836156581,914.8960571289062,175600,0.0,0.0
2017-05-16 00:00:00+09:00,911.3299637270738,922.8206458784152,899.8392815757325,914.1035766601562,203000,0.0,0.0
2017-05-17 00:00:00+09:00,913.7073251289233,946.1982187371505,901.0279520135176,903.4053344726562,276000,0.0,0.0
2017-05-18 00:00:00+09:00,883.5938139798347,909.3487906205027,883.5938139798347,903.4053344726562,140000,0.0,0.0
2017-05-19 00:00:00+09:00,899.4431689604162,908.9527002622003,895.4808642513394,896.6695556640625,77600,0.0,0.0
2017-05-22 00:00:00+09:00,899.839091475292,903.0089341577236,884.3861083984375,884.3861083984375,104800,0.0,0.0
2017-05-23 00:00:00+09:00,889.5373414442274,897.0657198350694,886.3674979112412,891.5184936523438,84000,0.0,0.0
2017-05-24 00:00:00+09:00,900.2353366303516,920.0468537216886,900.2353366303516,906.9712524414062,154400,0.0,0.0
2017-05-25 00:00:00+09:00,911.3300830876464,913.3112354421847,895.8770947222471,896.6695556640625,76200,0.0,0.0
2017-05-26 00:00:00+09:00,892.707284710605,906.9715822026519,889.5374408234834,903.00927734375,134800,0.0,0.0
2017-05-29 00:00:00+09:00,911.7262399958773,915.2923139463176,905.3865529728726,908.556396484375,99000,0.0,0.0
2017-05-30 00:00:00+09:00,908.5564193692967,927.9717113662856,908.5564193692967,926.7830200195312,167000,0.0,0.0
2017-05-31 00:00:00+09:00,927.9716752278368,940.2548186659509,927.1792143608618,932.7264404296875,162200,0.0,0.0
2017-06-01 00:00:00+09:00,933.5187617499737,952.9340500885768,932.3300706272021,941.839599609375,165800,0.0,0.0
2017-06-02 00:00:00+09:00,936.2926200265157,946.1983819819379,916.4810961156711,919.6509399414062,195600,0.0,0.0
2017-06-05 00:00:00+09:00,915.2924705614454,945.8022195801602,909.3490129603971,942.2361450195312,95600,0.0,0.0
2017-06-06 00:00:00+09:00,935.8961560094153,966.0096648395236,935.8961560094153,952.1416015625,286200,0.0,0.0
2017-06-07 00:00:00+09:00,948.9719123761679,967.5947432244684,921.6320117690883,960.8588256835938,266400,0.0,0.0
2017-06-08 00:00:00+09:00,970.7645130549929,973.141895535944,949.3680707264339,962.8399047851562,256600,0.0,0.0
2017-06-09 00:00:00+09:00,867.7447391725937,878.0467315098025,824.1593869767099,840.0086059570312,1714200,0.0,0.0
2017-06-12 00:00:00+09:00,792.8570458374023,808.3100317382813,760.7623828124999,792.4608154296875,1390200,0.0,0.0
2017-06-13 00:00:00+09:00,790.4797465962858,815.4422649098527,778.1966026642132,800.78173828125,645800,0.0,0.0
2017-06-14 00:00:00+09:00,803.1591724055828,807.5177076283068,790.8760276869972,800.3855590820312,331200,0.0,0.0
2017-06-15 00:00:00+09:00,805.9325994131948,810.6873640115027,799.5929132821176,802.7627563476562,211000,0.0,0.0
2017-06-16 00:00:00+09:00,810.2911945170549,840.8009363154966,808.7062728651878,815.0459594726562,528400,0.0,0.0
2017-06-19 00:00:00+09:00,816.6309293991336,823.3668468177582,803.5553249982742,807.1213989257812,271200,0.0,0.0
2017-06-20 00:00:00+09:00,820.1971163434242,836.4425664738978,808.7064321047965,826.5368041992188,488400,0.0,0.0
2017-06-21 00:00:00+09:00,826.5367017139421,840.4047671789411,823.7630886209423,827.3291625976562,327200,0.0,0.0
2017-06-22 00:00:00+09:00,828.9141930577024,851.8955616988816,827.3292710824487,849.1219482421875,277400,0.0,0.0
2017-06-23 00:00:00+09:00,863.3860909397401,868.9333168567463,844.7632610755053,860.2162475585938,464800,0.0,0.0
2017-06-26 00:00:00+09:00,860.2163183728635,871.3107711201874,847.5369438044933,860.612548828125,253400,0.0,0.0
2017-06-27 00:00:00+09:00,859.0276176855647,881.6127533903974,853.876621823059,870.1220703125,365600,0.0,0.0
2017-06-28 00:00:00+09:00,871.7069198678715,879.235297812185,857.4426248154882,859.8200073242188,442000,0.0,0.0
2017-06-29 00:00:00+09:00,866.55588478659,866.55588478659,837.2348351870438,858.2350463867188,493000,0.0,0.0
2017-06-30 00:00:00+09:00,852.2916434192172,857.838869364298,837.2348872825689,855.4614868164062,332600,0.0,0.0
2017-07-03 00:00:00+09:00,845.1595850264331,858.6314208871452,841.9897412945008,856.6502685546875,224400,0.0,0.0
2017-07-04 00:00:00+09:00,863.7823301545399,865.3672518612453,845.9519609541021,850.7067260742188,253600,0.0,0.0
2017-07-05 00:00:00+09:00,842.3859056950513,843.9708274367165,820.1970013117385,841.5934448242188,328000,0.0,0.0
2017-07-06 00:00:00+09:00,840.801015606583,851.8954682159064,836.4424806529202,840.40478515625,169800,0.0,0.0
2017-07-07 00:00:00+09:00,836.8386448203273,841.5934098477155,824.1592714139587,835.2537231445312,310400,0.0,0.0
2017-07-10 00:00:00+09:00,835.253793961519,839.6123289394966,825.3480326479337,835.6500244140625,184600,0.0,0.0
2017-07-11 00:00:00+09:00,841.5934839463771,847.5369407539081,830.1028007851507,843.1784057617188,169600,0.0,0.0
2017-07-12 00:00:00+09:00,853.876603557419,883.5938867438721,842.3859207253238,847.1406860351562,379200,0.0,0.0
2017-07-13 00:00:00+09:00,860.2163501284015,861.4050415380676,845.9520532124078,849.5181274414062,85800,0.0,0.0
2017-07-14 00:00:00+09:00,849.9143530113046,856.6502709605783,840.8010522564048,844.3671264648438,112000,0.0,0.0
2017-07-17 00:00:00+09:00,844.3671264648438,844.3671264648438,844.3671264648438,844.3671264648438,0,0.0,0.0
2017-07-18 00:00:00+09:00,838.423686537296,838.8199170129752,827.329233218277,837.6312255859375,195800,0.0,0.0
2017-07-19 00:00:00+09:00,832.0838831375617,845.1594870154377,832.0838831375617,842.7821044921875,170000,0.0,0.0
2017-07-20 00:00:00+09:00,847.5368892585465,862.1974151596994,840.4047415228504,843.5745849609375,191200,0.0,0.0
2017-07-21 00:00:00+09:00,847.1406860351562,850.7067600175307,842.3859207253238,847.1406860351562,126800,0.0,0.0
2017-07-24 00:00:00+09:00,851.8955598767542,878.8392333984375,851.8955598767542,878.8392333984375,375400,0.0,0.0
2017-07-25 00:00:00+09:00,879.2354515854753,888.7449832835607,866.159845500608,880.8203735351562,265000,0.0,0.0
2017-07-26 00:00:00+09:00,880.8203982470857,891.5186217075766,874.4807102704985,876.8580932617188,357000,0.0,0.0
2017-07-27 00:00:00+09:00,879.656815507136,895.2507317820351,875.2585314296002,877.2577514648438,254000,10.0,0.0
2017-07-28 00:00:00+09:00,880.8562942985419,887.6536420076092,868.8609748119526,876.0581665039062,183000,0.0,0.0
2017-07-31 00:00:00+09:00,871.6600160572041,875.2586124537705,850.8681257659314,856.4659423828125,152800,0.0,0.0
2017-08-01 00:00:00+09:00,859.6647414036496,860.4644295351878,835.6740974575013,840.8720703125,159200,0.0,0.0
2017-08-02 00:00:00+09:00,839.672299832274,851.2677744490055,830.8757328816503,849.2685546875,219200,0.0,0.0
2017-08-03 00:00:00+09:00,852.4674780574845,858.8649825832443,838.0730928745252,842.071533203125,130000,0.0,0.0
2017-08-04 00:00:00+09:00,848.0690754451308,861.6637706667879,840.4720398800872,859.66455078125,129400,0.0,0.0
2017-08-07 00:00:00+09:00,866.0621569452576,869.2609091408079,852.4674601141686,853.6669921875,66000,0.0,0.0
2017-08-08 00:00:00+09:00,863.6629905523256,866.861742369186,856.065954987282,859.66455078125,85600,0.0,0.0
2017-08-09 00:00:00+09:00,859.6647839297616,859.6647839297616,835.674138796838,843.6710205078125,119000,0.0,0.0
2017-08-10 00:00:00+09:00,843.2710586796558,849.268719125457,829.6763616691729,834.0746459960938,101800,0.0,0.0
2017-08-11 00:00:00+09:00,834.0746459960938,834.0746459960938,834.0746459960938,834.0746459960938,0,0.0,0.0
2017-08-14 00:00:00+09:00,814.0824524892732,834.8743422385081,813.282764421995,832.8751220703125,138600,0.0,0.0
2017-08-15 00:00:00+09:00,837.2732984786376,859.2647174931194,837.2732984786376,858.065185546875,143600,0.0,0.0
2017-08-16 00:00:00+09:00,859.6644974473282,865.2623127795433,848.0690228305969,849.2685546875,101800,0.0,0.0
2017-08-17 00:00:00+09:00,857.6653570209561,869.2608327102837,853.6669171280845,864.862548828125,86400,0.0,0.0
2017-08-18 00:00:00+09:00,860.4642689349746,860.4642689349746,843.2709773159207,846.0698852539062,107400,0.0,0.0
2017-08-21 00:00:00+09:00,858.8650265668463,864.8626873668941,855.2664300868176,862.463623046875,98800,0.0,0.0
2017-08-22 00:00:00+09:00,856.4658330281576,871.2600607695404,856.4658330281576,863.6630249023438,104600,0.0,0.0
2017-08-23 00:00:00+09:00,870.4603979948006,889.2530662105818,870.4603979948006,878.0574340820312,123600,0.0,0.0
2017-08-24 00:00:00+09:00,884.4550370146567,892.0520739510393,880.0567524725404,890.4526977539062,153800,0.0,0.0
2017-08-25 00:00:00+09:00,884.4552301225822,891.6524245810841,880.4567887567476,888.853515625,101600,0.0,0.0
2017-08-28 00:00:00+09:00,882.055980214631,893.2516136897033,876.8580075297759,880.4566040039062,136400,0.0,0.0
2017-08-29 00:00:00+09:00,879.2570893151419,898.0497601645334,878.4574011938912,895.6506958007812,108000,0.0,0.0
2017-08-30 00:00:00+09:00,897.6498878794042,897.6498878794042,884.4550342936491,890.8525390625,98000,0.0,0.0
2017-08-31 00:00:00+09:00,886.0542389574669,889.652834693305,872.8593879260605,889.2529907226562,190400,0.0,0.0
2017-09-01 00:00:00+09:00,879.6569084232572,895.2508263453058,877.2578441275573,890.4526977539062,136600,0.0,0.0
2017-09-04 00:00:00+09:00,889.2529530997867,889.2529530997867,866.0620037833355,867.2615356445312,91600,0.0,0.0
2017-09-05 00:00:00+09:00,867.6614995460982,869.6607195911353,836.8735108525269,840.4721069335938,139200,0.0,0.0
2017-09-06 00:00:00+09:00,830.0762319605286,854.8665625874809,821.2796630283843,848.0692138671875,110600,0.0,0.0
2017-09-07 00:00:00+09:00,859.664631969524,859.664631969524,840.8719632706553,847.6693115234375,71200,0.0,0.0
2017-09-08 00:00:00+09:00,843.2711296135346,857.2656718309238,843.2711296135346,850.4683227539062,168400,0.0,0.0
2017-09-11 00:00:00+09:00,867.6614648324472,870.0605287905094,858.0652090001989,863.6630249023438,118400,0.0,0.0
2017-09-12 00:00:00+09:00,863.2632730686919,954.8275572431849,863.2632730686919,939.6334838867188,753800,0.0,0.0
2017-09-13 00:00:00+09:00,919.641310726155,997.2110560656655,919.641310726155,988.8143310546875,556600,0.0,0.0
2017-09-14 00:00:00+09:00,988.8144512974598,1054.7887272635255,985.6156985233474,1041.5938720703125,889600,0.0,0.0
2017-09-15 00:00:00+09:00,1025.5999210535924,1076.3801120765188,1008.0067840062793,1069.582763671875,731000,0.0,0.0
2017-09-18 00:00:00+09:00,1069.582763671875,1069.582763671875,1069.582763671875,1069.582763671875,0,0.0,0.0
2017-09-19 00:00:00+09:00,1057.9871352544808,1059.1866671538623,1004.0081997823135,1019.2022705078125,617200,0.0,0.0
2017-09-20 00:00:00+09:00,1008.4067168041456,1044.7925261733674,1006.8073405681358,1020.4020385742188,380600,0.0,0.0
2017-09-21 00:00:00+09:00,1000.409936504191,1022.4013619669131,973.6203818496024,1014.4044799804688,408000,0.0,0.0
2017-09-22 00:00:00+09:00,1039.5944785406164,1049.9904233260227,1005.6077359729425,1031.19775390625,312400,0.0,0.0
2017-09-25 00:00:00+09:00,1046.3916229433564,1076.3799193593868,1045.1920910867152,1052.3892822265625,321600,0.0,0.0
2017-09-26 00:00:00+09:00,1036.7955202990815,1062.7853810084684,1023.6006679389312,1047.59130859375,239000,0.0,0.0
2017-09-27 00:00:00+09:00,1042.3934590107685,1073.9811395868526,1042.3934590107685,1065.1845703125,142200,0.0,0.0
2017-09-28 00:00:00+09:00,1065.1845194085026,1083.577345194085,1049.5906018946396,1081.578125,193000,0.0,0.0
2017-09-29 00:00:00+09:00,1071.9817269392838,1081.5779826075207,1063.9848472157532,1066.3839111328125,119200,0.0,0.0
2017-10-02 00:00:00+09:00,1077.5794458063426,1077.5794458063426,1051.5895890429242,1053.18896484375,90200,0.0,0.0
2017-10-03 00:00:00+09:00,1052.389546996124,1055.9881434714148,1030.3981240915698,1031.59765625,175600,0.0,0.0
2017-10-04 00:00:00+09:00,1033.9965728183963,1040.7939207448899,1014.8040610259434,1017.203125,94400,0.0,0.0
2017-10-05 00:00:00+09:00,1019.6023360935188,1030.7979695878792,1011.2056109727487,1013.6046752929688,52400,0.0,0.0
2017-10-06 00:00:00+09:00,1008.006742517326,1021.2015947597185,1006.0075224805998,1012.8048706054688,99400,0.0,0.0
2017-10-09 00:00:00+09:00,1012.8048706054688,1012.8048706054688,1012.8048706054688,1012.8048706054688,0,0.0,0.0
2017-10-10 00:00:00+09:00,1017.6030874838207,1019.202463652754,1008.0068304702208,1008.8065185546875,125000,0.0,0.0
2017-10-11 00:00:00+09:00,1008.8064315735106,1012.0051836355749,1001.609239433866,1003.6084594726562,86800,0.0,0.0
2017-10-12 00:00:00+09:00,1012.0054153845354,1033.5969967479352,1010.4060389872466,1014.4044799804688,145000,0.0,0.0
2017-10-13 00:00:00+09:00,1012.8049589770208,1026.3996564129538,996.011509203221,1008.8065185546875,194400,0.0,0.0
2017-10-16 00:00:00+09:00,1013.604386428307,1019.2022015801792,974.0198364257814,974.0198364257812,172200,0.0,0.0
2017-10-17 00:00:00+09:00,981.6171875,987.6148485234216,963.6242044297353,981.6171875,131800,0.0,0.0
2017-10-18 00:00:00+09:00,972.82036814678,988.414282802647,972.82036814678,982.8164672851562,118600,0.0,0.0
2017-10-19 00:00:00+09:00,985.6154094677497,995.2116649757521,980.8172817137485,986.81494140625,70600,0.0,0.0
2017-10-20 00:00:00+09:00,986.8152292750012,1008.8066545627343,981.6172560251734,1006.8074340820312,128600,0.0,0.0
2017-10-23 00:00:00+09:00,1031.5975693196744,1031.5975693196744,1002.4089559241952,1008.4066162109375,113600,0.0,0.0
2017-10-24 00:00:00+09:00,1008.4067011870155,1032.7971884084302,1006.8073249757751,1031.59765625,141200,0.0,0.0
2017-10-25 00:00:00+09:00,1035.9958591037328,1059.586656358507,1033.5967949761284,1043.5928955078125,304600,0.0,0.0
2017-10-26 00:00:00+09:00,1023.6008942648798,1036.795749542513,1011.6055712852132,1014.4044799804688,138800,0.0,0.0
2017-10-27 00:00:00+09:00,1019.6022033691406,1034.7962754193475,1015.6037633559283,1033.1968994140625,83400,0.0,0.0
2017-10-30 00:00:00+09:00,1044.3925702317317,1069.1828992341696,1041.9935061347217,1063.5850830078125,157000,0.0,0.0
2017-10-31 00:00:00+09:00,1065.1845194085026,1089.57500577634,1061.5859230591498,1081.578125,145000,0.0,0.0
2017-11-01 00:00:00+09:00,1084.776822946531,1095.572611453555,1074.7807224770643,1089.574951171875,148000,0.0,0.0
2017-11-02 00:00:00+09:00,1079.5788272019176,1082.3777352724412,1061.5858467485523,1065.984130859375,87800,0.0,0.0
2017-11-03 00:00:00+09:00,1065.984130859375,1065.984130859375,1065.984130859375,1065.984130859375,0,0.0,0.0
2017-11-06 00:00:00+09:00,1073.1815800942666,1077.9797093644345,1060.3865687071516,1064.385009765625,54400,0.0,0.0
2017-11-07 00:00:00+09:00,1059.5866630768107,1072.381671838493,1055.5882228387852,1069.582763671875,52400,0.0,0.0
2017-11-08 00:00:00+09:00,1056.7877035519004,1066.7838036611693,1051.5897314950807,1059.186767578125,46600,0.0,0.0
2017-11-09 00:00:00+09:00,1052.3895117560946,1059.9865485050939,1031.9974657456232,1045.5921630859375,88800,0.0,0.0
2017-11-10 00:00:00+09:00,1029.1984057533546,1052.789200601625,1029.1984057533546,1050.39013671875,50800,0.0,0.0
2017-11-13 00:00:00+09:00,1055.588134765625,1064.3847025553387,1038.794687167081,1055.588134765625,89000,0.0,0.0
2017-11-14 00:00:00+09:00,1053.9890800988296,1053.9890800988296,1017.6032658769049,1018.4029541015625,119200,0.0,0.0
2017-11-15 00:00:00+09:00,1023.2008994071714,1023.6007434475806,985.2157155682963,991.6132202148438,67400,0.0,0.0
2017-11-16 00:00:00+09:00,978.4184437042628,1006.4075287305392,978.4184437042628,998.0108032226562,92200,0.0,0.0
2017-11-17 00:00:00+09:00,1010.0058461117302,1017.203037414189,1001.2092789642804,1012.0050659179688,119400,0.0,0.0
2017-11-20 00:00:00+09:00,1011.605507850647,1025.9998945236207,1003.6086263656616,1023.600830078125,69400,0.0,0.0
2017-11-21 00:00:00+09:00,1026.799437204506,1037.595225679787,1019.2024008700489,1035.995849609375,42400,0.0,0.0
2017-11-22 00:00:00+09:00,1035.5959571847152,1045.1922131586275,1024.8001692140635,1043.1929931640625,101600,0.0,0.0
2017-11-23 00:00:00+09:00,1043.1929931640625,1043.1929931640625,1043.1929931640625,1043.1929931640625,0,0.0,0.0
2017-11-24 00:00:00+09:00,1033.9963978826434,1053.188906428029,1033.9963978826434,1052.7890625,74800,0.0,0.0
2017-11-27 00:00:00+09:00,1043.992676583103,1045.5920525717404,1031.997356668322,1034.7962646484375,71000,0.0,0.0
2017-11-28 00:00:00+09:00,1040.3941941667783,1042.7932584115902,1018.4027719226688,1027.1993408203125,62000,0.0,0.0
2017-11-29 00:00:00+09:00,1027.5991958112513,1030.7979481717532,1017.2032506396199,1025.5999755859375,41200,0.0,0.0
2017-11-30 00:00:00+09:00,1022.8008662059569,1024.0003981053385,1009.6060153127604,1019.2022705078125,128200,0.0,0.0
2017-12-01 00:00:00+09:00,1019.6023673654718,1031.1978452688438,1012.8050182497019,1026.799560546875,68400,0.0,0.0
2017-12-04 00:00:00+09:00,1029.5986281542396,1034.7966018109405,1019.602524968276,1021.6017456054688,57800,0.0,0.0
2017-12-05 00:00:00+09:00,1016.4037291627682,1016.4037291627682,994.0124589687812,1001.6094970703125,70800,0.0,0.0
2017-12-06 00:00:00+09:00,1006.4075084312411,1006.4075084312411,980.0178002244625,983.216552734375,68200,0.0,0.0
2017-12-07 00:00:00+09:00,984.4159607172948,1021.2016099398744,984.4159607172948,1019.6022338867188,117600,0.0,0.0
2017-12-08 00:00:00+09:00,1016.803402886451,1043.9927978515625,1016.803402886451,1043.9927978515625,119400,0.0,0.0
2017-12-11 00:00:00+09:00,1045.5921419845638,1078.7791965867507,1045.5921419845638,1075.5804443359375,167400,0.0,0.0
2017-12-12 00:00:00+09:00,1115.5648365910536,1149.5515789244728,1099.571075492974,1139.955322265625,394000,0.0,0.0
2017-12-13 00:00:00+09:00,1129.9591962470383,1181.539074631988,1128.7596641915743,1170.7432861328125,459400,0.0,0.0
2017-12-14 00:00:00+09:00,1171.1433160512595,1172.7426923790865,1144.3537625601587,1152.75048828125,219400,0.0,0.0
2017-12-15 00:00:00+09:00,1147.552203207583,1171.1429976289237,1133.557664144076,1163.1461181640625,219000,0.0,0.0
2017-12-18 00:00:00+09:00,1173.5422812483885,1237.517328948471,1171.5430610077608,1211.5274658203125,312800,0.0,0.0
2017-12-19 00:00:00+09:00,1205.5294998661166,1247.5131142893147,1205.5294998661166,1239.5162353515625,188400,0.0,0.0
2017-12-20 00:00:00+09:00,1267.505713041097,1331.4807648034234,1267.505713041097,1297.4940185546875,361800,0.0,0.0
2017-12-21 00:00:00+09:00,1269.5047806530463,1327.4821643364137,1265.506340399021,1311.4884033203125,262600,0.0,0.0
2017-12-22 00:00:00+09:00,1303.4916636534997,1323.483867083768,1297.4940026244192,1317.4862060546875,112400,0.0,0.0
2017-12-25 00:00:00+09:00,1317.4861167793842,1353.4720805153918,1313.4876763642724,1339.4775390625,150000,0.0,0.0
2017-12-26 00:00:00+09:00,1339.4777168525948,1357.4707011088237,1329.4816144880233,1331.4808349609375,95800,0.0,0.0
2017-12-27 00:00:00+09:00,1341.476791583494,1395.4557384877478,1341.476791583494,1361.468994140625,222800,0.0,0.0
2017-12-28 00:00:00+09:00,1361.4687403147807,1361.4687403147807,1333.4796619529495,1335.4788818359375,156800,0.0,0.0
2017-12-29 00:00:00+09:00,1323.4836643827782,1377.462605377242,1303.4914640144582,1365.46728515625,186400,0.0,0.0
2018-01-01 00:00:00+09:00,1365.46728515625,1365.46728515625,1365.46728515625,1365.46728515625,0,0.0,0.0
2018-01-02 00:00:00+09:00,1365.46728515625,1365.46728515625,1365.46728515625,1365.46728515625,0,0.0,0.0
2018-01-03 00:00:00+09:00,1365.46728515625,1365.46728515625,1365.46728515625,1365.46728515625,0,0.0,0.0
2018-01-04 00:00:00+09:00,1349.47364010028,1361.4689613456155,1311.4884561567164,1339.4775390625,206400,0.0,0.0
2018-01-05 00:00:00+09:00,1325.4829512213782,1333.4798317717334,1299.4930894327238,1301.4923095703125,192600,0.0,0.0
2018-01-08 00:00:00+09:00,1301.4923095703125,1301.4923095703125,1301.4923095703125,1301.4923095703125,0,0.0,0.0
2018-01-09 00:00:00+09:00,1311.4885611276964,1313.4877814952692,1271.5041537762422,1297.4940185546875,181800,0.0,0.0
2018-01-10 00:00:00+09:00,1285.4984523573692,1287.4976723454834,1259.5085925118858,1261.5078125,169600,0.0,0.0
2018-01-11 00:00:00+09:00,1261.5077856946707,1271.5038854228376,1233.518706455803,1265.5062255859375,182400,0.0,0.0
2018-01-12 00:00:00+09:00,1261.5079693916516,1287.4978324694512,1245.5142074976213,1247.513427734375,196000,0.0,0.0
2018-01-15 00:00:00+09:00,1279.500971889952,1279.500971889952,1245.5142273241254,1253.5111083984375,84400,0.0,0.0
2018-01-16 00:00:00+09:00,1249.5128831726947,1267.5058686903815,1231.519897655008,1257.509765625,134400,0.0,0.0
2018-01-17 00:00:00+09:00,1247.5133531249999,1261.5078939453124,1235.518032421875,1249.5125732421875,133000,0.0,0.0
2018-01-18 00:00:00+09:00,1257.509345803404,1277.501545259738,1257.509345803404,1265.5062255859375,148200,0.0,0.0
2018-01-19 00:00:00+09:00,1247.5134639033565,1299.4931915659963,1247.5134639033565,1295.4947509765625,145000,0.0,0.0
2018-01-22 00:00:00+09:00,1301.4921571265995,1309.4890367402807,1265.5061988650345,1269.504638671875,135400,0.0,0.0
2018-01-23 00:00:00+09:00,1291.4964339217331,1347.4746075282478,1275.5026700341575,1321.4847412109375,179400,0.0,0.0
2018-01-24 00:00:00+09:00,1331.4807521275113,1355.471396309989,1313.487768990653,1343.47607421875,151000,0.0,0.0
2018-01-25 00:00:00+09:00,1335.479098647388,1349.47364010028,1309.4892359491605,1339.4775390625,144800,0.0,0.0
2018-01-26 00:00:00+09:00,1339.4777255844601,1345.475387042301,1309.4894182952557,1321.4847412109375,184400,0.0,0.0
2018-01-29 00:00:00+09:00,1331.5414487777218,1333.5528406943045,1301.3705700289818,1309.4161376953125,118200,10.0,0.0
2018-01-30 00:00:00+09:00,1293.3252802145719,1315.45059605028,1277.234141424966,1301.370849609375,134000,0.0,0.0
2018-01-31 00:00:00+09:00,1287.2908899136578,1319.4731621614992,1277.2339298362074,1281.2567138671875,216600,0.0,0.0
2018-02-01 00:00:00+09:00,1295.3363332648025,1339.5869533452772,1287.2907659774435,1337.5755615234375,193400,0.0,0.0
2018-02-02 00:00:00+09:00,1333.5527088000906,1399.928635482448,1315.4501833412658,1353.6666259765625,346000,0.0,0.0
2018-02-05 00:00:00+09:00,1313.4388678788073,1357.6894882361332,1313.4388678788073,1349.6439208984375,171800,0.0,0.0
2018-02-06 00:00:00+09:00,1220.9150257352032,1281.2567897748345,1203.2147749502449,1271.1998291015625,314000,0.0,0.0
2018-02-07 00:00:00+09:00,1297.3475186329968,1309.4158676435363,1259.1310800996216,1279.2449951171875,180600,0.0,0.0
2018-02-08 00:00:00+09:00,1277.2337511934031,1277.2337511934031,1232.9831330418206,1259.1312255859375,194400,0.0,0.0
2018-02-09 00:00:00+09:00,1191.5488020094713,1247.0632296520462,1187.1237389365124,1241.029052734375,179400,0.0,0.0
2018-02-12 00:00:00+09:00,1241.029052734375,1241.029052734375,1241.029052734375,1241.029052734375,0,0.0,0.0
2018-02-13 00:00:00+09:00,1255.1085356404958,1257.1199275245351,1214.8806979597107,1216.89208984375,163200,0.0,0.0
2018-02-14 00:00:00+09:00,1216.8920822323553,1224.937649718189,1183.1006987918536,1193.5599365234375,162800,0.0,0.0
2018-02-15 00:00:00+09:00,1208.8466401464518,1232.9833451077786,1197.1805660818106,1210.8580322265625,109200,0.0,0.0
2018-02-16 00:00:00+09:00,1210.8581626879602,1245.0518317339659,1203.6171504193944,1228.960693359375,95000,0.0,0.0
2018-02-19 00:00:00+09:00,1249.0745123785896,1271.1998258023648,1218.9036304370777,1265.1656494140625,98600,0.0,0.0
2018-02-20 00:00:00+09:00,1271.1997501601932,1285.2794942284231,1249.0744380529745,1275.2225341796875,116800,0.0,0.0
2018-02-21 00:00:00+09:00,1299.3592565033946,1343.6098813378755,1293.3250803896017,1305.3934326171875,141000,0.0,0.0
2018-02-22 00:00:00+09:00,1333.5527474539622,1333.5527474539622,1289.3021283830915,1295.3363037109375,120600,0.0,0.0
2018-02-23 00:00:00+09:00,1301.370453160837,1321.4843705203555,1281.256535801319,1315.4501953125,92800,0.0,0.0
2018-02-26 00:00:00+09:00,1321.4844142634695,1335.5641568811927,1313.4388470533418,1319.4730224609375,104000,0.0,0.0
2018-02-27 00:00:00+09:00,1319.4732504143915,1329.5302111645012,1287.2909760140406,1289.3023681640625,77800,0.0,0.0
2018-02-28 00:00:00+09:00,1287.2907959726444,1335.5642008216184,1287.2907959726444,1323.495849609375,124000,0.0,0.0
2018-03-01 00:00:00+09:00,1305.3932923740015,1347.6325206326362,1297.3477250866424,1337.5755615234375,218600,0.0,0.0
2018-03-02 00:00:00+09:00,1295.336134577372,1347.6323139236633,1281.2563939841398,1335.56396484375,168400,0.0,0.0
2018-03-05 00:00:00+09:00,1337.575464612655,1363.7235564020752,1309.4159811471254,1317.4615478515625,166400,0.0,0.0
2018-03-06 00:00:00+09:00,1317.4619883989808,1343.6100889320903,1297.3480649119736,1301.370849609375,169000,0.0,0.0
2018-03-07 00:00:00+09:00,1287.2905611242138,1321.484216654076,1277.2336036154309,1279.2449951171875,149600,0.0,0.0
2018-03-08 00:00:00+09:00,1289.3021283830915,1307.4046543666295,1279.2451695033483,1295.3363037109375,138800,0.0,0.0
2018-03-09 00:00:00+09:00,1307.4046283686928,1331.5413292001147,1301.370453160837,1315.4501953125,114200,0.0,0.0
2018-03-12 00:00:00+09:00,1305.3934180530684,1313.438986115029,1257.1200096813063,1281.2567138671875,163600,0.0,0.0
2018-03-13 00:00:00+09:00,1307.4046543666295,1355.6780569893974,1273.2109941755023,1295.3363037109375,261000,0.0,0.0
2018-03-14 00:00:00+09:00,1436.1338322038152,1562.8515232806224,1424.0654806726907,1502.509765625,1286400,0.0,0.0
2018-03-15 00:00:00+09:00,1500.4984816778274,1536.703538876488,1476.3617768787203,1478.3731689453125,373200,0.0,0.0
2018-03-16 00:00:00+09:00,1456.2477187669347,1484.4072050414334,1385.849003080688,1391.8831787109375,692200,0.0,0.0
2018-03-19 00:00:00+09:00,1391.8831579752123,1422.0540356769873,1341.5983618055877,1361.7122802734375,194200,0.0,0.0
2018-03-20 00:00:00+09:00,1341.598388671875,1369.7578750907749,1327.518645462425,1341.598388671875,138400,0.0,0.0
2018-03-21 00:00:00+09:00,1341.598388671875,1341.598388671875,1341.598388671875,1341.598388671875,0,0.0,0.0
2018-03-22 00:00:00+09:00,1391.8833214128522,1430.0997709892165,1369.75800850022,1428.08837890625,270800,0.0,0.0
2018-03-23 00:00:00+09:00,1401.9401172091373,1424.065427523772,1349.6439291927277,1361.7122802734375,305200,0.0,0.0
2018-03-26 00:00:00+09:00,1335.5641349028401,1349.643877288864,1295.3362995142002,1345.62109375,201000,0.0,0.0
2018-03-27 00:00:00+09:00,1373.7805656610533,1385.8489161646644,1343.6096894020259,1383.8375244140625,158600,0.0,0.0
2018-03-28 00:00:00+09:00,1371.769422547618,1414.0086569662396,1357.6896777414108,1395.9061279296875,144200,0.0,0.0
2018-03-29 00:00:00+09:00,1397.9174518991024,1420.0427640874334,1371.7693556765294,1418.0313720703125,218800,0.0,0.0
2018-03-30 00:00:00+09:00,1420.042732153046,1434.122475956263,1389.8718525747233,1432.111083984375,209200,0.0,0.0
2018-04-02 00:00:00+09:00,1432.1111166906294,1502.5098373144665,1432.1111166906294,1486.418701171875,352600,0.0,0.0
2018-04-03 00:00:00+09:00,1480.384261760306,1532.6804449203166,1478.3728701003054,1512.5665283203125,318000,0.0,0.0
2018-04-04 00:00:00+09:00,1524.635164182132,1536.7035164052097,1488.4301075128994,1510.555419921875,180600,0.0,0.0
2018-04-05 00:00:00+09:00,1510.5552627664529,1524.6350055618793,1464.293250724338,1518.600830078125,156200,0.0,0.0
2018-04-06 00:00:00+09:00,1520.6122260986972,1530.6691852660167,1504.5210914309862,1524.635009765625,94200,0.0,0.0
2018-04-09 00:00:00+09:00,1496.4755116196595,1518.6008216032835,1456.2476752857976,1506.532470703125,154600,0.0,0.0
2018-04-10 00:00:00+09:00,1508.5441652408315,1508.5441652408315,1456.2479675124828,1460.270751953125,114200,0.0,0.0
2018-04-11 00:00:00+09:00,1448.202179939516,1456.2477476058468,1385.8490305254536,1434.1224365234375,231200,0.0,0.0
2018-04-12 00:00:00+09:00,1444.1792429606119,1470.3273351033529,1428.0881093343098,1448.2020263671875,135800,0.0,0.0
2018-04-13 00:00:00+09:00,1454.2363268901847,1456.2477187669347,1377.8034355736881,1391.8831787109375,132800,0.0,0.0
2018-04-16 00:00:00+09:00,1387.8603742816424,1405.9629009027074,1337.5755781120176,1361.7122802734375,182800,0.0,0.0
2018-04-17 00:00:00+09:00,1379.8147538303438,1379.8147538303438,1325.50717605568,1345.62109375,129600,0.0,0.0
2018-04-18 00:00:00+09:00,1351.6552342589152,1361.7121928471513,1331.5413170824434,1353.6666259765625,90200,0.0,0.0
2018-04-19 00:00:00+09:00,1359.7012005974264,1367.7467698317307,1315.4505698087528,1333.5531005859375,133600,0.0,0.0
2018-04-20 00:00:00+09:00,1321.4845161437988,1355.6781794230144,1321.4845161437988,1351.6553955078125,91200,0.0,0.0
2018-04-23 00:00:00+09:00,1343.6097369889567,1347.6325206326362,1313.4388596613603,1337.5755615234375,111400,0.0,0.0
2018-04-24 00:00:00+09:00,1339.587410985896,1367.7469061117256,1325.507663422981,1363.72412109375,111600,0.0,0.0
2018-04-25 00:00:00+09:00,1357.6894965798676,1363.7236721202225,1345.6211454991576,1361.7122802734375,69400,0.0,0.0
2018-04-26 00:00:00+09:00,1359.700814613499,1377.8033402518442,1345.6210724503414,1371.7691650390625,110200,0.0,0.0
2018-04-27 00:00:00+09:00,1367.7468637319712,1385.8493957519531,1353.6671166053186,1359.7012939453125,91400,0.0,0.0
2018-04-30 00:00:00+09:00,1359.7012939453125,1359.7012939453125,1359.7012939453125,1359.7012939453125,0,0.0,0.0
2018-05-01 00:00:00+09:00,1337.5756324988704,1345.6212002131492,1305.3933616417546,1321.4844970703125,136800,0.0,0.0
2018-05-02 00:00:00+09:00,1331.5413818359375,1339.5869490977861,1295.336329157619,1331.5413818359375,103800,0.0,0.0
2018-05-03 00:00:00+09:00,1331.5413818359375,1331.5413818359375,1331.5413818359375,1331.5413818359375,0,0.0,0.0
2018-05-04 00:00:00+09:00,1331.5413818359375,1331.5413818359375,1331.5413818359375,1331.5413818359375,0,0.0,0.0
2018-05-07 00:00:00+09:00,1355.6781944587217,1381.8262901975397,1351.6554104989036,1375.7921142578125,128200,0.0,0.0
2018-05-08 00:00:00+09:00,1375.7920436969382,1397.9173543411873,1363.7236924364388,1391.8831787109375,112400,0.0,0.0
2018-05-09 00:00:00+09:00,1399.9289121600325,1416.020049081412,1379.8149910083077,1395.9061279296875,131600,0.0,0.0
2018-05-10 00:00:00+09:00,1405.9629177320505,1405.9629177320505,1363.7236884439633,1385.8489990234375,73400,0.0,0.0
2018-05-11 00:00:00+09:00,1389.8716014791519,1418.0310839982665,1369.75768539407,1414.00830078125,67400,0.0,0.0
2018-05-14 00:00:00+09:00,1414.0084441033578,1456.2476721633443,1403.9514850414562,1444.1793212890625,133000,0.0,0.0
2018-05-15 00:00:00+09:00,1448.2019581258892,1448.2019581258892,1405.9627343472173,1414.00830078125,174600,0.0,0.0
2018-05-16 00:00:00+09:00,1434.12254819003,1438.1453323364258,1405.963059165261,1416.02001953125,88800,0.0,0.0
2018-05-17 00:00:00+09:00,1444.1792337540485,1444.1792337540485,1418.0311417780001,1436.1336669921875,123800,0.0,0.0
2018-05-18 00:00:00+09:00,1440.156309775834,1462.2816162109375,1428.0879608112318,1462.2816162109375,84400,0.0,0.0
2018-05-21 00:00:00+09:00,1462.2819581727724,1498.4870135333088,1462.2819581727724,1488.4300537109375,117400,0.0,0.0
2018-05-22 00:00:00+09:00,1488.4300143387316,1504.5211496288798,1470.3274871373144,1490.44140625,121800,0.0,0.0
2018-05-23 00:00:00+09:00,1488.429944352887,1528.657780686749,1488.429944352887,1506.532470703125,151800,0.0,0.0
2018-05-24 00:00:00+09:00,1514.5781091852227,1524.6350687415654,1488.4300143387316,1490.44140625,95800,0.0,0.0
2018-05-25 00:00:00+09:00,1490.441481548807,1502.509833626125,1474.350345445716,1480.384521484375,126400,0.0,0.0
2018-05-28 00:00:00+09:00,1474.3504638671875,1478.3732482160747,1444.179581250533,1474.3504638671875,187000,0.0,0.0
2018-05-29 00:00:00+09:00,1480.3845358455883,1508.5440242991729,1478.3731438131892,1504.521240234375,218400,0.0,0.0
2018-05-30 00:00:00+09:00,1462.2817589682356,1482.3956758728882,1432.110883611257,1436.1336669921875,306200,0.0,0.0
2018-05-31 00:00:00+09:00,1464.2933463895013,1500.4984016573735,1436.133858958934,1482.3958740234375,732000,0.0,0.0
2018-06-01 00:00:00+09:00,1492.4527867868405,1538.7148003934408,1478.3730435152665,1534.6920166015625,248000,0.0,0.0
2018-06-04 00:00:00+09:00,1536.7035803491813,1570.8972464040714,1512.5668748986704,1550.7833251953125,185400,0.0,0.0
2018-06-05 00:00:00+09:00,1568.885711185516,1568.885711185516,1496.475601438492,1520.6123046875,276600,0.0,0.0
2018-06-06 00:00:00+09:00,1508.5438364344648,1536.7033213812415,1462.2818254504746,1470.327392578125,265800,0.0,0.0
2018-06-07 00:00:00+09:00,1498.4871169983633,1532.680782755373,1434.122569691051,1526.6466064453125,190200,0.0,0.0
2018-06-08 00:00:00+09:00,1637.2730200982862,1808.2413330078125,1633.250236265121,1808.2413330078125,2020800,0.0,0.0
2018-06-11 00:00:00+09:00,1828.355425816781,1848.4693468928733,1747.8997415124122,1824.3326416015625,1184400,0.0,0.0
2018-06-12 00:00:00+09:00,1870.5945486295022,1884.6742925439178,1755.9452053264038,1780.0819091796875,799400,0.0,0.0
2018-06-13 00:00:00+09:00,1780.0818304601626,1790.1387899542876,1743.8767762813118,1784.1046142578125,384800,0.0,0.0
2018-06-14 00:00:00+09:00,1782.0931310480291,1810.2526161887429,1761.9792130903766,1770.0247802734375,211600,0.0,0.0
2018-06-15 00:00:00+09:00,1776.05957251693,1796.1734974604965,1766.0026100451466,1782.09375,153600,0.0,0.0
2018-06-18 00:00:00+09:00,1770.0245563866313,1800.1954295068579,1757.9562071385405,1794.1612548828125,138600,0.0,0.0
2018-06-19 00:00:00+09:00,1810.2526073324873,1824.332349833962,1743.8766783969627,1757.9564208984375,169000,0.0,0.0
2018-06-20 00:00:00+09:00,1842.4350827549627,1842.4350827549627,1703.6490339448183,1747.899658203125,821000,0.0,0.0
2018-06-21 00:00:00+09:00,1751.922347365214,1755.9451311708744,1709.683117405777,1727.78564453125,194800,0.0,0.0
2018-06-22 00:00:00+09:00,1699.6258793320767,1731.8081445028615,1681.5233551735103,1729.7967529296875,172800,0.0,0.0
2018-06-25 00:00:00+09:00,1705.6605670548893,1705.6605670548893,1621.182095573397,1635.2618408203125,231200,0.0,0.0
2018-06-26 00:00:00+09:00,1615.1477876729632,1621.1819637165734,1588.9996914839862,1617.1591796875,179600,0.0,0.0
2018-06-27 00:00:00+09:00,1631.238863797484,1691.580622014407,1631.238863797484,1651.352783203125,341200,0.0,0.0
2018-06-28 00:00:00+09:00,1663.4211387263917,1681.5236662336922,1641.2958273285801,1657.386962890625,169000,0.0,0.0
2018-06-29 00:00:00+09:00,1629.227628112569,1653.3643337142366,1601.0681382439566,1643.307373046875,222400,0.0,0.0
2018-07-02 00:00:00+09:00,1661.4099763886743,1685.5466830674445,1623.1935241472884,1627.21630859375,185600,0.0,0.0
2018-07-03 00:00:00+09:00,1621.1820188710387,1641.2959397007044,1554.8060801331426,1570.897216796875,204000,0.0,0.0
2018-07-04 00:00:00+09:00,1542.7377276353434,1584.976961377641,1532.6807672205107,1570.897216796875,207600,0.0,0.0
2018-07-05 00:00:00+09:00,1572.908377740014,1599.0564709761013,1516.589407693057,1532.6805419921875,206800,0.0,0.0
2018-07-06 00:00:00+09:00,1530.6692295773744,1599.0565538948917,1516.5894863355327,1591.010986328125,167000,0.0,0.0
2018-07-09 00:00:00+09:00,1593.0224755130596,1621.1819637165734,1576.9313393967661,1617.1591796875,123400,0.0,0.0
2018-07-10 00:00:00+09:00,1619.170278613648,1623.1930619145514,1560.8399207505474,1607.1019287109375,221600,0.0,0.0
2018-07-11 00:00:00+09:00,1593.0224609375,1601.068028922033,1532.680701053504,1593.0224609375,212600,0.0,0.0
2018-07-12 00:00:00+09:00,1609.1136116293533,1641.2958838619402,1591.011083498523,1617.1591796875,185000,0.0,0.0
2018-07-13 00:00:00+09:00,1647.3300922269857,1685.5465412530084,1627.2161716869737,1671.466796875,243600,0.0,0.0
2018-07-16 00:00:00+09:00,1671.466796875,1671.466796875,1671.466796875,1671.466796875,0,0.0,0.0
2018-07-17 00:00:00+09:00,1665.4324475053158,1681.5235822638213,1623.193218764239,1655.37548828125,144600,0.0,0.0
2018-07-18 00:00:00+09:00,1677.5011137298477,1713.7061737384056,1657.387191502871,1707.6719970703125,357000,0.0,0.0
2018-07-19 00:00:00+09:00,1719.7403411865234,1723.7631256103516,1679.5124969482422,1689.5694580078125,129200,0.0,0.0
2018-07-20 00:00:00+09:00,1810.2527209690638,1848.469167300633,1784.104626110622,1802.2071533203125,756800,0.0,0.0
2018-07-23 00:00:00+09:00,1816.2865618376454,1874.6169165367503,1786.1156887174188,1794.1612548828125,597800,0.0,0.0
2018-07-24 00:00:00+09:00,1804.218631591797,1830.366727701823,1782.093319498698,1810.2528076171875,194200,0.0,0.0
2018-07-25 00:00:00+09:00,1814.2754202498647,1858.5260402559588,1814.2754202498647,1856.5146484375,235400,0.0,0.0
2018-07-26 00:00:00+09:00,1862.5490006440712,1902.7768408307682,1854.5034326067316,1878.64013671875,601600,0.0,0.0
2018-07-27 00:00:00+09:00,1822.718708305645,1858.378834212914,1811.3723046078774,1838.9278564453125,232100,17.0,2.0
2018-07-30 00:00:00+09:00,1808.1302076371496,1832.4439262517237,1776.5223734382037,1800.025634765625,194300,0.0,0.0
2018-07-31 00:00:00+09:00,1789.490127680587,1822.7188845804528,1745.7254234710074,1795.163330078125,210100,0.0,0.0
2018-08-01 00:00:00+09:00,1778.953930753287,1808.1303961323842,1758.6924964622472,1774.0911865234375,171700,0.0,0.0
2018-08-02 00:00:00+09:00,1828.391854712815,1836.4964285368967,1787.868985592407,1800.8363037109375,167700,0.0,0.0
2018-08-03 00:00:00+09:00,1821.90812170851,1835.6858966502557,1804.8885173687063,1817.8558349609375,104800,0.0,0.0
2018-08-06 00:00:00+09:00,1800.0257397326793,1810.5616850800566,1755.4505863399295,1770.038818359375,185300,0.0,0.0
2018-08-07 00:00:00+09:00,1772.4701687247152,1849.4636145540924,1757.8819368833595,1840.548583984375,142400,0.0,0.0
2018-08-08 00:00:00+09:00,1847.8428473605577,1872.1565690363545,1825.1500404631474,1830.8232421875,156500,0.0,0.0
2018-08-09 00:00:00+09:00,1817.855835281052,1865.6728189108255,1777.332967798193,1854.326416015625,128200,0.0,0.0
2018-08-10 00:00:00+09:00,1863.2413330078125,1885.9341374115613,1846.2217297050008,1863.2413330078125,140200,0.0,0.0
2018-08-13 00:00:00+09:00,1851.0842640131725,1868.103865389826,1816.2346040514535,1822.71826171875,150100,0.0,0.0
2018-08-14 00:00:00+09:00,1825.9606133389902,1897.280868098791,1819.476953815372,1891.607666015625,152900,0.0,0.0
2018-08-15 00:00:00+09:00,1892.4180740441107,1910.2481372685093,1856.7579475953137,1898.9017333984375,213800,0.0,0.0
2018-08-16 00:00:00+09:00,1885.9340373557573,1906.1954687841603,1851.8948325560402,1853.5157470703125,163900,0.0,0.0
2018-08-17 00:00:00+09:00,1885.9338369260659,1885.9338369260659,1827.5809206137853,1846.221435546875,206300,0.0,0.0
2018-08-20 00:00:00+09:00,1835.686012856531,1859.1892774803014,1795.9736002163677,1796.7840576171875,121600,0.0,0.0
2018-08-21 00:00:00+09:00,1761.9345021390527,1803.2678322260313,1735.1894062004194,1787.869140625,137000,0.0,0.0
2018-08-22 00:00:00+09:00,1783.8164978027346,1815.4243321572583,1757.8818644862022,1808.940673828125,98500,0.0,0.0
2018-08-23 00:00:00+09:00,1804.0779965444713,1855.9472650884272,1777.332904951494,1843.7904052734375,117700,0.0,0.0
2018-08-24 00:00:00+09:00,1873.7774088541667,1927.2675944010416,1838.9277425130208,1920.783935546875,184100,0.0,0.0
2018-08-27 00:00:00+09:00,1945.0976319574006,1988.862328676442,1929.698942371071,1954.8231201171875,299900,0.0,0.0
2018-08-28 00:00:00+09:00,1985.6204164043024,1995.3459041581195,1919.9733740660379,1950.770751953125,179900,0.0,0.0
2018-08-29 00:00:00+09:00,1915.9211674780395,1976.7054684767083,1913.4897954380929,1954.8231201171875,126600,0.0,0.0
2018-08-30 00:00:00+09:00,1968.6009438209285,2007.5028974246356,1956.44408331977,1983.9996337890625,217100,0.0,0.0
2018-08-31 00:00:00+09:00,1965.3591226677484,1993.7251306237777,1956.4440915958535,1968.6009521484375,223500,0.0,0.0
2018-09-03 00:00:00+09:00,1968.6008128351227,1973.4635567120313,1933.7511483839453,1950.770751953125,132200,0.0,0.0
2018-09-04 00:00:00+09:00,1961.3065722537688,2017.2281232808389,1947.5287988123166,2002.639892578125,286400,0.0,0.0
2018-09-05 00:00:00+09:00,1997.777637643224,2031.8168509418103,1971.0325414800488,1990.4835205078125,246200,0.0,0.0
2018-09-06 00:00:00+09:00,1977.5157432476512,1985.6203159658794,1928.8883069382828,1941.045166015625,216100,0.0,0.0
2018-09-07 00:00:00+09:00,1917.5420183815438,1962.1171709643777,1914.3001891027923,1956.4439697265625,167000,0.0,0.0
2018-09-10 00:00:00+09:00,1961.306852497662,1986.4310311866818,1936.9931311857076,1949.96044921875,246900,0.0,0.0
2018-09-11 00:00:00+09:00,1977.5161730947257,2024.522705078125,1937.8037581432334,2024.522705078125,393600,0.0,0.0
2018-09-12 00:00:00+09:00,2074.771095387841,2079.633840142656,1907.8168588058504,1932.9410400390625,788300,0.0,0.0
2018-09-13 00:00:00+09:00,1973.4636079843406,2026.1433346861813,1851.8950079031697,2016.4178466796875,550300,0.0,0.0
2018-09-14 00:00:00+09:00,2054.509147830126,2064.234634920446,1980.7575373951981,1993.724853515625,406100,0.0,0.0
2018-09-17 00:00:00+09:00,1993.724853515625,1993.724853515625,1993.724853515625,1993.724853515625,0,0.0,0.0
2018-09-18 00:00:00+09:00,2005.882119140625,2033.437671484375,1959.68604609375,2026.1435546875,280800,0.0,0.0
2018-09-19 00:00:00+09:00,2052.077616498514,2126.639678393405,2050.456702109495,2113.67236328125,733800,0.0,0.0
2018-09-20 00:00:00+09:00,2116.914409972872,2180.1300776520006,2107.188922637621,2175.267333984375,467800,0.0,0.0
2018-09-21 00:00:00+09:00,2188.2351315378746,2223.895259607381,2148.522716187743,2190.66650390625,448800,0.0,0.0
2018-09-24 00:00:00+09:00,2190.66650390625,2190.66650390625,2190.66650390625,2190.66650390625,0,0.0,0.0
2018-09-25 00:00:00+09:00,2144.469716914791,2214.9794921875,2119.34554411647,2214.9794921875,354800,0.0,0.0
2018-09-26 00:00:00+09:00,2214.979447822446,2266.848706754256,2206.874876114351,2234.430419921875,321500,0.0,0.0
2018-09-27 00:00:00+09:00,2252.2606955820943,2268.4698405664926,2196.3391453859217,2207.685546875,270600,0.0,0.0
2018-09-28 00:00:00+09:00,2248.2088297086148,2297.646731154983,2227.9473946896114,2249.019287109375,294800,0.0,0.0
2018-10-01 00:00:00+09:00,2269.2808072440585,2290.352700454182,2215.7906167875917,2216.60107421875,288000,0.0,0.0
2018-10-02 00:00:00+09:00,2206.875399135988,2224.705461119459,2151.7642984598046,2157.4375,272300,0.0,0.0
2018-10-03 00:00:00+09:00,2184.1823524477986,2204.4437842886873,2142.03857421875,2142.03857421875,274700,0.0,0.0
2018-10-04 00:00:00+09:00,2155.8163545189836,2157.4372690712535,2091.790229704322,2126.639892578125,239700,0.0,0.0
2018-10-05 00:00:00+09:00,2090.9799886671467,2133.9342287444174,2074.7708414681765,2075.581298828125,186500,0.0,0.0
2018-10-08 00:00:00+09:00,2075.581298828125,2075.581298828125,2075.581298828125,2075.581298828125,0,0.0,0.0
2018-10-09 00:00:00+09:00,2062.614255899787,2062.614255899787,2003.4508607403827,2017.2286376953125,174900,0.0,0.0
2018-10-10 00:00:00+09:00,2056.9410029977107,2099.084790293172,2007.5030986703425,2024.522705078125,220100,0.0,0.0
2018-10-11 00:00:00+09:00,1904.5745887835985,1981.5680296067653,1897.2804733371934,1941.045166015625,342600,0.0,0.0
2018-10-12 00:00:00+09:00,1912.679604396758,2014.797244292517,1912.679604396758,1990.4835205078125,223900,0.0,0.0
2018-10-15 00:00:00+09:00,1986.4311146425684,2004.2611776870958,1941.85595703125,1941.85595703125,139100,0.0,0.0
2018-10-16 00:00:00+09:00,1929.698982774785,1962.1172773195105,1896.4702308664414,1926.4571533203125,138400,0.0,0.0
2018-10-17 00:00:00+09:00,2001.019246955328,2009.1238206570508,1962.1172931870594,1968.6009521484375,164300,0.0,0.0
2018-10-18 00:00:00+09:00,1982.3783723035804,2051.2672364269674,1975.8947145037323,2001.829345703125,223900,0.0,0.0
2018-10-19 00:00:00+09:00,1947.529044174114,2008.3133464267391,1947.529044174114,1999.3983154296875,114100,0.0,0.0
2018-10-22 00:00:00+09:00,1981.5677969182282,2026.14294163418,1961.3063675018861,2013.986083984375,141800,0.0,0.0
2018-10-23 00:00:00+09:00,2001.8293187202091,2046.4044654933311,1987.2410888671875,1987.2410888671875,165200,0.0,0.0
2018-10-24 00:00:00+09:00,2017.2279676912672,2035.8684832625404,1977.5155649524675,2003.4501953125,179600,0.0,0.0
2018-10-25 00:00:00+09:00,1945.9080053783753,1946.7184626900698,1893.228280118236,1902.143310546875,273600,0.0,0.0
2018-10-26 00:00:00+09:00,1945.0977498230618,1960.4964403424942,1853.516064102226,1860.8101806640625,279500,0.0,0.0
2018-10-29 00:00:00+09:00,1872.1564774897588,1902.1433994235774,1828.3917806133747,1830.0126953125,216000,0.0,0.0
2018-10-30 00:00:00+09:00,1783.0063260546706,1855.1370365177913,1778.1435815290668,1850.2742919921875,396400,0.0,0.0
2018-10-31 00:00:00+09:00,1876.2087964814718,1971.032308009909,1872.1565096640172,1962.927734375,241000,0.0,0.0
2018-11-01 00:00:00+09:00,1963.737882607841,1997.7770865160246,1936.1823365869302,1964.54833984375,145000,0.0,0.0
2018-11-02 00:00:00+09:00,1965.358944704648,2002.6399803567772,1953.2020852528665,1979.13671875,95000,0.0,0.0
2018-11-05 00:00:00+09:00,1957.25459832015,1987.241521772674,1941.8559078985836,1949.1500244140625,95000,0.0,0.0
2018-11-06 00:00:00+09:00,1961.306819648018,1984.8100831892548,1949.1499591956544,1962.927734375,119700,0.0,0.0
2018-11-07 00:00:00+09:00,1972.6532708486957,2019.6597990776293,1941.8558902849115,1992.104248046875,140500,0.0,0.0
2018-11-08 00:00:00+09:00,2049.646728952631,2086.927768704241,2011.5552318151167,2037.4898681640625,125200,0.0,0.0
2018-11-09 00:00:00+09:00,2041.5421896861862,2051.267678481833,1980.7578847133939,2000.2088623046875,104100,0.0,0.0
2018-11-12 00:00:00+09:00,1994.5354637518933,2022.9014699409693,1946.7184818903079,1956.4439697265625,92200,0.0,0.0
2018-11-13 00:00:00+09:00,1915.9210875019473,1976.7053859633036,1901.332855871222,1950.770751953125,120700,0.0,0.0
2018-11-14 00:00:00+09:00,1950.7708080311113,1979.1368147951698,1911.8688558975452,1915.921142578125,125200,0.0,0.0
2018-11-15 00:00:00+09:00,1909.4375641258619,2005.0715338061896,1909.4375641258619,1968.6009521484375,144700,0.0,0.0
2018-11-16 00:00:00+09:00,1969.4112275169236,1988.8622026035107,1924.8360762768286,1930.50927734375,106800,0.0,0.0
2018-11-19 00:00:00+09:00,1929.6989341904252,1986.4309482153433,1913.489787326163,1945.9080810546875,159800,0.0,0.0
2018-11-20 00:00:00+09:00,1905.3851962663223,1919.16297097348,1869.7250734948557,1879.4505615234375,130600,0.0,0.0
2018-11-21 00:00:00+09:00,1846.2217782970106,1892.417845620509,1828.3917172247832,1868.1041259765625,102100,0.0,0.0
2018-11-22 00:00:00+09:00,1884.3130270304587,1925.6463450427395,1872.9666260074796,1919.97314453125,85900,0.0,0.0
2018-11-23 00:00:00+09:00,1919.97314453125,1919.97314453125,1919.97314453125,1919.97314453125,0,0.0,0.0
2018-11-26 00:00:00+09:00,1898.0910325636794,1947.5289288003935,1898.0910325636794,1911.058349609375,109100,0.0,0.0
2018-11-27 00:00:00+09:00,1917.5419994690694,1945.9080053783753,1881.8818777545137,1902.143310546875,118100,0.0,0.0
2018-11-28 00:00:00+09:00,1888.365129449105,1945.0971290462885,1888.365129449105,1921.5938720703125,118000,0.0,0.0
2018-11-29 00:00:00+09:00,1944.2870947486024,2030.1955699646724,1929.6988631081376,1975.08447265625,243200,0.0,0.0
2018-11-30 00:00:00+09:00,1971.0319691955194,1995.3456859207931,1936.9927657801363,1989.6724853515625,179500,0.0,0.0
2018-12-03 00:00:00+09:00,2043.1629640597275,2082.8753739125345,2019.6597010856171,2055.31982421875,248500,0.0,0.0
2018-12-04 00:00:00+09:00,2082.8754970860077,2115.293792760498,2056.9408605464155,2067.476806640625,311200,0.0,0.0
2018-12-05 00:00:00+09:00,2051.267530146881,2123.3982334985494,2026.1433525749517,2095.0322265625,242300,0.0,0.0
2018-12-06 00:00:00+09:00,2090.9795442734344,2095.842287399652,1995.3455961244945,2028.5743408203125,194300,0.0,0.0
2018-12-07 00:00:00+09:00,2036.67919921875,2064.234747477181,2008.3131936586003,2036.67919921875,109900,0.0,0.0
2018-12-10 00:00:00+09:00,1979.136444509846,2002.639702859881,1941.0449568390995,1952.391357421875,139000,0.0,0.0
2018-12-11 00:00:00+09:00,1976.7054600967858,2009.9342111685237,1941.045336995409,1945.9080810546875,216200,0.0,0.0
2018-12-12 00:00:00+09:00,1945.0975318471337,1996.156342058121,1847.0321979498408,1908.626953125,509500,0.0,0.0
2018-12-13 00:00:00+09:00,1923.215251941461,1979.136807939759,1893.2283306090403,1967.7904052734375,317500,0.0,0.0
2018-12-14 00:00:00+09:00,1944.2872247174514,1989.6728372994346,1831.6336506300293,1838.1173095703125,428900,0.0,0.0
2018-12-17 00:00:00+09:00,1820.2870945890184,1820.2870945890184,1721.4113040547975,1726.2740478515625,275000,0.0,0.0
2018-12-18 00:00:00+09:00,1677.6467198944872,1684.1303787153354,1576.3395508187332,1583.6336669921875,354900,0.0,0.0
2018-12-19 00:00:00+09:00,1589.306640625,1616.8621866633732,1549.5942360402855,1589.306640625,312200,0.0,0.0
2018-12-20 00:00:00+09:00,1590.9276187724047,1620.914537720229,1549.594298060539,1575.5289306640625,305800,0.0,0.0
2018-12-21 00:00:00+09:00,1575.5290189499021,1596.6009091210426,1530.9538666647968,1552.0257568359375,293900,0.0,0.0
2018-12-24 00:00:00+09:00,1552.0257568359375,1552.0257568359375,1552.0257568359375,1552.0257568359375,0,0.0,0.0
2018-12-25 00:00:00+09:00,1454.770830551104,1487.999579326923,1411.8165943287036,1422.3525390625,244300,0.0,0.0
2018-12-26 00:00:00+09:00,1436.1304685310397,1474.221965156863,1398.849429280234,1445.85595703125,228400,0.0,0.0
2018-12-27 00:00:00+09:00,1531.7643154368682,1561.7512358978015,1508.2610534539745,1543.1107177734375,267400,0.0,0.0
2018-12-28 00:00:00+09:00,1510.6923967175521,1535.0061155488431,1443.4244412843134,1479.89501953125,176100,0.0,0.0
2018-12-31 00:00:00+09:00,1479.89501953125,1479.89501953125,1479.89501953125,1479.89501953125,0,0.0,0.0
2019-01-04 00:00:00+09:00,1447.4769720037211,1449.0978868659872,1408.5750153093322,1419.1109619140625,200700,0.0,0.0
2019-01-07 00:00:00+09:00,1479.8949359881126,1486.3785939771076,1458.0125902752543,1463.685791015625,181900,0.0,0.0
2019-01-08 00:00:00+09:00,1487.9995519866195,1505.8296119777444,1470.9799492678183,1483.947265625,127500,0.0,0.0
2019-01-09 00:00:00+09:00,1491.2415530316132,1509.0716150787302,1461.2546304978252,1464.4964599609375,118500,0.0,0.0
2019-01-10 00:00:00+09:00,1446.666264687815,1446.666264687815,1400.470199092742,1406.953857421875,181000,0.0,0.0
2019-01-11 00:00:00+09:00,1427.215208282995,1467.7380705283952,1404.522405425571,1415.058349609375,237600,0.0,0.0
2019-01-15 00:00:00+09:00,1408.57473303028,1458.0126264220219,1401.2806176118263,1423.1629638671875,245200,0.0,0.0
2019-01-16 00:00:00+09:00,1429.6468642986817,1490.4311697535577,1423.9736624562267,1471.7906494140625,177300,0.0,0.0
2019-01-17 00:00:00+09:00,1500.9669933567316,1562.5617511834657,1485.568303900048,1556.8885498046875,302700,0.0,0.0
2019-01-18 00:00:00+09:00,1524.470319993425,1560.9409018114495,1500.9670561551425,1555.2677001953125,274100,0.0,0.0
2019-01-21 00:00:00+09:00,1580.3917540221655,1586.0649551904503,1541.4898031539276,1543.1107177734375,152600,0.0,0.0
2019-01-22 00:00:00+09:00,1548.7841407233811,1565.8037466653964,1525.280875374884,1528.522705078125,113900,0.0,0.0
2019-01-23 00:00:00+09:00,1496.1044719720342,1535.8168875335887,1481.5162376841163,1526.90185546875,156500,0.0,0.0
2019-01-24 00:00:00+09:00,1526.9015061062269,1552.0256816313292,1517.9864760811904,1532.57470703125,105600,0.0,0.0
2019-01-25 00:00:00+09:00,1528.5226068620943,1585.254623023466,1528.5226068620943,1555.2677001953125,141500,0.0,0.0
2019-01-28 00:00:00+09:00,1594.1695282879998,1603.8950160050592,1541.4898031539276,1543.1107177734375,215000,0.0,0.0
2019-01-29 00:00:00+09:00,1543.9276235657862,1554.5472315585669,1517.7870500450958,1549.6458740234375,147400,15.0,0.0
2019-01-30 00:00:00+09:00,1535.7588469761629,1552.0967070503773,1499.815554812891,1501.4493408203125,148500,0.0,0.0
2019-01-31 00:00:00+09:00,1528.4067002770312,1574.9695981475768,1528.4067002770312,1571.7020263671875,139600,0.0,0.0
2019-02-01 00:00:00+09:00,1565.983931860314,1592.9414017358438,1559.4487876480644,1590.49072265625,146400,0.0,0.0
2019-02-04 00:00:00+09:00,1591.3074816210649,1659.9264900687904,1591.3074816210649,1647.673095703125,208200,0.0,0.0
2019-02-05 00:00:00+09:00,1699.1372715212262,1738.3481316332545,1687.700770655218,1731.81298828125,358200,0.0,0.0
2019-02-06 00:00:00+09:00,1731.8129074701342,1761.2210511818912,1726.0946573039591,1752.2352294921875,250900,0.0,0.0
2019-02-07 00:00:00+09:00,1735.0804460018383,1757.1365533662686,1724.4608387522978,1735.8973388671875,168000,0.0,0.0
2019-02-08 00:00:00+09:00,1727.728523686247,1761.221133365271,1724.4609520102447,1731.81298828125,176800,0.0,0.0
2019-02-12 00:00:00+09:00,1732.6298828125,1759.587349164604,1723.644060695132,1732.6298828125,184300,0.0,0.0
2019-02-13 00:00:00+09:00,1737.531372402326,1825.7558144425007,1737.531372402326,1802.06591796875,253600,0.0,0.0
2019-02-14 00:00:00+09:00,1823.3051297573707,1868.2342436178794,1817.5868789023968,1863.3328857421875,256300,0.0,0.0
2019-02-15 00:00:00+09:00,1854.3469872412745,1894.3747415914165,1853.5300942953531,1887.022705078125,249500,0.0,0.0
2019-02-18 00:00:00+09:00,1915.6140507194152,1919.6985156463222,1865.783578611149,1870.6849365234375,184200,0.0,0.0
2019-02-19 00:00:00+09:00,1875.586309867527,1916.4309594726562,1870.6849519149116,1878.8538818359375,150000,0.0,0.0
2019-02-20 00:00:00+09:00,1864.966841206631,1906.6283869366082,1850.2627662431096,1889.4736328125,181200,0.0,0.0
2019-02-21 00:00:00+09:00,1887.0227034921095,1901.7267765063339,1858.431450408896,1886.205810546875,117100,0.0,0.0
2019-02-22 00:00:00+09:00,1909.0785641992525,1918.8812782644604,1864.1494580670494,1885.388671875,143600,0.0,0.0
2019-02-25 00:00:00+09:00,1893.5578374759145,1903.3605527691464,1871.5017280661434,1881.304443359375,78400,0.0,0.0
2019-02-26 00:00:00+09:00,1902.5436710506292,1907.4450287261568,1873.1355249974636,1887.022705078125,116000,0.0,0.0
2019-02-27 00:00:00+09:00,1887.839377319546,1904.1772343279367,1875.585984563253,1898.458984375,131100,0.0,0.0
2019-02-28 00:00:00+09:00,1878.8537517871732,1904.177432789522,1871.5017153671363,1874.769287109375,151700,0.0,0.0
2019-03-01 00:00:00+09:00,1885.3889318141987,1904.1774696962293,1868.2341798349535,1893.557861328125,174700,0.0,0.0
2019-03-04 00:00:00+09:00,1919.6983706880244,1925.4166211539036,1889.4733325112343,1922.9659423828125,125000,0.0,0.0
2019-03-05 00:00:00+09:00,1905.811341183437,1913.9802710642061,1864.9666917795914,1873.9525146484375,159200,0.0,0.0
2019-03-06 00:00:00+09:00,1878.8536475414,1895.191505346108,1838.8258959198658,1883.7550048828125,190000,0.0,0.0
2019-03-07 00:00:00+09:00,1876.4026710057522,1889.4729551747082,1855.9803519917584,1858.4310302734375,130100,0.0,0.0
2019-03-08 00:00:00+09:00,1824.9389072812357,1838.826087864844,1788.9956163589554,1794.7138671875,127000,0.0,0.0
2019-03-11 00:00:00+09:00,1806.150247617241,1815.9529626653668,1764.4887086627048,1795.5306396484375,70400,0.0,0.0
2019-03-12 00:00:00+09:00,1815.1360351128858,1866.6002881336383,1806.9671060619728,1839.642822265625,122800,0.0,0.0
2019-03-13 00:00:00+09:00,1844.5443670776685,1882.9383375172836,1828.2065073161302,1873.9525146484375,192700,0.0,0.0
2019-03-14 00:00:00+09:00,1923.782845372739,1927.8673100125961,1778.3759041938229,1803.6995849609375,350900,0.0,0.0
2019-03-15 00:00:00+09:00,1793.896760193111,1874.7691551198498,1793.896760193111,1869.8677978515625,207700,0.0,0.0
2019-03-18 00:00:00+09:00,1889.473235259185,1936.0361295133025,1879.6705206793708,1934.40234375,156700,0.0,0.0
2019-03-19 00:00:00+09:00,1944.2051009685674,1966.261209256866,1909.0787062872025,1955.6416015625,164600,0.0,0.0
2019-03-20 00:00:00+09:00,1949.1065077767466,1953.190972378123,1913.980112204911,1918.8814697265625,134500,0.0,0.0
2019-03-22 00:00:00+09:00,1888.6564427425988,1926.2335172954358,1729.3623223555717,1738.34814453125,491900,0.0,0.0
2019-03-25 00:00:00+09:00,1674.6304208711756,1674.6304208711756,1630.5182049067641,1638.6871337890625,254300,0.0,0.0
2019-03-26 00:00:00+09:00,1658.2925690341592,1717.1088571969472,1646.0391756669117,1702.40478515625,158600,0.0,0.0
2019-03-27 00:00:00+09:00,1710.5738335425297,1740.798872626137,1691.7852957338007,1700.7711181640625,164500,0.0,0.0
2019-03-28 00:00:00+09:00,1713.0242767333984,1717.9256337483725,1682.7992418077258,1705.6722412109375,80800,0.0,0.0
2019-03-29 00:00:00+09:00,1704.8553141551506,1722.0100633632285,1653.3910665309177,1689.3343505859375,174700,0.0,0.0
2019-04-01 00:00:00+09:00,1720.3763190829277,1740.7986400596956,1700.7708909452303,1708.9398193359375,96800,0.0,0.0
2019-04-02 00:00:00+09:00,1717.1089218854904,1737.5312449336052,1668.9122394919395,1672.9967041015625,81300,0.0,0.0
2019-04-03 00:00:00+09:00,1697.5036893655324,1733.4469821143696,1677.8982569570758,1712.207763671875,65300,0.0,0.0
2019-04-04 00:00:00+09:00,1716.2917979065803,1734.2634397694762,1679.5316213688382,1681.9822998046875,67100,0.0,0.0
2019-04-05 00:00:00+09:00,1699.1373083726414,1707.3062377398176,1673.8136273343953,1688.5177001953125,130500,0.0,0.0
2019-04-08 00:00:00+09:00,1686.0669370514356,1713.024402614758,1675.4473294052782,1707.30615234375,68500,0.0,0.0
2019-04-09 00:00:00+09:00,1705.6725010612786,1716.2921095448976,1699.9542503393297,1713.8414306640625,54100,0.0,0.0
2019-04-10 00:00:00+09:00,1719.559514256902,1758.7703725392448,1712.207478328963,1752.2352294921875,69000,0.0,0.0
2019-04-11 00:00:00+09:00,1752.2354394784245,1764.4888341600918,1722.0103992636452,1734.2637939453125,88000,0.0,0.0
2019-04-12 00:00:00+09:00,1728.5454310268906,1748.1508612464772,1713.8413583622005,1739.1650390625,121200,0.0,0.0
2019-04-15 00:00:00+09:00,1765.3055872736372,1797.9813038358518,1760.4042297893052,1788.1785888671875,138000,0.0,0.0
2019-04-16 00:00:00+09:00,1788.1785396772052,1788.1785396772052,1753.8690382306804,1763.6717529296875,72500,0.0,0.0
2019-04-17 00:00:00+09:00,1791.4462496486537,1793.896928512742,1757.1367455514155,1771.02392578125,81300,0.0,0.0
2019-04-18 00:00:00+09:00,1782.4605313045672,1784.0943173094292,1685.2502640152713,1695.869873046875,107900,0.0,0.0
2019-04-19 00:00:00+09:00,1731.8128611943494,1757.9534326840753,1723.64393260381,1729.3621826171875,100700,0.0,0.0
2019-04-22 00:00:00+09:00,1729.36241425559,1753.8692033097552,1712.2076619176744,1722.8272705078125,32900,0.0,0.0
2019-04-23 00:00:00+09:00,1730.996058061856,1778.3758463429263,1730.996058061856,1774.2913818359375,106900,0.0,0.0
2019-04-24 00:00:00+09:00,1774.2914157350804,1826.572562423407,1774.2914157350804,1791.4461669921875,172300,0.0,0.0
2019-04-25 00:00:00+09:00,1764.488805542831,1793.080059336349,1762.8550196117728,1783.27734375,87400,0.0,0.0
2019-04-26 00:00:00+09:00,1784.9109036942014,1797.1642966257407,1766.1223678658414,1792.262939453125,82000,0.0,0.0
2019-05-07 00:00:00+09:00,1763.6718268369832,1782.4603641307538,1721.1933946945455,1739.1650390625,148300,0.0,0.0
2019-05-08 00:00:00+09:00,1698.320320700501,1714.6581785234976,1677.0811055306053,1702.40478515625,88400,0.0,0.0
2019-05-09 00:00:00+09:00,1695.0527883549366,1695.0527883549366,1646.0392137519023,1660.7432861328125,94000,0.0,0.0
2019-05-10 00:00:00+09:00,1638.6869859681065,1677.0809482515067,1607.64505901557,1626.43359375,189000,0.0,0.0
2019-05-13 00:00:00+09:00,1628.8845890311943,1644.4055555264765,1598.6595490140658,1600.2933349609375,160500,0.0,0.0
2019-05-14 00:00:00+09:00,1552.0965232575807,1612.5465983739284,1533.307986397094,1596.208740234375,96600,0.0,0.0
2019-05-15 00:00:00+09:00,1619.0816683615408,1620.7154541015625,1595.3917751312256,1620.7154541015625,65700,0.0,0.0
2019-05-16 00:00:00+09:00,1625.6169029798823,1644.405440049499,1598.6594367495625,1605.194580078125,97000,0.0,0.0
2019-05-17 00:00:00+09:00,1629.7013087472517,1665.6445957572162,1603.5607363763684,1637.0533447265625,98500,0.0,0.0
2019-05-20 00:00:00+09:00,1637.8703778939102,1655.0251299815773,1578.237192065354,1583.1385498046875,62200,0.0,0.0
2019-05-21 00:00:00+09:00,1558.631701017681,1574.9695595189146,1543.9276283665708,1552.0965576171875,93400,0.0,0.0
2019-05-22 00:00:00+09:00,1564.3499168622457,1610.9128125599732,1564.3499168622457,1596.208740234375,59300,0.0,0.0
2019-05-23 00:00:00+09:00,1591.3073795506211,1610.9128092781443,1575.7864143496654,1594.574951171875,66000,0.0,0.0
2019-05-24 00:00:00+09:00,1562.7162351882998,1588.0399169921875,1555.3641985355582,1588.0399169921875,44800,0.0,0.0
2019-05-27 00:00:00+09:00,1592.9411490349028,1606.0114353859583,1580.6877555807882,1586.406005859375,38200,0.0,0.0
2019-05-28 00:00:00+09:00,1572.518888547648,1620.715571365472,1572.518888547648,1618.264892578125,102200,0.0,0.0
2019-05-29 00:00:00+09:00,1622.34916861268,1646.8559536370408,1600.2930620907555,1645.22216796875,109400,0.0,0.0
2019-05-30 00:00:00+09:00,1630.5184079565183,1635.4197658962673,1579.8710425791114,1617.4481201171875,103900,0.0,0.0
2019-05-31 00:00:00+09:00,1606.0115397557076,1629.7014353065294,1576.6033935546875,1576.6033935546875,137900,0.0,0.0
2019-06-03 00:00:00+09:00,1553.7302977733123,1558.6316551795373,1512.8856527214377,1529.2235107421875,155800,0.0,0.0
2019-06-04 00:00:00+09:00,1529.2234038576555,1554.5470820198284,1515.3362255106576,1536.575439453125,94200,0.0,0.0
2019-06-05 00:00:00+09:00,1563.5329093328835,1600.2930874519952,1552.9133023206957,1598.6593017578125,105300,0.0,0.0
2019-06-06 00:00:00+09:00,1593.7580967953331,1593.7580967953331,1552.0965576171875,1552.0965576171875,69500,0.0,0.0
2019-06-07 00:00:00+09:00,1569.2512140806355,1582.321500090677,1544.7444278118073,1565.983642578125,108400,0.0,0.0
2019-06-10 00:00:00+09:00,1592.9412826741336,1655.842041015625,1584.7723530193944,1655.842041015625,173800,0.0,0.0
2019-06-11 00:00:00+09:00,1654.208207751194,1704.855570161354,1643.5885995039025,1694.2359619140625,279800,0.0,0.0
2019-06-12 00:00:00+09:00,1843.7272692533768,1917.2476300122619,1842.093483458735,1891.9239501953125,897300,0.0,0.0
2019-06-13 00:00:00+09:00,1917.2475635804522,1970.3456000664894,1900.092813331117,1919.6982421875,617800,0.0,0.0
2019-06-14 00:00:00+09:00,1929.5013827822506,1952.3743881666294,1880.4877998157242,1951.5574951171875,312000,0.0,0.0
2019-06-17 00:00:00+09:00,1968.711859831852,1984.2328247018957,1931.9516798764855,1941.75439453125,176700,0.0,0.0
2019-06-18 00:00:00+09:00,1945.839055132073,1957.275556715553,1911.5295503816335,1916.430908203125,146000,0.0,0.0
2019-06-19 00:00:00+09:00,1932.768597146739,1954.0078125,1920.515203673704,1954.0078125,151900,0.0,0.0
2019-06-20 00:00:00+09:00,1936.853061637751,1962.1767414820233,1929.5010255539298,1954.0078125,104600,0.0,0.0
2019-06-21 00:00:00+09:00,1982.599055635015,2013.640985636717,1927.867231684646,1949.92333984375,195300,0.0,0.0
2019-06-24 00:00:00+09:00,1942.5712287097244,1987.50033618619,1937.6698715304738,1972.7962646484375,99600,0.0,0.0
2019-06-25 00:00:00+09:00,1960.5431189903848,1985.8668009440105,1953.1910822941707,1975.2471923828125,108000,0.0,0.0
2019-06-26 00:00:00+09:00,1971.9794808274044,1989.951124811747,1963.8105517436125,1966.26123046875,111000,0.0,0.0
2019-06-27 00:00:00+09:00,1968.7118681452037,1982.599047298095,1942.5712956221137,1945.8388671875,124800,0.0,0.0
2019-06-28 00:00:00+09:00,1936.0361344600117,1967.0780640420708,1924.599634087674,1936.85302734375,126900,0.0,0.0
2019-07-01 00:00:00+09:00,1960.5429337163678,2007.1058283921316,1954.8246834930283,2003.8382568359375,177800,0.0,0.0
2019-07-02 00:00:00+09:00,1997.3032098331068,2016.9086401136772,1985.0498159077504,1990.76806640625,157300,0.0,0.0
2019-07-03 00:00:00+09:00,1994.852771166611,1997.3034502466683,1965.444622205924,1988.317626953125,116600,0.0,0.0
2019-07-04 00:00:00+09:00,1982.5992290790266,1994.0357306064705,1961.3600119566306,1975.2471923828125,110500,0.0,0.0
2019-07-05 00:00:00+09:00,1966.2610357375372,1994.0353918717608,1945.838715050608,1989.950927734375,132500,0.0,0.0
2019-07-08 00:00:00+09:00,2027.5282152623345,2047.9505381396746,1974.4301757812498,1974.43017578125,149800,0.0,0.0
2019-07-09 00:00:00+09:00,1962.176826511375,1998.1201155898516,1955.6416830425612,1997.30322265625,88300,0.0,0.0
2019-07-10 00:00:00+09:00,1971.9794470497575,2017.7254491354188,1959.7260536339554,2010.3734130859375,108600,0.0,0.0
2019-07-11 00:00:00+09:00,2037.3307736097418,2058.569987769266,2016.908452302507,2019.359130859375,139300,0.0,0.0
2019-07-12 00:00:00+09:00,2025.8942787247477,2032.4294215593436,2012.8239930555555,2021.809814453125,81800,0.0,0.0
2019-07-16 00:00:00+09:00,2021.8096381903865,2021.8096381903865,1962.9933578066662,1996.4859619140625,129700,0.0,0.0
2019-07-17 00:00:00+09:00,2001.3877096094702,2020.993140234216,1965.4444201307695,2008.73974609375,129700,0.0,0.0
2019-07-18 00:00:00+09:00,1984.2329004833239,1998.9369730270455,1958.909219991359,1979.33154296875,124400,0.0,0.0
2019-07-19 00:00:00+09:00,1979.3317520141602,2042.2325134277344,1978.514859008789,2025.8946533203125,124800,0.0,0.0
2019-07-22 00:00:00+09:00,2007.1061966949687,2034.063666980249,1991.585228954959,2004.655517578125,103400,0.0,0.0
2019-07-23 00:00:00+09:00,1995.6694045989047,2000.5707621214563,1976.0639745086985,1980.96533203125,91800,0.0,0.0
2019-07-24 00:00:00+09:00,1999.7539654601849,2002.2046443394252,1956.458638593604,1967.0782470703125,101800,0.0,0.0
2019-07-25 00:00:00+09:00,1964.6278626812416,1996.4866928868835,1955.6420387770863,1995.6697998046875,92600,0.0,0.0
2019-07-26 00:00:00+09:00,1989.1342482529349,1999.7538561491517,1954.0078529039097,1974.43017578125,82800,0.0,0.0
2019-07-29 00:00:00+09:00,1980.9655109718503,2030.7959836189773,1980.9655109718503,2011.1905517578125,131700,0.0,0.0
2019-07-30 00:00:00+09:00,2031.7797872091141,2036.7212864889093,2002.9543747436423,2007.8958740234375,87800,20.0,0.0
2019-07-31 00:00:00+09:00,2013.6604922811925,2040.015149030885,1998.8359978594904,2008.718994140625,95700,0.0,0.0
2019-08-01 00:00:00+09:00,2010.3668212890625,2035.8979034111276,1994.7187386981193,2010.3668212890625,73400,0.0,0.0
2019-08-02 00:00:00+09:00,1978.2469738383834,2012.8374704666983,1975.776224079218,2007.0723876953125,92800,0.0,0.0
2019-08-05 00:00:00+09:00,2002.1307897075837,2007.07228898288,1933.7733830659838,1979.89404296875,123600,0.0,0.0
2019-08-06 00:00:00+09:00,1910.7132023375157,1968.364031718389,1890.947203692645,1960.9517822265625,99200,0.0,0.0
2019-08-07 00:00:00+09:00,1942.0092369148147,1970.834649676485,1916.4781570401924,1924.7139892578125,126200,0.0,0.0
2019-08-08 00:00:00+09:00,1938.7151329312435,1984.012215476366,1935.4207996552345,1964.2462158203125,73200,0.0,0.0
2019-08-09 00:00:00+09:00,1978.2469332780686,2005.4251800716474,1956.0101859015042,1961.7752685546875,56500,0.0,0.0
2019-08-13 00:00:00+09:00,1932.949681229441,1964.245841385691,1928.0081822574014,1956.010009765625,75200,0.0,0.0
2019-08-14 00:00:00+09:00,1968.3639015381168,1989.7770653205398,1934.5969894196803,1952.7158203125,84000,0.0,0.0
2019-08-15 00:00:00+09:00,1889.2999673439826,1942.009295116439,1886.8292176046489,1934.5970458984375,61000,0.0,0.0
2019-08-16 00:00:00+09:00,1916.4783817951432,1939.5387147088793,1908.242548611666,1932.12646484375,44700,0.0,0.0
2019-08-19 00:00:00+09:00,1939.5386453028448,1978.2470598800141,1930.4792291252095,1965.893310546875,58100,0.0,0.0
2019-08-20 00:00:00+09:00,1961.775687599741,1971.658688544828,1942.8332691216578,1967.540771484375,45800,0.0,0.0
2019-08-21 00:00:00+09:00,1945.303391039801,1970.8344685682657,1933.773226994688,1942.8326416015625,89600,0.0,0.0
2019-08-22 00:00:00+09:00,1945.3036093523087,1955.1866082143865,1909.0659468580236,1914.0074462890625,54000,0.0,0.0
2019-08-23 00:00:00+09:00,1914.0072702261118,1914.0072702261118,1874.4752784142129,1884.3582763671875,103200,0.0,0.0
2019-08-26 00:00:00+09:00,1836.5906412182228,1869.533971105545,1832.4727249823075,1854.70947265625,180400,0.0,0.0
2019-08-27 00:00:00+09:00,1860.4746914178552,1874.4756076436647,1853.8860249586508,1871.1812744140625,93700,0.0,0.0
2019-08-28 00:00:00+09:00,1849.768062920083,1873.65197824719,1839.8850634743835,1845.650146484375,60900,0.0,0.0
2019-08-29 00:00:00+09:00,1843.179218528054,1843.179218528054,1764.9388138094814,1811.883056640625,129100,0.0,0.0
2019-08-30 00:00:00+09:00,1828.3547342655763,1858.0037299563694,1811.0594867792802,1852.2386474609375,74000,0.0,0.0
2019-09-02 00:00:00+09:00,1893.4180336446514,1893.4180336446514,1817.6483689663964,1823.4134521484375,49800,0.0,0.0
2019-09-03 00:00:00+09:00,1811.0595212326837,1845.6500168633215,1802.8236889396746,1837.4141845703125,59900,0.0,0.0
2019-09-04 00:00:00+09:00,1820.1189897540694,1842.3557375926937,1808.588824208116,1815.177490234375,120300,0.0,0.0
2019-09-05 00:00:00+09:00,1836.5907337871492,1883.5349812426953,1836.5907337871492,1849.76806640625,103500,0.0,0.0
2019-09-06 00:00:00+09:00,1839.8850529782962,1862.1218016042649,1833.29638671875,1833.29638671875,70700,0.0,0.0
2019-09-09 00:00:00+09:00,1834.1199916561482,1852.2388240838245,1821.7662422736414,1830.0020751953125,206400,0.0,0.0
2019-09-10 00:00:00+09:00,1851.41500187262,1883.5347461221895,1809.4122593924137,1838.2376708984375,333400,0.0,0.0
2019-09-11 00:00:00+09:00,1920.5962364250886,1922.2434030086436,1714.700413480718,1741.878662109375,1081900,0.0,0.0
2019-09-12 00:00:00+09:00,1783.0574737263619,1786.3518062413295,1755.055647349135,1762.4678955078125,382300,0.0,0.0
2019-09-13 00:00:00+09:00,1770.7040082545802,1801.1765888617522,1764.9389254370071,1775.6455078125,295400,0.0,0.0
2019-09-17 00:00:00+09:00,1781.4105768497973,1822.5897395139166,1757.526662504608,1815.177490234375,176400,0.0,0.0
2019-09-18 00:00:00+09:00,1711.4058140258483,1727.8774772984743,1629.0474976627181,1641.4012451171875,619600,0.0,0.0
2019-09-19 00:00:00+09:00,1623.2826417780498,1718.8183020754896,1619.1647253859187,1708.935302734375,400100,0.0,0.0
2019-09-20 00:00:00+09:00,1717.1711174494474,1739.4078657329653,1706.4645349425682,1716.3475341796875,220500,0.0,0.0
2019-09-24 00:00:00+09:00,1721.2891724732547,1787.9994226982947,1720.465589137143,1736.937255859375,150900,0.0,0.0
2019-09-25 00:00:00+09:00,1719.6417410714287,1723.7596571180557,1683.404079861111,1712.2294921875,132800,0.0,0.0
2019-09-26 00:00:00+09:00,1721.2889250971843,1723.759674750434,1694.1106789114394,1704.8172607421875,121900,0.0,0.0
2019-09-27 00:00:00+09:00,1714.7004222434068,1722.9362552032694,1671.0505075561346,1694.11083984375,95200,0.0,0.0
2019-09-30 00:00:00+09:00,1680.9332577239416,1698.2285043737224,1656.2257625099687,1661.9908447265625,139100,0.0,0.0
2019-10-01 00:00:00+09:00,1666.1088516706347,1717.1710112374067,1666.1088516706347,1680.933349609375,113700,0.0,0.0
2019-10-02 00:00:00+09:00,1680.9333557219686,1685.8748550528514,1649.6371932930442,1661.1673583984375,113200,0.0,0.0
2019-10-03 00:00:00+09:00,1632.3420085626349,1638.1070913375786,1599.3986784200993,1623.2825927734375,160800,0.0,0.0
2019-10-04 00:00:00+09:00,1630.6948028072234,1638.1070519108926,1594.4571405226184,1633.9891357421875,140200,0.0,0.0
2019-10-07 00:00:00+09:00,1632.3418777987156,1632.3418777987156,1587.8683856689827,1615.046630859375,107200,0.0,0.0
2019-10-08 00:00:00+09:00,1647.9900283255502,1694.9342720109855,1639.7541961000352,1689.169189453125,197300,0.0,0.0
2019-10-09 00:00:00+09:00,1682.5804431576528,1708.935105018174,1671.873861776816,1706.46435546875,150100,0.0,0.0
2019-10-10 00:00:00+09:00,1704.8173540691998,1708.1116871205413,1678.4626896584682,1699.8758544921875,136500,0.0,0.0
2019-10-11 00:00:00+09:00,1697.4051913619041,1703.9938578009605,1672.6976922154427,1686.6986083984375,137300,0.0,0.0
2019-10-15 00:00:00+09:00,1716.3476142549653,1722.9362807204354,1689.9929483930848,1694.9344482421875,131600,0.0,0.0
2019-10-16 00:00:00+09:00,1723.7598243529853,1725.40699093144,1676.8155768670226,1677.63916015625,154900,0.0,0.0
2019-10-17 00:00:00+09:00,1689.9928770225351,1724.5833745054526,1634.8127977045478,1668.5797119140625,350300,0.0,0.0
2019-10-18 00:00:00+09:00,1665.2853387051703,1669.4032549729873,1605.163761195043,1623.2825927734375,202200,0.0,0.0
2019-10-21 00:00:00+09:00,1622.4592565621442,1640.5780908993866,1616.6941729093853,1627.4007568359375,134700,0.0,0.0
2019-10-23 00:00:00+09:00,1624.1060123697916,1627.4003450520834,1584.5740201822916,1605.9871826171875,190100,0.0,0.0
2019-10-24 00:00:00+09:00,1612.5761000029895,1622.4590995944277,1606.811016907984,1614.2232666015625,94200,0.0,0.0
2019-10-25 00:00:00+09:00,1624.9298494922873,1627.4005993901467,1607.6346002072705,1614.2232666015625,82200,0.0,0.0
2019-10-28 00:00:00+09:00,1626.5770699326981,1629.871403238891,1615.8704866875714,1619.9884033203125,102000,0.0,0.0
2019-10-29 00:00:00+09:00,1623.2824667293203,1631.5182986254608,1614.2230516435657,1619.16455078125,76800,0.0,0.0
2019-10-30 00:00:00+09:00,1613.3996833022761,1623.2826828937143,1601.869517112265,1614.2232666015625,145100,0.0,0.0
2019-10-31 00:00:00+09:00,1630.6948028072234,1639.7542183783746,1616.6938878336261,1633.9891357421875,77300,0.0,0.0
2019-11-01 00:00:00+09:00,1621.6352678498995,1627.4003500616564,1577.9853596751689,1586.22119140625,142900,0.0,0.0
2019-11-05 00:00:00+09:00,1606.8109919113308,1618.3411579219708,1596.104409187165,1613.399658203125,121400,0.0,0.0
2019-11-06 00:00:00+09:00,1629.0476751056724,1629.0476751056724,1594.4571784654104,1595.28076171875,93800,0.0,0.0
2019-11-07 00:00:00+09:00,1599.398962470748,1620.8121308663399,1587.0452114732911,1616.6942138671875,87600,0.0,0.0
2019-11-08 00:00:00+09:00,1630.6947661609186,1643.8720976046432,1611.7523522105644,1620.811767578125,112100,0.0,0.0
2019-11-11 00:00:00+09:00,1651.284340548228,1671.8739208543157,1632.3419266666274,1640.5777587890625,176100,0.0,0.0
2019-11-12 00:00:00+09:00,1639.7542221353185,1640.5778053709464,1610.928808888339,1638.1070556640625,160100,0.0,0.0
2019-11-13 00:00:00+09:00,1638.9306819324597,1652.1080140484996,1627.400516330925,1631.5184326171875,109800,0.0,0.0
2019-11-14 00:00:00+09:00,1642.2249830173637,1661.1673975657086,1639.7542332936666,1650.4608154296875,119400,0.0,0.0
2019-11-15 00:00:00+09:00,1661.1674123771577,1671.050411360066,1652.1079966428251,1666.9324951171875,106600,0.0,0.0
2019-11-18 00:00:00+09:00,1671.874082308289,1750.1144950271498,1671.874082308289,1741.878662109375,339400,0.0,0.0
2019-11-19 00:00:00+09:00,1750.9381892787549,1808.5890233566067,1750.1146059347857,1789.6466064453125,227300,0.0,0.0
2019-11-20 00:00:00+09:00,1788.8228152481156,1817.648228937657,1782.2341492619348,1802.82373046875,182400,0.0,0.0
2019-11-21 00:00:00+09:00,1781.4105448377118,1807.7652084691526,1755.8794644447532,1806.1180419921875,133300,0.0,0.0
2019-11-22 00:00:00+09:00,1791.2934997305103,1818.471745933318,1770.7039192738378,1784.704833984375,103300,0.0,0.0
2019-11-25 00:00:00+09:00,1807.7652913299055,1814.353957539764,1782.2342097667042,1788.8228759765625,80000,0.0,0.0
2019-11-26 00:00:00+09:00,1797.8821594711853,1804.4708251953125,1770.703913359161,1804.4708251953125,165200,0.0,0.0
2019-11-27 00:00:00+09:00,1797.0585589044745,1818.4717223011364,1777.2925619229404,1811.883056640625,112000,0.0,0.0
2019-11-28 00:00:00+09:00,1824.2366648821228,1824.2366648821228,1795.411254827552,1819.295166015625,57000,0.0,0.0
2019-11-29 00:00:00+09:00,1838.2377602114757,1846.4735924704878,1812.7066802085385,1829.1783447265625,140700,0.0,0.0
2019-12-02 00:00:00+09:00,1838.2379106659112,1872.8284089848933,1838.2379106659112,1862.121826171875,107500,0.0,0.0
2019-12-03 00:00:00+09:00,1821.7658743990385,1874.4751944539835,1821.7658743990385,1873.651611328125,73300,0.0,0.0
2019-12-04 00:00:00+09:00,1871.1809667797725,1888.4762133917334,1860.4743855437966,1881.06396484375,93400,0.0,0.0
2019-12-05 00:00:00+09:00,1883.535200278871,1889.3002839701487,1867.0635325895062,1876.946533203125,102400,0.0,0.0
2019-12-06 00:00:00+09:00,1853.8858253829471,1867.8867401015211,1846.4735764142904,1864.5924072265625,103700,0.0,0.0
2019-12-09 00:00:00+09:00,1864.5925367082866,1867.8868698120116,1836.590705326625,1844.8265380859375,68800,0.0,0.0
2019-12-10 00:00:00+09:00,1844.0026272095529,1886.0053668199535,1830.8252971357017,1881.887451171875,177800,0.0,0.0
2019-12-11 00:00:00+09:00,1851.415186375229,1871.1811848062814,1790.4700245461513,1796.235107421875,259000,0.0,0.0
2019-12-12 00:00:00+09:00,1790.4701008357558,1797.882350563227,1755.8796021075582,1770.7041015625,123600,0.0,0.0
2019-12-13 00:00:00+09:00,1797.8823412423585,1802.0002577362714,1723.7598443519269,1730.3485107421875,151800,0.0,0.0
2019-12-16 00:00:00+09:00,1736.1136223748222,1761.6447050568047,1732.819289125534,1735.2900390625,97000,0.0,0.0
2019-12-17 00:00:00+09:00,1752.5851625504033,1792.1171586981568,1735.2899142357612,1787.1756591796875,100800,0.0,0.0
2019-12-18 00:00:00+09:00,1768.2331970985274,1777.2926126402526,1751.7615324772091,1761.64453125,68400,0.0,0.0
2019-12-19 00:00:00+09:00,1782.2340610559488,1794.5878091686286,1754.232232000541,1759.997314453125,82900,0.0,0.0
2019-12-20 00:00:00+09:00,1741.0549856255159,1762.4681500655647,1718.8182379377727,1746.820068359375,139000,0.0,0.0
2019-12-23 00:00:00+09:00,1736.9372745186943,1741.0551912434896,1722.1127743094307,1729.5250244140625,64000,0.0,0.0
2019-12-24 00:00:00+09:00,1727.0542460881536,1728.7014127510895,1706.4646628014566,1724.58349609375,72700,0.0,0.0
2019-12-25 00:00:00+09:00,1709.7590457828899,1734.4665464444925,1707.2882957167296,1726.230712890625,72300,0.0,0.0
2019-12-26 00:00:00+09:00,1729.525036791206,1732.819370194618,1696.581702757088,1713.876953125,123500,0.0,0.0
2019-12-27 00:00:00+09:00,1729.5249389296648,1740.2315218849437,1714.700439453125,1714.700439453125,72300,0.0,0.0
2019-12-30 00:00:00+09:00,1726.230416603459,1726.230416603459,1693.287088042324,1696.5814208984375,58000,0.0,0.0
2020-01-06 00:00:00+09:00,1663.6380693407482,1680.9333165962707,1652.9314877063769,1671.8739013671875,83800,0.0,0.0
2020-01-07 00:00:00+09:00,1693.2872204442772,1717.9947187970633,1689.1693040521461,1708.935302734375,114800,0.0,0.0
2020-01-08 00:00:00+09:00,1699.0521068204785,1720.465269582152,1678.4625272419462,1706.46435546875,134600,0.0,0.0
2020-01-09 00:00:00+09:00,1759.1737964624824,1787.1756265559864,1751.7615473200844,1778.1162109375,134100,0.0,0.0
2020-01-10 00:00:00+09:00,1803.6473604221467,1820.1190258141298,1783.881361951767,1800.35302734375,102300,0.0,0.0
2020-01-14 00:00:00+09:00,1830.8254800888308,1856.3565596582207,1816.8245654862621,1848.1207275390625,195800,0.0,0.0
2020-01-15 00:00:00+09:00,1852.2386416071479,1873.6518050939358,1852.2386416071479,1872.004638671875,128400,0.0,0.0
2020-01-16 00:00:00+09:00,1886.0055037288455,1930.4789959565126,1886.0055037288455,1922.2431640625,193700,0.0,0.0
2020-01-17 00:00:00+09:00,1929.6553586954858,1939.5383566913654,1890.946949878291,1892.5941162109375,173900,0.0,0.0
2020-01-20 00:00:00+09:00,1900.006461967631,1909.889460469413,1891.7706298828125,1891.7706298828125,114500,0.0,0.0
2020-01-21 00:00:00+09:00,1890.123447825315,1900.0064462453165,1871.1810341869784,1875.2989501953125,105600,0.0,0.0
2020-01-22 00:00:00+09:00,1884.3580855582525,1896.711831748538,1861.2977593363858,1866.2392578125,82600,0.0,0.0
2020-01-23 00:00:00+09:00,1863.769007602585,1871.181257301402,1843.1794251058705,1850.5916748046875,72500,0.0,0.0
2020-01-24 00:00:00+09:00,1837.4141281615655,1838.2377113655823,1797.0585511647403,1803.647216796875,113000,0.0,0.0
2020-01-27 00:00:00+09:00,1767.409678643446,1791.2935932197088,1749.2908468959363,1751.7615966796875,101900,0.0,0.0
2020-01-28 00:00:00+09:00,1729.5247415090362,1751.7614881855811,1714.700243724673,1740.2313232421875,97300,0.0,0.0
2020-01-29 00:00:00+09:00,1750.9379187261793,1755.8794180264413,1714.7002571909243,1728.701171875,194000,0.0,0.0
2020-01-30 00:00:00+09:00,1724.5436544573138,1728.7011849646842,1657.1916602379104,1690.451904296875,142700,20.0,0.0
2020-01-31 00:00:00+09:00,1680.4738518903796,1729.5327124849034,1673.821802996207,1721.2176513671875,148800,0.0,0.0
2020-02-03 00:00:00+09:00,1669.6643627237597,1707.082139776832,1658.8547826862055,1701.2615966796875,83700,0.0,0.0
2020-02-04 00:00:00+09:00,1690.4521405200644,1717.891845703125,1685.4631032140535,1717.891845703125,63100,0.0,0.0
2020-02-05 00:00:00+09:00,1745.3314306710847,1750.3204676334603,1725.375282821582,1734.5218505859375,68000,0.0,0.0
2020-02-06 00:00:00+09:00,1745.3314495904235,1766.950609995069,1734.5218693881006,1765.28759765625,82700,0.0,0.0
2020-02-07 00:00:00+09:00,1787.7382778113997,1789.401290162852,1752.815018430898,1771.108154296875,57000,0.0,0.0
2020-02-10 00:00:00+09:00,1768.6134516314337,1785.243573414522,1753.6463420266543,1766.950439453125,77500,0.0,0.0
2020-02-12 00:00:00+09:00,1774.434153803541,1782.7492154427327,1756.141018197319,1767.7821044921875,74900,0.0,0.0
2020-02-13 00:00:00+09:00,1779.422964954828,1779.422964954828,1737.8476620353229,1754.477783203125,57500,0.0,0.0
2020-02-14 00:00:00+09:00,1733.6901687238387,1742.8367355612306,1712.9025168206751,1719.5545654296875,54000,0.0,0.0
2020-02-17 00:00:00+09:00,1702.924504950495,1702.924504950495,1661.349199653852,1679.642333984375,98600,0.0,0.0
2020-02-18 00:00:00+09:00,1657.19179036292,1659.6863088632153,1610.6274450240724,1627.257568359375,178500,0.0,0.0
2020-02-19 00:00:00+09:00,1624.7629669933783,1653.86568134587,1624.7629669933783,1636.404052734375,71900,0.0,0.0
2020-02-20 00:00:00+09:00,1649.7081438660991,1654.6971805915007,1608.9643439419867,1611.4588623046875,83700,0.0,0.0
2020-02-21 00:00:00+09:00,1611.458846350209,1651.3711397582638,1609.7958341248734,1641.39306640625,99100,0.0,0.0
2020-02-25 00:00:00+09:00,1551.5905673833295,1580.6932843492548,1546.601530189171,1570.7152099609375,122200,0.0,0.0
2020-02-26 00:00:00+09:00,1556.5793284619272,1556.5793284619272,1509.1834835247853,1542.4437255859375,127800,0.0,0.0
2020-02-27 00:00:00+09:00,1523.319329398019,1533.2974036080495,1481.7440201895577,1490.05908203125,150600,0.0,0.0
2020-02-28 00:00:00+09:00,1434.3480006213435,1449.3151101930446,1379.46859885844,1403.582275390625,157200,0.0,0.0
2020-03-02 00:00:00+09:00,1371.9850265511616,1475.9232861383707,1371.9850265511616,1460.9561767578125,206700,0.0,0.0
2020-03-03 00:00:00+09:00,1492.5535050792807,1500.0370602579512,1399.4248184113812,1405.245361328125,155000,0.0,0.0
2020-03-04 00:00:00+09:00,1387.7838894185902,1423.5386570908486,1379.4688271692278,1406.0770263671875,148500,0.0,0.0
2020-03-05 00:00:00+09:00,1439.3369085336897,1439.3369085336897,1378.6369695833953,1395.26708984375,124100,0.0,0.0
2020-03-06 00:00:00+09:00,1365.333248772633,1368.6592737391923,1337.062036556878,1340.3880615234375,129200,0.0,0.0
2020-03-09 00:00:00+09:00,1274.6988778744103,1291.3290002211086,1223.1454985996463,1233.955078125,160000,0.0,0.0
2020-03-10 00:00:00+09:00,1160.7823692101451,1246.4274867091744,1148.309779283102,1238.1124267578125,296600,0.0,0.0
2020-03-11 00:00:00+09:00,1238.1126393531194,1264.7208357663499,1209.8414306640625,1209.8414306640625,194400,0.0,0.0
2020-03-12 00:00:00+09:00,1179.0756767338908,1189.0537501618223,1128.3538034752396,1154.1304931640625,303000,0.0,0.0
2020-03-13 00:00:00+09:00,1079.2948387591948,1095.9249595413087,1006.9538133569991,1052.6866455078125,366200,0.0,0.0
2020-03-16 00:00:00+09:00,1065.9907022779,1089.2728705023783,1014.4373297808409,1016.100341796875,263800,0.0,0.0
2020-03-17 00:00:00+09:00,972.0309083983552,1030.2363520150232,939.6021612404974,987.8295288085938,457000,0.0,0.0
2020-03-18 00:00:00+09:00,994.4813345350358,1011.1114571861234,940.4334359190012,943.7594604492188,374500,0.0,0.0
2020-03-19 00:00:00+09:00,939.6019884053023,939.6019884053023,835.6637153516184,870.5869750976562,356900,0.0,0.0
2020-03-23 00:00:00+09:00,862.2717039834646,952.0743501071041,859.7771860355857,945.4223022460938,258700,0.0,0.0
2020-03-24 00:00:00+09:00,970.3676510372677,1015.2689819335938,961.2210836324606,1015.2689819335938,228200,0.0,0.0
2020-03-25 00:00:00+09:00,1139.994896493307,1144.9839332394483,1052.6867534358328,1090.93603515625,206300,0.0,0.0
2020-03-26 00:00:00+09:00,1101.7455633432587,1101.7455633432587,1043.540137355313,1084.283935546875,189500,0.0,0.0
2020-03-27 00:00:00+09:00,1129.185307340802,1189.88525390625,1115.0497033461086,1189.88525390625,268000,0.0,0.0
2020-03-30 00:00:00+09:00,1164.9402198184243,1217.3251119301738,1110.060809034687,1149.1416015625,290100,0.0,0.0
2020-03-31 00:00:00+09:00,1158.2878458064838,1171.591941666429,1123.3645941741274,1139.1632080078125,136300,0.0,0.0
2020-04-01 00:00:00+09:00,1125.8592529296875,1164.9400394050901,1110.0606371204822,1125.8592529296875,174900,0.0,0.0
2020-04-02 00:00:00+09:00,1100.9142827772557,1122.5334454299812,1080.9581326362782,1105.9033203125,115500,0.0,0.0
2020-04-03 00:00:00+09:00,1089.2732027273396,1100.9142903900745,1047.6978896461433,1061.83349609375,120300,0.0,0.0
2020-04-06 00:00:00+09:00,1039.3826069276026,1094.26200857338,1034.39357041435,1084.283935546875,130500,0.0,0.0
2020-04-07 00:00:00+09:00,1109.2292035758321,1135.0058942136511,1085.115525237227,1127.5223388671875,142700,0.0,0.0
2020-04-08 00:00:00+09:00,1141.6578088779422,1174.9180509428495,1101.7455184000535,1165.771484375,146300,0.0,0.0
2020-04-09 00:00:00+09:00,1182.401965884963,1194.0430541566855,1149.9732199851644,1193.2115478515625,101900,0.0,0.0
2020-04-10 00:00:00+09:00,1196.537365161609,1197.3688713222493,1149.9730201657437,1194.0428466796875,110900,0.0,0.0
2020-04-13 00:00:00+09:00,1196.537365161609,1214.8305006956987,1186.5592912339234,1194.0428466796875,93900,0.0,0.0
2020-04-14 00:00:00+09:00,1197.368895022455,1260.5633644819736,1189.053833251466,1249.7537841796875,155100,0.0,0.0
2020-04-15 00:00:00+09:00,1260.5632362082772,1270.5413093181053,1221.4824498614507,1233.12353515625,140900,0.0,0.0
2020-04-16 00:00:00+09:00,1247.2591985681336,1281.3509499956626,1223.9770268615284,1273.035888671875,116800,0.0,0.0
2020-04-17 00:00:00+09:00,1288.8346211074868,1311.2852887009722,1278.0250404143273,1300.4757080078125,117900,0.0,0.0
2020-04-20 00:00:00+09:00,1295.4865782615218,1320.4317626953125,1283.8454921924197,1320.4317626953125,90200,0.0,0.0
2020-04-21 00:00:00+09:00,1307.1276409474374,1307.1276409474374,1218.9879908581063,1228.966064453125,195400,0.0,0.0
2020-04-22 00:00:00+09:00,1203.1895494693988,1203.1895494693988,1159.951224263864,1191.5484619140625,182300,0.0,0.0
2020-04-23 00:00:00+09:00,1198.200306211381,1244.7646484375,1198.200306211381,1244.7646484375,130900,0.0,0.0
2020-04-24 00:00:00+09:00,1247.2589519306337,1270.5411190333389,1226.4713027317898,1256.405517578125,156300,0.0,0.0
2020-04-27 00:00:00+09:00,1288.834387498237,1307.1275207401475,1268.8782421434255,1289.6658935546875,236000,0.0,0.0
2020-04-28 00:00:00+09:00,1290.497636274858,1322.0948722145774,1280.5195617675781,1317.1058349609375,156600,0.0,0.0
2020-04-30 00:00:00+09:00,1350.3659637213182,1396.9303072979153,1346.2084330448363,1386.1207275390625,202800,0.0,0.0
2020-05-01 00:00:00+09:00,1371.9852597619652,1380.3003219423408,1331.241455078125,1331.241455078125,161400,0.0,0.0
2020-05-07 00:00:00+09:00,1338.7248757638051,1389.4467499387072,1337.0618634957755,1377.8056640625,118700,0.0,0.0
2020-05-08 00:00:00+09:00,1408.5713814558383,1409.4028875842066,1378.6371608345808,1388.615234375,108100,0.0,0.0
2020-05-11 00:00:00+09:00,1407.7399551624696,1435.1796589547682,1399.4248934072277,1415.2235107421875,120100,0.0,0.0
2020-05-12 00:00:00+09:00,1425.2017216529869,1436.8428092277486,1411.8976215675448,1429.3592529296875,98400,0.0,0.0
2020-05-13 00:00:00+09:00,1405.2453202126887,1432.6850217316346,1396.9302591463413,1431.853515625,72900,0.0,0.0
2020-05-14 00:00:00+09:00,1422.7069952992986,1422.7069952992986,1377.8056640625,1377.8056640625,89000,0.0,0.0
2020-05-15 00:00:00+09:00,1399.4249297683546,1420.2125846965832,1377.8057686429968,1416.0550537109375,129000,0.0,0.0
2020-05-18 00:00:00+09:00,1424.3699582536644,1441.8315864634292,1421.043933832757,1423.5384521484375,74200,0.0,0.0
2020-05-19 00:00:00+09:00,1455.1359487032328,1463.4510112672513,1426.86473598557,1445.9893798828125,101400,0.0,0.0
2020-05-20 00:00:00+09:00,1445.9890476835697,1480.0807963638608,1438.5054930952128,1474.26025390625,106200,0.0,0.0
2020-05-21 00:00:00+09:00,1496.7110888921422,1498.3741012131334,1451.809756225378,1464.2823486328125,129800,0.0,0.0
2020-05-22 00:00:00+09:00,1469.2712904235627,1471.7658087434668,1423.5384545586526,1431.853515625,115400,0.0,0.0
2020-05-25 00:00:00+09:00,1470.1028704452729,1477.58642578125,1452.641241327993,1477.58642578125,80800,0.0,0.0
2020-05-26 00:00:00+09:00,1499.205606962505,1519.1617548089278,1471.7659036736738,1516.667236328125,114800,0.0,0.0
2020-05-27 00:00:00+09:00,1517.4987595123835,1548.264487787429,1493.3850805941045,1539.117919921875,172000,0.0,0.0
2020-05-28 00:00:00+09:00,1556.5794984400434,1556.5794984400434,1498.3740684770075,1532.4658203125,166000,0.0,0.0
2020-05-29 00:00:00+09:00,1546.6015638055649,1559.0741570620612,1539.9495140687666,1554.9166259765625,163100,0.0,0.0
2020-06-01 00:00:00+09:00,1554.916452910819,1608.1328448820984,1550.7589222880629,1592.334228515625,139900,0.0,0.0
2020-06-02 00:00:00+09:00,1603.1438780492665,1633.9096059993822,1588.1767671546156,1629.7520751953125,164300,0.0,0.0
2020-06-03 00:00:00+09:00,1634.741043146307,1643.8876105291195,1590.671218483665,1600.6492919921875,175000,0.0,0.0
2020-06-04 00:00:00+09:00,1616.4478258716324,1621.4368623712362,1557.410893959654,1574.041015625,129200,0.0,0.0
2020-06-05 00:00:00+09:00,1554.916501937374,1557.41102038968,1529.1398112635459,1546.6014404296875,107300,0.0,0.0
2020-06-08 00:00:00+09:00,1579.8616502585198,1598.15478515625,1556.5794785704995,1598.15478515625,129800,0.0,0.0
2020-06-09 00:00:00+09:00,1596.4918310828527,1598.1548434068973,1560.737066115893,1585.6822509765625,91000,0.0,0.0
2020-06-10 00:00:00+09:00,1569.8837583085958,1613.9535883882334,1563.2317084852543,1610.6275634765625,164000,0.0,0.0
2020-06-11 00:00:00+09:00,1610.62758506723,1650.5398845423085,1585.682397895306,1589.0084228515625,283800,0.0,0.0
2020-06-12 00:00:00+09:00,1431.8534939662584,1487.5644022680815,1425.201445213802,1480.912353515625,314100,0.0,0.0
2020-06-15 00:00:00+09:00,1482.5754783802265,1511.6781938840447,1437.674145888621,1439.337158203125,171000,0.0,0.0
2020-06-16 00:00:00+09:00,1472.5974708504993,1494.2166319132396,1445.1577664247136,1460.1248779296875,145000,0.0,0.0
2020-06-17 00:00:00+09:00,1476.7548761007301,1476.7548761007301,1431.0220392845476,1451.8096923828125,144300,0.0,0.0
2020-06-18 00:00:00+09:00,1430.1905983560816,1445.1577092691105,1399.4248703681892,1420.2125244140625,177100,0.0,0.0
2020-06-19 00:00:00+09:00,1406.0767538381178,1441.0000085165334,1396.9301871366279,1430.1904296875,212000,0.0,0.0
2020-06-22 00:00:00+09:00,1409.4029443102083,1425.2015613850722,1395.2673395590145,1420.2125244140625,77300,0.0,0.0
2020-06-23 00:00:00+09:00,1440.1685587099544,1471.7657903675629,1429.3589794586671,1453.47265625,146500,0.0,0.0
2020-06-24 00:00:00+09:00,1462.6193227561334,1478.4179396591273,1445.157693547561,1458.4617919921875,104500,0.0,0.0
2020-06-25 00:00:00+09:00,1489.2274515171243,1501.7000432383734,1460.9562436156268,1481.743896484375,193500,0.0,0.0
2020-06-26 00:00:00+09:00,1496.7110533633474,1500.8685840671344,1458.4617708885064,1471.765869140625,134300,0.0,0.0
2020-06-29 00:00:00+09:00,1487.5643656307345,1487.5643656307345,1440.1685194367983,1444.3260498046875,102900,0.0,0.0
2020-06-30 00:00:00+09:00,1453.472719152114,1465.9453111356847,1411.0659064079734,1413.5604248046875,175900,0.0,0.0
2020-07-01 00:00:00+09:00,1414.3920326984355,1472.5974661428156,1413.560526506373,1435.1796875,182300,0.0,0.0
2020-07-02 00:00:00+09:00,1428.5275426146952,1436.0110978437592,1363.6700639628057,1394.435791015625,190200,0.0,0.0
2020-07-03 00:00:00+09:00,1401.9193579014056,1406.9083947622648,1371.9851367362512,1391.9412841796875,83100,0.0,0.0
2020-07-06 00:00:00+09:00,1394.4359392180802,1412.7290761666775,1390.2784080933989,1406.0770263671875,79600,0.0,0.0
2020-07-07 00:00:00+09:00,1417.717894111127,1453.47265625,1402.7507843785756,1453.47265625,118900,0.0,0.0
2020-07-08 00:00:00+09:00,1443.4946220371116,1450.1466709865915,1418.5494384765625,1418.5494384765625,118800,0.0,0.0
2020-07-09 00:00:00+09:00,1411.0657465838003,1416.0547828121462,1376.9739990234375,1376.9739990234375,126200,0.0,0.0
2020-07-10 00:00:00+09:00,1366.9960665028534,1366.9960665028534,1311.28515625,1311.28515625,207100,0.0,0.0
2020-07-13 00:00:00+09:00,1329.57831336712,1352.8604852084457,1315.4427090348868,1350.365966796875,114800,0.0,0.0
2020-07-14 00:00:00+09:00,1320.4318597966976,1327.0839094682174,1276.3620307228782,1317.1058349609375,249300,0.0,0.0
2020-07-15 00:00:00+09:00,1334.56735962596,1339.556396484375,1313.779706049232,1339.556396484375,102100,0.0,0.0
2020-07-16 00:00:00+09:00,1317.1056135634506,1327.9151924626456,1297.9809739725672,1312.1165771484375,154800,0.0,0.0
2020-07-17 00:00:00+09:00,1327.083798142493,1341.2194025086724,1302.138613966882,1314.6112060546875,68300,0.0,0.0
2020-07-20 00:00:00+09:00,1313.7798467690259,1327.0839464831427,1303.8017719834384,1317.9373779296875,47700,0.0,0.0
2020-07-21 00:00:00+09:00,1322.094534061131,1338.7246539864284,1313.7794740984825,1328.74658203125,101800,0.0,0.0
2020-07-22 00:00:00+09:00,1328.74658203125,1333.735618008839,1315.4424860910121,1328.74658203125,72600,0.0,0.0
2020-07-27 00:00:00+09:00,1315.4426547937226,1329.5782585430861,1295.4865083240327,1327.083740234375,63900,0.0,0.0
2020-07-28 00:00:00+09:00,1327.0837725903614,1329.5782909598922,1309.622144003646,1311.28515625,106000,0.0,0.0
2020-07-29 00:00:00+09:00,1312.1165570788503,1327.083666094959,1276.3617966514798,1289.6658935546875,296200,0.0,0.0
2020-07-30 00:00:00+09:00,1311.5676701460447,1352.84372399136,1310.725301700222,1328.4150390625,131100,20.0,0.0
2020-07-31 00:00:00+09:00,1332.6267576186094,1332.6267576186094,1263.5525514715007,1272.818603515625,79200,0.0,0.0
2020-08-03 00:00:00+09:00,1289.6661088753488,1309.8829518622908,1277.0305820085098,1302.3016357421875,66100,0.0,0.0
2020-08-04 00:00:00+09:00,1324.2034975128465,1338.5237643434562,1309.883230682237,1321.6763916015625,86500,0.0,0.0
2020-08-05 00:00:00+09:00,1324.2031082467445,1357.897843825542,1315.779424352045,1350.3165283203125,70500,0.0,0.0
2020-08-06 00:00:00+09:00,1348.631819564089,1350.3165563780353,1334.3115566455447,1337.6810302734375,50000,0.0,0.0
2020-08-07 00:00:00+09:00,1330.942005050152,1340.2080569840452,1314.937006255245,1317.464111328125,57200,0.0,0.0
2020-08-11 00:00:00+09:00,1314.0948369402538,1329.25746967418,1312.4100999698176,1319.1490478515625,114500,0.0,0.0
2020-08-12 00:00:00+09:00,1315.7795209099265,1366.3216279871324,1315.7795209099265,1360.425048828125,139000,0.0,0.0
2020-08-13 00:00:00+09:00,1389.0654850338715,1411.8094317263606,1389.0654850338715,1400.858642578125,177400,0.0,0.0
2020-08-14 00:00:00+09:00,1400.8586204232743,1421.9178299906716,1400.8586204232743,1410.967041015625,107300,0.0,0.0
2020-08-17 00:00:00+09:00,1404.2282286448847,1404.2282286448847,1375.5877008860807,1387.380859375,71800,0.0,0.0
2020-08-18 00:00:00+09:00,1389.9078151675697,1424.4449184535517,1384.011236557768,1418.54833984375,87100,0.0,0.0
2020-08-19 00:00:00+09:00,1416.8636033839666,1440.4499178279327,1416.0212350109678,1437.0804443359375,98900,0.0,0.0
2020-08-20 00:00:00+09:00,1437.0806521383413,1444.6619685915916,1411.8095972941735,1417.7061767578125,58600,0.0,0.0
2020-08-21 00:00:00+09:00,1424.4451725499769,1446.3467541503906,1424.4451725499769,1432.0264892578125,50700,0.0,0.0
2020-08-24 00:00:00+09:00,1432.0262007931844,1438.7651476204467,1423.602517259107,1433.7109375,42300,0.0,0.0
2020-08-25 00:00:00+09:00,1438.7652709960937,1448.0313236781528,1412.6518498012,1415.178955078125,65800,0.0,0.0
2020-08-26 00:00:00+09:00,1415.178905310433,1421.0754840825598,1392.434958617944,1400.858642578125,82700,0.0,0.0
2020-08-27 00:00:00+09:00,1398.3315151268393,1398.3315151268393,1370.5333585008239,1373.90283203125,104900,0.0,0.0
2020-08-28 00:00:00+09:00,1384.0112072822103,1395.804364252357,1337.6809477566342,1357.055419921875,113800,0.0,0.0
2020-08-31 00:00:00+09:00,1357.055552271003,1393.2773950690496,1357.055552271003,1370.533447265625,138100,0.0,0.0
2020-09-01 00:00:00+09:00,1368.0062924592391,1375.5876081194197,1342.7352402586375,1356.213134765625,90800,0.0,0.0
2020-09-02 00:00:00+09:00,1371.3759049599507,1371.3759049599507,1344.4201132162661,1367.1640625,126300,0.0,0.0
2020-09-03 00:00:00+09:00,1368.0062533530042,1389.0654629181674,1362.1096746747585,1373.90283203125,124300,0.0,0.0
2020-09-04 00:00:00+09:00,1340.2080636378018,1355.3706941503601,1338.523326914184,1352.001220703125,101700,0.0,0.0
2020-09-07 00:00:00+09:00,1340.2083358025843,1343.5778099340805,1297.2475406260087,1304.828857421875,146700,0.0,0.0
2020-09-08 00:00:00+09:00,1303.1440732341166,1325.045654296875,1291.3509142003238,1325.045654296875,134300,0.0,0.0
2020-09-09 00:00:00+09:00,1287.9811742911068,1300.61669921875,1283.769332648559,1300.61669921875,143900,0.0,0.0
2020-09-10 00:00:00+09:00,1319.1487629680917,1319.1487629680917,1285.4540308360843,1299.7742919921875,184300,0.0,0.0
2020-09-11 00:00:00+09:00,1266.0798146472916,1296.4050796687836,1221.4342855878729,1292.1932373046875,300400,0.0,0.0
2020-09-14 00:00:00+09:00,1315.7797017454413,1330.9423359524951,1299.7746989713291,1316.6220703125,144000,0.0,0.0
2020-09-15 00:00:00+09:00,1309.8827116317898,1320.833499574692,1295.5624504756865,1299.7742919921875,103100,0.0,0.0
2020-09-16 00:00:00+09:00,1303.9864151176366,1320.8337848219987,1295.5627302654555,1319.1490478515625,102000,0.0,0.0
2020-09-17 00:00:00+09:00,1323.360739932944,1346.1046864499328,1319.1488979853534,1331.784423828125,123900,0.0,0.0
2020-09-18 00:00:00+09:00,1346.1046589213631,1370.5333417178083,1341.892817059907,1362.9520263671875,143000,0.0,0.0
2020-09-23 00:00:00+09:00,1373.060672128468,1392.435147870158,1362.9522500023688,1389.065673828125,134400,0.0,0.0
2020-09-24 00:00:00+09:00,1377.2722715573889,1377.2722715573889,1346.1046421704634,1352.001220703125,211200,0.0,0.0
2020-09-25 00:00:00+09:00,1347.78955078125,1367.1640255737304,1332.626918334961,1347.78955078125,209200,0.0,0.0
2020-09-28 00:00:00+09:00,1367.164063673753,1403.3859088604268,1359.582747239333,1401.701171875,190700,0.0,0.0
2020-09-29 00:00:00+09:00,1408.439964061546,1408.439964061546,1376.4299648783292,1379.7994384765625,128600,0.0,0.0
2020-09-30 00:00:00+09:00,1371.3759049599507,1372.2182734519408,1358.7403775800985,1367.1640625,122700,0.0,0.0
2020-10-02 00:00:00+09:00,1372.218280770186,1382.3267027279774,1305.6711695480592,1311.5677490234375,191100,0.0,0.0
2020-10-05 00:00:00+09:00,1322.5184685202207,1360.425048828125,1320.8337316176471,1360.425048828125,111800,0.0,0.0
2020-10-06 00:00:00+09:00,1355.370849609375,1368.8487449442102,1338.5234804408308,1355.370849609375,75300,0.0,0.0
2020-10-07 00:00:00+09:00,1329.2573076042652,1336.838623046875,1312.409939954021,1336.838623046875,159600,0.0,0.0
2020-10-08 00:00:00+09:00,1352.0012316963239,1378.9570194933845,1344.4199163784006,1346.947021484375,174100,0.0,0.0
2020-10-09 00:00:00+09:00,1346.947010532272,1357.8977992357866,1329.2572749342874,1352.001220703125,145600,0.0,0.0
2020-10-12 00:00:00+09:00,1360.4249153829053,1368.0062307008286,1339.3657061664517,1346.947021484375,94600,0.0,0.0
2020-10-13 00:00:00+09:00,1362.1097079878332,1369.691023616708,1349.4741819397086,1358.740234375,108400,0.0,0.0
2020-10-14 00:00:00+09:00,1338.5234253458132,1367.1639517534643,1337.6810569220586,1362.1097412109375,108000,0.0,0.0
2020-10-15 00:00:00+09:00,1371.3757041754611,1379.7993878620425,1340.2080745351097,1346.947021484375,125800,0.0,0.0
2020-10-16 00:00:00+09:00,1360.4251087371713,1378.1148469931964,1352.0014238533497,1369.691162109375,135700,0.0,0.0
2020-10-19 00:00:00+09:00,1370.5334517894944,1395.8045049878256,1370.5334517894944,1386.5384521484375,123300,0.0,0.0
2020-10-20 00:00:00+09:00,1380.6419232151698,1392.4350818027308,1375.5877123919295,1382.32666015625,121600,0.0,0.0
2020-10-21 00:00:00+09:00,1381.4841694697084,1409.282326538306,1381.4841694697084,1400.858642578125,151900,0.0,0.0
2020-10-22 00:00:00+09:00,1400.8585913726006,1400.8585913726006,1348.631752728523,1349.47412109375,162200,0.0,0.0
2020-10-23 00:00:00+09:00,1358.7402234444712,1362.1096970301983,1303.986277676405,1345.2623291015625,137800,0.0,0.0
2020-10-26 00:00:00+09:00,1364.636757226196,1379.7993878620425,1343.5775480097423,1346.947021484375,133100,0.0,0.0
2020-10-27 00:00:00+09:00,1340.2082730733478,1353.6861689684915,1323.3609032044183,1348.6319580078125,62600,0.0,0.0
2020-10-28 00:00:00+09:00,1330.0995758153522,1335.9961540488591,1307.3556312003968,1326.7301025390625,144900,0.0,0.0
2020-10-29 00:00:00+09:00,1317.464022889429,1323.3606009969906,1299.774288566745,1320.83349609375,69400,0.0,0.0
2020-10-30 00:00:00+09:00,1310.7252725825967,1310.7252725825967,1244.1781668409353,1250.9171142578125,178600,0.0,0.0
2020-11-02 00:00:00+09:00,1259.3408824170053,1274.5035151150028,1240.8087757861197,1250.0748291015625,105600,0.0,0.0
2020-11-04 00:00:00+09:00,1261.8677601616503,1285.4540734357,1252.6017085182737,1279.5574951171875,75100,0.0,0.0
2020-11-05 00:00:00+09:00,1294.7202092950995,1303.1438931551845,1276.188104802912,1297.247314453125,107200,0.0,0.0
2020-11-06 00:00:00+09:00,1299.7743416775031,1303.9861833550065,1274.5032916124837,1295.5625,74700,0.0,0.0
2020-11-09 00:00:00+09:00,1303.1439041882982,1318.3065352648266,1292.1931150774722,1310.7252197265625,113900,0.0,0.0
2020-11-10 00:00:00+09:00,1325.8880227992888,1335.1540763258404,1318.3067062775647,1325.045654296875,169100,0.0,0.0
2020-11-11 00:00:00+09:00,1305.6708701152888,1311.5674482383902,1288.823504049285,1299.7742919921875,192800,0.0,0.0
2020-11-12 00:00:00+09:00,1305.6710659442067,1314.094750240621,1269.4492234696254,1285.4542236328125,193800,0.0,0.0
2020-11-13 00:00:00+09:00,1282.927233624202,1282.927233624202,1249.2324934108283,1253.4443359375,110400,0.0,0.0
2020-11-16 00:00:00+09:00,1276.1879671767558,1299.774279441409,1267.7642842250941,1286.29638671875,100300,0.0,0.0
2020-11-17 00:00:00+09:00,1287.1388088677354,1288.8235455285571,1261.025390625,1261.025390625,115300,0.0,0.0
2020-11-18 00:00:00+09:00,1252.6018727790552,1276.188189146112,1245.8629252456103,1259.3408203125,145000,0.0,0.0
2020-11-19 00:00:00+09:00,1275.3459564475424,1284.6120102922735,1249.2325319760273,1254.2867431640625,151800,0.0,0.0
2020-11-20 00:00:00+09:00,1261.8678532353154,1277.0304843155795,1253.4441693018352,1273.6610107421875,80600,0.0,0.0
2020-11-24 00:00:00+09:00,1296.4050565376626,1315.7795310668155,1294.7203196220842,1302.3016357421875,133700,0.0,0.0
2020-11-25 00:00:00+09:00,1314.0946310222423,1322.518314554436,1280.3998968934668,1282.927001953125,95000,0.0,0.0
2020-11-26 00:00:00+09:00,1290.5084332606589,1309.0405386991279,1283.7694858284883,1303.986328125,75800,0.0,0.0
2020-11-27 00:00:00+09:00,1303.9864325550939,1322.5185394777116,1299.774590072681,1311.5677490234375,123000,0.0,0.0
2020-11-30 00:00:00+09:00,1306.5133269881449,1309.0404320693597,1277.03043437397,1277.872802734375,119900,0.0,0.0
2020-12-01 00:00:00+09:00,1276.1880773854116,1303.98623352648,1276.1880773854116,1291.3507080078125,74500,0.0,0.0
2020-12-02 00:00:00+09:00,1280.3999969018507,1282.9271021588938,1269.4492074546638,1274.50341796875,174600,0.0,0.0
2020-12-03 00:00:00+09:00,1280.3998634484035,1294.7201250790765,1267.7643384801627,1279.5574951171875,91600,0.0,0.0
2020-12-04 00:00:00+09:00,1276.1880992761494,1287.138888246836,1272.8186257467075,1281.2423095703125,51200,0.0,0.0
2020-12-07 00:00:00+09:00,1290.5083219683538,1293.0354270374823,1258.4983244260577,1261.8677978515625,90400,0.0,0.0
2020-12-08 00:00:00+09:00,1255.1289060885313,1277.8728527089277,1254.2865376951834,1273.6610107421875,61900,0.0,0.0
2020-12-09 00:00:00+09:00,1278.715260063822,1282.0847337398793,1272.8186811307212,1274.50341796875,58200,0.0,0.0
2020-12-10 00:00:00+09:00,1264.3949639564953,1271.1339111328125,1261.8678587653765,1271.1339111328125,69900,0.0,0.0
2020-12-11 00:00:00+09:00,1276.188093771146,1289.6659878307753,1263.5525680902435,1283.7694091796875,113500,0.0,0.0
2020-12-14 00:00:00+09:00,1280.4000176982202,1320.8337024676375,1274.5034386693467,1301.459228515625,185300,0.0,0.0
2020-12-15 00:00:00+09:00,1302.301396902088,1328.4148143043938,1289.6658723525852,1299.7742919921875,147400,0.0,0.0
2020-12-16 00:00:00+09:00,1300.6170147575049,1310.7254371519932,1289.6662238301426,1304.828857421875,146400,0.0,0.0
2020-12-17 00:00:00+09:00,1304.828590267335,1309.0404320693597,1277.872802734375,1277.872802734375,140700,0.0,0.0
2020-12-18 00:00:00+09:00,1281.2423702070669,1300.616843918285,1275.3457912514789,1290.5084228515625,116500,0.0,0.0
2020-12-21 00:00:00+09:00,1290.508500359049,1301.459290505699,1279.5577102123993,1292.1932373046875,66500,0.0,0.0
2020-12-22 00:00:00+09:00,1276.1880415983585,1282.0846200083838,1228.1730459738658,1232.3848876953125,146800,0.0,0.0
2020-12-23 00:00:00+09:00,1250.91688304802,1266.0795119334507,1237.438990705415,1264.394775390625,101000,0.0,0.0
2020-12-24 00:00:00+09:00,1269.4492074546638,1287.98131267298,1263.552628521563,1274.50341796875,95500,0.0,0.0
2020-12-25 00:00:00+09:00,1277.8728471309046,1287.1388994172855,1266.0796896755105,1276.1881103515625,43800,0.0,0.0
2020-12-28 00:00:00+09:00,1275.3457250646643,1280.3999353357265,1242.4933583027607,1246.7052001953125,96100,0.0,0.0
2020-12-29 00:00:00+09:00,1246.7053853218129,1274.5035459404749,1246.7053853218129,1271.9764404296875,72900,0.0,0.0
2020-12-30 00:00:00+09:00,1270.2915316238655,1286.2965310276145,1258.4983741684716,1276.1881103515625,100100,0.0,0.0
2021-01-04 00:00:00+09:00,1271.976351416725,1280.4000358631934,1255.9713509684352,1275.3458251953125,85500,0.0,0.0
2021-01-05 00:00:00+09:00,1255.1289006097875,1277.8728471309046,1252.6017954407746,1276.1881103515625,99600,0.0,0.0
2021-01-06 00:00:00+09:00,1280.3998699609883,1297.2472366710012,1273.660923276983,1295.5625,89600,0.0,0.0
2021-01-07 00:00:00+09:00,1309.040712968646,1318.3067669214486,1265.237548828125,1265.237548828125,143100,0.0,0.0
2021-01-08 00:00:00+09:00,1273.6611656651962,1286.296693102351,1271.1340601777652,1277.0306396484375,88100,0.0,0.0
2021-01-12 00:00:00+09:00,1277.0303901235393,1280.3998634484035,1268.6067068113787,1279.5574951171875,34300,0.0,0.0
2021-01-13 00:00:00+09:00,1271.9762403198079,1276.1880821751715,1251.7593994140625,1251.7593994140625,103400,0.0,0.0
2021-01-14 00:00:00+09:00,1254.2865608131492,1265.2373501285092,1223.961298093691,1226.4884033203125,258700,0.0,0.0
2021-01-15 00:00:00+09:00,1225.645957222667,1243.3356926877364,1218.907010378831,1224.8035888671875,167600,0.0,0.0
2021-01-18 00:00:00+09:00,1218.9071205452697,1238.2815944723886,1216.3800152504282,1229.85791015625,65300,0.0,0.0
2021-01-19 00:00:00+09:00,1235.7544501698778,1238.2815553849491,1227.33076611964,1229.0155029296875,64700,0.0,0.0
2021-01-20 00:00:00+09:00,1229.0155029296875,1236.5968185749016,1227.33076611964,1229.0155029296875,70800,0.0,0.0
2021-01-21 00:00:00+09:00,1229.857710222158,1236.5966565795395,1225.6458687487943,1228.1729736328125,142500,0.0,0.0
2021-01-22 00:00:00+09:00,1224.8035339271973,1236.5966903749145,1223.9611656095033,1231.54248046875,133700,0.0,0.0
2021-01-25 00:00:00+09:00,1230.7004037976992,1248.390142661321,1223.1190871418612,1245.863037109375,157200,0.0,0.0
2021-01-26 00:00:00+09:00,1246.705417568313,1249.232523144465,1235.754626738321,1240.808837890625,94700,0.0,0.0
2021-01-27 00:00:00+09:00,1246.7051101872435,1249.2322151403257,1227.3306388802796,1231.54248046875,305200,0.0,0.0
2021-01-28 00:00:00+09:00,1218.7321217783078,1234.1050567411737,1211.045654296875,1211.045654296875,209300,20.0,0.0
2021-01-29 00:00:00+09:00,1216.1696843327702,1223.0020982896958,1191.4021837389146,1200.7967529296875,138400,0.0,0.0
2021-02-01 00:00:00+09:00,1200.7969533255687,1209.3374721970167,1195.6726420027,1205.9212646484375,75700,0.0,0.0
2021-02-02 00:00:00+09:00,1212.753238864191,1235.812631434144,1207.6289294042015,1224.7099609375,98800,0.0,0.0
2021-02-03 00:00:00+09:00,1234.1047792520847,1234.9588310024321,1217.0237442451355,1228.98046875,108000,0.0,0.0
2021-02-04 00:00:00+09:00,1228.980304440825,1240.937027347129,1219.5857364430146,1234.1046142578125,71600,0.0,0.0
2021-02-05 00:00:00+09:00,1241.791245005212,1241.791245005212,1228.98046875,1228.98046875,65000,0.0,0.0
2021-02-08 00:00:00+09:00,1238.3750478508887,1242.6453066365814,1231.5426337937802,1237.52099609375,113400,0.0,0.0
2021-02-09 00:00:00+09:00,1237.5209005238844,1247.769520818078,1230.688486994422,1239.22900390625,107500,0.0,0.0
2021-02-10 00:00:00+09:00,1238.3749309891355,1254.601912843476,1231.5425175767816,1241.7911376953125,96800,0.0,0.0
2021-02-12 00:00:00+09:00,1246.061528273619,1254.602045945131,1241.7912694378629,1250.331787109375,101700,0.0,0.0
2021-02-15 00:00:00+09:00,1255.45613091019,1286.2019953406439,1254.6020791204553,1280.2236328125,157800,0.0,0.0
2021-02-16 00:00:00+09:00,1288.7640431654816,1306.6991292532716,1285.3478362916167,1293.0343017578125,159400,0.0,0.0
2021-02-17 00:00:00+09:00,1282.7855592212127,1291.3260755941901,1272.5369395736398,1273.3909912109375,139500,0.0,0.0
2021-02-18 00:00:00+09:00,1268.2667132022384,1286.2017980354012,1264.85050656735,1279.369384765625,148700,0.0,0.0
2021-02-19 00:00:00+09:00,1271.6828974877844,1279.3693622811963,1241.79108995785,1242.6451416015625,174500,0.0,0.0
2021-02-22 00:00:00+09:00,1243.4993254052902,1261.4344118294048,1239.2290667328818,1251.185791015625,196400,0.0,0.0
2021-02-24 00:00:00+09:00,1250.3318236019736,1258.872341522752,1217.0238037109375,1217.0238037109375,164400,0.0,0.0
2021-02-25 00:00:00+09:00,1225.5642468741771,1234.958816013979,1215.315625994393,1216.169677734375,136600,0.0,0.0
2021-02-26 00:00:00+09:00,1195.6725424447745,1221.294096925734,1177.737454308103,1203.3590087890625,200800,0.0,0.0
2021-03-01 00:00:00+09:00,1205.066985127593,1229.834485176282,1193.1102609661568,1199.088623046875,480600,0.0,0.0
2021-03-02 00:00:00+09:00,1217.0238424730098,1226.4184124850822,1205.0671170030996,1207.6292724609375,228200,0.0,0.0
2021-03-03 00:00:00+09:00,1207.6293635670731,1254.6022171711672,1202.5050522648085,1225.564453125,218200,0.0,0.0
2021-03-04 00:00:00+09:00,1215.315634199259,1253.7479627579144,1206.77511674178,1244.3533935546875,226000,0.0,0.0
2021-03-05 00:00:00+09:00,1232.3966064453125,1241.7911751708139,1202.5047968641718,1232.3966064453125,177200,0.0,0.0
2021-03-08 00:00:00+09:00,1247.7694348653158,1255.455899556478,1228.1262473212348,1229.8343505859375,109900,0.0,0.0
2021-03-09 00:00:00+09:00,1221.2940339527684,1249.4777424286017,1213.6075680048139,1234.9588623046875,331200,0.0,0.0
2021-03-10 00:00:00+09:00,1240.937183249322,1246.9155454535514,1218.7318379193273,1220.43994140625,246600,0.0,0.0
2021-03-11 00:00:00+09:00,1220.440034095501,1249.4777955785291,1217.0238268622036,1238.3751220703125,211500,0.0,0.0
2021-03-12 00:00:00+09:00,1242.6452736708084,1264.8506187673315,1237.5209632639185,1251.185791015625,227200,0.0,0.0
2021-03-15 00:00:00+09:00,1234.1046079574091,1325.4881325604838,1224.7100400075603,1323.780029296875,391900,0.0,0.0
2021-03-16 00:00:00+09:00,1289.6180260699728,1345.1313848080842,1289.6180260699728,1335.73681640625,182200,0.0,0.0
2021-03-17 00:00:00+09:00,1336.5911912732552,1336.5911912732552,1305.8453236145733,1316.947998046875,172200,0.0,0.0
2021-03-18 00:00:00+09:00,1323.7801942182946,1328.904504647527,1303.2829525013663,1318.6558837890625,187400,0.0,0.0
2021-03-19 00:00:00+09:00,1328.0504962340754,1340.8612727250793,1306.699202082402,1313.5316162109375,171900,0.0,0.0
2021-03-22 00:00:00+09:00,1328.050303888778,1340.0070268819888,1312.6773743260783,1336.5908203125,137900,0.0,0.0
2021-03-23 00:00:00+09:00,1351.9639050821008,1380.1476125159033,1340.8612324566636,1342.5693359375,136500,0.0,0.0
2021-03-24 00:00:00+09:00,1321.2180673520345,1328.0504814042752,1299.0127216822525,1300.7208251953125,85500,0.0,0.0
2021-03-25 00:00:00+09:00,1307.5533457444676,1338.2992114837236,1307.5533457444676,1331.466796875,80400,0.0,0.0
2021-03-26 00:00:00+09:00,1334.0289513147554,1337.4451586164578,1298.158774646881,1307.5533447265625,119800,0.0,0.0
2021-03-29 00:00:00+09:00,1308.4071628736413,1316.9476796025815,1263.1424242102582,1276.8072509765625,225400,0.0,0.0
2021-03-30 00:00:00+09:00,1276.8073918910627,1280.2235989596675,1250.331787109375,1250.331787109375,155300,0.0,0.0
2021-03-31 00:00:00+09:00,1250.3314869030532,1253.7476931514223,1226.4180431644704,1227.2720947265625,190900,0.0,0.0
2021-04-01 00:00:00+09:00,1252.0398377300942,1258.872251578553,1234.9588031089468,1246.91552734375,93200,0.0,0.0
2021-04-02 00:00:00+09:00,1263.142546861068,1263.9965986168902,1240.9372012096903,1257.1641845703125,85500,0.0,0.0
2021-04-05 00:00:00+09:00,1268.2668524432036,1272.5371112056387,1252.8939208984375,1252.8939208984375,77100,0.0,0.0
2021-04-06 00:00:00+09:00,1252.893895925662,1259.7263098093738,1230.6885508035984,1231.5426025390625,90500,0.0,0.0
2021-04-07 00:00:00+09:00,1239.2291495470497,1262.2885479190486,1233.250787006161,1260.5804443359375,103800,0.0,0.0
2021-04-08 00:00:00+09:00,1250.331627711777,1269.1207641937845,1240.0830078125,1240.0830078125,86000,0.0,0.0
2021-04-09 00:00:00+09:00,1241.7911376953125,1254.601912843476,1240.083034342224,1241.7911376953125,61300,0.0,0.0
2021-04-12 00:00:00+09:00,1249.477682536922,1262.2884585027825,1245.2074238816351,1246.91552734375,80100,0.0,0.0
2021-04-13 00:00:00+09:00,1249.4777785145534,1263.142607261124,1245.20751953125,1245.20751953125,59900,0.0,0.0
2021-04-14 00:00:00+09:00,1245.207461907997,1250.331772450828,1234.9588408223344,1237.52099609375,57100,0.0,0.0
2021-04-15 00:00:00+09:00,1234.1047627331063,1245.2074353390096,1232.396659255275,1235.8128662109375,45200,0.0,0.0
2021-04-16 00:00:00+09:00,1232.396626804271,1254.601971431375,1232.396626804271,1249.4776611328125,47600,0.0,0.0
2021-04-19 00:00:00+09:00,1242.6451627873191,1252.893782686596,1240.0830078125,1240.0830078125,54300,0.0,0.0
2021-04-20 00:00:00+09:00,1234.1047792520847,1235.8128827527796,1218.7318477458305,1228.98046875,90400,0.0,0.0
2021-04-21 00:00:00+09:00,1211.899372182457,1211.899372182457,1196.5264414570981,1197.3804931640625,126400,0.0,0.0
2021-04-22 00:00:00+09:00,1204.213017440095,1215.3156906505355,1193.964396015073,1208.4832763671875,114800,0.0,0.0
2021-04-23 00:00:00+09:00,1200.796784116795,1217.8778194527379,1198.2346288164035,1206.775146484375,73300,0.0,0.0
2021-04-26 00:00:00+09:00,1207.6291884995323,1207.6291884995323,1179.4454804228105,1198.234619140625,168800,0.0,0.0
2021-04-27 00:00:00+09:00,1204.2129565323385,1204.2129565323385,1176.0292490390284,1176.88330078125,124500,0.0,0.0
2021-04-28 00:00:00+09:00,1173.4670838473135,1173.4670838473135,1156.386049147935,1168.3427734375,116200,0.0,0.0
2021-04-30 00:00:00+09:00,1170.0508133452963,1181.1534852967482,1152.969779573832,1156.385986328125,113300,0.0,0.0
2021-05-06 00:00:00+09:00,1162.3642789365967,1174.3210018646735,1153.8237625593993,1159.8021240234375,73700,0.0,0.0
2021-05-07 00:00:00+09:00,1170.9049599609375,1187.1319433593749,1165.7806494140625,1174.3211669921875,85500,0.0,0.0
2021-05-10 00:00:00+09:00,1178.5911299542681,1198.234315453506,1176.883026867378,1190.5478515625,72600,0.0,0.0
2021-05-11 00:00:00+09:00,1179.4452689162447,1184.569578556721,1164.0723399948165,1164.9263916015625,82200,0.0,0.0
2021-05-12 00:00:00+09:00,1164.0725548785665,1169.1968654649725,1134.1807431245315,1139.3050537109375,134300,0.0,0.0
2021-05-13 00:00:00+09:00,1134.1807670943233,1140.1591295714773,1112.8294725330597,1117.0997314453125,93800,0.0,0.0
2021-05-14 00:00:00+09:00,1129.9105104000982,1149.5537014350207,1129.0564586159712,1141.01318359375,53200,0.0,0.0
2021-05-17 00:00:00+09:00,1150.4075551922401,1155.531865014923,1135.0346257241924,1140.158935546875,83200,0.0,0.0
2021-05-18 00:00:00+09:00,1141.8672663048853,1155.5320952210245,1132.4726964250397,1146.9915771484375,67200,0.0,0.0
2021-05-19 00:00:00+09:00,1145.283204646404,1164.9263916015625,1142.721049826166,1164.9263916015625,77600,0.0,0.0
2021-05-20 00:00:00+09:00,1165.7805125470275,1185.4237006705305,1165.7805125470275,1181.1534423828125,74200,0.0,0.0
2021-05-21 00:00:00+09:00,1186.2779325287918,1193.9643986142914,1175.1752592941812,1188.840087890625,58800,0.0,0.0
2021-05-24 00:00:00+09:00,1187.9860288362977,1208.4832716055796,1172.6130967593363,1204.2130126953125,115100,0.0,0.0
2021-05-25 00:00:00+09:00,1207.6291618918963,1209.337265374063,1189.6940753291453,1196.5264892578125,111100,0.0,0.0
2021-05-26 00:00:00+09:00,1189.6938000190548,1195.6721608231708,1186.2775938452744,1190.5478515625,51200,0.0,0.0
2021-05-27 00:00:00+09:00,1187.1319433593749,1187.9859951171875,1174.3211669921875,1174.3211669921875,93300,0.0,0.0
2021-05-28 00:00:00+09:00,1187.98611463293,1196.5266330702623,1176.0293888206645,1193.9644775390625,111600,0.0,0.0
2021-05-31 00:00:00+09:00,1195.6723259917596,1202.5047392831411,1184.5696543932647,1185.4237060546875,67000,0.0,0.0
2021-06-01 00:00:00+09:00,1187.1318039856178,1187.9858556431614,1172.6129258073763,1181.1534423828125,91100,0.0,0.0
2021-06-02 00:00:00+09:00,1181.1536244628549,1188.8400905656501,1165.7806922572645,1169.1968994140625,92200,0.0,0.0
2021-06-03 00:00:00+09:00,1187.1321189462842,1213.6077273544388,1185.4240151780161,1201.6510009765625,136100,0.0,0.0
2021-06-04 00:00:00+09:00,1199.942699563178,1228.9804588408633,1193.9643373589486,1220.43994140625,110000,0.0,0.0
2021-06-07 00:00:00+09:00,1228.9804621312253,1247.769600537679,1219.5858929279984,1244.3533935546875,132600,0.0,0.0
2021-06-08 00:00:00+09:00,1245.207462890625,1288.7641025390624,1245.207462890625,1281.07763671875,142300,0.0,0.0
2021-06-09 00:00:00+09:00,1290.4720350007547,1301.574706380642,1278.5153119762606,1281.9315185546875,95700,0.0,0.0
2021-06-10 00:00:00+09:00,1282.7856650634444,1301.5748026342806,1276.8073031090876,1299.86669921875,72700,0.0,0.0
2021-06-11 00:00:00+09:00,1306.6991069843243,1328.0503995821073,1294.7423831295657,1315.2396240234375,202100,0.0,0.0
2021-06-14 00:00:00+09:00,1323.7800929857337,1346.8394881538723,1294.742336107337,1335.73681640625,211400,0.0,0.0
2021-06-15 00:00:00+09:00,1344.2774829569612,1393.812485505566,1336.5910170442467,1381.001708984375,278800,0.0,0.0
2021-06-16 00:00:00+09:00,1381.001704137911,1381.001704137911,1345.9855817695409,1376.7314453125,129700,0.0,0.0
2021-06-17 00:00:00+09:00,1359.65037576292,1374.1692554036044,1344.277444378666,1346.839599609375,97900,0.0,0.0
2021-06-18 00:00:00+09:00,1363.920780089789,1364.7748319245354,1336.5911213779086,1344.277587890625,86400,0.0,0.0
2021-06-21 00:00:00+09:00,1310.1153340657552,1336.5909372965493,1303.282920328776,1332.3206787109375,131400,0.0,0.0
2021-06-22 00:00:00+09:00,1363.9206660877574,1375.8773907748134,1351.9639414007013,1352.8179931640625,97200,0.0,0.0
2021-06-23 00:00:00+09:00,1357.942399942468,1368.1910218288263,1341.7154152890676,1351.1099853515625,75500,0.0,0.0
2021-06-24 00:00:00+09:00,1340.0073287168937,1344.277587890625,1330.6127585346846,1344.277587890625,48300,0.0,0.0
2021-06-25 00:00:00+09:00,1358.7962273872747,1380.1475194580992,1353.6719172902767,1368.1907958984375,136800,0.0,0.0
2021-06-28 00:00:00+09:00,1369.8990769232666,1369.8990769232666,1342.5694195282888,1351.9639892578125,70200,0.0,0.0
2021-06-29 00:00:00+09:00,1336.5910476131646,1351.963979790185,1333.1748404627156,1343.4234619140625,83000,0.0,0.0
2021-06-30 00:00:00+09:00,1354.5260488034799,1361.358462668819,1351.9638936039778,1353.6719970703125,87900,0.0,0.0
2021-07-01 00:00:00+09:00,1353.671853159944,1353.671853159944,1336.5908203125,1336.5908203125,65900,0.0,0.0
2021-07-02 00:00:00+09:00,1345.1315059553697,1361.3584892018155,1340.861247206305,1355.380126953125,45000,0.0,0.0
2021-07-05 00:00:00+09:00,1363.9205377154747,1369.8988994963188,1348.547607421875,1348.547607421875,53900,0.0,0.0
2021-07-06 00:00:00+09:00,1357.9421652022318,1369.8988886694212,1355.3800101735483,1359.6502685546875,64900,0.0,0.0
2021-07-07 00:00:00+09:00,1359.6502890863915,1410.8933904338685,1355.3800306407684,1396.37451171875,166800,0.0,0.0
2021-07-08 00:00:00+09:00,1399.7906439604928,1410.8933153280868,1387.8339209492378,1395.5203857421875,126300,0.0,0.0
2021-07-09 00:00:00+09:00,1370.7527924056978,1382.7095145824453,1349.401502804363,1377.585205078125,139900,0.0,0.0
2021-07-12 00:00:00+09:00,1396.374660112105,1409.1854368103811,1388.6881940931391,1398.082763671875,84900,0.0,0.0
2021-07-13 00:00:00+09:00,1400.644817087545,1421.9961100309529,1398.9367136520725,1415.1636962890625,117200,0.0,0.0
2021-07-14 00:00:00+09:00,1418.580126070689,1439.9314223691642,1416.0179705148719,1417.72607421875,77100,0.0,0.0
2021-07-15 00:00:00+09:00,1423.7043193828595,1438.2231996645082,1408.331387319937,1421.9962158203125,118000,0.0,0.0
2021-07-16 00:00:00+09:00,1411.7475921500363,1433.9529384270484,1398.082763671875,1398.082763671875,90600,0.0,0.0
2021-07-19 00:00:00+09:00,1386.1258176619158,1400.6446956041539,1381.8555594436104,1395.5203857421875,84700,0.0,0.0
2021-07-20 00:00:00+09:00,1395.5204547905485,1410.8933851370782,1386.1258862454467,1392.104248046875,105700,0.0,0.0
2021-07-21 00:00:00+09:00,1392.10414267311,1410.0392267198185,1392.10414267311,1404.9149169921875,88900,0.0,0.0
2021-07-26 00:00:00+09:00,1422.8502652885422,1427.9745759678528,1394.6665565523347,1398.082763671875,86700,0.0,0.0
2021-07-27 00:00:00+09:00,1413.455814959055,1421.996333478445,1408.331503847421,1417.72607421875,58800,0.0,0.0
2021-07-28 00:00:00+09:00,1404.9151148769638,1418.5799427420286,1383.5638213378004,1386.1259765625,190000,0.0,0.0
2021-07-29 00:00:00+09:00,1395.6376894241362,1409.4730072870768,1384.3964936604968,1398.2318115234375,135700,20.0,0.0
2021-07-30 00:00:00+09:00,1394.7729845770475,1399.9612287850216,1371.4258856411639,1379.208251953125,124500,0.0,0.0
2021-08-02 00:00:00+09:00,1396.5024533932665,1416.39072362735,1391.314208984375,1391.314208984375,69800,0.0,0.0
2021-08-03 00:00:00+09:00,1400.8258444464257,1417.2552833627726,1394.772893266719,1401.6905517578125,53600,0.0,0.0
2021-08-04 00:00:00+09:00,1401.690570567389,1412.0670584432733,1374.019936231697,1374.8846435546875,55800,0.0,0.0
2021-08-05 00:00:00+09:00,1370.5612526858563,1371.4259601008,1353.2671043869811,1364.50830078125,74800,0.0,0.0
2021-08-06 00:00:00+09:00,1354.1316258630086,1363.6434061213056,1338.56689453125,1338.56689453125,88200,0.0,0.0
2021-08-10 00:00:00+09:00,1338.5671282730054,1364.5083516891489,1338.5671282730054,1360.184814453125,53200,0.0,0.0
2021-08-11 00:00:00+09:00,1364.508345550692,1367.967175323951,1348.0789041277117,1362.7789306640625,106900,0.0,0.0
2021-08-12 00:00:00+09:00,1376.6142559500158,1382.6672080804494,1360.184814453125,1360.184814453125,62000,0.0,0.0
2021-08-13 00:00:00+09:00,1345.4848774254172,1377.4790551019855,1342.8907549111009,1373.155517578125,119100,0.0,0.0
2021-08-16 00:00:00+09:00,1351.5375705120803,1364.50818059377,1335.9728384140524,1345.484619140625,108100,0.0,0.0
2021-08-17 00:00:00+09:00,1362.7789367947394,1373.1554261611968,1356.725984664306,1360.184814453125,92400,0.0,0.0
2021-08-18 00:00:00+09:00,1358.455246369735,1394.7729550568954,1358.455246369735,1392.1788330078125,72600,0.0,0.0
2021-08-19 00:00:00+09:00,1386.9906935697877,1392.1789380594503,1357.5906414617,1364.50830078125,65200,0.0,0.0
2021-08-20 00:00:00+09:00,1366.2377167244429,1379.2083279591686,1329.0552978515625,1329.0552978515625,70800,0.0,0.0
2021-08-23 00:00:00+09:00,1357.5906414617,1368.8318378559688,1348.0788598973186,1364.50830078125,80700,0.0,0.0
2021-08-24 00:00:00+09:00,1365.3729901857623,1375.7494790282126,1361.9141605716122,1372.2906494140625,68600,0.0,0.0
2021-08-25 00:00:00+09:00,1372.2906675157437,1378.34361942035,1358.4553488766437,1364.50830078125,57500,0.0,0.0
2021-08-26 00:00:00+09:00,1361.0495138198962,1362.7789287040382,1341.161242652261,1346.3494873046875,53400,0.0,0.0
2021-08-27 00:00:00+09:00,1339.43149610771,1339.43149610771,1316.0844009528305,1330.784423828125,45700,0.0,0.0
2021-08-30 00:00:00+09:00,1338.5670783329372,1364.50830078125,1334.2435412582186,1364.50830078125,42900,0.0,0.0
2021-08-31 00:00:00+09:00,1358.4552624042217,1362.778799203726,1341.1611152062048,1348.9434814453125,100900,0.0,0.0
2021-09-01 00:00:00+09:00,1338.5668935982285,1359.3198686927747,1334.243357120198,1357.5904541015625,117400,0.0,0.0
2021-09-02 00:00:00+09:00,1350.6729318344176,1359.3200056617827,1329.055247266005,1333.3787841796875,114400,0.0,0.0
2021-09-03 00:00:00+09:00,1335.1082078887196,1360.1847221560595,1319.5434748951982,1347.214111328125,111600,0.0,0.0
2021-09-06 00:00:00+09:00,1357.5907244830473,1363.6436767578125,1343.7554049978696,1363.6436767578125,80000,0.0,0.0
2021-09-07 00:00:00+09:00,1363.6435753786873,1374.884771624675,1355.8612087468493,1372.2906494140625,94000,0.0,0.0
2021-09-08 00:00:00+09:00,1374.8849325876693,1383.5320076353903,1366.237857539948,1373.155517578125,78100,0.0,0.0
2021-09-09 00:00:00+09:00,1363.6435456944916,1365.3729604639204,1340.2964463072049,1349.8082275390625,143900,0.0,0.0
2021-09-10 00:00:00+09:00,1228.7491724350873,1243.4491977210805,1215.7785618886226,1234.8021240234375,726000,0.0,0.0
2021-09-13 00:00:00+09:00,1219.2374148611295,1233.9374404303771,1193.2961932683395,1224.4256591796875,519400,0.0,0.0
2021-09-14 00:00:00+09:00,1226.155182254544,1229.6140121057556,1211.4551553868941,1213.1845703125,288200,0.0,0.0
2021-09-15 00:00:00+09:00,1214.913818359375,1229.6138432078515,1210.590281639235,1214.913818359375,188300,0.0,0.0
2021-09-16 00:00:00+09:00,1213.1845952355543,1213.1845952355543,1183.784540896275,1202.80810546875,208100,0.0,0.0
2021-09-17 00:00:00+09:00,1202.808062502075,1226.1551636433805,1191.5668656562611,1220.9669189453125,238600,0.0,0.0
2021-09-21 00:00:00+09:00,1184.6490363187568,1196.7549388796783,1183.7843289929767,1189.8372802734375,191500,0.0,0.0
2021-09-22 00:00:00+09:00,1184.6490219082075,1185.5137292234688,1158.7078024503635,1159.572509765625,179400,0.0,0.0
2021-09-24 00:00:00+09:00,1185.513811691217,1193.2961780699338,1172.543201060022,1177.7314453125,213000,0.0,0.0
2021-09-27 00:00:00+09:00,1184.6490830641526,1184.6490830641526,1167.3549358661357,1169.0843505859375,179600,0.0,0.0
2021-09-28 00:00:00+09:00,1168.2196878616899,1169.0843952546295,1146.6020030381944,1167.35498046875,183800,0.0,0.0
2021-09-29 00:00:00+09:00,1150.0608326099536,1167.35498046875,1149.1961252170138,1167.35498046875,121400,0.0,0.0
2021-09-30 00:00:00+09:00,1158.7077586818698,1161.3018805296651,1142.2783203125,1142.2783203125,216200,0.0,0.0
2021-10-01 00:00:00+09:00,1137.954823843149,1137.954823843149,1118.9312629582332,1124.1195068359375,233200,0.0,0.0
2021-10-04 00:00:00+09:00,1138.8195977167252,1150.060793442099,1122.3901578104096,1131.0372314453125,226300,0.0,0.0
2021-10-05 00:00:00+09:00,1111.149027267157,1120.6608088235294,1101.6372457107843,1102.501953125,303700,0.0,0.0
2021-10-06 00:00:00+09:00,1117.2020774906516,1136.2256422776443,1102.5020501552483,1112.8785400390625,287600,0.0,0.0
2021-10-07 00:00:00+09:00,1115.472385004151,1119.7959213801362,1089.5311667482406,1090.3958740234375,182300,0.0,0.0
2021-10-08 00:00:00+09:00,1112.0138647668957,1118.9315248898624,1097.3138370055915,1116.33740234375,183900,0.0,0.0
2021-10-11 00:00:00+09:00,1114.6079810023125,1122.3903485965877,1101.637368345187,1118.9315185546875,115100,0.0,0.0
2021-10-12 00:00:00+09:00,1116.337108094015,1122.3900591061438,1110.2841570818866,1120.66064453125,159700,0.0,0.0
2021-10-13 00:00:00+09:00,1124.119611001361,1136.2255145044523,1116.337244463659,1131.9019775390625,142400,0.0,0.0
2021-10-14 00:00:00+09:00,1135.3606070008288,1152.6547518142459,1133.631192519487,1149.1959228515625,123200,0.0,0.0
2021-10-15 00:00:00+09:00,1158.7079630594494,1162.1667927999256,1146.6020589677837,1160.4373779296875,94400,0.0,0.0
2021-10-18 00:00:00+09:00,1179.460890013108,1179.460890013108,1160.4373272709609,1164.7608642578125,115600,0.0,0.0
2021-10-19 00:00:00+09:00,1158.707774114468,1176.0019199967735,1158.707774114468,1172.5430908203125,90300,0.0,0.0
2021-10-20 00:00:00+09:00,1169.0843656994048,1183.7843910077552,1169.0843656994048,1180.3255615234375,76900,0.0,0.0
2021-10-21 00:00:00+09:00,1178.5962340671863,1178.5962340671863,1158.7079630594494,1160.4373779296875,76300,0.0,0.0
2021-10-22 00:00:00+09:00,1169.0843505859375,1177.731424184946,1166.490228506235,1169.0843505859375,114200,0.0,0.0
2021-10-25 00:00:00+09:00,1169.0843564677539,1175.1373080175129,1161.3019901894922,1166.490234375,93100,0.0,0.0
2021-10-26 00:00:00+09:00,1176.0020751953125,1178.5961974200081,1167.355001112994,1176.0020751953125,74300,0.0,0.0
2021-10-27 00:00:00+09:00,1172.543321054193,1172.543321054193,1154.3844643122034,1161.3021240234375,35200,0.0,0.0
2021-10-28 00:00:00+09:00,1151.7902473958334,1169.0843952546295,1146.6020030381944,1167.35498046875,73000,0.0,0.0
2021-10-29 00:00:00+09:00,1163.896144959985,1172.5432188452744,1156.978485851753,1169.9490966796875,61600,0.0,0.0
2021-11-01 00:00:00+09:00,1182.9195726407283,1182.9195726407283,1168.2195487117135,1175.13720703125,72500,0.0,0.0
2021-11-02 00:00:00+09:00,1171.678466796875,1185.5137844859894,1170.8137594413054,1171.678466796875,82900,0.0,0.0
2021-11-04 00:00:00+09:00,1176.8668068905613,1179.4609291687918,1162.1667806472553,1165.6256103515625,110800,0.0,0.0
2021-11-05 00:00:00+09:00,1153.5196825812845,1177.7314900117763,1153.5196825812845,1176.0020751953125,72000,0.0,0.0
2021-11-08 00:00:00+09:00,1176.0020812223654,1176.0020812223654,1154.3843959057779,1173.407958984375,64100,0.0,0.0
2021-11-09 00:00:00+09:00,1168.2196878616899,1179.4608839699074,1167.35498046875,1167.35498046875,42100,0.0,0.0
2021-11-10 00:00:00+09:00,1158.707774114468,1182.0548710555804,1158.707774114468,1172.5430908203125,93000,0.0,0.0
2021-11-11 00:00:00+09:00,1167.355045548946,1179.4609497250092,1163.8962157843566,1174.272705078125,53300,0.0,0.0
2021-11-12 00:00:00+09:00,1175.137004586552,1188.1076117011937,1150.9252046392205,1154.384033203125,259500,0.0,0.0
2021-11-15 00:00:00+09:00,1152.654978571095,1166.490297143591,1145.7373192848468,1156.978515625,195300,0.0,0.0
2021-11-16 00:00:00+09:00,1154.3842906995685,1158.7078273688553,1128.4430706838477,1130.1724853515625,115300,0.0,0.0
2021-11-17 00:00:00+09:00,1132.7666390486588,1136.2254684808686,1098.1783447265625,1098.1783447265625,123500,0.0,0.0
2021-11-18 00:00:00+09:00,1098.1784125852328,1125.8490497527346,1098.1784125852328,1121.5255126953125,160600,0.0,0.0
2021-11-19 00:00:00+09:00,1121.525660969683,1145.7374716922359,1121.525660969683,1144.008056640625,109100,0.0,0.0
2021-11-22 00:00:00+09:00,1134.496286723428,1155.249267578125,1124.984503831692,1155.249267578125,90300,0.0,0.0
2021-11-24 00:00:00+09:00,1155.2490771521677,1162.1667362967914,1131.9019775390625,1131.9019775390625,120300,0.0,0.0
2021-11-25 00:00:00+09:00,1140.5491733284885,1151.790370639535,1115.47265625,1115.47265625,123200,0.0,0.0
2021-11-26 00:00:00+09:00,1106.8252499999999,1107.6899572265625,1072.2369609375,1080.884033203125,164200,0.0,0.0
2021-11-29 00:00:00+09:00,1072.2371405929816,1081.748921678887,1047.160626821049,1054.9429931640625,171200,0.0,0.0
2021-11-30 00:00:00+09:00,1063.590064302159,1078.2900895811317,1047.1606242844832,1073.966552734375,971800,0.0,0.0
2021-12-01 00:00:00+09:00,1062.725423754248,1099.9078429742908,1048.8901049746971,1097.313720703125,215000,0.0,0.0
2021-12-02 00:00:00+09:00,1090.3959475207557,1118.0665821921787,1075.6959228515625,1075.6959228515625,135800,0.0,0.0
2021-12-03 00:00:00+09:00,1072.237179328447,1091.2607421875,1067.9136423150258,1091.2607421875,107000,0.0,0.0
2021-12-06 00:00:00+09:00,1093.8547768546837,1093.8547768546837,1075.6959228515625,1075.6959228515625,78800,0.0,0.0
2021-12-07 00:00:00+09:00,1090.3959877405716,1118.06662343264,1086.0724509136858,1112.013671875,113900,0.0,0.0
2021-12-08 00:00:00+09:00,1133.6313381357083,1133.6313381357083,1112.8783616938647,1119.7960205078125,70900,0.0,0.0
2021-12-09 00:00:00+09:00,1118.9312131450552,1132.7665295363386,1111.1488476749582,1128.4429931640625,77200,0.0,0.0
2021-12-10 00:00:00+09:00,1124.984237291798,1131.9018959377122,1112.013627330709,1113.7430419921875,80800,0.0,0.0
2021-12-13 00:00:00+09:00,998.736995682945,998.736995682945,925.2368704595249,937.3427734375,769600,0.0,0.0
2021-12-14 00:00:00+09:00,939.0722595719266,979.7135083747633,936.4781373079157,941.6663818359375,364800,0.0,0.0
2021-12-15 00:00:00+09:00,943.3957854275174,976.254667046441,943.3957854275174,972.7958374023438,208600,0.0,0.0
2021-12-16 00:00:00+09:00,975.3901658244829,984.9019493564592,963.2842595110584,971.9313354492188,171300,0.0,0.0
2021-12-17 00:00:00+09:00,958.9604573267412,958.9604573267412,934.748651370791,937.3427734375,302600,0.0,0.0
2021-12-20 00:00:00+09:00,939.0722378129841,944.2604822207907,904.4839417609405,907.0780639648438,224000,0.0,0.0
2021-12-21 00:00:00+09:00,930.4251348453822,933.0192569685571,901.8897914904588,910.536865234375,203200,0.0,0.0
2021-12-22 00:00:00+09:00,919.1839780282703,922.6428076727793,908.8074890947432,911.401611328125,171500,0.0,0.0
2021-12-23 00:00:00+09:00,915.7251094807247,928.695720096599,907.9427431112001,910.536865234375,110200,0.0,0.0
2021-12-24 00:00:00+09:00,914.860380821923,914.860380821923,894.1074043193462,901.8897705078125,162000,0.0,0.0
2021-12-27 00:00:00+09:00,899.2957171707969,900.1604245911534,882.8662761840227,889.783935546875,238800,0.0,0.0
2021-12-28 00:00:00+09:00,895.83681686473,922.6427447824971,895.83681686473,920.913330078125,216300,0.0,0.0
2021-12-29 00:00:00+09:00,920.9133861103996,950.3134378735485,920.9133861103996,949.44873046875,104600,0.0,0.0
2021-12-30 00:00:00+09:00,933.8840210635359,939.9369730519106,928.6957765020718,939.072265625,61200,0.0,0.0
2022-01-04 00:00:00+09:00,949.448742541638,949.448742541638,932.1545942257612,944.260498046875,94400,0.0,0.0
2022-01-05 00:00:00+09:00,946.8545543487661,957.2310426156018,935.6133587263606,937.3427734375,160400,0.0,0.0
2022-01-06 00:00:00+09:00,926.9662541351607,937.3427420545842,912.2662295826442,914.8603515625,164600,0.0,0.0
2022-01-07 00:00:00+09:00,926.1014626191042,936.4779495952286,909.6720249069072,925.2367553710938,162200,0.0,0.0
2022-01-11 00:00:00+09:00,928.6957723585706,939.0722614352027,924.3722352433072,932.1546020507812,159600,0.0,0.0
2022-01-12 00:00:00+09:00,952.042840708857,968.4722811933877,940.8016445878624,954.636962890625,162200,0.0,0.0
2022-01-13 00:00:00+09:00,952.0429552863626,955.5017852783203,940.8017578125,940.8017578125,137500,0.0,0.0
2022-01-14 00:00:00+09:00,933.8838278511975,934.7485350992079,917.4543901390005,925.2367553710938,123400,0.0,0.0
2022-01-17 00:00:00+09:00,928.6957292976059,928.6957292976059,914.8604111702672,924.3721923828125,75800,0.0,0.0
2022-01-18 00:00:00+09:00,925.236811760377,926.9662263617982,904.4838365433218,908.807373046875,92400,0.0,0.0
2022-01-19 00:00:00+09:00,902.7544346247251,908.8073858147376,882.0014591161107,884.5955810546875,155100,0.0,0.0
2022-01-20 00:00:00+09:00,884.5956511364406,903.6192135264715,883.7309437550755,898.4309692382812,108800,0.0,0.0
2022-01-21 00:00:00+09:00,890.6485192250398,919.1838601322497,887.1896900241658,918.3191528320312,102700,0.0,0.0
2022-01-24 00:00:00+09:00,907.942778293085,934.7487079379284,907.942778293085,930.4251708984375,67200,0.0,0.0
2022-01-25 00:00:00+09:00,931.2898514464819,938.2075105101512,917.4545333191433,924.3721923828125,92800,0.0,0.0
2022-01-26 00:00:00+09:00,912.266249775997,943.3957142233296,912.266249775997,933.0192260742188,137100,0.0,0.0
2022-01-27 00:00:00+09:00,939.9369452142852,941.6663600168874,904.4839417609405,907.0780639648438,343500,0.0,0.0
2022-01-28 00:00:00+09:00,913.248779296875,927.3530075485642,907.9596937024916,913.248779296875,153600,20.0,0.0
2022-01-31 00:00:00+09:00,925.5898489079005,939.6940751769733,916.7747074897301,938.8125610351562,97100,0.0,0.0
2022-02-01 00:00:00+09:00,950.2723075968038,959.0874495967741,929.115966796875,929.115966796875,75500,0.0,0.0
2022-02-02 00:00:00+09:00,939.6940636871058,960.8504028320312,936.1680071629515,960.8504028320312,106200,0.0,0.0
2022-02-03 00:00:00+09:00,953.7983854775117,953.7983854775117,936.1681010879089,943.22021484375,63100,0.0,0.0
2022-02-04 00:00:00+09:00,936.1680504664902,959.9689331054688,936.1680504664902,959.9689331054688,66600,0.0,0.0
2022-02-07 00:00:00+09:00,959.9689165003159,960.8504306568818,947.6277183083927,959.08740234375,51800,0.0,0.0
2022-02-08 00:00:00+09:00,958.2058886401389,965.2580018960002,947.6277187563472,949.3907470703125,40400,0.0,0.0
2022-02-09 00:00:00+09:00,949.39071912853,961.7319169630698,941.4570919491829,960.8504028320312,50900,0.0,0.0
2022-02-10 00:00:00+09:00,964.3764482028748,966.139476444562,949.390708148534,963.4949340820312,56700,0.0,0.0
2022-02-14 00:00:00+09:00,942.3387006242699,952.0353570385514,929.9975015515479,943.22021484375,54200,0.0,0.0
2022-02-15 00:00:00+09:00,943.220126253608,952.0352676204642,929.1159000666381,935.2864990234375,58700,0.0,0.0
2022-02-16 00:00:00+09:00,951.153730912642,963.4949285333806,941.4570756392045,950.272216796875,101700,0.0,0.0
2022-02-17 00:00:00+09:00,943.2201038707386,952.035245028409,936.1679909446023,950.272216796875,103100,0.0,0.0
2022-02-18 00:00:00+09:00,940.5757295936892,967.0211577921997,939.6942153204055,962.6135864257812,88900,0.0,0.0
2022-02-21 00:00:00+09:00,948.5092049974915,971.428572404494,948.5092049974915,960.8504028320312,107100,0.0,0.0
2022-02-22 00:00:00+09:00,952.916847432548,968.7841029864665,951.1538190376682,958.2059326171875,82400,0.0,0.0
2022-02-24 00:00:00+09:00,948.5091940276905,967.0209905654056,948.5091940276905,963.4949340820312,109800,0.0,0.0
2022-02-25 00:00:00+09:00,967.0209959835782,981.1252219961008,963.4949394804476,976.7176513671875,121500,0.0,0.0
2022-02-28 00:00:00+09:00,982.006746903075,996.9924872059048,973.1916055484694,993.4664306640625,111300,0.0,0.0
2022-03-01 00:00:00+09:00,1012.8596250165159,1021.6747653560853,1007.5705408127743,1016.3856811523438,113900,0.0,0.0
2022-03-02 00:00:00+09:00,990.8219048249806,1002.2815887775827,981.1252491727788,994.3479614257812,79900,0.0,0.0
2022-03-03 00:00:00+09:00,1005.8076687734691,1009.3337254562858,976.7177011402313,979.3622436523438,62500,0.0,0.0
2022-03-04 00:00:00+09:00,976.7177592615927,976.7177592615927,951.1538467899446,956.4429321289062,63000,0.0,0.0
2022-03-07 00:00:00+09:00,932.641940137095,935.2864825004327,905.3150023826055,915.0116577148438,91300,0.0,0.0
2022-03-08 00:00:00+09:00,899.1444261003248,916.7747089650371,885.9217139517907,890.3292846679688,86100,0.0,0.0
2022-03-09 00:00:00+09:00,887.6847706204552,897.3814265060807,872.6990297063064,878.86962890625,81400,0.0,0.0
2022-03-10 00:00:00+09:00,896.4998887671494,908.8410868426066,896.4998887671494,903.552001953125,94400,0.0,0.0
2022-03-11 00:00:00+09:00,877.1066058575215,894.736889392346,877.1066058575215,882.3956909179688,102700,0.0,0.0
2022-03-14 00:00:00+09:00,1056.935300452687,1063.9874125491185,1004.9259737415039,1037.5419921875,572200,0.0,0.0
2022-03-15 00:00:00+09:00,1038.4235190707304,1061.342883668217,1013.7411264272836,1054.290771484375,245700,0.0,0.0
2022-03-16 00:00:00+09:00,1055.172486174971,1063.9876280811948,1034.8976597906567,1045.475830078125,175200,0.0,0.0
2022-03-17 00:00:00+09:00,1056.9352662691158,1061.342836186835,1032.252874729887,1035.7789306640625,151900,0.0,0.0
2022-03-18 00:00:00+09:00,1036.6604580519786,1056.9352799356484,1035.7789440570366,1052.5277099609375,128200,0.0,0.0
2022-03-22 00:00:00+09:00,1061.3430284556775,1069.276655744798,1045.4757738774365,1068.3951416015625,184400,0.0,0.0
2022-03-23 00:00:00+09:00,1075.4472212357955,1098.3665882457385,1074.5657071200283,1086.025390625,177300,0.0,0.0
2022-03-24 00:00:00+09:00,1069.2767295139406,1108.9448686962387,1067.5137011058387,1108.0633544921875,159100,0.0,0.0
2022-03-25 00:00:00+09:00,1134.5085675029932,1144.2052219260956,1117.7598007721797,1138.9161376953125,239500,0.0,0.0
2022-03-28 00:00:00+09:00,1123.9305986676898,1135.3902832031251,1106.3003147670202,1110.7078857421875,167600,0.0,0.0
2022-03-29 00:00:00+09:00,1120.4044082107248,1139.7977181876215,1114.233809581712,1132.74560546875,157900,0.0,0.0
2022-03-30 00:00:00+09:00,1139.7978387812382,1161.835693359375,1127.4566402174817,1161.835693359375,154600,0.0,0.0
2022-03-31 00:00:00+09:00,1138.034857348861,1144.205456885222,1129.2197151540595,1131.8642578125,118200,0.0,0.0
2022-04-01 00:00:00+09:00,1134.5087672574286,1143.3239091941607,1112.4709124155981,1130.1011962890625,124900,0.0,0.0
2022-04-04 00:00:00+09:00,1133.6271096633113,1164.4801025390625,1130.9825674168185,1164.4801025390625,186100,0.0,0.0
2022-04-05 00:00:00+09:00,1173.295254182706,1175.9397964535913,1145.0868032932647,1152.138916015625,168500,0.0,0.0
2022-04-06 00:00:00+09:00,1150.3758990501722,1178.5843502146208,1145.968328555727,1159.1910400390625,146800,0.0,0.0
2022-04-07 00:00:00+09:00,1154.7836404635211,1154.7836404635211,1113.3524716835323,1119.5230712890625,141100,0.0,0.0
2022-04-08 00:00:00+09:00,1132.745615926335,1144.2052992002978,1097.485052006449,1101.0111083984375,92100,0.0,0.0
2022-04-11 00:00:00+09:00,1099.2479887462798,1101.8925308202483,1068.3949978833127,1073.68408203125,94100,0.0,0.0
2022-04-12 00:00:00+09:00,1067.513594193892,1087.788418856534,1065.750565962358,1066.632080078125,72000,0.0,0.0
2022-04-13 00:00:00+09:00,1064.869140625,1077.2103392746276,1054.2909703538908,1064.869140625,80800,0.0,0.0
2022-04-14 00:00:00+09:00,1065.7505770780472,1078.9732889524648,1061.3430064532415,1063.987548828125,71400,0.0,0.0
2022-04-15 00:00:00+09:00,1063.106079612317,1067.5136504233133,1049.0018530171287,1053.409423828125,62600,0.0,0.0
2022-04-18 00:00:00+09:00,1035.7791080894406,1042.8312211657942,1024.319424340366,1041.94970703125,74900,0.0,0.0
2022-04-19 00:00:00+09:00,1041.9497959977489,1055.1725091449284,1040.186767578125,1040.186767578125,51200,0.0,0.0
2022-04-20 00:00:00+09:00,1057.817138671875,1074.5659100341798,1054.2910815429686,1057.817138671875,80900,0.0,0.0
2022-04-21 00:00:00+09:00,1050.7648590367403,1069.2766560499713,1049.0018307497658,1058.698486328125,69500,0.0,0.0
2022-04-22 00:00:00+09:00,1047.238904286893,1051.6464754328817,1034.0161908489274,1034.897705078125,46200,0.0,0.0
2022-04-25 00:00:00+09:00,1029.6086197029388,1051.6464754328817,1029.6086197029388,1034.897705078125,71500,0.0,0.0
2022-04-26 00:00:00+09:00,1046.3571323080396,1046.3571323080396,1028.7268520669604,1037.5419921875,94800,0.0,0.0
2022-04-27 00:00:00+09:00,1012.8598050250976,1048.120372649992,1011.9782908344752,1045.475830078125,105400,0.0,0.0
2022-04-28 00:00:00+09:00,1040.1867992979883,1054.2910270850796,1035.7792281145223,1051.646484375,45700,0.0,0.0
2022-05-02 00:00:00+09:00,1056.053998732409,1074.5657967068503,1056.053998732409,1064.869140625,55100,0.0,0.0
2022-05-06 00:00:00+09:00,1064.8690954064277,1085.1439208984375,1064.8690954064277,1085.1439208984375,74000,0.0,0.0
2022-05-09 00:00:00+09:00,1079.854713105485,1088.6698536206318,1063.9874601782205,1065.75048828125,67800,0.0,0.0
2022-05-10 00:00:00+09:00,1060.4614812677557,1074.5657071200283,1049.883311878551,1066.632080078125,72700,0.0,0.0
2022-05-11 00:00:00+09:00,1062.224632180463,1071.0397743562344,1047.2388904816514,1056.935546875,71300,0.0,0.0
2022-05-12 00:00:00+09:00,1043.7125673261519,1055.1722492309154,1032.2528854213883,1033.1343994140625,60600,0.0,0.0
2022-05-13 00:00:00+09:00,1038.423486041863,1058.6983079255326,1037.5419720469208,1052.5277099609375,78700,0.0,0.0
2022-05-16 00:00:00+09:00,1061.3430970321745,1066.6321822333316,1033.1346426260038,1042.831298828125,127200,0.0,0.0
2022-05-17 00:00:00+09:00,1032.2530626292144,1048.1203172212945,1029.608520197201,1039.30517578125,73500,0.0,0.0
2022-05-18 00:00:00+09:00,1035.779196529065,1054.2909949351165,1023.4379975916976,1040.186767578125,113300,0.0,0.0
2022-05-19 00:00:00+09:00,1017.2673546567395,1042.83126564898,1017.2673546567395,1041.0682373046875,81400,0.0,0.0
2022-05-20 00:00:00+09:00,1049.0018530171287,1057.8169946391213,1041.9497397195346,1053.409423828125,104800,0.0,0.0
2022-05-23 00:00:00+09:00,1056.053932572981,1075.4472435217335,1056.053932572981,1071.0396728515625,127600,0.0,0.0
2022-05-24 00:00:00+09:00,1062.2247217571926,1062.2247217571926,1049.0020073784722,1055.172607421875,100300,0.0,0.0
2022-05-25 00:00:00+09:00,1056.9355813419118,1057.8170955882351,1040.1868106617646,1049.001953125,76700,0.0,0.0
2022-05-26 00:00:00+09:00,1053.4094008713205,1083.3808817329314,1052.5278867283319,1078.091796875,121000,0.0,0.0
2022-05-27 00:00:00+09:00,1086.0253338009145,1090.4329041491324,1046.3572006669524,1060.46142578125,82700,0.0,0.0
2022-05-30 00:00:00+09:00,1063.1060452534484,1090.4329833984375,1060.4615028523203,1090.4329833984375,165500,0.0,0.0
2022-05-31 00:00:00+09:00,1090.4331067631333,1099.248249097516,1077.2103932615594,1080.7364501953125,103900,0.0,0.0
2022-06-01 00:00:00+09:00,1072.8027438704453,1104.5372539602859,1072.8027438704453,1099.2481689453125,87200,0.0,0.0
2022-06-02 00:00:00+09:00,1093.959183992395,1097.4852409915648,1073.6843562471695,1094.8406982421875,65200,0.0,0.0
2022-06-03 00:00:00+09:00,1111.589366146295,1124.8120786698435,1111.589366146295,1118.6414794921875,77300,0.0,0.0
2022-06-06 00:00:00+09:00,1101.0111748405388,1117.7599437132133,1094.8405757821852,1104.5372314453125,79800,0.0,0.0
2022-06-07 00:00:00+09:00,1109.8263389752594,1116.8784523285572,1097.485140606988,1099.2481689453125,67900,0.0,0.0
2022-06-08 00:00:00+09:00,1100.1296937250995,1114.233920567729,1100.1296937250995,1106.30029296875,85400,0.0,0.0
2022-06-09 00:00:00+09:00,1109.8263602479526,1117.7599879224813,1099.2481900152477,1113.3524169921875,91400,0.0,0.0
2022-06-10 00:00:00+09:00,1108.0634570863342,1111.5895142290115,1091.314685658617,1093.959228515625,109800,0.0,0.0
2022-06-13 00:00:00+09:00,1022.5564030238561,1022.5564030238561,983.7697808401925,987.2958374023438,293600,0.0,0.0
2022-06-14 00:00:00+09:00,969.6656494140625,984.6513912686435,956.4429360129617,969.6656494140625,161900,0.0,0.0
2022-06-15 00:00:00+09:00,959.0873688515343,989.9403632539274,959.0873688515343,976.7176513671875,120800,0.0,0.0
2022-06-16 00:00:00+09:00,998.7556359120438,998.7556359120438,970.5471801757812,970.5471801757812,115100,0.0,0.0
2022-06-17 00:00:00+09:00,944.1016513406952,955.5613352505262,940.5755947530549,942.338623046875,153900,0.0,0.0
2022-06-20 00:00:00+09:00,948.5092224236472,953.7983073070504,914.1301706815262,932.6419677734375,114500,0.0,0.0
2022-06-21 00:00:00+09:00,933.5234539733497,968.7840188070928,932.6419398525061,963.4949340820312,92400,0.0,0.0
2022-06-22 00:00:00+09:00,963.4948395922247,969.66543783298,953.7981852138948,961.7318115234375,60100,0.0,0.0
2022-06-23 00:00:00+09:00,952.0351464308158,973.1914830181672,945.8645482595049,964.3763427734375,79400,0.0,0.0
2022-06-24 00:00:00+09:00,964.3764753727257,981.125244140625,964.3764753727257,981.125244140625,72400,0.0,0.0
2022-06-27 00:00:00+09:00,996.1109842863796,996.1109842863796,984.6513003963593,990.8218994140625,83400,0.0,0.0
2022-06-28 00:00:00+09:00,989.0587939711475,1000.5184769672481,982.8881954347855,999.636962890625,78300,0.0,0.0
2022-06-29 00:00:00+09:00,999.6370619468125,1014.622802734375,987.2958636511729,1014.622802734375,120100,0.0,0.0
2022-06-30 00:00:00+09:00,1012.8599029220901,1023.4380742319813,991.7035603023076,1008.4523315429688,155400,0.0,0.0
2022-07-01 00:00:00+09:00,1007.5706566138512,1024.319425183985,1000.5185435316894,1003.1630859375,84500,0.0,0.0
2022-07-04 00:00:00+09:00,1018.1488477191189,1026.9639892578125,1011.9782486420332,1026.9639892578125,88000,0.0,0.0
2022-07-05 00:00:00+09:00,1027.8455151939888,1031.3715718498859,1013.7412885704008,1014.622802734375,94800,0.0,0.0
2022-07-06 00:00:00+09:00,1005.8076495649477,1028.7270175655513,1004.9261354110783,1026.9639892578125,83400,0.0,0.0
2022-07-07 00:00:00+09:00,1026.9638240428526,1042.8310762598237,1020.793225958475,1037.5419921875,120600,0.0,0.0
2022-07-08 00:00:00+09:00,1036.6606552536423,1056.9354809941472,1027.8455136273358,1043.7127685546875,125900,0.0,0.0
2022-07-11 00:00:00+09:00,1058.6985943593559,1084.2625071290654,1054.2910231921644,1080.7364501953125,106500,0.0,0.0
2022-07-12 00:00:00+09:00,1071.0397391440538,1086.9069945387805,1068.395196578266,1074.5657958984375,99600,0.0,0.0
2022-07-13 00:00:00+09:00,1065.7505882491305,1070.158158920136,1048.1203055651085,1061.343017578125,80800,0.0,0.0
2022-07-14 00:00:00+09:00,1053.4093903703151,1069.2766447859349,1050.7648479677118,1061.343017578125,101800,0.0,0.0
2022-07-15 00:00:00+09:00,1071.9212541390727,1085.1439669779595,1063.9876264357408,1064.869140625,72600,0.0,0.0
2022-07-19 00:00:00+09:00,1064.869140625,1075.4473108961092,1056.935512921668,1064.869140625,65600,0.0,0.0
2022-07-20 00:00:00+09:00,1077.2103271484375,1090.4330398384757,1077.2103271484375,1077.2103271484375,80900,0.0,0.0
2022-07-21 00:00:00+09:00,1077.2102494673295,1095.7220458984375,1077.2102494673295,1095.7220458984375,88500,0.0,0.0
2022-07-22 00:00:00+09:00,1094.8407428012943,1104.5373999436567,1091.314685658617,1093.959228515625,53700,0.0,0.0
2022-07-25 00:00:00+09:00,1088.669932972301,1093.0775035511363,1081.6178200461648,1086.025390625,43900,0.0,0.0
2022-07-26 00:00:00+09:00,1086.0253462717965,1089.5514025908608,1078.0917195539018,1086.9068603515625,44400,0.0,0.0
2022-07-27 00:00:00+09:00,1080.7363059303977,1090.4329612038352,1078.9732776988635,1086.025390625,118800,0.0,0.0
2022-07-28 00:00:00+09:00,1098.6222543615554,1106.7202070964072,1086.925211522325,1105.8204345703125,102600,25.0,0.0
2022-07-29 00:00:00+09:00,1105.820387858206,1113.0185677628974,1097.7224354654284,1100.4217529296875,48900,0.0,0.0
2022-08-01 00:00:00+09:00,1122.0163895050748,1145.4104762148838,1106.7202558871227,1140.0118408203125,143100,0.0,0.0
2022-08-02 00:00:00+09:00,1137.3125598538306,1143.610968017578,1108.5198368195565,1115.718017578125,107300,0.0,0.0
2022-08-03 00:00:00+09:00,1126.515118121328,1128.3146630384547,1110.3192138671875,1110.3192138671875,67900,0.0,0.0
2022-08-04 00:00:00+09:00,1127.414995922718,1151.7088545738857,1119.3170430389953,1150.80908203125,87100,0.0,0.0
2022-08-05 00:00:00+09:00,1145.410371796723,1160.7065040202456,1140.0117368943033,1156.2076416015625,83900,0.0,0.0
2022-08-08 00:00:00+09:00,1156.2077112212617,1171.5038443658232,1156.2077112212617,1164.3056640625,64200,0.0,0.0
2022-08-09 00:00:00+09:00,1169.7043148087866,1176.002722657757,1159.8068167604047,1166.105224609375,64500,0.0,0.0
2022-08-10 00:00:00+09:00,1147.2100683290705,1165.205520381291,1145.4105231238484,1159.806884765625,65600,0.0,0.0
2022-08-12 00:00:00+09:00,1175.1029669588922,1190.3991005257385,1167.0050138940912,1182.3011474609375,132200,0.0,0.0
2022-08-15 00:00:00+09:00,1183.2008657185468,1183.2008657185468,1169.7042778966622,1176.002685546875,68700,0.0,0.0
2022-08-16 00:00:00+09:00,1186.7998563111285,1193.9980358793537,1176.0025869587905,1178.701904296875,146300,0.0,0.0
2022-08-17 00:00:00+09:00,1182.3009940809877,1188.5994012031847,1170.6039522826218,1178.701904296875,124900,0.0,0.0
2022-08-18 00:00:00+09:00,1174.2033004760742,1181.401481628418,1166.1053466796875,1180.501708984375,77400,0.0,0.0
2022-08-19 00:00:00+09:00,1186.80014845628,1186.80014845628,1168.8046951059196,1169.7044677734375,92900,0.0,0.0
2022-08-22 00:00:00+09:00,1161.6063464487538,1170.6040718279078,1154.4081661454309,1164.3056640625,56800,0.0,0.0
2022-08-23 00:00:00+09:00,1163.4059054374695,1163.4059054374695,1148.1097721099854,1151.7088623046875,45900,0.0,0.0
2022-08-24 00:00:00+09:00,1151.7088122605364,1180.5015325670497,1150.809039750958,1174.203125,73400,0.0,0.0
2022-08-25 00:00:00+09:00,1175.1028145127625,1186.7998563111285,1171.5037247286498,1178.701904296875,83900,0.0,0.0
2022-08-26 00:00:00+09:00,1178.7020203788325,1193.998153467718,1173.3033851709904,1192.1986083984375,76900,0.0,0.0
2022-08-29 00:00:00+09:00,1174.203140503957,1196.6974535404313,1173.303367982498,1176.002685546875,82800,0.0,0.0
2022-08-30 00:00:00+09:00,1186.7998088064369,1198.496850136599,1167.9045881961752,1173.30322265625,99200,0.0,0.0
2022-08-31 00:00:00+09:00,1165.205428852928,1170.6040640445246,1149.0095232781382,1163.4058837890625,70800,0.0,0.0
2022-09-01 00:00:00+09:00,1151.7088997241924,1154.408217457921,1139.112083633459,1141.8114013671875,87300,0.0,0.0
2022-09-02 00:00:00+09:00,1133.7133192188733,1141.811271499008,1126.515139414309,1140.9114990234375,93700,0.0,0.0
2022-09-05 00:00:00+09:00,1136.4127441977562,1160.7066033373756,1122.0163832261298,1153.5084228515625,82400,0.0,0.0
2022-09-06 00:00:00+09:00,1159.8068152427675,1167.9047681808472,1146.3102270126344,1151.7088623046875,70000,0.0,0.0
2022-09-07 00:00:00+09:00,1149.9091718489992,1152.608489153809,1136.41258532495,1149.0093994140625,95600,0.0,0.0
2022-09-08 00:00:00+09:00,1166.105090052481,1180.5014491889312,1160.706455376312,1178.701904296875,66900,0.0,0.0
2022-09-09 00:00:00+09:00,1173.3033988248474,1191.298849727069,1173.3033988248474,1179.601806640625,107000,0.0,0.0
2022-09-12 00:00:00+09:00,1233.5880650950003,1322.665540255033,1220.9912504259046,1310.0687255859375,420900,0.0,0.0
2022-09-13 00:00:00+09:00,1304.6702672645797,1345.1600341796875,1303.7704946664662,1345.1600341796875,210600,0.0,0.0
2022-09-14 00:00:00+09:00,1325.3648837228548,1353.2578310381355,1318.1667037705242,1327.1644287109375,154900,0.0,0.0
2022-09-15 00:00:00+09:00,1336.1620349622754,1336.1620349622754,1301.0709108117508,1313.667724609375,104600,0.0,0.0
2022-09-16 00:00:00+09:00,1299.271346559141,1313.6677049697685,1292.9729397544913,1297.4718017578125,78600,0.0,0.0
2022-09-20 00:00:00+09:00,1297.4718017578125,1324.4649737777393,1288.4740777511702,1297.4718017578125,113800,0.0,0.0
2022-09-21 00:00:00+09:00,1306.4696877564575,1315.4674128787472,1291.173555048565,1301.9708251953125,91800,0.0,0.0
2022-09-22 00:00:00+09:00,1283.975328835905,1316.3671381127742,1283.975328835905,1296.5721435546875,105000,0.0,0.0
2022-09-26 00:00:00+09:00,1292.0734159062722,1292.0734159062722,1264.1804661199947,1269.5791015625,118500,0.0,0.0
2022-09-27 00:00:00+09:00,1277.6768767528044,1277.6768767528044,1254.2827930939504,1263.280517578125,87300,0.0,0.0
2022-09-28 00:00:00+09:00,1283.9754715606946,1291.173652200138,1261.4811570624345,1284.875244140625,105500,0.0,0.0
2022-09-29 00:00:00+09:00,1301.0711830014088,1320.8661802531592,1296.5723199896474,1317.26708984375,87600,0.0,0.0
2022-09-30 00:00:00+09:00,1317.267021796397,1330.763610134475,1309.1690687935504,1323.5654296875,102100,0.0,0.0
2022-10-03 00:00:00+09:00,1311.8684624382809,1341.5609585016987,1304.6702815744218,1332.563232421875,104700,0.0,0.0
2022-10-04 00:00:00+09:00,1337.0619994795102,1364.05517578125,1332.5631367625535,1364.05517578125,92900,0.0,0.0
2022-10-05 00:00:00+09:00,1376.651876068618,1383.8500558127678,1357.7566542402253,1364.954833984375,65600,0.0,0.0
2022-10-06 00:00:00+09:00,1376.651952252492,1393.7476300909218,1355.057411825002,1359.5562744140625,98000,0.0,0.0
2022-10-07 00:00:00+09:00,1343.3603229307257,1362.2555451554715,1326.2646456797654,1354.1575927734375,61100,0.0,0.0
2022-10-11 00:00:00+09:00,1340.661125106248,1349.658850778102,1324.4652188969108,1339.7613525390625,88700,0.0,0.0
2022-10-12 00:00:00+09:00,1337.9618680697693,1355.057547621434,1328.0643693819632,1332.563232421875,59800,0.0,0.0
2022-10-13 00:00:00+09:00,1322.6656557063466,1322.6656557063466,1302.8706594984965,1309.1690673828125,65200,0.0,0.0
2022-10-14 00:00:00+09:00,1333.4629200215243,1343.3604180783643,1318.1667866609534,1322.6656494140625,87700,0.0,0.0
2022-10-17 00:00:00+09:00,1322.665514676076,1338.8614189374157,1313.667790086443,1335.2623291015625,68800,0.0,0.0
2022-10-18 00:00:00+09:00,1354.157648935368,1378.4515070890257,1354.157648935368,1374.8524169921875,122200,0.0,0.0
2022-10-19 00:00:00+09:00,1377.5517671176012,1396.446990572513,1373.0529043902413,1392.847900390625,121000,0.0,0.0
2022-10-20 00:00:00+09:00,1391.0484003233196,1409.9436243898072,1373.0529488314266,1383.8502197265625,109200,0.0,0.0
2022-10-21 00:00:00+09:00,1384.7499845922962,1398.2465731360808,1374.8524863268542,1382.950439453125,81100,0.0,0.0
2022-10-24 00:00:00+09:00,1391.0481706891742,1398.2463500976562,1383.849991280692,1385.6495361328125,79000,0.0,0.0
2022-10-25 00:00:00+09:00,1382.050720531088,1406.3445808529236,1378.4516301130384,1389.2489013671875,77000,0.0,0.0
2022-10-26 00:00:00+09:00,1399.1462848749745,1401.8456024663733,1369.4537913695892,1390.1485595703125,125100,0.0,0.0
2022-10-27 00:00:00+09:00,1370.3534975375053,1373.9525874850758,1349.6587303389742,1354.1575927734375,57700,0.0,0.0
2022-10-28 00:00:00+09:00,1328.9640450032553,1364.9549466959636,1328.0642724609374,1349.6588134765625,513500,0.0,0.0
2022-10-31 00:00:00+09:00,1364.055150428185,1403.6451416015625,1364.055150428185,1403.6451416015625,128500,0.0,0.0
2022-11-01 00:00:00+09:00,1402.7453749968395,1409.9435552405694,1378.4515166742515,1390.1485595703125,63400,0.0,0.0
2022-11-02 00:00:00+09:00,1379.3513324227752,1379.3513324227752,1348.7590654284018,1366.7545166015625,85800,0.0,0.0
2022-11-04 00:00:00+09:00,1340.6610340442899,1359.55625667176,1340.6610340442899,1343.3603515625,62400,0.0,0.0
2022-11-07 00:00:00+09:00,1370.3536825441247,1370.3536825441247,1333.4630056010458,1346.9595947265625,55700,0.0,0.0
2022-11-08 00:00:00+09:00,1336.1622253417968,1363.155401611328,1336.1622253417968,1349.6588134765625,50800,0.0,0.0
2022-11-09 00:00:00+09:00,1371.2533623417721,1371.2533623417721,1348.7590486550632,1350.55859375,28300,0.0,0.0
2022-11-10 00:00:00+09:00,1344.260261581574,1347.859351974028,1332.5632178060985,1345.1600341796875,50600,0.0,0.0
2022-11-11 00:00:00+09:00,1378.4515535237736,1382.9504162963708,1369.4538279785793,1380.2510986328125,67700,0.0,0.0
2022-11-14 00:00:00+09:00,1394.6473305774591,1394.6473305774591,1351.458251953125,1351.458251953125,48300,0.0,0.0
2022-11-15 00:00:00+09:00,1339.761412699312,1341.560957914489,1300.171417965417,1318.1668701171875,76800,0.0,0.0
2022-11-16 00:00:00+09:00,1318.1666600904882,1341.5607441603536,1302.8705281986531,1336.162109375,92300,0.0,0.0
2022-11-17 00:00:00+09:00,1338.8614450785929,1379.351206522502,1338.8614450785929,1352.3580322265625,106200,0.0,0.0
2022-11-18 00:00:00+09:00,1352.3581311035157,1359.5563114420572,1344.2601782226561,1349.6588134765625,52700,0.0,0.0
2022-11-21 00:00:00+09:00,1342.4605712890625,1349.6587512959743,1332.5630737795586,1342.4605712890625,60900,0.0,0.0
2022-11-22 00:00:00+09:00,1346.9594649044589,1355.0574175992751,1340.661057252935,1346.0596923828125,51600,0.0,0.0
2022-11-24 00:00:00+09:00,1355.957193983787,1376.6519620406066,1355.957193983787,1374.8524169921875,52500,0.0,0.0
2022-11-25 00:00:00+09:00,1380.2510986328125,1382.9504162963708,1372.1531456421376,1380.2510986328125,36900,0.0,0.0
2022-11-28 00:00:00+09:00,1373.9526970708268,1381.1508775400912,1355.057473339008,1366.7545166015625,80600,0.0,0.0
2022-11-29 00:00:00+09:00,1373.9526079263371,1392.8478304322005,1362.2555654227076,1384.7498779296875,68300,0.0,0.0
2022-11-30 00:00:00+09:00,1373.0528778257703,1373.0528778257703,1355.957199792553,1361.3558349609375,51000,0.0,0.0
2022-12-01 00:00:00+09:00,1362.2556212605277,1378.4515269294113,1348.759033203125,1348.759033203125,36500,0.0,0.0
2022-12-02 00:00:00+09:00,1347.859219727884,1347.859219727884,1315.4674093739427,1329.86376953125,63400,0.0,0.0
2022-12-05 00:00:00+09:00,1334.3626377734108,1336.162182800752,1306.469689849624,1316.3671875,54100,0.0,0.0
2022-12-06 00:00:00+09:00,1304.6702487056618,1310.0688842175473,1283.0757066581198,1285.7750244140625,47600,0.0,0.0
2022-12-07 00:00:00+09:00,1272.278337872894,1290.2737881964144,1265.9799302596618,1288.4742431640625,69700,0.0,0.0
2022-12-08 00:00:00+09:00,1290.2737881964144,1292.0733332287666,1280.3762905184783,1288.4742431640625,55000,0.0,0.0
2022-12-09 00:00:00+09:00,1277.6769060952702,1310.9684874512736,1272.278271280783,1294.7725830078125,92900,0.0,0.0
2022-12-12 00:00:00+09:00,1372.1530009842168,1396.4468573950849,1362.2555039279373,1377.5516357421875,216500,0.0,0.0
2022-12-13 00:00:00+09:00,1413.5426315885084,1466.629210368726,1394.6474086328376,1402.745361328125,164400,0.0,0.0
2022-12-14 00:00:00+09:00,1410.8432927798983,1435.1371504999602,1406.344430239146,1414.4423828125,87900,0.0,0.0
2022-12-15 00:00:00+09:00,1409.9435511555164,1430.6383192962803,1404.5449159883606,1418.04150390625,54800,0.0,0.0
2022-12-16 00:00:00+09:00,1394.6474454815689,1409.9435787545926,1388.349037663265,1392.847900390625,69800,0.0,0.0
2022-12-19 00:00:00+09:00,1382.950426677419,1419.841101689634,1381.150881554872,1409.943603515625,54800,0.0,0.0
2022-12-20 00:00:00+09:00,1415.3422990800186,1445.9345674644564,1375.752304700158,1388.34912109375,106200,0.0,0.0
2022-12-21 00:00:00+09:00,1378.4514524521287,1379.3512249406745,1351.4582777957553,1368.553955078125,62200,0.0,0.0
2022-12-22 00:00:00+09:00,1380.2511127672697,1384.7499755859376,1349.658845600329,1367.654296875,45900,0.0,0.0
2022-12-23 00:00:00+09:00,1352.3580400182846,1364.9548547623006,1343.3603152011303,1353.2578125,34300,0.0,0.0
2022-12-26 00:00:00+09:00,1364.0551989255885,1372.1531519535108,1346.0597477524277,1366.7545166015625,51500,0.0,0.0
2022-12-27 00:00:00+09:00,1365.8546976012578,1373.0528778257703,1357.7567448486811,1361.3558349609375,52100,0.0,0.0
2022-12-28 00:00:00+09:00,1347.8593667575751,1349.65891197354,1321.7659611260867,1332.563232421875,46500,0.0,0.0
2022-12-29 00:00:00+09:00,1307.3694832770932,1361.3558349609375,1306.4697107490292,1361.3558349609375,54000,0.0,0.0
2022-12-30 00:00:00+09:00,1346.9594687416916,1382.9503697100733,1346.9594687416916,1374.8524169921875,56700,0.0,0.0
2023-01-04 00:00:00+09:00,1376.6519400424982,1376.6519400424982,1329.86376953125,1329.86376953125,46400,0.0,0.0
2023-01-05 00:00:00+09:00,1309.1690415680766,1349.6588057402853,1309.1690415680766,1348.759033203125,78700,0.0,0.0
2023-01-06 00:00:00+09:00,1339.7613525390625,1366.7545295546247,1332.5631720015795,1339.7613525390625,77000,0.0,0.0
2023-01-10 00:00:00+09:00,1337.9617905814498,1347.85928869604,1323.5654296875,1323.5654296875,81900,0.0,0.0
2023-01-11 00:00:00+09:00,1321.7657422171128,1344.2600536911957,1314.5675625454062,1335.2623291015625,51400,0.0,0.0
2023-01-12 00:00:00+09:00,1337.0619339774942,1351.4582939664845,1325.3648914864393,1328.064208984375,49700,0.0,0.0
2023-01-13 00:00:00+09:00,1319.9663922561665,1340.661161868908,1310.9686663375833,1315.467529296875,84700,0.0,0.0
2023-01-16 00:00:00+09:00,1295.672256956484,1310.9683877677758,1288.4740777511702,1297.4718017578125,86000,0.0,0.0
2023-01-17 00:00:00+09:00,1297.4719263398597,1321.7657834904674,1293.8728363916216,1311.8682861328125,56800,0.0,0.0
2023-01-18 00:00:00+09:00,1314.5677651179005,1334.3627622654665,1307.3695843369676,1330.763671875,58300,0.0,0.0
2023-01-19 00:00:00+09:00,1324.4652789500337,1339.7614132857339,1315.4675528702103,1332.563232421875,46000,0.0,0.0
2023-01-20 00:00:00+09:00,1325.3650209792338,1337.9618372003533,1322.6657032175651,1328.964111328125,42900,0.0,0.0
2023-01-23 00:00:00+09:00,1342.46068566346,1351.4584114386842,1333.4629598882357,1341.5609130859375,48600,0.0,0.0
2023-01-24 00:00:00+09:00,1342.4605658619153,1364.9548782925774,1331.6632958951975,1355.9571533203125,64100,0.0,0.0
2023-01-25 00:00:00+09:00,1352.3581388449368,1362.2556368670887,1342.4606408227849,1350.55859375,53000,0.0,0.0
2023-01-26 00:00:00+09:00,1348.7589887918582,1361.3558038973192,1340.661036224062,1357.7567138671875,76100,0.0,0.0
2023-01-27 00:00:00+09:00,1364.9549934214963,1372.1531740064481,1347.8593145322357,1355.0574951171875,119800,0.0,0.0
2023-01-30 00:00:00+09:00,1367.82373046875,1384.237615234375,1363.2643180338541,1367.82373046875,115100,20.0,0.0
2023-01-31 00:00:00+09:00,1375.1188791728794,1382.4139395398443,1360.5287584389496,1376.03076171875,58800,0.0,0.0
2023-02-01 00:00:00+09:00,1390.6209031740823,1409.770436922709,1385.1496078173318,1400.651611328125,86500,0.0,0.0
2023-02-02 00:00:00+09:00,1407.9467440022734,1435.3032221888461,1397.9160353338634,1428.9200439453125,75500,0.0,0.0
2023-02-03 00:00:00+09:00,1430.743633834048,1444.4218712511995,1413.4178664389894,1425.2723388671875,68500,0.0,0.0
2023-02-06 00:00:00+09:00,1430.7436557985702,1459.9238960697967,1429.8317732900944,1449.8931884765625,70600,0.0,0.0
2023-02-07 00:00:00+09:00,1448.0696318278565,1448.0696318278565,1432.567626953125,1432.567626953125,28500,0.0,0.0
2023-02-08 00:00:00+09:00,1432.5674730250646,1453.540771484375,1429.8318253999373,1453.540771484375,27400,0.0,0.0
2023-02-09 00:00:00+09:00,1442.5981306803792,1467.2189584479963,1440.7743656605558,1462.6595458984375,37700,0.0,0.0
2023-02-10 00:00:00+09:00,1446.2456399936868,1467.218937421086,1442.5981100063132,1444.421875,47100,0.0,0.0
2023-02-13 00:00:00+09:00,1437.1267499948738,1437.1267499948738,1382.4138026600435,1389.7088623046875,44900,0.0,0.0
2023-02-14 00:00:00+09:00,1411.5941173884646,1420.7129424361938,1397.915879816871,1417.977294921875,30500,0.0,0.0
2023-02-15 00:00:00+09:00,1431.655426614533,1431.655426614533,1413.417777867851,1417.0653076171875,23200,0.0,0.0
2023-02-16 00:00:00+09:00,1438.9506461661622,1438.9506461661622,1415.2417001583547,1421.6248779296875,44500,0.0,0.0
2023-02-17 00:00:00+09:00,1406.122831609479,1406.122831609479,1368.735648667852,1372.3831787109375,46400,0.0,0.0
2023-02-20 00:00:00+09:00,1375.1189311763364,1375.1189311763364,1360.5288098906458,1373.295166015625,67000,0.0,0.0
2023-02-21 00:00:00+09:00,1372.383352957775,1377.8546487170752,1364.1764093188249,1369.647705078125,55100,0.0,0.0
2023-02-22 00:00:00+09:00,1347.7623992445983,1357.793107222738,1328.612865831786,1350.498046875,115100,0.0,0.0
2023-02-24 00:00:00+09:00,1345.0267680388927,1345.0267680388927,1328.6128820560452,1343.2030029296875,92500,0.0,0.0
2023-02-27 00:00:00+09:00,1330.4366291152755,1352.3218101288237,1324.0534513196574,1337.731689453125,70100,0.0,0.0
2023-02-28 00:00:00+09:00,1335.9078726217049,1352.3217577460673,1334.0841076078868,1340.46728515625,59300,0.0,0.0
2023-03-01 00:00:00+09:00,1340.467234843486,1355.9692368790909,1319.4939379717853,1349.5860595703125,103300,0.0,0.0
2023-03-02 00:00:00+09:00,1350.4980305607005,1368.7356812097307,1350.4980305607005,1357.7930908203125,64700,0.0,0.0
2023-03-03 00:00:00+09:00,1361.4406924710015,1375.1189311763364,1350.4981015067335,1373.295166015625,87300,0.0,0.0
2023-03-06 00:00:00+09:00,1385.1495372527236,1402.475304999795,1383.325772226716,1391.53271484375,101500,0.0,0.0
2023-03-07 00:00:00+09:00,1388.797189691373,1404.2991937785387,1387.8853070980103,1397.916015625,59800,0.0,0.0
2023-03-08 00:00:00+09:00,1395.180283379309,1430.743702367409,1393.3565183029962,1415.24169921875,98500,0.0,0.0
2023-03-09 00:00:00+09:00,1430.743702367409,1430.743702367409,1409.7704039898115,1415.24169921875,78600,0.0,0.0
2023-03-10 00:00:00+09:00,1396.0921457952993,1408.858501145485,1378.7663778200474,1397.0040283203125,203000,0.0,0.0
2023-03-13 00:00:00+09:00,1366.9118469368977,1366.9118469368977,1255.6621836104791,1277.54736328125,351900,0.0,0.0
2023-03-14 00:00:00+09:00,1275.7236367142907,1275.7236367142907,1191.830445450735,1198.213623046875,161300,0.0,0.0
2023-03-15 00:00:00+09:00,1210.9800290333462,1216.4513243452438,1175.4166095060116,1182.711669921875,148200,0.0,0.0
2023-03-16 00:00:00+09:00,1148.0600815350385,1183.6234994698013,1146.2363165127429,1179.0640869140625,107900,0.0,0.0
2023-03-17 00:00:00+09:00,1180.8879407586899,1196.3899446142093,1176.3285278600076,1193.654296875,68000,0.0,0.0
2023-03-20 00:00:00+09:00,1180.887775209551,1185.4471874690473,1150.795654296875,1150.795654296875,90900,0.0,0.0
2023-03-22 00:00:00+09:00,1182.7115622295792,1193.6541518569923,1167.2095602574104,1169.0333251953125,200800,0.0,0.0
2023-03-23 00:00:00+09:00,1165.3858632013423,1185.4472786868116,1157.1789205027414,1159.002685546875,210900,0.0,0.0
2023-03-24 00:00:00+09:00,1156.2671619888852,1202.7731756020028,1156.2671619888852,1197.3018798828125,277400,0.0,0.0
2023-03-27 00:00:00+09:00,1189.0949001400695,1197.3018434692572,1177.2404264423542,1179.97607421875,126300,0.0,0.0
2023-03-28 00:00:00+09:00,1184.5354315575132,1186.3591966561391,1156.267072528812,1157.178955078125,105700,0.0,0.0
2023-03-29 00:00:00+09:00,1153.531429080144,1189.0948486328125,1150.7957814222464,1189.0948486328125,116100,0.0,0.0
2023-03-30 00:00:00+09:00,1189.0948469295058,1201.8612026480741,1167.2096656976744,1176.3284912109375,81700,0.0,0.0
2023-03-31 00:00:00+09:00,1170.857159395173,1185.447279761468,1159.914569120452,1165.3858642578125,74300,0.0,0.0
2023-04-03 00:00:00+09:00,1180.8878733317056,1217.3631744384766,1180.8878733317056,1203.6849365234375,102100,0.0,0.0
2023-04-04 00:00:00+09:00,1203.6847972653293,1209.1560917983536,1189.094678510598,1204.5966796875,68400,0.0,0.0
2023-04-05 00:00:00+09:00,1192.7423762665628,1192.7423762665628,1169.0334299493375,1169.9453125,73000,0.0,0.0
2023-04-06 00:00:00+09:00,1155.3552239312066,1156.2671065073164,1145.324515593998,1148.9720458984375,67200,0.0,0.0
2023-04-07 00:00:00+09:00,1152.6195078924075,1163.5620981572088,1152.6195078924075,1159.002685546875,42400,0.0,0.0
2023-04-10 00:00:00+09:00,1174.5046720765733,1179.0640846234546,1163.5620819640587,1166.2977294921875,42200,0.0,0.0
2023-04-11 00:00:00+09:00,1176.3284766964796,1204.596835438798,1176.3284766964796,1196.389892578125,81200,0.0,0.0
2023-04-12 00:00:00+09:00,1205.5086325100901,1217.363104690598,1205.5086325100901,1207.3323974609375,69300,0.0,0.0
2023-04-13 00:00:00+09:00,1209.1563007305194,1209.1563007305194,1192.7424142952636,1193.654296875,50800,0.0,0.0
2023-04-14 00:00:00+09:00,1190.0065795622468,1214.6274053462932,1190.0065795622468,1210.0679931640625,55800,0.0,0.0
2023-04-17 00:00:00+09:00,1215.539306640625,1220.0987188935906,1202.7729523323214,1215.539306640625,47500,0.0,0.0
2023-04-18 00:00:00+09:00,1221.9224509681212,1227.3937455246949,1215.539273985452,1223.7462158203125,34500,0.0,0.0
2023-04-19 00:00:00+09:00,1220.0989290730338,1221.0108116807116,1205.5088073501872,1217.36328125,36700,0.0,0.0
2023-04-20 00:00:00+09:00,1211.891934555791,1232.8652336489313,1209.1562868479903,1226.4820556640625,31200,0.0,0.0
2023-04-21 00:00:00+09:00,1226.4819322252488,1237.4245219551394,1220.0987548828125,1220.0987548828125,37400,0.0,0.0
2023-04-24 00:00:00+09:00,1240.160382720181,1242.8960306232402,1229.217791107944,1234.6890869140625,36000,0.0,0.0
2023-04-25 00:00:00+09:00,1235.600814930714,1258.3978779368158,1235.600814930714,1249.279052734375,72900,0.0,0.0
2023-04-26 00:00:00+09:00,1238.3364968104668,1258.3979128118146,1236.5127317194354,1247.455322265625,87800,0.0,0.0
2023-04-27 00:00:00+09:00,1257.4858930674654,1264.7809526356596,1252.0145983913199,1261.1334228515625,108500,0.0,0.0
2023-04-28 00:00:00+09:00,1274.8118211192557,1292.137589789689,1272.988055996052,1284.842529296875,111600,0.0,0.0
2023-05-01 00:00:00+09:00,1293.9612519469442,1303.991959326378,1292.1374869688655,1296.6968994140625,78900,0.0,0.0
2023-05-02 00:00:00+09:00,1302.1683176199485,1316.7584388257742,1297.6089047431278,1303.0802001953125,65600,0.0,0.0
2023-05-08 00:00:00+09:00,1296.6968994140625,1314.9345491948511,1290.3137219907867,1296.6968994140625,77700,0.0,0.0
2023-05-09 00:00:00+09:00,1292.137539685692,1311.2870727367856,1287.5781270544792,1300.344482421875,79000,0.0,0.0
2023-05-10 00:00:00+09:00,1294.8732208919591,1297.608868541731,1275.723687343557,1292.1375732421875,47200,0.0,0.0
2023-05-11 00:00:00+09:00,1292.137454072218,1311.2869858545162,1292.137454072218,1304.90380859375,46100,0.0,0.0
2023-05-12 00:00:00+09:00,1313.1108910620628,1317.6703038782507,1297.6088874870247,1303.9920654296875,41500,0.0,0.0
2023-05-15 00:00:00+09:00,1313.1107708621885,1319.4939482205461,1306.7275935038306,1316.75830078125,40400,0.0,0.0
2023-05-16 00:00:00+09:00,1317.6700954992793,1320.4057427563712,1304.9037416328504,1314.9344482421875,43300,0.0,0.0
2023-05-17 00:00:00+09:00,1314.9345157178109,1325.8771053076957,1300.3443962646313,1304.90380859375,63800,0.0,0.0
2023-05-18 00:00:00+09:00,1307.6394340574616,1307.6394340574616,1274.8116658384456,1286.6661376953125,65100,0.0,0.0
2023-05-19 00:00:00+09:00,1286.6662079677556,1303.9919754740542,1283.0186779664295,1289.40185546875,48700,0.0,0.0
2023-05-22 00:00:00+09:00,1289.401980487621,1324.0535188599897,1288.4900978988742,1321.31787109375,63200,0.0,0.0
2023-05-23 00:00:00+09:00,1334.9960574315598,1344.114882960464,1317.6702889266421,1324.053466796875,81200,0.0,0.0
2023-05-24 00:00:00+09:00,1314.934675040876,1325.8772659566116,1307.6396144303858,1315.8465576171875,47500,0.0,0.0
2023-05-25 00:00:00+09:00,1314.0226546852118,1325.8771269342803,1313.1107722045142,1323.1414794921875,52800,0.0,0.0
2023-05-26 00:00:00+09:00,1346.8504415577856,1351.4098540207435,1322.2296142578125,1322.2296142578125,94100,0.0,0.0
2023-05-29 00:00:00+09:00,1347.762397417668,1355.0574577555171,1336.819806910894,1337.731689453125,85600,0.0,0.0
2023-05-30 00:00:00+09:00,1322.2295595424882,1328.6127367264864,1290.3136736224972,1312.1988525390625,67400,0.0,0.0
2023-05-31 00:00:00+09:00,1287.578037386414,1303.9919217157026,1281.1948601472463,1285.7542724609375,125000,0.0,0.0
2023-06-01 00:00:00+09:00,1281.1950354482613,1304.9039827234603,1278.4593876857382,1302.1683349609375,83900,0.0,0.0
2023-06-02 00:00:00+09:00,1317.6703247737364,1334.99609375,1309.4633815744535,1334.99609375,74600,0.0,0.0
2023-06-05 00:00:00+09:00,1362.3522777748747,1366.9116896817518,1354.145336342496,1363.26416015625,91300,0.0,0.0
2023-06-06 00:00:00+09:00,1355.0575118006807,1361.4406898508857,1344.114920857472,1347.762451171875,118700,0.0,0.0
2023-06-07 00:00:00+09:00,1355.0572746795358,1355.0572746795358,1304.9037416328504,1314.9344482421875,232600,0.0,0.0
2023-06-08 00:00:00+09:00,1333.1722888732224,1333.1722888732224,1274.8118056393741,1298.520751953125,159900,0.0,0.0
2023-06-09 00:00:00+09:00,1305.8156051423225,1318.5819588238815,1298.5205458957173,1309.463134765625,236300,0.0,0.0
2023-06-12 00:00:00+09:00,1486.3685880809473,1572.0855496021798,1468.130936693451,1534.6983642578125,1067200,0.0,0.0
2023-06-13 00:00:00+09:00,1572.085606519303,1586.6757281575333,1525.5795937974442,1576.64501953125,515800,0.0,0.0
2023-06-14 00:00:00+09:00,1576.6450580334715,1654.1550811293912,1562.9668186636034,1645.0362548828125,437400,0.0,0.0
2023-06-15 00:00:00+09:00,1695.1897821578434,1716.1630823136425,1655.978829692654,1658.7144775390625,291200,0.0,0.0
2023-06-16 00:00:00+09:00,1642.300574183074,1683.33529147249,1630.4461002994651,1672.3927001953125,274100,0.0,0.0
2023-06-19 00:00:00+09:00,1686.9825684408004,1696.1013931350749,1628.622090397443,1640.4765625,164000,0.0,0.0
2023-06-20 00:00:00+09:00,1640.4766118213383,1647.771671796086,1613.1201369160353,1624.974609375,119900,0.0,0.0
2023-06-21 00:00:00+09:00,1605.8251462792148,1645.9479778727898,1600.3538510619092,1627.7103271484375,233300,0.0,0.0
2023-06-22 00:00:00+09:00,1612.2082481799155,1635.9171930060907,1586.6755383671114,1593.0587158203125,302100,0.0,0.0
2023-06-23 00:00:00+09:00,1618.5914525445903,1621.3271000700179,1539.2576743071934,1546.552734375,185900,0.0,0.0
2023-06-26 00:00:00+09:00,1545.6408733914775,1582.116174238474,1525.5794579256294,1571.173583984375,143000,0.0,0.0
2023-06-27 00:00:00+09:00,1550.2003201490775,1579.3805614695307,1539.2577296539075,1569.349853515625,92600,0.0,0.0
2023-06-28 00:00:00+09:00,1595.7944055597652,1636.8291188455878,1593.9706405248398,1635.917236328125,234500,0.0,0.0
2023-06-29 00:00:00+09:00,1659.6261871988622,1676.951955087202,1655.9786571171064,1667.8331298828125,144500,0.0,0.0
2023-06-30 00:00:00+09:00,1657.8023642920493,1666.9211891781442,1633.181537099593,1638.65283203125,119000,0.0,0.0
2023-07-03 00:00:00+09:00,1646.859825437404,1672.3925359093016,1619.5033499317992,1629.5340576171875,115000,0.0,0.0
2023-07-04 00:00:00+09:00,1615.8559917902542,1627.7104657706568,1596.7064568988349,1614.0322265625,92800,0.0,0.0
2023-07-05 00:00:00+09:00,1614.9437839703464,1647.7715514592976,1613.1200191098492,1637.7408447265625,99900,0.0,0.0
2023-07-06 00:00:00+09:00,1614.943970687746,1645.0360943651576,1603.0894977239175,1621.3271484375,134900,0.0,0.0
2023-07-07 00:00:00+09:00,1597.618267390562,1611.2965059812348,1585.7637939453125,1585.7637939453125,102100,0.0,0.0
2023-07-10 00:00:00+09:00,1593.0588545270045,1609.4727408358117,1585.7637939453125,1585.7637939453125,101300,0.0,0.0
2023-07-11 00:00:00+09:00,1614.943899439471,1629.5340193666484,1606.7369569804334,1612.208251953125,93200,0.0,0.0
2023-07-12 00:00:00+09:00,1622.23903995189,1624.0628050333423,1562.9666748046875,1562.9666748046875,129700,0.0,0.0
2023-07-13 00:00:00+09:00,1563.878473544905,1580.2923583984375,1555.6715311181388,1580.2923583984375,90300,0.0,0.0
2023-07-14 00:00:00+09:00,1581.2043803789875,1585.7637932405187,1554.759785782107,1579.380615234375,69700,0.0,0.0
2023-07-18 00:00:00+09:00,1579.380721555898,1618.5916748046875,1579.380721555898,1618.5916748046875,74600,0.0,0.0
2023-07-19 00:00:00+09:00,1655.0666109012866,1664.185435203773,1624.062608272833,1637.7408447265625,89900,0.0,0.0
2023-07-20 00:00:00+09:00,1636.8291298666388,1636.8291298666388,1592.1468862101121,1596.706298828125,86400,0.0,0.0
2023-07-21 00:00:00+09:00,1585.763634695507,1585.763634695507,1570.261632516195,1574.821044921875,68000,0.0,0.0
2023-07-24 00:00:00+09:00,1588.499248873803,1593.0586611840033,1570.2615996330017,1583.0279541015625,58900,0.0,0.0
2023-07-25 00:00:00+09:00,1574.8211314060686,1577.5567789997096,1563.878541031504,1570.26171875,85300,0.0,0.0
2023-07-26 00:00:00+09:00,1568.4379536875726,1586.6756043118467,1560.2310109066493,1570.26171875,51200,0.0,0.0
2023-07-27 00:00:00+09:00,1558.4072115515335,1574.8210967521934,1553.8477989957946,1572.08544921875,177200,0.0,0.0
2023-07-28 00:00:00+09:00,1535.0734438467848,1562.8324572979022,1520.2686366728556,1555.4300537109375,168100,25.0,0.0
2023-07-31 00:00:00+09:00,1573.935946222362,1585.9648511611572,1568.384143942918,1585.03955078125,131300,0.0,0.0
2023-08-01 00:00:00+09:00,1587.8155691157876,1600.769775390625,1583.1890668747742,1600.769775390625,92600,0.0,0.0
2023-08-02 00:00:00+09:00,1585.0396348920106,1585.0396348920106,1539.6999138705812,1544.326416015625,133500,0.0,0.0
2023-08-03 00:00:00+09:00,1523.9697380276675,1527.6709395772184,1503.6131295051364,1507.3143310546875,136100,0.0,0.0
2023-08-04 00:00:00+09:00,1494.3602689811078,1510.0903770756458,1491.58436755266,1504.53857421875,75400,0.0,0.0
2023-08-07 00:00:00+09:00,1491.5843621020047,1520.2686767578125,1478.6301554832528,1520.2686767578125,81000,0.0,0.0
2023-08-08 00:00:00+09:00,1520.2686421397302,1523.969843946522,1490.6590276853958,1494.3602294921875,103100,0.0,0.0
2023-08-09 00:00:00+09:00,1486.0326093508872,1499.9121169102043,1470.3025007836611,1498.98681640625,127900,0.0,0.0
2023-08-10 00:00:00+09:00,1499.9121633705186,1513.7916713597583,1481.4061527181987,1508.2398681640625,102900,0.0,0.0
2023-08-14 00:00:00+09:00,1515.6421799325415,1533.2228889793782,1490.6590670765106,1504.53857421875,133700,0.0,0.0
2023-08-15 00:00:00+09:00,1507.314492500119,1524.8952017435213,1492.5096847162015,1517.4927978515625,82700,0.0,0.0
2023-08-16 00:00:00+09:00,1506.3890306672997,1519.3432360907286,1498.9866275681975,1507.3143310546875,55400,0.0,0.0
2023-08-17 00:00:00+09:00,1498.9868301220154,1504.5386331965415,1461.0495091127545,1482.3314208984375,105800,0.0,0.0
2023-08-18 00:00:00+09:00,1461.0493713686387,1474.9288777464283,1450.8710666915931,1469.3770751953125,81200,0.0,0.0
2023-08-21 00:00:00+09:00,1478.6302053192514,1501.7627179181134,1468.4518997757523,1498.98681640625,93900,0.0,0.0
2023-08-22 00:00:00+09:00,1517.492646080444,1523.9697488381044,1506.3890413530262,1521.19384765625,97900,0.0,0.0
2023-08-23 00:00:00+09:00,1534.1481729779275,1553.5794827683596,1525.820468782028,1551.7288818359375,180300,0.0,0.0
2023-08-24 00:00:00+09:00,1558.206076095627,1561.9072781766142,1531.3723610084694,1540.6253662109375,117500,0.0,0.0
2023-08-25 00:00:00+09:00,1519.3433762850445,1533.2228833765644,1501.7626673024527,1520.2686767578125,129600,0.0,0.0
2023-08-28 00:00:00+09:00,1543.4011604827497,1548.0276627623741,1523.0445504524016,1538.774658203125,98600,0.0,0.0
2023-08-29 00:00:00+09:00,1541.550470207556,1551.7287746326958,1526.7456637709888,1549.878173828125,94100,0.0,0.0
2023-08-30 00:00:00+09:00,1554.504701153362,1561.9071044921875,1544.326396562477,1561.9071044921875,107200,0.0,0.0
2023-08-31 00:00:00+09:00,1573.0106901270506,1585.9648958104497,1558.2058836317372,1579.48779296875,110400,0.0,0.0
2023-09-01 00:00:00+09:00,1586.89026368026,1616.4998779296875,1577.6372592273137,1616.4998779296875,200400,0.0,0.0
2023-09-04 00:00:00+09:00,1627.6035251896976,1653.5119383251788,1622.0517223749516,1641.4830322265625,195300,0.0,0.0
2023-09-05 00:00:00+09:00,1654.437218414494,1666.466124364935,1644.2589133795054,1659.063720703125,157500,0.0,0.0
2023-09-06 00:00:00+09:00,1663.6901930191812,1672.0178969886877,1653.5118881675621,1662.764892578125,116400,0.0,0.0
2023-09-07 00:00:00+09:00,1656.2877644765535,1672.9431721640274,1639.63235678908,1650.7359619140625,158400,0.0,0.0
2023-09-08 00:00:00+09:00,1649.810766670529,1673.8685793084614,1628.5288554908193,1637.7818603515625,267000,0.0,0.0
2023-09-11 00:00:00+09:00,1554.5047483796998,1591.5167661982641,1513.7915287792791,1525.8204345703125,512200,0.0,0.0
2023-09-12 00:00:00+09:00,1511.0156178111017,1602.620361328125,1511.0156178111017,1602.620361328125,369300,0.0,0.0
2023-09-13 00:00:00+09:00,1587.815516178077,1622.9769320374983,1556.3553019880685,1561.9071044921875,184400,0.0,0.0
2023-09-14 00:00:00+09:00,1575.7867582344713,1600.7698718412423,1562.8325511791088,1573.9361572265625,123700,0.0,0.0
2023-09-15 00:00:00+09:00,1573.0106458424548,1596.1431553401378,1561.9070412835667,1585.03955078125,155300,0.0,0.0
2023-09-19 00:00:00+09:00,1596.1433832233176,1605.3963883434528,1545.2518550625741,1557.28076171875,150200,0.0,0.0
2023-09-20 00:00:00+09:00,1543.401311666891,1545.2519127600167,1502.688087618124,1505.4639892578125,153600,0.0,0.0
2023-09-21 00:00:00+09:00,1503.6133416434755,1535.0735592532467,1486.9579323206553,1496.2109375,130900,0.0,0.0
2023-09-22 00:00:00+09:00,1488.8085569791267,1522.1193761533023,1485.1073548486627,1508.2398681640625,104300,0.0,0.0
2023-09-25 00:00:00+09:00,1509.1649823422158,1531.3721923828125,1508.2396819238577,1531.3721923828125,84100,0.0,0.0
2023-09-26 00:00:00+09:00,1525.8204245596503,1534.1481285141906,1509.16501665057,1511.94091796875,82100,0.0,0.0
2023-09-27 00:00:00+09:00,1486.9577225321564,1507.3143310546875,1471.2276159465641,1507.3143310546875,116900,0.0,0.0
2023-09-28 00:00:00+09:00,1489.7337475157622,1492.5096489086486,1465.675935444079,1476.779541015625,100500,0.0,0.0
2023-09-29 00:00:00+09:00,1487.8831390399969,1497.1361436360169,1470.3024303075592,1477.704833984375,91700,0.0,0.0
2023-10-02 00:00:00+09:00,1501.762574854437,1519.343282754766,1467.5264594695852,1471.2276611328125,99500,0.0,0.0
2023-10-03 00:00:00+09:00,1462.9001684445273,1469.3772722896326,1436.0664525148047,1445.3194580078125,160100,0.0,0.0
2023-10-04 00:00:00+09:00,1414.784429633625,1470.302458265422,1410.157927247642,1459.1988525390625,172300,0.0,0.0
2023-10-05 00:00:00+09:00,1466.6012987678432,1502.688018422068,1465.675998263889,1498.98681640625,139500,0.0,0.0
2023-10-06 00:00:00+09:00,1498.9867713618544,1512.8662785040938,1493.4349685049585,1504.53857421875,69900,0.0,0.0
2023-10-10 00:00:00+09:00,1496.2106788764565,1528.59619140625,1491.584177086486,1528.59619140625,88700,0.0,0.0
2023-10-11 00:00:00+09:00,1537.8494103473167,1542.4759127851846,1507.3144942573879,1532.297607421875,110000,0.0,0.0
2023-10-12 00:00:00+09:00,1532.2974809007023,1548.027587890625,1520.2685755554674,1548.027587890625,142800,0.0,0.0
2023-10-13 00:00:00+09:00,1541.5504306225066,1543.4010313795566,1469.3770010975634,1478.6300048828125,123300,0.0,0.0
2023-10-16 00:00:00+09:00,1466.601203764328,1483.2566117566041,1454.5722979921284,1465.6759033203125,81000,0.0,0.0
2023-10-17 00:00:00+09:00,1468.4517269932273,1482.3312329194393,1449.0204186965304,1460.1240234375,76100,0.0,0.0
2023-10-18 00:00:00+09:00,1460.1242210232483,1461.0495215435417,1433.2905059347347,1450.8712158203125,64300,0.0,0.0
2023-10-19 00:00:00+09:00,1429.5891885370074,1444.3939956674878,1421.2614845261123,1435.1409912109375,76700,0.0,0.0
2023-10-20 00:00:00+09:00,1424.9627214818217,1433.290425698274,1412.0085149228962,1415.709716796875,60600,0.0,0.0
2023-10-23 00:00:00+09:00,1405.5313870374043,1420.336194274138,1399.0542838713332,1403.6807861328125,86000,0.0,0.0
2023-10-24 00:00:00+09:00,1410.1577629079409,1420.3360669709245,1369.4445466560055,1419.4107666015625,107400,0.0,0.0
2023-10-25 00:00:00+09:00,1418.485580752494,1436.991589633805,1413.8590785321662,1420.336181640625,78100,0.0,0.0
2023-10-26 00:00:00+09:00,1413.859068539268,1425.8879742271022,1391.6518580386514,1406.4566650390625,84900,0.0,0.0
2023-10-27 00:00:00+09:00,1414.7844424636185,1442.54345703125,1414.7844424636185,1442.54345703125,73000,0.0,0.0
2023-10-30 00:00:00+09:00,1419.4109412732278,1430.5145470719751,1401.8302320918774,1412.933837890625,329800,0.0,0.0
2023-10-31 00:00:00+09:00,1415.70974116347,1430.5145489141992,1405.5314358348437,1427.7386474609375,62700,0.0,0.0
2023-11-01 00:00:00+09:00,1447.1697998046875,1456.4228036397558,1427.738491751044,1447.1697998046875,88000,0.0,0.0
2023-11-02 00:00:00+09:00,1451.7964600558723,1451.7964600558723,1423.1121450388346,1427.7386474609375,60400,0.0,0.0
2023-11-06 00:00:00+09:00,1454.5723446567204,1484.181959815127,1454.5723446567204,1474.928955078125,153900,0.0,0.0
2023-11-07 00:00:00+09:00,1474.9288523065477,1474.9288523065477,1445.3192392113097,1457.34814453125,85800,0.0,0.0
2023-11-08 00:00:00+09:00,1454.5722637996496,1487.8830790011682,1451.7963625328564,1485.107177734375,114700,0.0,0.0
2023-11-09 00:00:00+09:00,1489.7336561166971,1523.9697711951553,1489.7336561166971,1518.41796875,90900,0.0,0.0
2023-11-10 00:00:00+09:00,1503.6133367365057,1533.2229532137785,1494.360331587358,1526.745849609375,62800,0.0,0.0
2023-11-13 00:00:00+09:00,1535.998676492992,1538.7745777155696,1506.3890634521633,1518.41796875,47400,0.0,0.0
2023-11-14 00:00:00+09:00,1525.8203676451533,1545.2516761476081,1518.4179644061228,1534.1480712890625,95600,0.0,0.0
2023-11-15 00:00:00+09:00,1548.9527849108067,1560.981689453125,1528.596177223807,1560.981689453125,92700,0.0,0.0
2023-11-16 00:00:00+09:00,1560.0565260165524,1577.6372341982335,1548.9529208491747,1559.1312255859375,72600,0.0,0.0
2023-11-17 00:00:00+09:00,1559.1312990830281,1595.218017578125,1559.1312990830281,1595.218017578125,81700,0.0,0.0
2023-11-20 00:00:00+09:00,1593.3675300682964,1615.574743030921,1581.338623046875,1581.338623046875,91900,0.0,0.0
2023-11-21 00:00:00+09:00,1591.5167783491179,1604.4709846845178,1567.4589665833755,1599.844482421875,72400,0.0,0.0
2023-11-22 00:00:00+09:00,1598.9191595698614,1610.022764844652,1590.5914556137684,1602.620361328125,75200,0.0,0.0
2023-11-24 00:00:00+09:00,1618.350555855141,1639.6324671099544,1616.4999548764617,1622.0517578125,95500,0.0,0.0
2023-11-27 00:00:00+09:00,1628.528853691562,1636.8565580570303,1606.3216420503136,1622.97705078125,102100,0.0,0.0
2023-11-28 00:00:00+09:00,1627.6034633683996,1634.08056640625,1614.649257292699,1634.08056640625,63500,0.0,0.0
2023-11-29 00:00:00+09:00,1633.15540442306,1659.063818770848,1633.15540442306,1647.034912109375,83400,0.0,0.0
2023-11-30 00:00:00+09:00,1647.034920950122,1660.9144287109375,1641.4831178457955,1660.9144287109375,69800,0.0,0.0
2023-12-01 00:00:00+09:00,1664.6153601444128,1673.8683638139205,1647.0346531723485,1648.88525390625,72800,0.0,0.0
2023-12-04 00:00:00+09:00,1648.8853737571023,1683.121489822766,1639.632369415031,1679.4202880859375,94200,0.0,0.0
2023-12-05 00:00:00+09:00,1670.1672652431819,1679.4202694827563,1621.1263427734375,1621.1263427734375,71000,0.0,0.0
2023-12-06 00:00:00+09:00,1619.275752069185,1644.2588636725382,1618.3504516394312,1635.005859375,118100,0.0,0.0
2023-12-07 00:00:00+09:00,1613.7239892098034,1630.3793973553175,1597.993881516818,1599.844482421875,91100,0.0,0.0
2023-12-08 00:00:00+09:00,1566.5338585498016,1571.1603613807226,1541.550743262829,1546.17724609375,149900,0.0,0.0
2023-12-11 00:00:00+09:00,1573.0106347148505,1601.6949462890625,1564.6829313545954,1601.6949462890625,227700,0.0,0.0
2023-12-12 00:00:00+09:00,1527.6709589419156,1544.326366126019,1467.5264329993206,1489.733642578125,605100,0.0,0.0
2023-12-13 00:00:00+09:00,1480.4807579203261,1498.9867673943302,1457.3482460778212,1474.928955078125,210200,0.0,0.0
2023-12-14 00:00:00+09:00,1489.7337399592009,1495.2855427168129,1457.3482238731312,1477.704833984375,156000,0.0,0.0
2023-12-15 00:00:00+09:00,1486.0325055143435,1498.986711664531,1456.4228914567725,1466.6011962890625,201500,0.0,0.0
2023-12-18 00:00:00+09:00,1453.6470681399978,1486.9578857421875,1452.7217676510481,1486.9578857421875,119900,0.0,0.0
2023-12-19 00:00:00+09:00,1492.5096211197351,1498.0614238021396,1471.2277108371848,1495.2855224609375,121800,0.0,0.0
2023-12-20 00:00:00+09:00,1495.2854342182602,1495.2854342182602,1459.1987189122501,1475.8541259765625,205900,0.0,0.0
2023-12-21 00:00:00+09:00,1468.4519257058903,1470.3025267464775,1442.5435111376705,1450.8712158203125,125700,0.0,0.0
2023-12-22 00:00:00+09:00,1435.140883956131,1444.3938877211608,1432.364982826622,1433.290283203125,152700,0.0,0.0
2023-12-25 00:00:00+09:00,1447.1699850567145,1449.9458865625777,1394.4278564453125,1394.4278564453125,230000,0.0,0.0
2023-12-26 00:00:00+09:00,1398.1290776043345,1436.99169921875,1398.1290776043345,1436.99169921875,129500,0.0,0.0
2023-12-27 00:00:00+09:00,1442.5434439495234,1465.6759558794388,1429.5892372687708,1459.1988525390625,111700,0.0,0.0
2023-12-28 00:00:00+09:00,1436.9917984597173,1445.3195036665027,1431.4399949885271,1439.7677001953125,206500,0.0,0.0
2023-12-29 00:00:00+09:00,1449.020500334038,1453.647002570098,1437.9168949674936,1449.94580078125,141000,0.0,0.0
2024-01-04 00:00:00+09:00,1448.095209673895,1465.675918289744,1429.58920060458,1463.8253173828125,121500,0.0,0.0
2024-01-05 00:00:00+09:00,1463.8255232162037,1467.5267255505053,1453.647216796875,1453.647216796875,166500,0.0,0.0
2024-01-09 00:00:00+09:00,1487.8831712000854,1502.687978873718,1477.704865924463,1488.8084716796875,160500,0.0,0.0
2024-01-10 00:00:00+09:00,1493.4349926057714,1516.5675048828125,1488.8084901503632,1516.5675048828125,124800,0.0,0.0
2024-01-11 00:00:00+09:00,1526.7456391898306,1535.0733426763206,1504.5384298925242,1507.3143310546875,181500,0.0,0.0
2024-01-12 00:00:00+09:00,1518.4181058649758,1528.596411266874,1485.1072881860366,1516.5675048828125,153800,0.0,0.0
2024-01-15 00:00:00+09:00,1522.1191326275405,1560.056448395157,1522.1191326275405,1553.579345703125,47800,0.0,0.0
2024-01-16 00:00:00+09:00,1567.459090169271,1576.7120954241072,1542.4759759812127,1554.5048828125,126100,0.0,0.0
2024-01-17 00:00:00+09:00,1555.430165571733,1566.5337717507102,1526.745849609375,1526.745849609375,180200,0.0,0.0
2024-01-18 00:00:00+09:00,1526.7457350157767,1534.1481385794896,1518.4180310065997,1525.8204345703125,79200,0.0,0.0
2024-01-19 00:00:00+09:00,1534.1482400505377,1551.7289496771723,1534.1482400505377,1543.4012451171875,92100,0.0,0.0
2024-01-22 00:00:00+09:00,1563.7577825228748,1571.1601862271252,1550.8035760404368,1567.458984375,99300,0.0,0.0
2024-01-23 00:00:00+09:00,1569.3095703125,1587.8155793963738,1567.4589694041126,1569.3095703125,119400,0.0,0.0
2024-01-24 00:00:00+09:00,1576.7118695175438,1591.5166758040937,1573.0106679459063,1582.263671875,108900,0.0,0.0
2024-01-25 00:00:00+09:00,1579.4877373283823,1606.321448155871,1577.637136581659,1601.6949462890625,121800,0.0,0.0
2024-01-26 00:00:00+09:00,1588.740965289834,1602.6204728491512,1573.9361572265625,1573.9361572265625,116900,0.0,0.0
2024-01-29 00:00:00+09:00,1578.5625899313754,1581.3384913204693,1563.7577825228748,1567.458984375,350100,0.0,0.0
2024-01-30 00:00:00+09:00,1571.2269827853015,1579.7048262175963,1546.7354350920054,1569.343017578125,198100,30.0,0.0
2024-01-31 00:00:00+09:00,1549.5613133371382,1554.2712261436343,1524.1277841820606,1550.5032958984375,157900,0.0,0.0
2024-02-01 00:00:00+09:00,1535.4316345102989,1551.4453386739033,1519.4179303466947,1542.0255126953125,151300,0.0,0.0
2024-02-02 00:00:00+09:00,1548.6192571500228,1560.8650298647128,1541.0833970179058,1555.213134765625,107900,0.0,0.0
2024-02-05 00:00:00+09:00,1575.936710115938,1575.936710115938,1560.864990234375,1560.864990234375,118300,0.0,0.0
2024-02-06 00:00:00+09:00,1563.6910059712177,1582.5306566455697,1532.6055823585368,1562.7490234375,115500,0.0,0.0
2024-02-07 00:00:00+09:00,1553.329198100324,1574.0528138421112,1549.5612679654537,1562.7490234375,120500,0.0,0.0
2024-02-08 00:00:00+09:00,1573.1109158566362,1589.1246197905061,1546.735403494968,1585.356689453125,93700,0.0,0.0
2024-02-09 00:00:00+09:00,1589.1245879767923,1623.977942899816,1585.3566577148438,1601.370361328125,199700,0.0,0.0
2024-02-13 00:00:00+09:00,1610.7901694316079,1637.1656809778563,1608.9062043211613,1621.1519775390625,129600,0.0,0.0
2024-02-14 00:00:00+09:00,1620.2099411001886,1626.803818767457,1595.7183954789068,1623.035888671875,105100,0.0,0.0
2024-02-15 00:00:00+09:00,1641.8755620993734,1646.5854747846843,1630.5717716546274,1637.1656494140625,110800,0.0,0.0
2024-02-16 00:00:00+09:00,1647.5274849940172,1688.0327347680268,1645.6435198882493,1685.206787109375,180200,0.0,0.0
2024-02-19 00:00:00+09:00,1676.7289243425641,1692.7426275525775,1662.5991862160818,1688.03271484375,128600,0.0,0.0
2024-02-20 00:00:00+09:00,1693.684539643595,1709.6982421875,1690.858592135847,1709.6982421875,117100,0.0,0.0
2024-02-21 00:00:00+09:00,1689.9167699102147,1711.582369524448,1688.9747873182914,1704.0465087890625,97700,0.0,0.0
2024-02-22 00:00:00+09:00,1704.0465743975572,1707.8145049103211,1664.4833040135343,1672.0191650390625,151500,0.0,0.0
2024-02-26 00:00:00+09:00,1675.786907969208,1717.2341389701328,1657.8892400369905,1687.0906982421875,227100,0.0,0.0
2024-02-27 00:00:00+09:00,1695.5685857027897,1756.7974512976127,1692.7426380599518,1755.85546875,165300,0.0,0.0
2024-02-28 00:00:00+09:00,1765.275342554508,1768.1012902747125,1749.2616388066815,1760.5654296875,101600,0.0,0.0
2024-02-29 00:00:00+09:00,1769.0431844293116,1774.6950795872326,1741.725691166026,1761.50732421875,80600,0.0,0.0
2024-03-01 00:00:00+09:00,1747.3775634765625,1767.1591962706368,1727.5959306824882,1747.3775634765625,73600,0.0,0.0
2024-03-04 00:00:00+09:00,1747.3776692974716,1749.2616344395713,1721.0021573080758,1726.654052734375,162800,0.0,0.0
2024-03-05 00:00:00+09:00,1710.6404086999726,1727.596095570347,1686.1488609983212,1718.17626953125,99300,0.0,0.0
2024-03-06 00:00:00+09:00,1710.6403177787163,1752.087550147804,1710.6403177787163,1742.667724609375,100200,0.0,0.0
2024-03-07 00:00:00+09:00,1752.0874129240588,1769.985080045326,1720.060008601791,1738.899658203125,155600,0.0,0.0
2024-03-08 00:00:00+09:00,1755.8554910981572,1792.5928109226359,1749.2616131809432,1769.9852294921875,290800,0.0,0.0
2024-03-11 00:00:00+09:00,1506.230053663715,1549.561249704072,1428.9874868091654,1461.014892578125,1039700,0.0,0.0
2024-03-12 00:00:00+09:00,1436.5233911735058,1489.2744140625,1418.6257226933112,1489.2744140625,487200,0.0,0.0
2024-03-13 00:00:00+09:00,1491.158453384632,1495.8683663770028,1463.8409580288806,1484.5645751953125,263400,0.0,0.0
2024-03-14 00:00:00+09:00,1481.7384480794271,1489.2743079552286,1453.4789735451723,1469.49267578125,201500,0.0,0.0
2024-03-15 00:00:00+09:00,1452.5370724265147,1479.8545660065204,1435.5813867561662,1475.1446533203125,223200,0.0,0.0
2024-03-18 00:00:00+09:00,1474.2027486229063,1515.6499824500038,1461.0149924051932,1504.34619140625,239500,0.0,0.0
2024-03-19 00:00:00+09:00,1497.7522004540288,1514.7078857421875,1491.158322841967,1514.7078857421875,130300,0.0,0.0
2024-03-21 00:00:00+09:00,1522.2437974752047,1526.9537102149177,1493.0423384889848,1495.8682861328125,176700,0.0,0.0
2024-03-22 00:00:00+09:00,1500.5781215122768,1509.9979465060765,1474.202611529638,1483.6224365234375,199200,0.0,0.0
2024-03-25 00:00:00+09:00,1485.5064381661527,1498.6941934827832,1461.014892578125,1461.014892578125,176000,0.0,0.0
2024-03-26 00:00:00+09:00,1459.1308880697554,1474.2026080239943,1457.2469230754757,1466.666748046875,130800,0.0,0.0
2024-03-27 00:00:00+09:00,1478.9125150792738,1483.622427547679,1464.7827776740578,1473.2606201171875,166800,0.0,0.0
2024-03-28 00:00:00+09:00,1476.0866734050746,1476.0866734050746,1452.537109375,1452.537109375,145900,0.0,0.0
2024-03-29 00:00:00+09:00,1461.957045057439,1467.6089408501869,1451.595236104068,1465.7249755859375,51900,0.0,0.0
2024-04-01 00:00:00+09:00,1487.3904463852816,1487.3904463852816,1461.0149349864294,1472.3187255859375,119900,0.0,0.0
2024-04-02 00:00:00+09:00,1467.6089397375852,1470.4348876318168,1441.2334260580908,1448.769287109375,146200,0.0,0.0
2024-04-03 00:00:00+09:00,1445.9431046743866,1472.3186140756134,1437.4652623668496,1459.130859375,172100,0.0,0.0
2024-04-04 00:00:00+09:00,1471.3768310546875,1476.0867440862326,1453.479161534816,1471.3768310546875,124700,0.0,0.0
2024-04-05 00:00:00+09:00,1455.3630851499497,1468.5508412613408,1442.1753290385584,1460.072998046875,152900,0.0,0.0
2024-04-08 00:00:00+09:00,1468.5507699198884,1490.2163681932414,1458.1889620500237,1481.738525390625,157100,0.0,0.0
2024-04-09 00:00:00+09:00,1488.3324283205557,1512.823974609375,1488.3324283205557,1512.823974609375,185600,0.0,0.0
2024-04-10 00:00:00+09:00,1511.88188819979,1533.5474853515625,1506.2299932906317,1533.5474853515625,218200,0.0,0.0
2024-04-11 00:00:00+09:00,1532.6056668165252,1563.6910921422445,1528.8377364740138,1544.8514404296875,153100,0.0,0.0
2024-04-12 00:00:00+09:00,1565.575155780833,1591.008687192435,1558.0392946218399,1588.1827392578125,152900,0.0,0.0
2024-04-15 00:00:00+09:00,1586.298626305922,1605.1382774496979,1567.458975162146,1597.6024169921875,156500,0.0,0.0
2024-04-16 00:00:00+09:00,1582.53076951508,1600.4284389322147,1580.6468043132763,1592.892578125,133100,0.0,0.0
2024-04-17 00:00:00+09:00,1608.9062601968042,1608.9062601968042,1564.633078563754,1578.7628173828125,164500,0.0,0.0
2024-04-18 00:00:00+09:00,1574.052833453847,1604.1962749083789,1570.2849032720303,1600.4283447265625,103800,0.0,0.0
2024-04-19 00:00:00+09:00,1601.3703299040842,1622.093945938137,1570.2849058530048,1617.384033203125,198500,0.0,0.0
2024-04-22 00:00:00+09:00,1639.0496788132969,1663.541225738093,1628.68787049896,1662.5992431640625,178800,0.0,0.0
2024-04-23 00:00:00+09:00,1662.599134389937,1662.599134389937,1583.4726033481497,1625.86181640625,194300,0.0,0.0
2024-04-24 00:00:00+09:00,1627.7458578924668,1648.469474138783,1614.5581020993566,1638.107666015625,159400,0.0,0.0
2024-04-25 00:00:00+09:00,1648.4694986795464,1677.6709583704414,1647.5275161088725,1669.193115234375,192100,0.0,0.0
2024-04-26 00:00:00+09:00,1685.206772953322,1696.5105634929753,1654.1213489692752,1681.4388427734375,210000,0.0,0.0
2024-04-30 00:00:00+09:00,1700.2785326960843,1716.292236328125,1691.8006895967685,1716.292236328125,141100,0.0,0.0
2024-05-01 00:00:00+09:00,1700.2785046965444,1718.1761731670342,1694.6266093900738,1708.75634765625,97300,0.0,0.0
2024-05-02 00:00:00+09:00,1702.1624556904999,1716.2921938395632,1698.3945255174162,1704.9884033203125,68800,0.0,0.0
2024-05-07 00:00:00+09:00,1720.0601827824194,1737.9578517160808,1714.408287329684,1737.015869140625,92900,0.0,0.0
2024-05-08 00:00:00+09:00,1725.7119711343344,1744.5516214742288,1714.4081809303977,1740.78369140625,81900,0.0,0.0
2024-05-09 00:00:00+09:00,1744.5517602417601,1744.5517602417601,1704.0465087890625,1704.0465087890625,85200,0.0,0.0
2024-05-10 00:00:00+09:00,1704.0465008456663,1708.756413783327,1680.4969361573624,1693.6846923828125,99700,0.0,0.0
2024-05-13 00:00:00+09:00,1693.684712444507,1693.684712444507,1663.5412692864293,1690.8587646484375,67200,0.0,0.0
2024-05-14 00:00:00+09:00,1690.8586740225587,1690.8586740225587,1653.1793720944795,1674.844970703125,77100,0.0,0.0
2024-05-15 00:00:00+09:00,1675.7869448184158,1680.4968575357245,1650.353416144949,1664.483154296875,77200,0.0,0.0
2024-05-16 00:00:00+09:00,1652.2374407840941,1661.6572665582337,1639.9916672777126,1656.00537109375,86400,0.0,0.0
2024-05-17 00:00:00+09:00,1639.0496005271348,1682.3807968629096,1630.5717577657877,1673.9029541015625,73200,0.0,0.0
2024-05-20 00:00:00+09:00,1673.9029398496984,1696.5105203541402,1663.541132118496,1670.135009765625,84300,0.0,0.0
2024-05-21 00:00:00+09:00,1670.1350153645465,1691.800613420601,1661.65717264696,1663.5411376953125,51900,0.0,0.0
2024-05-22 00:00:00+09:00,1663.5411112807901,1666.3670588084472,1631.5137059673434,1632.4556884765625,51900,0.0,0.0
2024-05-23 00:00:00+09:00,1632.455745149572,1658.8312563233678,1611.7321292273039,1647.5274658203125,63800,0.0,0.0
2024-05-24 00:00:00+09:00,1631.513790540961,1668.2511103048741,1630.571807982912,1655.0633544921875,41600,0.0,0.0
2024-05-27 00:00:00+09:00,1655.0633965163934,1669.1931352459017,1648.469518442623,1666.3671875,45400,0.0,0.0
2024-05-28 00:00:00+09:00,1666.3671607127428,1666.3671607127428,1613.6161369705644,1618.3260498046875,66100,0.0,0.0
2024-05-29 00:00:00+09:00,1610.790239606585,1610.790239606585,1582.53076171875,1582.53076171875,55100,0.0,0.0
2024-05-30 00:00:00+09:00,1582.5305840839192,1620.2098837049648,1582.5305840839192,1607.964111328125,78200,0.0,0.0
2024-05-31 00:00:00+09:00,1639.9916369854438,1642.8175846654879,1609.8481950649764,1631.5137939453125,83200,0.0,0.0
2024-06-03 00:00:00+09:00,1666.367226044838,1675.7870520824006,1642.8176609509312,1643.7596435546875,94100,0.0,0.0
2024-06-04 00:00:00+09:00,1630.5718886818456,1669.19317547327,1630.5718886818456,1660.71533203125,92000,0.0,0.0
2024-06-05 00:00:00+09:00,1637.165717464754,1659.7732992939564,1631.5138220074532,1639.0496826171875,67100,0.0,0.0
2024-06-06 00:00:00+09:00,1655.063388516336,1662.5992491356478,1630.571841503573,1656.00537109375,84000,0.0,0.0
2024-06-07 00:00:00+09:00,1666.3670827417252,1702.1624186061601,1666.3670827417252,1687.0906982421875,200700,0.0,0.0
2024-06-10 00:00:00+09:00,1837.8079832202327,1968.7435596772355,1830.2721227047218,1935.774169921875,1335400,0.0,0.0
2024-06-11 00:00:00+09:00,1932.9481429721516,2000.7708848308237,1909.3985798267795,1947.077880859375,572200,0.0,0.0
2024-06-12 00:00:00+09:00,1974.395428836259,1981.9312892516646,1929.1802663438257,1945.1939697265625,229200,0.0,0.0
2024-06-13 00:00:00+09:00,1967.8014882575221,1991.3510513051228,1953.6717504289616,1977.2213134765625,187400,0.0,0.0
2024-06-14 00:00:00+09:00,1970.6276675599777,2019.610764459174,1970.6276675599777,2007.364990234375,186900,0.0,0.0
2024-06-17 00:00:00+09:00,2008.3067428553134,2022.4364807271847,1985.699162260319,2011.1326904296875,156800,0.0,0.0
2024-06-18 00:00:00+09:00,2025.2624426115444,2045.9860583033835,1999.8289142624692,2014.900634765625,128200,0.0,0.0
2024-06-19 00:00:00+09:00,2039.392066281341,2056.347750897075,2014.9005218363918,2025.2623291015625,138000,0.0,0.0
2024-06-20 00:00:00+09:00,2033.7401714094296,2042.2180137172966,1995.118889784702,2025.2623291015625,123300,0.0,0.0
2024-06-21 00:00:00+09:00,2020.5523638597497,2041.2759778480547,1989.4669428772918,2003.5966796875,302300,0.0,0.0
2024-06-24 00:00:00+09:00,1986.6413448870996,2008.3069451395431,1980.0474665493994,1999.8291015625,120800,0.0,0.0
2024-06-25 00:00:00+09:00,2010.1906290254205,2039.3920861480954,2009.2486465375923,2022.4364013671875,100200,0.0,0.0
2024-06-26 00:00:00+09:00,2025.2623291015625,2051.6378385038156,2019.6104342296512,2025.2623291015625,116900,0.0,0.0
2024-06-27 00:00:00+09:00,2028.088289384286,2056.3477639228504,2028.088289384286,2052.579833984375,98900,0.0,0.0
2024-06-28 00:00:00+09:00,2055.406077470918,2066.7098689143872,2005.4809985955928,2016.7847900390625,124100,0.0,0.0
2024-07-01 00:00:00+09:00,2036.5662415970203,2045.0440844158793,1974.395394258721,1984.7572021484375,130900,0.0,0.0
2024-07-02 00:00:00+09:00,1984.757187927217,1997.0029608000475,1975.3373626404243,1980.9892578125,140800,0.0,0.0
2024-07-03 00:00:00+09:00,1970.6275456252959,2012.0747788984856,1969.685563050905,1990.4091796875,117600,0.0,0.0
2024-07-04 00:00:00+09:00,2007.3647284980293,2019.6105011261263,1978.1632706925677,1986.64111328125,79200,0.0,0.0
2024-07-05 00:00:00+09:00,1986.6411556945154,1999.8289111140143,1957.439697265625,1957.439697265625,86900,0.0,0.0
2024-07-08 00:00:00+09:00,1976.2794449027926,1987.5832358173939,1949.903932768723,1966.859619140625,91500,0.0,0.0
2024-07-09 00:00:00+09:00,1967.801513671875,1986.6411643532715,1956.497723263037,1967.801513671875,93500,0.0,0.0
2024-07-10 00:00:00+09:00,1968.743438941525,1986.6411065682662,1935.7740512080545,1952.729736328125,126400,0.0,0.0
2024-07-11 00:00:00+09:00,1952.7298418525834,1960.265702313182,1915.050539549591,1932.0062255859375,117800,0.0,0.0
2024-07-12 00:00:00+09:00,1931.0641668668911,1972.5113977654976,1931.0641668668911,1960.265625,72300,0.0,0.0
2024-07-16 00:00:00+09:00,1964.97554069181,1994.176998870835,1964.97554069181,1977.2213134765625,86200,0.0,0.0
2024-07-17 00:00:00+09:00,1990.409065653532,2000.7708733781838,1954.613729877463,1960.265625,85600,0.0,0.0
2024-07-18 00:00:00+09:00,1958.3816599591544,1983.815188010572,1945.193904673234,1960.265625,60600,0.0,0.0
2024-07-19 00:00:00+09:00,1941.4258980077748,1956.497617740004,1935.7740031081887,1948.019775390625,58500,0.0,0.0
2024-07-22 00:00:00+09:00,1946.1358890599772,1946.1358890599772,1896.2108154296875,1896.2108154296875,91200,0.0,0.0
2024-07-23 00:00:00+09:00,1902.8046425867713,1920.702310017043,1899.036712601451,1915.0504150390625,85600,0.0,0.0
2024-07-24 00:00:00+09:00,1913.166520850338,1932.006171474172,1889.6169575705455,1893.3848876953125,80600,0.0,0.0
2024-07-25 00:00:00+09:00,1870.777355387535,1894.326919277106,1850.995721720295,1857.589599609375,101500,0.0,0.0
2024-07-26 00:00:00+09:00,1856.6475801951324,1870.777318248368,1834.9819818468382,1839.69189453125,68900,0.0,0.0
2024-07-29 00:00:00+09:00,1869.835289831928,1869.835289831928,1832.1559892811588,1851.9376220703125,160100,0.0,0.0
2024-07-30 00:00:00+09:00,1868.1576099941844,1868.1576099941844,1830.9471162302552,1832.8553466796875,100100,25.0,0.0
2024-07-31 00:00:00+09:00,1830.9471118884314,1875.79052734375,1813.7730378842668,1875.79052734375,77600,0.0,0.0
2024-08-01 00:00:00+09:00,1860.5247180503272,1860.5247180503272,1809.9566103289594,1813.7730712890625,97500,0.0,0.0
2024-08-02 00:00:00+09:00,1755.5720282164461,1756.5261434491727,1692.6004228565084,1695.4627685546875,116300,0.0,0.0
2024-08-05 00:00:00+09:00,1624.8583279395289,1629.628904357437,1476.970458984375,1476.970458984375,119200,0.0,0.0
2024-08-06 00:00:00+09:00,1591.4641987814832,1687.8298367172924,1591.4641987814832,1662.0687255859375,158900,0.0,0.0
2024-08-07 00:00:00+09:00,1623.904089083892,1720.2697253926303,1597.1888631765187,1672.56396484375,138200,0.0,0.0
2024-08-08 00:00:00+09:00,1638.2158718766837,1700.2333626582704,1623.904143234779,1660.1605224609375,106300,0.0,0.0
2024-08-09 00:00:00+09:00,1698.325091995018,1698.325091995018,1613.4088373952673,1645.8487548828125,108600,0.0,0.0
2024-08-13 00:00:00+09:00,1645.8486992629105,1672.5639245263085,1639.169892947061,1666.8392333984375,67600,0.0,0.0
2024-08-14 00:00:00+09:00,1679.2427713205932,1693.5544994852573,1664.931043155929,1672.56396484375,71500,0.0,0.0
2024-08-15 00:00:00+09:00,1664.931043155929,1684.9674625864589,1642.0322780924664,1672.56396484375,92000,0.0,0.0
2024-08-16 00:00:00+09:00,1695.462750542118,1745.076742116789,1695.462750542118,1739.35205078125,95100,0.0,0.0
2024-08-19 00:00:00+09:00,1739.352089700294,1768.9296622623947,1734.5815134806005,1753.663818359375,123700,0.0,0.0
2024-08-20 00:00:00+09:00,1770.8379317323258,1785.1496607064557,1758.43443328808,1767.9755859375,79300,0.0,0.0
2024-08-21 00:00:00+09:00,1754.6179709921078,1782.2873136559313,1753.6638557278382,1776.5626220703125,49200,0.0,0.0
2024-08-22 00:00:00+09:00,1800.41552734375,1826.176639817667,1786.103798191574,1800.41552734375,62100,0.0,0.0
2024-08-23 00:00:00+09:00,1805.1860224567909,1809.0024833922175,1777.5166806749478,1797.5531005859375,51200,0.0,0.0
2024-08-26 00:00:00+09:00,1785.1496815741816,1816.6354856853243,1767.0214913283723,1809.0025634765625,59400,0.0,0.0
2024-08-27 00:00:00+09:00,1847.1671036485602,1852.8917950854875,1814.7271855059719,1822.360107421875,72500,0.0,0.0
2024-08-28 00:00:00+09:00,1834.763648142679,1840.488339712547,1795.644922415248,1810.9107666015625,53800,0.0,0.0
2024-08-29 00:00:00+09:00,1812.8189834184932,1834.7636342704013,1802.3237156197547,1811.8648681640625,53500,0.0,0.0
2024-08-30 00:00:00+09:00,1811.864949030831,1823.3143325950068,1804.2320266547138,1814.727294921875,73400,0.0,0.0
2024-09-02 00:00:00+09:00,1817.589559690647,1823.314251217232,1797.5531393476008,1811.8648681640625,52100,0.0,0.0
2024-09-03 00:00:00+09:00,1812.818900719207,1831.901204937304,1805.1859790319684,1826.176513671875,41000,0.0,0.0
2024-09-04 00:00:00+09:00,1788.011990278195,1813.7731021978916,1777.5167224590596,1786.103759765625,65300,0.0,0.0
2024-09-05 00:00:00+09:00,1788.966064453125,1821.405982421875,1776.56256640625,1788.966064453125,66700,0.0,0.0
2024-09-06 00:00:00+09:00,1812.819044124445,1814.7272746972078,1757.4803575143305,1773.7003173828125,81000,0.0,0.0
2024-09-09 00:00:00+09:00,1735.5356816888439,1767.0214856996913,1705.9581082241082,1758.4344482421875,144800,0.0,0.0
2024-09-10 00:00:00+09:00,1689.738126575285,1692.600472357174,1632.4912109375,1632.4912109375,212500,0.0,0.0
2024-09-11 00:00:00+09:00,1648.7112076729106,1663.0229369061824,1632.4912478752026,1655.3900146484375,109000,0.0,0.0
2024-09-12 00:00:00+09:00,1667.793399136605,1716.453275198371,1667.793399136605,1705.9580078125,82400,0.0,0.0
2024-09-13 00:00:00+09:00,1705.957966917923,1729.8108467685652,1689.7380086194864,1708.8203125,86600,0.0,0.0
2024-09-17 00:00:00+09:00,1708.8204606409465,1726.9486508990024,1689.738155106151,1715.499267578125,65900,0.0,0.0
2024-09-18 00:00:00+09:00,1715.4992276600428,1747.9391463143486,1699.27926833289,1709.7745361328125,97900,0.0,0.0
2024-09-19 00:00:00+09:00,1728.8568146008404,1742.2144279586835,1703.095703125,1703.095703125,86800,0.0,0.0
2024-09-20 00:00:00+09:00,1713.5909441678677,1728.8567877684723,1689.7380635419229,1696.4168701171875,58200,0.0,0.0
2024-09-24 00:00:00+09:00,1712.636890797649,1750.8015011775408,1712.636890797649,1743.1685791015625,62800,0.0,0.0
2024-09-25 00:00:00+09:00,1744.1226762108538,1782.2872861935857,1732.6732932160342,1778.4708251953125,78800,0.0,0.0
2024-09-26 00:00:00+09:00,1797.553072435686,1809.002455062665,1760.3425788980046,1808.04833984375,108100,0.0,0.0
2024-09-27 00:00:00+09:00,1818.5435382409394,1839.5340722605094,1812.8188471446929,1821.4058837890625,77700,0.0,0.0
2024-09-30 00:00:00+09:00,1767.0213608685663,1807.0941995059743,1746.9849415498622,1784.1954345703125,65000,0.0,0.0
2024-10-01 00:00:00+09:00,1788.0120260724245,1818.5437148847604,1788.0120260724245,1817.589599609375,42900,0.0,0.0
2024-10-02 00:00:00+09:00,1817.5896037043856,1820.451949536991,1785.1496842681918,1791.8284912109375,57800,0.0,0.0
2024-10-03 00:00:00+09:00,1812.8188508303426,1824.2682330461132,1761.296630859375,1761.296630859375,68400,0.0,0.0
2024-10-04 00:00:00+09:00,1766.0672853384447,1791.8283964697996,1766.0672853384447,1789.920166015625,46900,0.0,0.0
2024-10-07 00:00:00+09:00,1828.0848019803007,1829.9930324625348,1795.6448837823204,1796.5989990234375,52200,0.0,0.0
2024-10-08 00:00:00+09:00,1783.241415174303,1797.5531440280295,1769.8838015774918,1777.5167236328125,55200,0.0,0.0
2024-10-09 00:00:00+09:00,1777.516747167555,1807.094320523537,1777.516747167555,1801.36962890625,25500,0.0,0.0
2024-10-10 00:00:00+09:00,1809.9566134490478,1810.9107286907183,1783.2413866822722,1788.011962890625,26500,0.0,0.0
2024-10-11 00:00:00+09:00,1788.0119776909955,1791.8284386892688,1769.8837879491978,1778.4708251953125,30100,0.0,0.0
2024-10-15 00:00:00+09:00,1789.9201108287286,1802.3236083984375,1782.2871892473695,1802.3236083984375,32300,0.0,0.0
2024-10-16 00:00:00+09:00,1791.8284662986289,1810.9107715840244,1776.5626220703125,1776.5626220703125,43500,0.0,0.0
2024-10-17 00:00:00+09:00,1776.5625444622533,1791.8283880236904,1729.8108985553517,1739.35205078125,38800,0.0,0.0
2024-10-18 00:00:00+09:00,1755.5721572950652,1761.2968491123318,1736.48985123751,1754.6180419921875,31000,0.0,0.0
2024-10-21 00:00:00+09:00,1756.526123046875,1773.7001970364697,1749.847316495366,1756.526123046875,29700,0.0,0.0
2024-10-22 00:00:00+09:00,1767.9756064064013,1770.8379522343662,1717.407496779019,1724.0863037109375,32700,0.0,0.0
2024-10-23 00:00:00+09:00,1724.086305068783,1730.7651120059616,1705.9581148107272,1715.499267578125,26400,0.0,0.0
2024-10-24 00:00:00+09:00,1715.4992265039386,1724.0862637889975,1698.3251519338214,1718.361572265625,41100,0.0,0.0
2024-10-25 00:00:00+09:00,1707.8662952669345,1721.223908749469,1666.839339570578,1684.967529296875,43400,0.0,0.0
2024-10-28 00:00:00+09:00,1684.96736563022,1716.453165780728,1654.435680635788,1713.5908203125,44000,0.0,0.0
2024-10-29 00:00:00+09:00,1712.6368544970867,1733.627389761118,1698.3251259079746,1711.6827392578125,15900,0.0,0.0
2024-10-30 00:00:00+09:00,1725.9946134041927,1751.755727037091,1714.545229567349,1735.5357666015625,74700,0.0,0.0
2024-10-31 00:00:00+09:00,1728.856703068919,1744.1225459216248,1724.0861271774486,1727.902587890625,42900,0.0,0.0
2024-11-01 00:00:00+09:00,1727.90280456038,1744.122764625276,1709.774613899614,1729.81103515625,30800,0.0,0.0
2024-11-05 00:00:00+09:00,1745.0767801116465,1790.8743117930894,1745.0767801116465,1762.2508544921875,55100,0.0,0.0
2024-11-06 00:00:00+09:00,1773.7001531073388,1804.231839443775,1769.8836923152842,1793.736572265625,37100,0.0,0.0
2024-11-07 00:00:00+09:00,1799.461325378733,1849.0753173828125,1799.461325378733,1849.0753173828125,44700,0.0,0.0
2024-11-08 00:00:00+09:00,1860.5247540751254,1889.1482118301274,1853.845947265625,1853.845947265625,54900,0.0,0.0
2024-11-11 00:00:00+09:00,1853.8458916599764,1878.6528876368984,1847.167085050805,1866.2493896484375,27200,0.0,0.0
2024-11-12 00:00:00+09:00,1885.33163776147,1907.2762873912845,1883.4234073588773,1887.2398681640625,38900,0.0,0.0
2024-11-13 00:00:00+09:00,1905.3681927668483,1920.634037075446,1885.331772111814,1894.8729248046875,50600,0.0,0.0
2024-11-14 00:00:00+09:00,1903.4599787484708,1903.4599787484708,1864.3412523681766,1876.7447509765625,41800,0.0,0.0
2024-11-15 00:00:00+09:00,1894.872761311116,1918.7256409852237,1889.14807018933,1906.3221435546875,41300,0.0,0.0
2024-11-18 00:00:00+09:00,1898.6893193611807,1906.3222412480598,1874.8364384646834,1882.4693603515625,33000,0.0,0.0
2024-11-19 00:00:00+09:00,1882.469417603671,1970.248021972418,1882.469417603671,1954.982177734375,61300,0.0,0.0
2024-11-20 00:00:00+09:00,1954.9821345674818,1994.1008595637077,1954.9821345674818,1975.0185546875,75900,0.0,0.0
2024-11-21 00:00:00+09:00,1992.1927490234375,2018.9079774586178,1992.1927490234375,1992.1927490234375,101400,0.0,0.0
2024-11-22 00:00:00+09:00,1997.9173831596192,2033.2196482870816,1992.192691517328,2013.1832275390625,91200,0.0,0.0
2024-11-25 00:00:00+09:00,2020.8160490679318,2025.5866251988757,1929.2209873538045,1934.9456787109375,104000,0.0,0.0
2024-11-26 00:00:00+09:00,1929.2209729015885,1958.7985446918701,1920.6339359302165,1944.48681640625,64500,0.0,0.0
2024-11-27 00:00:00+09:00,1944.4868466655907,1945.4409618994796,1902.505776374479,1916.8175048828125,53300,0.0,0.0
2024-11-28 00:00:00+09:00,1920.634060640112,1938.7622509789906,1917.7717147971314,1918.725830078125,37400,0.0,0.0
2024-11-29 00:00:00+09:00,1918.7257373144973,1926.358659193421,1897.7352021474564,1899.6434326171875,36800,0.0,0.0
2024-12-02 00:00:00+09:00,1931.129270189306,1948.3033447265625,1911.09284989584,1948.3033447265625,77100,0.0,0.0
2024-12-03 00:00:00+09:00,1950.2115913575908,1953.0739371374698,1916.817557259002,1930.1751708984375,52600,0.0,0.0
2024-12-04 00:00:00+09:00,1930.1750639346308,1932.0832943488024,1893.9186860653692,1912.046875,75200,0.0,0.0
2024-12-05 00:00:00+09:00,1931.1293686283775,1932.0834839290833,1912.0470626142633,1924.4505615234375,60100,0.0,0.0
2024-12-06 00:00:00+09:00,1924.4503968063818,1955.936199034746,1908.230438082679,1944.48681640625,57100,0.0,0.0
2024-12-09 00:00:00+09:00,1944.4867748427973,1975.9725763981517,1933.0373924590322,1955.9361572265625,100300,0.0,0.0
2024-12-10 00:00:00+09:00,1908.2305551363118,1914.9093620792887,1858.6165607027676,1876.7447509765625,157900,0.0,0.0
2024-12-11 00:00:00+09:00,1884.3776407979076,1928.2669428114286,1855.7541829630027,1913.0010986328125,102300,0.0,0.0
2024-12-12 00:00:00+09:00,1927.312737848341,1927.312737848341,1850.9835205078125,1850.9835205078125,82000,0.0,0.0
2024-12-13 00:00:00+09:00,1812.8188196818035,1836.671698888143,1803.2776679992676,1831.901123046875,84800,0.0,0.0
2024-12-16 00:00:00+09:00,1831.9013086237828,1876.744726074469,1822.3601559747005,1861.4788818359375,54500,0.0,0.0
2024-12-17 00:00:00+09:00,1877.6987327328052,1883.4234239911368,1835.7176635050391,1851.9376220703125,34500,0.0,0.0
2024-12-18 00:00:00+09:00,1851.9377537597904,1888.1941343073804,1847.1671773719497,1876.7447509765625,35500,0.0,0.0
2024-12-19 00:00:00+09:00,1838.5799288435758,1866.2492687171948,1823.3140861546826,1840.4881591796875,28300,0.0,0.0
2024-12-20 00:00:00+09:00,1845.2588848436687,1875.790572700441,1830.9471561608068,1838.580078125,140000,0.0,0.0
2024-12-23 00:00:00+09:00,1835.7177167306334,1870.0658652765287,1835.7177167306334,1856.708251953125,27700,0.0,0.0
2024-12-24 00:00:00+09:00,1874.836386343149,1883.4234232271633,1858.616427784455,1860.524658203125,47500,0.0,0.0
2024-12-25 00:00:00+09:00,1860.5247234476024,1881.5152587890625,1860.5247234476024,1881.5152587890625,30600,0.0,0.0
2024-12-26 00:00:00+09:00,1896.781046018916,1921.588041590592,1892.0104699474398,1902.5057373046875,75700,0.0,0.0
2024-12-27 00:00:00+09:00,1908.2304658593366,1939.7162685460155,1908.2304658593366,1933.9915771484375,55800,0.0,0.0
2024-12-30 00:00:00+09:00,1924.4504277343751,1948.30330859375,1903.459892578125,1908.23046875,50700,0.0,0.0
2025-01-06 00:00:00+09:00,1906.3222572537502,1908.2304877414917,1856.7082645724715,1864.3411865234375,66300,0.0,0.0
2025-01-07 00:00:00+09:00,1864.3411421175285,1913.0010183959287,1836.6718007043205,1901.5516357421875,133900,0.0,0.0
2025-01-08 00:00:00+09:00,1893.91882460127,1897.7352857087787,1860.5247899105675,1885.331787109375,123100,0.0,0.0
2025-01-09 00:00:00+09:00,1879.6069104646383,1890.1021774773849,1812.81884765625,1812.81884765625,79800,0.0,0.0
2025-01-10 00:00:00+09:00,1789.920085863797,1801.3694680761455,1769.8836669921875,1769.8836669921875,90400,0.0,0.0
2025-01-14 00:00:00+09:00,1765.1132312938325,1774.6543838954208,1725.9945056273207,1734.58154296875,76300,0.0,0.0
2025-01-15 00:00:00+09:00,1726.9485136048984,1744.1225872208588,1707.8662095871648,1725.040283203125,65300,0.0,0.0
2025-01-16 00:00:00+09:00,1727.9027361476383,1749.8473871312913,1717.4074682858911,1734.58154296875,41600,0.0,0.0
2025-01-17 00:00:00+09:00,1721.2239054112347,1725.0403663988427,1695.4627937448802,1710.7286376953125,45300,0.0,0.0
2025-01-20 00:00:00+09:00,1729.810858533877,1743.1684713410884,1720.2697065287261,1733.6273193359375,28300,0.0,0.0
2025-01-21 00:00:00+09:00,1739.352106690802,1741.2603371973196,1723.1321473854023,1726.9486083984375,21900,0.0,0.0
2025-01-22 00:00:00+09:00,1734.5815009445441,1756.5261513965377,1733.627385707501,1746.0308837890625,41800,0.0,0.0
2025-01-23 00:00:00+09:00,1746.9850365763216,1770.8379180151026,1741.2603450310141,1768.9296875,32700,0.0,0.0
2025-01-24 00:00:00+09:00,1773.7001961702913,1781.333117939717,1765.1131591796875,1765.1131591796875,25700,0.0,0.0
2025-01-27 00:00:00+09:00,1785.14964450934,1798.5072580973308,1772.7461461776343,1786.103759765625,39100,0.0,0.0
2025-01-28 00:00:00+09:00,1774.6544122170276,1820.4519454355316,1774.6544122170276,1817.589599609375,68200,0.0,0.0
2025-01-29 00:00:00+09:00,1829.9929209498357,1831.9011513157895,1805.1859261924344,1812.81884765625,155100,0.0,0.0
2025-01-30 00:00:00+09:00,1807.0023031455592,1841.9014892578125,1807.0023031455592,1841.9014892578125,77700,30.0,0.0
2025-01-31 00:00:00+09:00,1834.1461145662006,1841.9014892578125,1820.57420885588,1841.9014892578125,36700,0.0,0.0
2025-02-03 00:00:00+09:00,1825.4214503539129,1826.390872260633,1792.4611055254302,1820.5743408203125,67900,0.0,0.0
2025-02-04 00:00:00+09:00,1841.9015595407197,1854.504043895472,1818.6354345781,1823.4825439453125,35900,0.0,0.0
2025-02-05 00:00:00+09:00,1844.8099236005814,1869.0454717298587,1832.2074385733572,1868.0760498046875,36600,0.0,0.0
2025-02-06 00:00:00+09:00,1880.6784588086336,1896.189208984375,1870.9842399487954,1896.189208984375,44000,0.0,0.0
2025-02-07 00:00:00+09:00,1896.1891512374134,1908.7916353714045,1877.7701359646574,1889.4031982421875,29200,0.0,0.0
2025-02-10 00:00:00+09:00,1890.3726200986484,1899.097416806796,1873.892448538814,1889.4031982421875,27600,0.0,0.0
2025-02-12 00:00:00+09:00,1904.9140069623809,1910.73053828135,1881.6478816865044,1894.2503662109375,27900,0.0,0.0
2025-02-13 00:00:00+09:00,1906.8528457299756,1914.6082208015769,1893.2809393546731,1903.944580078125,25900,0.0,0.0
2025-02-14 00:00:00+09:00,1919.4553954953371,1922.3636612460878,1894.2504256554994,1897.15869140625,24900,0.0,0.0
2025-02-17 00:00:00+09:00,1889.4032233383507,1889.4032233383507,1836.0850205248005,1838.9932861328125,32000,0.0,0.0
2025-02-18 00:00:00+09:00,1838.9932939203923,1850.6263564017022,1812.8189033374454,1823.4825439453125,38000,0.0,0.0
2025-02-19 00:00:00+09:00,1817.6660117353458,1840.9321366855581,1817.6660117353458,1825.42138671875,21900,0.0,0.0
2025-02-20 00:00:00+09:00,1808.9412905004804,1808.9412905004804,1775.0115235296782,1797.3082275390625,27700,0.0,0.0
2025-02-21 00:00:00+09:00,1782.766915850006,1797.3082446905444,1753.6842581689293,1766.2867431640625,30800,0.0,0.0
2025-02-25 00:00:00+09:00,1750.7759945306054,1774.0421207037696,1744.9594629873145,1762.4090576171875,58800,0.0,0.0
2025-02-26 00:00:00+09:00,1754.6536393521276,1754.6536393521276,1703.2742786418166,1728.479248046875,53300,0.0,0.0
2025-02-27 00:00:00+09:00,1728.4791068675809,1771.1336669921875,1728.4791068675809,1771.1336669921875,112000,0.0,0.0
2025-02-28 00:00:00+09:00,1773.0726807431577,1816.696666874072,1764.347883516975,1795.369384765625,71900,0.0,0.0
2025-03-03 00:00:00+09:00,1833.1768245615858,1838.993355998587,1808.9412769074136,1822.51318359375,35900,0.0,0.0
2025-03-04 00:00:00+09:00,1822.513118196632,1834.146180653206,1802.155258897627,1831.2379150390625,29800,0.0,0.0
2025-03-05 00:00:00+09:00,1838.993274694678,1865.1676650039856,1828.3296341982934,1862.2593994140625,26200,0.0,0.0
2025-03-06 00:00:00+09:00,1874.8618722636168,1885.5255126953125,1860.3205444022133,1885.5255126953125,33200,0.0,0.0
2025-03-07 00:00:00+09:00,1850.6263951888832,1879.7090520016995,1838.9933324637566,1867.1065673828125,51700,0.0,0.0
2025-03-10 00:00:00+09:00,1859.351138607486,1872.9230447287086,1836.0850138282476,1852.565185546875,32500,0.0,0.0
2025-03-11 00:00:00+09:00,1844.8099236005814,1870.9843155802007,1818.635531620962,1868.0760498046875,41300,0.0,0.0
2025-03-12 00:00:00+09:00,1876.8007003221326,1918.48583984375,1873.8924347741126,1918.48583984375,58900,0.0,0.0
2025-03-13 00:00:00+09:00,1918.485854890938,1933.0271827450886,1877.7701368993164,1887.46435546875,57300,0.0,0.0
2025-03-14 00:00:00+09:00,2075.532370486268,2157.9332352650317,1972.773644997457,2144.361328125,505700,0.0,0.0
2025-03-17 00:00:00+09:00,2162.7802450416075,2269.416653358316,2154.055447997513,2217.06787109375,268400,0.0,0.0
2025-03-18 00:00:00+09:00,2229.6702248000274,2261.6611454167232,2209.3123662257663,2234.517333984375,158200,0.0,0.0
2025-03-19 00:00:00+09:00,2222.8841625171704,2273.2940955528848,2195.7403524210163,2205.4345703125,179000,0.0,0.0
2025-03-21 00:00:00+09:00,2183.138174982088,2200.5877696311454,2158.9026268583966,2198.64892578125,207700,0.0,0.0
2025-03-24 00:00:00+09:00,2181.199073791504,2254.875131395128,2160.84121576945,2233.5478515625,117100,0.0,0.0
2025-03-25 00:00:00+09:00,2251.9669092109207,2295.5908915245204,2227.7313634811435,2273.294189453125,115800,0.0,0.0
2025-03-26 00:00:00+09:00,2282.019246542202,2288.805200121554,2229.670461787198,2246.150634765625,89700,0.0,0.0
2025-03-27 00:00:00+09:00,2246.1505279073976,2246.1505279073976,2194.77116753662,2217.06787109375,96900,0.0,0.0
2025-03-28 00:00:00+09:00,2339.215098603022,2361.5118028168094,2298.499377864801,2319.82666015625,187200,0.0,0.0
2025-03-31 00:00:00+09:00,2278.141370669816,2292.6826985677085,2229.670277676841,2250.99755859375,112200,0.0,0.0
2025-04-01 00:00:00+09:00,2250.9976923403533,2283.9580375339674,2219.9761909816575,2229.67041015625,63800,0.0,0.0
2025-04-02 00:00:00+09:00,2239.364519345729,2239.364519345729,2195.7405352026303,2204.46533203125,61200,0.0,0.0
2025-04-03 00:00:00+09:00,2155.9941336495535,2184.107366507394,2130.789166259766,2171.5048828125,116100,0.0,0.0
2025-04-04 00:00:00+09:00,2132.7280435897064,2156.9635895395895,2072.6238896339964,2097.828857421875,105500,0.0,0.0
2025-04-07 00:00:00+09:00,1952.4156611917006,2024.1528801232726,1920.4247392357292,1929.1495361328125,163900,0.0,0.0
2025-04-08 00:00:00+09:00,1985.3760869565217,2062.9298403532607,1974.71244586447,2006.703369140625,92800,0.0,0.0
2025-04-09 00:00:00+09:00,1977.6206240049014,1997.9784833696576,1927.2106865302665,1940.7825927734375,85900,0.0,0.0
2025-04-10 00:00:00+09:00,2037.7246805386455,2120.125535841112,2008.6420257260102,2015.427978515625,86800,0.0,0.0
2025-04-11 00:00:00+09:00,1982.4676950474866,2031.9082096917027,1933.0271804032707,2018.3363037109375,78100,0.0,0.0
2025-04-14 00:00:00+09:00,2020.2750894201808,2047.4189006024096,2011.55029296875,2011.55029296875,56400,0.0,0.0
2025-04-15 00:00:00+09:00,2033.8470639126972,2043.5412825204794,1996.0396113423467,1997.009033203125,48100,0.0,0.0
2025-04-16 00:00:00+09:00,2027.0610196607238,2066.807314163875,2008.6420051348732,2061.960205078125,72300,0.0,0.0
2025-04-17 00:00:00+09:00,2026.09166922964,2045.480106255761,2017.3668725678856,2037.7247314453125,57400,0.0,0.0
2025-04-18 00:00:00+09:00,2060.990773050689,2102.6759109816294,2056.1436639889516,2085.226318359375,40800,0.0,0.0
2025-04-21 00:00:00+09:00,2085.2264002612515,2096.859462466335,2041.6024169921875,2041.6024169921875,43000,0.0,0.0
2025-04-22 00:00:00+09:00,2041.6022933019844,2074.5626342194905,2041.6022933019844,2045.47998046875,36800,0.0,0.0
2025-04-23 00:00:00+09:00,2065.837965133188,2080.3792929027786,2037.7247314453125,2037.7247314453125,50600,0.0,0.0
2025-04-24 00:00:00+09:00,2061.960464688356,2061.960464688356,2009.6116799713034,2034.816650390625,50400,0.0,0.0
2025-04-25 00:00:00+09:00,2036.7553555273528,2102.676042902822,2026.0917149224977,2067.77685546875,47900,0.0,0.0
2025-04-28 00:00:00+09:00,2086.195932118381,2100.737260641511,2066.807494087541,2068.746337890625,58100,0.0,0.0
2025-04-30 00:00:00+09:00,2056.143732754419,2074.5627478050246,2026.0916555665895,2066.807373046875,23200,0.0,0.0
2025-05-01 00:00:00+09:00,2062.929634712838,2069.7155874586037,2031.9081364464794,2044.5106201171875,33400,0.0,0.0
2025-05-02 00:00:00+09:00,2045.4801700066314,2057.113232584868,2031.9082636653552,2032.877685546875,49800,0.0,0.0
2025-05-07 00:00:00+09:00,2033.8472196826979,2078.4406286938533,2032.877797747673,2050.327392578125,59700,0.0,0.0
2025-05-08 00:00:00+09:00,2064.868584052666,2092.0123964251893,2035.785927939248,2079.409912109375,48300,0.0,0.0
2025-05-09 00:00:00+09:00,2089.1041350427927,2208.3430253491792,2069.7156975945995,2192.832275390625,230800,0.0,0.0
2025-05-12 00:00:00+09:00,2213.1899626403297,2316.918094923516,2194.7709484965862,2307.223876953125,173900,0.0,0.0
2025-05-13 00:00:00+09:00,2312.071141626928,2314.0099853515626,2233.547970779221,2239.364501953125,61100,0.0,0.0
2025-05-14 00:00:00+09:00,2223.853880772607,2237.4257876299816,2186.046425955636,2225.792724609375,47500,0.0,0.0
2025-05-15 00:00:00+09:00,2181.1992731233427,2241.3034308716306,2161.810835140024,2193.8017578125,128300,0.0,0.0
2025-05-16 00:00:00+09:00,2184.1074651593203,2225.7926054175764,2161.810762230486,2219.97607421875,138300,0.0,0.0
2025-05-19 00:00:00+09:00,2205.434738648837,2263.600050437378,2194.7710981542714,2235.48681640625,79800,0.0,0.0
2025-05-20 00:00:00+09:00,2220.9453939890054,2244.2115177147743,2170.5354592498397,2175.382568359375,60700,0.0,0.0
2025-05-21 00:00:00+09:00,2172.4744780643055,2197.6794474662115,2166.6579466638655,2189.924072265625,58900,0.0,0.0
2025-05-22 00:00:00+09:00,2156.963731722533,2217.0678896401946,2156.963731722533,2182.168701171875,60200,0.0,0.0
2025-05-23 00:00:00+09:00,2182.1686544753106,2196.709982692605,2153.085998040722,2154.055419921875,57700,0.0,0.0
2025-05-26 00:00:00+09:00,2154.055398589199,2202.5264921668136,2154.055398589199,2196.7099609375,67700,0.0,0.0
2025-05-27 00:00:00+09:00,2196.7099590015832,2216.0983964155425,2187.9851621653015,2200.587646484375,36500,0.0,0.0
2025-05-28 00:00:00+09:00,2229.670345602379,2259.722424173541,2204.465376478178,2236.456298828125,68000,0.0,0.0
2025-05-29 00:00:00+09:00,2268.447271917284,2288.8051320498753,2240.3340364960873,2256.814208984375,45200,0.0,0.0
2025-05-30 00:00:00+09:00,2242.272830164479,2256.814158505364,2230.639767491771,2236.456298828125,60000,0.0,0.0
2025-06-02 00:00:00+09:00,2219.9759668661345,2237.425559618794,2173.443719525709,2187.015625,52700,0.0,0.0
2025-06-03 00:00:00+09:00,2187.0156284753116,2200.587533971169,2172.4743011583214,2179.26025390625,62600,0.0,0.0
2025-06-04 00:00:00+09:00,2188.9545840359997,2225.792615122522,2180.229787199718,2200.587646484375,56400,0.0,0.0
2025-06-05 00:00:00+09:00,2188.954700135348,2223.853889331483,2170.535683615166,2210.281982421875,63400,0.0,0.0
2025-06-06 00:00:00+09:00,2210.282091659427,2254.875502280626,2207.3738257493487,2231.609375,61400,0.0,0.0
2025-06-09 00:00:00+09:00,2240.333964644367,2283.957949243673,2240.333964644367,2279.11083984375,62200,0.0,0.0
2025-06-10 00:00:00+09:00,2279.1109066172544,2302.377032418536,2268.447265625,2268.447265625,58800,0.0,0.0
2025-06-11 00:00:00+09:00,2273.294253777601,2279.1107849173304,2253.9058166451696,2266.50830078125,101600,0.0,0.0
2025-06-12 00:00:00+09:00,2218.0374321555164,2221.91511997397,2124.9729245126273,2187.9853515625,231600,0.0,0.0
2025-06-13 00:00:00+09:00,2144.361280346222,2148.2389680141173,2031.908337977252,2120.125732421875,274300,0.0,0.0
2025-06-16 00:00:00+09:00,2102.6760350471877,2119.1562068294847,2059.052050917578,2083.28759765625,106800,0.0,0.0
2025-06-17 00:00:00+09:00,2064.868470529575,2097.8288123126763,2048.3882996380244,2061.960205078125,198800,0.0,0.0
2025-06-18 00:00:00+09:00,2074.5628631392706,2119.1562704777784,2060.9909565579856,2080.37939453125,135000,0.0,0.0
2025-06-19 00:00:00+09:00,2076.501640733658,2093.9512343532683,2054.2049377752664,2091.04296875,135300,0.0,0.0
2025-06-20 00:00:00+09:00,2119.156152664385,2156.963604610364,2056.143732754419,2066.807373046875,368000,0.0,0.0
2025-06-23 00:00:00+09:00,2060.0213692503667,2060.0213692503667,2031.9081364464794,2044.5106201171875,133500,0.0,0.0
2025-06-24 00:00:00+09:00,2067.7767359810255,2080.379219603976,2056.143674175225,2061.960205078125,66800,0.0,0.0
2025-06-25 00:00:00+09:00,2058.082686825383,2106.553781663475,2049.3578897545262,2088.134765625,157700,0.0,0.0
2025-06-26 00:00:00+09:00,2103.645501770523,2120.125673904209,2095.8901266487883,2115.278564453125,83300,0.0,0.0
2025-06-27 00:00:00+09:00,2125.942078082231,2141.4528273979245,2118.186703424384,2124.97265625,92500,0.0,0.0
2025-06-30 00:00:00+09:00,2132.728030907847,2144.361092894617,2107.523063269845,2124.97265625,73600,0.0,0.0
2025-07-01 00:00:00+09:00,2124.9726818527624,2124.9726818527624,2063.8991056863733,2070.68505859375,71400,0.0,0.0
2025-07-02 00:00:00+09:00,2066.8074201577683,2137.575216438968,2066.8074201577683,2094.920654296875,90000,0.0,0.0
2025-07-03 00:00:00+09:00,2084.257027312617,2084.257027312617,2049.3578398785453,2067.77685546875,76900,0.0,0.0
2025-07-04 00:00:00+09:00,2067.776727428534,2084.2568982519215,2065.837883802253,2081.3486328125,31800,0.0,0.0
2025-07-07 00:00:00+09:00,2081.3486294137906,2099.7676438333815,2061.960193182642,2089.10400390625,54600,0.0,0.0
2025-07-08 00:00:00+09:00,2091.043077008417,2120.125734546782,2082.318279746908,2116.248046875,71500,0.0,0.0
2025-07-09 00:00:00+09:00,2120.1255578748414,2130.789198083631,2099.767699294425,2101.70654296875,47000,0.0,0.0
2025-07-10 00:00:00+09:00,2122.0645805173317,2133.6976435443794,2092.012501030791,2112.370361328125,96800,0.0,0.0
2025-07-11 00:00:00+09:00,2117.217345716533,2164.719016934532,2099.76775220788,2118.186767578125,117400,0.0,0.0
2025-07-14 00:00:00+09:00,2106.5536940278052,2157.9330524187276,2103.645428458508,2141.452880859375,56300,0.0,0.0
2025-07-15 00:00:00+09:00,2132.7280381146597,2140.4834127987133,2108.4924922269934,2109.4619140625,46900,0.0,0.0
2025-07-16 00:00:00+09:00,2108.4925508564734,2144.361159767595,2103.64544154416,2114.30908203125,63000,0.0,0.0
2025-07-17 00:00:00+09:00,2107.5231214617943,2129.81982421875,2107.5231214617943,2129.81982421875,44800,0.0,0.0
2025-07-18 00:00:00+09:00,2145.3308245997387,2155.994466294541,2122.064697265625,2122.064697265625,40400,0.0,0.0
2025-07-22 00:00:00+09:00,2116.2479353679214,2128.850419637176,2094.920654296875,2094.920654296875,61400,0.0,0.0
2025-07-23 00:00:00+09:00,2102.676137916345,2132.728217342535,2090.073652995685,2120.125732421875,73700,0.0,0.0
2025-07-24 00:00:00+09:00,2132.727961753731,2152.116397769674,2126.9114309489482,2143.3916015625,57500,0.0,0.0
2025-07-25 00:00:00+09:00,2153.0859863063847,2181.1992207066032,2152.116564430515,2177.321533203125,63100,0.0,0.0
2025-07-28 00:00:00+09:00,2171.5048828125,2196.7098502022877,2163.749508231027,2171.5048828125,55000,0.0,0.0
2025-07-29 00:00:00+09:00,2160.8412358710107,2195.74042137633,2141.4527994791665,2187.015625,153300,0.0,0.0
2025-07-30 00:00:00+09:00,2189.9631035522953,2215.5077606596797,2183.085695869538,2197.822998046875,73600,30.0,0.0
2025-07-31 00:00:00+09:00,2207.6479808403583,2216.490362606074,2186.0332698574975,2199.7880859375,71500,0.0,0.0
2025-08-01 00:00:00+09:00,2212.560440608199,2290.1769036668347,2208.630493111559,2284.281982421875,88800,0.0,0.0
2025-08-04 00:00:00+09:00,2235.15752465101,2274.456997611907,2217.4727618186066,2267.57958984375,84200,0.0,0.0
2025-08-05 00:00:00+09:00,2266.5971855578287,2292.14184391262,2253.824856380433,2277.404541015625,40300,0.0,0.0
2025-08-06 00:00:00+09:00,2278.387064278961,2313.756591796875,2278.387064278961,2313.756591796875,44200,0.0,0.0
2025-08-07 00:00:00+09:00,2308.8440434252816,2323.5813458301236,2289.194306885492,2311.79150390625,50300,0.0,0.0
2025-08-08 00:00:00+09:00,2328.493813724841,2328.493813724841,2295.0892611228815,2318.6689453125,36600,0.0,0.0
2025-08-12 00:00:00+09:00,2319.651349006815,2339.301085127161,2308.843994140625,2308.843994140625,60400,0.0,0.0
2025-08-13 00:00:00+09:00,2308.8441732740057,2330.4588846833794,2272.4921586309683,2309.82666015625,38100,0.0,0.0
2025-08-14 00:00:00+09:00,2283.2994306044443,2299.0192201438895,2256.77228575663,2285.264404296875,50400,0.0,0.0
2025-08-15 00:00:00+09:00,2307.8617169881604,2307.8617169881604,2270.5272149679176,2287.2294921875,52000,0.0,0.0
2025-08-18 00:00:00+09:00,2296.0717810569154,2331.441307851117,2296.0717810569154,2325.54638671875,77200,0.0,0.0
2025-08-19 00:00:00+09:00,2331.4411983991713,2358.9508290587487,2331.4411983991713,2353.055908203125,51100,0.0,0.0
2025-08-20 00:00:00+09:00,2356.00354362173,2356.00354362173,2309.82666015625,2309.82666015625,54500,0.0,0.0
2025-08-21 00:00:00+09:00,2309.8264809466423,2311.791454558677,2287.2292844082444,2308.843994140625,32600,0.0,0.0
2025-08-22 00:00:00+09:00,2308.843975874439,2316.7038702603945,2274.4569379358836,2298.03662109375,26100,0.0,0.0
2025-08-25 00:00:00+09:00,2297.0543623959666,2303.9317706666134,2286.2470065420935,2301.966796875,38700,0.0,0.0
2025-08-26 00:00:00+09:00,2301.9666826785096,2314.7390116903834,2282.316945737165,2300.001708984375,45900,0.0,0.0
2025-08-27 00:00:00+09:00,2299.019304451563,2319.6515289786926,2280.3520536889223,2309.82666015625,52500,0.0,0.0
2025-08-28 00:00:00+09:00,2296.0718729734112,2296.0718729734112,2250.87747581604,2272.4921875,50300,0.0,0.0
2025-08-29 00:00:00+09:00,2257.7546750825027,2288.2117659996297,2257.7546750825027,2279.369384765625,33400,0.0,0.0
2025-09-01 00:00:00+09:00,2263.649603698811,2276.421932191903,2220.4201841837294,2231.2275390625,32200,0.0,0.0
2025-09-02 00:00:00+09:00,2255.7896907840154,2262.667098377869,2213.5427584217714,2220.420166015625,40000,0.0,0.0
2025-09-03 00:00:00+09:00,2220.4203756842044,2225.3328101436828,2187.998308251648,2198.8056640625,53200,0.0,0.0
2025-09-04 00:00:00+09:00,2210.5953291085007,2224.3501444896206,2195.858026914444,2212.560302734375,45400,0.0,0.0
2025-09-05 00:00:00+09:00,2222.385353359067,2249.894986380311,2192.9107465505913,2243.017578125,50400,0.0,0.0
2025-09-08 00:00:00+09:00,2261.68475125883,2288.2118964734213,2253.824856380433,2277.404541015625,50000,0.0,0.0
2025-09-09 00:00:00+09:00,2271.509619856827,2292.14184391262,2257.754803819632,2277.404541015625,46100,0.0,0.0
2025-09-10 00:00:00+09:00,2281.334405380064,2300.00165503649,2260.702182075593,2267.57958984375,67000,0.0,0.0
2025-09-11 00:00:00+09:00,2264.6321007112024,2298.036652305207,2256.7722062184953,2290.1767578125,51600,0.0,0.0
2025-09-12 00:00:00+09:00,2405.1277481882194,2432.6373792949476,2342.248591372841,2389.407958984375,287700,0.0,0.0
2025-09-16 00:00:00+09:00,2404.1453603067,2412.0052552321,2358.9509644856503,2395.302978515625,112400,0.0,0.0
2025-09-17 00:00:00+09:00,2361.8983001773613,2361.8983001773613,2300.001630913146,2319.6513671875,61600,0.0,0.0
2025-09-18 00:00:00+09:00,2321.6164078947368,2341.2661447368423,2292.141802631579,2333.40625,71300,0.0,0.0
2025-09-19 00:00:00+09:00,2333.406169474626,2372.7056418026195,2315.7214069270285,2338.318603515625,121000,0.0,0.0
2025-09-22 00:00:00+09:00,2338.318629993729,2338.318629993729,2297.0541835820745,2300.984130859375,104700,0.0,0.0
2025-09-24 00:00:00+09:00,2302.9490758787,2362.8807711127447,2294.1066946146607,2323.581298828125,90400,0.0,0.0
2025-09-25 00:00:00+09:00,2310.809166949728,2350.108642578125,2301.966784933339,2350.108642578125,83500,0.0,0.0
2025-09-26 00:00:00+09:00,2348.1435123242827,2389.407958984375,2338.31864407188,2389.407958984375,88700,0.0,0.0
2025-09-29 00:00:00+09:00,2394.320521864486,2395.3030087425595,2358.95099425385,2372.705810546875,55100,0.0,0.0
2025-09-30 00:00:00+09:00,2372.705610265684,2377.6180442413893,2339.3010592308874,2346.178466796875,65600,0.0,0.0
2025-10-01 00:00:00+09:00,2345.1960956551748,2345.1960956551748,2241.052490234375,2241.052490234375,79500,0.0,0.0
2025-10-02 00:00:00+09:00,2241.052582760054,2251.859938485771,2187.998291015625,2187.998291015625,71200,0.0,0.0
2025-10-03 00:00:00+09:00,2183.085733727394,2234.175048828125,2181.1207600696735,2234.175048828125,44200,0.0,0.0
2025-10-06 00:00:00+09:00,2300.0017739842083,2315.721563981537,2269.5446808643833,2299.019287109375,66800,0.0,0.0
2025-10-07 00:00:00+09:00,2299.01918857447,2300.001675407194,2276.4219914218147,2293.124267578125,40500,0.0,0.0
2025-10-08 00:00:00+09:00,2293.124218247265,2323.5813094065047,2290.1767578125,2290.1767578125,46800,0.0,0.0
2025-10-09 00:00:00+09:00,2290.176939625946,2320.634033203125,2282.3170445092546,2320.634033203125,53400,0.0,0.0
2025-10-10 00:00:00+09:00,2302.949278635567,2318.669068933421,2243.017578125,2243.017578125,67000,0.0,0.0
2025-10-14 00:00:00+09:00,2236.139936325867,2241.0523702808887,2187.9980835666547,2209.61279296875,64000,0.0,0.0
2025-10-15 00:00:00+09:00,2209.612893636426,2239.087498709389,2209.612893636426,2230.2451171875,31200,0.0,0.0
2025-10-16 00:00:00+09:00,2241.0525359430458,2265.6147075338286,2201.753061397793,2214.525390625,43300,0.0,0.0
2025-10-17 00:00:00+09:00,2190.9456394740514,2205.6829419817245,2172.278389630999,2200.7705078125,37200,0.0,0.0
2025-10-20 00:00:00+09:00,2221.4027068200094,2255.7897456252726,2213.542812235949,2252.84228515625,43500,0.0,0.0
2025-10-21 00:00:00+09:00,2254.8072722341894,2272.4920351536734,2234.175048828125,2234.175048828125,57400,0.0,0.0
2025-10-22 00:00:00+09:00,2245.964846296447,2268.562042912728,2243.0173858682365,2260.7021484375,44500,0.0,0.0
2025-10-23 00:00:00+09:00,2238.1049492836833,2260.702145874344,2226.3151075842084,2245.96484375,37500,0.0,0.0
2025-10-24 00:00:00+09:00,2251.8599124285133,2278.3870579937707,2234.1751487183415,2254.807373046875,55800,0.0,0.0
2025-10-27 00:00:00+09:00,2265.6145850199696,2295.0891893350604,2260.7021509674546,2275.439453125,47300,0.0,0.0
2025-10-28 00:00:00+09:00,2252.8423100062782,2259.719717843192,2195.858073643276,2200.7705078125,56100,0.0,0.0
2025-10-29 00:00:00+09:00,2195.858113193864,2200.7705474515683,2124.1365730313796,2130.031494140625,51000,0.0,0.0
2025-10-30 00:00:00+09:00,2131.9965660846224,2147.7163564336333,2124.1366709101167,2135.926513671875,63300,0.0,0.0
2025-10-31 00:00:00+09:00,2151.64628662448,2155.5762341799586,2107.434376625347,2125.119140625,47100,0.0,0.0
2025-11-04 00:00:00+09:00,2112.3467131903394,2130.031476370538,2097.6094105401744,2119.22412109375,115000,0.0,0.0
2025-11-05 00:00:00+09:00,2108.416763775823,2113.329197987789,2054.3799874441966,2104.48681640625,74900,0.0,0.0
2025-11-06 00:00:00+09:00,2112.3466303362975,2129.0489060180266,2083.854512996878,2109.399169921875,52300,0.0,0.0
2025-11-07 00:00:00+09:00,2108.416734627598,2127.083984375,2106.451760969977,2127.083984375,30600,0.0,0.0
2025-11-10 00:00:00+09:00,2156.5586391322286,2164.4185339445557,2130.031494140625,2130.031494140625,42500,0.0,0.0
2025-11-11 00:00:00+09:00,2141.8212241374367,2160.488473338635,2130.03138253668,2142.8037109375,46200,0.0,0.0
2025-11-12 00:00:00+09:00,2159.5060229481105,2183.08570654718,2152.6286152317152,2164.41845703125,47800,0.0,0.0
2025-11-13 00:00:00+09:00,2161.471027904328,2184.0682250142368,2156.55859375,2156.55859375,33900,0.0,0.0
2025-11-14 00:00:00+09:00,2139.8563176252846,2178.1733040290433,2135.9263703018223,2156.55859375,46300,0.0,0.0
2025-11-17 00:00:00+09:00,2149.6811656257205,2166.3834415926476,2108.4167191191937,2131.013916015625,45400,0.0,0.0
2025-11-18 00:00:00+09:00,2131.0140126546225,2140.8388813160086,2109.3993015995734,2122.171630859375,60000,0.0,0.0
2025-11-19 00:00:00+09:00,2112.3466932063143,2120.2065878787103,2085.8195486869795,2093.679443359375,36700,0.0,0.0
2025-11-20 00:00:00+09:00,2122.171521509369,2159.506020498886,2110.381679723206,2149.68115234375,52900,0.0,0.0
2025-11-21 00:00:00+09:00,2149.681269795186,2181.120849609375,2143.7863485800253,2181.120849609375,67500,0.0,0.0
2025-11-25 00:00:00+09:00,2183.085688235986,2186.033148661147,2152.628597175988,2153.611083984375,46200,0.0,0.0
2025-11-26 00:00:00+09:00,2161.4710499007715,2205.682957739651,2161.4710499007715,2196.840576171875,46600,0.0,0.0
2025-11-27 00:00:00+09:00,2212.5603519955657,2227.2976545177385,2204.7004573170734,2215.5078125,36600,0.0,0.0
2025-11-28 00:00:00+09:00,2198.8055851330687,2227.2977039752755,2184.068282283651,2218.455322265625,38900,0.0,0.0
2025-12-01 00:00:00+09:00,2231.2275441553943,2263.6496088657104,2217.472728823745,2260.7021484375,65900,0.0,0.0
2025-12-02 00:00:00+09:00,2244.9823569417103,2279.369395231846,2234.175002050525,2245.96484375,59800,0.0,0.0
2025-12-03 00:00:00+09:00,2257.7546671102336,2257.7546671102336,2219.43768189818,2235.157470703125,56400,0.0,0.0
2025-12-04 00:00:00+09:00,2235.157452371011,2257.7546485927837,2204.70036181123,2224.35009765625,79900,0.0,0.0
2025-12-05 00:00:00+09:00,2186.033138196316,2203.7179006626234,2161.4709681042227,2187.015625,79300,0.0,0.0
2025-12-08 00:00:00+09:00,2203.717887732287,2223.3676236906667,2202.735400934368,2205.682861328125,62200,0.0,0.0
2025-12-09 00:00:00+09:00,2230.2451369654427,2268.562123900091,2217.4728079872266,2255.789794921875,116500,0.0,0.0
2025-12-10 00:00:00+09:00,2139.85631108379,2224.350178279936,2097.609377485717,2219.437744140625,242300,0.0,0.0
2025-12-11 00:00:00+09:00,2183.0856754592596,2278.386895315042,2183.0856754592596,2264.632080078125,120800,0.0,0.0
2025-12-12 00:00:00+09:00,2303.9316898066504,2331.441321923745,2289.1943868867784,2306.879150390625,108000,0.0,0.0
2025-12-15 00:00:00+09:00,2335.371309180092,2378.6007318153147,2321.6164928870667,2372.705810546875,74400,0.0,0.0
2025-12-16 00:00:00+09:00,2371.7233062084024,2385.4781224001663,2356.986003145799,2361.8984375,78600,0.0,0.0
2025-12-17 00:00:00+09:00,2383.5130357154403,2385.47800936401,2363.86329922974,2374.670654296875,83400,0.0,0.0
2025-12-18 00:00:00+09:00,2384.495601802057,2386.4605755159446,2355.02099609375,2355.02099609375,89700,0.0,0.0
2025-12-19 00:00:00+09:00,2369.7583183134284,2397.267950532656,2361.8984233936494,2380.565673828125,80400,0.0,0.0
2025-12-22 00:00:00+09:00,2407.0928085969103,2439.5148749984196,2397.2679399903923,2428.70751953125,72300,0.0,0.0
2025-12-23 00:00:00+09:00,2432.6375018795106,2455.234699998747,2416.9177118835205,2450.322265625,64400,0.0,0.0
2025-12-24 00:00:00+09:00,2453.269653169918,2455.234626860883,2371.7232449948665,2392.35546875,70000,0.0,0.0
2025-12-25 00:00:00+09:00,2409.0576457325546,2414.9525665622427,2383.512988803906,2386.46044921875,51900,0.0,0.0
2025-12-26 00:00:00+09:00,2396.285498645993,2406.1103674391297,2384.495656094229,2402.180419921875,59800,0.0,0.0
2025-12-29 00:00:00+09:00,2402.180437218483,2412.98779296875,2374.670804399621,2412.98779296875,73500,0.0,0.0
2025-12-30 00:00:00+09:00,2412.987726184992,2417.900160480971,2386.460580986704,2399.23291015625,29400,0.0,0.0
2026-01-05 00:00:00+09:00,2396.285348658225,2405.1277300185875,2378.6005859375,2378.6005859375,48100,0.0,0.0
2026-01-06 00:00:00+09:00,2378.600601594015,2399.232824904,2374.670654296875,2374.670654296875,61700,0.0,0.0
2026-01-07 00:00:00+09:00,2377.618213233208,2403.1628717224903,2371.7232920433735,2380.565673828125,72100,0.0,0.0
2026-01-08 00:00:00+09:00,2371.7232429945766,2390.3904930430012,2366.8108087713067,2377.6181640625,62600,0.0,0.0
2026-01-09 00:00:00+09:00,2377.618060015992,2391.3728752392253,2336.353614346293,2342.24853515625,104200,0.0,0.0
2026-01-13 00:00:00+09:00,2386.460660195764,2393.3380684384033,2344.213723848124,2379.583251953125,94000,0.0,0.0
2026-01-14 00:00:00+09:00,2377.618230664544,2404.1453762132805,2369.7583356871405,2391.373046875,83100,0.0,0.0
2026-01-15 00:00:00+09:00,2377.618101524015,2395.302864262623,2371.7231806111454,2393.337890625,56800,0.0,0.0
2026-01-16 00:00:00+09:00,2375.6532756526294,2416.917724609375,2372.705815012862,2416.917724609375,74000,0.0,0.0
2026-01-19 00:00:00+09:00,2415.935234716596,2423.795129746174,2387.443115234375,2387.443115234375,43900,0.0,0.0
2026-01-20 00:00:00+09:00,2381.5480439526186,2402.1802671056735,2362.880794433188,2363.86328125,67700,0.0,0.0
2026-01-21 00:00:00+09:00,2337.3361455944064,2344.2135533368028,2290.1767782179745,2315.721435546875,82800,0.0,0.0
2026-01-22 00:00:00+09:00,2300.0015819442788,2329.476185728272,2290.176714016281,2316.703857421875,87100,0.0,0.0
2026-01-23 00:00:00+09:00,2320.633854001218,2343.231050716725,2315.7214199326295,2319.6513671875,83400,0.0,0.0
2026-01-26 00:00:00+09:00,2294.106765879755,2298.036713230299,2259.7197265625,2259.7197265625,128100,0.0,0.0
2026-01-27 00:00:00+09:00,2260.702326178707,2279.369577025033,2245.9650228789765,2246.947509765625,116200,0.0,0.0
2026-01-28 00:00:00+09:00,2230.245183887916,2265.614711033275,2227.2977232924695,2244.0,231000,0.0,0.0
2026-01-29 00:00:00+09:00,2251.0,2251.0,2176.0,2217.0,158900,40.0,0.0
2026-01-30 00:00:00+09:00,2216.0,2219.0,2186.0,2202.0,97100,0.0,0.0
2026-02-02 00:00:00+09:00,2202.0,2212.0,2160.0,2170.0,124500,0.0,0.0
2026-02-03 00:00:00+09:00,2171.0,2194.0,2141.0,2153.0,152200,0.0,0.0
2026-02-04 00:00:00+09:00,2126.0,2159.0,2058.0,2067.0,201500,0.0,0.0
2026-02-05 00:00:00+09:00,2079.0,2086.0,2054.0,2064.0,202700,0.0,0.0
2026-02-06 00:00:00+09:00,2040.0,2042.0,1986.0,2000.0,212500,0.0,0.0
2026-02-09 00:00:00+09:00,2049.0,2050.0,1995.0,2001.0,188300,0.0,0.0
2026-02-10 00:00:00+09:00,2025.0,2079.0,2019.0,2077.0,325200,0.0,0.0
2026-02-12 00:00:00+09:00,2052.0,2055.0,2007.0,2022.0,202500,0.0,0.0
2026-02-13 00:00:00+09:00,2018.0,2034.0,1962.0,1975.0,208800,0.0,0.0
2026-02-16 00:00:00+09:00,1965.0,1994.0,1956.0,1990.0,161200,0.0,0.0
2026-02-17 00:00:00+09:00,1978.0,2000.0,1959.0,1995.0,149200,0.0,0.0
2026-02-18 00:00:00+09:00,1995.0,2040.0,1994.0,2030.0,156600,0.0,0.0
2026-02-19 00:00:00+09:00,2032.0,2040.0,2003.0,2035.0,130700,0.0,0.0
2026-02-20 00:00:00+09:00,2004.0,2008.0,1956.0,1956.0,146900,0.0,0.0
2026-02-24 00:00:00+09:00,1929.0,1938.0,1883.0,1901.0,166900,0.0,0.0
2026-02-25 00:00:00+09:00,1910.0,1930.0,1897.0,1921.0,146800,0.0,0.0
2026-02-26 00:00:00+09:00,1941.0,1979.0,1930.0,1979.0,167300,0.0,0.0
2026-02-27 00:00:00+09:00,1995.0,2015.0,1975.0,1997.0,187600,0.0,0.0
2026-03-02 00:00:00+09:00,1950.0,1988.0,1932.0,1965.0,172000,0.0,0.0
2026-03-03 00:00:00+09:00,1950.0,1951.0,1908.0,1917.0,136400,0.0,0.0
2026-03-04 00:00:00+09:00,1906.0,1914.0,1865.0,1889.0,169100,0.0,0.0
2026-03-05 00:00:00+09:00,1937.0,1954.0,1920.0,1931.0,85800,0.0,0.0
2026-03-06 00:00:00+09:00,1931.0,1979.0,1921.0,1966.0,88200,0.0,0.0
2026-03-09 00:00:00+09:00,1936.0,2024.0,1917.0,1999.0,315300,0.0,0.0
2026-03-10 00:00:00+09:00,2039.0,2078.0,2015.0,2063.0,150300,0.0,0.0
2026-03-11 00:00:00+09:00,2079.0,2152.0,2071.0,2105.0,238900,0.0,0.0
2026-03-12 00:00:00+09:00,2066.0,2088.0,2052.0,2076.0,184700,0.0,0.0
2026-03-13 00:00:00+09:00,2089.0,2093.0,1965.0,2003.0,385800,0.0,0.0
2026-03-16 00:00:00+09:00,2013.0,2053.0,2006.0,2020.0,157100,0.0,0.0
2026-03-17 00:00:00+09:00,2010.0,2020.0,1994.0,2003.0,154500,0.0,0.0
2026-03-18 00:00:00+09:00,1990.0,2007.0,1987.0,2004.0,161200,0.0,0.0
2026-03-19 00:00:00+09:00,1980.0,1992.0,1965.0,1965.0,152600,0.0,0.0
2026-03-23 00:00:00+09:00,1930.0,1930.0,1868.0,1868.0,208500,0.0,0.0
2026-03-24 00:00:00+09:00,1922.0,1944.0,1914.0,1938.0,123300,0.0,0.0
2026-03-25 00:00:00+09:00,1941.0,1961.0,1933.0,1957.0,107900,0.0,0.0
2026-03-26 00:00:00+09:00,1940.0,1944.0,1912.0,1931.0,84100,0.0,0.0
2026-03-27 00:00:00+09:00,1931.0,1960.0,1931.0,1954.0,134100,0.0,0.0
2026-03-30 00:00:00+09:00,1883.0,1927.0,1864.0,1900.0,150100,0.0,0.0
2026-03-31 00:00:00+09:00,1901.0,1995.0,1901.0,1927.0,129800,0.0,0.0
2026-04-01 00:00:00+09:00,1950.0,1993.0,1950.0,1993.0,98300,0.0,0.0
2026-04-02 00:00:00+09:00,1993.0,2000.0,1955.0,1968.0,73500,0.0,0.0
2026-04-03 00:00:00+09:00,1975.0,1993.0,1959.0,1981.0,44400,0.0,0.0
2026-04-06 00:00:00+09:00,1997.0,2000.0,1984.0,1993.0,40700,0.0,0.0
2026-04-07 00:00:00+09:00,1993.0,2024.0,1993.0,2013.0,49800,0.0,0.0
2026-04-08 00:00:00+09:00,2056.0,2056.0,2025.0,2025.0,55200,0.0,0.0
2026-04-09 00:00:00+09:00,2050.0,2050.0,2007.0,2009.0,53500,0.0,0.0
2026-04-10 00:00:00+09:00,2003.0,2006.0,1974.0,1979.0,72300,0.0,0.0
2026-04-13 00:00:00+09:00,1959.0,1983.0,1950.0,1980.0,79300,0.0,0.0
2026-04-14 00:00:00+09:00,2005.0,2028.0,2002.0,2026.0,78500,0.0,0.0
2026-04-15 00:00:00+09:00,2052.0,2074.0,2037.0,2042.0,67700,0.0,0.0
2026-04-16 00:00:00+09:00,2085.0,2092.0,2030.0,2032.0,69800,0.0,0.0
2026-04-17 00:00:00+09:00,2032.0,2066.0,2032.0,2044.0,55700,0.0,0.0
2026-04-20 00:00:00+09:00,2060.0,2060.0,2014.0,2029.0,55200,0.0,0.0
2026-04-21 00:00:00+09:00,2039.0,2046.0,2021.0,2021.0,55500,0.0,0.0
2026-04-22 00:00:00+09:00,2021.0,2034.0,2018.0,2021.0,57300,0.0,0.0
2026-04-23 00:00:00+09:00,2013.0,2018.0,1970.0,1979.0,96500,0.0,0.0
2026-04-24 00:00:00+09:00,1977.0,1981.0,1950.0,1971.0,84000,0.0,0.0
2026-04-27 00:00:00+09:00,1966.0,1981.0,1955.0,1955.0,99300,0.0,0.0
2026-04-28 00:00:00+09:00,1951.0,1987.0,1950.0,1978.0,70700,0.0,0.0
2026-04-30 00:00:00+09:00,1944.0,1962.0,1928.0,1938.0,85900,0.0,0.0
2026-05-01 00:00:00+09:00,1937.0,1958.0,1895.0,1929.0,81200,0.0,0.0
2026-05-07 00:00:00+09:00,1953.0,1968.0,1934.0,1938.0,130800,0.0,0.0
2026-05-08 00:00:00+09:00,1947.0,1990.0,1947.0,1972.0,72700,0.0,0.0
2026-05-11 00:00:00+09:00,1976.0,1994.0,1967.0,1975.0,65800,0.0,0.0
2026-05-12 00:00:00+09:00,1975.0,1979.0,1946.0,1959.0,48700,0.0,0.0
2026-05-13 00:00:00+09:00,1957.0,1971.0,1946.0,1951.0,53000,0.0,0.0
2026-05-14 00:00:00+09:00,1951.0,1959.0,1905.0,1920.0,77700,0.0,0.0
2026-05-15 00:00:00+09:00,1930.0,1947.0,1927.0,1947.0,62100,0.0,0.0
2026-05-18 00:00:00+09:00,1951.0,1972.0,1936.0,1961.0,75400,0.0,0.0
2026-05-19 00:00:00+09:00,1997.0,2019.0,1982.0,2009.0,96800,0.0,0.0
2026-05-20 00:00:00+09:00,2030.0,2035.0,1929.0,1941.0,104100,0.0,0.0
2026-05-21 00:00:00+09:00,1948.0,1969.0,1947.0,1947.0,50400,0.0,0.0
2026-05-22 00:00:00+09:00,1969.0,1969.0,1921.0,1947.0,44200,0.0,0.0
2026-05-25 00:00:00+09:00,2064.0,2065.0,1975.0,1991.0,210900,0.0,0.0
2026-05-26 00:00:00+09:00,2010.0,2019.0,1966.0,2000.0,102600,0.0,0.0
2026-05-27 00:00:00+09:00,2000.0,2012.0,1984.0,2002.0,58400,0.0,0.0
2026-05-28 00:00:00+09:00,2016.0,2016.0,1976.0,2001.0,101700,0.0,0.0
2026-05-29 00:00:00+09:00,2009.0,2060.0,2001.0,2040.0,94900,0.0,0.0
2026-06-01 00:00:00+09:00,2033.0,2097.0,2015.0,2063.0,127900,0.0,0.0
2026-06-02 00:00:00+09:00,2067.0,2090.0,2037.0,2090.0,141900,0.0,0.0
2026-06-03 00:00:00+09:00,2098.0,2098.0,2046.0,2056.0,140300,0.0,0.0
2026-06-04 00:00:00+09:00,2039.0,2055.0,2013.0,2025.0,58300,0.0,0.0
2026-06-05 00:00:00+09:00,2050.0,2081.0,2046.0,2070.0,72400,0.0,0.0
2026-06-08 00:00:00+09:00,2032.0,2064.0,2016.0,2028.0,88400,0.0,0.0
2026-06-09 00:00:00+09:00,2025.0,2047.0,1994.0,2000.0,91000,0.0,0.0
2026-06-10 00:00:00+09:00,2000.0,2009.0,1978.0,1978.0,105400,0.0,0.0
2026-06-11 00:00:00+09:00,1964.0,1990.0,1953.0,1980.0,95900,0.0,0.0
2026-06-12 00:00:00+09:00,2120.0,2134.0,2026.0,2064.0,379100,0.0,0.0
2026-06-15 00:00:00+09:00,2062.0,2104.0,2055.0,2080.0,120100,0.0,0.0
2026-06-16 00:00:00+09:00,2061.0,2066.0,2020.0,2031.0,116100,0.0,0.0
2026-06-17 00:00:00+09:00,2031.0,2060.0,2022.0,2037.0,93200,0.0,0.0
2026-06-18 00:00:00+09:00,2037.0,2080.0,2030.0,2056.0,79500,0.0,0.0
2026-06-19 00:00:00+09:00,2077.0,2104.0,2058.0,2099.0,134400,0.0,0.0
2026-06-22 00:00:00+09:00,2100.0,2120.0,2075.0,2102.0,78200,0.0,0.0
2026-06-23 00:00:00+09:00,2102.0,2105.0,2048.0,2053.0,113600,0.0,0.0
2026-06-24 00:00:00+09:00,2056.0,2089.0,2056.0,2064.0,107400,0.0,0.0
2026-06-25 00:00:00+09:00,2077.0,2086.0,2045.0,2063.0,81400,0.0,0.0
2026-06-26 00:00:00+09:00,2058.0,2078.0,2054.0,2059.0,85800,0.0,0.0
2026-06-29 00:00:00+09:00,2099.0,2120.0,2084.0,2095.0,110400,0.0,0.0
2026-06-30 00:00:00+09:00,2113.0,2115.0,2086.0,2103.0,102300,0.0,0.0
2026-07-01 00:00:00+09:00,2095.0,2120.0,2088.0,2106.0,110400,0.0,0.0
2026-07-02 00:00:00+09:00,2135.0,2176.0,2109.0,2143.0,124500,0.0,0.0
2026-07-03 00:00:00+09:00,2164.0,2185.0,2141.0,2151.0,88400,0.0,0.0
2026-07-06 00:00:00+09:00,2152.0,2178.0,2151.0,2174.0,81000,0.0,0.0
2026-07-07 00:00:00+09:00,2189.0,2209.0,2176.0,2176.0,89900,0.0,0.0
2026-07-08 00:00:00+09:00,2180.0,2193.0,2156.0,2164.0,93800,0.0,0.0
2026-07-09 00:00:00+09:00,2150.0,2171.0,2141.0,2157.0,75700,0.0,0.0
2026-07-10 00:00:00+09:00,2157.0,2201.0,2157.0,2196.0,105600,0.0,0.0
2026-07-13 00:00:00+09:00,2196.0,2214.0,2166.0,2174.0,85600,0.0,0.0
2026-07-14 00:00:00+09:00,2195.0,2203.0,2173.0,2173.0,93300,0.0,0.0
2026-07-15 00:00:00+09:00,2173.0,2203.0,2165.0,2196.0,84100,0.0,0.0
2026-07-16 00:00:00+09:00,2200.0,2216.0,2183.0,2183.0,102700,0.0,0.0
2026-07-17 00:00:00+09:00,2175.0,2217.0,2161.0,2178.0,144000,0.0,0.0
