Date,Open,High,Low,Close,Volume,Dividends,Stock Splits,Capital Gains
2006-09-21 00:00:00-04:00,11.892301570273968,11.916085810490273,11.835218123519986,11.849489212036133,27000,0.0,0.0,0.0
2006-09-22 00:00:00-04:00,11.825700654806045,11.825700654806045,11.754346145584133,11.78764533996582,12800,0.0,0.0,0.0
2006-09-25 00:00:00-04:00,11.787646696695486,11.859000306819754,11.721049207577176,11.854243278503418,7100,0.0,0.0,0.0
2006-09-26 00:00:00-04:00,11.868515962430362,11.911328315734863,11.835216759729805,11.911328315734863,174400,0.0,0.0,0.0
2006-09-27 00:00:00-04:00,11.930354966884476,11.977924346923828,11.91132775925501,11.977924346923828,74700,0.0,0.0,0.0
2006-09-28 00:00:00-04:00,11.992193369195784,12.030249595405188,11.949381929330947,11.98743724822998,33500,0.0,0.0,0.0
2006-09-29 00:00:00-04:00,11.99695039723402,11.99695039723402,11.93986787254179,11.944624900817871,57200,0.0,0.0,0.0
2006-10-02 00:00:00-04:00,11.949382333041394,12.367990855073456,11.91608313398315,11.925597190856934,63700,0.0,0.0,0.0
2006-10-03 00:00:00-04:00,11.906571394524445,11.925598603215018,11.86375904083252,11.86375904083252,42900,0.0,0.0,0.0
2006-10-04 00:00:00-04:00,11.873267098466785,11.963648796081543,11.849482870978221,11.963648796081543,31700,0.0,0.0,0.0
2006-10-05 00:00:00-04:00,11.987433645349457,12.035002099193543,11.958891484270888,12.020731925964355,53400,0.0,0.0,0.0
2006-10-06 00:00:00-04:00,12.020735290425453,12.020735290425453,11.95413780324571,11.996950149536133,36000,0.0,0.0,0.0
2006-10-09 00:00:00-04:00,12.035004315087507,12.049275398254395,11.982678824762786,12.049275398254395,32100,0.0,0.0,0.0
2006-10-10 00:00:00-04:00,12.049276452577017,12.058790508854097,12.02073519105612,12.044519424438477,29100,0.0,0.0,0.0
2006-10-11 00:00:00-04:00,12.058792118496935,12.063549147270457,12.015979766845703,12.015979766845703,18300,0.0,0.0,0.0
2006-10-12 00:00:00-04:00,12.082576342401468,12.144416809082031,12.06354913463777,12.144416809082031,17400,0.0,0.0,0.0
2006-10-13 00:00:00-04:00,12.153928556004619,12.215769015545025,12.13490135043782,12.206254959106445,24800,0.0,0.0,0.0
2006-10-16 00:00:00-04:00,12.201492133722338,12.258575537922026,12.201492133722338,12.25381851196289,24500,0.0,0.0,0.0
2006-10-17 00:00:00-04:00,12.253825592553666,12.253825592553666,12.177714947848585,12.234797477722168,33100,0.0,0.0,0.0
2006-10-18 00:00:00-04:00,12.296637638781919,12.310907817241333,12.225284024553561,12.249068260192871,20800,0.0,0.0,0.0
2006-10-19 00:00:00-04:00,12.249065099553164,12.268093209003112,12.225280870050925,12.263336181640625,21600,0.0,0.0,0.0
2006-10-20 00:00:00-04:00,12.27285194463393,12.27285194463393,12.177714099039093,12.230039596557617,47000,0.0,0.0,0.0
2006-10-23 00:00:00-04:00,12.225284024553561,12.249068260192871,12.215769967373665,12.249068260192871,17400,0.0,0.0,0.0
2006-10-24 00:00:00-04:00,12.253822733431864,12.277606964111328,12.215767419958576,12.277606964111328,27600,0.0,0.0,0.0
2006-10-25 00:00:00-04:00,12.296637932728121,12.363234519958496,12.27760981791347,12.363234519958496,37800,0.0,0.0,0.0
2006-10-26 00:00:00-04:00,12.453614332420823,12.453614332420823,12.353718559652204,12.406044960021973,93000,0.0,0.0,0.0
2006-10-27 00:00:00-04:00,12.425072766309443,12.439342942560902,12.37274636722665,12.377503395080566,59800,0.0,0.0,0.0
2006-10-30 00:00:00-05:00,12.382261780671612,12.382261780671612,12.325178347475601,12.358476638793945,38600,0.0,0.0,0.0
2006-10-31 00:00:00-05:00,12.367984233365174,12.396525481395393,12.334685959444931,12.391768455505371,23800,0.0,0.0,0.0
2006-11-01 00:00:00-05:00,12.391773453094984,12.391773453094984,12.211010932922363,12.211010932922363,43900,0.0,0.0,0.0
2006-11-02 00:00:00-05:00,12.225286392623342,12.225286392623342,12.125390587505219,12.187231063842773,48200,0.0,0.0,0.0
2006-11-03 00:00:00-05:00,12.220526695251465,12.249067958778403,12.201498581359902,12.220526695251465,42700,0.0,0.0,0.0
2006-11-06 00:00:00-05:00,12.272853937743122,12.363235676950026,12.253826728458296,12.353721618652344,44700,0.0,0.0,0.0
2006-11-07 00:00:00-05:00,12.382267223720786,12.401294438276592,12.320426734965139,12.329940795898438,103700,0.0,0.0,0.0
2006-11-08 00:00:00-05:00,12.325179749431742,12.358478044537678,12.277610367575909,12.33945083618164,52400,0.0,0.0,0.0
2006-11-09 00:00:00-05:00,12.367992862520277,12.377506920938286,12.306153297424316,12.306153297424316,87800,0.0,0.0,0.0
2006-11-10 00:00:00-05:00,12.296639239006307,12.306153297424316,12.272854092961285,12.306153297424316,20800,0.0,0.0,0.0
2006-11-13 00:00:00-05:00,12.367992713751107,12.367992713751107,12.263340794343469,12.310909271240234,18500,0.0,0.0,0.0
2006-11-14 00:00:00-05:00,12.33469180147189,12.387018203735352,12.268095222089553,12.387018203735352,22200,0.0,0.0,0.0
2006-11-15 00:00:00-05:00,12.38702135145443,12.467888128505045,12.38702135145443,12.458374977111816,42600,0.0,0.0,0.0
2006-11-16 00:00:00-05:00,12.48691302926471,12.51069726258679,12.458371767816143,12.472641944885254,34100,0.0,0.0,0.0
2006-11-17 00:00:00-05:00,12.482156001138224,12.482156001138224,12.415559421988121,12.472641944885254,36200,0.0,0.0,0.0
2006-11-20 00:00:00-05:00,12.463125738315195,12.510694193289202,12.463125738315195,12.482152938842773,22900,0.0,0.0,0.0
2006-11-21 00:00:00-05:00,12.520214728689416,12.534485816955566,12.472645341779504,12.534485816955566,26500,0.0,0.0,0.0
2006-11-22 00:00:00-05:00,12.577294245927774,12.577294245927774,12.510696762131376,12.539238929748535,79600,0.0,0.0,0.0
2006-11-24 00:00:00-05:00,12.558268243323424,12.577296358263936,12.510698863282599,12.572539329528809,17800,0.0,0.0,0.0
2006-11-27 00:00:00-05:00,12.567782974467214,12.567782974467214,12.382263380405055,12.41556167602539,34900,0.0,0.0,0.0
2006-11-28 00:00:00-05:00,12.372748122425612,12.467885971069336,12.372748122425612,12.467885971069336,18700,0.0,0.0,0.0
2006-11-29 00:00:00-05:00,12.486914279597425,12.59156618692801,12.486914279597425,12.586809158325195,23400,0.0,0.0,0.0
2006-11-30 00:00:00-05:00,12.605839423536423,12.653408810370376,12.563027066116925,12.620110511779785,85600,0.0,0.0,0.0
2006-12-01 00:00:00-05:00,12.629622357979057,12.653407502593044,12.534484501454596,12.634379386901855,39500,0.0,0.0,0.0
2006-12-04 00:00:00-05:00,12.634376534047897,12.720001220703125,12.634376534047897,12.720001220703125,28500,0.0,0.0,0.0
2006-12-05 00:00:00-05:00,12.748547349665468,12.762818438662137,12.70097886763118,12.758061408996582,40100,0.0,0.0,0.0
2006-12-06 00:00:00-05:00,12.772329984242678,12.772329984242678,12.710489518072043,12.743788719177246,32800,0.0,0.0,0.0
2006-12-07 00:00:00-05:00,12.75805547939114,12.796110791717854,12.700972964556177,12.724757194519043,14500,0.0,0.0,0.0
2006-12-08 00:00:00-05:00,12.677190276223001,12.743787766142505,12.672433247849437,12.70097541809082,21400,0.0,0.0,0.0
2006-12-11 00:00:00-05:00,12.748543537277778,12.76281462200675,12.715245246887207,12.715245246887207,20800,0.0,0.0,0.0
2006-12-12 00:00:00-05:00,12.748543537277778,12.748543537277778,12.662919750835039,12.715245246887207,23900,0.0,0.0,0.0
2006-12-13 00:00:00-05:00,12.767575173189291,12.786602384101043,12.705734696277219,12.729519844055176,20900,0.0,0.0,0.0
2006-12-14 00:00:00-05:00,12.758054346540737,12.819894790649414,12.739027145722007,12.819894790649414,28400,0.0,0.0,0.0
2006-12-15 00:00:00-05:00,12.896005608959248,12.896005608959248,12.800866881456656,12.810380935668945,51400,0.0,0.0,0.0
2006-12-18 00:00:00-05:00,12.876980273712514,12.876980273712514,12.748543236116944,12.77232837677002,102100,0.0,0.0,0.0
2006-12-19 00:00:00-05:00,12.76281432050879,12.791355581982135,12.71048791838237,12.77232837677002,16600,0.0,0.0,0.0
2006-12-20 00:00:00-05:00,12.796110499129195,12.815138608512575,12.758055187672634,12.781840324401855,18100,0.0,0.0,0.0
2006-12-21 00:00:00-05:00,12.819901590990183,12.819901590990183,12.700978574032241,12.729519844055176,36000,0.0,0.0,0.0
2006-12-22 00:00:00-05:00,12.758447961589155,12.777735551038507,12.681299443157515,12.710230827331543,40600,0.36,0.0,0.0
2006-12-26 00:00:00-05:00,12.705407667072453,12.75844669342041,12.705407667072453,12.75844669342041,35800,0.0,0.0,0.0
2006-12-27 00:00:00-05:00,12.743984724065045,12.835598945617676,12.743984724065045,12.835598945617676,46700,0.0,0.0,0.0
2006-12-28 00:00:00-05:00,12.850060498393201,12.850060498393201,12.787377680212984,12.81148624420166,16300,0.0,0.0,0.0
2006-12-29 00:00:00-05:00,12.797022262728252,12.797022262728252,12.743982315063477,12.743982315063477,24300,0.0,0.0,0.0
2007-01-03 00:00:00-05:00,12.806665137108629,12.82113082820343,12.695764264430302,12.743982315063477,40000,0.0,0.0,0.0
2007-01-04 00:00:00-05:00,12.700587152579907,12.71023094739568,12.662012892999705,12.705409049987793,31000,0.0,0.0,0.0
2007-01-05 00:00:00-05:00,12.686115699131925,12.686115699131925,12.541462521319133,12.594502449035645,23700,0.0,0.0,0.0
2007-01-08 00:00:00-05:00,12.604152197421456,12.633083584516811,12.5607560364614,12.62343978881836,16100,0.0,0.0,0.0
2007-01-09 00:00:00-05:00,12.647548358381512,12.647548358381512,12.527003671199797,12.62343978881836,70700,0.0,0.0,0.0
2007-01-10 00:00:00-05:00,12.5462912625967,12.628261686667585,12.5462912625967,12.62343978881836,24200,0.0,0.0,0.0
2007-01-11 00:00:00-05:00,12.608974007189007,12.743984386975264,12.608974007189007,12.70058822631836,17400,0.0,0.0,0.0
2007-01-12 00:00:00-05:00,12.715051733185723,12.758446966697075,12.705407939213062,12.748804092407227,22900,0.0,0.0,0.0
2007-01-16 00:00:00-05:00,12.768090880538654,12.768090880538654,12.719872829905478,12.743982315063477,33200,0.0,0.0,0.0
2007-01-17 00:00:00-05:00,12.686120351267737,12.7777345546424,12.681298454281407,12.748804092407227,21200,0.0,0.0,0.0
2007-01-18 00:00:00-05:00,12.763267670132088,12.763267670132088,12.686119164930927,12.719871520996094,36200,0.0,0.0,0.0
2007-01-19 00:00:00-05:00,12.705404582190338,12.768087387084961,12.681295103628893,12.768087387084961,32100,0.0,0.0,0.0
2007-01-22 00:00:00-05:00,12.734335899353027,12.758444459864918,12.710227338841136,12.734335899353027,36400,0.0,0.0,0.0
2007-01-23 00:00:00-05:00,12.739158124218324,12.811484727303544,12.710227666920767,12.797019958496094,51700,0.0,0.0,0.0
2007-01-24 00:00:00-05:00,12.825953881476908,12.883814811706543,12.801844394145473,12.883814811706543,40900,0.0,0.0,0.0
2007-01-25 00:00:00-05:00,12.888633226552132,12.888633226552132,12.77773237384262,12.797019958496094,37600,0.0,0.0,0.0
2007-01-26 00:00:00-05:00,12.825950741500662,12.835594534072298,12.748802240292935,12.821128845214844,33300,0.0,0.0,0.0
2007-01-29 00:00:00-05:00,12.840418255848764,12.845240153165463,12.801843996998048,12.825953483581543,25300,0.0,0.0,0.0
2007-01-30 00:00:00-05:00,12.84524055165915,12.883814811706543,12.840418654192865,12.883814811706543,40900,0.0,0.0,0.0
2007-01-31 00:00:00-05:00,12.883813424930915,12.989893318405294,12.854882962930088,12.975427627563477,29500,0.0,0.0,0.0
2007-02-01 00:00:00-05:00,13.009180504779446,13.067042350769043,13.009180504779446,13.067042350769043,26300,0.0,0.0,0.0
2007-02-02 00:00:00-05:00,13.08150863647461,13.08150863647461,13.042934374578152,13.08150863647461,27300,0.0,0.0,0.0
2007-02-05 00:00:00-05:00,13.047755474714775,13.091151631656011,13.047755474714775,13.07668685913086,41700,0.0,0.0,0.0
2007-02-06 00:00:00-05:00,13.100795385717804,13.11526107788086,13.0670430236869,13.11526107788086,27200,0.0,0.0,0.0
2007-02-07 00:00:00-05:00,13.120080470031132,13.149011850860898,13.110437596103987,13.139368057250977,23600,0.0,0.0,0.0
2007-02-08 00:00:00-05:00,13.09114825764867,13.095970153808594,13.023643550775041,13.095970153808594,64300,0.0,0.0,0.0
2007-02-09 00:00:00-05:00,13.071868408722233,13.071868408722233,12.917571329880552,12.980254173278809,36200,0.0,0.0,0.0
2007-02-12 00:00:00-05:00,12.960961854140624,12.99471513255647,12.912744724340728,12.941675186157227,28500,0.0,0.0,0.0
2007-02-13 00:00:00-05:00,12.980250750443025,13.07668685913086,12.980250750443025,13.07668685913086,39400,0.0,0.0,0.0
2007-02-14 00:00:00-05:00,13.100792732901542,13.187585028939276,13.038109918920238,13.14418888092041,31000,0.0,0.0,0.0
2007-02-15 00:00:00-05:00,13.16829613145658,13.16829613145658,13.1297218836918,13.158653259277344,46100,0.0,0.0,0.0
2007-02-16 00:00:00-05:00,13.163473129272461,13.168295024798153,13.120076989223751,13.163473129272461,28400,0.0,0.0,0.0
2007-02-20 00:00:00-05:00,13.153833082798513,13.206872105606646,13.10079314030765,13.20205020904541,37900,0.0,0.0,0.0
2007-02-21 00:00:00-05:00,13.13936960451253,13.158657194003636,13.110439139958757,13.15383529663086,25000,0.0,0.0,0.0
2007-02-22 00:00:00-05:00,13.182764411951268,13.20205107978553,13.129724465962159,13.168298721313477,26400,0.0,0.0,0.0
2007-02-23 00:00:00-05:00,13.134546160446014,13.144189954055937,13.033289086590162,13.139368057250977,35600,0.0,0.0,0.0
2007-02-26 00:00:00-05:00,13.192404502426623,13.216513060372556,13.105612222329205,13.163473129272461,30700,0.0,0.0,0.0
2007-02-27 00:00:00-05:00,13.009177324960605,13.023643012842884,12.710227132854467,12.854880332946777,39400,0.0,0.0,0.0
2007-02-28 00:00:00-05:00,12.85006220968897,12.932032625722677,12.748805123832389,12.893458366394043,35700,0.0,0.0,0.0
2007-03-01 00:00:00-05:00,12.729516986105178,12.878992119605835,12.54628949210594,12.840417861938477,43300,0.0,0.0,0.0
2007-03-02 00:00:00-05:00,12.821131828728399,12.821131828728399,12.705409049987793,12.705409049987793,26500,0.0,0.0,0.0
2007-03-05 00:00:00-05:00,12.488427594335898,12.58968559509751,12.435388565063477,12.435388565063477,64900,0.0,0.0,0.0
2007-03-06 00:00:00-05:00,12.64754474171323,12.66683232759469,12.541465778413334,12.652366638183594,27200,0.0,0.0,0.0
2007-03-07 00:00:00-05:00,12.676474837932776,12.70058339816259,12.580038757648278,12.628256797790527,17600,0.0,0.0,0.0
2007-03-08 00:00:00-05:00,12.671656568115724,12.758447961589155,12.666834670753385,12.710230827331543,18800,0.0,0.0,0.0
2007-03-09 00:00:00-05:00,12.753621455164225,12.768086221297821,12.68611584103833,12.739155769348145,22400,0.0,0.0,0.0
2007-03-12 00:00:00-04:00,12.695762805768949,12.777733206522628,12.676476139541284,12.763267517089844,14800,0.0,0.0,0.0
2007-03-13 00:00:00-04:00,12.729514516964326,12.739158309431273,12.488425223386658,12.526999473571777,21700,0.0,0.0,0.0
2007-03-14 00:00:00-04:00,12.56075346377309,12.642723871054828,12.367882187722758,12.57521915435791,19600,0.0,0.0,0.0
2007-03-15 00:00:00-04:00,12.551107769187336,12.700582859575233,12.551107769187336,12.686117172241211,20600,0.0,0.0,0.0
2007-03-16 00:00:00-04:00,12.681300206055463,12.729518262896722,12.618617375939882,12.642725944519043,16400,0.0,0.0,0.0
2007-03-19 00:00:00-04:00,12.662011514807801,12.768090487186509,12.662011514807801,12.75844669342041,14800,0.0,0.0,0.0
2007-03-20 00:00:00-04:00,12.821127980904079,12.854880332946777,12.758444253096826,12.854880332946777,15900,0.0,0.0,0.0
2007-03-21 00:00:00-04:00,12.874167683690755,13.01882088116398,12.830771540512266,13.013998985290527,18000,0.0,0.0,0.0
2007-03-22 00:00:00-04:00,13.023643700106232,13.076683638790907,13.009178011460595,13.052574157714844,62300,0.0,0.0,0.0
2007-03-23 00:00:00-04:00,13.067041516582522,13.076685310245612,13.042932032424797,13.062219619750977,15900,0.0,0.0,0.0
2007-03-26 00:00:00-04:00,13.125650230059177,13.125650230059177,12.969508812678077,13.067097663879395,41000,0.32,0.0,0.0
2007-03-27 00:00:00-04:00,13.008545998899196,13.018305071528863,12.964631102742093,12.998786926269531,25700,0.0,0.0,0.0
2007-03-28 00:00:00-04:00,12.954873896747022,12.9841511188545,12.915838531280246,12.930477142333984,21800,0.0,0.0,0.0
2007-03-29 00:00:00-04:00,13.013420486670334,13.013420486670334,12.935349797273238,12.98414421081543,9600,0.0,0.0,0.0
2007-03-30 00:00:00-04:00,13.03781977629651,13.03781977629651,12.881678366985064,12.935352325439453,25100,0.0,0.0,0.0
2007-04-02 00:00:00-04:00,13.003668518595168,13.003668518595168,12.930477323653193,12.989030838012695,22400,0.0,0.0,0.0
2007-04-03 00:00:00-04:00,13.05733585357666,13.076853061317028,13.013420972815751,13.05733585357666,15800,0.0,0.0,0.0
2007-04-04 00:00:00-04:00,13.09149208293663,13.09149208293663,13.028059992410956,13.062215805053711,18100,0.0,0.0,0.0
2007-04-05 00:00:00-04:00,13.091495220947538,13.101254292806443,13.062218936047138,13.07685661315918,20100,0.0,0.0,0.0
2007-04-09 00:00:00-04:00,13.145173599236287,13.145173599236287,13.081740541530868,13.106138229370117,13400,0.0,0.0,0.0
2007-04-10 00:00:00-04:00,13.140288624079131,13.154926300048828,13.120770481884545,13.154926300048828,12300,0.0,0.0,0.0
2007-04-11 00:00:00-04:00,13.125655448964887,13.159811281263208,13.091499616666567,13.106138229370117,16900,0.0,0.0,0.0
2007-04-12 00:00:00-04:00,13.125651114292033,13.145169258117676,13.071978080124163,13.145169258117676,7100,0.0,0.0,0.0
2007-04-13 00:00:00-04:00,13.164687325348973,13.2086022211294,13.15004964720642,13.189085006713867,25200,0.0,0.0,0.0
2007-04-16 00:00:00-04:00,13.301314119445637,13.354988098144531,13.301314119445637,13.354988098144531,11900,0.0,0.0,0.0
2007-04-17 00:00:00-04:00,13.394019787437923,13.394019787437923,13.345225359353053,13.37938117980957,10500,0.0,0.0,0.0
2007-04-18 00:00:00-04:00,13.384254654924217,13.4428071975708,13.369616053924629,13.4428071975708,15100,0.0,0.0,0.0
2007-04-19 00:00:00-04:00,13.37938117980957,13.413537000266086,13.345225359353053,13.37938117980957,11100,0.0,0.0,0.0
2007-04-20 00:00:00-04:00,13.433049060913627,13.476963933236508,13.423289993580568,13.4428071975708,16600,0.0,0.0,0.0
2007-04-23 00:00:00-04:00,13.491606684552256,13.535521573413655,13.442812260186674,13.457450866699219,25100,0.0,0.0,0.0
2007-04-24 00:00:00-04:00,13.491605698094183,13.491605698094183,13.40865546194059,13.423294067382812,17900,0.0,0.0,0.0
2007-04-25 00:00:00-04:00,13.535523953171163,13.545283025895325,13.46721230545483,13.530644416809082,14600,0.0,0.0,0.0
2007-04-26 00:00:00-04:00,13.501366811022788,13.564798916183449,13.501366811022788,13.559920310974121,19500,0.0,0.0,0.0
2007-04-27 00:00:00-04:00,13.535523953171163,13.559921634981567,13.486729520226755,13.530644416809082,12400,0.0,0.0,0.0
2007-04-30 00:00:00-04:00,13.598954452927583,13.598954452927583,13.433053970336914,13.433053970336914,23700,0.0,0.0,0.0
2007-05-01 00:00:00-04:00,13.433059278283734,13.462335571874979,13.359867148290734,13.428179740905762,26300,0.0,0.0,0.0
2007-05-02 00:00:00-04:00,13.413542243023707,13.530648357793186,13.413542243023707,13.520889282226562,19500,0.0,0.0,0.0
2007-05-03 00:00:00-04:00,13.613596359480955,13.613596359480955,13.530646092406052,13.584320068359375,19800,0.0,0.0,0.0
2007-05-04 00:00:00-04:00,13.59407493667633,13.647747965348248,13.58431586576281,13.613592147827148,16900,0.0,0.0,0.0
2007-05-07 00:00:00-04:00,13.667269291842786,13.667269291842786,13.633113466362895,13.662389755249023,19300,0.0,0.0,0.0
2007-05-08 00:00:00-04:00,13.657507331280726,13.657507331280726,13.59895476588724,13.628231048583984,9900,0.0,0.0,0.0
2007-05-09 00:00:00-04:00,13.633109154641607,13.73069706362355,13.628229619591089,13.701420783996582,38000,0.0,0.0,0.0
2007-05-10 00:00:00-04:00,13.618474209973737,13.672148179280226,13.530644416809082,13.530644416809082,16500,0.0,0.0,0.0
2007-05-11 00:00:00-04:00,13.628234591520194,13.657510881827903,13.618475517858796,13.647751808166504,22800,0.0,0.0,0.0
2007-05-14 00:00:00-04:00,13.69166548278129,13.69166548278129,13.628233371015964,13.633112907409668,14100,0.0,0.0,0.0
2007-05-15 00:00:00-04:00,13.603833076913626,13.720940066523436,13.603833076913626,13.613592147827148,25400,0.0,0.0,0.0
2007-05-16 00:00:00-04:00,13.633114542404485,13.662390833601348,13.613596394488898,13.652631759643555,14700,0.0,0.0,0.0
2007-05-17 00:00:00-04:00,13.667266307977407,13.691663054943426,13.608712812312223,13.67214584350586,25200,0.0,0.0,0.0
2007-05-18 00:00:00-04:00,13.691664280227824,13.706302888123208,13.677026603008764,13.686784744262695,21200,0.0,0.0,0.0
2007-05-21 00:00:00-04:00,13.720943884207902,13.789255538256983,13.701425736950172,13.759979248046875,11500,0.0,0.0,0.0
2007-05-22 00:00:00-04:00,13.799007415771484,13.82340415644438,13.769730210152808,13.799007415771484,17400,0.0,0.0,0.0
2007-05-23 00:00:00-04:00,13.82340415644438,13.87707810273595,13.784368812962146,13.799007415771484,34100,0.0,0.0,0.0
2007-05-24 00:00:00-04:00,13.8038945784625,13.8038945784625,13.559923314204145,13.584320068359375,24700,0.0,0.0,0.0
2007-05-25 00:00:00-04:00,13.647752222664659,13.67702944453804,13.60871685751,13.652631759643555,29600,0.0,0.0,0.0
2007-05-29 00:00:00-04:00,13.720940711997617,13.764854671821857,13.696543033566073,13.711181640625,12700,0.0,0.0,0.0
2007-05-30 00:00:00-04:00,13.667264822250575,13.823406219482422,13.667264822250575,13.823406219482422,13700,0.0,0.0,0.0
2007-05-31 00:00:00-04:00,13.872200638786408,13.877080173784421,13.80388901016651,13.823406219482422,32600,0.0,0.0,0.0
2007-06-01 00:00:00-04:00,13.90148204309809,13.925879727082743,13.896602506301159,13.90636157989502,25000,0.0,0.0,0.0
2007-06-04 00:00:00-04:00,13.940520160318378,13.950279235839844,13.916123402191378,13.950279235839844,37000,0.0,0.0,0.0
2007-06-05 00:00:00-04:00,13.901473122743662,13.930749394062644,13.823402445442452,13.857558250427246,38100,0.0,0.0,0.0
2007-06-06 00:00:00-04:00,13.813650895326928,13.818530431648123,13.701424351968642,13.720942497253418,30500,0.0,0.0,0.0
2007-06-07 00:00:00-04:00,13.70630438128182,13.70630438128182,13.447694531015143,13.467212677001953,179300,0.0,0.0,0.0
2007-06-08 00:00:00-04:00,13.433055051117034,13.60383415222168,13.433055051117034,13.60383415222168,27800,0.0,0.0,0.0
2007-06-11 00:00:00-04:00,13.530641906414665,13.65750703626177,13.530641906414665,13.613592147827148,17200,0.0,0.0,0.0
2007-06-12 00:00:00-04:00,13.564799536243747,13.63311211108899,13.330587387084961,13.330587387084961,29400,0.0,0.0,0.0
2007-06-13 00:00:00-04:00,13.467209806829226,13.613592147827148,13.447691665002182,13.613592147827148,16200,0.0,0.0,0.0
2007-06-14 00:00:00-04:00,13.608716840056188,13.657511279106057,13.608716840056188,13.618475914001465,34100,0.0,0.0,0.0
2007-06-15 00:00:00-04:00,13.706303641865,13.867324614863849,13.706303641865,13.774615287780762,97400,0.0,0.0,0.0
2007-06-18 00:00:00-04:00,13.877085339563791,13.886843482516172,13.50624891775531,13.759979248046875,23300,0.0,0.0,0.0
2007-06-19 00:00:00-04:00,13.774609946942931,13.774609946942931,13.696539258830635,13.745333671569824,81800,0.0,0.0,0.0
2007-06-20 00:00:00-04:00,13.808770004223556,13.818529075908478,13.598955547055517,13.60383415222168,14000,0.0,0.0,0.0
2007-06-21 00:00:00-04:00,13.60871685751,13.657511296622452,13.520887053242893,13.652631759643555,21100,0.0,0.0,0.0
2007-06-22 00:00:00-04:00,13.642866993164077,13.642866993164077,13.520881411620008,13.540399551391602,16400,0.0,0.0,0.0
2007-06-25 00:00:00-04:00,13.611964095687037,13.616899656124483,13.463901048011259,13.503384590148926,24600,0.315,0.0,0.0
2007-06-26 00:00:00-04:00,13.572480730817134,13.572480730817134,13.463901223860884,13.468836784362793,20100,0.0,0.0,0.0
2007-06-27 00:00:00-04:00,13.449093658870831,13.56260871887207,13.340514159047277,13.56260871887207,20300,0.0,0.0,0.0
2007-06-28 00:00:00-04:00,13.567553576959005,13.646520711194844,13.567553576959005,13.58236026763916,14100,0.0,0.0,0.0
2007-06-29 00:00:00-04:00,13.63664347756871,13.666256845668116,13.513257267907399,13.57248306274414,17200,0.0,0.0,0.0
2007-07-02 00:00:00-04:00,13.65638577709724,13.745223999023438,13.65638577709724,13.745223999023438,15700,0.0,0.0,0.0
2007-07-03 00:00:00-04:00,13.799515316677795,14.03148202827729,13.769902885476958,13.7748384475708,28700,0.0,0.0,0.0
2007-07-05 00:00:00-04:00,13.764965120897212,13.814319792576342,13.725481571826323,13.77977180480957,11800,0.0,0.0,0.0
2007-07-06 00:00:00-04:00,13.769898599590173,13.834059945477657,13.755092859279156,13.81431770324707,18800,0.0,0.0,0.0
2007-07-09 00:00:00-04:00,13.819259286122614,13.853807283719947,13.794582413942328,13.809388160705566,21500,0.0,0.0,0.0
2007-07-10 00:00:00-04:00,13.774834023013243,13.774834023013243,13.626770973205566,13.626770973205566,28800,0.0,0.0,0.0
2007-07-11 00:00:00-04:00,13.64651554914676,13.666257795919096,13.59716087357806,13.651451110839844,67300,0.0,0.0,0.0
2007-07-12 00:00:00-04:00,13.710673755622258,13.81431770324707,13.710673755622258,13.81431770324707,18200,0.0,0.0,0.0
2007-07-13 00:00:00-04:00,13.79457907612322,13.86367505459901,13.789643514608935,13.848868370056152,24700,0.0,0.0,0.0
2007-07-16 00:00:00-04:00,13.834060782924894,13.858737645845023,13.779770554866236,13.784706115722656,53800,0.0,0.0,0.0
2007-07-17 00:00:00-04:00,13.79457950592041,13.843933239876769,13.784708382584284,13.79457950592041,40000,0.0,0.0,0.0
2007-07-18 00:00:00-04:00,13.715605428894744,13.720540046691895,13.641572982874287,13.720540046691895,33900,0.0,0.0,0.0
2007-07-19 00:00:00-04:00,13.779769535594506,13.799510836197975,13.745221553517002,13.769898414611816,25900,0.0,0.0,0.0
2007-07-20 00:00:00-04:00,13.73041389134087,13.750156131896148,13.577415292484831,13.611963272094727,19600,0.0,0.0,0.0
2007-07-23 00:00:00-04:00,13.676133151192658,13.676133151192658,13.58236026763916,13.58236026763916,9000,0.0,0.0,0.0
2007-07-24 00:00:00-04:00,13.503388794761587,13.552742531779748,13.266486526808325,13.276357650756836,26800,0.0,0.0,0.0
2007-07-25 00:00:00-04:00,13.36025792221056,13.419483713902993,13.197388171758893,13.315838813781738,44900,0.0,0.0,0.0
2007-07-26 00:00:00-04:00,13.177645357449595,13.177645357449595,12.871647194630091,13.024645805358887,86300,0.0,0.0,0.0
2007-07-27 00:00:00-04:00,12.99009883346683,13.128291714741026,12.881519317626953,12.881519317626953,13800,0.0,0.0,0.0
2007-07-30 00:00:00-04:00,12.87658778559654,12.965426026971567,12.802556231571444,12.94074821472168,50800,0.0,0.0,0.0
2007-07-31 00:00:00-04:00,13.05426078492366,13.123356758061082,12.871648788452148,12.871648788452148,26900,0.0,0.0,0.0
2007-08-01 00:00:00-04:00,12.827231047635083,12.861779037888319,12.600200859478312,12.817359924316406,71200,0.0,0.0,0.0
2007-08-02 00:00:00-04:00,12.837098833524177,12.891389056300222,12.777873050371955,12.856840133666992,41700,0.0,0.0,0.0
2007-08-03 00:00:00-04:00,12.856841977834375,12.856841977834375,12.447199821472168,12.447199821472168,68000,0.0,0.0,0.0
2007-08-06 00:00:00-04:00,12.471876811829492,12.634746551513672,12.20536217887613,12.634746551513672,41200,0.0,0.0,0.0
2007-08-07 00:00:00-04:00,12.570589839656266,12.846975696078124,12.570589839656266,12.777878761291504,23800,0.0,0.0,0.0
2007-08-08 00:00:00-04:00,12.901264002423895,13.064133789566947,12.81736132775249,12.935811996459961,65600,0.0,0.0,0.0
2007-08-09 00:00:00-04:00,12.748261624944048,12.812422032120619,12.619939869228942,12.634746551513672,30800,0.0,0.0,0.0
2007-08-10 00:00:00-04:00,12.506428046782704,12.619943149720768,12.333687140672227,12.580459594726562,34400,0.0,0.0,0.0
2007-08-13 00:00:00-04:00,12.713715134017443,12.723586256699816,12.590328924573983,12.61007022857666,18000,0.0,0.0,0.0
2007-08-14 00:00:00-04:00,12.629813166241663,12.629813166241663,12.299138069152832,12.299138069152832,56300,0.0,0.0,0.0
2007-08-15 00:00:00-04:00,12.24978359819677,12.432395615420342,12.106656074523926,12.106656074523926,73200,0.0,0.0,0.0
2007-08-16 00:00:00-04:00,11.968462337147106,12.215234756469727,11.70688323377478,12.215234756469727,209300,0.0,0.0,0.0
2007-08-17 00:00:00-04:00,12.595268741847073,12.600204304855984,12.387979802284804,12.555785179138184,30900,0.0,0.0,0.0
2007-08-20 00:00:00-04:00,12.61994374697082,12.65942730383362,12.471880644075883,12.570589065551758,59500,0.0,0.0,0.0
2007-08-21 00:00:00-04:00,12.540973138131907,12.67423045841648,12.540973138131907,12.644618034362793,24200,0.0,0.0,0.0
2007-08-22 00:00:00-04:00,12.768001090628035,12.832161483848102,12.758129971252098,12.80748462677002,11300,0.0,0.0,0.0
2007-08-23 00:00:00-04:00,12.886455174235701,12.906196476949594,12.768004533866321,12.797616958618164,53200,0.0,0.0,0.0
2007-08-24 00:00:00-04:00,12.842036183132546,12.906196594238281,12.792681513856277,12.906196594238281,44300,0.0,0.0,0.0
2007-08-27 00:00:00-04:00,12.88152375289512,12.88152375289512,12.792685508728027,12.792685508728027,33000,0.0,0.0,0.0
2007-08-28 00:00:00-04:00,12.693972475596,12.708779159137759,12.496554735182775,12.506425857543945,34200,0.0,0.0,0.0
2007-08-29 00:00:00-04:00,12.53604208919769,12.763073265620914,12.53604208919769,12.758137702941895,30000,0.0,0.0,0.0
2007-08-30 00:00:00-04:00,12.684104077075144,12.787748052346256,12.67916851520097,12.713716506958008,14700,0.0,0.0,0.0
2007-08-31 00:00:00-04:00,12.911131741699286,12.955550848488777,12.83710021083746,12.881519317626953,25100,0.0,0.0,0.0
2007-09-04 00:00:00-04:00,12.881521095446775,13.059196605764319,12.881521095446775,13.009842872619629,39800,0.0,0.0,0.0
2007-09-05 00:00:00-04:00,12.90126271524579,12.90126271524579,12.81242448723815,12.846973419189453,2519400,0.0,0.0,0.0
2007-09-06 00:00:00-04:00,12.817363083627843,12.827234209379622,12.758138211841894,12.812427520751953,18400,0.0,0.0,0.0
2007-09-07 00:00:00-04:00,12.669296498730096,12.703844488052763,12.624877386354637,12.649554252624512,18300,0.0,0.0,0.0
2007-09-10 00:00:00-04:00,12.6594233431855,12.6594233431855,12.48174786357187,12.540972709655762,35200,0.0,0.0,0.0
2007-09-11 00:00:00-04:00,12.575518986931337,12.679163865556452,12.575518986931337,12.66435718536377,9100,0.0,0.0,0.0
2007-09-12 00:00:00-04:00,12.615002526083327,12.703840724515759,12.615002526083327,12.66435718536377,4400,0.0,0.0,0.0
2007-09-13 00:00:00-04:00,12.743322736340275,12.807484068123461,12.72358143981125,12.753193855285645,14000,0.0,0.0,0.0
2007-09-14 00:00:00-04:00,12.684106251105144,12.797621369580861,12.684106251105144,12.787750244140625,15800,0.0,0.0,0.0
2007-09-17 00:00:00-04:00,12.75320017199131,12.75320017199131,12.723587741849775,12.743329048156738,4100,0.0,0.0,0.0
2007-09-18 00:00:00-04:00,12.763066137676397,13.098676681518555,12.763066137676397,13.098676681518555,24500,0.0,0.0,0.0
2007-09-19 00:00:00-04:00,13.16283923199499,13.246741881686884,13.123355687514215,13.157903671264648,18200,0.0,0.0,0.0
2007-09-20 00:00:00-04:00,13.143095946708549,13.143095946708549,12.975291601995101,12.985161781311035,13800,0.0,0.0,0.0
2007-09-21 00:00:00-04:00,13.059193787649718,13.069064908693361,13.014775625677158,13.024645805358887,10300,0.0,0.0,0.0
2007-09-24 00:00:00-04:00,13.039635673858921,13.139555680524689,12.984679050796768,13.009659767150879,29500,0.32,0.0,0.0
2007-09-25 00:00:00-04:00,12.924726955194343,12.939714431762695,12.904742382547377,12.939714431762695,29500,0.0,0.0,0.0
2007-09-26 00:00:00-04:00,13.02464391387114,13.02464391387114,12.929719121829923,12.964692115783691,53400,0.0,0.0,0.0
2007-09-27 00:00:00-04:00,12.99966812133789,13.029644029523388,12.969691260235454,12.99966812133789,12400,0.0,0.0,0.0
2007-09-28 00:00:00-04:00,12.99467025345617,12.99467025345617,12.93471749212384,12.944709777832031,39800,0.0,0.0,0.0
2007-10-01 00:00:00-04:00,13.004662139537606,13.15454260888746,13.004662139537606,13.144550323486328,17300,0.0,0.0,0.0
2007-10-02 00:00:00-04:00,13.124569042828002,13.224489055882762,13.11957289923772,13.21949291229248,69400,0.0,0.0,0.0
2007-10-03 00:00:00-04:00,13.214493443791993,13.239473200739937,13.164532976979455,13.174525260925293,13700,0.0,0.0,0.0
2007-10-04 00:00:00-04:00,13.199510864371472,13.24447520912728,13.199510864371472,13.239479064941406,8400,0.0,0.0,0.0
2007-10-05 00:00:00-04:00,13.299424631748414,13.424325309927088,13.299424631748414,13.404340744018555,18800,0.0,0.0,0.0
2007-10-08 00:00:00-04:00,13.384363855629884,13.384363855629884,13.299431313679717,13.31441879272461,10400,0.0,0.0,0.0
2007-10-09 00:00:00-04:00,13.32441024718929,13.404346640151719,13.289438194382848,13.379366874694824,262700,0.0,0.0,0.0
2007-10-10 00:00:00-04:00,13.339398869777161,13.339398869777161,13.304425863551513,13.324410438537598,11400,0.0,0.0,0.0
2007-10-11 00:00:00-04:00,13.369374640963681,13.41933512499481,13.219493188870294,13.289438247680664,54400,0.0,0.0,0.0
2007-10-12 00:00:00-04:00,13.359379635385208,13.359379635385208,13.284439401044844,13.294431686401367,15400,0.0,0.0,0.0
2007-10-15 00:00:00-04:00,13.234480592409312,13.234480592409312,13.109579868487462,13.134560585021973,10800,0.0,0.0,0.0
2007-10-16 00:00:00-04:00,13.049630049456743,13.089598249104757,12.974688841314302,12.984681129455566,7600,0.0,0.0,0.0
2007-10-17 00:00:00-04:00,13.079607101156784,13.079607101156784,12.869773796483575,12.959702491760254,10800,0.0,0.0,0.0
2007-10-18 00:00:00-04:00,12.90473967782572,12.994668330055053,12.90473967782572,12.97468376159668,16800,0.0,0.0,0.0
2007-10-19 00:00:00-04:00,12.879763864824183,12.89974748648622,12.68491807434678,12.704902648925781,18900,0.0,0.0,0.0
2007-10-22 00:00:00-04:00,12.624967029754487,12.76485524870814,12.545030632376108,12.729883193969727,19900,0.0,0.0,0.0
2007-10-23 00:00:00-04:00,12.814817296731547,12.819813441291084,12.694912686054096,12.779845237731934,12100,0.0,0.0,0.0
2007-10-24 00:00:00-04:00,12.779840796110092,12.779840796110092,12.614971894613987,12.759857177734375,26000,0.0,0.0,0.0
2007-10-25 00:00:00-04:00,12.769849793141331,12.82480641679913,12.674925928717558,12.739873886108398,83400,0.0,0.0,0.0
2007-10-26 00:00:00-04:00,12.85477954901443,12.899743876316336,12.774843178903641,12.894747734069824,12300,0.0,0.0,0.0
2007-10-29 00:00:00-04:00,12.96969307088391,12.96969307088391,12.87976533377296,12.904745101928711,10900,0.0,0.0,0.0
2007-10-30 00:00:00-04:00,12.879765510559082,12.929725047556325,12.87476936627594,12.879765510559082,13200,0.0,0.0,0.0
2007-10-31 00:00:00-04:00,12.954703626855109,13.074608211072498,12.93471905302708,12.994671821594238,71300,0.0,0.0,0.0
2007-11-01 00:00:00-04:00,12.854778488039114,12.854778488039114,12.679917335510254,12.679917335510254,8300,0.0,0.0,0.0
2007-11-02 00:00:00-04:00,12.689910601512791,12.689910601512791,12.540030146552349,12.589990615844727,24600,0.0,0.0,0.0
2007-11-05 00:00:00-05:00,12.280240549072458,12.565014079872531,12.280240549072458,12.510058403015137,18200,0.0,0.0,0.0
2007-11-06 00:00:00-05:00,12.530040213046966,12.634957313537598,12.510056593330624,12.634957313537598,12300,0.0,0.0,0.0
2007-11-07 00:00:00-05:00,12.525049244690297,12.545033825580264,12.310219764709473,12.310219764709473,21600,0.0,0.0,0.0
2007-11-08 00:00:00-05:00,12.365172229959636,12.395148138245824,12.19530716147633,12.360176086425781,17200,0.0,0.0,0.0
2007-11-09 00:00:00-05:00,12.190311378463829,12.370168739334021,12.170327756654347,12.280240058898926,13500,0.0,0.0,0.0
2007-11-12 00:00:00-05:00,12.215292306698153,12.355180520518347,12.190311587860984,12.195307731628418,4500,0.0,0.0,0.0
2007-11-13 00:00:00-05:00,12.135356036935795,12.505062103271484,12.135356036935795,12.505062103271484,22100,0.0,0.0,0.0
2007-11-14 00:00:00-05:00,12.58999406562089,12.63495840501301,12.385156943019874,12.395148277282715,7700,0.0,0.0,0.0
2007-11-15 00:00:00-05:00,12.405136475890284,12.405136475890284,12.170323522058146,12.20529556274414,20400,0.0,0.0,0.0
2007-11-16 00:00:00-05:00,12.065413554786302,12.22528637948387,12.065413554786302,12.160338401794434,15800,0.0,0.0,0.0
2007-11-19 00:00:00-05:00,12.120371340847804,12.120371340847804,11.945510064968625,11.950506210327148,43500,0.0,0.0,0.0
2007-11-20 00:00:00-05:00,11.955496944671266,12.060413090963733,11.80062032032278,11.960493087768555,10900,0.0,0.0,0.0
2007-11-21 00:00:00-05:00,11.840591296036363,11.900543121465427,11.770646229146344,11.805618286132812,12400,0.0,0.0,0.0
2007-11-23 00:00:00-05:00,11.840589730509805,12.030438423156738,11.840589730509805,12.030438423156738,2200,0.0,0.0,0.0
2007-11-26 00:00:00-05:00,11.88055634371694,12.015448391585094,11.705695152282715,11.705695152282715,22800,0.0,0.0,0.0
2007-11-27 00:00:00-05:00,11.765646595935658,11.845582974748446,11.735670692110064,11.815607070922852,17400,0.0,0.0,0.0
2007-11-28 00:00:00-05:00,11.945506756576549,12.150343894958496,11.945506756576549,12.150343894958496,18600,0.0,0.0,0.0
2007-11-29 00:00:00-05:00,12.270252004306023,12.270252004306023,11.910538111394995,12.170331954956055,38000,0.0,0.0,0.0
2007-11-30 00:00:00-05:00,12.365168293261057,12.365168293261057,12.180314853027973,12.20529556274414,16000,0.0,0.0,0.0
2007-12-03 00:00:00-05:00,12.215291194773691,12.28023915200432,12.175323001189405,12.19031047821045,17200,0.0,0.0,0.0
2007-12-04 00:00:00-05:00,12.120361970249089,12.120361970249089,11.970480584122827,12.08039379119873,19400,0.0,0.0,0.0
2007-12-05 00:00:00-05:00,12.15034520443466,12.215294130189847,12.04542902840769,12.100384712219238,21000,0.0,0.0,0.0
2007-12-06 00:00:00-05:00,12.23027905866573,12.355179786682129,12.160334955909965,12.355179786682129,59700,0.0,0.0,0.0
2007-12-07 00:00:00-05:00,12.41014076332478,12.41014076332478,12.310219764709473,12.310219764709473,10900,0.0,0.0,0.0
2007-12-10 00:00:00-05:00,12.335195157062437,12.50506020950816,12.335195157062437,12.475083351135254,5000,0.0,0.0,0.0
2007-12-11 00:00:00-05:00,12.475082220429723,12.475082220429723,12.09038876868013,12.105376243591309,13600,0.0,0.0,0.0
2007-12-12 00:00:00-05:00,12.290231183624634,12.290231183624634,11.955497211957649,12.060413360595703,34000,0.0,0.0,0.0
2007-12-13 00:00:00-05:00,12.055421936296021,12.055421936296021,11.81561268589636,11.935517311096191,17700,0.0,0.0,0.0
2007-12-14 00:00:00-05:00,11.82060452811766,11.900540915819056,11.735671997070312,11.735671997070312,74700,0.0,0.0,0.0
2007-12-17 00:00:00-05:00,11.76564443089417,11.775636714636251,11.595779418945312,11.595779418945312,23400,0.0,0.0,0.0
2007-12-18 00:00:00-05:00,11.665730476379395,11.730678448408645,11.540829723854813,11.665730476379395,18100,0.0,0.0,0.0
2007-12-19 00:00:00-05:00,11.725682303957608,11.74067073731072,11.600781551433025,11.665730476379395,21600,0.0,0.0,0.0
2007-12-20 00:00:00-05:00,11.690707881019105,11.690707881019105,11.55081967635394,11.620763778686523,39300,0.0,0.0,0.0
2007-12-21 00:00:00-05:00,11.710687621127576,11.830592155456543,11.710687621127576,11.830592155456543,19300,0.0,0.0,0.0
2007-12-24 00:00:00-05:00,11.935511396444639,12.0204439163208,11.875559590012513,12.0204439163208,64500,0.0,0.0,0.0
2007-12-26 00:00:00-05:00,12.100099290283497,12.100099290283497,11.927603041259475,12.013851165771484,33500,0.367,0.0,0.0
2007-12-27 00:00:00-05:00,11.988484864705017,11.988484864705017,11.836282730102539,11.836282730102539,27100,0.0,0.0,0.0
2007-12-28 00:00:00-05:00,11.917456385052773,11.932676984376025,11.790620960391491,11.841355323791504,45500,0.0,0.0,0.0
2007-12-31 00:00:00-05:00,11.755111830891854,11.876873770451317,11.729745123029502,11.805846214294434,37700,0.0,0.0,0.0
2008-01-02 00:00:00-05:00,11.881940373642138,11.881940373642138,11.714517683462443,11.739884376525879,12000,0.0,0.0,0.0
2008-01-03 00:00:00-05:00,11.810913580254988,11.810913580254988,11.658710509546875,11.66885757446289,10800,0.0,0.0,0.0
2008-01-04 00:00:00-05:00,11.58768681371303,11.597833881976953,11.35430908203125,11.35430908203125,17400,0.0,0.0,0.0
2008-01-07 00:00:00-05:00,11.389817348543346,11.470991913170849,11.318788878736425,11.420257568359375,23500,0.0,0.0,0.0
2008-01-08 00:00:00-05:00,11.511583090457513,11.511583090457513,11.131076827141918,11.136150360107422,14500,0.0,0.0,0.0
2008-01-09 00:00:00-05:00,11.115855510046593,11.20717716217041,10.958579868987464,11.20717716217041,10000,0.0,0.0,0.0
2008-01-10 00:00:00-05:00,11.126003020711263,11.425334684576478,11.126003020711263,11.349233627319336,11400,0.0,0.0,0.0
2008-01-11 00:00:00-05:00,11.283280632492177,11.399969005113809,11.268060031319855,11.369528770446777,11000,0.0,0.0,0.0
2008-01-14 00:00:00-05:00,11.420265185023244,11.420265185023244,11.303576791506364,11.415191650390625,20900,0.0,0.0,0.0
2008-01-15 00:00:00-05:00,11.242694617798408,11.247768152103495,11.1462994013572,11.161520004272461,102100,0.0,0.0,0.0
2008-01-16 00:00:00-05:00,11.176736934021607,11.313718444529927,11.080341749260086,11.20717716217041,37300,0.0,0.0,0.0
2008-01-17 00:00:00-05:00,11.22747418453072,11.22747418453072,10.867261952526233,10.887555122375488,20000,0.0,0.0,0.0
2008-01-18 00:00:00-05:00,11.009315728826316,11.009315728826316,10.725203668440287,10.775938034057617,19000,0.0,0.0,0.0
2008-01-22 00:00:00-05:00,10.202640705282088,10.92306587386427,10.167126945257472,10.841891288757324,28500,0.0,0.0,0.0
2008-01-23 00:00:00-05:00,10.552703771647788,11.394890660746738,10.552703771647788,11.359376907348633,55300,0.0,0.0,0.0
2008-01-24 00:00:00-05:00,11.359382041442474,11.536951856366336,11.359382041442474,11.481143951416016,33100,0.0,0.0,0.0
2008-01-25 00:00:00-05:00,11.567389075939758,11.643491096548846,11.359379079677003,11.440553665161133,27400,0.0,0.0,0.0
2008-01-28 00:00:00-05:00,11.415191523600361,11.704376220703127,11.359383610939204,11.704376220703125,23200,0.0,0.0,0.0
2008-01-29 00:00:00-05:00,11.892089687191515,11.892089687191515,11.628271771653448,11.841355323791504,17500,0.0,0.0,0.0
2008-01-30 00:00:00-05:00,11.871796413301201,12.013852447558898,11.775401212637853,11.81091594696045,36900,0.0,0.0,0.0
2008-01-31 00:00:00-05:00,11.65870976566975,12.10517091671451,11.577535186875668,12.018922805786133,24300,0.0,0.0,0.0
2008-02-01 00:00:00-05:00,12.150830532850092,12.22693157196045,12.074728526062524,12.22693157196045,7600,0.0,0.0,0.0
2008-02-04 00:00:00-05:00,12.221861294310656,12.221861294310656,12.044291510658361,12.049365043640137,19400,0.0,0.0,0.0
2008-02-05 00:00:00-05:00,11.876871571244893,11.932679479421726,11.70944881439209,11.70944881439209,126600,0.0,0.0,0.0
2008-02-06 00:00:00-05:00,11.739883996167816,11.800765412295817,11.613048599605321,11.62826919555664,32400,0.0,0.0,0.0
2008-02-07 00:00:00-05:00,11.577538026161255,11.739887223564079,11.577538026161255,11.734813690185547,18300,0.0,0.0,0.0
2008-02-08 00:00:00-05:00,11.704374120981667,11.770329090963278,11.567391615029951,11.64349365234375,19400,0.0,0.0,0.0
2008-02-11 00:00:00-05:00,11.648560396353357,11.648560396353357,11.536945614517448,11.613046646118164,6200,0.0,0.0,0.0
2008-02-12 00:00:00-05:00,11.699302530792627,11.785550682088472,11.633348517532399,11.648568153381348,22400,0.0,0.0,0.0
2008-02-13 00:00:00-05:00,11.734813759958463,11.760181427001953,11.658712694183102,11.760181427001953,15500,0.0,0.0,0.0
2008-02-14 00:00:00-05:00,11.750034775351093,11.750034775351093,11.567391436894805,11.582612037658691,22000,0.0,0.0,0.0
2008-02-15 00:00:00-05:00,11.54709914025045,11.57246584242396,11.450703930171333,11.557246208190918,27000,0.0,0.0,0.0
2008-02-19 00:00:00-05:00,11.75510719664102,11.75510719664102,11.531876578281269,11.53695011138916,23600,0.0,0.0,0.0
2008-02-20 00:00:00-05:00,11.481140744226096,11.694224269075557,11.481140744226096,11.66885757446289,9700,0.0,0.0,0.0
2008-02-21 00:00:00-05:00,11.729741326988162,11.73481389277672,11.491290092468262,11.491290092468262,14700,0.0,0.0,0.0
2008-02-22 00:00:00-05:00,11.542021071914952,11.62319564819336,11.389818983312262,11.62319564819336,21300,0.0,0.0,0.0
2008-02-25 00:00:00-05:00,11.648565833637374,11.831209168874516,11.628272667320786,11.826135635375977,27200,0.0,0.0,0.0
2008-02-26 00:00:00-05:00,11.821059613382799,12.003702910171029,11.821059613382799,11.942822456359863,37200,0.0,0.0,0.0
2008-02-27 00:00:00-05:00,11.892093608116294,11.988487865913083,11.836285693208186,11.87179946899414,22800,0.0,0.0,0.0
2008-02-28 00:00:00-05:00,11.765256722568923,11.7855498915656,11.673935042889632,11.70944881439209,25000,0.0,0.0,0.0
2008-02-29 00:00:00-05:00,11.59275185835948,11.59275185835948,11.394888042821346,11.430402755737305,30500,0.0,0.0,0.0
2008-03-03 00:00:00-05:00,11.369524033581097,11.41518485039686,11.30864358961155,11.379671096801758,18700,0.0,0.0,0.0
2008-03-04 00:00:00-05:00,11.308643341064455,11.32386296788373,11.202101114943574,11.308643341064453,25900,0.0,0.0,0.0
2008-03-05 00:00:00-05:00,11.344157093879017,11.410111068009325,11.24776193075578,11.308643341064453,27200,0.0,0.0,0.0
2008-03-06 00:00:00-05:00,11.191955953992789,11.191955953992789,11.004240095020453,11.01945972442627,26600,0.0,0.0,0.0
2008-03-07 00:00:00-05:00,10.86218787828441,11.100638176308967,10.86218787828441,11.029610633850098,29100,0.0,0.0,0.0
2008-03-10 00:00:00-04:00,11.004238991828068,11.029605683412948,10.694760322570799,10.6947603225708,22000,0.0,0.0,0.0
2008-03-11 00:00:00-04:00,10.943361024754957,11.17166519165039,10.943361024754957,11.17166519165039,22600,0.0,0.0,0.0
2008-03-12 00:00:00-04:00,11.303572317200537,11.379673371211084,11.197030067443848,11.197030067443848,22200,0.0,0.0,0.0
2008-03-13 00:00:00-04:00,11.04990068401415,11.252837135761517,10.978872200144572,11.237616539001465,18300,0.0,0.0,0.0
2008-03-14 00:00:00-04:00,11.339088447515365,11.339088447515365,10.943361529213876,11.0245361328125,44900,0.0,0.0,0.0
2008-03-17 00:00:00-04:00,10.654176439529978,10.917994374084765,10.654176439529978,10.87740707397461,21500,0.0,0.0,0.0
2008-03-18 00:00:00-04:00,10.923066108200958,11.20717716217041,10.923066108200958,11.20717716217041,29600,0.0,0.0,0.0
2008-03-19 00:00:00-04:00,11.344160048482438,11.344160048482438,11.034681320190431,11.03468132019043,6600,0.0,0.0,0.0
2008-03-20 00:00:00-04:00,11.080339262003417,11.308643341064455,11.080339262003417,11.308643341064453,13900,0.0,0.0,0.0
2008-03-24 00:00:00-04:00,11.37459793438927,11.572460835228362,11.37459793438927,11.486212730407715,30000,0.0,0.0,0.0
2008-03-25 00:00:00-04:00,11.53984093900991,11.570779559647319,11.467652791168796,11.555310249328613,10300,0.364,0.0,0.0
2008-03-26 00:00:00-04:00,11.544996104934626,11.544996104934626,11.431557458887132,11.477964401245117,23800,0.0,0.0,0.0
2008-03-27 00:00:00-04:00,11.560466617809393,11.560466617809393,11.374838829040527,11.374838829040527,7200,0.0,0.0,0.0
2008-03-28 00:00:00-04:00,11.4057786765787,11.4057786765787,11.21499443054199,11.214994430541992,13600,0.0,0.0,0.0
2008-03-31 00:00:00-04:00,11.251088936999208,11.343902844906829,11.214994858032886,11.240776062011719,22800,0.0,0.0,0.0
2008-04-01 00:00:00-04:00,11.379995056460176,11.62749811460628,11.379995056460176,11.59656047821045,24400,0.0,0.0,0.0
2008-04-02 00:00:00-04:00,11.581091436809492,11.73062515258789,11.581091436809492,11.73062515258789,9000,0.0,0.0,0.0
2008-04-03 00:00:00-04:00,11.617190116200895,11.73062880997722,11.612033677826053,11.720315933227539,13200,0.0,0.0,0.0
2008-04-04 00:00:00-04:00,11.746094665460527,11.782188739963372,11.67390553296507,11.684218406677246,12700,0.0,0.0,0.0
2008-04-07 00:00:00-04:00,11.859531110961811,11.885312306937633,11.715153856424287,11.72546672821045,5100,0.0,0.0,0.0
2008-04-08 00:00:00-04:00,11.663594721409888,11.679063049918916,11.601718456904193,11.63265609741211,8300,0.0,0.0,0.0
2008-04-09 00:00:00-04:00,11.766719817630934,11.766719817630934,11.452184043460056,11.472809791564941,13600,0.0,0.0,0.0
2008-04-10 00:00:00-04:00,11.41093471638563,11.544999142527848,11.41093471638563,11.488280296325684,10400,0.0,0.0,0.0
2008-04-11 00:00:00-04:00,11.395461900530668,11.431555965763671,11.318117334532873,11.328429222106934,14000,0.0,0.0,0.0
2008-04-14 00:00:00-04:00,11.338741844446421,11.338741844446421,11.245927973889206,11.256240844726562,20400,0.0,0.0,0.0
2008-04-15 00:00:00-04:00,11.297494685215332,11.343901634216309,11.271713483988027,11.343901634216309,13800,0.0,0.0,0.0
2008-04-16 00:00:00-04:00,11.416090568630139,11.6274995803833,11.416090568630139,11.6274995803833,7700,0.0,0.0,0.0
2008-04-17 00:00:00-04:00,11.581088285548217,11.679058590486644,11.570776398309555,11.653277397155762,10500,0.0,0.0,0.0
2008-04-18 00:00:00-04:00,11.813127884955588,11.838909089035917,11.777033805847168,11.777033805847168,5700,0.0,0.0,0.0
2008-04-21 00:00:00-04:00,11.76156159051026,11.76156159051026,11.679060577626872,11.715154647827148,4000,0.0,0.0,0.0
2008-04-22 00:00:00-04:00,11.684216617018278,11.684216617018278,11.544995793697526,11.575934410095215,15000,0.0,0.0,0.0
2008-04-23 00:00:00-04:00,11.642967585811416,11.679061659354765,11.591404202111027,11.606873512268066,7900,0.0,0.0,0.0
2008-04-24 00:00:00-04:00,11.606875301843269,11.787346680875258,11.591405989301135,11.777033805847168,52300,0.0,0.0,0.0
2008-04-25 00:00:00-04:00,11.864688000555246,11.869844436645506,11.72546717658706,11.869844436645508,15900,0.0,0.0,0.0
2008-04-28 00:00:00-04:00,11.895629961874858,11.931724044150025,11.823441797324524,11.900786399841309,14500,0.0,0.0,0.0
2008-04-29 00:00:00-04:00,11.91624738237537,11.91624738237537,11.83890185044552,11.859527587890625,12300,0.0,0.0,0.0
2008-04-30 00:00:00-04:00,11.885309040215768,11.916247647070664,11.818277359008789,11.818277359008789,19300,0.0,0.0,0.0
2008-05-01 00:00:00-04:00,11.802810534226925,12.003907587057816,11.802810534226925,11.967812538146973,8000,0.0,0.0,0.0
2008-05-02 00:00:00-04:00,12.107036485266233,12.107036485266233,11.97812851336138,11.983284950256348,22300,0.0,0.0,0.0
2008-05-05 00:00:00-04:00,12.019381547607374,12.019381547607374,11.93172406897531,11.962662696838379,17800,0.0,0.0,0.0
2008-05-06 00:00:00-04:00,11.926563466342154,12.076097164994462,11.895625832772229,12.055471420288086,51000,0.0,0.0,0.0
2008-05-07 00:00:00-04:00,12.040004542315133,12.096723380095327,11.911096572875977,11.911096572875977,22100,0.0,0.0,0.0
2008-05-08 00:00:00-04:00,11.885308776207713,11.936872136331184,11.859527587890625,11.859527587890625,9000,0.0,0.0,0.0
2008-05-09 00:00:00-04:00,11.735782013744368,11.92656526357965,11.735782013744368,11.87500286102295,15900,0.0,0.0,0.0
2008-05-12 00:00:00-04:00,11.967815088465924,12.029691344866418,11.931721015353025,12.009066581726074,19200,0.0,0.0,0.0
2008-05-13 00:00:00-04:00,12.571106768842249,12.571106768842249,11.978130210748825,12.029693603515625,10800,0.0,0.0,0.0
2008-05-14 00:00:00-04:00,12.076095581054688,12.132815388068028,12.06062627455391,12.076095581054688,11700,0.0,0.0,0.0
2008-05-15 00:00:00-04:00,12.070943181745553,12.148287773132324,12.034849104664383,12.148287773132324,13300,0.0,0.0,0.0
2008-05-16 00:00:00-04:00,12.168913091550968,12.168913091550968,12.050317990053935,12.122506141662598,8500,0.0,0.0,0.0
2008-05-19 00:00:00-04:00,12.137975212215087,12.199850488513349,12.107036590576172,12.107036590576172,8200,0.0,0.0,0.0
2008-05-20 00:00:00-04:00,12.086411759052652,12.086411759052652,12.003910735454184,12.045161247253418,95400,0.0,0.0,0.0
2008-05-21 00:00:00-04:00,12.076101381866353,12.10703902623944,11.92656763099813,11.962662696838379,14000,0.0,0.0,0.0
2008-05-22 00:00:00-04:00,11.972976762685926,12.014227290501331,11.9575084294365,11.978133201599121,14500,0.0,0.0,0.0
2008-05-23 00:00:00-04:00,11.885314751440417,11.916253373162183,11.838907802347556,11.87500286102295,23400,0.0,0.0,0.0
2008-05-27 00:00:00-04:00,11.885313517720196,11.93172046199592,11.854375882699609,11.916252136230469,27400,0.0,0.0,0.0
2008-05-28 00:00:00-04:00,11.967817486519037,11.967817486519037,11.875004558555489,11.921411514282227,8800,0.0,0.0,0.0
2008-05-29 00:00:00-04:00,11.89047105312649,12.04000477261121,11.89047105312649,11.983284950256348,25000,0.0,0.0,0.0
2008-05-30 00:00:00-04:00,12.0039153961651,12.009071835078297,11.96782032377273,11.978133201599121,10800,0.0,0.0,0.0
2008-06-02 00:00:00-04:00,12.014223528336618,12.014223528336618,11.823440265741535,11.864690780639648,10700,0.0,0.0,0.0
2008-06-03 00:00:00-04:00,11.885317830338634,11.911100021785662,11.761566261863022,11.828598976135254,8300,0.0,0.0,0.0
2008-06-04 00:00:00-04:00,11.993600587153221,11.993600587153221,11.70484693893991,11.797659873962402,27700,0.0,0.0,0.0
2008-06-05 00:00:00-04:00,11.740938437692936,11.957503872056474,11.6687493039119,11.931721687316895,5000,0.0,0.0,0.0
2008-06-06 00:00:00-04:00,11.880160931886822,11.880160931886822,11.67906379699707,11.67906379699707,15000,0.0,0.0,0.0
2008-06-09 00:00:00-04:00,11.591405519820285,11.746095688506607,11.570780754089354,11.570780754089355,23100,0.0,0.0,0.0
2008-06-10 00:00:00-04:00,11.601717196794974,11.601717196794974,11.488278538260401,11.555310249328613,19700,0.0,0.0,0.0
2008-06-11 00:00:00-04:00,11.40578023905969,11.452186214111883,11.369685173034668,11.369685173034668,10100,0.0,0.0,0.0
2008-06-12 00:00:00-04:00,11.369679365121522,11.544994233727932,11.297491236926936,11.307804107666016,21500,0.0,0.0,0.0
2008-06-13 00:00:00-04:00,11.343899419896129,11.441869735717773,11.343899419896129,11.441869735717773,5000,0.0,0.0,0.0
2008-06-16 00:00:00-04:00,11.395466861487636,11.498592666550138,11.395466861487636,11.457342147827148,2900,0.0,0.0,0.0
2008-06-17 00:00:00-04:00,11.395462795775394,11.493433111597037,11.395462795775394,11.441869735717773,6000,0.0,0.0,0.0
2008-06-18 00:00:00-04:00,11.343898171763309,11.343898171763309,11.261397172829643,11.307804107666016,12300,0.0,0.0,0.0
2008-06-19 00:00:00-04:00,11.369683039831642,11.369683039831642,11.21499386270746,11.297494888305664,11100,0.0,0.0,0.0
2008-06-20 00:00:00-04:00,11.214990285326106,11.214990285326106,11.106708092577222,11.137645721435547,22200,0.0,0.0,0.0
2008-06-23 00:00:00-04:00,11.178898008308504,11.178898008308504,11.0706148147583,11.0706148147583,14900,0.0,0.0,0.0
2008-06-24 00:00:00-04:00,11.063806586302556,11.105714902951794,10.95903529509292,11.02189826965332,22700,0.337,0.0,0.0
2008-06-25 00:00:00-04:00,11.105716970188075,11.168578957276623,11.079523642923455,11.095239639282227,11400,0.0,0.0,0.0
2008-06-26 00:00:00-04:00,11.000945608666495,11.01142293952395,10.885697966754268,10.901412963867188,32600,0.0,0.0,0.0
2008-06-27 00:00:00-04:00,10.917127642592241,10.917127642592241,10.770448025810047,10.79664134979248,36300,0.0,0.0,0.0
2008-06-30 00:00:00-04:00,10.828068338457795,10.838545664179428,10.765205383300783,10.765205383300781,13900,0.0,0.0,0.0
2008-07-01 00:00:00-04:00,10.70758209017736,10.786160034744045,10.655196460741978,10.765205383300781,10800,0.0,0.0,0.0
2008-07-02 00:00:00-04:00,10.838552314594315,10.864744645796941,10.62377200137794,10.649964332580566,14700,0.0,0.0,0.0
2008-07-03 00:00:00-04:00,10.60805152605464,10.60805152605464,10.482326590831786,10.518996238708496,19100,0.0,0.0,0.0
2008-07-07 00:00:00-04:00,10.487570076352503,10.5766254046418,10.29898208722848,10.319936752319336,27000,0.0,0.0,0.0
2008-07-08 00:00:00-04:00,10.356602494185866,10.602813720703125,10.278024528205723,10.602813720703125,10700,0.0,0.0,0.0
2008-07-09 00:00:00-04:00,10.608053215312584,10.6552001984256,10.403750287938259,10.408988952636719,15800,0.0,0.0,0.0
2008-07-10 00:00:00-04:00,10.361841969523702,10.503281919689629,10.361841969523702,10.408988952636719,6000,0.0,0.0,0.0
2008-07-11 00:00:00-04:00,10.330411190393592,10.424705167655695,10.267549205001018,10.398512840270996,10100,0.0,0.0,0.0
2008-07-14 00:00:00-04:00,10.346127486687294,10.35660481761464,10.188971519470215,10.188971519470215,12800,0.0,0.0,0.0
2008-07-15 00:00:00-04:00,9.717500048253605,10.162776548936444,9.717500048253605,10.02133560180664,13700,0.0,0.0,0.0
2008-07-16 00:00:00-04:00,9.984666232113007,10.246593475341797,9.974189901755441,10.246593475341797,17300,0.0,0.0,0.0
2008-07-17 00:00:00-04:00,10.37231932360638,10.477090629571384,10.37231932360638,10.445659637451172,9400,0.0,0.0,0.0
2008-07-18 00:00:00-04:00,10.398510355967026,10.529473959948543,10.398510355967026,10.503280639648438,9300,0.0,0.0,0.0
2008-07-21 00:00:00-04:00,10.471848012050732,10.62376624844539,10.471848012050732,10.571380615234375,13300,0.0,0.0,0.0
2008-07-22 00:00:00-04:00,10.503282298764235,10.749494552612303,10.477089973499751,10.749494552612305,6100,0.0,0.0,0.0
2008-07-23 00:00:00-04:00,10.854266785188639,10.932845773317545,10.780927462053222,10.82807445526123,16300,0.0,0.0,0.0
2008-07-24 00:00:00-04:00,10.817592681686346,10.82283134535539,10.498042191258188,10.534711837768555,9600,0.0,0.0,0.0
2008-07-25 00:00:00-04:00,10.68139289249823,10.68139289249823,10.487567287811245,10.51375961303711,9000,0.0,0.0,0.0
2008-07-28 00:00:00-04:00,10.613291880011044,10.613291880011044,10.40898895263672,10.408988952636719,11200,0.0,0.0,0.0
2008-07-29 00:00:00-04:00,10.393273155072967,10.63948440551758,10.393273155072967,10.639484405517578,8000,0.0,0.0,0.0
2008-07-30 00:00:00-04:00,10.68139135445128,10.786162638614718,10.649960368871458,10.77568531036377,7600,0.0,0.0,0.0
2008-07-31 00:00:00-04:00,10.744253335002131,10.770445654043595,10.649959387776187,10.69710636138916,8800,0.0,0.0,0.0
2008-08-01 00:00:00-04:00,10.84902698882864,10.84902698882864,10.62377037707546,10.718063354492188,6500,0.0,0.0,0.0
2008-08-04 00:00:00-04:00,10.623768033497498,10.629006697616108,10.576621055603027,10.576621055603027,8400,0.0,0.0,0.0
2008-08-05 00:00:00-04:00,10.66043748624015,10.749492776265495,10.634244166130934,10.744254112243652,7400,0.0,0.0,0.0
2008-08-06 00:00:00-04:00,10.791402445237322,10.890935075812909,10.76520912183684,10.885696411132812,9000,0.0,0.0,0.0
2008-08-07 00:00:00-04:00,10.927607639525986,10.927607639525986,10.649964332580566,10.649964332580566,11900,0.0,0.0,0.0
2008-08-08 00:00:00-04:00,10.592334232340102,10.859500061535678,10.592334232340102,10.85426139831543,4100,0.0,0.0,0.0
2008-08-11 00:00:00-04:00,10.634245982485007,11.079522508666003,10.634245982485007,10.985228538513184,44400,0.0,0.0,0.0
2008-08-12 00:00:00-04:00,11.440982154991326,11.440982154991326,10.833311025810403,10.875219345092773,15000,0.0,0.0,0.0
2008-08-13 00:00:00-04:00,10.822830418166788,10.869977387976174,10.73901380498851,10.85426139831543,4900,0.0,0.0,0.0
2008-08-14 00:00:00-04:00,10.828072098824874,10.922366064720364,10.828072098824874,10.885696411132812,4800,0.0,0.0,0.0
2008-08-15 00:00:00-04:00,10.927604938813907,10.943319933982231,10.911888944472441,10.91712760925293,5000,0.0,0.0,0.0
2008-08-18 00:00:00-04:00,10.979991767352214,10.979991767352214,10.80188212533382,10.82807445526123,4900,0.0,0.0,0.0
2008-08-19 00:00:00-04:00,10.78092389273661,10.78092389273661,10.660437616283428,10.739015579223633,4700,0.0,0.0,0.0
2008-08-20 00:00:00-04:00,10.749494608597486,10.749494608597486,10.613292318331846,10.707586288452148,9400,0.0,0.0,0.0
2008-08-21 00:00:00-04:00,10.59233616108071,10.723299767915316,10.59233616108071,10.691868782043457,11100,0.0,0.0,0.0
2008-08-22 00:00:00-04:00,10.78092358155475,10.791400909423828,10.702345620882628,10.791400909423828,12400,0.0,0.0,0.0
2008-08-25 00:00:00-04:00,10.75473218369647,10.75473218369647,10.665676887515275,10.712823867797852,79700,0.0,0.0,0.0
2008-08-26 00:00:00-04:00,10.670914042347697,10.723298680430622,10.644720724133311,10.69710636138916,14500,0.0,0.0,0.0
2008-08-27 00:00:00-04:00,10.759970055586193,10.817593361219549,10.74949272758995,10.786162376403809,5100,0.0,0.0,0.0
2008-08-28 00:00:00-04:00,10.90141326482145,11.011423243515248,10.896174599248099,11.006184577941895,10000,0.0,0.0,0.0
2008-08-29 00:00:00-04:00,11.000942015236745,11.016658006389342,10.953795040951896,10.969511032104492,6800,0.0,0.0,0.0
2008-09-02 00:00:00-04:00,11.289060812363376,11.289060812363376,10.911886041083548,10.959033012390137,75700,0.0,0.0,0.0
2008-09-03 00:00:00-04:00,10.969514857284018,11.04809284210205,10.938082864018176,11.04809284210205,4900,0.0,0.0,0.0
2008-09-04 00:00:00-04:00,11.000946000581912,11.000946000581912,10.733780049238414,10.807119369506836,11200,0.0,0.0,0.0
2008-09-05 00:00:00-04:00,10.686629937539161,10.739015579223633,10.529474011658749,10.739015579223633,11200,0.0,0.0,0.0
2008-09-08 00:00:00-04:00,11.524801546437788,11.524801546437788,10.869983276753823,10.964277267456055,8500,0.0,0.0,0.0
2008-09-09 00:00:00-04:00,11.514321074066034,11.514321074066034,10.602814411158365,10.61329174041748,20800,0.0,0.0,0.0
2008-09-10 00:00:00-04:00,10.456135608542532,10.691870539257176,10.456135608542532,10.618531227111816,13900,0.0,0.0,0.0
2008-09-11 00:00:00-04:00,10.477090268683028,10.618531227111816,10.388034961432297,10.618531227111816,11500,0.0,0.0,0.0
2008-09-12 00:00:00-04:00,10.304218789559078,10.754734011411912,10.304218789559078,10.718063354492188,17800,0.0,0.0,0.0
2008-09-15 00:00:00-04:00,10.39327309125225,10.471851064386259,10.246593475341797,10.246593475341797,9200,0.0,0.0,0.0
2008-09-16 00:00:00-04:00,9.82227167381596,10.215162540768597,9.764647360260833,10.20468521118164,88900,0.0,0.0,0.0
2008-09-17 00:00:00-04:00,10.267548099898182,10.267548099898182,9.686069302148976,9.733216285705566,20200,0.0,0.0,0.0
2008-09-18 00:00:00-04:00,9.445098451227162,10.31993564110238,9.445098451227162,10.288503646850586,31000,0.0,0.0,0.0
2008-09-19 00:00:00-04:00,11.105716857906312,11.655763735649689,10.73377960789526,10.943321228027344,20500,0.0,0.0,0.0
2008-09-22 00:00:00-04:00,10.618530912286891,10.854264836839157,10.5032822832775,10.51375961303711,36100,0.0,0.0,0.0
2008-09-23 00:00:00-04:00,10.534713091984973,10.560905414275597,10.293739530384414,10.325170516967773,15300,0.0,0.0,0.0
2008-09-24 00:00:00-04:00,10.358775786691476,10.358775786691476,10.241426479208869,10.294766426086426,9700,0.353,0.0,0.0
2008-09-25 00:00:00-04:00,10.412119032486288,10.513465767676351,10.401450633815388,10.428120613098145,7100,0.0,0.0,0.0
2008-09-26 00:00:00-04:00,10.006729721197525,10.449458122253418,10.006729721197525,10.449458122253418,32500,0.0,0.0,0.0
2008-09-29 00:00:00-04:00,9.953388391785724,10.220092262985544,9.313298693948344,9.355972290039062,57100,0.0,0.0,0.0
2008-09-30 00:00:00-04:00,9.969387759353179,9.969387759353179,9.681347183458714,9.921380996704102,21300,0.0,0.0,0.0
2008-10-01 00:00:00-04:00,9.77202816002131,10.006727815090093,9.77202816002131,9.99605941772461,21000,0.0,0.0,0.0
2008-10-02 00:00:00-04:00,9.868045073513107,9.868045073513107,9.510661778803602,9.515995979309082,42700,0.0,0.0,0.0
2008-10-03 00:00:00-04:00,9.729354680423583,9.798698239436659,9.313296378527955,9.329298973083496,16900,0.0,0.0,0.0
2008-10-06 00:00:00-04:00,9.14260390516398,9.14260390516398,8.35316107690678,8.913238525390625,44500,0.0,0.0,0.0
2008-10-07 00:00:00-04:00,8.646535793717954,8.971914720891789,8.251814842224121,8.251814842224121,88500,0.0,0.0,0.0
2008-10-08 00:00:00-04:00,7.867765290984983,8.182475984015957,7.622397675121626,7.809090614318848,67100,0.0,0.0,0.0
2008-10-09 00:00:00-04:00,7.958441425400454,8.134465892543327,7.035646013723852,7.350356578826904,76300,0.0,0.0,0.0
2008-10-10 00:00:00-04:00,6.939632931184026,7.494376809487992,6.667594935719366,7.158329963684082,48100,0.0,0.0,0.0
2008-10-13 00:00:00-04:00,7.414363217000157,8.01711368560791,7.414363217000157,8.01711368560791,37400,0.0,0.0,0.0
2008-10-14 00:00:00-04:00,8.651870705625958,8.83322936682279,8.03311849402596,8.23047924041748,31000,0.0,0.0,0.0
2008-10-15 00:00:00-04:00,8.385165840504683,8.385165840504683,7.590388298034669,7.590388298034668,22000,0.0,0.0,0.0
2008-10-16 00:00:00-04:00,7.910436672658104,7.910436672658104,7.201004425507582,7.761082649230957,12300,0.0,0.0,0.0
2008-10-17 00:00:00-04:00,7.419700437667715,8.102462097130122,7.419700437667715,7.8517608642578125,48000,0.0,0.0,0.0
2008-10-20 00:00:00-04:00,8.00111431968146,8.198475078523277,7.8837645005575965,8.081125259399414,11200,0.0,0.0,0.0
2008-10-21 00:00:00-04:00,7.87309813141909,8.166472481473747,7.87309813141909,7.921104907989502,18500,0.0,0.0,0.0
2008-10-22 00:00:00-04:00,7.86776549397092,7.86776549397092,7.275682985691272,7.387698650360107,24100,0.0,0.0,0.0
2008-10-23 00:00:00-04:00,7.691738778192938,7.691738778192938,7.024979178895333,7.286348819732666,28800,0.0,0.0,0.0
2008-10-24 00:00:00-04:00,7.024978292557082,7.1903343674495535,6.902294277242762,7.110323429107666,15300,0.0,0.0,0.0
2008-10-27 00:00:00-04:00,7.019645369161473,7.120993118743555,6.832952976226806,6.832952976226807,28700,0.0,0.0,0.0
2008-10-28 00:00:00-04:00,6.880959910607019,7.23300946002876,6.8276194397472025,7.222341060638428,33500,0.0,0.0,0.0
2008-10-29 00:00:00-04:00,7.457038553592539,7.718408683471764,7.3503571274669195,7.489043235778809,57700,0.0,0.0,0.0
2008-10-30 00:00:00-04:00,8.11846144429928,8.11846144429928,7.489040497271853,7.6277265548706055,24200,0.0,0.0,0.0
2008-10-31 00:00:00-04:00,7.574388665836416,7.921103949852214,7.569054467152208,7.825090408325195,45800,0.0,0.0,0.0
2008-11-03 00:00:00-05:00,7.953108041034068,7.990446414037006,7.841092413328074,7.931771755218506,29100,0.0,0.0,0.0
2008-11-04 00:00:00-05:00,8.241146087646484,8.294487043160165,8.06512164662721,8.241146087646484,77500,0.0,0.0,0.0
2008-11-05 00:00:00-05:00,8.449176107449448,8.449176107449448,7.787750833557473,7.899766445159912,18000,0.0,0.0,0.0
2008-11-06 00:00:00-05:00,8.011782986840092,8.011782986840092,7.403698094878313,7.489043235778809,32600,0.0,0.0,0.0
2008-11-07 00:00:00-05:00,7.57972239405758,7.654399644909833,7.446370487412441,7.48370885848999,19300,0.0,0.0,0.0
2008-11-10 00:00:00-05:00,7.734411043658662,8.091794215337286,7.377027871980038,7.414366245269775,21400,0.0,0.0,0.0
2008-11-11 00:00:00-05:00,7.387695856274584,7.387695856274584,7.142328326880774,7.185000896453857,32800,0.0,0.0,0.0
2008-11-12 00:00:00-05:00,7.131661481652322,7.131661481652322,6.747607763245425,6.790280342102051,23400,0.0,0.0,0.0
2008-11-13 00:00:00-05:00,6.715602493606388,6.982306322526756,6.480902839286043,6.82761812210083,38700,0.0,0.0,0.0
2008-11-14 00:00:00-05:00,6.8169500824163345,7.110324411359873,6.8169500824163345,6.960970401763916,16800,0.0,0.0,0.0
2008-11-17 00:00:00-05:00,6.699600876103742,7.147662912803862,6.694266677063959,6.731605052947998,16300,0.0,0.0,0.0
2008-11-18 00:00:00-05:00,6.742270877068021,6.790277124007326,6.4062240963107415,6.550243854522705,56900,0.0,0.0,0.0
2008-11-19 00:00:00-05:00,6.587582950029481,6.587582950029481,6.150188446044922,6.150188446044922,180700,0.0,0.0,0.0
2008-11-20 00:00:00-05:00,5.958162500312179,6.011503459920079,5.515434265136718,5.515434265136719,46500,0.0,0.0,0.0
2008-11-21 00:00:00-05:00,5.659455507276596,5.7501348568667465,5.382083768122248,5.611449241638184,67900,0.0,0.0,0.0
2008-11-24 00:00:00-05:00,5.707460860005035,6.294209386653865,5.707460860005035,6.278207302093506,16800,0.0,0.0,0.0
2008-11-25 00:00:00-05:00,6.619587430385321,6.619587430385321,6.251536454927097,6.443562984466553,40500,0.0,0.0,0.0
2008-11-26 00:00:00-05:00,6.315545833420108,6.704933122943203,6.315545833420108,6.635590076446533,15800,0.0,0.0,0.0
2008-11-28 00:00:00-05:00,6.6782642055524235,6.7476067543029785,6.640925323113059,6.7476067543029785,23200,0.0,0.0,0.0
2008-12-01 00:00:00-05:00,6.624924433431371,6.667597013622774,6.096850872039795,6.096850872039795,11900,0.0,0.0,0.0
2008-12-02 00:00:00-05:00,6.256871430253171,6.288876112772652,6.1341879161057,6.235535144805908,9300,0.0,0.0,0.0
2008-12-03 00:00:00-05:00,6.214199653414278,6.3955583572387695,6.12885450071975,6.3955583572387695,9700,0.0,0.0,0.0
2008-12-04 00:00:00-05:00,6.1501899992435956,6.464900590920528,6.1501899992435956,6.208865165710449,25800,0.0,0.0,0.0
2008-12-05 00:00:00-05:00,6.134188699937466,6.448899332021468,6.022173059851589,6.3955583572387695,15700,0.0,0.0,0.0
2008-12-08 00:00:00-05:00,6.550243746743804,6.811613799941297,6.550243746743804,6.736936569213867,92800,0.0,0.0,0.0
2008-12-09 00:00:00-05:00,7.104991078085345,7.104991078085345,6.560915436775656,6.587585926055908,36100,0.0,0.0,0.0
2008-12-10 00:00:00-05:00,6.630258425738338,6.790280342102051,6.630258425738338,6.790280342102051,18000,0.0,0.0,0.0
2008-12-11 00:00:00-05:00,6.870291904189717,6.870291904189717,6.454234000223252,6.491572380065918,17200,0.0,0.0,0.0
2008-12-12 00:00:00-05:00,6.5075736939028275,6.624923527734874,6.294210822114752,6.619589328765869,31100,0.0,0.0,0.0
2008-12-15 00:00:00-05:00,6.678263360875166,6.678263360875166,6.358218599087983,6.464900016784668,20500,0.0,0.0,0.0
2008-12-16 00:00:00-05:00,6.848955154418945,6.848955154418945,6.550246609650157,6.848955154418945,29500,0.0,0.0,0.0
2008-12-17 00:00:00-05:00,6.800946997841402,7.019644035596133,6.758274429923266,6.918296813964844,30100,0.0,0.0,0.0
2008-12-18 00:00:00-05:00,7.168998207942734,7.168998207942734,6.678263664245605,6.6782636642456055,58700,0.0,0.0,0.0
2008-12-19 00:00:00-05:00,6.763607963540649,6.923629823162419,6.731603286398045,6.816948413848877,25100,0.0,0.0,0.0
2008-12-22 00:00:00-05:00,6.960970619689023,6.960970619689023,6.555580643682787,6.6249237060546875,54500,0.0,0.0,0.0
2008-12-23 00:00:00-05:00,6.694266677718536,6.7262708545659216,6.555580554853948,6.608921527862549,42500,0.0,0.0,0.0
2008-12-24 00:00:00-05:00,6.781338989267671,6.814284471467073,6.578172913182367,6.73192024230957,58600,0.354,0.0,0.0
2008-12-26 00:00:00-05:00,6.6715158911779175,6.720934612745843,6.633079340473411,6.698970794677734,8100,0.0,0.0,0.0
2008-12-29 00:00:00-05:00,6.589152812957764,6.715444657183222,6.523261347667244,6.589152812957764,42300,0.0,0.0,0.0
2008-12-30 00:00:00-05:00,6.534243828936808,6.8033013343811035,6.534243828936808,6.8033013343811035,31000,0.0,0.0,0.0
2008-12-31 00:00:00-05:00,6.874682814689176,7.05588446975333,6.8362457350042805,7.000974655151367,53200,0.0,0.0,0.0
2009-01-02 00:00:00-05:00,7.033921191254118,7.259050505903217,6.97352028580076,7.248068332672119,24600,0.0,0.0,0.0
2009-01-05 00:00:00-05:00,7.209630941978601,7.374359855830072,7.13824839518767,7.281013488769531,35200,0.0,0.0,0.0
2009-01-06 00:00:00-05:00,7.302976688295035,7.572033594642954,7.302976688295035,7.5061421394348145,98000,0.0,0.0,0.0
2009-01-07 00:00:00-05:00,7.473197071591743,7.572034528421899,7.215122304448917,7.231595039367676,22400,0.0,0.0,0.0
2009-01-08 00:00:00-05:00,7.209631853353643,7.29748714553794,7.1547220339090325,7.264541149139404,20300,0.0,0.0,0.0
2009-01-09 00:00:00-05:00,7.3853418712109775,7.3853418712109775,7.127266577471784,7.132757663726807,44300,0.0,0.0,0.0
2009-01-12 00:00:00-05:00,7.072357091487645,7.1107936468986175,6.7813363355357295,6.825263977050781,46000,0.0,0.0,0.0
2009-01-13 00:00:00-05:00,6.885665495797951,6.902138233184814,6.797810198189504,6.9021382331848145,8800,0.0,0.0,0.0
2009-01-14 00:00:00-05:00,6.918607706006763,6.946062078732838,6.5891499967079294,6.633077621459961,23500,0.0,0.0,0.0
2009-01-15 00:00:00-05:00,6.589153063540136,6.6495534447720726,6.314605019225964,6.611116886138916,36200,0.0,0.0,0.0
2009-01-16 00:00:00-05:00,6.611116080207641,6.759372257420297,6.523260800522561,6.687989711761475,19400,0.0,0.0,0.0
2009-01-20 00:00:00-05:00,6.616608066183429,6.616608066183429,6.188313257626802,6.210277080535889,38800,0.0,0.0,0.0
2009-01-21 00:00:00-05:00,6.353040790388538,6.4683509756539435,6.210276223021804,6.457369327545166,8400,0.0,0.0,0.0
2009-01-22 00:00:00-05:00,6.479331806404082,6.64955124430086,6.281656944770838,6.402458190917969,14700,0.0,0.0,0.0
2009-01-23 00:00:00-05:00,6.160858461650551,6.479334161532809,6.160858461650551,6.429915428161621,20600,0.0,0.0,0.0
2009-01-26 00:00:00-05:00,6.638572424203326,6.677008986477746,6.4903162148724665,6.572680950164795,36300,0.0,0.0,0.0
2009-01-27 00:00:00-05:00,6.56718793970591,6.649552127216826,6.534241950506304,6.64406156539917,21100,0.0,0.0,0.0
2009-01-28 00:00:00-05:00,6.874684810638428,6.940576293095987,6.8197749800943175,6.874684810638428,28400,0.0,0.0,0.0
2009-01-29 00:00:00-05:00,6.836248345151745,6.836248345151745,6.605627873624399,6.616610050201416,79300,0.0,0.0,0.0
2009-01-30 00:00:00-05:00,6.644063098217148,6.644063098217148,6.391478868276856,6.429915428161621,50400,0.0,0.0,0.0
2009-02-02 00:00:00-05:00,6.36402519266804,6.396970672200125,6.270678794562205,6.380497932434082,43200,0.0,0.0,0.0
2009-02-03 00:00:00-05:00,6.369516294729894,6.46835325720628,6.3310792036445065,6.4244256019592285,13600,0.0,0.0,0.0
2009-02-04 00:00:00-05:00,6.446388060698114,6.534243352536225,6.3640238555145965,6.3695149421691895,18600,0.0,0.0,0.0
2009-02-05 00:00:00-05:00,6.336569048162458,6.468351988046388,6.226749931592516,6.429915428161621,23200,0.0,0.0,0.0
2009-02-06 00:00:00-05:00,6.523261452691444,6.666026558282156,6.375005260656744,6.649553298950195,18200,0.0,0.0,0.0
2009-02-09 00:00:00-05:00,6.468353056625248,6.693482413699953,6.413443751098628,6.666028022766113,16100,0.0,0.0,0.0
2009-02-10 00:00:00-05:00,6.622099983425555,6.622099983425555,6.314605900470961,6.364024639129639,33000,0.0,0.0,0.0
2009-02-11 00:00:00-05:00,6.407951248831033,6.446387806580319,6.265186143392507,6.347550868988037,30700,0.0,0.0,0.0
2009-02-12 00:00:00-05:00,6.259695303712705,6.3695149421691895,6.160858362224253,6.3695149421691895,46400,0.0,0.0,0.0
2009-02-13 00:00:00-05:00,6.347550274262295,7.011956484919843,6.270676642307476,6.31460428237915,23200,0.0,0.0,0.0
2009-02-17 00:00:00-05:00,6.2377318665109565,6.45737063334812,5.9027834147493525,5.94671106338501,131900,0.0,0.0,0.0
2009-02-18 00:00:00-05:00,5.941220651273817,6.023585394565917,5.798456038820263,5.836892604827881,142400,0.0,0.0,0.0
2009-02-19 00:00:00-05:00,5.886308384175131,5.99612746297979,5.705106773232775,5.749034404754639,56900,0.0,0.0,0.0
2009-02-20 00:00:00-05:00,5.567834763942503,5.661181144870943,5.35368709175511,5.5788164138793945,216300,0.0,0.0,0.0
2009-02-23 00:00:00-05:00,5.754527789471199,5.754527789471199,5.32623291015625,5.32623291015625,29900,0.0,0.0,0.0
2009-02-24 00:00:00-05:00,5.293286493239506,5.639217092590503,5.293286493239506,5.600780010223389,33200,0.0,0.0,0.0
2009-02-25 00:00:00-05:00,5.6447078844773175,5.694126618340475,5.441542385885674,5.5788164138793945,43000,0.0,0.0,0.0
2009-02-26 00:00:00-05:00,5.7600182642008075,5.78198208840175,5.584307670593262,5.584307670593262,34100,0.0,0.0,0.0
2009-02-27 00:00:00-05:00,5.600780597721556,5.611762772023812,5.326232524071883,5.474488735198975,21700,0.0,0.0,0.0
2009-03-02 00:00:00-05:00,5.43055914314098,5.43055914314098,5.057173728942871,5.057173728942871,31000,0.0,0.0,0.0
2009-03-03 00:00:00-05:00,5.040702548672339,5.09561184647159,4.930882905756107,4.97481107711792,28100,0.0,0.0,0.0
2009-03-04 00:00:00-05:00,4.963829359000956,5.210922530925842,4.963829359000956,5.161503791809082,22600,0.0,0.0,0.0
2009-03-05 00:00:00-05:00,5.051684012214826,5.051684012214826,4.793608698746338,4.810081958770752,62500,0.0,0.0,0.0
2009-03-06 00:00:00-05:00,4.7771370977724805,4.881465674754357,4.6343719522493725,4.727718353271484,11500,0.0,0.0,0.0
2009-03-09 00:00:00-04:00,4.6069174578373415,4.788119167896429,4.6069174578373415,4.623390197753906,39700,0.0,0.0,0.0
2009-03-10 00:00:00-04:00,4.7991004722961526,5.134049476175199,4.7991004722961526,5.106594562530518,99100,0.0,0.0,0.0
2009-03-11 00:00:00-04:00,5.441541114895252,5.441541114895252,5.117574400714135,5.238375663757324,30400,0.0,0.0,0.0
2009-03-12 00:00:00-04:00,5.425070017458404,5.595289530477844,5.172485767855683,5.518416404724121,35500,0.0,0.0,0.0
2009-03-13 00:00:00-04:00,4.974811056226798,5.71059941399073,4.974811056226798,5.551361560821533,20600,0.0,0.0,0.0
2009-03-16 00:00:00-04:00,5.573325705454081,6.5232623159643435,5.518416404724121,5.518416404724121,23300,0.0,0.0,0.0
2009-03-17 00:00:00-04:00,5.595289510305481,5.792964458465576,5.474488734939747,5.792964458465576,31500,0.0,0.0,0.0
2009-03-18 00:00:00-04:00,5.677654716572787,6.08398577351192,5.5513623199431485,5.996130466461182,21600,0.0,0.0,0.0
2009-03-19 00:00:00-04:00,6.171841584152389,6.479335707578809,6.040058612823486,6.040058612823486,88200,0.0,0.0,0.0
2009-03-20 00:00:00-04:00,6.105946903639666,6.380494878751119,5.765507477340509,5.787471294403076,26000,0.0,0.0,0.0
2009-03-23 00:00:00-04:00,6.177331432031856,6.292641639709472,6.100457785693821,6.292641639709473,17400,0.0,0.0,0.0
2009-03-24 00:00:00-04:00,6.078491677789909,6.358530723172955,5.46350430912001,6.149874210357666,41900,0.0,0.0,0.0
2009-03-25 00:00:00-04:00,6.283435344696046,6.491944441588085,6.058020831070317,6.283435344696045,181500,0.287,0.0,0.0
2009-03-26 00:00:00-04:00,6.463766424170326,6.497578326907708,6.4186835289001465,6.4186835289001465,29700,0.0,0.0,0.0
2009-03-27 00:00:00-04:00,6.28343457027751,6.3172470118693616,6.193268775939941,6.193268775939941,60800,0.0,0.0,0.0
2009-03-30 00:00:00-04:00,6.260894403218421,6.260894403218421,5.832606792449951,5.832606792449951,16700,0.0,0.0,0.0
2009-03-31 00:00:00-04:00,5.979124297469118,6.170726864788909,5.91149995678516,6.046748638153076,25600,0.0,0.0,0.0
2009-04-01 00:00:00-04:00,6.120009740268617,6.198905089427251,5.922772173517926,6.159457683563232,34600,0.0,0.0,0.0
2009-04-02 00:00:00-04:00,6.621557275142906,6.8187953663959835,6.396142774365585,6.486308574676514,36100,0.0,0.0,0.0
2009-04-03 00:00:00-04:00,6.413048081952319,6.599015160729584,6.367965186335436,6.576473712921143,12900,0.0,0.0,0.0
2009-04-06 00:00:00-04:00,6.379236420366577,6.565203521848601,6.379236420366577,6.520120620727539,20400,0.0,0.0,0.0
2009-04-07 00:00:00-04:00,6.576475893417632,6.576475893417632,6.339790344238281,6.339790344238281,18700,0.0,0.0,0.0
2009-04-08 00:00:00-04:00,6.4243168925807295,6.497576713562013,6.351057609029818,6.497576713562012,22400,0.0,0.0,0.0
2009-04-09 00:00:00-04:00,6.576472598631364,6.892052814478957,6.576472598631364,6.875146865844727,92400,0.0,0.0,0.0
2009-04-13 00:00:00-04:00,6.90896095990616,7.038574159615864,6.728628827251487,6.94277286529541,38100,0.0,0.0,0.0
2009-04-14 00:00:00-04:00,6.858242129512574,6.970949369380919,6.734263896942138,6.734263896942139,29600,0.0,0.0,0.0
2009-04-15 00:00:00-04:00,6.835698227350521,6.931499481201173,6.683543105082905,6.931499481201172,29100,0.0,0.0,0.0
2009-04-16 00:00:00-04:00,6.937138580297002,7.162553096237111,6.8807846825966745,7.094928741455078,52700,0.0,0.0,0.0
2009-04-17 00:00:00-04:00,7.173821457967992,7.258352279828471,7.044208283517875,7.185092449188232,49800,0.0,0.0,0.0
2009-04-20 00:00:00-04:00,7.179457476372571,7.427413926969165,6.683545112609862,6.683545112609863,79300,0.0,0.0,0.0
2009-04-21 00:00:00-04:00,6.694816921862237,6.959679355420582,6.525755782624346,6.94277286529541,38300,0.0,0.0,0.0
2009-04-22 00:00:00-04:00,6.903326416360908,7.134376439001231,6.8976909188744076,6.954044818878174,68300,0.0,0.0,0.0
2009-04-23 00:00:00-04:00,7.337246200987984,7.337246200987984,6.897687301322571,7.061112880706787,26500,0.0,0.0,0.0
2009-04-24 00:00:00-04:00,7.359788638310786,7.359788638310786,7.094926271224952,7.269622325897217,27400,0.0,0.0,0.0
2009-04-27 00:00:00-04:00,7.083656787872314,7.235811968604242,7.049844883774458,7.0836567878723145,17500,0.0,0.0,0.0
2009-04-28 00:00:00-04:00,7.044210439198999,7.162553196074766,6.987856540713165,7.055481433868408,54900,0.0,0.0,0.0
2009-04-29 00:00:00-04:00,7.190727791956272,7.404871783715143,7.190727791956272,7.35978889465332,68000,0.0,0.0,0.0
2009-04-30 00:00:00-04:00,7.517581341327891,7.562664244392448,7.382332632134221,7.399238586425781,53600,0.0,0.0,0.0
2009-05-01 00:00:00-04:00,7.3879688146211375,7.528853044371256,7.371062857531716,7.489405632019043,30300,0.0,0.0,0.0
2009-05-04 00:00:00-04:00,7.42741367173375,7.90078457257809,7.42741367173375,7.850066184997559,49000,0.0,0.0,0.0
2009-05-05 00:00:00-04:00,7.799349356976783,7.917692105851712,7.771172409638834,7.883879661560059,42000,0.0,0.0,0.0
2009-05-06 00:00:00-04:00,8.030400105785725,8.075483010753581,7.883880395924882,8.047306060791016,52600,0.0,0.0,0.0
2009-05-07 00:00:00-04:00,8.1600108510687,8.18255283415397,7.788076729049057,7.827524662017822,101400,0.0,0.0,0.0
2009-05-08 00:00:00-04:00,8.109292571019587,8.26708268222861,7.9853143577829995,8.25581169128418,44100,0.0,0.0,0.0
2009-05-11 00:00:00-04:00,8.340342031068491,8.340342031068491,8.030396784530362,8.058573722839355,58100,0.0,0.0,0.0
2009-05-12 00:00:00-04:00,8.131836141348245,8.131836141348245,7.827526292889816,7.968410491943359,69900,0.0,0.0,0.0
2009-05-13 00:00:00-04:00,7.74863008428088,7.788077483641275,7.455590724945068,7.455590724945068,64100,0.0,0.0,0.0
2009-05-14 00:00:00-04:00,7.528849533683036,7.70918162912754,7.393600865172484,7.664098739624023,38500,0.0,0.0,0.0
2009-05-15 00:00:00-04:00,7.635924770068509,7.703549130632912,7.489405053463647,7.528852462768555,16900,0.0,0.0,0.0
2009-05-18 00:00:00-04:00,7.59647537769331,7.9402331502655175,7.59647537769331,7.906420707702637,42000,0.0,0.0,0.0
2009-05-19 00:00:00-04:00,7.979681020929699,8.306532322710167,7.889515218704821,7.990952014923096,114500,0.0,0.0,0.0
2009-05-20 00:00:00-04:00,7.957139498052403,8.171283545105455,7.602111251945807,7.968410491943359,44400,0.0,0.0,0.0
2009-05-21 00:00:00-04:00,7.990953334262761,7.990953334262761,7.77680924990731,7.861339569091797,76900,0.0,0.0,0.0
2009-05-22 00:00:00-04:00,7.94586832876807,7.94586832876807,7.804984142353249,7.878243446350098,35800,0.0,0.0,0.0
2009-05-26 00:00:00-04:00,7.883879909243049,8.120565414428711,7.810620058835051,8.120565414428711,45700,0.0,0.0,0.0
2009-05-27 00:00:00-04:00,8.165646164523707,8.165646164523707,7.974043612020523,7.979679107666016,75000,0.0,0.0,0.0
2009-05-28 00:00:00-04:00,8.002219612461708,8.148739257444044,7.9345952849537955,8.126197814941406,50800,0.0,0.0,0.0
2009-05-29 00:00:00-04:00,8.216364453282933,8.300894737243652,8.143104623049439,8.300894737243652,41300,0.0,0.0,0.0
2009-06-01 00:00:00-04:00,8.40796856170293,8.622112596510226,8.40796856170293,8.56575870513916,47400,0.0,0.0,0.0
2009-06-02 00:00:00-04:00,8.768632215191568,8.768632215191568,8.469957345675855,8.554488182067871,63600,0.0,0.0,0.0
2009-06-03 00:00:00-04:00,8.543214309201732,8.740452323535132,8.40233016680083,8.469954490661621,396400,0.0,0.0,0.0
2009-06-04 00:00:00-04:00,8.49249854732887,8.622112277717791,8.419238706227397,8.537581443786621,575300,0.0,0.0,0.0
2009-06-05 00:00:00-04:00,8.853160952900636,8.853160952900636,8.40796701285688,8.53194522857666,525600,0.0,0.0,0.0
2009-06-08 00:00:00-04:00,8.965868332898815,8.965868332898815,8.34034282273045,8.492497444152832,295500,0.0,0.0,0.0
2009-06-09 00:00:00-04:00,8.5601232286458,8.571394221918734,8.42487453395384,8.503769874572754,462300,0.0,0.0,0.0
2009-06-10 00:00:00-04:00,8.729185022890881,8.729185022890881,8.368521809893611,8.475593566894531,395900,0.0,0.0,0.0
2009-06-11 00:00:00-04:00,8.53194522857666,8.60520505889151,8.413602508441969,8.53194522857666,147900,0.0,0.0,0.0
2009-06-12 00:00:00-04:00,8.565758637795154,8.70100733110574,8.413603992178377,8.554488182067871,86900,0.0,0.0,0.0
2009-06-15 00:00:00-04:00,8.379790063055978,8.5882985625988,8.255811847473877,8.300894737243652,85100,0.0,0.0,0.0
2009-06-16 00:00:00-04:00,8.368520672271188,8.368520672271188,8.14874115365502,8.188188552856445,100600,0.0,0.0,0.0
2009-06-17 00:00:00-04:00,8.193821018908022,8.193821018908022,8.069842833428282,8.143102645874023,68800,0.0,0.0,0.0
2009-06-18 00:00:00-04:00,8.131834572384125,8.216364860534668,8.109293126381951,8.216364860534668,68900,0.0,0.0,0.0
2009-06-19 00:00:00-04:00,8.227636253760638,8.272719147965038,8.188188318258916,8.19382381439209,73900,0.0,0.0,0.0
2009-06-22 00:00:00-04:00,8.222002361009352,8.22763785824151,7.940233948568624,7.945869445800781,139200,0.0,0.0,0.0
2009-06-23 00:00:00-04:00,7.917692967459236,8.007858778808108,7.8895160170550565,7.934598922729492,43500,0.0,0.0,0.0
2009-06-24 00:00:00-04:00,7.98954036842465,8.172681519763861,7.98954036842465,8.052495002746582,316500,0.216,0.0,0.0
2009-06-25 00:00:00-04:00,8.018154447333405,8.207018852233887,8.000984559030773,8.207018852233887,56800,0.0,0.0,0.0
2009-06-26 00:00:00-04:00,8.195572260032133,8.24708083333291,8.138340936434034,8.207018852233887,249700,0.0,0.0,0.0
2009-06-29 00:00:00-04:00,8.241360083764691,8.34437726219796,8.201298090286743,8.310038566589355,92000,0.0,0.0,0.0
2009-06-30 00:00:00-04:00,8.493178377635363,8.493178377635363,8.195573485531051,8.269974708557129,87200,0.0,0.0,0.0
2009-07-01 00:00:00-04:00,8.304311387189513,8.390158631888767,8.304311387189513,8.361542701721191,17200,0.0,0.0,0.0
2009-07-02 00:00:00-04:00,8.252803196470033,8.252803196470033,8.132616720956257,8.166955947875977,51300,0.0,0.0,0.0
2009-07-06 00:00:00-04:00,8.109725965584655,8.138341903686523,8.012432103520474,8.138341903686523,447400,0.0,0.0,0.0
2009-07-07 00:00:00-04:00,8.195573215026135,8.195573215026135,7.972370099118631,7.983816146850586,255100,0.0,0.0,0.0
2009-07-08 00:00:00-04:00,7.9552021409220846,7.9895413840652765,7.8350156086265415,7.886524200439453,34000,0.0,0.0,0.0
2009-07-09 00:00:00-04:00,7.926584375784883,8.000985046414204,7.926584375784883,7.943753719329834,38700,0.0,0.0,0.0
2009-07-10 00:00:00-04:00,7.932308090331,7.978093375883565,7.897969399068407,7.972370624542236,42400,0.0,0.0,0.0
2009-07-13 00:00:00-04:00,7.995263343769632,8.132619201740726,7.943754760579556,8.126895904541016,38700,0.0,0.0,0.0
2009-07-14 00:00:00-04:00,8.172680867272419,8.20129680633545,8.092556892860303,8.20129680633545,30400,0.0,0.0,0.0
2009-07-15 00:00:00-04:00,8.338651950709396,8.441669104266065,8.298589966905624,8.430222511291504,94300,0.0,0.0,0.0
2009-07-16 00:00:00-04:00,8.37871733918884,8.544689173325462,8.37871733918884,8.516073226928711,47500,0.0,0.0,0.0
2009-07-17 00:00:00-04:00,8.52179592086887,8.52179592086887,8.447394683836537,8.498903274536133,47500,0.0,0.0,0.0
2009-07-20 00:00:00-04:00,8.567580539937008,8.619089126586914,8.521795250871246,8.619089126586914,68200,0.0,0.0,0.0
2009-07-21 00:00:00-04:00,8.676320465017268,8.693489811966003,8.55613394476872,8.619089126586914,107200,0.0,0.0,0.0
2009-07-22 00:00:00-04:00,8.57902405431352,8.664871855297706,8.550408120652124,8.641979217529297,89900,0.0,0.0,0.0
2009-07-23 00:00:00-04:00,8.670597668817663,8.8594621335861,8.641982270849626,8.842292785644531,115200,0.0,0.0,0.0
2009-07-24 00:00:00-04:00,8.836567251956192,8.888075828552246,8.76788933176265,8.888075828552246,120200,0.0,0.0,0.0
2009-07-27 00:00:00-04:00,8.910968513320569,8.973923683166504,8.870906529457589,8.973923683166504,149900,0.0,0.0,0.0
2009-07-28 00:00:00-04:00,8.951033227309255,8.951033227309255,8.825123402695183,8.910970687866211,82800,0.0,0.0,0.0
2009-07-29 00:00:00-04:00,8.916694021129631,8.916694021129631,8.750722202217863,8.842292785644531,90200,0.0,0.0,0.0
2009-07-30 00:00:00-04:00,8.922415091487096,8.996816308397293,8.888075858373314,8.945307731628418,72700,0.0,0.0,0.0
2009-07-31 00:00:00-04:00,8.956755053504523,9.059772221703467,8.905247015208722,8.996817588806152,302100,0.0,0.0,0.0
2009-08-03 00:00:00-04:00,9.094109458087523,9.157064077128503,9.01398495092337,9.145617485046387,156600,0.0,0.0,0.0
2009-08-04 00:00:00-04:00,9.139896958971464,9.214298188199844,9.071219027176888,9.197128295898438,123900,0.0,0.0,0.0
2009-08-05 00:00:00-04:00,9.168511062258242,9.231465138194467,9.094109847945619,9.214296340942383,105800,0.0,0.0,0.0
2009-08-06 00:00:00-04:00,9.220018326911617,9.260080303615878,9.117001191610951,9.134170532226562,254600,0.0,0.0,0.0
2009-08-07 00:00:00-04:00,9.208573891607474,9.385991726375496,9.202850594794667,9.33448314666748,75100,0.0,0.0,0.0
2009-08-10 00:00:00-04:00,9.265803245975436,9.32875731056571,9.237186769700807,9.288695335388184,69800,0.0,0.0,0.0
2009-08-11 00:00:00-04:00,9.282975011273304,9.294421605446791,9.10555716801348,9.168512344360352,57200,0.0,0.0,0.0
2009-08-12 00:00:00-04:00,9.185680122706003,9.30014386849964,9.179957917862785,9.248635292053223,65300,0.0,0.0,0.0
2009-08-13 00:00:00-04:00,9.300146102905273,9.305869400730725,9.225745414389307,9.300146102905273,26300,0.0,0.0,0.0
2009-08-14 00:00:00-04:00,9.242913345401261,9.26580653454609,9.117004079926714,9.22002124786377,80800,0.0,0.0,0.0
2009-08-17 00:00:00-04:00,9.082662874688257,9.082662874688257,8.945307044392871,8.979645729064941,48700,0.0,0.0,0.0
2009-08-18 00:00:00-04:00,8.962475806121034,9.099831627518222,8.962475806121034,9.088385581970215,34700,0.0,0.0,0.0
2009-08-19 00:00:00-04:00,8.973924537991296,9.134173034511528,8.973924537991296,9.122726440429688,52200,0.0,0.0,0.0
2009-08-20 00:00:00-04:00,9.162789366609035,9.225744545149977,9.139896723267874,9.22002124786377,28800,0.0,0.0,0.0
2009-08-21 00:00:00-04:00,9.288699423109664,9.385993302046064,9.288699423109664,9.380270004272461,34500,0.0,0.0,0.0
2009-08-24 00:00:00-04:00,9.385991690933466,9.460393457611763,9.351653001793537,9.374545097351074,28300,0.0,0.0,0.0
2009-08-25 00:00:00-04:00,9.431775750276847,9.500454211255787,9.408883657688603,9.437499046325684,40500,0.0,0.0,0.0
2009-08-26 00:00:00-04:00,9.443223891818237,9.454670485794068,9.357376620214074,9.426054000854492,41100,0.0,0.0,0.0
2009-08-27 00:00:00-04:00,9.460391571328826,9.477560366671925,9.305865863598761,9.431775093078613,79000,0.0,0.0,0.0
2009-08-28 00:00:00-04:00,9.551964475420911,9.551964475420911,9.37454554131333,9.460393905639648,29000,0.0,0.0,0.0
2009-08-31 00:00:00-04:00,9.39743940087502,9.39743940087502,9.317315419494527,9.368824005126953,30000,0.0,0.0,0.0
2009-09-01 00:00:00-04:00,9.3573773492228,9.426054735213693,9.168512900336793,9.197128295898438,1467100,0.0,0.0,0.0
2009-09-02 00:00:00-04:00,9.157063809317853,9.168510401065197,9.099831942188201,9.111278533935547,120900,0.0,0.0,0.0
2009-09-03 00:00:00-04:00,9.15134048461914,9.15134048461914,9.07693927590636,9.15134048461914,62100,0.0,0.0,0.0
2009-09-04 00:00:00-04:00,9.19140371437962,9.260082182383156,9.128449088813921,9.242912292480469,57300,0.0,0.0,0.0
2009-09-08 00:00:00-04:00,9.254358879994605,9.374544834417042,9.254358879994605,9.340206146240234,53900,0.0,0.0,0.0
2009-09-09 00:00:00-04:00,9.328760135274496,9.443223891818237,9.328760135274496,9.426054000854492,48000,0.0,0.0,0.0
2009-09-10 00:00:00-04:00,9.45466991817321,9.500455199720482,9.385991450048692,9.494731903076172,46000,0.0,0.0,0.0
2009-09-11 00:00:00-04:00,9.500456512135372,9.540518502572588,9.460394521698156,9.506179809570312,43600,0.0,0.0,0.0
2009-09-14 00:00:00-04:00,9.448946908450493,9.586302757263184,9.414608219149132,9.586302757263184,36300,0.0,0.0,0.0
2009-09-15 00:00:00-04:00,9.563408292807184,9.654979938060261,9.534792904145482,9.632086753845215,70500,0.0,0.0,0.0
2009-09-16 00:00:00-04:00,9.695042250578629,9.780889511108398,9.66642576933061,9.780889511108398,52000,0.0,0.0,0.0
2009-09-17 00:00:00-04:00,9.73510577430907,9.861015036917124,9.71793588284134,9.769444465637207,134900,0.0,0.0,0.0
2009-09-18 00:00:00-04:00,9.780891059949026,9.803783156965347,9.72365917999725,9.769444465637207,79000,0.0,0.0,0.0
2009-09-21 00:00:00-04:00,9.672151227185974,9.757998506901545,9.654982426207292,9.717936515808105,34900,0.0,0.0,0.0
2009-09-22 00:00:00-04:00,9.809505429032487,9.849567413330078,9.775166741292725,9.849567413330078,54500,0.0,0.0,0.0
2009-09-23 00:00:00-04:00,9.87246169268822,9.923970275804743,9.769444526455171,9.786614418029785,38800,0.0,0.0,0.0
2009-09-24 00:00:00-04:00,9.83766013274848,9.872463974128141,9.628842616265507,9.669445991516113,97900,0.228,0.0,0.0
2009-09-25 00:00:00-04:00,9.675242469372979,9.71004518942121,9.617237198386912,9.646239280700684,111400,0.0,0.0,0.0
2009-09-28 00:00:00-04:00,9.646239187952942,9.808653723880623,9.646239187952942,9.779651641845703,58300,0.0,0.0,0.0
2009-09-29 00:00:00-04:00,9.808653723880623,9.826055636916681,9.73904828445341,9.779651641845703,74700,0.0,0.0,0.0
2009-09-30 00:00:00-04:00,9.779651641845703,9.820254999237994,9.68104301402506,9.779651641845703,40700,0.0,0.0,0.0
2009-10-01 00:00:00-04:00,9.75644998551234,9.75644998551234,9.559232711791992,9.559232711791992,1324400,0.0,0.0,0.0
2009-10-02 00:00:00-04:00,9.507028971277277,9.536032165066004,9.431622880144023,9.501228332519531,82800,0.0,0.0,0.0
2009-10-05 00:00:00-04:00,9.483826853166434,9.652040939832386,9.483826853166434,9.628839492797852,300300,0.0,0.0,0.0
2009-10-06 00:00:00-04:00,9.715847679201422,9.79705441024652,9.704246401521056,9.750650405883789,42800,0.0,0.0,0.0
2009-10-07 00:00:00-04:00,9.744846971277273,9.744846971277273,9.7042436174037,9.733246803283691,53600,0.0,0.0,0.0
2009-10-08 00:00:00-04:00,9.814456648701912,9.866661293617248,9.808656009671454,9.849259376525879,91900,0.0,0.0,0.0
2009-10-09 00:00:00-04:00,9.837656147327825,9.936264778570646,9.826055977926385,9.878260612487793,41800,0.0,0.0,0.0
2009-10-12 00:00:00-04:00,9.907264487935807,9.971070409800872,9.907264487935807,9.924666404724121,61400,0.0,0.0,0.0
2009-10-13 00:00:00-04:00,9.901466369628906,9.924668931253349,9.843461071926834,9.901466369628906,38400,0.0,0.0,0.0
2009-10-14 00:00:00-04:00,9.994271551180562,10.040675554827347,9.953668186284466,10.03487491607666,45100,0.0,0.0,0.0
2009-10-15 00:00:00-04:00,10.000074425428327,10.075481639685686,10.000074425428327,10.058079719543457,60200,0.0,0.0,0.0
2009-10-16 00:00:00-04:00,10.03487352522502,10.087078160386836,9.988469528009913,10.069677352905273,66600,0.0,0.0,0.0
2009-10-19 00:00:00-04:00,10.052273543154415,10.179884234838283,10.040672269449058,10.145081520080566,160400,0.0,0.0,0.0
2009-10-20 00:00:00-04:00,10.168287618385463,10.168287618385463,10.069678970171251,10.10448169708252,131800,0.0,0.0,0.0
2009-10-21 00:00:00-04:00,10.075477080455872,10.17988523498687,10.040673255920412,10.04067325592041,155300,0.0,0.0,0.0
2009-10-22 00:00:00-04:00,10.046477962080619,10.179889357754975,10.029077149124172,10.168289184570312,76200,0.0,0.0,0.0
2009-10-23 00:00:00-04:00,10.191491121556982,10.191491121556982,10.034877159353819,10.058079719543457,90000,0.0,0.0,0.0
2009-10-26 00:00:00-04:00,10.087079228949532,10.162486423886355,9.930466413232057,9.93626594543457,58700,0.0,0.0,0.0
2009-10-27 00:00:00-04:00,9.936266576224245,9.994271859159873,9.913065126865245,9.924666404724121,39700,0.0,0.0,0.0
2009-10-28 00:00:00-04:00,9.907266478580715,9.924668398865558,9.686847686767578,9.686847686767578,40700,0.0,0.0,0.0
2009-10-29 00:00:00-04:00,9.733248538960085,9.907263259837455,9.657841348583574,9.884061813354492,66500,0.0,0.0,0.0
2009-10-30 00:00:00-04:00,9.872460653737832,9.878261292016855,9.646240186290429,9.675243377685547,46800,0.0,0.0,0.0
2009-11-02 00:00:00-05:00,9.681042951767749,9.7970523855199,9.60563576878827,9.721646308898926,1335000,0.0,0.0,0.0
2009-11-03 00:00:00-05:00,9.681044394172433,9.768051759039633,9.640441030991651,9.74484920501709,775000,0.0,0.0,0.0
2009-11-04 00:00:00-05:00,9.808654288403961,9.884061476208327,9.7680509286748,9.785452842712402,85200,0.0,0.0,0.0
2009-11-05 00:00:00-05:00,9.860861040857479,9.942067777747367,9.84925976234212,9.93046760559082,77400,0.0,0.0,0.0
2009-11-06 00:00:00-05:00,9.85505928560718,9.930466481059046,9.85505928560718,9.918865203857422,48000,0.0,0.0,0.0
2009-11-09 00:00:00-05:00,10.000070136016651,10.12188131204486,9.971068054578668,10.11028003692627,126400,0.0,0.0,0.0
2009-11-10 00:00:00-05:00,10.104479399366976,10.127680843245665,10.052274767691813,10.11028003692627,162600,0.0,0.0,0.0
2009-11-11 00:00:00-05:00,10.179886368435028,10.214690196845616,10.092879010125733,10.127681732177734,83000,0.0,0.0,0.0
2009-11-12 00:00:00-05:00,10.110282113476883,10.150885478372981,10.023274744934001,10.03487491607666,38500,0.0,0.0,0.0
2009-11-13 00:00:00-05:00,10.063877039247767,10.121882314225402,9.994270488002888,10.081277847290039,55500,0.0,0.0,0.0
2009-11-16 00:00:00-05:00,10.116081508339295,10.255293502161939,10.116081508339295,10.232090950012207,49400,0.0,0.0,0.0
2009-11-17 00:00:00-05:00,10.214694509864527,10.237895965576172,10.133486648976138,10.237895965576172,105500,0.0,0.0,0.0
2009-11-18 00:00:00-05:00,10.237890069825651,10.435107308417786,10.185685441589003,10.226288795471191,46400,0.0,0.0,0.0
2009-11-19 00:00:00-05:00,10.191487644571891,10.191487644571891,10.063876926142164,10.127681732177734,60700,0.0,0.0,0.0
2009-11-20 00:00:00-05:00,10.087081124262244,10.145086414414397,10.06968031166782,10.098682403564453,61700,0.0,0.0,0.0
2009-11-23 00:00:00-05:00,10.220492243682287,10.324900424229664,10.179887771606445,10.179887771606445,68800,0.0,0.0,0.0
2009-11-24 00:00:00-05:00,10.220491237836896,10.232091408072487,10.127682131441766,10.208889961242676,347400,0.0,0.0,0.0
2009-11-25 00:00:00-05:00,10.208892233581707,10.290098975099333,10.197290954405226,10.278497695922852,104600,0.0,0.0,0.0
2009-11-27 00:00:00-05:00,10.034875237515841,10.179887891851958,10.011673788128613,10.13348388671875,132900,0.0,0.0,0.0
2009-11-30 00:00:00-05:00,10.104479850854421,10.168285760499144,10.081277299580508,10.162485122680664,257200,0.0,0.0,0.0
2009-12-01 00:00:00-05:00,10.406109554146406,10.406109554146406,10.232093685575798,10.278497695922852,193800,0.0,0.0,0.0
2009-12-02 00:00:00-05:00,10.25529105786372,10.342298394970278,10.25529105786372,10.3132963180542,111000,0.0,0.0,0.0
2009-12-03 00:00:00-05:00,10.336497622692747,10.435106231815244,10.27269172668457,10.27269172668457,182400,0.0,0.0,0.0
2009-12-04 00:00:00-05:00,10.319099360184072,10.446710077263678,10.243692172450862,10.33650016784668,183400,0.0,0.0,0.0
2009-12-07 00:00:00-05:00,10.324899673461914,10.371303674672761,10.307498864482008,10.324899673461914,117700,0.0,0.0,0.0
2009-12-08 00:00:00-05:00,10.232091408072487,10.278495408090738,10.174087237818647,10.208889961242676,188500,0.0,0.0,0.0
2009-12-09 00:00:00-05:00,10.179886314033894,10.23789158804964,10.162485506280177,10.232090950012207,97000,0.0,0.0,0.0
2009-12-10 00:00:00-05:00,10.232088376991477,10.295894272999654,10.232088376991477,10.27269172668457,117300,0.0,0.0,0.0
2009-12-11 00:00:00-05:00,10.324901918099712,10.35390511663596,10.278497906800617,10.348104476928711,84400,0.0,0.0,0.0
2009-12-14 00:00:00-05:00,10.37130395334456,10.45251178741455,10.37130395334456,10.45251178741455,138100,0.0,0.0,0.0
2009-12-15 00:00:00-05:00,10.429308958709042,10.446710874057507,10.371303680572822,10.411908149719238,113000,0.0,0.0,0.0
2009-12-16 00:00:00-05:00,10.469914114482428,10.487316032810991,10.435111384184149,10.458313941955566,86600,0.0,0.0,0.0
2009-12-17 00:00:00-05:00,10.400306358191834,10.400306358191834,10.336500444763372,10.377103805541992,133000,0.0,0.0,0.0
2009-12-18 00:00:00-05:00,10.411907978368207,10.440910063779695,10.353902701186593,10.400306701660156,166500,0.0,0.0,0.0
2009-12-21 00:00:00-05:00,10.446711811486209,10.516317266408745,10.446711811486209,10.48731517791748,536100,0.0,0.0,0.0
2009-12-22 00:00:00-05:00,10.504719268638935,10.533721363131797,10.487317348127826,10.527920722961426,171500,0.0,0.0,0.0
2009-12-23 00:00:00-05:00,10.527918694437663,10.580123339553188,10.527918694437663,10.574322700500488,169500,0.0,0.0,0.0
2009-12-24 00:00:00-05:00,10.546138051548628,10.6342191696167,10.546138051548628,10.6342191696167,57900,0.222,0.0,0.0
2009-12-28 00:00:00-05:00,10.645959074575957,10.675319811570034,10.593111987981814,10.610727310180664,73600,0.0,0.0,0.0
2009-12-29 00:00:00-05:00,10.669447869484095,10.669447869484095,10.598983219339953,10.622471809387207,121200,0.0,0.0,0.0
2009-12-30 00:00:00-05:00,10.616599661875393,10.640088251922647,10.575495749290319,10.622471809387207,310000,0.0,0.0,0.0
2009-12-31 00:00:00-05:00,10.64596345852472,10.64596345852472,10.52265167236328,10.522651672363281,31400,0.0,0.0,0.0
2010-01-04 00:00:00-05:00,10.598983823299339,10.728168835925315,10.598983823299339,10.675320625305176,87800,0.0,0.0,0.0
2010-01-05 00:00:00-05:00,10.651832231211072,10.710552590765246,10.634216907343212,10.704680442810059,274400,0.0,0.0,0.0
2010-01-06 00:00:00-05:00,10.69293349499819,10.745781693490555,10.69293349499819,10.716422080993652,1521300,0.0,0.0,0.0
2010-01-07 00:00:00-05:00,10.722295591343688,10.745783060329277,10.663575238883364,10.739912033081055,183500,0.0,0.0,0.0
2010-01-08 00:00:00-05:00,10.728168889129119,10.769272804260254,10.69880814975139,10.769272804260254,169900,0.0,0.0,0.0
2010-01-11 00:00:00-05:00,10.816251954863676,10.84561158262469,10.781020177550857,10.827996253967285,142700,0.0,0.0,0.0
2010-01-12 00:00:00-05:00,10.769273179574332,10.792760651897378,10.728169263010708,10.76340103149414,196200,0.0,0.0,0.0
2010-01-13 00:00:00-05:00,10.781012002436302,10.82798804323135,10.72816381654223,10.822115898132324,91200,0.0,0.0,0.0
2010-01-14 00:00:00-05:00,10.810371607934274,10.839731213432243,10.786884147535329,10.822115898132324,264600,0.0,0.0,0.0
2010-01-15 00:00:00-05:00,10.822121015142482,10.827993163018027,10.728168889129119,10.769272804260254,172500,0.0,0.0,0.0
2010-01-19 00:00:00-05:00,10.775148601031887,10.904332538047685,10.775148601031887,10.898460388183594,68200,0.0,0.0,0.0
2010-01-20 00:00:00-05:00,10.869096723221208,10.874968870905,10.751656009540662,10.839735984802246,158800,0.0,0.0,0.0
2010-01-21 00:00:00-05:00,10.845609195826967,10.86322564060552,10.65770493151343,10.66357707977295,106200,0.0,0.0,0.0
2010-01-22 00:00:00-05:00,10.65183326830802,10.65183326830802,10.475673292491697,10.499160766601562,135400,0.0,0.0,0.0
2010-01-25 00:00:00-05:00,10.557878497151393,10.57549493833596,10.505030293595217,10.540263175964355,55100,0.0,0.0,0.0
2010-01-26 00:00:00-05:00,10.5109050636554,10.563753280399858,10.45805684691094,10.499160766601562,182000,0.0,0.0,0.0
2010-01-27 00:00:00-05:00,10.463930530863692,10.487419128417969,10.39346697819681,10.487419128417969,67700,0.0,0.0,0.0
2010-01-28 00:00:00-05:00,10.51090154484837,10.51090154484837,10.340613774567379,10.399333000183105,59100,0.0,0.0,0.0
2010-01-29 00:00:00-05:00,10.41695536217853,10.452187141577644,10.276027124584004,10.299515724182129,127300,0.0,0.0,0.0
2010-02-01 00:00:00-05:00,10.322999260886537,10.45218314933989,10.311254965573239,10.428695678710938,168200,0.0,0.0,0.0
2010-02-02 00:00:00-05:00,10.463926786920076,10.587239639963324,10.434567170479937,10.581367492675781,123600,0.0,0.0,0.0
2010-02-03 00:00:00-05:00,10.552007100350677,10.575495690266836,10.505031040515968,10.528519630432129,1409200,0.0,0.0,0.0
2010-02-04 00:00:00-05:00,10.452184980842052,10.481545724270086,10.234921079463808,10.240793228149414,210100,0.0,0.0,0.0
2010-02-05 00:00:00-05:00,10.252535797229662,10.252535797229662,9.99416799037923,10.205559730529785,335500,0.0,0.0,0.0
2010-02-08 00:00:00-05:00,10.217305351038947,10.229049649235042,10.123353205466012,10.13509750366211,64100,0.0,0.0,0.0
2010-02-09 00:00:00-05:00,10.205560336035774,10.293641446322034,10.15858426654876,10.240793228149414,90500,0.0,0.0,0.0
2010-02-10 00:00:00-05:00,10.229048150740255,10.276024216645007,10.140968167168563,10.223176002502441,78800,0.0,0.0,0.0
2010-02-11 00:00:00-05:00,10.21143006740036,10.328870773315431,10.158581861738337,10.32887077331543,61500,0.0,0.0,0.0
2010-02-12 00:00:00-05:00,10.27602561414241,10.340618133544922,10.223177392812703,10.340618133544922,100500,0.0,0.0,0.0
2010-02-16 00:00:00-05:00,10.411078920846553,10.534391777911168,10.411078920846553,10.528519630432129,115200,0.0,0.0,0.0
2010-02-17 00:00:00-05:00,10.552009783781358,10.57549837967079,10.534394456862183,10.563754081726074,66300,0.0,0.0,0.0
2010-02-18 00:00:00-05:00,10.575498797570631,10.6400913188211,10.55788234995743,10.6342191696167,152900,0.0,0.0,0.0
2010-02-19 00:00:00-05:00,10.628345684672604,10.68119390087246,10.581369616939154,10.657705307006836,216300,0.0,0.0,0.0
2010-02-22 00:00:00-05:00,10.716423171279493,10.722295318375789,10.628343204830129,10.651830673217773,137600,0.0,0.0,0.0
2010-02-23 00:00:00-05:00,10.645957875627222,10.645957875627222,10.534390447607256,10.552005767822266,54700,0.0,0.0,0.0
2010-02-24 00:00:00-05:00,10.575494427475716,10.628342628479004,10.552005840364265,10.628342628479004,75200,0.0,0.0,0.0
2010-02-25 00:00:00-05:00,10.552007531708773,10.622472184340182,10.487416146794109,10.616600036621094,156000,0.0,0.0,0.0
2010-02-26 00:00:00-05:00,10.616598334923278,10.634214775256867,10.557877987142128,10.628342628479004,67200,0.0,0.0,0.0
2010-03-01 00:00:00-05:00,10.640091350241544,10.728171348571777,10.62834705179806,10.728171348571777,124900,0.0,0.0,0.0
2010-03-02 00:00:00-05:00,10.72229843956637,10.786890956430545,10.72229843956637,10.757530212402344,269000,0.0,0.0,0.0
2010-03-03 00:00:00-05:00,10.79863201472819,10.816248457687745,10.728168482885255,10.745783805847168,178500,0.0,0.0,0.0
2010-03-04 00:00:00-05:00,10.781018633085573,10.786890781796146,10.704681819845971,10.775146484375,320200,0.0,0.0,0.0
2010-03-05 00:00:00-05:00,10.82212031707985,10.892583847045897,10.798631727092758,10.892583847045898,170400,0.0,0.0,0.0
2010-03-08 00:00:00-05:00,10.910200323195319,10.921944618225098,10.892583880650651,10.921944618225098,233100,0.0,0.0,0.0
2010-03-09 00:00:00-05:00,10.89845528108318,10.95717563220921,10.886712106856008,10.933688163757324,426100,0.0,0.0,0.0
2010-03-10 00:00:00-05:00,10.921950331590013,10.992413898633536,10.921950331590013,10.986541748046875,70500,0.0,0.0,0.0
2010-03-11 00:00:00-05:00,10.951306391016344,11.027643203735352,10.921946767661549,11.027643203735352,88000,0.0,0.0,0.0
2010-03-12 00:00:00-05:00,11.062873637045369,11.062873637045369,11.021769721323494,11.051129341125488,87100,0.0,0.0,0.0
2010-03-15 00:00:00-04:00,11.057000909989846,11.057000909989846,10.986536258158765,11.045256614685059,226300,0.0,0.0,0.0
2010-03-16 00:00:00-04:00,11.080491654663657,11.150955200195312,11.062875208281811,11.150955200195312,90300,0.0,0.0,0.0
2010-03-17 00:00:00-04:00,11.168571117766213,11.221419334411621,11.168571117766213,11.221419334411621,101600,0.0,0.0,0.0
2010-03-18 00:00:00-04:00,11.209669651197933,11.209669651197933,11.156821459945776,11.18618106842041,116700,0.0,0.0,0.0
2010-03-19 00:00:00-04:00,11.09223461151123,11.186186750348973,11.068747136800715,11.09223461151123,160600,0.0,0.0,0.0
2010-03-22 00:00:00-04:00,11.027643816183588,11.13921128712626,11.004155220196981,11.12746810913086,135100,0.0,0.0,0.0
2010-03-23 00:00:00-04:00,11.145083070434923,11.197931289672852,11.115723446412904,11.197931289672852,57900,0.0,0.0,0.0
2010-03-24 00:00:00-04:00,11.13921128712626,11.156827734116215,11.103979513144253,11.12746810913086,65500,0.0,0.0,0.0
2010-03-25 00:00:00-04:00,11.175589916645823,11.199355671080498,11.080529165334204,11.086470603942871,167200,0.221,0.0,0.0
2010-03-26 00:00:00-04:00,11.116175716472288,11.122117154574639,11.044880725670977,11.062705039978027,78800,0.0,0.0,0.0
2010-03-29 00:00:00-04:00,11.116176415286027,11.139942169189453,11.07458747916855,11.139942169189453,77000,0.0,0.0,0.0
2010-03-30 00:00:00-04:00,11.175590431379666,11.187473309144316,11.128060053534666,11.163708686828613,62800,0.0,0.0,0.0
2010-03-31 00:00:00-04:00,11.13994412506589,11.175591628966261,11.122119806508847,11.134002685546875,67200,0.0,0.0,0.0
2010-04-01 00:00:00-04:00,11.151825654108444,11.235003530878032,11.151825654108444,11.205297470092773,83200,0.0,0.0,0.0
2010-04-05 00:00:00-04:00,11.211237466735145,11.33006282780466,11.211237466735145,11.312239646911621,148200,0.0,0.0,0.0
2010-04-06 00:00:00-04:00,11.276595685865189,11.389480788833625,11.27065424537065,11.365715026855469,144600,0.0,0.0,0.0
2010-04-07 00:00:00-04:00,11.330064069605287,11.359771263038716,11.2468861944188,11.276592254638672,1395300,0.0,0.0,0.0
2010-04-08 00:00:00-04:00,11.235003317045429,11.306299448072101,11.229061878358742,11.276592254638672,93600,0.0,0.0,0.0
2010-04-09 00:00:00-04:00,11.318181751631498,11.36571213026061,11.276592811982727,11.347888946533203,30800,0.0,0.0,0.0
2010-04-12 00:00:00-04:00,11.371653508866146,11.389477825712534,11.33006456943818,11.377594947814941,84600,0.0,0.0,0.0
2010-04-13 00:00:00-04:00,11.359769625991996,11.407299995422363,11.300356380900686,11.407299995422363,107100,0.0,0.0,0.0
2010-04-14 00:00:00-04:00,11.431067321994789,11.460774518185929,11.40136125901731,11.448891639709473,95600,0.0,0.0,0.0
2010-04-15 00:00:00-04:00,11.466714920955157,11.472656360243514,11.419184539861982,11.43700885772705,43300,0.0,0.0,0.0
2010-04-16 00:00:00-04:00,11.401357214653839,11.401357214653839,11.252824686027548,11.288472175598145,91400,0.0,0.0,0.0
2010-04-19 00:00:00-04:00,11.270645913924062,11.318176269531252,11.211233819324873,11.31817626953125,105700,0.0,0.0,0.0
2010-04-20 00:00:00-04:00,11.341945312500584,11.413240300039439,11.341945312500584,11.407299995422363,59400,0.0,0.0,0.0
2010-04-21 00:00:00-04:00,11.460774518185929,11.460774518185929,11.389478380540854,11.448891639709473,77300,0.0,0.0,0.0
2010-04-22 00:00:00-04:00,11.36570878531692,11.478593826293944,11.347885606834899,11.478593826293945,62000,0.0,0.0,0.0
2010-04-23 00:00:00-04:00,11.478597531579839,11.538010789862806,11.419184273296871,11.51424503326416,37400,0.0,0.0,0.0
2010-04-26 00:00:00-04:00,11.538008745870778,11.561773365045806,11.496419812404396,11.508302688598633,55200,0.0,0.0,0.0
2010-04-27 00:00:00-04:00,11.437009584652985,11.484539968767148,11.258770927528307,11.282535552978516,87200,0.0,0.0,0.0
2010-04-28 00:00:00-04:00,11.294418432310493,11.318183057760702,11.235005168864351,11.282535552978516,34500,0.0,0.0,0.0
2010-04-29 00:00:00-04:00,11.371655301452627,11.437010006978056,11.365713861567244,11.413244247436523,36000,0.0,0.0,0.0
2010-04-30 00:00:00-04:00,11.407301435810158,11.442948934080757,11.306299246365512,11.324122428894043,24700,0.0,0.0,0.0
2010-05-03 00:00:00-04:00,11.312242032312591,11.442950297015406,11.306300593024234,11.43700885772705,55300,0.0,0.0,0.0
2010-05-04 00:00:00-04:00,11.31223927109702,11.341945327074146,11.157765286946486,11.193412780761719,104100,0.0,0.0,0.0
2010-05-05 00:00:00-04:00,11.157765064407107,11.157765064407107,10.949819277074463,11.009232521057129,284700,0.0,0.0,0.0
2010-05-06 00:00:00-04:00,10.961705757066424,11.015177580912699,6.986973272704548,10.64681625366211,690300,0.0,0.0,0.0
2010-05-07 00:00:00-04:00,10.587401497603663,10.682462252548532,10.367573926748749,10.551753997802734,349700,0.0,0.0,0.0
2010-05-10 00:00:00-04:00,10.884466575639845,11.032999146013125,10.842877637249499,10.99735164642334,164200,0.0,0.0,0.0
2010-05-11 00:00:00-04:00,10.896347325314373,11.145882040138876,10.78346227657598,11.050821304321289,293600,0.0,0.0,0.0
2010-05-12 00:00:00-04:00,11.038940866834599,11.181532002050211,11.038940866834599,11.169649124145508,61400,0.0,0.0,0.0
2010-05-13 00:00:00-04:00,11.14588470613577,11.205297963536227,11.092412887796725,11.122118949890137,60900,0.0,0.0,0.0
2010-05-14 00:00:00-04:00,11.06270665449057,11.06270665449057,10.860702262383533,10.91417407989502,93000,0.0,0.0,0.0
2010-05-17 00:00:00-04:00,10.937937879104073,10.99140969258997,10.747816379249112,10.920113563537598,38200,0.0,0.0,0.0
2010-05-18 00:00:00-04:00,10.985469755433384,11.027058697558855,10.753759287469364,10.765642166137695,97600,0.0,0.0,0.0
2010-05-19 00:00:00-04:00,10.700283280630165,10.777519695331376,10.533926443994861,10.670576095581055,137100,0.0,0.0,0.0
2010-05-20 00:00:00-04:00,10.480454284950264,10.527984646186718,10.284391403198242,10.284391403198242,345200,0.0,0.0,0.0
2010-05-21 00:00:00-04:00,10.165571304591186,10.421047552827892,9.975449761683995,10.379457473754883,214600,0.0,0.0,0.0
2010-05-24 00:00:00-04:00,10.409161003443781,10.450749934641232,10.31410026550293,10.31410026550293,124200,0.0,0.0,0.0
2010-05-25 00:00:00-04:00,10.129921250600976,10.278453826904297,9.981388674297657,10.278453826904297,230800,0.0,0.0,0.0
2010-05-26 00:00:00-04:00,10.343811134249021,10.468579119110737,10.302222183699755,10.331928253173828,145900,0.0,0.0,0.0
2010-05-27 00:00:00-04:00,10.45669106193885,10.634929656982422,10.450749624342285,10.634929656982422,54800,0.0,0.0,0.0
2010-05-28 00:00:00-04:00,10.670581287425037,10.670581287425037,10.510166942962101,10.575520515441895,60500,0.0,0.0,0.0
2010-06-01 00:00:00-04:00,10.432928257361008,10.581460839574289,10.278454235873555,10.367574691772461,58800,0.0,0.0,0.0
2010-06-02 00:00:00-04:00,10.391338407765023,10.569578170776367,10.391338407765023,10.569578170776367,43100,0.0,0.0,0.0
2010-06-03 00:00:00-04:00,10.628992145147995,10.646816464521011,10.539872814710455,10.599286079406738,155200,0.0,0.0,0.0
2010-06-04 00:00:00-04:00,10.385397463156867,10.492341099409437,10.25468920396685,10.278453826904297,194800,0.0,0.0,0.0
2010-06-07 00:00:00-04:00,10.29033413377764,10.373511993095839,10.195273399353027,10.195273399353027,106300,0.0,0.0,0.0
2010-06-08 00:00:00-04:00,10.18339090092422,10.31410026550293,10.153684845272721,10.31410026550293,100500,0.0,0.0,0.0
2010-06-09 00:00:00-04:00,10.349748800970062,10.450750986853084,10.314101303956496,10.325983047485352,19300,0.0,0.0,0.0
2010-06-10 00:00:00-04:00,10.426985059559534,10.56363587339177,10.426985059559534,10.557694435119629,32300,0.0,0.0,0.0
2010-06-11 00:00:00-04:00,10.474516084057857,10.617108345031738,10.462634339987991,10.617108345031738,37300,0.0,0.0,0.0
2010-06-14 00:00:00-04:00,10.682460831966543,10.759698393346484,10.676519393920898,10.676519393920898,61500,0.0,0.0,0.0
2010-06-15 00:00:00-04:00,10.747819357233098,10.878527641296387,10.741877917064697,10.878527641296387,46800,0.0,0.0,0.0
2010-06-16 00:00:00-04:00,10.795344927627713,10.914171411538245,10.795344927627713,10.8666410446167,40500,0.0,0.0,0.0
2010-06-17 00:00:00-04:00,10.872585005487942,10.914175082093156,10.801289997735012,10.908233642578125,270000,0.0,0.0,0.0
2010-06-18 00:00:00-04:00,10.896350763548064,10.914175082093156,10.860703259671599,10.908233642578125,38800,0.0,0.0,0.0
2010-06-21 00:00:00-04:00,10.99140965534159,11.06864608944085,10.842877092431568,10.902290344238281,86900,0.0,0.0,0.0
2010-06-22 00:00:00-04:00,10.884465826647645,10.926054762176134,10.71216864614198,10.718110084533691,88100,0.0,0.0,0.0
2010-06-23 00:00:00-04:00,10.706226348876953,10.765639594814338,10.623047351279247,10.706226348876953,194600,0.0,0.0,0.0
2010-06-24 00:00:00-04:00,10.689347376062301,10.767724511551364,10.586854994991779,10.598913192749023,51100,0.262,0.0,0.0
2010-06-25 00:00:00-04:00,10.616999495003872,10.713462768161087,10.586854003434166,10.701404571533203,61300,0.0,0.0,0.0
2010-06-28 00:00:00-04:00,10.671260352132396,10.755665429628563,10.635085761834379,10.725521087646484,50800,0.0,0.0,0.0
2010-06-29 00:00:00-04:00,10.574794754990439,10.586851799175035,10.424070778322498,10.466273307800293,120100,0.0,0.0,0.0
2010-06-30 00:00:00-04:00,10.51450630873391,10.568767039421642,10.399955749511719,10.399955749511719,64300,0.0,0.0,0.0
2010-07-01 00:00:00-04:00,10.454219326455265,10.454219326455265,10.255263643077043,10.393929481506348,130100,0.0,0.0,0.0
2010-07-02 00:00:00-04:00,10.418045563577474,10.448189910171363,10.315553175251893,10.369813919067383,116700,0.0,0.0,0.0
2010-07-06 00:00:00-04:00,10.478331721653534,10.659201207256915,10.345695018823987,10.399955749511719,442600,0.0,0.0,0.0
2010-07-07 00:00:00-04:00,10.5446514651695,10.719491866475028,10.412014752061559,10.701404571533203,459200,0.0,0.0,0.0
2010-07-08 00:00:00-04:00,10.852130456259717,10.852130456259717,10.695377322788437,10.803898811340332,189000,0.0,0.0,0.0
2010-07-09 00:00:00-04:00,10.82198286330839,10.876243591308594,10.77977918047163,10.876243591308594,103900,0.0,0.0,0.0
2010-07-12 00:00:00-04:00,10.858160914761058,10.870219114983541,10.797871063581905,10.846102714538574,82300,0.0,0.0,0.0
2010-07-13 00:00:00-04:00,10.930501114646171,11.01490731452013,10.918444071749228,10.954617500305176,139100,0.0,0.0,0.0
2010-07-14 00:00:00-04:00,10.996823280022923,11.105344747742597,10.9305043497647,10.99079418182373,90300,0.0,0.0,0.0
2010-07-15 00:00:00-04:00,11.00888442993164,11.014913529748346,10.864189484130334,11.00888442993164,95200,0.0,0.0,0.0
2010-07-16 00:00:00-04:00,10.972710993455948,10.972710993455948,10.779783248901367,10.779783248901367,55700,0.0,0.0,0.0
2010-07-19 00:00:00-04:00,10.852128379256584,10.894330916742206,10.77978035075773,10.882272720336914,100700,0.0,0.0,0.0
2010-07-20 00:00:00-04:00,10.767720111178123,10.978732736031622,10.767720111178123,10.954617500305176,64200,0.0,0.0,0.0
2010-07-21 00:00:00-04:00,11.081231869210676,11.081231869210676,10.809929263804388,10.846102714538574,139800,0.0,0.0,0.0
2010-07-22 00:00:00-04:00,11.020939574636554,11.093286452516548,10.99079408390915,11.081228256225586,78100,0.0,0.0,0.0
2010-07-23 00:00:00-04:00,11.075200901227538,11.183721223860138,11.032997211948638,11.159605979919434,221200,0.0,0.0,0.0
2010-07-26 00:00:00-04:00,11.231954145746458,11.30430218570553,11.15960725572047,11.298273086547852,390300,0.0,0.0,0.0
2010-07-27 00:00:00-04:00,11.38267631546357,11.448995245431384,11.250039605460838,11.31032943725586,403800,0.0,0.0,0.0
2010-07-28 00:00:00-04:00,11.304300697671918,11.304300697671918,11.189750128620954,11.231952667236328,146500,0.0,0.0,0.0
2010-07-29 00:00:00-04:00,11.322386643760684,11.328415741406392,11.111372825892085,11.195777893066406,193200,0.0,0.0,0.0
2010-07-30 00:00:00-04:00,11.10534668430828,11.219897270202637,11.057115040236935,11.219897270202637,76500,0.0,0.0,0.0
2010-08-02 00:00:00-04:00,11.364590993191479,11.394735336303711,11.310330255643077,11.394735336303711,214200,0.0,0.0,0.0
2010-08-03 00:00:00-04:00,11.36459058356324,11.40076402398067,11.292242552795443,11.352532386779785,225400,0.0,0.0,0.0
2010-08-04 00:00:00-04:00,11.406793685377394,11.485169668472384,11.352532947106633,11.424880981445312,1576000,0.0,0.0,0.0
2010-08-05 00:00:00-04:00,11.40679356395716,11.45502520302521,11.35856192488911,11.400764465332031,191700,0.0,0.0,0.0
2010-08-06 00:00:00-04:00,11.382677139085628,11.455025172461156,11.274156813921802,11.394735336303711,237300,0.0,0.0,0.0
2010-08-09 00:00:00-04:00,11.44296646118164,11.461053756196216,11.40076392274722,11.44296646118164,118700,0.0,0.0,0.0
2010-08-10 00:00:00-04:00,11.334445500146268,11.436937876634028,11.286213861206909,11.394735336303711,118800,0.0,0.0,0.0
2010-08-11 00:00:00-04:00,11.292241636929962,11.418850393021678,11.1234314953848,11.141517639160156,135900,0.0,0.0,0.0
2010-08-12 00:00:00-04:00,11.04505396046905,11.129459028092308,10.984764133624092,11.09931468963623,114700,0.0,0.0,0.0
2010-08-13 00:00:00-04:00,11.129458553858992,11.183719280714088,11.11740150895,11.15357494354248,72700,0.0,0.0,0.0
2010-08-16 00:00:00-04:00,11.099315258393949,11.189749428329065,11.075200016379918,11.171663284301758,50300,0.0,0.0,0.0
2010-08-17 00:00:00-04:00,11.292242973433208,11.322388466514772,11.225925188519728,11.286213874816895,110300,0.0,0.0,0.0
2010-08-18 00:00:00-04:00,11.280183915602198,11.322387602696544,11.207837037591963,11.304300308227539,211300,0.0,0.0,0.0
2010-08-19 00:00:00-04:00,11.25003820241093,11.268125494673546,11.105343314108255,11.15357494354248,160400,0.0,0.0,0.0
2010-08-20 00:00:00-04:00,11.123433113098145,11.316359674312114,11.045055978896839,11.123433113098145,122600,0.0,0.0,0.0
2010-08-23 00:00:00-04:00,11.189745076475742,11.213861459043423,11.105340037353686,11.111369132995605,118700,0.0,0.0,0.0
2010-08-24 00:00:00-04:00,11.026972071324838,11.292245571886681,10.96668222122142,11.039029121398926,115700,0.0,0.0,0.0
2010-08-25 00:00:00-04:00,10.948591230172362,11.069170889728841,10.90035959633634,11.057112693786621,207100,0.0,0.0,0.0
2010-08-26 00:00:00-04:00,11.057111129018338,11.099313658910878,10.96064787499748,10.978734016418457,314400,0.0,0.0,0.0
2010-08-27 00:00:00-04:00,11.069171742069033,11.153576820298152,10.954621171663124,11.147547721862793,68800,0.0,0.0,0.0
2010-08-30 00:00:00-04:00,11.129462389871698,11.153578787867431,11.039028197253998,11.04505729675293,182600,0.0,0.0,0.0
2010-08-31 00:00:00-04:00,11.020942971321173,11.081231671491343,10.978739271295508,11.039029121398926,241600,0.0,0.0,0.0
2010-09-01 00:00:00-04:00,11.195775619584706,11.268123626708984,11.153573094567445,11.268123626708984,192200,0.0,0.0,0.0
2010-09-02 00:00:00-04:00,11.304303227880093,11.340476676228015,11.26210067981865,11.316361427307129,244800,0.0,0.0,0.0
2010-09-03 00:00:00-04:00,11.43693802889093,11.43693802889093,11.35856204579594,11.424880981445312,275100,0.0,0.0,0.0
2010-09-07 00:00:00-04:00,11.400768273398297,11.400768273398297,11.274160609780246,11.28018856048584,274600,0.0,0.0,0.0
2010-09-08 00:00:00-04:00,11.340474825541358,11.382677366715638,11.3103304818263,11.328417778015137,246100,0.0,0.0,0.0
2010-09-09 00:00:00-04:00,11.48516852314444,11.48516852314444,11.346502716917463,11.388705253601074,218900,0.0,0.0,0.0
2010-09-10 00:00:00-04:00,11.436938255608139,11.442967354416961,11.388706615070578,11.430909156799316,171900,0.0,0.0,0.0
2010-09-13 00:00:00-04:00,11.5454574237247,11.5454574237247,11.467081454761317,11.503254890441895,188300,0.0,0.0,0.0
2010-09-14 00:00:00-04:00,11.49119669523744,11.533399228520246,11.442965064352407,11.503254890441895,144200,0.0,0.0,0.0
2010-09-15 00:00:00-04:00,11.491198691627112,11.521344184875488,11.43693795371302,11.521344184875488,167200,0.0,0.0,0.0
2010-09-16 00:00:00-04:00,11.497227729583152,11.509285926818848,11.461054287809045,11.509285926818848,223600,0.0,0.0,0.0
2010-09-17 00:00:00-04:00,11.551486521326929,11.6901523163798,11.43693596675018,11.503254890441895,342200,0.0,0.0,0.0
2010-09-20 00:00:00-04:00,11.551489431487754,11.666040014923173,11.509286887572882,11.6238374710083,301100,0.0,0.0,0.0
2010-09-21 00:00:00-04:00,11.653980768948845,11.660009867527943,11.551488392970105,11.605749130249023,213400,0.0,0.0,0.0
2010-09-22 00:00:00-04:00,11.611776225972113,11.660007856352705,11.55751549805235,11.58765983581543,188900,0.0,0.0,0.0
2010-09-23 00:00:00-04:00,11.50928583544383,11.575604769780654,11.467083295386933,11.491198539733887,108500,0.0,0.0,0.0
2010-09-24 00:00:00-04:00,11.604066463880645,11.689479827880858,11.55525866107055,11.68947982788086,388500,0.225,0.0,0.0
2010-09-27 00:00:00-04:00,11.689480468611592,11.695581589755998,11.622369299692995,11.628470420837402,129700,0.0,0.0,0.0
2010-09-28 00:00:00-04:00,11.665075578811654,11.726084454710593,11.573559937623813,11.701681137084961,88000,0.0,0.0,0.0
2010-09-29 00:00:00-04:00,11.707778466917565,11.74438401333952,11.658970683798511,11.713879585266113,70500,0.0,0.0,0.0
2010-09-30 00:00:00-04:00,11.799296734926923,11.80539785525076,11.65287333816398,11.701681137084961,184100,0.0,0.0,0.0
2010-10-01 00:00:00-04:00,11.793197808855751,11.79929893031477,11.70168331431036,11.738288879394531,151600,0.0,0.0,0.0
2010-10-04 00:00:00-04:00,11.750488936005942,11.762691176653616,11.65287333816398,11.701681137084961,102100,0.0,0.0,0.0
2010-10-05 00:00:00-04:00,11.750491273558621,11.884712456374823,11.744390152021074,11.866410255432129,180000,0.0,0.0,0.0
2010-10-06 00:00:00-04:00,11.8786127576393,11.89081500217596,11.835906065431073,11.860310554504395,1466800,0.0,0.0,0.0
2010-10-07 00:00:00-04:00,11.939622816652518,11.939622816652518,11.817603862296169,11.860310554504395,166100,0.0,0.0,0.0
2010-10-08 00:00:00-04:00,11.8908136297984,11.951823681770147,11.848106942519163,11.933520317077637,87000,0.0,0.0,0.0
2010-10-11 00:00:00-04:00,11.95792195915916,11.964023079272188,11.921316402150675,11.945719718933105,90600,0.0,0.0,0.0
2010-10-12 00:00:00-04:00,11.890812023805811,11.988427628308502,11.872508661585382,11.98232650756836,95700,0.0,0.0,0.0
2010-10-13 00:00:00-04:00,12.055536527518782,12.116546559786496,12.006728734438527,12.079939842224121,112000,0.0,0.0,0.0
2010-10-14 00:00:00-04:00,12.067742327626933,12.128751214227426,12.012833398750553,12.055540084838867,77200,0.0,0.0,0.0
2010-10-15 00:00:00-04:00,12.12874878155095,12.12874878155095,11.994527628812861,12.03723430633545,70200,0.0,0.0,0.0
2010-10-18 00:00:00-04:00,12.04943737538848,12.122649658797943,12.031134013618674,12.116548538208008,106500,0.0,0.0,0.0
2010-10-19 00:00:00-04:00,12.0250353227649,12.153156553701741,11.903016377320768,11.951824188232422,120000,0.0,0.0,0.0
2010-10-20 00:00:00-04:00,12.00673372988467,12.110450478790648,11.994531485620422,12.073844909667969,158800,0.0,0.0,0.0
2010-10-21 00:00:00-04:00,12.147056047913328,12.177560494903885,12.000632607752546,12.073844909667969,102800,0.0,0.0,0.0
2010-10-22 00:00:00-04:00,12.104349585614651,12.177560725244815,12.049440649056988,12.08604621887207,489100,0.0,0.0,0.0
2010-10-25 00:00:00-04:00,12.17145790682561,12.17755786396979,12.079942258285568,12.098245620727539,95100,0.0,0.0,0.0
2010-10-26 00:00:00-04:00,12.049440421139474,12.092147112394278,12.02503593261098,12.073844909667969,50500,0.0,0.0,0.0
2010-10-27 00:00:00-04:00,12.043335426505774,12.1409510218916,11.933517590779298,12.03723430633545,126000,0.0,0.0,0.0
2010-10-28 00:00:00-04:00,12.12264887035385,12.14705218745666,12.000628793830723,12.061638832092285,71800,0.0,0.0,0.0
2010-10-29 00:00:00-04:00,12.06774450084755,12.104350072133945,12.037238888383776,12.092147827148438,58500,0.0,0.0,0.0
2010-11-01 00:00:00-04:00,12.159258292177576,12.171460536441822,12.018935974148917,12.073844909667969,163700,0.0,0.0,0.0
2010-11-02 00:00:00-04:00,12.177556037902832,12.195859397600149,12.122648286150149,12.177556037902832,160400,0.0,0.0,0.0
2010-11-03 00:00:00-04:00,12.159253377510064,12.189757812170987,12.079939985520323,12.183656692504883,233200,0.0,0.0,0.0
2010-11-04 00:00:00-04:00,12.28737342880492,12.372787940664546,12.28127230912426,12.366686820983887,335200,0.0,0.0,0.0
2010-11-05 00:00:00-04:00,12.40329505057326,12.41549729256639,12.360588367267153,12.409396171569824,118100,0.0,0.0,0.0
2010-11-08 00:00:00-05:00,12.378894301545005,12.397196504666503,12.330085323434108,12.360590934753418,162900,0.0,0.0,0.0
2010-11-09 00:00:00-05:00,12.409395302444517,12.409395302444517,12.232466296945383,12.275174140930176,160000,0.0,0.0,0.0
2010-11-10 00:00:00-05:00,12.244669003124242,12.269073486328125,12.1531545184493,12.269073486328125,90200,0.0,0.0,0.0
2010-11-11 00:00:00-05:00,12.220264667101315,12.244667984605506,12.195860185927412,12.232465744018555,68100,0.0,0.0,0.0
2010-11-12 00:00:00-05:00,12.171459864525538,12.201964309832118,12.079944201265798,12.122652053833008,116500,0.0,0.0,0.0
2010-11-15 00:00:00-05:00,12.195864129013435,12.2629753102699,12.086046255564705,12.110450744628906,101100,0.0,0.0,0.0
2010-11-16 00:00:00-05:00,12.07993959683499,12.07993959683499,11.829799516921273,11.896910667419434,130900,0.0,0.0,0.0
2010-11-17 00:00:00-05:00,11.896911944235356,11.982325298640184,11.884709703986188,11.957921981811523,449400,0.0,0.0,0.0
2010-11-18 00:00:00-05:00,12.073842301141388,12.11044786235552,12.067741180327399,12.098245620727539,124200,0.0,0.0,0.0
2010-11-19 00:00:00-05:00,12.08604126550386,12.13484905981051,12.018931275625723,12.128747940063477,98300,0.0,0.0,0.0
2010-11-22 00:00:00-05:00,12.110448350063598,12.11654947112329,12.00673161938854,12.104347229003906,105300,0.0,0.0,0.0
2010-11-23 00:00:00-05:00,11.970127802035686,11.994531126162787,11.921319990111453,11.976227760314941,98600,0.0,0.0,0.0
2010-11-24 00:00:00-05:00,12.061642893552042,12.092147341119597,12.031137282314406,12.08604621887207,101900,0.0,0.0,0.0
2010-11-26 00:00:00-05:00,12.012831222240678,12.061639020879927,11.98232562079758,12.018932342529297,35500,0.0,0.0,0.0
2010-11-29 00:00:00-05:00,11.970125472423659,12.012832154087084,11.878609824665121,12.006731033325195,135900,0.0,0.0,0.0
2010-11-30 00:00:00-05:00,11.939621438641806,11.970127046462657,11.89691475136257,11.933520317077637,90400,0.0,0.0,0.0
2010-12-01 00:00:00-05:00,12.079945096624542,12.11045070786218,12.049440649056988,12.08604621887207,135000,0.0,0.0,0.0
2010-12-02 00:00:00-05:00,12.055536670525504,12.189757812170987,12.055536670525504,12.183656692504883,225700,0.0,0.0,0.0
2010-12-03 00:00:00-05:00,12.122653051222885,12.201965313747403,12.122653051222885,12.189763069152832,410000,0.0,0.0,0.0
2010-12-06 00:00:00-05:00,12.122651835759738,12.177559603589854,12.122651835759738,12.153156280517578,417500,0.0,0.0,0.0
2010-12-07 00:00:00-05:00,12.201962196810252,12.24466887831192,12.159255515308583,12.165356636047363,235000,0.0,0.0,0.0
2010-12-08 00:00:00-05:00,12.153155306357876,12.18976086986709,12.110448621652147,12.140953063964844,332700,0.0,0.0,0.0
2010-12-09 00:00:00-05:00,12.165359681353271,12.183661884481335,12.092147377830756,12.110450744628906,124500,0.0,0.0,0.0
2010-12-10 00:00:00-05:00,12.153152257843962,12.183656692504883,12.116546703516939,12.183656692504883,341000,0.0,0.0,0.0
2010-12-13 00:00:00-05:00,12.19586181640625,12.220266300842816,12.183659574187967,12.19586181640625,107800,0.0,0.0,0.0
2010-12-14 00:00:00-05:00,12.220266321523603,12.244669642331601,12.189760715926269,12.208064079284668,118400,0.0,0.0,0.0
2010-12-15 00:00:00-05:00,12.189762066241487,12.201964309832118,12.110449810242377,12.122652053833008,127600,0.0,0.0,0.0
2010-12-16 00:00:00-05:00,12.110445583850835,12.183656692504883,12.09824334451863,12.183656692504883,91900,0.0,0.0,0.0
2010-12-17 00:00:00-05:00,12.147056376741931,12.195864191450118,12.122653051222885,12.189763069152832,140300,0.0,0.0,0.0
2010-12-20 00:00:00-05:00,12.189758369745451,12.244667285582384,12.177556129855102,12.226365089416504,188000,0.0,0.0,0.0
2010-12-21 00:00:00-05:00,12.287375685061228,12.287375685061228,12.232466761522302,12.269073486328125,146300,0.0,0.0,0.0
2010-12-22 00:00:00-05:00,12.281276294494521,12.323984146118164,12.262974093182931,12.323984146118164,129300,0.0,0.0,0.0
2010-12-23 00:00:00-05:00,12.330080520737589,12.348383880399822,12.305677204857576,12.336181640625,89900,0.0,0.0,0.0
2010-12-27 00:00:00-05:00,12.328155316658632,12.340508460998535,12.27256852325044,12.340508460998535,87700,0.247,0.0,0.0
2010-12-28 00:00:00-05:00,12.321976868261665,12.352858543395996,12.303447156344829,12.352858543395996,98900,0.0,0.0,0.0
2010-12-29 00:00:00-05:00,12.352859100241636,12.408447060437558,12.352859100241636,12.377565383911133,107500,0.0,0.0,0.0
2010-12-30 00:00:00-05:00,12.383740776768061,12.414623631354933,12.303447710963086,12.377565383911133,240500,0.0,0.0,0.0
2010-12-31 00:00:00-05:00,12.383738321795798,12.433149701278955,12.377562930163089,12.39609146118164,57800,0.0,0.0,0.0
2011-01-03 00:00:00-05:00,12.476391241549052,12.494919780813436,12.414626695192723,12.451684951782227,289100,0.0,0.0,0.0
2011-01-04 00:00:00-05:00,12.482563967126364,12.482563967126364,12.383741185309091,12.439329147338867,169800,0.0,0.0,0.0
2011-01-05 00:00:00-05:00,12.377565792248436,12.439329147338867,12.365212650006155,12.439329147338867,1208800,0.0,0.0,0.0
2011-01-06 00:00:00-05:00,12.414621170260403,12.439326270971875,12.377562930163089,12.39609146118164,268600,0.0,0.0,0.0
2011-01-07 00:00:00-05:00,12.402270489520184,12.439328736963985,12.328152816572139,12.377565383911133,217600,0.0,0.0,0.0
2011-01-10 00:00:00-05:00,12.303447361584952,12.408446708077783,12.297270790842973,12.383740425109863,151100,0.0,0.0,0.0
2011-01-11 00:00:00-05:00,12.408447469793652,12.445505718460009,12.383741185309091,12.439329147338867,262300,0.0,0.0,0.0
2011-01-12 00:00:00-05:00,12.476390284817096,12.538153648376465,12.476390284817096,12.538153648376465,155800,0.0,0.0,0.0
2011-01-13 00:00:00-05:00,12.513448338641194,12.575212879274416,12.488742051163655,12.550506591796875,215900,0.0,0.0,0.0
2011-01-14 00:00:00-05:00,12.519624711674735,12.606094360351562,12.519624711674735,12.606094360351562,172800,0.0,0.0,0.0
2011-01-18 00:00:00-05:00,12.569033632053554,12.612268447875977,12.569033632053554,12.612268447875977,189200,0.0,0.0,0.0
2011-01-19 00:00:00-05:00,12.599914725285874,12.606091295555514,12.476386854074049,12.501091957092285,103700,0.0,0.0,0.0
2011-01-20 00:00:00-05:00,12.501097303502027,12.513450449324441,12.439332752450785,12.49492073059082,103200,0.0,0.0,0.0
2011-01-21 00:00:00-05:00,12.544330396234896,12.618448082830284,12.513448714022203,12.556683540344238,94200,0.0,0.0,0.0
2011-01-24 00:00:00-05:00,12.569034785924591,12.655504425507583,12.569034785924591,12.64315128326416,48800,0.0,0.0,0.0
2011-01-25 00:00:00-05:00,12.62462274795951,12.64315128326416,12.569034785924591,12.64315128326416,86900,0.0,0.0,0.0
2011-01-26 00:00:00-05:00,12.69873885337709,12.71726856617034,12.643150893057786,12.711091995239258,169400,0.0,0.0,0.0
2011-01-27 00:00:00-05:00,12.735799990397734,12.772858242903668,12.704917131592284,12.766681671142578,136500,0.0,0.0,0.0
2011-01-28 00:00:00-05:00,12.766681692223248,12.772858263994538,12.606094360351562,12.606094360351562,61800,0.0,0.0,0.0
2011-01-31 00:00:00-05:00,12.661678118194265,12.711089497874566,12.636971839324007,12.674031257629395,77400,0.0,0.0,0.0
2011-02-01 00:00:00-05:00,12.760501885087951,12.84697151184082,12.735796782327265,12.84697151184082,175000,0.0,0.0,0.0
2011-02-02 00:00:00-05:00,12.834622783322889,12.853151320546806,12.809916496276855,12.809916496276855,188700,0.0,0.0,0.0
2011-02-03 00:00:00-05:00,12.809917424294499,12.853152251696606,12.76050602468342,12.840800285339355,192900,0.0,0.0,0.0
2011-02-04 00:00:00-05:00,12.853151497570314,12.853151497570314,12.766681847839486,12.828446388244629,156800,0.0,0.0,0.0
2011-02-07 00:00:00-05:00,12.853150921972059,12.896385744901304,12.828445813752737,12.877857208251953,132300,0.0,0.0,0.0
2011-02-08 00:00:00-05:00,13.075501233134805,13.075501233134805,12.834620860820573,12.884032249450684,2315700,0.0,0.0,0.0
2011-02-09 00:00:00-05:00,12.865500058389518,12.945793107672243,12.853146919096728,12.890206336975098,151400,0.0,0.0,0.0
2011-02-10 00:00:00-05:00,12.859323488743122,12.890206336975098,12.803735539985773,12.890206336975098,167500,0.0,0.0,0.0
2011-02-11 00:00:00-05:00,12.834621814948044,12.933444599554763,12.834621814948044,12.927268028259277,123300,0.0,0.0,0.0
2011-02-14 00:00:00-05:00,12.958151616330724,13.155797214671372,12.914916788951295,12.970504760742188,110800,0.0,0.0,0.0
2011-02-15 00:00:00-05:00,12.9519742918005,12.982857151035306,12.921092610626317,12.958150863647461,118800,0.0,0.0,0.0
2011-02-16 00:00:00-05:00,13.007561683654785,13.032267969947243,12.976680003849784,13.007561683654785,87600,0.0,0.0,0.0
2011-02-17 00:00:00-05:00,13.00755881866235,13.081676483154295,12.97667714565922,13.081676483154297,198300,0.0,0.0,0.0
2011-02-18 00:00:00-05:00,13.112558156157425,13.112558156157425,13.056970202303543,13.081676483154297,127800,0.0,0.0,0.0
2011-02-22 00:00:00-05:00,13.06932563387387,13.075502205169354,12.908738314372824,12.927268028259277,159400,0.0,0.0,0.0
2011-02-23 00:00:00-05:00,12.995211835362744,12.995211835362744,12.846976449583034,12.908740997314453,180400,0.0,0.0,0.0
2011-02-24 00:00:00-05:00,12.8840355096301,13.094034258961308,12.822270963698442,12.90256404876709,124400,0.0,0.0,0.0
2011-02-25 00:00:00-05:00,12.933445158602174,13.155795844548127,12.933445158602174,13.038444519042969,100200,0.0,0.0,0.0
2011-02-28 00:00:00-05:00,13.112562354961696,13.137268643723708,13.050797811117357,13.131092071533203,156700,0.0,0.0,0.0
2011-03-01 00:00:00-05:00,13.155793911344272,13.168147052653948,12.982854645250383,12.995207786560059,175000,0.0,0.0,0.0
2011-03-02 00:00:00-05:00,13.026090045889482,13.205205890670118,12.982855227427274,13.032266616821289,126000,0.0,0.0,0.0
2011-03-03 00:00:00-05:00,13.118739673860212,13.199033938846343,13.118739673860212,13.186680793762207,135200,0.0,0.0,0.0
2011-03-04 00:00:00-05:00,13.174326898806035,13.174326898806035,13.050797811117357,13.131092071533203,111800,0.0,0.0,0.0
2011-03-07 00:00:00-05:00,13.149621234851994,13.186679488375145,13.013739008499373,13.063150405883789,132400,0.0,0.0,0.0
2011-03-08 00:00:00-05:00,13.056970018136889,13.14961739196012,13.026088345569342,13.137264251708984,158400,0.0,0.0,0.0
2011-03-09 00:00:00-05:00,13.131094181827702,13.143447328193979,13.081682774423475,13.118741035461426,109800,0.0,0.0,0.0
2011-03-10 00:00:00-05:00,13.06315098770678,13.069327559912512,12.951975044124993,12.970504760742188,95500,0.0,0.0,0.0
2011-03-11 00:00:00-05:00,12.896387070109192,13.038445874695128,12.853152242737222,13.013739585876465,100500,0.0,0.0,0.0
2011-03-14 00:00:00-04:00,12.927268028259277,12.964326277971667,12.884033207251404,12.927268028259277,188400,0.0,0.0,0.0
2011-03-15 00:00:00-04:00,12.72344457792642,12.834620493679024,12.59991552085455,12.80373764038086,140400,0.0,0.0,0.0
2011-03-16 00:00:00-04:00,12.797560462636055,12.834619884835845,12.606091493511835,12.680209159851074,143700,0.0,0.0,0.0
2011-03-17 00:00:00-04:00,12.828447368122577,12.83462394044094,12.748153106044569,12.797564506530762,106700,0.0,0.0,0.0
2011-03-18 00:00:00-04:00,12.93962674260322,12.945802138497289,12.840803915443777,12.865509033203125,103000,0.0,0.0,0.0
2011-03-21 00:00:00-04:00,13.0260936570067,13.056975342166368,12.982858826558855,13.044623374938965,99000,0.0,0.0,0.0
2011-03-22 00:00:00-04:00,13.056971722488074,13.063148293419882,13.007560333094059,13.032266616821289,104900,0.0,0.0,0.0
2011-03-23 00:00:00-04:00,12.995211619967606,13.063151561091377,12.97050533006024,13.050798416137695,67900,0.0,0.0,0.0
2011-03-24 00:00:00-04:00,13.075506201240337,13.143447328193979,13.038447940202387,13.118741035461426,90700,0.0,0.0,0.0
2011-03-25 00:00:00-04:00,13.155626296997069,13.286931874840223,13.124362212318067,13.15562629699707,313800,0.259,0.0,0.0
2011-03-28 00:00:00-04:00,13.18063608253636,13.224404607522407,13.155626007945557,13.161877632141113,178000,0.0,0.0,0.0
2011-03-29 00:00:00-04:00,13.199398570664297,13.199398570664297,13.105607482599968,13.193145751953125,204300,0.0,0.0,0.0
2011-03-30 00:00:00-04:00,13.268178832161453,13.443254199916181,13.230663107858074,13.280684471130371,92100,0.0,0.0,0.0
2011-03-31 00:00:00-04:00,13.330707215620135,13.330707215620135,13.26818020690039,13.286938667297363,65000,0.0,0.0,0.0
2011-04-01 00:00:00-04:00,13.38697727209155,13.405735726698408,13.30569302066808,13.349461555480957,121200,0.0,0.0,0.0
2011-04-04 00:00:00-04:00,13.330703552212647,13.380724906921388,13.330703552212647,13.380724906921387,332700,0.0,0.0,0.0
2011-04-05 00:00:00-04:00,13.336955738477736,13.436998443153364,13.336955738477736,13.399482727050781,253300,0.0,0.0,0.0
2011-04-06 00:00:00-04:00,13.46826192747252,13.46826192747252,13.386976488205661,13.44325065612793,204200,0.0,0.0,0.0
2011-04-07 00:00:00-04:00,13.443255935588706,13.449508755880473,13.361971657002792,13.411993026733398,92300,0.0,0.0,0.0
2011-04-08 00:00:00-04:00,13.480768043388673,13.480768043388673,13.34320961173279,13.386978149414062,147000,0.0,0.0,0.0
2011-04-11 00:00:00-04:00,13.386980033179332,13.430748577019548,13.336958669847176,13.361969947814941,171000,0.0,0.0,0.0
2011-04-12 00:00:00-04:00,13.29318586640539,13.324448761243998,13.23065888412518,13.27442741394043,132000,0.0,0.0,0.0
2011-04-13 00:00:00-04:00,13.336954396220637,13.336954396220637,13.21190043166022,13.27442741394043,92100,0.0,0.0,0.0
2011-04-14 00:00:00-04:00,13.24941905845412,13.330703311159809,13.211902148648587,13.324450492858887,67700,0.0,0.0,0.0
2011-04-15 00:00:00-04:00,13.31194628957385,13.393230543749365,13.31194628957385,13.380724906921387,261800,0.0,0.0,0.0
2011-04-18 00:00:00-04:00,13.243166605138994,13.324450860084903,13.18689243148291,13.224408149719238,197600,0.0,0.0,0.0
2011-04-19 00:00:00-04:00,13.26818020690039,13.286938667297362,13.224411658577617,13.286938667297363,264300,0.0,0.0,0.0
2011-04-20 00:00:00-04:00,13.411992095180414,13.437002182006836,13.405739275322947,13.437002182006836,94700,0.0,0.0,0.0
2011-04-21 00:00:00-04:00,13.487016745215541,13.487016745215541,13.286931381116363,13.449501037597656,75900,0.0,0.0,0.0
2011-04-25 00:00:00-04:00,13.430747665367873,13.46826457977295,13.399484762633602,13.46826457977295,161200,0.0,0.0,0.0
2011-04-26 00:00:00-04:00,13.51203340494682,13.580812030930034,13.455759224758442,13.574559211730957,145300,0.0,0.0,0.0
2011-04-27 00:00:00-04:00,13.59331771349839,13.693360435802072,13.574559255840205,13.680854797363281,91500,0.0,0.0,0.0
2011-04-28 00:00:00-04:00,13.68710866926157,13.755888493361471,13.66209858306378,13.724625587463379,158800,0.0,0.0,0.0
2011-04-29 00:00:00-04:00,13.755882365702435,13.755882365702435,13.668345314099069,13.743376731872559,85000,0.0,0.0,0.0
2011-05-02 00:00:00-04:00,13.749631104847314,13.774642375337617,13.699609756469727,13.699609756469727,106000,0.0,0.0,0.0
2011-05-03 00:00:00-04:00,13.718371712679653,13.718371712679653,13.624581809595368,13.680854797363281,80000,0.0,0.0,0.0
2011-05-04 00:00:00-04:00,13.649587702158984,13.668346154056557,13.543292193278653,13.612071990966797,82000,0.0,0.0,0.0
2011-05-05 00:00:00-04:00,13.537036858747346,13.568300939429697,13.443247001905759,13.5120267868042,113900,0.0,0.0,0.0
2011-05-06 00:00:00-04:00,13.618327856104077,13.755886289663552,13.512032323434365,13.562053680419922,91000,0.0,0.0,0.0
2011-05-09 00:00:00-04:00,13.599569638058277,13.630832539495275,13.543295461389087,13.618328094482422,63200,0.0,0.0,0.0
2011-05-10 00:00:00-04:00,13.693354964934155,13.749629122822334,13.655839257209651,13.737123489379883,104100,0.0,0.0,0.0
2011-05-11 00:00:00-04:00,13.718367000991753,13.718367000991753,13.599565861833131,13.64333438873291,67700,0.0,0.0,0.0
2011-05-12 00:00:00-04:00,13.637086883975371,13.724625164478296,13.562055435091011,13.718372344970703,126700,0.0,0.0,0.0
2011-05-13 00:00:00-04:00,13.724623095131452,13.755885995352338,13.587063471911883,13.624580383300781,110600,0.0,0.0,0.0
2011-05-16 00:00:00-04:00,13.587064212954504,13.674602485033102,13.568306948840224,13.593317031860352,71000,0.0,0.0,0.0
2011-05-17 00:00:00-04:00,13.5870652736176,13.5870652736176,13.51828664549066,13.580812454223633,82900,0.0,0.0,0.0
2011-05-18 00:00:00-04:00,13.618328990375971,13.687107616582676,13.568307629224131,13.680854797363281,97900,0.0,0.0,0.0
2011-05-19 00:00:00-04:00,13.743381393483519,13.762139850591005,13.68085439572852,13.755887031555176,133000,0.0,0.0,0.0
2011-05-20 00:00:00-04:00,13.755887435392703,13.755887435392703,13.649591893869626,13.680854797363281,170100,0.0,0.0,0.0
2011-05-23 00:00:00-04:00,13.549549549857145,13.599570912405538,13.53079109167524,13.580812454223633,78200,0.0,0.0,0.0
2011-05-24 00:00:00-04:00,13.612076126925421,13.630833391919335,13.549549127537965,13.574559211730957,68000,0.0,0.0,0.0
2011-05-25 00:00:00-04:00,13.537042854310988,13.612075488577892,13.480768676761626,13.593317031860352,79000,0.0,0.0,0.0
2011-05-26 00:00:00-04:00,13.599569109041516,13.637084827827218,13.537042115996547,13.624580383300781,75000,0.0,0.0,0.0
2011-05-27 00:00:00-04:00,13.63708527842694,13.687106635995091,13.630832459655515,13.655843734741211,56300,0.0,0.0,0.0
2011-05-31 00:00:00-04:00,13.75588459509658,13.768390230953225,13.699610426344757,13.762137413024902,227300,0.0,0.0,0.0
2011-06-01 00:00:00-04:00,13.762139108362149,13.862181822333262,13.549548043022726,13.562053680419922,149800,0.0,0.0,0.0
2011-06-02 00:00:00-04:00,13.555797323839148,13.568302957972538,13.436996184777753,13.499523162841797,112700,0.0,0.0,0.0
2011-06-03 00:00:00-04:00,13.374475176035615,13.487023548263124,13.318200989921861,13.437002182006836,92100,0.0,0.0,0.0
2011-06-06 00:00:00-04:00,13.38697553482834,13.405733987000865,13.26817438960829,13.2994384765625,119700,0.0,0.0,0.0
2011-06-07 00:00:00-04:00,13.374470327345888,13.386975962527112,13.261921995920888,13.305691719055176,125300,0.0,0.0,0.0
2011-06-08 00:00:00-04:00,13.286936950370283,13.343211131686001,13.224409949730225,13.236915588378906,137800,0.0,0.0,0.0
2011-06-09 00:00:00-04:00,13.255674302145888,13.355717028059162,13.243168663255886,13.31820011138916,77200,0.0,0.0,0.0
2011-06-10 00:00:00-04:00,13.343206138781449,13.343206138781449,13.124362314732254,13.143120765686035,91800,0.0,0.0,0.0
2011-06-13 00:00:00-04:00,13.161875586205992,13.20564529699116,13.080591365667457,13.149371147155762,199100,0.0,0.0,0.0
2011-06-14 00:00:00-04:00,13.236915843810886,13.33695856972416,13.236915843810886,13.31820011138916,87100,0.0,0.0,0.0
2011-06-15 00:00:00-04:00,13.218153352124803,13.249417439809966,13.068089309045021,13.118110656738281,114900,0.0,0.0,0.0
2011-06-16 00:00:00-04:00,13.080595865509887,13.161880114010932,13.043080150248104,13.093101501464844,108000,0.0,0.0,0.0
2011-06-17 00:00:00-04:00,13.199396871513665,13.224406950535588,13.130617067148002,13.168132781982422,105600,0.0,0.0,0.0
2011-06-20 00:00:00-04:00,13.111858435792236,13.24941804265993,13.043079824961444,13.218153953552246,204200,0.0,0.0,0.0
2011-06-21 00:00:00-04:00,13.293187204257539,13.418239988800517,13.293187204257539,13.399482727050781,127400,0.0,0.0,0.0
2011-06-22 00:00:00-04:00,13.386976875987855,13.43699822752295,13.343208342470033,13.368218421936035,135000,0.0,0.0,0.0
2011-06-23 00:00:00-04:00,13.280680872596875,13.318196586734997,13.13061682344134,13.311944961547852,290400,0.0,0.0,0.0
2011-06-24 00:00:00-04:00,13.33474714235898,13.385425469802817,13.2270555455075,13.246060371398926,115000,0.276,0.0,0.0
2011-06-27 00:00:00-04:00,13.265071144545626,13.328419384318597,13.233396420525553,13.303079605102539,151800,0.0,0.0,0.0
2011-06-28 00:00:00-04:00,13.366426700473163,13.410770102037512,13.322083298908815,13.404435157775879,74400,0.0,0.0,0.0
2011-06-29 00:00:00-04:00,13.461446354056251,13.537464465104822,13.436106580951101,13.524794578552246,123500,0.0,0.0,0.0
2011-06-30 00:00:00-04:00,13.58180642536502,13.63248475795618,13.543796769721583,13.6198148727417,193900,0.0,0.0,0.0
2011-07-01 00:00:00-04:00,13.664161822113174,13.759183569440538,13.594478643548474,13.752848625183105,162000,0.0,0.0,0.0
2011-07-05 00:00:00-04:00,13.78452246057478,13.78452246057478,13.708504342638133,13.740179061889648,155200,0.0,0.0,0.0
2011-07-06 00:00:00-04:00,13.752847347464483,13.778187122140007,13.708503950049275,13.765517234802246,292000,0.0,0.0,0.0
2011-07-07 00:00:00-04:00,13.854205140626625,13.860538875984076,13.816195478880212,13.835200309753418,579400,0.0,0.0,0.0
2011-07-08 00:00:00-04:00,13.752845750116256,13.790855407714844,13.70216741491829,13.790855407714844,207800,0.0,0.0,0.0
2011-07-11 00:00:00-04:00,13.683167966150142,13.683167966150142,13.556471485394225,13.588146209716797,338100,0.0,0.0,0.0
2011-07-12 00:00:00-04:00,13.543799076250867,13.638822023275253,13.49312073502911,13.556468963623047,84000,0.0,0.0,0.0
2011-07-13 00:00:00-04:00,13.619819013211675,13.695837139341554,13.556470776147963,13.607149124145508,160600,0.0,0.0,0.0
2011-07-14 00:00:00-04:00,13.638820580789632,13.670494087603226,13.480450630187988,13.480450630187988,3108400,0.0,0.0,0.0
2011-07-15 00:00:00-04:00,13.543798446655273,13.550133390046879,13.474116485881439,13.543798446655273,200600,0.0,0.0,0.0
2011-07-18 00:00:00-04:00,13.480452004958531,13.480452004958531,13.341085660925378,13.398098945617676,332700,0.0,0.0,0.0
2011-07-19 00:00:00-04:00,13.417103827329957,13.569138850995227,13.417103827329957,13.556468963623047,486600,0.0,0.0,0.0
2011-07-20 00:00:00-04:00,13.54380065656409,13.607148892549604,13.54380065656409,13.569140434265137,206000,0.0,0.0,0.0
2011-07-21 00:00:00-04:00,13.645157340134885,13.727509193772322,13.619817564697524,13.702169418334961,315700,0.0,0.0,0.0
2011-07-22 00:00:00-04:00,13.708502529397245,13.721172415421991,13.651489250552727,13.670494079589844,181500,0.0,0.0,0.0
2011-07-25 00:00:00-04:00,13.581808021392657,13.6641598684306,13.531129682846176,13.594476699829102,178200,0.0,0.0,0.0
2011-07-26 00:00:00-04:00,13.607146663879487,13.64515632420558,13.556468325044936,13.562803268432617,284000,0.0,0.0,0.0
2011-07-27 00:00:00-04:00,13.518454172959064,13.518454172959064,13.309405962377898,13.322075843811035,181700,0.0,0.0,0.0
2011-07-28 00:00:00-04:00,13.315744405395415,13.410766124603715,13.284069693481507,13.29673957824707,112400,0.0,0.0,0.0
2011-07-29 00:00:00-04:00,13.220725943182888,13.303077797913438,13.106699368735194,13.233394622802734,219100,0.0,0.0,0.0
2011-08-01 00:00:00-04:00,13.404429651230402,13.429769417867341,13.157372967853126,13.252394676208496,134000,0.0,0.0,0.0
2011-08-02 00:00:00-04:00,13.208057152806967,13.23973066688898,12.967334096022068,12.992673873901367,728800,0.0,0.0,0.0
2011-08-03 00:00:00-04:00,13.00533993837453,13.043348385749264,12.834300112788092,13.011674880981445,471000,0.0,0.0,0.0
2011-08-04 00:00:00-04:00,12.859640410210199,12.9039850144424,12.460548638255737,12.498557090759277,503600,0.0,0.0,0.0
2011-08-05 00:00:00-04:00,12.561905491908044,12.71394051230468,12.055122090585925,12.397200584411621,570900,0.0,0.0,0.0
2011-08-08 00:00:00-04:00,12.042454340096663,12.093132689220388,11.529335904185546,11.542004585266113,683500,0.0,0.0,0.0
2011-08-09 00:00:00-04:00,11.687702558800392,12.245164239977873,11.567341060900658,12.232494354248047,546000,0.0,0.0,0.0
2011-08-10 00:00:00-04:00,12.029779903999724,12.238828166157065,11.890414798650395,11.934758186340332,203600,0.0,0.0,0.0
2011-08-11 00:00:00-04:00,11.97277218177793,12.504895497258483,11.97277218177793,12.371865272521973,204400,0.0,0.0,0.0
2011-08-12 00:00:00-04:00,12.460549434221804,12.549236231817583,12.378197580492436,12.428875923156738,187500,0.0,0.0,0.0
2011-08-15 00:00:00-04:00,12.51756251163555,12.72027587890625,12.511227567874968,12.72027587890625,255800,0.0,0.0,0.0
2011-08-16 00:00:00-04:00,12.612581181621609,12.688599279978886,12.536564291531015,12.644254684448242,130500,0.0,0.0,0.0
2011-08-17 00:00:00-04:00,12.713936805725098,12.802623573034284,12.644253655258403,12.713936805725098,93900,0.0,0.0,0.0
2011-08-18 00:00:00-04:00,12.454216928406616,12.637926711694814,12.219830000800501,12.314851760864258,275800,0.0,0.0,0.0
2011-08-19 00:00:00-04:00,12.16281477961496,12.397201670153853,12.13114005909143,12.156479835510254,196900,0.0,0.0,0.0
2011-08-22 00:00:00-04:00,12.384531471755462,12.384531471755462,12.093131299839811,12.131139755249023,110300,0.0,0.0,0.0
2011-08-23 00:00:00-04:00,12.188152271623505,12.428875293279699,12.124804044436772,12.416205406188965,113600,0.0,0.0,0.0
2011-08-24 00:00:00-04:00,12.422541044415961,12.549236297607422,12.3781976453856,12.549236297607422,109300,0.0,0.0,0.0
2011-08-25 00:00:00-04:00,12.663260298865204,12.821630239383678,12.346520417828254,12.365525245666504,279900,0.0,0.0,0.0
2011-08-26 00:00:00-04:00,12.321183196189166,12.536566435389336,12.169146973475137,12.49222183227539,147400,0.0,0.0,0.0
2011-08-29 00:00:00-04:00,12.61891933046682,12.827967643737793,12.61891933046682,12.827967643737793,180600,0.0,0.0,0.0
2011-08-30 00:00:00-04:00,12.802629051421397,12.90398695377539,12.713942246162143,12.86597728729248,166500,0.0,0.0,0.0
2011-08-31 00:00:00-04:00,12.954661375028605,13.018008383435863,12.872308330872395,12.935656547546387,228900,0.0,0.0,0.0
2011-09-01 00:00:00-04:00,12.973662583691224,13.005337290276314,12.80262279293127,12.821627616882324,216500,0.0,0.0,0.0
2011-09-02 00:00:00-04:00,12.618919777973385,12.682268010237449,12.504893201551479,12.574576377868652,154100,0.0,0.0,0.0
2011-09-06 00:00:00-04:00,12.289508874745259,12.454213781091088,12.20715702570581,12.44787883758545,317400,0.0,0.0,0.0
2011-09-07 00:00:00-04:00,12.587241596464343,12.713936805725098,12.517558445997649,12.713936805725098,137600,0.0,0.0,0.0
2011-09-08 00:00:00-04:00,12.65692823402501,12.726611410342182,12.549236601656213,12.574576377868652,124200,0.0,0.0,0.0
2011-09-09 00:00:00-04:00,12.485888830393383,12.492223774680392,12.276840501990463,12.321185111999512,153100,0.0,0.0,0.0
2011-09-12 00:00:00-04:00,12.238833627852912,12.314851760864258,12.1058034054171,12.314851760864258,175600,0.0,0.0,0.0
2011-09-13 00:00:00-04:00,12.365527692759612,12.460549434221804,12.276839686896835,12.428875923156738,86800,0.0,0.0,0.0
2011-09-14 00:00:00-04:00,12.517560876837068,12.650591053634555,12.34652104244017,12.568239212036133,98100,0.0,0.0,0.0
2011-09-15 00:00:00-04:00,12.688599829675285,12.751946838072875,12.593576900545427,12.726608276367188,142700,0.0,0.0,0.0
2011-09-16 00:00:00-04:00,12.770952939007305,12.891314441844695,12.663261322419503,12.73294448852539,117000,0.0,0.0,0.0
2011-09-19 00:00:00-04:00,12.530232253395756,12.682267277080197,12.416205683565684,12.63158893585205,133700,0.0,0.0,0.0
2011-09-20 00:00:00-04:00,12.682266969724218,12.745615196790892,12.59991391205746,12.60624885559082,244500,0.0,0.0,0.0
2011-09-21 00:00:00-04:00,12.63159145840729,12.675934864804018,12.289511680603027,12.289511680603027,166800,0.0,0.0,0.0
2011-09-22 00:00:00-04:00,12.004444141296652,12.09313093734877,11.795395830411676,11.966434478759766,292900,0.0,0.0,0.0
2011-09-23 00:00:00-04:00,11.928424676783758,12.06778979887223,11.77005472557406,12.01077651977539,260900,0.0,0.0,0.0
2011-09-26 00:00:00-04:00,12.123388949856503,12.207042366860959,11.92390678056623,12.200607299804688,164800,0.295,0.0,0.0
2011-09-27 00:00:00-04:00,12.406526484235895,12.509485108390251,12.284262657791244,12.316436767578125,395100,0.0,0.0,0.0
2011-09-28 00:00:00-04:00,12.380785765747172,12.380785765747172,12.07190990447998,12.07190990447998,80300,0.0,0.0,0.0
2011-09-29 00:00:00-04:00,12.290695444329113,12.348609813088713,12.059037969290719,12.194171905517578,171300,0.0,0.0,0.0
2011-09-30 00:00:00-04:00,12.09121157025751,12.181300029941797,12.026862144470217,12.026862144470215,86400,0.0,0.0,0.0
2011-10-03 00:00:00-04:00,11.9303415034402,12.08477942624468,11.621464430467734,11.634334564208984,541600,0.0,0.0,0.0
2011-10-04 00:00:00-04:00,11.505632327642685,11.743724822998047,11.248235864666043,11.743724822998047,431600,0.0,0.0,0.0
2011-10-05 00:00:00-04:00,11.769466531001724,11.96251359514444,11.717986004709477,11.95607852935791,257000,0.0,0.0,0.0
2011-10-06 00:00:00-04:00,11.949645525458068,12.200606997619145,11.898166217646475,12.181303024291992,102300,0.0,0.0,0.0
2011-10-07 00:00:00-04:00,12.239218329200872,12.290697640924975,12.097649301436881,12.1298246383667,112700,0.0,0.0,0.0
2011-10-10 00:00:00-04:00,12.335746146063027,12.477313995361328,12.335746146063027,12.477313995361328,66700,0.0,0.0,0.0
2011-10-11 00:00:00-04:00,12.445135146230797,12.522353497467956,12.419394877576034,12.496614456176758,63600,0.0,0.0,0.0
2011-10-12 00:00:00-04:00,12.586702704669646,12.72183665783476,12.586702704669646,12.644617080688477,282800,0.0,0.0,0.0
2011-10-13 00:00:00-04:00,12.593137771712131,12.657487214773447,12.483744086716959,12.644617080688477,72100,0.0,0.0,0.0
2011-10-14 00:00:00-04:00,12.773315731791458,12.792619705200195,12.683226022217786,12.792619705200195,72000,0.0,0.0,0.0
2011-10-17 00:00:00-04:00,12.760445133412317,12.760445133412317,12.54809284210205,12.54809284210205,59600,0.0,0.0,0.0
2011-10-18 00:00:00-04:00,12.573835121152806,12.818361557682236,12.503050603600014,12.754012107849121,64900,0.0,0.0,0.0
2011-10-19 00:00:00-04:00,12.773316628195584,12.83123100721314,12.657487870160475,12.689661979675293,86700,0.0,0.0,0.0
2011-10-20 00:00:00-04:00,12.715401023332587,12.8634038766141,12.57383323680638,12.72183609008789,111300,0.0,0.0,0.0
2011-10-21 00:00:00-04:00,12.844097859675612,12.927752494812012,12.818358821654465,12.927752494812012,103400,0.0,0.0,0.0
2011-10-24 00:00:00-04:00,12.953489166692016,13.107928276062012,12.934185198543155,13.107928276062012,127000,0.0,0.0,0.0
2011-10-25 00:00:00-04:00,13.043582526770521,13.043582526770521,12.889144601250553,12.934188842773438,109800,0.0,0.0,0.0
2011-10-26 00:00:00-04:00,13.050014166856442,13.10792852713872,12.889141216597496,13.0435791015625,109100,0.0,0.0,0.0
2011-10-27 00:00:00-04:00,13.352458684405162,13.494026479208216,13.28810924045339,13.416808128356934,350700,0.0,0.0,0.0
2011-10-28 00:00:00-04:00,13.391069437749056,13.455418889283358,13.333155054104555,13.410374641418457,147300,0.0,0.0,0.0
2011-10-31 00:00:00-04:00,13.288109393641642,13.313849662464515,13.159411731618,13.178715705871582,298200,0.0,0.0,0.0
2011-11-01 00:00:00-04:00,12.88914292863046,12.98566646613417,12.741138861937179,12.850532531738281,321000,0.0,0.0,0.0
2011-11-02 00:00:00-04:00,13.004970574381277,13.06932000918357,12.914882102076094,12.992101669311523,237700,0.0,0.0,0.0
2011-11-03 00:00:00-04:00,13.133672439255063,13.204456956417062,12.992104632294726,13.19802188873291,82000,0.0,0.0,0.0
2011-11-04 00:00:00-04:00,13.127234192381808,13.172278427898268,13.024275589097508,13.159409523010254,114800,0.0,0.0,0.0
2011-11-07 00:00:00-05:00,13.165840527512104,13.2237548828125,13.050013044274415,13.2237548828125,192000,0.0,0.0,0.0
2011-11-08 00:00:00-05:00,13.281673460225399,13.4168074080051,13.15297580659522,13.300978660583496,298600,0.0,0.0,0.0
2011-11-09 00:00:00-05:00,13.088626075574487,13.088626075574487,12.876273785802889,12.902012825012207,304600,0.0,0.0,0.0
2011-11-10 00:00:00-05:00,13.050017927925632,13.101497237750516,12.92131903968164,13.004972457885742,89600,0.0,0.0,0.0
2011-11-11 00:00:00-05:00,13.152975414894259,13.249498959083255,13.101496109502564,13.191584587097168,90200,0.0,0.0,0.0
2011-11-14 00:00:00-05:00,13.159412028942896,13.159412028942896,13.043583271350073,13.101497650146484,210700,0.0,0.0,0.0
2011-11-15 00:00:00-05:00,13.056454329517456,13.172281867939002,13.004973787067408,13.114367485046387,80900,0.0,0.0,0.0
2011-11-16 00:00:00-05:00,13.030708937652975,13.152972723198824,12.985664708073768,13.024273872375488,81300,0.0,0.0,0.0
2011-11-17 00:00:00-05:00,13.011404934245217,13.030710131846895,12.824792933548927,12.895577430725098,101900,0.0,0.0,0.0
2011-11-18 00:00:00-05:00,12.895578025581562,12.953491166331423,12.83766365746833,12.869837760925293,378900,0.0,0.0,0.0
2011-11-21 00:00:00-05:00,12.747575397326674,12.754010464217053,12.567398433850085,12.657486915588379,366800,0.0,0.0,0.0
2011-11-22 00:00:00-05:00,12.657488772968088,12.676793976472103,12.528789871002036,12.58670425415039,178700,0.0,0.0,0.0
2011-11-23 00:00:00-05:00,12.515918273498686,12.515918273498686,12.35504529428849,12.367914199829102,87100,0.0,0.0,0.0
2011-11-25 00:00:00-05:00,12.348612785339355,12.458006482953193,12.297133470424827,12.348612785339355,50500,0.0,0.0,0.0
2011-11-28 00:00:00-05:00,12.638186129624085,12.683230386227862,12.567402823831266,12.63175106048584,259000,0.0,0.0,0.0
2011-11-29 00:00:00-05:00,12.631748877094386,12.71540353406797,12.631748877094386,12.663924217224121,109400,0.0,0.0,0.0
2011-11-30 00:00:00-05:00,12.953493826050181,13.082192721030307,12.92131971598696,13.06932258605957,237100,0.0,0.0,0.0
2011-12-01 00:00:00-05:00,13.075758635049795,13.114367815496502,13.017844250697877,13.0564546585083,137500,0.0,0.0,0.0
2011-12-02 00:00:00-05:00,13.133672033549633,13.185151346068958,13.0628875185742,13.06932258605957,186700,0.0,0.0,0.0
2011-12-05 00:00:00-05:00,13.210891041900172,13.236630083359472,13.101497354130112,13.178715705871582,109200,0.0,0.0,0.0
2011-12-06 00:00:00-05:00,13.19801965369156,13.230193759300073,13.120800081922292,13.191584587097168,162000,0.0,0.0,0.0
2011-12-07 00:00:00-05:00,13.165841498755508,13.23662598875845,13.07575304047045,13.21088695526123,85200,0.0,0.0,0.0
2011-12-08 00:00:00-05:00,13.146541143783832,13.146541143783832,12.908448574838344,12.934188842773438,126900,0.0,0.0,0.0
2011-12-09 00:00:00-05:00,12.979229427374744,13.140102374552239,12.940620263713837,13.107928276062012,122700,0.0,0.0,0.0
2011-12-12 00:00:00-05:00,13.05645620015809,13.05645620015809,12.869842889131036,12.979236602783203,201900,0.0,0.0,0.0
2011-12-13 00:00:00-05:00,13.037150935893106,13.095065326825297,12.844102556997852,12.856972694396973,258100,0.0,0.0,0.0
2011-12-14 00:00:00-05:00,12.837665527710595,12.876274702956366,12.766881016957058,12.786186218261719,64300,0.0,0.0,0.0
2011-12-15 00:00:00-05:00,12.934184994096054,12.972794157146676,12.850530375562679,12.91487979888916,166700,0.0,0.0,0.0
2011-12-16 00:00:00-05:00,12.972798017312545,13.011407191851655,12.889144601250553,12.934188842773438,116400,0.0,0.0,0.0
2011-12-19 00:00:00-05:00,12.992102491755709,13.017841530887965,12.786185269243814,12.818359375,164600,0.0,0.0,0.0
2011-12-20 00:00:00-05:00,12.979233473746573,13.10149729537981,12.966363339392851,13.075757026672363,252200,0.0,0.0,0.0
2011-12-21 00:00:00-05:00,13.107928366545964,13.217322020476333,13.062882910040244,13.21088695526123,124800,0.0,0.0,0.0
2011-12-22 00:00:00-05:00,13.255934718393755,13.352458267626789,13.217325544173248,13.288108825683594,102400,0.0,0.0,0.0
2011-12-23 00:00:00-05:00,13.344855487227552,13.39051342010498,13.318766483920488,13.39051342010498,172600,0.277,0.0,0.0
2011-12-27 00:00:00-05:00,13.397032646542938,13.416599083138996,13.325285728220967,13.40355396270752,154300,0.0,0.0,0.0
2011-12-28 00:00:00-05:00,13.377465051721025,13.390510172236196,13.233972458207642,13.240493774414062,66300,0.0,0.0,0.0
2011-12-29 00:00:00-05:00,13.2861524616031,13.37094326173399,13.201360417420972,13.351375579833984,133200,0.0,0.0,0.0
2011-12-30 00:00:00-05:00,13.364421175616915,13.383988858211692,13.325287054478645,13.338332176208496,175100,0.0,0.0,0.0
2012-01-03 00:00:00-05:00,13.520957083397503,13.566613759252261,13.462255287569638,13.481822967529297,230400,0.0,0.0,0.0
2012-01-04 00:00:00-05:00,13.462257762459528,13.501393129573458,13.403555955839972,13.488348007202148,252600,0.0,0.0,0.0
2012-01-05 00:00:00-05:00,13.45573396689298,13.553571131651236,13.37094316736055,13.514435768127441,457900,0.0,0.0,0.0
2012-01-06 00:00:00-05:00,13.560094167795103,13.560094167795103,13.462256999605671,13.501392364501953,577300,0.0,0.0,0.0
2012-01-09 00:00:00-05:00,13.534006885961158,13.534006885961158,13.468782507579952,13.52096176147461,203000,0.0,0.0,0.0
2012-01-10 00:00:00-05:00,13.631844335520556,13.664457150335132,13.605755327720576,13.618799209594727,390000,0.0,0.0,0.0
2012-01-11 00:00:00-05:00,13.599232764757662,13.631844335520556,13.540530942143107,13.618799209594727,134500,0.0,0.0,0.0
2012-01-12 00:00:00-05:00,13.631839178489672,13.703586099887639,13.573137378082466,13.657929420471191,821900,0.0,0.0,0.0
2012-01-13 00:00:00-05:00,13.612272644372393,13.618793960770244,13.507912921238752,13.60575008392334,159500,0.0,0.0,0.0
2012-01-17 00:00:00-05:00,13.723150628027494,13.742717060966388,13.664448841108957,13.684015274047852,227100,0.0,0.0,0.0
2012-01-18 00:00:00-05:00,13.7035860103828,13.788376808166504,13.670973208118912,13.788376808166504,192600,0.0,0.0,0.0
2012-01-19 00:00:00-05:00,13.834035296463886,13.957961473171,13.762289610203023,13.860125541687012,2139700,0.0,0.0,0.0
2012-01-20 00:00:00-05:00,13.820992174073012,13.892737864259201,13.81446961241037,13.879693984985352,443200,0.0,0.0,0.0
2012-01-23 00:00:00-05:00,13.886217397972302,13.951440530494494,13.860127149722219,13.918828964233398,246400,0.0,0.0,0.0
2012-01-24 00:00:00-05:00,13.834036334418684,13.91230583190918,13.820992454879816,13.91230583190918,195600,0.0,0.0,0.0
2012-01-25 00:00:00-05:00,13.892736522707557,14.01014013319516,13.840557278496545,13.97752857208252,362300,0.0,0.0,0.0
2012-01-26 00:00:00-05:00,14.036230566851343,14.10145493400863,13.957961077452332,13.99057388305664,250400,0.0,0.0,0.0
2012-01-27 00:00:00-05:00,13.957957546994916,13.957957546994916,13.892733196335156,13.931868553161621,168000,0.0,0.0,0.0
2012-01-30 00:00:00-05:00,13.853603738334787,13.879693984985352,13.775335486485956,13.879693984985352,179500,0.0,0.0,0.0
2012-01-31 00:00:00-05:00,13.938394361877599,13.990573605758954,13.840557191055169,13.892736434936523,162100,0.0,0.0,0.0
2012-02-01 00:00:00-05:00,13.990578341881166,14.075369175372712,13.990578341881166,14.049280166625977,185700,0.0,0.0,0.0
2012-02-02 00:00:00-05:00,14.075369175372712,14.088414301771943,14.029712477027132,14.049280166625977,607400,0.0,0.0,0.0
2012-02-03 00:00:00-05:00,14.179720878601074,14.225377554987674,14.140586762277009,14.179720878601074,262200,0.0,0.0,0.0
2012-02-06 00:00:00-05:00,14.16015672569767,14.16015672569767,14.121022599625322,14.147112846374512,194400,0.0,0.0,0.0
2012-02-07 00:00:00-05:00,14.147108561968212,14.205810355324802,14.114495763408405,14.192765235900879,295900,0.0,0.0,0.0
2012-02-08 00:00:00-05:00,14.212335397276034,14.244946957480515,14.147111032815795,14.19929027557373,272700,0.0,0.0,0.0
2012-02-09 00:00:00-05:00,14.238426020712247,14.244948582307384,14.153635208078304,14.225380897521973,263800,0.0,0.0,0.0
2012-02-10 00:00:00-05:00,14.160158554368437,14.160158554368437,14.081890292116025,14.094935417175293,289300,0.0,0.0,0.0
2012-02-13 00:00:00-05:00,14.160156525622021,14.244948582307384,14.160156525622021,14.225380897521973,204000,0.0,0.0,0.0
2012-02-14 00:00:00-05:00,14.218855949322665,14.225378509823004,14.140587711421013,14.212334632873535,214700,0.0,0.0,0.0
2012-02-15 00:00:00-05:00,14.277556024054254,14.284078583766217,14.173197556764995,14.192765235900879,145900,0.0,0.0,0.0
2012-02-16 00:00:00-05:00,14.231899278393772,14.355825424194336,14.199287724049388,14.355825424194336,2304200,0.0,0.0,0.0
2012-02-17 00:00:00-05:00,14.401481059856094,14.434092611849879,14.375392067071258,14.427571296691895,192100,0.0,0.0,0.0
2012-02-21 00:00:00-05:00,14.466711153884084,14.47323371568371,14.362352653192973,14.394964218139648,239600,0.0,0.0,0.0
2012-02-22 00:00:00-05:00,14.394961260192355,14.394961260192355,14.310170462323356,14.342782020568848,157500,0.0,0.0,0.0
2012-02-23 00:00:00-05:00,14.355826477207458,14.408005714416504,14.310169800155936,14.408005714416504,319000,0.0,0.0,0.0
2012-02-24 00:00:00-05:00,14.44713773026778,14.46670540789463,14.414526178273993,14.427571296691895,235100,0.0,0.0,0.0
2012-02-27 00:00:00-05:00,14.381919943960346,14.453666883942274,14.323218128348138,14.434099197387695,191800,0.0,0.0,0.0
2012-02-28 00:00:00-05:00,14.46018123626709,14.479748911711997,14.408002012464829,14.46018123626709,145200,0.0,0.0,0.0
2012-02-29 00:00:00-05:00,14.48627356411942,14.525408924026939,14.381915092468262,14.381915092468262,142600,0.0,0.0,0.0
2012-03-01 00:00:00-05:00,14.440621759572554,14.473234570496855,14.401487630514927,14.434099197387695,139300,0.0,0.0,0.0
2012-03-02 00:00:00-05:00,14.447144810763204,14.447144810763204,14.349308862781825,14.388442993164062,179600,0.0,0.0,0.0
2012-03-05 00:00:00-05:00,14.381913950018598,14.401481628417967,14.323212158871499,14.401481628417969,94500,0.0,0.0,0.0
2012-03-06 00:00:00-05:00,14.251471345268397,14.257993906955694,14.09493359692757,14.147112846374512,428000,0.0,0.0,0.0
2012-03-07 00:00:00-05:00,14.134067523292893,14.225380897521973,14.055798028202668,14.225380897521973,180000,0.0,0.0,0.0
2012-03-08 00:00:00-05:00,14.310171606708545,14.32321548461914,14.231902118988465,14.32321548461914,135800,0.0,0.0,0.0
2012-03-09 00:00:00-05:00,14.329737659840388,14.388439463037356,14.310171221475578,14.362350463867188,181200,0.0,0.0,0.0
2012-03-12 00:00:00-04:00,14.362347983873423,14.3753931032316,14.316691310170862,14.355825424194336,166400,0.0,0.0,0.0
2012-03-13 00:00:00-04:00,14.421048003308007,14.531929016113281,14.388435208923573,14.531929016113281,267500,0.0,0.0,0.0
2012-03-14 00:00:00-04:00,14.531929755933167,14.5449736303001,14.408003619065044,14.427571296691895,111000,0.0,0.0,0.0
2012-03-15 00:00:00-04:00,14.466705895161201,14.473228454589844,14.401481544925785,14.473228454589844,341600,0.0,0.0,0.0
2012-03-16 00:00:00-04:00,14.499321749313888,14.531934556131322,14.453665063820855,14.486276626586914,188500,0.0,0.0,0.0
2012-03-19 00:00:00-04:00,14.460189136781864,14.56454764140403,14.45366657473654,14.525413513183594,264200,0.0,0.0,0.0
2012-03-20 00:00:00-04:00,14.466710186547829,14.499321749313888,14.427576062418284,14.486276626586914,132300,0.0,0.0,0.0
2012-03-21 00:00:00-04:00,14.479751014018488,14.50584000768205,14.440615657446632,14.473228454589844,162300,0.0,0.0,0.0
2012-03-22 00:00:00-04:00,14.401489551380541,14.401489551380541,14.323220038774194,14.37540054321289,159400,0.0,0.0,0.0
2012-03-23 00:00:00-04:00,14.355830091393347,14.414531903538528,14.310173402847418,14.394964218139648,206200,0.0,0.0,0.0
2012-03-26 00:00:00-04:00,14.503889500138525,14.536898653350033,14.464279775455163,14.52369499206543,228800,0.265,0.0,0.0
2012-03-27 00:00:00-04:00,14.517093932476355,14.536899425455196,14.477484205689182,14.484086036682129,401900,0.0,0.0,0.0
2012-03-28 00:00:00-04:00,14.48408685213464,14.510492918422578,14.35205274318321,14.431273460388184,300200,0.0,0.0,0.0
2012-03-29 00:00:00-04:00,14.37185976951985,14.404867670691525,14.266232974765634,14.398265838623047,246900,0.0,0.0,0.0
2012-03-30 00:00:00-04:00,14.464281857154013,14.464281857154013,14.391662968807838,14.42467212677002,235700,0.0,0.0,0.0
2012-04-02 00:00:00-04:00,14.42466864942614,14.556701471933943,14.398261329422386,14.517091751098633,235100,0.0,0.0,0.0
2012-04-03 00:00:00-04:00,14.517093932476355,14.536899425455196,14.431272647909061,14.484086036682129,207400,0.0,0.0,0.0
2012-04-04 00:00:00-04:00,14.391663873536295,14.398265705543754,14.319046239795654,14.345452308654785,523700,0.0,0.0,0.0
2012-04-05 00:00:00-04:00,14.332248011713615,14.352053506861363,14.279434617156939,14.299240112304688,264800,0.0,0.0,0.0
2012-04-09 00:00:00-04:00,14.173808509941894,14.213419502143065,14.094589043880976,14.19361400604248,159400,0.0,0.0,0.0
2012-04-10 00:00:00-04:00,14.180412069994892,14.193615735670942,13.936150550842285,13.936150550842285,2989600,0.0,0.0,0.0
2012-04-11 00:00:00-04:00,14.054978954557912,14.081385022851922,14.015367963360879,14.02196979522705,299700,0.0,0.0,0.0
2012-04-12 00:00:00-04:00,14.035169590493481,14.193609734099265,14.028567760446949,14.187007904052734,151400,0.0,0.0,0.0
2012-04-13 00:00:00-04:00,14.16060208279168,14.16060208279168,14.061575889587402,14.061575889587402,253100,0.0,0.0,0.0
2012-04-16 00:00:00-04:00,14.13419510170906,14.160602422976687,14.054975656246944,14.107789039611816,263500,0.0,0.0,0.0
2012-04-17 00:00:00-04:00,14.173808189048309,14.266232576254515,14.134198456914609,14.239825248718262,165000,0.0,0.0,0.0
2012-04-18 00:00:00-04:00,14.180410341975422,14.22662190703941,14.167206677908366,14.19361400604248,172500,0.0,0.0,0.0
2012-04-19 00:00:00-04:00,14.193608129258754,14.233217845889031,14.101185037398041,14.14079475402832,178500,0.0,0.0,0.0
2012-04-20 00:00:00-04:00,14.206817348468626,14.27943498085196,14.206817348468626,14.239825248718262,117700,0.0,0.0,0.0
2012-04-23 00:00:00-04:00,14.11439074809933,14.147399902343748,14.054976788800342,14.14739990234375,111800,0.0,0.0,0.0
2012-04-24 00:00:00-04:00,14.167204500459846,14.246425213515536,14.160603928611513,14.226619720458984,167600,0.0,0.0,0.0
2012-04-25 00:00:00-04:00,14.279435290696338,14.352054183826084,14.272834717839732,14.33224868774414,80700,0.0,0.0,0.0
2012-04-26 00:00:00-04:00,14.312444949053662,14.424673579083299,14.29924128453941,14.418071746826172,245800,0.0,0.0,0.0
2012-04-27 00:00:00-04:00,14.451079823546896,14.464283488220682,14.378462186182608,14.457681655883789,201500,0.0,0.0,0.0
2012-04-30 00:00:00-04:00,14.437871932983398,14.47087982295714,14.398260954010562,14.437871932983398,197400,0.0,0.0,0.0
2012-05-01 00:00:00-04:00,14.444472880258633,14.589710621938634,14.437872309428016,14.517091751098633,103000,0.0,0.0,0.0
2012-05-02 00:00:00-04:00,14.424668005973682,14.470879554748535,14.385058286905275,14.470879554748535,152100,0.0,0.0,0.0
2012-05-03 00:00:00-04:00,14.484085793370816,14.484085793370816,14.345449863188822,14.365255355834961,146300,0.0,0.0,0.0
2012-05-04 00:00:00-04:00,14.312440805381982,14.312440805381982,14.193610377498453,14.233220100402832,142500,0.0,0.0,0.0
2012-05-07 00:00:00-04:00,14.213415602944073,14.246423494885873,14.160602220334972,14.220017433166504,264200,0.0,0.0,0.0
2012-05-08 00:00:00-04:00,14.2002136555541,14.226619720458984,14.101188708612375,14.226619720458984,103700,0.0,0.0,0.0
2012-05-09 00:00:00-04:00,14.10778598881356,14.173801759366,14.028565301312476,14.114386558532715,215000,0.0,0.0,0.0
2012-05-10 00:00:00-04:00,14.213415602944073,14.259627155330739,14.160602220334972,14.220017433166504,119000,0.0,0.0,0.0
2012-05-11 00:00:00-04:00,14.173808509941894,14.279435304136927,14.167206677908366,14.19361400604248,127000,0.0,0.0,0.0
2012-05-14 00:00:00-04:00,14.094586269667131,14.094586269667131,14.015365560028382,14.028569221496582,95100,0.0,0.0,0.0
2012-05-15 00:00:00-04:00,13.995565787213648,14.035175525070933,13.896539553814137,13.936150550842285,146900,0.0,0.0,0.0
2012-05-16 00:00:00-04:00,13.96255074117078,14.028567782569882,13.876729468771183,13.883331298828125,223600,0.0,0.0,0.0
2012-05-17 00:00:00-04:00,13.88993306876625,13.903135469652662,13.65227222442627,13.65227222442627,456800,0.0,0.0,0.0
2012-05-18 00:00:00-04:00,13.698483050428568,13.71168670978647,13.493831367062128,13.526839256286621,197000,0.0,0.0,0.0
2012-05-21 00:00:00-04:00,13.559856278025475,13.738100746171309,13.526847110464399,13.724898338317871,184500,0.0,0.0,0.0
2012-05-22 00:00:00-04:00,13.751298447774754,13.837119727861621,13.665477167687888,13.744696617126465,150600,0.0,0.0,0.0
2012-05-23 00:00:00-04:00,13.67867956981402,13.744696617126465,13.559850395656154,13.744696617126465,110700,0.0,0.0,0.0
2012-05-24 00:00:00-04:00,13.757899510560842,13.80411106334924,13.678678806373322,13.784305572509766,97200,0.0,0.0,0.0
2012-05-25 00:00:00-04:00,13.784306717898149,13.817315872040124,13.744696992098259,13.777706146240234,88000,0.0,0.0,0.0
2012-05-29 00:00:00-04:00,13.850322148543409,13.922941019999453,13.810712427372081,13.883331298828125,97800,0.0,0.0,0.0
2012-05-30 00:00:00-04:00,13.797511780142386,13.797511780142386,13.672079500011193,13.691884994506836,102000,0.0,0.0,0.0
2012-05-31 00:00:00-04:00,13.691884082039039,13.744697471337172,13.586257303442771,13.678680419921875,130900,0.0,0.0,0.0
2012-06-01 00:00:00-04:00,13.520238621881559,13.526840452144153,13.394807624403384,13.401408195495605,219900,0.0,0.0,0.0
2012-06-04 00:00:00-04:00,13.427817788019057,13.467427517124701,13.262775781046523,13.341995239257812,170400,0.0,0.0,0.0
2012-06-05 00:00:00-04:00,13.302379527116987,13.50043060190859,13.242964330596507,13.493828773498535,125900,0.0,0.0,0.0
2012-06-06 00:00:00-04:00,13.566450967133997,13.751298447774754,13.533443073062998,13.744696617126465,172800,0.0,0.0,0.0
2012-06-07 00:00:00-04:00,13.883332542399645,13.942747759063801,13.744696617126465,13.744696617126465,123200,0.0,0.0,0.0
2012-06-08 00:00:00-04:00,13.731492189441543,13.80411106334924,13.665476404984046,13.784305572509766,93000,0.0,0.0,0.0
2012-06-11 00:00:00-04:00,13.909737339603982,13.982356210954142,13.632466773468307,13.639068603515625,135600,0.0,0.0,0.0
2012-06-12 00:00:00-04:00,13.685281773813186,13.784306717898149,13.619264724699716,13.777706146240234,100100,0.0,0.0,0.0
2012-06-13 00:00:00-04:00,13.7513010904167,13.817318150415904,13.672080366583517,13.718293190002441,240900,0.0,0.0,0.0
2012-06-14 00:00:00-04:00,13.738097778513412,13.817318504376003,13.691886213081366,13.797513008117676,159000,0.0,0.0,0.0
2012-06-15 00:00:00-04:00,13.823918208754925,13.91634132539372,13.810714546614948,13.90973949432373,201400,0.0,0.0,0.0
2012-06-18 00:00:00-04:00,13.843720853363266,13.903136067001036,13.804111130661546,13.863526344299316,190800,0.0,0.0,0.0
2012-06-19 00:00:00-04:00,13.949347630346818,14.13419510170906,13.949347630346818,14.107789039611816,188400,0.0,0.0,0.0
2012-06-20 00:00:00-04:00,14.094586372375488,14.127594267116061,14.021967492941661,14.094586372375488,154200,0.0,0.0,0.0
2012-06-21 00:00:00-04:00,14.107790132637101,14.127594365951806,13.777706146240234,13.777706146240234,111300,0.0,0.0,0.0
2012-06-22 00:00:00-04:00,13.856920963148042,13.929539818801247,13.810709421976023,13.830514907836914,146900,0.0,0.0,0.0
2012-06-25 00:00:00-04:00,13.739368570138081,13.739368570138081,13.585219863711352,13.638836860656738,167600,0.314,0.0,0.0
2012-06-26 00:00:00-04:00,13.63883902382455,13.746073034723013,13.591924303847753,13.71256160736084,169400,0.0,0.0,0.0
2012-06-27 00:00:00-04:00,13.752774298402485,13.906923017824923,13.746072013428012,13.893518447875977,73500,0.0,0.0,0.0
2012-06-28 00:00:00-04:00,13.81309500072855,13.947136878967285,13.759477993767,13.947136878967285,184900,0.0,0.0,0.0
2012-06-29 00:00:00-04:00,14.141497873323637,14.228625021298916,14.141497873323637,14.21522045135498,146800,0.0,0.0,0.0
2012-07-02 00:00:00-04:00,14.282240672495549,14.349262237548828,14.22862367611893,14.349262237548828,315300,0.0,0.0,0.0
2012-07-03 00:00:00-04:00,14.355962244501091,14.48330307006836,14.355962244501091,14.48330307006836,128200,0.0,0.0,0.0
2012-07-05 00:00:00-04:00,14.463201110163347,14.51011583062081,14.369371669248421,14.443094253540039,169500,0.0,0.0,0.0
2012-07-06 00:00:00-04:00,14.322456144637561,14.342561721801758,14.268839141649394,14.342561721801758,73700,0.0,0.0,0.0
2012-07-09 00:00:00-04:00,14.329154902365865,14.329154902365865,14.242027765559401,14.295644760131836,84300,0.0,0.0,0.0
2012-07-10 00:00:00-04:00,14.355967747533786,14.382775612580547,14.121392856305622,14.18171215057373,100300,0.0,0.0,0.0
2012-07-11 00:00:00-04:00,14.195111274719237,14.221919129478165,14.12808972032718,14.195111274719238,115200,0.0,0.0,0.0
2012-07-12 00:00:00-04:00,14.14150251629432,14.201821822516052,14.034268478195813,14.148204803466797,259300,0.0,0.0,0.0
2012-07-13 00:00:00-04:00,14.161602716440436,14.302348136901855,14.074475572977715,14.302348136901855,158800,0.0,0.0,0.0
2012-07-16 00:00:00-04:00,14.28224264827022,14.34256193732961,14.22192335921083,14.322456359863281,120000,0.0,0.0,0.0
2012-07-17 00:00:00-04:00,14.38277414966601,14.456498008123985,14.28224242888798,14.449795722961426,184200,0.0,0.0,0.0
2012-07-18 00:00:00-04:00,14.389477314876732,14.543627326382927,14.389477314876732,14.523520469665527,116300,0.0,0.0,0.0
2012-07-19 00:00:00-04:00,14.557032804611106,14.5771396643471,14.496713503733579,14.536927223205566,154900,0.0,0.0,0.0
2012-07-20 00:00:00-04:00,14.48330307006836,14.496706358288735,14.429686082197376,14.48330307006836,233000,0.0,0.0,0.0
2012-07-23 00:00:00-04:00,14.315751075744629,14.355963500583817,14.215218096151753,14.315751075744629,222100,0.0,0.0,0.0
2012-07-24 00:00:00-04:00,14.329153105173528,14.355962238262281,14.114685153782803,14.195111274719238,218800,0.0,0.0,0.0
2012-07-25 00:00:00-04:00,14.248730577361533,14.248730577361533,14.11468744680128,14.168304443359375,210100,0.0,0.0,0.0
2012-07-26 00:00:00-04:00,14.349260469783259,14.4028774595545,14.28223891298674,14.355962753295898,227800,0.0,0.0,0.0
2012-07-27 00:00:00-04:00,14.449798829136876,14.624054445831431,14.36267165995483,14.57043743133545,251200,0.0,0.0,0.0
2012-07-30 00:00:00-04:00,14.570435589370414,14.677669604806068,14.570435589370414,14.650861740112305,128700,0.0,0.0,0.0
2012-07-31 00:00:00-04:00,14.71788327005716,14.71788327005716,14.603948237681422,14.617351531982422,239500,0.0,0.0,0.0
2012-08-01 00:00:00-04:00,14.684366198908437,14.704473048383079,14.577132225036621,14.577132225036621,219300,0.0,0.0,0.0
2012-08-02 00:00:00-04:00,14.50341074604192,14.530219883032391,14.36266661183198,14.41628360748291,137200,0.0,0.0,0.0
2012-08-03 00:00:00-04:00,14.610649031853056,14.71118204678699,14.597245737748201,14.684372901916504,102800,0.0,0.0,0.0
2012-08-06 00:00:00-04:00,14.744692122581014,14.79830913371173,14.737989836398377,14.758096694946289,153900,0.0,0.0,0.0
2012-08-07 00:00:00-04:00,14.78489945407603,14.865325582155029,14.78489945407603,14.818410873413086,153900,0.0,0.0,0.0
2012-08-08 00:00:00-04:00,14.79830674114229,14.845221458505263,14.778199885845227,14.811711311340332,185900,0.0,0.0,0.0
2012-08-09 00:00:00-04:00,14.811710696571556,14.878732266449822,14.811710696571556,14.858625411987305,98700,0.0,0.0,0.0
2012-08-10 00:00:00-04:00,14.831814712018488,14.918943127191136,14.784900001539363,14.905538558959961,106900,0.0,0.0,0.0
2012-08-13 00:00:00-04:00,14.912238514600448,14.925643080738563,14.82511139136227,14.885429382324219,157600,0.0,0.0,0.0
2012-08-14 00:00:00-04:00,14.952458735575544,14.952458735575544,14.872033853447725,14.892139434814453,102600,0.0,0.0,0.0
2012-08-15 00:00:00-04:00,14.912240028381348,14.91894231213077,14.865325320465294,14.912240028381348,104800,0.0,0.0,0.0
2012-08-16 00:00:00-04:00,14.96585337720687,15.039577202175495,14.918938680710326,15.026172637939453,179900,0.0,0.0,0.0
2012-08-17 00:00:00-04:00,15.052983283996584,15.066387850722366,15.012770862149077,15.052983283996582,115100,0.0,0.0,0.0
2012-08-20 00:00:00-04:00,15.032880506106679,15.052986081602143,14.939051078247633,15.019475936889648,253600,0.0,0.0,0.0
2012-08-21 00:00:00-04:00,15.052986081602143,15.133412218574236,14.985965792177156,15.019475936889648,210100,0.0,0.0,0.0
2012-08-22 00:00:00-04:00,14.985965312654818,14.985965312654818,14.87873131901003,14.965858459472656,264200,0.0,0.0,0.0
2012-08-23 00:00:00-04:00,14.932350501900105,14.94575379432039,14.83181749960149,14.872031211853027,143300,0.0,0.0,0.0
2012-08-24 00:00:00-04:00,14.851921564365249,14.925645411306723,14.805006853886123,14.905538558959961,133300,0.0,0.0,0.0
2012-08-27 00:00:00-04:00,14.939049979537899,14.9457509853235,14.8854317066132,14.905538558959961,177600,0.0,0.0,0.0
2012-08-28 00:00:00-04:00,14.898839821195883,14.979265971396677,14.898839821195883,14.939053535461426,207900,0.0,0.0,0.0
2012-08-29 00:00:00-04:00,14.945755004882812,14.965861862637178,14.89213799586817,14.945755004882812,146600,0.0,0.0,0.0
2012-08-30 00:00:00-04:00,14.905542584650226,14.905542584650226,14.80501085242477,14.838521003723145,107900,0.0,0.0,0.0
2012-08-31 00:00:00-04:00,14.918943127191136,14.939049979537899,14.838516996134075,14.905538558959961,109100,0.0,0.0,0.0
2012-09-04 00:00:00-04:00,14.939052787275362,14.985967506571928,14.805009636430693,14.872031211853027,363900,0.0,0.0,0.0
2012-09-05 00:00:00-04:00,14.878732266449822,14.93234926668641,14.825115266213233,14.858625411987305,292700,0.0,0.0,0.0
2012-09-06 00:00:00-04:00,14.898840807244898,15.079798698425291,14.898840807244898,15.079798698425293,156700,0.0,0.0,0.0
2012-09-07 00:00:00-04:00,15.093204333618635,15.19373607635498,15.079799760365665,15.19373607635498,254200,0.0,0.0,0.0
2012-09-10 00:00:00-04:00,15.173621106434824,15.187025672523282,15.126706403455,15.140110969543457,243300,0.0,0.0,0.0
2012-09-11 00:00:00-04:00,15.173626634094283,15.233945925136515,15.153521055967037,15.207138061523438,128100,0.0,0.0,0.0
2012-09-12 00:00:00-04:00,15.287559163465698,15.287559163465698,15.207134314114862,15.240644454956055,124800,0.0,0.0,0.0
2012-09-13 00:00:00-04:00,15.260753967001262,15.461817403761454,15.200434680307174,15.414902687072754,711300,0.0,0.0,0.0
2012-09-14 00:00:00-04:00,15.475221158786077,15.60256201047072,15.455114304836895,15.528838157653809,293800,0.0,0.0,0.0
2012-09-17 00:00:00-04:00,15.528839392255668,15.528839392255668,15.394796245264356,15.435009956359863,187900,0.0,0.0,0.0
2012-09-18 00:00:00-04:00,15.441711688690178,15.441711688690178,15.347880977823563,15.40820026397705,151600,0.0,0.0,0.0
2012-09-19 00:00:00-04:00,15.42830725707814,15.45511511875876,15.354583400378665,15.414902687072754,599400,0.0,0.0,0.0
2012-09-20 00:00:00-04:00,15.36128657644277,15.388094439678433,15.280860430075325,15.381393432617188,167600,0.0,0.0,0.0
2012-09-21 00:00:00-04:00,15.448412418034186,15.45511470285652,15.381392126471098,15.394795417785645,193900,0.0,0.0,0.0
2012-09-24 00:00:00-04:00,15.377151173467103,15.431439387455523,15.28214712257065,15.363578796386719,132700,0.284,0.0,0.0
2012-09-25 00:00:00-04:00,15.39072286167339,15.39750904990984,15.18035620367572,15.214285850524902,176600,0.0,0.0,0.0
2012-09-26 00:00:00-04:00,15.160003497240885,15.173575878958552,15.08535669212727,15.126073837280273,78400,0.0,0.0,0.0
2012-09-27 00:00:00-04:00,15.19392775914441,15.248215972394153,15.126068463332055,15.234644889831543,130500,0.0,0.0,0.0
2012-09-28 00:00:00-04:00,15.187142354597153,15.187142354597153,15.08535211129151,15.159998893737793,106800,0.0,0.0,0.0
2012-10-01 00:00:00-04:00,15.221071721939397,15.309289578510882,15.173569699606055,15.200713157653809,164500,0.0,0.0,0.0
2012-10-02 00:00:00-04:00,15.268574062083433,15.295718815029229,15.187141097579108,15.214285850524902,165800,0.0,0.0,0.0
2012-10-03 00:00:00-04:00,15.268577090727888,15.268577090727888,15.153214456491279,15.221075057983398,177900,0.0,0.0,0.0
2012-10-04 00:00:00-04:00,15.282146789102486,15.32286262512207,15.221072387906567,15.32286262512207,141400,0.0,0.0,0.0
2012-10-05 00:00:00-04:00,15.404294311809537,15.417865393133276,15.302502788717096,15.350006103515625,174100,0.0,0.0,0.0
2012-10-08 00:00:00-04:00,15.336433888710816,15.336433888710816,15.268573304048445,15.316075325012207,73500,0.0,0.0,0.0
2012-10-09 00:00:00-04:00,15.322864036060375,15.322864036060375,15.187142844387024,15.207501411437988,99900,0.0,0.0,0.0
2012-10-10 00:00:00-04:00,15.207504108943269,15.207504108943269,15.0582118070877,15.105713844299316,96500,0.0,0.0,0.0
2012-10-11 00:00:00-04:00,15.16678476683733,15.207500604445448,15.132853823552948,15.1464262008667,102900,0.0,0.0,0.0
2012-10-12 00:00:00-04:00,15.173568865247638,15.173568865247638,15.037847699472762,15.07177734375,131900,0.0,0.0,0.0
2012-10-15 00:00:00-04:00,15.078565433148102,15.119282564615498,14.97677519314586,15.112496376037598,136800,0.0,0.0,0.0
2012-10-16 00:00:00-04:00,15.166784156106058,15.302504040779041,15.159997967722445,15.295719146728516,122500,0.0,0.0,0.0
2012-10-17 00:00:00-04:00,15.322868344608972,15.451803383519833,15.322868344608972,15.417872428894043,138400,0.0,0.0,0.0
2012-10-18 00:00:00-04:00,15.424652574120088,15.465369703711941,15.397509115391918,15.445011138916016,75100,0.0,0.0,0.0
2012-10-19 00:00:00-04:00,15.43822120296066,15.43822120296066,15.19392366204601,15.248211860656738,101200,0.0,0.0,0.0
2012-10-22 00:00:00-04:00,15.255000750885413,15.26178693870605,15.126067065292268,15.24142837524414,108600,0.0,0.0,0.0
2012-10-23 00:00:00-04:00,15.119285427888318,15.119285427888318,14.929275994722744,15.044638633728027,137900,0.0,0.0,0.0
2012-10-24 00:00:00-04:00,15.112497163858986,15.119283352790653,14.97677597389204,15.037850379943848,1364800,0.0,0.0,0.0
2012-10-25 00:00:00-04:00,15.146424592212734,15.166783156021143,15.003918528552868,15.09213638305664,69700,0.0,0.0,0.0
2012-10-26 00:00:00-04:00,15.092134584407637,15.092134584407637,14.936056163476596,15.00391674041748,146200,0.0,0.0,0.0
2012-10-31 00:00:00-04:00,15.098925417430106,15.180358393682425,15.01070754629557,15.064995765686035,177300,0.0,0.0,0.0
2012-11-01 00:00:00-04:00,15.11928133161507,15.200712999242738,15.10570895556612,15.193926811218262,153400,0.0,0.0,0.0
2012-11-02 00:00:00-04:00,15.282143026951202,15.282143026951202,15.064990229194551,15.098919868469238,124600,0.0,0.0,0.0
2012-11-05 00:00:00-05:00,15.071779390738627,15.071779390738627,14.983561527036633,15.051422119140625,71000,0.0,0.0,0.0
2012-11-06 00:00:00-05:00,15.092137985944829,15.173570955494206,15.03106358236608,15.1464262008667,104700,0.0,0.0,0.0
2012-11-07 00:00:00-05:00,15.07178305856077,15.07178305856077,14.732481309802534,14.81391429901123,556700,0.0,0.0,0.0
2012-11-08 00:00:00-05:00,14.834270138763737,14.888558356796729,14.725693702697754,14.725693702697754,149700,0.0,0.0,0.0
2012-11-09 00:00:00-05:00,14.651049301381441,14.752839564963816,14.556045227949014,14.637476921081543,218400,0.0,0.0,0.0
2012-11-12 00:00:00-05:00,14.691763228473912,14.705335607000581,14.56961441040039,14.56961441040039,68800,0.0,0.0,0.0
2012-11-13 00:00:00-05:00,14.535686023174696,14.610332817233182,14.488183988531429,14.515327453613281,338700,0.0,0.0,0.0
2012-11-14 00:00:00-05:00,14.556045718894977,14.56283061494034,14.203171585196483,14.223528861999512,334200,0.0,0.0,0.0
2012-11-15 00:00:00-05:00,14.237098204328115,14.291386421439316,14.094592119786155,14.189596176147461,308900,0.0,0.0,0.0
2012-11-16 00:00:00-05:00,14.216742685863238,14.399964632260346,14.155668272286416,14.386393547058105,204100,0.0,0.0,0.0
2012-11-19 00:00:00-05:00,14.562830123765536,14.644263111231492,14.562830123765536,14.637476921081543,530000,0.0,0.0,0.0
2012-11-20 00:00:00-05:00,14.66462119663936,14.69855085193343,14.56282964209038,14.657835006713867,265400,0.0,0.0,0.0
2012-11-21 00:00:00-05:00,14.712121026919549,14.813911271880123,14.664618998893495,14.739264488220215,113200,0.0,0.0,0.0
2012-11-23 00:00:00-05:00,14.820695280104701,14.929271697998047,14.813909092194743,14.929271697998047,28400,0.0,0.0,0.0
2012-11-26 00:00:00-05:00,14.908913592112565,14.908913592112565,14.813909547121616,14.881770133972168,188000,0.0,0.0,0.0
2012-11-27 00:00:00-05:00,14.874983449289893,14.915699282307813,14.820695240488334,14.834267616271973,135600,0.0,0.0,0.0
2012-11-28 00:00:00-05:00,14.813913046651916,14.963205337524414,14.7189089792179,14.963205337524414,133200,0.0,0.0,0.0
2012-11-29 00:00:00-05:00,15.031064672609718,15.064995618355203,14.963204075451982,15.017492294311523,121800,0.0,0.0,0.0
2012-11-30 00:00:00-05:00,15.044632568848872,15.051418755976245,14.990344366162734,15.00391674041748,65300,0.0,0.0,0.0
2012-12-03 00:00:00-05:00,15.092141461068703,15.092141461068703,14.929276778801787,14.942849159240723,111900,0.0,0.0,0.0
2012-12-04 00:00:00-05:00,14.956420741859425,14.976778017098473,14.888560137618072,14.949634552001953,165600,0.0,0.0,0.0
2012-12-05 00:00:00-05:00,14.95641806679492,15.078565579382339,14.942845689507495,15.051422119140625,145100,0.0,0.0,0.0
2012-12-06 00:00:00-05:00,14.990350409156914,15.044638633728026,14.976778029430793,15.044638633728027,187100,0.0,0.0,0.0
2012-12-07 00:00:00-05:00,15.092139228214641,15.092139228214641,14.997135167864643,15.064995765686035,98200,0.0,0.0,0.0
2012-12-10 00:00:00-05:00,15.031059295587092,15.10570605519073,15.031059295587092,15.098919868469238,242600,0.0,0.0,0.0
2012-12-11 00:00:00-05:00,15.15321700424979,15.173575576420372,15.092142582071576,15.139644622802734,219100,0.0,0.0,0.0
2012-12-12 00:00:00-05:00,15.15999840174977,15.20750042746194,15.078565433148102,15.112496376037598,121700,0.0,0.0,0.0
2012-12-13 00:00:00-05:00,15.098919972500381,15.132849612008842,14.956413933365505,15.010702133178711,170500,0.0,0.0,0.0
2012-12-14 00:00:00-05:00,14.990352786111664,15.037854828351906,14.97678040423343,14.997138977050781,111200,0.0,0.0,0.0
2012-12-17 00:00:00-05:00,14.990352474199987,15.085356556703676,14.929278051352316,15.078570365905762,154700,0.0,0.0,0.0
2012-12-18 00:00:00-05:00,15.132852252720369,15.23464377767413,15.092136419338669,15.22785758972168,319300,0.0,0.0,0.0
2012-12-19 00:00:00-05:00,15.23464856057133,15.309294062817134,15.23464856057133,15.255005836486816,161900,0.0,0.0,0.0
2012-12-20 00:00:00-05:00,15.275359470838335,15.288931846618652,15.221071262050062,15.288931846618652,182200,0.0,0.0,0.0
2012-12-21 00:00:00-05:00,15.146420327197996,15.221067079143046,15.064988683560344,15.180351257324219,157000,0.0,0.0,0.0
2012-12-24 00:00:00-05:00,15.145248512945479,15.227859537125108,15.103943657384505,15.117711067199707,75800,0.319,0.0,0.0
2012-12-26 00:00:00-05:00,15.131479053887011,15.179668268539897,15.02821626347974,15.055753707885742,101600,0.0,0.0,0.0
2012-12-27 00:00:00-05:00,15.048871413552126,15.103944996870156,14.869881939504076,14.980029106140137,199900,0.0,0.0,0.0
2012-12-28 00:00:00-05:00,15.069520022710961,15.069520022710961,14.869878817495486,14.890530586242676,139100,0.0,0.0,0.0
2012-12-31 00:00:00-05:00,14.897414614270911,15.09017276763916,14.814804915011301,15.09017276763916,233600,0.0,0.0,0.0
2013-01-02 00:00:00-05:00,15.338005606994214,15.455037117004395,15.338005606994214,15.455037117004395,289200,0.0,0.0,0.0
2013-01-03 00:00:00-05:00,15.413727413890307,15.544527615779177,15.413727413890307,15.482569694519043,193700,0.0,0.0,0.0
2013-01-04 00:00:00-05:00,15.530763000964267,15.606489660971977,15.489458146895352,15.57206916809082,274700,0.0,0.0,0.0
2013-01-07 00:00:00-05:00,15.59272093859646,15.59272093859646,15.537647362152027,15.57206916809082,134300,0.0,0.0,0.0
2013-01-08 00:00:00-05:00,15.551414536999431,15.578950665952696,15.475687884527312,15.503225326538086,143200,0.0,0.0,0.0
2013-01-09 00:00:00-05:00,15.537649836009921,15.59960778350687,15.516998062216167,15.578954696655273,169700,0.0,0.0,0.0
2013-01-10 00:00:00-05:00,15.668447967916423,15.730405907008992,15.620258751523908,15.702868461608887,205200,0.0,0.0,0.0
2013-01-11 00:00:00-05:00,15.723522186279297,15.737290909540326,15.675332967923417,15.723522186279297,162500,0.0,0.0,0.0
2013-01-14 00:00:00-05:00,15.751056885029275,15.757941246032715,15.69598331005936,15.757941246032715,409800,0.0,0.0,0.0
2013-01-15 00:00:00-05:00,15.730408080179911,15.79236602783203,15.695986268674375,15.792366027832031,186700,0.0,0.0,0.0
2013-01-16 00:00:00-05:00,15.764824556610446,15.792361998789357,15.716635345854865,15.785477638244629,144400,0.0,0.0,0.0
2013-01-17 00:00:00-05:00,15.82678402943209,15.936931182757197,15.806130945787016,15.923162460327148,194700,0.0,0.0,0.0
2013-01-18 00:00:00-05:00,15.916277101194732,15.97135066986084,15.874970939902061,15.97135066986084,197100,0.0,0.0,0.0
2013-01-22 00:00:00-05:00,15.957583067380773,16.095266342163086,15.957583067380773,16.095266342163086,205200,0.0,0.0,0.0
2013-01-23 00:00:00-05:00,16.08150132124333,16.095268731625154,16.033312102262595,16.060848236083984,277100,0.0,0.0,0.0
2013-01-24 00:00:00-05:00,16.053963447840587,16.11592138861478,16.00577423014015,16.04707908630371,283400,0.0,0.0,0.0
2013-01-25 00:00:00-05:00,16.088385627261886,16.109037399291992,16.04019509539026,16.109037399291992,346100,0.0,0.0,0.0
2013-01-28 00:00:00-05:00,16.122802734375,16.129687094624156,16.05396044494091,16.122802734375,157400,0.0,0.0,0.0
2013-01-29 00:00:00-05:00,16.1090399848852,16.150344848632812,16.074619483938513,16.150344848632812,230900,0.0,0.0,0.0
2013-01-30 00:00:00-05:00,16.13657341522753,16.143457776313035,16.05396239525912,16.074615478515625,231500,0.0,0.0,0.0
2013-01-31 00:00:00-05:00,16.0470745332387,16.067727611989397,16.012654048378202,16.053958892822266,330200,0.0,0.0,0.0
2013-02-01 00:00:00-05:00,16.095265293378382,16.129687094624156,16.067729165439218,16.122802734375,351800,0.0,0.0,0.0
2013-02-04 00:00:00-05:00,16.074613496967416,16.074613496967416,15.964466359292656,15.992002487182617,183400,0.0,0.0,0.0
2013-02-05 00:00:00-05:00,16.00577360613179,16.10215203777521,16.00577360613179,16.0883846282959,270600,0.0,0.0,0.0
2013-02-06 00:00:00-05:00,16.01265796740027,16.0883846282959,15.992004883594827,16.0883846282959,174500,0.0,0.0,0.0
2013-02-07 00:00:00-05:00,16.102152665541027,16.11592138861478,15.950700650902839,16.04707908630371,206900,0.0,0.0,0.0
2013-02-08 00:00:00-05:00,16.067729165439218,16.122802734375,16.067729165439218,16.122802734375,232000,0.0,0.0,0.0
2013-02-11 00:00:00-05:00,16.143455815122465,16.143455815122465,16.088382246186683,16.122802734375,186500,0.0,0.0,0.0
2013-02-12 00:00:00-05:00,16.177881557303476,16.177881557303476,16.102154883026934,16.157228469848633,198200,0.0,0.0,0.0
2013-02-13 00:00:00-05:00,16.205411911010742,16.205411911010742,16.150337035248054,16.205411911010742,209700,0.0,0.0,0.0
2013-02-14 00:00:00-05:00,16.16411177595545,16.191649224095578,16.122806916803057,16.184764862060547,154600,0.0,0.0,0.0
2013-02-15 00:00:00-05:00,16.19164842658562,16.281142502517458,16.0608481804781,16.109037399291992,195600,0.0,0.0,0.0
2013-02-19 00:00:00-05:00,16.150343308032312,16.246723064993557,16.14346025894591,16.21230125427246,136800,0.0,0.0,0.0
2013-02-20 00:00:00-05:00,16.226068547089408,16.232952908626284,16.040194724766835,16.04707908630371,234700,0.0,0.0,0.0
2013-02-21 00:00:00-05:00,16.040187686011194,16.074609478590606,15.881851379317272,15.936924934387207,180400,0.0,0.0,0.0
2013-02-22 00:00:00-05:00,15.992005931943906,16.060848236083984,15.978237208504343,16.060848236083984,161300,0.0,0.0,0.0
2013-02-25 00:00:00-05:00,16.122807584266134,16.14346067122624,15.806133482833774,15.813017845153809,249200,0.0,0.0,0.0
2013-02-26 00:00:00-05:00,15.881853227828248,15.93004242999111,15.799243542136853,15.916275024414062,186500,0.0,0.0,0.0
2013-02-27 00:00:00-05:00,15.91627911272192,16.102151609800018,15.91627911272192,16.074615478515625,168200,0.0,0.0,0.0
2013-02-28 00:00:00-05:00,16.095268731625154,16.15722667404545,16.04019515092464,16.060848236083984,199100,0.0,0.0,0.0
2013-03-01 00:00:00-05:00,16.040190173655134,16.07461197157296,15.957580484767009,16.053958892822266,144400,0.0,0.0,0.0
2013-03-04 00:00:00-05:00,16.047077295887593,16.10903522974897,16.0126568051013,16.081499099731445,347200,0.0,0.0,0.0
2013-03-05 00:00:00-05:00,16.150336911981,16.19164306848775,16.11591642794934,16.170989990234375,248000,0.0,0.0,0.0
2013-03-06 00:00:00-05:00,16.21918561641668,16.246723064993557,16.157227670176532,16.21230125427246,143300,0.0,0.0,0.0
2013-03-07 00:00:00-05:00,16.239836000410833,16.28114085334487,16.232951639412228,16.267372131347656,245900,0.0,0.0,0.0
2013-03-08 00:00:00-05:00,16.329334682924397,16.349987771758016,16.27426109242606,16.343103408813477,310300,0.0,0.0,0.0
2013-03-11 00:00:00-04:00,16.343101442915692,16.39817502678928,16.288027859042106,16.39129066467285,186800,0.0,0.0,0.0
2013-03-12 00:00:00-04:00,16.418824721144205,16.44636085086335,16.363751148648365,16.40505599975586,206200,0.0,0.0,0.0
2013-03-13 00:00:00-04:00,16.425709081838377,16.43259344253255,16.34998242726002,16.40505599975586,190600,0.0,0.0,0.0
2013-03-14 00:00:00-04:00,16.439478460453987,16.487668991088867,16.418826688953878,16.487668991088867,193800,0.0,0.0,0.0
2013-03-15 00:00:00-04:00,16.453246018397333,16.487667823556183,16.439477296333795,16.480783462524414,190500,0.0,0.0,0.0
2013-03-18 00:00:00-04:00,16.384404083584062,16.45324638236705,16.315563097858714,16.411941528320312,200700,0.0,0.0,0.0
2013-03-19 00:00:00-04:00,16.42570913063655,16.446360899722883,16.28802454245915,16.35686683654785,289300,0.0,0.0,0.0
2013-03-20 00:00:00-04:00,16.41882816461099,16.480786110795236,16.405059440334973,16.473901748657227,158600,0.0,0.0,0.0
2013-03-21 00:00:00-04:00,16.425711418558308,16.494552409178258,16.398173971864143,16.418827056884766,244100,0.0,0.0,0.0
2013-03-22 00:00:00-04:00,16.46349203416056,16.505365740104047,16.435575342770825,16.49140739440918,166600,0.324,0.0,0.0
2013-03-25 00:00:00-04:00,16.526304762203235,16.61005218170952,16.379744781355388,16.456514358520508,316200,0.0,0.0,0.0
2013-03-26 00:00:00-04:00,16.491404621881788,16.582132522504175,16.484426781348578,16.575153350830078,228200,0.0,0.0,0.0
2013-03-27 00:00:00-04:00,16.505364498744242,16.589113235473633,16.463490795950054,16.589113235473633,190500,0.0,0.0,0.0
2013-03-28 00:00:00-04:00,16.617030359744728,16.644947052001953,16.568177479435732,16.644947052001953,155300,0.0,0.0,0.0
2013-04-01 00:00:00-04:00,16.644947156630373,16.74963209097071,16.498387183640975,16.54026222229004,394400,0.0,0.0,0.0
2013-04-02 00:00:00-04:00,16.58911528798975,16.637968169150877,16.519324887270493,16.533283233642578,172000,0.0,0.0,0.0
2013-04-03 00:00:00-04:00,16.554214813439817,16.554214813439817,16.29599213315014,16.337865829467773,197500,0.0,0.0,0.0
2013-04-04 00:00:00-04:00,16.365780480935918,16.407654172050602,16.323905458680592,16.393695831298828,187000,0.0,0.0,0.0
2013-04-05 00:00:00-04:00,16.275059804406645,16.41464061145481,16.19131238509073,16.40766143798828,180700,0.0,0.0,0.0
2013-04-08 00:00:00-04:00,16.44255414862026,16.5053653717041,16.386722098228077,16.5053653717041,123800,0.0,0.0,0.0
2013-04-09 00:00:00-04:00,16.540263036529645,16.64494797602338,16.49838799581917,16.61005210876465,576200,0.0,0.0,0.0
2013-04-10 00:00:00-04:00,16.6379677756604,16.77754857379781,16.6379677756604,16.749631881713867,444200,0.0,0.0,0.0
2013-04-11 00:00:00-04:00,16.770565032958984,16.79848038663135,16.71473299447345,16.770565032958984,201700,0.0,0.0,0.0
2013-04-12 00:00:00-04:00,16.73567181341501,16.777546847231587,16.651924408063874,16.742650985717773,165600,0.0,0.0,0.0
2013-04-15 00:00:00-04:00,16.651924197906556,16.651924197906556,16.28901522958907,16.323909759521484,325000,0.0,0.0,0.0
2013-04-16 00:00:00-04:00,16.42161912494824,16.533283233642578,16.42161912494824,16.533283233642578,209300,0.0,0.0,0.0
2013-04-17 00:00:00-04:00,16.449531409648536,16.456510581529116,16.21922406215305,16.3029727935791,237400,0.0,0.0,0.0
2013-04-18 00:00:00-04:00,16.3308881499605,16.351825665602245,16.21224489027247,16.3029727935791,326400,0.0,0.0,0.0
2013-04-19 00:00:00-04:00,16.372768060318055,16.435579299926758,16.309958151850786,16.435579299926758,187400,0.0,0.0,0.0
2013-04-22 00:00:00-04:00,16.470468570679056,16.561195140891407,16.379740669325805,16.51932144165039,207200,0.0,0.0,0.0
2013-04-23 00:00:00-04:00,16.596090965301208,16.67983836361045,16.54723676328977,16.67285919189453,261700,0.0,0.0,0.0
2013-04-24 00:00:00-04:00,16.721713468809483,16.76358850262606,16.57515484387449,16.742650985717773,217500,0.0,0.0,0.0
2013-04-25 00:00:00-04:00,16.81243933045473,16.868271370937492,16.77056563287787,16.798480987548828,249800,0.0,0.0,0.0
2013-04-26 00:00:00-04:00,16.777546479462025,16.777546479462025,16.679839400506125,16.756608963012695,222400,0.0,0.0,0.0
2013-04-29 00:00:00-04:00,16.784529741711584,16.882236852225933,16.75661437523706,16.86827850341797,220500,0.0,0.0,0.0
2013-04-30 00:00:00-04:00,16.84035993781469,16.917129516601562,16.79848622717697,16.917129516601562,183400,0.0,0.0,0.0
2013-05-01 00:00:00-04:00,16.910146756884853,16.910146756884853,16.74265061871314,16.756608963012695,270400,0.0,0.0,0.0
2013-05-02 00:00:00-04:00,16.777544491782383,16.868271056698912,16.749627806490636,16.861291885375977,237100,0.0,0.0,0.0
2013-05-03 00:00:00-04:00,16.958999633789062,17.014831679856165,16.93806344847701,16.958999633789062,299300,0.0,0.0,0.0
2013-05-06 00:00:00-04:00,16.965984158776916,16.98692168183582,16.931089618153475,16.972963333129883,416800,0.0,0.0,0.0
2013-05-07 00:00:00-04:00,16.993899019542717,17.070667266845703,16.979940672345354,17.070667266845703,265100,0.0,0.0,0.0
2013-05-08 00:00:00-04:00,17.070659333223073,17.14044970563342,17.05670232365351,17.13347053527832,344300,0.0,0.0,0.0
2013-05-09 00:00:00-04:00,17.140453657332152,17.147432829296285,17.04972708408031,17.0776424407959,241600,0.0,0.0,0.0
2013-05-10 00:00:00-04:00,17.084620383992934,17.17534828186035,17.042746686360736,17.17534828186035,299800,0.0,0.0,0.0
2013-05-13 00:00:00-04:00,17.16837538599044,17.175354560003726,17.09858497699891,17.154417037963867,278400,0.0,0.0,0.0
2013-05-14 00:00:00-04:00,17.168372780292124,17.245141020504242,17.140456088475982,17.231184005737305,291700,0.0,0.0,0.0
2013-05-15 00:00:00-04:00,17.21024671135761,17.307952471706262,17.189309192222403,17.27305793762207,316700,0.0,0.0,0.0
2013-05-16 00:00:00-04:00,17.252117340134713,17.32888689879107,17.21722281227687,17.24513816833496,237600,0.0,0.0,0.0
2013-05-17 00:00:00-04:00,17.30097982643586,17.377748090707918,17.273063125870348,17.342853546142578,237700,0.0,0.0,0.0
2013-05-20 00:00:00-04:00,17.35680430797094,17.426593366589607,17.34284596379082,17.391698837280273,245100,0.0,0.0,0.0
2013-05-21 00:00:00-04:00,17.384722924326105,17.426596633575613,17.33587004167814,17.412639617919922,194800,0.0,0.0,0.0
2013-05-22 00:00:00-04:00,17.433580297354833,17.57316113899343,17.182336646003534,17.238168716430664,367500,0.0,0.0,0.0
2013-05-23 00:00:00-04:00,17.098585194701286,17.20327014395078,17.00087941955394,17.196290969848633,454100,0.0,0.0,0.0
2013-05-24 00:00:00-04:00,17.140458689937294,17.154417037963867,17.03577374202067,17.154417037963867,133200,0.0,0.0,0.0
2013-05-28 00:00:00-04:00,17.29399250582719,17.38471907764981,17.14045338731687,17.189306259155273,240400,0.0,0.0,0.0
2013-05-29 00:00:00-04:00,17.126498144671512,17.126498144671512,16.89618944310499,17.042749404907227,310900,0.0,0.0,0.0
2013-05-30 00:00:00-04:00,17.098579589905242,17.16139080509413,17.070662902647555,17.09160041809082,288900,0.0,0.0,0.0
2013-05-31 00:00:00-04:00,17.070669989755487,17.098586688603152,16.833384705257675,16.840362548828125,252900,0.0,0.0,0.0
2013-06-03 00:00:00-04:00,16.86129397626554,16.92410519482007,16.763588227910045,16.85431480407715,239100,0.0,0.0,0.0
2013-06-04 00:00:00-04:00,16.889216771811537,16.938069663653483,16.777552638703813,16.840362548828125,159400,0.0,0.0,0.0
2013-06-05 00:00:00-04:00,16.81244668974444,16.81244668974444,16.624012971454462,16.65890884399414,348400,0.0,0.0,0.0
2013-06-06 00:00:00-04:00,16.624009063941728,16.777548204743717,16.582135357878055,16.76358985900879,232400,0.0,0.0,0.0
2013-06-07 00:00:00-04:00,16.854312112867337,16.882228797163307,16.756606380112988,16.833375930786133,185400,0.0,0.0,0.0
2013-06-10 00:00:00-04:00,16.86827254999104,16.896187906613218,16.777545977042788,16.826398849487305,836000,0.0,0.0,0.0
2013-06-11 00:00:00-04:00,16.686817301814923,16.73567017200183,16.58213238982286,16.630985260009766,269300,0.0,0.0,0.0
2013-06-12 00:00:00-04:00,16.735666392299144,16.742645562341174,16.47046458640493,16.526296615600586,244800,0.0,0.0,0.0
2013-06-13 00:00:00-04:00,16.491406332588717,16.79150409000061,16.46349097413746,16.78452491760254,213600,0.0,0.0,0.0
2013-06-14 00:00:00-04:00,16.798479754283683,16.85431179066752,16.686815681516006,16.721710205078125,204900,0.0,0.0,0.0
2013-06-17 00:00:00-04:00,16.805459374975065,16.875249755107795,16.721710652587635,16.777544021606445,211900,0.0,0.0,0.0
2013-06-18 00:00:00-04:00,16.784527476038978,16.882234573364258,16.75661211333263,16.882234573364258,236500,0.0,0.0,0.0
2013-06-19 00:00:00-04:00,16.889216278190307,16.924110819588556,16.63797132047033,16.65890884399414,454800,0.0,0.0,0.0
2013-06-20 00:00:00-04:00,16.484430464639694,16.49838747996557,16.135479789810365,16.20526885986328,580100,0.0,0.0,0.0
2013-06-21 00:00:00-04:00,16.275056838989258,16.421616792799814,16.072666169901616,16.275056838989258,475700,0.0,0.0,0.0
2013-06-24 00:00:00-04:00,16.07649595215714,16.0977710256373,15.750284921803575,15.91339111328125,824400,0.37,0.0,0.0
2013-06-25 00:00:00-04:00,16.03394905677194,16.154505115567293,15.941758413374467,16.140321731567383,548100,0.0,0.0,0.0
2013-06-26 00:00:00-04:00,16.218329488552666,16.27506167369094,16.17577933524747,16.232511520385742,238900,0.0,0.0,0.0
2013-06-27 00:00:00-04:00,16.353065659159036,16.43107291177339,16.331791937610994,16.402706146240234,452200,0.0,0.0,0.0
2013-06-28 00:00:00-04:00,16.381429681013007,16.49489401893816,16.310514131659385,16.438161849975586,241800,0.0,0.0,0.0
2013-07-01 00:00:00-04:00,16.5019890258159,16.608361694925037,16.487805642574184,16.516172409057617,365700,0.0,0.0,0.0
2013-07-02 00:00:00-04:00,16.480716729714377,16.523265534011678,16.29633677428995,16.367252349853516,267700,0.0,0.0,0.0
2013-07-03 00:00:00-04:00,16.282150992857694,16.29633437640385,16.21123678033074,16.275060653686523,159000,0.0,0.0,0.0
2013-07-05 00:00:00-04:00,16.317610474394147,16.32470216661168,16.06231496497092,16.232511520385742,251700,0.0,0.0,0.0
2013-07-08 00:00:00-04:00,16.310512723760027,16.39561164615908,16.26796393886124,16.360153198242188,371900,0.0,0.0,0.0
2013-07-09 00:00:00-04:00,16.40979939983304,16.501990043990503,16.395617368318163,16.473623275756836,356900,0.0,0.0,0.0
2013-07-10 00:00:00-04:00,16.452347141544404,16.551628110611432,16.452347141544404,16.494895935058594,282100,0.0,0.0,0.0
2013-07-11 00:00:00-04:00,16.62254401475748,16.828197648198426,16.62254401475748,16.82110595703125,595100,0.0,0.0,0.0
2013-07-12 00:00:00-04:00,16.7998296508913,16.814011678441467,16.75727951043607,16.79273796081543,419100,0.0,0.0,0.0
2013-07-15 00:00:00-04:00,16.806917214210706,16.877831392354054,16.792733837541537,16.863649368286133,297100,0.0,0.0,0.0
2013-07-16 00:00:00-04:00,16.87783813376687,16.892021516101217,16.771465471462808,16.82110595703125,212700,0.0,0.0,0.0
2013-07-17 00:00:00-04:00,16.835285535281372,16.941658173549577,16.835285535281372,16.87783432006836,435400,0.0,0.0,0.0
2013-07-18 00:00:00-04:00,16.91329625440222,16.9771201210401,16.906204563375592,16.948753356933594,231900,0.0,0.0,0.0
2013-07-19 00:00:00-04:00,16.927477405758964,17.01966667175293,16.920385715666878,17.01966667175293,189500,0.0,0.0,0.0
2013-07-22 00:00:00-04:00,17.05512429070282,17.126039841188813,17.026758882069394,17.11185646057129,263300,0.0,0.0,0.0
2013-07-23 00:00:00-04:00,17.175674438476562,17.20404118999665,17.161492415317678,17.175674438476562,224100,0.0,0.0,0.0
2013-07-24 00:00:00-04:00,17.196956448475497,17.196956448475497,16.927478963190527,16.97711944580078,232800,0.0,0.0,0.0
2013-07-25 00:00:00-04:00,16.948754584999957,17.040945222424263,16.913297479899445,17.03385353088379,263000,0.0,0.0,0.0
2013-07-26 00:00:00-04:00,16.991297524949612,17.097671508789062,16.955840432070723,17.097671508789062,91100,0.0,0.0,0.0
2013-07-29 00:00:00-04:00,17.033850051937105,17.090582220072218,16.99839160147667,17.01966667175293,159100,0.0,0.0,0.0
2013-07-30 00:00:00-04:00,17.097674424669858,17.11894814298471,16.99839211299461,17.055124282836914,192900,0.0,0.0,0.0
2013-07-31 00:00:00-04:00,17.062215973142404,17.140223213901184,16.991300422689118,17.055124282836914,184800,0.0,0.0,0.0
2013-08-01 00:00:00-04:00,17.161500931643893,17.253690214630428,17.019669808862638,17.104768753051758,162900,0.0,0.0,0.0
2013-08-02 00:00:00-04:00,17.08348484365583,17.154400368370528,17.08348484365583,17.13312530517578,187600,0.0,0.0,0.0
2013-08-05 00:00:00-04:00,17.0905818939209,17.13313068105985,17.05512344413714,17.0905818939209,128200,0.0,0.0,0.0
2013-08-06 00:00:00-04:00,17.06221545970387,17.118947627838985,16.95584281352573,17.01966667175293,166200,0.0,0.0,0.0
2013-08-07 00:00:00-04:00,16.998393841518222,16.998393841518222,16.899112872348965,16.948753356933594,250000,0.0,0.0,0.0
2013-08-08 00:00:00-04:00,17.026758036911694,17.126038991103098,16.962934179902486,17.0905818939209,113500,0.0,0.0,0.0
2013-08-09 00:00:00-04:00,17.076400592011264,17.175681558284037,17.062217210371806,17.14022445678711,138000,0.0,0.0,0.0
2013-08-12 00:00:00-04:00,17.118950782392783,17.182774652380974,17.118950782392783,17.161500930786133,237100,0.0,0.0,0.0
2013-08-13 00:00:00-04:00,17.161495358052175,17.161495358052175,17.055121374212725,17.097671508789062,202000,0.0,0.0,0.0
2013-08-14 00:00:00-04:00,17.069306824050646,17.11894730114635,17.033849726868446,17.0905818939209,115100,0.0,0.0,0.0
2013-08-15 00:00:00-04:00,17.005485871578337,17.005485871578337,16.84947272368743,16.9345703125,301400,0.0,0.0,0.0
2013-08-16 00:00:00-04:00,16.913301998695623,16.934575726398975,16.81401964320517,16.835294723510742,140600,0.0,0.0,0.0
2013-08-19 00:00:00-04:00,16.821106295792752,16.821106295792752,16.579994201660156,16.579994201660156,307600,0.0,0.0,0.0
2013-08-20 00:00:00-04:00,16.587085725167412,16.78564902203309,16.57999403392916,16.757282257080078,150300,0.0,0.0,0.0
2013-08-21 00:00:00-04:00,16.69345888778629,16.707640916936022,16.55871946635083,16.565811157226562,478600,0.0,0.0,0.0
2013-08-22 00:00:00-04:00,16.60127289923608,16.728920665474714,16.58708951352021,16.70055389404297,218100,0.0,0.0,0.0
2013-08-23 00:00:00-04:00,16.728915504351363,16.88492864128722,16.707640432341236,16.870746612548828,173600,0.0,0.0,0.0
2013-08-26 00:00:00-04:00,16.920388110893974,16.977120287060018,16.806923758561886,16.828197479248047,128200,0.0,0.0,0.0
2013-08-27 00:00:00-04:00,16.73600836521713,16.77855715961074,16.636726041496328,16.650909423828125,143500,0.0,0.0,0.0
2013-08-28 00:00:00-04:00,16.636727442780536,16.721826391337288,16.601270336566333,16.615453720092773,125500,0.0,0.0,0.0
2013-08-29 00:00:00-04:00,16.565813563819724,16.672186237205505,16.565813563819724,16.658002853393555,241900,0.0,0.0,0.0
2013-08-30 00:00:00-04:00,16.636727787553372,16.650911171373743,16.516173082885988,16.544538497924805,121100,0.0,0.0,0.0
2013-09-03 00:00:00-04:00,16.672183984973714,16.69345905781761,16.501987460027788,16.558719635009766,138200,0.0,0.0,0.0
2013-09-04 00:00:00-04:00,16.572903022377712,16.693459063329435,16.5587196404771,16.672183990478516,246900,0.0,0.0,0.0
2013-09-05 00:00:00-04:00,16.622545411855995,16.636727442780536,16.57290492211535,16.615453720092773,229000,0.0,0.0,0.0
2013-09-06 00:00:00-04:00,16.65800319306112,16.714735376863807,16.57290559365807,16.64381980895996,152000,0.0,0.0,0.0
2013-09-09 00:00:00-04:00,16.700549407117613,16.785648345947266,16.686367377814125,16.785648345947266,129900,0.0,0.0,0.0
2013-09-10 00:00:00-04:00,16.83528883272788,16.84238052368164,16.785648348653307,16.84238052368164,275700,0.0,0.0,0.0
2013-09-11 00:00:00-04:00,16.849470315587624,16.899110794067383,16.792738146953386,16.899110794067383,224500,0.0,0.0,0.0
2013-09-12 00:00:00-04:00,16.884927057889257,17.005483082771356,16.778554413017186,16.799829483032227,204200,0.0,0.0,0.0
2013-09-13 00:00:00-04:00,16.778554423265373,16.863653350775945,16.778554423265373,16.8565616607666,109800,0.0,0.0,0.0
2013-09-16 00:00:00-04:00,16.97711803316506,17.040941891953775,16.884927413758426,16.899110794067383,388500,0.0,0.0,0.0
2013-09-17 00:00:00-04:00,16.899116166791917,16.97003173828125,16.89202447438278,16.97003173828125,117100,0.0,0.0,0.0
2013-09-18 00:00:00-04:00,16.970027610955363,17.303328957509493,16.927478819450975,17.267871856689453,221300,0.0,0.0,0.0
2013-09-19 00:00:00-04:00,17.28205608282244,17.33169656743765,17.175682069959265,17.23241424560547,153500,0.0,0.0,0.0
2013-09-20 00:00:00-04:00,17.21114000857619,17.239505419247116,17.062217206598252,17.083492279052734,163600,0.0,0.0,0.0
2013-09-23 00:00:00-04:00,17.033857174740334,17.069314287425776,16.998398709452744,17.04094886779785,263000,0.0,0.0,0.0
2013-09-24 00:00:00-04:00,17.06322153011251,17.15666032732346,16.998533553863272,17.09197235107422,420800,0.321,0.0,0.0
2013-09-25 00:00:00-04:00,17.077597770334567,17.171035201170717,17.048846947975957,17.113534927368164,154600,0.0,0.0,0.0
2013-09-26 00:00:00-04:00,17.09916114807129,17.17103546323543,17.05603491387518,17.09916114807129,114700,0.0,0.0,0.0
2013-09-27 00:00:00-04:00,17.063232421875,17.163857617642616,17.005732114162722,17.063232421875,133100,0.0,0.0,0.0
2013-09-30 00:00:00-04:00,16.998535443515927,17.056035720916796,16.897910300793093,17.04166030883789,156000,0.0,0.0,0.0
2013-10-01 00:00:00-04:00,17.056039274111473,17.185415267944336,17.034477522416022,17.185415267944336,224000,0.0,0.0,0.0
2013-10-02 00:00:00-04:00,17.106351042169003,17.21416527917746,17.077601584304393,17.192602157592773,83700,0.0,0.0,0.0
2013-10-03 00:00:00-04:00,17.178233037299552,17.178233037299552,17.005732114162722,17.063232421875,189800,0.0,0.0,0.0
2013-10-04 00:00:00-04:00,17.07040952631029,17.149472914387985,17.03447237041022,17.13509750366211,90500,0.0,0.0,0.0
2013-10-07 00:00:00-04:00,17.03447314392259,17.09197341852248,16.99853461547598,17.020097732543945,169600,0.0,0.0,0.0
2013-10-08 00:00:00-04:00,17.020100700717865,17.04166245063135,16.833224432949773,16.840412139892578,170400,0.0,0.0,0.0
2013-10-09 00:00:00-04:00,16.869161878354888,16.91228812073163,16.782912135431292,16.88353729248047,209100,0.0,0.0,0.0
2013-10-10 00:00:00-04:00,17.04166168623705,17.156663621248615,16.976975068483156,17.142288208007812,185000,0.0,0.0,0.0
2013-10-11 00:00:00-04:00,17.120723218916588,17.250099182128906,17.09197376648869,17.250099182128906,134900,0.0,0.0,0.0
2013-10-14 00:00:00-04:00,17.214164481337868,17.321977342434458,17.185413653890826,17.307601928710938,158000,0.0,0.0,0.0
2013-10-15 00:00:00-04:00,17.264480867049773,17.300418038371514,17.178229736596307,17.199792861938477,136800,0.0,0.0,0.0
2013-10-16 00:00:00-04:00,17.250099490681887,17.386663162172578,17.24291178471767,17.37228775024414,156200,0.0,0.0,0.0
2013-10-17 00:00:00-04:00,17.37947525976083,17.623851776123047,17.37947525976083,17.623851776123047,341800,0.0,0.0,0.0
2013-10-18 00:00:00-04:00,17.65260506132646,17.738856179733546,17.623855602467447,17.73166847229004,169300,0.0,0.0,0.0
2013-10-21 00:00:00-04:00,17.738855370333642,17.82510511389025,17.688542791439797,17.76760482788086,210000,0.0,0.0,0.0
2013-10-22 00:00:00-04:00,17.80354148534237,17.94729149974401,17.80354148534237,17.925729751586914,360300,0.0,0.0,0.0
2013-10-23 00:00:00-04:00,17.81072890160815,17.861041474375,17.789165782887448,17.832290649414062,196400,0.0,0.0,0.0
2013-10-24 00:00:00-04:00,17.861041206221195,17.882602953703394,17.82510267555958,17.868228912353516,161200,0.0,0.0,0.0
2013-10-25 00:00:00-04:00,17.896977836830406,17.918540954589844,17.83947756038663,17.918540954589844,140200,0.0,0.0,0.0
2013-10-28 00:00:00-04:00,17.904164452110802,17.925727568556717,17.861039590133622,17.911352157592773,288400,0.0,0.0,0.0
2013-10-29 00:00:00-04:00,17.88260162511222,17.954477310180664,17.875415290428577,17.954477310180664,149700,0.0,0.0,0.0
2013-10-30 00:00:00-04:00,17.968849361134506,17.983224769642874,17.746036012912473,17.796348571777344,2478600,0.0,0.0,0.0
2013-10-31 00:00:00-04:00,17.817916607848385,17.904166340901618,17.724477797640127,17.832290649414062,114600,0.0,0.0,0.0
2013-11-01 00:00:00-04:00,17.825103759765625,17.8682299991827,17.731666316191664,17.825103759765625,137700,0.0,0.0,0.0
2013-11-04 00:00:00-05:00,17.882605695625532,17.968856811523438,17.853856237602887,17.968856811523438,134300,0.0,0.0,0.0
2013-11-05 00:00:00-05:00,17.87541525104083,17.968852681783652,17.789164154965817,17.846664428710938,172000,0.0,0.0,0.0
2013-11-06 00:00:00-05:00,17.861042292613188,17.911354867684924,17.796354304402424,17.825103759765625,124800,0.0,0.0,0.0
2013-11-07 00:00:00-05:00,17.846670146325522,17.91135814637749,17.559168685491837,17.580730438232422,200400,0.0,0.0,0.0
2013-11-08 00:00:00-05:00,17.530412983792086,17.65260124206543,17.465725001711217,17.65260124206543,263700,0.0,0.0,0.0
2013-11-11 00:00:00-05:00,17.674166542835792,17.695729663164457,17.587915432436024,17.66697883605957,117800,0.0,0.0,0.0
2013-11-12 00:00:00-05:00,17.652600150512306,17.688538677732033,17.55916272157029,17.64541244506836,126900,0.0,0.0,0.0
2013-11-13 00:00:00-05:00,17.559162229218273,17.77478790283203,17.53759911349106,17.77478790283203,125300,0.0,0.0,0.0
2013-11-14 00:00:00-05:00,17.8179212301242,17.882607861237556,17.774794981495102,17.87542152404785,137200,0.0,0.0,0.0
2013-11-15 00:00:00-05:00,17.925729751586914,17.932917457944217,17.868229471643296,17.925729751586914,164000,0.0,0.0,0.0
2013-11-18 00:00:00-05:00,17.954482204381645,17.968857619496852,17.82510621017486,17.853857040405273,178500,0.0,0.0,0.0
2013-11-19 00:00:00-05:00,17.8682267000687,17.889788444881315,17.724475337049793,17.77478790283203,115000,0.0,0.0,0.0
2013-11-20 00:00:00-05:00,17.810732432392705,17.87542043046372,17.6526056055902,17.710105895996094,158900,0.0,0.0,0.0
2013-11-21 00:00:00-05:00,17.7460441688713,17.86823245552048,17.68854387932551,17.853857040405273,273200,0.0,0.0,0.0
2013-11-22 00:00:00-05:00,17.861040951850523,17.93291664123535,17.82510242170073,17.93291664123535,150400,0.0,0.0,0.0
2013-11-25 00:00:00-05:00,17.940102701434554,17.98322893695343,17.896977836830406,17.918540954589844,153400,0.0,0.0,0.0
2013-11-26 00:00:00-05:00,17.911349098015453,17.911349098015453,17.78197316326898,17.796348571777344,109800,0.0,0.0,0.0
2013-11-27 00:00:00-05:00,17.80354228392745,17.868230273129978,17.789166870568025,17.839479446411133,149900,0.0,0.0,0.0
2013-11-29 00:00:00-05:00,17.87541472574813,17.954476743002665,17.87541472574813,17.896976470947266,60200,0.0,0.0,0.0
2013-12-02 00:00:00-05:00,17.918546953365396,17.918546953365396,17.738858357958065,17.74604606628418,146200,0.0,0.0,0.0
2013-12-03 00:00:00-05:00,17.695729663164457,17.753229946459335,17.60947855276469,17.66697883605957,202400,0.0,0.0,0.0
2013-12-04 00:00:00-05:00,17.587914603743105,17.645414884328737,17.501664868322074,17.595102310180664,185500,0.0,0.0,0.0
2013-12-05 00:00:00-05:00,17.516038053092306,17.516038053092306,17.43697466325116,17.444162368774414,180500,0.0,0.0,0.0
2013-12-06 00:00:00-05:00,17.58072771376087,17.60229083407494,17.544790550818977,17.587915420532227,125800,0.0,0.0,0.0
2013-12-09 00:00:00-05:00,17.595107482868613,17.645420071807806,17.58791977431798,17.616670608520508,129200,0.0,0.0,0.0
2013-12-10 00:00:00-05:00,17.638228548806005,17.652602590766293,17.57354056178282,17.595102310180664,117500,0.0,0.0,0.0
2013-12-11 00:00:00-05:00,17.616659596061538,17.616659596061538,17.357907733649697,17.408220291137695,161800,0.0,0.0,0.0
2013-12-12 00:00:00-05:00,17.372286367489327,17.393849483665658,17.286035273698626,17.32197380065918,212800,0.0,0.0,0.0
2013-12-13 00:00:00-05:00,17.393855777924685,17.408229822995768,17.307604652922564,17.379480361938477,142500,0.0,0.0,0.0
2013-12-16 00:00:00-05:00,17.458536686997356,17.50166154652281,17.429785866704005,17.436973571777344,133100,0.0,0.0,0.0
2013-12-17 00:00:00-05:00,17.451348981924017,17.472910726229465,17.37947330210521,17.436973571777344,114400,0.0,0.0,0.0
2013-12-18 00:00:00-05:00,17.472914042571848,17.60229001661822,17.357913481400587,17.595102310180664,207000,0.0,0.0,0.0
2013-12-19 00:00:00-05:00,17.57354218624733,17.57354218624733,17.487291071938586,17.551979064941406,947000,0.0,0.0,0.0
2013-12-20 00:00:00-05:00,17.595106128219168,17.710106714344903,17.54479354315355,17.702919006347656,190300,0.0,0.0,0.0
2013-12-23 00:00:00-05:00,17.77479037040698,17.853853768134766,17.702914678919424,17.832290649414062,142800,0.0,0.0,0.0
2013-12-24 00:00:00-05:00,17.846848291464934,17.89779747216045,17.839569638756853,17.868682861328125,109600,0.31,0.0,0.0
2013-12-26 00:00:00-05:00,17.93419011820781,17.97058338331231,17.91235554740622,17.956026077270508,175200,0.0,0.0,0.0
2013-12-27 00:00:00-05:00,18.028814836420434,18.028814836420434,17.94147237090684,17.963308334350586,111900,0.0,0.0,0.0
2013-12-30 00:00:00-05:00,17.985136032104492,18.006971987198277,17.941465510177785,17.985136032104492,168700,0.0,0.0,0.0
2013-12-31 00:00:00-05:00,18.014251289828124,18.036087245710934,17.98513668198438,18.02880859375,176900,0.0,0.0,0.0
2014-01-02 00:00:00-05:00,17.985137261055982,17.99969456544656,17.846847034128352,17.912353515625,251400,0.0,0.0,0.0
2014-01-03 00:00:00-05:00,17.948748267828233,17.956026921191224,17.875963122459495,17.926912307739258,155900,0.0,0.0,0.0
2014-01-06 00:00:00-05:00,17.948749422666022,17.963306730328636,17.86868561878292,17.905078887939453,289300,0.0,0.0,0.0
2014-01-07 00:00:00-05:00,17.919638333408233,18.014258067980776,17.912359678708587,17.992422103881836,174600,0.0,0.0,0.0
2014-01-08 00:00:00-05:00,17.96330269273107,17.96330269273107,17.875960254648554,17.912353515625,225300,0.0,0.0,0.0
2014-01-09 00:00:00-05:00,17.970583556847874,17.970583556847874,17.80317731227282,17.854127883911133,364400,0.0,0.0,0.0
2014-01-10 00:00:00-05:00,17.905077525273775,17.956026709954166,17.883241565441683,17.93419075012207,136200,0.0,0.0,0.0
2014-01-13 00:00:00-05:00,17.93418709063375,17.956023046010195,17.803174134896835,17.83228874206543,131300,0.0,0.0,0.0
2014-01-14 00:00:00-05:00,17.883237552914654,17.9633013327403,17.84684568295437,17.941465377807617,157600,0.0,0.0,0.0
2014-01-15 00:00:00-05:00,17.963308238195644,18.02153608547256,17.94875092931107,18.014257431030273,193300,0.0,0.0,0.0
2014-01-16 00:00:00-05:00,18.02153577812705,18.072484970092773,17.97786524047948,18.072484970092773,116100,0.0,0.0,0.0
2014-01-17 00:00:00-05:00,18.07248272964799,18.08704003647963,18.014254890582617,18.036090850830078,127200,0.0,0.0,0.0
2014-01-21 00:00:00-05:00,18.145267486572266,18.17438071135027,18.057925035715932,18.145267486572266,248700,0.0,0.0,0.0
2014-01-22 00:00:00-05:00,18.159826278686523,18.174382198135717,18.087041128395462,18.159826278686523,174200,0.0,0.0,0.0
2014-01-23 00:00:00-05:00,18.094320933047236,18.101599587365392,17.999699815172587,18.072484970092773,214900,0.0,0.0,0.0
2014-01-24 00:00:00-05:00,17.999697845252584,17.999697845252584,17.795901099693584,17.81773567199707,186100,0.0,0.0,0.0
2014-01-27 00:00:00-05:00,17.81774022084026,17.81774022084026,17.592107457112846,17.65033531188965,373200,0.0,0.0,0.0
2014-01-28 00:00:00-05:00,17.664884409204646,17.766782760620117,17.664884409204646,17.766782760620117,185800,0.0,0.0,0.0
2014-01-29 00:00:00-05:00,17.635772705078125,17.701279195563014,17.584823520981242,17.635772705078125,169700,0.0,0.0,0.0
2014-01-30 00:00:00-05:00,17.664890520260876,17.795903524981547,17.664890520260876,17.75223159790039,139700,0.0,0.0,0.0
2014-01-31 00:00:00-05:00,17.592107457112846,17.723120477426043,17.548436913095635,17.65033531188965,306900,0.0,0.0,0.0
2014-02-03 00:00:00-05:00,17.657604783384443,17.679440738166747,17.3300724029541,17.3300724029541,355400,0.0,0.0,0.0
2014-02-04 00:00:00-05:00,17.395580420870488,17.453808250523387,17.373745852413755,17.439250946044922,378700,0.0,0.0,0.0
2014-02-05 00:00:00-05:00,17.410137725348953,17.468365555001856,17.322795286739122,17.439250946044922,135800,0.0,0.0,0.0
2014-02-06 00:00:00-05:00,17.46836994531926,17.628496170043945,17.46836994531926,17.628496170043945,238700,0.0,0.0,0.0
2014-02-07 00:00:00-05:00,17.679441088217033,17.788618087768555,17.62849052604951,17.788618087768555,191200,0.0,0.0,0.0
2014-02-10 00:00:00-05:00,17.781343038422975,17.817734916225966,17.715836547768667,17.795900344848633,222900,0.0,0.0,0.0
2014-02-11 00:00:00-05:00,17.8104564209292,17.97786266978626,17.788621849358268,17.93419075012207,320900,0.0,0.0,0.0
2014-02-12 00:00:00-05:00,17.970584016508894,17.99969724135719,17.905077525273775,17.93419075012207,204000,0.0,0.0,0.0
2014-02-13 00:00:00-05:00,17.86140985252639,18.028814739914846,17.83229523475724,18.014257431030273,173900,0.0,0.0,0.0
2014-02-14 00:00:00-05:00,18.036085815297124,18.108869552612305,17.999692558378733,18.108869552612305,553500,0.0,0.0,0.0
2014-02-18 00:00:00-05:00,18.145265999784794,18.174379222177315,18.094316819402092,18.130708694458008,235200,0.0,0.0,0.0
2014-02-19 00:00:00-05:00,18.137988064834246,18.19621590018439,18.036089700036765,18.057924270629883,193200,0.0,0.0,0.0
2014-02-20 00:00:00-05:00,18.079755502018724,18.159819275288143,18.050640897825943,18.137983322143555,175400,0.0,0.0,0.0
2014-02-21 00:00:00-05:00,18.174379222177315,18.196215180167492,18.123430041794613,18.130708694458008,139100,0.0,0.0,0.0
2014-02-24 00:00:00-05:00,18.167097744131897,18.276276128842106,18.159820480861324,18.210769653320312,177400,0.0,0.0,0.0
2014-02-25 00:00:00-05:00,18.188936864767136,18.27627931008632,18.145266336238077,18.16710090637207,335900,0.0,0.0,0.0
2014-02-26 00:00:00-05:00,18.181661063802533,18.196218371682587,18.08704133910475,18.15254783630371,182500,0.0,0.0,0.0
2014-02-27 00:00:00-05:00,18.167100696040798,18.181658001468968,18.094316945422054,18.174379348754883,134000,0.0,0.0,0.0
2014-02-28 00:00:00-05:00,18.18165674200234,18.254441875840218,18.137986217003995,18.218050003051758,117500,0.0,0.0,0.0
2014-03-03 00:00:00-05:00,18.123426855379662,18.159820112298053,18.01424986114609,18.108869552612305,395600,0.0,0.0,0.0
2014-03-04 00:00:00-05:00,18.23260816299757,18.29083599958146,18.210773591941816,18.254444122314453,184400,0.0,0.0,0.0
2014-03-05 00:00:00-05:00,18.276282321842835,18.29083824157715,18.218054478121676,18.29083824157715,150900,0.0,0.0,0.0
2014-03-06 00:00:00-05:00,18.319948826451338,18.334506131243767,18.26899964793883,18.298112869262695,146100,0.0,0.0,0.0
2014-03-07 00:00:00-05:00,18.298112400838566,18.319948357468217,18.152543521423762,18.218050003051758,195400,0.0,0.0,0.0
2014-03-10 00:00:00-04:00,18.203494170363843,18.203494170363843,18.108873072246304,18.16710090637207,228300,0.0,0.0,0.0
2014-03-11 00:00:00-04:00,18.210776198844588,18.218054852992168,18.050648584120502,18.0870418548584,170600,0.0,0.0,0.0
2014-03-12 00:00:00-04:00,18.04336784837103,18.123430252075195,17.977861361901493,18.123430252075195,130800,0.0,0.0,0.0
2014-03-13 00:00:00-04:00,18.18165440729128,18.18165440729128,17.970579073352724,18.021528244018555,224100,0.0,0.0,0.0
2014-03-14 00:00:00-04:00,17.985142506536274,18.123434162058494,17.985142506536274,18.072484970092773,113800,0.0,0.0,0.0
2014-03-17 00:00:00-04:00,18.137990317120824,18.188939505846182,18.094319782250697,18.159826278686523,197000,0.0,0.0,0.0
2014-03-18 00:00:00-04:00,18.18166120813264,18.298116895574957,18.167103900137025,18.29083824157715,155900,0.0,0.0,0.0
2014-03-19 00:00:00-04:00,18.290837883296902,18.319952498717836,18.10887570169989,18.159826278686523,139100,0.0,0.0,0.0
2014-03-20 00:00:00-04:00,18.159823431587768,18.203493959611226,18.06520233456571,18.174379348754883,152000,0.0,0.0,0.0
2014-03-21 00:00:00-04:00,18.18893763262493,18.349063836165353,18.181658979519305,18.254444122314453,139300,0.0,0.0,0.0
2014-03-24 00:00:00-04:00,18.269001727237193,18.305393605099233,18.123431439266714,18.196216583251953,203800,0.0,0.0,0.0
2014-03-25 00:00:00-04:00,18.256602340309424,18.300788961926486,18.197684971930173,18.263965606689453,147600,0.292,0.0,0.0
2014-03-26 00:00:00-04:00,18.330247822555958,18.352341837603934,18.175593931222615,18.182958602905273,143300,0.0,0.0,0.0
2014-03-27 00:00:00-04:00,18.212417719728904,18.271333694458008,18.160866417424398,18.271333694458008,384000,0.0,0.0,0.0
2014-03-28 00:00:00-04:00,18.27869989464783,18.42599054611521,18.271335221607682,18.374439239501953,184700,0.0,0.0,0.0
2014-03-31 00:00:00-04:00,18.43335604511665,18.5217293162227,18.411262025006227,18.506999969482422,212900,0.0,0.0,0.0
2014-04-01 00:00:00-04:00,18.551186123077333,18.602737426757812,18.48490547415452,18.602737426757812,284000,0.0,0.0,0.0
2014-04-02 00:00:00-04:00,18.602733342679343,18.66901397705078,18.551182050316527,18.66901397705078,215900,0.0,0.0,0.0
2014-04-03 00:00:00-04:00,18.698475167277326,18.698475167277326,18.610101906076622,18.63219451904297,135400,0.0,0.0,0.0
2014-04-04 00:00:00-04:00,18.720565624040947,18.757387575092665,18.536453059447574,18.56591033935547,249800,0.0,0.0,0.0
2014-04-07 00:00:00-04:00,18.55118981747351,18.58801178324461,18.440722515492254,18.44808578491211,171200,0.0,0.0,0.0
2014-04-08 00:00:00-04:00,18.47754049397777,18.580643099622606,18.470175821479188,18.573278427124023,139000,0.0,0.0,0.0
2014-04-09 00:00:00-04:00,18.573278337513855,18.639558985013654,18.529091707403204,18.6101016998291,248300,0.0,0.0,0.0
2014-04-10 00:00:00-04:00,18.61746256720543,18.669013859242938,18.396526652472357,18.42598533630371,125000,0.0,0.0,0.0
2014-04-11 00:00:00-04:00,18.359710293230144,18.44808356230082,18.315523658694804,18.367074966430664,147400,0.0,0.0,0.0
2014-04-14 00:00:00-04:00,18.418626189469272,18.484906843301385,18.352345535637163,18.455448150634766,101200,0.0,0.0,0.0
2014-04-15 00:00:00-04:00,18.448083477468114,18.484906843301385,18.300794228138358,18.455448150634766,130300,0.0,0.0,0.0
2014-04-16 00:00:00-04:00,18.499631108395857,18.580639681643113,18.484901766108212,18.56591033935547,194200,0.0,0.0,0.0
2014-04-17 00:00:00-04:00,18.49226706288421,18.639556276741576,18.484902391491225,18.624828338623047,191400,0.0,0.0,0.0
2014-04-21 00:00:00-04:00,18.63219451904297,18.654288536676972,18.595372560987286,18.63219451904297,207400,0.0,0.0,0.0
2014-04-22 00:00:00-04:00,18.669021407656057,18.735302068408387,18.639562711913722,18.69847869873047,262400,0.0,0.0,0.0
2014-04-23 00:00:00-04:00,18.72793336661324,18.72793336661324,18.66165272011604,18.676382064819336,246400,0.0,0.0,0.0
2014-04-24 00:00:00-04:00,18.735295410744474,18.735295410744474,18.61746347898304,18.654285430908203,340600,0.0,0.0,0.0
2014-04-25 00:00:00-04:00,18.646928888037813,18.646928888037813,18.507002881325192,18.558555603027344,192300,0.0,0.0,0.0
2014-04-28 00:00:00-04:00,18.6248310447552,18.646923657476705,18.506997690014057,18.6101016998291,159200,0.0,0.0,0.0
2014-04-29 00:00:00-04:00,18.654288047764393,18.720568694261594,18.610101418322134,18.676382064819336,148100,0.0,0.0,0.0
2014-04-30 00:00:00-04:00,18.646924992949458,18.742664337158203,18.63219564696846,18.742664337158203,159700,0.0,0.0,0.0
2014-05-01 00:00:00-04:00,18.764756951461955,18.764756951461955,18.669019011920955,18.742664337158203,197900,0.0,0.0,0.0
2014-05-02 00:00:00-04:00,18.735297167778423,18.823670422553608,18.735297167778423,18.779483795166016,138700,0.0,0.0,0.0
2014-05-05 00:00:00-04:00,18.727934991177204,18.75002760548096,18.65428966593996,18.742664337158203,155700,0.0,0.0,0.0
2014-05-06 00:00:00-04:00,18.742659282426533,18.742659282426533,18.639555293033535,18.66901397705078,85100,0.0,0.0,0.0
2014-05-07 00:00:00-04:00,18.713204256441436,18.794214248657227,18.646923609113546,18.794214248657227,112600,0.0,0.0,0.0
2014-05-08 00:00:00-04:00,18.79421413125419,18.8531301057701,18.683746854620313,18.73529815673828,171100,0.0,0.0,0.0
2014-05-09 00:00:00-04:00,18.69111171839949,18.713205737479946,18.646925084906336,18.705841064453125,115300,0.0,0.0,0.0
2014-05-12 00:00:00-04:00,18.727934909281664,18.85313154023719,18.705840890406783,18.831037521362305,343800,0.0,0.0,0.0
2014-05-13 00:00:00-04:00,18.867859775544634,18.882587715926558,18.80157912748917,18.816307067871094,129700,0.0,0.0,0.0
2014-05-14 00:00:00-04:00,18.84576443858118,18.84576443858118,18.750025107129247,18.779483795166016,196900,0.0,0.0,0.0
2014-05-15 00:00:00-04:00,18.742662711316534,18.750025979000558,18.56591338421225,18.676382064819336,148600,0.0,0.0,0.0
2014-05-16 00:00:00-04:00,18.698477097795497,18.727935791015625,18.617468500775757,18.727935791015625,121200,0.0,0.0,0.0
2014-05-19 00:00:00-04:00,18.705843477479398,18.772124138603115,18.698478803502546,18.757394790649414,241700,0.0,0.0,0.0
2014-05-20 00:00:00-04:00,18.72057069934001,18.72057069934001,18.60273873842844,18.63956069946289,115000,0.0,0.0,0.0
2014-05-21 00:00:00-04:00,18.67638377701361,18.713205737479946,18.632195738852698,18.705841064453125,113200,0.0,0.0,0.0
2014-05-22 00:00:00-04:00,18.7132039474347,18.772119921345777,18.68374666281297,18.764755249023438,138200,0.0,0.0,0.0
2014-05-23 00:00:00-04:00,18.77212554565895,18.801584243774414,18.727938903153795,18.801584243774414,158800,0.0,0.0,0.0
2014-05-27 00:00:00-04:00,18.816303568187536,18.853126923962638,18.786846288234848,18.845762252807617,263700,0.0,0.0,0.0
2014-05-28 00:00:00-04:00,18.794214248657227,18.831036206209323,18.720568928885385,18.794214248657227,243400,0.0,0.0,0.0
2014-05-29 00:00:00-04:00,18.831037521362305,18.85313154023719,18.779486215321985,18.831037521362305,144400,0.0,0.0,0.0
2014-05-30 00:00:00-04:00,18.779481617079828,18.845762252807617,18.772116945924807,18.845762252807617,131600,0.0,0.0,0.0
2014-06-02 00:00:00-04:00,18.823674354686986,18.853133048877467,18.779487718069117,18.838403701782227,172900,0.0,0.0,0.0
2014-06-03 00:00:00-04:00,18.779490220187817,18.853135560808436,18.779490220187817,18.801584243774414,217700,0.0,0.0,0.0
2014-06-04 00:00:00-04:00,18.779481617079828,18.845762252807617,18.764752274769787,18.845762252807617,159800,0.0,0.0,0.0
2014-06-05 00:00:00-04:00,18.86786101907792,18.985692977905273,18.816308308006672,18.985692977905273,133100,0.0,0.0,0.0
2014-06-06 00:00:00-04:00,18.993055669435623,19.081428927002587,18.993055669435623,19.074064254760742,137400,0.0,0.0,0.0
2014-06-09 00:00:00-04:00,19.096154371293174,19.132976320314306,19.05933101760473,19.110883712768555,206300,0.0,0.0,0.0
2014-06-10 00:00:00-04:00,19.103519042030864,19.125611649576616,19.05933101760473,19.110883712768555,163300,0.0,0.0,0.0
2014-06-11 00:00:00-04:00,19.02988012354451,19.066702084918827,19.007786103919248,19.03724479675293,152900,0.0,0.0,0.0
2014-06-12 00:00:00-04:00,19.022515850318367,19.044609870408195,18.963599868079974,19.02988052368164,155100,0.0,0.0,0.0
2014-06-13 00:00:00-04:00,19.051967751534356,19.110883712768555,19.01514439784591,19.110883712768555,238800,0.0,0.0,0.0
2014-06-16 00:00:00-04:00,19.10352447614624,19.19926241363482,19.096159803313626,19.177169799804688,117800,0.0,0.0,0.0
2014-06-17 00:00:00-04:00,19.14771131330649,19.206627291929955,19.103524680505824,19.199262619018555,329600,0.0,0.0,0.0
2014-06-18 00:00:00-04:00,19.2139891891817,19.309727113864096,19.16980256276425,19.3023624420166,150200,0.0,0.0,0.0
2014-06-19 00:00:00-04:00,19.295002588152297,19.353918568687067,19.28027324185166,19.309730529785156,140100,0.0,0.0,0.0
2014-06-20 00:00:00-04:00,19.32445747926539,19.35391616821289,19.30972813479164,19.35391616821289,184400,0.0,0.0,0.0
2014-06-23 00:00:00-04:00,19.361279141564303,19.390736423259426,19.346549798383002,19.376007080078125,154700,0.0,0.0,0.0
2014-06-24 00:00:00-04:00,19.35365389025891,19.45798722556537,19.294035450690533,19.31639289855957,161000,0.31,0.0,0.0
2014-06-25 00:00:00-04:00,19.27167706138281,19.34619903564453,19.2344146528364,19.34619903564453,156400,0.0,0.0,0.0
2014-06-26 00:00:00-04:00,19.331299813840715,19.39837074279785,19.256776401508798,19.39837074279785,162600,0.0,0.0,0.0
2014-06-27 00:00:00-04:00,19.368561302567034,19.45053720036145,19.353656335437886,19.443084716796875,161900,0.0,0.0,0.0
2014-06-30 00:00:00-04:00,19.465435509677217,19.495244012324132,19.40581708296797,19.48033905029297,159900,0.0,0.0,0.0
2014-07-01 00:00:00-04:00,19.539958473016057,19.569768398597894,19.502697487454245,19.525054931640625,299400,0.0,0.0,0.0
2014-07-02 00:00:00-04:00,19.495244012324132,19.51760145537088,19.45053054764605,19.48033905029297,279700,0.0,0.0,0.0
2014-07-03 00:00:00-04:00,19.53250405437601,19.53250405437601,19.47288563054081,19.495243072509766,87500,0.0,0.0,0.0
2014-07-07 00:00:00-04:00,19.487797700463464,19.487797700463464,19.383465776048297,19.39837074279785,186200,0.0,0.0,0.0
2014-07-08 00:00:00-04:00,19.3834609728652,19.428174440618097,19.294032615943895,19.35365104675293,145200,0.0,0.0,0.0
2014-07-09 00:00:00-04:00,19.37601042361252,19.398367870426323,19.3238444691293,19.38346290588379,92200,0.0,0.0,0.0
2014-07-10 00:00:00-04:00,19.27167706138281,19.361103999063094,19.241867134545682,19.34619903564453,308300,0.0,0.0,0.0
2014-07-11 00:00:00-04:00,19.323842506188214,19.338747469216685,19.264224075489842,19.301485061645508,121200,0.0,0.0,0.0
2014-07-14 00:00:00-04:00,19.37600896248166,19.38346144419094,19.323843011932233,19.34619903564453,116100,0.0,0.0,0.0
2014-07-15 00:00:00-04:00,19.35365341801695,19.361105900458117,19.226964059348482,19.32384490966797,351600,0.0,0.0,0.0
2014-07-16 00:00:00-04:00,19.390912577745645,19.46543596824167,19.383460096554497,19.450531005859375,99900,0.0,0.0,0.0
2014-07-17 00:00:00-04:00,19.39091580060573,19.435629273768754,19.25677395970098,19.271678924560547,184600,0.0,0.0,0.0
2014-07-18 00:00:00-04:00,19.3312983831707,19.398369307164057,19.271679942000578,19.39091682434082,95700,0.0,0.0,0.0
2014-07-21 00:00:00-04:00,19.35365104675293,19.361103528280996,19.27912907430327,19.35365104675293,126400,0.0,0.0,0.0
2014-07-22 00:00:00-04:00,19.390914455190554,19.457985370989295,19.38346197327785,19.42072296142578,126200,0.0,0.0,0.0
2014-07-23 00:00:00-04:00,19.420722490802074,19.4505324177305,19.383461503557093,19.42817497253418,133400,0.0,0.0,0.0
2014-07-24 00:00:00-04:00,19.4281764087082,19.472889880990607,19.405820383274826,19.43562889099121,171300,0.0,0.0,0.0
2014-07-25 00:00:00-04:00,19.4132704463025,19.4132704463025,19.338748470134128,19.36855697631836,85400,0.0,0.0,0.0
2014-07-28 00:00:00-04:00,19.376009458218313,19.398366903918177,19.308938542534314,19.36855697631836,89600,0.0,0.0,0.0
2014-07-29 00:00:00-04:00,19.398365889653984,19.398365889653984,19.27167654681002,19.279129028320312,101500,0.0,0.0,0.0
2014-07-30 00:00:00-04:00,19.279124111422895,19.286575169617382,19.077911426208267,19.130077362060547,151300,0.0,0.0,0.0
2014-07-31 00:00:00-04:00,19.033205878470344,19.063014387879488,18.839445592355837,18.85434913635254,283200,0.0,0.0,0.0
2014-08-01 00:00:00-04:00,18.80218217848745,18.861800615549576,18.630779349610787,18.764921188354492,236400,0.0,0.0,0.0
2014-08-04 00:00:00-04:00,18.831993109649616,18.884159067177418,18.72020871188779,18.85434913635254,230700,0.0,0.0,0.0
2014-08-05 00:00:00-04:00,18.817087081887713,18.861800554184924,18.638231771283216,18.66058921813965,600000,0.0,0.0,0.0
2014-08-06 00:00:00-04:00,18.638228938526034,18.757465794139986,18.63077645737323,18.697847366333008,116900,0.0,0.0,0.0
2014-08-07 00:00:00-04:00,18.7872771527458,18.802182117316757,18.61587432442678,18.66058921813965,116100,0.0,0.0,0.0
2014-08-08 00:00:00-04:00,18.68294675983479,18.846898540589844,18.66059073257966,18.824541091918945,122200,0.0,0.0,0.0
2014-08-11 00:00:00-04:00,18.973584210802112,19.07046505534554,18.973584210802112,19.018299102783203,171800,0.0,0.0,0.0
2014-08-12 00:00:00-04:00,18.988487703480843,19.01084514773903,18.913964310702372,18.95867919921875,721700,0.0,0.0,0.0
2014-08-13 00:00:00-04:00,18.988490586906945,19.010848034560137,18.921419665363068,18.995943069458008,89200,0.0,0.0,0.0
2014-08-14 00:00:00-04:00,19.003398914698472,19.06301736424089,19.003398914698472,19.055564880371094,108300,0.0,0.0,0.0
2014-08-15 00:00:00-04:00,19.107723706060614,19.144986111485757,18.966130829691362,19.100271224975586,159900,0.0,0.0,0.0
2014-08-18 00:00:00-04:00,19.159895901577435,19.16734838509322,19.115182421898606,19.15244483947754,153800,0.0,0.0,0.0
2014-08-19 00:00:00-04:00,19.167344608250044,19.234415525260196,19.15244106557104,19.22696304321289,156600,0.0,0.0,0.0
2014-08-20 00:00:00-04:00,19.204606581604377,19.28658103942871,19.182249135971063,19.28658103942871,108300,0.0,0.0,0.0
2014-08-21 00:00:00-04:00,19.286580568841174,19.30148553223304,19.24186710008112,19.29403305053711,136400,0.0,0.0,0.0
2014-08-22 00:00:00-04:00,19.30148212804679,19.30148212804679,19.1747928043911,19.212055206298828,101600,0.0,0.0,0.0
2014-08-25 00:00:00-04:00,19.27913091284179,19.294034455903677,19.226963537170416,19.24932098388672,148000,0.0,0.0,0.0
2014-08-26 00:00:00-04:00,19.256776831427587,19.33875272896444,19.256776831427587,19.308942794799805,229200,0.0,0.0,0.0
2014-08-27 00:00:00-04:00,19.316397202969682,19.368563171539563,19.316397202969682,19.36111068725586,145000,0.0,0.0,0.0
2014-08-28 00:00:00-04:00,19.323843967728973,19.353652474624944,19.27913049667721,19.338748931884766,147500,0.0,0.0,0.0
2014-08-29 00:00:00-04:00,19.35365061349436,19.42817400569122,19.308937146742437,19.41326904296875,86700,0.0,0.0,0.0
2014-09-02 00:00:00-04:00,19.41326994961252,19.41326994961252,19.30893804851367,19.34619903564453,127800,0.0,0.0,0.0
2014-09-03 00:00:00-04:00,19.40581938581813,19.4132704463025,19.353652012518452,19.36855697631836,136200,0.0,0.0,0.0
2014-09-04 00:00:00-04:00,19.361105870886593,19.4132718264794,19.22696402998184,19.271678924560547,113800,0.0,0.0,0.0
2014-09-05 00:00:00-04:00,19.27913003635008,19.36855697631836,19.212059120666076,19.36855697631836,102500,0.0,0.0,0.0
2014-09-08 00:00:00-04:00,19.331292063237303,19.346195602595635,19.18969777871844,19.234411239624023,140200,0.0,0.0,0.0
2014-09-09 00:00:00-04:00,19.189703903820867,19.189703903820867,19.077919505169138,19.12263298034668,137200,0.0,0.0,0.0
2014-09-10 00:00:00-04:00,19.092816385427533,19.15243480088944,19.02574549035599,19.130077362060547,125800,0.0,0.0,0.0
2014-09-11 00:00:00-04:00,19.048110533636414,19.15989493791917,19.033206988770313,19.13753890991211,90600,0.0,0.0,0.0
2014-09-12 00:00:00-04:00,19.137534462645373,19.137534462645373,18.876703298988186,18.928869247436523,144500,0.0,0.0,0.0
2014-09-15 00:00:00-04:00,18.899062144709674,18.913965687217623,18.831991228469334,18.884157180786133,155700,0.0,0.0,0.0
2014-09-16 00:00:00-04:00,18.83944045662332,19.03320068991775,18.83944045662332,18.981033325195312,131600,0.0,0.0,0.0
2014-09-17 00:00:00-04:00,18.981036164533574,19.01084609169132,18.891609225891457,18.943775177001953,134800,0.0,0.0,0.0
2014-09-18 00:00:00-04:00,18.981033325195312,18.99593828654458,18.92141490121359,18.981033325195312,135700,0.0,0.0,0.0
2014-09-19 00:00:00-04:00,19.018305744097507,19.033210713296118,18.89161634874154,18.921424865722656,119400,0.0,0.0,0.0
2014-09-22 00:00:00-04:00,18.899060093212345,18.899060093212345,18.682942404027404,18.697847366333008,207700,0.0,0.0,0.0
2014-09-23 00:00:00-04:00,18.630783061091773,18.705306477619327,18.571164612152916,18.578617095947266,285300,0.0,0.0,0.0
2014-09-24 00:00:00-04:00,18.613335346359655,18.681267342779265,18.492567672650182,18.64352798461914,367700,0.316,0.0,0.0
2014-09-25 00:00:00-04:00,18.583141911583915,18.62842942385929,18.38689410550521,18.401988983154297,309700,0.0,0.0,0.0
2014-09-26 00:00:00-04:00,18.409539870625796,18.537855707479448,18.311416672873836,18.5001163482666,195300,0.0,0.0,0.0
2014-09-29 00:00:00-04:00,18.364247644460452,18.46991897490185,18.349151328779136,18.439727783203125,243600,0.0,0.0,0.0
2014-09-30 00:00:00-04:00,18.47746776793097,18.47746776793097,18.32650892492011,18.364248275756836,177800,0.0,0.0,0.0
2014-10-01 00:00:00-04:00,18.364248767821664,18.409536277971995,18.16800097095158,18.220836639404297,436200,0.0,0.0,0.0
2014-10-02 00:00:00-04:00,18.17555023468842,18.20574286973428,17.918918595454933,18.14535903930664,303100,0.0,0.0,0.0
2014-10-03 00:00:00-04:00,18.213291726737214,18.228388046032173,18.13026484994343,18.175552368164062,169300,0.0,0.0,0.0
2014-10-06 00:00:00-04:00,18.152901746527196,18.29631385197212,18.130258714911097,18.198190689086914,194200,0.0,0.0,0.0
2014-10-07 00:00:00-04:00,18.13781252005824,18.205744515387853,18.009496688842773,18.009496688842773,179200,0.0,0.0,0.0
2014-10-08 00:00:00-04:00,18.00949506092843,18.168002075926957,17.82079541088405,18.14535903930664,332800,0.0,0.0,0.0
2014-10-09 00:00:00-04:00,18.100068435856883,18.100068435856883,17.74531364440918,17.74531364440918,287200,0.0,0.0,0.0
2014-10-10 00:00:00-04:00,17.730213816489254,18.03213288128958,16.13004205321569,17.533966064453125,2009100,0.0,0.0,0.0
2014-10-13 00:00:00-04:00,17.549066667698117,17.654738006294995,17.307531356811523,17.307531356811523,446900,0.0,0.0,0.0
2014-10-14 00:00:00-04:00,17.37546560476506,17.533972633293647,17.232053455383816,17.322629928588867,321600,0.0,0.0,0.0
2014-10-15 00:00:00-04:00,17.171667953580826,17.413203272471755,16.967871988392577,17.352819442749023,444100,0.0,0.0,0.0
2014-10-16 00:00:00-04:00,17.096187318810422,17.60945057664388,17.081091001894375,17.496231079101562,274500,0.0,0.0,0.0
2014-10-17 00:00:00-04:00,17.68492725891707,17.934010680606168,17.518870684681847,17.594350814819336,170100,0.0,0.0,0.0
2014-10-20 00:00:00-04:00,17.571710672304114,17.76041030883789,17.571710672304114,17.76041030883789,200400,0.0,0.0,0.0
2014-10-21 00:00:00-04:00,17.828344408460204,18.03213894595187,17.813248090227003,18.017044067382812,340200,0.0,0.0,0.0
2014-10-22 00:00:00-04:00,18.032136044017328,18.084971709666483,17.82834153932257,17.850984573364258,184800,0.0,0.0,0.0
2014-10-23 00:00:00-04:00,17.949112074997544,18.09252277922054,17.918919438531134,18.017044067382812,151900,0.0,0.0,0.0
2014-10-24 00:00:00-04:00,18.039682738155573,18.084970242228177,17.95665588729977,18.054779052734375,180500,0.0,0.0,0.0
2014-10-27 00:00:00-04:00,17.99439641005418,18.00194456783687,17.835887975945525,17.941560745239258,206300,0.0,0.0,0.0
2014-10-28 00:00:00-04:00,17.994400381326656,18.115168053174685,17.9491128642997,18.0925235748291,139900,0.0,0.0,0.0
2014-10-29 00:00:00-04:00,18.092524571060462,18.1529084103094,17.888730013385473,18.032140731811523,367700,0.0,0.0,0.0
2014-10-30 00:00:00-04:00,17.979303063176285,18.130263364428355,17.949111866724348,18.06987953186035,148700,0.0,0.0,0.0
2014-10-31 00:00:00-04:00,18.198189987438532,18.198189987438532,18.06987420112752,18.167997360229492,246600,0.0,0.0,0.0
2014-11-03 00:00:00-05:00,18.160453427898997,18.190646062131425,18.047233928855462,18.06233024597168,480500,0.0,0.0,0.0
2014-11-04 00:00:00-05:00,18.032137182969326,18.047233499726577,17.813246348645176,17.85853385925293,170900,0.0,0.0,0.0
2014-11-05 00:00:00-05:00,17.926464230092808,18.0094925251141,17.873628565866124,17.994396209716797,217000,0.0,0.0,0.0
2014-11-06 00:00:00-05:00,17.97930145263672,18.02458896308995,17.888726431730255,17.97930145263672,172800,0.0,0.0,0.0
2014-11-07 00:00:00-05:00,17.949107960282358,18.107614946401874,17.949107960282358,18.084970474243164,290900,0.0,0.0,0.0
2014-11-10 00:00:00-05:00,18.115168175582465,18.190648330913568,18.03968802025136,18.077428817749023,439800,0.0,0.0,0.0
2014-11-11 00:00:00-05:00,18.107619893726156,18.115168053174685,18.04723605780214,18.0925235748291,185700,0.0,0.0,0.0
2014-11-12 00:00:00-05:00,18.06233061246842,18.175550113809248,18.04723429504589,18.16045379638672,290100,0.0,0.0,0.0
2014-11-13 00:00:00-05:00,18.130265370381228,18.17555288990186,17.986853212290892,18.032140731811523,109300,0.0,0.0,0.0
2014-11-14 00:00:00-05:00,18.00949569929235,18.092522569283272,18.00949569929235,18.06987953186035,109800,0.0,0.0,0.0
2014-11-17 00:00:00-05:00,18.06233194259221,18.15290697446926,18.03968746479086,18.11516761779785,347200,0.0,0.0,0.0
2014-11-18 00:00:00-05:00,18.137809896819487,18.235933076068545,18.137809896819487,18.20574188232422,241700,0.0,0.0,0.0
2014-11-19 00:00:00-05:00,18.243481895366436,18.26612637124307,18.152905431523955,18.213289260864258,220300,0.0,0.0,0.0
2014-11-20 00:00:00-05:00,18.19064558893572,18.303865085034058,18.17554927221221,18.288768768310547,138100,0.0,0.0,0.0
2014-11-21 00:00:00-05:00,18.4321837411484,18.492567577693077,18.32651238711128,18.34915542602539,177800,0.0,0.0,0.0
2014-11-24 00:00:00-05:00,18.364248912264106,18.371797070625863,18.273672451587036,18.288768768310547,178800,0.0,0.0,0.0
2014-11-25 00:00:00-05:00,18.311412114006718,18.34160330592764,18.235931974708528,18.281219482421875,403500,0.0,0.0,0.0
2014-11-26 00:00:00-05:00,18.27367335175994,18.27367335175994,18.213289521555346,18.26612663269043,201700,0.0,0.0,0.0
2014-11-28 00:00:00-05:00,18.11516755756579,18.11516755756579,17.926467895507812,17.926467895507812,106800,0.0,0.0,0.0
2014-12-01 00:00:00-05:00,17.888725620810835,17.896272339157605,17.624545849091938,17.67738151550293,288400,0.0,0.0,0.0
2014-12-02 00:00:00-05:00,17.662285345270035,17.835888661957384,17.64718902912402,17.74531364440918,488400,0.0,0.0,0.0
2014-12-03 00:00:00-05:00,17.75286097214134,17.93401243842884,17.75286097214134,17.873628616333008,224900,0.0,0.0,0.0
2014-12-04 00:00:00-05:00,17.80569810782107,17.82079442450842,17.64718966193186,17.66983413696289,196300,0.0,0.0,0.0
2014-12-05 00:00:00-05:00,17.684927962255497,17.722667308993284,17.609447829116124,17.624544143676758,136100,0.0,0.0,0.0
2014-12-08 00:00:00-05:00,17.549072573734477,17.549072573734477,17.14902868065615,17.186769485473633,420200,0.0,0.0,0.0
2014-12-09 00:00:00-05:00,17.07354309164004,17.31507838678542,17.035802301983622,17.29998207092285,359200,0.0,0.0,0.0
2014-12-10 00:00:00-05:00,17.224501386685244,17.224501386685244,16.869746613114774,16.907485961914062,388200,0.0,0.0,0.0
2014-12-11 00:00:00-05:00,16.922588691709944,17.13393286822083,16.877301168052046,16.937685012817383,329600,0.0,0.0,0.0
2014-12-12 00:00:00-05:00,16.81691533980579,16.832010219468433,16.643310546875,16.643310546875,368700,0.0,0.0,0.0
2014-12-15 00:00:00-05:00,16.688599671525953,16.75653166951117,16.36403600107753,16.401775360107422,551000,0.0,0.0,0.0
2014-12-16 00:00:00-05:00,16.32629433629453,16.74143446192202,16.228171144223563,16.447063446044922,3062600,0.0,0.0,0.0
2014-12-17 00:00:00-05:00,16.477249951102575,16.967868651060243,16.477249951102575,16.89993667602539,243700,0.0,0.0,0.0
2014-12-18 00:00:00-05:00,17.12638079949181,17.216955826138722,16.97542050219483,17.141475677490234,382800,0.0,0.0,0.0
2014-12-19 00:00:00-05:00,17.239599856753888,17.413203186390536,17.164119710057587,17.390560150146484,297800,0.0,0.0,0.0
2014-12-22 00:00:00-05:00,17.428297876426825,17.428297876426825,17.254694562999074,17.29998207092285,567400,0.0,0.0,0.0
2014-12-23 00:00:00-05:00,17.352819356966307,17.428299503662608,17.315080003450184,17.390560150146484,255100,0.0,0.0,0.0
2014-12-24 00:00:00-05:00,17.38824462890625,17.403666928864173,17.311136070619597,17.38824462890625,168400,0.487,0.0,0.0
2014-12-26 00:00:00-05:00,17.426797605050435,17.48848532431207,17.411375307547218,17.419086456298828,288000,0.0,0.0,0.0
2014-12-29 00:00:00-05:00,17.4113826751709,17.51933586187132,17.395960371141737,17.4113826751709,366600,0.0,0.0,0.0
2014-12-30 00:00:00-05:00,17.34969087036698,17.43451205192926,17.311136590066774,17.33426856994629,243800,0.0,0.0,0.0
2014-12-31 00:00:00-05:00,17.341979636821577,17.372824237514738,17.210893025378667,17.249448776245117,334900,0.0,0.0,0.0
2015-01-02 00:00:00-05:00,17.24945267156123,17.29571811229724,17.126075711678794,17.264873504638672,664200,0.0,0.0,0.0
2015-01-05 00:00:00-05:00,17.14149555619219,17.187762461042063,16.840768028426176,16.887033462524414,224500,0.0,0.0,0.0
2015-01-06 00:00:00-05:00,16.879321454160323,16.94872033715768,16.65570397508671,16.709680557250977,256100,0.0,0.0,0.0
2015-01-07 00:00:00-05:00,16.817633195864826,16.90245437704379,16.748234315036857,16.83305549621582,230100,0.0,0.0,0.0
2015-01-08 00:00:00-05:00,16.933298877253,17.110652404138044,16.933298877253,17.095230102539062,286900,0.0,0.0,0.0
2015-01-09 00:00:00-05:00,17.118364958128172,17.118364958128172,16.92559058459408,17.01041030883789,236700,0.0,0.0,0.0
2015-01-12 00:00:00-05:00,16.97185544244045,16.97185544244045,16.748236470821954,16.840768814086914,257600,0.0,0.0,0.0
2015-01-13 00:00:00-05:00,16.93329777068595,17.010407802890203,16.655703713802787,16.7713680267334,261200,0.0,0.0,0.0
2015-01-14 00:00:00-05:00,16.694257994529146,16.794501477620134,16.50919479968986,16.7713680267334,407800,0.0,0.0,0.0
2015-01-15 00:00:00-05:00,16.86390308501369,16.925590826596544,16.65570640563965,16.65570640563965,175600,0.0,0.0,0.0
2015-01-16 00:00:00-05:00,16.671124387543774,16.933296118251775,16.6557020884576,16.917875289916992,375200,0.0,0.0,0.0
2015-01-20 00:00:00-05:00,16.933296637469933,16.933296637469933,16.77907805413363,16.86389923095703,270500,0.0,0.0,0.0
2015-01-21 00:00:00-05:00,16.856191343805232,17.072097696416453,16.856191343805232,17.056676864624023,247300,0.0,0.0,0.0
2015-01-22 00:00:00-05:00,17.12607192878576,17.23402656099335,17.06438419784636,17.195470809936523,878500,0.0,0.0,0.0
2015-01-23 00:00:00-05:00,17.180050763751133,17.241738497503764,17.118363029998502,17.149206161499023,291000,0.0,0.0,0.0
2015-01-26 00:00:00-05:00,17.141492852483754,17.280290603637695,17.079805126498826,17.280290603637695,220500,0.0,0.0,0.0
2015-01-27 00:00:00-05:00,17.149208830016605,17.288006620245675,17.118365693716708,17.241741180419922,205000,0.0,0.0,0.0
2015-01-28 00:00:00-05:00,17.24945354538495,17.34969558384968,16.917881350017737,16.94101333618164,197000,0.0,0.0,0.0
2015-01-29 00:00:00-05:00,17.010408318099657,17.056675221274457,16.786790835761106,16.99498748779297,337500,0.0,0.0,0.0
2015-01-30 00:00:00-05:00,16.863898713866774,17.09522731715382,16.833054115694427,16.917875289916992,542800,0.0,0.0,0.0
2015-02-02 00:00:00-05:00,16.94872092123868,17.133784125358705,16.848478903872188,17.0875186920166,154100,0.0,0.0,0.0
2015-02-03 00:00:00-05:00,17.218599995914975,17.53474972252024,17.218599995914975,17.52703857421875,333700,0.0,0.0,0.0
2015-02-04 00:00:00-05:00,17.38824515066719,17.457644031808776,17.28029198922539,17.33426856994629,352800,0.0,0.0,0.0
2015-02-05 00:00:00-05:00,17.403669082426827,17.55788915958657,17.403669082426827,17.53475570678711,629600,0.0,0.0,0.0
2015-02-06 00:00:00-05:00,17.58102576708566,17.604159225971376,17.45765026119925,17.488494873046875,169000,0.0,0.0,0.0
2015-02-09 00:00:00-05:00,17.473067970073544,17.63499919816644,17.465356819140393,17.53475570678711,166300,0.0,0.0,0.0
2015-02-10 00:00:00-05:00,17.565603256225586,17.565603256225586,17.39596084875095,17.565603256225586,286700,0.0,0.0,0.0
2015-02-11 00:00:00-05:00,17.488490279591808,17.51162226164973,17.395957939105145,17.465356826782227,282500,0.0,0.0,0.0
2015-02-12 00:00:00-05:00,17.56559839963119,17.68897385963682,17.56559839963119,17.673551559448242,172000,0.0,0.0,0.0
2015-02-13 00:00:00-05:00,17.727530645188995,17.79692953509581,17.719819494004714,17.77379608154297,293300,0.0,0.0,0.0
2015-02-17 00:00:00-05:00,17.712108342820436,17.81235183746437,17.66584290646646,17.77379608154297,151200,0.0,0.0,0.0
2015-02-18 00:00:00-05:00,17.696684749777056,17.750661328892697,17.66584014985299,17.735239028930664,152200,0.0,0.0,0.0
2015-02-19 00:00:00-05:00,17.59643661648258,17.72752318998425,17.57330464340946,17.696680068969727,178600,0.0,0.0,0.0
2015-02-20 00:00:00-05:00,17.681265736263246,17.735242325411612,17.604155692871977,17.719820022583008,140000,0.0,0.0,0.0
2015-02-23 00:00:00-05:00,17.65041672033841,17.66583901931348,17.58872899518951,17.61957359313965,173700,0.0,0.0,0.0
2015-02-24 00:00:00-05:00,17.61957359313965,17.673550168801015,17.596440144677043,17.61957359313965,165700,0.0,0.0,0.0
2015-02-25 00:00:00-05:00,17.611860549963065,17.719813689678297,17.611860549963065,17.6889705657959,126200,0.0,0.0,0.0
2015-02-26 00:00:00-05:00,17.650418894752708,17.650418894752708,17.50391144869494,17.55788803100586,141500,0.0,0.0,0.0
2015-02-27 00:00:00-05:00,17.557886989771355,17.634997018821917,17.557886989771355,17.5964412689209,121600,0.0,0.0,0.0
2015-03-02 00:00:00-05:00,17.565599789970005,17.573310940674638,17.488489753675257,17.519332885742188,157700,0.0,0.0,0.0
2015-03-03 00:00:00-05:00,17.480778602970624,17.53475518715146,17.46535630156135,17.519332885742188,122300,0.0,0.0,0.0
2015-03-04 00:00:00-05:00,17.46535187805724,17.527039597318876,17.33426529078237,17.419086456298828,156400,0.0,0.0,0.0
2015-03-05 00:00:00-05:00,17.426802810464633,17.465357094987663,17.395958206244863,17.403669357299805,187200,0.0,0.0,0.0
2015-03-06 00:00:00-05:00,17.311137119287277,17.349691400766133,17.118362770389876,17.141494750976562,136600,0.0,0.0,0.0
2015-03-09 00:00:00-04:00,17.164628728087845,17.218605312112235,17.0875186920166,17.0875186920166,149800,0.0,0.0,0.0
2015-03-10 00:00:00-04:00,16.994988886139765,17.033543171206098,16.887034240600975,16.910167694091797,339400,0.0,0.0,0.0
2015-03-11 00:00:00-04:00,16.910163348595745,16.948717623754575,16.809919879980665,16.825342178344727,933900,0.0,0.0,0.0
2015-03-12 00:00:00-04:00,16.879325588491362,16.98728025001329,16.879325588491362,16.94101333618164,137500,0.0,0.0,0.0
2015-03-13 00:00:00-04:00,16.87932014225192,16.933296720220973,16.732812707979182,16.809921264648438,542300,0.0,0.0,0.0
2015-03-16 00:00:00-04:00,16.833053335615045,16.902452207535344,16.817631037243572,16.89474105834961,175300,0.0,0.0,0.0
2015-03-17 00:00:00-04:00,16.809923425192924,16.917878065757662,16.794502594327934,16.887033462524414,178700,0.0,0.0,0.0
2015-03-18 00:00:00-04:00,16.840767747905037,17.226316457388666,16.802213465257317,17.156917572021484,231300,0.0,0.0,0.0
2015-03-19 00:00:00-04:00,17.095228977754203,17.118362428630604,17.03354124616866,17.04896354675293,199600,0.0,0.0,0.0
2015-03-20 00:00:00-04:00,17.126075711678794,17.29571811229724,17.126075711678794,17.264873504638672,144400,0.0,0.0,0.0
2015-03-23 00:00:00-04:00,17.257158538594354,17.395956300877533,17.241737708925182,17.33426856994629,162100,0.0,0.0,0.0
2015-03-24 00:00:00-04:00,17.35740585686254,17.380539312606466,17.264873504638672,17.264873504638672,133500,0.0,0.0,0.0
2015-03-25 00:00:00-04:00,17.34452667468961,17.43823931957324,17.258625030517578,17.258625030517578,151900,0.282,0.0,0.0
2015-03-26 00:00:00-04:00,17.219576869313364,17.321099021828484,17.196149826049805,17.196149826049805,179200,0.0,0.0,0.0
2015-03-27 00:00:00-04:00,17.164915337707498,17.243008973622636,17.157105825164763,17.18053436279297,198900,0.0,0.0,0.0
2015-03-30 00:00:00-04:00,17.25862157403219,17.3445232010002,17.250812064396612,17.305477142333984,308100,0.0,0.0,0.0
2015-03-31 00:00:00-04:00,17.250815007513182,17.30548009477682,17.196149920249546,17.227386474609375,506700,0.0,0.0,0.0
2015-04-01 00:00:00-04:00,17.180529819083002,17.2664329448222,17.164910798128272,17.219575881958008,190400,0.0,0.0,0.0
2015-04-02 00:00:00-04:00,17.211768468671735,17.344525682938613,17.211768468671735,17.28205108642578,153400,0.0,0.0,0.0
2015-04-06 00:00:00-04:00,17.26643444848644,17.500713825162563,17.258624937328975,17.446048736572266,224000,0.0,0.0,0.0
2015-04-07 00:00:00-04:00,17.430428376524905,17.524141013710363,17.422618865966797,17.422618865966797,142600,0.0,0.0,0.0
2015-04-08 00:00:00-04:00,17.453854171922284,17.500709738413452,17.375760568095934,17.4304256439209,164200,0.0,0.0,0.0
2015-04-09 00:00:00-04:00,17.430426002978205,17.50071009891857,17.422616493483538,17.47728157043457,207600,0.0,0.0,0.0
2015-04-10 00:00:00-04:00,17.500714775993405,17.578808402298996,17.45385919601486,17.55537986755371,93400,0.0,0.0,0.0
2015-04-13 00:00:00-04:00,17.57881054602918,17.57881054602918,17.46948034957579,17.485097885131836,146900,0.0,0.0,0.0
2015-04-14 00:00:00-04:00,17.492903874092352,17.62566258140672,17.492903874092352,17.58661651611328,123300,0.0,0.0,0.0
2015-04-15 00:00:00-04:00,17.633470930946334,17.7974676713034,17.633470930946334,17.7662296295166,193100,0.0,0.0,0.0
2015-04-16 00:00:00-04:00,17.750612165366018,17.78965972102402,17.67251854356196,17.719375610351562,89200,0.0,0.0,0.0
2015-04-17 00:00:00-04:00,17.64127860366697,17.64127860366697,17.516329428559597,17.57880401611328,127900,0.0,0.0,0.0
2015-04-20 00:00:00-04:00,17.610040616247044,17.742799301372912,17.563185047823698,17.66470718383789,132500,0.0,0.0,0.0
2015-04-21 00:00:00-04:00,17.69594595619665,17.703755466833638,17.586615786302485,17.625661849975586,119200,0.0,0.0,0.0
2015-04-22 00:00:00-04:00,17.641281478520344,17.711565587160816,17.594425902597333,17.68813705444336,115100,0.0,0.0,0.0
2015-04-23 00:00:00-04:00,17.68033327249025,17.820901535319482,17.672523759053917,17.774045944213867,133600,0.0,0.0,0.0
2015-04-24 00:00:00-04:00,17.774039396911107,17.82870448131645,17.750610865232318,17.781848907470703,271800,0.0,0.0,0.0
2015-04-27 00:00:00-04:00,17.81308593507624,17.83651446737961,17.727184295654297,17.727184295654297,139900,0.0,0.0,0.0
2015-04-28 00:00:00-04:00,17.766230967018192,17.797469011156696,17.695946857218484,17.78965950012207,146200,0.0,0.0,0.0
2015-04-29 00:00:00-04:00,17.719374056348215,17.820894713131683,17.680326504114717,17.7662296295166,120500,0.0,0.0,0.0
2015-04-30 00:00:00-04:00,17.719376917381577,17.742803962992475,17.617854754694164,17.656902313232422,144100,0.0,0.0,0.0
2015-05-01 00:00:00-04:00,17.719374623681404,17.750611176956507,17.656900027619326,17.742801666259766,101000,0.0,0.0,0.0
2015-05-04 00:00:00-04:00,17.7506114334043,17.82089554117853,17.7506114334043,17.758420944213867,147100,0.0,0.0,0.0
2015-05-05 00:00:00-04:00,17.77403848144796,17.79746701192005,17.59442421636389,17.61785125732422,178100,0.0,0.0,0.0
2015-05-06 00:00:00-04:00,17.672515362047108,17.71156291067553,17.461664557500345,17.508520126342773,201200,0.0,0.0,0.0
2015-05-07 00:00:00-04:00,17.508519247747245,17.508519247747245,17.36795105876214,17.4304256439209,162600,0.0,0.0,0.0
2015-05-08 00:00:00-04:00,17.539754667352586,17.65689581031298,17.531946648032633,17.61003875732422,331000,0.0,0.0,0.0
2015-05-11 00:00:00-04:00,17.555375435759245,17.61004051351954,17.485091338778393,17.492900848388672,134200,0.0,0.0,0.0
2015-05-12 00:00:00-04:00,17.45386132450753,17.524145447802486,17.3913867137467,17.485097885131836,155300,0.0,0.0,0.0
2015-05-13 00:00:00-04:00,17.524143791124835,17.602237419571193,17.477286720349774,17.500715255737305,182200,0.0,0.0,0.0
2015-05-14 00:00:00-04:00,17.547564176184046,17.64908630148152,17.524137139201173,17.61003875732422,125500,0.0,0.0,0.0
2015-05-15 00:00:00-04:00,17.578806275665496,17.64909038188656,17.539758722480542,17.625661849975586,180800,0.0,0.0,0.0
2015-05-18 00:00:00-04:00,17.60223722079092,17.656902313232422,17.539761127129708,17.656902313232422,136500,0.0,0.0,0.0
2015-05-19 00:00:00-04:00,17.594425256584525,17.594425256584525,17.492903108048356,17.539758682250977,151300,0.0,0.0,0.0
2015-05-20 00:00:00-04:00,17.563189379135473,17.610044959114017,17.52414331073869,17.55537986755371,142900,0.0,0.0,0.0
2015-05-21 00:00:00-04:00,17.563187254391515,17.64909038188656,17.563187254391515,17.625661849975586,157000,0.0,0.0,0.0
2015-05-22 00:00:00-04:00,17.59442303537962,17.62565958440063,17.563184996846946,17.57880401611328,109500,0.0,0.0,0.0
2015-05-26 00:00:00-04:00,17.516327564520587,17.516327564520587,17.352330858699453,17.39137840270996,127500,0.0,0.0,0.0
2015-05-27 00:00:00-04:00,17.43043377731215,17.461671829223633,17.38357818895722,17.461671829223633,91600,0.0,0.0,0.0
2015-05-28 00:00:00-04:00,17.399190078238075,17.41480760827563,17.336715489552784,17.406999588012695,77200,0.0,0.0,0.0
2015-05-29 00:00:00-04:00,17.40700072320252,17.430427764542483,17.321097599591226,17.360143661499023,129100,0.0,0.0,0.0
2015-06-01 00:00:00-04:00,17.367952248204997,17.430426837642322,17.282049129161788,17.336715698242188,120300,0.0,0.0,0.0
2015-06-02 00:00:00-04:00,17.321101658863768,17.430431849437014,17.31329214674966,17.37576675415039,109400,0.0,0.0,0.0
2015-06-03 00:00:00-04:00,17.36794872739202,17.3913772522485,17.27423760698891,17.297664642333984,113100,0.0,0.0,0.0
2015-06-04 00:00:00-04:00,17.23519895280933,17.258627489746623,17.125868759459642,17.149295806884766,156800,0.0,0.0,0.0
2015-06-05 00:00:00-04:00,17.07120240537705,17.14148652149986,17.000918289254237,17.079011917114258,185600,0.0,0.0,0.0
2015-06-08 00:00:00-04:00,17.055577712468335,17.10243327780429,17.02433967590332,17.02433967590332,102300,0.0,0.0,0.0
2015-06-09 00:00:00-04:00,17.04777058424319,17.06338960470707,16.969676971435547,16.969676971435547,136300,0.0,0.0,0.0
2015-06-10 00:00:00-04:00,17.05558213990625,17.157102806073045,17.05558213990625,17.08681869506836,158500,0.0,0.0,0.0
2015-06-11 00:00:00-04:00,17.14148222401271,17.172718773618264,17.102434675116157,17.1336727142334,134900,0.0,0.0,0.0
2015-06-12 00:00:00-04:00,17.063389391609288,17.13367349330724,17.008724310180163,17.039960861206055,122700,0.0,0.0,0.0
2015-06-15 00:00:00-04:00,16.969678309497848,17.008725863736462,16.907203712227957,16.993106842041016,90800,0.0,0.0,0.0
2015-06-16 00:00:00-04:00,16.97748411056736,17.055577712468335,16.961865092284853,17.02433967590332,130400,0.0,0.0,0.0
2015-06-17 00:00:00-04:00,17.04777742712415,17.102442531178227,16.985302809703438,17.063396453857422,108700,0.0,0.0,0.0
2015-06-18 00:00:00-04:00,17.102436363709494,17.243004574592582,17.071199811019827,17.20395851135254,158300,0.0,0.0,0.0
2015-06-19 00:00:00-04:00,17.20396204888947,17.219579583689715,17.102439880371094,17.102439880371094,105300,0.0,0.0,0.0
2015-06-22 00:00:00-04:00,17.164912095906683,17.22738669493727,17.141485052215174,17.157102584838867,98800,0.0,0.0,0.0
2015-06-23 00:00:00-04:00,17.13367554114736,17.164912095906683,17.118056519011727,17.157102584838867,82100,0.0,0.0,0.0
2015-06-24 00:00:00-04:00,17.1207614872745,17.17606596697215,17.05755615234375,17.05755615234375,199900,0.254,0.0,0.0
2015-06-25 00:00:00-04:00,17.09705621988199,17.104957073866586,16.923241953022238,16.931142807006836,148500,0.0,0.0,0.0
2015-06-26 00:00:00-04:00,16.931147186319787,16.939048042347977,16.867941845028476,16.89954376220703,120100,0.0,0.0,0.0
2015-06-29 00:00:00-04:00,16.78103140050163,16.83633587740977,16.591415405273438,16.591415405273438,168300,0.0,0.0,0.0
2015-06-30 00:00:00-04:00,16.7178260687589,16.757328835997864,16.559811985935085,16.591415405273438,206700,0.0,0.0,0.0
2015-07-01 00:00:00-04:00,16.638814311589236,16.670417721970576,16.591410702950768,16.64671516418457,232400,0.0,0.0,0.0
2015-07-02 00:00:00-04:00,16.662525228784585,16.741532287441384,16.662525228784585,16.686227798461914,136700,0.0,0.0,0.0
2015-07-06 00:00:00-04:00,16.567712167337145,16.63091749651075,16.51240769267698,16.575613021850586,127000,0.0,0.0,0.0
2015-07-07 00:00:00-04:00,16.599318975650636,16.773133289644562,16.433404010849607,16.741531372070312,141100,0.0,0.0,0.0
2015-07-08 00:00:00-04:00,16.646719492153515,16.678322910751408,16.44130179206903,16.528209686279297,134400,0.0,0.0,0.0
2015-07-09 00:00:00-04:00,16.599317731653944,16.670423924534894,16.50450897216797,16.50450897216797,145100,0.0,0.0,0.0
2015-07-10 00:00:00-04:00,16.60721403391514,16.733624673948466,16.60721403391514,16.694120407104492,120600,0.0,0.0,0.0
2015-07-13 00:00:00-04:00,16.678320114401664,16.820532460380452,16.678320114401664,16.812631607055664,133300,0.0,0.0,0.0
2015-07-14 00:00:00-04:00,16.79683152420075,16.883739412241336,16.773128961935004,16.860036849975586,128700,0.0,0.0,0.0
2015-07-15 00:00:00-04:00,16.891639603809068,16.891639603809068,16.749428743906947,16.781030654907227,126300,0.0,0.0,0.0
2015-07-16 00:00:00-04:00,16.820532121769176,16.87583658699567,16.79682956227197,16.836332321166992,131700,0.0,0.0,0.0
2015-07-17 00:00:00-04:00,16.796830055608655,16.796830055608655,16.70202132176887,16.717823028564453,114500,0.0,0.0,0.0
2015-07-20 00:00:00-04:00,16.709924926197676,16.709924926197676,16.623018538381586,16.638818740844727,151000,0.0,0.0,0.0
2015-07-21 00:00:00-04:00,16.599316821284837,16.67042301026606,16.544012342507006,16.559812545776367,136000,0.0,0.0,0.0
2015-07-22 00:00:00-04:00,16.53610953172668,16.559810587294677,16.4571024969877,16.472904205322266,251900,0.0,0.0,0.0
2015-07-23 00:00:00-04:00,16.49660734781346,16.504508202980247,16.362295823846107,16.378097534179688,149500,0.0,0.0,0.0
2015-07-24 00:00:00-04:00,16.362295395598114,16.378097105518115,16.212183672160076,16.227985382080078,190400,0.0,0.0,0.0
2015-07-27 00:00:00-04:00,16.156881656046963,16.2437880599801,16.109476519064273,16.19638442993164,266900,0.0,0.0,0.0
2015-07-28 00:00:00-04:00,16.24378350764371,16.42550013461596,16.212181598779278,16.385995864868164,161900,0.0,0.0,0.0
2015-07-29 00:00:00-04:00,16.39389817110613,16.54401139557824,16.362294752508237,16.528209686279297,108500,0.0,0.0,0.0
2015-07-30 00:00:00-04:00,16.528210632303615,16.58351511108145,16.512408922100228,16.559812545776367,119800,0.0,0.0,0.0
2015-07-31 00:00:00-04:00,16.591415966183146,16.662522155164364,16.551913197608698,16.559812545776367,99000,0.0,0.0,0.0
2015-08-03 00:00:00-04:00,16.559811148482865,16.59141456622299,16.409699435018968,16.441301345825195,104600,0.0,0.0,0.0
2015-08-04 00:00:00-04:00,16.457107169300116,16.53611422646987,16.386000968540767,16.393901824951172,268400,0.0,0.0,0.0
2015-08-05 00:00:00-04:00,16.48080460532907,16.559810130957047,16.362293303019484,16.385995864868164,114800,0.0,0.0,0.0
2015-08-06 00:00:00-04:00,16.378096860440387,16.385997715282162,16.259587051681706,16.362295150756836,143300,0.0,0.0,0.0
2015-08-07 00:00:00-04:00,16.322791995724955,16.385997326023706,16.283289229388465,16.299089431762695,191800,0.0,0.0,0.0
2015-08-10 00:00:00-04:00,16.314891131545334,16.54401139557824,16.314891131545334,16.528209686279297,294100,0.0,0.0,0.0
2015-08-11 00:00:00-04:00,16.41759777055602,16.4571005297365,16.370192651219046,16.449199676513672,161900,0.0,0.0,0.0
2015-08-12 00:00:00-04:00,16.370195607157708,16.551912250227716,16.330692840844282,16.528209686279297,180100,0.0,0.0,0.0
2015-08-13 00:00:00-04:00,16.496603629006344,16.504504482392058,16.417598109016634,16.425498962402344,129500,0.0,0.0,0.0
2015-08-14 00:00:00-04:00,16.40970016456537,16.49660655334662,16.40970016456537,16.480806350708008,97300,0.0,0.0,0.0
2015-08-17 00:00:00-04:00,16.433397207135197,16.551908493041992,16.409696155500715,16.551908493041992,149000,0.0,0.0,0.0
2015-08-18 00:00:00-04:00,16.520307823392113,16.53610953172668,16.449201642820416,16.472904205322266,110300,0.0,0.0,0.0
2015-08-19 00:00:00-04:00,16.401799093107883,16.433401004901608,16.23588415865551,16.322792053222656,128300,0.0,0.0,0.0
2015-08-20 00:00:00-04:00,16.204276833403306,16.243779586682027,16.069965362548828,16.069965362548828,163000,0.0,0.0,0.0
2015-08-21 00:00:00-04:00,15.967261676547862,16.014666806270306,15.698640142790678,15.71444034576416,464500,0.0,0.0,0.0
2015-08-24 00:00:00-04:00,14.703157802744531,15.509025570259864,13.826182327200286,15.137694358825684,820900,0.0,0.0,0.0
2015-08-25 00:00:00-04:00,15.414216903694145,15.48532309831641,15.019183158874512,15.019183158874512,394400,0.0,0.0,0.0
2015-08-26 00:00:00-04:00,15.287809087282236,15.319411009176893,15.027086827180002,15.303610801696777,168500,0.0,0.0,0.0
2015-08-27 00:00:00-04:00,15.445816648026229,15.722340531908152,15.445816648026229,15.667036056518555,137300,0.0,0.0,0.0
2015-08-28 00:00:00-04:00,15.635432968109495,15.801346381790056,15.62753211408654,15.769742965698242,109500,0.0,0.0,0.0
2015-08-31 00:00:00-04:00,15.674937577929457,15.785546533413827,15.564328622445087,15.71444034576416,99500,0.0,0.0,0.0
2015-09-01 00:00:00-04:00,15.485318276354382,15.5169201824937,15.279900612180933,15.335205078125,187800,0.0,0.0,0.0
2015-09-02 00:00:00-04:00,15.493221224508668,15.493221224508668,15.287803532560062,15.469518661499023,911300,0.0,0.0,0.0
2015-09-03 00:00:00-04:00,15.485317907487365,15.674933860607583,15.469516201327272,15.501119613647461,101600,0.0,0.0,0.0
2015-09-04 00:00:00-04:00,15.343113580798706,15.37471550269336,15.272007372867693,15.303610801696777,87000,0.0,0.0,0.0
2015-09-08 00:00:00-04:00,15.516917972865752,15.572222430934398,15.437912465301094,15.556422233581543,93400,0.0,0.0,0.0
2015-09-09 00:00:00-04:00,15.674935551017633,15.698638112813896,15.358908928403125,15.374709129333496,130800,0.0,0.0,0.0
2015-09-10 00:00:00-04:00,15.343110800194692,15.509024250675907,15.30360802825178,15.414216995239258,111600,0.0,0.0,0.0
2015-09-11 00:00:00-04:00,15.351009311142258,15.351009311142258,15.240400361050018,15.327306747436523,164200,0.0,0.0,0.0
2015-09-14 00:00:00-04:00,15.311505949486156,15.311505949486156,15.216698702889099,15.240401268005371,91300,0.0,0.0,0.0
2015-09-15 00:00:00-04:00,15.256200563253248,15.366811020279414,15.240400361050018,15.327306747436523,62900,0.0,0.0,0.0
2015-09-16 00:00:00-04:00,15.343103746516658,15.572222430934398,15.343103746516658,15.556422233581543,119800,0.0,0.0,0.0
2015-09-17 00:00:00-04:00,15.516924016017725,15.777646210547802,15.509023160797536,15.564329147338867,70400,0.0,0.0,0.0
2015-09-18 00:00:00-04:00,15.414213398993937,15.509020632311389,15.343107220538947,15.374709129333496,103300,0.0,0.0,0.0
2015-09-21 00:00:00-04:00,15.422114094300307,15.50112112587475,15.40631238659866,15.437915802001953,108500,0.0,0.0,0.0
2015-09-22 00:00:00-04:00,15.272003744214349,15.279904599544363,15.121890506812207,15.2087984085083,74100,0.0,0.0,0.0
2015-09-23 00:00:00-04:00,15.22460088701282,15.23250174274131,15.003381447417532,15.019183158874512,162100,0.0,0.0,0.0
2015-09-24 00:00:00-04:00,14.91812132166308,15.030407764507181,14.805833349030927,14.99030590057373,180100,0.284,0.0,0.0
2015-09-25 00:00:00-04:00,15.094569215265992,15.094569215265992,14.886036191117155,14.950200080871582,732100,0.0,0.0,0.0
2015-09-28 00:00:00-04:00,14.869997904276195,14.869997904276195,14.533137065771259,14.557197570800781,247000,0.0,0.0,0.0
2015-09-29 00:00:00-04:00,14.573239197106554,14.661465129949148,14.420849366684251,14.460952758789062,703100,0.0,0.0,0.0
2015-09-30 00:00:00-04:00,14.621360609781402,14.813852287669464,14.589279428360658,14.797812461853027,115000,0.0,0.0,0.0
2015-10-01 00:00:00-04:00,14.878019356042088,14.918122753613005,14.685527637066281,14.805834770202637,125900,0.0,0.0,0.0
2015-10-02 00:00:00-04:00,14.717608253189372,15.126653671264648,14.709587574820683,15.126653671264648,138000,0.0,0.0,0.0
2015-10-05 00:00:00-04:00,15.206859107591374,15.50361812149453,15.206859107591374,15.4795560836792,76000,0.0,0.0,0.0
2015-10-06 00:00:00-04:00,15.463515819902963,15.704130072134701,15.455495140856824,15.60788345336914,109300,0.0,0.0,0.0
2015-10-07 00:00:00-04:00,15.680064723249817,15.880577067689266,15.631942188924928,15.792352676391602,136300,0.0,0.0,0.0
2015-10-08 00:00:00-04:00,15.776313758134068,16.049010711069243,15.760272400952465,16.008907318115234,230200,0.0,0.0,0.0
2015-10-09 00:00:00-04:00,16.065054641025593,16.105156510613785,15.976828692185649,16.000890731811523,85400,0.0,0.0,0.0
2015-10-12 00:00:00-04:00,16.000889961345788,16.000889961345788,15.848500110629564,15.896622657775879,150600,0.0,0.0,0.0
2015-10-13 00:00:00-04:00,15.816418396279891,15.960787576667755,15.752254486083984,15.752254486083984,264600,0.0,0.0,0.0
2015-10-14 00:00:00-04:00,15.752254486083984,15.832459756275941,15.704131935884126,15.752254486083984,103300,0.0,0.0,0.0
2015-10-15 00:00:00-04:00,15.784333914422142,15.920682386377965,15.647985442466316,15.880578994750977,133800,0.0,0.0,0.0
2015-10-16 00:00:00-04:00,15.880579116267908,15.920682508201766,15.816415218961719,15.904641151428223,63400,0.0,0.0,0.0
2015-10-19 00:00:00-04:00,15.816419469358125,15.816419469358125,15.720174362428578,15.776317596435547,79400,0.0,0.0,0.0
2015-10-20 00:00:00-04:00,15.736213403354647,15.90464308054216,15.720172044635408,15.83245849609375,94600,0.0,0.0,0.0
2015-10-21 00:00:00-04:00,15.864544831816183,15.880584664405518,15.696113586425781,15.696113586425781,90800,0.0,0.0,0.0
2015-10-22 00:00:00-04:00,15.792357142034096,15.944745465452081,15.784336462413956,15.872562408447266,91100,0.0,0.0,0.0
2015-10-23 00:00:00-04:00,15.920679241693554,15.992863802576126,15.832453327328707,15.888596534729004,84900,0.0,0.0,0.0
2015-10-26 00:00:00-04:00,15.864543552611291,15.888604064449481,15.736215723512966,15.776317596435547,146500,0.0,0.0,0.0
2015-10-27 00:00:00-04:00,15.656009450662769,15.656009450662769,15.471538399307445,15.519660949707031,74900,0.0,0.0,0.0
2015-10-28 00:00:00-04:00,15.495597242663907,15.784335573576792,15.495597242663907,15.744232177734375,121100,0.0,0.0,0.0
2015-10-29 00:00:00-04:00,15.696109354041248,15.768293935488817,15.631945451619865,15.66402816772461,111500,0.0,0.0,0.0
2015-10-30 00:00:00-04:00,15.68808650094354,15.808393610087833,15.623922607414057,15.760271072387695,63800,0.0,0.0,0.0
2015-11-02 00:00:00-05:00,15.73621390932064,15.976828178693026,15.720172550085621,15.960786819458008,142500,0.0,0.0,0.0
2015-11-03 00:00:00-05:00,15.94474513684988,16.161298892766062,15.94474513684988,16.113176345825195,120000,0.0,0.0,0.0
2015-11-04 00:00:00-05:00,16.12119887985952,16.129219560237058,15.896624418653495,15.944746971130371,72400,0.0,0.0,0.0
2015-11-05 00:00:00-05:00,15.9206844392614,15.92870511862102,15.75225323228572,15.83245849609375,51900,0.0,0.0,0.0
2015-11-06 00:00:00-05:00,15.760273536071342,15.760273536071342,15.599864542066062,15.744232177734375,86100,0.0,0.0,0.0
2015-11-09 00:00:00-05:00,15.71215075118084,15.768293974715704,15.551740229834277,15.60788345336914,110500,0.0,0.0,0.0
2015-11-10 00:00:00-05:00,15.575802266972692,15.60788345336914,15.527679722483967,15.60788345336914,83300,0.0,0.0,0.0
2015-11-11 00:00:00-05:00,15.63996576738418,15.647986446224072,15.471536101110622,15.503617286682129,118600,0.0,0.0,0.0
2015-11-12 00:00:00-05:00,15.383309246907741,15.423411108929312,15.198838233947754,15.198838233947754,84800,0.0,0.0,0.0
2015-11-13 00:00:00-05:00,15.182792938854613,15.246956819318001,15.07852567698437,15.174772262573242,91200,0.0,0.0,0.0
2015-11-16 00:00:00-05:00,15.166758041861755,15.463517071434499,15.158737362166466,15.439455032348633,58800,0.0,0.0,0.0
2015-11-17 00:00:00-05:00,15.447477521958007,15.51164143724989,15.319149691374239,15.327170372009277,108100,0.0,0.0,0.0
2015-11-18 00:00:00-05:00,15.359248266065121,15.543719291687012,15.359248266065121,15.543719291687012,158400,0.0,0.0,0.0
2015-11-19 00:00:00-05:00,15.527681097287884,15.559762286524766,15.439455149757036,15.463517189025879,151300,0.0,0.0,0.0
2015-11-20 00:00:00-05:00,15.503618261985306,15.575802846297274,15.431433677673338,15.43143367767334,189600,0.0,0.0,0.0
2015-11-23 00:00:00-05:00,15.431435731700136,15.519661686444483,15.375292498604047,15.383313179016113,119700,0.0,0.0,0.0
2015-11-24 00:00:00-05:00,15.343208381276284,15.543720783973397,15.343208381276284,15.511639595031738,103700,0.0,0.0,0.0
2015-11-25 00:00:00-05:00,15.511641107633302,15.559763660632525,15.415394471846476,15.495599746704102,162700,0.0,0.0,0.0
2015-11-27 00:00:00-05:00,15.519659201190844,15.52767988031851,15.43143326057463,15.487576484680176,67700,0.0,0.0,0.0
2015-11-30 00:00:00-05:00,15.495596745443775,15.519658782177126,15.447474201765152,15.45549488067627,121600,0.0,0.0,0.0
2015-12-01 00:00:00-05:00,15.479557549550464,15.55174214004399,15.447476359213505,15.519660949707031,149700,0.0,0.0,0.0
2015-12-02 00:00:00-05:00,15.45549727006435,15.495599141031523,15.238943495349659,15.254984855651855,185800,0.0,0.0,0.0
2015-12-03 00:00:00-05:00,15.279045024593895,15.279045024593895,15.046451424567389,15.094573974609375,91800,0.0,0.0,0.0
2015-12-04 00:00:00-05:00,15.08654674959809,15.15873130823918,15.038424220433237,15.118629455566406,188700,0.0,0.0,0.0
2015-12-07 00:00:00-05:00,15.054470940694872,15.054470940694872,14.837917187565033,14.886039733886719,330100,0.0,0.0,0.0
2015-12-08 00:00:00-05:00,14.821877228957076,14.894061820152347,14.725632127222257,14.757713317871094,651400,0.0,0.0,0.0
2015-12-09 00:00:00-05:00,14.757711668290687,15.03842932158456,14.741670309865176,14.82187557220459,280100,0.0,0.0,0.0
2015-12-10 00:00:00-05:00,14.821877228957076,14.894061820152347,14.74167195765252,14.757713317871094,146600,0.0,0.0,0.0
2015-12-11 00:00:00-05:00,14.605319977739061,14.621361334138072,14.428869646713782,14.444911003112793,228500,0.0,0.0,0.0
2015-12-14 00:00:00-05:00,14.46897663777116,14.50907850895858,14.212319460891356,14.308566093444824,252300,0.0,0.0,0.0
2015-12-15 00:00:00-05:00,14.388771863760464,14.51709969174903,14.38075118328763,14.436894416809082,623600,0.0,0.0,0.0
2015-12-16 00:00:00-05:00,14.501053121332031,14.669484291176234,14.452930585571329,14.637401580810547,136400,0.0,0.0,0.0
2015-12-17 00:00:00-05:00,14.653449052622973,14.653449052622973,14.412833213806152,14.412833213806152,184900,0.0,0.0,0.0
2015-12-18 00:00:00-05:00,14.340644138942512,14.428870071949245,14.316583633422852,14.316583633422852,235700,0.0,0.0,0.0
2015-12-21 00:00:00-05:00,14.396790919975945,14.501056694782665,14.340646163000413,14.428872108459473,201300,0.0,0.0,0.0
2015-12-22 00:00:00-05:00,14.485015932889182,14.669488510981362,14.452934743082892,14.653447151184082,175900,0.0,0.0,0.0
2015-12-23 00:00:00-05:00,14.757711765825947,14.93416365009647,14.757711765825947,14.918122291564941,207400,0.0,0.0,0.0
2015-12-24 00:00:00-05:00,14.935195625945523,14.967715657774644,14.894543647766113,14.894543647766113,70800,0.251,0.0,0.0
2015-12-28 00:00:00-05:00,14.837633532785706,14.837633532785706,14.72381108684504,14.764461517333984,218600,0.0,0.0,0.0
2015-12-29 00:00:00-05:00,14.870152749091421,14.927063962996405,14.82950077436338,14.878281593322754,352300,0.0,0.0,0.0
2015-12-30 00:00:00-05:00,14.85389335292947,14.894543780757434,14.788851737976074,14.788851737976074,281700,0.0,0.0,0.0
2015-12-31 00:00:00-05:00,14.7888520603144,14.845763280799757,14.715680048057665,14.780721664428711,299700,0.0,0.0,0.0
2016-01-04 00:00:00-05:00,14.691290516063653,14.723812103271484,14.528687232168378,14.723812103271484,166700,0.0,0.0,0.0
2016-01-05 00:00:00-05:00,14.756330798755162,14.772591590881348,14.65063875136393,14.772591590881348,56800,0.0,0.0,0.0
2016-01-06 00:00:00-05:00,14.577467626104019,14.642509247858992,14.479904418114268,14.536815643310547,79900,0.0,0.0,0.0
2016-01-07 00:00:00-05:00,14.31730087501089,14.439253719712802,14.227868065229362,14.252259254455566,238000,0.0,0.0,0.0
2016-01-08 00:00:00-05:00,14.333557326422461,14.333557326422461,14.130302107920807,14.138432502746582,98900,0.0,0.0,0.0
2016-01-11 00:00:00-05:00,14.211603608909378,14.21973400322224,13.975828376693014,14.073390007019043,164000,0.0,0.0,0.0
2016-01-12 00:00:00-05:00,14.154694364819777,14.211605582197803,13.870136727215275,14.057132720947266,197000,0.0,0.0,0.0
2016-01-13 00:00:00-05:00,14.138431598384079,14.154692386995514,13.740051581688858,13.756312370300293,153700,0.0,0.0,0.0
2016-01-14 00:00:00-05:00,13.805094582412744,14.024610598738345,13.666880966657475,13.93517780303955,243400,0.0,0.0,0.0
2016-01-15 00:00:00-05:00,13.626230871764456,13.683142088327816,13.463626066685414,13.634361267089844,111300,0.0,0.0,0.0
2016-01-19 00:00:00-05:00,13.756315851925073,13.821357472118224,13.422977354595856,13.512410163879395,274100,0.0,0.0,0.0
2016-01-20 00:00:00-05:00,13.390454734938189,13.40671552640922,12.967684236335137,13.301023483276367,240900,0.0,0.0,0.0
2016-01-21 00:00:00-05:00,13.33354367718881,13.577450900068667,13.24411242444253,13.447367668151855,299500,0.0,0.0,0.0
2016-01-22 00:00:00-05:00,13.64249177323376,13.87013664133637,13.64249177323376,13.821355819702148,245600,0.0,0.0,0.0
2016-01-25 00:00:00-05:00,13.73192105003348,13.78070341537985,13.544926635014804,13.569317817687988,151200,0.0,0.0,0.0
2016-01-26 00:00:00-05:00,13.642492409340218,13.87013728805719,13.634362013569692,13.805095672607422,111200,0.0,0.0,0.0
2016-01-27 00:00:00-05:00,13.796965014551455,13.959569825441914,13.715664159820628,13.772575378417969,126000,0.0,0.0,0.0
2016-01-28 00:00:00-05:00,13.894525527954102,13.935175947469213,13.780703112740511,13.894525527954102,100300,0.0,0.0,0.0
2016-01-29 00:00:00-05:00,13.967703488019634,14.211609210689002,13.967703488019634,14.203478813171387,68700,0.0,0.0,0.0
2016-02-01 00:00:00-05:00,14.146565987889634,14.276649232090238,14.057134726698338,14.219738006591797,163700,0.0,0.0,0.0
2016-02-02 00:00:00-05:00,14.065261336711774,14.065261336711774,13.91078847797584,13.951438903808594,94700,0.0,0.0,0.0
2016-02-03 00:00:00-05:00,14.05712949687503,14.122171094777213,13.813222341706327,14.08151912689209,121300,0.0,0.0,0.0
2016-02-04 00:00:00-05:00,14.03274392072465,14.268519225769339,14.03274392072465,14.170957565307617,81100,0.0,0.0,0.0
2016-02-05 00:00:00-05:00,14.146563981484318,14.19534480346232,14.02461115118213,14.03274154663086,104900,0.0,0.0,0.0
2016-02-08 00:00:00-05:00,13.935180895664866,13.935180895664866,13.626233565790308,13.764447212219238,133100,0.0,0.0,0.0
2016-02-09 00:00:00-05:00,13.66688195641973,13.731923571443478,13.4961482985003,13.593709945678711,118800,0.0,0.0,0.0
2016-02-10 00:00:00-05:00,13.634362633817334,13.740054682213385,13.536799430847168,13.536799430847168,78100,0.0,0.0,0.0
2016-02-11 00:00:00-05:00,13.398585130673705,13.439237109351284,13.187199493693571,13.301023483276367,196500,0.0,0.0,0.0
2016-02-12 00:00:00-05:00,13.431106730266444,13.61810118027185,13.42297633452085,13.5774507522583,108700,0.0,0.0,0.0
2016-02-16 00:00:00-05:00,13.707530858595597,13.84574445334079,13.634358864276725,13.837614059448242,542700,0.0,0.0,0.0
2016-02-17 00:00:00-05:00,13.862004785751978,14.065259996984201,13.862004785751978,14.000218391418457,106900,0.0,0.0,0.0
2016-02-18 00:00:00-05:00,14.040872573852539,14.049002969667098,13.959570166421399,14.040872573852539,71200,0.0,0.0,0.0
2016-02-19 00:00:00-05:00,13.97582977868187,13.97582977868187,13.8376161629266,13.93517780303955,107600,0.0,0.0,0.0
2016-02-22 00:00:00-05:00,14.040872192289438,14.146564233577612,14.040872192289438,14.089653015136719,73200,0.0,0.0,0.0
2016-02-23 00:00:00-05:00,14.065259422161484,14.065259422161484,13.910786584452252,13.927045822143555,62200,0.0,0.0,0.0
2016-02-24 00:00:00-05:00,13.788833101976063,14.01647950203562,13.658749887860381,13.992088317871094,67300,0.0,0.0,0.0
2016-02-25 00:00:00-05:00,14.008348403230306,14.097781189957628,13.910786772904277,14.073390007019043,49500,0.0,0.0,0.0
2016-02-26 00:00:00-05:00,14.162825645710724,14.219736866646796,14.081523236924419,14.122175216674805,154100,0.0,0.0,0.0
2016-02-29 00:00:00-05:00,14.122175539263239,14.2197371914638,14.08965395472005,14.114045143127441,60000,0.0,0.0,0.0
2016-03-01 00:00:00-05:00,14.227866045698256,14.357949268344637,14.195344464679495,14.333558082580566,59600,0.0,0.0,0.0
2016-03-02 00:00:00-05:00,14.317300946723154,14.471773827119172,14.276648964475864,14.463644981384277,62700,0.0,0.0,0.0
2016-03-03 00:00:00-05:00,14.479900846768535,14.666896820068361,14.471770452215134,14.66689682006836,89300,0.0,0.0,0.0
2016-03-04 00:00:00-05:00,14.658771446652406,14.788854702636447,14.593729818660384,14.699421882629395,72100,0.0,0.0,0.0
2016-03-07 00:00:00-05:00,14.666899090158061,14.910804761654134,14.666899090158061,14.88641357421875,179000,0.0,0.0,0.0
2016-03-08 00:00:00-05:00,14.87015528947428,14.87015528947428,14.601856862576547,14.609987258911133,86100,0.0,0.0,0.0
2016-03-09 00:00:00-05:00,14.715677848697222,14.813239483315296,14.650636242047097,14.740067481994629,67600,0.0,0.0,0.0
2016-03-10 00:00:00-05:00,14.764462243879265,14.813243073009364,14.56933737664427,14.683159828186035,61300,0.0,0.0,0.0
2016-03-11 00:00:00-05:00,14.837632344947979,14.99210675972555,14.837632344947979,14.983976364135742,111700,0.0,0.0,0.0
2016-03-14 00:00:00-04:00,14.943322547788387,14.975844126146665,14.87015209791068,14.918932914733887,89400,0.0,0.0,0.0
2016-03-15 00:00:00-04:00,14.83763601243943,14.83763601243943,14.715683149877407,14.813244819641113,59500,0.0,0.0,0.0
2016-03-16 00:00:00-04:00,14.813242661706273,15.05714990201366,14.813242661706273,15.032758712768555,338200,0.0,0.0,0.0
2016-03-17 00:00:00-04:00,15.0490158110857,15.309182229638099,15.040885416666667,15.244140625,121700,0.0,0.0,0.0
2016-03-18 00:00:00-04:00,15.227881420101824,15.366095038173455,15.20349178502199,15.252272605895996,86400,0.0,0.0,0.0
2016-03-21 00:00:00-04:00,15.260405247688972,15.2929252828209,15.170972437325686,15.21975326538086,68000,0.0,0.0,0.0
2016-03-22 00:00:00-04:00,15.162844226924133,15.292927487635353,15.09780259656852,15.260407447814941,67600,0.0,0.0,0.0
2016-03-23 00:00:00-04:00,15.187231614380293,15.187231614380293,14.959585189819336,14.959585189819336,553300,0.0,0.0,0.0
2016-03-24 00:00:00-04:00,14.869887220024317,14.952178001403809,14.779367203550267,14.952178001403809,81500,0.221,0.0,0.0
2016-03-28 00:00:00-04:00,15.00155184240506,15.01801031259418,14.894574925307998,14.952178001403809,77300,0.0,0.0,0.0
2016-03-29 00:00:00-04:00,14.894577465331817,15.116762142076531,14.845203615910673,15.108532905578613,253900,0.0,0.0,0.0
2016-03-30 00:00:00-04:00,15.190819040993627,15.289568289312673,15.100300597064395,15.157903671264648,93500,0.0,0.0,0.0
2016-03-31 00:00:00-04:00,15.182595942392142,15.231969796619419,15.157908230495241,15.215511322021484,84300,0.0,0.0,0.0
2016-04-01 00:00:00-04:00,15.083844224292541,15.141447306500467,14.968638059876687,15.100302696228027,91500,0.0,0.0,0.0
2016-04-04 00:00:00-04:00,15.124986052114426,15.133215286568289,14.976864540642877,15.001550674438477,137800,0.0,0.0,0.0
2016-04-05 00:00:00-04:00,14.91103474328688,14.919262409559021,14.828743954469228,14.836973190307617,104300,0.0,0.0,0.0
2016-04-06 00:00:00-04:00,14.853426790510937,14.952176029053478,14.77113758955237,14.927488327026367,70000,0.0,0.0,0.0
2016-04-07 00:00:00-04:00,14.869887505961032,14.919261347911705,14.713535175290072,14.795825958251953,261800,0.0,0.0,0.0
2016-04-08 00:00:00-04:00,14.894574843117379,15.026239464771576,14.894574843117379,14.91926097869873,96400,0.0,0.0,0.0
2016-04-11 00:00:00-04:00,15.001552839430401,15.10853133320352,14.968637466430664,14.968637466430664,64200,0.0,0.0,0.0
2016-04-12 00:00:00-04:00,15.018010550177205,15.25665366299642,14.99332284450297,15.20727825164795,90200,0.0,0.0,0.0
2016-04-13 00:00:00-04:00,15.289570685817477,15.40477685227553,15.28134144970386,15.380090713500977,98400,0.0,0.0,0.0
2016-04-14 00:00:00-04:00,15.371861678878313,15.371861678878313,15.281341650008297,15.322487831115723,60500,0.0,0.0,0.0
2016-04-15 00:00:00-04:00,15.314257581766745,15.363631426262966,15.256654501593449,15.297799110412598,65200,0.0,0.0,0.0
2016-04-18 00:00:00-04:00,15.24019658208019,15.445922772757623,15.166135027871011,15.413005828857422,67200,0.0,0.0,0.0
2016-04-19 00:00:00-04:00,15.470608631509636,15.61050250142458,15.454151729423241,15.577587127685547,127500,0.0,0.0,0.0
2016-04-20 00:00:00-04:00,15.61050422615359,15.701024260677983,15.569359612042367,15.643421173095703,68800,0.0,0.0,0.0
2016-04-21 00:00:00-04:00,15.651648680556178,15.684564054295212,15.561128656032906,15.577587127685547,61300,0.0,0.0,0.0
2016-04-22 00:00:00-04:00,15.635191732023513,15.750397905682439,15.635191732023513,15.701024055480957,96100,0.0,0.0,0.0
2016-04-25 00:00:00-04:00,15.676333879221112,15.676333879221112,15.53644001768791,15.5858154296875,55300,0.0,0.0,0.0
2016-04-26 00:00:00-04:00,15.659876629326844,15.733938176110497,15.63518892387692,15.717479705810547,70100,0.0,0.0,0.0
2016-04-27 00:00:00-04:00,15.733938738061056,15.873832601474813,15.725709502617168,15.832686424255371,77900,0.0,0.0,0.0
2016-04-28 00:00:00-04:00,15.717482528736916,15.840917939023823,15.684565582224996,15.701024055480957,67600,0.0,0.0,0.0
2016-04-29 00:00:00-04:00,15.692795023942454,15.742168874789204,15.536442665100255,15.643421173095703,69700,0.0,0.0,0.0
2016-05-02 00:00:00-04:00,15.684560775756838,15.725706946287666,15.577583871508518,15.684560775756836,77500,0.0,0.0,0.0
2016-05-03 00:00:00-04:00,15.610500762055974,15.610500762055974,15.454150007475704,15.51175308227539,55100,0.0,0.0,0.0
2016-05-04 00:00:00-04:00,15.445922772757623,15.511755090991752,15.371861218548446,15.413005828857422,157500,0.0,0.0,0.0
2016-05-05 00:00:00-04:00,15.462384096654297,15.528216427030815,15.355405578813354,15.404779434204102,44200,0.0,0.0,0.0
2016-05-06 00:00:00-04:00,15.33071316210595,15.470607017425444,15.33071316210595,15.421233177185059,98600,0.0,0.0,0.0
2016-05-09 00:00:00-04:00,15.42946256437046,15.42946256437046,15.297797942719786,15.347171783447266,62400,0.0,0.0,0.0
2016-05-10 00:00:00-04:00,15.396545363109947,15.5364392174375,15.396545363109947,15.51175308227539,40200,0.0,0.0,0.0
2016-05-11 00:00:00-04:00,15.462380348706482,15.544669564556008,15.371860327792582,15.437692642211914,51000,0.0,0.0,0.0
2016-05-12 00:00:00-04:00,15.437690713657162,15.569355326047612,15.371858407461938,15.429461479187012,56400,0.0,0.0,0.0
2016-05-13 00:00:00-04:00,15.388318194599288,15.445921271258767,15.281339706889293,15.30602741241455,45400,0.0,0.0,0.0
2016-05-16 00:00:00-04:00,15.314259863674446,15.495298366847122,15.314259863674446,15.487069129943848,47600,0.0,0.0,0.0
2016-05-17 00:00:00-04:00,15.429467237502802,15.55290266148951,15.388322619362757,15.44592571258545,119400,0.0,0.0,0.0
2016-05-18 00:00:00-04:00,15.355401952544316,15.495295817753473,15.297798873263993,15.338943481445312,73800,0.0,0.0,0.0
2016-05-19 00:00:00-04:00,15.264879521615875,15.297796458618185,15.157902615490254,15.248422622680664,45900,0.0,0.0,0.0
2016-05-20 00:00:00-04:00,15.297799664339268,15.437693536782573,15.273111956414116,15.413005828857422,49700,0.0,0.0,0.0
2016-05-23 00:00:00-04:00,15.388319949614594,15.470609171618175,15.380090713500977,15.380090713500977,59300,0.0,0.0,0.0
2016-05-24 00:00:00-04:00,15.51175308227539,15.544668452346894,15.454150007475704,15.51175308227539,46800,0.0,0.0,0.0
2016-05-25 00:00:00-04:00,15.610498559911278,15.709247795327558,15.610498559911278,15.659873962402344,94600,0.0,0.0,0.0
2016-05-26 00:00:00-04:00,15.725711235188346,15.75862661102416,15.594046592712402,15.594046592712402,83300,0.0,0.0,0.0
2016-05-27 00:00:00-04:00,15.577588848777896,15.692795023942454,15.577588848777896,15.643421173095703,64200,0.0,0.0,0.0
2016-05-31 00:00:00-04:00,15.651652336120605,15.72571390628889,15.577590765952321,15.651652336120605,50700,0.0,0.0,0.0
2016-06-01 00:00:00-04:00,15.536442462054149,15.709253292108937,15.511756321736607,15.701024055480957,61000,0.0,0.0,0.0
2016-06-02 00:00:00-04:00,15.65988111608637,15.766858064554091,15.643422641070853,15.750399589538574,40500,0.0,0.0,0.0
2016-06-03 00:00:00-04:00,15.783316539569606,15.791545777077364,15.643422641070853,15.750399589538574,52200,0.0,0.0,0.0
2016-06-06 00:00:00-04:00,15.799770957837177,15.94789248624545,15.799770957837177,15.931435585021973,100300,0.0,0.0,0.0
2016-06-07 00:00:00-04:00,15.939664665805925,16.063100056398607,15.939664665805925,16.005496978759766,74400,0.0,0.0,0.0
2016-06-08 00:00:00-04:00,16.030183832100683,16.13716232641421,16.00549769461773,16.046642303466797,40900,0.0,0.0,0.0
2016-06-09 00:00:00-04:00,15.972580172085573,15.972580172085573,15.88206015242401,15.923206329345703,421300,0.0,0.0,0.0
2016-06-10 00:00:00-04:00,15.873837082952152,15.873837082952152,15.626964658637375,15.668110847473145,53400,0.0,0.0,0.0
2016-06-13 00:00:00-04:00,15.610498732686725,15.659874135724273,15.462377232271686,15.47060489654541,73400,0.0,0.0,0.0
2016-06-14 00:00:00-04:00,15.421233391402314,15.503524172656785,15.281339534139546,15.371859550476074,96500,0.0,0.0,0.0
2016-06-15 00:00:00-04:00,15.380089563290772,15.511754192129434,15.355401856796204,15.437692642211914,71800,0.0,0.0,0.0
2016-06-16 00:00:00-04:00,15.404774707249569,15.445920882088291,15.190819306786453,15.421233177185059,113100,0.0,0.0,0.0
2016-06-17 00:00:00-04:00,15.413008326566295,15.594048408222761,15.413008326566295,15.552902221679688,84900,0.0,0.0,0.0
2016-06-20 00:00:00-04:00,15.659881609705991,15.816232418582073,15.659881609705991,15.668110847473145,44800,0.0,0.0,0.0
2016-06-21 00:00:00-04:00,15.692792020843953,15.766853567724278,15.618730473963629,15.725708961486816,61300,0.0,0.0,0.0
2016-06-22 00:00:00-04:00,15.733940982894644,15.832688683177746,15.692794799804688,15.692794799804688,34600,0.0,0.0,0.0
2016-06-23 00:00:00-04:00,15.85737690246401,15.947895369037107,15.849147665581647,15.939667701721191,34500,0.0,0.0,0.0
2016-06-24 00:00:00-04:00,15.376065389697075,15.634138024446559,15.376065389697075,15.426015853881836,75100,0.223,0.0,0.0
2016-06-27 00:00:00-04:00,15.30947046306055,15.30947046306055,14.926526328721257,14.96815013885498,84000,0.0,0.0,0.0
2016-06-28 00:00:00-04:00,15.142971592254291,15.3677423596454,15.142971592254291,15.359418869018555,79700,0.0,0.0,0.0
2016-06-29 00:00:00-04:00,15.517593797930203,15.650791905289088,15.509268717739436,15.625818252563477,38300,0.0,0.0,0.0
2016-06-30 00:00:00-04:00,15.684090996132483,15.775665283203125,15.534242740142911,15.775665283203125,91300,0.0,0.0,0.0
2016-07-01 00:00:00-04:00,15.77566731838233,15.908865432479601,15.74236699593463,15.900540351867676,178500,0.0,0.0,0.0
2016-07-05 00:00:00-04:00,15.800640431313541,15.800640431313541,15.57586802602869,15.667442321777344,83700,0.0,0.0,0.0
2016-07-06 00:00:00-04:00,15.600843837976635,15.734041952387683,15.509269538876499,15.709068298339844,103500,0.0,0.0,0.0
2016-07-07 00:00:00-04:00,15.725712510738111,15.850587097734465,15.609164589910936,15.684088706970215,52900,0.0,0.0,0.0
2016-07-08 00:00:00-04:00,15.808966758912243,15.958815040924646,15.808966758912243,15.933839797973633,70500,0.0,0.0,0.0
2016-07-11 00:00:00-04:00,16.02541160583496,16.058711924584877,16.008761446460003,16.02541160583496,100000,0.0,0.0,0.0
2016-07-12 00:00:00-04:00,16.092010268201694,16.308457571327143,16.092010268201694,16.258508682250977,102000,0.0,0.0,0.0
2016-07-13 00:00:00-04:00,16.283481751360537,16.308456988929997,16.141958580826596,16.216882705688477,45500,0.0,0.0,0.0
2016-07-14 00:00:00-04:00,16.325108407461446,16.350082059112147,16.266834436480977,16.275157928466797,37800,0.0,0.0,0.0
2016-07-15 00:00:00-04:00,16.32510864773823,16.3500822997565,16.225209276125213,16.241859436035156,73000,0.0,0.0,0.0
2016-07-18 00:00:00-04:00,16.241859533092878,16.38338271747982,16.200234133069273,16.350082397460938,114400,0.0,0.0,0.0
2016-07-19 00:00:00-04:00,16.358410052052765,16.358410052052765,16.258512251966895,16.291810989379883,56300,0.0,0.0,0.0
2016-07-20 00:00:00-04:00,16.30845577418645,16.41667861990008,16.241856733475053,16.366729736328125,53100,0.0,0.0,0.0
2016-07-21 00:00:00-04:00,16.366728239406346,16.44997742964311,16.32510443821108,16.341753005981445,103400,0.0,0.0,0.0
2016-07-22 00:00:00-04:00,16.366729324245835,16.41667820656017,16.325105520291608,16.391704559326172,63800,0.0,0.0,0.0
2016-07-25 00:00:00-04:00,16.39170779748454,16.40003287748926,16.316783665288707,16.350082397460938,53700,0.0,0.0,0.0
2016-07-26 00:00:00-04:00,16.30012920478618,16.400028550639544,16.28347904916958,16.341753005981445,37600,0.0,0.0,0.0
2016-07-27 00:00:00-04:00,16.358406720956303,16.4333308496872,16.241858781973388,16.300132751464844,30400,0.0,0.0,0.0
2016-07-28 00:00:00-04:00,16.258510511514473,16.28348416493909,16.19191145597093,16.225210189819336,47700,0.0,0.0,0.0
2016-07-29 00:00:00-04:00,16.20023462504332,16.39170829527332,16.191911132632484,16.358407974243164,52100,0.0,0.0,0.0
2016-08-01 00:00:00-04:00,16.358406797292282,16.358406797292282,16.158609649026403,16.200233459472656,137000,0.0,0.0,0.0
2016-08-02 00:00:00-04:00,16.191910525889966,16.308458469434836,15.975463210844753,16.033737182617188,161200,0.0,0.0,0.0
2016-08-03 00:00:00-04:00,15.992113844452435,16.183587532190653,15.983790351280502,16.175262451171875,232100,0.0,0.0,0.0
2016-08-04 00:00:00-04:00,16.200233459472656,16.250183937424065,16.150284569367834,16.200233459472656,31100,0.0,0.0,0.0
2016-08-05 00:00:00-04:00,16.250181052732565,16.358403893389333,16.233530896371125,16.31678009033203,41400,0.0,0.0,0.0
2016-08-08 00:00:00-04:00,16.366729736328125,16.400030050607015,16.35007957918868,16.366729736328125,112900,0.0,0.0,0.0
2016-08-09 00:00:00-04:00,16.375060214682712,16.40003545862763,16.27516082674994,16.291810989379883,45500,0.0,0.0,0.0
2016-08-10 00:00:00-04:00,16.333434647481795,16.333434647481795,16.200234948547983,16.225210189819336,46300,0.0,0.0,0.0
2016-08-11 00:00:00-04:00,16.30013028521127,16.400029637686284,16.27515505013093,16.391704559326172,77800,0.0,0.0,0.0
2016-08-12 00:00:00-04:00,16.341754500618958,16.433328777039524,16.333431009895616,16.366729736328125,51200,0.0,0.0,0.0
2016-08-15 00:00:00-04:00,16.416680954176954,16.499930163864946,16.416680954176954,16.474956512451172,36400,0.0,0.0,0.0
2016-08-16 00:00:00-04:00,16.474960925911677,16.474960925911677,16.383386611938477,16.383386611938477,70500,0.0,0.0,0.0
2016-08-17 00:00:00-04:00,16.383383789706535,16.416682524058032,16.291809491508094,16.400033950805664,56200,0.0,0.0,0.0
2016-08-18 00:00:00-04:00,16.400030745097613,16.52490375323867,16.400030745097613,16.516578674316406,54800,0.0,0.0,0.0
2016-08-19 00:00:00-04:00,16.524905581100374,16.524905581100374,16.416681130986415,16.483280181884766,55600,0.0,0.0,0.0
2016-08-22 00:00:00-04:00,16.433329041653316,16.433329041653316,16.366729999869523,16.408353805541992,56700,0.0,0.0,0.0
2016-08-23 00:00:00-04:00,16.47495346232325,16.5582010687524,16.47495346232325,16.52490234375,38700,0.0,0.0,0.0
2016-08-24 00:00:00-04:00,16.51658165966065,16.524906740087655,16.400033709376007,16.433332443237305,49300,0.0,0.0,0.0
2016-08-25 00:00:00-04:00,16.391704326636397,16.491602089846964,16.391704326636397,16.425003051757812,62500,0.0,0.0,0.0
2016-08-26 00:00:00-04:00,16.47495808790498,16.591506039905354,16.34175838695872,16.400033950805664,58500,0.0,0.0,0.0
2016-08-29 00:00:00-04:00,16.37505714325626,16.491605084111484,16.37505714325626,16.474956512451172,53400,0.0,0.0,0.0
2016-08-30 00:00:00-04:00,16.474956689888266,16.533230660943495,16.44165637051578,16.483280181884766,45800,0.0,0.0,0.0
2016-08-31 00:00:00-04:00,16.466632764945338,16.524906740087655,16.366733387667978,16.433332443237305,57700,0.0,0.0,0.0
2016-09-01 00:00:00-04:00,16.400030285562014,16.441654091160565,16.250182044852973,16.333431243896484,69900,0.0,0.0,0.0
2016-09-02 00:00:00-04:00,16.41667855709308,16.51657791170117,16.41667855709308,16.466629028320312,62800,0.0,0.0,0.0
2016-09-06 00:00:00-04:00,16.466631610045145,16.491605261727887,16.408356051143294,16.483280181884766,74500,0.0,0.0,0.0
2016-09-07 00:00:00-04:00,16.50825154602699,16.583175659179688,16.50825154602699,16.583175659179688,34900,0.0,0.0,0.0
2016-09-08 00:00:00-04:00,16.54987865843211,16.60815421531155,16.54155516672447,16.574853897094727,39900,0.0,0.0,0.0
2016-09-09 00:00:00-04:00,16.433331592517604,16.433331592517604,16.116986491901514,16.14196014404297,109500,0.0,0.0,0.0
2016-09-12 00:00:00-04:00,16.025414491667174,16.30013581943902,15.967140511207521,16.250186920166016,88600,0.0,0.0,0.0
2016-09-13 00:00:00-04:00,16.183588470031378,16.183588470031378,15.917192213380153,15.950490951538086,76200,0.0,0.0,0.0
2016-09-14 00:00:00-04:00,15.925510227851122,16.025409583648358,15.875561343875702,15.917186737060547,49900,0.0,0.0,0.0
2016-09-15 00:00:00-04:00,15.883887522685527,16.100334818699427,15.883887522685527,16.04206085205078,48800,0.0,0.0,0.0
2016-09-16 00:00:00-04:00,15.975462219753737,16.05038634676917,15.942161902037304,16.017086029052734,30700,0.0,0.0,0.0
2016-09-19 00:00:00-04:00,16.025408643275835,16.183581952403834,16.025408643275835,16.108657836914062,42900,0.0,0.0,0.0
2016-09-20 00:00:00-04:00,16.141961045558993,16.141961045558993,16.05038833618164,16.05038833618164,41600,0.0,0.0,0.0
2016-09-21 00:00:00-04:00,16.100336252493925,16.2751581680084,16.05871244056571,16.241859436035156,49800,0.0,0.0,0.0
2016-09-22 00:00:00-04:00,16.38337948096606,16.433328363280395,16.366729324245835,16.391704559326172,34900,0.0,0.0,0.0
2016-09-23 00:00:00-04:00,16.366728239406346,16.40835204060161,16.31677936040278,16.341753005981445,52200,0.0,0.0,0.0
2016-09-26 00:00:00-04:00,16.310569264728215,16.344285367082612,16.2094177421672,16.243135452270508,68200,0.243,0.0,0.0
2016-09-27 00:00:00-04:00,16.20098736459241,16.27685060012722,16.1841301182782,16.268421173095703,184800,0.0,0.0,0.0
2016-09-28 00:00:00-04:00,16.25999350380983,16.420147795639547,16.184130267575195,16.411718368530273,42100,0.0,0.0,0.0
2016-09-29 00:00:00-04:00,16.394858287068143,16.411715530622914,16.192555286925383,16.259990692138672,73100,0.0,0.0,0.0
2016-09-30 00:00:00-04:00,16.33585653713164,16.3948625319709,16.276852150041346,16.34428596496582,76400,0.0,0.0,0.0
2016-10-03 00:00:00-04:00,16.302136212648424,16.35271115880984,16.226272989532028,16.259990692138672,51600,0.0,0.0,0.0
2016-10-04 00:00:00-04:00,16.24313369081508,16.29370864273663,16.09983665391341,16.15041160583496,68100,0.0,0.0,0.0
2016-10-05 00:00:00-04:00,16.26842212709908,16.285280982150734,16.226276597218853,16.243135452270508,60500,0.0,0.0,0.0
2016-10-06 00:00:00-04:00,16.243135052412928,16.251564479731247,16.11669685813587,16.20941734313965,82400,0.0,0.0,0.0
2016-10-07 00:00:00-04:00,16.25999360498384,16.25999360498384,16.108267131570486,16.158842086791992,48500,0.0,0.0,0.0
2016-10-10 00:00:00-04:00,16.234702415183687,16.32742448960341,16.234702415183687,16.259990692138672,94800,0.0,0.0,0.0
2016-10-11 00:00:00-04:00,16.251561745131678,16.251561745131678,16.049260346779242,16.091405868530273,62800,0.0,0.0,0.0
2016-10-12 00:00:00-04:00,16.125125031115097,16.167272168630422,16.066120646342547,16.133554458618164,58700,0.0,0.0,0.0
2016-10-13 00:00:00-04:00,16.040831972069736,16.15041130045255,15.95653931529519,16.099836349487305,54300,0.0,0.0,0.0
2016-10-14 00:00:00-04:00,16.108265775939632,16.217845104322446,16.099836349487305,16.099836349487305,44200,0.0,0.0,0.0
2016-10-17 00:00:00-04:00,16.099837001694887,16.167270808296536,16.074548721313477,16.074548721313477,47000,0.0,0.0,0.0
2016-10-18 00:00:00-04:00,16.200985157632964,16.24313228704909,16.141980784198985,16.217844009399414,54100,0.0,0.0,0.0
2016-10-19 00:00:00-04:00,16.23470462240443,16.344283955276993,16.20941634201133,16.31056785583496,66800,0.0,0.0,0.0
2016-10-20 00:00:00-04:00,16.310568909449774,16.34428501106977,16.243135098460918,16.318998336791992,61400,0.0,0.0,0.0
2016-10-21 00:00:00-04:00,16.243134350324656,16.378001966090554,16.23470492337069,16.361143112182617,310000,0.0,0.0,0.0
2016-10-24 00:00:00-04:00,16.369571035425924,16.479150360263944,16.335853330707362,16.394859313964844,55500,0.0,0.0,0.0
2016-10-25 00:00:00-04:00,16.361143965968065,16.411718922582267,16.302139581960017,16.35271453857422,79900,0.0,0.0,0.0
2016-10-26 00:00:00-04:00,16.302140433543887,16.38643310413672,16.276852150041346,16.34428596496582,68800,0.0,0.0,0.0
2016-10-27 00:00:00-04:00,16.344285166117835,16.37800287580656,16.217846970282896,16.226276397705078,74200,0.0,0.0,0.0
2016-10-28 00:00:00-04:00,16.22627343528264,16.33585275626737,16.175698487731882,16.217844009399414,60000,0.0,0.0,0.0
2016-10-31 00:00:00-04:00,16.21784621865544,16.293709454190243,16.21784621865544,16.268421173095703,42400,0.0,0.0,0.0
2016-11-01 00:00:00-04:00,16.259994724933428,16.28528140041145,15.990257860425945,16.040834426879883,109000,0.0,0.0,0.0
2016-11-02 00:00:00-04:00,16.049258900098582,16.049258900098582,15.855385337373242,15.89753246307373,71300,0.0,0.0,0.0
2016-11-03 00:00:00-04:00,15.905961888213827,15.998682349257995,15.880673612793535,15.89753246307373,43900,0.0,0.0,0.0
2016-11-04 00:00:00-04:00,15.905961888213827,15.998682349257995,15.86381476251334,15.89753246307373,55800,0.0,0.0,0.0
2016-11-07 00:00:00-05:00,16.049262947864037,16.184130568623495,16.049262947864037,16.175701141357422,116500,0.0,0.0,0.0
2016-11-08 00:00:00-05:00,16.108270542214562,16.217849903020806,16.08298225537504,16.1251277923584,50800,0.0,0.0,0.0
2016-11-09 00:00:00-05:00,15.922825793354114,16.361146437555547,15.889109686434303,16.293712615966797,115600,0.0,0.0,0.0
2016-11-10 00:00:00-05:00,16.386434723557247,16.50444350940028,16.259996509046985,16.293712615966797,123600,0.0,0.0,0.0
2016-11-11 00:00:00-05:00,16.226276243776486,16.352714438411983,16.19255853440762,16.318998336791992,76400,0.0,0.0,0.0
2016-11-14 00:00:00-05:00,16.361144307812605,16.521300216144187,16.361144307812605,16.51287078857422,82000,0.0,0.0,0.0
2016-11-15 00:00:00-05:00,16.50444110621795,16.630879302317773,16.43700729444812,16.62244987487793,57000,0.0,0.0,0.0
2016-11-16 00:00:00-05:00,16.630881575878004,16.630881575878004,16.51287279108538,16.546588897705078,69000,0.0,0.0,0.0
2016-11-17 00:00:00-05:00,16.639307572364448,16.656166426071465,16.57187376528516,16.580303192138672,46100,0.0,0.0,0.0
2016-11-18 00:00:00-05:00,16.62244997489335,16.630879402383908,16.53815891548556,16.605592727661133,63500,0.0,0.0,0.0
2016-11-21 00:00:00-05:00,16.647740754170666,16.740462862724254,16.647740754170666,16.706745147705078,58700,0.0,0.0,0.0
2016-11-22 00:00:00-05:00,16.740458994497477,16.841608900683955,16.740458994497477,16.833179473876953,105300,0.0,0.0,0.0
2016-11-23 00:00:00-05:00,16.748890220916014,16.841610710257992,16.748890220916014,16.79946517944336,51400,0.0,0.0,0.0
2016-11-25 00:00:00-05:00,16.841608900683955,16.858467754297955,16.81632222801172,16.833179473876953,72800,0.0,0.0,0.0
2016-11-28 00:00:00-05:00,16.774172164969603,16.833176534566846,16.69830894470215,16.69830894470215,80000,0.0,0.0,0.0
2016-11-29 00:00:00-05:00,16.673028187444814,16.782607540152778,16.673028187444814,16.715173721313477,77900,0.0,0.0,0.0
2016-11-30 00:00:00-05:00,16.80789304913789,16.81632247606923,16.723600387573242,16.723600387573242,126100,0.0,0.0,0.0
2016-12-01 00:00:00-05:00,16.732026646042566,16.799460440974915,16.656163425775112,16.69830894470215,56800,0.0,0.0,0.0
2016-12-02 00:00:00-05:00,16.689882679847866,16.782604768343855,16.68145486066532,16.723600387573242,94900,0.0,0.0,0.0
2016-12-05 00:00:00-05:00,16.799460823760455,16.86689462022932,16.799460823760455,16.85846519470215,148700,0.0,0.0,0.0
2016-12-06 00:00:00-05:00,16.883756189084323,16.993335523079665,16.85003848154804,16.976476669311523,67200,0.0,0.0,0.0
2016-12-07 00:00:00-05:00,16.984907786785744,17.212497512062395,16.984907786785744,17.19563865661621,92400,0.0,0.0,0.0
2016-12-08 00:00:00-05:00,17.15348572094537,17.27149444262885,17.15348572094537,17.21249008178711,89000,0.0,0.0,0.0
2016-12-09 00:00:00-05:00,17.220925431413672,17.263070958588685,17.17877829648986,17.229354858398438,67900,0.0,0.0,0.0
2016-12-12 00:00:00-05:00,17.279929306317182,17.296788159792804,17.14506169400973,17.16192054748535,94700,0.0,0.0,0.0
2016-12-13 00:00:00-05:00,17.195640104539727,17.296791637985145,17.170353426990186,17.2377872467041,198000,0.0,0.0,0.0
2016-12-14 00:00:00-05:00,17.229356024894162,17.254642699811654,17.03548240661621,17.03548240661621,91300,0.0,0.0,0.0
2016-12-15 00:00:00-05:00,17.027055183106768,17.145063957518236,16.96804918815206,17.0860595703125,121500,0.0,0.0,0.0
2016-12-16 00:00:00-05:00,17.11977281022969,17.204065466887254,17.086056712215882,17.111343383789062,81300,0.0,0.0,0.0
2016-12-19 00:00:00-05:00,17.12820579483236,17.204069040808903,17.1113469384489,17.170352935791016,62400,0.0,0.0,0.0
2016-12-20 00:00:00-05:00,17.195637150459383,17.263070958588685,17.161921050269136,17.229354858398438,57100,0.0,0.0,0.0
2016-12-21 00:00:00-05:00,17.229354959792,17.279929914249404,17.229354959792,17.263071060180664,39600,0.0,0.0,0.0
2016-12-22 00:00:00-05:00,17.237787048810876,17.263073726070125,17.18721047879426,17.220928192138672,60000,0.0,0.0,0.0
2016-12-23 00:00:00-05:00,17.195364129934564,17.23796844482422,17.186842941906548,17.23796844482422,77300,0.22,0.0,0.0
2016-12-27 00:00:00-05:00,17.19536307139658,17.297614070937403,17.19536307139658,17.246488571166992,113200,0.0,0.0,0.0
2016-12-28 00:00:00-05:00,17.289090607989362,17.32317372506316,17.118670146870453,17.14423370361328,39400,0.0,0.0,0.0
2016-12-29 00:00:00-05:00,17.144233847013314,17.23796363868773,17.144233847013314,17.186838150024414,140700,0.0,0.0,0.0
2016-12-30 00:00:00-05:00,17.25501473748506,17.263535927447247,17.144242518478222,17.178325653076172,421600,0.0,0.0,0.0
2017-01-03 00:00:00-05:00,17.289095685645595,17.39134669214719,17.263532121394974,17.357263565063477,165500,0.0,0.0,0.0
2017-01-04 00:00:00-05:00,17.3828265198016,17.527683475185388,17.3828265198016,17.51064109802246,183600,0.0,0.0,0.0
2017-01-05 00:00:00-05:00,17.47655762323261,17.510640751633698,17.408389741179917,17.485078811645508,99100,0.0,0.0,0.0
2017-01-06 00:00:00-05:00,17.468033264310804,17.48507563804335,17.408386581497094,17.433948516845703,45400,0.0,0.0,0.0
2017-01-09 00:00:00-05:00,17.399868444846444,17.43395157303614,17.340221751576603,17.36578369140625,84500,0.0,0.0,0.0
2017-01-10 00:00:00-05:00,17.348741879481867,17.4424716952121,17.340220691642685,17.374303817749023,110000,0.0,0.0,0.0
2017-01-11 00:00:00-05:00,17.391349354995832,17.44247486607463,17.365785786831086,17.425434112548828,67200,0.0,0.0,0.0
2017-01-12 00:00:00-05:00,17.44247126307932,17.468034825963542,17.34022026204315,17.408388137817383,63000,0.0,0.0,0.0
2017-01-13 00:00:00-05:00,17.45098876953125,17.468031141192416,17.408384465628348,17.45098876953125,38200,0.0,0.0,0.0
2017-01-17 00:00:00-05:00,17.468031141192416,17.51063544509532,17.425426837289514,17.45098876953125,78600,0.0,0.0,0.0
2017-01-18 00:00:00-05:00,17.47655721073284,17.50212077536816,17.39134695386557,17.442472457885742,51400,0.0,0.0,0.0
2017-01-19 00:00:00-05:00,17.459515729497216,17.459515729497216,17.272054454978043,17.28909683227539,41100,0.0,0.0,0.0
2017-01-20 00:00:00-05:00,17.365777825106886,17.391341381551456,17.29760996650465,17.32317352294922,27500,0.0,0.0,0.0
2017-01-23 00:00:00-05:00,17.35726187218558,17.35726187218558,17.263530437658837,17.340219497680664,47500,0.0,0.0,0.0
2017-01-24 00:00:00-05:00,17.38282617594122,17.510640751633698,17.38282617594122,17.485078811645508,59700,0.0,0.0,0.0
2017-01-25 00:00:00-05:00,17.55324271619683,17.655493703480907,17.55324271619683,17.604368209838867,62700,0.0,0.0,0.0
2017-01-26 00:00:00-05:00,17.595847946480102,17.62993269419639,17.536201263226815,17.55324363708496,35900,0.0,0.0,0.0
2017-01-27 00:00:00-05:00,17.57880586495431,17.57880586495431,17.45099130939313,17.47655487060547,74900,0.0,0.0,0.0
2017-01-30 00:00:00-05:00,17.42542974495495,17.42542974495495,17.297613561418377,17.340219497680664,78100,0.0,0.0,0.0
2017-01-31 00:00:00-05:00,17.31465818649646,17.38282606812635,17.263532681586668,17.36578369140625,62200,0.0,0.0,0.0
2017-02-01 00:00:00-05:00,17.45099338348153,17.485078135815694,17.306136436562234,17.357263565063477,35900,0.0,0.0,0.0
2017-02-02 00:00:00-05:00,17.348741449671223,17.44247126307932,17.348741449671223,17.408388137817383,25600,0.0,0.0,0.0
2017-02-03 00:00:00-05:00,17.476557536376912,17.578808546322524,17.476557536376912,17.54472541809082,38500,0.0,0.0,0.0
2017-02-06 00:00:00-05:00,17.510633960909175,17.544718701342518,17.46802966061738,17.493593215942383,45000,0.0,0.0,0.0
2017-02-07 00:00:00-05:00,17.493597244747026,17.544722741921447,17.459512496463912,17.47655487060547,53700,0.0,0.0,0.0
2017-02-08 00:00:00-05:00,17.433951681168107,17.527683128459497,17.399868552767018,17.485078811645508,37700,0.0,0.0,0.0
2017-02-09 00:00:00-05:00,17.536201186753274,17.646973365847707,17.536201186753274,17.612890243530273,49900,0.0,0.0,0.0
2017-02-10 00:00:00-05:00,17.655495951989124,17.706623077392578,17.646974764421884,17.706623077392578,29100,0.0,0.0,0.0
2017-02-13 00:00:00-05:00,17.672539171212797,17.766270613678984,17.672539171212797,17.715145111083984,74600,0.0,0.0,0.0
2017-02-14 00:00:00-05:00,17.72366608246667,17.74922964842115,17.65549819850528,17.732187271118164,39900,0.0,0.0,0.0
2017-02-15 00:00:00-05:00,17.732184088779814,17.774790024390928,17.689579778418963,17.757747650146484,58200,0.0,0.0,0.0
2017-02-16 00:00:00-05:00,17.757750837072642,17.791833966428058,17.71514651906573,17.732187271118164,44700,0.0,0.0,0.0
2017-02-17 00:00:00-05:00,17.732185014843957,17.732185014843957,17.646974764421884,17.706623077392578,29400,0.0,0.0,0.0
2017-02-21 00:00:00-05:00,17.73218569449882,17.83443832397461,17.73218569449882,17.83443832397461,76000,0.0,0.0,0.0
2017-02-22 00:00:00-05:00,17.81739638010708,17.842959944408328,17.766270876755033,17.80035400390625,48200,0.0,0.0,0.0
2017-02-23 00:00:00-05:00,17.88556425965996,17.88556425965996,17.766270876755033,17.80035400390625,81900,0.0,0.0,0.0
2017-02-24 00:00:00-05:00,17.766270876755033,17.808875192006667,17.723664936252955,17.80035400390625,53900,0.0,0.0,0.0
2017-02-27 00:00:00-05:00,17.774789101431537,17.842956969619426,17.774789101431537,17.80887222290039,80800,0.0,0.0,0.0
2017-02-28 00:00:00-05:00,17.76626989906669,17.800353024342293,17.73218514854073,17.74922752380371,65500,0.0,0.0,0.0
2017-03-01 00:00:00-05:00,17.825915366001084,17.919646798275668,17.825915366001084,17.87704086303711,75300,0.0,0.0,0.0
2017-03-02 00:00:00-05:00,17.851480783684057,17.851480783684057,17.76627052959539,17.774791717529297,53200,0.0,0.0,0.0
2017-03-03 00:00:00-05:00,17.774791717529297,17.800353656080606,17.723664589925846,17.774791717529297,24200,0.0,0.0,0.0
2017-03-06 00:00:00-05:00,17.723663827276713,17.7407062024112,17.664017139556368,17.706623077392578,90500,0.0,0.0,0.0
2017-03-07 00:00:00-05:00,17.740703943051066,17.740703943051066,17.604368209838867,17.604368209838867,76300,0.0,0.0,0.0
2017-03-08 00:00:00-05:00,17.595849225846745,17.65549591343685,17.502119413312446,17.527681350708008,192400,0.0,0.0,0.0
2017-03-09 00:00:00-05:00,17.485076135780638,17.519159258965747,17.34874039253968,17.416908264160156,57900,0.0,0.0,0.0
2017-03-10 00:00:00-05:00,17.485072030834047,17.536197516234182,17.433944920184036,17.493593215942383,51200,0.0,0.0,0.0
2017-03-13 00:00:00-04:00,17.5021221614522,17.578809610930502,17.5021221614522,17.536205291748047,505800,0.0,0.0,0.0
2017-03-14 00:00:00-04:00,17.510637993638333,17.510637993638333,17.425429373431047,17.47655487060547,51100,0.0,0.0,0.0
2017-03-15 00:00:00-04:00,17.536203628064996,17.774792018503113,17.536203628064996,17.698102951049805,36400,0.0,0.0,0.0
2017-03-16 00:00:00-04:00,17.732187271118164,17.774793214375627,17.706625330414237,17.732187271118164,31000,0.0,0.0,0.0
2017-03-17 00:00:00-04:00,17.74922730878137,17.783312058894413,17.73218493372485,17.76626968383789,31800,0.0,0.0,0.0
2017-03-20 00:00:00-04:00,17.732185861782035,17.75774942570475,17.68958154716127,17.715145111083984,36800,0.0,0.0,0.0
2017-03-21 00:00:00-04:00,17.757745747779722,17.774788120198437,17.51063622345861,17.51915740966797,76600,0.0,0.0,0.0
2017-03-22 00:00:00-04:00,17.47655585066654,17.544723725805277,17.442471100471998,17.527681350708008,164700,0.0,0.0,0.0
2017-03-23 00:00:00-04:00,17.570289611816406,17.67254062542026,17.51916247976392,17.570289611816406,73600,0.0,0.0,0.0
2017-03-24 00:00:00-04:00,17.61288876081155,17.65549306643431,17.54472089666509,17.57880401611328,53700,0.0,0.0,0.0
2017-03-27 00:00:00-04:00,17.537464895079694,17.571918784114228,17.4340999421157,17.563304901123047,62900,0.222,0.0,0.0
2017-03-28 00:00:00-04:00,17.51162453909791,17.69251280940845,17.51162453909791,17.68389892578125,47300,0.0,0.0,0.0
2017-03-29 00:00:00-04:00,17.70112330223163,17.770032721514536,17.614987760325608,17.726964950561523,44700,0.0,0.0,0.0
2017-03-30 00:00:00-04:00,17.787258739202176,17.81310038499274,17.735577090551033,17.770030975341797,57700,0.0,0.0,0.0
2017-03-31 00:00:00-04:00,17.744189207167327,17.85616637525954,17.744189207167327,17.821712493896484,35800,0.0,0.0,0.0
2017-04-03 00:00:00-04:00,17.864781569373744,17.864781569373744,17.64943945550531,17.735576629638672,189500,0.0,0.0,0.0
2017-04-04 00:00:00-04:00,17.75280659889142,17.770032721514536,17.675283296831882,17.726964950561523,42800,0.0,0.0,0.0
2017-04-05 00:00:00-04:00,17.761414425144153,17.847549937678536,17.6322078704834,17.6322078704834,50100,0.0,0.0,0.0
2017-04-06 00:00:00-04:00,17.64082528023852,17.778644099386486,17.64082528023852,17.744190216064453,35500,0.0,0.0,0.0
2017-04-07 00:00:00-04:00,17.7183486994556,17.76141810758187,17.68389481588451,17.692508697509766,37500,0.0,0.0,0.0
2017-04-10 00:00:00-04:00,17.75280409762744,17.847553508960466,17.744190216064453,17.744190216064453,139000,0.0,0.0,0.0
2017-04-11 00:00:00-04:00,17.735575913108214,17.830326965119895,17.718348150391563,17.804485321044922,21800,0.0,0.0,0.0
2017-04-12 00:00:00-04:00,17.804488252621063,17.830329900950957,17.71835106778489,17.726964950561523,44400,0.0,0.0,0.0
2017-04-13 00:00:00-04:00,17.71834502594737,17.744186665465442,17.6322078704834,17.6322078704834,46400,0.0,0.0,0.0
2017-04-17 00:00:00-04:00,17.658053043364497,17.76141797919043,17.64943916180151,17.744190216064453,33500,0.0,0.0,0.0
2017-04-18 00:00:00-04:00,17.726959960160592,17.804483240396184,17.7011183191055,17.761415481567383,102900,0.0,0.0,0.0
2017-04-19 00:00:00-04:00,17.830329900950957,17.856169906350704,17.726964950561523,17.726964950561523,90600,0.0,0.0,0.0
2017-04-20 00:00:00-04:00,17.830323615240367,17.890619130490705,17.78725421654043,17.83893585205078,70100,0.0,0.0,0.0
2017-04-21 00:00:00-04:00,17.86477996111597,17.890621603908595,17.795870556598764,17.830326080322266,22600,0.0,0.0,0.0
2017-04-24 00:00:00-04:00,17.907853351751186,17.993988894372638,17.89062558605483,17.976762771606445,64300,0.0,0.0,0.0
2017-04-25 00:00:00-04:00,17.985374876244197,18.06289817836453,17.985374876244197,18.028444290161133,79400,0.0,0.0,0.0
2017-04-26 00:00:00-04:00,18.06289788158236,18.123195060075357,18.037057876586914,18.037057876586914,36500,0.0,0.0,0.0
2017-04-27 00:00:00-04:00,18.01121652459436,18.08873982671469,17.993988759027584,18.028444290161133,114500,0.0,0.0,0.0
2017-04-28 00:00:00-04:00,18.045672191461705,18.045672191461705,17.92507947451738,17.976762771606445,20700,0.0,0.0,0.0
2017-05-01 00:00:00-04:00,17.942306222620825,17.9767617520594,17.925078457901535,17.95092010498047,35100,0.0,0.0,0.0
2017-05-02 00:00:00-04:00,17.95091937997569,18.002601029116157,17.882009966811736,17.91646385192871,33100,0.0,0.0,0.0
2017-05-03 00:00:00-04:00,17.933687328312587,17.933687328312587,17.85616405167138,17.88200569152832,24000,0.0,0.0,0.0
2017-05-04 00:00:00-04:00,17.882006520631773,17.882006520631773,17.718346079808896,17.761415481567383,25400,0.0,0.0,0.0
2017-05-05 00:00:00-04:00,17.778646624196732,17.9336932284894,17.778646624196732,17.925079345703125,33900,0.0,0.0,0.0
2017-05-08 00:00:00-04:00,17.89062177447717,17.950917298638355,17.84755236941217,17.873394012451172,25700,0.0,0.0,0.0
2017-05-09 00:00:00-04:00,17.8389386131131,17.882008018479205,17.813098612823264,17.821712493896484,42800,0.0,0.0,0.0
2017-05-10 00:00:00-04:00,17.84755355668972,17.950918492792077,17.84755355668972,17.942304611206055,27700,0.0,0.0,0.0
2017-05-11 00:00:00-04:00,17.882012143720775,17.882012143720775,17.752807183675536,17.81310272216797,99800,0.0,0.0,0.0
2017-05-12 00:00:00-04:00,17.838940091346718,17.864781736707762,17.770030679980565,17.778644561767578,55200,0.0,0.0,0.0
2017-05-15 00:00:00-04:00,17.813097608781288,17.942302531737262,17.813097608781288,17.899234771728516,33400,0.0,0.0,0.0
2017-05-16 00:00:00-04:00,17.89924036755498,17.925080374466678,17.830330944240043,17.847557067871094,50900,0.0,0.0,0.0
2017-05-17 00:00:00-04:00,17.761414425144153,17.82170994109006,17.623593990644043,17.6322078704834,47400,0.0,0.0,0.0
2017-05-18 00:00:00-04:00,17.563303421923393,17.666668366181884,17.511621771259176,17.606372833251953,106800,0.0,0.0,0.0
2017-05-19 00:00:00-04:00,17.614985736604186,17.830327852489667,17.614985736604186,17.778644561767578,28400,0.0,0.0,0.0
2017-05-22 00:00:00-04:00,17.795873214356963,17.8992381580349,17.795873214356963,17.856168746948242,38700,0.0,0.0,0.0
2017-05-23 00:00:00-04:00,17.88201052600822,17.959533823608187,17.873396643727105,17.907852172851562,61700,0.0,0.0,0.0
2017-05-24 00:00:00-04:00,17.968145665360506,17.976759546663395,17.8647807326557,17.959531784057617,32700,0.0,0.0,0.0
2017-05-25 00:00:00-04:00,17.959533823608187,17.976761588170415,17.899238290570448,17.907852172851562,27500,0.0,0.0,0.0
2017-05-26 00:00:00-04:00,17.89061957148063,17.942301208264897,17.864777931623692,17.88200569152832,24100,0.0,0.0,0.0
2017-05-30 00:00:00-04:00,17.856167566060698,17.925076976312102,17.856167566060698,17.890623092651367,38400,0.0,0.0,0.0
2017-05-31 00:00:00-04:00,17.925075655599358,17.925075655599358,17.795870726263985,17.873394012451172,25300,0.0,0.0,0.0
2017-06-01 00:00:00-04:00,17.899238746365043,18.07151146758398,17.873397098863656,18.045671463012695,32400,0.0,0.0,0.0
2017-06-02 00:00:00-04:00,18.080125350084444,18.09735311508537,18.037057580512233,18.045671463012695,75900,0.0,0.0,0.0
2017-06-05 00:00:00-04:00,18.05428386839004,18.07151163354918,17.968148328454568,17.985374450683594,27400,0.0,0.0,0.0
2017-06-06 00:00:00-04:00,17.925076976312102,17.950918621255106,17.864781447708367,17.890623092651367,43500,0.0,0.0,0.0
2017-06-07 00:00:00-04:00,17.925075655599358,17.968145060664355,17.838938488399172,17.873394012451172,39100,0.0,0.0,0.0
2017-06-08 00:00:00-04:00,17.9164655916692,18.037058308613528,17.89923946890301,17.976762771606445,35500,0.0,0.0,0.0
2017-06-09 00:00:00-04:00,18.03705221178189,18.157643245034226,17.959528935282645,18.13180160522461,39100,0.0,0.0,0.0
2017-06-12 00:00:00-04:00,18.140417533929632,18.278236342620225,18.140417533929632,18.183486938476562,28200,0.0,0.0,0.0
2017-06-13 00:00:00-04:00,18.22655398816403,18.261009510455743,18.192100108802048,18.252395629882812,28800,0.0,0.0,0.0
2017-06-14 00:00:00-04:00,18.261014216473928,18.26962645633657,18.1490353830977,18.226558685302734,54700,0.0,0.0,0.0
2017-06-15 00:00:00-04:00,18.12319640056399,18.166264174028676,18.097354750727035,18.149036407470703,23500,0.0,0.0,0.0
2017-06-16 00:00:00-04:00,18.157648250052365,18.200716018676758,18.045671065870906,18.200716018676758,38400,0.0,0.0,0.0
2017-06-19 00:00:00-04:00,18.243781749309885,18.27823562867187,18.2179401075911,18.252395629882812,35800,0.0,0.0,0.0
2017-06-20 00:00:00-04:00,18.25239855005344,18.25239855005344,18.05428255103931,18.071510314941406,41000,0.0,0.0,0.0
2017-06-21 00:00:00-04:00,18.08873939870832,18.105967163867458,17.968148328454568,17.985374450683594,43700,0.0,0.0,0.0
2017-06-22 00:00:00-04:00,17.985371533455258,18.10596422707898,17.985371533455258,18.062894821166992,34900,0.0,0.0,0.0
2017-06-23 00:00:00-04:00,18.054285334332107,18.149036407470703,18.054285334332107,18.149036407470703,25500,0.0,0.0,0.0
2017-06-26 00:00:00-04:00,18.190812359044266,18.251738260335134,18.16470220712321,18.19951629638672,39100,0.218,0.0,0.0
2017-06-27 00:00:00-04:00,18.199516466481352,18.26914630576544,18.129886627197266,18.129886627197266,27000,0.0,0.0,0.0
2017-06-28 00:00:00-04:00,18.190808594953197,18.321364307862442,18.190808594953197,18.243030548095703,712400,0.0,0.0,0.0
2017-06-29 00:00:00-04:00,18.26044744595079,18.31267108501521,18.129891668503298,18.182113647460938,50300,0.0,0.0,0.0
2017-06-30 00:00:00-04:00,18.22562719407565,18.28655309231,18.190811446452464,18.234331130981445,48300,0.0,0.0,0.0
2017-07-03 00:00:00-04:00,18.27784956763607,18.408405303955078,18.27784956763607,18.408405303955078,41300,0.0,0.0,0.0
2017-07-05 00:00:00-04:00,18.382292154250145,18.382292154250145,18.251734779121296,18.286550521850586,60300,0.0,0.0,0.0
2017-07-06 00:00:00-04:00,18.251737511432665,18.269145385403295,18.147293587821366,18.164701461791992,64500,0.0,0.0,0.0
2017-07-07 00:00:00-04:00,18.095069771847047,18.243031705117296,18.07766189966017,18.20821762084961,54800,0.0,0.0,0.0
2017-07-10 00:00:00-04:00,18.216923423597642,18.22562736058296,18.15599752480668,18.164701461791992,64400,0.0,0.0,0.0
2017-07-11 00:00:00-04:00,18.138591766357422,18.182109796253307,18.10377601435557,18.138591766357422,34700,0.0,0.0,0.0
2017-07-12 00:00:00-04:00,18.216921398022567,18.321365310020546,18.216921398022567,18.277847290039062,48600,0.0,0.0,0.0
2017-07-13 00:00:00-04:00,18.356182595863217,18.38229440610892,18.312664572226566,18.37359046936035,35400,0.0,0.0,0.0
2017-07-14 00:00:00-04:00,18.37359220543693,18.469332198505036,18.37359220543693,18.443222045898438,74900,0.0,0.0,0.0
2017-07-17 00:00:00-04:00,18.44321587541609,18.52154962724073,18.44321587541609,18.46932601928711,25800,0.0,0.0,0.0
2017-07-18 00:00:00-04:00,18.460622084628174,18.46932601928711,18.408400136780344,18.46932601928711,47000,0.0,0.0,0.0
2017-07-19 00:00:00-04:00,18.512850305055895,18.538960455432257,18.46933062091829,18.530258178710938,49400,0.0,0.0,0.0
2017-07-20 00:00:00-04:00,18.538960455432257,18.582480139569864,18.495442431400853,18.530258178710938,21900,0.0,0.0,0.0
2017-07-21 00:00:00-04:00,18.521556358921153,18.521556358921153,18.469332731986796,18.504148483276367,31900,0.0,0.0,0.0
2017-07-24 00:00:00-04:00,18.504143464880798,18.530255271266352,18.46932772303339,18.495439529418945,26600,0.0,0.0,0.0
2017-07-25 00:00:00-04:00,18.58247947692871,18.63470143592543,18.538959794342993,18.58247947692871,43300,0.0,0.0,0.0
2017-07-26 00:00:00-04:00,18.591184784063813,18.591184784063813,18.50414707258175,18.521554946899414,25800,0.0,0.0,0.0
2017-07-27 00:00:00-04:00,18.5215513358045,18.530255271266352,18.44321757675378,18.495439529418945,57800,0.0,0.0,0.0
2017-07-28 00:00:00-04:00,18.50414707258175,18.521554946899414,18.434517235417346,18.521554946899414,26300,0.0,0.0,0.0
2017-07-31 00:00:00-04:00,18.512850554660712,18.582480390113485,18.434516782263067,18.547664642333984,35400,0.0,0.0,0.0
2017-08-01 00:00:00-04:00,18.643408032148667,18.643408032148667,18.547666376907532,18.61729621887207,37700,0.0,0.0,0.0
2017-08-02 00:00:00-04:00,18.565072265914818,18.57377620274234,18.504146368228373,18.530258178710938,55700,0.0,0.0,0.0
2017-08-03 00:00:00-04:00,18.547661482084113,18.573773288469667,18.478031658495244,18.495439529418945,69100,0.0,0.0,0.0
2017-08-04 00:00:00-04:00,18.53025888405825,18.547665098269647,18.478035261105248,18.521554946899414,41500,0.0,0.0,0.0
2017-08-07 00:00:00-04:00,18.547665098269647,18.547665098269647,18.478035261105248,18.521554946899414,53800,0.0,0.0,0.0
2017-08-08 00:00:00-04:00,18.521554616668507,18.573776578584145,18.43451690673828,18.43451690673828,40100,0.0,0.0,0.0
2017-08-09 00:00:00-04:00,18.38229440610892,18.417108492997002,18.338774722366082,18.37359046936035,81000,0.0,0.0,0.0
2017-08-10 00:00:00-04:00,18.303960798794176,18.321367012340428,18.07766342163086,18.07766342163086,67700,0.0,0.0,0.0
2017-08-11 00:00:00-04:00,17.964513451557707,18.138588863495443,17.964513451557707,18.10377311706543,40300,0.0,0.0,0.0
2017-08-14 00:00:00-04:00,18.15599876440772,18.286554507888656,18.15599876440772,18.2169246673584,42600,0.0,0.0,0.0
2017-08-15 00:00:00-04:00,18.23433392136238,18.23433392136238,18.14729619909135,18.1560001373291,40700,0.0,0.0,0.0
2017-08-16 00:00:00-04:00,18.208220024684874,18.269145925276263,18.199516087442348,18.225627899169922,28500,0.0,0.0,0.0
2017-08-17 00:00:00-04:00,18.16470272037337,18.199516810620565,17.99062728881836,17.99062728881836,41100,0.0,0.0,0.0
2017-08-18 00:00:00-04:00,17.947109470761276,18.0428494651399,17.938405533071155,17.964515686035156,54100,0.0,0.0,0.0
2017-08-21 00:00:00-04:00,17.96451116764848,17.99932690965221,17.92099315024977,17.973215103149414,42800,0.0,0.0,0.0
2017-08-22 00:00:00-04:00,17.981919179371154,18.12117882826397,17.97321524380211,18.08636474609375,38100,0.0,0.0,0.0
2017-08-23 00:00:00-04:00,18.07766586046061,18.155999642358346,18.060257984459685,18.138591766357422,20200,0.0,0.0,0.0
2017-08-24 00:00:00-04:00,18.225630231089166,18.225630231089166,18.121184630921626,18.17340660095215,39400,0.0,0.0,0.0
2017-08-25 00:00:00-04:00,18.20821762084961,18.26914351339761,18.199513684756173,18.20821762084961,47300,0.0,0.0,0.0
2017-08-28 00:00:00-04:00,18.26044269514993,18.26044269514993,18.190812854619672,18.2169246673584,25400,0.0,0.0,0.0
2017-08-29 00:00:00-04:00,18.155997070263126,18.2343308410636,18.121181323193497,18.190811157226562,53700,0.0,0.0,0.0
2017-08-30 00:00:00-04:00,18.164702701987295,18.26044269514993,18.12988695166899,18.2169246673584,32100,0.0,0.0,0.0
2017-08-31 00:00:00-04:00,18.277847131797337,18.37358876705497,18.269143195855186,18.347476959228516,35500,0.0,0.0,0.0
2017-09-01 00:00:00-04:00,18.399697850380843,18.478031609222683,18.399697850380843,18.451921463012695,34500,0.0,0.0,0.0
2017-09-05 00:00:00-04:00,18.469333256782893,18.469333256782893,18.251739785359458,18.295259475708008,39900,0.0,0.0,0.0
2017-09-06 00:00:00-04:00,18.286553463911062,18.40840526285592,18.286553463911062,18.364887237548828,103200,0.0,0.0,0.0
2017-09-07 00:00:00-04:00,18.39970203271642,18.39970203271642,18.330072193486043,18.356184005737305,37200,0.0,0.0,0.0
2017-09-08 00:00:00-04:00,18.330070785617515,18.408404556248435,18.330070785617515,18.37359046936035,99900,0.0,0.0,0.0
2017-09-11 00:00:00-04:00,18.460625735855974,18.582479185076036,18.460625735855974,18.538959503173828,42000,0.0,0.0,0.0
2017-09-12 00:00:00-04:00,18.556368908706826,18.67822070788583,18.521554820415503,18.634702682495117,49000,0.0,0.0,0.0
2017-09-13 00:00:00-04:00,18.625999736625495,18.686925639457325,18.625999736625495,18.669519424438477,45800,0.0,0.0,0.0
2017-09-14 00:00:00-04:00,18.652111549313283,18.704333514582515,18.64340761175069,18.669519424438477,26800,0.0,0.0,0.0
2017-09-15 00:00:00-04:00,18.582484131523522,18.73915170786237,18.582484131523522,18.73044776916504,31100,0.0,0.0,0.0
2017-09-18 00:00:00-04:00,18.74785253441368,18.808778435074732,18.713036785403773,18.72174072265625,35400,0.0,0.0,0.0
2017-09-19 00:00:00-04:00,18.756552241405785,18.782664049585193,18.739146029392238,18.77396011352539,35300,0.0,0.0,0.0
2017-09-20 00:00:00-04:00,18.895818369154416,18.895818369154416,18.747856385785337,18.765262603759766,103600,0.0,0.0,0.0
2017-09-21 00:00:00-04:00,18.782670481840817,18.8087822989624,18.721744568663755,18.765262603759766,30100,0.0,0.0,0.0
2017-09-22 00:00:00-04:00,18.739146321626503,18.85229417195635,18.713034513039887,18.817480087280273,40700,0.0,0.0,0.0
2017-09-25 00:00:00-04:00,18.887109756469727,18.9132199047287,18.826182203617957,18.887109756469727,31500,0.0,0.0,0.0
2017-09-26 00:00:00-04:00,18.874794801508973,18.96274851823021,18.874794801508973,18.909976959228516,47600,0.226,0.0,0.0
2017-09-27 00:00:00-04:00,18.98034131733643,19.01552347824464,18.874796512189572,18.953954696655273,147400,0.0,0.0,0.0
2017-09-28 00:00:00-04:00,18.93636457705245,19.050703240520964,18.927569037158303,19.00672721862793,41200,0.0,0.0,0.0
2017-09-29 00:00:00-04:00,19.01552145747703,19.08588409423828,19.00672591818467,19.08588409423828,19500,0.0,0.0,0.0
2017-10-02 00:00:00-04:00,19.077089873201754,19.12106589512475,19.024316633800908,19.11227035522461,44400,0.0,0.0,0.0
2017-10-03 00:00:00-04:00,19.112268092286122,19.147450247721032,19.077087614428716,19.138654708862305,40000,0.0,0.0,0.0
2017-10-04 00:00:00-04:00,19.112268049113265,19.15624574330756,19.07708757133533,19.094676971435547,23000,0.0,0.0,0.0
2017-10-05 00:00:00-04:00,19.094680066518226,19.209020412379477,19.094680066518226,19.14745330810547,39800,0.0,0.0,0.0
2017-10-06 00:00:00-04:00,19.08588311017419,19.15624574330756,19.07708757133533,19.094676971435547,42500,0.0,0.0,0.0
2017-10-09 00:00:00-04:00,19.121063018363838,19.15624517267125,19.041904848749613,19.05949592590332,42500,0.0,0.0,0.0
2017-10-10 00:00:00-04:00,19.077088366660703,19.1474510027275,19.077088366660703,19.129859924316406,29800,0.0,0.0,0.0
2017-10-11 00:00:00-04:00,19.12986067932319,19.138656218875877,19.094678521112456,19.121065139770508,25300,0.0,0.0,0.0
2017-10-12 00:00:00-04:00,19.103473495245403,19.129860113122472,19.059497476361216,19.08588409423828,40800,0.0,0.0,0.0
2017-10-13 00:00:00-04:00,19.121064573830115,19.138655652414826,19.06829301565357,19.08588409423828,33800,0.0,0.0,0.0
2017-10-16 00:00:00-04:00,19.06829356286478,19.077089102409545,19.006726463629064,19.015522003173828,36400,0.0,0.0,0.0
2017-10-17 00:00:00-04:00,19.05070193706886,19.08588409423828,19.024315319191796,19.08588409423828,169800,0.0,0.0,0.0
2017-10-18 00:00:00-04:00,19.165041325438487,19.182630725578438,19.094677014568667,19.138654708862305,23000,0.0,0.0,0.0
2017-10-19 00:00:00-04:00,19.12986071891372,19.165042877197266,19.059498079924268,19.165042877197266,22100,0.0,0.0,0.0
2017-10-20 00:00:00-04:00,19.26178950993513,19.26178950993513,19.17383579612989,19.21781349182129,54800,0.0,0.0,0.0
2017-10-23 00:00:00-04:00,19.226611456571785,19.226611456571785,19.10347557067871,19.10347557067871,23700,0.0,0.0,0.0
2017-10-24 00:00:00-04:00,19.156247297981242,19.17383669950897,19.094678521112456,19.121065139770508,29500,0.0,0.0,0.0
2017-10-25 00:00:00-04:00,19.0946765442326,19.103472082874678,18.865999249848432,18.971542358398438,54000,0.0,0.0,0.0
2017-10-26 00:00:00-04:00,19.03311216073267,19.06829432030926,18.99793167873378,19.00672721862793,19600,0.0,0.0,0.0
2017-10-27 00:00:00-04:00,19.006724726272115,19.077087358620926,18.980338110049754,19.033109664916992,32500,0.0,0.0,0.0
2017-10-30 00:00:00-04:00,18.98913685756348,19.050703961575078,18.936365293778938,18.953954696655273,32400,0.0,0.0,0.0
2017-10-31 00:00:00-04:00,19.02432040984186,19.02432040984186,18.927572806892783,18.962753295898438,52500,0.0,0.0,0.0
2017-11-01 00:00:00-04:00,19.050701896084956,19.08588405317869,18.97154372020164,19.041906356811523,34700,0.0,0.0,0.0
2017-11-02 00:00:00-04:00,18.989134987372598,19.05070208532061,18.96274836929019,18.9979305267334,28000,0.0,0.0,0.0
2017-11-03 00:00:00-04:00,19.050703240520964,19.06829432030926,18.953953979263044,19.00672721862793,20400,0.0,0.0,0.0
2017-11-06 00:00:00-05:00,19.024313771595907,19.103471941210135,18.980337756289092,19.05949592590332,40600,0.0,0.0,0.0
2017-11-07 00:00:00-05:00,19.12986142199059,19.138656961884738,18.962749519157192,19.00672721862793,22600,0.0,0.0,0.0
2017-11-08 00:00:00-05:00,18.9979305267334,19.05070208532061,18.96274836929019,18.9979305267334,29500,0.0,0.0,0.0
2017-11-09 00:00:00-05:00,18.971544662766654,18.9891357421875,18.88359094324009,18.9891357421875,49000,0.0,0.0,0.0
2017-11-10 00:00:00-05:00,18.918773651123047,19.041907855487107,18.90997811115737,18.918773651123047,48700,0.0,0.0,0.0
2017-11-13 00:00:00-05:00,18.883592439736137,18.936365682180874,18.84841195568411,18.866003036499023,42300,0.0,0.0,0.0
2017-11-14 00:00:00-05:00,18.80443176791779,18.918772100522446,18.79563790625058,18.892385482788086,52300,0.0,0.0,0.0
2017-11-15 00:00:00-05:00,18.82202605527066,18.85720821824782,18.7164829214949,18.813230514526367,26100,0.0,0.0,0.0
2017-11-16 00:00:00-05:00,18.848411569086185,19.041908421348026,18.804433867950927,18.953954696655273,34900,0.0,0.0,0.0
2017-11-17 00:00:00-05:00,19.050700786060915,19.12106341857099,19.006724769833674,19.07708740234375,37800,0.0,0.0,0.0
2017-11-20 00:00:00-05:00,19.077088554945927,19.121064573830115,19.024315319191796,19.08588409423828,22500,0.0,0.0,0.0
2017-11-21 00:00:00-05:00,19.138655463521953,19.182631481972113,19.10347330669977,19.129859924316406,15400,0.0,0.0,0.0
2017-11-22 00:00:00-05:00,19.182632278761396,19.22660997661583,19.12986071891372,19.165042877197266,22200,0.0,0.0,0.0
2017-11-24 00:00:00-05:00,19.17383575439453,19.200222371751934,19.16504189285295,19.17383575439453,19900,0.0,0.0,0.0
2017-11-27 00:00:00-05:00,19.182630725578438,19.217812881013348,19.138654708862305,19.138654708862305,25400,0.0,0.0,0.0
2017-11-28 00:00:00-05:00,19.165044039488006,19.30576932600139,19.1474529592794,19.279382705688477,22500,0.0,0.0,0.0
2017-11-29 00:00:00-05:00,19.29697287810213,19.46408309948925,19.29697287810213,19.376131057739258,32900,0.0,0.0,0.0
2017-11-30 00:00:00-05:00,19.455286196039026,19.552033762355542,19.420104042776728,19.472875595092773,31200,0.0,0.0,0.0
2017-12-01 00:00:00-05:00,19.42890318316398,19.472879205317494,19.270586819286972,19.411312103271484,12000,0.0,0.0,0.0
2017-12-04 00:00:00-05:00,19.543242652440426,19.692763482531053,19.543242652440426,19.552038192749023,31900,0.0,0.0,0.0
2017-12-05 00:00:00-05:00,19.543244926004302,19.631198661744616,19.42011070251465,19.42011070251465,23900,0.0,0.0,0.0
2017-12-06 00:00:00-05:00,19.411312103271484,19.481674745263742,19.367336081117966,19.411312103271484,17200,0.0,0.0,0.0
2017-12-07 00:00:00-05:00,19.34974270255308,19.42890087508791,19.34974270255308,19.393718719482422,26400,0.0,0.0,0.0
2017-12-08 00:00:00-05:00,19.46408311494091,19.52565189282351,19.420107094031,19.481674194335938,28500,0.0,0.0,0.0
2017-12-11 00:00:00-05:00,19.516857744831217,19.59601593017578,19.4904711238571,19.59601593017578,38300,0.0,0.0,0.0
2017-12-12 00:00:00-05:00,19.62240083764004,19.62240083764004,19.516857709092406,19.552038192749023,57600,0.0,0.0,0.0
2017-12-13 00:00:00-05:00,19.569626818809997,19.657580533286456,19.560831279604596,19.622398376464844,26400,0.0,0.0,0.0
2017-12-14 00:00:00-05:00,19.613605492267503,19.613605492267503,19.490471281878865,19.5080623626709,46100,0.0,0.0,0.0
2017-12-15 00:00:00-05:00,19.534447507243446,19.692763880844844,19.534447507243446,19.569629669189453,27500,0.0,0.0,0.0
2017-12-18 00:00:00-05:00,19.789510537953532,19.859873174985374,19.763123919974994,19.833486557006836,45700,0.0,0.0,0.0
2017-12-19 00:00:00-05:00,19.859874676009113,19.859874676009113,19.71035385131836,19.71035385131836,23400,0.0,0.0,0.0
2017-12-20 00:00:00-05:00,19.763126964118378,19.763126964118378,19.675174912464385,19.73674201965332,26800,0.0,0.0,0.0
2017-12-21 00:00:00-05:00,19.754330666965583,19.833488852485175,19.701559102478452,19.74553680419922,36500,0.0,0.0,0.0
2017-12-22 00:00:00-05:00,19.745537364933565,19.789513390325375,19.745537364933565,19.780717849731445,10000,0.0,0.0,0.0
2017-12-26 00:00:00-05:00,19.803805593715058,19.91037390638618,19.803805593715058,19.901493072509766,23400,0.216,0.0,0.0
2017-12-27 00:00:00-05:00,19.857087049863186,19.9014895174677,19.821563720703125,19.821563720703125,16300,0.0,0.0,0.0
2017-12-28 00:00:00-05:00,19.848208078159924,19.892610549926758,19.821565578792388,19.892610549926758,37200,0.0,0.0,0.0
2017-12-29 00:00:00-05:00,19.999184163399256,19.999184163399256,19.83933251244436,19.910377502441406,51400,0.0,0.0,0.0
2018-01-02 00:00:00-05:00,19.910375533994618,20.00806302077496,19.892613864789826,19.981420516967773,91500,0.0,0.0,0.0
2018-01-03 00:00:00-05:00,20.05246527989074,20.079107783405558,19.97253946319227,19.99030113220215,80400,0.0,0.0,0.0
2018-01-04 00:00:00-05:00,20.016943196981185,20.087988177617536,19.945896522498888,20.0080623626709,56800,0.0,0.0,0.0
2018-01-05 00:00:00-05:00,20.05246559681233,20.1146297454834,20.025823092876436,20.1146297454834,40900,0.0,0.0,0.0
2018-01-08 00:00:00-05:00,20.096865898576905,20.19455337524414,20.052463424007705,20.19455337524414,78400,0.0,0.0,0.0
2018-01-09 00:00:00-05:00,20.13238525390625,20.17678771969878,20.105742758123434,20.13238525390625,49800,0.0,0.0,0.0
2018-01-10 00:00:00-05:00,20.079105543085248,20.159031350866016,20.052463042543057,20.14126968383789,66400,0.0,0.0,0.0
2018-01-11 00:00:00-05:00,20.17679014097484,20.38104591213008,20.132387669853877,20.318880081176758,55300,0.0,0.0,0.0
2018-01-12 00:00:00-05:00,20.318885230740452,20.478736877441406,20.318885230740452,20.478736877441406,37000,0.0,0.0,0.0
2018-01-16 00:00:00-05:00,20.443214921412824,20.585304895478654,20.327765758830527,20.354408264160156,265600,0.0,0.0,0.0
2018-01-17 00:00:00-05:00,20.389929344141713,20.514259338378906,20.35440769853541,20.514259338378906,38000,0.0,0.0,0.0
2018-01-18 00:00:00-05:00,20.514257707488518,20.514257707488518,20.3899277231356,20.4343318939209,28400,0.0,0.0,0.0
2018-01-19 00:00:00-05:00,20.478737463207743,20.53202247619629,20.41657330856728,20.53202247619629,54600,0.0,0.0,0.0
2018-01-22 00:00:00-05:00,20.58530267574688,20.709630966186523,20.58530267574688,20.709630966186523,34300,0.0,0.0,0.0
2018-01-23 00:00:00-05:00,20.754035298230555,20.78067610704841,20.656347815642594,20.77179527282715,48800,0.0,0.0,0.0
2018-01-24 00:00:00-05:00,20.8073186097122,20.86948275541511,20.691869458681715,20.77179527282715,61600,0.0,0.0,0.0
2018-01-25 00:00:00-05:00,20.816203338278406,20.816203338278406,20.60306835863209,20.700754165649414,27500,0.0,0.0,0.0
2018-01-26 00:00:00-05:00,20.718509456159207,20.78955442749295,20.647464484825463,20.72739028930664,19400,0.0,0.0,0.0
2018-01-29 00:00:00-05:00,20.700747402999088,20.736270734924947,20.611940767030138,20.67410659790039,48600,0.0,0.0,0.0
2018-01-30 00:00:00-05:00,20.478732949647938,20.62970373214883,20.31888133360631,20.345523834228516,53700,0.0,0.0,0.0
2018-01-31 00:00:00-05:00,20.425448383251045,20.48761252035867,20.274477610055794,20.318880081176758,46400,0.0,0.0,0.0
2018-02-01 00:00:00-05:00,20.27448038175606,20.389927838760666,20.27448038175606,20.2922420501709,77200,0.0,0.0,0.0
2018-02-02 00:00:00-05:00,20.21231376695429,20.21231376695429,19.892610549926758,19.892610549926758,105300,0.0,0.0,0.0
2018-02-05 00:00:00-05:00,19.79492411470866,19.910371553769018,19.288726806640625,19.288726806640625,99000,0.0,0.0,0.0
2018-02-06 00:00:00-05:00,18.951266504396337,19.706120470792296,18.906864027368425,19.599552154541016,436200,0.0,0.0,0.0
2018-02-07 00:00:00-05:00,19.581790049103617,19.78604584287219,19.555149241019894,19.617313385009766,36500,0.0,0.0,0.0
2018-02-08 00:00:00-05:00,19.643956740604985,19.74164253090024,19.102237701416016,19.102237701416016,64300,0.0,0.0,0.0
2018-02-09 00:00:00-05:00,19.288727455926775,19.35977242708901,18.76477015841315,19.270967483520508,60400,0.0,0.0,0.0
2018-02-12 00:00:00-05:00,19.359776288787522,19.54627043394199,19.262090492607623,19.4752254486084,49900,0.0,0.0,0.0
2018-02-13 00:00:00-05:00,19.439698035392222,19.555147171020508,19.350893092719026,19.555147171020508,24100,0.0,0.0,0.0
2018-02-14 00:00:00-05:00,19.4041777500229,19.794925961643056,19.4041777500229,19.71500015258789,26800,0.0,0.0,0.0
2018-02-15 00:00:00-05:00,19.857091743925565,19.919255890805232,19.670597609440605,19.7949275970459,50500,0.0,0.0,0.0
2018-02-16 00:00:00-05:00,19.830445590725002,19.95477386160022,19.7860431207969,19.857088088989258,30100,0.0,0.0,0.0
2018-02-20 00:00:00-05:00,19.750517618122476,19.77716011345727,19.564025232315302,19.581785202026367,36900,0.0,0.0,0.0
2018-02-21 00:00:00-05:00,19.617313166366582,19.839328931767884,19.617313166366582,19.62619400024414,29800,0.0,0.0,0.0
2018-02-22 00:00:00-05:00,19.635075329170583,19.69723947403492,19.53738784790039,19.53738784790039,58800,0.0,0.0,0.0
2018-02-23 00:00:00-05:00,19.59067039239606,19.706119537353516,19.555148751225502,19.706119537353516,33600,0.0,0.0,0.0
2018-02-26 00:00:00-05:00,19.768286630724468,19.77716746580427,19.67059913869278,19.732763290405273,26800,0.0,0.0,0.0
2018-02-27 00:00:00-05:00,19.77716291539491,19.80380372065859,19.519623838874665,19.555147171020508,38600,0.0,0.0,0.0
2018-02-28 00:00:00-05:00,19.564030523602355,19.564030523602355,19.32425308227539,19.32425308227539,24800,0.0,0.0,0.0
2018-03-01 00:00:00-05:00,19.244329077351843,19.368657379868566,19.111119939820195,19.1910457611084,66000,0.0,0.0,0.0
2018-03-02 00:00:00-05:00,19.12887685095421,19.359771728515625,19.093353519732048,19.359771728515625,78000,0.0,0.0,0.0
2018-03-05 00:00:00-05:00,19.306491892527497,19.510746002197266,19.27097024877213,19.510746002197266,61900,0.0,0.0,0.0
2018-03-06 00:00:00-05:00,19.40417959515334,19.537388724963442,19.40417959515334,19.50186538696289,11600,0.0,0.0,0.0
2018-03-07 00:00:00-05:00,19.395299628377348,19.51962792924962,19.395299628377348,19.4752254486084,21600,0.0,0.0,0.0
2018-03-08 00:00:00-05:00,19.5196268365976,19.564031008599265,19.439701020840566,19.510746002197266,38200,0.0,0.0,0.0
2018-03-09 00:00:00-05:00,19.62619372741246,19.706119537353516,19.564029584979604,19.706119537353516,21700,0.0,0.0,0.0
2018-03-12 00:00:00-04:00,19.715000371107617,19.78604534729457,19.706119537353516,19.706119537353516,16000,0.0,0.0,0.0
2018-03-13 00:00:00-04:00,19.777164513540473,19.86597115723563,19.64395539492066,19.706119537353516,16600,0.0,0.0,0.0
2018-03-14 00:00:00-04:00,19.759400981262264,19.759400981262264,19.56402773864771,19.635072708129883,34900,0.0,0.0,0.0
2018-03-15 00:00:00-04:00,19.688359960879758,19.688359960879758,19.475225009682543,19.49298667907715,19600,0.0,0.0,0.0
2018-03-16 00:00:00-04:00,19.55514945916765,19.65283524630752,19.55514945916765,19.60843276977539,8800,0.0,0.0,0.0
2018-03-19 00:00:00-04:00,19.60843079365281,19.60843079365281,19.315370074075833,19.404176712036133,62200,0.0,0.0,0.0
2018-03-20 00:00:00-04:00,19.41305951038027,19.49298532325077,19.30649119527096,19.333133697509766,56700,0.0,0.0,0.0
2018-03-21 00:00:00-04:00,19.386416732758793,19.51074502041532,19.342014256837427,19.41305923461914,23800,0.0,0.0,0.0
2018-03-22 00:00:00-04:00,19.279845676439013,19.359771476804042,19.093353271484375,19.093353271484375,39400,0.0,0.0,0.0
2018-03-23 00:00:00-04:00,19.111115688163007,19.111115688163007,18.871338277641765,18.92462158203125,20700,0.0,0.0,0.0
2018-03-26 00:00:00-04:00,19.050305501387776,19.131103355179025,18.94257617121733,19.12212562561035,14300,0.23,0.0,0.0
2018-03-27 00:00:00-04:00,19.140081781602436,19.23883509812646,18.97848606813654,19.032352447509766,35400,0.0,0.0,0.0
2018-03-28 00:00:00-04:00,19.02337450318724,19.229857151476512,19.02337450318724,19.149059295654297,20600,0.0,0.0,0.0
2018-03-29 00:00:00-04:00,19.211903697650715,19.33759021556658,19.149061294856306,19.283723831176758,24800,0.0,0.0,0.0
2018-04-02 00:00:00-04:00,19.29270153713887,19.355543939852595,18.951556331409915,19.02337646484375,100700,0.0,0.0,0.0
2018-04-03 00:00:00-04:00,19.08621689942077,19.211901691887828,19.05928371003774,19.149059295654297,137500,0.0,0.0,0.0
2018-04-04 00:00:00-04:00,19.005420870746864,19.364521535409537,18.996443140089415,19.27474594116211,52000,0.0,0.0,0.0
2018-04-05 00:00:00-04:00,19.337591255873566,19.472253799438477,19.310658062229727,19.472253799438477,26900,0.0,0.0,0.0
2018-04-06 00:00:00-04:00,19.328610790029632,19.43634012470906,19.122126425961415,19.167015075683594,63700,0.0,0.0,0.0
2018-04-09 00:00:00-04:00,19.24781529096381,19.35554463884148,19.202926635742188,19.202926635742188,23700,0.0,0.0,0.0
2018-04-10 00:00:00-04:00,19.346567629836454,19.4542986940619,19.256793740696953,19.37350082397461,16600,0.0,0.0,0.0
2018-04-11 00:00:00-04:00,19.31065711471546,19.463275113221105,19.31065711471546,19.418386459350586,16600,0.0,0.0,0.0
2018-04-12 00:00:00-04:00,19.445320484347494,19.490207427813072,19.328613403940714,19.346567153930664,30900,0.0,0.0,0.0
2018-04-13 00:00:00-04:00,19.400433859183316,19.400433859183316,19.283725064534572,19.36452293395996,24400,0.0,0.0,0.0
2018-04-16 00:00:00-04:00,19.418384973378373,19.61589161064054,19.418384973378373,19.571002960205078,26100,0.0,0.0,0.0
2018-04-17 00:00:00-04:00,19.571008312078742,19.741581805724536,19.571008312078742,19.669761657714844,18600,0.0,0.0,0.0
2018-04-18 00:00:00-04:00,19.642828460088435,19.759537270808806,19.642828460088435,19.669761657714844,37300,0.0,0.0,0.0
2018-04-19 00:00:00-04:00,19.687711739010346,19.714643216944694,19.517138292009456,19.571002960205078,24500,0.0,0.0,0.0
2018-04-20 00:00:00-04:00,19.499181621488695,19.597934933989997,19.4632724156962,19.48122787475586,11600,0.0,0.0,0.0
2018-04-23 00:00:00-04:00,19.463273658730817,19.660778584020374,19.463273658730817,19.562026977539062,22100,0.0,0.0,0.0
2018-04-24 00:00:00-04:00,19.633847106037713,19.723620982415827,19.508160596919875,19.562026977539062,30700,0.0,0.0,0.0
2018-04-25 00:00:00-04:00,19.553047788061544,19.60691245233352,19.454294476623918,19.59793472290039,42500,0.0,0.0,0.0
2018-04-26 00:00:00-04:00,19.588963777163016,19.714648608098127,19.571008312078742,19.669761657714844,21300,0.0,0.0,0.0
2018-04-27 00:00:00-04:00,19.660777387404625,19.786463888872795,19.633845911061098,19.741575241088867,20900,0.0,0.0,0.0
2018-04-30 00:00:00-04:00,19.63384580143501,19.768508319381247,19.60691261291504,19.60691261291504,13400,0.0,0.0,0.0
2018-05-01 00:00:00-04:00,19.579982475262547,19.615893398884666,19.4812308599559,19.553050994873047,47800,0.0,0.0,0.0
2018-05-02 00:00:00-04:00,19.544073936828237,19.624871805432612,19.472253799438477,19.472253799438477,17000,0.0,0.0,0.0
2018-05-03 00:00:00-04:00,19.46327690288864,19.499186116959883,19.31963662194924,19.400434494018555,32700,0.0,0.0,0.0
2018-05-04 00:00:00-04:00,19.32861188508816,19.67873481112279,19.32861188508816,19.61589241027832,12000,0.0,0.0,0.0
2018-05-07 00:00:00-04:00,19.741577211967265,19.741577211967265,19.61589241027832,19.61589241027832,66400,0.0,0.0,0.0
2018-05-08 00:00:00-04:00,19.58896020616808,19.58896020616808,19.4812308599559,19.553050994873047,17300,0.0,0.0,0.0
2018-05-09 00:00:00-04:00,19.65180161976359,19.67873481112279,19.562027739886915,19.61589241027832,14000,0.0,0.0,0.0
2018-05-10 00:00:00-04:00,19.714642976394188,19.813396293820322,19.669756038833352,19.804418563842773,32400,0.0,0.0,0.0
2018-05-11 00:00:00-04:00,19.81339875151592,19.83135421369825,19.678736209802675,19.705669403076172,14900,0.0,0.0,0.0
2018-05-14 00:00:00-04:00,19.822375490004053,19.867262430885052,19.768510818481445,19.768510818481445,23800,0.0,0.0,0.0
2018-05-15 00:00:00-04:00,19.714645421840217,19.795443289333587,19.678736209802675,19.705669403076172,16800,0.0,0.0,0.0
2018-05-16 00:00:00-04:00,19.69668720558635,19.894192107824644,19.69668720558635,19.786462783813477,148100,0.0,0.0,0.0
2018-05-17 00:00:00-04:00,19.741580756162573,19.885221044545315,19.741580756162573,19.84931182861328,8500,0.0,0.0,0.0
2018-05-18 00:00:00-04:00,19.795442298079234,19.858286412570482,19.759533087839838,19.768510818481445,17900,0.0,0.0,0.0
2018-05-21 00:00:00-04:00,19.894196034202796,19.96601616849379,19.84033136156632,19.92112922668457,29100,0.0,0.0,0.0
2018-05-22 00:00:00-04:00,19.87623624281041,20.01987648010254,19.87623624281041,20.01987648010254,23900,0.0,0.0,0.0
2018-05-23 00:00:00-04:00,19.903176508674985,19.930109704869487,19.831356364483614,19.84931182861328,16800,0.0,0.0,0.0
2018-05-24 00:00:00-04:00,19.83135223388672,19.957037031961384,19.804419043302026,19.83135223388672,54700,0.0,0.0,0.0
2018-05-25 00:00:00-04:00,19.786462783813477,19.84032744581906,19.750551867591934,19.786462783813477,13000,0.0,0.0,0.0
2018-05-29 00:00:00-04:00,19.732599926561196,19.768510849183397,19.63384831400422,19.65180206298828,24100,0.0,0.0,0.0
2018-05-30 00:00:00-04:00,19.642824236492807,19.966015689207566,19.642824236492807,19.894195556640625,15200,0.0,0.0,0.0
2018-05-31 00:00:00-04:00,19.921129419850697,19.930107150765007,19.813398361206055,19.813398361206055,28200,0.0,0.0,0.0
2018-06-01 00:00:00-04:00,19.93908281660932,19.98397147038675,19.89419587515895,19.912151336669922,12900,0.0,0.0,0.0
2018-06-04 00:00:00-04:00,19.97498954807126,20.082720582203706,19.97498954807126,20.01987648010254,27400,0.0,0.0,0.0
2018-06-05 00:00:00-04:00,20.037837823671758,20.06477101819778,19.992950878455588,20.028860092163086,18100,0.0,0.0,0.0
2018-06-06 00:00:00-04:00,20.082724538154277,20.17249841990074,20.04681361559406,20.145566940307617,22700,0.0,0.0,0.0
2018-06-07 00:00:00-04:00,20.16352160781634,20.262274937028632,20.14556785804538,20.208410263061523,23600,0.0,0.0,0.0
2018-06-08 00:00:00-04:00,20.181475005436933,20.2084081958289,20.12761033697995,20.199430465698242,11800,0.0,0.0,0.0
2018-06-11 00:00:00-04:00,20.208408296073326,20.34307082404726,20.208408296073326,20.33409309387207,81300,0.0,0.0,0.0
2018-06-12 00:00:00-04:00,20.280229568481445,20.35204970160499,20.280229568481445,20.280229568481445,21800,0.0,0.0,0.0
2018-06-13 00:00:00-04:00,20.226363656090204,20.298183784808497,20.19045273556759,20.199430465698242,21200,0.0,0.0,0.0
2018-06-14 00:00:00-04:00,20.217387197159137,20.253296407612662,20.16352081298828,20.16352081298828,14500,0.0,0.0,0.0
2018-06-15 00:00:00-04:00,20.127611920323314,20.199432054691357,20.10067872781265,20.181476593017578,20200,0.0,0.0,0.0
2018-06-18 00:00:00-04:00,20.091700556467295,20.17249841990074,20.091700556467295,20.145566940307617,28300,0.0,0.0,0.0
2018-06-19 00:00:00-04:00,20.091699759950234,20.163519889896385,20.019879630004088,20.100677490234375,19100,0.0,0.0,0.0
2018-06-20 00:00:00-04:00,20.17249455796188,20.27124786376953,20.12760762568206,20.27124786376953,20900,0.0,0.0,0.0
2018-06-21 00:00:00-04:00,20.154540208813863,20.21738259705415,20.109651565551758,20.109651565551758,16400,0.0,0.0,0.0
2018-06-22 00:00:00-04:00,20.199431451948932,20.262273853604892,20.13658905029297,20.13658905029297,15900,0.0,0.0,0.0
2018-06-25 00:00:00-04:00,20.253296475250945,20.253296475250945,19.930106730781706,20.0378360748291,23600,0.0,0.0,0.0
2018-06-26 00:00:00-04:00,20.01699451849455,20.071363417208232,19.97168739095917,20.02605628967285,21400,0.207,0.0,0.0
2018-06-27 00:00:00-04:00,20.026057766354363,20.098550212770096,19.8538875579834,19.8538875579834,13300,0.0,0.0,0.0
2018-06-28 00:00:00-04:00,19.80857889300224,19.97168731689453,19.772331808423456,19.97168731689453,21300,0.0,0.0,0.0
2018-06-29 00:00:00-04:00,19.9988706574266,20.00793242846049,19.881071090698242,19.881071090698242,16600,0.0,0.0,0.0
2018-07-02 00:00:00-04:00,19.790454991624603,19.890132744051538,19.754207907703506,19.81764030456543,29700,0.0,0.0,0.0
2018-07-03 00:00:00-04:00,19.97168905856498,20.00793441794849,19.935441970825195,19.935441970825195,4700,0.0,0.0,0.0
2018-07-05 00:00:00-04:00,19.989809194709075,20.062301635742188,19.94450206719693,20.062301635742188,24700,0.0,0.0,0.0
2018-07-06 00:00:00-04:00,20.007931041859038,20.21634657612645,20.007931041859038,20.14385414123535,11600,0.0,0.0,0.0
2018-07-09 00:00:00-04:00,20.234468590978977,20.325084559848147,20.207283281811474,20.261653900146484,43400,0.0,0.0,0.0
2018-07-10 00:00:00-04:00,20.261657870700983,20.361333900469713,20.2525960992027,20.334150314331055,23800,0.0,0.0,0.0
2018-07-11 00:00:00-04:00,20.25259565995428,20.25259565995428,20.098549004536896,20.16197967529297,7400,0.0,0.0,0.0
2018-07-12 00:00:00-04:00,20.198224806715828,20.198224806715828,20.053238208268663,20.152915954589844,15900,0.0,0.0,0.0
2018-07-13 00:00:00-04:00,20.14385982288855,20.234475824150014,20.134798049926758,20.134798049926758,9400,0.0,0.0,0.0
2018-07-16 00:00:00-04:00,20.13479233501461,20.243531851335828,20.089485211421756,20.098546981811523,15400,0.0,0.0,0.0
2018-07-17 00:00:00-04:00,20.08948720200616,20.18916495781427,20.08948720200616,20.11667251586914,19100,0.0,0.0,0.0
2018-07-18 00:00:00-04:00,20.143856132689475,20.189164989198208,20.071363690631657,20.16197967529297,16000,0.0,0.0,0.0
2018-07-19 00:00:00-04:00,20.161979862897592,20.297902976976232,20.161979862897592,20.2797794342041,17100,0.0,0.0,0.0
2018-07-20 00:00:00-04:00,20.18916491557682,20.18916491557682,20.10761070251465,20.10761070251465,10400,0.0,0.0,0.0
2018-07-23 00:00:00-04:00,20.007933103263518,20.234472201682877,20.007933103263518,20.180103302001953,18600,0.0,0.0,0.0
2018-07-24 00:00:00-04:00,20.261657431256026,20.279779245503367,20.143856132689475,20.16197967529297,34700,0.0,0.0,0.0
2018-07-25 00:00:00-04:00,20.152918102580514,20.29790298812485,20.13479455979843,20.243534088134766,25400,0.0,0.0,0.0
2018-07-26 00:00:00-04:00,20.343212127685547,20.38851925691399,20.343212127685547,20.343212127685547,6000,0.0,0.0,0.0
2018-07-27 00:00:00-04:00,20.406642516461186,20.406642516461186,20.243534088134766,20.243534088134766,2600,0.0,0.0,0.0
2018-07-30 00:00:00-04:00,20.28884128948955,20.37039550394521,20.243534160728036,20.297903060913086,15500,0.0,0.0,0.0
2018-07-31 00:00:00-04:00,20.270717732672633,20.442886189852953,20.270717732672633,20.370393753051758,27100,0.0,0.0,0.0
2018-08-01 00:00:00-04:00,20.270717449503902,20.37039346849062,20.23447036743164,20.23447036743164,35500,0.0,0.0,0.0
2018-08-02 00:00:00-04:00,20.288839757828114,20.41570281982422,20.198225507145814,20.41570281982422,48400,0.0,0.0,0.0
2018-08-03 00:00:00-04:00,20.288839588125843,20.424764419724468,20.288839588125843,20.37945556640625,7500,0.0,0.0,0.0
2018-08-06 00:00:00-04:00,20.343212199526498,20.415704643561725,20.343212199526498,20.397581100463867,27400,0.0,0.0,0.0
2018-08-07 00:00:00-04:00,20.379459503923584,20.506320861013428,20.379459503923584,20.406644821166992,17100,0.0,0.0,0.0
2018-08-08 00:00:00-04:00,20.406644821166992,20.506320861013428,20.370397731509115,20.406644821166992,9600,0.0,0.0,0.0
2018-08-09 00:00:00-04:00,20.388517337069892,20.4791333153503,20.37945556640625,20.37945556640625,17700,0.0,0.0,0.0
2018-08-10 00:00:00-04:00,20.27071944430889,20.36133370169473,20.252595901489258,20.252595901489258,9000,0.0,0.0,0.0
2018-08-13 00:00:00-04:00,20.234475783539068,20.252599329426282,20.125736236572266,20.125736236572266,18900,0.0,0.0,0.0
2018-08-14 00:00:00-04:00,20.107607223908467,20.31602274196439,20.107607223908467,20.288837432861328,17900,0.0,0.0,0.0
2018-08-15 00:00:00-04:00,20.11667247378335,20.207286729758078,20.080425388708544,20.10761070251465,8100,0.0,0.0,0.0
2018-08-16 00:00:00-04:00,20.25259981853867,20.388522959262453,20.22541449905131,20.316030502319336,34500,0.0,0.0,0.0
2018-08-17 00:00:00-04:00,20.30696699714073,20.47913721582963,20.30696699714073,20.433828353881836,38400,0.0,0.0,0.0
2018-08-20 00:00:00-04:00,20.461010055652192,20.6150567023424,20.461010055652192,20.515378952026367,15200,0.0,0.0,0.0
2018-08-21 00:00:00-04:00,20.61505702470669,20.69661123472127,20.58787171191647,20.660364151000977,31000,0.0,0.0,0.0
2018-08-22 00:00:00-04:00,20.624118592362976,20.651303904885253,20.560687924833722,20.57880973815918,20500,0.0,0.0,0.0
2018-08-23 00:00:00-04:00,20.587873666682437,20.651306069215696,20.524442992505428,20.633182525634766,19200,0.0,0.0,0.0
2018-08-24 00:00:00-04:00,20.615058786367875,20.651305873185663,20.55162811279297,20.55162811279297,73500,0.0,0.0,0.0
2018-08-27 00:00:00-04:00,20.651304075239192,20.696611201460666,20.59693344974613,20.61505699157715,25500,0.0,0.0,0.0
2018-08-28 00:00:00-04:00,20.678487574415602,20.678487574415602,20.587871593989995,20.596933364868164,12900,0.0,0.0,0.0
2018-08-29 00:00:00-04:00,20.60599716873587,20.696613158101655,20.533504722914486,20.624120712280273,38100,0.0,0.0,0.0
2018-08-30 00:00:00-04:00,20.605993276691265,20.605993276691265,20.515377304440953,20.569747924804688,15600,0.0,0.0,0.0
2018-08-31 00:00:00-04:00,20.40664120159983,20.533502536188024,20.40664120159983,20.52444076538086,96200,0.0,0.0,0.0
2018-09-04 00:00:00-04:00,20.406642943694596,20.488197159565225,20.406642943694596,20.451950073242188,38300,0.0,0.0,0.0
2018-09-05 00:00:00-04:00,20.40664301499629,20.506319046020508,20.40664301499629,20.506319046020508,38000,0.0,0.0,0.0
2018-09-06 00:00:00-04:00,20.497256813720867,20.497256813720867,20.343210169473828,20.370393753051758,10300,0.0,0.0,0.0
2018-09-07 00:00:00-04:00,20.361331697972556,20.361331697972556,20.21634682639551,20.23447036743164,37500,0.0,0.0,0.0
2018-09-10 00:00:00-04:00,20.243534440844485,20.45195000140124,20.243534440844485,20.397581100463867,17000,0.0,0.0,0.0
2018-09-11 00:00:00-04:00,20.216348762857816,20.343211833906555,20.20728699147175,20.2797794342041,13200,0.0,0.0,0.0
2018-09-12 00:00:00-04:00,20.225410784707854,20.38851921496456,20.225410784707854,20.334150314331055,18200,0.0,0.0,0.0
2018-09-13 00:00:00-04:00,20.406642799947843,20.406642799947843,20.32508858465169,20.343212127685547,47700,0.0,0.0,0.0
2018-09-14 00:00:00-04:00,20.37039574404868,20.397581058639723,20.306965071692442,20.388519287109375,16500,0.0,0.0,0.0
2018-09-17 00:00:00-04:00,20.379459447900842,20.461013671050512,20.334152314309407,20.433828353881836,22000,0.0,0.0,0.0
2018-09-18 00:00:00-04:00,20.370393966127022,20.488195257383687,20.361332195387583,20.41570281982422,19000,0.0,0.0,0.0
2018-09-19 00:00:00-04:00,20.3341523702076,20.560691495500244,20.3341523702076,20.406644821166992,10600,0.0,0.0,0.0
2018-09-20 00:00:00-04:00,20.442884872311886,20.642240356933755,20.442884872311886,20.569747924804688,16700,0.0,0.0,0.0
2018-09-21 00:00:00-04:00,20.615056864092086,20.651303947529975,20.587871551513672,20.587871551513672,6500,0.0,0.0,0.0
2018-09-24 00:00:00-04:00,20.66116819051576,20.66116819051576,20.432108668458664,20.514570236206055,11500,0.25,0.0,0.0
2018-09-25 00:00:00-04:00,20.523737365398766,20.54206255063626,20.386301971289267,20.413789749145508,11200,0.0,0.0,0.0
2018-09-26 00:00:00-04:00,20.422948874014534,20.459597490680853,20.340487302033367,20.36797332763672,16500,0.0,0.0,0.0
2018-09-27 00:00:00-04:00,20.349650875352907,20.36797605993711,20.203052893850852,20.331327438354492,40600,0.0,0.0,0.0
2018-09-28 00:00:00-04:00,20.27634967171318,20.322162628173828,20.203050688961746,20.322162628173828,7100,0.0,0.0,0.0
2018-10-01 00:00:00-04:00,20.303841615581383,20.40462839290874,20.27635383605957,20.27635383605957,37100,0.0,0.0,0.0
2018-10-02 00:00:00-04:00,20.267189064629978,20.34964889205068,20.203050924836248,20.21221351623535,76800,0.0,0.0,0.0
2018-10-03 00:00:00-04:00,20.19389112256958,20.386300309117864,20.19389112256958,20.3038387298584,18600,0.0,0.0,0.0
2018-10-04 00:00:00-04:00,20.248867812359116,20.27635384430615,20.04729425762242,20.093107223510742,15100,0.0,0.0,0.0
2018-10-05 00:00:00-04:00,20.12058900936801,20.166401965588328,19.955667609731634,20.019804000854492,16500,0.0,0.0,0.0
2018-10-08 00:00:00-04:00,20.028966818758825,20.221375994304815,20.028966818758825,20.1480770111084,37300,0.0,0.0,0.0
2018-10-09 00:00:00-04:00,20.093104383313563,20.138915595140425,20.038130579604182,20.065616607666016,45000,0.0,0.0,0.0
2018-10-10 00:00:00-04:00,20.03813090310658,20.05645433958172,19.653310775756836,19.653310775756836,24400,0.0,0.0,0.0
2018-10-11 00:00:00-04:00,19.689960516867064,19.689960516867064,19.268491744995117,19.268491744995117,39000,0.0,0.0,0.0
2018-10-12 00:00:00-04:00,19.63498593401332,19.63498593401332,19.25932839214478,19.424251556396484,65000,0.0,0.0,0.0
2018-10-15 00:00:00-04:00,19.341790742068806,19.47922613520565,19.341790742068806,19.451738357543945,14300,0.0,0.0,0.0
2018-10-16 00:00:00-04:00,19.515871899670618,19.69912022873964,19.405924300297674,19.6624698638916,23700,0.0,0.0,0.0
2018-10-17 00:00:00-04:00,19.71744717238417,19.754095792920186,19.51587364288599,19.653310775756836,26700,0.0,0.0,0.0
2018-10-18 00:00:00-04:00,19.598337539169314,19.70828690893965,19.369277954101562,19.369277954101562,11700,0.0,0.0,0.0
2018-10-19 00:00:00-04:00,19.479224847807714,19.543361243860357,19.415088451755068,19.470062255859375,10100,0.0,0.0,0.0
2018-10-22 00:00:00-04:00,19.49754855545266,19.49754855545266,19.305137634277344,19.305137634277344,16300,0.0,0.0,0.0
2018-10-23 00:00:00-04:00,19.076078065527927,19.222676030198635,18.901992327136867,19.121891021728516,29500,0.0,0.0,0.0
2018-10-24 00:00:00-04:00,19.16770347288948,19.186028656557646,18.746232986450195,18.746232986450195,29200,0.0,0.0,0.0
2018-10-25 00:00:00-04:00,18.89283148348234,19.121891021728516,18.874506301002103,19.121891021728516,25100,0.0,0.0,0.0
2018-10-26 00:00:00-04:00,18.874509811401367,18.975294838616115,18.691261447688515,18.874509811401367,39400,0.0,0.0,0.0
2018-10-29 00:00:00-04:00,19.02110556779438,19.140215766898617,18.691259250912314,18.865345001220703,82000,0.0,0.0,0.0
2018-10-30 00:00:00-04:00,18.819533965054227,19.048593521118164,18.819533965054227,19.048593521118164,34500,0.0,0.0,0.0
2018-10-31 00:00:00-04:00,19.186024462054053,19.186024462054053,18.97528839111328,18.97528839111328,27300,0.0,0.0,0.0
2018-11-01 00:00:00-04:00,19.030266774299285,19.323462702367884,19.030266774299285,19.24100112915039,110500,0.0,0.0,0.0
2018-11-02 00:00:00-04:00,19.369276348999673,19.378438941353405,19.149379375267465,19.195192337036133,13100,0.0,0.0,0.0
2018-11-05 00:00:00-05:00,19.25016329161819,19.48838541476473,19.25016329161819,19.40592384338379,30300,0.0,0.0,0.0
2018-11-06 00:00:00-05:00,19.387600016149573,19.51587280388974,19.369274832876506,19.506711959838867,28100,0.0,0.0,0.0
2018-11-07 00:00:00-05:00,19.653310263846517,19.754095278384717,19.580011277097963,19.699121475219727,20900,0.0,0.0,0.0
2018-11-08 00:00:00-05:00,19.671635914107856,19.809073058868968,19.662473321284722,19.70828628540039,27400,0.0,0.0,0.0
2018-11-09 00:00:00-05:00,19.598334292475347,19.662470686055617,19.534197898895073,19.625822067260742,20100,0.0,0.0,0.0
2018-11-12 00:00:00-05:00,19.607495602545225,19.625820784537776,19.40592384338379,19.40592384338379,15700,0.0,0.0,0.0
2018-11-13 00:00:00-05:00,19.479226963933186,19.63498754880454,19.415090560913086,19.415090560913086,10100,0.0,0.0,0.0
2018-11-14 00:00:00-05:00,19.534201134964096,19.607500132282336,19.32346673612239,19.369277954101562,30900,0.0,0.0,0.0
2018-11-15 00:00:00-05:00,19.295975975983012,19.433411356275755,19.149378003992663,19.332626342773438,9900,0.0,0.0,0.0
2018-11-16 00:00:00-05:00,19.387599200373923,19.543359756469727,19.36011142662093,19.543359756469727,16900,0.0,0.0,0.0
2018-11-19 00:00:00-05:00,19.47922305840707,19.515871675248086,19.295974731445312,19.295974731445312,11800,0.0,0.0,0.0
2018-11-20 00:00:00-05:00,19.24100582434925,19.24100582434925,19.011946231202234,19.149381637573242,12900,0.0,0.0,0.0
2018-11-21 00:00:00-05:00,19.176867152328665,19.396764126060873,19.176867152328665,19.195192337036133,40900,0.0,0.0,0.0
2018-11-23 00:00:00-05:00,19.076082848203672,19.23184344316614,19.076082848203672,19.09440803527832,16200,0.0,0.0,0.0
2018-11-26 00:00:00-05:00,19.186027950425228,19.37843712910233,19.186027950425228,19.259326934814453,18900,0.0,0.0,0.0
2018-11-27 00:00:00-05:00,19.29597777506495,19.369276767894238,19.057755611473304,19.268491744995117,21700,0.0,0.0,0.0
2018-11-28 00:00:00-05:00,19.241003419105628,19.570849751232032,19.213515642233165,19.55252456665039,550000,0.0,0.0,0.0
2018-11-29 00:00:00-05:00,19.506714017653625,19.616661633719385,19.433413276828656,19.5158748626709,16700,0.0,0.0,0.0
2018-11-30 00:00:00-05:00,19.460901054638022,19.54336264048026,19.4517384620349,19.5158748626709,52800,0.0,0.0,0.0
2018-12-03 00:00:00-05:00,19.680795669555664,19.928180397357202,19.58917150211965,19.680795669555664,142800,0.0,0.0,0.0
2018-12-04 00:00:00-05:00,19.506712445542757,19.598334869018114,19.1768661287572,19.286813735961914,18900,0.0,0.0,0.0
2018-12-06 00:00:00-05:00,18.98445583744566,19.12189297248273,18.73707283906761,19.066917419433594,37600,0.0,0.0,0.0
2018-12-07 00:00:00-05:00,19.094404759511004,19.19519152354494,18.81037139892578,18.81037139892578,10100,0.0,0.0,0.0
2018-12-10 00:00:00-05:00,18.801209988226383,18.810372580767485,18.47136364709004,18.7279109954834,22600,0.0,0.0,0.0
2018-12-11 00:00:00-05:00,18.819533386780094,18.85618200587963,18.517173104384128,18.553823471069336,43900,0.0,0.0,0.0
2018-12-12 00:00:00-05:00,18.74623499782856,18.837859178414504,18.627124786376953,18.627124786376953,22400,0.0,0.0,0.0
2018-12-13 00:00:00-05:00,18.663771883132092,18.718745682804286,18.526334762573242,18.526334762573242,25600,0.0,0.0,0.0
2018-12-14 00:00:00-05:00,18.39806386266827,18.572149618286538,18.343090057373047,18.343090057373047,102900,0.0,0.0,0.0
2018-12-17 00:00:00-05:00,18.333927430996653,18.453037633511553,17.92161952308784,17.985755920410156,41000,0.0,0.0,0.0
2018-12-18 00:00:00-05:00,18.068217037760686,18.223977604792488,17.903295626420288,17.967432022094727,67500,0.0,0.0,0.0
2018-12-19 00:00:00-05:00,17.967431528690465,18.22397710434322,17.72004679709474,17.775020599365234,37100,0.0,0.0,0.0
2018-12-20 00:00:00-05:00,17.701722463600937,17.875808217997967,17.37187613897198,17.500150680541992,54700,0.0,0.0,0.0
2018-12-21 00:00:00-05:00,17.69256100928631,17.756697410402907,17.271092231899626,17.2985782623291,64500,0.0,0.0,0.0
2018-12-24 00:00:00-05:00,17.256983055323545,17.377143382339508,16.92422866821289,16.92422866821289,66400,0.165,0.0,0.0
2018-12-26 00:00:00-05:00,17.007417031904463,17.635952304280224,16.887256706535297,17.534276962280273,101600,0.0,0.0,0.0
2018-12-27 00:00:00-05:00,17.377143553508045,17.61746597290039,17.13682289710891,17.61746597290039,101300,0.0,0.0,0.0
2018-12-28 00:00:00-05:00,17.7098979438964,17.83930164549489,17.56200749550007,17.61746597290039,73700,0.0,0.0,0.0
2018-12-31 00:00:00-05:00,17.746871080410074,17.793086183481588,17.608222245209184,17.765356063842773,539300,0.0,0.0,0.0
2019-01-02 00:00:00-05:00,17.460331454272815,18.01492149512228,17.45108808124279,17.913246154785156,37100,0.0,0.0,0.0
2019-01-03 00:00:00-05:00,17.940979055856435,17.987194165179666,17.728386732180105,17.894763946533203,14500,0.0,0.0,0.0
2019-01-04 00:00:00-05:00,17.996436485467054,18.37540600129761,17.9317346310072,18.292219161987305,39800,0.0,0.0,0.0
2019-01-07 00:00:00-05:00,18.3754055409272,18.69891656811466,18.3754055409272,18.53253936767578,21300,0.0,0.0,0.0
2019-01-08 00:00:00-05:00,18.680430278639985,18.791349002649234,18.588000065457805,18.708160400390625,51200,0.0,0.0,0.0
2019-01-09 00:00:00-05:00,18.883778340710098,18.95772355872148,18.809833122698713,18.865291595458984,31400,0.0,0.0,0.0
2019-01-10 00:00:00-05:00,18.80983430310504,18.957724748408634,18.754375826864482,18.883779525756836,18800,0.0,0.0,0.0
2019-01-11 00:00:00-05:00,18.976211811815457,18.98545518517549,18.82832136404137,18.920751571655273,165400,0.0,0.0,0.0
2019-01-14 00:00:00-05:00,18.828321461247096,18.994696893606996,18.828321461247096,18.966968536376953,305700,0.0,0.0,0.0
2019-01-15 00:00:00-05:00,18.92075284878716,18.985456466674805,18.874537741860735,18.985456466674805,194800,0.0,0.0,0.0
2019-01-16 00:00:00-05:00,19.050159040190945,19.170319380528408,19.022428917193047,19.10561752319336,15700,0.0,0.0,0.0
2019-01-17 00:00:00-05:00,19.133347997646712,19.253508340191367,19.05015939011833,19.235021591186523,20200,0.0,0.0,0.0
2019-01-18 00:00:00-05:00,19.382908646562814,19.52155747670866,19.281235070913798,19.45685386657715,18000,0.0,0.0,0.0
2019-01-22 00:00:00-05:00,19.364424104281365,19.456854309156935,19.179560168543922,19.216533660888672,33300,0.0,0.0,0.0
2019-01-23 00:00:00-05:00,19.244258987182732,19.336690940498222,19.142583662236408,19.290475845336914,11900,0.0,0.0,0.0
2019-01-24 00:00:00-05:00,19.235019326143373,19.419883268436106,19.235019326143373,19.382909774780273,10700,0.0,0.0,0.0
2019-01-25 00:00:00-05:00,19.52155835369046,19.660205427071748,19.52155835369046,19.577016830444336,15400,0.0,0.0,0.0
2019-01-28 00:00:00-05:00,19.46609842728971,19.64171899666268,19.46609842728971,19.613988876342773,13100,0.0,0.0,0.0
2019-01-29 00:00:00-05:00,19.66944798531645,19.7433932055886,19.595502765044298,19.68793296813965,31800,0.0,0.0,0.0
2019-01-30 00:00:00-05:00,19.66945039218901,19.900529454189847,19.632476896032074,19.817340850830078,74900,0.0,0.0,0.0
2019-01-31 00:00:00-05:00,19.743394035804123,19.854310989379883,19.743394035804123,19.854310989379883,9600,0.0,0.0,0.0
2019-02-01 00:00:00-05:00,19.845070248302168,19.900530495439398,19.817341887726975,19.835826873779297,17500,0.0,0.0,0.0
2019-02-04 00:00:00-05:00,19.863552556926724,19.98371463586886,19.817337457637,19.90052604675293,26000,0.0,0.0,0.0
2019-02-05 00:00:00-05:00,19.955986844120428,20.08539054760647,19.937500097052926,19.98371696472168,30100,0.0,0.0,0.0
2019-02-06 00:00:00-05:00,19.992958068847656,20.029931562046134,19.965229711941987,19.992958068847656,5200,0.0,0.0,0.0
2019-02-07 00:00:00-05:00,19.90052785586411,19.94674295935514,19.761879019404624,19.854310989379883,10500,0.0,0.0,0.0
2019-02-08 00:00:00-05:00,19.835825062486247,19.835825062486247,19.641719504210812,19.74339485168457,77400,0.0,0.0,0.0
2019-02-11 00:00:00-05:00,19.808095885888847,19.872797735973574,19.771122392701468,19.854310989379883,23700,0.0,0.0,0.0
2019-02-12 00:00:00-05:00,19.983718820476152,20.122365910371176,19.965232071691908,20.02993392944336,15400,0.0,0.0,0.0
2019-02-13 00:00:00-05:00,20.140849200123064,20.23327940218332,20.057660607874357,20.159334182739258,27700,0.0,0.0,0.0
2019-02-14 00:00:00-05:00,20.122365899967818,20.233282866629132,20.03917729347513,20.168581008911133,15700,0.0,0.0,0.0
2019-02-15 00:00:00-05:00,20.214795611644238,20.334955939204345,20.214795611644238,20.316469192504883,17900,0.0,0.0,0.0
2019-02-19 00:00:00-05:00,20.279499769243206,20.445876982480257,20.279499769243206,20.399660110473633,36300,0.0,0.0,0.0
2019-02-20 00:00:00-05:00,20.42738919069175,20.519821166992188,20.390415694974248,20.519821166992188,14300,0.0,0.0,0.0
2019-02-21 00:00:00-05:00,20.48284648536481,20.48284648536481,20.353442783832357,20.362686157226562,14900,0.0,0.0,0.0
2019-02-22 00:00:00-05:00,20.399656311034104,20.55679012060363,20.399656311034104,20.53830337524414,19500,0.0,0.0,0.0
2019-02-25 00:00:00-05:00,20.584521008232645,20.649222856416788,20.473602294921875,20.473602294921875,16400,0.0,0.0,0.0
2019-02-26 00:00:00-05:00,20.473600001452457,20.482843373442332,20.344196319580078,20.344196319580078,23300,0.0,0.0,0.0
2019-02-27 00:00:00-05:00,20.362683063559828,20.408898160516266,20.334952947590203,20.344196319580078,9000,0.0,0.0,0.0
2019-02-28 00:00:00-05:00,20.3349539695213,20.3441973419757,20.214793653600154,20.224035263061523,26200,0.0,0.0,0.0
2019-03-01 00:00:00-05:00,20.32571333879925,20.436632060220838,20.205553006669696,20.251768112182617,129300,0.0,0.0,0.0
2019-03-04 00:00:00-05:00,20.307224722832547,20.344198214235394,20.122362554797643,20.205551147460938,14300,0.0,0.0,0.0
2019-03-05 00:00:00-05:00,20.2610096215721,20.27025299442281,20.159334283207382,20.205551147460938,11900,0.0,0.0,0.0
2019-03-06 00:00:00-05:00,20.224038308632252,20.233281682478626,20.002202625299134,20.011445999145508,20900,0.0,0.0,0.0
2019-03-07 00:00:00-05:00,19.983717278627495,19.992958889313176,19.86355518379445,19.882041931152344,12300,0.0,0.0,0.0
2019-03-08 00:00:00-05:00,19.780364225510873,19.891282933441513,19.771120852933898,19.84506607055664,11500,0.0,0.0,0.0
2019-03-11 00:00:00-04:00,19.891281936902434,20.131604322884634,19.891281936902434,20.10387420654297,16600,0.0,0.0,0.0
2019-03-12 00:00:00-04:00,20.13160809391588,20.20555332168536,20.11312134622519,20.15009307861328,39200,0.0,0.0,0.0
2019-03-13 00:00:00-04:00,20.150091226395645,20.334955160323105,20.150091226395645,20.242523193359375,16900,0.0,0.0,0.0
2019-03-14 00:00:00-04:00,20.27025299442281,20.29798134998184,20.205551147460938,20.205551147460938,72300,0.0,0.0,0.0
2019-03-15 00:00:00-04:00,20.251767750121243,20.3164696018799,20.21479601897054,20.261011123657227,55900,0.0,0.0,0.0
2019-03-18 00:00:00-04:00,20.2955092002136,20.398057644947848,20.2955092002136,20.379413604736328,41000,0.187,0.0,0.0
2019-03-19 00:00:00-04:00,20.37940884305908,20.46331322797743,20.220922980231382,20.248889923095703,60900,0.0,0.0,0.0
2019-03-20 00:00:00-04:00,20.20228166709611,20.26754025253546,20.0997314453125,20.0997314453125,120100,0.0,0.0,0.0
2019-03-21 00:00:00-04:00,20.025146662546017,20.25821401693737,20.025146662546017,20.21160125732422,17300,0.0,0.0,0.0
2019-03-22 00:00:00-04:00,20.127696205085353,20.127696205085353,19.79207865679492,19.82004737854004,38600,0.0,0.0,0.0
2019-03-25 00:00:00-04:00,19.764112555819715,19.857338075952455,19.71749801759053,19.773433685302734,25800,0.0,0.0,0.0
2019-03-26 00:00:00-04:00,19.92259733946727,20.043791575906738,19.92259733946727,19.987855911254883,43800,0.0,0.0,0.0
2019-03-27 00:00:00-04:00,20.006501005745722,20.06243845151949,19.913275485781732,19.950565338134766,23800,0.0,0.0,0.0
2019-03-28 00:00:00-04:00,19.987855792053544,20.090404213609922,19.959887070813057,20.071760177612305,13600,0.0,0.0,0.0
2019-03-29 00:00:00-04:00,20.20227698724836,20.20227698724836,20.090403882294037,20.14634132385254,19300,0.0,0.0,0.0
2019-04-01 00:00:00-04:00,20.27686051370444,20.426023483276367,20.23956888223003,20.426023483276367,23500,0.0,0.0,0.0
2019-04-02 00:00:00-04:00,20.398057644947848,20.444672190884425,20.351444877174384,20.379413604736328,19100,0.0,0.0,0.0
2019-04-03 00:00:00-04:00,20.472636457092413,20.54721972081588,20.435346603393555,20.435346603393555,26400,0.0,0.0,0.0
2019-04-04 00:00:00-04:00,20.46331498874067,20.565863418338104,20.46331498874067,20.50992774963379,12200,0.0,0.0,0.0
2019-04-05 00:00:00-04:00,20.565860633870585,20.649765014648438,20.519247879288493,20.649765014648438,26600,0.0,0.0,0.0
2019-04-08 00:00:00-04:00,20.640445414264427,20.705703992397453,20.621801376342773,20.621801376342773,19600,0.0,0.0,0.0
2019-04-09 00:00:00-04:00,20.584509360716893,20.584509360716893,20.416700575407763,20.426023483276367,12400,0.0,0.0,0.0
2019-04-10 00:00:00-04:00,20.472636541843997,20.62180129174556,20.43534668799077,20.528573989868164,20000,0.0,0.0,0.0
2019-04-11 00:00:00-04:00,20.58450741478522,20.64976598553344,20.556538693823402,20.603153228759766,23300,0.0,0.0,0.0
2019-04-12 00:00:00-04:00,20.74299939938259,20.836226718607964,20.677740809373795,20.715030670166016,28700,0.0,0.0,0.0
2019-04-15 00:00:00-04:00,20.752316065492014,20.761638972425946,20.668411681249328,20.687057495117188,13300,0.0,0.0,0.0
2019-04-16 00:00:00-04:00,20.724349975585938,20.789608554245152,20.66841430504417,20.724349975585938,36600,0.0,0.0,0.0
2019-04-17 00:00:00-04:00,20.780288484765094,20.780288484765094,20.659092451216242,20.770965576171875,12000,0.0,0.0,0.0
2019-04-18 00:00:00-04:00,20.742990170520763,20.742990170520763,20.640439987182617,20.640439987182617,34700,0.0,0.0,0.0
2019-04-22 00:00:00-04:00,20.61247931680967,20.677737897629047,20.547220735990287,20.57518768310547,30800,0.0,0.0,0.0
2019-04-23 00:00:00-04:00,20.612478634502402,20.780287424290613,20.612478634502402,20.724349975585938,35000,0.0,0.0,0.0
2019-04-24 00:00:00-04:00,20.724347344690226,20.733670251624154,20.659088774315396,20.687057495117188,15900,0.0,0.0,0.0
2019-04-25 00:00:00-04:00,20.6497691723509,20.687060806055097,20.55654186625337,20.57518768310547,16100,0.0,0.0,0.0
2019-04-26 00:00:00-04:00,20.61247304857216,20.70569854815692,20.565858520617354,20.640439987182617,23400,0.0,0.0,0.0
2019-04-29 00:00:00-04:00,20.659088987114533,20.798929036238544,20.659088987114533,20.696380615234375,13400,0.0,0.0,0.0
2019-04-30 00:00:00-04:00,20.71502706746849,20.742995791820828,20.631122672574385,20.724349975585938,16700,0.0,0.0,0.0
2019-05-01 00:00:00-04:00,20.789609456216084,20.789609456216084,20.584510803222656,20.584510803222656,12300,0.0,0.0,0.0
2019-05-02 00:00:00-04:00,20.584504437742027,20.640440093413254,20.5285687820708,20.556535720825195,18600,0.0,0.0,0.0
2019-05-03 00:00:00-04:00,20.659090847859378,20.826899633187647,20.659090847859378,20.789608001708984,17900,0.0,0.0,0.0
2019-05-06 00:00:00-04:00,20.56586148313878,20.724347344690226,20.53789454049967,20.687057495117188,13700,0.0,0.0,0.0
2019-05-07 00:00:00-04:00,20.57518645284829,20.57518645284829,20.351441998490404,20.426023483276367,19400,0.0,0.0,0.0
2019-05-08 00:00:00-04:00,20.370087178354872,20.500604328115365,20.370087178354872,20.398054122924805,11200,0.0,0.0,0.0
2019-05-09 00:00:00-04:00,20.28618185780064,20.435344815874245,20.18363165731401,20.3514404296875,23700,0.0,0.0,0.0
2019-05-10 00:00:00-04:00,20.304826801534265,20.51924832230145,20.211599512194688,20.49127960205078,31800,0.0,0.0,0.0
2019-05-13 00:00:00-04:00,20.155664563171065,20.248890077647278,20.034468549291653,20.071760177612305,17500,0.0,0.0,0.0
2019-05-14 00:00:00-04:00,20.07176002441269,20.34211721502306,20.07176002441269,20.248889923095703,11300,0.0,0.0,0.0
2019-05-15 00:00:00-04:00,20.043789119323552,20.332792092460856,20.043789119323552,20.230243682861328,10300,0.0,0.0,0.0
2019-05-16 00:00:00-04:00,20.295504222426434,20.50992574665515,20.295504222426434,20.416698455810547,11800,0.0,0.0,0.0
2019-05-17 00:00:00-04:00,20.276856434664523,20.435342280222883,20.230243682861328,20.230243682861328,7100,0.0,0.0,0.0
2019-05-20 00:00:00-04:00,20.183631386882112,20.276858678969685,20.137018629919673,20.155664443969727,13800,0.0,0.0,0.0
2019-05-21 00:00:00-04:00,20.295504010378806,20.40737533569336,20.295504010378806,20.40737533569336,16400,0.0,0.0,0.0
2019-05-22 00:00:00-04:00,20.314151462268512,20.37941003699204,20.19295544221384,20.21160125732422,29500,0.0,0.0,0.0
2019-05-23 00:00:00-04:00,20.081084266777413,20.081084266777413,19.89462967052381,19.950565338134766,32400,0.0,0.0,0.0
2019-05-24 00:00:00-04:00,20.071761872711253,20.109051726018397,20.02514733337375,20.06243896484375,18500,0.0,0.0,0.0
2019-05-28 00:00:00-04:00,20.081086747427644,20.10905369560652,19.86666340179908,19.88530921936035,22100,0.0,0.0,0.0
2019-05-29 00:00:00-04:00,19.801402324797575,19.820048140010677,19.680208082238032,19.76411247253418,26700,0.0,0.0,0.0
2019-05-30 00:00:00-04:00,19.84801728578314,19.922598770062038,19.68953140942013,19.6988525390625,12700,0.0,0.0,0.0
2019-05-31 00:00:00-04:00,19.568334702262266,19.5963034247005,19.48443031311035,19.48443031311035,31500,0.0,0.0,0.0
2019-06-03 00:00:00-04:00,19.493752976981334,19.698851604476957,19.493752976981334,19.652238845825195,11800,0.0,0.0,0.0
2019-06-04 00:00:00-04:00,19.782756224585093,20.025146484375,19.782756224585093,20.025146484375,19000,0.0,0.0,0.0
2019-06-05 00:00:00-04:00,20.043792208899823,20.043792208899823,19.848016487354283,19.93191909790039,22600,0.0,0.0,0.0
2019-06-06 00:00:00-04:00,19.959886764083613,20.034468241416093,19.86665947287734,19.969209671020508,17100,0.0,0.0,0.0
2019-06-07 00:00:00-04:00,20.043791669013217,20.0997273339249,20.025145854655083,20.081083297729492,33500,0.0,0.0,0.0
2019-06-10 00:00:00-04:00,20.090403882294037,20.304827185276263,20.090403882294037,20.14634132385254,42700,0.0,0.0,0.0
2019-06-11 00:00:00-04:00,20.258210408159325,20.39805044025061,20.22092056274414,20.22092056274414,23300,0.0,0.0,0.0
2019-06-12 00:00:00-04:00,20.239568879837687,20.239568879837687,20.05311605697625,20.06243896484375,14100,0.0,0.0,0.0
2019-06-13 00:00:00-04:00,20.211602822857497,20.2955072191904,20.14634424307922,20.286184310913086,31900,0.0,0.0,0.0
2019-06-14 00:00:00-04:00,20.258212864919628,20.258212864919628,20.11837281586962,20.155664443969727,27200,0.0,0.0,0.0
2019-06-17 00:00:00-04:00,20.164988542024172,20.239570031043435,20.109052869800465,20.118375778198242,17900,0.0,0.0,0.0
2019-06-18 00:00:00-04:00,20.211604795690874,20.463318009259055,20.211604795690874,20.379413604736328,26800,0.0,0.0,0.0
2019-06-19 00:00:00-04:00,20.360762792568853,20.45399008341346,20.360762792568853,20.416698455810547,27900,0.0,0.0,0.0
2019-06-20 00:00:00-04:00,20.519248844037,20.640443078546166,20.472634309100638,20.603153228759766,65700,0.0,0.0,0.0
2019-06-21 00:00:00-04:00,20.519245876431857,20.66840881033008,20.519245876431857,20.556535720825195,26400,0.0,0.0,0.0
2019-06-24 00:00:00-04:00,20.549959911171786,20.634566474577127,20.427749633789062,20.427749633789062,35400,0.183,0.0,0.0
2019-06-25 00:00:00-04:00,20.493553551114417,20.493553551114417,20.371345071481024,20.408946990966797,17500,0.0,0.0,0.0
2019-06-26 00:00:00-04:00,20.399550598717635,20.549961882971818,20.399550598717635,20.474756240844727,20600,0.0,0.0,0.0
2019-06-27 00:00:00-04:00,20.42775041207452,20.634567260742188,20.42775041207452,20.634567260742188,39900,0.0,0.0,0.0
2019-06-28 00:00:00-04:00,20.700372965784776,20.83198238996547,20.66276924856519,20.80377960205078,21000,0.0,0.0,0.0
2019-07-01 00:00:00-04:00,21.001192816064137,21.123401295139264,20.850781552720733,20.878982543945312,37900,0.0,0.0,0.0
2019-07-02 00:00:00-04:00,20.87898220475232,20.963588763138954,20.775575583535947,20.82257843017578,23900,0.0,0.0,0.0
2019-07-03 00:00:00-04:00,20.860185222940345,20.982393718080125,20.860185222940345,20.944791793823242,16000,0.0,0.0,0.0
2019-07-05 00:00:00-04:00,20.935388901215163,21.02939639260741,20.860183266710116,20.991792678833008,21300,0.0,0.0,0.0
2019-07-08 00:00:00-04:00,20.925989151000977,20.972992002821698,20.86958537020734,20.925989151000977,20100,0.0,0.0,0.0
2019-07-09 00:00:00-04:00,20.813177562100382,20.88838319276662,20.737971931434146,20.869583129882812,18600,0.0,0.0,0.0
2019-07-10 00:00:00-04:00,20.96359524109155,21.001198964458265,20.850787657079852,20.888389587402344,33200,0.0,0.0,0.0
2019-07-11 00:00:00-04:00,20.963590621948242,20.991793408259042,20.860183991562966,20.963590621948242,24500,0.0,0.0,0.0
2019-07-12 00:00:00-04:00,20.991796023450778,21.12340545654297,20.94479316678758,21.12340545654297,35800,0.0,0.0,0.0
2019-07-15 00:00:00-04:00,21.11399851492982,21.11399851492982,20.96358726478049,21.01999282836914,27200,0.0,0.0,0.0
2019-07-16 00:00:00-04:00,21.05759620666504,21.076398062500225,20.98239057636795,21.05759620666504,13000,0.0,0.0,0.0
2019-07-17 00:00:00-04:00,20.982391015327753,20.982391015327753,20.831979751586914,20.831979751586914,36900,0.0,0.0,0.0
2019-07-18 00:00:00-04:00,20.784982934232325,20.935394241610734,20.74737921086561,20.888389587402344,25100,0.0,0.0,0.0
2019-07-19 00:00:00-04:00,20.92599331076906,21.01059989529994,20.831985795396495,20.888389587402344,30900,0.0,0.0,0.0
2019-07-22 00:00:00-04:00,20.897784400124163,20.99179188797471,20.869583408899583,20.878982543945312,47700,0.0,0.0,0.0
2019-07-23 00:00:00-04:00,21.048197240956753,21.123402878264855,21.01999624761861,21.104602813720703,23800,0.0,0.0,0.0
2019-07-24 00:00:00-04:00,21.123401257273933,21.33021808878315,21.123401257273933,21.30201530456543,23000,0.0,0.0,0.0
2019-07-25 00:00:00-04:00,21.255016682679205,21.283217679459508,21.11400452660152,21.12340545654297,15100,0.0,0.0,0.0
2019-07-26 00:00:00-04:00,21.104602419851894,21.208009048568293,21.057597776759167,21.189208984375,16500,0.0,0.0,0.0
2019-07-29 00:00:00-04:00,21.14220203606736,21.217407663771965,21.07639733595628,21.085798263549805,22000,0.0,0.0,0.0
2019-07-30 00:00:00-04:00,21.001194273986002,21.1986083984375,21.001194273986002,21.1986083984375,19100,0.0,0.0,0.0
2019-07-31 00:00:00-04:00,21.189210453823943,21.25501516567345,21.03879737854004,21.03879737854004,13400,0.0,0.0,0.0
2019-08-01 00:00:00-04:00,21.010595732819123,21.14220515244059,20.625166609890094,20.643966674804688,16200,0.0,0.0,0.0
2019-08-02 00:00:00-04:00,20.54055785600597,20.606362558813164,20.343141954540727,20.446550369262695,20100,0.0,0.0,0.0
2019-08-05 00:00:00-04:00,20.18333024776539,20.18333024776539,19.807302084841556,19.891908645629883,120000,0.0,0.0,0.0
2019-08-06 00:00:00-04:00,20.023518451232317,20.051721236401942,19.86370625469195,19.995317459106445,18300,0.0,0.0,0.0
2019-08-07 00:00:00-04:00,19.81670457697253,19.976516782957948,19.694496086769025,19.929513931274414,22900,0.0,0.0,0.0
2019-08-08 00:00:00-04:00,20.061124330135648,20.286741256713867,20.061124330135648,20.286741256713867,15100,0.0,0.0,0.0
2019-08-09 00:00:00-04:00,20.202135159930826,20.202135159930826,20.01412194655204,20.061124801635742,11800,0.0,0.0,0.0
2019-08-12 00:00:00-04:00,19.920112217669836,19.948313210351568,19.81670379638672,19.81670379638672,12800,0.0,0.0,0.0
2019-08-13 00:00:00-04:00,19.75089980874293,20.2021336385227,19.75089980874293,19.976516723632812,10900,0.0,0.0,0.0
2019-08-14 00:00:00-04:00,19.703893711490583,19.703893711490583,19.468875885009766,19.468875885009766,19500,0.0,0.0,0.0
2019-08-15 00:00:00-04:00,19.468876391839473,19.534682891123957,19.356068836296465,19.3842716217041,19100,0.0,0.0,0.0
2019-08-16 00:00:00-04:00,19.4030708024816,19.78849988695791,19.4030708024816,19.741497039794922,24200,0.0,0.0,0.0
2019-08-19 00:00:00-04:00,19.93891222371495,20.07992435888814,19.882508445471945,19.957714080810547,19400,0.0,0.0,0.0
2019-08-20 00:00:00-04:00,20.108124217511126,20.108124217511126,19.873106396201106,19.88250732421875,22600,0.0,0.0,0.0
2019-08-21 00:00:00-04:00,20.023521145888353,20.09872679008436,19.976518290657342,20.014122009277344,17100,0.0,0.0,0.0
2019-08-22 00:00:00-04:00,20.11752819327364,20.126929122715495,19.995319696617432,20.05172348022461,83300,0.0,0.0,0.0
2019-08-23 00:00:00-04:00,19.948311783150732,20.03291834123033,19.525280785796394,19.544082641601562,51100,0.0,0.0,0.0
2019-08-26 00:00:00-04:00,19.69449536916877,19.750899147742622,19.638089797551128,19.67569351196289,26100,0.0,0.0,0.0
2019-08-27 00:00:00-04:00,19.81670425318209,19.854307968349584,19.54408449039305,19.591087341308594,35200,0.0,0.0,0.0
2019-08-28 00:00:00-04:00,19.51588164332323,19.8073032627897,19.51588164332323,19.732097625732422,8600,0.0,0.0,0.0
2019-08-29 00:00:00-04:00,19.891910156418625,20.014120439303053,19.891910156418625,19.976516723632812,24400,0.0,0.0,0.0
2019-08-30 00:00:00-04:00,20.13632965834956,20.15513151686556,20.032921229555477,20.042322158813477,5500,0.0,0.0,0.0
2019-09-03 00:00:00-04:00,19.87310791015625,19.96711540445059,19.797902273329544,19.87310791015625,16300,0.0,0.0,0.0
2019-09-04 00:00:00-04:00,20.051721515674117,20.117526222275988,20.051721515674117,20.098724365234375,18700,0.0,0.0,0.0
2019-09-05 00:00:00-04:00,20.30553779870067,20.521753739260102,20.30553779870067,20.39014434814453,16600,0.0,0.0,0.0
2019-09-06 00:00:00-04:00,20.408947440333225,20.49355400234372,20.37134552001953,20.37134552001953,11400,0.0,0.0,0.0
2019-09-09 00:00:00-04:00,20.408944310042536,20.897781750449695,20.408944310042536,20.813175201416016,29400,0.0,0.0,0.0
2019-09-10 00:00:00-04:00,20.86018176986614,21.095199584960938,20.7661742852195,21.095199584960938,30200,0.0,0.0,0.0
2019-09-11 00:00:00-04:00,21.113998880472593,21.283211988081025,21.010592264856882,21.26441192626953,18700,0.0,0.0,0.0
2019-09-12 00:00:00-04:00,21.255014026911354,21.320818735235296,21.095201823963006,21.24561309814453,47100,0.0,0.0,0.0
2019-09-13 00:00:00-04:00,21.386623775066948,21.490032200061084,21.339620923548075,21.396024703979492,27700,0.0,0.0,0.0
2019-09-16 00:00:00-04:00,21.396023469814057,21.53703380928076,21.396023469814057,21.508831024169922,34000,0.0,0.0,0.0
2019-09-17 00:00:00-04:00,21.461829078076363,21.461829078076363,21.27381408885009,21.33962059020996,17300,0.0,0.0,0.0
2019-09-18 00:00:00-04:00,21.31141657027113,21.35841941833496,21.198607224656733,21.35841941833496,21400,0.0,0.0,0.0
2019-09-19 00:00:00-04:00,21.36781921822537,21.433623919257393,21.24561074388642,21.283212661743164,13600,0.0,0.0,0.0
2019-09-20 00:00:00-04:00,21.226811970349775,21.414826966062204,21.208010112169756,21.217411041259766,10100,0.0,0.0,0.0
2019-09-23 00:00:00-04:00,21.222154679869,21.307534948520335,21.127285503115356,21.250614166259766,13400,0.205,0.0,0.0
2019-09-24 00:00:00-04:00,21.11779910405718,21.165232789265808,20.947034942139556,20.96600914001465,11700,0.0,0.0,0.0
2019-09-25 00:00:00-04:00,20.928063386441124,21.184209661656137,20.909090995649866,21.136775970458984,8000,0.0,0.0,0.0
2019-09-26 00:00:00-04:00,21.165232958419708,21.165232958419708,20.97549640658971,21.013442993164062,14500,0.0,0.0,0.0
2019-09-27 00:00:00-04:00,21.070360226900593,21.18420358639653,21.01343945189203,21.060874938964844,20800,0.0,0.0,0.0
2019-09-30 00:00:00-04:00,21.165235461385542,21.20318386192673,21.060880978855945,21.136775970458984,16000,0.0,0.0,0.0
2019-10-01 00:00:00-04:00,21.203180690131518,21.29804986781362,20.823705788882172,20.861652374267578,21700,0.0,0.0,0.0
2019-10-02 00:00:00-04:00,20.71934813092044,20.71934813092044,20.453714813018763,20.548583984375,19800,0.0,0.0,0.0
2019-10-03 00:00:00-04:00,20.529608101600168,20.59601597325012,20.396792358300264,20.586530685424805,31400,0.0,0.0,0.0
2019-10-04 00:00:00-04:00,20.64345398287649,20.74781025649761,20.586533201573612,20.728836059570312,10700,0.0,0.0,0.0
2019-10-07 00:00:00-04:00,20.68140219851506,20.80473267879127,20.652942710358364,20.662429809570312,11800,0.0,0.0,0.0
2019-10-08 00:00:00-04:00,20.472690028401615,20.472690028401615,20.339874267578125,20.339874267578125,16700,0.0,0.0,0.0
2019-10-09 00:00:00-04:00,20.434743774445163,20.510638754641285,20.39679537960757,20.415769577026367,5900,0.0,0.0,0.0
2019-10-10 00:00:00-04:00,20.39679425793203,20.66242757875008,20.39679425793203,20.605504989624023,16500,0.0,0.0,0.0
2019-10-11 00:00:00-04:00,20.871138007595203,21.108310030408784,20.871138007595203,20.956520080566406,23800,0.0,0.0,0.0
2019-10-14 00:00:00-04:00,20.92806046962608,20.937547568439125,20.804731804014622,20.899600982666016,11100,0.0,0.0,0.0
2019-10-15 00:00:00-04:00,20.909088847002355,21.231641171059845,20.909088847002355,21.089338302612305,12700,0.0,0.0,0.0
2019-10-16 00:00:00-04:00,21.060876630621387,21.193692386135698,21.02292823791504,21.02292823791504,13800,0.0,0.0,0.0
2019-10-17 00:00:00-04:00,21.108310537998516,21.184205514744743,21.051389757808586,21.079849243164062,22400,0.0,0.0,0.0
2019-10-18 00:00:00-04:00,21.05139008886949,21.203180044749043,21.05139008886949,21.155744552612305,6900,0.0,0.0,0.0
2019-10-21 00:00:00-04:00,21.345479910207892,21.440349071704567,21.317018618915267,21.33599281311035,9000,0.0,0.0,0.0
2019-10-22 00:00:00-04:00,21.31701918914407,21.525731711915547,21.288559706568904,21.468809127807617,14300,0.0,0.0,0.0
2019-10-23 00:00:00-04:00,21.49727080242427,21.535219192504883,21.411888734221726,21.535219192504883,15400,0.0,0.0,0.0
2019-10-24 00:00:00-04:00,21.573167187279367,21.649062162936858,21.32650806402279,21.430864334106445,21900,0.0,0.0,0.0
2019-10-25 00:00:00-04:00,21.402405435744413,21.611117999277724,21.402405435744413,21.554195404052734,10000,0.0,0.0,0.0
2019-10-28 00:00:00-04:00,21.649061365923398,21.772391827750734,21.592140588645567,21.677522659301758,28000,0.0,0.0,0.0
2019-10-29 00:00:00-04:00,21.649063056785714,21.724958035576762,21.563680979460905,21.639575958251953,17300,0.0,0.0,0.0
2019-10-30 00:00:00-04:00,21.54470605536991,21.54470605536991,21.345482421320817,21.459325790405273,15900,0.0,0.0,0.0
2019-10-31 00:00:00-04:00,21.402404062183205,21.402404062183205,21.11779834224028,21.22215461730957,13900,0.0,0.0,0.0
2019-11-01 00:00:00-04:00,21.449836742583773,21.506757517212904,21.364454675900678,21.468809127807617,10700,0.0,0.0,0.0
2019-11-04 00:00:00-05:00,21.63957656203002,21.819827820242686,21.630089463231553,21.781879425048828,10200,0.0,0.0,0.0
2019-11-05 00:00:00-05:00,21.791365271930484,22.009564912801412,21.791365271930484,21.914695739746094,15700,0.0,0.0,0.0
2019-11-06 00:00:00-05:00,21.962128869193698,21.962128869193698,21.791364723884584,21.800851821899414,13700,0.0,0.0,0.0
2019-11-07 00:00:00-05:00,21.981103455802373,22.01905003905704,21.857774798376006,21.886234283447266,56500,0.0,0.0,0.0
2019-11-08 00:00:00-05:00,21.848287807744804,21.9241827841067,21.76290573315279,21.905208587646484,11900,0.0,0.0,0.0
2019-11-11 00:00:00-05:00,21.81033930745897,21.90520847981408,21.81033930745897,21.886234283447266,10100,0.0,0.0,0.0
2019-11-12 00:00:00-05:00,21.90520847981408,21.99059055398578,21.83880060200919,21.886234283447266,13100,0.0,0.0,0.0
2019-11-13 00:00:00-05:00,21.772391718566183,21.772391718566183,21.65854835510254,21.65854835510254,26300,0.0,0.0,0.0
2019-11-14 00:00:00-05:00,21.630088913237095,21.743932286444863,21.630088913237095,21.649063110351562,16800,0.0,0.0,0.0
2019-11-15 00:00:00-05:00,21.705984497232492,21.838802071256783,21.705984497232492,21.791366577148438,13900,0.0,0.0,0.0
2019-11-18 00:00:00-05:00,21.75341965341632,21.876748317224035,21.639576278803847,21.69649887084961,22600,0.0,0.0,0.0
2019-11-19 00:00:00-05:00,21.75341933117804,21.80085301436781,21.60162937359594,21.639575958251953,9700,0.0,0.0,0.0
2019-11-20 00:00:00-05:00,21.592143739864913,21.639577426272567,21.459327970340166,21.52573585510254,19300,0.0,0.0,0.0
2019-11-21 00:00:00-05:00,21.544706452027143,21.58265484558028,21.47829857278815,21.56368064880371,12300,0.0,0.0,0.0
2019-11-22 00:00:00-05:00,21.573168237988632,21.715471098092337,21.573168237988632,21.66803741455078,8200,0.0,0.0,0.0
2019-11-25 00:00:00-05:00,21.687010543089052,21.886234175521295,21.687010543089052,21.867259979248047,8700,0.0,0.0,0.0
2019-11-26 00:00:00-05:00,21.981104934623666,21.981104934623666,21.7344457936975,21.791366577148438,38900,0.0,0.0,0.0
2019-11-27 00:00:00-05:00,21.819826459371697,21.895721435546875,21.791365164751394,21.895721435546875,19200,0.0,0.0,0.0
2019-11-29 00:00:00-05:00,21.85777423660644,21.85777423660644,21.75341796875,21.75341796875,7600,0.0,0.0,0.0
2019-12-02 00:00:00-05:00,21.791365969751997,21.876748047288064,21.63957601179433,21.649063110351562,26300,0.0,0.0,0.0
2019-12-03 00:00:00-05:00,21.525735475164755,21.525735475164755,21.29805052736428,21.440353393554688,18200,0.0,0.0,0.0
2019-12-04 00:00:00-05:00,21.563680916770867,21.64906299384745,21.563680916770867,21.611116409301758,6200,0.0,0.0,0.0
2019-12-05 00:00:00-05:00,21.677524289365987,21.677524289365987,21.573168015277044,21.611116409301758,7300,0.0,0.0,0.0
2019-12-06 00:00:00-05:00,21.78187767988395,21.886233948826952,21.78187767988395,21.810338973999023,12500,0.0,0.0,0.0
2019-12-09 00:00:00-05:00,21.81982629804388,21.914695469931164,21.810339199907258,21.867259979248047,16800,0.0,0.0,0.0
2019-12-10 00:00:00-05:00,21.876749030333677,21.933671624234925,21.82931534489508,21.857776641845703,8100,0.0,0.0,0.0
2019-12-11 00:00:00-05:00,21.876749030333677,21.914697426267843,21.83880244387862,21.857776641845703,10000,0.0,0.0,0.0
2019-12-12 00:00:00-05:00,21.867259179597845,22.151866684852063,21.867259179597845,22.094945907592773,16300,0.0,0.0,0.0
2019-12-13 00:00:00-05:00,22.1139196012972,22.237250070376938,21.962129646644446,21.971616744995117,13600,0.0,0.0,0.0
2019-12-16 00:00:00-05:00,22.066482831609637,22.18981147395496,22.066482831609637,22.132890701293945,14500,0.0,0.0,0.0
2019-12-17 00:00:00-05:00,22.094948205756726,22.246738167222233,22.094948205756726,22.199302673339844,14900,0.0,0.0,0.0
2019-12-18 00:00:00-05:00,22.199302833104404,22.294172012072874,22.180328635414895,22.227764129638672,14200,0.0,0.0,0.0
2019-12-19 00:00:00-05:00,22.227762168198016,22.275195848757026,22.199300874175254,22.21827507019043,21600,0.0,0.0,0.0
2019-12-20 00:00:00-05:00,22.284685241118222,22.360580223513875,21.92418452710865,22.303659439086914,177400,0.0,0.0,0.0
2019-12-23 00:00:00-05:00,22.293142827358448,22.360060203645297,22.245345222399767,22.274023056030273,25900,0.179,0.0,0.0
2019-12-24 00:00:00-05:00,22.28358167229056,22.321821212768555,22.28358167229056,22.321821212768555,4100,0.0,0.0,0.0
2019-12-26 00:00:00-05:00,22.321823415188508,22.40786056639135,22.321823415188508,22.379180908203125,10700,0.0,0.0,0.0
2019-12-27 00:00:00-05:00,22.503453970910684,22.503453970910684,22.274020389166157,22.30270004272461,11600,0.0,0.0,0.0
2019-12-30 00:00:00-05:00,22.417420924142952,22.417420924142952,22.254906504380514,22.29314422607422,29900,0.0,0.0,0.0
2019-12-31 00:00:00-05:00,22.283583870937544,22.379180908203125,22.283583870937544,22.379180908203125,15300,0.0,0.0,0.0
2020-01-02 00:00:00-05:00,22.41742045245409,22.465218059405966,22.321823415188508,22.379180908203125,57200,0.0,0.0,0.0
2020-01-03 00:00:00-05:00,22.18798510405205,22.27402224854804,22.18798510405205,22.23578453063965,15200,0.0,0.0,0.0
2020-01-06 00:00:00-05:00,22.168866398140526,22.312261026272854,22.073269371598432,22.264463424682617,15800,0.0,0.0,0.0
2020-01-07 00:00:00-05:00,22.21666552224219,22.245345179178727,22.140188260439842,22.20710563659668,23200,0.0,0.0,0.0
2020-01-08 00:00:00-05:00,22.21666476000461,22.283582133865558,22.1688671567787,22.23578453063965,17800,0.0,0.0,0.0
2020-01-09 00:00:00-05:00,22.29314137866242,22.29314137866242,22.14018686470013,22.187984466552734,25600,0.0,0.0,0.0
2020-01-10 00:00:00-05:00,22.216664668386255,22.22622455366435,22.10194969177246,22.10194969177246,13000,0.0,0.0,0.0
2020-01-13 00:00:00-05:00,22.14018750082614,22.264464186592207,22.1210677301911,22.23578453063965,8800,0.0,0.0,0.0
2020-01-14 00:00:00-05:00,22.16886796044883,22.33138237001479,22.16886796044883,22.274023056030273,9000,0.0,0.0,0.0
2020-01-15 00:00:00-05:00,22.197543591165,22.293140614956933,22.197543591165,22.216663360595703,10400,0.0,0.0,0.0
2020-01-16 00:00:00-05:00,22.36961962362425,22.388739394554392,22.264464530231898,22.36005973815918,27100,0.0,0.0,0.0
2020-01-17 00:00:00-05:00,22.369616956203274,22.484333744743232,22.360057071878153,22.388736724853516,20400,0.0,0.0,0.0
2020-01-21 00:00:00-05:00,22.283582343431522,22.33138177046865,22.1593074798584,22.1593074798584,64600,0.0,0.0,0.0
2020-01-22 00:00:00-05:00,22.140188726160986,22.19754621787883,22.111509068621167,22.121068954467773,86200,0.0,0.0,0.0
2020-01-23 00:00:00-05:00,21.987231246248854,22.121065983402502,21.872514454858912,22.092388153076172,8200,0.0,0.0,0.0
2020-01-24 00:00:00-05:00,22.05415076542748,22.05415076542748,21.700444118926548,21.805599212646484,26300,0.0,0.0,0.0
2020-01-27 00:00:00-05:00,21.480570941017607,21.547490141169302,21.36585595890966,21.442333221435547,20900,0.0,0.0,0.0
2020-01-28 00:00:00-05:00,21.451893445040362,21.633525806798964,21.451893445040362,21.566608428955078,20000,0.0,0.0,0.0
2020-01-29 00:00:00-05:00,21.566607877064484,21.633525253195952,21.50925038657491,21.518810272216797,33600,0.0,0.0,0.0
2020-01-30 00:00:00-05:00,21.365852463141692,21.518806963167858,21.289375213128608,21.49968719482422,40700,0.0,0.0,0.0
2020-01-31 00:00:00-05:00,21.404094536196318,21.404094536196318,21.098185473834388,21.136425018310547,15000,0.0,0.0,0.0
2020-02-03 00:00:00-05:00,21.184222665470024,21.384976627624553,21.184222665470024,21.20334243774414,19200,0.0,0.0,0.0
2020-02-04 00:00:00-05:00,21.394533792755762,21.547490141169302,21.394533792755762,21.442333221435547,74000,0.0,0.0,0.0
2020-02-05 00:00:00-05:00,21.623967446192687,21.815159691202272,21.623967446192687,21.786481857299805,28700,0.0,0.0,0.0
2020-02-06 00:00:00-05:00,21.862958992641808,21.872517054979117,21.719562530517578,21.719562530517578,12800,0.0,0.0,0.0
2020-02-07 00:00:00-05:00,21.59528643087301,21.662203803586245,21.537928943313332,21.55704689025879,21400,0.0,0.0,0.0
2020-02-10 00:00:00-05:00,21.509247973854848,21.604844996188735,21.509247973854848,21.537927627563477,25600,0.0,0.0,0.0
2020-02-11 00:00:00-05:00,21.59528635486493,21.796038472298047,21.59528635486493,21.700443267822266,6600,0.0,0.0,0.0
2020-02-12 00:00:00-05:00,21.748242314280827,21.891636953878457,21.748242314280827,21.786481857299805,15500,0.0,0.0,0.0
2020-02-13 00:00:00-05:00,21.786481857299805,21.805599805447525,21.738682428526083,21.786481857299805,7800,0.0,0.0,0.0
2020-02-14 00:00:00-05:00,21.73868098494025,21.843837897897586,21.671763612462545,21.700443267822266,8100,0.0,0.0,0.0
2020-02-18 00:00:00-05:00,21.69088409990803,21.700443985344034,21.52836969421938,21.604846954345703,23300,0.0,0.0,0.0
2020-02-19 00:00:00-05:00,21.748241124503462,21.748241124503462,21.64308421031584,21.69088363647461,32300,0.0,0.0,0.0
2020-02-20 00:00:00-05:00,21.74823977050083,21.80559725495872,21.65264274749665,21.738679885864258,13700,0.0,0.0,0.0
2020-02-21 00:00:00-05:00,21.71955996430016,21.71955996430016,21.509247973854848,21.537927627563477,19400,0.0,0.0,0.0
2020-02-24 00:00:00-05:00,20.954787651255018,21.059944559256962,20.897430166600124,20.90699005126953,32200,0.0,0.0,0.0
2020-02-25 00:00:00-05:00,20.964349872739497,20.964349872739497,20.16133770461605,20.199575424194336,42600,0.0,0.0,0.0
2020-02-26 00:00:00-05:00,20.237813114696063,20.352529909654024,19.922344207763672,19.922344207763672,8500,0.0,0.0,0.0
2020-02-27 00:00:00-05:00,19.635556186424118,19.798068769147108,19.15757285362932,19.186250686645508,51200,0.0,0.0,0.0
2020-02-28 00:00:00-05:00,18.717827859979565,18.956819534301758,18.526633791177105,18.956819534301758,46800,0.0,0.0,0.0
2020-03-02 00:00:00-05:00,18.975936825045547,19.46347999572754,18.765623012185745,19.46347999572754,77800,0.0,0.0,0.0
2020-03-03 00:00:00-05:00,19.559075573351166,19.63555465104539,18.870780284357295,19.033294677734375,16500,0.0,0.0,0.0
2020-03-04 00:00:00-05:00,19.234050329951753,19.415682685633183,19.03329637977526,19.387004852294922,46600,0.0,0.0,0.0
2020-03-05 00:00:00-05:00,18.937700107027496,18.995059422728062,18.51707606539417,18.67003059387207,45300,0.0,0.0,0.0
2020-03-06 00:00:00-05:00,18.239841863109078,18.41191613537563,17.933932856129207,18.08688735961914,26700,0.0,0.0,0.0
2020-03-09 00:00:00-04:00,17.016206830140206,17.016206830140206,15.773450827612436,15.878607749938965,56000,0.0,0.0,0.0
2020-03-10 00:00:00-04:00,16.356590151654434,16.60514170229457,15.763890019610773,16.56690216064453,104500,0.0,0.0,0.0
2020-03-11 00:00:00-04:00,16.251431731912092,16.251431731912092,15.582254401841688,15.687411308288574,461500,0.0,0.0,0.0
2020-03-12 00:00:00-04:00,14.540253336311912,14.798363867560541,13.316616233015745,13.861516952514648,66600,0.0,0.0,0.0
2020-03-13 00:00:00-04:00,14.549812261364687,14.78880391718095,13.794598665452531,14.65496826171875,51500,0.0,0.0,0.0
2020-03-16 00:00:00-04:00,13.06806457846328,13.517369172987657,12.762155532836914,12.762155532836914,63800,0.0,0.0,0.0
2020-03-17 00:00:00-04:00,12.915110061424889,13.21145922158772,12.427566835979217,13.106303215026855,82300,0.0,0.0,0.0
2020-03-18 00:00:00-04:00,12.67611784531857,12.67611784531857,10.601670166838257,11.089213371276855,87700,0.0,0.0,0.0
2020-03-19 00:00:00-04:00,10.964937718791054,11.997381626728606,10.467834623727352,11.844427108764648,165800,0.0,0.0,0.0
2020-03-20 00:00:00-04:00,12.045180614930445,12.781274489483271,11.710591909973147,11.758390426635742,60600,0.0,0.0,0.0
2020-03-23 00:00:00-04:00,11.4983430785114,11.8961758849182,10.857928276934588,11.139322280883789,60600,0.182,0.0,0.0
2020-03-24 00:00:00-04:00,11.614782305160775,12.458964347839355,11.411014162074679,12.458964347839355,34700,0.0,0.0,0.0
2020-03-25 00:00:00-04:00,12.303711966591207,13.458397433863958,12.255195568304902,12.982938766479492,37600,0.0,0.0,0.0
2020-03-26 00:00:00-04:00,13.283739824977495,13.846528794264215,13.244926888341178,13.778605461120605,19700,0.0,0.0,0.0
2020-03-27 00:00:00-04:00,13.167301090751593,13.487508051185054,13.041158814615168,13.27403736114502,29600,0.0,0.0,0.0
2020-03-30 00:00:00-04:00,13.186706845389141,13.487506847869712,12.905312846920223,13.429287910461426,27900,0.0,0.0,0.0
2020-03-31 00:00:00-04:00,13.448693914473079,13.6136491127521,13.070268045199244,13.429287910461426,43200,0.0,0.0,0.0
2020-04-01 00:00:00-04:00,12.885906394666494,13.031455594323164,12.497777046328757,12.614215850830078,46000,0.0,0.0,0.0
2020-04-02 00:00:00-04:00,12.64332544099254,13.079971193373252,12.555996105441722,12.84709358215332,22500,0.0,0.0,0.0
2020-04-03 00:00:00-04:00,12.740357708518141,12.963531845254318,12.303711974410552,12.47836971282959,23900,0.0,0.0,0.0
2020-04-06 00:00:00-04:00,12.7306547061139,13.293442726135254,12.7306547061139,13.293442726135254,39100,0.0,0.0,0.0
2020-04-07 00:00:00-04:00,13.74949478253295,14.215249981267057,13.58453958497129,13.594243049621582,26700,0.0,0.0,0.0
2020-04-08 00:00:00-04:00,13.73008774766176,14.254062804895447,13.73008774766176,14.205547332763672,24100,0.0,0.0,0.0
2020-04-09 00:00:00-04:00,14.622786168645362,15.204981089482073,14.622786168645362,14.826554298400879,33300,0.0,0.0,0.0
2020-04-13 00:00:00-04:00,14.816852851584564,14.89447872336952,14.292876828976022,14.496644973754883,55600,0.0,0.0,0.0
2020-04-14 00:00:00-04:00,14.768336191897896,14.904181002457303,14.496644720032346,14.593677520751953,51600,0.0,0.0,0.0
2020-04-15 00:00:00-04:00,14.147328920991722,14.15703238656215,13.798012488816974,13.953264236450195,35900,0.0,0.0,0.0
2020-04-16 00:00:00-04:00,14.04059328861601,14.04059328861601,13.633056996728863,13.71068286895752,25900,0.0,0.0,0.0
2020-04-17 00:00:00-04:00,14.030889686469473,14.419019043829238,14.030889686469473,14.380206108093262,39500,0.0,0.0,0.0
2020-04-20 00:00:00-04:00,14.205547582482518,14.438425184152724,13.962966516066055,14.108514785766602,31100,0.0,0.0,0.0
2020-04-21 00:00:00-04:00,13.72038578462266,13.98237286155453,13.691275389673178,13.846528053283691,40100,0.0,0.0,0.0
2020-04-22 00:00:00-04:00,14.098810764866634,14.157030625674262,13.95326250090751,13.962965965270996,36600,0.0,0.0,0.0
2020-04-23 00:00:00-04:00,13.992076341100688,14.380205687097554,13.992076341100688,14.186141014099121,30100,0.0,0.0,0.0
2020-04-24 00:00:00-04:00,14.312282218460183,14.409315010429566,14.089108092453202,14.292875289916992,24400,0.0,0.0,0.0
2020-04-27 00:00:00-04:00,14.360799801036624,14.768336080384334,14.360799801036624,14.70041275024414,57200,0.0,0.0,0.0
2020-04-28 00:00:00-04:00,15.049728687529003,15.175870945608427,14.83625710267357,15.010915756225586,30900,0.0,0.0,0.0
2020-04-29 00:00:00-04:00,15.040026428053904,15.835692046192767,15.040026428053904,15.758066177368164,38600,0.0,0.0,0.0
2020-04-30 00:00:00-04:00,15.593109820172964,15.593109820172964,15.234089972099637,15.408748626708984,24600,0.0,0.0,0.0
2020-05-01 00:00:00-04:00,15.010917503937575,15.020620043863133,14.651897616237182,14.719820022583008,40700,0.0,0.0,0.0
2020-05-04 00:00:00-04:00,14.564568405987794,14.681007214467822,14.399613195964406,14.671303749084473,26700,0.0,0.0,0.0
2020-05-05 00:00:00-04:00,14.933290170563154,15.078838434306904,14.60337978567914,14.690709114074707,24000,0.0,0.0,0.0
2020-05-06 00:00:00-04:00,14.65189721804217,14.65189721804217,14.302579879760742,14.302579879760742,30900,0.0,0.0,0.0
2020-05-07 00:00:00-04:00,14.50634675248719,14.807147664711241,14.50634675248719,14.564566612243652,36900,0.0,0.0,0.0
2020-05-08 00:00:00-04:00,14.787742167929713,15.127356044411524,14.787742167929713,15.098246574401855,24400,0.0,0.0,0.0
2020-05-11 00:00:00-04:00,15.010916724492102,15.010916724492102,14.690709789240914,14.787741661071777,20400,0.0,0.0,0.0
2020-05-12 00:00:00-04:00,14.87507029300437,14.89447722168066,14.40931510925293,14.40931510925293,26400,0.0,0.0,0.0
2020-05-13 00:00:00-04:00,14.312283090926625,14.312283090926625,13.730088154366713,13.836824417114258,38900,0.0,0.0,0.0
2020-05-14 00:00:00-04:00,13.536023562209026,14.040592633527124,13.409881294379502,14.011482238769531,43200,0.0,0.0,0.0
2020-05-15 00:00:00-04:00,13.924153706107411,14.089108906765354,13.720385571493091,14.059998512268066,72600,0.0,0.0,0.0
2020-05-18 00:00:00-04:00,14.457831820974665,15.00121384069126,14.428722350835335,14.9332914352417,48900,0.0,0.0,0.0
2020-05-19 00:00:00-04:00,14.865367356298735,15.04002601909152,14.71011562287107,14.778038024902344,19600,0.0,0.0,0.0
2020-05-20 00:00:00-04:00,15.098246419831101,15.263200698446054,15.098246419831101,15.146761894226074,34200,0.0,0.0,0.0
2020-05-21 00:00:00-04:00,15.098246419831101,15.253498158791075,15.098246419831101,15.146761894226074,26100,0.0,0.0,0.0
2020-05-22 00:00:00-04:00,15.010916727856655,15.107948599709268,14.95269686444642,15.069135665893555,24300,0.0,0.0,0.0
2020-05-26 00:00:00-04:00,15.331123804208197,15.971536755371835,15.331123804208197,15.806583404541016,95800,0.0,0.0,0.0
2020-05-27 00:00:00-04:00,16.22382216656719,16.388777377055323,15.923022141822992,16.3111515045166,95200,0.0,0.0,0.0
2020-05-28 00:00:00-04:00,16.466403293534594,16.466403293534594,16.02005498793256,16.02975845336914,11200,0.0,0.0,0.0
2020-05-29 00:00:00-04:00,15.767769391980684,15.932724591957426,15.661033130011418,15.855098724365234,12200,0.0,0.0,0.0
2020-06-01 00:00:00-04:00,15.825989408376312,16.185010227170665,15.816285942922757,16.146196365356445,26600,0.0,0.0,0.0
2020-06-02 00:00:00-04:00,16.272339677449903,16.427591424281232,16.22382234984836,16.379074096679688,25600,0.0,0.0,0.0
2020-06-03 00:00:00-04:00,16.54402899618424,16.961268751933503,16.54402899618424,16.922456741333008,50700,0.0,0.0,0.0
2020-06-04 00:00:00-04:00,16.71868573600277,17.08740997314453,16.670170265679857,17.08740997314453,35100,0.0,0.0,0.0
2020-06-05 00:00:00-04:00,17.941296031374353,18.077140840730046,17.747232282401466,17.795747756958008,43600,0.0,0.0,0.0
2020-06-08 00:00:00-04:00,18.17417285773646,18.36823844909668,18.038328054232284,18.36823844909668,38600,0.0,0.0,0.0
2020-06-09 00:00:00-04:00,18.106250285369708,18.106250285369708,17.747231350706954,17.853965759277344,22400,0.0,0.0,0.0
2020-06-10 00:00:00-04:00,17.78604197644951,17.78604197644951,17.213550567626953,17.213550567626953,16400,0.0,0.0,0.0
2020-06-11 00:00:00-04:00,16.44699567889235,16.495511147852135,15.884207725524902,15.884207725524902,39100,0.0,0.0,0.0
2020-06-12 00:00:00-04:00,16.534327406521932,16.63135835854284,15.990944451321603,16.359668731689453,28600,0.0,0.0,0.0
2020-06-15 00:00:00-04:00,15.855096849183658,16.718684755353625,15.855096849183658,16.582839965820312,9500,0.0,0.0,0.0
2020-06-16 00:00:00-04:00,17.271772877926438,17.320290206403268,16.767205616995327,16.96126937866211,24200,0.0,0.0,0.0
2020-06-17 00:00:00-04:00,16.932159394359648,16.932159394359648,16.621654070718133,16.65076446533203,22700,0.0,0.0,0.0
2020-06-18 00:00:00-04:00,16.466401711187697,16.776907023079794,16.466401711187697,16.61195182800293,27100,0.0,0.0,0.0
2020-06-19 00:00:00-04:00,16.88364018028526,16.88364018028526,16.359666091108217,16.485807418823242,15800,0.0,0.0,0.0
2020-06-22 00:00:00-04:00,16.348834048747904,16.50537757235124,16.348834048747904,16.456457138061523,32800,0.14,0.0,0.0
2020-06-23 00:00:00-04:00,16.65213506977831,16.73040589817406,16.485809326171875,16.485809326171875,20400,0.0,0.0,0.0
2020-06-24 00:00:00-04:00,16.28034936373615,16.329269804206508,15.752021669524249,15.888995170593262,25800,0.0,0.0,0.0
2020-06-25 00:00:00-04:00,15.742237200656193,16.114023208618164,15.732453112798781,16.114023208618164,11800,0.0,0.0,0.0
2020-06-26 00:00:00-04:00,16.065103639790507,16.065103639790507,15.556342299480123,15.60526180267334,20700,0.0,0.0,0.0
2020-06-29 00:00:00-04:00,15.683533560357267,15.928130143148168,15.624829969940206,15.820507049560547,29200,0.0,0.0,0.0
2020-06-30 00:00:00-04:00,15.849859211191864,16.094455792437888,15.800938775268367,16.06510353088379,24400,0.0,0.0,0.0
2020-07-01 00:00:00-04:00,16.07488799238805,16.211861483915765,15.840075492858887,15.840075492858887,31200,0.0,0.0,0.0
2020-07-02 00:00:00-04:00,16.2020769373172,16.319484116816255,15.947696270172424,15.986832618713379,22800,0.0,0.0,0.0
2020-07-06 00:00:00-04:00,16.211862221068348,16.368403894539068,16.016186062291926,16.114023208618164,21500,0.0,0.0,0.0
2020-07-07 00:00:00-04:00,15.99661661561559,15.99661661561559,15.75202003698576,15.800938606262207,13900,0.0,0.0,0.0
2020-07-08 00:00:00-04:00,15.722667856594464,15.898777692693338,15.68353337419683,15.879209518432617,46500,0.0,0.0,0.0
2020-07-09 00:00:00-04:00,15.869425813955658,15.869425813955658,15.350881313347836,15.438936233520508,19900,0.0,0.0,0.0
2020-07-10 00:00:00-04:00,15.390016541333884,15.820507049560547,15.390016541333884,15.820507049560547,26400,0.0,0.0,0.0
2020-07-13 00:00:00-04:00,15.791155588536107,16.0651044469575,15.703100664976514,15.771589279174805,37500,0.0,0.0,0.0
2020-07-14 00:00:00-04:00,15.820508344355067,15.937915534798119,15.703101153912016,15.918347358703613,17400,0.0,0.0,0.0
2020-07-15 00:00:00-04:00,15.957479560692306,16.407538215826804,15.957479560692306,16.358617782592773,22300,0.0,0.0,0.0
2020-07-16 00:00:00-04:00,16.20207673411369,16.495593746118185,16.20207673411369,16.3684024810791,15300,0.0,0.0,0.0
2020-07-17 00:00:00-04:00,16.407539899174175,16.417323986824787,16.231430053710938,16.231430053710938,41000,0.0,0.0,0.0
2020-07-20 00:00:00-04:00,16.1629430350504,16.270564265153347,16.104238510131836,16.104238510131836,18800,0.0,0.0,0.0
2020-07-21 00:00:00-04:00,16.172726012588882,16.564080154567623,16.153157838959007,16.485809326171875,23900,0.0,0.0,0.0
2020-07-22 00:00:00-04:00,16.436890602353845,16.57386596589149,16.37818794147997,16.544513702392578,26400,0.0,0.0,0.0
2020-07-23 00:00:00-04:00,16.603213651664742,16.710836734126698,16.51515874167289,16.593429565429688,16000,0.0,0.0,0.0
2020-07-24 00:00:00-04:00,16.593430621825213,16.70105371113883,16.456457138061523,16.456457138061523,10400,0.0,0.0,0.0
2020-07-27 00:00:00-04:00,16.348834048747904,16.47602531177741,16.329267741155775,16.456457138061523,13100,0.0,0.0,0.0
2020-07-28 00:00:00-04:00,16.378187105674765,16.50537837488866,16.378187105674765,16.40753936767578,23400,0.0,0.0,0.0
2020-07-29 00:00:00-04:00,16.427106582370946,16.7597562016571,16.427106582370946,16.730405807495117,114000,0.0,0.0,0.0
2020-07-30 00:00:00-04:00,16.554295269243607,16.554295269243607,16.29991462269673,16.534727096557617,149400,0.0,0.0,0.0
2020-07-31 00:00:00-04:00,16.427106245374667,16.50537707174049,16.270562726519323,16.417322158813477,26400,0.0,0.0,0.0
2020-08-03 00:00:00-04:00,16.46624164888457,16.59343104906513,16.417323079459077,16.524944305419922,20200,0.0,0.0,0.0
2020-08-04 00:00:00-04:00,16.485809564219103,16.64235122327099,16.485809564219103,16.612998962402344,22600,0.0,0.0,0.0
2020-08-05 00:00:00-04:00,16.740191951963972,16.92608402491888,16.740191951963972,16.88694953918457,31300,0.0,0.0,0.0
2020-08-06 00:00:00-04:00,16.818462865163983,16.965220453044328,16.818462865163983,16.85759735107422,19900,0.0,0.0,0.0
2020-08-07 00:00:00-04:00,16.779327667934606,17.10219512994169,16.720625001967164,17.092411041259766,22000,0.0,0.0,0.0
2020-08-10 00:00:00-04:00,17.111977053944045,17.454412649996584,17.111977053944045,17.395709991455078,19100,0.0,0.0,0.0
2020-08-11 00:00:00-04:00,17.483763424688306,17.796846731768838,17.454411164853113,17.464195251464844,10800,0.0,0.0,0.0
2020-08-12 00:00:00-04:00,17.610954051045002,17.78706389013527,17.385925641595815,17.4837646484375,14100,0.0,0.0,0.0
2020-08-13 00:00:00-04:00,17.473979783137725,17.493546090735826,17.29786995188849,17.31743812561035,24600,0.0,0.0,0.0
2020-08-14 00:00:00-04:00,17.346788758013226,17.52289859167814,17.278302015171047,17.44462776184082,8000,0.0,0.0,0.0
2020-08-17 00:00:00-04:00,17.46419646142014,17.46419646142014,17.258734360586384,17.268518447875977,38200,0.0,0.0,0.0
2020-08-18 00:00:00-04:00,17.288086535221826,17.30765470970227,17.082624435424805,17.082624435424805,9800,0.0,0.0,0.0
2020-08-19 00:00:00-04:00,17.111977920337065,17.23916919742797,17.07284343470261,17.10219383239746,19100,0.0,0.0,0.0
2020-08-20 00:00:00-04:00,16.96522079474859,17.01413936965267,16.945652618337352,16.95543670654297,7000,0.0,0.0,0.0
2020-08-21 00:00:00-04:00,16.83802929226517,16.945652394984435,16.789110718005862,16.8282470703125,17800,0.0,0.0,0.0
2020-08-24 00:00:00-04:00,16.867382329928976,17.20981796381808,16.867382329928976,17.180465698242188,25900,0.0,0.0,0.0
2020-08-25 00:00:00-04:00,17.3370061916053,17.356574367311854,17.102193681498505,17.160898208618164,16600,0.0,0.0,0.0
2020-08-26 00:00:00-04:00,17.121762396666973,17.170680971350706,16.98478889465332,16.98478889465332,10800,0.0,0.0,0.0
2020-08-27 00:00:00-04:00,16.975004271653805,17.219600869613878,16.975004271653805,17.160898208618164,21100,0.0,0.0,0.0
2020-08-28 00:00:00-04:00,17.229383891375054,17.297870635986328,17.200031629631436,17.297870635986328,19500,0.0,0.0,0.0
2020-08-31 00:00:00-04:00,17.23916958848154,17.23916958848154,16.98478889465332,16.98478889465332,15600,0.0,0.0,0.0
2020-09-01 00:00:00-04:00,16.945651060419742,17.111976812375893,16.945651060419742,17.053274154663086,21000,0.0,0.0,0.0
2020-09-02 00:00:00-04:00,17.063057980519794,17.190247381302648,17.023921631895032,17.141328811645508,19600,0.0,0.0,0.0
2020-09-03 00:00:00-04:00,17.141330032873846,17.34679027942036,16.877165259207803,16.94565200805664,22700,0.0,0.0,0.0
2020-09-04 00:00:00-04:00,17.092409517636323,17.092409517636323,16.749975774914162,16.975004196166992,15800,0.0,0.0,0.0
2020-09-08 00:00:00-04:00,17.023922732028765,17.023922732028765,16.57386589050293,16.57386589050293,29500,0.0,0.0,0.0
2020-09-09 00:00:00-04:00,16.72062423686163,16.828247341314057,16.681487883924746,16.740192413330078,23000,0.0,0.0,0.0
2020-09-10 00:00:00-04:00,16.730405204842718,16.847810509509024,16.5053768157959,16.5053768157959,9600,0.0,0.0,0.0
2020-09-11 00:00:00-04:00,16.622784463321324,16.671704902263656,16.495595054319136,16.57386589050293,14200,0.0,0.0,0.0
2020-09-14 00:00:00-04:00,16.661920095096978,16.886948506144297,16.661920095096978,16.808677673339844,12600,0.0,0.0,0.0
2020-09-15 00:00:00-04:00,16.89673293483665,16.89673293483665,16.69127082824707,16.69127082824707,10200,0.0,0.0,0.0
2020-09-16 00:00:00-04:00,16.720623776034834,17.102193876033184,16.720623776034834,16.88694953918457,32700,0.0,0.0,0.0
2020-09-17 00:00:00-04:00,16.75975712183267,16.88694839059702,16.710838551461055,16.838027954101562,9500,0.0,0.0,0.0
2020-09-18 00:00:00-04:00,16.857597817157668,16.857597817157668,16.63256938511122,16.710840225219727,7200,0.0,0.0,0.0
2020-09-21 00:00:00-04:00,16.290132557247432,16.290132557247432,15.957481044812743,16.074888229370117,29900,0.0,0.0,0.0
2020-09-22 00:00:00-04:00,16.06510433273939,16.231430090933436,15.977049409805842,16.016185760498047,28300,0.0,0.0,0.0
2020-09-23 00:00:00-04:00,16.025967642677927,16.143374826144388,15.585694903457403,15.595478057861328,15400,0.0,0.0,0.0
2020-09-24 00:00:00-04:00,15.56612638673115,15.791154795133263,15.390016548460338,15.60526180267334,24600,0.0,0.0,0.0
2020-09-25 00:00:00-04:00,15.526991222288183,15.771588742216144,15.4976398931216,15.732452392578125,23800,0.0,0.0,0.0
2020-09-28 00:00:00-04:00,15.85964210906507,16.14337505115823,15.85964210906507,16.045536041259766,26200,0.0,0.0,0.0
2020-09-29 00:00:00-04:00,16.06510344967148,16.06510344967148,15.800938695391462,15.986832618713379,26600,0.0,0.0,0.0
2020-09-30 00:00:00-04:00,16.045535275401,16.14337428062958,15.859641352079084,15.986832618713379,19900,0.0,0.0,0.0
2020-10-01 00:00:00-04:00,15.977050094689098,16.07488910948973,15.908563344165852,15.996618270874023,9900,0.0,0.0,0.0
2020-10-02 00:00:00-04:00,15.810724803927787,16.290133938104084,15.810724803927787,16.250999450683594,26100,0.0,0.0,0.0
2020-10-05 00:00:00-04:00,16.339053456272026,16.544513702392578,16.339053456272026,16.544513702392578,14200,0.0,0.0,0.0
2020-10-06 00:00:00-04:00,16.63256758706344,16.78910925035766,16.417323266564843,16.46624183654785,16200,0.0,0.0,0.0
2020-10-07 00:00:00-04:00,16.573866797792693,16.710840302081582,16.505380045648252,16.681488037109375,16200,0.0,0.0,0.0
2020-10-08 00:00:00-04:00,16.769540948974736,16.9554348725259,16.73040646650933,16.926082611083984,22500,0.0,0.0,0.0
2020-10-09 00:00:00-04:00,17.072843478263444,17.072843478263444,16.87716545122,16.88694953918457,9800,0.0,0.0,0.0
2020-10-12 00:00:00-04:00,16.92608364111096,17.072843091127677,16.88694915626405,17.00435447692871,11600,0.0,0.0,0.0
2020-10-13 00:00:00-04:00,16.965219148650988,16.965219148650988,16.79889339754171,16.867380142211914,7200,0.0,0.0,0.0
2020-10-14 00:00:00-04:00,16.926082873669547,16.955435135566823,16.828245732926312,16.838027954101562,8400,0.0,0.0,0.0
2020-10-15 00:00:00-04:00,16.632568850477682,16.89673362714914,16.603216586583976,16.88694953918457,16100,0.0,0.0,0.0
2020-10-16 00:00:00-04:00,16.886948506144297,16.94565116421667,16.808677673339844,16.808677673339844,16400,0.0,0.0,0.0
2020-10-19 00:00:00-04:00,16.857596701747365,16.955435711940325,16.64235237222198,16.66192054748535,22400,0.0,0.0,0.0
2020-10-20 00:00:00-04:00,16.759756088256836,16.9065155225687,16.759756088256836,16.759756088256836,13200,0.0,0.0,0.0
2020-10-21 00:00:00-04:00,16.769542888770097,16.838029640599533,16.710840225219727,16.710840225219727,11000,0.0,0.0,0.0
2020-10-22 00:00:00-04:00,16.808678923814664,17.03370735160288,16.779326659532902,17.01413917541504,17200,0.0,0.0,0.0
2020-10-23 00:00:00-04:00,17.07284343470261,17.170680581850736,17.004354819125375,17.10219383239746,23000,0.0,0.0,0.0
2020-10-26 00:00:00-04:00,16.83802956342426,16.84781365165848,16.632569308877653,16.740192413330078,6700,0.0,0.0,0.0
2020-10-27 00:00:00-04:00,16.661918538020554,16.710837104155395,16.466240541233844,16.476024627685547,7100,0.0,0.0,0.0
2020-10-28 00:00:00-04:00,16.143374354778786,16.231429273276575,15.94769634342285,15.957480430603027,21100,0.0,0.0,0.0
2020-10-29 00:00:00-04:00,15.967265548366193,16.202078057474644,15.83029205125058,16.143375396728516,12300,0.0,0.0,0.0
2020-10-30 00:00:00-04:00,16.16294234803806,16.16294234803806,15.95748025180409,16.12380599975586,12700,0.0,0.0,0.0
2020-11-02 00:00:00-05:00,16.319484333503368,16.48581008476325,16.29013207170792,16.4368896484375,23800,0.0,0.0,0.0
2020-11-03 00:00:00-05:00,16.730405807495117,16.818460722228544,16.710837633971302,16.730405807495117,36500,0.0,0.0,0.0
2020-11-04 00:00:00-05:00,16.573864408242382,16.92608220650738,16.573864408242382,16.642351150512695,4600,0.0,0.0,0.0
2020-11-05 00:00:00-05:00,16.78911086367038,17.092410132182334,16.78911086367038,16.98478889465332,16400,0.0,0.0,0.0
2020-11-06 00:00:00-05:00,17.07284231703208,17.121760887403696,16.838027954101562,16.838027954101562,9800,0.0,0.0,0.0
2020-11-09 00:00:00-05:00,17.552252385328785,18.051229668908874,17.552252385328785,17.777280807495117,66100,0.0,0.0,0.0
2020-11-10 00:00:00-05:00,17.92403793892313,18.18820270579537,17.914253851321504,18.139284133911133,15700,0.0,0.0,0.0
2020-11-11 00:00:00-05:00,18.080581784490956,18.129502228387185,17.98274276282262,18.051231384277344,20200,0.0,0.0,0.0
2020-11-12 00:00:00-05:00,17.904469677073386,17.992524598938,17.67944126169666,17.738143920898438,17200,0.0,0.0,0.0
2020-11-13 00:00:00-05:00,17.82619892903076,18.158850442990488,17.82619892903076,18.139284133911133,17600,0.0,0.0,0.0
2020-11-16 00:00:00-05:00,18.315392569923834,18.657828180039914,18.315392569923834,18.608909606933594,10400,0.0,0.0,0.0
2020-11-17 00:00:00-05:00,18.34474471864654,18.657828063264944,18.34474471864654,18.638259887695312,22900,0.0,0.0,0.0
2020-11-18 00:00:00-05:00,18.71652980146751,18.843721070277994,18.520853653786226,18.530637741088867,30500,0.0,0.0,0.0
2020-11-19 00:00:00-05:00,18.47193363674842,18.599124908447266,18.374096493747935,18.599124908447266,15400,0.0,0.0,0.0
2020-11-20 00:00:00-05:00,18.53063670315734,18.569771184052076,18.45236587524414,18.45236587524414,13600,0.0,0.0,0.0
2020-11-23 00:00:00-05:00,18.550203690147796,18.931775623062197,18.550203690147796,18.86328887939453,16900,0.0,0.0,0.0
2020-11-24 00:00:00-05:00,19.010046934025553,19.381832923094176,18.990478759305137,19.332914352416992,29300,0.0,0.0,0.0
2020-11-25 00:00:00-05:00,19.156802804463815,19.32312854251267,19.107884238147435,19.27420997619629,12500,0.0,0.0,0.0
2020-11-27 00:00:00-05:00,19.166587289759544,19.254642203860175,19.127450942993164,19.127450942993164,10200,0.0,0.0,0.0
2020-11-30 00:00:00-05:00,19.078533537580245,19.098101712155177,18.745882034301758,18.745882034301758,17400,0.0,0.0,0.0
2020-12-01 00:00:00-05:00,18.873075172799744,19.166590356008925,18.873075172799744,18.96112823486328,12700,0.0,0.0,0.0
2020-12-02 00:00:00-05:00,18.80458389358057,19.274210732822397,18.80458389358057,19.225290298461914,15400,0.0,0.0,0.0
2020-12-03 00:00:00-05:00,19.06874873322421,19.460102879387023,19.06874873322421,19.411184310913086,11500,0.0,0.0,0.0
2020-12-04 00:00:00-05:00,19.34269942802771,19.675350950775073,19.34269942802771,19.62643051147461,43300,0.0,0.0,0.0
2020-12-07 00:00:00-05:00,19.52859073486435,19.567727084773352,19.46010398864746,19.46010398864746,9100,0.0,0.0,0.0
2020-12-08 00:00:00-05:00,19.342699617982362,19.61664661625946,19.342699617982362,19.56772804260254,12100,0.0,0.0,0.0
2020-12-09 00:00:00-05:00,19.577510907664948,19.74383666028262,19.479671900338577,19.548158645629883,4700,0.0,0.0,0.0
2020-12-10 00:00:00-05:00,19.469889251641497,19.704701766900985,19.469889251641497,19.694917678833008,15500,0.0,0.0,0.0
2020-12-11 00:00:00-05:00,19.577512130558716,19.636214792171813,19.509025380989442,19.56772804260254,9800,0.0,0.0,0.0
2020-12-14 00:00:00-05:00,19.71448493354336,19.71448493354336,19.37204933166504,19.37204933166504,9900,0.0,0.0,0.0
2020-12-15 00:00:00-05:00,19.45031979531817,19.71448455739471,19.45031979531817,19.704700469970703,35600,0.0,0.0,0.0
2020-12-16 00:00:00-05:00,19.71448482241973,19.71448482241973,19.587295416445567,19.61664581298828,11200,0.0,0.0,0.0
2020-12-17 00:00:00-05:00,19.694916993002494,19.71448516845703,19.606863935704922,19.71448516845703,14400,0.0,0.0,0.0
2020-12-18 00:00:00-05:00,19.72426991252099,19.72426991252099,19.50902557373047,19.50902557373047,7400,0.0,0.0,0.0
2020-12-21 00:00:00-05:00,19.178195383208237,19.50408637128316,19.178195383208237,19.48433494567871,15000,0.185,0.0,0.0
2020-12-22 00:00:00-05:00,19.47445847033504,19.55346228605974,19.43495750427246,19.43495750427246,12700,0.0,0.0,0.0
2020-12-23 00:00:00-05:00,19.454708730587683,19.68184446302857,19.454708730587683,19.64234161376953,27900,0.0,0.0,0.0
2020-12-24 00:00:00-05:00,19.652218180658394,19.652218180658394,19.55346293681597,19.62259292602539,10300,0.0,0.0,0.0
2020-12-28 00:00:00-05:00,19.701595662000933,19.750972339409657,19.573213286979048,19.602840423583984,22500,0.0,0.0,0.0
2020-12-29 00:00:00-05:00,19.67196913369786,19.741097237647473,19.504085788277568,19.543588638305664,13100,0.0,0.0,0.0
2020-12-30 00:00:00-05:00,19.652218111686242,19.72134621705344,19.612717144447668,19.691720962524414,83400,0.0,0.0,0.0
2020-12-31 00:00:00-05:00,19.662092618720525,19.829975957288987,19.592964517592243,19.810224533081055,35300,0.0,0.0,0.0
2021-01-04 00:00:00-05:00,19.948482267443893,19.948482267443893,19.484333224733216,19.59296417236328,29600,0.0,0.0,0.0
2021-01-05 00:00:00-05:00,19.681843220006872,19.948481784867038,19.671967508315824,19.829975128173828,117600,0.0,0.0,0.0
2021-01-06 00:00:00-05:00,19.968232204466513,20.47188222130492,19.968232204466513,20.373126983642578,67700,0.0,0.0,0.0
2021-01-07 00:00:00-05:00,20.501510373044166,20.541011339905737,20.44225798095201,20.462007522583008,16400,0.0,0.0,0.0
2021-01-08 00:00:00-05:00,20.471881640053237,20.471881640053237,20.25462163024427,20.43238067626953,21200,0.0,0.0,0.0
2021-01-11 00:00:00-05:00,20.244746388756393,20.55088592869071,20.244746388756393,20.511384963989258,34300,0.0,0.0,0.0
2021-01-12 00:00:00-05:00,20.52126073137454,20.787897423726577,20.52126073137454,20.758272171020508,15600,0.0,0.0,0.0
2021-01-13 00:00:00-05:00,20.778025433589722,20.916281648049083,20.778025433589722,20.827402114868164,16400,0.0,0.0,0.0
2021-01-14 00:00:00-05:00,20.896528651932957,21.133540094739818,20.87677722746584,21.044660568237305,14600,0.0,0.0,0.0
2021-01-15 00:00:00-05:00,20.837277757313682,20.936033003135954,20.758273937375797,20.896530151367188,8300,0.0,0.0,0.0
2021-01-19 00:00:00-05:00,20.965658258362883,20.975533971305072,20.857029183198065,20.896530151367188,23800,0.0,0.0,0.0
2021-01-20 00:00:00-05:00,20.916279065870565,20.97553145280974,20.906403354114136,20.955780029296875,15700,0.0,0.0,0.0
2021-01-21 00:00:00-05:00,20.94590581973339,20.94590581973339,20.758272933702834,20.807649612426758,16000,0.0,0.0,0.0
2021-01-22 00:00:00-05:00,20.639767554998247,20.86690330505371,20.639767554998247,20.86690330505371,11300,0.0,0.0,0.0
2021-01-25 00:00:00-05:00,20.778025433589722,20.945906903376287,20.699019729784773,20.827402114868164,10100,0.0,0.0,0.0
2021-01-26 00:00:00-05:00,20.83727681729492,20.886653496178734,20.72864586343106,20.738521575927734,19000,0.0,0.0,0.0
2021-01-27 00:00:00-05:00,20.49163281238238,20.6595161445025,20.27437280523845,20.39287757873535,17900,0.0,0.0,0.0
2021-01-28 00:00:00-05:00,20.432381910842118,20.62989050889345,20.432381910842118,20.560762405395508,7600,0.0,0.0,0.0
2021-01-29 00:00:00-05:00,20.5508875566734,20.5508875566734,20.215120853914904,20.22499656677246,7200,0.0,0.0,0.0
2021-02-01 00:00:00-05:00,20.363252802148967,20.52126042623009,20.333625666283957,20.471881866455078,7500,0.0,0.0,0.0
2021-02-02 00:00:00-05:00,20.570637984671258,20.79777371857969,20.570637984671258,20.699018478393555,9100,0.0,0.0,0.0
2021-02-03 00:00:00-05:00,20.669393405120125,20.866902003615376,20.669393405120125,20.807649612426758,5500,0.0,0.0,0.0
2021-02-04 00:00:00-05:00,20.837276573610268,21.084163732341196,20.837276573610268,21.01503562927246,20400,0.0,0.0,0.0
2021-02-05 00:00:00-05:00,21.094039602191867,21.173043418231558,21.094039602191867,21.12366485595703,10000,0.0,0.0,0.0
2021-02-08 00:00:00-05:00,21.202669565775672,21.380428630258127,21.202669565775672,21.35080337524414,13600,0.0,0.0,0.0
2021-02-09 00:00:00-05:00,21.350803305470258,21.459432379499273,21.311300454114527,21.419931411743164,8700,0.0,0.0,0.0
2021-02-10 00:00:00-05:00,21.479182054508524,21.53843444311311,21.360675393699882,21.5285587310791,21500,0.0,0.0,0.0
2021-02-11 00:00:00-05:00,21.57793927362462,21.57793927362462,21.350803526773745,21.45943260192871,6400,0.0,0.0,0.0
2021-02-12 00:00:00-05:00,21.498934800881486,21.587814331054688,21.498934800881486,21.587814331054688,16300,0.0,0.0,0.0
2021-02-16 00:00:00-05:00,21.58781372574547,21.72606993164957,21.58781372574547,21.647066116333008,25000,0.0,0.0,0.0
2021-02-17 00:00:00-05:00,21.61743920285144,21.686567306518555,21.55818681165099,21.686567306518555,7500,0.0,0.0,0.0
2021-02-18 00:00:00-05:00,21.60756340039122,21.60756340039122,21.459431481207282,21.50881004333496,5300,0.0,0.0,0.0
2021-02-19 00:00:00-05:00,21.607563490384774,21.69644301898522,21.59768966151766,21.686567306518555,6400,0.0,0.0,0.0
2021-02-22 00:00:00-05:00,21.686566413171168,21.92357973540864,21.666816872650944,21.77544593811035,6100,0.0,0.0,0.0
2021-02-23 00:00:00-05:00,21.735946516815737,21.943330833999354,21.51868648687105,21.874202728271484,33600,0.0,0.0,0.0
2021-02-24 00:00:00-05:00,21.87420188043089,22.259347128785972,21.87420188043089,22.20996856689453,28600,0.0,0.0,0.0
2021-02-25 00:00:00-05:00,22.20009470546494,22.27909852747871,21.716196060180664,21.716196060180664,6200,0.0,0.0,0.0
2021-02-26 00:00:00-05:00,21.686566356424308,21.726069204560346,21.439679206372485,21.5285587310791,6300,0.0,0.0,0.0
2021-03-01 00:00:00-05:00,21.76557216532658,22.18034077130445,21.76557216532658,22.0223331451416,35800,0.0,0.0,0.0
2021-03-02 00:00:00-05:00,22.081587667069105,22.160591481042896,22.051960530479118,22.06183624267578,7000,0.0,0.0,0.0
2021-03-03 00:00:00-05:00,22.032208816587872,22.36797549246447,22.032208816587872,22.091463088989258,15300,0.0,0.0,0.0
2021-03-04 00:00:00-05:00,22.091465114001714,22.34822611687911,21.7853236626639,21.95320701599121,18400,0.0,0.0,0.0
2021-03-05 00:00:00-05:00,22.26922060082669,22.397602976088294,21.86432581780071,22.30872344970703,3900,0.0,0.0,0.0
2021-03-08 00:00:00-05:00,22.456854817551815,22.77287006648139,22.456854817551815,22.6148624420166,10200,0.0,0.0,0.0
2021-03-09 00:00:00-05:00,22.693866795138327,22.802497745896794,22.575362015765005,22.624738693237305,5200,0.0,0.0,0.0
2021-03-10 00:00:00-05:00,22.62473949908961,22.9802576170715,22.58523853242472,22.921003341674805,12300,0.0,0.0,0.0
2021-03-11 00:00:00-05:00,22.89137857977971,23.118514322885467,22.89137857977971,23.000009536743164,13500,0.0,0.0,0.0
2021-03-12 00:00:00-05:00,23.128387677870066,23.167888641357422,23.08888483078329,23.167888641357422,8700,0.0,0.0,0.0
2021-03-15 00:00:00-04:00,23.237021718747236,23.365402221679688,23.118515045302175,23.365402221679688,17800,0.0,0.0,0.0
2021-03-16 00:00:00-04:00,23.404902752959348,23.404902752959348,23.09876132841957,23.217267990112305,11200,0.0,0.0,0.0
2021-03-17 00:00:00-04:00,23.059261121241644,23.266645431518555,23.019758271512966,23.266645431518555,5800,0.0,0.0,0.0
2021-03-18 00:00:00-04:00,23.227145504333684,23.40490456886475,22.921004056041454,23.03951072692871,36700,0.0,0.0,0.0
2021-03-19 00:00:00-04:00,22.960505070997076,23.148139833393724,22.950629358913098,22.970380783081055,14000,0.0,0.0,0.0
2021-03-22 00:00:00-04:00,23.05175272325774,23.05175272325774,22.803671005893243,22.892980575561523,7900,0.112,0.0,0.0
2021-03-23 00:00:00-04:00,22.863210756518225,22.863210756518225,22.416662932088883,22.4762020111084,8900,0.0,0.0,0.0
2021-03-24 00:00:00-04:00,22.70443744587225,22.773901915100453,22.496049716327416,22.535741806030273,9400,0.0,0.0,0.0
2021-03-25 00:00:00-04:00,22.317431376504953,22.892980893064347,22.317431376504953,22.813594818115234,6100,0.0,0.0,0.0
2021-03-26 00:00:00-04:00,22.883056738427086,23.121214956419138,22.873133242754925,23.101369857788086,8300,0.0,0.0,0.0
2021-03-29 00:00:00-04:00,23.071599246404023,23.121214831784105,22.892980110694516,23.012060165405273,6600,0.0,0.0,0.0
2021-03-30 00:00:00-04:00,22.982289365247528,23.12121451658849,22.982289365247528,23.091445922851562,5600,0.0,0.0,0.0
2021-03-31 00:00:00-04:00,23.180755639861754,23.180755639861754,23.03190509935858,23.0517520904541,9400,0.0,0.0,0.0
2021-04-01 00:00:00-04:00,23.021983908268354,23.1906795501709,23.021983908268354,23.1906795501709,12800,0.0,0.0,0.0
2021-04-05 00:00:00-04:00,23.270065143297007,23.319680728186576,23.190679071845754,23.309757232666016,10800,0.0,0.0,0.0
2021-04-06 00:00:00-04:00,23.170833104062673,23.34945224589439,23.170833104062673,23.2899112701416,13000,0.0,0.0,0.0
2021-04-07 00:00:00-04:00,23.418914672875193,23.418914672875193,23.27006601988608,23.329605102539062,9700,0.0,0.0,0.0
2021-04-08 00:00:00-04:00,23.418914506707747,23.418914506707747,23.18075628507234,23.36929702758789,19400,0.0,0.0,0.0
2021-04-09 00:00:00-04:00,23.349452094327827,23.389144185192045,23.299834614855918,23.329605102539062,18400,0.0,0.0,0.0
2021-04-12 00:00:00-04:00,23.349451190566963,23.468529351263903,23.349451190566963,23.43876075744629,10300,0.0,0.0,0.0
2021-04-13 00:00:00-04:00,23.319681879175615,23.38914445853477,23.319681879175615,23.379220962524414,4300,0.0,0.0,0.0
2021-04-14 00:00:00-04:00,23.468530187099738,23.666996318947366,23.468530187099738,23.587610244750977,20600,0.0,0.0,0.0
2021-04-15 00:00:00-04:00,23.686842389544992,23.69676399230957,23.547915345568903,23.69676399230957,12700,0.0,0.0,0.0
2021-04-16 00:00:00-04:00,23.726534918569623,23.776150504165173,23.69676443158433,23.706687927246094,6500,0.0,0.0,0.0
2021-04-19 00:00:00-04:00,23.76622906679298,23.76622906679298,23.666996002197266,23.666996002197266,10500,0.0,0.0,0.0
2021-04-20 00:00:00-04:00,23.72653483432859,23.72653483432859,23.379220058253065,23.48837661743164,18900,0.0,0.0,0.0
2021-04-21 00:00:00-04:00,23.607457193308008,23.776150944542703,23.597533697462442,23.716611862182617,16900,0.0,0.0,0.0
2021-04-22 00:00:00-04:00,23.696765065837432,23.736459049546912,23.547916412353516,23.547916412353516,10800,0.0,0.0,0.0
2021-04-23 00:00:00-04:00,23.686842514815964,23.845614657874126,23.666995523755382,23.786073684692383,6600,0.0,0.0,0.0
2021-04-26 00:00:00-04:00,23.80592111534244,23.92500117119156,23.795997619628906,23.795997619628906,13400,0.0,0.0,0.0
2021-04-27 00:00:00-04:00,23.80592036245374,23.865459442138672,23.80592036245374,23.865459442138672,8600,0.0,0.0,0.0
2021-04-28 00:00:00-04:00,23.915076896509742,23.994462966918945,23.915076896509742,23.994462966918945,12200,0.0,0.0,0.0
2021-04-29 00:00:00-04:00,24.03415636030882,24.143312922813806,23.91507819458822,24.024232864379883,13500,0.0,0.0,0.0
2021-04-30 00:00:00-04:00,23.845614947677262,23.964693110061454,23.835691452026367,23.835691452026367,3600,0.0,0.0,0.0
2021-05-03 00:00:00-04:00,24.02423298566471,24.153236540678833,23.994464390440935,24.113542556762695,14600,0.0,0.0,0.0
2021-05-04 00:00:00-04:00,24.024231523313865,24.133388079725577,23.925000354990356,24.123464584350586,14400,0.0,0.0,0.0
2021-05-05 00:00:00-04:00,24.212775305906447,24.272314388285533,24.173083215224825,24.192928314208984,10500,0.0,0.0,0.0
2021-05-06 00:00:00-04:00,24.292161744821993,24.460857391357422,24.252469653544242,24.460857391357422,6800,0.0,0.0,0.0
2021-05-07 00:00:00-04:00,24.35170284094572,24.579937571880414,24.35170284094572,24.550167083740234,14800,0.0,0.0,0.0
2021-05-10 00:00:00-04:00,24.65932185942871,24.857786087832064,24.60970438279297,24.639474868774414,14300,0.0,0.0,0.0
2021-05-11 00:00:00-04:00,24.39139485730946,24.490627924757817,24.192928722412752,24.33185577392578,18300,0.0,0.0,0.0
2021-05-12 00:00:00-04:00,24.30208511722093,24.411241679927908,23.895231246948242,23.895231246948242,9400,0.0,0.0,0.0
2021-05-13 00:00:00-04:00,24.06392650365579,24.262392633967135,24.0341560162951,24.232622146606445,10200,0.0,0.0,0.0
2021-05-14 00:00:00-04:00,24.351701533334662,24.56008926098613,24.351701533334662,24.520395278930664,3800,0.0,0.0,0.0
2021-05-17 00:00:00-04:00,24.520396278796174,24.629552841186523,24.510474675590974,24.629552841186523,2100,0.0,0.0,0.0
2021-05-18 00:00:00-04:00,24.708938960278694,24.708938960278694,24.490627727818513,24.500551223754883,4000,0.0,0.0,0.0
2021-05-19 00:00:00-04:00,24.232622585576312,24.321932156562912,23.944846880683183,24.24254608154297,10400,0.0,0.0,0.0
2021-05-20 00:00:00-04:00,24.312007589974982,24.441009246434085,24.21277452739162,24.391393661499023,6500,0.0,0.0,0.0
2021-05-21 00:00:00-04:00,24.441009686555702,24.589860229467796,24.401317596435547,24.401317596435547,6600,0.0,0.0,0.0
2021-05-24 00:00:00-04:00,24.599783849448453,24.599783849448453,24.460856801542892,24.49062728881836,7600,0.0,0.0,0.0
2021-05-25 00:00:00-04:00,24.50055085471277,24.510474350499667,24.232622146606445,24.232622146606445,6100,0.0,0.0,0.0
2021-05-26 00:00:00-04:00,24.292161624100295,24.401318186819974,24.292161624100295,24.37154769897461,2900,0.0,0.0,0.0
2021-05-27 00:00:00-04:00,24.560088835338984,24.560088835338984,24.431087181320915,24.510473251342773,1400,0.0,0.0,0.0
2021-05-28 00:00:00-04:00,24.490626685102306,24.520395278930664,24.450932703046842,24.520395278930664,5000,0.0,0.0,0.0
2021-06-01 00:00:00-04:00,24.599783780496725,24.808171512701037,24.599783780496725,24.748632431030273,12100,0.0,0.0,0.0
2021-06-02 00:00:00-04:00,24.708939007687192,24.897481645413336,24.708939007687192,24.84786605834961,6000,0.0,0.0,0.0
2021-06-03 00:00:00-04:00,24.68909039502937,24.897480010986328,24.68909039502937,24.897480010986328,17800,0.0,0.0,0.0
2021-06-04 00:00:00-04:00,24.91732803131817,24.91732803131817,24.649399325178273,24.877634048461914,16700,0.0,0.0,0.0
2021-06-07 00:00:00-04:00,24.91732803131817,24.91732803131817,24.788324479748614,24.877634048461914,10800,0.0,0.0,0.0
2021-06-08 00:00:00-04:00,24.966943151718482,25.046329223237727,24.738708432689805,24.996713638305664,9400,0.0,0.0,0.0
2021-06-09 00:00:00-04:00,24.95702083537966,24.986791323373463,24.93717384338379,24.93717384338379,1600,0.0,0.0,0.0
2021-06-10 00:00:00-04:00,24.957020728432475,25.04633029931784,24.8379425623942,24.84786605834961,7300,0.0,0.0,0.0
2021-06-11 00:00:00-04:00,24.847865427413808,25.016559176232345,24.847865427413808,25.006637573242188,9000,0.0,0.0,0.0
2021-06-14 00:00:00-04:00,24.966942861799335,25.04632893239674,24.83794120684601,24.94709587097168,2700,0.0,0.0,0.0
2021-06-15 00:00:00-04:00,24.877633459485477,24.937172539646998,24.808170883844827,24.90740394592285,5900,0.0,0.0,0.0
2021-06-16 00:00:00-04:00,24.8478645759387,24.976866230236208,24.768476613031666,24.857786178588867,5200,0.0,0.0,0.0
2021-06-17 00:00:00-04:00,24.80817222642188,24.86771130980556,24.282238293844937,24.33185577392578,8100,0.0,0.0,0.0
2021-06-18 00:00:00-04:00,24.024232316006874,24.073849794519,23.86546017019463,23.92500114440918,10200,0.0,0.0,0.0
2021-06-21 00:00:00-04:00,24.010000228881836,24.3799991607666,24.010000228881836,24.360000610351562,12900,0.185,0.0,0.0
2021-06-22 00:00:00-04:00,24.360000610351562,24.360000610351562,24.209999084472656,24.309999465942383,9700,0.0,0.0,0.0
2021-06-23 00:00:00-04:00,24.440000534057617,24.440000534057617,24.270000457763672,24.270000457763672,7100,0.0,0.0,0.0
2021-06-24 00:00:00-04:00,24.299999237060547,24.440000534057617,24.299999237060547,24.43000030517578,11700,0.0,0.0,0.0
2021-06-25 00:00:00-04:00,24.56999969482422,24.600000381469727,24.479999542236328,24.56999969482422,8100,0.0,0.0,0.0
2021-06-28 00:00:00-04:00,24.360000610351562,24.360000610351562,24.239999771118164,24.350000381469727,4300,0.0,0.0,0.0
2021-06-29 00:00:00-04:00,24.3700008392334,24.43000030517578,24.31999969482422,24.31999969482422,4200,0.0,0.0,0.0
2021-06-30 00:00:00-04:00,24.34000015258789,24.450000762939453,24.31999969482422,24.450000762939453,11600,0.0,0.0,0.0
2021-07-01 00:00:00-04:00,24.450000762939453,24.639999389648438,24.450000762939453,24.59000015258789,10500,0.0,0.0,0.0
2021-07-02 00:00:00-04:00,24.610000610351562,24.610000610351562,24.510000228881836,24.579999923706055,4600,0.0,0.0,0.0
2021-07-06 00:00:00-04:00,24.079999923706055,24.229999542236328,24.059999465942383,24.229999542236328,2900,0.0,0.0,0.0
2021-07-07 00:00:00-04:00,24.15999984741211,24.25,24.059999465942383,24.1200008392334,8400,0.0,0.0,0.0
2021-07-08 00:00:00-04:00,24.0,24.0,23.670000076293945,23.809999465942383,13900,0.0,0.0,0.0
2021-07-09 00:00:00-04:00,23.959999084472656,24.299999237060547,23.959999084472656,24.260000228881836,15500,0.0,0.0,0.0
2021-07-12 00:00:00-04:00,24.25,24.3799991607666,24.079999923706055,24.309999465942383,15100,0.0,0.0,0.0
2021-07-13 00:00:00-04:00,24.239999771118164,24.31999969482422,24.0,24.0,9500,0.0,0.0,0.0
2021-07-14 00:00:00-04:00,24.010000228881836,24.15999984741211,23.979999542236328,23.979999542236328,3100,0.0,0.0,0.0
2021-07-15 00:00:00-04:00,23.979999542236328,24.059999465942383,23.850000381469727,23.93000030517578,12300,0.0,0.0,0.0
2021-07-16 00:00:00-04:00,24.020000457763672,24.030000686645508,23.6200008392334,23.6299991607666,4200,0.0,0.0,0.0
2021-07-19 00:00:00-04:00,23.389999389648438,23.389999389648438,22.959999084472656,23.059999465942383,7900,0.0,0.0,0.0
2021-07-20 00:00:00-04:00,23.06999969482422,23.670000076293945,23.06999969482422,23.559999465942383,7600,0.0,0.0,0.0
2021-07-21 00:00:00-04:00,23.93000030517578,24.0,23.8700008392334,23.889999389648438,8000,0.0,0.0,0.0
2021-07-22 00:00:00-04:00,23.829999923706055,23.829999923706055,23.6299991607666,23.700000762939453,13000,0.0,0.0,0.0
2021-07-23 00:00:00-04:00,23.81999969482422,23.84000015258789,23.649999618530273,23.84000015258789,24900,0.0,0.0,0.0
2021-07-26 00:00:00-04:00,23.809999465942383,23.969999313354492,23.809999465942383,23.93000030517578,7300,0.0,0.0,0.0
2021-07-27 00:00:00-04:00,23.8799991607666,23.90999984741211,23.84000015258789,23.860000610351562,3300,0.0,0.0,0.0
2021-07-28 00:00:00-04:00,23.950000762939453,24.06999969482422,23.780000686645508,24.010000228881836,7600,0.0,0.0,0.0
2021-07-29 00:00:00-04:00,24.049999237060547,24.239999771118164,24.049999237060547,24.18000030517578,2700,0.0,0.0,0.0
2021-07-30 00:00:00-04:00,24.079999923706055,24.200000762939453,23.989999771118164,24.100000381469727,4100,0.0,0.0,0.0
2021-08-02 00:00:00-04:00,24.0,24.290000915527344,23.8700008392334,23.8799991607666,13900,0.0,0.0,0.0
2021-08-03 00:00:00-04:00,23.889999389648438,24.059999465942383,23.739999771118164,24.030000686645508,6600,0.0,0.0,0.0
2021-08-04 00:00:00-04:00,23.950000762939453,23.950000762939453,23.739999771118164,23.739999771118164,7600,0.0,0.0,0.0
2021-08-05 00:00:00-04:00,23.8700008392334,24.0,23.860000610351562,23.989999771118164,3700,0.0,0.0,0.0
2021-08-06 00:00:00-04:00,24.18000030517578,24.219999313354492,24.170000076293945,24.190000534057617,3400,0.0,0.0,0.0
2021-08-09 00:00:00-04:00,24.110000610351562,24.209999084472656,24.020000457763672,24.1200008392334,7000,0.0,0.0,0.0
2021-08-10 00:00:00-04:00,24.149999618530273,24.31999969482422,24.149999618530273,24.25,3900,0.0,0.0,0.0
2021-08-11 00:00:00-04:00,24.260000228881836,24.459999084472656,24.260000228881836,24.459999084472656,6000,0.0,0.0,0.0
2021-08-12 00:00:00-04:00,24.440000534057617,24.510000228881836,24.34000015258789,24.5,5200,0.0,0.0,0.0
2021-08-13 00:00:00-04:00,24.5,24.5,24.350000381469727,24.360000610351562,12000,0.0,0.0,0.0
2021-08-16 00:00:00-04:00,24.15999984741211,24.299999237060547,24.110000610351562,24.229999542236328,6900,0.0,0.0,0.0
2021-08-17 00:00:00-04:00,24.049999237060547,24.139999389648438,23.899999618530273,24.049999237060547,4800,0.0,0.0,0.0
2021-08-18 00:00:00-04:00,23.979999542236328,24.100000381469727,23.860000610351562,23.889999389648438,2100,0.0,0.0,0.0
2021-08-19 00:00:00-04:00,23.719999313354492,23.739999771118164,23.530000686645508,23.56999969482422,4100,0.0,0.0,0.0
2021-08-20 00:00:00-04:00,23.469999313354492,23.770000457763672,23.469999313354492,23.729999542236328,4300,0.0,0.0,0.0
2021-08-23 00:00:00-04:00,23.979999542236328,24.020000457763672,23.959999084472656,23.989999771118164,9300,0.0,0.0,0.0
2021-08-24 00:00:00-04:00,24.1200008392334,24.170000076293945,24.059999465942383,24.149999618530273,5000,0.0,0.0,0.0
2021-08-25 00:00:00-04:00,24.200000762939453,24.40999984741211,24.200000762939453,24.290000915527344,9900,0.0,0.0,0.0
2021-08-26 00:00:00-04:00,24.260000228881836,24.260000228881836,24.010000228881836,24.040000915527344,6300,0.0,0.0,0.0
2021-08-27 00:00:00-04:00,23.979999542236328,24.3799991607666,23.979999542236328,24.3700008392334,2400,0.0,0.0,0.0
2021-08-30 00:00:00-04:00,24.549999237060547,24.549999237060547,24.239999771118164,24.25,7600,0.0,0.0,0.0
2021-08-31 00:00:00-04:00,24.31999969482422,24.389999389648438,24.280000686645508,24.31999969482422,7600,0.0,0.0,0.0
2021-09-01 00:00:00-04:00,24.31999969482422,24.3799991607666,24.31999969482422,24.360000610351562,2300,0.0,0.0,0.0
2021-09-02 00:00:00-04:00,24.469999313354492,24.559999465942383,24.459999084472656,24.459999084472656,9200,0.0,0.0,0.0
2021-09-03 00:00:00-04:00,24.479999542236328,24.479999542236328,24.360000610351562,24.43000030517578,7800,0.0,0.0,0.0
2021-09-07 00:00:00-04:00,24.520000457763672,24.520000457763672,24.260000228881836,24.260000228881836,3500,0.0,0.0,0.0
2021-09-08 00:00:00-04:00,24.25,24.260000228881836,24.079999923706055,24.079999923706055,8100,0.0,0.0,0.0
2021-09-09 00:00:00-04:00,24.010000228881836,24.219999313354492,24.010000228881836,24.110000610351562,13000,0.0,0.0,0.0
2021-09-10 00:00:00-04:00,24.25,24.25,23.950000762939453,23.959999084472656,5500,0.0,0.0,0.0
2021-09-13 00:00:00-04:00,23.989999771118164,24.219999313354492,23.989999771118164,24.170000076293945,4500,0.0,0.0,0.0
2021-09-14 00:00:00-04:00,24.350000381469727,24.350000381469727,23.93000030517578,23.979999542236328,8200,0.0,0.0,0.0
2021-09-15 00:00:00-04:00,24.18000030517578,24.209999084472656,24.049999237060547,24.209999084472656,3200,0.0,0.0,0.0
2021-09-16 00:00:00-04:00,24.18000030517578,24.25,24.079999923706055,24.170000076293945,52400,0.0,0.0,0.0
2021-09-17 00:00:00-04:00,24.06999969482422,24.06999969482422,23.940000534057617,23.969999313354492,45500,0.0,0.0,0.0
2021-09-20 00:00:00-04:00,23.440000534057617,23.440000534057617,22.979999542236328,23.219999313354492,6100,0.0,0.0,0.0
2021-09-21 00:00:00-04:00,23.309999465942383,23.309999465942383,23.1299991607666,23.260000228881836,1800,0.0,0.0,0.0
2021-09-22 00:00:00-04:00,23.450000762939453,23.65999984741211,23.450000762939453,23.549999237060547,3700,0.0,0.0,0.0
2021-09-23 00:00:00-04:00,23.65999984741211,23.940000534057617,23.610000610351562,23.809999465942383,3600,0.0,0.0,0.0
2021-09-24 00:00:00-04:00,23.729999542236328,23.809999465942383,23.719999313354492,23.760000228881836,2400,0.0,0.0,0.0
2021-09-27 00:00:00-04:00,23.81999969482422,24.06999969482422,23.81999969482422,24.020000457763672,2300,0.0,0.0,0.0
2021-09-28 00:00:00-04:00,24.020000457763672,24.020000457763672,23.739999771118164,23.739999771118164,11500,0.0,0.0,0.0
2021-09-29 00:00:00-04:00,23.760000228881836,23.850000381469727,23.739999771118164,23.780000686645508,6900,0.0,0.0,0.0
2021-09-30 00:00:00-04:00,24.190000534057617,24.190000534057617,23.739999771118164,23.780000686645508,12000,0.0,0.0,0.0
2021-10-01 00:00:00-04:00,23.920000076293945,24.079999923706055,23.770000457763672,24.010000228881836,6900,0.0,0.0,0.0
2021-10-04 00:00:00-04:00,24.059999465942383,24.200000762939453,23.979999542236328,24.020000457763672,4900,0.0,0.0,0.0
2021-10-05 00:00:00-04:00,24.100000381469727,24.15999984741211,24.059999465942383,24.110000610351562,2000,0.0,0.0,0.0
2021-10-06 00:00:00-04:00,23.979999542236328,24.059999465942383,23.770000457763672,24.040000915527344,6400,0.0,0.0,0.0
2021-10-07 00:00:00-04:00,24.25,24.350000381469727,24.25,24.25,1800,0.0,0.0,0.0
2021-10-08 00:00:00-04:00,24.329999923706055,24.329999923706055,24.280000686645508,24.290000915527344,2400,0.0,0.0,0.0
2021-10-11 00:00:00-04:00,24.43000030517578,24.479999542236328,24.280000686645508,24.280000686645508,6500,0.0,0.0,0.0
2021-10-12 00:00:00-04:00,24.270000457763672,24.299999237060547,24.260000228881836,24.299999237060547,1900,0.0,0.0,0.0
2021-10-13 00:00:00-04:00,24.389999389648438,24.389999389648438,24.1299991607666,24.3799991607666,1700,0.0,0.0,0.0
2021-10-14 00:00:00-04:00,24.670000076293945,24.670000076293945,24.559999465942383,24.6299991607666,8000,0.0,0.0,0.0
2021-10-15 00:00:00-04:00,24.739999771118164,24.780000686645508,24.68000030517578,24.68000030517578,9100,0.0,0.0,0.0
2021-10-18 00:00:00-04:00,24.65999984741211,24.739999771118164,24.600000381469727,24.639999389648438,9400,0.0,0.0,0.0
2021-10-19 00:00:00-04:00,24.6299991607666,24.709999084472656,24.600000381469727,24.700000762939453,13700,0.0,0.0,0.0
2021-10-20 00:00:00-04:00,24.6299991607666,24.90999984741211,24.6299991607666,24.889999389648438,6600,0.0,0.0,0.0
2021-10-21 00:00:00-04:00,24.809999465942383,24.860000610351562,24.649999618530273,24.700000762939453,4000,0.0,0.0,0.0
2021-10-22 00:00:00-04:00,24.549999237060547,24.829999923706055,24.549999237060547,24.700000762939453,10200,0.0,0.0,0.0
2021-10-25 00:00:00-04:00,24.780000686645508,24.920000076293945,24.780000686645508,24.8700008392334,2300,0.0,0.0,0.0
2021-10-26 00:00:00-04:00,25.049999237060547,25.049999237060547,24.739999771118164,24.780000686645508,6000,0.0,0.0,0.0
2021-10-27 00:00:00-04:00,24.68000030517578,24.709999084472656,24.450000762939453,24.450000762939453,2200,0.0,0.0,0.0
2021-10-28 00:00:00-04:00,24.540000915527344,24.600000381469727,24.489999771118164,24.600000381469727,1500,0.0,0.0,0.0
2021-10-29 00:00:00-04:00,24.530000686645508,24.559999465942383,24.34000015258789,24.3799991607666,5900,0.0,0.0,0.0
2021-11-01 00:00:00-04:00,24.579999923706055,24.770000457763672,24.520000457763672,24.760000228881836,13500,0.0,0.0,0.0
2021-11-02 00:00:00-04:00,24.690000534057617,24.690000534057617,24.559999465942383,24.639999389648438,6400,0.0,0.0,0.0
2021-11-03 00:00:00-04:00,24.6299991607666,24.920000076293945,24.6299991607666,24.920000076293945,1300,0.0,0.0,0.0
2021-11-04 00:00:00-04:00,25.0,25.0,24.530000686645508,24.649999618530273,8600,0.0,0.0,0.0
2021-11-05 00:00:00-04:00,24.850000381469727,24.860000610351562,24.770000457763672,24.829999923706055,1800,0.0,0.0,0.0
2021-11-08 00:00:00-05:00,24.84000015258789,24.93000030517578,24.809999465942383,24.889999389648438,3000,0.0,0.0,0.0
2021-11-09 00:00:00-05:00,24.850000381469727,24.899999618530273,24.760000228881836,24.889999389648438,4400,0.0,0.0,0.0
2021-11-10 00:00:00-05:00,24.940000534057617,24.969999313354492,24.770000457763672,24.81999969482422,7600,0.0,0.0,0.0
2021-11-11 00:00:00-05:00,24.8799991607666,24.979999542236328,24.860000610351562,24.969999313354492,3600,0.0,0.0,0.0
2021-11-12 00:00:00-05:00,24.940000534057617,25.0,24.90999984741211,24.979999542236328,4400,0.0,0.0,0.0
2021-11-15 00:00:00-05:00,24.989999771118164,25.030000686645508,24.950000762939453,24.959999084472656,6100,0.0,0.0,0.0
2021-11-16 00:00:00-05:00,24.989999771118164,24.989999771118164,24.860000610351562,24.860000610351562,6800,0.0,0.0,0.0
2021-11-17 00:00:00-05:00,24.739999771118164,24.739999771118164,24.610000610351562,24.6200008392334,1200,0.0,0.0,0.0
2021-11-18 00:00:00-05:00,24.520000457763672,24.610000610351562,24.510000228881836,24.540000915527344,8900,0.0,0.0,0.0
2021-11-19 00:00:00-05:00,24.34000015258789,24.43000030517578,24.299999237060547,24.329999923706055,1900,0.0,0.0,0.0
2021-11-22 00:00:00-05:00,24.469999313354492,24.600000381469727,24.469999313354492,24.510000228881836,4000,0.0,0.0,0.0
2021-11-23 00:00:00-05:00,24.530000686645508,24.559999465942383,24.440000534057617,24.510000228881836,3100,0.0,0.0,0.0
2021-11-24 00:00:00-05:00,24.309999465942383,24.610000610351562,24.309999465942383,24.559999465942383,12500,0.0,0.0,0.0
2021-11-26 00:00:00-05:00,24.020000457763672,24.139999389648438,23.739999771118164,24.139999389648438,16100,0.0,0.0,0.0
2021-11-29 00:00:00-05:00,23.920000076293945,24.06999969482422,23.829999923706055,23.899999618530273,7800,0.0,0.0,0.0
2021-11-30 00:00:00-05:00,23.68000030517578,23.68000030517578,23.350000381469727,23.350000381469727,6200,0.0,0.0,0.0
2021-12-01 00:00:00-05:00,23.8799991607666,23.940000534057617,23.18000030517578,23.260000228881836,7900,0.0,0.0,0.0
2021-12-02 00:00:00-05:00,23.459999084472656,23.8700008392334,23.459999084472656,23.8700008392334,17900,0.0,0.0,0.0
2021-12-03 00:00:00-05:00,23.920000076293945,23.920000076293945,23.5,23.6299991607666,11800,0.0,0.0,0.0
2021-12-06 00:00:00-05:00,23.739999771118164,24.049999237060547,23.739999771118164,23.93000030517578,4400,0.0,0.0,0.0
2021-12-07 00:00:00-05:00,24.260000228881836,24.34000015258789,24.15999984741211,24.18000030517578,4300,0.0,0.0,0.0
2021-12-08 00:00:00-05:00,24.1299991607666,24.309999465942383,24.1299991607666,24.209999084472656,7300,0.0,0.0,0.0
2021-12-09 00:00:00-05:00,24.079999923706055,24.1200008392334,24.049999237060547,24.049999237060547,2800,0.0,0.0,0.0
2021-12-10 00:00:00-05:00,24.15999984741211,24.15999984741211,23.90999984741211,23.989999771118164,8500,0.0,0.0,0.0
2021-12-13 00:00:00-05:00,24.040000915527344,24.040000915527344,23.75,23.809999465942383,3000,0.0,0.0,0.0
2021-12-14 00:00:00-05:00,23.610000610351562,23.920000076293945,23.610000610351562,23.790000915527344,6800,0.0,0.0,0.0
2021-12-15 00:00:00-05:00,23.8799991607666,23.920000076293945,23.59000015258789,23.84000015258789,3600,0.0,0.0,0.0
2021-12-16 00:00:00-05:00,24.049999237060547,24.149999618530273,23.920000076293945,24.0,5500,0.0,0.0,0.0
2021-12-17 00:00:00-05:00,23.770000457763672,23.889999389648438,23.6299991607666,23.780000686645508,6400,0.0,0.0,0.0
2021-12-20 00:00:00-05:00,23.350000381469727,23.350000381469727,23.100000381469727,23.270000457763672,5500,0.0,0.0,0.0
2021-12-21 00:00:00-05:00,23.600000381469727,23.790000915527344,23.600000381469727,23.729999542236328,5200,0.0,0.0,0.0
2021-12-22 00:00:00-05:00,23.780000686645508,23.889999389648438,23.780000686645508,23.889999389648438,2600,0.0,0.0,0.0
2021-12-23 00:00:00-05:00,24.030000686645508,24.06999969482422,23.989999771118164,24.040000915527344,6300,0.0,0.0,0.0
2021-12-27 00:00:00-05:00,23.989999771118164,24.34000015258789,23.989999771118164,24.34000015258789,23400,0.0,0.0,0.0
2021-12-28 00:00:00-05:00,24.3700008392334,24.399999618530273,24.309999465942383,24.350000381469727,5400,0.0,0.0,0.0
2021-12-29 00:00:00-05:00,24.270000457763672,24.399999618530273,24.270000457763672,24.389999389648438,5200,0.0,0.0,0.0
2021-12-30 00:00:00-05:00,24.34000015258789,24.510000228881836,24.34000015258789,24.389999389648438,13000,0.0,0.0,0.0
2021-12-31 00:00:00-05:00,24.450000762939453,24.530000686645508,24.399999618530273,24.530000686645508,4000,0.0,0.0,0.0
2022-01-03 00:00:00-05:00,24.530000686645508,24.780000686645508,24.520000457763672,24.690000534057617,12600,0.0,0.0,0.0
2022-01-04 00:00:00-05:00,24.739999771118164,25.15999984741211,24.739999771118164,25.100000381469727,11200,0.0,0.0,0.0
2022-01-05 00:00:00-05:00,25.229999542236328,25.329999923706055,24.829999923706055,24.829999923706055,5200,0.0,0.0,0.0
2022-01-06 00:00:00-05:00,24.950000762939453,25.110000610351562,24.90999984741211,25.110000610351562,7600,0.0,0.0,0.0
2022-01-07 00:00:00-05:00,25.209999084472656,25.31999969482422,25.209999084472656,25.309999465942383,11800,0.0,0.0,0.0
2022-01-10 00:00:00-05:00,25.3799991607666,25.3799991607666,25.049999237060547,25.200000762939453,8700,0.0,0.0,0.0
2022-01-11 00:00:00-05:00,25.229999542236328,25.469999313354492,25.229999542236328,25.459999084472656,9700,0.0,0.0,0.0
2022-01-12 00:00:00-05:00,25.610000610351562,25.610000610351562,25.450000762939453,25.59000015258789,14000,0.0,0.0,0.0
2022-01-13 00:00:00-05:00,25.719999313354492,25.81999969482422,25.540000915527344,25.56999969482422,12400,0.0,0.0,0.0
2022-01-14 00:00:00-05:00,25.360000610351562,25.59000015258789,25.360000610351562,25.540000915527344,7900,0.0,0.0,0.0
2022-01-18 00:00:00-05:00,25.450000762939453,25.450000762939453,25.229999542236328,25.229999542236328,9500,0.0,0.0,0.0
2022-01-19 00:00:00-05:00,25.350000381469727,25.469999313354492,24.959999084472656,24.959999084472656,12200,0.0,0.0,0.0
2022-01-20 00:00:00-05:00,25.0,25.170000076293945,24.579999923706055,24.59000015258789,5600,0.0,0.0,0.0
2022-01-21 00:00:00-05:00,24.389999389648438,24.469999313354492,24.219999313354492,24.280000686645508,11000,0.0,0.0,0.0
2022-01-24 00:00:00-05:00,23.81999969482422,24.40999984741211,23.489999771118164,24.229999542236328,29500,0.0,0.0,0.0
2022-01-25 00:00:00-05:00,24.06999969482422,24.5,24.06999969482422,24.489999771118164,9600,0.0,0.0,0.0
2022-01-26 00:00:00-05:00,24.690000534057617,24.790000915527344,24.329999923706055,24.420000076293945,3600,0.0,0.0,0.0
2022-01-27 00:00:00-05:00,24.520000457763672,24.75,24.1200008392334,24.1200008392334,11000,0.0,0.0,0.0
2022-01-28 00:00:00-05:00,24.100000381469727,24.360000610351562,24.020000457763672,24.360000610351562,4400,0.0,0.0,0.0
2022-01-31 00:00:00-05:00,24.399999618530273,24.649999618530273,24.270000457763672,24.649999618530273,24400,0.0,0.0,0.0
2022-02-01 00:00:00-05:00,24.600000381469727,24.950000762939453,24.520000457763672,24.950000762939453,20400,0.0,0.0,0.0
2022-02-02 00:00:00-05:00,24.829999923706055,25.010000228881836,24.809999465942383,25.0,9400,0.0,0.0,0.0
2022-02-03 00:00:00-05:00,24.950000762939453,24.950000762939453,24.709999084472656,24.850000381469727,5500,0.0,0.0,0.0
2022-02-04 00:00:00-05:00,24.739999771118164,25.020000457763672,24.600000381469727,24.780000686645508,15100,0.0,0.0,0.0
2022-02-07 00:00:00-05:00,24.799999237060547,25.09000015258789,24.799999237060547,24.989999771118164,7500,0.0,0.0,0.0
2022-02-08 00:00:00-05:00,24.969999313354492,25.190000534057617,24.969999313354492,25.18000030517578,5700,0.0,0.0,0.0
2022-02-09 00:00:00-05:00,25.200000762939453,25.3799991607666,25.200000762939453,25.25,11200,0.0,0.0,0.0
2022-02-10 00:00:00-05:00,25.260000228881836,25.440000534057617,25.059999465942383,25.059999465942383,5600,0.0,0.0,0.0
2022-02-11 00:00:00-05:00,25.25,25.25,24.780000686645508,24.969999313354492,7300,0.0,0.0,0.0
2022-02-14 00:00:00-05:00,24.950000762939453,24.950000762939453,24.579999923706055,24.670000076293945,4200,0.0,0.0,0.0
2022-02-15 00:00:00-05:00,24.889999389648438,24.979999542236328,24.75,24.93000030517578,13400,0.0,0.0,0.0
2022-02-16 00:00:00-05:00,24.959999084472656,25.0,24.899999618530273,24.979999542236328,4000,0.0,0.0,0.0
2022-02-17 00:00:00-05:00,24.649999618530273,24.739999771118164,24.559999465942383,24.559999465942383,1100,0.0,0.0,0.0
2022-02-18 00:00:00-05:00,24.610000610351562,24.610000610351562,24.420000076293945,24.489999771118164,4700,0.0,0.0,0.0
2022-02-22 00:00:00-05:00,24.3799991607666,24.459999084472656,24.049999237060547,24.190000534057617,3100,0.0,0.0,0.0
2022-02-23 00:00:00-05:00,24.31999969482422,24.31999969482422,23.899999618530273,23.899999618530273,7400,0.0,0.0,0.0
2022-02-24 00:00:00-05:00,23.299999237060547,23.729999542236328,23.290000915527344,23.719999313354492,15700,0.0,0.0,0.0
2022-02-25 00:00:00-05:00,23.940000534057617,24.260000228881836,23.940000534057617,24.239999771118164,5200,0.0,0.0,0.0
2022-02-28 00:00:00-05:00,23.760000228881836,24.200000762939453,23.760000228881836,24.190000534057617,5300,0.0,0.0,0.0
2022-03-01 00:00:00-05:00,24.040000915527344,24.040000915527344,23.68000030517578,23.709999084472656,7000,0.0,0.0,0.0
2022-03-02 00:00:00-05:00,23.979999542236328,24.299999237060547,23.979999542236328,24.290000915527344,5200,0.0,0.0,0.0
2022-03-03 00:00:00-05:00,24.25,24.25,24.0,24.040000915527344,4400,0.0,0.0,0.0
2022-03-04 00:00:00-05:00,23.610000610351562,24.459999084472656,23.610000610351562,23.850000381469727,25100,0.0,0.0,0.0
2022-03-07 00:00:00-05:00,23.760000228881836,23.780000686645508,23.280000686645508,23.40999984741211,5400,0.0,0.0,0.0
2022-03-08 00:00:00-05:00,23.3799991607666,23.600000381469727,23.360000610351562,23.440000534057617,5100,0.0,0.0,0.0
2022-03-09 00:00:00-05:00,23.809999465942383,23.860000610351562,23.540000915527344,23.549999237060547,8100,0.0,0.0,0.0
2022-03-10 00:00:00-05:00,23.420000076293945,23.56999969482422,23.309999465942383,23.56999969482422,10500,0.0,0.0,0.0
2022-03-11 00:00:00-05:00,23.610000610351562,23.610000610351562,23.309999465942383,23.309999465942383,4200,0.0,0.0,0.0
2022-03-14 00:00:00-04:00,23.360000610351562,23.360000610351562,22.940000534057617,22.989999771118164,5300,0.0,0.0,0.0
2022-03-15 00:00:00-04:00,23.079999923706055,23.15999984741211,23.0,23.15999984741211,5000,0.0,0.0,0.0
2022-03-16 00:00:00-04:00,23.489999771118164,23.600000381469727,23.280000686645508,23.600000381469727,1800,0.0,0.0,0.0
2022-03-17 00:00:00-04:00,23.700000762939453,23.8700008392334,23.700000762939453,23.860000610351562,4900,0.0,0.0,0.0
2022-03-18 00:00:00-04:00,23.760000228881836,24.0,23.709999084472656,24.0,9100,0.0,0.0,0.0
2022-03-21 00:00:00-04:00,23.799999237060547,23.950000762939453,23.700000762939453,23.75,4500,0.0,0.0,0.0
2022-03-22 00:00:00-04:00,24.030000686645508,24.030000686645508,23.84000015258789,23.959999084472656,8200,0.0,0.0,0.0
2022-03-23 00:00:00-04:00,23.860000610351562,23.8700008392334,23.739999771118164,23.790000915527344,3100,0.0,0.0,0.0
2022-03-24 00:00:00-04:00,23.75,24.040000915527344,23.75,24.040000915527344,3000,0.0,0.0,0.0
2022-03-25 00:00:00-04:00,24.079999923706055,24.1299991607666,24.020000457763672,24.1299991607666,1900,0.0,0.0,0.0
2022-03-28 00:00:00-04:00,24.020000457763672,24.020000457763672,23.8700008392334,24.010000228881836,3800,0.0,0.0,0.0
2022-03-29 00:00:00-04:00,23.979999542236328,24.3799991607666,23.979999542236328,24.350000381469727,17500,0.0,0.0,0.0
2022-03-30 00:00:00-04:00,24.479999542236328,24.479999542236328,24.200000762939453,24.200000762939453,1400,0.0,0.0,0.0
2022-03-31 00:00:00-04:00,24.25,24.25,23.959999084472656,23.959999084472656,4300,0.0,0.0,0.0
2022-04-01 00:00:00-04:00,23.950000762939453,24.110000610351562,23.889999389648438,24.020000457763672,6600,0.0,0.0,0.0
2022-04-04 00:00:00-04:00,23.989999771118164,23.989999771118164,23.850000381469727,23.979999542236328,6800,0.0,0.0,0.0
2022-04-05 00:00:00-04:00,24.1200008392334,24.1200008392334,23.700000762939453,23.739999771118164,4300,0.0,0.0,0.0
2022-04-06 00:00:00-04:00,23.579999923706055,23.639999389648438,23.56999969482422,23.56999969482422,2500,0.0,0.0,0.0
2022-04-07 00:00:00-04:00,23.56999969482422,23.59000015258789,23.31999969482422,23.59000015258789,6600,0.0,0.0,0.0
2022-04-08 00:00:00-04:00,23.639999389648438,23.75,23.6200008392334,23.690000534057617,6500,0.0,0.0,0.0
2022-04-11 00:00:00-04:00,23.540000915527344,23.829999923706055,23.510000228881836,23.530000686645508,3000,0.0,0.0,0.0
2022-04-12 00:00:00-04:00,23.829999923706055,23.829999923706055,23.520000457763672,23.600000381469727,6000,0.0,0.0,0.0
2022-04-13 00:00:00-04:00,23.709999084472656,23.829999923706055,23.6299991607666,23.829999923706055,2000,0.0,0.0,0.0
2022-04-14 00:00:00-04:00,23.809999465942383,23.81999969482422,23.700000762939453,23.700000762939453,10700,0.0,0.0,0.0
2022-04-18 00:00:00-04:00,23.809999465942383,23.90999984741211,23.809999465942383,23.81999969482422,5900,0.0,0.0,0.0
2022-04-19 00:00:00-04:00,24.100000381469727,24.190000534057617,24.049999237060547,24.139999389648438,2500,0.0,0.0,0.0
2022-04-20 00:00:00-04:00,24.200000762939453,24.350000381469727,24.200000762939453,24.280000686645508,14100,0.0,0.0,0.0
2022-04-21 00:00:00-04:00,24.40999984741211,24.5,23.90999984741211,23.969999313354492,25500,0.0,0.0,0.0
2022-04-22 00:00:00-04:00,23.739999771118164,23.739999771118164,23.350000381469727,23.350000381469727,3500,0.0,0.0,0.0
2022-04-25 00:00:00-04:00,23.149999618530273,23.219999313354492,22.770000457763672,23.209999084472656,6600,0.0,0.0,0.0
2022-04-26 00:00:00-04:00,23.170000076293945,23.170000076293945,22.850000381469727,22.850000381469727,2100,0.0,0.0,0.0
2022-04-27 00:00:00-04:00,22.860000610351562,23.049999237060547,22.75,22.899999618530273,5900,0.0,0.0,0.0
2022-04-28 00:00:00-04:00,22.81999969482422,23.34000015258789,22.75,23.229999542236328,5700,0.0,0.0,0.0
2022-04-29 00:00:00-04:00,23.09000015258789,23.219999313354492,22.59000015258789,22.610000610351562,7200,0.0,0.0,0.0
2022-05-02 00:00:00-04:00,22.600000381469727,22.709999084472656,22.229999542236328,22.6200008392334,4100,0.0,0.0,0.0
2022-05-03 00:00:00-04:00,22.780000686645508,23.09000015258789,22.780000686645508,22.979999542236328,3900,0.0,0.0,0.0
2022-05-04 00:00:00-04:00,23.030000686645508,23.700000762939453,22.940000534057617,23.59000015258789,1200,0.0,0.0,0.0
2022-05-05 00:00:00-04:00,23.43000030517578,23.489999771118164,22.8700008392334,23.040000915527344,12100,0.0,0.0,0.0
2022-05-06 00:00:00-04:00,22.979999542236328,22.979999542236328,22.739999771118164,22.93000030517578,86000,0.0,0.0,0.0
2022-05-09 00:00:00-04:00,22.530000686645508,22.610000610351562,22.260000228881836,22.260000228881836,8900,0.0,0.0,0.0
2022-05-10 00:00:00-04:00,22.479999542236328,22.530000686645508,21.860000610351562,22.100000381469727,13400,0.0,0.0,0.0
2022-05-11 00:00:00-04:00,22.139999389648438,22.530000686645508,21.959999084472656,22.020000457763672,7800,0.0,0.0,0.0
2022-05-12 00:00:00-04:00,21.809999465942383,22.139999389648438,21.690000534057617,21.950000762939453,20600,0.0,0.0,0.0
2022-05-13 00:00:00-04:00,22.18000030517578,22.510000228881836,22.18000030517578,22.3700008392334,12200,0.0,0.0,0.0
2022-05-16 00:00:00-04:00,22.329999923706055,22.649999618530273,22.260000228881836,22.440000534057617,4800,0.0,0.0,0.0
2022-05-17 00:00:00-04:00,22.719999313354492,23.079999923706055,22.719999313354492,23.06999969482422,11700,0.0,0.0,0.0
2022-05-18 00:00:00-04:00,22.8700008392334,22.899999618530273,22.309999465942383,22.40999984741211,9000,0.0,0.0,0.0
2022-05-19 00:00:00-04:00,22.270000457763672,22.43000030517578,22.170000076293945,22.34000015258789,11800,0.0,0.0,0.0
2022-05-20 00:00:00-04:00,22.389999389648438,22.389999389648438,21.979999542236328,22.299999237060547,5300,0.0,0.0,0.0
2022-05-23 00:00:00-04:00,22.40999984741211,22.670000076293945,22.40999984741211,22.610000610351562,6100,0.0,0.0,0.0
2022-05-24 00:00:00-04:00,22.420000076293945,22.56999969482422,22.229999542236328,22.56999969482422,4500,0.0,0.0,0.0
2022-05-25 00:00:00-04:00,22.8700008392334,23.06999969482422,22.799999237060547,22.950000762939453,3500,0.0,0.0,0.0
2022-05-26 00:00:00-04:00,23.260000228881836,23.469999313354492,23.260000228881836,23.40999984741211,12300,0.0,0.0,0.0
2022-05-27 00:00:00-04:00,23.559999465942383,23.799999237060547,23.540000915527344,23.799999237060547,5500,0.0,0.0,0.0
2022-05-31 00:00:00-04:00,23.639999389648438,23.729999542236328,23.549999237060547,23.6200008392334,6800,0.0,0.0,0.0
2022-06-01 00:00:00-04:00,23.610000610351562,23.610000610351562,23.31999969482422,23.579999923706055,2400,0.0,0.0,0.0
2022-06-02 00:00:00-04:00,23.540000915527344,23.739999771118164,23.5,23.739999771118164,4800,0.0,0.0,0.0
2022-06-03 00:00:00-04:00,23.540000915527344,23.579999923706055,23.459999084472656,23.5,99200,0.0,0.0,0.0
2022-06-06 00:00:00-04:00,23.549999237060547,23.700000762939453,23.510000228881836,23.540000915527344,31000,0.0,0.0,0.0
2022-06-07 00:00:00-04:00,23.31999969482422,23.729999542236328,23.309999465942383,23.68000030517578,84200,0.0,0.0,0.0
2022-06-08 00:00:00-04:00,23.56999969482422,23.59000015258789,23.290000915527344,23.290000915527344,4900,0.0,0.0,0.0
2022-06-09 00:00:00-04:00,23.200000762939453,23.200000762939453,22.8700008392334,22.8799991607666,6100,0.0,0.0,0.0
2022-06-10 00:00:00-04:00,22.450000762939453,22.5,22.190000534057617,22.190000534057617,6000,0.0,0.0,0.0
2022-06-13 00:00:00-04:00,21.329999923706055,21.489999771118164,21.049999237060547,21.170000076293945,7800,0.0,0.0,0.0
2022-06-14 00:00:00-04:00,21.260000228881836,21.389999389648438,21.100000381469727,21.110000610351562,4900,0.0,0.0,0.0
2022-06-15 00:00:00-04:00,21.40999984741211,21.469999313354492,21.260000228881836,21.31999969482422,5600,0.0,0.0,0.0
2022-06-16 00:00:00-04:00,20.899999618530273,20.899999618530273,20.469999313354492,20.530000686645508,36100,0.0,0.0,0.0
2022-06-17 00:00:00-04:00,20.68000030517578,20.68000030517578,20.3799991607666,20.510000228881836,3200,0.0,0.0,0.0
2022-06-21 00:00:00-04:00,20.739999771118164,20.81999969482422,20.649999618530273,20.68000030517578,3500,0.0,0.0,0.0
2022-06-22 00:00:00-04:00,20.540000915527344,20.559999465942383,20.469999313354492,20.5,4000,0.0,0.0,0.0
2022-06-23 00:00:00-04:00,20.440000534057617,20.450000762939453,20.25,20.440000534057617,12700,0.0,0.0,0.0
2022-06-24 00:00:00-04:00,20.93000030517578,21.1299991607666,20.93000030517578,21.110000610351562,7900,0.0,0.0,0.0
2022-06-27 00:00:00-04:00,21.260000228881836,21.260000228881836,21.030000686645508,21.149999618530273,5900,0.0,0.0,0.0
2022-06-28 00:00:00-04:00,21.440000534057617,21.540000915527344,20.979999542236328,21.010000228881836,4200,0.0,0.0,0.0
2022-06-29 00:00:00-04:00,21.010000228881836,21.010000228881836,20.700000762939453,20.739999771118164,8800,0.0,0.0,0.0
2022-06-30 00:00:00-04:00,20.649999618530273,20.719999313354492,20.420000076293945,20.530000686645508,5700,0.0,0.0,0.0
2022-07-01 00:00:00-04:00,20.600000381469727,20.84000015258789,20.600000381469727,20.809999465942383,6600,0.0,0.0,0.0
2022-07-05 00:00:00-04:00,20.5,20.670000076293945,20.239999771118164,20.670000076293945,6500,0.0,0.0,0.0
2022-07-06 00:00:00-04:00,20.56999969482422,20.56999969482422,20.299999237060547,20.440000534057617,8500,0.0,0.0,0.0
2022-07-07 00:00:00-04:00,20.719999313354492,20.940000534057617,20.719999313354492,20.889999389648438,6800,0.0,0.0,0.0
2022-07-08 00:00:00-04:00,21.010000228881836,21.010000228881836,20.690000534057617,20.829999923706055,7100,0.0,0.0,0.0
2022-07-11 00:00:00-04:00,20.739999771118164,20.739999771118164,20.65999984741211,20.670000076293945,4000,0.0,0.0,0.0
2022-07-12 00:00:00-04:00,20.81999969482422,20.889999389648438,20.68000030517578,20.760000228881836,5800,0.0,0.0,0.0
2022-07-13 00:00:00-04:00,20.459999084472656,20.670000076293945,20.459999084472656,20.6299991607666,2300,0.0,0.0,0.0
2022-07-14 00:00:00-04:00,20.229999542236328,20.3700008392334,20.15999984741211,20.309999465942383,5300,0.0,0.0,0.0
2022-07-15 00:00:00-04:00,20.709999084472656,20.760000228881836,20.690000534057617,20.75,2800,0.0,0.0,0.0
2022-07-18 00:00:00-04:00,20.920000076293945,20.920000076293945,20.84000015258789,20.8700008392334,1300,0.0,0.0,0.0
2022-07-19 00:00:00-04:00,20.950000762939453,21.3700008392334,20.950000762939453,21.329999923706055,3800,0.0,0.0,0.0
2022-07-20 00:00:00-04:00,21.290000915527344,21.459999084472656,21.290000915527344,21.459999084472656,3600,0.0,0.0,0.0
2022-07-21 00:00:00-04:00,21.3799991607666,21.5,21.31999969482422,21.5,9500,0.0,0.0,0.0
2022-07-22 00:00:00-04:00,21.549999237060547,21.579999923706055,21.40999984741211,21.40999984741211,1000,0.0,0.0,0.0
2022-07-25 00:00:00-04:00,21.6200008392334,21.6200008392334,21.5,21.600000381469727,2900,0.0,0.0,0.0
2022-07-26 00:00:00-04:00,21.440000534057617,21.510000228881836,21.3700008392334,21.399999618530273,4100,0.0,0.0,0.0
2022-07-27 00:00:00-04:00,21.489999771118164,21.860000610351562,21.489999771118164,21.860000610351562,5400,0.0,0.0,0.0
2022-07-28 00:00:00-04:00,21.790000915527344,22.020000457763672,21.719999313354492,22.020000457763672,10000,0.0,0.0,0.0
2022-07-29 00:00:00-04:00,22.200000762939453,22.360000610351562,22.15999984741211,22.299999237060547,6100,0.0,0.0,0.0
2022-08-01 00:00:00-04:00,22.1299991607666,22.34000015258789,22.059999465942383,22.149999618530273,5400,0.0,0.0,0.0
2022-08-02 00:00:00-04:00,22.200000762939453,22.309999465942383,22.100000381469727,22.1200008392334,22500,0.0,0.0,0.0
2022-08-03 00:00:00-04:00,22.290000915527344,22.31999969482422,22.209999084472656,22.299999237060547,2700,0.0,0.0,0.0
2022-08-04 00:00:00-04:00,22.309999465942383,22.309999465942383,22.149999618530273,22.260000228881836,3600,0.0,0.0,0.0
2022-08-05 00:00:00-04:00,22.079999923706055,22.309999465942383,22.079999923706055,22.280000686645508,2000,0.0,0.0,0.0
2022-08-08 00:00:00-04:00,22.309999465942383,22.68000030517578,22.309999465942383,22.56999969482422,8500,0.0,0.0,0.0
2022-08-09 00:00:00-04:00,22.510000228881836,22.510000228881836,22.389999389648438,22.399999618530273,1000,0.0,0.0,0.0
2022-08-10 00:00:00-04:00,22.690000534057617,22.979999542236328,22.690000534057617,22.969999313354492,7200,0.0,0.0,0.0
2022-08-11 00:00:00-04:00,23.149999618530273,23.290000915527344,23.149999618530273,23.209999084472656,9000,0.0,0.0,0.0
2022-08-12 00:00:00-04:00,23.270000457763672,23.43000030517578,23.239999771118164,23.43000030517578,4300,0.0,0.0,0.0
2022-08-15 00:00:00-04:00,23.299999237060547,23.389999389648438,23.299999237060547,23.389999389648438,7800,0.0,0.0,0.0
2022-08-16 00:00:00-04:00,23.540000915527344,23.540000915527344,23.540000915527344,23.540000915527344,2100,0.0,0.0,0.0
2022-08-17 00:00:00-04:00,23.450000762939453,23.469999313354492,23.31999969482422,23.3799991607666,2900,0.0,0.0,0.0
2022-08-18 00:00:00-04:00,23.350000381469727,23.510000228881836,23.34000015258789,23.420000076293945,6200,0.0,0.0,0.0
2022-08-19 00:00:00-04:00,23.34000015258789,23.34000015258789,23.09000015258789,23.190000534057617,5400,0.0,0.0,0.0
2022-08-22 00:00:00-04:00,22.760000228881836,22.860000610351562,22.719999313354492,22.739999771118164,7800,0.0,0.0,0.0
2022-08-23 00:00:00-04:00,22.8799991607666,22.8799991607666,22.860000610351562,22.860000610351562,500,0.0,0.0,0.0
2022-08-24 00:00:00-04:00,22.850000381469727,22.920000076293945,22.780000686645508,22.889999389648438,16600,0.0,0.0,0.0
2022-08-25 00:00:00-04:00,23.079999923706055,23.15999984741211,23.010000228881836,23.15999984741211,1300,0.0,0.0,0.0
2022-08-26 00:00:00-04:00,23.030000686645508,23.030000686645508,22.6200008392334,22.6299991607666,2300,0.0,0.0,0.0
2022-08-29 00:00:00-04:00,22.559999465942383,22.56999969482422,22.530000686645508,22.540000915527344,1600,0.0,0.0,0.0
2022-08-30 00:00:00-04:00,22.209999084472656,22.25,22.200000762939453,22.209999084472656,2200,0.0,0.0,0.0
2022-08-31 00:00:00-04:00,22.18000030517578,22.229999542236328,22.100000381469727,22.100000381469727,11500,0.0,0.0,0.0
2022-09-01 00:00:00-04:00,21.93000030517578,21.93000030517578,21.690000534057617,21.920000076293945,13900,0.0,0.0,0.0
2022-09-02 00:00:00-04:00,22.09000015258789,22.239999771118164,21.860000610351562,21.90999984741211,1900,0.0,0.0,0.0
2022-09-06 00:00:00-04:00,22.0,22.0,21.739999771118164,21.799999237060547,3200,0.0,0.0,0.0
2022-09-07 00:00:00-04:00,21.829999923706055,22.059999465942383,21.75,22.030000686645508,22000,0.0,0.0,0.0
2022-09-08 00:00:00-04:00,22.100000381469727,22.110000610351562,22.020000457763672,22.06999969482422,13300,0.0,0.0,0.0
2022-09-09 00:00:00-04:00,22.489999771118164,22.5,22.43000030517578,22.440000534057617,800,0.0,0.0,0.0
2022-09-12 00:00:00-04:00,22.610000610351562,22.739999771118164,22.540000915527344,22.540000915527344,4800,0.0,0.0,0.0
2022-09-13 00:00:00-04:00,22.239999771118164,22.43000030517578,21.709999084472656,21.709999084472656,7000,0.0,0.0,0.0
2022-09-14 00:00:00-04:00,21.920000076293945,21.979999542236328,21.729999542236328,21.790000915527344,8100,0.0,0.0,0.0
2022-09-15 00:00:00-04:00,21.520000457763672,21.979999542236328,21.520000457763672,21.790000915527344,3700,0.0,0.0,0.0
2022-09-16 00:00:00-04:00,21.670000076293945,21.690000534057617,21.389999389648438,21.479999542236328,6500,0.0,0.0,0.0
2022-09-19 00:00:00-04:00,21.100000381469727,21.450000762939453,21.100000381469727,21.450000762939453,10900,0.0,0.0,0.0
2022-09-20 00:00:00-04:00,21.270000457763672,21.270000457763672,21.079999923706055,21.200000762939453,5500,0.0,0.0,0.0
2022-09-21 00:00:00-04:00,21.3799991607666,21.459999084472656,21.010000228881836,21.010000228881836,9100,0.0,0.0,0.0
2022-09-22 00:00:00-04:00,20.8700008392334,20.8700008392334,20.579999923706055,20.649999618530273,31300,0.0,0.0,0.0
2022-09-23 00:00:00-04:00,20.360000610351562,20.360000610351562,19.719999313354492,19.860000610351562,9900,0.0,0.0,0.0
2022-09-26 00:00:00-04:00,19.770000457763672,19.860000610351562,19.40999984741211,19.459999084472656,22000,0.0,0.0,0.0
2022-09-27 00:00:00-04:00,19.56999969482422,19.799999237060547,19.34000015258789,19.5,10500,0.0,0.0,0.0
2022-09-28 00:00:00-04:00,19.8799991607666,20.110000610351562,19.8799991607666,20.030000686645508,3000,0.0,0.0,0.0
2022-09-29 00:00:00-04:00,19.6299991607666,19.690000534057617,19.5,19.639999389648438,5200,0.0,0.0,0.0
2022-09-30 00:00:00-04:00,19.639999389648438,19.860000610351562,19.639999389648438,19.68000030517578,3000,0.0,0.0,0.0
2022-10-03 00:00:00-04:00,20.0,20.34000015258789,20.0,20.18000030517578,6800,0.0,0.0,0.0
2022-10-04 00:00:00-04:00,20.59000015258789,21.020000457763672,20.59000015258789,20.93000030517578,3500,0.0,0.0,0.0
2022-10-05 00:00:00-04:00,20.59000015258789,20.889999389648438,20.59000015258789,20.889999389648438,800,0.0,0.0,0.0
2022-10-06 00:00:00-04:00,20.690000534057617,20.790000915527344,20.690000534057617,20.719999313354492,122300,0.0,0.0,0.0
2022-10-07 00:00:00-04:00,20.600000381469727,20.600000381469727,20.389999389648438,20.389999389648438,1800,0.0,0.0,0.0
2022-10-10 00:00:00-04:00,20.43000030517578,20.469999313354492,20.229999542236328,20.229999542236328,7600,0.0,0.0,0.0
2022-10-11 00:00:00-04:00,20.100000381469727,20.34000015258789,19.959999084472656,20.139999389648438,9500,0.0,0.0,0.0
2022-10-12 00:00:00-04:00,20.1200008392334,20.239999771118164,19.959999084472656,20.219999313354492,4800,0.0,0.0,0.0
2022-10-13 00:00:00-04:00,19.920000076293945,20.700000762939453,19.920000076293945,20.56999969482422,5400,0.0,0.0,0.0
2022-10-14 00:00:00-04:00,20.65999984741211,20.65999984741211,20.049999237060547,20.149999618530273,24000,0.0,0.0,0.0
2022-10-17 00:00:00-04:00,20.350000381469727,20.559999465942383,20.350000381469727,20.540000915527344,3400,0.0,0.0,0.0
2022-10-18 00:00:00-04:00,20.799999237060547,20.81999969482422,20.670000076293945,20.700000762939453,2600,0.0,0.0,0.0
2022-10-19 00:00:00-04:00,20.5,20.530000686645508,20.5,20.530000686645508,500,0.0,0.0,0.0
2022-10-20 00:00:00-04:00,20.610000610351562,20.690000534057617,20.31999969482422,20.440000534057617,4600,0.0,0.0,0.0
2022-10-21 00:00:00-04:00,20.43000030517578,20.760000228881836,20.43000030517578,20.760000228881836,8900,0.0,0.0,0.0
2022-10-24 00:00:00-04:00,20.770000457763672,20.799999237060547,20.690000534057617,20.790000915527344,3100,0.0,0.0,0.0
2022-10-25 00:00:00-04:00,20.729999542236328,21.100000381469727,20.729999542236328,21.09000015258789,2400,0.0,0.0,0.0
2022-10-26 00:00:00-04:00,21.280000686645508,21.34000015258789,21.149999618530273,21.149999618530273,3900,0.0,0.0,0.0
2022-10-27 00:00:00-04:00,21.440000534057617,21.450000762939453,21.260000228881836,21.260000228881836,5200,0.0,0.0,0.0
2022-10-28 00:00:00-04:00,21.360000610351562,21.549999237060547,21.270000457763672,21.540000915527344,7100,0.0,0.0,0.0
2022-10-31 00:00:00-04:00,21.579999923706055,21.579999923706055,21.5,21.5,7700,0.0,0.0,0.0
2022-11-01 00:00:00-04:00,21.649999618530273,21.760000228881836,21.649999618530273,21.760000228881836,4500,0.0,0.0,0.0
2022-11-02 00:00:00-04:00,21.829999923706055,21.829999923706055,21.299999237060547,21.299999237060547,4300,0.0,0.0,0.0
2022-11-03 00:00:00-04:00,21.34000015258789,21.34000015258789,21.260000228881836,21.260000228881836,1100,0.0,0.0,0.0
2022-11-04 00:00:00-04:00,21.729999542236328,21.729999542236328,21.469999313354492,21.610000610351562,1800,0.0,0.0,0.0
2022-11-07 00:00:00-05:00,21.760000228881836,21.84000015258789,21.690000534057617,21.799999237060547,8800,0.0,0.0,0.0
2022-11-08 00:00:00-05:00,21.799999237060547,21.8700008392334,21.799999237060547,21.860000610351562,131900,0.0,0.0,0.0
2022-11-09 00:00:00-05:00,21.639999389648438,21.68000030517578,21.34000015258789,21.34000015258789,3400,0.0,0.0,0.0
2022-11-10 00:00:00-05:00,21.969999313354492,22.3700008392334,21.969999313354492,22.3700008392334,700,0.0,0.0,0.0
2022-11-11 00:00:00-05:00,22.469999313354492,22.719999313354492,22.469999313354492,22.6299991607666,2700,0.0,0.0,0.0
2022-11-14 00:00:00-05:00,22.670000076293945,22.68000030517578,22.3799991607666,22.3799991607666,5800,0.0,0.0,0.0
2022-11-15 00:00:00-05:00,22.549999237060547,22.68000030517578,22.5,22.5,2300,0.0,0.0,0.0
2022-11-16 00:00:00-05:00,22.350000381469727,22.350000381469727,22.260000228881836,22.290000915527344,700,0.0,0.0,0.0
2022-11-17 00:00:00-05:00,21.950000762939453,22.18000030517578,21.950000762939453,22.170000076293945,2300,0.0,0.0,0.0
2022-11-18 00:00:00-05:00,22.219999313354492,22.25,22.1200008392334,22.219999313354492,10700,0.0,0.0,0.0
2022-11-21 00:00:00-05:00,22.09000015258789,22.229999542236328,22.0,22.209999084472656,9600,0.0,0.0,0.0
2022-11-22 00:00:00-05:00,22.329999923706055,22.600000381469727,22.329999923706055,22.579999923706055,8500,0.0,0.0,0.0
2022-11-23 00:00:00-05:00,22.600000381469727,22.639999389648438,22.559999465942383,22.56999969482422,6200,0.0,0.0,0.0
2022-11-25 00:00:00-05:00,22.68000030517578,22.68000030517578,22.68000030517578,22.68000030517578,400,0.0,0.0,0.0
2022-11-28 00:00:00-05:00,22.489999771118164,22.540000915527344,22.299999237060547,22.299999237060547,5100,0.0,0.0,0.0
2022-11-29 00:00:00-05:00,22.450000762939453,22.549999237060547,22.450000762939453,22.549999237060547,11200,0.0,0.0,0.0
2022-11-30 00:00:00-05:00,22.579999923706055,22.799999237060547,22.43000030517578,22.790000915527344,3200,0.0,0.0,0.0
2022-12-01 00:00:00-05:00,22.790000915527344,22.809999465942383,22.700000762939453,22.770000457763672,3700,0.0,0.0,0.0
2022-12-02 00:00:00-05:00,22.649999618530273,22.700000762939453,22.639999389648438,22.690000534057617,1300,0.0,0.0,0.0
2022-12-05 00:00:00-05:00,22.40999984741211,22.40999984741211,22.049999237060547,22.139999389648438,1800,0.0,0.0,0.0
2022-12-06 00:00:00-05:00,22.139999389648438,22.139999389648438,21.799999237060547,21.969999313354492,4300,0.0,0.0,0.0
2022-12-07 00:00:00-05:00,21.860000610351562,22.0,21.860000610351562,21.8700008392334,3700,0.0,0.0,0.0
2022-12-08 00:00:00-05:00,22.049999237060547,22.100000381469727,21.829999923706055,21.84000015258789,3600,0.0,0.0,0.0
2022-12-09 00:00:00-05:00,21.81999969482422,21.8799991607666,21.709999084472656,21.709999084472656,7800,0.0,0.0,0.0
2022-12-12 00:00:00-05:00,21.690000534057617,21.989999771118164,21.68000030517578,21.940000534057617,9900,0.0,0.0,0.0
2022-12-13 00:00:00-05:00,22.290000915527344,22.56999969482422,22.040000915527344,22.18000030517578,7600,0.0,0.0,0.0
2022-12-14 00:00:00-05:00,22.149999618530273,22.18000030517578,21.950000762939453,22.0,6600,0.0,0.0,0.0
2022-12-15 00:00:00-05:00,21.68000030517578,21.709999084472656,21.639999389648438,21.709999084472656,1500,0.0,0.0,0.0
2022-12-16 00:00:00-05:00,21.399999618530273,21.479999542236328,21.299999237060547,21.479999542236328,15100,0.0,0.0,0.0
2022-12-19 00:00:00-05:00,21.059999465942383,21.1299991607666,20.8799991607666,20.90999984741211,5500,0.0,0.0,0.0
2022-12-20 00:00:00-05:00,20.979999542236328,21.06999969482422,20.969999313354492,21.020000457763672,6500,0.0,0.0,0.0
2022-12-21 00:00:00-05:00,21.270000457763672,21.350000381469727,21.170000076293945,21.270000457763672,10700,0.0,0.0,0.0
2022-12-22 00:00:00-05:00,21.0,21.010000228881836,20.700000762939453,21.010000228881836,4500,0.0,0.0,0.0
2022-12-23 00:00:00-05:00,21.06999969482422,21.260000228881836,21.030000686645508,21.260000228881836,8200,0.0,0.0,0.0
2022-12-27 00:00:00-05:00,21.280000686645508,21.309999465942383,21.190000534057617,21.25,57300,0.0,0.0,0.0
2022-12-28 00:00:00-05:00,21.079999923706055,21.079999923706055,20.829999923706055,20.850000381469727,7200,0.0,0.0,0.0
2022-12-29 00:00:00-05:00,20.979999542236328,21.229999542236328,20.979999542236328,21.209999084472656,13500,0.0,0.0,0.0
2022-12-30 00:00:00-05:00,21.049999237060547,21.239999771118164,21.040000915527344,21.149999618530273,24400,0.0,0.0,0.0
2023-01-03 00:00:00-05:00,21.149999618530273,21.149999618530273,20.989999771118164,20.989999771118164,4500,0.0,0.0,0.0
2023-01-04 00:00:00-05:00,21.18000030517578,21.399999618530273,21.18000030517578,21.290000915527344,5100,0.0,0.0,0.0
2023-01-05 00:00:00-05:00,21.290000915527344,21.290000915527344,21.200000762939453,21.290000915527344,800,0.0,0.0,0.0
2023-01-06 00:00:00-05:00,21.40999984741211,21.780000686645508,21.40999984741211,21.780000686645508,1300,0.0,0.0,0.0
2023-01-09 00:00:00-05:00,21.889999389648438,21.950000762939453,21.780000686645508,21.780000686645508,6800,0.0,0.0,0.0
2023-01-10 00:00:00-05:00,21.8700008392334,21.8700008392334,21.639999389648438,21.860000610351562,6500,0.0,0.0,0.0
2023-01-11 00:00:00-05:00,22.0,22.149999618530273,22.0,22.149999618530273,3200,0.0,0.0,0.0
2023-01-12 00:00:00-05:00,22.190000534057617,22.440000534057617,22.190000534057617,22.399999618530273,4400,0.0,0.0,0.0
2023-01-13 00:00:00-05:00,22.290000915527344,22.450000762939453,22.290000915527344,22.450000762939453,2600,0.0,0.0,0.0
2023-01-17 00:00:00-05:00,22.43000030517578,22.479999542236328,22.43000030517578,22.459999084472656,2500,0.0,0.0,0.0
2023-01-18 00:00:00-05:00,22.469999313354492,22.56999969482422,22.25,22.280000686645508,3200,0.0,0.0,0.0
2023-01-19 00:00:00-05:00,22.06999969482422,22.260000228881836,22.049999237060547,22.260000228881836,6800,0.0,0.0,0.0
2023-01-20 00:00:00-05:00,22.420000076293945,22.56999969482422,22.40999984741211,22.56999969482422,14100,0.0,0.0,0.0
2023-01-23 00:00:00-05:00,22.719999313354492,22.850000381469727,22.719999313354492,22.829999923706055,3400,0.0,0.0,0.0
2023-01-24 00:00:00-05:00,22.799999237060547,22.8700008392334,22.690000534057617,22.780000686645508,9300,0.0,0.0,0.0
2023-01-25 00:00:00-05:00,22.670000076293945,22.8700008392334,22.670000076293945,22.8700008392334,3100,0.0,0.0,0.0
2023-01-26 00:00:00-05:00,22.93000030517578,23.1299991607666,22.920000076293945,23.1299991607666,4700,0.0,0.0,0.0
2023-01-27 00:00:00-05:00,23.209999084472656,23.229999542236328,23.1299991607666,23.149999618530273,7100,0.0,0.0,0.0
2023-01-30 00:00:00-05:00,22.989999771118164,23.15999984741211,22.959999084472656,22.959999084472656,14400,0.0,0.0,0.0
2023-01-31 00:00:00-05:00,23.040000915527344,23.270000457763672,23.040000915527344,23.270000457763672,4300,0.0,0.0,0.0
2023-02-01 00:00:00-05:00,23.270000457763672,23.440000534057617,23.229999542236328,23.309999465942383,900,0.0,0.0,0.0
2023-02-02 00:00:00-05:00,23.450000762939453,23.579999923706055,23.31999969482422,23.360000610351562,4100,0.0,0.0,0.0
2023-02-03 00:00:00-05:00,23.350000381469727,23.510000228881836,23.239999771118164,23.280000686645508,7600,0.0,0.0,0.0
2023-02-06 00:00:00-05:00,23.09000015258789,23.139999389648438,22.899999618530273,23.059999465942383,7600,0.0,0.0,0.0
2023-02-07 00:00:00-05:00,22.959999084472656,23.280000686645508,22.959999084472656,23.25,10400,0.0,0.0,0.0
2023-02-08 00:00:00-05:00,23.149999618530273,23.170000076293945,23.010000228881836,23.059999465942383,7600,0.0,0.0,0.0
2023-02-09 00:00:00-05:00,23.09000015258789,23.1299991607666,22.84000015258789,22.84000015258789,2200,0.0,0.0,0.0
2023-02-10 00:00:00-05:00,22.850000381469727,23.100000381469727,22.850000381469727,23.100000381469727,21600,0.0,0.0,0.0
2023-02-13 00:00:00-05:00,22.989999771118164,23.200000762939453,22.989999771118164,23.200000762939453,3500,0.0,0.0,0.0
2023-02-14 00:00:00-05:00,23.280000686645508,23.280000686645508,23.1200008392334,23.229999542236328,1500,0.0,0.0,0.0
2023-02-15 00:00:00-05:00,23.030000686645508,23.18000030517578,23.030000686645508,23.170000076293945,5800,0.0,0.0,0.0
2023-02-16 00:00:00-05:00,23.09000015258789,23.200000762939453,23.079999923706055,23.079999923706055,2600,0.0,0.0,0.0
2023-02-17 00:00:00-05:00,22.90999984741211,22.940000534057617,22.829999923706055,22.899999618530273,5500,0.0,0.0,0.0
2023-02-21 00:00:00-05:00,22.75,22.75,22.40999984741211,22.43000030517578,3800,0.0,0.0,0.0
2023-02-22 00:00:00-05:00,22.489999771118164,22.530000686645508,22.450000762939453,22.450000762939453,1700,0.0,0.0,0.0
2023-02-23 00:00:00-05:00,22.65999984741211,22.670000076293945,22.479999542236328,22.639999389648438,5100,0.0,0.0,0.0
2023-02-24 00:00:00-05:00,22.309999465942383,22.56999969482422,22.309999465942383,22.559999465942383,6300,0.0,0.0,0.0
2023-02-27 00:00:00-05:00,22.75,22.809999465942383,22.579999923706055,22.59000015258789,6200,0.0,0.0,0.0
2023-02-28 00:00:00-05:00,22.770000457763672,22.770000457763672,22.540000915527344,22.540000915527344,6500,0.0,0.0,0.0
2023-03-01 00:00:00-05:00,22.649999618530273,22.719999313354492,22.6200008392334,22.709999084472656,1600,0.0,0.0,0.0
2023-03-02 00:00:00-05:00,22.56999969482422,22.700000762939453,22.549999237060547,22.700000762939453,1000,0.0,0.0,0.0
2023-03-03 00:00:00-05:00,22.729999542236328,22.959999084472656,22.729999542236328,22.950000762939453,2900,0.0,0.0,0.0
2023-03-06 00:00:00-05:00,23.25,23.25,22.780000686645508,22.84000015258789,20000,0.0,0.0,0.0
2023-03-07 00:00:00-05:00,22.690000534057617,22.700000762939453,22.5,22.510000228881836,2700,0.0,0.0,0.0
2023-03-08 00:00:00-05:00,22.559999465942383,22.559999465942383,22.389999389648438,22.40999984741211,1700,0.0,0.0,0.0
2023-03-09 00:00:00-05:00,22.280000686645508,22.280000686645508,21.950000762939453,21.950000762939453,1500,0.0,0.0,0.0
2023-03-10 00:00:00-05:00,21.700000762939453,21.829999923706055,21.299999237060547,21.3700008392334,2600,0.0,0.0,0.0
2023-03-13 00:00:00-04:00,20.940000534057617,21.1200008392334,20.790000915527344,20.790000915527344,39500,0.0,0.0,0.0
2023-03-14 00:00:00-04:00,21.43000030517578,21.43000030517578,21.049999237060547,21.09000015258789,4100,0.0,0.0,0.0
2023-03-15 00:00:00-04:00,20.530000686645508,20.530000686645508,20.299999237060547,20.5,2700,0.0,0.0,0.0
2023-03-16 00:00:00-04:00,20.450000762939453,20.81999969482422,20.420000076293945,20.81999969482422,1900,0.0,0.0,0.0
2023-03-17 00:00:00-04:00,20.6200008392334,20.6200008392334,20.280000686645508,20.280000686645508,9600,0.0,0.0,0.0
2023-03-20 00:00:00-04:00,20.420000076293945,20.420000076293945,20.219999313354492,20.219999313354492,4200,0.0,0.0,0.0
2023-03-21 00:00:00-04:00,20.450000762939453,20.700000762939453,20.450000762939453,20.68000030517578,9000,0.0,0.0,0.0
2023-03-22 00:00:00-04:00,20.729999542236328,20.799999237060547,20.260000228881836,20.260000228881836,14300,0.0,0.0,0.0
2023-03-23 00:00:00-04:00,20.479999542236328,20.5,19.90999984741211,20.06999969482422,6000,0.0,0.0,0.0
2023-03-24 00:00:00-04:00,20.020000457763672,20.219999313354492,19.799999237060547,20.219999313354492,13700,0.0,0.0,0.0
2023-03-27 00:00:00-04:00,20.329999923706055,20.530000686645508,20.309999465942383,20.479999542236328,6500,0.0,0.0,0.0
2023-03-28 00:00:00-04:00,20.530000686645508,20.56999969482422,20.520000457763672,20.549999237060547,19900,0.0,0.0,0.0
2023-03-29 00:00:00-04:00,20.770000457763672,20.770000457763672,20.719999313354492,20.760000228881836,2200,0.0,0.0,0.0
2023-03-30 00:00:00-04:00,21.020000457763672,21.020000457763672,20.799999237060547,20.8700008392334,2100,0.0,0.0,0.0
2023-03-31 00:00:00-04:00,20.829999923706055,21.09000015258789,20.829999923706055,21.079999923706055,11800,0.0,0.0,0.0
2023-04-03 00:00:00-04:00,21.190000534057617,21.420000076293945,21.190000534057617,21.420000076293945,5100,0.0,0.0,0.0
2023-04-04 00:00:00-04:00,21.1299991607666,21.1299991607666,21.040000915527344,21.09000015258789,2000,0.0,0.0,0.0
2023-04-05 00:00:00-04:00,20.81999969482422,21.1299991607666,20.81999969482422,21.079999923706055,26600,0.0,0.0,0.0
2023-04-06 00:00:00-04:00,21.020000457763672,21.170000076293945,21.020000457763672,21.059999465942383,5800,0.0,0.0,0.0
2023-04-10 00:00:00-04:00,21.190000534057617,21.270000457763672,21.170000076293945,21.270000457763672,2600,0.0,0.0,0.0
2023-04-11 00:00:00-04:00,21.399999618530273,21.56999969482422,21.399999618530273,21.5,1400,0.0,0.0,0.0
2023-04-12 00:00:00-04:00,21.579999923706055,21.6299991607666,21.420000076293945,21.450000762939453,5200,0.0,0.0,0.0
2023-04-13 00:00:00-04:00,21.459999084472656,21.59000015258789,21.459999084472656,21.579999923706055,5100,0.0,0.0,0.0
2023-04-14 00:00:00-04:00,21.649999618530273,21.739999771118164,21.510000228881836,21.59000015258789,5600,0.0,0.0,0.0
2023-04-17 00:00:00-04:00,21.520000457763672,21.690000534057617,21.520000457763672,21.690000534057617,2400,0.0,0.0,0.0
2023-04-18 00:00:00-04:00,21.600000381469727,21.65999984741211,21.579999923706055,21.610000610351562,2500,0.0,0.0,0.0
2023-04-19 00:00:00-04:00,21.479999542236328,21.610000610351562,21.479999542236328,21.56999969482422,13100,0.0,0.0,0.0
2023-04-20 00:00:00-04:00,21.559999465942383,21.559999465942383,21.459999084472656,21.459999084472656,2100,0.0,0.0,0.0
2023-04-21 00:00:00-04:00,21.3799991607666,21.420000076293945,21.31999969482422,21.3700008392334,6100,0.0,0.0,0.0
2023-04-24 00:00:00-04:00,21.3700008392334,21.520000457763672,21.3700008392334,21.479999542236328,4100,0.0,0.0,0.0
2023-04-25 00:00:00-04:00,21.329999923706055,21.329999923706055,21.06999969482422,21.100000381469727,600,0.0,0.0,0.0
2023-04-26 00:00:00-04:00,21.030000686645508,21.110000610351562,20.899999618530273,20.950000762939453,3400,0.0,0.0,0.0
2023-04-27 00:00:00-04:00,21.09000015258789,21.270000457763672,21.079999923706055,21.209999084472656,4300,0.0,0.0,0.0
2023-04-28 00:00:00-04:00,21.399999618530273,21.520000457763672,21.299999237060547,21.469999313354492,2900,0.0,0.0,0.0
2023-05-01 00:00:00-04:00,21.469999313354492,21.510000228881836,21.31999969482422,21.34000015258789,5000,0.0,0.0,0.0
2023-05-02 00:00:00-04:00,21.1200008392334,21.1200008392334,20.729999542236328,20.889999389648438,6700,0.0,0.0,0.0
2023-05-03 00:00:00-04:00,20.8799991607666,20.8799991607666,20.690000534057617,20.729999542236328,2100,0.0,0.0,0.0
2023-05-04 00:00:00-04:00,20.6299991607666,20.6299991607666,20.34000015258789,20.350000381469727,2300,0.0,0.0,0.0
2023-05-05 00:00:00-04:00,20.6200008392334,20.829999923706055,20.6200008392334,20.829999923706055,3200,0.0,0.0,0.0
2023-05-08 00:00:00-04:00,20.889999389648438,20.959999084472656,20.729999542236328,20.729999542236328,3200,0.0,0.0,0.0
2023-05-09 00:00:00-04:00,20.68000030517578,20.760000228881836,20.68000030517578,20.719999313354492,1000,0.0,0.0,0.0
2023-05-10 00:00:00-04:00,20.65999984741211,20.690000534057617,20.520000457763672,20.690000534057617,10800,0.0,0.0,0.0
2023-05-11 00:00:00-04:00,20.639999389648438,20.639999389648438,20.479999542236328,20.610000610351562,5100,0.0,0.0,0.0
2023-05-12 00:00:00-04:00,20.559999465942383,20.559999465942383,20.450000762939453,20.510000228881836,1700,0.0,0.0,0.0
2023-05-15 00:00:00-04:00,20.639999389648438,20.799999237060547,20.639999389648438,20.770000457763672,4000,0.0,0.0,0.0
2023-05-16 00:00:00-04:00,20.6299991607666,20.6299991607666,20.459999084472656,20.459999084472656,2500,0.0,0.0,0.0
2023-05-17 00:00:00-04:00,20.5,20.850000381469727,20.5,20.850000381469727,1900,0.0,0.0,0.0
2023-05-18 00:00:00-04:00,20.75,20.950000762939453,20.75,20.950000762939453,1800,0.0,0.0,0.0
2023-05-19 00:00:00-04:00,21.010000228881836,21.010000228881836,20.860000610351562,20.860000610351562,7500,0.0,0.0,0.0
2023-05-22 00:00:00-04:00,20.989999771118164,21.040000915527344,20.90999984741211,21.030000686645508,8400,0.0,0.0,0.0
2023-05-23 00:00:00-04:00,21.059999465942383,21.06999969482422,20.979999542236328,20.979999542236328,29400,0.0,0.0,0.0
2023-05-24 00:00:00-04:00,20.860000610351562,20.860000610351562,20.780000686645508,20.790000915527344,2700,0.0,0.0,0.0
2023-05-25 00:00:00-04:00,20.68000030517578,20.780000686645508,20.549999237060547,20.6299991607666,12300,0.0,0.0,0.0
2023-05-26 00:00:00-04:00,20.709999084472656,20.780000686645508,20.6299991607666,20.760000228881836,4300,0.0,0.0,0.0
2023-05-30 00:00:00-04:00,20.709999084472656,20.709999084472656,20.510000228881836,20.579999923706055,12800,0.0,0.0,0.0
2023-05-31 00:00:00-04:00,20.540000915527344,20.540000915527344,20.309999465942383,20.389999389648438,11300,0.0,0.0,0.0
2023-06-01 00:00:00-04:00,20.520000457763672,20.600000381469727,20.43000030517578,20.549999237060547,16600,0.0,0.0,0.0
2023-06-02 00:00:00-04:00,21.170000076293945,21.170000076293945,21.1200008392334,21.1200008392334,1300,0.0,0.0,0.0
2023-06-05 00:00:00-04:00,21.15999984741211,21.15999984741211,20.989999771118164,21.059999465942383,1700,0.0,0.0,0.0
2023-06-06 00:00:00-04:00,20.799999237060547,21.40999984741211,20.799999237060547,21.40999984741211,4900,0.0,0.0,0.0
2023-06-07 00:00:00-04:00,21.309999465942383,21.690000534057617,21.309999465942383,21.690000534057617,1900,0.0,0.0,0.0
2023-06-08 00:00:00-04:00,21.600000381469727,21.670000076293945,21.510000228881836,21.579999923706055,4200,0.0,0.0,0.0
2023-06-09 00:00:00-04:00,21.5,21.600000381469727,21.489999771118164,21.520000457763672,4600,0.0,0.0,0.0
2023-06-12 00:00:00-04:00,21.549999237060547,21.549999237060547,21.389999389648438,21.479999542236328,13700,0.0,0.0,0.0
2023-06-13 00:00:00-04:00,21.68000030517578,21.68000030517578,21.6299991607666,21.639999389648438,800,0.0,0.0,0.0
2023-06-14 00:00:00-04:00,21.75,21.75,21.459999084472656,21.510000228881836,3300,0.0,0.0,0.0
2023-06-15 00:00:00-04:00,21.440000534057617,21.729999542236328,21.440000534057617,21.729999542236328,3300,0.0,0.0,0.0
2023-06-16 00:00:00-04:00,21.709999084472656,21.719999313354492,21.6200008392334,21.68000030517578,14900,0.0,0.0,0.0
2023-06-20 00:00:00-04:00,21.270000457763672,21.270000457763672,21.09000015258789,21.1299991607666,4900,0.0,0.0,0.0
2023-06-21 00:00:00-04:00,21.1299991607666,21.219999313354492,21.040000915527344,21.139999389648438,5100,0.0,0.0,0.0
2023-06-22 00:00:00-04:00,21.209999084472656,21.209999084472656,20.899999618530273,20.989999771118164,6600,0.0,0.0,0.0
2023-06-23 00:00:00-04:00,20.889999389648438,20.889999389648438,20.770000457763672,20.829999923706055,8800,0.0,0.0,0.0
2023-06-26 00:00:00-04:00,20.889999389648438,21.059999465942383,20.889999389648438,20.979999542236328,12700,0.0,0.0,0.0
2023-06-27 00:00:00-04:00,20.959999084472656,21.1200008392334,20.959999084472656,21.09000015258789,7000,0.0,0.0,0.0
2023-06-28 00:00:00-04:00,21.040000915527344,21.09000015258789,20.920000076293945,21.09000015258789,2100,0.0,0.0,0.0
2023-06-29 00:00:00-04:00,21.100000381469727,21.299999237060547,21.09000015258789,21.290000915527344,5800,0.0,0.0,0.0
2023-06-30 00:00:00-04:00,21.450000762939453,21.469999313354492,21.3700008392334,21.420000076293945,6900,0.0,0.0,0.0
2023-07-03 00:00:00-04:00,21.479999542236328,21.600000381469727,21.479999542236328,21.600000381469727,5800,0.0,0.0,0.0
2023-07-05 00:00:00-04:00,21.469999313354492,21.520000457763672,21.399999618530273,21.399999618530273,9500,0.0,0.0,0.0
2023-07-06 00:00:00-04:00,21.049999237060547,21.1299991607666,20.920000076293945,21.1200008392334,2400,0.0,0.0,0.0
2023-07-07 00:00:00-04:00,21.100000381469727,21.540000915527344,21.100000381469727,21.43000030517578,6700,0.0,0.0,0.0
2023-07-10 00:00:00-04:00,21.3700008392334,21.489999771118164,21.3700008392334,21.489999771118164,1500,0.0,0.0,0.0
2023-07-11 00:00:00-04:00,21.65999984741211,21.799999237060547,21.65999984741211,21.790000915527344,6100,0.0,0.0,0.0
2023-07-12 00:00:00-04:00,22.049999237060547,22.049999237060547,21.93000030517578,21.940000534057617,5500,0.0,0.0,0.0
2023-07-13 00:00:00-04:00,22.079999923706055,22.110000610351562,22.040000915527344,22.100000381469727,7000,0.0,0.0,0.0
2023-07-14 00:00:00-04:00,22.010000228881836,22.010000228881836,21.729999542236328,21.760000228881836,6200,0.0,0.0,0.0
2023-07-17 00:00:00-04:00,21.81999969482422,21.90999984741211,21.68000030517578,21.90999984741211,8100,0.0,0.0,0.0
2023-07-18 00:00:00-04:00,21.799999237060547,22.200000762939453,21.799999237060547,22.100000381469727,4100,0.0,0.0,0.0
2023-07-19 00:00:00-04:00,22.1299991607666,22.399999618530273,22.1299991607666,22.34000015258789,7800,0.0,0.0,0.0
2023-07-20 00:00:00-04:00,22.350000381469727,22.3799991607666,22.229999542236328,22.3700008392334,8800,0.0,0.0,0.0
2023-07-21 00:00:00-04:00,22.360000610351562,22.40999984741211,22.360000610351562,22.3799991607666,1100,0.0,0.0,0.0
2023-07-24 00:00:00-04:00,22.3700008392334,22.65999984741211,22.3700008392334,22.579999923706055,4400,0.0,0.0,0.0
2023-07-25 00:00:00-04:00,22.549999237060547,22.729999542236328,22.549999237060547,22.600000381469727,10400,0.0,0.0,0.0
2023-07-26 00:00:00-04:00,22.790000915527344,22.829999923706055,22.65999984741211,22.780000686645508,9200,0.0,0.0,0.0
2023-07-27 00:00:00-04:00,22.809999465942383,22.829999923706055,22.549999237060547,22.549999237060547,4800,0.0,0.0,0.0
2023-07-28 00:00:00-04:00,22.649999618530273,22.780000686645508,22.649999618530273,22.780000686645508,4100,0.0,0.0,0.0
2023-07-31 00:00:00-04:00,22.920000076293945,22.940000534057617,22.8700008392334,22.93000030517578,4300,0.0,0.0,0.0
2023-08-01 00:00:00-04:00,22.790000915527344,22.799999237060547,22.690000534057617,22.790000915527344,2500,0.0,0.0,0.0
2023-08-02 00:00:00-04:00,22.600000381469727,22.670000076293945,22.420000076293945,22.6200008392334,9800,0.0,0.0,0.0
2023-08-03 00:00:00-04:00,22.549999237060547,22.719999313354492,22.549999237060547,22.6299991607666,3400,0.0,0.0,0.0
2023-08-04 00:00:00-04:00,22.59000015258789,22.899999618530273,22.59000015258789,22.700000762939453,2500,0.0,0.0,0.0
2023-08-07 00:00:00-04:00,22.809999465942383,22.920000076293945,22.809999465942383,22.920000076293945,1700,0.0,0.0,0.0
2023-08-08 00:00:00-04:00,22.68000030517578,22.950000762939453,22.610000610351562,22.90999984741211,8000,0.0,0.0,0.0
2023-08-09 00:00:00-04:00,22.940000534057617,22.950000762939453,22.809999465942383,22.8799991607666,8400,0.0,0.0,0.0
2023-08-10 00:00:00-04:00,23.010000228881836,23.010000228881836,22.690000534057617,22.790000915527344,2200,0.0,0.0,0.0
2023-08-11 00:00:00-04:00,22.829999923706055,22.84000015258789,22.770000457763672,22.81999969482422,2800,0.0,0.0,0.0
2023-08-14 00:00:00-04:00,22.639999389648438,22.690000534057617,22.6299991607666,22.65999984741211,13700,0.0,0.0,0.0
2023-08-15 00:00:00-04:00,22.56999969482422,22.56999969482422,22.31999969482422,22.360000610351562,3400,0.0,0.0,0.0
2023-08-16 00:00:00-04:00,22.280000686645508,22.350000381469727,22.110000610351562,22.110000610351562,5300,0.0,0.0,0.0
2023-08-17 00:00:00-04:00,22.260000228881836,22.31999969482422,22.170000076293945,22.18000030517578,2500,0.0,0.0,0.0
2023-08-18 00:00:00-04:00,22.1200008392334,22.309999465942383,22.1200008392334,22.270000457763672,2600,0.0,0.0,0.0
2023-08-21 00:00:00-04:00,22.290000915527344,22.299999237060547,22.100000381469727,22.270000457763672,2800,0.0,0.0,0.0
2023-08-22 00:00:00-04:00,22.18000030517578,22.18000030517578,22.0,22.0,3100,0.0,0.0,0.0
2023-08-23 00:00:00-04:00,21.959999084472656,22.139999389648438,21.959999084472656,22.110000610351562,10700,0.0,0.0,0.0
2023-08-24 00:00:00-04:00,22.030000686645508,22.149999618530273,22.030000686645508,22.049999237060547,3900,0.0,0.0,0.0
2023-08-25 00:00:00-04:00,22.219999313354492,22.219999313354492,21.940000534057617,22.200000762939453,6600,0.0,0.0,0.0
2023-08-28 00:00:00-04:00,22.270000457763672,22.3799991607666,22.219999313354492,22.280000686645508,6800,0.0,0.0,0.0
2023-08-29 00:00:00-04:00,22.34000015258789,22.510000228881836,22.34000015258789,22.510000228881836,6000,0.0,0.0,0.0
2023-08-30 00:00:00-04:00,22.610000610351562,22.610000610351562,22.520000457763672,22.610000610351562,6300,0.0,0.0,0.0
2023-08-31 00:00:00-04:00,22.559999465942383,22.600000381469727,22.510000228881836,22.520000457763672,3100,0.0,0.0,0.0
2023-09-01 00:00:00-04:00,22.739999771118164,22.81999969482422,22.68000030517578,22.790000915527344,3400,0.0,0.0,0.0
2023-09-05 00:00:00-04:00,22.790000915527344,22.790000915527344,22.600000381469727,22.600000381469727,6100,0.0,0.0,0.0
2023-09-06 00:00:00-04:00,22.600000381469727,22.600000381469727,22.31999969482422,22.34000015258789,5400,0.0,0.0,0.0
2023-09-07 00:00:00-04:00,22.290000915527344,22.3799991607666,22.280000686645508,22.280000686645508,4700,0.0,0.0,0.0
2023-09-08 00:00:00-04:00,22.389999389648438,22.489999771118164,22.360000610351562,22.40999984741211,1700,0.0,0.0,0.0
2023-09-11 00:00:00-04:00,22.56999969482422,22.56999969482422,22.40999984741211,22.40999984741211,5300,0.0,0.0,0.0
2023-09-12 00:00:00-04:00,22.5,22.639999389648438,22.5,22.56999969482422,4600,0.0,0.0,0.0
2023-09-13 00:00:00-04:00,22.56999969482422,22.56999969482422,22.459999084472656,22.489999771118164,3000,0.0,0.0,0.0
2023-09-14 00:00:00-04:00,22.809999465942383,22.809999465942383,22.75,22.75,700,0.0,0.0,0.0
2023-09-15 00:00:00-04:00,22.6299991607666,22.700000762939453,22.549999237060547,22.56999969482422,2400,0.0,0.0,0.0
2023-09-18 00:00:00-04:00,22.40999984741211,22.420000076293945,22.3700008392334,22.389999389648438,2700,0.0,0.0,0.0
2023-09-19 00:00:00-04:00,22.520000457763672,22.540000915527344,22.280000686645508,22.280000686645508,5200,0.0,0.0,0.0
2023-09-20 00:00:00-04:00,22.450000762939453,22.719999313354492,22.270000457763672,22.270000457763672,13400,0.0,0.0,0.0
2023-09-21 00:00:00-04:00,22.110000610351562,22.170000076293945,21.950000762939453,21.969999313354492,7400,0.0,0.0,0.0
2023-09-22 00:00:00-04:00,22.100000381469727,22.100000381469727,21.920000076293945,21.920000076293945,17800,0.0,0.0,0.0
2023-09-25 00:00:00-04:00,21.770000457763672,22.030000686645508,21.770000457763672,21.969999313354492,10400,0.0,0.0,0.0
2023-09-26 00:00:00-04:00,21.969999313354492,21.969999313354492,21.719999313354492,21.770000457763672,7000,0.0,0.0,0.0
2023-09-27 00:00:00-04:00,21.81999969482422,21.90999984741211,21.760000228881836,21.790000915527344,3600,0.0,0.0,0.0
2023-09-28 00:00:00-04:00,21.950000762939453,22.059999465942383,21.809999465942383,22.010000228881836,6300,0.0,0.0,0.0
2023-09-29 00:00:00-04:00,22.06999969482422,22.06999969482422,21.8799991607666,21.93000030517578,5100,0.0,0.0,0.0
2023-10-02 00:00:00-04:00,21.68000030517578,21.690000534057617,21.40999984741211,21.5,3100,0.0,0.0,0.0
2023-10-03 00:00:00-04:00,21.229999542236328,21.229999542236328,21.100000381469727,21.110000610351562,2900,0.0,0.0,0.0
2023-10-04 00:00:00-04:00,21.18000030517578,21.18000030517578,20.790000915527344,21.030000686645508,3000,0.0,0.0,0.0
2023-10-05 00:00:00-04:00,20.920000076293945,21.100000381469727,20.920000076293945,21.030000686645508,5000,0.0,0.0,0.0
2023-10-06 00:00:00-04:00,20.920000076293945,21.260000228881836,20.8799991607666,21.229999542236328,4100,0.0,0.0,0.0
2023-10-09 00:00:00-04:00,21.209999084472656,21.479999542236328,21.209999084472656,21.469999313354492,6200,0.0,0.0,0.0
2023-10-10 00:00:00-04:00,21.6299991607666,21.790000915527344,21.6299991607666,21.719999313354492,6300,0.0,0.0,0.0
2023-10-11 00:00:00-04:00,21.65999984741211,21.770000457763672,21.6299991607666,21.700000762939453,3300,0.0,0.0,0.0
2023-10-12 00:00:00-04:00,21.75,21.75,21.469999313354492,21.56999969482422,1000,0.0,0.0,0.0
2023-10-13 00:00:00-04:00,21.739999771118164,21.739999771118164,21.56999969482422,21.59000015258789,5000,0.0,0.0,0.0
2023-10-16 00:00:00-04:00,21.770000457763672,21.899999618530273,21.639999389648438,21.850000381469727,30100,0.0,0.0,0.0
2023-10-17 00:00:00-04:00,21.850000381469727,22.059999465942383,21.850000381469727,22.010000228881836,5800,0.0,0.0,0.0
2023-10-18 00:00:00-04:00,21.829999923706055,21.860000610351562,21.75,21.770000457763672,5300,0.0,0.0,0.0
2023-10-19 00:00:00-04:00,21.760000228881836,21.809999465942383,21.579999923706055,21.59000015258789,6900,0.0,0.0,0.0
2023-10-20 00:00:00-04:00,21.610000610351562,21.610000610351562,21.34000015258789,21.399999618530273,4300,0.0,0.0,0.0
2023-10-23 00:00:00-04:00,21.329999923706055,21.399999618530273,21.270000457763672,21.290000915527344,2600,0.0,0.0,0.0
2023-10-24 00:00:00-04:00,21.239999771118164,21.34000015258789,21.219999313354492,21.229999542236328,13000,0.0,0.0,0.0
2023-10-25 00:00:00-04:00,21.190000534057617,21.209999084472656,21.049999237060547,21.139999389648438,2400,0.0,0.0,0.0
2023-10-26 00:00:00-04:00,21.049999237060547,21.25,21.049999237060547,21.1299991607666,9100,0.0,0.0,0.0
2023-10-27 00:00:00-04:00,21.209999084472656,21.209999084472656,20.90999984741211,21.020000457763672,10200,0.0,0.0,0.0
2023-10-30 00:00:00-04:00,21.049999237060547,21.139999389648438,20.959999084472656,21.06999969482422,9500,0.0,0.0,0.0
2023-10-31 00:00:00-04:00,21.09000015258789,21.270000457763672,21.09000015258789,21.209999084472656,6300,0.0,0.0,0.0
2023-11-01 00:00:00-04:00,21.219999313354492,21.43000030517578,21.219999313354492,21.43000030517578,6100,0.0,0.0,0.0
2023-11-02 00:00:00-04:00,21.790000915527344,22.010000228881836,21.700000762939453,22.010000228881836,9700,0.0,0.0,0.0
2023-11-03 00:00:00-04:00,22.219999313354492,22.3700008392334,22.219999313354492,22.260000228881836,10500,0.0,0.0,0.0
2023-11-06 00:00:00-05:00,22.3799991607666,22.3799991607666,21.959999084472656,21.989999771118164,6800,0.0,0.0,0.0
2023-11-07 00:00:00-05:00,22.049999237060547,22.049999237060547,21.760000228881836,21.809999465942383,10500,0.0,0.0,0.0
2023-11-08 00:00:00-05:00,21.8799991607666,21.8799991607666,21.65999984741211,21.670000076293945,6100,0.0,0.0,0.0
2023-11-09 00:00:00-05:00,21.770000457763672,21.770000457763672,21.440000534057617,21.459999084472656,10200,0.0,0.0,0.0
2023-11-10 00:00:00-05:00,21.670000076293945,21.709999084472656,21.579999923706055,21.709999084472656,800,0.0,0.0,0.0
2023-11-13 00:00:00-05:00,21.739999771118164,21.75,21.559999465942383,21.709999084472656,5900,0.0,0.0,0.0
2023-11-14 00:00:00-05:00,22.1200008392334,22.3799991607666,22.1200008392334,22.290000915527344,13700,0.0,0.0,0.0
2023-11-15 00:00:00-05:00,22.389999389648438,22.489999771118164,22.34000015258789,22.389999389648438,10100,0.0,0.0,0.0
2023-11-16 00:00:00-05:00,22.25,22.25,22.040000915527344,22.149999618530273,3600,0.0,0.0,0.0
2023-11-17 00:00:00-05:00,22.329999923706055,22.469999313354492,22.299999237060547,22.40999984741211,16100,0.0,0.0,0.0
2023-11-20 00:00:00-05:00,22.450000762939453,22.540000915527344,22.43000030517578,22.530000686645508,11600,0.0,0.0,0.0
2023-11-21 00:00:00-05:00,22.40999984741211,22.450000762939453,22.350000381469727,22.3799991607666,9900,0.0,0.0,0.0
2023-11-22 00:00:00-05:00,22.399999618530273,22.459999084472656,22.329999923706055,22.40999984741211,7200,0.0,0.0,0.0
2023-11-24 00:00:00-05:00,22.329999923706055,22.520000457763672,22.329999923706055,22.440000534057617,7800,0.0,0.0,0.0
2023-11-27 00:00:00-05:00,22.520000457763672,22.520000457763672,22.40999984741211,22.479999542236328,78100,0.0,0.0,0.0
2023-11-28 00:00:00-05:00,22.469999313354492,22.530000686645508,22.420000076293945,22.479999542236328,19000,0.0,0.0,0.0
2023-11-29 00:00:00-05:00,22.520000457763672,22.709999084472656,22.520000457763672,22.600000381469727,5000,0.0,0.0,0.0
2023-11-30 00:00:00-05:00,22.700000762939453,22.75,22.639999389648438,22.729999542236328,5400,0.0,0.0,0.0
2023-12-01 00:00:00-05:00,22.59000015258789,23.18000030517578,22.59000015258789,23.09000015258789,30400,0.0,0.0,0.0
2023-12-04 00:00:00-05:00,23.049999237060547,23.110000610351562,23.020000457763672,23.079999923706055,4900,0.0,0.0,0.0
2023-12-05 00:00:00-05:00,23.1200008392334,23.1200008392334,22.809999465942383,22.860000610351562,11300,0.0,0.0,0.0
2023-12-06 00:00:00-05:00,22.989999771118164,23.0,22.670000076293945,22.670000076293945,9400,0.0,0.0,0.0
2023-12-07 00:00:00-05:00,22.75,22.790000915527344,22.6299991607666,22.75,5200,0.0,0.0,0.0
2023-12-08 00:00:00-05:00,22.75,22.940000534057617,22.75,22.940000534057617,9600,0.0,0.0,0.0
2023-12-11 00:00:00-05:00,22.90999984741211,22.920000076293945,22.81999969482422,22.850000381469727,7700,0.0,0.0,0.0
2023-12-12 00:00:00-05:00,22.850000381469727,22.850000381469727,22.65999984741211,22.739999771118164,8000,0.0,0.0,0.0
2023-12-13 00:00:00-05:00,22.729999542236328,23.299999237060547,22.65999984741211,23.299999237060547,18400,0.0,0.0,0.0
2023-12-14 00:00:00-05:00,23.56999969482422,23.84000015258789,23.5,23.770000457763672,15100,0.0,0.0,0.0
2023-12-15 00:00:00-05:00,23.799999237060547,23.799999237060547,23.559999465942383,23.709999084472656,7600,0.0,0.0,0.0
2023-12-18 00:00:00-05:00,23.600000381469727,23.600000381469727,23.440000534057617,23.440000534057617,14900,0.0,0.0,0.0
2023-12-19 00:00:00-05:00,23.399999618530273,23.799999237060547,23.399999618530273,23.799999237060547,5200,0.0,0.0,0.0
2023-12-20 00:00:00-05:00,23.809999465942383,23.940000534057617,23.530000686645508,23.540000915527344,15500,0.0,0.0,0.0
2023-12-21 00:00:00-05:00,23.68000030517578,23.760000228881836,23.549999237060547,23.75,19200,0.0,0.0,0.0
2023-12-22 00:00:00-05:00,23.84000015258789,23.889999389648438,23.75,23.780000686645508,17300,0.0,0.0,0.0
2023-12-26 00:00:00-05:00,23.84000015258789,24.0,23.799999237060547,23.959999084472656,9800,0.0,0.0,0.0
2023-12-27 00:00:00-05:00,23.93000030517578,24.030000686645508,23.90999984741211,23.940000534057617,9500,0.0,0.0,0.0
2023-12-28 00:00:00-05:00,24.020000457763672,24.020000457763672,23.850000381469727,23.860000610351562,11300,0.0,0.0,0.0
2023-12-29 00:00:00-05:00,23.920000076293945,23.920000076293945,23.719999313354492,23.760000228881836,9700,0.0,0.0,0.0
2024-01-02 00:00:00-05:00,23.760000228881836,23.8700008392334,23.68000030517578,23.709999084472656,12100,0.0,0.0,0.0
2024-01-03 00:00:00-05:00,23.729999542236328,23.770000457763672,23.559999465942383,23.6299991607666,49900,0.0,0.0,0.0
2024-01-04 00:00:00-05:00,23.6299991607666,23.719999313354492,23.469999313354492,23.469999313354492,88700,0.0,0.0,0.0
2024-01-05 00:00:00-05:00,23.469999313354492,23.709999084472656,23.469999313354492,23.59000015258789,13400,0.0,0.0,0.0
2024-01-08 00:00:00-05:00,23.420000076293945,23.709999084472656,23.40999984741211,23.6200008392334,10500,0.0,0.0,0.0
2024-01-09 00:00:00-05:00,23.540000915527344,23.579999923706055,23.420000076293945,23.479999542236328,16400,0.0,0.0,0.0
2024-01-10 00:00:00-05:00,23.510000228881836,23.510000228881836,23.3700008392334,23.440000534057617,3500,0.0,0.0,0.0
2024-01-11 00:00:00-05:00,23.450000762939453,23.489999771118164,23.34000015258789,23.420000076293945,6000,0.0,0.0,0.0
2024-01-12 00:00:00-05:00,23.6200008392334,23.6200008392334,23.389999389648438,23.479999542236328,10800,0.0,0.0,0.0
2024-01-16 00:00:00-05:00,23.450000762939453,23.450000762939453,23.110000610351562,23.170000076293945,8700,0.0,0.0,0.0
2024-01-17 00:00:00-05:00,22.959999084472656,23.030000686645508,22.899999618530273,22.989999771118164,4400,0.0,0.0,0.0
2024-01-18 00:00:00-05:00,23.0,23.0,22.780000686645508,22.920000076293945,8800,0.0,0.0,0.0
2024-01-19 00:00:00-05:00,22.950000762939453,23.1200008392334,22.90999984741211,23.1200008392334,4500,0.0,0.0,0.0
2024-01-22 00:00:00-05:00,23.309999465942383,23.3799991607666,23.270000457763672,23.360000610351562,10500,0.0,0.0,0.0
2024-01-23 00:00:00-05:00,23.440000534057617,23.489999771118164,23.299999237060547,23.420000076293945,17300,0.0,0.0,0.0
2024-01-24 00:00:00-05:00,23.520000457763672,23.59000015258789,23.40999984741211,23.43000030517578,13000,0.0,0.0,0.0
2024-01-25 00:00:00-05:00,23.600000381469727,23.690000534057617,23.510000228881836,23.649999618530273,26900,0.0,0.0,0.0
2024-01-26 00:00:00-05:00,23.760000228881836,23.8700008392334,23.700000762939453,23.8700008392334,8800,0.0,0.0,0.0
2024-01-29 00:00:00-05:00,23.959999084472656,23.959999084472656,23.709999084472656,23.920000076293945,9300,0.0,0.0,0.0
2024-01-30 00:00:00-05:00,23.950000762939453,24.049999237060547,23.790000915527344,24.049999237060547,12500,0.0,0.0,0.0
2024-01-31 00:00:00-05:00,24.06999969482422,24.06999969482422,23.700000762939453,23.700000762939453,10900,0.0,0.0,0.0
2024-02-01 00:00:00-05:00,23.799999237060547,23.860000610351562,23.600000381469727,23.799999237060547,12000,0.0,0.0,0.0
2024-02-02 00:00:00-05:00,23.559999465942383,23.700000762939453,23.510000228881836,23.600000381469727,11000,0.0,0.0,0.0
2024-02-05 00:00:00-05:00,23.469999313354492,23.520000457763672,23.280000686645508,23.450000762939453,6900,0.0,0.0,0.0
2024-02-06 00:00:00-05:00,23.520000457763672,23.649999618530273,23.469999313354492,23.489999771118164,13000,0.0,0.0,0.0
2024-02-07 00:00:00-05:00,23.520000457763672,23.610000610351562,23.420000076293945,23.459999084472656,47200,0.0,0.0,0.0
2024-02-08 00:00:00-05:00,23.520000457763672,23.56999969482422,23.40999984741211,23.56999969482422,19600,0.0,0.0,0.0
2024-02-09 00:00:00-05:00,23.56999969482422,23.719999313354492,23.56999969482422,23.719999313354492,1800,0.0,0.0,0.0
2024-02-12 00:00:00-05:00,23.68000030517578,23.989999771118164,23.68000030517578,23.889999389648438,5600,0.0,0.0,0.0
2024-02-13 00:00:00-05:00,23.68000030517578,23.68000030517578,23.31999969482422,23.5,6300,0.0,0.0,0.0
2024-02-14 00:00:00-05:00,23.670000076293945,23.690000534057617,23.5,23.56999969482422,8200,0.0,0.0,0.0
2024-02-15 00:00:00-05:00,23.790000915527344,24.139999389648438,23.790000915527344,24.1299991607666,5500,0.0,0.0,0.0
2024-02-16 00:00:00-05:00,24.170000076293945,24.18000030517578,24.010000228881836,24.040000915527344,11700,0.0,0.0,0.0
2024-02-20 00:00:00-05:00,24.1200008392334,24.1200008392334,23.940000534057617,24.020000457763672,9300,0.0,0.0,0.0
2024-02-21 00:00:00-05:00,24.010000228881836,24.18000030517578,24.010000228881836,24.139999389648438,7500,0.0,0.0,0.0
2024-02-22 00:00:00-05:00,24.139999389648438,24.280000686645508,24.139999389648438,24.239999771118164,9300,0.0,0.0,0.0
2024-02-23 00:00:00-05:00,24.18000030517578,24.329999923706055,24.139999389648438,24.270000457763672,11100,0.0,0.0,0.0
2024-02-26 00:00:00-05:00,24.309999465942383,24.489999771118164,24.209999084472656,24.270000457763672,7900,0.0,0.0,0.0
2024-02-27 00:00:00-05:00,24.3700008392334,24.3799991607666,24.270000457763672,24.31999969482422,13900,0.0,0.0,0.0
2024-02-28 00:00:00-05:00,24.239999771118164,24.360000610351562,24.209999084472656,24.219999313354492,9200,0.0,0.0,0.0
2024-02-29 00:00:00-05:00,24.3799991607666,24.5,24.350000381469727,24.5,15000,0.0,0.0,0.0
2024-03-01 00:00:00-05:00,24.56999969482422,24.59000015258789,24.389999389648438,24.579999923706055,7300,0.0,0.0,0.0
2024-03-04 00:00:00-05:00,24.600000381469727,24.600000381469727,24.399999618530273,24.399999618530273,11200,0.0,0.0,0.0
2024-03-05 00:00:00-05:00,24.3700008392334,24.639999389648438,24.3700008392334,24.5,12100,0.0,0.0,0.0
2024-03-06 00:00:00-05:00,24.780000686645508,24.780000686645508,24.65999984741211,24.700000762939453,31600,0.0,0.0,0.0
2024-03-07 00:00:00-05:00,24.850000381469727,24.920000076293945,24.81999969482422,24.920000076293945,10700,0.0,0.0,0.0
2024-03-08 00:00:00-05:00,24.920000076293945,24.940000534057617,24.780000686645508,24.790000915527344,14500,0.0,0.0,0.0
2024-03-11 00:00:00-04:00,24.920000076293945,24.979999542236328,24.780000686645508,24.90999984741211,13800,0.0,0.0,0.0
2024-03-12 00:00:00-04:00,25.059999465942383,25.059999465942383,24.860000610351562,24.979999542236328,5900,0.0,0.0,0.0
2024-03-13 00:00:00-04:00,25.110000610351562,25.219999313354492,25.110000610351562,25.1200008392334,4400,0.0,0.0,0.0
2024-03-14 00:00:00-04:00,25.100000381469727,25.100000381469727,24.8799991607666,24.93000030517578,21500,0.0,0.0,0.0
2024-03-15 00:00:00-04:00,25.040000915527344,25.1299991607666,24.920000076293945,24.959999084472656,8500,0.0,0.0,0.0
2024-03-18 00:00:00-04:00,24.8700008392334,24.940000534057617,24.739999771118164,24.850000381469727,4100,0.0,0.0,0.0
2024-03-19 00:00:00-04:00,24.940000534057617,25.100000381469727,24.920000076293945,25.040000915527344,9400,0.0,0.0,0.0
2024-03-20 00:00:00-04:00,25.040000915527344,25.350000381469727,24.979999542236328,25.329999923706055,9600,0.0,0.0,0.0
2024-03-21 00:00:00-04:00,25.459999084472656,25.559999465942383,25.43000030517578,25.510000228881836,21800,0.0,0.0,0.0
2024-03-22 00:00:00-04:00,25.610000610351562,25.610000610351562,25.239999771118164,25.290000915527344,12800,0.0,0.0,0.0
2024-03-25 00:00:00-04:00,25.40999984741211,25.450000762939453,25.290000915527344,25.31999969482422,7600,0.0,0.0,0.0
2024-03-26 00:00:00-04:00,25.3700008392334,25.3700008392334,25.25,25.280000686645508,8200,0.0,0.0,0.0
2024-03-27 00:00:00-04:00,25.280000686645508,25.549999237060547,25.280000686645508,25.549999237060547,14300,0.0,0.0,0.0
2024-03-28 00:00:00-04:00,25.690000534057617,25.799999237060547,25.649999618530273,25.719999313354492,21500,0.0,0.0,0.0
2024-04-01 00:00:00-04:00,25.709999084472656,25.75,25.399999618530273,25.700000762939453,20300,0.0,0.0,0.0
2024-04-02 00:00:00-04:00,25.489999771118164,25.59000015258789,25.40999984741211,25.510000228881836,6000,0.0,0.0,0.0
2024-04-03 00:00:00-04:00,25.549999237060547,25.729999542236328,25.549999237060547,25.670000076293945,13000,0.0,0.0,0.0
2024-04-04 00:00:00-04:00,25.780000686645508,25.969999313354492,25.610000610351562,25.709999084472656,14400,0.0,0.0,0.0
2024-04-05 00:00:00-04:00,25.709999084472656,25.829999923706055,25.670000076293945,25.829999923706055,9600,0.0,0.0,0.0
2024-04-08 00:00:00-04:00,25.84000015258789,25.8799991607666,25.790000915527344,25.790000915527344,11100,0.0,0.0,0.0
2024-04-09 00:00:00-04:00,25.860000610351562,25.860000610351562,25.68000030517578,25.729999542236328,5400,0.0,0.0,0.0
2024-04-10 00:00:00-04:00,25.65999984741211,25.65999984741211,25.270000457763672,25.399999618530273,13800,0.0,0.0,0.0
2024-04-11 00:00:00-04:00,25.399999618530273,25.399999618530273,25.1200008392334,25.280000686645508,5000,0.0,0.0,0.0
2024-04-12 00:00:00-04:00,25.170000076293945,25.239999771118164,24.950000762939453,24.950000762939453,6800,0.0,0.0,0.0
2024-04-15 00:00:00-04:00,25.170000076293945,25.170000076293945,24.59000015258789,24.6200008392334,26500,0.0,0.0,0.0
2024-04-16 00:00:00-04:00,24.6200008392334,24.6200008392334,24.43000030517578,24.530000686645508,5500,0.0,0.0,0.0
2024-04-17 00:00:00-04:00,24.700000762939453,24.729999542236328,24.479999542236328,24.510000228881836,4800,0.0,0.0,0.0
2024-04-18 00:00:00-04:00,24.520000457763672,24.65999984741211,24.479999542236328,24.479999542236328,4600,0.0,0.0,0.0
2024-04-19 00:00:00-04:00,24.450000762939453,24.84000015258789,24.450000762939453,24.719999313354492,2400,0.0,0.0,0.0
2024-04-22 00:00:00-04:00,24.93000030517578,25.010000228881836,24.81999969482422,24.8799991607666,8500,0.0,0.0,0.0
2024-04-23 00:00:00-04:00,24.940000534057617,25.270000457763672,24.940000534057617,25.190000534057617,1900,0.0,0.0,0.0
2024-04-24 00:00:00-04:00,25.190000534057617,25.25,25.100000381469727,25.25,11900,0.0,0.0,0.0
2024-04-25 00:00:00-04:00,25.260000228881836,25.260000228881836,24.93000030517578,25.170000076293945,6300,0.0,0.0,0.0
2024-04-26 00:00:00-04:00,25.030000686645508,25.270000457763672,25.030000686645508,25.149999618530273,11200,0.0,0.0,0.0
2024-04-29 00:00:00-04:00,25.209999084472656,25.3799991607666,25.209999084472656,25.360000610351562,6600,0.0,0.0,0.0
2024-04-30 00:00:00-04:00,25.219999313354492,25.219999313354492,24.8700008392334,24.8700008392334,12300,0.0,0.0,0.0
2024-05-01 00:00:00-04:00,24.940000534057617,25.079999923706055,24.75,24.860000610351562,6400,0.0,0.0,0.0
2024-05-02 00:00:00-04:00,25.1299991607666,25.1299991607666,24.8700008392334,25.079999923706055,6200,0.0,0.0,0.0
2024-05-03 00:00:00-04:00,25.280000686645508,25.290000915527344,25.170000076293945,25.270000457763672,4800,0.0,0.0,0.0
2024-05-06 00:00:00-04:00,25.360000610351562,25.540000915527344,25.360000610351562,25.479999542236328,8000,0.0,0.0,0.0
2024-05-07 00:00:00-04:00,25.56999969482422,25.59000015258789,25.510000228881836,25.530000686645508,7300,0.0,0.0,0.0
2024-05-08 00:00:00-04:00,25.56999969482422,25.56999969482422,25.43000030517578,25.520000457763672,5000,0.0,0.0,0.0
2024-05-09 00:00:00-04:00,25.5,25.709999084472656,25.5,25.68000030517578,3300,0.0,0.0,0.0
2024-05-10 00:00:00-04:00,25.739999771118164,25.790000915527344,25.479999542236328,25.549999237060547,6500,0.0,0.0,0.0
2024-05-13 00:00:00-04:00,25.65999984741211,25.81999969482422,25.56999969482422,25.600000381469727,2600,0.0,0.0,0.0
2024-05-14 00:00:00-04:00,25.700000762939453,25.709999084472656,25.600000381469727,25.709999084472656,5000,0.0,0.0,0.0
2024-05-15 00:00:00-04:00,25.889999389648438,25.889999389648438,25.760000228881836,25.829999923706055,6100,0.0,0.0,0.0
2024-05-16 00:00:00-04:00,25.780000686645508,25.860000610351562,25.760000228881836,25.790000915527344,5200,0.0,0.0,0.0
2024-05-17 00:00:00-04:00,25.68000030517578,25.93000030517578,25.68000030517578,25.93000030517578,4100,0.0,0.0,0.0
2024-05-20 00:00:00-04:00,25.93000030517578,25.979999542236328,25.850000381469727,25.8799991607666,8500,0.0,0.0,0.0
2024-05-21 00:00:00-04:00,25.93000030517578,25.93000030517578,25.84000015258789,25.93000030517578,3600,0.0,0.0,0.0
2024-05-22 00:00:00-04:00,25.93000030517578,25.93000030517578,25.6200008392334,25.65999984741211,13400,0.0,0.0,0.0
2024-05-23 00:00:00-04:00,25.540000915527344,25.56999969482422,25.389999389648438,25.389999389648438,5100,0.0,0.0,0.0
2024-05-24 00:00:00-04:00,25.40999984741211,25.610000610351562,25.40999984741211,25.520000457763672,4400,0.0,0.0,0.0
2024-05-28 00:00:00-04:00,25.520000457763672,25.6200008392334,25.459999084472656,25.610000610351562,10400,0.0,0.0,0.0
2024-05-29 00:00:00-04:00,25.489999771118164,25.489999771118164,25.18000030517578,25.209999084472656,5500,0.0,0.0,0.0
2024-05-30 00:00:00-04:00,25.200000762939453,25.450000762939453,25.139999389648438,25.43000030517578,16200,0.0,0.0,0.0
2024-05-31 00:00:00-04:00,25.540000915527344,25.780000686645508,25.510000228881836,25.780000686645508,3500,0.0,0.0,0.0
2024-06-03 00:00:00-04:00,25.84000015258789,25.84000015258789,25.510000228881836,25.610000610351562,2100,0.0,0.0,0.0
2024-06-04 00:00:00-04:00,25.440000534057617,25.459999084472656,25.299999237060547,25.329999923706055,5500,0.0,0.0,0.0
2024-06-05 00:00:00-04:00,25.40999984741211,25.40999984741211,25.170000076293945,25.299999237060547,7300,0.0,0.0,0.0
2024-06-06 00:00:00-04:00,25.280000686645508,25.43000030517578,25.260000228881836,25.43000030517578,6600,0.0,0.0,0.0
2024-06-07 00:00:00-04:00,25.290000915527344,25.360000610351562,25.260000228881836,25.290000915527344,3900,0.0,0.0,0.0
2024-06-10 00:00:00-04:00,25.360000610351562,25.360000610351562,25.18000030517578,25.260000228881836,5800,0.0,0.0,0.0
2024-06-11 00:00:00-04:00,25.139999389648438,25.139999389648438,25.030000686645508,25.06999969482422,14000,0.0,0.0,0.0
2024-06-12 00:00:00-04:00,25.260000228881836,25.469999313354492,25.219999313354492,25.219999313354492,8200,0.0,0.0,0.0
2024-06-13 00:00:00-04:00,25.18000030517578,25.18000030517578,24.959999084472656,25.040000915527344,3100,0.0,0.0,0.0
2024-06-14 00:00:00-04:00,24.899999618530273,24.899999618530273,24.75,24.799999237060547,7100,0.0,0.0,0.0
2024-06-17 00:00:00-04:00,24.719999313354492,24.93000030517578,24.670000076293945,24.90999984741211,3300,0.0,0.0,0.0
2024-06-18 00:00:00-04:00,25.030000686645508,25.06999969482422,24.969999313354492,24.969999313354492,3400,0.0,0.0,0.0
2024-06-20 00:00:00-04:00,24.950000762939453,25.149999618530273,24.950000762939453,25.1299991607666,6700,0.0,0.0,0.0
2024-06-21 00:00:00-04:00,25.06999969482422,25.149999618530273,25.059999465942383,25.1200008392334,4400,0.0,0.0,0.0
2024-06-24 00:00:00-04:00,25.0,25.15999984741211,24.899999618530273,25.139999389648438,4200,0.0,0.0,0.0
2024-06-25 00:00:00-04:00,25.229999542236328,25.229999542236328,24.90999984741211,24.989999771118164,3100,0.0,0.0,0.0
2024-06-26 00:00:00-04:00,25.0,25.0,24.780000686645508,24.90999984741211,4400,0.0,0.0,0.0
2024-06-27 00:00:00-04:00,25.030000686645508,25.149999618530273,24.850000381469727,24.920000076293945,11000,0.0,0.0,0.0
2024-06-28 00:00:00-04:00,25.110000610351562,25.170000076293945,25.030000686645508,25.079999923706055,9400,0.0,0.0,0.0
2024-07-01 00:00:00-04:00,25.1200008392334,25.1200008392334,25.040000915527344,25.06999969482422,2300,0.0,0.0,0.0
2024-07-02 00:00:00-04:00,25.049999237060547,25.139999389648438,25.040000915527344,25.100000381469727,18500,0.0,0.0,0.0
2024-07-03 00:00:00-04:00,25.25,25.25,25.190000534057617,25.190000534057617,2400,0.0,0.0,0.0
2024-07-05 00:00:00-04:00,25.06999969482422,25.06999969482422,24.950000762939453,25.0,4800,0.0,0.0,0.0
2024-07-08 00:00:00-04:00,24.90999984741211,25.09000015258789,24.90999984741211,24.969999313354492,5100,0.0,0.0,0.0
2024-07-09 00:00:00-04:00,24.920000076293945,25.110000610351562,24.84000015258789,24.959999084472656,7300,0.0,0.0,0.0
2024-07-10 00:00:00-04:00,25.0,25.170000076293945,24.979999542236328,25.170000076293945,9300,0.0,0.0,0.0
2024-07-11 00:00:00-04:00,25.34000015258789,25.510000228881836,25.34000015258789,25.510000228881836,11100,0.0,0.0,0.0
2024-07-12 00:00:00-04:00,25.56999969482422,25.690000534057617,25.56999969482422,25.670000076293945,6100,0.0,0.0,0.0
2024-07-15 00:00:00-04:00,25.829999923706055,25.8799991607666,25.739999771118164,25.8700008392334,5700,0.0,0.0,0.0
2024-07-16 00:00:00-04:00,25.8700008392334,26.219999313354492,25.8700008392334,26.219999313354492,6600,0.0,0.0,0.0
2024-07-17 00:00:00-04:00,26.15999984741211,26.389999389648438,25.899999618530273,26.260000228881836,3700,0.0,0.0,0.0
2024-07-18 00:00:00-04:00,26.299999237060547,26.34000015258789,26.040000915527344,26.040000915527344,3500,0.0,0.0,0.0
2024-07-19 00:00:00-04:00,25.989999771118164,25.989999771118164,25.860000610351562,25.899999618530273,1000,0.0,0.0,0.0
2024-07-22 00:00:00-04:00,25.940000534057617,26.06999969482422,25.780000686645508,26.06999969482422,2100,0.0,0.0,0.0
2024-07-23 00:00:00-04:00,25.920000076293945,26.010000228881836,25.8799991607666,25.93000030517578,3500,0.0,0.0,0.0
2024-07-24 00:00:00-04:00,25.8799991607666,25.93000030517578,25.610000610351562,25.610000610351562,6800,0.0,0.0,0.0
2024-07-25 00:00:00-04:00,25.739999771118164,26.0,25.739999771118164,25.84000015258789,3800,0.0,0.0,0.0
2024-07-26 00:00:00-04:00,26.079999923706055,26.229999542236328,26.030000686645508,26.219999313354492,8400,0.0,0.0,0.0
2024-07-29 00:00:00-04:00,26.280000686645508,26.280000686645508,25.959999084472656,26.059999465942383,9200,0.0,0.0,0.0
2024-07-30 00:00:00-04:00,26.079999923706055,26.389999389648438,26.079999923706055,26.3700008392334,20800,0.0,0.0,0.0
2024-07-31 00:00:00-04:00,26.3700008392334,26.520000457763672,25.90999984741211,26.329999923706055,2300,0.0,0.0,0.0
2024-08-01 00:00:00-04:00,26.440000534057617,26.440000534057617,25.729999542236328,25.81999969482422,2700,0.0,0.0,0.0
2024-08-02 00:00:00-04:00,25.469999313354492,25.469999313354492,24.920000076293945,25.110000610351562,14300,0.0,0.0,0.0
2024-08-05 00:00:00-04:00,24.299999237060547,24.639999389648438,24.299999237060547,24.56999969482422,5600,0.0,0.0,0.0
2024-08-06 00:00:00-04:00,24.56999969482422,24.93000030517578,24.56999969482422,24.760000228881836,4400,0.0,0.0,0.0
2024-08-07 00:00:00-04:00,25.020000457763672,25.049999237060547,24.729999542236328,24.729999542236328,3100,0.0,0.0,0.0
2024-08-08 00:00:00-04:00,25.149999618530273,25.209999084472656,25.06999969482422,25.170000076293945,2400,0.0,0.0,0.0
2024-08-09 00:00:00-04:00,25.190000534057617,25.280000686645508,25.190000534057617,25.209999084472656,2700,0.0,0.0,0.0
2024-08-12 00:00:00-04:00,25.329999923706055,25.329999923706055,25.09000015258789,25.1200008392334,8400,0.0,0.0,0.0
2024-08-13 00:00:00-04:00,25.239999771118164,25.309999465942383,25.059999465942383,25.239999771118164,5900,0.0,0.0,0.0
2024-08-14 00:00:00-04:00,25.389999389648438,25.389999389648438,25.34000015258789,25.3799991607666,1500,0.0,0.0,0.0
2024-08-15 00:00:00-04:00,25.5,25.75,25.5,25.690000534057617,8400,0.0,0.0,0.0
2024-08-16 00:00:00-04:00,25.739999771118164,25.84000015258789,25.729999542236328,25.84000015258789,3200,0.0,0.0,0.0
2024-08-19 00:00:00-04:00,25.850000381469727,26.079999923706055,25.850000381469727,25.959999084472656,3900,0.0,0.0,0.0
2024-08-20 00:00:00-04:00,26.06999969482422,26.06999969482422,25.65999984741211,25.690000534057617,6100,0.0,0.0,0.0
2024-08-21 00:00:00-04:00,25.75,25.899999618530273,25.75,25.84000015258789,7100,0.0,0.0,0.0
2024-08-22 00:00:00-04:00,25.84000015258789,25.889999389648438,25.770000457763672,25.780000686645508,3700,0.0,0.0,0.0
2024-08-23 00:00:00-04:00,25.940000534057617,26.25,25.940000534057617,26.149999618530273,7600,0.0,0.0,0.0
2024-08-26 00:00:00-04:00,26.270000457763672,26.5,26.270000457763672,26.31999969482422,2800,0.0,0.0,0.0
2024-08-27 00:00:00-04:00,26.280000686645508,26.329999923706055,26.1299991607666,26.239999771118164,4300,0.0,0.0,0.0
2024-08-28 00:00:00-04:00,26.260000228881836,26.260000228881836,26.110000610351562,26.209999084472656,6200,0.0,0.0,0.0
2024-08-29 00:00:00-04:00,26.18000030517578,26.440000534057617,26.1200008392334,26.329999923706055,4300,0.0,0.0,0.0
2024-08-30 00:00:00-04:00,26.260000228881836,26.43000030517578,26.260000228881836,26.43000030517578,2600,0.0,0.0,0.0
