Date,Open,High,Low,Close,Volume,Dividends,Stock Splits
2018-05-03 00:00:00-04:00,1232.0,1236.9000244140625,854.0,945.0,229,0.0,0.0
2018-05-04 00:00:00-04:00,938.0,4116.0,890.4000244140625,2884.0,744,0.0,0.0
2018-05-07 00:00:00-04:00,2842.0,4508.0,2450.0,3199.0,465,0.0,0.0
2018-05-08 00:00:00-04:00,2940.0,3555.300048828125,2632.699951171875,2660.0,110,0.0,0.0
2018-05-09 00:00:00-04:00,2807.0,2807.0,2100.0,2303.0,93,0.0,0.0
2018-05-10 00:00:00-04:00,2275.0,2345.0,1694.0,2138.5,124,0.0,0.0
2018-05-11 00:00:00-04:00,2100.0,2590.0,2100.0,2359.0,69,0.0,0.0
2018-05-14 00:00:00-04:00,2345.0,2415.0,2171.39990234375,2205.0,30,0.0,0.0
2018-05-15 00:00:00-04:00,2275.0,2345.0,2114.0,2310.0,14,0.0,0.0
2018-05-16 00:00:00-04:00,2233.0,3080.0,2226.0,2863.0,87,0.0,0.0
2018-05-17 00:00:00-04:00,2800.0,2800.0,2365.300048828125,2492.0,36,0.0,0.0
2018-05-18 00:00:00-04:00,2457.0,2485.0,2436.0,2450.0,21,0.0,0.0
2018-05-21 00:00:00-04:00,2436.0,2539.60009765625,2205.0,2443.0,23,0.0,0.0
2018-05-22 00:00:00-04:00,2296.0,2429.0,2240.0,2422.0,17,0.0,0.0
2018-05-23 00:00:00-04:00,2282.0,2282.0,1869.699951171875,2170.0,41,0.0,0.0
2018-05-24 00:00:00-04:00,1911.0,2181.199951171875,1911.0,1967.0,9,0.0,0.0
2018-05-25 00:00:00-04:00,2030.0,2100.0,2030.0,2100.0,12,0.0,0.0
2018-05-29 00:00:00-04:00,2106.300048828125,2198.0,2100.0,2100.0,18,0.0,0.0
2018-05-30 00:00:00-04:00,2205.0,2205.0,2100.0,2114.0,12,0.0,0.0
2018-05-31 00:00:00-04:00,2114.0,2177.0,1925.0,2177.0,20,0.0,0.0
2018-06-01 00:00:00-04:00,2159.5,2352.0,2107.0,2240.0,14,0.0,0.0
2018-06-04 00:00:00-04:00,2240.0,2415.0,2100.0,2261.0,18,0.0,0.0
2018-06-05 00:00:00-04:00,2254.0,2436.0,2100.0,2436.0,36,0.0,0.0
2018-06-06 00:00:00-04:00,2345.0,2345.0,2184.0,2345.0,4,0.0,0.0
2018-06-07 00:00:00-04:00,2177.0,2345.0,2177.0,2309.300048828125,7,0.0,0.0
2018-06-08 00:00:00-04:00,2205.0,2310.0,2177.0,2289.0,9,0.0,0.0
2018-06-11 00:00:00-04:00,2177.0,2296.0,2170.0,2247.0,7,0.0,0.0
2018-06-12 00:00:00-04:00,2240.0,2296.0,2100.0,2240.0,5,0.0,0.0
2018-06-13 00:00:00-04:00,2184.0,2184.0,1890.0,1939.699951171875,34,0.0,0.0
2018-06-14 00:00:00-04:00,1925.0,2086.0,1925.0,1960.0,17,0.0,0.0
2018-06-15 00:00:00-04:00,1960.0,1960.0,1778.0,1939.0,36,0.0,0.0
2018-06-18 00:00:00-04:00,1848.0,1939.0,1848.0,1939.0,7,0.0,0.0
2018-06-19 00:00:00-04:00,1862.0,1950.199951171875,1778.0,1939.0,6,0.0,0.0
2018-06-20 00:00:00-04:00,1890.0,1925.0,1785.0,1925.0,9,0.0,0.0
2018-06-21 00:00:00-04:00,1820.0,2030.0,1778.0,1925.0,8,0.0,0.0
2018-06-22 00:00:00-04:00,1827.0,2016.0,1785.0,1960.0,6,0.0,0.0
2018-06-25 00:00:00-04:00,1939.0,1939.0,1792.0,1820.0,4,0.0,0.0
2018-06-26 00:00:00-04:00,1820.0,1911.0,1806.0,1854.300048828125,10,0.0,0.0
2018-06-27 00:00:00-04:00,1911.0,1911.0,1785.0,1834.0,18,0.0,0.0
2018-06-28 00:00:00-04:00,1883.0,1883.0,1820.0,1841.0,17,0.0,0.0
2018-06-29 00:00:00-04:00,1834.0,1946.0,1820.0,1946.0,8,0.0,0.0
2018-07-02 00:00:00-04:00,2051.0,2051.0,1820.0,1897.0,7,0.0,0.0
2018-07-03 00:00:00-04:00,1820.0,1890.0,1778.0,1890.0,9,0.0,0.0
2018-07-05 00:00:00-04:00,1896.300048828125,1897.0,1778.0,1778.0,6,0.0,0.0
2018-07-06 00:00:00-04:00,1820.0,1897.0,1785.0,1789.199951171875,14,0.0,0.0
2018-07-09 00:00:00-04:00,1827.0,1827.0,1680.0,1715.0,14,0.0,0.0
2018-07-10 00:00:00-04:00,1750.0,1869.699951171875,1722.0,1722.0,4,0.0,0.0
2018-07-11 00:00:00-04:00,1813.0,1813.0,1582.0,1582.0,11,0.0,0.0
2018-07-12 00:00:00-04:00,1750.0,1925.0,1589.0,1876.0,20,0.0,0.0
2018-07-13 00:00:00-04:00,1876.0,1925.0,1785.0,1918.0,7,0.0,0.0
2018-07-16 00:00:00-04:00,1820.0,1820.0,1701.0,1701.0,14,0.0,0.0
2018-07-17 00:00:00-04:00,1736.0,1785.0,1708.0,1708.0,2,0.0,0.0
2018-07-18 00:00:00-04:00,1778.0,1778.0,1533.0,1631.0,23,0.0,0.0
2018-07-19 00:00:00-04:00,1646.4000244140625,1750.0,1631.0,1715.0,3,0.0,0.0
2018-07-20 00:00:00-04:00,1785.0,1785.0,1596.0,1785.0,6,0.0,0.0
2018-07-23 00:00:00-04:00,1624.0,1750.0,1624.0,1750.0,2,0.0,0.0
2018-07-24 00:00:00-04:00,1645.0,1750.0,1645.0,1715.0,2,0.0,0.0
2018-07-25 00:00:00-04:00,1715.0,1715.0,1645.0,1645.0,7,0.0,0.0
2018-07-26 00:00:00-04:00,1645.0,1743.0,1575.0,1575.0,17,0.0,0.0
2018-07-27 00:00:00-04:00,1617.0,1743.0,1617.0,1743.0,15,0.0,0.0
2018-07-30 00:00:00-04:00,1715.0,1750.0,1645.0,1750.0,11,0.0,0.0
2018-07-31 00:00:00-04:00,1750.0,1785.0,1589.0,1785.0,20,0.0,0.0
2018-08-01 00:00:00-04:00,1785.0,1785.0,1575.0,1750.0,17,0.0,0.0
2018-08-02 00:00:00-04:00,1582.0,1582.0,1232.0,1400.0,36,0.0,0.0
2018-08-03 00:00:00-04:00,1393.0,1435.0,1386.0,1393.0,15,0.0,0.0
2018-08-06 00:00:00-04:00,1400.0,1540.0,1400.0,1540.0,12,0.0,0.0
2018-08-07 00:00:00-04:00,1533.0,1533.0,1372.0,1372.0,11,0.0,0.0
2018-08-08 00:00:00-04:00,1302.0,1435.0,1232.0,1302.0,17,0.0,0.0
2018-08-09 00:00:00-04:00,1302.0,1365.0,1295.0,1295.0,7,0.0,0.0
2018-08-10 00:00:00-04:00,1344.0,1386.0,1273.300048828125,1273.300048828125,6,0.0,0.0
2018-08-13 00:00:00-04:00,1260.0,1330.0,1260.0,1309.0,7,0.0,0.0
2018-08-14 00:00:00-04:00,1330.0,1344.0,1253.0,1253.0,10,0.0,0.0
2018-08-15 00:00:00-04:00,1253.0,1330.0,1253.0,1323.0,3,0.0,0.0
2018-08-16 00:00:00-04:00,1257.199951171875,1295.0,1253.0,1253.0,2,0.0,0.0
2018-08-17 00:00:00-04:00,1288.0,1323.0,1232.0,1260.0,5,0.0,0.0
2018-08-20 00:00:00-04:00,1316.0,1540.0,1316.0,1491.0,14,0.0,0.0
2018-08-21 00:00:00-04:00,1442.0,1505.0,1323.0,1351.0,19,0.0,0.0
2018-08-22 00:00:00-04:00,1351.0,1400.0,1330.0,1400.0,12,0.0,0.0
2018-08-23 00:00:00-04:00,1260.0,1393.0,1260.0,1358.0,5,0.0,0.0
2018-08-24 00:00:00-04:00,1295.0,1295.0,1232.0,1288.0,15,0.0,0.0
2018-08-27 00:00:00-04:00,1332.0999755859375,1351.0,1232.0,1232.0,14,0.0,0.0
2018-08-28 00:00:00-04:00,1260.0,1428.0,1246.0,1267.0,35,0.0,0.0
2018-08-29 00:00:00-04:00,1295.0,1400.0,1295.0,1330.0,23,0.0,0.0
2018-08-30 00:00:00-04:00,1295.0,1330.0,1232.0,1330.0,29,0.0,0.0
2018-08-31 00:00:00-04:00,1267.0,1330.0,1254.4000244140625,1330.0,4,0.0,0.0
2018-09-04 00:00:00-04:00,1232.0,1400.0,1232.0,1281.699951171875,5,0.0,0.0
2018-09-05 00:00:00-04:00,1330.0,1379.0,1313.9000244140625,1316.0,11,0.0,0.0
2018-09-06 00:00:00-04:00,1330.0,1470.0,1295.0,1351.0,70,0.0,0.0
2018-09-07 00:00:00-04:00,1386.0,1470.0,1365.0,1470.0,38,0.0,0.0
2018-09-10 00:00:00-04:00,1519.0,2660.0,1470.0,2296.0,318,0.0,0.0
2018-09-11 00:00:00-04:00,2572.5,2625.0,2366.0,2422.0,152,0.0,0.0
2018-09-12 00:00:00-04:00,2478.0,2478.0,1960.0,2205.0,65,0.0,0.0
2018-09-13 00:00:00-04:00,2100.0,2450.0,2037.0,2352.0,59,0.0,0.0
2018-09-14 00:00:00-04:00,2450.0,2450.0,2100.0,2240.0,54,0.0,0.0
2018-09-17 00:00:00-04:00,2352.0,2373.0,2170.0,2275.0,37,0.0,0.0
2018-09-18 00:00:00-04:00,2380.0,3920.0,2209.199951171875,3920.0,403,0.0,0.0
2018-09-19 00:00:00-04:00,4235.0,7210.0,4235.0,6076.0,625,0.0,0.0
2018-09-20 00:00:00-04:00,6216.0,7140.0,5047.0,5047.0,348,0.0,0.0
2018-09-21 00:00:00-04:00,4732.0,4732.0,2954.0,3045.0,380,0.0,0.0
2018-09-24 00:00:00-04:00,4732.0,4732.0,3052.0,3290.0,271,0.0,0.0
2018-09-25 00:00:00-04:00,3227.0,3640.0,2247.0,2506.0,207,0.0,0.0
2018-09-26 00:00:00-04:00,2520.0,2576.0,1757.0,2338.0,386,0.0,0.0
2018-09-27 00:00:00-04:00,2520.0,2520.0,1932.0,1974.0,138,0.0,0.0
2018-09-28 00:00:00-04:00,1932.0,1974.0,1218.0,1288.0,508,0.0,0.0
2018-10-01 00:00:00-04:00,1295.0,1435.0,1295.0,1400.0,211,0.0,0.0
2018-10-02 00:00:00-04:00,1400.0,1715.0,1127.0,1225.0,206,0.0,0.0
2018-10-03 00:00:00-04:00,1141.0,1141.0,714.0,861.0,1022,0.0,0.0
2018-10-04 00:00:00-04:00,924.0,1127.0,840.0,882.0,554,0.0,0.0
2018-10-05 00:00:00-04:00,868.0,907.2000122070312,770.0,805.0,215,0.0,0.0
2018-10-08 00:00:00-04:00,805.0,814.7999877929688,756.0,798.0,166,0.0,0.0
2018-10-09 00:00:00-04:00,798.0,875.0,777.0,840.0,148,0.0,0.0
2018-10-10 00:00:00-04:00,847.0,847.0,756.0,805.0,149,0.0,0.0
2018-10-11 00:00:00-04:00,770.0,770.0,700.0,735.0,189,0.0,0.0
2018-10-12 00:00:00-04:00,742.0,756.0,714.0,714.0,87,0.0,0.0
2018-10-15 00:00:00-04:00,714.0,763.0,630.0,630.7000122070312,402,0.0,0.0
2018-10-16 00:00:00-04:00,672.0,672.0,511.0,550.9000244140625,459,0.0,0.0
2018-10-17 00:00:00-04:00,553.0,553.0,427.0,434.0,464,0.0,0.0
2018-10-18 00:00:00-04:00,430.5,469.0,364.0,392.0,453,0.0,0.0
2018-10-19 00:00:00-04:00,371.0,525.0,371.0,504.0,675,0.0,0.0
2018-10-22 00:00:00-04:00,595.0,595.0,392.0,416.5,509,0.0,0.0
2018-10-23 00:00:00-04:00,416.5,420.0,350.70001220703125,378.0,485,0.0,0.0
2018-10-24 00:00:00-04:00,380.1000061035156,390.6000061035156,364.0,385.0,447,0.0,0.0
2018-10-25 00:00:00-04:00,371.0,395.5,371.0,395.5,629,0.0,0.0
2018-10-26 00:00:00-04:00,402.5,402.5,385.0,399.0,174,0.0,0.0
2018-10-29 00:00:00-04:00,402.5,420.0,392.0,400.3999938964844,208,0.0,0.0
2018-10-30 00:00:00-04:00,406.0,406.0,350.0,350.0,119,0.0,0.0
2018-10-31 00:00:00-04:00,399.0,399.0,351.3999938964844,374.5,135,0.0,0.0
2018-11-01 00:00:00-04:00,378.0,378.0,351.3999938964844,367.5,132,0.0,0.0
2018-11-02 00:00:00-04:00,367.5,371.0,351.3999938964844,357.70001220703125,155,0.0,0.0
2018-11-05 00:00:00-05:00,371.0,377.29998779296875,351.3999938964844,357.0,112,0.0,0.0
2018-11-06 00:00:00-05:00,360.5,366.1000061035156,351.3999938964844,352.1000061035156,61,0.0,0.0
2018-11-07 00:00:00-05:00,362.6000061035156,363.29998779296875,224.0,333.20001220703125,196,0.0,0.0
2018-11-08 00:00:00-05:00,322.0,336.0,280.0,282.1000061035156,425,0.0,0.0
2018-11-09 00:00:00-05:00,283.5,283.5,245.0,266.0,303,0.0,0.0
2018-11-12 00:00:00-05:00,245.0,266.0,238.0,252.0,305,0.0,0.0
2018-11-13 00:00:00-05:00,241.5,261.1000061035156,185.5,210.0,360,0.0,0.0
2018-11-14 00:00:00-05:00,213.5,223.3000030517578,182.0,185.5,308,0.0,0.0
2018-11-15 00:00:00-05:00,189.0,216.3000030517578,178.5,210.0,251,0.0,0.0
2018-11-16 00:00:00-05:00,216.3000030517578,252.0,189.6999969482422,251.3000030517578,281,0.0,0.0
2018-11-19 00:00:00-05:00,252.0,255.5,227.5,227.5,118,0.0,0.0
2018-11-20 00:00:00-05:00,192.5,301.0,192.5,266.70001220703125,236,0.0,0.0
2018-11-21 00:00:00-05:00,262.5,420.0,262.5,343.0,823,0.0,0.0
2018-11-23 00:00:00-05:00,350.0,378.0,346.5,371.0,84,0.0,0.0
2018-11-26 00:00:00-05:00,371.70001220703125,373.1000061035156,308.0,339.5,136,0.0,0.0
2018-11-27 00:00:00-05:00,343.0,346.5,287.0,304.5,137,0.0,0.0
2018-11-28 00:00:00-05:00,287.70001220703125,304.5,217.0,259.0,430,0.0,0.0
2018-11-29 00:00:00-05:00,259.0,266.0,234.5,252.0,84,0.0,0.0
2018-11-30 00:00:00-05:00,248.5,248.5,219.10000610351562,238.0,141,0.0,0.0
2018-12-03 00:00:00-05:00,238.0,245.0,219.10000610351562,242.89999389648438,59,0.0,0.0
2018-12-04 00:00:00-05:00,236.60000610351562,252.0,224.0,245.0,104,0.0,0.0
2018-12-06 00:00:00-05:00,245.0,280.0,238.0,252.0,252,0.0,0.0
2018-12-07 00:00:00-05:00,252.0,273.0,252.0,266.0,72,0.0,0.0
2018-12-10 00:00:00-05:00,273.0,273.0,231.0,234.5,89,0.0,0.0
2018-12-11 00:00:00-05:00,250.60000610351562,266.0,231.0,231.0,37,0.0,0.0
2018-12-12 00:00:00-05:00,250.60000610351562,250.60000610351562,231.6999969482422,249.1999969482422,29,0.0,0.0
2018-12-13 00:00:00-05:00,250.60000610351562,250.60000610351562,231.6999969482422,238.0,27,0.0,0.0
2018-12-14 00:00:00-05:00,245.0,252.0,238.0,243.60000610351562,38,0.0,0.0
2018-12-17 00:00:00-05:00,231.6999969482422,245.0,189.0,210.0,352,0.0,0.0
2018-12-18 00:00:00-05:00,220.5,220.5,203.0,215.60000610351562,27,0.0,0.0
2018-12-19 00:00:00-05:00,203.0,220.5,203.0,213.5,49,0.0,0.0
2018-12-20 00:00:00-05:00,173.60000610351562,196.0,161.0,188.3000030517578,876,0.0,0.0
2018-12-21 00:00:00-05:00,182.0,199.5,182.0,199.5,102,0.0,0.0
2018-12-24 00:00:00-05:00,182.0,210.0,182.0,193.89999389648438,183,0.0,0.0
2018-12-26 00:00:00-05:00,202.3000030517578,280.0,193.89999389648438,224.0,628,0.0,0.0
2018-12-27 00:00:00-05:00,231.0,245.0,210.0,217.6999969482422,187,0.0,0.0
2018-12-28 00:00:00-05:00,231.0,231.0,196.0,203.0,201,0.0,0.0
2018-12-31 00:00:00-05:00,210.0,217.0,196.0,196.0,138,0.0,0.0
2019-01-02 00:00:00-05:00,203.0,205.8000030517578,182.0,193.1999969482422,225,0.0,0.0
2019-01-03 00:00:00-05:00,200.89999389648438,203.0,175.0,179.1999969482422,361,0.0,0.0
2019-01-04 00:00:00-05:00,185.5,205.10000610351562,182.0,193.1999969482422,685,0.0,0.0
2019-01-07 00:00:00-05:00,203.0,231.0,192.5,219.10000610351562,426,0.0,0.0
2019-01-08 00:00:00-05:00,220.5,255.5,206.5,213.5,625,0.0,0.0
2019-01-09 00:00:00-05:00,213.5,216.3000030517578,189.0,196.0,546,0.0,0.0
2019-01-10 00:00:00-05:00,196.0,203.0,189.0,190.39999389648438,756,0.0,0.0
2019-01-11 00:00:00-05:00,199.5,199.5,182.0,192.5,302,0.0,0.0
2019-01-14 00:00:00-05:00,189.0,202.3000030517578,180.60000610351562,189.0,359,0.0,0.0
2019-01-15 00:00:00-05:00,192.5,192.5,180.60000610351562,189.0,452,0.0,0.0
2019-01-16 00:00:00-05:00,182.0,191.8000030517578,180.60000610351562,184.8000030517578,202,0.0,0.0
2019-01-17 00:00:00-05:00,182.0,186.89999389648438,182.0,185.5,105,0.0,0.0
2019-01-18 00:00:00-05:00,186.89999389648438,189.0,184.8000030517578,186.89999389648438,128,0.0,0.0
2019-01-22 00:00:00-05:00,186.1999969482422,189.0,181.3000030517578,185.5,171,0.0,0.0
2019-01-23 00:00:00-05:00,182.6999969482422,187.60000610351562,182.0,187.60000610351562,235,0.0,0.0
2019-01-24 00:00:00-05:00,185.5,189.0,182.0,182.6999969482422,150,0.0,0.0
2019-01-25 00:00:00-05:00,187.60000610351562,190.39999389648438,182.0,182.0,139,0.0,0.0
2019-01-28 00:00:00-05:00,187.60000610351562,210.0,187.60000610351562,195.3000030517578,310,0.0,0.0
2019-01-29 00:00:00-05:00,203.0,203.0,191.10000610351562,198.10000610351562,175,0.0,0.0
2019-01-30 00:00:00-05:00,198.8000030517578,199.5,191.10000610351562,196.0,252,0.0,0.0
2019-01-31 00:00:00-05:00,198.8000030517578,203.0,191.10000610351562,198.10000610351562,485,0.0,0.0
2019-02-01 00:00:00-05:00,202.3000030517578,202.3000030517578,195.3000030517578,196.6999969482422,137,0.0,0.0
2019-02-04 00:00:00-05:00,198.10000610351562,198.8000030517578,191.10000610351562,191.10000610351562,291,0.0,0.0
2019-02-05 00:00:00-05:00,198.8000030517578,198.8000030517578,191.10000610351562,198.10000610351562,261,0.0,0.0
2019-02-06 00:00:00-05:00,198.8000030517578,210.0,193.89999389648438,210.0,647,0.0,0.0
2019-02-07 00:00:00-05:00,210.0,217.0,206.5,210.6999969482422,267,0.0,0.0
2019-02-08 00:00:00-05:00,210.6999969482422,215.60000610351562,205.8000030517578,214.89999389648438,245,0.0,0.0
2019-02-11 00:00:00-05:00,214.89999389648438,231.0,210.0,230.3000030517578,684,0.0,0.0
2019-02-12 00:00:00-05:00,231.0,231.0,217.6999969482422,221.1999969482422,249,0.0,0.0
2019-02-13 00:00:00-05:00,224.0,226.8000030517578,217.0,224.0,270,0.0,0.0
2019-02-14 00:00:00-05:00,224.0,224.0,210.6999969482422,216.3000030517578,231,0.0,0.0
2019-02-15 00:00:00-05:00,221.1999969482422,224.0,210.6999969482422,216.3000030517578,100,0.0,0.0
2019-02-19 00:00:00-05:00,213.5,216.3000030517578,196.0,206.5,284,0.0,0.0
2019-02-20 00:00:00-05:00,203.0,210.0,190.39999389648438,201.60000610351562,217,0.0,0.0
2019-02-21 00:00:00-05:00,201.60000610351562,206.5,196.0,199.5,119,0.0,0.0
2019-02-22 00:00:00-05:00,203.0,203.0,199.5,202.3000030517578,82,0.0,0.0
2019-02-25 00:00:00-05:00,203.0,203.0,184.8000030517578,184.8000030517578,193,0.0,0.0
2019-02-26 00:00:00-05:00,187.60000610351562,191.8000030517578,176.39999389648438,182.0,112,0.0,0.0
2019-02-27 00:00:00-05:00,182.0,186.1999969482422,177.10000610351562,185.5,112,0.0,0.0
2019-02-28 00:00:00-05:00,183.39999389648438,187.60000610351562,175.0,178.5,988,0.0,0.0
2019-03-01 00:00:00-05:00,187.60000610351562,187.60000610351562,175.0,182.0,141,0.0,0.0
2019-03-04 00:00:00-05:00,185.5,185.5,175.6999969482422,184.10000610351562,173,0.0,0.0
2019-03-05 00:00:00-05:00,184.8000030517578,188.3000030517578,181.3000030517578,188.3000030517578,183,0.0,0.0
2019-03-06 00:00:00-05:00,182.0,189.0,181.3000030517578,182.0,191,0.0,0.0
2019-03-07 00:00:00-05:00,181.3000030517578,188.3000030517578,175.6999969482422,178.5,81,0.0,0.0
2019-03-08 00:00:00-05:00,184.10000610351562,186.1999969482422,178.5,180.60000610351562,121,0.0,0.0
2019-03-11 00:00:00-04:00,188.3000030517578,192.5,182.0,184.8000030517578,151,0.0,0.0
2019-03-12 00:00:00-04:00,180.60000610351562,189.0,180.60000610351562,183.39999389648438,61,0.0,0.0
2019-03-13 00:00:00-04:00,179.1999969482422,210.0,179.1999969482422,192.5,161,0.0,0.0
2019-03-14 00:00:00-04:00,192.5,224.0,192.5,217.0,278,0.0,0.0
2019-03-15 00:00:00-04:00,210.0,238.0,203.0,220.5,282,0.0,0.0
2019-03-18 00:00:00-04:00,224.0,224.0,201.60000610351562,206.5,196,0.0,0.0
2019-03-19 00:00:00-04:00,217.0,217.0,210.0,210.6999969482422,220,0.0,0.0
2019-03-20 00:00:00-04:00,210.0,215.60000610351562,191.10000610351562,203.0,308,0.0,0.0
2019-03-21 00:00:00-04:00,203.0,203.0,199.5,199.5,100,0.0,0.0
2019-03-22 00:00:00-04:00,195.3000030517578,199.5,182.0,185.5,143,0.0,0.0
2019-03-25 00:00:00-04:00,195.3000030517578,195.3000030517578,178.5,182.0,191,0.0,0.0
2019-03-26 00:00:00-04:00,185.5,192.5,175.0,178.5,415,0.0,0.0
2019-03-27 00:00:00-04:00,175.0,184.10000610351562,164.5,164.5,325,0.0,0.0
2019-03-28 00:00:00-04:00,179.89999389648438,183.39999389648438,161.6999969482422,174.3000030517578,181,0.0,0.0
2019-03-29 00:00:00-04:00,174.3000030517578,174.3000030517578,161.0,168.0,398,0.0,0.0
2019-04-01 00:00:00-04:00,168.0,168.0,140.6999969482422,147.0,810,0.0,0.0
2019-04-02 00:00:00-04:00,147.0,149.10000610351562,126.0,143.5,815,0.0,0.0
2019-04-03 00:00:00-04:00,143.5,143.5,126.0,126.69999694824219,828,0.0,0.0
2019-04-04 00:00:00-04:00,131.60000610351562,131.60000610351562,87.5,93.80000305175781,1559,0.0,0.0
2019-04-05 00:00:00-04:00,100.80000305175781,100.80000305175781,77.0,88.9000015258789,1389,0.0,0.0
2019-04-08 00:00:00-04:00,88.9000015258789,93.80000305175781,86.80000305175781,92.4000015258789,856,0.0,0.0
2019-04-09 00:00:00-04:00,91.0,94.5,90.30000305175781,91.0,243,0.0,0.0
2019-04-10 00:00:00-04:00,90.30000305175781,91.69999694824219,86.0999984741211,86.0999984741211,550,0.0,0.0
2019-04-11 00:00:00-04:00,84.69999694824219,86.0999984741211,59.5,72.0999984741211,1931,0.0,0.0
2019-04-12 00:00:00-04:00,70.69999694824219,76.30000305175781,59.5,63.0,1222,0.0,0.0
2019-04-15 00:00:00-04:00,64.4000015258789,66.5,46.900001525878906,66.5,1107,0.0,0.0
2019-04-16 00:00:00-04:00,79.0999984741211,150.5,70.0,150.5,5616,0.0,0.0
2019-04-17 00:00:00-04:00,153.3000030517578,160.3000030517578,101.5,117.5999984741211,3694,0.0,0.0
2019-04-18 00:00:00-04:00,120.4000015258789,120.4000015258789,79.0999984741211,101.5,1179,0.0,0.0
2019-04-22 00:00:00-04:00,97.30000305175781,102.9000015258789,91.0,100.0999984741211,291,0.0,0.0
2019-04-23 00:00:00-04:00,100.80000305175781,101.5,71.4000015258789,95.9000015258789,251,0.0,0.0
2019-04-24 00:00:00-04:00,95.9000015258789,95.9000015258789,77.69999694824219,88.19999694824219,808,0.0,0.0
2019-04-25 00:00:00-04:00,84.0,84.69999694824219,79.0999984741211,81.19999694824219,425,0.0,0.0
2019-04-26 00:00:00-04:00,79.0999984741211,84.0,79.0999984741211,81.19999694824219,145,0.0,0.0
2019-04-29 00:00:00-04:00,84.0,112.0,84.0,91.69999694824219,282,0.0,0.0
2019-04-30 00:00:00-04:00,94.5,108.5,84.0,96.5999984741211,591,0.0,0.0
2019-05-01 00:00:00-04:00,105.0,105.0,94.5,98.0,146,0.0,0.0
2019-05-02 00:00:00-04:00,98.0,98.0,93.0999984741211,98.0,129,0.0,0.0
2019-05-03 00:00:00-04:00,98.0,98.0,84.0,95.9000015258789,168,0.0,0.0
2019-05-06 00:00:00-04:00,87.5,96.5999984741211,87.5,96.5999984741211,142,0.0,0.0
2019-05-07 00:00:00-04:00,96.5999984741211,96.5999984741211,91.0,95.9000015258789,82,0.0,0.0
2019-05-08 00:00:00-04:00,91.0,95.9000015258789,91.0,92.4000015258789,73,0.0,0.0
2019-05-09 00:00:00-04:00,88.19999694824219,94.5,84.0,91.0,94,0.0,0.0
2019-05-10 00:00:00-04:00,84.0,97.30000305175781,84.0,84.0,56,0.0,0.0
2019-05-13 00:00:00-04:00,98.69999694824219,98.69999694824219,84.0,84.0,244,0.0,0.0
2019-05-14 00:00:00-04:00,84.69999694824219,102.9000015258789,84.0,102.9000015258789,225,0.0,0.0
2019-05-15 00:00:00-04:00,102.9000015258789,102.9000015258789,85.4000015258789,91.0,109,0.0,0.0
2019-05-16 00:00:00-04:00,91.69999694824219,100.0999984741211,91.0,94.5,119,0.0,0.0
2019-05-17 00:00:00-04:00,100.80000305175781,100.80000305175781,91.69999694824219,98.69999694824219,159,0.0,0.0
2019-05-20 00:00:00-04:00,98.0,98.0,91.69999694824219,98.0,77,0.0,0.0
2019-05-21 00:00:00-04:00,98.0,98.0,85.4000015258789,91.69999694824219,163,0.0,0.0
2019-05-22 00:00:00-04:00,88.19999694824219,91.0,84.69999694824219,91.0,149,0.0,0.0
2019-05-23 00:00:00-04:00,85.4000015258789,91.0,84.69999694824219,89.5999984741211,64,0.0,0.0
2019-05-24 00:00:00-04:00,84.69999694824219,91.0,84.69999694824219,91.0,80,0.0,0.0
2019-05-28 00:00:00-04:00,84.69999694824219,89.5999984741211,84.69999694824219,87.5,43,0.0,0.0
2019-05-29 00:00:00-04:00,84.69999694824219,87.5,82.5999984741211,87.5,129,0.0,0.0
2019-05-30 00:00:00-04:00,84.0,87.5,83.30000305175781,84.0,83,0.0,0.0
2019-05-31 00:00:00-04:00,84.69999694824219,86.80000305175781,83.30000305175781,84.69999694824219,86,0.0,0.0
2019-06-03 00:00:00-04:00,83.30000305175781,91.0,83.30000305175781,87.5,20,0.0,0.0
2019-06-04 00:00:00-04:00,88.19999694824219,91.0,88.19999694824219,89.5999984741211,12,0.0,0.0
2019-06-05 00:00:00-04:00,91.0,91.0,80.5,91.0,148,0.0,0.0
2019-06-06 00:00:00-04:00,84.0,91.0,84.0,91.0,21,0.0,0.0
2019-06-07 00:00:00-04:00,84.0,90.30000305175781,79.80000305175781,84.0,130,0.0,0.0
2019-06-10 00:00:00-04:00,74.19999694824219,84.0,74.19999694824219,77.0,22,0.0,0.0
2019-06-11 00:00:00-04:00,77.0,77.0,70.0,70.0,84,0.0,0.0
2019-06-12 00:00:00-04:00,73.5,77.0,70.0,72.0999984741211,113,0.0,0.0
2019-06-13 00:00:00-04:00,72.80000305175781,77.0,70.0,72.0999984741211,56,0.0,0.0
2019-06-14 00:00:00-04:00,72.0999984741211,101.5,72.0999984741211,86.80000305175781,243,0.0,0.0
2019-06-17 00:00:00-04:00,96.5999984741211,101.5,70.0,81.19999694824219,138,0.0,0.0
2019-06-18 00:00:00-04:00,81.19999694824219,95.19999694824219,70.0,77.69999694824219,203,0.0,0.0
2019-06-19 00:00:00-04:00,80.5,89.5999984741211,80.5,80.5,165,0.0,0.0
2019-06-20 00:00:00-04:00,87.5,87.5,80.5,84.0,116,0.0,0.0
2019-06-21 00:00:00-04:00,89.5999984741211,89.5999984741211,79.0999984741211,79.0999984741211,156,0.0,0.0
2019-06-24 00:00:00-04:00,80.5,89.5999984741211,80.5,84.0,103,0.0,0.0
2019-06-25 00:00:00-04:00,84.0,86.0999984741211,81.19999694824219,84.0,102,0.0,0.0
2019-06-26 00:00:00-04:00,86.80000305175781,86.80000305175781,80.5,82.5999984741211,95,0.0,0.0
2019-06-27 00:00:00-04:00,80.5,86.0999984741211,77.69999694824219,84.0,174,0.0,0.0
2019-06-28 00:00:00-04:00,84.0,86.0999984741211,80.5,84.0,49,0.0,0.0
2019-07-01 00:00:00-04:00,77.0,86.0999984741211,77.0,77.0,52,0.0,0.0
2019-07-02 00:00:00-04:00,86.0999984741211,86.0999984741211,81.19999694824219,84.69999694824219,38,0.0,0.0
2019-07-03 00:00:00-04:00,84.0,84.69999694824219,84.0,84.69999694824219,23,0.0,0.0
2019-07-05 00:00:00-04:00,84.69999694824219,84.69999694824219,84.0,84.69999694824219,21,0.0,0.0
2019-07-08 00:00:00-04:00,84.0,84.69999694824219,76.30000305175781,80.5,168,0.0,0.0
2019-07-09 00:00:00-04:00,87.5,87.5,76.30000305175781,80.5,30,0.0,0.0
2019-07-10 00:00:00-04:00,77.0,87.5,71.4000015258789,80.5,70,0.0,0.0
2019-07-11 00:00:00-04:00,83.30000305175781,83.30000305175781,56.0,63.0,571,0.0,0.0
2019-07-12 00:00:00-04:00,63.0,77.0,56.0,58.79999923706055,604,0.0,0.0
2019-07-15 00:00:00-04:00,56.0,63.0,49.70000076293945,56.0,219,0.0,0.0
2019-07-16 00:00:00-04:00,56.0,57.400001525878906,53.900001525878906,56.0,244,0.0,0.0
2019-07-17 00:00:00-04:00,61.599998474121094,61.599998474121094,50.400001525878906,56.0,277,0.0,0.0
2019-07-18 00:00:00-04:00,59.5,59.5,49.70000076293945,49.70000076293945,184,0.0,0.0
2019-07-19 00:00:00-04:00,56.0,62.29999923706055,49.70000076293945,53.900001525878906,308,0.0,0.0
2019-07-22 00:00:00-04:00,60.900001525878906,60.900001525878906,50.400001525878906,56.0,367,0.0,0.0
2019-07-23 00:00:00-04:00,54.599998474121094,55.29999923706055,49.0,49.70000076293945,276,0.0,0.0
2019-07-24 00:00:00-04:00,50.400001525878906,54.599998474121094,50.400001525878906,51.79999923706055,33,0.0,0.0
2019-07-25 00:00:00-04:00,49.70000076293945,52.5,49.70000076293945,52.5,44,0.0,0.0
2019-07-26 00:00:00-04:00,49.0,52.5,42.0,52.5,557,0.0,0.0
2019-07-29 00:00:00-04:00,49.0,50.400001525878906,47.599998474121094,50.400001525878906,71,0.0,0.0
2019-07-30 00:00:00-04:00,52.5,52.5,49.70000076293945,50.400001525878906,35,0.0,0.0
2019-07-31 00:00:00-04:00,52.5,52.5,43.400001525878906,51.099998474121094,229,0.0,0.0
2019-08-01 00:00:00-04:00,51.79999923706055,51.79999923706055,42.0,51.79999923706055,128,0.0,0.0
2019-08-02 00:00:00-04:00,51.79999923706055,51.79999923706055,47.599998474121094,51.79999923706055,256,0.0,0.0
2019-08-05 00:00:00-04:00,49.0,56.0,49.0,49.0,98,0.0,0.0
2019-08-06 00:00:00-04:00,70.0,70.0,52.5,56.0,72,0.0,0.0
2019-08-07 00:00:00-04:00,56.0,66.5,52.5,56.0,51,0.0,0.0
2019-08-08 00:00:00-04:00,59.5,77.0,54.599998474121094,70.0,788,0.0,0.0
2019-08-09 00:00:00-04:00,73.5,77.0,70.0,77.0,157,0.0,0.0
2019-08-12 00:00:00-04:00,77.0,77.0,63.0,72.80000305175781,114,0.0,0.0
2019-08-13 00:00:00-04:00,77.0,77.0,63.70000076293945,71.4000015258789,58,0.0,0.0
2019-08-14 00:00:00-04:00,72.80000305175781,72.80000305175781,67.19999694824219,72.80000305175781,30,0.0,0.0
2019-08-15 00:00:00-04:00,72.80000305175781,73.5,63.70000076293945,70.0,65,0.0,0.0
2019-08-16 00:00:00-04:00,73.5,77.0,59.5,68.5999984741211,259,0.0,0.0
2019-08-19 00:00:00-04:00,65.0999984741211,70.0,63.0,66.5,50,0.0,0.0
2019-08-20 00:00:00-04:00,70.0,95.9000015258789,66.5,87.5,1156,0.0,0.0
2019-08-21 00:00:00-04:00,85.4000015258789,86.80000305175781,70.0,85.4000015258789,208,0.0,0.0
2019-08-22 00:00:00-04:00,77.0,84.0,67.19999694824219,82.5999984741211,261,0.0,0.0
2019-08-23 00:00:00-04:00,79.0999984741211,81.19999694824219,70.69999694824219,77.0,128,0.0,0.0
2019-08-26 00:00:00-04:00,77.0,77.0,72.0999984741211,74.9000015258789,65,0.0,0.0
2019-08-27 00:00:00-04:00,77.0,79.80000305175781,66.5,79.80000305175781,227,0.0,0.0
2019-08-28 00:00:00-04:00,79.80000305175781,80.5,70.0,80.5,121,0.0,0.0
2019-08-29 00:00:00-04:00,80.5,82.5999984741211,73.5,80.5,187,0.0,0.0
2019-08-30 00:00:00-04:00,77.0,84.0,77.0,84.0,186,0.0,0.0
2019-09-03 00:00:00-04:00,84.0,84.0,70.69999694824219,84.0,82,0.0,0.0
2019-09-04 00:00:00-04:00,79.80000305175781,84.0,77.0,77.69999694824219,57,0.0,0.0
2019-09-05 00:00:00-04:00,70.69999694824219,84.0,70.69999694824219,84.0,62,0.0,0.0
2019-09-06 00:00:00-04:00,70.69999694824219,80.5,70.0,70.69999694824219,368,0.0,0.0
2019-09-09 00:00:00-04:00,70.0,77.0,63.0,77.0,332,0.0,0.0
2019-09-10 00:00:00-04:00,70.69999694824219,77.0,70.0,77.0,20,0.0,0.0
2019-09-11 00:00:00-04:00,77.0,77.0,63.70000076293945,75.5999984741211,227,0.0,0.0
2019-09-12 00:00:00-04:00,75.5999984741211,75.5999984741211,75.5999984741211,75.5999984741211,4,0.0,0.0
2019-09-13 00:00:00-04:00,75.5999984741211,75.5999984741211,63.70000076293945,74.9000015258789,20,0.0,0.0
2019-09-16 00:00:00-04:00,63.70000076293945,77.0,63.70000076293945,77.0,120,0.0,0.0
2019-09-17 00:00:00-04:00,63.70000076293945,77.0,63.70000076293945,71.4000015258789,67,0.0,0.0
2019-09-18 00:00:00-04:00,66.5,77.0,63.70000076293945,77.0,41,0.0,0.0
2019-09-19 00:00:00-04:00,76.30000305175781,77.0,69.30000305175781,69.30000305175781,28,0.0,0.0
2019-09-20 00:00:00-04:00,74.9000015258789,74.9000015258789,63.70000076293945,74.19999694824219,66,0.0,0.0
2019-09-23 00:00:00-04:00,70.0,74.19999694824219,70.0,73.5,25,0.0,0.0
2019-09-24 00:00:00-04:00,71.4000015258789,75.5999984741211,64.4000015258789,75.5999984741211,68,0.0,0.0
2019-09-25 00:00:00-04:00,75.5999984741211,75.5999984741211,75.5999984741211,75.5999984741211,0,0.0,0.0
2019-09-26 00:00:00-04:00,64.4000015258789,70.69999694824219,64.4000015258789,70.0,163,0.0,0.0
2019-09-27 00:00:00-04:00,67.19999694824219,77.0,67.19999694824219,77.0,48,0.0,0.0
2019-09-30 00:00:00-04:00,63.70000076293945,75.5999984741211,63.70000076293945,70.0,96,0.0,0.0
2019-10-01 00:00:00-04:00,63.70000076293945,77.0,63.70000076293945,77.0,39,0.0,0.0
2019-10-02 00:00:00-04:00,63.70000076293945,77.0,63.70000076293945,77.0,77,0.0,0.0
2019-10-03 00:00:00-04:00,77.0,77.0,63.70000076293945,67.19999694824219,41,0.0,0.0
2019-10-04 00:00:00-04:00,70.0,70.0,67.19999694824219,67.19999694824219,87,0.0,0.0
2019-10-07 00:00:00-04:00,70.0,70.0,60.20000076293945,70.0,97,0.0,0.0
2019-10-08 00:00:00-04:00,70.0,70.0,63.70000076293945,70.0,11,0.0,0.0
2019-10-09 00:00:00-04:00,65.0999984741211,70.0,63.0,70.0,119,0.0,0.0
2019-10-10 00:00:00-04:00,70.0,77.0,70.0,73.5,39,0.0,0.0
2019-10-11 00:00:00-04:00,77.0,77.0,56.0,63.70000076293945,529,0.0,0.0
2019-10-14 00:00:00-04:00,63.70000076293945,64.4000015258789,63.70000076293945,63.70000076293945,25,0.0,0.0
2019-10-15 00:00:00-04:00,63.0,69.30000305175781,63.0,67.19999694824219,11,0.0,0.0
2019-10-16 00:00:00-04:00,67.19999694824219,70.69999694824219,66.5,70.69999694824219,22,0.0,0.0
2019-10-17 00:00:00-04:00,70.69999694824219,70.69999694824219,70.0,70.0,9,0.0,0.0
2019-10-18 00:00:00-04:00,70.0,70.0,47.599998474121094,66.5,125,0.0,0.0
2019-10-21 00:00:00-04:00,70.0,70.0,56.0,62.29999923706055,145,0.0,0.0
2019-10-22 00:00:00-04:00,61.599998474121094,61.599998474121094,39.900001525878906,59.5,237,0.0,0.01
2019-10-23 00:00:00-04:00,63.0,63.0,49.0,55.29999923706055,104,0.0,0.0
2019-10-24 00:00:00-04:00,49.70000076293945,62.29999923706055,49.70000076293945,56.0,41,0.0,0.0
2019-10-25 00:00:00-04:00,49.70000076293945,60.20000076293945,49.0,56.0,301,0.0,0.0
2019-10-28 00:00:00-04:00,49.0,62.29999923706055,49.0,51.79999923706055,35,0.0,0.0
2019-10-29 00:00:00-04:00,51.79999923706055,56.0,51.79999923706055,56.0,38,0.0,0.0
2019-10-30 00:00:00-04:00,53.20000076293945,61.599998474121094,46.900001525878906,59.5,55,0.0,0.0
2019-10-31 00:00:00-04:00,39.900001525878906,61.599998474121094,39.900001525878906,61.599998474121094,37,0.0,0.0
2019-11-01 00:00:00-04:00,61.599998474121094,61.599998474121094,49.0,61.599998474121094,103,0.0,0.0
2019-11-04 00:00:00-05:00,49.0,59.5,49.0,59.5,29,0.0,0.0
2019-11-05 00:00:00-05:00,54.599998474121094,57.400001525878906,49.0,57.400001525878906,47,0.0,0.0
2019-11-06 00:00:00-05:00,49.0,56.0,49.0,56.0,72,0.0,0.0
2019-11-07 00:00:00-05:00,53.20000076293945,59.5,53.20000076293945,59.5,58,0.0,0.0
2019-11-08 00:00:00-05:00,53.20000076293945,53.20000076293945,27.299999237060547,34.29999923706055,5338,0.0,0.0
2019-11-11 00:00:00-05:00,34.29999923706055,35.0,31.5,33.599998474121094,428,0.0,0.0
2019-11-12 00:00:00-05:00,33.599998474121094,33.599998474121094,28.700000762939453,31.5,431,0.0,0.0
2019-11-13 00:00:00-05:00,31.5,33.599998474121094,30.799999237060547,32.20000076293945,253,0.0,0.0
2019-11-14 00:00:00-05:00,35.0,35.0,31.5,32.20000076293945,473,0.0,0.0
2019-11-15 00:00:00-05:00,30.799999237060547,32.900001525878906,30.100000381469727,30.799999237060547,260,0.0,0.0
2019-11-18 00:00:00-05:00,30.100000381469727,31.5,30.100000381469727,30.799999237060547,61,0.0,0.0
2019-11-19 00:00:00-05:00,30.799999237060547,30.799999237060547,29.399999618530273,30.799999237060547,255,0.0,0.0
2019-11-20 00:00:00-05:00,29.399999618530273,35.0,29.399999618530273,32.20000076293945,371,0.0,0.0
2019-11-21 00:00:00-05:00,32.900001525878906,33.599998474121094,29.399999618530273,31.5,256,0.0,0.0
2019-11-22 00:00:00-05:00,30.799999237060547,31.5,28.0,30.799999237060547,272,0.0,0.0
2019-11-25 00:00:00-05:00,29.399999618530273,30.100000381469727,28.0,28.0,672,0.0,0.0
2019-11-26 00:00:00-05:00,30.100000381469727,30.100000381469727,28.0,28.0,1572,0.0,0.0
2019-11-27 00:00:00-05:00,25.899999618530273,28.700000762939453,25.899999618530273,26.600000381469727,594,0.0,0.0
2019-11-29 00:00:00-05:00,28.0,28.0,25.899999618530273,28.0,818,0.0,0.0
2019-12-02 00:00:00-05:00,30.100000381469727,30.100000381469727,24.5,26.600000381469727,665,0.0,0.0
2019-12-03 00:00:00-05:00,28.0,28.0,26.600000381469727,26.600000381469727,385,0.0,0.0
2019-12-04 00:00:00-05:00,30.100000381469727,34.29999923706055,26.600000381469727,32.20000076293945,1452,0.0,0.0
2019-12-05 00:00:00-05:00,32.900001525878906,32.900001525878906,28.0,30.100000381469727,1018,0.0,0.0
2019-12-06 00:00:00-05:00,30.100000381469727,31.5,28.0,29.399999618530273,204,0.0,0.0
2019-12-09 00:00:00-05:00,29.399999618530273,30.799999237060547,28.700000762939453,29.399999618530273,19,0.0,0.0
2019-12-10 00:00:00-05:00,29.399999618530273,31.5,29.399999618530273,29.399999618530273,559,0.0,0.0
2019-12-11 00:00:00-05:00,28.0,32.900001525878906,28.0,28.700000762939453,371,0.0,0.0
2019-12-12 00:00:00-05:00,28.700000762939453,29.399999618530273,28.0,28.0,950,0.0,0.0
2019-12-13 00:00:00-05:00,28.0,28.0,25.899999618530273,27.299999237060547,639,0.0,0.0
2019-12-16 00:00:00-05:00,25.899999618530273,30.100000381469727,25.899999618530273,28.0,669,0.0,0.0
2019-12-17 00:00:00-05:00,28.0,35.0,27.299999237060547,31.5,2389,0.0,0.0
2019-12-18 00:00:00-05:00,31.5,35.0,31.5,32.20000076293945,768,0.0,0.0
2019-12-19 00:00:00-05:00,31.5,31.5,24.5,30.100000381469727,1337,0.0,0.0
2019-12-20 00:00:00-05:00,28.0,30.100000381469727,24.5,29.399999618530273,813,0.0,0.0
2019-12-23 00:00:00-05:00,31.5,31.5,27.299999237060547,28.700000762939453,830,0.0,0.0
2019-12-24 00:00:00-05:00,28.700000762939453,28.700000762939453,28.700000762939453,28.700000762939453,0,0.0,0.0014285714285714286
2019-12-26 00:00:00-05:00,28.700000762939453,28.700000762939453,28.700000762939453,28.700000762939453,0,0.0,0.0
2019-12-27 00:00:00-05:00,24.0,24.25,23.75,24.0,1000,0.0,0.0
2019-12-30 00:00:00-05:00,24.0,24.0,20.75,21.25,1800,0.0,0.0
2019-12-31 00:00:00-05:00,21.25,21.25,21.25,21.25,300,0.0,0.0
2020-01-02 00:00:00-05:00,20.25,20.25,20.0,20.0,1300,0.0,0.0
2020-01-03 00:00:00-05:00,20.0,20.0,20.0,20.0,0,0.0,0.0
2020-01-06 00:00:00-05:00,20.0,20.0,20.0,20.0,0,0.0,0.0
2020-01-07 00:00:00-05:00,18.0,18.0,17.5,17.5,1000,0.0,0.0
2020-01-08 00:00:00-05:00,17.0,17.899999618530273,17.0,17.0,900,0.0,0.0
2020-01-09 00:00:00-05:00,17.0,17.0,17.0,17.0,200,0.0,0.0
2020-01-10 00:00:00-05:00,17.0,17.0,17.0,17.0,0,0.0,0.0
2020-01-13 00:00:00-05:00,16.850000381469727,16.850000381469727,16.5,16.5,900,0.0,0.0
2020-01-14 00:00:00-05:00,16.5,16.5,16.5,16.5,0,0.0,0.0
2020-01-15 00:00:00-05:00,16.0,16.0,15.0,15.0,500,0.0,0.0
2020-01-16 00:00:00-05:00,14.0,14.0,13.5,13.899999618530273,1000,0.0,0.0
2020-01-17 00:00:00-05:00,13.550000190734863,13.550000190734863,12.0,12.0,1400,0.0,0.0
2020-01-21 00:00:00-05:00,10.850000381469727,10.850000381469727,9.100000381469727,9.100000381469727,2300,0.0,0.0
2020-01-22 00:00:00-05:00,9.149999618530273,9.5,9.0,9.0,1100,0.0,0.0
2020-01-23 00:00:00-05:00,9.0,9.0,9.0,9.0,0,0.0,0.0
2020-01-24 00:00:00-05:00,9.0,9.0,9.0,9.0,0,0.0,0.0
2020-01-27 00:00:00-05:00,9.0,9.0,9.0,9.0,0,0.0,0.0
2020-01-28 00:00:00-05:00,9.0,9.0,9.0,9.0,0,0.0,0.0
2020-01-29 00:00:00-05:00,9.0,9.0,9.0,9.0,0,0.0,0.0
2020-01-30 00:00:00-05:00,13.399999618530273,13.630000114440918,9.0,13.0,3000,0.0,0.0
2020-01-31 00:00:00-05:00,13.0,13.0,13.0,13.0,0,0.0,0.0
2020-02-03 00:00:00-05:00,13.0,13.0,13.0,13.0,200,0.0,0.0
2020-02-04 00:00:00-05:00,13.0,13.0,13.0,13.0,0,0.0,0.0
2020-02-05 00:00:00-05:00,9.0600004196167,9.300000190734863,8.300000190734863,8.300000190734863,3000,0.0,0.0
2020-02-06 00:00:00-05:00,8.300000190734863,10.25,8.300000190734863,10.25,1000,0.0,0.0
2020-02-07 00:00:00-05:00,10.25,10.25,10.25,10.25,0,0.0,0.0
2020-02-10 00:00:00-05:00,11.489999771118164,12.800000190734863,11.489999771118164,12.5,3100,0.0,0.0
2020-02-11 00:00:00-05:00,11.0,12.800000190734863,9.039999961853027,9.039999961853027,1600,0.0,0.0
2020-02-12 00:00:00-05:00,9.600000381469727,9.609999656677246,9.550000190734863,9.550000190734863,700,0.0,0.0
2020-02-13 00:00:00-05:00,12.789999961853027,12.789999961853027,11.949999809265137,12.0,600,0.0,0.0
2020-02-14 00:00:00-05:00,12.0,12.0,12.0,12.0,0,0.0,0.0
2020-02-18 00:00:00-05:00,12.0,12.0,12.0,12.0,0,0.0,0.0
2020-02-19 00:00:00-05:00,12.0,12.0,12.0,12.0,0,0.0,0.0
2020-02-20 00:00:00-05:00,12.0,12.0,12.0,12.0,0,0.0,0.0
2020-02-21 00:00:00-05:00,12.0,12.0,12.0,12.0,0,0.0,0.0
2020-02-24 00:00:00-05:00,12.0,12.0,12.0,12.0,0,0.0,0.0
2020-02-25 00:00:00-05:00,12.0,12.0,12.0,12.0,0,0.0,0.0
2020-02-26 00:00:00-05:00,12.0,12.0,12.0,12.0,0,0.0,0.0
2020-02-27 00:00:00-05:00,11.010000228881836,11.010000228881836,11.010000228881836,11.010000228881836,200,0.0,0.0
2020-02-28 00:00:00-05:00,11.010000228881836,11.010000228881836,11.010000228881836,11.010000228881836,0,0.0,0.0
2020-03-02 00:00:00-05:00,11.010000228881836,11.010000228881836,11.010000228881836,11.010000228881836,0,0.0,0.0
2020-03-03 00:00:00-05:00,9.239999771118164,11.0,9.239999771118164,11.0,700,0.0,0.0
2020-03-04 00:00:00-05:00,11.0,11.0,11.0,11.0,0,0.0,0.0
2020-03-05 00:00:00-05:00,11.0,11.0,11.0,11.0,0,0.0,0.0
2020-03-06 00:00:00-05:00,11.0,11.0,11.0,11.0,200,0.0,0.0
2020-03-09 00:00:00-04:00,9.300000190734863,10.0,9.300000190734863,10.0,500,0.0,0.0
2020-03-10 00:00:00-04:00,9.220000267028809,9.220000267028809,9.220000267028809,9.220000267028809,500,0.0,0.0
2020-03-11 00:00:00-04:00,9.350000381469727,9.350000381469727,9.199999809265137,9.199999809265137,400,0.0,0.0
2020-03-12 00:00:00-04:00,9.199999809265137,9.199999809265137,9.199999809265137,9.199999809265137,0,0.0,0.0
2020-03-13 00:00:00-04:00,9.100000381469727,9.100000381469727,9.100000381469727,9.100000381469727,400,0.0,0.0
2020-03-16 00:00:00-04:00,9.100000381469727,9.100000381469727,9.100000381469727,9.100000381469727,1200,0.0,0.0
2020-03-17 00:00:00-04:00,9.100000381469727,9.100000381469727,9.100000381469727,9.100000381469727,400,0.0,0.0
2020-03-18 00:00:00-04:00,9.100000381469727,9.100000381469727,5.150000095367432,8.5,2500,0.0,0.0
2020-03-19 00:00:00-04:00,8.5,8.5,8.5,8.5,0,0.0,0.0
2020-03-20 00:00:00-04:00,8.350000381469727,8.899999618530273,8.0,8.350000381469727,1100,0.0,0.0
2020-03-23 00:00:00-04:00,8.350000381469727,8.350000381469727,8.350000381469727,8.350000381469727,0,0.0,0.0
2020-03-24 00:00:00-04:00,8.350000381469727,8.350000381469727,8.350000381469727,8.350000381469727,0,0.0,0.0
2020-03-25 00:00:00-04:00,8.350000381469727,8.350000381469727,8.350000381469727,8.350000381469727,0,0.0,0.0
2020-03-26 00:00:00-04:00,8.350000381469727,8.350000381469727,8.350000381469727,8.350000381469727,0,0.0,0.0
2020-03-27 00:00:00-04:00,9.5,9.5,9.5,9.5,300,0.0,0.0
2020-03-30 00:00:00-04:00,9.5,9.5,9.5,9.5,0,0.0,0.0
2020-03-31 00:00:00-04:00,10.5,10.699999809265137,10.0,10.0,1600,0.0,0.0
2020-04-01 00:00:00-04:00,10.0,10.0,10.0,10.0,0,0.0,0.0
2020-04-02 00:00:00-04:00,10.5,10.5,10.5,10.5,300,0.0,0.0
2020-04-03 00:00:00-04:00,11.510000228881836,12.0,11.510000228881836,12.0,1500,0.0,0.0
2020-04-06 00:00:00-04:00,12.1899995803833,12.1899995803833,12.1899995803833,12.1899995803833,400,0.0,0.0
2020-04-07 00:00:00-04:00,12.1899995803833,12.1899995803833,12.1899995803833,12.1899995803833,0,0.0,0.0
2020-04-08 00:00:00-04:00,12.1899995803833,12.1899995803833,12.1899995803833,12.1899995803833,0,0.0,0.0
2020-04-09 00:00:00-04:00,12.1899995803833,12.1899995803833,12.1899995803833,12.1899995803833,0,0.0,0.0
2020-04-13 00:00:00-04:00,13.0,13.0,13.0,13.0,400,0.0,0.0
2020-04-14 00:00:00-04:00,13.0,13.0,13.0,13.0,0,0.0,0.0
2020-04-15 00:00:00-04:00,13.0,13.0,13.0,13.0,0,0.0,0.0
2020-04-16 00:00:00-04:00,13.0,13.0,13.0,13.0,0,0.0,0.0
2020-04-17 00:00:00-04:00,13.0,13.0,13.0,13.0,0,0.0,0.0
2020-04-20 00:00:00-04:00,13.0,13.0,13.0,13.0,0,0.0,0.0
2020-04-21 00:00:00-04:00,13.0,13.0,13.0,13.0,0,0.0,0.0
2020-04-22 00:00:00-04:00,13.0,13.0,13.0,13.0,0,0.0,0.0
2020-04-23 00:00:00-04:00,13.0,13.0,13.0,13.0,0,0.0,0.0
2020-04-24 00:00:00-04:00,13.0,13.0,13.0,13.0,0,0.0,0.0
2020-04-27 00:00:00-04:00,13.0,13.0,13.0,13.0,0,0.0,0.0
2020-04-28 00:00:00-04:00,12.75,12.75,12.75,12.75,300,0.0,0.0
2020-04-29 00:00:00-04:00,12.75,12.75,12.75,12.75,0,0.0,0.0
2020-04-30 00:00:00-04:00,12.75,12.75,12.75,12.75,0,0.0,0.0
2020-05-01 00:00:00-04:00,6.25,7.900000095367432,6.059999942779541,7.659999847412109,617000,0.0,0.0
2020-05-04 00:00:00-04:00,7.659999847412109,7.699999809265137,7.261000156402588,7.5,82200,0.0,0.0
2020-05-05 00:00:00-04:00,7.550000190734863,8.34000015258789,7.550000190734863,7.949999809265137,246600,0.0,0.0
2020-05-06 00:00:00-04:00,8.25,8.25,7.800000190734863,8.25,186300,0.0,0.0
2020-05-07 00:00:00-04:00,8.199999809265137,8.25,8.0,8.069999694824219,52700,0.0,0.0
2020-05-08 00:00:00-04:00,8.010000228881836,8.399999618530273,8.0,8.0,49600,0.0,0.0
2020-05-11 00:00:00-04:00,8.0,8.175000190734863,8.0,8.050000190734863,21700,0.0,0.0
2020-05-12 00:00:00-04:00,8.050000190734863,8.050000190734863,7.900000095367432,7.960000038146973,44000,0.0,0.0
2020-05-13 00:00:00-04:00,7.900000095367432,7.989999771118164,7.650000095367432,7.75,30500,0.0,0.0
2020-05-14 00:00:00-04:00,7.659999847412109,7.75,7.550000190734863,7.75,18200,0.0,0.0
2020-05-15 00:00:00-04:00,7.695000171661377,7.695000171661377,7.25,7.349999904632568,38700,0.0,0.0
2020-05-18 00:00:00-04:00,7.349999904632568,7.599999904632568,7.349999904632568,7.349999904632568,8900,0.0,0.0
2020-05-19 00:00:00-04:00,7.639999866485596,7.739999771118164,7.150000095367432,7.349999904632568,25200,0.0,0.0
2020-05-20 00:00:00-04:00,7.170000076293945,7.440000057220459,7.159999847412109,7.309999942779541,9500,0.0,0.0
2020-05-21 00:00:00-04:00,7.489999771118164,7.599999904632568,7.25,7.550000190734863,38300,0.0,0.0
2020-05-22 00:00:00-04:00,7.460000038146973,7.909999847412109,7.449999809265137,7.619999885559082,15400,0.0,0.0
2020-05-26 00:00:00-04:00,7.25,8.989999771118164,7.25,8.050000190734863,282200,0.0,0.0
2020-05-27 00:00:00-04:00,8.050000190734863,8.399999618530273,7.75,7.849999904632568,56100,0.0,0.0
2020-05-28 00:00:00-04:00,8.0,8.399999618530273,7.75,8.130000114440918,33700,0.0,0.0
2020-05-29 00:00:00-04:00,8.005000114440918,8.119999885559082,7.800000190734863,7.809999942779541,31200,0.0,0.0
2020-06-01 00:00:00-04:00,7.989999771118164,7.989999771118164,7.550000190734863,7.550000190734863,93100,0.0,0.0
2020-06-02 00:00:00-04:00,7.650000095367432,7.934999942779541,7.610000133514404,7.78000020980835,40600,0.0,0.0
2020-06-03 00:00:00-04:00,7.75,7.800000190734863,7.610000133514404,7.75,24800,0.0,0.0
2020-06-04 00:00:00-04:00,7.800000190734863,8.574999809265137,7.800000190734863,7.849999904632568,117900,0.0,0.0
2020-06-05 00:00:00-04:00,7.949999809265137,8.0,7.800000190734863,7.940000057220459,56700,0.0,0.0
2020-06-08 00:00:00-04:00,7.889999866485596,8.09000015258789,7.889999866485596,8.0,86000,0.0,0.0
2020-06-09 00:00:00-04:00,8.050000190734863,8.050000190734863,7.940000057220459,8.0,31200,0.0,0.0
2020-06-10 00:00:00-04:00,8.0,8.399999618530273,7.900000095367432,8.149999618530273,100100,0.0,0.0
2020-06-11 00:00:00-04:00,8.079999923706055,8.102999687194824,7.599999904632568,7.940000057220459,24200,0.0,0.0
2020-06-12 00:00:00-04:00,7.800000190734863,7.980000019073486,7.550000190734863,7.785999774932861,34900,0.0,0.0
2020-06-15 00:00:00-04:00,7.650000095367432,8.824999809265137,7.650000095367432,8.4399995803833,48300,0.0,0.0
2020-06-16 00:00:00-04:00,8.449999809265137,9.09000015258789,8.399999618530273,8.550000190734863,87900,0.0,0.0
2020-06-17 00:00:00-04:00,8.699999809265137,9.6899995803833,8.583000183105469,9.149999618530273,205500,0.0,0.0
2020-06-18 00:00:00-04:00,9.130000114440918,9.5,8.899999618530273,8.899999618530273,76000,0.0,0.0
2020-06-19 00:00:00-04:00,8.880000114440918,9.0,8.069999694824219,8.229999542236328,103100,0.0,0.0
2020-06-22 00:00:00-04:00,8.260000228881836,8.510000228881836,8.0,8.3100004196167,30900,0.0,0.0
2020-06-23 00:00:00-04:00,8.75,9.0,8.520000457763672,8.520000457763672,34500,0.0,0.0
2020-06-24 00:00:00-04:00,8.694999694824219,8.694999694824219,8.010000228881836,8.09000015258789,24300,0.0,0.0
2020-06-25 00:00:00-04:00,8.010000228881836,8.8100004196167,8.010000228881836,8.710000038146973,30300,0.0,0.0
2020-06-26 00:00:00-04:00,8.899999618530273,8.989999771118164,8.430000305175781,8.524999618530273,57300,0.0,0.0
2020-06-29 00:00:00-04:00,8.5,9.5,8.5,9.3100004196167,202400,0.0,0.0
2020-06-30 00:00:00-04:00,9.380000114440918,10.369000434875488,9.380000114440918,10.25,278000,0.0,0.0
2020-07-01 00:00:00-04:00,10.079999923706055,10.239999771118164,9.329999923706055,9.710000038146973,60500,0.0,0.0
2020-07-02 00:00:00-04:00,9.640000343322754,10.048999786376953,9.550000190734863,9.869999885559082,70700,0.0,0.0
2020-07-06 00:00:00-04:00,10.0,10.0,9.475000381469727,9.489999771118164,32400,0.0,0.0
2020-07-07 00:00:00-04:00,9.380000114440918,9.720000267028809,9.260000228881836,9.5,27100,0.0,0.0
2020-07-08 00:00:00-04:00,9.630000114440918,9.630000114440918,9.260000228881836,9.260000228881836,10100,0.0,0.0
2020-07-09 00:00:00-04:00,9.270000457763672,9.300000190734863,8.880000114440918,8.880000114440918,40300,0.0,0.0
2020-07-10 00:00:00-04:00,8.930000305175781,9.079999923706055,8.75,8.949999809265137,33100,0.0,0.0
2020-07-13 00:00:00-04:00,9.300000190734863,9.489999771118164,9.0600004196167,9.079999923706055,27200,0.0,0.0
2020-07-14 00:00:00-04:00,9.324999809265137,9.324999809265137,8.600000381469727,8.800000190734863,36300,0.0,0.0
2020-07-15 00:00:00-04:00,8.819999694824219,9.779999732971191,8.600000381469727,9.149999618530273,66800,0.0,0.0
2020-07-16 00:00:00-04:00,9.0,9.399999618530273,8.979999542236328,9.239999771118164,21800,0.0,0.0
2020-07-17 00:00:00-04:00,9.25,10.949999809265137,9.25,10.779999732971191,104100,0.0,0.0
2020-07-20 00:00:00-04:00,10.979999542236328,11.9399995803833,10.569999694824219,11.680000305175781,149700,0.0,0.0
2020-07-21 00:00:00-04:00,11.680000305175781,12.140000343322754,11.630000114440918,12.140000343322754,93500,0.0,0.0
2020-07-22 00:00:00-04:00,12.199999809265137,12.312999725341797,10.3100004196167,11.0,113200,0.0,0.0
2020-07-23 00:00:00-04:00,10.760000228881836,12.300000190734863,10.520000457763672,11.819999694824219,66200,0.0,0.0
2020-07-24 00:00:00-04:00,11.649999618530273,11.739999771118164,10.65999984741211,11.6899995803833,43700,0.0,0.0
2020-07-27 00:00:00-04:00,11.600000381469727,12.630000114440918,11.600000381469727,12.350000381469727,77700,0.0,0.0
2020-07-28 00:00:00-04:00,12.350000381469727,12.380000114440918,11.600000381469727,12.09000015258789,65600,0.0,0.0
2020-07-29 00:00:00-04:00,11.960000038146973,12.760000228881836,11.960000038146973,12.720000267028809,117600,0.0,0.0
2020-07-30 00:00:00-04:00,12.510000228881836,12.899999618530273,11.699999809265137,12.539999961853027,80600,0.0,0.0
2020-07-31 00:00:00-04:00,12.329999923706055,12.329999923706055,11.6899995803833,11.84000015258789,62300,0.0,0.0
2020-08-03 00:00:00-04:00,11.770000457763672,12.75,11.75,12.430000305175781,68100,0.0,0.0
2020-08-04 00:00:00-04:00,12.239999771118164,12.600000381469727,12.239999771118164,12.600000381469727,11500,0.0,0.0
2020-08-05 00:00:00-04:00,12.699999809265137,12.850000381469727,12.260000228881836,12.699999809265137,24800,0.0,0.0
2020-08-06 00:00:00-04:00,12.550000190734863,12.789999961853027,12.300000190734863,12.789999961853027,31200,0.0,0.0
2020-08-07 00:00:00-04:00,12.569999694824219,12.760000228881836,12.510000228881836,12.579999923706055,29600,0.0,0.0
2020-08-10 00:00:00-04:00,12.600000381469727,12.739999771118164,12.3100004196167,12.649999618530273,28400,0.0,0.0
2020-08-11 00:00:00-04:00,12.609999656677246,13.081999778747559,12.609999656677246,12.84000015258789,72400,0.0,0.0
2020-08-12 00:00:00-04:00,12.84000015258789,12.949999809265137,12.420000076293945,12.760000228881836,41800,0.0,0.0
2020-08-13 00:00:00-04:00,12.649999618530273,12.6899995803833,12.15999984741211,12.399999618530273,36500,0.0,0.0
2020-08-14 00:00:00-04:00,12.460000038146973,12.770000457763672,11.6899995803833,12.430000305175781,81600,0.0,0.0
2020-08-17 00:00:00-04:00,12.359999656677246,12.359999656677246,11.710000038146973,12.149999618530273,39500,0.0,0.0
2020-08-18 00:00:00-04:00,12.0,12.704999923706055,11.930000305175781,12.170000076293945,61600,0.0,0.0
2020-08-19 00:00:00-04:00,12.0,12.25,11.869999885559082,12.010000228881836,35300,0.0,0.0
2020-08-20 00:00:00-04:00,11.90999984741211,11.979999542236328,11.510000228881836,11.569999694824219,56600,0.0,0.0
2020-08-21 00:00:00-04:00,11.600000381469727,11.800000190734863,11.600000381469727,11.770000457763672,32200,0.0,0.0
2020-08-24 00:00:00-04:00,11.84000015258789,12.119999885559082,11.619999885559082,11.829999923706055,39000,0.0,0.0
2020-08-25 00:00:00-04:00,11.75,11.902000427246094,11.40999984741211,11.680000305175781,40000,0.0,0.0
2020-08-26 00:00:00-04:00,11.5,11.90999984741211,11.470000267028809,11.90999984741211,20600,0.0,0.0
2020-08-27 00:00:00-04:00,11.789999961853027,11.789999961853027,11.3100004196167,11.359999656677246,44700,0.0,0.0
2020-08-28 00:00:00-04:00,11.399999618530273,11.90999984741211,11.399999618530273,11.520000457763672,20200,0.0,0.0
2020-08-31 00:00:00-04:00,11.520000457763672,12.210000038146973,11.25,11.899999618530273,36000,0.0,0.0
2020-09-01 00:00:00-04:00,11.899999618530273,12.720000267028809,11.359999656677246,12.460000038146973,87100,0.0,0.0
2020-09-02 00:00:00-04:00,12.359999656677246,12.359999656677246,11.579999923706055,11.920000076293945,20600,0.0,0.0
2020-09-03 00:00:00-04:00,11.779999732971191,11.779999732971191,11.0,11.029999732971191,40600,0.0,0.0
2020-09-04 00:00:00-04:00,11.140000343322754,11.217000007629395,10.300000190734863,10.449999809265137,34400,0.0,0.0
2020-09-08 00:00:00-04:00,10.607000350952148,10.90999984741211,10.380000114440918,10.59000015258789,20200,0.0,0.0
2020-09-09 00:00:00-04:00,10.65999984741211,11.039999961853027,10.329999923706055,11.010000228881836,36800,0.0,0.0
2020-09-10 00:00:00-04:00,11.053000450134277,11.3100004196167,10.960000038146973,11.3100004196167,10900,0.0,0.0
2020-09-11 00:00:00-04:00,11.289999961853027,11.680000305175781,11.258000373840332,11.569999694824219,31500,0.0,0.0
2020-09-14 00:00:00-04:00,11.107999801635742,11.107999801635742,10.760000228881836,10.760000228881836,10600,0.0,0.0
2020-09-15 00:00:00-04:00,10.859999656677246,10.989999771118164,10.729999542236328,10.859999656677246,5200,0.0,0.0
2020-09-16 00:00:00-04:00,10.9399995803833,11.09000015258789,10.899999618530273,10.899999618530273,16100,0.0,0.0
2020-09-17 00:00:00-04:00,10.949999809265137,11.0,10.760000228881836,10.760000228881836,12800,0.0,0.0
2020-09-18 00:00:00-04:00,10.949999809265137,11.350000381469727,10.829999923706055,10.829999923706055,23200,0.0,0.0
2020-09-21 00:00:00-04:00,10.819999694824219,11.234999656677246,9.725000381469727,10.0,115600,0.0,0.0
2020-09-22 00:00:00-04:00,10.050000190734863,10.84000015258789,9.90999984741211,10.0,16900,0.0,0.0
2020-09-23 00:00:00-04:00,10.234000205993652,10.399999618530273,9.25,9.359999656677246,60600,0.0,0.0
2020-09-24 00:00:00-04:00,9.470000267028809,9.680000305175781,8.949999809265137,9.319999694824219,57200,0.0,0.0
2020-09-25 00:00:00-04:00,9.210000038146973,9.979999542236328,9.210000038146973,9.850000381469727,20200,0.0,0.0
2020-09-28 00:00:00-04:00,9.829999923706055,11.239999771118164,9.800000190734863,10.770000457763672,59400,0.0,0.0
2020-09-29 00:00:00-04:00,10.970000267028809,11.199999809265137,10.819999694824219,11.180000305175781,24100,0.0,0.0
2020-09-30 00:00:00-04:00,11.199999809265137,11.670000076293945,11.100000381469727,11.609999656677246,34800,0.0,0.0
2020-10-01 00:00:00-04:00,11.850000381469727,12.15999984741211,11.569999694824219,11.670000076293945,55100,0.0,0.0
2020-10-02 00:00:00-04:00,11.531000137329102,12.199999809265137,11.531000137329102,11.630000114440918,60200,0.0,0.0
2020-10-05 00:00:00-04:00,11.899999618530273,12.0,11.569999694824219,11.859999656677246,25100,0.0,0.0
2020-10-06 00:00:00-04:00,11.890000343322754,11.899999618530273,11.0649995803833,11.170000076293945,25500,0.0,0.0
2020-10-07 00:00:00-04:00,11.336000442504883,11.579999923706055,10.890000343322754,11.149999618530273,21500,0.0,0.0
2020-10-08 00:00:00-04:00,11.050000190734863,11.569999694824219,11.0,11.569999694824219,9100,0.0,0.0
2020-10-09 00:00:00-04:00,11.59000015258789,12.039999961853027,11.59000015258789,11.729999542236328,47600,0.0,0.0
2020-10-12 00:00:00-04:00,11.859999656677246,11.859999656677246,11.40999984741211,11.40999984741211,17500,0.0,0.0
2020-10-13 00:00:00-04:00,11.539999961853027,11.850000381469727,11.539999961853027,11.729999542236328,40600,0.0,0.0
2020-10-14 00:00:00-04:00,11.899999618530273,12.239999771118164,11.770000457763672,11.979999542236328,25600,0.0,0.0
2020-10-15 00:00:00-04:00,11.800000190734863,12.010000228881836,11.420000076293945,11.550000190734863,55400,0.0,0.0
2020-10-16 00:00:00-04:00,11.770000457763672,11.822999954223633,11.350000381469727,11.479999542236328,40900,0.0,0.0
2020-10-19 00:00:00-04:00,11.470000267028809,11.789999961853027,11.25,11.359999656677246,29700,0.0,0.0
2020-10-20 00:00:00-04:00,11.479999542236328,11.699999809265137,11.260000228881836,11.270000457763672,64700,0.0,0.0
2020-10-21 00:00:00-04:00,11.399999618530273,11.569999694824219,11.399999618530273,11.460000038146973,9500,0.0,0.0
2020-10-22 00:00:00-04:00,11.423999786376953,11.550000190734863,11.354999542236328,11.5,23000,0.0,0.0
2020-10-23 00:00:00-04:00,11.470000267028809,11.619999885559082,11.100000381469727,11.390000343322754,34300,0.0,0.0
2020-10-26 00:00:00-04:00,11.3100004196167,11.510000228881836,10.710000038146973,10.75,44200,0.0,0.0
2020-10-27 00:00:00-04:00,10.760000228881836,11.010000228881836,10.760000228881836,10.779999732971191,4000,0.0,0.0
2020-10-28 00:00:00-04:00,10.75,10.800000190734863,10.600000381469727,10.670000076293945,9900,0.0,0.0
2020-10-29 00:00:00-04:00,10.635000228881836,11.100000381469727,10.510000228881836,10.550000190734863,27400,0.0,0.0
2020-10-30 00:00:00-04:00,10.788000106811523,11.039999961853027,10.430000305175781,10.710000038146973,24900,0.0,0.0
2020-11-02 00:00:00-05:00,10.699999809265137,11.600000381469727,10.430000305175781,11.100000381469727,44500,0.0,0.0
2020-11-03 00:00:00-05:00,11.239999771118164,11.550000190734863,11.239999771118164,11.550000190734863,7200,0.0,0.0
2020-11-04 00:00:00-05:00,11.5,11.6899995803833,11.100000381469727,11.25,12400,0.0,0.0
2020-11-05 00:00:00-05:00,11.550000190734863,11.729999542236328,11.100000381469727,11.449999809265137,37500,0.0,0.0
2020-11-06 00:00:00-05:00,11.5600004196167,11.807000160217285,11.40999984741211,11.550000190734863,10600,0.0,0.0
2020-11-09 00:00:00-05:00,11.640000343322754,11.800000190734863,11.3100004196167,11.800000190734863,38100,0.0,0.0
2020-11-10 00:00:00-05:00,11.640000343322754,11.789999961853027,11.413999557495117,11.510000228881836,32000,0.0,0.0
2020-11-11 00:00:00-05:00,11.239999771118164,11.59000015258789,11.010000228881836,11.510000228881836,25100,0.0,0.0
2020-11-12 00:00:00-05:00,11.479999542236328,11.739999771118164,11.0,11.579999923706055,28300,0.0,0.0
2020-11-13 00:00:00-05:00,11.649999618530273,12.079999923706055,11.369999885559082,11.75,104200,0.0,0.0
2020-11-16 00:00:00-05:00,11.850000381469727,12.100000381469727,11.5,11.920000076293945,33700,0.0,0.0
2020-11-17 00:00:00-05:00,11.899999618530273,12.75,11.800000190734863,12.300000190734863,85700,0.0,0.0
2020-11-18 00:00:00-05:00,12.300000190734863,12.75,12.300000190734863,12.680000305175781,33100,0.0,0.0
2020-11-19 00:00:00-05:00,12.5600004196167,12.949999809265137,12.550000190734863,12.850000381469727,42200,0.0,0.0
2020-11-20 00:00:00-05:00,12.979999542236328,14.989999771118164,12.770000457763672,14.989999771118164,131400,0.0,0.0
2020-11-23 00:00:00-05:00,15.25,16.520999908447266,14.15999984741211,16.139999389648438,101800,0.0,0.0
2020-11-24 00:00:00-05:00,16.0,17.29800033569336,15.76200008392334,17.15999984741211,138000,0.0,0.0
2020-11-25 00:00:00-05:00,17.950000762939453,19.81999969482422,16.350000381469727,16.8700008392334,444600,0.0,0.0
2020-11-27 00:00:00-05:00,16.780000686645508,17.479999542236328,16.549999237060547,16.860000610351562,76100,0.0,0.0
2020-11-30 00:00:00-05:00,17.0,17.464000701904297,16.59000015258789,16.760000228881836,106600,0.0,0.0
2020-12-01 00:00:00-05:00,16.8700008392334,17.0,15.770000457763672,15.850000381469727,247400,0.0,0.0
2020-12-02 00:00:00-05:00,15.949999809265137,16.899999618530273,15.100000381469727,15.989999771118164,178500,0.0,0.0
2020-12-03 00:00:00-05:00,16.350000381469727,16.40999984741211,15.800000190734863,15.989999771118164,104400,0.0,0.0
2020-12-04 00:00:00-05:00,16.139999389648438,16.15999984741211,15.510000228881836,15.920000076293945,56400,0.0,0.0
2020-12-07 00:00:00-05:00,15.920000076293945,15.920000076293945,15.100000381469727,15.319999694824219,96700,0.0,0.0
2020-12-08 00:00:00-05:00,15.300000190734863,16.639999389648438,14.720000267028809,16.389999389648438,213900,0.0,0.0
2020-12-09 00:00:00-05:00,14.9399995803833,16.920000076293945,14.871000289916992,16.219999313354492,735300,0.0,0.0
2020-12-10 00:00:00-05:00,16.0,16.010000228881836,15.449999809265137,16.0,201600,0.0,0.0
2020-12-11 00:00:00-05:00,15.949999809265137,16.0,15.279999732971191,15.729999542236328,200600,0.0,0.0
2020-12-14 00:00:00-05:00,15.770000457763672,15.890000343322754,15.100000381469727,15.390000343322754,170900,0.0,0.0
2020-12-15 00:00:00-05:00,15.65999984741211,15.65999984741211,14.75,14.899999618530273,213300,0.0,0.0
2020-12-16 00:00:00-05:00,15.0,15.779999732971191,14.930000305175781,15.75,104100,0.0,0.0
2020-12-17 00:00:00-05:00,15.670000076293945,17.05299949645996,15.460000038146973,16.290000915527344,253600,0.0,0.0
2020-12-18 00:00:00-05:00,16.5,17.899999618530273,16.299999237060547,17.899999618530273,283800,0.0,0.0
2020-12-21 00:00:00-05:00,17.850000381469727,18.690000534057617,16.940000534057617,18.690000534057617,184100,0.0,0.0
2020-12-22 00:00:00-05:00,18.690000534057617,18.850000381469727,17.260000228881836,17.649999618530273,136500,0.0,0.0
2020-12-23 00:00:00-05:00,17.799999237060547,18.18000030517578,17.5,17.860000610351562,90200,0.0,0.0
2020-12-24 00:00:00-05:00,17.809999465942383,17.895999908447266,16.799999237060547,17.104999542236328,54700,0.0,0.0
2020-12-28 00:00:00-05:00,17.309999465942383,17.399999618530273,16.6299991607666,16.68000030517578,79100,0.0,0.0
2020-12-29 00:00:00-05:00,16.809999465942383,17.190000534057617,16.43000030517578,16.899999618530273,83700,0.0,0.0
2020-12-30 00:00:00-05:00,17.010000228881836,17.5,16.93000030517578,17.5,74400,0.0,0.0
2020-12-31 00:00:00-05:00,17.600000381469727,17.920000076293945,17.020000457763672,17.920000076293945,74100,0.0,0.0
2021-01-04 00:00:00-05:00,17.950000762939453,17.950000762939453,16.780000686645508,16.90999984741211,115700,0.0,0.0
2021-01-05 00:00:00-05:00,16.799999237060547,17.149999618530273,16.549999237060547,17.110000610351562,208100,0.0,0.0
2021-01-06 00:00:00-05:00,17.059999465942383,17.40999984741211,16.899999618530273,17.309999465942383,105100,0.0,0.0
2021-01-07 00:00:00-05:00,17.270000457763672,18.34000015258789,17.165000915527344,18.31999969482422,175700,0.0,0.0
2021-01-08 00:00:00-05:00,18.350000381469727,18.68000030517578,16.739999771118164,17.290000915527344,126400,0.0,0.0
2021-01-11 00:00:00-05:00,16.959999084472656,17.149999618530273,16.6200008392334,16.780000686645508,44500,0.0,0.0
2021-01-12 00:00:00-05:00,16.920000076293945,17.6200008392334,16.579999923706055,17.3700008392334,62700,0.0,0.0
2021-01-13 00:00:00-05:00,17.25,17.850000381469727,16.860000610351562,16.979999542236328,102200,0.0,0.0
2021-01-14 00:00:00-05:00,17.09000015258789,17.270000457763672,16.549999237060547,17.020000457763672,58100,0.0,0.0
2021-01-15 00:00:00-05:00,16.8799991607666,16.93000030517578,15.579999923706055,16.06999969482422,149800,0.0,0.0
2021-01-19 00:00:00-05:00,16.31999969482422,16.770000457763672,16.0,16.600000381469727,74300,0.0,0.0
2021-01-20 00:00:00-05:00,16.610000610351562,17.049999237060547,16.610000610351562,16.989999771118164,80100,0.0,0.0
2021-01-21 00:00:00-05:00,17.086999893188477,17.100000381469727,16.667999267578125,17.079999923706055,81200,0.0,0.0
2021-01-22 00:00:00-05:00,16.8799991607666,16.988000869750977,16.459999084472656,16.690000534057617,40900,0.0,0.0
2021-01-25 00:00:00-05:00,16.399999618530273,16.979999542236328,16.309999465942383,16.889999389648438,70200,0.0,0.0
2021-01-26 00:00:00-05:00,16.989999771118164,17.700000762939453,16.690000534057617,17.5,193100,0.0,0.0
2021-01-27 00:00:00-05:00,17.399999618530273,17.399999618530273,16.6200008392334,16.700000762939453,67000,0.0,0.0
2021-01-28 00:00:00-05:00,16.729999542236328,16.96500015258789,15.600000381469727,15.75,80200,0.0,0.0
2021-01-29 00:00:00-05:00,16.020000457763672,16.40999984741211,15.470000267028809,16.149999618530273,113700,0.0,0.0
2021-02-01 00:00:00-05:00,16.030000686645508,17.1299991607666,15.140000343322754,16.90999984741211,254300,0.0,0.0
2021-02-02 00:00:00-05:00,17.209999084472656,17.350000381469727,16.6299991607666,16.850000381469727,124800,0.0,0.0
2021-02-03 00:00:00-05:00,16.989999771118164,19.940000534057617,16.989999771118164,19.93000030517578,269600,0.0,0.0
2021-02-04 00:00:00-05:00,20.059999465942383,20.610000610351562,19.5,20.040000915527344,159400,0.0,0.0
2021-02-05 00:00:00-05:00,20.139999389648438,20.354000091552734,18.6299991607666,19.6200008392334,157000,0.0,0.0
2021-02-08 00:00:00-05:00,19.75,21.450000762939453,19.729999542236328,21.34000015258789,143100,0.0,0.0
2021-02-09 00:00:00-05:00,22.899999618530273,23.989999771118164,21.700000762939453,22.84000015258789,228700,0.0,0.0
2021-02-10 00:00:00-05:00,23.809999465942383,24.0,21.639999389648438,23.809999465942383,212600,0.0,0.0
2021-02-11 00:00:00-05:00,24.049999237060547,25.18000030517578,21.81999969482422,23.18000030517578,159600,0.0,0.0
2021-02-12 00:00:00-05:00,23.309999465942383,23.81999969482422,21.4950008392334,21.65999984741211,84200,0.0,0.0
2021-02-16 00:00:00-05:00,22.1200008392334,23.790000915527344,21.670000076293945,23.65999984741211,97100,0.0,0.0
2021-02-17 00:00:00-05:00,23.5,23.5,20.709999084472656,21.579999923706055,117800,0.0,0.0
2021-02-18 00:00:00-05:00,21.139999389648438,21.799999237060547,19.450000762939453,19.950000762939453,187200,0.0,0.0
2021-02-19 00:00:00-05:00,19.860000610351562,20.979999542236328,19.010000228881836,20.06999969482422,148900,0.0,0.0
2021-02-22 00:00:00-05:00,20.280000686645508,21.190000534057617,19.600000381469727,21.110000610351562,101300,0.0,0.0
2021-02-23 00:00:00-05:00,20.6200008392334,20.95599937438965,18.719999313354492,19.239999771118164,119800,0.0,0.0
2021-02-24 00:00:00-05:00,19.809999465942383,20.760000228881836,19.059999465942383,19.190000534057617,58400,0.0,0.0
2021-02-25 00:00:00-05:00,19.360000610351562,19.75,18.149999618530273,18.299999237060547,80000,0.0,0.0
2021-02-26 00:00:00-05:00,18.459999084472656,18.604999542236328,16.850000381469727,18.010000228881836,132000,0.0,0.0
2021-03-01 00:00:00-05:00,18.469999313354492,20.020000457763672,18.010000228881836,20.010000228881836,78700,0.0,0.0
2021-03-02 00:00:00-05:00,19.790000915527344,20.459999084472656,19.049999237060547,19.280000686645508,58700,0.0,0.0
2021-03-03 00:00:00-05:00,19.5,20.027000427246094,18.75,19.5,77800,0.0,0.0
2021-03-04 00:00:00-05:00,19.739999771118164,19.75,17.260000228881836,17.270000457763672,158200,0.0,0.0
2021-03-05 00:00:00-05:00,17.690000534057617,17.90999984741211,16.010000228881836,17.90999984741211,122900,0.0,0.0
2021-03-08 00:00:00-05:00,18.020000457763672,18.260000228881836,17.010000228881836,17.649999618530273,78300,0.0,0.0
2021-03-09 00:00:00-05:00,19.280000686645508,20.329999923706055,18.59000015258789,19.489999771118164,109300,0.0,0.0
2021-03-10 00:00:00-05:00,19.520000457763672,20.200000762939453,18.5,18.860000610351562,71500,0.0,0.0
2021-03-11 00:00:00-05:00,19.420000076293945,19.799999237060547,18.850000381469727,19.09000015258789,44300,0.0,0.0
2021-03-12 00:00:00-05:00,19.010000228881836,19.020000457763672,18.049999237060547,18.899999618530273,57300,0.0,0.0
2021-03-15 00:00:00-04:00,19.100000381469727,19.360000610351562,18.18000030517578,18.950000762939453,164300,0.0,0.0
2021-03-16 00:00:00-04:00,19.1299991607666,19.336000442504883,17.940000534057617,18.270000457763672,93600,0.0,0.0
2021-03-17 00:00:00-04:00,18.1299991607666,20.200000762939453,17.895999908447266,20.149999618530273,104500,0.0,0.0
2021-03-18 00:00:00-04:00,19.84000015258789,20.299999237060547,18.649999618530273,19.0,167400,0.0,0.0
2021-03-19 00:00:00-04:00,18.93000030517578,19.989999771118164,18.290000915527344,18.309999465942383,156600,0.0,0.0
2021-03-22 00:00:00-04:00,19.59000015258789,19.59000015258789,18.260000228881836,18.309999465942383,169800,0.0,0.0
2021-03-23 00:00:00-04:00,18.25,18.40999984741211,17.5,17.989999771118164,79800,0.0,0.0
2021-03-24 00:00:00-04:00,18.579999923706055,18.579999923706055,17.200000762939453,17.200000762939453,97300,0.0,0.0
2021-03-25 00:00:00-04:00,16.940000534057617,17.350000381469727,16.28499984741211,16.81999969482422,90600,0.0,0.0
2021-03-26 00:00:00-04:00,17.209999084472656,17.423999786376953,16.399999618530273,16.889999389648438,51300,0.0,0.0
2021-03-29 00:00:00-04:00,16.829999923706055,16.989999771118164,15.850000381469727,16.059999465942383,139900,0.0,0.0
2021-03-30 00:00:00-04:00,15.979999542236328,16.43000030517578,15.25,16.280000686645508,113900,0.0,0.0
2021-03-31 00:00:00-04:00,12.699999809265137,15.039999961853027,11.6850004196167,12.420000076293945,8280500,0.0,0.0
2021-04-01 00:00:00-04:00,12.420000076293945,13.640000343322754,12.210000038146973,12.25,675000,0.0,0.0
2021-04-05 00:00:00-04:00,13.1899995803833,15.1899995803833,12.229999542236328,15.100000381469727,1310300,0.0,0.0
2021-04-06 00:00:00-04:00,15.199999809265137,15.199999809265137,13.850000381469727,13.899999618530273,340100,0.0,0.0
2021-04-07 00:00:00-04:00,13.989999771118164,14.329999923706055,13.770000457763672,14.0,202400,0.0,0.0
2021-04-08 00:00:00-04:00,14.109999656677246,14.289999961853027,13.130000114440918,13.569999694824219,119700,0.0,0.0
2021-04-09 00:00:00-04:00,13.680000305175781,13.9399995803833,13.149999618530273,13.789999961853027,88600,0.0,0.0
2021-04-12 00:00:00-04:00,13.739999771118164,13.739999771118164,12.850000381469727,12.899999618530273,100200,0.0,0.0
2021-04-13 00:00:00-04:00,12.850000381469727,13.482999801635742,12.800000190734863,12.930000305175781,86900,0.0,0.0
2021-04-14 00:00:00-04:00,13.140000343322754,13.300000190734863,12.760000228881836,13.100000381469727,116000,0.0,0.0
2021-04-15 00:00:00-04:00,13.260000228881836,13.300000190734863,12.170000076293945,12.670000076293945,220800,0.0,0.0
2021-04-16 00:00:00-04:00,12.699999809265137,12.890000343322754,12.359999656677246,12.800000190734863,181700,0.0,0.0
2021-04-19 00:00:00-04:00,12.609999656677246,12.789999961853027,12.119999885559082,12.170000076293945,211000,0.0,0.0
2021-04-20 00:00:00-04:00,12.149999618530273,12.175000190734863,11.380000114440918,11.960000038146973,209300,0.0,0.0
2021-04-21 00:00:00-04:00,11.819999694824219,12.300000190734863,11.479999542236328,12.050000190734863,123400,0.0,0.0
2021-04-22 00:00:00-04:00,12.220000267028809,12.279999732971191,11.529999732971191,11.65999984741211,96800,0.0,0.0
2021-04-23 00:00:00-04:00,11.579999923706055,11.720000267028809,11.350000381469727,11.399999618530273,140900,0.0,0.0
2021-04-26 00:00:00-04:00,11.460000038146973,11.920000076293945,11.229999542236328,11.899999618530273,111800,0.0,0.0
2021-04-27 00:00:00-04:00,11.899999618530273,12.100000381469727,11.449999809265137,11.729999542236328,55600,0.0,0.0
2021-04-28 00:00:00-04:00,11.609999656677246,12.031999588012695,11.5,11.979999542236328,39600,0.0,0.0
2021-04-29 00:00:00-04:00,11.829999923706055,11.970000267028809,11.380000114440918,11.800000190734863,81300,0.0,0.0
2021-04-30 00:00:00-04:00,11.739999771118164,11.9399995803833,10.789999961853027,11.109999656677246,222200,0.0,0.0
2021-05-03 00:00:00-04:00,11.420000076293945,11.699999809265137,11.0,11.619999885559082,103700,0.0,0.0
2021-05-04 00:00:00-04:00,11.430000305175781,11.489999771118164,10.800000190734863,11.3100004196167,123900,0.0,0.0
2021-05-05 00:00:00-04:00,11.260000228881836,11.260000228881836,10.699999809265137,10.920000076293945,81200,0.0,0.0
2021-05-06 00:00:00-04:00,11.010000228881836,11.470000267028809,10.65999984741211,11.470000267028809,96400,0.0,0.0
2021-05-07 00:00:00-04:00,11.399999618530273,11.399999618530273,10.65999984741211,10.880000114440918,84500,0.0,0.0
2021-05-10 00:00:00-04:00,10.899999618530273,10.899999618530273,10.0,10.260000228881836,134600,0.0,0.0
2021-05-11 00:00:00-04:00,9.770000457763672,10.4399995803833,9.5,9.899999618530273,116400,0.0,0.0
2021-05-12 00:00:00-04:00,9.680000305175781,10.0,9.510000228881836,9.539999961853027,106000,0.0,0.0
2021-05-13 00:00:00-04:00,9.680000305175781,10.071999549865723,9.420000076293945,9.739999771118164,88500,0.0,0.0
2021-05-14 00:00:00-04:00,9.899999618530273,10.38599967956543,9.529999732971191,10.199999809265137,67200,0.0,0.0
2021-05-17 00:00:00-04:00,10.130000114440918,10.350000381469727,10.100000381469727,10.300000190734863,29100,0.0,0.0
2021-05-18 00:00:00-04:00,10.350000381469727,11.0,10.300000190734863,10.850000381469727,69600,0.0,0.0
2021-05-19 00:00:00-04:00,10.619999885559082,10.640000343322754,10.329999923706055,10.5,35100,0.0,0.0
2021-05-20 00:00:00-04:00,10.600000381469727,10.789999961853027,10.220000267028809,10.569999694824219,20400,0.0,0.0
2021-05-21 00:00:00-04:00,10.65999984741211,11.112000465393066,10.354999542236328,10.8100004196167,28100,0.0,0.0
2021-05-24 00:00:00-04:00,11.0,11.239999771118164,10.5600004196167,10.630000114440918,55000,0.0,0.0
2021-05-25 00:00:00-04:00,10.649999618530273,10.789999961853027,10.359999656677246,10.399999618530273,20800,0.0,0.0
2021-05-26 00:00:00-04:00,10.399999618530273,10.399999618530273,10.140000343322754,10.210000038146973,30100,0.0,0.0
2021-05-27 00:00:00-04:00,10.229999542236328,10.378000259399414,10.145999908447266,10.329999923706055,27100,0.0,0.0
2021-05-28 00:00:00-04:00,10.229999542236328,10.75,10.140000343322754,10.699999809265137,27900,0.0,0.0
2021-06-01 00:00:00-04:00,10.829999923706055,11.553000450134277,10.760000228881836,11.270000457763672,77500,0.0,0.0
2021-06-02 00:00:00-04:00,11.300000190734863,11.383999824523926,10.859999656677246,11.109999656677246,31700,0.0,0.0
2021-06-03 00:00:00-04:00,10.949999809265137,11.270000457763672,10.949999809265137,11.109999656677246,34900,0.0,0.0
2021-06-04 00:00:00-04:00,11.109999656677246,11.239999771118164,10.760000228881836,10.760000228881836,48500,0.0,0.0
2021-06-07 00:00:00-04:00,11.619999885559082,11.760000228881836,10.8100004196167,10.970000267028809,101400,0.0,0.0
2021-06-08 00:00:00-04:00,11.020000457763672,12.619999885559082,11.020000457763672,11.960000038146973,146600,0.0,0.0
2021-06-09 00:00:00-04:00,12.0,12.449999809265137,11.510000228881836,11.569999694824219,86600,0.0,0.0
2021-06-10 00:00:00-04:00,11.630000114440918,11.97700023651123,11.020000457763672,11.270000457763672,36800,0.0,0.0
2021-06-11 00:00:00-04:00,11.350000381469727,12.109999656677246,11.194999694824219,11.869999885559082,53100,0.0,0.0
2021-06-14 00:00:00-04:00,11.890000343322754,12.109999656677246,11.616999626159668,11.630000114440918,22400,0.0,0.0
2021-06-15 00:00:00-04:00,11.609999656677246,12.050000190734863,11.109999656677246,11.28499984741211,24200,0.0,0.0
2021-06-16 00:00:00-04:00,11.369999885559082,11.585000038146973,11.180000305175781,11.279999732971191,24000,0.0,0.0
2021-06-17 00:00:00-04:00,11.229999542236328,11.399999618530273,10.460000038146973,10.729999542236328,61300,0.0,0.0
2021-06-18 00:00:00-04:00,10.40999984741211,10.869999885559082,9.970000267028809,10.1899995803833,56600,0.0,0.0
2021-06-21 00:00:00-04:00,10.289999961853027,10.425999641418457,9.640000343322754,9.869999885559082,59500,0.0,0.0
2021-06-22 00:00:00-04:00,9.9399995803833,10.140000343322754,9.800000190734863,9.949999809265137,44700,0.0,0.0
2021-06-23 00:00:00-04:00,10.079999923706055,10.5600004196167,10.079999923706055,10.460000038146973,31100,0.0,0.0
2021-06-24 00:00:00-04:00,10.470000267028809,11.359999656677246,10.154000282287598,11.039999961853027,63600,0.0,0.0
2021-06-25 00:00:00-04:00,11.25,11.760000228881836,11.098999977111816,11.619999885559082,80500,0.0,0.0
2021-06-28 00:00:00-04:00,11.670000076293945,12.25,11.1850004196167,11.529999732971191,103900,0.0,0.0
2021-06-29 00:00:00-04:00,11.649999618530273,12.4399995803833,11.470000267028809,12.239999771118164,79800,0.0,0.0
2021-06-30 00:00:00-04:00,12.300000190734863,13.5,11.687000274658203,12.609999656677246,166900,0.0,0.0
2021-07-01 00:00:00-04:00,13.180000305175781,13.300000190734863,12.100000381469727,12.649999618530273,114000,0.0,0.0
2021-07-02 00:00:00-04:00,12.829999923706055,12.958999633789062,12.199999809265137,12.649999618530273,41200,0.0,0.0
2021-07-06 00:00:00-04:00,13.25,13.25,12.22700023651123,12.390000343322754,135600,0.0,0.0
2021-07-07 00:00:00-04:00,12.510000228881836,12.510000228881836,11.399999618530273,11.399999618530273,78700,0.0,0.0
2021-07-08 00:00:00-04:00,11.25,11.25,10.630000114440918,11.140000343322754,82700,0.0,0.0
2021-07-09 00:00:00-04:00,11.300000190734863,11.378999710083008,10.800000190734863,10.930000305175781,53700,0.0,0.0
2021-07-12 00:00:00-04:00,10.960000038146973,11.550000190734863,10.59000015258789,11.09000015258789,30300,0.0,0.0
2021-07-13 00:00:00-04:00,11.010000228881836,11.100000381469727,10.319999694824219,10.4399995803833,76100,0.0,0.0
2021-07-14 00:00:00-04:00,10.479999542236328,10.699999809265137,9.850000381469727,10.069999694824219,48500,0.0,0.0
2021-07-15 00:00:00-04:00,9.979999542236328,10.25,9.75,9.890000343322754,77300,0.0,0.0
2021-07-16 00:00:00-04:00,10.039999961853027,10.220000267028809,9.510000228881836,9.600000381469727,43900,0.0,0.0
2021-07-19 00:00:00-04:00,9.1899995803833,9.270000457763672,8.779999732971191,8.899999618530273,119100,0.0,0.0
2021-07-20 00:00:00-04:00,9.020000457763672,9.760000228881836,8.979999542236328,9.609999656677246,82700,0.0,0.0
2021-07-21 00:00:00-04:00,9.640000343322754,10.119999885559082,9.597000122070312,9.84000015258789,49200,0.0,0.0
2021-07-22 00:00:00-04:00,9.789999961853027,9.90999984741211,9.220000267028809,9.59000015258789,38500,0.0,0.0
2021-07-23 00:00:00-04:00,9.630000114440918,9.765000343322754,9.284000396728516,9.430000305175781,40200,0.0,0.0
2021-07-26 00:00:00-04:00,9.399999618530273,9.59000015258789,9.069999694824219,9.149999618530273,18700,0.0,0.0
2021-07-27 00:00:00-04:00,9.100000381469727,9.140000343322754,8.899999618530273,8.970000267028809,34900,0.0,0.0
2021-07-28 00:00:00-04:00,8.979999542236328,10.074999809265137,8.800000190734863,9.869999885559082,43500,0.0,0.0
2021-07-29 00:00:00-04:00,10.010000228881836,10.050000190734863,9.477999687194824,9.880000114440918,35700,0.0,0.0
2021-07-30 00:00:00-04:00,9.739999771118164,10.630000114440918,9.739999771118164,10.199999809265137,25800,0.0,0.0
2021-08-02 00:00:00-04:00,10.1899995803833,10.350000381469727,9.930000305175781,9.970000267028809,20400,0.0,0.0
2021-08-03 00:00:00-04:00,10.279999732971191,10.472999572753906,9.800000190734863,9.8100004196167,11000,0.0,0.0
2021-08-04 00:00:00-04:00,9.760000228881836,10.022000312805176,9.65999984741211,9.739999771118164,11400,0.0,0.0
2021-08-05 00:00:00-04:00,9.880000114440918,10.237000465393066,9.579999923706055,10.15999984741211,27800,0.0,0.0
2021-08-06 00:00:00-04:00,10.229999542236328,10.40999984741211,9.899999618530273,10.25,71000,0.0,0.0
2021-08-09 00:00:00-04:00,10.25,10.76099967956543,10.190999984741211,10.59000015258789,75700,0.0,0.0
2021-08-10 00:00:00-04:00,10.550000190734863,10.550000190734863,9.800000190734863,9.800000190734863,91800,0.0,0.0
2021-08-11 00:00:00-04:00,9.8100004196167,9.880000114440918,9.199999809265137,9.34000015258789,115100,0.0,0.0
2021-08-12 00:00:00-04:00,9.40999984741211,9.838000297546387,9.149999618530273,9.350000381469727,44900,0.0,0.0
2021-08-13 00:00:00-04:00,9.369999885559082,9.859999656677246,9.15999984741211,9.15999984741211,22100,0.0,0.0
2021-08-16 00:00:00-04:00,9.149999618530273,9.180000305175781,8.600000381469727,8.739999771118164,55900,0.0,0.0
2021-08-17 00:00:00-04:00,8.609999656677246,8.939000129699707,8.279999732971191,8.4399995803833,34700,0.0,0.0
2021-08-18 00:00:00-04:00,8.319999694824219,8.899999618530273,8.319999694824219,8.770000457763672,29900,0.0,0.0
2021-08-19 00:00:00-04:00,8.699999809265137,8.807999610900879,8.550000190734863,8.729999542236328,16000,0.0,0.0
2021-08-20 00:00:00-04:00,8.789999961853027,9.109999656677246,8.470000267028809,8.9399995803833,40500,0.0,0.0
2021-08-23 00:00:00-04:00,9.039999961853027,9.399999618530273,8.75,8.899999618530273,79800,0.0,0.0
2021-08-24 00:00:00-04:00,9.149999618530273,9.149999618530273,8.739999771118164,8.960000038146973,55200,0.0,0.0
2021-08-25 00:00:00-04:00,9.270000457763672,9.359999656677246,9.119999885559082,9.319999694824219,30600,0.0,0.0
2021-08-26 00:00:00-04:00,9.5,9.5,9.09000015258789,9.220000267028809,51800,0.0,0.0
2021-08-27 00:00:00-04:00,9.170000076293945,9.479999542236328,9.170000076293945,9.239999771118164,49500,0.0,0.0
2021-08-30 00:00:00-04:00,9.25,9.420000076293945,9.0,9.069999694824219,33200,0.0,0.0
2021-08-31 00:00:00-04:00,9.880000114440918,10.0,9.140000343322754,10.0,44000,0.0,0.0
2021-09-01 00:00:00-04:00,9.930000305175781,10.149999618530273,9.59000015258789,9.850000381469727,19300,0.0,0.0
2021-09-02 00:00:00-04:00,10.020000457763672,10.350000381469727,9.699999809265137,10.300000190734863,41200,0.0,0.0
2021-09-03 00:00:00-04:00,10.170000076293945,10.489999771118164,9.829999923706055,9.869999885559082,13800,0.0,0.0
2021-09-07 00:00:00-04:00,10.010000228881836,10.397000312805176,9.720000267028809,10.380000114440918,17400,0.0,0.0
2021-09-08 00:00:00-04:00,10.239999771118164,10.470000267028809,9.920000076293945,10.0600004196167,10000,0.0,0.0
2021-09-09 00:00:00-04:00,10.100000381469727,10.800000190734863,10.03499984741211,10.710000038146973,28100,0.0,0.0
2021-09-10 00:00:00-04:00,10.6899995803833,10.6899995803833,10.196000099182129,10.350000381469727,10600,0.0,0.0
2021-09-13 00:00:00-04:00,10.380000114440918,10.6899995803833,9.829999923706055,10.069999694824219,17900,0.0,0.0
2021-09-14 00:00:00-04:00,10.09000015258789,10.491000175476074,9.399999618530273,9.640000343322754,22200,0.0,0.0
2021-09-15 00:00:00-04:00,9.539999961853027,10.031000137329102,9.125,9.289999961853027,13800,0.0,0.0
2021-09-16 00:00:00-04:00,9.300000190734863,9.454999923706055,9.020000457763672,9.079999923706055,22800,0.0,0.0
2021-09-17 00:00:00-04:00,9.100000381469727,9.4399995803833,9.079999923706055,9.119999885559082,16100,0.0,0.0
2021-09-20 00:00:00-04:00,8.800000190734863,9.220000267028809,8.789999961853027,8.859999656677246,32400,0.0,0.0
2021-09-21 00:00:00-04:00,9.010000228881836,9.59000015258789,9.010000228881836,9.180000305175781,31500,0.0,0.0
2021-09-22 00:00:00-04:00,9.34000015258789,9.399999618530273,9.109999656677246,9.300000190734863,6400,0.0,0.0
2021-09-23 00:00:00-04:00,9.270000457763672,9.899999618530273,9.149999618530273,9.739999771118164,11500,0.0,0.0
2021-09-24 00:00:00-04:00,9.579999923706055,9.899999618530273,9.539999961853027,9.850000381469727,19100,0.0,0.0
2021-09-27 00:00:00-04:00,9.819999694824219,10.59000015258789,9.65999984741211,10.399999618530273,18900,0.0,0.0
2021-09-28 00:00:00-04:00,10.229999542236328,10.59000015258789,10.229999542236328,10.289999961853027,22000,0.0,0.0
2021-09-29 00:00:00-04:00,10.300000190734863,10.529999732971191,10.100000381469727,10.119999885559082,35700,0.0,0.0
2021-09-30 00:00:00-04:00,10.187000274658203,10.600000381469727,10.100000381469727,10.4399995803833,14700,0.0,0.0
2021-10-01 00:00:00-04:00,10.170000076293945,10.640000343322754,9.765000343322754,9.800000190734863,13300,0.0,0.0
2021-10-04 00:00:00-04:00,9.729999542236328,10.0,9.529999732971191,9.579999923706055,8600,0.0,0.0
2021-10-05 00:00:00-04:00,10.390000343322754,10.390000343322754,9.300000190734863,9.460000038146973,22300,0.0,0.0
2021-10-06 00:00:00-04:00,9.529999732971191,9.885000228881836,9.199999809265137,9.40999984741211,15700,0.0,0.0
2021-10-07 00:00:00-04:00,9.739999771118164,9.739999771118164,9.300000190734863,9.460000038146973,12500,0.0,0.0
2021-10-08 00:00:00-04:00,9.399999618530273,9.90999984741211,8.899999618530273,9.220000267028809,20000,0.0,0.0
2021-10-11 00:00:00-04:00,10.079999923706055,10.079999923706055,8.3100004196167,9.289999961853027,27900,0.0,0.0
2021-10-12 00:00:00-04:00,9.25,9.25,8.869999885559082,8.989999771118164,9300,0.0,0.0
2021-10-13 00:00:00-04:00,9.25,9.300000190734863,8.920000076293945,9.069999694824219,14400,0.0,0.0
2021-10-14 00:00:00-04:00,9.069999694824219,9.850000381469727,8.960000038146973,9.65999984741211,19200,0.0,0.0
2021-10-15 00:00:00-04:00,9.529999732971191,9.9399995803833,9.279999732971191,9.40999984741211,13000,0.0,0.0
2021-10-18 00:00:00-04:00,9.449999809265137,9.680000305175781,9.449999809265137,9.609999656677246,6700,0.0,0.0
2021-10-19 00:00:00-04:00,9.5600004196167,10.029999732971191,9.399999618530273,9.920000076293945,14400,0.0,0.0
2021-10-20 00:00:00-04:00,9.859999656677246,10.5,9.788999557495117,10.34000015258789,12800,0.0,0.0
2021-10-21 00:00:00-04:00,10.210000038146973,10.449999809265137,9.979999542236328,10.109999656677246,8100,0.0,0.0
2021-10-22 00:00:00-04:00,10.300000190734863,10.699999809265137,9.8100004196167,10.0600004196167,38000,0.0,0.0
2021-10-25 00:00:00-04:00,9.899999618530273,10.329999923706055,9.899999618530273,10.170000076293945,16100,0.0,0.0
2021-10-26 00:00:00-04:00,10.20300006866455,10.489999771118164,9.960000038146973,10.4399995803833,21300,0.0,0.0
2021-10-27 00:00:00-04:00,10.5,11.069999694824219,10.5,10.720000267028809,35300,0.0,0.0
2021-10-28 00:00:00-04:00,10.65999984741211,11.729999542236328,10.649999618530273,11.199999809265137,23800,0.0,0.0
2021-10-29 00:00:00-04:00,10.9399995803833,11.350000381469727,10.875,11.109999656677246,22000,0.0,0.0
2021-11-01 00:00:00-04:00,10.949999809265137,11.550000190734863,10.949999809265137,11.420000076293945,32100,0.0,0.0
2021-11-02 00:00:00-04:00,11.149999618530273,11.729999542236328,11.069999694824219,11.390000343322754,38600,0.0,0.0
2021-11-03 00:00:00-04:00,11.239999771118164,11.239999771118164,10.399999618530273,10.720000267028809,42100,0.0,0.0
2021-11-04 00:00:00-04:00,10.954999923706055,11.069999694824219,10.489999771118164,11.0,17000,0.0,0.0
2021-11-05 00:00:00-04:00,11.25,11.743000030517578,11.010000228881836,11.720000267028809,68900,0.0,0.0
2021-11-08 00:00:00-05:00,11.75,11.95199966430664,11.050000190734863,11.149999618530273,40000,0.0,0.0
2021-11-09 00:00:00-05:00,11.420000076293945,11.449999809265137,11.0,11.420000076293945,27700,0.0,0.0
2021-11-10 00:00:00-05:00,11.020000457763672,11.09000015258789,10.600000381469727,10.949999809265137,30700,0.0,0.0
2021-11-11 00:00:00-05:00,11.197999954223633,11.197999954223633,10.609999656677246,10.8149995803833,18500,0.0,0.0
2021-11-12 00:00:00-05:00,10.897000312805176,11.149999618530273,10.59000015258789,10.59000015258789,22500,0.0,0.0
2021-11-15 00:00:00-05:00,10.65999984741211,10.845000267028809,10.210000038146973,10.5,10800,0.0,0.0
2021-11-16 00:00:00-05:00,10.569999694824219,10.569999694824219,9.949999809265137,10.239999771118164,16000,0.0,0.0
2021-11-17 00:00:00-05:00,10.0,10.005000114440918,9.800000190734863,9.989999771118164,21500,0.0,0.0
2021-11-18 00:00:00-05:00,9.949999809265137,9.989999771118164,9.40999984741211,9.5,20700,0.0,0.0
2021-11-19 00:00:00-05:00,9.845000267028809,9.847999572753906,9.359999656677246,9.5,12000,0.0,0.0
2021-11-22 00:00:00-05:00,10.1899995803833,10.1899995803833,9.079999923706055,9.5,33900,0.0,0.0
2021-11-23 00:00:00-05:00,9.399999618530273,9.704999923706055,8.609999656677246,9.199999809265137,40900,0.0,0.0
2021-11-24 00:00:00-05:00,9.100000381469727,9.739999771118164,9.100000381469727,9.739999771118164,7100,0.0,0.0
2021-11-26 00:00:00-05:00,9.380000114440918,9.739999771118164,9.300000190734863,9.739999771118164,9600,0.0,0.0
2021-11-29 00:00:00-05:00,9.75,10.199999809265137,9.40999984741211,9.75,25800,0.0,0.0
2021-11-30 00:00:00-05:00,9.619999885559082,10.140000343322754,9.329999923706055,9.930000305175781,38100,0.0,0.0
2021-12-01 00:00:00-05:00,9.979999542236328,10.239999771118164,9.59000015258789,9.710000038146973,77800,0.0,0.0
2021-12-02 00:00:00-05:00,9.279999732971191,9.399999618530273,8.130000114440918,9.130000114440918,1986000,0.0,0.0
2021-12-03 00:00:00-05:00,9.039999961853027,9.039999961853027,7.646999835968018,7.909999847412109,747300,0.0,0.0
2021-12-06 00:00:00-05:00,7.75,7.860000133514404,7.0,7.199999809265137,195700,0.0,0.0
2021-12-07 00:00:00-05:00,7.849999904632568,8.600000381469727,7.75,8.449999809265137,249400,0.0,0.0
2021-12-08 00:00:00-05:00,8.350000381469727,9.0,8.100000381469727,8.470000267028809,213000,0.0,0.0
2021-12-09 00:00:00-05:00,8.420000076293945,8.5649995803833,8.0,8.020000457763672,85500,0.0,0.0
2021-12-10 00:00:00-05:00,8.640000343322754,8.640000343322754,8.130000114440918,8.420000076293945,110400,0.0,0.0
2021-12-13 00:00:00-05:00,8.600000381469727,8.600000381469727,7.960000038146973,8.050000190734863,63300,0.0,0.0
2021-12-14 00:00:00-05:00,7.949999809265137,8.130000114440918,7.482999801635742,7.610000133514404,50300,0.0,0.0
2021-12-15 00:00:00-05:00,7.619999885559082,8.300000190734863,7.420000076293945,8.25,79800,0.0,0.0
2021-12-16 00:00:00-05:00,8.229999542236328,8.229999542236328,7.699999809265137,8.09000015258789,107600,0.0,0.0
2021-12-17 00:00:00-05:00,8.029999732971191,8.149999618530273,7.699999809265137,8.079999923706055,28000,0.0,0.0
2021-12-20 00:00:00-05:00,7.860000133514404,8.399999618530273,7.860000133514404,8.279999732971191,69700,0.0,0.0
2021-12-21 00:00:00-05:00,8.420000076293945,8.479999542236328,7.896999835968018,8.199999809265137,35600,0.0,0.0
2021-12-22 00:00:00-05:00,8.09000015258789,8.27299976348877,7.949999809265137,8.079999923706055,18500,0.0,0.0
2021-12-23 00:00:00-05:00,8.100000381469727,8.508999824523926,7.900000095367432,8.449999809265137,86000,0.0,0.0
2021-12-27 00:00:00-05:00,8.399999618530273,8.399999618530273,7.849999904632568,8.079999923706055,76100,0.0,0.0
2021-12-28 00:00:00-05:00,8.079999923706055,8.079999923706055,7.739999771118164,7.920000076293945,39700,0.0,0.0
2021-12-29 00:00:00-05:00,7.840000152587891,7.840000152587891,7.449999809265137,7.590000152587891,76400,0.0,0.0
2021-12-30 00:00:00-05:00,7.599999904632568,7.880000114440918,7.409999847412109,7.5,166300,0.0,0.0
2021-12-31 00:00:00-05:00,7.489999771118164,7.880000114440918,7.25,7.75,165600,0.0,0.0
2022-01-03 00:00:00-05:00,7.880000114440918,8.0,7.51200008392334,7.949999809265137,47500,0.0,0.0
2022-01-04 00:00:00-05:00,8.25,8.25,7.789999961853027,7.849999904632568,10100,0.0,0.0
2022-01-05 00:00:00-05:00,7.849999904632568,7.849999904632568,7.25,7.329999923706055,28500,0.0,0.0
2022-01-06 00:00:00-05:00,7.360000133514404,7.840000152587891,7.03000020980835,7.360000133514404,57000,0.0,0.0
2022-01-07 00:00:00-05:00,7.349999904632568,7.458000183105469,7.125,7.329999923706055,33600,0.0,0.0
2022-01-10 00:00:00-05:00,7.099999904632568,7.449999809265137,7.0,7.440000057220459,77500,0.0,0.0
2022-01-11 00:00:00-05:00,7.340000152587891,7.4710001945495605,7.190000057220459,7.210000038146973,19000,0.0,0.0
2022-01-12 00:00:00-05:00,7.320000171661377,7.320000171661377,7.130000114440918,7.25,18700,0.0,0.0
2022-01-13 00:00:00-05:00,7.460000038146973,7.460000038146973,7.010000228881836,7.099999904632568,48400,0.0,0.0
2022-01-14 00:00:00-05:00,7.03000020980835,7.295000076293945,6.974999904632568,7.019999980926514,48900,0.0,0.0
2022-01-18 00:00:00-05:00,6.960000038146973,7.079999923706055,6.71999979019165,6.809999942779541,43400,0.0,0.0
2022-01-19 00:00:00-05:00,6.610000133514404,7.010000228881836,6.440000057220459,6.820000171661377,59900,0.0,0.0
2022-01-20 00:00:00-05:00,6.869999885559082,6.869999885559082,6.619999885559082,6.670000076293945,14500,0.0,0.0
2022-01-21 00:00:00-05:00,6.619999885559082,6.699999809265137,6.400000095367432,6.699999809265137,69200,0.0,0.0
2022-01-24 00:00:00-05:00,6.579999923706055,6.579999923706055,6.241000175476074,6.460000038146973,22300,0.0,0.0
2022-01-25 00:00:00-05:00,6.510000228881836,6.610000133514404,6.269999980926514,6.610000133514404,27900,0.0,0.0
2022-01-26 00:00:00-05:00,6.639999866485596,6.980000019073486,6.5,6.650000095367432,34700,0.0,0.0
2022-01-27 00:00:00-05:00,6.690000057220459,6.77400016784668,6.360000133514404,6.385000228881836,20000,0.0,0.0
2022-01-28 00:00:00-05:00,6.360000133514404,6.489999771118164,6.300000190734863,6.409999847412109,22400,0.0,0.0
2022-01-31 00:00:00-05:00,6.53000020980835,6.949999809265137,6.400000095367432,6.900000095367432,19300,0.0,0.0
2022-02-01 00:00:00-05:00,6.909999847412109,7.098999977111816,6.455999851226807,6.929999828338623,22500,0.0,0.0
2022-02-02 00:00:00-05:00,6.929999828338623,7.360000133514404,6.769999980926514,7.340000152587891,55600,0.0,0.0
2022-02-03 00:00:00-05:00,7.190000057220459,7.190000057220459,6.909999847412109,6.989999771118164,11600,0.0,0.0
2022-02-04 00:00:00-05:00,7.0,7.5,6.769999980926514,7.389999866485596,51600,0.0,0.0
2022-02-07 00:00:00-05:00,7.309999942779541,7.4019999504089355,7.170000076293945,7.25,10600,0.0,0.0
2022-02-08 00:00:00-05:00,6.739999771118164,7.170000076293945,6.599999904632568,7.139999866485596,10500,0.0,0.0
2022-02-09 00:00:00-05:00,7.300000190734863,7.650000095367432,7.300000190734863,7.550000190734863,40500,0.0,0.0
2022-02-10 00:00:00-05:00,7.320000171661377,7.75,7.320000171661377,7.639999866485596,12400,0.0,0.0
2022-02-11 00:00:00-05:00,7.550000190734863,7.658999919891357,7.329999923706055,7.480000019073486,3400,0.0,0.0
2022-02-14 00:00:00-05:00,7.400000095367432,7.690000057220459,6.940000057220459,7.400000095367432,6500,0.0,0.0
2022-02-15 00:00:00-05:00,7.420000076293945,7.429999828338623,7.360000133514404,7.369999885559082,5000,0.0,0.0
2022-02-16 00:00:00-05:00,7.369999885559082,7.369999885559082,6.909999847412109,7.159999847412109,26600,0.0,0.0
2022-02-17 00:00:00-05:00,7.0229997634887695,7.03000020980835,6.650000095367432,6.880000114440918,16500,0.0,0.0
2022-02-18 00:00:00-05:00,6.809999942779541,6.809999942779541,6.5,6.539999961853027,9900,0.0,0.0
2022-02-22 00:00:00-05:00,6.460000038146973,6.84499979019165,6.0,6.510000228881836,81900,0.0,0.0
2022-02-23 00:00:00-05:00,6.559999942779541,6.699999809265137,6.369999885559082,6.420000076293945,10300,0.0,0.0
2022-02-24 00:00:00-05:00,6.349999904632568,6.550000190734863,6.260000228881836,6.349999904632568,20900,0.0,0.0
2022-02-25 00:00:00-05:00,6.449999809265137,6.489999771118164,6.190000057220459,6.309999942779541,17300,0.0,0.0
2022-02-28 00:00:00-05:00,6.368000030517578,6.550000190734863,6.349999904632568,6.46999979019165,7600,0.0,0.0
2022-03-01 00:00:00-05:00,6.550000190734863,6.809999942779541,6.150000095367432,6.150000095367432,29300,0.0,0.0
2022-03-02 00:00:00-05:00,6.28000020980835,6.320000171661377,6.039999961853027,6.25,17200,0.0,0.0
2022-03-03 00:00:00-05:00,6.059999942779541,6.21999979019165,6.059999942779541,6.190000057220459,26100,0.0,0.0
2022-03-04 00:00:00-05:00,6.179999828338623,6.25,6.110000133514404,6.119999885559082,7100,0.0,0.0
2022-03-07 00:00:00-05:00,6.110000133514404,6.263000011444092,6.099999904632568,6.179999828338623,6700,0.0,0.0
2022-03-08 00:00:00-05:00,6.300000190734863,6.300000190734863,5.619999885559082,5.639999866485596,137000,0.0,0.0
2022-03-09 00:00:00-05:00,5.699999809265137,6.0,5.699999809265137,5.75,104100,0.0,0.0
2022-03-10 00:00:00-05:00,5.75,6.480000019073486,5.75,6.480000019073486,12900,0.0,0.0
2022-03-11 00:00:00-05:00,6.28000020980835,6.454999923706055,5.869999885559082,6.21999979019165,35700,0.0,0.0
2022-03-14 00:00:00-04:00,6.159999847412109,6.449999809265137,6.119999885559082,6.119999885559082,8100,0.0,0.0
2022-03-15 00:00:00-04:00,6.139999866485596,6.389999866485596,6.119999885559082,6.130000114440918,4200,0.0,0.0
2022-03-16 00:00:00-04:00,6.139999866485596,6.340000152587891,5.800000190734863,5.900000095367432,18700,0.0,0.0
2022-03-17 00:00:00-04:00,5.789999961853027,6.098999977111816,5.75,5.980000019073486,44300,0.0,0.0
2022-03-18 00:00:00-04:00,5.869999885559082,6.349999904632568,5.869999885559082,6.0,30100,0.0,0.0
2022-03-21 00:00:00-04:00,5.840000152587891,5.989999771118164,5.820000171661377,5.900000095367432,13000,0.0,0.0
2022-03-22 00:00:00-04:00,6.065000057220459,6.683000087738037,5.860000133514404,6.610000133514404,7100,0.0,0.0
2022-03-23 00:00:00-04:00,6.489999771118164,6.599999904632568,6.164999961853027,6.599999904632568,6000,0.0,0.0
2022-03-24 00:00:00-04:00,6.389999866485596,6.550000190734863,6.309999942779541,6.320000171661377,9300,0.0,0.0
2022-03-25 00:00:00-04:00,6.519999980926514,6.519999980926514,5.940000057220459,6.190000057220459,26100,0.0,0.0
2022-03-28 00:00:00-04:00,6.46999979019165,6.46999979019165,6.0289998054504395,6.400000095367432,13700,0.0,0.0
2022-03-29 00:00:00-04:00,6.360000133514404,6.690000057220459,6.159999847412109,6.5,29200,0.0,0.0
2022-03-30 00:00:00-04:00,6.46999979019165,6.650000095367432,6.260000228881836,6.5,13100,0.0,0.0
2022-03-31 00:00:00-04:00,6.491000175476074,6.679999828338623,6.300000190734863,6.400000095367432,14900,0.0,0.0
2022-04-01 00:00:00-04:00,6.5,6.504000186920166,6.25,6.25,15300,0.0,0.0
2022-04-04 00:00:00-04:00,6.340000152587891,6.630000114440918,6.340000152587891,6.550000190734863,6700,0.0,0.0
2022-04-05 00:00:00-04:00,6.449999809265137,6.590000152587891,6.400000095367432,6.400000095367432,19500,0.0,0.0
2022-04-06 00:00:00-04:00,6.389999866485596,6.5,6.385000228881836,6.420000076293945,10500,0.0,0.0
2022-04-07 00:00:00-04:00,6.420000076293945,6.590000152587891,6.389999866485596,6.389999866485596,13200,0.0,0.0
2022-04-08 00:00:00-04:00,6.590000152587891,6.590000152587891,6.360000133514404,6.400000095367432,9600,0.0,0.0
2022-04-11 00:00:00-04:00,6.590000152587891,6.618000030517578,6.309999942779541,6.409999847412109,31100,0.0,0.0
2022-04-12 00:00:00-04:00,6.599999904632568,6.646999835968018,6.389999866485596,6.460000038146973,46700,0.0,0.0
2022-04-13 00:00:00-04:00,6.650000095367432,6.684000015258789,6.340000152587891,6.400000095367432,24500,0.0,0.0
2022-04-14 00:00:00-04:00,6.519999980926514,6.639999866485596,6.320000171661377,6.409999847412109,20200,0.0,0.0
2022-04-18 00:00:00-04:00,6.409999847412109,6.456999778747559,6.230000019073486,6.28000020980835,45900,0.0,0.0
2022-04-19 00:00:00-04:00,6.480000019073486,6.480000019073486,6.0,6.380000114440918,15600,0.0,0.0
2022-04-20 00:00:00-04:00,6.34499979019165,6.550000190734863,6.34499979019165,6.349999904632568,4400,0.0,0.0
2022-04-21 00:00:00-04:00,6.579999923706055,6.579999923706055,6.326000213623047,6.340000152587891,13900,0.0,0.0
2022-04-22 00:00:00-04:00,6.2820000648498535,6.400000095367432,6.085000038146973,6.320000171661377,12100,0.0,0.0
2022-04-25 00:00:00-04:00,6.369999885559082,6.389999866485596,6.060999870300293,6.349999904632568,21600,0.0,0.0
2022-04-26 00:00:00-04:00,6.349999904632568,6.550000190734863,6.138000011444092,6.300000190734863,78300,0.0,0.0
2022-04-27 00:00:00-04:00,6.340000152587891,6.340000152587891,6.126999855041504,6.199999809265137,17500,0.0,0.0
2022-04-28 00:00:00-04:00,6.050000190734863,6.099999904632568,5.880000114440918,6.019999980926514,17400,0.0,0.0
2022-04-29 00:00:00-04:00,6.349999904632568,6.389999866485596,6.0,6.039999961853027,8200,0.0,0.0
2022-05-02 00:00:00-04:00,6.039999961853027,6.230000019073486,5.820000171661377,5.849999904632568,20500,0.0,0.0
2022-05-03 00:00:00-04:00,5.861000061035156,6.302999973297119,5.861000061035156,6.079999923706055,14700,0.0,0.0
2022-05-04 00:00:00-04:00,5.900000095367432,6.239999771118164,5.900000095367432,6.239999771118164,4700,0.0,0.0
2022-05-05 00:00:00-04:00,6.050000190734863,6.820000171661377,6.050000190734863,6.320000171661377,31000,0.0,0.0
2022-05-06 00:00:00-04:00,6.0,6.099999904632568,5.769999980926514,5.949999809265137,43500,0.0,0.0
2022-05-09 00:00:00-04:00,6.0,6.0,5.519999980926514,5.800000190734863,37700,0.0,0.0
2022-05-10 00:00:00-04:00,5.539999961853027,5.829999923706055,5.25,5.300000190734863,13800,0.0,0.0
2022-05-11 00:00:00-04:00,5.300000190734863,5.800000190734863,5.019999980926514,5.110000133514404,33000,0.0,0.0
2022-05-12 00:00:00-04:00,5.019999980926514,5.349999904632568,4.300000190734863,4.699999809265137,84600,0.0,0.0
2022-05-13 00:00:00-04:00,5.150000095367432,5.349999904632568,4.820000171661377,4.829999923706055,82400,0.0,0.0
2022-05-16 00:00:00-04:00,4.849999904632568,4.849999904632568,4.489999771118164,4.690000057220459,49500,0.0,0.0
2022-05-17 00:00:00-04:00,4.619999885559082,4.789999961853027,4.460000038146973,4.460000038146973,39200,0.0,0.0
2022-05-18 00:00:00-04:00,4.400000095367432,4.579999923706055,4.400000095367432,4.5,11600,0.0,0.0
2022-05-19 00:00:00-04:00,4.5,4.590000152587891,4.449999809265137,4.449999809265137,10000,0.0,0.0
2022-05-20 00:00:00-04:00,4.590000152587891,4.590000152587891,4.409999847412109,4.510000228881836,18400,0.0,0.0
2022-05-23 00:00:00-04:00,4.510000228881836,4.599999904632568,4.409999847412109,4.5,12800,0.0,0.0
2022-05-24 00:00:00-04:00,4.4120001792907715,4.619999885559082,4.400000095367432,4.480000019073486,2200,0.0,0.0
2022-05-25 00:00:00-04:00,4.599999904632568,4.78000020980835,4.454999923706055,4.480000019073486,10900,0.0,0.0
2022-05-26 00:00:00-04:00,4.519999980926514,4.739999771118164,4.480000019073486,4.5,7800,0.0,0.0
2022-05-27 00:00:00-04:00,4.610000133514404,4.610000133514404,4.400000095367432,4.559999942779541,17500,0.0,0.0
2022-05-31 00:00:00-04:00,4.5,4.752999782562256,4.5,4.610000133514404,12400,0.0,0.0
2022-06-01 00:00:00-04:00,4.570000171661377,4.78000020980835,4.400000095367432,4.489999771118164,19100,0.0,0.0
2022-06-02 00:00:00-04:00,4.420000076293945,4.5960001945495605,4.420000076293945,4.449999809265137,16900,0.0,0.0
2022-06-03 00:00:00-04:00,4.449999809265137,4.5,4.25,4.400000095367432,50200,0.0,0.0
2022-06-06 00:00:00-04:00,4.519999980926514,4.550000190734863,4.322000026702881,4.5,218100,0.0,0.0
2022-06-07 00:00:00-04:00,4.360000133514404,4.425000190734863,3.819999933242798,4.119999885559082,179500,0.0,0.0
2022-06-08 00:00:00-04:00,4.21999979019165,4.21999979019165,4.059999942779541,4.150000095367432,6500,0.0,0.0
2022-06-09 00:00:00-04:00,4.039999961853027,4.239999771118164,4.019999980926514,4.170000076293945,23900,0.0,0.0
2022-06-10 00:00:00-04:00,4.059999942779541,4.139999866485596,4.010000228881836,4.079999923706055,18200,0.0,0.0
2022-06-13 00:00:00-04:00,4.019999980926514,4.039999961853027,3.759999990463257,3.8499999046325684,51800,0.0,0.0
2022-06-14 00:00:00-04:00,3.765000104904175,3.928999900817871,3.740000009536743,3.740000009536743,41100,0.0,0.0
2022-06-15 00:00:00-04:00,3.8499999046325684,3.890000104904175,3.759999990463257,3.759999990463257,12900,0.0,0.0
2022-06-16 00:00:00-04:00,3.75,3.9839999675750732,3.5999999046325684,3.630000114440918,8600,0.0,0.0
2022-06-17 00:00:00-04:00,3.490000009536743,3.75,3.490000009536743,3.619999885559082,32300,0.0,0.0
2022-06-21 00:00:00-04:00,3.6600000858306885,3.9000000953674316,3.6600000858306885,3.7300000190734863,15100,0.0,0.0
2022-06-22 00:00:00-04:00,3.809999942779541,3.9749999046325684,3.7699999809265137,3.7799999713897705,25900,0.0,0.0
2022-06-23 00:00:00-04:00,3.9000000953674316,3.9509999752044678,3.7799999713897705,3.880000114440918,13700,0.0,0.0
2022-06-24 00:00:00-04:00,3.630000114440918,3.9800000190734863,3.630000114440918,3.9200000762939453,11900,0.0,0.0
2022-06-27 00:00:00-04:00,4.0,4.090000152587891,3.8499999046325684,4.010000228881836,13400,0.0,0.0
2022-06-28 00:00:00-04:00,4.15500020980835,4.24399995803833,4.019999980926514,4.09499979019165,17200,0.0,0.0
2022-06-29 00:00:00-04:00,4.03000020980835,4.130000114440918,3.9200000762939453,3.990000009536743,2000,0.0,0.0
2022-06-30 00:00:00-04:00,3.9200000762939453,4.03000020980835,3.7300000190734863,3.990000009536743,49000,0.0,0.0
2022-07-01 00:00:00-04:00,3.930000066757202,4.0,3.9000000953674316,3.9000000953674316,2800,0.0,0.0
2022-07-05 00:00:00-04:00,3.690000057220459,3.940000057220459,3.5999999046325684,3.9100000858306885,11200,0.0,0.0
2022-07-06 00:00:00-04:00,3.950000047683716,3.950000047683716,3.8399999141693115,3.8399999141693115,11200,0.0,0.0
2022-07-07 00:00:00-04:00,3.8499999046325684,4.0320000648498535,3.8499999046325684,4.0,24600,0.0,0.0
2022-07-08 00:00:00-04:00,3.990000009536743,4.043000221252441,3.930000066757202,4.019999980926514,9900,0.0,0.0
2022-07-11 00:00:00-04:00,3.950000047683716,4.03000020980835,3.934999942779541,3.990000009536743,3700,0.0,0.0
2022-07-12 00:00:00-04:00,3.799999952316284,3.8299999237060547,3.700000047683716,3.819999933242798,7700,0.0,0.0
2022-07-13 00:00:00-04:00,3.819999933242798,3.944999933242798,3.7699999809265137,3.8299999237060547,4200,0.0,0.0
2022-07-14 00:00:00-04:00,3.8299999237060547,3.8399999141693115,3.819999933242798,3.819999933242798,1400,0.0,0.0
2022-07-15 00:00:00-04:00,3.990000009536743,3.990000009536743,3.7699999809265137,3.9800000190734863,2000,0.0,0.0
2022-07-18 00:00:00-04:00,3.890000104904175,4.079999923706055,3.859999895095825,3.950000047683716,14500,0.0,0.0
2022-07-19 00:00:00-04:00,4.0,4.139999866485596,3.9000000953674316,3.9000000953674316,19100,0.0,0.0
2022-07-20 00:00:00-04:00,3.9000000953674316,4.099999904632568,3.8499999046325684,4.0,27000,0.0,0.0
2022-07-21 00:00:00-04:00,4.039999961853027,4.489999771118164,3.9700000286102295,4.400000095367432,201200,0.0,0.0
2022-07-22 00:00:00-04:00,4.449999809265137,4.659999847412109,4.24399995803833,4.289999961853027,102800,0.0,0.0
2022-07-25 00:00:00-04:00,4.380000114440918,4.380000114440918,4.019999980926514,4.150000095367432,28200,0.0,0.0
2022-07-26 00:00:00-04:00,4.0,4.315000057220459,4.0,4.260000228881836,15200,0.0,0.0
2022-07-27 00:00:00-04:00,4.21999979019165,4.242000102996826,4.110000133514404,4.110000133514404,13100,0.0,0.0
2022-07-28 00:00:00-04:00,4.119999885559082,4.329999923706055,4.110000133514404,4.210000038146973,39100,0.0,0.0
2022-07-29 00:00:00-04:00,4.099999904632568,4.329999923706055,4.019999980926514,4.170000076293945,21700,0.0,0.0
2022-08-01 00:00:00-04:00,4.159999847412109,4.329999923706055,4.159999847412109,4.239999771118164,20800,0.0,0.0
2022-08-02 00:00:00-04:00,4.329999923706055,4.480000019073486,4.260000228881836,4.429999828338623,31200,0.0,0.0
2022-08-03 00:00:00-04:00,4.409999847412109,4.429999828338623,4.276000022888184,4.300000190734863,15400,0.0,0.0
2022-08-04 00:00:00-04:00,4.269999980926514,4.296999931335449,4.150000095367432,4.159999847412109,14700,0.0,0.0
2022-08-05 00:00:00-04:00,4.210999965667725,4.400000095367432,4.210999965667725,4.360000133514404,12500,0.0,0.0
2022-08-08 00:00:00-04:00,4.269999980926514,4.429999828338623,4.260000228881836,4.380000114440918,10100,0.0,0.0
2022-08-09 00:00:00-04:00,4.260000228881836,4.420000076293945,4.25,4.260000228881836,13000,0.0,0.0
2022-08-10 00:00:00-04:00,4.260000228881836,4.401000022888184,4.260000228881836,4.360000133514404,7500,0.0,0.0
2022-08-11 00:00:00-04:00,4.369999885559082,4.570000171661377,4.369999885559082,4.5,28000,0.0,0.0
2022-08-12 00:00:00-04:00,4.46999979019165,4.900000095367432,4.46999979019165,4.804999828338623,76300,0.0,0.0
2022-08-15 00:00:00-04:00,4.820000171661377,4.820000171661377,4.480000019073486,4.5,38600,0.0,0.0
2022-08-16 00:00:00-04:00,4.630000114440918,4.650000095367432,4.400000095367432,4.400000095367432,21100,0.0,0.0
2022-08-17 00:00:00-04:00,4.4730000495910645,4.636000156402588,4.4730000495910645,4.5,9100,0.0,0.0
2022-08-18 00:00:00-04:00,4.489999771118164,4.703999996185303,4.400000095367432,4.519999980926514,60400,0.0,0.0
2022-08-19 00:00:00-04:00,4.420000076293945,4.480000019073486,4.210000038146973,4.260000228881836,13300,0.0,0.0
2022-08-22 00:00:00-04:00,4.349999904632568,4.505000114440918,4.25,4.260000228881836,6000,0.0,0.0
2022-08-23 00:00:00-04:00,4.380000114440918,4.400000095367432,4.291999816894531,4.291999816894531,2300,0.0,0.0
2022-08-24 00:00:00-04:00,4.364999771118164,4.429999828338623,4.260000228881836,4.289999961853027,38300,0.0,0.0
2022-08-25 00:00:00-04:00,4.429999828338623,4.429999828338623,4.300000190734863,4.400000095367432,16600,0.0,0.0
2022-08-26 00:00:00-04:00,4.309999942779541,4.5,4.260000228881836,4.260000228881836,8400,0.0,0.0
2022-08-29 00:00:00-04:00,4.210000038146973,4.257999897003174,4.070000171661377,4.179999828338623,13300,0.0,0.0
2022-08-30 00:00:00-04:00,4.177999973297119,4.25,4.0970001220703125,4.215000152587891,3800,0.0,0.0
2022-08-31 00:00:00-04:00,4.218999862670898,4.300000190734863,4.218999862670898,4.235000133514404,3800,0.0,0.0
2022-09-01 00:00:00-04:00,4.289000034332275,4.289000034332275,4.079999923706055,4.079999923706055,12000,0.0,0.0
2022-09-02 00:00:00-04:00,4.150000095367432,4.300000190734863,3.994999885559082,4.21999979019165,33500,0.0,0.0
2022-09-06 00:00:00-04:00,4.204999923706055,4.21999979019165,4.090000152587891,4.210000038146973,8200,0.0,0.0
2022-09-07 00:00:00-04:00,4.199999809265137,4.244999885559082,4.099999904632568,4.125,9600,0.0,0.0
2022-09-08 00:00:00-04:00,4.159999847412109,4.329999923706055,4.059999942779541,4.150000095367432,17800,0.0,0.0
2022-09-09 00:00:00-04:00,4.190000057220459,4.309999942779541,4.179999828338623,4.21999979019165,5900,0.0,0.0
2022-09-12 00:00:00-04:00,4.315000057220459,4.315000057220459,4.090000152587891,4.170000076293945,14300,0.0,0.0
2022-09-13 00:00:00-04:00,4.139999866485596,4.150000095367432,4.019999980926514,4.045000076293945,7500,0.0,0.0
2022-09-14 00:00:00-04:00,4.179999828338623,4.179999828338623,3.950000047683716,3.9800000190734863,10900,0.0,0.0
2022-09-15 00:00:00-04:00,4.019999980926514,4.079999923706055,3.9100000858306885,3.9100000858306885,30400,0.0,0.0
2022-09-16 00:00:00-04:00,3.9100000858306885,3.950000047683716,3.799999952316284,3.859999895095825,38700,0.0,0.0
2022-09-19 00:00:00-04:00,3.8259999752044678,3.880000114440918,3.700000047683716,3.700000047683716,9700,0.0,0.0
2022-09-20 00:00:00-04:00,3.7100000381469727,3.759999990463257,3.5350000858306885,3.559999942779541,12100,0.0,0.0
2022-09-21 00:00:00-04:00,3.6700000762939453,3.690000057220459,3.490000009536743,3.609999895095825,17900,0.0,0.0
2022-09-22 00:00:00-04:00,3.5899999141693115,3.5899999141693115,3.430000066757202,3.430000066757202,9600,0.0,0.0
2022-09-23 00:00:00-04:00,3.430000066757202,3.4800000190734863,3.109999895095825,3.2699999809265137,43700,0.0,0.0
2022-09-26 00:00:00-04:00,3.119999885559082,3.299999952316284,3.0299999713897705,3.0999999046325684,18600,0.0,0.0
2022-09-27 00:00:00-04:00,2.9779999256134033,3.4200000762939453,2.9779999256134033,3.259999990463257,17300,0.0,0.0
2022-09-28 00:00:00-04:00,3.190000057220459,3.2200000286102295,3.0999999046325684,3.0999999046325684,11700,0.0,0.0
2022-09-29 00:00:00-04:00,3.130000114440918,3.1419999599456787,3.0850000381469727,3.0999999046325684,15200,0.0,0.0
2022-09-30 00:00:00-04:00,3.1449999809265137,3.3299999237060547,3.1449999809265137,3.200000047683716,17300,0.0,0.0
2022-10-03 00:00:00-04:00,3.0799999237060547,3.3499999046325684,3.0,3.2699999809265137,12500,0.0,0.0
2022-10-04 00:00:00-04:00,3.256999969482422,3.444999933242798,3.256999969482422,3.3299999237060547,6800,0.0,0.0
2022-10-05 00:00:00-04:00,3.3399999141693115,3.369999885559082,3.2799999713897705,3.2799999713897705,2400,0.0,0.0
2022-10-06 00:00:00-04:00,3.3399999141693115,3.3399999141693115,3.069999933242798,3.140000104904175,23600,0.0,0.0
2022-10-07 00:00:00-04:00,3.259999990463257,3.259999990463257,2.9649999141693115,2.9700000286102295,24800,0.0,0.0
2022-10-10 00:00:00-04:00,2.9800000190734863,3.0,2.809999942779541,2.809999942779541,7800,0.0,0.0
2022-10-11 00:00:00-04:00,2.740000009536743,2.9000000953674316,2.630000114440918,2.690000057220459,226400,0.0,0.0
2022-10-12 00:00:00-04:00,2.6500000953674316,2.6500000953674316,2.4100000858306885,2.5899999141693115,429900,0.0,0.0
2022-10-13 00:00:00-04:00,2.5999999046325684,2.880000114440918,2.3399999141693115,2.799999952316284,383500,0.0,0.0
2022-10-14 00:00:00-04:00,2.9200000762939453,3.1500000953674316,2.799999952316284,2.880000114440918,60900,0.0,0.0
2022-10-17 00:00:00-04:00,2.940000057220459,3.130000114440918,2.880000114440918,2.9000000953674316,26100,0.0,0.0
2022-10-18 00:00:00-04:00,2.890000104904175,3.1700000762939453,2.890000104904175,3.0,51600,0.0,0.0
2022-10-19 00:00:00-04:00,2.950000047683716,3.0299999713897705,2.9100000858306885,2.9600000381469727,11600,0.0,0.0
2022-10-20 00:00:00-04:00,2.990000009536743,3.0250000953674316,2.799999952316284,2.859999895095825,27900,0.0,0.0
2022-10-21 00:00:00-04:00,2.809999942779541,2.950000047683716,2.805999994277954,2.950000047683716,11600,0.0,0.0
2022-10-24 00:00:00-04:00,2.9100000858306885,2.9800000190734863,2.809999942779541,2.9100000858306885,9100,0.0,0.0
2022-10-25 00:00:00-04:00,2.9700000286102295,3.130000114440918,2.8299999237060547,2.890000104904175,27600,0.0,0.0
2022-10-26 00:00:00-04:00,2.8239998817443848,3.049999952316284,2.8239998817443848,2.890000104904175,38700,0.0,0.0
2022-10-27 00:00:00-04:00,2.944999933242798,3.049999952316284,2.799999952316284,2.950000047683716,92000,0.0,0.0
2022-10-28 00:00:00-04:00,3.0179998874664307,3.0179998874664307,2.680000066757202,2.8499999046325684,89600,0.0,0.0
2022-10-31 00:00:00-04:00,2.9000000953674316,2.9600000381469727,2.812999963760376,2.880000114440918,8200,0.0,0.0
2022-11-01 00:00:00-04:00,2.7799999713897705,2.869999885559082,2.7300000190734863,2.859999895095825,23700,0.0,0.0
2022-11-02 00:00:00-04:00,2.8269999027252197,2.8299999237060547,2.759999990463257,2.799999952316284,3400,0.0,0.0
2022-11-03 00:00:00-04:00,2.7899999618530273,2.799999952316284,2.75,2.7799999713897705,23000,0.0,0.0
2022-11-04 00:00:00-04:00,2.7899999618530273,2.8299999237060547,2.75,2.8299999237060547,22300,0.0,0.0
2022-11-07 00:00:00-05:00,2.880000114440918,3.069999933242798,2.880000114440918,3.0,46400,0.0,0.0
2022-11-08 00:00:00-05:00,2.9200000762939453,2.9200000762939453,2.75,2.7899999618530273,43900,0.0,0.0
2022-11-09 00:00:00-05:00,2.9000000953674316,2.9000000953674316,2.759999990463257,2.799999952316284,12400,0.0,0.0
2022-11-10 00:00:00-05:00,2.9200000762939453,2.9200000762939453,2.7799999713897705,2.819999933242798,3600,0.0,0.0
2022-11-11 00:00:00-05:00,3.015000104904175,3.015000104904175,2.934999942779541,3.0,2400,0.0,0.0
2022-11-14 00:00:00-05:00,2.9100000858306885,2.9100000858306885,2.759999990463257,2.759999990463257,32900,0.0,0.0
2022-11-15 00:00:00-05:00,2.7760000228881836,2.8399999141693115,2.7699999809265137,2.799999952316284,33700,0.0,0.0
2022-11-16 00:00:00-05:00,2.802000045776367,2.8499999046325684,2.7899999618530273,2.799999952316284,15200,0.0,0.0
2022-11-17 00:00:00-05:00,2.7899999618530273,2.9000000953674316,2.76200008392334,2.890000104904175,21700,0.0,0.0
2022-11-18 00:00:00-05:00,2.869999885559082,3.062000036239624,2.819999933242798,3.0299999713897705,8800,0.0,0.0
2022-11-21 00:00:00-05:00,2.9100000858306885,2.996999979019165,2.877000093460083,2.940000057220459,14500,0.0,0.0
2022-11-22 00:00:00-05:00,2.940000057220459,3.0199999809265137,2.940000057220459,2.9600000381469727,4700,0.0,0.0
2022-11-23 00:00:00-05:00,2.9700000286102295,3.0,2.9200000762939453,2.9200000762939453,3700,0.0,0.0
2022-11-25 00:00:00-05:00,2.865000009536743,2.890000104904175,2.8499999046325684,2.8499999046325684,1300,0.0,0.0
2022-11-28 00:00:00-05:00,2.8499999046325684,2.8499999046325684,2.7699999809265137,2.799999952316284,13700,0.0,0.0
2022-11-29 00:00:00-05:00,2.7850000858306885,2.7899999618530273,2.7699999809265137,2.7699999809265137,11300,0.0,0.0
2022-11-30 00:00:00-05:00,2.7699999809265137,2.869999885559082,2.7699999809265137,2.8499999046325684,5900,0.0,0.0
2022-12-01 00:00:00-05:00,2.7899999618530273,2.930000066757202,2.7699999809265137,2.880000114440918,11600,0.0,0.0
2022-12-02 00:00:00-05:00,2.9200000762939453,3.0,2.9200000762939453,3.0,8500,0.0,0.0
2022-12-05 00:00:00-05:00,3.0,3.0,2.8299999237060547,2.8299999237060547,5000,0.0,0.0
2022-12-06 00:00:00-05:00,2.812000036239624,3.0399999618530273,2.812000036239624,2.890000104904175,3300,0.0,0.0
2022-12-07 00:00:00-05:00,2.890000104904175,2.9000000953674316,2.880000114440918,2.9000000953674316,7300,0.0,0.0
2022-12-08 00:00:00-05:00,3.009999990463257,3.549999952316284,2.8499999046325684,3.3399999141693115,90000,0.0,0.0
2022-12-09 00:00:00-05:00,3.430000066757202,3.6700000762939453,3.4000000953674316,3.6700000762939453,23400,0.0,0.0
2022-12-12 00:00:00-05:00,3.5999999046325684,3.7200000286102295,3.5999999046325684,3.694999933242798,19700,0.0,0.0
2022-12-13 00:00:00-05:00,3.7200000286102295,3.75,3.6600000858306885,3.700000047683716,8400,0.0,0.0
2022-12-14 00:00:00-05:00,3.6700000762939453,3.7200000286102295,3.5299999713897705,3.700000047683716,75700,0.0,0.0
2022-12-15 00:00:00-05:00,3.75,3.75,3.5,3.559999942779541,21900,0.0,0.0
2022-12-16 00:00:00-05:00,3.240000009536743,3.890000104904175,3.0299999713897705,3.7100000381469727,34700,0.0,0.0
2022-12-19 00:00:00-05:00,3.609999895095825,3.7300000190734863,3.509999990463257,3.700000047683716,27600,0.0,0.0
2022-12-20 00:00:00-05:00,3.697000026702881,3.700000047683716,3.549999952316284,3.559999942779541,17100,0.0,0.0
2022-12-21 00:00:00-05:00,3.7100000381469727,3.7200000286102295,3.5880000591278076,3.630000114440918,28500,0.0,0.0
2022-12-22 00:00:00-05:00,3.549999952316284,3.630000114440918,3.319999933242798,3.369999885559082,16700,0.0,0.0
2022-12-23 00:00:00-05:00,3.5,3.5899999141693115,3.3949999809265137,3.5899999141693115,16400,0.0,0.0
2022-12-27 00:00:00-05:00,3.4800000190734863,3.5799999237060547,3.3350000381469727,3.4100000858306885,14400,0.0,0.0
2022-12-28 00:00:00-05:00,3.4000000953674316,3.4600000381469727,3.2100000381469727,3.2100000381469727,22500,0.0,0.0
2022-12-29 00:00:00-05:00,3.2200000286102295,3.4000000953674316,3.0899999141693115,3.190000057220459,96900,0.0,0.0
2022-12-30 00:00:00-05:00,3.190000057220459,3.5999999046325684,3.1600000858306885,3.5999999046325684,53600,0.0,0.0
2023-01-03 00:00:00-05:00,3.5999999046325684,3.5999999046325684,3.4600000381469727,3.4600000381469727,22500,0.0,0.0
2023-01-04 00:00:00-05:00,3.5299999713897705,3.5999999046325684,3.444000005722046,3.490000009536743,15600,0.0,0.0
2023-01-05 00:00:00-05:00,3.5409998893737793,3.5999999046325684,3.5,3.509999990463257,21800,0.0,0.0
2023-01-06 00:00:00-05:00,3.5199999809265137,3.571000099182129,3.5,3.509999990463257,7300,0.0,0.0
2023-01-09 00:00:00-05:00,3.549999952316284,3.5899999141693115,3.5350000858306885,3.569999933242798,8200,0.0,0.0
2023-01-10 00:00:00-05:00,3.5999999046325684,3.5999999046325684,3.509999990463257,3.509999990463257,12100,0.0,0.0
2023-01-11 00:00:00-05:00,3.509999990463257,3.5999999046325684,3.509999990463257,3.5789999961853027,4700,0.0,0.0
2023-01-12 00:00:00-05:00,3.5,3.562999963760376,3.5,3.5199999809265137,10400,0.0,0.0
2023-01-13 00:00:00-05:00,3.559999942779541,3.890000104904175,3.549999952316284,3.880000114440918,101000,0.0,0.0
2023-01-17 00:00:00-05:00,3.8499999046325684,3.940000057220459,3.700000047683716,3.9200000762939453,17700,0.0,0.0
2023-01-18 00:00:00-05:00,3.7690000534057617,3.940000057220459,3.572000026702881,3.7799999713897705,18300,0.0,0.0
2023-01-19 00:00:00-05:00,3.859999895095825,3.869999885559082,3.7300000190734863,3.740000009536743,3200,0.0,0.0
2023-01-20 00:00:00-05:00,3.7300000190734863,3.8949999809265137,3.7100000381469727,3.75,8200,0.0,0.0
2023-01-23 00:00:00-05:00,3.859999895095825,3.880000114440918,3.825000047683716,3.880000114440918,13900,0.0,0.0
2023-01-24 00:00:00-05:00,3.880000114440918,3.890000104904175,3.805000066757202,3.8499999046325684,5300,0.0,0.0
2023-01-25 00:00:00-05:00,3.75,3.8399999141693115,3.700000047683716,3.744999885559082,10600,0.0,0.0
2023-01-26 00:00:00-05:00,3.7200000286102295,3.799999952316284,3.700000047683716,3.7300000190734863,1900,0.0,0.0
2023-01-27 00:00:00-05:00,3.7109999656677246,3.7799999713897705,3.7109999656677246,3.75,7400,0.0,0.0
2023-01-30 00:00:00-05:00,3.799999952316284,3.930000066757202,3.690000057220459,3.690000057220459,31100,0.0,0.0
2023-01-31 00:00:00-05:00,3.6700000762939453,3.7890000343322754,3.6700000762939453,3.7300000190734863,5000,0.0,0.0
2023-02-01 00:00:00-05:00,3.630000114440918,3.740000009536743,3.609999895095825,3.7100000381469727,19000,0.0,0.0
2023-02-02 00:00:00-05:00,3.759999990463257,3.7709999084472656,3.509999990463257,3.509999990463257,35500,0.0,0.0
2023-02-03 00:00:00-05:00,3.509999990463257,3.7750000953674316,3.509999990463257,3.6600000858306885,35400,0.0,0.0
2023-02-06 00:00:00-05:00,3.7799999713897705,4.15500020980835,3.7799999713897705,4.079999923706055,82000,0.0,0.0
2023-02-07 00:00:00-05:00,4.159999847412109,4.5,4.099999904632568,4.5,89700,0.0,0.0
2023-02-08 00:00:00-05:00,4.519999980926514,4.670000076293945,4.429999828338623,4.670000076293945,84700,0.0,0.0
2023-02-09 00:00:00-05:00,4.730000019073486,5.590000152587891,4.730000019073486,5.449999809265137,219000,0.0,0.0
2023-02-10 00:00:00-05:00,5.570000171661377,5.650000095367432,5.059999942779541,5.144999980926514,78700,0.0,0.0
2023-02-13 00:00:00-05:00,5.21999979019165,5.21999979019165,4.460000038146973,4.920000076293945,75600,0.0,0.0
2023-02-14 00:00:00-05:00,5.03000020980835,5.03000020980835,4.769999980926514,4.824999809265137,19000,0.0,0.0
2023-02-15 00:00:00-05:00,4.920000076293945,4.992000102996826,4.710000038146973,4.800000190734863,18500,0.0,0.0
2023-02-16 00:00:00-05:00,4.710000038146973,5.150000095367432,4.560999870300293,4.949999809265137,34900,0.0,0.0
2023-02-17 00:00:00-05:00,5.039999961853027,5.130000114440918,4.820000171661377,5.059999942779541,15200,0.0,0.0
2023-02-21 00:00:00-05:00,5.0,5.090000152587891,4.949999809265137,5.039999961853027,33100,0.0,0.0
2023-02-22 00:00:00-05:00,5.070000171661377,5.070000171661377,4.909999847412109,4.980000019073486,13500,0.0,0.0
2023-02-23 00:00:00-05:00,4.920000076293945,5.039999961853027,4.809999942779541,5.0,14600,0.0,0.0
2023-02-24 00:00:00-05:00,4.880000114440918,5.079999923706055,4.880000114440918,4.909999847412109,12200,0.0,0.0
2023-02-27 00:00:00-05:00,4.909999847412109,4.929999828338623,4.7820000648498535,4.929999828338623,21200,0.0,0.0
2023-02-28 00:00:00-05:00,4.869999885559082,5.058000087738037,4.849999904632568,4.960000038146973,15300,0.0,0.0
2023-03-01 00:00:00-05:00,4.940000057220459,4.949999809265137,4.829999923706055,4.840000152587891,18100,0.0,0.0
2023-03-02 00:00:00-05:00,4.800000190734863,4.849999904632568,4.800000190734863,4.840000152587891,4200,0.0,0.0
2023-03-03 00:00:00-05:00,4.855000019073486,4.940000057220459,4.78000020980835,4.789999961853027,23800,0.0,0.0
2023-03-06 00:00:00-05:00,4.71999979019165,4.909999847412109,4.670000076293945,4.75,15200,0.0,0.0
2023-03-07 00:00:00-05:00,4.820000171661377,4.822000026702881,4.622000217437744,4.78000020980835,15800,0.0,0.0
2023-03-08 00:00:00-05:00,4.550000190734863,4.869999885559082,4.550000190734863,4.860000133514404,14600,0.0,0.0
2023-03-09 00:00:00-05:00,4.849999904632568,4.849999904632568,4.710000038146973,4.739999771118164,8900,0.0,0.0
2023-03-10 00:00:00-05:00,4.572000026702881,4.78000020980835,4.572000026702881,4.708000183105469,7300,0.0,0.0
2023-03-13 00:00:00-04:00,4.590000152587891,4.644999980926514,4.5,4.545000076293945,16600,0.0,0.0
2023-03-14 00:00:00-04:00,4.519999980926514,4.78000020980835,4.510000228881836,4.670000076293945,40200,0.0,0.0
2023-03-15 00:00:00-04:00,4.539999961853027,4.690000057220459,4.449999809265137,4.519999980926514,7200,0.0,0.0
2023-03-16 00:00:00-04:00,4.400000095367432,4.630000114440918,4.336999893188477,4.539999961853027,22600,0.0,0.0
2023-03-17 00:00:00-04:00,4.375,4.519999980926514,4.375,4.400000095367432,44900,0.0,0.0
2023-03-20 00:00:00-04:00,4.320000171661377,4.505000114440918,4.300000190734863,4.320000171661377,22300,0.0,0.0
2023-03-21 00:00:00-04:00,4.329999923706055,4.671999931335449,4.239999771118164,4.550000190734863,61300,0.0,0.0
2023-03-22 00:00:00-04:00,4.333000183105469,4.739999771118164,4.333000183105469,4.510000228881836,23800,0.0,0.0
2023-03-23 00:00:00-04:00,4.521999835968018,4.730000019073486,4.519999980926514,4.670000076293945,14700,0.0,0.0
2023-03-24 00:00:00-04:00,4.880000114440918,4.900000095367432,4.560999870300293,4.840000152587891,6400,0.0,0.0
2023-03-27 00:00:00-04:00,5.75,6.269999980926514,5.5,6.0,573600,0.0,0.0
2023-03-28 00:00:00-04:00,5.880000114440918,6.119999885559082,5.820000171661377,5.920000076293945,153500,0.0,0.0
2023-03-29 00:00:00-04:00,5.920000076293945,5.940000057220459,5.349999904632568,5.539999961853027,91300,0.0,0.0
2023-03-30 00:00:00-04:00,5.539999961853027,5.849999904632568,5.320000171661377,5.625,28400,0.0,0.0
2023-03-31 00:00:00-04:00,5.679999828338623,5.920000076293945,5.440000057220459,5.75,80300,0.0,0.0
2023-04-03 00:00:00-04:00,5.869999885559082,6.099999904632568,5.869999885559082,5.920000076293945,148300,0.0,0.0
2023-04-04 00:00:00-04:00,5.920000076293945,6.0,5.730000019073486,5.75,66500,0.0,0.0
2023-04-05 00:00:00-04:00,5.849999904632568,6.099999904632568,5.75,5.900000095367432,106300,0.0,0.0
2023-04-06 00:00:00-04:00,5.96999979019165,6.0,5.585999965667725,5.650000095367432,22800,0.0,0.0
2023-04-10 00:00:00-04:00,5.789999961853027,5.833000183105469,5.679999828338623,5.739999771118164,17500,0.0,0.0
2023-04-11 00:00:00-04:00,5.775000095367432,5.829999923706055,5.699999809265137,5.75,62300,0.0,0.0
2023-04-12 00:00:00-04:00,5.730000019073486,5.730000019073486,5.559999942779541,5.559999942779541,28500,0.0,0.0
2023-04-13 00:00:00-04:00,5.511000156402588,5.639999866485596,5.510000228881836,5.550000190734863,43700,0.0,0.0
2023-04-14 00:00:00-04:00,5.630000114440918,5.78000020980835,5.5,5.5,18200,0.0,0.0
2023-04-17 00:00:00-04:00,5.659999847412109,5.679999828338623,5.559999942779541,5.650000095367432,8300,0.0,0.0
2023-04-18 00:00:00-04:00,5.710000038146973,5.710000038146973,5.558000087738037,5.679999828338623,11500,0.0,0.0
2023-04-19 00:00:00-04:00,5.630000114440918,5.71999979019165,5.510000228881836,5.650000095367432,11000,0.0,0.0
2023-04-20 00:00:00-04:00,5.75,5.949999809265137,5.710000038146973,5.800000190734863,27700,0.0,0.0
2023-04-21 00:00:00-04:00,5.730000019073486,6.159999847412109,5.730000019073486,6.019999980926514,34900,0.0,0.0
2023-04-24 00:00:00-04:00,6.050000190734863,6.164999961853027,5.880000114440918,5.900000095367432,26000,0.0,0.0
2023-04-25 00:00:00-04:00,6.0,6.010000228881836,5.665999889373779,5.690000057220459,17200,0.0,0.0
2023-04-26 00:00:00-04:00,5.829999923706055,5.829999923706055,5.579999923706055,5.690000057220459,4700,0.0,0.0
2023-04-27 00:00:00-04:00,5.710000038146973,5.710000038146973,5.510000228881836,5.579999923706055,15300,0.0,0.0
2023-04-28 00:00:00-04:00,5.590000152587891,5.840000152587891,5.519999980926514,5.730000019073486,15000,0.0,0.0
2023-05-01 00:00:00-04:00,5.730000019073486,5.949999809265137,5.730000019073486,5.789999961853027,10200,0.0,0.0
2023-05-02 00:00:00-04:00,5.789999961853027,5.849999904632568,5.760000228881836,5.789999961853027,3800,0.0,0.0
2023-05-03 00:00:00-04:00,5.630000114440918,6.0289998054504395,5.599999904632568,5.820000171661377,6500,0.0,0.0
2023-05-04 00:00:00-04:00,5.820000171661377,6.010000228881836,5.679999828338623,6.010000228881836,9800,0.0,0.0
2023-05-05 00:00:00-04:00,6.0,6.25,5.909999847412109,6.039999961853027,16200,0.0,0.0
2023-05-08 00:00:00-04:00,5.98199987411499,6.099999904632568,5.860000133514404,6.099999904632568,18200,0.0,0.0
2023-05-09 00:00:00-04:00,6.130000114440918,6.25,6.0,6.150000095367432,55500,0.0,0.0
2023-05-10 00:00:00-04:00,6.25,6.289999961853027,6.010000228881836,6.03000020980835,42900,0.0,0.0
2023-05-11 00:00:00-04:00,6.119999885559082,6.119999885559082,5.920000076293945,6.050000190734863,5800,0.0,0.0
2023-05-12 00:00:00-04:00,6.150000095367432,6.179999828338623,5.800000190734863,6.005000114440918,48600,0.0,0.0
2023-05-15 00:00:00-04:00,6.019999980926514,6.139999866485596,5.934999942779541,6.059999942779541,14000,0.0,0.0
2023-05-16 00:00:00-04:00,6.039999961853027,6.21999979019165,5.900000095367432,6.191999912261963,53900,0.0,0.0
2023-05-17 00:00:00-04:00,6.139999866485596,6.659999847412109,6.050000190734863,6.519999980926514,75600,0.0,0.0
2023-05-18 00:00:00-04:00,6.630000114440918,7.0,6.559999942779541,6.949999809265137,166000,0.0,0.0
2023-05-19 00:00:00-04:00,6.980000019073486,7.110000133514404,6.809999942779541,7.079999923706055,90500,0.0,0.0
2023-05-22 00:00:00-04:00,7.130000114440918,7.199999809265137,6.849999904632568,7.050000190734863,69300,0.0,0.0
2023-05-23 00:00:00-04:00,7.150000095367432,7.25,7.050000190734863,7.159999847412109,86900,0.0,0.0
2023-05-24 00:00:00-04:00,7.150000095367432,7.360000133514404,7.079999923706055,7.360000133514404,51100,0.0,0.0
2023-05-25 00:00:00-04:00,7.320000171661377,7.670000076293945,7.300000190734863,7.550000190734863,78300,0.0,0.0
2023-05-26 00:00:00-04:00,7.53000020980835,7.71999979019165,7.504000186920166,7.710999965667725,58700,0.0,0.0
2023-05-30 00:00:00-04:00,7.659999847412109,7.909999847412109,7.659999847412109,7.800000190734863,93400,0.0,0.0
2023-05-31 00:00:00-04:00,7.9039998054504395,7.989999771118164,7.801000118255615,7.960000038146973,76500,0.0,0.0
2023-06-01 00:00:00-04:00,7.989999771118164,7.989999771118164,7.210000038146973,7.510000228881836,224000,0.0,0.0
2023-06-02 00:00:00-04:00,7.510000228881836,7.539999961853027,7.199999809265137,7.289999961853027,75500,0.0,0.0
2023-06-05 00:00:00-04:00,7.369999885559082,7.46999979019165,6.696000099182129,6.71999979019165,70300,0.0,0.0
2023-06-06 00:00:00-04:00,6.800000190734863,7.159999847412109,6.75,7.050000190734863,76400,0.0,0.0
2023-06-07 00:00:00-04:00,7.09499979019165,7.150000095367432,6.760000228881836,6.849999904632568,39200,0.0,0.0
2023-06-08 00:00:00-04:00,7.085999965667725,7.46999979019165,6.989999771118164,7.0,18600,0.0,0.0
2023-06-09 00:00:00-04:00,7.2270002365112305,7.2270002365112305,6.900000095367432,6.949999809265137,10500,0.0,0.0
2023-06-12 00:00:00-04:00,6.949999809265137,7.28000020980835,6.949999809265137,7.25,11800,0.0,0.0
2023-06-13 00:00:00-04:00,7.28000020980835,7.28000020980835,6.869999885559082,6.909999847412109,23900,0.0,0.0
2023-06-14 00:00:00-04:00,7.150000095367432,7.150000095367432,6.690000057220459,6.690000057220459,20800,0.0,0.0
2023-06-15 00:00:00-04:00,6.75,6.988999843597412,6.679999828338623,6.690000057220459,35200,0.0,0.0
2023-06-16 00:00:00-04:00,6.599999904632568,6.880000114440918,5.710000038146973,6.289999961853027,309500,0.0,0.0
2023-06-20 00:00:00-04:00,6.289999961853027,6.585000038146973,5.929999828338623,5.929999828338623,89300,0.0,0.0
2023-06-21 00:00:00-04:00,5.920000076293945,5.940999984741211,5.519999980926514,5.539999961853027,113300,0.0,0.0
2023-06-22 00:00:00-04:00,5.508999824523926,5.71999979019165,5.260000228881836,5.380000114440918,68100,0.0,0.0
2023-06-23 00:00:00-04:00,5.184999942779541,5.570000171661377,5.184999942779541,5.570000171661377,15400,0.0,0.0
2023-06-26 00:00:00-04:00,5.550000190734863,5.690000057220459,5.519999980926514,5.610000133514404,29500,0.0,0.0
2023-06-27 00:00:00-04:00,5.690000057220459,6.150000095367432,5.590000152587891,6.059999942779541,60000,0.0,0.0
2023-06-28 00:00:00-04:00,6.0,6.179999828338623,5.760000228881836,5.849999904632568,62300,0.0,0.0
2023-06-29 00:00:00-04:00,5.940000057220459,5.989999771118164,5.560999870300293,5.78000020980835,37500,0.0,0.0
2023-06-30 00:00:00-04:00,5.769999980926514,6.019999980926514,5.599999904632568,5.829999923706055,19800,0.0,0.0
2023-07-03 00:00:00-04:00,5.849999904632568,5.96999979019165,5.579999923706055,5.590000152587891,23000,0.0,0.0
2023-07-05 00:00:00-04:00,5.570000171661377,5.860000133514404,5.570000171661377,5.650000095367432,40900,0.0,0.0
2023-07-06 00:00:00-04:00,5.690000057220459,5.849999904632568,5.610000133514404,5.730000019073486,18200,0.0,0.0
2023-07-07 00:00:00-04:00,5.690000057220459,5.849999904632568,5.630000114440918,5.849999904632568,25900,0.0,0.0
2023-07-10 00:00:00-04:00,5.619999885559082,5.889999866485596,5.610000133514404,5.679999828338623,41600,0.0,0.0
2023-07-11 00:00:00-04:00,5.71999979019165,5.71999979019165,5.630000114440918,5.670000076293945,25400,0.0,0.0
2023-07-12 00:00:00-04:00,5.880000114440918,5.880000114440918,5.309999942779541,5.489999771118164,374900,0.0,0.0
2023-07-13 00:00:00-04:00,5.389999866485596,5.486999988555908,5.050000190734863,5.130000114440918,154300,0.0,0.0
2023-07-14 00:00:00-04:00,5.090000152587891,5.159999847412109,4.900000095367432,4.949999809265137,132500,0.0,0.0
2023-07-17 00:00:00-04:00,5.0,5.090000152587891,4.71999979019165,4.849999904632568,122200,0.0,0.0
2023-07-18 00:00:00-04:00,4.889999866485596,5.0,4.795000076293945,4.829999923706055,148800,0.0,0.0
2023-07-19 00:00:00-04:00,4.849999904632568,4.85699987411499,4.75,4.809999942779541,132000,0.0,0.0
2023-07-20 00:00:00-04:00,4.869999885559082,4.900000095367432,4.820000171661377,4.900000095367432,137800,0.0,0.0
2023-07-21 00:00:00-04:00,4.920000076293945,5.0,4.860000133514404,4.900000095367432,125800,0.0,0.0
2023-07-24 00:00:00-04:00,5.019999980926514,5.019999980926514,4.75,4.820000171661377,120500,0.0,0.0
2023-07-25 00:00:00-04:00,4.840000152587891,4.940000057220459,4.840000152587891,4.869999885559082,65200,0.0,0.0
2023-07-26 00:00:00-04:00,4.869999885559082,4.960000038146973,4.730000019073486,4.789999961853027,69500,0.0,0.0
2023-07-27 00:00:00-04:00,4.75,4.75,4.400000095367432,4.429999828338623,135500,0.0,0.0
2023-07-28 00:00:00-04:00,4.429999828338623,4.429999828338623,4.260000228881836,4.28000020980835,165200,0.0,0.0
2023-07-31 00:00:00-04:00,4.349999904632568,4.429999828338623,4.269999980926514,4.380000114440918,141200,0.0,0.0
2023-08-01 00:00:00-04:00,4.340000152587891,4.349999904632568,4.139999866485596,4.199999809265137,221600,0.0,0.0
2023-08-02 00:00:00-04:00,4.199999809265137,4.239999771118164,3.990000009536743,4.0,150800,0.0,0.0
2023-08-03 00:00:00-04:00,4.0,4.150000095367432,3.9000000953674316,4.070000171661377,285700,0.0,0.0
2023-08-04 00:00:00-04:00,4.190000057220459,4.53000020980835,3.9600000381469727,4.03000020980835,920600,0.0,0.0
2023-08-07 00:00:00-04:00,4.039999961853027,4.159999847412109,3.8499999046325684,4.039999961853027,461700,0.0,0.0
2023-08-08 00:00:00-04:00,4.050000190734863,4.110000133514404,4.0,4.070000171661377,189700,0.0,0.0
2023-08-09 00:00:00-04:00,4.070000171661377,4.159999847412109,3.825000047683716,3.869999885559082,415900,0.0,0.0
2023-08-10 00:00:00-04:00,3.859999895095825,3.859999895095825,2.819999933242798,3.2300000190734863,1088900,0.0,0.0
2023-08-11 00:00:00-04:00,3.200000047683716,3.3499999046325684,3.049999952316284,3.1600000858306885,975000,0.0,0.0
2023-08-14 00:00:00-04:00,3.2699999809265137,3.2699999809265137,2.859999895095825,3.119999885559082,840400,0.0,0.0
2023-08-15 00:00:00-04:00,5.840000152587891,7.269999980926514,5.340000152587891,5.670000076293945,105160200,0.0,0.0
2023-08-16 00:00:00-04:00,5.550000190734863,6.010000228881836,5.199999809265137,5.409999847412109,9801200,0.0,0.0
2023-08-17 00:00:00-04:00,5.300000190734863,5.71999979019165,4.800000190734863,4.800000190734863,3224500,0.0,0.0
2023-08-18 00:00:00-04:00,4.639999866485596,5.139999866485596,4.630000114440918,5.010000228881836,1293100,0.0,0.0
2023-08-21 00:00:00-04:00,4.900000095367432,5.150000095367432,4.699999809265137,5.079999923706055,924300,0.0,0.0
2023-08-22 00:00:00-04:00,5.110000133514404,5.630000114440918,5.059999942779541,5.510000228881836,1338300,0.0,0.0
2023-08-23 00:00:00-04:00,5.409999847412109,5.88100004196167,5.320000171661377,5.75,1434400,0.0,0.0
2023-08-24 00:00:00-04:00,5.699999809265137,5.739999771118164,5.230000019073486,5.489999771118164,768900,0.0,0.0
2023-08-25 00:00:00-04:00,5.400000095367432,5.539999961853027,5.079999923706055,5.110000133514404,631100,0.0,0.0
2023-08-28 00:00:00-04:00,5.050000190734863,5.25,4.920000076293945,4.980000019073486,506500,0.0,0.0
2023-08-29 00:00:00-04:00,4.960000038146973,5.099999904632568,4.820000171661377,4.880000114440918,719100,0.0,0.0
2023-08-30 00:00:00-04:00,4.909999847412109,5.03000020980835,4.739999771118164,4.809999942779541,465100,0.0,0.0
2023-08-31 00:00:00-04:00,4.820000171661377,4.875,4.550000190734863,4.590000152587891,706000,0.0,0.0
2023-09-01 00:00:00-04:00,4.590000152587891,5.389999866485596,4.579999923706055,4.860000133514404,1113900,0.0,0.0
2023-09-05 00:00:00-04:00,4.900000095367432,4.989999771118164,4.619999885559082,4.650000095367432,433900,0.0,0.0
2023-09-06 00:00:00-04:00,4.639999866485596,4.809999942779541,4.449999809265137,4.710000038146973,450000,0.0,0.0
2023-09-07 00:00:00-04:00,4.860000133514404,4.860000133514404,4.389999866485596,4.599999904632568,639400,0.0,0.0
2023-09-08 00:00:00-04:00,4.730000019073486,5.045000076293945,4.630000114440918,4.809999942779541,468100,0.0,0.0
2023-09-11 00:00:00-04:00,4.769999980926514,4.96999979019165,4.769999980926514,4.900000095367432,200400,0.0,0.0
2023-09-12 00:00:00-04:00,4.849999904632568,5.050000190734863,4.78000020980835,4.809999942779541,219200,0.0,0.0
2023-09-13 00:00:00-04:00,4.730000019073486,4.889999866485596,4.53000020980835,4.53000020980835,303300,0.0,0.0
2023-09-14 00:00:00-04:00,4.599999904632568,4.900000095367432,4.539999961853027,4.75,503400,0.0,0.0
2023-09-15 00:00:00-04:00,4.760000228881836,4.860000133514404,4.420000076293945,4.480000019073486,607200,0.0,0.0
2023-09-18 00:00:00-04:00,4.489999771118164,4.505000114440918,4.260000228881836,4.400000095367432,406600,0.0,0.0
2023-09-19 00:00:00-04:00,4.420000076293945,4.449999809265137,4.269999980926514,4.429999828338623,217100,0.0,0.0
2023-09-20 00:00:00-04:00,4.409999847412109,4.539999961853027,4.28000020980835,4.360000133514404,493700,0.0,0.0
2023-09-21 00:00:00-04:00,4.349999904632568,4.349999904632568,4.099999904632568,4.159999847412109,397100,0.0,0.0
2023-09-22 00:00:00-04:00,4.210000038146973,4.309999942779541,4.079999923706055,4.139999866485596,151700,0.0,0.0
2023-09-25 00:00:00-04:00,4.110000133514404,4.190000057220459,4.0,4.070000171661377,332500,0.0,0.0
2023-09-26 00:00:00-04:00,4.03000020980835,4.373000144958496,4.03000020980835,4.119999885559082,241400,0.0,0.0
2023-09-27 00:00:00-04:00,4.119999885559082,4.244999885559082,3.9800000190734863,4.019999980926514,152200,0.0,0.0
2023-09-28 00:00:00-04:00,4.059999942779541,4.190000057220459,4.019999980926514,4.110000133514404,138600,0.0,0.0
2023-09-29 00:00:00-04:00,4.099999904632568,4.340000152587891,4.03000020980835,4.050000190734863,240900,0.0,0.0
2023-10-02 00:00:00-04:00,4.03000020980835,4.059999942779541,3.509999990463257,3.7300000190734863,977300,0.0,0.0
2023-10-03 00:00:00-04:00,3.7300000190734863,3.819999933242798,3.575000047683716,3.6500000953674316,198400,0.0,0.0
2023-10-04 00:00:00-04:00,3.6700000762939453,3.7799999713897705,3.640000104904175,3.680000066757202,102400,0.0,0.0
2023-10-05 00:00:00-04:00,3.630000114440918,3.759999990463257,3.5899999141693115,3.640000104904175,106200,0.0,0.0
2023-10-06 00:00:00-04:00,3.619999885559082,3.740000009536743,3.5199999809265137,3.7200000286102295,107400,0.0,0.0
2023-10-09 00:00:00-04:00,3.6700000762939453,3.7100000381469727,3.5399999618530273,3.690000057220459,132900,0.0,0.0
2023-10-10 00:00:00-04:00,3.7300000190734863,3.9000000953674316,3.700000047683716,3.7799999713897705,169400,0.0,0.0
2023-10-11 00:00:00-04:00,3.75,3.7920000553131104,3.494999885559082,3.559999942779541,281500,0.0,0.0
2023-10-12 00:00:00-04:00,3.549999952316284,3.559999942779541,3.319999933242798,3.3299999237060547,250600,0.0,0.0
2023-10-13 00:00:00-04:00,3.2699999809265137,3.5299999713897705,3.2699999809265137,3.4600000381469727,187400,0.0,0.0
2023-10-16 00:00:00-04:00,3.490000009536743,3.740000009536743,3.4609999656677246,3.6700000762939453,225100,0.0,0.0
2023-10-17 00:00:00-04:00,3.630000114440918,3.9200000762939453,3.630000114440918,3.8299999237060547,314500,0.0,0.0
2023-10-18 00:00:00-04:00,3.8499999046325684,3.940000057220459,3.759999990463257,3.799999952316284,181300,0.0,0.0
2023-10-19 00:00:00-04:00,3.799999952316284,3.8889999389648438,3.6600000858306885,3.7100000381469727,150800,0.0,0.0
2023-10-20 00:00:00-04:00,3.640000104904175,3.7200000286102295,3.559999942779541,3.5999999046325684,105800,0.0,0.0
2023-10-23 00:00:00-04:00,3.549999952316284,3.5999999046325684,3.450000047683716,3.5,116500,0.0,0.0
2023-10-24 00:00:00-04:00,3.5,3.5980000495910645,3.5,3.569999933242798,120200,0.0,0.0
2023-10-25 00:00:00-04:00,3.549999952316284,3.569999933242798,3.2899999618530273,3.440000057220459,252700,0.0,0.0
2023-10-26 00:00:00-04:00,3.4000000953674316,3.490000009536743,3.3299999237060547,3.369999885559082,98800,0.0,0.0
2023-10-27 00:00:00-04:00,3.359999895095825,3.380000114440918,3.259999990463257,3.2799999713897705,108000,0.0,0.0
2023-10-30 00:00:00-04:00,3.299999952316284,3.359999895095825,3.2200000286102295,3.25,232800,0.0,0.0
2023-10-31 00:00:00-04:00,3.2799999713897705,3.2799999713897705,3.1500000953674316,3.1500000953674316,290000,0.0,0.0
2023-11-01 00:00:00-04:00,3.190000057220459,3.2200000286102295,3.0,3.109999895095825,272100,0.0,0.0
2023-11-02 00:00:00-04:00,3.1500000953674316,3.259999990463257,3.009999990463257,3.200000047683716,302200,0.0,0.0
2023-11-03 00:00:00-04:00,3.25,3.319999933242798,3.049999952316284,3.119999885559082,733200,0.0,0.0
2023-11-06 00:00:00-05:00,3.0999999046325684,3.2799999713897705,3.0899999141693115,3.180000066757202,195300,0.0,0.0
2023-11-07 00:00:00-05:00,3.200000047683716,3.2899999618530273,3.1500000953674316,3.2300000190734863,165500,0.0,0.0
2023-11-08 00:00:00-05:00,3.240000009536743,3.259999990463257,3.119999885559082,3.140000104904175,160300,0.0,0.0
2023-11-09 00:00:00-05:00,3.140000104904175,3.140000104904175,2.9100000858306885,2.990000009536743,498100,0.0,0.0
2023-11-10 00:00:00-05:00,2.9800000190734863,3.0199999809265137,2.884999990463257,2.950000047683716,248500,0.0,0.0
2023-11-13 00:00:00-05:00,2.940000057220459,3.049999952316284,2.890000104904175,2.9800000190734863,205300,0.0,0.0
2023-11-14 00:00:00-05:00,2.950000047683716,2.9600000381469727,2.25,2.25,1333200,0.0,0.0
2023-11-15 00:00:00-05:00,2.299999952316284,2.619999885559082,2.299999952316284,2.359999895095825,616600,0.0,0.0
2023-11-16 00:00:00-05:00,2.490000009536743,2.5199999809265137,2.380000114440918,2.4700000286102295,567900,0.0,0.0
2023-11-17 00:00:00-05:00,2.4800000190734863,2.569999933242798,2.380000114440918,2.450000047683716,848300,0.0,0.0
2023-11-20 00:00:00-05:00,2.509999990463257,2.880000114440918,2.4709999561309814,2.700000047683716,782200,0.0,0.0
2023-11-21 00:00:00-05:00,2.950000047683716,3.058000087738037,2.7300000190734863,2.9600000381469727,1423200,0.0,0.0
2023-11-22 00:00:00-05:00,3.0,3.0999999046325684,2.878999948501587,2.890000104904175,434600,0.0,0.0
2023-11-24 00:00:00-05:00,2.890000104904175,3.0199999809265137,2.859999895095825,2.990000009536743,123400,0.0,0.0
2023-11-27 00:00:00-05:00,3.0,3.115000009536743,2.9519999027252197,2.9800000190734863,218700,0.0,0.0
2023-11-28 00:00:00-05:00,2.9800000190734863,3.0329999923706055,2.799999952316284,2.859999895095825,144600,0.0,0.0
2023-11-29 00:00:00-05:00,2.9000000953674316,2.940000057220459,2.7899999618530273,2.799999952316284,229600,0.0,0.0
2023-11-30 00:00:00-05:00,2.799999952316284,2.9100000858306885,2.690000057220459,2.75,380600,0.0,0.0
2023-12-01 00:00:00-05:00,2.7200000286102295,2.9100000858306885,2.690000057220459,2.880000114440918,162200,0.0,0.0
2023-12-04 00:00:00-05:00,2.809999942779541,2.9000000953674316,2.7300000190734863,2.759999990463257,341000,0.0,0.0
2023-12-05 00:00:00-05:00,2.7200000286102295,2.7899999618530273,2.690000057220459,2.740000009536743,203100,0.0,0.0
2023-12-06 00:00:00-05:00,2.740000009536743,2.930000066757202,2.5999999046325684,2.8499999046325684,754100,0.0,0.0
2023-12-07 00:00:00-05:00,2.8499999046325684,2.9200000762939453,2.802999973297119,2.869999885559082,213500,0.0,0.0
2023-12-08 00:00:00-05:00,2.880000114440918,3.0,2.859999895095825,2.9800000190734863,221700,0.0,0.0
2023-12-11 00:00:00-05:00,3.0899999141693115,3.0899999141693115,2.8399999141693115,2.869999885559082,202500,0.0,0.0
2023-12-12 00:00:00-05:00,3.0,3.2200000286102295,2.930000066757202,3.130000114440918,552500,0.0,0.0
2023-12-13 00:00:00-05:00,3.109999895095825,3.309999942779541,3.109999895095825,3.244999885559082,265800,0.0,0.0
2023-12-14 00:00:00-05:00,3.309999942779541,3.490000009536743,3.200000047683716,3.2200000286102295,405100,0.0,0.0
2023-12-15 00:00:00-05:00,3.390000104904175,3.4700000286102295,3.0999999046325684,3.190000057220459,482700,0.0,0.0
2023-12-18 00:00:00-05:00,3.190000057220459,3.5490000247955322,3.119999885559082,3.4600000381469727,398800,0.0,0.0
2023-12-19 00:00:00-05:00,3.490000009536743,3.759999990463257,3.490000009536743,3.700000047683716,423700,0.0,0.0
2023-12-20 00:00:00-05:00,3.740000009536743,3.740000009536743,3.509999990463257,3.5199999809265137,441800,0.0,0.0
2023-12-21 00:00:00-05:00,3.5299999713897705,3.8499999046325684,3.430000066757202,3.809999942779541,607400,0.0,0.0
2023-12-22 00:00:00-05:00,3.7100000381469727,4.099999904632568,3.7100000381469727,4.010000228881836,1397100,0.0,0.0
2023-12-26 00:00:00-05:00,3.940000057220459,4.090000152587891,3.859999895095825,3.930000066757202,138000,0.0,0.0
2023-12-27 00:00:00-05:00,3.869999885559082,4.126999855041504,3.869999885559082,4.059999942779541,213900,0.0,0.0
2023-12-28 00:00:00-05:00,4.059999942779541,4.28000020980835,4.010000228881836,4.170000076293945,295500,0.0,0.0
2023-12-29 00:00:00-05:00,4.199999809265137,4.300000190734863,4.079999923706055,4.159999847412109,299400,0.0,0.0
2024-01-02 00:00:00-05:00,4.150000095367432,4.28000020980835,3.930000066757202,4.105000019073486,275400,0.0,0.0
2024-01-03 00:00:00-05:00,4.059999942779541,4.110000133514404,4.0,4.099999904632568,180900,0.0,0.0
2024-01-04 00:00:00-05:00,4.059999942779541,4.190000057220459,4.03000020980835,4.119999885559082,144400,0.0,0.0
2024-01-05 00:00:00-05:00,4.119999885559082,4.150000095367432,4.050000190734863,4.110000133514404,278000,0.0,0.0
2024-01-08 00:00:00-05:00,4.099999904632568,4.639999866485596,4.050000190734863,4.534999847412109,463000,0.0,0.0
2024-01-09 00:00:00-05:00,4.53000020980835,4.53000020980835,4.28000020980835,4.380000114440918,231000,0.0,0.0
2024-01-10 00:00:00-05:00,4.400000095367432,4.670000076293945,4.329999923706055,4.409999847412109,626300,0.0,0.0
2024-01-11 00:00:00-05:00,4.400000095367432,4.484000205993652,4.099999904632568,4.190000057220459,474200,0.0,0.0
2024-01-12 00:00:00-05:00,4.190000057220459,4.360000133514404,3.928999900817871,3.990000009536743,341000,0.0,0.0
2024-01-16 00:00:00-05:00,3.9200000762939453,4.099999904632568,3.9000000953674316,4.0,282900,0.0,0.0
2024-01-17 00:00:00-05:00,3.9600000381469727,3.9800000190734863,3.75,3.8499999046325684,187700,0.0,0.0
2024-01-18 00:00:00-05:00,3.890000104904175,3.9800000190734863,3.75,3.8399999141693115,230800,0.0,0.0
2024-01-19 00:00:00-05:00,3.8399999141693115,3.9700000286102295,3.759999990463257,3.9600000381469727,134300,0.0,0.0
2024-01-22 00:00:00-05:00,3.9200000762939453,4.369999885559082,3.9200000762939453,4.289999961853027,318400,0.0,0.0
2024-01-23 00:00:00-05:00,4.28000020980835,4.400000095367432,4.230000019073486,4.360000133514404,131300,0.0,0.0
2024-01-24 00:00:00-05:00,4.340000152587891,4.400000095367432,4.260000228881836,4.300000190734863,126100,0.0,0.0
2024-01-25 00:00:00-05:00,4.28000020980835,4.340000152587891,4.179999828338623,4.320000171661377,85000,0.0,0.0
2024-01-26 00:00:00-05:00,4.320000171661377,4.460000038146973,4.320000171661377,4.440000057220459,154700,0.0,0.0
2024-01-29 00:00:00-05:00,4.5,4.671999931335449,4.449999809265137,4.599999904632568,217500,0.0,0.0
2024-01-30 00:00:00-05:00,4.679999828338623,4.699999809265137,4.400000095367432,4.440000057220459,169600,0.0,0.0
2024-01-31 00:00:00-05:00,4.75,5.150000095367432,4.6020002365112305,4.789999961853027,604700,0.0,0.0
2024-02-01 00:00:00-05:00,4.849999904632568,4.880000114440918,4.550000190734863,4.71999979019165,314000,0.0,0.0
2024-02-02 00:00:00-05:00,4.730000019073486,4.769999980926514,4.619999885559082,4.704999923706055,130100,0.0,0.0
2024-02-05 00:00:00-05:00,4.679999828338623,4.679999828338623,4.369999885559082,4.53000020980835,228300,0.0,0.0
2024-02-06 00:00:00-05:00,4.53000020980835,4.739999771118164,4.53000020980835,4.679999828338623,101800,0.0,0.0
2024-02-07 00:00:00-05:00,4.690000057220459,4.690000057220459,4.510000228881836,4.650000095367432,76500,0.0,0.0
2024-02-08 00:00:00-05:00,4.699999809265137,4.699999809265137,4.5,4.579999923706055,96200,0.0,0.0
2024-02-09 00:00:00-05:00,4.599999904632568,4.775000095367432,4.559999942779541,4.75,107300,0.0,0.0
2024-02-12 00:00:00-05:00,4.760000228881836,4.9120001792907715,4.710000038146973,4.78000020980835,120800,0.0,0.0
2024-02-13 00:00:00-05:00,4.760000228881836,4.760000228881836,4.510000228881836,4.570000171661377,105700,0.0,0.0
2024-02-14 00:00:00-05:00,4.599999904632568,4.71999979019165,4.510000228881836,4.710000038146973,65100,0.0,0.0
2024-02-15 00:00:00-05:00,4.699999809265137,4.809999942779541,4.489999771118164,4.519999980926514,116900,0.0,0.0
2024-02-16 00:00:00-05:00,4.550000190734863,4.677999973297119,4.400000095367432,4.400000095367432,153400,0.0,0.0
2024-02-20 00:00:00-05:00,4.400000095367432,4.510000228881836,4.177999973297119,4.215000152587891,200200,0.0,0.0
2024-02-21 00:00:00-05:00,4.119999885559082,4.269999980926514,4.119999885559082,4.210000038146973,94000,0.0,0.0
2024-02-22 00:00:00-05:00,4.380000114440918,4.429999828338623,4.21999979019165,4.28000020980835,177400,0.0,0.0
2024-02-23 00:00:00-05:00,4.389999866485596,4.389999866485596,4.21999979019165,4.320000171661377,141200,0.0,0.0
2024-02-26 00:00:00-05:00,4.269999980926514,4.400000095367432,4.179999828338623,4.210000038146973,103900,0.0,0.0
2024-02-27 00:00:00-05:00,4.269999980926514,4.28000020980835,4.170000076293945,4.230000019073486,101000,0.0,0.0
2024-02-28 00:00:00-05:00,4.230000019073486,4.235000133514404,4.090000152587891,4.159999847412109,96900,0.0,0.0
2024-02-29 00:00:00-05:00,4.21999979019165,4.269999980926514,4.099999904632568,4.170000076293945,64200,0.0,0.0
2024-03-01 00:00:00-05:00,4.159999847412109,4.25,4.150000095367432,4.190000057220459,54300,0.0,0.0
2024-03-04 00:00:00-05:00,4.179999828338623,4.239999771118164,4.079999923706055,4.179999828338623,168300,0.0,0.0
2024-03-05 00:00:00-05:00,4.170000076293945,4.170000076293945,3.9200000762939453,3.944999933242798,151000,0.0,0.0
2024-03-06 00:00:00-05:00,3.9600000381469727,4.03000020980835,3.880000114440918,3.9000000953674316,136900,0.0,0.0
2024-03-07 00:00:00-05:00,3.9600000381469727,4.010000228881836,3.9200000762939453,3.990000009536743,80500,0.0,0.0
2024-03-08 00:00:00-05:00,4.0,4.090000152587891,3.9100000858306885,3.984999895095825,296700,0.0,0.0
2024-03-11 00:00:00-04:00,4.03000020980835,4.03000020980835,3.859999895095825,3.880000114440918,139200,0.0,0.0
2024-03-12 00:00:00-04:00,3.8499999046325684,3.869999885559082,3.809999942779541,3.8450000286102295,135300,0.0,0.0
2024-03-13 00:00:00-04:00,3.8299999237060547,3.9000000953674316,3.7899999618530273,3.8299999237060547,139100,0.0,0.0
2024-03-14 00:00:00-04:00,3.799999952316284,3.8399999141693115,3.700000047683716,3.7200000286102295,212000,0.0,0.0
2024-03-15 00:00:00-04:00,3.809999942779541,4.300000190734863,3.809999942779541,3.9700000286102295,886300,0.0,0.0
2024-03-18 00:00:00-04:00,3.9800000190734863,4.329999923706055,3.930000066757202,4.179999828338623,144600,0.0,0.0
2024-03-19 00:00:00-04:00,4.159999847412109,4.369999885559082,4.123000144958496,4.28000020980835,113000,0.0,0.0
2024-03-20 00:00:00-04:00,4.289999961853027,4.489999771118164,4.21999979019165,4.25,128700,0.0,0.0
2024-03-21 00:00:00-04:00,4.510000228881836,4.769999980926514,4.369999885559082,4.670000076293945,317500,0.0,0.0
2024-03-22 00:00:00-04:00,4.690000057220459,4.735000133514404,4.420000076293945,4.679999828338623,209600,0.0,0.0
2024-03-25 00:00:00-04:00,4.670000076293945,4.880000114440918,4.563000202178955,4.659999847412109,412700,0.0,0.0
2024-03-26 00:00:00-04:00,4.570000171661377,4.75,4.400000095367432,4.610000133514404,366800,0.0,0.0
2024-03-27 00:00:00-04:00,4.71999979019165,5.150000095367432,4.510000228881836,5.090000152587891,762600,0.0,0.0
2024-03-28 00:00:00-04:00,5.03000020980835,5.050000190734863,4.75,4.769999980926514,393100,0.0,0.0
2024-04-01 00:00:00-04:00,4.769999980926514,5.010000228881836,4.75,4.789999961853027,329600,0.0,0.0
2024-04-02 00:00:00-04:00,4.789999961853027,4.880000114440918,4.599999904632568,4.699999809265137,175700,0.0,0.0
2024-04-03 00:00:00-04:00,4.650000095367432,4.909999847412109,4.650000095367432,4.869999885559082,179500,0.0,0.0
2024-04-04 00:00:00-04:00,4.869999885559082,5.090000152587891,4.840000152587891,5.03000020980835,253100,0.0,0.0
2024-04-05 00:00:00-04:00,4.989999771118164,5.110000133514404,4.940000057220459,5.0,164300,0.0,0.0
2024-04-08 00:00:00-04:00,5.050000190734863,5.329999923706055,5.0,5.039999961853027,364700,0.0,0.0
2024-04-09 00:00:00-04:00,5.039999961853027,5.136000156402588,4.889999866485596,4.96999979019165,131200,0.0,0.0
2024-04-10 00:00:00-04:00,4.900000095367432,5.050000190734863,4.889999866485596,5.0,211800,0.0,0.0
2024-04-11 00:00:00-04:00,4.989999771118164,5.090000152587891,4.909999847412109,5.0,134100,0.0,0.0
2024-04-12 00:00:00-04:00,4.989999771118164,5.0,4.849999904632568,4.949999809265137,269700,0.0,0.0
2024-04-15 00:00:00-04:00,4.980000019073486,5.010000228881836,4.710000038146973,4.869999885559082,182200,0.0,0.0
2024-04-16 00:00:00-04:00,4.860000133514404,4.860000133514404,4.659999847412109,4.730000019073486,127400,0.0,0.0
2024-04-17 00:00:00-04:00,4.710000038146973,4.829999923706055,4.440000057220459,4.474999904632568,200600,0.0,0.0
2024-04-18 00:00:00-04:00,4.429999828338623,5.03000020980835,4.260000228881836,4.695000171661377,335100,0.0,0.0
2024-04-19 00:00:00-04:00,4.769999980926514,4.900000095367432,4.619999885559082,4.869999885559082,301800,0.0,0.0
2024-04-22 00:00:00-04:00,4.900000095367432,5.510000228881836,4.869999885559082,5.510000228881836,530200,0.0,0.0
2024-04-23 00:00:00-04:00,5.489999771118164,5.742000102996826,5.400000095367432,5.599999904632568,220900,0.0,0.0
2024-04-24 00:00:00-04:00,5.610000133514404,5.610000133514404,5.239999771118164,5.449999809265137,190700,0.0,0.0
2024-04-25 00:00:00-04:00,5.380000114440918,5.380000114440918,5.039999961853027,5.260000228881836,147000,0.0,0.0
2024-04-26 00:00:00-04:00,5.289999961853027,5.5,5.28000020980835,5.300000190734863,165100,0.0,0.0
2024-04-29 00:00:00-04:00,5.329999923706055,5.449999809265137,5.199999809265137,5.210000038146973,172800,0.0,0.0
2024-04-30 00:00:00-04:00,5.170000076293945,5.324999809265137,5.119999885559082,5.199999809265137,164400,0.0,0.0
2024-05-01 00:00:00-04:00,5.190000057220459,5.525000095367432,5.150000095367432,5.400000095367432,336700,0.0,0.0
2024-05-02 00:00:00-04:00,5.5,5.570000171661377,5.309999942779541,5.440000057220459,317000,0.0,0.0
2024-05-03 00:00:00-04:00,5.550000190734863,5.679999828338623,5.440000057220459,5.559999942779541,76800,0.0,0.0
2024-05-06 00:00:00-04:00,5.590000152587891,5.849999904632568,5.556000232696533,5.769999980926514,142600,0.0,0.0
2024-05-07 00:00:00-04:00,5.889999866485596,5.889999866485596,5.664000034332275,5.710000038146973,137400,0.0,0.0
2024-05-08 00:00:00-04:00,5.75,5.795000076293945,5.420000076293945,5.514999866485596,250200,0.0,0.0
2024-05-09 00:00:00-04:00,5.519999980926514,5.670000076293945,5.449999809265137,5.559999942779541,153600,0.0,0.0
2024-05-10 00:00:00-04:00,5.590000152587891,5.864999771118164,5.510000228881836,5.710000038146973,244600,0.0,0.0
2024-05-13 00:00:00-04:00,5.769999980926514,5.800000190734863,5.300000190734863,5.400000095367432,370500,0.0,0.0
2024-05-14 00:00:00-04:00,6.010000228881836,7.349999904632568,5.960000038146973,7.070000171661377,1588400,0.0,0.0
2024-05-15 00:00:00-04:00,7.409999847412109,7.650000095367432,7.03000020980835,7.190000057220459,491100,0.0,0.0
2024-05-16 00:00:00-04:00,7.159999847412109,7.400000095367432,6.889999866485596,6.960000038146973,306900,0.0,0.0
2024-05-17 00:00:00-04:00,7.050000190734863,7.710000038146973,7.0,7.570000171661377,335200,0.0,0.0
2024-05-20 00:00:00-04:00,7.46999979019165,8.180000305175781,7.46999979019165,8.029999732971191,590800,0.0,0.0
2024-05-21 00:00:00-04:00,8.029999732971191,8.5,7.840000152587891,8.09000015258789,472300,0.0,0.0
2024-05-22 00:00:00-04:00,8.109999656677246,8.125,7.650000095367432,7.849999904632568,332300,0.0,0.0
2024-05-23 00:00:00-04:00,7.909999847412109,8.050000190734863,7.599999904632568,7.849999904632568,181400,0.0,0.0
2024-05-24 00:00:00-04:00,7.849999904632568,8.005000114440918,7.724999904632568,7.78000020980835,131800,0.0,0.0
2024-05-28 00:00:00-04:00,7.78000020980835,7.78000020980835,7.230000019073486,7.349999904632568,304600,0.0,0.0
2024-05-29 00:00:00-04:00,7.400000095367432,7.5,7.130000114440918,7.150000095367432,173200,0.0,0.0
2024-05-30 00:00:00-04:00,7.170000076293945,7.230000019073486,6.760000228881836,6.760000228881836,234800,0.0,0.0
2024-05-31 00:00:00-04:00,6.809999942779541,7.239999771118164,6.715000152587891,7.050000190734863,309600,0.0,0.0
2024-06-03 00:00:00-04:00,7.070000171661377,7.170000076293945,6.610000133514404,6.730000019073486,253700,0.0,0.0
2024-06-04 00:00:00-04:00,6.619999885559082,6.699999809265137,6.329999923706055,6.449999809265137,275000,0.0,0.0
2024-06-05 00:00:00-04:00,6.510000228881836,6.920000076293945,6.5,6.860000133514404,238600,0.0,0.0
2024-06-06 00:00:00-04:00,6.820000171661377,7.039999961853027,6.607999801635742,6.690000057220459,92000,0.0,0.0
2024-06-07 00:00:00-04:00,6.570000171661377,6.789999961853027,6.429999828338623,6.550000190734863,101200,0.0,0.0
2024-06-10 00:00:00-04:00,6.5,6.760000228881836,6.420000076293945,6.730000019073486,94700,0.0,0.0
2024-06-11 00:00:00-04:00,6.690000057220459,6.980000019073486,6.610000133514404,6.880000114440918,85200,0.0,0.0
2024-06-12 00:00:00-04:00,7.099999904632568,7.275000095367432,7.0,7.170000076293945,173400,0.0,0.0
2024-06-13 00:00:00-04:00,7.159999847412109,7.739999771118164,7.117000102996826,7.420000076293945,183700,0.0,0.0
2024-06-14 00:00:00-04:00,7.5,7.630000114440918,7.380000114440918,7.630000114440918,149300,0.0,0.0
2024-06-17 00:00:00-04:00,7.489999771118164,7.840000152587891,7.489999771118164,7.730000019073486,305100,0.0,0.0
2024-06-18 00:00:00-04:00,7.769999980926514,8.449999809265137,7.389999866485596,7.639999866485596,1048800,0.0,0.0
2024-06-20 00:00:00-04:00,7.900000095367432,8.130000114440918,7.659999847412109,8.130000114440918,379600,0.0,0.0
2024-06-21 00:00:00-04:00,8.0600004196167,8.130000114440918,7.840000152587891,8.0600004196167,229300,0.0,0.0
2024-06-24 00:00:00-04:00,8.079999923706055,8.260000228881836,7.910999774932861,8.229999542236328,173900,0.0,0.0
2024-06-25 00:00:00-04:00,8.25,8.600000381469727,8.109999656677246,8.3100004196167,224300,0.0,0.0
2024-06-26 00:00:00-04:00,8.25,8.270000457763672,7.800000190734863,8.100000381469727,200600,0.0,0.0
2024-06-27 00:00:00-04:00,8.109999656677246,8.350000381469727,7.960000038146973,8.229999542236328,138400,0.0,0.0
2024-06-28 00:00:00-04:00,8.649999618530273,9.180000305175781,8.199999809265137,8.369999885559082,495600,0.0,0.0
2024-07-01 00:00:00-04:00,8.319999694824219,8.600000381469727,8.149999618530273,8.260000228881836,154400,0.0,0.0
2024-07-02 00:00:00-04:00,8.289999961853027,8.289999961853027,7.769999980926514,7.909999847412109,248700,0.0,0.0
2024-07-03 00:00:00-04:00,7.920000076293945,8.039999961853027,7.78000020980835,7.909999847412109,116600,0.0,0.0
2024-07-05 00:00:00-04:00,7.920000076293945,8.0,7.630000114440918,7.960000038146973,152900,0.0,0.0
2024-07-08 00:00:00-04:00,8.0,8.210000038146973,7.820000171661377,7.909999847412109,154800,0.0,0.0
2024-07-09 00:00:00-04:00,7.909999847412109,8.15999984741211,7.829999923706055,8.15999984741211,119100,0.0,0.0
2024-07-10 00:00:00-04:00,8.25,8.425000190734863,8.140000343322754,8.140000343322754,145000,0.0,0.0
2024-07-11 00:00:00-04:00,8.3100004196167,8.399999618530273,7.840000152587891,8.0,322000,0.0,0.0
2024-07-12 00:00:00-04:00,8.09000015258789,8.114999771118164,7.900000095367432,8.069999694824219,220900,0.0,0.0
2024-07-15 00:00:00-04:00,8.15999984741211,8.319999694824219,7.849999904632568,7.960000038146973,127700,0.0,0.0
2024-07-16 00:00:00-04:00,7.989999771118164,8.14900016784668,7.889999866485596,7.96999979019165,156400,0.0,0.0
2024-07-17 00:00:00-04:00,7.920000076293945,8.029999732971191,7.5,7.820000171661377,300700,0.0,0.0
2024-07-18 00:00:00-04:00,7.75,7.875,7.369999885559082,7.429999828338623,200800,0.0,0.0
2024-07-19 00:00:00-04:00,7.380000114440918,8.25,7.380000114440918,8.229999542236328,369400,0.0,0.0
2024-07-22 00:00:00-04:00,8.289999961853027,8.428000450134277,8.079999923706055,8.319999694824219,167700,0.0,0.0
2024-07-23 00:00:00-04:00,8.329999923706055,8.720000267028809,8.15999984741211,8.6899995803833,382000,0.0,0.0
2024-07-24 00:00:00-04:00,8.579999923706055,8.890000343322754,8.470000267028809,8.84000015258789,173300,0.0,0.0
2024-07-25 00:00:00-04:00,8.829999923706055,9.0,8.600000381469727,8.699999809265137,143300,0.0,0.0
2024-07-26 00:00:00-04:00,8.800000190734863,8.821999549865723,8.390000343322754,8.699999809265137,163900,0.0,0.0
2024-07-29 00:00:00-04:00,8.739999771118164,8.890000343322754,8.210000038146973,8.210000038146973,92900,0.0,0.0
2024-07-30 00:00:00-04:00,8.210000038146973,8.555000305175781,8.149999618530273,8.470000267028809,140400,0.0,0.0
2024-07-31 00:00:00-04:00,8.569999694824219,8.899999618530273,8.289999961853027,8.619999885559082,174800,0.0,0.0
2024-08-01 00:00:00-04:00,8.630000114440918,8.789999961853027,7.96999979019165,8.1899995803833,282500,0.0,0.0
2024-08-02 00:00:00-04:00,7.889999866485596,8.359999656677246,7.880000114440918,8.119999885559082,340000,0.0,0.0
2024-08-05 00:00:00-04:00,7.699999809265137,8.350000381469727,7.349999904632568,8.319999694824219,404800,0.0,0.0
2024-08-06 00:00:00-04:00,8.420000076293945,8.449999809265137,7.300000190734863,7.909999847412109,985900,0.0,0.0
2024-08-07 00:00:00-04:00,8.010000228881836,8.359999656677246,7.590000152587891,7.789999961853027,320000,0.0,0.0
2024-08-08 00:00:00-04:00,7.820000171661377,8.170000076293945,7.800000190734863,8.050000190734863,262000,0.0,0.0
2024-08-09 00:00:00-04:00,8.010000228881836,8.039999961853027,7.769999980926514,7.78000020980835,134400,0.0,0.0
2024-08-12 00:00:00-04:00,7.769999980926514,7.78000020980835,7.409999847412109,7.46999979019165,170600,0.0,0.0
2024-08-13 00:00:00-04:00,7.519999980926514,7.599999904632568,7.340000152587891,7.409999847412109,168800,0.0,0.0
2024-08-14 00:00:00-04:00,7.449999809265137,7.449999809265137,7.170000076293945,7.360000133514404,155500,0.0,0.0
2024-08-15 00:00:00-04:00,7.409999847412109,7.570000171661377,7.360000133514404,7.489999771118164,123200,0.0,0.0
2024-08-16 00:00:00-04:00,7.5,7.639999866485596,7.449999809265137,7.5,113400,0.0,0.0
2024-08-19 00:00:00-04:00,7.539999961853027,8.119999885559082,7.539999961853027,8.0,274600,0.0,0.0
2024-08-20 00:00:00-04:00,8.0,8.109999656677246,7.783999919891357,7.880000114440918,179400,0.0,0.0
2024-08-21 00:00:00-04:00,7.880000114440918,8.100000381469727,7.840000152587891,7.96999979019165,159900,0.0,0.0
2024-08-22 00:00:00-04:00,8.010000228881836,8.149999618530273,7.829999923706055,7.869999885559082,164500,0.0,0.0
2024-08-23 00:00:00-04:00,7.869999885559082,8.140000343322754,7.849999904632568,8.010000228881836,117200,0.0,0.0
2024-08-26 00:00:00-04:00,8.109999656677246,9.170000076293945,8.085000038146973,9.119999885559082,398200,0.0,0.0
2024-08-27 00:00:00-04:00,9.25,10.699999809265137,8.90999984741211,10.539999961853027,1516900,0.0,0.0
2024-08-28 00:00:00-04:00,10.510000228881836,10.6899995803833,10.149999618530273,10.640000343322754,490100,0.0,0.0
2024-08-29 00:00:00-04:00,10.789999961853027,11.744999885559082,10.350000381469727,10.770000457763672,600400,0.0,0.0
2024-08-30 00:00:00-04:00,10.859999656677246,11.15999984741211,10.420000076293945,11.0,427800,0.0,0.0
