Date,Open,High,Low,Close,Volume,Dividends,Stock Splits
2021-10-15 00:00:00-04:00,12.039999961853027,12.399999618530273,11.199999809265137,12.0,710900,0.0,0.0
2021-10-18 00:00:00-04:00,11.760000228881836,12.100000381469727,11.5,11.699999809265137,197400,0.0,0.0
2021-10-19 00:00:00-04:00,11.710000038146973,12.489999771118164,11.449999809265137,12.100000381469727,172000,0.0,0.0
2021-10-20 00:00:00-04:00,12.109999656677246,12.300000190734863,11.600000381469727,12.220000267028809,95500,0.0,0.0
2021-10-21 00:00:00-04:00,12.270000457763672,13.390000343322754,11.979999542236328,12.59000015258789,115000,0.0,0.0
2021-10-22 00:00:00-04:00,12.479999542236328,12.949999809265137,11.776000022888184,12.039999961853027,109700,0.0,0.0
2021-10-25 00:00:00-04:00,12.140000343322754,12.600000381469727,11.329999923706055,11.989999771118164,123800,0.0,0.0
2021-10-26 00:00:00-04:00,11.75,12.581000328063965,11.630000114440918,12.4399995803833,105900,0.0,0.0
2021-10-27 00:00:00-04:00,12.4399995803833,13.680000305175781,12.130000114440918,13.5600004196167,48900,0.0,0.0
2021-10-28 00:00:00-04:00,13.390000343322754,14.53499984741211,12.729999542236328,14.510000228881836,118600,0.0,0.0
2021-10-29 00:00:00-04:00,14.539999961853027,18.100000381469727,14.270000457763672,17.889999389648438,136100,0.0,0.0
2021-11-01 00:00:00-04:00,18.34000015258789,22.155000686645508,17.270000457763672,18.940000534057617,257000,0.0,0.0
2021-11-02 00:00:00-04:00,18.459999084472656,20.950000762939453,18.38800048828125,19.90999984741211,143400,0.0,0.0
2021-11-03 00:00:00-04:00,19.90999984741211,20.673999786376953,18.049999237060547,18.93000030517578,90100,0.0,0.0
2021-11-04 00:00:00-04:00,18.6299991607666,19.799999237060547,17.329999923706055,18.989999771118164,54900,0.0,0.0
2021-11-05 00:00:00-04:00,19.0,19.360000610351562,16.110000610351562,17.3799991607666,70000,0.0,0.0
2021-11-08 00:00:00-05:00,16.989999771118164,19.1200008392334,16.989999771118164,18.959999084472656,49500,0.0,0.0
2021-11-09 00:00:00-05:00,20.290000915527344,21.399999618530273,19.621999740600586,19.799999237060547,57800,0.0,0.0
2021-11-10 00:00:00-05:00,20.0,20.829999923706055,18.479999542236328,19.0,44600,0.0,0.0
2021-11-11 00:00:00-05:00,18.989999771118164,20.964000701904297,18.895999908447266,20.030000686645508,40400,0.0,0.0
2021-11-12 00:00:00-05:00,21.309999465942383,21.309999465942383,15.5,16.399999618530273,96400,0.0,0.0
2021-11-15 00:00:00-05:00,15.619999885559082,17.639999389648438,15.539999961853027,17.43000030517578,47600,0.0,0.0
2021-11-16 00:00:00-05:00,16.899999618530273,18.41699981689453,16.0,16.18000030517578,41300,0.0,0.0
2021-11-17 00:00:00-05:00,15.920000076293945,18.937000274658203,15.010000228881836,16.989999771118164,85000,0.0,0.0
2021-11-18 00:00:00-05:00,16.559999465942383,17.899999618530273,15.65999984741211,16.0,54900,0.0,0.0
2021-11-19 00:00:00-05:00,16.100000381469727,16.780000686645508,15.59000015258789,15.979999542236328,47400,0.0,0.0
2021-11-22 00:00:00-05:00,16.030000686645508,16.989999771118164,15.079999923706055,16.8700008392334,25500,0.0,0.0
2021-11-23 00:00:00-05:00,16.989999771118164,16.989999771118164,14.975000381469727,16.920000076293945,25000,0.0,0.0
2021-11-24 00:00:00-05:00,15.75,21.39900016784668,15.1899995803833,18.760000228881836,89600,0.0,0.0
2021-11-26 00:00:00-05:00,18.420000076293945,20.989999771118164,18.399999618530273,20.010000228881836,31300,0.0,0.0
2021-11-29 00:00:00-05:00,19.549999237060547,19.639999389648438,13.180000305175781,13.279999732971191,103800,0.0,0.0
2021-11-30 00:00:00-05:00,14.180000305175781,14.180000305175781,11.25,11.600000381469727,114300,0.0,0.0
2021-12-01 00:00:00-05:00,11.600000381469727,14.539999961853027,11.109999656677246,11.680000305175781,138600,0.0,0.0
2021-12-02 00:00:00-05:00,11.75,12.289999961853027,10.600000381469727,10.649999618530273,47000,0.0,0.0
2021-12-03 00:00:00-05:00,10.1899995803833,11.039999961853027,8.430000305175781,10.479999542236328,61700,0.0,0.0
2021-12-06 00:00:00-05:00,9.9399995803833,9.9399995803833,6.170000076293945,6.849999904632568,217200,0.0,0.0
2021-12-07 00:00:00-05:00,7.099999904632568,8.470000267028809,6.197999954223633,7.570000171661377,125800,0.0,0.0
2021-12-08 00:00:00-05:00,7.900000095367432,8.119999885559082,6.900000095367432,7.050000190734863,70400,0.0,0.0
2021-12-09 00:00:00-05:00,6.849999904632568,7.309999942779541,6.380000114440918,6.71999979019165,73600,0.0,0.0
2021-12-10 00:00:00-05:00,6.129000186920166,6.679999828338623,6.070000171661377,6.119999885559082,38700,0.0,0.0
2021-12-13 00:00:00-05:00,6.110000133514404,6.170000076293945,5.230000019073486,5.340000152587891,87900,0.0,0.0
2021-12-14 00:00:00-05:00,5.099999904632568,5.539999961853027,4.519999980926514,5.130000114440918,124700,0.0,0.0
2021-12-15 00:00:00-05:00,5.03000020980835,5.670000076293945,4.820000171661377,5.400000095367432,68600,0.0,0.0
2021-12-16 00:00:00-05:00,5.400000095367432,6.019999980926514,4.210000038146973,4.389999866485596,148000,0.0,0.0
2021-12-17 00:00:00-05:00,4.389999866485596,4.590000152587891,3.700000047683716,4.269999980926514,372100,0.0,0.0
2021-12-20 00:00:00-05:00,4.440000057220459,5.039999961853027,4.300000190734863,4.440000057220459,203300,0.0,0.0
2021-12-21 00:00:00-05:00,4.46999979019165,4.670000076293945,3.9200000762939453,4.449999809265137,207300,0.0,0.0
2021-12-22 00:00:00-05:00,4.380000114440918,4.550000190734863,4.039999961853027,4.119999885559082,90200,0.0,0.0
2021-12-23 00:00:00-05:00,4.150000095367432,4.900000095367432,4.010000228881836,4.679999828338623,176700,0.0,0.0
2021-12-27 00:00:00-05:00,4.5,4.800000190734863,4.25,4.300000190734863,77800,0.0,0.0
2021-12-28 00:00:00-05:00,4.349999904632568,4.389999866485596,4.050000190734863,4.210000038146973,72300,0.0,0.0
2021-12-29 00:00:00-05:00,4.204999923706055,4.349999904632568,4.059999942779541,4.28000020980835,53800,0.0,0.0
2021-12-30 00:00:00-05:00,4.25,4.5929999351501465,4.070000171661377,4.170000076293945,95500,0.0,0.0
2021-12-31 00:00:00-05:00,4.159999847412109,4.71999979019165,4.010000228881836,4.460000038146973,116100,0.0,0.0
2022-01-03 00:00:00-05:00,4.46999979019165,4.940000057220459,4.400000095367432,4.75,58800,0.0,0.0
2022-01-04 00:00:00-05:00,4.75,4.920000076293945,4.079999923706055,4.320000171661377,82000,0.0,0.0
2022-01-05 00:00:00-05:00,4.369999885559082,4.510000228881836,4.070000171661377,4.139999866485596,41100,0.0,0.0
2022-01-06 00:00:00-05:00,4.170000076293945,4.170000076293945,3.819999933242798,4.019999980926514,37800,0.0,0.0
2022-01-07 00:00:00-05:00,3.9800000190734863,4.050000190734863,3.8399999141693115,3.990000009536743,116300,0.0,0.0
2022-01-10 00:00:00-05:00,3.950000047683716,3.950000047683716,3.5399999618530273,3.5899999141693115,75800,0.0,0.0
2022-01-11 00:00:00-05:00,3.740000009536743,3.7899999618530273,3.549999952316284,3.640000104904175,92500,0.0,0.0
2022-01-12 00:00:00-05:00,3.634000062942505,4.010000228881836,3.5999999046325684,3.9200000762939453,66900,0.0,0.0
2022-01-13 00:00:00-05:00,3.890000104904175,3.890000104904175,3.200000047683716,3.359999895095825,116900,0.0,0.0
2022-01-14 00:00:00-05:00,3.2200000286102295,3.450000047683716,3.065999984741211,3.1700000762939453,271200,0.0,0.0
2022-01-18 00:00:00-05:00,3.2100000381469727,3.4000000953674316,3.180000066757202,3.190000057220459,534800,0.0,0.0
2022-01-19 00:00:00-05:00,3.190000057220459,3.430000066757202,3.0999999046325684,3.2699999809265137,74500,0.0,0.0
2022-01-20 00:00:00-05:00,3.259999990463257,3.609999895095825,3.049999952316284,3.1700000762939453,104600,0.0,0.0
2022-01-21 00:00:00-05:00,3.109999895095825,3.4200000762939453,2.9800000190734863,3.119999885559082,88600,0.0,0.0
2022-01-24 00:00:00-05:00,3.0,3.0899999141693115,2.630000114440918,2.819999933242798,158500,0.0,0.0
2022-01-25 00:00:00-05:00,2.809999942779541,3.1700000762939453,2.690000057220459,3.059999942779541,46300,0.0,0.0
2022-01-26 00:00:00-05:00,3.2300000190734863,3.2300000190734863,3.0,3.0899999141693115,25000,0.0,0.0
2022-01-27 00:00:00-05:00,3.0799999237060547,3.1549999713897705,2.819999933242798,2.880000114440918,67100,0.0,0.0
2022-01-28 00:00:00-05:00,2.9200000762939453,3.0,2.6600000858306885,2.890000104904175,83600,0.0,0.0
2022-01-31 00:00:00-05:00,2.9670000076293945,3.390000104904175,2.9670000076293945,3.2899999618530273,90600,0.0,0.0
2022-02-01 00:00:00-05:00,3.3399999141693115,3.6600000858306885,3.134999990463257,3.609999895095825,80300,0.0,0.0
2022-02-02 00:00:00-05:00,3.6700000762939453,3.859999895095825,3.3499999046325684,3.5999999046325684,74300,0.0,0.0
2022-02-03 00:00:00-05:00,3.559999942779541,3.559999942779541,3.200000047683716,3.200000047683716,18500,0.0,0.0
2022-02-04 00:00:00-05:00,3.299999952316284,3.299999952316284,3.0999999046325684,3.2100000381469727,41400,0.0,0.0
2022-02-07 00:00:00-05:00,3.200000047683716,3.4509999752044678,3.140000104904175,3.200000047683716,48800,0.0,0.0
2022-02-08 00:00:00-05:00,3.2899999618530273,3.2899999618530273,2.9000000953674316,2.9700000286102295,38400,0.0,0.0
2022-02-09 00:00:00-05:00,2.940000057220459,3.0799999237060547,2.819999933242798,2.950000047683716,56200,0.0,0.0
2022-02-10 00:00:00-05:00,2.8949999809265137,3.3299999237060547,2.809999942779541,2.940000057220459,130200,0.0,0.0
2022-02-11 00:00:00-05:00,2.880000114440918,2.990000009536743,2.759999990463257,2.7899999618530273,65800,0.0,0.0
2022-02-14 00:00:00-05:00,2.7929999828338623,2.9600000381469727,2.75,2.759999990463257,46800,0.0,0.0
2022-02-15 00:00:00-05:00,2.9000000953674316,3.0,2.690000057220459,2.8399999141693115,25300,0.0,0.0
2022-02-16 00:00:00-05:00,2.7799999713897705,2.940000057220459,2.7699999809265137,2.819999933242798,23300,0.0,0.0
2022-02-17 00:00:00-05:00,2.8299999237060547,2.8299999237060547,2.549999952316284,2.619999885559082,47800,0.0,0.0
2022-02-18 00:00:00-05:00,2.640000104904175,2.640000104904175,2.4200000762939453,2.490000009536743,31600,0.0,0.0
2022-02-22 00:00:00-05:00,2.5199999809265137,2.619999885559082,2.4000000953674316,2.4800000190734863,20600,0.0,0.0
2022-02-23 00:00:00-05:00,2.4100000858306885,2.515000104904175,2.2190001010894775,2.440000057220459,32800,0.0,0.0
2022-02-24 00:00:00-05:00,2.259999990463257,2.940000057220459,2.259999990463257,2.869999885559082,75000,0.0,0.0
2022-02-25 00:00:00-05:00,2.809999942779541,2.930000066757202,2.549999952316284,2.5899999141693115,84200,0.0,0.0
2022-02-28 00:00:00-05:00,2.7300000190734863,3.0899999141693115,2.569999933242798,2.9700000286102295,45700,0.0,0.0
2022-03-01 00:00:00-05:00,2.880000114440918,3.3299999237060547,2.8299999237060547,3.109999895095825,74300,0.0,0.0
2022-03-02 00:00:00-05:00,3.2200000286102295,3.25,2.700000047683716,2.8499999046325684,88500,0.0,0.0
2022-03-03 00:00:00-05:00,2.8399999141693115,3.0899999141693115,2.809999942779541,2.9200000762939453,21000,0.0,0.0
2022-03-04 00:00:00-05:00,2.9700000286102295,3.0889999866485596,2.8499999046325684,2.9100000858306885,17600,0.0,0.0
2022-03-07 00:00:00-05:00,2.859999895095825,2.880000114440918,2.5199999809265137,2.569999933242798,54000,0.0,0.0
2022-03-08 00:00:00-05:00,2.640000104904175,2.690000057220459,2.5250000953674316,2.619999885559082,14800,0.0,0.0
2022-03-09 00:00:00-05:00,2.75,2.930000066757202,2.740000009536743,2.890000104904175,13000,0.0,0.0
2022-03-10 00:00:00-05:00,2.990000009536743,2.990000009536743,2.619999885559082,2.6500000953674316,12400,0.0,0.0
2022-03-11 00:00:00-05:00,2.7100000381469727,2.7300000190734863,2.1600000858306885,2.2899999618530273,54500,0.0,0.0
2022-03-14 00:00:00-04:00,2.369999885559082,2.369999885559082,2.2300000190734863,2.240000009536743,4900,0.0,0.0
2022-03-15 00:00:00-04:00,2.200000047683716,2.309999942779541,2.200000047683716,2.2699999809265137,4100,0.0,0.0
2022-03-16 00:00:00-04:00,2.240000009536743,2.859999895095825,2.1700000762939453,2.5899999141693115,113100,0.0,0.0
2022-03-17 00:00:00-04:00,2.690000057220459,3.2300000190734863,2.5450000762939453,3.0999999046325684,136800,0.0,0.0
2022-03-18 00:00:00-04:00,2.9600000381469727,3.359999895095825,2.8519999980926514,3.140000104904175,230700,0.0,0.0
2022-03-21 00:00:00-04:00,3.0999999046325684,3.0999999046325684,2.819999933242798,2.9100000858306885,61900,0.0,0.0
2022-03-22 00:00:00-04:00,2.9000000953674316,3.0,2.7300000190734863,2.859999895095825,26500,0.0,0.0
2022-03-23 00:00:00-04:00,3.0,3.059999942779541,2.8350000381469727,2.9700000286102295,25100,0.0,0.0
2022-03-24 00:00:00-04:00,2.930000066757202,3.059999942779541,2.799999952316284,2.8499999046325684,40700,0.0,0.0
2022-03-25 00:00:00-04:00,2.809999942779541,2.809999942779541,2.299999952316284,2.450000047683716,106700,0.0,0.0
2022-03-28 00:00:00-04:00,2.5399999618530273,2.5399999618530273,2.1600000858306885,2.2200000286102295,117400,0.0,0.0
2022-03-29 00:00:00-04:00,2.25600004196167,2.4800000190734863,2.25,2.359999895095825,42400,0.0,0.0
2022-03-30 00:00:00-04:00,2.309999942779541,2.3980000019073486,2.1449999809265137,2.200000047683716,30800,0.0,0.0
2022-03-31 00:00:00-04:00,2.200000047683716,2.309999942779541,2.190000057220459,2.25,17200,0.0,0.0
2022-04-01 00:00:00-04:00,2.299999952316284,2.390000104904175,2.240000009536743,2.3499999046325684,20500,0.0,0.0
2022-04-04 00:00:00-04:00,2.2799999713897705,2.3239998817443848,2.200000047683716,2.2300000190734863,30800,0.0,0.0
2022-04-05 00:00:00-04:00,2.2200000286102295,2.309999942779541,2.180000066757202,2.180000066757202,14400,0.0,0.0
2022-04-06 00:00:00-04:00,2.180000066757202,2.5,2.130000114440918,2.4200000762939453,61800,0.0,0.0
2022-04-07 00:00:00-04:00,2.369999885559082,3.0899999141693115,2.369999885559082,2.940000057220459,429400,0.0,0.0
2022-04-08 00:00:00-04:00,2.940000057220459,3.0399999618530273,2.6500000953674316,2.75,62000,0.0,0.0
2022-04-11 00:00:00-04:00,2.799999952316284,2.799999952316284,2.4560000896453857,2.4700000286102295,21400,0.0,0.0
2022-04-12 00:00:00-04:00,2.430000066757202,3.640000104904175,2.430000066757202,3.180000066757202,612200,0.0,0.0
2022-04-13 00:00:00-04:00,3.140000104904175,3.6600000858306885,3.0999999046325684,3.25,181900,0.0,0.0
2022-04-14 00:00:00-04:00,3.3299999237060547,3.3299999237060547,2.9000000953674316,2.930000066757202,75800,0.0,0.0
2022-04-18 00:00:00-04:00,2.9000000953674316,2.9000000953674316,2.450000047683716,2.4700000286102295,40400,0.0,0.0
2022-04-19 00:00:00-04:00,2.2899999618530273,2.7100000381469727,2.2899999618530273,2.3499999046325684,147600,0.0,0.0
2022-04-20 00:00:00-04:00,2.4800000190734863,2.5,2.299999952316284,2.3299999237060547,19900,0.0,0.0
2022-04-21 00:00:00-04:00,2.4000000953674316,2.4800000190734863,2.259999990463257,2.299999952316284,34500,0.0,0.0
2022-04-22 00:00:00-04:00,2.299999952316284,2.3450000286102295,2.2100000381469727,2.2899999618530273,42500,0.0,0.0
2022-04-25 00:00:00-04:00,2.2139999866485596,2.5299999713897705,2.2139999866485596,2.450000047683716,39700,0.0,0.0
2022-04-26 00:00:00-04:00,2.450000047683716,2.450000047683716,2.2100000381469727,2.2300000190734863,48700,0.0,0.0
2022-04-27 00:00:00-04:00,2.299999952316284,2.6500000953674316,2.240000009536743,2.569999933242798,32300,0.0,0.0
2022-04-28 00:00:00-04:00,2.496000051498413,2.496000051498413,2.2200000286102295,2.240000009536743,45800,0.0,0.0
2022-04-29 00:00:00-04:00,2.2300000190734863,2.3299999237060547,2.2300000190734863,2.240000009536743,14300,0.0,0.0
2022-05-02 00:00:00-04:00,2.309999942779541,2.450000047683716,2.240000009536743,2.2899999618530273,20600,0.0,0.0
2022-05-03 00:00:00-04:00,2.25,2.3299999237060547,2.2100000381469727,2.2300000190734863,17000,0.0,0.0
2022-05-04 00:00:00-04:00,2.2100000381469727,2.2899999618530273,2.069999933242798,2.240000009536743,27800,0.0,0.0
2022-05-05 00:00:00-04:00,2.190000057220459,2.240000009536743,2.0399999618530273,2.069999933242798,25100,0.0,0.0
2022-05-06 00:00:00-04:00,2.069999933242798,2.1700000762939453,1.9199999570846558,1.9500000476837158,33200,0.0,0.0
2022-05-09 00:00:00-04:00,1.899999976158142,1.899999976158142,1.659999966621399,1.7599999904632568,43600,0.0,0.0
2022-05-10 00:00:00-04:00,1.5199999809265137,1.7599999904632568,1.5,1.5199999809265137,33600,0.0,0.0
2022-05-11 00:00:00-04:00,1.3600000143051147,1.4800000190734863,1.25,1.2899999618530273,43400,0.0,0.0
2022-05-12 00:00:00-04:00,1.399999976158142,1.5199999809265137,1.3200000524520874,1.350000023841858,42400,0.0,0.0
2022-05-13 00:00:00-04:00,1.3700000047683716,1.4700000286102295,1.2690000534057617,1.2899999618530273,47300,0.0,0.0
2022-05-16 00:00:00-04:00,1.3899999856948853,1.440000057220459,1.2000000476837158,1.25,34900,0.0,0.0
2022-05-17 00:00:00-04:00,1.399999976158142,1.399999976158142,1.2200000286102295,1.2899999618530273,254400,0.0,0.0
2022-05-18 00:00:00-04:00,1.2999999523162842,1.309999942779541,1.2300000190734863,1.2599999904632568,32200,0.0,0.0
2022-05-19 00:00:00-04:00,1.2699999809265137,1.4500000476837158,1.2419999837875366,1.2999999523162842,29100,0.0,0.0
2022-05-20 00:00:00-04:00,1.3700000047683716,1.430999994277954,1.2549999952316284,1.309999942779541,12300,0.0,0.0
2022-05-23 00:00:00-04:00,1.3300000429153442,1.350000023841858,1.2999999523162842,1.3200000524520874,10600,0.0,0.0
2022-05-24 00:00:00-04:00,1.25,1.309999942779541,1.25,1.2899999618530273,15700,0.0,0.0
2022-05-25 00:00:00-04:00,1.3289999961853027,1.350000023841858,1.2799999713897705,1.309999942779541,16700,0.0,0.0
2022-05-26 00:00:00-04:00,1.3600000143051147,1.3899999856948853,1.3300000429153442,1.3600000143051147,7800,0.0,0.0
2022-05-27 00:00:00-04:00,1.4800000190734863,1.690000057220459,1.4429999589920044,1.6699999570846558,28100,0.0,0.0
2022-05-31 00:00:00-04:00,1.6699999570846558,1.7899999618530273,1.5099999904632568,1.5499999523162842,28900,0.0,0.0
2022-06-01 00:00:00-04:00,1.649999976158142,1.649999976158142,1.5,1.5,10200,0.0,0.0
2022-06-02 00:00:00-04:00,1.5140000581741333,1.559999942779541,1.5,1.5399999618530273,6400,0.0,0.0
2022-06-03 00:00:00-04:00,1.5199999809265137,1.725000023841858,1.4600000381469727,1.649999976158142,10000,0.0,0.0
2022-06-06 00:00:00-04:00,1.5800000429153442,1.7899999618530273,1.4900000095367432,1.4900000095367432,28300,0.0,0.0
2022-06-07 00:00:00-04:00,1.8600000143051147,1.9700000286102295,1.5099999904632568,1.840000033378601,60300,0.0,0.0
2022-06-08 00:00:00-04:00,1.8480000495910645,1.8480000495910645,1.5509999990463257,1.649999976158142,47600,0.0,0.0
2022-06-09 00:00:00-04:00,1.6399999856948853,1.7799999713897705,1.524999976158142,1.5299999713897705,25300,0.0,0.0
2022-06-10 00:00:00-04:00,1.5199999809265137,1.6299999952316284,1.3539999723434448,1.6299999952316284,30800,0.0,0.0
2022-06-13 00:00:00-04:00,1.5800000429153442,1.75,1.4900000095367432,1.7300000190734863,28700,0.0,0.0
2022-06-14 00:00:00-04:00,1.7300000190734863,2.0199999809265137,1.6610000133514404,2.0199999809265137,17500,0.0,0.0
2022-06-15 00:00:00-04:00,2.0199999809265137,2.0199999809265137,1.8700000047683716,1.8700000047683716,26300,0.0,0.0
2022-06-16 00:00:00-04:00,1.590999960899353,1.7799999713897705,1.440000057220459,1.659999966621399,43000,0.0,0.0
2022-06-17 00:00:00-04:00,1.7100000381469727,1.7100000381469727,1.600000023841858,1.6100000143051147,14000,0.0,0.0
2022-06-21 00:00:00-04:00,1.5199999809265137,1.6410000324249268,1.5199999809265137,1.5399999618530273,26200,0.0,0.0
2022-06-22 00:00:00-04:00,1.5399999618530273,1.6799999475479126,1.5,1.5399999618530273,26500,0.0,0.0
2022-06-23 00:00:00-04:00,1.559999942779541,1.840000033378601,1.559999942779541,1.7799999713897705,30100,0.0,0.0
2022-06-24 00:00:00-04:00,1.7300000190734863,1.7899999618530273,1.3200000524520874,1.5099999904632568,253200,0.0,0.0
2022-06-27 00:00:00-04:00,1.600000023841858,1.600000023841858,1.4210000038146973,1.5099999904632568,28100,0.0,0.0
2022-06-28 00:00:00-04:00,1.5,1.5099999904632568,1.3049999475479126,1.3300000429153442,67400,0.0,0.0
2022-06-29 00:00:00-04:00,1.350000023841858,1.5,1.2999999523162842,1.4199999570846558,52200,0.0,0.0
2022-06-30 00:00:00-04:00,1.399999976158142,1.4900000095367432,1.3700000047683716,1.409999966621399,16100,0.0,0.0
2022-07-01 00:00:00-04:00,1.3700000047683716,1.4299999475479126,1.3660000562667847,1.399999976158142,7400,0.0,0.0
2022-07-05 00:00:00-04:00,1.3960000276565552,1.4800000190734863,1.350000023841858,1.399999976158142,25400,0.0,0.0
2022-07-06 00:00:00-04:00,1.4299999475479126,1.4299999475479126,1.4019999504089355,1.409999966621399,2600,0.0,0.0
2022-07-07 00:00:00-04:00,1.4199999570846558,1.4500000476837158,1.2000000476837158,1.3700000047683716,92900,0.0,0.0
2022-07-08 00:00:00-04:00,1.3799999952316284,1.4500000476837158,1.2899999618530273,1.3200000524520874,69600,0.0,0.0
2022-07-11 00:00:00-04:00,1.340000033378601,1.406999945640564,1.090000033378601,1.2300000190734863,121000,0.0,0.0
2022-07-12 00:00:00-04:00,1.2899999618530273,1.2899999618530273,1.2100000381469727,1.2599999904632568,68700,0.0,0.0
2022-07-13 00:00:00-04:00,1.2549999952316284,1.350000023841858,1.190000057220459,1.190000057220459,47100,0.0,0.0
2022-07-14 00:00:00-04:00,1.2200000286102295,1.2300000190734863,1.1390000581741333,1.190000057220459,20300,0.0,0.0
2022-07-15 00:00:00-04:00,1.2300000190734863,1.340000033378601,1.1699999570846558,1.2699999809265137,23500,0.0,0.0
2022-07-18 00:00:00-04:00,1.3450000286102295,1.440000057220459,1.309999942779541,1.340000033378601,41300,0.0,0.0
2022-07-19 00:00:00-04:00,1.3700000047683716,1.5099999904632568,1.3700000047683716,1.440000057220459,58300,0.0,0.0
2022-07-20 00:00:00-04:00,1.4839999675750732,1.559999942779541,1.440000057220459,1.559999942779541,36800,0.0,0.0
2022-07-21 00:00:00-04:00,1.5,1.5160000324249268,1.4199999570846558,1.440000057220459,25100,0.0,0.0
2022-07-22 00:00:00-04:00,1.4900000095367432,1.4900000095367432,1.3799999952316284,1.3799999952316284,35900,0.0,0.0
2022-07-25 00:00:00-04:00,1.350000023841858,1.4199999570846558,1.3200000524520874,1.340000033378601,10600,0.0,0.0
2022-07-26 00:00:00-04:00,1.4149999618530273,1.4149999618530273,1.25,1.3200000524520874,12800,0.0,0.0
2022-07-27 00:00:00-04:00,1.340000033378601,1.4600000381469727,1.340000033378601,1.399999976158142,29400,0.0,0.0
2022-07-28 00:00:00-04:00,1.4500000476837158,1.4500000476837158,1.309999942779541,1.340000033378601,48700,0.0,0.0
2022-07-29 00:00:00-04:00,1.350000023841858,1.378000020980835,1.2699999809265137,1.309999942779541,10700,0.0,0.0
2022-08-01 00:00:00-04:00,1.3509999513626099,1.3600000143051147,1.1299999952316284,1.25,51300,0.0,0.0
2022-08-02 00:00:00-04:00,1.309999942779541,1.309999942779541,1.2300000190734863,1.2400000095367432,22300,0.0,0.0
2022-08-03 00:00:00-04:00,1.25,1.4199999570846558,1.2400000095367432,1.3300000429153442,57400,0.0,0.0
2022-08-04 00:00:00-04:00,1.2699999809265137,1.4600000381469727,1.25,1.4049999713897705,81700,0.0,0.0
2022-08-05 00:00:00-04:00,1.350000023841858,1.409999966621399,1.1799999475479126,1.350000023841858,124400,0.0,0.0
2022-08-08 00:00:00-04:00,1.3229999542236328,1.3600000143051147,1.3020000457763672,1.3600000143051147,12100,0.0,0.0
2022-08-09 00:00:00-04:00,1.3300000429153442,1.4299999475479126,1.1699999570846558,1.3200000524520874,113200,0.0,0.0
2022-08-10 00:00:00-04:00,1.3600000143051147,1.940000057220459,1.2999999523162842,1.5399999618530273,2997400,0.0,0.0
2022-08-11 00:00:00-04:00,1.6200000047683716,1.7979999780654907,1.4800000190734863,1.6799999475479126,335600,0.0,0.0
2022-08-12 00:00:00-04:00,1.6299999952316284,1.8300000429153442,1.600000023841858,1.7100000381469727,106600,0.0,0.0
2022-08-15 00:00:00-04:00,1.7899999618530273,3.990000009536743,1.7100000381469727,3.4000000953674316,20809700,0.0,0.0
2022-08-16 00:00:00-04:00,3.0999999046325684,3.259999990463257,2.549999952316284,3.25,1156600,0.0,0.0
2022-08-17 00:00:00-04:00,3.180000066757202,4.320000171661377,2.812000036239624,3.0199999809265137,1801500,0.0,0.0
2022-08-18 00:00:00-04:00,2.819999933242798,2.940000057220459,2.450000047683716,2.759999990463257,269100,0.0,0.0
2022-08-19 00:00:00-04:00,2.609999895095825,2.8580000400543213,2.549999952316284,2.5999999046325684,76500,0.0,0.0
2022-08-22 00:00:00-04:00,2.619999885559082,2.740000009536743,2.4700000286102295,2.7200000286102295,130300,0.0,0.0
2022-08-23 00:00:00-04:00,2.6600000858306885,2.890000104904175,2.5999999046325684,2.7899999618530273,81900,0.0,0.0
2022-08-24 00:00:00-04:00,2.7699999809265137,2.880000114440918,2.6600000858306885,2.740000009536743,70400,0.0,0.0
2022-08-25 00:00:00-04:00,2.740000009536743,2.740000009536743,2.4000000953674316,2.4800000190734863,69300,0.0,0.0
2022-08-26 00:00:00-04:00,2.4600000381469727,2.5,2.25,2.3499999046325684,61000,0.0,0.0
2022-08-29 00:00:00-04:00,2.3499999046325684,2.369999885559082,2.255000114440918,2.3399999141693115,18600,0.0,0.0
2022-08-30 00:00:00-04:00,2.359999895095825,2.369999885559082,2.2300000190734863,2.299999952316284,14300,0.0,0.0
2022-08-31 00:00:00-04:00,2.359999895095825,2.700000047683716,2.2200000286102295,2.630000114440918,92000,0.0,0.0
2022-09-01 00:00:00-04:00,2.5799999237060547,2.700000047683716,2.299999952316284,2.4600000381469727,46400,0.0,0.0
2022-09-02 00:00:00-04:00,2.4200000762939453,2.700000047683716,2.361999988555908,2.5799999237060547,81300,0.0,0.0
2022-09-06 00:00:00-04:00,2.5199999809265137,2.680000066757202,2.361999988555908,2.5999999046325684,53800,0.0,0.0
2022-09-07 00:00:00-04:00,2.5399999618530273,2.6700000762939453,2.4700000286102295,2.5799999237060547,47300,0.0,0.0
2022-09-08 00:00:00-04:00,2.630000114440918,2.990000009536743,2.5399999618530273,2.9200000762939453,132900,0.0,0.0
2022-09-09 00:00:00-04:00,2.930000066757202,2.930000066757202,2.7200000286102295,2.7899999618530273,56200,0.0,0.0
2022-09-12 00:00:00-04:00,2.8399999141693115,2.930000066757202,2.6600000858306885,2.680000066757202,45900,0.0,0.0
2022-09-13 00:00:00-04:00,2.619999885559082,2.744999885559082,2.4000000953674316,2.4800000190734863,57200,0.0,0.0
2022-09-14 00:00:00-04:00,2.450000047683716,2.815000057220459,2.450000047683716,2.5999999046325684,48400,0.0,0.0
2022-09-15 00:00:00-04:00,2.619999885559082,2.700000047683716,2.5799999237060547,2.619999885559082,12600,0.0,0.0
2022-09-16 00:00:00-04:00,2.700000047683716,2.7190001010894775,2.4000000953674316,2.4000000953674316,49100,0.0,0.0
2022-09-19 00:00:00-04:00,2.3399999141693115,2.430000066757202,2.299999952316284,2.299999952316284,19400,0.0,0.0
2022-09-20 00:00:00-04:00,2.299999952316284,2.309999942779541,2.0999999046325684,2.109999895095825,24400,0.0,0.0
2022-09-21 00:00:00-04:00,2.180000066757202,2.180000066757202,2.0299999713897705,2.0299999713897705,9300,0.0,0.0
2022-09-22 00:00:00-04:00,2.0,2.0899999141693115,1.9270000457763672,2.0199999809265137,43400,0.0,0.0
2022-09-23 00:00:00-04:00,2.009999990463257,2.299999952316284,1.9199999570846558,1.9700000286102295,19500,0.0,0.0
2022-09-26 00:00:00-04:00,1.909999966621399,2.2300000190734863,1.909999966621399,2.1600000858306885,10700,0.0,0.0
2022-09-27 00:00:00-04:00,2.1700000762939453,2.3299999237060547,1.9900000095367432,2.0,7200,0.0,0.0
2022-09-28 00:00:00-04:00,2.0,2.140000104904175,1.9299999475479126,2.119999885559082,6400,0.0,0.0
2022-09-29 00:00:00-04:00,2.0399999618530273,2.2950000762939453,1.9800000190734863,2.059999942779541,30300,0.0,0.0
2022-09-30 00:00:00-04:00,2.0899999141693115,2.259999990463257,2.059999942779541,2.109999895095825,21700,0.0,0.0
2022-10-03 00:00:00-04:00,2.0799999237060547,2.3299999237060547,2.009999990463257,2.240000009536743,25500,0.0,0.0
2022-10-04 00:00:00-04:00,2.2300000190734863,2.299999952316284,2.049999952316284,2.069999933242798,32000,0.0,0.0
2022-10-05 00:00:00-04:00,2.069999933242798,2.309999942779541,2.069999933242798,2.2100000381469727,35800,0.0,0.0
2022-10-06 00:00:00-04:00,2.1600000858306885,2.2899999618530273,2.0799999237060547,2.1500000953674316,60300,0.0,0.0
2022-10-07 00:00:00-04:00,2.190000057220459,2.2300000190734863,2.130000114440918,2.190000057220459,8500,0.0,0.0
2022-10-10 00:00:00-04:00,2.2100000381469727,2.2200000286102295,2.009999990463257,2.130000114440918,16300,0.0,0.0
2022-10-11 00:00:00-04:00,2.059999942779541,2.134999990463257,1.9199999570846558,1.9500000476837158,24300,0.0,0.0
2022-10-12 00:00:00-04:00,1.840000033378601,1.940000057220459,1.840000033378601,1.909999966621399,13200,0.0,0.0
2022-10-13 00:00:00-04:00,2.015000104904175,2.015000104904175,1.8669999837875366,1.9500000476837158,6100,0.0,0.0
2022-10-14 00:00:00-04:00,2.0899999141693115,2.0899999141693115,1.875,1.8899999856948853,10100,0.0,0.0
2022-10-17 00:00:00-04:00,1.8899999856948853,2.009999990463257,1.8200000524520874,1.9900000095367432,12300,0.0,0.0
2022-10-18 00:00:00-04:00,2.0,2.0899999141693115,1.8700000047683716,2.069999933242798,16000,0.0,0.0
2022-10-19 00:00:00-04:00,2.059999942779541,2.069999933242798,1.975000023841858,1.9800000190734863,13700,0.0,0.0
2022-10-20 00:00:00-04:00,2.0199999809265137,2.069999933242798,2.0,2.069999933242798,11600,0.0,0.0
2022-10-21 00:00:00-04:00,2.059999942779541,2.1089999675750732,1.809999942779541,1.9800000190734863,13600,0.0,0.0
2022-10-24 00:00:00-04:00,2.0799999237060547,2.0799999237060547,2.0,2.0799999237060547,3300,0.0,0.0
2022-10-25 00:00:00-04:00,2.1500000953674316,2.299999952316284,1.8799999952316284,2.0450000762939453,22700,0.0,0.0
2022-10-26 00:00:00-04:00,2.059999942779541,2.059999942779541,2.059999942779541,2.059999942779541,300,0.0,0.0
2022-10-27 00:00:00-04:00,1.9709999561309814,2.0999999046325684,1.9709999561309814,2.0999999046325684,1200,0.0,0.0
2022-10-28 00:00:00-04:00,1.8799999952316284,2.2100000381469727,1.8799999952316284,2.0299999713897705,14400,0.0,0.0
2022-10-31 00:00:00-04:00,2.119999885559082,2.2300000190734863,2.119999885559082,2.180000066757202,3800,0.0,0.0
2022-11-01 00:00:00-04:00,2.200000047683716,2.2899999618530273,2.0920000076293945,2.2300000190734863,14100,0.0,0.0
2022-11-02 00:00:00-04:00,2.140000104904175,2.200000047683716,2.119999885559082,2.130000114440918,9400,0.0,0.0
2022-11-03 00:00:00-04:00,2.075000047683716,2.299999952316284,2.075000047683716,2.25,22600,0.0,0.0
2022-11-04 00:00:00-04:00,2.3399999141693115,2.4600000381469727,2.25,2.440000057220459,43800,0.0,0.0
2022-11-07 00:00:00-05:00,2.3399999141693115,2.5999999046325684,2.3299999237060547,2.5250000953674316,76400,0.0,0.0
2022-11-08 00:00:00-05:00,2.4600000381469727,2.6500000953674316,2.4200000762939453,2.509999990463257,29400,0.0,0.0
2022-11-09 00:00:00-05:00,2.575000047683716,2.575000047683716,2.365999937057495,2.5,19500,0.0,0.0
2022-11-10 00:00:00-05:00,2.4769999980926514,2.4769999980926514,2.1500000953674316,2.180000066757202,62200,0.0,0.0
2022-11-11 00:00:00-05:00,2.7799999713897705,3.0,2.25,3.0,162800,0.0,0.0
2022-11-14 00:00:00-05:00,3.25,3.4200000762939453,2.880000114440918,2.924999952316284,166600,0.0,0.0
2022-11-15 00:00:00-05:00,3.309999942779541,3.309999942779541,2.936000108718872,3.068000078201294,50300,0.0,0.0
2022-11-16 00:00:00-05:00,2.990000009536743,3.1600000858306885,2.950000047683716,3.1600000858306885,27800,0.0,0.0
2022-11-17 00:00:00-05:00,3.1600000858306885,3.1600000858306885,2.9100000858306885,2.9739999771118164,27900,0.0,0.0
2022-11-18 00:00:00-05:00,2.940000057220459,2.9600000381469727,2.619999885559082,2.6600000858306885,111100,0.0,0.0
2022-11-21 00:00:00-05:00,2.700000047683716,2.7200000286102295,2.450000047683716,2.5999999046325684,34400,0.0,0.0
2022-11-22 00:00:00-05:00,2.549999952316284,2.5999999046325684,2.380000114440918,2.5,13500,0.0,0.0
2022-11-23 00:00:00-05:00,2.5,2.7070000171661377,2.5,2.5439999103546143,6100,0.0,0.0
2022-11-25 00:00:00-05:00,2.5920000076293945,2.630000114440918,2.5179998874664307,2.569999933242798,9700,0.0,0.0
2022-11-28 00:00:00-05:00,2.690000057220459,2.690000057220459,2.5,2.5799999237060547,64800,0.0,0.0
2022-11-29 00:00:00-05:00,2.5299999713897705,2.6500000953674316,2.5,2.5,76900,0.0,0.0
2022-11-30 00:00:00-05:00,2.5309998989105225,2.680000066757202,2.509999990463257,2.6500000953674316,9200,0.0,0.0
2022-12-01 00:00:00-05:00,2.6449999809265137,2.6500000953674316,2.509999990463257,2.619999885559082,12500,0.0,0.0
2022-12-02 00:00:00-05:00,2.6500000953674316,2.6570000648498535,2.5199999809265137,2.5199999809265137,3800,0.0,0.0
2022-12-05 00:00:00-05:00,2.5160000324249268,2.5950000286102295,2.5160000324249268,2.5399999618530273,14000,0.0,0.0
2022-12-06 00:00:00-05:00,2.5,2.549999952316284,2.5,2.5199999809265137,4000,0.0,0.0
2022-12-07 00:00:00-05:00,2.509999990463257,2.559999942779541,2.5,2.509999990463257,7900,0.0,0.0
2022-12-08 00:00:00-05:00,2.509999990463257,2.549999952316284,2.509999990463257,2.549999952316284,4100,0.0,0.0
2022-12-09 00:00:00-05:00,2.5,2.5980000495910645,2.5,2.505000114440918,5500,0.0,0.0
2022-12-12 00:00:00-05:00,2.5,2.5199999809265137,2.5,2.509999990463257,19400,0.0,0.0
2022-12-13 00:00:00-05:00,2.3499999046325684,2.5,2.299999952316284,2.299999952316284,10000,0.0,0.0
2022-12-14 00:00:00-05:00,2.2300000190734863,2.4030001163482666,2.2300000190734863,2.299999952316284,4200,0.0,0.0
2022-12-15 00:00:00-05:00,2.299999952316284,2.4049999713897705,2.2100000381469727,2.2100000381469727,12000,0.0,0.0
2022-12-16 00:00:00-05:00,2.359999895095825,2.359999895095825,2.200000047683716,2.2699999809265137,9600,0.0,0.0
2022-12-19 00:00:00-05:00,2.180000066757202,2.299999952316284,2.180000066757202,2.190000057220459,2400,0.0,0.0
2022-12-20 00:00:00-05:00,2.2200000286102295,2.2249999046325684,2.1500000953674316,2.1500000953674316,3700,0.0,0.0
2022-12-21 00:00:00-05:00,2.2200000286102295,2.4779999256134033,2.2200000286102295,2.309999942779541,8600,0.0,0.0
2022-12-22 00:00:00-05:00,2.4100000858306885,2.490000009536743,2.240000009536743,2.390000104904175,8500,0.0,0.0
2022-12-23 00:00:00-05:00,2.2699999809265137,2.3299999237060547,2.2699999809265137,2.319999933242798,3000,0.0,0.0
2022-12-27 00:00:00-05:00,2.25,2.450000047683716,2.25,2.309999942779541,2400,0.0,0.0
2022-12-28 00:00:00-05:00,2.200000047683716,2.200000047683716,2.009999990463257,2.180000066757202,8600,0.0,0.0
2022-12-29 00:00:00-05:00,2.1600000858306885,2.2799999713897705,2.1600000858306885,2.2799999713897705,3100,0.0,0.0
2022-12-30 00:00:00-05:00,2.0,2.880000114440918,2.0,2.609999895095825,63000,0.0,0.0
2023-01-03 00:00:00-05:00,2.690000057220459,2.819999933242798,2.359999895095825,2.5799999237060547,25200,0.0,0.0
2023-01-04 00:00:00-05:00,2.640000104904175,2.680000066757202,2.299999952316284,2.380000114440918,13900,0.0,0.0
2023-01-05 00:00:00-05:00,2.259999990463257,2.444000005722046,2.1459999084472656,2.309999942779541,9900,0.0,0.0
2023-01-06 00:00:00-05:00,2.319999933242798,2.369999885559082,2.2799999713897705,2.36899995803833,4300,0.0,0.0
2023-01-09 00:00:00-05:00,2.3480000495910645,2.3480000495910645,2.2699999809265137,2.319999933242798,2300,0.0,0.0
2023-01-10 00:00:00-05:00,2.2899999618530273,2.369999885559082,2.2699999809265137,2.2699999809265137,11400,0.0,0.0
2023-01-11 00:00:00-05:00,2.259999990463257,2.437999963760376,2.259999990463257,2.2699999809265137,13200,0.0,0.0
2023-01-12 00:00:00-05:00,2.2799999713897705,2.2899999618530273,2.119999885559082,2.1500000953674316,21100,0.0,0.0
2023-01-13 00:00:00-05:00,2.180000066757202,2.359999895095825,2.180000066757202,2.359999895095825,2500,0.0,0.0
2023-01-17 00:00:00-05:00,2.0,2.490000009536743,2.0,2.369999885559082,13400,0.0,0.0
2023-01-18 00:00:00-05:00,2.3399999141693115,2.369999885559082,2.3399999141693115,2.369999885559082,1600,0.0,0.0
2023-01-19 00:00:00-05:00,2.3350000381469727,2.5,2.309999942779541,2.380000114440918,14700,0.0,0.0
2023-01-20 00:00:00-05:00,2.430000066757202,2.450000047683716,2.2799999713897705,2.2799999713897705,32400,0.0,0.0
2023-01-23 00:00:00-05:00,2.4800000190734863,2.4800000190734863,2.1700000762939453,2.2899999618530273,14400,0.0,0.0
2023-01-24 00:00:00-05:00,2.0799999237060547,2.25,2.069999933242798,2.2049999237060547,5500,0.0,0.0
2023-01-25 00:00:00-05:00,2.1500000953674316,2.174999952316284,2.119999885559082,2.130000114440918,1300,0.0,0.0
2023-01-26 00:00:00-05:00,2.059999942779541,2.2100000381469727,2.059999942779541,2.2100000381469727,3500,0.0,0.0
2023-01-27 00:00:00-05:00,2.2300000190734863,2.3399999141693115,2.2100000381469727,2.240000009536743,8200,0.0,0.0
2023-01-30 00:00:00-05:00,2.2899999618530273,2.2899999618530273,2.2899999618530273,2.2899999618530273,300,0.0,0.0
2023-01-31 00:00:00-05:00,2.2249999046325684,2.2899999618530273,2.2100000381469727,2.2869999408721924,25900,0.0,0.0
2023-02-01 00:00:00-05:00,2.256999969482422,2.256999969482422,2.059999942779541,2.190000057220459,4700,0.0,0.0
2023-02-02 00:00:00-05:00,2.119999885559082,2.2699999809265137,2.119999885559082,2.1500000953674316,22000,0.0,0.0
2023-02-03 00:00:00-05:00,2.059999942779541,2.2699999809265137,2.059999942779541,2.2200000286102295,8100,0.0,0.0
2023-02-06 00:00:00-05:00,2.200000047683716,2.2750000953674316,2.190999984741211,2.265000104904175,2000,0.0,0.0
2023-02-07 00:00:00-05:00,2.190000057220459,2.240000009536743,2.1700000762939453,2.240000009536743,1400,0.0,0.0
2023-02-08 00:00:00-05:00,2.1700000762939453,2.2149999141693115,2.1500000953674316,2.2100000381469727,3400,0.0,0.0
2023-02-09 00:00:00-05:00,2.2799999713897705,2.2799999713897705,2.2219998836517334,2.2699999809265137,1200,0.0,0.0
2023-02-10 00:00:00-05:00,2.194999933242798,2.240000009536743,2.069999933242798,2.200000047683716,33000,0.0,0.0
2023-02-13 00:00:00-05:00,2.0999999046325684,2.190000057220459,2.0999999046325684,2.0999999046325684,1300,0.0,0.0
2023-02-14 00:00:00-05:00,2.0999999046325684,2.130000114440918,2.0,2.009999990463257,26500,0.0,0.0
2023-02-15 00:00:00-05:00,2.1700000762939453,2.1700000762939453,2.009999990463257,2.009999990463257,3600,0.0,0.0
2023-02-16 00:00:00-05:00,2.180000066757202,2.180000066757202,2.0999999046325684,2.0999999046325684,800,0.0,0.0
2023-02-17 00:00:00-05:00,2.055999994277954,2.119999885559082,2.055999994277954,2.109999895095825,1900,0.0,0.0
2023-02-21 00:00:00-05:00,2.0399999618530273,2.049999952316284,2.0,2.0299999713897705,28700,0.0,0.0
2023-02-22 00:00:00-05:00,2.009999990463257,2.0199999809265137,2.0,2.0,14800,0.0,0.0
2023-02-23 00:00:00-05:00,2.114000082015991,2.114000082015991,2.114000082015991,2.114000082015991,700,0.0,0.0
2023-02-24 00:00:00-05:00,2.059999942779541,2.109999895095825,2.009999990463257,2.109999895095825,12700,0.0,0.0
2023-02-27 00:00:00-05:00,2.130000114440918,2.1600000858306885,2.0,2.0,11700,0.0,0.0
2023-02-28 00:00:00-05:00,2.0950000286102295,2.0950000286102295,2.0,2.0299999713897705,20200,0.0,0.0
2023-03-01 00:00:00-05:00,2.0899999141693115,2.0899999141693115,2.0899999141693115,2.0899999141693115,500,0.0,0.0
2023-03-02 00:00:00-05:00,2.0199999809265137,2.059999942779541,2.0199999809265137,2.059999942779541,1300,0.0,0.0
2023-03-03 00:00:00-05:00,2.1449999809265137,2.1449999809265137,2.1449999809265137,2.1449999809265137,300,0.0,0.0
2023-03-06 00:00:00-05:00,2.1500000953674316,2.188999891281128,2.0889999866485596,2.109999895095825,2400,0.0,0.0
2023-03-07 00:00:00-05:00,2.0799999237060547,2.299999952316284,2.0799999237060547,2.265000104904175,7800,0.0,0.0
2023-03-08 00:00:00-05:00,2.0299999713897705,2.1500000953674316,2.0299999713897705,2.1500000953674316,1400,0.0,0.0
2023-03-09 00:00:00-05:00,2.1500000953674316,2.1500000953674316,2.1500000953674316,2.1500000953674316,100,0.0,0.0
2023-03-10 00:00:00-05:00,2.180000066757202,2.180000066757202,2.0,2.0,61400,0.0,0.0
2023-03-13 00:00:00-04:00,2.049999952316284,2.1700000762939453,2.049999952316284,2.1700000762939453,3100,0.0,0.0
2023-03-14 00:00:00-04:00,2.2149999141693115,2.25,2.0799999237060547,2.130000114440918,4500,0.0,0.0
2023-03-15 00:00:00-04:00,2.059999942779541,2.200000047683716,2.0,2.009999990463257,32500,0.0,0.0
2023-03-16 00:00:00-04:00,2.0399999618530273,2.180000066757202,2.0299999713897705,2.0399999618530273,28500,0.0,0.0
2023-03-17 00:00:00-04:00,2.190000057220459,2.3499999046325684,2.1480000019073486,2.2200000286102295,19500,0.0,0.0
2023-03-20 00:00:00-04:00,2.2699999809265137,2.2799999713897705,2.049999952316284,2.0799999237060547,50200,0.0,0.0
2023-03-21 00:00:00-04:00,2.0299999713897705,2.200000047683716,2.003000020980835,2.0420000553131104,19900,0.0,0.0
2023-03-22 00:00:00-04:00,2.059999942779541,2.0899999141693115,2.009999990463257,2.0899999141693115,3100,0.0,0.0
2023-03-23 00:00:00-04:00,2.0299999713897705,2.0299999713897705,2.009999990463257,2.009999990463257,1600,0.0,0.0
2023-03-24 00:00:00-04:00,2.009999990463257,2.0420000553131104,2.009999990463257,2.009999990463257,1100,0.0,0.0
2023-03-27 00:00:00-04:00,2.0,2.119999885559082,2.0,2.009999990463257,10000,0.0,0.0
2023-03-28 00:00:00-04:00,2.200000047683716,2.2100000381469727,2.109999895095825,2.109999895095825,3200,0.0,0.0
2023-03-29 00:00:00-04:00,2.109999895095825,2.109999895095825,2.0,2.0399999618530273,8100,0.0,0.0
2023-03-30 00:00:00-04:00,2.009999990463257,2.009999990463257,1.8600000143051147,1.909999966621399,31700,0.0,0.0
2023-03-31 00:00:00-04:00,1.9199999570846558,1.9579999446868896,1.8949999809265137,1.8949999809265137,15100,0.0,0.0
2023-04-03 00:00:00-04:00,1.909999966621399,1.909999966621399,1.8700000047683716,1.899999976158142,8800,0.0,0.0
2023-04-04 00:00:00-04:00,1.8860000371932983,2.0,1.8860000371932983,1.9700000286102295,10000,0.0,0.0
2023-04-05 00:00:00-04:00,1.9700000286102295,1.9800000190734863,1.840000033378601,1.8700000047683716,4400,0.0,0.0
2023-04-06 00:00:00-04:00,1.8600000143051147,1.9800000190734863,1.850000023841858,1.9800000190734863,13200,0.0,0.0
2023-04-10 00:00:00-04:00,2.009999990463257,2.190000057220459,2.0,2.109999895095825,10000,0.0,0.0
2023-04-11 00:00:00-04:00,2.1050000190734863,2.2200000286102295,2.0399999618530273,2.1500000953674316,8300,0.0,0.0
2023-04-12 00:00:00-04:00,2.0799999237060547,2.2200000286102295,2.0799999237060547,2.1649999618530273,13000,0.0,0.0
2023-04-13 00:00:00-04:00,2.1500000953674316,2.299999952316284,2.1050000190734863,2.2699999809265137,20300,0.0,0.0
2023-04-14 00:00:00-04:00,2.259999990463257,2.309999942779541,1.8700000047683716,2.2100000381469727,336800,0.0,0.0
2023-04-17 00:00:00-04:00,2.190000057220459,2.319999933242798,2.0299999713897705,2.2100000381469727,23600,0.0,0.0
2023-04-18 00:00:00-04:00,2.1700000762939453,2.259999990463257,2.009999990463257,2.119999885559082,16500,0.0,0.0
2023-04-19 00:00:00-04:00,2.0199999809265137,2.200000047683716,2.0199999809265137,2.049999952316284,10900,0.0,0.0
2023-04-20 00:00:00-04:00,2.059999942779541,2.119999885559082,1.9900000095367432,2.009999990463257,21900,0.0,0.0
2023-04-21 00:00:00-04:00,2.0,2.1429998874664307,1.9700000286102295,2.0999999046325684,29800,0.0,0.0
2023-04-24 00:00:00-04:00,2.109999895095825,2.1700000762939453,1.909999966621399,2.1600000858306885,12100,0.0,0.0
2023-04-25 00:00:00-04:00,2.0999999046325684,2.1700000762939453,2.078000068664551,2.0999999046325684,6600,0.0,0.0
2023-04-26 00:00:00-04:00,2.130000114440918,2.1700000762939453,2.0199999809265137,2.049999952316284,49800,0.0,0.0
2023-04-27 00:00:00-04:00,2.0299999713897705,2.109999895095825,1.7599999904632568,1.8799999952316284,79400,0.0,0.0
2023-04-28 00:00:00-04:00,1.840000033378601,1.8899999856948853,1.659999966621399,1.7899999618530273,42600,0.0,0.0
2023-05-01 00:00:00-04:00,1.8700000047683716,1.9299999475479126,1.0099999904632568,1.090000033378601,802100,0.0,0.0
2023-05-02 00:00:00-04:00,1.1200000047683716,1.1299999952316284,0.8510000109672546,0.8899999856948853,977800,0.0,0.0
2023-05-03 00:00:00-04:00,0.9200000166893005,1.440000057220459,0.8999999761581421,1.1699999570846558,1079300,0.0,0.0
2023-05-04 00:00:00-04:00,1.2999999523162842,1.5199999809265137,1.2000000476837158,1.25,665000,0.0,0.0
2023-05-05 00:00:00-04:00,1.3799999952316284,1.6200000047683716,1.25,1.5800000429153442,567100,0.0,0.0
2023-05-08 00:00:00-04:00,1.7699999809265137,1.9600000381469727,1.659999966621399,1.8200000524520874,514400,0.0,0.0
2023-05-09 00:00:00-04:00,1.8799999952316284,1.899999976158142,1.690000057220459,1.690000057220459,235600,0.0,0.0
2023-05-10 00:00:00-04:00,1.690000057220459,1.7899999618530273,1.4299999475479126,1.5099999904632568,354300,0.0,0.0
2023-05-11 00:00:00-04:00,1.3799999952316284,1.6799999475479126,1.3799999952316284,1.6200000047683716,261600,0.0,0.0
2023-05-12 00:00:00-04:00,1.7599999904632568,1.7599999904632568,1.649999976158142,1.7200000286102295,96800,0.0,0.0
2023-05-15 00:00:00-04:00,1.8200000524520874,1.850000023841858,1.600000023841858,1.690000057220459,168300,0.0,0.0
2023-05-16 00:00:00-04:00,1.7000000476837158,1.75,1.649999976158142,1.6799999475479126,76600,0.0,0.0
2023-05-17 00:00:00-04:00,1.7000000476837158,1.8350000381469727,1.6799999475479126,1.7999999523162842,140400,0.0,0.0
2023-05-18 00:00:00-04:00,1.7999999523162842,1.8799999952316284,1.7000000476837158,1.7200000286102295,120600,0.0,0.0
2023-05-19 00:00:00-04:00,1.8300000429153442,1.8300000429153442,1.7300000190734863,1.7799999713897705,55000,0.0,0.0
2023-05-22 00:00:00-04:00,1.850000023841858,2.240000009536743,1.809999942779541,2.0799999237060547,276100,0.0,0.0
2023-05-23 00:00:00-04:00,2.130000114440918,2.369999885559082,2.0799999237060547,2.1600000858306885,330200,0.0,0.0
2023-05-24 00:00:00-04:00,2.109999895095825,2.1500000953674316,1.9600000381469727,2.059999942779541,106800,0.0,0.0
2023-05-25 00:00:00-04:00,2.0,2.0,1.809999942779541,1.940000057220459,84500,0.0,0.0
2023-05-26 00:00:00-04:00,2.0,2.0299999713897705,1.809999942779541,1.9199999570846558,64000,0.0,0.0
2023-05-30 00:00:00-04:00,2.0,2.0,1.850000023841858,1.8799999952316284,72800,0.0,0.0
2023-05-31 00:00:00-04:00,2.0,2.0,1.7599999904632568,1.7599999904632568,94200,0.0,0.0
2023-06-01 00:00:00-04:00,1.809999942779541,1.840000033378601,1.7599999904632568,1.7999999523162842,58700,0.0,0.0
2023-06-02 00:00:00-04:00,1.840000033378601,1.8869999647140503,1.7599999904632568,1.8300000429153442,62700,0.0,0.0
2023-06-05 00:00:00-04:00,1.9299999475479126,1.940000057220459,1.7799999713897705,1.8200000524520874,52900,0.0,0.0
2023-06-06 00:00:00-04:00,1.850000023841858,1.9479999542236328,1.8200000524520874,1.9199999570846558,46400,0.0,0.0
2023-06-07 00:00:00-04:00,1.9600000381469727,2.3299999237060547,1.9199999570846558,2.2200000286102295,167700,0.0,0.0
2023-06-08 00:00:00-04:00,2.200000047683716,2.2780001163482666,2.119999885559082,2.240000009536743,97300,0.0,0.0
2023-06-09 00:00:00-04:00,2.2699999809265137,2.2699999809265137,2.130000114440918,2.180000066757202,59100,0.0,0.0
2023-06-12 00:00:00-04:00,2.2899999618530273,2.299999952316284,2.0999999046325684,2.180000066757202,93900,0.0,0.0
2023-06-13 00:00:00-04:00,2.200000047683716,2.319999933242798,2.1500000953674316,2.2899999618530273,83000,0.0,0.0
2023-06-14 00:00:00-04:00,2.3499999046325684,2.3499999046325684,2.240000009536743,2.2699999809265137,81600,0.0,0.0
2023-06-15 00:00:00-04:00,2.299999952316284,2.990000009536743,2.2100000381469727,2.4000000953674316,604000,0.0,0.0
2023-06-16 00:00:00-04:00,2.450000047683716,2.999000072479248,2.450000047683716,2.7300000190734863,468100,0.0,0.0
2023-06-20 00:00:00-04:00,2.740000009536743,2.890000104904175,2.549999952316284,2.7200000286102295,130000,0.0,0.0
2023-06-21 00:00:00-04:00,2.690000057220459,2.9000000953674316,2.681999921798706,2.7200000286102295,136000,0.0,0.0
2023-06-22 00:00:00-04:00,2.7300000190734863,3.3399999141693115,2.7300000190734863,3.325000047683716,270300,0.0,0.0
2023-06-23 00:00:00-04:00,3.2899999618530273,3.3299999237060547,2.430000066757202,2.559999942779541,362900,0.0,0.0
2023-06-26 00:00:00-04:00,2.7799999713897705,2.880000114440918,2.309999942779541,2.3499999046325684,203600,0.0,0.0
2023-06-27 00:00:00-04:00,2.3299999237060547,2.5,2.250999927520752,2.359999895095825,165600,0.0,0.0
2023-06-28 00:00:00-04:00,2.4000000953674316,2.4800000190734863,2.2200000286102295,2.2300000190734863,101000,0.0,0.0
2023-06-29 00:00:00-04:00,2.3399999141693115,2.369999885559082,2.0299999713897705,2.0899999141693115,172400,0.0,0.0
2023-06-30 00:00:00-04:00,2.0899999141693115,2.2100000381469727,2.0799999237060547,2.0999999046325684,94700,0.0,0.0
2023-07-03 00:00:00-04:00,2.240000009536743,2.240000009536743,1.9800000190734863,2.0199999809265137,88700,0.0,0.0
2023-07-05 00:00:00-04:00,2.009999990463257,2.1059999465942383,1.899999976158142,2.0,111200,0.0,0.0
2023-07-06 00:00:00-04:00,2.009999990463257,2.0899999141693115,1.8969999551773071,2.0899999141693115,53600,0.0,0.0
2023-07-07 00:00:00-04:00,2.130000114440918,2.130000114440918,1.9900000095367432,2.0,63500,0.0,0.0
2023-07-10 00:00:00-04:00,2.0299999713897705,2.1500000953674316,1.9500000476837158,2.0,139600,0.0,0.0
2023-07-11 00:00:00-04:00,2.009999990463257,2.059999942779541,1.899999976158142,1.909999966621399,126200,0.0,0.0
2023-07-12 00:00:00-04:00,1.899999976158142,2.049999952316284,1.899999976158142,1.899999976158142,135900,0.0,0.0
2023-07-13 00:00:00-04:00,1.909999966621399,1.9880000352859497,1.8600000143051147,1.8600000143051147,112000,0.0,0.0
2023-07-14 00:00:00-04:00,1.909999966621399,1.940000057220459,1.6799999475479126,1.8300000429153442,135900,0.0,0.0
2023-07-17 00:00:00-04:00,1.840000033378601,1.9199999570846558,1.809999942779541,1.8899999856948853,104400,0.0,0.0
2023-07-18 00:00:00-04:00,1.840000033378601,1.9600000381469727,1.8300000429153442,1.8899999856948853,74200,0.0,0.0
2023-07-19 00:00:00-04:00,1.8700000047683716,1.940000057220459,1.8300000429153442,1.9199999570846558,96000,0.0,0.0
2023-07-20 00:00:00-04:00,1.899999976158142,1.899999976158142,1.7999999523162842,1.840000033378601,75200,0.0,0.0
2023-07-21 00:00:00-04:00,1.850000023841858,1.8700000047683716,1.8300000429153442,1.8300000429153442,36100,0.0,0.0
2023-07-24 00:00:00-04:00,1.8300000429153442,1.850000023841858,1.7239999771118164,1.7599999904632568,59900,0.0,0.0
2023-07-25 00:00:00-04:00,1.75,1.7799999713897705,1.7000000476837158,1.7000000476837158,74500,0.0,0.0
2023-07-26 00:00:00-04:00,1.7000000476837158,1.7699999809265137,1.6799999475479126,1.75,54900,0.0,0.0
2023-07-27 00:00:00-04:00,1.75,1.7890000343322754,1.649999976158142,1.6699999570846558,53900,0.0,0.0
2023-07-28 00:00:00-04:00,1.6399999856948853,1.75,1.6200000047683716,1.7300000190734863,84700,0.0,0.0
2023-07-31 00:00:00-04:00,1.75,1.899999976158142,1.75,1.8700000047683716,72600,0.0,0.0
2023-08-01 00:00:00-04:00,1.8700000047683716,1.8700000047683716,1.7300000190734863,1.7300000190734863,51200,0.0,0.0
2023-08-02 00:00:00-04:00,1.75,1.7699999809265137,1.6299999952316284,1.7400000095367432,81800,0.0,0.0
2023-08-03 00:00:00-04:00,1.75,1.7669999599456787,1.7000000476837158,1.7200000286102295,42300,0.0,0.0
2023-08-04 00:00:00-04:00,1.7400000095367432,1.847000002861023,1.7000000476837158,1.809999942779541,58200,0.0,0.0
2023-08-07 00:00:00-04:00,1.8200000524520874,1.940000057220459,1.7300000190734863,1.8600000143051147,99200,0.0,0.0
2023-08-08 00:00:00-04:00,1.9600000381469727,1.9600000381469727,1.8009999990463257,1.850000023841858,33300,0.0,0.0
2023-08-09 00:00:00-04:00,1.850000023841858,1.8899999856948853,1.7999999523162842,1.7999999523162842,35800,0.0,0.0
2023-08-10 00:00:00-04:00,1.8300000429153442,1.9500000476837158,1.7300000190734863,1.9199999570846558,149900,0.0,0.0
2023-08-11 00:00:00-04:00,1.7799999713897705,1.899999976158142,1.7799999713897705,1.8300000429153442,36100,0.0,0.0
2023-08-14 00:00:00-04:00,1.8200000524520874,1.8700000047683716,1.7599999904632568,1.809999942779541,35500,0.0,0.0
2023-08-15 00:00:00-04:00,1.8200000524520874,1.8200000524520874,1.6799999475479126,1.7100000381469727,60900,0.0,0.0
2023-08-16 00:00:00-04:00,1.7000000476837158,1.7899999618530273,1.7000000476837158,1.7400000095367432,38600,0.0,0.0
2023-08-17 00:00:00-04:00,1.7000000476837158,1.7109999656677246,1.649999976158142,1.6699999570846558,29500,0.0,0.0
2023-08-18 00:00:00-04:00,1.7000000476837158,1.7000000476837158,1.6299999952316284,1.690000057220459,23100,0.0,0.0
2023-08-21 00:00:00-04:00,1.659999966621399,1.7100000381469727,1.649999976158142,1.659999966621399,16400,0.0,0.0
2023-08-22 00:00:00-04:00,1.659999966621399,1.7000000476837158,1.649999976158142,1.649999976158142,21300,0.0,0.0
2023-08-23 00:00:00-04:00,1.6699999570846558,1.7000000476837158,1.659999966621399,1.7000000476837158,14000,0.0,0.0
2023-08-24 00:00:00-04:00,1.690000057220459,1.7100000381469727,1.5199999809265137,1.559999942779541,390700,0.0,0.0
2023-08-25 00:00:00-04:00,1.559999942779541,1.559999942779541,1.399999976158142,1.4299999475479126,84500,0.0,0.0
2023-08-28 00:00:00-04:00,1.440000057220459,1.4800000190734863,1.4199999570846558,1.4500000476837158,50400,0.0,0.0
2023-08-29 00:00:00-04:00,1.5399999618530273,1.590000033378601,1.4600000381469727,1.5800000429153442,91900,0.0,0.0
2023-08-30 00:00:00-04:00,1.5399999618530273,1.5700000524520874,1.4700000286102295,1.5,58400,0.0,0.0
2023-08-31 00:00:00-04:00,1.4900000095367432,1.5,1.4199999570846558,1.4500000476837158,117700,0.0,0.0
2023-09-01 00:00:00-04:00,1.4700000286102295,1.5399999618530273,1.4600000381469727,1.4600000381469727,32400,0.0,0.0
2023-09-05 00:00:00-04:00,1.5299999713897705,1.5299999713897705,1.4900000095367432,1.5199999809265137,29800,0.0,0.0
2023-09-06 00:00:00-04:00,1.5499999523162842,1.5499999523162842,1.4299999475479126,1.4600000381469727,27200,0.0,0.0
2023-09-07 00:00:00-04:00,1.440000057220459,1.4800000190734863,1.4199999570846558,1.4299999475479126,22800,0.0,0.0
2023-09-08 00:00:00-04:00,1.4299999475479126,1.4900000095367432,1.315000057220459,1.3300000429153442,87300,0.0,0.0
2023-09-11 00:00:00-04:00,1.4199999570846558,1.4199999570846558,1.2799999713897705,1.2899999618530273,48100,0.0,0.0
2023-09-12 00:00:00-04:00,1.2799999713897705,1.350000023841858,1.2599999904632568,1.3200000524520874,42900,0.0,0.0
2023-09-13 00:00:00-04:00,1.340000033378601,1.38100004196167,1.2300000190734863,1.25,60000,0.0,0.0
2023-09-14 00:00:00-04:00,1.2300000190734863,1.340000033378601,1.2300000190734863,1.2599999904632568,34300,0.0,0.0
2023-09-15 00:00:00-04:00,1.25,1.3209999799728394,1.215000033378601,1.2899999618530273,33500,0.0,0.0
2023-09-18 00:00:00-04:00,1.3600000143051147,1.3600000143051147,1.3040000200271606,1.340000033378601,20700,0.0,0.0
2023-09-19 00:00:00-04:00,1.3700000047683716,1.3700000047683716,1.2000000476837158,1.2899999618530273,22200,0.0,0.0
2023-09-20 00:00:00-04:00,1.309999942779541,1.3799999952316284,1.2599999904632568,1.3300000429153442,19000,0.0,0.0
2023-09-21 00:00:00-04:00,1.340000033378601,1.340000033378601,1.2400000095367432,1.309999942779541,40100,0.0,0.0
2023-09-22 00:00:00-04:00,1.3300000429153442,1.3300000429153442,1.2400000095367432,1.2999999523162842,16400,0.0,0.0
2023-09-25 00:00:00-04:00,1.2599999904632568,1.3359999656677246,1.2000000476837158,1.2200000286102295,49700,0.0,0.0
2023-09-26 00:00:00-04:00,1.2000000476837158,1.2699999809265137,1.2000000476837158,1.2599999904632568,20600,0.0,0.0
2023-09-27 00:00:00-04:00,1.2799999713897705,1.3200000524520874,1.218000054359436,1.2300000190734863,34500,0.0,0.0
2023-09-28 00:00:00-04:00,1.2300000190734863,1.2899999618530273,1.2300000190734863,1.2599999904632568,6700,0.0,0.0
2023-09-29 00:00:00-04:00,1.2599999904632568,1.2599999904632568,1.0800000429153442,1.100000023841858,43100,0.0,0.0
2023-10-02 00:00:00-04:00,1.2000000476837158,1.2000000476837158,0.9900000095367432,1.0199999809265137,125900,0.0,0.0
2023-10-03 00:00:00-04:00,1.0099999904632568,1.059000015258789,0.8500000238418579,0.875,136500,0.0,0.0
2023-10-04 00:00:00-04:00,0.9210000038146973,1.190000057220459,0.8899999856948853,1.1399999856948853,220900,0.0,0.0
2023-10-05 00:00:00-04:00,1.2300000190734863,1.2400000095367432,1.1100000143051147,1.149999976158142,111700,0.0,0.0
2023-10-06 00:00:00-04:00,1.149999976158142,1.1779999732971191,1.1299999952316284,1.1699999570846558,33900,0.0,0.0
2023-10-09 00:00:00-04:00,1.2000000476837158,1.2100000381469727,1.1399999856948853,1.2000000476837158,41000,0.0,0.0
2023-10-10 00:00:00-04:00,1.2000000476837158,1.2400000095367432,1.1699999570846558,1.1799999475479126,23700,0.0,0.0
2023-10-11 00:00:00-04:00,1.190000057220459,1.2200000286102295,1.159999966621399,1.1699999570846558,21300,0.0,0.0
2023-10-12 00:00:00-04:00,1.159999966621399,1.2000000476837158,1.0950000286102295,1.1399999856948853,38000,0.0,0.0
2023-10-13 00:00:00-04:00,1.1399999856948853,1.1399999856948853,1.100000023841858,1.100000023841858,49900,0.0,0.0
2023-10-16 00:00:00-04:00,1.100000023841858,1.128000020980835,1.0850000381469727,1.100000023841858,15300,0.0,0.0
2023-10-17 00:00:00-04:00,1.100000023841858,1.1759999990463257,1.100000023841858,1.1299999952316284,48500,0.0,0.0
2023-10-18 00:00:00-04:00,1.1399999856948853,1.1449999809265137,1.0989999771118164,1.100000023841858,15400,0.0,0.0
2023-10-19 00:00:00-04:00,1.090000033378601,1.1200000047683716,1.0,1.0499999523162842,33000,0.0,0.0
2023-10-20 00:00:00-04:00,1.090000033378601,1.090000033378601,0.9800000190734863,1.0299999713897705,20100,0.0,0.0
2023-10-23 00:00:00-04:00,1.0499999523162842,1.0499999523162842,0.9850000143051147,1.0,34400,0.0,0.0
2023-10-24 00:00:00-04:00,0.9879999756813049,1.0399999618530273,0.8999999761581421,0.9200000166893005,44100,0.0,0.0
2023-10-25 00:00:00-04:00,0.9200000166893005,1.0399999618530273,0.8709999918937683,0.8920000195503235,67900,0.0,0.0
2023-10-26 00:00:00-04:00,0.9120000004768372,0.9390000104904175,0.8899999856948853,0.9100000262260437,27500,0.0,0.0
2023-10-27 00:00:00-04:00,0.9200000166893005,0.9369999766349792,0.8899999856948853,0.9110000133514404,23200,0.0,0.0
2023-10-30 00:00:00-04:00,0.9399999976158142,0.9800000190734863,0.8999999761581421,0.9800000190734863,23400,0.0,0.0
2023-10-31 00:00:00-04:00,0.9800000190734863,1.0499999523162842,0.9700000286102295,1.0199999809265137,62000,0.0,0.0
2023-11-01 00:00:00-04:00,1.0299999713897705,1.0399999618530273,1.0,1.0199999809265137,14700,0.0,0.0
2023-11-02 00:00:00-04:00,1.0399999618530273,1.0499999523162842,1.0089999437332153,1.0299999713897705,49600,0.0,0.0
2023-11-03 00:00:00-04:00,1.0399999618530273,1.1990000009536743,1.0210000276565552,1.1699999570846558,61200,0.0,0.0
2023-11-06 00:00:00-05:00,1.2400000095367432,1.2799999713897705,1.1200000047683716,1.2100000381469727,44300,0.0,0.0
2023-11-07 00:00:00-05:00,1.2400000095367432,1.2400000095367432,1.149999976158142,1.149999976158142,34700,0.0,0.0
2023-11-08 00:00:00-05:00,1.2000000476837158,1.2050000429153442,1.1480000019073486,1.190000057220459,22500,0.0,0.0
2023-11-09 00:00:00-05:00,1.2000000476837158,1.2100000381469727,1.090000033378601,1.1100000143051147,31500,0.0,0.0
2023-11-10 00:00:00-05:00,1.0800000429153442,1.1200000047683716,1.0360000133514404,1.0499999523162842,24400,0.0,0.0
2023-11-13 00:00:00-05:00,1.0399999618530273,1.065999984741211,0.8999999761581421,0.9100000262260437,81500,0.0,0.0
2023-11-14 00:00:00-05:00,0.9900000095367432,1.0499999523162842,0.949999988079071,0.949999988079071,49600,0.0,0.0
2023-11-15 00:00:00-05:00,0.9980000257492065,1.0800000429153442,0.9890000224113464,1.0199999809265137,43000,0.0,0.0
2023-11-16 00:00:00-05:00,1.0399999618530273,1.0399999618530273,0.9660000205039978,0.9869999885559082,13800,0.0,0.0
2023-11-17 00:00:00-05:00,0.9599999785423279,1.0479999780654907,0.9599999785423279,1.0299999713897705,24600,0.0,0.0
2023-11-20 00:00:00-05:00,1.0700000524520874,1.0800000429153442,1.0369999408721924,1.059999942779541,24500,0.0,0.0
2023-11-21 00:00:00-05:00,1.0499999523162842,1.0700000524520874,1.0399999618530273,1.0399999618530273,9400,0.0,0.0
2023-11-22 00:00:00-05:00,1.0700000524520874,1.0700000524520874,1.0299999713897705,1.0499999523162842,18600,0.0,0.0
2023-11-24 00:00:00-05:00,1.0299999713897705,1.0399999618530273,0.9900000095367432,1.0199999809265137,8000,0.0,0.0
2023-11-27 00:00:00-05:00,0.9599999785423279,1.059999942779541,0.9599999785423279,0.9800000190734863,27100,0.0,0.0
2023-11-28 00:00:00-05:00,0.9900000095367432,1.0499999523162842,0.9800000190734863,0.9900000095367432,24800,0.0,0.0
2023-11-29 00:00:00-05:00,1.0,1.059999942779541,1.0,1.0199999809265137,19700,0.0,0.0
2023-11-30 00:00:00-05:00,1.0499999523162842,1.100000023841858,1.0299999713897705,1.0499999523162842,37600,0.0,0.0
2023-12-01 00:00:00-05:00,1.090000033378601,1.090000033378601,1.0199999809265137,1.0399999618530273,21400,0.0,0.0
2023-12-04 00:00:00-05:00,1.059999942779541,1.059999942779541,1.0260000228881836,1.0299999713897705,27500,0.0,0.0
2023-12-05 00:00:00-05:00,0.9789999723434448,1.059999942779541,0.9789999723434448,1.0099999904632568,58000,0.0,0.0
2023-12-06 00:00:00-05:00,1.0,1.0379999876022339,1.0,1.0099999904632568,27800,0.0,0.0
2023-12-07 00:00:00-05:00,1.0199999809265137,1.0299999713897705,1.0099999904632568,1.0199999809265137,31000,0.0,0.0
2023-12-08 00:00:00-05:00,1.0099999904632568,1.0499999523162842,1.0099999904632568,1.0199999809265137,13400,0.0,0.0
2023-12-11 00:00:00-05:00,1.0199999809265137,1.0299999713897705,1.0,1.0,31500,0.0,0.0
2023-12-12 00:00:00-05:00,1.059999942779541,1.059999942779541,0.9929999709129333,1.0,28900,0.0,0.0
2023-12-13 00:00:00-05:00,1.0099999904632568,1.1200000047683716,0.9599999785423279,1.0499999523162842,87200,0.0,0.0
2023-12-14 00:00:00-05:00,1.0399999618530273,1.090000033378601,1.0299999713897705,1.0800000429153442,27200,0.0,0.0
2023-12-15 00:00:00-05:00,1.0399999618530273,1.0880000591278076,1.0199999809265137,1.0199999809265137,32600,0.0,0.0
2023-12-18 00:00:00-05:00,1.0800000429153442,1.0800000429153442,1.0,1.0199999809265137,39300,0.0,0.0
2023-12-19 00:00:00-05:00,1.0099999904632568,1.0499999523162842,0.9900000095367432,1.0,58900,0.0,0.0
2023-12-20 00:00:00-05:00,1.0,1.0800000429153442,0.9350000023841858,1.0,191700,0.0,0.0
2023-12-21 00:00:00-05:00,1.059999942779541,1.059999942779541,1.0,1.0099999904632568,11600,0.0,0.0
2023-12-22 00:00:00-05:00,1.0399999618530273,1.0399999618530273,0.9610000252723694,1.0099999904632568,37700,0.0,0.0
2023-12-26 00:00:00-05:00,1.0499999523162842,1.0499999523162842,1.0,1.0210000276565552,40500,0.0,0.0
2023-12-27 00:00:00-05:00,1.0499999523162842,1.059999942779541,1.0049999952316284,1.0299999713897705,56100,0.0,0.0
2023-12-28 00:00:00-05:00,1.059999942779541,1.1200000047683716,1.0399999618530273,1.100000023841858,197300,0.0,0.0
2023-12-29 00:00:00-05:00,1.1299999952316284,1.149999976158142,1.0700000524520874,1.0700000524520874,55400,0.0,0.0
2024-01-02 00:00:00-05:00,1.059999942779541,1.1399999856948853,1.059999942779541,1.090000033378601,36600,0.0,0.0
2024-01-03 00:00:00-05:00,1.100000023841858,1.1139999628067017,1.0700000524520874,1.100000023841858,22900,0.0,0.0
2024-01-04 00:00:00-05:00,1.100000023841858,1.1200000047683716,1.0709999799728394,1.1200000047683716,13900,0.0,0.0
2024-01-05 00:00:00-05:00,1.059999942779541,1.1139999628067017,1.0399999618530273,1.0399999618530273,29400,0.0,0.0
2024-01-08 00:00:00-05:00,1.0399999618530273,1.0700000524520874,1.0199999809265137,1.0499999523162842,20500,0.0,0.0
2024-01-09 00:00:00-05:00,1.0399999618530273,1.059000015258789,1.0,1.0099999904632568,25800,0.0,0.0
2024-01-10 00:00:00-05:00,1.0099999904632568,1.0299999713897705,0.9900000095367432,1.0,31400,0.0,0.0
2024-01-11 00:00:00-05:00,0.9810000061988831,1.0099999904632568,0.9800000190734863,0.9800000190734863,16200,0.0,0.0
2024-01-12 00:00:00-05:00,1.0,1.0,0.9800000190734863,0.9890000224113464,61000,0.0,0.0
2024-01-16 00:00:00-05:00,0.921999990940094,0.9509999752044678,0.75,0.8700000047683716,188600,0.0,0.0
2024-01-17 00:00:00-05:00,0.8700000047683716,1.0399999618530273,0.8700000047683716,0.8859999775886536,191600,0.0,0.0
2024-01-18 00:00:00-05:00,0.9300000071525574,0.9470000267028809,0.8199999928474426,0.8650000095367432,40900,0.0,0.0
2024-01-19 00:00:00-05:00,0.8600000143051147,0.8849999904632568,0.8399999737739563,0.8799999952316284,28800,0.0,0.0
2024-01-22 00:00:00-05:00,0.9300000071525574,0.9399999976158142,0.8799999952316284,0.8920000195503235,49900,0.0,0.0
2024-01-23 00:00:00-05:00,0.8899999856948853,0.9089999794960022,0.8809999823570251,0.8899999856948853,30300,0.0,0.0
2024-01-24 00:00:00-05:00,0.8949999809265137,0.949999988079071,0.8519999980926514,0.8970000147819519,132800,0.0,0.0
2024-01-25 00:00:00-05:00,0.9300000071525574,0.9300000071525574,0.8539999723434448,0.8600000143051147,47000,0.0,0.0
2024-01-26 00:00:00-05:00,0.8529999852180481,0.8709999918937683,0.8100000023841858,0.8429999947547913,99700,0.0,0.0
2024-01-29 00:00:00-05:00,0.8270000219345093,0.8600000143051147,0.8270000219345093,0.8600000143051147,12200,0.0,0.0
2024-01-30 00:00:00-05:00,0.8899999856948853,0.8899999856948853,0.8270000219345093,0.8489999771118164,44300,0.0,0.0
2024-01-31 00:00:00-05:00,0.8500000238418579,0.8799999952316284,0.8270000219345093,0.8650000095367432,16700,0.0,0.0
2024-02-01 00:00:00-05:00,0.8899999856948853,0.9300000071525574,0.8600000143051147,0.8989999890327454,19900,0.0,0.0
2024-02-02 00:00:00-05:00,0.8999999761581421,0.8999999761581421,0.8650000095367432,0.8989999890327454,9600,0.0,0.0
2024-02-05 00:00:00-05:00,0.8799999952316284,0.9290000200271606,0.8100000023841858,0.8529999852180481,35400,0.0,0.0
2024-02-06 00:00:00-05:00,0.8999999761581421,0.949999988079071,0.8889999985694885,0.9399999976158142,89300,0.0,0.0
2024-02-07 00:00:00-05:00,0.949999988079071,0.949999988079071,0.800000011920929,0.8420000076293945,187600,0.0,0.0
2024-02-08 00:00:00-05:00,0.8429999947547913,0.8999999761581421,0.800000011920929,0.8600000143051147,157800,0.0,0.0
2024-02-09 00:00:00-05:00,0.8899999856948853,0.9150000214576721,0.8500000238418579,0.9100000262260437,30500,0.0,0.0
2024-02-12 00:00:00-05:00,0.9100000262260437,0.9700000286102295,0.9100000262260437,0.9409999847412109,36500,0.0,0.0
2024-02-13 00:00:00-05:00,0.9300000071525574,0.9300000071525574,0.8999999761581421,0.9279999732971191,22100,0.0,0.0
2024-02-14 00:00:00-05:00,0.9399999976158142,1.0,0.9150000214576721,1.0,48100,0.0,0.0
2024-02-15 00:00:00-05:00,0.9700000286102295,1.0369999408721924,0.9039999842643738,0.9300000071525574,105200,0.0,0.0
2024-02-16 00:00:00-05:00,0.9200000166893005,0.9700000286102295,0.8830000162124634,0.9190000295639038,50300,0.0,0.0
2024-02-20 00:00:00-05:00,0.9520000219345093,0.9520000219345093,0.9100000262260437,0.9390000104904175,19300,0.0,0.0
2024-02-21 00:00:00-05:00,0.9300000071525574,0.949999988079071,0.9100000262260437,0.9200000166893005,31100,0.0,0.0
2024-02-22 00:00:00-05:00,0.9399999976158142,0.9399999976158142,0.8809999823570251,0.9269999861717224,40400,0.0,0.0
2024-02-23 00:00:00-05:00,0.8999999761581421,0.9399999976158142,0.8899999856948853,0.8999999761581421,35700,0.0,0.0
2024-02-26 00:00:00-05:00,0.8999999761581421,0.9300000071525574,0.8999999761581421,0.9259999990463257,9800,0.0,0.0
2024-02-27 00:00:00-05:00,0.9300000071525574,0.949999988079071,0.9300000071525574,0.9390000104904175,34400,0.0,0.0
2024-02-28 00:00:00-05:00,0.9350000023841858,0.9800000190734863,0.9100000262260437,0.949999988079071,63100,0.0,0.0
2024-02-29 00:00:00-05:00,0.9779999852180481,1.0,0.9110000133514404,0.9210000038146973,52900,0.0,0.0
2024-03-01 00:00:00-05:00,0.9769999980926514,0.9769999980926514,0.9210000038146973,0.949999988079071,29100,0.0,0.0
2024-03-04 00:00:00-05:00,1.0099999904632568,1.024999976158142,0.9399999976158142,0.9900000095367432,97800,0.0,0.0
2024-03-05 00:00:00-05:00,1.0099999904632568,1.0099999904632568,0.9210000038146973,0.9800000190734863,63500,0.0,0.0
2024-03-06 00:00:00-05:00,0.9900000095367432,0.9950000047683716,0.9210000038146973,0.9760000109672546,88800,0.0,0.0
2024-03-07 00:00:00-05:00,0.9570000171661377,0.9750000238418579,0.9300000071525574,0.9309999942779541,44000,0.0,0.0
2024-03-08 00:00:00-05:00,0.9599999785423279,0.9700000286102295,0.9210000038146973,0.9620000123977661,22800,0.0,0.0
2024-03-11 00:00:00-04:00,0.9570000171661377,0.9890000224113464,0.9020000100135803,0.949999988079071,50500,0.0,0.0
2024-03-12 00:00:00-04:00,0.9330000281333923,0.9750000238418579,0.9110000133514404,0.9120000004768372,26000,0.0,0.0
2024-03-13 00:00:00-04:00,0.9300000071525574,0.9490000009536743,0.8999999761581421,0.9100000262260437,52900,0.0,0.0
2024-03-14 00:00:00-04:00,0.9150000214576721,0.9150000214576721,0.8199999928474426,0.8899999856948853,144100,0.0,0.0
2024-03-15 00:00:00-04:00,0.8899999856948853,0.9139999747276306,0.8100000023841858,0.8949999809265137,38300,0.0,0.0
2024-03-18 00:00:00-04:00,0.9100000262260437,0.9110000133514404,0.8600000143051147,0.8600000143051147,38400,0.0,0.0
2024-03-19 00:00:00-04:00,0.8600000143051147,0.9049999713897705,0.8500000238418579,0.8600000143051147,18900,0.0,0.0
2024-03-20 00:00:00-04:00,0.8880000114440918,0.9100000262260437,0.7799999713897705,0.8960000276565552,66900,0.0,0.0
2024-03-21 00:00:00-04:00,0.9100000262260437,0.9100000262260437,0.8550000190734863,0.8899999856948853,47500,0.0,0.0
2024-03-22 00:00:00-04:00,0.8709999918937683,0.8899999856948853,0.8650000095367432,0.8700000047683716,32100,0.0,0.0
2024-03-25 00:00:00-04:00,0.8799999952316284,0.9200000166893005,0.8659999966621399,0.9179999828338623,44300,0.0,0.0
2024-03-26 00:00:00-04:00,0.9200000166893005,0.949999988079071,0.9010000228881836,0.9380000233650208,35800,0.0,0.0
2024-03-27 00:00:00-04:00,0.9300000071525574,0.9300000071525574,0.9049999713897705,0.9100000262260437,34100,0.0,0.0
2024-03-28 00:00:00-04:00,0.9190000295639038,0.9300000071525574,0.8999999761581421,0.9079999923706055,35100,0.0,0.0
2024-04-01 00:00:00-04:00,0.949999988079071,0.949999988079071,0.9100000262260437,0.9480000138282776,36700,0.0,0.0
2024-04-02 00:00:00-04:00,0.9549999833106995,0.9549999833106995,0.9100000262260437,0.9399999976158142,35500,0.0,0.0
2024-04-03 00:00:00-04:00,0.949999988079071,0.9800000190734863,0.9300000071525574,0.9649999737739563,58300,0.0,0.0
2024-04-04 00:00:00-04:00,0.9750000238418579,1.350000023841858,0.9390000104904175,1.340000033378601,771700,0.0,0.0
2024-04-05 00:00:00-04:00,1.399999976158142,1.899999976158142,1.340000033378601,1.559999942779541,1523200,0.0,0.0
2024-04-08 00:00:00-04:00,1.5800000429153442,1.5800000429153442,1.2100000381469727,1.3200000524520874,459500,0.0,0.0
2024-04-09 00:00:00-04:00,1.350000023841858,1.3700000047683716,0.9800000190734863,1.0099999904632568,412500,0.0,0.0
2024-04-10 00:00:00-04:00,1.1100000143051147,1.1100000143051147,0.9800000190734863,1.0,68800,0.0,0.0
2024-04-11 00:00:00-04:00,1.0199999809265137,1.0499999523162842,0.9810000061988831,1.0199999809265137,24100,0.0,0.0
2024-04-12 00:00:00-04:00,1.0099999904632568,1.027999997138977,0.9700000286102295,0.9850000143051147,62500,0.0,0.0
2024-04-15 00:00:00-04:00,1.0099999904632568,1.0199999809265137,0.8899999856948853,0.9089999794960022,76600,0.0,0.0
2024-04-16 00:00:00-04:00,0.8999999761581421,0.9399999976158142,0.8899999856948853,0.902999997138977,44000,0.0,0.0
2024-04-17 00:00:00-04:00,0.8899999856948853,0.9300000071525574,0.8899999856948853,0.9150000214576721,25400,0.0,0.0
2024-04-18 00:00:00-04:00,0.9179999828338623,0.9599999785423279,0.8709999918937683,0.871999979019165,42500,0.0,0.0
2024-04-19 00:00:00-04:00,0.8709999918937683,0.8999999761581421,0.8610000014305115,0.8759999871253967,40300,0.0,0.0
2024-04-22 00:00:00-04:00,0.9049999713897705,0.9049999713897705,0.8619999885559082,0.8939999938011169,40000,0.0,0.0
2024-04-23 00:00:00-04:00,0.8889999985694885,0.9269999861717224,0.8700000047683716,0.8709999918937683,97000,0.0,0.0
2024-04-24 00:00:00-04:00,0.8600000143051147,0.9300000071525574,0.8600000143051147,0.8889999985694885,38600,0.0,0.0
2024-04-25 00:00:00-04:00,0.8999999761581421,0.9200000166893005,0.8600000143051147,0.8709999918937683,40100,0.0,0.0
2024-04-26 00:00:00-04:00,0.8999999761581421,0.9300000071525574,0.8809999823570251,0.9279999732971191,32400,0.0,0.0
2024-04-29 00:00:00-04:00,0.9300000071525574,0.9800000190734863,0.9100000262260437,0.949999988079071,58300,0.0,0.0
2024-04-30 00:00:00-04:00,0.9900000095367432,0.9900000095367432,0.9319999814033508,0.9900000095367432,34100,0.0,0.0
2024-05-01 00:00:00-04:00,0.9900000095367432,0.9900000095367432,0.9309999942779541,0.953000009059906,80500,0.0,0.0
2024-05-02 00:00:00-04:00,0.9449999928474426,0.9700000286102295,0.921999990940094,0.968999981880188,40100,0.0,0.0
2024-05-03 00:00:00-04:00,0.9900000095367432,0.9900000095367432,0.9399999976158142,0.9800000190734863,29500,0.0,0.0
2024-05-06 00:00:00-04:00,0.9800000190734863,1.0099999904632568,0.9409999847412109,0.9409999847412109,119500,0.0,0.0
2024-05-07 00:00:00-04:00,0.9409999847412109,0.9769999980926514,0.9240000247955322,0.9300000071525574,58800,0.0,0.0
2024-05-08 00:00:00-04:00,0.9300000071525574,0.9520000219345093,0.9200000166893005,0.9300000071525574,19000,0.0,0.0
2024-05-09 00:00:00-04:00,0.9300000071525574,0.9300000071525574,0.8600000143051147,0.8989999890327454,135600,0.0,0.0
2024-05-10 00:00:00-04:00,0.9200000166893005,0.9200000166893005,0.8899999856948853,0.8999999761581421,20100,0.0,0.0
2024-05-13 00:00:00-04:00,1.0399999618530273,1.0800000429153442,0.949999988079071,0.9800000190734863,4583300,0.0,0.0
2024-05-14 00:00:00-04:00,0.9700000286102295,1.159999966621399,0.9700000286102295,1.1200000047683716,633700,0.0,0.0
2024-05-15 00:00:00-04:00,1.090000033378601,1.2999999523162842,0.9309999942779541,1.0399999618530273,560200,0.0,0.0
2024-05-16 00:00:00-04:00,1.059999942779541,1.100000023841858,0.9800000190734863,1.0399999618530273,76500,0.0,0.0
2024-05-17 00:00:00-04:00,1.0199999809265137,1.0399999618530273,0.9800000190734863,1.0099999904632568,68800,0.0,0.0
2024-05-20 00:00:00-04:00,1.0299999713897705,1.0499999523162842,0.9900000095367432,1.0099999904632568,28200,0.0,0.0
2024-05-21 00:00:00-04:00,0.9959999918937683,1.0199999809265137,0.9810000061988831,0.9900000095367432,33800,0.0,0.0
2024-05-22 00:00:00-04:00,1.0099999904632568,1.0180000066757202,0.9409999847412109,1.0,87900,0.0,0.0
2024-05-23 00:00:00-04:00,0.9700000286102295,1.0199999809265137,0.9700000286102295,0.9850000143051147,92300,0.0,0.0
2024-05-24 00:00:00-04:00,0.9900000095367432,1.0199999809265137,0.949999988079071,0.9599999785423279,44800,0.0,0.0
2024-05-28 00:00:00-04:00,0.9599999785423279,0.9819999933242798,0.9300000071525574,0.9399999976158142,181900,0.0,0.0
2024-05-29 00:00:00-04:00,0.9399999976158142,0.9739999771118164,0.9300000071525574,0.968999981880188,13700,0.0,0.0
2024-05-30 00:00:00-04:00,0.9789999723434448,0.9829999804496765,0.9350000023841858,0.9599999785423279,22800,0.0,0.0
2024-05-31 00:00:00-04:00,0.9700000286102295,0.9850000143051147,0.9399999976158142,0.9700000286102295,32200,0.0,0.0
2024-06-03 00:00:00-04:00,0.9800000190734863,1.0199999809265137,0.8500000238418579,0.9950000047683716,162400,0.0,0.0
2024-06-04 00:00:00-04:00,0.9900000095367432,1.0,0.949999988079071,0.9950000047683716,46000,0.0,0.0
2024-06-05 00:00:00-04:00,0.9950000047683716,1.003000020980835,0.9629999995231628,1.0,51800,0.0,0.0
2024-06-06 00:00:00-04:00,0.9900000095367432,1.0,0.9610000252723694,0.9800000190734863,40800,0.0,0.0
2024-06-07 00:00:00-04:00,0.9599999785423279,0.9959999918937683,0.949999988079071,0.9639999866485596,46000,0.0,0.0
2024-06-10 00:00:00-04:00,1.0099999904632568,1.0099999904632568,0.9509999752044678,0.9520000219345093,36200,0.0,0.0
2024-06-11 00:00:00-04:00,0.9800000190734863,1.0,0.9509999752044678,0.9900000095367432,12600,0.0,0.0
2024-06-12 00:00:00-04:00,0.9900000095367432,1.0099999904632568,0.9509999752044678,0.9639999866485596,33100,0.0,0.0
2024-06-13 00:00:00-04:00,0.9610000252723694,0.9819999933242798,0.9570000171661377,0.9660000205039978,16400,0.0,0.0
2024-06-14 00:00:00-04:00,0.9700000286102295,0.9800000190734863,0.9020000100135803,0.9200000166893005,55800,0.0,0.0
2024-06-17 00:00:00-04:00,0.9100000262260437,0.9480000138282776,0.8999999761581421,0.9100000262260437,33000,0.0,0.0
2024-06-18 00:00:00-04:00,0.9100000262260437,0.9279999732971191,0.8769999742507935,0.8769999742507935,56300,0.0,0.0
2024-06-20 00:00:00-04:00,0.8799999952316284,0.8999999761581421,0.8700000047683716,0.8700000047683716,32200,0.0,0.0
2024-06-21 00:00:00-04:00,0.8899999856948853,0.9150000214576721,0.8700000047683716,0.9150000214576721,50300,0.0,0.0
2024-06-24 00:00:00-04:00,0.949999988079071,0.949999988079071,0.8700000047683716,0.8999999761581421,57900,0.0,0.0
2024-06-25 00:00:00-04:00,0.9100000262260437,0.9300000071525574,0.8899999856948853,0.8899999856948853,36000,0.0,0.0
2024-06-26 00:00:00-04:00,0.8899999856948853,0.925000011920929,0.8840000033378601,0.8899999856948853,21400,0.0,0.0
2024-06-27 00:00:00-04:00,0.8999999761581421,0.9300000071525574,0.8849999904632568,0.9300000071525574,30900,0.0,0.0
2024-06-28 00:00:00-04:00,0.9290000200271606,0.9490000009536743,0.9049999713897705,0.9490000009536743,38200,0.0,0.0
2024-07-01 00:00:00-04:00,0.949999988079071,0.949999988079071,0.8899999856948853,0.9160000085830688,32500,0.0,0.0
2024-07-02 00:00:00-04:00,0.9399999976158142,0.949999988079071,0.8849999904632568,0.8899999856948853,19900,0.0,0.0
2024-07-03 00:00:00-04:00,0.8899999856948853,0.9229999780654907,0.8899999856948853,0.9010000228881836,8600,0.0,0.0
2024-07-05 00:00:00-04:00,0.8899999856948853,0.9290000200271606,0.8849999904632568,0.9200000166893005,14500,0.0,0.0
2024-07-08 00:00:00-04:00,0.8999999761581421,0.9200000166893005,0.8700000047683716,0.8899999856948853,46400,0.0,0.0
2024-07-09 00:00:00-04:00,0.8899999856948853,0.9300000071525574,0.8500000238418579,0.890999972820282,74700,0.0,0.0
2024-07-10 00:00:00-04:00,0.8709999918937683,0.9200000166893005,0.8679999709129333,0.8700000047683716,37600,0.0,0.0
2024-07-11 00:00:00-04:00,0.9100000262260437,0.968999981880188,0.8309999704360962,0.968999981880188,256700,0.0,0.0
2024-07-12 00:00:00-04:00,0.9649999737739563,1.1299999952316284,0.9649999737739563,1.1200000047683716,230200,0.0,0.0
2024-07-15 00:00:00-04:00,1.1200000047683716,1.2300000190734863,1.100000023841858,1.1399999856948853,133700,0.0,0.0
2024-07-16 00:00:00-04:00,1.149999976158142,1.159999966621399,1.0,1.0399999618530273,145300,0.0,0.0
2024-07-17 00:00:00-04:00,1.0199999809265137,1.093999981880188,1.0199999809265137,1.0499999523162842,22500,0.0,0.0
2024-07-18 00:00:00-04:00,1.0399999618530273,1.059999942779541,0.953000009059906,0.9599999785423279,109000,0.0,0.0
2024-07-19 00:00:00-04:00,0.9800000190734863,1.2400000095367432,0.8500000238418579,0.8799999952316284,524000,0.0,0.0
2024-07-22 00:00:00-04:00,0.8700000047683716,0.9200000166893005,0.8700000047683716,0.8999999761581421,72400,0.0,0.0
2024-07-23 00:00:00-04:00,0.9100000262260437,0.9639999866485596,0.8799999952316284,0.906000018119812,69700,0.0,0.0
2024-07-24 00:00:00-04:00,0.8799999952316284,0.9599999785423279,0.8799999952316284,0.9100000262260437,23000,0.0,0.0
2024-07-25 00:00:00-04:00,1.0,1.0,0.9200000166893005,0.9300000071525574,87000,0.0,0.0
2024-07-26 00:00:00-04:00,0.949999988079071,0.949999988079071,0.8799999952316284,0.8980000019073486,49000,0.0,0.0
2024-07-29 00:00:00-04:00,0.9200000166893005,0.9660000205039978,0.8799999952316284,0.8899999856948853,18600,0.0,0.0
2024-07-30 00:00:00-04:00,0.8690000176429749,0.949999988079071,0.8690000176429749,0.9240000247955322,66500,0.0,0.0
2024-07-31 00:00:00-04:00,0.9160000085830688,0.9430000185966492,0.8999999761581421,0.9399999976158142,19100,0.0,0.0
2024-08-01 00:00:00-04:00,0.8999999761581421,0.9300000071525574,0.8709999918937683,0.8980000019073486,54900,0.0,0.0
2024-08-02 00:00:00-04:00,0.8709999918937683,0.8899999856948853,0.8500000238418579,0.8730000257492065,39500,0.0,0.0
2024-08-05 00:00:00-04:00,0.8700000047683716,0.8700000047683716,0.8100000023841858,0.8130000233650208,89300,0.0,0.0
2024-08-06 00:00:00-04:00,0.8399999737739563,0.8500000238418579,0.8100000023841858,0.8479999899864197,21200,0.0,0.0
2024-08-07 00:00:00-04:00,0.8299999833106995,0.8500000238418579,0.800000011920929,0.8389999866485596,40600,0.0,0.0
2024-08-08 00:00:00-04:00,0.8019999861717224,0.8489999771118164,0.8019999861717224,0.8100000023841858,13900,0.0,0.0
2024-08-09 00:00:00-04:00,0.8109999895095825,0.8109999895095825,0.7850000262260437,0.7900000214576721,47300,0.0,0.0
2024-08-12 00:00:00-04:00,0.800000011920929,0.8399999737739563,0.7799999713897705,0.8349999785423279,58900,0.0,0.0
2024-08-13 00:00:00-04:00,0.859000027179718,0.875,0.8100000023841858,0.8489999771118164,55400,0.0,0.0
2024-08-14 00:00:00-04:00,0.871999979019165,0.871999979019165,0.8199999928474426,0.8399999737739563,20100,0.0,0.0
2024-08-15 00:00:00-04:00,0.8500000238418579,0.8500000238418579,0.8100000023841858,0.8209999799728394,18100,0.0,0.0
2024-08-16 00:00:00-04:00,0.800000011920929,0.8500000238418579,0.800000011920929,0.8100000023841858,45200,0.0,0.0
2024-08-19 00:00:00-04:00,0.8399999737739563,0.8500000238418579,0.8100000023841858,0.8389999866485596,32900,0.0,0.0
2024-08-20 00:00:00-04:00,0.8190000057220459,0.8450000286102295,0.800000011920929,0.8299999833106995,14000,0.0,0.0
2024-08-21 00:00:00-04:00,0.8550000190734863,0.8550000190734863,0.8009999990463257,0.8389999866485596,23400,0.0,0.0
2024-08-22 00:00:00-04:00,0.8240000009536743,0.8240000009536743,0.800000011920929,0.8080000281333923,45400,0.0,0.0
2024-08-23 00:00:00-04:00,0.8199999928474426,0.8399999737739563,0.7900000214576721,0.8199999928474426,54100,0.0,0.0
2024-08-26 00:00:00-04:00,0.8199999928474426,0.8399999737739563,0.8009999990463257,0.8009999990463257,12300,0.0,0.0
2024-08-27 00:00:00-04:00,0.8009999990463257,0.8220000267028809,0.8009999990463257,0.8199999928474426,10200,0.0,0.0
2024-08-28 00:00:00-04:00,0.8199999928474426,0.8199999928474426,0.7900000214576721,0.7950000166893005,63100,0.0,0.0
2024-08-29 00:00:00-04:00,0.7910000085830688,0.8040000200271606,0.7900000214576721,0.7900000214576721,29400,0.0,0.0
2024-08-30 00:00:00-04:00,0.7900000214576721,0.8100000023841858,0.7900000214576721,0.8100000023841858,26800,0.0,0.0
