Date,Open,High,Low,Close,Volume,Dividends,Stock Splits,Capital Gains
2005-09-30 00:00:00+08:00,0.20000000298023224,0.25999999046325684,0.20000000298023224,0.25999999046325684,5,0.0,0.0,0.0
2005-10-03 00:00:00+08:00,0.25999999046325684,0.25999999046325684,0.25999999046325684,0.25999999046325684,0,0.0,0.0,0.0
2005-10-04 00:00:00+08:00,0.25999999046325684,0.25999999046325684,0.25999999046325684,0.25999999046325684,0,0.0,0.0,0.0
2005-10-05 00:00:00+08:00,0.25999999046325684,0.25999999046325684,0.25999999046325684,0.25999999046325684,0,0.0,0.0,0.0
2005-10-06 00:00:00+08:00,0.25999999046325684,0.25999999046325684,0.25999999046325684,0.25999999046325684,0,0.0,0.0,0.0
2005-10-07 00:00:00+08:00,0.25999999046325684,0.25999999046325684,0.25999999046325684,0.25999999046325684,0,0.0,0.0,0.0
2005-10-10 00:00:00+08:00,0.25999999046325684,0.25999999046325684,0.25999999046325684,0.25999999046325684,0,0.0,0.0,0.0
2005-10-11 00:00:00+08:00,0.25999999046325684,0.25999999046325684,0.25999999046325684,0.25999999046325684,0,0.0,0.0,0.0
2005-10-12 00:00:00+08:00,0.25999999046325684,0.25999999046325684,0.25999999046325684,0.25999999046325684,0,0.0,0.0,0.0
2005-10-13 00:00:00+08:00,0.25999999046325684,0.25999999046325684,0.25999999046325684,0.25999999046325684,0,0.0,0.0,0.0
2005-10-14 00:00:00+08:00,0.25999999046325684,0.25999999046325684,0.25999999046325684,0.25999999046325684,0,0.0,0.0,0.0
2005-10-17 00:00:00+08:00,0.1599999964237213,0.1599999964237213,0.1599999964237213,0.1599999964237213,13,0.0,0.0,0.0
2005-10-18 00:00:00+08:00,0.1599999964237213,0.1599999964237213,0.1599999964237213,0.1599999964237213,0,0.0,0.0,0.0
2005-10-19 00:00:00+08:00,0.18000000715255737,0.18000000715255737,0.1599999964237213,0.18000000715255737,1,0.0,0.0,0.0
2005-10-20 00:00:00+08:00,0.18000000715255737,0.18000000715255737,0.18000000715255737,0.18000000715255737,0,0.0,0.0,0.0
2005-10-21 00:00:00+08:00,0.18000000715255737,0.18000000715255737,0.18000000715255737,0.18000000715255737,0,0.0,0.0,0.0
2005-10-24 00:00:00+08:00,0.18000000715255737,0.18000000715255737,0.18000000715255737,0.18000000715255737,0,0.0,0.0,0.0
2005-10-25 00:00:00+08:00,0.18000000715255737,0.18000000715255737,0.18000000715255737,0.18000000715255737,0,0.0,0.0,0.0
2005-10-26 00:00:00+08:00,0.18000000715255737,0.18000000715255737,0.18000000715255737,0.18000000715255737,0,0.0,0.0,0.0
2005-10-27 00:00:00+08:00,0.18000000715255737,0.18000000715255737,0.18000000715255737,0.18000000715255737,0,0.0,0.0,0.0
2005-10-28 00:00:00+08:00,0.18000000715255737,0.20000000298023224,0.1599999964237213,0.18000000715255737,9,0.0,0.0,0.0
2005-10-31 00:00:00+08:00,0.18000000715255737,0.18000000715255737,0.18000000715255737,0.18000000715255737,0,0.0,0.0,0.0
2005-11-02 00:00:00+08:00,0.1599999964237213,0.20000000298023224,0.1599999964237213,0.20000000298023224,13,0.0,0.0,0.0
2005-11-04 00:00:00+08:00,0.20000000298023224,0.20000000298023224,0.20000000298023224,0.20000000298023224,0,0.0,0.0,0.0
2005-11-07 00:00:00+08:00,0.20000000298023224,0.20000000298023224,0.20000000298023224,0.20000000298023224,0,0.0,0.0,0.0
2005-11-08 00:00:00+08:00,0.20000000298023224,0.20000000298023224,0.20000000298023224,0.20000000298023224,0,0.0,0.0,0.0
2005-11-09 00:00:00+08:00,0.20000000298023224,0.20000000298023224,0.20000000298023224,0.20000000298023224,0,0.0,0.0,0.0
2005-11-10 00:00:00+08:00,0.20000000298023224,0.20000000298023224,0.20000000298023224,0.20000000298023224,0,0.0,0.0,0.0
2005-11-11 00:00:00+08:00,0.20000000298023224,0.20000000298023224,0.20000000298023224,0.20000000298023224,1,0.0,0.0,0.0
2005-11-14 00:00:00+08:00,0.2199999988079071,0.23999999463558197,0.2199999988079071,0.23999999463558197,6,0.0,0.0,0.0
2005-11-15 00:00:00+08:00,0.23999999463558197,0.23999999463558197,0.23999999463558197,0.23999999463558197,0,0.0,0.0,0.0
2005-11-16 00:00:00+08:00,0.23999999463558197,0.23999999463558197,0.23999999463558197,0.23999999463558197,0,0.0,0.0,0.0
2005-11-17 00:00:00+08:00,0.23999999463558197,0.23999999463558197,0.23999999463558197,0.23999999463558197,0,0.0,0.0,0.0
2005-11-18 00:00:00+08:00,0.18000000715255737,0.18000000715255737,0.14000000059604645,0.14000000059604645,46,0.0,0.0,0.0
2005-11-21 00:00:00+08:00,0.14000000059604645,0.14000000059604645,0.14000000059604645,0.14000000059604645,0,0.0,0.0,0.0
2005-11-22 00:00:00+08:00,0.14000000059604645,0.14000000059604645,0.14000000059604645,0.14000000059604645,25,0.0,0.0,0.0
2005-11-23 00:00:00+08:00,0.14000000059604645,0.1599999964237213,0.14000000059604645,0.14000000059604645,5,0.0,0.0,0.0
2005-11-24 00:00:00+08:00,0.14000000059604645,0.1599999964237213,0.11999999731779099,0.14000000059604645,34,0.0,0.0,0.0
2005-11-25 00:00:00+08:00,0.1599999964237213,0.1599999964237213,0.11999999731779099,0.11999999731779099,0,0.0,0.0,0.0
2005-11-28 00:00:00+08:00,0.14000000059604645,0.1599999964237213,0.14000000059604645,0.1599999964237213,10,0.0,0.0,0.0
2005-11-29 00:00:00+08:00,0.1599999964237213,0.20000000298023224,0.11999999731779099,0.1599999964237213,16,0.0,0.0,0.0
2005-11-30 00:00:00+08:00,0.2199999988079071,0.23999999463558197,0.11999999731779099,0.2199999988079071,22,0.0,0.0,0.0
2005-12-01 00:00:00+08:00,0.1599999964237213,0.18000000715255737,0.1599999964237213,0.18000000715255737,17,0.0,0.0,0.0
2005-12-02 00:00:00+08:00,0.20000000298023224,0.20000000298023224,0.20000000298023224,0.20000000298023224,0,0.0,0.0,0.0
2005-12-05 00:00:00+08:00,0.20000000298023224,0.20000000298023224,0.20000000298023224,0.20000000298023224,0,0.0,0.0,0.0
2005-12-06 00:00:00+08:00,0.20000000298023224,0.20000000298023224,0.20000000298023224,0.20000000298023224,0,0.0,0.0,0.0
2005-12-07 00:00:00+08:00,0.20000000298023224,0.20000000298023224,0.20000000298023224,0.20000000298023224,0,0.0,0.0,0.0
2005-12-08 00:00:00+08:00,0.20000000298023224,0.20000000298023224,0.20000000298023224,0.20000000298023224,0,0.0,0.0,0.0
2005-12-09 00:00:00+08:00,0.20000000298023224,0.20000000298023224,0.20000000298023224,0.20000000298023224,0,0.0,0.0,0.0
2005-12-12 00:00:00+08:00,0.20000000298023224,0.20000000298023224,0.20000000298023224,0.20000000298023224,0,0.0,0.0,0.0
2005-12-13 00:00:00+08:00,0.1599999964237213,0.1599999964237213,0.1599999964237213,0.1599999964237213,2,0.0,0.0,0.0
2005-12-14 00:00:00+08:00,0.20000000298023224,0.20000000298023224,0.20000000298023224,0.20000000298023224,0,0.0,0.0,0.0
2005-12-15 00:00:00+08:00,0.14000000059604645,0.20000000298023224,0.14000000059604645,0.20000000298023224,25,0.0,0.0,0.0
2005-12-16 00:00:00+08:00,0.14000000059604645,0.14000000059604645,0.14000000059604645,0.14000000059604645,0,0.0,0.0,0.0
2005-12-19 00:00:00+08:00,0.1599999964237213,0.1599999964237213,0.14000000059604645,0.1599999964237213,1,0.0,0.0,0.0
2005-12-20 00:00:00+08:00,0.1599999964237213,0.1599999964237213,0.1599999964237213,0.1599999964237213,0,0.0,0.0,0.0
2005-12-21 00:00:00+08:00,0.14000000059604645,0.18000000715255737,0.14000000059604645,0.18000000715255737,14,0.0,0.0,0.0
2005-12-22 00:00:00+08:00,0.18000000715255737,0.18000000715255737,0.18000000715255737,0.18000000715255737,0,0.0,0.0,0.0
2005-12-23 00:00:00+08:00,0.18000000715255737,0.18000000715255737,0.18000000715255737,0.18000000715255737,0,0.0,0.0,0.0
2005-12-27 00:00:00+08:00,0.18000000715255737,0.18000000715255737,0.18000000715255737,0.18000000715255737,0,0.0,0.0,0.0
2005-12-28 00:00:00+08:00,0.18000000715255737,0.18000000715255737,0.18000000715255737,0.18000000715255737,0,0.0,0.0,0.0
2005-12-29 00:00:00+08:00,0.18000000715255737,0.18000000715255737,0.18000000715255737,0.18000000715255737,0,0.0,0.0,0.0
2005-12-30 00:00:00+08:00,0.18000000715255737,0.18000000715255737,0.18000000715255737,0.18000000715255737,0,0.0,0.0,0.0
2006-01-03 00:00:00+08:00,0.18000000715255737,0.18000000715255737,0.18000000715255737,0.18000000715255737,0,0.0,0.0,0.0
2006-01-04 00:00:00+08:00,0.1599999964237213,0.18000000715255737,0.14000000059604645,0.18000000715255737,29,0.0,0.0,0.0
2006-01-05 00:00:00+08:00,0.18000000715255737,0.18000000715255737,0.18000000715255737,0.18000000715255737,0,0.0,0.0,0.0
2006-01-06 00:00:00+08:00,0.18000000715255737,0.18000000715255737,0.18000000715255737,0.18000000715255737,0,0.0,0.0,0.0
2006-01-09 00:00:00+08:00,0.18000000715255737,0.18000000715255737,0.18000000715255737,0.18000000715255737,0,0.0,0.0,0.0
2006-01-10 00:00:00+08:00,0.18000000715255737,0.18000000715255737,0.18000000715255737,0.18000000715255737,0,0.0,0.0,0.0
2006-01-11 00:00:00+08:00,0.14000000059604645,0.1599999964237213,0.14000000059604645,0.1599999964237213,1,0.0,0.0,0.0
2006-01-12 00:00:00+08:00,0.1599999964237213,0.18000000715255737,0.14000000059604645,0.18000000715255737,13,0.0,0.0,0.0
2006-01-13 00:00:00+08:00,0.18000000715255737,0.18000000715255737,0.18000000715255737,0.18000000715255737,0,0.0,0.0,0.0
2006-01-16 00:00:00+08:00,0.18000000715255737,0.18000000715255737,0.18000000715255737,0.18000000715255737,0,0.0,0.0,0.0
2006-01-17 00:00:00+08:00,0.18000000715255737,0.18000000715255737,0.18000000715255737,0.18000000715255737,0,0.0,0.0,0.0
2006-01-18 00:00:00+08:00,0.18000000715255737,0.18000000715255737,0.18000000715255737,0.18000000715255737,0,0.0,0.0,0.0
2006-01-19 00:00:00+08:00,0.18000000715255737,0.18000000715255737,0.18000000715255737,0.18000000715255737,0,0.0,0.0,0.0
2006-01-20 00:00:00+08:00,0.18000000715255737,0.18000000715255737,0.18000000715255737,0.18000000715255737,0,0.0,0.0,0.0
2006-01-23 00:00:00+08:00,0.1599999964237213,0.18000000715255737,0.1599999964237213,0.18000000715255737,77,0.0,0.0,0.0
2006-01-24 00:00:00+08:00,0.18000000715255737,0.18000000715255737,0.18000000715255737,0.18000000715255737,0,0.0,0.0,0.0
2006-01-25 00:00:00+08:00,0.18000000715255737,0.18000000715255737,0.18000000715255737,0.18000000715255737,0,0.0,0.0,0.0
2006-01-26 00:00:00+08:00,0.14000000059604645,0.18000000715255737,0.14000000059604645,0.18000000715255737,3,0.0,0.0,0.0
2006-01-27 00:00:00+08:00,0.20000000298023224,0.20000000298023224,0.20000000298023224,0.20000000298023224,1,0.0,0.0,0.0
2006-01-30 00:00:00+08:00,0.20000000298023224,0.20000000298023224,0.20000000298023224,0.20000000298023224,0,0.0,0.0,0.0
2006-01-31 00:00:00+08:00,0.20000000298023224,0.20000000298023224,0.20000000298023224,0.20000000298023224,0,0.0,0.0,0.0
2006-02-01 00:00:00+08:00,0.20000000298023224,0.20000000298023224,0.20000000298023224,0.20000000298023224,0,0.0,0.0,0.0
2006-02-02 00:00:00+08:00,0.20000000298023224,0.20000000298023224,0.20000000298023224,0.20000000298023224,0,0.0,0.0,0.0
2006-02-03 00:00:00+08:00,0.20000000298023224,0.20000000298023224,0.20000000298023224,0.20000000298023224,0,0.0,0.0,0.0
2006-02-06 00:00:00+08:00,0.20000000298023224,0.20000000298023224,0.20000000298023224,0.20000000298023224,0,0.0,0.0,0.0
2006-02-07 00:00:00+08:00,0.20000000298023224,0.20000000298023224,0.20000000298023224,0.20000000298023224,0,0.0,0.0,0.0
2006-02-08 00:00:00+08:00,0.20000000298023224,0.20000000298023224,0.20000000298023224,0.20000000298023224,0,0.0,0.0,0.0
2006-02-09 00:00:00+08:00,0.20000000298023224,0.20000000298023224,0.20000000298023224,0.20000000298023224,0,0.0,0.0,0.0
2006-02-10 00:00:00+08:00,0.20000000298023224,0.20000000298023224,0.20000000298023224,0.20000000298023224,0,0.0,0.0,0.0
2006-02-13 00:00:00+08:00,0.20000000298023224,0.20000000298023224,0.20000000298023224,0.20000000298023224,0,0.0,0.0,0.0
2006-02-14 00:00:00+08:00,0.20000000298023224,0.20000000298023224,0.20000000298023224,0.20000000298023224,0,0.0,0.0,0.0
2006-02-15 00:00:00+08:00,0.20000000298023224,0.20000000298023224,0.20000000298023224,0.20000000298023224,0,0.0,0.0,0.0
2006-02-16 00:00:00+08:00,0.20000000298023224,0.20000000298023224,0.20000000298023224,0.20000000298023224,0,0.0,0.0,0.0
2006-02-17 00:00:00+08:00,0.20000000298023224,0.20000000298023224,0.20000000298023224,0.20000000298023224,0,0.0,0.0,0.0
2006-02-20 00:00:00+08:00,0.20000000298023224,0.20000000298023224,0.20000000298023224,0.20000000298023224,0,0.0,0.0,0.0
2006-02-21 00:00:00+08:00,0.20000000298023224,0.20000000298023224,0.20000000298023224,0.20000000298023224,0,0.0,0.0,0.0
2006-02-22 00:00:00+08:00,0.20000000298023224,0.20000000298023224,0.20000000298023224,0.20000000298023224,0,0.0,0.0,0.0
2006-02-23 00:00:00+08:00,0.20000000298023224,0.20000000298023224,0.20000000298023224,0.20000000298023224,0,0.0,0.0,0.0
2006-02-24 00:00:00+08:00,0.20000000298023224,0.20000000298023224,0.20000000298023224,0.20000000298023224,0,0.0,0.0,0.0
2006-02-27 00:00:00+08:00,0.20000000298023224,0.20000000298023224,0.20000000298023224,0.20000000298023224,0,0.0,0.0,0.0
2006-02-28 00:00:00+08:00,0.20000000298023224,0.20000000298023224,0.20000000298023224,0.20000000298023224,0,0.0,0.0,0.0
2006-03-01 00:00:00+08:00,0.20000000298023224,0.20000000298023224,0.20000000298023224,0.20000000298023224,0,0.0,0.0,0.0
2006-03-02 00:00:00+08:00,0.20000000298023224,0.20000000298023224,0.20000000298023224,0.20000000298023224,0,0.0,0.0,0.0
2006-03-03 00:00:00+08:00,0.20000000298023224,0.20000000298023224,0.20000000298023224,0.20000000298023224,0,0.0,0.0,0.0
2006-03-06 00:00:00+08:00,0.20000000298023224,0.20000000298023224,0.20000000298023224,0.20000000298023224,0,0.0,0.0,0.0
2006-03-07 00:00:00+08:00,0.20000000298023224,0.20000000298023224,0.20000000298023224,0.20000000298023224,0,0.0,0.0,0.0
2006-03-08 00:00:00+08:00,0.20000000298023224,0.20000000298023224,0.20000000298023224,0.20000000298023224,0,0.0,0.0,0.0
2006-03-09 00:00:00+08:00,0.1599999964237213,0.1599999964237213,0.1599999964237213,0.1599999964237213,25,0.0,0.0,0.0
2006-03-10 00:00:00+08:00,0.1599999964237213,0.1599999964237213,0.1599999964237213,0.1599999964237213,0,0.0,0.0,0.0
2006-03-13 00:00:00+08:00,0.14000000059604645,0.18000000715255737,0.14000000059604645,0.18000000715255737,8,0.0,0.0,0.0
2006-03-14 00:00:00+08:00,0.18000000715255737,0.18000000715255737,0.18000000715255737,0.18000000715255737,0,0.0,0.0,0.0
2006-03-15 00:00:00+08:00,0.18000000715255737,0.18000000715255737,0.18000000715255737,0.18000000715255737,0,0.0,0.0,0.0
2006-03-16 00:00:00+08:00,0.18000000715255737,0.18000000715255737,0.18000000715255737,0.18000000715255737,0,0.0,0.0,0.0
2006-03-17 00:00:00+08:00,0.18000000715255737,0.18000000715255737,0.18000000715255737,0.18000000715255737,0,0.0,0.0,0.0
2006-03-20 00:00:00+08:00,0.14000000059604645,0.1599999964237213,0.14000000059604645,0.1599999964237213,2,0.0,0.0,0.0
2006-03-21 00:00:00+08:00,0.1599999964237213,0.20000000298023224,0.1599999964237213,0.20000000298023224,85,0.0,0.0,0.0
2006-03-22 00:00:00+08:00,0.20000000298023224,0.20000000298023224,0.20000000298023224,0.20000000298023224,0,0.0,0.0,0.0
2006-03-23 00:00:00+08:00,0.20000000298023224,0.20000000298023224,0.20000000298023224,0.20000000298023224,0,0.0,0.0,0.0
2006-03-24 00:00:00+08:00,0.20000000298023224,0.20000000298023224,0.20000000298023224,0.20000000298023224,0,0.0,0.0,0.0
2006-03-27 00:00:00+08:00,0.20000000298023224,0.20000000298023224,0.20000000298023224,0.20000000298023224,0,0.0,0.0,0.0
2006-03-28 00:00:00+08:00,0.20000000298023224,0.20000000298023224,0.20000000298023224,0.20000000298023224,0,0.0,0.0,0.0
2006-03-29 00:00:00+08:00,0.20000000298023224,0.20000000298023224,0.20000000298023224,0.20000000298023224,0,0.0,0.0,0.0
2006-03-30 00:00:00+08:00,0.20000000298023224,0.20000000298023224,0.20000000298023224,0.20000000298023224,0,0.0,0.0,0.0
2006-03-31 00:00:00+08:00,0.20000000298023224,0.20000000298023224,0.20000000298023224,0.20000000298023224,0,0.0,0.0,0.0
2006-04-03 00:00:00+08:00,0.20000000298023224,0.20000000298023224,0.20000000298023224,0.20000000298023224,0,0.0,0.0,0.0
2006-04-04 00:00:00+08:00,0.20000000298023224,0.20000000298023224,0.20000000298023224,0.20000000298023224,0,0.0,0.0,0.0
2006-04-05 00:00:00+08:00,0.20000000298023224,0.20000000298023224,0.20000000298023224,0.20000000298023224,0,0.0,0.0,0.0
2006-04-06 00:00:00+08:00,0.20000000298023224,0.20000000298023224,0.20000000298023224,0.20000000298023224,0,0.0,0.0,0.0
2006-04-07 00:00:00+08:00,0.18000000715255737,0.20000000298023224,0.18000000715255737,0.20000000298023224,5,0.0,0.0,0.0
2006-04-10 00:00:00+08:00,0.20000000298023224,0.20000000298023224,0.20000000298023224,0.20000000298023224,0,0.0,0.0,0.0
2006-04-11 00:00:00+08:00,0.20000000298023224,0.20000000298023224,0.20000000298023224,0.20000000298023224,0,0.0,0.0,0.0
2006-04-12 00:00:00+08:00,0.20000000298023224,0.20000000298023224,0.20000000298023224,0.20000000298023224,0,0.0,0.0,0.0
2006-04-13 00:00:00+08:00,0.1599999964237213,0.1599999964237213,0.14000000059604645,0.14000000059604645,20,0.0,0.0,0.0
2006-04-14 00:00:00+08:00,0.14000000059604645,0.14000000059604645,0.14000000059604645,0.14000000059604645,0,0.0,0.0,0.0
2006-04-17 00:00:00+08:00,0.18000000715255737,0.18000000715255737,0.1599999964237213,0.1599999964237213,7,0.0,0.0,0.0
2006-04-18 00:00:00+08:00,0.18000000715255737,0.18000000715255737,0.1599999964237213,0.1599999964237213,17,0.0,0.0,0.0
2006-04-19 00:00:00+08:00,0.18000000715255737,0.18000000715255737,0.18000000715255737,0.18000000715255737,25,0.0,0.0,0.0
2006-04-20 00:00:00+08:00,0.20000000298023224,0.20000000298023224,0.20000000298023224,0.20000000298023224,0,0.0,0.0,0.0
2006-04-21 00:00:00+08:00,0.23999999463558197,0.23999999463558197,0.23999999463558197,0.23999999463558197,0,0.0,0.0,0.0
2006-04-24 00:00:00+08:00,0.23999999463558197,0.23999999463558197,0.23999999463558197,0.23999999463558197,0,0.0,0.0,0.0
2006-04-25 00:00:00+08:00,0.23999999463558197,0.23999999463558197,0.23999999463558197,0.23999999463558197,0,0.0,0.0,0.0
2006-04-26 00:00:00+08:00,0.23999999463558197,0.23999999463558197,0.23999999463558197,0.23999999463558197,0,0.0,0.0,0.0
2006-04-27 00:00:00+08:00,0.23999999463558197,0.23999999463558197,0.23999999463558197,0.23999999463558197,0,0.0,0.0,0.0
2006-04-28 00:00:00+08:00,0.20000000298023224,0.20000000298023224,0.20000000298023224,0.20000000298023224,50,0.0,0.0,0.0
2006-05-01 00:00:00+08:00,0.20000000298023224,0.20000000298023224,0.20000000298023224,0.20000000298023224,0,0.0,0.0,0.0
2006-05-02 00:00:00+08:00,0.20000000298023224,0.20000000298023224,0.20000000298023224,0.20000000298023224,0,0.0,0.0,0.0
2006-05-03 00:00:00+08:00,0.20000000298023224,0.20000000298023224,0.20000000298023224,0.20000000298023224,0,0.0,0.0,0.0
2006-05-04 00:00:00+08:00,0.20000000298023224,0.20000000298023224,0.18000000715255737,0.18000000715255737,118,0.0,0.0,0.0
2006-05-05 00:00:00+08:00,0.18000000715255737,0.18000000715255737,0.18000000715255737,0.18000000715255737,25,0.0,0.0,0.0
2006-05-08 00:00:00+08:00,0.18000000715255737,0.18000000715255737,0.18000000715255737,0.18000000715255737,75,0.0,0.0,0.0
2006-05-09 00:00:00+08:00,0.18000000715255737,0.18000000715255737,0.18000000715255737,0.18000000715255737,12,0.0,0.0,0.0
2006-05-10 00:00:00+08:00,0.18000000715255737,0.18000000715255737,0.18000000715255737,0.18000000715255737,0,0.0,0.0,0.0
2006-05-11 00:00:00+08:00,0.18000000715255737,0.18000000715255737,0.18000000715255737,0.18000000715255737,0,0.0,0.0,0.0
2006-05-12 00:00:00+08:00,0.18000000715255737,0.18000000715255737,0.18000000715255737,0.18000000715255737,0,0.0,0.0,0.0
2006-05-15 00:00:00+08:00,0.18000000715255737,0.18000000715255737,0.18000000715255737,0.18000000715255737,0,0.0,0.0,0.0
2006-05-16 00:00:00+08:00,0.18000000715255737,0.18000000715255737,0.18000000715255737,0.18000000715255737,0,0.0,0.0,0.0
2006-05-17 00:00:00+08:00,0.18000000715255737,0.18000000715255737,0.18000000715255737,0.18000000715255737,0,0.0,0.0,0.0
2006-05-18 00:00:00+08:00,0.18000000715255737,0.18000000715255737,0.18000000715255737,0.18000000715255737,0,0.0,0.0,0.0
2006-05-19 00:00:00+08:00,0.18000000715255737,0.18000000715255737,0.18000000715255737,0.18000000715255737,0,0.0,0.0,0.0
2006-05-22 00:00:00+08:00,0.18000000715255737,0.18000000715255737,0.18000000715255737,0.18000000715255737,21,0.0,0.0,0.0
2006-05-23 00:00:00+08:00,0.18000000715255737,0.18000000715255737,0.18000000715255737,0.18000000715255737,0,0.0,0.0,0.0
2006-05-24 00:00:00+08:00,0.18000000715255737,0.18000000715255737,0.18000000715255737,0.18000000715255737,0,0.0,0.0,0.0
2006-05-25 00:00:00+08:00,0.18000000715255737,0.18000000715255737,0.18000000715255737,0.18000000715255737,0,0.0,0.0,0.0
2006-05-26 00:00:00+08:00,0.1599999964237213,0.1599999964237213,0.1599999964237213,0.1599999964237213,1,0.0,0.0,0.0
2006-05-29 00:00:00+08:00,0.1599999964237213,0.1599999964237213,0.1599999964237213,0.1599999964237213,0,0.0,0.0,0.0
2006-05-30 00:00:00+08:00,0.1599999964237213,0.1599999964237213,0.1599999964237213,0.1599999964237213,0,0.0,0.0,0.0
2006-05-31 00:00:00+08:00,0.1599999964237213,0.1599999964237213,0.1599999964237213,0.1599999964237213,0,0.0,0.0,0.0
2006-06-01 00:00:00+08:00,0.1599999964237213,0.1599999964237213,0.1599999964237213,0.1599999964237213,0,0.0,0.0,0.0
2006-06-02 00:00:00+08:00,0.1599999964237213,0.1599999964237213,0.1599999964237213,0.1599999964237213,0,0.0,0.0,0.0
2006-06-05 00:00:00+08:00,0.1599999964237213,0.20000000298023224,0.1599999964237213,0.20000000298023224,19,0.0,0.0,0.0
2006-06-06 00:00:00+08:00,0.20000000298023224,0.20000000298023224,0.20000000298023224,0.20000000298023224,0,0.0,0.0,0.0
2006-06-07 00:00:00+08:00,0.20000000298023224,0.20000000298023224,0.20000000298023224,0.20000000298023224,0,0.0,0.0,0.0
2006-06-08 00:00:00+08:00,0.20000000298023224,0.20000000298023224,0.20000000298023224,0.20000000298023224,0,0.0,0.0,0.0
2006-06-09 00:00:00+08:00,0.14000000059604645,0.14000000059604645,0.14000000059604645,0.14000000059604645,1,0.0,0.0,0.0
2006-06-12 00:00:00+08:00,0.1599999964237213,0.1599999964237213,0.1599999964237213,0.1599999964237213,11,0.0,0.0,0.0
2006-06-13 00:00:00+08:00,0.1599999964237213,0.1599999964237213,0.1599999964237213,0.1599999964237213,0,0.0,0.0,0.0
2006-06-14 00:00:00+08:00,0.1599999964237213,0.1599999964237213,0.1599999964237213,0.1599999964237213,0,0.0,0.0,0.0
2006-06-15 00:00:00+08:00,0.1599999964237213,0.1599999964237213,0.1599999964237213,0.1599999964237213,0,0.0,0.0,0.0
2006-06-16 00:00:00+08:00,0.1599999964237213,0.1599999964237213,0.1599999964237213,0.1599999964237213,0,0.0,0.0,0.0
2006-06-19 00:00:00+08:00,0.1599999964237213,0.1599999964237213,0.1599999964237213,0.1599999964237213,0,0.0,0.0,0.0
2006-06-20 00:00:00+08:00,0.1599999964237213,0.1599999964237213,0.1599999964237213,0.1599999964237213,0,0.0,0.0,0.0
2006-06-21 00:00:00+08:00,0.1599999964237213,0.1599999964237213,0.1599999964237213,0.1599999964237213,0,0.0,0.0,0.0
2006-06-22 00:00:00+08:00,0.1599999964237213,0.1599999964237213,0.1599999964237213,0.1599999964237213,0,0.0,0.0,0.0
2006-06-23 00:00:00+08:00,0.1599999964237213,0.1599999964237213,0.1599999964237213,0.1599999964237213,0,0.0,0.0,0.0
2006-06-26 00:00:00+08:00,0.18000000715255737,0.18000000715255737,0.18000000715255737,0.18000000715255737,1,0.0,0.0,0.0
2006-06-27 00:00:00+08:00,0.18000000715255737,0.18000000715255737,0.18000000715255737,0.18000000715255737,0,0.0,0.0,0.0
2006-06-28 00:00:00+08:00,0.14000000059604645,0.14000000059604645,0.14000000059604645,0.14000000059604645,25,0.0,0.0,0.0
2006-06-29 00:00:00+08:00,0.14000000059604645,0.14000000059604645,0.14000000059604645,0.14000000059604645,0,0.0,0.0,0.0
2006-06-30 00:00:00+08:00,0.1599999964237213,0.1599999964237213,0.1599999964237213,0.1599999964237213,10,0.0,0.0,0.0
2006-07-03 00:00:00+08:00,0.14000000059604645,0.14000000059604645,0.14000000059604645,0.14000000059604645,0,0.0,0.0,0.0
2006-07-04 00:00:00+08:00,0.1599999964237213,0.1599999964237213,0.14000000059604645,0.1599999964237213,16,0.0,0.0,0.0
2006-07-05 00:00:00+08:00,0.1599999964237213,0.18000000715255737,0.1599999964237213,0.18000000715255737,13,0.0,0.0,0.0
2006-07-06 00:00:00+08:00,0.18000000715255737,0.18000000715255737,0.18000000715255737,0.18000000715255737,0,0.0,0.0,0.0
2006-07-07 00:00:00+08:00,0.18000000715255737,0.18000000715255737,0.18000000715255737,0.18000000715255737,0,0.0,0.0,0.0
2006-07-10 00:00:00+08:00,0.18000000715255737,0.18000000715255737,0.18000000715255737,0.18000000715255737,0,0.0,0.0,0.0
2006-07-11 00:00:00+08:00,0.18000000715255737,0.18000000715255737,0.18000000715255737,0.18000000715255737,0,0.0,0.0,0.0
2006-07-12 00:00:00+08:00,0.18000000715255737,0.18000000715255737,0.18000000715255737,0.18000000715255737,0,0.0,0.0,0.0
2006-07-13 00:00:00+08:00,0.18000000715255737,0.18000000715255737,0.18000000715255737,0.18000000715255737,0,0.0,0.0,0.0
2006-07-14 00:00:00+08:00,0.18000000715255737,0.18000000715255737,0.18000000715255737,0.18000000715255737,0,0.0,0.0,0.0
2006-07-17 00:00:00+08:00,0.14000000059604645,0.20000000298023224,0.14000000059604645,0.20000000298023224,6,0.0,0.0,0.0
2006-07-18 00:00:00+08:00,0.20000000298023224,0.20000000298023224,0.20000000298023224,0.20000000298023224,0,0.0,0.0,0.0
2006-07-19 00:00:00+08:00,0.20000000298023224,0.20000000298023224,0.20000000298023224,0.20000000298023224,0,0.0,0.0,0.0
2006-07-20 00:00:00+08:00,0.20000000298023224,0.20000000298023224,0.20000000298023224,0.20000000298023224,0,0.0,0.0,0.0
2006-07-21 00:00:00+08:00,0.14000000059604645,0.1599999964237213,0.14000000059604645,0.1599999964237213,27,0.0,0.0,0.0
2006-07-24 00:00:00+08:00,0.1599999964237213,0.1599999964237213,0.1599999964237213,0.1599999964237213,10,0.0,0.0,0.0
2006-07-25 00:00:00+08:00,0.1599999964237213,0.1599999964237213,0.1599999964237213,0.1599999964237213,0,0.0,0.0,0.0
2006-07-26 00:00:00+08:00,0.1599999964237213,0.1599999964237213,0.1599999964237213,0.1599999964237213,0,0.0,0.0,0.0
2006-07-27 00:00:00+08:00,0.1599999964237213,0.1599999964237213,0.1599999964237213,0.1599999964237213,0,0.0,0.0,0.0
2006-07-28 00:00:00+08:00,0.1599999964237213,0.1599999964237213,0.1599999964237213,0.1599999964237213,0,0.0,0.0,0.0
2006-07-31 00:00:00+08:00,0.1599999964237213,0.1599999964237213,0.1599999964237213,0.1599999964237213,0,0.0,0.0,0.0
2006-08-01 00:00:00+08:00,0.1599999964237213,0.1599999964237213,0.1599999964237213,0.1599999964237213,0,0.0,0.0,0.0
2006-08-02 00:00:00+08:00,0.1599999964237213,0.1599999964237213,0.1599999964237213,0.1599999964237213,0,0.0,0.0,0.0
2006-08-03 00:00:00+08:00,0.1599999964237213,0.1599999964237213,0.1599999964237213,0.1599999964237213,0,0.0,0.0,0.0
2006-08-04 00:00:00+08:00,0.1599999964237213,0.1599999964237213,0.1599999964237213,0.1599999964237213,0,0.0,0.0,0.0
2006-08-07 00:00:00+08:00,0.1599999964237213,0.1599999964237213,0.1599999964237213,0.1599999964237213,0,0.0,0.0,0.0
2006-08-08 00:00:00+08:00,0.1599999964237213,0.1599999964237213,0.1599999964237213,0.1599999964237213,0,0.0,0.0,0.0
2006-08-09 00:00:00+08:00,0.1599999964237213,0.1599999964237213,0.1599999964237213,0.1599999964237213,0,0.0,0.0,0.0
2006-08-10 00:00:00+08:00,0.1599999964237213,0.1599999964237213,0.1599999964237213,0.1599999964237213,0,0.0,0.0,0.0
2006-08-11 00:00:00+08:00,0.1599999964237213,0.1599999964237213,0.1599999964237213,0.1599999964237213,0,0.0,0.0,0.0
2006-08-14 00:00:00+08:00,0.1599999964237213,0.1599999964237213,0.1599999964237213,0.1599999964237213,0,0.0,0.0,0.0
2006-08-15 00:00:00+08:00,0.1599999964237213,0.1599999964237213,0.1599999964237213,0.1599999964237213,0,0.0,0.0,0.0
2006-08-16 00:00:00+08:00,0.1599999964237213,0.1599999964237213,0.1599999964237213,0.1599999964237213,0,0.0,0.0,0.0
2006-08-17 00:00:00+08:00,0.14000000059604645,0.20000000298023224,0.14000000059604645,0.20000000298023224,98,0.0,0.0,0.0
2006-08-18 00:00:00+08:00,0.14000000059604645,0.1599999964237213,0.14000000059604645,0.1599999964237213,2,0.0,0.0,0.0
2006-08-21 00:00:00+08:00,0.14000000059604645,0.14000000059604645,0.14000000059604645,0.14000000059604645,1,0.0,0.0,0.0
2006-08-22 00:00:00+08:00,0.14000000059604645,0.14000000059604645,0.14000000059604645,0.14000000059604645,0,0.0,0.0,0.0
2006-08-23 00:00:00+08:00,0.14000000059604645,0.14000000059604645,0.14000000059604645,0.14000000059604645,0,0.0,0.0,0.0
2006-08-24 00:00:00+08:00,0.1599999964237213,0.1599999964237213,0.1599999964237213,0.1599999964237213,42,0.0,0.0,0.0
2006-08-25 00:00:00+08:00,0.1599999964237213,0.1599999964237213,0.1599999964237213,0.1599999964237213,0,0.0,0.0,0.0
2006-08-28 00:00:00+08:00,0.1599999964237213,0.1599999964237213,0.1599999964237213,0.1599999964237213,0,0.0,0.0,0.0
2006-08-29 00:00:00+08:00,0.1599999964237213,0.1599999964237213,0.1599999964237213,0.1599999964237213,0,0.0,0.0,0.0
2006-08-30 00:00:00+08:00,0.1599999964237213,0.1599999964237213,0.1599999964237213,0.1599999964237213,19,0.0,0.0,0.0
2006-08-31 00:00:00+08:00,0.1599999964237213,0.1599999964237213,0.1599999964237213,0.1599999964237213,0,0.0,0.0,0.0
2006-09-01 00:00:00+08:00,0.1599999964237213,0.1599999964237213,0.1599999964237213,0.1599999964237213,0,0.0,0.0,0.0
2006-09-04 00:00:00+08:00,0.18000000715255737,0.18000000715255737,0.18000000715255737,0.18000000715255737,13,0.0,0.0,0.0
2006-09-05 00:00:00+08:00,0.1599999964237213,0.1599999964237213,0.1599999964237213,0.1599999964237213,49,0.0,0.0,0.0
2006-09-06 00:00:00+08:00,0.1599999964237213,0.1599999964237213,0.1599999964237213,0.1599999964237213,0,0.0,0.0,0.0
2006-09-07 00:00:00+08:00,0.1599999964237213,0.1599999964237213,0.1599999964237213,0.1599999964237213,0,0.0,0.0,0.0
2006-09-08 00:00:00+08:00,0.1599999964237213,0.1599999964237213,0.1599999964237213,0.1599999964237213,0,0.0,0.0,0.0
2006-09-11 00:00:00+08:00,0.1599999964237213,0.1599999964237213,0.1599999964237213,0.1599999964237213,0,0.0,0.0,0.0
2006-09-12 00:00:00+08:00,0.14000000059604645,0.14000000059604645,0.14000000059604645,0.14000000059604645,3,0.0,0.0,0.0
2006-09-13 00:00:00+08:00,0.14000000059604645,0.14000000059604645,0.14000000059604645,0.14000000059604645,0,0.0,0.0,0.0
2006-09-14 00:00:00+08:00,0.14000000059604645,0.14000000059604645,0.14000000059604645,0.14000000059604645,0,0.0,0.0,0.0
2006-09-15 00:00:00+08:00,0.14000000059604645,0.14000000059604645,0.14000000059604645,0.14000000059604645,12,0.0,0.0,0.0
2006-09-18 00:00:00+08:00,0.1599999964237213,0.1599999964237213,0.1599999964237213,0.1599999964237213,12,0.0,0.0,0.0
2006-09-19 00:00:00+08:00,0.1599999964237213,0.1599999964237213,0.1599999964237213,0.1599999964237213,5,0.0,0.0,0.0
2006-09-20 00:00:00+08:00,0.1599999964237213,0.1599999964237213,0.1599999964237213,0.1599999964237213,0,0.0,0.0,0.0
2006-09-21 00:00:00+08:00,0.1599999964237213,0.1599999964237213,0.1599999964237213,0.1599999964237213,0,0.0,0.0,0.0
2006-09-22 00:00:00+08:00,0.1599999964237213,0.20000000298023224,0.1599999964237213,0.20000000298023224,7,0.0,0.0,0.0
2006-09-25 00:00:00+08:00,0.18000000715255737,0.20000000298023224,0.18000000715255737,0.18000000715255737,73,0.0,0.0,0.0
2006-09-26 00:00:00+08:00,0.18000000715255737,0.18000000715255737,0.18000000715255737,0.18000000715255737,80,0.0,0.0,0.0
2006-09-27 00:00:00+08:00,0.18000000715255737,0.18000000715255737,0.18000000715255737,0.18000000715255737,10,0.0,0.0,0.0
2006-09-28 00:00:00+08:00,0.18000000715255737,0.18000000715255737,0.18000000715255737,0.18000000715255737,0,0.0,0.0,0.0
2006-09-29 00:00:00+08:00,0.18000000715255737,0.18000000715255737,0.18000000715255737,0.18000000715255737,7,0.0,0.0,0.0
2006-10-02 00:00:00+08:00,0.18000000715255737,0.18000000715255737,0.18000000715255737,0.18000000715255737,0,0.0,0.0,0.0
2006-10-03 00:00:00+08:00,0.18000000715255737,0.18000000715255737,0.18000000715255737,0.18000000715255737,25,0.0,0.0,0.0
2006-10-04 00:00:00+08:00,0.18000000715255737,0.18000000715255737,0.18000000715255737,0.18000000715255737,0,0.0,0.0,0.0
2006-10-05 00:00:00+08:00,0.18000000715255737,0.18000000715255737,0.18000000715255737,0.18000000715255737,0,0.0,0.0,0.0
2006-10-06 00:00:00+08:00,0.18000000715255737,0.18000000715255737,0.18000000715255737,0.18000000715255737,8,0.0,0.0,0.0
2006-10-09 00:00:00+08:00,0.18000000715255737,0.18000000715255737,0.18000000715255737,0.18000000715255737,0,0.0,0.0,0.0
2006-10-10 00:00:00+08:00,0.18000000715255737,0.18000000715255737,0.18000000715255737,0.18000000715255737,37,0.0,0.0,0.0
2006-10-11 00:00:00+08:00,0.18000000715255737,0.18000000715255737,0.18000000715255737,0.18000000715255737,0,0.0,0.0,0.0
2006-10-12 00:00:00+08:00,0.18000000715255737,0.18000000715255737,0.18000000715255737,0.18000000715255737,0,0.0,0.0,0.0
2006-10-13 00:00:00+08:00,0.18000000715255737,0.18000000715255737,0.18000000715255737,0.18000000715255737,0,0.0,0.0,0.0
2006-10-16 00:00:00+08:00,0.18000000715255737,0.18000000715255737,0.18000000715255737,0.18000000715255737,0,0.0,0.0,0.0
2006-10-17 00:00:00+08:00,0.1599999964237213,0.1599999964237213,0.1599999964237213,0.1599999964237213,17,0.0,0.0,0.0
2006-10-18 00:00:00+08:00,0.1599999964237213,0.1599999964237213,0.1599999964237213,0.1599999964237213,0,0.0,0.0,0.0
2006-10-19 00:00:00+08:00,0.1599999964237213,0.1599999964237213,0.1599999964237213,0.1599999964237213,0,0.0,0.0,0.0
2006-10-20 00:00:00+08:00,0.1599999964237213,0.1599999964237213,0.1599999964237213,0.1599999964237213,8,0.0,0.0,0.0
2006-10-23 00:00:00+08:00,0.1599999964237213,0.1599999964237213,0.1599999964237213,0.1599999964237213,0,0.0,0.0,0.0
2006-10-24 00:00:00+08:00,0.1599999964237213,0.1599999964237213,0.1599999964237213,0.1599999964237213,0,0.0,0.0,0.0
2006-10-25 00:00:00+08:00,0.18000000715255737,0.20000000298023224,0.18000000715255737,0.20000000298023224,89,0.0,0.0,0.0
2006-10-26 00:00:00+08:00,0.20000000298023224,0.20000000298023224,0.20000000298023224,0.20000000298023224,0,0.0,0.0,0.0
2006-10-27 00:00:00+08:00,0.20000000298023224,0.20000000298023224,0.20000000298023224,0.20000000298023224,0,0.0,0.0,0.0
2006-10-30 00:00:00+08:00,0.20000000298023224,0.20000000298023224,0.20000000298023224,0.20000000298023224,100,0.0,0.0,0.0
2006-10-31 00:00:00+08:00,0.18000000715255737,0.20000000298023224,0.18000000715255737,0.20000000298023224,56,0.0,0.0,0.0
2006-11-01 00:00:00+08:00,0.20000000298023224,0.20000000298023224,0.20000000298023224,0.20000000298023224,10,0.0,0.0,0.0
2006-11-02 00:00:00+08:00,0.20000000298023224,0.20000000298023224,0.20000000298023224,0.20000000298023224,20,0.0,0.0,0.0
2006-11-03 00:00:00+08:00,0.20000000298023224,0.20000000298023224,0.20000000298023224,0.20000000298023224,93,0.0,0.0,0.0
2006-11-06 00:00:00+08:00,0.20000000298023224,0.20000000298023224,0.20000000298023224,0.20000000298023224,0,0.0,0.0,0.0
2006-11-07 00:00:00+08:00,0.20000000298023224,0.20000000298023224,0.20000000298023224,0.20000000298023224,0,0.0,0.0,0.0
2006-11-08 00:00:00+08:00,0.20000000298023224,0.20000000298023224,0.20000000298023224,0.20000000298023224,15,0.0,0.0,0.0
2006-11-09 00:00:00+08:00,0.20000000298023224,0.20000000298023224,0.20000000298023224,0.20000000298023224,32,0.0,0.0,0.0
2006-11-10 00:00:00+08:00,0.20000000298023224,0.20000000298023224,0.20000000298023224,0.20000000298023224,17,0.0,0.0,0.0
2006-11-13 00:00:00+08:00,0.20000000298023224,0.20000000298023224,0.20000000298023224,0.20000000298023224,0,0.0,0.0,0.0
2006-11-14 00:00:00+08:00,0.20000000298023224,0.20000000298023224,0.20000000298023224,0.20000000298023224,0,0.0,0.0,0.0
2006-11-15 00:00:00+08:00,0.20000000298023224,0.20000000298023224,0.20000000298023224,0.20000000298023224,25,0.0,0.0,0.0
2006-11-16 00:00:00+08:00,0.20000000298023224,0.20000000298023224,0.20000000298023224,0.20000000298023224,0,0.0,0.0,0.0
2006-11-17 00:00:00+08:00,0.20000000298023224,0.20000000298023224,0.20000000298023224,0.20000000298023224,0,0.0,0.0,0.0
2006-11-20 00:00:00+08:00,0.20000000298023224,0.20000000298023224,0.20000000298023224,0.20000000298023224,10,0.0,0.0,0.0
2006-11-21 00:00:00+08:00,0.20000000298023224,0.20000000298023224,0.20000000298023224,0.20000000298023224,0,0.0,0.0,0.0
2006-11-22 00:00:00+08:00,0.20000000298023224,0.20000000298023224,0.20000000298023224,0.20000000298023224,0,0.0,0.0,0.0
2006-11-23 00:00:00+08:00,0.20000000298023224,0.20000000298023224,0.20000000298023224,0.20000000298023224,5,0.0,0.0,0.0
2006-11-24 00:00:00+08:00,0.2199999988079071,0.2199999988079071,0.2199999988079071,0.2199999988079071,12,0.0,0.0,0.0
2006-11-27 00:00:00+08:00,0.2199999988079071,0.2199999988079071,0.2199999988079071,0.2199999988079071,4,0.0,0.0,0.0
2006-11-28 00:00:00+08:00,0.2199999988079071,0.2199999988079071,0.2199999988079071,0.2199999988079071,0,0.0,0.0,0.0
2006-11-29 00:00:00+08:00,0.2199999988079071,0.2199999988079071,0.2199999988079071,0.2199999988079071,0,0.0,0.0,0.0
2006-11-30 00:00:00+08:00,0.2199999988079071,0.2199999988079071,0.2199999988079071,0.2199999988079071,0,0.0,0.0,0.0
2006-12-01 00:00:00+08:00,0.2199999988079071,0.2199999988079071,0.2199999988079071,0.2199999988079071,0,0.0,0.0,0.0
2006-12-04 00:00:00+08:00,0.2199999988079071,0.2199999988079071,0.2199999988079071,0.2199999988079071,0,0.0,0.0,0.0
2006-12-05 00:00:00+08:00,0.20000000298023224,0.20000000298023224,0.20000000298023224,0.20000000298023224,4,0.0,0.0,0.0
2006-12-06 00:00:00+08:00,0.20000000298023224,0.20000000298023224,0.20000000298023224,0.20000000298023224,3,0.0,0.0,0.0
2006-12-07 00:00:00+08:00,0.20000000298023224,0.20000000298023224,0.20000000298023224,0.20000000298023224,0,0.0,0.0,0.0
2006-12-08 00:00:00+08:00,0.20000000298023224,0.2199999988079071,0.20000000298023224,0.2199999988079071,38,0.0,0.0,0.0
2006-12-11 00:00:00+08:00,0.2199999988079071,0.2199999988079071,0.2199999988079071,0.2199999988079071,7,0.0,0.0,0.0
2006-12-12 00:00:00+08:00,0.2199999988079071,0.2199999988079071,0.2199999988079071,0.2199999988079071,0,0.0,0.0,0.0
2006-12-13 00:00:00+08:00,0.2199999988079071,0.36000001430511475,0.2199999988079071,0.36000001430511475,319,0.0,0.0,0.0
2006-12-14 00:00:00+08:00,0.3400000035762787,0.3400000035762787,0.23999999463558197,0.23999999463558197,17,0.0,0.0,0.0
2006-12-15 00:00:00+08:00,0.23999999463558197,0.23999999463558197,0.23999999463558197,0.23999999463558197,0,0.0,0.0,0.0
2006-12-18 00:00:00+08:00,0.23999999463558197,0.23999999463558197,0.2199999988079071,0.2199999988079071,17,0.0,0.0,0.0
2006-12-19 00:00:00+08:00,0.2199999988079071,0.2199999988079071,0.2199999988079071,0.2199999988079071,0,0.0,0.0,0.0
2006-12-20 00:00:00+08:00,0.20000000298023224,0.20000000298023224,0.20000000298023224,0.20000000298023224,125,0.0,0.0,0.0
2006-12-21 00:00:00+08:00,0.2199999988079071,0.2199999988079071,0.2199999988079071,0.2199999988079071,25,0.0,0.0,0.0
2006-12-22 00:00:00+08:00,0.2199999988079071,0.2199999988079071,0.2199999988079071,0.2199999988079071,12,0.0,0.0,0.0
2006-12-26 00:00:00+08:00,0.2199999988079071,0.2199999988079071,0.2199999988079071,0.2199999988079071,0,0.0,0.0,0.0
2006-12-27 00:00:00+08:00,0.2199999988079071,0.2199999988079071,0.2199999988079071,0.2199999988079071,0,0.0,0.0,0.0
2006-12-28 00:00:00+08:00,0.2199999988079071,0.2199999988079071,0.2199999988079071,0.2199999988079071,77,0.0,0.0,0.0
2006-12-29 00:00:00+08:00,0.2199999988079071,0.2199999988079071,0.2199999988079071,0.2199999988079071,0,0.0,0.0,0.0
2007-01-03 00:00:00+08:00,0.2199999988079071,0.2199999988079071,0.2199999988079071,0.2199999988079071,1,0.0,0.0,0.0
2007-01-04 00:00:00+08:00,0.2199999988079071,0.23999999463558197,0.2199999988079071,0.23999999463558197,51,0.0,0.0,0.0
2007-01-05 00:00:00+08:00,0.23999999463558197,0.23999999463558197,0.23999999463558197,0.23999999463558197,0,0.0,0.0,0.0
2007-01-08 00:00:00+08:00,0.23999999463558197,0.23999999463558197,0.23999999463558197,0.23999999463558197,0,0.0,0.0,0.0
2007-01-09 00:00:00+08:00,0.23999999463558197,0.23999999463558197,0.23999999463558197,0.23999999463558197,0,0.0,0.0,0.0
2007-01-10 00:00:00+08:00,0.23999999463558197,0.23999999463558197,0.23999999463558197,0.23999999463558197,84,0.0,0.0,0.0
2007-01-11 00:00:00+08:00,0.25999999046325684,0.25999999046325684,0.25999999046325684,0.25999999046325684,39,0.0,0.0,0.0
2007-01-12 00:00:00+08:00,0.25999999046325684,0.25999999046325684,0.25999999046325684,0.25999999046325684,0,0.0,0.0,0.0
2007-01-15 00:00:00+08:00,0.25999999046325684,0.30000001192092896,0.25999999046325684,0.2800000011920929,66,0.0,0.0,0.0
2007-01-16 00:00:00+08:00,0.2800000011920929,0.2800000011920929,0.2800000011920929,0.2800000011920929,0,0.0,0.0,0.0
2007-01-17 00:00:00+08:00,0.41999998688697815,0.4399999976158142,0.4000000059604645,0.41999998688697815,2578,0.0,0.0,0.0
2007-01-18 00:00:00+08:00,0.41999998688697815,0.41999998688697815,0.3799999952316284,0.3799999952316284,222,0.0,0.0,0.0
2007-01-19 00:00:00+08:00,0.3799999952316284,0.3799999952316284,0.36000001430511475,0.36000001430511475,284,0.0,0.0,0.0
2007-01-22 00:00:00+08:00,0.36000001430511475,0.3799999952316284,0.3400000035762787,0.36000001430511475,47,0.0,0.0,0.0
2007-01-23 00:00:00+08:00,0.36000001430511475,0.36000001430511475,0.3199999928474426,0.3199999928474426,65,0.0,0.0,0.0
2007-01-24 00:00:00+08:00,0.3199999928474426,0.3199999928474426,0.3199999928474426,0.3199999928474426,0,0.0,0.0,0.0
2007-01-25 00:00:00+08:00,0.3400000035762787,0.3400000035762787,0.30000001192092896,0.3199999928474426,369,0.0,0.0,0.0
2007-01-26 00:00:00+08:00,0.30000001192092896,0.3199999928474426,0.30000001192092896,0.30000001192092896,236,0.0,0.0,0.0
2007-01-29 00:00:00+08:00,0.30000001192092896,0.30000001192092896,0.30000001192092896,0.30000001192092896,0,0.0,0.0,0.0
2007-01-30 00:00:00+08:00,0.30000001192092896,0.3199999928474426,0.30000001192092896,0.30000001192092896,57,0.0,0.0,0.0
2007-01-31 00:00:00+08:00,0.30000001192092896,0.30000001192092896,0.30000001192092896,0.30000001192092896,0,0.0,0.0,0.0
2007-02-01 00:00:00+08:00,0.30000001192092896,0.30000001192092896,0.2800000011920929,0.2800000011920929,4,0.0,0.0,0.0
2007-02-02 00:00:00+08:00,0.2800000011920929,0.2800000011920929,0.25999999046325684,0.2800000011920929,80,0.0,0.0,0.0
2007-02-05 00:00:00+08:00,0.30000001192092896,0.3199999928474426,0.30000001192092896,0.3199999928474426,25,0.0,0.0,0.0
2007-02-06 00:00:00+08:00,0.30000001192092896,0.30000001192092896,0.30000001192092896,0.30000001192092896,37,0.0,0.0,0.0
2007-02-07 00:00:00+08:00,0.2800000011920929,0.30000001192092896,0.2800000011920929,0.30000001192092896,62,0.0,0.0,0.0
2007-02-08 00:00:00+08:00,0.23999999463558197,0.3400000035762787,0.23999999463558197,0.3400000035762787,3614,0.0,0.0,0.0
2007-02-09 00:00:00+08:00,0.3199999928474426,0.3199999928474426,0.30000001192092896,0.3199999928474426,107,0.0,0.0,0.0
2007-02-12 00:00:00+08:00,0.30000001192092896,0.30000001192092896,0.30000001192092896,0.30000001192092896,25,0.0,0.0,0.0
2007-02-13 00:00:00+08:00,0.30000001192092896,0.30000001192092896,0.30000001192092896,0.30000001192092896,38,0.0,0.0,0.0
2007-02-14 00:00:00+08:00,0.2800000011920929,0.2800000011920929,0.2800000011920929,0.2800000011920929,35,0.0,0.0,0.0
2007-02-15 00:00:00+08:00,0.2800000011920929,0.2800000011920929,0.2800000011920929,0.2800000011920929,78,0.0,0.0,0.0
2007-02-16 00:00:00+08:00,0.30000001192092896,0.30000001192092896,0.2800000011920929,0.2800000011920929,62,0.0,0.0,0.0
2007-02-21 00:00:00+08:00,0.2800000011920929,0.2800000011920929,0.2800000011920929,0.2800000011920929,99,0.0,0.0,0.0
2007-02-22 00:00:00+08:00,0.2800000011920929,0.30000001192092896,0.2800000011920929,0.30000001192092896,101,0.0,0.0,0.0
2007-02-23 00:00:00+08:00,0.30000001192092896,0.30000001192092896,0.30000001192092896,0.30000001192092896,0,0.0,0.0,0.0
2007-02-26 00:00:00+08:00,0.30000001192092896,0.30000001192092896,0.30000001192092896,0.30000001192092896,0,0.0,0.0,0.0
2007-02-27 00:00:00+08:00,0.3199999928474426,0.3199999928474426,0.30000001192092896,0.30000001192092896,261,0.0,0.0,0.0
2007-02-28 00:00:00+08:00,0.25999999046325684,0.25999999046325684,0.25999999046325684,0.25999999046325684,85,0.0,0.0,0.0
2007-03-01 00:00:00+08:00,0.25999999046325684,0.25999999046325684,0.25999999046325684,0.25999999046325684,5,0.0,0.0,0.0
2007-03-02 00:00:00+08:00,0.25999999046325684,0.25999999046325684,0.25999999046325684,0.25999999046325684,125,0.0,0.0,0.0
2007-03-05 00:00:00+08:00,0.23999999463558197,0.23999999463558197,0.2199999988079071,0.2199999988079071,50,0.0,0.0,0.0
2007-03-06 00:00:00+08:00,0.2199999988079071,0.2199999988079071,0.2199999988079071,0.2199999988079071,0,0.0,0.0,0.0
2007-03-07 00:00:00+08:00,0.2199999988079071,0.2199999988079071,0.2199999988079071,0.2199999988079071,0,0.0,0.0,0.0
2007-03-08 00:00:00+08:00,0.2199999988079071,0.2199999988079071,0.2199999988079071,0.2199999988079071,0,0.0,0.0,0.0
2007-03-09 00:00:00+08:00,0.23999999463558197,0.23999999463558197,0.23999999463558197,0.23999999463558197,15,0.0,0.0,0.0
2007-03-12 00:00:00+08:00,0.23999999463558197,0.23999999463558197,0.23999999463558197,0.23999999463558197,0,0.0,0.0,0.0
2007-03-13 00:00:00+08:00,0.23999999463558197,0.23999999463558197,0.23999999463558197,0.23999999463558197,0,0.0,0.0,0.0
2007-03-14 00:00:00+08:00,0.23999999463558197,0.23999999463558197,0.23999999463558197,0.23999999463558197,2,0.0,0.0,0.0
2007-03-15 00:00:00+08:00,0.23999999463558197,0.23999999463558197,0.23999999463558197,0.23999999463558197,0,0.0,0.0,0.0
2007-03-16 00:00:00+08:00,0.25999999046325684,0.25999999046325684,0.25999999046325684,0.25999999046325684,47,0.0,0.0,0.0
2007-03-19 00:00:00+08:00,0.23999999463558197,0.23999999463558197,0.23999999463558197,0.23999999463558197,1,0.0,0.0,0.0
2007-03-20 00:00:00+08:00,0.25999999046325684,0.25999999046325684,0.25999999046325684,0.25999999046325684,25,0.0,0.0,0.0
2007-03-21 00:00:00+08:00,0.25999999046325684,0.25999999046325684,0.25999999046325684,0.25999999046325684,0,0.0,0.0,0.0
2007-03-22 00:00:00+08:00,0.25999999046325684,0.25999999046325684,0.25999999046325684,0.25999999046325684,0,0.0,0.0,0.0
2007-03-23 00:00:00+08:00,0.2800000011920929,0.2800000011920929,0.2800000011920929,0.2800000011920929,31,0.0,0.0,0.0
2007-03-26 00:00:00+08:00,0.2800000011920929,0.2800000011920929,0.2800000011920929,0.2800000011920929,0,0.0,0.0,0.0
2007-03-27 00:00:00+08:00,0.2800000011920929,0.2800000011920929,0.2800000011920929,0.2800000011920929,27,0.0,0.0,0.0
2007-03-28 00:00:00+08:00,0.2800000011920929,0.2800000011920929,0.2800000011920929,0.2800000011920929,0,0.0,0.0,0.0
2007-03-29 00:00:00+08:00,0.2800000011920929,0.2800000011920929,0.2800000011920929,0.2800000011920929,0,0.0,0.0,0.0
2007-03-30 00:00:00+08:00,0.2800000011920929,0.3199999928474426,0.2800000011920929,0.3199999928474426,513,0.0,0.0,0.0
2007-04-02 00:00:00+08:00,0.3199999928474426,0.3400000035762787,0.3199999928474426,0.3400000035762787,71,0.0,0.0,0.0
2007-04-03 00:00:00+08:00,0.3400000035762787,0.3400000035762787,0.3199999928474426,0.3199999928474426,28,0.0,0.0,0.0
2007-04-04 00:00:00+08:00,0.3199999928474426,0.3199999928474426,0.30000001192092896,0.30000001192092896,150,0.0,0.0,0.0
2007-04-05 00:00:00+08:00,0.30000001192092896,0.30000001192092896,0.30000001192092896,0.30000001192092896,0,0.0,0.0,0.0
2007-04-09 00:00:00+08:00,0.30000001192092896,0.30000001192092896,0.30000001192092896,0.30000001192092896,448,0.0,0.0,0.0
2007-04-10 00:00:00+08:00,0.30000001192092896,0.30000001192092896,0.30000001192092896,0.30000001192092896,0,0.0,0.0,0.0
2007-04-11 00:00:00+08:00,0.30000001192092896,0.30000001192092896,0.30000001192092896,0.30000001192092896,0,0.0,0.0,0.0
2007-04-12 00:00:00+08:00,0.30000001192092896,0.30000001192092896,0.30000001192092896,0.30000001192092896,62,0.0,0.0,0.0
2007-04-13 00:00:00+08:00,0.30000001192092896,0.30000001192092896,0.30000001192092896,0.30000001192092896,60,0.0,0.0,0.0
2007-04-16 00:00:00+08:00,0.3199999928474426,0.3400000035762787,0.3199999928474426,0.3199999928474426,374,0.0,0.0,0.0
2007-04-17 00:00:00+08:00,0.3199999928474426,0.3199999928474426,0.30000001192092896,0.3199999928474426,268,0.0,0.0,0.0
2007-04-18 00:00:00+08:00,0.30000001192092896,0.30000001192092896,0.30000001192092896,0.30000001192092896,122,0.0,0.0,0.0
2007-04-19 00:00:00+08:00,0.30000001192092896,0.30000001192092896,0.2800000011920929,0.2800000011920929,207,0.0,0.0,0.0
2007-04-20 00:00:00+08:00,0.30000001192092896,0.3199999928474426,0.30000001192092896,0.3199999928474426,663,0.0,0.0,0.0
2007-04-23 00:00:00+08:00,0.3400000035762787,0.36000001430511475,0.3199999928474426,0.3400000035762787,1531,0.0,0.0,0.0
2007-04-24 00:00:00+08:00,0.3400000035762787,0.3400000035762787,0.3199999928474426,0.3400000035762787,493,0.0,0.0,0.0
2007-04-25 00:00:00+08:00,0.3400000035762787,0.3400000035762787,0.30000001192092896,0.30000001192092896,423,0.0,0.0,0.0
2007-04-26 00:00:00+08:00,0.30000001192092896,0.3199999928474426,0.30000001192092896,0.30000001192092896,471,0.0,0.0,0.0
2007-04-27 00:00:00+08:00,0.30000001192092896,0.30000001192092896,0.30000001192092896,0.30000001192092896,282,0.0,0.0,0.0
2007-04-30 00:00:00+08:00,0.2800000011920929,0.30000001192092896,0.2800000011920929,0.30000001192092896,246,0.0,0.0,0.0
2007-05-02 00:00:00+08:00,0.30000001192092896,0.30000001192092896,0.30000001192092896,0.30000001192092896,188,0.0,0.0,0.0
2007-05-03 00:00:00+08:00,0.30000001192092896,0.30000001192092896,0.30000001192092896,0.30000001192092896,61,0.0,0.0,0.0
2007-05-04 00:00:00+08:00,0.30000001192092896,0.3199999928474426,0.30000001192092896,0.3199999928474426,113,0.0,0.0,0.0
2007-05-07 00:00:00+08:00,0.3199999928474426,0.3799999952316284,0.3199999928474426,0.3199999928474426,4700,0.0,0.0,0.0
2007-05-08 00:00:00+08:00,0.3199999928474426,0.3199999928474426,0.3199999928474426,0.3199999928474426,190,0.0,0.0,0.0
2007-05-09 00:00:00+08:00,0.3199999928474426,0.3199999928474426,0.30000001192092896,0.30000001192092896,195,0.0,0.0,0.0
2007-05-10 00:00:00+08:00,0.30000001192092896,0.30000001192092896,0.2800000011920929,0.2800000011920929,424,0.0,0.0,0.0
2007-05-11 00:00:00+08:00,0.2800000011920929,0.2800000011920929,0.2800000011920929,0.2800000011920929,0,0.0,0.0,0.0
2007-05-14 00:00:00+08:00,0.2800000011920929,0.2800000011920929,0.2800000011920929,0.2800000011920929,567,0.0,0.0,0.0
2007-05-15 00:00:00+08:00,0.2800000011920929,0.2800000011920929,0.25999999046325684,0.25999999046325684,181,0.0,0.0,0.0
2007-05-16 00:00:00+08:00,0.2800000011920929,0.30000001192092896,0.2800000011920929,0.2800000011920929,119,0.0,0.0,0.0
2007-05-17 00:00:00+08:00,0.2800000011920929,0.2800000011920929,0.2800000011920929,0.2800000011920929,28,0.0,0.0,0.0
2007-05-18 00:00:00+08:00,0.2800000011920929,0.30000001192092896,0.25999999046325684,0.30000001192092896,15,0.0,0.0,0.0
2007-05-21 00:00:00+08:00,0.2800000011920929,0.2800000011920929,0.25999999046325684,0.25999999046325684,397,0.0,0.0,0.0
2007-05-22 00:00:00+08:00,0.25999999046325684,0.25999999046325684,0.25999999046325684,0.25999999046325684,0,0.0,0.0,0.0
2007-05-23 00:00:00+08:00,0.25999999046325684,0.2800000011920929,0.25999999046325684,0.25999999046325684,3,0.0,0.0,0.0
2007-05-24 00:00:00+08:00,0.25999999046325684,0.25999999046325684,0.25999999046325684,0.25999999046325684,67,0.0,0.0,0.0
2007-05-25 00:00:00+08:00,0.25999999046325684,0.2800000011920929,0.25999999046325684,0.2800000011920929,54,0.0,0.0,0.0
2007-05-28 00:00:00+08:00,0.2800000011920929,0.2800000011920929,0.2800000011920929,0.2800000011920929,108,0.0,0.0,0.0
2007-05-29 00:00:00+08:00,0.2800000011920929,0.2800000011920929,0.2800000011920929,0.2800000011920929,32,0.0,0.0,0.0
2007-05-30 00:00:00+08:00,0.2800000011920929,0.2800000011920929,0.25999999046325684,0.2800000011920929,55,0.0,0.0,0.0
2007-06-01 00:00:00+08:00,0.25999999046325684,0.2800000011920929,0.23999999463558197,0.25999999046325684,185,0.0,0.0,0.0
2007-06-04 00:00:00+08:00,0.25999999046325684,0.25999999046325684,0.25999999046325684,0.25999999046325684,133,0.0,0.0,0.0
2007-06-05 00:00:00+08:00,0.25999999046325684,0.2800000011920929,0.25999999046325684,0.2800000011920929,32,0.0,0.0,0.0
2007-06-06 00:00:00+08:00,0.2800000011920929,0.3199999928474426,0.2800000011920929,0.30000001192092896,930,0.0,0.0,0.0
2007-06-07 00:00:00+08:00,0.30000001192092896,0.30000001192092896,0.30000001192092896,0.30000001192092896,0,0.0,0.0,0.0
2007-06-08 00:00:00+08:00,0.30000001192092896,0.36000001430511475,0.30000001192092896,0.3400000035762787,2775,0.0,0.0,0.0
2007-06-11 00:00:00+08:00,0.3400000035762787,0.3400000035762787,0.3199999928474426,0.3400000035762787,684,0.0,0.0,0.0
2007-06-12 00:00:00+08:00,0.3199999928474426,0.3199999928474426,0.3199999928474426,0.3199999928474426,165,0.0,0.0,0.0
2007-06-13 00:00:00+08:00,0.3199999928474426,0.3199999928474426,0.3199999928474426,0.3199999928474426,169,0.0,0.0,0.0
2007-06-14 00:00:00+08:00,0.3199999928474426,0.3400000035762787,0.30000001192092896,0.3400000035762787,429,0.0,0.0,0.0
2007-06-15 00:00:00+08:00,0.3400000035762787,0.4000000059604645,0.3400000035762787,0.36000001430511475,3391,0.0,0.0,0.0
2007-06-18 00:00:00+08:00,0.36000001430511475,0.36000001430511475,0.36000001430511475,0.36000001430511475,0,0.0,0.0,0.0
2007-06-19 00:00:00+08:00,0.36000001430511475,0.36000001430511475,0.3199999928474426,0.36000001430511475,905,0.0,0.0,0.0
2007-06-20 00:00:00+08:00,0.36000001430511475,0.36000001430511475,0.3400000035762787,0.36000001430511475,551,0.0,0.0,0.0
2007-06-21 00:00:00+08:00,0.36000001430511475,0.36000001430511475,0.3400000035762787,0.3400000035762787,242,0.0,0.0,0.0
2007-06-22 00:00:00+08:00,0.3400000035762787,0.3400000035762787,0.3400000035762787,0.3400000035762787,75,0.0,0.0,0.0
2007-06-25 00:00:00+08:00,0.3400000035762787,0.3799999952316284,0.3400000035762787,0.3400000035762787,865,0.0,0.0,0.0
2007-06-26 00:00:00+08:00,0.36000001430511475,0.36000001430511475,0.3199999928474426,0.3400000035762787,713,0.0,0.0,0.0
2007-06-27 00:00:00+08:00,0.3400000035762787,0.41999998688697815,0.3400000035762787,0.41999998688697815,4534,0.0,0.0,0.0
2007-06-28 00:00:00+08:00,0.41999998688697815,0.41999998688697815,0.4000000059604645,0.4000000059604645,988,0.0,0.0,0.0
2007-06-29 00:00:00+08:00,0.4000000059604645,0.4000000059604645,0.4000000059604645,0.4000000059604645,111,0.0,0.0,0.0
2007-07-02 00:00:00+08:00,0.4000000059604645,0.4000000059604645,0.4000000059604645,0.4000000059604645,325,0.0,0.0,0.0
2007-07-03 00:00:00+08:00,0.4000000059604645,0.41999998688697815,0.3799999952316284,0.41999998688697815,285,0.0,0.0,0.0
2007-07-04 00:00:00+08:00,0.4000000059604645,0.4000000059604645,0.4000000059604645,0.4000000059604645,240,0.0,0.0,0.0
2007-07-05 00:00:00+08:00,0.4000000059604645,0.4000000059604645,0.4000000059604645,0.4000000059604645,268,0.0,0.0,0.0
2007-07-06 00:00:00+08:00,0.4000000059604645,0.4000000059604645,0.3799999952316284,0.4000000059604645,75,0.0,0.0,0.0
2007-07-09 00:00:00+08:00,0.4000000059604645,0.4000000059604645,0.4000000059604645,0.4000000059604645,142,0.0,0.0,0.0
2007-07-10 00:00:00+08:00,0.4000000059604645,0.41999998688697815,0.4000000059604645,0.4000000059604645,222,0.0,0.0,0.0
2007-07-11 00:00:00+08:00,0.4000000059604645,0.4000000059604645,0.4000000059604645,0.4000000059604645,428,0.0,0.0,0.0
2007-07-12 00:00:00+08:00,0.4000000059604645,0.4399999976158142,0.4000000059604645,0.41999998688697815,2542,0.0,0.0,0.0
2007-07-13 00:00:00+08:00,0.4399999976158142,0.4399999976158142,0.4000000059604645,0.41999998688697815,330,0.0,0.0,0.0
2007-07-16 00:00:00+08:00,0.4000000059604645,0.4000000059604645,0.3799999952316284,0.4000000059604645,95,0.0,0.0,0.0
2007-07-17 00:00:00+08:00,0.4000000059604645,0.41999998688697815,0.4000000059604645,0.41999998688697815,361,0.0,0.0,0.0
2007-07-18 00:00:00+08:00,0.4000000059604645,0.4000000059604645,0.3799999952316284,0.3799999952316284,628,0.0,0.0,0.0
2007-07-19 00:00:00+08:00,0.36000001430511475,0.36000001430511475,0.3400000035762787,0.3400000035762787,2083,0.0,0.0,0.0
2007-07-20 00:00:00+08:00,0.36000001430511475,0.36000001430511475,0.36000001430511475,0.36000001430511475,561,0.0,0.0,0.0
2007-07-23 00:00:00+08:00,0.36000001430511475,0.36000001430511475,0.36000001430511475,0.36000001430511475,244,0.0,0.0,0.0
2007-07-24 00:00:00+08:00,0.3799999952316284,0.4000000059604645,0.36000001430511475,0.36000001430511475,290,0.0,0.0,0.0
2007-07-25 00:00:00+08:00,0.36000001430511475,0.36000001430511475,0.3400000035762787,0.3400000035762787,173,0.0,0.0,0.0
2007-07-26 00:00:00+08:00,0.36000001430511475,0.36000001430511475,0.3400000035762787,0.3400000035762787,193,0.0,0.0,0.0
2007-07-27 00:00:00+08:00,0.3199999928474426,0.3400000035762787,0.3199999928474426,0.3400000035762787,270,0.0,0.0,0.0
2007-07-30 00:00:00+08:00,0.3400000035762787,0.3400000035762787,0.3400000035762787,0.3400000035762787,0,0.0,0.0,0.0
2007-07-31 00:00:00+08:00,0.3400000035762787,0.3400000035762787,0.3199999928474426,0.3199999928474426,279,0.0,0.0,0.0
2007-08-01 00:00:00+08:00,0.3199999928474426,0.3199999928474426,0.30000001192092896,0.30000001192092896,300,0.0,0.0,0.0
2007-08-02 00:00:00+08:00,0.30000001192092896,0.30000001192092896,0.2800000011920929,0.30000001192092896,289,0.0,0.0,0.0
2007-08-03 00:00:00+08:00,0.30000001192092896,0.30000001192092896,0.30000001192092896,0.30000001192092896,0,0.0,0.0,0.0
2007-08-06 00:00:00+08:00,0.2800000011920929,0.2800000011920929,0.25999999046325684,0.2800000011920929,128,0.0,0.0,0.0
2007-08-07 00:00:00+08:00,0.2800000011920929,0.2800000011920929,0.25999999046325684,0.25999999046325684,37,0.0,0.0,0.0
2007-08-08 00:00:00+08:00,0.2800000011920929,0.2800000011920929,0.2800000011920929,0.2800000011920929,25,0.0,0.0,0.0
2007-08-10 00:00:00+08:00,0.2800000011920929,0.2800000011920929,0.2800000011920929,0.2800000011920929,180,0.0,0.0,0.0
2007-08-13 00:00:00+08:00,0.2800000011920929,0.2800000011920929,0.2800000011920929,0.2800000011920929,0,0.0,0.0,0.0
2007-08-14 00:00:00+08:00,0.2800000011920929,0.2800000011920929,0.2800000011920929,0.2800000011920929,0,0.0,0.0,0.0
2007-08-15 00:00:00+08:00,0.2800000011920929,0.2800000011920929,0.2800000011920929,0.2800000011920929,0,0.0,0.0,0.0
2007-08-16 00:00:00+08:00,0.30000001192092896,0.30000001192092896,0.30000001192092896,0.30000001192092896,35,0.0,0.0,0.0
2007-08-17 00:00:00+08:00,0.30000001192092896,0.3400000035762787,0.25999999046325684,0.3400000035762787,120,0.0,0.0,0.0
2007-08-20 00:00:00+08:00,0.3400000035762787,0.3400000035762787,0.3400000035762787,0.3400000035762787,0,0.0,0.0,0.0
2007-08-21 00:00:00+08:00,0.2800000011920929,0.30000001192092896,0.2800000011920929,0.30000001192092896,322,0.0,0.0,0.0
2007-08-22 00:00:00+08:00,0.2800000011920929,0.2800000011920929,0.2800000011920929,0.2800000011920929,140,0.0,0.0,0.0
2007-08-23 00:00:00+08:00,0.2800000011920929,0.2800000011920929,0.2800000011920929,0.2800000011920929,0,0.0,0.0,0.0
2007-08-24 00:00:00+08:00,0.2800000011920929,0.2800000011920929,0.2800000011920929,0.2800000011920929,15,0.0,0.0,0.0
2007-08-27 00:00:00+08:00,0.2800000011920929,0.2800000011920929,0.2800000011920929,0.2800000011920929,0,0.0,0.0,0.0
2007-08-28 00:00:00+08:00,0.25999999046325684,0.25999999046325684,0.25999999046325684,0.25999999046325684,196,0.0,0.0,0.0
2007-08-29 00:00:00+08:00,0.25999999046325684,0.25999999046325684,0.25999999046325684,0.25999999046325684,41,0.0,0.0,0.0
2007-08-30 00:00:00+08:00,0.25999999046325684,0.25999999046325684,0.25999999046325684,0.25999999046325684,0,0.0,0.0,0.0
2007-08-31 00:00:00+08:00,0.25999999046325684,0.25999999046325684,0.25999999046325684,0.25999999046325684,0,0.0,0.0,0.0
2007-09-03 00:00:00+08:00,0.2800000011920929,0.2800000011920929,0.2800000011920929,0.2800000011920929,75,0.0,0.0,0.0
2007-09-04 00:00:00+08:00,0.2800000011920929,0.2800000011920929,0.25999999046325684,0.25999999046325684,59,0.0,0.0,0.0
2007-09-05 00:00:00+08:00,0.25999999046325684,0.25999999046325684,0.25999999046325684,0.25999999046325684,0,0.0,0.0,0.0
2007-09-06 00:00:00+08:00,0.25999999046325684,0.25999999046325684,0.25999999046325684,0.25999999046325684,0,0.0,0.0,0.0
2007-09-07 00:00:00+08:00,0.2800000011920929,0.30000001192092896,0.2800000011920929,0.30000001192092896,81,0.0,0.0,0.0
2007-09-10 00:00:00+08:00,0.30000001192092896,0.30000001192092896,0.30000001192092896,0.30000001192092896,0,0.0,0.0,0.0
2007-09-11 00:00:00+08:00,0.2800000011920929,0.2800000011920929,0.2800000011920929,0.2800000011920929,82,0.0,0.0,0.0
2007-09-12 00:00:00+08:00,0.30000001192092896,0.30000001192092896,0.2800000011920929,0.30000001192092896,22,0.0,0.0,0.0
2007-09-13 00:00:00+08:00,0.30000001192092896,0.30000001192092896,0.30000001192092896,0.30000001192092896,223,0.0,0.0,0.0
2007-09-14 00:00:00+08:00,0.3199999928474426,0.3199999928474426,0.3199999928474426,0.3199999928474426,50,0.0,0.0,0.0
2007-09-17 00:00:00+08:00,0.3199999928474426,0.3199999928474426,0.30000001192092896,0.30000001192092896,290,0.0,0.0,0.0
2007-09-18 00:00:00+08:00,0.30000001192092896,0.30000001192092896,0.30000001192092896,0.30000001192092896,0,0.0,0.0,0.0
2007-09-19 00:00:00+08:00,0.30000001192092896,0.3199999928474426,0.30000001192092896,0.3199999928474426,413,0.0,0.0,0.0
2007-09-20 00:00:00+08:00,0.3199999928474426,0.3199999928474426,0.3199999928474426,0.3199999928474426,972,0.0,0.0,0.0
2007-09-21 00:00:00+08:00,0.30000001192092896,0.30000001192092896,0.30000001192092896,0.30000001192092896,102,0.0,0.0,0.0
2007-09-24 00:00:00+08:00,0.3199999928474426,0.3199999928474426,0.3199999928474426,0.3199999928474426,507,0.0,0.0,0.0
2007-09-25 00:00:00+08:00,0.3199999928474426,0.36000001430511475,0.3199999928474426,0.36000001430511475,1273,0.0,0.0,0.0
2007-09-26 00:00:00+08:00,0.36000001430511475,0.4000000059604645,0.3400000035762787,0.36000001430511475,3825,0.0,0.0,0.0
2007-09-27 00:00:00+08:00,0.36000001430511475,0.36000001430511475,0.3400000035762787,0.36000001430511475,2053,0.0,0.0,0.0
2007-09-28 00:00:00+08:00,0.36000001430511475,0.3799999952316284,0.3400000035762787,0.36000001430511475,1225,0.0,0.0,0.0
2007-10-01 00:00:00+08:00,0.3400000035762787,0.36000001430511475,0.3400000035762787,0.3400000035762787,651,0.0,0.0,0.0
2007-10-02 00:00:00+08:00,0.3400000035762787,0.3400000035762787,0.3199999928474426,0.3400000035762787,1072,0.0,0.0,0.0
2007-10-03 00:00:00+08:00,0.3199999928474426,0.3199999928474426,0.30000001192092896,0.3199999928474426,238,0.0,0.0,0.0
2007-10-04 00:00:00+08:00,0.3199999928474426,0.3199999928474426,0.3199999928474426,0.3199999928474426,95,0.0,0.0,0.0
2007-10-05 00:00:00+08:00,0.3199999928474426,0.3199999928474426,0.3199999928474426,0.3199999928474426,325,0.0,0.0,0.0
2007-10-08 00:00:00+08:00,0.3199999928474426,0.3199999928474426,0.3199999928474426,0.3199999928474426,67,0.0,0.0,0.0
2007-10-09 00:00:00+08:00,0.3199999928474426,0.3199999928474426,0.30000001192092896,0.30000001192092896,50,0.0,0.0,0.0
2007-10-10 00:00:00+08:00,0.3199999928474426,0.3199999928474426,0.30000001192092896,0.3199999928474426,143,0.0,0.0,0.0
2007-10-11 00:00:00+08:00,0.3199999928474426,0.3199999928474426,0.3199999928474426,0.3199999928474426,0,0.0,0.0,0.0
2007-10-12 00:00:00+08:00,0.3199999928474426,0.3199999928474426,0.3199999928474426,0.3199999928474426,0,0.0,0.0,0.0
2007-10-15 00:00:00+08:00,0.30000001192092896,0.30000001192092896,0.30000001192092896,0.30000001192092896,37,0.0,0.0,0.0
2007-10-16 00:00:00+08:00,0.30000001192092896,0.30000001192092896,0.30000001192092896,0.30000001192092896,180,0.0,0.0,0.0
2007-10-17 00:00:00+08:00,0.30000001192092896,0.30000001192092896,0.30000001192092896,0.30000001192092896,0,0.0,0.0,0.0
2007-10-18 00:00:00+08:00,0.30000001192092896,0.30000001192092896,0.2800000011920929,0.30000001192092896,67,0.0,0.0,0.0
2007-10-19 00:00:00+08:00,0.30000001192092896,0.30000001192092896,0.30000001192092896,0.30000001192092896,0,0.0,0.0,0.0
2007-10-22 00:00:00+08:00,0.2800000011920929,0.2800000011920929,0.2800000011920929,0.2800000011920929,25,0.0,0.0,0.0
2007-10-23 00:00:00+08:00,0.2800000011920929,0.2800000011920929,0.2800000011920929,0.2800000011920929,100,0.0,0.0,0.0
2007-10-24 00:00:00+08:00,0.2800000011920929,0.2800000011920929,0.2800000011920929,0.2800000011920929,124,0.0,0.0,0.0
2007-10-25 00:00:00+08:00,0.2800000011920929,0.2800000011920929,0.2800000011920929,0.2800000011920929,0,0.0,0.0,0.0
2007-10-26 00:00:00+08:00,0.2800000011920929,0.2800000011920929,0.2800000011920929,0.2800000011920929,6,0.0,0.0,0.0
2007-10-29 00:00:00+08:00,0.2800000011920929,0.2800000011920929,0.2800000011920929,0.2800000011920929,20,0.0,0.0,0.0
2007-10-30 00:00:00+08:00,0.2800000011920929,0.30000001192092896,0.25999999046325684,0.25999999046325684,33,0.0,0.0,0.0
2007-10-31 00:00:00+08:00,0.25999999046325684,0.25999999046325684,0.25999999046325684,0.25999999046325684,0,0.0,0.0,0.0
2007-11-01 00:00:00+08:00,0.30000001192092896,0.30000001192092896,0.2800000011920929,0.2800000011920929,48,0.0,0.0,0.0
2007-11-02 00:00:00+08:00,0.30000001192092896,0.30000001192092896,0.30000001192092896,0.30000001192092896,82,0.0,0.0,0.0
2007-11-05 00:00:00+08:00,0.30000001192092896,0.30000001192092896,0.30000001192092896,0.30000001192092896,0,0.0,0.0,0.0
2007-11-06 00:00:00+08:00,0.30000001192092896,0.30000001192092896,0.30000001192092896,0.30000001192092896,0,0.0,0.0,0.0
2007-11-07 00:00:00+08:00,0.25999999046325684,0.2800000011920929,0.25999999046325684,0.2800000011920929,125,0.0,0.0,0.0
2007-11-09 00:00:00+08:00,0.25999999046325684,0.25999999046325684,0.25999999046325684,0.25999999046325684,67,0.0,0.0,0.0
2007-11-12 00:00:00+08:00,0.23999999463558197,0.25999999046325684,0.23999999463558197,0.23999999463558197,84,0.0,0.0,0.0
2007-11-13 00:00:00+08:00,0.23999999463558197,0.23999999463558197,0.23999999463558197,0.23999999463558197,0,0.0,0.0,0.0
2007-11-14 00:00:00+08:00,0.25999999046325684,0.25999999046325684,0.25999999046325684,0.25999999046325684,18,0.0,0.0,0.0
2007-11-15 00:00:00+08:00,0.23999999463558197,0.25999999046325684,0.23999999463558197,0.25999999046325684,151,0.0,0.0,0.0
2007-11-16 00:00:00+08:00,0.23999999463558197,0.25999999046325684,0.23999999463558197,0.25999999046325684,383,0.0,0.0,0.0
2007-11-19 00:00:00+08:00,0.23999999463558197,0.23999999463558197,0.23999999463558197,0.23999999463558197,25,0.0,0.0,0.0
2007-11-20 00:00:00+08:00,0.2199999988079071,0.23999999463558197,0.2199999988079071,0.23999999463558197,25,0.0,0.0,0.0
2007-11-21 00:00:00+08:00,0.23999999463558197,0.25999999046325684,0.23999999463558197,0.23999999463558197,87,0.0,0.0,0.0
2007-11-22 00:00:00+08:00,0.23999999463558197,0.23999999463558197,0.23999999463558197,0.23999999463558197,15,0.0,0.0,0.0
2007-11-23 00:00:00+08:00,0.23999999463558197,0.23999999463558197,0.23999999463558197,0.23999999463558197,34,0.0,0.0,0.0
2007-11-26 00:00:00+08:00,0.23999999463558197,0.23999999463558197,0.23999999463558197,0.23999999463558197,0,0.0,0.0,0.0
2007-11-27 00:00:00+08:00,0.23999999463558197,0.25999999046325684,0.23999999463558197,0.23999999463558197,8,0.0,0.0,0.0
2007-11-28 00:00:00+08:00,0.23999999463558197,0.23999999463558197,0.23999999463558197,0.23999999463558197,0,0.0,0.0,0.0
2007-11-29 00:00:00+08:00,0.23999999463558197,0.23999999463558197,0.23999999463558197,0.23999999463558197,0,0.0,0.0,0.0
2007-11-30 00:00:00+08:00,0.23999999463558197,0.23999999463558197,0.23999999463558197,0.23999999463558197,205,0.0,0.0,0.0
2007-12-03 00:00:00+08:00,0.23999999463558197,0.23999999463558197,0.23999999463558197,0.23999999463558197,51,0.0,0.0,0.0
2007-12-04 00:00:00+08:00,0.23999999463558197,0.23999999463558197,0.23999999463558197,0.23999999463558197,0,0.0,0.0,0.0
2007-12-05 00:00:00+08:00,0.23999999463558197,0.23999999463558197,0.23999999463558197,0.23999999463558197,18250,0.0,0.0,0.0
2007-12-06 00:00:00+08:00,0.23999999463558197,0.23999999463558197,0.23999999463558197,0.23999999463558197,50000,0.0,0.0,0.0
2007-12-07 00:00:00+08:00,0.23999999463558197,0.23999999463558197,0.23999999463558197,0.23999999463558197,0,0.0,0.0,0.0
2007-12-10 00:00:00+08:00,0.23999999463558197,0.23999999463558197,0.23999999463558197,0.23999999463558197,1882500,0.0,0.0,0.0
2007-12-11 00:00:00+08:00,0.23999999463558197,0.23999999463558197,0.23999999463558197,0.23999999463558197,0,0.0,0.0,0.0
2007-12-12 00:00:00+08:00,0.23999999463558197,0.23999999463558197,0.23999999463558197,0.23999999463558197,30750,0.0,0.0,0.0
2007-12-13 00:00:00+08:00,0.23999999463558197,0.23999999463558197,0.23999999463558197,0.23999999463558197,12500,0.0,0.0,0.0
2007-12-14 00:00:00+08:00,0.23999999463558197,0.23999999463558197,0.23999999463558197,0.23999999463558197,36750,0.0,0.0,0.0
2007-12-17 00:00:00+08:00,0.23999999463558197,0.23999999463558197,0.23999999463558197,0.23999999463558197,32500,0.0,0.0,0.0
2007-12-18 00:00:00+08:00,0.23999999463558197,0.23999999463558197,0.23999999463558197,0.23999999463558197,0,0.0,0.0,0.0
2007-12-19 00:00:00+08:00,0.2199999988079071,0.23999999463558197,0.2199999988079071,0.2199999988079071,7500,0.0,0.0,0.0
2007-12-21 00:00:00+08:00,0.2199999988079071,0.2199999988079071,0.2199999988079071,0.2199999988079071,0,0.0,0.0,0.0
2007-12-24 00:00:00+08:00,0.2199999988079071,0.2199999988079071,0.2199999988079071,0.2199999988079071,0,0.0,0.0,0.0
2007-12-26 00:00:00+08:00,0.23999999463558197,0.23999999463558197,0.2199999988079071,0.2199999988079071,25000,0.0,0.0,0.0
2007-12-27 00:00:00+08:00,0.2199999988079071,0.23999999463558197,0.2199999988079071,0.23999999463558197,13250,0.0,0.0,0.0
2007-12-28 00:00:00+08:00,0.23999999463558197,0.23999999463558197,0.23999999463558197,0.23999999463558197,0,0.0,0.0,0.0
2007-12-31 00:00:00+08:00,0.25999999046325684,0.25999999046325684,0.25999999046325684,0.25999999046325684,6250,0.0,0.0,0.0
2008-01-02 00:00:00+08:00,0.23999999463558197,0.23999999463558197,0.23999999463558197,0.23999999463558197,17750,0.0,0.0,0.0
2008-01-03 00:00:00+08:00,0.23999999463558197,0.23999999463558197,0.23999999463558197,0.23999999463558197,0,0.0,0.0,0.0
2008-01-04 00:00:00+08:00,0.23999999463558197,0.23999999463558197,0.23999999463558197,0.23999999463558197,0,0.0,0.0,0.0
2008-01-07 00:00:00+08:00,0.23999999463558197,0.23999999463558197,0.2199999988079071,0.23999999463558197,9250,0.0,0.0,0.0
2008-01-08 00:00:00+08:00,0.23999999463558197,0.23999999463558197,0.23999999463558197,0.23999999463558197,0,0.0,0.0,0.0
2008-01-09 00:00:00+08:00,0.20000000298023224,0.2199999988079071,0.20000000298023224,0.20000000298023224,151750,0.0,0.0,0.0
2008-01-10 00:00:00+08:00,0.20000000298023224,0.20000000298023224,0.20000000298023224,0.20000000298023224,0,0.0,0.0,0.0
2008-01-11 00:00:00+08:00,0.20000000298023224,0.2199999988079071,0.18000000715255737,0.20000000298023224,258500,0.0,0.0,0.0
2008-01-14 00:00:00+08:00,0.20000000298023224,0.20000000298023224,0.18000000715255737,0.20000000298023224,425750,0.0,0.0,0.0
2008-01-15 00:00:00+08:00,0.20000000298023224,0.20000000298023224,0.18000000715255737,0.20000000298023224,4750,0.0,0.0,0.0
2008-01-16 00:00:00+08:00,0.18000000715255737,0.20000000298023224,0.18000000715255737,0.20000000298023224,184250,0.0,0.0,0.0
2008-01-17 00:00:00+08:00,0.20000000298023224,0.20000000298023224,0.18000000715255737,0.18000000715255737,50500,0.0,0.0,0.0
2008-01-18 00:00:00+08:00,0.20000000298023224,0.20000000298023224,0.20000000298023224,0.20000000298023224,1206500,0.0,0.0,0.0
2008-01-21 00:00:00+08:00,0.18000000715255737,0.18000000715255737,0.18000000715255737,0.18000000715255737,52500,0.0,0.0,0.0
2008-01-22 00:00:00+08:00,0.18000000715255737,0.18000000715255737,0.18000000715255737,0.18000000715255737,71750,0.0,0.0,0.0
2008-01-23 00:00:00+08:00,0.18000000715255737,0.18000000715255737,0.18000000715255737,0.18000000715255737,8250,0.0,0.0,0.0
2008-01-24 00:00:00+08:00,0.18000000715255737,0.18000000715255737,0.18000000715255737,0.18000000715255737,0,0.0,0.0,0.0
2008-01-25 00:00:00+08:00,0.18000000715255737,0.18000000715255737,0.18000000715255737,0.18000000715255737,0,0.0,0.0,0.0
2008-01-28 00:00:00+08:00,0.18000000715255737,0.18000000715255737,0.18000000715255737,0.18000000715255737,0,0.0,0.0,0.0
2008-01-29 00:00:00+08:00,0.18000000715255737,0.18000000715255737,0.18000000715255737,0.18000000715255737,163250,0.0,0.0,0.0
2008-01-30 00:00:00+08:00,0.18000000715255737,0.18000000715255737,0.18000000715255737,0.18000000715255737,0,0.0,0.0,0.0
2008-01-31 00:00:00+08:00,0.18000000715255737,0.18000000715255737,0.1599999964237213,0.1599999964237213,75500,0.0,0.0,0.0
2008-02-01 00:00:00+08:00,0.1599999964237213,0.1599999964237213,0.1599999964237213,0.1599999964237213,0,0.0,0.0,0.0
2008-02-04 00:00:00+08:00,0.18000000715255737,0.18000000715255737,0.18000000715255737,0.18000000715255737,5000,0.0,0.0,0.0
2008-02-05 00:00:00+08:00,0.18000000715255737,0.18000000715255737,0.18000000715255737,0.18000000715255737,37500,0.0,0.0,0.0
2008-02-06 00:00:00+08:00,0.1599999964237213,0.1599999964237213,0.1599999964237213,0.1599999964237213,25000,0.0,0.0,0.0
2008-02-11 00:00:00+08:00,0.1599999964237213,0.1599999964237213,0.1599999964237213,0.1599999964237213,20000,0.0,0.0,0.0
2008-02-12 00:00:00+08:00,0.1599999964237213,0.1599999964237213,0.1599999964237213,0.1599999964237213,0,0.0,0.0,0.0
2008-02-13 00:00:00+08:00,0.1599999964237213,0.1599999964237213,0.1599999964237213,0.1599999964237213,0,0.0,0.0,0.0
2008-02-14 00:00:00+08:00,0.18000000715255737,0.18000000715255737,0.18000000715255737,0.18000000715255737,76250,0.0,0.0,0.0
2008-02-15 00:00:00+08:00,0.18000000715255737,0.18000000715255737,0.18000000715255737,0.18000000715255737,0,0.0,0.0,0.0
2008-02-18 00:00:00+08:00,0.20000000298023224,0.20000000298023224,0.18000000715255737,0.18000000715255737,35250,0.0,0.0,0.0
2008-02-19 00:00:00+08:00,0.18000000715255737,0.18000000715255737,0.18000000715255737,0.18000000715255737,0,0.0,0.0,0.0
2008-02-20 00:00:00+08:00,0.18000000715255737,0.18000000715255737,0.18000000715255737,0.18000000715255737,62500,0.0,0.0,0.0
2008-02-21 00:00:00+08:00,0.18000000715255737,0.18000000715255737,0.18000000715255737,0.18000000715255737,0,0.0,0.0,0.0
2008-02-22 00:00:00+08:00,0.18000000715255737,0.18000000715255737,0.18000000715255737,0.18000000715255737,0,0.0,0.0,0.0
2008-02-25 00:00:00+08:00,0.18000000715255737,0.18000000715255737,0.18000000715255737,0.18000000715255737,0,0.0,0.0,0.0
2008-02-26 00:00:00+08:00,0.18000000715255737,0.18000000715255737,0.18000000715255737,0.18000000715255737,0,0.0,0.0,0.0
2008-02-27 00:00:00+08:00,0.18000000715255737,0.18000000715255737,0.18000000715255737,0.18000000715255737,42750,0.0,0.0,0.0
2008-02-28 00:00:00+08:00,0.18000000715255737,0.18000000715255737,0.18000000715255737,0.18000000715255737,0,0.0,0.0,0.0
2008-02-29 00:00:00+08:00,0.20000000298023224,0.20000000298023224,0.20000000298023224,0.20000000298023224,5000,0.0,0.0,0.0
2008-03-03 00:00:00+08:00,0.18000000715255737,0.18000000715255737,0.18000000715255737,0.18000000715255737,25000,0.0,0.0,0.0
2008-03-04 00:00:00+08:00,0.18000000715255737,0.18000000715255737,0.18000000715255737,0.18000000715255737,0,0.0,0.0,0.0
2008-03-05 00:00:00+08:00,0.1599999964237213,0.1599999964237213,0.1599999964237213,0.1599999964237213,50000,0.0,0.0,0.0
2008-03-06 00:00:00+08:00,0.1599999964237213,0.1599999964237213,0.1599999964237213,0.1599999964237213,40000,0.0,0.0,0.0
2008-03-07 00:00:00+08:00,0.1599999964237213,0.1599999964237213,0.1599999964237213,0.1599999964237213,0,0.0,0.0,0.0
2008-03-10 00:00:00+08:00,0.1599999964237213,0.1599999964237213,0.1599999964237213,0.1599999964237213,84250,0.0,0.0,0.0
2008-03-11 00:00:00+08:00,0.1599999964237213,0.1599999964237213,0.1599999964237213,0.1599999964237213,7500,0.0,0.0,0.0
2008-03-12 00:00:00+08:00,0.1599999964237213,0.1599999964237213,0.1599999964237213,0.1599999964237213,0,0.0,0.0,0.0
2008-03-13 00:00:00+08:00,0.1599999964237213,0.1599999964237213,0.1599999964237213,0.1599999964237213,30000,0.0,0.0,0.0
2008-03-14 00:00:00+08:00,0.1599999964237213,0.1599999964237213,0.1599999964237213,0.1599999964237213,0,0.0,0.0,0.0
2008-03-17 00:00:00+08:00,0.1599999964237213,0.1599999964237213,0.1599999964237213,0.1599999964237213,0,0.0,0.0,0.0
2008-03-18 00:00:00+08:00,0.1599999964237213,0.1599999964237213,0.1599999964237213,0.1599999964237213,0,0.0,0.0,0.0
2008-03-19 00:00:00+08:00,0.1599999964237213,0.1599999964237213,0.1599999964237213,0.1599999964237213,0,0.0,0.0,0.0
2008-03-20 00:00:00+08:00,0.1599999964237213,0.1599999964237213,0.1599999964237213,0.1599999964237213,57500,0.0,0.0,0.0
2008-03-24 00:00:00+08:00,0.1599999964237213,0.1599999964237213,0.1599999964237213,0.1599999964237213,0,0.0,0.0,0.0
2008-03-25 00:00:00+08:00,0.1599999964237213,0.1599999964237213,0.1599999964237213,0.1599999964237213,137500,0.0,0.0,0.0
2008-03-26 00:00:00+08:00,0.1599999964237213,0.1599999964237213,0.1599999964237213,0.1599999964237213,0,0.0,0.0,0.0
2008-03-27 00:00:00+08:00,0.18000000715255737,0.18000000715255737,0.18000000715255737,0.18000000715255737,35000,0.0,0.0,0.0
2008-03-28 00:00:00+08:00,0.18000000715255737,0.18000000715255737,0.18000000715255737,0.18000000715255737,0,0.0,0.0,0.0
2008-03-31 00:00:00+08:00,0.18000000715255737,0.18000000715255737,0.18000000715255737,0.18000000715255737,6250,0.0,0.0,0.0
2008-04-01 00:00:00+08:00,0.18000000715255737,0.18000000715255737,0.18000000715255737,0.18000000715255737,0,0.0,0.0,0.0
2008-04-02 00:00:00+08:00,0.18000000715255737,0.18000000715255737,0.18000000715255737,0.18000000715255737,0,0.0,0.0,0.0
2008-04-03 00:00:00+08:00,0.18000000715255737,0.20000000298023224,0.18000000715255737,0.20000000298023224,48750,0.0,0.0,0.0
2008-04-04 00:00:00+08:00,0.20000000298023224,0.20000000298023224,0.20000000298023224,0.20000000298023224,0,0.0,0.0,0.0
2008-04-07 00:00:00+08:00,0.1599999964237213,0.1599999964237213,0.1599999964237213,0.1599999964237213,250000,0.0,0.0,0.0
2008-04-08 00:00:00+08:00,0.1599999964237213,0.1599999964237213,0.1599999964237213,0.1599999964237213,0,0.0,0.0,0.0
2008-04-09 00:00:00+08:00,0.1599999964237213,0.1599999964237213,0.1599999964237213,0.1599999964237213,33750,0.0,0.0,0.0
2008-04-10 00:00:00+08:00,0.1599999964237213,0.1599999964237213,0.1599999964237213,0.1599999964237213,0,0.0,0.0,0.0
2008-04-11 00:00:00+08:00,0.1599999964237213,0.1599999964237213,0.1599999964237213,0.1599999964237213,0,0.0,0.0,0.0
2008-04-14 00:00:00+08:00,0.1599999964237213,0.1599999964237213,0.1599999964237213,0.1599999964237213,0,0.0,0.0,0.0
2008-04-15 00:00:00+08:00,0.1599999964237213,0.1599999964237213,0.1599999964237213,0.1599999964237213,0,0.0,0.0,0.0
2008-04-16 00:00:00+08:00,0.18000000715255737,0.18000000715255737,0.1599999964237213,0.1599999964237213,5250,0.0,0.0,0.0
2008-04-17 00:00:00+08:00,0.1599999964237213,0.1599999964237213,0.1599999964237213,0.1599999964237213,0,0.0,0.0,0.0
2008-04-18 00:00:00+08:00,0.1599999964237213,0.18000000715255737,0.1599999964237213,0.18000000715255737,136250,0.0,0.0,0.0
2008-04-21 00:00:00+08:00,0.20000000298023224,0.20000000298023224,0.20000000298023224,0.20000000298023224,250,0.0,0.0,0.0
2008-04-22 00:00:00+08:00,0.1599999964237213,0.1599999964237213,0.1599999964237213,0.1599999964237213,12750,0.0,0.0,0.0
2008-04-23 00:00:00+08:00,0.20000000298023224,0.20000000298023224,0.20000000298023224,0.20000000298023224,250,0.0,0.0,0.0
2008-04-24 00:00:00+08:00,0.1599999964237213,0.1599999964237213,0.1599999964237213,0.1599999964237213,157500,0.0,0.0,0.0
2008-04-25 00:00:00+08:00,0.1599999964237213,0.1599999964237213,0.1599999964237213,0.1599999964237213,75000,0.0,0.0,0.0
2008-04-28 00:00:00+08:00,0.1599999964237213,0.1599999964237213,0.1599999964237213,0.1599999964237213,2500,0.0,0.0,0.0
2008-04-29 00:00:00+08:00,0.1599999964237213,0.1599999964237213,0.1599999964237213,0.1599999964237213,0,0.0,0.0,0.0
2008-04-30 00:00:00+08:00,0.18000000715255737,0.18000000715255737,0.18000000715255737,0.18000000715255737,6000,0.0,0.0,0.0
2008-05-02 00:00:00+08:00,0.1599999964237213,0.1599999964237213,0.1599999964237213,0.1599999964237213,52500,0.0,0.0,0.0
2008-05-05 00:00:00+08:00,0.1599999964237213,0.1599999964237213,0.1599999964237213,0.1599999964237213,0,0.0,0.0,0.0
2008-05-06 00:00:00+08:00,0.1599999964237213,0.1599999964237213,0.1599999964237213,0.1599999964237213,0,0.0,0.0,0.0
2008-05-07 00:00:00+08:00,0.1599999964237213,0.1599999964237213,0.1599999964237213,0.1599999964237213,0,0.0,0.0,0.0
2008-05-08 00:00:00+08:00,0.1599999964237213,0.1599999964237213,0.1599999964237213,0.1599999964237213,49250,0.0,0.0,0.0
2008-05-09 00:00:00+08:00,0.1599999964237213,0.1599999964237213,0.1599999964237213,0.1599999964237213,0,0.0,0.0,0.0
2008-05-12 00:00:00+08:00,0.1599999964237213,0.1599999964237213,0.1599999964237213,0.1599999964237213,0,0.0,0.0,0.0
2008-05-13 00:00:00+08:00,0.1599999964237213,0.1599999964237213,0.1599999964237213,0.1599999964237213,0,0.0,0.0,0.0
2008-05-14 00:00:00+08:00,0.1599999964237213,0.1599999964237213,0.1599999964237213,0.1599999964237213,0,0.0,0.0,0.0
2008-05-15 00:00:00+08:00,0.18000000715255737,0.18000000715255737,0.18000000715255737,0.18000000715255737,31500,0.0,0.0,0.0
2008-05-16 00:00:00+08:00,0.18000000715255737,0.18000000715255737,0.1599999964237213,0.1599999964237213,8250,0.0,0.0,0.0
2008-05-20 00:00:00+08:00,0.18000000715255737,0.18000000715255737,0.18000000715255737,0.18000000715255737,60000,0.0,0.0,0.0
2008-05-21 00:00:00+08:00,0.18000000715255737,0.18000000715255737,0.1599999964237213,0.18000000715255737,17500,0.0,0.0,0.0
2008-05-22 00:00:00+08:00,0.18000000715255737,0.18000000715255737,0.18000000715255737,0.18000000715255737,5750,0.0,0.0,0.0
2008-05-23 00:00:00+08:00,0.18000000715255737,0.18000000715255737,0.18000000715255737,0.18000000715255737,216500,0.0,0.0,0.0
2008-05-26 00:00:00+08:00,0.1599999964237213,0.1599999964237213,0.1599999964237213,0.1599999964237213,12500,0.0,0.0,0.0
2008-05-27 00:00:00+08:00,0.1599999964237213,0.1599999964237213,0.1599999964237213,0.1599999964237213,0,0.0,0.0,0.0
2008-05-28 00:00:00+08:00,0.1599999964237213,0.1599999964237213,0.1599999964237213,0.1599999964237213,0,0.0,0.0,0.0
2008-05-29 00:00:00+08:00,0.1599999964237213,0.1599999964237213,0.1599999964237213,0.1599999964237213,0,0.0,0.0,0.0
2008-05-30 00:00:00+08:00,0.1599999964237213,0.1599999964237213,0.1599999964237213,0.1599999964237213,0,0.0,0.0,0.0
2008-06-02 00:00:00+08:00,0.18000000715255737,0.18000000715255737,0.18000000715255737,0.18000000715255737,5500,0.0,0.0,0.0
2008-06-03 00:00:00+08:00,0.18000000715255737,0.18000000715255737,0.18000000715255737,0.18000000715255737,111750,0.0,0.0,0.0
2008-06-04 00:00:00+08:00,0.1599999964237213,0.18000000715255737,0.1599999964237213,0.1599999964237213,3500,0.0,0.0,0.0
2008-06-05 00:00:00+08:00,0.1599999964237213,0.1599999964237213,0.1599999964237213,0.1599999964237213,0,0.0,0.0,0.0
2008-06-06 00:00:00+08:00,0.1599999964237213,0.1599999964237213,0.1599999964237213,0.1599999964237213,0,0.0,0.0,0.0
2008-06-09 00:00:00+08:00,0.18000000715255737,0.18000000715255737,0.18000000715255737,0.18000000715255737,84000,0.0,0.0,0.0
2008-06-10 00:00:00+08:00,0.18000000715255737,0.20000000298023224,0.18000000715255737,0.18000000715255737,275250,0.0,0.0,0.0
2008-06-11 00:00:00+08:00,0.18000000715255737,0.18000000715255737,0.18000000715255737,0.18000000715255737,57750,0.0,0.0,0.0
2008-06-12 00:00:00+08:00,0.20000000298023224,0.20000000298023224,0.18000000715255737,0.20000000298023224,140500,0.0,0.0,0.0
2008-06-13 00:00:00+08:00,0.20000000298023224,0.20000000298023224,0.18000000715255737,0.18000000715255737,50500,0.0,0.0,0.0
2008-06-16 00:00:00+08:00,0.18000000715255737,0.20000000298023224,0.18000000715255737,0.20000000298023224,95000,0.0,0.0,0.0
2008-06-17 00:00:00+08:00,0.20000000298023224,0.20000000298023224,0.20000000298023224,0.20000000298023224,0,0.0,0.0,0.0
2008-06-18 00:00:00+08:00,0.20000000298023224,0.20000000298023224,0.20000000298023224,0.20000000298023224,12500,0.0,0.0,0.0
2008-06-19 00:00:00+08:00,0.20000000298023224,0.20000000298023224,0.18000000715255737,0.20000000298023224,66250,0.0,0.0,0.0
2008-06-20 00:00:00+08:00,0.20000000298023224,0.20000000298023224,0.20000000298023224,0.20000000298023224,0,0.0,0.0,0.0
2008-06-23 00:00:00+08:00,0.20000000298023224,0.20000000298023224,0.20000000298023224,0.20000000298023224,50000,0.0,0.0,0.0
2008-06-24 00:00:00+08:00,0.20000000298023224,0.20000000298023224,0.20000000298023224,0.20000000298023224,5000,0.0,0.0,0.0
2008-06-25 00:00:00+08:00,0.20000000298023224,0.2199999988079071,0.20000000298023224,0.2199999988079071,138000,0.0,0.0,0.0
2008-06-26 00:00:00+08:00,0.2199999988079071,0.2199999988079071,0.2199999988079071,0.2199999988079071,75000,0.0,0.0,0.0
2008-06-27 00:00:00+08:00,0.20000000298023224,0.2199999988079071,0.20000000298023224,0.2199999988079071,168750,0.0,0.0,0.0
2008-06-30 00:00:00+08:00,0.2199999988079071,0.25999999046325684,0.2199999988079071,0.25999999046325684,92500,0.0,0.0,0.0
2008-07-01 00:00:00+08:00,0.23999999463558197,0.25999999046325684,0.23999999463558197,0.25999999046325684,194500,0.0,0.0,0.0
2008-07-02 00:00:00+08:00,0.25999999046325684,0.25999999046325684,0.25999999046325684,0.25999999046325684,36250,0.0,0.0,0.0
2008-07-03 00:00:00+08:00,0.25999999046325684,0.25999999046325684,0.25999999046325684,0.25999999046325684,0,0.0,0.0,0.0
2008-07-04 00:00:00+08:00,0.25999999046325684,0.25999999046325684,0.25999999046325684,0.25999999046325684,0,0.0,0.0,0.0
2008-07-07 00:00:00+08:00,0.20000000298023224,0.23999999463558197,0.20000000298023224,0.23999999463558197,60250,0.0,0.0,0.0
2008-07-08 00:00:00+08:00,0.23999999463558197,0.23999999463558197,0.23999999463558197,0.23999999463558197,91750,0.0,0.0,0.0
2008-07-09 00:00:00+08:00,0.23999999463558197,0.23999999463558197,0.23999999463558197,0.23999999463558197,104500,0.0,0.0,0.0
2008-07-10 00:00:00+08:00,0.2199999988079071,0.23999999463558197,0.2199999988079071,0.23999999463558197,6750,0.0,0.0,0.0
2008-07-11 00:00:00+08:00,0.25999999046325684,0.25999999046325684,0.23999999463558197,0.23999999463558197,83750,0.0,0.0,0.0
2008-07-14 00:00:00+08:00,0.23999999463558197,0.23999999463558197,0.23999999463558197,0.23999999463558197,0,0.0,0.0,0.0
2008-07-15 00:00:00+08:00,0.23999999463558197,0.23999999463558197,0.23999999463558197,0.23999999463558197,0,0.0,0.0,0.0
2008-07-16 00:00:00+08:00,0.2199999988079071,0.2199999988079071,0.2199999988079071,0.2199999988079071,92500,0.0,0.0,0.0
2008-07-17 00:00:00+08:00,0.23999999463558197,0.23999999463558197,0.23999999463558197,0.23999999463558197,29500,0.0,0.0,0.0
2008-07-18 00:00:00+08:00,0.23999999463558197,0.23999999463558197,0.23999999463558197,0.23999999463558197,0,0.0,0.0,0.0
2008-07-21 00:00:00+08:00,0.23999999463558197,0.23999999463558197,0.23999999463558197,0.23999999463558197,75000,0.0,0.0,0.0
2008-07-22 00:00:00+08:00,0.23999999463558197,0.23999999463558197,0.23999999463558197,0.23999999463558197,0,0.0,0.0,0.0
2008-07-23 00:00:00+08:00,0.23999999463558197,0.23999999463558197,0.23999999463558197,0.23999999463558197,1000,0.0,0.0,0.0
2008-07-24 00:00:00+08:00,0.2199999988079071,0.25999999046325684,0.2199999988079071,0.25999999046325684,45500,0.0,0.0,0.0
2008-07-25 00:00:00+08:00,0.25999999046325684,0.25999999046325684,0.25999999046325684,0.25999999046325684,0,0.0,0.0,0.0
2008-07-28 00:00:00+08:00,0.25999999046325684,0.25999999046325684,0.25999999046325684,0.25999999046325684,57000,0.0,0.0,0.0
2008-07-29 00:00:00+08:00,0.25999999046325684,0.25999999046325684,0.25999999046325684,0.25999999046325684,0,0.0,0.0,0.0
2008-07-30 00:00:00+08:00,0.25999999046325684,0.25999999046325684,0.25999999046325684,0.25999999046325684,0,0.0,0.0,0.0
2008-07-31 00:00:00+08:00,0.25999999046325684,0.30000001192092896,0.25999999046325684,0.30000001192092896,177750,0.0,0.0,0.0
2008-08-01 00:00:00+08:00,0.30000001192092896,0.30000001192092896,0.30000001192092896,0.30000001192092896,0,0.0,0.0,0.0
2008-08-04 00:00:00+08:00,0.30000001192092896,0.30000001192092896,0.30000001192092896,0.30000001192092896,0,0.0,0.0,0.0
2008-08-05 00:00:00+08:00,0.30000001192092896,0.30000001192092896,0.30000001192092896,0.30000001192092896,0,0.0,0.0,0.0
2008-08-06 00:00:00+08:00,0.30000001192092896,0.30000001192092896,0.30000001192092896,0.30000001192092896,0,0.0,0.0,0.0
2008-08-07 00:00:00+08:00,0.2199999988079071,0.2199999988079071,0.2199999988079071,0.2199999988079071,17500,0.0,0.0,0.0
2008-08-08 00:00:00+08:00,0.2199999988079071,0.2199999988079071,0.2199999988079071,0.2199999988079071,0,0.0,0.0,0.0
2008-08-11 00:00:00+08:00,0.2199999988079071,0.2199999988079071,0.2199999988079071,0.2199999988079071,19250,0.0,0.0,0.0
2008-08-12 00:00:00+08:00,0.2199999988079071,0.2199999988079071,0.2199999988079071,0.2199999988079071,0,0.0,0.0,0.0
2008-08-13 00:00:00+08:00,0.20000000298023224,0.20000000298023224,0.20000000298023224,0.20000000298023224,30000,0.0,0.0,0.0
2008-08-14 00:00:00+08:00,0.20000000298023224,0.20000000298023224,0.20000000298023224,0.20000000298023224,287500,0.0,0.0,0.0
2008-08-15 00:00:00+08:00,0.20000000298023224,0.20000000298023224,0.20000000298023224,0.20000000298023224,0,0.0,0.0,0.0
2008-08-18 00:00:00+08:00,0.18000000715255737,0.18000000715255737,0.18000000715255737,0.18000000715255737,125250,0.0,0.0,0.0
2008-08-19 00:00:00+08:00,0.18000000715255737,0.18000000715255737,0.18000000715255737,0.18000000715255737,0,0.0,0.0,0.0
2008-08-20 00:00:00+08:00,0.18000000715255737,0.18000000715255737,0.18000000715255737,0.18000000715255737,29750,0.0,0.0,0.0
2008-08-21 00:00:00+08:00,0.18000000715255737,0.18000000715255737,0.18000000715255737,0.18000000715255737,2500,0.0,0.0,0.0
2008-08-22 00:00:00+08:00,0.18000000715255737,0.18000000715255737,0.18000000715255737,0.18000000715255737,0,0.0,0.0,0.0
2008-08-25 00:00:00+08:00,0.18000000715255737,0.18000000715255737,0.18000000715255737,0.18000000715255737,0,0.0,0.0,0.0
2008-08-26 00:00:00+08:00,0.18000000715255737,0.18000000715255737,0.18000000715255737,0.18000000715255737,0,0.0,0.0,0.0
2008-08-27 00:00:00+08:00,0.18000000715255737,0.18000000715255737,0.18000000715255737,0.18000000715255737,0,0.0,0.0,0.0
2008-08-28 00:00:00+08:00,0.20000000298023224,0.20000000298023224,0.20000000298023224,0.20000000298023224,2500,0.0,0.0,0.0
2008-08-29 00:00:00+08:00,0.20000000298023224,0.2800000011920929,0.20000000298023224,0.2800000011920929,242750,0.0,0.0,0.0
2008-09-01 00:00:00+08:00,0.2800000011920929,0.2800000011920929,0.2800000011920929,0.2800000011920929,0,0.0,0.0,0.0
2008-09-02 00:00:00+08:00,0.2800000011920929,0.2800000011920929,0.2800000011920929,0.2800000011920929,0,0.0,0.0,0.0
2008-09-03 00:00:00+08:00,0.2800000011920929,0.2800000011920929,0.2800000011920929,0.2800000011920929,0,0.0,0.0,0.0
2008-09-04 00:00:00+08:00,0.2800000011920929,0.2800000011920929,0.2800000011920929,0.2800000011920929,0,0.0,0.0,0.0
2008-09-05 00:00:00+08:00,0.2800000011920929,0.2800000011920929,0.2800000011920929,0.2800000011920929,0,0.0,0.0,0.0
2008-09-08 00:00:00+08:00,0.2800000011920929,0.2800000011920929,0.2800000011920929,0.2800000011920929,0,0.0,0.0,0.0
2008-09-09 00:00:00+08:00,0.2800000011920929,0.2800000011920929,0.2800000011920929,0.2800000011920929,0,0.0,0.0,0.0
2008-09-10 00:00:00+08:00,0.2800000011920929,0.2800000011920929,0.2800000011920929,0.2800000011920929,0,0.0,0.0,0.0
2008-09-11 00:00:00+08:00,0.2800000011920929,0.2800000011920929,0.2800000011920929,0.2800000011920929,0,0.0,0.0,0.0
2008-09-12 00:00:00+08:00,0.2199999988079071,0.2199999988079071,0.20000000298023224,0.20000000298023224,24500,0.0,0.0,0.0
2008-09-15 00:00:00+08:00,0.20000000298023224,0.20000000298023224,0.20000000298023224,0.20000000298023224,0,0.0,0.0,0.0
2008-09-16 00:00:00+08:00,0.20000000298023224,0.20000000298023224,0.20000000298023224,0.20000000298023224,0,0.0,0.0,0.0
2008-09-17 00:00:00+08:00,0.20000000298023224,0.20000000298023224,0.20000000298023224,0.20000000298023224,0,0.0,0.0,0.0
2008-09-18 00:00:00+08:00,0.1599999964237213,0.1599999964237213,0.1599999964237213,0.1599999964237213,50000,0.0,0.0,0.0
2008-09-19 00:00:00+08:00,0.1599999964237213,0.1599999964237213,0.1599999964237213,0.1599999964237213,0,0.0,0.0,0.0
2008-09-22 00:00:00+08:00,0.1599999964237213,0.1599999964237213,0.1599999964237213,0.1599999964237213,0,0.0,0.0,0.0
2008-09-23 00:00:00+08:00,0.1599999964237213,0.1599999964237213,0.1599999964237213,0.1599999964237213,12500,0.0,0.0,0.0
2008-09-24 00:00:00+08:00,0.1599999964237213,0.1599999964237213,0.1599999964237213,0.1599999964237213,0,0.0,0.0,0.0
2008-09-25 00:00:00+08:00,0.1599999964237213,0.1599999964237213,0.1599999964237213,0.1599999964237213,0,0.0,0.0,0.0
2008-09-26 00:00:00+08:00,0.1599999964237213,0.1599999964237213,0.1599999964237213,0.1599999964237213,0,0.0,0.0,0.0
2008-09-29 00:00:00+08:00,0.18000000715255737,0.18000000715255737,0.18000000715255737,0.18000000715255737,2750,0.0,0.0,0.0
2008-09-30 00:00:00+08:00,0.14000000059604645,0.20000000298023224,0.14000000059604645,0.20000000298023224,247500,0.0,0.0,0.0
2008-10-02 00:00:00+08:00,0.20000000298023224,0.20000000298023224,0.20000000298023224,0.20000000298023224,0,0.0,0.0,0.0
2008-10-03 00:00:00+08:00,0.20000000298023224,0.20000000298023224,0.20000000298023224,0.20000000298023224,0,0.0,0.0,0.0
2008-10-06 00:00:00+08:00,0.20000000298023224,0.20000000298023224,0.20000000298023224,0.20000000298023224,0,0.0,0.0,0.0
2008-10-07 00:00:00+08:00,0.20000000298023224,0.20000000298023224,0.20000000298023224,0.20000000298023224,0,0.0,0.0,0.0
2008-10-08 00:00:00+08:00,0.20000000298023224,0.20000000298023224,0.20000000298023224,0.20000000298023224,0,0.0,0.0,0.0
2008-10-09 00:00:00+08:00,0.20000000298023224,0.20000000298023224,0.20000000298023224,0.20000000298023224,0,0.0,0.0,0.0
2008-10-10 00:00:00+08:00,0.20000000298023224,0.20000000298023224,0.20000000298023224,0.20000000298023224,0,0.0,0.0,0.0
2008-10-13 00:00:00+08:00,0.20000000298023224,0.20000000298023224,0.20000000298023224,0.20000000298023224,0,0.0,0.0,0.0
2008-10-14 00:00:00+08:00,0.20000000298023224,0.20000000298023224,0.20000000298023224,0.20000000298023224,0,0.0,0.0,0.0
2008-10-15 00:00:00+08:00,0.20000000298023224,0.20000000298023224,0.20000000298023224,0.20000000298023224,0,0.0,0.0,0.0
2008-10-16 00:00:00+08:00,0.14000000059604645,0.14000000059604645,0.10000000149011612,0.11999999731779099,86500,0.0,0.0,0.0
2008-10-17 00:00:00+08:00,0.14000000059604645,0.14000000059604645,0.14000000059604645,0.14000000059604645,132500,0.0,0.0,0.0
2008-10-20 00:00:00+08:00,0.14000000059604645,0.14000000059604645,0.14000000059604645,0.14000000059604645,4500,0.0,0.0,0.0
2008-10-21 00:00:00+08:00,0.14000000059604645,0.14000000059604645,0.14000000059604645,0.14000000059604645,5000,0.0,0.0,0.0
2008-10-22 00:00:00+08:00,0.11999999731779099,0.14000000059604645,0.11999999731779099,0.14000000059604645,43250,0.0,0.0,0.0
2008-10-23 00:00:00+08:00,0.10000000149011612,0.10000000149011612,0.10000000149011612,0.10000000149011612,250,0.0,0.0,0.0
2008-10-24 00:00:00+08:00,0.10000000149011612,0.10000000149011612,0.07999999821186066,0.07999999821186066,48250,0.0,0.0,0.0
2008-10-27 00:00:00+08:00,0.07999999821186066,0.07999999821186066,0.07999999821186066,0.07999999821186066,0,0.0,0.0,0.0
2008-10-29 00:00:00+08:00,0.07999999821186066,0.07999999821186066,0.07999999821186066,0.07999999821186066,0,0.0,0.0,0.0
2008-10-30 00:00:00+08:00,0.07999999821186066,0.10000000149011612,0.07999999821186066,0.07999999821186066,262500,0.0,0.0,0.0
2008-10-31 00:00:00+08:00,0.10000000149011612,0.10000000149011612,0.10000000149011612,0.10000000149011612,150000,0.0,0.0,0.0
2008-11-03 00:00:00+08:00,0.10000000149011612,0.10000000149011612,0.10000000149011612,0.10000000149011612,0,0.0,0.0,0.0
2008-11-04 00:00:00+08:00,0.10000000149011612,0.10000000149011612,0.10000000149011612,0.10000000149011612,0,0.0,0.0,0.0
2008-11-05 00:00:00+08:00,0.10000000149011612,0.10000000149011612,0.10000000149011612,0.10000000149011612,0,0.0,0.0,0.0
2008-11-06 00:00:00+08:00,0.10000000149011612,0.10000000149011612,0.10000000149011612,0.10000000149011612,0,0.0,0.0,0.0
2008-11-07 00:00:00+08:00,0.10000000149011612,0.10000000149011612,0.10000000149011612,0.10000000149011612,750,0.0,0.0,0.0
2008-11-10 00:00:00+08:00,0.10000000149011612,0.10000000149011612,0.10000000149011612,0.10000000149011612,0,0.0,0.0,0.0
2008-11-11 00:00:00+08:00,0.10000000149011612,0.10000000149011612,0.10000000149011612,0.10000000149011612,0,0.0,0.0,0.0
2008-11-12 00:00:00+08:00,0.10000000149011612,0.10000000149011612,0.10000000149011612,0.10000000149011612,0,0.0,0.0,0.0
2008-11-13 00:00:00+08:00,0.10000000149011612,0.10000000149011612,0.10000000149011612,0.10000000149011612,0,0.0,0.0,0.0
2008-11-14 00:00:00+08:00,0.10000000149011612,0.10000000149011612,0.10000000149011612,0.10000000149011612,0,0.0,0.0,0.0
2008-11-17 00:00:00+08:00,0.10000000149011612,0.10000000149011612,0.10000000149011612,0.10000000149011612,0,0.0,0.0,0.0
2008-11-18 00:00:00+08:00,0.10000000149011612,0.10000000149011612,0.10000000149011612,0.10000000149011612,0,0.0,0.0,0.0
2008-11-19 00:00:00+08:00,0.10000000149011612,0.10000000149011612,0.10000000149011612,0.10000000149011612,339500,0.0,0.0,0.0
2008-11-20 00:00:00+08:00,0.10000000149011612,0.10000000149011612,0.10000000149011612,0.10000000149011612,0,0.0,0.0,0.0
2008-11-21 00:00:00+08:00,0.10000000149011612,0.10000000149011612,0.10000000149011612,0.10000000149011612,0,0.0,0.0,0.0
2008-11-24 00:00:00+08:00,0.07999999821186066,0.07999999821186066,0.07999999821186066,0.07999999821186066,7500,0.0,0.0,0.0
2008-11-25 00:00:00+08:00,0.07999999821186066,0.07999999821186066,0.07999999821186066,0.07999999821186066,0,0.0,0.0,0.0
2008-11-26 00:00:00+08:00,0.07999999821186066,0.07999999821186066,0.07999999821186066,0.07999999821186066,0,0.0,0.0,0.0
2008-11-27 00:00:00+08:00,0.07999999821186066,0.07999999821186066,0.07999999821186066,0.07999999821186066,0,0.0,0.0,0.0
2008-11-28 00:00:00+08:00,0.07999999821186066,0.07999999821186066,0.07999999821186066,0.07999999821186066,0,0.0,0.0,0.0
2008-12-01 00:00:00+08:00,0.07999999821186066,0.07999999821186066,0.07999999821186066,0.07999999821186066,0,0.0,0.0,0.0
2008-12-02 00:00:00+08:00,0.07999999821186066,0.07999999821186066,0.07999999821186066,0.07999999821186066,0,0.0,0.0,0.0
2008-12-03 00:00:00+08:00,0.07999999821186066,0.07999999821186066,0.07999999821186066,0.07999999821186066,0,0.0,0.0,0.0
2008-12-04 00:00:00+08:00,0.07999999821186066,0.07999999821186066,0.07999999821186066,0.07999999821186066,0,0.0,0.0,0.0
2008-12-05 00:00:00+08:00,0.07999999821186066,0.07999999821186066,0.07999999821186066,0.07999999821186066,12500,0.0,0.0,0.0
2008-12-09 00:00:00+08:00,0.07999999821186066,0.07999999821186066,0.07999999821186066,0.07999999821186066,60000,0.0,0.0,0.0
2008-12-10 00:00:00+08:00,0.07999999821186066,0.10000000149011612,0.07999999821186066,0.10000000149011612,113000,0.0,0.0,0.0
2008-12-11 00:00:00+08:00,0.07999999821186066,0.07999999821186066,0.07999999821186066,0.07999999821186066,125000,0.0,0.0,0.0
2008-12-12 00:00:00+08:00,0.07999999821186066,0.07999999821186066,0.07999999821186066,0.07999999821186066,0,0.0,0.0,0.0
2008-12-15 00:00:00+08:00,0.07999999821186066,0.07999999821186066,0.07999999821186066,0.07999999821186066,0,0.0,0.0,0.0
2008-12-16 00:00:00+08:00,0.07999999821186066,0.07999999821186066,0.07999999821186066,0.07999999821186066,0,0.0,0.0,0.0
2008-12-17 00:00:00+08:00,0.07999999821186066,0.07999999821186066,0.07999999821186066,0.07999999821186066,0,0.0,0.0,0.0
2008-12-18 00:00:00+08:00,0.07999999821186066,0.07999999821186066,0.07999999821186066,0.07999999821186066,0,0.0,0.0,0.0
2008-12-19 00:00:00+08:00,0.07999999821186066,0.07999999821186066,0.07999999821186066,0.07999999821186066,0,0.0,0.0,0.0
2008-12-22 00:00:00+08:00,0.07999999821186066,0.07999999821186066,0.07999999821186066,0.07999999821186066,0,0.0,0.0,0.0
2008-12-23 00:00:00+08:00,0.07999999821186066,0.07999999821186066,0.07999999821186066,0.07999999821186066,0,0.0,0.0,0.0
2008-12-24 00:00:00+08:00,0.07999999821186066,0.07999999821186066,0.07999999821186066,0.07999999821186066,0,0.0,0.0,0.0
2008-12-26 00:00:00+08:00,0.07999999821186066,0.07999999821186066,0.07999999821186066,0.07999999821186066,0,0.0,0.0,0.0
2008-12-29 00:00:00+08:00,0.07999999821186066,0.07999999821186066,0.07999999821186066,0.07999999821186066,0,0.0,0.0,0.0
2008-12-30 00:00:00+08:00,0.07999999821186066,0.07999999821186066,0.07999999821186066,0.07999999821186066,0,0.0,0.0,0.0
2008-12-31 00:00:00+08:00,0.07999999821186066,0.07999999821186066,0.07999999821186066,0.07999999821186066,0,0.0,0.0,0.0
2009-01-02 00:00:00+08:00,0.07999999821186066,0.07999999821186066,0.07999999821186066,0.07999999821186066,0,0.0,0.0,0.0
2009-01-05 00:00:00+08:00,0.07999999821186066,0.07999999821186066,0.07999999821186066,0.07999999821186066,934000,0.0,0.0,0.0
2009-01-06 00:00:00+08:00,0.10000000149011612,0.10000000149011612,0.10000000149011612,0.10000000149011612,52500,0.0,0.0,0.0
2009-01-07 00:00:00+08:00,0.10000000149011612,0.10000000149011612,0.10000000149011612,0.10000000149011612,0,0.0,0.0,0.0
2009-01-08 00:00:00+08:00,0.10000000149011612,0.10000000149011612,0.10000000149011612,0.10000000149011612,0,0.0,0.0,0.0
2009-01-09 00:00:00+08:00,0.11999999731779099,0.11999999731779099,0.11999999731779099,0.11999999731779099,59750,0.0,0.0,0.0
2009-01-12 00:00:00+08:00,0.11999999731779099,0.11999999731779099,0.11999999731779099,0.11999999731779099,0,0.0,0.0,0.0
2009-01-13 00:00:00+08:00,0.11999999731779099,0.11999999731779099,0.11999999731779099,0.11999999731779099,0,0.0,0.0,0.0
2009-01-14 00:00:00+08:00,0.11999999731779099,0.11999999731779099,0.11999999731779099,0.11999999731779099,0,0.0,0.0,0.0
2009-01-15 00:00:00+08:00,0.11999999731779099,0.11999999731779099,0.11999999731779099,0.11999999731779099,0,0.0,0.0,0.0
2009-01-16 00:00:00+08:00,0.11999999731779099,0.11999999731779099,0.11999999731779099,0.11999999731779099,0,0.0,0.0,0.0
2009-01-19 00:00:00+08:00,0.11999999731779099,0.11999999731779099,0.11999999731779099,0.11999999731779099,0,0.0,0.0,0.0
2009-01-20 00:00:00+08:00,0.10000000149011612,0.10000000149011612,0.10000000149011612,0.10000000149011612,1000,0.0,0.0,0.0
2009-01-21 00:00:00+08:00,0.10000000149011612,0.10000000149011612,0.10000000149011612,0.10000000149011612,0,0.0,0.0,0.0
2009-01-22 00:00:00+08:00,0.10000000149011612,0.10000000149011612,0.10000000149011612,0.10000000149011612,0,0.0,0.0,0.0
2009-01-23 00:00:00+08:00,0.10000000149011612,0.10000000149011612,0.10000000149011612,0.10000000149011612,0,0.0,0.0,0.0
2009-01-28 00:00:00+08:00,0.10000000149011612,0.10000000149011612,0.10000000149011612,0.10000000149011612,0,0.0,0.0,0.0
2009-01-29 00:00:00+08:00,0.10000000149011612,0.10000000149011612,0.10000000149011612,0.10000000149011612,0,0.0,0.0,0.0
2009-01-30 00:00:00+08:00,0.10000000149011612,0.10000000149011612,0.10000000149011612,0.10000000149011612,0,0.0,0.0,0.0
2009-02-02 00:00:00+08:00,0.10000000149011612,0.10000000149011612,0.10000000149011612,0.10000000149011612,0,0.0,0.0,0.0
2009-02-03 00:00:00+08:00,0.10000000149011612,0.10000000149011612,0.10000000149011612,0.10000000149011612,0,0.0,0.0,0.0
2009-02-04 00:00:00+08:00,0.10000000149011612,0.10000000149011612,0.10000000149011612,0.10000000149011612,0,0.0,0.0,0.0
2009-02-05 00:00:00+08:00,0.10000000149011612,0.10000000149011612,0.10000000149011612,0.10000000149011612,0,0.0,0.0,0.0
2009-02-06 00:00:00+08:00,0.10000000149011612,0.10000000149011612,0.10000000149011612,0.10000000149011612,0,0.0,0.0,0.0
2009-02-09 00:00:00+08:00,0.10000000149011612,0.10000000149011612,0.10000000149011612,0.10000000149011612,0,0.0,0.0,0.0
2009-02-10 00:00:00+08:00,0.10000000149011612,0.10000000149011612,0.10000000149011612,0.10000000149011612,0,0.0,0.0,0.0
2009-02-11 00:00:00+08:00,0.10000000149011612,0.10000000149011612,0.10000000149011612,0.10000000149011612,0,0.0,0.0,0.0
2009-02-12 00:00:00+08:00,0.10000000149011612,0.10000000149011612,0.10000000149011612,0.10000000149011612,0,0.0,0.0,0.0
2009-02-13 00:00:00+08:00,0.10000000149011612,0.10000000149011612,0.10000000149011612,0.10000000149011612,0,0.0,0.0,0.0
2009-02-16 00:00:00+08:00,0.10000000149011612,0.10000000149011612,0.10000000149011612,0.10000000149011612,0,0.0,0.0,0.0
2009-02-17 00:00:00+08:00,0.10000000149011612,0.10000000149011612,0.10000000149011612,0.10000000149011612,0,0.0,0.0,0.0
2009-02-18 00:00:00+08:00,0.10000000149011612,0.10000000149011612,0.10000000149011612,0.10000000149011612,0,0.0,0.0,0.0
2009-02-19 00:00:00+08:00,0.11999999731779099,0.11999999731779099,0.11999999731779099,0.11999999731779099,2500,0.0,0.0,0.0
2009-02-20 00:00:00+08:00,0.11999999731779099,0.11999999731779099,0.11999999731779099,0.11999999731779099,0,0.0,0.0,0.0
2009-02-23 00:00:00+08:00,0.11999999731779099,0.11999999731779099,0.11999999731779099,0.11999999731779099,0,0.0,0.0,0.0
2009-02-24 00:00:00+08:00,0.11999999731779099,0.11999999731779099,0.11999999731779099,0.11999999731779099,0,0.0,0.0,0.0
2009-02-25 00:00:00+08:00,0.11999999731779099,0.11999999731779099,0.11999999731779099,0.11999999731779099,0,0.0,0.0,0.0
2009-02-26 00:00:00+08:00,0.11999999731779099,0.11999999731779099,0.11999999731779099,0.11999999731779099,0,0.0,0.0,0.0
2009-02-27 00:00:00+08:00,0.11999999731779099,0.11999999731779099,0.11999999731779099,0.11999999731779099,0,0.0,0.0,0.0
2009-03-02 00:00:00+08:00,0.11999999731779099,0.11999999731779099,0.11999999731779099,0.11999999731779099,0,0.0,0.0,0.0
2009-03-03 00:00:00+08:00,0.11999999731779099,0.11999999731779099,0.11999999731779099,0.11999999731779099,0,0.0,0.0,0.0
2009-03-04 00:00:00+08:00,0.11999999731779099,0.11999999731779099,0.11999999731779099,0.11999999731779099,0,0.0,0.0,0.0
2009-03-05 00:00:00+08:00,0.11999999731779099,0.11999999731779099,0.11999999731779099,0.11999999731779099,0,0.0,0.0,0.0
2009-03-06 00:00:00+08:00,0.11999999731779099,0.11999999731779099,0.11999999731779099,0.11999999731779099,0,0.0,0.0,0.0
2009-03-09 00:00:00+08:00,0.11999999731779099,0.11999999731779099,0.11999999731779099,0.11999999731779099,0,0.0,0.0,0.0
2009-03-10 00:00:00+08:00,0.11999999731779099,0.11999999731779099,0.11999999731779099,0.11999999731779099,0,0.0,0.0,0.0
2009-03-11 00:00:00+08:00,0.11999999731779099,0.11999999731779099,0.11999999731779099,0.11999999731779099,0,0.0,0.0,0.0
2009-03-12 00:00:00+08:00,0.11999999731779099,0.11999999731779099,0.11999999731779099,0.11999999731779099,0,0.0,0.0,0.0
2009-03-13 00:00:00+08:00,0.11999999731779099,0.11999999731779099,0.11999999731779099,0.11999999731779099,0,0.0,0.0,0.0
2009-03-16 00:00:00+08:00,0.11999999731779099,0.11999999731779099,0.11999999731779099,0.11999999731779099,0,0.0,0.0,0.0
2009-03-17 00:00:00+08:00,0.11999999731779099,0.11999999731779099,0.11999999731779099,0.11999999731779099,0,0.0,0.0,0.0
2009-03-18 00:00:00+08:00,0.11999999731779099,0.11999999731779099,0.11999999731779099,0.11999999731779099,0,0.0,0.0,0.0
2009-03-19 00:00:00+08:00,0.11999999731779099,0.11999999731779099,0.11999999731779099,0.11999999731779099,0,0.0,0.0,0.0
2009-03-20 00:00:00+08:00,0.11999999731779099,0.11999999731779099,0.11999999731779099,0.11999999731779099,0,0.0,0.0,0.0
2009-03-23 00:00:00+08:00,0.11999999731779099,0.11999999731779099,0.11999999731779099,0.11999999731779099,0,0.0,0.0,0.0
2009-03-24 00:00:00+08:00,0.11999999731779099,0.11999999731779099,0.11999999731779099,0.11999999731779099,0,0.0,0.0,0.0
2009-03-25 00:00:00+08:00,0.11999999731779099,0.11999999731779099,0.11999999731779099,0.11999999731779099,0,0.0,0.0,0.0
2009-03-26 00:00:00+08:00,0.11999999731779099,0.11999999731779099,0.11999999731779099,0.11999999731779099,0,0.0,0.0,0.0
2009-03-27 00:00:00+08:00,0.11999999731779099,0.11999999731779099,0.11999999731779099,0.11999999731779099,0,0.0,0.0,0.0
2009-03-30 00:00:00+08:00,0.10000000149011612,0.10000000149011612,0.10000000149011612,0.10000000149011612,660000,0.0,0.0,0.0
2009-03-31 00:00:00+08:00,0.11999999731779099,0.11999999731779099,0.11999999731779099,0.11999999731779099,1250,0.0,0.0,0.0
2009-04-01 00:00:00+08:00,0.11999999731779099,0.11999999731779099,0.11999999731779099,0.11999999731779099,0,0.0,0.0,0.0
2009-04-02 00:00:00+08:00,0.11999999731779099,0.11999999731779099,0.11999999731779099,0.11999999731779099,0,0.0,0.0,0.0
2009-04-03 00:00:00+08:00,0.11999999731779099,0.11999999731779099,0.11999999731779099,0.11999999731779099,0,0.0,0.0,0.0
2009-04-06 00:00:00+08:00,0.11999999731779099,0.11999999731779099,0.11999999731779099,0.11999999731779099,0,0.0,0.0,0.0
2009-04-07 00:00:00+08:00,0.11999999731779099,0.11999999731779099,0.11999999731779099,0.11999999731779099,0,0.0,0.0,0.0
2009-04-08 00:00:00+08:00,0.11999999731779099,0.11999999731779099,0.11999999731779099,0.11999999731779099,0,0.0,0.0,0.0
2009-04-09 00:00:00+08:00,0.11999999731779099,0.11999999731779099,0.11999999731779099,0.11999999731779099,0,0.0,0.0,0.0
2009-04-13 00:00:00+08:00,0.11999999731779099,0.11999999731779099,0.11999999731779099,0.11999999731779099,0,0.0,0.0,0.0
2009-04-14 00:00:00+08:00,0.11999999731779099,0.11999999731779099,0.11999999731779099,0.11999999731779099,0,0.0,0.0,0.0
2009-04-15 00:00:00+08:00,0.11999999731779099,0.14000000059604645,0.11999999731779099,0.11999999731779099,81250,0.0,0.0,0.0
2009-04-16 00:00:00+08:00,0.14000000059604645,0.14000000059604645,0.14000000059604645,0.14000000059604645,12500,0.0,0.0,0.0
2009-04-17 00:00:00+08:00,0.14000000059604645,0.14000000059604645,0.14000000059604645,0.14000000059604645,0,0.0,0.0,0.0
2009-04-20 00:00:00+08:00,0.14000000059604645,0.14000000059604645,0.14000000059604645,0.14000000059604645,48250,0.0,0.0,0.0
2009-04-21 00:00:00+08:00,0.11999999731779099,0.11999999731779099,0.11999999731779099,0.11999999731779099,275000,0.0,0.0,0.0
2009-04-22 00:00:00+08:00,0.11999999731779099,0.11999999731779099,0.11999999731779099,0.11999999731779099,0,0.0,0.0,0.0
2009-04-23 00:00:00+08:00,0.11999999731779099,0.11999999731779099,0.11999999731779099,0.11999999731779099,0,0.0,0.0,0.0
2009-04-24 00:00:00+08:00,0.11999999731779099,0.11999999731779099,0.11999999731779099,0.11999999731779099,0,0.0,0.0,0.0
2009-04-27 00:00:00+08:00,0.11999999731779099,0.11999999731779099,0.11999999731779099,0.11999999731779099,0,0.0,0.0,0.0
2009-04-28 00:00:00+08:00,0.11999999731779099,0.11999999731779099,0.10000000149011612,0.10000000149011612,125000,0.0,0.0,0.0
2009-04-29 00:00:00+08:00,0.10000000149011612,0.10000000149011612,0.10000000149011612,0.10000000149011612,0,0.0,0.0,0.0
2009-04-30 00:00:00+08:00,0.11999999731779099,0.11999999731779099,0.07999999821186066,0.07999999821186066,400000,0.0,0.0,0.0
2009-05-01 00:00:00+08:00,0.07999999821186066,0.07999999821186066,0.07999999821186066,0.07999999821186066,0,0.0,0.0,0.0
2009-05-04 00:00:00+08:00,0.10000000149011612,0.11999999731779099,0.10000000149011612,0.11999999731779099,298250,0.0,0.0,0.0
2009-05-05 00:00:00+08:00,0.11999999731779099,0.14000000059604645,0.11999999731779099,0.14000000059604645,599250,0.0,0.0,0.0
2009-05-06 00:00:00+08:00,0.14000000059604645,0.14000000059604645,0.14000000059604645,0.14000000059604645,75000,0.0,0.0,0.0
2009-05-07 00:00:00+08:00,0.14000000059604645,0.14000000059604645,0.14000000059604645,0.14000000059604645,0,0.0,0.0,0.0
2009-05-08 00:00:00+08:00,0.14000000059604645,0.14000000059604645,0.14000000059604645,0.14000000059604645,75000,0.0,0.0,0.0
2009-05-11 00:00:00+08:00,0.14000000059604645,0.14000000059604645,0.14000000059604645,0.14000000059604645,80000,0.0,0.0,0.0
2009-05-12 00:00:00+08:00,0.14000000059604645,0.14000000059604645,0.14000000059604645,0.14000000059604645,0,0.0,0.0,0.0
2009-05-13 00:00:00+08:00,0.11999999731779099,0.11999999731779099,0.11999999731779099,0.11999999731779099,186250,0.0,0.0,0.0
2009-05-14 00:00:00+08:00,0.11999999731779099,0.11999999731779099,0.11999999731779099,0.11999999731779099,0,0.0,0.0,0.0
2009-05-15 00:00:00+08:00,0.11999999731779099,0.11999999731779099,0.11999999731779099,0.11999999731779099,0,0.0,0.0,0.0
2009-05-18 00:00:00+08:00,0.11999999731779099,0.11999999731779099,0.11999999731779099,0.11999999731779099,0,0.0,0.0,0.0
2009-05-19 00:00:00+08:00,0.11999999731779099,0.11999999731779099,0.11999999731779099,0.11999999731779099,0,0.0,0.0,0.0
2009-05-20 00:00:00+08:00,0.11999999731779099,0.11999999731779099,0.07999999821186066,0.10000000149011612,1450000,0.0,0.0,0.0
2009-05-21 00:00:00+08:00,0.10000000149011612,0.10000000149011612,0.10000000149011612,0.10000000149011612,5000,0.0,0.0,0.0
2009-05-22 00:00:00+08:00,0.10000000149011612,0.10000000149011612,0.10000000149011612,0.10000000149011612,165250,0.0,0.0,0.0
2009-05-25 00:00:00+08:00,0.11999999731779099,0.14000000059604645,0.11999999731779099,0.11999999731779099,834500,0.0,0.0,0.0
2009-05-26 00:00:00+08:00,0.11999999731779099,0.11999999731779099,0.11999999731779099,0.11999999731779099,125000,0.0,0.0,0.0
2009-05-27 00:00:00+08:00,0.11999999731779099,0.11999999731779099,0.11999999731779099,0.11999999731779099,132500,0.0,0.0,0.0
2009-05-28 00:00:00+08:00,0.11999999731779099,0.11999999731779099,0.11999999731779099,0.11999999731779099,50000,0.0,0.0,0.0
2009-05-29 00:00:00+08:00,0.11999999731779099,0.11999999731779099,0.11999999731779099,0.11999999731779099,34000,0.0,0.0,0.0
2009-06-01 00:00:00+08:00,0.11999999731779099,0.11999999731779099,0.10000000149011612,0.10000000149011612,1733750,0.0,0.0,0.0
2009-06-02 00:00:00+08:00,0.11999999731779099,0.11999999731779099,0.10000000149011612,0.11999999731779099,1121250,0.0,0.0,0.0
2009-06-03 00:00:00+08:00,0.10000000149011612,0.10000000149011612,0.10000000149011612,0.10000000149011612,194000,0.0,0.0,0.0
2009-06-04 00:00:00+08:00,0.10000000149011612,0.10000000149011612,0.10000000149011612,0.10000000149011612,53500,0.0,0.0,0.0
2009-06-05 00:00:00+08:00,0.10000000149011612,0.10000000149011612,0.10000000149011612,0.10000000149011612,25000,0.0,0.0,0.0
2009-06-08 00:00:00+08:00,0.11999999731779099,0.14000000059604645,0.11999999731779099,0.11999999731779099,1304250,0.0,0.0,0.0
2009-06-09 00:00:00+08:00,0.11999999731779099,0.11999999731779099,0.11999999731779099,0.11999999731779099,0,0.0,0.0,0.0
2009-06-10 00:00:00+08:00,0.11999999731779099,0.11999999731779099,0.11999999731779099,0.11999999731779099,0,0.0,0.0,0.0
2009-06-11 00:00:00+08:00,0.11999999731779099,0.11999999731779099,0.11999999731779099,0.11999999731779099,25000,0.0,0.0,0.0
2009-06-12 00:00:00+08:00,0.10000000149011612,0.10000000149011612,0.10000000149011612,0.10000000149011612,62500,0.0,0.0,0.0
2009-06-15 00:00:00+08:00,0.10000000149011612,0.10000000149011612,0.10000000149011612,0.10000000149011612,0,0.0,0.0,0.0
2009-06-16 00:00:00+08:00,0.10000000149011612,0.10000000149011612,0.10000000149011612,0.10000000149011612,0,0.0,0.0,0.0
2009-06-17 00:00:00+08:00,0.10000000149011612,0.10000000149011612,0.10000000149011612,0.10000000149011612,50000,0.0,0.0,0.0
2009-06-18 00:00:00+08:00,0.10000000149011612,0.10000000149011612,0.10000000149011612,0.10000000149011612,0,0.0,0.0,0.0
2009-06-19 00:00:00+08:00,0.10000000149011612,0.10000000149011612,0.10000000149011612,0.10000000149011612,0,0.0,0.0,0.0
2009-06-22 00:00:00+08:00,0.10000000149011612,0.10000000149011612,0.10000000149011612,0.10000000149011612,0,0.0,0.0,0.0
2009-06-23 00:00:00+08:00,0.10000000149011612,0.10000000149011612,0.10000000149011612,0.10000000149011612,45000,0.0,0.0,0.0
2009-06-24 00:00:00+08:00,0.10000000149011612,0.10000000149011612,0.10000000149011612,0.10000000149011612,0,0.0,0.0,0.0
2009-06-25 00:00:00+08:00,0.10000000149011612,0.10000000149011612,0.10000000149011612,0.10000000149011612,0,0.0,0.0,0.0
2009-06-26 00:00:00+08:00,0.10000000149011612,0.10000000149011612,0.10000000149011612,0.10000000149011612,0,0.0,0.0,0.0
2009-06-29 00:00:00+08:00,0.10000000149011612,0.10000000149011612,0.10000000149011612,0.10000000149011612,257500,0.0,0.0,0.0
2009-06-30 00:00:00+08:00,0.10000000149011612,0.10000000149011612,0.10000000149011612,0.10000000149011612,150000,0.0,0.0,0.0
2009-07-01 00:00:00+08:00,0.10000000149011612,0.10000000149011612,0.10000000149011612,0.10000000149011612,0,0.0,0.0,0.0
2009-07-02 00:00:00+08:00,0.10000000149011612,0.10000000149011612,0.10000000149011612,0.10000000149011612,0,0.0,0.0,0.0
2009-07-03 00:00:00+08:00,0.10000000149011612,0.10000000149011612,0.10000000149011612,0.10000000149011612,0,0.0,0.0,0.0
2009-07-06 00:00:00+08:00,0.10000000149011612,0.10000000149011612,0.10000000149011612,0.10000000149011612,88500,0.0,0.0,0.0
2009-07-07 00:00:00+08:00,0.10000000149011612,0.10000000149011612,0.10000000149011612,0.10000000149011612,50000,0.0,0.0,0.0
2009-07-08 00:00:00+08:00,0.10000000149011612,0.10000000149011612,0.10000000149011612,0.10000000149011612,62500,0.0,0.0,0.0
2009-07-09 00:00:00+08:00,0.10000000149011612,0.10000000149011612,0.10000000149011612,0.10000000149011612,0,0.0,0.0,0.0
2009-07-10 00:00:00+08:00,0.10000000149011612,0.10000000149011612,0.10000000149011612,0.10000000149011612,0,0.0,0.0,0.0
2009-07-13 00:00:00+08:00,0.10000000149011612,0.10000000149011612,0.10000000149011612,0.10000000149011612,0,0.0,0.0,0.0
2009-07-14 00:00:00+08:00,0.10000000149011612,0.10000000149011612,0.10000000149011612,0.10000000149011612,406500,0.0,0.0,0.0
2009-07-15 00:00:00+08:00,0.10000000149011612,0.10000000149011612,0.10000000149011612,0.10000000149011612,25000,0.0,0.0,0.0
2009-07-16 00:00:00+08:00,0.10000000149011612,0.10000000149011612,0.10000000149011612,0.10000000149011612,0,0.0,0.0,0.0
2009-07-17 00:00:00+08:00,0.10000000149011612,0.10000000149011612,0.10000000149011612,0.10000000149011612,25000,0.0,0.0,0.0
2009-07-20 00:00:00+08:00,0.10000000149011612,0.10000000149011612,0.10000000149011612,0.10000000149011612,50000,0.0,0.0,0.0
2009-07-21 00:00:00+08:00,0.11999999731779099,0.11999999731779099,0.10000000149011612,0.10000000149011612,275000,0.0,0.0,0.0
2009-07-22 00:00:00+08:00,0.10000000149011612,0.10000000149011612,0.10000000149011612,0.10000000149011612,0,0.0,0.0,0.0
2009-07-23 00:00:00+08:00,0.10000000149011612,0.10000000149011612,0.10000000149011612,0.10000000149011612,0,0.0,0.0,0.0
2009-07-24 00:00:00+08:00,0.10000000149011612,0.10000000149011612,0.10000000149011612,0.10000000149011612,137500,0.0,0.0,0.0
2009-07-27 00:00:00+08:00,0.10000000149011612,0.10000000149011612,0.10000000149011612,0.10000000149011612,0,0.0,0.0,0.0
2009-07-28 00:00:00+08:00,0.11999999731779099,0.11999999731779099,0.11999999731779099,0.11999999731779099,1094000,0.0,0.0,0.0
2009-07-29 00:00:00+08:00,0.11999999731779099,0.14000000059604645,0.11999999731779099,0.14000000059604645,208500,0.0,0.0,0.0
2009-07-30 00:00:00+08:00,0.14000000059604645,0.14000000059604645,0.14000000059604645,0.14000000059604645,0,0.0,0.0,0.0
2009-07-31 00:00:00+08:00,0.11999999731779099,0.1599999964237213,0.11999999731779099,0.14000000059604645,631500,0.0,0.0,0.0
2009-08-03 00:00:00+08:00,0.14000000059604645,0.14000000059604645,0.14000000059604645,0.14000000059604645,411000,0.0,0.0,0.0
2009-08-04 00:00:00+08:00,0.14000000059604645,0.14000000059604645,0.14000000059604645,0.14000000059604645,0,0.0,0.0,0.0
2009-08-05 00:00:00+08:00,0.14000000059604645,0.14000000059604645,0.14000000059604645,0.14000000059604645,0,0.0,0.0,0.0
2009-08-06 00:00:00+08:00,0.14000000059604645,0.14000000059604645,0.11999999731779099,0.11999999731779099,9500,0.0,0.0,0.0
2009-08-07 00:00:00+08:00,0.14000000059604645,0.14000000059604645,0.11999999731779099,0.11999999731779099,32250,0.0,0.0,0.0
2009-08-11 00:00:00+08:00,0.11999999731779099,0.11999999731779099,0.11999999731779099,0.11999999731779099,1514750,0.0,0.0,0.0
2009-08-12 00:00:00+08:00,0.11999999731779099,0.11999999731779099,0.11999999731779099,0.11999999731779099,1800000,0.0,0.0,0.0
2009-08-13 00:00:00+08:00,0.11999999731779099,0.11999999731779099,0.10000000149011612,0.11999999731779099,848000,0.0,0.0,0.0
2009-08-14 00:00:00+08:00,0.11999999731779099,0.14000000059604645,0.11999999731779099,0.14000000059604645,590000,0.0,0.0,0.0
2009-08-17 00:00:00+08:00,0.11999999731779099,0.14000000059604645,0.11999999731779099,0.14000000059604645,42500,0.0,0.0,0.0
2009-08-18 00:00:00+08:00,0.11999999731779099,0.11999999731779099,0.11999999731779099,0.11999999731779099,35000,0.0,0.0,0.0
2009-08-19 00:00:00+08:00,0.10000000149011612,0.11999999731779099,0.10000000149011612,0.11999999731779099,675000,0.0,0.0,0.0
2009-08-20 00:00:00+08:00,0.11999999731779099,0.14000000059604645,0.11999999731779099,0.11999999731779099,383500,0.0,0.0,0.0
2009-08-21 00:00:00+08:00,0.11999999731779099,0.11999999731779099,0.11999999731779099,0.11999999731779099,195250,0.0,0.0,0.0
2009-08-24 00:00:00+08:00,0.14000000059604645,0.14000000059604645,0.14000000059604645,0.14000000059604645,2500,0.0,0.0,0.0
2009-08-25 00:00:00+08:00,0.14000000059604645,0.14000000059604645,0.14000000059604645,0.14000000059604645,0,0.0,0.0,0.0
2009-08-26 00:00:00+08:00,0.14000000059604645,0.14000000059604645,0.14000000059604645,0.14000000059604645,0,0.0,0.0,0.0
2009-08-27 00:00:00+08:00,0.14000000059604645,0.1599999964237213,0.14000000059604645,0.1599999964237213,746750,0.0,0.0,0.0
2009-08-28 00:00:00+08:00,0.14000000059604645,0.1599999964237213,0.14000000059604645,0.14000000059604645,192750,0.0,0.0,0.0
2009-08-31 00:00:00+08:00,0.1599999964237213,0.1599999964237213,0.14000000059604645,0.14000000059604645,39000,0.0,0.0,0.0
2009-09-01 00:00:00+08:00,0.14000000059604645,0.14000000059604645,0.14000000059604645,0.14000000059604645,162500,0.0,0.0,0.0
2009-09-02 00:00:00+08:00,0.1599999964237213,0.1599999964237213,0.1599999964237213,0.1599999964237213,2500,0.0,0.0,0.0
2009-09-03 00:00:00+08:00,0.14000000059604645,0.14000000059604645,0.14000000059604645,0.14000000059604645,78750,0.0,0.0,0.0
2009-09-04 00:00:00+08:00,0.14000000059604645,0.14000000059604645,0.14000000059604645,0.14000000059604645,107750,0.0,0.0,0.0
2009-09-07 00:00:00+08:00,0.14000000059604645,0.14000000059604645,0.11999999731779099,0.14000000059604645,13307000,0.0,0.0,0.0
2009-09-08 00:00:00+08:00,0.14000000059604645,0.14000000059604645,0.11999999731779099,0.14000000059604645,10464000,0.0,0.0,0.0
2009-09-09 00:00:00+08:00,0.18000000715255737,0.20000000298023224,0.1599999964237213,0.18000000715255737,1090250,0.0,0.0,0.0
2009-09-10 00:00:00+08:00,0.18000000715255737,0.18000000715255737,0.18000000715255737,0.18000000715255737,0,0.0,0.0,0.0
2009-09-11 00:00:00+08:00,0.23999999463558197,0.25999999046325684,0.2199999988079071,0.2199999988079071,6280250,0.0,0.0,0.0
2009-09-14 00:00:00+08:00,0.2199999988079071,0.2199999988079071,0.20000000298023224,0.20000000298023224,1260750,0.0,0.0,0.0
2009-09-15 00:00:00+08:00,0.20000000298023224,0.2199999988079071,0.20000000298023224,0.2199999988079071,435500,0.0,0.0,0.0
2009-09-16 00:00:00+08:00,0.20000000298023224,0.2199999988079071,0.20000000298023224,0.20000000298023224,291500,0.0,0.0,0.0
2009-09-17 00:00:00+08:00,0.20000000298023224,0.2199999988079071,0.20000000298023224,0.20000000298023224,878250,0.0,0.0,0.0
2009-09-18 00:00:00+08:00,0.20000000298023224,0.20000000298023224,0.18000000715255737,0.18000000715255737,361000,0.0,0.0,0.0
2009-09-21 00:00:00+08:00,0.18000000715255737,0.18000000715255737,0.18000000715255737,0.18000000715255737,0,0.0,0.0,0.0
2009-09-22 00:00:00+08:00,0.20000000298023224,0.20000000298023224,0.18000000715255737,0.18000000715255737,271000,0.0,0.0,0.0
2009-09-23 00:00:00+08:00,0.20000000298023224,0.20000000298023224,0.18000000715255737,0.18000000715255737,1833500,0.0,0.0,0.0
2009-09-24 00:00:00+08:00,0.20000000298023224,0.20000000298023224,0.18000000715255737,0.18000000715255737,47500,0.0,0.0,0.0
2009-09-25 00:00:00+08:00,0.20000000298023224,0.20000000298023224,0.18000000715255737,0.18000000715255737,85000,0.0,0.0,0.0
2009-09-28 00:00:00+08:00,0.18000000715255737,0.18000000715255737,0.18000000715255737,0.18000000715255737,25000,0.0,0.0,0.0
2009-09-29 00:00:00+08:00,0.18000000715255737,0.18000000715255737,0.18000000715255737,0.18000000715255737,83500,0.0,0.0,0.0
2009-09-30 00:00:00+08:00,0.18000000715255737,0.20000000298023224,0.18000000715255737,0.18000000715255737,42500,0.0,0.0,0.0
2009-10-01 00:00:00+08:00,0.18000000715255737,0.18000000715255737,0.18000000715255737,0.18000000715255737,313750,0.0,0.0,0.0
2009-10-02 00:00:00+08:00,0.18000000715255737,0.18000000715255737,0.18000000715255737,0.18000000715255737,75500,0.0,0.0,0.0
2009-10-05 00:00:00+08:00,0.18000000715255737,0.18000000715255737,0.18000000715255737,0.18000000715255737,286250,0.0,0.0,0.0
2009-10-06 00:00:00+08:00,0.18000000715255737,0.18000000715255737,0.18000000715255737,0.18000000715255737,112500,0.0,0.0,0.0
2009-10-07 00:00:00+08:00,0.18000000715255737,0.18000000715255737,0.18000000715255737,0.18000000715255737,50000,0.0,0.0,0.0
2009-10-08 00:00:00+08:00,0.18000000715255737,0.18000000715255737,0.18000000715255737,0.18000000715255737,87500,0.0,0.0,0.0
2009-10-09 00:00:00+08:00,0.18000000715255737,0.18000000715255737,0.18000000715255737,0.18000000715255737,12500,0.0,0.0,0.0
2009-10-12 00:00:00+08:00,0.18000000715255737,0.18000000715255737,0.18000000715255737,0.18000000715255737,12500,0.0,0.0,0.0
2009-10-13 00:00:00+08:00,0.18000000715255737,0.18000000715255737,0.18000000715255737,0.18000000715255737,90000,0.0,0.0,0.0
2009-10-14 00:00:00+08:00,0.18000000715255737,0.18000000715255737,0.18000000715255737,0.18000000715255737,5000,0.0,0.0,0.0
2009-10-15 00:00:00+08:00,0.18000000715255737,0.18000000715255737,0.18000000715255737,0.18000000715255737,45000,0.0,0.0,0.0
2009-10-16 00:00:00+08:00,0.18000000715255737,0.20000000298023224,0.18000000715255737,0.20000000298023224,301250,0.0,0.0,0.0
2009-10-19 00:00:00+08:00,0.20000000298023224,0.20000000298023224,0.20000000298023224,0.20000000298023224,325000,0.0,0.0,0.0
2009-10-20 00:00:00+08:00,0.20000000298023224,0.20000000298023224,0.20000000298023224,0.20000000298023224,50000,0.0,0.0,0.0
2009-10-21 00:00:00+08:00,0.20000000298023224,0.20000000298023224,0.20000000298023224,0.20000000298023224,0,0.0,0.0,0.0
2009-10-22 00:00:00+08:00,0.18000000715255737,0.18000000715255737,0.18000000715255737,0.18000000715255737,6885000,0.0,0.0,0.0
2009-10-23 00:00:00+08:00,0.18000000715255737,0.18000000715255737,0.18000000715255737,0.18000000715255737,72500,0.0,0.0,0.0
2009-10-26 00:00:00+08:00,0.18000000715255737,0.20000000298023224,0.18000000715255737,0.20000000298023224,612500,0.0,0.0,0.0
2009-10-27 00:00:00+08:00,0.18000000715255737,0.20000000298023224,0.18000000715255737,0.20000000298023224,212500,0.0,0.0,0.0
2009-10-28 00:00:00+08:00,0.20000000298023224,0.20000000298023224,0.20000000298023224,0.20000000298023224,100000,0.0,0.0,0.0
2009-10-29 00:00:00+08:00,0.18000000715255737,0.18000000715255737,0.18000000715255737,0.18000000715255737,467250,0.0,0.0,0.0
2009-10-30 00:00:00+08:00,0.18000000715255737,0.18000000715255737,0.18000000715255737,0.18000000715255737,2631250,0.0,0.0,0.0
2009-11-02 00:00:00+08:00,0.18000000715255737,0.18000000715255737,0.18000000715255737,0.18000000715255737,90500,0.0,0.0,0.0
2009-11-03 00:00:00+08:00,0.18000000715255737,0.18000000715255737,0.18000000715255737,0.18000000715255737,262500,0.0,0.0,0.0
2009-11-04 00:00:00+08:00,0.18000000715255737,0.18000000715255737,0.18000000715255737,0.18000000715255737,5000,0.0,0.0,0.0
2009-11-05 00:00:00+08:00,0.18000000715255737,0.18000000715255737,0.18000000715255737,0.18000000715255737,2163500,0.0,0.0,0.0
2009-11-06 00:00:00+08:00,0.18000000715255737,0.18000000715255737,0.18000000715255737,0.18000000715255737,37500,0.0,0.0,0.0
2009-11-09 00:00:00+08:00,0.18000000715255737,0.18000000715255737,0.18000000715255737,0.18000000715255737,12500,0.0,0.0,0.0
2009-11-10 00:00:00+08:00,0.18000000715255737,0.18000000715255737,0.18000000715255737,0.18000000715255737,300000,0.0,0.0,0.0
2009-11-11 00:00:00+08:00,0.18000000715255737,0.18000000715255737,0.18000000715255737,0.18000000715255737,0,0.0,0.0,0.0
2009-11-12 00:00:00+08:00,0.18000000715255737,0.18000000715255737,0.18000000715255737,0.18000000715255737,5000,0.0,0.0,0.0
2009-11-13 00:00:00+08:00,0.18000000715255737,0.18000000715255737,0.18000000715255737,0.18000000715255737,137500,0.0,0.0,0.0
2009-11-17 00:00:00+08:00,0.18000000715255737,0.18000000715255737,0.18000000715255737,0.18000000715255737,178250,0.0,0.0,0.0
2009-11-18 00:00:00+08:00,0.18000000715255737,0.18000000715255737,0.18000000715255737,0.18000000715255737,50000,0.0,0.0,0.0
2009-11-19 00:00:00+08:00,0.18000000715255737,0.18000000715255737,0.18000000715255737,0.18000000715255737,82500,0.0,0.0,0.0
2009-11-20 00:00:00+08:00,0.18000000715255737,0.20000000298023224,0.18000000715255737,0.20000000298023224,282500,0.0,0.0,0.0
2009-11-23 00:00:00+08:00,0.20000000298023224,0.20000000298023224,0.20000000298023224,0.20000000298023224,0,0.0,0.0,0.0
2009-11-24 00:00:00+08:00,0.20000000298023224,0.20000000298023224,0.20000000298023224,0.20000000298023224,0,0.0,0.0,0.0
2009-11-25 00:00:00+08:00,0.20000000298023224,0.20000000298023224,0.20000000298023224,0.20000000298023224,0,0.0,0.0,0.0
2009-11-26 00:00:00+08:00,0.20000000298023224,0.20000000298023224,0.20000000298023224,0.20000000298023224,0,0.0,0.0,0.0
2009-11-30 00:00:00+08:00,0.18000000715255737,0.18000000715255737,0.18000000715255737,0.18000000715255737,11250,0.0,0.0,0.0
2009-12-01 00:00:00+08:00,0.18000000715255737,0.18000000715255737,0.1599999964237213,0.1599999964237213,500,0.0,0.0,0.0
2009-12-02 00:00:00+08:00,0.1599999964237213,0.1599999964237213,0.1599999964237213,0.1599999964237213,0,0.0,0.0,0.0
2009-12-03 00:00:00+08:00,0.1599999964237213,0.1599999964237213,0.1599999964237213,0.1599999964237213,20000,0.0,0.0,0.0
2009-12-04 00:00:00+08:00,0.1599999964237213,0.1599999964237213,0.1599999964237213,0.1599999964237213,0,0.0,0.0,0.0
2009-12-07 00:00:00+08:00,0.1599999964237213,0.1599999964237213,0.1599999964237213,0.1599999964237213,12500,0.0,0.0,0.0
2009-12-08 00:00:00+08:00,0.1599999964237213,0.1599999964237213,0.1599999964237213,0.1599999964237213,0,0.0,0.0,0.0
2009-12-09 00:00:00+08:00,0.18000000715255737,0.18000000715255737,0.18000000715255737,0.18000000715255737,90000,0.0,0.0,0.0
2009-12-10 00:00:00+08:00,0.18000000715255737,0.18000000715255737,0.18000000715255737,0.18000000715255737,0,0.0,0.0,0.0
2009-12-11 00:00:00+08:00,0.18000000715255737,0.18000000715255737,0.18000000715255737,0.18000000715255737,0,0.0,0.0,0.0
2009-12-14 00:00:00+08:00,0.1599999964237213,0.1599999964237213,0.1599999964237213,0.1599999964237213,12500,0.0,0.0,0.0
2009-12-15 00:00:00+08:00,0.1599999964237213,0.1599999964237213,0.1599999964237213,0.1599999964237213,6250,0.0,0.0,0.0
2009-12-16 00:00:00+08:00,0.1599999964237213,0.1599999964237213,0.1599999964237213,0.1599999964237213,0,0.0,0.0,0.0
2009-12-17 00:00:00+08:00,0.1599999964237213,0.1599999964237213,0.1599999964237213,0.1599999964237213,0,0.0,0.0,0.0
2009-12-18 00:00:00+08:00,0.1599999964237213,0.1599999964237213,0.1599999964237213,0.1599999964237213,33750,0.0,0.0,0.0
2009-12-21 00:00:00+08:00,0.1599999964237213,0.1599999964237213,0.1599999964237213,0.1599999964237213,62500,0.0,0.0,0.0
2009-12-22 00:00:00+08:00,0.1599999964237213,0.1599999964237213,0.1599999964237213,0.1599999964237213,1250,0.0,0.0,0.0
2009-12-23 00:00:00+08:00,0.1599999964237213,0.1599999964237213,0.1599999964237213,0.1599999964237213,0,0.0,0.0,0.0
2009-12-28 00:00:00+08:00,0.1599999964237213,0.1599999964237213,0.1599999964237213,0.1599999964237213,0,0.0,0.0,0.0
2009-12-29 00:00:00+08:00,0.1599999964237213,0.1599999964237213,0.1599999964237213,0.1599999964237213,0,0.0,0.0,0.0
2009-12-30 00:00:00+08:00,0.1599999964237213,0.1599999964237213,0.1599999964237213,0.1599999964237213,0,0.0,0.0,0.0
2010-01-04 00:00:00+08:00,0.18000000715255737,0.18000000715255737,0.18000000715255737,0.18000000715255737,29750,0.0,0.0,0.0
2010-01-05 00:00:00+08:00,0.18000000715255737,0.18000000715255737,0.18000000715255737,0.18000000715255737,0,0.0,0.0,0.0
2010-01-06 00:00:00+08:00,0.1599999964237213,0.1599999964237213,0.1599999964237213,0.1599999964237213,25000,0.0,0.0,0.0
2010-01-07 00:00:00+08:00,0.1599999964237213,0.1599999964237213,0.1599999964237213,0.1599999964237213,0,0.0,0.0,0.0
2010-01-08 00:00:00+08:00,0.1599999964237213,0.1599999964237213,0.1599999964237213,0.1599999964237213,0,0.0,0.0,0.0
2010-01-11 00:00:00+08:00,0.1599999964237213,0.1599999964237213,0.1599999964237213,0.1599999964237213,0,0.0,0.0,0.0
2010-01-12 00:00:00+08:00,0.18000000715255737,0.18000000715255737,0.18000000715255737,0.18000000715255737,10000,0.0,0.0,0.0
2010-01-13 00:00:00+08:00,0.18000000715255737,0.18000000715255737,0.18000000715255737,0.18000000715255737,0,0.0,0.0,0.0
2010-01-14 00:00:00+08:00,0.18000000715255737,0.18000000715255737,0.18000000715255737,0.18000000715255737,0,0.0,0.0,0.0
2010-01-15 00:00:00+08:00,0.1599999964237213,0.1599999964237213,0.1599999964237213,0.1599999964237213,9750,0.0,0.0,0.0
2010-01-18 00:00:00+08:00,0.1599999964237213,0.1599999964237213,0.1599999964237213,0.1599999964237213,9750,0.0,0.0,0.0
2010-01-19 00:00:00+08:00,0.1599999964237213,0.18000000715255737,0.14000000059604645,0.18000000715255737,724750,0.0,0.0,0.0
2010-01-20 00:00:00+08:00,0.18000000715255737,0.18000000715255737,0.18000000715255737,0.18000000715255737,315000,0.0,0.0,0.0
2010-01-21 00:00:00+08:00,0.18000000715255737,0.18000000715255737,0.18000000715255737,0.18000000715255737,402000,0.0,0.0,0.0
2010-01-22 00:00:00+08:00,0.1599999964237213,0.18000000715255737,0.1599999964237213,0.18000000715255737,92500,0.0,0.0,0.0
2010-01-25 00:00:00+08:00,0.18000000715255737,0.18000000715255737,0.18000000715255737,0.18000000715255737,53750,0.0,0.0,0.0
2010-01-26 00:00:00+08:00,0.18000000715255737,0.18000000715255737,0.18000000715255737,0.18000000715255737,275000,0.0,0.0,0.0
2010-01-27 00:00:00+08:00,0.18000000715255737,0.18000000715255737,0.18000000715255737,0.18000000715255737,580000,0.0,0.0,0.0
2010-01-28 00:00:00+08:00,0.18000000715255737,0.18000000715255737,0.18000000715255737,0.18000000715255737,425000,0.0,0.0,0.0
2010-01-29 00:00:00+08:00,0.18000000715255737,0.18000000715255737,0.18000000715255737,0.18000000715255737,151750,0.0,0.0,0.0
2010-02-01 00:00:00+08:00,0.18000000715255737,0.18000000715255737,0.1599999964237213,0.1599999964237213,101250,0.0,0.0,0.0
2010-02-02 00:00:00+08:00,0.1599999964237213,0.1599999964237213,0.1599999964237213,0.1599999964237213,0,0.0,0.0,0.0
2010-02-03 00:00:00+08:00,0.18000000715255737,0.18000000715255737,0.18000000715255737,0.18000000715255737,125000,0.0,0.0,0.0
2010-02-04 00:00:00+08:00,0.18000000715255737,0.18000000715255737,0.18000000715255737,0.18000000715255737,112500,0.0,0.0,0.0
2010-02-05 00:00:00+08:00,0.18000000715255737,0.18000000715255737,0.18000000715255737,0.18000000715255737,160250,0.0,0.0,0.0
2010-02-08 00:00:00+08:00,0.18000000715255737,0.20000000298023224,0.18000000715255737,0.18000000715255737,153000,0.0,0.0,0.0
2010-02-09 00:00:00+08:00,0.18000000715255737,0.18000000715255737,0.18000000715255737,0.18000000715255737,37500,0.0,0.0,0.0
2010-02-10 00:00:00+08:00,0.18000000715255737,0.18000000715255737,0.18000000715255737,0.18000000715255737,50000,0.0,0.0,0.0
2010-02-11 00:00:00+08:00,0.18000000715255737,0.18000000715255737,0.18000000715255737,0.18000000715255737,0,0.0,0.0,0.0
2010-02-12 00:00:00+08:00,0.18000000715255737,0.18000000715255737,0.18000000715255737,0.18000000715255737,0,0.0,0.0,0.0
2010-02-17 00:00:00+08:00,0.18000000715255737,0.20000000298023224,0.18000000715255737,0.18000000715255737,545750,0.0,0.0,0.0
2010-02-18 00:00:00+08:00,0.18000000715255737,0.18000000715255737,0.18000000715255737,0.18000000715255737,0,0.0,0.0,0.0
2010-02-19 00:00:00+08:00,0.18000000715255737,0.20000000298023224,0.18000000715255737,0.18000000715255737,366500,0.0,0.0,0.0
2010-02-22 00:00:00+08:00,0.18000000715255737,0.20000000298023224,0.18000000715255737,0.20000000298023224,486750,0.0,0.0,0.0
2010-02-23 00:00:00+08:00,0.20000000298023224,0.20000000298023224,0.18000000715255737,0.20000000298023224,1446750,0.0,0.0,0.0
2010-02-24 00:00:00+08:00,0.20000000298023224,0.20000000298023224,0.18000000715255737,0.18000000715255737,1785750,0.0,0.0,0.0
2010-02-25 00:00:00+08:00,0.18000000715255737,0.18000000715255737,0.18000000715255737,0.18000000715255737,425000,0.0,0.0,0.0
2010-02-26 00:00:00+08:00,0.18000000715255737,0.18000000715255737,0.18000000715255737,0.18000000715255737,50000,0.0,0.0,0.0
2010-03-01 00:00:00+08:00,0.18000000715255737,0.18000000715255737,0.18000000715255737,0.18000000715255737,550000,0.0,0.0,0.0
2010-03-02 00:00:00+08:00,0.18000000715255737,0.18000000715255737,0.18000000715255737,0.18000000715255737,565500,0.0,0.0,0.0
2010-03-03 00:00:00+08:00,0.18000000715255737,0.18000000715255737,0.18000000715255737,0.18000000715255737,2537500,0.0,0.0,0.0
2010-03-04 00:00:00+08:00,0.18000000715255737,0.18000000715255737,0.18000000715255737,0.18000000715255737,276750,0.0,0.0,0.0
2010-03-05 00:00:00+08:00,0.18000000715255737,0.18000000715255737,0.18000000715255737,0.18000000715255737,753250,0.0,0.0,0.0
2010-03-08 00:00:00+08:00,0.18000000715255737,0.20000000298023224,0.18000000715255737,0.20000000298023224,39250,0.0,0.0,0.0
2010-03-09 00:00:00+08:00,0.18000000715255737,0.18000000715255737,0.18000000715255737,0.18000000715255737,12500,0.0,0.0,0.0
2010-03-10 00:00:00+08:00,0.18000000715255737,0.18000000715255737,0.18000000715255737,0.18000000715255737,0,0.0,0.0,0.0
2010-03-11 00:00:00+08:00,0.18000000715255737,0.18000000715255737,0.18000000715255737,0.18000000715255737,160500,0.0,0.0,0.0
2010-03-12 00:00:00+08:00,0.18000000715255737,0.18000000715255737,0.18000000715255737,0.18000000715255737,0,0.0,0.0,0.0
2010-03-15 00:00:00+08:00,0.18000000715255737,0.18000000715255737,0.18000000715255737,0.18000000715255737,0,0.0,0.0,0.0
2010-03-16 00:00:00+08:00,0.18000000715255737,0.18000000715255737,0.18000000715255737,0.18000000715255737,0,0.0,0.0,0.0
2010-03-17 00:00:00+08:00,0.18000000715255737,0.18000000715255737,0.18000000715255737,0.18000000715255737,0,0.0,0.0,0.0
2010-03-18 00:00:00+08:00,0.18000000715255737,0.18000000715255737,0.18000000715255737,0.18000000715255737,125000,0.0,0.0,0.0
2010-03-19 00:00:00+08:00,0.1599999964237213,0.1599999964237213,0.1599999964237213,0.1599999964237213,5000,0.0,0.0,0.0
2010-03-22 00:00:00+08:00,0.18000000715255737,0.18000000715255737,0.18000000715255737,0.18000000715255737,10000,0.0,0.0,0.0
2010-03-23 00:00:00+08:00,0.18000000715255737,0.18000000715255737,0.18000000715255737,0.18000000715255737,0,0.0,0.0,0.0
2010-03-24 00:00:00+08:00,0.18000000715255737,0.18000000715255737,0.18000000715255737,0.18000000715255737,37500,0.0,0.0,0.0
2010-03-25 00:00:00+08:00,0.18000000715255737,0.18000000715255737,0.18000000715255737,0.18000000715255737,0,0.0,0.0,0.0
2010-03-26 00:00:00+08:00,0.18000000715255737,0.18000000715255737,0.18000000715255737,0.18000000715255737,0,0.0,0.0,0.0
2010-03-29 00:00:00+08:00,0.18000000715255737,0.18000000715255737,0.18000000715255737,0.18000000715255737,0,0.0,0.0,0.0
2010-03-30 00:00:00+08:00,0.18000000715255737,0.18000000715255737,0.18000000715255737,0.18000000715255737,0,0.0,0.0,0.0
2010-03-31 00:00:00+08:00,0.1599999964237213,0.1599999964237213,0.1599999964237213,0.1599999964237213,12500,0.0,0.0,0.0
2010-04-01 00:00:00+08:00,0.1599999964237213,0.1599999964237213,0.1599999964237213,0.1599999964237213,6750,0.0,0.0,0.0
2010-04-05 00:00:00+08:00,0.18000000715255737,0.18000000715255737,0.18000000715255737,0.18000000715255737,12500,0.0,0.0,0.0
2010-04-06 00:00:00+08:00,0.18000000715255737,0.18000000715255737,0.18000000715255737,0.18000000715255737,0,0.0,0.0,0.0
2010-04-07 00:00:00+08:00,0.1599999964237213,0.18000000715255737,0.1599999964237213,0.1599999964237213,11000,0.0,0.0,0.0
2010-04-08 00:00:00+08:00,0.1599999964237213,0.1599999964237213,0.1599999964237213,0.1599999964237213,0,0.0,0.0,0.0
2010-04-09 00:00:00+08:00,0.1599999964237213,0.1599999964237213,0.1599999964237213,0.1599999964237213,0,0.0,0.0,0.0
2010-04-12 00:00:00+08:00,0.18000000715255737,0.18000000715255737,0.18000000715255737,0.18000000715255737,124500,0.0,0.0,0.0
2010-04-13 00:00:00+08:00,0.18000000715255737,0.18000000715255737,0.18000000715255737,0.18000000715255737,31750,0.0,0.0,0.0
2010-04-14 00:00:00+08:00,0.18000000715255737,0.18000000715255737,0.18000000715255737,0.18000000715255737,287500,0.0,0.0,0.0
2010-04-15 00:00:00+08:00,0.18000000715255737,0.18000000715255737,0.18000000715255737,0.18000000715255737,73750,0.0,0.0,0.0
2010-04-16 00:00:00+08:00,0.20000000298023224,0.20000000298023224,0.20000000298023224,0.20000000298023224,25000,0.0,0.0,0.0
2010-04-19 00:00:00+08:00,0.20000000298023224,0.20000000298023224,0.20000000298023224,0.20000000298023224,0,0.0,0.0,0.0
2010-04-20 00:00:00+08:00,0.20000000298023224,0.20000000298023224,0.20000000298023224,0.20000000298023224,0,0.0,0.0,0.0
2010-04-21 00:00:00+08:00,0.18000000715255737,0.18000000715255737,0.18000000715255737,0.18000000715255737,13750,0.0,0.0,0.0
2010-04-22 00:00:00+08:00,0.18000000715255737,0.18000000715255737,0.18000000715255737,0.18000000715255737,7500,0.0,0.0,0.0
2010-04-23 00:00:00+08:00,0.18000000715255737,0.18000000715255737,0.18000000715255737,0.18000000715255737,0,0.0,0.0,0.0
2010-04-26 00:00:00+08:00,0.18000000715255737,0.18000000715255737,0.18000000715255737,0.18000000715255737,332500,0.0,0.0,0.0
2010-04-27 00:00:00+08:00,0.18000000715255737,0.18000000715255737,0.1599999964237213,0.18000000715255737,125750,0.0,0.0,0.0
2010-04-28 00:00:00+08:00,0.18000000715255737,0.18000000715255737,0.18000000715255737,0.18000000715255737,25000,0.0,0.0,0.0
2010-04-29 00:00:00+08:00,0.18000000715255737,0.18000000715255737,0.18000000715255737,0.18000000715255737,125000,0.0,0.0,0.0
2010-04-30 00:00:00+08:00,0.18000000715255737,0.18000000715255737,0.18000000715255737,0.18000000715255737,0,0.0,0.0,0.0
2010-05-03 00:00:00+08:00,0.18000000715255737,0.18000000715255737,0.18000000715255737,0.18000000715255737,0,0.0,0.0,0.0
2010-05-04 00:00:00+08:00,0.18000000715255737,0.18000000715255737,0.18000000715255737,0.18000000715255737,0,0.0,0.0,0.0
2010-05-05 00:00:00+08:00,0.1599999964237213,0.1599999964237213,0.1599999964237213,0.1599999964237213,3750,0.0,0.0,0.0
2010-05-06 00:00:00+08:00,0.1599999964237213,0.1599999964237213,0.1599999964237213,0.1599999964237213,41250,0.0,0.0,0.0
2010-05-07 00:00:00+08:00,0.1599999964237213,0.1599999964237213,0.1599999964237213,0.1599999964237213,0,0.0,0.0,0.0
2010-05-10 00:00:00+08:00,0.1599999964237213,0.1599999964237213,0.1599999964237213,0.1599999964237213,25000,0.0,0.0,0.0
2010-05-11 00:00:00+08:00,0.1599999964237213,0.1599999964237213,0.1599999964237213,0.1599999964237213,0,0.0,0.0,0.0
2010-05-12 00:00:00+08:00,0.1599999964237213,0.1599999964237213,0.1599999964237213,0.1599999964237213,0,0.0,0.0,0.0
2010-05-13 00:00:00+08:00,0.1599999964237213,0.1599999964237213,0.1599999964237213,0.1599999964237213,3750,0.0,0.0,0.0
2010-05-14 00:00:00+08:00,0.1599999964237213,0.1599999964237213,0.1599999964237213,0.1599999964237213,0,0.0,0.0,0.0
2010-05-17 00:00:00+08:00,0.14000000059604645,0.14000000059604645,0.14000000059604645,0.14000000059604645,750,0.0,0.0,0.0
2010-05-18 00:00:00+08:00,0.1599999964237213,0.1599999964237213,0.1599999964237213,0.1599999964237213,73750,0.0,0.0,0.0
2010-05-19 00:00:00+08:00,0.1599999964237213,0.1599999964237213,0.1599999964237213,0.1599999964237213,0,0.0,0.0,0.0
2010-05-20 00:00:00+08:00,0.1599999964237213,0.1599999964237213,0.1599999964237213,0.1599999964237213,0,0.0,0.0,0.0
2010-05-21 00:00:00+08:00,0.1599999964237213,0.1599999964237213,0.1599999964237213,0.1599999964237213,0,0.0,0.0,0.0
2010-05-24 00:00:00+08:00,0.1599999964237213,0.1599999964237213,0.1599999964237213,0.1599999964237213,0,0.0,0.0,0.0
2010-05-25 00:00:00+08:00,0.1599999964237213,0.1599999964237213,0.1599999964237213,0.1599999964237213,0,0.0,0.0,0.0
2010-05-26 00:00:00+08:00,0.1599999964237213,0.1599999964237213,0.1599999964237213,0.1599999964237213,0,0.0,0.0,0.0
2010-05-27 00:00:00+08:00,0.1599999964237213,0.1599999964237213,0.1599999964237213,0.1599999964237213,0,0.0,0.0,0.0
2010-05-31 00:00:00+08:00,0.1599999964237213,0.1599999964237213,0.1599999964237213,0.1599999964237213,15000,0.0,0.0,0.0
2010-06-01 00:00:00+08:00,0.1599999964237213,0.1599999964237213,0.1599999964237213,0.1599999964237213,0,0.0,0.0,0.0
2010-06-02 00:00:00+08:00,0.1599999964237213,0.1599999964237213,0.1599999964237213,0.1599999964237213,0,0.0,0.0,0.0
2010-06-03 00:00:00+08:00,0.14000000059604645,0.14000000059604645,0.14000000059604645,0.14000000059604645,112500,0.0,0.0,0.0
2010-06-04 00:00:00+08:00,0.14000000059604645,0.14000000059604645,0.14000000059604645,0.14000000059604645,12500,0.0,0.0,0.0
2010-06-07 00:00:00+08:00,0.11999999731779099,0.11999999731779099,0.11999999731779099,0.11999999731779099,75000,0.0,0.0,0.0
2010-06-08 00:00:00+08:00,0.14000000059604645,0.14000000059604645,0.14000000059604645,0.14000000059604645,98750,0.0,0.0,0.0
2010-06-09 00:00:00+08:00,0.14000000059604645,0.14000000059604645,0.14000000059604645,0.14000000059604645,0,0.0,0.0,0.0
2010-06-10 00:00:00+08:00,0.14000000059604645,0.14000000059604645,0.14000000059604645,0.14000000059604645,0,0.0,0.0,0.0
2010-06-11 00:00:00+08:00,0.14000000059604645,0.14000000059604645,0.14000000059604645,0.14000000059604645,0,0.0,0.0,0.0
2010-06-14 00:00:00+08:00,0.14000000059604645,0.14000000059604645,0.14000000059604645,0.14000000059604645,0,0.0,0.0,0.0
2010-06-15 00:00:00+08:00,0.14000000059604645,0.14000000059604645,0.14000000059604645,0.14000000059604645,0,0.0,0.0,0.0
2010-06-16 00:00:00+08:00,0.14000000059604645,0.14000000059604645,0.14000000059604645,0.14000000059604645,0,0.0,0.0,0.0
2010-06-17 00:00:00+08:00,0.14000000059604645,0.14000000059604645,0.14000000059604645,0.14000000059604645,41000,0.0,0.0,0.0
2010-06-18 00:00:00+08:00,0.14000000059604645,0.14000000059604645,0.14000000059604645,0.14000000059604645,0,0.0,0.0,0.0
2010-06-21 00:00:00+08:00,0.14000000059604645,0.14000000059604645,0.14000000059604645,0.14000000059604645,0,0.0,0.0,0.0
2010-06-22 00:00:00+08:00,0.14000000059604645,0.14000000059604645,0.14000000059604645,0.14000000059604645,0,0.0,0.0,0.0
2010-06-23 00:00:00+08:00,0.14000000059604645,0.14000000059604645,0.14000000059604645,0.14000000059604645,126250,0.0,0.0,0.0
2010-06-24 00:00:00+08:00,0.14000000059604645,0.14000000059604645,0.14000000059604645,0.14000000059604645,0,0.0,0.0,0.0
2010-06-25 00:00:00+08:00,0.14000000059604645,0.14000000059604645,0.14000000059604645,0.14000000059604645,0,0.0,0.0,0.0
2010-06-28 00:00:00+08:00,0.14000000059604645,0.14000000059604645,0.14000000059604645,0.14000000059604645,0,0.0,0.0,0.0
2010-06-29 00:00:00+08:00,0.14000000059604645,0.1599999964237213,0.14000000059604645,0.1599999964237213,12000,0.0,0.0,0.0
2010-06-30 00:00:00+08:00,0.1599999964237213,0.1599999964237213,0.1599999964237213,0.1599999964237213,0,0.0,0.0,0.0
2010-07-01 00:00:00+08:00,0.18000000715255737,0.18000000715255737,0.18000000715255737,0.18000000715255737,1500,0.0,0.0,0.0
2010-07-02 00:00:00+08:00,0.18000000715255737,0.18000000715255737,0.18000000715255737,0.18000000715255737,0,0.0,0.0,0.0
2010-07-05 00:00:00+08:00,0.18000000715255737,0.18000000715255737,0.18000000715255737,0.18000000715255737,0,0.0,0.0,0.0
2010-07-06 00:00:00+08:00,0.18000000715255737,0.18000000715255737,0.18000000715255737,0.18000000715255737,0,0.0,0.0,0.0
2010-07-07 00:00:00+08:00,0.14000000059604645,0.1599999964237213,0.14000000059604645,0.1599999964237213,176750,0.0,0.0,0.0
2010-07-08 00:00:00+08:00,0.1599999964237213,0.1599999964237213,0.1599999964237213,0.1599999964237213,0,0.0,0.0,0.0
2010-07-09 00:00:00+08:00,0.14000000059604645,0.14000000059604645,0.14000000059604645,0.14000000059604645,9000,0.0,0.0,0.0
2010-07-12 00:00:00+08:00,0.14000000059604645,0.14000000059604645,0.14000000059604645,0.14000000059604645,0,0.0,0.0,0.0
2010-07-13 00:00:00+08:00,0.14000000059604645,0.14000000059604645,0.14000000059604645,0.14000000059604645,0,0.0,0.0,0.0
2010-07-14 00:00:00+08:00,0.1599999964237213,0.1599999964237213,0.14000000059604645,0.14000000059604645,23750,0.0,0.0,0.0
2010-07-15 00:00:00+08:00,0.1599999964237213,0.1599999964237213,0.1599999964237213,0.1599999964237213,50000,0.0,0.0,0.0
2010-07-16 00:00:00+08:00,0.1599999964237213,0.1599999964237213,0.1599999964237213,0.1599999964237213,47250,0.0,0.0,0.0
2010-07-19 00:00:00+08:00,0.1599999964237213,0.1599999964237213,0.1599999964237213,0.1599999964237213,40250,0.0,0.0,0.0
2010-07-20 00:00:00+08:00,0.1599999964237213,0.1599999964237213,0.1599999964237213,0.1599999964237213,0,0.0,0.0,0.0
2010-07-21 00:00:00+08:00,0.1599999964237213,0.1599999964237213,0.1599999964237213,0.1599999964237213,0,0.0,0.0,0.0
2010-07-22 00:00:00+08:00,0.1599999964237213,0.1599999964237213,0.1599999964237213,0.1599999964237213,0,0.0,0.0,0.0
2010-07-23 00:00:00+08:00,0.1599999964237213,0.1599999964237213,0.1599999964237213,0.1599999964237213,0,0.0,0.0,0.0
2010-07-26 00:00:00+08:00,0.1599999964237213,0.1599999964237213,0.1599999964237213,0.1599999964237213,0,0.0,0.0,0.0
2010-07-27 00:00:00+08:00,0.14000000059604645,0.14000000059604645,0.14000000059604645,0.14000000059604645,7250,0.0,0.0,0.0
2010-07-28 00:00:00+08:00,0.1599999964237213,0.1599999964237213,0.1599999964237213,0.1599999964237213,17500,0.0,0.0,0.0
2010-07-29 00:00:00+08:00,0.1599999964237213,0.1599999964237213,0.1599999964237213,0.1599999964237213,61250,0.0,0.0,0.0
2010-07-30 00:00:00+08:00,0.1599999964237213,0.1599999964237213,0.1599999964237213,0.1599999964237213,0,0.0,0.25,0.0
2010-08-02 00:00:00+08:00,0.13500000536441803,0.18000000715255737,0.13500000536441803,0.17000000178813934,121000,0.0,0.0,0.0
2010-08-03 00:00:00+08:00,0.14000000059604645,0.14000000059604645,0.13500000536441803,0.13500000536441803,40000,0.0,0.0,0.0
2010-08-04 00:00:00+08:00,0.13500000536441803,0.14499999582767487,0.13500000536441803,0.14499999582767487,82000,0.0,0.0,0.0
2010-08-05 00:00:00+08:00,0.14499999582767487,0.14499999582767487,0.14499999582767487,0.14499999582767487,0,0.0,0.0,0.0
2010-08-06 00:00:00+08:00,0.14000000059604645,0.14000000059604645,0.14000000059604645,0.14000000059604645,32000,0.0,0.0,0.0
2010-08-10 00:00:00+08:00,0.13500000536441803,0.14499999582767487,0.13500000536441803,0.14499999582767487,120000,0.0,0.0,0.0
2010-08-11 00:00:00+08:00,0.14499999582767487,0.14499999582767487,0.14499999582767487,0.14499999582767487,0,0.0,0.0,0.0
2010-08-12 00:00:00+08:00,0.14499999582767487,0.14499999582767487,0.14499999582767487,0.14499999582767487,84000,0.0,0.0,0.0
2010-08-13 00:00:00+08:00,0.14499999582767487,0.14499999582767487,0.14499999582767487,0.14499999582767487,0,0.0,0.0,0.0
2010-08-16 00:00:00+08:00,0.13500000536441803,0.13500000536441803,0.13500000536441803,0.13500000536441803,5000,0.0,0.0,0.0
2010-08-17 00:00:00+08:00,0.14000000059604645,0.14000000059604645,0.13500000536441803,0.13500000536441803,70000,0.0,0.0,0.0
2010-08-18 00:00:00+08:00,0.14499999582767487,0.1550000011920929,0.14499999582767487,0.1550000011920929,12000,0.0,0.0,0.0
2010-08-19 00:00:00+08:00,0.14000000059604645,0.14000000059604645,0.13500000536441803,0.14000000059604645,55000,0.0,0.0,0.0
2010-08-20 00:00:00+08:00,0.14499999582767487,0.14499999582767487,0.14499999582767487,0.14499999582767487,8000,0.0,0.0,0.0
2010-08-23 00:00:00+08:00,0.14000000059604645,0.14000000059604645,0.13500000536441803,0.13500000536441803,12000,0.0,0.0,0.0
2010-08-24 00:00:00+08:00,0.13500000536441803,0.13500000536441803,0.13500000536441803,0.13500000536441803,0,0.0,0.0,0.0
2010-08-25 00:00:00+08:00,0.13500000536441803,0.13500000536441803,0.13500000536441803,0.13500000536441803,56000,0.0,0.0,0.0
2010-08-26 00:00:00+08:00,0.11999999731779099,0.13500000536441803,0.11999999731779099,0.13500000536441803,88000,0.0,0.0,0.0
2010-08-27 00:00:00+08:00,0.13500000536441803,0.13500000536441803,0.13500000536441803,0.13500000536441803,0,0.0,0.0,0.0
2010-08-30 00:00:00+08:00,0.13500000536441803,0.13500000536441803,0.13500000536441803,0.13500000536441803,10000,0.0,0.0,0.0
2010-08-31 00:00:00+08:00,0.12999999523162842,0.12999999523162842,0.12999999523162842,0.12999999523162842,3000,0.0,0.0,0.0
2010-09-01 00:00:00+08:00,0.13500000536441803,0.13500000536441803,0.12999999523162842,0.12999999523162842,9000,0.0,0.0,0.0
2010-09-02 00:00:00+08:00,0.12999999523162842,0.12999999523162842,0.12999999523162842,0.12999999523162842,0,0.0,0.0,0.0
2010-09-03 00:00:00+08:00,0.12999999523162842,0.12999999523162842,0.12999999523162842,0.12999999523162842,4000,0.0,0.0,0.0
2010-09-06 00:00:00+08:00,0.12999999523162842,0.12999999523162842,0.12999999523162842,0.12999999523162842,0,0.0,0.0,0.0
2010-09-07 00:00:00+08:00,0.13500000536441803,0.13500000536441803,0.13500000536441803,0.13500000536441803,35000,0.0,0.0,0.0
2010-09-08 00:00:00+08:00,0.13500000536441803,0.13500000536441803,0.13500000536441803,0.13500000536441803,50000,0.0,0.0,0.0
2010-09-09 00:00:00+08:00,0.13500000536441803,0.13500000536441803,0.13500000536441803,0.13500000536441803,0,0.0,0.0,0.0
2010-09-13 00:00:00+08:00,0.12999999523162842,0.13500000536441803,0.12999999523162842,0.13500000536441803,120000,0.0,0.0,0.0
2010-09-14 00:00:00+08:00,0.12999999523162842,0.12999999523162842,0.12999999523162842,0.12999999523162842,150000,0.0,0.0,0.0
2010-09-15 00:00:00+08:00,0.12999999523162842,0.12999999523162842,0.12999999523162842,0.12999999523162842,0,0.0,0.0,0.0
2010-09-16 00:00:00+08:00,0.12999999523162842,0.13500000536441803,0.12999999523162842,0.13500000536441803,103000,0.0,0.0,0.0
2010-09-17 00:00:00+08:00,0.13500000536441803,0.13500000536441803,0.13500000536441803,0.13500000536441803,0,0.0,0.0,0.0
2010-09-20 00:00:00+08:00,0.12999999523162842,0.12999999523162842,0.12999999523162842,0.12999999523162842,91000,0.0,0.0,0.0
2010-09-21 00:00:00+08:00,0.12999999523162842,0.12999999523162842,0.12999999523162842,0.12999999523162842,0,0.0,0.0,0.0
2010-09-22 00:00:00+08:00,0.125,0.125,0.125,0.125,12000,0.0,0.0,0.0
2010-09-23 00:00:00+08:00,0.125,0.125,0.125,0.125,0,0.0,0.0,0.0
2010-09-24 00:00:00+08:00,0.125,0.125,0.125,0.125,7000,0.0,0.0,0.0
2010-09-27 00:00:00+08:00,0.125,0.125,0.125,0.125,60000,0.0,0.0,0.0
2010-09-28 00:00:00+08:00,0.125,0.125,0.125,0.125,0,0.0,0.0,0.0
2010-09-29 00:00:00+08:00,0.125,0.125,0.125,0.125,0,0.0,0.0,0.0
2010-09-30 00:00:00+08:00,0.125,0.125,0.125,0.125,5000,0.0,0.0,0.0
2010-10-01 00:00:00+08:00,0.125,0.125,0.125,0.125,25000,0.0,0.0,0.0
2010-10-04 00:00:00+08:00,0.12999999523162842,0.12999999523162842,0.12999999523162842,0.12999999523162842,89000,0.0,0.0,0.0
2010-10-05 00:00:00+08:00,0.13500000536441803,0.14000000059604645,0.13500000536441803,0.14000000059604645,38000,0.0,0.0,0.0
2010-10-06 00:00:00+08:00,0.14000000059604645,0.14000000059604645,0.14000000059604645,0.14000000059604645,0,0.0,0.0,0.0
2010-10-07 00:00:00+08:00,0.14000000059604645,0.14000000059604645,0.14000000059604645,0.14000000059604645,0,0.0,0.0,0.0
2010-10-08 00:00:00+08:00,0.14000000059604645,0.14000000059604645,0.14000000059604645,0.14000000059604645,0,0.0,0.0,0.0
2010-10-11 00:00:00+08:00,0.13500000536441803,0.13500000536441803,0.13500000536441803,0.13500000536441803,50000,0.0,0.0,0.0
2010-10-12 00:00:00+08:00,0.13500000536441803,0.13500000536441803,0.13500000536441803,0.13500000536441803,0,0.0,0.0,0.0
2010-10-13 00:00:00+08:00,0.14000000059604645,0.14000000059604645,0.13500000536441803,0.13500000536441803,128000,0.0,0.0,0.0
2010-10-14 00:00:00+08:00,0.13500000536441803,0.13500000536441803,0.13500000536441803,0.13500000536441803,0,0.0,0.0,0.0
2010-10-15 00:00:00+08:00,0.13500000536441803,0.13500000536441803,0.13500000536441803,0.13500000536441803,0,0.0,0.0,0.0
2010-10-18 00:00:00+08:00,0.13500000536441803,0.13500000536441803,0.13500000536441803,0.13500000536441803,0,0.0,0.0,0.0
2010-10-19 00:00:00+08:00,0.13500000536441803,0.13500000536441803,0.13500000536441803,0.13500000536441803,0,0.0,0.0,0.0
2010-10-20 00:00:00+08:00,0.13500000536441803,0.13500000536441803,0.13500000536441803,0.13500000536441803,0,0.0,0.0,0.0
2010-10-21 00:00:00+08:00,0.15000000596046448,0.15000000596046448,0.15000000596046448,0.15000000596046448,12000,0.0,0.0,0.0
2010-10-22 00:00:00+08:00,0.12999999523162842,0.12999999523162842,0.12999999523162842,0.12999999523162842,10000,0.0,0.0,0.0
2010-10-25 00:00:00+08:00,0.12999999523162842,0.12999999523162842,0.12999999523162842,0.12999999523162842,12000,0.0,0.0,0.0
2010-10-26 00:00:00+08:00,0.12999999523162842,0.12999999523162842,0.12999999523162842,0.12999999523162842,0,0.0,0.0,0.0
2010-10-27 00:00:00+08:00,0.125,0.12999999523162842,0.125,0.12999999523162842,68000,0.0,0.0,0.0
2010-10-28 00:00:00+08:00,0.12999999523162842,0.12999999523162842,0.12999999523162842,0.12999999523162842,0,0.0,0.0,0.0
2010-10-29 00:00:00+08:00,0.12999999523162842,0.12999999523162842,0.12999999523162842,0.12999999523162842,0,0.0,0.0,0.0
2010-11-01 00:00:00+08:00,0.14000000059604645,0.14000000059604645,0.13500000536441803,0.13500000536441803,133000,0.0,0.0,0.0
2010-11-02 00:00:00+08:00,0.13500000536441803,0.13500000536441803,0.13500000536441803,0.13500000536441803,5500000,0.0,0.0,0.0
2010-11-03 00:00:00+08:00,0.13500000536441803,0.13500000536441803,0.13500000536441803,0.13500000536441803,0,0.0,0.0,0.0
2010-11-04 00:00:00+08:00,0.13500000536441803,0.13500000536441803,0.13500000536441803,0.13500000536441803,0,0.0,0.0,0.0
2010-11-08 00:00:00+08:00,0.14000000059604645,0.14000000059604645,0.14000000059604645,0.14000000059604645,12000,0.0,0.0,0.0
2010-11-09 00:00:00+08:00,0.14000000059604645,0.14000000059604645,0.14000000059604645,0.14000000059604645,0,0.0,0.0,0.0
2010-11-10 00:00:00+08:00,0.14000000059604645,0.14000000059604645,0.14000000059604645,0.14000000059604645,26000,0.0,0.0,0.0
2010-11-11 00:00:00+08:00,0.14000000059604645,0.15000000596046448,0.14000000059604645,0.15000000596046448,15000,0.0,0.0,0.0
2010-11-12 00:00:00+08:00,0.15000000596046448,0.15000000596046448,0.15000000596046448,0.15000000596046448,0,0.0,0.0,0.0
2010-11-15 00:00:00+08:00,0.15000000596046448,0.15000000596046448,0.15000000596046448,0.15000000596046448,0,0.0,0.0,0.0
2010-11-16 00:00:00+08:00,0.15000000596046448,0.15000000596046448,0.15000000596046448,0.15000000596046448,0,0.0,0.0,0.0
2010-11-18 00:00:00+08:00,0.15000000596046448,0.15000000596046448,0.15000000596046448,0.15000000596046448,0,0.0,0.0,0.0
2010-11-19 00:00:00+08:00,0.13500000536441803,0.13500000536441803,0.13500000536441803,0.13500000536441803,25000,0.0,0.0,0.0
2010-11-22 00:00:00+08:00,0.13500000536441803,0.13500000536441803,0.13500000536441803,0.13500000536441803,0,0.0,0.0,0.0
2010-11-23 00:00:00+08:00,0.13500000536441803,0.13500000536441803,0.13500000536441803,0.13500000536441803,0,0.0,0.0,0.0
2010-11-24 00:00:00+08:00,0.13500000536441803,0.13500000536441803,0.13500000536441803,0.13500000536441803,0,0.0,0.0,0.0
2010-11-25 00:00:00+08:00,0.13500000536441803,0.13500000536441803,0.13500000536441803,0.13500000536441803,0,0.0,0.0,0.0
2010-11-26 00:00:00+08:00,0.13500000536441803,0.13500000536441803,0.13500000536441803,0.13500000536441803,0,0.0,0.0,0.0
2010-11-29 00:00:00+08:00,0.13500000536441803,0.13500000536441803,0.13500000536441803,0.13500000536441803,0,0.0,0.0,0.0
2010-11-30 00:00:00+08:00,0.13500000536441803,0.13500000536441803,0.13500000536441803,0.13500000536441803,0,0.0,0.0,0.0
2010-12-01 00:00:00+08:00,0.13500000536441803,0.13500000536441803,0.13500000536441803,0.13500000536441803,0,0.0,0.0,0.0
2010-12-02 00:00:00+08:00,0.13500000536441803,0.13500000536441803,0.13500000536441803,0.13500000536441803,0,0.0,0.0,0.0
2010-12-03 00:00:00+08:00,0.13500000536441803,0.13500000536441803,0.13500000536441803,0.13500000536441803,10000,0.0,0.0,0.0
2010-12-06 00:00:00+08:00,0.13500000536441803,0.13500000536441803,0.13500000536441803,0.13500000536441803,0,0.0,0.0,0.0
2010-12-07 00:00:00+08:00,0.13500000536441803,0.13500000536441803,0.13500000536441803,0.13500000536441803,0,0.0,0.0,0.0
2010-12-08 00:00:00+08:00,0.13500000536441803,0.14499999582767487,0.13500000536441803,0.14499999582767487,47000,0.0,0.0,0.0
2010-12-09 00:00:00+08:00,0.14000000059604645,0.14000000059604645,0.14000000059604645,0.14000000059604645,57000,0.0,0.0,0.0
2010-12-10 00:00:00+08:00,0.14000000059604645,0.14000000059604645,0.14000000059604645,0.14000000059604645,0,0.0,0.0,0.0
2010-12-13 00:00:00+08:00,0.14000000059604645,0.14000000059604645,0.14000000059604645,0.14000000059604645,0,0.0,0.0,0.0
2010-12-14 00:00:00+08:00,0.14000000059604645,0.14000000059604645,0.14000000059604645,0.14000000059604645,159000,0.0,0.0,0.0
2010-12-15 00:00:00+08:00,0.14000000059604645,0.14000000059604645,0.14000000059604645,0.14000000059604645,0,0.0,0.0,0.0
2010-12-16 00:00:00+08:00,0.14000000059604645,0.14000000059604645,0.14000000059604645,0.14000000059604645,0,0.0,0.0,0.0
2010-12-17 00:00:00+08:00,0.14000000059604645,0.14000000059604645,0.14000000059604645,0.14000000059604645,0,0.0,0.0,0.0
2010-12-20 00:00:00+08:00,0.14000000059604645,0.14000000059604645,0.14000000059604645,0.14000000059604645,0,0.0,0.0,0.0
2010-12-21 00:00:00+08:00,0.14000000059604645,0.14000000059604645,0.14000000059604645,0.14000000059604645,0,0.0,0.0,0.0
2010-12-22 00:00:00+08:00,0.14000000059604645,0.14000000059604645,0.14000000059604645,0.14000000059604645,0,0.0,0.0,0.0
2010-12-23 00:00:00+08:00,0.14000000059604645,0.14000000059604645,0.14000000059604645,0.14000000059604645,0,0.0,0.0,0.0
2010-12-24 00:00:00+08:00,0.14000000059604645,0.14000000059604645,0.14000000059604645,0.14000000059604645,0,0.0,0.0,0.0
2010-12-27 00:00:00+08:00,0.14000000059604645,0.14000000059604645,0.14000000059604645,0.14000000059604645,0,0.0,0.0,0.0
2010-12-28 00:00:00+08:00,0.14000000059604645,0.14000000059604645,0.14000000059604645,0.14000000059604645,0,0.0,0.0,0.0
2010-12-29 00:00:00+08:00,0.14000000059604645,0.14000000059604645,0.14000000059604645,0.14000000059604645,16000,0.0,0.0,0.0
2010-12-30 00:00:00+08:00,0.14000000059604645,0.14000000059604645,0.14000000059604645,0.14000000059604645,0,0.0,0.0,0.0
2010-12-31 00:00:00+08:00,0.14000000059604645,0.14000000059604645,0.14000000059604645,0.14000000059604645,0,0.0,0.0,0.0
2011-01-03 00:00:00+08:00,0.13500000536441803,0.13500000536441803,0.13500000536441803,0.13500000536441803,51000,0.0,0.0,0.0
2011-01-04 00:00:00+08:00,0.13500000536441803,0.13500000536441803,0.13500000536441803,0.13500000536441803,14000,0.0,0.0,0.0
2011-01-05 00:00:00+08:00,0.14000000059604645,0.14000000059604645,0.13500000536441803,0.13500000536441803,102000,0.0,0.0,0.0
2011-01-06 00:00:00+08:00,0.13500000536441803,0.13500000536441803,0.13500000536441803,0.13500000536441803,0,0.0,0.0,0.0
2011-01-07 00:00:00+08:00,0.13500000536441803,0.13500000536441803,0.13500000536441803,0.13500000536441803,0,0.0,0.0,0.0
2011-01-10 00:00:00+08:00,0.13500000536441803,0.13500000536441803,0.13500000536441803,0.13500000536441803,0,0.0,0.0,0.0
2011-01-11 00:00:00+08:00,0.13500000536441803,0.13500000536441803,0.13500000536441803,0.13500000536441803,0,0.0,0.0,0.0
2011-01-12 00:00:00+08:00,0.13500000536441803,0.13500000536441803,0.13500000536441803,0.13500000536441803,0,0.0,0.0,0.0
2011-01-13 00:00:00+08:00,0.14000000059604645,0.14000000059604645,0.14000000059604645,0.14000000059604645,86000,0.0,0.0,0.0
2011-01-14 00:00:00+08:00,0.14000000059604645,0.14000000059604645,0.14000000059604645,0.14000000059604645,0,0.0,0.0,0.0
2011-01-17 00:00:00+08:00,0.14000000059604645,0.14000000059604645,0.14000000059604645,0.14000000059604645,0,0.0,0.0,0.0
2011-01-18 00:00:00+08:00,0.14000000059604645,0.14000000059604645,0.14000000059604645,0.14000000059604645,0,0.0,0.0,0.0
2011-01-19 00:00:00+08:00,0.14000000059604645,0.14000000059604645,0.14000000059604645,0.14000000059604645,0,0.0,0.0,0.0
2011-01-20 00:00:00+08:00,0.14000000059604645,0.14000000059604645,0.14000000059604645,0.14000000059604645,50000,0.0,0.0,0.0
2011-01-21 00:00:00+08:00,0.14000000059604645,0.14000000059604645,0.14000000059604645,0.14000000059604645,0,0.0,0.0,0.0
2011-01-24 00:00:00+08:00,0.13500000536441803,0.14000000059604645,0.13500000536441803,0.14000000059604645,152000,0.0,0.0,0.0
2011-01-25 00:00:00+08:00,0.17000000178813934,0.17000000178813934,0.12999999523162842,0.13500000536441803,231000,0.0,0.0,0.0
2011-01-26 00:00:00+08:00,0.16500000655651093,0.16500000655651093,0.16500000655651093,0.16500000655651093,1000,0.0,0.0,0.0
2011-01-27 00:00:00+08:00,0.16500000655651093,0.16500000655651093,0.16500000655651093,0.16500000655651093,0,0.0,0.0,0.0
2011-01-28 00:00:00+08:00,0.15000000596046448,0.15000000596046448,0.15000000596046448,0.15000000596046448,20000,0.0,0.0,0.0
2011-01-31 00:00:00+08:00,0.15000000596046448,0.15000000596046448,0.15000000596046448,0.15000000596046448,0,0.0,0.0,0.0
2011-02-01 00:00:00+08:00,0.15000000596046448,0.15000000596046448,0.15000000596046448,0.15000000596046448,0,0.0,0.0,0.0
2011-02-02 00:00:00+08:00,0.15000000596046448,0.15000000596046448,0.15000000596046448,0.15000000596046448,0,0.0,0.0,0.0
2011-02-07 00:00:00+08:00,0.14000000059604645,0.14000000059604645,0.14000000059604645,0.14000000059604645,20000,0.0,0.0,0.0
2011-02-08 00:00:00+08:00,0.14000000059604645,0.14000000059604645,0.14000000059604645,0.14000000059604645,0,0.0,0.0,0.0
2011-02-09 00:00:00+08:00,0.14000000059604645,0.14000000059604645,0.14000000059604645,0.14000000059604645,0,0.0,0.0,0.0
2011-02-10 00:00:00+08:00,0.14000000059604645,0.14000000059604645,0.14000000059604645,0.14000000059604645,0,0.0,0.0,0.0
2011-02-11 00:00:00+08:00,0.13500000536441803,0.14000000059604645,0.13500000536441803,0.13500000536441803,3000,0.0,0.0,0.0
2011-02-14 00:00:00+08:00,0.125,0.125,0.125,0.125,2000,0.0,0.0,0.0
2011-02-15 00:00:00+08:00,0.125,0.125,0.125,0.125,0,0.0,0.0,0.0
2011-02-16 00:00:00+08:00,0.125,0.125,0.125,0.125,0,0.0,0.0,0.0
2011-02-17 00:00:00+08:00,0.13500000536441803,0.13500000536441803,0.13500000536441803,0.13500000536441803,16000,0.0,0.0,0.0
2011-02-18 00:00:00+08:00,0.13500000536441803,0.13500000536441803,0.13500000536441803,0.13500000536441803,0,0.0,0.0,0.0
2011-02-21 00:00:00+08:00,0.125,0.125,0.125,0.125,5000,0.0,0.0,0.0
2011-02-22 00:00:00+08:00,0.125,0.125,0.125,0.125,12000,0.0,0.0,0.0
2011-02-23 00:00:00+08:00,0.14000000059604645,0.14000000059604645,0.14000000059604645,0.14000000059604645,2000,0.0,0.0,0.0
2011-02-24 00:00:00+08:00,0.14000000059604645,0.14000000059604645,0.14000000059604645,0.14000000059604645,0,0.0,0.0,0.0
2011-02-25 00:00:00+08:00,0.14000000059604645,0.14000000059604645,0.14000000059604645,0.14000000059604645,0,0.0,0.0,0.0
2011-02-28 00:00:00+08:00,0.125,0.125,0.125,0.125,1000,0.0,0.0,0.0
2011-03-01 00:00:00+08:00,0.125,0.125,0.125,0.125,0,0.0,0.0,0.0
2011-03-02 00:00:00+08:00,0.125,0.125,0.125,0.125,0,0.0,0.0,0.0
2011-03-03 00:00:00+08:00,0.125,0.125,0.125,0.125,0,0.0,0.0,0.0
2011-03-04 00:00:00+08:00,0.125,0.125,0.125,0.125,0,0.0,0.0,0.0
2011-03-07 00:00:00+08:00,0.125,0.125,0.125,0.125,0,0.0,0.0,0.0
2011-03-08 00:00:00+08:00,0.125,0.125,0.125,0.125,0,0.0,0.0,0.0
2011-03-09 00:00:00+08:00,0.125,0.125,0.125,0.125,12000,0.0,0.0,0.0
2011-03-10 00:00:00+08:00,0.125,0.125,0.125,0.125,0,0.0,0.0,0.0
2011-03-11 00:00:00+08:00,0.11999999731779099,0.11999999731779099,0.11999999731779099,0.11999999731779099,32000,0.0,0.0,0.0
2011-03-14 00:00:00+08:00,0.11999999731779099,0.11999999731779099,0.11999999731779099,0.11999999731779099,0,0.0,0.0,0.0
2011-03-15 00:00:00+08:00,0.11999999731779099,0.11999999731779099,0.11999999731779099,0.11999999731779099,0,0.0,0.0,0.0
2011-03-16 00:00:00+08:00,0.11999999731779099,0.11999999731779099,0.11999999731779099,0.11999999731779099,0,0.0,0.0,0.0
2011-03-17 00:00:00+08:00,0.11999999731779099,0.11999999731779099,0.11999999731779099,0.11999999731779099,0,0.0,0.0,0.0
2011-03-18 00:00:00+08:00,0.11999999731779099,0.11999999731779099,0.11999999731779099,0.11999999731779099,0,0.0,0.0,0.0
2011-03-21 00:00:00+08:00,0.11500000208616257,0.11500000208616257,0.11500000208616257,0.11500000208616257,5000,0.0,0.0,0.0
2011-03-22 00:00:00+08:00,0.11500000208616257,0.11500000208616257,0.11500000208616257,0.11500000208616257,0,0.0,0.0,0.0
2011-03-23 00:00:00+08:00,0.11500000208616257,0.12999999523162842,0.11500000208616257,0.12999999523162842,13000,0.0,0.0,0.0
2011-03-24 00:00:00+08:00,0.12999999523162842,0.12999999523162842,0.12999999523162842,0.12999999523162842,1000,0.0,0.0,0.0
2011-03-25 00:00:00+08:00,0.12999999523162842,0.12999999523162842,0.12999999523162842,0.12999999523162842,1000,0.0,0.0,0.0
2011-03-28 00:00:00+08:00,0.11500000208616257,0.11500000208616257,0.11500000208616257,0.11500000208616257,21000,0.0,0.0,0.0
2011-03-29 00:00:00+08:00,0.11500000208616257,0.11500000208616257,0.11500000208616257,0.11500000208616257,0,0.0,0.0,0.0
2011-03-30 00:00:00+08:00,0.11500000208616257,0.11500000208616257,0.11500000208616257,0.11500000208616257,0,0.0,0.0,0.0
2011-03-31 00:00:00+08:00,0.11500000208616257,0.11500000208616257,0.11500000208616257,0.11500000208616257,0,0.0,0.0,0.0
2011-04-01 00:00:00+08:00,0.11500000208616257,0.11500000208616257,0.10999999940395355,0.10999999940395355,230000,0.0,0.0,0.0
2011-04-04 00:00:00+08:00,0.10999999940395355,0.10999999940395355,0.10999999940395355,0.10999999940395355,91000,0.0,0.0,0.0
2011-04-05 00:00:00+08:00,0.10999999940395355,0.10999999940395355,0.10999999940395355,0.10999999940395355,0,0.0,0.0,0.0
2011-04-06 00:00:00+08:00,0.10999999940395355,0.10999999940395355,0.10999999940395355,0.10999999940395355,128000,0.0,0.0,0.0
2011-04-07 00:00:00+08:00,0.10999999940395355,0.10999999940395355,0.10999999940395355,0.10999999940395355,12000,0.0,0.0,0.0
2011-04-08 00:00:00+08:00,0.10999999940395355,0.10999999940395355,0.10999999940395355,0.10999999940395355,0,0.0,0.0,0.0
2011-04-11 00:00:00+08:00,0.10999999940395355,0.10999999940395355,0.10999999940395355,0.10999999940395355,0,0.0,0.0,0.0
2011-04-12 00:00:00+08:00,0.10999999940395355,0.10999999940395355,0.10999999940395355,0.10999999940395355,0,0.0,0.0,0.0
2011-04-13 00:00:00+08:00,0.10999999940395355,0.10999999940395355,0.10999999940395355,0.10999999940395355,0,0.0,0.0,0.0
2011-04-14 00:00:00+08:00,0.10999999940395355,0.10999999940395355,0.10999999940395355,0.10999999940395355,0,0.0,0.0,0.0
2011-04-15 00:00:00+08:00,0.10000000149011612,0.10499999672174454,0.10000000149011612,0.10499999672174454,24000,0.0,0.0,0.0
2011-04-18 00:00:00+08:00,0.10499999672174454,0.10499999672174454,0.10499999672174454,0.10499999672174454,0,0.0,0.0,0.0
2011-04-19 00:00:00+08:00,0.10499999672174454,0.10499999672174454,0.10499999672174454,0.10499999672174454,0,0.0,0.0,0.0
2011-04-20 00:00:00+08:00,0.10000000149011612,0.10499999672174454,0.10000000149011612,0.10499999672174454,80000,0.0,0.0,0.0
2011-04-21 00:00:00+08:00,0.10499999672174454,0.10499999672174454,0.10499999672174454,0.10499999672174454,0,0.0,0.0,0.0
2011-04-25 00:00:00+08:00,0.10499999672174454,0.10499999672174454,0.10499999672174454,0.10499999672174454,20000,0.0,0.0,0.0
2011-04-26 00:00:00+08:00,0.10999999940395355,0.11999999731779099,0.10999999940395355,0.11999999731779099,33000,0.0,0.0,0.0
2011-04-27 00:00:00+08:00,0.11999999731779099,0.12999999523162842,0.11999999731779099,0.12999999523162842,24000,0.0,0.0,0.0
2011-04-28 00:00:00+08:00,0.12999999523162842,0.12999999523162842,0.12999999523162842,0.12999999523162842,0,0.0,0.0,0.0
2011-04-29 00:00:00+08:00,0.10999999940395355,0.11500000208616257,0.10999999940395355,0.11500000208616257,66000,0.0,0.0,0.0
2011-05-03 00:00:00+08:00,0.10999999940395355,0.10999999940395355,0.10999999940395355,0.10999999940395355,25000,0.0,0.0,0.0
2011-05-04 00:00:00+08:00,0.10999999940395355,0.10999999940395355,0.10999999940395355,0.10999999940395355,0,0.0,0.0,0.0
2011-05-05 00:00:00+08:00,0.10999999940395355,0.10999999940395355,0.10999999940395355,0.10999999940395355,0,0.0,0.0,0.0
2011-05-06 00:00:00+08:00,0.10499999672174454,0.10499999672174454,0.10499999672174454,0.10499999672174454,50000,0.0,0.0,0.0
2011-05-09 00:00:00+08:00,0.10499999672174454,0.10499999672174454,0.10499999672174454,0.10499999672174454,0,0.0,0.0,0.0
2011-05-10 00:00:00+08:00,0.10499999672174454,0.10499999672174454,0.10499999672174454,0.10499999672174454,0,0.0,0.0,0.0
2011-05-11 00:00:00+08:00,0.10000000149011612,0.10000000149011612,0.10000000149011612,0.10000000149011612,100000,0.0,0.0,0.0
2011-05-12 00:00:00+08:00,0.10000000149011612,0.10000000149011612,0.10000000149011612,0.10000000149011612,0,0.0,0.0,0.0
2011-05-13 00:00:00+08:00,0.10000000149011612,0.10000000149011612,0.10000000149011612,0.10000000149011612,0,0.0,0.0,0.0
2011-05-16 00:00:00+08:00,0.10000000149011612,0.10000000149011612,0.10000000149011612,0.10000000149011612,100000,0.0,0.0,0.0
2011-05-18 00:00:00+08:00,0.10000000149011612,0.10000000149011612,0.10000000149011612,0.10000000149011612,0,0.0,0.0,0.0
2011-05-19 00:00:00+08:00,0.0949999988079071,0.0949999988079071,0.0949999988079071,0.0949999988079071,5000,0.0,0.0,0.0
2011-05-20 00:00:00+08:00,0.0949999988079071,0.0949999988079071,0.0949999988079071,0.0949999988079071,0,0.0,0.0,0.0
2011-05-23 00:00:00+08:00,0.0949999988079071,0.0949999988079071,0.08500000089406967,0.08500000089406967,113000,0.0,0.0,0.0
2011-05-24 00:00:00+08:00,0.08500000089406967,0.08500000089406967,0.08500000089406967,0.08500000089406967,0,0.0,0.0,0.0
2011-05-25 00:00:00+08:00,0.08500000089406967,0.08500000089406967,0.08500000089406967,0.08500000089406967,0,0.0,0.0,0.0
2011-05-26 00:00:00+08:00,0.08500000089406967,0.08500000089406967,0.08500000089406967,0.08500000089406967,0,0.0,0.0,0.0
2011-05-27 00:00:00+08:00,0.08500000089406967,0.08500000089406967,0.08500000089406967,0.08500000089406967,0,0.0,0.0,0.0
2011-05-30 00:00:00+08:00,0.08500000089406967,0.08500000089406967,0.08500000089406967,0.08500000089406967,0,0.0,0.0,0.0
2011-05-31 00:00:00+08:00,0.08500000089406967,0.08500000089406967,0.08500000089406967,0.08500000089406967,0,0.0,0.0,0.0
2011-06-01 00:00:00+08:00,0.08500000089406967,0.08500000089406967,0.08500000089406967,0.08500000089406967,0,0.0,0.0,0.0
2011-06-02 00:00:00+08:00,0.08500000089406967,0.08500000089406967,0.08500000089406967,0.08500000089406967,0,0.0,0.0,0.0
2011-06-03 00:00:00+08:00,0.08500000089406967,0.08500000089406967,0.08500000089406967,0.08500000089406967,0,0.0,0.0,0.0
2011-06-06 00:00:00+08:00,0.08500000089406967,0.08500000089406967,0.08500000089406967,0.08500000089406967,25000,0.0,0.0,0.0
2011-06-07 00:00:00+08:00,0.08500000089406967,0.08500000089406967,0.08500000089406967,0.08500000089406967,0,0.0,0.0,0.0
2011-06-08 00:00:00+08:00,0.08500000089406967,0.08500000089406967,0.08500000089406967,0.08500000089406967,0,0.0,0.0,0.0
2011-06-09 00:00:00+08:00,0.08500000089406967,0.08500000089406967,0.08500000089406967,0.08500000089406967,0,0.0,0.0,0.0
2011-06-10 00:00:00+08:00,0.08500000089406967,0.08500000089406967,0.07999999821186066,0.07999999821186066,37000,0.0,0.0,0.0
2011-06-13 00:00:00+08:00,0.07999999821186066,0.07999999821186066,0.07999999821186066,0.07999999821186066,0,0.0,0.0,0.0
2011-06-14 00:00:00+08:00,0.07999999821186066,0.07999999821186066,0.07999999821186066,0.07999999821186066,0,0.0,0.0,0.0
2011-06-15 00:00:00+08:00,0.07999999821186066,0.07999999821186066,0.07999999821186066,0.07999999821186066,0,0.0,0.0,0.0
2011-06-16 00:00:00+08:00,0.07999999821186066,0.07999999821186066,0.07999999821186066,0.07999999821186066,0,0.0,0.0,0.0
2011-06-17 00:00:00+08:00,0.07999999821186066,0.07999999821186066,0.07999999821186066,0.07999999821186066,0,0.0,0.0,0.0
2011-06-20 00:00:00+08:00,0.07999999821186066,0.07999999821186066,0.07999999821186066,0.07999999821186066,0,0.0,0.0,0.0
2011-06-21 00:00:00+08:00,0.07999999821186066,0.07999999821186066,0.07999999821186066,0.07999999821186066,0,0.0,0.0,0.0
2011-06-22 00:00:00+08:00,0.07999999821186066,0.07999999821186066,0.07999999821186066,0.07999999821186066,0,0.0,0.0,0.0
2011-06-23 00:00:00+08:00,0.07999999821186066,0.07999999821186066,0.07999999821186066,0.07999999821186066,0,0.0,0.0,0.0
2011-06-24 00:00:00+08:00,0.07999999821186066,0.07999999821186066,0.07999999821186066,0.07999999821186066,0,0.0,0.0,0.0
2011-06-27 00:00:00+08:00,0.07999999821186066,0.07999999821186066,0.07999999821186066,0.07999999821186066,0,0.0,0.0,0.0
2011-06-28 00:00:00+08:00,0.07999999821186066,0.07999999821186066,0.07999999821186066,0.07999999821186066,0,0.0,0.0,0.0
2011-06-29 00:00:00+08:00,0.07999999821186066,0.07999999821186066,0.07999999821186066,0.07999999821186066,8000,0.0,0.0,0.0
2011-06-30 00:00:00+08:00,0.07999999821186066,0.07999999821186066,0.07999999821186066,0.07999999821186066,0,0.0,0.0,0.0
2011-07-01 00:00:00+08:00,0.07999999821186066,0.07999999821186066,0.07999999821186066,0.07999999821186066,0,0.0,0.0,0.0
2011-07-04 00:00:00+08:00,0.07999999821186066,0.07999999821186066,0.07999999821186066,0.07999999821186066,0,0.0,0.0,0.0
2011-07-05 00:00:00+08:00,0.07999999821186066,0.07999999821186066,0.07999999821186066,0.07999999821186066,0,0.0,0.0,0.0
2011-07-06 00:00:00+08:00,0.07999999821186066,0.07999999821186066,0.07999999821186066,0.07999999821186066,0,0.0,0.0,0.0
2011-07-07 00:00:00+08:00,0.07999999821186066,0.07999999821186066,0.07999999821186066,0.07999999821186066,0,0.0,0.0,0.0
2011-07-08 00:00:00+08:00,0.06599999964237213,0.06599999964237213,0.06599999964237213,0.06599999964237213,1000,0.0,0.0,0.0
2011-07-11 00:00:00+08:00,0.06800000369548798,0.06800000369548798,0.06800000369548798,0.06800000369548798,50000,0.0,0.0,0.0
2011-07-12 00:00:00+08:00,0.06800000369548798,0.06800000369548798,0.06800000369548798,0.06800000369548798,50000,0.0,0.0,0.0
2011-07-13 00:00:00+08:00,0.06800000369548798,0.06800000369548798,0.06800000369548798,0.06800000369548798,0,0.0,0.0,0.0
2011-07-14 00:00:00+08:00,0.06800000369548798,0.06800000369548798,0.06800000369548798,0.06800000369548798,0,0.0,0.0,0.0
2011-07-15 00:00:00+08:00,0.06800000369548798,0.06800000369548798,0.06800000369548798,0.06800000369548798,0,0.0,0.0,0.0
2011-07-18 00:00:00+08:00,0.06800000369548798,0.06800000369548798,0.06800000369548798,0.06800000369548798,0,0.0,0.0,0.0
2011-07-19 00:00:00+08:00,0.06800000369548798,0.06800000369548798,0.06800000369548798,0.06800000369548798,0,0.0,0.0,0.0
2011-07-20 00:00:00+08:00,0.06199999898672104,0.06199999898672104,0.06199999898672104,0.06199999898672104,17000,0.0,0.0,0.0
2011-07-21 00:00:00+08:00,0.06199999898672104,0.06199999898672104,0.06199999898672104,0.06199999898672104,0,0.0,0.0,0.0
2011-07-22 00:00:00+08:00,0.06199999898672104,0.06199999898672104,0.06199999898672104,0.06199999898672104,0,0.0,0.0,0.0
2011-07-25 00:00:00+08:00,0.06400000303983688,0.06400000303983688,0.06199999898672104,0.06300000101327896,93000,0.0,0.0,0.0
2011-07-26 00:00:00+08:00,0.06300000101327896,0.06300000101327896,0.061000000685453415,0.061000000685453415,160000,0.0,0.0,0.0
2011-07-27 00:00:00+08:00,0.06199999898672104,0.06400000303983688,0.06199999898672104,0.06400000303983688,280000,0.0,0.0,0.0
2011-07-28 00:00:00+08:00,0.06199999898672104,0.06199999898672104,0.06199999898672104,0.06199999898672104,100000,0.0,0.0,0.0
2011-07-29 00:00:00+08:00,0.061000000685453415,0.061000000685453415,0.061000000685453415,0.061000000685453415,7000,0.0,0.0,0.0
2011-08-01 00:00:00+08:00,0.061000000685453415,0.061000000685453415,0.061000000685453415,0.061000000685453415,0,0.0,0.0,0.0
2011-08-02 00:00:00+08:00,0.061000000685453415,0.061000000685453415,0.061000000685453415,0.061000000685453415,0,0.0,0.0,0.0
2011-08-03 00:00:00+08:00,0.061000000685453415,0.061000000685453415,0.061000000685453415,0.061000000685453415,0,0.0,0.0,0.0
2011-08-04 00:00:00+08:00,0.061000000685453415,0.061000000685453415,0.061000000685453415,0.061000000685453415,0,0.0,0.0,0.0
2011-08-05 00:00:00+08:00,0.061000000685453415,0.061000000685453415,0.061000000685453415,0.061000000685453415,0,0.0,0.0,0.0
2011-08-08 00:00:00+08:00,0.061000000685453415,0.061000000685453415,0.061000000685453415,0.061000000685453415,0,0.0,0.0,0.0
2011-08-10 00:00:00+08:00,0.061000000685453415,0.061000000685453415,0.061000000685453415,0.061000000685453415,0,0.0,0.0,0.0
2011-08-11 00:00:00+08:00,0.03799999877810478,0.03799999877810478,0.03799999877810478,0.03799999877810478,7000,0.0,0.0,0.0
2011-08-12 00:00:00+08:00,0.03799999877810478,0.03799999877810478,0.03799999877810478,0.03799999877810478,0,0.0,0.0,0.0
2011-08-15 00:00:00+08:00,0.03799999877810478,0.03799999877810478,0.03799999877810478,0.03799999877810478,0,0.0,0.0,0.0
2011-08-16 00:00:00+08:00,0.03799999877810478,0.03799999877810478,0.03799999877810478,0.03799999877810478,0,0.0,0.0,0.0
2011-08-17 00:00:00+08:00,0.03799999877810478,0.03799999877810478,0.03799999877810478,0.03799999877810478,0,0.0,0.0,0.0
2011-08-18 00:00:00+08:00,0.032999999821186066,0.032999999821186066,0.032999999821186066,0.032999999821186066,84000,0.0,0.0,0.0
2011-08-19 00:00:00+08:00,0.032999999821186066,0.032999999821186066,0.032999999821186066,0.032999999821186066,0,0.0,0.0,0.0
2011-08-22 00:00:00+08:00,0.032999999821186066,0.032999999821186066,0.032999999821186066,0.032999999821186066,0,0.0,0.0,0.0
2011-08-23 00:00:00+08:00,0.032999999821186066,0.032999999821186066,0.032999999821186066,0.032999999821186066,0,0.0,0.0,0.0
2011-08-24 00:00:00+08:00,0.029999999329447746,0.029999999329447746,0.029999999329447746,0.029999999329447746,5000,0.0,0.0,0.0
2011-08-25 00:00:00+08:00,0.029999999329447746,0.029999999329447746,0.029999999329447746,0.029999999329447746,0,0.0,0.0,0.0
2011-08-26 00:00:00+08:00,0.029999999329447746,0.029999999329447746,0.029999999329447746,0.029999999329447746,0,0.0,0.0,0.0
2011-08-29 00:00:00+08:00,0.029999999329447746,0.029999999329447746,0.029999999329447746,0.029999999329447746,0,0.0,0.0,0.0
2011-08-31 00:00:00+08:00,0.029999999329447746,0.029999999329447746,0.029999999329447746,0.029999999329447746,0,0.0,0.0,0.0
2011-09-01 00:00:00+08:00,0.029999999329447746,0.029999999329447746,0.029999999329447746,0.029999999329447746,0,0.0,0.0,0.0
2011-09-02 00:00:00+08:00,0.029999999329447746,0.029999999329447746,0.029999999329447746,0.029999999329447746,0,0.0,0.0,0.0
2011-09-05 00:00:00+08:00,0.029999999329447746,0.029999999329447746,0.029999999329447746,0.029999999329447746,0,0.0,0.0,0.0
2011-09-06 00:00:00+08:00,0.029999999329447746,0.029999999329447746,0.029999999329447746,0.029999999329447746,0,0.0,0.0,0.0
2011-09-07 00:00:00+08:00,0.029999999329447746,0.029999999329447746,0.029999999329447746,0.029999999329447746,0,0.0,0.0,0.0
2011-09-08 00:00:00+08:00,0.029999999329447746,0.029999999329447746,0.029999999329447746,0.029999999329447746,0,0.0,0.0,0.0
2011-09-09 00:00:00+08:00,0.029999999329447746,0.029999999329447746,0.029999999329447746,0.029999999329447746,0,0.0,0.0,0.0
2011-09-12 00:00:00+08:00,0.029999999329447746,0.029999999329447746,0.029999999329447746,0.029999999329447746,0,0.0,0.0,0.0
2011-09-13 00:00:00+08:00,0.029999999329447746,0.029999999329447746,0.029999999329447746,0.029999999329447746,0,0.0,0.0,0.0
2011-09-14 00:00:00+08:00,0.029999999329447746,0.029999999329447746,0.029999999329447746,0.029999999329447746,0,0.0,0.0,0.0
2011-09-15 00:00:00+08:00,0.029999999329447746,0.029999999329447746,0.029999999329447746,0.029999999329447746,0,0.0,0.0,0.0
2011-09-16 00:00:00+08:00,0.029999999329447746,0.029999999329447746,0.029999999329447746,0.029999999329447746,0,0.0,0.0,0.0
2011-09-19 00:00:00+08:00,0.029999999329447746,0.029999999329447746,0.029999999329447746,0.029999999329447746,0,0.0,0.0,0.0
2011-09-20 00:00:00+08:00,0.029999999329447746,0.029999999329447746,0.029999999329447746,0.029999999329447746,0,0.0,0.0,0.0
2011-09-21 00:00:00+08:00,0.029999999329447746,0.029999999329447746,0.029999999329447746,0.029999999329447746,0,0.0,0.0,0.0
2011-09-22 00:00:00+08:00,0.029999999329447746,0.029999999329447746,0.029999999329447746,0.029999999329447746,0,0.0,0.0,0.0
2011-09-23 00:00:00+08:00,0.029999999329447746,0.029999999329447746,0.029999999329447746,0.029999999329447746,0,0.0,0.0,0.0
2011-09-26 00:00:00+08:00,0.029999999329447746,0.029999999329447746,0.029999999329447746,0.029999999329447746,0,0.0,0.0,0.0
2011-09-27 00:00:00+08:00,0.029999999329447746,0.029999999329447746,0.029999999329447746,0.029999999329447746,0,0.0,0.0,0.0
2011-09-28 00:00:00+08:00,0.029999999329447746,0.029999999329447746,0.029999999329447746,0.029999999329447746,0,0.0,0.0,0.0
2011-09-29 00:00:00+08:00,0.029999999329447746,0.029999999329447746,0.029999999329447746,0.029999999329447746,0,0.0,0.0,0.0
2011-09-30 00:00:00+08:00,0.029999999329447746,0.029999999329447746,0.029999999329447746,0.029999999329447746,0,0.0,0.0,0.0
2011-10-03 00:00:00+08:00,0.029999999329447746,0.029999999329447746,0.029999999329447746,0.029999999329447746,0,0.0,0.0,0.0
2011-10-04 00:00:00+08:00,0.029999999329447746,0.029999999329447746,0.029999999329447746,0.029999999329447746,0,0.0,0.0,0.0
2011-10-05 00:00:00+08:00,0.029999999329447746,0.029999999329447746,0.029999999329447746,0.029999999329447746,0,0.0,0.0,0.0
2011-10-06 00:00:00+08:00,0.029999999329447746,0.029999999329447746,0.029999999329447746,0.029999999329447746,0,0.0,0.0,0.0
2011-10-07 00:00:00+08:00,0.029999999329447746,0.029999999329447746,0.029999999329447746,0.029999999329447746,0,0.0,0.0,0.0
2011-10-10 00:00:00+08:00,0.029999999329447746,0.029999999329447746,0.029999999329447746,0.029999999329447746,0,0.0,0.0,0.0
2011-10-11 00:00:00+08:00,0.029999999329447746,0.029999999329447746,0.029999999329447746,0.029999999329447746,0,0.0,0.0,0.0
2011-10-12 00:00:00+08:00,0.029999999329447746,0.029999999329447746,0.029999999329447746,0.029999999329447746,0,0.0,0.0,0.0
2011-10-13 00:00:00+08:00,0.029999999329447746,0.029999999329447746,0.02800000086426735,0.02800000086426735,250000,0.0,0.0,0.0
2011-10-14 00:00:00+08:00,0.02800000086426735,0.02800000086426735,0.02800000086426735,0.02800000086426735,0,0.0,0.0,0.0
2011-10-17 00:00:00+08:00,0.02800000086426735,0.02800000086426735,0.02800000086426735,0.02800000086426735,0,0.0,0.0,0.0
2011-10-18 00:00:00+08:00,0.02800000086426735,0.02800000086426735,0.02800000086426735,0.02800000086426735,0,0.0,0.0,0.0
2011-10-19 00:00:00+08:00,0.02800000086426735,0.02800000086426735,0.02800000086426735,0.02800000086426735,0,0.0,0.0,0.0
2011-10-20 00:00:00+08:00,0.02800000086426735,0.02800000086426735,0.02800000086426735,0.02800000086426735,0,0.0,0.0,0.0
2011-10-21 00:00:00+08:00,0.02800000086426735,0.02800000086426735,0.02800000086426735,0.02800000086426735,0,0.0,0.0,0.0
2011-10-24 00:00:00+08:00,0.02800000086426735,0.02800000086426735,0.02800000086426735,0.02800000086426735,0,0.0,0.0,0.0
2011-10-25 00:00:00+08:00,0.02800000086426735,0.02800000086426735,0.02800000086426735,0.02800000086426735,0,0.0,0.0,0.0
2011-10-27 00:00:00+08:00,0.02800000086426735,0.02800000086426735,0.02800000086426735,0.02800000086426735,0,0.0,0.0,0.0
2011-10-28 00:00:00+08:00,0.02800000086426735,0.02800000086426735,0.02800000086426735,0.02800000086426735,0,0.0,0.0,0.0
2011-10-31 00:00:00+08:00,0.02800000086426735,0.02800000086426735,0.02800000086426735,0.02800000086426735,0,0.0,0.0,0.0
2011-11-01 00:00:00+08:00,0.02800000086426735,0.02800000086426735,0.02800000086426735,0.02800000086426735,0,0.0,0.0,0.0
2011-11-02 00:00:00+08:00,0.02800000086426735,0.02800000086426735,0.02800000086426735,0.02800000086426735,0,0.0,0.0,0.0
2011-11-03 00:00:00+08:00,0.02800000086426735,0.02800000086426735,0.02800000086426735,0.02800000086426735,0,0.0,0.0,0.0
2011-11-04 00:00:00+08:00,0.02800000086426735,0.02800000086426735,0.02800000086426735,0.02800000086426735,0,0.0,0.0,0.0
2011-11-08 00:00:00+08:00,0.02800000086426735,0.02800000086426735,0.02800000086426735,0.02800000086426735,0,0.0,0.0,0.0
2011-11-09 00:00:00+08:00,0.02800000086426735,0.02800000086426735,0.02800000086426735,0.02800000086426735,0,0.0,0.0,0.0
2011-11-10 00:00:00+08:00,0.02800000086426735,0.02800000086426735,0.02800000086426735,0.02800000086426735,0,0.0,0.0,0.0
2011-11-11 00:00:00+08:00,0.02800000086426735,0.02800000086426735,0.02800000086426735,0.02800000086426735,0,0.0,0.0,0.0
2011-11-14 00:00:00+08:00,0.02800000086426735,0.02800000086426735,0.02800000086426735,0.02800000086426735,0,0.0,0.0,0.0
2011-11-15 00:00:00+08:00,0.02800000086426735,0.02800000086426735,0.02800000086426735,0.02800000086426735,0,0.0,0.0,0.0
2011-11-16 00:00:00+08:00,0.02800000086426735,0.02800000086426735,0.02800000086426735,0.02800000086426735,0,0.0,0.0,0.0
2011-11-17 00:00:00+08:00,0.02800000086426735,0.02800000086426735,0.02800000086426735,0.02800000086426735,0,0.0,0.0,0.0
2011-11-18 00:00:00+08:00,0.02800000086426735,0.02800000086426735,0.02800000086426735,0.02800000086426735,0,0.0,0.0,0.0
2011-11-21 00:00:00+08:00,0.02800000086426735,0.02800000086426735,0.02800000086426735,0.02800000086426735,0,0.0,0.0,0.0
2011-11-22 00:00:00+08:00,0.02800000086426735,0.02800000086426735,0.02800000086426735,0.02800000086426735,0,0.0,0.0,0.0
2011-11-23 00:00:00+08:00,0.02800000086426735,0.02800000086426735,0.02800000086426735,0.02800000086426735,0,0.0,0.0,0.0
2011-11-24 00:00:00+08:00,0.02800000086426735,0.02800000086426735,0.02800000086426735,0.02800000086426735,0,0.0,0.0,0.0
2011-11-25 00:00:00+08:00,0.02800000086426735,0.02800000086426735,0.02800000086426735,0.02800000086426735,0,0.0,0.0,0.0
2011-11-28 00:00:00+08:00,0.02800000086426735,0.02800000086426735,0.02800000086426735,0.02800000086426735,0,0.0,0.0,0.0
2011-11-29 00:00:00+08:00,0.02800000086426735,0.02800000086426735,0.02800000086426735,0.02800000086426735,0,0.0,0.0,0.0
2011-11-30 00:00:00+08:00,0.02800000086426735,0.02800000086426735,0.02800000086426735,0.02800000086426735,0,0.0,0.0,0.0
2011-12-01 00:00:00+08:00,0.02800000086426735,0.02800000086426735,0.02800000086426735,0.02800000086426735,0,0.0,0.0,0.0
2011-12-02 00:00:00+08:00,0.02800000086426735,0.02800000086426735,0.02800000086426735,0.02800000086426735,0,0.0,0.0,0.0
2011-12-05 00:00:00+08:00,0.02800000086426735,0.02800000086426735,0.02800000086426735,0.02800000086426735,0,0.0,0.0,0.0
2011-12-06 00:00:00+08:00,0.02800000086426735,0.02800000086426735,0.02800000086426735,0.02800000086426735,0,0.0,0.0,0.0
2011-12-07 00:00:00+08:00,0.02800000086426735,0.02800000086426735,0.02800000086426735,0.02800000086426735,0,0.0,0.0,0.0
2011-12-08 00:00:00+08:00,0.02800000086426735,0.02800000086426735,0.02800000086426735,0.02800000086426735,0,0.0,0.0,0.0
2011-12-09 00:00:00+08:00,0.02800000086426735,0.02800000086426735,0.02800000086426735,0.02800000086426735,0,0.0,0.0,0.0
2011-12-12 00:00:00+08:00,0.02800000086426735,0.02800000086426735,0.02800000086426735,0.02800000086426735,17000,0.0,0.0,0.0
2011-12-13 00:00:00+08:00,0.02800000086426735,0.02800000086426735,0.02800000086426735,0.02800000086426735,0,0.0,0.0,0.0
2011-12-14 00:00:00+08:00,0.02800000086426735,0.02800000086426735,0.02800000086426735,0.02800000086426735,0,0.0,0.0,0.0
2011-12-15 00:00:00+08:00,0.02800000086426735,0.02800000086426735,0.02800000086426735,0.02800000086426735,0,0.0,0.0,0.0
2011-12-16 00:00:00+08:00,0.02800000086426735,0.02800000086426735,0.02800000086426735,0.02800000086426735,0,0.0,0.0,0.0
2011-12-19 00:00:00+08:00,0.02800000086426735,0.02800000086426735,0.02800000086426735,0.02800000086426735,0,0.0,0.0,0.0
2011-12-20 00:00:00+08:00,0.02800000086426735,0.02800000086426735,0.02800000086426735,0.02800000086426735,0,0.0,0.0,0.0
2011-12-21 00:00:00+08:00,0.02800000086426735,0.02800000086426735,0.02800000086426735,0.02800000086426735,0,0.0,0.0,0.0
2011-12-22 00:00:00+08:00,0.02500000037252903,0.02500000037252903,0.02500000037252903,0.02500000037252903,42000,0.0,0.0,0.0
2011-12-23 00:00:00+08:00,0.02500000037252903,0.02500000037252903,0.02500000037252903,0.02500000037252903,0,0.0,0.0,0.0
2011-12-27 00:00:00+08:00,0.02500000037252903,0.02500000037252903,0.02500000037252903,0.02500000037252903,0,0.0,0.0,0.0
2011-12-28 00:00:00+08:00,0.02500000037252903,0.02500000037252903,0.02500000037252903,0.02500000037252903,0,0.0,0.0,0.0
2011-12-29 00:00:00+08:00,0.02500000037252903,0.02500000037252903,0.02500000037252903,0.02500000037252903,0,0.0,0.0,0.0
2011-12-30 00:00:00+08:00,0.02500000037252903,0.02500000037252903,0.02500000037252903,0.02500000037252903,0,0.0,0.0,0.0
2012-01-03 00:00:00+08:00,0.02500000037252903,0.02500000037252903,0.02500000037252903,0.02500000037252903,0,0.0,0.0,0.0
2012-01-04 00:00:00+08:00,0.02500000037252903,0.02500000037252903,0.02500000037252903,0.02500000037252903,0,0.0,0.0,0.0
2012-01-05 00:00:00+08:00,0.02500000037252903,0.02500000037252903,0.02500000037252903,0.02500000037252903,0,0.0,0.0,0.0
2012-01-06 00:00:00+08:00,0.02500000037252903,0.02500000037252903,0.02500000037252903,0.02500000037252903,0,0.0,0.0,0.0
2012-01-09 00:00:00+08:00,0.017999999225139618,0.017999999225139618,0.017999999225139618,0.017999999225139618,162000,0.0,0.0,0.0
2012-01-10 00:00:00+08:00,0.02500000037252903,0.02500000037252903,0.02500000037252903,0.02500000037252903,100000,0.0,0.0,0.0
2012-01-11 00:00:00+08:00,0.02500000037252903,0.02500000037252903,0.02500000037252903,0.02500000037252903,0,0.0,0.0,0.0
2012-01-12 00:00:00+08:00,0.023000000044703484,0.023000000044703484,0.023000000044703484,0.023000000044703484,200000,0.0,0.0,0.0
2012-01-13 00:00:00+08:00,0.023000000044703484,0.023000000044703484,0.023000000044703484,0.023000000044703484,0,0.0,0.0,0.0
2012-01-16 00:00:00+08:00,0.02500000037252903,0.029999999329447746,0.02500000037252903,0.029999999329447746,412000,0.0,0.0,0.0
2012-01-17 00:00:00+08:00,0.029999999329447746,0.029999999329447746,0.029999999329447746,0.029999999329447746,0,0.0,0.0,0.0
2012-01-18 00:00:00+08:00,0.03999999910593033,0.03999999910593033,0.03500000014901161,0.039000000804662704,161000,0.0,0.0,0.0
2012-01-19 00:00:00+08:00,0.03500000014901161,0.03500000014901161,0.03500000014901161,0.03500000014901161,8000,0.0,0.0,0.0
2012-01-20 00:00:00+08:00,0.03500000014901161,0.03500000014901161,0.03500000014901161,0.03500000014901161,0,0.0,0.0,0.0
2012-01-25 00:00:00+08:00,0.03500000014901161,0.03500000014901161,0.03500000014901161,0.03500000014901161,0,0.0,0.0,0.0
2012-01-26 00:00:00+08:00,0.03500000014901161,0.03500000014901161,0.03500000014901161,0.03500000014901161,0,0.0,0.0,0.0
2012-01-27 00:00:00+08:00,0.03500000014901161,0.03500000014901161,0.03500000014901161,0.03500000014901161,0,0.0,0.0,0.0
2012-01-30 00:00:00+08:00,0.039000000804662704,0.04500000178813934,0.039000000804662704,0.04399999976158142,2835000,0.0,0.0,0.0
2012-01-31 00:00:00+08:00,0.04500000178813934,0.05000000074505806,0.04500000178813934,0.05000000074505806,299000,0.0,0.0,0.0
2012-02-01 00:00:00+08:00,0.05000000074505806,0.05000000074505806,0.05000000074505806,0.05000000074505806,0,0.0,0.0,0.0
2012-02-02 00:00:00+08:00,0.05000000074505806,0.05000000074505806,0.05000000074505806,0.05000000074505806,0,0.0,0.0,0.0
2012-02-03 00:00:00+08:00,0.05400000140070915,0.054999999701976776,0.05400000140070915,0.054999999701976776,162000,0.0,0.0,0.0
2012-02-06 00:00:00+08:00,0.054999999701976776,0.054999999701976776,0.054999999701976776,0.054999999701976776,0,0.0,0.0,0.0
2012-02-07 00:00:00+08:00,0.054999999701976776,0.054999999701976776,0.054999999701976776,0.054999999701976776,0,0.0,0.0,0.0
2012-02-08 00:00:00+08:00,0.054999999701976776,0.054999999701976776,0.054999999701976776,0.054999999701976776,0,0.0,0.0,0.0
2012-02-09 00:00:00+08:00,0.05000000074505806,0.05000000074505806,0.05000000074505806,0.05000000074505806,25000,0.0,0.0,0.0
2012-02-10 00:00:00+08:00,0.05000000074505806,0.05000000074505806,0.05000000074505806,0.05000000074505806,0,0.0,0.0,0.0
2012-02-13 00:00:00+08:00,0.05000000074505806,0.05000000074505806,0.05000000074505806,0.05000000074505806,0,0.0,0.0,0.0
2012-02-14 00:00:00+08:00,0.05299999937415123,0.05299999937415123,0.05299999937415123,0.05299999937415123,50000,0.0,0.0,0.0
2012-02-15 00:00:00+08:00,0.05000000074505806,0.05299999937415123,0.05000000074505806,0.05299999937415123,730000,0.0,0.0,0.0
2012-02-16 00:00:00+08:00,0.05000000074505806,0.05000000074505806,0.05000000074505806,0.05000000074505806,671000,0.0,0.0,0.0
2012-02-17 00:00:00+08:00,0.05000000074505806,0.05299999937415123,0.05000000074505806,0.052000001072883606,345000,0.0,0.0,0.0
2012-02-20 00:00:00+08:00,0.05000000074505806,0.05000000074505806,0.05000000074505806,0.05000000074505806,24000,0.0,0.0,0.0
2012-02-21 00:00:00+08:00,0.054999999701976776,0.0689999982714653,0.054999999701976776,0.06199999898672104,5680000,0.0,0.0,0.0
2012-02-22 00:00:00+08:00,0.06499999761581421,0.08299999684095383,0.06499999761581421,0.07800000160932541,10265000,0.0,0.0,0.0
2012-02-23 00:00:00+08:00,0.08299999684095383,0.10000000149011612,0.08299999684095383,0.09600000083446503,10324000,0.0,0.0,0.0
2012-02-24 00:00:00+08:00,0.09700000286102295,0.09700000286102295,0.07500000298023224,0.07599999755620956,6835000,0.0,0.0,0.0
2012-02-27 00:00:00+08:00,0.07599999755620956,0.07599999755620956,0.057999998331069946,0.06599999964237213,4835000,0.0,0.0,0.0
2012-02-28 00:00:00+08:00,0.05999999865889549,0.06400000303983688,0.05999999865889549,0.061000000685453415,2186000,0.0,0.0,0.0
2012-02-29 00:00:00+08:00,0.05700000002980232,0.05700000002980232,0.054999999701976776,0.05700000002980232,279000,0.0,0.0,0.0
2012-03-01 00:00:00+08:00,0.05700000002980232,0.05900000035762787,0.054999999701976776,0.05900000035762787,1040000,0.0,0.0,0.0
2012-03-02 00:00:00+08:00,0.05999999865889549,0.06400000303983688,0.054999999701976776,0.054999999701976776,2517000,0.0,0.0,0.0
2012-03-05 00:00:00+08:00,0.054999999701976776,0.054999999701976776,0.050999999046325684,0.050999999046325684,1441000,0.0,0.0,0.0
2012-03-06 00:00:00+08:00,0.05400000140070915,0.05400000140070915,0.05400000140070915,0.05400000140070915,55000,0.0,0.0,0.0
2012-03-07 00:00:00+08:00,0.05400000140070915,0.0560000017285347,0.05299999937415123,0.054999999701976776,474000,0.0,0.0,0.0
2012-03-08 00:00:00+08:00,0.054999999701976776,0.06199999898672104,0.054999999701976776,0.061000000685453415,4580000,0.0,0.0,0.0
2012-03-09 00:00:00+08:00,0.06400000303983688,0.06400000303983688,0.05999999865889549,0.06199999898672104,2696000,0.0,0.0,0.0
2012-03-12 00:00:00+08:00,0.061000000685453415,0.061000000685453415,0.05900000035762787,0.05999999865889549,1136000,0.0,0.0,0.0
2012-03-13 00:00:00+08:00,0.05999999865889549,0.061000000685453415,0.05999999865889549,0.061000000685453415,792000,0.0,0.0,0.0
2012-03-14 00:00:00+08:00,0.05900000035762787,0.061000000685453415,0.057999998331069946,0.05999999865889549,561000,0.0,0.0,0.0
2012-03-15 00:00:00+08:00,0.05999999865889549,0.05999999865889549,0.05999999865889549,0.05999999865889549,0,0.0,0.0,0.0
2012-03-16 00:00:00+08:00,0.05999999865889549,0.05999999865889549,0.05999999865889549,0.05999999865889549,110000,0.0,0.0,0.0
2012-03-19 00:00:00+08:00,0.05999999865889549,0.061000000685453415,0.05999999865889549,0.05999999865889549,496000,0.0,0.0,0.0
2012-03-20 00:00:00+08:00,0.05999999865889549,0.05999999865889549,0.05999999865889549,0.05999999865889549,0,0.0,0.0,0.0
2012-03-21 00:00:00+08:00,0.057999998331069946,0.06199999898672104,0.057999998331069946,0.061000000685453415,23000,0.0,0.0,0.0
2012-03-22 00:00:00+08:00,0.05999999865889549,0.05999999865889549,0.05999999865889549,0.05999999865889549,50000,0.0,0.0,0.0
2012-03-23 00:00:00+08:00,0.05999999865889549,0.05999999865889549,0.05999999865889549,0.05999999865889549,0,0.0,0.0,0.0
2012-03-26 00:00:00+08:00,0.05999999865889549,0.07000000029802322,0.05999999865889549,0.07000000029802322,563000,0.0,0.0,0.0
2012-03-27 00:00:00+08:00,0.06599999964237213,0.06700000166893005,0.05900000035762787,0.05999999865889549,794000,0.0,0.0,0.0
2012-03-28 00:00:00+08:00,0.06400000303983688,0.06400000303983688,0.05999999865889549,0.05999999865889549,925000,0.0,0.0,0.0
2012-03-29 00:00:00+08:00,0.05999999865889549,0.06300000101327896,0.05999999865889549,0.05999999865889549,881000,0.0,0.0,0.0
2012-03-30 00:00:00+08:00,0.05999999865889549,0.06199999898672104,0.05999999865889549,0.05999999865889549,1149000,0.0,0.0,0.0
2012-04-02 00:00:00+08:00,0.05999999865889549,0.06499999761581421,0.05999999865889549,0.06199999898672104,108000,0.0,0.0,0.0
2012-04-03 00:00:00+08:00,0.06199999898672104,0.06400000303983688,0.06199999898672104,0.06400000303983688,90000,0.0,0.0,0.0
2012-04-04 00:00:00+08:00,0.06300000101327896,0.06300000101327896,0.06199999898672104,0.06199999898672104,636000,0.0,0.0,0.0
2012-04-05 00:00:00+08:00,0.06300000101327896,0.06300000101327896,0.06300000101327896,0.06300000101327896,232000,0.0,0.0,0.0
2012-04-09 00:00:00+08:00,0.06300000101327896,0.06599999964237213,0.06300000101327896,0.06400000303983688,273000,0.0,0.0,0.0
2012-04-10 00:00:00+08:00,0.06499999761581421,0.06599999964237213,0.06300000101327896,0.06499999761581421,401000,0.0,0.0,0.0
2012-04-11 00:00:00+08:00,0.06300000101327896,0.06599999964237213,0.061000000685453415,0.06599999964237213,609000,0.0,0.0,0.0
2012-04-12 00:00:00+08:00,0.06499999761581421,0.06700000166893005,0.06400000303983688,0.06700000166893005,1506000,0.0,0.0,0.0
2012-04-13 00:00:00+08:00,0.06599999964237213,0.06800000369548798,0.06599999964237213,0.06700000166893005,2624000,0.0,0.0,0.0
2012-04-16 00:00:00+08:00,0.0689999982714653,0.07599999755620956,0.0689999982714653,0.07599999755620956,4286000,0.0,0.0,0.0
2012-04-17 00:00:00+08:00,0.07599999755620956,0.08299999684095383,0.07400000095367432,0.07999999821186066,6814000,0.0,0.0,0.0
2012-04-18 00:00:00+08:00,0.08100000023841858,0.08299999684095383,0.07800000160932541,0.07900000363588333,4210000,0.0,0.0,0.0
2012-04-19 00:00:00+08:00,0.07800000160932541,0.07999999821186066,0.07400000095367432,0.07800000160932541,2382000,0.0,0.0,0.0
2012-04-20 00:00:00+08:00,0.07800000160932541,0.07999999821186066,0.07599999755620956,0.07999999821186066,1604000,0.0,0.0,0.0
2012-04-23 00:00:00+08:00,0.07999999821186066,0.07999999821186066,0.07500000298023224,0.07500000298023224,615000,0.0,0.0,0.0
2012-04-24 00:00:00+08:00,0.07400000095367432,0.07400000095367432,0.06700000166893005,0.07199999690055847,1066000,0.0,0.0,0.0
2012-04-25 00:00:00+08:00,0.07599999755620956,0.07699999958276749,0.0729999989271164,0.0729999989271164,846000,0.0,0.0,0.0
2012-04-26 00:00:00+08:00,0.07800000160932541,0.07900000363588333,0.07800000160932541,0.07800000160932541,966000,0.0,0.0,0.0
2012-04-27 00:00:00+08:00,0.08100000023841858,0.08100000023841858,0.07800000160932541,0.07999999821186066,908000,0.0,0.0,0.0
2012-04-30 00:00:00+08:00,0.0820000022649765,0.0860000029206276,0.0820000022649765,0.0820000022649765,2607000,0.0,0.0,0.0
2012-05-02 00:00:00+08:00,0.0820000022649765,0.08299999684095383,0.07999999821186066,0.07999999821186066,890000,0.0,0.0,0.0
2012-05-03 00:00:00+08:00,0.07999999821186066,0.08500000089406967,0.07999999821186066,0.0820000022649765,436000,0.0,0.0,0.0
2012-05-04 00:00:00+08:00,0.0820000022649765,0.08399999886751175,0.0820000022649765,0.08399999886751175,831000,0.0,0.0,0.0
2012-05-07 00:00:00+08:00,0.08100000023841858,0.08100000023841858,0.07900000363588333,0.08100000023841858,1546000,0.0,0.0,0.0
2012-05-08 00:00:00+08:00,0.0820000022649765,0.0820000022649765,0.07999999821186066,0.07999999821186066,114000,0.0,0.0,0.0
2012-05-09 00:00:00+08:00,0.08299999684095383,0.08399999886751175,0.07999999821186066,0.08399999886751175,3022000,0.0,0.0,0.0
2012-05-10 00:00:00+08:00,0.08299999684095383,0.08399999886751175,0.08100000023841858,0.08299999684095383,1176000,0.0,0.0,0.0
2012-05-11 00:00:00+08:00,0.08100000023841858,0.08299999684095383,0.08100000023841858,0.08100000023841858,737000,0.0,0.0,0.0
2012-05-14 00:00:00+08:00,0.08100000023841858,0.08100000023841858,0.07800000160932541,0.07800000160932541,435000,0.0,0.0,0.0
2012-05-15 00:00:00+08:00,0.07699999958276749,0.07999999821186066,0.07699999958276749,0.07800000160932541,308000,0.0,0.0,0.0
2012-05-16 00:00:00+08:00,0.08100000023841858,0.08100000023841858,0.07900000363588333,0.07900000363588333,1256000,0.0,0.0,0.0
2012-05-17 00:00:00+08:00,0.07599999755620956,0.07999999821186066,0.07599999755620956,0.07999999821186066,1606000,0.0,0.0,0.0
2012-05-18 00:00:00+08:00,0.07999999821186066,0.07999999821186066,0.07999999821186066,0.07999999821186066,0,0.0,0.0,0.0
2012-05-21 00:00:00+08:00,0.07900000363588333,0.07900000363588333,0.0689999982714653,0.07000000029802322,600000,0.0,0.0,0.0
2012-05-22 00:00:00+08:00,0.07400000095367432,0.07400000095367432,0.07000000029802322,0.07000000029802322,240000,0.0,0.0,0.0
2012-05-23 00:00:00+08:00,0.07199999690055847,0.07199999690055847,0.07199999690055847,0.07199999690055847,505000,0.0,0.0,0.0
2012-05-24 00:00:00+08:00,0.07000000029802322,0.07000000029802322,0.06800000369548798,0.0689999982714653,680000,0.0,0.0,0.0
2012-05-25 00:00:00+08:00,0.06800000369548798,0.06800000369548798,0.06800000369548798,0.06800000369548798,150000,0.0,0.0,0.0
2012-05-28 00:00:00+08:00,0.07199999690055847,0.07199999690055847,0.0689999982714653,0.0689999982714653,431000,0.0,0.0,0.0
2012-05-29 00:00:00+08:00,0.0689999982714653,0.0689999982714653,0.0689999982714653,0.0689999982714653,0,0.0,0.0,0.0
2012-05-30 00:00:00+08:00,0.07199999690055847,0.07199999690055847,0.07000000029802322,0.07199999690055847,1206000,0.0,0.0,0.0
2012-05-31 00:00:00+08:00,0.07000000029802322,0.07000000029802322,0.07000000029802322,0.07000000029802322,205000,0.0,0.0,0.0
2012-06-01 00:00:00+08:00,0.06700000166893005,0.07000000029802322,0.06700000166893005,0.07000000029802322,400000,0.0,0.0,0.0
2012-06-04 00:00:00+08:00,0.07000000029802322,0.07000000029802322,0.07000000029802322,0.07000000029802322,300000,0.0,0.0,0.0
2012-06-05 00:00:00+08:00,0.07000000029802322,0.07000000029802322,0.07000000029802322,0.07000000029802322,0,0.0,0.0,0.0
2012-06-06 00:00:00+08:00,0.0689999982714653,0.0689999982714653,0.0689999982714653,0.0689999982714653,305000,0.0,0.0,0.0
2012-06-07 00:00:00+08:00,0.07000000029802322,0.07000000029802322,0.07000000029802322,0.07000000029802322,310000,0.0,0.0,0.0
2012-06-08 00:00:00+08:00,0.0689999982714653,0.0689999982714653,0.06800000369548798,0.06800000369548798,150000,0.0,0.0,0.0
2012-06-11 00:00:00+08:00,0.06800000369548798,0.0689999982714653,0.06800000369548798,0.0689999982714653,485000,0.0,0.0,0.0
2012-06-12 00:00:00+08:00,0.0689999982714653,0.0689999982714653,0.0689999982714653,0.0689999982714653,0,0.0,0.0,0.0
2012-06-13 00:00:00+08:00,0.07000000029802322,0.07000000029802322,0.07000000029802322,0.07000000029802322,320000,0.0,0.0,0.0
2012-06-14 00:00:00+08:00,0.07000000029802322,0.07000000029802322,0.0689999982714653,0.0689999982714653,349000,0.0,0.0,0.0
2012-06-15 00:00:00+08:00,0.0689999982714653,0.0689999982714653,0.06700000166893005,0.06700000166893005,180000,0.0,0.0,0.0
2012-06-18 00:00:00+08:00,0.0689999982714653,0.0689999982714653,0.0689999982714653,0.0689999982714653,300000,0.0,0.0,0.0
2012-06-19 00:00:00+08:00,0.06300000101327896,0.07000000029802322,0.06300000101327896,0.07000000029802322,2000,0.0,0.0,0.0
2012-06-20 00:00:00+08:00,0.0689999982714653,0.07000000029802322,0.0689999982714653,0.07000000029802322,605000,0.0,0.0,0.0
2012-06-21 00:00:00+08:00,0.07000000029802322,0.07000000029802322,0.0689999982714653,0.0689999982714653,685000,0.0,0.0,0.0
2012-06-22 00:00:00+08:00,0.06800000369548798,0.06800000369548798,0.06800000369548798,0.06800000369548798,80000,0.0,0.0,0.0
2012-06-25 00:00:00+08:00,0.07000000029802322,0.07000000029802322,0.06499999761581421,0.06499999761581421,1330000,0.0,0.0,0.0
2012-06-26 00:00:00+08:00,0.06499999761581421,0.0689999982714653,0.06499999761581421,0.06499999761581421,601000,0.0,0.0,0.0
2012-06-27 00:00:00+08:00,0.06499999761581421,0.06599999964237213,0.06499999761581421,0.06599999964237213,505000,0.0,0.0,0.0
2012-06-28 00:00:00+08:00,0.06700000166893005,0.06700000166893005,0.06499999761581421,0.06700000166893005,485000,0.0,0.0,0.0
2012-06-29 00:00:00+08:00,0.06499999761581421,0.06700000166893005,0.06499999761581421,0.06700000166893005,115000,0.0,0.0,0.0
2012-07-02 00:00:00+08:00,0.06599999964237213,0.06599999964237213,0.06599999964237213,0.06599999964237213,300000,0.0,0.0,0.0
2012-07-03 00:00:00+08:00,0.06700000166893005,0.06800000369548798,0.06499999761581421,0.06700000166893005,765000,0.0,0.0,0.0
2012-07-04 00:00:00+08:00,0.06800000369548798,0.06800000369548798,0.06499999761581421,0.06499999761581421,1005000,0.0,0.0,0.0
2012-07-05 00:00:00+08:00,0.06700000166893005,0.06700000166893005,0.06700000166893005,0.06700000166893005,355000,0.0,0.0,0.0
2012-07-06 00:00:00+08:00,0.06300000101327896,0.06599999964237213,0.06300000101327896,0.06599999964237213,627000,0.0,0.0,0.0
2012-07-09 00:00:00+08:00,0.06800000369548798,0.06800000369548798,0.05999999865889549,0.06599999964237213,1352000,0.0,0.0,0.0
2012-07-10 00:00:00+08:00,0.06499999761581421,0.06499999761581421,0.061000000685453415,0.061000000685453415,900000,0.0,0.0,0.0
2012-07-11 00:00:00+08:00,0.06300000101327896,0.06300000101327896,0.06300000101327896,0.06300000101327896,334000,0.0,0.0,0.0
2012-07-12 00:00:00+08:00,0.06400000303983688,0.06400000303983688,0.061000000685453415,0.061000000685453415,1225000,0.0,0.0,0.0
2012-07-13 00:00:00+08:00,0.061000000685453415,0.061000000685453415,0.05999999865889549,0.05999999865889549,200000,0.0,0.0,0.0
2012-07-16 00:00:00+08:00,0.06199999898672104,0.06199999898672104,0.06199999898672104,0.06199999898672104,5000,0.0,0.0,0.0
2012-07-17 00:00:00+08:00,0.06199999898672104,0.06300000101327896,0.05999999865889549,0.06199999898672104,1020000,0.0,0.0,0.0
2012-07-18 00:00:00+08:00,0.05999999865889549,0.06199999898672104,0.05999999865889549,0.06199999898672104,300000,0.0,0.0,0.0
2012-07-19 00:00:00+08:00,0.05999999865889549,0.05999999865889549,0.05999999865889549,0.05999999865889549,70000,0.0,0.0,0.0
2012-07-20 00:00:00+08:00,0.06400000303983688,0.06400000303983688,0.0560000017285347,0.0560000017285347,762000,0.0,0.0,0.0
2012-07-23 00:00:00+08:00,0.0560000017285347,0.05999999865889549,0.0560000017285347,0.05999999865889549,472000,0.0,0.0,0.0
2012-07-24 00:00:00+08:00,0.057999998331069946,0.05999999865889549,0.05700000002980232,0.05999999865889549,405000,0.0,0.0,0.0
2012-07-25 00:00:00+08:00,0.057999998331069946,0.057999998331069946,0.057999998331069946,0.057999998331069946,50000,0.0,0.0,0.0
2012-07-26 00:00:00+08:00,0.05999999865889549,0.05999999865889549,0.0560000017285347,0.05900000035762787,422000,0.0,0.0,0.0
2012-07-27 00:00:00+08:00,0.05900000035762787,0.05900000035762787,0.05900000035762787,0.05900000035762787,0,0.0,0.0,0.0
2012-07-30 00:00:00+08:00,0.05900000035762787,0.05900000035762787,0.054999999701976776,0.054999999701976776,403000,0.0,0.0,0.0
2012-07-31 00:00:00+08:00,0.054999999701976776,0.054999999701976776,0.054999999701976776,0.054999999701976776,180000,0.0,0.0,0.0
2012-08-01 00:00:00+08:00,0.054999999701976776,0.054999999701976776,0.054999999701976776,0.054999999701976776,52000,0.0,0.0,0.0
2012-08-02 00:00:00+08:00,0.054999999701976776,0.054999999701976776,0.054999999701976776,0.054999999701976776,200000,0.0,0.0,0.0
2012-08-03 00:00:00+08:00,0.0560000017285347,0.0560000017285347,0.054999999701976776,0.0560000017285347,700000,0.0,0.0,0.0
2012-08-06 00:00:00+08:00,0.0560000017285347,0.0560000017285347,0.0560000017285347,0.0560000017285347,0,0.0,0.0,0.0
2012-08-07 00:00:00+08:00,0.05299999937415123,0.05299999937415123,0.05299999937415123,0.05299999937415123,100000,0.0,0.0,0.0
2012-08-08 00:00:00+08:00,0.052000001072883606,0.052000001072883606,0.05000000074505806,0.05000000074505806,462000,0.0,0.0,0.0
2012-08-10 00:00:00+08:00,0.054999999701976776,0.05999999865889549,0.054999999701976776,0.057999998331069946,1396000,0.0,0.0,0.0
2012-08-13 00:00:00+08:00,0.057999998331069946,0.057999998331069946,0.057999998331069946,0.057999998331069946,307000,0.0,0.0,0.0
2012-08-14 00:00:00+08:00,0.05999999865889549,0.07199999690055847,0.05999999865889549,0.06800000369548798,1795000,0.0,0.0,0.0
2012-08-15 00:00:00+08:00,0.06800000369548798,0.06800000369548798,0.06800000369548798,0.06800000369548798,0,0.0,0.0,0.0
2012-08-16 00:00:00+08:00,0.06499999761581421,0.06499999761581421,0.06199999898672104,0.06199999898672104,170000,0.0,0.0,0.0
2012-08-17 00:00:00+08:00,0.06400000303983688,0.06499999761581421,0.0560000017285347,0.06199999898672104,291000,0.0,0.0,0.0
2012-08-21 00:00:00+08:00,0.06199999898672104,0.06199999898672104,0.06199999898672104,0.06199999898672104,0,0.0,0.0,0.0
2012-08-22 00:00:00+08:00,0.06400000303983688,0.06400000303983688,0.057999998331069946,0.05999999865889549,199000,0.0,0.0,0.0
2012-08-23 00:00:00+08:00,0.05999999865889549,0.06300000101327896,0.057999998331069946,0.06300000101327896,347000,0.0,0.0,0.0
2012-08-24 00:00:00+08:00,0.061000000685453415,0.06300000101327896,0.057999998331069946,0.06300000101327896,306000,0.0,0.0,0.0
2012-08-27 00:00:00+08:00,0.06300000101327896,0.06300000101327896,0.06300000101327896,0.06300000101327896,0,0.0,0.0,0.0
2012-08-28 00:00:00+08:00,0.057999998331069946,0.06499999761581421,0.0560000017285347,0.06499999761581421,257000,0.0,0.0,0.0
2012-08-29 00:00:00+08:00,0.057999998331069946,0.05999999865889549,0.057999998331069946,0.05999999865889549,639000,0.0,0.0,0.0
2012-08-30 00:00:00+08:00,0.05999999865889549,0.06199999898672104,0.05900000035762787,0.05900000035762787,674000,0.0,0.0,0.0
2012-08-31 00:00:00+08:00,0.05999999865889549,0.06199999898672104,0.05999999865889549,0.061000000685453415,1500000,0.0,0.0,0.0
2012-09-03 00:00:00+08:00,0.06199999898672104,0.08500000089406967,0.061000000685453415,0.08299999684095383,19227000,0.0,0.0,0.0
2012-09-04 00:00:00+08:00,0.08399999886751175,0.09799999743700027,0.08399999886751175,0.09399999678134918,33560000,0.0,0.0,0.0
2012-09-05 00:00:00+08:00,0.09600000083446503,0.09600000083446503,0.08399999886751175,0.09000000357627869,34047000,0.0,0.0,0.0
2012-09-06 00:00:00+08:00,0.09099999815225601,0.09399999678134918,0.08900000154972076,0.09200000017881393,25500000,0.0,0.0,0.0
2012-09-07 00:00:00+08:00,0.09200000017881393,0.09200000017881393,0.09200000017881393,0.09200000017881393,0,0.0,0.0,0.0
2012-09-10 00:00:00+08:00,0.09200000017881393,0.09200000017881393,0.09200000017881393,0.09200000017881393,0,0.0,0.0,0.0
2012-09-11 00:00:00+08:00,0.09700000286102295,0.0989999994635582,0.07900000363588333,0.08100000023841858,51705000,0.0,0.0,0.0
2012-09-12 00:00:00+08:00,0.08100000023841858,0.08299999684095383,0.06800000369548798,0.0689999982714653,25209000,0.0,0.0,0.0
2012-09-13 00:00:00+08:00,0.07000000029802322,0.0729999989271164,0.06800000369548798,0.06800000369548798,10567000,0.0,0.0,0.0
2012-09-14 00:00:00+08:00,0.07000000029802322,0.07000000029802322,0.06700000166893005,0.06700000166893005,3960000,0.0,0.0,0.0
2012-09-17 00:00:00+08:00,0.06599999964237213,0.0689999982714653,0.06499999761581421,0.06700000166893005,3208000,0.0,0.0,0.0
2012-09-18 00:00:00+08:00,0.06800000369548798,0.06800000369548798,0.06300000101327896,0.06300000101327896,5426000,0.0,0.0,0.0
2012-09-19 00:00:00+08:00,0.06199999898672104,0.07199999690055847,0.06199999898672104,0.07000000029802322,35953000,0.0,0.0,0.0
2012-09-20 00:00:00+08:00,0.0689999982714653,0.0689999982714653,0.06599999964237213,0.06599999964237213,5496000,0.0,0.0,0.0
2012-09-21 00:00:00+08:00,0.06700000166893005,0.06800000369548798,0.06599999964237213,0.06599999964237213,7198000,0.0,0.0,0.0
2012-09-24 00:00:00+08:00,0.06599999964237213,0.06599999964237213,0.06400000303983688,0.06499999761581421,3407000,0.0,0.0,0.0
2012-09-25 00:00:00+08:00,0.06499999761581421,0.06599999964237213,0.06400000303983688,0.06400000303983688,3605000,0.0,0.0,0.0
2012-09-26 00:00:00+08:00,0.06400000303983688,0.06700000166893005,0.06400000303983688,0.06400000303983688,23809000,0.0,0.0,0.0
2012-09-27 00:00:00+08:00,0.06499999761581421,0.06599999964237213,0.06199999898672104,0.06199999898672104,9293000,0.0,0.0,0.0
2012-09-28 00:00:00+08:00,0.06300000101327896,0.06400000303983688,0.06199999898672104,0.06199999898672104,5658000,0.0,0.0,0.0
2012-10-01 00:00:00+08:00,0.06199999898672104,0.06199999898672104,0.061000000685453415,0.061000000685453415,4229000,0.0,0.0,0.0
2012-10-02 00:00:00+08:00,0.06199999898672104,0.06599999964237213,0.06199999898672104,0.06400000303983688,11409000,0.0,0.0,0.0
2012-10-03 00:00:00+08:00,0.06300000101327896,0.06599999964237213,0.06199999898672104,0.06499999761581421,19797000,0.0,0.0,0.0
2012-10-04 00:00:00+08:00,0.06499999761581421,0.06499999761581421,0.06199999898672104,0.06199999898672104,4835000,0.0,0.0,0.0
2012-10-05 00:00:00+08:00,0.06300000101327896,0.06400000303983688,0.06199999898672104,0.06199999898672104,3976000,0.0,0.0,0.0
2012-10-08 00:00:00+08:00,0.06300000101327896,0.06499999761581421,0.06199999898672104,0.06300000101327896,10215000,0.0,0.0,0.0
2012-10-09 00:00:00+08:00,0.06300000101327896,0.06499999761581421,0.061000000685453415,0.061000000685453415,11758000,0.0,0.0,0.0
2012-10-10 00:00:00+08:00,0.05999999865889549,0.061000000685453415,0.05700000002980232,0.057999998331069946,4672000,0.0,0.0,0.0
2012-10-11 00:00:00+08:00,0.057999998331069946,0.057999998331069946,0.05700000002980232,0.05700000002980232,5544000,0.0,0.0,0.0
2012-10-12 00:00:00+08:00,0.05700000002980232,0.05900000035762787,0.05700000002980232,0.05700000002980232,2307000,0.0,0.0,0.0
2012-10-15 00:00:00+08:00,0.05700000002980232,0.057999998331069946,0.054999999701976776,0.054999999701976776,2024000,0.0,0.0,0.0
2012-10-16 00:00:00+08:00,0.0560000017285347,0.0560000017285347,0.05299999937415123,0.05299999937415123,4138000,0.0,0.0,0.0
2012-10-17 00:00:00+08:00,0.05400000140070915,0.05400000140070915,0.052000001072883606,0.052000001072883606,2183000,0.0,0.0,0.0
2012-10-18 00:00:00+08:00,0.052000001072883606,0.05299999937415123,0.050999999046325684,0.050999999046325684,2011000,0.0,0.0,0.0
2012-10-19 00:00:00+08:00,0.052000001072883606,0.052000001072883606,0.04500000178813934,0.04600000008940697,6567000,0.0,0.0,0.0
2012-10-22 00:00:00+08:00,0.04699999839067459,0.05000000074505806,0.04600000008940697,0.04699999839067459,3821000,0.0,0.0,0.0
2012-10-23 00:00:00+08:00,0.04699999839067459,0.04800000041723251,0.04500000178813934,0.04500000178813934,3908000,0.0,0.0,0.0
2012-10-24 00:00:00+08:00,0.0430000014603138,0.04699999839067459,0.041999999433755875,0.041999999433755875,2076000,0.0,0.0,0.0
2012-10-25 00:00:00+08:00,0.0430000014603138,0.0430000014603138,0.04100000113248825,0.04100000113248825,1657000,0.0,0.0,0.0
2012-10-29 00:00:00+08:00,0.03999999910593033,0.0430000014603138,0.039000000804662704,0.039000000804662704,4226000,0.0,0.0,0.0
2012-10-30 00:00:00+08:00,0.03799999877810478,0.039000000804662704,0.03500000014901161,0.035999998450279236,4079000,0.0,0.0,0.0
2012-10-31 00:00:00+08:00,0.035999998450279236,0.0560000017285347,0.035999998450279236,0.054999999701976776,36799000,0.0,0.0,0.0
2012-11-01 00:00:00+08:00,0.054999999701976776,0.06499999761581421,0.05400000140070915,0.06300000101327896,71874000,0.0,0.0,0.0
2012-11-02 00:00:00+08:00,0.06499999761581421,0.0689999982714653,0.057999998331069946,0.061000000685453415,56689000,0.0,0.0,0.0
2012-11-05 00:00:00+08:00,0.06199999898672104,0.06199999898672104,0.05700000002980232,0.05900000035762787,12876000,0.0,0.0,0.0
2012-11-06 00:00:00+08:00,0.057999998331069946,0.06300000101327896,0.057999998331069946,0.05999999865889549,20562000,0.0,0.0,0.0
2012-11-07 00:00:00+08:00,0.05999999865889549,0.05999999865889549,0.05700000002980232,0.057999998331069946,6429000,0.0,0.0,0.0
2012-11-08 00:00:00+08:00,0.057999998331069946,0.057999998331069946,0.050999999046325684,0.05299999937415123,11021000,0.0,0.0,0.0
2012-11-09 00:00:00+08:00,0.05299999937415123,0.054999999701976776,0.04800000041723251,0.04800000041723251,21318000,0.0,0.0,0.0
2012-11-12 00:00:00+08:00,0.04800000041723251,0.052000001072883606,0.04600000008940697,0.04600000008940697,11845000,0.0,0.0,0.0
2012-11-14 00:00:00+08:00,0.04600000008940697,0.05000000074505806,0.04500000178813934,0.04699999839067459,8028000,0.0,0.0,0.0
2012-11-15 00:00:00+08:00,0.04600000008940697,0.04699999839067459,0.0430000014603138,0.0430000014603138,7613000,0.0,0.0,0.0
2012-11-16 00:00:00+08:00,0.04399999976158142,0.04500000178813934,0.04100000113248825,0.04100000113248825,5875000,0.0,0.0,0.0
2012-11-19 00:00:00+08:00,0.041999999433755875,0.04399999976158142,0.04100000113248825,0.041999999433755875,13954000,0.0,0.0,0.0
2012-11-20 00:00:00+08:00,0.0430000014603138,0.04800000041723251,0.0430000014603138,0.04399999976158142,43146000,0.0,0.0,0.0
2012-11-21 00:00:00+08:00,0.04399999976158142,0.04600000008940697,0.04399999976158142,0.04399999976158142,10773000,0.0,0.0,0.0
2012-11-22 00:00:00+08:00,0.04399999976158142,0.04500000178813934,0.0430000014603138,0.04399999976158142,3792000,0.0,0.0,0.0
2012-11-23 00:00:00+08:00,0.04399999976158142,0.04699999839067459,0.04399999976158142,0.04500000178813934,15984000,0.0,0.0,0.0
2012-11-26 00:00:00+08:00,0.04500000178813934,0.04600000008940697,0.0430000014603138,0.0430000014603138,4860000,0.0,0.0,0.0
2012-11-27 00:00:00+08:00,0.04399999976158142,0.04399999976158142,0.04100000113248825,0.04100000113248825,10765000,0.0,0.0,0.0
2012-11-28 00:00:00+08:00,0.04100000113248825,0.04600000008940697,0.04100000113248825,0.04399999976158142,32509000,0.0,0.0,0.0
2012-11-29 00:00:00+08:00,0.04399999976158142,0.04699999839067459,0.0430000014603138,0.04399999976158142,13531000,0.0,0.0,0.0
2012-11-30 00:00:00+08:00,0.0430000014603138,0.04399999976158142,0.041999999433755875,0.041999999433755875,7586000,0.0,0.0,0.0
2012-12-03 00:00:00+08:00,0.0430000014603138,0.04399999976158142,0.041999999433755875,0.0430000014603138,6290000,0.0,0.0,0.0
2012-12-04 00:00:00+08:00,0.0430000014603138,0.04600000008940697,0.03999999910593033,0.04100000113248825,49176000,0.0,0.0,0.0
2012-12-05 00:00:00+08:00,0.041999999433755875,0.0430000014603138,0.04100000113248825,0.04100000113248825,8451000,0.0,0.0,0.0
2012-12-06 00:00:00+08:00,0.04100000113248825,0.041999999433755875,0.04100000113248825,0.041999999433755875,5485000,0.0,0.0,0.0
2012-12-07 00:00:00+08:00,0.04100000113248825,0.041999999433755875,0.03999999910593033,0.04100000113248825,9257000,0.0,0.0,0.0
2012-12-10 00:00:00+08:00,0.04100000113248825,0.041999999433755875,0.03999999910593033,0.03999999910593033,6190000,0.0,0.0,0.0
2012-12-11 00:00:00+08:00,0.03999999910593033,0.04100000113248825,0.03999999910593033,0.04100000113248825,14805000,0.0,0.0,0.0
2012-12-12 00:00:00+08:00,0.04100000113248825,0.041999999433755875,0.03999999910593033,0.04100000113248825,9028000,0.0,0.0,0.0
2012-12-13 00:00:00+08:00,0.03999999910593033,0.041999999433755875,0.03999999910593033,0.04100000113248825,24493000,0.0,0.0,0.0
2012-12-14 00:00:00+08:00,0.04100000113248825,0.041999999433755875,0.03999999910593033,0.04100000113248825,6793000,0.0,0.0,0.0
2012-12-17 00:00:00+08:00,0.04100000113248825,0.04100000113248825,0.03999999910593033,0.03999999910593033,3354000,0.0,0.0,0.0
2012-12-18 00:00:00+08:00,0.04100000113248825,0.04100000113248825,0.03799999877810478,0.039000000804662704,9542000,0.0,0.0,0.0
2012-12-19 00:00:00+08:00,0.039000000804662704,0.039000000804662704,0.03799999877810478,0.039000000804662704,7863000,0.0,0.0,0.0
2012-12-20 00:00:00+08:00,0.03799999877810478,0.03999999910593033,0.03799999877810478,0.039000000804662704,16332000,0.0,0.0,0.0
2012-12-21 00:00:00+08:00,0.039000000804662704,0.039000000804662704,0.03799999877810478,0.03799999877810478,3470000,0.0,0.0,0.0
2012-12-24 00:00:00+08:00,0.03799999877810478,0.03799999877810478,0.03799999877810478,0.03799999877810478,3250000,0.0,0.0,0.0
2012-12-26 00:00:00+08:00,0.03799999877810478,0.04100000113248825,0.03799999877810478,0.03999999910593033,13365000,0.0,0.0,0.0
2012-12-27 00:00:00+08:00,0.03999999910593033,0.041999999433755875,0.03999999910593033,0.03999999910593033,21837000,0.0,0.0,0.0
2012-12-28 00:00:00+08:00,0.03999999910593033,0.04100000113248825,0.039000000804662704,0.03999999910593033,10941000,0.0,0.0,0.0
2012-12-31 00:00:00+08:00,0.03999999910593033,0.03999999910593033,0.039000000804662704,0.039000000804662704,2258000,0.0,0.0,0.0
2013-01-02 00:00:00+08:00,0.03999999910593033,0.041999999433755875,0.03999999910593033,0.041999999433755875,20085000,0.0,0.0,0.0
2013-01-03 00:00:00+08:00,0.041999999433755875,0.041999999433755875,0.04100000113248825,0.04100000113248825,13421000,0.0,0.0,0.0
2013-01-04 00:00:00+08:00,0.04100000113248825,0.04600000008940697,0.04100000113248825,0.04500000178813934,60603000,0.0,0.0,0.0
2013-01-07 00:00:00+08:00,0.04699999839067459,0.04699999839067459,0.04399999976158142,0.04500000178813934,12339000,0.0,0.0,0.0
2013-01-08 00:00:00+08:00,0.04500000178813934,0.04500000178813934,0.0430000014603138,0.0430000014603138,9440000,0.0,0.0,0.0
2013-01-09 00:00:00+08:00,0.04399999976158142,0.04500000178813934,0.0430000014603138,0.04399999976158142,5055000,0.0,0.0,0.0
2013-01-10 00:00:00+08:00,0.04500000178813934,0.04500000178813934,0.04399999976158142,0.04500000178813934,3751000,0.0,0.0,0.0
2013-01-11 00:00:00+08:00,0.04500000178813934,0.04500000178813934,0.0430000014603138,0.0430000014603138,12585000,0.0,0.0,0.0
2013-01-14 00:00:00+08:00,0.0430000014603138,0.04500000178813934,0.04100000113248825,0.04399999976158142,10819000,0.0,0.0,0.0
2013-01-15 00:00:00+08:00,0.04399999976158142,0.05000000074505806,0.04399999976158142,0.04500000178813934,92507000,0.0,0.0,0.0
2013-01-16 00:00:00+08:00,0.04500000178813934,0.04600000008940697,0.04399999976158142,0.04399999976158142,12634000,0.0,0.0,0.0
2013-01-17 00:00:00+08:00,0.04500000178813934,0.04699999839067459,0.04399999976158142,0.04399999976158142,26672000,0.0,0.0,0.0
2013-01-18 00:00:00+08:00,0.04399999976158142,0.04500000178813934,0.04399999976158142,0.04399999976158142,7897000,0.0,0.0,0.0
2013-01-21 00:00:00+08:00,0.04399999976158142,0.04399999976158142,0.0430000014603138,0.04399999976158142,7177000,0.0,0.0,0.0
2013-01-22 00:00:00+08:00,0.04399999976158142,0.04399999976158142,0.041999999433755875,0.041999999433755875,11795000,0.0,0.0,0.0
2013-01-23 00:00:00+08:00,0.041999999433755875,0.0430000014603138,0.04100000113248825,0.041999999433755875,11320000,0.0,0.0,0.0
2013-01-24 00:00:00+08:00,0.041999999433755875,0.0430000014603138,0.04100000113248825,0.04100000113248825,12612000,0.0,0.0,0.0
2013-01-25 00:00:00+08:00,0.041999999433755875,0.041999999433755875,0.03999999910593033,0.041999999433755875,8419000,0.0,0.0,0.0
2013-01-28 00:00:00+08:00,0.041999999433755875,0.0430000014603138,0.041999999433755875,0.041999999433755875,6074000,0.0,0.0,0.0
2013-01-29 00:00:00+08:00,0.041999999433755875,0.04399999976158142,0.041999999433755875,0.0430000014603138,18311000,0.0,0.0,0.0
2013-01-30 00:00:00+08:00,0.0430000014603138,0.04399999976158142,0.041999999433755875,0.0430000014603138,13767000,0.0,0.0,0.0
2013-01-31 00:00:00+08:00,0.0430000014603138,0.0430000014603138,0.04100000113248825,0.04100000113248825,7408000,0.0,0.0,0.0
2013-02-01 00:00:00+08:00,0.041999999433755875,0.0430000014603138,0.041999999433755875,0.041999999433755875,5165000,0.0,0.0,0.0
2013-02-04 00:00:00+08:00,0.041999999433755875,0.041999999433755875,0.04100000113248825,0.04100000113248825,3034000,0.0,0.0,0.0
2013-02-05 00:00:00+08:00,0.04100000113248825,0.041999999433755875,0.03999999910593033,0.04100000113248825,8555000,0.0,0.0,0.0
2013-02-06 00:00:00+08:00,0.04100000113248825,0.061000000685453415,0.04100000113248825,0.05900000035762787,257207000,0.0,0.0,0.0
2013-02-07 00:00:00+08:00,0.057999998331069946,0.057999998331069946,0.04899999871850014,0.05000000074505806,84298000,0.0,0.0,0.0
2013-02-08 00:00:00+08:00,0.050999999046325684,0.0560000017285347,0.05000000074505806,0.05299999937415123,35584000,0.0,0.0,0.0
2013-02-13 00:00:00+08:00,0.05299999937415123,0.054999999701976776,0.052000001072883606,0.05400000140070915,23685000,0.0,0.0,0.0
2013-02-14 00:00:00+08:00,0.05400000140070915,0.06599999964237213,0.05299999937415123,0.057999998331069946,156447000,0.0,0.0,0.0
2013-02-15 00:00:00+08:00,0.057999998331069946,0.057999998331069946,0.05299999937415123,0.054999999701976776,20356000,0.0,0.0,0.0
2013-02-18 00:00:00+08:00,0.05400000140070915,0.05700000002980232,0.05299999937415123,0.05299999937415123,15241000,0.0,0.0,0.0
2013-02-19 00:00:00+08:00,0.05400000140070915,0.06700000166893005,0.05299999937415123,0.06700000166893005,136395000,0.0,0.0,0.0
2013-02-20 00:00:00+08:00,0.0729999989271164,0.08100000023841858,0.06700000166893005,0.0689999982714653,342389000,0.0,0.0,0.0
2013-02-21 00:00:00+08:00,0.0689999982714653,0.0729999989271164,0.06499999761581421,0.07100000232458115,62850000,0.0,0.0,0.0
2013-02-22 00:00:00+08:00,0.07000000029802322,0.07400000095367432,0.07000000029802322,0.07100000232458115,27567000,0.0,0.0,0.0
2013-02-25 00:00:00+08:00,0.07199999690055847,0.0729999989271164,0.07000000029802322,0.07000000029802322,13107000,0.0,0.0,0.0
2013-02-26 00:00:00+08:00,0.06800000369548798,0.07100000232458115,0.06800000369548798,0.06800000369548798,41774000,0.0,0.0,0.0
2013-02-27 00:00:00+08:00,0.07000000029802322,0.07599999755620956,0.06800000369548798,0.0689999982714653,141610000,0.0,0.0,0.0
2013-02-28 00:00:00+08:00,0.07100000232458115,0.07199999690055847,0.06800000369548798,0.06800000369548798,43897000,0.0,0.0,0.0
2013-03-01 00:00:00+08:00,0.0689999982714653,0.0689999982714653,0.061000000685453415,0.06300000101327896,43659000,0.0,0.0,0.0
2013-03-04 00:00:00+08:00,0.06300000101327896,0.06300000101327896,0.05400000140070915,0.05700000002980232,21567000,0.0,0.0,0.0
2013-03-05 00:00:00+08:00,0.05700000002980232,0.06199999898672104,0.0560000017285347,0.061000000685453415,32204000,0.0,0.0,0.0
2013-03-06 00:00:00+08:00,0.06199999898672104,0.06199999898672104,0.05400000140070915,0.05400000140070915,32849000,0.0,0.0,0.0
2013-03-07 00:00:00+08:00,0.054999999701976776,0.057999998331069946,0.052000001072883606,0.05299999937415123,31458000,0.0,0.0,0.0
2013-03-08 00:00:00+08:00,0.05400000140070915,0.05900000035762787,0.05299999937415123,0.0560000017285347,43063000,0.0,0.0,0.0
2013-03-11 00:00:00+08:00,0.05700000002980232,0.05700000002980232,0.052000001072883606,0.052000001072883606,21588000,0.0,0.0,0.0
2013-03-12 00:00:00+08:00,0.05299999937415123,0.05400000140070915,0.050999999046325684,0.050999999046325684,35019000,0.0,0.0,0.0
2013-03-13 00:00:00+08:00,0.052000001072883606,0.052000001072883606,0.04800000041723251,0.050999999046325684,20728000,0.0,0.0,0.0
2013-03-14 00:00:00+08:00,0.05000000074505806,0.05299999937415123,0.04899999871850014,0.05000000074505806,20470000,0.0,0.0,0.0
2013-03-15 00:00:00+08:00,0.05299999937415123,0.05299999937415123,0.05000000074505806,0.050999999046325684,21134000,0.0,0.0,0.0
2013-03-18 00:00:00+08:00,0.04899999871850014,0.05000000074505806,0.04800000041723251,0.04800000041723251,10164000,0.0,0.0,0.0
2013-03-19 00:00:00+08:00,0.04899999871850014,0.050999999046325684,0.04899999871850014,0.04899999871850014,8505000,0.0,0.0,0.0
2013-03-20 00:00:00+08:00,0.04899999871850014,0.05000000074505806,0.04800000041723251,0.04899999871850014,5197000,0.0,0.0,0.0
2013-03-21 00:00:00+08:00,0.05000000074505806,0.052000001072883606,0.05000000074505806,0.050999999046325684,36328000,0.0,0.0,0.0
2013-03-22 00:00:00+08:00,0.050999999046325684,0.05700000002980232,0.050999999046325684,0.05400000140070915,96032000,0.0,0.0,0.0
2013-03-25 00:00:00+08:00,0.054999999701976776,0.05900000035762787,0.054999999701976776,0.0560000017285347,61089000,0.0,0.0,0.0
2013-03-26 00:00:00+08:00,0.0560000017285347,0.0560000017285347,0.05299999937415123,0.05400000140070915,15774000,0.0,0.0,0.0
2013-03-27 00:00:00+08:00,0.05400000140070915,0.05400000140070915,0.05299999937415123,0.05299999937415123,5564000,0.0,0.0,0.0
2013-03-28 00:00:00+08:00,0.05299999937415123,0.05400000140070915,0.052000001072883606,0.05299999937415123,8252000,0.0,0.0,0.0
2013-04-01 00:00:00+08:00,0.05299999937415123,0.05400000140070915,0.050999999046325684,0.050999999046325684,13862000,0.0,0.0,0.0
2013-04-02 00:00:00+08:00,0.050999999046325684,0.05299999937415123,0.050999999046325684,0.052000001072883606,19250000,0.0,0.0,0.0
2013-04-03 00:00:00+08:00,0.05299999937415123,0.05299999937415123,0.05000000074505806,0.05000000074505806,22260000,0.0,0.0,0.0
2013-04-04 00:00:00+08:00,0.05000000074505806,0.050999999046325684,0.04899999871850014,0.05000000074505806,12440000,0.0,0.0,0.0
2013-04-05 00:00:00+08:00,0.05000000074505806,0.05000000074505806,0.04600000008940697,0.04699999839067459,19176000,0.0,0.0,0.0
2013-04-08 00:00:00+08:00,0.04699999839067459,0.04699999839067459,0.04500000178813934,0.04500000178813934,5483000,0.0,0.0,0.0
2013-04-09 00:00:00+08:00,0.04500000178813934,0.04600000008940697,0.0430000014603138,0.04600000008940697,11024000,0.0,0.0,0.0
2013-04-10 00:00:00+08:00,0.04600000008940697,0.04600000008940697,0.04399999976158142,0.04500000178813934,13121000,0.0,0.0,0.0
2013-04-11 00:00:00+08:00,0.04500000178813934,0.04699999839067459,0.04500000178813934,0.04500000178813934,15264000,0.0,0.0,0.0
2013-04-12 00:00:00+08:00,0.04500000178813934,0.04500000178813934,0.04399999976158142,0.04399999976158142,5289000,0.0,0.0,0.0
2013-04-15 00:00:00+08:00,0.04500000178813934,0.04500000178813934,0.0430000014603138,0.0430000014603138,7625000,0.0,0.0,0.0
2013-04-16 00:00:00+08:00,0.0430000014603138,0.04500000178813934,0.0430000014603138,0.04500000178813934,10243000,0.0,0.0,0.0
2013-04-17 00:00:00+08:00,0.04500000178813934,0.04600000008940697,0.0430000014603138,0.04399999976158142,10420000,0.0,0.0,0.0
2013-04-18 00:00:00+08:00,0.04399999976158142,0.04500000178813934,0.0430000014603138,0.0430000014603138,5132000,0.0,0.0,0.0
2013-04-19 00:00:00+08:00,0.0430000014603138,0.04500000178813934,0.0430000014603138,0.04399999976158142,4851000,0.0,0.0,0.0
2013-04-22 00:00:00+08:00,0.04399999976158142,0.04399999976158142,0.0430000014603138,0.0430000014603138,4318000,0.0,0.0,0.0
2013-04-23 00:00:00+08:00,0.0430000014603138,0.04399999976158142,0.041999999433755875,0.04399999976158142,9944000,0.0,0.0,0.0
2013-04-24 00:00:00+08:00,0.0430000014603138,0.04600000008940697,0.0430000014603138,0.04500000178813934,30335000,0.0,0.0,0.0
2013-04-25 00:00:00+08:00,0.04500000178813934,0.04500000178813934,0.04399999976158142,0.04399999976158142,3645000,0.0,0.0,0.0
2013-04-26 00:00:00+08:00,0.04399999976158142,0.04500000178813934,0.04399999976158142,0.04399999976158142,4582000,0.0,0.0,0.0
2013-04-29 00:00:00+08:00,0.04399999976158142,0.04500000178813934,0.04399999976158142,0.04500000178813934,5795000,0.0,0.0,0.0
2013-04-30 00:00:00+08:00,0.04500000178813934,0.04500000178813934,0.041999999433755875,0.041999999433755875,7383000,0.0,0.0,0.0
2013-05-02 00:00:00+08:00,0.041999999433755875,0.041999999433755875,0.03999999910593033,0.03999999910593033,18477000,0.0,0.0,0.0
2013-05-03 00:00:00+08:00,0.03999999910593033,0.03999999910593033,0.039000000804662704,0.03999999910593033,5931000,0.0,0.0,0.0
2013-05-06 00:00:00+08:00,0.03999999910593033,0.04100000113248825,0.03999999910593033,0.03999999910593033,1158000,0.0,0.0,0.0
2013-05-07 00:00:00+08:00,0.03999999910593033,0.041999999433755875,0.039000000804662704,0.041999999433755875,3195000,0.0,0.0,0.0
2013-05-08 00:00:00+08:00,0.041999999433755875,0.041999999433755875,0.04100000113248825,0.04100000113248825,9651000,0.0,0.0,0.0
2013-05-09 00:00:00+08:00,0.04100000113248825,0.04100000113248825,0.03999999910593033,0.03999999910593033,7501000,0.0,0.0,0.0
2013-05-10 00:00:00+08:00,0.03999999910593033,0.03999999910593033,0.03999999910593033,0.03999999910593033,6154000,0.0,0.0,0.0
2013-05-13 00:00:00+08:00,0.03999999910593033,0.03999999910593033,0.039000000804662704,0.039000000804662704,2809000,0.0,0.0,0.0
2013-05-14 00:00:00+08:00,0.03999999910593033,0.04100000113248825,0.039000000804662704,0.039000000804662704,2599000,0.0,0.0,0.0
2013-05-15 00:00:00+08:00,0.03999999910593033,0.04100000113248825,0.039000000804662704,0.03999999910593033,3530000,0.0,0.0,0.0
2013-05-16 00:00:00+08:00,0.03999999910593033,0.041999999433755875,0.03999999910593033,0.04100000113248825,16061000,0.0,0.0,0.0
2013-05-17 00:00:00+08:00,0.04100000113248825,0.04100000113248825,0.03999999910593033,0.03999999910593033,4029000,0.0,0.0,0.0
2013-05-20 00:00:00+08:00,0.04100000113248825,0.04100000113248825,0.04100000113248825,0.04100000113248825,7090000,0.0,0.0,0.0
2013-05-21 00:00:00+08:00,0.04100000113248825,0.04100000113248825,0.04100000113248825,0.04100000113248825,1339000,0.0,0.0,0.0
2013-05-22 00:00:00+08:00,0.04100000113248825,0.0430000014603138,0.04100000113248825,0.041999999433755875,11876000,0.0,0.0,0.0
2013-05-23 00:00:00+08:00,0.041999999433755875,0.041999999433755875,0.03999999910593033,0.03999999910593033,9320000,0.0,0.0,0.0
2013-05-27 00:00:00+08:00,0.03999999910593033,0.04100000113248825,0.03999999910593033,0.04100000113248825,2315000,0.0,0.0,0.0
2013-05-28 00:00:00+08:00,0.03999999910593033,0.03999999910593033,0.03999999910593033,0.03999999910593033,2935000,0.0,0.0,0.0
2013-05-29 00:00:00+08:00,0.03999999910593033,0.04500000178813934,0.03999999910593033,0.0430000014603138,25037000,0.0,0.0,0.0
2013-05-30 00:00:00+08:00,0.0430000014603138,0.0430000014603138,0.04100000113248825,0.041999999433755875,11949000,0.0,0.0,0.0
2013-05-31 00:00:00+08:00,0.0430000014603138,0.0430000014603138,0.041999999433755875,0.041999999433755875,2773000,0.0,0.0,0.0
2013-06-03 00:00:00+08:00,0.041999999433755875,0.041999999433755875,0.04100000113248825,0.041999999433755875,2521000,0.0,0.0,0.0
2013-06-04 00:00:00+08:00,0.041999999433755875,0.04399999976158142,0.041999999433755875,0.0430000014603138,10132000,0.0,0.0,0.0
2013-06-05 00:00:00+08:00,0.0430000014603138,0.0430000014603138,0.04100000113248825,0.041999999433755875,10165000,0.0,0.0,0.0
2013-06-06 00:00:00+08:00,0.041999999433755875,0.041999999433755875,0.04100000113248825,0.04100000113248825,4036000,0.0,0.0,0.0
2013-06-07 00:00:00+08:00,0.04100000113248825,0.04100000113248825,0.04100000113248825,0.04100000113248825,1300000,0.0,0.0,0.0
2013-06-10 00:00:00+08:00,0.04100000113248825,0.04100000113248825,0.03999999910593033,0.03999999910593033,4157000,0.0,0.0,0.0
2013-06-11 00:00:00+08:00,0.03999999910593033,0.03999999910593033,0.03799999877810478,0.03799999877810478,6544000,0.0,0.0,0.0
2013-06-12 00:00:00+08:00,0.039000000804662704,0.03999999910593033,0.03799999877810478,0.03799999877810478,2869000,0.0,0.0,0.0
2013-06-13 00:00:00+08:00,0.03799999877810478,0.03799999877810478,0.035999998450279236,0.035999998450279236,3784000,0.0,0.0,0.0
2013-06-14 00:00:00+08:00,0.03700000047683716,0.03799999877810478,0.03700000047683716,0.03700000047683716,770000,0.0,0.0,0.0
2013-06-17 00:00:00+08:00,0.03799999877810478,0.03799999877810478,0.03799999877810478,0.03799999877810478,1534000,0.0,0.0,0.0
2013-06-18 00:00:00+08:00,0.03799999877810478,0.039000000804662704,0.03700000047683716,0.039000000804662704,2967000,0.0,0.0,0.0
2013-06-19 00:00:00+08:00,0.03799999877810478,0.039000000804662704,0.03799999877810478,0.039000000804662704,1890000,0.0,0.0,0.0
2013-06-20 00:00:00+08:00,0.03799999877810478,0.03799999877810478,0.03700000047683716,0.03700000047683716,2852000,0.0,0.0,0.0
2013-06-21 00:00:00+08:00,0.03799999877810478,0.03799999877810478,0.035999998450279236,0.03799999877810478,2019000,0.0,0.0,0.0
2013-06-24 00:00:00+08:00,0.03700000047683716,0.03700000047683716,0.035999998450279236,0.03700000047683716,2314000,0.0,0.0,0.0
2013-06-25 00:00:00+08:00,0.035999998450279236,0.035999998450279236,0.03500000014901161,0.03500000014901161,2280000,0.0,0.0,0.0
2013-06-26 00:00:00+08:00,0.035999998450279236,0.03700000047683716,0.03500000014901161,0.03500000014901161,3000000,0.0,0.0,0.0
2013-06-27 00:00:00+08:00,0.035999998450279236,0.03700000047683716,0.03500000014901161,0.03500000014901161,695000,0.0,0.0,0.0
2013-06-28 00:00:00+08:00,0.03500000014901161,0.03700000047683716,0.03500000014901161,0.035999998450279236,1404000,0.0,0.0,0.0
2013-07-01 00:00:00+08:00,0.035999998450279236,0.035999998450279236,0.03500000014901161,0.03500000014901161,2264000,0.0,0.0,0.0
2013-07-02 00:00:00+08:00,0.03500000014901161,0.03700000047683716,0.03500000014901161,0.03700000047683716,5248000,0.0,0.0,0.0
2013-07-03 00:00:00+08:00,0.035999998450279236,0.035999998450279236,0.03500000014901161,0.035999998450279236,1521000,0.0,0.0,0.0
2013-07-04 00:00:00+08:00,0.035999998450279236,0.03999999910593033,0.035999998450279236,0.039000000804662704,23669000,0.0,0.0,0.0
2013-07-05 00:00:00+08:00,0.03999999910593033,0.04100000113248825,0.03799999877810478,0.03999999910593033,9417000,0.0,0.0,0.0
2013-07-08 00:00:00+08:00,0.03999999910593033,0.03999999910593033,0.039000000804662704,0.039000000804662704,1421000,0.0,0.0,0.0
2013-07-09 00:00:00+08:00,0.039000000804662704,0.039000000804662704,0.03799999877810478,0.03799999877810478,2451000,0.0,0.0,0.0
2013-07-10 00:00:00+08:00,0.039000000804662704,0.03999999910593033,0.03799999877810478,0.03799999877810478,2051000,0.0,0.0,0.0
2013-07-11 00:00:00+08:00,0.03799999877810478,0.039000000804662704,0.03700000047683716,0.039000000804662704,7870000,0.0,0.0,0.0
2013-07-12 00:00:00+08:00,0.03999999910593033,0.04100000113248825,0.03799999877810478,0.03799999877810478,12163000,0.0,0.0,0.0
2013-07-15 00:00:00+08:00,0.039000000804662704,0.039000000804662704,0.039000000804662704,0.039000000804662704,1870000,0.0,0.0,0.0
2013-07-16 00:00:00+08:00,0.03799999877810478,0.03999999910593033,0.03799999877810478,0.03999999910593033,3102000,0.0,0.0,0.0
2013-07-17 00:00:00+08:00,0.03999999910593033,0.04100000113248825,0.03999999910593033,0.03999999910593033,5679000,0.0,0.0,0.0
2013-07-18 00:00:00+08:00,0.039000000804662704,0.03999999910593033,0.039000000804662704,0.039000000804662704,880000,0.0,0.0,0.0
2013-07-19 00:00:00+08:00,0.039000000804662704,0.039000000804662704,0.03799999877810478,0.03799999877810478,3238000,0.0,0.0,0.0
2013-07-22 00:00:00+08:00,0.03799999877810478,0.039000000804662704,0.03799999877810478,0.03799999877810478,2695000,0.0,0.0,0.0
2013-07-23 00:00:00+08:00,0.03799999877810478,0.03999999910593033,0.03700000047683716,0.03999999910593033,4441000,0.0,0.0,0.0
2013-07-24 00:00:00+08:00,0.039000000804662704,0.03999999910593033,0.039000000804662704,0.039000000804662704,1912000,0.0,0.0,0.0
2013-07-25 00:00:00+08:00,0.039000000804662704,0.04399999976158142,0.039000000804662704,0.03999999910593033,28364000,0.0,0.0,0.0
2013-07-26 00:00:00+08:00,0.03999999910593033,0.04399999976158142,0.03999999910593033,0.03999999910593033,9079000,0.0,0.0,0.0
2013-07-29 00:00:00+08:00,0.04100000113248825,0.04100000113248825,0.03999999910593033,0.03999999910593033,959000,0.0,0.0,0.0
2013-07-30 00:00:00+08:00,0.04100000113248825,0.041999999433755875,0.04100000113248825,0.04100000113248825,3773000,0.0,0.0,0.0
2013-07-31 00:00:00+08:00,0.04100000113248825,0.04100000113248825,0.03999999910593033,0.03999999910593033,3660000,0.0,0.0,0.0
2013-08-01 00:00:00+08:00,0.03999999910593033,0.04100000113248825,0.03799999877810478,0.03799999877810478,4834000,0.0,0.0,0.0
2013-08-02 00:00:00+08:00,0.039000000804662704,0.039000000804662704,0.03700000047683716,0.03700000047683716,3476000,0.0,0.0,0.0
2013-08-05 00:00:00+08:00,0.03799999877810478,0.03799999877810478,0.03700000047683716,0.03700000047683716,1035000,0.0,0.0,0.0
2013-08-06 00:00:00+08:00,0.03700000047683716,0.03799999877810478,0.03700000047683716,0.03799999877810478,960000,0.0,0.0,0.0
2013-08-07 00:00:00+08:00,0.039000000804662704,0.039000000804662704,0.03799999877810478,0.03799999877810478,2058000,0.0,0.0,0.0
2013-08-12 00:00:00+08:00,0.03799999877810478,0.03799999877810478,0.03700000047683716,0.03700000047683716,3500000,0.0,0.0,0.0
2013-08-13 00:00:00+08:00,0.03799999877810478,0.03799999877810478,0.03799999877810478,0.03799999877810478,1457000,0.0,0.0,0.0
2013-08-14 00:00:00+08:00,0.03799999877810478,0.03799999877810478,0.03799999877810478,0.03799999877810478,2000000,0.0,0.0,0.0
2013-08-15 00:00:00+08:00,0.03799999877810478,0.03799999877810478,0.03700000047683716,0.03799999877810478,5901000,0.0,0.0,0.0
2013-08-16 00:00:00+08:00,0.03700000047683716,0.03799999877810478,0.03700000047683716,0.03799999877810478,3422000,0.0,0.0,0.0
2013-08-19 00:00:00+08:00,0.03799999877810478,0.04100000113248825,0.03799999877810478,0.03999999910593033,25731000,0.0,0.0,0.0
2013-08-20 00:00:00+08:00,0.039000000804662704,0.039000000804662704,0.03700000047683716,0.03799999877810478,4504000,0.0,0.0,0.0
2013-08-21 00:00:00+08:00,0.03799999877810478,0.03799999877810478,0.03700000047683716,0.03799999877810478,5288000,0.0,0.0,0.0
2013-08-22 00:00:00+08:00,0.03700000047683716,0.039000000804662704,0.03700000047683716,0.039000000804662704,2124000,0.0,0.0,0.0
2013-08-23 00:00:00+08:00,0.03799999877810478,0.039000000804662704,0.03799999877810478,0.039000000804662704,8300000,0.0,0.0,0.0
2013-08-26 00:00:00+08:00,0.039000000804662704,0.039000000804662704,0.03799999877810478,0.03799999877810478,6077000,0.0,0.0,0.0
2013-08-27 00:00:00+08:00,0.03799999877810478,0.03799999877810478,0.035999998450279236,0.03700000047683716,3691000,0.0,0.0,0.0
2013-08-28 00:00:00+08:00,0.035999998450279236,0.03700000047683716,0.035999998450279236,0.03700000047683716,1369000,0.0,0.0,0.0
2013-08-29 00:00:00+08:00,0.03700000047683716,0.03700000047683716,0.035999998450279236,0.03700000047683716,2491000,0.0,0.0,0.0
2013-08-30 00:00:00+08:00,0.03700000047683716,0.03700000047683716,0.035999998450279236,0.035999998450279236,1374000,0.0,0.0,0.0
2013-09-02 00:00:00+08:00,0.035999998450279236,0.035999998450279236,0.03500000014901161,0.03500000014901161,2370000,0.0,0.0,0.0
2013-09-03 00:00:00+08:00,0.035999998450279236,0.03799999877810478,0.035999998450279236,0.03700000047683716,4905000,0.0,0.0,0.0
2013-09-04 00:00:00+08:00,0.03700000047683716,0.03700000047683716,0.03700000047683716,0.03700000047683716,1714000,0.0,0.0,0.0
2013-09-05 00:00:00+08:00,0.03700000047683716,0.041999999433755875,0.03700000047683716,0.03799999877810478,21782000,0.0,0.0,0.0
2013-09-06 00:00:00+08:00,0.03799999877810478,0.039000000804662704,0.03700000047683716,0.03799999877810478,3709000,0.0,0.0,0.0
2013-09-09 00:00:00+08:00,0.03799999877810478,0.039000000804662704,0.03700000047683716,0.03799999877810478,2984000,0.0,0.0,0.0
2013-09-10 00:00:00+08:00,0.03799999877810478,0.03999999910593033,0.03799999877810478,0.03799999877810478,10367000,0.0,0.0,0.0
2013-09-11 00:00:00+08:00,0.039000000804662704,0.03999999910593033,0.03799999877810478,0.039000000804662704,4370000,0.0,0.0,0.0
2013-09-12 00:00:00+08:00,0.039000000804662704,0.039000000804662704,0.039000000804662704,0.039000000804662704,7675000,0.0,0.0,0.0
2013-09-13 00:00:00+08:00,0.039000000804662704,0.039000000804662704,0.03799999877810478,0.03799999877810478,8543000,0.0,0.0,0.0
2013-09-16 00:00:00+08:00,0.03799999877810478,0.03799999877810478,0.03799999877810478,0.03799999877810478,1518000,0.0,0.0,0.0
2013-09-17 00:00:00+08:00,0.03799999877810478,0.03799999877810478,0.035999998450279236,0.03700000047683716,9414000,0.0,0.0,0.0
2013-09-18 00:00:00+08:00,0.03700000047683716,0.03799999877810478,0.03700000047683716,0.03799999877810478,7944000,0.0,0.0,0.0
2013-09-19 00:00:00+08:00,0.03799999877810478,0.03799999877810478,0.03700000047683716,0.03700000047683716,3519000,0.0,0.0,0.0
2013-09-20 00:00:00+08:00,0.03700000047683716,0.03700000047683716,0.03700000047683716,0.03700000047683716,7698000,0.0,0.0,0.0
2013-09-23 00:00:00+08:00,0.03700000047683716,0.03700000047683716,0.03700000047683716,0.03700000047683716,4663000,0.0,0.0,0.0
2013-09-24 00:00:00+08:00,0.03700000047683716,0.03700000047683716,0.035999998450279236,0.03700000047683716,2382000,0.0,0.0,0.0
2013-09-25 00:00:00+08:00,0.04399999976158142,0.04600000008940697,0.041999999433755875,0.041999999433755875,78000000,0.0,0.0,0.0
2013-09-26 00:00:00+08:00,0.041999999433755875,0.041999999433755875,0.039000000804662704,0.03999999910593033,12261000,0.0,0.0,0.0
2013-09-27 00:00:00+08:00,0.03999999910593033,0.04100000113248825,0.039000000804662704,0.039000000804662704,6265000,0.0,0.0,0.0
2013-09-30 00:00:00+08:00,0.039000000804662704,0.039000000804662704,0.03700000047683716,0.03700000047683716,7035000,0.0,0.0,0.0
2013-10-01 00:00:00+08:00,0.03700000047683716,0.03999999910593033,0.03700000047683716,0.03799999877810478,13267000,0.0,0.0,0.0
2013-10-02 00:00:00+08:00,0.039000000804662704,0.039000000804662704,0.035999998450279236,0.035999998450279236,9633000,0.0,0.0,0.0
2013-10-03 00:00:00+08:00,0.03700000047683716,0.03700000047683716,0.03700000047683716,0.03700000047683716,6010000,0.0,0.0,0.0
2013-10-04 00:00:00+08:00,0.035999998450279236,0.03700000047683716,0.03500000014901161,0.035999998450279236,6348000,0.0,0.0,0.0
2013-10-07 00:00:00+08:00,0.03500000014901161,0.03500000014901161,0.032999999821186066,0.032999999821186066,5513000,0.0,0.0,0.0
2013-10-08 00:00:00+08:00,0.03400000184774399,0.035999998450279236,0.03200000151991844,0.03500000014901161,5060000,0.0,0.0,0.0
2013-10-09 00:00:00+08:00,0.03400000184774399,0.03400000184774399,0.032999999821186066,0.032999999821186066,2400000,0.0,0.0,0.0
2013-10-10 00:00:00+08:00,0.03400000184774399,0.03500000014901161,0.032999999821186066,0.03400000184774399,3905000,0.0,0.0,0.0
2013-10-11 00:00:00+08:00,0.03400000184774399,0.03500000014901161,0.03400000184774399,0.03400000184774399,5239000,0.0,0.0,0.0
2013-10-14 00:00:00+08:00,0.03400000184774399,0.03400000184774399,0.032999999821186066,0.032999999821186066,4399000,0.0,0.0,0.0
2013-10-16 00:00:00+08:00,0.032999999821186066,0.03400000184774399,0.032999999821186066,0.03400000184774399,3649000,0.0,0.0,0.0
2013-10-17 00:00:00+08:00,0.03400000184774399,0.03400000184774399,0.032999999821186066,0.032999999821186066,3521000,0.0,0.0,0.0
2013-10-18 00:00:00+08:00,0.032999999821186066,0.032999999821186066,0.032999999821186066,0.032999999821186066,1270000,0.0,0.0,0.0
2013-10-21 00:00:00+08:00,0.032999999821186066,0.03400000184774399,0.03200000151991844,0.032999999821186066,3854000,0.0,0.0,0.0
2013-10-22 00:00:00+08:00,0.032999999821186066,0.03400000184774399,0.03200000151991844,0.03400000184774399,1851000,0.0,0.0,0.0
2013-10-23 00:00:00+08:00,0.032999999821186066,0.03400000184774399,0.03200000151991844,0.03200000151991844,2601000,0.0,0.0,0.0
2013-10-24 00:00:00+08:00,0.03200000151991844,0.03200000151991844,0.03200000151991844,0.03200000151991844,1010000,0.0,0.0,0.0
2013-10-25 00:00:00+08:00,0.03200000151991844,0.03200000151991844,0.03200000151991844,0.03200000151991844,1008000,0.0,0.0,0.0
2013-10-28 00:00:00+08:00,0.03200000151991844,0.03200000151991844,0.03200000151991844,0.03200000151991844,1259000,0.0,0.0,0.0
2013-10-29 00:00:00+08:00,0.03200000151991844,0.03200000151991844,0.03099999949336052,0.03099999949336052,2468000,0.0,0.0,0.0
2013-10-30 00:00:00+08:00,0.03099999949336052,0.03200000151991844,0.028999999165534973,0.03200000151991844,2244000,0.0,0.0,0.0
2013-10-31 00:00:00+08:00,0.03200000151991844,0.03200000151991844,0.03200000151991844,0.03200000151991844,0,0.0,0.0,0.0
2013-11-01 00:00:00+08:00,0.03200000151991844,0.032999999821186066,0.029999999329447746,0.032999999821186066,261000,0.0,0.0,0.0
2013-11-05 00:00:00+08:00,0.03200000151991844,0.03200000151991844,0.03099999949336052,0.03099999949336052,1349000,0.0,0.0,0.0
2013-11-06 00:00:00+08:00,0.03200000151991844,0.03400000184774399,0.03200000151991844,0.032999999821186066,2217000,0.0,0.0,0.0
2013-11-07 00:00:00+08:00,0.03400000184774399,0.03400000184774399,0.032999999821186066,0.032999999821186066,1540000,0.0,0.0,0.0
2013-11-08 00:00:00+08:00,0.032999999821186066,0.032999999821186066,0.032999999821186066,0.032999999821186066,260000,0.0,0.0,0.0
2013-11-11 00:00:00+08:00,0.032999999821186066,0.032999999821186066,0.03200000151991844,0.032999999821186066,300000,0.0,0.0,0.0
2013-11-12 00:00:00+08:00,0.032999999821186066,0.032999999821186066,0.03200000151991844,0.03200000151991844,221000,0.0,0.0,0.0
2013-11-13 00:00:00+08:00,0.03200000151991844,0.032999999821186066,0.03200000151991844,0.032999999821186066,1531000,0.0,0.0,0.0
2013-11-14 00:00:00+08:00,0.032999999821186066,0.032999999821186066,0.03200000151991844,0.03200000151991844,5234000,0.0,0.0,0.0
2013-11-15 00:00:00+08:00,0.03200000151991844,0.03200000151991844,0.03099999949336052,0.03200000151991844,750000,0.0,0.0,0.0
2013-11-18 00:00:00+08:00,0.032999999821186066,0.032999999821186066,0.03099999949336052,0.03099999949336052,600000,0.0,0.0,0.0
2013-11-19 00:00:00+08:00,0.03200000151991844,0.03200000151991844,0.029999999329447746,0.029999999329447746,1225000,0.0,0.0,0.0
2013-11-20 00:00:00+08:00,0.03099999949336052,0.03099999949336052,0.029999999329447746,0.029999999329447746,877000,0.0,0.0,0.0
2013-11-21 00:00:00+08:00,0.029999999329447746,0.029999999329447746,0.029999999329447746,0.029999999329447746,418000,0.0,0.0,0.0
2013-11-22 00:00:00+08:00,0.029999999329447746,0.029999999329447746,0.029999999329447746,0.029999999329447746,100000,0.0,0.0,0.0
2013-11-25 00:00:00+08:00,0.03099999949336052,0.03099999949336052,0.03099999949336052,0.03099999949336052,350000,0.0,0.0,0.0
2013-11-26 00:00:00+08:00,0.029999999329447746,0.029999999329447746,0.029999999329447746,0.029999999329447746,400000,0.0,0.0,0.0
2013-11-27 00:00:00+08:00,0.029999999329447746,0.029999999329447746,0.029999999329447746,0.029999999329447746,450000,0.0,0.0,0.0
2013-11-28 00:00:00+08:00,0.029999999329447746,0.029999999329447746,0.029999999329447746,0.029999999329447746,0,0.0,0.0,0.0
2013-11-29 00:00:00+08:00,0.029999999329447746,0.029999999329447746,0.029999999329447746,0.029999999329447746,118000,0.0,0.0,0.0
2013-12-02 00:00:00+08:00,0.029999999329447746,0.029999999329447746,0.029999999329447746,0.029999999329447746,300000,0.0,0.0,0.0
2013-12-03 00:00:00+08:00,0.029999999329447746,0.029999999329447746,0.028999999165534973,0.028999999165534973,200000,0.0,0.0,0.0
2013-12-04 00:00:00+08:00,0.028999999165534973,0.028999999165534973,0.028999999165534973,0.028999999165534973,370000,0.0,0.0,0.0
2013-12-05 00:00:00+08:00,0.029999999329447746,0.03200000151991844,0.029999999329447746,0.029999999329447746,2193000,0.0,0.0,0.0
2013-12-06 00:00:00+08:00,0.029999999329447746,0.03200000151991844,0.029999999329447746,0.03200000151991844,4508000,0.0,0.0,0.0
2013-12-09 00:00:00+08:00,0.03099999949336052,0.032999999821186066,0.03099999949336052,0.032999999821186066,6223000,0.0,0.0,0.0
2013-12-10 00:00:00+08:00,0.03099999949336052,0.03099999949336052,0.029999999329447746,0.029999999329447746,4072000,0.0,0.0,0.0
2013-12-11 00:00:00+08:00,0.028999999165534973,0.03999999910593033,0.028999999165534973,0.03700000047683716,25527000,0.0,0.0,0.0
2013-12-12 00:00:00+08:00,0.035999998450279236,0.03700000047683716,0.03400000184774399,0.035999998450279236,8709000,0.0,0.0,0.0
2013-12-13 00:00:00+08:00,0.03500000014901161,0.035999998450279236,0.03400000184774399,0.03400000184774399,6630000,0.0,0.0,0.0
2013-12-16 00:00:00+08:00,0.03400000184774399,0.03400000184774399,0.032999999821186066,0.032999999821186066,680000,0.0,0.0,0.0
2013-12-17 00:00:00+08:00,0.032999999821186066,0.032999999821186066,0.032999999821186066,0.032999999821186066,950000,0.0,0.0,0.0
2013-12-18 00:00:00+08:00,0.032999999821186066,0.032999999821186066,0.032999999821186066,0.032999999821186066,190000,0.0,0.0,0.0
2013-12-19 00:00:00+08:00,0.03400000184774399,0.03400000184774399,0.03099999949336052,0.03200000151991844,6822000,0.0,0.0,0.0
2013-12-20 00:00:00+08:00,0.03200000151991844,0.03200000151991844,0.03099999949336052,0.03099999949336052,2750000,0.0,0.0,0.0
2013-12-23 00:00:00+08:00,0.03099999949336052,0.03099999949336052,0.03099999949336052,0.03099999949336052,1000000,0.0,0.0,0.0
2013-12-24 00:00:00+08:00,0.03099999949336052,0.03099999949336052,0.03099999949336052,0.03099999949336052,720000,0.0,0.0,0.0
2013-12-26 00:00:00+08:00,0.03099999949336052,0.03200000151991844,0.028999999165534973,0.028999999165534973,22650000,0.0,0.0,0.0
2013-12-27 00:00:00+08:00,0.029999999329447746,0.03099999949336052,0.029999999329447746,0.03099999949336052,7624000,0.0,0.0,0.0
2013-12-30 00:00:00+08:00,0.03099999949336052,0.03200000151991844,0.029999999329447746,0.03200000151991844,5260000,0.0,0.0,0.0
2013-12-31 00:00:00+08:00,0.03099999949336052,0.032999999821186066,0.03099999949336052,0.03099999949336052,13346000,0.0,0.0,0.0
2014-01-02 00:00:00+08:00,0.03200000151991844,0.03200000151991844,0.03099999949336052,0.03200000151991844,18722000,0.0,0.0,0.0
2014-01-03 00:00:00+08:00,0.03099999949336052,0.03099999949336052,0.029999999329447746,0.029999999329447746,4216000,0.0,0.0,0.0
2014-01-06 00:00:00+08:00,0.03099999949336052,0.03200000151991844,0.029999999329447746,0.03099999949336052,12543000,0.0,0.0,0.0
2014-01-07 00:00:00+08:00,0.03099999949336052,0.03200000151991844,0.03099999949336052,0.03099999949336052,5011000,0.0,0.0,0.0
2014-01-08 00:00:00+08:00,0.03099999949336052,0.03099999949336052,0.028999999165534973,0.028999999165534973,13916000,0.0,0.0,0.0
2014-01-09 00:00:00+08:00,0.029999999329447746,0.029999999329447746,0.028999999165534973,0.029999999329447746,4109000,0.0,0.0,0.0
2014-01-10 00:00:00+08:00,0.029999999329447746,0.029999999329447746,0.02800000086426735,0.028999999165534973,9533000,0.0,0.0,0.0
2014-01-13 00:00:00+08:00,0.028999999165534973,0.028999999165534973,0.028999999165534973,0.028999999165534973,9400000,0.0,0.0,0.0
2014-01-14 00:00:00+08:00,0.028999999165534973,0.029999999329447746,0.028999999165534973,0.028999999165534973,4712000,0.0,0.0,0.0
2014-01-15 00:00:00+08:00,0.028999999165534973,0.029999999329447746,0.028999999165534973,0.028999999165534973,6482000,0.0,0.0,0.0
2014-01-16 00:00:00+08:00,0.029999999329447746,0.029999999329447746,0.028999999165534973,0.028999999165534973,4259000,0.0,0.0,0.0
2014-01-17 00:00:00+08:00,0.028999999165534973,0.029999999329447746,0.02800000086426735,0.02800000086426735,4581000,0.0,0.0,0.0
2014-01-20 00:00:00+08:00,0.02800000086426735,0.02800000086426735,0.027000000700354576,0.027000000700354576,5572000,0.0,0.0,0.0
2014-01-21 00:00:00+08:00,0.027000000700354576,0.02800000086426735,0.027000000700354576,0.02800000086426735,4860000,0.0,0.0,0.0
2014-01-22 00:00:00+08:00,0.027000000700354576,0.027000000700354576,0.027000000700354576,0.027000000700354576,1366000,0.0,0.0,0.0
2014-01-23 00:00:00+08:00,0.027000000700354576,0.027000000700354576,0.026000000536441803,0.026000000536441803,3386000,0.0,0.0,0.0
2014-01-24 00:00:00+08:00,0.026000000536441803,0.026000000536441803,0.02500000037252903,0.026000000536441803,3204000,0.0,0.0,0.0
2014-01-27 00:00:00+08:00,0.02500000037252903,0.026000000536441803,0.024000000208616257,0.024000000208616257,4161000,0.0,0.0,0.0
2014-01-28 00:00:00+08:00,0.024000000208616257,0.024000000208616257,0.024000000208616257,0.024000000208616257,2270000,0.0,0.0,0.0
2014-01-29 00:00:00+08:00,0.024000000208616257,0.024000000208616257,0.02199999988079071,0.023000000044703484,3550000,0.0,0.0,0.0
2014-01-30 00:00:00+08:00,0.02199999988079071,0.023000000044703484,0.02199999988079071,0.023000000044703484,1782000,0.0,0.0,0.0
2014-02-03 00:00:00+08:00,0.027000000700354576,0.03099999949336052,0.026000000536441803,0.028999999165534973,37820000,0.0,0.0,0.0
2014-02-04 00:00:00+08:00,0.028999999165534973,0.029999999329447746,0.02800000086426735,0.028999999165534973,10192000,0.0,0.0,0.0
2014-02-05 00:00:00+08:00,0.028999999165534973,0.028999999165534973,0.026000000536441803,0.026000000536441803,7152000,0.0,0.0,0.0
2014-02-06 00:00:00+08:00,0.026000000536441803,0.026000000536441803,0.02500000037252903,0.026000000536441803,5834000,0.0,0.0,0.0
2014-02-07 00:00:00+08:00,0.026000000536441803,0.026000000536441803,0.02500000037252903,0.02500000037252903,2275000,0.0,0.0,0.0
2014-02-10 00:00:00+08:00,0.02500000037252903,0.02500000037252903,0.023000000044703484,0.024000000208616257,10510000,0.0,0.0,0.0
2014-02-11 00:00:00+08:00,0.024000000208616257,0.02500000037252903,0.023000000044703484,0.02500000037252903,5160000,0.0,0.0,0.0
2014-02-12 00:00:00+08:00,0.024000000208616257,0.02500000037252903,0.024000000208616257,0.024000000208616257,3190000,0.0,0.0,0.0
2014-02-13 00:00:00+08:00,0.024000000208616257,0.024000000208616257,0.023000000044703484,0.023000000044703484,1500000,0.0,0.0,0.0
2014-02-14 00:00:00+08:00,0.023000000044703484,0.023000000044703484,0.02199999988079071,0.023000000044703484,4527000,0.0,0.0,0.0
2014-02-17 00:00:00+08:00,0.023000000044703484,0.023000000044703484,0.023000000044703484,0.023000000044703484,2975000,0.0,0.0,0.0
2014-02-18 00:00:00+08:00,0.023000000044703484,0.026000000536441803,0.023000000044703484,0.02500000037252903,6725000,0.0,0.0,0.0
2014-02-19 00:00:00+08:00,0.02500000037252903,0.02500000037252903,0.024000000208616257,0.024000000208616257,1640000,0.0,0.0,0.0
2014-02-20 00:00:00+08:00,0.024000000208616257,0.02500000037252903,0.023000000044703484,0.024000000208616257,2099000,0.0,0.0,0.0
2014-02-21 00:00:00+08:00,0.024000000208616257,0.02500000037252903,0.024000000208616257,0.024000000208616257,1645000,0.0,0.0,0.0
2014-02-24 00:00:00+08:00,0.024000000208616257,0.024000000208616257,0.024000000208616257,0.024000000208616257,0,0.0,0.0,0.0
2014-02-25 00:00:00+08:00,0.023000000044703484,0.023000000044703484,0.023000000044703484,0.023000000044703484,2091000,0.0,0.0,0.0
2014-02-26 00:00:00+08:00,0.023000000044703484,0.02500000037252903,0.023000000044703484,0.02500000037252903,3205000,0.0,0.0,0.0
2014-02-27 00:00:00+08:00,0.024000000208616257,0.024000000208616257,0.024000000208616257,0.024000000208616257,1363000,0.0,0.0,0.0
2014-02-28 00:00:00+08:00,0.024000000208616257,0.026000000536441803,0.024000000208616257,0.026000000536441803,4254000,0.0,0.0,0.0
2014-03-03 00:00:00+08:00,0.026000000536441803,0.027000000700354576,0.024000000208616257,0.024000000208616257,18888000,0.0,0.0,0.0
2014-03-04 00:00:00+08:00,0.02500000037252903,0.026000000536441803,0.024000000208616257,0.024000000208616257,17865000,0.0,0.0,0.0
2014-03-05 00:00:00+08:00,0.024000000208616257,0.024000000208616257,0.023000000044703484,0.023000000044703484,650000,0.0,0.0,0.0
2014-03-06 00:00:00+08:00,0.024000000208616257,0.024000000208616257,0.023000000044703484,0.023000000044703484,6338000,0.0,0.0,0.0
2014-03-07 00:00:00+08:00,0.023000000044703484,0.024000000208616257,0.023000000044703484,0.023000000044703484,1665000,0.0,0.0,0.0
2014-03-10 00:00:00+08:00,0.023000000044703484,0.023000000044703484,0.02199999988079071,0.023000000044703484,3441000,0.0,0.0,0.0
2014-03-11 00:00:00+08:00,0.023000000044703484,0.023000000044703484,0.023000000044703484,0.023000000044703484,3213000,0.0,0.0,0.0
2014-03-12 00:00:00+08:00,0.023000000044703484,0.023000000044703484,0.02199999988079071,0.02199999988079071,1550000,0.0,0.0,0.0
2014-03-13 00:00:00+08:00,0.02199999988079071,0.02199999988079071,0.02199999988079071,0.02199999988079071,380000,0.0,0.0,0.0
2014-03-14 00:00:00+08:00,0.02199999988079071,0.02199999988079071,0.02199999988079071,0.02199999988079071,1022000,0.0,0.0,0.0
2014-03-17 00:00:00+08:00,0.023000000044703484,0.023000000044703484,0.023000000044703484,0.023000000044703484,1900000,0.0,0.0,0.0
2014-03-18 00:00:00+08:00,0.023000000044703484,0.023000000044703484,0.020999999716877937,0.020999999716877937,2848000,0.0,0.0,0.0
2014-03-19 00:00:00+08:00,0.020999999716877937,0.020999999716877937,0.020999999716877937,0.020999999716877937,1533000,0.0,0.0,0.0
2014-03-20 00:00:00+08:00,0.02199999988079071,0.024000000208616257,0.02199999988079071,0.02199999988079071,5604000,0.0,0.0,0.0
2014-03-21 00:00:00+08:00,0.023000000044703484,0.023000000044703484,0.023000000044703484,0.023000000044703484,870000,0.0,0.0,0.0
2014-03-24 00:00:00+08:00,0.02199999988079071,0.02199999988079071,0.02199999988079071,0.02199999988079071,1800000,0.0,0.0,0.0
2014-03-25 00:00:00+08:00,0.02199999988079071,0.02199999988079071,0.02199999988079071,0.02199999988079071,1165000,0.0,0.0,0.0
2014-03-26 00:00:00+08:00,0.02199999988079071,0.02199999988079071,0.02199999988079071,0.02199999988079071,450000,0.0,0.0,0.0
2014-03-27 00:00:00+08:00,0.023000000044703484,0.023000000044703484,0.023000000044703484,0.023000000044703484,2298000,0.0,0.0,0.0
2014-03-28 00:00:00+08:00,0.023000000044703484,0.023000000044703484,0.02199999988079071,0.02199999988079071,800000,0.0,0.0,0.0
2014-03-31 00:00:00+08:00,0.023000000044703484,0.023000000044703484,0.023000000044703484,0.023000000044703484,2270000,0.0,0.0,0.0
2014-04-01 00:00:00+08:00,0.023000000044703484,0.023000000044703484,0.023000000044703484,0.023000000044703484,800000,0.0,0.0,0.0
2014-04-02 00:00:00+08:00,0.023000000044703484,0.024000000208616257,0.023000000044703484,0.024000000208616257,791000,0.0,0.0,0.0
2014-04-03 00:00:00+08:00,0.023000000044703484,0.023000000044703484,0.023000000044703484,0.023000000044703484,500000,0.0,0.0,0.0
2014-04-04 00:00:00+08:00,0.02199999988079071,0.02199999988079071,0.02199999988079071,0.02199999988079071,3612000,0.0,0.0,0.0
2014-04-07 00:00:00+08:00,0.02199999988079071,0.02199999988079071,0.020999999716877937,0.02199999988079071,2650000,0.0,0.0,0.0
2014-04-08 00:00:00+08:00,0.02199999988079071,0.02199999988079071,0.02199999988079071,0.02199999988079071,1150000,0.0,0.0,0.0
2014-04-09 00:00:00+08:00,0.02199999988079071,0.02199999988079071,0.02199999988079071,0.02199999988079071,50000,0.0,0.0,0.0
2014-04-10 00:00:00+08:00,0.020999999716877937,0.020999999716877937,0.020999999716877937,0.020999999716877937,9000,0.0,0.0,0.0
2014-04-11 00:00:00+08:00,0.02199999988079071,0.02199999988079071,0.02199999988079071,0.02199999988079071,500000,0.0,0.0,0.0
2014-04-14 00:00:00+08:00,0.02199999988079071,0.02199999988079071,0.02199999988079071,0.02199999988079071,2500000,0.0,0.0,0.0
2014-04-15 00:00:00+08:00,0.02199999988079071,0.02199999988079071,0.02199999988079071,0.02199999988079071,650000,0.0,0.0,0.0
2014-04-16 00:00:00+08:00,0.020999999716877937,0.020999999716877937,0.020999999716877937,0.020999999716877937,3645000,0.0,0.0,0.0
2014-04-17 00:00:00+08:00,0.020999999716877937,0.020999999716877937,0.020999999716877937,0.020999999716877937,0,0.0,0.0,0.0
2014-04-21 00:00:00+08:00,0.020999999716877937,0.02199999988079071,0.020999999716877937,0.020999999716877937,599000,0.0,0.0,0.0
2014-04-22 00:00:00+08:00,0.020999999716877937,0.020999999716877937,0.020999999716877937,0.020999999716877937,1700000,0.0,0.0,0.0
2014-04-23 00:00:00+08:00,0.019999999552965164,0.02199999988079071,0.019999999552965164,0.02199999988079071,2344000,0.0,0.0,0.0
2014-04-24 00:00:00+08:00,0.020999999716877937,0.020999999716877937,0.019999999552965164,0.020999999716877937,782000,0.0,0.0,0.0
2014-04-25 00:00:00+08:00,0.020999999716877937,0.020999999716877937,0.020999999716877937,0.020999999716877937,500000,0.0,0.0,0.0
2014-04-28 00:00:00+08:00,0.019999999552965164,0.019999999552965164,0.019999999552965164,0.019999999552965164,1484000,0.0,0.0,0.0
2014-04-29 00:00:00+08:00,0.01899999938905239,0.02199999988079071,0.01899999938905239,0.020999999716877937,4671000,0.0,0.0,0.0
2014-04-30 00:00:00+08:00,0.020999999716877937,0.02199999988079071,0.020999999716877937,0.02199999988079071,960000,0.0,0.0,0.0
2014-05-02 00:00:00+08:00,0.020999999716877937,0.020999999716877937,0.020999999716877937,0.020999999716877937,480000,0.0,0.0,0.0
2014-05-05 00:00:00+08:00,0.02199999988079071,0.02199999988079071,0.02199999988079071,0.02199999988079071,10000,0.0,0.0,0.0
2014-05-06 00:00:00+08:00,0.019999999552965164,0.019999999552965164,0.019999999552965164,0.019999999552965164,2160000,0.0,0.0,0.0
2014-05-07 00:00:00+08:00,0.019999999552965164,0.019999999552965164,0.019999999552965164,0.019999999552965164,1883000,0.0,0.0,0.0
2014-05-08 00:00:00+08:00,0.020999999716877937,0.020999999716877937,0.020999999716877937,0.020999999716877937,1993000,0.0,0.0,0.0
2014-05-09 00:00:00+08:00,0.020999999716877937,0.02199999988079071,0.020999999716877937,0.020999999716877937,890000,0.0,0.0,0.0
2014-05-12 00:00:00+08:00,0.020999999716877937,0.020999999716877937,0.020999999716877937,0.020999999716877937,150000,0.0,0.0,0.0
2014-05-14 00:00:00+08:00,0.020999999716877937,0.026000000536441803,0.020999999716877937,0.024000000208616257,19322000,0.0,0.0,0.0
2014-05-15 00:00:00+08:00,0.023000000044703484,0.023000000044703484,0.02199999988079071,0.023000000044703484,10397000,0.0,0.0,0.0
2014-05-16 00:00:00+08:00,0.023000000044703484,0.02500000037252903,0.023000000044703484,0.023000000044703484,19922000,0.0,0.0,0.0
2014-05-19 00:00:00+08:00,0.024000000208616257,0.024000000208616257,0.023000000044703484,0.023000000044703484,6400000,0.0,0.0,0.0
2014-05-20 00:00:00+08:00,0.02199999988079071,0.02199999988079071,0.02199999988079071,0.02199999988079071,4130000,0.0,0.0,0.0
2014-05-21 00:00:00+08:00,0.02199999988079071,0.02199999988079071,0.020999999716877937,0.020999999716877937,1860000,0.0,0.0,0.0
2014-05-22 00:00:00+08:00,0.02199999988079071,0.02199999988079071,0.020999999716877937,0.02199999988079071,5030000,0.0,0.0,0.0
2014-05-23 00:00:00+08:00,0.020999999716877937,0.02199999988079071,0.020999999716877937,0.020999999716877937,3803000,0.0,0.0,0.0
2014-05-26 00:00:00+08:00,0.020999999716877937,0.02199999988079071,0.020999999716877937,0.02199999988079071,7730000,0.0,0.0,0.0
2014-05-27 00:00:00+08:00,0.02199999988079071,0.02199999988079071,0.02199999988079071,0.02199999988079071,0,0.0,0.0,0.0
2014-05-28 00:00:00+08:00,0.020999999716877937,0.020999999716877937,0.020999999716877937,0.020999999716877937,799000,0.0,0.0,0.0
2014-05-29 00:00:00+08:00,0.020999999716877937,0.02199999988079071,0.020999999716877937,0.02199999988079071,4071000,0.0,0.0,0.0
2014-05-30 00:00:00+08:00,0.020999999716877937,0.02199999988079071,0.020999999716877937,0.020999999716877937,486000,0.0,0.0,0.0
2014-06-02 00:00:00+08:00,0.020999999716877937,0.020999999716877937,0.020999999716877937,0.020999999716877937,2780000,0.0,0.0,0.0
2014-06-03 00:00:00+08:00,0.020999999716877937,0.020999999716877937,0.020999999716877937,0.020999999716877937,1855000,0.0,0.0,0.0
2014-06-04 00:00:00+08:00,0.020999999716877937,0.020999999716877937,0.020999999716877937,0.020999999716877937,2600000,0.0,0.0,0.0
2014-06-05 00:00:00+08:00,0.020999999716877937,0.02199999988079071,0.020999999716877937,0.020999999716877937,3382000,0.0,0.0,0.0
2014-06-06 00:00:00+08:00,0.020999999716877937,0.020999999716877937,0.020999999716877937,0.020999999716877937,1588000,0.0,0.0,0.0
2014-06-09 00:00:00+08:00,0.020999999716877937,0.02199999988079071,0.020999999716877937,0.02199999988079071,6657000,0.0,0.0,0.0
2014-06-10 00:00:00+08:00,0.023000000044703484,0.023000000044703484,0.020999999716877937,0.02199999988079071,4520000,0.0,0.0,0.0
2014-06-11 00:00:00+08:00,0.02199999988079071,0.023000000044703484,0.02199999988079071,0.02199999988079071,4073000,0.0,0.0,0.0
2014-06-12 00:00:00+08:00,0.02199999988079071,0.02199999988079071,0.02199999988079071,0.02199999988079071,3043000,0.0,0.0,0.0
2014-06-13 00:00:00+08:00,0.02199999988079071,0.023000000044703484,0.02199999988079071,0.02199999988079071,1570000,0.0,0.0,0.0
2014-06-16 00:00:00+08:00,0.020999999716877937,0.02199999988079071,0.020999999716877937,0.020999999716877937,1681000,0.0,0.0,0.0
2014-06-17 00:00:00+08:00,0.020999999716877937,0.02199999988079071,0.020999999716877937,0.02199999988079071,3561000,0.0,0.0,0.0
2014-06-18 00:00:00+08:00,0.02199999988079071,0.024000000208616257,0.02199999988079071,0.023000000044703484,11179000,0.0,0.0,0.0
2014-06-19 00:00:00+08:00,0.023000000044703484,0.023000000044703484,0.02199999988079071,0.02199999988079071,2000000,0.0,0.0,0.0
2014-06-20 00:00:00+08:00,0.02199999988079071,0.023000000044703484,0.02199999988079071,0.023000000044703484,4011000,0.0,0.0,0.0
2014-06-23 00:00:00+08:00,0.02199999988079071,0.02199999988079071,0.02199999988079071,0.02199999988079071,1628000,0.0,0.0,0.0
2014-06-24 00:00:00+08:00,0.02199999988079071,0.02500000037252903,0.02199999988079071,0.024000000208616257,28750000,0.0,0.0,0.0
2014-06-25 00:00:00+08:00,0.024000000208616257,0.02500000037252903,0.024000000208616257,0.024000000208616257,12870000,0.0,0.0,0.0
2014-06-26 00:00:00+08:00,0.024000000208616257,0.02500000037252903,0.023000000044703484,0.024000000208616257,3825000,0.0,0.0,0.0
2014-06-27 00:00:00+08:00,0.024000000208616257,0.024000000208616257,0.023000000044703484,0.023000000044703484,2980000,0.0,0.0,0.0
2014-06-30 00:00:00+08:00,0.023000000044703484,0.023000000044703484,0.023000000044703484,0.023000000044703484,3455000,0.0,0.0,0.0
2014-07-01 00:00:00+08:00,0.023000000044703484,0.023000000044703484,0.02199999988079071,0.02199999988079071,7234000,0.0,0.0,0.0
2014-07-02 00:00:00+08:00,0.02199999988079071,0.023000000044703484,0.02199999988079071,0.02199999988079071,2911000,0.0,0.0,0.0
2014-07-03 00:00:00+08:00,0.02199999988079071,0.02199999988079071,0.02199999988079071,0.02199999988079071,2371000,0.0,0.0,0.0
2014-07-04 00:00:00+08:00,0.02199999988079071,0.02199999988079071,0.02199999988079071,0.02199999988079071,0,0.0,0.0,0.0
2014-07-07 00:00:00+08:00,0.02199999988079071,0.02199999988079071,0.02199999988079071,0.02199999988079071,1043000,0.0,0.0,0.0
2014-07-08 00:00:00+08:00,0.02199999988079071,0.024000000208616257,0.02199999988079071,0.02199999988079071,13110000,0.0,0.0,0.0
2014-07-09 00:00:00+08:00,0.02199999988079071,0.023000000044703484,0.02199999988079071,0.023000000044703484,450000,0.0,0.0,0.0
2014-07-10 00:00:00+08:00,0.02199999988079071,0.02199999988079071,0.02199999988079071,0.02199999988079071,100000,0.0,0.0,0.0
2014-07-11 00:00:00+08:00,0.02199999988079071,0.02199999988079071,0.02199999988079071,0.02199999988079071,400000,0.0,0.0,0.0
2014-07-14 00:00:00+08:00,0.02199999988079071,0.02199999988079071,0.02199999988079071,0.02199999988079071,100000,0.0,0.0,0.0
2014-07-15 00:00:00+08:00,0.02199999988079071,0.023000000044703484,0.02199999988079071,0.02199999988079071,3202000,0.0,0.0,0.0
2014-07-16 00:00:00+08:00,0.02199999988079071,0.023000000044703484,0.02199999988079071,0.023000000044703484,1340000,0.0,0.0,0.0
2014-07-17 00:00:00+08:00,0.02199999988079071,0.02199999988079071,0.02199999988079071,0.02199999988079071,690000,0.0,0.0,0.0
2014-07-18 00:00:00+08:00,0.02199999988079071,0.023000000044703484,0.02199999988079071,0.02199999988079071,2305000,0.0,0.0,0.0
2014-07-21 00:00:00+08:00,0.020999999716877937,0.02199999988079071,0.020999999716877937,0.02199999988079071,285000,0.0,0.0,0.0
2014-07-22 00:00:00+08:00,0.02199999988079071,0.023000000044703484,0.02199999988079071,0.023000000044703484,526000,0.0,0.0,0.0
2014-07-23 00:00:00+08:00,0.02199999988079071,0.02199999988079071,0.02199999988079071,0.02199999988079071,1069000,0.0,0.0,0.0
2014-07-24 00:00:00+08:00,0.02199999988079071,0.02199999988079071,0.02199999988079071,0.02199999988079071,410000,0.0,0.0,0.0
2014-07-25 00:00:00+08:00,0.02199999988079071,0.02199999988079071,0.02199999988079071,0.02199999988079071,1397000,0.0,0.0,0.0
2014-07-29 00:00:00+08:00,0.02199999988079071,0.02199999988079071,0.02199999988079071,0.02199999988079071,1476000,0.0,0.0,0.0
2014-07-30 00:00:00+08:00,0.02199999988079071,0.023000000044703484,0.02199999988079071,0.02199999988079071,1149000,0.0,0.0,0.0
2014-07-31 00:00:00+08:00,0.02199999988079071,0.02199999988079071,0.02199999988079071,0.02199999988079071,800000,0.0,0.0,0.0
2014-08-01 00:00:00+08:00,0.02199999988079071,0.02199999988079071,0.02199999988079071,0.02199999988079071,30000,0.0,0.0,0.0
2014-08-04 00:00:00+08:00,0.020999999716877937,0.020999999716877937,0.020999999716877937,0.020999999716877937,5070000,0.0,0.0,0.0
2014-08-05 00:00:00+08:00,0.020999999716877937,0.020999999716877937,0.020999999716877937,0.020999999716877937,209000,0.0,0.0,0.0
2014-08-06 00:00:00+08:00,0.019999999552965164,0.019999999552965164,0.019999999552965164,0.019999999552965164,116000,0.0,0.0,0.0
2014-08-07 00:00:00+08:00,0.019999999552965164,0.019999999552965164,0.019999999552965164,0.019999999552965164,2193000,0.0,0.0,0.0
2014-08-08 00:00:00+08:00,0.019999999552965164,0.019999999552965164,0.019999999552965164,0.019999999552965164,1555000,0.0,0.0,0.0
2014-08-11 00:00:00+08:00,0.020999999716877937,0.020999999716877937,0.019999999552965164,0.019999999552965164,1210000,0.0,0.0,0.0
2014-08-12 00:00:00+08:00,0.019999999552965164,0.02199999988079071,0.019999999552965164,0.02199999988079071,6440000,0.0,0.0,0.0
2014-08-13 00:00:00+08:00,0.023000000044703484,0.024000000208616257,0.02199999988079071,0.023000000044703484,33376000,0.0,0.0,0.0
2014-08-14 00:00:00+08:00,0.023000000044703484,0.023000000044703484,0.02199999988079071,0.02199999988079071,7448000,0.0,0.0,0.0
2014-08-15 00:00:00+08:00,0.02199999988079071,0.02199999988079071,0.02199999988079071,0.02199999988079071,1569000,0.0,0.0,0.0
2014-08-18 00:00:00+08:00,0.02199999988079071,0.02199999988079071,0.02199999988079071,0.02199999988079071,624000,0.0,0.0,0.0
2014-08-19 00:00:00+08:00,0.020999999716877937,0.020999999716877937,0.020999999716877937,0.020999999716877937,200000,0.0,0.0,0.0
2014-08-20 00:00:00+08:00,0.020999999716877937,0.02199999988079071,0.020999999716877937,0.020999999716877937,5840000,0.0,0.0,0.0
2014-08-21 00:00:00+08:00,0.020999999716877937,0.020999999716877937,0.020999999716877937,0.020999999716877937,1400000,0.0,0.0,0.0
2014-08-22 00:00:00+08:00,0.020999999716877937,0.020999999716877937,0.020999999716877937,0.020999999716877937,425000,0.0,0.0,0.0
2014-08-25 00:00:00+08:00,0.020999999716877937,0.020999999716877937,0.020999999716877937,0.020999999716877937,500000,0.0,0.0,0.0
2014-08-26 00:00:00+08:00,0.020999999716877937,0.02199999988079071,0.020999999716877937,0.020999999716877937,1263000,0.0,0.0,0.0
2014-08-27 00:00:00+08:00,0.020999999716877937,0.020999999716877937,0.019999999552965164,0.019999999552965164,360000,0.0,0.0,0.0
2014-08-28 00:00:00+08:00,0.020999999716877937,0.020999999716877937,0.019999999552965164,0.019999999552965164,2211000,0.0,0.0,0.0
2014-08-29 00:00:00+08:00,0.019999999552965164,0.019999999552965164,0.019999999552965164,0.019999999552965164,1268000,0.0,0.0,0.0
2014-09-01 00:00:00+08:00,0.019999999552965164,0.019999999552965164,0.019999999552965164,0.019999999552965164,0,0.0,0.0,0.0
2014-09-02 00:00:00+08:00,0.019999999552965164,0.019999999552965164,0.019999999552965164,0.019999999552965164,1246000,0.0,0.0,0.0
2014-09-03 00:00:00+08:00,0.019999999552965164,0.020999999716877937,0.019999999552965164,0.020999999716877937,1034000,0.0,0.0,0.0
2014-09-04 00:00:00+08:00,0.020999999716877937,0.020999999716877937,0.019999999552965164,0.020999999716877937,605000,0.0,0.0,0.0
2014-09-05 00:00:00+08:00,0.019999999552965164,0.019999999552965164,0.019999999552965164,0.019999999552965164,350000,0.0,0.0,0.0
2014-09-08 00:00:00+08:00,0.019999999552965164,0.019999999552965164,0.019999999552965164,0.019999999552965164,1200000,0.0,0.0,0.0
2014-09-09 00:00:00+08:00,0.019999999552965164,0.019999999552965164,0.019999999552965164,0.019999999552965164,305000,0.0,0.0,0.0
2014-09-10 00:00:00+08:00,0.019999999552965164,0.019999999552965164,0.019999999552965164,0.019999999552965164,979000,0.0,0.0,0.0
2014-09-11 00:00:00+08:00,0.019999999552965164,0.019999999552965164,0.019999999552965164,0.019999999552965164,900000,0.0,0.0,0.0
2014-09-12 00:00:00+08:00,0.019999999552965164,0.019999999552965164,0.019999999552965164,0.019999999552965164,150000,0.0,0.0,0.0
2014-09-15 00:00:00+08:00,0.020999999716877937,0.020999999716877937,0.020999999716877937,0.020999999716877937,200000,0.0,0.0,0.0
2014-09-16 00:00:00+08:00,0.01899999938905239,0.01899999938905239,0.01899999938905239,0.01899999938905239,1224000,0.0,0.0,0.0
2014-09-17 00:00:00+08:00,0.01899999938905239,0.01899999938905239,0.01899999938905239,0.01899999938905239,668000,0.0,0.0,0.0
2014-09-18 00:00:00+08:00,0.01899999938905239,0.01899999938905239,0.01899999938905239,0.01899999938905239,287000,0.0,0.0,0.0
2014-09-19 00:00:00+08:00,0.01899999938905239,0.01899999938905239,0.017999999225139618,0.017999999225139618,116000,0.0,0.0,0.0
2014-09-22 00:00:00+08:00,0.017999999225139618,0.017999999225139618,0.017999999225139618,0.017999999225139618,225000,0.0,0.0,0.0
2014-09-23 00:00:00+08:00,0.017999999225139618,0.017999999225139618,0.017999999225139618,0.017999999225139618,524000,0.0,0.0,0.0
2014-09-24 00:00:00+08:00,0.017999999225139618,0.01899999938905239,0.017999999225139618,0.01899999938905239,2459000,0.0,0.0,0.0
2014-09-25 00:00:00+08:00,0.01899999938905239,0.01899999938905239,0.01899999938905239,0.01899999938905239,310000,0.0,0.0,0.0
2014-09-26 00:00:00+08:00,0.017999999225139618,0.017999999225139618,0.017999999225139618,0.017999999225139618,400000,0.0,0.0,0.0
2014-09-29 00:00:00+08:00,0.017999999225139618,0.01899999938905239,0.017999999225139618,0.01899999938905239,630000,0.0,0.0,0.0
2014-09-30 00:00:00+08:00,0.01899999938905239,0.01899999938905239,0.01899999938905239,0.01899999938905239,0,0.0,0.0,0.0
2014-10-01 00:00:00+08:00,0.01899999938905239,0.01899999938905239,0.01899999938905239,0.01899999938905239,0,0.0,0.0,0.0
2014-10-02 00:00:00+08:00,0.01899999938905239,0.01899999938905239,0.01899999938905239,0.01899999938905239,3500000,0.0,0.0,0.0
2014-10-03 00:00:00+08:00,0.01899999938905239,0.01899999938905239,0.01899999938905239,0.01899999938905239,0,0.0,0.0,0.0
2014-10-07 00:00:00+08:00,0.01899999938905239,0.01899999938905239,0.017999999225139618,0.017999999225139618,2188000,0.0,0.0,0.0
2014-10-08 00:00:00+08:00,0.01899999938905239,0.01899999938905239,0.01899999938905239,0.01899999938905239,300000,0.0,0.0,0.0
2014-10-09 00:00:00+08:00,0.017999999225139618,0.017999999225139618,0.017999999225139618,0.017999999225139618,300000,0.0,0.0,0.0
2014-10-10 00:00:00+08:00,0.017999999225139618,0.01899999938905239,0.017999999225139618,0.017999999225139618,5777000,0.0,0.0,0.0
2014-10-13 00:00:00+08:00,0.017999999225139618,0.017999999225139618,0.017000000923871994,0.017000000923871994,2512000,0.0,0.0,0.0
2014-10-14 00:00:00+08:00,0.017000000923871994,0.017000000923871994,0.017000000923871994,0.017000000923871994,938000,0.0,0.0,0.0
2014-10-15 00:00:00+08:00,0.01600000075995922,0.01600000075995922,0.01600000075995922,0.01600000075995922,2472000,0.0,0.0,0.0
2014-10-16 00:00:00+08:00,0.014999999664723873,0.014999999664723873,0.014999999664723873,0.014999999664723873,250000,0.0,0.0,0.0
2014-10-17 00:00:00+08:00,0.014000000432133675,0.014999999664723873,0.014000000432133675,0.014000000432133675,2364000,0.0,0.0,0.0
2014-10-20 00:00:00+08:00,0.014999999664723873,0.014999999664723873,0.014000000432133675,0.014999999664723873,1000000,0.0,0.0,0.0
2014-10-21 00:00:00+08:00,0.014000000432133675,0.014999999664723873,0.014000000432133675,0.014999999664723873,3204000,0.0,0.0,0.0
2014-10-22 00:00:00+08:00,0.014999999664723873,0.014999999664723873,0.014999999664723873,0.014999999664723873,0,0.0,0.0,0.0
2014-10-24 00:00:00+08:00,0.014000000432133675,0.014999999664723873,0.014000000432133675,0.014999999664723873,837000,0.0,0.0,0.0
2014-10-27 00:00:00+08:00,0.014000000432133675,0.014999999664723873,0.014000000432133675,0.014000000432133675,928000,0.0,0.0,0.0
2014-10-28 00:00:00+08:00,0.014999999664723873,0.014999999664723873,0.014000000432133675,0.014999999664723873,503000,0.0,0.0,0.0
2014-10-29 00:00:00+08:00,0.014999999664723873,0.014999999664723873,0.014999999664723873,0.014999999664723873,900000,0.0,0.0,0.0
2014-10-30 00:00:00+08:00,0.01600000075995922,0.01600000075995922,0.014999999664723873,0.01600000075995922,462000,0.0,0.0,0.0
2014-10-31 00:00:00+08:00,0.014999999664723873,0.014999999664723873,0.014999999664723873,0.014999999664723873,560000,0.0,0.0,0.0
2014-11-03 00:00:00+08:00,0.01600000075995922,0.017000000923871994,0.01600000075995922,0.01600000075995922,5549000,0.0,0.0,0.0
2014-11-04 00:00:00+08:00,0.01600000075995922,0.01600000075995922,0.01600000075995922,0.01600000075995922,0,0.0,0.0,0.0
2014-11-05 00:00:00+08:00,0.01600000075995922,0.01600000075995922,0.01600000075995922,0.01600000075995922,150000,0.0,0.0,0.0
2014-11-06 00:00:00+08:00,0.01600000075995922,0.01600000075995922,0.014999999664723873,0.014999999664723873,1660000,0.0,0.0,0.0
2014-11-07 00:00:00+08:00,0.014999999664723873,0.014999999664723873,0.014999999664723873,0.014999999664723873,2617000,0.0,0.0,0.0
2014-11-10 00:00:00+08:00,0.014999999664723873,0.014999999664723873,0.014999999664723873,0.014999999664723873,2110000,0.0,0.0,0.0
2014-11-11 00:00:00+08:00,0.014999999664723873,0.014999999664723873,0.014999999664723873,0.014999999664723873,0,0.0,0.0,0.0
2014-11-12 00:00:00+08:00,0.014999999664723873,0.017999999225139618,0.014999999664723873,0.017000000923871994,7002000,0.0,0.0,0.0
2014-11-13 00:00:00+08:00,0.017999999225139618,0.017999999225139618,0.017000000923871994,0.017000000923871994,455000,0.0,0.0,0.0
2014-11-14 00:00:00+08:00,0.017000000923871994,0.019999999552965164,0.017000000923871994,0.01899999938905239,13191000,0.0,0.0,0.0
2014-11-17 00:00:00+08:00,0.01899999938905239,0.019999999552965164,0.01899999938905239,0.01899999938905239,4439000,0.0,0.0,0.0
2014-11-18 00:00:00+08:00,0.01899999938905239,0.01899999938905239,0.01899999938905239,0.01899999938905239,1815000,0.0,0.0,0.0
2014-11-19 00:00:00+08:00,0.01899999938905239,0.01899999938905239,0.01899999938905239,0.01899999938905239,1283000,0.0,0.0,0.0
2014-11-20 00:00:00+08:00,0.01899999938905239,0.01899999938905239,0.017999999225139618,0.01899999938905239,2303000,0.0,0.0,0.0
2014-11-21 00:00:00+08:00,0.017999999225139618,0.017999999225139618,0.017000000923871994,0.017000000923871994,4327000,0.0,0.0,0.0
2014-11-24 00:00:00+08:00,0.017000000923871994,0.017000000923871994,0.017000000923871994,0.017000000923871994,820000,0.0,0.0,0.0
2014-11-25 00:00:00+08:00,0.017000000923871994,0.017000000923871994,0.01600000075995922,0.01600000075995922,600000,0.0,0.0,0.0
2014-11-26 00:00:00+08:00,0.01600000075995922,0.01600000075995922,0.01600000075995922,0.01600000075995922,0,0.0,0.0,0.0
2014-11-27 00:00:00+08:00,0.01600000075995922,0.017000000923871994,0.01600000075995922,0.017000000923871994,3760000,0.0,0.0,0.0
2014-11-28 00:00:00+08:00,0.01600000075995922,0.01600000075995922,0.01600000075995922,0.01600000075995922,500000,0.0,0.0,0.0
2014-12-01 00:00:00+08:00,0.014999999664723873,0.01600000075995922,0.014999999664723873,0.014999999664723873,810000,0.0,0.0,0.0
2014-12-02 00:00:00+08:00,0.014999999664723873,0.01600000075995922,0.014999999664723873,0.01600000075995922,1600000,0.0,0.0,0.0
2014-12-03 00:00:00+08:00,0.014999999664723873,0.014999999664723873,0.014999999664723873,0.014999999664723873,499000,0.0,0.0,0.0
2014-12-04 00:00:00+08:00,0.014999999664723873,0.014999999664723873,0.014999999664723873,0.014999999664723873,2767000,0.0,0.0,0.0
2014-12-05 00:00:00+08:00,0.014999999664723873,0.014999999664723873,0.014999999664723873,0.014999999664723873,2000000,0.0,0.0,0.0
2014-12-08 00:00:00+08:00,0.014999999664723873,0.014999999664723873,0.014999999664723873,0.014999999664723873,3332000,0.0,0.0,0.0
2014-12-09 00:00:00+08:00,0.01600000075995922,0.01600000075995922,0.014999999664723873,0.014999999664723873,2390000,0.0,0.0,0.0
2014-12-10 00:00:00+08:00,0.014999999664723873,0.014999999664723873,0.014999999664723873,0.014999999664723873,0,0.0,0.0,0.0
2014-12-11 00:00:00+08:00,0.014999999664723873,0.014999999664723873,0.014999999664723873,0.014999999664723873,0,0.0,0.0,0.0
2014-12-12 00:00:00+08:00,0.01600000075995922,0.017000000923871994,0.01600000075995922,0.017000000923871994,451000,0.0,0.0,0.0
2014-12-15 00:00:00+08:00,0.017000000923871994,0.017000000923871994,0.017000000923871994,0.017000000923871994,0,0.0,0.0,0.0
2014-12-16 00:00:00+08:00,0.014999999664723873,0.01600000075995922,0.014999999664723873,0.01600000075995922,700000,0.0,0.0,0.0
2014-12-17 00:00:00+08:00,0.01600000075995922,0.01600000075995922,0.01600000075995922,0.01600000075995922,320000,0.0,0.0,0.0
2014-12-18 00:00:00+08:00,0.014999999664723873,0.014999999664723873,0.014999999664723873,0.014999999664723873,6381000,0.0,0.0,0.0
2014-12-19 00:00:00+08:00,0.01600000075995922,0.01600000075995922,0.01600000075995922,0.01600000075995922,600000,0.0,0.0,0.0
2014-12-22 00:00:00+08:00,0.014999999664723873,0.014999999664723873,0.014999999664723873,0.014999999664723873,320000,0.0,0.0,0.0
2014-12-23 00:00:00+08:00,0.01600000075995922,0.01600000075995922,0.01600000075995922,0.01600000075995922,360000,0.0,0.0,0.0
2014-12-24 00:00:00+08:00,0.014999999664723873,0.014999999664723873,0.014999999664723873,0.014999999664723873,340000,0.0,0.0,0.0
2014-12-26 00:00:00+08:00,0.014999999664723873,0.014999999664723873,0.014999999664723873,0.014999999664723873,570000,0.0,0.0,0.0
2014-12-29 00:00:00+08:00,0.014999999664723873,0.014999999664723873,0.014999999664723873,0.014999999664723873,430000,0.0,0.0,0.0
2014-12-30 00:00:00+08:00,0.014999999664723873,0.014999999664723873,0.014999999664723873,0.014999999664723873,50000,0.0,0.0,0.0
2014-12-31 00:00:00+08:00,0.014999999664723873,0.01600000075995922,0.014999999664723873,0.014999999664723873,362000,0.0,0.0,0.0
2015-01-02 00:00:00+08:00,0.014999999664723873,0.014999999664723873,0.014999999664723873,0.014999999664723873,300000,0.0,0.0,0.0
2015-01-05 00:00:00+08:00,0.014999999664723873,0.014999999664723873,0.014999999664723873,0.014999999664723873,0,0.0,0.0,0.0
2015-01-06 00:00:00+08:00,0.014999999664723873,0.014999999664723873,0.014999999664723873,0.014999999664723873,0,0.0,0.0,0.0
2015-01-07 00:00:00+08:00,0.014999999664723873,0.01600000075995922,0.014999999664723873,0.01600000075995922,2320000,0.0,0.0,0.0
2015-01-08 00:00:00+08:00,0.01600000075995922,0.01600000075995922,0.01600000075995922,0.01600000075995922,2771000,0.0,0.0,0.0
2015-01-09 00:00:00+08:00,0.014999999664723873,0.014999999664723873,0.014999999664723873,0.014999999664723873,100000,0.0,0.0,0.0
2015-01-12 00:00:00+08:00,0.01600000075995922,0.01600000075995922,0.01600000075995922,0.01600000075995922,7000000,0.0,0.0,0.0
2015-01-13 00:00:00+08:00,0.01600000075995922,0.01600000075995922,0.01600000075995922,0.01600000075995922,0,0.0,0.0,0.0
2015-01-14 00:00:00+08:00,0.01600000075995922,0.017000000923871994,0.014999999664723873,0.014999999664723873,1401000,0.0,0.0,0.0
2015-01-15 00:00:00+08:00,0.01600000075995922,0.01600000075995922,0.01600000075995922,0.01600000075995922,1680000,0.0,0.0,0.0
2015-01-16 00:00:00+08:00,0.01600000075995922,0.017999999225139618,0.01600000075995922,0.017999999225139618,5214000,0.0,0.0,0.0
2015-01-19 00:00:00+08:00,0.017999999225139618,0.01899999938905239,0.017000000923871994,0.017999999225139618,3294000,0.0,0.0,0.0
2015-01-20 00:00:00+08:00,0.017999999225139618,0.020999999716877937,0.017999999225139618,0.01899999938905239,13556200,0.0,0.0,0.0
2015-01-21 00:00:00+08:00,0.01899999938905239,0.01899999938905239,0.017999999225139618,0.01899999938905239,2430000,0.0,0.0,0.0
2015-01-22 00:00:00+08:00,0.01899999938905239,0.020999999716877937,0.01899999938905239,0.019999999552965164,11263800,0.0,0.0,0.0
2015-01-23 00:00:00+08:00,0.019999999552965164,0.019999999552965164,0.01899999938905239,0.01899999938905239,4515000,0.0,0.0,0.0
2015-01-26 00:00:00+08:00,0.019999999552965164,0.020999999716877937,0.019999999552965164,0.019999999552965164,3488000,0.0,0.0,0.0
2015-01-27 00:00:00+08:00,0.019999999552965164,0.020999999716877937,0.019999999552965164,0.019999999552965164,7500700,0.0,0.0,0.0
2015-01-28 00:00:00+08:00,0.019999999552965164,0.019999999552965164,0.01899999938905239,0.01899999938905239,2070000,0.0,0.0,0.0
2015-01-29 00:00:00+08:00,0.019999999552965164,0.019999999552965164,0.019999999552965164,0.019999999552965164,200000,0.0,0.0,0.0
2015-01-30 00:00:00+08:00,0.019999999552965164,0.019999999552965164,0.019999999552965164,0.019999999552965164,1610600,0.0,0.0,0.0
2015-02-02 00:00:00+08:00,0.019999999552965164,0.019999999552965164,0.01899999938905239,0.01899999938905239,739700,0.0,0.0,0.0
2015-02-03 00:00:00+08:00,0.01899999938905239,0.01899999938905239,0.01899999938905239,0.01899999938905239,1480000,0.0,0.0,0.0
2015-02-04 00:00:00+08:00,0.01899999938905239,0.020999999716877937,0.01899999938905239,0.019999999552965164,3105300,0.0,0.0,0.0
2015-02-05 00:00:00+08:00,0.01899999938905239,0.01899999938905239,0.01899999938905239,0.01899999938905239,500000,0.0,0.0,0.0
2015-02-06 00:00:00+08:00,0.01899999938905239,0.01899999938905239,0.01899999938905239,0.01899999938905239,100000,0.0,0.0,0.0
2015-02-09 00:00:00+08:00,0.01899999938905239,0.01899999938905239,0.017999999225139618,0.017999999225139618,1430000,0.0,0.0,0.0
2015-02-10 00:00:00+08:00,0.01899999938905239,0.01899999938905239,0.01899999938905239,0.01899999938905239,300000,0.0,0.0,0.0
2015-02-11 00:00:00+08:00,0.01899999938905239,0.01899999938905239,0.01899999938905239,0.01899999938905239,1585000,0.0,0.0,0.0
2015-02-12 00:00:00+08:00,0.01899999938905239,0.01899999938905239,0.017999999225139618,0.01899999938905239,3458200,0.0,0.0,0.0
2015-02-13 00:00:00+08:00,0.019999999552965164,0.019999999552965164,0.019999999552965164,0.019999999552965164,200000,0.0,0.0,0.0
2015-02-16 00:00:00+08:00,0.019999999552965164,0.019999999552965164,0.019999999552965164,0.019999999552965164,0,0.0,0.0,0.0
2015-02-17 00:00:00+08:00,0.01899999938905239,0.01899999938905239,0.01899999938905239,0.01899999938905239,3900000,0.0,0.0,0.0
2015-02-18 00:00:00+08:00,0.01899999938905239,0.019999999552965164,0.01899999938905239,0.019999999552965164,1320000,0.0,0.0,0.0
2015-02-23 00:00:00+08:00,0.01899999938905239,0.01899999938905239,0.01899999938905239,0.01899999938905239,1900000,0.0,0.0,0.0
2015-02-24 00:00:00+08:00,0.01899999938905239,0.01899999938905239,0.01899999938905239,0.01899999938905239,1236700,0.0,0.0,0.0
2015-02-25 00:00:00+08:00,0.01899999938905239,0.01899999938905239,0.01899999938905239,0.01899999938905239,14300,0.0,0.0,0.0
2015-02-26 00:00:00+08:00,0.01899999938905239,0.019999999552965164,0.01899999938905239,0.01899999938905239,1150000,0.0,0.0,0.0
2015-02-27 00:00:00+08:00,0.01899999938905239,0.01899999938905239,0.01899999938905239,0.01899999938905239,1000000,0.0,0.0,0.0
2015-03-02 00:00:00+08:00,0.01899999938905239,0.01899999938905239,0.01899999938905239,0.01899999938905239,1725000,0.0,0.0,0.0
2015-03-03 00:00:00+08:00,0.01899999938905239,0.01899999938905239,0.01899999938905239,0.01899999938905239,700000,0.0,0.0,0.0
2015-03-04 00:00:00+08:00,0.017999999225139618,0.01899999938905239,0.017999999225139618,0.01899999938905239,1826000,0.0,0.0,0.0
2015-03-05 00:00:00+08:00,0.01899999938905239,0.01899999938905239,0.01899999938905239,0.01899999938905239,680000,0.0,0.0,0.0
2015-03-06 00:00:00+08:00,0.01899999938905239,0.01899999938905239,0.017999999225139618,0.01899999938905239,860000,0.0,0.0,0.0
2015-03-09 00:00:00+08:00,0.01899999938905239,0.019999999552965164,0.017999999225139618,0.01899999938905239,2346700,0.0,0.0,0.0
2015-03-10 00:00:00+08:00,0.01899999938905239,0.01899999938905239,0.01899999938905239,0.01899999938905239,0,0.0,0.0,0.0
2015-03-11 00:00:00+08:00,0.01899999938905239,0.01899999938905239,0.01899999938905239,0.01899999938905239,5900000,0.0,0.0,0.0
2015-03-12 00:00:00+08:00,0.01899999938905239,0.01899999938905239,0.01899999938905239,0.01899999938905239,400000,0.0,0.0,0.0
2015-03-13 00:00:00+08:00,0.01899999938905239,0.01899999938905239,0.017000000923871994,0.01899999938905239,2530200,0.0,0.0,0.0
2015-03-16 00:00:00+08:00,0.01899999938905239,0.01899999938905239,0.01899999938905239,0.01899999938905239,0,0.0,0.0,0.0
2015-03-17 00:00:00+08:00,0.017000000923871994,0.01899999938905239,0.017000000923871994,0.017999999225139618,947500,0.0,0.0,0.0
2015-03-18 00:00:00+08:00,0.017999999225139618,0.017999999225139618,0.017999999225139618,0.017999999225139618,1100000,0.0,0.0,0.0
2015-03-19 00:00:00+08:00,0.017000000923871994,0.017999999225139618,0.017000000923871994,0.017999999225139618,5500,0.0,0.0,0.0
2015-03-20 00:00:00+08:00,0.017999999225139618,0.017999999225139618,0.017000000923871994,0.017000000923871994,905400,0.0,0.0,0.0
2015-03-23 00:00:00+08:00,0.017999999225139618,0.017999999225139618,0.017000000923871994,0.017000000923871994,9400,0.0,0.0,0.0
2015-03-24 00:00:00+08:00,0.017999999225139618,0.017999999225139618,0.017999999225139618,0.017999999225139618,395000,0.0,0.0,0.0
2015-03-25 00:00:00+08:00,0.017999999225139618,0.017999999225139618,0.017999999225139618,0.017999999225139618,0,0.0,0.0,0.0
2015-03-26 00:00:00+08:00,0.017999999225139618,0.01899999938905239,0.017999999225139618,0.017999999225139618,1225400,0.0,0.0,0.0
2015-03-27 00:00:00+08:00,0.01899999938905239,0.020999999716877937,0.01899999938905239,0.020999999716877937,8704600,0.0,0.0,0.0
2015-03-30 00:00:00+08:00,0.020999999716877937,0.020999999716877937,0.020999999716877937,0.020999999716877937,0,0.0,0.0,0.0
2015-03-31 00:00:00+08:00,0.02199999988079071,0.02500000037252903,0.02199999988079071,0.02199999988079071,36899300,0.0,0.0,0.0
2015-04-01 00:00:00+08:00,0.02199999988079071,0.023000000044703484,0.01899999938905239,0.019999999552965164,10245100,0.0,0.0,0.0
2015-04-02 00:00:00+08:00,0.019999999552965164,0.019999999552965164,0.019999999552965164,0.019999999552965164,1388100,0.0,0.0,0.0
2015-04-06 00:00:00+08:00,0.01899999938905239,0.02199999988079071,0.01899999938905239,0.019999999552965164,11708300,0.0,0.0,0.0
2015-04-07 00:00:00+08:00,0.019999999552965164,0.019999999552965164,0.01899999938905239,0.019999999552965164,5800000,0.0,0.0,0.0
2015-04-08 00:00:00+08:00,0.019999999552965164,0.019999999552965164,0.01899999938905239,0.01899999938905239,6562500,0.0,0.0,0.0
2015-04-09 00:00:00+08:00,0.020999999716877937,0.023000000044703484,0.019999999552965164,0.02199999988079071,51762400,0.0,0.0,0.0
2015-04-10 00:00:00+08:00,0.023000000044703484,0.024000000208616257,0.02199999988079071,0.023000000044703484,47576000,0.0,0.0,0.0
2015-04-13 00:00:00+08:00,0.023000000044703484,0.023000000044703484,0.023000000044703484,0.023000000044703484,6200600,0.0,0.0,0.0
2015-04-14 00:00:00+08:00,0.024000000208616257,0.024000000208616257,0.02199999988079071,0.023000000044703484,6818000,0.0,0.0,0.0
2015-04-15 00:00:00+08:00,0.023000000044703484,0.023000000044703484,0.02199999988079071,0.02199999988079071,5380000,0.0,0.0,0.0
2015-04-16 00:00:00+08:00,0.02199999988079071,0.023000000044703484,0.020999999716877937,0.020999999716877937,7047000,0.0,0.0,0.0
2015-04-17 00:00:00+08:00,0.02199999988079071,0.023000000044703484,0.020999999716877937,0.020999999716877937,14451000,0.0,0.0,0.0
2015-04-20 00:00:00+08:00,0.02199999988079071,0.02199999988079071,0.019999999552965164,0.019999999552965164,4560000,0.0,0.0,0.0
2015-04-21 00:00:00+08:00,0.020999999716877937,0.020999999716877937,0.020999999716877937,0.020999999716877937,3230000,0.0,0.0,0.0
2015-04-22 00:00:00+08:00,0.020999999716877937,0.020999999716877937,0.019999999552965164,0.020999999716877937,1989900,0.0,0.0,0.0
2015-04-23 00:00:00+08:00,0.019999999552965164,0.019999999552965164,0.01899999938905239,0.019999999552965164,6702800,0.0,0.0,0.0
2015-04-24 00:00:00+08:00,0.019999999552965164,0.019999999552965164,0.01899999938905239,0.019999999552965164,5090100,0.0,0.0,0.0
2015-04-27 00:00:00+08:00,0.01899999938905239,0.01899999938905239,0.01899999938905239,0.01899999938905239,324000,0.0,0.0,0.0
2015-04-28 00:00:00+08:00,0.01899999938905239,0.01899999938905239,0.01899999938905239,0.01899999938905239,2615000,0.0,0.0,0.0
2015-04-29 00:00:00+08:00,0.01899999938905239,0.01899999938905239,0.01899999938905239,0.01899999938905239,1810500,0.0,0.0,0.0
2015-04-30 00:00:00+08:00,0.01899999938905239,0.02199999988079071,0.01899999938905239,0.020999999716877937,17533000,0.0,0.0,0.0
2015-05-04 00:00:00+08:00,0.020999999716877937,0.020999999716877937,0.01899999938905239,0.019999999552965164,2394100,0.0,0.0,0.0
2015-05-05 00:00:00+08:00,0.019999999552965164,0.020999999716877937,0.019999999552965164,0.019999999552965164,2230000,0.0,0.0,0.0
2015-05-06 00:00:00+08:00,0.019999999552965164,0.020999999716877937,0.019999999552965164,0.019999999552965164,570000,0.0,0.0,0.0
2015-05-07 00:00:00+08:00,0.019999999552965164,0.019999999552965164,0.019999999552965164,0.019999999552965164,100000,0.0,0.0,0.0
2015-05-08 00:00:00+08:00,0.019999999552965164,0.020999999716877937,0.019999999552965164,0.019999999552965164,18894000,0.0,0.0,0.0
2015-05-11 00:00:00+08:00,0.019999999552965164,0.019999999552965164,0.01899999938905239,0.01899999938905239,1605000,0.0,0.0,0.0
2015-05-12 00:00:00+08:00,0.019999999552965164,0.020999999716877937,0.01899999938905239,0.020999999716877937,3995000,0.0,0.0,0.0
2015-05-13 00:00:00+08:00,0.019999999552965164,0.019999999552965164,0.01899999938905239,0.01899999938905239,1950000,0.0,0.0,0.0
2015-05-14 00:00:00+08:00,0.01899999938905239,0.019999999552965164,0.01899999938905239,0.019999999552965164,2413000,0.0,0.0,0.0
2015-05-15 00:00:00+08:00,0.01899999938905239,0.01899999938905239,0.017999999225139618,0.01899999938905239,6750100,0.0,0.0,0.0
2015-05-18 00:00:00+08:00,0.017999999225139618,0.017999999225139618,0.017000000923871994,0.017999999225139618,4951100,0.0,0.0,0.0
2015-05-19 00:00:00+08:00,0.017999999225139618,0.017999999225139618,0.01600000075995922,0.017999999225139618,20929600,0.0,0.0,0.0
2015-05-20 00:00:00+08:00,0.017000000923871994,0.017000000923871994,0.017000000923871994,0.017000000923871994,1800000,0.0,0.0,0.0
2015-05-21 00:00:00+08:00,0.017000000923871994,0.017999999225139618,0.017000000923871994,0.017999999225139618,3209000,0.0,0.0,0.0
2015-05-22 00:00:00+08:00,0.017000000923871994,0.017999999225139618,0.017000000923871994,0.017000000923871994,3600100,0.0,0.0,0.0
2015-05-25 00:00:00+08:00,0.017000000923871994,0.017000000923871994,0.017000000923871994,0.017000000923871994,4322500,0.0,0.0,0.0
2015-05-26 00:00:00+08:00,0.017000000923871994,0.017000000923871994,0.01600000075995922,0.017000000923871994,1672000,0.0,0.0,0.0
2015-05-27 00:00:00+08:00,0.01600000075995922,0.017000000923871994,0.01600000075995922,0.01600000075995922,14712200,0.0,0.0,0.0
2015-05-28 00:00:00+08:00,0.01600000075995922,0.01600000075995922,0.014999999664723873,0.01600000075995922,2400700,0.0,0.0,0.0
2015-05-29 00:00:00+08:00,0.01600000075995922,0.01600000075995922,0.014999999664723873,0.014999999664723873,2600000,0.0,0.0,0.0
2015-06-02 00:00:00+08:00,0.014999999664723873,0.014999999664723873,0.014999999664723873,0.014999999664723873,4946900,0.0,0.0,0.0
2015-06-03 00:00:00+08:00,0.014999999664723873,0.014999999664723873,0.014999999664723873,0.014999999664723873,0,0.0,0.0,0.0
2015-06-04 00:00:00+08:00,0.014000000432133675,0.014999999664723873,0.014000000432133675,0.014000000432133675,550000,0.0,0.0,0.0
2015-06-05 00:00:00+08:00,0.014000000432133675,0.014000000432133675,0.014000000432133675,0.014000000432133675,3172600,0.0,0.0,0.0
2015-06-08 00:00:00+08:00,0.014000000432133675,0.014000000432133675,0.013000000268220901,0.013000000268220901,2242600,0.0,0.0,0.0
2015-06-09 00:00:00+08:00,0.013000000268220901,0.014000000432133675,0.013000000268220901,0.014000000432133675,1696200,0.0,0.0,0.0
2015-06-10 00:00:00+08:00,0.014000000432133675,0.014000000432133675,0.014000000432133675,0.014000000432133675,25000,0.0,0.0,0.0
2015-06-11 00:00:00+08:00,0.014000000432133675,0.014000000432133675,0.014000000432133675,0.014000000432133675,550000,0.0,0.0,0.0
2015-06-12 00:00:00+08:00,0.014000000432133675,0.01600000075995922,0.014000000432133675,0.014000000432133675,10087200,0.0,0.0,0.0
2015-06-15 00:00:00+08:00,0.014000000432133675,0.01600000075995922,0.014000000432133675,0.01600000075995922,40297100,0.0,0.0,0.0
2015-06-16 00:00:00+08:00,0.01600000075995922,0.01600000075995922,0.01600000075995922,0.01600000075995922,0,0.0,0.0,0.0
2015-06-17 00:00:00+08:00,0.014999999664723873,0.01600000075995922,0.014999999664723873,0.01600000075995922,2600,0.0,0.0,0.0
2015-06-18 00:00:00+08:00,0.014999999664723873,0.014999999664723873,0.014999999664723873,0.014999999664723873,2497500,0.0,0.0,0.0
2015-06-19 00:00:00+08:00,0.014999999664723873,0.01600000075995922,0.014999999664723873,0.01600000075995922,2050000,0.0,0.0,0.0
2015-06-22 00:00:00+08:00,0.014999999664723873,0.014999999664723873,0.014999999664723873,0.014999999664723873,2960000,0.0,0.0,0.0
2015-06-23 00:00:00+08:00,0.014999999664723873,0.014999999664723873,0.014999999664723873,0.014999999664723873,0,0.0,0.0,0.0
2015-06-24 00:00:00+08:00,0.014000000432133675,0.014000000432133675,0.014000000432133675,0.014000000432133675,1300000,0.0,0.0,0.0
2015-06-25 00:00:00+08:00,0.014000000432133675,0.014000000432133675,0.014000000432133675,0.014000000432133675,0,0.0,0.0,0.0
2015-06-26 00:00:00+08:00,0.014000000432133675,0.014000000432133675,0.014000000432133675,0.014000000432133675,1101000,0.0,0.0,0.0
2015-06-29 00:00:00+08:00,0.014000000432133675,0.014000000432133675,0.013000000268220901,0.014000000432133675,2803000,0.0,0.0,0.0
2015-06-30 00:00:00+08:00,0.014000000432133675,0.014000000432133675,0.014000000432133675,0.014000000432133675,300000,0.0,0.0,0.0
2015-07-01 00:00:00+08:00,0.014000000432133675,0.014000000432133675,0.014000000432133675,0.014000000432133675,0,0.0,0.0,0.0
2015-07-02 00:00:00+08:00,0.014000000432133675,0.014000000432133675,0.014000000432133675,0.014000000432133675,100000,0.0,0.0,0.0
2015-07-03 00:00:00+08:00,0.013000000268220901,0.014000000432133675,0.013000000268220901,0.013000000268220901,898000,0.0,0.0,0.0
2015-07-06 00:00:00+08:00,0.013000000268220901,0.014000000432133675,0.013000000268220901,0.014000000432133675,2170000,0.0,0.0,0.0
2015-07-07 00:00:00+08:00,0.014000000432133675,0.014000000432133675,0.014000000432133675,0.014000000432133675,0,0.0,0.0,0.0
2015-07-08 00:00:00+08:00,0.013000000268220901,0.013000000268220901,0.012000000104308128,0.012000000104308128,1292900,0.0,0.0,0.0
2015-07-09 00:00:00+08:00,0.012000000104308128,0.012000000104308128,0.012000000104308128,0.012000000104308128,0,0.0,0.0,0.0
2015-07-10 00:00:00+08:00,0.012000000104308128,0.012000000104308128,0.012000000104308128,0.012000000104308128,0,0.0,0.0,0.0
2015-07-13 00:00:00+08:00,0.012000000104308128,0.013000000268220901,0.012000000104308128,0.013000000268220901,1650000,0.0,0.0,0.0
2015-07-14 00:00:00+08:00,0.013000000268220901,0.013000000268220901,0.013000000268220901,0.013000000268220901,400000,0.0,0.0,0.0
2015-07-15 00:00:00+08:00,0.013000000268220901,0.013000000268220901,0.013000000268220901,0.013000000268220901,2000000,0.0,0.0,0.0
2015-07-16 00:00:00+08:00,0.012000000104308128,0.013000000268220901,0.012000000104308128,0.013000000268220901,100000,0.0,0.0,0.0
2015-07-20 00:00:00+08:00,0.014000000432133675,0.01600000075995922,0.014000000432133675,0.01600000075995922,36370100,0.0,0.0,0.0
2015-07-21 00:00:00+08:00,0.01600000075995922,0.017999999225139618,0.01600000075995922,0.017000000923871994,12829600,0.0,0.0,0.0
2015-07-22 00:00:00+08:00,0.017000000923871994,0.017000000923871994,0.01600000075995922,0.01600000075995922,4960000,0.0,0.0,0.0
2015-07-23 00:00:00+08:00,0.01600000075995922,0.01600000075995922,0.01600000075995922,0.01600000075995922,1700000,0.0,0.0,0.0
2015-07-24 00:00:00+08:00,0.01600000075995922,0.01600000075995922,0.014999999664723873,0.014999999664723873,4650000,0.0,0.0,0.0
2015-07-27 00:00:00+08:00,0.014999999664723873,0.014999999664723873,0.014000000432133675,0.014000000432133675,5770000,0.0,0.0,0.0
2015-07-28 00:00:00+08:00,0.014000000432133675,0.014000000432133675,0.014000000432133675,0.014000000432133675,1665000,0.0,0.0,0.0
2015-07-29 00:00:00+08:00,0.014000000432133675,0.014000000432133675,0.014000000432133675,0.014000000432133675,3155000,0.0,0.0,0.0
2015-07-30 00:00:00+08:00,0.014000000432133675,0.014000000432133675,0.013000000268220901,0.013000000268220901,1750000,0.0,0.0,0.0
2015-07-31 00:00:00+08:00,0.013000000268220901,0.013000000268220901,0.013000000268220901,0.013000000268220901,2790000,0.0,0.0,0.0
2015-08-03 00:00:00+08:00,0.013000000268220901,0.013000000268220901,0.012000000104308128,0.012000000104308128,4998000,0.0,0.0,0.0
2015-08-04 00:00:00+08:00,0.012000000104308128,0.013000000268220901,0.012000000104308128,0.013000000268220901,1500000,0.0,0.0,0.0
2015-08-05 00:00:00+08:00,0.012000000104308128,0.012000000104308128,0.012000000104308128,0.012000000104308128,200000,0.0,0.0,0.0
2015-08-06 00:00:00+08:00,0.012000000104308128,0.012000000104308128,0.009999999776482582,0.010999999940395355,6645000,0.0,0.0,0.0
2015-08-07 00:00:00+08:00,0.010999999940395355,0.010999999940395355,0.010999999940395355,0.010999999940395355,0,0.0,0.0,0.0
2015-08-11 00:00:00+08:00,0.010999999940395355,0.010999999940395355,0.009999999776482582,0.009999999776482582,700000,0.0,0.0,0.0
2015-08-12 00:00:00+08:00,0.009999999776482582,0.010999999940395355,0.009999999776482582,0.010999999940395355,2175000,0.0,0.0,0.0
2015-08-13 00:00:00+08:00,0.009999999776482582,0.009999999776482582,0.008999999612569809,0.008999999612569809,10275000,0.0,0.0,0.0
2015-08-14 00:00:00+08:00,0.008999999612569809,0.008999999612569809,0.008999999612569809,0.008999999612569809,2289000,0.0,0.0,0.0
2015-08-17 00:00:00+08:00,0.008999999612569809,0.008999999612569809,0.008999999612569809,0.008999999612569809,1011000,0.0,0.0,0.0
2015-08-18 00:00:00+08:00,0.00800000037997961,0.00800000037997961,0.007000000216066837,0.007000000216066837,5002000,0.0,0.0,0.0
2015-08-19 00:00:00+08:00,0.007000000216066837,0.00800000037997961,0.007000000216066837,0.00800000037997961,5305000,0.0,0.0,0.0
2015-08-20 00:00:00+08:00,0.007000000216066837,0.007000000216066837,0.007000000216066837,0.007000000216066837,883000,0.0,0.0,0.0
2015-08-21 00:00:00+08:00,0.007000000216066837,0.007000000216066837,0.007000000216066837,0.007000000216066837,700000,0.0,0.0,0.0
2015-08-24 00:00:00+08:00,0.006000000052154064,0.006000000052154064,0.006000000052154064,0.006000000052154064,950000,0.0,0.0,0.0
2015-08-25 00:00:00+08:00,0.007000000216066837,0.00800000037997961,0.007000000216066837,0.007000000216066837,5801000,0.0,0.0,0.0
2015-08-26 00:00:00+08:00,0.007000000216066837,0.007000000216066837,0.007000000216066837,0.007000000216066837,0,0.0,0.0,0.0
2015-08-27 00:00:00+08:00,0.00800000037997961,0.00800000037997961,0.007000000216066837,0.007000000216066837,400000,0.0,0.0,0.0
2015-08-28 00:00:00+08:00,0.00800000037997961,0.00800000037997961,0.007000000216066837,0.007000000216066837,1669000,0.0,0.0,0.0
2015-08-31 00:00:00+08:00,0.00800000037997961,0.009999999776482582,0.00800000037997961,0.008999999612569809,4089000,0.0,0.0,0.0
2015-09-01 00:00:00+08:00,0.008999999612569809,0.008999999612569809,0.008999999612569809,0.008999999612569809,900000,0.0,0.0,0.0
2015-09-02 00:00:00+08:00,0.008999999612569809,0.008999999612569809,0.008999999612569809,0.008999999612569809,652000,0.0,0.0,0.0
2015-09-03 00:00:00+08:00,0.008999999612569809,0.009999999776482582,0.008999999612569809,0.009999999776482582,280000,0.0,0.0,0.0
2015-09-04 00:00:00+08:00,0.008999999612569809,0.008999999612569809,0.008999999612569809,0.008999999612569809,575000,0.0,0.0,0.0
2015-09-07 00:00:00+08:00,0.009999999776482582,0.009999999776482582,0.009999999776482582,0.009999999776482582,80000,0.0,0.0,0.0
2015-09-08 00:00:00+08:00,0.008999999612569809,0.008999999612569809,0.00800000037997961,0.008999999612569809,222100,0.0,0.0,0.0
2015-09-09 00:00:00+08:00,0.008999999612569809,0.008999999612569809,0.008999999612569809,0.008999999612569809,0,0.0,0.0,0.0
2015-09-10 00:00:00+08:00,0.009999999776482582,0.009999999776482582,0.009999999776482582,0.009999999776482582,2799000,0.0,0.0,0.0
2015-09-14 00:00:00+08:00,0.009999999776482582,0.009999999776482582,0.009999999776482582,0.009999999776482582,0,0.0,0.0,0.0
2015-09-15 00:00:00+08:00,0.009999999776482582,0.009999999776482582,0.009999999776482582,0.009999999776482582,0,0.0,0.0,0.0
2015-09-16 00:00:00+08:00,0.009999999776482582,0.009999999776482582,0.009999999776482582,0.009999999776482582,0,0.0,0.0,0.0
2015-09-17 00:00:00+08:00,0.009999999776482582,0.009999999776482582,0.009999999776482582,0.009999999776482582,100000,0.0,0.0,0.0
2015-09-18 00:00:00+08:00,0.009999999776482582,0.009999999776482582,0.009999999776482582,0.009999999776482582,300000,0.0,0.0,0.0
2015-09-21 00:00:00+08:00,0.009999999776482582,0.009999999776482582,0.008999999612569809,0.008999999612569809,1470000,0.0,0.0,0.0
2015-09-22 00:00:00+08:00,0.009999999776482582,0.009999999776482582,0.009999999776482582,0.009999999776482582,1070000,0.0,0.0,0.0
2015-09-23 00:00:00+08:00,0.009999999776482582,0.009999999776482582,0.009999999776482582,0.009999999776482582,480000,0.0,0.0,0.0
2015-09-25 00:00:00+08:00,0.009999999776482582,0.009999999776482582,0.009999999776482582,0.009999999776482582,0,0.0,0.0,0.0
2015-09-28 00:00:00+08:00,0.009999999776482582,0.009999999776482582,0.009999999776482582,0.009999999776482582,0,0.0,0.0,0.0
2015-09-29 00:00:00+08:00,0.009999999776482582,0.012000000104308128,0.009999999776482582,0.012000000104308128,7976100,0.0,0.0,0.0
2015-09-30 00:00:00+08:00,0.010999999940395355,0.010999999940395355,0.010999999940395355,0.010999999940395355,500000,0.0,0.0,0.0
2015-10-01 00:00:00+08:00,0.010999999940395355,0.010999999940395355,0.010999999940395355,0.010999999940395355,963000,0.0,0.0,0.0
2015-10-02 00:00:00+08:00,0.012000000104308128,0.014999999664723873,0.012000000104308128,0.013000000268220901,25452200,0.0,0.0,0.0
2015-10-05 00:00:00+08:00,0.013000000268220901,0.013000000268220901,0.013000000268220901,0.013000000268220901,2105000,0.0,0.0,0.0
2015-10-06 00:00:00+08:00,0.014000000432133675,0.014000000432133675,0.014000000432133675,0.014000000432133675,100,0.0,0.0,0.0
2015-10-07 00:00:00+08:00,0.014000000432133675,0.014000000432133675,0.013000000268220901,0.014000000432133675,6600900,0.0,0.0,0.0
2015-10-08 00:00:00+08:00,0.014000000432133675,0.014999999664723873,0.013000000268220901,0.014000000432133675,1647300,0.0,0.0,0.0
2015-10-09 00:00:00+08:00,0.013000000268220901,0.014999999664723873,0.013000000268220901,0.014000000432133675,1325100,0.0,0.0,0.0
2015-10-12 00:00:00+08:00,0.014000000432133675,0.014999999664723873,0.013000000268220901,0.014999999664723873,4552600,0.0,0.0,0.0
2015-10-13 00:00:00+08:00,0.014000000432133675,0.014999999664723873,0.013000000268220901,0.013000000268220901,3587000,0.0,0.0,0.0
2015-10-14 00:00:00+08:00,0.013000000268220901,0.014000000432133675,0.013000000268220901,0.014000000432133675,1255000,0.0,0.0,0.0
2015-10-15 00:00:00+08:00,0.014000000432133675,0.014999999664723873,0.014000000432133675,0.014000000432133675,696000,0.0,0.0,0.0
2015-10-16 00:00:00+08:00,0.014000000432133675,0.014999999664723873,0.014000000432133675,0.014000000432133675,390000,0.0,0.0,0.0
2015-10-19 00:00:00+08:00,0.014000000432133675,0.014000000432133675,0.013000000268220901,0.014000000432133675,1230000,0.0,0.0,0.0
2015-10-20 00:00:00+08:00,0.014000000432133675,0.014999999664723873,0.014000000432133675,0.014999999664723873,2005000,0.0,0.0,0.0
2015-10-21 00:00:00+08:00,0.014000000432133675,0.01600000075995922,0.014000000432133675,0.014999999664723873,6860200,0.0,0.0,0.0
2015-10-22 00:00:00+08:00,0.014999999664723873,0.01600000075995922,0.014999999664723873,0.014999999664723873,925100,0.0,0.0,0.0
2015-10-23 00:00:00+08:00,0.014999999664723873,0.01600000075995922,0.014999999664723873,0.01600000075995922,310000,0.0,0.0,0.0
2015-10-26 00:00:00+08:00,0.014999999664723873,0.014999999664723873,0.014000000432133675,0.014000000432133675,800000,0.0,0.0,0.0
2015-10-27 00:00:00+08:00,0.014999999664723873,0.014999999664723873,0.014000000432133675,0.014999999664723873,1011000,0.0,0.0,0.0
2015-10-28 00:00:00+08:00,0.013000000268220901,0.013000000268220901,0.013000000268220901,0.013000000268220901,700000,0.0,0.0,0.0
2015-10-29 00:00:00+08:00,0.013000000268220901,0.013000000268220901,0.013000000268220901,0.013000000268220901,460000,0.0,0.0,0.0
2015-10-30 00:00:00+08:00,0.013000000268220901,0.013000000268220901,0.013000000268220901,0.013000000268220901,0,0.0,0.0,0.0
2015-11-02 00:00:00+08:00,0.013000000268220901,0.014000000432133675,0.013000000268220901,0.014000000432133675,500000,0.0,0.0,0.0
2015-11-03 00:00:00+08:00,0.013000000268220901,0.014000000432133675,0.013000000268220901,0.014000000432133675,300000,0.0,0.0,0.0
2015-11-04 00:00:00+08:00,0.014000000432133675,0.014000000432133675,0.014000000432133675,0.014000000432133675,946000,0.0,0.0,0.0
2015-11-05 00:00:00+08:00,0.014000000432133675,0.014000000432133675,0.014000000432133675,0.014000000432133675,300000,0.0,0.0,0.0
2015-11-06 00:00:00+08:00,0.014000000432133675,0.014000000432133675,0.014000000432133675,0.014000000432133675,0,0.0,0.0,0.0
2015-11-09 00:00:00+08:00,0.013000000268220901,0.014000000432133675,0.013000000268220901,0.014000000432133675,300000,0.0,0.0,0.0
2015-11-11 00:00:00+08:00,0.014000000432133675,0.014000000432133675,0.014000000432133675,0.014000000432133675,350000,0.0,0.0,0.0
2015-11-12 00:00:00+08:00,0.014000000432133675,0.014999999664723873,0.014000000432133675,0.014999999664723873,790000,0.0,0.0,0.0
2015-11-13 00:00:00+08:00,0.014000000432133675,0.014999999664723873,0.014000000432133675,0.014999999664723873,360000,0.0,0.0,0.0
2015-11-16 00:00:00+08:00,0.014000000432133675,0.014999999664723873,0.014000000432133675,0.014999999664723873,310000,0.0,0.0,0.0
2015-11-17 00:00:00+08:00,0.013000000268220901,0.013000000268220901,0.013000000268220901,0.013000000268220901,200000,0.0,0.0,0.0
2015-11-18 00:00:00+08:00,0.014000000432133675,0.014999999664723873,0.013000000268220901,0.014000000432133675,590200,0.0,0.0,0.0
2015-11-19 00:00:00+08:00,0.013000000268220901,0.014000000432133675,0.013000000268220901,0.014000000432133675,9048900,0.0,0.0,0.0
2015-11-20 00:00:00+08:00,0.014000000432133675,0.014000000432133675,0.014000000432133675,0.014000000432133675,0,0.0,0.0,0.0
2015-11-23 00:00:00+08:00,0.014000000432133675,0.014000000432133675,0.014000000432133675,0.014000000432133675,0,0.0,0.0,0.0
2015-11-24 00:00:00+08:00,0.013000000268220901,0.013000000268220901,0.012000000104308128,0.012000000104308128,8142000,0.0,0.0,0.0
2015-11-25 00:00:00+08:00,0.013000000268220901,0.013000000268220901,0.013000000268220901,0.013000000268220901,10000,0.0,0.0,0.0
2015-11-26 00:00:00+08:00,0.013000000268220901,0.013000000268220901,0.013000000268220901,0.013000000268220901,0,0.0,0.0,0.0
2015-11-27 00:00:00+08:00,0.013000000268220901,0.013000000268220901,0.013000000268220901,0.013000000268220901,0,0.0,0.0,0.0
2015-11-30 00:00:00+08:00,0.012000000104308128,0.012000000104308128,0.012000000104308128,0.012000000104308128,70000,0.0,0.0,0.0
2015-12-01 00:00:00+08:00,0.010999999940395355,0.010999999940395355,0.010999999940395355,0.010999999940395355,1099000,0.0,0.0,0.0
2015-12-02 00:00:00+08:00,0.009999999776482582,0.009999999776482582,0.009999999776482582,0.009999999776482582,400000,0.0,0.0,0.0
2015-12-03 00:00:00+08:00,0.009999999776482582,0.009999999776482582,0.009999999776482582,0.009999999776482582,0,0.0,0.0,0.0
2015-12-04 00:00:00+08:00,0.009999999776482582,0.009999999776482582,0.009999999776482582,0.009999999776482582,500000,0.0,0.0,0.0
2015-12-07 00:00:00+08:00,0.009999999776482582,0.009999999776482582,0.009999999776482582,0.009999999776482582,1600000,0.0,0.0,0.0
2015-12-08 00:00:00+08:00,0.009999999776482582,0.009999999776482582,0.008999999612569809,0.008999999612569809,100000,0.0,0.0,0.0
2015-12-09 00:00:00+08:00,0.008999999612569809,0.008999999612569809,0.008999999612569809,0.008999999612569809,300000,0.0,0.0,0.0
2015-12-10 00:00:00+08:00,0.008999999612569809,0.009999999776482582,0.008999999612569809,0.009999999776482582,350000,0.0,0.0,0.0
2015-12-11 00:00:00+08:00,0.009999999776482582,0.009999999776482582,0.008999999612569809,0.009999999776482582,700100,0.0,0.0,0.0
2015-12-14 00:00:00+08:00,0.010999999940395355,0.010999999940395355,0.010999999940395355,0.010999999940395355,100000,0.0,0.0,0.0
2015-12-15 00:00:00+08:00,0.009999999776482582,0.012000000104308128,0.009999999776482582,0.012000000104308128,120000,0.0,0.0,0.0
2015-12-16 00:00:00+08:00,0.012000000104308128,0.012000000104308128,0.012000000104308128,0.012000000104308128,0,0.0,0.0,0.0
2015-12-17 00:00:00+08:00,0.012000000104308128,0.012000000104308128,0.012000000104308128,0.012000000104308128,0,0.0,0.0,0.0
2015-12-18 00:00:00+08:00,0.012000000104308128,0.012000000104308128,0.012000000104308128,0.012000000104308128,0,0.0,0.0,0.0
2015-12-21 00:00:00+08:00,0.009999999776482582,0.009999999776482582,0.009999999776482582,0.009999999776482582,494000,0.0,0.0,0.0
2015-12-22 00:00:00+08:00,0.009999999776482582,0.009999999776482582,0.009999999776482582,0.009999999776482582,0,0.0,0.0,0.0
2015-12-23 00:00:00+08:00,0.009999999776482582,0.009999999776482582,0.009999999776482582,0.009999999776482582,0,0.0,0.0,0.0
2015-12-24 00:00:00+08:00,0.009999999776482582,0.009999999776482582,0.009999999776482582,0.009999999776482582,0,0.0,0.0,0.0
2015-12-28 00:00:00+08:00,0.009999999776482582,0.009999999776482582,0.009999999776482582,0.009999999776482582,0,0.0,0.0,0.0
2015-12-29 00:00:00+08:00,0.009999999776482582,0.009999999776482582,0.009999999776482582,0.009999999776482582,600000,0.0,0.0,0.0
2015-12-30 00:00:00+08:00,0.009999999776482582,0.009999999776482582,0.009999999776482582,0.009999999776482582,2000000,0.0,0.0,0.0
2015-12-31 00:00:00+08:00,0.009999999776482582,0.009999999776482582,0.008999999612569809,0.008999999612569809,2365000,0.0,0.0,0.0
2016-01-04 00:00:00+08:00,0.009999999776482582,0.010999999940395355,0.009999999776482582,0.009999999776482582,3739000,0.0,0.0,0.0
2016-01-05 00:00:00+08:00,0.009999999776482582,0.010999999940395355,0.009999999776482582,0.010999999940395355,2633800,0.0,0.0,0.0
2016-01-06 00:00:00+08:00,0.009999999776482582,0.009999999776482582,0.009999999776482582,0.009999999776482582,100000,0.0,0.0,0.0
2016-01-07 00:00:00+08:00,0.008999999612569809,0.008999999612569809,0.008999999612569809,0.008999999612569809,3512900,0.0,0.0,0.0
2016-01-08 00:00:00+08:00,0.008999999612569809,0.008999999612569809,0.008999999612569809,0.008999999612569809,4078200,0.0,0.0,0.0
2016-01-11 00:00:00+08:00,0.008999999612569809,0.008999999612569809,0.008999999612569809,0.008999999612569809,0,0.0,0.0,0.0
2016-01-12 00:00:00+08:00,0.00800000037997961,0.00800000037997961,0.007000000216066837,0.00800000037997961,4912000,0.0,0.0,0.0
2016-01-13 00:00:00+08:00,0.00800000037997961,0.00800000037997961,0.00800000037997961,0.00800000037997961,927000,0.0,0.0,0.0
2016-01-14 00:00:00+08:00,0.00800000037997961,0.00800000037997961,0.00800000037997961,0.00800000037997961,0,0.0,0.0,0.0
2016-01-15 00:00:00+08:00,0.00800000037997961,0.00800000037997961,0.00800000037997961,0.00800000037997961,300000,0.0,0.0,0.0
2016-01-18 00:00:00+08:00,0.007000000216066837,0.00800000037997961,0.007000000216066837,0.00800000037997961,400000,0.0,0.0,0.0
2016-01-19 00:00:00+08:00,0.00800000037997961,0.00800000037997961,0.00800000037997961,0.00800000037997961,0,0.0,0.0,0.0
2016-01-20 00:00:00+08:00,0.00800000037997961,0.00800000037997961,0.00800000037997961,0.00800000037997961,0,0.0,0.0,0.0
2016-01-21 00:00:00+08:00,0.00800000037997961,0.00800000037997961,0.00800000037997961,0.00800000037997961,0,0.0,0.0,0.0
2016-01-22 00:00:00+08:00,0.00800000037997961,0.00800000037997961,0.00800000037997961,0.00800000037997961,0,0.0,0.0,0.0
2016-01-25 00:00:00+08:00,0.00800000037997961,0.00800000037997961,0.00800000037997961,0.00800000037997961,0,0.0,0.0,0.0
2016-01-26 00:00:00+08:00,0.00800000037997961,0.00800000037997961,0.00800000037997961,0.00800000037997961,0,0.0,0.0,0.0
2016-01-27 00:00:00+08:00,0.00800000037997961,0.00800000037997961,0.00800000037997961,0.00800000037997961,0,0.0,0.0,0.0
2016-01-28 00:00:00+08:00,0.00800000037997961,0.00800000037997961,0.00800000037997961,0.00800000037997961,100000,0.0,0.0,0.0
2016-01-29 00:00:00+08:00,0.00800000037997961,0.00800000037997961,0.00800000037997961,0.00800000037997961,0,0.0,0.0,0.0
2016-02-01 00:00:00+08:00,0.00800000037997961,0.00800000037997961,0.007000000216066837,0.007000000216066837,1350000,0.0,0.0,0.0
2016-02-02 00:00:00+08:00,0.00800000037997961,0.00800000037997961,0.007000000216066837,0.00800000037997961,1469000,0.0,0.0,0.0
2016-02-03 00:00:00+08:00,0.00800000037997961,0.00800000037997961,0.007000000216066837,0.00800000037997961,730000,0.0,0.0,0.0
2016-02-04 00:00:00+08:00,0.008999999612569809,0.008999999612569809,0.008999999612569809,0.008999999612569809,3000,0.0,0.0,0.0
2016-02-05 00:00:00+08:00,0.008999999612569809,0.008999999612569809,0.008999999612569809,0.008999999612569809,0,0.0,0.0,0.0
2016-02-10 00:00:00+08:00,0.008999999612569809,0.008999999612569809,0.008999999612569809,0.008999999612569809,0,0.0,0.0,0.0
2016-02-11 00:00:00+08:00,0.008999999612569809,0.008999999612569809,0.008999999612569809,0.008999999612569809,0,0.0,0.0,0.0
2016-02-12 00:00:00+08:00,0.008999999612569809,0.008999999612569809,0.008999999612569809,0.008999999612569809,0,0.0,0.0,0.0
2016-02-15 00:00:00+08:00,0.007000000216066837,0.007000000216066837,0.007000000216066837,0.007000000216066837,120000,0.0,0.0,0.0
2016-02-16 00:00:00+08:00,0.007000000216066837,0.007000000216066837,0.007000000216066837,0.007000000216066837,0,0.0,0.0,0.0
2016-02-17 00:00:00+08:00,0.007000000216066837,0.007000000216066837,0.006000000052154064,0.007000000216066837,4158000,0.0,0.0,0.0
2016-02-18 00:00:00+08:00,0.007000000216066837,0.007000000216066837,0.007000000216066837,0.007000000216066837,779500,0.0,0.0,0.0
2016-02-19 00:00:00+08:00,0.007000000216066837,0.007000000216066837,0.007000000216066837,0.007000000216066837,0,0.0,0.0,0.0
2016-02-22 00:00:00+08:00,0.007000000216066837,0.007000000216066837,0.007000000216066837,0.007000000216066837,100000,0.0,0.0,0.0
2016-02-23 00:00:00+08:00,0.007000000216066837,0.007000000216066837,0.007000000216066837,0.007000000216066837,1400000,0.0,0.0,0.0
2016-02-24 00:00:00+08:00,0.007000000216066837,0.007000000216066837,0.007000000216066837,0.007000000216066837,0,0.0,0.0,0.0
2016-02-25 00:00:00+08:00,0.007000000216066837,0.007000000216066837,0.007000000216066837,0.007000000216066837,0,0.0,0.0,0.0
2016-02-26 00:00:00+08:00,0.007000000216066837,0.007000000216066837,0.007000000216066837,0.007000000216066837,0,0.0,0.0,0.0
2016-02-29 00:00:00+08:00,0.006000000052154064,0.006000000052154064,0.006000000052154064,0.006000000052154064,5439000,0.0,0.0,0.0
2016-03-01 00:00:00+08:00,0.004999999888241291,0.006000000052154064,0.004999999888241291,0.006000000052154064,1200000,0.0,0.0,0.0
2016-03-02 00:00:00+08:00,0.004999999888241291,0.004999999888241291,0.004999999888241291,0.004999999888241291,15000,0.0,0.0,0.0
2016-03-03 00:00:00+08:00,0.006000000052154064,0.007000000216066837,0.006000000052154064,0.006000000052154064,2515100,0.0,0.0,0.0
2016-03-04 00:00:00+08:00,0.006000000052154064,0.006000000052154064,0.006000000052154064,0.006000000052154064,0,0.0,0.0,0.0
2016-03-07 00:00:00+08:00,0.007000000216066837,0.007000000216066837,0.007000000216066837,0.007000000216066837,4491400,0.0,0.0,0.0
2016-03-08 00:00:00+08:00,0.007000000216066837,0.007000000216066837,0.007000000216066837,0.007000000216066837,1877900,0.0,0.0,0.0
2016-03-09 00:00:00+08:00,0.007000000216066837,0.007000000216066837,0.007000000216066837,0.007000000216066837,0,0.0,0.0,0.0
2016-03-10 00:00:00+08:00,0.007000000216066837,0.007000000216066837,0.007000000216066837,0.007000000216066837,0,0.0,0.0,0.0
2016-03-11 00:00:00+08:00,0.007000000216066837,0.007000000216066837,0.007000000216066837,0.007000000216066837,600000,0.0,0.0,0.0
2016-03-14 00:00:00+08:00,0.007000000216066837,0.007000000216066837,0.007000000216066837,0.007000000216066837,0,0.0,0.0,0.0
2016-03-15 00:00:00+08:00,0.007000000216066837,0.007000000216066837,0.007000000216066837,0.007000000216066837,0,0.0,0.0,0.0
2016-03-16 00:00:00+08:00,0.007000000216066837,0.007000000216066837,0.007000000216066837,0.007000000216066837,0,0.0,0.0,0.0
2016-03-17 00:00:00+08:00,0.007000000216066837,0.007000000216066837,0.007000000216066837,0.007000000216066837,300000,0.0,0.0,0.0
2016-03-18 00:00:00+08:00,0.007000000216066837,0.007000000216066837,0.007000000216066837,0.007000000216066837,0,0.0,0.0,0.0
2016-03-21 00:00:00+08:00,0.007000000216066837,0.007000000216066837,0.007000000216066837,0.007000000216066837,700000,0.0,0.0,0.0
2016-03-22 00:00:00+08:00,0.007000000216066837,0.007000000216066837,0.007000000216066837,0.007000000216066837,0,0.0,0.0,0.0
2016-03-23 00:00:00+08:00,0.007000000216066837,0.007000000216066837,0.007000000216066837,0.007000000216066837,1200000,0.0,0.0,0.0
2016-03-24 00:00:00+08:00,0.007000000216066837,0.007000000216066837,0.007000000216066837,0.007000000216066837,0,0.0,0.0,0.0
2016-03-28 00:00:00+08:00,0.007000000216066837,0.007000000216066837,0.007000000216066837,0.007000000216066837,0,0.0,0.0,0.0
2016-03-29 00:00:00+08:00,0.00800000037997961,0.008999999612569809,0.007000000216066837,0.007000000216066837,3429000,0.0,0.0,0.0
2016-03-30 00:00:00+08:00,0.007000000216066837,0.007000000216066837,0.007000000216066837,0.007000000216066837,0,0.0,0.0,0.0
2016-03-31 00:00:00+08:00,0.007000000216066837,0.007000000216066837,0.007000000216066837,0.007000000216066837,0,0.0,0.0,0.0
2016-04-01 00:00:00+08:00,0.007000000216066837,0.007000000216066837,0.007000000216066837,0.007000000216066837,0,0.0,0.0,0.0
2016-04-04 00:00:00+08:00,0.007000000216066837,0.007000000216066837,0.007000000216066837,0.007000000216066837,0,0.0,0.0,0.0
2016-04-05 00:00:00+08:00,0.007000000216066837,0.007000000216066837,0.007000000216066837,0.007000000216066837,285000,0.0,0.0,0.0
2016-04-06 00:00:00+08:00,0.007000000216066837,0.007000000216066837,0.007000000216066837,0.007000000216066837,7825000,0.0,0.0,0.0
2016-04-07 00:00:00+08:00,0.00800000037997961,0.00800000037997961,0.00800000037997961,0.00800000037997961,4280000,0.0,0.0,0.0
2016-04-08 00:00:00+08:00,0.00800000037997961,0.00800000037997961,0.00800000037997961,0.00800000037997961,300000,0.0,0.0,0.0
2016-04-11 00:00:00+08:00,0.00800000037997961,0.00800000037997961,0.00800000037997961,0.00800000037997961,0,0.0,0.0,0.0
2016-04-12 00:00:00+08:00,0.007000000216066837,0.00800000037997961,0.007000000216066837,0.00800000037997961,970000,0.0,0.0,0.0
2016-04-13 00:00:00+08:00,0.00800000037997961,0.00800000037997961,0.00800000037997961,0.00800000037997961,0,0.0,0.0,0.0
2016-04-14 00:00:00+08:00,0.00800000037997961,0.00800000037997961,0.00800000037997961,0.00800000037997961,0,0.0,0.0,0.0
2016-04-15 00:00:00+08:00,0.00800000037997961,0.00800000037997961,0.00800000037997961,0.00800000037997961,0,0.0,0.0,0.0
2016-04-18 00:00:00+08:00,0.00800000037997961,0.00800000037997961,0.00800000037997961,0.00800000037997961,0,0.0,0.0,0.0
2016-04-19 00:00:00+08:00,0.00800000037997961,0.00800000037997961,0.00800000037997961,0.00800000037997961,0,0.0,0.0,0.0
2016-04-20 00:00:00+08:00,0.00800000037997961,0.00800000037997961,0.00800000037997961,0.00800000037997961,0,0.0,0.0,0.0
2016-04-21 00:00:00+08:00,0.00800000037997961,0.008999999612569809,0.00800000037997961,0.00800000037997961,1710200,0.0,0.0,0.0
2016-04-22 00:00:00+08:00,0.007000000216066837,0.008999999612569809,0.007000000216066837,0.008999999612569809,200,0.0,0.0,0.0
2016-04-25 00:00:00+08:00,0.008999999612569809,0.008999999612569809,0.008999999612569809,0.008999999612569809,100,0.0,0.0,0.0
2016-04-26 00:00:00+08:00,0.008999999612569809,0.008999999612569809,0.008999999612569809,0.008999999612569809,100,0.0,0.0,0.0
2016-04-27 00:00:00+08:00,0.008999999612569809,0.008999999612569809,0.007000000216066837,0.007000000216066837,200,0.0,0.0,0.0
2016-04-28 00:00:00+08:00,0.008999999612569809,0.008999999612569809,0.007000000216066837,0.007000000216066837,200,0.0,0.0,0.0
2016-04-29 00:00:00+08:00,0.00800000037997961,0.00800000037997961,0.007000000216066837,0.007000000216066837,350000,0.0,0.0,0.0
2016-05-03 00:00:00+08:00,0.007000000216066837,0.007000000216066837,0.007000000216066837,0.007000000216066837,0,0.0,0.0,0.0
2016-05-04 00:00:00+08:00,0.007000000216066837,0.007000000216066837,0.007000000216066837,0.007000000216066837,100,0.0,0.0,0.0
2016-05-05 00:00:00+08:00,0.007000000216066837,0.007000000216066837,0.007000000216066837,0.007000000216066837,0,0.0,0.0,0.0
2016-05-06 00:00:00+08:00,0.007000000216066837,0.007000000216066837,0.007000000216066837,0.007000000216066837,0,0.0,0.0,0.0
2016-05-09 00:00:00+08:00,0.007000000216066837,0.007000000216066837,0.007000000216066837,0.007000000216066837,100,0.0,0.0,0.0
2016-05-10 00:00:00+08:00,0.007000000216066837,0.007000000216066837,0.007000000216066837,0.007000000216066837,2529000,0.0,0.0,0.0
2016-05-11 00:00:00+08:00,0.007000000216066837,0.007000000216066837,0.007000000216066837,0.007000000216066837,50400,0.0,0.0,0.0
2016-05-12 00:00:00+08:00,0.007000000216066837,0.007000000216066837,0.007000000216066837,0.007000000216066837,0,0.0,0.0,0.0
2016-05-13 00:00:00+08:00,0.00800000037997961,0.00800000037997961,0.007000000216066837,0.007000000216066837,300,0.0,0.0,0.0
2016-05-16 00:00:00+08:00,0.00800000037997961,0.009999999776482582,0.00800000037997961,0.008999999612569809,18108600,0.0,0.0,0.0
2016-05-17 00:00:00+08:00,0.008999999612569809,0.008999999612569809,0.00800000037997961,0.00800000037997961,2405000,0.0,0.0,0.0
2016-05-18 00:00:00+08:00,0.00800000037997961,0.00800000037997961,0.00800000037997961,0.00800000037997961,2640000,0.0,0.0,0.0
2016-05-19 00:00:00+08:00,0.00800000037997961,0.00800000037997961,0.00800000037997961,0.00800000037997961,1050000,0.0,0.0,0.0
2016-05-20 00:00:00+08:00,0.007000000216066837,0.007000000216066837,0.007000000216066837,0.007000000216066837,200000,0.0,0.0,0.0
2016-05-23 00:00:00+08:00,0.007000000216066837,0.00800000037997961,0.007000000216066837,0.007000000216066837,900100,0.0,0.0,0.0
2016-05-24 00:00:00+08:00,0.007000000216066837,0.007000000216066837,0.007000000216066837,0.007000000216066837,3874400,0.0,0.0,0.0
2016-05-25 00:00:00+08:00,0.007000000216066837,0.007000000216066837,0.007000000216066837,0.007000000216066837,0,0.0,0.0,0.0
2016-05-26 00:00:00+08:00,0.007000000216066837,0.007000000216066837,0.007000000216066837,0.007000000216066837,0,0.0,0.0,0.0
2016-05-27 00:00:00+08:00,0.007000000216066837,0.007000000216066837,0.007000000216066837,0.007000000216066837,0,0.0,0.0,0.0
2016-05-30 00:00:00+08:00,0.007000000216066837,0.007000000216066837,0.007000000216066837,0.007000000216066837,0,0.0,0.0,0.0
2016-05-31 00:00:00+08:00,0.006000000052154064,0.006000000052154064,0.006000000052154064,0.006000000052154064,25000,0.0,0.0,0.0
2016-06-01 00:00:00+08:00,0.006000000052154064,0.006000000052154064,0.006000000052154064,0.006000000052154064,0,0.0,0.0,0.0
2016-06-02 00:00:00+08:00,0.006000000052154064,0.006000000052154064,0.006000000052154064,0.006000000052154064,0,0.0,0.0,0.0
2016-06-03 00:00:00+08:00,0.006000000052154064,0.006000000052154064,0.006000000052154064,0.006000000052154064,0,0.0,0.0,0.0
2016-06-06 00:00:00+08:00,0.006000000052154064,0.006000000052154064,0.006000000052154064,0.006000000052154064,0,0.0,0.0,0.0
2016-06-07 00:00:00+08:00,0.006000000052154064,0.006000000052154064,0.006000000052154064,0.006000000052154064,0,0.0,0.0,0.0
2016-06-08 00:00:00+08:00,0.006000000052154064,0.006000000052154064,0.006000000052154064,0.006000000052154064,0,0.0,0.0,0.0
2016-06-09 00:00:00+08:00,0.00800000037997961,0.00800000037997961,0.006000000052154064,0.006000000052154064,200,0.0,0.0,0.0
2016-06-10 00:00:00+08:00,0.006000000052154064,0.006000000052154064,0.006000000052154064,0.006000000052154064,0,0.0,0.0,0.0
2016-06-13 00:00:00+08:00,0.007000000216066837,0.007000000216066837,0.007000000216066837,0.007000000216066837,150000,0.0,0.0,0.0
2016-06-14 00:00:00+08:00,0.007000000216066837,0.007000000216066837,0.007000000216066837,0.007000000216066837,0,0.0,0.0,0.0
2016-06-15 00:00:00+08:00,0.007000000216066837,0.007000000216066837,0.007000000216066837,0.007000000216066837,541200,0.0,0.0,0.0
2016-06-16 00:00:00+08:00,0.007000000216066837,0.007000000216066837,0.007000000216066837,0.007000000216066837,0,0.0,0.0,0.0
2016-06-17 00:00:00+08:00,0.00800000037997961,0.00800000037997961,0.00800000037997961,0.00800000037997961,200,0.0,0.0,0.0
2016-06-20 00:00:00+08:00,0.00800000037997961,0.00800000037997961,0.00800000037997961,0.00800000037997961,0,0.0,0.0,0.0
2016-06-21 00:00:00+08:00,0.00800000037997961,0.00800000037997961,0.00800000037997961,0.00800000037997961,0,0.0,0.0,0.0
2016-06-22 00:00:00+08:00,0.00800000037997961,0.00800000037997961,0.00800000037997961,0.00800000037997961,100,0.0,0.0,0.0
2016-06-23 00:00:00+08:00,0.00800000037997961,0.00800000037997961,0.006000000052154064,0.006000000052154064,200,0.0,0.0,0.0
2016-06-24 00:00:00+08:00,0.00800000037997961,0.00800000037997961,0.00800000037997961,0.00800000037997961,100,0.0,0.0,0.0
2016-06-27 00:00:00+08:00,0.00800000037997961,0.00800000037997961,0.00800000037997961,0.00800000037997961,0,0.0,0.0,0.0
2016-06-28 00:00:00+08:00,0.00800000037997961,0.00800000037997961,0.00800000037997961,0.00800000037997961,0,0.0,0.0,0.0
2016-06-29 00:00:00+08:00,0.00800000037997961,0.00800000037997961,0.007000000216066837,0.007000000216066837,200000,0.0,0.0,0.0
2016-06-30 00:00:00+08:00,0.007000000216066837,0.007000000216066837,0.007000000216066837,0.007000000216066837,0,0.0,0.0,0.0
2016-07-01 00:00:00+08:00,0.00800000037997961,0.00800000037997961,0.006000000052154064,0.006000000052154064,200,0.0,0.0,0.0
2016-07-04 00:00:00+08:00,0.008999999612569809,0.008999999612569809,0.006000000052154064,0.006000000052154064,200,0.0,0.0,0.0
2016-07-05 00:00:00+08:00,0.006000000052154064,0.008999999612569809,0.006000000052154064,0.008999999612569809,120100,0.0,0.0,0.0
2016-07-07 00:00:00+08:00,0.006000000052154064,0.00800000037997961,0.006000000052154064,0.00800000037997961,76900,0.0,0.0,0.0
2016-07-08 00:00:00+08:00,0.008999999612569809,0.008999999612569809,0.008999999612569809,0.008999999612569809,100,0.0,0.0,0.0
2016-07-11 00:00:00+08:00,0.007000000216066837,0.008999999612569809,0.006000000052154064,0.008999999612569809,905000,0.0,0.0,0.0
2016-07-12 00:00:00+08:00,0.008999999612569809,0.008999999612569809,0.008999999612569809,0.008999999612569809,100,0.0,0.0,0.0
2016-07-13 00:00:00+08:00,0.008999999612569809,0.008999999612569809,0.007000000216066837,0.007000000216066837,200,0.0,0.0,0.0
2016-07-14 00:00:00+08:00,0.006000000052154064,0.008999999612569809,0.006000000052154064,0.008999999612569809,200,0.0,0.0,0.0
2016-07-15 00:00:00+08:00,0.008999999612569809,0.008999999612569809,0.006000000052154064,0.006000000052154064,200,0.0,0.0,0.0
2016-07-18 00:00:00+08:00,0.008999999612569809,0.008999999612569809,0.006000000052154064,0.006000000052154064,200,0.0,0.0,0.0
2016-07-19 00:00:00+08:00,0.008999999612569809,0.008999999612569809,0.006000000052154064,0.00800000037997961,31300,0.0,0.0,0.0
2016-07-20 00:00:00+08:00,0.006000000052154064,0.00800000037997961,0.006000000052154064,0.00800000037997961,2000,0.0,0.0,0.0
2016-07-21 00:00:00+08:00,0.006000000052154064,0.008999999612569809,0.006000000052154064,0.007000000216066837,136600,0.0,0.0,0.0
2016-07-22 00:00:00+08:00,0.006000000052154064,0.008999999612569809,0.006000000052154064,0.008999999612569809,201900,0.0,0.0,0.0
2016-07-25 00:00:00+08:00,0.008999999612569809,0.008999999612569809,0.006000000052154064,0.006000000052154064,173000,0.0,0.0,0.0
2016-07-26 00:00:00+08:00,0.007000000216066837,0.007000000216066837,0.007000000216066837,0.007000000216066837,172900,0.0,0.0,0.0
2016-07-27 00:00:00+08:00,0.006000000052154064,0.008999999612569809,0.006000000052154064,0.008999999612569809,88200,0.0,0.0,0.0
2016-07-28 00:00:00+08:00,0.008999999612569809,0.008999999612569809,0.008999999612569809,0.008999999612569809,0,0.0,0.0,0.0
2016-07-29 00:00:00+08:00,0.006000000052154064,0.006000000052154064,0.006000000052154064,0.006000000052154064,20000,0.0,0.0,0.0
2016-08-01 00:00:00+08:00,0.00800000037997961,0.008999999612569809,0.006000000052154064,0.006000000052154064,2310200,0.0,0.0,0.0
2016-08-02 00:00:00+08:00,0.006000000052154064,0.00800000037997961,0.006000000052154064,0.007000000216066837,3433300,0.0,0.0,0.0
2016-08-03 00:00:00+08:00,0.006000000052154064,0.007000000216066837,0.006000000052154064,0.007000000216066837,626200,0.0,0.0,0.0
2016-08-04 00:00:00+08:00,0.00800000037997961,0.00800000037997961,0.00800000037997961,0.00800000037997961,1309700,0.0,0.0,0.0
2016-08-05 00:00:00+08:00,0.00800000037997961,0.008999999612569809,0.007000000216066837,0.00800000037997961,1500200,0.0,0.0,0.0
2016-08-08 00:00:00+08:00,0.007000000216066837,0.008999999612569809,0.007000000216066837,0.00800000037997961,3300200,0.0,0.0,0.0
2016-08-10 00:00:00+08:00,0.008999999612569809,0.008999999612569809,0.007000000216066837,0.007000000216066837,200,0.0,0.0,0.0
2016-08-11 00:00:00+08:00,0.00800000037997961,0.00800000037997961,0.006000000052154064,0.006000000052154064,500100,0.0,0.0,0.0
2016-08-12 00:00:00+08:00,0.007000000216066837,0.008999999612569809,0.007000000216066837,0.008999999612569809,100100,0.0,0.0,0.0
2016-08-15 00:00:00+08:00,0.006000000052154064,0.008999999612569809,0.006000000052154064,0.00800000037997961,600100,0.0,0.0,0.0
2016-08-16 00:00:00+08:00,0.006000000052154064,0.008999999612569809,0.006000000052154064,0.008999999612569809,200,0.0,0.0,0.0
2016-08-17 00:00:00+08:00,0.007000000216066837,0.008999999612569809,0.007000000216066837,0.008999999612569809,200,0.0,0.0,0.0
2016-08-18 00:00:00+08:00,0.009999999776482582,0.009999999776482582,0.009999999776482582,0.009999999776482582,100,0.0,0.0,0.0
2016-08-19 00:00:00+08:00,0.009999999776482582,0.009999999776482582,0.00800000037997961,0.00800000037997961,3350000,0.0,0.0,0.0
2016-08-22 00:00:00+08:00,0.007000000216066837,0.008999999612569809,0.007000000216066837,0.00800000037997961,200200,0.0,0.0,0.0
2016-08-23 00:00:00+08:00,0.007000000216066837,0.008999999612569809,0.007000000216066837,0.00800000037997961,19927600,0.0,0.0,0.0
2016-08-24 00:00:00+08:00,0.008999999612569809,0.008999999612569809,0.007000000216066837,0.007000000216066837,3550200,0.0,0.0,0.0
2016-08-25 00:00:00+08:00,0.007000000216066837,0.008999999612569809,0.007000000216066837,0.00800000037997961,300200,0.0,0.0,0.0
2016-08-26 00:00:00+08:00,0.00800000037997961,0.008999999612569809,0.007000000216066837,0.007000000216066837,300200,0.0,0.0,0.0
2016-08-29 00:00:00+08:00,0.008999999612569809,0.008999999612569809,0.007000000216066837,0.007000000216066837,200,0.0,0.0,0.0
2016-08-30 00:00:00+08:00,0.007000000216066837,0.00800000037997961,0.007000000216066837,0.007000000216066837,3174100,0.0,0.0,0.0
2016-08-31 00:00:00+08:00,0.006000000052154064,0.00800000037997961,0.006000000052154064,0.00800000037997961,225300,0.0,0.0,0.0
2016-09-01 00:00:00+08:00,0.00800000037997961,0.00800000037997961,0.006000000052154064,0.00800000037997961,1435900,0.0,0.0,0.0
2016-09-02 00:00:00+08:00,0.008999999612569809,0.008999999612569809,0.007000000216066837,0.007000000216066837,200,0.0,0.0,0.0
2016-09-05 00:00:00+08:00,0.006000000052154064,0.00800000037997961,0.006000000052154064,0.007000000216066837,2310300,0.0,0.0,0.0
2016-09-06 00:00:00+08:00,0.006000000052154064,0.007000000216066837,0.006000000052154064,0.006000000052154064,219100,0.0,0.0,0.0
2016-09-07 00:00:00+08:00,0.006000000052154064,0.00800000037997961,0.006000000052154064,0.00800000037997961,200,0.0,0.0,0.0
2016-09-08 00:00:00+08:00,0.00800000037997961,0.00800000037997961,0.00800000037997961,0.00800000037997961,100,0.0,0.0,0.0
2016-09-09 00:00:00+08:00,0.00800000037997961,0.00800000037997961,0.007000000216066837,0.00800000037997961,50200,0.0,0.0,0.0
2016-09-13 00:00:00+08:00,0.00800000037997961,0.00800000037997961,0.006000000052154064,0.006000000052154064,200,0.0,0.0,0.0
2016-09-14 00:00:00+08:00,0.007000000216066837,0.008999999612569809,0.006000000052154064,0.00800000037997961,4450400,0.0,0.0,0.0
2016-09-15 00:00:00+08:00,0.009999999776482582,0.009999999776482582,0.007000000216066837,0.008999999612569809,781200,0.0,0.0,0.0
2016-09-16 00:00:00+08:00,0.008999999612569809,0.008999999612569809,0.007000000216066837,0.007000000216066837,200,0.0,0.0,0.0
2016-09-19 00:00:00+08:00,0.008999999612569809,0.008999999612569809,0.007000000216066837,0.007000000216066837,100100,0.0,0.0,0.0
2016-09-20 00:00:00+08:00,0.009999999776482582,0.009999999776482582,0.007000000216066837,0.007000000216066837,300,0.0,0.0,0.0
2016-09-21 00:00:00+08:00,0.007000000216066837,0.008999999612569809,0.007000000216066837,0.008999999612569809,200,0.0,0.0,0.0
2016-09-22 00:00:00+08:00,0.007000000216066837,0.007000000216066837,0.007000000216066837,0.007000000216066837,100,0.0,0.0,0.0
2016-09-23 00:00:00+08:00,0.007000000216066837,0.008999999612569809,0.007000000216066837,0.008999999612569809,200,0.0,0.0,0.0
2016-09-26 00:00:00+08:00,0.007000000216066837,0.007000000216066837,0.007000000216066837,0.007000000216066837,100,0.0,0.0,0.0
2016-09-27 00:00:00+08:00,0.009999999776482582,0.009999999776482582,0.007000000216066837,0.007000000216066837,200,0.0,0.0,0.0
2016-09-28 00:00:00+08:00,0.007000000216066837,0.009999999776482582,0.007000000216066837,0.009999999776482582,200,0.0,0.0,0.0
2016-09-29 00:00:00+08:00,0.009999999776482582,0.009999999776482582,0.007000000216066837,0.007000000216066837,50100,0.0,0.0,0.0
2016-09-30 00:00:00+08:00,0.009999999776482582,0.009999999776482582,0.007000000216066837,0.007000000216066837,200,0.0,0.0,0.0
2016-10-03 00:00:00+08:00,0.010999999940395355,0.010999999940395355,0.00800000037997961,0.00800000037997961,1520300,0.0,0.0,0.0
2016-10-04 00:00:00+08:00,0.007000000216066837,0.008999999612569809,0.007000000216066837,0.00800000037997961,1300200,0.0,0.0,0.0
2016-10-05 00:00:00+08:00,0.007000000216066837,0.009999999776482582,0.007000000216066837,0.008999999612569809,1450300,0.0,0.0,0.0
2016-10-06 00:00:00+08:00,0.007000000216066837,0.009999999776482582,0.007000000216066837,0.009999999776482582,200,0.0,0.0,0.0
2016-10-07 00:00:00+08:00,0.007000000216066837,0.014000000432133675,0.007000000216066837,0.013000000268220901,28863700,0.0,0.0,0.0
2016-10-10 00:00:00+08:00,0.014000000432133675,0.014000000432133675,0.010999999940395355,0.013000000268220901,8364000,0.0,0.0,0.0
2016-10-11 00:00:00+08:00,0.014000000432133675,0.014999999664723873,0.013000000268220901,0.014999999664723873,6801000,0.0,0.0,0.0
2016-10-12 00:00:00+08:00,0.014000000432133675,0.017999999225139618,0.014000000432133675,0.017999999225139618,15535500,0.0,0.0,0.0
2016-10-13 00:00:00+08:00,0.017999999225139618,0.020999999716877937,0.017000000923871994,0.01899999938905239,24208600,0.0,0.0,0.0
2016-10-14 00:00:00+08:00,0.017000000923871994,0.01899999938905239,0.017000000923871994,0.017999999225139618,3322600,0.0,0.0,0.0
2016-10-17 00:00:00+08:00,0.01899999938905239,0.01899999938905239,0.01600000075995922,0.017000000923871994,4635200,0.0,0.0,0.0
2016-10-18 00:00:00+08:00,0.01600000075995922,0.017999999225139618,0.01600000075995922,0.017000000923871994,4072000,0.0,0.0,0.0
2016-10-19 00:00:00+08:00,0.017000000923871994,0.017999999225139618,0.01600000075995922,0.01600000075995922,2385400,0.0,0.0,0.0
2016-10-20 00:00:00+08:00,0.01600000075995922,0.017000000923871994,0.014000000432133675,0.014999999664723873,7922400,0.0,0.0,0.0
2016-10-21 00:00:00+08:00,0.014000000432133675,0.014000000432133675,0.014000000432133675,0.014000000432133675,3814300,0.0,0.0,0.0
2016-10-24 00:00:00+08:00,0.014000000432133675,0.014999999664723873,0.014000000432133675,0.014000000432133675,2268100,0.0,0.0,0.0
2016-10-25 00:00:00+08:00,0.014000000432133675,0.014999999664723873,0.013000000268220901,0.013000000268220901,3064000,0.0,0.0,0.0
2016-10-26 00:00:00+08:00,0.013000000268220901,0.014999999664723873,0.013000000268220901,0.014999999664723873,1193000,0.0,0.0,0.0
2016-10-27 00:00:00+08:00,0.014999999664723873,0.017000000923871994,0.014999999664723873,0.01600000075995922,6169900,0.0,0.0,0.0
2016-10-28 00:00:00+08:00,0.017000000923871994,0.017000000923871994,0.014000000432133675,0.014000000432133675,235200,0.0,0.0,0.0
2016-10-31 00:00:00+08:00,0.014000000432133675,0.01600000075995922,0.014000000432133675,0.014000000432133675,967100,0.0,0.0,0.0
2016-11-01 00:00:00+08:00,0.014999999664723873,0.017000000923871994,0.013000000268220901,0.01600000075995922,1917200,0.0,0.0,0.0
2016-11-02 00:00:00+08:00,0.017000000923871994,0.017999999225139618,0.014000000432133675,0.017999999225139618,1934000,0.0,0.0,0.0
2016-11-03 00:00:00+08:00,0.017999999225139618,0.017999999225139618,0.01600000075995922,0.017999999225139618,401000,0.0,0.0,0.0
2016-11-04 00:00:00+08:00,0.017999999225139618,0.017999999225139618,0.01600000075995922,0.017999999225139618,3350000,0.0,0.0,0.0
2016-11-07 00:00:00+08:00,0.017999999225139618,0.01899999938905239,0.017999999225139618,0.017999999225139618,2719100,0.0,0.0,0.0
2016-11-08 00:00:00+08:00,0.017999999225139618,0.01899999938905239,0.017999999225139618,0.01899999938905239,1044600,0.0,0.0,0.0
2016-11-09 00:00:00+08:00,0.019999999552965164,0.019999999552965164,0.017000000923871994,0.019999999552965164,1860300,0.0,0.0,0.0
2016-11-10 00:00:00+08:00,0.019999999552965164,0.020999999716877937,0.017999999225139618,0.020999999716877937,7157000,0.0,0.0,0.0
2016-11-11 00:00:00+08:00,0.020999999716877937,0.020999999716877937,0.01899999938905239,0.01899999938905239,755200,0.0,0.0,0.0
2016-11-14 00:00:00+08:00,0.01899999938905239,0.019999999552965164,0.01899999938905239,0.01899999938905239,1200200,0.0,0.0,0.0
2016-11-15 00:00:00+08:00,0.019999999552965164,0.019999999552965164,0.017000000923871994,0.017999999225139618,1300200,0.0,0.0,0.0
2016-11-16 00:00:00+08:00,0.017999999225139618,0.01899999938905239,0.01600000075995922,0.01899999938905239,3946000,0.0,0.0,0.0
2016-11-17 00:00:00+08:00,0.019999999552965164,0.020999999716877937,0.017999999225139618,0.01899999938905239,7552700,0.0,0.0,0.0
2016-11-18 00:00:00+08:00,0.019999999552965164,0.024000000208616257,0.01899999938905239,0.024000000208616257,21795000,0.0,0.0,0.0
2016-11-21 00:00:00+08:00,0.024000000208616257,0.02800000086426735,0.024000000208616257,0.026000000536441803,29385600,0.0,0.0,0.0
2016-11-22 00:00:00+08:00,0.027000000700354576,0.02800000086426735,0.02500000037252903,0.027000000700354576,16651100,0.0,0.0,0.0
2016-11-23 00:00:00+08:00,0.027000000700354576,0.02800000086426735,0.027000000700354576,0.027000000700354576,4063000,0.0,0.0,0.0
2016-11-24 00:00:00+08:00,0.027000000700354576,0.029999999329447746,0.027000000700354576,0.028999999165534973,12676600,0.0,0.0,0.0
2016-11-25 00:00:00+08:00,0.028999999165534973,0.028999999165534973,0.027000000700354576,0.02800000086426735,16867900,0.0,0.0,0.0
2016-11-28 00:00:00+08:00,0.02800000086426735,0.028999999165534973,0.02800000086426735,0.02800000086426735,6453100,0.0,0.0,0.0
2016-11-29 00:00:00+08:00,0.027000000700354576,0.028999999165534973,0.027000000700354576,0.02800000086426735,5916000,0.0,0.0,0.0
2016-11-30 00:00:00+08:00,0.02800000086426735,0.02800000086426735,0.02800000086426735,0.02800000086426735,3705000,0.0,0.0,0.0
2016-12-01 00:00:00+08:00,0.02800000086426735,0.02800000086426735,0.027000000700354576,0.027000000700354576,4030000,0.0,0.0,0.0
2016-12-02 00:00:00+08:00,0.027000000700354576,0.02800000086426735,0.027000000700354576,0.027000000700354576,3800100,0.0,0.0,0.0
2016-12-05 00:00:00+08:00,0.02800000086426735,0.028999999165534973,0.027000000700354576,0.028999999165534973,3840900,0.0,0.0,0.0
2016-12-06 00:00:00+08:00,0.02800000086426735,0.028999999165534973,0.02800000086426735,0.02800000086426735,4855000,0.0,0.0,0.0
2016-12-07 00:00:00+08:00,0.028999999165534973,0.03099999949336052,0.02800000086426735,0.029999999329447746,5287000,0.0,0.0,0.0
2016-12-08 00:00:00+08:00,0.029999999329447746,0.03200000151991844,0.029999999329447746,0.03099999949336052,8081900,0.0,0.0,0.0
2016-12-09 00:00:00+08:00,0.03099999949336052,0.03099999949336052,0.029999999329447746,0.029999999329447746,1512100,0.0,0.0,0.0
2016-12-12 00:00:00+08:00,0.029999999329447746,0.029999999329447746,0.028999999165534973,0.028999999165534973,5602000,0.0,0.0,0.0
2016-12-13 00:00:00+08:00,0.02800000086426735,0.028999999165534973,0.02800000086426735,0.02800000086426735,2651000,0.0,0.0,0.0
2016-12-14 00:00:00+08:00,0.02800000086426735,0.02800000086426735,0.02800000086426735,0.02800000086426735,1990000,0.0,0.0,0.0
2016-12-15 00:00:00+08:00,0.02800000086426735,0.029999999329447746,0.02800000086426735,0.029999999329447746,2848000,0.0,0.0,0.0
2016-12-16 00:00:00+08:00,0.029999999329447746,0.029999999329447746,0.02800000086426735,0.02800000086426735,1580000,0.0,0.0,0.0
2016-12-19 00:00:00+08:00,0.028999999165534973,0.028999999165534973,0.028999999165534973,0.028999999165534973,4060100,0.0,0.0,0.0
2016-12-20 00:00:00+08:00,0.029999999329447746,0.029999999329447746,0.028999999165534973,0.029999999329447746,4288800,0.0,0.0,0.0
2016-12-21 00:00:00+08:00,0.029999999329447746,0.03099999949336052,0.029999999329447746,0.029999999329447746,7140000,0.0,0.0,0.0
2016-12-22 00:00:00+08:00,0.029999999329447746,0.03200000151991844,0.029999999329447746,0.03099999949336052,5947000,0.0,0.0,0.0
2016-12-23 00:00:00+08:00,0.029999999329447746,0.029999999329447746,0.029999999329447746,0.029999999329447746,4842500,0.0,0.0,0.0
2016-12-27 00:00:00+08:00,0.03099999949336052,0.03099999949336052,0.029999999329447746,0.029999999329447746,211500,0.0,0.0,0.0
2016-12-28 00:00:00+08:00,0.029999999329447746,0.029999999329447746,0.029999999329447746,0.029999999329447746,561000,0.0,0.0,0.0
2016-12-29 00:00:00+08:00,0.029999999329447746,0.03099999949336052,0.029999999329447746,0.029999999329447746,2100000,0.0,0.0,0.0
2016-12-30 00:00:00+08:00,0.029999999329447746,0.029999999329447746,0.029999999329447746,0.029999999329447746,2399000,0.0,0.0,0.0
2017-01-03 00:00:00+08:00,0.029999999329447746,0.029999999329447746,0.029999999329447746,0.029999999329447746,1030000,0.0,0.0,0.0
2017-01-04 00:00:00+08:00,0.028999999165534973,0.029999999329447746,0.028999999165534973,0.029999999329447746,1440000,0.0,0.0,0.0
2017-01-05 00:00:00+08:00,0.029999999329447746,0.029999999329447746,0.029999999329447746,0.029999999329447746,1880900,0.0,0.0,0.0
2017-01-06 00:00:00+08:00,0.029999999329447746,0.029999999329447746,0.029999999329447746,0.029999999329447746,100000,0.0,0.0,0.0
2017-01-09 00:00:00+08:00,0.029999999329447746,0.03099999949336052,0.029999999329447746,0.029999999329447746,1561300,0.0,0.0,0.0
2017-01-10 00:00:00+08:00,0.029999999329447746,0.029999999329447746,0.029999999329447746,0.029999999329447746,1809000,0.0,0.0,0.0
2017-01-11 00:00:00+08:00,0.029999999329447746,0.03099999949336052,0.029999999329447746,0.029999999329447746,1478300,0.0,0.0,0.0
2017-01-12 00:00:00+08:00,0.029999999329447746,0.029999999329447746,0.029999999329447746,0.029999999329447746,300000,0.0,0.0,0.0
2017-01-13 00:00:00+08:00,0.029999999329447746,0.03099999949336052,0.029999999329447746,0.029999999329447746,430100,0.0,0.0,0.0
2017-01-16 00:00:00+08:00,0.029999999329447746,0.029999999329447746,0.028999999165534973,0.028999999165534973,1200000,0.0,0.0,0.0
2017-01-17 00:00:00+08:00,0.028999999165534973,0.028999999165534973,0.028999999165534973,0.028999999165534973,300000,0.0,0.0,0.0
2017-01-18 00:00:00+08:00,0.028999999165534973,0.03099999949336052,0.02800000086426735,0.03099999949336052,5136300,0.0,0.0,0.0
2017-01-19 00:00:00+08:00,0.03099999949336052,0.032999999821186066,0.03099999949336052,0.03200000151991844,13450400,0.0,0.0,0.0
2017-01-20 00:00:00+08:00,0.03099999949336052,0.03200000151991844,0.029999999329447746,0.029999999329447746,1980100,0.0,0.0,0.0
2017-01-23 00:00:00+08:00,0.029999999329447746,0.03099999949336052,0.029999999329447746,0.029999999329447746,1310100,0.0,0.0,0.0
2017-01-24 00:00:00+08:00,0.029999999329447746,0.029999999329447746,0.028999999165534973,0.028999999165534973,230000,0.0,0.0,0.0
2017-01-25 00:00:00+08:00,0.029999999329447746,0.029999999329447746,0.028999999165534973,0.029999999329447746,690600,0.0,0.0,0.0
2017-01-26 00:00:00+08:00,0.029999999329447746,0.029999999329447746,0.029999999329447746,0.029999999329447746,1918700,0.0,0.0,0.0
2017-01-27 00:00:00+08:00,0.029999999329447746,0.029999999329447746,0.028999999165534973,0.029999999329447746,1022000,0.0,0.0,0.0
2017-01-31 00:00:00+08:00,0.028999999165534973,0.029999999329447746,0.028999999165534973,0.028999999165534973,1529100,0.0,0.0,0.0
2017-02-01 00:00:00+08:00,0.029999999329447746,0.029999999329447746,0.028999999165534973,0.028999999165534973,1110000,0.0,0.0,0.0
2017-02-02 00:00:00+08:00,0.029999999329447746,0.029999999329447746,0.028999999165534973,0.028999999165534973,2046000,0.0,0.0,0.0
2017-02-03 00:00:00+08:00,0.029999999329447746,0.029999999329447746,0.029999999329447746,0.029999999329447746,1178500,0.0,0.0,0.0
2017-02-06 00:00:00+08:00,0.029999999329447746,0.029999999329447746,0.029999999329447746,0.029999999329447746,875000,0.0,0.0,0.0
2017-02-07 00:00:00+08:00,0.029999999329447746,0.029999999329447746,0.029999999329447746,0.029999999329447746,1000000,0.0,0.0,0.0
2017-02-08 00:00:00+08:00,0.029999999329447746,0.029999999329447746,0.028999999165534973,0.028999999165534973,2340500,0.0,0.0,0.0
2017-02-09 00:00:00+08:00,0.029999999329447746,0.029999999329447746,0.029999999329447746,0.029999999329447746,300000,0.0,0.0,0.0
2017-02-10 00:00:00+08:00,0.029999999329447746,0.029999999329447746,0.028999999165534973,0.029999999329447746,827500,0.0,0.0,0.0
2017-02-13 00:00:00+08:00,0.029999999329447746,0.03099999949336052,0.029999999329447746,0.029999999329447746,900200,0.0,0.0,0.0
2017-02-14 00:00:00+08:00,0.029999999329447746,0.029999999329447746,0.028999999165534973,0.029999999329447746,1094100,0.0,0.0,0.0
2017-02-15 00:00:00+08:00,0.029999999329447746,0.03500000014901161,0.029999999329447746,0.03400000184774399,32401200,0.0,0.0,0.0
2017-02-16 00:00:00+08:00,0.03400000184774399,0.03500000014901161,0.032999999821186066,0.03400000184774399,4931300,0.0,0.0,0.0
2017-02-17 00:00:00+08:00,0.03400000184774399,0.03400000184774399,0.032999999821186066,0.032999999821186066,3837600,0.0,0.0,0.0
2017-02-20 00:00:00+08:00,0.03400000184774399,0.04899999871850014,0.03400000184774399,0.04500000178813934,70252200,0.0,0.0,0.0
2017-02-21 00:00:00+08:00,0.04699999839067459,0.052000001072883606,0.04399999976158142,0.04699999839067459,50614100,0.0,0.0,0.0
2017-02-22 00:00:00+08:00,0.04600000008940697,0.04899999871850014,0.04600000008940697,0.04899999871850014,22020500,0.0,0.0,0.0
2017-02-23 00:00:00+08:00,0.04800000041723251,0.05700000002980232,0.04800000041723251,0.0560000017285347,42288600,0.0,0.0,0.0
2017-02-24 00:00:00+08:00,0.0560000017285347,0.0560000017285347,0.0560000017285347,0.0560000017285347,599200,0.0,0.0,0.0
2017-02-27 00:00:00+08:00,0.0560000017285347,0.0560000017285347,0.0560000017285347,0.0560000017285347,0,0.0,0.0,0.0
2017-02-28 00:00:00+08:00,0.06199999898672104,0.06300000101327896,0.05700000002980232,0.057999998331069946,56155700,0.0,0.0,0.0
2017-03-01 00:00:00+08:00,0.057999998331069946,0.05900000035762787,0.05400000140070915,0.05700000002980232,14144800,0.0,0.0,0.0
2017-03-02 00:00:00+08:00,0.0560000017285347,0.0560000017285347,0.050999999046325684,0.050999999046325684,11067800,0.0,0.0,0.0
2017-03-03 00:00:00+08:00,0.05000000074505806,0.050999999046325684,0.04699999839067459,0.04800000041723251,14056200,0.0,0.0,0.0
2017-03-06 00:00:00+08:00,0.04899999871850014,0.05299999937415123,0.04899999871850014,0.05000000074505806,10436300,0.0,0.0,0.0
2017-03-07 00:00:00+08:00,0.050999999046325684,0.05400000140070915,0.05000000074505806,0.05000000074505806,14471700,0.0,0.0,0.0
2017-03-08 00:00:00+08:00,0.050999999046325684,0.050999999046325684,0.05000000074505806,0.05000000074505806,5298300,0.0,0.0,0.0
2017-03-09 00:00:00+08:00,0.05000000074505806,0.05000000074505806,0.04699999839067459,0.04699999839067459,7580600,0.0,0.0,0.0
2017-03-10 00:00:00+08:00,0.04800000041723251,0.04899999871850014,0.04699999839067459,0.04699999839067459,2703200,0.0,0.0,0.0
2017-03-13 00:00:00+08:00,0.04800000041723251,0.04800000041723251,0.04699999839067459,0.04699999839067459,3974300,0.0,0.0,0.0
2017-03-14 00:00:00+08:00,0.04699999839067459,0.04899999871850014,0.04600000008940697,0.04600000008940697,6553000,0.0,0.0,0.0
2017-03-15 00:00:00+08:00,0.04600000008940697,0.05000000074505806,0.04600000008940697,0.04800000041723251,18893900,0.0,0.0,0.0
2017-03-16 00:00:00+08:00,0.04899999871850014,0.05000000074505806,0.04800000041723251,0.04800000041723251,5791000,0.0,0.0,0.0
2017-03-17 00:00:00+08:00,0.04800000041723251,0.04899999871850014,0.04699999839067459,0.04800000041723251,3004900,0.0,0.0,0.0
2017-03-20 00:00:00+08:00,0.04899999871850014,0.04899999871850014,0.04800000041723251,0.04800000041723251,3060000,0.0,0.0,0.0
2017-03-21 00:00:00+08:00,0.04800000041723251,0.04899999871850014,0.04800000041723251,0.04800000041723251,3130400,0.0,0.0,0.0
2017-03-22 00:00:00+08:00,0.04800000041723251,0.04800000041723251,0.04699999839067459,0.04699999839067459,3178900,0.0,0.0,0.0
2017-03-23 00:00:00+08:00,0.04600000008940697,0.04800000041723251,0.04600000008940697,0.04800000041723251,4053000,0.0,0.0,0.0
2017-03-24 00:00:00+08:00,0.04800000041723251,0.04800000041723251,0.04600000008940697,0.04600000008940697,2189000,0.0,0.0,0.0
2017-03-27 00:00:00+08:00,0.04600000008940697,0.04899999871850014,0.04600000008940697,0.04699999839067459,4480100,0.0,0.0,0.0
2017-03-28 00:00:00+08:00,0.04800000041723251,0.054999999701976776,0.04800000041723251,0.052000001072883606,27334800,0.0,0.0,0.0
2017-03-29 00:00:00+08:00,0.05400000140070915,0.05400000140070915,0.05000000074505806,0.052000001072883606,13822500,0.0,0.0,0.0
2017-03-30 00:00:00+08:00,0.052000001072883606,0.05999999865889549,0.052000001072883606,0.05400000140070915,36962800,0.0,0.0,0.0
2017-03-31 00:00:00+08:00,0.05400000140070915,0.05400000140070915,0.04600000008940697,0.04800000041723251,14368200,0.0,0.0,0.0
2017-04-03 00:00:00+08:00,0.04800000041723251,0.05000000074505806,0.04800000041723251,0.04899999871850014,2100500,0.0,0.0,0.0
2017-04-04 00:00:00+08:00,0.05000000074505806,0.050999999046325684,0.04899999871850014,0.050999999046325684,4707500,0.0,0.0,0.0
2017-04-05 00:00:00+08:00,0.050999999046325684,0.05400000140070915,0.050999999046325684,0.05299999937415123,12400800,0.0,0.0,0.0
2017-04-06 00:00:00+08:00,0.052000001072883606,0.05299999937415123,0.04899999871850014,0.05000000074505806,6510100,0.0,0.0,0.0
2017-04-07 00:00:00+08:00,0.05000000074505806,0.050999999046325684,0.04899999871850014,0.04899999871850014,6347300,0.0,0.0,0.0
2017-04-10 00:00:00+08:00,0.052000001072883606,0.052000001072883606,0.04899999871850014,0.04899999871850014,4088700,0.0,0.0,0.0
2017-04-11 00:00:00+08:00,0.04899999871850014,0.04899999871850014,0.04800000041723251,0.04899999871850014,1542200,0.0,0.0,0.0
2017-04-12 00:00:00+08:00,0.04800000041723251,0.04899999871850014,0.04699999839067459,0.04699999839067459,5875300,0.0,0.0,0.0
2017-04-13 00:00:00+08:00,0.04699999839067459,0.04800000041723251,0.04399999976158142,0.04500000178813934,6874700,0.0,0.0,0.0
2017-04-17 00:00:00+08:00,0.04699999839067459,0.04699999839067459,0.04600000008940697,0.04600000008940697,3665000,0.0,0.0,0.0
2017-04-18 00:00:00+08:00,0.04600000008940697,0.04699999839067459,0.04600000008940697,0.04600000008940697,2840600,0.0,0.0,0.0
2017-04-19 00:00:00+08:00,0.04600000008940697,0.04600000008940697,0.04500000178813934,0.04600000008940697,1592900,0.0,0.0,0.0
2017-04-20 00:00:00+08:00,0.04600000008940697,0.04699999839067459,0.04500000178813934,0.04699999839067459,1059600,0.0,0.0,0.0
2017-04-21 00:00:00+08:00,0.04699999839067459,0.05000000074505806,0.04600000008940697,0.04600000008940697,5534800,0.0,0.0,0.0
2017-04-24 00:00:00+08:00,0.04800000041723251,0.04800000041723251,0.04600000008940697,0.04600000008940697,852000,0.0,0.0,0.0
2017-04-25 00:00:00+08:00,0.04699999839067459,0.04699999839067459,0.04699999839067459,0.04699999839067459,1580000,0.0,0.0,0.0
2017-04-26 00:00:00+08:00,0.04699999839067459,0.04699999839067459,0.04600000008940697,0.04699999839067459,796500,0.0,0.0,0.0
2017-04-27 00:00:00+08:00,0.04699999839067459,0.04699999839067459,0.04600000008940697,0.04699999839067459,649100,0.0,0.0,0.0
2017-04-28 00:00:00+08:00,0.04699999839067459,0.04699999839067459,0.04500000178813934,0.04600000008940697,2408600,0.0,0.0,0.0
2017-05-02 00:00:00+08:00,0.04600000008940697,0.04600000008940697,0.04500000178813934,0.04500000178813934,1888500,0.0,0.0,0.0
2017-05-03 00:00:00+08:00,0.04500000178813934,0.04600000008940697,0.04500000178813934,0.04600000008940697,1652500,0.0,0.0,0.0
2017-05-04 00:00:00+08:00,0.04600000008940697,0.04600000008940697,0.04500000178813934,0.04500000178813934,1771100,0.0,0.0,0.0
2017-05-05 00:00:00+08:00,0.04500000178813934,0.04600000008940697,0.04500000178813934,0.04600000008940697,1210000,0.0,0.0,0.0
2017-05-08 00:00:00+08:00,0.04600000008940697,0.04699999839067459,0.04600000008940697,0.04600000008940697,1445200,0.0,0.0,0.0
2017-05-09 00:00:00+08:00,0.04600000008940697,0.04899999871850014,0.04600000008940697,0.04699999839067459,12259500,0.0,0.0,0.0
2017-05-11 00:00:00+08:00,0.04699999839067459,0.04699999839067459,0.04600000008940697,0.04600000008940697,1157300,0.0,0.0,0.0
2017-05-12 00:00:00+08:00,0.04500000178813934,0.04500000178813934,0.04500000178813934,0.04500000178813934,1444700,0.0,0.0,0.0
2017-05-15 00:00:00+08:00,0.04500000178813934,0.04500000178813934,0.04100000113248825,0.041999999433755875,1482000,0.0,0.0,0.0
2017-05-16 00:00:00+08:00,0.04100000113248825,0.0430000014603138,0.04100000113248825,0.0430000014603138,1559200,0.0,0.0,0.0
2017-05-17 00:00:00+08:00,0.041999999433755875,0.04600000008940697,0.04100000113248825,0.0430000014603138,2902000,0.0,0.0,0.0
2017-05-18 00:00:00+08:00,0.0430000014603138,0.0430000014603138,0.04100000113248825,0.041999999433755875,2475100,0.0,0.0,0.0
2017-05-19 00:00:00+08:00,0.041999999433755875,0.0430000014603138,0.04100000113248825,0.0430000014603138,251000,0.0,0.0,0.0
2017-05-22 00:00:00+08:00,0.041999999433755875,0.041999999433755875,0.04100000113248825,0.041999999433755875,892000,0.0,0.0,0.0
2017-05-23 00:00:00+08:00,0.041999999433755875,0.041999999433755875,0.041999999433755875,0.041999999433755875,540300,0.0,0.0,0.0
2017-05-24 00:00:00+08:00,0.04100000113248825,0.04100000113248825,0.039000000804662704,0.039000000804662704,921700,0.0,0.0,0.0
2017-05-25 00:00:00+08:00,0.03999999910593033,0.03999999910593033,0.03999999910593033,0.03999999910593033,1270000,0.0,0.0,0.0
2017-05-26 00:00:00+08:00,0.03999999910593033,0.04100000113248825,0.03999999910593033,0.03999999910593033,700000,0.0,0.0,0.0
2017-05-29 00:00:00+08:00,0.03999999910593033,0.04100000113248825,0.039000000804662704,0.039000000804662704,832100,0.0,0.0,0.0
2017-05-30 00:00:00+08:00,0.039000000804662704,0.039000000804662704,0.039000000804662704,0.039000000804662704,0,0.0,0.0,0.0
2017-05-31 00:00:00+08:00,0.03999999910593033,0.03999999910593033,0.039000000804662704,0.039000000804662704,560000,0.0,0.0,0.0
2017-06-01 00:00:00+08:00,0.03999999910593033,0.03999999910593033,0.039000000804662704,0.039000000804662704,750000,0.0,0.0,0.0
2017-06-02 00:00:00+08:00,0.039000000804662704,0.039000000804662704,0.03500000014901161,0.039000000804662704,1139000,0.0,0.0,0.0
2017-06-05 00:00:00+08:00,0.03700000047683716,0.039000000804662704,0.03700000047683716,0.039000000804662704,479300,0.0,0.0,0.0
2017-06-06 00:00:00+08:00,0.03799999877810478,0.039000000804662704,0.03799999877810478,0.039000000804662704,433300,0.0,0.0,0.0
2017-06-07 00:00:00+08:00,0.03799999877810478,0.03999999910593033,0.03799999877810478,0.039000000804662704,221000,0.0,0.0,0.0
2017-06-08 00:00:00+08:00,0.039000000804662704,0.041999999433755875,0.039000000804662704,0.04100000113248825,3713900,0.0,0.0,0.0
2017-06-09 00:00:00+08:00,0.041999999433755875,0.041999999433755875,0.03999999910593033,0.03999999910593033,202000,0.0,0.0,0.0
2017-06-12 00:00:00+08:00,0.03999999910593033,0.03999999910593033,0.03999999910593033,0.03999999910593033,100000,0.0,0.0,0.0
2017-06-13 00:00:00+08:00,0.039000000804662704,0.03999999910593033,0.039000000804662704,0.03999999910593033,640000,0.0,0.0,0.0
2017-06-14 00:00:00+08:00,0.039000000804662704,0.039000000804662704,0.039000000804662704,0.039000000804662704,501000,0.0,0.0,0.0
2017-06-15 00:00:00+08:00,0.039000000804662704,0.03999999910593033,0.039000000804662704,0.03999999910593033,477000,0.0,0.0,0.0
2017-06-16 00:00:00+08:00,0.03999999910593033,0.0430000014603138,0.03999999910593033,0.04100000113248825,2731900,0.0,0.0,0.0
2017-06-19 00:00:00+08:00,0.04100000113248825,0.04100000113248825,0.04100000113248825,0.04100000113248825,145000,0.0,0.0,0.0
2017-06-20 00:00:00+08:00,0.04100000113248825,0.04100000113248825,0.04100000113248825,0.04100000113248825,0,0.0,0.0,0.0
2017-06-21 00:00:00+08:00,0.039000000804662704,0.039000000804662704,0.039000000804662704,0.039000000804662704,1000000,0.0,0.0,0.0
2017-06-22 00:00:00+08:00,0.03799999877810478,0.03999999910593033,0.03799999877810478,0.03999999910593033,3200,0.0,0.0,0.0
2017-06-23 00:00:00+08:00,0.03799999877810478,0.03799999877810478,0.03799999877810478,0.03799999877810478,123000,0.0,0.0,0.0
2017-06-27 00:00:00+08:00,0.039000000804662704,0.039000000804662704,0.03799999877810478,0.03799999877810478,548400,0.0,0.0,0.0
2017-06-28 00:00:00+08:00,0.03799999877810478,0.03799999877810478,0.03700000047683716,0.03700000047683716,1849600,0.0,0.0,0.0
2017-06-29 00:00:00+08:00,0.03500000014901161,0.03799999877810478,0.03500000014901161,0.03799999877810478,732400,0.0,0.0,0.0
2017-06-30 00:00:00+08:00,0.03799999877810478,0.03799999877810478,0.03799999877810478,0.03799999877810478,0,0.0,0.0,0.0
2017-07-03 00:00:00+08:00,0.03799999877810478,0.03799999877810478,0.03700000047683716,0.03700000047683716,1300000,0.0,0.0,0.0
2017-07-04 00:00:00+08:00,0.03799999877810478,0.03799999877810478,0.03799999877810478,0.03799999877810478,150000,0.0,0.0,0.0
2017-07-05 00:00:00+08:00,0.03700000047683716,0.03700000047683716,0.03700000047683716,0.03700000047683716,150000,0.0,0.0,0.0
2017-07-06 00:00:00+08:00,0.03700000047683716,0.039000000804662704,0.03700000047683716,0.039000000804662704,55000,0.0,0.0,0.0
2017-07-07 00:00:00+08:00,0.03799999877810478,0.039000000804662704,0.03799999877810478,0.03799999877810478,400900,0.0,0.0,0.0
2017-07-10 00:00:00+08:00,0.039000000804662704,0.041999999433755875,0.039000000804662704,0.03999999910593033,996100,0.0,0.0,0.0
2017-07-11 00:00:00+08:00,0.03700000047683716,0.039000000804662704,0.03700000047683716,0.039000000804662704,265000,0.0,0.0,0.0
2017-07-12 00:00:00+08:00,0.039000000804662704,0.03999999910593033,0.03799999877810478,0.039000000804662704,721600,0.0,0.0,0.0
2017-07-13 00:00:00+08:00,0.039000000804662704,0.041999999433755875,0.039000000804662704,0.039000000804662704,2653100,0.0,0.0,0.0
2017-07-14 00:00:00+08:00,0.03999999910593033,0.03999999910593033,0.03999999910593033,0.03999999910593033,2000,0.0,0.0,0.0
2017-07-17 00:00:00+08:00,0.03799999877810478,0.03799999877810478,0.03799999877810478,0.03799999877810478,180000,0.0,0.0,0.0
2017-07-18 00:00:00+08:00,0.039000000804662704,0.03999999910593033,0.039000000804662704,0.03999999910593033,351400,0.0,0.0,0.0
2017-07-19 00:00:00+08:00,0.04100000113248825,0.04600000008940697,0.04100000113248825,0.04399999976158142,26804800,0.0,0.0,0.0
2017-07-20 00:00:00+08:00,0.04500000178813934,0.04500000178813934,0.041999999433755875,0.041999999433755875,2030000,0.0,0.0,0.0
2017-07-21 00:00:00+08:00,0.04100000113248825,0.04100000113248825,0.04100000113248825,0.04100000113248825,730000,0.0,0.0,0.0
2017-07-24 00:00:00+08:00,0.041999999433755875,0.041999999433755875,0.03999999910593033,0.03999999910593033,210000,0.0,0.0,0.0
2017-07-25 00:00:00+08:00,0.03999999910593033,0.04100000113248825,0.039000000804662704,0.03999999910593033,1525000,0.0,0.0,0.0
2017-07-26 00:00:00+08:00,0.039000000804662704,0.039000000804662704,0.03700000047683716,0.03700000047683716,3068000,0.0,0.0,0.0
2017-07-27 00:00:00+08:00,0.03799999877810478,0.03799999877810478,0.03700000047683716,0.03700000047683716,865100,0.0,0.0,0.0
2017-07-28 00:00:00+08:00,0.03700000047683716,0.03700000047683716,0.035999998450279236,0.035999998450279236,3800000,0.0,0.0,0.0
2017-07-31 00:00:00+08:00,0.03700000047683716,0.03700000047683716,0.03700000047683716,0.03700000047683716,47000,0.0,0.0,0.0
2017-08-01 00:00:00+08:00,0.035999998450279236,0.03700000047683716,0.035999998450279236,0.035999998450279236,508000,0.0,0.0,0.0
2017-08-02 00:00:00+08:00,0.03700000047683716,0.03999999910593033,0.03700000047683716,0.03999999910593033,91000,0.0,0.0,0.0
2017-08-03 00:00:00+08:00,0.03700000047683716,0.03799999877810478,0.035999998450279236,0.03799999877810478,1331000,0.0,0.0,0.0
2017-08-04 00:00:00+08:00,0.035999998450279236,0.035999998450279236,0.035999998450279236,0.035999998450279236,169000,0.0,0.0,0.0
2017-08-07 00:00:00+08:00,0.03799999877810478,0.03799999877810478,0.035999998450279236,0.03700000047683716,240000,0.0,0.0,0.0
2017-08-08 00:00:00+08:00,0.035999998450279236,0.035999998450279236,0.035999998450279236,0.035999998450279236,166700,0.0,0.0,0.0
2017-08-10 00:00:00+08:00,0.035999998450279236,0.03799999877810478,0.035999998450279236,0.035999998450279236,225000,0.0,0.0,0.0
2017-08-11 00:00:00+08:00,0.03500000014901161,0.03500000014901161,0.03500000014901161,0.03500000014901161,300000,0.0,0.0,0.0
2017-08-14 00:00:00+08:00,0.035999998450279236,0.035999998450279236,0.03500000014901161,0.03500000014901161,249000,0.0,0.0,0.0
2017-08-15 00:00:00+08:00,0.03500000014901161,0.03799999877810478,0.03500000014901161,0.03799999877810478,60700,0.0,0.0,0.0
2017-08-16 00:00:00+08:00,0.03799999877810478,0.03799999877810478,0.035999998450279236,0.035999998450279236,448200,0.0,0.0,0.0
2017-08-17 00:00:00+08:00,0.035999998450279236,0.035999998450279236,0.03500000014901161,0.03500000014901161,1006000,0.0,0.0,0.0
2017-08-18 00:00:00+08:00,0.03500000014901161,0.03500000014901161,0.03400000184774399,0.03400000184774399,227000,0.0,0.0,0.0
2017-08-21 00:00:00+08:00,0.03400000184774399,0.03400000184774399,0.03400000184774399,0.03400000184774399,0,0.0,0.0,0.0
2017-08-22 00:00:00+08:00,0.03400000184774399,0.03400000184774399,0.03400000184774399,0.03400000184774399,0,0.0,0.0,0.0
2017-08-23 00:00:00+08:00,0.035999998450279236,0.03700000047683716,0.03500000014901161,0.03700000047683716,153000,0.0,0.0,0.0
2017-08-24 00:00:00+08:00,0.03700000047683716,0.03700000047683716,0.03700000047683716,0.03700000047683716,0,0.0,0.0,0.0
2017-08-25 00:00:00+08:00,0.03700000047683716,0.03700000047683716,0.03700000047683716,0.03700000047683716,0,0.0,0.0,0.0
2017-08-28 00:00:00+08:00,0.03700000047683716,0.03700000047683716,0.03700000047683716,0.03700000047683716,0,0.0,0.0,0.0
2017-08-29 00:00:00+08:00,0.03700000047683716,0.03700000047683716,0.03500000014901161,0.03500000014901161,220000,0.0,0.0,0.0
2017-08-30 00:00:00+08:00,0.03500000014901161,0.03500000014901161,0.03500000014901161,0.03500000014901161,0,0.0,0.0,0.0
2017-08-31 00:00:00+08:00,0.03500000014901161,0.03500000014901161,0.03500000014901161,0.03500000014901161,0,0.0,0.0,0.0
2017-09-04 00:00:00+08:00,0.03500000014901161,0.03500000014901161,0.03500000014901161,0.03500000014901161,0,0.0,0.0,0.0
2017-09-05 00:00:00+08:00,0.035999998450279236,0.035999998450279236,0.035999998450279236,0.035999998450279236,1000,0.0,0.0,0.0
2017-09-06 00:00:00+08:00,0.03700000047683716,0.03700000047683716,0.03700000047683716,0.03700000047683716,230000,0.0,0.0,0.0
2017-09-07 00:00:00+08:00,0.03400000184774399,0.03400000184774399,0.03400000184774399,0.03400000184774399,30000,0.0,0.0,0.0
2017-09-08 00:00:00+08:00,0.03400000184774399,0.03400000184774399,0.03400000184774399,0.03400000184774399,50000,0.0,0.0,0.0
2017-09-11 00:00:00+08:00,0.03799999877810478,0.03799999877810478,0.03500000014901161,0.03500000014901161,340000,0.0,0.0,0.0
2017-09-12 00:00:00+08:00,0.035999998450279236,0.035999998450279236,0.035999998450279236,0.035999998450279236,160000,0.0,0.0,0.0
2017-09-13 00:00:00+08:00,0.03500000014901161,0.03500000014901161,0.03500000014901161,0.03500000014901161,400000,0.0,0.0,0.0
2017-09-14 00:00:00+08:00,0.03500000014901161,0.03500000014901161,0.03500000014901161,0.03500000014901161,20000,0.0,0.0,0.0
2017-09-15 00:00:00+08:00,0.035999998450279236,0.035999998450279236,0.03500000014901161,0.03500000014901161,310000,0.0,0.0,0.0
2017-09-18 00:00:00+08:00,0.03700000047683716,0.03700000047683716,0.03400000184774399,0.03400000184774399,30000,0.0,0.0,0.0
2017-09-19 00:00:00+08:00,0.03500000014901161,0.03500000014901161,0.03500000014901161,0.03500000014901161,100000,0.0,0.0,0.0
2017-09-20 00:00:00+08:00,0.03500000014901161,0.03500000014901161,0.03500000014901161,0.03500000014901161,0,0.0,0.0,0.0
2017-09-21 00:00:00+08:00,0.03500000014901161,0.03500000014901161,0.03500000014901161,0.03500000014901161,0,0.0,0.0,0.0
2017-09-22 00:00:00+08:00,0.03500000014901161,0.03500000014901161,0.03500000014901161,0.03500000014901161,0,0.0,0.0,0.0
2017-09-25 00:00:00+08:00,0.03500000014901161,0.03500000014901161,0.03500000014901161,0.03500000014901161,187700,0.0,0.0,0.0
2017-09-26 00:00:00+08:00,0.03500000014901161,0.03500000014901161,0.03500000014901161,0.03400000184774399,74000,0.0,0.0,0.0
2017-09-27 00:00:00+08:00,0.03400000184774399,0.03400000184774399,0.03400000184774399,0.03400000184774399,100000,0.0,0.0,0.0
2017-09-28 00:00:00+08:00,0.03400000184774399,0.03400000184774399,0.03400000184774399,0.03400000184774399,250000,0.0,0.0,0.0
2017-09-29 00:00:00+08:00,0.03400000184774399,0.03400000184774399,0.03400000184774399,0.03400000184774399,0,0.0,0.0,0.0
2017-10-02 00:00:00+08:00,0.03400000184774399,0.03400000184774399,0.032999999821186066,0.03400000184774399,787000,0.0,0.0,0.0
2017-10-03 00:00:00+08:00,0.032999999821186066,0.032999999821186066,0.032999999821186066,0.032999999821186066,200000,0.0,0.0,0.0
2017-10-04 00:00:00+08:00,0.035999998450279236,0.035999998450279236,0.035999998450279236,0.035999998450279236,1000,0.0,0.0,0.0
2017-10-05 00:00:00+08:00,0.035999998450279236,0.035999998450279236,0.035999998450279236,0.035999998450279236,0,0.0,0.0,0.0
2017-10-06 00:00:00+08:00,0.035999998450279236,0.035999998450279236,0.035999998450279236,0.035999998450279236,0,0.0,0.0,0.0
2017-10-09 00:00:00+08:00,0.03200000151991844,0.03200000151991844,0.03200000151991844,0.03200000151991844,151000,0.0,0.0,0.0
2017-10-10 00:00:00+08:00,0.032999999821186066,0.03400000184774399,0.032999999821186066,0.03400000184774399,185000,0.0,0.0,0.0
2017-10-11 00:00:00+08:00,0.035999998450279236,0.035999998450279236,0.035999998450279236,0.035999998450279236,1000,0.0,0.0,0.0
2017-10-12 00:00:00+08:00,0.035999998450279236,0.035999998450279236,0.035999998450279236,0.035999998450279236,0,0.0,0.0,0.0
2017-10-13 00:00:00+08:00,0.035999998450279236,0.035999998450279236,0.035999998450279236,0.035999998450279236,0,0.0,0.0,0.0
2017-10-16 00:00:00+08:00,0.035999998450279236,0.035999998450279236,0.035999998450279236,0.035999998450279236,0,0.0,0.0,0.0
2017-10-17 00:00:00+08:00,0.035999998450279236,0.035999998450279236,0.035999998450279236,0.035999998450279236,0,0.0,0.0,0.0
2017-10-19 00:00:00+08:00,0.035999998450279236,0.035999998450279236,0.035999998450279236,0.035999998450279236,0,0.0,0.0,0.0
2017-10-20 00:00:00+08:00,0.03799999877810478,0.03799999877810478,0.03799999877810478,0.03799999877810478,1000,0.0,0.0,0.0
2017-10-23 00:00:00+08:00,0.032999999821186066,0.032999999821186066,0.032999999821186066,0.032999999821186066,80000,0.0,0.0,0.0
2017-10-24 00:00:00+08:00,0.03400000184774399,0.03400000184774399,0.032999999821186066,0.032999999821186066,251100,0.0,0.0,0.0
2017-10-25 00:00:00+08:00,0.03500000014901161,0.03500000014901161,0.03500000014901161,0.03500000014901161,101000,0.0,0.0,0.0
2017-10-26 00:00:00+08:00,0.03500000014901161,0.03500000014901161,0.03500000014901161,0.03500000014901161,0,0.0,0.0,0.0
2017-10-27 00:00:00+08:00,0.03500000014901161,0.03500000014901161,0.03500000014901161,0.03500000014901161,0,0.0,0.0,0.0
2017-10-30 00:00:00+08:00,0.03500000014901161,0.03500000014901161,0.03500000014901161,0.03500000014901161,0,0.0,0.0,0.0
2017-10-31 00:00:00+08:00,0.03500000014901161,0.03500000014901161,0.03500000014901161,0.03500000014901161,0,0.0,0.0,0.0
2017-11-01 00:00:00+08:00,0.035999998450279236,0.035999998450279236,0.035999998450279236,0.035999998450279236,100000,0.0,0.0,0.0
2017-11-02 00:00:00+08:00,0.035999998450279236,0.035999998450279236,0.035999998450279236,0.035999998450279236,0,0.0,0.0,0.0
2017-11-03 00:00:00+08:00,0.035999998450279236,0.035999998450279236,0.035999998450279236,0.035999998450279236,0,0.0,0.0,0.0
2017-11-06 00:00:00+08:00,0.03999999910593033,0.03999999910593033,0.03999999910593033,0.03999999910593033,1000,0.0,0.0,0.0
2017-11-07 00:00:00+08:00,0.03400000184774399,0.035999998450279236,0.03400000184774399,0.035999998450279236,322500,0.0,0.0,0.0
2017-11-08 00:00:00+08:00,0.03799999877810478,0.03799999877810478,0.03799999877810478,0.03799999877810478,1000,0.0,0.0,0.0
2017-11-09 00:00:00+08:00,0.03799999877810478,0.03799999877810478,0.03799999877810478,0.03799999877810478,0,0.0,0.0,0.0
2017-11-10 00:00:00+08:00,0.03799999877810478,0.03799999877810478,0.03799999877810478,0.03799999877810478,0,0.0,0.0,0.0
2017-11-13 00:00:00+08:00,0.03799999877810478,0.03799999877810478,0.03799999877810478,0.03799999877810478,0,0.0,0.0,0.0
2017-11-14 00:00:00+08:00,0.035999998450279236,0.035999998450279236,0.03200000151991844,0.03200000151991844,187500,0.0,0.0,0.0
2017-11-15 00:00:00+08:00,0.035999998450279236,0.035999998450279236,0.03500000014901161,0.03500000014901161,774000,0.0,0.0,0.0
2017-11-16 00:00:00+08:00,0.035999998450279236,0.035999998450279236,0.03500000014901161,0.035999998450279236,900000,0.0,0.0,0.0
2017-11-17 00:00:00+08:00,0.03500000014901161,0.03500000014901161,0.03500000014901161,0.03500000014901161,100000,0.0,0.0,0.0
2017-11-20 00:00:00+08:00,0.03500000014901161,0.03500000014901161,0.03400000184774399,0.03500000014901161,420000,0.0,0.0,0.0
2017-11-21 00:00:00+08:00,0.03400000184774399,0.04399999976158142,0.03400000184774399,0.04100000113248825,3753600,0.0,0.0,0.0
2017-11-22 00:00:00+08:00,0.041999999433755875,0.0430000014603138,0.03700000047683716,0.039000000804662704,4410600,0.0,0.0,0.0
2017-11-23 00:00:00+08:00,0.03500000014901161,0.03500000014901161,0.03500000014901161,0.03500000014901161,140000,0.0,0.0,0.0
2017-11-24 00:00:00+08:00,0.03500000014901161,0.03500000014901161,0.032999999821186066,0.032999999821186066,550000,0.0,0.0,0.0
2017-11-27 00:00:00+08:00,0.032999999821186066,0.03500000014901161,0.032999999821186066,0.03500000014901161,650000,0.0,0.0,0.0
2017-11-28 00:00:00+08:00,0.032999999821186066,0.03400000184774399,0.032999999821186066,0.032999999821186066,548000,0.0,0.0,0.0
2017-11-29 00:00:00+08:00,0.032999999821186066,0.032999999821186066,0.03200000151991844,0.03200000151991844,330100,0.0,0.0,0.0
2017-11-30 00:00:00+08:00,0.03200000151991844,0.03200000151991844,0.03200000151991844,0.03200000151991844,533000,0.0,0.0,0.0
2017-12-01 00:00:00+08:00,0.03200000151991844,0.03200000151991844,0.03200000151991844,0.03200000151991844,0,0.0,0.0,0.0
2017-12-04 00:00:00+08:00,0.03200000151991844,0.03200000151991844,0.03200000151991844,0.03200000151991844,0,0.0,0.0,0.0
2017-12-05 00:00:00+08:00,0.03200000151991844,0.032999999821186066,0.03200000151991844,0.032999999821186066,518000,0.0,0.0,0.0
2017-12-06 00:00:00+08:00,0.032999999821186066,0.032999999821186066,0.032999999821186066,0.032999999821186066,0,0.0,0.0,0.0
2017-12-07 00:00:00+08:00,0.03500000014901161,0.03500000014901161,0.029999999329447746,0.029999999329447746,2395000,0.0,0.0,0.0
2017-12-08 00:00:00+08:00,0.03500000014901161,0.03500000014901161,0.029999999329447746,0.029999999329447746,241000,0.0,0.0,0.0
2017-12-11 00:00:00+08:00,0.035999998450279236,0.035999998450279236,0.035999998450279236,0.035999998450279236,1000,0.0,0.0,0.0
2017-12-12 00:00:00+08:00,0.03500000014901161,0.03500000014901161,0.03500000014901161,0.03500000014901161,100000,0.0,0.0,0.0
2017-12-13 00:00:00+08:00,0.03500000014901161,0.03500000014901161,0.03500000014901161,0.03500000014901161,0,0.0,0.0,0.0
2017-12-14 00:00:00+08:00,0.03500000014901161,0.03500000014901161,0.03500000014901161,0.03500000014901161,0,0.0,0.0,0.0
2017-12-15 00:00:00+08:00,0.03500000014901161,0.03500000014901161,0.03500000014901161,0.03500000014901161,0,0.0,0.0,0.0
2017-12-18 00:00:00+08:00,0.029999999329447746,0.029999999329447746,0.029999999329447746,0.029999999329447746,1000000,0.0,0.0,0.0
2017-12-19 00:00:00+08:00,0.029999999329447746,0.03400000184774399,0.028999999165534973,0.028999999165534973,330000,0.0,0.0,0.0
2017-12-20 00:00:00+08:00,0.032999999821186066,0.032999999821186066,0.028999999165534973,0.028999999165534973,269900,0.0,0.0,0.0
2017-12-21 00:00:00+08:00,0.028999999165534973,0.028999999165534973,0.028999999165534973,0.028999999165534973,0,0.0,0.0,0.0
2017-12-22 00:00:00+08:00,0.028999999165534973,0.028999999165534973,0.028999999165534973,0.028999999165534973,0,0.0,0.0,0.0
2017-12-26 00:00:00+08:00,0.028999999165534973,0.028999999165534973,0.027000000700354576,0.027000000700354576,100000,0.0,0.0,0.0
2017-12-27 00:00:00+08:00,0.027000000700354576,0.027000000700354576,0.027000000700354576,0.027000000700354576,0,0.0,0.0,0.0
2017-12-28 00:00:00+08:00,0.027000000700354576,0.027000000700354576,0.027000000700354576,0.027000000700354576,0,0.0,0.0,0.0
2017-12-29 00:00:00+08:00,0.027000000700354576,0.027000000700354576,0.027000000700354576,0.027000000700354576,0,0.0,0.0,0.0
2018-01-02 00:00:00+08:00,0.027000000700354576,0.027000000700354576,0.027000000700354576,0.027000000700354576,0,0.0,0.0,0.0
2018-01-03 00:00:00+08:00,0.027000000700354576,0.027000000700354576,0.027000000700354576,0.027000000700354576,0,0.0,0.0,0.0
2018-01-04 00:00:00+08:00,0.027000000700354576,0.027000000700354576,0.027000000700354576,0.027000000700354576,0,0.0,0.0,0.0
2018-01-05 00:00:00+08:00,0.027000000700354576,0.027000000700354576,0.027000000700354576,0.027000000700354576,0,0.0,0.0,0.0
2018-01-08 00:00:00+08:00,0.027000000700354576,0.027000000700354576,0.027000000700354576,0.027000000700354576,0,0.0,0.0,0.0
2018-01-09 00:00:00+08:00,0.027000000700354576,0.027000000700354576,0.027000000700354576,0.027000000700354576,0,0.0,0.0,0.0
2018-01-10 00:00:00+08:00,0.02800000086426735,0.02800000086426735,0.02800000086426735,0.02800000086426735,10000,0.0,0.0,0.0
2018-01-11 00:00:00+08:00,0.028999999165534973,0.028999999165534973,0.02800000086426735,0.02800000086426735,272000,0.0,0.0,0.0
2018-01-12 00:00:00+08:00,0.028999999165534973,0.029999999329447746,0.02800000086426735,0.02800000086426735,422000,0.0,0.0,0.0
2018-01-15 00:00:00+08:00,0.02800000086426735,0.02800000086426735,0.02800000086426735,0.02800000086426735,0,0.0,0.0,0.0
2018-01-16 00:00:00+08:00,0.02800000086426735,0.02800000086426735,0.02800000086426735,0.02800000086426735,0,0.0,0.0,0.0
2018-01-17 00:00:00+08:00,0.02800000086426735,0.02800000086426735,0.02800000086426735,0.02800000086426735,0,0.0,0.0,0.0
2018-01-18 00:00:00+08:00,0.02800000086426735,0.029999999329447746,0.02800000086426735,0.02800000086426735,641000,0.0,0.0,0.0
2018-01-19 00:00:00+08:00,0.02800000086426735,0.02800000086426735,0.02800000086426735,0.02800000086426735,30000,0.0,0.0,0.0
2018-01-22 00:00:00+08:00,0.02800000086426735,0.02800000086426735,0.02800000086426735,0.02800000086426735,0,0.0,0.0,0.0
2018-01-23 00:00:00+08:00,0.02800000086426735,0.02800000086426735,0.02800000086426735,0.02800000086426735,0,0.0,0.0,0.0
2018-01-24 00:00:00+08:00,0.02800000086426735,0.02800000086426735,0.02800000086426735,0.02800000086426735,0,0.0,0.0,0.0
2018-01-25 00:00:00+08:00,0.02800000086426735,0.02800000086426735,0.02800000086426735,0.02800000086426735,0,0.0,0.0,0.0
2018-01-26 00:00:00+08:00,0.02800000086426735,0.02800000086426735,0.02800000086426735,0.02800000086426735,0,0.0,0.0,0.0
2018-01-29 00:00:00+08:00,0.02800000086426735,0.02800000086426735,0.02800000086426735,0.02800000086426735,0,0.0,0.0,0.0
2018-01-30 00:00:00+08:00,0.02800000086426735,0.02800000086426735,0.02800000086426735,0.02800000086426735,0,0.0,0.0,0.0
2018-01-31 00:00:00+08:00,0.02800000086426735,0.02800000086426735,0.02800000086426735,0.02800000086426735,0,0.0,0.0,0.0
2018-02-01 00:00:00+08:00,0.02800000086426735,0.02800000086426735,0.02800000086426735,0.02800000086426735,0,0.0,0.0,0.0
2018-02-02 00:00:00+08:00,0.029999999329447746,0.029999999329447746,0.029999999329447746,0.029999999329447746,531000,0.0,0.0,0.0
2018-02-05 00:00:00+08:00,0.029999999329447746,0.029999999329447746,0.029999999329447746,0.029999999329447746,0,0.0,0.0,0.0
2018-02-06 00:00:00+08:00,0.029999999329447746,0.029999999329447746,0.029999999329447746,0.029999999329447746,0,0.0,0.0,0.0
2018-02-07 00:00:00+08:00,0.029999999329447746,0.029999999329447746,0.029999999329447746,0.029999999329447746,0,0.0,0.0,0.0
2018-02-08 00:00:00+08:00,0.029999999329447746,0.029999999329447746,0.029999999329447746,0.029999999329447746,0,0.0,0.0,0.0
2018-02-09 00:00:00+08:00,0.027000000700354576,0.028999999165534973,0.026000000536441803,0.02800000086426735,349000,0.0,0.0,0.0
2018-02-12 00:00:00+08:00,0.026000000536441803,0.026000000536441803,0.026000000536441803,0.026000000536441803,100000,0.0,0.0,0.0
2018-02-13 00:00:00+08:00,0.026000000536441803,0.026000000536441803,0.024000000208616257,0.024000000208616257,1931000,0.0,0.0,0.0
2018-02-14 00:00:00+08:00,0.028999999165534973,0.028999999165534973,0.02500000037252903,0.02500000037252903,201000,0.0,0.0,0.0
2018-02-15 00:00:00+08:00,0.028999999165534973,0.028999999165534973,0.028999999165534973,0.028999999165534973,1000,0.0,0.0,0.0
2018-02-19 00:00:00+08:00,0.02500000037252903,0.02800000086426735,0.02500000037252903,0.02500000037252903,479000,0.0,0.0,0.0
2018-02-20 00:00:00+08:00,0.02500000037252903,0.02500000037252903,0.02500000037252903,0.02500000037252903,0,0.0,0.0,0.0
2018-02-21 00:00:00+08:00,0.02800000086426735,0.02800000086426735,0.02800000086426735,0.02800000086426735,51000,0.0,0.0,0.0
2018-02-22 00:00:00+08:00,0.02500000037252903,0.02500000037252903,0.02500000037252903,0.02500000037252903,112500,0.0,0.0,0.0
2018-02-23 00:00:00+08:00,0.02500000037252903,0.02500000037252903,0.02500000037252903,0.02500000037252903,0,0.0,0.0,0.0
2018-02-26 00:00:00+08:00,0.026000000536441803,0.026000000536441803,0.02500000037252903,0.026000000536441803,207100,0.0,0.0,0.0
2018-02-27 00:00:00+08:00,0.02800000086426735,0.02800000086426735,0.02800000086426735,0.02800000086426735,60000,0.0,0.0,0.0
2018-02-28 00:00:00+08:00,0.02800000086426735,0.02800000086426735,0.02800000086426735,0.02800000086426735,0,0.0,0.0,0.0
2018-03-01 00:00:00+08:00,0.02500000037252903,0.02500000037252903,0.02500000037252903,0.02500000037252903,400000,0.0,0.0,0.0
2018-03-02 00:00:00+08:00,0.02500000037252903,0.02500000037252903,0.02500000037252903,0.02500000037252903,147000,0.0,0.0,0.0
2018-03-05 00:00:00+08:00,0.02500000037252903,0.02500000037252903,0.020999999716877937,0.020999999716877937,1642000,0.0,0.0,0.0
2018-03-06 00:00:00+08:00,0.024000000208616257,0.024000000208616257,0.020999999716877937,0.02199999988079071,651000,0.0,0.0,0.0
2018-03-07 00:00:00+08:00,0.02199999988079071,0.023000000044703484,0.02199999988079071,0.023000000044703484,399000,0.0,0.0,0.0
2018-03-08 00:00:00+08:00,0.023000000044703484,0.023000000044703484,0.023000000044703484,0.023000000044703484,0,0.0,0.0,0.0
2018-03-09 00:00:00+08:00,0.020999999716877937,0.020999999716877937,0.020999999716877937,0.020999999716877937,546000,0.0,0.0,0.0
2018-03-12 00:00:00+08:00,0.020999999716877937,0.020999999716877937,0.020999999716877937,0.020999999716877937,0,0.0,0.0,0.0
2018-03-13 00:00:00+08:00,0.019999999552965164,0.019999999552965164,0.019999999552965164,0.019999999552965164,1273000,0.0,0.0,0.0
2018-03-14 00:00:00+08:00,0.019999999552965164,0.019999999552965164,0.019999999552965164,0.019999999552965164,0,0.0,0.0,0.0
2018-03-15 00:00:00+08:00,0.019999999552965164,0.019999999552965164,0.019999999552965164,0.019999999552965164,0,0.0,0.0,0.0
2018-03-16 00:00:00+08:00,0.019999999552965164,0.019999999552965164,0.019999999552965164,0.019999999552965164,0,0.0,0.0,0.0
2018-03-19 00:00:00+08:00,0.019999999552965164,0.019999999552965164,0.019999999552965164,0.019999999552965164,0,0.0,0.0,0.0
2018-03-20 00:00:00+08:00,0.020999999716877937,0.023000000044703484,0.019999999552965164,0.02199999988079071,2070600,0.0,0.0,0.0
2018-03-21 00:00:00+08:00,0.02199999988079071,0.024000000208616257,0.02199999988079071,0.023000000044703484,3947400,0.0,0.0,0.0
2018-03-22 00:00:00+08:00,0.023000000044703484,0.023000000044703484,0.023000000044703484,0.023000000044703484,0,0.0,0.0,0.0
2018-03-23 00:00:00+08:00,0.02199999988079071,0.02199999988079071,0.02199999988079071,0.02199999988079071,500000,0.0,0.0,0.0
2018-03-26 00:00:00+08:00,0.024000000208616257,0.024000000208616257,0.02199999988079071,0.02199999988079071,11000,0.0,0.0,0.0
2018-03-27 00:00:00+08:00,0.02199999988079071,0.02199999988079071,0.02199999988079071,0.02199999988079071,0,0.0,0.0,0.0
2018-03-28 00:00:00+08:00,0.02199999988079071,0.02199999988079071,0.020999999716877937,0.020999999716877937,1623000,0.0,0.0,0.0
2018-03-29 00:00:00+08:00,0.019999999552965164,0.019999999552965164,0.019999999552965164,0.019999999552965164,100000,0.0,0.0,0.0
2018-04-02 00:00:00+08:00,0.019999999552965164,0.020999999716877937,0.019999999552965164,0.019999999552965164,512500,0.0,0.0,0.0
2018-04-03 00:00:00+08:00,0.019999999552965164,0.019999999552965164,0.019999999552965164,0.019999999552965164,0,0.0,0.0,0.0
2018-04-04 00:00:00+08:00,0.020999999716877937,0.020999999716877937,0.020999999716877937,0.020999999716877937,380000,0.0,0.0,0.0
2018-04-05 00:00:00+08:00,0.019999999552965164,0.02199999988079071,0.019999999552965164,0.02199999988079071,509000,0.0,0.0,0.0
2018-04-06 00:00:00+08:00,0.019999999552965164,0.019999999552965164,0.019999999552965164,0.019999999552965164,100000,0.0,0.0,0.0
2018-04-09 00:00:00+08:00,0.019999999552965164,0.019999999552965164,0.019999999552965164,0.019999999552965164,0,0.0,0.0,0.0
2018-04-10 00:00:00+08:00,0.019999999552965164,0.019999999552965164,0.019999999552965164,0.019999999552965164,0,0.0,0.0,0.0
2018-04-11 00:00:00+08:00,0.01899999938905239,0.020999999716877937,0.017999999225139618,0.020999999716877937,900000,0.0,0.0,0.0
2018-04-12 00:00:00+08:00,0.019999999552965164,0.019999999552965164,0.019999999552965164,0.019999999552965164,500000,0.0,0.0,0.0
2018-04-13 00:00:00+08:00,0.019999999552965164,0.019999999552965164,0.019999999552965164,0.019999999552965164,0,0.0,0.0,0.0
2018-04-16 00:00:00+08:00,0.019999999552965164,0.019999999552965164,0.019999999552965164,0.019999999552965164,0,0.0,0.0,0.0
2018-04-17 00:00:00+08:00,0.019999999552965164,0.019999999552965164,0.019999999552965164,0.019999999552965164,0,0.0,0.0,0.0
2018-04-18 00:00:00+08:00,0.019999999552965164,0.019999999552965164,0.019999999552965164,0.019999999552965164,0,0.0,0.0,0.0
2018-04-19 00:00:00+08:00,0.019999999552965164,0.019999999552965164,0.019999999552965164,0.019999999552965164,880000,0.0,0.0,0.0
2018-04-20 00:00:00+08:00,0.019999999552965164,0.019999999552965164,0.019999999552965164,0.019999999552965164,50000,0.0,0.0,0.0
2018-04-23 00:00:00+08:00,0.020999999716877937,0.02199999988079071,0.020999999716877937,0.02199999988079071,740000,0.0,0.0,0.0
2018-04-24 00:00:00+08:00,0.019999999552965164,0.02199999988079071,0.019999999552965164,0.02199999988079071,701000,0.0,0.0,0.0
2018-04-25 00:00:00+08:00,0.019999999552965164,0.02199999988079071,0.019999999552965164,0.02199999988079071,561000,0.0,0.0,0.0
2018-04-26 00:00:00+08:00,0.02199999988079071,0.02199999988079071,0.02199999988079071,0.02199999988079071,0,0.0,0.0,0.0
2018-04-27 00:00:00+08:00,0.02199999988079071,0.02199999988079071,0.02199999988079071,0.02199999988079071,0,0.0,0.0,0.0
2018-04-30 00:00:00+08:00,0.02199999988079071,0.02199999988079071,0.02199999988079071,0.02199999988079071,0,0.0,0.0,0.0
2018-05-02 00:00:00+08:00,0.024000000208616257,0.024000000208616257,0.024000000208616257,0.024000000208616257,1000,0.0,0.0,0.0
2018-05-03 00:00:00+08:00,0.023000000044703484,0.023000000044703484,0.023000000044703484,0.023000000044703484,300000,0.0,0.0,0.0
2018-05-04 00:00:00+08:00,0.023000000044703484,0.023000000044703484,0.023000000044703484,0.023000000044703484,500000,0.0,0.0,0.0
2018-05-07 00:00:00+08:00,0.023000000044703484,0.024000000208616257,0.023000000044703484,0.024000000208616257,445100,0.0,0.0,0.0
2018-05-08 00:00:00+08:00,0.024000000208616257,0.024000000208616257,0.024000000208616257,0.024000000208616257,0,0.0,0.0,0.0
2018-05-09 00:00:00+08:00,0.024000000208616257,0.024000000208616257,0.024000000208616257,0.024000000208616257,0,0.0,0.0,0.0
2018-05-10 00:00:00+08:00,0.024000000208616257,0.024000000208616257,0.024000000208616257,0.024000000208616257,0,0.0,0.0,0.0
2018-05-11 00:00:00+08:00,0.024000000208616257,0.024000000208616257,0.024000000208616257,0.024000000208616257,0,0.0,0.0,0.0
2018-05-14 00:00:00+08:00,0.024000000208616257,0.024000000208616257,0.024000000208616257,0.024000000208616257,0,0.0,0.0,0.0
2018-05-15 00:00:00+08:00,0.024000000208616257,0.024000000208616257,0.024000000208616257,0.024000000208616257,0,0.0,0.0,0.0
2018-05-16 00:00:00+08:00,0.024000000208616257,0.024000000208616257,0.024000000208616257,0.024000000208616257,0,0.0,0.0,0.0
2018-05-17 00:00:00+08:00,0.02500000037252903,0.02500000037252903,0.02199999988079071,0.02199999988079071,801000,0.0,0.0,0.0
2018-05-18 00:00:00+08:00,0.02199999988079071,0.02199999988079071,0.02199999988079071,0.02199999988079071,0,0.0,0.0,0.0
2018-05-21 00:00:00+08:00,0.020999999716877937,0.024000000208616257,0.020999999716877937,0.020999999716877937,127500,0.0,0.0,0.0
2018-05-22 00:00:00+08:00,0.020999999716877937,0.020999999716877937,0.020999999716877937,0.020999999716877937,0,0.0,0.0,0.0
2018-05-23 00:00:00+08:00,0.020999999716877937,0.020999999716877937,0.020999999716877937,0.020999999716877937,0,0.0,0.0,0.0
2018-05-24 00:00:00+08:00,0.020999999716877937,0.020999999716877937,0.020999999716877937,0.020999999716877937,0,0.0,0.0,0.0
2018-05-25 00:00:00+08:00,0.020999999716877937,0.020999999716877937,0.020999999716877937,0.020999999716877937,0,0.0,0.0,0.0
2018-05-28 00:00:00+08:00,0.019999999552965164,0.019999999552965164,0.019999999552965164,0.019999999552965164,100000,0.0,0.0,0.0
2018-05-30 00:00:00+08:00,0.019999999552965164,0.019999999552965164,0.019999999552965164,0.019999999552965164,0,0.0,0.0,0.0
2018-05-31 00:00:00+08:00,0.019999999552965164,0.019999999552965164,0.019999999552965164,0.019999999552965164,0,0.0,0.0,0.0
2018-06-01 00:00:00+08:00,0.019999999552965164,0.019999999552965164,0.019999999552965164,0.019999999552965164,0,0.0,0.0,0.0
2018-06-04 00:00:00+08:00,0.024000000208616257,0.024000000208616257,0.020999999716877937,0.020999999716877937,1080000,0.0,0.0,0.0
2018-06-05 00:00:00+08:00,0.020999999716877937,0.020999999716877937,0.020999999716877937,0.020999999716877937,0,0.0,0.0,0.0
2018-06-06 00:00:00+08:00,0.020999999716877937,0.020999999716877937,0.020999999716877937,0.020999999716877937,0,0.0,0.0,0.0
2018-06-07 00:00:00+08:00,0.020999999716877937,0.020999999716877937,0.020999999716877937,0.020999999716877937,0,0.0,0.0,0.0
2018-06-08 00:00:00+08:00,0.020999999716877937,0.020999999716877937,0.020999999716877937,0.020999999716877937,0,0.0,0.0,0.0
2018-06-11 00:00:00+08:00,0.020999999716877937,0.020999999716877937,0.020999999716877937,0.020999999716877937,0,0.0,0.0,0.0
2018-06-12 00:00:00+08:00,0.020999999716877937,0.020999999716877937,0.020999999716877937,0.020999999716877937,0,0.0,0.0,0.0
2018-06-13 00:00:00+08:00,0.020999999716877937,0.020999999716877937,0.020999999716877937,0.020999999716877937,0,0.0,0.0,0.0
2018-06-14 00:00:00+08:00,0.024000000208616257,0.028999999165534973,0.024000000208616257,0.028999999165534973,481000,0.0,0.0,0.0
2018-06-18 00:00:00+08:00,0.028999999165534973,0.028999999165534973,0.028999999165534973,0.028999999165534973,0,0.0,0.0,0.0
2018-06-19 00:00:00+08:00,0.028999999165534973,0.028999999165534973,0.028999999165534973,0.028999999165534973,0,0.0,0.0,0.0
2018-06-20 00:00:00+08:00,0.028999999165534973,0.028999999165534973,0.028999999165534973,0.028999999165534973,0,0.0,0.0,0.0
2018-06-21 00:00:00+08:00,0.028999999165534973,0.028999999165534973,0.028999999165534973,0.028999999165534973,0,0.0,0.0,0.0
2018-06-22 00:00:00+08:00,0.028999999165534973,0.028999999165534973,0.028999999165534973,0.028999999165534973,0,0.0,0.0,0.0
2018-06-25 00:00:00+08:00,0.028999999165534973,0.028999999165534973,0.028999999165534973,0.028999999165534973,0,0.0,0.0,0.0
2018-06-26 00:00:00+08:00,0.02500000037252903,0.02500000037252903,0.02500000037252903,0.02500000037252903,1000,0.0,0.0,0.0
2018-06-27 00:00:00+08:00,0.027000000700354576,0.03500000014901161,0.027000000700354576,0.027000000700354576,557200,0.0,0.0,0.0
2018-06-28 00:00:00+08:00,0.02500000037252903,0.029999999329447746,0.02500000037252903,0.029999999329447746,377800,0.0,0.0,0.0
2018-06-29 00:00:00+08:00,0.024000000208616257,0.03099999949336052,0.024000000208616257,0.029999999329447746,1875000,0.0,0.0,0.0
2018-07-02 00:00:00+08:00,0.029999999329447746,0.029999999329447746,0.029999999329447746,0.029999999329447746,0,0.0,0.0,0.0
2018-07-03 00:00:00+08:00,0.02800000086426735,0.02800000086426735,0.024000000208616257,0.024000000208616257,170000,0.0,0.0,0.0
2018-07-04 00:00:00+08:00,0.02800000086426735,0.02800000086426735,0.02800000086426735,0.02800000086426735,1000,0.0,0.0,0.0
2018-07-05 00:00:00+08:00,0.028999999165534973,0.028999999165534973,0.028999999165534973,0.028999999165534973,150000,0.0,0.0,0.0
2018-07-06 00:00:00+08:00,0.02800000086426735,0.029999999329447746,0.02800000086426735,0.028999999165534973,3058500,0.0,0.0,0.0
2018-07-09 00:00:00+08:00,0.028999999165534973,0.028999999165534973,0.02500000037252903,0.02500000037252903,1840000,0.0,0.0,0.0
2018-07-10 00:00:00+08:00,0.024000000208616257,0.024000000208616257,0.024000000208616257,0.024000000208616257,150000,0.0,0.0,0.0
2018-07-11 00:00:00+08:00,0.028999999165534973,0.028999999165534973,0.023000000044703484,0.023000000044703484,274000,0.0,0.0,0.0
2018-07-12 00:00:00+08:00,0.023000000044703484,0.023000000044703484,0.023000000044703484,0.023000000044703484,0,0.0,0.0,0.0
2018-07-13 00:00:00+08:00,0.023000000044703484,0.023000000044703484,0.023000000044703484,0.023000000044703484,0,0.0,0.0,0.0
2018-07-16 00:00:00+08:00,0.027000000700354576,0.02800000086426735,0.023000000044703484,0.023000000044703484,210000,0.0,0.0,0.0
2018-07-17 00:00:00+08:00,0.023000000044703484,0.023000000044703484,0.023000000044703484,0.023000000044703484,0,0.0,0.0,0.0
2018-07-18 00:00:00+08:00,0.023000000044703484,0.023000000044703484,0.023000000044703484,0.023000000044703484,0,0.0,0.0,0.0
2018-07-19 00:00:00+08:00,0.023000000044703484,0.023000000044703484,0.023000000044703484,0.023000000044703484,0,0.0,0.0,0.0
2018-07-20 00:00:00+08:00,0.026000000536441803,0.028999999165534973,0.026000000536441803,0.028999999165534973,185000,0.0,0.0,0.0
2018-07-23 00:00:00+08:00,0.023000000044703484,0.026000000536441803,0.023000000044703484,0.026000000536441803,227500,0.0,0.0,0.0
2018-07-24 00:00:00+08:00,0.026000000536441803,0.026000000536441803,0.026000000536441803,0.026000000536441803,0,0.0,0.0,0.0
2018-07-25 00:00:00+08:00,0.02500000037252903,0.02800000086426735,0.02500000037252903,0.02800000086426735,812000,0.0,0.0,0.0
2018-07-26 00:00:00+08:00,0.02500000037252903,0.02500000037252903,0.02500000037252903,0.02500000037252903,171700,0.0,0.0,0.0
2018-07-27 00:00:00+08:00,0.02500000037252903,0.02500000037252903,0.02500000037252903,0.02500000037252903,0,0.0,0.0,0.0
2018-07-30 00:00:00+08:00,0.02500000037252903,0.02500000037252903,0.02500000037252903,0.02500000037252903,0,0.0,0.0,0.0
2018-07-31 00:00:00+08:00,0.02500000037252903,0.02500000037252903,0.02500000037252903,0.02500000037252903,11000,0.0,0.0,0.0
2018-08-01 00:00:00+08:00,0.02500000037252903,0.02500000037252903,0.02500000037252903,0.02500000037252903,0,0.0,0.0,0.0
2018-08-02 00:00:00+08:00,0.02500000037252903,0.02500000037252903,0.02500000037252903,0.02500000037252903,0,0.0,0.0,0.0
2018-08-03 00:00:00+08:00,0.02500000037252903,0.02500000037252903,0.02500000037252903,0.02500000037252903,0,0.0,0.0,0.0
2018-08-06 00:00:00+08:00,0.02500000037252903,0.02500000037252903,0.02500000037252903,0.02500000037252903,0,0.0,0.0,0.0
2018-08-07 00:00:00+08:00,0.02500000037252903,0.02500000037252903,0.02500000037252903,0.02500000037252903,0,0.0,0.0,0.0
2018-08-08 00:00:00+08:00,0.02500000037252903,0.02500000037252903,0.02500000037252903,0.02500000037252903,0,0.0,0.0,0.0
2018-08-10 00:00:00+08:00,0.02500000037252903,0.02500000037252903,0.02500000037252903,0.02500000037252903,0,0.0,0.0,0.0
2018-08-13 00:00:00+08:00,0.02800000086426735,0.02800000086426735,0.02800000086426735,0.02800000086426735,150000,0.0,0.0,0.0
2018-08-14 00:00:00+08:00,0.02800000086426735,0.02800000086426735,0.02800000086426735,0.02800000086426735,0,0.0,0.0,0.0
2018-08-15 00:00:00+08:00,0.02800000086426735,0.02800000086426735,0.02800000086426735,0.02800000086426735,0,0.0,0.0,0.0
2018-08-16 00:00:00+08:00,0.02800000086426735,0.02800000086426735,0.02800000086426735,0.02800000086426735,0,0.0,0.0,0.0
2018-08-17 00:00:00+08:00,0.028999999165534973,0.028999999165534973,0.028999999165534973,0.028999999165534973,200,0.0,0.0,0.0
2018-08-20 00:00:00+08:00,0.028999999165534973,0.028999999165534973,0.028999999165534973,0.028999999165534973,900,0.0,0.0,0.0
2018-08-21 00:00:00+08:00,0.028999999165534973,0.028999999165534973,0.028999999165534973,0.028999999165534973,0,0.0,0.0,0.0
2018-08-23 00:00:00+08:00,0.028999999165534973,0.028999999165534973,0.028999999165534973,0.028999999165534973,0,0.0,0.0,0.0
2018-08-24 00:00:00+08:00,0.028999999165534973,0.028999999165534973,0.028999999165534973,0.028999999165534973,0,0.0,0.0,0.0
2018-08-27 00:00:00+08:00,0.028999999165534973,0.028999999165534973,0.028999999165534973,0.028999999165534973,0,0.0,0.0,0.0
2018-08-28 00:00:00+08:00,0.02500000037252903,0.02500000037252903,0.02500000037252903,0.02500000037252903,300000,0.0,0.0,0.0
2018-08-29 00:00:00+08:00,0.024000000208616257,0.028999999165534973,0.024000000208616257,0.02800000086426735,51300,0.0,0.0,0.0
2018-08-30 00:00:00+08:00,0.02500000037252903,0.029999999329447746,0.02500000037252903,0.02500000037252903,392100,0.0,0.0,0.0
2018-08-31 00:00:00+08:00,0.02500000037252903,0.02500000037252903,0.02500000037252903,0.02500000037252903,0,0.0,0.0,0.0
2018-09-03 00:00:00+08:00,0.02500000037252903,0.02500000037252903,0.02500000037252903,0.02500000037252903,0,0.0,0.0,0.0
2018-09-04 00:00:00+08:00,0.028999999165534973,0.029999999329447746,0.024000000208616257,0.029999999329447746,35000,0.0,0.0,0.0
2018-09-05 00:00:00+08:00,0.029999999329447746,0.029999999329447746,0.029999999329447746,0.029999999329447746,0,0.0,0.0,0.0
2018-09-06 00:00:00+08:00,0.02500000037252903,0.03700000047683716,0.024000000208616257,0.024000000208616257,131000,0.0,0.0,0.0
2018-09-07 00:00:00+08:00,0.024000000208616257,0.024000000208616257,0.024000000208616257,0.024000000208616257,0,0.0,0.0,0.0
2018-09-10 00:00:00+08:00,0.024000000208616257,0.024000000208616257,0.024000000208616257,0.024000000208616257,0,0.0,0.0,0.0
2018-09-11 00:00:00+08:00,0.024000000208616257,0.024000000208616257,0.024000000208616257,0.024000000208616257,0,0.0,0.0,0.0
2018-09-12 00:00:00+08:00,0.024000000208616257,0.024000000208616257,0.024000000208616257,0.024000000208616257,0,0.0,0.0,0.0
2018-09-13 00:00:00+08:00,0.024000000208616257,0.024000000208616257,0.024000000208616257,0.024000000208616257,0,0.0,0.0,0.0
2018-09-14 00:00:00+08:00,0.024000000208616257,0.024000000208616257,0.024000000208616257,0.024000000208616257,0,0.0,0.0,0.0
2018-09-17 00:00:00+08:00,0.024000000208616257,0.024000000208616257,0.024000000208616257,0.024000000208616257,0,0.0,0.0,0.0
2018-09-18 00:00:00+08:00,0.024000000208616257,0.024000000208616257,0.024000000208616257,0.024000000208616257,0,0.0,0.0,0.0
2018-09-19 00:00:00+08:00,0.024000000208616257,0.024000000208616257,0.024000000208616257,0.024000000208616257,0,0.0,0.0,0.0
2018-09-20 00:00:00+08:00,0.024000000208616257,0.024000000208616257,0.024000000208616257,0.024000000208616257,0,0.0,0.0,0.0
2018-09-21 00:00:00+08:00,0.027000000700354576,0.029999999329447746,0.027000000700354576,0.027000000700354576,179000,0.0,0.0,0.0
2018-09-24 00:00:00+08:00,0.027000000700354576,0.027000000700354576,0.027000000700354576,0.027000000700354576,0,0.0,0.0,0.0
2018-09-25 00:00:00+08:00,0.027000000700354576,0.027000000700354576,0.027000000700354576,0.027000000700354576,7900,0.0,0.0,0.0
2018-09-26 00:00:00+08:00,0.028999999165534973,0.028999999165534973,0.028999999165534973,0.028999999165534973,1000,0.0,0.0,0.0
2018-09-27 00:00:00+08:00,0.028999999165534973,0.028999999165534973,0.028999999165534973,0.028999999165534973,0,0.0,0.0,0.0
2018-09-28 00:00:00+08:00,0.028999999165534973,0.028999999165534973,0.028999999165534973,0.028999999165534973,0,0.0,0.0,0.0
2018-10-01 00:00:00+08:00,0.028999999165534973,0.028999999165534973,0.028999999165534973,0.028999999165534973,0,0.0,0.0,0.0
2018-10-02 00:00:00+08:00,0.024000000208616257,0.028999999165534973,0.024000000208616257,0.024000000208616257,102200,0.0,0.0,0.0
2018-10-03 00:00:00+08:00,0.024000000208616257,0.024000000208616257,0.024000000208616257,0.024000000208616257,0,0.0,0.0,0.0
2018-10-04 00:00:00+08:00,0.024000000208616257,0.024000000208616257,0.024000000208616257,0.024000000208616257,0,0.0,0.0,0.0
2018-10-05 00:00:00+08:00,0.024000000208616257,0.024000000208616257,0.024000000208616257,0.024000000208616257,0,0.0,0.0,0.0
2018-10-08 00:00:00+08:00,0.023000000044703484,0.024000000208616257,0.023000000044703484,0.024000000208616257,420000,0.0,0.0,0.0
2018-10-09 00:00:00+08:00,0.024000000208616257,0.024000000208616257,0.024000000208616257,0.024000000208616257,0,0.0,0.0,0.0
2018-10-10 00:00:00+08:00,0.024000000208616257,0.024000000208616257,0.024000000208616257,0.024000000208616257,0,0.0,0.0,0.0
2018-10-11 00:00:00+08:00,0.024000000208616257,0.024000000208616257,0.024000000208616257,0.024000000208616257,0,0.0,0.0,0.0
2018-10-12 00:00:00+08:00,0.024000000208616257,0.024000000208616257,0.024000000208616257,0.024000000208616257,0,0.0,0.0,0.0
2018-10-15 00:00:00+08:00,0.024000000208616257,0.024000000208616257,0.024000000208616257,0.024000000208616257,0,0.0,0.0,0.0
2018-10-16 00:00:00+08:00,0.024000000208616257,0.024000000208616257,0.024000000208616257,0.024000000208616257,0,0.0,0.0,0.0
2018-10-17 00:00:00+08:00,0.024000000208616257,0.024000000208616257,0.024000000208616257,0.024000000208616257,0,0.0,0.0,0.0
2018-10-18 00:00:00+08:00,0.024000000208616257,0.024000000208616257,0.024000000208616257,0.024000000208616257,0,0.0,0.0,0.0
2018-10-19 00:00:00+08:00,0.024000000208616257,0.024000000208616257,0.024000000208616257,0.024000000208616257,0,0.0,0.0,0.0
2018-10-22 00:00:00+08:00,0.024000000208616257,0.024000000208616257,0.024000000208616257,0.024000000208616257,0,0.0,0.0,0.0
2018-10-23 00:00:00+08:00,0.024000000208616257,0.024000000208616257,0.024000000208616257,0.024000000208616257,0,0.0,0.0,0.0
2018-10-24 00:00:00+08:00,0.024000000208616257,0.024000000208616257,0.024000000208616257,0.024000000208616257,0,0.0,0.0,0.0
2018-10-25 00:00:00+08:00,0.02199999988079071,0.02199999988079071,0.020999999716877937,0.020999999716877937,100000,0.0,0.0,0.0
2018-10-26 00:00:00+08:00,0.020999999716877937,0.020999999716877937,0.020999999716877937,0.020999999716877937,0,0.0,0.0,0.0
2018-10-29 00:00:00+08:00,0.026000000536441803,0.02800000086426735,0.026000000536441803,0.02800000086426735,368600,0.0,0.0,0.0
2018-10-30 00:00:00+08:00,0.02800000086426735,0.02800000086426735,0.02800000086426735,0.02800000086426735,0,0.0,0.0,0.0
2018-10-31 00:00:00+08:00,0.02199999988079071,0.03099999949336052,0.020999999716877937,0.03099999949336052,300100,0.0,0.0,0.0
2018-11-01 00:00:00+08:00,0.03099999949336052,0.03099999949336052,0.03099999949336052,0.03099999949336052,0,0.0,0.0,0.0
2018-11-02 00:00:00+08:00,0.03099999949336052,0.03099999949336052,0.03099999949336052,0.03099999949336052,0,0.0,0.0,0.0
2018-11-05 00:00:00+08:00,0.03799999877810478,0.03799999877810478,0.026000000536441803,0.026000000536441803,201000,0.0,0.0,0.0
2018-11-07 00:00:00+08:00,0.027000000700354576,0.027000000700354576,0.027000000700354576,0.027000000700354576,200000,0.0,0.0,0.0
2018-11-08 00:00:00+08:00,0.027000000700354576,0.027000000700354576,0.027000000700354576,0.027000000700354576,0,0.0,0.0,0.0
2018-11-09 00:00:00+08:00,0.027000000700354576,0.027000000700354576,0.027000000700354576,0.027000000700354576,0,0.0,0.0,0.0
2018-11-12 00:00:00+08:00,0.027000000700354576,0.027000000700354576,0.027000000700354576,0.027000000700354576,0,0.0,0.0,0.0
2018-11-13 00:00:00+08:00,0.027000000700354576,0.027000000700354576,0.027000000700354576,0.027000000700354576,0,0.0,0.0,0.0
2018-11-14 00:00:00+08:00,0.027000000700354576,0.027000000700354576,0.027000000700354576,0.027000000700354576,0,0.0,0.0,0.0
2018-11-15 00:00:00+08:00,0.027000000700354576,0.027000000700354576,0.027000000700354576,0.027000000700354576,0,0.0,0.0,0.0
2018-11-16 00:00:00+08:00,0.027000000700354576,0.027000000700354576,0.027000000700354576,0.027000000700354576,0,0.0,0.0,0.0
2018-11-19 00:00:00+08:00,0.027000000700354576,0.027000000700354576,0.027000000700354576,0.027000000700354576,0,0.0,0.0,0.0
2018-11-20 00:00:00+08:00,0.027000000700354576,0.027000000700354576,0.027000000700354576,0.027000000700354576,0,0.0,0.0,0.0
2018-11-21 00:00:00+08:00,0.027000000700354576,0.027000000700354576,0.027000000700354576,0.027000000700354576,0,0.0,0.0,0.0
2018-11-22 00:00:00+08:00,0.027000000700354576,0.027000000700354576,0.027000000700354576,0.027000000700354576,0,0.0,0.0,0.0
2018-11-23 00:00:00+08:00,0.027000000700354576,0.027000000700354576,0.027000000700354576,0.027000000700354576,0,0.0,0.0,0.0
2018-11-26 00:00:00+08:00,0.027000000700354576,0.027000000700354576,0.027000000700354576,0.027000000700354576,0,0.0,0.0,0.0
2018-11-27 00:00:00+08:00,0.027000000700354576,0.027000000700354576,0.027000000700354576,0.027000000700354576,0,0.0,0.0,0.0
2018-11-28 00:00:00+08:00,0.027000000700354576,0.027000000700354576,0.027000000700354576,0.027000000700354576,0,0.0,0.0,0.0
2018-11-29 00:00:00+08:00,0.027000000700354576,0.027000000700354576,0.027000000700354576,0.027000000700354576,0,0.0,0.0,0.0
2018-11-30 00:00:00+08:00,0.027000000700354576,0.027000000700354576,0.027000000700354576,0.027000000700354576,0,0.0,0.0,0.0
2018-12-03 00:00:00+08:00,0.027000000700354576,0.027000000700354576,0.027000000700354576,0.027000000700354576,0,0.0,0.0,0.0
2018-12-04 00:00:00+08:00,0.027000000700354576,0.027000000700354576,0.027000000700354576,0.027000000700354576,0,0.0,0.0,0.0
2018-12-05 00:00:00+08:00,0.027000000700354576,0.027000000700354576,0.027000000700354576,0.027000000700354576,0,0.0,0.0,0.0
2018-12-06 00:00:00+08:00,0.027000000700354576,0.027000000700354576,0.027000000700354576,0.027000000700354576,0,0.0,0.0,0.0
2018-12-07 00:00:00+08:00,0.027000000700354576,0.027000000700354576,0.027000000700354576,0.027000000700354576,0,0.0,0.0,0.0
2018-12-10 00:00:00+08:00,0.027000000700354576,0.027000000700354576,0.027000000700354576,0.027000000700354576,0,0.0,0.0,0.0
2018-12-11 00:00:00+08:00,0.03799999877810478,0.03799999877810478,0.029999999329447746,0.029999999329447746,290000,0.0,0.0,0.0
2018-12-12 00:00:00+08:00,0.029999999329447746,0.029999999329447746,0.029999999329447746,0.029999999329447746,0,0.0,0.0,0.0
2018-12-13 00:00:00+08:00,0.029999999329447746,0.029999999329447746,0.02500000037252903,0.02500000037252903,610000,0.0,0.0,0.0
2018-12-14 00:00:00+08:00,0.03400000184774399,0.03400000184774399,0.023000000044703484,0.02500000037252903,6000,0.0,0.0,0.0
2018-12-17 00:00:00+08:00,0.029999999329447746,0.029999999329447746,0.028999999165534973,0.028999999165534973,100000,0.0,0.0,0.0
2018-12-18 00:00:00+08:00,0.026000000536441803,0.027000000700354576,0.02500000037252903,0.026000000536441803,330000,0.0,0.0,0.0
2018-12-19 00:00:00+08:00,0.027000000700354576,0.027000000700354576,0.026000000536441803,0.026000000536441803,308000,0.0,0.0,0.0
2018-12-20 00:00:00+08:00,0.026000000536441803,0.026000000536441803,0.026000000536441803,0.026000000536441803,0,0.0,0.0,0.0
2018-12-21 00:00:00+08:00,0.026000000536441803,0.026000000536441803,0.026000000536441803,0.026000000536441803,0,0.0,0.0,0.0
2018-12-24 00:00:00+08:00,0.026000000536441803,0.026000000536441803,0.026000000536441803,0.026000000536441803,0,0.0,0.0,0.0
2018-12-26 00:00:00+08:00,0.026000000536441803,0.026000000536441803,0.026000000536441803,0.026000000536441803,0,0.0,0.0,0.0
2018-12-27 00:00:00+08:00,0.027000000700354576,0.027000000700354576,0.026000000536441803,0.026000000536441803,311000,0.0,0.0,0.0
2018-12-28 00:00:00+08:00,0.026000000536441803,0.026000000536441803,0.026000000536441803,0.026000000536441803,0,0.0,0.0,0.0
2018-12-31 00:00:00+08:00,0.026000000536441803,0.026000000536441803,0.026000000536441803,0.026000000536441803,0,0.0,0.0,0.0
2019-01-01 00:00:00+08:00,0.026000000536441803,0.026000000536441803,0.026000000536441803,0.026000000536441803,0,0.0,0.0,0.0
2019-01-02 00:00:00+08:00,0.03500000014901161,0.03500000014901161,0.02500000037252903,0.03099999949336052,452000,0.0,0.0,0.0
2019-01-03 00:00:00+08:00,0.03099999949336052,0.03099999949336052,0.03099999949336052,0.03099999949336052,0,0.0,0.0,0.0
2019-01-04 00:00:00+08:00,0.03099999949336052,0.03099999949336052,0.03099999949336052,0.03099999949336052,0,0.0,0.0,0.0
2019-01-07 00:00:00+08:00,0.026000000536441803,0.026000000536441803,0.026000000536441803,0.026000000536441803,600000,0.0,0.0,0.0
2019-01-08 00:00:00+08:00,0.026000000536441803,0.026000000536441803,0.026000000536441803,0.026000000536441803,0,0.0,0.0,0.0
2019-01-09 00:00:00+08:00,0.027000000700354576,0.02800000086426735,0.027000000700354576,0.02800000086426735,1388000,0.0,0.0,0.0
2019-01-10 00:00:00+08:00,0.028999999165534973,0.029999999329447746,0.028999999165534973,0.029999999329447746,543000,0.0,0.0,0.0
2019-01-11 00:00:00+08:00,0.028999999165534973,0.028999999165534973,0.028999999165534973,0.028999999165534973,330000,0.0,0.0,0.0
2019-01-14 00:00:00+08:00,0.028999999165534973,0.028999999165534973,0.028999999165534973,0.028999999165534973,0,0.0,0.0,0.0
2019-01-15 00:00:00+08:00,0.028999999165534973,0.028999999165534973,0.028999999165534973,0.028999999165534973,0,0.0,0.0,0.0
2019-01-16 00:00:00+08:00,0.026000000536441803,0.026000000536441803,0.026000000536441803,0.026000000536441803,100000,0.0,0.0,0.0
2019-01-17 00:00:00+08:00,0.027000000700354576,0.027000000700354576,0.02500000037252903,0.02500000037252903,400000,0.0,0.0,0.0
2019-01-18 00:00:00+08:00,0.02500000037252903,0.02500000037252903,0.02500000037252903,0.02500000037252903,0,0.0,0.0,0.0
2019-01-21 00:00:00+08:00,0.02500000037252903,0.02500000037252903,0.02500000037252903,0.02500000037252903,0,0.0,0.0,0.0
2019-01-22 00:00:00+08:00,0.02500000037252903,0.02500000037252903,0.02500000037252903,0.02500000037252903,0,0.0,0.0,0.0
2019-01-23 00:00:00+08:00,0.027000000700354576,0.028999999165534973,0.026000000536441803,0.02800000086426735,680000,0.0,0.0,0.0
2019-01-24 00:00:00+08:00,0.02800000086426735,0.02800000086426735,0.02800000086426735,0.02800000086426735,400000,0.0,0.0,0.0
2019-01-25 00:00:00+08:00,0.027000000700354576,0.02800000086426735,0.027000000700354576,0.02800000086426735,850000,0.0,0.0,0.0
2019-01-28 00:00:00+08:00,0.02800000086426735,0.02800000086426735,0.02800000086426735,0.02800000086426735,0,0.0,0.0,0.0
2019-01-29 00:00:00+08:00,0.02800000086426735,0.02800000086426735,0.027000000700354576,0.027000000700354576,159000,0.0,0.0,0.0
2019-01-30 00:00:00+08:00,0.027000000700354576,0.027000000700354576,0.027000000700354576,0.027000000700354576,0,0.0,0.0,0.0
2019-01-31 00:00:00+08:00,0.027000000700354576,0.027000000700354576,0.027000000700354576,0.027000000700354576,0,0.0,0.0,0.0
2019-02-01 00:00:00+08:00,0.02800000086426735,0.02800000086426735,0.027000000700354576,0.027000000700354576,400000,0.0,0.0,0.0
2019-02-04 00:00:00+08:00,0.027000000700354576,0.027000000700354576,0.027000000700354576,0.027000000700354576,0,0.0,0.0,0.0
2019-02-05 00:00:00+08:00,0.027000000700354576,0.027000000700354576,0.027000000700354576,0.027000000700354576,0,0.0,0.0,0.0
2019-02-07 00:00:00+08:00,0.027000000700354576,0.027000000700354576,0.027000000700354576,0.027000000700354576,0,0.0,0.0,0.0
2019-02-08 00:00:00+08:00,0.027000000700354576,0.027000000700354576,0.027000000700354576,0.027000000700354576,0,0.0,0.0,0.0
2019-02-11 00:00:00+08:00,0.027000000700354576,0.02800000086426735,0.027000000700354576,0.02800000086426735,1544400,0.0,0.0,0.0
2019-02-12 00:00:00+08:00,0.02800000086426735,0.03099999949336052,0.02800000086426735,0.02800000086426735,800000,0.0,0.0,0.0
2019-02-13 00:00:00+08:00,0.02800000086426735,0.028999999165534973,0.02800000086426735,0.02800000086426735,679400,0.0,0.0,0.0
2019-02-14 00:00:00+08:00,0.02800000086426735,0.02800000086426735,0.02800000086426735,0.02800000086426735,0,0.0,0.0,0.0
2019-02-15 00:00:00+08:00,0.028999999165534973,0.028999999165534973,0.02800000086426735,0.02800000086426735,310000,0.0,0.0,0.0
2019-02-18 00:00:00+08:00,0.02800000086426735,0.029999999329447746,0.02800000086426735,0.029999999329447746,1212000,0.0,0.0,0.0
2019-02-19 00:00:00+08:00,0.032999999821186066,0.032999999821186066,0.029999999329447746,0.029999999329447746,917400,0.0,0.0,0.0
2019-02-20 00:00:00+08:00,0.032999999821186066,0.032999999821186066,0.028999999165534973,0.028999999165534973,829300,0.0,0.0,0.0
2019-02-21 00:00:00+08:00,0.029999999329447746,0.029999999329447746,0.028999999165534973,0.028999999165534973,900000,0.0,0.0,0.0
2019-02-22 00:00:00+08:00,0.029999999329447746,0.029999999329447746,0.029999999329447746,0.029999999329447746,250000,0.0,0.0,0.0
2019-02-25 00:00:00+08:00,0.029999999329447746,0.029999999329447746,0.029999999329447746,0.029999999329447746,537000,0.0,0.0,0.0
2019-02-26 00:00:00+08:00,0.029999999329447746,0.029999999329447746,0.029999999329447746,0.029999999329447746,550000,0.0,0.0,0.0
2019-02-27 00:00:00+08:00,0.029999999329447746,0.029999999329447746,0.029999999329447746,0.029999999329447746,0,0.0,0.0,0.0
2019-02-28 00:00:00+08:00,0.029999999329447746,0.029999999329447746,0.029999999329447746,0.029999999329447746,0,0.0,0.0,0.0
2019-03-01 00:00:00+08:00,0.029999999329447746,0.029999999329447746,0.029999999329447746,0.029999999329447746,12500,0.0,0.0,0.0
2019-03-04 00:00:00+08:00,0.029999999329447746,0.029999999329447746,0.029999999329447746,0.029999999329447746,0,0.0,0.0,0.0
2019-03-05 00:00:00+08:00,0.029999999329447746,0.029999999329447746,0.029999999329447746,0.029999999329447746,0,0.0,0.0,0.0
2019-03-06 00:00:00+08:00,0.029999999329447746,0.029999999329447746,0.029999999329447746,0.029999999329447746,401100,0.0,0.0,0.0
2019-03-07 00:00:00+08:00,0.029999999329447746,0.029999999329447746,0.029999999329447746,0.029999999329447746,0,0.0,0.0,0.0
2019-03-08 00:00:00+08:00,0.029999999329447746,0.029999999329447746,0.029999999329447746,0.029999999329447746,230000,0.0,0.0,0.0
2019-03-11 00:00:00+08:00,0.029999999329447746,0.029999999329447746,0.029999999329447746,0.029999999329447746,460000,0.0,0.0,0.0
2019-03-12 00:00:00+08:00,0.029999999329447746,0.029999999329447746,0.029999999329447746,0.029999999329447746,0,0.0,0.0,0.0
2019-03-13 00:00:00+08:00,0.029999999329447746,0.029999999329447746,0.029999999329447746,0.029999999329447746,0,0.0,0.0,0.0
2019-03-14 00:00:00+08:00,0.028999999165534973,0.028999999165534973,0.02800000086426735,0.02800000086426735,338500,0.0,0.0,0.0
2019-03-15 00:00:00+08:00,0.02800000086426735,0.02800000086426735,0.02800000086426735,0.02800000086426735,0,0.0,0.0,0.0
2019-03-18 00:00:00+08:00,0.02800000086426735,0.02800000086426735,0.02800000086426735,0.02800000086426735,0,0.0,0.0,0.0
2019-03-19 00:00:00+08:00,0.02800000086426735,0.02800000086426735,0.02800000086426735,0.02800000086426735,0,0.0,0.0,0.0
2019-03-20 00:00:00+08:00,0.02800000086426735,0.02800000086426735,0.02800000086426735,0.02800000086426735,15000,0.0,0.0,0.0
2019-03-21 00:00:00+08:00,0.02800000086426735,0.02800000086426735,0.02800000086426735,0.02800000086426735,0,0.0,0.0,0.0
2019-03-22 00:00:00+08:00,0.02800000086426735,0.02800000086426735,0.02800000086426735,0.02800000086426735,0,0.0,0.0,0.0
2019-03-25 00:00:00+08:00,0.02800000086426735,0.02800000086426735,0.02800000086426735,0.02800000086426735,0,0.0,0.0,0.0
2019-03-26 00:00:00+08:00,0.02800000086426735,0.02800000086426735,0.02800000086426735,0.02800000086426735,0,0.0,0.0,0.0
2019-03-27 00:00:00+08:00,0.02800000086426735,0.02800000086426735,0.02800000086426735,0.02800000086426735,0,0.0,0.0,0.0
2019-03-28 00:00:00+08:00,0.02800000086426735,0.02800000086426735,0.02800000086426735,0.02800000086426735,0,0.0,0.0,0.0
2019-03-29 00:00:00+08:00,0.03099999949336052,0.03099999949336052,0.03099999949336052,0.03099999949336052,30000,0.0,0.0,0.0
2019-04-01 00:00:00+08:00,0.024000000208616257,0.024000000208616257,0.024000000208616257,0.024000000208616257,188000,0.0,0.0,0.0
2019-04-02 00:00:00+08:00,0.03099999949336052,0.03099999949336052,0.03099999949336052,0.03099999949336052,1000,0.0,0.0,0.0
2019-04-03 00:00:00+08:00,0.03099999949336052,0.03099999949336052,0.03099999949336052,0.03099999949336052,0,0.0,0.0,0.0
2019-04-04 00:00:00+08:00,0.03099999949336052,0.03099999949336052,0.03099999949336052,0.03099999949336052,0,0.0,0.0,0.0
2019-04-05 00:00:00+08:00,0.03099999949336052,0.03099999949336052,0.03099999949336052,0.03099999949336052,0,0.0,0.0,0.0
2019-04-08 00:00:00+08:00,0.03099999949336052,0.03099999949336052,0.03099999949336052,0.03099999949336052,0,0.0,0.0,0.0
2019-04-09 00:00:00+08:00,0.03099999949336052,0.03099999949336052,0.03099999949336052,0.03099999949336052,500000,0.0,0.0,0.0
2019-04-10 00:00:00+08:00,0.03099999949336052,0.03099999949336052,0.03099999949336052,0.03099999949336052,0,0.0,0.0,0.0
2019-04-11 00:00:00+08:00,0.03099999949336052,0.03099999949336052,0.03099999949336052,0.03099999949336052,0,0.0,0.0,0.0
2019-04-12 00:00:00+08:00,0.03099999949336052,0.03099999949336052,0.03099999949336052,0.03099999949336052,0,0.0,0.0,0.0
2019-04-15 00:00:00+08:00,0.03099999949336052,0.03099999949336052,0.03099999949336052,0.03099999949336052,0,0.0,0.0,0.0
2019-04-16 00:00:00+08:00,0.03099999949336052,0.03099999949336052,0.03099999949336052,0.03099999949336052,0,0.0,0.0,0.0
2019-04-17 00:00:00+08:00,0.028999999165534973,0.029999999329447746,0.028999999165534973,0.029999999329447746,600000,0.0,0.0,0.0
2019-04-18 00:00:00+08:00,0.029999999329447746,0.029999999329447746,0.029999999329447746,0.029999999329447746,0,0.0,0.0,0.0
2019-04-22 00:00:00+08:00,0.029999999329447746,0.029999999329447746,0.02800000086426735,0.02800000086426735,300000,0.0,0.0,0.0
2019-04-23 00:00:00+08:00,0.02800000086426735,0.02800000086426735,0.02800000086426735,0.02800000086426735,0,0.0,0.0,0.0
2019-04-24 00:00:00+08:00,0.02800000086426735,0.02800000086426735,0.02800000086426735,0.02800000086426735,800000,0.0,0.0,0.0
2019-04-25 00:00:00+08:00,0.02800000086426735,0.02800000086426735,0.02800000086426735,0.02800000086426735,100000,0.0,0.0,0.0
2019-04-26 00:00:00+08:00,0.02800000086426735,0.02800000086426735,0.02800000086426735,0.02800000086426735,0,0.0,0.0,0.0
2019-04-29 00:00:00+08:00,0.02800000086426735,0.02800000086426735,0.02800000086426735,0.02800000086426735,0,0.0,0.0,0.0
2019-04-30 00:00:00+08:00,0.02800000086426735,0.02800000086426735,0.02800000086426735,0.02800000086426735,0,0.0,0.0,0.0
2019-05-02 00:00:00+08:00,0.027000000700354576,0.02800000086426735,0.027000000700354576,0.027000000700354576,140000,0.0,0.0,0.0
2019-05-03 00:00:00+08:00,0.027000000700354576,0.027000000700354576,0.027000000700354576,0.027000000700354576,0,0.0,0.0,0.0
2019-05-06 00:00:00+08:00,0.027000000700354576,0.027000000700354576,0.027000000700354576,0.027000000700354576,0,0.0,0.0,0.0
2019-05-07 00:00:00+08:00,0.027000000700354576,0.027000000700354576,0.027000000700354576,0.027000000700354576,100000,0.0,0.0,0.0
2019-05-08 00:00:00+08:00,0.027000000700354576,0.027000000700354576,0.027000000700354576,0.027000000700354576,200000,0.0,0.0,0.0
2019-05-09 00:00:00+08:00,0.027000000700354576,0.027000000700354576,0.027000000700354576,0.027000000700354576,190000,0.0,0.0,0.0
2019-05-10 00:00:00+08:00,0.027000000700354576,0.027000000700354576,0.027000000700354576,0.027000000700354576,0,0.0,0.0,0.0
2019-05-13 00:00:00+08:00,0.027000000700354576,0.027000000700354576,0.027000000700354576,0.027000000700354576,0,0.0,0.0,0.0
2019-05-14 00:00:00+08:00,0.027000000700354576,0.027000000700354576,0.027000000700354576,0.027000000700354576,0,0.0,0.0,0.0
2019-05-15 00:00:00+08:00,0.027000000700354576,0.027000000700354576,0.027000000700354576,0.027000000700354576,0,0.0,0.0,0.0
2019-05-16 00:00:00+08:00,0.027000000700354576,0.027000000700354576,0.027000000700354576,0.027000000700354576,0,0.0,0.0,0.0
2019-05-17 00:00:00+08:00,0.027000000700354576,0.027000000700354576,0.027000000700354576,0.027000000700354576,0,0.0,0.0,0.0
2019-05-21 00:00:00+08:00,0.03099999949336052,0.03099999949336052,0.027000000700354576,0.029999999329447746,1024000,0.0,0.0,0.0
2019-05-22 00:00:00+08:00,0.029999999329447746,0.029999999329447746,0.029999999329447746,0.029999999329447746,0,0.0,0.0,0.0
2019-05-23 00:00:00+08:00,0.029999999329447746,0.029999999329447746,0.029999999329447746,0.029999999329447746,700000,0.0,0.0,0.0
2019-05-24 00:00:00+08:00,0.029999999329447746,0.029999999329447746,0.029999999329447746,0.029999999329447746,0,0.0,0.0,0.0
2019-05-27 00:00:00+08:00,0.029999999329447746,0.029999999329447746,0.029999999329447746,0.029999999329447746,816400,0.0,0.0,0.0
2019-05-28 00:00:00+08:00,0.029999999329447746,0.029999999329447746,0.029999999329447746,0.029999999329447746,309000,0.0,0.0,0.0
2019-05-29 00:00:00+08:00,0.03099999949336052,0.03200000151991844,0.029999999329447746,0.029999999329447746,544100,0.0,0.0,0.0
2019-05-30 00:00:00+08:00,0.03200000151991844,0.03200000151991844,0.03099999949336052,0.03099999949336052,400500,0.0,0.0,0.0
2019-05-31 00:00:00+08:00,0.029999999329447746,0.029999999329447746,0.029999999329447746,0.029999999329447746,572800,0.0,0.0,0.0
2019-06-03 00:00:00+08:00,0.03500000014901161,0.03500000014901161,0.03500000014901161,0.03500000014901161,1000,0.0,0.0,0.0
2019-06-04 00:00:00+08:00,0.03200000151991844,0.03200000151991844,0.03200000151991844,0.03200000151991844,20000,0.0,0.0,0.0
2019-06-06 00:00:00+08:00,0.03500000014901161,0.03500000014901161,0.03500000014901161,0.03500000014901161,255000,0.0,0.0,0.0
2019-06-07 00:00:00+08:00,0.03500000014901161,0.035999998450279236,0.032999999821186066,0.03500000014901161,1117700,0.0,0.0,0.0
2019-06-10 00:00:00+08:00,0.039000000804662704,0.039000000804662704,0.03799999877810478,0.039000000804662704,1572400,0.0,0.0,0.0
2019-06-11 00:00:00+08:00,0.039000000804662704,0.041999999433755875,0.039000000804662704,0.041999999433755875,2746400,0.0,0.0,0.0
2019-06-12 00:00:00+08:00,0.041999999433755875,0.041999999433755875,0.041999999433755875,0.041999999433755875,0,0.0,0.0,0.0
2019-06-13 00:00:00+08:00,0.041999999433755875,0.041999999433755875,0.041999999433755875,0.041999999433755875,0,0.0,0.0,0.0
2019-06-14 00:00:00+08:00,0.041999999433755875,0.041999999433755875,0.041999999433755875,0.041999999433755875,0,0.0,0.0,0.0
2019-06-17 00:00:00+08:00,0.04500000178813934,0.04600000008940697,0.041999999433755875,0.041999999433755875,20700800,0.0,0.0,0.0
2019-06-18 00:00:00+08:00,0.041999999433755875,0.041999999433755875,0.039000000804662704,0.039000000804662704,8801500,0.0,0.0,0.0
2019-06-19 00:00:00+08:00,0.03999999910593033,0.04100000113248825,0.039000000804662704,0.04100000113248825,5707800,0.0,0.0,0.0
2019-06-20 00:00:00+08:00,0.04100000113248825,0.04100000113248825,0.039000000804662704,0.04100000113248825,1940000,0.0,0.0,0.0
2019-06-21 00:00:00+08:00,0.03999999910593033,0.04100000113248825,0.039000000804662704,0.03999999910593033,3545000,0.0,0.0,0.0
2019-06-24 00:00:00+08:00,0.03999999910593033,0.03999999910593033,0.039000000804662704,0.039000000804662704,1656000,0.0,0.0,0.0
2019-06-25 00:00:00+08:00,0.039000000804662704,0.03999999910593033,0.03700000047683716,0.03999999910593033,3453300,0.0,0.0,0.0
2019-06-26 00:00:00+08:00,0.03999999910593033,0.03999999910593033,0.03799999877810478,0.03799999877810478,1365000,0.0,0.0,0.0
2019-06-27 00:00:00+08:00,0.039000000804662704,0.03999999910593033,0.03799999877810478,0.039000000804662704,5279500,0.0,0.0,0.0
2019-06-28 00:00:00+08:00,0.039000000804662704,0.03999999910593033,0.039000000804662704,0.039000000804662704,1922500,0.0,0.0,0.0
2019-07-01 00:00:00+08:00,0.039000000804662704,0.039000000804662704,0.03799999877810478,0.03799999877810478,2285000,0.0,0.0,0.0
2019-07-02 00:00:00+08:00,0.03799999877810478,0.03799999877810478,0.03799999877810478,0.03799999877810478,199000,0.0,0.0,0.0
2019-07-03 00:00:00+08:00,0.039000000804662704,0.039000000804662704,0.03799999877810478,0.03799999877810478,1780000,0.0,0.0,0.0
2019-07-04 00:00:00+08:00,0.03799999877810478,0.03799999877810478,0.03799999877810478,0.03799999877810478,230000,0.0,0.0,0.0
2019-07-05 00:00:00+08:00,0.039000000804662704,0.041999999433755875,0.03799999877810478,0.03799999877810478,2980900,0.0,0.0,0.0
2019-07-08 00:00:00+08:00,0.039000000804662704,0.039000000804662704,0.03799999877810478,0.03799999877810478,264000,0.0,0.0,0.0
2019-07-09 00:00:00+08:00,0.03799999877810478,0.03799999877810478,0.035999998450279236,0.03700000047683716,773800,0.0,0.0,0.0
2019-07-10 00:00:00+08:00,0.03799999877810478,0.03799999877810478,0.03799999877810478,0.03799999877810478,405900,0.0,0.0,0.0
2019-07-11 00:00:00+08:00,0.03799999877810478,0.039000000804662704,0.03799999877810478,0.039000000804662704,607300,0.0,0.0,0.0
2019-07-12 00:00:00+08:00,0.039000000804662704,0.03999999910593033,0.03799999877810478,0.03799999877810478,1814000,0.0,0.0,0.0
2019-07-15 00:00:00+08:00,0.03799999877810478,0.03799999877810478,0.03799999877810478,0.03799999877810478,0,0.0,0.0,0.0
2019-07-16 00:00:00+08:00,0.03799999877810478,0.039000000804662704,0.03799999877810478,0.039000000804662704,492800,0.0,0.0,0.0
2019-07-17 00:00:00+08:00,0.03999999910593033,0.041999999433755875,0.03999999910593033,0.03999999910593033,1584000,0.0,0.0,0.0
2019-07-18 00:00:00+08:00,0.03999999910593033,0.04399999976158142,0.03999999910593033,0.03999999910593033,6884600,0.0,0.0,0.0
2019-07-19 00:00:00+08:00,0.03999999910593033,0.03999999910593033,0.039000000804662704,0.03999999910593033,230000,0.0,0.0,0.0
2019-07-22 00:00:00+08:00,0.04100000113248825,0.04100000113248825,0.03999999910593033,0.04100000113248825,880000,0.0,0.0,0.0
2019-07-23 00:00:00+08:00,0.03999999910593033,0.04100000113248825,0.03999999910593033,0.03999999910593033,1480000,0.0,0.0,0.0
2019-07-24 00:00:00+08:00,0.03999999910593033,0.03999999910593033,0.039000000804662704,0.039000000804662704,1900000,0.0,0.0,0.0
2019-07-25 00:00:00+08:00,0.03999999910593033,0.04800000041723251,0.039000000804662704,0.04800000041723251,7161900,0.0,0.0,0.0
2019-07-26 00:00:00+08:00,0.04600000008940697,0.05000000074505806,0.04399999976158142,0.04800000041723251,12352600,0.0,0.0,0.0
2019-07-29 00:00:00+08:00,0.04699999839067459,0.04899999871850014,0.04699999839067459,0.04800000041723251,1020000,0.0,0.0,0.0
2019-07-30 00:00:00+08:00,0.04800000041723251,0.05000000074505806,0.04500000178813934,0.04699999839067459,4159600,0.0,0.0,0.0
2019-07-31 00:00:00+08:00,0.04699999839067459,0.04800000041723251,0.04600000008940697,0.04800000041723251,734000,0.0,0.0,0.0
2019-08-01 00:00:00+08:00,0.04600000008940697,0.04699999839067459,0.04600000008940697,0.04600000008940697,556300,0.0,0.0,0.0
2019-08-02 00:00:00+08:00,0.04600000008940697,0.04699999839067459,0.04600000008940697,0.04600000008940697,2477300,0.0,0.0,0.0
2019-08-05 00:00:00+08:00,0.04600000008940697,0.04800000041723251,0.04399999976158142,0.04800000041723251,852700,0.0,0.0,0.0
2019-08-06 00:00:00+08:00,0.04500000178813934,0.04699999839067459,0.04399999976158142,0.04699999839067459,1969000,0.0,0.0,0.0
2019-08-07 00:00:00+08:00,0.04600000008940697,0.04800000041723251,0.04500000178813934,0.04699999839067459,764700,0.0,0.0,0.0
2019-08-08 00:00:00+08:00,0.04600000008940697,0.04699999839067459,0.04600000008940697,0.04699999839067459,45800,0.0,0.0,0.0
2019-08-13 00:00:00+08:00,0.04500000178813934,0.04600000008940697,0.04399999976158142,0.04500000178813934,438500,0.0,0.0,0.0
2019-08-14 00:00:00+08:00,0.04800000041723251,0.04800000041723251,0.04500000178813934,0.04600000008940697,63000,0.0,0.0,0.0
2019-08-15 00:00:00+08:00,0.04600000008940697,0.05400000140070915,0.04500000178813934,0.04899999871850014,8043900,0.0,0.0,0.0
2019-08-16 00:00:00+08:00,0.04899999871850014,0.04899999871850014,0.04899999871850014,0.04899999871850014,0,0.0,0.0,0.0
2019-08-19 00:00:00+08:00,0.05000000074505806,0.050999999046325684,0.05000000074505806,0.05000000074505806,12369400,0.0,0.0,0.0
2019-08-20 00:00:00+08:00,0.04899999871850014,0.05000000074505806,0.04800000041723251,0.04800000041723251,1352600,0.0,0.0,0.0
2019-08-21 00:00:00+08:00,0.04899999871850014,0.05000000074505806,0.04800000041723251,0.04800000041723251,339500,0.0,0.0,0.0
2019-08-22 00:00:00+08:00,0.05000000074505806,0.05000000074505806,0.04800000041723251,0.04800000041723251,426000,0.0,0.0,0.0
2019-08-23 00:00:00+08:00,0.04800000041723251,0.04800000041723251,0.04800000041723251,0.04800000041723251,382000,0.0,0.0,0.0
2019-08-26 00:00:00+08:00,0.04600000008940697,0.05000000074505806,0.04500000178813934,0.04800000041723251,611000,0.0,0.0,0.0
2019-08-27 00:00:00+08:00,0.04899999871850014,0.05000000074505806,0.04899999871850014,0.05000000074505806,100000,0.0,0.0,0.0
2019-08-28 00:00:00+08:00,0.04800000041723251,0.05000000074505806,0.04699999839067459,0.04899999871850014,621000,0.0,0.0,0.0
2019-08-29 00:00:00+08:00,0.04699999839067459,0.04899999871850014,0.04699999839067459,0.04899999871850014,70000,0.0,0.0,0.0
2019-08-30 00:00:00+08:00,0.04899999871850014,0.04899999871850014,0.04899999871850014,0.04899999871850014,0,0.0,0.0,0.0
2019-09-02 00:00:00+08:00,0.04699999839067459,0.04800000041723251,0.04699999839067459,0.04699999839067459,1800000,0.0,0.0,0.0
2019-09-03 00:00:00+08:00,0.04899999871850014,0.05000000074505806,0.04899999871850014,0.05000000074505806,11096000,0.0,0.0,0.0
2019-09-04 00:00:00+08:00,0.04899999871850014,0.04899999871850014,0.04800000041723251,0.04899999871850014,599400,0.0,0.0,0.0
2019-09-05 00:00:00+08:00,0.04899999871850014,0.04899999871850014,0.04899999871850014,0.04899999871850014,0,0.0,0.0,0.0
2019-09-06 00:00:00+08:00,0.04800000041723251,0.05000000074505806,0.04800000041723251,0.04800000041723251,1350000,0.0,0.0,0.0
2019-09-09 00:00:00+08:00,0.04899999871850014,0.05000000074505806,0.04899999871850014,0.05000000074505806,100000,0.0,0.0,0.0
2019-09-10 00:00:00+08:00,0.04800000041723251,0.05000000074505806,0.04800000041723251,0.04800000041723251,699900,0.0,0.0,0.0
2019-09-11 00:00:00+08:00,0.05000000074505806,0.05000000074505806,0.05000000074505806,0.05000000074505806,1000,0.0,0.0,0.0
2019-09-12 00:00:00+08:00,0.04800000041723251,0.05000000074505806,0.04800000041723251,0.05000000074505806,3100100,0.0,0.0,0.0
2019-09-13 00:00:00+08:00,0.04699999839067459,0.05000000074505806,0.04699999839067459,0.04800000041723251,236000,0.0,0.0,0.0
2019-09-16 00:00:00+08:00,0.04899999871850014,0.04899999871850014,0.04800000041723251,0.04800000041723251,1180000,0.0,0.0,0.0
2019-09-17 00:00:00+08:00,0.04800000041723251,0.05000000074505806,0.04699999839067459,0.05000000074505806,359000,0.0,0.0,0.0
2019-09-18 00:00:00+08:00,0.04800000041723251,0.04800000041723251,0.04800000041723251,0.04800000041723251,600000,0.0,0.0,0.0
2019-09-19 00:00:00+08:00,0.04800000041723251,0.05000000074505806,0.04699999839067459,0.05000000074505806,265000,0.0,0.0,0.0
2019-09-20 00:00:00+08:00,0.04899999871850014,0.05000000074505806,0.04800000041723251,0.05000000074505806,750000,0.0,0.0,0.0
2019-09-23 00:00:00+08:00,0.05000000074505806,0.05000000074505806,0.05000000074505806,0.05000000074505806,0,0.0,0.0,0.0
2019-09-24 00:00:00+08:00,0.04800000041723251,0.05000000074505806,0.04800000041723251,0.05000000074505806,556000,0.0,0.0,0.0
2019-09-25 00:00:00+08:00,0.04899999871850014,0.04899999871850014,0.04899999871850014,0.04899999871850014,200000,0.0,0.0,0.0
2019-09-26 00:00:00+08:00,0.04899999871850014,0.05000000074505806,0.04800000041723251,0.04800000041723251,907500,0.0,0.0,0.0
2019-09-27 00:00:00+08:00,0.04899999871850014,0.04899999871850014,0.04899999871850014,0.04899999871850014,1000,0.0,0.0,0.0
2019-09-30 00:00:00+08:00,0.04800000041723251,0.04800000041723251,0.04699999839067459,0.04699999839067459,191200,0.0,0.0,0.0
2019-10-01 00:00:00+08:00,0.04800000041723251,0.04800000041723251,0.04699999839067459,0.04699999839067459,2700,0.0,0.0,0.0
2019-10-02 00:00:00+08:00,0.04800000041723251,0.04899999871850014,0.04800000041723251,0.04899999871850014,100000,0.0,0.0,0.0
2019-10-03 00:00:00+08:00,0.04899999871850014,0.04899999871850014,0.04899999871850014,0.04899999871850014,0,0.0,0.0,0.0
2019-10-04 00:00:00+08:00,0.04800000041723251,0.07500000298023224,0.04800000041723251,0.050999999046325684,6506600,0.0,0.0,0.0
2019-10-07 00:00:00+08:00,0.04899999871850014,0.05000000074505806,0.04699999839067459,0.05000000074505806,1399300,0.0,0.0,0.0
2019-10-08 00:00:00+08:00,0.04899999871850014,0.04899999871850014,0.04899999871850014,0.04899999871850014,25000,0.0,0.0,0.0
2019-10-09 00:00:00+08:00,0.04899999871850014,0.04899999871850014,0.04899999871850014,0.04899999871850014,0,0.0,0.0,0.0
2019-10-10 00:00:00+08:00,0.04699999839067459,0.04899999871850014,0.04699999839067459,0.04899999871850014,220000,0.0,0.0,0.0
2019-10-11 00:00:00+08:00,0.04800000041723251,0.04899999871850014,0.04699999839067459,0.04899999871850014,104000,0.0,0.0,0.0
2019-10-14 00:00:00+08:00,0.04899999871850014,0.04899999871850014,0.04899999871850014,0.04899999871850014,0,0.0,0.0,0.0
2019-10-15 00:00:00+08:00,0.04800000041723251,0.04800000041723251,0.04800000041723251,0.04800000041723251,321000,0.0,0.0,0.0
2019-10-16 00:00:00+08:00,0.04699999839067459,0.04800000041723251,0.04699999839067459,0.04800000041723251,120000,0.0,0.0,0.0
2019-10-17 00:00:00+08:00,0.04800000041723251,0.04800000041723251,0.04800000041723251,0.04800000041723251,100000,0.0,0.0,0.0
2019-10-18 00:00:00+08:00,0.04800000041723251,0.04800000041723251,0.04699999839067459,0.04699999839067459,120000,0.0,0.0,0.0
2019-10-21 00:00:00+08:00,0.04699999839067459,0.04699999839067459,0.04699999839067459,0.04699999839067459,0,0.0,0.0,0.0
2019-10-22 00:00:00+08:00,0.04699999839067459,0.04800000041723251,0.04699999839067459,0.04800000041723251,130000,0.0,0.0,0.0
2019-10-23 00:00:00+08:00,0.04899999871850014,0.04899999871850014,0.04899999871850014,0.04899999871850014,90000,0.0,0.0,0.0
2019-10-24 00:00:00+08:00,0.04899999871850014,0.04899999871850014,0.04899999871850014,0.04899999871850014,0,0.0,0.0,0.0
2019-10-25 00:00:00+08:00,0.04899999871850014,0.04899999871850014,0.04899999871850014,0.04899999871850014,0,0.0,0.0,0.0
2019-10-29 00:00:00+08:00,0.04899999871850014,0.04899999871850014,0.04899999871850014,0.04899999871850014,100000,0.0,0.0,0.0
2019-10-30 00:00:00+08:00,0.04800000041723251,0.04800000041723251,0.04800000041723251,0.04800000041723251,362000,0.0,0.0,0.0
2019-10-31 00:00:00+08:00,0.04800000041723251,0.04800000041723251,0.04800000041723251,0.04800000041723251,387500,0.0,0.0,0.0
2019-11-01 00:00:00+08:00,0.04800000041723251,0.04899999871850014,0.04699999839067459,0.04699999839067459,534300,0.0,0.0,0.0
2019-11-04 00:00:00+08:00,0.04899999871850014,0.04899999871850014,0.04899999871850014,0.04899999871850014,10000,0.0,0.0,0.0
2019-11-05 00:00:00+08:00,0.04899999871850014,0.04899999871850014,0.04899999871850014,0.04899999871850014,0,0.0,0.0,0.0
2019-11-06 00:00:00+08:00,0.04899999871850014,0.05000000074505806,0.04800000041723251,0.04899999871850014,781000,0.0,0.0,0.0
2019-11-07 00:00:00+08:00,0.04899999871850014,0.04899999871850014,0.04899999871850014,0.04899999871850014,95000,0.0,0.0,0.0
2019-11-08 00:00:00+08:00,0.04899999871850014,0.05000000074505806,0.04800000041723251,0.05000000074505806,135000,0.0,0.0,0.0
2019-11-11 00:00:00+08:00,0.05000000074505806,0.05000000074505806,0.05000000074505806,0.05000000074505806,0,0.0,0.0,0.0
2019-11-12 00:00:00+08:00,0.04899999871850014,0.04899999871850014,0.04800000041723251,0.04800000041723251,788500,0.0,0.0,0.0
2019-11-13 00:00:00+08:00,0.04899999871850014,0.04899999871850014,0.04899999871850014,0.04899999871850014,102000,0.0,0.0,0.0
2019-11-14 00:00:00+08:00,0.04800000041723251,0.04800000041723251,0.04699999839067459,0.04800000041723251,462200,0.0,0.0,0.0
2019-11-15 00:00:00+08:00,0.04699999839067459,0.04699999839067459,0.04699999839067459,0.04699999839067459,194500,0.0,0.0,0.0
2019-11-18 00:00:00+08:00,0.04899999871850014,0.04899999871850014,0.04699999839067459,0.04699999839067459,41000,0.0,0.0,0.0
2019-11-19 00:00:00+08:00,0.04699999839067459,0.04699999839067459,0.04699999839067459,0.04699999839067459,0,0.0,0.0,0.0
2019-11-20 00:00:00+08:00,0.04699999839067459,0.04800000041723251,0.04699999839067459,0.04800000041723251,222500,0.0,0.0,0.0
2019-11-21 00:00:00+08:00,0.04800000041723251,0.04899999871850014,0.04800000041723251,0.04899999871850014,7500,0.0,0.0,0.0
2019-11-22 00:00:00+08:00,0.04899999871850014,0.04899999871850014,0.04899999871850014,0.04899999871850014,0,0.0,0.0,0.0
2019-11-25 00:00:00+08:00,0.05000000074505806,0.05000000074505806,0.05000000074505806,0.05000000074505806,5000,0.0,0.0,0.0
2019-11-26 00:00:00+08:00,0.05000000074505806,0.05000000074505806,0.05000000074505806,0.05000000074505806,0,0.0,0.0,0.0
2019-11-27 00:00:00+08:00,0.04800000041723251,0.04800000041723251,0.04800000041723251,0.04800000041723251,80000,0.0,0.0,0.0
2019-11-28 00:00:00+08:00,0.04500000178813934,0.04899999871850014,0.04500000178813934,0.04899999871850014,301000,0.0,0.0,0.0
2019-11-29 00:00:00+08:00,0.04800000041723251,0.04800000041723251,0.04800000041723251,0.04800000041723251,129000,0.0,0.0,0.0
2019-12-02 00:00:00+08:00,0.04699999839067459,0.04699999839067459,0.04500000178813934,0.04500000178813934,1115000,0.0,0.0,0.0
2019-12-03 00:00:00+08:00,0.05000000074505806,0.05000000074505806,0.04500000178813934,0.04500000178813934,188000,0.0,0.0,0.0
2019-12-04 00:00:00+08:00,0.04800000041723251,0.04800000041723251,0.04600000008940697,0.04600000008940697,501000,0.0,0.0,0.0
2019-12-05 00:00:00+08:00,0.04500000178813934,0.04500000178813934,0.04500000178813934,0.04500000178813934,500000,0.0,0.0,0.0
2019-12-06 00:00:00+08:00,0.04500000178813934,0.04500000178813934,0.04500000178813934,0.04500000178813934,0,0.0,0.0,0.0
2019-12-09 00:00:00+08:00,0.04800000041723251,0.04800000041723251,0.04399999976158142,0.04399999976158142,431000,0.0,0.0,0.0
2019-12-10 00:00:00+08:00,0.04399999976158142,0.04600000008940697,0.04399999976158142,0.04399999976158142,386000,0.0,0.0,0.0
2019-12-11 00:00:00+08:00,0.04800000041723251,0.050999999046325684,0.04800000041723251,0.050999999046325684,10000,0.0,0.0,0.0
2019-12-12 00:00:00+08:00,0.050999999046325684,0.050999999046325684,0.050999999046325684,0.050999999046325684,0,0.0,0.0,0.0
2019-12-13 00:00:00+08:00,0.050999999046325684,0.050999999046325684,0.050999999046325684,0.050999999046325684,0,0.0,0.0,0.0
2019-12-16 00:00:00+08:00,0.050999999046325684,0.050999999046325684,0.050999999046325684,0.050999999046325684,0,0.0,0.0,0.0
2019-12-17 00:00:00+08:00,0.050999999046325684,0.050999999046325684,0.050999999046325684,0.050999999046325684,0,0.0,0.0,0.0
2019-12-18 00:00:00+08:00,0.050999999046325684,0.050999999046325684,0.050999999046325684,0.050999999046325684,0,0.0,0.0,0.0
2019-12-19 00:00:00+08:00,0.050999999046325684,0.050999999046325684,0.050999999046325684,0.050999999046325684,0,0.0,0.0,0.0
2019-12-20 00:00:00+08:00,0.04500000178813934,0.04500000178813934,0.04500000178813934,0.04500000178813934,200000,0.0,0.0,0.0
2019-12-23 00:00:00+08:00,0.04800000041723251,0.04899999871850014,0.04600000008940697,0.04899999871850014,201000,0.0,0.0,0.0
2019-12-24 00:00:00+08:00,0.04899999871850014,0.04899999871850014,0.04899999871850014,0.04899999871850014,0,0.0,0.0,0.0
2019-12-25 00:00:00+08:00,0.04899999871850014,0.04899999871850014,0.04899999871850014,0.04899999871850014,0,0.0,0.0,0.0
2019-12-26 00:00:00+08:00,0.04899999871850014,0.04899999871850014,0.04899999871850014,0.04899999871850014,0,0.0,0.0,0.0
2019-12-27 00:00:00+08:00,0.04899999871850014,0.04899999871850014,0.04899999871850014,0.04899999871850014,0,0.0,0.0,0.0
2019-12-30 00:00:00+08:00,0.04699999839067459,0.04699999839067459,0.04600000008940697,0.04600000008940697,300000,0.0,0.0,0.0
2019-12-31 00:00:00+08:00,0.04699999839067459,0.04699999839067459,0.04600000008940697,0.04600000008940697,250000,0.0,0.0,0.0
2020-01-02 00:00:00+08:00,0.04800000041723251,0.04899999871850014,0.04800000041723251,0.04899999871850014,101000,0.0,0.0,0.0
2020-01-03 00:00:00+08:00,0.04899999871850014,0.04899999871850014,0.04899999871850014,0.04899999871850014,0,0.0,0.0,0.0
2020-01-06 00:00:00+08:00,0.04699999839067459,0.04899999871850014,0.04699999839067459,0.04899999871850014,250000,0.0,0.0,0.0
2020-01-07 00:00:00+08:00,0.04100000113248825,0.04800000041723251,0.04100000113248825,0.04800000041723251,330000,0.0,0.0,0.0
2020-01-08 00:00:00+08:00,0.04800000041723251,0.04800000041723251,0.04800000041723251,0.04800000041723251,0,0.0,0.0,0.0
2020-01-09 00:00:00+08:00,0.04800000041723251,0.04800000041723251,0.04800000041723251,0.04800000041723251,0,0.0,0.0,0.0
2020-01-10 00:00:00+08:00,0.04600000008940697,0.04800000041723251,0.04600000008940697,0.04800000041723251,199000,0.0,0.0,0.0
2020-01-13 00:00:00+08:00,0.04800000041723251,0.04800000041723251,0.04800000041723251,0.04800000041723251,0,0.0,0.0,0.0
2020-01-14 00:00:00+08:00,0.04800000041723251,0.04800000041723251,0.04800000041723251,0.04800000041723251,0,0.0,0.0,0.0
2020-01-15 00:00:00+08:00,0.04899999871850014,0.04899999871850014,0.04899999871850014,0.04899999871850014,5000,0.0,0.0,0.0
2020-01-16 00:00:00+08:00,0.04899999871850014,0.04899999871850014,0.04899999871850014,0.04899999871850014,0,0.0,0.0,0.0
2020-01-17 00:00:00+08:00,0.04899999871850014,0.04899999871850014,0.04899999871850014,0.04899999871850014,0,0.0,0.0,0.0
2020-01-20 00:00:00+08:00,0.04899999871850014,0.04899999871850014,0.04899999871850014,0.04899999871850014,0,0.0,0.0,0.0
2020-01-21 00:00:00+08:00,0.04899999871850014,0.04899999871850014,0.04899999871850014,0.04899999871850014,0,0.0,0.0,0.0
2020-01-22 00:00:00+08:00,0.04899999871850014,0.04899999871850014,0.04899999871850014,0.04899999871850014,0,0.0,0.0,0.0
2020-01-23 00:00:00+08:00,0.04899999871850014,0.04899999871850014,0.04899999871850014,0.04899999871850014,0,0.0,0.0,0.0
2020-01-24 00:00:00+08:00,0.04899999871850014,0.04899999871850014,0.04899999871850014,0.04899999871850014,0,0.0,0.0,0.0
2020-01-28 00:00:00+08:00,0.04899999871850014,0.04899999871850014,0.04899999871850014,0.04899999871850014,0,0.0,0.0,0.0
2020-01-29 00:00:00+08:00,0.04899999871850014,0.04899999871850014,0.04899999871850014,0.04899999871850014,0,0.0,0.0,0.0
2020-01-30 00:00:00+08:00,0.04899999871850014,0.04899999871850014,0.04899999871850014,0.04899999871850014,0,0.0,0.0,0.0
2020-01-31 00:00:00+08:00,0.04899999871850014,0.04899999871850014,0.04899999871850014,0.04899999871850014,0,0.0,0.0,0.0
2020-02-03 00:00:00+08:00,0.04899999871850014,0.04899999871850014,0.04899999871850014,0.04899999871850014,0,0.0,0.0,0.0
2020-02-04 00:00:00+08:00,0.04899999871850014,0.04899999871850014,0.04899999871850014,0.04899999871850014,0,0.0,0.0,0.0
2020-02-05 00:00:00+08:00,0.04899999871850014,0.04899999871850014,0.04899999871850014,0.04899999871850014,0,0.0,0.0,0.0
2020-02-06 00:00:00+08:00,0.04899999871850014,0.04899999871850014,0.04899999871850014,0.04899999871850014,0,0.0,0.0,0.0
2020-02-07 00:00:00+08:00,0.04899999871850014,0.04899999871850014,0.04899999871850014,0.04899999871850014,0,0.0,0.0,0.0
2020-02-10 00:00:00+08:00,0.04899999871850014,0.04899999871850014,0.04899999871850014,0.04899999871850014,0,0.0,0.0,0.0
2020-02-11 00:00:00+08:00,0.04899999871850014,0.04899999871850014,0.04899999871850014,0.04899999871850014,0,0.0,0.0,0.0
2020-02-12 00:00:00+08:00,0.04899999871850014,0.04899999871850014,0.04899999871850014,0.04899999871850014,0,0.0,0.0,0.0
2020-02-13 00:00:00+08:00,0.04899999871850014,0.04899999871850014,0.04899999871850014,0.04899999871850014,0,0.0,0.0,0.0
2020-02-14 00:00:00+08:00,0.04899999871850014,0.04899999871850014,0.04899999871850014,0.04899999871850014,0,0.0,0.0,0.0
2020-02-17 00:00:00+08:00,0.04899999871850014,0.04899999871850014,0.04899999871850014,0.04899999871850014,0,0.0,0.0,0.0
2020-02-18 00:00:00+08:00,0.04899999871850014,0.04899999871850014,0.04899999871850014,0.04899999871850014,0,0.0,0.0,0.0
2020-02-19 00:00:00+08:00,0.04899999871850014,0.04899999871850014,0.04899999871850014,0.04899999871850014,0,0.0,0.0,0.0
2020-02-20 00:00:00+08:00,0.04899999871850014,0.04899999871850014,0.04899999871850014,0.04899999871850014,0,0.0,0.0,0.0
2020-02-21 00:00:00+08:00,0.04899999871850014,0.04899999871850014,0.04899999871850014,0.04899999871850014,0,0.0,0.0,0.0
2020-02-24 00:00:00+08:00,0.04899999871850014,0.04899999871850014,0.04899999871850014,0.04899999871850014,0,0.0,0.0,0.0
2020-02-25 00:00:00+08:00,0.04899999871850014,0.04899999871850014,0.04899999871850014,0.04899999871850014,0,0.0,0.0,0.0
2020-02-26 00:00:00+08:00,0.04899999871850014,0.04899999871850014,0.04899999871850014,0.04899999871850014,0,0.0,0.0,0.0
2020-02-27 00:00:00+08:00,0.04899999871850014,0.04899999871850014,0.04899999871850014,0.04899999871850014,0,0.0,0.0,0.0
2020-02-28 00:00:00+08:00,0.03200000151991844,0.0430000014603138,0.03200000151991844,0.039000000804662704,260000,0.0,0.0,0.0
2020-03-02 00:00:00+08:00,0.041999999433755875,0.04500000178813934,0.03099999949336052,0.03099999949336052,58200,0.0,0.0,0.0
2020-03-03 00:00:00+08:00,0.039000000804662704,0.03999999910593033,0.03200000151991844,0.03200000151991844,25100,0.0,0.0,0.0
2020-03-04 00:00:00+08:00,0.041999999433755875,0.041999999433755875,0.032999999821186066,0.032999999821186066,9900,0.0,0.0,0.0
2020-03-05 00:00:00+08:00,0.03700000047683716,0.041999999433755875,0.032999999821186066,0.041999999433755875,11000,0.0,0.0,0.0
2020-03-06 00:00:00+08:00,0.03099999949336052,0.03799999877810478,0.03099999949336052,0.03200000151991844,44200,0.0,0.0,0.0
2020-03-09 00:00:00+08:00,0.03200000151991844,0.03200000151991844,0.03200000151991844,0.03200000151991844,0,0.0,0.0,0.0
2020-03-10 00:00:00+08:00,0.04500000178813934,0.04500000178813934,0.04500000178813934,0.04500000178813934,5000,0.0,0.0,0.0
2020-03-11 00:00:00+08:00,0.04500000178813934,0.04500000178813934,0.04500000178813934,0.04500000178813934,0,0.0,0.0,0.0
2020-03-12 00:00:00+08:00,0.04500000178813934,0.04500000178813934,0.04500000178813934,0.04500000178813934,0,0.0,0.0,0.0
2020-03-13 00:00:00+08:00,0.04500000178813934,0.04500000178813934,0.04500000178813934,0.04500000178813934,0,0.0,0.0,0.0
2020-03-16 00:00:00+08:00,0.04500000178813934,0.04500000178813934,0.04500000178813934,0.04500000178813934,0,0.0,0.0,0.0
2020-03-17 00:00:00+08:00,0.041999999433755875,0.04399999976158142,0.041999999433755875,0.04399999976158142,2000,0.0,0.0,0.0
2020-03-18 00:00:00+08:00,0.04399999976158142,0.04399999976158142,0.04399999976158142,0.04399999976158142,0,0.0,0.0,0.0
2020-03-19 00:00:00+08:00,0.04399999976158142,0.04399999976158142,0.017000000923871994,0.03500000014901161,5000,0.0,0.0,0.0
2020-03-20 00:00:00+08:00,0.04500000178813934,0.04500000178813934,0.020999999716877937,0.020999999716877937,3200,0.0,0.0,0.0
2020-03-23 00:00:00+08:00,0.04100000113248825,0.04100000113248825,0.04100000113248825,0.04100000113248825,1000,0.0,0.0,0.0
2020-03-24 00:00:00+08:00,0.04100000113248825,0.04100000113248825,0.04100000113248825,0.04100000113248825,0,0.0,0.0,0.0
2020-03-25 00:00:00+08:00,0.04100000113248825,0.04100000113248825,0.04100000113248825,0.04100000113248825,0,0.0,0.0,0.0
2020-03-26 00:00:00+08:00,0.04100000113248825,0.04100000113248825,0.04100000113248825,0.04100000113248825,0,0.0,0.0,0.0
2020-03-27 00:00:00+08:00,0.041999999433755875,0.041999999433755875,0.041999999433755875,0.041999999433755875,5000,0.0,0.0,0.0
2020-03-30 00:00:00+08:00,0.041999999433755875,0.041999999433755875,0.041999999433755875,0.041999999433755875,0,0.0,0.0,0.0
2020-03-31 00:00:00+08:00,0.041999999433755875,0.041999999433755875,0.041999999433755875,0.041999999433755875,0,0.0,0.0,0.0
2020-04-01 00:00:00+08:00,0.041999999433755875,0.041999999433755875,0.041999999433755875,0.041999999433755875,0,0.0,0.0,0.0
2020-04-02 00:00:00+08:00,0.041999999433755875,0.041999999433755875,0.041999999433755875,0.041999999433755875,0,0.0,0.0,0.0
2020-04-03 00:00:00+08:00,0.041999999433755875,0.041999999433755875,0.041999999433755875,0.041999999433755875,0,0.0,0.0,0.0
2020-04-06 00:00:00+08:00,0.041999999433755875,0.041999999433755875,0.041999999433755875,0.041999999433755875,0,0.0,0.0,0.0
2020-04-07 00:00:00+08:00,0.041999999433755875,0.041999999433755875,0.041999999433755875,0.041999999433755875,0,0.0,0.0,0.0
2020-04-08 00:00:00+08:00,0.041999999433755875,0.041999999433755875,0.041999999433755875,0.041999999433755875,0,0.0,0.0,0.0
2020-04-09 00:00:00+08:00,0.041999999433755875,0.041999999433755875,0.041999999433755875,0.041999999433755875,0,0.0,0.0,0.0
2020-04-13 00:00:00+08:00,0.041999999433755875,0.041999999433755875,0.041999999433755875,0.041999999433755875,0,0.0,0.0,0.0
2020-04-14 00:00:00+08:00,0.041999999433755875,0.041999999433755875,0.041999999433755875,0.041999999433755875,0,0.0,0.0,0.0
2020-04-15 00:00:00+08:00,0.041999999433755875,0.041999999433755875,0.041999999433755875,0.041999999433755875,0,0.0,0.0,0.0
2020-04-16 00:00:00+08:00,0.041999999433755875,0.041999999433755875,0.041999999433755875,0.041999999433755875,0,0.0,0.0,0.0
2020-04-17 00:00:00+08:00,0.041999999433755875,0.041999999433755875,0.041999999433755875,0.041999999433755875,0,0.0,0.0,0.0
2020-04-20 00:00:00+08:00,0.041999999433755875,0.041999999433755875,0.041999999433755875,0.041999999433755875,0,0.0,0.0,0.0
2020-04-21 00:00:00+08:00,0.041999999433755875,0.041999999433755875,0.041999999433755875,0.041999999433755875,0,0.0,0.0,0.0
2020-04-22 00:00:00+08:00,0.041999999433755875,0.041999999433755875,0.041999999433755875,0.041999999433755875,0,0.0,0.0,0.0
2020-04-23 00:00:00+08:00,0.041999999433755875,0.041999999433755875,0.041999999433755875,0.041999999433755875,0,0.0,0.0,0.0
2020-04-24 00:00:00+08:00,0.041999999433755875,0.041999999433755875,0.041999999433755875,0.041999999433755875,0,0.0,0.0,0.0
2020-04-27 00:00:00+08:00,0.041999999433755875,0.041999999433755875,0.041999999433755875,0.041999999433755875,0,0.0,0.0,0.0
2020-04-28 00:00:00+08:00,0.041999999433755875,0.041999999433755875,0.041999999433755875,0.041999999433755875,0,0.0,0.0,0.0
2020-04-29 00:00:00+08:00,0.041999999433755875,0.041999999433755875,0.041999999433755875,0.041999999433755875,0,0.0,0.0,0.0
2020-04-30 00:00:00+08:00,0.041999999433755875,0.041999999433755875,0.041999999433755875,0.041999999433755875,0,0.0,0.0,0.0
2020-05-04 00:00:00+08:00,0.041999999433755875,0.041999999433755875,0.041999999433755875,0.041999999433755875,0,0.0,0.0,0.0
2020-05-05 00:00:00+08:00,0.041999999433755875,0.041999999433755875,0.041999999433755875,0.041999999433755875,0,0.0,0.0,0.0
2020-05-06 00:00:00+08:00,0.041999999433755875,0.041999999433755875,0.041999999433755875,0.041999999433755875,0,0.0,0.0,0.0
2020-05-08 00:00:00+08:00,0.041999999433755875,0.041999999433755875,0.041999999433755875,0.041999999433755875,0,0.0,0.0,0.0
2020-05-11 00:00:00+08:00,0.041999999433755875,0.041999999433755875,0.041999999433755875,0.041999999433755875,0,0.0,0.0,0.0
2020-05-12 00:00:00+08:00,0.041999999433755875,0.041999999433755875,0.041999999433755875,0.041999999433755875,0,0.0,0.0,0.0
2020-05-13 00:00:00+08:00,0.041999999433755875,0.041999999433755875,0.041999999433755875,0.041999999433755875,0,0.0,0.0,0.0
2020-05-14 00:00:00+08:00,0.041999999433755875,0.041999999433755875,0.041999999433755875,0.041999999433755875,0,0.0,0.0,0.0
2020-05-15 00:00:00+08:00,0.041999999433755875,0.041999999433755875,0.041999999433755875,0.041999999433755875,0,0.0,0.0,0.0
2020-05-18 00:00:00+08:00,0.041999999433755875,0.041999999433755875,0.041999999433755875,0.041999999433755875,0,0.0,0.0,0.0
2020-05-19 00:00:00+08:00,0.041999999433755875,0.041999999433755875,0.041999999433755875,0.041999999433755875,0,0.0,0.0,0.0
2020-05-20 00:00:00+08:00,0.041999999433755875,0.041999999433755875,0.041999999433755875,0.041999999433755875,0,0.0,0.0,0.0
2020-05-21 00:00:00+08:00,0.041999999433755875,0.041999999433755875,0.041999999433755875,0.041999999433755875,0,0.0,0.0,0.0
2020-05-22 00:00:00+08:00,0.041999999433755875,0.041999999433755875,0.041999999433755875,0.041999999433755875,0,0.0,0.0,0.0
2020-05-26 00:00:00+08:00,0.041999999433755875,0.041999999433755875,0.041999999433755875,0.041999999433755875,0,0.0,0.0,0.0
2020-05-27 00:00:00+08:00,0.041999999433755875,0.041999999433755875,0.041999999433755875,0.041999999433755875,0,0.0,0.0,0.0
2020-05-28 00:00:00+08:00,0.02500000037252903,0.02500000037252903,0.024000000208616257,0.02500000037252903,300000,0.0,0.0,0.0
2020-05-29 00:00:00+08:00,0.035999998450279236,0.035999998450279236,0.02500000037252903,0.02500000037252903,80100,0.0,0.0,0.0
2020-06-01 00:00:00+08:00,0.035999998450279236,0.035999998450279236,0.035999998450279236,0.035999998450279236,5000,0.0,0.0,0.0
2020-06-02 00:00:00+08:00,0.03799999877810478,0.03799999877810478,0.03799999877810478,0.03799999877810478,3000,0.0,0.0,0.0
2020-06-03 00:00:00+08:00,0.03799999877810478,0.03799999877810478,0.03799999877810478,0.03799999877810478,0,0.0,0.0,0.0
2020-06-04 00:00:00+08:00,0.03799999877810478,0.03799999877810478,0.03799999877810478,0.03799999877810478,0,0.0,0.0,0.0
2020-06-05 00:00:00+08:00,0.03799999877810478,0.039000000804662704,0.03799999877810478,0.039000000804662704,3000,0.0,0.0,0.0
2020-06-08 00:00:00+08:00,0.039000000804662704,0.039000000804662704,0.039000000804662704,0.039000000804662704,0,0.0,0.0,0.0
2020-06-09 00:00:00+08:00,0.039000000804662704,0.039000000804662704,0.039000000804662704,0.039000000804662704,0,0.0,0.0,0.0
2020-06-10 00:00:00+08:00,0.039000000804662704,0.039000000804662704,0.039000000804662704,0.039000000804662704,0,0.0,0.0,0.0
2020-06-11 00:00:00+08:00,0.039000000804662704,0.039000000804662704,0.039000000804662704,0.039000000804662704,0,0.0,0.0,0.0
2020-06-12 00:00:00+08:00,0.039000000804662704,0.039000000804662704,0.039000000804662704,0.039000000804662704,0,0.0,0.0,0.0
2020-06-15 00:00:00+08:00,0.039000000804662704,0.039000000804662704,0.039000000804662704,0.039000000804662704,0,0.0,0.0,0.0
2020-06-16 00:00:00+08:00,0.039000000804662704,0.039000000804662704,0.039000000804662704,0.039000000804662704,0,0.0,0.0,0.0
2020-06-17 00:00:00+08:00,0.039000000804662704,0.039000000804662704,0.039000000804662704,0.039000000804662704,0,0.0,0.0,0.0
2020-06-18 00:00:00+08:00,0.039000000804662704,0.039000000804662704,0.039000000804662704,0.039000000804662704,0,0.0,0.0,0.0
2020-06-19 00:00:00+08:00,0.039000000804662704,0.039000000804662704,0.039000000804662704,0.039000000804662704,0,0.0,0.0,0.0
2020-06-22 00:00:00+08:00,0.039000000804662704,0.04800000041723251,0.039000000804662704,0.04800000041723251,104000,0.0,0.0,0.0
2020-06-23 00:00:00+08:00,0.04800000041723251,0.04800000041723251,0.04800000041723251,0.04800000041723251,0,0.0,0.0,0.0
2020-06-24 00:00:00+08:00,0.04800000041723251,0.04800000041723251,0.04800000041723251,0.04800000041723251,0,0.0,0.0,0.0
2020-06-25 00:00:00+08:00,0.04100000113248825,0.04100000113248825,0.04100000113248825,0.04100000113248825,100000,0.0,0.0,0.0
2020-06-26 00:00:00+08:00,0.03999999910593033,0.03999999910593033,0.03999999910593033,0.03999999910593033,49300,0.0,0.0,0.0
2020-06-29 00:00:00+08:00,0.03999999910593033,0.03999999910593033,0.03999999910593033,0.03999999910593033,0,0.0,0.0,0.0
2020-06-30 00:00:00+08:00,0.03999999910593033,0.03999999910593033,0.03999999910593033,0.03999999910593033,0,0.0,0.0,0.0
2020-07-01 00:00:00+08:00,0.03999999910593033,0.03999999910593033,0.03999999910593033,0.03999999910593033,0,0.0,0.0,0.0
2020-07-02 00:00:00+08:00,0.03099999949336052,0.03799999877810478,0.02800000086426735,0.03799999877810478,238000,0.0,0.0,0.0
2020-07-03 00:00:00+08:00,0.03700000047683716,0.03799999877810478,0.03700000047683716,0.03799999877810478,50000,0.0,0.0,0.0
2020-07-06 00:00:00+08:00,0.03700000047683716,0.03700000047683716,0.03700000047683716,0.03700000047683716,4000,0.0,0.0,0.0
2020-07-07 00:00:00+08:00,0.03700000047683716,0.03700000047683716,0.03700000047683716,0.03700000047683716,0,0.0,0.0,0.0
2020-07-08 00:00:00+08:00,0.03700000047683716,0.03700000047683716,0.03700000047683716,0.03700000047683716,0,0.0,0.0,0.0
2020-07-09 00:00:00+08:00,0.03700000047683716,0.03700000047683716,0.03700000047683716,0.03700000047683716,0,0.0,0.0,0.0
2020-07-13 00:00:00+08:00,0.029999999329447746,0.03500000014901161,0.029999999329447746,0.03500000014901161,277000,0.0,0.0,0.0
2020-07-14 00:00:00+08:00,0.03500000014901161,0.03500000014901161,0.03500000014901161,0.03500000014901161,0,0.0,0.0,0.0
2020-07-15 00:00:00+08:00,0.029999999329447746,0.03400000184774399,0.029999999329447746,0.03400000184774399,37600,0.0,0.0,0.0
2020-07-16 00:00:00+08:00,0.03400000184774399,0.03500000014901161,0.029999999329447746,0.032999999821186066,488000,0.0,0.0,0.0
2020-07-17 00:00:00+08:00,0.032999999821186066,0.032999999821186066,0.032999999821186066,0.032999999821186066,0,0.0,0.0,0.0
2020-07-20 00:00:00+08:00,0.03500000014901161,0.03500000014901161,0.03500000014901161,0.03500000014901161,8000,0.0,0.0,0.0
2020-07-21 00:00:00+08:00,0.03500000014901161,0.03500000014901161,0.03500000014901161,0.03500000014901161,0,0.0,0.0,0.0
2020-07-22 00:00:00+08:00,0.029999999329447746,0.029999999329447746,0.026000000536441803,0.026000000536441803,350200,0.0,0.0,0.0
2020-07-23 00:00:00+08:00,0.03500000014901161,0.03500000014901161,0.020999999716877937,0.028999999165534973,357000,0.0,0.0,0.0
2020-07-24 00:00:00+08:00,0.029999999329447746,0.029999999329447746,0.029999999329447746,0.029999999329447746,78000,0.0,0.0,0.0
2020-07-27 00:00:00+08:00,0.029999999329447746,0.029999999329447746,0.029999999329447746,0.029999999329447746,0,0.0,0.0,0.0
2020-07-28 00:00:00+08:00,0.029999999329447746,0.029999999329447746,0.029999999329447746,0.029999999329447746,0,0.0,0.0,0.0
2020-07-29 00:00:00+08:00,0.029999999329447746,0.029999999329447746,0.029999999329447746,0.029999999329447746,0,0.0,0.0,0.0
2020-07-30 00:00:00+08:00,0.029999999329447746,0.029999999329447746,0.029999999329447746,0.029999999329447746,0,0.0,0.0,0.0
2020-08-03 00:00:00+08:00,0.028999999165534973,0.029999999329447746,0.028999999165534973,0.029999999329447746,90000,0.0,0.0,0.0
2020-08-04 00:00:00+08:00,0.028999999165534973,0.032999999821186066,0.028999999165534973,0.032999999821186066,314000,0.0,0.0,0.0
2020-08-05 00:00:00+08:00,0.032999999821186066,0.032999999821186066,0.032999999821186066,0.032999999821186066,0,0.0,0.0,0.0
2020-08-06 00:00:00+08:00,0.032999999821186066,0.032999999821186066,0.032999999821186066,0.032999999821186066,0,0.0,0.0,0.0
2020-08-07 00:00:00+08:00,0.032999999821186066,0.032999999821186066,0.032999999821186066,0.032999999821186066,0,0.0,0.0,0.0
2020-08-11 00:00:00+08:00,0.032999999821186066,0.032999999821186066,0.032999999821186066,0.032999999821186066,0,0.0,0.0,0.0
2020-08-12 00:00:00+08:00,0.032999999821186066,0.032999999821186066,0.032999999821186066,0.032999999821186066,0,0.0,0.0,0.0
2020-08-13 00:00:00+08:00,0.026000000536441803,0.026000000536441803,0.026000000536441803,0.026000000536441803,100000,0.0,0.0,0.0
2020-08-14 00:00:00+08:00,0.028999999165534973,0.029999999329447746,0.026000000536441803,0.026000000536441803,107000,0.0,0.0,0.0
2020-08-17 00:00:00+08:00,0.026000000536441803,0.026000000536441803,0.026000000536441803,0.026000000536441803,33000,0.0,0.0,0.0
2020-08-18 00:00:00+08:00,0.026000000536441803,0.026000000536441803,0.026000000536441803,0.026000000536441803,267000,0.0,0.0,0.0
2020-08-19 00:00:00+08:00,0.03200000151991844,0.03200000151991844,0.03200000151991844,0.03200000151991844,3000,0.0,0.0,0.0
2020-08-20 00:00:00+08:00,0.03200000151991844,0.03200000151991844,0.03200000151991844,0.03200000151991844,0,0.0,0.0,0.0
2020-08-21 00:00:00+08:00,0.03200000151991844,0.03200000151991844,0.03200000151991844,0.03200000151991844,0,0.0,0.0,0.0
2020-08-24 00:00:00+08:00,0.03200000151991844,0.03200000151991844,0.03200000151991844,0.03200000151991844,0,0.0,0.0,0.0
2020-08-25 00:00:00+08:00,0.03200000151991844,0.03200000151991844,0.03200000151991844,0.03200000151991844,0,0.0,0.0,0.0
2020-08-26 00:00:00+08:00,0.02500000037252903,0.02500000037252903,0.02500000037252903,0.02500000037252903,300000,0.0,0.0,0.0
2020-08-27 00:00:00+08:00,0.027000000700354576,0.027000000700354576,0.027000000700354576,0.027000000700354576,63000,0.0,0.0,0.0
2020-08-28 00:00:00+08:00,0.027000000700354576,0.027000000700354576,0.027000000700354576,0.027000000700354576,0,0.0,0.0,0.0
2020-08-31 00:00:00+08:00,0.023000000044703484,0.023000000044703484,0.023000000044703484,0.023000000044703484,100000,0.0,0.0,0.0
2020-09-01 00:00:00+08:00,0.029999999329447746,0.03099999949336052,0.029999999329447746,0.03099999949336052,21000,0.0,0.0,0.0
2020-09-02 00:00:00+08:00,0.023000000044703484,0.023000000044703484,0.023000000044703484,0.023000000044703484,15000,0.0,0.0,0.0
2020-09-03 00:00:00+08:00,0.02800000086426735,0.029999999329447746,0.02800000086426735,0.029999999329447746,296600,0.0,0.0,0.0
2020-09-04 00:00:00+08:00,0.03500000014901161,0.03500000014901161,0.03500000014901161,0.03500000014901161,2000,0.0,0.0,0.0
2020-09-07 00:00:00+08:00,0.029999999329447746,0.029999999329447746,0.029999999329447746,0.029999999329447746,20000,0.0,0.0,0.0
2020-09-08 00:00:00+08:00,0.029999999329447746,0.029999999329447746,0.029999999329447746,0.029999999329447746,150000,0.0,0.0,0.0
2020-09-09 00:00:00+08:00,0.02500000037252903,0.02500000037252903,0.02500000037252903,0.02500000037252903,100000,0.0,0.0,0.0
2020-09-10 00:00:00+08:00,0.02500000037252903,0.02500000037252903,0.024000000208616257,0.024000000208616257,90000,0.0,0.0,0.0
2020-09-11 00:00:00+08:00,0.028999999165534973,0.028999999165534973,0.02500000037252903,0.02500000037252903,222000,0.0,0.0,0.0
2020-09-14 00:00:00+08:00,0.02500000037252903,0.028999999165534973,0.02500000037252903,0.028999999165534973,153000,0.0,0.0,0.0
2020-09-15 00:00:00+08:00,0.028999999165534973,0.028999999165534973,0.028999999165534973,0.028999999165534973,0,0.0,0.0,0.0
2020-09-16 00:00:00+08:00,0.028999999165534973,0.028999999165534973,0.028999999165534973,0.028999999165534973,0,0.0,0.0,0.0
2020-09-17 00:00:00+08:00,0.028999999165534973,0.028999999165534973,0.028999999165534973,0.028999999165534973,0,0.0,0.0,0.0
2020-09-18 00:00:00+08:00,0.028999999165534973,0.028999999165534973,0.028999999165534973,0.028999999165534973,0,0.0,0.0,0.0
2020-09-21 00:00:00+08:00,0.024000000208616257,0.02800000086426735,0.024000000208616257,0.024000000208616257,85000,0.0,0.0,0.0
2020-09-22 00:00:00+08:00,0.028999999165534973,0.028999999165534973,0.028999999165534973,0.028999999165534973,3000,0.0,0.0,0.0
2020-09-23 00:00:00+08:00,0.02500000037252903,0.028999999165534973,0.02500000037252903,0.028999999165534973,364000,0.0,0.0,0.0
2020-09-24 00:00:00+08:00,0.028999999165534973,0.028999999165534973,0.028999999165534973,0.028999999165534973,0,0.0,0.0,0.0
2020-09-25 00:00:00+08:00,0.024000000208616257,0.026000000536441803,0.024000000208616257,0.026000000536441803,376000,0.0,0.0,0.0
2020-09-28 00:00:00+08:00,0.02500000037252903,0.02800000086426735,0.02500000037252903,0.02800000086426735,65000,0.0,0.0,0.0
2020-09-29 00:00:00+08:00,0.024000000208616257,0.026000000536441803,0.024000000208616257,0.026000000536441803,320000,0.0,0.0,0.0
2020-09-30 00:00:00+08:00,0.026000000536441803,0.026000000536441803,0.026000000536441803,0.026000000536441803,0,0.0,0.0,0.0
2020-10-01 00:00:00+08:00,0.02500000037252903,0.028999999165534973,0.024000000208616257,0.02800000086426735,498000,0.0,0.0,0.0
2020-10-02 00:00:00+08:00,0.024000000208616257,0.026000000536441803,0.024000000208616257,0.024000000208616257,232000,0.0,0.0,0.0
2020-10-05 00:00:00+08:00,0.026000000536441803,0.026000000536441803,0.024000000208616257,0.026000000536441803,136000,0.0,0.0,0.0
2020-10-06 00:00:00+08:00,0.024000000208616257,0.02500000037252903,0.024000000208616257,0.02500000037252903,72000,0.0,0.0,0.0
2020-10-07 00:00:00+08:00,0.026000000536441803,0.026000000536441803,0.026000000536441803,0.026000000536441803,3000,0.0,0.0,0.0
2020-10-08 00:00:00+08:00,0.026000000536441803,0.026000000536441803,0.026000000536441803,0.026000000536441803,0,0.0,0.0,0.0
2020-10-09 00:00:00+08:00,0.02199999988079071,0.02199999988079071,0.02199999988079071,0.02199999988079071,62000,0.0,0.0,0.0
2020-10-12 00:00:00+08:00,0.020999999716877937,0.02500000037252903,0.020999999716877937,0.02500000037252903,46200,0.0,0.0,0.0
2020-10-13 00:00:00+08:00,0.02500000037252903,0.026000000536441803,0.02500000037252903,0.02500000037252903,51000,0.0,0.0,0.0
2020-10-14 00:00:00+08:00,0.02500000037252903,0.026000000536441803,0.023000000044703484,0.02500000037252903,122000,0.0,0.0,0.0
2020-10-15 00:00:00+08:00,0.02500000037252903,0.02500000037252903,0.02500000037252903,0.02500000037252903,0,0.0,0.0,0.0
2020-10-16 00:00:00+08:00,0.02500000037252903,0.026000000536441803,0.02500000037252903,0.026000000536441803,18000,0.0,0.0,0.0
2020-10-19 00:00:00+08:00,0.024000000208616257,0.024000000208616257,0.024000000208616257,0.024000000208616257,100000,0.0,0.0,0.0
2020-10-20 00:00:00+08:00,0.02500000037252903,0.026000000536441803,0.02500000037252903,0.026000000536441803,12000,0.0,0.0,0.0
2020-10-21 00:00:00+08:00,0.026000000536441803,0.026000000536441803,0.026000000536441803,0.026000000536441803,0,0.0,0.0,0.0
2020-10-22 00:00:00+08:00,0.024000000208616257,0.024000000208616257,0.024000000208616257,0.024000000208616257,45400,0.0,0.0,0.0
2020-10-23 00:00:00+08:00,0.02500000037252903,0.026000000536441803,0.02500000037252903,0.026000000536441803,156000,0.0,0.0,0.0
2020-10-26 00:00:00+08:00,0.02500000037252903,0.02500000037252903,0.02500000037252903,0.02500000037252903,99600,0.0,0.0,0.0
2020-10-27 00:00:00+08:00,0.02500000037252903,0.027000000700354576,0.024000000208616257,0.02500000037252903,309000,0.0,0.0,0.0
2020-10-28 00:00:00+08:00,0.02500000037252903,0.02500000037252903,0.02500000037252903,0.02500000037252903,100000,0.0,0.0,0.0
2020-10-29 00:00:00+08:00,0.023000000044703484,0.02500000037252903,0.02199999988079071,0.02500000037252903,100100,0.0,0.0,0.0
2020-10-30 00:00:00+08:00,0.024000000208616257,0.024000000208616257,0.024000000208616257,0.024000000208616257,100000,0.0,0.0,0.0
2020-11-02 00:00:00+08:00,0.024000000208616257,0.024000000208616257,0.024000000208616257,0.024000000208616257,100000,0.0,0.0,0.0
2020-11-03 00:00:00+08:00,0.023000000044703484,0.023000000044703484,0.023000000044703484,0.023000000044703484,35000,0.0,0.0,0.0
2020-11-04 00:00:00+08:00,0.02500000037252903,0.026000000536441803,0.023000000044703484,0.023000000044703484,106900,0.0,0.0,0.0
2020-11-05 00:00:00+08:00,0.023000000044703484,0.02500000037252903,0.023000000044703484,0.023000000044703484,205000,0.0,0.0,0.0
2020-11-06 00:00:00+08:00,0.026000000536441803,0.026000000536441803,0.023000000044703484,0.023000000044703484,105000,0.0,0.0,0.0
2020-11-09 00:00:00+08:00,0.023000000044703484,0.02800000086426735,0.023000000044703484,0.02800000086426735,101000,0.0,0.0,0.0
2020-11-10 00:00:00+08:00,0.027000000700354576,0.027000000700354576,0.02500000037252903,0.02500000037252903,300000,0.0,0.0,0.0
2020-11-11 00:00:00+08:00,0.027000000700354576,0.027000000700354576,0.024000000208616257,0.024000000208616257,6000,0.0,0.0,0.0
2020-11-12 00:00:00+08:00,0.024000000208616257,0.02500000037252903,0.023000000044703484,0.023000000044703484,236700,0.0,0.0,0.0
2020-11-13 00:00:00+08:00,0.023000000044703484,0.023000000044703484,0.02199999988079071,0.02199999988079071,360000,0.0,0.0,0.0
2020-11-16 00:00:00+08:00,0.02199999988079071,0.026000000536441803,0.02199999988079071,0.026000000536441803,383600,0.0,0.0,0.0
2020-11-17 00:00:00+08:00,0.026000000536441803,0.026000000536441803,0.026000000536441803,0.026000000536441803,0,0.0,0.0,0.0
2020-11-18 00:00:00+08:00,0.026000000536441803,0.026000000536441803,0.026000000536441803,0.026000000536441803,0,0.0,0.0,0.0
2020-11-19 00:00:00+08:00,0.026000000536441803,0.026000000536441803,0.026000000536441803,0.026000000536441803,0,0.0,0.0,0.0
2020-11-20 00:00:00+08:00,0.026000000536441803,0.026000000536441803,0.026000000536441803,0.026000000536441803,0,0.0,0.0,0.0
2020-11-23 00:00:00+08:00,0.026000000536441803,0.028999999165534973,0.026000000536441803,0.028999999165534973,500000,0.0,0.0,0.0
2020-11-24 00:00:00+08:00,0.023000000044703484,0.02500000037252903,0.02199999988079071,0.02500000037252903,209100,0.0,0.0,0.0
2020-11-25 00:00:00+08:00,0.02500000037252903,0.029999999329447746,0.024000000208616257,0.028999999165534973,200900,0.0,0.0,0.0
2020-11-26 00:00:00+08:00,0.028999999165534973,0.028999999165534973,0.028999999165534973,0.028999999165534973,0,0.0,0.0,0.0
2020-11-27 00:00:00+08:00,0.028999999165534973,0.028999999165534973,0.028999999165534973,0.028999999165534973,0,0.0,0.0,0.0
2020-11-30 00:00:00+08:00,0.029999999329447746,0.029999999329447746,0.023000000044703484,0.023000000044703484,103000,0.0,0.0,0.0
2020-12-01 00:00:00+08:00,0.023000000044703484,0.02800000086426735,0.023000000044703484,0.02800000086426735,113000,0.0,0.0,0.0
2020-12-02 00:00:00+08:00,0.023000000044703484,0.023000000044703484,0.023000000044703484,0.023000000044703484,50000,0.0,0.0,0.0
2020-12-03 00:00:00+08:00,0.02500000037252903,0.029999999329447746,0.024000000208616257,0.02800000086426735,385000,0.0,0.0,0.0
2020-12-04 00:00:00+08:00,0.02800000086426735,0.02800000086426735,0.02800000086426735,0.02800000086426735,0,0.0,0.0,0.0
2020-12-07 00:00:00+08:00,0.029999999329447746,0.029999999329447746,0.023000000044703484,0.023000000044703484,80000,0.0,0.0,0.0
2020-12-08 00:00:00+08:00,0.024000000208616257,0.02800000086426735,0.023000000044703484,0.023000000044703484,151600,0.0,0.0,0.0
2020-12-09 00:00:00+08:00,0.02500000037252903,0.028999999165534973,0.02500000037252903,0.02800000086426735,297000,0.0,0.0,0.0
2020-12-10 00:00:00+08:00,0.023000000044703484,0.023000000044703484,0.023000000044703484,0.023000000044703484,465000,0.0,0.0,0.0
2020-12-11 00:00:00+08:00,0.023000000044703484,0.027000000700354576,0.02199999988079071,0.023000000044703484,821500,0.0,0.0,0.0
2020-12-14 00:00:00+08:00,0.02500000037252903,0.02500000037252903,0.023000000044703484,0.023000000044703484,8000,0.0,0.0,0.0
2020-12-15 00:00:00+08:00,0.023000000044703484,0.024000000208616257,0.023000000044703484,0.023000000044703484,790000,0.0,0.0,0.0
2020-12-16 00:00:00+08:00,0.024000000208616257,0.027000000700354576,0.024000000208616257,0.027000000700354576,408000,0.0,0.0,0.0
2020-12-17 00:00:00+08:00,0.023000000044703484,0.023000000044703484,0.023000000044703484,0.023000000044703484,530000,0.0,0.0,0.0
2020-12-18 00:00:00+08:00,0.023000000044703484,0.023000000044703484,0.023000000044703484,0.023000000044703484,20000,0.0,0.0,0.0
2020-12-21 00:00:00+08:00,0.023000000044703484,0.023000000044703484,0.023000000044703484,0.023000000044703484,180000,0.0,0.0,0.0
2020-12-22 00:00:00+08:00,0.024000000208616257,0.024000000208616257,0.024000000208616257,0.024000000208616257,150000,0.0,0.0,0.0
2020-12-23 00:00:00+08:00,0.023000000044703484,0.023000000044703484,0.023000000044703484,0.023000000044703484,625000,0.0,0.0,0.0
2020-12-24 00:00:00+08:00,0.02199999988079071,0.023000000044703484,0.02199999988079071,0.023000000044703484,185000,0.0,0.0,0.0
2020-12-28 00:00:00+08:00,0.023000000044703484,0.024000000208616257,0.023000000044703484,0.024000000208616257,342500,0.0,0.0,0.0
2020-12-29 00:00:00+08:00,0.024000000208616257,0.024000000208616257,0.024000000208616257,0.024000000208616257,0,0.0,0.0,0.0
2020-12-30 00:00:00+08:00,0.023000000044703484,0.024000000208616257,0.02199999988079071,0.024000000208616257,406000,0.0,0.0,0.0
2020-12-31 00:00:00+08:00,0.024000000208616257,0.024000000208616257,0.024000000208616257,0.024000000208616257,0,0.0,0.0,0.0
2021-01-04 00:00:00+08:00,0.024000000208616257,0.024000000208616257,0.024000000208616257,0.024000000208616257,147700,0.0,0.0,0.0
2021-01-05 00:00:00+08:00,0.023000000044703484,0.024000000208616257,0.023000000044703484,0.024000000208616257,410000,0.0,0.0,0.0
2021-01-06 00:00:00+08:00,0.024000000208616257,0.024000000208616257,0.024000000208616257,0.024000000208616257,0,0.0,0.0,0.0
2021-01-07 00:00:00+08:00,0.024000000208616257,0.024000000208616257,0.024000000208616257,0.024000000208616257,0,0.0,0.0,0.0
2021-01-08 00:00:00+08:00,0.024000000208616257,0.024000000208616257,0.024000000208616257,0.024000000208616257,0,0.0,0.0,0.0
2021-01-11 00:00:00+08:00,0.024000000208616257,0.026000000536441803,0.024000000208616257,0.026000000536441803,150000,0.0,0.0,0.0
2021-01-12 00:00:00+08:00,0.02500000037252903,0.02500000037252903,0.02199999988079071,0.024000000208616257,903000,0.0,0.0,0.0
2021-01-13 00:00:00+08:00,0.024000000208616257,0.024000000208616257,0.024000000208616257,0.024000000208616257,0,0.0,0.0,0.0
2021-01-14 00:00:00+08:00,0.024000000208616257,0.024000000208616257,0.024000000208616257,0.024000000208616257,0,0.0,0.0,0.0
2021-01-15 00:00:00+08:00,0.024000000208616257,0.024000000208616257,0.024000000208616257,0.024000000208616257,0,0.0,0.0,0.0
2021-01-18 00:00:00+08:00,0.023000000044703484,0.023000000044703484,0.023000000044703484,0.023000000044703484,200000,0.0,0.0,0.0
2021-01-19 00:00:00+08:00,0.023000000044703484,0.023000000044703484,0.023000000044703484,0.023000000044703484,0,0.0,0.0,0.0
2021-01-20 00:00:00+08:00,0.023000000044703484,0.023000000044703484,0.023000000044703484,0.023000000044703484,99800,0.0,0.0,0.0
2021-01-21 00:00:00+08:00,0.023000000044703484,0.023000000044703484,0.023000000044703484,0.023000000044703484,400000,0.0,0.0,0.0
2021-01-22 00:00:00+08:00,0.023000000044703484,0.023000000044703484,0.023000000044703484,0.023000000044703484,100200,0.0,0.0,0.0
2021-01-25 00:00:00+08:00,0.023000000044703484,0.023000000044703484,0.023000000044703484,0.023000000044703484,100000,0.0,0.0,0.0
2021-01-26 00:00:00+08:00,0.023000000044703484,0.023000000044703484,0.023000000044703484,0.023000000044703484,0,0.0,0.0,0.0
2021-01-27 00:00:00+08:00,0.024000000208616257,0.024000000208616257,0.024000000208616257,0.024000000208616257,717000,0.0,0.0,0.0
2021-01-28 00:00:00+08:00,0.024000000208616257,0.024000000208616257,0.024000000208616257,0.024000000208616257,0,0.0,0.0,0.0
2021-01-29 00:00:00+08:00,0.024000000208616257,0.024000000208616257,0.024000000208616257,0.024000000208616257,0,0.0,0.0,0.0
2021-02-01 00:00:00+08:00,0.024000000208616257,0.02500000037252903,0.024000000208616257,0.02500000037252903,120000,0.0,0.0,0.0
2021-02-02 00:00:00+08:00,0.026000000536441803,0.026000000536441803,0.026000000536441803,0.026000000536441803,2000,0.0,0.0,0.0
2021-02-03 00:00:00+08:00,0.023000000044703484,0.024000000208616257,0.023000000044703484,0.024000000208616257,410000,0.0,0.0,0.0
2021-02-04 00:00:00+08:00,0.023000000044703484,0.023000000044703484,0.02199999988079071,0.02199999988079071,1195000,0.0,0.0,0.0
2021-02-05 00:00:00+08:00,0.023000000044703484,0.023000000044703484,0.023000000044703484,0.023000000044703484,650000,0.0,0.0,0.0
2021-02-08 00:00:00+08:00,0.023000000044703484,0.023000000044703484,0.023000000044703484,0.023000000044703484,500000,0.0,0.0,0.0
2021-02-09 00:00:00+08:00,0.023000000044703484,0.023000000044703484,0.023000000044703484,0.023000000044703484,1500000,0.0,0.0,0.0
2021-02-10 00:00:00+08:00,0.023000000044703484,0.024000000208616257,0.023000000044703484,0.024000000208616257,450100,0.0,0.0,0.0
2021-02-11 00:00:00+08:00,0.023000000044703484,0.023000000044703484,0.023000000044703484,0.023000000044703484,687100,0.0,0.0,0.0
2021-02-15 00:00:00+08:00,0.023000000044703484,0.023000000044703484,0.023000000044703484,0.023000000044703484,0,0.0,0.0,0.0
2021-02-16 00:00:00+08:00,0.023000000044703484,0.023000000044703484,0.023000000044703484,0.023000000044703484,925000,0.0,0.0,0.0
2021-02-17 00:00:00+08:00,0.023000000044703484,0.024000000208616257,0.023000000044703484,0.024000000208616257,370100,0.0,0.0,0.0
2021-02-18 00:00:00+08:00,0.024000000208616257,0.024000000208616257,0.024000000208616257,0.024000000208616257,0,0.0,0.0,0.0
2021-02-19 00:00:00+08:00,0.023000000044703484,0.023000000044703484,0.023000000044703484,0.023000000044703484,250000,0.0,0.0,0.0
2021-02-22 00:00:00+08:00,0.024000000208616257,0.024000000208616257,0.024000000208616257,0.024000000208616257,100,0.0,0.0,0.0
2021-02-23 00:00:00+08:00,0.024000000208616257,0.024000000208616257,0.023000000044703484,0.023000000044703484,550000,0.0,0.0,0.0
2021-02-24 00:00:00+08:00,0.023000000044703484,0.023000000044703484,0.023000000044703484,0.023000000044703484,460000,0.0,0.0,0.0
2021-02-25 00:00:00+08:00,0.023000000044703484,0.023000000044703484,0.023000000044703484,0.023000000044703484,100000,0.0,0.0,0.0
2021-02-26 00:00:00+08:00,0.023000000044703484,0.023000000044703484,0.023000000044703484,0.023000000044703484,0,0.0,0.0,0.0
2021-03-01 00:00:00+08:00,0.023000000044703484,0.023000000044703484,0.023000000044703484,0.023000000044703484,0,0.0,0.0,0.0
2021-03-02 00:00:00+08:00,0.023000000044703484,0.023000000044703484,0.023000000044703484,0.023000000044703484,0,0.0,0.0,0.0
2021-03-03 00:00:00+08:00,0.023000000044703484,0.023000000044703484,0.023000000044703484,0.023000000044703484,500000,0.0,0.0,0.0
2021-03-04 00:00:00+08:00,0.023000000044703484,0.023000000044703484,0.023000000044703484,0.023000000044703484,0,0.0,0.0,0.0
2021-03-05 00:00:00+08:00,0.023000000044703484,0.023000000044703484,0.023000000044703484,0.023000000044703484,0,0.0,0.0,0.0
2021-03-08 00:00:00+08:00,0.023000000044703484,0.023000000044703484,0.023000000044703484,0.023000000044703484,0,0.0,0.0,0.0
2021-03-09 00:00:00+08:00,0.023000000044703484,0.023000000044703484,0.023000000044703484,0.023000000044703484,0,0.0,0.0,0.0
2021-03-10 00:00:00+08:00,0.023000000044703484,0.023000000044703484,0.023000000044703484,0.023000000044703484,0,0.0,0.0,0.0
2021-03-11 00:00:00+08:00,0.023000000044703484,0.023000000044703484,0.023000000044703484,0.023000000044703484,0,0.0,0.0,0.0
2021-03-12 00:00:00+08:00,0.023000000044703484,0.023000000044703484,0.02199999988079071,0.02199999988079071,1150000,0.0,0.0,0.0
2021-03-15 00:00:00+08:00,0.023000000044703484,0.024000000208616257,0.02199999988079071,0.02199999988079071,1020000,0.0,0.0,0.0
2021-03-16 00:00:00+08:00,0.023000000044703484,0.023000000044703484,0.023000000044703484,0.023000000044703484,1800000,0.0,0.0,0.0
2021-03-17 00:00:00+08:00,0.023000000044703484,0.024000000208616257,0.023000000044703484,0.024000000208616257,2428900,0.0,0.0,0.0
2021-03-18 00:00:00+08:00,0.024000000208616257,0.03999999910593033,0.024000000208616257,0.03999999910593033,8717500,0.0,0.0,0.0
2021-03-19 00:00:00+08:00,0.03999999910593033,0.057999998331069946,0.03999999910593033,0.04699999839067459,34541300,0.0,0.0,0.0
2021-03-22 00:00:00+08:00,0.05000000074505806,0.052000001072883606,0.04399999976158142,0.05000000074505806,17921700,0.0,0.0,0.0
2021-03-23 00:00:00+08:00,0.05000000074505806,0.050999999046325684,0.04500000178813934,0.04800000041723251,20582200,0.0,0.0,0.0
2021-03-24 00:00:00+08:00,0.04800000041723251,0.05400000140070915,0.041999999433755875,0.041999999433755875,57168200,0.0,0.0,0.0
2021-03-25 00:00:00+08:00,0.0430000014603138,0.04399999976158142,0.04100000113248825,0.04100000113248825,7621600,0.0,0.0,0.0
2021-03-26 00:00:00+08:00,0.0430000014603138,0.0430000014603138,0.03999999910593033,0.03999999910593033,3730700,0.0,0.0,0.0
2021-03-29 00:00:00+08:00,0.041999999433755875,0.0430000014603138,0.03700000047683716,0.039000000804662704,12845000,0.0,0.0,0.0
2021-03-30 00:00:00+08:00,0.03799999877810478,0.039000000804662704,0.03799999877810478,0.039000000804662704,5551700,0.0,0.0,0.0
2021-03-31 00:00:00+08:00,0.03999999910593033,0.04100000113248825,0.03799999877810478,0.039000000804662704,13406900,0.0,0.0,0.0
2021-04-01 00:00:00+08:00,0.03999999910593033,0.052000001072883606,0.03999999910593033,0.050999999046325684,32156700,0.0,0.0,0.0
2021-04-05 00:00:00+08:00,0.054999999701976776,0.06599999964237213,0.05400000140070915,0.06499999761581421,83002400,0.0,0.0,0.0
2021-04-06 00:00:00+08:00,0.06499999761581421,0.06499999761581421,0.06499999761581421,0.06499999761581421,0,0.0,0.0,0.0
2021-04-07 00:00:00+08:00,0.06499999761581421,0.06499999761581421,0.06499999761581421,0.06499999761581421,0,0.0,0.0,0.0
2021-04-08 00:00:00+08:00,0.06499999761581421,0.06499999761581421,0.06499999761581421,0.06499999761581421,0,0.0,0.0,0.0
2021-04-09 00:00:00+08:00,0.0689999982714653,0.07800000160932541,0.0689999982714653,0.07000000029802322,135228100,0.0,0.0,0.0
2021-04-12 00:00:00+08:00,0.07199999690055847,0.07199999690055847,0.05999999865889549,0.05999999865889549,28214600,0.0,0.0,0.0
2021-04-13 00:00:00+08:00,0.06199999898672104,0.07000000029802322,0.061000000685453415,0.06300000101327896,86776700,0.0,0.0,0.0
2021-04-14 00:00:00+08:00,0.06300000101327896,0.06499999761581421,0.06199999898672104,0.06400000303983688,13283800,0.0,0.0,0.0
2021-04-15 00:00:00+08:00,0.06499999761581421,0.06499999761581421,0.061000000685453415,0.061000000685453415,8655100,0.0,0.0,0.0
2021-04-16 00:00:00+08:00,0.061000000685453415,0.06199999898672104,0.05900000035762787,0.05999999865889549,9221200,0.0,0.0,0.0
2021-04-19 00:00:00+08:00,0.05999999865889549,0.06300000101327896,0.05999999865889549,0.05999999865889549,9585300,0.0,0.0,0.0
2021-04-20 00:00:00+08:00,0.061000000685453415,0.06199999898672104,0.05999999865889549,0.05999999865889549,4118200,0.0,0.0,0.0
2021-04-21 00:00:00+08:00,0.061000000685453415,0.06199999898672104,0.05999999865889549,0.05999999865889549,3186600,0.0,0.0,0.0
2021-04-22 00:00:00+08:00,0.061000000685453415,0.06199999898672104,0.05999999865889549,0.05999999865889549,4025400,0.0,0.0,0.0
2021-04-23 00:00:00+08:00,0.061000000685453415,0.06499999761581421,0.061000000685453415,0.06400000303983688,14924300,0.0,0.0,0.0
2021-04-26 00:00:00+08:00,0.06499999761581421,0.07100000232458115,0.06499999761581421,0.0689999982714653,23509100,0.0,0.0,0.0
2021-04-27 00:00:00+08:00,0.07100000232458115,0.07500000298023224,0.07000000029802322,0.07400000095367432,33922000,0.0,0.0,0.0
2021-04-28 00:00:00+08:00,0.07400000095367432,0.07400000095367432,0.07100000232458115,0.07199999690055847,11352500,0.0,0.0,0.0
2021-04-29 00:00:00+08:00,0.07199999690055847,0.0729999989271164,0.07100000232458115,0.07100000232458115,9079800,0.0,0.0,0.0
2021-04-30 00:00:00+08:00,0.07199999690055847,0.07199999690055847,0.06400000303983688,0.06400000303983688,15496500,0.0,0.0,0.0
2021-05-03 00:00:00+08:00,0.05999999865889549,0.061000000685453415,0.052000001072883606,0.0560000017285347,61573100,0.0,0.0,0.0
2021-05-04 00:00:00+08:00,0.05900000035762787,0.06499999761581421,0.05900000035762787,0.06499999761581421,40639300,0.0,0.0,0.0
2021-05-05 00:00:00+08:00,0.06499999761581421,0.06499999761581421,0.05900000035762787,0.05999999865889549,11228000,0.0,0.0,0.0
2021-05-06 00:00:00+08:00,0.05999999865889549,0.061000000685453415,0.05900000035762787,0.05999999865889549,4237400,0.0,0.0,0.0
2021-05-07 00:00:00+08:00,0.05999999865889549,0.05999999865889549,0.05700000002980232,0.05700000002980232,6442100,0.0,0.0,0.0
2021-05-10 00:00:00+08:00,0.057999998331069946,0.05900000035762787,0.054999999701976776,0.0560000017285347,7677200,0.0,0.0,0.0
2021-05-11 00:00:00+08:00,0.0560000017285347,0.057999998331069946,0.054999999701976776,0.054999999701976776,6226800,0.0,0.0,0.0
2021-05-12 00:00:00+08:00,0.0560000017285347,0.05900000035762787,0.0560000017285347,0.057999998331069946,2883000,0.0,0.0,0.0
2021-05-14 00:00:00+08:00,0.057999998331069946,0.057999998331069946,0.054999999701976776,0.054999999701976776,4832700,0.0,0.0,0.0
2021-05-17 00:00:00+08:00,0.0560000017285347,0.05700000002980232,0.0560000017285347,0.0560000017285347,4249400,0.0,0.0,0.0
2021-05-18 00:00:00+08:00,0.05700000002980232,0.06300000101327896,0.05700000002980232,0.06199999898672104,10358300,0.0,0.0,0.0
2021-05-19 00:00:00+08:00,0.06300000101327896,0.06599999964237213,0.06199999898672104,0.06400000303983688,17433100,0.0,0.0,0.0
2021-05-20 00:00:00+08:00,0.06300000101327896,0.06400000303983688,0.05900000035762787,0.06300000101327896,3959400,0.0,0.0,0.0
2021-05-21 00:00:00+08:00,0.06199999898672104,0.06400000303983688,0.061000000685453415,0.06300000101327896,4910800,0.0,0.0,0.0
2021-05-24 00:00:00+08:00,0.06300000101327896,0.06499999761581421,0.06199999898672104,0.06199999898672104,5821700,0.0,0.0,0.0
2021-05-25 00:00:00+08:00,0.06400000303983688,0.06400000303983688,0.06199999898672104,0.06199999898672104,4838300,0.0,0.0,0.0
2021-05-27 00:00:00+08:00,0.06199999898672104,0.06499999761581421,0.06199999898672104,0.06300000101327896,6243200,0.0,0.0,0.0
2021-05-28 00:00:00+08:00,0.06300000101327896,0.0689999982714653,0.06300000101327896,0.06599999964237213,34421400,0.0,0.0,0.0
2021-05-31 00:00:00+08:00,0.06499999761581421,0.06499999761581421,0.06400000303983688,0.06400000303983688,5104100,0.0,0.0,0.0
2021-06-01 00:00:00+08:00,0.06400000303983688,0.06400000303983688,0.06300000101327896,0.06300000101327896,4873800,0.0,0.0,0.0
2021-06-02 00:00:00+08:00,0.06300000101327896,0.06300000101327896,0.05999999865889549,0.061000000685453415,6541100,0.0,0.0,0.0
2021-06-03 00:00:00+08:00,0.061000000685453415,0.061000000685453415,0.061000000685453415,0.061000000685453415,0,0.0,0.0,0.0
2021-06-04 00:00:00+08:00,0.061000000685453415,0.061000000685453415,0.061000000685453415,0.061000000685453415,0,0.0,0.0,0.0
2021-06-07 00:00:00+08:00,0.07000000029802322,0.0820000022649765,0.06800000369548798,0.07400000095367432,86015500,0.0,0.0,0.0
2021-06-08 00:00:00+08:00,0.07500000298023224,0.07599999755620956,0.06800000369548798,0.07000000029802322,17525200,0.0,0.0,0.0
2021-06-09 00:00:00+08:00,0.06800000369548798,0.07000000029802322,0.06800000369548798,0.0689999982714653,4507200,0.0,0.0,0.0
2021-06-10 00:00:00+08:00,0.0689999982714653,0.07199999690055847,0.0689999982714653,0.07199999690055847,6982300,0.0,0.0,0.0
2021-06-11 00:00:00+08:00,0.07199999690055847,0.07400000095367432,0.06800000369548798,0.0689999982714653,21394100,0.0,0.0,0.0
2021-06-14 00:00:00+08:00,0.07100000232458115,0.07100000232458115,0.06499999761581421,0.06599999964237213,14893700,0.0,0.0,0.0
2021-06-15 00:00:00+08:00,0.06599999964237213,0.06800000369548798,0.06499999761581421,0.06700000166893005,4197800,0.0,0.0,0.0
2021-06-16 00:00:00+08:00,0.06800000369548798,0.06800000369548798,0.06499999761581421,0.06499999761581421,5926800,0.0,0.0,0.0
2021-06-17 00:00:00+08:00,0.06400000303983688,0.06700000166893005,0.06400000303983688,0.06499999761581421,7830100,0.0,0.0,0.0
2021-06-18 00:00:00+08:00,0.06599999964237213,0.06599999964237213,0.06400000303983688,0.06400000303983688,9423900,0.0,0.0,0.0
2021-06-21 00:00:00+08:00,0.06400000303983688,0.06400000303983688,0.06199999898672104,0.06199999898672104,5928200,0.0,0.0,0.0
2021-06-22 00:00:00+08:00,0.06199999898672104,0.06499999761581421,0.06199999898672104,0.06300000101327896,3015000,0.0,0.0,0.0
2021-06-23 00:00:00+08:00,0.06499999761581421,0.06499999761581421,0.06300000101327896,0.06400000303983688,4108500,0.0,0.0,0.0
2021-06-24 00:00:00+08:00,0.06400000303983688,0.06700000166893005,0.06400000303983688,0.06400000303983688,3316400,0.0,0.0,0.0
2021-06-25 00:00:00+08:00,0.06499999761581421,0.06700000166893005,0.06400000303983688,0.06400000303983688,7543200,0.0,0.0,0.0
2021-06-28 00:00:00+08:00,0.06499999761581421,0.06700000166893005,0.06400000303983688,0.06599999964237213,3501100,0.0,0.0,0.0
2021-06-29 00:00:00+08:00,0.06700000166893005,0.07100000232458115,0.06700000166893005,0.07000000029802322,10337500,0.0,0.0,0.0
2021-06-30 00:00:00+08:00,0.07400000095367432,0.07699999958276749,0.07100000232458115,0.07599999755620956,29354000,0.0,0.0,0.0
2021-07-01 00:00:00+08:00,0.07599999755620956,0.09099999815225601,0.07500000298023224,0.08500000089406967,70333100,0.0,0.0,0.0
2021-07-02 00:00:00+08:00,0.09000000357627869,0.0949999988079071,0.09000000357627869,0.09300000220537186,35271400,0.0,0.0,0.0
2021-07-05 00:00:00+08:00,0.09399999678134918,0.0949999988079071,0.09000000357627869,0.09099999815225601,19873200,0.0,0.0,0.0
2021-07-06 00:00:00+08:00,0.09200000017881393,0.09200000017881393,0.08399999886751175,0.08699999749660492,27554400,0.0,0.0,0.0
2021-07-07 00:00:00+08:00,0.08799999952316284,0.09399999678134918,0.08699999749660492,0.09200000017881393,26838600,0.0,0.0,0.0
2021-07-08 00:00:00+08:00,0.09300000220537186,0.09700000286102295,0.09200000017881393,0.09700000286102295,27499700,0.0,0.0,0.0
2021-07-09 00:00:00+08:00,0.09700000286102295,0.09700000286102295,0.09700000286102295,0.09700000286102295,0,0.0,0.0,0.0
2021-07-12 00:00:00+08:00,0.09700000286102295,0.09700000286102295,0.09700000286102295,0.09700000286102295,0,0.0,0.0,0.0
2021-07-13 00:00:00+08:00,0.10499999672174454,0.10499999672174454,0.0860000029206276,0.08699999749660492,109268300,0.0,0.0,0.0
2021-07-14 00:00:00+08:00,0.08699999749660492,0.09000000357627869,0.08399999886751175,0.08500000089406967,23579800,0.0,0.0,0.0
2021-07-15 00:00:00+08:00,0.08500000089406967,0.08500000089406967,0.05900000035762787,0.0729999989271164,90329100,0.0,0.0,0.0
2021-07-16 00:00:00+08:00,0.07199999690055847,0.07199999690055847,0.06499999761581421,0.06700000166893005,31894700,0.0,0.0,0.0
2021-07-19 00:00:00+08:00,0.06400000303983688,0.06800000369548798,0.06400000303983688,0.06499999761581421,22550600,0.0,0.0,0.0
2021-07-21 00:00:00+08:00,0.06499999761581421,0.07400000095367432,0.06499999761581421,0.06700000166893005,61360800,0.0,0.0,0.0
2021-07-22 00:00:00+08:00,0.06700000166893005,0.0689999982714653,0.06599999964237213,0.06700000166893005,18958300,0.0,0.0,0.0
2021-07-23 00:00:00+08:00,0.06700000166893005,0.06700000166893005,0.06499999761581421,0.06499999761581421,14361400,0.0,0.0,0.0
2021-07-26 00:00:00+08:00,0.06499999761581421,0.06700000166893005,0.06300000101327896,0.06300000101327896,10910600,0.0,0.0,0.0
2021-07-27 00:00:00+08:00,0.06300000101327896,0.06499999761581421,0.06199999898672104,0.06199999898672104,21516200,0.0,0.0,0.0
2021-07-28 00:00:00+08:00,0.06300000101327896,0.06499999761581421,0.061000000685453415,0.06300000101327896,22415000,0.0,0.0,0.0
2021-07-29 00:00:00+08:00,0.06400000303983688,0.06400000303983688,0.061000000685453415,0.061000000685453415,15960400,0.0,0.0,0.0
2021-07-30 00:00:00+08:00,0.06199999898672104,0.06400000303983688,0.05999999865889549,0.061000000685453415,29108300,0.0,0.0,0.0
2021-08-02 00:00:00+08:00,0.061000000685453415,0.06199999898672104,0.0560000017285347,0.05700000002980232,31402200,0.0,0.0,0.0
2021-08-03 00:00:00+08:00,0.05700000002980232,0.05900000035762787,0.054999999701976776,0.05700000002980232,28997500,0.0,0.0,0.0
2021-08-04 00:00:00+08:00,0.05900000035762787,0.05900000035762787,0.0560000017285347,0.0560000017285347,14827000,0.0,0.0,0.0
2021-08-05 00:00:00+08:00,0.0560000017285347,0.05700000002980232,0.052000001072883606,0.05299999937415123,22819000,0.0,0.0,0.0
2021-08-06 00:00:00+08:00,0.05299999937415123,0.05299999937415123,0.05000000074505806,0.050999999046325684,16971400,0.0,0.0,0.0
2021-08-10 00:00:00+08:00,0.050999999046325684,0.050999999046325684,0.04899999871850014,0.05000000074505806,13258200,0.0,0.0,0.0
2021-08-11 00:00:00+08:00,0.05000000074505806,0.05900000035762787,0.05000000074505806,0.057999998331069946,46723300,0.0,0.0,0.0
2021-08-12 00:00:00+08:00,0.057999998331069946,0.057999998331069946,0.052000001072883606,0.052000001072883606,39950900,0.0,0.0,0.0
2021-08-13 00:00:00+08:00,0.052000001072883606,0.05299999937415123,0.050999999046325684,0.050999999046325684,4826200,0.0,0.0,0.0
2021-08-16 00:00:00+08:00,0.050999999046325684,0.052000001072883606,0.04699999839067459,0.04899999871850014,16783200,0.0,0.0,0.0
2021-08-17 00:00:00+08:00,0.04800000041723251,0.04899999871850014,0.04699999839067459,0.04699999839067459,5899600,0.0,0.0,0.0
2021-08-18 00:00:00+08:00,0.04800000041723251,0.04899999871850014,0.04500000178813934,0.04500000178813934,13932800,0.0,0.0,0.0
2021-08-19 00:00:00+08:00,0.04500000178813934,0.04500000178813934,0.041999999433755875,0.0430000014603138,8417300,0.0,0.0,0.0
2021-08-20 00:00:00+08:00,0.0430000014603138,0.04399999976158142,0.041999999433755875,0.041999999433755875,5476200,0.0,0.0,0.0
2021-08-23 00:00:00+08:00,0.041999999433755875,0.0430000014603138,0.041999999433755875,0.041999999433755875,3378100,0.0,0.0,0.0
2021-08-24 00:00:00+08:00,0.0430000014603138,0.04399999976158142,0.0430000014603138,0.0430000014603138,4376000,0.0,0.0,0.0
2021-08-25 00:00:00+08:00,0.0430000014603138,0.04500000178813934,0.0430000014603138,0.04500000178813934,34605600,0.0,0.0,0.0
2021-08-26 00:00:00+08:00,0.04500000178813934,0.04500000178813934,0.0430000014603138,0.04399999976158142,3309700,0.0,0.0,0.0
2021-08-27 00:00:00+08:00,0.0430000014603138,0.04399999976158142,0.03799999877810478,0.039000000804662704,28881900,0.0,0.0,0.0
2021-08-30 00:00:00+08:00,0.039000000804662704,0.03999999910593033,0.03799999877810478,0.039000000804662704,2773800,0.0,0.0,0.0
2021-08-31 00:00:00+08:00,0.039000000804662704,0.03999999910593033,0.03799999877810478,0.039000000804662704,11726500,0.0,0.0,0.0
2021-09-01 00:00:00+08:00,0.03999999910593033,0.041999999433755875,0.039000000804662704,0.04100000113248825,11773300,0.0,0.0,0.0
2021-09-02 00:00:00+08:00,0.041999999433755875,0.0430000014603138,0.03999999910593033,0.041999999433755875,10124600,0.0,0.0,0.0
2021-09-03 00:00:00+08:00,0.04600000008940697,0.06599999964237213,0.04600000008940697,0.06400000303983688,215522600,0.0,0.0,0.0
2021-09-06 00:00:00+08:00,0.06499999761581421,0.0729999989271164,0.06499999761581421,0.07100000232458115,96270400,0.0,0.0,0.0
2021-09-07 00:00:00+08:00,0.07199999690055847,0.07400000095367432,0.06400000303983688,0.07199999690055847,49868600,0.0,0.0,0.0
2021-09-08 00:00:00+08:00,0.07199999690055847,0.07800000160932541,0.07199999690055847,0.07800000160932541,50599400,0.0,0.0,0.0
2021-09-09 00:00:00+08:00,0.07800000160932541,0.07900000363588333,0.07400000095367432,0.07699999958276749,15684200,0.0,0.0,0.0
2021-09-10 00:00:00+08:00,0.07599999755620956,0.0860000029206276,0.07500000298023224,0.0820000022649765,50626800,0.0,0.0,0.0
2021-09-13 00:00:00+08:00,0.0820000022649765,0.08299999684095383,0.07999999821186066,0.0820000022649765,6560400,0.0,0.0,0.0
2021-09-14 00:00:00+08:00,0.07999999821186066,0.0820000022649765,0.07400000095367432,0.08100000023841858,17605500,0.0,0.0,0.0
2021-09-15 00:00:00+08:00,0.07800000160932541,0.08299999684095383,0.07599999755620956,0.07999999821186066,18850300,0.0,0.0,0.0
2021-09-16 00:00:00+08:00,0.07900000363588333,0.08100000023841858,0.07699999958276749,0.07800000160932541,10155400,0.0,0.0,0.0
2021-09-17 00:00:00+08:00,0.07800000160932541,0.07999999821186066,0.07699999958276749,0.07900000363588333,5494000,0.0,0.0,0.0
2021-09-20 00:00:00+08:00,0.07800000160932541,0.07900000363588333,0.07500000298023224,0.07800000160932541,6911800,0.0,0.0,0.0
2021-09-21 00:00:00+08:00,0.07800000160932541,0.07900000363588333,0.07599999755620956,0.07699999958276749,3961900,0.0,0.0,0.0
2021-09-22 00:00:00+08:00,0.07599999755620956,0.08699999749660492,0.07599999755620956,0.08399999886751175,46842600,0.0,0.0,0.0
2021-09-23 00:00:00+08:00,0.08500000089406967,0.08699999749660492,0.08100000023841858,0.08100000023841858,43812500,0.0,0.0,0.0
2021-09-24 00:00:00+08:00,0.08100000023841858,0.0820000022649765,0.07800000160932541,0.07900000363588333,8072100,0.0,0.0,0.0
2021-09-27 00:00:00+08:00,0.07999999821186066,0.08100000023841858,0.07800000160932541,0.07900000363588333,4078000,0.0,0.0,0.0
2021-09-28 00:00:00+08:00,0.07900000363588333,0.07999999821186066,0.07699999958276749,0.07699999958276749,4891300,0.0,0.0,0.0
2021-09-29 00:00:00+08:00,0.07800000160932541,0.07900000363588333,0.07500000298023224,0.07500000298023224,10324500,0.0,0.0,0.0
2021-09-30 00:00:00+08:00,0.07599999755620956,0.07699999958276749,0.07500000298023224,0.07500000298023224,3127300,0.0,0.0,0.0
2021-10-01 00:00:00+08:00,0.07599999755620956,0.08100000023841858,0.07599999755620956,0.07800000160932541,7354900,0.0,0.0,0.0
2021-10-04 00:00:00+08:00,0.07800000160932541,0.07800000160932541,0.07599999755620956,0.07599999755620956,1479100,0.0,0.0,0.0
2021-10-05 00:00:00+08:00,0.07699999958276749,0.07800000160932541,0.07599999755620956,0.07599999755620956,3215800,0.0,0.0,0.0
2021-10-06 00:00:00+08:00,0.07599999755620956,0.07699999958276749,0.0729999989271164,0.0729999989271164,4893200,0.0,0.0,0.0
2021-10-07 00:00:00+08:00,0.07500000298023224,0.07800000160932541,0.07500000298023224,0.07500000298023224,6454000,0.0,0.0,0.0
2021-10-08 00:00:00+08:00,0.07599999755620956,0.07599999755620956,0.07400000095367432,0.07599999755620956,1662400,0.0,0.0,0.0
2021-10-11 00:00:00+08:00,0.07599999755620956,0.07599999755620956,0.07199999690055847,0.0729999989271164,5060100,0.0,0.0,0.0
2021-10-12 00:00:00+08:00,0.0729999989271164,0.0729999989271164,0.0689999982714653,0.07000000029802322,7001000,0.0,0.0,0.0
2021-10-13 00:00:00+08:00,0.07000000029802322,0.07000000029802322,0.06800000369548798,0.06800000369548798,4511200,0.0,0.0,0.0
2021-10-14 00:00:00+08:00,0.0689999982714653,0.07400000095367432,0.0689999982714653,0.07000000029802322,17215700,0.0,0.0,0.0
2021-10-15 00:00:00+08:00,0.07000000029802322,0.07100000232458115,0.06800000369548798,0.07000000029802322,4353800,0.0,0.0,0.0
2021-10-18 00:00:00+08:00,0.0689999982714653,0.07000000029802322,0.06800000369548798,0.0689999982714653,3086900,0.0,0.0,0.0
2021-10-19 00:00:00+08:00,0.0689999982714653,0.07199999690055847,0.0689999982714653,0.0689999982714653,6366600,0.0,0.0,0.0
2021-10-20 00:00:00+08:00,0.07199999690055847,0.0729999989271164,0.0689999982714653,0.0689999982714653,8596000,0.0,0.0,0.0
2021-10-21 00:00:00+08:00,0.0689999982714653,0.07100000232458115,0.0689999982714653,0.07000000029802322,3249900,0.0,0.0,0.0
2021-10-22 00:00:00+08:00,0.0689999982714653,0.07599999755620956,0.0689999982714653,0.07100000232458115,17312600,0.0,0.0,0.0
2021-10-25 00:00:00+08:00,0.07199999690055847,0.0729999989271164,0.07100000232458115,0.07199999690055847,2755700,0.0,0.0,0.0
2021-10-26 00:00:00+08:00,0.0729999989271164,0.07400000095367432,0.07199999690055847,0.07199999690055847,5110900,0.0,0.0,0.0
2021-10-27 00:00:00+08:00,0.0729999989271164,0.07599999755620956,0.07199999690055847,0.07199999690055847,10316100,0.0,0.0,0.0
2021-10-28 00:00:00+08:00,0.0729999989271164,0.07400000095367432,0.07100000232458115,0.07100000232458115,3542300,0.0,0.0,0.0
2021-10-29 00:00:00+08:00,0.07199999690055847,0.0729999989271164,0.07100000232458115,0.07199999690055847,3989700,0.0,0.0,0.0
2021-11-01 00:00:00+08:00,0.07199999690055847,0.07999999821186066,0.07100000232458115,0.07999999821186066,17608200,0.0,0.0,0.0
2021-11-02 00:00:00+08:00,0.0820000022649765,0.0860000029206276,0.07800000160932541,0.07900000363588333,26381800,0.0,0.0,0.0
2021-11-03 00:00:00+08:00,0.07900000363588333,0.0820000022649765,0.07699999958276749,0.0820000022649765,3859700,0.0,0.0,0.0
2021-11-05 00:00:00+08:00,0.08100000023841858,0.08399999886751175,0.08100000023841858,0.0820000022649765,9374900,0.0,0.0,0.0
2021-11-08 00:00:00+08:00,0.0820000022649765,0.08500000089406967,0.0820000022649765,0.08500000089406967,16641600,0.0,0.0,0.0
2021-11-09 00:00:00+08:00,0.08500000089406967,0.0860000029206276,0.07999999821186066,0.07999999821186066,34172500,0.0,0.0,0.0
2021-11-10 00:00:00+08:00,0.08100000023841858,0.08100000023841858,0.0729999989271164,0.07400000095367432,15234200,0.0,0.0,0.0
2021-11-11 00:00:00+08:00,0.07400000095367432,0.07699999958276749,0.0729999989271164,0.07400000095367432,2587200,0.0,0.0,0.0
2021-11-12 00:00:00+08:00,0.07400000095367432,0.07500000298023224,0.07400000095367432,0.07500000298023224,2560500,0.0,0.0,0.0
2021-11-15 00:00:00+08:00,0.07400000095367432,0.07500000298023224,0.0729999989271164,0.07500000298023224,3410500,0.0,0.0,0.0
2021-11-16 00:00:00+08:00,0.07400000095367432,0.07400000095367432,0.07199999690055847,0.0729999989271164,5476500,0.0,0.0,0.0
2021-11-17 00:00:00+08:00,0.0729999989271164,0.07400000095367432,0.07199999690055847,0.0729999989271164,5476800,0.0,0.0,0.0
2021-11-18 00:00:00+08:00,0.07199999690055847,0.0729999989271164,0.07100000232458115,0.07100000232458115,2365200,0.0,0.0,0.0
2021-11-19 00:00:00+08:00,0.07199999690055847,0.07199999690055847,0.07100000232458115,0.07100000232458115,2238100,0.0,0.0,0.0
2021-11-22 00:00:00+08:00,0.07100000232458115,0.07100000232458115,0.0689999982714653,0.0689999982714653,3175000,0.0,0.0,0.0
2021-11-23 00:00:00+08:00,0.0689999982714653,0.07400000095367432,0.06800000369548798,0.0689999982714653,7245600,0.0,0.0,0.0
2021-11-24 00:00:00+08:00,0.0689999982714653,0.07000000029802322,0.06800000369548798,0.0689999982714653,7665900,0.0,0.0,0.0
2021-11-25 00:00:00+08:00,0.07100000232458115,0.07100000232458115,0.06700000166893005,0.06700000166893005,3984800,0.0,0.0,0.0
2021-11-26 00:00:00+08:00,0.06700000166893005,0.06700000166893005,0.05999999865889549,0.05999999865889549,13184000,0.0,0.0,0.0
2021-11-29 00:00:00+08:00,0.05999999865889549,0.06199999898672104,0.05900000035762787,0.061000000685453415,3235300,0.0,0.0,0.0
2021-11-30 00:00:00+08:00,0.06199999898672104,0.06599999964237213,0.061000000685453415,0.06199999898672104,1566000,0.0,0.0,0.0
2021-12-01 00:00:00+08:00,0.06199999898672104,0.06199999898672104,0.05900000035762787,0.05999999865889549,4274200,0.0,0.0,0.0
2021-12-02 00:00:00+08:00,0.05999999865889549,0.05999999865889549,0.05900000035762787,0.05999999865889549,1206100,0.0,0.0,0.0
2021-12-03 00:00:00+08:00,0.05900000035762787,0.05900000035762787,0.057999998331069946,0.057999998331069946,1423000,0.0,0.0,0.0
2021-12-06 00:00:00+08:00,0.05700000002980232,0.057999998331069946,0.05700000002980232,0.057999998331069946,120000,0.0,0.0,0.0
2021-12-07 00:00:00+08:00,0.057999998331069946,0.061000000685453415,0.057999998331069946,0.05999999865889549,1088100,0.0,0.0,0.0
2021-12-08 00:00:00+08:00,0.061000000685453415,0.061000000685453415,0.057999998331069946,0.05900000035762787,224900,0.0,0.0,0.0
2021-12-09 00:00:00+08:00,0.05900000035762787,0.061000000685453415,0.057999998331069946,0.05900000035762787,375000,0.0,0.0,0.0
2021-12-10 00:00:00+08:00,0.05900000035762787,0.05999999865889549,0.05900000035762787,0.05900000035762787,678500,0.0,0.0,0.0
2021-12-13 00:00:00+08:00,0.05900000035762787,0.05900000035762787,0.057999998331069946,0.057999998331069946,311300,0.0,0.0,0.0
2021-12-14 00:00:00+08:00,0.057999998331069946,0.061000000685453415,0.057999998331069946,0.05999999865889549,533200,0.0,0.0,0.0
2021-12-15 00:00:00+08:00,0.05999999865889549,0.05999999865889549,0.05900000035762787,0.05900000035762787,404800,0.0,0.0,0.0
2021-12-16 00:00:00+08:00,0.05999999865889549,0.061000000685453415,0.05900000035762787,0.05900000035762787,860900,0.0,0.0,0.0
2021-12-17 00:00:00+08:00,0.05900000035762787,0.05900000035762787,0.057999998331069946,0.057999998331069946,692900,0.0,0.0,0.0
2021-12-20 00:00:00+08:00,0.057999998331069946,0.05999999865889549,0.057999998331069946,0.05999999865889549,617000,0.0,0.0,0.0
2021-12-21 00:00:00+08:00,0.05900000035762787,0.05900000035762787,0.05900000035762787,0.05900000035762787,100000,0.0,0.0,0.0
2021-12-22 00:00:00+08:00,0.05900000035762787,0.05900000035762787,0.057999998331069946,0.057999998331069946,355000,0.0,0.0,0.0
2021-12-23 00:00:00+08:00,0.05900000035762787,0.05999999865889549,0.05900000035762787,0.05900000035762787,407500,0.0,0.0,0.0
2021-12-24 00:00:00+08:00,0.05999999865889549,0.061000000685453415,0.05999999865889549,0.05999999865889549,180000,0.0,0.0,0.0
2021-12-27 00:00:00+08:00,0.061000000685453415,0.061000000685453415,0.05999999865889549,0.05999999865889549,316900,0.0,0.0,0.0
2021-12-28 00:00:00+08:00,0.06400000303983688,0.06400000303983688,0.061000000685453415,0.06400000303983688,734500,0.0,0.0,0.0
2021-12-29 00:00:00+08:00,0.06499999761581421,0.07000000029802322,0.06499999761581421,0.06800000369548798,4610300,0.0,0.0,0.0
2021-12-30 00:00:00+08:00,0.06700000166893005,0.06800000369548798,0.06599999964237213,0.06800000369548798,326300,0.0,0.0,0.0
2021-12-31 00:00:00+08:00,0.06400000303983688,0.06400000303983688,0.06400000303983688,0.06400000303983688,27200,0.0,0.0,0.0
2022-01-03 00:00:00+08:00,0.0689999982714653,0.0689999982714653,0.06499999761581421,0.06499999761581421,581500,0.0,0.0,0.0
2022-01-04 00:00:00+08:00,0.06400000303983688,0.06400000303983688,0.06400000303983688,0.06400000303983688,544000,0.0,0.0,0.0
2022-01-05 00:00:00+08:00,0.06700000166893005,0.06700000166893005,0.06499999761581421,0.06499999761581421,322700,0.0,0.0,0.0
2022-01-06 00:00:00+08:00,0.06400000303983688,0.06700000166893005,0.06400000303983688,0.06700000166893005,704200,0.0,0.0,0.0
2022-01-07 00:00:00+08:00,0.06700000166893005,0.0689999982714653,0.06700000166893005,0.06700000166893005,1270400,0.0,0.0,0.0
2022-01-10 00:00:00+08:00,0.06499999761581421,0.06700000166893005,0.06499999761581421,0.06700000166893005,182700,0.0,0.0,0.0
2022-01-11 00:00:00+08:00,0.06599999964237213,0.06700000166893005,0.06599999964237213,0.06700000166893005,838000,0.0,0.0,0.0
2022-01-12 00:00:00+08:00,0.06599999964237213,0.06700000166893005,0.06499999761581421,0.06599999964237213,596500,0.0,0.0,0.0
2022-01-13 00:00:00+08:00,0.06599999964237213,0.06800000369548798,0.06599999964237213,0.06599999964237213,895100,0.0,0.0,0.0
2022-01-14 00:00:00+08:00,0.06599999964237213,0.06599999964237213,0.06599999964237213,0.06599999964237213,728100,0.0,0.0,0.0
2022-01-17 00:00:00+08:00,0.06599999964237213,0.06700000166893005,0.06599999964237213,0.06599999964237213,230300,0.0,0.0,0.0
2022-01-18 00:00:00+08:00,0.06599999964237213,0.06800000369548798,0.06499999761581421,0.06800000369548798,1193700,0.0,0.0,0.0
2022-01-19 00:00:00+08:00,0.06499999761581421,0.06700000166893005,0.06499999761581421,0.06700000166893005,629000,0.0,0.0,0.0
2022-01-20 00:00:00+08:00,0.06700000166893005,0.06700000166893005,0.06700000166893005,0.06700000166893005,2000,0.0,0.0,0.0
2022-01-21 00:00:00+08:00,0.06499999761581421,0.06700000166893005,0.06499999761581421,0.06700000166893005,533000,0.0,0.0,0.0
2022-01-24 00:00:00+08:00,0.06599999964237213,0.06599999964237213,0.06300000101327896,0.06300000101327896,380000,0.0,0.0,0.0
2022-01-25 00:00:00+08:00,0.06400000303983688,0.06400000303983688,0.06400000303983688,0.06400000303983688,356100,0.0,0.0,0.0
2022-01-26 00:00:00+08:00,0.06199999898672104,0.06400000303983688,0.06199999898672104,0.06400000303983688,417000,0.0,0.0,0.0
2022-01-27 00:00:00+08:00,0.06199999898672104,0.06300000101327896,0.05999999865889549,0.06300000101327896,1130700,0.0,0.0,0.0
2022-01-28 00:00:00+08:00,0.06300000101327896,0.06300000101327896,0.06300000101327896,0.06300000101327896,70000,0.0,0.0,0.0
2022-01-31 00:00:00+08:00,0.061000000685453415,0.061000000685453415,0.05900000035762787,0.05900000035762787,650000,0.0,0.0,0.0
2022-02-03 00:00:00+08:00,0.06499999761581421,0.06499999761581421,0.05900000035762787,0.06300000101327896,1060900,0.0,0.0,0.0
2022-02-04 00:00:00+08:00,0.061000000685453415,0.06199999898672104,0.061000000685453415,0.06199999898672104,315000,0.0,0.0,0.0
2022-02-07 00:00:00+08:00,0.06300000101327896,0.06599999964237213,0.06300000101327896,0.06499999761581421,1495500,0.0,0.0,0.0
2022-02-08 00:00:00+08:00,0.06300000101327896,0.06300000101327896,0.05999999865889549,0.06199999898672104,694500,0.0,0.0,0.0
2022-02-09 00:00:00+08:00,0.061000000685453415,0.0689999982714653,0.061000000685453415,0.06800000369548798,11005200,0.0,0.0,0.0
2022-02-10 00:00:00+08:00,0.06800000369548798,0.0689999982714653,0.06400000303983688,0.06400000303983688,8080500,0.0,0.0,0.0
2022-02-11 00:00:00+08:00,0.06300000101327896,0.06400000303983688,0.06199999898672104,0.06400000303983688,600000,0.0,0.0,0.0
2022-02-14 00:00:00+08:00,0.06199999898672104,0.06400000303983688,0.06199999898672104,0.06199999898672104,1013600,0.0,0.0,0.0
2022-02-15 00:00:00+08:00,0.061000000685453415,0.061000000685453415,0.05900000035762787,0.061000000685453415,1220900,0.0,0.0,0.0
2022-02-16 00:00:00+08:00,0.06199999898672104,0.06199999898672104,0.061000000685453415,0.06199999898672104,1209200,0.0,0.0,0.0
2022-02-17 00:00:00+08:00,0.05999999865889549,0.061000000685453415,0.05900000035762787,0.05900000035762787,655900,0.0,0.0,0.0
2022-02-18 00:00:00+08:00,0.05900000035762787,0.06499999761581421,0.05900000035762787,0.061000000685453415,11445800,0.0,0.0,0.0
2022-02-21 00:00:00+08:00,0.05999999865889549,0.061000000685453415,0.05999999865889549,0.061000000685453415,622200,0.0,0.0,0.0
2022-02-22 00:00:00+08:00,0.05900000035762787,0.05999999865889549,0.05900000035762787,0.05900000035762787,1145000,0.0,0.0,0.0
2022-02-23 00:00:00+08:00,0.05999999865889549,0.061000000685453415,0.05999999865889549,0.05999999865889549,1155300,0.0,0.0,0.0
2022-02-24 00:00:00+08:00,0.05999999865889549,0.05999999865889549,0.05700000002980232,0.05700000002980232,3132900,0.0,0.0,0.0
2022-02-25 00:00:00+08:00,0.05900000035762787,0.05999999865889549,0.05900000035762787,0.05999999865889549,206000,0.0,0.0,0.0
2022-02-28 00:00:00+08:00,0.05900000035762787,0.05999999865889549,0.057999998331069946,0.05900000035762787,895000,0.0,0.0,0.0
2022-03-01 00:00:00+08:00,0.05999999865889549,0.05999999865889549,0.05900000035762787,0.05900000035762787,210000,0.0,0.0,0.0
2022-03-02 00:00:00+08:00,0.05900000035762787,0.05900000035762787,0.057999998331069946,0.05900000035762787,891100,0.0,0.0,0.0
2022-03-03 00:00:00+08:00,0.05900000035762787,0.05900000035762787,0.057999998331069946,0.057999998331069946,258000,0.0,0.0,0.0
2022-03-04 00:00:00+08:00,0.05999999865889549,0.05999999865889549,0.057999998331069946,0.05900000035762787,330100,0.0,0.0,0.0
2022-03-07 00:00:00+08:00,0.057999998331069946,0.05999999865889549,0.057999998331069946,0.057999998331069946,663000,0.0,0.0,0.0
2022-03-08 00:00:00+08:00,0.057999998331069946,0.05900000035762787,0.05700000002980232,0.05700000002980232,666000,0.0,0.0,0.0
2022-03-09 00:00:00+08:00,0.057999998331069946,0.057999998331069946,0.0560000017285347,0.0560000017285347,735000,0.0,0.0,0.0
2022-03-10 00:00:00+08:00,0.054999999701976776,0.05900000035762787,0.054999999701976776,0.054999999701976776,1350100,0.0,0.0,0.0
2022-03-11 00:00:00+08:00,0.057999998331069946,0.057999998331069946,0.05700000002980232,0.057999998331069946,123200,0.0,0.0,0.0
2022-03-14 00:00:00+08:00,0.057999998331069946,0.05999999865889549,0.054999999701976776,0.0560000017285347,820100,0.0,0.0,0.0
2022-03-15 00:00:00+08:00,0.057999998331069946,0.057999998331069946,0.054999999701976776,0.054999999701976776,749900,0.0,0.0,0.0
2022-03-16 00:00:00+08:00,0.0560000017285347,0.05700000002980232,0.0560000017285347,0.05700000002980232,395200,0.0,0.0,0.0
2022-03-17 00:00:00+08:00,0.05700000002980232,0.05700000002980232,0.05700000002980232,0.05700000002980232,751000,0.0,0.0,0.0
2022-03-18 00:00:00+08:00,0.0560000017285347,0.057999998331069946,0.0560000017285347,0.057999998331069946,150000,0.0,0.0,0.0
2022-03-21 00:00:00+08:00,0.05700000002980232,0.05700000002980232,0.0560000017285347,0.0560000017285347,300000,0.0,0.0,0.0
2022-03-22 00:00:00+08:00,0.05400000140070915,0.057999998331069946,0.05400000140070915,0.0560000017285347,375100,0.0,0.0,0.0
2022-03-23 00:00:00+08:00,0.05700000002980232,0.057999998331069946,0.0560000017285347,0.05700000002980232,691700,0.0,0.0,0.0
2022-03-24 00:00:00+08:00,0.05700000002980232,0.05700000002980232,0.05700000002980232,0.05700000002980232,7500,0.0,0.0,0.0
2022-03-25 00:00:00+08:00,0.05700000002980232,0.05700000002980232,0.05700000002980232,0.05700000002980232,206800,0.0,0.0,0.0
2022-03-28 00:00:00+08:00,0.057999998331069946,0.05900000035762787,0.05700000002980232,0.057999998331069946,1742100,0.0,0.0,0.0
2022-03-29 00:00:00+08:00,0.05700000002980232,0.057999998331069946,0.0560000017285347,0.057999998331069946,411400,0.0,0.0,0.0
2022-03-30 00:00:00+08:00,0.05700000002980232,0.057999998331069946,0.05700000002980232,0.057999998331069946,787800,0.0,0.0,0.0
2022-03-31 00:00:00+08:00,0.05700000002980232,0.057999998331069946,0.0560000017285347,0.05700000002980232,1270000,0.0,0.0,0.0
2022-04-01 00:00:00+08:00,0.05700000002980232,0.05700000002980232,0.05700000002980232,0.05700000002980232,450600,0.0,0.0,0.0
2022-04-04 00:00:00+08:00,0.05700000002980232,0.05700000002980232,0.0560000017285347,0.0560000017285347,203000,0.0,0.0,0.0
2022-04-05 00:00:00+08:00,0.05700000002980232,0.05700000002980232,0.05700000002980232,0.05700000002980232,257400,0.0,0.0,0.0
2022-04-06 00:00:00+08:00,0.0560000017285347,0.0560000017285347,0.054999999701976776,0.054999999701976776,280000,0.0,0.0,0.0
2022-04-07 00:00:00+08:00,0.0560000017285347,0.05700000002980232,0.054999999701976776,0.054999999701976776,610000,0.0,0.0,0.0
2022-04-08 00:00:00+08:00,0.0560000017285347,0.05700000002980232,0.0560000017285347,0.0560000017285347,380000,0.0,0.0,0.0
2022-04-11 00:00:00+08:00,0.05700000002980232,0.057999998331069946,0.05700000002980232,0.057999998331069946,1224900,0.0,0.0,0.0
2022-04-12 00:00:00+08:00,0.057999998331069946,0.057999998331069946,0.05700000002980232,0.05700000002980232,452000,0.0,0.0,0.0
2022-04-13 00:00:00+08:00,0.057999998331069946,0.06300000101327896,0.05700000002980232,0.05999999865889549,13667800,0.0,0.0,0.0
2022-04-14 00:00:00+08:00,0.05999999865889549,0.05999999865889549,0.057999998331069946,0.057999998331069946,200100,0.0,0.0,0.0
2022-04-18 00:00:00+08:00,0.057999998331069946,0.057999998331069946,0.0560000017285347,0.0560000017285347,1323100,0.0,0.0,0.0
2022-04-19 00:00:00+08:00,0.05700000002980232,0.05700000002980232,0.0560000017285347,0.0560000017285347,1511000,0.0,0.0,0.0
2022-04-20 00:00:00+08:00,0.05700000002980232,0.05700000002980232,0.054999999701976776,0.0560000017285347,3712000,0.0,0.0,0.0
2022-04-21 00:00:00+08:00,0.0560000017285347,0.057999998331069946,0.054999999701976776,0.054999999701976776,520000,0.0,0.0,0.0
2022-04-22 00:00:00+08:00,0.05700000002980232,0.05700000002980232,0.0560000017285347,0.05700000002980232,497700,0.0,0.0,0.0
2022-04-25 00:00:00+08:00,0.057999998331069946,0.057999998331069946,0.054999999701976776,0.054999999701976776,898100,0.0,0.0,0.0
2022-04-26 00:00:00+08:00,0.05700000002980232,0.05700000002980232,0.054999999701976776,0.054999999701976776,2593200,0.0,0.0,0.0
2022-04-27 00:00:00+08:00,0.057999998331069946,0.057999998331069946,0.05400000140070915,0.05400000140070915,1066200,0.0,0.0,0.0
2022-04-28 00:00:00+08:00,0.05700000002980232,0.05700000002980232,0.05400000140070915,0.054999999701976776,191000,0.0,0.0,0.0
2022-04-29 00:00:00+08:00,0.05700000002980232,0.05700000002980232,0.05299999937415123,0.05400000140070915,370000,0.0,0.0,0.0
2022-05-04 00:00:00+08:00,0.057999998331069946,0.057999998331069946,0.05299999937415123,0.05299999937415123,672600,0.0,0.0,0.0
2022-05-05 00:00:00+08:00,0.05299999937415123,0.054999999701976776,0.05299999937415123,0.054999999701976776,664500,0.0,0.0,0.0
2022-05-06 00:00:00+08:00,0.05400000140070915,0.0560000017285347,0.052000001072883606,0.05400000140070915,1218200,0.0,0.0,0.0
2022-05-09 00:00:00+08:00,0.054999999701976776,0.0560000017285347,0.05299999937415123,0.05299999937415123,503000,0.0,0.0,0.0
2022-05-10 00:00:00+08:00,0.052000001072883606,0.05400000140070915,0.052000001072883606,0.052000001072883606,461800,0.0,0.0,0.0
2022-05-11 00:00:00+08:00,0.05400000140070915,0.05400000140070915,0.050999999046325684,0.050999999046325684,1309100,0.0,0.0,0.0
2022-05-12 00:00:00+08:00,0.050999999046325684,0.05400000140070915,0.05000000074505806,0.05299999937415123,813000,0.0,0.0,0.0
2022-05-13 00:00:00+08:00,0.052000001072883606,0.052000001072883606,0.05000000074505806,0.052000001072883606,1249300,0.0,0.0,0.0
2022-05-17 00:00:00+08:00,0.05299999937415123,0.05299999937415123,0.05000000074505806,0.05000000074505806,231400,0.0,0.0,0.0
2022-05-18 00:00:00+08:00,0.05000000074505806,0.05299999937415123,0.04899999871850014,0.05000000074505806,1147600,0.0,0.0,0.0
2022-05-19 00:00:00+08:00,0.050999999046325684,0.052000001072883606,0.04899999871850014,0.04899999871850014,852000,0.0,0.0,0.0
2022-05-20 00:00:00+08:00,0.05000000074505806,0.050999999046325684,0.04899999871850014,0.05000000074505806,500100,0.0,0.0,0.0
2022-05-23 00:00:00+08:00,0.050999999046325684,0.050999999046325684,0.04899999871850014,0.04899999871850014,1330000,0.0,0.0,0.0
2022-05-24 00:00:00+08:00,0.052000001072883606,0.05299999937415123,0.04899999871850014,0.05000000074505806,661000,0.0,0.0,0.0
2022-05-25 00:00:00+08:00,0.05000000074505806,0.050999999046325684,0.04899999871850014,0.05000000074505806,283700,0.0,0.0,0.0
2022-05-26 00:00:00+08:00,0.050999999046325684,0.050999999046325684,0.05000000074505806,0.05000000074505806,789700,0.0,0.0,0.0
2022-05-27 00:00:00+08:00,0.050999999046325684,0.050999999046325684,0.05000000074505806,0.05000000074505806,146500,0.0,0.0,0.0
2022-05-30 00:00:00+08:00,0.05000000074505806,0.052000001072883606,0.05000000074505806,0.052000001072883606,525000,0.0,0.0,0.0
2022-05-31 00:00:00+08:00,0.052000001072883606,0.052000001072883606,0.050999999046325684,0.052000001072883606,489000,0.0,0.0,0.0
2022-06-01 00:00:00+08:00,0.052000001072883606,0.0560000017285347,0.050999999046325684,0.052000001072883606,1554000,0.0,0.0,0.0
2022-06-02 00:00:00+08:00,0.05299999937415123,0.0560000017285347,0.052000001072883606,0.054999999701976776,932800,0.0,0.0,0.0
2022-06-03 00:00:00+08:00,0.05700000002980232,0.05700000002980232,0.054999999701976776,0.0560000017285347,166000,0.0,0.0,0.0
2022-06-06 00:00:00+08:00,0.0560000017285347,0.0560000017285347,0.054999999701976776,0.0560000017285347,392600,0.0,0.0,0.0
2022-06-07 00:00:00+08:00,0.054999999701976776,0.057999998331069946,0.054999999701976776,0.0560000017285347,1008300,0.0,0.0,0.0
2022-06-08 00:00:00+08:00,0.057999998331069946,0.057999998331069946,0.0560000017285347,0.0560000017285347,408500,0.0,0.0,0.0
2022-06-09 00:00:00+08:00,0.05700000002980232,0.05700000002980232,0.054999999701976776,0.054999999701976776,465100,0.0,0.0,0.0
2022-06-10 00:00:00+08:00,0.054999999701976776,0.054999999701976776,0.054999999701976776,0.054999999701976776,290800,0.0,0.0,0.0
2022-06-13 00:00:00+08:00,0.05400000140070915,0.0560000017285347,0.05400000140070915,0.054999999701976776,764000,0.0,0.0,0.0
2022-06-14 00:00:00+08:00,0.05400000140070915,0.0560000017285347,0.05400000140070915,0.054999999701976776,490000,0.0,0.0,0.0
2022-06-15 00:00:00+08:00,0.052000001072883606,0.054999999701976776,0.052000001072883606,0.05400000140070915,630000,0.0,0.0,0.0
2022-06-16 00:00:00+08:00,0.05400000140070915,0.054999999701976776,0.05299999937415123,0.05299999937415123,289000,0.0,0.0,0.0
2022-06-17 00:00:00+08:00,0.05299999937415123,0.054999999701976776,0.05299999937415123,0.054999999701976776,545000,0.0,0.0,0.0
2022-06-20 00:00:00+08:00,0.05400000140070915,0.054999999701976776,0.05299999937415123,0.05299999937415123,250000,0.0,0.0,0.0
2022-06-21 00:00:00+08:00,0.05299999937415123,0.0560000017285347,0.05299999937415123,0.0560000017285347,255000,0.0,0.0,0.0
2022-06-22 00:00:00+08:00,0.05400000140070915,0.0560000017285347,0.05299999937415123,0.05299999937415123,363000,0.0,0.0,0.0
2022-06-23 00:00:00+08:00,0.05400000140070915,0.05400000140070915,0.05400000140070915,0.05400000140070915,489000,0.0,0.0,0.0
2022-06-24 00:00:00+08:00,0.05400000140070915,0.05400000140070915,0.05299999937415123,0.05299999937415123,269000,0.0,0.0,0.0
2022-06-27 00:00:00+08:00,0.05400000140070915,0.0560000017285347,0.05299999937415123,0.0560000017285347,579600,0.0,0.0,0.0
2022-06-28 00:00:00+08:00,0.054999999701976776,0.06199999898672104,0.054999999701976776,0.06199999898672104,5042800,0.0,0.0,0.0
2022-06-29 00:00:00+08:00,0.061000000685453415,0.06800000369548798,0.061000000685453415,0.06199999898672104,12212100,0.0,0.0,0.0
2022-06-30 00:00:00+08:00,0.06300000101327896,0.06599999964237213,0.06300000101327896,0.06499999761581421,6727500,0.0,0.0,0.0
2022-07-01 00:00:00+08:00,0.06499999761581421,0.06499999761581421,0.06499999761581421,0.06499999761581421,0,0.0,0.0,0.0
2022-07-04 00:00:00+08:00,0.06499999761581421,0.06499999761581421,0.06499999761581421,0.06499999761581421,0,0.0,0.0,0.0
2022-07-05 00:00:00+08:00,0.06800000369548798,0.06800000369548798,0.057999998331069946,0.057999998331069946,12747000,0.0,0.0,0.0
2022-07-06 00:00:00+08:00,0.057999998331069946,0.05900000035762787,0.054999999701976776,0.0560000017285347,3923000,0.0,0.0,0.0
2022-07-07 00:00:00+08:00,0.05700000002980232,0.057999998331069946,0.054999999701976776,0.054999999701976776,354700,0.0,0.0,0.0
2022-07-08 00:00:00+08:00,0.0560000017285347,0.05999999865889549,0.0560000017285347,0.057999998331069946,2331900,0.0,0.0,0.0
2022-07-12 00:00:00+08:00,0.05700000002980232,0.057999998331069946,0.05400000140070915,0.05400000140070915,2011200,0.0,0.0,0.0
2022-07-13 00:00:00+08:00,0.0560000017285347,0.0560000017285347,0.052000001072883606,0.054999999701976776,1735000,0.0,0.0,0.0
2022-07-14 00:00:00+08:00,0.05299999937415123,0.05400000140070915,0.052000001072883606,0.05299999937415123,2036000,0.0,0.0,0.0
2022-07-15 00:00:00+08:00,0.05299999937415123,0.05400000140070915,0.05299999937415123,0.05299999937415123,250000,0.0,0.0,0.0
2022-07-18 00:00:00+08:00,0.05400000140070915,0.0560000017285347,0.05400000140070915,0.054999999701976776,751600,0.0,0.0,0.0
2022-07-19 00:00:00+08:00,0.05400000140070915,0.05400000140070915,0.05299999937415123,0.05400000140070915,530000,0.0,0.0,0.0
2022-07-20 00:00:00+08:00,0.05400000140070915,0.05400000140070915,0.05299999937415123,0.05299999937415123,356000,0.0,0.0,0.0
2022-07-21 00:00:00+08:00,0.05400000140070915,0.054999999701976776,0.05400000140070915,0.05400000140070915,1082200,0.0,0.0,0.0
2022-07-22 00:00:00+08:00,0.05400000140070915,0.05400000140070915,0.05299999937415123,0.05299999937415123,709900,0.0,0.0,0.0
2022-07-25 00:00:00+08:00,0.05400000140070915,0.05400000140070915,0.05299999937415123,0.05400000140070915,505500,0.0,0.0,0.0
2022-07-26 00:00:00+08:00,0.05299999937415123,0.054999999701976776,0.05299999937415123,0.05299999937415123,1469600,0.0,0.0,0.0
2022-07-27 00:00:00+08:00,0.05299999937415123,0.057999998331069946,0.05299999937415123,0.0560000017285347,2708600,0.0,0.0,0.0
2022-07-28 00:00:00+08:00,0.057999998331069946,0.057999998331069946,0.054999999701976776,0.054999999701976776,1622300,0.0,0.0,0.0
2022-07-29 00:00:00+08:00,0.05400000140070915,0.054999999701976776,0.05299999937415123,0.054999999701976776,755000,0.0,0.0,0.0
2022-08-01 00:00:00+08:00,0.0560000017285347,0.0560000017285347,0.05299999937415123,0.054999999701976776,143500,0.0,0.0,0.0
2022-08-02 00:00:00+08:00,0.05400000140070915,0.05400000140070915,0.05400000140070915,0.05400000140070915,230000,0.0,0.0,0.0
2022-08-03 00:00:00+08:00,0.05299999937415123,0.054999999701976776,0.05299999937415123,0.05299999937415123,693300,0.0,0.0,0.0
2022-08-04 00:00:00+08:00,0.05400000140070915,0.05400000140070915,0.05299999937415123,0.05299999937415123,95000,0.0,0.0,0.0
2022-08-05 00:00:00+08:00,0.05299999937415123,0.054999999701976776,0.05299999937415123,0.05299999937415123,2588000,0.0,0.0,0.0
2022-08-08 00:00:00+08:00,0.05299999937415123,0.05400000140070915,0.05299999937415123,0.05400000140070915,911000,0.0,0.0,0.0
2022-08-10 00:00:00+08:00,0.05299999937415123,0.05400000140070915,0.05299999937415123,0.05299999937415123,904600,0.0,0.0,0.0
2022-08-11 00:00:00+08:00,0.05299999937415123,0.05299999937415123,0.052000001072883606,0.052000001072883606,1400400,0.0,0.0,0.0
2022-08-12 00:00:00+08:00,0.052000001072883606,0.052000001072883606,0.052000001072883606,0.052000001072883606,686300,0.0,0.0,0.0
2022-08-15 00:00:00+08:00,0.052000001072883606,0.052000001072883606,0.052000001072883606,0.052000001072883606,70000,0.0,0.0,0.0
2022-08-16 00:00:00+08:00,0.052000001072883606,0.052000001072883606,0.050999999046325684,0.050999999046325684,730000,0.0,0.0,0.0
2022-08-17 00:00:00+08:00,0.050999999046325684,0.052000001072883606,0.050999999046325684,0.050999999046325684,654000,0.0,0.0,0.0
2022-08-18 00:00:00+08:00,0.05400000140070915,0.05400000140070915,0.050999999046325684,0.052000001072883606,220000,0.0,0.0,0.0
2022-08-19 00:00:00+08:00,0.05400000140070915,0.05400000140070915,0.050999999046325684,0.050999999046325684,45000,0.0,0.0,0.0
2022-08-22 00:00:00+08:00,0.052000001072883606,0.05299999937415123,0.050999999046325684,0.050999999046325684,120000,0.0,0.0,0.0
2022-08-23 00:00:00+08:00,0.052000001072883606,0.052000001072883606,0.052000001072883606,0.052000001072883606,348300,0.0,0.0,0.0
2022-08-24 00:00:00+08:00,0.050999999046325684,0.05400000140070915,0.050999999046325684,0.052000001072883606,139000,0.0,0.0,0.0
2022-08-25 00:00:00+08:00,0.052000001072883606,0.052000001072883606,0.052000001072883606,0.052000001072883606,0,0.0,0.0,0.0
2022-08-26 00:00:00+08:00,0.05299999937415123,0.05400000140070915,0.05299999937415123,0.05299999937415123,541800,0.0,0.0,0.0
2022-08-29 00:00:00+08:00,0.05299999937415123,0.05299999937415123,0.05299999937415123,0.05299999937415123,0,0.0,0.0,0.0
2022-08-30 00:00:00+08:00,0.052000001072883606,0.052000001072883606,0.052000001072883606,0.052000001072883606,250000,0.0,0.0,0.0
2022-08-31 00:00:00+08:00,0.052000001072883606,0.05299999937415123,0.052000001072883606,0.052000001072883606,468100,0.0,0.0,0.0
2022-09-01 00:00:00+08:00,0.052000001072883606,0.052000001072883606,0.052000001072883606,0.052000001072883606,499600,0.0,0.0,0.0
2022-09-02 00:00:00+08:00,0.052000001072883606,0.052000001072883606,0.052000001072883606,0.052000001072883606,230000,0.0,0.0,0.0
2022-09-05 00:00:00+08:00,0.050999999046325684,0.052000001072883606,0.050999999046325684,0.052000001072883606,204000,0.0,0.0,0.0
2022-09-06 00:00:00+08:00,0.050999999046325684,0.052000001072883606,0.050999999046325684,0.052000001072883606,565000,0.0,0.0,0.0
2022-09-07 00:00:00+08:00,0.050999999046325684,0.050999999046325684,0.05000000074505806,0.050999999046325684,1093100,0.0,0.0,0.0
2022-09-08 00:00:00+08:00,0.050999999046325684,0.050999999046325684,0.050999999046325684,0.050999999046325684,665100,0.0,0.0,0.0
2022-09-09 00:00:00+08:00,0.052000001072883606,0.052000001072883606,0.050999999046325684,0.050999999046325684,390200,0.0,0.0,0.0
2022-09-12 00:00:00+08:00,0.050999999046325684,0.050999999046325684,0.050999999046325684,0.050999999046325684,100000,0.0,0.0,0.0
2022-09-13 00:00:00+08:00,0.052000001072883606,0.05299999937415123,0.050999999046325684,0.052000001072883606,407300,0.0,0.0,0.0
2022-09-14 00:00:00+08:00,0.050999999046325684,0.050999999046325684,0.05000000074505806,0.05000000074505806,300300,0.0,0.0,0.0
2022-09-15 00:00:00+08:00,0.050999999046325684,0.050999999046325684,0.05000000074505806,0.05000000074505806,539100,0.0,0.0,0.0
2022-09-16 00:00:00+08:00,0.05000000074505806,0.05000000074505806,0.05000000074505806,0.05000000074505806,0,0.0,0.0,0.0
2022-09-19 00:00:00+08:00,0.05700000002980232,0.05700000002980232,0.052000001072883606,0.05299999937415123,3204400,0.0,0.0,0.0
2022-09-20 00:00:00+08:00,0.05299999937415123,0.05400000140070915,0.052000001072883606,0.052000001072883606,785000,0.0,0.0,0.0
2022-09-21 00:00:00+08:00,0.050999999046325684,0.050999999046325684,0.05000000074505806,0.05000000074505806,1154600,0.0,0.0,0.0
2022-09-22 00:00:00+08:00,0.05000000074505806,0.050999999046325684,0.04899999871850014,0.04899999871850014,45000,0.0,0.0,0.0
2022-09-23 00:00:00+08:00,0.05000000074505806,0.05000000074505806,0.04699999839067459,0.04699999839067459,1723900,0.0,0.0,0.0
2022-09-26 00:00:00+08:00,0.04699999839067459,0.04899999871850014,0.04500000178813934,0.04600000008940697,907200,0.0,0.0,0.0
2022-09-27 00:00:00+08:00,0.04699999839067459,0.04800000041723251,0.04699999839067459,0.04699999839067459,924000,0.0,0.0,0.0
2022-09-28 00:00:00+08:00,0.04699999839067459,0.04800000041723251,0.04699999839067459,0.04699999839067459,47000,0.0,0.0,0.0
2022-09-29 00:00:00+08:00,0.04500000178813934,0.04699999839067459,0.04500000178813934,0.04600000008940697,924000,0.0,0.0,0.0
2022-09-30 00:00:00+08:00,0.04500000178813934,0.04600000008940697,0.04100000113248825,0.04600000008940697,809300,0.0,0.0,0.0
2022-10-03 00:00:00+08:00,0.04600000008940697,0.04600000008940697,0.04500000178813934,0.04500000178813934,550000,0.0,0.0,0.0
2022-10-04 00:00:00+08:00,0.04500000178813934,0.04500000178813934,0.04399999976158142,0.04399999976158142,225000,0.0,0.0,0.0
2022-10-05 00:00:00+08:00,0.04500000178813934,0.04500000178813934,0.04399999976158142,0.04399999976158142,664000,0.0,0.0,0.0
2022-10-06 00:00:00+08:00,0.04500000178813934,0.04500000178813934,0.04399999976158142,0.04500000178813934,330000,0.0,0.0,0.0
2022-10-07 00:00:00+08:00,0.0430000014603138,0.04500000178813934,0.0430000014603138,0.04500000178813934,555000,0.0,0.0,0.0
2022-10-10 00:00:00+08:00,0.04100000113248825,0.04500000178813934,0.04100000113248825,0.04500000178813934,325000,0.0,0.0,0.0
2022-10-11 00:00:00+08:00,0.0430000014603138,0.0430000014603138,0.0430000014603138,0.0430000014603138,465000,0.0,0.0,0.0
2022-10-12 00:00:00+08:00,0.04399999976158142,0.04399999976158142,0.03999999910593033,0.03999999910593033,130000,0.0,0.0,0.0
2022-10-13 00:00:00+08:00,0.04399999976158142,0.04399999976158142,0.04100000113248825,0.0430000014603138,669700,0.0,0.0,0.0
2022-10-14 00:00:00+08:00,0.041999999433755875,0.041999999433755875,0.03999999910593033,0.03999999910593033,110000,0.0,0.0,0.0
2022-10-17 00:00:00+08:00,0.04100000113248825,0.041999999433755875,0.03999999910593033,0.04100000113248825,849700,0.0,0.0,0.0
2022-10-18 00:00:00+08:00,0.041999999433755875,0.0430000014603138,0.03999999910593033,0.03999999910593033,220100,0.0,0.0,0.0
2022-10-19 00:00:00+08:00,0.041999999433755875,0.0430000014603138,0.03999999910593033,0.03999999910593033,508100,0.0,0.0,0.0
2022-10-20 00:00:00+08:00,0.03999999910593033,0.03999999910593033,0.03999999910593033,0.03999999910593033,780000,0.0,0.0,0.0
2022-10-21 00:00:00+08:00,0.03999999910593033,0.04100000113248825,0.039000000804662704,0.039000000804662704,562900,0.0,0.0,0.0
2022-10-25 00:00:00+08:00,0.03999999910593033,0.04399999976158142,0.03999999910593033,0.04399999976158142,82300,0.0,0.0,0.0
2022-10-26 00:00:00+08:00,0.04399999976158142,0.04399999976158142,0.0430000014603138,0.0430000014603138,172900,0.0,0.0,0.0
2022-10-27 00:00:00+08:00,0.04399999976158142,0.04399999976158142,0.03999999910593033,0.04100000113248825,217000,0.0,0.0,0.0
2022-10-28 00:00:00+08:00,0.04100000113248825,0.04399999976158142,0.03999999910593033,0.03999999910593033,274000,0.0,0.0,0.0
2022-10-31 00:00:00+08:00,0.03999999910593033,0.0430000014603138,0.039000000804662704,0.0430000014603138,284000,0.0,0.0,0.0
2022-11-01 00:00:00+08:00,0.03999999910593033,0.03999999910593033,0.03999999910593033,0.03999999910593033,200000,0.0,0.0,0.0
2022-11-02 00:00:00+08:00,0.041999999433755875,0.0430000014603138,0.03999999910593033,0.03999999910593033,72300,0.0,0.0,0.0
2022-11-03 00:00:00+08:00,0.03999999910593033,0.041999999433755875,0.03999999910593033,0.041999999433755875,20000,0.0,0.0,0.0
2022-11-04 00:00:00+08:00,0.03999999910593033,0.03999999910593033,0.039000000804662704,0.039000000804662704,180000,0.0,0.0,0.0
2022-11-07 00:00:00+08:00,0.03999999910593033,0.04100000113248825,0.039000000804662704,0.039000000804662704,695000,0.0,0.0,0.0
2022-11-08 00:00:00+08:00,0.03999999910593033,0.04100000113248825,0.03999999910593033,0.04100000113248825,200100,0.0,0.0,0.0
2022-11-09 00:00:00+08:00,0.03999999910593033,0.0430000014603138,0.03999999910593033,0.04100000113248825,318900,0.0,0.0,0.0
2022-11-10 00:00:00+08:00,0.04100000113248825,0.04100000113248825,0.03999999910593033,0.03999999910593033,96000,0.0,0.0,0.0
2022-11-11 00:00:00+08:00,0.03999999910593033,0.041999999433755875,0.03999999910593033,0.041999999433755875,410300,0.0,0.0,0.0
2022-11-14 00:00:00+08:00,0.03999999910593033,0.03999999910593033,0.039000000804662704,0.039000000804662704,1262900,0.0,0.0,0.0
2022-11-15 00:00:00+08:00,0.03999999910593033,0.04100000113248825,0.039000000804662704,0.03999999910593033,573600,0.0,0.0,0.0
2022-11-16 00:00:00+08:00,0.03999999910593033,0.03999999910593033,0.03999999910593033,0.03999999910593033,0,0.0,0.0,0.0
2022-11-17 00:00:00+08:00,0.03799999877810478,0.03999999910593033,0.03799999877810478,0.039000000804662704,101000,0.0,0.0,0.0
2022-11-18 00:00:00+08:00,0.039000000804662704,0.03999999910593033,0.03799999877810478,0.03799999877810478,422500,0.0,0.0,0.0
2022-11-21 00:00:00+08:00,0.03799999877810478,0.03799999877810478,0.03799999877810478,0.03799999877810478,242000,0.0,0.0,0.0
2022-11-22 00:00:00+08:00,0.03799999877810478,0.039000000804662704,0.03799999877810478,0.03799999877810478,150000,0.0,0.0,0.0
2022-11-23 00:00:00+08:00,0.039000000804662704,0.04100000113248825,0.039000000804662704,0.03999999910593033,415700,0.0,0.0,0.0
2022-11-24 00:00:00+08:00,0.03999999910593033,0.03999999910593033,0.03999999910593033,0.03999999910593033,0,0.0,0.0,0.0
2022-11-25 00:00:00+08:00,0.03999999910593033,0.03999999910593033,0.039000000804662704,0.03999999910593033,334400,0.0,0.0,0.0
2022-11-28 00:00:00+08:00,0.039000000804662704,0.039000000804662704,0.03799999877810478,0.03799999877810478,56000,0.0,0.0,0.0
2022-11-29 00:00:00+08:00,0.03799999877810478,0.03999999910593033,0.03799999877810478,0.03999999910593033,132600,0.0,0.0,0.0
2022-11-30 00:00:00+08:00,0.03799999877810478,0.03999999910593033,0.03799999877810478,0.03999999910593033,474400,0.0,0.0,0.0
2022-12-01 00:00:00+08:00,0.03999999910593033,0.04100000113248825,0.03999999910593033,0.04100000113248825,340000,0.0,0.0,0.0
2022-12-02 00:00:00+08:00,0.04100000113248825,0.04100000113248825,0.03999999910593033,0.04100000113248825,211300,0.0,0.0,0.0
2022-12-05 00:00:00+08:00,0.03999999910593033,0.04100000113248825,0.03999999910593033,0.04100000113248825,30000,0.0,0.0,0.0
2022-12-06 00:00:00+08:00,0.03999999910593033,0.03999999910593033,0.03999999910593033,0.03999999910593033,221000,0.0,0.0,0.0
2022-12-07 00:00:00+08:00,0.03999999910593033,0.04100000113248825,0.03999999910593033,0.04100000113248825,303300,0.0,0.0,0.0
2022-12-08 00:00:00+08:00,0.03999999910593033,0.04100000113248825,0.039000000804662704,0.039000000804662704,221000,0.0,0.0,0.0
2022-12-09 00:00:00+08:00,0.039000000804662704,0.04100000113248825,0.039000000804662704,0.03999999910593033,705000,0.0,0.0,0.0
2022-12-12 00:00:00+08:00,0.039000000804662704,0.039000000804662704,0.039000000804662704,0.039000000804662704,594000,0.0,0.0,0.0
2022-12-13 00:00:00+08:00,0.039000000804662704,0.039000000804662704,0.039000000804662704,0.039000000804662704,114000,0.0,0.0,0.0
2022-12-14 00:00:00+08:00,0.039000000804662704,0.039000000804662704,0.03799999877810478,0.039000000804662704,222500,0.0,0.0,0.0
2022-12-15 00:00:00+08:00,0.03999999910593033,0.03999999910593033,0.03999999910593033,0.03999999910593033,25000,0.0,0.0,0.0
2022-12-16 00:00:00+08:00,0.03999999910593033,0.03999999910593033,0.03799999877810478,0.03799999877810478,155000,0.0,0.0,0.0
2022-12-19 00:00:00+08:00,0.03799999877810478,0.03999999910593033,0.03799999877810478,0.03799999877810478,470400,0.0,0.0,0.0
2022-12-20 00:00:00+08:00,0.03799999877810478,0.03799999877810478,0.03799999877810478,0.03799999877810478,100,0.0,0.0,0.0
2022-12-21 00:00:00+08:00,0.03799999877810478,0.039000000804662704,0.03799999877810478,0.039000000804662704,458500,0.0,0.0,0.0
2022-12-22 00:00:00+08:00,0.039000000804662704,0.039000000804662704,0.03799999877810478,0.03799999877810478,150100,0.0,0.0,0.0
2022-12-23 00:00:00+08:00,0.039000000804662704,0.039000000804662704,0.039000000804662704,0.039000000804662704,5000,0.0,0.0,0.0
2022-12-27 00:00:00+08:00,0.03799999877810478,0.03799999877810478,0.03799999877810478,0.03799999877810478,600000,0.0,0.0,0.0
2022-12-28 00:00:00+08:00,0.039000000804662704,0.039000000804662704,0.039000000804662704,0.039000000804662704,10000,0.0,0.0,0.0
2022-12-29 00:00:00+08:00,0.03700000047683716,0.039000000804662704,0.03700000047683716,0.039000000804662704,95200,0.0,0.0,0.0
2022-12-30 00:00:00+08:00,0.039000000804662704,0.039000000804662704,0.039000000804662704,0.039000000804662704,0,0.0,0.0,0.0
2023-01-03 00:00:00+08:00,0.03799999877810478,0.039000000804662704,0.03700000047683716,0.03700000047683716,430000,0.0,0.0,0.0
2023-01-04 00:00:00+08:00,0.03700000047683716,0.03799999877810478,0.035999998450279236,0.035999998450279236,680600,0.0,0.0,0.0
2023-01-05 00:00:00+08:00,0.03799999877810478,0.03999999910593033,0.03700000047683716,0.03700000047683716,775000,0.0,0.0,0.0
2023-01-06 00:00:00+08:00,0.03799999877810478,0.03799999877810478,0.035999998450279236,0.035999998450279236,5100,0.0,0.0,0.0
2023-01-09 00:00:00+08:00,0.03799999877810478,0.03799999877810478,0.035999998450279236,0.035999998450279236,105000,0.0,0.0,0.0
2023-01-10 00:00:00+08:00,0.03500000014901161,0.035999998450279236,0.03500000014901161,0.03500000014901161,555100,0.0,0.0,0.0
2023-01-11 00:00:00+08:00,0.03400000184774399,0.03400000184774399,0.03099999949336052,0.03200000151991844,2282300,0.0,0.0,0.0
2023-01-12 00:00:00+08:00,0.032999999821186066,0.032999999821186066,0.03200000151991844,0.03200000151991844,218100,0.0,0.0,0.0
2023-01-13 00:00:00+08:00,0.032999999821186066,0.032999999821186066,0.03200000151991844,0.03200000151991844,162700,0.0,0.0,0.0
2023-01-16 00:00:00+08:00,0.03200000151991844,0.03200000151991844,0.029999999329447746,0.03200000151991844,1377200,0.0,0.0,0.0
2023-01-17 00:00:00+08:00,0.03099999949336052,0.03099999949336052,0.027000000700354576,0.029999999329447746,377100,0.0,0.0,0.0
2023-01-18 00:00:00+08:00,0.02500000037252903,0.03200000151991844,0.02500000037252903,0.03200000151991844,626600,0.0,0.0,0.0
2023-01-19 00:00:00+08:00,0.032999999821186066,0.032999999821186066,0.028999999165534973,0.032999999821186066,121200,0.0,0.0,0.0
2023-01-20 00:00:00+08:00,0.03200000151991844,0.03500000014901161,0.03200000151991844,0.03500000014901161,133000,0.0,0.0,0.0
2023-01-25 00:00:00+08:00,0.03099999949336052,0.035999998450279236,0.03099999949336052,0.03400000184774399,230100,0.0,0.0,0.0
2023-01-26 00:00:00+08:00,0.032999999821186066,0.03400000184774399,0.03200000151991844,0.032999999821186066,118900,0.0,0.0,0.0
2023-01-27 00:00:00+08:00,0.03200000151991844,0.03799999877810478,0.03200000151991844,0.03200000151991844,63600,0.0,0.0,0.0
2023-01-30 00:00:00+08:00,0.03200000151991844,0.03400000184774399,0.03200000151991844,0.03400000184774399,168000,0.0,0.0,0.0
2023-01-31 00:00:00+08:00,0.03400000184774399,0.03400000184774399,0.03200000151991844,0.032999999821186066,281500,0.0,0.0,0.0
2023-02-01 00:00:00+08:00,0.03500000014901161,0.03500000014901161,0.03200000151991844,0.032999999821186066,403900,0.0,0.0,0.0
2023-02-02 00:00:00+08:00,0.03200000151991844,0.03500000014901161,0.03200000151991844,0.03500000014901161,254000,0.0,0.0,0.0
2023-02-03 00:00:00+08:00,0.03500000014901161,0.03500000014901161,0.03200000151991844,0.032999999821186066,163000,0.0,0.0,0.0
2023-02-06 00:00:00+08:00,0.032999999821186066,0.032999999821186066,0.032999999821186066,0.032999999821186066,50000,0.0,0.0,0.0
2023-02-07 00:00:00+08:00,0.032999999821186066,0.03400000184774399,0.032999999821186066,0.03400000184774399,306100,0.0,0.0,0.0
2023-02-08 00:00:00+08:00,0.03200000151991844,0.032999999821186066,0.03200000151991844,0.03200000151991844,545000,0.0,0.0,0.0
2023-02-09 00:00:00+08:00,0.03200000151991844,0.03200000151991844,0.03099999949336052,0.03099999949336052,160000,0.0,0.0,0.0
2023-02-10 00:00:00+08:00,0.032999999821186066,0.032999999821186066,0.03200000151991844,0.032999999821186066,180500,0.0,0.0,0.0
2023-02-13 00:00:00+08:00,0.032999999821186066,0.032999999821186066,0.032999999821186066,0.032999999821186066,190000,0.0,0.0,0.0
2023-02-14 00:00:00+08:00,0.03200000151991844,0.03200000151991844,0.03200000151991844,0.03200000151991844,70000,0.0,0.0,0.0
2023-02-15 00:00:00+08:00,0.03200000151991844,0.03200000151991844,0.03099999949336052,0.03200000151991844,65600,0.0,0.0,0.0
2023-02-16 00:00:00+08:00,0.03200000151991844,0.035999998450279236,0.03200000151991844,0.035999998450279236,5000,0.0,0.0,0.0
2023-02-17 00:00:00+08:00,0.035999998450279236,0.035999998450279236,0.035999998450279236,0.035999998450279236,0,0.0,0.0,0.0
2023-02-20 00:00:00+08:00,0.035999998450279236,0.035999998450279236,0.035999998450279236,0.035999998450279236,0,0.0,0.0,0.0
2023-02-21 00:00:00+08:00,0.032999999821186066,0.032999999821186066,0.032999999821186066,0.032999999821186066,139200,0.0,0.0,0.0
2023-02-22 00:00:00+08:00,0.03500000014901161,0.03500000014901161,0.03400000184774399,0.03400000184774399,95000,0.0,0.0,0.0
2023-02-23 00:00:00+08:00,0.03200000151991844,0.03200000151991844,0.028999999165534973,0.028999999165534973,1128500,0.0,0.0,0.0
2023-02-24 00:00:00+08:00,0.03099999949336052,0.03200000151991844,0.03099999949336052,0.03099999949336052,218400,0.0,0.0,0.0
2023-02-27 00:00:00+08:00,0.03099999949336052,0.03099999949336052,0.03099999949336052,0.03099999949336052,0,0.0,0.0,0.0
2023-02-28 00:00:00+08:00,0.028999999165534973,0.03099999949336052,0.028999999165534973,0.029999999329447746,695900,0.0,0.0,0.0
2023-03-01 00:00:00+08:00,0.029999999329447746,0.03200000151991844,0.02500000037252903,0.02800000086426735,835500,0.0,0.0,0.0
2023-03-02 00:00:00+08:00,0.027000000700354576,0.02800000086426735,0.026000000536441803,0.02800000086426735,600100,0.0,0.0,0.0
2023-03-03 00:00:00+08:00,0.02800000086426735,0.02800000086426735,0.02800000086426735,0.02800000086426735,0,0.0,0.0,0.0
2023-03-06 00:00:00+08:00,0.02800000086426735,0.02800000086426735,0.02800000086426735,0.02800000086426735,0,0.0,0.0,0.0
2023-03-07 00:00:00+08:00,0.02500000037252903,0.02800000086426735,0.02500000037252903,0.02800000086426735,450000,0.0,0.0,0.0
2023-03-08 00:00:00+08:00,0.02800000086426735,0.02800000086426735,0.02800000086426735,0.02800000086426735,0,0.0,0.0,0.0
2023-03-09 00:00:00+08:00,0.026000000536441803,0.02800000086426735,0.024000000208616257,0.024000000208616257,315500,0.0,0.0,0.0
2023-03-10 00:00:00+08:00,0.024000000208616257,0.026000000536441803,0.024000000208616257,0.026000000536441803,263600,0.0,0.0,0.0
2023-03-13 00:00:00+08:00,0.026000000536441803,0.026000000536441803,0.026000000536441803,0.026000000536441803,1700,0.0,0.0,0.0
2023-03-14 00:00:00+08:00,0.026000000536441803,0.026000000536441803,0.026000000536441803,0.026000000536441803,1000,0.0,0.0,0.0
2023-03-15 00:00:00+08:00,0.026000000536441803,0.026000000536441803,0.02500000037252903,0.026000000536441803,286600,0.0,0.0,0.0
2023-03-16 00:00:00+08:00,0.026000000536441803,0.026000000536441803,0.026000000536441803,0.026000000536441803,1900,0.0,0.0,0.0
2023-03-17 00:00:00+08:00,0.02500000037252903,0.02800000086426735,0.02500000037252903,0.02500000037252903,180000,0.0,0.0,0.0
2023-03-20 00:00:00+08:00,0.02800000086426735,0.02800000086426735,0.02500000037252903,0.02500000037252903,191200,0.0,0.0,0.0
2023-03-21 00:00:00+08:00,0.02500000037252903,0.026000000536441803,0.02500000037252903,0.026000000536441803,163000,0.0,0.0,0.0
2023-03-22 00:00:00+08:00,0.026000000536441803,0.026000000536441803,0.026000000536441803,0.026000000536441803,0,0.0,0.0,0.0
2023-03-23 00:00:00+08:00,0.026000000536441803,0.026000000536441803,0.026000000536441803,0.026000000536441803,0,0.0,0.0,0.0
2023-03-24 00:00:00+08:00,0.02500000037252903,0.027000000700354576,0.02500000037252903,0.02500000037252903,138100,0.0,0.0,0.0
2023-03-27 00:00:00+08:00,0.02500000037252903,0.02500000037252903,0.024000000208616257,0.024000000208616257,63900,0.0,0.0,0.0
2023-03-28 00:00:00+08:00,0.024000000208616257,0.024000000208616257,0.023000000044703484,0.023000000044703484,82000,0.0,0.0,0.0
2023-03-29 00:00:00+08:00,0.023000000044703484,0.023000000044703484,0.023000000044703484,0.023000000044703484,163000,0.0,0.0,0.0
2023-03-30 00:00:00+08:00,0.023000000044703484,0.023000000044703484,0.023000000044703484,0.023000000044703484,0,0.0,0.0,0.0
2023-03-31 00:00:00+08:00,0.023000000044703484,0.024000000208616257,0.023000000044703484,0.024000000208616257,266000,0.0,0.0,0.0
2023-04-03 00:00:00+08:00,0.02199999988079071,0.024000000208616257,0.020999999716877937,0.024000000208616257,419500,0.0,0.0,0.0
2023-04-04 00:00:00+08:00,0.024000000208616257,0.024000000208616257,0.024000000208616257,0.024000000208616257,0,0.0,0.0,0.0
2023-04-05 00:00:00+08:00,0.02500000037252903,0.02800000086426735,0.02500000037252903,0.02800000086426735,275000,0.0,0.0,0.0
2023-04-06 00:00:00+08:00,0.02800000086426735,0.02800000086426735,0.02800000086426735,0.02800000086426735,10000,0.0,0.0,0.0
2023-04-10 00:00:00+08:00,0.02800000086426735,0.02800000086426735,0.02800000086426735,0.02800000086426735,0,0.0,0.0,0.0
2023-04-11 00:00:00+08:00,0.02800000086426735,0.02800000086426735,0.02800000086426735,0.02800000086426735,0,0.0,0.0,0.0
2023-04-12 00:00:00+08:00,0.02800000086426735,0.02800000086426735,0.02800000086426735,0.02800000086426735,0,0.0,0.0,0.0
2023-04-13 00:00:00+08:00,0.02800000086426735,0.02800000086426735,0.02800000086426735,0.02800000086426735,0,0.0,0.0,0.0
2023-04-14 00:00:00+08:00,0.02800000086426735,0.02800000086426735,0.02800000086426735,0.02800000086426735,0,0.0,0.0,0.0
2023-04-17 00:00:00+08:00,0.02500000037252903,0.02500000037252903,0.02500000037252903,0.02500000037252903,100000,0.0,0.0,0.0
2023-04-18 00:00:00+08:00,0.02500000037252903,0.02500000037252903,0.020999999716877937,0.023000000044703484,300000,0.0,0.0,0.0
2023-04-19 00:00:00+08:00,0.023000000044703484,0.02800000086426735,0.023000000044703484,0.02800000086426735,10000,0.0,0.0,0.0
2023-04-20 00:00:00+08:00,0.02800000086426735,0.02800000086426735,0.02800000086426735,0.02800000086426735,0,0.0,0.0,0.0
2023-04-21 00:00:00+08:00,0.02800000086426735,0.02800000086426735,0.02800000086426735,0.02800000086426735,0,0.0,0.0,0.0
2023-04-24 00:00:00+08:00,0.023000000044703484,0.023000000044703484,0.023000000044703484,0.023000000044703484,50000,0.0,0.0,0.0
2023-04-25 00:00:00+08:00,0.027000000700354576,0.027000000700354576,0.024000000208616257,0.024000000208616257,35000,0.0,0.0,0.0
2023-04-26 00:00:00+08:00,0.024000000208616257,0.024000000208616257,0.024000000208616257,0.024000000208616257,100,0.0,0.0,0.0
2023-04-27 00:00:00+08:00,0.024000000208616257,0.024000000208616257,0.024000000208616257,0.024000000208616257,0,0.0,0.0,0.0
2023-04-28 00:00:00+08:00,0.024000000208616257,0.024000000208616257,0.024000000208616257,0.024000000208616257,0,0.0,0.0,0.0
2023-05-02 00:00:00+08:00,0.027000000700354576,0.027000000700354576,0.024000000208616257,0.024000000208616257,109600,0.0,0.0,0.0
2023-05-03 00:00:00+08:00,0.027000000700354576,0.027000000700354576,0.02500000037252903,0.026000000536441803,7100,0.0,0.0,0.0
2023-05-04 00:00:00+08:00,0.026000000536441803,0.026000000536441803,0.026000000536441803,0.026000000536441803,0,0.0,0.0,0.0
2023-05-05 00:00:00+08:00,0.026000000536441803,0.026000000536441803,0.026000000536441803,0.026000000536441803,18000,0.0,0.0,0.0
2023-05-08 00:00:00+08:00,0.026000000536441803,0.026000000536441803,0.026000000536441803,0.026000000536441803,0,0.0,0.0,0.0
2023-05-09 00:00:00+08:00,0.02500000037252903,0.02500000037252903,0.02500000037252903,0.02500000037252903,20000,0.0,0.0,0.0
2023-05-10 00:00:00+08:00,0.02500000037252903,0.02500000037252903,0.02500000037252903,0.02500000037252903,0,0.0,0.0,0.0
2023-05-11 00:00:00+08:00,0.02500000037252903,0.02500000037252903,0.02500000037252903,0.02500000037252903,0,0.0,0.0,0.0
2023-05-12 00:00:00+08:00,0.02500000037252903,0.02500000037252903,0.02500000037252903,0.02500000037252903,0,0.0,0.0,0.0
2023-05-15 00:00:00+08:00,0.023000000044703484,0.027000000700354576,0.020999999716877937,0.023000000044703484,917000,0.0,0.0,0.0
2023-05-16 00:00:00+08:00,0.02199999988079071,0.02199999988079071,0.020999999716877937,0.020999999716877937,1103000,0.0,0.0,0.0
2023-05-17 00:00:00+08:00,0.020999999716877937,0.02199999988079071,0.020999999716877937,0.02199999988079071,5100,0.0,0.0,0.0
2023-05-18 00:00:00+08:00,0.02199999988079071,0.023000000044703484,0.020999999716877937,0.02199999988079071,1383500,0.0,0.0,0.0
2023-05-19 00:00:00+08:00,0.02199999988079071,0.02199999988079071,0.020999999716877937,0.020999999716877937,245000,0.0,0.0,0.0
2023-05-22 00:00:00+08:00,0.019999999552965164,0.019999999552965164,0.019999999552965164,0.019999999552965164,260100,0.0,0.0,0.0
2023-05-23 00:00:00+08:00,0.019999999552965164,0.019999999552965164,0.019999999552965164,0.019999999552965164,249900,0.0,0.0,0.0
2023-05-24 00:00:00+08:00,0.019999999552965164,0.019999999552965164,0.019999999552965164,0.019999999552965164,0,0.0,0.0,0.0
2023-05-25 00:00:00+08:00,0.019999999552965164,0.019999999552965164,0.019999999552965164,0.019999999552965164,0,0.0,0.0,0.0
2023-05-26 00:00:00+08:00,0.019999999552965164,0.019999999552965164,0.019999999552965164,0.019999999552965164,0,0.0,0.0,0.0
2023-05-29 00:00:00+08:00,0.01899999938905239,0.01899999938905239,0.017999999225139618,0.017999999225139618,300000,0.0,0.0,0.0
2023-05-30 00:00:00+08:00,0.02199999988079071,0.02199999988079071,0.017999999225139618,0.017999999225139618,30000,0.0,0.0,0.0
2023-05-31 00:00:00+08:00,0.02199999988079071,0.02199999988079071,0.02199999988079071,0.02199999988079071,9000,0.0,0.0,0.0
2023-06-01 00:00:00+08:00,0.02199999988079071,0.02199999988079071,0.017999999225139618,0.020999999716877937,71100,0.0,0.0,0.0
2023-06-05 00:00:00+08:00,0.020999999716877937,0.020999999716877937,0.020999999716877937,0.020999999716877937,0,0.0,0.0,0.0
2023-06-06 00:00:00+08:00,0.017999999225139618,0.019999999552965164,0.017999999225139618,0.019999999552965164,219500,0.0,0.0,0.0
2023-06-07 00:00:00+08:00,0.019999999552965164,0.019999999552965164,0.01899999938905239,0.01899999938905239,100200,0.0,0.0,0.0
2023-06-08 00:00:00+08:00,0.01899999938905239,0.01899999938905239,0.01899999938905239,0.01899999938905239,132400,0.0,0.0,0.0
2023-06-09 00:00:00+08:00,0.01899999938905239,0.01899999938905239,0.01899999938905239,0.01899999938905239,246900,0.0,0.0,0.0
2023-06-12 00:00:00+08:00,0.01899999938905239,0.01899999938905239,0.017000000923871994,0.017000000923871994,235400,0.0,0.0,0.0
2023-06-13 00:00:00+08:00,0.017999999225139618,0.01899999938905239,0.017000000923871994,0.017999999225139618,280000,0.0,0.0,0.0
2023-06-14 00:00:00+08:00,0.017000000923871994,0.017999999225139618,0.01600000075995922,0.017000000923871994,1416500,0.0,0.0,0.0
2023-06-15 00:00:00+08:00,0.01600000075995922,0.01600000075995922,0.014999999664723873,0.01600000075995922,911700,0.0,0.0,0.0
2023-06-16 00:00:00+08:00,0.014999999664723873,0.017000000923871994,0.014999999664723873,0.014999999664723873,6000,0.0,0.0,0.0
2023-06-19 00:00:00+08:00,0.014000000432133675,0.01600000075995922,0.014000000432133675,0.014999999664723873,61600,0.0,0.0,0.0
2023-06-20 00:00:00+08:00,0.014000000432133675,0.014999999664723873,0.014000000432133675,0.014000000432133675,587900,0.0,0.0,0.0
2023-06-21 00:00:00+08:00,0.014000000432133675,0.014000000432133675,0.014000000432133675,0.014000000432133675,100,0.0,0.0,0.0
2023-06-22 00:00:00+08:00,0.014000000432133675,0.014000000432133675,0.014000000432133675,0.014000000432133675,0,0.0,0.0,0.0
2023-06-23 00:00:00+08:00,0.014000000432133675,0.01600000075995922,0.014000000432133675,0.01600000075995922,102900,0.0,0.0,0.0
2023-06-26 00:00:00+08:00,0.01600000075995922,0.01600000075995922,0.01600000075995922,0.01600000075995922,0,0.0,0.0,0.0
2023-06-27 00:00:00+08:00,0.01600000075995922,0.01600000075995922,0.01600000075995922,0.01600000075995922,0,0.0,0.0,0.0
2023-06-28 00:00:00+08:00,0.01600000075995922,0.01600000075995922,0.01600000075995922,0.01600000075995922,0,0.0,0.0,0.0
2023-06-30 00:00:00+08:00,0.01600000075995922,0.01600000075995922,0.01600000075995922,0.01600000075995922,0,0.0,0.0,0.0
2023-07-03 00:00:00+08:00,0.01600000075995922,0.01600000075995922,0.01600000075995922,0.01600000075995922,0,0.0,0.0,0.0
2023-07-04 00:00:00+08:00,0.01600000075995922,0.01600000075995922,0.01600000075995922,0.01600000075995922,0,0.0,0.0,0.0
2023-07-05 00:00:00+08:00,0.01600000075995922,0.01600000075995922,0.01600000075995922,0.01600000075995922,0,0.0,0.0,0.0
2023-07-06 00:00:00+08:00,0.01600000075995922,0.01600000075995922,0.01600000075995922,0.01600000075995922,0,0.0,0.0,0.0
2023-07-07 00:00:00+08:00,0.01600000075995922,0.01600000075995922,0.01600000075995922,0.01600000075995922,0,0.0,0.0,0.0
2023-07-10 00:00:00+08:00,0.01600000075995922,0.01600000075995922,0.01600000075995922,0.01600000075995922,0,0.0,0.0,0.0
2023-07-11 00:00:00+08:00,0.01600000075995922,0.01600000075995922,0.01600000075995922,0.01600000075995922,0,0.0,0.0,0.0
2023-07-12 00:00:00+08:00,0.01600000075995922,0.01600000075995922,0.01600000075995922,0.01600000075995922,0,0.0,0.0,0.0
2023-07-13 00:00:00+08:00,0.01600000075995922,0.01600000075995922,0.01600000075995922,0.01600000075995922,0,0.0,0.0,0.0
2023-07-14 00:00:00+08:00,0.01600000075995922,0.01600000075995922,0.01600000075995922,0.01600000075995922,0,0.0,0.0,0.0
2023-07-17 00:00:00+08:00,0.01600000075995922,0.01600000075995922,0.01600000075995922,0.01600000075995922,0,0.0,0.0,0.0
2023-07-18 00:00:00+08:00,0.01600000075995922,0.01600000075995922,0.01600000075995922,0.01600000075995922,0,0.0,0.0,0.0
2023-07-19 00:00:00+08:00,0.01600000075995922,0.01600000075995922,0.01600000075995922,0.01600000075995922,0,0.0,0.0,0.0
2023-07-20 00:00:00+08:00,0.01600000075995922,0.01600000075995922,0.01600000075995922,0.01600000075995922,0,0.0,0.0,0.0
2023-07-21 00:00:00+08:00,0.01600000075995922,0.01600000075995922,0.01600000075995922,0.01600000075995922,0,0.0,0.0,0.0
2023-07-24 00:00:00+08:00,0.01600000075995922,0.01600000075995922,0.01600000075995922,0.01600000075995922,0,0.0,0.0,0.0
2023-07-25 00:00:00+08:00,0.01600000075995922,0.01600000075995922,0.01600000075995922,0.01600000075995922,0,0.0,0.0,0.0
2023-07-26 00:00:00+08:00,0.01600000075995922,0.01600000075995922,0.01600000075995922,0.01600000075995922,0,0.0,0.0,0.0
2023-07-27 00:00:00+08:00,0.01600000075995922,0.01600000075995922,0.01600000075995922,0.01600000075995922,0,0.0,0.0,0.0
2023-07-28 00:00:00+08:00,0.01600000075995922,0.01600000075995922,0.01600000075995922,0.01600000075995922,0,0.0,0.0,0.0
2023-07-31 00:00:00+08:00,0.01600000075995922,0.01600000075995922,0.01600000075995922,0.01600000075995922,0,0.0,0.0,0.0
2023-08-01 00:00:00+08:00,0.01600000075995922,0.01600000075995922,0.01600000075995922,0.01600000075995922,0,0.0,0.0,0.0
2023-08-02 00:00:00+08:00,0.01600000075995922,0.01600000075995922,0.01600000075995922,0.01600000075995922,0,0.0,0.0,0.0
2023-08-03 00:00:00+08:00,0.01600000075995922,0.01600000075995922,0.01600000075995922,0.01600000075995922,0,0.0,0.0,0.0
2023-08-04 00:00:00+08:00,0.01600000075995922,0.01600000075995922,0.01600000075995922,0.01600000075995922,0,0.0,0.0,0.0
2023-08-07 00:00:00+08:00,0.01600000075995922,0.01600000075995922,0.01600000075995922,0.01600000075995922,0,0.0,0.0,0.0
2023-08-08 00:00:00+08:00,0.01600000075995922,0.01600000075995922,0.01600000075995922,0.01600000075995922,0,0.0,0.0,0.0
2023-08-10 00:00:00+08:00,0.01600000075995922,0.01600000075995922,0.01600000075995922,0.01600000075995922,0,0.0,0.0,0.0
2023-08-11 00:00:00+08:00,0.01600000075995922,0.01600000075995922,0.01600000075995922,0.01600000075995922,0,0.0,0.0,0.0
2023-08-14 00:00:00+08:00,0.01600000075995922,0.01600000075995922,0.01600000075995922,0.01600000075995922,0,0.0,0.0,0.0
2023-08-15 00:00:00+08:00,0.01600000075995922,0.01600000075995922,0.01600000075995922,0.01600000075995922,0,0.0,0.0,0.0
2023-08-16 00:00:00+08:00,0.01600000075995922,0.01600000075995922,0.01600000075995922,0.01600000075995922,0,0.0,0.0,0.0
2023-08-17 00:00:00+08:00,0.01600000075995922,0.01600000075995922,0.01600000075995922,0.01600000075995922,0,0.0,0.0,0.0
2023-08-18 00:00:00+08:00,0.01600000075995922,0.01600000075995922,0.01600000075995922,0.01600000075995922,0,0.0,0.0,0.0
2023-08-21 00:00:00+08:00,0.01600000075995922,0.01600000075995922,0.01600000075995922,0.01600000075995922,0,0.0,0.0,0.0
2023-08-22 00:00:00+08:00,0.01600000075995922,0.01600000075995922,0.01600000075995922,0.01600000075995922,0,0.0,0.0,0.0
2023-08-23 00:00:00+08:00,0.01600000075995922,0.01600000075995922,0.01600000075995922,0.01600000075995922,0,0.0,0.0,0.0
2023-08-24 00:00:00+08:00,0.01600000075995922,0.01600000075995922,0.01600000075995922,0.01600000075995922,0,0.0,0.0,0.0
2023-08-25 00:00:00+08:00,0.01600000075995922,0.01600000075995922,0.01600000075995922,0.01600000075995922,0,0.0,0.0,0.0
2023-08-28 00:00:00+08:00,0.01600000075995922,0.01600000075995922,0.01600000075995922,0.01600000075995922,0,0.0,0.0,0.0
2023-08-29 00:00:00+08:00,0.01600000075995922,0.01600000075995922,0.01600000075995922,0.01600000075995922,0,0.0,0.0,0.0
2023-08-30 00:00:00+08:00,0.01600000075995922,0.01600000075995922,0.01600000075995922,0.01600000075995922,0,0.0,0.0,0.0
2023-08-31 00:00:00+08:00,0.01600000075995922,0.01600000075995922,0.01600000075995922,0.01600000075995922,0,0.0,0.0,0.0
2023-09-04 00:00:00+08:00,0.01600000075995922,0.01600000075995922,0.01600000075995922,0.01600000075995922,0,0.0,0.0,0.0
2023-09-05 00:00:00+08:00,0.01600000075995922,0.01600000075995922,0.01600000075995922,0.01600000075995922,0,0.0,0.0,0.0
2023-09-06 00:00:00+08:00,0.01600000075995922,0.01600000075995922,0.01600000075995922,0.01600000075995922,0,0.0,0.0,0.0
2023-09-07 00:00:00+08:00,0.01600000075995922,0.01600000075995922,0.01600000075995922,0.01600000075995922,0,0.0,0.0,0.0
2023-09-08 00:00:00+08:00,0.01600000075995922,0.01600000075995922,0.01600000075995922,0.01600000075995922,0,0.0,0.0,0.0
2023-09-11 00:00:00+08:00,0.01600000075995922,0.01600000075995922,0.01600000075995922,0.01600000075995922,0,0.0,0.0,0.0
2023-09-12 00:00:00+08:00,0.01600000075995922,0.01600000075995922,0.01600000075995922,0.01600000075995922,0,0.0,0.0,0.0
2023-09-13 00:00:00+08:00,0.01600000075995922,0.01600000075995922,0.01600000075995922,0.01600000075995922,0,0.0,0.0,0.0
2023-09-14 00:00:00+08:00,0.01600000075995922,0.01600000075995922,0.01600000075995922,0.01600000075995922,0,0.0,0.0,0.0
2023-09-15 00:00:00+08:00,0.01600000075995922,0.01600000075995922,0.01600000075995922,0.01600000075995922,0,0.0,0.0,0.0
2023-09-18 00:00:00+08:00,0.01600000075995922,0.01600000075995922,0.01600000075995922,0.01600000075995922,0,0.0,0.0,0.0
2023-09-19 00:00:00+08:00,0.01600000075995922,0.01600000075995922,0.01600000075995922,0.01600000075995922,0,0.0,0.0,0.0
2023-09-20 00:00:00+08:00,0.01600000075995922,0.01600000075995922,0.01600000075995922,0.01600000075995922,0,0.0,0.0,0.0
2023-09-21 00:00:00+08:00,0.01600000075995922,0.01600000075995922,0.01600000075995922,0.01600000075995922,0,0.0,0.0,0.0
2023-09-22 00:00:00+08:00,0.01600000075995922,0.01600000075995922,0.01600000075995922,0.01600000075995922,0,0.0,0.0,0.0
2023-09-25 00:00:00+08:00,0.01600000075995922,0.01600000075995922,0.01600000075995922,0.01600000075995922,0,0.0,0.0,0.0
2023-09-26 00:00:00+08:00,0.01600000075995922,0.01600000075995922,0.01600000075995922,0.01600000075995922,0,0.0,0.0,0.0
2023-09-27 00:00:00+08:00,0.01600000075995922,0.01600000075995922,0.01600000075995922,0.01600000075995922,0,0.0,0.0,0.0
2023-09-28 00:00:00+08:00,0.01600000075995922,0.01600000075995922,0.01600000075995922,0.01600000075995922,0,0.0,0.0,0.0
2023-09-29 00:00:00+08:00,0.01600000075995922,0.01600000075995922,0.01600000075995922,0.01600000075995922,0,0.0,0.0,0.0
2023-10-02 00:00:00+08:00,0.01600000075995922,0.01600000075995922,0.01600000075995922,0.01600000075995922,0,0.0,0.0,0.0
2023-10-03 00:00:00+08:00,0.01600000075995922,0.01600000075995922,0.01600000075995922,0.01600000075995922,0,0.0,0.0,0.0
2023-10-04 00:00:00+08:00,0.01600000075995922,0.01600000075995922,0.01600000075995922,0.01600000075995922,0,0.0,0.0,0.0
2023-10-05 00:00:00+08:00,0.01600000075995922,0.01600000075995922,0.01600000075995922,0.01600000075995922,0,0.0,0.0,0.0
2023-10-06 00:00:00+08:00,0.01600000075995922,0.01600000075995922,0.01600000075995922,0.01600000075995922,0,0.0,0.0,0.0
2023-10-09 00:00:00+08:00,0.01600000075995922,0.01600000075995922,0.01600000075995922,0.01600000075995922,0,0.0,0.0,0.0
2023-10-10 00:00:00+08:00,0.01600000075995922,0.01600000075995922,0.01600000075995922,0.01600000075995922,0,0.0,0.0,0.0
2023-10-11 00:00:00+08:00,0.01600000075995922,0.01600000075995922,0.01600000075995922,0.01600000075995922,0,0.0,0.0,0.0
2023-10-12 00:00:00+08:00,0.01600000075995922,0.01600000075995922,0.01600000075995922,0.01600000075995922,0,0.0,0.0,0.0
2023-10-13 00:00:00+08:00,0.01600000075995922,0.01600000075995922,0.01600000075995922,0.01600000075995922,0,0.0,0.0,0.0
2023-10-16 00:00:00+08:00,0.01600000075995922,0.01600000075995922,0.01600000075995922,0.01600000075995922,0,0.0,0.0,0.0
2023-10-17 00:00:00+08:00,0.01600000075995922,0.01600000075995922,0.01600000075995922,0.01600000075995922,0,0.0,0.0,0.0
2023-10-18 00:00:00+08:00,0.01600000075995922,0.01600000075995922,0.01600000075995922,0.01600000075995922,0,0.0,0.0,0.0
2023-10-19 00:00:00+08:00,0.01600000075995922,0.01600000075995922,0.01600000075995922,0.01600000075995922,0,0.0,0.0,0.0
2023-10-20 00:00:00+08:00,0.01600000075995922,0.01600000075995922,0.01600000075995922,0.01600000075995922,0,0.0,0.0,0.0
2023-10-23 00:00:00+08:00,0.01600000075995922,0.01600000075995922,0.01600000075995922,0.01600000075995922,0,0.0,0.0,0.0
2023-10-24 00:00:00+08:00,0.01600000075995922,0.01600000075995922,0.01600000075995922,0.01600000075995922,0,0.0,0.0,0.0
2023-10-25 00:00:00+08:00,0.01600000075995922,0.01600000075995922,0.01600000075995922,0.01600000075995922,0,0.0,0.0,0.0
2023-10-26 00:00:00+08:00,0.01600000075995922,0.01600000075995922,0.01600000075995922,0.01600000075995922,0,0.0,0.0,0.0
2023-10-27 00:00:00+08:00,0.01600000075995922,0.01600000075995922,0.01600000075995922,0.01600000075995922,0,0.0,0.0,0.0
2023-10-30 00:00:00+08:00,0.01600000075995922,0.01600000075995922,0.01600000075995922,0.01600000075995922,0,0.0,0.0,0.0
2023-10-31 00:00:00+08:00,0.01600000075995922,0.01600000075995922,0.01600000075995922,0.01600000075995922,0,0.0,0.0,0.0
2023-11-01 00:00:00+08:00,0.01600000075995922,0.01600000075995922,0.01600000075995922,0.01600000075995922,0,0.0,0.0,0.0
2023-11-02 00:00:00+08:00,0.01600000075995922,0.01600000075995922,0.01600000075995922,0.01600000075995922,0,0.0,0.0,0.0
2023-11-03 00:00:00+08:00,0.01600000075995922,0.01600000075995922,0.01600000075995922,0.01600000075995922,0,0.0,0.0,0.0
2023-11-06 00:00:00+08:00,0.01600000075995922,0.01600000075995922,0.01600000075995922,0.01600000075995922,0,0.0,0.0,0.0
2023-11-07 00:00:00+08:00,0.01600000075995922,0.01600000075995922,0.01600000075995922,0.01600000075995922,0,0.0,0.0,0.0
2023-11-08 00:00:00+08:00,0.01600000075995922,0.01600000075995922,0.01600000075995922,0.01600000075995922,0,0.0,0.0,0.0
2023-11-09 00:00:00+08:00,0.01600000075995922,0.01600000075995922,0.01600000075995922,0.01600000075995922,0,0.0,0.0,0.0
2023-11-10 00:00:00+08:00,0.01600000075995922,0.01600000075995922,0.01600000075995922,0.01600000075995922,0,0.0,0.0,0.0
2023-11-14 00:00:00+08:00,0.01600000075995922,0.01600000075995922,0.01600000075995922,0.01600000075995922,0,0.0,0.0,0.0
2023-11-15 00:00:00+08:00,0.01600000075995922,0.01600000075995922,0.01600000075995922,0.01600000075995922,0,0.0,0.0,0.0
2023-11-16 00:00:00+08:00,0.01600000075995922,0.01600000075995922,0.01600000075995922,0.01600000075995922,0,0.0,0.0,0.0
2023-11-17 00:00:00+08:00,0.01600000075995922,0.01600000075995922,0.01600000075995922,0.01600000075995922,0,0.0,0.0,0.0
2023-11-20 00:00:00+08:00,0.01600000075995922,0.01600000075995922,0.01600000075995922,0.01600000075995922,0,0.0,0.0,0.0
2023-11-21 00:00:00+08:00,0.01600000075995922,0.01600000075995922,0.01600000075995922,0.01600000075995922,0,0.0,0.0,0.0
2023-11-22 00:00:00+08:00,0.01600000075995922,0.01600000075995922,0.01600000075995922,0.01600000075995922,0,0.0,0.0,0.0
2023-11-23 00:00:00+08:00,0.01600000075995922,0.01600000075995922,0.01600000075995922,0.01600000075995922,0,0.0,0.0,0.0
2023-11-24 00:00:00+08:00,0.01600000075995922,0.01600000075995922,0.01600000075995922,0.01600000075995922,0,0.0,0.0,0.0
2023-11-27 00:00:00+08:00,0.01600000075995922,0.01600000075995922,0.01600000075995922,0.01600000075995922,0,0.0,0.0,0.0
2023-11-28 00:00:00+08:00,0.01600000075995922,0.01600000075995922,0.01600000075995922,0.01600000075995922,0,0.0,0.0,0.0
2023-11-29 00:00:00+08:00,0.01600000075995922,0.01600000075995922,0.01600000075995922,0.01600000075995922,0,0.0,0.0,0.0
2023-11-30 00:00:00+08:00,0.01600000075995922,0.01600000075995922,0.01600000075995922,0.01600000075995922,0,0.0,0.0,0.0
2023-12-01 00:00:00+08:00,0.01600000075995922,0.01600000075995922,0.01600000075995922,0.01600000075995922,0,0.0,0.0,0.0
2023-12-04 00:00:00+08:00,0.01600000075995922,0.01600000075995922,0.01600000075995922,0.01600000075995922,0,0.0,0.0,0.0
2023-12-05 00:00:00+08:00,0.01600000075995922,0.01600000075995922,0.01600000075995922,0.01600000075995922,0,0.0,0.0,0.0
2023-12-06 00:00:00+08:00,0.01600000075995922,0.01600000075995922,0.01600000075995922,0.01600000075995922,0,0.0,0.0,0.0
2023-12-07 00:00:00+08:00,0.01600000075995922,0.01600000075995922,0.01600000075995922,0.01600000075995922,0,0.0,0.0,0.0
2023-12-08 00:00:00+08:00,0.01600000075995922,0.01600000075995922,0.01600000075995922,0.01600000075995922,0,0.0,0.0,0.0
2023-12-11 00:00:00+08:00,0.01600000075995922,0.01600000075995922,0.01600000075995922,0.01600000075995922,0,0.0,0.0,0.0
2023-12-12 00:00:00+08:00,0.01600000075995922,0.01600000075995922,0.01600000075995922,0.01600000075995922,0,0.0,0.0,0.0
2023-12-13 00:00:00+08:00,0.01600000075995922,0.01600000075995922,0.01600000075995922,0.01600000075995922,0,0.0,0.0,0.0
2023-12-14 00:00:00+08:00,0.01600000075995922,0.01600000075995922,0.01600000075995922,0.01600000075995922,0,0.0,0.0,0.0
2023-12-15 00:00:00+08:00,0.01600000075995922,0.01600000075995922,0.01600000075995922,0.01600000075995922,0,0.0,0.0,0.0
2023-12-18 00:00:00+08:00,0.01600000075995922,0.01600000075995922,0.01600000075995922,0.01600000075995922,0,0.0,0.0,0.0
2023-12-19 00:00:00+08:00,0.01600000075995922,0.01600000075995922,0.01600000075995922,0.01600000075995922,0,0.0,0.0,0.0
2023-12-20 00:00:00+08:00,0.01600000075995922,0.01600000075995922,0.01600000075995922,0.01600000075995922,0,0.0,0.0,0.0
2023-12-21 00:00:00+08:00,0.01600000075995922,0.01600000075995922,0.01600000075995922,0.01600000075995922,0,0.0,0.0,0.0
2023-12-22 00:00:00+08:00,0.01600000075995922,0.01600000075995922,0.01600000075995922,0.01600000075995922,0,0.0,0.0,0.0
2023-12-26 00:00:00+08:00,0.01600000075995922,0.01600000075995922,0.01600000075995922,0.01600000075995922,0,0.0,0.0,0.0
2023-12-27 00:00:00+08:00,0.01600000075995922,0.01600000075995922,0.01600000075995922,0.01600000075995922,0,0.0,0.0,0.0
2023-12-28 00:00:00+08:00,0.01600000075995922,0.01600000075995922,0.01600000075995922,0.01600000075995922,0,0.0,0.0,0.0
2023-12-29 00:00:00+08:00,0.01600000075995922,0.01600000075995922,0.01600000075995922,0.01600000075995922,0,0.0,0.0,0.0
2024-01-02 00:00:00+08:00,0.01600000075995922,0.01600000075995922,0.01600000075995922,0.01600000075995922,0,0.0,0.0,0.0
2024-01-03 00:00:00+08:00,0.01600000075995922,0.01600000075995922,0.01600000075995922,0.01600000075995922,0,0.0,0.0,0.0
2024-01-04 00:00:00+08:00,0.01600000075995922,0.01600000075995922,0.01600000075995922,0.01600000075995922,0,0.0,0.0,0.0
2024-01-05 00:00:00+08:00,0.01600000075995922,0.01600000075995922,0.01600000075995922,0.01600000075995922,0,0.0,0.0,0.0
2024-01-08 00:00:00+08:00,0.01600000075995922,0.01600000075995922,0.01600000075995922,0.01600000075995922,0,0.0,0.0,0.0
2024-01-09 00:00:00+08:00,0.01600000075995922,0.01600000075995922,0.01600000075995922,0.01600000075995922,0,0.0,0.0,0.0
2024-01-10 00:00:00+08:00,0.01600000075995922,0.01600000075995922,0.01600000075995922,0.01600000075995922,0,0.0,0.0,0.0
2024-01-11 00:00:00+08:00,0.01600000075995922,0.01600000075995922,0.01600000075995922,0.01600000075995922,0,0.0,0.0,0.0
2024-01-12 00:00:00+08:00,0.01600000075995922,0.01600000075995922,0.01600000075995922,0.01600000075995922,0,0.0,0.0,0.0
2024-01-15 00:00:00+08:00,0.01600000075995922,0.01600000075995922,0.01600000075995922,0.01600000075995922,0,0.0,0.0,0.0
2024-01-16 00:00:00+08:00,0.01600000075995922,0.01600000075995922,0.01600000075995922,0.01600000075995922,0,0.0,0.0,0.0
2024-01-17 00:00:00+08:00,0.01600000075995922,0.01600000075995922,0.01600000075995922,0.01600000075995922,0,0.0,0.0,0.0
2024-01-18 00:00:00+08:00,0.01600000075995922,0.01600000075995922,0.01600000075995922,0.01600000075995922,0,0.0,0.0,0.0
2024-01-19 00:00:00+08:00,0.01600000075995922,0.01600000075995922,0.01600000075995922,0.01600000075995922,0,0.0,0.0,0.0
2024-01-22 00:00:00+08:00,0.01600000075995922,0.01600000075995922,0.01600000075995922,0.01600000075995922,0,0.0,0.0,0.0
2024-01-23 00:00:00+08:00,0.01600000075995922,0.01600000075995922,0.01600000075995922,0.01600000075995922,0,0.0,0.0,0.0
2024-01-24 00:00:00+08:00,0.01600000075995922,0.01600000075995922,0.01600000075995922,0.01600000075995922,0,0.0,0.0,0.0
2024-01-25 00:00:00+08:00,0.01600000075995922,0.01600000075995922,0.01600000075995922,0.01600000075995922,0,0.0,0.0,0.0
2024-01-26 00:00:00+08:00,0.01600000075995922,0.01600000075995922,0.01600000075995922,0.01600000075995922,0,0.0,0.0,0.0
2024-01-29 00:00:00+08:00,0.01600000075995922,0.01600000075995922,0.01600000075995922,0.01600000075995922,0,0.0,0.0,0.0
2024-01-30 00:00:00+08:00,0.01600000075995922,0.01600000075995922,0.01600000075995922,0.01600000075995922,0,0.0,0.0,0.0
2024-01-31 00:00:00+08:00,0.01600000075995922,0.01600000075995922,0.01600000075995922,0.01600000075995922,0,0.0,0.0,0.0
2024-02-01 00:00:00+08:00,0.01600000075995922,0.01600000075995922,0.01600000075995922,0.01600000075995922,0,0.0,0.0,0.0
2024-02-02 00:00:00+08:00,0.01600000075995922,0.01600000075995922,0.01600000075995922,0.01600000075995922,0,0.0,0.0,0.0
2024-02-05 00:00:00+08:00,0.01600000075995922,0.01600000075995922,0.01600000075995922,0.01600000075995922,0,0.0,0.0,0.0
2024-02-06 00:00:00+08:00,0.01600000075995922,0.01600000075995922,0.01600000075995922,0.01600000075995922,0,0.0,0.0,0.0
2024-02-07 00:00:00+08:00,0.01600000075995922,0.01600000075995922,0.01600000075995922,0.01600000075995922,0,0.0,0.0,0.0
2024-02-08 00:00:00+08:00,0.01600000075995922,0.01600000075995922,0.01600000075995922,0.01600000075995922,0,0.0,0.0,0.0
2024-02-09 00:00:00+08:00,0.01600000075995922,0.01600000075995922,0.01600000075995922,0.01600000075995922,0,0.0,0.0,0.0
2024-02-13 00:00:00+08:00,0.01600000075995922,0.01600000075995922,0.01600000075995922,0.01600000075995922,0,0.0,0.0,0.0
2024-02-14 00:00:00+08:00,0.01600000075995922,0.01600000075995922,0.01600000075995922,0.01600000075995922,0,0.0,0.0,0.0
2024-02-15 00:00:00+08:00,0.01600000075995922,0.01600000075995922,0.01600000075995922,0.01600000075995922,0,0.0,0.0,0.0
2024-02-16 00:00:00+08:00,0.01600000075995922,0.01600000075995922,0.01600000075995922,0.01600000075995922,0,0.0,0.0,0.0
2024-02-19 00:00:00+08:00,0.01600000075995922,0.01600000075995922,0.01600000075995922,0.01600000075995922,0,0.0,0.0,0.0
2024-02-20 00:00:00+08:00,0.01600000075995922,0.01600000075995922,0.01600000075995922,0.01600000075995922,0,0.0,0.0,0.0
2024-02-21 00:00:00+08:00,0.01600000075995922,0.01600000075995922,0.01600000075995922,0.01600000075995922,0,0.0,0.0,0.0
2024-02-22 00:00:00+08:00,0.01600000075995922,0.01600000075995922,0.01600000075995922,0.01600000075995922,0,0.0,0.0,0.0
2024-02-23 00:00:00+08:00,0.01600000075995922,0.01600000075995922,0.01600000075995922,0.01600000075995922,0,0.0,0.0,0.0
2024-02-26 00:00:00+08:00,0.01600000075995922,0.01600000075995922,0.01600000075995922,0.01600000075995922,0,0.0,0.0,0.0
2024-02-27 00:00:00+08:00,0.01600000075995922,0.01600000075995922,0.01600000075995922,0.01600000075995922,0,0.0,0.0,0.0
2024-02-28 00:00:00+08:00,0.01600000075995922,0.01600000075995922,0.01600000075995922,0.01600000075995922,0,0.0,0.0,0.0
2024-02-29 00:00:00+08:00,0.01600000075995922,0.01600000075995922,0.01600000075995922,0.01600000075995922,0,0.0,0.0,0.0
2024-03-01 00:00:00+08:00,0.01600000075995922,0.01600000075995922,0.01600000075995922,0.01600000075995922,0,0.0,0.0,0.0
2024-03-04 00:00:00+08:00,0.01600000075995922,0.01600000075995922,0.01600000075995922,0.01600000075995922,0,0.0,0.0,0.0
2024-03-05 00:00:00+08:00,0.01600000075995922,0.01600000075995922,0.01600000075995922,0.01600000075995922,0,0.0,0.0,0.0
2024-03-06 00:00:00+08:00,0.01600000075995922,0.01600000075995922,0.01600000075995922,0.01600000075995922,0,0.0,0.0,0.0
2024-03-07 00:00:00+08:00,0.01600000075995922,0.01600000075995922,0.01600000075995922,0.01600000075995922,0,0.0,0.0,0.0
2024-03-08 00:00:00+08:00,0.01600000075995922,0.01600000075995922,0.01600000075995922,0.01600000075995922,0,0.0,0.0,0.0
2024-03-11 00:00:00+08:00,0.01600000075995922,0.01600000075995922,0.01600000075995922,0.01600000075995922,0,0.0,0.0,0.0
2024-03-12 00:00:00+08:00,0.01600000075995922,0.01600000075995922,0.01600000075995922,0.01600000075995922,0,0.0,0.0,0.0
2024-03-13 00:00:00+08:00,0.01600000075995922,0.01600000075995922,0.01600000075995922,0.01600000075995922,0,0.0,0.0,0.0
2024-03-14 00:00:00+08:00,0.01600000075995922,0.01600000075995922,0.01600000075995922,0.01600000075995922,0,0.0,0.0,0.0
2024-03-15 00:00:00+08:00,0.01600000075995922,0.01600000075995922,0.01600000075995922,0.01600000075995922,0,0.0,0.0,0.0
2024-03-18 00:00:00+08:00,0.01600000075995922,0.01600000075995922,0.01600000075995922,0.01600000075995922,0,0.0,0.0,0.0
2024-03-19 00:00:00+08:00,0.01600000075995922,0.01600000075995922,0.01600000075995922,0.01600000075995922,0,0.0,0.0,0.0
2024-03-20 00:00:00+08:00,0.01600000075995922,0.01600000075995922,0.01600000075995922,0.01600000075995922,0,0.0,0.0,0.0
2024-03-21 00:00:00+08:00,0.01600000075995922,0.01600000075995922,0.01600000075995922,0.01600000075995922,0,0.0,0.0,0.0
2024-03-22 00:00:00+08:00,0.01600000075995922,0.01600000075995922,0.01600000075995922,0.01600000075995922,0,0.0,0.0,0.0
2024-03-25 00:00:00+08:00,0.01600000075995922,0.01600000075995922,0.01600000075995922,0.01600000075995922,0,0.0,0.0,0.0
2024-03-26 00:00:00+08:00,0.01600000075995922,0.01600000075995922,0.01600000075995922,0.01600000075995922,0,0.0,0.0,0.0
2024-03-27 00:00:00+08:00,0.01600000075995922,0.01600000075995922,0.01600000075995922,0.01600000075995922,0,0.0,0.0,0.0
2024-03-28 00:00:00+08:00,0.01600000075995922,0.01600000075995922,0.01600000075995922,0.01600000075995922,0,0.0,0.0,0.0
2024-04-01 00:00:00+08:00,0.01600000075995922,0.01600000075995922,0.01600000075995922,0.01600000075995922,0,0.0,0.0,0.0
2024-04-02 00:00:00+08:00,0.01600000075995922,0.01600000075995922,0.01600000075995922,0.01600000075995922,0,0.0,0.0,0.0
2024-04-03 00:00:00+08:00,0.01600000075995922,0.01600000075995922,0.01600000075995922,0.01600000075995922,0,0.0,0.0,0.0
2024-04-04 00:00:00+08:00,0.01600000075995922,0.01600000075995922,0.01600000075995922,0.01600000075995922,0,0.0,0.0,0.0
2024-04-05 00:00:00+08:00,0.01600000075995922,0.01600000075995922,0.01600000075995922,0.01600000075995922,0,0.0,0.0,0.0
2024-04-08 00:00:00+08:00,0.01600000075995922,0.01600000075995922,0.01600000075995922,0.01600000075995922,0,0.0,0.0,0.0
2024-04-09 00:00:00+08:00,0.01600000075995922,0.01600000075995922,0.01600000075995922,0.01600000075995922,0,0.0,0.0,0.0
2024-04-11 00:00:00+08:00,0.01600000075995922,0.01600000075995922,0.01600000075995922,0.01600000075995922,0,0.0,0.0,0.0
2024-04-12 00:00:00+08:00,0.01600000075995922,0.01600000075995922,0.01600000075995922,0.01600000075995922,0,0.0,0.0,0.0
2024-04-15 00:00:00+08:00,0.01600000075995922,0.01600000075995922,0.01600000075995922,0.01600000075995922,0,0.0,0.0,0.0
2024-04-16 00:00:00+08:00,0.01600000075995922,0.01600000075995922,0.01600000075995922,0.01600000075995922,0,0.0,0.0,0.0
2024-04-17 00:00:00+08:00,0.01600000075995922,0.01600000075995922,0.01600000075995922,0.01600000075995922,0,0.0,0.0,0.0
2024-04-18 00:00:00+08:00,0.01600000075995922,0.01600000075995922,0.01600000075995922,0.01600000075995922,0,0.0,0.0,0.0
2024-04-19 00:00:00+08:00,0.01600000075995922,0.01600000075995922,0.01600000075995922,0.01600000075995922,0,0.0,0.0,0.0
2024-04-22 00:00:00+08:00,0.01600000075995922,0.01600000075995922,0.01600000075995922,0.01600000075995922,0,0.0,0.0,0.0
2024-04-23 00:00:00+08:00,0.01600000075995922,0.01600000075995922,0.01600000075995922,0.01600000075995922,0,0.0,0.0,0.0
2024-04-24 00:00:00+08:00,0.01600000075995922,0.01600000075995922,0.01600000075995922,0.01600000075995922,0,0.0,0.0,0.0
2024-04-25 00:00:00+08:00,0.01600000075995922,0.01600000075995922,0.01600000075995922,0.01600000075995922,0,0.0,0.0,0.0
2024-04-26 00:00:00+08:00,0.01600000075995922,0.01600000075995922,0.01600000075995922,0.01600000075995922,0,0.0,0.0,0.0
2024-04-29 00:00:00+08:00,0.01600000075995922,0.01600000075995922,0.01600000075995922,0.01600000075995922,0,0.0,0.0,0.0
2024-04-30 00:00:00+08:00,0.01600000075995922,0.01600000075995922,0.01600000075995922,0.01600000075995922,0,0.0,0.0,0.0
2024-05-02 00:00:00+08:00,0.01600000075995922,0.01600000075995922,0.01600000075995922,0.01600000075995922,0,0.0,0.0,0.0
2024-05-03 00:00:00+08:00,0.01600000075995922,0.01600000075995922,0.01600000075995922,0.01600000075995922,0,0.0,0.0,0.0
2024-05-06 00:00:00+08:00,0.01600000075995922,0.01600000075995922,0.01600000075995922,0.01600000075995922,0,0.0,0.0,0.0
2024-05-07 00:00:00+08:00,0.01600000075995922,0.01600000075995922,0.01600000075995922,0.01600000075995922,0,0.0,0.0,0.0
2024-05-08 00:00:00+08:00,0.01600000075995922,0.01600000075995922,0.01600000075995922,0.01600000075995922,0,0.0,0.0,0.0
2024-05-09 00:00:00+08:00,0.01600000075995922,0.01600000075995922,0.01600000075995922,0.01600000075995922,0,0.0,0.0,0.0
2024-05-10 00:00:00+08:00,0.01600000075995922,0.01600000075995922,0.01600000075995922,0.01600000075995922,0,0.0,0.0,0.0
2024-05-13 00:00:00+08:00,0.01600000075995922,0.01600000075995922,0.01600000075995922,0.01600000075995922,0,0.0,0.0,0.0
2024-05-14 00:00:00+08:00,0.01600000075995922,0.01600000075995922,0.01600000075995922,0.01600000075995922,0,0.0,0.0,0.0
2024-05-15 00:00:00+08:00,0.01600000075995922,0.01600000075995922,0.01600000075995922,0.01600000075995922,0,0.0,0.0,0.0
2024-05-16 00:00:00+08:00,0.01600000075995922,0.01600000075995922,0.01600000075995922,0.01600000075995922,0,0.0,0.0,0.0
2024-05-17 00:00:00+08:00,0.01600000075995922,0.01600000075995922,0.01600000075995922,0.01600000075995922,0,0.0,0.0,0.0
2024-05-20 00:00:00+08:00,0.01600000075995922,0.01600000075995922,0.01600000075995922,0.01600000075995922,0,0.0,0.0,0.0
2024-05-21 00:00:00+08:00,0.01600000075995922,0.01600000075995922,0.01600000075995922,0.01600000075995922,0,0.0,0.0,0.0
2024-05-23 00:00:00+08:00,0.01600000075995922,0.01600000075995922,0.01600000075995922,0.01600000075995922,0,0.0,0.0,0.0
2024-05-24 00:00:00+08:00,0.01600000075995922,0.01600000075995922,0.01600000075995922,0.01600000075995922,0,0.0,0.0,0.0
2024-05-27 00:00:00+08:00,0.01600000075995922,0.01600000075995922,0.01600000075995922,0.01600000075995922,0,0.0,0.0,0.0
2024-05-28 00:00:00+08:00,0.01600000075995922,0.01600000075995922,0.01600000075995922,0.01600000075995922,0,0.0,0.0,0.0
2024-05-29 00:00:00+08:00,0.01600000075995922,0.01600000075995922,0.01600000075995922,0.01600000075995922,0,0.0,0.0,0.0
2024-05-30 00:00:00+08:00,0.01600000075995922,0.01600000075995922,0.01600000075995922,0.01600000075995922,0,0.0,0.0,0.0
2024-05-31 00:00:00+08:00,0.01600000075995922,0.01600000075995922,0.01600000075995922,0.01600000075995922,0,0.0,0.0,0.0
2024-06-03 00:00:00+08:00,0.01600000075995922,0.01600000075995922,0.01600000075995922,0.01600000075995922,0,0.0,0.0,0.0
2024-06-04 00:00:00+08:00,0.01600000075995922,0.01600000075995922,0.01600000075995922,0.01600000075995922,0,0.0,0.0,0.0
2024-06-05 00:00:00+08:00,0.01600000075995922,0.01600000075995922,0.01600000075995922,0.01600000075995922,0,0.0,0.0,0.0
2024-06-06 00:00:00+08:00,0.01600000075995922,0.01600000075995922,0.01600000075995922,0.01600000075995922,0,0.0,0.0,0.0
2024-06-07 00:00:00+08:00,0.01600000075995922,0.01600000075995922,0.01600000075995922,0.01600000075995922,0,0.0,0.0,0.0
2024-06-10 00:00:00+08:00,0.01600000075995922,0.01600000075995922,0.01600000075995922,0.01600000075995922,0,0.0,0.0,0.0
2024-06-11 00:00:00+08:00,0.01600000075995922,0.01600000075995922,0.01600000075995922,0.01600000075995922,0,0.0,0.0,0.0
2024-06-12 00:00:00+08:00,0.01600000075995922,0.01600000075995922,0.01600000075995922,0.01600000075995922,0,0.0,0.0,0.0
2024-06-13 00:00:00+08:00,0.01600000075995922,0.01600000075995922,0.01600000075995922,0.01600000075995922,0,0.0,0.0,0.0
2024-06-14 00:00:00+08:00,0.01600000075995922,0.01600000075995922,0.01600000075995922,0.01600000075995922,0,0.0,0.0,0.0
2024-06-18 00:00:00+08:00,0.01600000075995922,0.01600000075995922,0.01600000075995922,0.01600000075995922,0,0.0,0.0,0.0
2024-06-19 00:00:00+08:00,0.01600000075995922,0.01600000075995922,0.01600000075995922,0.01600000075995922,0,0.0,0.0,0.0
2024-06-20 00:00:00+08:00,0.01600000075995922,0.01600000075995922,0.01600000075995922,0.01600000075995922,0,0.0,0.0,0.0
2024-06-21 00:00:00+08:00,0.01600000075995922,0.01600000075995922,0.01600000075995922,0.01600000075995922,0,0.0,0.0,0.0
2024-06-24 00:00:00+08:00,0.01600000075995922,0.01600000075995922,0.01600000075995922,0.01600000075995922,0,0.0,0.0,0.0
2024-06-25 00:00:00+08:00,0.01600000075995922,0.01600000075995922,0.01600000075995922,0.01600000075995922,0,0.0,0.0,0.0
2024-06-26 00:00:00+08:00,0.01600000075995922,0.01600000075995922,0.01600000075995922,0.01600000075995922,0,0.0,0.0,0.0
2024-06-27 00:00:00+08:00,0.01600000075995922,0.01600000075995922,0.01600000075995922,0.01600000075995922,0,0.0,0.0,0.0
2024-06-28 00:00:00+08:00,0.01600000075995922,0.01600000075995922,0.01600000075995922,0.01600000075995922,0,0.0,0.0,0.0
2024-07-01 00:00:00+08:00,0.01600000075995922,0.01600000075995922,0.01600000075995922,0.01600000075995922,0,0.0,0.0,0.0
2024-07-02 00:00:00+08:00,0.01600000075995922,0.01600000075995922,0.01600000075995922,0.01600000075995922,0,0.0,0.0,0.0
2024-07-03 00:00:00+08:00,0.01600000075995922,0.01600000075995922,0.01600000075995922,0.01600000075995922,0,0.0,0.0,0.0
2024-07-04 00:00:00+08:00,0.01600000075995922,0.01600000075995922,0.01600000075995922,0.01600000075995922,0,0.0,0.0,0.0
2024-07-05 00:00:00+08:00,0.01600000075995922,0.01600000075995922,0.01600000075995922,0.01600000075995922,0,0.0,0.0,0.0
2024-07-08 00:00:00+08:00,0.01600000075995922,0.01600000075995922,0.01600000075995922,0.01600000075995922,0,0.0,0.0,0.0
2024-07-09 00:00:00+08:00,0.01600000075995922,0.01600000075995922,0.01600000075995922,0.01600000075995922,0,0.0,0.0,0.0
2024-07-10 00:00:00+08:00,0.01600000075995922,0.01600000075995922,0.01600000075995922,0.01600000075995922,0,0.0,0.0,0.0
2024-07-11 00:00:00+08:00,0.01600000075995922,0.01600000075995922,0.01600000075995922,0.01600000075995922,0,0.0,0.0,0.0
2024-07-12 00:00:00+08:00,0.01600000075995922,0.01600000075995922,0.01600000075995922,0.01600000075995922,0,0.0,0.0,0.0
2024-07-15 00:00:00+08:00,0.01600000075995922,0.01600000075995922,0.01600000075995922,0.01600000075995922,0,0.0,0.0,0.0
2024-07-16 00:00:00+08:00,0.01600000075995922,0.01600000075995922,0.01600000075995922,0.01600000075995922,0,0.0,0.0,0.0
2024-07-17 00:00:00+08:00,0.01600000075995922,0.01600000075995922,0.01600000075995922,0.01600000075995922,0,0.0,0.0,0.0
2024-07-18 00:00:00+08:00,0.01600000075995922,0.01600000075995922,0.01600000075995922,0.01600000075995922,0,0.0,0.0,0.0
2024-07-19 00:00:00+08:00,0.01600000075995922,0.01600000075995922,0.01600000075995922,0.01600000075995922,0,0.0,0.0,0.0
2024-07-22 00:00:00+08:00,0.01600000075995922,0.01600000075995922,0.01600000075995922,0.01600000075995922,0,0.0,0.0,0.0
2024-07-23 00:00:00+08:00,0.01600000075995922,0.01600000075995922,0.01600000075995922,0.01600000075995922,0,0.0,0.0,0.0
2024-07-24 00:00:00+08:00,0.01600000075995922,0.01600000075995922,0.01600000075995922,0.01600000075995922,0,0.0,0.0,0.0
2024-07-25 00:00:00+08:00,0.01600000075995922,0.01600000075995922,0.01600000075995922,0.01600000075995922,0,0.0,0.0,0.0
2024-07-26 00:00:00+08:00,0.01600000075995922,0.01600000075995922,0.01600000075995922,0.01600000075995922,0,0.0,0.0,0.0
2024-07-29 00:00:00+08:00,0.01600000075995922,0.01600000075995922,0.01600000075995922,0.01600000075995922,0,0.0,0.0,0.0
2024-07-30 00:00:00+08:00,0.01600000075995922,0.01600000075995922,0.01600000075995922,0.01600000075995922,0,0.0,0.0,0.0
2024-07-31 00:00:00+08:00,0.01600000075995922,0.01600000075995922,0.01600000075995922,0.01600000075995922,0,0.0,0.0,0.0
2024-08-01 00:00:00+08:00,0.01600000075995922,0.01600000075995922,0.01600000075995922,0.01600000075995922,0,0.0,0.0,0.0
2024-08-02 00:00:00+08:00,0.01600000075995922,0.01600000075995922,0.01600000075995922,0.01600000075995922,0,0.0,0.0,0.0
2024-08-05 00:00:00+08:00,0.01600000075995922,0.01600000075995922,0.01600000075995922,0.01600000075995922,0,0.0,0.0,0.0
2024-08-06 00:00:00+08:00,0.01600000075995922,0.01600000075995922,0.01600000075995922,0.01600000075995922,0,0.0,0.0,0.0
2024-08-07 00:00:00+08:00,0.01600000075995922,0.01600000075995922,0.01600000075995922,0.01600000075995922,0,0.0,0.0,0.0
2024-08-08 00:00:00+08:00,0.01600000075995922,0.01600000075995922,0.01600000075995922,0.01600000075995922,0,0.0,0.0,0.0
2024-08-12 00:00:00+08:00,0.01600000075995922,0.01600000075995922,0.01600000075995922,0.01600000075995922,0,0.0,0.0,0.0
2024-08-13 00:00:00+08:00,0.01600000075995922,0.01600000075995922,0.01600000075995922,0.01600000075995922,0,0.0,0.0,0.0
2024-08-14 00:00:00+08:00,0.01600000075995922,0.01600000075995922,0.01600000075995922,0.01600000075995922,0,0.0,0.0,0.0
2024-08-15 00:00:00+08:00,0.01600000075995922,0.01600000075995922,0.01600000075995922,0.01600000075995922,0,0.0,0.0,0.0
2024-08-16 00:00:00+08:00,0.01600000075995922,0.01600000075995922,0.01600000075995922,0.01600000075995922,0,0.0,0.0,0.0
2024-08-19 00:00:00+08:00,0.01600000075995922,0.01600000075995922,0.01600000075995922,0.01600000075995922,0,0.0,0.0,0.0
2024-08-20 00:00:00+08:00,0.01600000075995922,0.01600000075995922,0.01600000075995922,0.01600000075995922,0,0.0,0.0,0.0
2024-08-21 00:00:00+08:00,0.01600000075995922,0.01600000075995922,0.01600000075995922,0.01600000075995922,0,0.0,0.0,0.0
2024-08-22 00:00:00+08:00,0.01600000075995922,0.01600000075995922,0.01600000075995922,0.01600000075995922,0,0.0,0.0,0.0
2024-08-23 00:00:00+08:00,0.01600000075995922,0.01600000075995922,0.01600000075995922,0.01600000075995922,0,0.0,0.0,0.0
2024-08-26 00:00:00+08:00,0.01600000075995922,0.01600000075995922,0.01600000075995922,0.01600000075995922,0,0.0,0.0,0.0
2024-08-27 00:00:00+08:00,0.01600000075995922,0.01600000075995922,0.01600000075995922,0.01600000075995922,0,0.0,0.0,0.0
2024-08-28 00:00:00+08:00,0.01600000075995922,0.01600000075995922,0.01600000075995922,0.01600000075995922,0,0.0,0.0,0.0
2024-08-29 00:00:00+08:00,0.01600000075995922,0.01600000075995922,0.01600000075995922,0.01600000075995922,0,0.0,0.0,0.0
2024-08-30 00:00:00+08:00,0.01600000075995922,0.01600000075995922,0.01600000075995922,0.01600000075995922,0,0.0,0.0,0.0
2024-09-02 00:00:00+08:00,0.01600000075995922,0.01600000075995922,0.01600000075995922,0.01600000075995922,0,0.0,0.0,0.0
2024-09-03 00:00:00+08:00,0.01600000075995922,0.01600000075995922,0.01600000075995922,0.01600000075995922,0,0.0,0.0,0.0
2024-09-04 00:00:00+08:00,0.01600000075995922,0.01600000075995922,0.01600000075995922,0.01600000075995922,0,0.0,0.0,0.0
2024-09-05 00:00:00+08:00,0.01600000075995922,0.01600000075995922,0.01600000075995922,0.01600000075995922,0,0.0,0.0,0.0
2024-09-06 00:00:00+08:00,0.01600000075995922,0.01600000075995922,0.01600000075995922,0.01600000075995922,0,0.0,0.0,0.0
2024-09-09 00:00:00+08:00,0.01600000075995922,0.01600000075995922,0.01600000075995922,0.01600000075995922,0,0.0,0.0,0.0
2024-09-10 00:00:00+08:00,0.01600000075995922,0.01600000075995922,0.01600000075995922,0.01600000075995922,0,0.0,0.0,0.0
2024-09-11 00:00:00+08:00,0.01600000075995922,0.01600000075995922,0.01600000075995922,0.01600000075995922,0,0.0,0.0,0.0
2024-09-12 00:00:00+08:00,0.01600000075995922,0.01600000075995922,0.01600000075995922,0.01600000075995922,0,0.0,0.0,0.0
2024-09-13 00:00:00+08:00,0.01600000075995922,0.01600000075995922,0.01600000075995922,0.01600000075995922,0,0.0,0.0,0.0
