Date,Open,High,Low,Close,Volume,Dividends,Stock Splits
2006-02-01 00:00:00+09:00,5000.0,5303.0302734375,4303.0302734375,4606.060546875,3452495,0.0,0.0
2006-02-02 00:00:00+09:00,4757.57568359375,4818.181640625,4242.42431640625,4439.39404296875,823292,0.0,0.0
2006-02-03 00:00:00+09:00,4333.33349609375,4348.48486328125,4030.302978515625,4045.45458984375,553706,0.0,0.0
2006-02-06 00:00:00+09:00,3939.39404296875,4318.181640625,3939.39404296875,4075.757568359375,640439,0.0,0.0
2006-02-07 00:00:00+09:00,4075.757568359375,4151.51513671875,3772.727294921875,3772.727294921875,513926,0.0,0.0
2006-02-08 00:00:00+09:00,3757.57568359375,4121.2119140625,3757.57568359375,3833.333251953125,737102,0.0,0.0
2006-02-09 00:00:00+09:00,3924.242431640625,3969.697021484375,3666.666748046875,3727.272705078125,366239,0.0,0.0
2006-02-10 00:00:00+09:00,3727.272705078125,3772.727294921875,3424.242431640625,3515.151611328125,402050,0.0,0.0
2006-02-13 00:00:00+09:00,3515.151611328125,3545.45458984375,3333.333251953125,3363.636474609375,371744,0.0,0.0
2006-02-14 00:00:00+09:00,3348.48486328125,3500.0,3348.48486328125,3378.787841796875,274583,0.0,0.0
2006-02-15 00:00:00+09:00,3424.242431640625,3484.848388671875,3106.060546875,3196.9697265625,348269,0.0,0.0
2006-02-16 00:00:00+09:00,3212.12109375,3469.697021484375,3136.363525390625,3318.181884765625,266660,0.0,0.0
2006-02-17 00:00:00+09:00,3378.787841796875,3424.242431640625,3303.0302734375,3409.0908203125,280403,0.0,0.0
2006-02-20 00:00:00+09:00,3333.333251953125,3439.39404296875,3257.57568359375,3257.57568359375,133232,0.0,0.0
2006-02-21 00:00:00+09:00,3257.57568359375,3333.333251953125,3227.272705078125,3227.272705078125,145508,0.0,0.0
2006-02-22 00:00:00+09:00,3166.666748046875,3272.727294921875,3151.51513671875,3272.727294921875,137294,0.0,0.0
2006-02-23 00:00:00+09:00,3257.57568359375,3454.54541015625,3257.57568359375,3272.727294921875,235493,0.0,0.0
2006-02-24 00:00:00+09:00,3333.333251953125,3333.333251953125,3212.12109375,3242.42431640625,99371,0.0,0.0
2006-02-27 00:00:00+09:00,3242.42431640625,3287.87890625,3181.818115234375,3196.9697265625,152759,0.0,0.0
2006-02-28 00:00:00+09:00,3196.9697265625,3363.636474609375,3136.363525390625,3303.0302734375,284630,0.0,0.0
2006-03-02 00:00:00+09:00,3272.727294921875,3303.0302734375,3151.51513671875,3287.87890625,347273,0.0,0.0
2006-03-03 00:00:00+09:00,3303.0302734375,3378.787841796875,3196.9697265625,3212.12109375,287174,0.0,0.0
2006-03-06 00:00:00+09:00,3212.12109375,3257.57568359375,3060.60595703125,3060.60595703125,270377,0.0,0.0
2006-03-07 00:00:00+09:00,3015.151611328125,3045.45458984375,2863.636474609375,2863.636474609375,456191,0.0,0.0
2006-03-08 00:00:00+09:00,2818.181884765625,2869.697021484375,2651.51513671875,2675.757568359375,430886,0.0,0.0
2006-03-09 00:00:00+09:00,2696.9697265625,2793.939453125,2663.636474609375,2663.636474609375,273578,0.0,0.0
2006-03-10 00:00:00+09:00,2669.697021484375,2739.39404296875,2654.54541015625,2736.363525390625,346031,0.0,0.0
2006-03-13 00:00:00+09:00,2772.727294921875,2954.54541015625,2745.45458984375,2848.48486328125,415322,0.0,0.0
2006-03-14 00:00:00+09:00,2878.787841796875,2909.0908203125,2809.0908203125,2848.48486328125,214160,0.0,0.0
2006-03-15 00:00:00+09:00,2893.939453125,2939.39404296875,2830.302978515625,2830.302978515625,88793,0.0,0.0
2006-03-16 00:00:00+09:00,2809.0908203125,2848.48486328125,2678.787841796875,2678.787841796875,176465,0.0,0.0
2006-03-17 00:00:00+09:00,2666.666748046875,2727.272705078125,2612.12109375,2666.666748046875,143162,0.0,0.0
2006-03-20 00:00:00+09:00,2681.818115234375,2712.12109375,2648.48486328125,2651.51513671875,66965,0.0,0.0
2006-03-21 00:00:00+09:00,2642.42431640625,2675.757568359375,2633.333251953125,2639.39404296875,120506,0.0,0.0
2006-03-22 00:00:00+09:00,2621.212158203125,2636.363525390625,2518.181884765625,2545.45458984375,144056,0.0,0.0
2006-03-23 00:00:00+09:00,2566.666748046875,2651.51513671875,2566.666748046875,2603.0302734375,179330,0.0,0.0
2006-03-24 00:00:00+09:00,2560.60595703125,2618.181884765625,2545.45458984375,2581.818115234375,123941,0.0,0.0
2006-03-27 00:00:00+09:00,2584.848388671875,2657.57568359375,2584.848388671875,2593.939453125,153572,0.0,0.0
2006-03-28 00:00:00+09:00,2596.9697265625,2596.9697265625,2496.9697265625,2500.0,132494,0.0,0.0
2006-03-29 00:00:00+09:00,2500.0,2512.12109375,2475.757568359375,2509.0908203125,83864,0.0,0.0
2006-03-30 00:00:00+09:00,2509.0908203125,2606.060546875,2509.0908203125,2590.9091796875,194390,0.0,0.0
2006-03-31 00:00:00+09:00,2554.54541015625,2660.60595703125,2554.54541015625,2609.0908203125,138737,0.0,0.0
2006-04-03 00:00:00+09:00,2621.212158203125,2778.787841796875,2600.0,2751.51513671875,159986,0.0,0.0
2006-04-04 00:00:00+09:00,2772.727294921875,2778.787841796875,2696.9697265625,2772.727294921875,133373,0.0,0.0
2006-04-05 00:00:00+09:00,2787.87890625,2787.87890625,2733.333251953125,2745.45458984375,110912,0.0,0.0
2006-04-06 00:00:00+09:00,2745.45458984375,2781.818115234375,2745.45458984375,2769.697021484375,73574,0.0,0.0
2006-04-07 00:00:00+09:00,2781.818115234375,2781.818115234375,2684.848388671875,2727.272705078125,51182,0.0,0.0
2006-04-10 00:00:00+09:00,2700.0,2718.181884765625,2669.697021484375,2700.0,65123,0.0,0.0
2006-04-11 00:00:00+09:00,2684.848388671875,2684.848388671875,2575.757568359375,2636.363525390625,107903,0.0,0.0
2006-04-12 00:00:00+09:00,2636.363525390625,2718.181884765625,2636.363525390625,2681.818115234375,94595,0.0,0.0
2006-04-13 00:00:00+09:00,2703.0302734375,2863.636474609375,2681.818115234375,2848.48486328125,309914,0.0,0.0
2006-04-14 00:00:00+09:00,2878.787841796875,3121.212158203125,2878.787841796875,3030.302978515625,679748,0.0,0.0
2006-04-17 00:00:00+09:00,3060.60595703125,3075.757568359375,2978.787841796875,3045.45458984375,130463,0.0,0.0
2006-04-18 00:00:00+09:00,3000.0,3075.757568359375,2978.787841796875,3030.302978515625,120173,0.0,0.0
2006-04-19 00:00:00+09:00,3106.060546875,3257.57568359375,2975.757568359375,2975.757568359375,521786,0.0,0.0
2006-04-20 00:00:00+09:00,2981.818115234375,3015.151611328125,2890.9091796875,2972.727294921875,98846,0.0,0.0
2006-04-21 00:00:00+09:00,2948.48486328125,3075.757568359375,2948.48486328125,2996.9697265625,82040,0.0,0.0
2006-04-24 00:00:00+09:00,3000.0,3090.9091796875,2972.727294921875,2996.9697265625,255203,0.0,0.0
2006-04-25 00:00:00+09:00,3045.45458984375,3136.363525390625,2933.333251953125,2933.333251953125,280040,0.0,0.0
2006-04-26 00:00:00+09:00,2936.363525390625,2966.666748046875,2878.787841796875,2909.0908203125,198644,0.0,0.0
2006-04-27 00:00:00+09:00,2939.39404296875,2939.39404296875,2700.0,2700.0,285587,0.0,0.0
2006-04-28 00:00:00+09:00,2703.0302734375,2757.57568359375,2651.51513671875,2727.272705078125,134501,0.0,0.0
2006-05-02 00:00:00+09:00,2727.272705078125,2787.87890625,2636.363525390625,2636.363525390625,62426,0.0,0.0
2006-05-03 00:00:00+09:00,2645.45458984375,2654.54541015625,2587.87890625,2636.363525390625,95024,0.0,0.0
2006-05-04 00:00:00+09:00,2636.363525390625,2681.818115234375,2606.060546875,2639.39404296875,69029,0.0,0.0
2006-05-08 00:00:00+09:00,2651.51513671875,2712.12109375,2609.0908203125,2660.60595703125,97484,0.0,0.0
2006-05-09 00:00:00+09:00,2639.39404296875,2727.272705078125,2639.39404296875,2709.0908203125,85055,0.0,0.0
2006-05-10 00:00:00+09:00,2730.302978515625,2754.54541015625,2696.9697265625,2748.48486328125,90794,0.0,0.0
2006-05-11 00:00:00+09:00,2763.636474609375,2939.39404296875,2684.848388671875,2939.39404296875,170165,0.0,0.0
2006-05-12 00:00:00+09:00,2978.787841796875,2978.787841796875,2878.787841796875,2939.39404296875,72356,0.0,0.0
2006-05-15 00:00:00+09:00,2884.848388671875,2927.272705078125,2818.181884765625,2872.727294921875,40196,0.0,0.0
2006-05-16 00:00:00+09:00,2836.363525390625,2878.787841796875,2672.727294921875,2727.272705078125,107645,0.0,0.0
2006-05-17 00:00:00+09:00,2700.0,2812.12109375,2700.0,2766.666748046875,70430,0.0,0.0
2006-05-18 00:00:00+09:00,2651.51513671875,2727.272705078125,2651.51513671875,2693.939453125,43190,0.0,0.0
2006-05-19 00:00:00+09:00,2678.787841796875,2833.333251953125,2678.787841796875,2806.060546875,50924,0.0,0.0
2006-05-22 00:00:00+09:00,2833.333251953125,2854.54541015625,2793.939453125,2809.0908203125,57182,0.0,0.0
2006-05-23 00:00:00+09:00,2793.939453125,2848.48486328125,2781.818115234375,2818.181884765625,64205,0.0,0.0
2006-05-24 00:00:00+09:00,2818.181884765625,2881.818115234375,2727.272705078125,2818.181884765625,122852,0.0,0.0
2006-05-25 00:00:00+09:00,2836.363525390625,2893.939453125,2700.0,2700.0,206453,0.0,0.0
2006-05-26 00:00:00+09:00,2748.48486328125,2781.818115234375,2703.0302734375,2781.818115234375,54293,0.0,0.0
2006-05-29 00:00:00+09:00,2757.57568359375,2803.0302734375,2757.57568359375,2760.60595703125,68021,0.0,0.0
2006-05-30 00:00:00+09:00,2763.636474609375,2784.848388671875,2675.757568359375,2724.242431640625,30164,0.0,0.0
2006-06-01 00:00:00+09:00,2748.48486328125,2748.48486328125,2636.363525390625,2636.363525390625,54164,0.0,0.0
2006-06-02 00:00:00+09:00,2654.54541015625,2706.060546875,2560.60595703125,2690.9091796875,34193,0.0,0.0
2006-06-05 00:00:00+09:00,2724.242431640625,2724.242431640625,2600.0,2663.636474609375,19736,0.0,0.0
2006-06-07 00:00:00+09:00,2569.697021484375,2627.272705078125,2545.45458984375,2627.272705078125,64037,0.0,0.0
2006-06-08 00:00:00+09:00,2524.242431640625,2587.87890625,2524.242431640625,2587.87890625,40532,0.0,0.0
2006-06-09 00:00:00+09:00,2500.0,2612.12109375,2500.0,2563.636474609375,15254,0.0,0.0
2006-06-12 00:00:00+09:00,2521.212158203125,2575.757568359375,2475.757568359375,2484.848388671875,66032,0.0,0.0
2006-06-13 00:00:00+09:00,2439.39404296875,2466.666748046875,2421.212158203125,2424.242431640625,70676,0.0,0.0
2006-06-14 00:00:00+09:00,2424.242431640625,2451.51513671875,2409.0908203125,2418.181884765625,78797,0.0,0.0
2006-06-15 00:00:00+09:00,2430.302978515625,2457.57568359375,2378.787841796875,2378.787841796875,78020,0.0,0.0
2006-06-16 00:00:00+09:00,2396.9697265625,2466.666748046875,2396.9697265625,2412.12109375,85940,0.0,0.0
2006-06-19 00:00:00+09:00,2412.12109375,2433.333251953125,2390.9091796875,2424.242431640625,69710,0.0,0.0
2006-06-20 00:00:00+09:00,2424.242431640625,2448.48486328125,2393.939453125,2393.939453125,74954,0.0,0.0
2006-06-21 00:00:00+09:00,2393.939453125,2412.12109375,2351.51513671875,2366.666748046875,34952,0.0,0.0
2006-06-22 00:00:00+09:00,2409.0908203125,2409.0908203125,2309.0908203125,2312.12109375,52985,0.0,0.0
2006-06-23 00:00:00+09:00,2303.0302734375,2315.151611328125,2187.87890625,2254.54541015625,83087,0.0,0.0
2006-06-26 00:00:00+09:00,2296.9697265625,2296.9697265625,2203.0302734375,2206.060546875,41912,0.0,0.0
2006-06-27 00:00:00+09:00,2212.12109375,2230.302978515625,2139.39404296875,2196.9697265625,75080,0.0,0.0
2006-06-28 00:00:00+09:00,2157.57568359375,2181.818115234375,2078.787841796875,2081.818115234375,104855,0.0,0.0
2006-06-29 00:00:00+09:00,2072.727294921875,2212.12109375,2072.727294921875,2209.0908203125,75968,0.0,0.0
2006-06-30 00:00:00+09:00,2245.45458984375,2263.636474609375,2181.818115234375,2248.48486328125,68480,0.0,0.0
2006-07-03 00:00:00+09:00,2272.727294921875,2336.363525390625,2221.212158203125,2318.181884765625,78113,0.0,0.0
2006-07-04 00:00:00+09:00,2278.787841796875,2330.302978515625,2257.57568359375,2272.727294921875,57902,0.0,0.0
2006-07-05 00:00:00+09:00,2227.272705078125,2345.45458984375,2227.272705078125,2342.42431640625,30344,0.0,0.0
2006-07-06 00:00:00+09:00,2260.60595703125,2342.42431640625,2260.60595703125,2333.333251953125,13157,0.0,0.0
2006-07-07 00:00:00+09:00,2348.48486328125,2424.242431640625,2333.333251953125,2403.0302734375,31640,0.0,0.0
2006-07-10 00:00:00+09:00,2296.9697265625,2357.57568359375,2296.9697265625,2333.333251953125,23276,0.0,0.0
2006-07-11 00:00:00+09:00,2290.9091796875,2424.242431640625,2290.9091796875,2424.242431640625,28070,0.0,0.0
2006-07-12 00:00:00+09:00,2372.727294921875,2454.54541015625,2354.54541015625,2360.60595703125,51329,0.0,0.0
2006-07-13 00:00:00+09:00,2393.939453125,2439.39404296875,2360.60595703125,2366.666748046875,49697,0.0,0.0
2006-07-14 00:00:00+09:00,2378.787841796875,2378.787841796875,2333.333251953125,2342.42431640625,18302,0.0,0.0
2006-07-18 00:00:00+09:00,2363.636474609375,2363.636474609375,2306.060546875,2333.333251953125,8615,0.0,0.0
2006-07-19 00:00:00+09:00,2278.787841796875,2348.48486328125,2278.787841796875,2333.333251953125,14207,0.0,0.0
2006-07-20 00:00:00+09:00,2424.242431640625,2424.242431640625,2333.333251953125,2333.333251953125,4652,0.0,0.0
2006-07-21 00:00:00+09:00,2300.0,2360.60595703125,2272.727294921875,2324.242431640625,5465,0.0,0.0
2006-07-24 00:00:00+09:00,2339.39404296875,2424.242431640625,2006.060546875,2303.0302734375,14270,0.0,0.0
2006-07-25 00:00:00+09:00,2318.181884765625,2324.242431640625,2060.60595703125,2251.51513671875,26090,0.0,0.0
2006-07-26 00:00:00+09:00,2175.757568359375,2251.51513671875,2121.212158203125,2166.666748046875,60974,0.0,0.0
2006-07-27 00:00:00+09:00,2166.666748046875,2303.0302734375,2166.666748046875,2218.181884765625,119351,0.0,0.0
2006-07-28 00:00:00+09:00,2215.151611328125,2242.42431640625,2212.12109375,2218.181884765625,22235,0.0,0.0
2006-07-31 00:00:00+09:00,2221.212158203125,2263.636474609375,2212.12109375,2236.363525390625,18683,0.0,0.0
2006-08-01 00:00:00+09:00,2215.151611328125,2454.54541015625,2212.12109375,2384.848388671875,77834,0.0,0.0
2006-08-02 00:00:00+09:00,2348.48486328125,2424.242431640625,2303.0302734375,2384.848388671875,15695,0.0,0.0
2006-08-03 00:00:00+09:00,2378.787841796875,2439.39404296875,2318.181884765625,2384.848388671875,33845,0.0,0.0
2006-08-04 00:00:00+09:00,2348.48486328125,2448.48486328125,2348.48486328125,2445.45458984375,41387,0.0,0.0
2006-08-07 00:00:00+09:00,2451.51513671875,2460.60595703125,2390.9091796875,2445.45458984375,20945,0.0,0.0
2006-08-08 00:00:00+09:00,2454.54541015625,2606.060546875,2393.939453125,2484.848388671875,56603,0.0,0.0
2006-08-09 00:00:00+09:00,2484.848388671875,2566.666748046875,2484.848388671875,2545.45458984375,33752,0.0,0.0
2006-08-10 00:00:00+09:00,2493.939453125,2927.272705078125,2451.51513671875,2927.272705078125,364955,0.0,0.0
2006-08-11 00:00:00+09:00,2939.39404296875,2984.848388671875,2787.87890625,2924.242431640625,309983,0.0,0.0
2006-08-14 00:00:00+09:00,2939.39404296875,2939.39404296875,2566.666748046875,2693.939453125,562229,0.0,0.0
2006-08-16 00:00:00+09:00,2690.9091796875,2730.302978515625,2536.363525390625,2681.818115234375,261350,0.0,0.0
2006-08-17 00:00:00+09:00,2651.51513671875,2727.272705078125,2636.363525390625,2709.0908203125,245072,0.0,0.0
2006-08-18 00:00:00+09:00,2709.0908203125,2736.363525390625,2606.060546875,2696.9697265625,480170,0.0,0.0
2006-08-21 00:00:00+09:00,2709.0908203125,2772.727294921875,2645.45458984375,2681.818115234375,387029,0.0,0.0
2006-08-22 00:00:00+09:00,2681.818115234375,2778.787841796875,2651.51513671875,2678.787841796875,554591,0.0,0.0
2006-08-23 00:00:00+09:00,2657.57568359375,2690.9091796875,2621.212158203125,2621.212158203125,264362,0.0,0.0
2006-08-24 00:00:00+09:00,2624.242431640625,2654.54541015625,2500.0,2500.0,225479,0.0,0.0
2006-08-25 00:00:00+09:00,2500.0,2593.939453125,2500.0,2575.757568359375,240644,0.0,0.0
2006-08-28 00:00:00+09:00,2606.060546875,2927.272705078125,2575.757568359375,2906.060546875,865181,0.0,0.0
2006-08-29 00:00:00+09:00,2909.0908203125,3318.181884765625,2818.181884765625,3166.666748046875,1199264,0.0,0.0
2006-08-30 00:00:00+09:00,3136.363525390625,3196.9697265625,2945.45458984375,3090.9091796875,453143,0.0,0.0
2006-08-31 00:00:00+09:00,3212.12109375,3257.57568359375,3024.242431640625,3045.45458984375,552542,0.0,0.0
2006-09-01 00:00:00+09:00,3045.45458984375,3181.818115234375,2978.787841796875,3181.818115234375,496013,0.0,0.0
2006-09-04 00:00:00+09:00,3272.727294921875,3333.333251953125,3151.51513671875,3212.12109375,475745,0.0,0.0
2006-09-05 00:00:00+09:00,3212.12109375,3272.727294921875,3136.363525390625,3242.42431640625,390392,0.0,0.0
2006-09-06 00:00:00+09:00,3303.0302734375,3303.0302734375,3166.666748046875,3242.42431640625,302039,0.0,0.0
2006-09-07 00:00:00+09:00,3181.818115234375,3212.12109375,3045.45458984375,3121.212158203125,367361,0.0,0.0
2006-09-08 00:00:00+09:00,3030.302978515625,3181.818115234375,3030.302978515625,3136.363525390625,307949,0.0,0.0
2006-09-11 00:00:00+09:00,3106.060546875,3166.666748046875,3045.45458984375,3075.757568359375,173858,0.0,0.0
2006-09-12 00:00:00+09:00,3045.45458984375,3151.51513671875,2954.54541015625,2954.54541015625,348536,0.0,0.0
2006-09-13 00:00:00+09:00,3000.0,3060.60595703125,2954.54541015625,3012.12109375,272204,0.0,0.0
2006-09-14 00:00:00+09:00,3003.0302734375,3212.12109375,2987.87890625,3181.818115234375,564275,0.0,0.0
2006-09-15 00:00:00+09:00,3166.666748046875,3272.727294921875,3106.060546875,3272.727294921875,558398,0.0,0.0
2006-09-18 00:00:00+09:00,3303.0302734375,3469.697021484375,3242.42431640625,3303.0302734375,590816,0.0,0.0
2006-09-19 00:00:00+09:00,3303.0302734375,3393.939453125,3151.51513671875,3212.12109375,514637,0.0,0.0
2006-09-20 00:00:00+09:00,3196.9697265625,3227.272705078125,3075.757568359375,3196.9697265625,400259,0.0,0.0
2006-09-21 00:00:00+09:00,3196.9697265625,3303.0302734375,3166.666748046875,3196.9697265625,690392,0.0,0.0
2006-09-22 00:00:00+09:00,3121.212158203125,3181.818115234375,2972.727294921875,3006.060546875,735107,0.0,0.0
2006-09-25 00:00:00+09:00,2969.697021484375,3121.212158203125,2969.697021484375,3121.212158203125,332063,0.0,0.0
2006-09-26 00:00:00+09:00,3121.212158203125,3121.212158203125,3015.151611328125,3106.060546875,292790,0.0,0.0
2006-09-27 00:00:00+09:00,3030.302978515625,3166.666748046875,3012.12109375,3151.51513671875,384416,0.0,0.0
2006-09-28 00:00:00+09:00,3136.363525390625,3166.666748046875,3075.757568359375,3136.363525390625,252338,0.0,0.0
2006-09-29 00:00:00+09:00,3136.363525390625,3166.666748046875,3015.151611328125,3030.302978515625,535277,0.0,0.0
2006-10-02 00:00:00+09:00,3006.060546875,3030.302978515625,2903.0302734375,3000.0,387080,0.0,0.0
2006-10-04 00:00:00+09:00,2972.727294921875,2987.87890625,2851.51513671875,2851.51513671875,150011,0.0,0.0
2006-10-09 00:00:00+09:00,2806.060546875,2860.60595703125,2424.242431640625,2451.51513671875,406352,0.0,0.0
2006-10-10 00:00:00+09:00,2427.272705078125,2630.302978515625,2427.272705078125,2606.060546875,312830,0.0,0.0
2006-10-11 00:00:00+09:00,2563.636474609375,2584.848388671875,2463.636474609375,2518.181884765625,164873,0.0,0.0
2006-10-12 00:00:00+09:00,2500.0,2596.9697265625,2500.0,2560.60595703125,132809,0.0,0.0
2006-10-13 00:00:00+09:00,2603.0302734375,2621.212158203125,2563.636474609375,2575.757568359375,220433,0.0,0.0
2006-10-16 00:00:00+09:00,2621.212158203125,2645.45458984375,2578.787841796875,2630.302978515625,115973,0.0,0.0
2006-10-17 00:00:00+09:00,2639.39404296875,2651.51513671875,2460.60595703125,2533.333251953125,215639,0.0,0.0
2006-10-18 00:00:00+09:00,2539.39404296875,2539.39404296875,2460.60595703125,2500.0,165506,0.0,0.0
2006-10-19 00:00:00+09:00,2496.9697265625,2515.151611328125,2472.727294921875,2475.757568359375,137831,0.0,0.0
2006-10-20 00:00:00+09:00,2484.848388671875,2530.302978515625,2478.787841796875,2503.0302734375,103955,0.0,0.0
2006-10-23 00:00:00+09:00,2509.0908203125,2533.333251953125,2484.848388671875,2509.0908203125,113999,0.0,0.0
2006-10-24 00:00:00+09:00,2530.302978515625,2566.666748046875,2509.0908203125,2521.212158203125,118127,0.0,0.0
2006-10-25 00:00:00+09:00,2521.212158203125,2527.272705078125,2478.787841796875,2496.9697265625,123557,0.0,0.0
2006-10-26 00:00:00+09:00,2493.939453125,2509.0908203125,2475.757568359375,2481.818115234375,124691,0.0,0.0
2006-10-27 00:00:00+09:00,2478.787841796875,2503.0302734375,2469.697021484375,2490.9091796875,119903,0.0,0.0
2006-10-30 00:00:00+09:00,2496.9697265625,2496.9697265625,2469.697021484375,2484.848388671875,101234,0.0,0.0
2006-10-31 00:00:00+09:00,2500.0,2500.0,2457.57568359375,2469.697021484375,124337,0.0,0.0
2006-11-01 00:00:00+09:00,2487.87890625,2500.0,2457.57568359375,2472.727294921875,94634,0.0,0.0
2006-11-02 00:00:00+09:00,2472.727294921875,2478.787841796875,2442.42431640625,2472.727294921875,144308,0.0,0.0
2006-11-03 00:00:00+09:00,2493.939453125,2496.9697265625,2442.42431640625,2454.54541015625,136952,0.0,0.0
2006-11-06 00:00:00+09:00,2454.54541015625,2484.848388671875,2396.9697265625,2469.697021484375,179501,0.0,0.0
2006-11-07 00:00:00+09:00,2469.697021484375,2484.848388671875,2442.42431640625,2457.57568359375,121517,0.0,0.0
2006-11-08 00:00:00+09:00,2457.57568359375,2469.697021484375,2442.42431640625,2451.51513671875,49457,0.0,0.0
2006-11-09 00:00:00+09:00,2427.272705078125,2454.54541015625,2427.272705078125,2451.51513671875,108923,0.0,0.0
2006-11-10 00:00:00+09:00,2427.272705078125,2451.51513671875,2424.242431640625,2451.51513671875,71942,0.0,0.0
2006-11-13 00:00:00+09:00,2424.242431640625,2436.363525390625,2303.0302734375,2321.212158203125,492920,0.0,0.0
2006-11-14 00:00:00+09:00,2321.212158203125,2342.42431640625,2303.0302734375,2336.363525390625,165437,0.0,0.0
2006-11-15 00:00:00+09:00,2336.363525390625,2378.787841796875,2315.151611328125,2339.39404296875,187493,0.0,0.0
2006-11-16 00:00:00+09:00,2342.42431640625,2357.57568359375,2303.0302734375,2306.060546875,217754,0.0,0.0
2006-11-17 00:00:00+09:00,2306.060546875,2321.212158203125,2227.272705078125,2242.42431640625,260222,0.0,0.0
2006-11-20 00:00:00+09:00,2242.42431640625,2303.0302734375,2172.727294921875,2227.272705078125,495302,0.0,0.0
2006-11-21 00:00:00+09:00,2209.0908203125,2239.39404296875,2178.787841796875,2178.787841796875,151250,0.0,0.0
2006-11-22 00:00:00+09:00,2166.666748046875,2221.212158203125,2154.54541015625,2212.12109375,172910,0.0,0.0
2006-11-23 00:00:00+09:00,2184.848388671875,2287.87890625,2181.818115234375,2257.57568359375,293162,0.0,0.0
2006-11-24 00:00:00+09:00,2263.636474609375,2287.87890625,2224.242431640625,2242.42431640625,153938,0.0,0.0
2006-11-27 00:00:00+09:00,2266.666748046875,2266.666748046875,2196.9697265625,2224.242431640625,112838,0.0,0.0
2006-11-28 00:00:00+09:00,2215.151611328125,2345.45458984375,2187.87890625,2345.45458984375,638369,0.0,0.0
2006-11-29 00:00:00+09:00,2363.636474609375,2439.39404296875,2306.060546875,2306.060546875,767240,0.0,0.0
2006-11-30 00:00:00+09:00,2312.12109375,2390.9091796875,2312.12109375,2324.242431640625,147518,0.0,0.0
2006-12-04 00:00:00+09:00,2318.181884765625,2566.666748046875,2284.848388671875,2566.666748046875,957008,0.0,0.0
2006-12-05 00:00:00+09:00,2560.60595703125,2566.666748046875,2451.51513671875,2545.45458984375,431765,0.0,0.0
2006-12-06 00:00:00+09:00,2506.060546875,2545.45458984375,2412.12109375,2484.848388671875,314927,0.0,0.0
2006-12-07 00:00:00+09:00,2478.787841796875,2515.151611328125,2363.636474609375,2481.818115234375,505496,0.0,0.0
2006-12-08 00:00:00+09:00,2457.57568359375,2478.787841796875,2406.060546875,2475.757568359375,252863,0.0,0.0
2006-12-11 00:00:00+09:00,2451.51513671875,2466.666748046875,2415.151611328125,2445.45458984375,265985,0.0,0.0
2006-12-12 00:00:00+09:00,2430.302978515625,2457.57568359375,2348.48486328125,2390.9091796875,186551,0.0,0.0
2006-12-13 00:00:00+09:00,2363.636474609375,2406.060546875,2339.39404296875,2372.727294921875,243335,0.0,0.0
2006-12-14 00:00:00+09:00,2342.42431640625,2436.363525390625,2342.42431640625,2424.242431640625,230558,0.0,0.0
2006-12-15 00:00:00+09:00,2424.242431640625,2500.0,2403.0302734375,2484.848388671875,259331,0.0,0.0
2006-12-18 00:00:00+09:00,2509.0908203125,2509.0908203125,2445.45458984375,2457.57568359375,186167,0.0,0.0
2006-12-19 00:00:00+09:00,2481.818115234375,2533.333251953125,2454.54541015625,2524.242431640625,422786,0.0,0.0
2006-12-20 00:00:00+09:00,2530.302978515625,2542.42431640625,2469.697021484375,2509.0908203125,263240,0.0,0.0
2006-12-21 00:00:00+09:00,2500.0,2527.272705078125,2445.45458984375,2496.9697265625,387296,0.0,0.0
2006-12-22 00:00:00+09:00,2481.818115234375,2848.48486328125,2478.787841796875,2633.333251953125,1303109,0.0,0.0
2006-12-26 00:00:00+09:00,2721.212158203125,2969.697021484375,2666.666748046875,2815.151611328125,1462625,0.0,0.0
2006-12-27 00:00:00+09:00,2824.242431640625,2842.42431640625,2651.51513671875,2696.9697265625,684734,0.0,0.0
2006-12-28 00:00:00+09:00,2669.697021484375,2757.57568359375,2545.45458984375,2545.45458984375,729443,0.0,0.0
2007-01-02 00:00:00+09:00,2530.302978515625,2557.57568359375,2460.60595703125,2500.0,336110,0.0,0.0
2007-01-03 00:00:00+09:00,2481.818115234375,2503.0302734375,2375.757568359375,2396.9697265625,578543,0.0,0.0
2007-01-04 00:00:00+09:00,2400.0,2448.48486328125,2381.818115234375,2390.9091796875,317219,0.0,0.0
2007-01-05 00:00:00+09:00,2421.212158203125,2421.212158203125,2066.666748046875,2287.87890625,442454,0.0,0.0
2007-01-08 00:00:00+09:00,2248.48486328125,2303.0302734375,2224.242431640625,2224.242431640625,249893,0.0,0.0
2007-01-09 00:00:00+09:00,2266.666748046875,2287.87890625,2227.272705078125,2233.333251953125,157550,0.0,0.0
2007-01-10 00:00:00+09:00,2218.181884765625,2254.54541015625,2142.42431640625,2151.51513671875,227468,0.0,0.0
2007-01-11 00:00:00+09:00,2154.54541015625,2193.939453125,2130.302978515625,2130.302978515625,223550,0.0,0.0
2007-01-12 00:00:00+09:00,2148.48486328125,2218.181884765625,2139.39404296875,2196.9697265625,131036,0.0,0.0
2007-01-15 00:00:00+09:00,2200.0,2227.272705078125,2160.60595703125,2184.848388671875,123599,0.0,0.0
2007-01-16 00:00:00+09:00,2221.212158203125,2245.45458984375,2175.757568359375,2209.0908203125,157592,0.0,0.0
2007-01-17 00:00:00+09:00,2218.181884765625,2218.181884765625,2172.727294921875,2181.818115234375,81017,0.0,0.0
2007-01-18 00:00:00+09:00,2166.666748046875,2209.0908203125,2136.363525390625,2139.39404296875,103571,0.0,0.0
2007-01-19 00:00:00+09:00,2127.272705078125,2127.272705078125,2021.212158203125,2021.212158203125,224945,0.0,0.0
2007-01-22 00:00:00+09:00,2021.212158203125,2069.697021484375,1969.697021484375,2039.3939208984375,112271,0.0,0.0
2007-01-23 00:00:00+09:00,2003.0302734375,2057.57568359375,1972.727294921875,2000.0,146381,0.0,0.0
2007-01-24 00:00:00+09:00,1978.787841796875,2021.212158203125,1978.787841796875,2003.0302734375,114323,0.0,0.0
2007-01-25 00:00:00+09:00,2045.45458984375,2081.818115234375,2030.302978515625,2066.666748046875,98696,0.0,0.0
2007-01-26 00:00:00+09:00,2048.48486328125,2054.54541015625,2030.302978515625,2036.3636474609375,51530,0.0,0.0
2007-01-29 00:00:00+09:00,2072.727294921875,2090.9091796875,2039.3939208984375,2051.51513671875,65891,0.0,0.0
2007-01-30 00:00:00+09:00,2036.3636474609375,2087.87890625,2030.302978515625,2030.302978515625,43283,0.0,0.0
2007-01-31 00:00:00+09:00,2033.3333740234375,2075.757568359375,2021.212158203125,2027.272705078125,40409,0.0,0.0
2007-02-01 00:00:00+09:00,2036.3636474609375,2051.51513671875,2027.272705078125,2027.272705078125,35912,0.0,0.0
2007-02-02 00:00:00+09:00,2054.54541015625,2106.060546875,2033.3333740234375,2106.060546875,85316,0.0,0.0
2007-02-05 00:00:00+09:00,2130.302978515625,2166.666748046875,2103.0302734375,2139.39404296875,96230,0.0,0.0
2007-02-06 00:00:00+09:00,2127.272705078125,2178.787841796875,2060.60595703125,2100.0,68348,0.0,0.0
2007-02-07 00:00:00+09:00,2090.9091796875,2121.212158203125,2066.666748046875,2096.9697265625,42245,0.0,0.0
2007-02-08 00:00:00+09:00,2093.939453125,2118.181884765625,2060.60595703125,2081.818115234375,62381,0.0,0.0
2007-02-09 00:00:00+09:00,2072.727294921875,2096.9697265625,2036.3636474609375,2042.4241943359375,67550,0.0,0.0
2007-02-12 00:00:00+09:00,2000.0,2036.3636474609375,1981.8182373046875,2024.242431640625,77009,0.0,0.0
2007-02-13 00:00:00+09:00,2000.0,2054.54541015625,1987.8787841796875,2024.242431640625,77009,0.0,0.0
2007-02-14 00:00:00+09:00,2021.212158203125,2057.57568359375,2021.212158203125,2030.302978515625,50252,0.0,0.0
2007-02-15 00:00:00+09:00,2051.51513671875,2072.727294921875,2030.302978515625,2033.3333740234375,79034,0.0,0.0
2007-02-16 00:00:00+09:00,2030.302978515625,2063.636474609375,2015.1514892578125,2045.45458984375,112442,0.0,0.0
2007-02-20 00:00:00+09:00,2048.48486328125,2072.727294921875,2030.302978515625,2048.48486328125,82556,0.0,0.0
2007-02-21 00:00:00+09:00,2072.727294921875,2154.54541015625,2069.697021484375,2121.212158203125,167876,0.0,0.0
2007-02-22 00:00:00+09:00,2163.636474609375,2163.636474609375,2090.9091796875,2118.181884765625,97460,0.0,0.0
2007-02-23 00:00:00+09:00,2121.212158203125,2148.48486328125,2100.0,2118.181884765625,47861,0.0,0.0
2007-02-26 00:00:00+09:00,2103.0302734375,2181.818115234375,2081.818115234375,2157.57568359375,239678,0.0,0.0
2007-02-27 00:00:00+09:00,2160.60595703125,2166.666748046875,2093.939453125,2145.45458984375,83996,0.0,0.0
2007-02-28 00:00:00+09:00,2072.727294921875,2072.727294921875,1881.8182373046875,2012.1212158203125,153638,0.0,0.0
2007-03-05 00:00:00+09:00,2000.0,2000.0,1960.6060791015625,1966.6666259765625,112883,0.0,0.0
2007-03-06 00:00:00+09:00,1942.4241943359375,2021.212158203125,1942.4241943359375,1972.727294921875,27503,0.0,0.0
2007-03-07 00:00:00+09:00,1990.9090576171875,2012.1212158203125,1963.6363525390625,1984.8485107421875,81839,0.0,0.0
2007-03-08 00:00:00+09:00,2003.0302734375,2003.0302734375,1972.727294921875,1990.9090576171875,45044,0.0,0.0
2007-03-09 00:00:00+09:00,2000.0,2000.0,1960.6060791015625,1969.697021484375,88940,0.0,0.0
2007-03-12 00:00:00+09:00,1978.787841796875,1987.8787841796875,1957.5758056640625,1981.8182373046875,106688,0.0,0.0
2007-03-13 00:00:00+09:00,1984.8485107421875,1993.939453125,1969.697021484375,1978.787841796875,63371,0.0,0.0
2007-03-14 00:00:00+09:00,1948.48486328125,1963.6363525390625,1918.1817626953125,1930.302978515625,132710,0.0,0.0
2007-03-15 00:00:00+09:00,1933.3333740234375,1969.697021484375,1930.302978515625,1957.5758056640625,83051,0.0,0.0
2007-03-16 00:00:00+09:00,1954.54541015625,2003.0302734375,1951.51513671875,1984.8485107421875,93665,0.0,0.0
2007-03-19 00:00:00+09:00,1984.8485107421875,2072.727294921875,1984.8485107421875,2072.727294921875,170396,0.0,0.0
2007-03-20 00:00:00+09:00,2087.87890625,2121.212158203125,2060.60595703125,2066.666748046875,122678,0.0,0.0
2007-03-21 00:00:00+09:00,2090.9091796875,2133.333251953125,2060.60595703125,2081.818115234375,169523,0.0,0.0
2007-03-22 00:00:00+09:00,2115.151611328125,2166.666748046875,2060.60595703125,2100.0,169958,0.0,0.0
2007-03-23 00:00:00+09:00,2100.0,2293.939453125,2100.0,2212.12109375,757352,0.0,0.0
2007-03-26 00:00:00+09:00,2212.12109375,2212.12109375,2154.54541015625,2169.697021484375,150560,0.0,0.0
2007-03-27 00:00:00+09:00,2169.697021484375,2212.12109375,2154.54541015625,2181.818115234375,157346,0.0,0.0
2007-03-28 00:00:00+09:00,2163.636474609375,2203.0302734375,2100.0,2145.45458984375,230486,0.0,0.0
2007-03-29 00:00:00+09:00,2109.0908203125,2151.51513671875,2078.787841796875,2084.848388671875,289319,0.0,0.0
2007-03-30 00:00:00+09:00,2115.151611328125,2115.151611328125,2048.48486328125,2084.848388671875,229526,0.0,0.0
2007-04-02 00:00:00+09:00,2084.848388671875,2103.0302734375,2027.272705078125,2039.3939208984375,253442,0.0,0.0
2007-04-03 00:00:00+09:00,2039.3939208984375,2078.787841796875,2039.3939208984375,2075.757568359375,121574,0.0,0.0
2007-04-04 00:00:00+09:00,2084.848388671875,2103.0302734375,2060.60595703125,2069.697021484375,104447,0.0,0.0
2007-04-05 00:00:00+09:00,2090.9091796875,2166.666748046875,2060.60595703125,2136.363525390625,209675,0.0,0.0
2007-04-06 00:00:00+09:00,2127.272705078125,2172.727294921875,2121.212158203125,2121.212158203125,141635,0.0,0.0
2007-04-09 00:00:00+09:00,2121.212158203125,2166.666748046875,2096.9697265625,2136.363525390625,175514,0.0,0.0
2007-04-10 00:00:00+09:00,2130.302978515625,2151.51513671875,2078.787841796875,2090.9091796875,218327,0.0,0.0
2007-04-11 00:00:00+09:00,2096.9697265625,2103.0302734375,2063.636474609375,2066.666748046875,156182,0.0,0.0
2007-04-12 00:00:00+09:00,2078.787841796875,2090.9091796875,2045.45458984375,2048.48486328125,134558,0.0,0.0
2007-04-13 00:00:00+09:00,2069.697021484375,2084.848388671875,2048.48486328125,2066.666748046875,131387,0.0,0.0
2007-04-16 00:00:00+09:00,2081.818115234375,2115.151611328125,2066.666748046875,2100.0,166157,0.0,0.0
2007-04-17 00:00:00+09:00,2112.12109375,2206.060546875,2084.848388671875,2145.45458984375,374246,0.0,0.0
2007-04-18 00:00:00+09:00,2166.666748046875,2200.0,2127.272705078125,2148.48486328125,503456,0.0,0.0
2007-04-19 00:00:00+09:00,2151.51513671875,2151.51513671875,2075.757568359375,2078.787841796875,266327,0.0,0.0
2007-04-20 00:00:00+09:00,2121.212158203125,2136.363525390625,2084.848388671875,2090.9091796875,211574,0.0,0.0
2007-04-23 00:00:00+09:00,2106.060546875,2163.636474609375,2106.060546875,2136.363525390625,258713,0.0,0.0
2007-04-24 00:00:00+09:00,2115.151611328125,2151.51513671875,2084.848388671875,2090.9091796875,168740,0.0,0.0
2007-04-25 00:00:00+09:00,2109.0908203125,2109.0908203125,2000.0,2018.1817626953125,322862,0.0,0.0
2007-04-26 00:00:00+09:00,2030.302978515625,2060.60595703125,2012.1212158203125,2012.1212158203125,178715,0.0,0.0
2007-04-27 00:00:00+09:00,2018.1817626953125,2027.272705078125,1954.54541015625,1954.54541015625,317039,0.0,0.0
2007-04-30 00:00:00+09:00,1948.48486328125,1990.9090576171875,1924.242431640625,1933.3333740234375,190103,0.0,0.0
2007-05-02 00:00:00+09:00,1951.51513671875,1969.697021484375,1933.3333740234375,1969.697021484375,81857,0.0,0.0
2007-05-03 00:00:00+09:00,1975.757568359375,2027.272705078125,1975.757568359375,2003.0302734375,121313,0.0,0.0
2007-05-04 00:00:00+09:00,1996.9697265625,2027.272705078125,1993.939453125,2009.0909423828125,52463,0.0,0.0
2007-05-07 00:00:00+09:00,2015.1514892578125,2045.45458984375,2000.0,2030.302978515625,158333,0.0,0.0
2007-05-08 00:00:00+09:00,2060.60595703125,2072.727294921875,1987.8787841796875,2015.1514892578125,207941,0.0,0.0
2007-05-09 00:00:00+09:00,2015.1514892578125,2027.272705078125,1975.757568359375,1993.939453125,85214,0.0,0.0
2007-05-10 00:00:00+09:00,2003.0302734375,2036.3636474609375,1969.697021484375,1969.697021484375,149897,0.0,0.0
2007-05-11 00:00:00+09:00,1972.727294921875,1972.727294921875,1927.272705078125,1948.48486328125,161504,0.0,0.0
2007-05-14 00:00:00+09:00,1954.54541015625,1993.939453125,1930.302978515625,1942.4241943359375,150566,0.0,0.0
2007-05-15 00:00:00+09:00,1945.45458984375,1963.6363525390625,1936.3636474609375,1936.3636474609375,76475,0.0,0.0
2007-05-16 00:00:00+09:00,1936.3636474609375,1978.787841796875,1921.212158203125,1963.6363525390625,106475,0.0,0.0
2007-05-17 00:00:00+09:00,1963.6363525390625,1981.8182373046875,1951.51513671875,1975.757568359375,56429,0.0,0.0
2007-05-18 00:00:00+09:00,1984.8485107421875,1984.8485107421875,1930.302978515625,1933.3333740234375,96821,0.0,0.0
2007-05-21 00:00:00+09:00,1915.1514892578125,1945.45458984375,1900.0,1903.0302734375,107003,0.0,0.0
2007-05-22 00:00:00+09:00,1915.1514892578125,1924.242431640625,1893.939453125,1909.0909423828125,107003,0.0,0.0
2007-05-23 00:00:00+09:00,1912.1212158203125,1936.3636474609375,1900.0,1933.3333740234375,119600,0.0,0.0
2007-05-25 00:00:00+09:00,1936.3636474609375,1951.51513671875,1912.1212158203125,1951.51513671875,79580,0.0,0.0
2007-05-28 00:00:00+09:00,1948.48486328125,1987.8787841796875,1945.45458984375,1972.727294921875,145385,0.0,0.0
2007-05-29 00:00:00+09:00,1969.697021484375,2000.0,1957.5758056640625,1987.8787841796875,98783,0.0,0.0
2007-05-30 00:00:00+09:00,1981.8182373046875,1993.939453125,1918.1817626953125,1954.54541015625,178847,0.0,0.0
2007-05-31 00:00:00+09:00,1963.6363525390625,1969.697021484375,1927.272705078125,1969.697021484375,153002,0.0,0.0
2007-06-01 00:00:00+09:00,1975.757568359375,1975.757568359375,1924.242431640625,1924.242431640625,165614,0.0,0.0
2007-06-04 00:00:00+09:00,1924.242431640625,1939.3939208984375,1903.0302734375,1903.0302734375,122927,0.0,0.0
2007-06-05 00:00:00+09:00,1903.0302734375,1933.3333740234375,1896.9697265625,1900.0,95189,0.0,0.0
2007-06-07 00:00:00+09:00,1900.0,1939.3939208984375,1890.9090576171875,1933.3333740234375,167945,0.0,0.0
2007-06-08 00:00:00+09:00,1936.3636474609375,2024.242431640625,1933.3333740234375,2000.0,264371,0.0,0.0
2007-06-11 00:00:00+09:00,2036.3636474609375,2090.9091796875,2036.3636474609375,2057.57568359375,326891,0.0,0.0
2007-06-12 00:00:00+09:00,2069.697021484375,2093.939453125,2036.3636474609375,2057.57568359375,114335,0.0,0.0
2007-06-13 00:00:00+09:00,2045.45458984375,2072.727294921875,2018.1817626953125,2039.3939208984375,107738,0.0,0.0
2007-06-14 00:00:00+09:00,2054.54541015625,2103.0302734375,2048.48486328125,2087.87890625,240287,0.0,0.0
2007-06-15 00:00:00+09:00,2121.212158203125,2166.666748046875,2100.0,2151.51513671875,361787,0.0,0.0
2007-06-18 00:00:00+09:00,2175.757568359375,2272.727294921875,2175.757568359375,2269.697021484375,626102,0.0,0.0
2007-06-19 00:00:00+09:00,2269.697021484375,2287.87890625,2215.151611328125,2257.57568359375,340850,0.0,0.0
2007-06-20 00:00:00+09:00,2242.42431640625,2318.181884765625,2166.666748046875,2212.12109375,360419,0.0,0.0
2007-06-21 00:00:00+09:00,2181.818115234375,2363.636474609375,2181.818115234375,2296.9697265625,343316,0.0,0.0
2007-06-22 00:00:00+09:00,2366.666748046875,2366.666748046875,2242.42431640625,2278.787841796875,430715,0.0,0.0
2007-06-25 00:00:00+09:00,2242.42431640625,2330.302978515625,2242.42431640625,2275.757568359375,174221,0.0,0.0
2007-06-26 00:00:00+09:00,2315.151611328125,2315.151611328125,2154.54541015625,2200.0,156326,0.0,0.0
2007-06-27 00:00:00+09:00,2181.818115234375,2190.9091796875,2096.9697265625,2151.51513671875,189980,0.0,0.0
2007-06-28 00:00:00+09:00,2175.757568359375,2200.0,2124.242431640625,2181.818115234375,135929,0.0,0.0
2007-06-29 00:00:00+09:00,2169.697021484375,2221.212158203125,2166.666748046875,2193.939453125,62477,0.0,0.0
2007-07-02 00:00:00+09:00,2518.181884765625,2245.45458984375,2154.54541015625,2245.45458984375,4580837,0.0,0.0
2007-07-03 00:00:00+09:00,2518.181884765625,2581.818115234375,2500.0,2581.818115234375,4580837,0.0,0.0
2007-07-04 00:00:00+09:00,2621.212158203125,2715.151611328125,2421.212158203125,2433.333251953125,3001409,0.0,0.0
2007-07-05 00:00:00+09:00,2436.363525390625,2515.151611328125,2396.9697265625,2424.242431640625,1228193,0.0,0.0
2007-07-06 00:00:00+09:00,2415.151611328125,2424.242431640625,2306.060546875,2372.727294921875,730580,0.0,0.0
2007-07-09 00:00:00+09:00,2396.9697265625,2460.60595703125,2366.666748046875,2396.9697265625,634529,0.0,0.0
2007-07-10 00:00:00+09:00,2439.39404296875,2496.9697265625,2375.757568359375,2400.0,495452,0.0,0.0
2007-07-11 00:00:00+09:00,2378.787841796875,2481.818115234375,2378.787841796875,2409.0908203125,382436,0.0,0.0
2007-07-12 00:00:00+09:00,2430.302978515625,2451.51513671875,2381.818115234375,2390.9091796875,335357,0.0,0.0
2007-07-13 00:00:00+09:00,2424.242431640625,2427.272705078125,2354.54541015625,2357.57568359375,393809,0.0,0.0
2007-07-16 00:00:00+09:00,2357.57568359375,2378.787841796875,2324.242431640625,2378.787841796875,192938,0.0,0.0
2007-07-18 00:00:00+09:00,2400.0,2421.212158203125,2342.42431640625,2393.939453125,269999,0.0,0.0
2007-07-19 00:00:00+09:00,2403.0302734375,2403.0302734375,2287.87890625,2293.939453125,330785,0.0,0.0
2007-07-20 00:00:00+09:00,2300.0,2333.333251953125,2272.727294921875,2303.0302734375,220424,0.0,0.0
2007-07-23 00:00:00+09:00,2303.0302734375,2315.151611328125,2266.666748046875,2303.0302734375,205496,0.0,0.0
2007-07-24 00:00:00+09:00,2303.0302734375,2336.363525390625,2257.57568359375,2303.0302734375,177038,0.0,0.0
2007-07-25 00:00:00+09:00,2266.666748046875,2330.302978515625,2248.48486328125,2300.0,260804,0.0,0.0
2007-07-26 00:00:00+09:00,2309.0908203125,2312.12109375,2245.45458984375,2245.45458984375,140069,0.0,0.0
2007-07-27 00:00:00+09:00,2181.818115234375,2230.302978515625,2084.848388671875,2084.848388671875,205706,0.0,0.0
2007-07-30 00:00:00+09:00,2130.302978515625,2139.39404296875,2087.87890625,2136.363525390625,60020,0.0,0.0
2007-07-31 00:00:00+09:00,2157.57568359375,2181.818115234375,2115.151611328125,2181.818115234375,164612,0.0,0.0
2007-08-01 00:00:00+09:00,2151.51513671875,2193.939453125,2096.9697265625,2118.181884765625,128006,0.0,0.0
2007-08-02 00:00:00+09:00,2139.39404296875,2139.39404296875,2063.636474609375,2103.0302734375,121226,0.0,0.0
2007-08-03 00:00:00+09:00,2172.727294921875,2172.727294921875,2100.0,2124.242431640625,24887,0.0,0.0
2007-08-06 00:00:00+09:00,2069.697021484375,2112.12109375,2069.697021484375,2090.9091796875,51251,0.0,0.0
2007-08-07 00:00:00+09:00,2093.939453125,2124.242431640625,2036.3636474609375,2063.636474609375,236981,0.0,0.0
2007-08-08 00:00:00+09:00,2054.54541015625,2124.242431640625,2054.54541015625,2106.060546875,51869,0.0,0.0
2007-08-09 00:00:00+09:00,2175.757568359375,2175.757568359375,2066.666748046875,2142.42431640625,142145,0.0,0.0
2007-08-10 00:00:00+09:00,2090.9091796875,2103.0302734375,1981.8182373046875,2015.1514892578125,136268,0.0,0.0
2007-08-13 00:00:00+09:00,2030.302978515625,2030.302978515625,1984.8485107421875,2000.0,110912,0.0,0.0
2007-08-14 00:00:00+09:00,2009.0909423828125,2024.242431640625,1912.1212158203125,1924.242431640625,154688,0.0,0.0
2007-08-16 00:00:00+09:00,1878.787841796875,1903.0302734375,1712.1212158203125,1733.3333740234375,222245,0.0,0.0
2007-08-17 00:00:00+09:00,1703.0302734375,1803.0302734375,1703.0302734375,1709.0909423828125,108389,0.0,0.0
2007-08-20 00:00:00+09:00,1727.272705078125,1860.6060791015625,1727.272705078125,1842.4241943359375,102821,0.0,0.0
2007-08-21 00:00:00+09:00,1842.4241943359375,1878.787841796875,1818.1817626953125,1851.51513671875,120014,0.0,0.0
2007-08-22 00:00:00+09:00,1890.9090576171875,1924.242431640625,1851.51513671875,1906.060546875,44177,0.0,0.0
2007-08-23 00:00:00+09:00,1912.1212158203125,1981.8182373046875,1912.1212158203125,1933.3333740234375,88853,0.0,0.0
2007-08-24 00:00:00+09:00,1939.3939208984375,1939.3939208984375,1881.8182373046875,1906.060546875,42794,0.0,0.0
2007-08-27 00:00:00+09:00,1924.242431640625,1951.51513671875,1884.8485107421875,1884.8485107421875,45863,0.0,0.0
2007-08-28 00:00:00+09:00,1878.787841796875,1906.060546875,1842.4241943359375,1857.5758056640625,125747,0.0,0.0
2007-08-29 00:00:00+09:00,1809.0909423828125,1863.6363525390625,1796.9697265625,1860.6060791015625,79700,0.0,0.0
2007-08-30 00:00:00+09:00,1854.54541015625,1906.060546875,1848.48486328125,1903.0302734375,112619,0.0,0.0
2007-08-31 00:00:00+09:00,1906.060546875,1966.6666259765625,1903.0302734375,1966.6666259765625,131168,0.0,0.0
2007-09-03 00:00:00+09:00,2024.242431640625,2190.9091796875,1984.8485107421875,2130.302978515625,466283,0.0,0.0
2007-09-04 00:00:00+09:00,2151.51513671875,2160.60595703125,2063.636474609375,2106.060546875,99422,0.0,0.0
2007-09-05 00:00:00+09:00,2121.212158203125,2196.9697265625,1984.8485107421875,1984.8485107421875,716810,0.0,0.0
2007-09-06 00:00:00+09:00,1963.6363525390625,2018.1817626953125,1957.5758056640625,2018.1817626953125,195362,0.0,0.0
2007-09-07 00:00:00+09:00,2006.060546875,2030.302978515625,1957.5758056640625,1975.757568359375,158141,0.0,0.0
2007-09-10 00:00:00+09:00,1930.302978515625,1963.6363525390625,1881.8182373046875,1939.3939208984375,112388,0.0,0.0
2007-09-11 00:00:00+09:00,1939.3939208984375,1993.939453125,1918.1817626953125,1975.757568359375,111968,0.0,0.0
2007-09-12 00:00:00+09:00,2015.1514892578125,2015.1514892578125,1948.48486328125,1954.54541015625,113843,0.0,0.0
2007-09-13 00:00:00+09:00,1930.302978515625,1975.757568359375,1915.1514892578125,1975.757568359375,46973,0.0,0.0
2007-09-14 00:00:00+09:00,1996.9697265625,2000.0,1963.6363525390625,1981.8182373046875,54806,0.0,0.0
2007-09-17 00:00:00+09:00,2000.0,2000.0,1945.45458984375,1981.8182373046875,87449,0.0,0.0
2007-09-18 00:00:00+09:00,1945.45458984375,2000.0,1924.242431640625,1951.51513671875,115778,0.0,0.0
2007-09-19 00:00:00+09:00,1978.787841796875,2012.1212158203125,1924.242431640625,1942.4241943359375,76037,0.0,0.0
2007-09-20 00:00:00+09:00,1896.9697265625,1957.5758056640625,1909.0909423828125,1909.0909423828125,129506,0.0,0.0
2007-09-21 00:00:00+09:00,1896.9697265625,1969.697021484375,1884.8485107421875,1909.0909423828125,129506,0.0,0.0
2007-09-27 00:00:00+09:00,1909.0909423828125,1954.54541015625,1909.0909423828125,1954.54541015625,83663,0.0,0.0
2007-09-28 00:00:00+09:00,1969.697021484375,1993.939453125,1948.48486328125,1969.697021484375,156719,0.0,0.0
2007-10-01 00:00:00+09:00,1945.45458984375,2012.1212158203125,1945.45458984375,2000.0,105374,0.0,0.0
2007-10-02 00:00:00+09:00,2030.302978515625,2042.4241943359375,2000.0,2030.302978515625,130880,0.0,0.0
2007-10-04 00:00:00+09:00,2030.302978515625,2069.697021484375,2006.060546875,2039.3939208984375,187097,0.0,0.0
2007-10-05 00:00:00+09:00,2039.3939208984375,2045.45458984375,1984.8485107421875,2036.3636474609375,119417,0.0,0.0
2007-10-08 00:00:00+09:00,2039.3939208984375,2181.818115234375,2036.3636474609375,2148.48486328125,535349,0.0,0.0
2007-10-09 00:00:00+09:00,2181.818115234375,2263.636474609375,2096.9697265625,2130.302978515625,734276,0.0,0.0
2007-10-10 00:00:00+09:00,2212.12109375,2212.12109375,2130.302978515625,2145.45458984375,201743,0.0,0.0
2007-10-11 00:00:00+09:00,2115.151611328125,2148.48486328125,1969.697021484375,2015.1514892578125,345878,0.0,0.0
2007-10-12 00:00:00+09:00,2000.0,2069.697021484375,2000.0,2030.302978515625,137132,0.0,0.0
2007-10-15 00:00:00+09:00,2030.302978515625,2054.54541015625,2009.0909423828125,2045.45458984375,146324,0.0,0.0
2007-10-16 00:00:00+09:00,2045.45458984375,2048.48486328125,1948.48486328125,1990.9090576171875,245762,0.0,0.0
2007-10-17 00:00:00+09:00,1921.212158203125,1975.757568359375,1881.8182373046875,1924.242431640625,209606,0.0,0.0
2007-10-18 00:00:00+09:00,1927.272705078125,1969.697021484375,1893.939453125,1948.48486328125,46991,0.0,0.0
2007-10-19 00:00:00+09:00,1969.697021484375,1969.697021484375,1903.0302734375,1951.51513671875,73409,0.0,0.0
2007-10-22 00:00:00+09:00,1857.5758056640625,1930.302978515625,1836.3636474609375,1930.302978515625,70580,0.0,0.0
2007-10-23 00:00:00+09:00,1933.3333740234375,1936.3636474609375,1893.939453125,1921.212158203125,70877,0.0,0.0
2007-10-24 00:00:00+09:00,1936.3636474609375,1936.3636474609375,1863.6363525390625,1875.757568359375,118283,0.0,0.0
2007-10-25 00:00:00+09:00,1851.51513671875,1906.060546875,1836.3636474609375,1878.787841796875,71429,0.0,0.0
2007-10-26 00:00:00+09:00,1903.0302734375,1903.0302734375,1833.3333740234375,1875.757568359375,67589,0.0,0.0
2007-10-29 00:00:00+09:00,1875.757568359375,1875.757568359375,1836.3636474609375,1872.727294921875,72503,0.0,0.0
2007-10-30 00:00:00+09:00,1872.727294921875,1884.8485107421875,1836.3636474609375,1839.3939208984375,82130,0.0,0.0
2007-10-31 00:00:00+09:00,1839.3939208984375,1872.727294921875,1818.1817626953125,1836.3636474609375,58892,0.0,0.0
2007-11-01 00:00:00+09:00,1818.1817626953125,1845.45458984375,1757.5758056640625,1766.6666259765625,163274,0.0,0.0
2007-11-02 00:00:00+09:00,1751.51513671875,1781.8182373046875,1742.4241943359375,1748.48486328125,80474,0.0,0.0
2007-11-05 00:00:00+09:00,1742.4241943359375,1787.8787841796875,1742.4241943359375,1757.5758056640625,36773,0.0,0.0
2007-11-06 00:00:00+09:00,1757.5758056640625,1909.0909423828125,1751.51513671875,1863.6363525390625,215645,0.0,0.0
2007-11-07 00:00:00+09:00,1854.54541015625,1863.6363525390625,1772.727294921875,1772.727294921875,95627,0.0,0.0
2007-11-08 00:00:00+09:00,1745.45458984375,1781.8182373046875,1730.302978515625,1742.4241943359375,86519,0.0,0.0
2007-11-09 00:00:00+09:00,1793.939453125,1793.939453125,1733.3333740234375,1757.5758056640625,63746,0.0,0.0
2007-11-12 00:00:00+09:00,1757.5758056640625,1772.727294921875,1733.3333740234375,1742.4241943359375,30803,0.0,0.0
2007-11-13 00:00:00+09:00,1727.272705078125,1781.8182373046875,1703.0302734375,1757.5758056640625,23720,0.0,0.0
2007-11-14 00:00:00+09:00,1787.8787841796875,1787.8787841796875,1757.5758056640625,1760.6060791015625,23480,0.0,0.0
2007-11-15 00:00:00+09:00,1781.8182373046875,1803.0302734375,1739.3939208984375,1796.9697265625,57230,0.0,0.0
2007-11-16 00:00:00+09:00,1787.8787841796875,1800.0,1675.757568359375,1751.51513671875,241970,0.0,0.0
2007-11-19 00:00:00+09:00,1751.51513671875,1772.727294921875,1712.1212158203125,1736.3636474609375,69338,0.0,0.0
2007-11-20 00:00:00+09:00,1727.272705078125,1727.272705078125,1678.787841796875,1687.8787841796875,61583,0.0,0.0
2007-11-21 00:00:00+09:00,1684.8485107421875,1721.212158203125,1636.3636474609375,1657.5758056640625,107324,0.0,0.0
2007-11-22 00:00:00+09:00,1669.697021484375,1669.697021484375,1572.727294921875,1642.4241943359375,96776,0.0,0.0
2007-11-23 00:00:00+09:00,1612.1212158203125,1657.5758056640625,1572.727294921875,1606.060546875,111299,0.0,0.0
2007-11-26 00:00:00+09:00,1621.212158203125,1642.4241943359375,1587.8787841796875,1606.060546875,44078,0.0,0.0
2007-11-27 00:00:00+09:00,1575.757568359375,1633.3333740234375,1515.1514892578125,1630.302978515625,64532,0.0,0.0
2007-11-28 00:00:00+09:00,1630.302978515625,1639.3939208984375,1606.060546875,1624.242431640625,24017,0.0,0.0
2007-11-29 00:00:00+09:00,1624.242431640625,1666.6666259765625,1609.0909423828125,1660.6060791015625,42959,0.0,0.0
2007-11-30 00:00:00+09:00,1660.6060791015625,1666.6666259765625,1612.1212158203125,1657.5758056640625,21785,0.0,0.0
2007-12-03 00:00:00+09:00,1657.5758056640625,1678.787841796875,1630.302978515625,1636.3636474609375,55559,0.0,0.0
2007-12-04 00:00:00+09:00,1612.1212158203125,1693.939453125,1612.1212158203125,1660.6060791015625,23564,0.0,0.0
2007-12-05 00:00:00+09:00,1660.6060791015625,1660.6060791015625,1630.302978515625,1654.54541015625,44660,0.0,0.0
2007-12-06 00:00:00+09:00,1663.6363525390625,1681.8182373046875,1630.302978515625,1633.3333740234375,72353,0.0,0.0
2007-12-07 00:00:00+09:00,1636.3636474609375,1709.0909423828125,1621.212158203125,1648.48486328125,177203,0.0,0.0
2007-12-10 00:00:00+09:00,1648.48486328125,1651.51513671875,1584.8485107421875,1639.3939208984375,44078,0.0,0.0
2007-12-11 00:00:00+09:00,1636.3636474609375,1639.3939208984375,1609.0909423828125,1624.242431640625,17159,0.0,0.0
2007-12-12 00:00:00+09:00,1600.0,1618.1817626953125,1587.8787841796875,1615.1514892578125,20813,0.0,0.0
2007-12-13 00:00:00+09:00,1615.1514892578125,1624.242431640625,1584.8485107421875,1584.8485107421875,45086,0.0,0.0
2007-12-14 00:00:00+09:00,1584.8485107421875,1603.0302734375,1548.48486328125,1584.8485107421875,87620,0.0,0.0
2007-12-17 00:00:00+09:00,1560.6060791015625,1600.0,1548.48486328125,1587.8787841796875,105095,0.0,0.0
2007-12-18 00:00:00+09:00,1557.5758056640625,1596.9697265625,1545.45458984375,1566.6666259765625,67409,0.0,0.0
2007-12-20 00:00:00+09:00,1566.6666259765625,1581.8182373046875,1518.1817626953125,1560.6060791015625,71207,0.0,0.0
2007-12-21 00:00:00+09:00,1545.45458984375,1590.9090576171875,1521.212158203125,1590.9090576171875,83450,0.0,0.0
2007-12-24 00:00:00+09:00,1557.5758056640625,1590.9090576171875,1545.45458984375,1587.8787841796875,60017,0.0,0.0
2007-12-26 00:00:00+09:00,1587.8787841796875,1627.272705078125,1566.6666259765625,1627.272705078125,44528,0.0,0.0
2007-12-27 00:00:00+09:00,1630.302978515625,1636.3636474609375,1606.060546875,1633.3333740234375,26267,0.0,0.0
2007-12-28 00:00:00+09:00,1612.1212158203125,1663.6363525390625,1609.0909423828125,1663.6363525390625,39824,0.0,0.0
2008-01-02 00:00:00+09:00,1669.697021484375,1681.8182373046875,1606.060546875,1636.3636474609375,136496,0.0,0.0
2008-01-03 00:00:00+09:00,1642.4241943359375,1645.45458984375,1596.9697265625,1621.212158203125,58817,0.0,0.0
2008-01-04 00:00:00+09:00,1621.212158203125,1639.3939208984375,1618.1817626953125,1636.3636474609375,36944,0.0,0.0
2008-01-07 00:00:00+09:00,1633.3333740234375,1660.6060791015625,1609.0909423828125,1657.5758056640625,72452,0.0,0.0
2008-01-08 00:00:00+09:00,1657.5758056640625,1675.757568359375,1636.3636474609375,1636.3636474609375,22511,0.0,0.0
2008-01-09 00:00:00+09:00,1636.3636474609375,1651.51513671875,1596.9697265625,1606.060546875,86822,0.0,0.0
2008-01-10 00:00:00+09:00,1600.0,1633.3333740234375,1600.0,1612.1212158203125,25463,0.0,0.0
2008-01-11 00:00:00+09:00,1621.212158203125,1636.3636474609375,1593.939453125,1621.212158203125,23930,0.0,0.0
2008-01-14 00:00:00+09:00,1621.212158203125,1621.212158203125,1578.787841796875,1584.8485107421875,41024,0.0,0.0
2008-01-15 00:00:00+09:00,1603.0302734375,1603.0302734375,1560.6060791015625,1563.6363525390625,20678,0.0,0.0
2008-01-16 00:00:00+09:00,1545.45458984375,1642.4241943359375,1533.3333740234375,1587.8787841796875,49010,0.0,0.0
2008-01-17 00:00:00+09:00,1566.6666259765625,1606.060546875,1551.51513671875,1606.060546875,47111,0.0,0.0
2008-01-18 00:00:00+09:00,1554.54541015625,1603.0302734375,1554.54541015625,1575.757568359375,10796,0.0,0.0
2008-01-21 00:00:00+09:00,1563.6363525390625,1615.1514892578125,1560.6060791015625,1593.939453125,18860,0.0,0.0
2008-01-22 00:00:00+09:00,1593.939453125,1624.242431640625,1493.939453125,1515.1514892578125,38240,0.0,0.0
2008-01-23 00:00:00+09:00,1600.0,1600.0,1506.060546875,1515.1514892578125,50069,0.0,0.0
2008-01-24 00:00:00+09:00,1515.1514892578125,1569.697021484375,1501.51513671875,1557.5758056640625,25853,0.0,0.0
2008-01-25 00:00:00+09:00,1557.5758056640625,1584.8485107421875,1551.51513671875,1557.5758056640625,51317,0.0,0.0
2008-01-28 00:00:00+09:00,1557.5758056640625,1557.5758056640625,1533.3333740234375,1548.48486328125,49754,0.0,0.0
2008-01-29 00:00:00+09:00,1557.5758056640625,1557.5758056640625,1513.6363525390625,1513.6363525390625,125243,0.0,0.0
2008-01-30 00:00:00+09:00,1496.9697265625,1557.5758056640625,1448.48486328125,1448.48486328125,46403,0.0,0.0
2008-01-31 00:00:00+09:00,1445.45458984375,1484.8485107421875,1442.4241943359375,1477.272705078125,26507,0.0,0.0
2008-02-01 00:00:00+09:00,1513.6363525390625,1513.6363525390625,1481.8182373046875,1507.5758056640625,16943,0.0,0.0
2008-02-04 00:00:00+09:00,1581.8182373046875,1581.8182373046875,1490.9090576171875,1545.45458984375,38972,0.0,0.0
2008-02-05 00:00:00+09:00,1500.0,1575.757568359375,1500.0,1575.757568359375,22112,0.0,0.0
2008-02-11 00:00:00+09:00,1569.697021484375,1569.697021484375,1533.3333740234375,1539.3939208984375,26219,0.0,0.0
2008-02-12 00:00:00+09:00,1572.727294921875,1572.727294921875,1510.6060791015625,1554.54541015625,29426,0.0,0.0
2008-02-13 00:00:00+09:00,1569.697021484375,1681.8182373046875,1524.242431640625,1600.0,261023,0.0,0.0
2008-02-14 00:00:00+09:00,1621.212158203125,1636.3636474609375,1575.757568359375,1600.0,46208,0.0,0.0
2008-02-15 00:00:00+09:00,1600.0,1630.302978515625,1584.8485107421875,1618.1817626953125,24338,0.0,0.0
2008-02-18 00:00:00+09:00,1618.1817626953125,1733.3333740234375,1618.1817626953125,1660.6060791015625,120023,0.0,0.0
2008-02-19 00:00:00+09:00,1715.1514892578125,1787.8787841796875,1693.939453125,1742.4241943359375,145619,0.0,0.0
2008-02-20 00:00:00+09:00,1763.6363525390625,1763.6363525390625,1715.1514892578125,1715.1514892578125,60875,0.0,0.0
2008-02-21 00:00:00+09:00,1748.48486328125,1772.727294921875,1715.1514892578125,1727.272705078125,35915,0.0,0.0
2008-02-22 00:00:00+09:00,1700.0,1748.48486328125,1696.9697265625,1745.45458984375,44102,0.0,0.0
2008-02-25 00:00:00+09:00,1769.697021484375,1772.727294921875,1724.242431640625,1736.3636474609375,39686,0.0,0.0
2008-02-26 00:00:00+09:00,1727.272705078125,1745.45458984375,1696.9697265625,1721.212158203125,35102,0.0,0.0
2008-02-27 00:00:00+09:00,1727.272705078125,1727.272705078125,1706.060546875,1706.060546875,36125,0.0,0.0
2008-02-28 00:00:00+09:00,1727.272705078125,1727.272705078125,1690.9090576171875,1724.242431640625,37862,0.0,0.0
2008-02-29 00:00:00+09:00,1727.272705078125,1727.272705078125,1696.9697265625,1718.1817626953125,25697,0.0,0.0
2008-03-03 00:00:00+09:00,1718.1817626953125,1718.1817626953125,1681.8182373046875,1709.0909423828125,26063,0.0,0.0
2008-03-04 00:00:00+09:00,1669.697021484375,1712.1212158203125,1669.697021484375,1700.0,36899,0.0,0.0
2008-03-05 00:00:00+09:00,1700.0,1727.272705078125,1696.9697265625,1724.242431640625,37676,0.0,0.0
2008-03-06 00:00:00+09:00,1703.0302734375,1727.272705078125,1703.0302734375,1712.1212158203125,5126,0.0,0.0
2008-03-07 00:00:00+09:00,1696.9697265625,1712.1212158203125,1696.9697265625,1712.1212158203125,22133,0.0,0.0
2008-03-10 00:00:00+09:00,1696.9697265625,1712.1212158203125,1636.3636474609375,1645.45458984375,47606,0.0,0.0
2008-03-11 00:00:00+09:00,1575.757568359375,1693.939453125,1575.757568359375,1627.272705078125,62156,0.0,0.0
2008-03-12 00:00:00+09:00,1633.3333740234375,1696.9697265625,1627.272705078125,1690.9090576171875,102200,0.0,0.0
2008-03-13 00:00:00+09:00,1696.9697265625,1696.9697265625,1657.5758056640625,1657.5758056640625,68441,0.0,0.0
2008-03-14 00:00:00+09:00,1657.5758056640625,1690.9090576171875,1606.060546875,1609.0909423828125,40400,0.0,0.0
2008-03-17 00:00:00+09:00,1548.48486328125,1627.272705078125,1548.48486328125,1596.9697265625,19934,0.0,0.0
2008-03-18 00:00:00+09:00,1560.6060791015625,1627.272705078125,1560.6060791015625,1566.6666259765625,30194,0.0,0.0
2008-03-19 00:00:00+09:00,1566.6666259765625,1618.1817626953125,1566.6666259765625,1566.6666259765625,41744,0.0,0.0
2008-03-20 00:00:00+09:00,1539.3939208984375,1603.0302734375,1539.3939208984375,1587.8787841796875,13265,0.0,0.0
2008-03-21 00:00:00+09:00,1590.9090576171875,1621.212158203125,1590.9090576171875,1612.1212158203125,5828,0.0,0.0
2008-03-24 00:00:00+09:00,1660.6060791015625,1660.6060791015625,1593.939453125,1606.060546875,51926,0.0,0.0
2008-03-25 00:00:00+09:00,1624.242431640625,1675.757568359375,1624.242431640625,1669.697021484375,133280,0.0,0.0
2008-03-26 00:00:00+09:00,1696.9697265625,1712.1212158203125,1636.3636474609375,1681.8182373046875,96476,0.0,0.0
2008-03-27 00:00:00+09:00,1696.9697265625,1696.9697265625,1648.48486328125,1666.6666259765625,1082,0.0,0.0
2008-03-28 00:00:00+09:00,1681.8182373046875,1687.8787841796875,1636.3636474609375,1681.8182373046875,19322,0.0,0.0
2008-03-31 00:00:00+09:00,1696.9697265625,1696.9697265625,1666.6666259765625,1696.9697265625,56447,0.0,0.0
2008-04-01 00:00:00+09:00,1724.242431640625,1724.242431640625,1657.5758056640625,1696.9697265625,45194,0.0,0.0
2008-04-02 00:00:00+09:00,1718.1817626953125,1718.1817626953125,1654.54541015625,1654.54541015625,24179,0.0,0.0
2008-04-03 00:00:00+09:00,1696.9697265625,1696.9697265625,1642.4241943359375,1666.6666259765625,31895,0.0,0.0
2008-04-04 00:00:00+09:00,1709.0909423828125,1709.0909423828125,1651.51513671875,1693.939453125,4472,0.0,0.0
2008-04-07 00:00:00+09:00,1687.8787841796875,1693.939453125,1642.4241943359375,1681.8182373046875,6611,0.0,0.0
2008-04-08 00:00:00+09:00,1690.9090576171875,1690.9090576171875,1630.302978515625,1645.45458984375,11669,0.0,0.0
2008-04-10 00:00:00+09:00,1666.6666259765625,1684.8485107421875,1636.3636474609375,1663.6363525390625,11903,0.0,0.0
2008-04-11 00:00:00+09:00,1666.6666259765625,1666.6666259765625,1630.302978515625,1660.6060791015625,51932,0.0,0.0
2008-04-14 00:00:00+09:00,1654.54541015625,1660.6060791015625,1578.787841796875,1578.787841796875,73007,0.0,0.0
2008-04-15 00:00:00+09:00,1606.060546875,1624.242431640625,1575.757568359375,1621.212158203125,35585,0.0,0.0
2008-04-16 00:00:00+09:00,1603.0302734375,1627.272705078125,1603.0302734375,1621.212158203125,8579,0.0,0.0
2008-04-17 00:00:00+09:00,1554.54541015625,1621.212158203125,1554.54541015625,1581.8182373046875,68990,0.0,0.0
2008-04-18 00:00:00+09:00,1581.8182373046875,1618.1817626953125,1578.787841796875,1618.1817626953125,45122,0.0,0.0
2008-04-21 00:00:00+09:00,1618.1817626953125,1681.8182373046875,1618.1817626953125,1681.8182373046875,72146,0.0,0.0
2008-04-22 00:00:00+09:00,1696.9697265625,1696.9697265625,1645.45458984375,1693.939453125,13601,0.0,0.0
2008-04-23 00:00:00+09:00,1642.4241943359375,1696.9697265625,1636.3636474609375,1693.939453125,46595,0.0,0.0
2008-04-24 00:00:00+09:00,1669.697021484375,1693.939453125,1660.6060791015625,1660.6060791015625,41270,0.0,0.0
2008-04-25 00:00:00+09:00,1654.54541015625,1690.9090576171875,1636.3636474609375,1639.3939208984375,105074,0.0,0.0
2008-04-28 00:00:00+09:00,1648.48486328125,1648.48486328125,1587.8787841796875,1627.272705078125,79532,0.0,0.0
2008-04-29 00:00:00+09:00,1654.54541015625,1663.6363525390625,1615.1514892578125,1618.1817626953125,30959,0.0,0.0
2008-04-30 00:00:00+09:00,1666.6666259765625,1666.6666259765625,1636.3636474609375,1663.6363525390625,16616,0.0,0.0
2008-05-02 00:00:00+09:00,1684.8485107421875,1684.8485107421875,1630.302978515625,1636.3636474609375,24461,0.0,0.0
2008-05-06 00:00:00+09:00,1636.3636474609375,1660.6060791015625,1618.1817626953125,1660.6060791015625,31472,0.0,0.0
2008-05-07 00:00:00+09:00,1654.54541015625,1693.939453125,1630.302978515625,1690.9090576171875,138281,0.0,0.0
2008-05-08 00:00:00+09:00,1666.6666259765625,1696.9697265625,1666.6666259765625,1669.697021484375,73283,0.0,0.0
2008-05-09 00:00:00+09:00,1693.939453125,1703.0302734375,1666.6666259765625,1700.0,43610,0.0,0.0
2008-05-13 00:00:00+09:00,1700.0,1700.0,1672.727294921875,1675.757568359375,31085,0.0,0.0
2008-05-14 00:00:00+09:00,1651.51513671875,1727.272705078125,1651.51513671875,1703.0302734375,58400,0.0,0.0
2008-05-15 00:00:00+09:00,1712.1212158203125,1724.242431640625,1669.697021484375,1693.939453125,24323,0.0,0.0
2008-05-16 00:00:00+09:00,1669.697021484375,1687.8787841796875,1651.51513671875,1660.6060791015625,20600,0.0,0.0
2008-05-19 00:00:00+09:00,1696.9697265625,1696.9697265625,1636.3636474609375,1660.6060791015625,12425,0.0,0.0
2008-05-20 00:00:00+09:00,1636.3636474609375,1660.6060791015625,1593.939453125,1660.6060791015625,57890,0.0,0.0
2008-05-21 00:00:00+09:00,1660.6060791015625,1660.6060791015625,1603.0302734375,1603.0302734375,24611,0.0,0.0
2008-05-22 00:00:00+09:00,1603.0302734375,1615.1514892578125,1578.787841796875,1587.8787841796875,25070,0.0,0.0
2008-05-23 00:00:00+09:00,1581.8182373046875,1603.0302734375,1563.6363525390625,1593.939453125,16502,0.0,0.0
2008-05-26 00:00:00+09:00,1587.8787841796875,1587.8787841796875,1548.48486328125,1557.5758056640625,37397,0.0,0.0
2008-05-27 00:00:00+09:00,1533.3333740234375,1603.0302734375,1530.302978515625,1575.757568359375,37955,0.0,0.0
2008-05-28 00:00:00+09:00,1554.54541015625,1590.9090576171875,1521.212158203125,1530.302978515625,33002,0.0,0.0
2008-05-29 00:00:00+09:00,1545.45458984375,1545.45458984375,1509.0909423828125,1539.3939208984375,11540,0.0,0.0
2008-05-30 00:00:00+09:00,1518.1817626953125,1545.45458984375,1512.1212158203125,1530.302978515625,17369,0.0,0.0
2008-06-02 00:00:00+09:00,1542.4241943359375,1569.697021484375,1480.302978515625,1490.9090576171875,51764,0.0,0.0
2008-06-03 00:00:00+09:00,1472.727294921875,1515.1514892578125,1472.727294921875,1509.0909423828125,12773,0.0,0.0
2008-06-04 00:00:00+09:00,1515.1514892578125,1545.45458984375,1481.8182373046875,1536.3636474609375,7499,0.0,0.0
2008-06-05 00:00:00+09:00,1539.3939208984375,1539.3939208984375,1475.757568359375,1484.8485107421875,19925,0.0,0.0
2008-06-09 00:00:00+09:00,1469.697021484375,1493.939453125,1454.54541015625,1484.8485107421875,4916,0.0,0.0
2008-06-10 00:00:00+09:00,1472.727294921875,1484.8485107421875,1433.3333740234375,1433.3333740234375,20249,0.0,0.0
2008-06-11 00:00:00+09:00,1439.3939208984375,1498.48486328125,1427.272705078125,1442.4241943359375,16646,0.0,0.0
2008-06-12 00:00:00+09:00,1427.272705078125,1454.54541015625,1422.727294921875,1451.51513671875,17198,0.0,0.0
2008-06-13 00:00:00+09:00,1451.51513671875,1484.8485107421875,1436.3636474609375,1448.48486328125,2015,0.0,0.0
2008-06-16 00:00:00+09:00,1469.697021484375,1484.8485107421875,1424.242431640625,1424.242431640625,28445,0.0,0.0
2008-06-17 00:00:00+09:00,1428.787841796875,1428.787841796875,1354.54541015625,1378.787841796875,31853,0.0,0.0
2008-06-18 00:00:00+09:00,1422.727294921875,1422.727294921875,1380.302978515625,1386.3636474609375,2759,0.0,0.0
2008-06-19 00:00:00+09:00,1386.3636474609375,1386.3636474609375,1357.5758056640625,1384.8485107421875,46049,0.0,0.0
2008-06-20 00:00:00+09:00,1384.8485107421875,1393.939453125,1365.1514892578125,1381.8182373046875,4568,0.0,0.0
2008-06-23 00:00:00+09:00,1363.6363525390625,1389.3939208984375,1363.6363525390625,1389.3939208984375,10286,0.0,0.0
2008-06-24 00:00:00+09:00,1403.0302734375,1403.0302734375,1339.3939208984375,1348.48486328125,7022,0.0,0.0
2008-06-25 00:00:00+09:00,1354.54541015625,1393.939453125,1322.727294921875,1360.6060791015625,9611,0.0,0.0
2008-06-26 00:00:00+09:00,1389.3939208984375,1389.3939208984375,1319.697021484375,1327.272705078125,14456,0.0,0.0
2008-06-27 00:00:00+09:00,1303.0302734375,1303.0302734375,1262.1212158203125,1272.727294921875,44852,0.0,0.0
2008-06-30 00:00:00+09:00,1216.6666259765625,1266.6666259765625,1216.6666259765625,1218.1817626953125,85637,0.0,0.0
2008-07-01 00:00:00+09:00,1218.1817626953125,1266.6666259765625,1209.0909423828125,1234.8485107421875,14438,0.0,0.0
2008-07-02 00:00:00+09:00,1251.51513671875,1251.51513671875,1187.8787841796875,1209.0909423828125,12614,0.0,0.0
2008-07-03 00:00:00+09:00,1181.8182373046875,1181.8182373046875,1090.9090576171875,1166.6666259765625,39335,0.0,0.0
2008-07-04 00:00:00+09:00,1175.757568359375,1187.8787841796875,1121.212158203125,1163.6363525390625,28721,0.0,0.0
2008-07-07 00:00:00+09:00,1151.51513671875,1181.8182373046875,1151.51513671875,1175.757568359375,21260,0.0,0.0
2008-07-08 00:00:00+09:00,1175.757568359375,1181.8182373046875,1077.272705078125,1146.9697265625,65642,0.0,0.0
2008-07-09 00:00:00+09:00,1186.3636474609375,1186.3636474609375,1096.9697265625,1096.9697265625,12245,0.0,0.0
2008-07-10 00:00:00+09:00,1148.48486328125,1148.48486328125,1075.757568359375,1125.757568359375,3023,0.0,0.0
2008-07-11 00:00:00+09:00,1166.6666259765625,1166.6666259765625,1100.0,1159.0909423828125,11705,0.0,0.0
2008-07-14 00:00:00+09:00,1137.8787841796875,1178.787841796875,1100.0,1100.0,33812,0.0,0.0
2008-07-15 00:00:00+09:00,1098.48486328125,1104.54541015625,1050.0,1050.0,52790,0.0,0.0
2008-07-16 00:00:00+09:00,1039.3939208984375,1075.757568359375,1027.272705078125,1053.0302734375,58532,0.0,0.0
2008-07-17 00:00:00+09:00,1054.54541015625,1081.8182373046875,1045.45458984375,1081.8182373046875,31019,0.0,0.0
2008-07-18 00:00:00+09:00,1042.4241943359375,1089.3939208984375,1039.3939208984375,1039.3939208984375,19973,0.0,0.0
2008-07-21 00:00:00+09:00,1080.302978515625,1080.302978515625,1021.2120971679688,1042.4241943359375,19871,0.0,0.0
2008-07-22 00:00:00+09:00,1033.3333740234375,1078.787841796875,1033.3333740234375,1054.54541015625,5357,0.0,0.0
2008-07-23 00:00:00+09:00,1054.54541015625,1084.8485107421875,1054.54541015625,1074.242431640625,12473,0.0,0.0
2008-07-24 00:00:00+09:00,1090.9090576171875,1116.6666259765625,1090.9090576171875,1115.1514892578125,53810,0.0,0.0
2008-07-25 00:00:00+09:00,1115.1514892578125,1163.6363525390625,1092.4241943359375,1151.51513671875,29414,0.0,0.0
2008-07-28 00:00:00+09:00,1140.9090576171875,1324.242431640625,1140.9090576171875,1181.8182373046875,185462,0.0,0.0
2008-07-29 00:00:00+09:00,1183.3333740234375,1225.757568359375,1133.3333740234375,1139.3939208984375,29747,0.0,0.0
2008-07-30 00:00:00+09:00,1200.0,1200.0,1134.8485107421875,1145.45458984375,8231,0.0,0.0
2008-07-31 00:00:00+09:00,1136.3636474609375,1196.9697265625,1136.3636474609375,1160.6060791015625,22994,0.0,0.0
2008-08-01 00:00:00+09:00,1148.48486328125,1160.6060791015625,1136.3636474609375,1154.54541015625,16367,0.0,0.0
2008-08-04 00:00:00+09:00,1154.54541015625,1154.54541015625,1116.6666259765625,1154.54541015625,6944,0.0,0.0
2008-08-05 00:00:00+09:00,1154.54541015625,1154.54541015625,1146.9697265625,1151.51513671875,185,0.0,0.0
2008-08-06 00:00:00+09:00,1166.6666259765625,1266.6666259765625,1128.787841796875,1239.3939208984375,33503,0.0,0.0
2008-08-07 00:00:00+09:00,1215.1514892578125,1263.6363525390625,1136.3636474609375,1184.8485107421875,70622,0.0,0.0
2008-08-08 00:00:00+09:00,1181.8182373046875,1181.8182373046875,1139.3939208984375,1171.212158203125,2099,0.0,0.0
2008-08-11 00:00:00+09:00,1163.6363525390625,1180.302978515625,1151.51513671875,1157.5758056640625,4595,0.0,0.0
2008-08-12 00:00:00+09:00,1136.3636474609375,1178.787841796875,1121.212158203125,1172.727294921875,4490,0.0,0.0
2008-08-13 00:00:00+09:00,1190.9090576171875,1190.9090576171875,1151.51513671875,1151.51513671875,914,0.0,0.0
2008-08-14 00:00:00+09:00,1115.1514892578125,1163.6363525390625,1093.939453125,1140.9090576171875,5654,0.0,0.0
2008-08-18 00:00:00+09:00,1118.1817626953125,1163.6363525390625,1118.1817626953125,1162.1212158203125,2816,0.0,0.0
2008-08-19 00:00:00+09:00,1160.6060791015625,1171.212158203125,989.3939208984375,1150.0,29714,0.0,0.0
2008-08-20 00:00:00+09:00,1083.3333740234375,1148.48486328125,1039.3939208984375,1039.3939208984375,34643,0.0,0.0
2008-08-21 00:00:00+09:00,1039.3939208984375,1100.0,1039.3939208984375,1068.1817626953125,4016,0.0,0.0
2008-08-22 00:00:00+09:00,1068.1817626953125,1090.9090576171875,1000.0,1030.302978515625,13532,0.0,0.0
2008-08-25 00:00:00+09:00,1027.272705078125,1151.51513671875,1027.272705078125,1089.3939208984375,9095,0.0,0.0
2008-08-26 00:00:00+09:00,1045.45458984375,1116.6666259765625,1021.2120971679688,1021.2120971679688,43178,0.0,0.0
2008-08-27 00:00:00+09:00,1000.0,1057.5758056640625,969.6969604492188,990.9091186523438,40220,0.0,0.0
2008-08-28 00:00:00+09:00,1028.787841796875,1028.787841796875,984.8485107421875,1022.727294921875,31208,0.0,0.0
2008-08-29 00:00:00+09:00,1045.45458984375,1045.45458984375,1001.51513671875,1021.2120971679688,4211,0.0,0.0
2008-09-01 00:00:00+09:00,909.0908813476562,998.48486328125,909.0908813476562,998.48486328125,31967,0.0,0.0
2008-09-02 00:00:00+09:00,963.6363525390625,1009.0908813476562,878.7879028320312,918.1818237304688,96410,0.0,0.0
2008-09-03 00:00:00+09:00,901.51513671875,992.4242553710938,893.9393920898438,896.9696655273438,30863,0.0,0.0
2008-09-04 00:00:00+09:00,948.48486328125,987.8787841796875,912.1212158203125,951.51513671875,15590,0.0,0.0
2008-09-05 00:00:00+09:00,918.1818237304688,1006.0606079101562,918.1818237304688,984.8485107421875,11771,0.0,0.0
2008-09-08 00:00:00+09:00,1013.6363525390625,1030.302978515625,969.6969604492188,1030.302978515625,10076,0.0,0.0
2008-09-09 00:00:00+09:00,990.9091186523438,1030.302978515625,990.9091186523438,1009.0908813476562,2132,0.0,0.0
2008-09-10 00:00:00+09:00,1042.4241943359375,1042.4241943359375,987.8787841796875,1024.242431640625,26870,0.0,0.0
2008-09-11 00:00:00+09:00,1050.0,1146.9697265625,1024.242431640625,1112.1212158203125,32306,0.0,0.0
2008-09-12 00:00:00+09:00,1106.060546875,1151.51513671875,1054.54541015625,1074.242431640625,25619,0.0,0.0
2008-09-16 00:00:00+09:00,1028.787841796875,1028.787841796875,963.6363525390625,1003.0302734375,11252,0.0,0.0
2008-09-17 00:00:00+09:00,1013.6363525390625,1027.272705078125,969.6969604492188,989.3939208984375,33494,0.0,0.0
2008-09-18 00:00:00+09:00,962.1212158203125,980.3030395507812,921.2120971679688,951.51513671875,19793,0.0,0.0
2008-09-19 00:00:00+09:00,957.5757446289062,1057.5758056640625,951.51513671875,993.9393920898438,28328,0.0,0.0
2008-09-22 00:00:00+09:00,993.9393920898438,1042.4241943359375,909.0908813476562,1018.1818237304688,11591,0.0,0.0
2008-09-23 00:00:00+09:00,1013.6363525390625,1034.8485107421875,948.48486328125,986.3636474609375,37382,0.0,0.0
2008-09-24 00:00:00+09:00,984.8485107421875,1024.242431640625,950.0,968.1818237304688,8924,0.0,0.0
2008-09-25 00:00:00+09:00,969.6969604492188,1007.5757446289062,951.51513671875,980.3030395507812,11297,0.0,0.0
2008-09-26 00:00:00+09:00,980.3030395507812,1009.0908813476562,918.1818237304688,939.3939208984375,18944,0.0,0.0
2008-09-29 00:00:00+09:00,993.9393920898438,1030.302978515625,933.3333129882812,940.9091186523438,34760,0.0,0.0
2008-09-30 00:00:00+09:00,933.3333129882812,957.5757446289062,893.9393920898438,957.5757446289062,22376,0.0,0.0
2008-10-01 00:00:00+09:00,1001.51513671875,1001.51513671875,987.8787841796875,998.48486328125,35,0.0,0.0
2008-10-02 00:00:00+09:00,969.6969604492188,993.9393920898438,930.3030395507812,993.9393920898438,19442,0.0,0.0
2008-10-06 00:00:00+09:00,954.5454711914062,984.8485107421875,939.3939208984375,984.8485107421875,10313,0.0,0.0
2008-10-07 00:00:00+09:00,940.9091186523438,984.8485107421875,909.0908813476562,984.8485107421875,22472,0.0,0.0
2008-10-08 00:00:00+09:00,919.6969604492188,981.8181762695312,909.0908813476562,948.48486328125,6515,0.0,0.0
2008-10-09 00:00:00+09:00,919.6969604492188,974.242431640625,878.7879028320312,943.9393920898438,6515,0.0,0.0
2008-10-10 00:00:00+09:00,969.6969604492188,969.6969604492188,863.6363525390625,912.1212158203125,41798,0.0,0.0
2008-10-13 00:00:00+09:00,878.7879028320312,953.0302734375,866.6666870117188,953.0302734375,23270,0.0,0.0
2008-10-14 00:00:00+09:00,953.0302734375,966.6666870117188,912.1212158203125,940.9091186523438,78245,0.0,0.0
2008-10-15 00:00:00+09:00,953.0302734375,963.6363525390625,915.1514892578125,950.0,44261,0.0,0.0
2008-10-16 00:00:00+09:00,909.0908813476562,924.242431640625,863.6363525390625,863.6363525390625,35444,0.0,0.0
2008-10-17 00:00:00+09:00,910.6060791015625,910.6060791015625,836.3636474609375,886.3636474609375,2804,0.0,0.0
2008-10-20 00:00:00+09:00,909.0908813476562,909.0908813476562,848.48486328125,851.51513671875,1886,0.0,0.0
2008-10-21 00:00:00+09:00,904.5454711914062,904.5454711914062,821.2120971679688,853.0302734375,5063,0.0,0.0
2008-10-22 00:00:00+09:00,836.3636474609375,853.0302734375,821.2120971679688,848.48486328125,7448,0.0,0.0
2008-10-23 00:00:00+09:00,698.48486328125,815.1514892578125,742.4242553710938,751.51513671875,78830,0.0,0.0
2008-10-24 00:00:00+09:00,698.48486328125,748.48486328125,639.3939208984375,639.3939208984375,78830,0.0,0.0
2008-10-27 00:00:00+09:00,546.9696655273438,628.7879028320312,543.9393920898438,600.0,33683,0.0,0.0
2008-10-28 00:00:00+09:00,521.2120971679688,604.5454711914062,521.2120971679688,603.0302734375,21758,0.0,0.0
2008-10-29 00:00:00+09:00,634.8485107421875,634.8485107421875,533.3333129882812,545.4545288085938,58976,0.0,0.0
2008-10-30 00:00:00+09:00,575.757568359375,627.272705078125,554.5454711914062,627.272705078125,40436,0.0,0.0
2008-10-31 00:00:00+09:00,651.51513671875,651.51513671875,609.0908813476562,636.3636474609375,32651,0.0,0.0
2008-11-03 00:00:00+09:00,663.6363525390625,696.9696655273438,613.6363525390625,696.9696655273438,41804,0.0,0.0
2008-11-04 00:00:00+09:00,750.0,750.0,684.8485107421875,687.8787841796875,10928,0.0,0.0
2008-11-05 00:00:00+09:00,687.8787841796875,740.9091186523438,687.8787841796875,698.48486328125,50777,0.0,0.0
2008-11-06 00:00:00+09:00,607.5757446289062,718.1818237304688,593.9393920898438,646.9696655273438,22946,0.0,0.0
2008-11-07 00:00:00+09:00,645.4545288085938,706.0606079101562,645.4545288085938,666.6666870117188,11948,0.0,0.0
2008-11-10 00:00:00+09:00,642.4242553710938,695.4545288085938,636.3636474609375,695.4545288085938,30782,0.0,0.0
2008-11-11 00:00:00+09:00,669.6969604492188,709.0908813476562,669.6969604492188,709.0908813476562,2210,0.0,0.0
2008-11-12 00:00:00+09:00,709.0908813476562,709.0908813476562,662.1212158203125,704.5454711914062,2645,0.0,0.0
2008-11-13 00:00:00+09:00,636.3636474609375,678.7879028320312,636.3636474609375,665.1514892578125,6011,0.0,0.0
2008-11-14 00:00:00+09:00,701.51513671875,701.51513671875,596.9696655273438,606.0606079101562,66461,0.0,0.0
2008-11-17 00:00:00+09:00,592.4242553710938,659.0908813476562,577.272705078125,634.8485107421875,39227,0.0,0.0
2008-11-18 00:00:00+09:00,583.3333129882812,634.8485107421875,583.3333129882812,618.1818237304688,287,0.0,0.0
2008-11-19 00:00:00+09:00,621.2120971679688,621.2120971679688,575.757568359375,616.6666870117188,2822,0.0,0.0
2008-11-20 00:00:00+09:00,596.9696655273438,607.5757446289062,540.9091186523438,540.9091186523438,24653,0.0,0.0
2008-11-21 00:00:00+09:00,516.6666870117188,603.0302734375,504.5454406738281,572.727294921875,25685,0.0,0.0
2008-11-24 00:00:00+09:00,575.757568359375,575.757568359375,536.3636474609375,575.757568359375,9095,0.0,0.0
2008-11-25 00:00:00+09:00,575.757568359375,600.0,533.3333129882812,533.3333129882812,28022,0.0,0.0
2008-11-26 00:00:00+09:00,590.9091186523438,590.9091186523438,515.1514892578125,568.1818237304688,14108,0.0,0.0
2008-11-27 00:00:00+09:00,560.6060791015625,577.272705078125,534.8485107421875,566.6666870117188,21584,0.0,0.0
2008-11-28 00:00:00+09:00,566.6666870117188,603.0302734375,545.4545288085938,566.6666870117188,18827,0.0,0.0
2008-12-01 00:00:00+09:00,601.51513671875,601.51513671875,542.4242553710938,577.272705078125,75338,0.0,0.0
2008-12-02 00:00:00+09:00,562.1212158203125,562.1212158203125,531.8181762695312,559.0908813476562,10775,0.0,0.0
2008-12-03 00:00:00+09:00,566.6666870117188,596.9696655273438,566.6666870117188,595.4545288085938,11042,0.0,0.0
2008-12-04 00:00:00+09:00,575.757568359375,581.8181762695312,551.51513671875,551.51513671875,18155,0.0,0.0
2008-12-05 00:00:00+09:00,569.6969604492188,569.6969604492188,568.1818237304688,568.1818237304688,1088,0.0,0.0
2008-12-08 00:00:00+09:00,568.1818237304688,606.0606079101562,551.51513671875,598.48486328125,12389,0.0,0.0
2008-12-09 00:00:00+09:00,598.48486328125,621.2120971679688,575.757568359375,590.9091186523438,9812,0.0,0.0
2008-12-10 00:00:00+09:00,590.9091186523438,596.9696655273438,572.727294921875,577.272705078125,15503,0.0,0.0
2008-12-11 00:00:00+09:00,575.757568359375,593.9393920898438,571.2120971679688,578.7879028320312,10001,0.0,0.0
2008-12-12 00:00:00+09:00,596.9696655273438,590.9091186523438,566.6666870117188,586.3636474609375,45743,0.0,0.0
2008-12-15 00:00:00+09:00,596.9696655273438,625.757568359375,586.3636474609375,622.727294921875,45743,0.0,0.0
2008-12-16 00:00:00+09:00,642.4242553710938,642.4242553710938,587.8787841796875,633.3333129882812,20714,0.0,0.0
2008-12-17 00:00:00+09:00,634.8485107421875,654.5454711914062,612.1212158203125,636.3636474609375,38162,0.0,0.0
2008-12-18 00:00:00+09:00,636.3636474609375,666.6666870117188,609.0908813476562,665.1514892578125,20081,0.0,0.0
2008-12-19 00:00:00+09:00,665.1514892578125,727.272705078125,651.51513671875,727.272705078125,41450,0.0,0.0
2008-12-22 00:00:00+09:00,772.727294921875,803.0302734375,710.6060791015625,769.6969604492188,53771,0.0,0.0
2008-12-23 00:00:00+09:00,742.4242553710938,790.9091186523438,742.4242553710938,778.7879028320312,11567,0.0,0.0
2008-12-24 00:00:00+09:00,778.7879028320312,778.7879028320312,740.9091186523438,778.7879028320312,4886,0.0,0.0
2008-12-26 00:00:00+09:00,809.0908813476562,809.0908813476562,745.4545288085938,803.0302734375,1709,0.0,0.0
2008-12-29 00:00:00+09:00,821.2120971679688,821.2120971679688,818.1818237304688,818.1818237304688,12374,0.0,0.0
2008-12-30 00:00:00+09:00,815.1514892578125,815.1514892578125,778.7879028320312,801.51513671875,3875,0.0,0.0
2009-01-02 00:00:00+09:00,757.5757446289062,806.0606079101562,757.5757446289062,806.0606079101562,82238,0.0,0.0
2009-01-05 00:00:00+09:00,840.9091186523438,840.9091186523438,806.0606079101562,818.1818237304688,19784,0.0,0.0
2009-01-06 00:00:00+09:00,834.8485107421875,834.8485107421875,806.0606079101562,815.1514892578125,23660,0.0,0.0
2009-01-07 00:00:00+09:00,846.9696655273438,846.9696655273438,806.0606079101562,831.8181762695312,22460,0.0,0.0
2009-01-08 00:00:00+09:00,831.8181762695312,839.3939208984375,787.8787841796875,839.3939208984375,3740,0.0,0.0
2009-01-09 00:00:00+09:00,839.3939208984375,839.3939208984375,807.5757446289062,809.0908813476562,5831,0.0,0.0
2009-01-12 00:00:00+09:00,818.1818237304688,846.9696655273438,757.5757446289062,800.0,14099,0.0,0.0
2009-01-13 00:00:00+09:00,798.48486328125,798.48486328125,743.9393920898438,792.4242553710938,10382,0.0,0.0
2009-01-14 00:00:00+09:00,796.9696655273438,816.6666870117188,772.727294921875,784.8485107421875,14537,0.0,0.0
2009-01-15 00:00:00+09:00,806.0606079101562,806.0606079101562,730.3030395507812,783.3333129882812,13169,0.0,0.0
2009-01-16 00:00:00+09:00,733.3333129882812,790.9091186523438,733.3333129882812,789.3939208984375,3044,0.0,0.0
2009-01-19 00:00:00+09:00,730.3030395507812,787.8787841796875,730.3030395507812,784.8485107421875,770,0.0,0.0
2009-01-20 00:00:00+09:00,816.6666870117188,816.6666870117188,740.9091186523438,815.1514892578125,23192,0.0,0.0
2009-01-21 00:00:00+09:00,848.48486328125,848.48486328125,760.6060791015625,813.6363525390625,1655,0.0,0.0
2009-01-22 00:00:00+09:00,836.3636474609375,848.48486328125,813.6363525390625,848.48486328125,39500,0.0,0.0
2009-01-23 00:00:00+09:00,860.6060791015625,860.6060791015625,796.9696655273438,860.6060791015625,8399,0.0,0.0
2009-01-28 00:00:00+09:00,868.1818237304688,896.9696655273438,824.242431640625,893.9393920898438,8540,0.0,0.0
2009-01-29 00:00:00+09:00,893.9393920898438,893.9393920898438,833.3333129882812,875.757568359375,5264,0.0,0.0
2009-01-30 00:00:00+09:00,796.9696655273438,869.6969604492188,796.9696655273438,868.1818237304688,20468,0.0,0.0
2009-02-02 00:00:00+09:00,895.4545288085938,895.4545288085938,848.48486328125,890.9091186523438,15248,0.0,0.0
2009-02-03 00:00:00+09:00,878.7879028320312,907.5757446289062,842.4242553710938,893.9393920898438,27911,0.0,0.0
2009-02-04 00:00:00+09:00,893.9393920898438,969.6969604492188,893.9393920898438,969.6969604492188,59525,0.0,0.0
2009-02-05 00:00:00+09:00,968.1818237304688,1000.0,930.3030395507812,998.48486328125,13628,0.0,0.0
2009-02-06 00:00:00+09:00,1028.787841796875,1051.51513671875,946.9696655273438,1027.272705078125,70787,0.0,0.0
2009-02-09 00:00:00+09:00,1042.4241943359375,1075.757568359375,1004.5454711914062,1051.51513671875,6110,0.0,0.0
2009-02-10 00:00:00+09:00,1003.0302734375,1071.212158203125,1000.0,1068.1817626953125,6773,0.0,0.0
2009-02-11 00:00:00+09:00,1045.45458984375,1068.1817626953125,1013.6363525390625,1068.1817626953125,14237,0.0,0.0
2009-02-12 00:00:00+09:00,1031.8182373046875,1087.8787841796875,1031.8182373046875,1086.3636474609375,8693,0.0,0.0
2009-02-13 00:00:00+09:00,1096.9697265625,1116.6666259765625,1071.212158203125,1090.9090576171875,1559,0.0,0.0
2009-02-16 00:00:00+09:00,1068.1817626953125,1119.697021484375,1030.302978515625,1056.060546875,38174,0.0,0.0
2009-02-17 00:00:00+09:00,1059.0909423828125,1059.0909423828125,968.1818237304688,993.9393920898438,14321,0.0,0.0
2009-02-18 00:00:00+09:00,990.9091186523438,1051.51513671875,962.1212158203125,1022.727294921875,620,0.0,0.0
2009-02-19 00:00:00+09:00,1028.787841796875,1045.45458984375,1021.2120971679688,1030.302978515625,51644,0.0,0.0
2009-02-20 00:00:00+09:00,983.3333129882812,1022.727294921875,913.6363525390625,989.3939208984375,4856,0.0,0.0
2009-02-23 00:00:00+09:00,915.1514892578125,984.8485107421875,909.0908813476562,969.6969604492188,13676,0.0,0.0
2009-02-24 00:00:00+09:00,881.8181762695312,1037.8787841796875,881.8181762695312,954.5454711914062,1070,0.0,0.0
2009-02-25 00:00:00+09:00,1042.4241943359375,1042.4241943359375,909.0908813476562,1012.1212158203125,581,0.0,0.0
2009-02-26 00:00:00+09:00,1037.8787841796875,1037.8787841796875,939.3939208984375,968.1818237304688,4364,0.0,0.0
2009-02-27 00:00:00+09:00,968.1818237304688,1025.757568359375,919.6969604492188,1021.2120971679688,25304,0.0,0.0
2009-03-02 00:00:00+09:00,942.4242553710938,968.1818237304688,910.6060791015625,922.727294921875,24320,0.0,0.0
2009-03-03 00:00:00+09:00,980.3030395507812,980.3030395507812,880.3030395507812,962.1212158203125,116,0.0,0.0
2009-03-04 00:00:00+09:00,900.0,953.0302734375,900.0,939.3939208984375,974,0.0,0.0
2009-03-05 00:00:00+09:00,939.3939208984375,1000.0,934.8485107421875,1000.0,9854,0.0,0.0
2009-03-06 00:00:00+09:00,939.3939208984375,1028.787841796875,939.3939208984375,1000.0,6311,0.0,0.0
2009-03-09 00:00:00+09:00,1039.3939208984375,1039.3939208984375,942.4242553710938,1007.5757446289062,197,0.0,0.0
2009-03-10 00:00:00+09:00,977.272705078125,977.272705078125,924.242431640625,968.1818237304688,377,0.0,0.0
2009-03-11 00:00:00+09:00,1012.1212158203125,1012.1212158203125,909.0908813476562,943.9393920898438,6962,0.0,0.0
2009-03-12 00:00:00+09:00,937.8787841796875,951.51513671875,903.0302734375,927.272705078125,8483,0.0,0.0
2009-03-13 00:00:00+09:00,909.0908813476562,924.242431640625,878.7879028320312,881.8181762695312,11987,0.0,0.0
2009-03-16 00:00:00+09:00,901.51513671875,931.8181762695312,877.272705078125,916.6666870117188,6488,0.0,0.0
2009-03-17 00:00:00+09:00,916.6666870117188,916.6666870117188,866.6666870117188,909.0908813476562,1508,0.0,0.0
2009-03-18 00:00:00+09:00,904.5454711914062,906.0606079101562,878.7879028320312,903.0302734375,2135,0.0,0.0
2009-03-19 00:00:00+09:00,965.1514892578125,965.1514892578125,866.6666870117188,931.8181762695312,287,0.0,0.0
2009-03-20 00:00:00+09:00,940.9091186523438,940.9091186523438,871.2120971679688,924.242431640625,6680,0.0,0.0
2009-03-23 00:00:00+09:00,960.6060791015625,960.6060791015625,866.6666870117188,866.6666870117188,11288,0.0,0.0
2009-03-24 00:00:00+09:00,954.5454711914062,954.5454711914062,872.727294921875,904.5454711914062,2186,0.0,0.0
2009-03-25 00:00:00+09:00,871.2120971679688,936.3636474609375,871.2120971679688,906.0606079101562,797,0.0,0.0
2009-03-26 00:00:00+09:00,931.8181762695312,931.8181762695312,878.7879028320312,907.5757446289062,3386,0.0,0.0
2009-03-27 00:00:00+09:00,907.5757446289062,939.3939208984375,869.6969604492188,933.3333129882812,5108,0.0,0.0
2009-03-30 00:00:00+09:00,915.1514892578125,943.9393920898438,878.7879028320312,921.2120971679688,3749,0.0,0.0
2009-03-31 00:00:00+09:00,915.1514892578125,915.1514892578125,863.6363525390625,893.9393920898438,5213,0.0,0.0
2009-04-01 00:00:00+09:00,893.9393920898438,907.5757446289062,881.8181762695312,904.5454711914062,311,0.0,0.0
2009-04-02 00:00:00+09:00,922.727294921875,922.727294921875,869.6969604492188,906.0606079101562,338,0.0,0.0
2009-04-03 00:00:00+09:00,933.3333129882812,933.3333129882812,872.727294921875,906.0606079101562,12821,0.0,0.0
2009-04-06 00:00:00+09:00,909.0908813476562,936.3636474609375,881.8181762695312,919.6969604492188,5768,0.0,0.0
2009-04-07 00:00:00+09:00,946.9696655273438,946.9696655273438,883.3333129882812,945.4545288085938,37832,0.0,0.0
2009-04-08 00:00:00+09:00,945.4545288085938,968.1818237304688,884.8485107421875,922.727294921875,41672,0.0,0.0
2009-04-09 00:00:00+09:00,896.9696655273438,984.8485107421875,896.9696655273438,983.3333129882812,82976,0.0,0.0
2009-04-10 00:00:00+09:00,984.8485107421875,1003.0302734375,916.6666870117188,950.0,21650,0.0,0.0
2009-04-13 00:00:00+09:00,968.1818237304688,1007.5757446289062,948.48486328125,996.9696655273438,26780,0.0,0.0
2009-04-14 00:00:00+09:00,972.727294921875,1030.302978515625,972.727294921875,1030.302978515625,16679,0.0,0.0
2009-04-15 00:00:00+09:00,989.3939208984375,1054.54541015625,989.3939208984375,1039.3939208984375,6089,0.0,0.0
2009-04-16 00:00:00+09:00,1072.727294921875,1074.242431640625,1030.302978515625,1071.212158203125,17933,0.0,0.0
2009-04-17 00:00:00+09:00,1071.212158203125,1075.757568359375,1060.6060791015625,1060.6060791015625,2060,0.0,0.0
2009-04-20 00:00:00+09:00,1083.3333740234375,1083.3333740234375,1004.5454711914062,1081.8182373046875,12683,0.0,0.0
2009-04-21 00:00:00+09:00,1000.0,1060.6060791015625,1000.0,1057.5758056640625,19922,0.0,0.0
2009-04-22 00:00:00+09:00,1045.45458984375,1080.302978515625,1003.0302734375,1060.6060791015625,22967,0.0,0.0
2009-04-23 00:00:00+09:00,1045.45458984375,1112.1212158203125,1010.6060791015625,1112.1212158203125,22043,0.0,0.0
2009-04-24 00:00:00+09:00,1119.697021484375,1121.212158203125,1062.1212158203125,1101.51513671875,3539,0.0,0.0
2009-04-27 00:00:00+09:00,1063.6363525390625,1087.8787841796875,1056.060546875,1083.3333740234375,3014,0.0,0.0
2009-04-28 00:00:00+09:00,1084.8485107421875,1084.8485107421875,939.3939208984375,939.3939208984375,10016,0.0,0.0
2009-04-29 00:00:00+09:00,1022.727294921875,1022.727294921875,1000.0,1007.5757446289062,3059,0.0,0.0
2009-04-30 00:00:00+09:00,1075.757568359375,1075.757568359375,987.8787841796875,993.9393920898438,7004,0.0,0.0
2009-05-04 00:00:00+09:00,1000.0,1054.54541015625,981.8181762695312,1000.0,31901,0.0,0.0
2009-05-06 00:00:00+09:00,1000.0,1027.272705078125,998.48486328125,1021.2120971679688,7943,0.0,0.0
2009-05-07 00:00:00+09:00,1071.212158203125,1071.212158203125,1006.0606079101562,1054.54541015625,3845,0.0,0.0
2009-05-08 00:00:00+09:00,1006.0606079101562,1060.6060791015625,1003.0302734375,1060.6060791015625,14666,0.0,0.0
2009-05-11 00:00:00+09:00,1075.757568359375,1075.757568359375,984.8485107421875,1045.45458984375,29834,0.0,0.0
2009-05-12 00:00:00+09:00,1001.51513671875,1022.727294921875,986.3636474609375,990.9091186523438,19505,0.0,0.0
2009-05-13 00:00:00+09:00,1013.6363525390625,1043.939453125,984.8485107421875,1021.2120971679688,8078,0.0,0.0
2009-05-14 00:00:00+09:00,1071.212158203125,1071.212158203125,1016.6666870117188,1030.302978515625,12344,0.0,0.0
2009-05-15 00:00:00+09:00,1012.1212158203125,1075.757568359375,1000.0,1074.242431640625,50252,0.0,0.0
2009-05-18 00:00:00+09:00,1033.3333740234375,1083.3333740234375,1028.787841796875,1072.727294921875,13766,0.0,0.0
2009-05-19 00:00:00+09:00,1083.3333740234375,1083.3333740234375,1033.3333740234375,1078.787841796875,12209,0.0,0.0
2009-05-20 00:00:00+09:00,1083.3333740234375,1083.3333740234375,1048.48486328125,1054.54541015625,16244,0.0,0.0
2009-05-21 00:00:00+09:00,1056.060546875,1056.060546875,1037.8787841796875,1037.8787841796875,2582,0.0,0.0
2009-05-22 00:00:00+09:00,1025.757568359375,1057.5758056640625,1001.51513671875,1019.6969604492188,17045,0.0,0.0
2009-05-25 00:00:00+09:00,1081.8182373046875,1081.8182373046875,972.727294921875,1019.6969604492188,11426,0.0,0.0
2009-05-26 00:00:00+09:00,1000.0,1045.45458984375,969.6969604492188,981.8181762695312,24281,0.0,0.0
2009-05-27 00:00:00+09:00,990.9091186523438,1015.1514892578125,959.0908813476562,1009.0908813476562,42761,0.0,0.0
2009-05-28 00:00:00+09:00,986.3636474609375,1012.1212158203125,975.757568359375,1007.5757446289062,1994,0.0,0.0
2009-05-29 00:00:00+09:00,1006.0606079101562,1027.272705078125,984.8485107421875,1027.272705078125,6329,0.0,0.0
2009-06-01 00:00:00+09:00,1022.727294921875,1022.727294921875,984.8485107421875,987.8787841796875,12062,0.0,0.0
2009-06-02 00:00:00+09:00,1013.6363525390625,1013.6363525390625,978.7879028320312,990.9091186523438,1904,0.0,0.0
2009-06-03 00:00:00+09:00,990.9091186523438,1006.0606079101562,971.2120971679688,1000.0,18116,0.0,0.0
2009-06-04 00:00:00+09:00,1069.697021484375,1069.697021484375,975.757568359375,1021.2120971679688,5453,0.0,0.0
2009-06-05 00:00:00+09:00,1021.2120971679688,1021.2120971679688,986.3636474609375,1006.0606079101562,5438,0.0,0.0
2009-06-08 00:00:00+09:00,1006.0606079101562,1051.51513671875,1006.0606079101562,1030.302978515625,8717,0.0,0.0
2009-06-09 00:00:00+09:00,1030.302978515625,1030.302978515625,975.757568359375,1016.6666870117188,8306,0.0,0.0
2009-06-10 00:00:00+09:00,1001.51513671875,1015.1514892578125,978.7879028320312,989.3939208984375,19040,0.0,0.0
2009-06-11 00:00:00+09:00,989.3939208984375,1057.5758056640625,969.6969604492188,993.9393920898438,12638,0.0,0.0
2009-06-12 00:00:00+09:00,1022.727294921875,1022.727294921875,971.2120971679688,993.9393920898438,4043,0.0,0.0
2009-06-15 00:00:00+09:00,998.48486328125,1015.1514892578125,990.9091186523438,1000.0,4634,0.0,0.0
2009-06-16 00:00:00+09:00,972.727294921875,1060.6060791015625,972.727294921875,1003.0302734375,9494,0.0,0.0
2009-06-17 00:00:00+09:00,998.48486328125,1000.0,884.8485107421875,942.4242553710938,16829,0.0,0.0
2009-06-18 00:00:00+09:00,942.4242553710938,969.6969604492188,933.3333129882812,966.6666870117188,19505,0.0,0.0
2009-06-19 00:00:00+09:00,969.6969604492188,969.6969604492188,924.242431640625,954.5454711914062,3317,0.0,0.0
2009-06-22 00:00:00+09:00,963.6363525390625,996.9696655273438,957.5757446289062,960.6060791015625,4835,0.0,0.0
2009-06-23 00:00:00+09:00,910.6060791015625,987.8787841796875,910.6060791015625,936.3636474609375,6038,0.0,0.0
2009-06-24 00:00:00+09:00,910.6060791015625,933.3333129882812,909.0908813476562,933.3333129882812,4634,0.0,0.0
2009-06-25 00:00:00+09:00,921.2120971679688,921.2120971679688,890.9091186523438,890.9091186523438,24467,0.0,0.0
2009-06-26 00:00:00+09:00,901.51513671875,904.5454711914062,878.7879028320312,904.5454711914062,10700,0.0,0.0
2009-06-29 00:00:00+09:00,880.3030395507812,907.5757446289062,880.3030395507812,893.9393920898438,1874,0.0,0.0
2009-06-30 00:00:00+09:00,878.7879028320312,906.0606079101562,878.7879028320312,887.8787841796875,5531,0.0,0.0
2009-07-01 00:00:00+09:00,892.4242553710938,919.6969604492188,892.4242553710938,919.6969604492188,21785,0.0,0.0
2009-07-02 00:00:00+09:00,919.6969604492188,919.6969604492188,903.0302734375,915.1514892578125,1022,0.0,0.0
2009-07-03 00:00:00+09:00,893.9393920898438,909.0908813476562,881.8181762695312,909.0908813476562,17879,0.0,0.0
2009-07-06 00:00:00+09:00,887.8787841796875,939.3939208984375,887.8787841796875,936.3636474609375,12311,0.0,0.0
2009-07-07 00:00:00+09:00,936.3636474609375,968.1818237304688,889.3939208984375,957.5757446289062,4931,0.0,0.0
2009-07-08 00:00:00+09:00,939.3939208984375,965.1514892578125,937.8787841796875,965.1514892578125,3194,0.0,0.0
2009-07-09 00:00:00+09:00,962.1212158203125,962.1212158203125,925.757568359375,933.3333129882812,13307,0.0,0.0
2009-07-10 00:00:00+09:00,939.3939208984375,963.6363525390625,919.6969604492188,954.5454711914062,19514,0.0,0.0
2009-07-13 00:00:00+09:00,921.2120971679688,925.757568359375,909.0908813476562,910.6060791015625,12902,0.0,0.0
2009-07-14 00:00:00+09:00,893.9393920898438,931.8181762695312,893.9393920898438,921.2120971679688,1901,0.0,0.0
2009-07-15 00:00:00+09:00,936.3636474609375,936.3636474609375,900.0,925.757568359375,20648,0.0,0.0
2009-07-16 00:00:00+09:00,939.3939208984375,939.3939208984375,909.0908813476562,909.0908813476562,23594,0.0,0.0
2009-07-17 00:00:00+09:00,900.0,939.3939208984375,889.3939208984375,939.3939208984375,9398,0.0,0.0
2009-07-20 00:00:00+09:00,936.3636474609375,980.3030395507812,912.1212158203125,957.5757446289062,16046,0.0,0.0
2009-07-21 00:00:00+09:00,957.5757446289062,957.5757446289062,903.0302734375,918.1818237304688,26306,0.0,0.0
2009-07-22 00:00:00+09:00,945.4545288085938,1015.1514892578125,913.6363525390625,956.0606079101562,209168,0.0,0.0
2009-07-23 00:00:00+09:00,951.51513671875,969.6969604492188,919.6969604492188,933.3333129882812,17735,0.0,0.0
2009-07-24 00:00:00+09:00,990.9091186523438,990.9091186523438,912.1212158203125,939.3939208984375,46349,0.0,0.0
2009-07-27 00:00:00+09:00,948.48486328125,963.6363525390625,921.2120971679688,933.3333129882812,25013,0.0,0.0
2009-07-28 00:00:00+09:00,933.3333129882812,966.6666870117188,925.757568359375,939.3939208984375,46709,0.0,0.0
2009-07-29 00:00:00+09:00,948.48486328125,960.6060791015625,939.3939208984375,946.9696655273438,28676,0.0,0.0
2009-07-30 00:00:00+09:00,937.8787841796875,965.1514892578125,930.3030395507812,951.51513671875,13001,0.0,0.0
2009-07-31 00:00:00+09:00,951.51513671875,977.272705078125,951.51513671875,960.6060791015625,23309,0.0,0.0
2009-08-03 00:00:00+09:00,942.4242553710938,957.5757446289062,939.3939208984375,945.4545288085938,13655,0.0,0.0
2009-08-04 00:00:00+09:00,969.6969604492188,978.7879028320312,948.48486328125,953.0302734375,35066,0.0,0.0
2009-08-05 00:00:00+09:00,945.4545288085938,972.727294921875,930.3030395507812,948.48486328125,19148,0.0,0.0
2009-08-06 00:00:00+09:00,942.4242553710938,945.4545288085938,933.3333129882812,945.4545288085938,36860,0.0,0.0
2009-08-07 00:00:00+09:00,945.4545288085938,1010.6060791015625,945.4545288085938,984.8485107421875,77525,0.0,0.0
2009-08-10 00:00:00+09:00,1006.0606079101562,1075.757568359375,1006.0606079101562,1062.1212158203125,130718,0.0,0.0
2009-08-11 00:00:00+09:00,1090.9090576171875,1115.1514892578125,1066.6666259765625,1109.0909423828125,75356,0.0,0.0
2009-08-12 00:00:00+09:00,1109.0909423828125,1109.0909423828125,1000.0,1063.6363525390625,38189,0.0,0.0
2009-08-13 00:00:00+09:00,1040.9090576171875,1074.242431640625,1040.9090576171875,1042.4241943359375,15227,0.0,0.0
2009-08-14 00:00:00+09:00,1087.8787841796875,1151.51513671875,1048.48486328125,1127.272705078125,49886,0.0,0.0
2009-08-17 00:00:00+09:00,1145.45458984375,1145.45458984375,1096.9697265625,1096.9697265625,2705,0.0,0.0
2009-08-18 00:00:00+09:00,1068.1817626953125,1121.212158203125,1060.6060791015625,1078.787841796875,24248,0.0,0.0
2009-08-19 00:00:00+09:00,1081.8182373046875,1166.6666259765625,1081.8182373046875,1139.3939208984375,62126,0.0,0.0
2009-08-20 00:00:00+09:00,1148.48486328125,1148.48486328125,1093.939453125,1093.939453125,26303,0.0,0.0
2009-08-21 00:00:00+09:00,1093.939453125,1101.51513671875,1078.787841796875,1090.9090576171875,37937,0.0,0.0
2009-08-24 00:00:00+09:00,1071.212158203125,1103.0302734375,1065.1514892578125,1083.3333740234375,18818,0.0,0.0
2009-08-25 00:00:00+09:00,1081.8182373046875,1081.8182373046875,1060.6060791015625,1060.6060791015625,11912,0.0,0.0
2009-08-26 00:00:00+09:00,1060.6060791015625,1090.9090576171875,1030.302978515625,1069.697021484375,3341,0.0,0.0
2009-08-27 00:00:00+09:00,1077.272705078125,1077.272705078125,1060.6060791015625,1075.757568359375,2165,0.0,0.0
2009-08-28 00:00:00+09:00,1060.6060791015625,1060.6060791015625,1034.8485107421875,1059.0909423828125,18908,0.0,0.0
2009-08-31 00:00:00+09:00,1048.48486328125,1075.757568359375,1030.302978515625,1059.0909423828125,23747,0.0,0.0
2009-09-01 00:00:00+09:00,1059.0909423828125,1059.0909423828125,1030.302978515625,1045.45458984375,4598,0.0,0.0
2009-09-02 00:00:00+09:00,1048.48486328125,1048.48486328125,1004.5454711914062,1015.1514892578125,47156,0.0,0.0
2009-09-03 00:00:00+09:00,1009.0908813476562,1037.8787841796875,1009.0908813476562,1036.3636474609375,39638,0.0,0.0
2009-09-04 00:00:00+09:00,1033.3333740234375,1090.9090576171875,1030.302978515625,1089.3939208984375,17873,0.0,0.0
2009-09-07 00:00:00+09:00,1075.757568359375,1151.51513671875,1065.1514892578125,1151.51513671875,49712,0.0,0.0
2009-09-08 00:00:00+09:00,1122.727294921875,1165.1514892578125,1072.727294921875,1092.4241943359375,54062,0.0,0.0
2009-09-09 00:00:00+09:00,1142.4241943359375,1142.4241943359375,1050.0,1050.0,10544,0.0,0.0
2009-09-10 00:00:00+09:00,1039.3939208984375,1101.51513671875,1039.3939208984375,1090.9090576171875,19241,0.0,0.0
2009-09-11 00:00:00+09:00,1090.9090576171875,1119.697021484375,1037.8787841796875,1059.0909423828125,25955,0.0,0.0
2009-09-14 00:00:00+09:00,1046.9697265625,1071.212158203125,1036.3636474609375,1054.54541015625,19649,0.0,0.0
2009-09-15 00:00:00+09:00,1045.45458984375,1151.51513671875,1031.8182373046875,1119.697021484375,78908,0.0,0.0
2009-09-16 00:00:00+09:00,1121.212158203125,1145.45458984375,1069.697021484375,1115.1514892578125,28223,0.0,0.0
2009-09-17 00:00:00+09:00,1093.939453125,1281.8182373046875,1093.939453125,1281.8182373046875,443558,0.0,0.0
2009-09-18 00:00:00+09:00,1281.8182373046875,1284.8485107421875,1175.757568359375,1175.757568359375,264644,0.0,0.0
2009-09-21 00:00:00+09:00,1181.8182373046875,1200.0,1146.9697265625,1175.757568359375,68069,0.0,0.0
2009-09-22 00:00:00+09:00,1175.757568359375,1175.757568359375,1151.51513671875,1174.242431640625,17978,0.0,0.0
2009-09-23 00:00:00+09:00,1174.242431640625,1195.45458984375,1133.3333740234375,1133.3333740234375,13205,0.0,0.0
2009-09-24 00:00:00+09:00,1116.6666259765625,1157.5758056640625,1037.8787841796875,1103.0302734375,58631,0.0,0.0
2009-09-25 00:00:00+09:00,1077.272705078125,1136.3636474609375,1042.4241943359375,1134.8485107421875,37439,0.0,0.0
2009-09-28 00:00:00+09:00,1098.48486328125,1134.8485107421875,1060.6060791015625,1060.6060791015625,16223,0.0,0.0
2009-09-29 00:00:00+09:00,1084.8485107421875,1106.060546875,1043.939453125,1060.6060791015625,54338,0.0,0.0
2009-09-30 00:00:00+09:00,1060.6060791015625,1118.1817626953125,1045.45458984375,1059.0909423828125,15659,0.0,0.0
2009-10-01 00:00:00+09:00,1086.3636474609375,1089.3939208984375,1045.45458984375,1057.5758056640625,6950,0.0,0.0
2009-10-05 00:00:00+09:00,1030.302978515625,1104.54541015625,1027.272705078125,1090.9090576171875,6593,0.0,0.0
2009-10-06 00:00:00+09:00,1065.1514892578125,1090.9090576171875,1010.6060791015625,1084.8485107421875,42800,0.0,0.0
2009-10-07 00:00:00+09:00,1063.6363525390625,1106.060546875,1016.6666870117188,1021.2120971679688,72284,0.0,0.0
2009-10-08 00:00:00+09:00,1030.302978515625,1166.6666259765625,1019.6969604492188,1024.242431640625,475109,0.0,0.0
2009-10-09 00:00:00+09:00,1036.3636474609375,1060.6060791015625,1024.242431640625,1024.242431640625,98558,0.0,0.0
2009-10-12 00:00:00+09:00,1045.45458984375,1057.5758056640625,1019.6969604492188,1019.6969604492188,56144,0.0,0.0
2009-10-13 00:00:00+09:00,1015.1514892578125,1027.272705078125,1015.1514892578125,1022.727294921875,22628,0.0,0.0
2009-10-14 00:00:00+09:00,1022.727294921875,1054.54541015625,1022.727294921875,1034.8485107421875,107450,0.0,0.0
2009-10-15 00:00:00+09:00,1043.939453125,1060.6060791015625,1018.1818237304688,1018.1818237304688,21122,0.0,0.0
2009-10-16 00:00:00+09:00,1018.1818237304688,1045.45458984375,1006.0606079101562,1019.6969604492188,77225,0.0,0.0
2009-10-19 00:00:00+09:00,1019.6969604492188,1019.6969604492188,1004.5454711914062,1019.6969604492188,13646,0.0,0.0
2009-10-20 00:00:00+09:00,1028.787841796875,1028.787841796875,1009.0908813476562,1025.757568359375,7325,0.0,0.0
2009-10-21 00:00:00+09:00,1015.1514892578125,1015.1514892578125,986.3636474609375,1004.5454711914062,23639,0.0,0.0
2009-10-22 00:00:00+09:00,1004.5454711914062,1012.1212158203125,986.3636474609375,986.3636474609375,16283,0.0,0.0
2009-10-23 00:00:00+09:00,969.6969604492188,1042.4241943359375,969.6969604492188,978.7879028320312,13991,0.0,0.0
2009-10-26 00:00:00+09:00,978.7879028320312,1030.302978515625,972.727294921875,977.272705078125,12290,0.0,0.0
2009-10-27 00:00:00+09:00,971.2120971679688,993.9393920898438,939.3939208984375,975.757568359375,22595,0.0,0.0
2009-10-28 00:00:00+09:00,975.757568359375,975.757568359375,884.8485107421875,922.727294921875,114362,0.0,0.0
2009-10-29 00:00:00+09:00,884.8485107421875,913.6363525390625,884.8485107421875,906.0606079101562,7613,0.0,0.0
2009-10-30 00:00:00+09:00,909.0908813476562,918.1818237304688,893.9393920898438,918.1818237304688,14426,0.0,0.0
2009-11-02 00:00:00+09:00,907.5757446289062,909.0908813476562,898.48486328125,909.0908813476562,7220,0.0,0.0
2009-11-03 00:00:00+09:00,889.3939208984375,912.1212158203125,884.8485107421875,892.4242553710938,22826,0.0,0.0
2009-11-04 00:00:00+09:00,896.9696655273438,918.1818237304688,896.9696655273438,896.9696655273438,10439,0.0,0.0
2009-11-05 00:00:00+09:00,909.0908813476562,909.0908813476562,887.8787841796875,909.0908813476562,6767,0.0,0.0
2009-11-06 00:00:00+09:00,936.3636474609375,951.51513671875,910.6060791015625,915.1514892578125,2489,0.0,0.0
2009-11-09 00:00:00+09:00,915.1514892578125,915.1514892578125,896.9696655273438,909.0908813476562,5651,0.0,0.0
2009-11-10 00:00:00+09:00,933.3333129882812,933.3333129882812,909.0908813476562,909.0908813476562,9776,0.0,0.0
2009-11-11 00:00:00+09:00,910.6060791015625,933.3333129882812,878.7879028320312,907.5757446289062,10250,0.0,0.0
2009-11-12 00:00:00+09:00,912.1212158203125,912.1212158203125,898.48486328125,909.0908813476562,2213,0.0,0.0
2009-11-13 00:00:00+09:00,921.2120971679688,921.2120971679688,892.4242553710938,896.9696655273438,4289,0.0,0.0
2009-11-16 00:00:00+09:00,900.0,937.8787841796875,900.0,909.0908813476562,57902,0.0,0.0
2009-11-17 00:00:00+09:00,910.6060791015625,922.727294921875,904.5454711914062,907.5757446289062,11258,0.0,0.0
2009-11-18 00:00:00+09:00,909.0908813476562,954.5454711914062,893.9393920898438,909.0908813476562,12662,0.0,0.0
2009-11-19 00:00:00+09:00,909.0908813476562,936.3636474609375,909.0908813476562,934.8485107421875,10223,0.0,0.0
2009-11-20 00:00:00+09:00,957.5757446289062,957.5757446289062,909.0908813476562,915.1514892578125,14357,0.0,0.0
2009-11-23 00:00:00+09:00,909.0908813476562,942.4242553710938,909.0908813476562,931.8181762695312,12830,0.0,0.0
2009-11-24 00:00:00+09:00,934.8485107421875,936.3636474609375,918.1818237304688,931.8181762695312,8432,0.0,0.0
2009-11-25 00:00:00+09:00,931.8181762695312,931.8181762695312,915.1514892578125,928.7879028320312,779,0.0,0.0
2009-11-26 00:00:00+09:00,915.1514892578125,963.6363525390625,912.1212158203125,950.0,34214,0.0,0.0
2009-11-27 00:00:00+09:00,965.1514892578125,965.1514892578125,918.1818237304688,946.9696655273438,5882,0.0,0.0
2009-11-30 00:00:00+09:00,942.4242553710938,942.4242553710938,927.272705078125,939.3939208984375,6356,0.0,0.0
2009-12-01 00:00:00+09:00,927.272705078125,953.0302734375,927.272705078125,953.0302734375,9827,0.0,0.0
2009-12-02 00:00:00+09:00,936.3636474609375,984.8485107421875,936.3636474609375,984.8485107421875,25013,0.0,0.0
2009-12-03 00:00:00+09:00,1000.0,1015.1514892578125,983.3333129882812,1015.1514892578125,11594,0.0,0.0
2009-12-04 00:00:00+09:00,1000.0,1040.9090576171875,1000.0,1030.302978515625,1784,0.0,0.0
2009-12-07 00:00:00+09:00,1030.302978515625,1051.51513671875,989.3939208984375,1006.0606079101562,4163,0.0,0.0
2009-12-08 00:00:00+09:00,1012.1212158203125,1025.757568359375,966.6666870117188,978.7879028320312,3074,0.0,0.0
2009-12-09 00:00:00+09:00,959.0908813476562,971.2120971679688,956.0606079101562,956.0606079101562,11948,0.0,0.0
2009-12-10 00:00:00+09:00,969.6969604492188,969.6969604492188,959.0908813476562,969.6969604492188,902,0.0,0.0
2009-12-11 00:00:00+09:00,993.9393920898438,993.9393920898438,937.8787841796875,981.8181762695312,2558,0.0,0.0
2009-12-14 00:00:00+09:00,1006.0606079101562,1006.0606079101562,948.48486328125,984.8485107421875,1931,0.0,0.0
2009-12-15 00:00:00+09:00,957.5757446289062,1046.9697265625,957.5757446289062,989.3939208984375,10661,0.0,0.0
2009-12-16 00:00:00+09:00,948.48486328125,1006.0606079101562,948.48486328125,987.8787841796875,13688,0.0,0.0
2009-12-17 00:00:00+09:00,987.8787841796875,990.9091186523438,969.6969604492188,989.3939208984375,12992,0.0,0.0
2009-12-18 00:00:00+09:00,989.3939208984375,989.3939208984375,983.3333129882812,989.3939208984375,31439,0.0,0.0
2009-12-21 00:00:00+09:00,989.3939208984375,1046.9697265625,989.3939208984375,1042.4241943359375,110210,0.0,0.0
2009-12-22 00:00:00+09:00,1042.4241943359375,1057.5758056640625,1027.272705078125,1042.4241943359375,18734,0.0,0.0
2009-12-23 00:00:00+09:00,1042.4241943359375,1077.272705078125,1007.5757446289062,1034.8485107421875,10883,0.0,0.0
2009-12-24 00:00:00+09:00,1037.8787841796875,1075.757568359375,992.4242553710938,1075.757568359375,46916,0.0,0.0
2009-12-28 00:00:00+09:00,1075.757568359375,1106.060546875,1033.3333740234375,1101.51513671875,80567,0.0,0.0
2009-12-29 00:00:00+09:00,1101.51513671875,1121.212158203125,1075.757568359375,1121.212158203125,18881,0.0,0.0
2009-12-30 00:00:00+09:00,1121.212158203125,1145.45458984375,1083.3333740234375,1119.697021484375,7739,0.0,0.0
2010-01-04 00:00:00+09:00,1033.3333740234375,1121.212158203125,1033.3333740234375,1098.48486328125,62738,0.0,0.0
2010-01-05 00:00:00+09:00,1096.9697265625,1098.48486328125,1043.939453125,1089.3939208984375,7742,0.0,0.0
2010-01-06 00:00:00+09:00,1121.212158203125,1121.212158203125,1045.45458984375,1090.9090576171875,27257,0.0,0.0
2010-01-07 00:00:00+09:00,1103.0302734375,1103.0302734375,1036.3636474609375,1083.3333740234375,57002,0.0,0.0
2010-01-08 00:00:00+09:00,1092.4241943359375,1092.4241943359375,1050.0,1074.242431640625,8486,0.0,0.0
2010-01-11 00:00:00+09:00,1081.8182373046875,1124.242431640625,1068.1817626953125,1081.8182373046875,152531,0.0,0.0
2010-01-12 00:00:00+09:00,1095.45458984375,1119.697021484375,1060.6060791015625,1090.9090576171875,18560,0.0,0.0
2010-01-13 00:00:00+09:00,1115.1514892578125,1115.1514892578125,1069.697021484375,1092.4241943359375,16979,0.0,0.0
2010-01-14 00:00:00+09:00,1072.727294921875,1090.9090576171875,1069.697021484375,1069.697021484375,8282,0.0,0.0
2010-01-15 00:00:00+09:00,1072.727294921875,1081.8182373046875,1060.6060791015625,1081.8182373046875,7877,0.0,0.0
2010-01-18 00:00:00+09:00,1081.8182373046875,1090.9090576171875,1057.5758056640625,1057.5758056640625,12740,0.0,0.0
2010-01-19 00:00:00+09:00,1075.757568359375,1089.3939208984375,1060.6060791015625,1083.3333740234375,6551,0.0,0.0
2010-01-20 00:00:00+09:00,1054.54541015625,1090.9090576171875,1053.0302734375,1072.727294921875,29225,0.0,0.0
2010-01-21 00:00:00+09:00,1090.9090576171875,1090.9090576171875,1048.48486328125,1080.302978515625,29648,0.0,0.0
2010-01-22 00:00:00+09:00,1081.8182373046875,1081.8182373046875,1062.1212158203125,1074.242431640625,7343,0.0,0.0
2010-01-25 00:00:00+09:00,1074.242431640625,1089.3939208984375,1036.3636474609375,1066.6666259765625,11924,0.0,0.0
2010-01-26 00:00:00+09:00,1083.3333740234375,1083.3333740234375,1033.3333740234375,1042.4241943359375,32771,0.0,0.0
2010-01-27 00:00:00+09:00,1037.8787841796875,1086.3636474609375,1033.3333740234375,1037.8787841796875,2267,0.0,0.0
2010-01-28 00:00:00+09:00,1060.6060791015625,1101.51513671875,1007.5757446289062,1042.4241943359375,7739,0.0,0.0
2010-01-29 00:00:00+09:00,1087.8787841796875,1112.1212158203125,1007.5757446289062,1028.787841796875,2474,0.0,0.0
2010-02-01 00:00:00+09:00,960.6060791015625,1121.212158203125,960.6060791015625,1034.8485107421875,5450,0.0,0.0
2010-02-02 00:00:00+09:00,986.3636474609375,1039.3939208984375,986.3636474609375,1030.302978515625,13985,0.0,0.0
2010-02-03 00:00:00+09:00,1074.242431640625,1087.8787841796875,1000.0,1000.0,24359,0.0,0.0
2010-02-04 00:00:00+09:00,1007.5757446289062,1033.3333740234375,986.3636474609375,1031.8182373046875,16466,0.0,0.0
2010-02-05 00:00:00+09:00,1015.1514892578125,1057.5758056640625,996.9696655273438,1031.8182373046875,2732,0.0,0.0
2010-02-08 00:00:00+09:00,1031.8182373046875,1060.6060791015625,990.9091186523438,990.9091186523438,14702,0.0,0.0
2010-02-09 00:00:00+09:00,962.1212158203125,1018.1818237304688,962.1212158203125,1004.5454711914062,8363,0.0,0.0
2010-02-10 00:00:00+09:00,1004.5454711914062,1046.9697265625,993.9393920898438,1004.5454711914062,28229,0.0,0.0
2010-02-11 00:00:00+09:00,996.9696655273438,1030.302978515625,990.9091186523438,1015.1514892578125,26219,0.0,0.0
2010-02-12 00:00:00+09:00,1000.0,1056.060546875,1000.0,1045.45458984375,4487,0.0,0.0
2010-02-16 00:00:00+09:00,1018.1818237304688,1068.1817626953125,1012.1212158203125,1060.6060791015625,8789,0.0,0.0
2010-02-17 00:00:00+09:00,1060.6060791015625,1072.727294921875,1042.4241943359375,1057.5758056640625,18947,0.0,0.0
2010-02-18 00:00:00+09:00,1059.0909423828125,1075.757568359375,1033.3333740234375,1060.6060791015625,13808,0.0,0.0
2010-02-19 00:00:00+09:00,1003.0302734375,1057.5758056640625,1003.0302734375,1051.51513671875,12383,0.0,0.0
2010-02-22 00:00:00+09:00,1045.45458984375,1060.6060791015625,1030.302978515625,1056.060546875,4562,0.0,0.0
2010-02-23 00:00:00+09:00,1056.060546875,1056.060546875,1030.302978515625,1046.9697265625,8654,0.0,0.0
2010-02-24 00:00:00+09:00,1057.5758056640625,1057.5758056640625,1030.302978515625,1046.9697265625,23378,0.0,0.0
2010-02-25 00:00:00+09:00,1060.6060791015625,1060.6060791015625,1036.3636474609375,1060.6060791015625,48992,0.0,0.0
2010-02-26 00:00:00+09:00,1062.1212158203125,1062.1212158203125,1042.4241943359375,1060.6060791015625,1007,0.0,0.0
2010-03-02 00:00:00+09:00,1045.45458984375,1062.1212158203125,1045.45458984375,1060.6060791015625,42347,0.0,0.0
2010-03-03 00:00:00+09:00,1060.6060791015625,1090.9090576171875,1051.51513671875,1087.8787841796875,44825,0.0,0.0
2010-03-04 00:00:00+09:00,1087.8787841796875,1087.8787841796875,1065.1514892578125,1081.8182373046875,4586,0.0,0.0
2010-03-05 00:00:00+09:00,1039.3939208984375,1084.8485107421875,1039.3939208984375,1083.3333740234375,20411,0.0,0.0
2010-03-08 00:00:00+09:00,1039.3939208984375,1086.3636474609375,1039.3939208984375,1056.060546875,17324,0.0,0.0
2010-03-09 00:00:00+09:00,1080.302978515625,1081.8182373046875,1056.060546875,1081.8182373046875,66782,0.0,0.0
2010-03-10 00:00:00+09:00,1090.9090576171875,1096.9697265625,1060.6060791015625,1086.3636474609375,22805,0.0,0.0
2010-03-11 00:00:00+09:00,1069.697021484375,1100.0,1060.6060791015625,1087.8787841796875,124496,0.0,0.0
2010-03-12 00:00:00+09:00,1068.1817626953125,1090.9090576171875,1068.1817626953125,1072.727294921875,15713,0.0,0.0
2010-03-15 00:00:00+09:00,1068.1817626953125,1121.212158203125,1068.1817626953125,1121.212158203125,80306,0.0,0.0
2010-03-16 00:00:00+09:00,1121.212158203125,1195.45458984375,1121.212158203125,1172.727294921875,56186,0.0,0.0
2010-03-17 00:00:00+09:00,1172.727294921875,1206.060546875,1172.727294921875,1186.3636474609375,39410,0.0,0.0
2010-03-18 00:00:00+09:00,1193.939453125,1242.4241943359375,1163.6363525390625,1212.1212158203125,97751,0.0,0.0
2010-03-19 00:00:00+09:00,1190.9090576171875,1236.3636474609375,1189.3939208984375,1234.8485107421875,78341,0.0,0.0
2010-03-22 00:00:00+09:00,1218.1817626953125,1239.3939208984375,1181.8182373046875,1237.8787841796875,33149,0.0,0.0
2010-03-23 00:00:00+09:00,1237.8787841796875,1259.0909423828125,1212.1212158203125,1239.3939208984375,53012,0.0,0.0
2010-03-24 00:00:00+09:00,1221.212158203125,1242.4241943359375,1196.9697265625,1204.54541015625,30107,0.0,0.0
2010-03-25 00:00:00+09:00,1181.8182373046875,1224.242431640625,1181.8182373046875,1221.212158203125,10676,0.0,0.0
2010-03-26 00:00:00+09:00,1184.8485107421875,1256.060546875,1184.8485107421875,1224.242431640625,95378,0.0,0.0
2010-03-29 00:00:00+09:00,1183.3333740234375,1248.48486328125,1183.3333740234375,1242.4241943359375,135821,0.0,0.0
2010-03-30 00:00:00+09:00,1200.0,1269.697021484375,1200.0,1254.54541015625,94478,0.0,0.0
2010-03-31 00:00:00+09:00,1253.0302734375,1286.3636474609375,1233.3333740234375,1283.3333740234375,50468,0.0,0.0
2010-04-01 00:00:00+09:00,1263.6363525390625,1318.1817626953125,1263.6363525390625,1278.787841796875,39956,0.0,0.0
2010-04-02 00:00:00+09:00,1272.727294921875,1287.8787841796875,1245.45458984375,1271.212158203125,39176,0.0,0.0
2010-04-05 00:00:00+09:00,1271.212158203125,1318.1817626953125,1259.0909423828125,1269.697021484375,27017,0.0,0.0
2010-04-06 00:00:00+09:00,1268.1817626953125,1268.1817626953125,1227.272705078125,1242.4241943359375,27461,0.0,0.0
2010-04-07 00:00:00+09:00,1254.54541015625,1269.697021484375,1196.9697265625,1257.5758056640625,41138,0.0,0.0
2010-04-08 00:00:00+09:00,1233.3333740234375,1263.6363525390625,1227.272705078125,1259.0909423828125,59441,0.0,0.0
2010-04-09 00:00:00+09:00,1268.1817626953125,1268.1817626953125,1239.3939208984375,1257.5758056640625,10781,0.0,0.0
2010-04-12 00:00:00+09:00,1257.5758056640625,1284.8485107421875,1256.060546875,1256.060546875,58748,0.0,0.0
2010-04-13 00:00:00+09:00,1254.54541015625,1272.727294921875,1215.1514892578125,1256.060546875,18281,0.0,0.0
2010-04-14 00:00:00+09:00,1250.0,1266.6666259765625,1215.1514892578125,1260.6060791015625,17495,0.0,0.0
2010-04-15 00:00:00+09:00,1284.8485107421875,1284.8485107421875,1227.272705078125,1262.1212158203125,8912,0.0,0.0
2010-04-16 00:00:00+09:00,1243.939453125,1284.8485107421875,1239.3939208984375,1263.6363525390625,12419,0.0,0.0
2010-04-19 00:00:00+09:00,1263.6363525390625,1272.727294921875,1227.272705078125,1259.0909423828125,21164,0.0,0.0
2010-04-20 00:00:00+09:00,1242.4241943359375,1259.0909423828125,1204.54541015625,1233.3333740234375,16244,0.0,0.0
2010-04-21 00:00:00+09:00,1233.3333740234375,1242.4241943359375,1227.272705078125,1239.3939208984375,25742,0.0,0.0
2010-04-22 00:00:00+09:00,1218.1817626953125,1265.1514892578125,1218.1817626953125,1233.3333740234375,13508,0.0,0.0
2010-04-23 00:00:00+09:00,1227.272705078125,1363.6363525390625,1227.272705078125,1333.3333740234375,76472,0.0,0.0
2010-04-26 00:00:00+09:00,1333.3333740234375,1390.9090576171875,1304.54541015625,1375.757568359375,79316,0.0,0.0
2010-04-27 00:00:00+09:00,1372.727294921875,1375.757568359375,1346.9697265625,1363.6363525390625,10877,0.0,0.0
2010-04-28 00:00:00+09:00,1318.1817626953125,1389.3939208984375,1289.3939208984375,1296.9697265625,41423,0.0,0.0
2010-04-29 00:00:00+09:00,1333.3333740234375,1333.3333740234375,1275.757568359375,1303.0302734375,26153,0.0,0.0
2010-04-30 00:00:00+09:00,1303.0302734375,1321.212158203125,1287.8787841796875,1316.6666259765625,14903,0.0,0.0
2010-05-03 00:00:00+09:00,1333.3333740234375,1333.3333740234375,1287.8787841796875,1301.51513671875,57041,0.0,0.0
2010-05-04 00:00:00+09:00,1300.0,1321.212158203125,1243.939453125,1318.1817626953125,5042,0.0,0.0
2010-05-06 00:00:00+09:00,1272.727294921875,1313.6363525390625,1242.4241943359375,1303.0302734375,33407,0.0,0.0
2010-05-07 00:00:00+09:00,1245.45458984375,1357.5758056640625,1245.45458984375,1357.5758056640625,17081,0.0,0.0
2010-05-10 00:00:00+09:00,1356.060546875,1357.5758056640625,1331.8182373046875,1333.3333740234375,14786,0.0,0.0
2010-05-11 00:00:00+09:00,1357.5758056640625,1357.5758056640625,1318.1817626953125,1350.0,12821,0.0,0.0
2010-05-12 00:00:00+09:00,1324.242431640625,1359.0909423828125,1324.242431640625,1333.3333740234375,6098,0.0,0.0
2010-05-13 00:00:00+09:00,1340.9090576171875,1362.1212158203125,1333.3333740234375,1362.1212158203125,28973,0.0,0.0
2010-05-14 00:00:00+09:00,1334.8485107421875,1563.6363525390625,1334.8485107421875,1563.6363525390625,476591,0.0,0.0
2010-05-17 00:00:00+09:00,1796.9697265625,1796.9697265625,1730.302978515625,1796.9697265625,893399,0.0,0.0
2010-05-18 00:00:00+09:00,1909.0909423828125,2030.302978515625,1790.9090576171875,1951.51513671875,1153970,0.0,0.0
2010-05-19 00:00:00+09:00,1836.3636474609375,2018.1817626953125,1772.727294921875,1954.54541015625,463523,0.0,0.0
2010-05-20 00:00:00+09:00,1900.0,2021.212158203125,1869.697021484375,1912.1212158203125,362900,0.0,0.0
2010-05-24 00:00:00+09:00,1863.6363525390625,2081.818115234375,1863.6363525390625,1933.3333740234375,427127,0.0,0.0
2010-05-25 00:00:00+09:00,1918.1817626953125,1924.242431640625,1645.45458984375,1645.45458984375,583415,0.0,0.0
2010-05-26 00:00:00+09:00,1693.939453125,1742.4241943359375,1584.8485107421875,1651.51513671875,246842,0.0,0.0
2010-05-27 00:00:00+09:00,1609.0909423828125,1818.1817626953125,1563.6363525390625,1760.6060791015625,238160,0.0,0.0
2010-05-28 00:00:00+09:00,1803.0302734375,1936.3636474609375,1793.939453125,1818.1817626953125,357332,0.0,0.0
2010-05-31 00:00:00+09:00,1809.0909423828125,1909.0909423828125,1766.6666259765625,1866.6666259765625,432875,0.0,0.0
2010-06-01 00:00:00+09:00,1845.45458984375,1906.060546875,1796.9697265625,1854.54541015625,248711,0.0,0.0
2010-06-03 00:00:00+09:00,1878.787841796875,1954.54541015625,1866.6666259765625,1878.787841796875,211739,0.0,0.0
2010-06-04 00:00:00+09:00,1890.9090576171875,2030.302978515625,1866.6666259765625,1948.48486328125,247787,0.0,0.0
2010-06-07 00:00:00+09:00,1903.0302734375,1903.0302734375,1800.0,1818.1817626953125,165881,0.0,0.0
2010-06-08 00:00:00+09:00,1860.6060791015625,1969.697021484375,1781.8182373046875,1893.939453125,140252,0.0,0.0
2010-06-09 00:00:00+09:00,1896.9697265625,1933.3333740234375,1818.1817626953125,1827.272705078125,106742,0.0,0.0
2010-06-10 00:00:00+09:00,1793.939453125,1830.302978515625,1772.727294921875,1809.0909423828125,122303,0.0,0.0
2010-06-11 00:00:00+09:00,1848.48486328125,1854.54541015625,1803.0302734375,1818.1817626953125,88100,0.0,0.0
2010-06-14 00:00:00+09:00,1827.272705078125,1863.6363525390625,1809.0909423828125,1821.212158203125,96698,0.0,0.0
2010-06-15 00:00:00+09:00,1830.302978515625,1872.727294921875,1766.6666259765625,1812.1212158203125,110633,0.0,0.0
2010-06-16 00:00:00+09:00,1818.1817626953125,1848.48486328125,1790.9090576171875,1842.4241943359375,71003,0.0,0.0
2010-06-17 00:00:00+09:00,1869.697021484375,1869.697021484375,1800.0,1842.4241943359375,49259,0.0,0.0
2010-06-18 00:00:00+09:00,1842.4241943359375,1842.4241943359375,1809.0909423828125,1842.4241943359375,40844,0.0,0.0
2010-06-21 00:00:00+09:00,1821.212158203125,1954.54541015625,1812.1212158203125,1945.45458984375,161483,0.0,0.0
2010-06-22 00:00:00+09:00,1945.45458984375,1969.697021484375,1878.787841796875,1957.5758056640625,127922,0.0,0.0
2010-06-23 00:00:00+09:00,2000.0,2221.212158203125,1972.727294921875,2157.57568359375,1502399,0.0,0.0
2010-06-24 00:00:00+09:00,2236.363525390625,2236.363525390625,2130.302978515625,2145.45458984375,357071,0.0,0.0
2010-06-25 00:00:00+09:00,2075.757568359375,2169.697021484375,2063.636474609375,2103.0302734375,166832,0.0,0.0
2010-06-28 00:00:00+09:00,2100.0,2160.60595703125,1951.51513671875,1969.697021484375,259355,0.0,0.0
2010-06-29 00:00:00+09:00,1969.697021484375,1978.787841796875,1854.54541015625,1857.5758056640625,408497,0.0,0.0
2010-06-30 00:00:00+09:00,1824.242431640625,1900.0,1815.1514892578125,1872.727294921875,250757,0.0,0.0
2010-07-01 00:00:00+09:00,1863.6363525390625,1900.0,1787.8787841796875,1821.212158203125,68540,0.0,0.0
2010-07-02 00:00:00+09:00,1803.0302734375,1848.48486328125,1787.8787841796875,1818.1817626953125,144995,0.0,0.0
2010-07-05 00:00:00+09:00,1818.1817626953125,1857.5758056640625,1809.0909423828125,1824.242431640625,139889,0.0,0.0
2010-07-06 00:00:00+09:00,1818.1817626953125,1833.3333740234375,1775.757568359375,1803.0302734375,157817,0.0,0.0
2010-07-07 00:00:00+09:00,1778.787841796875,1809.0909423828125,1709.0909423828125,1727.272705078125,150239,0.0,0.0
2010-07-08 00:00:00+09:00,1727.272705078125,1757.5758056640625,1727.272705078125,1742.4241943359375,114266,0.0,0.0
2010-07-09 00:00:00+09:00,1745.45458984375,1830.302978515625,1745.45458984375,1815.1514892578125,165710,0.0,0.0
2010-07-12 00:00:00+09:00,1818.1817626953125,1848.48486328125,1775.757568359375,1818.1817626953125,111692,0.0,0.0
2010-07-13 00:00:00+09:00,1796.9697265625,1830.302978515625,1793.939453125,1800.0,103403,0.0,0.0
2010-07-14 00:00:00+09:00,1815.1514892578125,1866.6666259765625,1787.8787841796875,1836.3636474609375,248840,0.0,0.0
2010-07-15 00:00:00+09:00,1824.242431640625,1939.3939208984375,1821.212158203125,1869.697021484375,287009,0.0,0.0
2010-07-16 00:00:00+09:00,1969.697021484375,2084.848388671875,1887.8787841796875,1906.060546875,1286129,0.0,0.0
2010-07-19 00:00:00+09:00,1869.697021484375,1918.1817626953125,1833.3333740234375,1893.939453125,184151,0.0,0.0
2010-07-20 00:00:00+09:00,1884.8485107421875,1939.3939208984375,1866.6666259765625,1930.302978515625,146984,0.0,0.0
2010-07-21 00:00:00+09:00,1942.4241943359375,1942.4241943359375,1875.757568359375,1875.757568359375,92621,0.0,0.0
2010-07-22 00:00:00+09:00,1875.757568359375,1906.060546875,1772.727294921875,1845.45458984375,158642,0.0,0.0
2010-07-23 00:00:00+09:00,1845.45458984375,1845.45458984375,1781.8182373046875,1781.8182373046875,59747,0.0,0.0
2010-07-26 00:00:00+09:00,1787.8787841796875,1857.5758056640625,1778.787841796875,1839.3939208984375,160814,0.0,0.0
2010-07-27 00:00:00+09:00,1836.3636474609375,1869.697021484375,1824.242431640625,1845.45458984375,68036,0.0,0.0
2010-07-28 00:00:00+09:00,1845.45458984375,1924.242431640625,1833.3333740234375,1909.0909423828125,210347,0.0,0.0
2010-07-29 00:00:00+09:00,1881.8182373046875,1909.0909423828125,1854.54541015625,1909.0909423828125,38450,0.0,0.0
2010-07-30 00:00:00+09:00,1881.8182373046875,1957.5758056640625,1869.697021484375,1869.697021484375,53564,0.0,0.0
2010-08-02 00:00:00+09:00,1833.3333740234375,1890.9090576171875,1833.3333740234375,1845.45458984375,22727,0.0,0.0
2010-08-03 00:00:00+09:00,1839.3939208984375,1872.727294921875,1833.3333740234375,1854.54541015625,35756,0.0,0.0
2010-08-04 00:00:00+09:00,1793.939453125,1878.787841796875,1793.939453125,1857.5758056640625,68045,0.0,0.0
2010-08-05 00:00:00+09:00,1857.5758056640625,1896.9697265625,1836.3636474609375,1839.3939208984375,104699,0.0,0.0
2010-08-06 00:00:00+09:00,1827.272705078125,1896.9697265625,1790.9090576171875,1863.6363525390625,52010,0.0,0.0
2010-08-09 00:00:00+09:00,1818.1817626953125,1878.787841796875,1818.1817626953125,1827.272705078125,55100,0.0,0.0
2010-08-10 00:00:00+09:00,1827.272705078125,1866.6666259765625,1821.212158203125,1848.48486328125,30716,0.0,0.0
2010-08-11 00:00:00+09:00,1818.1817626953125,1881.8182373046875,1818.1817626953125,1857.5758056640625,75974,0.0,0.0
2010-08-12 00:00:00+09:00,1854.54541015625,1909.0909423828125,1845.45458984375,1875.757568359375,74165,0.0,0.0
2010-08-13 00:00:00+09:00,1848.48486328125,1909.0909423828125,1848.48486328125,1881.8182373046875,103421,0.0,0.0
2010-08-16 00:00:00+09:00,1672.727294921875,1757.5758056640625,1600.0,1603.0302734375,706214,0.0,0.0
2010-08-17 00:00:00+09:00,1603.0302734375,1654.54541015625,1581.8182373046875,1593.939453125,221957,0.0,0.0
2010-08-18 00:00:00+09:00,1606.060546875,1621.212158203125,1357.5758056640625,1357.5758056640625,1642886,0.0,0.0
2010-08-19 00:00:00+09:00,1390.9090576171875,1390.9090576171875,1319.697021484375,1356.060546875,307967,0.0,0.0
2010-08-20 00:00:00+09:00,1316.6666259765625,1377.272705078125,1316.6666259765625,1366.6666259765625,116999,0.0,0.0
2010-08-23 00:00:00+09:00,1368.1817626953125,1384.8485107421875,1319.697021484375,1319.697021484375,104138,0.0,0.0
2010-08-24 00:00:00+09:00,1319.697021484375,1340.9090576171875,1277.272705078125,1289.3939208984375,78827,0.0,0.0
2010-08-25 00:00:00+09:00,1301.51513671875,1301.51513671875,1230.302978515625,1240.9090576171875,261029,0.0,0.0
2010-08-26 00:00:00+09:00,1245.45458984375,1266.6666259765625,1227.272705078125,1227.272705078125,55244,0.0,0.0
2010-08-27 00:00:00+09:00,1221.212158203125,1234.8485107421875,1172.727294921875,1195.45458984375,137963,0.0,0.0
2010-08-30 00:00:00+09:00,1230.302978515625,1230.302978515625,1187.8787841796875,1200.0,74102,0.0,0.0
2010-08-31 00:00:00+09:00,1196.9697265625,1206.060546875,1166.6666259765625,1200.0,65426,0.0,0.0
2010-09-01 00:00:00+09:00,1201.51513671875,1222.727294921875,1184.8485107421875,1210.6060791015625,71732,0.0,0.0
2010-09-02 00:00:00+09:00,1218.1817626953125,1234.8485107421875,1201.51513671875,1210.6060791015625,71357,0.0,0.0
2010-09-03 00:00:00+09:00,1210.6060791015625,1239.3939208984375,1210.6060791015625,1215.1514892578125,129707,0.0,0.0
2010-09-06 00:00:00+09:00,1219.697021484375,1278.787841796875,1219.697021484375,1262.1212158203125,172367,0.0,0.0
2010-09-07 00:00:00+09:00,1278.787841796875,1278.787841796875,1243.939453125,1271.212158203125,75941,0.0,0.0
2010-09-08 00:00:00+09:00,1271.212158203125,1271.212158203125,1212.1212158203125,1236.3636474609375,111842,0.0,0.0
2010-09-09 00:00:00+09:00,1227.272705078125,1236.3636474609375,1207.5758056640625,1215.1514892578125,47009,0.0,0.0
2010-09-10 00:00:00+09:00,1233.3333740234375,1233.3333740234375,1207.5758056640625,1216.6666259765625,45011,0.0,0.0
2010-09-13 00:00:00+09:00,1219.697021484375,1256.060546875,1215.1514892578125,1242.4241943359375,37619,0.0,0.0
2010-09-14 00:00:00+09:00,1227.272705078125,1257.5758056640625,1206.060546875,1224.242431640625,54038,0.0,0.0
2010-09-15 00:00:00+09:00,1221.212158203125,1257.5758056640625,1210.6060791015625,1227.272705078125,40352,0.0,0.0
2010-09-16 00:00:00+09:00,1224.242431640625,1253.0302734375,1218.1817626953125,1237.8787841796875,57443,0.0,0.0
2010-09-17 00:00:00+09:00,1218.1817626953125,1240.9090576171875,1218.1817626953125,1231.8182373046875,36986,0.0,0.0
2010-09-20 00:00:00+09:00,1219.697021484375,1250.0,1219.697021484375,1240.9090576171875,47501,0.0,0.0
2010-09-24 00:00:00+09:00,1239.3939208984375,1256.060546875,1215.1514892578125,1230.302978515625,54980,0.0,0.0
2010-09-27 00:00:00+09:00,1219.697021484375,1268.1817626953125,1219.697021484375,1256.060546875,37523,0.0,0.0
2010-09-28 00:00:00+09:00,1233.3333740234375,1254.54541015625,1224.242431640625,1227.272705078125,39041,0.0,0.0
2010-09-29 00:00:00+09:00,1234.8485107421875,1253.0302734375,1218.1817626953125,1230.302978515625,21635,0.0,0.0
2010-09-30 00:00:00+09:00,1237.8787841796875,1237.8787841796875,1216.6666259765625,1230.302978515625,35363,0.0,0.0
2010-10-01 00:00:00+09:00,1246.9697265625,1246.9697265625,1219.697021484375,1219.697021484375,34991,0.0,0.0
2010-10-04 00:00:00+09:00,1216.6666259765625,1230.302978515625,1212.1212158203125,1225.757568359375,22505,0.0,0.0
2010-10-05 00:00:00+09:00,1216.6666259765625,1239.3939208984375,1206.060546875,1224.242431640625,31229,0.0,0.0
2010-10-06 00:00:00+09:00,1224.242431640625,1236.3636474609375,1200.0,1227.272705078125,59642,0.0,0.0
2010-10-07 00:00:00+09:00,1212.1212158203125,1233.3333740234375,1209.0909423828125,1228.787841796875,36422,0.0,0.0
2010-10-08 00:00:00+09:00,1221.212158203125,1242.4241943359375,1206.060546875,1212.1212158203125,73511,0.0,0.0
2010-10-11 00:00:00+09:00,1212.1212158203125,1221.212158203125,1187.8787841796875,1192.4241943359375,90989,0.0,0.0
2010-10-12 00:00:00+09:00,1209.0909423828125,1209.0909423828125,1166.6666259765625,1200.0,56375,0.0,0.0
2010-10-13 00:00:00+09:00,1209.0909423828125,1227.272705078125,1189.3939208984375,1216.6666259765625,72719,0.0,0.0
2010-10-14 00:00:00+09:00,1218.1817626953125,1242.4241943359375,1060.6060791015625,1222.727294921875,115988,0.0,0.0
2010-10-15 00:00:00+09:00,1206.060546875,1233.3333740234375,1206.060546875,1228.787841796875,80798,0.0,0.0
2010-10-18 00:00:00+09:00,1230.302978515625,1242.4241943359375,1221.212158203125,1242.4241943359375,82637,0.0,0.0
2010-10-19 00:00:00+09:00,1242.4241943359375,1280.302978515625,1230.302978515625,1245.45458984375,77327,0.0,0.0
2010-10-20 00:00:00+09:00,1250.0,1330.302978515625,1246.9697265625,1315.1514892578125,121781,0.0,0.0
2010-10-21 00:00:00+09:00,1312.1212158203125,1353.0302734375,1312.1212158203125,1327.272705078125,125405,0.0,0.0
2010-10-22 00:00:00+09:00,1331.8182373046875,1333.3333740234375,1272.727294921875,1333.3333740234375,131285,0.0,0.0
2010-10-25 00:00:00+09:00,1340.9090576171875,1348.48486328125,1306.060546875,1331.8182373046875,40757,0.0,0.0
2010-10-26 00:00:00+09:00,1310.6060791015625,1363.6363525390625,1292.4241943359375,1363.6363525390625,98243,0.0,0.0
2010-10-27 00:00:00+09:00,1362.1212158203125,1389.3939208984375,1351.51513671875,1389.3939208984375,38513,0.0,0.0
2010-10-28 00:00:00+09:00,1381.8182373046875,1436.3636474609375,1369.697021484375,1436.3636474609375,88814,0.0,0.0
2010-10-29 00:00:00+09:00,1445.45458984375,1484.8485107421875,1393.939453125,1454.54541015625,77708,0.0,0.0
2010-11-01 00:00:00+09:00,1395.45458984375,1469.697021484375,1395.45458984375,1457.5758056640625,79574,0.0,0.0
2010-11-02 00:00:00+09:00,1460.6060791015625,1471.212158203125,1400.0,1410.6060791015625,64127,0.0,0.0
2010-11-03 00:00:00+09:00,1412.1212158203125,1436.3636474609375,1321.212158203125,1383.3333740234375,100583,0.0,0.0
2010-11-04 00:00:00+09:00,1383.3333740234375,1403.0302734375,1319.697021484375,1366.6666259765625,62297,0.0,0.0
2010-11-05 00:00:00+09:00,1393.939453125,1424.242431640625,1345.45458984375,1424.242431640625,75845,0.0,0.0
2010-11-08 00:00:00+09:00,1424.242431640625,1575.757568359375,1407.5758056640625,1527.272705078125,288686,0.0,0.0
2010-11-09 00:00:00+09:00,1545.45458984375,1575.757568359375,1501.51513671875,1557.5758056640625,265082,0.0,0.0
2010-11-10 00:00:00+09:00,1551.51513671875,1615.1514892578125,1521.212158203125,1596.9697265625,155036,0.0,0.0
2010-11-11 00:00:00+09:00,1548.48486328125,1603.0302734375,1533.3333740234375,1560.6060791015625,56099,0.0,0.0
2010-11-12 00:00:00+09:00,1542.4241943359375,1581.8182373046875,1475.757568359375,1509.0909423828125,130037,0.0,0.0
2010-11-15 00:00:00+09:00,1487.8787841796875,1512.1212158203125,1448.48486328125,1481.8182373046875,139133,0.0,0.0
2010-11-16 00:00:00+09:00,1460.6060791015625,1524.242431640625,1460.6060791015625,1506.060546875,68303,0.0,0.0
2010-11-17 00:00:00+09:00,1471.212158203125,1510.6060791015625,1450.0,1454.54541015625,106163,0.0,0.0
2010-11-18 00:00:00+09:00,1484.8485107421875,1569.697021484375,1469.697021484375,1551.51513671875,151826,0.0,0.0
2010-11-19 00:00:00+09:00,1560.6060791015625,1769.697021484375,1548.48486328125,1751.51513671875,654941,0.0,0.0
2010-11-22 00:00:00+09:00,1787.8787841796875,1800.0,1651.51513671875,1696.9697265625,262040,0.0,0.0
2010-11-23 00:00:00+09:00,1727.272705078125,1727.272705078125,1600.0,1657.5758056640625,224714,0.0,0.0
2010-11-24 00:00:00+09:00,1533.3333740234375,1648.48486328125,1533.3333740234375,1587.8787841796875,121958,0.0,0.0
2010-11-25 00:00:00+09:00,1600.0,1636.3636474609375,1560.6060791015625,1587.8787841796875,107999,0.0,0.0
2010-11-26 00:00:00+09:00,1590.9090576171875,1603.0302734375,1487.8787841796875,1487.8787841796875,124403,0.0,0.0
2010-11-29 00:00:00+09:00,1487.8787841796875,1509.0909423828125,1409.0909423828125,1430.302978515625,174404,0.0,0.0
2010-11-30 00:00:00+09:00,1439.3939208984375,1484.8485107421875,1439.3939208984375,1450.0,111287,0.0,0.0
2010-12-01 00:00:00+09:00,1431.8182373046875,1466.6666259765625,1424.242431640625,1466.6666259765625,32108,0.0,0.0
2010-12-02 00:00:00+09:00,1489.3939208984375,1530.302978515625,1471.212158203125,1524.242431640625,77642,0.0,0.0
2010-12-03 00:00:00+09:00,1515.1514892578125,1557.5758056640625,1486.3636474609375,1509.0909423828125,25589,0.0,0.0
2010-12-06 00:00:00+09:00,1493.939453125,1560.6060791015625,1471.212158203125,1504.54541015625,73676,0.0,0.0
2010-12-07 00:00:00+09:00,1462.1212158203125,1521.212158203125,1454.54541015625,1521.212158203125,126497,0.0,0.0
2010-12-08 00:00:00+09:00,1521.212158203125,1539.3939208984375,1469.697021484375,1530.302978515625,51683,0.0,0.0
2010-12-09 00:00:00+09:00,1530.302978515625,1530.302978515625,1489.3939208984375,1512.1212158203125,9824,0.0,0.0
2010-12-10 00:00:00+09:00,1468.1817626953125,1524.242431640625,1457.5758056640625,1509.0909423828125,70574,0.0,0.0
2010-12-13 00:00:00+09:00,1512.1212158203125,1536.3636474609375,1501.51513671875,1527.272705078125,24206,0.0,0.0
2010-12-14 00:00:00+09:00,1542.4241943359375,1560.6060791015625,1515.1514892578125,1548.48486328125,105353,0.0,0.0
2010-12-15 00:00:00+09:00,1545.45458984375,1554.54541015625,1524.242431640625,1554.54541015625,41090,0.0,0.0
2010-12-16 00:00:00+09:00,1560.6060791015625,1563.6363525390625,1530.302978515625,1563.6363525390625,34391,0.0,0.0
2010-12-17 00:00:00+09:00,1569.697021484375,1606.060546875,1536.3636474609375,1569.697021484375,159845,0.0,0.0
2010-12-20 00:00:00+09:00,1533.3333740234375,1533.3333740234375,1486.3636474609375,1503.0302734375,80918,0.0,0.0
2010-12-21 00:00:00+09:00,1510.6060791015625,1545.45458984375,1507.5758056640625,1539.3939208984375,28817,0.0,0.0
2010-12-22 00:00:00+09:00,1493.939453125,1554.54541015625,1493.939453125,1536.3636474609375,33728,0.0,0.0
2010-12-23 00:00:00+09:00,1554.54541015625,1554.54541015625,1515.1514892578125,1515.1514892578125,34970,0.0,0.0
2010-12-24 00:00:00+09:00,1542.4241943359375,1542.4241943359375,1487.8787841796875,1501.51513671875,61304,0.0,0.0
2010-12-27 00:00:00+09:00,1486.3636474609375,1521.212158203125,1486.3636474609375,1503.0302734375,29732,0.0,0.0
2010-12-28 00:00:00+09:00,1506.060546875,1530.302978515625,1474.242431640625,1530.302978515625,34517,0.0,0.0
2010-12-29 00:00:00+09:00,1545.45458984375,1545.45458984375,1496.9697265625,1521.212158203125,44957,0.0,0.0
2010-12-30 00:00:00+09:00,1542.4241943359375,1572.727294921875,1530.302978515625,1569.697021484375,111341,0.0,0.0
2011-01-03 00:00:00+09:00,1575.757568359375,1651.51513671875,1566.6666259765625,1642.4241943359375,230348,0.0,0.0
2011-01-04 00:00:00+09:00,1630.302978515625,1663.6363525390625,1612.1212158203125,1648.48486328125,100697,0.0,0.0
2011-01-05 00:00:00+09:00,1648.48486328125,1681.8182373046875,1633.3333740234375,1648.48486328125,77954,0.0,0.0
2011-01-06 00:00:00+09:00,1636.3636474609375,1657.5758056640625,1606.060546875,1621.212158203125,86906,0.0,0.0
2011-01-07 00:00:00+09:00,1621.212158203125,1645.45458984375,1615.1514892578125,1636.3636474609375,32063,0.0,0.0
2011-01-10 00:00:00+09:00,1636.3636474609375,1693.939453125,1636.3636474609375,1666.6666259765625,122630,0.0,0.0
2011-01-11 00:00:00+09:00,1651.51513671875,1675.757568359375,1639.3939208984375,1660.6060791015625,34649,0.0,0.0
2011-01-12 00:00:00+09:00,1651.51513671875,1681.8182373046875,1624.242431640625,1651.51513671875,126416,0.0,0.0
2011-01-13 00:00:00+09:00,1639.3939208984375,1657.5758056640625,1621.212158203125,1621.212158203125,51758,0.0,0.0
2011-01-14 00:00:00+09:00,1609.0909423828125,1642.4241943359375,1596.9697265625,1596.9697265625,35336,0.0,0.0
2011-01-17 00:00:00+09:00,1609.0909423828125,1636.3636474609375,1575.757568359375,1581.8182373046875,47504,0.0,0.0
2011-01-18 00:00:00+09:00,1593.939453125,1603.0302734375,1557.5758056640625,1596.9697265625,28901,0.0,0.0
2011-01-19 00:00:00+09:00,1630.302978515625,1630.302978515625,1590.9090576171875,1618.1817626953125,28547,0.0,0.0
2011-01-20 00:00:00+09:00,1612.1212158203125,1621.212158203125,1536.3636474609375,1606.060546875,26018,0.0,0.0
2011-01-21 00:00:00+09:00,1603.0302734375,1603.0302734375,1569.697021484375,1587.8787841796875,20396,0.0,0.0
2011-01-24 00:00:00+09:00,1596.9697265625,1600.0,1551.51513671875,1560.6060791015625,46910,0.0,0.0
2011-01-25 00:00:00+09:00,1545.45458984375,1587.8787841796875,1545.45458984375,1569.697021484375,34673,0.0,0.0
2011-01-26 00:00:00+09:00,1569.697021484375,1584.8485107421875,1539.3939208984375,1575.757568359375,78356,0.0,0.0
2011-01-27 00:00:00+09:00,1575.757568359375,1609.0909423828125,1563.6363525390625,1603.0302734375,94358,0.0,0.0
2011-01-28 00:00:00+09:00,1606.060546875,1636.3636474609375,1575.757568359375,1615.1514892578125,97820,0.0,0.0
2011-01-31 00:00:00+09:00,1584.8485107421875,1636.3636474609375,1557.5758056640625,1563.6363525390625,129122,0.0,0.0
2011-02-01 00:00:00+09:00,1593.939453125,1593.939453125,1515.1514892578125,1545.45458984375,149582,0.0,0.0
2011-02-07 00:00:00+09:00,1572.727294921875,1609.0909423828125,1545.45458984375,1560.6060791015625,92954,0.0,0.0
2011-02-08 00:00:00+09:00,1560.6060791015625,1636.3636474609375,1560.6060791015625,1615.1514892578125,168929,0.0,0.0
2011-02-09 00:00:00+09:00,1587.8787841796875,1633.3333740234375,1587.8787841796875,1624.242431640625,33932,0.0,0.0
2011-02-10 00:00:00+09:00,1606.060546875,1636.3636474609375,1563.6363525390625,1590.9090576171875,45557,0.0,0.0
2011-02-11 00:00:00+09:00,1609.0909423828125,1612.1212158203125,1545.45458984375,1560.6060791015625,32177,0.0,0.0
2011-02-14 00:00:00+09:00,1587.8787841796875,1596.9697265625,1548.48486328125,1587.8787841796875,21713,0.0,0.0
2011-02-15 00:00:00+09:00,1596.9697265625,1596.9697265625,1536.3636474609375,1584.8485107421875,42737,0.0,0.0
2011-02-16 00:00:00+09:00,1590.9090576171875,1593.939453125,1548.48486328125,1578.787841796875,113444,0.0,0.0
2011-02-17 00:00:00+09:00,1578.787841796875,1593.939453125,1530.302978515625,1530.302978515625,89102,0.0,0.0
2011-02-18 00:00:00+09:00,1569.697021484375,1696.9697265625,1536.3636474609375,1590.9090576171875,288473,0.0,0.0
2011-02-21 00:00:00+09:00,1621.212158203125,1621.212158203125,1575.757568359375,1603.0302734375,114995,0.0,0.0
2011-02-22 00:00:00+09:00,1603.0302734375,1603.0302734375,1545.45458984375,1563.6363525390625,77423,0.0,0.0
2011-02-23 00:00:00+09:00,1563.6363525390625,1587.8787841796875,1551.51513671875,1554.54541015625,66944,0.0,0.0
2011-02-24 00:00:00+09:00,1575.757568359375,1575.757568359375,1500.0,1515.1514892578125,49181,0.0,0.0
2011-02-25 00:00:00+09:00,1527.272705078125,1560.6060791015625,1515.1514892578125,1539.3939208984375,45719,0.0,0.0
2011-02-28 00:00:00+09:00,1545.45458984375,1551.51513671875,1484.8485107421875,1518.1817626953125,62294,0.0,0.0
2011-03-02 00:00:00+09:00,1515.1514892578125,1515.1514892578125,1484.8485107421875,1490.9090576171875,48281,0.0,0.0
2011-03-03 00:00:00+09:00,1460.6060791015625,1527.272705078125,1460.6060791015625,1512.1212158203125,60767,0.0,0.0
2011-03-04 00:00:00+09:00,1539.3939208984375,1545.45458984375,1500.0,1545.45458984375,73979,0.0,0.0
2011-03-07 00:00:00+09:00,1554.54541015625,1593.939453125,1539.3939208984375,1575.757568359375,95702,0.0,0.0
2011-03-08 00:00:00+09:00,1581.8182373046875,1612.1212158203125,1551.51513671875,1606.060546875,103403,0.0,0.0
2011-03-09 00:00:00+09:00,1606.060546875,1612.1212158203125,1563.6363525390625,1600.0,50447,0.0,0.0
2011-03-10 00:00:00+09:00,1578.787841796875,1603.0302734375,1533.3333740234375,1590.9090576171875,20900,0.0,0.0
2011-03-11 00:00:00+09:00,1572.727294921875,1581.8182373046875,1530.302978515625,1560.6060791015625,39446,0.0,0.0
2011-03-14 00:00:00+09:00,1515.1514892578125,1530.302978515625,1456.060546875,1503.0302734375,82280,0.0,0.0
2011-03-15 00:00:00+09:00,1506.060546875,1513.6363525390625,1363.6363525390625,1454.54541015625,85715,0.0,0.0
2011-03-16 00:00:00+09:00,1478.787841796875,1560.6060791015625,1400.0,1545.45458984375,85046,0.0,0.0
2011-03-17 00:00:00+09:00,1515.1514892578125,1560.6060791015625,1484.8485107421875,1557.5758056640625,21158,0.0,0.0
2011-03-18 00:00:00+09:00,1548.48486328125,1584.8485107421875,1545.45458984375,1578.787841796875,34631,0.0,0.0
2011-03-21 00:00:00+09:00,1587.8787841796875,1603.0302734375,1563.6363525390625,1593.939453125,70193,0.0,0.0
2011-03-22 00:00:00+09:00,1600.0,1606.060546875,1560.6060791015625,1596.9697265625,172628,0.0,0.0
2011-03-23 00:00:00+09:00,1600.0,1630.302978515625,1587.8787841796875,1621.212158203125,158147,0.0,0.0
2011-03-24 00:00:00+09:00,1627.272705078125,1648.48486328125,1603.0302734375,1627.272705078125,67442,0.0,0.0
2011-03-25 00:00:00+09:00,1648.48486328125,1648.48486328125,1575.757568359375,1615.1514892578125,121400,0.0,0.0
2011-03-28 00:00:00+09:00,1615.1514892578125,1666.6666259765625,1566.6666259765625,1651.51513671875,144596,0.0,0.0
2011-03-29 00:00:00+09:00,1618.1817626953125,1784.8485107421875,1618.1817626953125,1763.6363525390625,419819,0.0,0.0
2011-03-30 00:00:00+09:00,1772.727294921875,1924.242431640625,1766.6666259765625,1863.6363525390625,319829,0.0,0.0
2011-03-31 00:00:00+09:00,1893.939453125,1924.242431640625,1821.212158203125,1875.757568359375,295556,0.0,0.0
2011-04-01 00:00:00+09:00,1875.757568359375,1878.787841796875,1818.1817626953125,1848.48486328125,204098,0.0,0.0
2011-04-04 00:00:00+09:00,1884.8485107421875,1884.8485107421875,1833.3333740234375,1863.6363525390625,97847,0.0,0.0
2011-04-05 00:00:00+09:00,1866.6666259765625,1872.727294921875,1809.0909423828125,1863.6363525390625,231527,0.0,0.0
2011-04-06 00:00:00+09:00,1851.51513671875,1872.727294921875,1827.272705078125,1872.727294921875,152213,0.0,0.0
2011-04-07 00:00:00+09:00,1872.727294921875,1954.54541015625,1860.6060791015625,1887.8787841796875,198110,0.0,0.0
2011-04-08 00:00:00+09:00,1878.787841796875,1936.3636474609375,1863.6363525390625,1881.8182373046875,142235,0.0,0.0
2011-04-11 00:00:00+09:00,1884.8485107421875,1900.0,1848.48486328125,1900.0,136712,0.0,0.0
2011-04-12 00:00:00+09:00,1878.787841796875,1909.0909423828125,1806.060546875,1806.060546875,128552,0.0,0.0
2011-04-13 00:00:00+09:00,1806.060546875,1848.48486328125,1757.5758056640625,1809.0909423828125,138551,0.0,0.0
2011-04-14 00:00:00+09:00,1809.0909423828125,1827.272705078125,1778.787841796875,1818.1817626953125,49580,0.0,0.0
2011-04-15 00:00:00+09:00,1845.45458984375,1875.757568359375,1803.0302734375,1872.727294921875,157547,0.0,0.0
2011-04-18 00:00:00+09:00,1866.6666259765625,1878.787841796875,1809.0909423828125,1818.1817626953125,132800,0.0,0.0
2011-04-19 00:00:00+09:00,1818.1817626953125,1833.3333740234375,1787.8787841796875,1815.1514892578125,89741,0.0,0.0
2011-04-20 00:00:00+09:00,1845.45458984375,1875.757568359375,1821.212158203125,1875.757568359375,144281,0.0,0.0
2011-04-21 00:00:00+09:00,1887.8787841796875,1972.727294921875,1875.757568359375,1896.9697265625,285077,0.0,0.0
2011-04-22 00:00:00+09:00,1881.8182373046875,1896.9697265625,1815.1514892578125,1869.697021484375,165374,0.0,0.0
2011-04-25 00:00:00+09:00,1851.51513671875,1878.787841796875,1796.9697265625,1875.757568359375,70370,0.0,0.0
2011-04-26 00:00:00+09:00,1906.060546875,1906.060546875,1827.272705078125,1854.54541015625,51863,0.0,0.0
2011-04-27 00:00:00+09:00,1839.3939208984375,1872.727294921875,1821.212158203125,1848.48486328125,52316,0.0,0.0
2011-04-28 00:00:00+09:00,1836.3636474609375,1845.45458984375,1818.1817626953125,1839.3939208984375,47669,0.0,0.0
2011-04-29 00:00:00+09:00,1821.212158203125,1860.6060791015625,1757.5758056640625,1803.0302734375,81938,0.0,0.0
2011-05-02 00:00:00+09:00,1803.0302734375,1818.1817626953125,1766.6666259765625,1806.060546875,47885,0.0,0.0
2011-05-03 00:00:00+09:00,1803.0302734375,1815.1514892578125,1778.787841796875,1800.0,40412,0.0,0.0
2011-05-04 00:00:00+09:00,1815.1514892578125,1815.1514892578125,1757.5758056640625,1793.939453125,18659,0.0,0.0
2011-05-06 00:00:00+09:00,1745.45458984375,1790.9090576171875,1733.3333740234375,1769.697021484375,28757,0.0,0.0
2011-05-09 00:00:00+09:00,1733.3333740234375,1796.9697265625,1724.242431640625,1787.8787841796875,14108,0.0,0.0
2011-05-11 00:00:00+09:00,1806.060546875,1806.060546875,1730.302978515625,1787.8787841796875,15782,0.0,0.0
2011-05-12 00:00:00+09:00,1790.9090576171875,1790.9090576171875,1742.4241943359375,1757.5758056640625,8300,0.0,0.0
2011-05-13 00:00:00+09:00,1784.8485107421875,1784.8485107421875,1727.272705078125,1772.727294921875,52250,0.0,0.0
2011-05-16 00:00:00+09:00,1772.727294921875,1787.8787841796875,1712.1212158203125,1757.5758056640625,39848,0.0,0.0
2011-05-17 00:00:00+09:00,1784.8485107421875,1800.0,1739.3939208984375,1796.9697265625,96230,0.0,0.0
2011-05-18 00:00:00+09:00,1815.1514892578125,1863.6363525390625,1787.8787841796875,1863.6363525390625,183197,0.0,0.0
2011-05-19 00:00:00+09:00,1890.9090576171875,1954.54541015625,1848.48486328125,1875.757568359375,219377,0.0,0.0
2011-05-20 00:00:00+09:00,1878.787841796875,1893.939453125,1866.6666259765625,1878.787841796875,35663,0.0,0.0
2011-05-23 00:00:00+09:00,1900.0,1900.0,1818.1817626953125,1833.3333740234375,136952,0.0,0.0
2011-05-24 00:00:00+09:00,1757.5758056640625,1842.4241943359375,1757.5758056640625,1824.242431640625,71189,0.0,0.0
2011-05-25 00:00:00+09:00,1793.939453125,1836.3636474609375,1793.939453125,1812.1212158203125,26354,0.0,0.0
2011-05-26 00:00:00+09:00,1775.757568359375,1906.060546875,1775.757568359375,1884.8485107421875,83528,0.0,0.0
2011-05-27 00:00:00+09:00,1912.1212158203125,1912.1212158203125,1860.6060791015625,1890.9090576171875,42557,0.0,0.0
2011-05-30 00:00:00+09:00,1878.787841796875,1887.8787841796875,1863.6363525390625,1878.787841796875,26531,0.0,0.0
2011-05-31 00:00:00+09:00,1893.939453125,1921.212158203125,1827.272705078125,1906.060546875,150827,0.0,0.0
2011-06-01 00:00:00+09:00,1893.939453125,1924.242431640625,1884.8485107421875,1900.0,38336,0.0,0.0
2011-06-02 00:00:00+09:00,1842.4241943359375,1900.0,1833.3333740234375,1848.48486328125,59282,0.0,0.0
2011-06-03 00:00:00+09:00,1893.939453125,1893.939453125,1839.3939208984375,1848.48486328125,35786,0.0,0.0
2011-06-07 00:00:00+09:00,1800.0,1869.697021484375,1800.0,1809.0909423828125,75866,0.0,0.0
2011-06-08 00:00:00+09:00,1790.9090576171875,1845.45458984375,1787.8787841796875,1809.0909423828125,33857,0.0,0.0
2011-06-09 00:00:00+09:00,1833.3333740234375,1833.3333740234375,1787.8787841796875,1815.1514892578125,16406,0.0,0.0
2011-06-10 00:00:00+09:00,1800.0,1857.5758056640625,1757.5758056640625,1833.3333740234375,148922,0.0,0.0
2011-06-13 00:00:00+09:00,1848.48486328125,1848.48486328125,1772.727294921875,1809.0909423828125,31688,0.0,0.0
2011-06-14 00:00:00+09:00,1772.727294921875,1827.272705078125,1772.727294921875,1812.1212158203125,32738,0.0,0.0
2011-06-15 00:00:00+09:00,1800.0,1830.302978515625,1778.787841796875,1830.302978515625,18599,0.0,0.0
2011-06-16 00:00:00+09:00,1815.1514892578125,1818.1817626953125,1769.697021484375,1812.1212158203125,24869,0.0,0.0
2011-06-17 00:00:00+09:00,1784.8485107421875,1815.1514892578125,1760.6060791015625,1812.1212158203125,22100,0.0,0.0
2011-06-20 00:00:00+09:00,1818.1817626953125,1818.1817626953125,1742.4241943359375,1784.8485107421875,70313,0.0,0.0
2011-06-21 00:00:00+09:00,1757.5758056640625,1796.9697265625,1696.9697265625,1721.212158203125,124574,0.0,0.0
2011-06-22 00:00:00+09:00,1739.3939208984375,1739.3939208984375,1666.6666259765625,1693.939453125,106319,0.0,0.0
2011-06-23 00:00:00+09:00,1669.697021484375,1709.0909423828125,1666.6666259765625,1690.9090576171875,35096,0.0,0.0
2011-06-24 00:00:00+09:00,1693.939453125,1727.272705078125,1681.8182373046875,1712.1212158203125,15518,0.0,0.0
2011-06-27 00:00:00+09:00,1672.727294921875,1742.4241943359375,1672.727294921875,1742.4241943359375,16052,0.0,0.0
2011-06-28 00:00:00+09:00,1748.48486328125,1748.48486328125,1712.1212158203125,1724.242431640625,21356,0.0,0.0
2011-06-29 00:00:00+09:00,1742.4241943359375,1742.4241943359375,1696.9697265625,1736.3636474609375,15227,0.0,0.0
2011-06-30 00:00:00+09:00,1693.939453125,1754.54541015625,1693.939453125,1742.4241943359375,3245,0.0,0.0
2011-07-01 00:00:00+09:00,1751.51513671875,1751.51513671875,1706.060546875,1745.45458984375,21752,0.0,0.0
2011-07-04 00:00:00+09:00,1724.242431640625,1781.8182373046875,1703.0302734375,1760.6060791015625,34016,0.0,0.0
2011-07-05 00:00:00+09:00,1793.939453125,1793.939453125,1733.3333740234375,1778.787841796875,8705,0.0,0.0
2011-07-06 00:00:00+09:00,1778.787841796875,1787.8787841796875,1727.272705078125,1733.3333740234375,51503,0.0,0.0
2011-07-07 00:00:00+09:00,1718.1817626953125,1745.45458984375,1709.0909423828125,1724.242431640625,80795,0.0,0.0
2011-07-08 00:00:00+09:00,1739.3939208984375,1748.48486328125,1715.1514892578125,1742.4241943359375,67757,0.0,0.0
2011-07-11 00:00:00+09:00,1727.272705078125,1754.54541015625,1727.272705078125,1751.51513671875,36044,0.0,0.0
2011-07-12 00:00:00+09:00,1751.51513671875,1751.51513671875,1721.212158203125,1742.4241943359375,82268,0.0,0.0
2011-07-13 00:00:00+09:00,1742.4241943359375,1793.939453125,1730.302978515625,1745.45458984375,65111,0.0,0.0
2011-07-14 00:00:00+09:00,1745.45458984375,1754.54541015625,1727.272705078125,1754.54541015625,48644,0.0,0.0
2011-07-15 00:00:00+09:00,1757.5758056640625,1781.8182373046875,1727.272705078125,1778.787841796875,79778,0.0,0.0
2011-07-18 00:00:00+09:00,1784.8485107421875,1812.1212158203125,1751.51513671875,1809.0909423828125,28658,0.0,0.0
2011-07-19 00:00:00+09:00,1775.757568359375,1845.45458984375,1775.757568359375,1818.1817626953125,42245,0.0,0.0
2011-07-20 00:00:00+09:00,1818.1817626953125,1878.787841796875,1818.1817626953125,1863.6363525390625,101684,0.0,0.0
2011-07-21 00:00:00+09:00,1851.51513671875,1872.727294921875,1839.3939208984375,1866.6666259765625,175568,0.0,0.0
2011-07-22 00:00:00+09:00,1887.8787841796875,1887.8787841796875,1848.48486328125,1875.757568359375,88226,0.0,0.0
2011-07-25 00:00:00+09:00,1875.757568359375,1875.757568359375,1839.3939208984375,1842.4241943359375,55022,0.0,0.0
2011-07-26 00:00:00+09:00,1863.6363525390625,1863.6363525390625,1830.302978515625,1842.4241943359375,46532,0.0,0.0
2011-07-27 00:00:00+09:00,1848.48486328125,1851.51513671875,1824.242431640625,1848.48486328125,67319,0.0,0.0
2011-07-28 00:00:00+09:00,1857.5758056640625,1863.6363525390625,1827.272705078125,1863.6363525390625,31208,0.0,0.0
2011-07-29 00:00:00+09:00,1863.6363525390625,1863.6363525390625,1833.3333740234375,1860.6060791015625,70892,0.0,0.0
2011-08-01 00:00:00+09:00,1848.48486328125,1872.727294921875,1845.45458984375,1848.48486328125,70694,0.0,0.0
2011-08-02 00:00:00+09:00,1833.3333740234375,1857.5758056640625,1818.1817626953125,1851.51513671875,88934,0.0,0.0
2011-08-03 00:00:00+09:00,1803.0302734375,1842.4241943359375,1787.8787841796875,1809.0909423828125,18239,0.0,0.0
2011-08-04 00:00:00+09:00,1830.302978515625,1830.302978515625,1733.3333740234375,1754.54541015625,59516,0.0,0.0
2011-08-05 00:00:00+09:00,1575.757568359375,1684.8485107421875,1557.5758056640625,1645.45458984375,95321,0.0,0.0
2011-08-08 00:00:00+09:00,1560.6060791015625,1639.3939208984375,1548.48486328125,1572.727294921875,172523,0.0,0.0
2011-08-09 00:00:00+09:00,1443.939453125,1512.1212158203125,1339.3939208984375,1469.697021484375,211148,0.0,0.0
2011-08-10 00:00:00+09:00,1530.302978515625,1569.697021484375,1436.3636474609375,1490.9090576171875,74969,0.0,0.0
2011-08-11 00:00:00+09:00,1346.9697265625,1663.6363525390625,1346.9697265625,1506.060546875,80294,0.0,0.0
2011-08-12 00:00:00+09:00,1596.9697265625,1596.9697265625,1462.1212158203125,1575.757568359375,37874,0.0,0.0
2011-08-16 00:00:00+09:00,1627.272705078125,1627.272705078125,1521.212158203125,1527.272705078125,145502,0.0,0.0
2011-08-17 00:00:00+09:00,1548.48486328125,1560.6060791015625,1515.1514892578125,1557.5758056640625,48665,0.0,0.0
2011-08-18 00:00:00+09:00,1572.727294921875,1600.0,1542.4241943359375,1590.9090576171875,61958,0.0,0.0
2011-08-19 00:00:00+09:00,1590.9090576171875,1590.9090576171875,1453.0302734375,1512.1212158203125,32750,0.0,0.0
2011-08-22 00:00:00+09:00,1512.1212158203125,1569.697021484375,1351.51513671875,1484.8485107421875,36344,0.0,0.0
2011-08-23 00:00:00+09:00,1487.8787841796875,1496.9697265625,1428.787841796875,1463.6363525390625,165968,0.0,0.0
2011-08-24 00:00:00+09:00,1493.939453125,1493.939453125,1425.757568359375,1459.0909423828125,21533,0.0,0.0
2011-08-25 00:00:00+09:00,1506.060546875,1506.060546875,1448.48486328125,1480.302978515625,17744,0.0,0.0
2011-08-26 00:00:00+09:00,1481.8182373046875,1481.8182373046875,1393.939453125,1472.727294921875,13688,0.0,0.0
2011-08-29 00:00:00+09:00,1484.8485107421875,1484.8485107421875,1439.3939208984375,1478.787841796875,16928,0.0,0.0
2011-08-30 00:00:00+09:00,1484.8485107421875,1509.0909423828125,1460.6060791015625,1460.6060791015625,21440,0.0,0.0
2011-08-31 00:00:00+09:00,1490.9090576171875,1507.5758056640625,1454.54541015625,1504.54541015625,17438,0.0,0.0
2011-09-01 00:00:00+09:00,1498.48486328125,1539.3939208984375,1463.6363525390625,1475.757568359375,61745,0.0,0.0
2011-09-02 00:00:00+09:00,1466.6666259765625,1487.8787841796875,1446.9697265625,1475.757568359375,75116,0.0,0.0
2011-09-05 00:00:00+09:00,1445.45458984375,1492.4241943359375,1416.6666259765625,1453.0302734375,94028,0.0,0.0
2011-09-06 00:00:00+09:00,1403.0302734375,1460.6060791015625,1396.9697265625,1451.51513671875,59540,0.0,0.0
2011-09-07 00:00:00+09:00,1483.3333740234375,1483.3333740234375,1428.787841796875,1478.787841796875,26441,0.0,0.0
2011-09-08 00:00:00+09:00,1513.6363525390625,1513.6363525390625,1440.9090576171875,1475.757568359375,11471,0.0,0.0
2011-09-09 00:00:00+09:00,1436.3636474609375,1513.6363525390625,1436.3636474609375,1454.54541015625,12647,0.0,0.0
2011-09-14 00:00:00+09:00,1462.1212158203125,1462.1212158203125,1415.1514892578125,1454.54541015625,11837,0.0,0.0
2011-09-15 00:00:00+09:00,1454.54541015625,1454.54541015625,1415.1514892578125,1442.4241943359375,27329,0.0,0.0
2011-09-16 00:00:00+09:00,1453.0302734375,1503.0302734375,1431.8182373046875,1448.48486328125,36209,0.0,0.0
2011-09-19 00:00:00+09:00,1500.0,1500.0,1418.1817626953125,1425.757568359375,15335,0.0,0.0
2011-09-20 00:00:00+09:00,1407.5758056640625,1448.48486328125,1403.0302734375,1424.242431640625,11558,0.0,0.0
2011-09-21 00:00:00+09:00,1424.242431640625,1493.939453125,1400.0,1439.3939208984375,28406,0.0,0.0
2011-09-22 00:00:00+09:00,1439.3939208984375,1439.3939208984375,1383.3333740234375,1418.1817626953125,5456,0.0,0.0
2011-09-23 00:00:00+09:00,1357.5758056640625,1384.8485107421875,1260.6060791015625,1260.6060791015625,100487,0.0,0.0
2011-09-26 00:00:00+09:00,1287.8787841796875,1287.8787841796875,1151.51513671875,1189.3939208984375,41834,0.0,0.0
2011-09-27 00:00:00+09:00,1151.51513671875,1181.8182373046875,1136.3636474609375,1154.54541015625,224447,0.0,0.0
2011-09-28 00:00:00+09:00,1160.6060791015625,1163.6363525390625,1145.45458984375,1145.45458984375,32381,0.0,0.0
2011-09-29 00:00:00+09:00,1175.757568359375,1175.757568359375,1125.757568359375,1166.6666259765625,31079,0.0,0.0
2011-09-30 00:00:00+09:00,1154.54541015625,1174.242431640625,1106.060546875,1166.6666259765625,132218,0.0,0.0
2011-10-04 00:00:00+09:00,1134.8485107421875,1134.8485107421875,1060.6060791015625,1101.51513671875,101618,0.0,0.0
2011-10-05 00:00:00+09:00,1121.212158203125,1121.212158203125,1060.6060791015625,1087.8787841796875,11978,0.0,0.0
2011-10-06 00:00:00+09:00,1143.939453125,1143.939453125,1080.302978515625,1107.5758056640625,6719,0.0,0.0
2011-10-07 00:00:00+09:00,1109.0909423828125,1148.48486328125,1109.0909423828125,1133.3333740234375,9635,0.0,0.0
2011-10-10 00:00:00+09:00,1136.3636474609375,1178.787841796875,1136.3636474609375,1172.727294921875,19430,0.0,0.0
2011-10-11 00:00:00+09:00,1174.242431640625,1212.1212158203125,1174.242431640625,1203.0302734375,49829,0.0,0.0
2011-10-12 00:00:00+09:00,1181.8182373046875,1242.4241943359375,1175.757568359375,1240.9090576171875,46931,0.0,0.0
2011-10-13 00:00:00+09:00,1256.060546875,1256.060546875,1230.302978515625,1248.48486328125,15728,0.0,0.0
2011-10-14 00:00:00+09:00,1248.48486328125,1272.727294921875,1195.45458984375,1242.4241943359375,8525,0.0,0.0
2011-10-17 00:00:00+09:00,1301.51513671875,1301.51513671875,1230.302978515625,1257.5758056640625,5852,0.0,0.0
2011-10-18 00:00:00+09:00,1221.212158203125,1272.727294921875,1219.697021484375,1236.3636474609375,20000,0.0,0.0
2011-10-19 00:00:00+09:00,1278.787841796875,1278.787841796875,1224.242431640625,1242.4241943359375,17027,0.0,0.0
2011-10-20 00:00:00+09:00,1221.212158203125,1283.3333740234375,1200.0,1234.8485107421875,16934,0.0,0.0
2011-10-21 00:00:00+09:00,1257.5758056640625,1257.5758056640625,1187.8787841796875,1242.4241943359375,2396,0.0,0.0
2011-10-24 00:00:00+09:00,1256.060546875,1257.5758056640625,1225.757568359375,1256.060546875,52985,0.0,0.0
2011-10-25 00:00:00+09:00,1248.48486328125,1275.757568359375,1246.9697265625,1251.51513671875,57488,0.0,0.0
2011-10-26 00:00:00+09:00,1201.51513671875,1286.3636474609375,1201.51513671875,1257.5758056640625,15668,0.0,0.0
2011-10-27 00:00:00+09:00,1257.5758056640625,1287.8787841796875,1257.5758056640625,1286.3636474609375,17099,0.0,0.0
2011-10-28 00:00:00+09:00,1286.3636474609375,1300.0,1272.727294921875,1300.0,30608,0.0,0.0
2011-10-31 00:00:00+09:00,1293.939453125,1316.6666259765625,1262.1212158203125,1286.3636474609375,3971,0.0,0.0
2011-11-01 00:00:00+09:00,1272.727294921875,1286.3636474609375,1272.727294921875,1284.8485107421875,3341,0.0,0.0
2011-11-02 00:00:00+09:00,1233.3333740234375,1274.242431640625,1233.3333740234375,1266.6666259765625,6632,0.0,0.0
2011-11-03 00:00:00+09:00,1257.5758056640625,1272.727294921875,1257.5758056640625,1269.697021484375,28295,0.0,0.0
2011-11-04 00:00:00+09:00,1234.8485107421875,1303.0302734375,1234.8485107421875,1296.9697265625,22049,0.0,0.0
2011-11-07 00:00:00+09:00,1296.9697265625,1303.0302734375,1269.697021484375,1296.9697265625,22490,0.0,0.0
2011-11-08 00:00:00+09:00,1296.9697265625,1315.1514892578125,1278.787841796875,1306.060546875,182075,0.0,0.0
2011-11-09 00:00:00+09:00,1303.0302734375,1356.060546875,1290.9090576171875,1337.8787841796875,406178,0.0,0.0
2011-11-10 00:00:00+09:00,1309.0909423828125,1309.0909423828125,1245.45458984375,1266.6666259765625,74894,0.0,0.0
2011-11-11 00:00:00+09:00,1300.0,1303.0302734375,1266.6666259765625,1274.242431640625,81761,0.0,0.0
2011-11-14 00:00:00+09:00,1268.1817626953125,1298.48486328125,1268.1817626953125,1292.4241943359375,65009,0.0,0.0
2011-11-15 00:00:00+09:00,1293.939453125,1293.939453125,1245.45458984375,1245.45458984375,58223,0.0,0.0
2011-11-16 00:00:00+09:00,1242.4241943359375,1260.6060791015625,1206.060546875,1225.757568359375,139700,0.0,0.0
2011-11-17 00:00:00+09:00,1245.45458984375,1245.45458984375,1212.1212158203125,1222.727294921875,12488,0.0,0.0
2011-11-18 00:00:00+09:00,1222.727294921875,1242.4241943359375,1190.9090576171875,1210.6060791015625,44222,0.0,0.0
2011-11-21 00:00:00+09:00,1212.1212158203125,1212.1212158203125,1186.3636474609375,1204.54541015625,43049,0.0,0.0
2011-11-22 00:00:00+09:00,1169.697021484375,1204.54541015625,1169.697021484375,1198.48486328125,31331,0.0,0.0
2011-11-23 00:00:00+09:00,1236.3636474609375,1236.3636474609375,1154.54541015625,1178.787841796875,82583,0.0,0.0
2011-11-24 00:00:00+09:00,1156.060546875,1196.9697265625,1156.060546875,1187.8787841796875,7115,0.0,0.0
2011-11-25 00:00:00+09:00,1160.6060791015625,1213.6363525390625,1154.54541015625,1163.6363525390625,8342,0.0,0.0
2011-11-28 00:00:00+09:00,1165.1514892578125,1180.302978515625,1163.6363525390625,1174.242431640625,47378,0.0,0.0
2011-11-29 00:00:00+09:00,1210.6060791015625,1210.6060791015625,1162.1212158203125,1175.757568359375,55544,0.0,0.0
2011-11-30 00:00:00+09:00,1196.9697265625,1209.0909423828125,1175.757568359375,1209.0909423828125,17645,0.0,0.0
2011-12-01 00:00:00+09:00,1237.8787841796875,1257.5758056640625,1215.1514892578125,1230.302978515625,115196,0.0,0.0
2011-12-02 00:00:00+09:00,1216.6666259765625,1230.302978515625,1212.1212158203125,1224.242431640625,10694,0.0,0.0
2011-12-05 00:00:00+09:00,1272.727294921875,1272.727294921875,1209.0909423828125,1228.787841796875,15188,0.0,0.0
2011-12-06 00:00:00+09:00,1215.1514892578125,1246.9697265625,1209.0909423828125,1222.727294921875,66971,0.0,0.0
2011-12-07 00:00:00+09:00,1212.1212158203125,1233.3333740234375,1209.0909423828125,1225.757568359375,26813,0.0,0.0
2011-12-08 00:00:00+09:00,1225.757568359375,1242.4241943359375,1212.1212158203125,1228.787841796875,18095,0.0,0.0
2011-12-09 00:00:00+09:00,1242.4241943359375,1242.4241943359375,1212.1212158203125,1230.302978515625,26372,0.0,0.0
2011-12-12 00:00:00+09:00,1230.302978515625,1250.0,1218.1817626953125,1234.8485107421875,98684,0.0,0.0
2011-12-13 00:00:00+09:00,1207.5758056640625,1228.787841796875,1207.5758056640625,1218.1817626953125,33398,0.0,0.0
2011-12-14 00:00:00+09:00,1219.697021484375,1227.272705078125,1206.060546875,1219.697021484375,13025,0.0,0.0
2011-12-15 00:00:00+09:00,1225.757568359375,1225.757568359375,1169.697021484375,1171.212158203125,100394,0.0,0.0
2011-12-16 00:00:00+09:00,1183.3333740234375,1212.1212158203125,1168.1817626953125,1172.727294921875,52067,0.0,0.0
2011-12-19 00:00:00+09:00,1157.5758056640625,1196.9697265625,1113.6363525390625,1124.242431640625,184409,0.0,0.0
2011-12-20 00:00:00+09:00,1130.302978515625,1151.51513671875,1124.242431640625,1124.242431640625,17381,0.0,0.0
2011-12-21 00:00:00+09:00,1145.45458984375,1257.5758056640625,1127.272705078125,1251.51513671875,209342,0.0,0.0
2011-12-22 00:00:00+09:00,1263.6363525390625,1293.939453125,1228.787841796875,1269.697021484375,107846,0.0,0.0
2011-12-23 00:00:00+09:00,1296.9697265625,1296.9697265625,1248.48486328125,1272.727294921875,28010,0.0,0.0
2011-12-26 00:00:00+09:00,1303.0302734375,1303.0302734375,1246.9697265625,1272.727294921875,20927,0.0,0.0
2011-12-27 00:00:00+09:00,1272.727294921875,1296.9697265625,1230.302978515625,1251.51513671875,27128,0.0,0.0
2011-12-28 00:00:00+09:00,1219.697021484375,1227.272705078125,1195.45458984375,1224.242431640625,3566,0.0,0.0
2011-12-29 00:00:00+09:00,1207.5758056640625,1242.4241943359375,1196.9697265625,1240.9090576171875,155918,0.0,0.0
2012-01-02 00:00:00+09:00,1251.51513671875,1251.51513671875,1212.1212158203125,1212.1212158203125,4157,0.0,0.0
2012-01-03 00:00:00+09:00,1172.727294921875,1233.3333740234375,1172.727294921875,1219.697021484375,238757,0.0,0.0
2012-01-04 00:00:00+09:00,1213.6363525390625,1236.3636474609375,1183.3333740234375,1215.1514892578125,20723,0.0,0.0
2012-01-05 00:00:00+09:00,1216.6666259765625,1284.8485107421875,1198.48486328125,1248.48486328125,74309,0.0,0.0
2012-01-06 00:00:00+09:00,1242.4241943359375,1277.272705078125,1225.757568359375,1242.4241943359375,85352,0.0,0.0
2012-01-09 00:00:00+09:00,1245.45458984375,1316.6666259765625,1230.302978515625,1303.0302734375,168677,0.0,0.0
2012-01-10 00:00:00+09:00,1345.45458984375,1345.45458984375,1289.3939208984375,1309.0909423828125,113441,0.0,0.0
2012-01-11 00:00:00+09:00,1303.0302734375,1333.3333740234375,1290.9090576171875,1303.0302734375,110801,0.0,0.0
2012-01-12 00:00:00+09:00,1303.0302734375,1342.4241943359375,1260.6060791015625,1268.1817626953125,83813,0.0,0.0
2012-01-13 00:00:00+09:00,1271.212158203125,1293.939453125,1251.51513671875,1284.8485107421875,75761,0.0,0.0
2012-01-16 00:00:00+09:00,1278.787841796875,1284.8485107421875,1254.54541015625,1284.8485107421875,31226,0.0,0.0
2012-01-17 00:00:00+09:00,1315.1514892578125,1315.1514892578125,1265.1514892578125,1283.3333740234375,22142,0.0,0.0
2012-01-18 00:00:00+09:00,1283.3333740234375,1283.3333740234375,1254.54541015625,1269.697021484375,27374,0.0,0.0
2012-01-19 00:00:00+09:00,1293.939453125,1446.9697265625,1292.4241943359375,1424.242431640625,684368,0.0,0.0
2012-01-20 00:00:00+09:00,1445.45458984375,1445.45458984375,1381.8182373046875,1393.939453125,261497,0.0,0.0
2012-01-25 00:00:00+09:00,1393.939453125,1413.6363525390625,1363.6363525390625,1398.48486328125,86189,0.0,0.0
2012-01-26 00:00:00+09:00,1418.1817626953125,1418.1817626953125,1360.6060791015625,1378.787841796875,75890,0.0,0.0
2012-01-27 00:00:00+09:00,1350.0,1396.9697265625,1350.0,1363.6363525390625,61763,0.0,0.0
2012-01-30 00:00:00+09:00,1380.302978515625,1472.727294921875,1378.787841796875,1401.51513671875,169364,0.0,0.0
2012-01-31 00:00:00+09:00,1424.242431640625,1439.3939208984375,1392.4241943359375,1392.4241943359375,114263,0.0,0.0
2012-02-01 00:00:00+09:00,1393.939453125,1396.9697265625,1333.3333740234375,1363.6363525390625,60299,0.0,0.0
2012-02-02 00:00:00+09:00,1387.8787841796875,1387.8787841796875,1348.48486328125,1366.6666259765625,71768,0.0,0.0
2012-02-03 00:00:00+09:00,1368.1817626953125,1434.8485107421875,1366.6666259765625,1421.212158203125,182501,0.0,0.0
2012-02-06 00:00:00+09:00,1424.242431640625,1439.3939208984375,1377.272705078125,1389.3939208984375,61142,0.0,0.0
2012-02-07 00:00:00+09:00,1363.6363525390625,1396.9697265625,1359.0909423828125,1390.9090576171875,45440,0.0,0.0
2012-02-08 00:00:00+09:00,1415.1514892578125,1415.1514892578125,1366.6666259765625,1375.757568359375,19787,0.0,0.0
2012-02-09 00:00:00+09:00,1406.060546875,1406.060546875,1369.697021484375,1387.8787841796875,42212,0.0,0.0
2012-02-10 00:00:00+09:00,1410.6060791015625,1433.3333740234375,1374.242431640625,1433.3333740234375,256913,0.0,0.0
2012-02-13 00:00:00+09:00,1436.3636474609375,1469.697021484375,1433.3333740234375,1469.697021484375,79256,0.0,0.0
2012-02-14 00:00:00+09:00,1500.0,1545.45458984375,1454.54541015625,1509.0909423828125,194408,0.0,0.0
2012-02-15 00:00:00+09:00,1509.0909423828125,1548.48486328125,1500.0,1542.4241943359375,108080,0.0,0.0
2012-02-16 00:00:00+09:00,1551.51513671875,1551.51513671875,1506.060546875,1515.1514892578125,186401,0.0,0.0
2012-02-17 00:00:00+09:00,1515.1514892578125,1545.45458984375,1471.212158203125,1542.4241943359375,117401,0.0,0.0
2012-02-20 00:00:00+09:00,1566.6666259765625,1572.727294921875,1503.0302734375,1542.4241943359375,18482,0.0,0.0
2012-02-21 00:00:00+09:00,1512.1212158203125,1512.1212158203125,1409.0909423828125,1425.757568359375,313484,0.0,0.0
2012-02-22 00:00:00+09:00,1424.242431640625,1448.48486328125,1422.727294921875,1445.45458984375,202340,0.0,0.0
2012-02-23 00:00:00+09:00,1448.48486328125,1448.48486328125,1421.212158203125,1443.939453125,52682,0.0,0.0
2012-02-24 00:00:00+09:00,1428.787841796875,1457.5758056640625,1409.0909423828125,1437.8787841796875,71597,0.0,0.0
2012-02-27 00:00:00+09:00,1418.1817626953125,1437.8787841796875,1393.939453125,1436.3636474609375,66794,0.0,0.0
2012-02-28 00:00:00+09:00,1448.48486328125,1448.48486328125,1404.54541015625,1422.727294921875,16004,0.0,0.0
2012-02-29 00:00:00+09:00,1424.242431640625,1436.3636474609375,1400.0,1428.787841796875,27590,0.0,0.0
2012-03-02 00:00:00+09:00,1416.6666259765625,1443.939453125,1409.0909423828125,1409.0909423828125,60347,0.0,0.0
2012-03-05 00:00:00+09:00,1424.242431640625,1442.4241943359375,1400.0,1424.242431640625,124361,0.0,0.0
2012-03-06 00:00:00+09:00,1403.0302734375,1437.8787841796875,1384.8485107421875,1416.6666259765625,47246,0.0,0.0
2012-03-07 00:00:00+09:00,1418.1817626953125,1421.212158203125,1383.3333740234375,1398.48486328125,10403,0.0,0.0
2012-03-08 00:00:00+09:00,1396.9697265625,1419.697021484375,1393.939453125,1406.060546875,28142,0.0,0.0
2012-03-09 00:00:00+09:00,1393.939453125,1424.242431640625,1393.939453125,1398.48486328125,33212,0.0,0.0
2012-03-12 00:00:00+09:00,1387.8787841796875,1422.727294921875,1387.8787841796875,1400.0,8342,0.0,0.0
2012-03-13 00:00:00+09:00,1393.939453125,1442.4241943359375,1393.939453125,1421.212158203125,46076,0.0,0.0
2012-03-14 00:00:00+09:00,1453.0302734375,1453.0302734375,1409.0909423828125,1427.272705078125,27806,0.0,0.0
2012-03-15 00:00:00+09:00,1424.242431640625,1496.9697265625,1424.242431640625,1469.697021484375,34007,0.0,0.0
2012-03-16 00:00:00+09:00,1440.9090576171875,1481.8182373046875,1440.9090576171875,1481.8182373046875,25793,0.0,0.0
2012-03-19 00:00:00+09:00,1503.0302734375,1503.0302734375,1448.48486328125,1483.3333740234375,35921,0.0,0.0
2012-03-20 00:00:00+09:00,1469.697021484375,1496.9697265625,1457.5758056640625,1475.757568359375,39185,0.0,0.0
2012-03-21 00:00:00+09:00,1478.787841796875,1489.3939208984375,1424.242431640625,1475.757568359375,28094,0.0,0.0
2012-03-22 00:00:00+09:00,1500.0,1500.0,1424.242431640625,1451.51513671875,107858,0.0,0.0
2012-03-23 00:00:00+09:00,1460.6060791015625,1460.6060791015625,1412.1212158203125,1445.45458984375,43847,0.0,0.0
2012-03-26 00:00:00+09:00,1446.9697265625,1457.5758056640625,1421.212158203125,1437.8787841796875,13748,0.0,0.0
2012-03-27 00:00:00+09:00,1406.060546875,1451.51513671875,1406.060546875,1439.3939208984375,6491,0.0,0.0
2012-03-28 00:00:00+09:00,1436.3636474609375,1437.8787841796875,1407.5758056640625,1433.3333740234375,10691,0.0,0.0
2012-03-29 00:00:00+09:00,1431.8182373046875,1431.8182373046875,1348.48486328125,1381.8182373046875,147083,0.0,0.0
2012-03-30 00:00:00+09:00,1339.3939208984375,1424.242431640625,1336.3636474609375,1412.1212158203125,74324,0.0,0.0
2012-04-02 00:00:00+09:00,1384.8485107421875,1424.242431640625,1350.0,1356.060546875,148031,0.0,0.0
2012-04-03 00:00:00+09:00,1346.9697265625,1406.060546875,1346.9697265625,1386.3636474609375,54266,0.0,0.0
2012-04-04 00:00:00+09:00,1404.54541015625,1404.54541015625,1354.54541015625,1386.3636474609375,70412,0.0,0.0
2012-04-05 00:00:00+09:00,1386.3636474609375,1387.8787841796875,1354.54541015625,1372.727294921875,18491,0.0,0.0
2012-04-06 00:00:00+09:00,1413.6363525390625,1413.6363525390625,1360.6060791015625,1374.242431640625,3545,0.0,0.0
2012-04-09 00:00:00+09:00,1363.6363525390625,1374.242431640625,1336.3636474609375,1369.697021484375,11132,0.0,0.0
2012-04-10 00:00:00+09:00,1363.6363525390625,1369.697021484375,1356.060546875,1366.6666259765625,7958,0.0,0.0
2012-04-12 00:00:00+09:00,1407.5758056640625,1407.5758056640625,1350.0,1378.787841796875,977,0.0,0.0
2012-04-13 00:00:00+09:00,1419.697021484375,1419.697021484375,1372.727294921875,1400.0,4136,0.0,0.0
2012-04-16 00:00:00+09:00,1363.6363525390625,1407.5758056640625,1343.939453125,1396.9697265625,1625,0.0,0.0
2012-04-17 00:00:00+09:00,1396.9697265625,1396.9697265625,1343.939453125,1387.8787841796875,9998,0.0,0.0
2012-04-18 00:00:00+09:00,1410.6060791015625,1410.6060791015625,1351.51513671875,1366.6666259765625,93293,0.0,0.0
2012-04-19 00:00:00+09:00,1368.1817626953125,1386.3636474609375,1345.45458984375,1374.242431640625,2126,0.0,0.0
2012-04-20 00:00:00+09:00,1374.242431640625,1393.939453125,1339.3939208984375,1354.54541015625,22745,0.0,0.0
2012-04-23 00:00:00+09:00,1343.939453125,1380.302978515625,1310.6060791015625,1340.9090576171875,165776,0.0,0.0
2012-04-24 00:00:00+09:00,1340.9090576171875,1375.757568359375,1322.727294921875,1369.697021484375,21122,0.0,0.0
2012-04-25 00:00:00+09:00,1368.1817626953125,1368.1817626953125,1328.787841796875,1337.8787841796875,20519,0.0,0.0
2012-04-26 00:00:00+09:00,1348.48486328125,1384.8485107421875,1303.0302734375,1303.0302734375,42320,0.0,0.0
2012-04-27 00:00:00+09:00,1309.0909423828125,1345.45458984375,1287.8787841796875,1327.272705078125,716,0.0,0.0
2012-04-30 00:00:00+09:00,1307.5758056640625,1381.8182373046875,1307.5758056640625,1318.1817626953125,13481,0.0,0.0
2012-05-02 00:00:00+09:00,1362.1212158203125,1362.1212158203125,1318.1817626953125,1345.45458984375,46337,0.0,0.0
2012-05-03 00:00:00+09:00,1381.8182373046875,1381.8182373046875,1319.697021484375,1322.727294921875,34673,0.0,0.0
2012-05-04 00:00:00+09:00,1353.0302734375,1353.0302734375,1310.6060791015625,1324.242431640625,3200,0.0,0.0
2012-05-07 00:00:00+09:00,1286.3636474609375,1368.1817626953125,1286.3636474609375,1365.1514892578125,19943,0.0,0.0
2012-05-08 00:00:00+09:00,1378.787841796875,1393.939453125,1324.242431640625,1390.9090576171875,10637,0.0,0.0
2012-05-09 00:00:00+09:00,1363.6363525390625,1363.6363525390625,1321.212158203125,1345.45458984375,38876,0.0,0.0
2012-05-10 00:00:00+09:00,1313.6363525390625,1368.1817626953125,1313.6363525390625,1318.1817626953125,24179,0.0,0.0
2012-05-11 00:00:00+09:00,1296.9697265625,1324.242431640625,1296.9697265625,1322.727294921875,431,0.0,0.0
2012-05-14 00:00:00+09:00,1316.6666259765625,1331.8182373046875,1306.060546875,1321.212158203125,2906,0.0,0.0
2012-05-15 00:00:00+09:00,1292.4241943359375,1331.8182373046875,1272.727294921875,1322.727294921875,23636,0.0,0.0
2012-05-16 00:00:00+09:00,1333.3333740234375,1333.3333740234375,1309.0909423828125,1322.727294921875,47420,0.0,0.0
2012-05-17 00:00:00+09:00,1303.0302734375,1322.727294921875,1281.8182373046875,1318.1817626953125,8855,0.0,0.0
2012-05-18 00:00:00+09:00,1280.302978515625,1312.1212158203125,1227.272705078125,1290.9090576171875,8177,0.0,0.0
2012-05-21 00:00:00+09:00,1293.939453125,1293.939453125,1196.9697265625,1212.1212158203125,47243,0.0,0.0
2012-05-22 00:00:00+09:00,1212.1212158203125,1266.6666259765625,1212.1212158203125,1240.9090576171875,6128,0.0,0.0
2012-05-23 00:00:00+09:00,1239.3939208984375,1239.3939208984375,1196.9697265625,1209.0909423828125,17636,0.0,0.0
2012-05-24 00:00:00+09:00,1213.6363525390625,1240.9090576171875,1209.0909423828125,1212.1212158203125,76967,0.0,0.0
2012-05-25 00:00:00+09:00,1218.1817626953125,1265.1514892578125,1218.1817626953125,1227.272705078125,845,0.0,0.0
2012-05-29 00:00:00+09:00,1228.787841796875,1301.51513671875,1212.1212158203125,1286.3636474609375,18899,0.0,0.0
2012-05-30 00:00:00+09:00,1269.697021484375,1286.3636474609375,1245.45458984375,1284.8485107421875,422,0.0,0.0
2012-05-31 00:00:00+09:00,1307.5758056640625,1307.5758056640625,1215.1514892578125,1293.939453125,4235,0.0,0.0
2012-06-01 00:00:00+09:00,1313.6363525390625,1313.6363525390625,1242.4241943359375,1268.1817626953125,2843,0.0,0.0
2012-06-04 00:00:00+09:00,1218.1817626953125,1301.51513671875,1154.54541015625,1300.0,35600,0.0,0.0
2012-06-05 00:00:00+09:00,1240.9090576171875,1296.9697265625,1236.3636474609375,1269.697021484375,8456,0.0,0.0
2012-06-07 00:00:00+09:00,1269.697021484375,1284.8485107421875,1228.787841796875,1228.787841796875,80234,0.0,0.0
2012-06-08 00:00:00+09:00,1240.9090576171875,1257.5758056640625,1212.1212158203125,1250.0,32069,0.0,0.0
2012-06-11 00:00:00+09:00,1324.242431640625,1324.242431640625,1236.3636474609375,1272.727294921875,53075,0.0,0.0
2012-06-12 00:00:00+09:00,1257.5758056640625,1269.697021484375,1236.3636474609375,1256.060546875,34157,0.0,0.0
2012-06-13 00:00:00+09:00,1269.697021484375,1269.697021484375,1224.242431640625,1256.060546875,29555,0.0,0.0
2012-06-14 00:00:00+09:00,1243.939453125,1272.727294921875,1233.3333740234375,1268.1817626953125,134879,0.0,0.0
2012-06-15 00:00:00+09:00,1295.45458984375,1296.9697265625,1218.1817626953125,1239.3939208984375,67592,0.0,0.0
2012-06-18 00:00:00+09:00,1257.5758056640625,1257.5758056640625,1236.3636474609375,1236.3636474609375,94454,0.0,0.0
2012-06-19 00:00:00+09:00,1248.48486328125,1248.48486328125,1222.727294921875,1233.3333740234375,20744,0.0,0.0
2012-06-20 00:00:00+09:00,1266.6666259765625,1266.6666259765625,1236.3636474609375,1242.4241943359375,151397,0.0,0.0
2012-06-21 00:00:00+09:00,1269.697021484375,1269.697021484375,1233.3333740234375,1242.4241943359375,56981,0.0,0.0
2012-06-22 00:00:00+09:00,1212.1212158203125,1230.302978515625,1203.0302734375,1215.1514892578125,12830,0.0,0.0
2012-06-25 00:00:00+09:00,1236.3636474609375,1236.3636474609375,1212.1212158203125,1221.212158203125,3794,0.0,0.0
2012-06-26 00:00:00+09:00,1196.9697265625,1234.8485107421875,1196.9697265625,1227.272705078125,4064,0.0,0.0
2012-06-27 00:00:00+09:00,1213.6363525390625,1219.697021484375,1187.8787841796875,1216.6666259765625,64688,0.0,0.0
2012-06-28 00:00:00+09:00,1256.060546875,1256.060546875,1206.060546875,1206.060546875,10331,0.0,0.0
2012-06-29 00:00:00+09:00,1231.8182373046875,1242.4241943359375,1174.242431640625,1242.4241943359375,33071,0.0,0.0
2012-07-02 00:00:00+09:00,1283.3333740234375,1283.3333740234375,1233.3333740234375,1233.3333740234375,18716,0.0,0.0
2012-07-03 00:00:00+09:00,1262.1212158203125,1418.1817626953125,1236.3636474609375,1418.1817626953125,727724,0.0,0.0
2012-07-04 00:00:00+09:00,1436.3636474609375,1575.757568359375,1393.939453125,1424.242431640625,771416,0.0,0.0
2012-07-05 00:00:00+09:00,1424.242431640625,1469.697021484375,1369.697021484375,1409.0909423828125,247121,0.0,0.0
2012-07-06 00:00:00+09:00,1395.45458984375,1468.1817626953125,1375.757568359375,1424.242431640625,333935,0.0,0.0
2012-07-09 00:00:00+09:00,1427.272705078125,1581.8182373046875,1424.242431640625,1466.6666259765625,572786,0.0,0.0
2012-07-10 00:00:00+09:00,1493.939453125,1684.8485107421875,1493.939453125,1590.9090576171875,2046503,0.0,0.0
2012-07-11 00:00:00+09:00,1572.727294921875,1772.727294921875,1563.6363525390625,1621.212158203125,1347290,0.0,0.0
2012-07-12 00:00:00+09:00,1678.787841796875,1724.242431640625,1642.4241943359375,1660.6060791015625,804803,0.0,0.0
2012-07-13 00:00:00+09:00,1639.3939208984375,1651.51513671875,1412.1212158203125,1500.0,1054070,0.0,0.0
2012-07-16 00:00:00+09:00,1512.1212158203125,1515.1514892578125,1416.6666259765625,1434.8485107421875,632732,0.0,0.0
2012-07-17 00:00:00+09:00,1439.3939208984375,1446.9697265625,1395.45458984375,1406.060546875,372551,0.0,0.0
2012-07-18 00:00:00+09:00,1407.5758056640625,1456.060546875,1365.1514892578125,1365.1514892578125,615524,0.0,0.0
2012-07-19 00:00:00+09:00,1377.272705078125,1401.51513671875,1351.51513671875,1365.1514892578125,455060,0.0,0.0
2012-07-20 00:00:00+09:00,1356.060546875,1387.8787841796875,1345.45458984375,1363.6363525390625,278084,0.0,0.0
2012-07-23 00:00:00+09:00,1351.51513671875,1363.6363525390625,1306.060546875,1307.5758056640625,207206,0.0,0.0
2012-07-24 00:00:00+09:00,1310.6060791015625,1503.0302734375,1309.0909423828125,1503.0302734375,2425544,0.0,0.0
2012-07-25 00:00:00+09:00,1575.757568359375,1727.272705078125,1563.6363525390625,1727.272705078125,5257739,0.0,0.0
2012-07-26 00:00:00+09:00,1751.51513671875,1939.3939208984375,1651.51513671875,1821.212158203125,8487875,0.0,0.0
2012-07-27 00:00:00+09:00,1827.272705078125,1875.757568359375,1684.8485107421875,1721.212158203125,3149378,0.0,0.0
2012-07-30 00:00:00+09:00,1712.1212158203125,1739.3939208984375,1596.9697265625,1636.3636474609375,2801864,0.0,0.0
2012-07-31 00:00:00+09:00,1639.3939208984375,1663.6363525390625,1600.0,1651.51513671875,1719155,0.0,0.0
2012-08-01 00:00:00+09:00,1636.3636474609375,1687.8787841796875,1575.757568359375,1581.8182373046875,2346908,0.0,0.0
2012-08-02 00:00:00+09:00,1581.8182373046875,1606.060546875,1515.1514892578125,1536.3636474609375,1708058,0.0,0.0
2012-08-03 00:00:00+09:00,1551.51513671875,1554.54541015625,1472.727294921875,1486.3636474609375,1139378,0.0,0.0
2012-08-06 00:00:00+09:00,1503.0302734375,1593.939453125,1484.8485107421875,1560.6060791015625,1589090,0.0,0.0
2012-08-07 00:00:00+09:00,1572.727294921875,1624.242431640625,1515.1514892578125,1587.8787841796875,1834172,0.0,0.0
2012-08-08 00:00:00+09:00,1600.0,1627.272705078125,1513.6363525390625,1513.6363525390625,789668,0.0,0.0
2012-08-09 00:00:00+09:00,1515.1514892578125,1621.212158203125,1453.0302734375,1581.8182373046875,1576343,0.0,0.0
2012-08-10 00:00:00+09:00,1596.9697265625,1630.302978515625,1524.242431640625,1545.45458984375,1103546,0.0,0.0
2012-08-13 00:00:00+09:00,1551.51513671875,1642.4241943359375,1548.48486328125,1612.1212158203125,1059365,0.0,0.0
2012-08-14 00:00:00+09:00,1645.45458984375,1645.45458984375,1575.757568359375,1615.1514892578125,738257,0.0,0.0
2012-08-16 00:00:00+09:00,1615.1514892578125,1618.1817626953125,1521.212158203125,1554.54541015625,860204,0.0,0.0
2012-08-17 00:00:00+09:00,1569.697021484375,1651.51513671875,1527.272705078125,1651.51513671875,1232870,0.0,0.0
2012-08-20 00:00:00+09:00,1660.6060791015625,1660.6060791015625,1593.939453125,1606.060546875,972593,0.0,0.0
2012-08-21 00:00:00+09:00,1606.060546875,1612.1212158203125,1548.48486328125,1590.9090576171875,649409,0.0,0.0
2012-08-22 00:00:00+09:00,1596.9697265625,1606.060546875,1509.0909423828125,1530.302978515625,706187,0.0,0.0
2012-08-23 00:00:00+09:00,1530.302978515625,1548.48486328125,1503.0302734375,1539.3939208984375,357791,0.0,0.0
2012-08-24 00:00:00+09:00,1539.3939208984375,1539.3939208984375,1480.302978515625,1515.1514892578125,419435,0.0,0.0
2012-08-27 00:00:00+09:00,1536.3636474609375,1536.3636474609375,1477.272705078125,1477.272705078125,362189,0.0,0.0
2012-08-28 00:00:00+09:00,1462.1212158203125,1504.54541015625,1456.060546875,1466.6666259765625,278393,0.0,0.0
2012-08-29 00:00:00+09:00,1466.6666259765625,1548.48486328125,1446.9697265625,1524.242431640625,699863,0.0,0.0
2012-08-30 00:00:00+09:00,1518.1817626953125,1530.302978515625,1503.0302734375,1512.1212158203125,368138,0.0,0.0
2012-08-31 00:00:00+09:00,1501.51513671875,1557.5758056640625,1500.0,1512.1212158203125,339386,0.0,0.0
2012-09-03 00:00:00+09:00,1518.1817626953125,1566.6666259765625,1512.1212158203125,1533.3333740234375,411941,0.0,0.0
2012-09-04 00:00:00+09:00,1524.242431640625,1615.1514892578125,1521.212158203125,1581.8182373046875,1446371,0.0,0.0
2012-09-05 00:00:00+09:00,1600.0,1600.0,1515.1514892578125,1515.1514892578125,575897,0.0,0.0
2012-09-06 00:00:00+09:00,1524.242431640625,1530.302978515625,1493.939453125,1495.45458984375,434267,0.0,0.0
2012-09-07 00:00:00+09:00,1498.48486328125,1509.0909423828125,1493.939453125,1501.51513671875,176675,0.0,0.0
2012-09-10 00:00:00+09:00,1501.51513671875,1530.302978515625,1483.3333740234375,1524.242431640625,320417,0.0,0.0
2012-09-11 00:00:00+09:00,1548.48486328125,1578.787841796875,1493.939453125,1493.939453125,523214,0.0,0.0
2012-09-12 00:00:00+09:00,1501.51513671875,1515.1514892578125,1495.45458984375,1507.5758056640625,193559,0.0,0.0
2012-09-13 00:00:00+09:00,1518.1817626953125,1633.3333740234375,1515.1514892578125,1581.8182373046875,905039,0.0,0.0
2012-09-14 00:00:00+09:00,1581.8182373046875,1609.0909423828125,1536.3636474609375,1551.51513671875,380975,0.0,0.0
2012-09-17 00:00:00+09:00,1560.6060791015625,1630.302978515625,1548.48486328125,1575.757568359375,371333,0.0,0.0
2012-09-18 00:00:00+09:00,1569.697021484375,1584.8485107421875,1539.3939208984375,1560.6060791015625,175187,0.0,0.0
2012-09-19 00:00:00+09:00,1569.697021484375,1624.242431640625,1560.6060791015625,1587.8787841796875,493583,0.0,0.0
2012-09-20 00:00:00+09:00,1593.939453125,1606.060546875,1548.48486328125,1587.8787841796875,284213,0.0,0.0
2012-09-21 00:00:00+09:00,1587.8787841796875,1600.0,1539.3939208984375,1572.727294921875,278159,0.0,0.0
2012-09-24 00:00:00+09:00,1572.727294921875,1590.9090576171875,1551.51513671875,1557.5758056640625,179003,0.0,0.0
2012-09-25 00:00:00+09:00,1569.697021484375,1618.1817626953125,1539.3939208984375,1590.9090576171875,608546,0.0,0.0
2012-09-26 00:00:00+09:00,1584.8485107421875,1600.0,1551.51513671875,1551.51513671875,225269,0.0,0.0
2012-09-27 00:00:00+09:00,1545.45458984375,1545.45458984375,1453.0302734375,1459.0909423828125,695177,0.0,0.0
2012-09-28 00:00:00+09:00,1459.0909423828125,1469.697021484375,1433.3333740234375,1451.51513671875,158075,0.0,0.0
2012-10-02 00:00:00+09:00,1483.3333740234375,1483.3333740234375,1451.51513671875,1469.697021484375,93497,0.0,0.0
2012-10-04 00:00:00+09:00,1469.697021484375,1469.697021484375,1433.3333740234375,1436.3636474609375,228815,0.0,0.0
2012-10-05 00:00:00+09:00,1437.8787841796875,1462.1212158203125,1431.8182373046875,1450.0,123863,0.0,0.0
2012-10-08 00:00:00+09:00,1478.787841796875,1478.787841796875,1431.8182373046875,1433.3333740234375,78737,0.0,0.0
2012-10-09 00:00:00+09:00,1443.939453125,1443.939453125,1409.0909423828125,1436.3636474609375,149285,0.0,0.0
2012-10-10 00:00:00+09:00,1436.3636474609375,1446.9697265625,1418.1817626953125,1421.212158203125,86714,0.0,0.0
2012-10-11 00:00:00+09:00,1439.3939208984375,1443.939453125,1409.0909423828125,1427.272705078125,108557,0.0,0.0
2012-10-12 00:00:00+09:00,1427.272705078125,1453.0302734375,1427.272705078125,1430.302978515625,82307,0.0,0.0
2012-10-15 00:00:00+09:00,1451.51513671875,1468.1817626953125,1390.9090576171875,1393.939453125,107096,0.0,0.0
2012-10-16 00:00:00+09:00,1393.939453125,1419.697021484375,1333.3333740234375,1343.939453125,134321,0.0,0.0
2012-10-17 00:00:00+09:00,1331.8182373046875,1371.212158203125,1309.0909423828125,1309.0909423828125,102317,0.0,0.0
2012-10-18 00:00:00+09:00,1310.6060791015625,1353.0302734375,1306.060546875,1331.8182373046875,132584,0.0,0.0
2012-10-19 00:00:00+09:00,1374.242431640625,1374.242431640625,1303.0302734375,1330.302978515625,51296,0.0,0.0
2012-10-22 00:00:00+09:00,1330.302978515625,1392.4241943359375,1303.0302734375,1380.302978515625,52805,0.0,0.0
2012-10-23 00:00:00+09:00,1380.302978515625,1380.302978515625,1336.3636474609375,1363.6363525390625,36464,0.0,0.0
2012-10-24 00:00:00+09:00,1325.757568359375,1386.3636474609375,1325.757568359375,1363.6363525390625,22097,0.0,0.0
2012-10-25 00:00:00+09:00,1378.787841796875,1378.787841796875,1313.6363525390625,1313.6363525390625,65060,0.0,0.0
2012-10-26 00:00:00+09:00,1310.6060791015625,1331.8182373046875,1290.9090576171875,1293.939453125,31529,0.0,0.0
2012-10-29 00:00:00+09:00,1278.787841796875,1278.787841796875,1216.6666259765625,1222.727294921875,135074,0.0,0.0
2012-10-30 00:00:00+09:00,1212.1212158203125,1237.8787841796875,1168.1817626953125,1186.3636474609375,136115,0.0,0.0
2012-10-31 00:00:00+09:00,1186.3636474609375,1293.939453125,1162.1212158203125,1216.6666259765625,62813,0.0,0.0
2012-11-01 00:00:00+09:00,1237.8787841796875,1262.1212158203125,1212.1212158203125,1215.1514892578125,37469,0.0,0.0
2012-11-02 00:00:00+09:00,1242.4241943359375,1257.5758056640625,1228.787841796875,1248.48486328125,38864,0.0,0.0
2012-11-05 00:00:00+09:00,1228.787841796875,1248.48486328125,1212.1212158203125,1216.6666259765625,40331,0.0,0.0
2012-11-06 00:00:00+09:00,1216.6666259765625,1216.6666259765625,1195.45458984375,1213.6363525390625,45914,0.0,0.0
2012-11-07 00:00:00+09:00,1228.787841796875,1230.302978515625,1192.4241943359375,1224.242431640625,17327,0.0,0.0
2012-11-08 00:00:00+09:00,1221.212158203125,1250.0,1195.45458984375,1221.212158203125,24683,0.0,0.0
2012-11-09 00:00:00+09:00,1218.1817626953125,1224.242431640625,1204.54541015625,1219.697021484375,22406,0.0,0.0
2012-11-12 00:00:00+09:00,1209.0909423828125,1230.302978515625,1195.45458984375,1201.51513671875,36563,0.0,0.0
2012-11-13 00:00:00+09:00,1201.51513671875,1218.1817626953125,1154.54541015625,1177.272705078125,74060,0.0,0.0
2012-11-14 00:00:00+09:00,1153.0302734375,1174.242431640625,1133.3333740234375,1133.3333740234375,48821,0.0,0.0
2012-11-15 00:00:00+09:00,1127.272705078125,1143.939453125,1110.6060791015625,1125.757568359375,28445,0.0,0.0
2012-11-16 00:00:00+09:00,1125.757568359375,1125.757568359375,1065.1514892578125,1083.3333740234375,68312,0.0,0.0
2012-11-19 00:00:00+09:00,1083.3333740234375,1090.9090576171875,1036.3636474609375,1090.9090576171875,74732,0.0,0.0
2012-11-20 00:00:00+09:00,1130.302978515625,1130.302978515625,1090.9090576171875,1112.1212158203125,13193,0.0,0.0
2012-11-21 00:00:00+09:00,1112.1212158203125,1130.302978515625,1083.3333740234375,1086.3636474609375,19544,0.0,0.0
2012-11-22 00:00:00+09:00,1063.6363525390625,1086.3636474609375,1062.1212158203125,1084.8485107421875,70952,0.0,0.0
2012-11-23 00:00:00+09:00,1084.8485107421875,1115.1514892578125,1075.757568359375,1087.8787841796875,15896,0.0,0.0
2012-11-26 00:00:00+09:00,1090.9090576171875,1121.212158203125,1075.757568359375,1092.4241943359375,30341,0.0,0.0
2012-11-27 00:00:00+09:00,1092.4241943359375,1109.0909423828125,1063.6363525390625,1069.697021484375,29732,0.0,0.0
2012-11-28 00:00:00+09:00,1060.6060791015625,1084.8485107421875,1045.45458984375,1062.1212158203125,79037,0.0,0.0
2012-11-29 00:00:00+09:00,1062.1212158203125,1084.8485107421875,1050.0,1051.51513671875,44573,0.0,0.0
2012-11-30 00:00:00+09:00,1043.939453125,1063.6363525390625,1030.302978515625,1060.6060791015625,75569,0.0,0.0
2012-12-03 00:00:00+09:00,1060.6060791015625,1066.6666259765625,1036.3636474609375,1063.6363525390625,25970,0.0,0.0
2012-12-04 00:00:00+09:00,1043.939453125,1063.6363525390625,1031.8182373046875,1050.0,41687,0.0,0.0
2012-12-05 00:00:00+09:00,1046.9697265625,1077.272705078125,1021.2120971679688,1028.787841796875,37523,0.0,0.0
2012-12-06 00:00:00+09:00,1016.6666870117188,1050.0,1012.1212158203125,1022.727294921875,40172,0.0,0.0
2012-12-07 00:00:00+09:00,1024.242431640625,1043.939453125,1012.1212158203125,1024.242431640625,23687,0.0,0.0
2012-12-10 00:00:00+09:00,1009.0908813476562,1025.757568359375,990.9091186523438,1006.0606079101562,83675,0.0,0.0
2012-12-11 00:00:00+09:00,977.272705078125,1006.0606079101562,915.1514892578125,980.3030395507812,101171,0.0,0.0
2012-12-12 00:00:00+09:00,980.3030395507812,1000.0,954.5454711914062,969.6969604492188,61193,0.0,0.0
2012-12-13 00:00:00+09:00,969.6969604492188,987.8787841796875,945.4545288085938,972.727294921875,47603,0.0,0.0
2012-12-14 00:00:00+09:00,963.6363525390625,984.8485107421875,963.6363525390625,980.3030395507812,32252,0.0,0.0
2012-12-17 00:00:00+09:00,980.3030395507812,1000.0,954.5454711914062,969.6969604492188,60626,0.0,0.0
2012-12-18 00:00:00+09:00,971.2120971679688,1006.0606079101562,957.5757446289062,971.2120971679688,42602,0.0,0.0
2012-12-20 00:00:00+09:00,971.2120971679688,1015.1514892578125,957.5757446289062,1015.1514892578125,85007,0.0,0.0
2012-12-21 00:00:00+09:00,1013.6363525390625,1021.2120971679688,987.8787841796875,1000.0,80114,0.0,0.0
2012-12-24 00:00:00+09:00,1042.4241943359375,1042.4241943359375,987.8787841796875,1000.0,52022,0.0,0.0
2012-12-26 00:00:00+09:00,998.48486328125,1030.302978515625,998.48486328125,1027.272705078125,25412,0.0,0.0
2012-12-27 00:00:00+09:00,1004.5454711914062,1039.3939208984375,984.8485107421875,1030.302978515625,26447,0.0,0.0
2012-12-28 00:00:00+09:00,992.4242553710938,1043.939453125,989.3939208984375,1030.302978515625,24230,0.0,0.0
2013-01-02 00:00:00+09:00,1030.302978515625,1043.939453125,1006.0606079101562,1027.272705078125,25643,0.0,0.0
2013-01-03 00:00:00+09:00,1028.787841796875,1060.6060791015625,1019.6969604492188,1036.3636474609375,35078,0.0,0.0
2013-01-04 00:00:00+09:00,1036.3636474609375,1037.8787841796875,1015.1514892578125,1030.302978515625,29942,0.0,0.0
2013-01-07 00:00:00+09:00,1027.272705078125,1043.939453125,984.8485107421875,1028.787841796875,48977,0.0,0.0
2013-01-08 00:00:00+09:00,1036.3636474609375,1036.3636474609375,1021.2120971679688,1034.8485107421875,31817,0.0,0.0
2013-01-09 00:00:00+09:00,1043.939453125,1086.3636474609375,1015.1514892578125,1083.3333740234375,84932,0.0,0.0
2013-01-10 00:00:00+09:00,1084.8485107421875,1150.0,1066.6666259765625,1092.4241943359375,109196,0.0,0.0
2013-01-11 00:00:00+09:00,1098.48486328125,1128.787841796875,1087.8787841796875,1116.6666259765625,76313,0.0,0.0
2013-01-14 00:00:00+09:00,1116.6666259765625,1130.302978515625,1090.9090576171875,1100.0,35132,0.0,0.0
2013-01-15 00:00:00+09:00,1125.757568359375,1125.757568359375,1083.3333740234375,1103.0302734375,31517,0.0,0.0
2013-01-16 00:00:00+09:00,1103.0302734375,1118.1817626953125,1090.9090576171875,1103.0302734375,28163,0.0,0.0
2013-01-17 00:00:00+09:00,1100.0,1113.6363525390625,1077.272705078125,1077.272705078125,19568,0.0,0.0
2013-01-18 00:00:00+09:00,1078.787841796875,1086.3636474609375,1063.6363525390625,1077.272705078125,14675,0.0,0.0
2013-01-21 00:00:00+09:00,1096.9697265625,1096.9697265625,1065.1514892578125,1075.757568359375,35837,0.0,0.0
2013-01-22 00:00:00+09:00,1075.757568359375,1087.8787841796875,1057.5758056640625,1087.8787841796875,82178,0.0,0.0
2013-01-23 00:00:00+09:00,1118.1817626953125,1118.1817626953125,1075.757568359375,1089.3939208984375,33578,0.0,0.0
2013-01-24 00:00:00+09:00,1089.3939208984375,1106.060546875,1066.6666259765625,1075.757568359375,47885,0.0,0.0
2013-01-25 00:00:00+09:00,1063.6363525390625,1089.3939208984375,1040.9090576171875,1040.9090576171875,33278,0.0,0.0
2013-01-28 00:00:00+09:00,1040.9090576171875,1065.1514892578125,1030.302978515625,1031.8182373046875,34328,0.0,0.0
2013-01-29 00:00:00+09:00,1030.302978515625,1065.1514892578125,1018.1818237304688,1030.302978515625,29939,0.0,0.0
2013-01-30 00:00:00+09:00,1030.302978515625,1036.3636474609375,1013.6363525390625,1034.8485107421875,10076,0.0,0.0
2013-01-31 00:00:00+09:00,1051.51513671875,1051.51513671875,1012.1212158203125,1036.3636474609375,13748,0.0,0.0
2013-02-01 00:00:00+09:00,1036.3636474609375,1042.4241943359375,1015.1514892578125,1033.3333740234375,22001,0.0,0.0
2013-02-04 00:00:00+09:00,1015.1514892578125,1030.302978515625,1004.5454711914062,1030.302978515625,28658,0.0,0.0
2013-02-05 00:00:00+09:00,1018.1818237304688,1043.939453125,1018.1818237304688,1039.3939208984375,15128,0.0,0.0
2013-02-06 00:00:00+09:00,1040.9090576171875,1048.48486328125,1030.302978515625,1046.9697265625,27839,0.0,0.0
2013-02-07 00:00:00+09:00,1040.9090576171875,1056.060546875,1037.8787841796875,1050.0,5501,0.0,0.0
2013-02-08 00:00:00+09:00,1042.4241943359375,1054.54541015625,1040.9090576171875,1050.0,2132,0.0,0.0
2013-02-12 00:00:00+09:00,1050.0,1054.54541015625,921.2120971679688,1015.1514892578125,64979,0.0,0.0
2013-02-13 00:00:00+09:00,1018.1818237304688,1040.9090576171875,1016.6666870117188,1034.8485107421875,18479,0.0,0.0
2013-02-14 00:00:00+09:00,1040.9090576171875,1043.939453125,1015.1514892578125,1039.3939208984375,27053,0.0,0.0
2013-02-15 00:00:00+09:00,1042.4241943359375,1059.0909423828125,1030.302978515625,1045.45458984375,24959,0.0,0.0
2013-02-18 00:00:00+09:00,1045.45458984375,1048.48486328125,1027.272705078125,1043.939453125,16007,0.0,0.0
2013-02-19 00:00:00+09:00,1037.8787841796875,1057.5758056640625,1025.757568359375,1045.45458984375,17042,0.0,0.0
2013-02-20 00:00:00+09:00,1045.45458984375,1072.727294921875,1030.302978515625,1053.0302734375,82655,0.0,0.0
2013-02-21 00:00:00+09:00,1045.45458984375,1089.3939208984375,1042.4241943359375,1084.8485107421875,52247,0.0,0.0
2013-02-22 00:00:00+09:00,1084.8485107421875,1104.54541015625,1068.1817626953125,1086.3636474609375,40022,0.0,0.0
2013-02-25 00:00:00+09:00,1096.9697265625,1096.9697265625,1074.242431640625,1093.939453125,43667,0.0,0.0
2013-02-26 00:00:00+09:00,1069.697021484375,1090.9090576171875,1069.697021484375,1071.212158203125,34307,0.0,0.0
2013-02-27 00:00:00+09:00,1089.3939208984375,1096.9697265625,1075.757568359375,1081.8182373046875,16673,0.0,0.0
2013-02-28 00:00:00+09:00,1081.8182373046875,1103.0302734375,1060.6060791015625,1071.212158203125,14804,0.0,0.0
2013-03-04 00:00:00+09:00,1071.212158203125,1089.3939208984375,1060.6060791015625,1083.3333740234375,42680,0.0,0.0
2013-03-05 00:00:00+09:00,1083.3333740234375,1101.51513671875,1078.787841796875,1100.0,100931,0.0,0.0
2013-03-06 00:00:00+09:00,1109.0909423828125,1115.1514892578125,1080.302978515625,1087.8787841796875,49913,0.0,0.0
2013-03-07 00:00:00+09:00,1087.8787841796875,1087.8787841796875,1074.242431640625,1081.8182373046875,19571,0.0,0.0
2013-03-08 00:00:00+09:00,1090.9090576171875,1090.9090576171875,1066.6666259765625,1069.697021484375,46532,0.0,0.0
2013-03-11 00:00:00+09:00,1071.212158203125,1072.727294921875,1048.48486328125,1066.6666259765625,63038,0.0,0.0
2013-03-12 00:00:00+09:00,1056.060546875,1086.3636474609375,1056.060546875,1086.3636474609375,31046,0.0,0.0
2013-03-13 00:00:00+09:00,1078.787841796875,1098.48486328125,1078.787841796875,1090.9090576171875,26369,0.0,0.0
2013-03-14 00:00:00+09:00,1080.302978515625,1115.1514892578125,1077.272705078125,1104.54541015625,71207,0.0,0.0
2013-03-15 00:00:00+09:00,1104.54541015625,1107.5758056640625,1087.8787841796875,1103.0302734375,16541,0.0,0.0
2013-03-18 00:00:00+09:00,1092.4241943359375,1107.5758056640625,1087.8787841796875,1092.4241943359375,81830,0.0,0.0
2013-03-19 00:00:00+09:00,1092.4241943359375,1246.9697265625,1090.9090576171875,1166.6666259765625,331463,0.0,0.0
2013-03-20 00:00:00+09:00,1172.727294921875,1227.272705078125,1169.697021484375,1198.48486328125,200510,0.0,0.0
2013-03-21 00:00:00+09:00,1212.1212158203125,1212.1212158203125,1166.6666259765625,1166.6666259765625,85853,0.0,0.0
2013-03-22 00:00:00+09:00,1172.727294921875,1189.3939208984375,1154.54541015625,1165.1514892578125,61649,0.0,0.0
2013-03-25 00:00:00+09:00,1166.6666259765625,1166.6666259765625,1136.3636474609375,1163.6363525390625,36338,0.0,0.0
2013-03-26 00:00:00+09:00,1180.302978515625,1180.302978515625,1121.212158203125,1156.060546875,80513,0.0,0.0
2013-03-27 00:00:00+09:00,1156.060546875,1160.6060791015625,1124.242431640625,1137.8787841796875,43913,0.0,0.0
2013-03-28 00:00:00+09:00,1137.8787841796875,1163.6363525390625,1131.8182373046875,1163.6363525390625,36524,0.0,0.0
2013-03-29 00:00:00+09:00,1169.697021484375,1184.8485107421875,1136.3636474609375,1156.060546875,32855,0.0,0.0
2013-04-01 00:00:00+09:00,1151.51513671875,1168.1817626953125,1142.4241943359375,1162.1212158203125,27131,0.0,0.0
2013-04-02 00:00:00+09:00,1166.6666259765625,1166.6666259765625,1136.3636474609375,1146.9697265625,39350,0.0,0.0
2013-04-03 00:00:00+09:00,1160.6060791015625,1162.1212158203125,1136.3636474609375,1136.3636474609375,35081,0.0,0.0
2013-04-04 00:00:00+09:00,1125.757568359375,1139.3939208984375,1072.727294921875,1139.3939208984375,75245,0.0,0.0
2013-04-05 00:00:00+09:00,1139.3939208984375,1142.4241943359375,1095.45458984375,1142.4241943359375,62753,0.0,0.0
2013-04-08 00:00:00+09:00,1142.4241943359375,1145.45458984375,1112.1212158203125,1112.1212158203125,45983,0.0,0.0
2013-04-09 00:00:00+09:00,1098.48486328125,1133.3333740234375,1039.3939208984375,1133.3333740234375,154010,0.0,0.0
2013-04-10 00:00:00+09:00,1133.3333740234375,1136.3636474609375,1095.45458984375,1134.8485107421875,7856,0.0,0.0
2013-04-11 00:00:00+09:00,1133.3333740234375,1165.1514892578125,1133.3333740234375,1157.5758056640625,27557,0.0,0.0
2013-04-12 00:00:00+09:00,1181.8182373046875,1181.8182373046875,1150.0,1150.0,74384,0.0,0.0
2013-04-15 00:00:00+09:00,1175.757568359375,1175.757568359375,1151.51513671875,1168.1817626953125,21332,0.0,0.0
2013-04-16 00:00:00+09:00,1169.697021484375,1180.302978515625,1151.51513671875,1180.302978515625,52214,0.0,0.0
2013-04-17 00:00:00+09:00,1180.302978515625,1180.302978515625,1136.3636474609375,1157.5758056640625,32141,0.0,0.0
2013-04-18 00:00:00+09:00,1157.5758056640625,1172.727294921875,1145.45458984375,1156.060546875,15998,0.0,0.0
2013-04-19 00:00:00+09:00,1154.54541015625,1163.6363525390625,1146.9697265625,1159.0909423828125,14177,0.0,0.0
2013-04-22 00:00:00+09:00,1159.0909423828125,1175.757568359375,1145.45458984375,1154.54541015625,37334,0.0,0.0
2013-04-23 00:00:00+09:00,1150.0,1212.1212158203125,1150.0,1201.51513671875,62873,0.0,0.0
2013-04-24 00:00:00+09:00,1204.54541015625,1307.5758056640625,1204.54541015625,1283.3333740234375,219638,0.0,0.0
2013-04-25 00:00:00+09:00,1312.1212158203125,1313.6363525390625,1272.727294921875,1281.8182373046875,67061,0.0,0.0
2013-04-26 00:00:00+09:00,1281.8182373046875,1281.8182373046875,1245.45458984375,1281.8182373046875,129992,0.0,0.0
2013-04-29 00:00:00+09:00,1284.8485107421875,1357.5758056640625,1284.8485107421875,1318.1817626953125,165371,0.0,0.0
2013-04-30 00:00:00+09:00,1331.8182373046875,1357.5758056640625,1315.1514892578125,1334.8485107421875,76979,0.0,0.0
2013-05-02 00:00:00+09:00,1310.6060791015625,1345.45458984375,1300.0,1337.8787841796875,152141,0.0,0.0
2013-05-03 00:00:00+09:00,1348.48486328125,1348.48486328125,1303.0302734375,1336.3636474609375,42461,0.0,0.0
2013-05-06 00:00:00+09:00,1360.6060791015625,1360.6060791015625,1287.8787841796875,1289.3939208984375,148028,0.0,0.0
2013-05-07 00:00:00+09:00,1301.51513671875,1316.6666259765625,1280.302978515625,1306.060546875,30908,0.0,0.0
2013-05-08 00:00:00+09:00,1306.060546875,1333.3333740234375,1296.9697265625,1312.1212158203125,9155,0.0,0.0
2013-05-09 00:00:00+09:00,1333.3333740234375,1339.3939208984375,1309.0909423828125,1336.3636474609375,94778,0.0,0.0
2013-05-10 00:00:00+09:00,1357.5758056640625,1372.727294921875,1336.3636474609375,1365.1514892578125,96365,0.0,0.0
2013-05-13 00:00:00+09:00,1368.1817626953125,1469.697021484375,1365.1514892578125,1469.697021484375,208115,0.0,0.0
2013-05-14 00:00:00+09:00,1469.697021484375,1493.939453125,1404.54541015625,1404.54541015625,90872,0.0,0.0
2013-05-15 00:00:00+09:00,1410.6060791015625,1454.54541015625,1400.0,1442.4241943359375,73934,0.0,0.0
2013-05-16 00:00:00+09:00,1460.6060791015625,1530.302978515625,1459.0909423828125,1512.1212158203125,258512,0.0,0.0
2013-05-20 00:00:00+09:00,1512.1212158203125,1513.6363525390625,1468.1817626953125,1501.51513671875,65540,0.0,0.0
2013-05-21 00:00:00+09:00,1507.5758056640625,1545.45458984375,1484.8485107421875,1515.1514892578125,102410,0.0,0.0
2013-05-22 00:00:00+09:00,1554.54541015625,1554.54541015625,1483.3333740234375,1496.9697265625,97481,0.0,0.0
2013-05-23 00:00:00+09:00,1500.0,1500.0,1312.1212158203125,1406.060546875,273473,0.0,0.0
2013-05-24 00:00:00+09:00,1406.060546875,1443.939453125,1393.939453125,1406.060546875,156089,0.0,0.0
2013-05-27 00:00:00+09:00,1412.1212158203125,1453.0302734375,1404.54541015625,1418.1817626953125,81980,0.0,0.0
2013-05-28 00:00:00+09:00,1406.060546875,1436.3636474609375,1406.060546875,1434.8485107421875,65951,0.0,0.0
2013-05-29 00:00:00+09:00,1427.272705078125,1454.54541015625,1410.6060791015625,1419.697021484375,86183,0.0,0.0
2013-05-30 00:00:00+09:00,1419.697021484375,1425.757568359375,1393.939453125,1393.939453125,47453,0.0,0.0
2013-05-31 00:00:00+09:00,1393.939453125,1442.4241943359375,1387.8787841796875,1433.3333740234375,102119,0.0,0.0
2013-06-03 00:00:00+09:00,1433.3333740234375,1501.51513671875,1433.3333740234375,1500.0,119624,0.0,0.0
2013-06-04 00:00:00+09:00,1530.302978515625,1530.302978515625,1436.3636474609375,1489.3939208984375,69128,0.0,0.0
2013-06-05 00:00:00+09:00,1469.697021484375,1489.3939208984375,1387.8787841796875,1427.272705078125,136190,0.0,0.0
2013-06-07 00:00:00+09:00,1416.6666259765625,1480.302978515625,1333.3333740234375,1392.4241943359375,59084,0.0,0.0
2013-06-10 00:00:00+09:00,1392.4241943359375,1430.302978515625,1392.4241943359375,1404.54541015625,20045,0.0,0.0
2013-06-11 00:00:00+09:00,1433.3333740234375,1433.3333740234375,1362.1212158203125,1386.3636474609375,69551,0.0,0.0
2013-06-12 00:00:00+09:00,1372.727294921875,1434.8485107421875,1339.3939208984375,1343.939453125,86966,0.0,0.0
2013-06-13 00:00:00+09:00,1392.4241943359375,1392.4241943359375,1272.727294921875,1345.45458984375,80618,0.0,0.0
2013-06-14 00:00:00+09:00,1322.727294921875,1378.787841796875,1309.0909423828125,1309.0909423828125,37331,0.0,0.0
2013-06-17 00:00:00+09:00,1313.6363525390625,1359.0909423828125,1296.9697265625,1313.6363525390625,29903,0.0,0.0
2013-06-18 00:00:00+09:00,1303.0302734375,1327.272705078125,1303.0302734375,1327.272705078125,12347,0.0,0.0
2013-06-19 00:00:00+09:00,1306.060546875,1330.302978515625,1306.060546875,1324.242431640625,24077,0.0,0.0
2013-06-20 00:00:00+09:00,1324.242431640625,1363.6363525390625,1272.727294921875,1289.3939208984375,22118,0.0,0.0
2013-06-21 00:00:00+09:00,1328.787841796875,1328.787841796875,1221.212158203125,1257.5758056640625,59246,0.0,0.0
2013-06-24 00:00:00+09:00,1246.9697265625,1300.0,1181.8182373046875,1181.8182373046875,107666,0.0,0.0
2013-06-25 00:00:00+09:00,1165.1514892578125,1333.3333740234375,1104.54541015625,1118.1817626953125,219752,0.0,0.0
2013-06-26 00:00:00+09:00,1121.212158203125,1234.8485107421875,1109.0909423828125,1178.787841796875,65090,0.0,0.0
2013-06-27 00:00:00+09:00,1215.1514892578125,1271.212158203125,1186.3636474609375,1242.4241943359375,24989,0.0,0.0
2013-06-28 00:00:00+09:00,1248.48486328125,1287.8787841796875,1201.51513671875,1266.6666259765625,57854,0.0,0.0
2013-07-01 00:00:00+09:00,1287.8787841796875,1287.8787841796875,1256.060546875,1286.3636474609375,102905,0.0,0.0
2013-07-02 00:00:00+09:00,1295.45458984375,1304.54541015625,1274.242431640625,1300.0,23039,0.0,0.0
2013-07-03 00:00:00+09:00,1287.8787841796875,1328.787841796875,1257.5758056640625,1296.9697265625,28235,0.0,0.0
2013-07-04 00:00:00+09:00,1301.51513671875,1303.0302734375,1260.6060791015625,1296.9697265625,11525,0.0,0.0
2013-07-05 00:00:00+09:00,1295.45458984375,1328.787841796875,1253.0302734375,1296.9697265625,18020,0.0,0.0
2013-07-08 00:00:00+09:00,1330.302978515625,1330.302978515625,1265.1514892578125,1290.9090576171875,49607,0.0,0.0
2013-07-09 00:00:00+09:00,1312.1212158203125,1315.1514892578125,1272.727294921875,1292.4241943359375,3308,0.0,0.0
2013-07-10 00:00:00+09:00,1312.1212158203125,1312.1212158203125,1268.1817626953125,1306.060546875,14063,0.0,0.0
2013-07-11 00:00:00+09:00,1334.8485107421875,1334.8485107421875,1286.3636474609375,1307.5758056640625,21935,0.0,0.0
2013-07-12 00:00:00+09:00,1290.9090576171875,1334.8485107421875,1289.3939208984375,1310.6060791015625,1046,0.0,0.0
2013-07-15 00:00:00+09:00,1303.0302734375,1310.6060791015625,1290.9090576171875,1310.6060791015625,13961,0.0,0.0
2013-07-16 00:00:00+09:00,1330.302978515625,1331.8182373046875,1293.939453125,1306.060546875,33440,0.0,0.0
2013-07-17 00:00:00+09:00,1303.0302734375,1333.3333740234375,1287.8787841796875,1309.0909423828125,57974,0.0,0.0
2013-07-18 00:00:00+09:00,1296.9697265625,1328.787841796875,1295.45458984375,1304.54541015625,12482,0.0,0.0
2013-07-19 00:00:00+09:00,1300.0,1318.1817626953125,1295.45458984375,1310.6060791015625,20387,0.0,0.0
2013-07-22 00:00:00+09:00,1330.302978515625,1377.272705078125,1303.0302734375,1324.242431640625,87026,0.0,0.0
2013-07-23 00:00:00+09:00,1316.6666259765625,1339.3939208984375,1306.060546875,1328.787841796875,93338,0.0,0.0
2013-07-24 00:00:00+09:00,1330.302978515625,1393.939453125,1321.212158203125,1387.8787841796875,71204,0.0,0.0
2013-07-25 00:00:00+09:00,1384.8485107421875,1422.727294921875,1336.3636474609375,1363.6363525390625,130529,0.0,0.0
2013-07-26 00:00:00+09:00,1378.787841796875,1442.4241943359375,1363.6363525390625,1410.6060791015625,24038,0.0,0.0
2013-07-29 00:00:00+09:00,1442.4241943359375,1442.4241943359375,1383.3333740234375,1400.0,18266,0.0,0.0
2013-07-30 00:00:00+09:00,1416.6666259765625,1416.6666259765625,1363.6363525390625,1363.6363525390625,40502,0.0,0.0
2013-07-31 00:00:00+09:00,1378.787841796875,1403.0302734375,1363.6363525390625,1377.272705078125,7208,0.0,0.0
2013-08-01 00:00:00+09:00,1390.9090576171875,1390.9090576171875,1356.060546875,1366.6666259765625,19205,0.0,0.0
2013-08-02 00:00:00+09:00,1386.3636474609375,1386.3636474609375,1360.6060791015625,1378.787841796875,21419,0.0,0.0
2013-08-05 00:00:00+09:00,1387.8787841796875,1421.212158203125,1378.787841796875,1421.212158203125,7310,0.0,0.0
2013-08-06 00:00:00+09:00,1437.8787841796875,1437.8787841796875,1387.8787841796875,1396.9697265625,10766,0.0,0.0
2013-08-07 00:00:00+09:00,1378.787841796875,1412.1212158203125,1369.697021484375,1393.939453125,12545,0.0,0.0
2013-08-08 00:00:00+09:00,1389.3939208984375,1395.45458984375,1371.212158203125,1393.939453125,40202,0.0,0.0
2013-08-09 00:00:00+09:00,1400.0,1418.1817626953125,1371.212158203125,1396.9697265625,10658,0.0,0.0
2013-08-12 00:00:00+09:00,1418.1817626953125,1427.272705078125,1365.1514892578125,1409.0909423828125,23060,0.0,0.0
2013-08-13 00:00:00+09:00,1390.9090576171875,1421.212158203125,1375.757568359375,1413.6363525390625,6179,0.0,0.0
2013-08-14 00:00:00+09:00,1424.242431640625,1427.272705078125,1342.4241943359375,1404.54541015625,57455,0.0,0.0
2013-08-16 00:00:00+09:00,1403.0302734375,1403.0302734375,1348.48486328125,1369.697021484375,41588,0.0,0.0
2013-08-19 00:00:00+09:00,1369.697021484375,1481.8182373046875,1357.5758056640625,1409.0909423828125,319892,0.0,0.0
2013-08-20 00:00:00+09:00,1409.0909423828125,1409.0909423828125,1372.727294921875,1374.242431640625,91205,0.0,0.0
2013-08-21 00:00:00+09:00,1363.6363525390625,1375.757568359375,1342.4241943359375,1366.6666259765625,104261,0.0,0.0
2013-08-22 00:00:00+09:00,1351.51513671875,1378.787841796875,1336.3636474609375,1374.242431640625,74825,0.0,0.0
2013-08-23 00:00:00+09:00,1372.727294921875,1407.5758056640625,1350.0,1400.0,21392,0.0,0.0
2013-08-26 00:00:00+09:00,1413.6363525390625,1413.6363525390625,1348.48486328125,1380.302978515625,11369,0.0,0.0
2013-08-27 00:00:00+09:00,1390.9090576171875,1407.5758056640625,1366.6666259765625,1393.939453125,11033,0.0,0.0
2013-08-28 00:00:00+09:00,1409.0909423828125,1409.0909423828125,1363.6363525390625,1377.272705078125,16943,0.0,0.0
2013-08-29 00:00:00+09:00,1371.212158203125,1410.6060791015625,1371.212158203125,1396.9697265625,28301,0.0,0.0
2013-08-30 00:00:00+09:00,1454.54541015625,1474.242431640625,1418.1817626953125,1430.302978515625,277481,0.0,0.0
2013-09-02 00:00:00+09:00,1436.3636474609375,1463.6363525390625,1430.302978515625,1451.51513671875,94481,0.0,0.0
2013-09-03 00:00:00+09:00,1451.51513671875,1465.1514892578125,1442.4241943359375,1451.51513671875,57485,0.0,0.0
2013-09-04 00:00:00+09:00,1439.3939208984375,1460.6060791015625,1433.3333740234375,1451.51513671875,17225,0.0,0.0
2013-09-05 00:00:00+09:00,1439.3939208984375,1454.54541015625,1439.3939208984375,1454.54541015625,24656,0.0,0.0
2013-09-06 00:00:00+09:00,1442.4241943359375,1457.5758056640625,1437.8787841796875,1451.51513671875,39116,0.0,0.0
2013-09-09 00:00:00+09:00,1451.51513671875,1457.5758056640625,1427.272705078125,1431.8182373046875,38468,0.0,0.0
2013-09-10 00:00:00+09:00,1433.3333740234375,1445.45458984375,1415.1514892578125,1430.302978515625,110243,0.0,0.0
2013-09-11 00:00:00+09:00,1433.3333740234375,1451.51513671875,1424.242431640625,1445.45458984375,212441,0.0,0.0
2013-09-12 00:00:00+09:00,1440.9090576171875,1454.54541015625,1427.272705078125,1442.4241943359375,61130,0.0,0.0
2013-09-13 00:00:00+09:00,1430.302978515625,1453.0302734375,1421.212158203125,1442.4241943359375,32867,0.0,0.0
2013-09-16 00:00:00+09:00,1453.0302734375,1453.0302734375,1428.787841796875,1445.45458984375,49052,0.0,0.0
2013-09-17 00:00:00+09:00,1439.3939208984375,1454.54541015625,1431.8182373046875,1445.45458984375,24722,0.0,0.0
2013-09-23 00:00:00+09:00,1442.4241943359375,1466.6666259765625,1439.3939208984375,1442.4241943359375,98510,0.0,0.0
2013-09-24 00:00:00+09:00,1445.45458984375,1448.48486328125,1424.242431640625,1436.3636474609375,24767,0.0,0.0
2013-09-25 00:00:00+09:00,1434.8485107421875,1453.0302734375,1418.1817626953125,1425.757568359375,72008,0.0,0.0
2013-09-26 00:00:00+09:00,1425.757568359375,1463.6363525390625,1424.242431640625,1439.3939208984375,43229,0.0,0.0
2013-09-27 00:00:00+09:00,1440.9090576171875,1457.5758056640625,1430.302978515625,1445.45458984375,45977,0.0,0.0
2013-09-30 00:00:00+09:00,1443.939453125,1459.0909423828125,1424.242431640625,1457.5758056640625,110855,0.0,0.0
2013-10-01 00:00:00+09:00,1448.48486328125,1462.1212158203125,1443.939453125,1454.54541015625,66416,0.0,0.0
2013-10-02 00:00:00+09:00,1451.51513671875,1481.8182373046875,1446.9697265625,1477.272705078125,108836,0.0,0.0
2013-10-04 00:00:00+09:00,1480.302978515625,1480.302978515625,1439.3939208984375,1462.1212158203125,46241,0.0,0.0
2013-10-07 00:00:00+09:00,1466.6666259765625,1484.8485107421875,1451.51513671875,1465.1514892578125,67436,0.0,0.0
2013-10-08 00:00:00+09:00,1465.1514892578125,1484.8485107421875,1460.6060791015625,1466.6666259765625,25328,0.0,0.0
2013-10-10 00:00:00+09:00,1451.51513671875,1472.727294921875,1451.51513671875,1465.1514892578125,45443,0.0,0.0
2013-10-11 00:00:00+09:00,1457.5758056640625,1472.727294921875,1453.0302734375,1460.6060791015625,108425,0.0,0.0
2013-10-14 00:00:00+09:00,1460.6060791015625,1481.8182373046875,1451.51513671875,1451.51513671875,20339,0.0,0.0
2013-10-15 00:00:00+09:00,1436.3636474609375,1471.212158203125,1436.3636474609375,1454.54541015625,74216,0.0,0.0
2013-10-16 00:00:00+09:00,1454.54541015625,1463.6363525390625,1443.939453125,1443.939453125,21497,0.0,0.0
2013-10-17 00:00:00+09:00,1448.48486328125,1468.1817626953125,1437.8787841796875,1448.48486328125,41882,0.0,0.0
2013-10-18 00:00:00+09:00,1454.54541015625,1454.54541015625,1436.3636474609375,1448.48486328125,36455,0.0,0.0
2013-10-21 00:00:00+09:00,1457.5758056640625,1457.5758056640625,1437.8787841796875,1454.54541015625,25112,0.0,0.0
2013-10-22 00:00:00+09:00,1448.48486328125,1459.0909423828125,1439.3939208984375,1451.51513671875,32240,0.0,0.0
2013-10-23 00:00:00+09:00,1439.3939208984375,1456.060546875,1437.8787841796875,1453.0302734375,25493,0.0,0.0
2013-10-24 00:00:00+09:00,1453.0302734375,1496.9697265625,1442.4241943359375,1466.6666259765625,64592,0.0,0.0
2013-10-25 00:00:00+09:00,1478.787841796875,1478.787841796875,1445.45458984375,1454.54541015625,24176,0.0,0.0
2013-10-28 00:00:00+09:00,1457.5758056640625,1460.6060791015625,1443.939453125,1457.5758056640625,88037,0.0,0.0
2013-10-29 00:00:00+09:00,1453.0302734375,1466.6666259765625,1446.9697265625,1459.0909423828125,25628,0.0,0.0
2013-10-30 00:00:00+09:00,1445.45458984375,1472.727294921875,1445.45458984375,1469.697021484375,86660,0.0,0.0
2013-10-31 00:00:00+09:00,1462.1212158203125,1474.242431640625,1456.060546875,1468.1817626953125,5888,0.0,0.0
2013-11-01 00:00:00+09:00,1465.1514892578125,1486.3636474609375,1465.1514892578125,1477.272705078125,55790,0.0,0.0
2013-11-04 00:00:00+09:00,1478.787841796875,1484.8485107421875,1459.0909423828125,1477.272705078125,36737,0.0,0.0
2013-11-05 00:00:00+09:00,1474.242431640625,1477.272705078125,1427.272705078125,1442.4241943359375,69119,0.0,0.0
2013-11-06 00:00:00+09:00,1442.4241943359375,1459.0909423828125,1437.8787841796875,1443.939453125,22703,0.0,0.0
2013-11-07 00:00:00+09:00,1472.727294921875,1495.45458984375,1450.0,1484.8485107421875,151790,0.0,0.0
2013-11-08 00:00:00+09:00,1483.3333740234375,1484.8485107421875,1453.0302734375,1477.272705078125,52583,0.0,0.0
2013-11-11 00:00:00+09:00,1477.272705078125,1477.272705078125,1428.787841796875,1450.0,36914,0.0,0.0
2013-11-12 00:00:00+09:00,1450.0,1466.6666259765625,1427.272705078125,1466.6666259765625,16460,0.0,0.0
2013-11-13 00:00:00+09:00,1465.1514892578125,1496.9697265625,1434.8485107421875,1465.1514892578125,22199,0.0,0.0
2013-11-14 00:00:00+09:00,1465.1514892578125,1483.3333740234375,1439.3939208984375,1466.6666259765625,5558,0.0,0.0
2013-11-15 00:00:00+09:00,1490.9090576171875,1490.9090576171875,1469.697021484375,1483.3333740234375,41261,0.0,0.0
2013-11-18 00:00:00+09:00,1487.8787841796875,1493.939453125,1472.727294921875,1489.3939208984375,50054,0.0,0.0
2013-11-19 00:00:00+09:00,1495.45458984375,1495.45458984375,1478.787841796875,1487.8787841796875,38852,0.0,0.0
2013-11-20 00:00:00+09:00,1487.8787841796875,1684.8485107421875,1487.8787841796875,1621.212158203125,861644,0.0,0.0
2013-11-21 00:00:00+09:00,1663.6363525390625,1663.6363525390625,1569.697021484375,1578.787841796875,223580,0.0,0.0
2013-11-22 00:00:00+09:00,1603.0302734375,1696.9697265625,1572.727294921875,1666.6666259765625,285305,0.0,0.0
2013-11-25 00:00:00+09:00,1663.6363525390625,1663.6363525390625,1618.1817626953125,1648.48486328125,115607,0.0,0.0
2013-11-26 00:00:00+09:00,1657.5758056640625,1715.1514892578125,1654.54541015625,1690.9090576171875,236948,0.0,0.0
2013-11-27 00:00:00+09:00,1690.9090576171875,1693.939453125,1618.1817626953125,1630.302978515625,113060,0.0,0.0
2013-11-28 00:00:00+09:00,1636.3636474609375,1815.1514892578125,1636.3636474609375,1700.0,990002,0.0,0.0
2013-11-29 00:00:00+09:00,1700.0,1942.4241943359375,1684.8485107421875,1924.242431640625,1712510,0.0,0.0
2013-12-02 00:00:00+09:00,1969.697021484375,2163.636474609375,1954.54541015625,2057.57568359375,2786342,0.0,0.0
2013-12-03 00:00:00+09:00,2045.45458984375,2115.151611328125,2018.1817626953125,2075.757568359375,815705,0.0,0.0
2013-12-04 00:00:00+09:00,2069.697021484375,2151.51513671875,2018.1817626953125,2090.9091796875,542189,0.0,0.0
2013-12-05 00:00:00+09:00,2090.9091796875,2090.9091796875,1972.727294921875,1996.9697265625,568673,0.0,0.0
2013-12-06 00:00:00+09:00,1978.787841796875,2293.939453125,1978.787841796875,2266.666748046875,1576211,0.0,0.0
2013-12-09 00:00:00+09:00,2272.727294921875,2272.727294921875,2157.57568359375,2203.0302734375,750233,0.0,0.0
2013-12-10 00:00:00+09:00,2224.242431640625,2369.697021484375,2181.818115234375,2209.0908203125,996491,0.0,0.0
2013-12-11 00:00:00+09:00,2212.12109375,2318.181884765625,2142.42431640625,2184.848388671875,364832,0.0,0.0
2013-12-12 00:00:00+09:00,2196.9697265625,2212.12109375,2078.787841796875,2100.0,468797,0.0,0.0
2013-12-13 00:00:00+09:00,2142.42431640625,2278.787841796875,2048.48486328125,2151.51513671875,558401,0.0,0.0
2013-12-16 00:00:00+09:00,2184.848388671875,2472.727294921875,2163.636474609375,2333.333251953125,1602398,0.0,0.0
2013-12-17 00:00:00+09:00,2363.636474609375,2406.060546875,2257.57568359375,2287.87890625,576929,0.0,0.0
2013-12-18 00:00:00+09:00,2278.787841796875,2545.45458984375,2272.727294921875,2454.54541015625,1009370,0.0,0.0
2013-12-19 00:00:00+09:00,2490.9091796875,2503.0302734375,2403.0302734375,2469.697021484375,389123,0.0,0.0
2013-12-20 00:00:00+09:00,2469.697021484375,2484.848388671875,2372.727294921875,2390.9091796875,368201,0.0,0.0
2013-12-23 00:00:00+09:00,2348.48486328125,2454.54541015625,2303.0302734375,2360.60595703125,385589,0.0,0.0
2013-12-24 00:00:00+09:00,2424.242431640625,2424.242431640625,2300.0,2306.060546875,360236,0.0,0.0
2013-12-26 00:00:00+09:00,2287.87890625,2342.42431640625,2278.787841796875,2293.939453125,220355,0.0,0.0
2013-12-27 00:00:00+09:00,2339.39404296875,2454.54541015625,2254.54541015625,2393.939453125,473687,0.0,0.0
2013-12-30 00:00:00+09:00,2393.939453125,2481.818115234375,2375.757568359375,2409.0908203125,197738,0.0,0.0
2014-01-02 00:00:00+09:00,2390.9091796875,2421.212158203125,2309.0908203125,2312.12109375,199577,0.0,0.0
2014-01-03 00:00:00+09:00,2312.12109375,2333.333251953125,2215.151611328125,2312.12109375,194048,0.0,0.0
2014-01-06 00:00:00+09:00,2357.57568359375,2357.57568359375,2212.12109375,2212.12109375,225926,0.0,0.0
2014-01-07 00:00:00+09:00,2239.39404296875,2275.757568359375,2121.212158203125,2266.666748046875,456509,0.0,0.0
2014-01-08 00:00:00+09:00,2333.333251953125,2333.333251953125,2215.151611328125,2257.57568359375,284072,0.0,0.0
2014-01-09 00:00:00+09:00,2257.57568359375,2269.697021484375,2178.787841796875,2184.848388671875,315005,0.0,0.0
2014-01-10 00:00:00+09:00,2215.151611328125,2215.151611328125,2112.12109375,2124.242431640625,422795,0.0,0.0
2014-01-13 00:00:00+09:00,2112.12109375,2187.87890625,2112.12109375,2160.60595703125,189794,0.0,0.0
2014-01-14 00:00:00+09:00,2142.42431640625,2324.242431640625,2142.42431640625,2287.87890625,545096,0.0,0.0
2014-01-15 00:00:00+09:00,2306.060546875,2481.818115234375,2221.212158203125,2378.787841796875,539675,0.0,0.0
2014-01-16 00:00:00+09:00,2421.212158203125,2457.57568359375,2354.54541015625,2372.727294921875,224807,0.0,0.0
2014-01-17 00:00:00+09:00,2512.12109375,2727.272705078125,2481.818115234375,2727.272705078125,2841935,0.0,0.0
2014-01-20 00:00:00+09:00,2869.697021484375,2939.39404296875,2760.60595703125,2848.48486328125,1855151,0.0,0.0
2014-01-21 00:00:00+09:00,2836.363525390625,2872.727294921875,2751.51513671875,2784.848388671875,671555,0.0,0.0
2014-01-22 00:00:00+09:00,2784.848388671875,2860.60595703125,2733.333251953125,2812.12109375,650840,0.0,0.0
2014-01-23 00:00:00+09:00,2839.39404296875,2839.39404296875,2709.0908203125,2730.302978515625,482249,0.0,0.0
2014-01-24 00:00:00+09:00,2754.54541015625,2809.0908203125,2712.12109375,2757.57568359375,417929,0.0,0.0
2014-01-27 00:00:00+09:00,2718.181884765625,2790.9091796875,2645.45458984375,2772.727294921875,423272,0.0,0.0
2014-01-28 00:00:00+09:00,2848.48486328125,2863.636474609375,2703.0302734375,2733.333251953125,426572,0.0,0.0
2014-01-29 00:00:00+09:00,2733.333251953125,2800.0,2718.181884765625,2800.0,263114,0.0,0.0
2014-02-03 00:00:00+09:00,2733.333251953125,2781.818115234375,2669.697021484375,2742.42431640625,261182,0.0,0.0
2014-02-04 00:00:00+09:00,2684.848388671875,2703.0302734375,2642.42431640625,2666.666748046875,385046,0.0,0.0
2014-02-05 00:00:00+09:00,2721.212158203125,2754.54541015625,2654.54541015625,2681.818115234375,656360,0.0,0.0
2014-02-06 00:00:00+09:00,2709.0908203125,2781.818115234375,2624.242431640625,2742.42431640625,574946,0.0,0.0
2014-02-07 00:00:00+09:00,2772.727294921875,2827.272705078125,2721.212158203125,2796.9697265625,353039,0.0,0.0
2014-02-10 00:00:00+09:00,2815.151611328125,2972.727294921875,2739.39404296875,2863.636474609375,1542374,0.0,0.0
2014-02-11 00:00:00+09:00,2900.0,2924.242431640625,2827.272705078125,2860.60595703125,801278,0.0,0.0
2014-02-12 00:00:00+09:00,2881.818115234375,3136.363525390625,2854.54541015625,2984.848388671875,2207144,0.0,0.0
2014-02-13 00:00:00+09:00,2990.9091796875,3181.818115234375,2984.848388671875,3045.45458984375,1077656,0.0,0.0
2014-02-14 00:00:00+09:00,3060.60595703125,3166.666748046875,3018.181884765625,3030.302978515625,692660,0.0,0.0
2014-02-17 00:00:00+09:00,3030.302978515625,3045.45458984375,2818.181884765625,2984.848388671875,1463675,0.0,0.0
2014-02-18 00:00:00+09:00,3009.0908203125,3027.272705078125,2966.666748046875,2984.848388671875,350318,0.0,0.0
2014-02-19 00:00:00+09:00,3027.272705078125,3075.757568359375,2987.87890625,2990.9091796875,351668,0.0,0.0
2014-02-20 00:00:00+09:00,3015.151611328125,3090.9091796875,2969.697021484375,2990.9091796875,377060,0.0,0.0
2014-02-21 00:00:00+09:00,3009.0908203125,3045.45458984375,2975.757568359375,2990.9091796875,231122,0.0,0.0
2014-02-24 00:00:00+09:00,2996.9697265625,3060.60595703125,2960.60595703125,2990.9091796875,191075,0.0,0.0
2014-02-25 00:00:00+09:00,2984.848388671875,2993.939453125,2930.302978515625,2945.45458984375,324671,0.0,0.0
2014-02-26 00:00:00+09:00,2945.45458984375,3000.0,2906.060546875,2954.54541015625,164507,0.0,0.0
2014-02-27 00:00:00+09:00,2954.54541015625,2990.9091796875,2912.12109375,2954.54541015625,128480,0.0,0.0
2014-02-28 00:00:00+09:00,2990.9091796875,3333.333251953125,2942.42431640625,3242.42431640625,1755110,0.0,0.0
2014-03-03 00:00:00+09:00,3257.57568359375,3348.48486328125,3227.272705078125,3272.727294921875,497990,0.0,0.0
2014-03-04 00:00:00+09:00,3257.57568359375,3363.636474609375,3227.272705078125,3272.727294921875,458114,0.0,0.0
2014-03-05 00:00:00+09:00,3287.87890625,3469.697021484375,3287.87890625,3378.787841796875,588341,0.0,0.0
2014-03-06 00:00:00+09:00,3393.939453125,3469.697021484375,3333.333251953125,3424.242431640625,311903,0.0,0.0
2014-03-07 00:00:00+09:00,3424.242431640625,3439.39404296875,3333.333251953125,3409.0908203125,342299,0.0,0.0
2014-03-10 00:00:00+09:00,3409.0908203125,3424.242431640625,3287.87890625,3318.181884765625,316220,0.0,0.0
2014-03-11 00:00:00+09:00,3318.181884765625,3439.39404296875,3257.57568359375,3424.242431640625,322937,0.0,0.0
2014-03-12 00:00:00+09:00,3439.39404296875,3439.39404296875,3303.0302734375,3333.333251953125,200213,0.0,0.0
2014-03-13 00:00:00+09:00,3318.181884765625,3500.0,3257.57568359375,3287.87890625,595790,0.0,0.0
2014-03-14 00:00:00+09:00,3287.87890625,3363.636474609375,3227.272705078125,3303.0302734375,185051,0.0,0.0
2014-03-17 00:00:00+09:00,3318.181884765625,3409.0908203125,3196.9697265625,3196.9697265625,288590,0.0,0.0
2014-03-18 00:00:00+09:00,3484.848388671875,3666.666748046875,3439.39404296875,3666.666748046875,922904,0.0,0.0
2014-03-19 00:00:00+09:00,3893.939453125,4000.0,3651.51513671875,3651.51513671875,2808485,0.0,0.0
2014-03-20 00:00:00+09:00,3651.51513671875,4000.0,3621.212158203125,4000.0,1573394,0.0,0.0
2014-03-21 00:00:00+09:00,4015.151611328125,4287.87890625,3909.0908203125,4136.36376953125,2058584,0.0,0.0
2014-03-24 00:00:00+09:00,4136.36376953125,4242.42431640625,4000.0,4121.2119140625,1473785,0.0,0.0
2014-03-25 00:00:00+09:00,4121.2119140625,4121.2119140625,3863.636474609375,3878.787841796875,909650,0.0,0.0
2014-03-26 00:00:00+09:00,3924.242431640625,4121.2119140625,3863.636474609375,4060.60595703125,837251,0.0,0.0
2014-03-27 00:00:00+09:00,4030.302978515625,4484.8486328125,4030.302978515625,4318.181640625,2932736,0.0,0.0
2014-03-28 00:00:00+09:00,4318.181640625,4378.7880859375,4242.42431640625,4287.87890625,1272635,0.0,0.0
2014-03-31 00:00:00+09:00,4348.48486328125,4378.7880859375,4242.42431640625,4303.0302734375,930716,0.0,0.0
2014-04-01 00:00:00+09:00,4030.302978515625,4121.2119140625,3924.242431640625,4106.060546875,3868268,0.0,0.0
2014-04-02 00:00:00+09:00,4181.818359375,4257.57568359375,4060.60595703125,4090.9091796875,2300570,0.0,0.0
2014-04-03 00:00:00+09:00,4090.9091796875,4151.51513671875,4030.302978515625,4045.45458984375,960818,0.0,0.0
2014-04-04 00:00:00+09:00,4045.45458984375,4121.2119140625,4000.0,4106.060546875,597599,0.0,0.0
2014-04-07 00:00:00+09:00,4090.9091796875,4196.9697265625,4060.60595703125,4090.9091796875,559439,0.0,0.0
2014-04-08 00:00:00+09:00,4090.9091796875,4272.72705078125,4060.60595703125,4242.42431640625,1217345,0.0,0.0
2014-04-09 00:00:00+09:00,4257.57568359375,4272.72705078125,4136.36376953125,4181.818359375,728726,0.0,0.0
2014-04-10 00:00:00+09:00,4212.12109375,4242.42431640625,4075.757568359375,4121.2119140625,552026,0.0,0.0
2014-04-11 00:00:00+09:00,4075.757568359375,4196.9697265625,4060.60595703125,4121.2119140625,362498,0.0,0.0
2014-04-14 00:00:00+09:00,4151.51513671875,4287.87890625,4090.9091796875,4257.57568359375,597869,0.0,0.0
2014-04-15 00:00:00+09:00,4303.0302734375,4318.181640625,4181.818359375,4196.9697265625,454058,0.0,0.0
2014-04-16 00:00:00+09:00,4212.12109375,4257.57568359375,4166.66650390625,4242.42431640625,566840,0.0,0.0
2014-04-17 00:00:00+09:00,4257.57568359375,4272.72705078125,4166.66650390625,4181.818359375,278375,0.0,0.0
2014-04-18 00:00:00+09:00,4196.9697265625,4257.57568359375,4121.2119140625,4196.9697265625,328019,0.0,0.0
2014-04-21 00:00:00+09:00,4212.12109375,4212.12109375,3969.697021484375,4030.302978515625,866786,0.0,0.0
2014-04-22 00:00:00+09:00,4030.302978515625,4151.51513671875,4015.151611328125,4106.060546875,294029,0.0,0.0
2014-04-23 00:00:00+09:00,4106.060546875,4121.2119140625,3954.54541015625,4015.151611328125,306173,0.0,0.0
2014-04-24 00:00:00+09:00,3984.848388671875,4060.60595703125,3863.636474609375,3909.0908203125,385595,0.0,0.0
2014-04-25 00:00:00+09:00,3909.0908203125,4196.9697265625,3863.636474609375,4090.9091796875,739157,0.0,0.0
2014-04-28 00:00:00+09:00,4090.9091796875,4106.060546875,3954.54541015625,3969.697021484375,260870,0.0,0.0
2014-04-29 00:00:00+09:00,4015.151611328125,4181.818359375,4015.151611328125,4090.9091796875,311492,0.0,0.0
2014-04-30 00:00:00+09:00,4136.36376953125,4242.42431640625,4060.60595703125,4181.818359375,624035,0.0,0.0
2014-05-02 00:00:00+09:00,4181.818359375,4348.48486328125,4151.51513671875,4287.87890625,813218,0.0,0.0
2014-05-07 00:00:00+09:00,4287.87890625,4363.63623046875,4212.12109375,4287.87890625,297800,0.0,0.0
2014-05-08 00:00:00+09:00,4621.2119140625,4818.181640625,4363.63623046875,4469.69677734375,2597843,0.0,0.0
2014-05-09 00:00:00+09:00,4469.69677734375,4575.7578125,4378.7880859375,4469.69677734375,495857,0.0,0.0
2014-05-12 00:00:00+09:00,4575.7578125,4621.2119140625,4439.39404296875,4439.39404296875,294200,0.0,0.0
2014-05-13 00:00:00+09:00,4409.0908203125,4530.30322265625,4378.7880859375,4530.30322265625,425105,0.0,0.0
2014-05-14 00:00:00+09:00,4545.45458984375,4575.7578125,4454.54541015625,4515.1513671875,309158,0.0,0.0
2014-05-15 00:00:00+09:00,4484.8486328125,4545.45458984375,4469.69677734375,4500.0,171074,0.0,0.0
2014-05-16 00:00:00+09:00,4439.39404296875,4621.2119140625,4424.2421875,4560.60595703125,334226,0.0,0.0
2014-05-19 00:00:00+09:00,4636.36376953125,4636.36376953125,4424.2421875,4469.69677734375,295169,0.0,0.0
2014-05-20 00:00:00+09:00,4439.39404296875,4560.60595703125,4439.39404296875,4500.0,274697,0.0,0.0
2014-05-21 00:00:00+09:00,4484.8486328125,4636.36376953125,4484.8486328125,4545.45458984375,300716,0.0,0.0
2014-05-22 00:00:00+09:00,4575.7578125,4606.060546875,4500.0,4575.7578125,239237,0.0,0.0
2014-05-23 00:00:00+09:00,4590.9091796875,4893.939453125,4530.30322265625,4696.9697265625,2433230,0.0,0.0
2014-05-26 00:00:00+09:00,4757.57568359375,4772.72705078125,4424.2421875,4500.0,1133990,0.0,0.0
2014-05-27 00:00:00+09:00,4545.45458984375,4575.7578125,4424.2421875,4439.39404296875,539135,0.0,0.0
2014-05-28 00:00:00+09:00,4530.30322265625,4651.51513671875,4454.54541015625,4606.060546875,537275,0.0,0.0
2014-05-29 00:00:00+09:00,4621.2119140625,4666.66650390625,4545.45458984375,4606.060546875,485204,0.0,0.0
2014-05-30 00:00:00+09:00,4606.060546875,4727.27294921875,4606.060546875,4681.818359375,559814,0.0,0.0
2014-06-02 00:00:00+09:00,4681.818359375,4681.818359375,4515.1513671875,4515.1513671875,418763,0.0,0.0
2014-06-03 00:00:00+09:00,4515.1513671875,4590.9091796875,4454.54541015625,4530.30322265625,327458,0.0,0.0
2014-06-05 00:00:00+09:00,4590.9091796875,4924.2421875,4545.45458984375,4787.87890625,1928894,0.0,0.0
2014-06-09 00:00:00+09:00,4833.33349609375,4863.63623046875,4409.0908203125,4515.1513671875,1365812,0.0,0.0
2014-06-10 00:00:00+09:00,4515.1513671875,4666.66650390625,4469.69677734375,4666.66650390625,553016,0.0,0.0
2014-06-11 00:00:00+09:00,4681.818359375,4712.12109375,4590.9091796875,4636.36376953125,371393,0.0,0.0
2014-06-12 00:00:00+09:00,4666.66650390625,4848.48486328125,4590.9091796875,4848.48486328125,967772,0.0,0.0
2014-06-13 00:00:00+09:00,4863.63623046875,4924.2421875,4757.57568359375,4863.63623046875,557552,0.0,0.0
2014-06-16 00:00:00+09:00,4863.63623046875,5075.7578125,4803.0302734375,5045.45458984375,1045508,0.0,0.0
2014-06-17 00:00:00+09:00,5060.60595703125,5106.060546875,4984.8486328125,5060.60595703125,552326,0.0,0.0
2014-06-18 00:00:00+09:00,5060.60595703125,5121.2119140625,5015.1513671875,5121.2119140625,414428,0.0,0.0
2014-06-19 00:00:00+09:00,5136.36376953125,5166.66650390625,4939.39404296875,5015.1513671875,608594,0.0,0.0
2014-06-20 00:00:00+09:00,5000.0,5196.9697265625,4984.8486328125,5151.51513671875,1070300,0.0,0.0
2014-06-23 00:00:00+09:00,5121.2119140625,5151.51513671875,4969.69677734375,5000.0,676418,0.0,0.0
2014-06-24 00:00:00+09:00,4969.69677734375,5060.60595703125,4939.39404296875,5000.0,430823,0.0,0.0
2014-06-25 00:00:00+09:00,4984.8486328125,5060.60595703125,4939.39404296875,5000.0,336770,0.0,0.0
2014-06-26 00:00:00+09:00,5045.45458984375,5045.45458984375,4984.8486328125,5030.30322265625,267029,0.0,0.0
2014-06-27 00:00:00+09:00,5060.60595703125,5060.60595703125,4939.39404296875,4984.8486328125,152381,0.0,0.0
2014-06-30 00:00:00+09:00,4984.8486328125,5015.1513671875,4909.0908203125,4909.0908203125,245288,0.0,0.0
2014-07-01 00:00:00+09:00,4954.54541015625,5090.9091796875,4939.39404296875,5060.60595703125,434366,0.0,0.0
2014-07-02 00:00:00+09:00,5121.2119140625,5121.2119140625,5000.0,5060.60595703125,378158,0.0,0.0
2014-07-03 00:00:00+09:00,5106.060546875,5181.818359375,5045.45458984375,5151.51513671875,742724,0.0,0.0
2014-07-04 00:00:00+09:00,5424.2421875,5560.60595703125,5272.72705078125,5272.72705078125,1262429,0.0,0.0
2014-07-07 00:00:00+09:00,5287.87890625,5378.7880859375,5227.27294921875,5257.57568359375,509309,0.0,0.0
2014-07-08 00:00:00+09:00,5272.72705078125,5303.0302734375,5212.12109375,5242.42431640625,408959,0.0,0.0
2014-07-09 00:00:00+09:00,5227.27294921875,5378.7880859375,5227.27294921875,5257.57568359375,461489,0.0,0.0
2014-07-10 00:00:00+09:00,5333.33349609375,5424.2421875,5257.57568359375,5409.0908203125,619682,0.0,0.0
2014-07-11 00:00:00+09:00,5424.2421875,5515.1513671875,5257.57568359375,5272.72705078125,560234,0.0,0.0
2014-07-14 00:00:00+09:00,5272.72705078125,5348.48486328125,5227.27294921875,5303.0302734375,426644,0.0,0.0
2014-07-15 00:00:00+09:00,5287.87890625,5348.48486328125,5121.2119140625,5121.2119140625,782531,0.0,0.0
2014-07-16 00:00:00+09:00,5151.51513671875,5151.51513671875,4772.72705078125,4878.7880859375,1019939,0.0,0.0
2014-07-17 00:00:00+09:00,4878.7880859375,5121.2119140625,4878.7880859375,5045.45458984375,593063,0.0,0.0
2014-07-18 00:00:00+09:00,5000.0,5272.72705078125,5000.0,5272.72705078125,559565,0.0,0.0
2014-07-21 00:00:00+09:00,5348.48486328125,5348.48486328125,5121.2119140625,5196.9697265625,399839,0.0,0.0
2014-07-22 00:00:00+09:00,5242.42431640625,5287.87890625,5090.9091796875,5272.72705078125,503579,0.0,0.0
2014-07-23 00:00:00+09:00,5318.181640625,5454.54541015625,5166.66650390625,5166.66650390625,843632,0.0,0.0
2014-07-24 00:00:00+09:00,5196.9697265625,5272.72705078125,5121.2119140625,5136.36376953125,624662,0.0,0.0
2014-07-25 00:00:00+09:00,5151.51513671875,5287.87890625,5136.36376953125,5181.818359375,511226,0.0,0.0
2014-07-28 00:00:00+09:00,5227.27294921875,5257.57568359375,4878.7880859375,4969.69677734375,593102,0.0,0.0
2014-07-29 00:00:00+09:00,4969.69677734375,5075.7578125,4787.87890625,4893.939453125,570377,0.0,0.0
2014-07-30 00:00:00+09:00,4939.39404296875,5181.818359375,4893.939453125,5181.818359375,695660,0.0,0.0
2014-07-31 00:00:00+09:00,5196.9697265625,5242.42431640625,5000.0,5121.2119140625,448661,0.0,0.0
2014-08-01 00:00:00+09:00,5015.1513671875,5242.42431640625,5015.1513671875,5227.27294921875,310112,0.0,0.0
2014-08-04 00:00:00+09:00,5212.12109375,5318.181640625,5181.818359375,5242.42431640625,298577,0.0,0.0
2014-08-05 00:00:00+09:00,5272.72705078125,5393.939453125,5212.12109375,5303.0302734375,441656,0.0,0.0
2014-08-06 00:00:00+09:00,5363.63623046875,5363.63623046875,5090.9091796875,5090.9091796875,280499,0.0,0.0
2014-08-07 00:00:00+09:00,5090.9091796875,5181.818359375,4833.33349609375,4924.2421875,562367,0.0,0.0
2014-08-08 00:00:00+09:00,4939.39404296875,5000.0,4848.48486328125,4909.0908203125,424967,0.0,0.0
2014-08-11 00:00:00+09:00,4924.2421875,5015.1513671875,4909.0908203125,4954.54541015625,334844,0.0,0.0
2014-08-12 00:00:00+09:00,4969.69677734375,4984.8486328125,4681.818359375,4833.33349609375,579710,0.0,0.0
2014-08-13 00:00:00+09:00,4863.63623046875,4909.0908203125,4742.42431640625,4818.181640625,329057,0.0,0.0
2014-08-14 00:00:00+09:00,4848.48486328125,4969.69677734375,4772.72705078125,4924.2421875,292232,0.0,0.0
2014-08-18 00:00:00+09:00,4954.54541015625,5121.2119140625,4954.54541015625,5106.060546875,360287,0.0,0.0
2014-08-19 00:00:00+09:00,5227.27294921875,5333.33349609375,5106.060546875,5121.2119140625,615335,0.0,0.0
2014-08-20 00:00:00+09:00,5090.9091796875,5363.63623046875,5090.9091796875,5348.48486328125,716453,0.0,0.0
2014-08-21 00:00:00+09:00,5363.63623046875,5621.2119140625,5272.72705078125,5560.60595703125,722639,0.0,0.0
2014-08-22 00:00:00+09:00,5530.30322265625,5575.7578125,5348.48486328125,5454.54541015625,592301,0.0,0.0
2014-08-25 00:00:00+09:00,5378.7880859375,5560.60595703125,5257.57568359375,5515.1513671875,604598,0.0,0.0
2014-08-26 00:00:00+09:00,5515.1513671875,5575.7578125,5409.0908203125,5484.8486328125,359225,0.0,0.0
2014-08-27 00:00:00+09:00,5454.54541015625,5515.1513671875,5303.0302734375,5393.939453125,364247,0.0,0.0
2014-08-28 00:00:00+09:00,5393.939453125,5469.69677734375,5303.0302734375,5393.939453125,289676,0.0,0.0
2014-08-29 00:00:00+09:00,5378.7880859375,5757.57568359375,5303.0302734375,5530.30322265625,568028,0.0,0.0
2014-09-01 00:00:00+09:00,5530.30322265625,5545.45458984375,5303.0302734375,5393.939453125,323822,0.0,0.0
2014-09-02 00:00:00+09:00,5393.939453125,5560.60595703125,5318.181640625,5515.1513671875,252617,0.0,0.0
2014-09-03 00:00:00+09:00,5454.54541015625,5727.27294921875,5439.39404296875,5666.66650390625,497126,0.0,0.0
2014-09-04 00:00:00+09:00,5636.36376953125,5787.87890625,5636.36376953125,5742.42431640625,441257,0.0,0.0
2014-09-05 00:00:00+09:00,5742.42431640625,5954.54541015625,5712.12109375,5818.181640625,565244,0.0,0.0
2014-09-11 00:00:00+09:00,5787.87890625,5803.0302734375,5530.30322265625,5606.060546875,701696,0.0,0.0
2014-09-12 00:00:00+09:00,5606.060546875,5666.66650390625,5500.0,5545.45458984375,162362,0.0,0.0
2014-09-15 00:00:00+09:00,5484.8486328125,5666.66650390625,5484.8486328125,5545.45458984375,232220,0.0,0.0
2014-09-16 00:00:00+09:00,5560.60595703125,5590.9091796875,5469.69677734375,5545.45458984375,98837,0.0,0.0
2014-09-17 00:00:00+09:00,5545.45458984375,5742.42431640625,5515.1513671875,5575.7578125,268487,0.0,0.0
2014-09-18 00:00:00+09:00,5606.060546875,5651.51513671875,5530.30322265625,5590.9091796875,143867,0.0,0.0
2014-09-19 00:00:00+09:00,5651.51513671875,5727.27294921875,5575.7578125,5712.12109375,240944,0.0,0.0
2014-09-22 00:00:00+09:00,5712.12109375,5757.57568359375,5606.060546875,5666.66650390625,194753,0.0,0.0
2014-09-23 00:00:00+09:00,5712.12109375,5772.72705078125,5636.36376953125,5727.27294921875,227774,0.0,0.0
2014-09-24 00:00:00+09:00,5757.57568359375,6045.45458984375,5621.2119140625,6045.45458984375,276539,0.0,0.0
2014-09-25 00:00:00+09:00,5969.69677734375,6060.60595703125,5803.0302734375,6045.45458984375,186803,0.0,0.0
2014-09-26 00:00:00+09:00,5954.54541015625,6151.51513671875,5939.39404296875,6151.51513671875,184364,0.0,0.0
2014-09-29 00:00:00+09:00,6151.51513671875,6242.42431640625,5939.39404296875,6015.1513671875,159032,0.0,0.0
2014-09-30 00:00:00+09:00,6000.0,6106.060546875,5848.48486328125,5954.54541015625,162392,0.0,0.0
2014-10-01 00:00:00+09:00,5893.939453125,5984.8486328125,5818.181640625,5833.33349609375,184148,0.0,0.0
2014-10-02 00:00:00+09:00,5803.0302734375,5909.0908203125,5666.66650390625,5909.0908203125,187739,0.0,0.0
2014-10-06 00:00:00+09:00,5893.939453125,6181.818359375,5772.72705078125,6151.51513671875,212240,0.0,0.0
2014-10-07 00:00:00+09:00,6166.66650390625,6409.0908203125,6121.2119140625,6363.63623046875,427322,0.0,0.0
2014-10-08 00:00:00+09:00,6287.87890625,6545.45458984375,6287.87890625,6469.69677734375,296300,0.0,0.0
2014-10-10 00:00:00+09:00,6454.54541015625,6469.69677734375,6227.27294921875,6227.27294921875,160616,0.0,0.0
2014-10-13 00:00:00+09:00,6075.7578125,6151.51513671875,5893.939453125,5954.54541015625,241394,0.0,0.0
2014-10-14 00:00:00+09:00,5893.939453125,6121.2119140625,5863.63623046875,5984.8486328125,150071,0.0,0.0
2014-10-15 00:00:00+09:00,6106.060546875,6242.42431640625,5909.0908203125,6212.12109375,192845,0.0,0.0
2014-10-16 00:00:00+09:00,6106.060546875,6242.42431640625,6000.0,6030.30322265625,140447,0.0,0.0
2014-10-17 00:00:00+09:00,6060.60595703125,6151.51513671875,5893.939453125,6000.0,134201,0.0,0.0
2014-10-20 00:00:00+09:00,6015.1513671875,6060.60595703125,5818.181640625,5909.0908203125,192071,0.0,0.0
2014-10-21 00:00:00+09:00,5954.54541015625,6015.1513671875,5878.7880859375,5939.39404296875,116033,0.0,0.0
2014-10-22 00:00:00+09:00,6030.30322265625,6439.39404296875,5909.0908203125,6439.39404296875,462182,0.0,0.0
2014-10-23 00:00:00+09:00,6409.0908203125,6636.36376953125,6363.63623046875,6484.8486328125,260594,0.0,0.0
2014-10-24 00:00:00+09:00,6590.9091796875,6696.9697265625,6363.63623046875,6545.45458984375,257810,0.0,0.0
2014-10-27 00:00:00+09:00,6545.45458984375,6545.45458984375,6196.9697265625,6212.12109375,153098,0.0,0.0
2014-10-28 00:00:00+09:00,6348.48486328125,6439.39404296875,6212.12109375,6439.39404296875,104780,0.0,0.0
2014-10-29 00:00:00+09:00,6484.8486328125,6484.8486328125,6272.72705078125,6333.33349609375,118082,0.0,0.0
2014-10-30 00:00:00+09:00,6333.33349609375,6333.33349609375,6181.818359375,6272.72705078125,84362,0.0,0.0
2014-10-31 00:00:00+09:00,6257.57568359375,6484.8486328125,6196.9697265625,6287.87890625,133856,0.0,0.0
2014-11-03 00:00:00+09:00,6348.48486328125,6454.54541015625,6227.27294921875,6227.27294921875,98759,0.0,0.0
2014-11-04 00:00:00+09:00,6242.42431640625,6363.63623046875,6106.060546875,6333.33349609375,201566,0.0,0.0
2014-11-05 00:00:00+09:00,6409.0908203125,6409.0908203125,6181.818359375,6272.72705078125,225455,0.0,0.0
2014-11-06 00:00:00+09:00,6318.181640625,6333.33349609375,6060.60595703125,6136.36376953125,132782,0.0,0.0
2014-11-07 00:00:00+09:00,6121.2119140625,6287.87890625,6106.060546875,6257.57568359375,100817,0.0,0.0
2014-11-10 00:00:00+09:00,6363.63623046875,6363.63623046875,6136.36376953125,6166.66650390625,54797,0.0,0.0
2014-11-11 00:00:00+09:00,6121.2119140625,6439.39404296875,6045.45458984375,6393.939453125,240284,0.0,0.0
2014-11-12 00:00:00+09:00,6393.939453125,6424.2421875,6287.87890625,6393.939453125,78917,0.0,0.0
2014-11-13 00:00:00+09:00,6409.0908203125,6484.8486328125,6287.87890625,6333.33349609375,60107,0.0,0.0
2014-11-14 00:00:00+09:00,6287.87890625,6409.0908203125,6136.36376953125,6212.12109375,94289,0.0,0.0
2014-11-17 00:00:00+09:00,6287.87890625,6287.87890625,5636.36376953125,5787.87890625,319472,0.0,0.0
2014-11-18 00:00:00+09:00,5757.57568359375,5909.0908203125,5712.12109375,5863.63623046875,175994,0.0,0.0
2014-11-19 00:00:00+09:00,5909.0908203125,5954.54541015625,5621.2119140625,5666.66650390625,89978,0.0,0.0
2014-11-20 00:00:00+09:00,5666.66650390625,5924.2421875,5666.66650390625,5818.181640625,96143,0.0,0.0
2014-11-21 00:00:00+09:00,5984.8486328125,5984.8486328125,5727.27294921875,5863.63623046875,73478,0.0,0.0
2014-11-24 00:00:00+09:00,5818.181640625,5833.33349609375,5469.69677734375,5636.36376953125,290105,0.0,0.0
2014-11-25 00:00:00+09:00,5636.36376953125,5681.818359375,5393.939453125,5666.66650390625,139451,0.0,0.0
2014-11-26 00:00:00+09:00,5681.818359375,5742.42431640625,5530.30322265625,5651.51513671875,146084,0.0,0.0
2014-11-27 00:00:00+09:00,5833.33349609375,6378.7880859375,5833.33349609375,6363.63623046875,621623,0.0,0.0
2014-11-28 00:00:00+09:00,6378.7880859375,6424.2421875,6090.9091796875,6212.12109375,377453,0.0,0.0
2014-12-01 00:00:00+09:00,6212.12109375,6303.0302734375,6075.7578125,6287.87890625,135539,0.0,0.0
2014-12-02 00:00:00+09:00,6287.87890625,6318.181640625,6060.60595703125,6136.36376953125,107117,0.0,0.0
2014-12-03 00:00:00+09:00,6136.36376953125,6181.818359375,5909.0908203125,6060.60595703125,231749,0.0,0.0
2014-12-04 00:00:00+09:00,6030.30322265625,6060.60595703125,5833.33349609375,5893.939453125,219521,0.0,0.0
2014-12-05 00:00:00+09:00,5893.939453125,5984.8486328125,5803.0302734375,5878.7880859375,180860,0.0,0.0
2014-12-08 00:00:00+09:00,5893.939453125,5924.2421875,5787.87890625,5818.181640625,106844,0.0,0.0
2014-12-09 00:00:00+09:00,5772.72705078125,5954.54541015625,5757.57568359375,5863.63623046875,117248,0.0,0.0
2014-12-10 00:00:00+09:00,5878.7880859375,5893.939453125,5772.72705078125,5818.181640625,62042,0.0,0.0
2014-12-11 00:00:00+09:00,5757.57568359375,5818.181640625,5696.9697265625,5712.12109375,69557,0.0,0.0
2014-12-12 00:00:00+09:00,5681.818359375,5712.12109375,5409.0908203125,5424.2421875,228320,0.0,0.0
2014-12-15 00:00:00+09:00,5424.2421875,5424.2421875,5090.9091796875,5303.0302734375,301052,0.0,0.0
2014-12-16 00:00:00+09:00,5303.0302734375,5409.0908203125,5015.1513671875,5409.0908203125,391598,0.0,0.0
2014-12-17 00:00:00+09:00,5393.939453125,5621.2119140625,5378.7880859375,5545.45458984375,199445,0.0,0.0
2014-12-18 00:00:00+09:00,5545.45458984375,5621.2119140625,5409.0908203125,5621.2119140625,133973,0.0,0.0
2014-12-19 00:00:00+09:00,5606.060546875,5772.72705078125,5545.45458984375,5575.7578125,157937,0.0,0.0
2014-12-22 00:00:00+09:00,5500.0,5651.51513671875,5484.8486328125,5590.9091796875,111878,0.0,0.0
2014-12-23 00:00:00+09:00,5515.1513671875,5606.060546875,5469.69677734375,5545.45458984375,132674,0.0,0.0
2014-12-24 00:00:00+09:00,5590.9091796875,5590.9091796875,5378.7880859375,5484.8486328125,111590,0.0,0.0
2014-12-26 00:00:00+09:00,5484.8486328125,5787.87890625,5454.54541015625,5757.57568359375,223844,0.0,0.0
2014-12-29 00:00:00+09:00,5983.33349609375,6000.0,5566.66650390625,5766.66650390625,212414,0.0,0.0
2014-12-30 00:00:00+09:00,5766.66650390625,5883.33349609375,5666.66650390625,5700.0,60068,0.0,0.0
2015-01-02 00:00:00+09:00,5650.0,6000.0,5600.0,5916.66650390625,212417,0.0,0.0
2015-01-05 00:00:00+09:00,5783.33349609375,6166.66650390625,5783.33349609375,6133.33349609375,139694,0.0,0.0
2015-01-06 00:00:00+09:00,5983.33349609375,6216.66650390625,5983.33349609375,6066.66650390625,103925,0.0,0.0
2015-01-07 00:00:00+09:00,6033.33349609375,6166.66650390625,5933.33349609375,6150.0,110555,0.0,0.0
2015-01-08 00:00:00+09:00,6166.66650390625,6216.66650390625,5966.66650390625,6066.66650390625,65375,0.0,0.0
2015-01-09 00:00:00+09:00,6166.66650390625,6166.66650390625,5950.0,6100.0,123989,0.0,0.0
2015-01-12 00:00:00+09:00,6116.66650390625,6166.66650390625,6000.0,6116.66650390625,56747,0.0,0.0
2015-01-13 00:00:00+09:00,6066.66650390625,6183.33349609375,5950.0,6000.0,147125,0.0,0.0
2015-01-14 00:00:00+09:00,6083.33349609375,6166.66650390625,5966.66650390625,6166.66650390625,104186,0.0,0.0
2015-01-15 00:00:00+09:00,6200.0,6233.33349609375,5950.0,5966.66650390625,115916,0.0,0.0
2015-01-16 00:00:00+09:00,5966.66650390625,6016.66650390625,5833.33349609375,5966.66650390625,146822,0.0,0.0
2015-01-19 00:00:00+09:00,5966.66650390625,6050.0,5800.0,5883.33349609375,115055,0.0,0.0
2015-01-20 00:00:00+09:00,5883.33349609375,5966.66650390625,5766.66650390625,5900.0,99749,0.0,0.0
2015-01-21 00:00:00+09:00,5966.66650390625,5966.66650390625,5766.66650390625,5850.0,168965,0.0,0.0
2015-01-22 00:00:00+09:00,5816.66650390625,5883.33349609375,5633.33349609375,5633.33349609375,152819,0.0,0.0
2015-01-23 00:00:00+09:00,5683.33349609375,5700.0,5566.66650390625,5566.66650390625,90887,0.0,0.0
2015-01-26 00:00:00+09:00,5500.0,5733.33349609375,5483.33349609375,5566.66650390625,202799,0.0,0.0
2015-01-27 00:00:00+09:00,5566.66650390625,5633.33349609375,5500.0,5566.66650390625,50390,0.0,0.0
2015-01-28 00:00:00+09:00,5500.0,5600.0,5466.66650390625,5566.66650390625,65909,0.0,0.0
2015-01-29 00:00:00+09:00,5500.0,5583.33349609375,5433.33349609375,5533.33349609375,129779,0.0,0.0
2015-01-30 00:00:00+09:00,5533.33349609375,5533.33349609375,5416.66650390625,5466.66650390625,113372,0.0,0.0
2015-02-02 00:00:00+09:00,5466.66650390625,5466.66650390625,5250.0,5366.66650390625,131549,0.0,0.0
2015-02-03 00:00:00+09:00,5266.66650390625,5450.0,5216.66650390625,5450.0,140531,0.0,0.0
2015-02-04 00:00:00+09:00,5516.66650390625,5516.66650390625,5316.66650390625,5400.0,72218,0.0,0.0
2015-02-05 00:00:00+09:00,5466.66650390625,5466.66650390625,5166.66650390625,5183.33349609375,127277,0.0,0.0
2015-02-06 00:00:00+09:00,5200.0,5200.0,4950.0,4966.66650390625,311108,0.0,0.0
2015-02-09 00:00:00+09:00,5033.33349609375,5050.0,4816.66650390625,4966.66650390625,161558,0.0,0.0
2015-02-10 00:00:00+09:00,4916.66650390625,5216.66650390625,4866.66650390625,5216.66650390625,224030,0.0,0.0
2015-02-11 00:00:00+09:00,5216.66650390625,5266.66650390625,5083.33349609375,5216.66650390625,64658,0.0,0.0
2015-02-12 00:00:00+09:00,5216.66650390625,5216.66650390625,5033.33349609375,5133.33349609375,100202,0.0,0.0
2015-02-13 00:00:00+09:00,5166.66650390625,5350.0,5150.0,5250.0,160367,0.0,0.0
2015-02-16 00:00:00+09:00,5333.33349609375,5333.33349609375,5200.0,5316.66650390625,82232,0.0,0.0
2015-02-17 00:00:00+09:00,5350.0,5350.0,5083.33349609375,5166.66650390625,126449,0.0,0.0
2015-02-23 00:00:00+09:00,5133.33349609375,5200.0,4983.33349609375,5150.0,116618,0.0,0.0
2015-02-24 00:00:00+09:00,5166.66650390625,5283.33349609375,5100.0,5266.66650390625,118076,0.0,0.0
2015-02-25 00:00:00+09:00,5266.66650390625,5300.0,5166.66650390625,5183.33349609375,40658,0.0,0.0
2015-02-26 00:00:00+09:00,5200.0,5200.0,5050.0,5133.33349609375,77333,0.0,0.0
2015-02-27 00:00:00+09:00,5100.0,5150.0,5000.0,5000.0,221612,0.0,0.0
2015-03-02 00:00:00+09:00,5000.0,5133.33349609375,4950.0,5033.33349609375,159869,0.0,0.0
2015-03-03 00:00:00+09:00,5066.66650390625,5100.0,4966.66650390625,5050.0,108317,0.0,0.0
2015-03-04 00:00:00+09:00,5050.0,5550.0,5033.33349609375,5383.33349609375,475610,0.0,0.0
2015-03-05 00:00:00+09:00,5450.0,5533.33349609375,5283.33349609375,5500.0,236807,0.0,0.0
2015-03-06 00:00:00+09:00,5533.33349609375,5533.33349609375,5316.66650390625,5350.0,192662,0.0,0.0
2015-03-09 00:00:00+09:00,5333.33349609375,5433.33349609375,5116.66650390625,5233.33349609375,169670,0.0,0.0
2015-03-10 00:00:00+09:00,5316.66650390625,5316.66650390625,5033.33349609375,5066.66650390625,218603,0.0,0.0
2015-03-11 00:00:00+09:00,5100.0,5250.0,5066.66650390625,5200.0,127571,0.0,0.0
2015-03-12 00:00:00+09:00,5250.0,5433.33349609375,5166.66650390625,5383.33349609375,138143,0.0,0.0
2015-03-13 00:00:00+09:00,5383.33349609375,5500.0,5283.33349609375,5300.0,381758,0.0,0.0
2015-03-16 00:00:00+09:00,5350.0,5666.66650390625,5350.0,5633.33349609375,494348,0.0,0.0
2015-03-17 00:00:00+09:00,5716.66650390625,5766.66650390625,5550.0,5666.66650390625,318884,0.0,0.0
2015-03-18 00:00:00+09:00,5633.33349609375,5633.33349609375,5450.0,5533.33349609375,211418,0.0,0.0
2015-03-19 00:00:00+09:00,5566.66650390625,5566.66650390625,5300.0,5466.66650390625,208253,0.0,0.0
2015-03-20 00:00:00+09:00,5416.66650390625,5466.66650390625,5300.0,5333.33349609375,189227,0.0,0.0
2015-03-23 00:00:00+09:00,5400.0,5533.33349609375,5333.33349609375,5433.33349609375,175424,0.0,0.0
2015-03-24 00:00:00+09:00,5433.33349609375,5516.66650390625,5350.0,5366.66650390625,180932,0.0,0.0
2015-03-25 00:00:00+09:00,5450.0,5683.33349609375,5366.66650390625,5650.0,403277,0.0,0.0
2015-03-26 00:00:00+09:00,5600.0,5600.0,5450.0,5516.66650390625,136979,0.0,0.0
2015-03-27 00:00:00+09:00,5600.0,5666.66650390625,5483.33349609375,5600.0,233207,0.0,0.0
2015-03-30 00:00:00+09:00,5683.33349609375,5683.33349609375,5533.33349609375,5533.33349609375,122597,0.0,0.0
2015-03-31 00:00:00+09:00,5583.33349609375,5583.33349609375,5416.66650390625,5500.0,129512,0.0,0.0
2015-04-01 00:00:00+09:00,5483.33349609375,5533.33349609375,5300.0,5400.0,204647,0.0,0.0
2015-04-02 00:00:00+09:00,5416.66650390625,5416.66650390625,5300.0,5316.66650390625,149552,0.0,0.0
2015-04-03 00:00:00+09:00,5300.0,5400.0,5266.66650390625,5333.33349609375,142475,0.0,0.0
2015-04-06 00:00:00+09:00,5333.33349609375,5383.33349609375,5233.33349609375,5283.33349609375,133169,0.0,0.0
2015-04-07 00:00:00+09:00,5283.33349609375,5550.0,5233.33349609375,5500.0,353093,0.0,0.0
2015-04-08 00:00:00+09:00,5750.0,5833.33349609375,5550.0,5616.66650390625,826376,0.0,0.0
2015-04-09 00:00:00+09:00,5650.0,5650.0,5500.0,5566.66650390625,205424,0.0,0.0
2015-04-10 00:00:00+09:00,5566.66650390625,5866.66650390625,5433.33349609375,5766.66650390625,694616,0.0,0.0
2015-04-13 00:00:00+09:00,5933.33349609375,5950.0,5716.66650390625,5766.66650390625,362213,0.0,0.0
2015-04-14 00:00:00+09:00,5716.66650390625,6000.0,5566.66650390625,5866.66650390625,702386,0.0,0.0
2015-04-15 00:00:00+09:00,5866.66650390625,5966.66650390625,5833.33349609375,5916.66650390625,314903,0.0,0.0
2015-04-16 00:00:00+09:00,5966.66650390625,6066.66650390625,5816.66650390625,6066.66650390625,412037,0.0,0.0
2015-04-17 00:00:00+09:00,6116.66650390625,6166.66650390625,6033.33349609375,6066.66650390625,286520,0.0,0.0
2015-04-20 00:00:00+09:00,5966.66650390625,6083.33349609375,5800.0,6033.33349609375,539315,0.0,0.0
2015-04-21 00:00:00+09:00,6066.66650390625,6100.0,5900.0,6016.66650390625,354455,0.0,0.0
2015-04-22 00:00:00+09:00,5966.66650390625,5983.33349609375,5583.33349609375,5766.66650390625,458867,0.0,0.0
2015-04-23 00:00:00+09:00,5733.33349609375,5816.66650390625,5583.33349609375,5700.0,414632,0.0,0.0
2015-04-24 00:00:00+09:00,5683.33349609375,5733.33349609375,5383.33349609375,5550.0,517070,0.0,0.0
2015-04-27 00:00:00+09:00,5566.66650390625,5733.33349609375,5566.66650390625,5633.33349609375,276902,0.0,0.0
2015-04-28 00:00:00+09:00,5616.66650390625,5733.33349609375,5600.0,5733.33349609375,158462,0.0,0.0
2015-04-29 00:00:00+09:00,5816.66650390625,5833.33349609375,5650.0,5716.66650390625,153257,0.0,0.0
2015-04-30 00:00:00+09:00,5716.66650390625,5766.66650390625,5466.66650390625,5700.0,166394,0.0,0.0
2015-05-04 00:00:00+09:00,5766.66650390625,5766.66650390625,5533.33349609375,5600.0,117728,0.0,0.0
2015-05-06 00:00:00+09:00,5550.0,5633.33349609375,5483.33349609375,5500.0,123545,0.0,0.0
2015-05-07 00:00:00+09:00,5500.0,6316.66650390625,5433.33349609375,6283.33349609375,1016000,0.0,0.0
2015-05-08 00:00:00+09:00,6383.33349609375,6900.0,6066.66650390625,6233.33349609375,1721690,0.0,0.0
2015-05-11 00:00:00+09:00,6333.33349609375,6750.0,6333.33349609375,6466.66650390625,1404299,0.0,0.0
2015-05-12 00:00:00+09:00,6533.33349609375,6850.0,6266.66650390625,6516.66650390625,658049,0.0,0.0
2015-05-13 00:00:00+09:00,6466.66650390625,6783.33349609375,6433.33349609375,6550.0,550940,0.0,0.0
2015-05-14 00:00:00+09:00,6616.66650390625,7133.33349609375,6600.0,7000.0,1700651,0.0,0.0
2015-05-15 00:00:00+09:00,7150.0,7416.66650390625,6933.33349609375,7150.0,799550,0.0,0.0
2015-05-18 00:00:00+09:00,7133.33349609375,7166.66650390625,6716.66650390625,6950.0,925511,0.0,0.0
2015-05-19 00:00:00+09:00,6966.66650390625,6983.33349609375,6650.0,6800.0,481181,0.0,0.0
2015-05-20 00:00:00+09:00,6900.0,6950.0,6666.66650390625,6733.33349609375,378479,0.0,0.0
2015-05-21 00:00:00+09:00,6816.66650390625,6883.33349609375,6666.66650390625,6850.0,362168,0.0,0.0
2015-05-22 00:00:00+09:00,6850.0,7066.66650390625,6733.33349609375,6733.33349609375,525131,0.0,0.0
2015-05-26 00:00:00+09:00,6800.0,6833.33349609375,6366.66650390625,6383.33349609375,386147,0.0,0.0
2015-05-27 00:00:00+09:00,6366.66650390625,6366.66650390625,6133.33349609375,6166.66650390625,400010,0.0,0.0
2015-05-28 00:00:00+09:00,6316.66650390625,6333.33349609375,6066.66650390625,6200.0,262145,0.0,0.0
2015-05-29 00:00:00+09:00,6233.33349609375,6283.33349609375,5950.0,6000.0,348356,0.0,0.0
2015-06-01 00:00:00+09:00,6100.0,6116.66650390625,5833.33349609375,5916.66650390625,292832,0.0,0.0
2015-06-02 00:00:00+09:00,5916.66650390625,5983.33349609375,5833.33349609375,5933.33349609375,235082,0.0,0.0
2015-06-03 00:00:00+09:00,5900.0,6083.33349609375,5850.0,6033.33349609375,225032,0.0,0.0
2015-06-04 00:00:00+09:00,6066.66650390625,6233.33349609375,6033.33349609375,6150.0,257393,0.0,0.0
2015-06-05 00:00:00+09:00,6033.33349609375,6133.33349609375,5900.0,5916.66650390625,248879,0.0,0.0
2015-06-08 00:00:00+09:00,5883.33349609375,6466.66650390625,5850.0,6416.66650390625,616163,0.0,0.0
2015-06-09 00:00:00+09:00,6333.33349609375,6583.33349609375,6266.66650390625,6500.0,284093,0.0,0.0
2015-06-10 00:00:00+09:00,6500.0,6500.0,6133.33349609375,6233.33349609375,300584,0.0,0.0
2015-06-11 00:00:00+09:00,6250.0,6366.66650390625,6083.33349609375,6100.0,212429,0.0,0.0
2015-06-12 00:00:00+09:00,6200.0,6316.66650390625,6050.0,6083.33349609375,259286,0.0,0.0
2015-06-15 00:00:00+09:00,6033.33349609375,6216.66650390625,5983.33349609375,6216.66650390625,207320,0.0,0.0
2015-06-16 00:00:00+09:00,6116.66650390625,6216.66650390625,5950.0,6116.66650390625,86384,0.0,0.0
2015-06-17 00:00:00+09:00,6116.66650390625,6166.66650390625,5933.33349609375,6116.66650390625,174608,0.0,0.0
2015-06-18 00:00:00+09:00,6066.66650390625,6250.0,5850.0,5900.0,271616,0.0,0.0
2015-06-19 00:00:00+09:00,5866.66650390625,5983.33349609375,5833.33349609375,5950.0,129212,0.0,0.0
2015-06-22 00:00:00+09:00,5933.33349609375,5950.0,5633.33349609375,5783.33349609375,409250,0.0,0.0
2015-06-23 00:00:00+09:00,5800.0,5866.66650390625,5533.33349609375,5700.0,382976,0.0,0.0
2015-06-24 00:00:00+09:00,5633.33349609375,5700.0,5516.66650390625,5516.66650390625,303872,0.0,0.0
2015-06-25 00:00:00+09:00,5500.0,5683.33349609375,5500.0,5600.0,226685,0.0,0.0
2015-06-26 00:00:00+09:00,5516.66650390625,5583.33349609375,5433.33349609375,5533.33349609375,355376,0.0,0.0
2015-06-29 00:00:00+09:00,5466.66650390625,5466.66650390625,5016.66650390625,5100.0,448118,0.0,0.0
2015-06-30 00:00:00+09:00,4983.33349609375,5300.0,4933.33349609375,5300.0,258737,0.0,0.0
2015-07-01 00:00:00+09:00,5250.0,5366.66650390625,5150.0,5266.66650390625,240062,0.0,0.0
2015-07-02 00:00:00+09:00,5266.66650390625,5333.33349609375,5133.33349609375,5316.66650390625,216440,0.0,0.0
2015-07-03 00:00:00+09:00,5350.0,5350.0,4966.66650390625,4983.33349609375,349253,0.0,0.0
2015-07-06 00:00:00+09:00,4933.33349609375,4983.33349609375,4550.0,4733.33349609375,641087,0.0,0.0
2015-07-07 00:00:00+09:00,4650.0,4783.33349609375,4500.0,4633.33349609375,428705,0.0,0.0
2015-07-08 00:00:00+09:00,4650.0,4733.33349609375,4533.33349609375,4550.0,233726,0.0,0.0
2015-07-09 00:00:00+09:00,4550.0,4566.66650390625,4100.0,4300.0,1759856,0.0,0.0
2015-07-10 00:00:00+09:00,4383.33349609375,4683.33349609375,4300.0,4433.33349609375,916358,0.0,0.0
2015-07-13 00:00:00+09:00,4466.66650390625,4983.33349609375,4466.66650390625,4966.66650390625,961241,0.0,0.0
2015-07-14 00:00:00+09:00,5116.66650390625,5200.0,4800.0,4850.0,792044,0.0,0.0
2015-07-15 00:00:00+09:00,4850.0,4916.66650390625,4766.66650390625,4866.66650390625,286460,0.0,0.0
2015-07-16 00:00:00+09:00,4950.0,4950.0,4816.66650390625,4866.66650390625,314027,0.0,0.0
2015-07-17 00:00:00+09:00,4916.66650390625,5216.66650390625,4883.33349609375,5183.33349609375,564083,0.0,0.0
2015-07-20 00:00:00+09:00,5300.0,5316.66650390625,5100.0,5283.33349609375,358730,0.0,0.0
2015-07-21 00:00:00+09:00,5283.33349609375,5450.0,5166.66650390625,5366.66650390625,358604,0.0,0.0
2015-07-22 00:00:00+09:00,5366.66650390625,5433.33349609375,5183.33349609375,5183.33349609375,356147,0.0,0.0
2015-07-23 00:00:00+09:00,5266.66650390625,5333.33349609375,5133.33349609375,5216.66650390625,164897,0.0,0.0
2015-07-24 00:00:00+09:00,5216.66650390625,5316.66650390625,5166.66650390625,5266.66650390625,221723,0.0,0.0
2015-07-27 00:00:00+09:00,5316.66650390625,5316.66650390625,4950.0,5183.33349609375,213185,0.0,0.0
2015-07-28 00:00:00+09:00,5016.66650390625,5216.66650390625,4833.33349609375,5166.66650390625,268253,0.0,0.0
2015-07-29 00:00:00+09:00,5133.33349609375,5216.66650390625,4916.66650390625,4966.66650390625,179381,0.0,0.0
2015-07-30 00:00:00+09:00,5000.0,5000.0,4666.66650390625,4700.0,258524,0.0,0.0
2015-07-31 00:00:00+09:00,4616.66650390625,4750.0,4483.33349609375,4666.66650390625,159380,0.0,0.0
2015-08-03 00:00:00+09:00,4633.33349609375,4783.33349609375,4583.33349609375,4583.33349609375,140165,0.0,0.0
2015-08-04 00:00:00+09:00,4666.66650390625,4750.0,4516.66650390625,4683.33349609375,103544,0.0,0.0
2015-08-05 00:00:00+09:00,4750.0,4883.33349609375,4633.33349609375,4700.0,173360,0.0,0.0
2015-08-06 00:00:00+09:00,4733.33349609375,4900.0,4716.66650390625,4816.66650390625,143810,0.0,0.0
2015-08-07 00:00:00+09:00,4816.66650390625,5066.66650390625,4750.0,5033.33349609375,239384,0.0,0.0
2015-08-10 00:00:00+09:00,5066.66650390625,5100.0,4866.66650390625,4966.66650390625,82292,0.0,0.0
2015-08-11 00:00:00+09:00,4983.33349609375,5000.0,4816.66650390625,4816.66650390625,94283,0.0,0.0
2015-08-12 00:00:00+09:00,4766.66650390625,4883.33349609375,4333.33349609375,4616.66650390625,174044,0.0,0.0
2015-08-13 00:00:00+09:00,4566.66650390625,4850.0,4566.66650390625,4716.66650390625,143801,0.0,0.0
2015-08-17 00:00:00+09:00,4766.66650390625,5216.66650390625,4700.0,5116.66650390625,365003,0.0,0.0
2015-08-18 00:00:00+09:00,5050.0,5233.33349609375,4833.33349609375,4850.0,136949,0.0,0.0
2015-08-19 00:00:00+09:00,4900.0,4916.66650390625,4416.66650390625,4583.33349609375,269051,0.0,0.0
2015-08-20 00:00:00+09:00,4366.66650390625,4600.0,4283.33349609375,4283.33349609375,223343,0.0,0.0
2015-08-21 00:00:00+09:00,3966.666748046875,4200.0,3933.333251953125,4183.33349609375,236264,0.0,0.0
2015-08-24 00:00:00+09:00,4016.666748046875,4233.33349609375,3950.0,4100.0,185762,0.0,0.0
2015-08-25 00:00:00+09:00,4100.0,4516.66650390625,4033.333251953125,4500.0,257060,0.0,0.0
2015-08-26 00:00:00+09:00,4400.0,4533.33349609375,4300.0,4400.0,191099,0.0,0.0
2015-08-27 00:00:00+09:00,4483.33349609375,4616.66650390625,4400.0,4500.0,158015,0.0,0.0
2015-08-28 00:00:00+09:00,4516.66650390625,4733.33349609375,4516.66650390625,4633.33349609375,121562,0.0,0.0
2015-08-31 00:00:00+09:00,4633.33349609375,4683.33349609375,4466.66650390625,4500.0,188171,0.0,0.0
2015-09-01 00:00:00+09:00,4550.0,4583.33349609375,4316.66650390625,4333.33349609375,349553,0.0,0.0
2015-09-02 00:00:00+09:00,4200.0,4316.66650390625,4150.0,4266.66650390625,320291,0.0,0.0
2015-09-03 00:00:00+09:00,4366.66650390625,4366.66650390625,4250.0,4250.0,145868,0.0,0.0
2015-09-04 00:00:00+09:00,4300.0,4300.0,4100.0,4250.0,154814,0.0,0.0
2015-09-07 00:00:00+09:00,4233.33349609375,4233.33349609375,4116.66650390625,4150.0,105656,0.0,0.0
2015-09-08 00:00:00+09:00,4150.0,4200.0,3900.0,3933.333251953125,1153073,0.0,0.0
2015-09-09 00:00:00+09:00,3966.666748046875,4083.333251953125,3900.0,3983.333251953125,1335860,0.0,0.0
2015-09-10 00:00:00+09:00,3966.666748046875,4016.666748046875,3866.666748046875,3983.333251953125,781406,0.0,0.0
2015-09-11 00:00:00+09:00,4033.333251953125,4050.0,3950.0,4016.666748046875,399530,0.0,0.0
2015-09-14 00:00:00+09:00,4050.0,4050.0,3883.333251953125,3933.333251953125,309224,0.0,0.0
2015-09-15 00:00:00+09:00,3900.0,4000.0,3900.0,3950.0,228386,0.0,0.0
2015-09-16 00:00:00+09:00,3966.666748046875,4016.666748046875,3950.0,4016.666748046875,393245,0.0,0.0
2015-09-17 00:00:00+09:00,4033.333251953125,4066.666748046875,3933.333251953125,4000.0,268160,0.0,0.0
2015-09-18 00:00:00+09:00,4033.333251953125,4050.0,3966.666748046875,4050.0,315938,0.0,0.0
2015-09-21 00:00:00+09:00,4033.333251953125,4200.0,4016.666748046875,4150.0,576278,0.0,0.0
2015-09-22 00:00:00+09:00,4150.0,4250.0,4116.66650390625,4250.0,576839,0.0,0.0
2015-09-23 00:00:00+09:00,4216.66650390625,4250.0,4150.0,4166.66650390625,310349,0.0,0.0
2015-09-24 00:00:00+09:00,4200.0,4316.66650390625,4116.66650390625,4216.66650390625,445166,0.0,0.0
2015-09-25 00:00:00+09:00,4233.33349609375,4266.66650390625,4183.33349609375,4266.66650390625,170312,0.0,0.0
2015-09-30 00:00:00+09:00,4266.66650390625,4283.33349609375,4150.0,4283.33349609375,138545,0.0,0.0
2015-10-01 00:00:00+09:00,4283.33349609375,4316.66650390625,4216.66650390625,4266.66650390625,148085,0.0,0.0
2015-10-02 00:00:00+09:00,4266.66650390625,4366.66650390625,4250.0,4350.0,222359,0.0,0.0
2015-10-05 00:00:00+09:00,4350.0,4400.0,4266.66650390625,4333.33349609375,163427,0.0,0.0
2015-10-06 00:00:00+09:00,4350.0,4350.0,4266.66650390625,4266.66650390625,158138,0.0,0.0
2015-10-07 00:00:00+09:00,4250.0,4300.0,4216.66650390625,4283.33349609375,111038,0.0,0.0
2015-10-08 00:00:00+09:00,4300.0,4433.33349609375,4283.33349609375,4383.33349609375,302219,0.0,0.0
2015-10-12 00:00:00+09:00,4366.66650390625,4400.0,4283.33349609375,4350.0,111773,0.0,0.0
2015-10-13 00:00:00+09:00,4316.66650390625,4350.0,4250.0,4316.66650390625,174227,0.0,0.0
2015-10-14 00:00:00+09:00,4283.33349609375,4333.33349609375,4216.66650390625,4266.66650390625,124634,0.0,0.0
2015-10-15 00:00:00+09:00,4283.33349609375,4350.0,4250.0,4316.66650390625,196586,0.0,0.0
2015-10-16 00:00:00+09:00,4333.33349609375,4350.0,4266.66650390625,4300.0,109913,0.0,0.0
2015-10-19 00:00:00+09:00,4300.0,4350.0,4300.0,4333.33349609375,134393,0.0,0.0
2015-10-20 00:00:00+09:00,4366.66650390625,4433.33349609375,4316.66650390625,4400.0,279809,0.0,0.0
2015-10-21 00:00:00+09:00,4416.66650390625,4550.0,4350.0,4366.66650390625,308273,0.0,0.0
2015-10-22 00:00:00+09:00,4350.0,4400.0,4316.66650390625,4366.66650390625,211628,0.0,0.0
2015-10-23 00:00:00+09:00,4450.0,4450.0,4350.0,4383.33349609375,179333,0.0,0.0
2015-10-26 00:00:00+09:00,4383.33349609375,4433.33349609375,4366.66650390625,4433.33349609375,710471,0.0,0.0
2015-10-27 00:00:00+09:00,4433.33349609375,4466.66650390625,4400.0,4450.0,164354,0.0,0.0
2015-10-28 00:00:00+09:00,4416.66650390625,4450.0,4383.33349609375,4450.0,155945,0.0,0.0
2015-10-29 00:00:00+09:00,4516.66650390625,4516.66650390625,4383.33349609375,4400.0,144485,0.0,0.0
2015-10-30 00:00:00+09:00,4400.0,4450.0,4283.33349609375,4316.66650390625,205730,0.0,0.0
2015-11-02 00:00:00+09:00,4316.66650390625,4333.33349609375,4233.33349609375,4300.0,102122,0.0,0.0
2015-11-03 00:00:00+09:00,4283.33349609375,4350.0,4266.66650390625,4300.0,165191,0.0,0.0
2015-11-04 00:00:00+09:00,4300.0,4416.66650390625,4283.33349609375,4416.66650390625,100307,0.0,0.0
2015-11-05 00:00:00+09:00,4416.66650390625,4483.33349609375,4350.0,4466.66650390625,184334,0.0,0.0
2015-11-06 00:00:00+09:00,4466.66650390625,4466.66650390625,4366.66650390625,4416.66650390625,161570,0.0,0.0
2015-11-09 00:00:00+09:00,4416.66650390625,4416.66650390625,4266.66650390625,4316.66650390625,197123,0.0,0.0
2015-11-10 00:00:00+09:00,4300.0,4350.0,4166.66650390625,4216.66650390625,227789,0.0,0.0
2015-11-11 00:00:00+09:00,4166.66650390625,4616.66650390625,4166.66650390625,4516.66650390625,1346666,0.0,0.0
2015-11-12 00:00:00+09:00,4533.33349609375,4700.0,4483.33349609375,4633.33349609375,596003,0.0,0.0
2015-11-13 00:00:00+09:00,4616.66650390625,4666.66650390625,4533.33349609375,4600.0,450656,0.0,0.0
2015-11-16 00:00:00+09:00,4500.0,4600.0,4466.66650390625,4583.33349609375,379016,0.0,0.0
2015-11-17 00:00:00+09:00,4666.66650390625,4733.33349609375,4583.33349609375,4733.33349609375,707384,0.0,0.0
2015-11-18 00:00:00+09:00,4716.66650390625,4733.33349609375,4566.66650390625,4583.33349609375,506831,0.0,0.0
2015-11-19 00:00:00+09:00,4616.66650390625,4650.0,4583.33349609375,4633.33349609375,342695,0.0,0.0
2015-11-20 00:00:00+09:00,4666.66650390625,4683.33349609375,4616.66650390625,4650.0,183125,0.0,0.0
2015-11-23 00:00:00+09:00,4683.33349609375,4683.33349609375,4566.66650390625,4583.33349609375,187874,0.0,0.0
2015-11-24 00:00:00+09:00,4550.0,4716.66650390625,4550.0,4700.0,497876,0.0,0.0
2015-11-25 00:00:00+09:00,4700.0,4733.33349609375,4650.0,4733.33349609375,227306,0.0,0.0
2015-11-26 00:00:00+09:00,4750.0,4800.0,4700.0,4750.0,368384,0.0,0.0
2015-11-27 00:00:00+09:00,4766.66650390625,4883.33349609375,4716.66650390625,4783.33349609375,454550,0.0,0.0
2015-11-30 00:00:00+09:00,4733.33349609375,4816.66650390625,4583.33349609375,4633.33349609375,244358,0.0,0.0
2015-12-01 00:00:00+09:00,4666.66650390625,4716.66650390625,4633.33349609375,4650.0,139508,0.0,0.0
2015-12-02 00:00:00+09:00,4716.66650390625,4716.66650390625,4633.33349609375,4666.66650390625,146414,0.0,0.0
2015-12-03 00:00:00+09:00,4633.33349609375,4700.0,4600.0,4616.66650390625,181145,0.0,0.0
2015-12-04 00:00:00+09:00,4566.66650390625,4683.33349609375,4566.66650390625,4683.33349609375,116996,0.0,0.0
2015-12-07 00:00:00+09:00,4716.66650390625,4733.33349609375,4600.0,4616.66650390625,105515,0.0,0.0
2015-12-08 00:00:00+09:00,4616.66650390625,4616.66650390625,4366.66650390625,4466.66650390625,240674,0.0,0.0
2015-12-09 00:00:00+09:00,4466.66650390625,4533.33349609375,4383.33349609375,4466.66650390625,141362,0.0,0.0
2015-12-10 00:00:00+09:00,4383.33349609375,4466.66650390625,4283.33349609375,4333.33349609375,207059,0.0,0.0
2015-12-11 00:00:00+09:00,4283.33349609375,4400.0,4266.66650390625,4333.33349609375,161396,0.0,0.0
2015-12-14 00:00:00+09:00,4300.0,4316.66650390625,4100.0,4200.0,303419,0.0,0.0
2015-12-15 00:00:00+09:00,4250.0,4250.0,4083.333251953125,4166.66650390625,351746,0.0,0.0
2015-12-16 00:00:00+09:00,4216.66650390625,4250.0,4150.0,4200.0,236597,0.0,0.0
2015-12-17 00:00:00+09:00,4266.66650390625,4300.0,4166.66650390625,4200.0,250151,0.0,0.0
2015-12-18 00:00:00+09:00,4200.0,4216.66650390625,4150.0,4216.66650390625,258830,0.0,0.0
2015-12-21 00:00:00+09:00,4200.0,4250.0,4183.33349609375,4233.33349609375,138119,0.0,0.0
2015-12-22 00:00:00+09:00,4233.33349609375,4283.33349609375,4200.0,4216.66650390625,135500,0.0,0.0
2015-12-23 00:00:00+09:00,4250.0,4250.0,4183.33349609375,4200.0,163988,0.0,0.0
2015-12-24 00:00:00+09:00,4216.66650390625,4233.33349609375,4200.0,4216.66650390625,94787,0.0,0.0
2015-12-28 00:00:00+09:00,4233.33349609375,4333.33349609375,4166.66650390625,4333.33349609375,187172,0.0,0.0
2015-12-29 00:00:00+09:00,4283.33349609375,4350.0,4266.66650390625,4316.66650390625,114461,0.0,0.0
2015-12-30 00:00:00+09:00,4350.0,4383.33349609375,4316.66650390625,4366.66650390625,141179,0.0,0.0
2016-01-04 00:00:00+09:00,4366.66650390625,4383.33349609375,4300.0,4300.0,109178,0.0,0.0
2016-01-05 00:00:00+09:00,4250.0,4366.66650390625,4250.0,4333.33349609375,104969,0.0,0.0
2016-01-06 00:00:00+09:00,4366.66650390625,4383.33349609375,4283.33349609375,4366.66650390625,169598,0.0,0.0
2016-01-07 00:00:00+09:00,4366.66650390625,4433.33349609375,4233.33349609375,4300.0,179855,0.0,0.0
2016-01-08 00:00:00+09:00,4216.66650390625,4283.33349609375,4166.66650390625,4283.33349609375,116750,0.0,0.0
2016-01-11 00:00:00+09:00,4250.0,4300.0,4216.66650390625,4266.66650390625,81956,0.0,0.0
2016-01-12 00:00:00+09:00,4333.33349609375,4333.33349609375,4233.33349609375,4233.33349609375,211892,0.0,0.0
2016-01-13 00:00:00+09:00,4283.33349609375,4283.33349609375,4233.33349609375,4266.66650390625,172769,0.0,0.0
2016-01-14 00:00:00+09:00,4183.33349609375,4350.0,4183.33349609375,4283.33349609375,284531,0.0,0.0
2016-01-15 00:00:00+09:00,4300.0,4600.0,4300.0,4516.66650390625,973787,0.0,0.0
2016-01-18 00:00:00+09:00,4483.33349609375,4616.66650390625,4450.0,4566.66650390625,346103,0.0,0.0
2016-01-19 00:00:00+09:00,4550.0,4633.33349609375,4483.33349609375,4566.66650390625,219563,0.0,0.0
2016-01-20 00:00:00+09:00,4583.33349609375,4633.33349609375,4250.0,4283.33349609375,451694,0.0,0.0
2016-01-21 00:00:00+09:00,4300.0,4366.66650390625,4166.66650390625,4300.0,328178,0.0,0.0
2016-01-22 00:00:00+09:00,4333.33349609375,4383.33349609375,4250.0,4300.0,222311,0.0,0.0
2016-01-25 00:00:00+09:00,4316.66650390625,4400.0,4283.33349609375,4383.33349609375,281714,0.0,0.0
2016-01-26 00:00:00+09:00,4333.33349609375,4366.66650390625,4283.33349609375,4316.66650390625,177857,0.0,0.0
2016-01-27 00:00:00+09:00,4333.33349609375,4366.66650390625,4233.33349609375,4250.0,405878,0.0,0.0
2016-01-28 00:00:00+09:00,4250.0,4300.0,4133.33349609375,4183.33349609375,236246,0.0,0.0
2016-01-29 00:00:00+09:00,4200.0,4233.33349609375,4116.66650390625,4200.0,261824,0.0,0.0
2016-02-01 00:00:00+09:00,4250.0,4250.0,4150.0,4183.33349609375,162746,0.0,0.0
2016-02-02 00:00:00+09:00,4166.66650390625,4266.66650390625,4166.66650390625,4233.33349609375,169895,0.0,0.0
2016-02-03 00:00:00+09:00,4283.33349609375,4350.0,4183.33349609375,4233.33349609375,897425,0.0,0.0
2016-02-04 00:00:00+09:00,4266.66650390625,4283.33349609375,4150.0,4233.33349609375,382079,0.0,0.0
2016-02-05 00:00:00+09:00,4233.33349609375,4250.0,4166.66650390625,4183.33349609375,278279,0.0,0.0
2016-02-11 00:00:00+09:00,4066.666748046875,4150.0,3950.0,3966.666748046875,451151,0.0,0.0
2016-02-12 00:00:00+09:00,3916.666748046875,3950.0,3566.666748046875,3716.666748046875,682871,0.0,0.0
2016-02-15 00:00:00+09:00,3766.666748046875,3833.333251953125,3716.666748046875,3783.333251953125,307892,0.0,0.0
2016-02-16 00:00:00+09:00,3766.666748046875,3850.0,3750.0,3833.333251953125,214868,0.0,0.0
2016-02-17 00:00:00+09:00,3883.333251953125,3883.333251953125,3766.666748046875,3816.666748046875,148658,0.0,0.0
2016-02-18 00:00:00+09:00,3883.333251953125,3933.333251953125,3833.333251953125,3916.666748046875,188465,0.0,0.0
2016-02-19 00:00:00+09:00,3916.666748046875,4033.333251953125,3883.333251953125,3950.0,170333,0.0,0.0
2016-02-22 00:00:00+09:00,4000.0,4000.0,3916.666748046875,3933.333251953125,150188,0.0,0.0
2016-02-23 00:00:00+09:00,3950.0,3983.333251953125,3900.0,3950.0,151826,0.0,0.0
2016-02-24 00:00:00+09:00,3933.333251953125,4016.666748046875,3900.0,4000.0,151505,0.0,0.0
2016-02-25 00:00:00+09:00,4000.0,4033.333251953125,3966.666748046875,3983.333251953125,130127,0.0,0.0
2016-02-26 00:00:00+09:00,4000.0,4050.0,3983.333251953125,4016.666748046875,147836,0.0,0.0
2016-02-29 00:00:00+09:00,4033.333251953125,4200.0,4016.666748046875,4133.33349609375,405389,0.0,0.0
2016-03-02 00:00:00+09:00,4216.66650390625,4300.0,4183.33349609375,4250.0,444101,0.0,0.0
2016-03-03 00:00:00+09:00,4266.66650390625,4283.33349609375,4200.0,4250.0,226370,0.0,0.0
2016-03-04 00:00:00+09:00,4250.0,4333.33349609375,4216.66650390625,4283.33349609375,259004,0.0,0.0
2016-03-07 00:00:00+09:00,4316.66650390625,4366.66650390625,4283.33349609375,4300.0,166046,0.0,0.0
2016-03-08 00:00:00+09:00,4300.0,4316.66650390625,4183.33349609375,4200.0,247112,0.0,0.0
2016-03-09 00:00:00+09:00,4183.33349609375,4250.0,4183.33349609375,4233.33349609375,161711,0.0,0.0
2016-03-10 00:00:00+09:00,4233.33349609375,4400.0,4216.66650390625,4366.66650390625,361787,0.0,0.0
2016-03-11 00:00:00+09:00,4400.0,4416.66650390625,4333.33349609375,4383.33349609375,133499,0.0,0.0
2016-03-14 00:00:00+09:00,4383.33349609375,4450.0,4250.0,4266.66650390625,197318,0.0,0.0
2016-03-15 00:00:00+09:00,4250.0,4366.66650390625,4233.33349609375,4300.0,139253,0.0,0.0
2016-03-16 00:00:00+09:00,4300.0,4333.33349609375,4216.66650390625,4233.33349609375,121214,0.0,0.0
2016-03-17 00:00:00+09:00,4233.33349609375,4300.0,4216.66650390625,4250.0,97013,0.0,0.0
2016-03-18 00:00:00+09:00,4283.33349609375,4300.0,4233.33349609375,4266.66650390625,108143,0.0,0.0
2016-03-21 00:00:00+09:00,4250.0,4283.33349609375,4183.33349609375,4200.0,146252,0.0,0.0
2016-03-22 00:00:00+09:00,4183.33349609375,4233.33349609375,4166.66650390625,4233.33349609375,332579,0.0,0.0
2016-03-23 00:00:00+09:00,4183.33349609375,4233.33349609375,4183.33349609375,4216.66650390625,130118,0.0,0.0
2016-03-24 00:00:00+09:00,4233.33349609375,4233.33349609375,4166.66650390625,4183.33349609375,80399,0.0,0.0
2016-03-25 00:00:00+09:00,4166.66650390625,4200.0,4133.33349609375,4200.0,130904,0.0,0.0
2016-03-28 00:00:00+09:00,4200.0,4216.66650390625,4133.33349609375,4166.66650390625,153386,0.0,0.0
2016-03-29 00:00:00+09:00,4133.33349609375,4216.66650390625,4133.33349609375,4216.66650390625,100970,0.0,0.0
2016-03-30 00:00:00+09:00,4200.0,4233.33349609375,4183.33349609375,4216.66650390625,76355,0.0,0.0
2016-03-31 00:00:00+09:00,4200.0,4216.66650390625,4133.33349609375,4183.33349609375,134720,0.0,0.0
2016-04-01 00:00:00+09:00,4183.33349609375,4233.33349609375,4133.33349609375,4200.0,157109,0.0,0.0
2016-04-04 00:00:00+09:00,4166.66650390625,4216.66650390625,4166.66650390625,4216.66650390625,127250,0.0,0.0
2016-04-05 00:00:00+09:00,4216.66650390625,4216.66650390625,4166.66650390625,4200.0,101270,0.0,0.0
2016-04-06 00:00:00+09:00,4200.0,4216.66650390625,4166.66650390625,4216.66650390625,91811,0.0,0.0
2016-04-07 00:00:00+09:00,4216.66650390625,4233.33349609375,4166.66650390625,4183.33349609375,116801,0.0,0.0
2016-04-08 00:00:00+09:00,4216.66650390625,4450.0,4183.33349609375,4450.0,905027,0.0,0.0
2016-04-11 00:00:00+09:00,4683.33349609375,5783.33349609375,4550.0,5783.33349609375,9448040,0.0,0.0
2016-04-12 00:00:00+09:00,6283.33349609375,6383.33349609375,5400.0,5700.0,11790080,0.0,0.0
2016-04-14 00:00:00+09:00,5650.0,5783.33349609375,5283.33349609375,5350.0,4095671,0.0,0.0
2016-04-15 00:00:00+09:00,5450.0,5566.66650390625,5100.0,5133.33349609375,2975492,0.0,0.0
2016-04-18 00:00:00+09:00,5200.0,5433.33349609375,5166.66650390625,5250.0,2567846,0.0,0.0
2016-04-19 00:00:00+09:00,5250.0,5633.33349609375,5200.0,5400.0,2655710,0.0,0.0
2016-04-20 00:00:00+09:00,5383.33349609375,5416.66650390625,5016.66650390625,5016.66650390625,2030729,0.0,0.0
2016-04-21 00:00:00+09:00,5033.33349609375,5283.33349609375,4883.33349609375,5166.66650390625,2195729,0.0,0.0
2016-04-22 00:00:00+09:00,5233.33349609375,5266.66650390625,5116.66650390625,5200.0,769325,0.0,0.0
2016-04-25 00:00:00+09:00,5266.66650390625,5283.33349609375,5016.66650390625,5133.33349609375,693911,0.0,0.0
2016-04-26 00:00:00+09:00,5116.66650390625,5250.0,4900.0,5233.33349609375,1080785,0.0,0.0
2016-04-27 00:00:00+09:00,5183.33349609375,5233.33349609375,5083.33349609375,5116.66650390625,515591,0.0,0.0
2016-04-28 00:00:00+09:00,5016.66650390625,5150.0,5000.0,5066.66650390625,515924,0.0,0.0
2016-04-29 00:00:00+09:00,5033.33349609375,5150.0,4933.33349609375,5016.66650390625,577403,0.0,0.0
2016-05-02 00:00:00+09:00,5016.66650390625,5066.66650390625,4916.66650390625,4916.66650390625,337208,0.0,0.0
2016-05-03 00:00:00+09:00,4933.33349609375,5550.0,4933.33349609375,5250.0,3274460,0.0,0.0
2016-05-04 00:00:00+09:00,5200.0,5333.33349609375,5100.0,5266.66650390625,778922,0.0,0.0
2016-05-09 00:00:00+09:00,5216.66650390625,5316.66650390625,4916.66650390625,4916.66650390625,890498,0.0,0.0
2016-05-10 00:00:00+09:00,4833.33349609375,4983.33349609375,4800.0,4900.0,607367,0.0,0.0
2016-05-11 00:00:00+09:00,4966.66650390625,5016.66650390625,4883.33349609375,4966.66650390625,298133,0.0,0.0
2016-05-12 00:00:00+09:00,4933.33349609375,4983.33349609375,4833.33349609375,4883.33349609375,360617,0.0,0.0
2016-05-13 00:00:00+09:00,4916.66650390625,5100.0,4866.66650390625,4950.0,516890,0.0,0.0
2016-05-16 00:00:00+09:00,4950.0,5066.66650390625,4900.0,4950.0,374186,0.0,0.0
2016-05-17 00:00:00+09:00,4950.0,4950.0,4766.66650390625,4800.0,547421,0.0,0.0
2016-05-18 00:00:00+09:00,4783.33349609375,4833.33349609375,4600.0,4633.33349609375,445571,0.0,0.0
2016-05-19 00:00:00+09:00,4683.33349609375,4750.0,4616.66650390625,4716.66650390625,314360,0.0,0.0
2016-05-20 00:00:00+09:00,4716.66650390625,4783.33349609375,4633.33349609375,4750.0,306218,0.0,0.0
2016-05-23 00:00:00+09:00,4766.66650390625,4816.66650390625,4700.0,4716.66650390625,204152,0.0,0.0
2016-05-24 00:00:00+09:00,4750.0,5166.66650390625,4716.66650390625,5050.0,1344665,0.0,0.0
2016-05-25 00:00:00+09:00,5100.0,5600.0,5016.66650390625,5400.0,2454605,0.0,0.0
2016-05-26 00:00:00+09:00,5366.66650390625,5366.66650390625,5166.66650390625,5166.66650390625,689363,0.0,0.0
2016-05-27 00:00:00+09:00,5166.66650390625,5333.33349609375,5166.66650390625,5233.33349609375,584201,0.0,0.0
2016-05-30 00:00:00+09:00,5250.0,5350.0,5166.66650390625,5233.33349609375,315674,0.0,0.0
2016-05-31 00:00:00+09:00,5266.66650390625,5266.66650390625,5133.33349609375,5166.66650390625,236018,0.0,0.0
2016-06-01 00:00:00+09:00,5183.33349609375,5383.33349609375,5183.33349609375,5283.33349609375,375233,0.0,0.0
2016-06-02 00:00:00+09:00,5300.0,5333.33349609375,5183.33349609375,5233.33349609375,245588,0.0,0.0
2016-06-03 00:00:00+09:00,5233.33349609375,5283.33349609375,5166.66650390625,5200.0,226544,0.0,0.0
2016-06-07 00:00:00+09:00,5200.0,5266.66650390625,5033.33349609375,5033.33349609375,256214,0.0,0.0
2016-06-08 00:00:00+09:00,5100.0,5166.66650390625,4983.33349609375,5050.0,316739,0.0,0.0
2016-06-09 00:00:00+09:00,5083.33349609375,5200.0,4866.66650390625,4950.0,283709,0.0,0.0
2016-06-10 00:00:00+09:00,4950.0,5016.66650390625,4883.33349609375,4900.0,207794,0.0,0.0
2016-06-13 00:00:00+09:00,4900.0,4916.66650390625,4750.0,4850.0,172541,0.0,0.0
2016-06-14 00:00:00+09:00,4850.0,4900.0,4766.66650390625,4766.66650390625,177638,0.0,0.0
2016-06-15 00:00:00+09:00,4800.0,4966.66650390625,4783.33349609375,4816.66650390625,216146,0.0,0.0
2016-06-16 00:00:00+09:00,4816.66650390625,4900.0,4683.33349609375,4700.0,199184,0.0,0.0
2016-06-17 00:00:00+09:00,4750.0,4916.66650390625,4750.0,4800.0,155765,0.0,0.0
2016-06-20 00:00:00+09:00,4850.0,5033.33349609375,4783.33349609375,4983.33349609375,160514,0.0,0.0
2016-06-21 00:00:00+09:00,5016.66650390625,5083.33349609375,4916.66650390625,4983.33349609375,142589,0.0,0.0
2016-06-22 00:00:00+09:00,5033.33349609375,5066.66650390625,4916.66650390625,4950.0,136640,0.0,0.0
2016-06-23 00:00:00+09:00,4933.33349609375,4933.33349609375,4766.66650390625,4816.66650390625,194585,0.0,0.0
2016-06-24 00:00:00+09:00,4916.66650390625,4916.66650390625,4383.33349609375,4533.33349609375,546140,0.0,0.0
2016-06-27 00:00:00+09:00,4350.0,4550.0,4300.0,4483.33349609375,245270,0.0,0.0
2016-06-28 00:00:00+09:00,4400.0,4583.33349609375,4383.33349609375,4566.66650390625,145097,0.0,0.0
2016-06-29 00:00:00+09:00,4600.0,4683.33349609375,4583.33349609375,4666.66650390625,172121,0.0,0.0
2016-06-30 00:00:00+09:00,4666.66650390625,4716.66650390625,4550.0,4666.66650390625,128582,0.0,0.0
2016-07-01 00:00:00+09:00,4650.0,4766.66650390625,4616.66650390625,4733.33349609375,137060,0.0,0.0
2016-07-04 00:00:00+09:00,4750.0,4783.33349609375,4683.33349609375,4733.33349609375,106853,0.0,0.0
2016-07-05 00:00:00+09:00,4700.0,4733.33349609375,4616.66650390625,4683.33349609375,208442,0.0,0.0
2016-07-06 00:00:00+09:00,4666.66650390625,4716.66650390625,4550.0,4616.66650390625,193520,0.0,0.0
2016-07-07 00:00:00+09:00,4616.66650390625,4683.33349609375,4600.0,4683.33349609375,92450,0.0,0.0
2016-07-08 00:00:00+09:00,4733.33349609375,4816.66650390625,4683.33349609375,4783.33349609375,206081,0.0,0.0
2016-07-11 00:00:00+09:00,4766.66650390625,4900.0,4700.0,4850.0,153422,0.0,0.0
2016-07-12 00:00:00+09:00,4883.33349609375,4900.0,4766.66650390625,4850.0,133469,0.0,0.0
2016-07-13 00:00:00+09:00,4866.66650390625,4883.33349609375,4783.33349609375,4783.33349609375,100988,0.0,0.0
2016-07-14 00:00:00+09:00,4766.66650390625,4866.66650390625,4766.66650390625,4850.0,168992,0.0,0.0
2016-07-15 00:00:00+09:00,4916.66650390625,4916.66650390625,4716.66650390625,4733.33349609375,385541,0.0,0.0
2016-07-18 00:00:00+09:00,4733.33349609375,4766.66650390625,4633.33349609375,4716.66650390625,122063,0.0,0.0
2016-07-19 00:00:00+09:00,4716.66650390625,4783.33349609375,4666.66650390625,4700.0,118025,0.0,0.0
2016-07-20 00:00:00+09:00,4733.33349609375,4883.33349609375,4683.33349609375,4750.0,190478,0.0,0.0
2016-07-21 00:00:00+09:00,4816.66650390625,5133.33349609375,4733.33349609375,5050.0,936335,0.0,0.0
2016-07-22 00:00:00+09:00,5000.0,5000.0,4833.33349609375,4883.33349609375,527393,0.0,0.0
2016-07-25 00:00:00+09:00,4900.0,4950.0,4766.66650390625,4800.0,231065,0.0,0.0
2016-07-26 00:00:00+09:00,4800.0,4833.33349609375,4733.33349609375,4766.66650390625,171557,0.0,0.0
2016-07-27 00:00:00+09:00,4800.0,4883.33349609375,4766.66650390625,4766.66650390625,193532,0.0,0.0
2016-07-28 00:00:00+09:00,4816.66650390625,4983.33349609375,4783.33349609375,4866.66650390625,270611,0.0,0.0
2016-07-29 00:00:00+09:00,4900.0,4916.66650390625,4800.0,4850.0,132968,0.0,0.0
2016-08-01 00:00:00+09:00,4866.66650390625,5166.66650390625,4866.66650390625,5133.33349609375,848708,0.0,0.0
2016-08-02 00:00:00+09:00,5216.66650390625,5383.33349609375,5150.0,5283.33349609375,994211,0.0,0.0
2016-08-03 00:00:00+09:00,5300.0,5366.66650390625,5066.66650390625,5283.33349609375,470033,0.0,0.0
2016-08-04 00:00:00+09:00,5283.33349609375,5416.66650390625,5200.0,5416.66650390625,474887,0.0,0.0
2016-08-05 00:00:00+09:00,5400.0,5516.66650390625,5283.33349609375,5283.33349609375,540164,0.0,0.0
2016-08-08 00:00:00+09:00,5383.33349609375,5383.33349609375,5250.0,5300.0,241349,0.0,0.0
2016-08-09 00:00:00+09:00,5333.33349609375,5333.33349609375,5166.66650390625,5233.33349609375,247703,0.0,0.0
2016-08-10 00:00:00+09:00,5216.66650390625,5316.66650390625,5216.66650390625,5283.33349609375,167405,0.0,0.0
2016-08-11 00:00:00+09:00,5283.33349609375,5316.66650390625,5183.33349609375,5200.0,171686,0.0,0.0
2016-08-12 00:00:00+09:00,5200.0,5283.33349609375,5133.33349609375,5283.33349609375,156608,0.0,0.0
2016-08-16 00:00:00+09:00,5300.0,5366.66650390625,5216.66650390625,5216.66650390625,226307,0.0,0.0
2016-08-17 00:00:00+09:00,5000.0,5033.33349609375,4783.33349609375,4900.0,749312,0.0,0.0
2016-08-18 00:00:00+09:00,4950.0,5050.0,4900.0,5016.66650390625,140789,0.0,0.0
2016-08-19 00:00:00+09:00,5016.66650390625,5100.0,5000.0,5016.66650390625,133526,0.0,0.0
2016-08-22 00:00:00+09:00,5050.0,5066.66650390625,4916.66650390625,4950.0,124349,0.0,0.0
2016-08-23 00:00:00+09:00,4950.0,5050.0,4933.33349609375,5016.66650390625,121694,0.0,0.0
2016-08-24 00:00:00+09:00,5000.0,5133.33349609375,4966.66650390625,5133.33349609375,179903,0.0,0.0
2016-08-25 00:00:00+09:00,5100.0,5133.33349609375,5050.0,5050.0,98912,0.0,0.0
2016-08-26 00:00:00+09:00,5033.33349609375,5050.0,4916.66650390625,4966.66650390625,168263,0.0,0.0
2016-08-29 00:00:00+09:00,4966.66650390625,4966.66650390625,4766.66650390625,4783.33349609375,191495,0.0,0.0
2016-08-30 00:00:00+09:00,4750.0,4866.66650390625,4750.0,4766.66650390625,106181,0.0,0.0
2016-08-31 00:00:00+09:00,4783.33349609375,4816.66650390625,4650.0,4750.0,212171,0.0,0.0
2016-09-01 00:00:00+09:00,4700.0,4783.33349609375,4683.33349609375,4750.0,121439,0.0,0.0
2016-09-02 00:00:00+09:00,4733.33349609375,4750.0,4683.33349609375,4716.66650390625,102443,0.0,0.0
2016-09-05 00:00:00+09:00,4700.0,4800.0,4700.0,4716.66650390625,95699,0.0,0.0
2016-09-06 00:00:00+09:00,4716.66650390625,4783.33349609375,4716.66650390625,4783.33349609375,71924,0.0,0.0
2016-09-07 00:00:00+09:00,4800.0,4800.0,4700.0,4750.0,89678,0.0,0.0
2016-09-08 00:00:00+09:00,4716.66650390625,4750.0,4650.0,4650.0,169787,0.0,0.0
2016-09-09 00:00:00+09:00,4616.66650390625,4666.66650390625,4533.33349609375,4650.0,198203,0.0,0.0
2016-09-12 00:00:00+09:00,4566.66650390625,4700.0,4516.66650390625,4700.0,161600,0.0,0.0
2016-09-13 00:00:00+09:00,4716.66650390625,4733.33349609375,4650.0,4666.66650390625,85613,0.0,0.0
2016-09-19 00:00:00+09:00,4633.33349609375,4666.66650390625,4533.33349609375,4566.66650390625,155897,0.0,0.0
2016-09-20 00:00:00+09:00,4550.0,4666.66650390625,4533.33349609375,4650.0,79331,0.0,0.0
2016-09-21 00:00:00+09:00,4666.66650390625,4666.66650390625,4600.0,4616.66650390625,39938,0.0,0.0
2016-09-22 00:00:00+09:00,4616.66650390625,4683.33349609375,4583.33349609375,4583.33349609375,83588,0.0,0.0
2016-09-23 00:00:00+09:00,4633.33349609375,4916.66650390625,4583.33349609375,4750.0,297029,0.0,0.0
2016-09-26 00:00:00+09:00,4750.0,4800.0,4650.0,4716.66650390625,80498,0.0,0.0
2016-09-27 00:00:00+09:00,4683.33349609375,4783.33349609375,4666.66650390625,4733.33349609375,54230,0.0,0.0
2016-09-28 00:00:00+09:00,4733.33349609375,4816.66650390625,4700.0,4816.66650390625,106955,0.0,0.0
2016-09-29 00:00:00+09:00,4783.33349609375,4800.0,4716.66650390625,4733.33349609375,91103,0.0,0.0
2016-09-30 00:00:00+09:00,4700.0,4733.33349609375,4650.0,4666.66650390625,85298,0.0,0.0
2016-10-04 00:00:00+09:00,4666.66650390625,4833.33349609375,4650.0,4800.0,96098,0.0,0.0
2016-10-05 00:00:00+09:00,4833.33349609375,4833.33349609375,4700.0,4733.33349609375,53792,0.0,0.0
2016-10-06 00:00:00+09:00,4733.33349609375,4766.66650390625,4666.66650390625,4700.0,52823,0.0,0.0
2016-10-07 00:00:00+09:00,4716.66650390625,4716.66650390625,4616.66650390625,4616.66650390625,63275,0.0,0.0
2016-10-10 00:00:00+09:00,4600.0,4666.66650390625,4550.0,4600.0,49577,0.0,0.0
2016-10-11 00:00:00+09:00,4633.33349609375,4650.0,4500.0,4550.0,127955,0.0,0.0
2016-10-12 00:00:00+09:00,4533.33349609375,4566.66650390625,4483.33349609375,4550.0,86738,0.0,0.0
2016-10-13 00:00:00+09:00,4533.33349609375,4550.0,4500.0,4500.0,62150,0.0,0.0
2016-10-14 00:00:00+09:00,4500.0,4533.33349609375,4450.0,4500.0,74621,0.0,0.0
2016-10-17 00:00:00+09:00,4483.33349609375,4516.66650390625,4350.0,4416.66650390625,113834,0.0,0.0
2016-10-18 00:00:00+09:00,4400.0,4450.0,4300.0,4333.33349609375,137516,0.0,0.0
2016-10-19 00:00:00+09:00,4400.0,4400.0,4300.0,4333.33349609375,99317,0.0,0.0
2016-10-20 00:00:00+09:00,4316.66650390625,4366.66650390625,4233.33349609375,4233.33349609375,91496,0.0,0.0
2016-10-21 00:00:00+09:00,4250.0,4283.33349609375,4216.66650390625,4266.66650390625,44825,0.0,0.0
2016-10-24 00:00:00+09:00,4216.66650390625,4283.33349609375,4166.66650390625,4233.33349609375,54485,0.0,0.0
2016-10-25 00:00:00+09:00,4233.33349609375,4650.0,4100.0,4433.33349609375,356561,0.0,0.0
2016-10-26 00:00:00+09:00,4366.66650390625,4550.0,4333.33349609375,4350.0,106346,0.0,0.0
2016-10-27 00:00:00+09:00,4333.33349609375,4433.33349609375,4333.33349609375,4400.0,45515,0.0,0.0
2016-10-28 00:00:00+09:00,4366.66650390625,4450.0,4316.66650390625,4333.33349609375,71240,0.0,0.0
2016-10-31 00:00:00+09:00,4300.0,4350.0,4133.33349609375,4150.0,108488,0.0,0.0
2016-11-01 00:00:00+09:00,4133.33349609375,4233.33349609375,4116.66650390625,4150.0,54914,0.0,0.0
2016-11-02 00:00:00+09:00,4133.33349609375,4166.66650390625,3866.666748046875,3866.666748046875,228668,0.0,0.0
2016-11-03 00:00:00+09:00,3800.0,3966.666748046875,3800.0,3816.666748046875,158558,0.0,0.0
2016-11-04 00:00:00+09:00,3833.333251953125,3900.0,3800.0,3833.333251953125,122249,0.0,0.0
2016-11-07 00:00:00+09:00,3850.0,4016.666748046875,3850.0,3983.333251953125,90107,0.0,0.0
2016-11-08 00:00:00+09:00,4000.0,4100.0,3950.0,4033.333251953125,43742,0.0,0.0
2016-11-09 00:00:00+09:00,4066.666748046875,4083.333251953125,3600.0,3800.0,289955,0.0,0.0
2016-11-10 00:00:00+09:00,3866.666748046875,4083.333251953125,3816.666748046875,3966.666748046875,115850,0.0,0.0
2016-11-11 00:00:00+09:00,4016.666748046875,4016.666748046875,3883.333251953125,3966.666748046875,28871,0.0,0.0
2016-11-14 00:00:00+09:00,3933.333251953125,4233.33349609375,3933.333251953125,4183.33349609375,155135,0.0,0.0
2016-11-15 00:00:00+09:00,4150.0,4300.0,4150.0,4233.33349609375,102317,0.0,0.0
2016-11-16 00:00:00+09:00,4283.33349609375,4383.33349609375,4233.33349609375,4266.66650390625,98600,0.0,0.0
2016-11-17 00:00:00+09:00,4250.0,4350.0,4183.33349609375,4350.0,77792,0.0,0.0
2016-11-18 00:00:00+09:00,4383.33349609375,4383.33349609375,4200.0,4283.33349609375,158678,0.0,0.0
2016-11-21 00:00:00+09:00,4300.0,4333.33349609375,4216.66650390625,4316.66650390625,34091,0.0,0.0
2016-11-22 00:00:00+09:00,4333.33349609375,4366.66650390625,4266.66650390625,4300.0,35900,0.0,0.0
2016-11-23 00:00:00+09:00,4283.33349609375,4316.66650390625,4183.33349609375,4233.33349609375,72875,0.0,0.0
2016-11-24 00:00:00+09:00,4200.0,4233.33349609375,4116.66650390625,4183.33349609375,94541,0.0,0.0
2016-11-25 00:00:00+09:00,4083.333251953125,4166.66650390625,4066.666748046875,4150.0,157769,0.0,0.0
2016-11-28 00:00:00+09:00,4150.0,4200.0,4000.0,4066.666748046875,39146,0.0,0.0
2016-11-29 00:00:00+09:00,4000.0,4150.0,4000.0,4066.666748046875,37574,0.0,0.0
2016-11-30 00:00:00+09:00,4050.0,4116.66650390625,4050.0,4116.66650390625,21227,0.0,0.0
2016-12-01 00:00:00+09:00,4116.66650390625,4116.66650390625,4016.666748046875,4050.0,54461,0.0,0.0
2016-12-02 00:00:00+09:00,4050.0,4050.0,3900.0,3966.666748046875,65633,0.0,0.0
2016-12-05 00:00:00+09:00,3966.666748046875,4033.333251953125,3900.0,4000.0,38978,0.0,0.0
2016-12-06 00:00:00+09:00,3950.0,4066.666748046875,3950.0,4033.333251953125,42998,0.0,0.0
2016-12-07 00:00:00+09:00,4066.666748046875,4166.66650390625,3983.333251953125,4116.66650390625,75500,0.0,0.0
2016-12-08 00:00:00+09:00,4183.33349609375,4266.66650390625,4133.33349609375,4233.33349609375,100382,0.0,0.0
2016-12-09 00:00:00+09:00,4250.0,4366.66650390625,4233.33349609375,4283.33349609375,90344,0.0,0.0
2016-12-12 00:00:00+09:00,4283.33349609375,4333.33349609375,4166.66650390625,4283.33349609375,57485,0.0,0.0
2016-12-13 00:00:00+09:00,4316.66650390625,4433.33349609375,4183.33349609375,4416.66650390625,108743,0.0,0.0
2016-12-14 00:00:00+09:00,4466.66650390625,4500.0,4316.66650390625,4316.66650390625,80540,0.0,0.0
2016-12-15 00:00:00+09:00,4333.33349609375,4516.66650390625,4300.0,4516.66650390625,112205,0.0,0.0
2016-12-16 00:00:00+09:00,4500.0,4533.33349609375,4416.66650390625,4483.33349609375,55625,0.0,0.0
2016-12-19 00:00:00+09:00,4483.33349609375,4500.0,4366.66650390625,4466.66650390625,48278,0.0,0.0
2016-12-20 00:00:00+09:00,4416.66650390625,4550.0,4416.66650390625,4466.66650390625,50657,0.0,0.0
2016-12-21 00:00:00+09:00,4533.33349609375,4566.66650390625,4416.66650390625,4550.0,106871,0.0,0.0
2016-12-22 00:00:00+09:00,4550.0,4550.0,4433.33349609375,4433.33349609375,45806,0.0,0.0
2016-12-23 00:00:00+09:00,4433.33349609375,4516.66650390625,4433.33349609375,4483.33349609375,78935,0.0,0.0
2016-12-26 00:00:00+09:00,4583.33349609375,4583.33349609375,4483.33349609375,4500.0,64574,0.0,0.0
2016-12-27 00:00:00+09:00,4450.0,4533.33349609375,4450.0,4516.66650390625,74432,0.0,0.0
2016-12-28 00:00:00+09:00,4516.66650390625,4533.33349609375,4466.66650390625,4516.66650390625,69683,0.0,0.0
2016-12-29 00:00:00+09:00,4516.66650390625,4566.66650390625,4500.0,4533.33349609375,51332,0.0,0.0
2017-01-02 00:00:00+09:00,4533.33349609375,4983.33349609375,4533.33349609375,4850.0,327290,0.0,0.0
2017-01-03 00:00:00+09:00,4800.0,4916.66650390625,4783.33349609375,4883.33349609375,89090,0.0,0.0
2017-01-04 00:00:00+09:00,4883.33349609375,5050.0,4800.0,5000.0,266096,0.0,0.0
2017-01-05 00:00:00+09:00,5200.0,5866.66650390625,5200.0,5583.33349609375,5859530,0.0,0.0
2017-01-06 00:00:00+09:00,5616.66650390625,5833.33349609375,5416.66650390625,5500.0,1882505,0.0,0.0
2017-01-09 00:00:00+09:00,5483.33349609375,5783.33349609375,5450.0,5766.66650390625,932018,0.0,0.0
2017-01-10 00:00:00+09:00,5700.0,5900.0,5683.33349609375,5750.0,498071,0.0,0.0
2017-01-11 00:00:00+09:00,5666.66650390625,5816.66650390625,5633.33349609375,5750.0,307343,0.0,0.0
2017-01-12 00:00:00+09:00,5750.0,6100.0,5700.0,5966.66650390625,1665971,0.0,0.0
2017-01-13 00:00:00+09:00,5950.0,6166.66650390625,5916.66650390625,5966.66650390625,636353,0.0,0.0
2017-01-16 00:00:00+09:00,5983.33349609375,6016.66650390625,5816.66650390625,5866.66650390625,337313,0.0,0.0
2017-01-17 00:00:00+09:00,5900.0,6000.0,5716.66650390625,5816.66650390625,329738,0.0,0.0
2017-01-18 00:00:00+09:00,5866.66650390625,5983.33349609375,5750.0,5883.33349609375,407207,0.0,0.0
2017-01-19 00:00:00+09:00,5833.33349609375,6250.0,5816.66650390625,6066.66650390625,610019,0.0,0.0
2017-01-20 00:00:00+09:00,6066.66650390625,6150.0,5966.66650390625,6000.0,193100,0.0,0.0
2017-01-23 00:00:00+09:00,6000.0,6066.66650390625,5900.0,5933.33349609375,291890,0.0,0.0
2017-01-24 00:00:00+09:00,5900.0,5966.66650390625,5800.0,5900.0,289238,0.0,0.0
2017-01-25 00:00:00+09:00,5950.0,6016.66650390625,5850.0,5883.33349609375,154631,0.0,0.0
2017-01-26 00:00:00+09:00,5866.66650390625,6183.33349609375,5800.0,6116.66650390625,457325,0.0,0.0
2017-01-31 00:00:00+09:00,6050.0,6133.33349609375,6000.0,6083.33349609375,143933,0.0,0.0
2017-02-01 00:00:00+09:00,6000.0,6100.0,5866.66650390625,5966.66650390625,191162,0.0,0.0
2017-02-02 00:00:00+09:00,5866.66650390625,5966.66650390625,5750.0,5750.0,379664,0.0,0.0
2017-02-03 00:00:00+09:00,5783.33349609375,5916.66650390625,5616.66650390625,5816.66650390625,292106,0.0,0.0
2017-02-06 00:00:00+09:00,5833.33349609375,5833.33349609375,5550.0,5616.66650390625,280604,0.0,0.0
2017-02-07 00:00:00+09:00,5600.0,5716.66650390625,5333.33349609375,5533.33349609375,373145,0.0,0.0
2017-02-08 00:00:00+09:00,5533.33349609375,5583.33349609375,5416.66650390625,5550.0,149423,0.0,0.0
2017-02-09 00:00:00+09:00,5600.0,5683.33349609375,5416.66650390625,5633.33349609375,182366,0.0,0.0
2017-02-10 00:00:00+09:00,5650.0,5783.33349609375,5466.66650390625,5500.0,221663,0.0,0.0
2017-02-13 00:00:00+09:00,5516.66650390625,5566.66650390625,5416.66650390625,5483.33349609375,82334,0.0,0.0
2017-02-14 00:00:00+09:00,5483.33349609375,5633.33349609375,5416.66650390625,5450.0,258158,0.0,0.0
2017-02-15 00:00:00+09:00,5483.33349609375,5583.33349609375,5383.33349609375,5533.33349609375,87257,0.0,0.0
2017-02-16 00:00:00+09:00,5583.33349609375,5583.33349609375,5400.0,5550.0,184304,0.0,0.0
2017-02-17 00:00:00+09:00,5483.33349609375,5600.0,5433.33349609375,5533.33349609375,133541,0.0,0.0
2017-02-20 00:00:00+09:00,5483.33349609375,5716.66650390625,5483.33349609375,5633.33349609375,196253,0.0,0.0
2017-02-21 00:00:00+09:00,5600.0,5833.33349609375,5600.0,5833.33349609375,333674,0.0,0.0
2017-02-22 00:00:00+09:00,5833.33349609375,5850.0,5633.33349609375,5766.66650390625,236459,0.0,0.0
2017-02-23 00:00:00+09:00,5700.0,5716.66650390625,5483.33349609375,5500.0,207275,0.0,0.0
2017-02-24 00:00:00+09:00,5450.0,5500.0,5150.0,5250.0,341858,0.0,0.0
2017-02-27 00:00:00+09:00,5266.66650390625,5416.66650390625,5133.33349609375,5366.66650390625,166160,0.0,0.0
2017-02-28 00:00:00+09:00,5383.33349609375,5400.0,5216.66650390625,5300.0,93998,0.0,0.0
2017-03-02 00:00:00+09:00,5283.33349609375,5366.66650390625,5083.33349609375,5283.33349609375,156329,0.0,0.0
2017-03-03 00:00:00+09:00,5266.66650390625,5333.33349609375,5200.0,5316.66650390625,97127,0.0,0.0
2017-03-06 00:00:00+09:00,5300.0,5566.66650390625,5216.66650390625,5500.0,221177,0.0,0.0
2017-03-07 00:00:00+09:00,5466.66650390625,5633.33349609375,5466.66650390625,5616.66650390625,101675,0.0,0.0
2017-03-08 00:00:00+09:00,5616.66650390625,5666.66650390625,5516.66650390625,5566.66650390625,83573,0.0,0.0
2017-03-09 00:00:00+09:00,5566.66650390625,5683.33349609375,5516.66650390625,5633.33349609375,61607,0.0,0.0
2017-03-10 00:00:00+09:00,5683.33349609375,5733.33349609375,5533.33349609375,5700.0,136925,0.0,0.0
2017-03-13 00:00:00+09:00,5766.66650390625,5800.0,5650.0,5716.66650390625,145115,0.0,0.0
2017-03-14 00:00:00+09:00,5800.0,5800.0,5583.33349609375,5616.66650390625,70394,0.0,0.0
2017-03-15 00:00:00+09:00,5616.66650390625,5783.33349609375,5533.33349609375,5633.33349609375,125879,0.0,0.0
2017-03-16 00:00:00+09:00,5633.33349609375,5650.0,5450.0,5466.66650390625,149867,0.0,0.0
2017-03-17 00:00:00+09:00,5466.66650390625,5633.33349609375,5466.66650390625,5550.0,144719,0.0,0.0
2017-03-20 00:00:00+09:00,5500.0,5566.66650390625,5450.0,5533.33349609375,85454,0.0,0.0
2017-03-21 00:00:00+09:00,5550.0,5550.0,5200.0,5233.33349609375,374441,0.0,0.0
2017-03-22 00:00:00+09:00,5233.33349609375,5283.33349609375,5083.33349609375,5133.33349609375,284066,0.0,0.0
2017-03-23 00:00:00+09:00,5133.33349609375,5233.33349609375,5100.0,5133.33349609375,211196,0.0,0.0
2017-03-24 00:00:00+09:00,5150.0,5333.33349609375,5116.66650390625,5316.66650390625,113879,0.0,0.0
2017-03-27 00:00:00+09:00,5366.66650390625,5366.66650390625,5166.66650390625,5183.33349609375,92714,0.0,0.0
2017-03-28 00:00:00+09:00,5183.33349609375,5366.66650390625,5133.33349609375,5316.66650390625,101102,0.0,0.0
2017-03-29 00:00:00+09:00,5333.33349609375,5416.66650390625,5266.66650390625,5300.0,62144,0.0,0.0
2017-03-30 00:00:00+09:00,5300.0,5350.0,5200.0,5333.33349609375,75713,0.0,0.0
2017-03-31 00:00:00+09:00,5333.33349609375,5566.66650390625,5300.0,5516.66650390625,201536,0.0,0.0
2017-04-03 00:00:00+09:00,5600.0,5833.33349609375,5550.0,5833.33349609375,400064,0.0,0.0
2017-04-04 00:00:00+09:00,5833.33349609375,5966.66650390625,5733.33349609375,5883.33349609375,184628,0.0,0.0
2017-04-05 00:00:00+09:00,5933.33349609375,6016.66650390625,5783.33349609375,5983.33349609375,196157,0.0,0.0
2017-04-06 00:00:00+09:00,5983.33349609375,6033.33349609375,5816.66650390625,5933.33349609375,122801,0.0,0.0
2017-04-07 00:00:00+09:00,5933.33349609375,5933.33349609375,5733.33349609375,5800.0,107729,0.0,0.0
2017-04-10 00:00:00+09:00,5816.66650390625,5816.66650390625,5600.0,5750.0,126371,0.0,0.0
2017-04-11 00:00:00+09:00,5783.33349609375,5900.0,5716.66650390625,5816.66650390625,139955,0.0,0.0
2017-04-12 00:00:00+09:00,5816.66650390625,5983.33349609375,5750.0,5850.0,119180,0.0,0.0
2017-04-13 00:00:00+09:00,5866.66650390625,6000.0,5816.66650390625,5950.0,124607,0.0,0.0
2017-04-14 00:00:00+09:00,5950.0,6016.66650390625,5883.33349609375,5950.0,159848,0.0,0.0
2017-04-17 00:00:00+09:00,6033.33349609375,6033.33349609375,5916.66650390625,5983.33349609375,165017,0.0,0.0
2017-04-18 00:00:00+09:00,6050.0,6250.0,6050.0,6166.66650390625,510923,0.0,0.0
2017-04-19 00:00:00+09:00,6150.0,6283.33349609375,6133.33349609375,6200.0,161093,0.0,0.0
2017-04-20 00:00:00+09:00,6183.33349609375,6200.0,6083.33349609375,6083.33349609375,100334,0.0,0.0
2017-04-21 00:00:00+09:00,6100.0,6266.66650390625,5966.66650390625,6233.33349609375,166202,0.0,0.0
2017-04-24 00:00:00+09:00,6233.33349609375,6266.66650390625,6083.33349609375,6133.33349609375,103136,0.0,0.0
2017-04-25 00:00:00+09:00,6150.0,6266.66650390625,6100.0,6166.66650390625,97256,0.0,0.0
2017-04-26 00:00:00+09:00,6200.0,6400.0,6150.0,6383.33349609375,303608,0.0,0.0
2017-04-27 00:00:00+09:00,6400.0,6483.33349609375,6283.33349609375,6316.66650390625,149420,0.0,0.0
2017-04-28 00:00:00+09:00,6400.0,6433.33349609375,6216.66650390625,6383.33349609375,120458,0.0,0.0
2017-05-02 00:00:00+09:00,6400.0,6400.0,6266.66650390625,6266.66650390625,90026,0.0,0.0
2017-05-04 00:00:00+09:00,6283.33349609375,6333.33349609375,6133.33349609375,6333.33349609375,122294,0.0,0.0
2017-05-08 00:00:00+09:00,6316.66650390625,6366.66650390625,6250.0,6333.33349609375,60833,0.0,0.0
2017-05-10 00:00:00+09:00,6333.33349609375,6350.0,6166.66650390625,6300.0,124103,0.0,0.0
2017-05-11 00:00:00+09:00,6300.0,6433.33349609375,6283.33349609375,6400.0,149699,0.0,0.0
2017-05-12 00:00:00+09:00,6366.66650390625,6400.0,6083.33349609375,6100.0,210779,0.0,0.0
2017-05-15 00:00:00+09:00,6116.66650390625,6283.33349609375,6066.66650390625,6250.0,180017,0.0,0.0
2017-05-16 00:00:00+09:00,6250.0,6300.0,5933.33349609375,5983.33349609375,240305,0.0,0.0
2017-05-17 00:00:00+09:00,6000.0,6050.0,5850.0,6000.0,234947,0.0,0.0
2017-05-18 00:00:00+09:00,5950.0,6166.66650390625,5866.66650390625,6133.33349609375,135530,0.0,0.0
2017-05-19 00:00:00+09:00,6216.66650390625,6250.0,6100.0,6183.33349609375,76190,0.0,0.0
2017-05-22 00:00:00+09:00,6183.33349609375,6216.66650390625,5983.33349609375,6066.66650390625,200702,0.0,0.0
2017-05-23 00:00:00+09:00,6050.0,6133.33349609375,5950.0,6000.0,144359,0.0,0.0
2017-05-24 00:00:00+09:00,6100.0,6100.0,5950.0,6050.0,55892,0.0,0.0
2017-05-25 00:00:00+09:00,6100.0,6100.0,5916.66650390625,5950.0,74249,0.0,0.0
2017-05-26 00:00:00+09:00,6016.66650390625,6133.33349609375,5933.33349609375,6116.66650390625,138968,0.0,0.0
2017-05-29 00:00:00+09:00,6133.33349609375,6166.66650390625,6000.0,6066.66650390625,88886,0.0,0.0
2017-05-30 00:00:00+09:00,6066.66650390625,6266.66650390625,6000.0,6266.66650390625,124334,0.0,0.0
2017-05-31 00:00:00+09:00,6266.66650390625,6300.0,6116.66650390625,6166.66650390625,115007,0.0,0.0
2017-06-01 00:00:00+09:00,6116.66650390625,6216.66650390625,6000.0,6083.33349609375,93245,0.0,0.0
2017-06-02 00:00:00+09:00,6150.0,6150.0,5966.66650390625,6116.66650390625,99524,0.0,0.0
2017-06-05 00:00:00+09:00,6116.66650390625,6166.66650390625,5933.33349609375,6016.66650390625,112628,0.0,0.0
2017-06-07 00:00:00+09:00,6033.33349609375,6066.66650390625,5950.0,6016.66650390625,115769,0.0,0.0
2017-06-08 00:00:00+09:00,6116.66650390625,6183.33349609375,5983.33349609375,6133.33349609375,141791,0.0,0.0
2017-06-09 00:00:00+09:00,6166.66650390625,6233.33349609375,6066.66650390625,6216.66650390625,131894,0.0,0.0
2017-06-12 00:00:00+09:00,6216.66650390625,6216.66650390625,5816.66650390625,5833.33349609375,445673,0.0,0.0
2017-06-13 00:00:00+09:00,5833.33349609375,5950.0,5816.66650390625,5933.33349609375,143813,0.0,0.0
2017-06-14 00:00:00+09:00,6000.0,6000.0,5716.66650390625,5783.33349609375,212723,0.0,0.0
2017-06-15 00:00:00+09:00,5800.0,5816.66650390625,5666.66650390625,5783.33349609375,154952,0.0,0.0
2017-06-16 00:00:00+09:00,5783.33349609375,5850.0,5700.0,5833.33349609375,104240,0.0,0.0
2017-06-19 00:00:00+09:00,5833.33349609375,5933.33349609375,5750.0,5900.0,102254,0.0,0.0
2017-06-20 00:00:00+09:00,5916.66650390625,5950.0,5766.66650390625,5833.33349609375,95171,0.0,0.0
2017-06-21 00:00:00+09:00,5783.33349609375,5816.66650390625,5650.0,5666.66650390625,136490,0.0,0.0
2017-06-22 00:00:00+09:00,5716.66650390625,5816.66650390625,5600.0,5683.33349609375,116300,0.0,0.0
2017-06-23 00:00:00+09:00,5716.66650390625,5716.66650390625,5633.33349609375,5683.33349609375,97052,0.0,0.0
2017-06-26 00:00:00+09:00,5683.33349609375,5883.33349609375,5666.66650390625,5850.0,80111,0.0,0.0
2017-06-27 00:00:00+09:00,5833.33349609375,5950.0,5766.66650390625,5900.0,86102,0.0,0.0
2017-06-28 00:00:00+09:00,5900.0,5933.33349609375,5816.66650390625,5850.0,74630,0.0,0.0
2017-06-29 00:00:00+09:00,5850.0,6200.0,5816.66650390625,6183.33349609375,360638,0.0,0.0
2017-06-30 00:00:00+09:00,6133.33349609375,6200.0,6016.66650390625,6166.66650390625,132362,0.0,0.0
2017-07-03 00:00:00+09:00,6133.33349609375,6133.33349609375,5900.0,5966.66650390625,175697,0.0,0.0
2017-07-04 00:00:00+09:00,5966.66650390625,6033.33349609375,5783.33349609375,5866.66650390625,160979,0.0,0.0
2017-07-05 00:00:00+09:00,5866.66650390625,5966.66650390625,5766.66650390625,5933.33349609375,80465,0.0,0.0
2017-07-06 00:00:00+09:00,5966.66650390625,5966.66650390625,5666.66650390625,5833.33349609375,182417,0.0,0.0
2017-07-07 00:00:00+09:00,5833.33349609375,5866.66650390625,5783.33349609375,5816.66650390625,42023,0.0,0.0
2017-07-10 00:00:00+09:00,5816.66650390625,5833.33349609375,5733.33349609375,5800.0,68222,0.0,0.0
2017-07-11 00:00:00+09:00,5766.66650390625,5883.33349609375,5716.66650390625,5800.0,91853,0.0,0.0
2017-07-12 00:00:00+09:00,5800.0,5850.0,5733.33349609375,5766.66650390625,25799,0.0,0.0
2017-07-13 00:00:00+09:00,5766.66650390625,5933.33349609375,5750.0,5900.0,128159,0.0,0.0
2017-07-14 00:00:00+09:00,5933.33349609375,5983.33349609375,5883.33349609375,5933.33349609375,118292,0.0,0.0
2017-07-17 00:00:00+09:00,6000.0,6000.0,5866.66650390625,5916.66650390625,85394,0.0,0.0
2017-07-18 00:00:00+09:00,5933.33349609375,6133.33349609375,5850.0,6133.33349609375,189242,0.0,0.0
2017-07-19 00:00:00+09:00,6150.0,6200.0,6050.0,6183.33349609375,207020,0.0,0.0
2017-07-20 00:00:00+09:00,6183.33349609375,6200.0,6083.33349609375,6166.66650390625,97688,0.0,0.0
2017-07-21 00:00:00+09:00,6133.33349609375,6266.66650390625,6116.66650390625,6200.0,78473,0.0,0.0
2017-07-24 00:00:00+09:00,6233.33349609375,6233.33349609375,6033.33349609375,6100.0,112532,0.0,0.0
2017-07-25 00:00:00+09:00,6166.66650390625,6316.66650390625,5833.33349609375,6000.0,231449,0.0,0.0
2017-07-26 00:00:00+09:00,5950.0,6016.66650390625,5783.33349609375,5816.66650390625,186230,0.0,0.0
2017-07-27 00:00:00+09:00,5850.0,5933.33349609375,5666.66650390625,5766.66650390625,165641,0.0,0.0
2017-07-28 00:00:00+09:00,5766.66650390625,5766.66650390625,5600.0,5683.33349609375,320222,0.0,0.0
2017-07-31 00:00:00+09:00,5666.66650390625,5716.66650390625,5616.66650390625,5700.0,73466,0.0,0.0
2017-08-01 00:00:00+09:00,5716.66650390625,5716.66650390625,5466.66650390625,5600.0,209660,0.0,0.0
2017-08-02 00:00:00+09:00,5650.0,5716.66650390625,5583.33349609375,5633.33349609375,56246,0.0,0.0
2017-08-03 00:00:00+09:00,5650.0,5650.0,5283.33349609375,5350.0,364607,0.0,0.0
2017-08-04 00:00:00+09:00,5316.66650390625,5366.66650390625,5183.33349609375,5250.0,116504,0.0,0.0
2017-08-07 00:00:00+09:00,5250.0,5366.66650390625,5250.0,5266.66650390625,63026,0.0,0.0
2017-08-08 00:00:00+09:00,5266.66650390625,5350.0,5166.66650390625,5333.33349609375,80489,0.0,0.0
2017-08-09 00:00:00+09:00,5266.66650390625,5300.0,5033.33349609375,5050.0,292826,0.0,0.0
2017-08-10 00:00:00+09:00,5083.33349609375,5116.66650390625,4983.33349609375,5100.0,102935,0.0,0.0
2017-08-11 00:00:00+09:00,5050.0,5083.33349609375,4916.66650390625,4983.33349609375,110792,0.0,0.0
2017-08-14 00:00:00+09:00,5033.33349609375,5116.66650390625,5016.66650390625,5066.66650390625,43673,0.0,0.0
2017-08-16 00:00:00+09:00,5100.0,5183.33349609375,4983.33349609375,5066.66650390625,111176,0.0,0.0
2017-08-17 00:00:00+09:00,5083.33349609375,5183.33349609375,5016.66650390625,5183.33349609375,79112,0.0,0.0
2017-08-18 00:00:00+09:00,5100.0,5233.33349609375,5100.0,5166.66650390625,85961,0.0,0.0
2017-08-21 00:00:00+09:00,5216.66650390625,5216.66650390625,5083.33349609375,5100.0,65759,0.0,0.0
2017-08-22 00:00:00+09:00,5150.0,5250.0,5050.0,5200.0,68297,0.0,0.0
2017-08-23 00:00:00+09:00,5200.0,5300.0,5166.66650390625,5250.0,62969,0.0,0.0
2017-08-24 00:00:00+09:00,5183.33349609375,5250.0,5166.66650390625,5233.33349609375,47210,0.0,0.0
2017-08-25 00:00:00+09:00,5200.0,5233.33349609375,5150.0,5166.66650390625,33857,0.0,0.0
2017-08-28 00:00:00+09:00,5216.66650390625,5216.66650390625,5116.66650390625,5133.33349609375,67727,0.0,0.0
2017-08-29 00:00:00+09:00,5133.33349609375,5216.66650390625,5050.0,5216.66650390625,70085,0.0,0.0
2017-08-30 00:00:00+09:00,5183.33349609375,5250.0,5150.0,5216.66650390625,47669,0.0,0.0
2017-08-31 00:00:00+09:00,5216.66650390625,5616.66650390625,5200.0,5483.33349609375,388898,0.0,0.0
2017-09-01 00:00:00+09:00,5483.33349609375,5533.33349609375,5450.0,5500.0,87185,0.0,0.0
2017-09-04 00:00:00+09:00,5316.66650390625,5466.66650390625,5233.33349609375,5266.66650390625,144989,0.0,0.0
2017-09-05 00:00:00+09:00,5333.33349609375,5333.33349609375,5183.33349609375,5233.33349609375,80054,0.0,0.0
2017-09-06 00:00:00+09:00,5216.66650390625,5300.0,5166.66650390625,5283.33349609375,55112,0.0,0.0
2017-09-07 00:00:00+09:00,5333.33349609375,5416.66650390625,5283.33349609375,5300.0,104009,0.0,0.0
2017-09-08 00:00:00+09:00,5316.66650390625,5333.33349609375,5216.66650390625,5216.66650390625,86882,0.0,0.0
2017-09-11 00:00:00+09:00,5233.33349609375,5316.66650390625,5216.66650390625,5300.0,76502,0.0,0.0
2017-09-12 00:00:00+09:00,5316.66650390625,5400.0,5283.33349609375,5316.66650390625,108371,0.0,0.0
2017-09-13 00:00:00+09:00,5400.0,5400.0,5250.0,5266.66650390625,134591,0.0,0.0
2017-09-14 00:00:00+09:00,5333.33349609375,5350.0,5233.33349609375,5350.0,52046,0.0,0.0
2017-09-15 00:00:00+09:00,5350.0,5500.0,5333.33349609375,5433.33349609375,136718,0.0,0.0
2017-09-18 00:00:00+09:00,5483.33349609375,5483.33349609375,5233.33349609375,5466.66650390625,67025,0.0,0.0
2017-09-19 00:00:00+09:00,5500.0,5500.0,5333.33349609375,5500.0,93884,0.0,0.0
2017-09-20 00:00:00+09:00,5450.0,5500.0,5350.0,5433.33349609375,110336,0.0,0.0
2017-09-21 00:00:00+09:00,5400.0,5400.0,5250.0,5383.33349609375,66092,0.0,0.0
2017-09-25 00:00:00+09:00,5166.66650390625,5283.33349609375,5000.0,5133.33349609375,61298,0.0,0.0
2017-09-26 00:00:00+09:00,5066.66650390625,5133.33349609375,5000.0,5050.0,43382,0.0,0.0
2017-09-27 00:00:00+09:00,5066.66650390625,5133.33349609375,4900.0,5083.33349609375,89225,0.0,0.0
2017-09-28 00:00:00+09:00,5016.66650390625,5150.0,5016.66650390625,5083.33349609375,30959,0.0,0.0
2017-09-29 00:00:00+09:00,5066.66650390625,5500.0,5050.0,5500.0,112475,0.0,0.0
2017-10-10 00:00:00+09:00,5500.0,5500.0,5150.0,5183.33349609375,146759,0.0,0.0
2017-10-11 00:00:00+09:00,5183.33349609375,5266.66650390625,5150.0,5216.66650390625,38021,0.0,0.0
2017-10-12 00:00:00+09:00,5216.66650390625,5300.0,5166.66650390625,5183.33349609375,61946,0.0,0.0
2017-10-13 00:00:00+09:00,5233.33349609375,5233.33349609375,4883.33349609375,4950.0,121556,0.0,0.0
2017-10-16 00:00:00+09:00,4966.66650390625,5016.66650390625,4716.66650390625,4900.0,190004,0.0,0.0
2017-10-17 00:00:00+09:00,4850.0,4983.33349609375,4850.0,4950.0,62675,0.0,0.0
2017-10-18 00:00:00+09:00,4966.66650390625,5000.0,4833.33349609375,4983.33349609375,59057,0.0,0.0
2017-10-19 00:00:00+09:00,4966.66650390625,5100.0,4883.33349609375,5033.33349609375,65309,0.0,0.0
2017-10-20 00:00:00+09:00,5000.0,5166.66650390625,5000.0,5166.66650390625,52763,0.0,0.0
2017-10-23 00:00:00+09:00,5150.0,5200.0,5083.33349609375,5133.33349609375,37493,0.0,0.0
2017-10-24 00:00:00+09:00,5150.0,5266.66650390625,5133.33349609375,5233.33349609375,91004,0.0,0.0
2017-10-25 00:00:00+09:00,5250.0,5350.0,5166.66650390625,5316.66650390625,109160,0.0,0.0
2017-10-26 00:00:00+09:00,5266.66650390625,5333.33349609375,5200.0,5233.33349609375,64865,0.0,0.0
2017-10-27 00:00:00+09:00,5216.66650390625,5333.33349609375,5200.0,5250.0,75992,0.0,0.0
2017-10-30 00:00:00+09:00,5350.0,5483.33349609375,5283.33349609375,5483.33349609375,94808,0.0,0.0
2017-10-31 00:00:00+09:00,5500.0,5600.0,5383.33349609375,5583.33349609375,62429,0.0,0.0
2017-11-01 00:00:00+09:00,5583.33349609375,5600.0,5483.33349609375,5566.66650390625,39026,0.0,0.0
2017-11-02 00:00:00+09:00,5566.66650390625,5566.66650390625,5416.66650390625,5566.66650390625,42542,0.0,0.0
2017-11-03 00:00:00+09:00,5600.0,5600.0,5400.0,5483.33349609375,51797,0.0,0.0
2017-11-06 00:00:00+09:00,5466.66650390625,5550.0,5400.0,5466.66650390625,55334,0.0,0.0
2017-11-07 00:00:00+09:00,5483.33349609375,5566.66650390625,5400.0,5466.66650390625,54929,0.0,0.0
2017-11-08 00:00:00+09:00,5500.0,5500.0,5416.66650390625,5500.0,44243,0.0,0.0
2017-11-09 00:00:00+09:00,5516.66650390625,5516.66650390625,5433.33349609375,5450.0,63371,0.0,0.0
2017-11-10 00:00:00+09:00,5450.0,5566.66650390625,5416.66650390625,5516.66650390625,78158,0.0,0.0
2017-11-13 00:00:00+09:00,5650.0,5833.33349609375,5516.66650390625,5600.0,294671,0.0,0.0
2017-11-14 00:00:00+09:00,5583.33349609375,5766.66650390625,5566.66650390625,5733.33349609375,128387,0.0,0.0
2017-11-15 00:00:00+09:00,5733.33349609375,5766.66650390625,5566.66650390625,5633.33349609375,143009,0.0,0.0
2017-11-16 00:00:00+09:00,5666.66650390625,5666.66650390625,5433.33349609375,5633.33349609375,110678,0.0,0.0
2017-11-17 00:00:00+09:00,5633.33349609375,5683.33349609375,5516.66650390625,5666.66650390625,136919,0.0,0.0
2017-11-20 00:00:00+09:00,5733.33349609375,5733.33349609375,5583.33349609375,5583.33349609375,68282,0.0,0.0
2017-11-21 00:00:00+09:00,5583.33349609375,5700.0,5566.66650390625,5650.0,116978,0.0,0.0
2017-11-22 00:00:00+09:00,5683.33349609375,5850.0,5600.0,5850.0,253658,0.0,0.0
2017-11-23 00:00:00+09:00,5916.66650390625,5983.33349609375,5766.66650390625,5983.33349609375,179474,0.0,0.0
2017-11-24 00:00:00+09:00,6000.0,6000.0,5866.66650390625,6000.0,85706,0.0,0.0
2017-11-27 00:00:00+09:00,6000.0,6000.0,5816.66650390625,5850.0,81014,0.0,0.0
2017-11-28 00:00:00+09:00,5833.33349609375,5833.33349609375,5683.33349609375,5750.0,102098,0.0,0.0
2017-11-29 00:00:00+09:00,5750.0,5833.33349609375,5650.0,5816.66650390625,74699,0.0,0.0
2017-11-30 00:00:00+09:00,5750.0,5750.0,5533.33349609375,5566.66650390625,106805,0.0,0.0
2017-12-01 00:00:00+09:00,5666.66650390625,5683.33349609375,5550.0,5633.33349609375,115196,0.0,0.0
2017-12-04 00:00:00+09:00,5633.33349609375,5650.0,5450.0,5633.33349609375,130721,0.0,0.0
2017-12-05 00:00:00+09:00,5600.0,5700.0,5550.0,5616.66650390625,76499,0.0,0.0
2017-12-06 00:00:00+09:00,5616.66650390625,5733.33349609375,5550.0,5600.0,63692,0.0,0.0
2017-12-07 00:00:00+09:00,5650.0,5650.0,5416.66650390625,5533.33349609375,82724,0.0,0.0
2017-12-08 00:00:00+09:00,5533.33349609375,5533.33349609375,5283.33349609375,5416.66650390625,126392,0.0,0.0
2017-12-11 00:00:00+09:00,5516.66650390625,5600.0,5400.0,5600.0,40217,0.0,0.0
2017-12-12 00:00:00+09:00,5550.0,5600.0,5383.33349609375,5466.66650390625,57743,0.0,0.0
2017-12-13 00:00:00+09:00,5516.66650390625,5516.66650390625,5350.0,5400.0,53723,0.0,0.0
2017-12-14 00:00:00+09:00,5450.0,5450.0,5266.66650390625,5316.66650390625,128774,0.0,0.0
2017-12-15 00:00:00+09:00,5333.33349609375,5483.33349609375,5283.33349609375,5483.33349609375,119267,0.0,0.0
2017-12-18 00:00:00+09:00,5483.33349609375,5600.0,5450.0,5466.66650390625,54863,0.0,0.0
2017-12-19 00:00:00+09:00,5516.66650390625,5516.66650390625,5300.0,5450.0,81854,0.0,0.0
2017-12-21 00:00:00+09:00,5350.0,5416.66650390625,5233.33349609375,5300.0,73334,0.0,0.0
2017-12-22 00:00:00+09:00,5366.66650390625,5450.0,5250.0,5450.0,106349,0.0,0.0
2017-12-26 00:00:00+09:00,5500.0,6333.33349609375,5350.0,5383.33349609375,1082417,0.0,0.0
2017-12-27 00:00:00+09:00,5450.0,5650.0,5416.66650390625,5533.33349609375,191504,0.0,0.0
2017-12-28 00:00:00+09:00,5533.33349609375,5700.0,5516.66650390625,5616.66650390625,84593,0.0,0.0
2018-01-02 00:00:00+09:00,5633.33349609375,5766.66650390625,5566.66650390625,5766.66650390625,157649,0.0,0.0
2018-01-03 00:00:00+09:00,5766.66650390625,5883.33349609375,5700.0,5783.33349609375,116687,0.0,0.0
2018-01-04 00:00:00+09:00,5766.66650390625,5816.66650390625,5716.66650390625,5750.0,72416,0.0,0.0
2018-01-05 00:00:00+09:00,5766.66650390625,5916.66650390625,5750.0,5783.33349609375,108626,0.0,0.0
2018-01-08 00:00:00+09:00,5733.33349609375,5783.33349609375,5600.0,5633.33349609375,114653,0.0,0.0
2018-01-09 00:00:00+09:00,5633.33349609375,5700.0,5566.66650390625,5633.33349609375,65759,0.0,0.0
2018-01-10 00:00:00+09:00,5666.66650390625,5666.66650390625,5500.0,5600.0,69827,0.0,0.0
2018-01-11 00:00:00+09:00,5600.0,5666.66650390625,5533.33349609375,5633.33349609375,38384,0.0,0.0
2018-01-12 00:00:00+09:00,5650.0,5666.66650390625,5416.66650390625,5666.66650390625,158417,0.0,0.0
2018-01-15 00:00:00+09:00,5766.66650390625,5766.66650390625,5483.33349609375,5483.33349609375,119912,0.0,0.0
2018-01-16 00:00:00+09:00,5516.66650390625,5600.0,5466.66650390625,5566.66650390625,44033,0.0,0.0
2018-01-17 00:00:00+09:00,5566.66650390625,5650.0,5516.66650390625,5616.66650390625,58754,0.0,0.0
2018-01-18 00:00:00+09:00,5616.66650390625,5800.0,5616.66650390625,5750.0,104408,0.0,0.0
2018-01-19 00:00:00+09:00,5850.0,5850.0,5700.0,5716.66650390625,110888,0.0,0.0
2018-01-22 00:00:00+09:00,5716.66650390625,5750.0,5633.33349609375,5650.0,44327,0.0,0.0
2018-01-23 00:00:00+09:00,5633.33349609375,5750.0,5633.33349609375,5733.33349609375,62174,0.0,0.0
2018-01-24 00:00:00+09:00,5783.33349609375,5800.0,5666.66650390625,5766.66650390625,37997,0.0,0.0
2018-01-25 00:00:00+09:00,5766.66650390625,5850.0,5683.33349609375,5800.0,71906,0.0,0.0
2018-01-26 00:00:00+09:00,5866.66650390625,5916.66650390625,5766.66650390625,5816.66650390625,89069,0.0,0.0
2018-01-29 00:00:00+09:00,5833.33349609375,5883.33349609375,5766.66650390625,5766.66650390625,49490,0.0,0.0
2018-01-30 00:00:00+09:00,5766.66650390625,5833.33349609375,5650.0,5783.33349609375,86177,0.0,0.0
2018-01-31 00:00:00+09:00,5733.33349609375,5800.0,5700.0,5750.0,46859,0.0,0.0
2018-02-01 00:00:00+09:00,5783.33349609375,5866.66650390625,5716.66650390625,5816.66650390625,66293,0.0,0.0
2018-02-02 00:00:00+09:00,5816.66650390625,5933.33349609375,5766.66650390625,5866.66650390625,135539,0.0,0.0
2018-02-05 00:00:00+09:00,5733.33349609375,5800.0,5650.0,5733.33349609375,91664,0.0,0.0
2018-02-06 00:00:00+09:00,5566.66650390625,5616.66650390625,5383.33349609375,5583.33349609375,162188,0.0,0.0
2018-02-07 00:00:00+09:00,5700.0,5716.66650390625,5400.0,5400.0,87041,0.0,0.0
2018-02-08 00:00:00+09:00,5400.0,5550.0,5400.0,5450.0,30254,0.0,0.0
2018-02-09 00:00:00+09:00,5383.33349609375,5550.0,5266.66650390625,5550.0,102050,0.0,0.0
2018-02-12 00:00:00+09:00,5550.0,5550.0,5400.0,5550.0,66980,0.0,0.0
2018-02-13 00:00:00+09:00,5550.0,5550.0,5383.33349609375,5383.33349609375,36095,0.0,0.0
2018-02-14 00:00:00+09:00,5400.0,5450.0,5300.0,5366.66650390625,52670,0.0,0.0
2018-02-19 00:00:00+09:00,5416.66650390625,5433.33349609375,5316.66650390625,5400.0,42836,0.0,0.0
2018-02-20 00:00:00+09:00,5400.0,5466.66650390625,5366.66650390625,5450.0,40511,0.0,0.0
2018-02-21 00:00:00+09:00,5400.0,5500.0,5400.0,5500.0,46607,0.0,0.0
2018-02-22 00:00:00+09:00,5500.0,5666.66650390625,5500.0,5583.33349609375,70547,0.0,0.0
2018-02-23 00:00:00+09:00,5600.0,5600.0,5483.33349609375,5583.33349609375,48125,0.0,0.0
2018-02-26 00:00:00+09:00,5533.33349609375,5600.0,5483.33349609375,5500.0,35291,0.0,0.0
2018-02-27 00:00:00+09:00,5516.66650390625,5616.66650390625,5466.66650390625,5533.33349609375,46016,0.0,0.0
2018-02-28 00:00:00+09:00,5533.33349609375,5566.66650390625,5383.33349609375,5533.33349609375,39728,0.0,0.0
2018-03-02 00:00:00+09:00,5500.0,5516.66650390625,5383.33349609375,5516.66650390625,22313,0.0,0.0
2018-03-05 00:00:00+09:00,5433.33349609375,5516.66650390625,5366.66650390625,5450.0,28268,0.0,0.0
2018-03-06 00:00:00+09:00,5400.0,5466.66650390625,5383.33349609375,5450.0,36479,0.0,0.0
2018-03-07 00:00:00+09:00,5450.0,5516.66650390625,5416.66650390625,5450.0,48365,0.0,0.0
2018-03-08 00:00:00+09:00,5416.66650390625,5516.66650390625,5400.0,5450.0,35192,0.0,0.0
2018-03-09 00:00:00+09:00,5483.33349609375,5600.0,5450.0,5550.0,78464,0.0,0.0
2018-03-12 00:00:00+09:00,5600.0,5616.66650390625,5500.0,5550.0,66149,0.0,0.0
2018-03-13 00:00:00+09:00,5550.0,5683.33349609375,5516.66650390625,5633.33349609375,99914,0.0,0.0
2018-03-14 00:00:00+09:00,5633.33349609375,5683.33349609375,5600.0,5666.66650390625,32564,0.0,0.0
2018-03-15 00:00:00+09:00,5666.66650390625,5716.66650390625,5600.0,5666.66650390625,39941,0.0,0.0
2018-03-16 00:00:00+09:00,5683.33349609375,5700.0,5616.66650390625,5650.0,48479,0.0,0.0
2018-03-19 00:00:00+09:00,5666.66650390625,5666.66650390625,5516.66650390625,5650.0,49784,0.0,0.0
2018-03-20 00:00:00+09:00,5616.66650390625,5633.33349609375,5550.0,5566.66650390625,17702,0.0,0.0
2018-03-21 00:00:00+09:00,5566.66650390625,5650.0,5400.0,5533.33349609375,48017,0.0,0.0
2018-03-22 00:00:00+09:00,5533.33349609375,5566.66650390625,5466.66650390625,5466.66650390625,62546,0.0,0.0
2018-03-23 00:00:00+09:00,5400.0,5483.33349609375,5266.66650390625,5350.0,74180,0.0,0.0
2018-03-26 00:00:00+09:00,5333.33349609375,5366.66650390625,5116.66650390625,5133.33349609375,163121,0.0,0.0
2018-03-27 00:00:00+09:00,5200.0,5250.0,5083.33349609375,5216.66650390625,94301,0.0,0.0
2018-03-28 00:00:00+09:00,5116.66650390625,5216.66650390625,5033.33349609375,5183.33349609375,84095,0.0,0.0
2018-03-29 00:00:00+09:00,5183.33349609375,5250.0,5066.66650390625,5216.66650390625,75098,0.0,0.0
2018-03-30 00:00:00+09:00,5216.66650390625,5350.0,5216.66650390625,5333.33349609375,37391,0.0,0.0
2018-04-02 00:00:00+09:00,5350.0,5366.66650390625,5266.66650390625,5266.66650390625,29855,0.0,0.0
2018-04-03 00:00:00+09:00,5266.66650390625,5266.66650390625,5066.66650390625,5250.0,46925,0.0,0.0
2018-04-04 00:00:00+09:00,5216.66650390625,5283.33349609375,5050.0,5150.0,82349,0.0,0.0
2018-04-05 00:00:00+09:00,5200.0,5283.33349609375,5050.0,5066.66650390625,145442,0.0,0.0
2018-04-06 00:00:00+09:00,5083.33349609375,5083.33349609375,4900.0,5000.0,122036,0.0,0.0
2018-04-09 00:00:00+09:00,4983.33349609375,5050.0,4983.33349609375,4983.33349609375,46469,0.0,0.0
2018-04-10 00:00:00+09:00,4983.33349609375,5033.33349609375,4866.66650390625,4966.66650390625,84590,0.0,0.0
2018-04-11 00:00:00+09:00,4983.33349609375,5266.66650390625,4983.33349609375,5233.33349609375,117257,0.0,0.0
2018-04-12 00:00:00+09:00,5216.66650390625,5350.0,5183.33349609375,5316.66650390625,75527,0.0,0.0
2018-04-13 00:00:00+09:00,5316.66650390625,5400.0,5216.66650390625,5266.66650390625,25997,0.0,0.0
2018-04-16 00:00:00+09:00,5266.66650390625,5266.66650390625,5116.66650390625,5216.66650390625,73538,0.0,0.0
2018-04-17 00:00:00+09:00,5233.33349609375,5250.0,5166.66650390625,5216.66650390625,30275,0.0,0.0
2018-04-18 00:00:00+09:00,5233.33349609375,5450.0,5200.0,5366.66650390625,150164,0.0,0.0
2018-04-19 00:00:00+09:00,5350.0,5416.66650390625,5233.33349609375,5400.0,104231,0.0,0.0
2018-04-20 00:00:00+09:00,5300.0,5416.66650390625,5300.0,5400.0,65969,0.0,0.0
2018-04-23 00:00:00+09:00,5383.33349609375,5416.66650390625,5250.0,5400.0,55991,0.0,0.0
2018-04-24 00:00:00+09:00,5333.33349609375,5400.0,5250.0,5350.0,46730,0.0,0.0
2018-04-25 00:00:00+09:00,5350.0,5383.33349609375,5200.0,5233.33349609375,44153,0.0,0.0
2018-04-26 00:00:00+09:00,5233.33349609375,5300.0,5200.0,5266.66650390625,21974,0.0,0.0
2018-04-27 00:00:00+09:00,5266.66650390625,5333.33349609375,5200.0,5200.0,29948,0.0,0.0
2018-04-30 00:00:00+09:00,5216.66650390625,5216.66650390625,5050.0,5166.66650390625,45305,0.0,0.0
2018-05-02 00:00:00+09:00,5166.66650390625,5233.33349609375,5066.66650390625,5216.66650390625,40355,0.0,0.0
2018-05-03 00:00:00+09:00,5216.66650390625,5216.66650390625,5066.66650390625,5133.33349609375,34469,0.0,0.0
2018-05-04 00:00:00+09:00,5100.0,5200.0,4966.66650390625,5133.33349609375,109565,0.0,0.0
2018-05-08 00:00:00+09:00,5133.33349609375,5133.33349609375,4966.66650390625,4966.66650390625,104663,0.0,0.0
2018-05-09 00:00:00+09:00,5016.66650390625,5050.0,4883.33349609375,5016.66650390625,72473,0.0,0.0
2018-05-10 00:00:00+09:00,5016.66650390625,5450.0,5016.66650390625,5333.33349609375,375236,0.0,0.0
2018-05-11 00:00:00+09:00,5333.33349609375,5433.33349609375,5283.33349609375,5366.66650390625,61508,0.0,0.0
2018-05-14 00:00:00+09:00,5466.66650390625,5516.66650390625,5350.0,5483.33349609375,141938,0.0,0.0
2018-05-15 00:00:00+09:00,5450.0,5516.66650390625,5400.0,5466.66650390625,98231,0.0,0.0
2018-05-16 00:00:00+09:00,5666.66650390625,5700.0,5366.66650390625,5466.66650390625,183623,0.0,0.0
2018-05-17 00:00:00+09:00,5500.0,5650.0,5433.33349609375,5600.0,151250,0.0,0.0
2018-05-18 00:00:00+09:00,5616.66650390625,5666.66650390625,5533.33349609375,5666.66650390625,95789,0.0,0.0
2018-05-21 00:00:00+09:00,5700.0,5766.66650390625,5583.33349609375,5683.33349609375,91451,0.0,0.0
2018-05-23 00:00:00+09:00,5700.0,5800.0,5700.0,5766.66650390625,209462,0.0,0.0
2018-05-24 00:00:00+09:00,5783.33349609375,6000.0,5766.66650390625,5916.66650390625,272522,0.0,0.0
2018-05-25 00:00:00+09:00,5916.66650390625,6016.66650390625,5766.66650390625,5866.66650390625,206219,0.0,0.0
2018-05-28 00:00:00+09:00,5833.33349609375,5866.66650390625,5700.0,5783.33349609375,78032,0.0,0.0
2018-05-29 00:00:00+09:00,5750.0,5850.0,5700.0,5766.66650390625,100523,0.0,0.0
2018-05-30 00:00:00+09:00,5766.66650390625,5816.66650390625,5600.0,5650.0,66149,0.0,0.0
2018-05-31 00:00:00+09:00,5666.66650390625,5700.0,5550.0,5616.66650390625,56120,0.0,0.0
2018-06-01 00:00:00+09:00,5633.33349609375,5666.66650390625,5566.66650390625,5600.0,54245,0.0,0.0
2018-06-04 00:00:00+09:00,5616.66650390625,5950.0,5616.66650390625,5950.0,205136,0.0,0.0
2018-06-05 00:00:00+09:00,6000.0,6266.66650390625,6000.0,6150.0,642902,0.0,0.0
2018-06-07 00:00:00+09:00,6316.66650390625,6366.66650390625,6133.33349609375,6333.33349609375,268769,0.0,0.0
2018-06-08 00:00:00+09:00,6383.33349609375,6500.0,6266.66650390625,6266.66650390625,324848,0.0,0.0
2018-06-11 00:00:00+09:00,6500.0,6666.66650390625,6233.33349609375,6366.66650390625,353654,0.0,0.0
2018-06-12 00:00:00+09:00,6366.66650390625,6416.66650390625,6116.66650390625,6216.66650390625,125345,0.0,0.0
2018-06-14 00:00:00+09:00,6216.66650390625,6400.0,6150.0,6366.66650390625,231200,0.0,0.0
2018-06-15 00:00:00+09:00,6366.66650390625,6550.0,6350.0,6550.0,248144,0.0,0.0
2018-06-18 00:00:00+09:00,6633.33349609375,6633.33349609375,6000.0,6300.0,437306,0.0,0.0
2018-06-19 00:00:00+09:00,6266.66650390625,6733.33349609375,6066.66650390625,6500.0,913907,0.0,0.0
2018-06-20 00:00:00+09:00,6183.33349609375,6250.0,5750.0,6016.66650390625,1318091,0.0,0.0
2018-06-21 00:00:00+09:00,6050.0,6300.0,5933.33349609375,6200.0,372785,0.0,0.0
2018-06-22 00:00:00+09:00,6166.66650390625,6166.66650390625,5816.66650390625,5933.33349609375,278858,0.0,0.0
2018-06-25 00:00:00+09:00,5883.33349609375,6100.0,5783.33349609375,6050.0,173366,0.0,0.0
2018-06-26 00:00:00+09:00,5966.66650390625,6016.66650390625,5833.33349609375,5933.33349609375,137927,0.0,0.0
2018-06-27 00:00:00+09:00,5933.33349609375,6216.66650390625,5933.33349609375,6133.33349609375,195902,0.0,0.0
2018-06-28 00:00:00+09:00,6100.0,6200.0,5883.33349609375,5900.0,126398,0.0,0.0
2018-06-29 00:00:00+09:00,5916.66650390625,6016.66650390625,5750.0,5916.66650390625,160016,0.0,0.0
2018-07-02 00:00:00+09:00,5966.66650390625,6083.33349609375,5816.66650390625,5900.0,147557,0.0,0.0
2018-07-03 00:00:00+09:00,5950.0,6116.66650390625,5850.0,5916.66650390625,121247,0.0,0.0
2018-07-04 00:00:00+09:00,6100.0,6100.0,5816.66650390625,5833.33349609375,170402,0.0,0.0
2018-07-05 00:00:00+09:00,5833.33349609375,5900.0,5550.0,5600.0,159809,0.0,0.0
2018-07-06 00:00:00+09:00,5700.0,5700.0,5500.0,5616.66650390625,63428,0.0,0.0
2018-07-09 00:00:00+09:00,5583.33349609375,5733.33349609375,5583.33349609375,5683.33349609375,89852,0.0,0.0
2018-07-10 00:00:00+09:00,5750.0,5950.0,5716.66650390625,5950.0,161075,0.0,0.0
2018-07-11 00:00:00+09:00,5950.0,6016.66650390625,5866.66650390625,6000.0,87173,0.0,0.0
2018-07-12 00:00:00+09:00,6016.66650390625,6016.66650390625,5850.0,6000.0,72764,0.0,0.0
2018-07-13 00:00:00+09:00,6033.33349609375,6083.33349609375,5933.33349609375,6000.0,51272,0.0,0.0
2018-07-16 00:00:00+09:00,6000.0,6033.33349609375,5933.33349609375,5966.66650390625,37574,0.0,0.0
2018-07-17 00:00:00+09:00,5950.0,6066.66650390625,5866.66650390625,5900.0,47258,0.0,0.0
2018-07-18 00:00:00+09:00,5916.66650390625,5983.33349609375,5766.66650390625,5783.33349609375,57305,0.0,0.0
2018-07-19 00:00:00+09:00,5850.0,5850.0,5600.0,5666.66650390625,58727,0.0,0.0
2018-07-20 00:00:00+09:00,5666.66650390625,5766.66650390625,5533.33349609375,5616.66650390625,44684,0.0,0.0
2018-07-23 00:00:00+09:00,5616.66650390625,5733.33349609375,5283.33349609375,5283.33349609375,116408,0.0,0.0
2018-07-24 00:00:00+09:00,5266.66650390625,5516.66650390625,5233.33349609375,5466.66650390625,64643,0.0,0.0
2018-07-25 00:00:00+09:00,5500.0,5566.66650390625,5316.66650390625,5333.33349609375,40628,0.0,0.0
2018-07-26 00:00:00+09:00,5350.0,5500.0,5333.33349609375,5466.66650390625,17903,0.0,0.0
2018-07-27 00:00:00+09:00,5566.66650390625,5633.33349609375,5483.33349609375,5616.66650390625,28481,0.0,0.0
2018-07-30 00:00:00+09:00,5616.66650390625,5716.66650390625,5533.33349609375,5633.33349609375,40943,0.0,0.0
2018-07-31 00:00:00+09:00,5633.33349609375,5700.0,5566.66650390625,5650.0,26855,0.0,0.0
2018-08-01 00:00:00+09:00,5716.66650390625,5800.0,5650.0,5783.33349609375,51023,0.0,0.0
2018-08-02 00:00:00+09:00,5783.33349609375,5883.33349609375,5666.66650390625,5783.33349609375,41231,0.0,0.0
2018-08-03 00:00:00+09:00,5816.66650390625,5833.33349609375,5733.33349609375,5783.33349609375,13535,0.0,0.0
2018-08-06 00:00:00+09:00,5916.66650390625,5916.66650390625,5750.0,5800.0,29207,0.0,0.0
2018-08-07 00:00:00+09:00,5800.0,5900.0,5716.66650390625,5866.66650390625,28268,0.0,0.0
2018-08-08 00:00:00+09:00,5883.33349609375,5983.33349609375,5833.33349609375,5900.0,19790,0.0,0.0
2018-08-09 00:00:00+09:00,5900.0,5966.66650390625,5816.66650390625,5883.33349609375,31067,0.0,0.0
2018-08-10 00:00:00+09:00,5883.33349609375,5950.0,5766.66650390625,5816.66650390625,88526,0.0,0.0
2018-08-13 00:00:00+09:00,5766.66650390625,5900.0,5566.66650390625,5666.66650390625,89354,0.0,0.0
2018-08-14 00:00:00+09:00,5733.33349609375,5816.66650390625,5583.33349609375,5783.33349609375,29741,0.0,0.0
2018-08-16 00:00:00+09:00,5566.66650390625,5633.33349609375,5383.33349609375,5633.33349609375,152894,0.0,0.0
2018-08-17 00:00:00+09:00,5633.33349609375,5900.0,5450.0,5750.0,133784,0.0,0.0
2018-08-20 00:00:00+09:00,5716.66650390625,5800.0,5550.0,5550.0,212807,0.0,0.0
2018-08-21 00:00:00+09:00,5566.66650390625,5616.66650390625,5466.66650390625,5500.0,85307,0.0,0.0
2018-08-22 00:00:00+09:00,5600.0,5600.0,5450.0,5533.33349609375,90215,0.0,0.0
2018-08-23 00:00:00+09:00,5500.0,5583.33349609375,5383.33349609375,5416.66650390625,93431,0.0,0.0
2018-08-24 00:00:00+09:00,5383.33349609375,5466.66650390625,5366.66650390625,5383.33349609375,58967,0.0,0.0
2018-08-27 00:00:00+09:00,5383.33349609375,5483.33349609375,5366.66650390625,5450.0,51911,0.0,0.0
2018-08-28 00:00:00+09:00,5466.66650390625,5633.33349609375,5466.66650390625,5533.33349609375,107081,0.0,0.0
2018-08-29 00:00:00+09:00,5533.33349609375,5533.33349609375,5400.0,5416.66650390625,73793,0.0,0.0
2018-08-30 00:00:00+09:00,5500.0,5500.0,5400.0,5433.33349609375,34094,0.0,0.0
2018-08-31 00:00:00+09:00,5433.33349609375,5483.33349609375,5350.0,5433.33349609375,69584,0.0,0.0
2018-09-03 00:00:00+09:00,5450.0,5483.33349609375,5383.33349609375,5416.66650390625,44120,0.0,0.0
2018-09-04 00:00:00+09:00,5400.0,5516.66650390625,5383.33349609375,5483.33349609375,121418,0.0,0.0
2018-09-05 00:00:00+09:00,5550.0,5600.0,5450.0,5533.33349609375,172817,0.0,0.0
2018-09-06 00:00:00+09:00,5533.33349609375,5733.33349609375,5516.66650390625,5716.66650390625,383462,0.0,0.0
2018-09-07 00:00:00+09:00,5666.66650390625,5750.0,5633.33349609375,5683.33349609375,113783,0.0,0.0
2018-09-10 00:00:00+09:00,5666.66650390625,5700.0,5533.33349609375,5600.0,88649,0.0,0.0
2018-09-11 00:00:00+09:00,5600.0,5600.0,5483.33349609375,5500.0,122507,0.0,0.0
2018-09-12 00:00:00+09:00,5500.0,5550.0,5433.33349609375,5516.66650390625,74666,0.0,0.0
2018-09-13 00:00:00+09:00,5483.33349609375,5516.66650390625,5450.0,5483.33349609375,54485,0.0,0.0
2018-09-14 00:00:00+09:00,5500.0,5516.66650390625,5383.33349609375,5500.0,108404,0.0,0.0
2018-09-17 00:00:00+09:00,5500.0,5500.0,5400.0,5433.33349609375,53828,0.0,0.0
2018-09-18 00:00:00+09:00,5433.33349609375,5450.0,5366.66650390625,5433.33349609375,53636,0.0,0.0
2018-09-19 00:00:00+09:00,5433.33349609375,5483.33349609375,5383.33349609375,5400.0,92987,0.0,0.0
2018-09-20 00:00:00+09:00,5400.0,5433.33349609375,5300.0,5300.0,125609,0.0,0.0
2018-09-21 00:00:00+09:00,5366.66650390625,5366.66650390625,5233.33349609375,5350.0,132290,0.0,0.0
2018-09-27 00:00:00+09:00,5333.33349609375,5383.33349609375,5250.0,5333.33349609375,66029,0.0,0.0
2018-09-28 00:00:00+09:00,5316.66650390625,5383.33349609375,5283.33349609375,5300.0,25703,0.0,0.0
2018-10-01 00:00:00+09:00,5283.33349609375,5350.0,5266.66650390625,5333.33349609375,29639,0.0,0.0
2018-10-02 00:00:00+09:00,5333.33349609375,5366.66650390625,5266.66650390625,5283.33349609375,48791,0.0,0.0
2018-10-04 00:00:00+09:00,5300.0,5333.33349609375,5016.66650390625,5100.0,100301,0.0,0.0
2018-10-05 00:00:00+09:00,5050.0,5166.66650390625,4983.33349609375,5016.66650390625,75188,0.0,0.0
2018-10-08 00:00:00+09:00,4966.66650390625,5083.33349609375,4966.66650390625,4966.66650390625,36626,0.0,0.0
2018-10-10 00:00:00+09:00,4983.33349609375,5083.33349609375,4783.33349609375,4783.33349609375,84575,0.0,0.0
2018-10-11 00:00:00+09:00,4600.0,4700.0,4400.0,4400.0,169148,0.0,0.0
2018-10-12 00:00:00+09:00,4300.0,4583.33349609375,4300.0,4583.33349609375,54872,0.0,0.0
2018-10-15 00:00:00+09:00,4516.66650390625,4600.0,4433.33349609375,4500.0,79562,0.0,0.0
2018-10-16 00:00:00+09:00,4516.66650390625,4583.33349609375,4500.0,4550.0,79202,0.0,0.0
2018-10-17 00:00:00+09:00,4616.66650390625,4666.66650390625,4533.33349609375,4566.66650390625,46196,0.0,0.0
2018-10-18 00:00:00+09:00,4583.33349609375,4700.0,4550.0,4600.0,17252,0.0,0.0
2018-10-19 00:00:00+09:00,4600.0,4600.0,4350.0,4500.0,349256,0.0,0.0
2018-10-22 00:00:00+09:00,4433.33349609375,4566.66650390625,4400.0,4450.0,78302,0.0,0.0
2018-10-23 00:00:00+09:00,4450.0,4466.66650390625,4333.33349609375,4366.66650390625,61574,0.0,0.0
2018-10-24 00:00:00+09:00,4366.66650390625,4450.0,4300.0,4366.66650390625,26408,0.0,0.0
2018-10-25 00:00:00+09:00,4266.66650390625,4316.66650390625,4033.333251953125,4316.66650390625,110786,0.0,0.0
2018-10-26 00:00:00+09:00,4333.33349609375,4366.66650390625,4050.0,4116.66650390625,42440,0.0,0.0
2018-10-29 00:00:00+09:00,4116.66650390625,4150.0,3816.666748046875,3816.666748046875,116612,0.0,0.0
2018-10-30 00:00:00+09:00,3750.0,3933.333251953125,3716.666748046875,3933.333251953125,94403,0.0,0.0
2018-10-31 00:00:00+09:00,3966.666748046875,4083.333251953125,3916.666748046875,4050.0,90734,0.0,0.0
2018-11-01 00:00:00+09:00,4066.666748046875,4300.0,4066.666748046875,4166.66650390625,51524,0.0,0.0
2018-11-02 00:00:00+09:00,4233.33349609375,4350.0,4233.33349609375,4333.33349609375,23225,0.0,0.0
2018-11-05 00:00:00+09:00,4316.66650390625,4316.66650390625,4183.33349609375,4266.66650390625,31934,0.0,0.0
2018-11-06 00:00:00+09:00,4266.66650390625,4333.33349609375,4233.33349609375,4283.33349609375,14849,0.0,0.0
2018-11-07 00:00:00+09:00,4300.0,4333.33349609375,4166.66650390625,4216.66650390625,33749,0.0,0.0
2018-11-08 00:00:00+09:00,4250.0,4316.66650390625,4233.33349609375,4233.33349609375,21416,0.0,0.0
2018-11-09 00:00:00+09:00,4233.33349609375,4300.0,4166.66650390625,4233.33349609375,32396,0.0,0.0
2018-11-12 00:00:00+09:00,4233.33349609375,4233.33349609375,4150.0,4233.33349609375,36665,0.0,0.0
2018-11-13 00:00:00+09:00,4216.66650390625,4216.66650390625,3916.666748046875,4050.0,226538,0.0,0.0
2018-11-14 00:00:00+09:00,4066.666748046875,4150.0,3933.333251953125,3983.333251953125,67046,0.0,0.0
2018-11-15 00:00:00+09:00,4133.33349609375,4266.66650390625,4100.0,4233.33349609375,188195,0.0,0.0
2018-11-16 00:00:00+09:00,4233.33349609375,4266.66650390625,4166.66650390625,4233.33349609375,94190,0.0,0.0
2018-11-19 00:00:00+09:00,4216.66650390625,4283.33349609375,4116.66650390625,4200.0,104183,0.0,0.0
2018-11-20 00:00:00+09:00,4116.66650390625,4166.66650390625,3900.0,4000.0,242687,0.0,0.0
2018-11-21 00:00:00+09:00,3933.333251953125,4050.0,3933.333251953125,4033.333251953125,68516,0.0,0.0
2018-11-22 00:00:00+09:00,4033.333251953125,4083.333251953125,3900.0,3950.0,108392,0.0,0.0
2018-11-23 00:00:00+09:00,3950.0,3983.333251953125,3833.333251953125,3916.666748046875,107825,0.0,0.0
2018-11-26 00:00:00+09:00,3933.333251953125,4066.666748046875,3916.666748046875,4016.666748046875,84467,0.0,0.0
2018-11-27 00:00:00+09:00,4000.0,4066.666748046875,3966.666748046875,4000.0,38498,0.0,0.0
2018-11-28 00:00:00+09:00,4033.333251953125,4050.0,3950.0,4016.666748046875,81113,0.0,0.0
2018-11-29 00:00:00+09:00,4083.333251953125,4116.66650390625,4033.333251953125,4050.0,81959,0.0,0.0
2018-11-30 00:00:00+09:00,4050.0,4116.66650390625,4033.333251953125,4066.666748046875,43019,0.0,0.0
2018-12-03 00:00:00+09:00,4116.66650390625,4200.0,4066.666748046875,4166.66650390625,129158,0.0,0.0
2018-12-04 00:00:00+09:00,4183.33349609375,4200.0,4116.66650390625,4166.66650390625,91160,0.0,0.0
2018-12-05 00:00:00+09:00,4116.66650390625,4250.0,4100.0,4200.0,70322,0.0,0.0
2018-12-06 00:00:00+09:00,4200.0,4200.0,4033.333251953125,4066.666748046875,92699,0.0,0.0
2018-12-07 00:00:00+09:00,4100.0,4116.66650390625,4000.0,4100.0,43628,0.0,0.0
2018-12-10 00:00:00+09:00,4066.666748046875,4066.666748046875,3883.333251953125,3933.333251953125,59837,0.0,0.0
2018-12-11 00:00:00+09:00,3933.333251953125,3950.0,3766.666748046875,3850.0,108149,0.0,0.0
2018-12-12 00:00:00+09:00,3800.0,3900.0,3800.0,3866.666748046875,72848,0.0,0.0
2018-12-13 00:00:00+09:00,3866.666748046875,3966.666748046875,3850.0,3966.666748046875,50966,0.0,0.0
2018-12-14 00:00:00+09:00,3966.666748046875,3966.666748046875,3816.666748046875,3850.0,68759,0.0,0.0
2018-12-17 00:00:00+09:00,3800.0,3916.666748046875,3800.0,3833.333251953125,48272,0.0,0.0
2018-12-18 00:00:00+09:00,3766.666748046875,3866.666748046875,3750.0,3833.333251953125,47783,0.0,0.0
2018-12-19 00:00:00+09:00,3866.666748046875,3866.666748046875,3733.333251953125,3783.333251953125,75635,0.0,0.0
2018-12-20 00:00:00+09:00,3766.666748046875,3833.333251953125,3733.333251953125,3783.333251953125,57887,0.0,0.0
2018-12-21 00:00:00+09:00,3733.333251953125,3816.666748046875,3733.333251953125,3783.333251953125,31850,0.0,0.0
2018-12-24 00:00:00+09:00,3783.333251953125,3783.333251953125,3666.666748046875,3783.333251953125,40964,0.0,0.0
2018-12-26 00:00:00+09:00,3716.666748046875,3766.666748046875,3633.333251953125,3766.666748046875,54440,0.0,0.0
2018-12-27 00:00:00+09:00,3800.0,3800.0,3700.0,3716.666748046875,48455,0.0,0.0
2018-12-28 00:00:00+09:00,3733.333251953125,3816.666748046875,3716.666748046875,3800.0,26318,0.0,0.0
2019-01-02 00:00:00+09:00,3800.0,3866.666748046875,3733.333251953125,3800.0,58430,0.0,0.0
2019-01-03 00:00:00+09:00,3750.0,3783.333251953125,3500.0,3616.666748046875,82583,0.0,0.0
2019-01-04 00:00:00+09:00,3616.666748046875,3616.666748046875,3323.333251953125,3400.0,344108,0.0,0.0
2019-01-07 00:00:00+09:00,3450.0,3500.0,3416.666748046875,3483.333251953125,99434,0.0,0.0
2019-01-08 00:00:00+09:00,3483.333251953125,3550.0,3450.0,3500.0,35924,0.0,0.0
2019-01-09 00:00:00+09:00,3500.0,3716.666748046875,3500.0,3666.666748046875,133373,0.0,0.0
2019-01-10 00:00:00+09:00,3700.0,3816.666748046875,3650.0,3800.0,94322,0.0,0.0
2019-01-11 00:00:00+09:00,3816.666748046875,3883.333251953125,3816.666748046875,3850.0,56150,0.0,0.0
2019-01-14 00:00:00+09:00,3900.0,3900.0,3766.666748046875,3800.0,55811,0.0,0.0
2019-01-15 00:00:00+09:00,3800.0,3933.333251953125,3800.0,3916.666748046875,80174,0.0,0.0
2019-01-16 00:00:00+09:00,3933.333251953125,3950.0,3850.0,3933.333251953125,44543,0.0,0.0
2019-01-17 00:00:00+09:00,3933.333251953125,4000.0,3850.0,3983.333251953125,87857,0.0,0.0
2019-01-18 00:00:00+09:00,3983.333251953125,4033.333251953125,3916.666748046875,3983.333251953125,68846,0.0,0.0
2019-01-21 00:00:00+09:00,3983.333251953125,4050.0,3966.666748046875,4000.0,81113,0.0,0.0
2019-01-22 00:00:00+09:00,4050.0,4066.666748046875,3900.0,3916.666748046875,53006,0.0,0.0
2019-01-23 00:00:00+09:00,3916.666748046875,4000.0,3883.333251953125,3983.333251953125,60764,0.0,0.0
2019-01-24 00:00:00+09:00,4000.0,4100.0,4000.0,4083.333251953125,82598,0.0,0.0
2019-01-25 00:00:00+09:00,4083.333251953125,4150.0,4066.666748046875,4100.0,64658,0.0,0.0
2019-01-28 00:00:00+09:00,4150.0,4233.33349609375,4083.333251953125,4133.33349609375,115757,0.0,0.0
2019-01-29 00:00:00+09:00,4133.33349609375,4150.0,4083.333251953125,4100.0,42845,0.0,0.0
2019-01-30 00:00:00+09:00,4100.0,4200.0,4066.666748046875,4183.33349609375,55541,0.0,0.0
2019-01-31 00:00:00+09:00,4233.33349609375,4233.33349609375,4133.33349609375,4183.33349609375,65981,0.0,0.0
2019-02-01 00:00:00+09:00,4200.0,4216.66650390625,4150.0,4166.66650390625,53480,0.0,0.0
2019-02-07 00:00:00+09:00,4183.33349609375,4283.33349609375,4133.33349609375,4250.0,62846,0.0,0.0
2019-02-08 00:00:00+09:00,4250.0,4350.0,4250.0,4350.0,78701,0.0,0.0
2019-02-11 00:00:00+09:00,4416.66650390625,4433.33349609375,4250.0,4333.33349609375,52847,0.0,0.0
2019-02-12 00:00:00+09:00,4333.33349609375,4450.0,4300.0,4416.66650390625,77972,0.0,0.0
2019-02-13 00:00:00+09:00,4516.66650390625,4716.66650390625,4416.66650390625,4683.33349609375,177917,0.0,0.0
2019-02-14 00:00:00+09:00,4700.0,4900.0,4583.33349609375,4833.33349609375,179447,0.0,0.0
2019-02-15 00:00:00+09:00,4816.66650390625,4833.33349609375,4616.66650390625,4700.0,113924,0.0,0.0
2019-02-18 00:00:00+09:00,4700.0,4800.0,4683.33349609375,4766.66650390625,44807,0.0,0.0
2019-02-19 00:00:00+09:00,4766.66650390625,4783.33349609375,4666.66650390625,4750.0,35267,0.0,0.0
2019-02-20 00:00:00+09:00,4766.66650390625,4983.33349609375,4766.66650390625,4950.0,162614,0.0,0.0
2019-02-21 00:00:00+09:00,4933.33349609375,4983.33349609375,4900.0,4916.66650390625,53825,0.0,0.0
2019-02-22 00:00:00+09:00,4916.66650390625,4966.66650390625,4833.33349609375,4866.66650390625,34265,0.0,0.0
2019-02-25 00:00:00+09:00,4866.66650390625,4950.0,4866.66650390625,4900.0,47792,0.0,0.0
2019-02-26 00:00:00+09:00,4933.33349609375,4983.33349609375,4883.33349609375,4950.0,48224,0.0,0.0
2019-02-27 00:00:00+09:00,4966.66650390625,5016.66650390625,4900.0,4933.33349609375,22451,0.0,0.0
2019-02-28 00:00:00+09:00,4933.33349609375,4950.0,4666.66650390625,4683.33349609375,117479,0.0,0.0
2019-03-04 00:00:00+09:00,4683.33349609375,4800.0,4650.0,4700.0,31976,0.0,0.0
2019-03-05 00:00:00+09:00,4616.66650390625,4716.66650390625,4583.33349609375,4583.33349609375,88142,0.0,0.0
2019-03-06 00:00:00+09:00,4583.33349609375,4600.0,4400.0,4550.0,190514,0.0,0.0
2019-03-07 00:00:00+09:00,4500.0,4666.66650390625,4466.66650390625,4566.66650390625,48026,0.0,0.0
2019-03-08 00:00:00+09:00,4566.66650390625,4650.0,4466.66650390625,4600.0,58331,0.0,0.0
2019-03-11 00:00:00+09:00,4616.66650390625,4633.33349609375,4416.66650390625,4550.0,44633,0.0,0.0
2019-03-12 00:00:00+09:00,4550.0,4650.0,4533.33349609375,4583.33349609375,35777,0.0,0.0
2019-03-13 00:00:00+09:00,4600.0,4633.33349609375,4516.66650390625,4583.33349609375,24575,0.0,0.0
2019-03-14 00:00:00+09:00,4583.33349609375,4833.33349609375,4566.66650390625,4766.66650390625,66089,0.0,0.0
2019-03-15 00:00:00+09:00,4800.0,4850.0,4633.33349609375,4700.0,56189,0.0,0.0
2019-03-18 00:00:00+09:00,4716.66650390625,4750.0,4650.0,4716.66650390625,16550,0.0,0.0
2019-03-19 00:00:00+09:00,4733.33349609375,4766.66650390625,4616.66650390625,4666.66650390625,22889,0.0,0.0
2019-03-20 00:00:00+09:00,4700.0,4816.66650390625,4650.0,4816.66650390625,27053,0.0,0.0
2019-03-21 00:00:00+09:00,4833.33349609375,4883.33349609375,4766.66650390625,4816.66650390625,79469,0.0,0.0
2019-03-22 00:00:00+09:00,4833.33349609375,4866.66650390625,4783.33349609375,4816.66650390625,39059,0.0,0.0
2019-03-25 00:00:00+09:00,4750.0,5033.33349609375,4700.0,4883.33349609375,194867,0.0,0.0
2019-03-26 00:00:00+09:00,4916.66650390625,5000.0,4766.66650390625,4883.33349609375,91709,0.0,0.0
2019-03-27 00:00:00+09:00,4816.66650390625,4866.66650390625,4750.0,4783.33349609375,72281,0.0,0.0
2019-03-28 00:00:00+09:00,4800.0,4833.33349609375,4650.0,4666.66650390625,137519,0.0,0.0
2019-03-29 00:00:00+09:00,4666.66650390625,4883.33349609375,4633.33349609375,4800.0,84899,0.0,0.0
2019-04-01 00:00:00+09:00,4766.66650390625,4916.66650390625,4766.66650390625,4883.33349609375,59870,0.0,0.0
2019-04-02 00:00:00+09:00,4900.0,5050.0,4883.33349609375,4983.33349609375,158126,0.0,0.0
2019-04-03 00:00:00+09:00,5033.33349609375,5050.0,4866.66650390625,5000.0,70277,0.0,0.0
2019-04-04 00:00:00+09:00,5000.0,5483.33349609375,5000.0,5450.0,714932,0.0,0.0
2019-04-05 00:00:00+09:00,5450.0,5450.0,5316.66650390625,5433.33349609375,155969,0.0,0.0
2019-04-08 00:00:00+09:00,5433.33349609375,5516.66650390625,5283.33349609375,5400.0,193775,0.0,0.0
2019-04-09 00:00:00+09:00,5400.0,5433.33349609375,5316.66650390625,5383.33349609375,100925,0.0,0.0
2019-04-10 00:00:00+09:00,5383.33349609375,5416.66650390625,5300.0,5300.0,83291,0.0,0.0
2019-04-11 00:00:00+09:00,5300.0,5483.33349609375,5283.33349609375,5466.66650390625,157937,0.0,0.0
2019-04-12 00:00:00+09:00,5466.66650390625,5483.33349609375,5350.0,5483.33349609375,93671,0.0,0.0
2019-04-15 00:00:00+09:00,5500.0,5516.66650390625,5400.0,5450.0,73691,0.0,0.0
2019-04-16 00:00:00+09:00,5466.66650390625,5466.66650390625,5333.33349609375,5433.33349609375,81002,0.0,0.0
2019-04-17 00:00:00+09:00,5433.33349609375,5483.33349609375,5383.33349609375,5416.66650390625,88346,0.0,0.0
2019-04-18 00:00:00+09:00,5450.0,5466.66650390625,5133.33349609375,5233.33349609375,302879,0.0,0.0
2019-04-19 00:00:00+09:00,5233.33349609375,5416.66650390625,5200.0,5366.66650390625,122738,0.0,0.0
2019-04-22 00:00:00+09:00,5400.0,5400.0,5233.33349609375,5233.33349609375,93989,0.0,0.0
2019-04-23 00:00:00+09:00,5216.66650390625,5316.66650390625,5150.0,5266.66650390625,180455,0.0,0.0
2019-04-24 00:00:00+09:00,5300.0,5333.33349609375,5183.33349609375,5283.33349609375,59153,0.0,0.0
2019-04-25 00:00:00+09:00,5283.33349609375,5433.33349609375,5266.66650390625,5283.33349609375,67679,0.0,0.0
2019-04-26 00:00:00+09:00,5266.66650390625,5300.0,5183.33349609375,5216.66650390625,72554,0.0,0.0
2019-04-29 00:00:00+09:00,5250.0,5333.33349609375,5183.33349609375,5233.33349609375,33746,0.0,0.0
2019-04-30 00:00:00+09:00,5233.33349609375,5333.33349609375,5233.33349609375,5316.66650390625,35681,0.0,0.0
2019-05-02 00:00:00+09:00,5266.66650390625,5333.33349609375,5216.66650390625,5300.0,73727,0.0,0.0
2019-05-03 00:00:00+09:00,5300.0,5316.66650390625,5200.0,5250.0,51581,0.0,0.0
2019-05-07 00:00:00+09:00,5250.0,5250.0,5116.66650390625,5133.33349609375,35873,0.0,0.0
2019-05-08 00:00:00+09:00,5166.66650390625,5166.66650390625,4916.66650390625,5016.66650390625,83627,0.0,0.0
2019-05-09 00:00:00+09:00,5016.66650390625,5083.33349609375,4666.66650390625,4733.33349609375,236957,0.0,0.0
2019-05-10 00:00:00+09:00,4700.0,4866.66650390625,4650.0,4716.66650390625,64985,0.0,0.0
2019-05-13 00:00:00+09:00,4750.0,4816.66650390625,4566.66650390625,4683.33349609375,100124,0.0,0.0
2019-05-14 00:00:00+09:00,4566.66650390625,4716.66650390625,4483.33349609375,4666.66650390625,95924,0.0,0.0
2019-05-15 00:00:00+09:00,4883.33349609375,5016.66650390625,4650.0,4783.33349609375,562616,0.0,0.0
2019-05-16 00:00:00+09:00,4683.33349609375,4766.66650390625,4516.66650390625,4583.33349609375,217538,0.0,0.0
2019-05-17 00:00:00+09:00,4583.33349609375,4650.0,4433.33349609375,4450.0,95579,0.0,0.0
2019-05-20 00:00:00+09:00,4466.66650390625,4533.33349609375,4350.0,4383.33349609375,44879,0.0,0.0
2019-05-21 00:00:00+09:00,4333.33349609375,4466.66650390625,4200.0,4300.0,120815,0.0,0.0
2019-05-22 00:00:00+09:00,4300.0,4366.66650390625,4033.333251953125,4166.66650390625,419306,0.0,0.0
2019-05-23 00:00:00+09:00,4183.33349609375,4233.33349609375,4066.666748046875,4066.666748046875,102716,0.0,0.0
2019-05-24 00:00:00+09:00,4050.0,4116.66650390625,3950.0,4050.0,113348,0.0,0.0
2019-05-27 00:00:00+09:00,4033.333251953125,4133.33349609375,4016.666748046875,4066.666748046875,82979,0.0,0.0
2019-05-28 00:00:00+09:00,4033.333251953125,4133.33349609375,4016.666748046875,4133.33349609375,65114,0.0,0.0
2019-05-29 00:00:00+09:00,4133.33349609375,4133.33349609375,4016.666748046875,4033.333251953125,66725,0.0,0.0
2019-05-30 00:00:00+09:00,4050.0,4100.0,3983.333251953125,4033.333251953125,101396,0.0,0.0
2019-05-31 00:00:00+09:00,4033.333251953125,4083.333251953125,3983.333251953125,4083.333251953125,32339,0.0,0.0
2019-06-03 00:00:00+09:00,4050.0,4116.66650390625,4000.0,4100.0,59510,0.0,0.0
2019-06-04 00:00:00+09:00,4100.0,4166.66650390625,4050.0,4116.66650390625,29399,0.0,0.0
2019-06-05 00:00:00+09:00,4183.33349609375,4250.0,4150.0,4233.33349609375,68714,0.0,0.0
2019-06-07 00:00:00+09:00,4250.0,4300.0,4200.0,4266.66650390625,65009,0.0,0.0
2019-06-10 00:00:00+09:00,4266.66650390625,4283.33349609375,4166.66650390625,4250.0,46304,0.0,0.0
2019-06-11 00:00:00+09:00,4266.66650390625,4383.33349609375,4200.0,4333.33349609375,75344,0.0,0.0
2019-06-12 00:00:00+09:00,4333.33349609375,4333.33349609375,4200.0,4233.33349609375,68375,0.0,0.0
2019-06-13 00:00:00+09:00,4250.0,4283.33349609375,4200.0,4216.66650390625,50894,0.0,0.0
2019-06-14 00:00:00+09:00,4216.66650390625,4233.33349609375,4116.66650390625,4166.66650390625,46436,0.0,0.0
2019-06-17 00:00:00+09:00,4166.66650390625,4333.33349609375,4166.66650390625,4200.0,47744,0.0,0.0
2019-06-18 00:00:00+09:00,4200.0,4250.0,4166.66650390625,4166.66650390625,24173,0.0,0.0
2019-06-19 00:00:00+09:00,4233.33349609375,4250.0,4200.0,4250.0,39932,0.0,0.0
2019-06-20 00:00:00+09:00,4250.0,4366.66650390625,4233.33349609375,4366.66650390625,71972,0.0,0.0
2019-06-21 00:00:00+09:00,4383.33349609375,4383.33349609375,4283.33349609375,4283.33349609375,45584,0.0,0.0
2019-06-24 00:00:00+09:00,4283.33349609375,4283.33349609375,4183.33349609375,4233.33349609375,64055,0.0,0.0
2019-06-25 00:00:00+09:00,4233.33349609375,4300.0,4116.66650390625,4166.66650390625,46004,0.0,0.0
2019-06-26 00:00:00+09:00,4166.66650390625,4183.33349609375,4100.0,4116.66650390625,42923,0.0,0.0
2019-06-27 00:00:00+09:00,4133.33349609375,4366.66650390625,4133.33349609375,4266.66650390625,109079,0.0,0.0
2019-06-28 00:00:00+09:00,4250.0,4333.33349609375,4166.66650390625,4333.33349609375,69146,0.0,0.0
2019-07-01 00:00:00+09:00,4316.66650390625,4416.66650390625,4250.0,4333.33349609375,70151,0.0,0.0
2019-07-02 00:00:00+09:00,4333.33349609375,4333.33349609375,4166.66650390625,4266.66650390625,107015,0.0,0.0
2019-07-03 00:00:00+09:00,4250.0,4300.0,4183.33349609375,4183.33349609375,54953,0.0,0.0
2019-07-04 00:00:00+09:00,4183.33349609375,4283.33349609375,4183.33349609375,4266.66650390625,82529,0.0,0.0
2019-07-05 00:00:00+09:00,4266.66650390625,4283.33349609375,4166.66650390625,4200.0,71696,0.0,0.0
2019-07-08 00:00:00+09:00,4166.66650390625,4200.0,3966.666748046875,3966.666748046875,196001,0.0,0.0
2019-07-09 00:00:00+09:00,3933.333251953125,4016.666748046875,3816.666748046875,3816.666748046875,148421,0.0,0.0
2019-07-10 00:00:00+09:00,3800.0,3966.666748046875,3800.0,3950.0,55877,0.0,0.0
2019-07-11 00:00:00+09:00,3916.666748046875,4133.33349609375,3916.666748046875,4116.66650390625,78029,0.0,0.0
2019-07-12 00:00:00+09:00,4150.0,4200.0,4066.666748046875,4166.66650390625,45374,0.0,0.0
2019-07-15 00:00:00+09:00,4183.33349609375,4200.0,4116.66650390625,4200.0,23210,0.0,0.0
2019-07-16 00:00:00+09:00,4200.0,4883.33349609375,4200.0,4350.0,1827926,0.0,0.0
2019-07-17 00:00:00+09:00,4333.33349609375,4416.66650390625,4066.666748046875,4150.0,335945,0.0,0.0
2019-07-18 00:00:00+09:00,4133.33349609375,4233.33349609375,4050.0,4183.33349609375,142373,0.0,0.0
2019-07-19 00:00:00+09:00,4183.33349609375,4216.66650390625,4100.0,4133.33349609375,62243,0.0,0.0
2019-07-22 00:00:00+09:00,4100.0,4150.0,4050.0,4116.66650390625,63737,0.0,0.0
2019-07-23 00:00:00+09:00,4116.66650390625,4200.0,4083.333251953125,4133.33349609375,173255,0.0,0.0
2019-07-24 00:00:00+09:00,4166.66650390625,4166.66650390625,4016.666748046875,4066.666748046875,90113,0.0,0.0
2019-07-25 00:00:00+09:00,4050.0,4083.333251953125,3933.333251953125,4033.333251953125,168107,0.0,0.0
2019-07-26 00:00:00+09:00,4016.666748046875,4100.0,3966.666748046875,4066.666748046875,74834,0.0,0.0
2019-07-29 00:00:00+09:00,4083.333251953125,4083.333251953125,3866.666748046875,3883.333251953125,137126,0.0,0.0
2019-07-30 00:00:00+09:00,3800.0,3950.0,3800.0,3866.666748046875,74687,0.0,0.0
2019-07-31 00:00:00+09:00,3866.666748046875,4066.666748046875,3800.0,4050.0,112964,0.0,0.0
2019-08-01 00:00:00+09:00,4016.666748046875,4050.0,3883.333251953125,3966.666748046875,94904,0.0,0.0
2019-08-02 00:00:00+09:00,3983.333251953125,4033.333251953125,3866.666748046875,3983.333251953125,62405,0.0,0.0
2019-08-05 00:00:00+09:00,4050.0,4050.0,3733.333251953125,3816.666748046875,123296,0.0,0.0
2019-08-06 00:00:00+09:00,3616.666748046875,3800.0,3533.333251953125,3533.333251953125,180908,0.0,0.0
2019-08-07 00:00:00+09:00,3550.0,3666.666748046875,3533.333251953125,3633.333251953125,105854,0.0,0.0
2019-08-08 00:00:00+09:00,3700.0,3800.0,3650.0,3733.333251953125,73385,0.0,0.0
2019-08-09 00:00:00+09:00,3800.0,3850.0,3733.333251953125,3733.333251953125,48296,0.0,0.0
2019-08-12 00:00:00+09:00,3666.666748046875,3833.333251953125,3666.666748046875,3833.333251953125,70934,0.0,0.0
2019-08-13 00:00:00+09:00,3866.666748046875,3866.666748046875,3733.333251953125,3833.333251953125,58190,0.0,0.0
2019-08-14 00:00:00+09:00,3850.0,3900.0,3800.0,3833.333251953125,49484,0.0,0.0
2019-08-16 00:00:00+09:00,3800.0,3850.0,3733.333251953125,3850.0,46523,0.0,0.0
2019-08-19 00:00:00+09:00,3866.666748046875,3900.0,3750.0,3800.0,146282,0.0,0.0
2019-08-20 00:00:00+09:00,3816.666748046875,3916.666748046875,3800.0,3900.0,42962,0.0,0.0
2019-08-21 00:00:00+09:00,3916.666748046875,4033.333251953125,3883.333251953125,4016.666748046875,161033,0.0,0.0
2019-08-22 00:00:00+09:00,4016.666748046875,4050.0,3900.0,3950.0,60149,0.0,0.0
2019-08-23 00:00:00+09:00,3950.0,4000.0,3883.333251953125,3950.0,48035,0.0,0.0
2019-08-26 00:00:00+09:00,3866.666748046875,3866.666748046875,3733.333251953125,3783.333251953125,63500,0.0,0.0
2019-08-27 00:00:00+09:00,3800.0,3833.333251953125,3750.0,3750.0,42902,0.0,0.0
2019-08-28 00:00:00+09:00,3783.333251953125,3833.333251953125,3766.666748046875,3816.666748046875,23702,0.0,0.0
2019-08-29 00:00:00+09:00,3833.333251953125,3833.333251953125,3766.666748046875,3816.666748046875,36371,0.0,0.0
2019-08-30 00:00:00+09:00,3816.666748046875,3883.333251953125,3816.666748046875,3883.333251953125,27830,0.0,0.0
2019-09-02 00:00:00+09:00,3900.0,4183.33349609375,3816.666748046875,3883.333251953125,724886,0.0,0.0
2019-09-03 00:00:00+09:00,3916.666748046875,3950.0,3850.0,3933.333251953125,142094,0.0,0.0
2019-09-04 00:00:00+09:00,3933.333251953125,4016.666748046875,3900.0,3983.333251953125,115565,0.0,0.0
2019-09-05 00:00:00+09:00,4000.0,4083.333251953125,3983.333251953125,4083.333251953125,136625,0.0,0.0
2019-09-06 00:00:00+09:00,4100.0,4116.66650390625,3916.666748046875,3950.0,136775,0.0,0.0
2019-09-09 00:00:00+09:00,3933.333251953125,4000.0,3900.0,3933.333251953125,65090,0.0,0.0
2019-09-10 00:00:00+09:00,3900.0,3983.333251953125,3900.0,3983.333251953125,118655,0.0,0.0
2019-09-11 00:00:00+09:00,4000.0,4016.666748046875,3966.666748046875,4000.0,70589,0.0,0.0
2019-09-16 00:00:00+09:00,3983.333251953125,4033.333251953125,3950.0,4033.333251953125,72980,0.0,0.0
2019-09-17 00:00:00+09:00,4033.333251953125,4033.333251953125,3983.333251953125,4016.666748046875,37592,0.0,0.0
2019-09-18 00:00:00+09:00,3983.333251953125,4050.0,3933.333251953125,4000.0,121031,0.0,0.0
2019-09-19 00:00:00+09:00,4000.0,4133.33349609375,3983.333251953125,4050.0,246155,0.0,0.0
2019-09-20 00:00:00+09:00,4066.666748046875,4066.666748046875,3983.333251953125,4033.333251953125,138710,0.0,0.0
2019-09-23 00:00:00+09:00,4033.333251953125,4066.666748046875,3916.666748046875,3966.666748046875,115244,0.0,0.0
2019-09-24 00:00:00+09:00,3966.666748046875,4033.333251953125,3933.333251953125,3983.333251953125,192125,0.0,0.0
2019-09-25 00:00:00+09:00,3966.666748046875,3983.333251953125,3900.0,3933.333251953125,136376,0.0,0.0
2019-09-26 00:00:00+09:00,3950.0,4016.666748046875,3933.333251953125,3966.666748046875,140249,0.0,0.0
2019-09-27 00:00:00+09:00,3966.666748046875,3983.333251953125,3916.666748046875,3950.0,69161,0.0,0.0
2019-09-30 00:00:00+09:00,3933.333251953125,3983.333251953125,3866.666748046875,3900.0,124886,0.0,0.0
2019-10-01 00:00:00+09:00,3916.666748046875,3950.0,3866.666748046875,3950.0,67934,0.0,0.0
2019-10-02 00:00:00+09:00,3950.0,3950.0,3850.0,3900.0,87146,0.0,0.0
2019-10-04 00:00:00+09:00,3900.0,3900.0,3800.0,3866.666748046875,75287,0.0,0.0
2019-10-07 00:00:00+09:00,3883.333251953125,3883.333251953125,3766.666748046875,3783.333251953125,124076,0.0,0.0
2019-10-08 00:00:00+09:00,3800.0,3933.333251953125,3733.333251953125,3933.333251953125,99230,0.0,0.0
2019-10-10 00:00:00+09:00,3916.666748046875,3983.333251953125,3850.0,3983.333251953125,102941,0.0,0.0
2019-10-11 00:00:00+09:00,3983.333251953125,4016.666748046875,3916.666748046875,4000.0,155177,0.0,0.0
2019-10-14 00:00:00+09:00,4050.0,4100.0,3966.666748046875,4033.333251953125,174836,0.0,0.0
2019-10-15 00:00:00+09:00,4050.0,4066.666748046875,3966.666748046875,4033.333251953125,78872,0.0,0.0
2019-10-16 00:00:00+09:00,4066.666748046875,4100.0,3983.333251953125,4100.0,86087,0.0,0.0
2019-10-17 00:00:00+09:00,4100.0,4116.66650390625,4016.666748046875,4050.0,55244,0.0,0.0
2019-10-18 00:00:00+09:00,4083.333251953125,4100.0,4016.666748046875,4016.666748046875,93350,0.0,0.0
2019-10-21 00:00:00+09:00,4016.666748046875,4083.333251953125,4000.0,4033.333251953125,39083,0.0,0.0
2019-10-22 00:00:00+09:00,4050.0,4150.0,4050.0,4133.33349609375,145922,0.0,0.0
2019-10-23 00:00:00+09:00,4150.0,4150.0,4016.666748046875,4033.333251953125,160838,0.0,0.0
2019-10-24 00:00:00+09:00,4033.333251953125,4066.666748046875,3950.0,4016.666748046875,79352,0.0,0.0
2019-10-25 00:00:00+09:00,4033.333251953125,4116.66650390625,4016.666748046875,4083.333251953125,104576,0.0,0.0
2019-10-28 00:00:00+09:00,4116.66650390625,4183.33349609375,4083.333251953125,4083.333251953125,146777,0.0,0.0
2019-10-29 00:00:00+09:00,4083.333251953125,4150.0,4050.0,4100.0,71942,0.0,0.0
2019-10-30 00:00:00+09:00,4050.0,4050.0,3933.333251953125,3950.0,172349,0.0,0.0
2019-10-31 00:00:00+09:00,4000.0,4000.0,3966.666748046875,3966.666748046875,21473,0.0,0.0
2019-11-01 00:00:00+09:00,3950.0,4016.666748046875,3900.0,4016.666748046875,59495,0.0,0.0
2019-11-04 00:00:00+09:00,4050.0,4116.66650390625,4000.0,4050.0,27038,0.0,0.0
2019-11-05 00:00:00+09:00,4050.0,4066.666748046875,3966.666748046875,4050.0,49361,0.0,0.0
2019-11-06 00:00:00+09:00,4050.0,4066.666748046875,4016.666748046875,4033.333251953125,33623,0.0,0.0
2019-11-07 00:00:00+09:00,4066.666748046875,4066.666748046875,3933.333251953125,4000.0,91112,0.0,0.0
2019-11-08 00:00:00+09:00,4016.666748046875,4033.333251953125,3933.333251953125,4000.0,45644,0.0,0.0
2019-11-11 00:00:00+09:00,4000.0,4000.0,3916.666748046875,3966.666748046875,59903,0.0,0.0
2019-11-12 00:00:00+09:00,3983.333251953125,4033.333251953125,3916.666748046875,4016.666748046875,55601,0.0,0.0
2019-11-13 00:00:00+09:00,4016.666748046875,4033.333251953125,3833.333251953125,3883.333251953125,220127,0.0,0.0
2019-11-14 00:00:00+09:00,3883.333251953125,3916.666748046875,3550.0,3666.666748046875,240734,0.0,0.0
2019-11-15 00:00:00+09:00,3683.333251953125,3783.333251953125,3666.666748046875,3766.666748046875,61328,0.0,0.0
2019-11-18 00:00:00+09:00,3800.0,3816.666748046875,3733.333251953125,3800.0,39743,0.0,0.0
2019-11-19 00:00:00+09:00,3833.333251953125,3833.333251953125,3716.666748046875,3750.0,27527,0.0,0.0
2019-11-20 00:00:00+09:00,3750.0,3750.0,3650.0,3683.333251953125,69563,0.0,0.0
2019-11-21 00:00:00+09:00,3683.333251953125,3700.0,3516.666748046875,3583.333251953125,161780,0.0,0.0
2019-11-22 00:00:00+09:00,3566.666748046875,3616.666748046875,3450.0,3516.666748046875,117425,0.0,0.0
2019-11-25 00:00:00+09:00,3550.0,3566.666748046875,3483.333251953125,3566.666748046875,44915,0.0,0.0
2019-11-26 00:00:00+09:00,3566.666748046875,3716.666748046875,3566.666748046875,3666.666748046875,48686,0.0,0.0
2019-11-27 00:00:00+09:00,3666.666748046875,3700.0,3600.0,3666.666748046875,53759,0.0,0.0
2019-11-28 00:00:00+09:00,3666.666748046875,3700.0,3566.666748046875,3616.666748046875,49445,0.0,0.0
2019-11-29 00:00:00+09:00,3616.666748046875,3633.333251953125,3533.333251953125,3533.333251953125,57812,0.0,0.0
2019-12-02 00:00:00+09:00,3566.666748046875,3600.0,3533.333251953125,3566.666748046875,25823,0.0,0.0
2019-12-03 00:00:00+09:00,3566.666748046875,3600.0,3533.333251953125,3583.333251953125,25418,0.0,0.0
2019-12-04 00:00:00+09:00,3583.333251953125,3600.0,3450.0,3500.0,83069,0.0,0.0
2019-12-05 00:00:00+09:00,3533.333251953125,3566.666748046875,3450.0,3500.0,46361,0.0,0.0
2019-12-06 00:00:00+09:00,3516.666748046875,3600.0,3483.333251953125,3600.0,71966,0.0,0.0
2019-12-09 00:00:00+09:00,3666.666748046875,3683.333251953125,3566.666748046875,3633.333251953125,54716,0.0,0.0
2019-12-10 00:00:00+09:00,3633.333251953125,3650.0,3500.0,3566.666748046875,73493,0.0,0.0
2019-12-11 00:00:00+09:00,3566.666748046875,3600.0,3533.333251953125,3583.333251953125,36908,0.0,0.0
2019-12-12 00:00:00+09:00,3600.0,3683.333251953125,3566.666748046875,3666.666748046875,56474,0.0,0.0
2019-12-13 00:00:00+09:00,3700.0,3800.0,3666.666748046875,3800.0,150860,0.0,0.0
2019-12-16 00:00:00+09:00,3850.0,3966.666748046875,3850.0,3950.0,325901,0.0,0.0
2019-12-17 00:00:00+09:00,4000.0,4016.666748046875,3950.0,4016.666748046875,255824,0.0,0.0
2019-12-18 00:00:00+09:00,4016.666748046875,4116.66650390625,3950.0,4083.333251953125,167672,0.0,0.0
2019-12-19 00:00:00+09:00,4083.333251953125,4116.66650390625,4000.0,4066.666748046875,87599,0.0,0.0
2019-12-20 00:00:00+09:00,4066.666748046875,4200.0,4016.666748046875,4116.66650390625,262199,0.0,0.0
2019-12-23 00:00:00+09:00,4116.66650390625,4166.66650390625,4066.666748046875,4083.333251953125,97487,0.0,0.0
2019-12-24 00:00:00+09:00,4083.333251953125,4183.33349609375,4066.666748046875,4150.0,150452,0.0,0.0
2019-12-26 00:00:00+09:00,4166.66650390625,4366.66650390625,4150.0,4283.33349609375,268319,0.0,0.0
2019-12-27 00:00:00+09:00,4266.66650390625,4516.66650390625,4266.66650390625,4516.66650390625,267977,0.0,0.0
2019-12-30 00:00:00+09:00,4550.0,4600.0,4433.33349609375,4533.33349609375,186893,0.0,0.0
2020-01-02 00:00:00+09:00,4600.0,4716.66650390625,4550.0,4633.33349609375,249194,0.0,0.0
2020-01-03 00:00:00+09:00,4633.33349609375,4716.66650390625,4566.66650390625,4650.0,164462,0.0,0.0
2020-01-06 00:00:00+09:00,4583.33349609375,4633.33349609375,4450.0,4616.66650390625,264842,0.0,0.0
2020-01-07 00:00:00+09:00,4616.66650390625,4783.33349609375,4600.0,4766.66650390625,257858,0.0,0.0
2020-01-08 00:00:00+09:00,4633.33349609375,4783.33349609375,4466.66650390625,4600.0,581930,0.0,0.0
2020-01-09 00:00:00+09:00,4783.33349609375,4916.66650390625,4683.33349609375,4800.0,461003,0.0,0.0
2020-01-10 00:00:00+09:00,4816.66650390625,4933.33349609375,4666.66650390625,4883.33349609375,316679,0.0,0.0
2020-01-13 00:00:00+09:00,4916.66650390625,4916.66650390625,4700.0,4800.0,225470,0.0,0.0
2020-01-14 00:00:00+09:00,4850.0,5033.33349609375,4816.66650390625,4850.0,296621,0.0,0.0
2020-01-15 00:00:00+09:00,4966.66650390625,5050.0,4883.33349609375,4966.66650390625,394541,0.0,0.0
2020-01-16 00:00:00+09:00,5066.66650390625,5083.33349609375,4933.33349609375,5033.33349609375,229487,0.0,0.0
2020-01-17 00:00:00+09:00,5050.0,5100.0,4933.33349609375,5083.33349609375,304181,0.0,0.0
2020-01-20 00:00:00+09:00,5116.66650390625,5116.66650390625,4950.0,5000.0,200390,0.0,0.0
2020-01-21 00:00:00+09:00,5000.0,5000.0,4816.66650390625,4850.0,194357,0.0,0.0
2020-01-22 00:00:00+09:00,4800.0,4966.66650390625,4800.0,4916.66650390625,109787,0.0,0.0
2020-01-23 00:00:00+09:00,4916.66650390625,5033.33349609375,4850.0,4950.0,99281,0.0,0.0
2020-01-28 00:00:00+09:00,4816.66650390625,4850.0,4666.66650390625,4750.0,144194,0.0,0.0
2020-01-29 00:00:00+09:00,4783.33349609375,4816.66650390625,4683.33349609375,4783.33349609375,148028,0.0,0.0
2020-01-30 00:00:00+09:00,4783.33349609375,4783.33349609375,4500.0,4583.33349609375,173255,0.0,0.0
2020-01-31 00:00:00+09:00,4600.0,4700.0,4483.33349609375,4533.33349609375,149654,0.0,0.0
2020-02-03 00:00:00+09:00,4433.33349609375,4600.0,4333.33349609375,4583.33349609375,182318,0.0,0.0
2020-02-04 00:00:00+09:00,4566.66650390625,4750.0,4566.66650390625,4733.33349609375,120776,0.0,0.0
2020-02-05 00:00:00+09:00,4766.66650390625,4816.66650390625,4583.33349609375,4633.33349609375,122057,0.0,0.0
2020-02-06 00:00:00+09:00,4666.66650390625,4733.33349609375,4600.0,4733.33349609375,119009,0.0,0.0
2020-02-07 00:00:00+09:00,4683.33349609375,4716.66650390625,4616.66650390625,4700.0,94952,0.0,0.0
2020-02-10 00:00:00+09:00,4666.66650390625,4666.66650390625,4516.66650390625,4583.33349609375,210296,0.0,0.0
2020-02-11 00:00:00+09:00,4600.0,4716.66650390625,4600.0,4700.0,94091,0.0,0.0
2020-02-12 00:00:00+09:00,4650.0,4850.0,4650.0,4833.33349609375,168485,0.0,0.0
2020-02-13 00:00:00+09:00,4900.0,4900.0,4716.66650390625,4766.66650390625,91742,0.0,0.0
2020-02-14 00:00:00+09:00,4716.66650390625,4833.33349609375,4700.0,4716.66650390625,111557,0.0,0.0
2020-02-17 00:00:00+09:00,4716.66650390625,4783.33349609375,4683.33349609375,4750.0,74990,0.0,0.0
2020-02-18 00:00:00+09:00,4750.0,4766.66650390625,4566.66650390625,4600.0,126692,0.0,0.0
2020-02-19 00:00:00+09:00,4600.0,4666.66650390625,4450.0,4650.0,185816,0.0,0.0
2020-02-20 00:00:00+09:00,4666.66650390625,4700.0,4516.66650390625,4583.33349609375,87539,0.0,0.0
2020-02-21 00:00:00+09:00,4516.66650390625,4583.33349609375,4350.0,4433.33349609375,128099,0.0,0.0
2020-02-24 00:00:00+09:00,4300.0,4300.0,4116.66650390625,4133.33349609375,190151,0.0,0.0
2020-02-25 00:00:00+09:00,4050.0,4216.66650390625,4050.0,4216.66650390625,185939,0.0,0.0
2020-02-26 00:00:00+09:00,4100.0,4166.66650390625,4050.0,4133.33349609375,122102,0.0,0.0
2020-02-27 00:00:00+09:00,4133.33349609375,4166.66650390625,3833.333251953125,3933.333251953125,281021,0.0,0.0
2020-02-28 00:00:00+09:00,3850.0,3933.333251953125,3666.666748046875,3733.333251953125,260318,0.0,0.0
2020-03-02 00:00:00+09:00,3716.666748046875,3900.0,3616.666748046875,3900.0,155069,0.0,0.0
2020-03-03 00:00:00+09:00,3983.333251953125,4066.666748046875,3866.666748046875,3916.666748046875,165461,0.0,0.0
2020-03-04 00:00:00+09:00,3833.333251953125,4050.0,3833.333251953125,4033.333251953125,113573,0.0,0.0
2020-03-05 00:00:00+09:00,4116.66650390625,4150.0,4033.333251953125,4083.333251953125,119273,0.0,0.0
2020-03-06 00:00:00+09:00,4016.666748046875,4033.333251953125,3900.0,4000.0,81830,0.0,0.0
2020-03-09 00:00:00+09:00,3933.333251953125,3933.333251953125,3666.666748046875,3750.0,226151,0.0,0.0
2020-03-10 00:00:00+09:00,3650.0,3766.666748046875,3616.666748046875,3733.333251953125,165851,0.0,0.0
2020-03-11 00:00:00+09:00,3750.0,3750.0,3516.666748046875,3533.333251953125,205556,0.0,0.0
2020-03-12 00:00:00+09:00,3466.666748046875,3533.333251953125,3200.0,3233.333251953125,449600,0.0,0.0
2020-03-13 00:00:00+09:00,2993.333251953125,2996.666748046875,2596.666748046875,2926.666748046875,556895,0.0,0.0
2020-03-16 00:00:00+09:00,2933.333251953125,3076.666748046875,2746.666748046875,2746.666748046875,286634,0.0,0.0
2020-03-17 00:00:00+09:00,2550.0,2756.666748046875,2513.333251953125,2640.0,217160,0.0,0.0
2020-03-18 00:00:00+09:00,2650.0,2706.666748046875,2503.333251953125,2503.333251953125,177368,0.0,0.0
2020-03-19 00:00:00+09:00,2516.666748046875,2556.666748046875,1996.6666259765625,2033.3333740234375,481487,0.0,0.0
2020-03-20 00:00:00+09:00,2086.666748046875,2246.666748046875,2013.3333740234375,2200.0,216959,0.0,0.0
2020-03-23 00:00:00+09:00,2006.6666259765625,2083.333251953125,1950.0,1993.3333740234375,231524,0.0,0.0
2020-03-24 00:00:00+09:00,2063.333251953125,2196.666748046875,2016.6666259765625,2183.333251953125,209459,0.0,0.0
2020-03-25 00:00:00+09:00,2283.333251953125,2403.333251953125,2266.666748046875,2380.0,285095,0.0,0.0
2020-03-26 00:00:00+09:00,2423.333251953125,2546.666748046875,2416.666748046875,2440.0,234155,0.0,0.0
2020-03-27 00:00:00+09:00,2633.333251953125,2633.333251953125,2426.666748046875,2466.666748046875,181265,0.0,0.0
2020-03-30 00:00:00+09:00,2450.0,2600.0,2366.666748046875,2550.0,227294,0.0,0.0
2020-03-31 00:00:00+09:00,2583.333251953125,2783.333251953125,2583.333251953125,2676.666748046875,302423,0.0,0.0
2020-04-01 00:00:00+09:00,2633.333251953125,2800.0,2600.0,2626.666748046875,279434,0.0,0.0
2020-04-02 00:00:00+09:00,2623.333251953125,2690.0,2570.0,2683.333251953125,156872,0.0,0.0
2020-04-03 00:00:00+09:00,2693.333251953125,2750.0,2650.0,2713.333251953125,150569,0.0,0.0
2020-04-06 00:00:00+09:00,2713.333251953125,2883.333251953125,2683.333251953125,2880.0,295094,0.0,0.0
2020-04-07 00:00:00+09:00,2976.666748046875,3030.0,2903.333251953125,2976.666748046875,355226,0.0,0.0
2020-04-08 00:00:00+09:00,2973.333251953125,3123.333251953125,2916.666748046875,3063.333251953125,245660,0.0,0.0
2020-04-09 00:00:00+09:00,3083.333251953125,3116.666748046875,3036.666748046875,3076.666748046875,245696,0.0,0.0
2020-04-10 00:00:00+09:00,3066.666748046875,3110.0,2953.333251953125,3016.666748046875,225722,0.0,0.0
2020-04-13 00:00:00+09:00,3016.666748046875,3036.666748046875,2916.666748046875,2923.333251953125,166328,0.0,0.0
2020-04-14 00:00:00+09:00,2916.666748046875,2990.0,2916.666748046875,2983.333251953125,121574,0.0,0.0
2020-04-16 00:00:00+09:00,2983.333251953125,3050.0,2943.333251953125,2993.333251953125,119501,0.0,0.0
2020-04-17 00:00:00+09:00,3050.0,3233.333251953125,3033.333251953125,3170.0,260435,0.0,0.0
2020-04-20 00:00:00+09:00,3230.0,3230.0,3140.0,3146.666748046875,176309,0.0,0.0
2020-04-21 00:00:00+09:00,3123.333251953125,3170.0,3006.666748046875,3086.666748046875,215948,0.0,0.0
2020-04-22 00:00:00+09:00,3016.666748046875,3066.666748046875,2973.333251953125,3056.666748046875,83135,0.0,0.0
2020-04-23 00:00:00+09:00,3083.333251953125,3186.666748046875,3076.666748046875,3183.333251953125,110090,0.0,0.0
2020-04-24 00:00:00+09:00,3183.333251953125,3186.666748046875,3053.333251953125,3116.666748046875,132320,0.0,0.0
2020-04-27 00:00:00+09:00,3126.666748046875,3176.666748046875,3113.333251953125,3133.333251953125,120587,0.0,0.0
2020-04-28 00:00:00+09:00,3143.333251953125,3160.0,3070.0,3130.0,116423,0.0,0.0
2020-04-29 00:00:00+09:00,3126.666748046875,3263.333251953125,3126.666748046875,3193.333251953125,194063,0.0,0.0
2020-05-04 00:00:00+09:00,3150.0,3186.666748046875,2926.666748046875,3110.0,155750,0.0,0.0
2020-05-06 00:00:00+09:00,3116.666748046875,3176.666748046875,3116.666748046875,3160.0,143897,0.0,0.0
2020-05-07 00:00:00+09:00,3163.333251953125,3433.333251953125,3136.666748046875,3326.666748046875,375431,0.0,0.0
2020-05-08 00:00:00+09:00,3333.333251953125,3466.666748046875,3333.333251953125,3416.666748046875,269948,0.0,0.0
2020-05-11 00:00:00+09:00,3466.666748046875,3466.666748046875,3323.333251953125,3330.0,225626,0.0,0.0
2020-05-12 00:00:00+09:00,3323.333251953125,3350.0,3243.333251953125,3273.333251953125,129890,0.0,0.0
2020-05-13 00:00:00+09:00,3240.0,3260.0,3193.333251953125,3253.333251953125,153986,0.0,0.0
2020-05-14 00:00:00+09:00,3250.0,3256.666748046875,3176.666748046875,3183.333251953125,106382,0.0,0.0
2020-05-15 00:00:00+09:00,3186.666748046875,3216.666748046875,3123.333251953125,3200.0,151070,0.0,0.0
2020-05-18 00:00:00+09:00,3033.333251953125,3103.333251953125,3016.666748046875,3050.0,325346,0.0,0.0
2020-05-19 00:00:00+09:00,3090.0,3153.333251953125,3040.0,3133.333251953125,212501,0.0,0.0
2020-05-20 00:00:00+09:00,3133.333251953125,3366.666748046875,3103.333251953125,3333.333251953125,290714,0.0,0.0
2020-05-21 00:00:00+09:00,3383.333251953125,3533.333251953125,3323.333251953125,3500.0,521369,0.0,0.0
2020-05-22 00:00:00+09:00,3533.333251953125,3533.333251953125,3263.333251953125,3320.0,387419,0.0,0.0
2020-05-25 00:00:00+09:00,3316.666748046875,3416.666748046875,3260.0,3366.666748046875,341948,0.0,0.0
2020-05-26 00:00:00+09:00,3350.0,3433.333251953125,3316.666748046875,3416.666748046875,361052,0.0,0.0
2020-05-27 00:00:00+09:00,3416.666748046875,3433.333251953125,3330.0,3333.333251953125,177680,0.0,0.0
2020-05-28 00:00:00+09:00,3333.333251953125,3366.666748046875,3186.666748046875,3240.0,212789,0.0,0.0
2020-05-29 00:00:00+09:00,3210.0,3260.0,3203.333251953125,3236.666748046875,64019,0.0,0.0
2020-06-01 00:00:00+09:00,3273.333251953125,3366.666748046875,3240.0,3350.0,114593,0.0,0.0
2020-06-02 00:00:00+09:00,3350.0,3800.0,3320.0,3733.333251953125,1847138,0.0,0.0
2020-06-03 00:00:00+09:00,3766.666748046875,3800.0,3583.333251953125,3616.666748046875,583508,0.0,0.0
2020-06-04 00:00:00+09:00,3633.333251953125,3666.666748046875,3483.333251953125,3533.333251953125,345470,0.0,0.0
2020-06-05 00:00:00+09:00,3533.333251953125,3850.0,3533.333251953125,3716.666748046875,1195145,0.0,0.0
2020-06-08 00:00:00+09:00,3883.333251953125,3983.333251953125,3800.0,3850.0,924521,0.0,0.0
2020-06-09 00:00:00+09:00,3833.333251953125,3900.0,3700.0,3766.666748046875,347978,0.0,0.0
2020-06-10 00:00:00+09:00,3750.0,3800.0,3683.333251953125,3766.666748046875,174125,0.0,0.0
2020-06-11 00:00:00+09:00,3733.333251953125,3766.666748046875,3583.333251953125,3650.0,301127,0.0,0.0
2020-06-12 00:00:00+09:00,3416.666748046875,3566.666748046875,3383.333251953125,3500.0,220889,0.0,0.0
2020-06-15 00:00:00+09:00,3450.0,3516.666748046875,3130.0,3143.333251953125,446345,0.0,0.0
2020-06-16 00:00:00+09:00,3233.333251953125,3293.333251953125,3216.666748046875,3276.666748046875,158873,0.0,0.0
2020-06-17 00:00:00+09:00,3236.666748046875,3400.0,3236.666748046875,3350.0,187154,0.0,0.0
2020-06-18 00:00:00+09:00,3350.0,3450.0,3303.333251953125,3416.666748046875,115481,0.0,0.0
2020-06-19 00:00:00+09:00,3466.666748046875,4083.333251953125,3416.666748046875,4033.333251953125,1686629,0.0,0.0
2020-06-22 00:00:00+09:00,4300.0,4300.0,4050.0,4200.0,1294397,0.0,0.0
2020-06-23 00:00:00+09:00,4366.66650390625,4966.66650390625,4233.33349609375,4933.33349609375,6833690,0.0,0.0
2020-06-24 00:00:00+09:00,4883.33349609375,5333.33349609375,4750.0,5083.33349609375,3273014,0.0,0.0
2020-06-25 00:00:00+09:00,4983.33349609375,5033.33349609375,4833.33349609375,5033.33349609375,1033919,0.0,0.0
2020-06-26 00:00:00+09:00,4966.66650390625,5050.0,4600.0,4616.66650390625,1215431,0.0,0.0
2020-06-29 00:00:00+09:00,4533.33349609375,4650.0,4300.0,4433.33349609375,779798,0.0,0.0
2020-06-30 00:00:00+09:00,4500.0,4533.33349609375,4266.66650390625,4300.0,573293,0.0,0.0
2020-07-01 00:00:00+09:00,4350.0,4783.33349609375,4316.66650390625,4700.0,1395392,0.0,0.0
2020-07-02 00:00:00+09:00,4683.33349609375,4733.33349609375,4400.0,4700.0,930458,0.0,0.0
2020-07-03 00:00:00+09:00,4666.66650390625,4916.66650390625,4583.33349609375,4700.0,562121,0.0,0.0
2020-07-06 00:00:00+09:00,4700.0,4816.66650390625,4616.66650390625,4766.66650390625,338759,0.0,0.0
2020-07-07 00:00:00+09:00,4800.0,4850.0,4616.66650390625,4683.33349609375,348629,0.0,0.0
2020-07-08 00:00:00+09:00,4683.33349609375,4716.66650390625,4500.0,4683.33349609375,281234,0.0,0.0
2020-07-09 00:00:00+09:00,4733.33349609375,4816.66650390625,4583.33349609375,4600.0,503006,0.0,0.0
2020-07-10 00:00:00+09:00,4650.0,4700.0,4416.66650390625,4450.0,245174,0.0,0.0
2020-07-13 00:00:00+09:00,4533.33349609375,4733.33349609375,4500.0,4650.0,303041,0.0,0.0
2020-07-14 00:00:00+09:00,4650.0,4650.0,4416.66650390625,4500.0,320120,0.0,0.0
2020-07-15 00:00:00+09:00,4700.0,5166.66650390625,4700.0,5000.0,3036311,0.0,0.0
2020-07-16 00:00:00+09:00,5000.0,5533.33349609375,5000.0,5400.0,2969417,0.0,0.0
2020-07-17 00:00:00+09:00,5350.0,5450.0,5100.0,5266.66650390625,1070132,0.0,0.0
2020-07-20 00:00:00+09:00,5183.33349609375,5216.66650390625,4916.66650390625,5133.33349609375,675059,0.0,0.0
2020-07-21 00:00:00+09:00,5100.0,5100.0,4966.66650390625,5066.66650390625,306785,0.0,0.0
2020-07-22 00:00:00+09:00,5016.66650390625,5283.33349609375,4983.33349609375,5116.66650390625,520511,0.0,0.0
2020-07-23 00:00:00+09:00,5116.66650390625,5266.66650390625,4816.66650390625,5216.66650390625,779264,0.0,0.0
2020-07-24 00:00:00+09:00,5150.0,5200.0,4800.0,4933.33349609375,587228,0.0,0.0
2020-07-27 00:00:00+09:00,4833.33349609375,4933.33349609375,4633.33349609375,4700.0,736916,0.0,0.0
2020-07-28 00:00:00+09:00,4700.0,4750.0,4583.33349609375,4683.33349609375,528473,0.0,0.0
2020-07-29 00:00:00+09:00,4700.0,4900.0,4666.66650390625,4833.33349609375,650129,0.0,0.0
2020-07-30 00:00:00+09:00,4866.66650390625,4950.0,4766.66650390625,4816.66650390625,593585,0.0,0.0
2020-07-31 00:00:00+09:00,4766.66650390625,4883.33349609375,4650.0,4683.33349609375,428951,0.0,0.0
2020-08-03 00:00:00+09:00,4750.0,4750.0,4666.66650390625,4716.66650390625,209954,0.0,0.0
2020-08-04 00:00:00+09:00,4750.0,4800.0,4683.33349609375,4766.66650390625,246383,0.0,0.0
2020-08-05 00:00:00+09:00,4933.33349609375,5150.0,4866.66650390625,4933.33349609375,1407878,0.0,0.0
2020-08-06 00:00:00+09:00,4916.66650390625,5016.66650390625,4900.0,5000.0,389675,0.0,0.0
2020-08-07 00:00:00+09:00,5016.66650390625,5033.33349609375,4783.33349609375,4833.33349609375,387506,0.0,0.0
2020-08-10 00:00:00+09:00,4883.33349609375,4883.33349609375,4633.33349609375,4683.33349609375,451088,0.0,0.0
2020-08-11 00:00:00+09:00,4733.33349609375,4800.0,4566.66650390625,4666.66650390625,588410,0.0,0.0
2020-08-12 00:00:00+09:00,4683.33349609375,4683.33349609375,4400.0,4483.33349609375,505604,0.0,0.0
2020-08-13 00:00:00+09:00,4550.0,4566.66650390625,4433.33349609375,4516.66650390625,313082,0.0,0.0
2020-08-14 00:00:00+09:00,4516.66650390625,4966.66650390625,4366.66650390625,4666.66650390625,1682315,0.0,0.0
2020-08-18 00:00:00+09:00,4733.33349609375,4750.0,4133.33349609375,4216.66650390625,1124267,0.0,0.0
2020-08-19 00:00:00+09:00,4250.0,4400.0,4183.33349609375,4300.0,502823,0.0,0.0
2020-08-20 00:00:00+09:00,4300.0,4300.0,3916.666748046875,4050.0,641378,0.0,0.0
2020-08-21 00:00:00+09:00,4133.33349609375,4133.33349609375,3983.333251953125,4050.0,406769,0.0,0.0
2020-08-24 00:00:00+09:00,3966.666748046875,4100.0,3900.0,4083.333251953125,238640,0.0,0.0
2020-08-25 00:00:00+09:00,4116.66650390625,4250.0,4100.0,4200.0,270887,0.0,0.0
2020-08-26 00:00:00+09:00,4200.0,4266.66650390625,4116.66650390625,4150.0,158462,0.0,0.0
2020-08-27 00:00:00+09:00,4150.0,4166.66650390625,4000.0,4000.0,257657,0.0,0.0
2020-08-28 00:00:00+09:00,4016.666748046875,4133.33349609375,4016.666748046875,4050.0,125081,0.0,0.0
2020-08-31 00:00:00+09:00,4066.666748046875,4250.0,4066.666748046875,4183.33349609375,217088,0.0,0.0
2020-09-01 00:00:00+09:00,4200.0,4466.66650390625,4200.0,4450.0,308732,0.0,0.0
2020-09-02 00:00:00+09:00,4616.66650390625,4783.33349609375,4483.33349609375,4616.66650390625,786602,0.0,0.0
2020-09-03 00:00:00+09:00,4616.66650390625,4700.0,4550.0,4650.0,327545,0.0,0.0
2020-09-04 00:00:00+09:00,4416.66650390625,4516.66650390625,4400.0,4433.33349609375,527555,0.0,0.0
2020-09-07 00:00:00+09:00,4450.0,4750.0,4433.33349609375,4666.66650390625,752261,0.0,0.0
2020-09-08 00:00:00+09:00,4733.33349609375,5150.0,4683.33349609375,4933.33349609375,1527125,0.0,0.0
2020-09-09 00:00:00+09:00,4866.66650390625,5016.66650390625,4783.33349609375,4983.33349609375,612641,0.0,0.0
2020-09-10 00:00:00+09:00,5150.0,5233.33349609375,5016.66650390625,5100.0,1047332,0.0,0.0
2020-09-11 00:00:00+09:00,5150.0,5483.33349609375,5116.66650390625,5450.0,2080511,0.0,0.0
2020-09-14 00:00:00+09:00,5516.66650390625,6633.33349609375,5383.33349609375,6200.0,10227548,0.0,0.0
2020-09-15 00:00:00+09:00,6133.33349609375,6150.0,5666.66650390625,5783.33349609375,4320125,0.0,0.0
2020-09-16 00:00:00+09:00,5850.0,6016.66650390625,5700.0,5733.33349609375,1549976,0.0,0.0
2020-09-17 00:00:00+09:00,5700.0,5750.0,5483.33349609375,5483.33349609375,1174622,0.0,0.0
2020-09-18 00:00:00+09:00,5516.66650390625,5666.66650390625,5300.0,5416.66650390625,994958,0.0,0.0
2020-09-21 00:00:00+09:00,5350.0,5516.66650390625,5033.33349609375,5216.66650390625,899537,0.0,0.0
2020-09-22 00:00:00+09:00,5166.66650390625,5200.0,4866.66650390625,4866.66650390625,802208,0.0,0.0
2020-09-23 00:00:00+09:00,4933.33349609375,5266.66650390625,4933.33349609375,5183.33349609375,1057898,0.0,0.0
2020-09-24 00:00:00+09:00,5050.0,5166.66650390625,4900.0,4966.66650390625,473504,0.0,0.0
2020-09-25 00:00:00+09:00,5083.33349609375,5116.66650390625,4816.66650390625,4833.33349609375,408101,0.0,0.0
2020-09-28 00:00:00+09:00,4866.66650390625,5150.0,4866.66650390625,5083.33349609375,277541,0.0,0.0
2020-09-29 00:00:00+09:00,5116.66650390625,5200.0,5033.33349609375,5150.0,371828,0.0,0.0
2020-10-05 00:00:00+09:00,5166.66650390625,5250.0,5116.66650390625,5183.33349609375,259379,0.0,0.0
2020-10-06 00:00:00+09:00,5216.66650390625,5550.0,5216.66650390625,5433.33349609375,985922,0.0,0.0
2020-10-07 00:00:00+09:00,5483.33349609375,5816.66650390625,5466.66650390625,5750.0,1845821,0.0,0.0
2020-10-08 00:00:00+09:00,5833.33349609375,5833.33349609375,5516.66650390625,5633.33349609375,846794,0.0,0.0
2020-10-12 00:00:00+09:00,5633.33349609375,5683.33349609375,5366.66650390625,5400.0,730076,0.0,0.0
2020-10-13 00:00:00+09:00,5400.0,5700.0,5366.66650390625,5683.33349609375,532931,0.0,0.0
2020-10-14 00:00:00+09:00,5616.66650390625,6033.33349609375,5616.66650390625,5883.33349609375,1668950,0.0,0.0
2020-10-15 00:00:00+09:00,5916.66650390625,6450.0,5716.66650390625,6166.66650390625,4423343,0.0,0.0
2020-10-16 00:00:00+09:00,6066.66650390625,6200.0,5733.33349609375,5866.66650390625,1128185,0.0,0.0
2020-10-19 00:00:00+09:00,5866.66650390625,5950.0,5516.66650390625,5833.33349609375,854336,0.0,0.0
2020-10-20 00:00:00+09:00,5716.66650390625,6066.66650390625,5700.0,6066.66650390625,472397,0.0,0.0
2020-10-21 00:00:00+09:00,6066.66650390625,6300.0,5900.0,5916.66650390625,735287,0.0,0.0
2020-10-22 00:00:00+09:00,5933.33349609375,5950.0,5716.66650390625,5783.33349609375,433061,0.0,0.0
2020-10-23 00:00:00+09:00,5800.0,6000.0,5600.0,5916.66650390625,428360,0.0,0.0
2020-10-26 00:00:00+09:00,5916.66650390625,5916.66650390625,5650.0,5650.0,255935,0.0,0.0
2020-10-27 00:00:00+09:00,5600.0,5816.66650390625,5466.66650390625,5516.66650390625,459659,0.0,0.0
2020-10-28 00:00:00+09:00,5500.0,5766.66650390625,5483.33349609375,5700.0,303713,0.0,0.0
2020-10-29 00:00:00+09:00,5600.0,5833.33349609375,5500.0,5783.33349609375,367910,0.0,0.0
2020-10-30 00:00:00+09:00,5783.33349609375,6166.66650390625,5716.66650390625,5883.33349609375,905993,0.0,0.0
2020-11-02 00:00:00+09:00,5916.66650390625,6400.0,5900.0,6083.33349609375,1530128,0.0,0.0
2020-11-03 00:00:00+09:00,6083.33349609375,6316.66650390625,5983.33349609375,6133.33349609375,953519,0.0,0.0
2020-11-04 00:00:00+09:00,6133.33349609375,6566.66650390625,6083.33349609375,6450.0,1798079,0.0,0.0
2020-11-05 00:00:00+09:00,6400.0,6733.33349609375,6316.66650390625,6516.66650390625,1495865,0.0,0.0
2020-11-06 00:00:00+09:00,6500.0,6616.66650390625,6350.0,6450.0,560564,0.0,0.0
2020-11-09 00:00:00+09:00,6500.0,6583.33349609375,6400.0,6533.33349609375,494489,0.0,0.0
2020-11-10 00:00:00+09:00,6600.0,7066.66650390625,6516.66650390625,6966.66650390625,1862555,0.0,0.0
2020-11-11 00:00:00+09:00,6950.0,7000.0,6650.0,6766.66650390625,984929,0.0,0.0
2020-11-12 00:00:00+09:00,6750.0,6950.0,6666.66650390625,6816.66650390625,646220,0.0,0.0
2020-11-13 00:00:00+09:00,6816.66650390625,6833.33349609375,6533.33349609375,6583.33349609375,600698,0.0,0.0
2020-11-16 00:00:00+09:00,6583.33349609375,6966.66650390625,6516.66650390625,6800.0,1022264,0.0,0.0
2020-11-17 00:00:00+09:00,6816.66650390625,7333.33349609375,6816.66650390625,7200.0,1867877,0.0,0.0
2020-11-18 00:00:00+09:00,7400.0,7833.33349609375,7183.33349609375,7616.66650390625,2274140,0.0,0.0
2020-11-19 00:00:00+09:00,7533.33349609375,7666.66650390625,7200.0,7583.33349609375,812111,0.0,0.0
2020-11-20 00:00:00+09:00,7533.33349609375,7733.33349609375,7516.66650390625,7633.33349609375,419795,0.0,0.0
2020-11-23 00:00:00+09:00,7616.66650390625,7800.0,7533.33349609375,7633.33349609375,534884,0.0,0.0
2020-11-24 00:00:00+09:00,7633.33349609375,8150.0,7633.33349609375,8116.66650390625,1420400,0.0,0.0
2020-11-25 00:00:00+09:00,8066.66650390625,8166.66650390625,7766.66650390625,7900.0,905297,0.0,0.0
2020-11-26 00:00:00+09:00,7800.0,8750.0,7733.33349609375,8283.3330078125,1296623,0.0,0.0
2020-11-27 00:00:00+09:00,8233.3330078125,8400.0,8066.66650390625,8366.6669921875,395246,0.0,0.0
2020-11-30 00:00:00+09:00,8300.0,8416.6669921875,8183.33349609375,8216.6669921875,357518,0.0,0.0
2020-12-01 00:00:00+09:00,8300.0,8400.0,7900.0,8083.33349609375,698303,0.0,0.0
2020-12-02 00:00:00+09:00,8166.66650390625,9333.3330078125,8066.66650390625,8733.3330078125,1906958,0.0,0.0
2020-12-03 00:00:00+09:00,8700.0,9000.0,8583.3330078125,8666.6669921875,973577,0.0,0.0
2020-12-04 00:00:00+09:00,8650.0,8750.0,8433.3330078125,8583.3330078125,558920,0.0,0.0
2020-12-07 00:00:00+09:00,8500.0,8550.0,8216.6669921875,8333.3330078125,554075,0.0,0.0
2020-12-08 00:00:00+09:00,8216.6669921875,8750.0,8166.66650390625,8500.0,625928,0.0,0.0
2020-12-09 00:00:00+09:00,8533.3330078125,9166.6669921875,8533.3330078125,8916.6669921875,769145,0.0,0.0
2020-12-10 00:00:00+09:00,8916.6669921875,9166.6669921875,8683.3330078125,8866.6669921875,514679,0.0,0.0
2020-12-11 00:00:00+09:00,8916.6669921875,9333.3330078125,8800.0,9100.0,539969,0.0,0.0
2020-12-14 00:00:00+09:00,9100.0,9433.3330078125,9016.6669921875,9233.3330078125,460634,0.0,0.0
2020-12-15 00:00:00+09:00,9300.0,9366.6669921875,8900.0,9133.3330078125,526334,0.0,0.0
2020-12-16 00:00:00+09:00,9266.6669921875,9266.6669921875,8950.0,9066.6669921875,385883,0.0,0.0
2020-12-17 00:00:00+09:00,9166.6669921875,9600.0,9016.6669921875,9333.3330078125,769070,0.0,0.0
2020-12-18 00:00:00+09:00,9416.6669921875,9433.3330078125,8933.3330078125,9000.0,509858,0.0,0.0
2020-12-21 00:00:00+09:00,8883.3330078125,8933.3330078125,8550.0,8666.6669921875,772322,0.0,0.0
2020-12-22 00:00:00+09:00,8666.6669921875,8666.6669921875,8300.0,8400.0,877550,0.0,0.0
2020-12-23 00:00:00+09:00,8500.0,8850.0,8233.3330078125,8533.3330078125,856346,0.0,0.0
2020-12-24 00:00:00+09:00,8666.6669921875,8716.6669921875,8366.6669921875,8633.3330078125,633860,0.0,0.0
2020-12-28 00:00:00+09:00,8766.6669921875,9333.3330078125,8583.3330078125,9250.0,1527038,0.0,0.0
2020-12-29 00:00:00+09:00,9333.3330078125,9866.6669921875,9333.3330078125,9666.6669921875,797858,0.0,0.0
2020-12-30 00:00:00+09:00,9633.3330078125,9700.0,9366.6669921875,9633.3330078125,549032,0.0,0.0
2021-01-04 00:00:00+09:00,9766.6669921875,9800.0,9266.6669921875,9366.6669921875,836204,0.0,0.0
2021-01-05 00:00:00+09:00,9166.6669921875,9366.6669921875,9016.6669921875,9250.0,631757,0.0,0.0
2021-01-06 00:00:00+09:00,9283.3330078125,9450.0,8900.0,8950.0,731456,0.0,0.0
2021-01-07 00:00:00+09:00,9000.0,9150.0,8550.0,9016.6669921875,1041314,0.0,0.0
2021-01-08 00:00:00+09:00,9050.0,9300.0,8833.3330078125,8916.6669921875,1237622,0.0,0.0
2021-01-11 00:00:00+09:00,8950.0,9033.3330078125,8550.0,8683.3330078125,700853,0.0,0.0
2021-01-12 00:00:00+09:00,8833.3330078125,8850.0,8500.0,8666.6669921875,332813,0.0,0.0
2021-01-13 00:00:00+09:00,8666.6669921875,8850.0,8583.3330078125,8633.3330078125,250310,0.0,0.0
2021-01-14 00:00:00+09:00,8666.6669921875,8700.0,8566.6669921875,8683.3330078125,197759,0.0,0.0
2021-01-15 00:00:00+09:00,8716.6669921875,8916.6669921875,8400.0,8433.3330078125,516953,0.0,0.0
2021-01-18 00:00:00+09:00,8433.3330078125,8466.6669921875,7883.33349609375,7933.33349609375,987188,0.0,0.0
2021-01-19 00:00:00+09:00,8000.0,8800.0,7916.66650390625,8683.3330078125,1043420,0.0,0.0
2021-01-20 00:00:00+09:00,8633.3330078125,8666.6669921875,8266.6669921875,8550.0,821549,0.0,0.0
2021-01-21 00:00:00+09:00,8550.0,8650.0,8350.0,8450.0,342260,0.0,0.0
2021-01-22 00:00:00+09:00,8450.0,8566.6669921875,8350.0,8350.0,312356,0.0,0.0
2021-01-25 00:00:00+09:00,8550.0,9233.3330078125,8400.0,9133.3330078125,1157597,0.0,0.0
2021-01-26 00:00:00+09:00,9216.6669921875,9233.3330078125,8733.3330078125,9150.0,564341,0.0,0.0
2021-01-27 00:00:00+09:00,9050.0,9833.3330078125,8883.3330078125,9333.3330078125,1588205,0.0,0.0
2021-01-28 00:00:00+09:00,8950.0,9433.3330078125,8833.3330078125,9083.3330078125,1026872,0.0,0.0
2021-01-29 00:00:00+09:00,9400.0,9833.3330078125,8650.0,9000.0,1310081,0.0,0.0
2021-02-01 00:00:00+09:00,9000.0,9066.6669921875,8533.3330078125,8933.3330078125,548378,0.0,0.0
2021-02-02 00:00:00+09:00,9133.3330078125,9216.6669921875,8666.6669921875,8983.3330078125,523073,0.0,0.0
2021-02-03 00:00:00+09:00,9100.0,10116.6669921875,9016.6669921875,9733.3330078125,1574222,0.0,0.0
2021-02-04 00:00:00+09:00,9700.0,9716.6669921875,9233.3330078125,9433.3330078125,861092,0.0,0.0
2021-02-05 00:00:00+09:00,9366.6669921875,9733.3330078125,9350.0,9533.3330078125,411002,0.0,0.0
2021-02-08 00:00:00+09:00,9500.0,9500.0,8966.6669921875,9000.0,543833,0.0,0.0
2021-02-09 00:00:00+09:00,9100.0,9183.3330078125,8833.3330078125,9000.0,372797,0.0,0.0
2021-02-10 00:00:00+09:00,9000.0,9100.0,8700.0,8933.3330078125,348575,0.0,0.0
2021-02-15 00:00:00+09:00,8950.0,9233.3330078125,8950.0,9200.0,378899,0.0,0.0
2021-02-16 00:00:00+09:00,9366.6669921875,9700.0,9233.3330078125,9550.0,653639,0.0,0.0
2021-02-17 00:00:00+09:00,9450.0,9483.3330078125,9250.0,9300.0,337742,0.0,0.0
2021-02-18 00:00:00+09:00,9316.6669921875,9416.6669921875,8883.3330078125,9233.3330078125,301448,0.0,0.0
2021-02-19 00:00:00+09:00,9066.6669921875,9350.0,8933.3330078125,9300.0,415094,0.0,0.0
2021-02-22 00:00:00+09:00,9600.0,10233.3330078125,9416.6669921875,9750.0,1704608,0.0,0.0
2021-02-23 00:00:00+09:00,9600.0,9750.0,9266.6669921875,9600.0,912140,0.0,0.0
2021-02-24 00:00:00+09:00,9766.6669921875,10100.0,9166.6669921875,9333.3330078125,1311314,0.0,0.0
2021-02-25 00:00:00+09:00,9533.3330078125,10033.3330078125,9483.3330078125,9966.6669921875,990455,0.0,0.0
2021-02-26 00:00:00+09:00,9566.6669921875,9733.3330078125,9400.0,9683.3330078125,621797,0.0,0.0
2021-03-02 00:00:00+09:00,9983.3330078125,10850.0,9916.6669921875,10650.0,2007413,0.0,0.0
2021-03-03 00:00:00+09:00,10500.0,10666.6669921875,10333.3330078125,10516.6669921875,581750,0.0,0.0
2021-03-04 00:00:00+09:00,10283.3330078125,10433.3330078125,9833.3330078125,10000.0,764771,0.0,0.0
2021-03-05 00:00:00+09:00,9800.0,9916.6669921875,9316.6669921875,9650.0,853232,0.0,0.0
2021-03-08 00:00:00+09:00,9716.6669921875,9783.3330078125,9416.6669921875,9416.6669921875,305927,0.0,0.0
2021-03-09 00:00:00+09:00,9416.6669921875,9416.6669921875,8800.0,9016.6669921875,664124,0.0,0.0
2021-03-10 00:00:00+09:00,9216.6669921875,9516.6669921875,9050.0,9100.0,499811,0.0,0.0
2021-03-11 00:00:00+09:00,9100.0,9666.6669921875,9100.0,9566.6669921875,553661,0.0,0.0
2021-03-12 00:00:00+09:00,9650.0,9750.0,9450.0,9633.3330078125,323864,0.0,0.0
2021-03-15 00:00:00+09:00,9616.6669921875,9616.6669921875,9316.6669921875,9400.0,320063,0.0,0.0
2021-03-16 00:00:00+09:00,9500.0,9550.0,9350.0,9500.0,330008,0.0,0.0
2021-03-17 00:00:00+09:00,9533.3330078125,9550.0,9250.0,9350.0,295562,0.0,0.0
2021-03-18 00:00:00+09:00,9450.0,9516.6669921875,9350.0,9416.6669921875,245828,0.0,0.0
2021-03-19 00:00:00+09:00,9216.6669921875,9416.6669921875,9200.0,9300.0,359243,0.0,0.0
2021-03-22 00:00:00+09:00,9350.0,9583.3330078125,9250.0,9516.6669921875,363713,0.0,0.0
2021-03-23 00:00:00+09:00,9583.3330078125,9600.0,9316.6669921875,9350.0,242162,0.0,0.0
2021-03-24 00:00:00+09:00,9300.0,9650.0,9266.6669921875,9616.6669921875,552950,0.0,0.0
2021-03-25 00:00:00+09:00,9583.3330078125,9750.0,9283.3330078125,9416.6669921875,550382,0.0,0.0
2021-03-26 00:00:00+09:00,9533.3330078125,9533.3330078125,9233.3330078125,9300.0,265007,0.0,0.0
2021-03-29 00:00:00+09:00,9333.3330078125,9483.3330078125,9216.6669921875,9250.0,233351,0.0,0.0
2021-03-30 00:00:00+09:00,9366.6669921875,9366.6669921875,9050.0,9116.6669921875,300893,0.0,0.0
2021-03-31 00:00:00+09:00,9116.6669921875,9116.6669921875,8700.0,8816.6669921875,636776,0.0,0.0
2021-04-01 00:00:00+09:00,8933.3330078125,9016.6669921875,8783.3330078125,9000.0,290837,0.0,0.0
2021-04-02 00:00:00+09:00,9100.0,9516.6669921875,9066.6669921875,9400.0,752996,0.0,0.0
2021-04-05 00:00:00+09:00,9450.0,9966.6669921875,9416.6669921875,9966.6669921875,1017251,0.0,0.0
2021-04-06 00:00:00+09:00,10066.6669921875,10200.0,9733.3330078125,9816.6669921875,619289,0.0,0.0
2021-04-07 00:00:00+09:00,9783.3330078125,9783.3330078125,9500.0,9650.0,415022,0.0,0.0
2021-04-08 00:00:00+09:00,9633.3330078125,9733.3330078125,9500.0,9533.3330078125,344888,0.0,0.0
2021-04-09 00:00:00+09:00,9533.3330078125,9783.3330078125,9466.6669921875,9683.3330078125,355001,0.0,0.0
2021-04-12 00:00:00+09:00,9750.0,9750.0,9433.3330078125,9583.3330078125,319328,0.0,0.0
2021-04-13 00:00:00+09:00,9583.3330078125,9883.3330078125,9466.6669921875,9633.3330078125,449165,0.0,0.0
2021-04-14 00:00:00+09:00,9733.3330078125,9733.3330078125,9433.3330078125,9566.6669921875,343319,0.0,0.0
2021-04-15 00:00:00+09:00,9550.0,9716.6669921875,9450.0,9683.3330078125,261989,0.0,0.0
2021-04-16 00:00:00+09:00,9766.6669921875,10600.0,9650.0,10316.6669921875,1740113,0.0,0.0
2021-04-19 00:00:00+09:00,10483.3330078125,11133.3330078125,10350.0,10883.3330078125,1640063,0.0,0.0
2021-04-20 00:00:00+09:00,10800.0,10850.0,10516.6669921875,10650.0,696551,0.0,0.0
2021-04-21 00:00:00+09:00,10566.6669921875,10716.6669921875,10350.0,10466.6669921875,493769,0.0,0.0
2021-04-22 00:00:00+09:00,10550.0,10683.3330078125,10283.3330078125,10400.0,563120,0.0,0.0
2021-04-23 00:00:00+09:00,10333.3330078125,10400.0,10133.3330078125,10283.3330078125,532109,0.0,0.0
2021-04-26 00:00:00+09:00,10400.0,10416.6669921875,10266.6669921875,10333.3330078125,251555,0.0,0.0
2021-04-27 00:00:00+09:00,10400.0,10400.0,10066.6669921875,10133.3330078125,335198,0.0,0.0
2021-04-28 00:00:00+09:00,10133.3330078125,10166.6669921875,9366.6669921875,9483.3330078125,886133,0.0,0.0
2021-04-29 00:00:00+09:00,9500.0,9650.0,9233.3330078125,9250.0,720581,0.0,0.0
2021-04-30 00:00:00+09:00,9400.0,9450.0,9166.6669921875,9233.3330078125,329711,0.0,0.0
2021-05-03 00:00:00+09:00,9233.3330078125,9616.6669921875,9216.6669921875,9316.6669921875,251468,0.0,0.0
2021-05-04 00:00:00+09:00,9333.3330078125,9583.3330078125,9100.0,9500.0,274121,0.0,0.0
2021-05-06 00:00:00+09:00,9583.3330078125,9750.0,9533.3330078125,9616.6669921875,400199,0.0,0.0
2021-05-07 00:00:00+09:00,9683.3330078125,9750.0,9550.0,9583.3330078125,294803,0.0,0.0
2021-05-10 00:00:00+09:00,9766.6669921875,9900.0,9700.0,9800.0,388982,0.0,0.0
2021-05-11 00:00:00+09:00,9600.0,9683.3330078125,9200.0,9300.0,802124,0.0,0.0
2021-05-12 00:00:00+09:00,9350.0,9416.6669921875,9033.3330078125,9200.0,381434,0.0,0.0
2021-05-13 00:00:00+09:00,8950.0,9083.3330078125,8666.6669921875,8766.6669921875,945539,0.0,0.0
2021-05-14 00:00:00+09:00,8900.0,9083.3330078125,8816.6669921875,9016.6669921875,499238,0.0,0.0
2021-05-17 00:00:00+09:00,8750.0,8850.0,8500.0,8766.6669921875,823292,0.0,0.0
2021-05-18 00:00:00+09:00,8766.6669921875,8900.0,8633.3330078125,8816.6669921875,239489,0.0,0.0
2021-05-20 00:00:00+09:00,8816.6669921875,8883.3330078125,8700.0,8883.3330078125,151061,0.0,0.0
2021-05-21 00:00:00+09:00,8900.0,9000.0,8600.0,8700.0,307592,0.0,0.0
2021-05-24 00:00:00+09:00,8733.3330078125,8766.6669921875,8216.6669921875,8216.6669921875,576062,0.0,0.0
2021-05-25 00:00:00+09:00,8350.0,8400.0,8216.6669921875,8233.3330078125,297539,0.0,0.0
2021-05-26 00:00:00+09:00,8300.0,8550.0,8266.6669921875,8450.0,330767,0.0,0.0
2021-05-27 00:00:00+09:00,8550.0,8616.6669921875,8300.0,8466.6669921875,172319,0.0,0.0
2021-05-28 00:00:00+09:00,8450.0,8550.0,8350.0,8383.3330078125,174533,0.0,0.0
2021-05-31 00:00:00+09:00,8500.0,8500.0,8333.3330078125,8383.3330078125,132218,0.0,0.0
2021-06-01 00:00:00+09:00,8383.3330078125,8416.6669921875,8283.3330078125,8316.6669921875,296951,0.0,0.0
2021-06-02 00:00:00+09:00,8333.3330078125,8416.6669921875,8266.6669921875,8266.6669921875,188354,0.0,0.0
2021-06-03 00:00:00+09:00,8283.3330078125,8650.0,8283.3330078125,8616.6669921875,289502,0.0,0.0
2021-06-04 00:00:00+09:00,8616.6669921875,8616.6669921875,8333.3330078125,8466.6669921875,162746,0.0,0.0
2021-06-07 00:00:00+09:00,8583.3330078125,8633.3330078125,8366.6669921875,8400.0,223976,0.0,0.0
2021-06-08 00:00:00+09:00,8250.0,8466.6669921875,8250.0,8316.6669921875,217031,0.0,0.0
2021-06-09 00:00:00+09:00,8383.3330078125,8383.3330078125,8133.33349609375,8183.33349609375,180431,0.0,0.0
2021-06-10 00:00:00+09:00,8166.66650390625,8216.6669921875,7983.33349609375,8066.66650390625,406232,0.0,0.0
2021-06-11 00:00:00+09:00,8066.66650390625,8183.33349609375,8016.66650390625,8066.66650390625,221531,0.0,0.0
2021-06-14 00:00:00+09:00,8100.0,8150.0,8016.66650390625,8033.33349609375,142652,0.0,0.0
2021-06-15 00:00:00+09:00,7983.33349609375,8150.0,7983.33349609375,8016.66650390625,162314,0.0,0.0
2021-06-16 00:00:00+09:00,8083.33349609375,8083.33349609375,8000.0,8016.66650390625,128639,0.0,0.0
2021-06-17 00:00:00+09:00,8000.0,8233.3330078125,7933.33349609375,8183.33349609375,186017,0.0,0.0
2021-06-18 00:00:00+09:00,8250.0,8366.6669921875,8183.33349609375,8283.3330078125,217364,0.0,0.0
2021-06-21 00:00:00+09:00,8083.33349609375,8150.0,8050.0,8083.33349609375,200957,0.0,0.0
2021-06-22 00:00:00+09:00,8183.33349609375,8183.33349609375,7983.33349609375,8000.0,144686,0.0,0.0
2021-06-23 00:00:00+09:00,8000.0,8066.66650390625,7750.0,7816.66650390625,457613,0.0,0.0
2021-06-24 00:00:00+09:00,7816.66650390625,7850.0,7633.33349609375,7816.66650390625,273989,0.0,0.0
2021-06-25 00:00:00+09:00,7783.33349609375,7850.0,7533.33349609375,7600.0,790808,0.0,0.0
2021-06-28 00:00:00+09:00,7633.33349609375,7833.33349609375,7633.33349609375,7800.0,478187,0.0,0.0
2021-06-29 00:00:00+09:00,7816.66650390625,7900.0,7700.0,7800.0,314852,0.0,0.0
2021-06-30 00:00:00+09:00,7833.33349609375,7916.66650390625,7733.33349609375,7916.66650390625,285620,0.0,0.0
2021-07-01 00:00:00+09:00,7883.33349609375,7933.33349609375,7766.66650390625,7883.33349609375,90344,0.0,0.0
2021-07-02 00:00:00+09:00,7900.0,7900.0,7750.0,7800.0,199289,0.0,0.0
2021-07-05 00:00:00+09:00,7750.0,7850.0,7650.0,7766.66650390625,229649,0.0,0.0
2021-07-06 00:00:00+09:00,7766.66650390625,7983.33349609375,7733.33349609375,7933.33349609375,232574,0.0,0.0
2021-07-07 00:00:00+09:00,7933.33349609375,8450.0,7833.33349609375,8416.6669921875,981428,0.0,0.0
2021-07-08 00:00:00+09:00,8566.6669921875,8733.3330078125,8400.0,8433.3330078125,1297850,0.0,0.0
2021-07-09 00:00:00+09:00,8400.0,8600.0,8133.33349609375,8600.0,522122,0.0,0.0
2021-07-12 00:00:00+09:00,8666.6669921875,9016.6669921875,8466.6669921875,9000.0,1119167,0.0,0.0
2021-07-13 00:00:00+09:00,8933.3330078125,9233.3330078125,8866.6669921875,8966.6669921875,868628,0.0,0.0
2021-07-14 00:00:00+09:00,8966.6669921875,9166.6669921875,8766.6669921875,9000.0,454127,0.0,0.0
2021-07-15 00:00:00+09:00,8883.3330078125,9033.3330078125,8883.3330078125,9033.3330078125,266531,0.0,0.0
2021-07-16 00:00:00+09:00,8950.0,9200.0,8816.6669921875,8816.6669921875,511676,0.0,0.0
2021-07-19 00:00:00+09:00,8716.6669921875,9166.6669921875,8633.3330078125,8933.3330078125,577841,0.0,0.0
2021-07-20 00:00:00+09:00,8816.6669921875,9183.3330078125,8783.3330078125,9000.0,463844,0.0,0.0
2021-07-21 00:00:00+09:00,9000.0,9066.6669921875,8866.6669921875,8883.3330078125,176732,0.0,0.0
2021-07-22 00:00:00+09:00,9000.0,9333.3330078125,9000.0,9166.6669921875,695594,0.0,0.0
2021-07-23 00:00:00+09:00,9300.0,9316.6669921875,8966.6669921875,8966.6669921875,343502,0.0,0.0
2021-07-26 00:00:00+09:00,8983.3330078125,9050.0,8866.6669921875,8866.6669921875,245771,0.0,0.0
2021-07-27 00:00:00+09:00,8850.0,9150.0,8833.3330078125,8933.3330078125,385967,0.0,0.0
2021-07-28 00:00:00+09:00,8866.6669921875,9083.3330078125,8783.3330078125,8983.3330078125,221336,0.0,0.0
2021-07-29 00:00:00+09:00,9083.3330078125,9100.0,8916.6669921875,8983.3330078125,107972,0.0,0.0
2021-07-30 00:00:00+09:00,8983.3330078125,9050.0,8833.3330078125,8850.0,176630,0.0,0.0
2021-08-02 00:00:00+09:00,8850.0,9000.0,8750.0,8983.3330078125,169175,0.0,0.0
2021-08-03 00:00:00+09:00,9000.0,9200.0,8900.0,9050.0,345482,0.0,0.0
2021-08-04 00:00:00+09:00,9100.0,9150.0,8950.0,9150.0,203342,0.0,0.0
2021-08-05 00:00:00+09:00,9150.0,9283.3330078125,9033.3330078125,9150.0,285806,0.0,0.0
2021-08-06 00:00:00+09:00,9150.0,9216.6669921875,9083.3330078125,9150.0,158006,0.0,0.0
2021-08-09 00:00:00+09:00,9150.0,9283.3330078125,8966.6669921875,9250.0,319652,0.0,0.0
2021-08-10 00:00:00+09:00,9316.6669921875,9316.6669921875,9050.0,9166.6669921875,233840,0.0,0.0
2021-08-11 00:00:00+09:00,9083.3330078125,9116.6669921875,8283.3330078125,8366.6669921875,1160738,0.0,0.0
2021-08-12 00:00:00+09:00,8333.3330078125,8466.6669921875,8150.0,8233.3330078125,365342,0.0,0.0
2021-08-13 00:00:00+09:00,8183.33349609375,8233.3330078125,7766.66650390625,7916.66650390625,457805,0.0,0.0
2021-08-17 00:00:00+09:00,7816.66650390625,8166.66650390625,7733.33349609375,7933.33349609375,394160,0.0,0.0
2021-08-18 00:00:00+09:00,7833.33349609375,8083.33349609375,7833.33349609375,7933.33349609375,329114,0.0,0.0
2021-08-19 00:00:00+09:00,7800.0,7933.33349609375,7133.33349609375,7550.0,376595,0.0,0.0
2021-08-20 00:00:00+09:00,7650.0,7733.33349609375,7200.0,7350.0,326054,0.0,0.0
2021-08-23 00:00:00+09:00,7366.66650390625,7616.66650390625,7266.66650390625,7583.33349609375,171473,0.0,0.0
2021-08-24 00:00:00+09:00,7700.0,7966.66650390625,7700.0,7933.33349609375,201596,0.0,0.0
2021-08-25 00:00:00+09:00,8033.33349609375,8066.66650390625,7816.66650390625,7883.33349609375,170003,0.0,0.0
2021-08-26 00:00:00+09:00,7966.66650390625,8000.0,7533.33349609375,7633.33349609375,434123,0.0,0.0
2021-08-27 00:00:00+09:00,7533.33349609375,7733.33349609375,7533.33349609375,7650.0,140057,0.0,0.0
2021-08-30 00:00:00+09:00,7716.66650390625,7916.66650390625,7683.33349609375,7750.0,212717,0.0,0.0
2021-08-31 00:00:00+09:00,7833.33349609375,8033.33349609375,7783.33349609375,8000.0,156536,0.0,0.0
2021-09-01 00:00:00+09:00,7983.33349609375,8083.33349609375,7883.33349609375,8033.33349609375,86081,0.0,0.0
2021-09-02 00:00:00+09:00,7950.0,8116.66650390625,7850.0,7850.0,268874,0.0,0.0
2021-09-03 00:00:00+09:00,7900.0,7966.66650390625,7833.33349609375,7916.66650390625,163601,0.0,0.0
2021-09-06 00:00:00+09:00,7966.66650390625,8283.3330078125,7916.66650390625,8133.33349609375,253925,0.0,0.0
2021-09-07 00:00:00+09:00,8166.66650390625,8183.33349609375,7983.33349609375,8100.0,143714,0.0,0.0
2021-09-08 00:00:00+09:00,8100.0,8100.0,7833.33349609375,7916.66650390625,251804,0.0,0.0
2021-09-09 00:00:00+09:00,7916.66650390625,7950.0,7716.66650390625,7833.33349609375,115154,0.0,0.0
2021-09-10 00:00:00+09:00,7833.33349609375,7833.33349609375,7583.33349609375,7683.33349609375,222953,0.0,0.0
2021-09-13 00:00:00+09:00,7766.66650390625,7850.0,7633.33349609375,7816.66650390625,173132,0.0,0.0
2021-09-14 00:00:00+09:00,7783.33349609375,7966.66650390625,7766.66650390625,7966.66650390625,126464,0.0,0.0
2021-09-15 00:00:00+09:00,7900.0,7966.66650390625,7766.66650390625,7833.33349609375,119390,0.0,0.0
2021-09-16 00:00:00+09:00,7850.0,7850.0,7416.66650390625,7566.66650390625,444953,0.0,0.0
2021-09-17 00:00:00+09:00,7566.66650390625,7650.0,7416.66650390625,7600.0,185165,0.0,0.0
2021-09-23 00:00:00+09:00,7533.33349609375,7550.0,7400.0,7483.33349609375,136718,0.0,0.0
2021-09-24 00:00:00+09:00,7483.33349609375,7550.0,7350.0,7483.33349609375,116609,0.0,0.0
2021-09-27 00:00:00+09:00,7550.0,7683.33349609375,7333.33349609375,7483.33349609375,255419,0.0,0.0
2021-09-28 00:00:00+09:00,7516.66650390625,7700.0,7400.0,7400.0,191522,0.0,0.0
2021-09-29 00:00:00+09:00,7300.0,7466.66650390625,7133.33349609375,7300.0,206618,0.0,0.0
2021-09-30 00:00:00+09:00,7233.33349609375,7383.33349609375,6766.66650390625,6883.33349609375,508724,0.0,0.0
2021-10-01 00:00:00+09:00,6766.66650390625,6933.33349609375,6633.33349609375,6666.66650390625,290852,0.0,0.0
2021-10-05 00:00:00+09:00,6533.33349609375,6633.33349609375,6283.33349609375,6450.0,397376,0.0,0.0
2021-10-06 00:00:00+09:00,6483.33349609375,6516.66650390625,6000.0,6116.66650390625,576314,0.0,0.0
2021-10-07 00:00:00+09:00,6166.66650390625,6416.66650390625,6133.33349609375,6333.33349609375,293354,0.0,0.0
2021-10-08 00:00:00+09:00,6450.0,6450.0,6233.33349609375,6266.66650390625,131108,0.0,0.0
2021-10-12 00:00:00+09:00,6250.0,6400.0,6100.0,6266.66650390625,244100,0.0,0.0
2021-10-13 00:00:00+09:00,6266.66650390625,6616.66650390625,6266.66650390625,6300.0,325868,0.0,0.0
2021-10-14 00:00:00+09:00,6316.66650390625,7183.33349609375,6316.66650390625,7133.33349609375,794939,0.0,0.0
2021-10-15 00:00:00+09:00,7166.66650390625,7216.66650390625,6916.66650390625,7000.0,289724,0.0,0.0
2021-10-18 00:00:00+09:00,6966.66650390625,6966.66650390625,6716.66650390625,6816.66650390625,252734,0.0,0.0
2021-10-19 00:00:00+09:00,6816.66650390625,6900.0,6733.33349609375,6816.66650390625,178943,0.0,0.0
2021-10-20 00:00:00+09:00,6833.33349609375,6916.66650390625,6666.66650390625,6683.33349609375,207812,0.0,0.0
2021-10-21 00:00:00+09:00,6683.33349609375,6750.0,6566.66650390625,6600.0,105119,0.0,0.0
2021-10-22 00:00:00+09:00,6666.66650390625,6700.0,6550.0,6683.33349609375,114740,0.0,0.0
2021-10-25 00:00:00+09:00,6683.33349609375,6683.33349609375,6533.33349609375,6633.33349609375,69977,0.0,0.0
2021-10-26 00:00:00+09:00,6633.33349609375,6866.66650390625,6633.33349609375,6816.66650390625,437642,0.0,0.0
2021-10-27 00:00:00+09:00,6766.66650390625,6850.0,6716.66650390625,6800.0,145181,0.0,0.0
2021-10-28 00:00:00+09:00,6716.66650390625,7183.33349609375,6716.66650390625,7066.66650390625,344765,0.0,0.0
2021-10-29 00:00:00+09:00,7066.66650390625,7133.33349609375,6783.33349609375,6916.66650390625,239381,0.0,0.0
2021-11-01 00:00:00+09:00,6900.0,6900.0,6616.66650390625,6650.0,269399,0.0,0.0
2021-11-02 00:00:00+09:00,6683.33349609375,6850.0,6666.66650390625,6716.66650390625,242735,0.0,0.0
2021-11-03 00:00:00+09:00,6733.33349609375,6816.66650390625,6600.0,6666.66650390625,215669,0.0,0.0
2021-11-04 00:00:00+09:00,6766.66650390625,6800.0,6566.66650390625,6616.66650390625,163202,0.0,0.0
2021-11-05 00:00:00+09:00,6566.66650390625,6750.0,6533.33349609375,6583.33349609375,173138,0.0,0.0
2021-11-08 00:00:00+09:00,6600.0,6633.33349609375,6433.33349609375,6633.33349609375,97328,0.0,0.0
2021-11-09 00:00:00+09:00,6666.66650390625,6683.33349609375,6450.0,6500.0,124442,0.0,0.0
2021-11-10 00:00:00+09:00,6550.0,6633.33349609375,6333.33349609375,6350.0,137918,0.0,0.0
2021-11-11 00:00:00+09:00,6300.0,6466.66650390625,6266.66650390625,6383.33349609375,125843,0.0,0.0
2021-11-12 00:00:00+09:00,6316.66650390625,6600.0,6316.66650390625,6533.33349609375,114806,0.0,0.0
2021-11-15 00:00:00+09:00,6483.33349609375,6850.0,6483.33349609375,6766.66650390625,265076,0.0,0.0
2021-11-16 00:00:00+09:00,6633.33349609375,6666.66650390625,6416.66650390625,6433.33349609375,564617,0.0,0.0
2021-11-17 00:00:00+09:00,6433.33349609375,6500.0,6400.0,6500.0,137690,0.0,0.0
2021-11-18 00:00:00+09:00,6516.66650390625,6600.0,6350.0,6516.66650390625,118679,0.0,0.0
2021-11-19 00:00:00+09:00,6550.0,6783.33349609375,6483.33349609375,6750.0,317648,0.0,0.0
2021-11-22 00:00:00+09:00,6800.0,7466.66650390625,6800.0,7383.33349609375,1109171,0.0,0.0
2021-11-23 00:00:00+09:00,7350.0,7350.0,7083.33349609375,7083.33349609375,322613,0.0,0.0
2021-11-24 00:00:00+09:00,7066.66650390625,7133.33349609375,6783.33349609375,6916.66650390625,391220,0.0,0.0
2021-11-25 00:00:00+09:00,6850.0,6933.33349609375,6716.66650390625,6716.66650390625,190652,0.0,0.0
2021-11-26 00:00:00+09:00,6716.66650390625,6800.0,6516.66650390625,6550.0,224099,0.0,0.0
2021-11-29 00:00:00+09:00,6333.33349609375,6550.0,6333.33349609375,6450.0,171569,0.0,0.0
2021-11-30 00:00:00+09:00,6566.66650390625,6666.66650390625,6183.33349609375,6266.66650390625,260540,0.0,0.0
2021-12-01 00:00:00+09:00,6183.33349609375,6566.66650390625,6100.0,6566.66650390625,206360,0.0,0.0
2021-12-02 00:00:00+09:00,6450.0,6916.66650390625,6416.66650390625,6833.33349609375,340865,0.0,0.0
2021-12-03 00:00:00+09:00,6833.33349609375,6866.66650390625,6666.66650390625,6816.66650390625,158282,0.0,0.0
2021-12-06 00:00:00+09:00,6733.33349609375,6966.66650390625,6683.33349609375,6933.33349609375,239348,0.0,0.0
2021-12-07 00:00:00+09:00,6966.66650390625,7066.66650390625,6816.66650390625,7016.66650390625,347411,0.0,0.0
2021-12-08 00:00:00+09:00,7116.66650390625,7283.33349609375,6883.33349609375,6900.0,335921,0.0,0.0
2021-12-09 00:00:00+09:00,6900.0,7100.0,6900.0,7016.66650390625,147341,0.0,0.0
2021-12-10 00:00:00+09:00,7016.66650390625,7133.33349609375,6916.66650390625,7066.66650390625,160127,0.0,0.0
2021-12-13 00:00:00+09:00,7066.66650390625,7133.33349609375,6950.0,7000.0,195977,0.0,0.0
2021-12-14 00:00:00+09:00,6933.33349609375,7066.66650390625,6900.0,7016.66650390625,114854,0.0,0.0
2021-12-15 00:00:00+09:00,6950.0,7083.33349609375,6916.66650390625,7066.66650390625,115931,0.0,0.0
2021-12-16 00:00:00+09:00,7166.66650390625,7200.0,7050.0,7116.66650390625,158039,0.0,0.0
2021-12-17 00:00:00+09:00,7000.0,7166.66650390625,6966.66650390625,7133.33349609375,156707,0.0,0.0
2021-12-20 00:00:00+09:00,7133.33349609375,7283.33349609375,6983.33349609375,7066.66650390625,160229,0.0,0.0
2021-12-21 00:00:00+09:00,7133.33349609375,7316.66650390625,7033.33349609375,7250.0,281993,0.0,0.0
2021-12-22 00:00:00+09:00,7283.33349609375,7750.0,7250.0,7733.33349609375,780494,0.0,0.0
2021-12-23 00:00:00+09:00,7733.33349609375,7783.33349609375,7533.33349609375,7700.0,292685,0.0,0.0
2021-12-24 00:00:00+09:00,7700.0,7833.33349609375,7566.66650390625,7750.0,337268,0.0,0.0
2021-12-27 00:00:00+09:00,7683.33349609375,7900.0,7583.33349609375,7733.33349609375,300446,0.0,0.0
2021-12-28 00:00:00+09:00,7733.33349609375,7783.33349609375,7566.66650390625,7666.66650390625,446141,0.0,0.0
2021-12-29 00:00:00+09:00,7600.0,7966.66650390625,7433.33349609375,7733.33349609375,567635,0.0,0.0
2021-12-30 00:00:00+09:00,7716.66650390625,7883.33349609375,7666.66650390625,7816.66650390625,161864,0.0,0.0
2022-01-04 00:00:00+09:00,7916.66650390625,8150.0,7833.33349609375,8116.66650390625,490286,0.0,0.0
2022-01-05 00:00:00+09:00,8000.0,8133.33349609375,7733.33349609375,7883.33349609375,496106,0.0,0.0
2022-01-06 00:00:00+09:00,7716.66650390625,8016.66650390625,7666.66650390625,7816.66650390625,317018,0.0,0.0
2022-01-07 00:00:00+09:00,7833.33349609375,8016.66650390625,7800.0,7900.0,199103,0.0,0.0
2022-01-10 00:00:00+09:00,7783.33349609375,8000.0,7650.0,7750.0,204917,0.0,0.0
2022-01-11 00:00:00+09:00,7750.0,7850.0,7600.0,7750.0,166298,0.0,0.0
2022-01-12 00:00:00+09:00,7733.33349609375,7850.0,7650.0,7750.0,220736,0.0,0.0
2022-01-13 00:00:00+09:00,7733.33349609375,7900.0,7733.33349609375,7833.33349609375,143408,0.0,0.0
2022-01-14 00:00:00+09:00,7733.33349609375,7816.66650390625,7633.33349609375,7800.0,123416,0.0,0.0
2022-01-17 00:00:00+09:00,7800.0,8016.66650390625,7783.33349609375,7900.0,235040,0.0,0.0
2022-01-18 00:00:00+09:00,7916.66650390625,8000.0,7666.66650390625,7683.33349609375,235931,0.0,0.0
2022-01-19 00:00:00+09:00,7616.66650390625,7750.0,7316.66650390625,7433.33349609375,300209,0.0,0.0
2022-01-20 00:00:00+09:00,7383.33349609375,7716.66650390625,7333.33349609375,7700.0,244256,0.0,0.0
2022-01-21 00:00:00+09:00,7533.33349609375,7700.0,7416.66650390625,7516.66650390625,186038,0.0,0.0
2022-01-24 00:00:00+09:00,7383.33349609375,7716.66650390625,7333.33349609375,7466.66650390625,186278,0.0,0.0
2022-01-25 00:00:00+09:00,7433.33349609375,7616.66650390625,7216.66650390625,7550.0,494051,0.0,0.0
2022-01-26 00:00:00+09:00,7416.66650390625,7566.66650390625,7316.66650390625,7350.0,222884,0.0,0.0
2022-01-27 00:00:00+09:00,7366.66650390625,7416.66650390625,7000.0,7216.66650390625,304118,0.0,0.0
2022-01-28 00:00:00+09:00,7166.66650390625,7716.66650390625,7066.66650390625,7650.0,217076,0.0,0.0
2022-02-03 00:00:00+09:00,7666.66650390625,7850.0,7566.66650390625,7783.33349609375,176213,0.0,0.0
2022-02-04 00:00:00+09:00,7700.0,7933.33349609375,7700.0,7933.33349609375,178436,0.0,0.0
2022-02-07 00:00:00+09:00,7933.33349609375,7983.33349609375,7783.33349609375,7966.66650390625,124007,0.0,0.0
2022-02-08 00:00:00+09:00,7983.33349609375,8083.33349609375,7700.0,7700.0,156584,0.0,0.0
2022-02-09 00:00:00+09:00,7850.0,7883.33349609375,7666.66650390625,7716.66650390625,103025,0.0,0.0
2022-02-10 00:00:00+09:00,7750.0,7816.66650390625,7633.33349609375,7766.66650390625,56312,0.0,0.0
2022-02-11 00:00:00+09:00,7700.0,7850.0,7533.33349609375,7566.66650390625,109514,0.0,0.0
2022-02-14 00:00:00+09:00,7366.66650390625,7950.0,7366.66650390625,7900.0,542516,0.0,0.0
2022-02-15 00:00:00+09:00,7783.33349609375,7983.33349609375,7716.66650390625,7933.33349609375,240596,0.0,0.0
2022-02-16 00:00:00+09:00,7966.66650390625,8150.0,7883.33349609375,8083.33349609375,331088,0.0,0.0
2022-02-17 00:00:00+09:00,8050.0,8600.0,7850.0,8550.0,1116497,0.0,0.0
2022-02-18 00:00:00+09:00,8383.3330078125,8766.6669921875,8383.3330078125,8750.0,473201,0.0,0.0
2022-02-21 00:00:00+09:00,8616.6669921875,8766.6669921875,8483.3330078125,8716.6669921875,193190,0.0,0.0
2022-02-22 00:00:00+09:00,8516.6669921875,8683.3330078125,8333.3330078125,8516.6669921875,270677,0.0,0.0
2022-02-23 00:00:00+09:00,8500.0,8550.0,8200.0,8450.0,395891,0.0,0.0
2022-02-24 00:00:00+09:00,8300.0,8400.0,8000.0,8216.6669921875,384353,0.0,0.0
2022-02-25 00:00:00+09:00,8283.3330078125,8433.3330078125,8166.66650390625,8383.3330078125,239621,0.0,0.0
2022-02-28 00:00:00+09:00,8283.3330078125,8566.6669921875,8050.0,8566.6669921875,244037,0.0,0.0
2022-03-02 00:00:00+09:00,8566.6669921875,8600.0,8350.0,8366.6669921875,196967,0.0,0.0
2022-03-03 00:00:00+09:00,8383.3330078125,8766.6669921875,8383.3330078125,8733.3330078125,330482,0.0,0.0
2022-03-04 00:00:00+09:00,8633.3330078125,9283.3330078125,8616.6669921875,9266.6669921875,1063064,0.0,0.0
2022-03-07 00:00:00+09:00,9250.0,9383.3330078125,8550.0,8716.6669921875,1528685,0.0,0.0
2022-03-08 00:00:00+09:00,8500.0,9150.0,8466.6669921875,8733.3330078125,903449,0.0,0.0
2022-03-10 00:00:00+09:00,8916.6669921875,9500.0,8916.6669921875,9183.3330078125,1201646,0.0,0.0
2022-03-11 00:00:00+09:00,9100.0,9200.0,8866.6669921875,9016.6669921875,383174,0.0,0.0
2022-03-14 00:00:00+09:00,9016.6669921875,9016.6669921875,8566.6669921875,8833.3330078125,397901,0.0,0.0
2022-03-15 00:00:00+09:00,8716.6669921875,9116.6669921875,8666.6669921875,9066.6669921875,284069,0.0,0.0
2022-03-16 00:00:00+09:00,9100.0,9333.3330078125,9066.6669921875,9283.3330078125,287330,0.0,0.0
2022-03-17 00:00:00+09:00,9433.3330078125,9550.0,9133.3330078125,9300.0,362858,0.0,0.0
2022-03-18 00:00:00+09:00,9300.0,9750.0,9233.3330078125,9650.0,662270,0.0,0.0
2022-03-21 00:00:00+09:00,9666.6669921875,10116.6669921875,9566.6669921875,9900.0,957122,0.0,0.0
2022-03-22 00:00:00+09:00,9933.3330078125,10333.3330078125,9833.3330078125,10216.6669921875,646085,0.0,0.0
2022-03-23 00:00:00+09:00,10233.3330078125,10366.6669921875,9916.6669921875,10200.0,415532,0.0,0.0
2022-03-24 00:00:00+09:00,10100.0,10400.0,9983.3330078125,10366.6669921875,485474,0.0,0.0
2022-03-25 00:00:00+09:00,10433.3330078125,10733.3330078125,10366.6669921875,10566.6669921875,536294,0.0,0.0
2022-03-28 00:00:00+09:00,10616.6669921875,10666.6669921875,10366.6669921875,10550.0,187697,0.0,0.0
2022-03-29 00:00:00+09:00,10483.3330078125,10550.0,10100.0,10283.3330078125,366569,0.0,0.0
2022-03-30 00:00:00+09:00,10366.6669921875,10400.0,10016.6669921875,10133.3330078125,261197,0.0,0.0
2022-03-31 00:00:00+09:00,10066.6669921875,10300.0,9850.0,10166.6669921875,324968,0.0,0.0
2022-04-01 00:00:00+09:00,10166.6669921875,10433.3330078125,9966.6669921875,10316.6669921875,362651,0.0,0.0
2022-04-04 00:00:00+09:00,10300.0,10300.0,10016.6669921875,10200.0,246035,0.0,0.0
2022-04-05 00:00:00+09:00,10200.0,10550.0,10200.0,10483.3330078125,390815,0.0,0.0
2022-04-06 00:00:00+09:00,10450.0,10450.0,10150.0,10400.0,252731,0.0,0.0
2022-04-07 00:00:00+09:00,10216.6669921875,10533.3330078125,10133.3330078125,10350.0,137249,0.0,0.0
2022-04-08 00:00:00+09:00,10366.6669921875,10433.3330078125,10233.3330078125,10400.0,155561,0.0,0.0
2022-04-11 00:00:00+09:00,10450.0,10633.3330078125,10233.3330078125,10433.3330078125,237254,0.0,0.0
2022-04-12 00:00:00+09:00,10416.6669921875,10416.6669921875,9933.3330078125,10283.3330078125,297047,0.0,0.0
2022-04-13 00:00:00+09:00,10283.3330078125,10316.6669921875,10083.3330078125,10300.0,128717,0.0,0.0
2022-04-14 00:00:00+09:00,10433.3330078125,10583.3330078125,10250.0,10333.3330078125,191279,0.0,0.0
2022-04-15 00:00:00+09:00,10250.0,10350.0,10083.3330078125,10266.6669921875,216698,0.0,0.0
2022-04-18 00:00:00+09:00,10150.0,10283.3330078125,9950.0,9983.3330078125,239204,0.0,0.0
2022-04-19 00:00:00+09:00,9966.6669921875,10316.6669921875,9933.3330078125,10233.3330078125,248207,0.0,0.0
2022-04-20 00:00:00+09:00,10216.6669921875,10216.6669921875,9916.6669921875,10100.0,188312,0.0,0.0
2022-04-21 00:00:00+09:00,10000.0,10500.0,9983.3330078125,10383.3330078125,286367,0.0,0.0
2022-04-22 00:00:00+09:00,10250.0,10400.0,10083.3330078125,10200.0,172091,0.0,0.0
2022-04-25 00:00:00+09:00,9916.6669921875,10183.3330078125,9700.0,9933.3330078125,275462,0.0,0.0
2022-04-26 00:00:00+09:00,10000.0,10333.3330078125,9866.6669921875,10000.0,141746,0.0,0.0
2022-04-27 00:00:00+09:00,9750.0,9900.0,9616.6669921875,9666.6669921875,191174,0.0,0.0
2022-04-28 00:00:00+09:00,9733.3330078125,9766.6669921875,9200.0,9416.6669921875,345620,0.0,0.0
2022-04-29 00:00:00+09:00,9433.3330078125,9433.3330078125,9033.3330078125,9300.0,222293,0.0,0.0
2022-05-02 00:00:00+09:00,9150.0,9583.3330078125,9100.0,9483.3330078125,184427,0.0,0.0
2022-05-03 00:00:00+09:00,9600.0,9600.0,9416.6669921875,9500.0,136949,0.0,0.0
2022-05-04 00:00:00+09:00,9550.0,9583.3330078125,9316.6669921875,9383.3330078125,92189,0.0,0.0
2022-05-06 00:00:00+09:00,9166.6669921875,9316.6669921875,9000.0,9083.3330078125,122162,0.0,0.0
2022-05-10 00:00:00+09:00,8683.3330078125,8866.6669921875,8283.3330078125,8616.6669921875,230567,0.0,0.0
2022-05-11 00:00:00+09:00,8666.6669921875,8850.0,8350.0,8566.6669921875,251600,0.0,0.0
2022-05-12 00:00:00+09:00,8466.6669921875,8616.6669921875,8233.3330078125,8366.6669921875,181604,0.0,0.0
2022-05-13 00:00:00+09:00,8366.6669921875,8733.3330078125,8366.6669921875,8666.6669921875,152459,0.0,0.0
2022-05-16 00:00:00+09:00,8783.3330078125,8783.3330078125,8433.3330078125,8500.0,172325,0.0,0.0
2022-05-17 00:00:00+09:00,8316.6669921875,8983.3330078125,8316.6669921875,8783.3330078125,308732,0.0,0.0
2022-05-18 00:00:00+09:00,8966.6669921875,9016.6669921875,8633.3330078125,8700.0,155438,0.0,0.0
2022-05-19 00:00:00+09:00,8600.0,8650.0,8416.6669921875,8566.6669921875,165413,0.0,0.0
2022-05-20 00:00:00+09:00,8683.3330078125,8683.3330078125,8416.6669921875,8550.0,138500,0.0,0.0
2022-05-23 00:00:00+09:00,8566.6669921875,8666.6669921875,8383.3330078125,8483.3330078125,108266,0.0,0.0
2022-05-24 00:00:00+09:00,8500.0,8833.3330078125,8150.0,8233.3330078125,279320,0.0,0.0
2022-05-25 00:00:00+09:00,8233.3330078125,8333.3330078125,8066.66650390625,8333.3330078125,127742,0.0,0.0
2022-05-26 00:00:00+09:00,8333.3330078125,8483.3330078125,8083.33349609375,8150.0,180161,0.0,0.0
2022-05-27 00:00:00+09:00,8266.6669921875,8350.0,8083.33349609375,8333.3330078125,156368,0.0,0.0
2022-05-30 00:00:00+09:00,8350.0,8733.3330078125,8333.3330078125,8733.3330078125,181916,0.0,0.0
2022-05-31 00:00:00+09:00,8766.6669921875,8850.0,8583.3330078125,8800.0,127625,0.0,0.0
2022-06-02 00:00:00+09:00,8800.0,9300.0,8683.3330078125,9200.0,251378,0.0,0.0
2022-06-03 00:00:00+09:00,9216.6669921875,9216.6669921875,8983.3330078125,9100.0,246455,0.0,0.0
2022-06-07 00:00:00+09:00,9066.6669921875,9133.3330078125,8866.6669921875,9033.3330078125,114875,0.0,0.0
2022-06-08 00:00:00+09:00,9033.3330078125,9050.0,8750.0,8833.3330078125,118586,0.0,0.0
2022-06-09 00:00:00+09:00,8850.0,8983.3330078125,8666.6669921875,8816.6669921875,84578,0.0,0.0
2022-06-10 00:00:00+09:00,8700.0,8766.6669921875,8433.3330078125,8566.6669921875,138263,0.0,0.0
2022-06-13 00:00:00+09:00,8383.3330078125,8466.6669921875,8050.0,8300.0,238217,0.0,0.0
2022-06-14 00:00:00+09:00,8133.33349609375,8483.3330078125,7983.33349609375,8400.0,562259,0.0,0.0
2022-06-15 00:00:00+09:00,8383.3330078125,8416.6669921875,7900.0,8233.3330078125,220550,0.0,0.0
2022-06-16 00:00:00+09:00,8250.0,8433.3330078125,7833.33349609375,7900.0,299780,0.0,0.0
2022-06-17 00:00:00+09:00,7566.66650390625,7866.66650390625,7316.66650390625,7783.33349609375,820955,0.0,0.0
2022-06-20 00:00:00+09:00,8066.66650390625,8116.66650390625,7500.0,7633.33349609375,418043,0.0,0.0
2022-06-21 00:00:00+09:00,7816.66650390625,7816.66650390625,7316.66650390625,7550.0,192953,0.0,0.0
2022-06-22 00:00:00+09:00,7550.0,7583.33349609375,6716.66650390625,6716.66650390625,524348,0.0,0.0
2022-06-23 00:00:00+09:00,6733.33349609375,6816.66650390625,6383.33349609375,6566.66650390625,333746,0.0,0.0
2022-06-24 00:00:00+09:00,6566.66650390625,7466.66650390625,6550.0,7233.33349609375,402251,0.0,0.0
2022-06-27 00:00:00+09:00,7333.33349609375,7450.0,7016.66650390625,7316.66650390625,252656,0.0,0.0
2022-06-28 00:00:00+09:00,7216.66650390625,7466.66650390625,7083.33349609375,7400.0,107054,0.0,0.0
2022-06-29 00:00:00+09:00,7233.33349609375,7350.0,7100.0,7283.33349609375,113231,0.0,0.0
2022-06-30 00:00:00+09:00,7166.66650390625,7183.33349609375,6916.66650390625,7050.0,136670,0.0,0.0
2022-07-01 00:00:00+09:00,7066.66650390625,7133.33349609375,6633.33349609375,6750.0,135854,0.0,0.0
2022-07-04 00:00:00+09:00,6683.33349609375,6766.66650390625,6366.66650390625,6633.33349609375,225212,0.0,0.0
2022-07-05 00:00:00+09:00,6666.66650390625,7166.66650390625,6650.0,7016.66650390625,138710,0.0,0.0
2022-07-06 00:00:00+09:00,7016.66650390625,7250.0,6733.33349609375,7116.66650390625,226745,0.0,0.0
2022-07-07 00:00:00+09:00,7133.33349609375,7633.33349609375,7133.33349609375,7433.33349609375,193952,0.0,0.0
2022-07-08 00:00:00+09:00,7450.0,7766.66650390625,7450.0,7633.33349609375,141077,0.0,0.0
2022-07-11 00:00:00+09:00,7583.33349609375,7950.0,7450.0,7783.33349609375,548270,0.0,0.0
2022-07-12 00:00:00+09:00,7683.33349609375,7800.0,7250.0,7300.0,459272,0.0,0.0
2022-07-13 00:00:00+09:00,7233.33349609375,7500.0,7133.33349609375,7416.66650390625,64787,0.0,0.0
2022-07-14 00:00:00+09:00,7416.66650390625,7500.0,7183.33349609375,7233.33349609375,87362,0.0,0.0
2022-07-15 00:00:00+09:00,7333.33349609375,7383.33349609375,7100.0,7250.0,1033205,0.0,0.0
2022-07-18 00:00:00+09:00,7283.33349609375,7783.33349609375,7283.33349609375,7700.0,330821,0.0,0.0
2022-07-19 00:00:00+09:00,7666.66650390625,7666.66650390625,7466.66650390625,7583.33349609375,93995,0.0,0.0
2022-07-20 00:00:00+09:00,7766.66650390625,8033.33349609375,7583.33349609375,7900.0,492788,0.0,0.0
2022-07-21 00:00:00+09:00,7850.0,8000.0,7733.33349609375,7900.0,138044,0.0,0.0
2022-07-22 00:00:00+09:00,8000.0,8200.0,7766.66650390625,7983.33349609375,590945,0.0,0.0
2022-07-25 00:00:00+09:00,7900.0,8033.33349609375,7783.33349609375,7983.33349609375,96056,0.0,0.0
2022-07-26 00:00:00+09:00,7916.66650390625,7966.66650390625,7700.0,7900.0,176459,0.0,0.0
2022-07-27 00:00:00+09:00,7800.0,8016.66650390625,7750.0,7783.33349609375,139922,0.0,0.0
2022-07-28 00:00:00+09:00,7866.66650390625,8316.6669921875,7666.66650390625,8250.0,644738,0.0,0.0
2022-07-29 00:00:00+09:00,8316.6669921875,8783.3330078125,8316.6669921875,8633.3330078125,446144,0.0,0.0
2022-08-01 00:00:00+09:00,8883.3330078125,8916.6669921875,8150.0,8366.6669921875,529889,0.0,0.0
2022-08-02 00:00:00+09:00,8316.6669921875,8550.0,7966.66650390625,8483.3330078125,395363,0.0,0.0
2022-08-03 00:00:00+09:00,8483.3330078125,8483.3330078125,8016.66650390625,8366.6669921875,398723,0.0,0.0
2022-08-04 00:00:00+09:00,8333.3330078125,8600.0,8250.0,8550.0,193004,0.0,0.0
2022-08-05 00:00:00+09:00,8566.6669921875,8566.6669921875,7966.66650390625,8166.66650390625,511259,0.0,0.0
2022-08-08 00:00:00+09:00,8133.33349609375,8133.33349609375,7433.33349609375,7583.33349609375,804149,0.0,0.0
2022-08-09 00:00:00+09:00,7516.66650390625,7566.66650390625,7266.66650390625,7400.0,491135,0.0,0.0
2022-08-10 00:00:00+09:00,7266.66650390625,7433.33349609375,7116.66650390625,7433.33349609375,304544,0.0,0.0
2022-08-11 00:00:00+09:00,7533.33349609375,7866.66650390625,7500.0,7850.0,387719,0.0,0.0
2022-08-12 00:00:00+09:00,7783.33349609375,8183.33349609375,7783.33349609375,8150.0,250358,0.0,0.0
2022-08-16 00:00:00+09:00,8166.66650390625,8400.0,7716.66650390625,8183.33349609375,621011,0.0,0.0
2022-08-17 00:00:00+09:00,8150.0,8300.0,7833.33349609375,8233.3330078125,940175,0.0,0.0
2022-08-18 00:00:00+09:00,8166.66650390625,8983.3330078125,8016.66650390625,8866.6669921875,1892027,0.0,0.0
2022-08-19 00:00:00+09:00,8916.6669921875,9366.6669921875,8866.6669921875,9000.0,1004438,0.0,0.0
2022-08-22 00:00:00+09:00,8883.3330078125,9150.0,8783.3330078125,8783.3330078125,277688,0.0,0.0
2022-08-23 00:00:00+09:00,8783.3330078125,8883.3330078125,8350.0,8616.6669921875,408581,0.0,0.0
2022-08-24 00:00:00+09:00,8616.6669921875,9216.6669921875,8616.6669921875,9200.0,539000,0.0,0.0
2022-08-25 00:00:00+09:00,9466.6669921875,9466.6669921875,8900.0,9250.0,650423,0.0,0.0
2022-08-26 00:00:00+09:00,9300.0,9483.3330078125,8950.0,9166.6669921875,337304,0.0,0.0
2022-08-29 00:00:00+09:00,8750.0,8983.3330078125,8716.6669921875,8816.6669921875,213323,0.0,0.0
2022-08-30 00:00:00+09:00,8816.6669921875,8966.6669921875,8716.6669921875,8933.3330078125,174308,0.0,0.0
2022-08-31 00:00:00+09:00,8833.3330078125,9200.0,8733.3330078125,9183.3330078125,255944,0.0,0.0
2022-09-01 00:00:00+09:00,9033.3330078125,9100.0,8700.0,8833.3330078125,135179,0.0,0.0
2022-09-02 00:00:00+09:00,8833.3330078125,8866.6669921875,8500.0,8750.0,254774,0.0,0.0
2022-09-05 00:00:00+09:00,8700.0,8733.3330078125,8216.6669921875,8500.0,307268,0.0,0.0
2022-09-06 00:00:00+09:00,8483.3330078125,8583.3330078125,8250.0,8400.0,125678,0.0,0.0
2022-09-07 00:00:00+09:00,8383.3330078125,8616.6669921875,8116.66650390625,8500.0,373124,0.0,0.0
2022-09-08 00:00:00+09:00,8533.3330078125,8566.6669921875,8316.6669921875,8466.6669921875,161288,0.0,0.0
2022-09-13 00:00:00+09:00,8616.6669921875,9050.0,8466.6669921875,9033.3330078125,380096,0.0,0.0
2022-09-14 00:00:00+09:00,8666.6669921875,8733.3330078125,8483.3330078125,8633.3330078125,282659,0.0,0.0
2022-09-15 00:00:00+09:00,8666.6669921875,8800.0,8533.3330078125,8616.6669921875,131108,0.0,0.0
2022-09-16 00:00:00+09:00,8583.3330078125,8583.3330078125,8233.3330078125,8500.0,251531,0.0,0.0
2022-09-19 00:00:00+09:00,8483.3330078125,8566.6669921875,8233.3330078125,8366.6669921875,260330,0.0,0.0
2022-09-20 00:00:00+09:00,8383.3330078125,8766.6669921875,8316.6669921875,8366.6669921875,290816,0.0,0.0
2022-09-21 00:00:00+09:00,8300.0,8350.0,7966.66650390625,8183.33349609375,221882,0.0,0.0
2022-09-22 00:00:00+09:00,8100.0,8216.6669921875,7800.0,8200.0,180443,0.0,0.0
2022-09-23 00:00:00+09:00,8100.0,8166.66650390625,7733.33349609375,7900.0,198383,0.0,0.0
2022-09-26 00:00:00+09:00,7666.66650390625,7716.66650390625,7166.66650390625,7266.66650390625,968513,0.0,0.0
2022-09-27 00:00:00+09:00,7266.66650390625,7283.33349609375,6866.66650390625,7200.0,872714,0.0,0.0
2022-09-28 00:00:00+09:00,7200.0,7616.66650390625,7050.0,7466.66650390625,736580,0.0,0.0
2022-09-29 00:00:00+09:00,7633.33349609375,8133.33349609375,7633.33349609375,7733.33349609375,476576,0.0,0.0
2022-09-30 00:00:00+09:00,7600.0,7950.0,7600.0,7816.66650390625,172163,0.0,0.0
2022-10-04 00:00:00+09:00,7900.0,8216.6669921875,7883.33349609375,8166.66650390625,441986,0.0,0.0
2022-10-05 00:00:00+09:00,8316.6669921875,8383.3330078125,8133.33349609375,8233.3330078125,143033,0.0,0.0
2022-10-06 00:00:00+09:00,8300.0,9050.0,8233.3330078125,8966.6669921875,598823,0.0,0.0
2022-10-07 00:00:00+09:00,8966.6669921875,9116.6669921875,8683.3330078125,8766.6669921875,237587,0.0,0.0
2022-10-11 00:00:00+09:00,8466.6669921875,8583.3330078125,8100.0,8300.0,266372,0.0,0.0
2022-10-12 00:00:00+09:00,8216.6669921875,8500.0,8033.33349609375,8433.3330078125,237170,0.0,0.0
2022-10-13 00:00:00+09:00,8266.6669921875,8350.0,7800.0,8083.33349609375,507383,0.0,0.0
2022-10-14 00:00:00+09:00,8250.0,8333.3330078125,8016.66650390625,8100.0,188261,0.0,0.0
2022-10-17 00:00:00+09:00,7916.66650390625,8150.0,7850.0,8150.0,354413,0.0,0.0
2022-10-18 00:00:00+09:00,8333.3330078125,8366.6669921875,8000.0,8133.33349609375,126710,0.0,0.0
2022-10-19 00:00:00+09:00,8133.33349609375,8200.0,7800.0,7833.33349609375,181625,0.0,0.0
2022-10-20 00:00:00+09:00,7833.33349609375,7900.0,7633.33349609375,7766.66650390625,72917,0.0,0.0
2022-10-21 00:00:00+09:00,7750.0,7766.66650390625,7533.33349609375,7683.33349609375,73607,0.0,0.0
2022-10-24 00:00:00+09:00,7816.66650390625,7966.66650390625,7750.0,7800.0,56075,0.0,0.0
2022-10-25 00:00:00+09:00,7766.66650390625,8016.66650390625,7700.0,7766.66650390625,136601,0.0,0.0
2022-10-26 00:00:00+09:00,7766.66650390625,7816.66650390625,7566.66650390625,7666.66650390625,108230,0.0,0.0
2022-10-27 00:00:00+09:00,7650.0,7683.33349609375,7483.33349609375,7533.33349609375,146693,0.0,0.0
2022-10-28 00:00:00+09:00,7450.0,7500.0,7266.66650390625,7316.66650390625,115370,0.0,0.0
2022-10-31 00:00:00+09:00,7350.0,7916.66650390625,7350.0,7816.66650390625,248318,0.0,0.0
2022-11-01 00:00:00+09:00,7816.66650390625,8500.0,7783.33349609375,8500.0,544778,0.0,0.0
2022-11-02 00:00:00+09:00,8500.0,8500.0,8250.0,8366.6669921875,123170,0.0,0.0
2022-11-03 00:00:00+09:00,8116.66650390625,8750.0,8116.66650390625,8666.6669921875,297824,0.0,0.0
2022-11-04 00:00:00+09:00,8700.0,9300.0,8433.3330078125,9266.6669921875,568694,0.0,0.0
2022-11-07 00:00:00+09:00,9233.3330078125,9616.6669921875,9233.3330078125,9600.0,834068,0.0,0.0
2022-11-08 00:00:00+09:00,9600.0,9733.3330078125,9350.0,9533.3330078125,200168,0.0,0.0
2022-11-09 00:00:00+09:00,9466.6669921875,9916.6669921875,9466.6669921875,9800.0,340331,0.0,0.0
2022-11-10 00:00:00+09:00,9750.0,9750.0,9533.3330078125,9600.0,137132,0.0,0.0
2022-11-11 00:00:00+09:00,9850.0,9983.3330078125,9650.0,9750.0,543020,0.0,0.0
2022-11-14 00:00:00+09:00,9666.6669921875,9800.0,9566.6669921875,9750.0,114641,0.0,0.0
2022-11-15 00:00:00+09:00,9900.0,9966.6669921875,9433.3330078125,9950.0,588605,0.0,0.0
2022-11-16 00:00:00+09:00,9950.0,10283.3330078125,9750.0,10200.0,341708,0.0,0.0
2022-11-17 00:00:00+09:00,10200.0,10450.0,9900.0,10333.3330078125,329114,0.0,0.0
2022-11-18 00:00:00+09:00,10333.3330078125,10766.6669921875,10166.6669921875,10716.6669921875,574574,0.0,0.0
2022-11-21 00:00:00+09:00,10783.3330078125,10783.3330078125,10433.3330078125,10616.6669921875,249353,0.0,0.0
2022-11-22 00:00:00+09:00,10400.0,10650.0,10216.6669921875,10566.6669921875,283811,0.0,0.0
2022-11-23 00:00:00+09:00,10650.0,11016.6669921875,10533.3330078125,10966.6669921875,467600,0.0,0.0
2022-11-24 00:00:00+09:00,11000.0,11083.3330078125,10683.3330078125,10916.6669921875,354239,0.0,0.0
2022-11-25 00:00:00+09:00,10983.3330078125,10983.3330078125,10683.3330078125,10783.3330078125,156767,0.0,0.0
2022-11-28 00:00:00+09:00,10766.6669921875,10766.6669921875,10333.3330078125,10366.6669921875,345230,0.0,0.0
2022-11-29 00:00:00+09:00,10233.3330078125,10566.6669921875,10183.3330078125,10500.0,288569,0.0,0.0
2022-11-30 00:00:00+09:00,10500.0,10500.0,10116.6669921875,10250.0,213371,0.0,0.0
2022-12-01 00:00:00+09:00,10333.3330078125,10450.0,10150.0,10250.0,192503,0.0,0.0
2022-12-02 00:00:00+09:00,10250.0,10283.3330078125,10000.0,10150.0,139061,0.0,0.0
2022-12-05 00:00:00+09:00,10150.0,10150.0,9733.3330078125,9833.3330078125,182477,0.0,0.0
2022-12-06 00:00:00+09:00,9700.0,10033.3330078125,9633.3330078125,9833.3330078125,170789,0.0,0.0
2022-12-07 00:00:00+09:00,9666.6669921875,9883.3330078125,9566.6669921875,9800.0,122021,0.0,0.0
2022-12-08 00:00:00+09:00,9816.6669921875,9866.6669921875,9633.3330078125,9716.6669921875,46637,0.0,0.0
2022-12-09 00:00:00+09:00,9766.6669921875,9833.3330078125,9516.6669921875,9666.6669921875,98663,0.0,0.0
2022-12-12 00:00:00+09:00,9500.0,9700.0,9283.3330078125,9650.0,160505,0.0,0.0
2022-12-13 00:00:00+09:00,9666.6669921875,9700.0,9533.3330078125,9633.3330078125,57713,0.0,0.0
2022-12-14 00:00:00+09:00,9600.0,10000.0,9583.3330078125,9866.6669921875,165116,0.0,0.0
2022-12-15 00:00:00+09:00,9916.6669921875,9983.3330078125,9650.0,9716.6669921875,105299,0.0,0.0
2022-12-16 00:00:00+09:00,9550.0,9650.0,9400.0,9583.3330078125,63278,0.0,0.0
2022-12-19 00:00:00+09:00,9550.0,9566.6669921875,9350.0,9533.3330078125,42254,0.0,0.0
2022-12-20 00:00:00+09:00,9566.6669921875,9566.6669921875,9100.0,9166.6669921875,187655,0.0,0.0
2022-12-21 00:00:00+09:00,9183.3330078125,9200.0,8666.6669921875,8966.6669921875,160241,0.0,0.0
2022-12-22 00:00:00+09:00,9100.0,9100.0,8816.6669921875,8900.0,118172,0.0,0.0
2022-12-23 00:00:00+09:00,8666.6669921875,8683.3330078125,8383.3330078125,8583.3330078125,1083653,0.0,0.0
2022-12-26 00:00:00+09:00,8733.3330078125,8950.0,8633.3330078125,8783.3330078125,239015,0.0,0.0
2022-12-27 00:00:00+09:00,8816.6669921875,9016.6669921875,8650.0,9000.0,448415,0.0,0.0
2022-12-28 00:00:00+09:00,8983.3330078125,8983.3330078125,8733.3330078125,8783.3330078125,167462,0.0,0.0
2022-12-29 00:00:00+09:00,8766.6669921875,8766.6669921875,8383.3330078125,8583.3330078125,144881,0.0,0.0
2023-01-02 00:00:00+09:00,8583.3330078125,8616.6669921875,8150.0,8283.3330078125,343301,0.0,0.0
2023-01-03 00:00:00+09:00,8233.3330078125,8266.6669921875,7450.0,8000.0,3460229,0.0,0.0
2023-01-04 00:00:00+09:00,8083.33349609375,8600.0,7866.66650390625,8333.3330078125,1558268,0.0,0.0
2023-01-05 00:00:00+09:00,8233.3330078125,8250.0,7566.66650390625,7850.0,1737998,0.0,0.0
2023-01-06 00:00:00+09:00,7766.66650390625,8350.0,7733.33349609375,8316.6669921875,620099,0.0,0.0
2023-01-09 00:00:00+09:00,8500.0,8800.0,8383.3330078125,8616.6669921875,897761,0.0,0.0
2023-01-10 00:00:00+09:00,8516.6669921875,8833.3330078125,8433.3330078125,8650.0,370775,0.0,0.0
2023-01-11 00:00:00+09:00,8833.3330078125,8900.0,8583.3330078125,8616.6669921875,262253,0.0,0.0
2023-01-12 00:00:00+09:00,8666.6669921875,8716.6669921875,8416.6669921875,8516.6669921875,225635,0.0,0.0
2023-01-13 00:00:00+09:00,8566.6669921875,8950.0,8516.6669921875,8850.0,431165,0.0,0.0
2023-01-16 00:00:00+09:00,9000.0,9000.0,8733.3330078125,8800.0,275846,0.0,0.0
2023-01-17 00:00:00+09:00,8800.0,8866.6669921875,8550.0,8550.0,273554,0.0,0.0
2023-01-18 00:00:00+09:00,8616.6669921875,8783.3330078125,8383.3330078125,8683.3330078125,383756,0.0,0.0
2023-01-19 00:00:00+09:00,8733.3330078125,8883.3330078125,8600.0,8850.0,357647,0.0,0.0
2023-01-20 00:00:00+09:00,8883.3330078125,8966.6669921875,8800.0,8933.3330078125,314342,0.0,0.0
2023-01-25 00:00:00+09:00,9083.3330078125,9466.6669921875,9066.6669921875,9450.0,1935161,0.0,0.0
2023-01-26 00:00:00+09:00,9533.3330078125,9533.3330078125,8950.0,9300.0,679079,0.0,0.0
2023-01-27 00:00:00+09:00,9433.3330078125,9433.3330078125,9133.3330078125,9183.3330078125,253115,0.0,0.0
2023-01-30 00:00:00+09:00,9266.6669921875,9266.6669921875,8883.3330078125,8983.3330078125,313871,0.0,0.0
2023-01-31 00:00:00+09:00,9066.6669921875,9300.0,8900.0,9233.3330078125,409088,0.0,0.0
2023-02-01 00:00:00+09:00,9400.0,9516.6669921875,9200.0,9433.3330078125,350450,0.0,0.0
2023-02-02 00:00:00+09:00,9616.6669921875,9616.6669921875,9366.6669921875,9450.0,235241,0.0,0.0
2023-02-03 00:00:00+09:00,9450.0,9450.0,9216.6669921875,9383.3330078125,173834,0.0,0.0
2023-02-06 00:00:00+09:00,9333.3330078125,9350.0,9100.0,9266.6669921875,162821,0.0,0.0
2023-02-07 00:00:00+09:00,9266.6669921875,9700.0,9200.0,9533.3330078125,376979,0.0,0.0
2023-02-08 00:00:00+09:00,9566.6669921875,9883.3330078125,9550.0,9750.0,365162,0.0,0.0
2023-02-09 00:00:00+09:00,9750.0,9816.6669921875,9433.3330078125,9633.3330078125,213539,0.0,0.0
2023-02-10 00:00:00+09:00,9600.0,9633.3330078125,9350.0,9583.3330078125,175916,0.0,0.0
2023-02-13 00:00:00+09:00,9583.3330078125,9583.3330078125,9266.6669921875,9416.6669921875,163625,0.0,0.0
2023-02-14 00:00:00+09:00,9816.6669921875,10166.6669921875,9700.0,10100.0,1374482,0.0,0.0
2023-02-15 00:00:00+09:00,10200.0,10383.3330078125,9766.6669921875,9866.6669921875,794507,0.0,0.0
2023-02-16 00:00:00+09:00,10066.6669921875,10183.3330078125,9950.0,10033.3330078125,635861,0.0,0.0
2023-02-17 00:00:00+09:00,9833.3330078125,10266.6669921875,9816.6669921875,10033.3330078125,601775,0.0,0.0
2023-02-20 00:00:00+09:00,10033.3330078125,10066.6669921875,9766.6669921875,10000.0,265964,0.0,0.0
2023-02-21 00:00:00+09:00,10000.0,10050.0,9516.6669921875,9516.6669921875,495338,0.0,0.0
2023-02-22 00:00:00+09:00,9383.3330078125,9783.3330078125,9316.6669921875,9516.6669921875,401975,0.0,0.0
2023-02-23 00:00:00+09:00,9516.6669921875,9683.3330078125,9400.0,9550.0,244616,0.0,0.0
2023-02-24 00:00:00+09:00,9633.3330078125,9750.0,9366.6669921875,9416.6669921875,206720,0.0,0.0
2023-02-27 00:00:00+09:00,9466.6669921875,9833.3330078125,9433.3330078125,9700.0,594581,0.0,0.0
2023-02-28 00:00:00+09:00,9833.3330078125,9916.6669921875,9583.3330078125,9733.3330078125,293930,0.0,0.0
2023-03-02 00:00:00+09:00,9733.3330078125,9816.6669921875,9500.0,9550.0,206270,0.0,0.0
2023-03-03 00:00:00+09:00,9583.3330078125,9783.3330078125,9416.6669921875,9733.3330078125,377588,0.0,0.0
2023-03-06 00:00:00+09:00,9866.6669921875,10100.0,9550.0,9933.3330078125,657623,0.0,0.0
2023-03-07 00:00:00+09:00,9933.3330078125,9933.3330078125,9550.0,9683.3330078125,470417,0.0,0.0
2023-03-08 00:00:00+09:00,9516.6669921875,9733.3330078125,9466.6669921875,9483.3330078125,208145,0.0,0.0
2023-03-09 00:00:00+09:00,9616.6669921875,9916.6669921875,9333.3330078125,9500.0,512357,0.0,0.0
2023-03-10 00:00:00+09:00,9316.6669921875,9433.3330078125,8800.0,9050.0,577382,0.0,0.0
2023-03-13 00:00:00+09:00,8933.3330078125,8933.3330078125,8533.3330078125,8800.0,359450,0.0,0.0
2023-03-14 00:00:00+09:00,8750.0,8750.0,8100.0,8233.3330078125,409415,0.0,0.0
2023-03-15 00:00:00+09:00,8400.0,8533.3330078125,8233.3330078125,8483.3330078125,1934678,0.0,0.0
2023-03-16 00:00:00+09:00,8433.3330078125,8666.6669921875,8200.0,8583.3330078125,314780,0.0,0.0
2023-03-17 00:00:00+09:00,9116.6669921875,9516.6669921875,8983.3330078125,9366.6669921875,1531868,0.0,0.0
2023-03-20 00:00:00+09:00,9433.3330078125,9783.3330078125,9200.0,9383.3330078125,746333,0.0,0.0
2023-03-21 00:00:00+09:00,9483.3330078125,9583.3330078125,9233.3330078125,9516.6669921875,592952,0.0,0.0
2023-03-22 00:00:00+09:00,9716.6669921875,10200.0,9666.6669921875,9966.6669921875,1187462,0.0,0.0
2023-03-23 00:00:00+09:00,9966.6669921875,10233.3330078125,9833.3330078125,9966.6669921875,786995,0.0,0.0
2023-03-24 00:00:00+09:00,10100.0,10500.0,9966.6669921875,10200.0,714101,0.0,0.0
2023-03-27 00:00:00+09:00,10233.3330078125,10350.0,9933.3330078125,10000.0,368624,0.0,0.0
2023-03-28 00:00:00+09:00,10033.3330078125,10900.0,9950.0,10500.0,970928,0.0,0.0
2023-03-29 00:00:00+09:00,10550.0,10550.0,10083.3330078125,10300.0,530270,0.0,0.0
2023-03-30 00:00:00+09:00,10633.3330078125,12583.3330078125,10466.6669921875,12300.0,4377269,0.0,0.0
2023-03-31 00:00:00+09:00,12233.3330078125,12250.0,11166.6669921875,11400.0,1851962,0.0,0.0
2023-04-03 00:00:00+09:00,11516.6669921875,11616.6669921875,11066.6669921875,11566.6669921875,791159,0.0,0.0
2023-04-04 00:00:00+09:00,11466.6669921875,11533.3330078125,10816.6669921875,11133.3330078125,935345,0.0,0.0
2023-04-05 00:00:00+09:00,10933.3330078125,11300.0,10916.6669921875,11250.0,648830,0.0,0.0
2023-04-06 00:00:00+09:00,11100.0,11150.0,10533.3330078125,10666.6669921875,675626,0.0,0.0
2023-04-07 00:00:00+09:00,10783.3330078125,11216.6669921875,10666.6669921875,11100.0,591389,0.0,0.0
2023-04-10 00:00:00+09:00,11066.6669921875,11066.6669921875,10583.3330078125,10716.6669921875,488036,0.0,0.0
2023-04-11 00:00:00+09:00,10800.0,10983.3330078125,10716.6669921875,10866.6669921875,439751,0.0,0.0
2023-04-12 00:00:00+09:00,10766.6669921875,11016.6669921875,10500.0,11000.0,473324,0.0,0.0
2023-04-13 00:00:00+09:00,11000.0,11200.0,10650.0,10783.3330078125,371510,0.0,0.0
2023-04-14 00:00:00+09:00,10950.0,10983.3330078125,10500.0,10500.0,345446,0.0,0.0
2023-04-17 00:00:00+09:00,10500.0,10516.6669921875,10116.6669921875,10383.3330078125,440843,0.0,0.0
2023-04-18 00:00:00+09:00,10333.3330078125,10350.0,10000.0,10150.0,426356,0.0,0.0
2023-04-19 00:00:00+09:00,10166.6669921875,10333.3330078125,10016.6669921875,10266.6669921875,373790,0.0,0.0
2023-04-20 00:00:00+09:00,10500.0,10516.6669921875,10033.3330078125,10083.3330078125,471224,0.0,0.0
2023-04-21 00:00:00+09:00,10183.3330078125,10433.3330078125,9750.0,9916.6669921875,627719,0.0,0.0
2023-04-24 00:00:00+09:00,9966.6669921875,9983.3330078125,9600.0,9700.0,392666,0.0,0.0
2023-04-25 00:00:00+09:00,9816.6669921875,10200.0,9383.3330078125,9566.6669921875,629312,0.0,0.0
2023-04-26 00:00:00+09:00,9516.6669921875,9850.0,9416.6669921875,9666.6669921875,564728,0.0,0.0
2023-04-27 00:00:00+09:00,9583.3330078125,9583.3330078125,9250.0,9583.3330078125,514574,0.0,0.0
2023-04-28 00:00:00+09:00,9700.0,9733.3330078125,9283.3330078125,9400.0,489392,0.0,0.0
2023-05-02 00:00:00+09:00,9400.0,9500.0,9166.6669921875,9350.0,557849,0.0,0.0
2023-05-03 00:00:00+09:00,9233.3330078125,9516.6669921875,9166.6669921875,9316.6669921875,722855,0.0,0.0
2023-05-04 00:00:00+09:00,9333.3330078125,9350.0,8933.3330078125,9033.3330078125,508202,0.0,0.0
2023-05-08 00:00:00+09:00,9100.0,9400.0,9083.3330078125,9266.6669921875,424472,0.0,0.0
2023-05-09 00:00:00+09:00,9200.0,9300.0,8883.3330078125,8966.6669921875,390953,0.0,0.0
2023-05-10 00:00:00+09:00,8916.6669921875,8966.6669921875,8783.3330078125,8866.6669921875,178631,0.0,0.0
2023-05-11 00:00:00+09:00,8933.3330078125,9016.6669921875,8866.6669921875,8900.0,131585,0.0,0.0
2023-05-12 00:00:00+09:00,8866.6669921875,9200.0,8750.0,9200.0,250784,0.0,0.0
2023-05-15 00:00:00+09:00,9316.6669921875,9316.6669921875,8833.3330078125,8916.6669921875,384941,0.0,0.0
2023-05-16 00:00:00+09:00,9033.3330078125,9133.3330078125,8600.0,8866.6669921875,409751,0.0,0.0
2023-05-17 00:00:00+09:00,8800.0,9250.0,8650.0,9216.6669921875,496883,0.0,0.0
2023-05-18 00:00:00+09:00,9250.0,9450.0,9200.0,9400.0,275567,0.0,0.0
2023-05-19 00:00:00+09:00,9500.0,9883.3330078125,9483.3330078125,9783.3330078125,805598,0.0,0.0
2023-05-22 00:00:00+09:00,9833.3330078125,9850.0,9550.0,9633.3330078125,239201,0.0,0.0
2023-05-23 00:00:00+09:00,9633.3330078125,9666.6669921875,9483.3330078125,9600.0,177281,0.0,0.0
2023-05-24 00:00:00+09:00,9466.6669921875,9716.6669921875,9366.6669921875,9666.6669921875,231539,0.0,0.0
2023-05-25 00:00:00+09:00,9800.0,9800.0,9400.0,9483.3330078125,243563,0.0,0.0
2023-05-26 00:00:00+09:00,9550.0,10016.6669921875,9533.3330078125,9850.0,805874,0.0,0.0
2023-05-30 00:00:00+09:00,10383.3330078125,10916.6669921875,10266.6669921875,10733.3330078125,2657513,0.0,0.0
2023-05-31 00:00:00+09:00,10583.3330078125,10900.0,10566.6669921875,10650.0,785537,0.0,0.0
2023-06-01 00:00:00+09:00,10533.3330078125,10800.0,10200.0,10700.0,720041,0.0,0.0
2023-06-02 00:00:00+09:00,10816.6669921875,10950.0,10466.6669921875,10666.6669921875,551024,0.0,0.0
2023-06-05 00:00:00+09:00,10766.6669921875,10766.6669921875,10166.6669921875,10200.0,804578,0.0,0.0
2023-06-07 00:00:00+09:00,10150.0,10433.3330078125,10033.3330078125,10366.6669921875,532196,0.0,0.0
2023-06-08 00:00:00+09:00,10283.3330078125,11300.0,10016.6669921875,11116.6669921875,1529129,0.0,0.0
2023-06-09 00:00:00+09:00,11133.3330078125,11500.0,10966.6669921875,11300.0,1316498,0.0,0.0
2023-06-12 00:00:00+09:00,11300.0,11433.3330078125,10916.6669921875,11300.0,569519,0.0,0.0
2023-06-13 00:00:00+09:00,11300.0,11583.3330078125,11083.3330078125,11100.0,715835,0.0,0.0
2023-06-14 00:00:00+09:00,11200.0,11333.3330078125,10550.0,10650.0,1019873,0.0,0.0
2023-06-15 00:00:00+09:00,10916.6669921875,11116.6669921875,10666.6669921875,10933.3330078125,837764,0.0,0.0
2023-06-16 00:00:00+09:00,10933.3330078125,11150.0,10700.0,11083.3330078125,763394,0.0,0.0
2023-06-19 00:00:00+09:00,11216.6669921875,12233.3330078125,10916.6669921875,11616.6669921875,2185004,0.0,0.0
2023-06-20 00:00:00+09:00,11633.3330078125,11883.3330078125,10983.3330078125,11766.6669921875,1242398,0.0,0.0
2023-06-21 00:00:00+09:00,11800.0,12400.0,11616.6669921875,11866.6669921875,1502456,0.0,0.0
2023-06-22 00:00:00+09:00,11616.6669921875,12383.3330078125,11433.3330078125,11666.6669921875,1108910,0.0,0.0
2023-06-23 00:00:00+09:00,11683.3330078125,12450.0,11633.3330078125,12166.6669921875,1504457,0.0,0.0
2023-06-26 00:00:00+09:00,12066.6669921875,12333.3330078125,11816.6669921875,12266.6669921875,683120,0.0,0.0
2023-06-27 00:00:00+09:00,12533.3330078125,13100.0,11850.0,11966.6669921875,1763396,0.0,0.0
2023-06-28 00:00:00+09:00,11983.3330078125,12183.3330078125,11483.3330078125,11483.3330078125,1055810,0.0,0.0
2023-06-29 00:00:00+09:00,11666.6669921875,12233.3330078125,11583.3330078125,12133.3330078125,1213568,0.0,0.0
2023-06-30 00:00:00+09:00,12000.0,12000.0,11566.6669921875,11700.0,1155581,0.0,0.0
2023-07-03 00:00:00+09:00,11866.6669921875,13000.0,11800.0,12783.3330078125,2360345,0.0,0.0
2023-07-04 00:00:00+09:00,12833.3330078125,12983.3330078125,12516.6669921875,12833.3330078125,736271,0.0,0.0
2023-07-05 00:00:00+09:00,13200.0,13750.0,12383.3330078125,12716.6669921875,2544107,0.0,0.0
2023-07-06 00:00:00+09:00,12600.0,12716.6669921875,11783.3330078125,11900.0,1496810,0.0,0.0
2023-07-07 00:00:00+09:00,11816.6669921875,12400.0,11500.0,12000.0,1038686,0.0,0.0
2023-07-10 00:00:00+09:00,12050.0,12066.6669921875,11216.6669921875,11366.6669921875,1343798,0.0,0.0
2023-07-11 00:00:00+09:00,11566.6669921875,12283.3330078125,11500.0,12150.0,1040378,0.0,0.0
2023-07-12 00:00:00+09:00,12333.3330078125,12633.3330078125,12100.0,12466.6669921875,938246,0.0,0.0
2023-07-13 00:00:00+09:00,12716.6669921875,14833.3330078125,12716.6669921875,14783.3330078125,6535175,0.0,0.0
2023-07-14 00:00:00+09:00,14616.6669921875,15216.6669921875,14366.6669921875,15116.6669921875,3463109,0.0,0.0
2023-07-17 00:00:00+09:00,14933.3330078125,15400.0,14533.3330078125,15366.6669921875,1439081,0.0,0.0
2023-07-18 00:00:00+09:00,15216.6669921875,15366.6669921875,14450.0,14533.3330078125,1305362,0.0,0.0
2023-07-19 00:00:00+09:00,14483.3330078125,14666.6669921875,13650.0,14016.6669921875,1607861,0.0,0.0
2023-07-20 00:00:00+09:00,14133.3330078125,18100.0,14133.3330078125,16900.0,9636305,0.0,0.0
2023-07-21 00:00:00+09:00,16766.666015625,17300.0,16266.6669921875,16700.0,2759231,0.0,0.0
2023-07-24 00:00:00+09:00,16350.0,16833.333984375,15483.3330078125,16566.666015625,2707385,0.0,0.0
2023-07-25 00:00:00+09:00,16283.3330078125,18300.0,16216.6669921875,17000.0,3675845,0.0,0.0
2023-07-26 00:00:00+09:00,17300.0,17800.0,15466.6669921875,15983.3330078125,3114500,0.0,0.0
2023-07-27 00:00:00+09:00,16150.0,19000.0,15933.3330078125,18333.333984375,4172834,0.0,0.0
2023-07-28 00:00:00+09:00,18100.0,19233.333984375,17800.0,18800.0,1833734,0.0,0.0
2023-07-31 00:00:00+09:00,18800.0,19033.333984375,18033.333984375,18600.0,1098473,0.0,0.0
2023-08-01 00:00:00+09:00,18466.666015625,18766.666015625,17300.0,18366.666015625,1506983,0.0,0.0
2023-08-02 00:00:00+09:00,18300.0,19500.0,16700.0,16866.666015625,3715562,0.0,0.0
2023-08-03 00:00:00+09:00,16666.666015625,17100.0,15766.6669921875,16516.666015625,2457209,0.0,0.0
2023-08-04 00:00:00+09:00,16466.666015625,16966.666015625,15900.0,16000.0,1256111,0.0,0.0
2023-08-07 00:00:00+09:00,15866.6669921875,16100.0,14950.0,15133.3330078125,1619384,0.0,0.0
2023-08-08 00:00:00+09:00,15350.0,15600.0,14466.6669921875,14666.6669921875,1915199,0.0,0.0
2023-08-09 00:00:00+09:00,14666.6669921875,14850.0,14233.3330078125,14500.0,1167182,0.0,0.0
2023-08-10 00:00:00+09:00,14066.6669921875,14200.0,13616.6669921875,14000.0,1778018,0.0,0.0
2023-08-11 00:00:00+09:00,13950.0,14300.0,13900.0,14000.0,1049108,0.0,0.0
2023-08-14 00:00:00+09:00,13700.0,13916.6669921875,13466.6669921875,13466.6669921875,683438,0.0,0.0
2023-08-16 00:00:00+09:00,13566.6669921875,13966.6669921875,13300.0,13400.0,1417319,0.0,0.0
2023-08-17 00:00:00+09:00,13266.6669921875,13833.3330078125,12916.6669921875,13483.3330078125,1349375,0.0,0.0
2023-08-18 00:00:00+09:00,13316.6669921875,14783.3330078125,13016.6669921875,14033.3330078125,2623196,0.0,0.0
2023-08-21 00:00:00+09:00,14266.6669921875,14366.6669921875,13350.0,13400.0,1026512,0.0,0.0
2023-08-22 00:00:00+09:00,14066.6669921875,14400.0,12816.6669921875,13000.0,1806359,0.0,0.0
2023-08-23 00:00:00+09:00,13050.0,13366.6669921875,12550.0,12733.3330078125,1047830,0.0,0.0
2023-08-24 00:00:00+09:00,13166.6669921875,13933.3330078125,13133.3330078125,13183.3330078125,2255750,0.0,0.0
2023-08-25 00:00:00+09:00,12766.6669921875,12916.6669921875,12283.3330078125,12300.0,1267892,0.0,0.0
2023-08-28 00:00:00+09:00,12466.6669921875,12616.6669921875,12100.0,12250.0,770057,0.0,0.0
2023-08-29 00:00:00+09:00,12333.3330078125,12700.0,12333.3330078125,12633.3330078125,726785,0.0,0.0
2023-08-30 00:00:00+09:00,12933.3330078125,13300.0,12816.6669921875,13166.6669921875,1091366,0.0,0.0
2023-08-31 00:00:00+09:00,13133.3330078125,13950.0,12750.0,13833.3330078125,1356377,0.0,0.0
2023-09-01 00:00:00+09:00,14083.3330078125,15066.6669921875,14083.3330078125,14683.3330078125,3027563,0.0,0.0
2023-09-04 00:00:00+09:00,14833.3330078125,15200.0,14266.6669921875,14383.3330078125,1177763,0.0,0.0
2023-09-05 00:00:00+09:00,14250.0,14600.0,13850.0,14283.3330078125,804545,0.0,0.0
2023-09-06 00:00:00+09:00,14550.0,14950.0,13666.6669921875,13850.0,967775,0.0,0.0
2023-09-07 00:00:00+09:00,13566.6669921875,14366.6669921875,13550.0,13616.6669921875,1317101,0.0,0.0
2023-09-08 00:00:00+09:00,13666.6669921875,13716.6669921875,12300.0,12550.0,2771417,0.0,0.0
2023-09-11 00:00:00+09:00,12633.3330078125,12916.6669921875,12400.0,12916.6669921875,868610,0.0,0.0
2023-09-12 00:00:00+09:00,13083.3330078125,13083.3330078125,12616.6669921875,12700.0,621446,0.0,0.0
2023-09-13 00:00:00+09:00,12716.6669921875,13133.3330078125,12650.0,12666.6669921875,878081,0.0,0.0
2023-09-14 00:00:00+09:00,12800.0,13383.3330078125,12733.3330078125,13383.3330078125,895964,0.0,0.0
2023-09-15 00:00:00+09:00,13416.6669921875,13500.0,12916.6669921875,13016.6669921875,749699,0.0,0.0
2023-09-18 00:00:00+09:00,12700.0,12800.0,12133.3330078125,12183.3330078125,940478,0.0,0.0
2023-09-19 00:00:00+09:00,12233.3330078125,12383.3330078125,11416.6669921875,11466.6669921875,1283996,0.0,0.0
2023-09-20 00:00:00+09:00,11533.3330078125,11583.3330078125,11216.6669921875,11366.6669921875,483452,0.0,0.0
2023-09-21 00:00:00+09:00,11283.3330078125,11283.3330078125,10900.0,10950.0,462965,0.0,0.0
2023-09-22 00:00:00+09:00,10700.0,11050.0,10650.0,10866.6669921875,361583,0.0,0.0
2023-09-25 00:00:00+09:00,10850.0,10966.6669921875,10666.6669921875,10750.0,245675,0.0,0.0
2023-09-26 00:00:00+09:00,10766.6669921875,10916.6669921875,10533.3330078125,10683.3330078125,258632,0.0,0.0
2023-09-27 00:00:00+09:00,10550.0,10900.0,10500.0,10883.3330078125,301787,0.0,0.0
2023-10-04 00:00:00+09:00,10766.6669921875,10766.6669921875,10383.3330078125,10450.0,476117,0.0,0.0
2023-10-05 00:00:00+09:00,10633.3330078125,10866.6669921875,10266.6669921875,10400.0,520214,0.0,0.0
2023-10-06 00:00:00+09:00,10316.6669921875,10566.6669921875,10316.6669921875,10483.3330078125,181835,0.0,0.0
2023-10-10 00:00:00+09:00,10566.6669921875,10683.3330078125,10000.0,10083.3330078125,427607,0.0,0.0
2023-10-11 00:00:00+09:00,10250.0,10733.3330078125,10250.0,10500.0,341882,0.0,0.0
2023-10-12 00:00:00+09:00,10616.6669921875,10850.0,10550.0,10766.6669921875,396800,0.0,0.0
2023-10-13 00:00:00+09:00,10683.3330078125,11433.3330078125,10583.3330078125,11100.0,638063,0.0,0.0
2023-10-16 00:00:00+09:00,10916.6669921875,10933.3330078125,10566.6669921875,10766.6669921875,334529,0.0,0.0
2023-10-17 00:00:00+09:00,10950.0,11333.3330078125,10666.6669921875,11050.0,415646,0.0,0.0
2023-10-18 00:00:00+09:00,10800.0,11300.0,10733.3330078125,11066.6669921875,260084,0.0,0.0
2023-10-19 00:00:00+09:00,10783.3330078125,11033.3330078125,10416.6669921875,10466.6669921875,379160,0.0,0.0
2023-10-20 00:00:00+09:00,10400.0,11066.6669921875,10116.6669921875,10600.0,754991,0.0,0.0
2023-10-23 00:00:00+09:00,10700.0,10900.0,10250.0,10250.0,385679,0.0,0.0
2023-10-24 00:00:00+09:00,10400.0,11000.0,10400.0,11000.0,587276,0.0,0.0
2023-10-25 00:00:00+09:00,11000.0,11600.0,10850.0,11066.6669921875,765188,0.0,0.0
2023-10-26 00:00:00+09:00,10616.6669921875,10883.3330078125,10500.0,10550.0,444575,0.0,0.0
2023-10-27 00:00:00+09:00,10750.0,10816.6669921875,9966.6669921875,10050.0,667940,0.0,0.0
2023-10-30 00:00:00+09:00,9983.3330078125,10100.0,9766.6669921875,10033.3330078125,378377,0.0,0.0
2023-10-31 00:00:00+09:00,10166.6669921875,10333.3330078125,9416.6669921875,9483.3330078125,789236,0.0,0.0
2023-11-01 00:00:00+09:00,9550.0,11100.0,9550.0,10733.3330078125,1684505,0.0,0.0
2023-11-02 00:00:00+09:00,11150.0,12216.6669921875,11133.3330078125,12000.0,2353640,0.0,0.0
2023-11-03 00:00:00+09:00,12016.6669921875,12200.0,11866.6669921875,11883.3330078125,768620,0.0,0.0
2023-11-06 00:00:00+09:00,12033.3330078125,12950.0,11783.3330078125,12883.3330078125,1569992,0.0,0.0
2023-11-07 00:00:00+09:00,12816.6669921875,13566.6669921875,12650.0,13266.6669921875,1580474,0.0,0.0
2023-11-08 00:00:00+09:00,13433.3330078125,13816.6669921875,12900.0,13200.0,1102367,0.0,0.0
2023-11-09 00:00:00+09:00,13216.6669921875,13483.3330078125,12500.0,12733.3330078125,773777,0.0,0.0
2023-11-10 00:00:00+09:00,12533.3330078125,13366.6669921875,12433.3330078125,13116.6669921875,736664,0.0,0.0
2023-11-13 00:00:00+09:00,12900.0,13383.3330078125,12316.6669921875,12666.6669921875,833117,0.0,0.0
2023-11-14 00:00:00+09:00,12733.3330078125,12783.3330078125,12083.3330078125,12583.3330078125,565160,0.0,0.0
2023-11-15 00:00:00+09:00,13066.6669921875,14333.3330078125,13016.6669921875,14016.6669921875,1771640,0.0,0.0
2023-11-16 00:00:00+09:00,14033.3330078125,14283.3330078125,13466.6669921875,13983.3330078125,877958,0.0,0.0
2023-11-17 00:00:00+09:00,14000.0,14300.0,13516.6669921875,13616.6669921875,812309,0.0,0.0
2023-11-20 00:00:00+09:00,13666.6669921875,14166.6669921875,13316.6669921875,13833.3330078125,640022,0.0,0.0
2023-11-21 00:00:00+09:00,14100.0,14950.0,14016.6669921875,14200.0,1965992,0.0,0.0
2023-11-22 00:00:00+09:00,13833.3330078125,14916.6669921875,13816.6669921875,14650.0,804260,0.0,0.0
2023-11-23 00:00:00+09:00,14650.0,14716.6669921875,13816.6669921875,13833.3330078125,980918,0.0,0.0
2023-11-24 00:00:00+09:00,13983.3330078125,14666.6669921875,13766.6669921875,14233.3330078125,770390,0.0,0.0
2023-11-27 00:00:00+09:00,14333.3330078125,14583.3330078125,13900.0,14133.3330078125,526472,0.0,0.0
2023-11-28 00:00:00+09:00,14333.3330078125,14333.3330078125,13633.3330078125,13916.6669921875,830942,0.0,0.0
2023-11-29 00:00:00+09:00,14016.6669921875,14150.0,13533.3330078125,13766.6669921875,686018,0.0,0.0
2023-11-30 00:00:00+09:00,14500.0,16216.6669921875,14216.6669921875,15816.6669921875,6276902,0.0,0.0
2023-12-01 00:00:00+09:00,16000.0,16450.0,15433.3330078125,15666.6669921875,2797004,0.0,0.0
2023-12-04 00:00:00+09:00,15500.0,15600.0,14966.6669921875,15233.3330078125,1152092,0.0,0.0
2023-12-05 00:00:00+09:00,14900.0,15266.6669921875,13900.0,14033.3330078125,1412537,0.0,0.0
2023-12-06 00:00:00+09:00,14150.0,14633.3330078125,13633.3330078125,14316.6669921875,948962,0.0,0.0
2023-12-07 00:00:00+09:00,13966.6669921875,14166.6669921875,13633.3330078125,13666.6669921875,744503,0.0,0.0
2023-12-08 00:00:00+09:00,14366.6669921875,15350.0,14250.0,15116.6669921875,2075936,0.0,0.0
2023-12-11 00:00:00+09:00,15566.6669921875,15783.3330078125,15000.0,15200.0,1306937,0.0,0.0
2023-12-12 00:00:00+09:00,15900.0,16250.0,15333.3330078125,15900.0,2370470,0.0,0.0
2023-12-13 00:00:00+09:00,15900.0,16000.0,15083.3330078125,15500.0,1153904,0.0,0.0
2023-12-14 00:00:00+09:00,15900.0,16033.3330078125,14566.6669921875,15033.3330078125,1558538,0.0,0.0
2023-12-15 00:00:00+09:00,14966.6669921875,15166.6669921875,14583.3330078125,14766.6669921875,639023,0.0,0.0
2023-12-18 00:00:00+09:00,15016.6669921875,15650.0,14783.3330078125,15566.6669921875,1060631,0.0,0.0
2023-12-19 00:00:00+09:00,15416.6669921875,15633.3330078125,15083.3330078125,15166.6669921875,478694,0.0,0.0
2023-12-20 00:00:00+09:00,15183.3330078125,15416.6669921875,14800.0,14933.3330078125,530537,0.0,0.0
2023-12-21 00:00:00+09:00,14600.0,15300.0,14533.3330078125,14866.6669921875,518564,0.0,0.0
2023-12-22 00:00:00+09:00,15200.0,15483.3330078125,14683.3330078125,14883.3330078125,801710,0.0,0.0
2023-12-26 00:00:00+09:00,14916.6669921875,15033.3330078125,14350.0,14883.3330078125,714836,0.0,0.0
2023-12-27 00:00:00+09:00,14950.0,15633.3330078125,14950.0,15533.3330078125,926681,0.0,0.0
2023-12-28 00:00:00+09:00,15766.6669921875,15783.3330078125,15333.3330078125,15616.6669921875,540275,0.0,0.0
2024-01-02 00:00:00+09:00,15666.6669921875,16833.333984375,15650.0,16833.333984375,2341313,0.0,0.0
2024-01-03 00:00:00+09:00,16900.0,18500.0,16866.666015625,17766.666015625,3602852,0.0,0.0
2024-01-04 00:00:00+09:00,17433.333984375,17933.333984375,17100.0,17166.666015625,1069424,0.0,0.0
2024-01-05 00:00:00+09:00,17366.666015625,17400.0,16650.0,17166.666015625,579104,0.0,0.0
2024-01-08 00:00:00+09:00,17366.666015625,17966.666015625,17166.666015625,17566.666015625,845066,0.0,0.0
2024-01-09 00:00:00+09:00,18000.0,18000.0,17633.333984375,17700.0,679631,0.0,0.0
2024-01-10 00:00:00+09:00,17700.0,17700.0,16900.0,17433.333984375,714368,0.0,0.0
2024-01-11 00:00:00+09:00,17733.333984375,18666.666015625,17666.666015625,18633.333984375,1471151,0.0,0.0
2024-01-12 00:00:00+09:00,18866.666015625,19400.0,17833.333984375,18066.666015625,1607546,0.0,0.0
2024-01-15 00:00:00+09:00,18366.666015625,18600.0,17333.333984375,17600.0,1256219,0.0,0.0
2024-01-16 00:00:00+09:00,19360.0,21250.0,17600.0,17770.0,2361355,0.0,0.0
2024-01-17 00:00:00+09:00,18000.0,18340.0,17060.0,17650.0,394911,0.0,0.0
2024-01-18 00:00:00+09:00,17530.0,17760.0,16800.0,16960.0,333750,0.0,0.0
2024-01-19 00:00:00+09:00,17160.0,19320.0,17160.0,18260.0,985750,0.0,0.0
2024-01-22 00:00:00+09:00,18650.0,23700.0,18440.0,21550.0,4830445,0.0,0.0
2024-01-23 00:00:00+09:00,21700.0,22700.0,20700.0,22700.0,1202817,0.0,0.0
2024-01-24 00:00:00+09:00,22300.0,22300.0,20750.0,20850.0,726558,0.0,0.0
2024-01-25 00:00:00+09:00,21050.0,22050.0,19760.0,19830.0,927251,0.0,0.0
2024-01-26 00:00:00+09:00,19470.0,19940.0,18930.0,19100.0,446219,0.0,0.0
2024-01-29 00:00:00+09:00,19100.0,19360.0,18060.0,18600.0,493191,0.0,0.0
2024-01-30 00:00:00+09:00,18750.0,19120.0,18050.0,18590.0,372464,0.0,0.0
2024-01-31 00:00:00+09:00,18050.0,18400.0,17070.0,17100.0,539097,0.0,0.0
2024-02-01 00:00:00+09:00,17110.0,17240.0,16350.0,16550.0,431333,0.0,0.0
2024-02-02 00:00:00+09:00,16690.0,19830.0,16570.0,18230.0,905750,0.0,0.0
2024-02-05 00:00:00+09:00,18200.0,18750.0,17540.0,18660.0,422729,0.0,0.0
2024-02-06 00:00:00+09:00,17420.0,19590.0,17390.0,18580.0,1243831,0.0,0.0
2024-02-07 00:00:00+09:00,18580.0,18580.0,17500.0,17540.0,377268,0.0,0.0
2024-02-08 00:00:00+09:00,17450.0,17950.0,16830.0,17450.0,2030133,0.0,0.0
2024-02-13 00:00:00+09:00,17700.0,18950.0,17680.0,17980.0,2155169,0.0,0.0
2024-02-14 00:00:00+09:00,17530.0,17770.0,17140.0,17290.0,1344168,0.0,0.0
2024-02-15 00:00:00+09:00,17430.0,18380.0,17340.0,17380.0,1982766,0.0,0.0
2024-02-16 00:00:00+09:00,17830.0,18850.0,17640.0,18180.0,3058610,0.0,0.0
2024-02-19 00:00:00+09:00,18290.0,19420.0,17970.0,18210.0,1909006,0.0,0.0
2024-02-20 00:00:00+09:00,18220.0,18500.0,17810.0,17960.0,778603,0.0,0.0
2024-02-21 00:00:00+09:00,17950.0,18960.0,17640.0,18270.0,2315442,0.0,0.0
2024-02-22 00:00:00+09:00,18900.0,20600.0,18410.0,20500.0,7398557,0.0,0.0
2024-02-23 00:00:00+09:00,21400.0,22400.0,20100.0,20250.0,5276873,0.0,0.0
2024-02-26 00:00:00+09:00,20600.0,21500.0,19980.0,20550.0,1976568,0.0,0.0
2024-02-27 00:00:00+09:00,20700.0,22550.0,20200.0,22150.0,3429594,0.0,0.0
2024-02-28 00:00:00+09:00,21650.0,22800.0,21350.0,21650.0,2995031,0.0,0.0
2024-02-29 00:00:00+09:00,21450.0,21600.0,20200.0,20600.0,1446626,0.0,0.0
2024-03-04 00:00:00+09:00,21300.0,22200.0,20800.0,21000.0,1951995,0.0,0.0
2024-03-05 00:00:00+09:00,21300.0,21650.0,20400.0,20650.0,1100202,0.0,0.0
2024-03-06 00:00:00+09:00,20400.0,20550.0,19830.0,20400.0,1745549,0.0,0.0
2024-03-07 00:00:00+09:00,20800.0,21950.0,20150.0,20250.0,1854989,0.0,0.0
2024-03-08 00:00:00+09:00,20900.0,21300.0,20300.0,20500.0,1423157,0.0,0.0
2024-03-11 00:00:00+09:00,20000.0,20300.0,19640.0,19760.0,1211510,0.0,0.0
2024-03-12 00:00:00+09:00,19900.0,20850.0,19410.0,20750.0,1376573,0.0,0.0
2024-03-13 00:00:00+09:00,21200.0,21350.0,19990.0,20050.0,1163101,0.0,0.0
2024-03-14 00:00:00+09:00,19960.0,20150.0,19300.0,19360.0,972432,0.0,0.0
2024-03-15 00:00:00+09:00,19250.0,19660.0,18980.0,19350.0,733078,0.0,0.0
2024-03-18 00:00:00+09:00,19370.0,19520.0,18980.0,19520.0,629980,0.0,0.0
2024-03-19 00:00:00+09:00,19320.0,19400.0,18530.0,18760.0,820717,0.0,0.0
2024-03-20 00:00:00+09:00,19000.0,20400.0,18670.0,20350.0,1751168,0.0,0.0
2024-03-21 00:00:00+09:00,20700.0,21150.0,20050.0,20250.0,1396798,0.0,0.0
2024-03-22 00:00:00+09:00,20150.0,20550.0,19520.0,19550.0,793698,0.0,0.0
2024-03-25 00:00:00+09:00,19560.0,19720.0,18870.0,18930.0,857211,0.0,0.0
2024-03-26 00:00:00+09:00,18980.0,19320.0,18800.0,19060.0,644912,0.0,0.0
2024-03-27 00:00:00+09:00,19000.0,19320.0,18850.0,19150.0,563996,0.0,0.0
2024-03-28 00:00:00+09:00,19330.0,20800.0,19190.0,20250.0,2190035,0.0,0.0
2024-03-29 00:00:00+09:00,20300.0,20350.0,19340.0,19450.0,1038052,0.0,0.0
2024-04-01 00:00:00+09:00,19810.0,19840.0,18910.0,18950.0,1079864,0.0,0.0
2024-04-02 00:00:00+09:00,19110.0,19200.0,18400.0,18590.0,934728,0.0,0.0
2024-04-03 00:00:00+09:00,18260.0,18280.0,17500.0,17620.0,1190618,0.0,0.0
2024-04-04 00:00:00+09:00,17760.0,18470.0,17760.0,18120.0,814513,0.0,0.0
2024-04-05 00:00:00+09:00,17800.0,17940.0,17300.0,17440.0,787330,0.0,0.0
2024-04-08 00:00:00+09:00,17600.0,17600.0,16910.0,17030.0,690309,0.0,0.0
2024-04-09 00:00:00+09:00,17050.0,17180.0,16650.0,16650.0,619711,0.0,0.0
2024-04-11 00:00:00+09:00,16400.0,17170.0,16320.0,17020.0,549733,0.0,0.0
2024-04-12 00:00:00+09:00,17280.0,17480.0,17000.0,17070.0,492790,0.0,0.0
2024-04-15 00:00:00+09:00,16870.0,16990.0,16510.0,16930.0,374348,0.0,0.0
2024-04-16 00:00:00+09:00,17040.0,17660.0,16590.0,17250.0,822699,0.0,0.0
2024-04-17 00:00:00+09:00,17450.0,17730.0,17160.0,17350.0,605157,0.0,0.0
2024-04-18 00:00:00+09:00,17170.0,18380.0,17030.0,18290.0,991411,0.0,0.0
2024-04-19 00:00:00+09:00,18090.0,18400.0,16850.0,17410.0,899305,0.0,0.0
2024-04-22 00:00:00+09:00,17100.0,17140.0,16420.0,16520.0,693606,0.0,0.0
2024-04-23 00:00:00+09:00,16720.0,16830.0,15800.0,15800.0,778319,0.0,0.0
2024-04-24 00:00:00+09:00,16150.0,16840.0,16150.0,16400.0,697362,0.0,0.0
2024-04-25 00:00:00+09:00,16170.0,16570.0,16050.0,16050.0,422598,0.0,0.0
2024-04-26 00:00:00+09:00,16320.0,16800.0,16200.0,16530.0,421992,0.0,0.0
2024-04-29 00:00:00+09:00,16880.0,17350.0,16670.0,17180.0,803998,0.0,0.0
2024-04-30 00:00:00+09:00,17010.0,17280.0,16840.0,16860.0,346953,0.0,0.0
2024-05-02 00:00:00+09:00,16850.0,17800.0,16640.0,17590.0,887337,0.0,0.0
2024-05-03 00:00:00+09:00,18000.0,18010.0,17330.0,17410.0,681988,0.0,0.0
2024-05-07 00:00:00+09:00,17700.0,17880.0,17480.0,17840.0,502073,0.0,0.0
2024-05-08 00:00:00+09:00,17810.0,17820.0,17460.0,17580.0,343713,0.0,0.0
2024-05-09 00:00:00+09:00,17650.0,17720.0,17440.0,17460.0,258436,0.0,0.0
2024-05-10 00:00:00+09:00,17720.0,17730.0,16930.0,17150.0,433968,0.0,0.0
2024-05-13 00:00:00+09:00,17430.0,17910.0,17260.0,17700.0,562166,0.0,0.0
2024-05-14 00:00:00+09:00,17740.0,17740.0,17360.0,17640.0,291016,0.0,0.0
2024-05-16 00:00:00+09:00,17920.0,18350.0,17740.0,18120.0,1203522,0.0,0.0
2024-05-17 00:00:00+09:00,19170.0,19170.0,18560.0,18650.0,2010289,0.0,0.0
2024-05-20 00:00:00+09:00,18950.0,19140.0,18710.0,18920.0,926818,0.0,0.0
2024-05-21 00:00:00+09:00,19210.0,19950.0,19000.0,19350.0,1692751,0.0,0.0
2024-05-22 00:00:00+09:00,19450.0,19480.0,18910.0,19040.0,616886,0.0,0.0
2024-05-23 00:00:00+09:00,19440.0,19550.0,19010.0,19010.0,603058,0.0,0.0
2024-05-24 00:00:00+09:00,18590.0,18730.0,18160.0,18500.0,693732,0.0,0.0
2024-05-27 00:00:00+09:00,18580.0,18680.0,17270.0,17770.0,1333990,0.0,0.0
2024-05-28 00:00:00+09:00,17600.0,18230.0,17590.0,18060.0,559911,0.0,0.0
2024-05-29 00:00:00+09:00,18130.0,18340.0,17660.0,17800.0,601747,0.0,0.0
2024-05-30 00:00:00+09:00,17650.0,17820.0,17330.0,17550.0,318019,0.0,0.0
2024-05-31 00:00:00+09:00,17550.0,17590.0,17300.0,17370.0,349966,0.0,0.0
2024-06-03 00:00:00+09:00,17480.0,18040.0,17480.0,17960.0,410287,0.0,0.0
2024-06-04 00:00:00+09:00,17970.0,18040.0,17360.0,17370.0,383757,0.0,0.0
2024-06-05 00:00:00+09:00,17720.0,18440.0,17580.0,18320.0,955420,0.0,0.0
2024-06-07 00:00:00+09:00,18560.0,18950.0,18300.0,18530.0,780907,0.0,0.0
2024-06-10 00:00:00+09:00,18560.0,18630.0,18170.0,18210.0,359652,0.0,0.0
2024-06-11 00:00:00+09:00,18310.0,18320.0,18010.0,18140.0,341454,0.0,0.0
2024-06-12 00:00:00+09:00,18220.0,18300.0,17880.0,17970.0,338186,0.0,0.0
2024-06-13 00:00:00+09:00,18400.0,18830.0,18180.0,18350.0,800342,0.0,0.0
2024-06-14 00:00:00+09:00,18450.0,18610.0,18000.0,18470.0,517439,0.0,0.0
2024-06-17 00:00:00+09:00,18530.0,19090.0,18110.0,18110.0,824103,0.0,0.0
2024-06-18 00:00:00+09:00,18280.0,18830.0,18280.0,18810.0,836187,0.0,0.0
2024-06-19 00:00:00+09:00,18900.0,19320.0,18540.0,18800.0,1104082,0.0,0.0
2024-06-20 00:00:00+09:00,18870.0,18930.0,18100.0,18110.0,758661,0.0,0.0
2024-06-21 00:00:00+09:00,18100.0,18110.0,17700.0,17750.0,449480,0.0,0.0
2024-06-24 00:00:00+09:00,17580.0,17700.0,17000.0,17210.0,493948,0.0,0.0
2024-06-25 00:00:00+09:00,16900.0,17250.0,16850.0,17120.0,385056,0.0,0.0
2024-06-26 00:00:00+09:00,17290.0,17940.0,17120.0,17660.0,454234,0.0,0.0
2024-06-27 00:00:00+09:00,17530.0,17760.0,17350.0,17350.0,219358,0.0,0.0
2024-06-28 00:00:00+09:00,17460.0,17690.0,17330.0,17560.0,186890,0.0,0.0
2024-07-01 00:00:00+09:00,17570.0,17600.0,17390.0,17440.0,199231,0.0,0.0
2024-07-02 00:00:00+09:00,17290.0,17420.0,16800.0,16800.0,438950,0.0,0.0
2024-07-03 00:00:00+09:00,16800.0,16940.0,16680.0,16680.0,222565,0.0,0.0
2024-07-04 00:00:00+09:00,16780.0,17520.0,16780.0,17470.0,437119,0.0,0.0
2024-07-05 00:00:00+09:00,17590.0,17740.0,17290.0,17430.0,372696,0.0,0.0
2024-07-08 00:00:00+09:00,17430.0,17610.0,17050.0,17190.0,307140,0.0,0.0
2024-07-09 00:00:00+09:00,17350.0,17420.0,17120.0,17230.0,176850,0.0,0.0
2024-07-10 00:00:00+09:00,17200.0,17200.0,16880.0,16900.0,261233,0.0,0.0
2024-07-11 00:00:00+09:00,17030.0,17430.0,16980.0,17120.0,375348,0.0,0.0
2024-07-12 00:00:00+09:00,16960.0,17250.0,16880.0,17000.0,286645,0.0,0.0
2024-07-15 00:00:00+09:00,17070.0,17070.0,16820.0,16850.0,207389,0.0,0.0
2024-07-16 00:00:00+09:00,16820.0,16970.0,16780.0,16910.0,159944,0.0,0.0
2024-07-17 00:00:00+09:00,16920.0,16940.0,16470.0,16470.0,278960,0.0,0.0
2024-07-18 00:00:00+09:00,15700.0,15900.0,15470.0,15700.0,603634,0.0,0.0
2024-07-19 00:00:00+09:00,15510.0,15720.0,15300.0,15370.0,223590,0.0,0.0
2024-07-22 00:00:00+09:00,15320.0,15370.0,14180.0,14230.0,609048,0.0,0.0
2024-07-23 00:00:00+09:00,14540.0,14860.0,14150.0,14300.0,481480,0.0,0.0
2024-07-24 00:00:00+09:00,14000.0,14570.0,13980.0,14420.0,201085,0.0,0.0
2024-07-25 00:00:00+09:00,13930.0,14000.0,13520.0,13730.0,420070,0.0,0.0
2024-07-26 00:00:00+09:00,13850.0,13940.0,13590.0,13910.0,182860,0.0,0.0
2024-07-29 00:00:00+09:00,13950.0,14100.0,13750.0,13950.0,179685,0.0,0.0
2024-07-30 00:00:00+09:00,13830.0,13900.0,13290.0,13500.0,453128,0.0,0.0
2024-07-31 00:00:00+09:00,13500.0,14650.0,13190.0,14620.0,474989,0.0,0.0
2024-08-01 00:00:00+09:00,15000.0,15170.0,14460.0,14650.0,387957,0.0,0.0
2024-08-02 00:00:00+09:00,14000.0,14150.0,13300.0,13410.0,496010,0.0,0.0
2024-08-05 00:00:00+09:00,12880.0,13230.0,10500.0,11050.0,1051380,0.0,0.0
2024-08-06 00:00:00+09:00,11100.0,11950.0,11080.0,11690.0,690171,0.0,0.0
2024-08-07 00:00:00+09:00,11710.0,13050.0,11600.0,12650.0,786031,0.0,0.0
2024-08-08 00:00:00+09:00,12300.0,13540.0,12020.0,13500.0,787513,0.0,0.0
2024-08-09 00:00:00+09:00,14040.0,14220.0,13770.0,13970.0,648082,0.0,0.0
2024-08-12 00:00:00+09:00,14040.0,14360.0,13840.0,13880.0,284906,0.0,0.0
2024-08-13 00:00:00+09:00,13990.0,14740.0,13890.0,14250.0,583433,0.0,0.0
2024-08-14 00:00:00+09:00,14660.0,15550.0,14600.0,15260.0,964847,0.0,0.0
2024-08-16 00:00:00+09:00,15710.0,15840.0,15400.0,15530.0,450784,0.0,0.0
2024-08-19 00:00:00+09:00,15680.0,15740.0,15060.0,15100.0,268935,0.0,0.0
2024-08-20 00:00:00+09:00,15400.0,15730.0,15320.0,15390.0,288719,0.0,0.0
2024-08-21 00:00:00+09:00,15250.0,15300.0,14860.0,15070.0,251569,0.0,0.0
2024-08-22 00:00:00+09:00,15000.0,15370.0,14360.0,14400.0,433809,0.0,0.0
2024-08-23 00:00:00+09:00,14150.0,14760.0,14020.0,14610.0,216007,0.0,0.0
2024-08-26 00:00:00+09:00,14910.0,15240.0,14620.0,14790.0,288494,0.0,0.0
2024-08-27 00:00:00+09:00,14620.0,14710.0,14280.0,14490.0,172036,0.0,0.0
2024-08-28 00:00:00+09:00,14500.0,14940.0,14310.0,14880.0,194854,0.0,0.0
2024-08-29 00:00:00+09:00,14310.0,14600.0,14000.0,14600.0,333402,0.0,0.0
2024-08-30 00:00:00+09:00,14610.0,15300.0,14330.0,15130.0,286512,0.0,0.0
2024-09-02 00:00:00+09:00,15280.0,15350.0,14720.0,15080.0,203003,0.0,0.0
2024-09-03 00:00:00+09:00,15080.0,15210.0,14460.0,14640.0,232416,0.0,0.0
2024-09-04 00:00:00+09:00,13680.0,14250.0,13540.0,13700.0,361957,0.0,0.0
2024-09-05 00:00:00+09:00,13840.0,14200.0,13550.0,13820.0,260398,0.0,0.0
2024-09-06 00:00:00+09:00,13750.0,13810.0,12980.0,13130.0,384475,0.0,0.0
2024-09-09 00:00:00+09:00,12610.0,13680.0,12610.0,13600.0,229716,0.0,0.0
2024-09-10 00:00:00+09:00,13650.0,13840.0,13130.0,13430.0,207922,0.0,0.0
2024-09-11 00:00:00+09:00,13440.0,13490.0,13100.0,13130.0,196026,0.0,0.0
2024-09-12 00:00:00+09:00,13460.0,13860.0,13460.0,13690.0,266986,0.0,0.0
2024-09-13 00:00:00+09:00,13590.0,13590.0,13200.0,13240.0,177223,0.0,0.0
2024-09-19 00:00:00+09:00,13200.0,13210.0,12250.0,12780.0,390694,0.0,0.0
2024-09-20 00:00:00+09:00,13170.0,13310.0,12690.0,12800.0,270950,0.0,0.0
2024-09-23 00:00:00+09:00,12850.0,13190.0,12770.0,13160.0,193217,0.0,0.0
2024-09-24 00:00:00+09:00,13130.0,13500.0,12860.0,13440.0,280584,0.0,0.0
2024-09-25 00:00:00+09:00,13590.0,14090.0,13280.0,13380.0,423813,0.0,0.0
2024-09-26 00:00:00+09:00,13850.0,14100.0,13710.0,13880.0,464634,0.0,0.0
2024-09-27 00:00:00+09:00,13920.0,14330.0,13680.0,13740.0,353038,0.0,0.0
2024-09-30 00:00:00+09:00,13680.0,13680.0,13290.0,13380.0,185433,0.0,0.0
2024-10-02 00:00:00+09:00,13000.0,13270.0,12880.0,13040.0,160210,0.0,0.0
2024-10-04 00:00:00+09:00,13010.0,13140.0,12910.0,12930.0,151058,0.0,0.0
2024-10-07 00:00:00+09:00,13030.0,13480.0,12860.0,13440.0,198037,0.0,0.0
2024-10-08 00:00:00+09:00,13260.0,13470.0,13020.0,13150.0,127403,0.0,0.0
2024-10-10 00:00:00+09:00,13250.0,13410.0,12830.0,12930.0,351217,0.0,0.0
2024-10-11 00:00:00+09:00,13000.0,13470.0,12840.0,13000.0,303863,0.0,0.0
2024-10-14 00:00:00+09:00,13040.0,13680.0,13040.0,13310.0,252646,0.0,0.0
2024-10-15 00:00:00+09:00,13690.0,13690.0,13100.0,13170.0,291214,0.0,0.0
2024-10-16 00:00:00+09:00,12700.0,12830.0,12340.0,12440.0,414711,0.0,0.0
2024-10-17 00:00:00+09:00,12540.0,12650.0,12290.0,12460.0,217669,0.0,0.0
2024-10-18 00:00:00+09:00,12530.0,12530.0,11980.0,12200.0,348426,0.0,0.0
2024-10-21 00:00:00+09:00,12200.0,12830.0,12040.0,12460.0,327440,0.0,0.0
2024-10-22 00:00:00+09:00,12650.0,12750.0,12060.0,12060.0,233289,0.0,0.0
2024-10-23 00:00:00+09:00,12060.0,12360.0,11800.0,12210.0,228017,0.0,0.0
2024-10-24 00:00:00+09:00,12140.0,12140.0,11860.0,11910.0,143398,0.0,0.0
2024-10-25 00:00:00+09:00,11980.0,12050.0,11510.0,11600.0,231002,0.0,0.0
2024-10-28 00:00:00+09:00,11700.0,12710.0,11700.0,12610.0,394363,0.0,0.0
2024-10-29 00:00:00+09:00,12480.0,13090.0,12220.0,12990.0,257644,0.0,0.0
2024-10-30 00:00:00+09:00,13040.0,13280.0,12740.0,12850.0,183298,0.0,0.0
2024-10-31 00:00:00+09:00,12680.0,13900.0,12600.0,13740.0,753493,0.0,0.0
2024-11-01 00:00:00+09:00,13550.0,13800.0,13430.0,13630.0,217824,0.0,0.0
2024-11-04 00:00:00+09:00,13640.0,13910.0,13460.0,13680.0,247162,0.0,0.0
2024-11-05 00:00:00+09:00,13600.0,13900.0,13590.0,13600.0,137494,0.0,0.0
2024-11-06 00:00:00+09:00,13800.0,13810.0,13100.0,13180.0,225364,0.0,0.0
2024-11-07 00:00:00+09:00,13200.0,13400.0,12980.0,13150.0,209887,0.0,0.0
2024-11-08 00:00:00+09:00,13280.0,13650.0,13130.0,13150.0,233080,0.0,0.0
