Date,Open,High,Low,Close,Volume,Dividends,Stock Splits
2010-01-05 00:00:00+09:00,10546.6669921875,10546.6669921875,10546.6669921875,10546.6669921875,0,0.0,0.0
2010-01-06 00:00:00+09:00,10506.6669921875,12120.0,9733.3330078125,12120.0,1687573,0.0,0.0
2010-01-07 00:00:00+09:00,12546.6669921875,13466.6669921875,10786.6669921875,12240.0,1959800,0.0,0.0
2010-01-08 00:00:00+09:00,12400.0,13000.0,12266.6669921875,12706.6669921875,745606,0.0,0.0
2010-01-11 00:00:00+09:00,13066.6669921875,14600.0,12866.6669921875,14600.0,2038133,0.0,0.0
2010-01-12 00:00:00+09:00,14666.6669921875,15400.0,13933.3330078125,14266.6669921875,1410848,0.0,0.0
2010-01-13 00:00:00+09:00,14200.0,14600.0,12693.3330078125,12933.3330078125,832406,0.0,0.0
2010-01-14 00:00:00+09:00,12986.6669921875,13533.3330078125,12293.3330078125,12773.3330078125,625276,0.0,0.0
2010-01-15 00:00:00+09:00,12786.6669921875,14666.6669921875,12533.3330078125,14266.6669921875,1009079,0.0,0.0
2010-01-18 00:00:00+09:00,14266.6669921875,16200.0,14066.6669921875,15333.3330078125,976888,0.0,0.0
2010-01-19 00:00:00+09:00,15266.6669921875,17600.0,14333.3330078125,17600.0,2274158,0.0,0.0
2010-01-20 00:00:00+09:00,18933.333984375,19466.666015625,17400.0,18266.666015625,2853645,0.0,0.0
2010-01-21 00:00:00+09:00,18000.0,21000.0,17866.666015625,21000.0,2096653,0.0,0.0
2010-01-22 00:00:00+09:00,20666.666015625,22533.333984375,20133.333984375,21600.0,2567456,0.0,0.0
2010-01-25 00:00:00+09:00,21733.333984375,23133.333984375,18400.0,19333.333984375,1898844,0.0,0.0
2010-01-26 00:00:00+09:00,20000.0,20333.333984375,18066.666015625,19933.333984375,1200138,0.0,0.0
2010-01-27 00:00:00+09:00,20400.0,20600.0,17000.0,17733.333984375,1269233,0.0,0.0
2010-01-28 00:00:00+09:00,18000.0,19133.333984375,17400.0,18133.333984375,863405,0.0,0.0
2010-01-29 00:00:00+09:00,17533.333984375,17666.666015625,15866.6669921875,16800.0,788838,0.0,0.0
2010-02-01 00:00:00+09:00,16800.0,17533.333984375,16266.6669921875,17533.333984375,506647,0.0,0.0
2010-02-02 00:00:00+09:00,17800.0,17933.333984375,17133.333984375,17533.333984375,391046,0.0,0.0
2010-02-03 00:00:00+09:00,17866.666015625,18200.0,16000.0,16600.0,750514,0.0,0.0
2010-02-04 00:00:00+09:00,16533.333984375,19066.666015625,16400.0,18133.333984375,1385679,0.0,0.0
2010-02-05 00:00:00+09:00,17000.0,17933.333984375,16733.333984375,17266.666015625,652975,0.0,0.0
2010-02-08 00:00:00+09:00,17600.0,18333.333984375,15666.6669921875,16333.3330078125,741954,0.0,0.0
2010-02-09 00:00:00+09:00,16133.3330078125,17466.666015625,15866.6669921875,16466.666015625,550841,0.0,0.0
2010-02-10 00:00:00+09:00,16933.333984375,17933.333984375,16600.0,17400.0,625183,0.0,0.0
2010-02-11 00:00:00+09:00,17933.333984375,18466.666015625,17666.666015625,18000.0,471451,0.0,0.0
2010-02-12 00:00:00+09:00,18133.333984375,19066.666015625,17600.0,18466.666015625,578196,0.0,0.0
2010-02-16 00:00:00+09:00,18666.666015625,19200.0,18533.333984375,18866.666015625,341224,0.0,0.0
2010-02-17 00:00:00+09:00,18933.333984375,19466.666015625,18333.333984375,18933.333984375,538134,0.0,0.0
2010-02-18 00:00:00+09:00,19266.666015625,20266.666015625,18933.333984375,19733.333984375,607301,0.0,0.0
2010-02-19 00:00:00+09:00,19466.666015625,19866.666015625,18200.0,18800.0,531830,0.0,0.0
2010-02-22 00:00:00+09:00,19400.0,20933.333984375,19333.333984375,19600.0,956065,0.0,0.0
2010-02-23 00:00:00+09:00,19600.0,19666.666015625,18933.333984375,19200.0,285258,0.0,0.0
2010-02-24 00:00:00+09:00,18933.333984375,19733.333984375,18600.0,19000.0,417151,0.0,0.0
2010-02-25 00:00:00+09:00,19400.0,19533.333984375,18066.666015625,18066.666015625,314097,0.0,0.0
2010-02-26 00:00:00+09:00,18400.0,19333.333984375,18000.0,19333.333984375,274537,0.0,0.0
2010-03-02 00:00:00+09:00,19466.666015625,19800.0,19066.666015625,19600.0,328911,0.0,0.0
2010-03-03 00:00:00+09:00,19866.666015625,20000.0,19266.666015625,19266.666015625,309623,0.0,0.0
2010-03-04 00:00:00+09:00,19333.333984375,19600.0,18666.666015625,18733.333984375,183636,0.0,0.0
2010-03-05 00:00:00+09:00,19066.666015625,21533.333984375,19000.0,20933.333984375,1969264,0.0,0.0
2010-03-08 00:00:00+09:00,21466.666015625,24066.666015625,21400.0,24066.666015625,2136792,0.0,0.0
2010-03-09 00:00:00+09:00,24466.666015625,24666.666015625,21400.0,21466.666015625,1715415,0.0,0.0
2010-03-10 00:00:00+09:00,21600.0,23933.333984375,21466.666015625,22200.0,2048117,0.0,0.0
2010-03-11 00:00:00+09:00,22400.0,22400.0,20866.666015625,21066.666015625,869434,0.0,0.0
2010-03-12 00:00:00+09:00,21466.666015625,22066.666015625,21133.333984375,21133.333984375,490977,0.0,0.0
2010-03-15 00:00:00+09:00,21000.0,21600.0,20400.0,21466.666015625,547467,0.0,0.0
2010-03-16 00:00:00+09:00,22000.0,22466.666015625,21466.666015625,21466.666015625,642016,0.0,0.0
2010-03-17 00:00:00+09:00,21666.666015625,21666.666015625,20933.333984375,21000.0,394676,0.0,0.0
2010-03-18 00:00:00+09:00,21133.333984375,21600.0,21000.0,21533.333984375,236364,0.0,0.0
2010-03-19 00:00:00+09:00,22000.0,22400.0,21400.0,21400.0,463607,0.0,0.0
2010-03-22 00:00:00+09:00,21133.333984375,21400.0,20866.666015625,20933.333984375,192815,0.0,0.0
2010-03-23 00:00:00+09:00,21200.0,22066.666015625,20866.666015625,21866.666015625,541274,0.0,0.0
2010-03-24 00:00:00+09:00,22200.0,23266.666015625,21600.0,21800.0,1414420,0.0,0.0
2010-03-25 00:00:00+09:00,22000.0,22733.333984375,21933.333984375,22266.666015625,377623,0.0,0.0
2010-03-26 00:00:00+09:00,22400.0,22466.666015625,21866.666015625,21866.666015625,183058,0.0,0.0
2010-03-29 00:00:00+09:00,21466.666015625,21866.666015625,21333.333984375,21533.333984375,207176,0.0,0.0
2010-03-30 00:00:00+09:00,21800.0,22266.666015625,18400.0,19466.666015625,1118953,0.0,0.0
2010-03-31 00:00:00+09:00,19400.0,19466.666015625,17866.666015625,18266.666015625,586338,0.0,0.0
2010-04-01 00:00:00+09:00,18533.333984375,19466.666015625,18133.333984375,19466.666015625,356705,0.0,0.0
2010-04-02 00:00:00+09:00,19200.0,19400.0,18333.333984375,19133.333984375,227682,0.0,0.0
2010-04-05 00:00:00+09:00,19200.0,19200.0,16933.333984375,18066.666015625,181533,0.0,0.0
2010-04-06 00:00:00+09:00,18066.666015625,18666.666015625,17333.333984375,17400.0,165617,0.0,0.0
2010-04-07 00:00:00+09:00,17666.666015625,18066.666015625,17333.333984375,17466.666015625,121345,0.0,0.0
2010-04-08 00:00:00+09:00,17533.333984375,17733.333984375,17133.333984375,17600.0,103778,0.0,0.0
2010-04-09 00:00:00+09:00,17800.0,17800.0,16400.0,16733.333984375,120308,0.0,0.0
2010-04-12 00:00:00+09:00,16733.333984375,17133.333984375,15800.0,16000.0,144954,0.0,0.0
2010-04-13 00:00:00+09:00,16200.0,16800.0,15266.6669921875,16800.0,226502,0.0,0.0
2010-04-14 00:00:00+09:00,16933.333984375,17066.666015625,16333.3330078125,16400.0,143613,0.0,0.0
2010-04-15 00:00:00+09:00,16400.0,16466.666015625,15266.6669921875,15866.6669921875,193428,0.0,0.0
2010-04-16 00:00:00+09:00,15733.3330078125,15866.6669921875,15266.6669921875,15800.0,106724,0.0,0.0
2010-04-19 00:00:00+09:00,15666.6669921875,16133.3330078125,15133.3330078125,15333.3330078125,189578,0.0,0.0
2010-04-20 00:00:00+09:00,15600.0,16666.666015625,15200.0,16533.333984375,324107,0.0,0.0
2010-04-21 00:00:00+09:00,16666.666015625,16800.0,16200.0,16533.333984375,102367,0.0,0.0
2010-04-22 00:00:00+09:00,17066.666015625,17266.666015625,16133.3330078125,17266.666015625,239892,0.0,0.0
2010-04-23 00:00:00+09:00,17400.0,17733.333984375,17200.0,17466.666015625,116475,0.0,0.0
2010-04-26 00:00:00+09:00,17466.666015625,17600.0,17066.666015625,17466.666015625,87164,0.0,0.0
2010-04-27 00:00:00+09:00,17800.0,18733.333984375,17733.333984375,17800.0,305321,0.0,0.0
2010-04-28 00:00:00+09:00,17133.333984375,18333.333984375,17000.0,17666.666015625,140083,0.0,0.0
2010-04-29 00:00:00+09:00,17666.666015625,18266.666015625,17266.666015625,17533.333984375,271706,0.0,0.0
2010-04-30 00:00:00+09:00,17800.0,17800.0,17266.666015625,17266.666015625,105536,0.0,0.0
2010-05-03 00:00:00+09:00,17266.666015625,17266.666015625,16200.0,16200.0,105626,0.0,0.0
2010-05-04 00:00:00+09:00,16333.3330078125,16933.333984375,16200.0,16666.666015625,134360,0.0,0.0
2010-05-06 00:00:00+09:00,16266.6669921875,16400.0,15466.6669921875,15733.3330078125,154687,0.0,0.0
2010-05-07 00:00:00+09:00,14666.6669921875,15133.3330078125,14400.0,14800.0,153146,0.0,0.0
2010-05-10 00:00:00+09:00,15000.0,15666.6669921875,14933.3330078125,15400.0,195819,0.0,0.0
2010-05-11 00:00:00+09:00,15733.3330078125,16200.0,15266.6669921875,15400.0,171927,0.0,0.0
2010-05-12 00:00:00+09:00,15466.6669921875,15933.3330078125,15133.3330078125,15666.6669921875,290193,0.0,0.0
2010-05-13 00:00:00+09:00,15866.6669921875,16466.666015625,15666.6669921875,16266.6669921875,243977,0.0,0.0
2010-05-14 00:00:00+09:00,16000.0,16266.6669921875,15200.0,15200.0,192523,0.0,0.0
2010-05-17 00:00:00+09:00,15000.0,15800.0,14400.0,14400.0,157472,0.0,0.0
2010-05-18 00:00:00+09:00,14666.6669921875,14800.0,13266.6669921875,13266.6669921875,248088,0.0,0.0
2010-05-19 00:00:00+09:00,13080.0,13253.3330078125,12266.6669921875,12266.6669921875,216056,0.0,0.0
2010-05-20 00:00:00+09:00,12186.6669921875,12520.0,11066.6669921875,11466.6669921875,214691,0.0,0.0
2010-05-24 00:00:00+09:00,11400.0,12080.0,11280.0,11760.0,112274,0.0,0.0
2010-05-25 00:00:00+09:00,11386.6669921875,11693.3330078125,10066.6669921875,10346.6669921875,171934,0.0,0.0
2010-05-26 00:00:00+09:00,10400.0,10733.3330078125,10240.0,10533.3330078125,167100,0.0,0.0
2010-05-27 00:00:00+09:00,10600.0,11466.6669921875,10533.3330078125,11026.6669921875,329369,0.0,0.0
2010-05-28 00:00:00+09:00,11320.0,11800.0,11120.0,11253.3330078125,229833,0.0,0.0
2010-05-31 00:00:00+09:00,11253.3330078125,11773.3330078125,11226.6669921875,11480.0,173276,0.0,0.0
2010-06-01 00:00:00+09:00,11600.0,11600.0,11160.0,11333.3330078125,109658,0.0,0.0
2010-06-03 00:00:00+09:00,11400.0,12600.0,11400.0,12226.6669921875,254722,0.0,0.0
2010-06-04 00:00:00+09:00,12160.0,12626.6669921875,12040.0,12213.3330078125,109813,0.0,0.0
2010-06-07 00:00:00+09:00,11733.3330078125,11866.6669921875,11480.0,11480.0,118667,0.0,0.0
2010-06-08 00:00:00+09:00,11400.0,11760.0,11306.6669921875,11733.3330078125,104093,0.0,0.0
2010-06-09 00:00:00+09:00,12040.0,13466.6669921875,12040.0,13466.6669921875,397956,0.0,0.0
2010-06-10 00:00:00+09:00,14000.0,14600.0,13200.0,13733.3330078125,778438,0.0,0.0
2010-06-11 00:00:00+09:00,13733.3330078125,14266.6669921875,13533.3330078125,14200.0,477354,0.0,0.0
2010-06-14 00:00:00+09:00,14400.0,14666.6669921875,13333.3330078125,13400.0,360238,0.0,0.0
2010-06-15 00:00:00+09:00,13200.0,13320.0,12893.3330078125,13040.0,206572,0.0,0.0
2010-06-16 00:00:00+09:00,13186.6669921875,14933.3330078125,13013.3330078125,14066.6669921875,1170598,0.0,0.0
2010-06-17 00:00:00+09:00,14000.0,14133.3330078125,13266.6669921875,13400.0,376380,0.0,0.0
2010-06-18 00:00:00+09:00,13533.3330078125,14133.3330078125,13466.6669921875,13933.3330078125,224180,0.0,0.0
2010-06-21 00:00:00+09:00,14066.6669921875,14200.0,13533.3330078125,13533.3330078125,144294,0.0,0.0
2010-06-22 00:00:00+09:00,13600.0,14666.6669921875,13466.6669921875,14000.0,321405,0.0,0.0
2010-06-23 00:00:00+09:00,14333.3330078125,15266.6669921875,13800.0,13800.0,630816,0.0,0.0
2010-06-24 00:00:00+09:00,14000.0,14000.0,13533.3330078125,13600.0,170178,0.0,0.0
2010-06-25 00:00:00+09:00,13533.3330078125,13800.0,13293.3330078125,13666.6669921875,118457,0.0,0.0
2010-06-28 00:00:00+09:00,13733.3330078125,14733.3330078125,13733.3330078125,14533.3330078125,333926,0.0,0.0
2010-06-29 00:00:00+09:00,14800.0,15466.6669921875,14133.3330078125,14133.3330078125,384483,0.0,0.0
2010-06-30 00:00:00+09:00,13600.0,15000.0,13600.0,14666.6669921875,316055,0.0,0.0
2010-07-01 00:00:00+09:00,14800.0,15866.6669921875,14266.6669921875,15800.0,433144,0.0,0.0
2010-07-02 00:00:00+09:00,15666.6669921875,16333.3330078125,15333.3330078125,15333.3330078125,371754,0.0,0.0
2010-07-05 00:00:00+09:00,15333.3330078125,15600.0,14733.3330078125,14733.3330078125,179436,0.0,0.0
2010-07-06 00:00:00+09:00,15000.0,15066.6669921875,14266.6669921875,14666.6669921875,168300,0.0,0.0
2010-07-07 00:00:00+09:00,14800.0,14866.6669921875,13800.0,13800.0,189372,0.0,0.0
2010-07-08 00:00:00+09:00,14133.3330078125,14333.3330078125,13600.0,13933.3330078125,244279,0.0,0.0
2010-07-09 00:00:00+09:00,14133.3330078125,15200.0,13866.6669921875,14266.6669921875,611639,0.0,0.0
2010-07-12 00:00:00+09:00,14466.6669921875,14933.3330078125,14400.0,14733.3330078125,222874,0.0,0.0
2010-07-13 00:00:00+09:00,14666.6669921875,14800.0,13866.6669921875,13933.3330078125,231747,0.0,0.0
2010-07-14 00:00:00+09:00,14066.6669921875,14200.0,13600.0,13666.6669921875,173813,0.0,0.0
2010-07-15 00:00:00+09:00,13666.6669921875,13866.6669921875,13333.3330078125,13733.3330078125,124008,0.0,0.0
2010-07-16 00:00:00+09:00,13933.3330078125,14333.3330078125,13733.3330078125,14133.3330078125,154607,0.0,0.0
2010-07-19 00:00:00+09:00,13933.3330078125,14066.6669921875,13666.6669921875,13666.6669921875,90921,0.0,0.0
2010-07-20 00:00:00+09:00,13666.6669921875,13933.3330078125,13600.0,13800.0,66787,0.0,0.0
2010-07-21 00:00:00+09:00,14000.0,15133.3330078125,13800.0,14600.0,629481,0.0,0.0
2010-07-22 00:00:00+09:00,14400.0,15200.0,14266.6669921875,14933.3330078125,432961,0.0,0.0
2010-07-23 00:00:00+09:00,15133.3330078125,15400.0,14466.6669921875,14533.3330078125,261169,0.0,0.0
2010-07-26 00:00:00+09:00,14666.6669921875,16466.666015625,14666.6669921875,15800.0,968678,0.0,0.0
2010-07-27 00:00:00+09:00,15800.0,16133.3330078125,15333.3330078125,16000.0,321776,0.0,0.0
2010-07-28 00:00:00+09:00,16666.666015625,18400.0,16666.666015625,18400.0,1806320,0.0,0.0
2010-07-29 00:00:00+09:00,18333.333984375,19133.333984375,17800.0,18400.0,1496671,0.0,0.0
2010-07-30 00:00:00+09:00,18866.666015625,19066.666015625,17400.0,17400.0,903384,0.0,0.0
2010-08-02 00:00:00+09:00,17600.0,18133.333984375,16800.0,17666.666015625,891701,0.0,0.0
2010-08-03 00:00:00+09:00,17800.0,17800.0,16600.0,16933.333984375,465500,0.0,0.0
2010-08-04 00:00:00+09:00,16800.0,17333.333984375,16666.666015625,17200.0,300772,0.0,0.0
2010-08-05 00:00:00+09:00,17466.666015625,18666.666015625,17066.666015625,18666.666015625,597228,0.0,0.0
2010-08-06 00:00:00+09:00,18400.0,18733.333984375,17866.666015625,18533.333984375,567131,0.0,0.0
2010-08-09 00:00:00+09:00,18333.333984375,18400.0,16666.666015625,16666.666015625,453581,0.0,0.0
2010-08-10 00:00:00+09:00,16866.666015625,17266.666015625,16400.0,16866.666015625,268403,0.0,0.0
2010-08-11 00:00:00+09:00,16600.0,16733.333984375,14400.0,14466.6669921875,940829,0.0,0.0
2010-08-12 00:00:00+09:00,14266.6669921875,14933.3330078125,13266.6669921875,13733.3330078125,410026,0.0,0.0
2010-08-13 00:00:00+09:00,13866.6669921875,14333.3330078125,13666.6669921875,14333.3330078125,265403,0.0,0.0
2010-08-16 00:00:00+09:00,14200.0,14800.0,13666.6669921875,14666.6669921875,186045,0.0,0.0
2010-08-17 00:00:00+09:00,14800.0,15666.6669921875,14466.6669921875,14733.3330078125,265226,0.0,0.0
2010-08-18 00:00:00+09:00,14800.0,15000.0,14066.6669921875,14133.3330078125,187951,0.0,0.0
2010-08-19 00:00:00+09:00,14333.3330078125,15200.0,14133.3330078125,14666.6669921875,335172,0.0,0.0
2010-08-20 00:00:00+09:00,14466.6669921875,14600.0,14266.6669921875,14333.3330078125,85413,0.0,0.0
2010-08-23 00:00:00+09:00,14466.6669921875,14800.0,14333.3330078125,14400.0,92673,0.0,0.0
2010-08-24 00:00:00+09:00,14400.0,15200.0,13933.3330078125,14666.6669921875,231017,0.0,0.0
2010-08-25 00:00:00+09:00,14466.6669921875,14866.6669921875,13866.6669921875,14000.0,155762,0.0,0.0
2010-08-26 00:00:00+09:00,14266.6669921875,14266.6669921875,13733.3330078125,13733.3330078125,123700,0.0,0.0
2010-08-27 00:00:00+09:00,13600.0,13866.6669921875,13320.0,13400.0,99325,0.0,0.0
2010-08-30 00:00:00+09:00,13733.3330078125,15333.3330078125,13600.0,14466.6669921875,501620,0.0,0.0
2010-08-31 00:00:00+09:00,14266.6669921875,14866.6669921875,14133.3330078125,14266.6669921875,150731,0.0,0.0
2010-09-01 00:00:00+09:00,14400.0,14666.6669921875,14200.0,14400.0,150635,0.0,0.0
2010-09-02 00:00:00+09:00,14666.6669921875,15200.0,14400.0,14800.0,270728,0.0,0.0
2010-09-03 00:00:00+09:00,14866.6669921875,15933.3330078125,14800.0,15933.3330078125,462683,0.0,0.0
2010-09-06 00:00:00+09:00,15933.3330078125,16466.666015625,15666.6669921875,16200.0,359411,0.0,0.0
2010-09-07 00:00:00+09:00,16133.3330078125,16466.666015625,15666.6669921875,16000.0,230135,0.0,0.0
2010-09-08 00:00:00+09:00,15800.0,16600.0,15733.3330078125,16533.333984375,350844,0.0,0.0
2010-09-09 00:00:00+09:00,16533.333984375,16800.0,14866.6669921875,15066.6669921875,542980,0.0,0.0
2010-09-10 00:00:00+09:00,15400.0,17000.0,15200.0,16333.3330078125,1319522,0.0,0.0
2010-09-13 00:00:00+09:00,16400.0,16400.0,15466.6669921875,15533.3330078125,339044,0.0,0.0
2010-09-14 00:00:00+09:00,15800.0,16400.0,15000.0,15000.0,368232,0.0,0.0
2010-09-15 00:00:00+09:00,15266.6669921875,15466.6669921875,14333.3330078125,14666.6669921875,192024,0.0,0.0
2010-09-16 00:00:00+09:00,14666.6669921875,14866.6669921875,14400.0,14400.0,121242,0.0,0.0
2010-09-17 00:00:00+09:00,14666.6669921875,14800.0,14333.3330078125,14533.3330078125,108671,0.0,0.0
2010-09-20 00:00:00+09:00,14933.3330078125,15533.3330078125,14533.3330078125,15333.3330078125,173096,0.0,0.0
2010-09-24 00:00:00+09:00,15533.3330078125,15600.0,14933.3330078125,15000.0,117116,0.0,0.0
2010-09-27 00:00:00+09:00,15133.3330078125,15400.0,14533.3330078125,14600.0,168921,0.0,0.0
2010-09-28 00:00:00+09:00,14666.6669921875,14933.3330078125,14533.3330078125,14666.6669921875,108647,0.0,0.0
2010-09-29 00:00:00+09:00,14866.6669921875,15000.0,14533.3330078125,14533.3330078125,126057,0.0,0.0
2010-09-30 00:00:00+09:00,14533.3330078125,14733.3330078125,14400.0,14466.6669921875,111946,0.0,0.0
2010-10-01 00:00:00+09:00,14666.6669921875,16133.3330078125,14533.3330078125,15066.6669921875,617938,0.0,0.0
2010-10-04 00:00:00+09:00,15333.3330078125,15600.0,14800.0,14800.0,201741,0.0,0.0
2010-10-05 00:00:00+09:00,14733.3330078125,15066.6669921875,14666.6669921875,15000.0,74407,0.0,0.0
2010-10-06 00:00:00+09:00,15266.6669921875,15600.0,15000.0,15066.6669921875,204345,0.0,0.0
2010-10-07 00:00:00+09:00,15200.0,15866.6669921875,15200.0,15466.6669921875,256627,0.0,0.0
2010-10-08 00:00:00+09:00,15533.3330078125,15600.0,15133.3330078125,15333.3330078125,90425,0.0,0.0
2010-10-11 00:00:00+09:00,15466.6669921875,16200.0,15266.6669921875,16200.0,244521,0.0,0.0
2010-10-12 00:00:00+09:00,16133.3330078125,16466.666015625,15800.0,16133.3330078125,258829,0.0,0.0
2010-10-13 00:00:00+09:00,16466.666015625,16466.666015625,15800.0,15800.0,152083,0.0,0.0
2010-10-14 00:00:00+09:00,15866.6669921875,15933.3330078125,15333.3330078125,15466.6669921875,164996,0.0,0.0
2010-10-15 00:00:00+09:00,15466.6669921875,16000.0,15400.0,15666.6669921875,154228,0.0,0.0
2010-10-18 00:00:00+09:00,15866.6669921875,16466.666015625,15733.3330078125,16266.6669921875,307348,0.0,0.0
2010-10-19 00:00:00+09:00,16600.0,16666.666015625,16133.3330078125,16400.0,144996,0.0,0.0
2010-10-20 00:00:00+09:00,16200.0,16200.0,15600.0,15933.3330078125,194589,0.0,0.0
2010-10-21 00:00:00+09:00,16133.3330078125,16866.666015625,16066.6669921875,16800.0,373085,0.0,0.0
2010-10-22 00:00:00+09:00,16666.666015625,17133.333984375,16400.0,16466.666015625,228963,0.0,0.0
2010-10-25 00:00:00+09:00,16800.0,17000.0,16333.3330078125,16466.666015625,132604,0.0,0.0
2010-10-26 00:00:00+09:00,16666.666015625,16666.666015625,16000.0,16066.6669921875,136569,0.0,0.0
2010-10-27 00:00:00+09:00,16066.6669921875,16666.666015625,15866.6669921875,15866.6669921875,189652,0.0,0.0
2010-10-28 00:00:00+09:00,16066.6669921875,16266.6669921875,15666.6669921875,15800.0,94353,0.0,0.0
2010-10-29 00:00:00+09:00,15866.6669921875,16000.0,15133.3330078125,15266.6669921875,121646,0.0,0.0
2010-11-01 00:00:00+09:00,15400.0,15533.3330078125,15266.6669921875,15333.3330078125,84918,0.0,0.0
2010-11-02 00:00:00+09:00,15133.3330078125,15333.3330078125,14266.6669921875,14733.3330078125,176541,0.0,0.0
2010-11-03 00:00:00+09:00,14666.6669921875,15133.3330078125,14666.6669921875,14866.6669921875,63275,0.0,0.0
2010-11-04 00:00:00+09:00,15000.0,15133.3330078125,14666.6669921875,14933.3330078125,128583,0.0,0.0
2010-11-05 00:00:00+09:00,15066.6669921875,15200.0,14733.3330078125,15200.0,91473,0.0,0.0
2010-11-08 00:00:00+09:00,15333.3330078125,15400.0,14866.6669921875,15266.6669921875,74309,0.0,0.0
2010-11-09 00:00:00+09:00,15266.6669921875,16266.6669921875,15066.6669921875,15333.3330078125,301983,0.0,0.0
2010-11-10 00:00:00+09:00,15466.6669921875,15600.0,15133.3330078125,15200.0,65812,0.0,0.0
2010-11-11 00:00:00+09:00,15333.3330078125,15400.0,14933.3330078125,15000.0,77101,0.0,0.0
2010-11-12 00:00:00+09:00,15066.6669921875,15066.6669921875,13666.6669921875,14133.3330078125,170338,0.0,0.0
2010-11-15 00:00:00+09:00,14266.6669921875,14266.6669921875,13533.3330078125,13666.6669921875,61234,0.0,0.0
2010-11-16 00:00:00+09:00,13800.0,13933.3330078125,13146.6669921875,13253.3330078125,100139,0.0,0.0
2010-11-17 00:00:00+09:00,12866.6669921875,13666.6669921875,12866.6669921875,13466.6669921875,60153,0.0,0.0
2010-11-18 00:00:00+09:00,13733.3330078125,14000.0,13466.6669921875,13800.0,54878,0.0,0.0
2010-11-19 00:00:00+09:00,13800.0,14066.6669921875,13733.3330078125,13866.6669921875,33343,0.0,0.0
2010-11-22 00:00:00+09:00,13866.6669921875,14200.0,13333.3330078125,13600.0,67580,0.0,0.0
2010-11-23 00:00:00+09:00,13600.0,13666.6669921875,13333.3330078125,13466.6669921875,42729,0.0,0.0
2010-11-24 00:00:00+09:00,12666.6669921875,13253.3330078125,12640.0,13200.0,53809,0.0,0.0
2010-11-25 00:00:00+09:00,13533.3330078125,13666.6669921875,13080.0,13400.0,57128,0.0,0.0
2010-11-26 00:00:00+09:00,13600.0,13600.0,12066.6669921875,12506.6669921875,90800,0.0,0.0
2010-11-29 00:00:00+09:00,12506.6669921875,13000.0,12466.6669921875,12533.3330078125,55768,0.0,0.0
2010-11-30 00:00:00+09:00,12600.0,12773.3330078125,12506.6669921875,12533.3330078125,37559,0.0,0.0
2010-12-01 00:00:00+09:00,12533.3330078125,12640.0,12413.3330078125,12413.3330078125,57742,0.0,0.0
2010-12-02 00:00:00+09:00,12506.6669921875,13133.3330078125,12506.6669921875,12893.3330078125,77526,0.0,0.0
2010-12-03 00:00:00+09:00,13093.3330078125,13133.3330078125,12666.6669921875,12800.0,34908,0.0,0.0
2010-12-06 00:00:00+09:00,12973.3330078125,13666.6669921875,12973.3330078125,13666.6669921875,101792,0.0,0.0
2010-12-07 00:00:00+09:00,13933.3330078125,14000.0,13266.6669921875,13400.0,135810,0.0,0.0
2010-12-08 00:00:00+09:00,13333.3330078125,13333.3330078125,13040.0,13120.0,51104,0.0,0.0
2010-12-09 00:00:00+09:00,13253.3330078125,14000.0,13253.3330078125,13280.0,144960,0.0,0.0
2010-12-10 00:00:00+09:00,13293.3330078125,13533.3330078125,13200.0,13266.6669921875,32866,0.0,0.0
2010-12-13 00:00:00+09:00,13266.6669921875,13533.3330078125,13213.3330078125,13293.3330078125,77404,0.0,0.0
2010-12-14 00:00:00+09:00,13333.3330078125,13666.6669921875,13333.3330078125,13400.0,65360,0.0,0.0
2010-12-15 00:00:00+09:00,13466.6669921875,13800.0,13400.0,13666.6669921875,57974,0.0,0.0
2010-12-16 00:00:00+09:00,13733.3330078125,13800.0,13466.6669921875,13466.6669921875,36604,0.0,0.0
2010-12-17 00:00:00+09:00,13666.6669921875,14200.0,13466.6669921875,13600.0,178743,0.0,0.0
2010-12-20 00:00:00+09:00,13333.3330078125,13400.0,13080.0,13333.3330078125,53482,0.0,0.0
2010-12-21 00:00:00+09:00,13400.0,13933.3330078125,13333.3330078125,13466.6669921875,97865,0.0,0.0
2010-12-22 00:00:00+09:00,13600.0,13600.0,13226.6669921875,13266.6669921875,56451,0.0,0.0
2010-12-23 00:00:00+09:00,13466.6669921875,13466.6669921875,13080.0,13133.3330078125,23531,0.0,0.0
2010-12-24 00:00:00+09:00,13280.0,13280.0,12853.3330078125,12946.6669921875,40788,0.0,0.0
2010-12-27 00:00:00+09:00,12933.3330078125,13120.0,12400.0,12800.0,45134,0.0,0.0
2010-12-28 00:00:00+09:00,13013.3330078125,13066.6669921875,12546.6669921875,12546.6669921875,44465,0.0,0.0
2010-12-29 00:00:00+09:00,12760.0,12973.3330078125,12560.0,12973.3330078125,25237,0.0,0.0
2010-12-30 00:00:00+09:00,12866.6669921875,13240.0,12853.3330078125,13240.0,23697,0.0,0.0
2011-01-03 00:00:00+09:00,13333.3330078125,13533.3330078125,13253.3330078125,13306.6669921875,47196,0.0,0.0
2011-01-04 00:00:00+09:00,13333.3330078125,13400.0,13106.6669921875,13133.3330078125,49079,0.0,0.0
2011-01-05 00:00:00+09:00,13266.6669921875,13266.6669921875,12813.3330078125,12933.3330078125,51214,0.0,0.0
2011-01-06 00:00:00+09:00,12933.3330078125,13080.0,12666.6669921875,12853.3330078125,64122,0.0,0.0
2011-01-07 00:00:00+09:00,12906.6669921875,13293.3330078125,12800.0,13040.0,78748,0.0,0.0
2011-01-10 00:00:00+09:00,13040.0,13213.3330078125,12973.3330078125,13013.3330078125,34384,0.0,0.0
2011-01-11 00:00:00+09:00,13013.3330078125,13533.3330078125,12973.3330078125,13466.6669921875,100893,0.0,0.0
2011-01-12 00:00:00+09:00,13533.3330078125,14133.3330078125,13400.0,13933.3330078125,194448,0.0,0.0
2011-01-13 00:00:00+09:00,14133.3330078125,14133.3330078125,13466.6669921875,13733.3330078125,54166,0.0,0.0
2011-01-14 00:00:00+09:00,13866.6669921875,13866.6669921875,13400.0,13533.3330078125,65720,0.0,0.0
2011-01-17 00:00:00+09:00,13666.6669921875,14133.3330078125,13600.0,13733.3330078125,112430,0.0,0.0
2011-01-18 00:00:00+09:00,13600.0,14266.6669921875,13600.0,13733.3330078125,83857,0.0,0.0
2011-01-19 00:00:00+09:00,14200.0,14800.0,14000.0,14200.0,522794,0.0,0.0
2011-01-20 00:00:00+09:00,14133.3330078125,14333.3330078125,13600.0,13800.0,129399,0.0,0.0
2011-01-21 00:00:00+09:00,13666.6669921875,13666.6669921875,13280.0,13333.3330078125,105044,0.0,0.0
2011-01-24 00:00:00+09:00,13600.0,15066.6669921875,13600.0,14066.6669921875,397935,0.0,0.0
2011-01-25 00:00:00+09:00,14066.6669921875,14066.6669921875,13600.0,13800.0,118835,0.0,0.0
2011-01-26 00:00:00+09:00,13800.0,14000.0,13600.0,13666.6669921875,58718,0.0,0.0
2011-01-27 00:00:00+09:00,13666.6669921875,13933.3330078125,13533.3330078125,13600.0,69890,0.0,0.0
2011-01-28 00:00:00+09:00,13800.0,13800.0,13120.0,13133.3330078125,94488,0.0,0.0
2011-01-31 00:00:00+09:00,13213.3330078125,13600.0,13040.0,13160.0,87355,0.0,0.0
2011-02-01 00:00:00+09:00,13226.6669921875,13933.3330078125,13226.6669921875,13533.3330078125,82806,0.0,0.0
2011-02-07 00:00:00+09:00,13933.3330078125,14133.3330078125,13666.6669921875,13800.0,91878,0.0,0.0
2011-02-08 00:00:00+09:00,13933.3330078125,13933.3330078125,13600.0,13800.0,46731,0.0,0.0
2011-02-09 00:00:00+09:00,13866.6669921875,14466.6669921875,13733.3330078125,14266.6669921875,161864,0.0,0.0
2011-02-10 00:00:00+09:00,14400.0,14400.0,13866.6669921875,13866.6669921875,58322,0.0,0.0
2011-02-11 00:00:00+09:00,13933.3330078125,14266.6669921875,13733.3330078125,13933.3330078125,49920,0.0,0.0
2011-02-14 00:00:00+09:00,14133.3330078125,14133.3330078125,13533.3330078125,13600.0,65868,0.0,0.0
2011-02-15 00:00:00+09:00,13533.3330078125,13733.3330078125,13320.0,13666.6669921875,69815,0.0,0.0
2011-02-16 00:00:00+09:00,13666.6669921875,14266.6669921875,13306.6669921875,13733.3330078125,270096,0.0,0.0
2011-02-17 00:00:00+09:00,13666.6669921875,13800.0,13266.6669921875,13333.3330078125,113825,0.0,0.0
2011-02-18 00:00:00+09:00,13400.0,13666.6669921875,13226.6669921875,13533.3330078125,63278,0.0,0.0
2011-02-21 00:00:00+09:00,13533.3330078125,14066.6669921875,13533.3330078125,13733.3330078125,100649,0.0,0.0
2011-02-22 00:00:00+09:00,13733.3330078125,13733.3330078125,13320.0,13466.6669921875,55283,0.0,0.0
2011-02-23 00:00:00+09:00,13533.3330078125,14133.3330078125,13466.6669921875,14000.0,102836,0.0,0.0
2011-02-24 00:00:00+09:00,13933.3330078125,14933.3330078125,13666.6669921875,13666.6669921875,423348,0.0,0.0
2011-02-25 00:00:00+09:00,13800.0,14400.0,13733.3330078125,14333.3330078125,128487,0.0,0.0
2011-02-28 00:00:00+09:00,14533.3330078125,14533.3330078125,14066.6669921875,14133.3330078125,94257,0.0,0.0
2011-03-02 00:00:00+09:00,14133.3330078125,14733.3330078125,14000.0,14733.3330078125,199406,0.0,0.0
2011-03-03 00:00:00+09:00,14800.0,14933.3330078125,14533.3330078125,14666.6669921875,136701,0.0,0.0
2011-03-04 00:00:00+09:00,14666.6669921875,15133.3330078125,14400.0,15133.3330078125,220628,0.0,0.0
2011-03-07 00:00:00+09:00,15066.6669921875,15466.6669921875,14800.0,14933.3330078125,130571,0.0,0.0
2011-03-08 00:00:00+09:00,14933.3330078125,15333.3330078125,14800.0,14800.0,174958,0.0,0.0
2011-03-09 00:00:00+09:00,14866.6669921875,14933.3330078125,14266.6669921875,14266.6669921875,188220,0.0,0.0
2011-03-10 00:00:00+09:00,14200.0,14600.0,14133.3330078125,14533.3330078125,192449,0.0,0.0
2011-03-11 00:00:00+09:00,14620.0,14620.0,14120.0,14180.0,67567,0.0,0.0
2011-03-14 00:00:00+09:00,13500.0,13880.0,13300.0,13400.0,56261,0.0,0.0
2011-03-15 00:00:00+09:00,13600.0,13700.0,11460.0,12400.0,64789,0.0,0.0
2011-03-16 00:00:00+09:00,12200.0,13000.0,12200.0,12460.0,25466,0.0,0.0
2011-03-17 00:00:00+09:00,12200.0,12500.0,11940.0,12400.0,32847,0.0,0.0
2011-03-18 00:00:00+09:00,12420.0,12740.0,12420.0,12680.0,13006,0.0,0.0
2011-03-21 00:00:00+09:00,12900.0,12980.0,12600.0,12880.0,20230,0.0,0.0
2011-03-22 00:00:00+09:00,12880.0,13800.0,12880.0,13360.0,34045,0.0,0.0
2011-03-23 00:00:00+09:00,13380.0,13600.0,13000.0,13260.0,13019,0.0,0.0
2011-03-24 00:00:00+09:00,13300.0,13440.0,13060.0,13240.0,12910,0.0,0.0
2011-03-25 00:00:00+09:00,13240.0,13540.0,13220.0,13400.0,18964,0.0,0.0
2011-03-28 00:00:00+09:00,13600.0,13820.0,13400.0,13460.0,26578,0.0,0.0
2011-03-29 00:00:00+09:00,13460.0,13600.0,13060.0,13140.0,28700,0.0,0.0
2011-03-30 00:00:00+09:00,13140.0,13240.0,13060.0,13080.0,9389,0.0,0.0
2011-03-31 00:00:00+09:00,13000.0,13160.0,12740.0,12800.0,80469,0.0,0.0
2011-04-01 00:00:00+09:00,13080.0,13640.0,13080.0,13440.0,72389,0.0,0.0
2011-04-04 00:00:00+09:00,13520.0,13520.0,13220.0,13420.0,44952,0.0,0.0
2011-04-05 00:00:00+09:00,13460.0,13460.0,13020.0,13400.0,51339,0.0,0.0
2011-04-06 00:00:00+09:00,13380.0,14340.0,13320.0,14260.0,174192,0.0,0.0
2011-04-07 00:00:00+09:00,14240.0,14460.0,14020.0,14200.0,55003,0.0,0.0
2011-04-08 00:00:00+09:00,14260.0,14660.0,14100.0,14240.0,74447,0.0,0.0
2011-04-11 00:00:00+09:00,14180.0,14360.0,13840.0,13840.0,53362,0.0,0.0
2011-04-12 00:00:00+09:00,13760.0,14000.0,13460.0,13580.0,60438,0.0,0.0
2011-04-13 00:00:00+09:00,14400.0,15000.0,13880.0,13960.0,227256,0.0,0.0
2011-04-14 00:00:00+09:00,13860.0,14040.0,13600.0,13700.0,76341,0.0,0.0
2011-04-15 00:00:00+09:00,13720.0,14200.0,13640.0,14140.0,84468,0.0,0.0
2011-04-18 00:00:00+09:00,14400.0,14920.0,14200.0,14360.0,289447,0.0,0.0
2011-04-19 00:00:00+09:00,14280.0,14280.0,13840.0,13860.0,111124,0.0,0.0
2011-04-20 00:00:00+09:00,14060.0,14080.0,13620.0,13860.0,56243,0.0,0.0
2011-04-21 00:00:00+09:00,13880.0,14260.0,13600.0,13720.0,73499,0.0,0.0
2011-04-22 00:00:00+09:00,13720.0,14340.0,13560.0,13800.0,109317,0.0,0.0
2011-04-25 00:00:00+09:00,13900.0,14300.0,13880.0,14280.0,74519,0.0,0.0
2011-04-26 00:00:00+09:00,14340.0,14380.0,13800.0,13980.0,87616,0.0,0.0
2011-04-27 00:00:00+09:00,14200.0,14240.0,13560.0,13560.0,71908,0.0,0.0
2011-04-28 00:00:00+09:00,13800.0,13920.0,13480.0,13520.0,43553,0.0,0.0
2011-04-29 00:00:00+09:00,13520.0,13660.0,13020.0,13240.0,40212,0.0,0.0
2011-05-02 00:00:00+09:00,13080.0,13880.0,12880.0,13220.0,110572,0.0,0.0
2011-05-03 00:00:00+09:00,13160.0,13420.0,12960.0,13080.0,36578,0.0,0.0
2011-05-04 00:00:00+09:00,13300.0,13300.0,12860.0,13080.0,18313,0.0,0.0
2011-05-06 00:00:00+09:00,13100.0,13940.0,12940.0,13120.0,106209,0.0,0.0
2011-05-09 00:00:00+09:00,13000.0,13300.0,12800.0,12800.0,51304,0.0,0.0
2011-05-11 00:00:00+09:00,12880.0,13000.0,12600.0,12680.0,27267,0.0,0.0
2011-05-12 00:00:00+09:00,12480.0,12680.0,12300.0,12480.0,16740,0.0,0.0
2011-05-13 00:00:00+09:00,12480.0,12940.0,12480.0,12940.0,20104,0.0,0.0
2011-05-16 00:00:00+09:00,12980.0,13240.0,12900.0,13100.0,19632,0.0,0.0
2011-05-17 00:00:00+09:00,13000.0,13200.0,12660.0,12820.0,10857,0.0,0.0
2011-05-18 00:00:00+09:00,12720.0,12800.0,12420.0,12600.0,33833,0.0,0.0
2011-05-19 00:00:00+09:00,12700.0,12780.0,12300.0,12340.0,15800,0.0,0.0
2011-05-20 00:00:00+09:00,12220.0,12500.0,12000.0,12000.0,24101,0.0,0.0
2011-05-23 00:00:00+09:00,12000.0,12160.0,11400.0,11400.0,33904,0.0,0.0
2011-05-24 00:00:00+09:00,11200.0,11380.0,10940.0,11000.0,52286,0.0,0.0
2011-05-25 00:00:00+09:00,10960.0,11460.0,10960.0,10980.0,41475,0.0,0.0
2011-05-26 00:00:00+09:00,11000.0,11200.0,10940.0,11080.0,22748,0.0,0.0
2011-05-27 00:00:00+09:00,11100.0,11460.0,11100.0,11360.0,15716,0.0,0.0
2011-05-30 00:00:00+09:00,11380.0,11460.0,10960.0,11020.0,18475,0.0,0.0
2011-05-31 00:00:00+09:00,11020.0,11020.0,9400.0,9830.0,279000,0.0,0.0
2011-06-01 00:00:00+09:00,10000.0,10060.0,9840.0,9860.0,46225,0.0,0.0
2011-06-02 00:00:00+09:00,9800.0,9850.0,9560.0,9610.0,31378,0.0,0.0
2011-06-03 00:00:00+09:00,9580.0,9680.0,9140.0,9140.0,41333,0.0,0.0
2011-06-07 00:00:00+09:00,9040.0,9480.0,9040.0,9310.0,19756,0.0,0.0
2011-06-08 00:00:00+09:00,9270.0,9810.0,9270.0,9700.0,31002,0.0,0.0
2011-06-09 00:00:00+09:00,9710.0,9790.0,9500.0,9620.0,11839,0.0,0.0
2011-06-10 00:00:00+09:00,9580.0,9710.0,9400.0,9460.0,13467,0.0,0.0
2011-06-13 00:00:00+09:00,9420.0,9420.0,9020.0,9080.0,18268,0.0,0.0
2011-06-14 00:00:00+09:00,8900.0,9180.0,8700.0,8850.0,32506,0.0,0.0
2011-06-15 00:00:00+09:00,8810.0,8940.0,8400.0,8430.0,29228,0.0,0.0
2011-06-16 00:00:00+09:00,8310.0,8490.0,8200.0,8360.0,29886,0.0,0.0
2011-06-17 00:00:00+09:00,8420.0,8740.0,8370.0,8660.0,32578,0.0,0.0
2011-06-20 00:00:00+09:00,8660.0,8850.0,8640.0,8640.0,14865,0.0,0.0
2011-06-21 00:00:00+09:00,8520.0,8740.0,8520.0,8600.0,10688,0.0,0.0
2011-06-22 00:00:00+09:00,8600.0,9400.0,8520.0,9200.0,51938,0.0,0.0
2011-06-23 00:00:00+09:00,10000.0,10580.0,9720.0,10580.0,294713,0.0,0.0
2011-06-24 00:00:00+09:00,10700.0,11240.0,10500.0,10660.0,467478,0.0,0.0
2011-06-27 00:00:00+09:00,10580.0,10660.0,9990.0,10320.0,124387,0.0,0.0
2011-06-28 00:00:00+09:00,10400.0,11860.0,10280.0,11860.0,405813,0.0,0.0
2011-06-29 00:00:00+09:00,12200.0,13500.0,11640.0,11720.0,658730,0.0,0.0
2011-06-30 00:00:00+09:00,11600.0,12180.0,11200.0,11580.0,262385,0.0,0.0
2011-07-01 00:00:00+09:00,11440.0,11760.0,11020.0,11020.0,143839,0.0,0.0
2011-07-04 00:00:00+09:00,10860.0,11640.0,10860.0,11200.0,87553,0.0,0.0
2011-07-05 00:00:00+09:00,11200.0,11400.0,10840.0,11340.0,66770,0.0,0.0
2011-07-06 00:00:00+09:00,11300.0,12200.0,11100.0,11560.0,148909,0.0,0.0
2011-07-07 00:00:00+09:00,11480.0,11680.0,11300.0,11500.0,48448,0.0,0.0
2011-07-08 00:00:00+09:00,11700.0,12200.0,11400.0,11760.0,102853,0.0,0.0
2011-07-11 00:00:00+09:00,11760.0,11800.0,11260.0,11260.0,27254,0.0,0.0
2011-07-12 00:00:00+09:00,10940.0,11040.0,10560.0,10700.0,51929,0.0,0.0
2011-07-13 00:00:00+09:00,10700.0,11520.0,10580.0,11100.0,69904,0.0,0.0
2011-07-14 00:00:00+09:00,11020.0,11180.0,10760.0,10760.0,37567,0.0,0.0
2011-07-15 00:00:00+09:00,10760.0,10840.0,10420.0,10420.0,39906,0.0,0.0
2011-07-18 00:00:00+09:00,10620.0,10660.0,10240.0,10400.0,40841,0.0,0.0
2011-07-19 00:00:00+09:00,10400.0,11960.0,10400.0,11480.0,252662,0.0,0.0
2011-07-20 00:00:00+09:00,11720.0,11780.0,11180.0,11360.0,74202,0.0,0.0
2011-07-21 00:00:00+09:00,11360.0,11500.0,11020.0,11100.0,30665,0.0,0.0
2011-07-22 00:00:00+09:00,11200.0,11660.0,11160.0,11580.0,68211,0.0,0.0
2011-07-25 00:00:00+09:00,11520.0,12300.0,11420.0,11720.0,101710,0.0,0.0
2011-07-26 00:00:00+09:00,11580.0,12080.0,11580.0,11780.0,40499,0.0,0.0
2011-07-27 00:00:00+09:00,11780.0,12520.0,11480.0,11640.0,148840,0.0,0.0
2011-07-28 00:00:00+09:00,11680.0,11760.0,11360.0,11360.0,41098,0.0,0.0
2011-07-29 00:00:00+09:00,11540.0,11720.0,11000.0,11140.0,56927,0.0,0.0
2011-08-01 00:00:00+09:00,11300.0,11800.0,11300.0,11720.0,50890,0.0,0.0
2011-08-02 00:00:00+09:00,11700.0,11700.0,11240.0,11280.0,32691,0.0,0.0
2011-08-03 00:00:00+09:00,11200.0,11300.0,10660.0,10940.0,56514,0.0,0.0
2011-08-04 00:00:00+09:00,11200.0,11260.0,10700.0,10860.0,25851,0.0,0.0
2011-08-05 00:00:00+09:00,10240.0,10380.0,9440.0,9650.0,77810,0.0,0.0
2011-08-08 00:00:00+09:00,9010.0,9590.0,8330.0,8330.0,79794,0.0,0.0
2011-08-09 00:00:00+09:00,7300.0,8050.0,7090.0,7200.0,115305,0.0,0.0
2011-08-10 00:00:00+09:00,7790.0,8260.0,7640.0,8260.0,92919,0.0,0.0
2011-08-11 00:00:00+09:00,7620.0,8840.0,7500.0,8780.0,88000,0.0,0.0
2011-08-12 00:00:00+09:00,8820.0,9190.0,8780.0,8940.0,72966,0.0,0.0
2011-08-16 00:00:00+09:00,9600.0,9820.0,9360.0,9440.0,73782,0.0,0.0
2011-08-17 00:00:00+09:00,9580.0,9620.0,9270.0,9400.0,55099,0.0,0.0
2011-08-18 00:00:00+09:00,9360.0,9440.0,8660.0,9090.0,56173,0.0,0.0
2011-08-19 00:00:00+09:00,8310.0,8510.0,8000.0,8000.0,53790,0.0,0.0
2011-08-22 00:00:00+09:00,7700.0,8420.0,7700.0,7840.0,37258,0.0,0.0
2011-08-23 00:00:00+09:00,8000.0,8200.0,7900.0,8200.0,24912,0.0,0.0
2011-08-24 00:00:00+09:00,8360.0,8450.0,7960.0,8160.0,28969,0.0,0.0
2011-08-25 00:00:00+09:00,8360.0,8360.0,8120.0,8230.0,25241,0.0,0.0
2011-08-26 00:00:00+09:00,8070.0,8240.0,8000.0,8180.0,34328,0.0,0.0
2011-08-29 00:00:00+09:00,8600.0,9400.0,8400.0,9400.0,185133,0.0,0.0
2011-08-30 00:00:00+09:00,9800.0,10800.0,9730.0,10280.0,631222,0.0,0.0
2011-08-31 00:00:00+09:00,10400.0,10400.0,9510.0,9590.0,185774,0.0,0.0
2011-09-01 00:00:00+09:00,9740.0,10060.0,9560.0,9620.0,97470,0.0,0.0
2011-09-02 00:00:00+09:00,9620.0,9770.0,9160.0,9250.0,82190,0.0,0.0
2011-09-05 00:00:00+09:00,9160.0,9160.0,8800.0,8800.0,51783,0.0,0.0
2011-09-06 00:00:00+09:00,8500.0,8890.0,8240.0,8400.0,40381,0.0,0.0
2011-09-07 00:00:00+09:00,8660.0,8920.0,8570.0,8880.0,51278,0.0,0.0
2011-09-08 00:00:00+09:00,10060.0,10200.0,9740.0,9930.0,364052,0.0,0.0
2011-09-09 00:00:00+09:00,9470.0,9620.0,9160.0,9170.0,132818,0.0,0.0
2011-09-14 00:00:00+09:00,9490.0,10540.0,9490.0,10540.0,179580,0.0,0.0
2011-09-15 00:00:00+09:00,11000.0,12000.0,10600.0,11260.0,1062424,0.0,0.0
2011-09-16 00:00:00+09:00,11600.0,11900.0,10660.0,10800.0,684595,0.0,0.0
2011-09-19 00:00:00+09:00,10960.0,12420.0,10560.0,11960.0,1216822,0.0,0.0
2011-09-20 00:00:00+09:00,11700.0,12420.0,11440.0,12300.0,644218,0.0,0.0
2011-09-21 00:00:00+09:00,12460.0,12520.0,11920.0,12020.0,318858,0.0,0.0
2011-09-22 00:00:00+09:00,11500.0,11900.0,11180.0,11260.0,201951,0.0,0.0
2011-09-23 00:00:00+09:00,10640.0,10780.0,9830.0,9830.0,198054,0.0,0.0
2011-09-26 00:00:00+09:00,10160.0,10400.0,8500.0,8880.0,201418,0.0,0.0
2011-09-27 00:00:00+09:00,9220.0,9680.0,9220.0,9680.0,146480,0.0,0.0
2011-09-28 00:00:00+09:00,9720.0,9900.0,9320.0,9330.0,131536,0.0,0.0
2011-09-29 00:00:00+09:00,9040.0,9700.0,9040.0,9500.0,97111,0.0,0.0
2011-09-30 00:00:00+09:00,9600.0,10920.0,9570.0,10520.0,488570,0.0,0.0
2011-10-04 00:00:00+09:00,9700.0,10100.0,9620.0,10100.0,131531,0.0,0.0
2011-10-05 00:00:00+09:00,10300.0,11120.0,10040.0,10080.0,307755,0.0,0.0
2011-10-06 00:00:00+09:00,10600.0,10960.0,10240.0,10380.0,156822,0.0,0.0
2011-10-07 00:00:00+09:00,10780.0,11080.0,10360.0,10720.0,191948,0.0,0.0
2011-10-10 00:00:00+09:00,10900.0,11800.0,10720.0,11520.0,285852,0.0,0.0
2011-10-11 00:00:00+09:00,11760.0,12280.0,11380.0,11400.0,326007,0.0,0.0
2011-10-12 00:00:00+09:00,11500.0,12520.0,11480.0,11900.0,454357,0.0,0.0
2011-10-13 00:00:00+09:00,12240.0,12440.0,11560.0,11560.0,369980,0.0,0.0
2011-10-14 00:00:00+09:00,11600.0,11640.0,10840.0,11360.0,196511,0.0,0.0
2011-10-17 00:00:00+09:00,11600.0,11600.0,11240.0,11320.0,102031,0.0,0.0
2011-10-18 00:00:00+09:00,11160.0,11920.0,10820.0,11700.0,176165,0.0,0.0
2011-10-19 00:00:00+09:00,12440.0,12480.0,11820.0,11820.0,290009,0.0,0.0
2011-10-20 00:00:00+09:00,11800.0,12100.0,11000.0,11000.0,136637,0.0,0.0
2011-10-21 00:00:00+09:00,11200.0,11600.0,11180.0,11440.0,74854,0.0,0.0
2011-10-24 00:00:00+09:00,11620.0,12260.0,11480.0,12200.0,245720,0.0,0.0
2011-10-25 00:00:00+09:00,12280.0,12400.0,11800.0,11800.0,114040,0.0,0.0
2011-10-26 00:00:00+09:00,11600.0,11920.0,11360.0,11800.0,95446,0.0,0.0
2011-10-27 00:00:00+09:00,11900.0,13360.0,11840.0,12800.0,586388,0.0,0.0
2011-10-28 00:00:00+09:00,13000.0,13060.0,12160.0,12500.0,194361,0.0,0.0
2011-10-31 00:00:00+09:00,12680.0,12980.0,12320.0,12480.0,136286,0.0,0.0
2011-11-01 00:00:00+09:00,12300.0,12800.0,12160.0,12280.0,108987,0.0,0.0
2011-11-02 00:00:00+09:00,11800.0,11940.0,11400.0,11860.0,117141,0.0,0.0
2011-11-03 00:00:00+09:00,12000.0,12060.0,11420.0,11460.0,89913,0.0,0.0
2011-11-04 00:00:00+09:00,11720.0,12120.0,11680.0,12080.0,84542,0.0,0.0
2011-11-07 00:00:00+09:00,12160.0,12600.0,11980.0,12500.0,140433,0.0,0.0
2011-11-08 00:00:00+09:00,12760.0,12860.0,12100.0,12100.0,115481,0.0,0.0
2011-11-09 00:00:00+09:00,12180.0,12380.0,12000.0,12060.0,85995,0.0,0.0
2011-11-10 00:00:00+09:00,11540.0,11780.0,11120.0,11300.0,118711,0.0,0.0
2011-11-11 00:00:00+09:00,11420.0,11540.0,10780.0,11280.0,131615,0.0,0.0
2011-11-14 00:00:00+09:00,11440.0,11840.0,11420.0,11620.0,70834,0.0,0.0
2011-11-15 00:00:00+09:00,11600.0,11900.0,11220.0,11420.0,70503,0.0,0.0
2011-11-16 00:00:00+09:00,11460.0,11600.0,10980.0,11180.0,71176,0.0,0.0
2011-11-17 00:00:00+09:00,11140.0,11260.0,10900.0,11200.0,51819,0.0,0.0
2011-11-18 00:00:00+09:00,11080.0,11200.0,10900.0,11100.0,41918,0.0,0.0
2011-11-21 00:00:00+09:00,11140.0,11280.0,10860.0,10880.0,26995,0.0,0.0
2011-11-22 00:00:00+09:00,10620.0,11080.0,10540.0,11080.0,47668,0.0,0.0
2011-11-23 00:00:00+09:00,11240.0,11240.0,10460.0,10780.0,51394,0.0,0.0
2011-11-24 00:00:00+09:00,10540.0,10920.0,10540.0,10860.0,28389,0.0,0.0
2011-11-25 00:00:00+09:00,10960.0,10960.0,10220.0,10480.0,30007,0.0,0.0
2011-11-28 00:00:00+09:00,10520.0,10640.0,8930.0,10460.0,34556,0.0,0.0
2011-11-29 00:00:00+09:00,10580.0,10600.0,10260.0,10320.0,45802,0.0,0.0
2011-11-30 00:00:00+09:00,10340.0,10600.0,10300.0,10320.0,28127,0.0,0.0
2011-12-01 00:00:00+09:00,10580.0,10760.0,10460.0,10520.0,47363,0.0,0.0
2011-12-02 00:00:00+09:00,10500.0,10620.0,10400.0,10500.0,18399,0.0,0.0
2011-12-05 00:00:00+09:00,10440.0,11140.0,10440.0,10920.0,49704,0.0,0.0
2011-12-06 00:00:00+09:00,10920.0,10940.0,10500.0,10660.0,31643,0.0,0.0
2011-12-07 00:00:00+09:00,10620.0,10820.0,10520.0,10800.0,36683,0.0,0.0
2011-12-08 00:00:00+09:00,10740.0,10900.0,10200.0,10520.0,58319,0.0,0.0
2011-12-09 00:00:00+09:00,10300.0,10540.0,10200.0,10320.0,26049,0.0,0.0
2011-12-12 00:00:00+09:00,10500.0,11000.0,10360.0,10980.0,68397,0.0,0.0
2011-12-13 00:00:00+09:00,10860.0,10900.0,10600.0,10840.0,46284,0.0,0.0
2011-12-14 00:00:00+09:00,10880.0,11540.0,10760.0,11400.0,147359,0.0,0.0
2011-12-15 00:00:00+09:00,11280.0,11540.0,10760.0,10760.0,115606,0.0,0.0
2011-12-16 00:00:00+09:00,11000.0,11120.0,10720.0,11100.0,77834,0.0,0.0
2011-12-19 00:00:00+09:00,11160.0,11300.0,9740.0,10560.0,201081,0.0,0.0
2011-12-20 00:00:00+09:00,10620.0,11040.0,10560.0,11040.0,67430,0.0,0.0
2011-12-21 00:00:00+09:00,11260.0,12060.0,11180.0,11600.0,323680,0.0,0.0
2011-12-22 00:00:00+09:00,11620.0,12060.0,11460.0,11940.0,164256,0.0,0.0
2011-12-23 00:00:00+09:00,12200.0,12660.0,11800.0,12580.0,613430,0.0,0.0
2011-12-26 00:00:00+09:00,12680.0,12800.0,12280.0,12380.0,235713,0.0,0.0
2011-12-27 00:00:00+09:00,12400.0,13800.0,11660.0,12760.0,396419,0.0,0.0
2011-12-28 00:00:00+09:00,13100.0,13820.0,12860.0,12980.0,460076,0.0,0.0
2011-12-29 00:00:00+09:00,12980.0,13800.0,12980.0,13560.0,624879,0.0,0.0
2012-01-02 00:00:00+09:00,13700.0,13740.0,13060.0,13360.0,278363,0.0,0.0
2012-01-03 00:00:00+09:00,13400.0,13500.0,12900.0,13240.0,273475,0.0,0.0
2012-01-04 00:00:00+09:00,13120.0,13380.0,12880.0,13040.0,186355,0.0,0.0
2012-01-05 00:00:00+09:00,13120.0,13120.0,12640.0,12700.0,182253,0.0,0.0
2012-01-06 00:00:00+09:00,12900.0,12900.0,12260.0,12380.0,163163,0.0,0.0
2012-01-09 00:00:00+09:00,12480.0,13740.0,12380.0,13220.0,689598,0.0,0.0
2012-01-10 00:00:00+09:00,13220.0,13620.0,12900.0,13500.0,387331,0.0,0.0
2012-01-11 00:00:00+09:00,13460.0,13580.0,13000.0,13400.0,213489,0.0,0.0
2012-01-12 00:00:00+09:00,13600.0,13980.0,12360.0,12420.0,585302,0.0,0.0
2012-01-13 00:00:00+09:00,12460.0,12480.0,11960.0,12000.0,283586,0.0,0.0
2012-01-16 00:00:00+09:00,11880.0,12200.0,11660.0,11660.0,153028,0.0,0.0
2012-01-17 00:00:00+09:00,11760.0,12040.0,11700.0,11900.0,94671,0.0,0.0
2012-01-18 00:00:00+09:00,11980.0,12180.0,11520.0,11520.0,91882,0.0,0.0
2012-01-19 00:00:00+09:00,11600.0,11760.0,11160.0,11700.0,80956,0.0,0.0
2012-01-20 00:00:00+09:00,11640.0,11820.0,11480.0,11520.0,83143,0.0,0.0
2012-01-25 00:00:00+09:00,11600.0,11820.0,11440.0,11600.0,56576,0.0,0.0
2012-01-26 00:00:00+09:00,11680.0,11680.0,11460.0,11540.0,43543,0.0,0.0
2012-01-27 00:00:00+09:00,11520.0,11580.0,11260.0,11560.0,110457,0.0,0.0
2012-01-30 00:00:00+09:00,12020.0,12180.0,11680.0,11680.0,247318,0.0,0.0
2012-01-31 00:00:00+09:00,11660.0,11960.0,11660.0,11760.0,57356,0.0,0.0
2012-02-01 00:00:00+09:00,11900.0,11900.0,11640.0,11760.0,67213,0.0,0.0
2012-02-02 00:00:00+09:00,11900.0,11920.0,11500.0,11580.0,77618,0.0,0.0
2012-02-03 00:00:00+09:00,11600.0,11720.0,11400.0,11500.0,74196,0.0,0.0
2012-02-06 00:00:00+09:00,11540.0,11600.0,11340.0,11360.0,65871,0.0,0.0
2012-02-07 00:00:00+09:00,11360.0,11360.0,11100.0,11180.0,72789,0.0,0.0
2012-02-08 00:00:00+09:00,11180.0,11500.0,11180.0,11260.0,55770,0.0,0.0
2012-02-09 00:00:00+09:00,11300.0,11400.0,11200.0,11260.0,52447,0.0,0.0
2012-02-10 00:00:00+09:00,11320.0,11900.0,11300.0,11640.0,130062,0.0,0.0
2012-02-13 00:00:00+09:00,11540.0,11780.0,11440.0,11760.0,107052,0.0,0.0
2012-02-14 00:00:00+09:00,11820.0,12400.0,11740.0,12020.0,268333,0.0,0.0
2012-02-15 00:00:00+09:00,12240.0,12340.0,11860.0,12000.0,97849,0.0,0.0
2012-02-16 00:00:00+09:00,12020.0,12260.0,11780.0,11820.0,83408,0.0,0.0
2012-02-17 00:00:00+09:00,12000.0,12060.0,11780.0,11840.0,43468,0.0,0.0
2012-02-20 00:00:00+09:00,11900.0,12260.0,11840.0,12160.0,96689,0.0,0.0
2012-02-21 00:00:00+09:00,12220.0,13040.0,12120.0,12760.0,430762,0.0,0.0
2012-02-22 00:00:00+09:00,12760.0,12980.0,12600.0,12680.0,83062,0.0,0.0
2012-02-23 00:00:00+09:00,12900.0,13260.0,12800.0,13080.0,173609,0.0,0.0
2012-02-24 00:00:00+09:00,13100.0,13100.0,12420.0,12760.0,111060,0.0,0.0
2012-02-27 00:00:00+09:00,12840.0,13800.0,12800.0,13160.0,386858,0.0,0.0
2012-02-28 00:00:00+09:00,13040.0,13560.0,12940.0,13480.0,167963,0.0,0.0
2012-02-29 00:00:00+09:00,13700.0,13700.0,13280.0,13500.0,97930,0.0,0.0
2012-03-02 00:00:00+09:00,13580.0,13780.0,13300.0,13500.0,149285,0.0,0.0
2012-03-05 00:00:00+09:00,13040.0,13180.0,11900.0,12140.0,382911,0.0,0.0
2012-03-06 00:00:00+09:00,11960.0,11960.0,11540.0,11860.0,135847,0.0,0.0
2012-03-07 00:00:00+09:00,11680.0,12080.0,11500.0,12080.0,75490,0.0,0.0
2012-03-08 00:00:00+09:00,12200.0,12220.0,11820.0,12060.0,55469,0.0,0.0
2012-03-09 00:00:00+09:00,12100.0,12360.0,11900.0,12340.0,56885,0.0,0.0
2012-03-12 00:00:00+09:00,12220.0,12360.0,12020.0,12060.0,42892,0.0,0.0
2012-03-13 00:00:00+09:00,12080.0,12320.0,12040.0,12280.0,31769,0.0,0.0
2012-03-14 00:00:00+09:00,12280.0,12340.0,11940.0,12020.0,40273,0.0,0.0
2012-03-15 00:00:00+09:00,12020.0,12220.0,11860.0,12120.0,37535,0.0,0.0
2012-03-16 00:00:00+09:00,12140.0,12580.0,12040.0,12400.0,86415,0.0,0.0
2012-03-19 00:00:00+09:00,12580.0,13460.0,12580.0,13020.0,175370,0.0,0.0
2012-03-20 00:00:00+09:00,13120.0,13200.0,12800.0,12820.0,49725,0.0,0.0
2012-03-21 00:00:00+09:00,12780.0,12900.0,11900.0,12000.0,109521,0.0,0.0
2012-03-22 00:00:00+09:00,12060.0,12060.0,10520.0,11040.0,225713,0.0,0.0
2012-03-23 00:00:00+09:00,11100.0,11580.0,11100.0,11320.0,65520,0.0,0.0
2012-03-26 00:00:00+09:00,11360.0,11680.0,11360.0,11400.0,36028,0.0,0.0
2012-03-27 00:00:00+09:00,11540.0,11720.0,11200.0,11300.0,44133,0.0,0.0
2012-03-28 00:00:00+09:00,11400.0,11400.0,10840.0,11100.0,80178,0.0,0.0
2012-03-29 00:00:00+09:00,10760.0,11020.0,10380.0,10380.0,77795,0.0,0.0
2012-03-30 00:00:00+09:00,10480.0,10640.0,10000.0,10200.0,90319,0.0,0.0
2012-04-02 00:00:00+09:00,10100.0,10300.0,9980.0,10160.0,55067,0.0,0.0
2012-04-03 00:00:00+09:00,10320.0,10320.0,10000.0,10120.0,42641,0.0,0.0
2012-04-04 00:00:00+09:00,10000.0,10160.0,9480.0,9810.0,120361,0.0,0.0
2012-04-05 00:00:00+09:00,9400.0,9920.0,8360.0,9660.0,81986,0.0,0.0
2012-04-06 00:00:00+09:00,9700.0,9870.0,9700.0,9810.0,44106,0.0,0.0
2012-04-09 00:00:00+09:00,9830.0,10680.0,9750.0,9940.0,146502,0.0,0.0
2012-04-10 00:00:00+09:00,10000.0,10000.0,9450.0,9640.0,54399,0.0,0.0
2012-04-12 00:00:00+09:00,9620.0,9620.0,9220.0,9280.0,52771,0.0,0.0
2012-04-13 00:00:00+09:00,9340.0,9640.0,9340.0,9640.0,53378,0.0,0.0
2012-04-16 00:00:00+09:00,9460.0,9640.0,9450.0,9600.0,38306,0.0,0.0
2012-04-17 00:00:00+09:00,9570.0,9870.0,9520.0,9530.0,132663,0.0,0.0
2012-04-18 00:00:00+09:00,9740.0,9760.0,9520.0,9520.0,117728,0.0,0.0
2012-04-19 00:00:00+09:00,9600.0,9600.0,9400.0,9540.0,39159,0.0,0.0
2012-04-20 00:00:00+09:00,9540.0,9540.0,9000.0,9200.0,85796,0.0,0.0
2012-04-23 00:00:00+09:00,9390.0,9390.0,9000.0,9010.0,27550,0.0,0.0
2012-04-24 00:00:00+09:00,9100.0,9290.0,9000.0,9240.0,51511,0.0,0.0
2012-04-25 00:00:00+09:00,9240.0,9600.0,9240.0,9330.0,33126,0.0,0.0
2012-04-26 00:00:00+09:00,9440.0,9740.0,9100.0,9240.0,88017,0.0,0.0
2012-04-27 00:00:00+09:00,9240.0,9360.0,9020.0,9110.0,30113,0.0,0.0
2012-04-30 00:00:00+09:00,9160.0,9160.0,8770.0,8890.0,45582,0.0,0.0
2012-05-02 00:00:00+09:00,8820.0,9300.0,8600.0,9250.0,46676,0.0,0.0
2012-05-03 00:00:00+09:00,9250.0,9390.0,9110.0,9390.0,28597,0.0,0.0
2012-05-04 00:00:00+09:00,9220.0,10780.0,9220.0,10600.0,280836,0.0,0.0
2012-05-07 00:00:00+09:00,10540.0,10860.0,10380.0,10520.0,123633,0.0,0.0
2012-05-08 00:00:00+09:00,10520.0,10980.0,10360.0,10740.0,123138,0.0,0.0
2012-05-09 00:00:00+09:00,10760.0,10820.0,10340.0,10600.0,111055,0.0,0.0
2012-05-10 00:00:00+09:00,10720.0,10720.0,10380.0,10540.0,39757,0.0,0.0
2012-05-11 00:00:00+09:00,10520.0,10560.0,10020.0,10100.0,50922,0.0,0.0
2012-05-14 00:00:00+09:00,10220.0,10240.0,9750.0,9800.0,29016,0.0,0.0
2012-05-15 00:00:00+09:00,9740.0,9760.0,9170.0,9520.0,38517,0.0,0.0
2012-05-16 00:00:00+09:00,9260.0,9570.0,9220.0,9400.0,33533,0.0,0.0
2012-05-17 00:00:00+09:00,9360.0,9590.0,9360.0,9480.0,20286,0.0,0.0
2012-05-18 00:00:00+09:00,9380.0,9390.0,9000.0,9100.0,21706,0.0,0.0
2012-05-21 00:00:00+09:00,8920.0,9050.0,8730.0,8800.0,32890,0.0,0.0
2012-05-22 00:00:00+09:00,8910.0,9110.0,8840.0,9100.0,20044,0.0,0.0
2012-05-23 00:00:00+09:00,9040.0,9040.0,8660.0,8660.0,26113,0.0,0.0
2012-05-24 00:00:00+09:00,8670.0,9080.0,8670.0,8900.0,34115,0.0,0.0
2012-05-25 00:00:00+09:00,8900.0,9540.0,8870.0,9540.0,22938,0.0,0.0
2012-05-29 00:00:00+09:00,9650.0,9860.0,9530.0,9780.0,30160,0.0,0.0
2012-05-30 00:00:00+09:00,9650.0,9970.0,9650.0,9720.0,21267,0.0,0.0
2012-05-31 00:00:00+09:00,9600.0,9680.0,9210.0,9640.0,18400,0.0,0.0
2012-06-01 00:00:00+09:00,9480.0,9850.0,9480.0,9690.0,14184,0.0,0.0
2012-06-04 00:00:00+09:00,9210.0,9520.0,9150.0,9300.0,34893,0.0,0.0
2012-06-05 00:00:00+09:00,9400.0,9800.0,9380.0,9620.0,25873,0.0,0.0
2012-06-07 00:00:00+09:00,10000.0,10000.0,9740.0,9800.0,17174,0.0,0.0
2012-06-08 00:00:00+09:00,9810.0,9920.0,9460.0,9780.0,19535,0.0,0.0
2012-06-11 00:00:00+09:00,9960.0,10060.0,9620.0,10060.0,25044,0.0,0.0
2012-06-12 00:00:00+09:00,10400.0,10420.0,9820.0,10040.0,112875,0.0,0.0
2012-06-13 00:00:00+09:00,10460.0,10920.0,10080.0,10220.0,244558,0.0,0.0
2012-06-14 00:00:00+09:00,10260.0,10400.0,10160.0,10260.0,59873,0.0,0.0
2012-06-15 00:00:00+09:00,10400.0,10440.0,10120.0,10200.0,49347,0.0,0.0
2012-06-18 00:00:00+09:00,10260.0,10460.0,10240.0,10320.0,51337,0.0,0.0
2012-06-19 00:00:00+09:00,10400.0,10640.0,10320.0,10560.0,46674,0.0,0.0
2012-06-20 00:00:00+09:00,10600.0,10840.0,10560.0,10820.0,80468,0.0,0.0
2012-06-21 00:00:00+09:00,11000.0,11000.0,10560.0,10800.0,75821,0.0,0.0
2012-06-22 00:00:00+09:00,10540.0,10700.0,10320.0,10320.0,42556,0.0,0.0
2012-06-25 00:00:00+09:00,10340.0,10780.0,9910.0,9910.0,90068,0.0,0.0
2012-06-26 00:00:00+09:00,9790.0,9890.0,9640.0,9680.0,36332,0.0,0.0
2012-06-27 00:00:00+09:00,9700.0,9800.0,9620.0,9660.0,18356,0.0,0.0
2012-06-28 00:00:00+09:00,9600.0,9760.0,9600.0,9630.0,21281,0.0,0.0
2012-06-29 00:00:00+09:00,9640.0,9800.0,9500.0,9660.0,17599,0.0,0.0
2012-07-02 00:00:00+09:00,9800.0,9800.0,9660.0,9720.0,15215,0.0,0.0
2012-07-03 00:00:00+09:00,9760.0,10020.0,9760.0,9880.0,37519,0.0,0.0
2012-07-04 00:00:00+09:00,9780.0,9920.0,9690.0,9770.0,30339,0.0,0.0
2012-07-05 00:00:00+09:00,9840.0,9840.0,9700.0,9800.0,19372,0.0,0.0
2012-07-06 00:00:00+09:00,9740.0,10240.0,9740.0,10140.0,120185,0.0,0.0
2012-07-09 00:00:00+09:00,10400.0,11660.0,10340.0,10560.0,1166601,0.0,0.0
2012-07-10 00:00:00+09:00,10600.0,10680.0,10160.0,10180.0,121625,0.0,0.0
2012-07-11 00:00:00+09:00,10080.0,10280.0,10040.0,10100.0,39491,0.0,0.0
2012-07-12 00:00:00+09:00,10040.0,10320.0,9970.0,9970.0,61550,0.0,0.0
2012-07-13 00:00:00+09:00,9970.0,10080.0,9380.0,10020.0,42100,0.0,0.0
2012-07-16 00:00:00+09:00,10080.0,10880.0,9960.0,10040.0,82953,0.0,0.0
2012-07-17 00:00:00+09:00,9940.0,10260.0,9940.0,10020.0,26642,0.0,0.0
2012-07-18 00:00:00+09:00,10060.0,10220.0,9810.0,10220.0,43576,0.0,0.0
2012-07-19 00:00:00+09:00,10220.0,10380.0,10040.0,10100.0,53479,0.0,0.0
2012-07-20 00:00:00+09:00,11000.0,11320.0,10080.0,10080.0,312537,0.0,0.0
2012-07-23 00:00:00+09:00,10020.0,10120.0,9710.0,9720.0,68658,0.0,0.0
2012-07-24 00:00:00+09:00,9480.0,9650.0,9450.0,9630.0,39628,0.0,0.0
2012-07-25 00:00:00+09:00,9400.0,9640.0,9340.0,9400.0,25871,0.0,0.0
2012-07-26 00:00:00+09:00,10280.0,10300.0,9330.0,9330.0,92935,0.0,0.0
2012-07-27 00:00:00+09:00,9420.0,9580.0,9260.0,9340.0,43741,0.0,0.0
2012-07-30 00:00:00+09:00,9350.0,9460.0,9170.0,9230.0,20135,0.0,0.0
2012-07-31 00:00:00+09:00,9150.0,9280.0,9080.0,9130.0,39471,0.0,0.0
2012-08-01 00:00:00+09:00,9150.0,9160.0,8950.0,9080.0,23787,0.0,0.0
2012-08-02 00:00:00+09:00,9030.0,9200.0,8990.0,9080.0,12591,0.0,0.0
2012-08-03 00:00:00+09:00,9060.0,9300.0,9060.0,9230.0,11609,0.0,0.0
2012-08-06 00:00:00+09:00,9250.0,9400.0,9190.0,9380.0,31970,0.0,0.0
2012-08-07 00:00:00+09:00,9500.0,9500.0,9140.0,9200.0,27148,0.0,0.0
2012-08-08 00:00:00+09:00,9300.0,9300.0,9110.0,9140.0,29559,0.0,0.0
2012-08-09 00:00:00+09:00,9150.0,9260.0,9140.0,9170.0,13260,0.0,0.0
2012-08-10 00:00:00+09:00,9230.0,9280.0,9150.0,9170.0,12249,0.0,0.0
2012-08-13 00:00:00+09:00,9080.0,9200.0,9080.0,9140.0,15841,0.0,0.0
2012-08-14 00:00:00+09:00,9090.0,9510.0,9090.0,9200.0,35096,0.0,0.0
2012-08-16 00:00:00+09:00,9210.0,9290.0,9120.0,9140.0,29733,0.0,0.0
2012-08-17 00:00:00+09:00,9180.0,9230.0,9000.0,9000.0,31504,0.0,0.0
2012-08-20 00:00:00+09:00,9020.0,9170.0,9020.0,9100.0,11962,0.0,0.0
2012-08-21 00:00:00+09:00,9120.0,9400.0,9040.0,9360.0,30710,0.0,0.0
2012-08-22 00:00:00+09:00,9360.0,9420.0,9180.0,9340.0,17208,0.0,0.0
2012-08-23 00:00:00+09:00,9390.0,9390.0,8950.0,9090.0,77155,0.0,0.0
2012-08-24 00:00:00+09:00,9000.0,9090.0,8960.0,9060.0,31879,0.0,0.0
2012-08-27 00:00:00+09:00,9000.0,9000.0,7740.0,7880.0,149300,0.0,0.0
2012-08-28 00:00:00+09:00,7920.0,8250.0,7910.0,8250.0,50432,0.0,0.0
2012-08-29 00:00:00+09:00,8150.0,8240.0,8070.0,8100.0,37870,0.0,0.0
2012-08-30 00:00:00+09:00,8040.0,8210.0,7990.0,8140.0,27461,0.0,0.0
2012-08-31 00:00:00+09:00,8000.0,8180.0,8000.0,8170.0,24558,0.0,0.0
2012-09-03 00:00:00+09:00,8200.0,8240.0,8020.0,8140.0,24256,0.0,0.0
2012-09-04 00:00:00+09:00,8140.0,8220.0,8080.0,8220.0,28203,0.0,0.0
2012-09-05 00:00:00+09:00,8500.0,8700.0,8200.0,8300.0,51777,0.0,0.0
2012-09-06 00:00:00+09:00,8400.0,8400.0,8160.0,8170.0,14415,0.0,0.0
2012-09-07 00:00:00+09:00,8200.0,8260.0,8130.0,8130.0,20140,0.0,0.0
2012-09-10 00:00:00+09:00,8240.0,8240.0,8040.0,8040.0,22265,0.0,0.0
2012-09-11 00:00:00+09:00,8050.0,8180.0,8020.0,8040.0,16060,0.0,0.0
2012-09-12 00:00:00+09:00,8110.0,8150.0,8030.0,8050.0,24236,0.0,0.0
2012-09-13 00:00:00+09:00,8110.0,8110.0,7990.0,8090.0,44625,0.0,0.0
2012-09-14 00:00:00+09:00,8090.0,8230.0,8020.0,8120.0,28222,0.0,0.0
2012-09-17 00:00:00+09:00,8200.0,8200.0,7990.0,8030.0,20542,0.0,0.0
2012-09-18 00:00:00+09:00,8030.0,8100.0,7980.0,8050.0,23607,0.0,0.0
2012-09-19 00:00:00+09:00,8080.0,8210.0,8050.0,8160.0,32351,0.0,0.0
2012-09-20 00:00:00+09:00,8210.0,8410.0,8180.0,8240.0,48650,0.0,0.0
2012-09-21 00:00:00+09:00,8330.0,8480.0,8200.0,8390.0,50023,0.0,0.0
2012-09-24 00:00:00+09:00,9180.0,9640.0,9000.0,9000.0,856514,0.0,0.0
2012-09-25 00:00:00+09:00,9120.0,9200.0,8670.0,8720.0,146889,0.0,0.0
2012-09-26 00:00:00+09:00,8620.0,9100.0,8590.0,8720.0,97931,0.0,0.0
2012-09-27 00:00:00+09:00,8600.0,8750.0,8530.0,8600.0,55576,0.0,0.0
2012-09-28 00:00:00+09:00,8690.0,8700.0,8400.0,8430.0,61615,0.0,0.0
2012-10-02 00:00:00+09:00,8390.0,8760.0,8360.0,8370.0,62356,0.0,0.0
2012-10-04 00:00:00+09:00,8440.0,8440.0,8290.0,8310.0,24238,0.0,0.0
2012-10-05 00:00:00+09:00,8360.0,8640.0,8320.0,8560.0,58975,0.0,0.0
2012-10-08 00:00:00+09:00,8520.0,8680.0,8490.0,8560.0,25050,0.0,0.0
2012-10-09 00:00:00+09:00,8560.0,8660.0,8540.0,8630.0,45166,0.0,0.0
2012-10-10 00:00:00+09:00,8620.0,8620.0,8200.0,8360.0,34175,0.0,0.0
2012-10-11 00:00:00+09:00,8360.0,8380.0,8260.0,8320.0,24965,0.0,0.0
2012-10-12 00:00:00+09:00,8250.0,8440.0,8210.0,8250.0,32465,0.0,0.0
2012-10-15 00:00:00+09:00,8160.0,8290.0,7850.0,7900.0,45649,0.0,0.0
2012-10-16 00:00:00+09:00,7700.0,8100.0,7700.0,7940.0,29503,0.0,0.0
2012-10-17 00:00:00+09:00,8000.0,8090.0,7950.0,7950.0,17493,0.0,0.0
2012-10-18 00:00:00+09:00,7890.0,8090.0,7820.0,7950.0,18259,0.0,0.0
2012-10-19 00:00:00+09:00,7730.0,7950.0,7730.0,7770.0,16469,0.0,0.0
2012-10-22 00:00:00+09:00,7700.0,7720.0,7600.0,7680.0,38465,0.0,0.0
2012-10-23 00:00:00+09:00,7580.0,7880.0,7540.0,7600.0,19917,0.0,0.0
2012-10-24 00:00:00+09:00,7580.0,7730.0,7500.0,7520.0,22486,0.0,0.0
2012-10-25 00:00:00+09:00,7490.0,7610.0,7250.0,7250.0,21446,0.0,0.0
2012-10-26 00:00:00+09:00,7130.0,7260.0,6330.0,6440.0,117235,0.0,0.0
2012-10-29 00:00:00+09:00,6320.0,6510.0,6230.0,6390.0,38860,0.0,0.0
2012-10-30 00:00:00+09:00,6120.0,6440.0,6120.0,6350.0,33355,0.0,0.0
2012-10-31 00:00:00+09:00,6290.0,6400.0,6290.0,6370.0,30192,0.0,0.0
2012-11-01 00:00:00+09:00,6310.0,6380.0,6190.0,6270.0,16802,0.0,0.0
2012-11-02 00:00:00+09:00,6290.0,6700.0,6200.0,6700.0,57668,0.0,0.0
2012-11-05 00:00:00+09:00,6690.0,6780.0,6450.0,6690.0,87189,0.0,0.0
2012-11-06 00:00:00+09:00,6700.0,6700.0,6480.0,6580.0,35794,0.0,0.0
2012-11-07 00:00:00+09:00,6620.0,7000.0,6550.0,6760.0,51301,0.0,0.0
2012-11-08 00:00:00+09:00,6620.0,7000.0,6590.0,6870.0,39357,0.0,0.0
2012-11-09 00:00:00+09:00,6870.0,6870.0,6300.0,6660.0,28111,0.0,0.0
2012-11-12 00:00:00+09:00,6600.0,6700.0,6400.0,6410.0,28920,0.0,0.0
2012-11-13 00:00:00+09:00,6400.0,6450.0,6130.0,6140.0,42447,0.0,0.0
2012-11-14 00:00:00+09:00,5940.0,6440.0,5940.0,6400.0,30977,0.0,0.0
2012-11-15 00:00:00+09:00,6000.0,6330.0,6000.0,6080.0,15811,0.0,0.0
2012-11-16 00:00:00+09:00,6010.0,6140.0,5990.0,5990.0,16282,0.0,0.0
2012-11-19 00:00:00+09:00,6020.0,6170.0,6020.0,6090.0,8012,0.0,0.0
2012-11-20 00:00:00+09:00,6120.0,6200.0,6070.0,6140.0,7284,0.0,0.0
2012-11-21 00:00:00+09:00,6200.0,6200.0,5960.0,6090.0,14794,0.0,0.0
2012-11-22 00:00:00+09:00,6160.0,6160.0,5980.0,6110.0,19557,0.0,0.0
2012-11-23 00:00:00+09:00,6500.0,6500.0,6130.0,6160.0,34002,0.0,0.0
2012-11-26 00:00:00+09:00,6290.0,6290.0,5970.0,6100.0,21600,0.0,0.0
2012-11-27 00:00:00+09:00,6100.0,6100.0,5990.0,6000.0,18019,0.0,0.0
2012-11-28 00:00:00+09:00,6000.0,6100.0,5940.0,6000.0,7092,0.0,0.0
2012-11-29 00:00:00+09:00,5960.0,6120.0,5960.0,6010.0,25667,0.0,0.0
2012-11-30 00:00:00+09:00,6020.0,6080.0,5860.0,5900.0,28373,0.0,0.0
2012-12-03 00:00:00+09:00,5900.0,5940.0,5840.0,5880.0,18887,0.0,0.0
2012-12-04 00:00:00+09:00,5710.0,5880.0,5380.0,5630.0,64221,0.0,0.0
2012-12-05 00:00:00+09:00,5450.0,5570.0,5290.0,5290.0,59832,0.0,0.0
2012-12-06 00:00:00+09:00,5240.0,5470.0,5240.0,5350.0,16212,0.0,0.0
2012-12-07 00:00:00+09:00,5360.0,5490.0,5300.0,5300.0,16686,0.0,0.0
2012-12-10 00:00:00+09:00,5230.0,5400.0,5210.0,5230.0,30130,0.0,0.0
2012-12-11 00:00:00+09:00,5330.0,5450.0,5200.0,5210.0,49581,0.0,0.0
2012-12-12 00:00:00+09:00,5240.0,5380.0,5240.0,5280.0,21398,0.0,0.0
2012-12-13 00:00:00+09:00,5290.0,5600.0,5290.0,5480.0,45899,0.0,0.0
2012-12-14 00:00:00+09:00,5510.0,5660.0,5430.0,5660.0,16736,0.0,0.0
2012-12-17 00:00:00+09:00,5660.0,5720.0,5480.0,5560.0,12150,0.0,0.0
2012-12-18 00:00:00+09:00,5560.0,5600.0,5370.0,5490.0,19181,0.0,0.0
2012-12-20 00:00:00+09:00,5530.0,5540.0,5360.0,5370.0,8733,0.0,0.0
2012-12-21 00:00:00+09:00,5430.0,5460.0,5300.0,5320.0,21539,0.0,0.0
2012-12-24 00:00:00+09:00,5400.0,5740.0,5300.0,5640.0,55639,0.0,0.0
2012-12-26 00:00:00+09:00,5700.0,5740.0,5520.0,5540.0,24876,0.0,0.0
2012-12-27 00:00:00+09:00,5640.0,5680.0,5540.0,5610.0,18318,0.0,0.0
2012-12-28 00:00:00+09:00,5650.0,5920.0,5650.0,5760.0,31099,0.0,0.0
2013-01-02 00:00:00+09:00,5760.0,5820.0,5710.0,5770.0,18336,0.0,0.0
2013-01-03 00:00:00+09:00,5830.0,5830.0,5560.0,5560.0,34001,0.0,0.0
2013-01-04 00:00:00+09:00,5610.0,5680.0,5550.0,5620.0,14834,0.0,0.0
2013-01-07 00:00:00+09:00,5620.0,5740.0,5590.0,5700.0,23336,0.0,0.0
2013-01-08 00:00:00+09:00,5700.0,5740.0,5650.0,5690.0,11036,0.0,0.0
2013-01-09 00:00:00+09:00,5650.0,5790.0,5600.0,5780.0,21881,0.0,0.0
2013-01-10 00:00:00+09:00,5800.0,6210.0,5800.0,6140.0,119157,0.0,0.0
2013-01-11 00:00:00+09:00,6200.0,6200.0,6050.0,6180.0,28222,0.0,0.0
2013-01-14 00:00:00+09:00,6180.0,6190.0,6070.0,6180.0,16644,0.0,0.0
2013-01-15 00:00:00+09:00,6180.0,6440.0,6080.0,6080.0,61912,0.0,0.0
2013-01-16 00:00:00+09:00,6080.0,6180.0,6020.0,6100.0,19118,0.0,0.0
2013-01-17 00:00:00+09:00,6030.0,6140.0,5830.0,5830.0,14482,0.0,0.0
2013-01-18 00:00:00+09:00,5890.0,5940.0,5790.0,5910.0,17084,0.0,0.0
2013-01-21 00:00:00+09:00,5930.0,6150.0,5850.0,6150.0,40136,0.0,0.0
2013-01-22 00:00:00+09:00,6080.0,6220.0,6040.0,6200.0,40010,0.0,0.0
2013-01-23 00:00:00+09:00,6180.0,6230.0,6090.0,6140.0,16975,0.0,0.0
2013-01-24 00:00:00+09:00,6200.0,6200.0,6000.0,6090.0,11855,0.0,0.0
2013-01-25 00:00:00+09:00,6060.0,6160.0,5970.0,6010.0,13722,0.0,0.0
2013-01-28 00:00:00+09:00,6080.0,6120.0,6000.0,6080.0,8461,0.0,0.0
2013-01-29 00:00:00+09:00,6130.0,6180.0,6010.0,6010.0,16719,0.0,0.0
2013-01-30 00:00:00+09:00,5950.0,6000.0,5800.0,5800.0,21353,0.0,0.0
2013-01-31 00:00:00+09:00,5780.0,5880.0,5650.0,5670.0,27580,0.0,0.0
2013-02-01 00:00:00+09:00,5620.0,5670.0,5440.0,5530.0,28804,0.0,0.0
2013-02-04 00:00:00+09:00,5410.0,5560.0,5390.0,5440.0,29559,0.0,0.0
2013-02-05 00:00:00+09:00,5360.0,5440.0,5210.0,5250.0,39330,0.0,0.0
2013-02-06 00:00:00+09:00,5260.0,5380.0,5240.0,5300.0,18616,0.0,0.0
2013-02-07 00:00:00+09:00,5240.0,5340.0,5190.0,5230.0,18062,0.0,0.0
2013-02-08 00:00:00+09:00,5160.0,5320.0,5160.0,5240.0,9111,0.0,0.0
2013-02-12 00:00:00+09:00,5280.0,5550.0,5250.0,5460.0,26653,0.0,0.0
2013-02-13 00:00:00+09:00,5460.0,5540.0,5400.0,5480.0,17786,0.0,0.0
2013-02-14 00:00:00+09:00,5520.0,5520.0,5440.0,5520.0,12444,0.0,0.0
2013-02-15 00:00:00+09:00,5480.0,5540.0,5410.0,5480.0,109458,0.0,0.0
2013-02-18 00:00:00+09:00,5400.0,5590.0,5380.0,5460.0,39961,0.0,0.0
2013-02-19 00:00:00+09:00,5530.0,5530.0,5420.0,5450.0,6634,0.0,0.0
2013-02-20 00:00:00+09:00,5430.0,5560.0,5430.0,5560.0,19546,0.0,0.0
2013-02-21 00:00:00+09:00,5590.0,5730.0,5500.0,5580.0,23806,0.0,0.0
2013-02-22 00:00:00+09:00,5600.0,5700.0,5540.0,5600.0,10411,0.0,0.0
2013-02-25 00:00:00+09:00,5610.0,5780.0,5600.0,5700.0,21066,0.0,0.0
2013-02-26 00:00:00+09:00,5770.0,5880.0,5690.0,5720.0,22992,0.0,0.0
2013-02-27 00:00:00+09:00,5770.0,5880.0,5650.0,5860.0,41129,0.0,0.0
2013-02-28 00:00:00+09:00,6280.0,6600.0,5920.0,5920.0,180854,0.0,0.0
2013-03-04 00:00:00+09:00,5890.0,5970.0,5720.0,5770.0,38091,0.0,0.0
2013-03-05 00:00:00+09:00,5720.0,5820.0,5710.0,5740.0,22683,0.0,0.0
2013-03-06 00:00:00+09:00,5770.0,5920.0,5770.0,5900.0,23549,0.0,0.0
2013-03-07 00:00:00+09:00,5900.0,5970.0,5800.0,5900.0,13473,0.0,0.0
2013-03-08 00:00:00+09:00,5940.0,5940.0,5840.0,5840.0,9065,0.0,0.0
2013-03-11 00:00:00+09:00,5820.0,5830.0,5580.0,5690.0,22448,0.0,0.0
2013-03-12 00:00:00+09:00,5640.0,5690.0,5600.0,5680.0,16322,0.0,0.0
2013-03-13 00:00:00+09:00,5650.0,5730.0,5600.0,5640.0,25695,0.0,0.0
2013-03-14 00:00:00+09:00,5640.0,5670.0,5490.0,5510.0,46989,0.0,0.0
2013-03-15 00:00:00+09:00,5520.0,5680.0,5490.0,5590.0,28122,0.0,0.0
2013-03-18 00:00:00+09:00,5640.0,5650.0,5510.0,5520.0,17235,0.0,0.0
2013-03-19 00:00:00+09:00,5520.0,5590.0,5450.0,5470.0,25871,0.0,0.0
2013-03-20 00:00:00+09:00,5460.0,5560.0,5340.0,5410.0,39819,0.0,0.0
2013-03-21 00:00:00+09:00,5390.0,5450.0,5210.0,5260.0,42931,0.0,0.0
2013-03-22 00:00:00+09:00,5200.0,5290.0,5160.0,5220.0,33473,0.0,0.0
2013-03-25 00:00:00+09:00,5220.0,5390.0,5220.0,5340.0,17150,0.0,0.0
2013-03-26 00:00:00+09:00,5320.0,5510.0,5320.0,5440.0,24085,0.0,0.0
2013-03-27 00:00:00+09:00,5480.0,5530.0,5380.0,5460.0,29921,0.0,0.0
2013-03-28 00:00:00+09:00,5500.0,5500.0,5300.0,5460.0,18076,0.0,0.0
2013-03-29 00:00:00+09:00,5460.0,5690.0,5430.0,5470.0,55732,0.0,0.0
2013-04-01 00:00:00+09:00,5510.0,5510.0,5350.0,5430.0,24646,0.0,0.0
2013-04-02 00:00:00+09:00,5420.0,5840.0,5420.0,5670.0,116522,0.0,0.0
2013-04-03 00:00:00+09:00,5670.0,5860.0,5610.0,5680.0,42023,0.0,0.0
2013-04-04 00:00:00+09:00,5710.0,5710.0,5130.0,5460.0,48485,0.0,0.0
2013-04-05 00:00:00+09:00,5420.0,5490.0,5220.0,5250.0,44142,0.0,0.0
2013-04-08 00:00:00+09:00,5190.0,5400.0,5190.0,5220.0,31840,0.0,0.0
2013-04-09 00:00:00+09:00,5220.0,5270.0,5070.0,5200.0,34601,0.0,0.0
2013-04-10 00:00:00+09:00,5200.0,5910.0,5160.0,5480.0,288642,0.0,0.0
2013-04-11 00:00:00+09:00,5460.0,5620.0,5410.0,5520.0,37945,0.0,0.0
2013-04-12 00:00:00+09:00,5520.0,6290.0,5520.0,6120.0,284705,0.0,0.0
2013-04-15 00:00:00+09:00,6060.0,6390.0,6010.0,6220.0,102172,0.0,0.0
2013-04-16 00:00:00+09:00,6160.0,6430.0,6060.0,6270.0,85046,0.0,0.0
2013-04-17 00:00:00+09:00,6500.0,6500.0,6270.0,6300.0,76239,0.0,0.0
2013-04-18 00:00:00+09:00,6220.0,6500.0,6200.0,6500.0,82451,0.0,0.0
2013-04-19 00:00:00+09:00,6440.0,6800.0,6160.0,6210.0,180336,0.0,0.0
2013-04-22 00:00:00+09:00,6130.0,6700.0,6130.0,6660.0,93206,0.0,0.0
2013-04-23 00:00:00+09:00,6660.0,6810.0,6580.0,6720.0,90398,0.0,0.0
2013-04-24 00:00:00+09:00,6740.0,7560.0,6710.0,7380.0,225572,0.0,0.0
2013-04-25 00:00:00+09:00,7380.0,8480.0,7250.0,8480.0,273886,0.0,0.0
2013-04-26 00:00:00+09:00,8800.0,9000.0,8200.0,8370.0,431538,0.0,0.0
2013-04-29 00:00:00+09:00,8360.0,8690.0,8240.0,8330.0,155983,0.0,0.0
2013-04-30 00:00:00+09:00,8330.0,8460.0,8160.0,8300.0,82170,0.0,0.0
2013-05-02 00:00:00+09:00,8280.0,8370.0,7720.0,7750.0,148740,0.0,0.0
2013-05-03 00:00:00+09:00,7850.0,7920.0,7670.0,7800.0,55335,0.0,0.0
2013-05-06 00:00:00+09:00,7900.0,7990.0,7600.0,7600.0,55248,0.0,0.0
2013-05-07 00:00:00+09:00,7600.0,8060.0,7570.0,7950.0,91076,0.0,0.0
2013-05-08 00:00:00+09:00,8090.0,8670.0,7980.0,8420.0,182355,0.0,0.0
2013-05-09 00:00:00+09:00,8340.0,8500.0,8100.0,8300.0,49763,0.0,0.0
2013-05-10 00:00:00+09:00,8400.0,8400.0,7230.0,8220.0,64127,0.0,0.0
2013-05-13 00:00:00+09:00,8080.0,8360.0,7840.0,7840.0,55198,0.0,0.0
2013-05-14 00:00:00+09:00,7840.0,7980.0,7460.0,7480.0,52760,0.0,0.0
2013-05-15 00:00:00+09:00,7600.0,7920.0,7560.0,7920.0,33663,0.0,0.0
2013-05-16 00:00:00+09:00,8060.0,8060.0,7800.0,7930.0,18638,0.0,0.0
2013-05-20 00:00:00+09:00,7940.0,7980.0,7670.0,7840.0,24629,0.0,0.0
2013-05-21 00:00:00+09:00,7900.0,7960.0,7750.0,7840.0,19173,0.0,0.0
2013-05-22 00:00:00+09:00,7800.0,9000.0,7800.0,8940.0,266563,0.0,0.0
2013-05-23 00:00:00+09:00,8920.0,9500.0,8650.0,9220.0,177872,0.0,0.0
2013-05-24 00:00:00+09:00,9240.0,9440.0,9000.0,9340.0,94821,0.0,0.0
2013-05-27 00:00:00+09:00,9450.0,9800.0,9180.0,9510.0,132259,0.0,0.0
2013-05-28 00:00:00+09:00,9420.0,9600.0,9130.0,9180.0,69282,0.0,0.0
2013-05-29 00:00:00+09:00,9180.0,9980.0,9180.0,9540.0,168662,0.0,0.0
2013-05-30 00:00:00+09:00,9780.0,10000.0,9460.0,9500.0,86328,0.0,0.0
2013-05-31 00:00:00+09:00,9640.0,9780.0,9000.0,9520.0,84549,0.0,0.0
2013-06-03 00:00:00+09:00,9500.0,9500.0,9160.0,9260.0,36289,0.0,0.0
2013-06-04 00:00:00+09:00,9260.0,9360.0,8690.0,8790.0,126015,0.0,0.0
2013-06-05 00:00:00+09:00,9000.0,9000.0,8660.0,8660.0,60649,0.0,0.0
2013-06-07 00:00:00+09:00,8680.0,8780.0,8180.0,8500.0,41884,0.0,0.0
2013-06-10 00:00:00+09:00,8500.0,8760.0,8370.0,8390.0,39810,0.0,0.0
2013-06-11 00:00:00+09:00,8290.0,8740.0,8110.0,8200.0,40655,0.0,0.0
2013-06-12 00:00:00+09:00,8200.0,8500.0,8100.0,8390.0,28326,0.0,0.0
2013-06-13 00:00:00+09:00,8460.0,8490.0,8170.0,8210.0,18728,0.0,0.0
2013-06-14 00:00:00+09:00,8340.0,8400.0,8020.0,8100.0,19860,0.0,0.0
2013-06-17 00:00:00+09:00,8100.0,8190.0,7780.0,7930.0,24652,0.0,0.0
2013-06-18 00:00:00+09:00,7820.0,8420.0,7820.0,8340.0,17749,0.0,0.0
2013-06-19 00:00:00+09:00,8360.0,8400.0,7320.0,8150.0,17307,0.0,0.0
2013-06-20 00:00:00+09:00,7930.0,8100.0,7910.0,8010.0,13009,0.0,0.0
2013-06-21 00:00:00+09:00,7430.0,8020.0,7400.0,7980.0,30295,0.0,0.0
2013-06-24 00:00:00+09:00,8040.0,8110.0,7710.0,7750.0,21938,0.0,0.0
2013-06-25 00:00:00+09:00,7810.0,7810.0,6800.0,7000.0,25204,0.0,0.0
2013-06-26 00:00:00+09:00,6840.0,7120.0,6780.0,6860.0,49517,0.0,0.0
2013-06-27 00:00:00+09:00,6940.0,7420.0,6940.0,7400.0,37573,0.0,0.0
2013-06-28 00:00:00+09:00,7520.0,7700.0,7420.0,7600.0,9017,0.0,0.0
2013-07-01 00:00:00+09:00,7710.0,7710.0,7460.0,7710.0,15473,0.0,0.0
2013-07-02 00:00:00+09:00,7960.0,8000.0,7800.0,7800.0,11180,0.0,0.0
2013-07-03 00:00:00+09:00,7800.0,8150.0,7800.0,7940.0,14764,0.0,0.0
2013-07-04 00:00:00+09:00,8080.0,8580.0,7940.0,8290.0,48769,0.0,0.0
2013-07-05 00:00:00+09:00,8580.0,8580.0,8180.0,8260.0,6935,0.0,0.0
2013-07-08 00:00:00+09:00,8260.0,8380.0,7900.0,8160.0,23559,0.0,0.0
2013-07-09 00:00:00+09:00,8300.0,8300.0,7880.0,8030.0,27502,0.0,0.0
2013-07-10 00:00:00+09:00,8190.0,8190.0,7620.0,7750.0,13430,0.0,0.0
2013-07-11 00:00:00+09:00,7690.0,7860.0,7670.0,7860.0,13562,0.0,0.0
2013-07-12 00:00:00+09:00,7880.0,8360.0,7760.0,8200.0,23860,0.0,0.0
2013-07-15 00:00:00+09:00,8360.0,9290.0,8220.0,8800.0,397013,0.0,0.0
2013-07-16 00:00:00+09:00,8910.0,8950.0,8520.0,8750.0,100949,0.0,0.0
2013-07-17 00:00:00+09:00,8580.0,8780.0,8560.0,8560.0,64862,0.0,0.0
2013-07-18 00:00:00+09:00,8610.0,8680.0,8270.0,8280.0,74389,0.0,0.0
2013-07-19 00:00:00+09:00,8320.0,8470.0,8130.0,8260.0,80766,0.0,0.0
2013-07-22 00:00:00+09:00,8280.0,8520.0,8270.0,8360.0,53636,0.0,0.0
2013-07-23 00:00:00+09:00,8360.0,8480.0,8280.0,8300.0,38893,0.0,0.0
2013-07-24 00:00:00+09:00,8330.0,8750.0,8200.0,8670.0,118248,0.0,0.0
2013-07-25 00:00:00+09:00,8700.0,8700.0,8230.0,8230.0,60053,0.0,0.0
2013-07-26 00:00:00+09:00,8260.0,8460.0,8110.0,8200.0,45407,0.0,0.0
2013-07-29 00:00:00+09:00,8200.0,8300.0,7390.0,7420.0,205525,0.0,0.0
2013-07-30 00:00:00+09:00,7450.0,7700.0,7360.0,7430.0,88823,0.0,0.0
2013-07-31 00:00:00+09:00,7600.0,7620.0,7360.0,7380.0,54343,0.0,0.0
2013-08-01 00:00:00+09:00,7240.0,7570.0,7220.0,7410.0,38662,0.0,0.0
2013-08-02 00:00:00+09:00,7500.0,7550.0,7280.0,7350.0,37513,0.0,0.0
2013-08-05 00:00:00+09:00,7520.0,7750.0,7360.0,7560.0,68858,0.0,0.0
2013-08-06 00:00:00+09:00,7600.0,7670.0,7500.0,7590.0,77212,0.0,0.0
2013-08-07 00:00:00+09:00,7500.0,7650.0,7500.0,7530.0,26366,0.0,0.0
2013-08-08 00:00:00+09:00,7670.0,7670.0,7490.0,7510.0,33484,0.0,0.0
2013-08-09 00:00:00+09:00,7590.0,7600.0,7380.0,7410.0,19671,0.0,0.0
2013-08-12 00:00:00+09:00,7550.0,7550.0,7350.0,7400.0,10685,0.0,0.0
2013-08-13 00:00:00+09:00,7400.0,7480.0,7230.0,7380.0,24134,0.0,0.0
2013-08-14 00:00:00+09:00,7290.0,7520.0,7290.0,7380.0,22300,0.0,0.0
2013-08-16 00:00:00+09:00,7380.0,7380.0,7260.0,7290.0,17189,0.0,0.0
2013-08-19 00:00:00+09:00,7240.0,7320.0,6780.0,6780.0,54611,0.0,0.0
2013-08-20 00:00:00+09:00,6710.0,6980.0,6590.0,6820.0,43485,0.0,0.0
2013-08-21 00:00:00+09:00,6860.0,6940.0,6430.0,6580.0,48432,0.0,0.0
2013-08-22 00:00:00+09:00,6400.0,6490.0,6010.0,6010.0,61147,0.0,0.0
2013-08-23 00:00:00+09:00,6050.0,6560.0,6020.0,6440.0,42539,0.0,0.0
2013-08-26 00:00:00+09:00,6400.0,6470.0,6290.0,6410.0,25199,0.0,0.0
2013-08-27 00:00:00+09:00,6290.0,6500.0,6280.0,6480.0,13461,0.0,0.0
2013-08-28 00:00:00+09:00,6400.0,6750.0,6380.0,6690.0,29084,0.0,0.0
2013-08-29 00:00:00+09:00,6730.0,6820.0,6630.0,6720.0,12438,0.0,0.0
2013-08-30 00:00:00+09:00,6740.0,6820.0,6460.0,6510.0,20058,0.0,0.0
2013-09-02 00:00:00+09:00,6540.0,6540.0,6300.0,6480.0,10468,0.0,0.0
2013-09-03 00:00:00+09:00,6520.0,6530.0,6400.0,6420.0,11314,0.0,0.0
2013-09-04 00:00:00+09:00,6470.0,6500.0,6320.0,6470.0,9413,0.0,0.0
2013-09-05 00:00:00+09:00,6470.0,6630.0,6440.0,6600.0,21969,0.0,0.0
2013-09-06 00:00:00+09:00,6580.0,6650.0,6470.0,6550.0,14510,0.0,0.0
2013-09-09 00:00:00+09:00,6530.0,6590.0,6380.0,6460.0,16940,0.0,0.0
2013-09-10 00:00:00+09:00,6320.0,6570.0,6320.0,6480.0,8239,0.0,0.0
2013-09-11 00:00:00+09:00,6500.0,6690.0,6450.0,6600.0,14655,0.0,0.0
2013-09-12 00:00:00+09:00,6600.0,6630.0,6380.0,6420.0,21272,0.0,0.0
2013-09-13 00:00:00+09:00,6490.0,7380.0,6460.0,7380.0,451381,0.0,0.0
2013-09-16 00:00:00+09:00,7580.0,8150.0,7320.0,7410.0,1042528,0.0,0.0
2013-09-17 00:00:00+09:00,7490.0,7660.0,7260.0,7550.0,453095,0.0,0.0
2013-09-23 00:00:00+09:00,7820.0,8680.0,7820.0,8680.0,752982,0.0,0.0
2013-09-24 00:00:00+09:00,9210.0,9980.0,8870.0,9980.0,1658667,0.0,0.0
2013-09-25 00:00:00+09:00,10580.0,11140.0,10320.0,10380.0,2381046,0.0,0.0
2013-09-26 00:00:00+09:00,10440.0,10700.0,10240.0,10620.0,1185977,0.0,0.0
2013-09-27 00:00:00+09:00,10720.0,11100.0,10500.0,10500.0,1121974,0.0,0.0
2013-09-30 00:00:00+09:00,10780.0,12060.0,10720.0,12060.0,1715402,0.0,0.0
2013-10-01 00:00:00+09:00,12640.0,12800.0,11100.0,11440.0,2239590,0.0,0.0
2013-10-02 00:00:00+09:00,11600.0,12560.0,11400.0,11880.0,1871236,0.0,0.0
2013-10-07 00:00:00+09:00,11680.0,11700.0,11100.0,11200.0,371761,0.0,0.0
2013-10-08 00:00:00+09:00,11220.0,12180.0,11220.0,12180.0,393946,0.0,0.0
2013-10-10 00:00:00+09:00,11820.0,12300.0,11700.0,12300.0,268267,0.0,0.0
2013-10-11 00:00:00+09:00,12240.0,13480.0,11420.0,11620.0,1632065,0.0,0.0
2013-10-14 00:00:00+09:00,11700.0,12060.0,11120.0,11460.0,964709,0.0,0.0
2013-10-15 00:00:00+09:00,11800.0,12340.0,10960.0,11040.0,1306405,0.0,0.0
2013-10-16 00:00:00+09:00,11300.0,11700.0,10540.0,11200.0,1147580,0.0,0.0
2013-10-17 00:00:00+09:00,11140.0,11380.0,10500.0,10700.0,696650,0.0,0.0
2013-10-18 00:00:00+09:00,10740.0,11200.0,10260.0,10560.0,1184294,0.0,0.0
2013-10-21 00:00:00+09:00,10720.0,10980.0,10560.0,10600.0,669690,0.0,0.0
2013-10-22 00:00:00+09:00,10480.0,10900.0,10140.0,10720.0,887650,0.0,0.0
2013-10-23 00:00:00+09:00,10600.0,10680.0,10040.0,10200.0,457116,0.0,0.0
2013-10-24 00:00:00+09:00,10200.0,10820.0,10120.0,10540.0,711455,0.0,0.0
2013-10-25 00:00:00+09:00,10740.0,11060.0,10160.0,10160.0,505653,0.0,0.0
2013-10-28 00:00:00+09:00,10320.0,10900.0,10020.0,10900.0,668468,0.0,0.0
2013-10-29 00:00:00+09:00,10900.0,11080.0,10680.0,10820.0,490174,0.0,0.0
2013-10-30 00:00:00+09:00,10820.0,12440.0,10660.0,11660.0,3649054,0.0,0.0
2013-10-31 00:00:00+09:00,11520.0,12120.0,11220.0,11720.0,1214821,0.0,0.0
2013-11-01 00:00:00+09:00,11800.0,12600.0,11760.0,11800.0,1505536,0.0,0.0
2013-11-04 00:00:00+09:00,11400.0,11540.0,10120.0,10400.0,878708,0.0,0.0
2013-11-05 00:00:00+09:00,10780.0,11080.0,10240.0,10320.0,715545,0.0,0.0
2013-11-06 00:00:00+09:00,10100.0,10320.0,9500.0,9600.0,633063,0.0,0.0
2013-11-07 00:00:00+09:00,9570.0,9730.0,9180.0,9610.0,589750,0.0,0.0
2013-11-08 00:00:00+09:00,9510.0,9760.0,9040.0,9040.0,310262,0.0,0.0
2013-11-11 00:00:00+09:00,9020.0,9200.0,8640.0,8740.0,281688,0.0,0.0
2013-11-12 00:00:00+09:00,8800.0,9140.0,8780.0,9140.0,299645,0.0,0.0
2013-11-13 00:00:00+09:00,9050.0,9510.0,8670.0,9260.0,528101,0.0,0.0
2013-11-14 00:00:00+09:00,9490.0,9690.0,9220.0,9470.0,516597,0.0,0.0
2013-11-15 00:00:00+09:00,9780.0,10880.0,9760.0,9970.0,2157424,0.0,0.0
2013-11-18 00:00:00+09:00,9800.0,10260.0,9600.0,9690.0,441641,0.0,0.0
2013-11-19 00:00:00+09:00,9380.0,9400.0,8240.0,8240.0,803672,0.0,0.0
2013-11-20 00:00:00+09:00,8490.0,8550.0,8040.0,8100.0,273900,0.0,0.0
2013-11-21 00:00:00+09:00,8100.0,8410.0,7860.0,8080.0,318788,0.0,0.0
2013-11-22 00:00:00+09:00,8160.0,8330.0,7950.0,8270.0,279175,0.0,0.0
2013-11-25 00:00:00+09:00,8300.0,8370.0,8170.0,8200.0,190212,0.0,0.0
2013-11-26 00:00:00+09:00,8200.0,8590.0,8190.0,8490.0,294019,0.0,0.0
2013-11-27 00:00:00+09:00,8930.0,9180.0,8680.0,8800.0,926609,0.0,0.0
2013-11-28 00:00:00+09:00,8900.0,8930.0,8650.0,8860.0,196277,0.0,0.0
2013-11-29 00:00:00+09:00,8980.0,8980.0,8450.0,8500.0,248461,0.0,0.0
2013-12-02 00:00:00+09:00,8450.0,8510.0,8000.0,8000.0,228529,0.0,0.0
2013-12-03 00:00:00+09:00,7960.0,8140.0,7550.0,7550.0,190526,0.0,0.0
2013-12-04 00:00:00+09:00,8100.0,8200.0,7600.0,7600.0,420818,0.0,0.0
2013-12-05 00:00:00+09:00,7450.0,7840.0,7370.0,7840.0,152657,0.0,0.0
2013-12-06 00:00:00+09:00,7670.0,7850.0,7460.0,7490.0,122707,0.0,0.0
2013-12-09 00:00:00+09:00,7590.0,7610.0,7180.0,7180.0,197622,0.0,0.0
2013-12-10 00:00:00+09:00,7580.0,8250.0,7260.0,7910.0,1222966,0.0,0.0
2013-12-11 00:00:00+09:00,7910.0,8050.0,7700.0,7700.0,388840,0.0,0.0
2013-12-12 00:00:00+09:00,7690.0,8850.0,7610.0,8850.0,1727656,0.0,0.0
2013-12-13 00:00:00+09:00,8680.0,8840.0,8340.0,8740.0,717873,0.0,0.0
2013-12-16 00:00:00+09:00,8840.0,9130.0,8470.0,8580.0,755669,0.0,0.0
2013-12-17 00:00:00+09:00,8850.0,9080.0,8220.0,8330.0,1092776,0.0,0.0
2013-12-18 00:00:00+09:00,8370.0,8670.0,8230.0,8630.0,581168,0.0,0.0
2013-12-19 00:00:00+09:00,8680.0,8740.0,8400.0,8420.0,303371,0.0,0.0
2013-12-20 00:00:00+09:00,8360.0,8900.0,8270.0,8890.0,517279,0.0,0.0
2013-12-23 00:00:00+09:00,8840.0,9450.0,8710.0,8990.0,708453,0.0,0.0
2013-12-24 00:00:00+09:00,9000.0,9370.0,8900.0,9030.0,547137,0.0,0.0
2013-12-26 00:00:00+09:00,9400.0,9630.0,8920.0,8920.0,748676,0.0,0.0
2013-12-27 00:00:00+09:00,9090.0,9160.0,8920.0,8940.0,239863,0.0,0.0
2013-12-30 00:00:00+09:00,9000.0,9150.0,8770.0,8900.0,293845,0.0,0.0
2014-01-02 00:00:00+09:00,8900.0,9190.0,8680.0,8700.0,434355,0.0,0.0
2014-01-03 00:00:00+09:00,8800.0,9400.0,8640.0,9400.0,645901,0.0,0.0
2014-01-06 00:00:00+09:00,9340.0,9630.0,9230.0,9340.0,494520,0.0,0.0
2014-01-07 00:00:00+09:00,9300.0,9800.0,9260.0,9600.0,548265,0.0,0.0
2014-01-08 00:00:00+09:00,9600.0,9650.0,9380.0,9590.0,242634,0.0,0.0
2014-01-09 00:00:00+09:00,9600.0,9920.0,9280.0,9500.0,409877,0.0,0.0
2014-01-10 00:00:00+09:00,9400.0,9760.0,9300.0,9690.0,376390,0.0,0.0
2014-01-13 00:00:00+09:00,9700.0,10020.0,9660.0,9930.0,625489,0.0,0.0
2014-01-14 00:00:00+09:00,9840.0,10140.0,9700.0,10140.0,414693,0.0,0.0
2014-01-15 00:00:00+09:00,10960.0,11160.0,10020.0,10400.0,1011934,0.0,0.0
2014-01-16 00:00:00+09:00,10380.0,10560.0,10100.0,10100.0,364095,0.0,0.0
2014-01-17 00:00:00+09:00,10240.0,10320.0,9770.0,9770.0,263106,0.0,0.0
2014-01-20 00:00:00+09:00,9660.0,10060.0,9490.0,10060.0,327206,0.0,0.0
2014-01-21 00:00:00+09:00,10040.0,10120.0,9770.0,9820.0,212881,0.0,0.0
2014-01-22 00:00:00+09:00,9830.0,10440.0,9730.0,10280.0,469730,0.0,0.0
2014-01-23 00:00:00+09:00,10200.0,10400.0,9990.0,10040.0,348066,0.0,0.0
2014-01-24 00:00:00+09:00,10160.0,10340.0,8730.0,9420.0,507742,0.0,0.0
2014-01-27 00:00:00+09:00,9000.0,9200.0,8640.0,8800.0,229946,0.0,0.0
2014-01-28 00:00:00+09:00,8800.0,8950.0,8400.0,8900.0,166850,0.0,0.0
2014-01-29 00:00:00+09:00,9000.0,9120.0,8900.0,9120.0,103745,0.0,0.0
2014-02-03 00:00:00+09:00,9010.0,9490.0,9010.0,9360.0,175323,0.0,0.0
2014-02-04 00:00:00+09:00,9300.0,9560.0,9040.0,9060.0,297194,0.0,0.0
2014-02-05 00:00:00+09:00,9160.0,9360.0,9140.0,9280.0,149531,0.0,0.0
2014-02-06 00:00:00+09:00,9370.0,9780.0,9280.0,9440.0,466368,0.0,0.0
2014-02-07 00:00:00+09:00,9450.0,9600.0,9280.0,9440.0,160333,0.0,0.0
2014-02-10 00:00:00+09:00,9560.0,9630.0,9400.0,9480.0,165937,0.0,0.0
2014-02-11 00:00:00+09:00,9900.0,10520.0,9650.0,9650.0,1192983,0.0,0.0
2014-02-12 00:00:00+09:00,9760.0,9850.0,9500.0,9640.0,275218,0.0,0.0
2014-02-13 00:00:00+09:00,9680.0,9970.0,9670.0,9870.0,273604,0.0,0.0
2014-02-14 00:00:00+09:00,10100.0,10220.0,9840.0,9880.0,348952,0.0,0.0
2014-02-17 00:00:00+09:00,9890.0,9980.0,9640.0,9710.0,213058,0.0,0.0
2014-02-18 00:00:00+09:00,9790.0,10300.0,9720.0,10260.0,570392,0.0,0.0
2014-02-19 00:00:00+09:00,10300.0,10340.0,10060.0,10140.0,627337,0.0,0.0
2014-02-20 00:00:00+09:00,10560.0,10560.0,9970.0,10000.0,783442,0.0,0.0
2014-02-21 00:00:00+09:00,10120.0,10160.0,9700.0,9770.0,348071,0.0,0.0
2014-02-24 00:00:00+09:00,9800.0,10020.0,9760.0,9760.0,241265,0.0,0.0
2014-02-25 00:00:00+09:00,9400.0,9470.0,9110.0,9270.0,487247,0.0,0.0
2014-02-26 00:00:00+09:00,9540.0,9690.0,9360.0,9360.0,532000,0.0,0.0
2014-02-27 00:00:00+09:00,9400.0,9400.0,9070.0,9070.0,186901,0.0,0.0
2014-02-28 00:00:00+09:00,9150.0,9280.0,9050.0,9270.0,112627,0.0,0.0
2014-03-03 00:00:00+09:00,9270.0,9980.0,9270.0,9840.0,843610,0.0,0.0
2014-03-04 00:00:00+09:00,9600.0,10060.0,9530.0,9760.0,425591,0.0,0.0
2014-03-05 00:00:00+09:00,9860.0,9960.0,9740.0,9870.0,252092,0.0,0.0
2014-03-06 00:00:00+09:00,9930.0,9960.0,9710.0,9880.0,259864,0.0,0.0
2014-03-07 00:00:00+09:00,9920.0,10220.0,9870.0,10000.0,466848,0.0,0.0
2014-03-10 00:00:00+09:00,10100.0,10100.0,9740.0,9830.0,246187,0.0,0.0
2014-03-11 00:00:00+09:00,9830.0,10280.0,9800.0,9950.0,688693,0.0,0.0
2014-03-12 00:00:00+09:00,9940.0,10180.0,9780.0,10040.0,525021,0.0,0.0
2014-03-13 00:00:00+09:00,10200.0,10640.0,10100.0,10400.0,1425598,0.0,0.0
2014-03-14 00:00:00+09:00,10280.0,10440.0,10100.0,10400.0,481858,0.0,0.0
2014-03-17 00:00:00+09:00,10740.0,10780.0,9800.0,9800.0,837263,0.0,0.0
2014-03-18 00:00:00+09:00,9900.0,9940.0,9310.0,9670.0,689643,0.0,0.0
2014-03-19 00:00:00+09:00,9700.0,9750.0,9300.0,9400.0,428374,0.0,0.0
2014-03-20 00:00:00+09:00,9180.0,9460.0,9070.0,9450.0,300192,0.0,0.0
2014-03-21 00:00:00+09:00,9490.0,9540.0,9110.0,9110.0,291409,0.0,0.0
2014-03-24 00:00:00+09:00,9070.0,9100.0,8700.0,8820.0,296583,0.0,0.0
2014-03-25 00:00:00+09:00,8750.0,8980.0,8680.0,8700.0,204574,0.0,0.0
2014-03-26 00:00:00+09:00,8780.0,8940.0,8770.0,8860.0,125695,0.0,0.0
2014-03-27 00:00:00+09:00,8890.0,9010.0,8840.0,8870.0,127715,0.0,0.0
2014-03-28 00:00:00+09:00,8880.0,8990.0,8810.0,8920.0,92736,0.0,0.0
2014-03-31 00:00:00+09:00,9020.0,9020.0,8800.0,8800.0,109672,0.0,0.0
2014-04-01 00:00:00+09:00,8720.0,9020.0,8720.0,9010.0,116604,0.0,0.0
2014-04-02 00:00:00+09:00,9080.0,9200.0,8940.0,9200.0,176998,0.0,0.0
2014-04-03 00:00:00+09:00,9240.0,9340.0,9000.0,9000.0,149103,0.0,0.0
2014-04-04 00:00:00+09:00,9080.0,9080.0,8890.0,9010.0,96271,0.0,0.0
2014-04-07 00:00:00+09:00,8980.0,9000.0,8770.0,8770.0,129646,0.0,0.0
2014-04-08 00:00:00+09:00,8750.0,8840.0,8590.0,8720.0,114074,0.0,0.0
2014-04-09 00:00:00+09:00,8780.0,8950.0,8780.0,8860.0,89363,0.0,0.0
2014-04-10 00:00:00+09:00,8870.0,8950.0,8780.0,8870.0,72983,0.0,0.0
2014-04-11 00:00:00+09:00,8700.0,8910.0,8700.0,8880.0,51900,0.0,0.0
2014-04-14 00:00:00+09:00,8920.0,9240.0,8910.0,9170.0,244074,0.0,0.0
2014-04-15 00:00:00+09:00,9170.0,9180.0,9000.0,9000.0,119693,0.0,0.0
2014-04-16 00:00:00+09:00,9010.0,9330.0,9000.0,9260.0,169733,0.0,0.0
2014-04-17 00:00:00+09:00,9300.0,9400.0,9180.0,9300.0,194279,0.0,0.0
2014-04-18 00:00:00+09:00,9400.0,9480.0,9200.0,9320.0,122092,0.0,0.0
2014-04-21 00:00:00+09:00,9320.0,9320.0,9090.0,9100.0,62333,0.0,0.0
2014-04-22 00:00:00+09:00,9100.0,9280.0,9090.0,9130.0,66867,0.0,0.0
2014-04-23 00:00:00+09:00,9170.0,9440.0,9140.0,9140.0,151489,0.0,0.0
2014-04-24 00:00:00+09:00,9170.0,9260.0,8710.0,8940.0,109122,0.0,0.0
2014-04-25 00:00:00+09:00,8940.0,9050.0,8720.0,8720.0,90751,0.0,0.0
2014-04-28 00:00:00+09:00,8720.0,8860.0,8600.0,8800.0,38838,0.0,0.0
2014-04-29 00:00:00+09:00,8800.0,8860.0,8700.0,8770.0,48935,0.0,0.0
2014-04-30 00:00:00+09:00,8930.0,9070.0,8760.0,8800.0,136337,0.0,0.0
2014-05-02 00:00:00+09:00,8830.0,8860.0,8640.0,8760.0,53079,0.0,0.0
2014-05-07 00:00:00+09:00,8720.0,8790.0,8240.0,8240.0,106944,0.0,0.0
2014-05-08 00:00:00+09:00,8240.0,8380.0,7770.0,7810.0,149229,0.0,0.0
2014-05-09 00:00:00+09:00,7820.0,7900.0,7600.0,7750.0,85904,0.0,0.0
2014-05-12 00:00:00+09:00,7750.0,7870.0,7720.0,7750.0,32769,0.0,0.0
2014-05-13 00:00:00+09:00,7830.0,7830.0,7650.0,7700.0,59196,0.0,0.0
2014-05-14 00:00:00+09:00,7680.0,7880.0,7680.0,7820.0,47122,0.0,0.0
2014-05-15 00:00:00+09:00,7820.0,8000.0,7800.0,7920.0,48638,0.0,0.0
2014-05-16 00:00:00+09:00,7870.0,8100.0,7780.0,7920.0,36959,0.0,0.0
2014-05-19 00:00:00+09:00,7960.0,8020.0,7620.0,7660.0,83990,0.0,0.0
2014-05-20 00:00:00+09:00,7660.0,7660.0,7100.0,7150.0,165614,0.0,0.0
2014-05-21 00:00:00+09:00,7100.0,7420.0,7020.0,7220.0,93548,0.0,0.0
2014-05-22 00:00:00+09:00,7250.0,7370.0,7160.0,7180.0,65832,0.0,0.0
2014-05-23 00:00:00+09:00,7190.0,7290.0,7140.0,7160.0,64469,0.0,0.0
2014-05-26 00:00:00+09:00,7160.0,7220.0,7090.0,7120.0,46505,0.0,0.0
2014-05-27 00:00:00+09:00,7080.0,7380.0,7060.0,7350.0,93324,0.0,0.0
2014-05-28 00:00:00+09:00,7450.0,7570.0,7310.0,7520.0,98771,0.0,0.0
2014-05-29 00:00:00+09:00,7440.0,7520.0,7310.0,7520.0,65363,0.0,0.0
2014-05-30 00:00:00+09:00,7480.0,7520.0,7290.0,7380.0,53577,0.0,0.0
2014-06-02 00:00:00+09:00,7310.0,7380.0,6780.0,6820.0,112108,0.0,0.0
2014-06-03 00:00:00+09:00,6700.0,6820.0,6360.0,6480.0,128229,0.0,0.0
2014-06-05 00:00:00+09:00,6350.0,6500.0,6330.0,6430.0,68545,0.0,0.0
2014-06-09 00:00:00+09:00,6500.0,6560.0,6380.0,6420.0,37590,0.0,0.0
2014-06-10 00:00:00+09:00,6420.0,6590.0,6420.0,6470.0,37327,0.0,0.0
2014-06-11 00:00:00+09:00,6470.0,6700.0,6470.0,6620.0,48041,0.0,0.0
2014-06-12 00:00:00+09:00,6590.0,6700.0,6560.0,6600.0,19645,0.0,0.0
2014-06-13 00:00:00+09:00,6560.0,6900.0,6560.0,6720.0,59573,0.0,0.0
2014-06-16 00:00:00+09:00,6870.0,6880.0,6630.0,6630.0,55671,0.0,0.0
2014-06-17 00:00:00+09:00,6930.0,7620.0,6830.0,7620.0,630312,0.0,0.0
2014-06-18 00:00:00+09:00,8130.0,8290.0,7710.0,7910.0,1343973,0.0,0.0
2014-06-19 00:00:00+09:00,7910.0,8100.0,7840.0,8030.0,596469,0.0,0.0
2014-06-20 00:00:00+09:00,8070.0,8230.0,7810.0,7810.0,454913,0.0,0.0
2014-06-23 00:00:00+09:00,7630.0,7940.0,7360.0,7490.0,243386,0.0,0.0
2014-06-24 00:00:00+09:00,7410.0,7560.0,7150.0,7350.0,179370,0.0,0.0
2014-06-25 00:00:00+09:00,7340.0,7550.0,7170.0,7550.0,212085,0.0,0.0
2014-06-26 00:00:00+09:00,7620.0,7960.0,7560.0,7570.0,294922,0.0,0.0
2014-06-27 00:00:00+09:00,7600.0,7640.0,7450.0,7550.0,87270,0.0,0.0
2014-06-30 00:00:00+09:00,7580.0,7890.0,7550.0,7640.0,128375,0.0,0.0
2014-07-01 00:00:00+09:00,8000.0,8780.0,8000.0,8130.0,1072043,0.0,0.0
2014-07-02 00:00:00+09:00,8200.0,8280.0,7960.0,7960.0,180703,0.0,0.0
2014-07-03 00:00:00+09:00,8070.0,8090.0,7920.0,7980.0,146261,0.0,0.0
2014-07-04 00:00:00+09:00,8010.0,8300.0,7900.0,8220.0,228530,0.0,0.0
2014-07-07 00:00:00+09:00,8100.0,8210.0,7810.0,7850.0,185452,0.0,0.0
2014-07-08 00:00:00+09:00,7890.0,7890.0,7590.0,7700.0,130112,0.0,0.0
2014-07-09 00:00:00+09:00,7640.0,7810.0,7630.0,7650.0,90895,0.0,0.0
2014-07-10 00:00:00+09:00,7700.0,8260.0,7690.0,7870.0,313095,0.0,0.0
2014-07-11 00:00:00+09:00,7800.0,7850.0,7620.0,7640.0,132424,0.0,0.0
2014-07-14 00:00:00+09:00,7870.0,8780.0,7750.0,8560.0,1366336,0.0,0.0
2014-07-15 00:00:00+09:00,8520.0,8560.0,8200.0,8320.0,518621,0.0,0.0
2014-07-16 00:00:00+09:00,8390.0,8460.0,8040.0,8280.0,304500,0.0,0.0
2014-07-17 00:00:00+09:00,8260.0,8830.0,8240.0,8420.0,633541,0.0,0.0
2014-07-18 00:00:00+09:00,8410.0,8570.0,8280.0,8340.0,244739,0.0,0.0
2014-07-21 00:00:00+09:00,8440.0,8440.0,8180.0,8240.0,134971,0.0,0.0
2014-07-22 00:00:00+09:00,8150.0,8490.0,8100.0,8310.0,257454,0.0,0.0
2014-07-23 00:00:00+09:00,8400.0,8440.0,8160.0,8170.0,127114,0.0,0.0
2014-07-24 00:00:00+09:00,8200.0,8260.0,8060.0,8080.0,114992,0.0,0.0
2014-07-25 00:00:00+09:00,8120.0,8550.0,8080.0,8240.0,533451,0.0,0.0
2014-07-28 00:00:00+09:00,8320.0,8420.0,8080.0,8150.0,154835,0.0,0.0
2014-07-29 00:00:00+09:00,8220.0,8240.0,7710.0,7750.0,180672,0.0,0.0
2014-07-30 00:00:00+09:00,7740.0,7850.0,7360.0,7460.0,137199,0.0,0.0
2014-07-31 00:00:00+09:00,7490.0,7520.0,7170.0,7230.0,118945,0.0,0.0
2014-08-01 00:00:00+09:00,7080.0,7390.0,7070.0,7290.0,69983,0.0,0.0
2014-08-04 00:00:00+09:00,7400.0,7510.0,7350.0,7430.0,66203,0.0,0.0
2014-08-05 00:00:00+09:00,7450.0,7510.0,7290.0,7360.0,56423,0.0,0.0
2014-08-06 00:00:00+09:00,7360.0,7470.0,7230.0,7410.0,58079,0.0,0.0
2014-08-07 00:00:00+09:00,7510.0,8160.0,7480.0,7720.0,606142,0.0,0.0
2014-08-08 00:00:00+09:00,7800.0,7800.0,7510.0,7510.0,106476,0.0,0.0
2014-08-11 00:00:00+09:00,7620.0,7720.0,7430.0,7430.0,80686,0.0,0.0
2014-08-12 00:00:00+09:00,7740.0,7950.0,7530.0,7660.0,196355,0.0,0.0
2014-08-13 00:00:00+09:00,7670.0,7710.0,7570.0,7610.0,67111,0.0,0.0
2014-08-14 00:00:00+09:00,7620.0,7770.0,7600.0,7680.0,55258,0.0,0.0
2014-08-18 00:00:00+09:00,7680.0,7870.0,7640.0,7800.0,100679,0.0,0.0
2014-08-19 00:00:00+09:00,7840.0,7840.0,7580.0,7680.0,71161,0.0,0.0
2014-08-20 00:00:00+09:00,7640.0,7760.0,7600.0,7600.0,59878,0.0,0.0
2014-08-21 00:00:00+09:00,7610.0,7660.0,7580.0,7590.0,50163,0.0,0.0
2014-08-22 00:00:00+09:00,7610.0,7830.0,7600.0,7720.0,69881,0.0,0.0
2014-08-25 00:00:00+09:00,7790.0,7800.0,7380.0,7400.0,85930,0.0,0.0
2014-08-26 00:00:00+09:00,7480.0,7550.0,7260.0,7300.0,78899,0.0,0.0
2014-08-27 00:00:00+09:00,7600.0,8390.0,7580.0,8390.0,498073,0.0,0.0
2014-08-28 00:00:00+09:00,8660.0,8880.0,7930.0,8000.0,1915111,0.0,0.0
2014-08-29 00:00:00+09:00,8150.0,8290.0,8010.0,8170.0,442963,0.0,0.0
2014-09-01 00:00:00+09:00,8680.0,9150.0,8360.0,8360.0,1500680,0.0,0.0
2014-09-02 00:00:00+09:00,8340.0,8800.0,8140.0,8800.0,428594,0.0,0.0
2014-09-03 00:00:00+09:00,8700.0,9250.0,8590.0,8820.0,689408,0.0,0.0
2014-09-04 00:00:00+09:00,8760.0,8990.0,8460.0,8460.0,236780,0.0,0.0
2014-09-05 00:00:00+09:00,8550.0,8940.0,8300.0,8740.0,227946,0.0,0.0
2014-09-11 00:00:00+09:00,9010.0,9500.0,8800.0,8800.0,567927,0.0,0.0
2014-09-12 00:00:00+09:00,8780.0,8800.0,8490.0,8640.0,218506,0.0,0.0
2014-09-15 00:00:00+09:00,8640.0,8640.0,8320.0,8400.0,109864,0.0,0.0
2014-09-16 00:00:00+09:00,8440.0,8810.0,8430.0,8600.0,155409,0.0,0.0
2014-09-17 00:00:00+09:00,8600.0,8710.0,8440.0,8550.0,96040,0.0,0.0
2014-09-18 00:00:00+09:00,8650.0,8840.0,8500.0,8790.0,115228,0.0,0.0
2014-09-19 00:00:00+09:00,8900.0,8900.0,8640.0,8770.0,105072,0.0,0.0
2014-09-22 00:00:00+09:00,9160.0,9400.0,8510.0,8510.0,688254,0.0,0.0
2014-09-23 00:00:00+09:00,8580.0,8940.0,8370.0,8700.0,394292,0.0,0.0
2014-09-24 00:00:00+09:00,8650.0,8740.0,8480.0,8480.0,181752,0.0,0.0
2014-09-25 00:00:00+09:00,8580.0,8700.0,8460.0,8500.0,132802,0.0,0.0
2014-09-26 00:00:00+09:00,8410.0,8430.0,8170.0,8170.0,197824,0.0,0.0
2014-09-29 00:00:00+09:00,8190.0,8330.0,7600.0,7690.0,270302,0.0,0.0
2014-09-30 00:00:00+09:00,7780.0,7810.0,7500.0,7710.0,133208,0.0,0.0
2014-10-01 00:00:00+09:00,7680.0,7740.0,7290.0,7400.0,137387,0.0,0.0
2014-10-02 00:00:00+09:00,7250.0,7380.0,7190.0,7270.0,134097,0.0,0.0
2014-10-06 00:00:00+09:00,7310.0,7380.0,7030.0,7060.0,111745,0.0,0.0
2014-10-07 00:00:00+09:00,7010.0,7240.0,7010.0,7240.0,77284,0.0,0.0
2014-10-08 00:00:00+09:00,7090.0,7490.0,7090.0,7490.0,136573,0.0,0.0
2014-10-10 00:00:00+09:00,7430.0,7460.0,7200.0,7330.0,107787,0.0,0.0
2014-10-13 00:00:00+09:00,7100.0,7130.0,6480.0,6810.0,174438,0.0,0.0
2014-10-14 00:00:00+09:00,6550.0,6920.0,6550.0,6830.0,82093,0.0,0.0
2014-10-15 00:00:00+09:00,6780.0,6940.0,6780.0,6780.0,54771,0.0,0.0
2014-10-16 00:00:00+09:00,6720.0,6840.0,6400.0,6730.0,55856,0.0,0.0
2014-10-17 00:00:00+09:00,6710.0,6840.0,6600.0,6640.0,62474,0.0,0.0
2014-10-20 00:00:00+09:00,6740.0,7410.0,6690.0,6990.0,275400,0.0,0.0
2014-10-21 00:00:00+09:00,6990.0,7150.0,6930.0,6950.0,78700,0.0,0.0
2014-10-22 00:00:00+09:00,7030.0,7240.0,7020.0,7080.0,76821,0.0,0.0
2014-10-23 00:00:00+09:00,7160.0,7170.0,6900.0,6900.0,79157,0.0,0.0
2014-10-24 00:00:00+09:00,7060.0,7080.0,6840.0,6860.0,58616,0.0,0.0
2014-10-27 00:00:00+09:00,7040.0,7150.0,6880.0,7120.0,63368,0.0,0.0
2014-10-28 00:00:00+09:00,7200.0,7200.0,7010.0,7120.0,29683,0.0,0.0
2014-10-29 00:00:00+09:00,7230.0,7390.0,7100.0,7320.0,120185,0.0,0.0
2014-10-30 00:00:00+09:00,7380.0,8040.0,7280.0,7280.0,636478,0.0,0.0
2014-10-31 00:00:00+09:00,7400.0,7500.0,7200.0,7300.0,118829,0.0,0.0
2014-11-03 00:00:00+09:00,7300.0,7390.0,7020.0,7070.0,79382,0.0,0.0
2014-11-04 00:00:00+09:00,7080.0,7530.0,6970.0,7200.0,119540,0.0,0.0
2014-11-05 00:00:00+09:00,7080.0,7240.0,6920.0,6920.0,60765,0.0,0.0
2014-11-06 00:00:00+09:00,7020.0,7260.0,6830.0,6960.0,81827,0.0,0.0
2014-11-07 00:00:00+09:00,6960.0,7190.0,6960.0,7110.0,68008,0.0,0.0
2014-11-10 00:00:00+09:00,7120.0,7250.0,7050.0,7210.0,49862,0.0,0.0
2014-11-11 00:00:00+09:00,7090.0,7330.0,7090.0,7270.0,80948,0.0,0.0
2014-11-12 00:00:00+09:00,7300.0,7320.0,7180.0,7190.0,55185,0.0,0.0
2014-11-13 00:00:00+09:00,7300.0,7600.0,7240.0,7500.0,175852,0.0,0.0
2014-11-14 00:00:00+09:00,7500.0,7520.0,7350.0,7450.0,68980,0.0,0.0
2014-11-17 00:00:00+09:00,7390.0,7540.0,7230.0,7380.0,48224,0.0,0.0
2014-11-18 00:00:00+09:00,7380.0,7490.0,7260.0,7420.0,48253,0.0,0.0
2014-11-19 00:00:00+09:00,7480.0,7510.0,7260.0,7360.0,60110,0.0,0.0
2014-11-20 00:00:00+09:00,7360.0,7520.0,7230.0,7400.0,88089,0.0,0.0
2014-11-21 00:00:00+09:00,7480.0,7700.0,7300.0,7600.0,123331,0.0,0.0
2014-11-24 00:00:00+09:00,7700.0,8050.0,7500.0,7840.0,233112,0.0,0.0
2014-11-25 00:00:00+09:00,7880.0,8110.0,7700.0,7720.0,156816,0.0,0.0
2014-11-26 00:00:00+09:00,7700.0,7720.0,7610.0,7630.0,55820,0.0,0.0
2014-11-27 00:00:00+09:00,7620.0,7760.0,7540.0,7590.0,48281,0.0,0.0
2014-11-28 00:00:00+09:00,7510.0,7590.0,7200.0,7300.0,105872,0.0,0.0
2014-12-01 00:00:00+09:00,7200.0,7280.0,6750.0,6780.0,217776,0.0,0.0
2014-12-02 00:00:00+09:00,6620.0,6710.0,6580.0,6640.0,74856,0.0,0.0
2014-12-03 00:00:00+09:00,6640.0,6810.0,6620.0,6750.0,55712,0.0,0.0
2014-12-04 00:00:00+09:00,6680.0,6760.0,6660.0,6670.0,44324,0.0,0.0
2014-12-05 00:00:00+09:00,6640.0,6700.0,6510.0,6600.0,95041,0.0,0.0
2014-12-08 00:00:00+09:00,6580.0,6720.0,6570.0,6630.0,40316,0.0,0.0
2014-12-09 00:00:00+09:00,6630.0,6860.0,6580.0,6600.0,87477,0.0,0.0
2014-12-10 00:00:00+09:00,6700.0,6720.0,6500.0,6620.0,41299,0.0,0.0
2014-12-11 00:00:00+09:00,6720.0,6720.0,6550.0,6680.0,51683,0.0,0.0
2014-12-12 00:00:00+09:00,6630.0,6750.0,6140.0,6210.0,135640,0.0,0.0
2014-12-15 00:00:00+09:00,6030.0,6100.0,5820.0,6020.0,84077,0.0,0.0
2014-12-16 00:00:00+09:00,5990.0,6000.0,5650.0,5660.0,157020,0.0,0.0
2014-12-17 00:00:00+09:00,5650.0,5660.0,5480.0,5520.0,76479,0.0,0.0
2014-12-18 00:00:00+09:00,5520.0,5820.0,5510.0,5650.0,75331,0.0,0.0
2014-12-19 00:00:00+09:00,5650.0,6000.0,5560.0,6000.0,84617,0.0,0.0
2014-12-22 00:00:00+09:00,6000.0,6160.0,5840.0,5930.0,113375,0.0,0.0
2014-12-23 00:00:00+09:00,5930.0,5980.0,5690.0,5720.0,51019,0.0,0.0
2014-12-24 00:00:00+09:00,5700.0,5910.0,5660.0,5820.0,32787,0.0,0.0
2014-12-26 00:00:00+09:00,5760.0,6130.0,5710.0,5800.0,77612,0.0,0.0
2014-12-29 00:00:00+09:00,5800.0,5930.0,5700.0,5900.0,50186,0.0,0.0
2014-12-30 00:00:00+09:00,5900.0,6010.0,5800.0,5820.0,37073,0.0,0.0
2015-01-02 00:00:00+09:00,5880.0,6060.0,5850.0,6000.0,39410,0.0,0.0
2015-01-05 00:00:00+09:00,6100.0,6160.0,5900.0,5980.0,66723,0.0,0.0
2015-01-06 00:00:00+09:00,6020.0,6030.0,5840.0,5880.0,48305,0.0,0.0
2015-01-07 00:00:00+09:00,5820.0,5930.0,5740.0,5800.0,46277,0.0,0.0
2015-01-08 00:00:00+09:00,5800.0,6090.0,5800.0,5890.0,48383,0.0,0.0
2015-01-09 00:00:00+09:00,5900.0,6290.0,5900.0,6060.0,107102,0.0,0.0
2015-01-12 00:00:00+09:00,6060.0,6140.0,6020.0,6060.0,43431,0.0,0.0
2015-01-13 00:00:00+09:00,6060.0,6340.0,6020.0,6320.0,104638,0.0,0.0
2015-01-14 00:00:00+09:00,6280.0,6500.0,6180.0,6260.0,154130,0.0,0.0
2015-01-15 00:00:00+09:00,6280.0,6280.0,6120.0,6150.0,52623,0.0,0.0
2015-01-16 00:00:00+09:00,6150.0,6150.0,6040.0,6040.0,40927,0.0,0.0
2015-01-19 00:00:00+09:00,6080.0,6270.0,6070.0,6190.0,34945,0.0,0.0
2015-01-20 00:00:00+09:00,6260.0,6270.0,5900.0,6130.0,50768,0.0,0.0
2015-01-21 00:00:00+09:00,6120.0,6200.0,6070.0,6080.0,40796,0.0,0.0
2015-01-22 00:00:00+09:00,6100.0,6410.0,6080.0,6290.0,160664,0.0,0.0
2015-01-23 00:00:00+09:00,6320.0,6340.0,6160.0,6160.0,45818,0.0,0.0
2015-01-26 00:00:00+09:00,6200.0,6200.0,6090.0,6130.0,22272,0.0,0.0
2015-01-27 00:00:00+09:00,6130.0,6240.0,6080.0,6150.0,36041,0.0,0.0
2015-01-28 00:00:00+09:00,6070.0,6400.0,6070.0,6160.0,141570,0.0,0.0
2015-01-29 00:00:00+09:00,6110.0,6230.0,6020.0,6020.0,57163,0.0,0.0
2015-01-30 00:00:00+09:00,6080.0,6110.0,5940.0,5940.0,50154,0.0,0.0
2015-02-02 00:00:00+09:00,5940.0,5940.0,5760.0,5790.0,61494,0.0,0.0
2015-02-03 00:00:00+09:00,5800.0,5970.0,5790.0,5910.0,50610,0.0,0.0
2015-02-04 00:00:00+09:00,5940.0,6300.0,5940.0,6200.0,100231,0.0,0.0
2015-02-05 00:00:00+09:00,6200.0,6260.0,6120.0,6150.0,57355,0.0,0.0
2015-02-06 00:00:00+09:00,6230.0,6550.0,6160.0,6500.0,217094,0.0,0.0
2015-02-09 00:00:00+09:00,6500.0,6570.0,6390.0,6430.0,86292,0.0,0.0
2015-02-10 00:00:00+09:00,6430.0,6650.0,6390.0,6620.0,92042,0.0,0.0
2015-02-11 00:00:00+09:00,6620.0,6670.0,6510.0,6510.0,61137,0.0,0.0
2015-02-12 00:00:00+09:00,6420.0,6490.0,6270.0,6280.0,78294,0.0,0.0
2015-02-13 00:00:00+09:00,6210.0,6490.0,6210.0,6320.0,68149,0.0,0.0
2015-02-16 00:00:00+09:00,6600.0,7250.0,6490.0,6620.0,708788,0.0,0.0
2015-02-17 00:00:00+09:00,6660.0,6860.0,6510.0,6620.0,136649,0.0,0.0
2015-02-23 00:00:00+09:00,6700.0,6890.0,6630.0,6890.0,114102,0.0,0.0
2015-02-24 00:00:00+09:00,6930.0,6970.0,6740.0,6860.0,95737,0.0,0.0
2015-02-25 00:00:00+09:00,6830.0,6870.0,6740.0,6800.0,69018,0.0,0.0
2015-02-26 00:00:00+09:00,6870.0,6890.0,6720.0,6870.0,73168,0.0,0.0
2015-02-27 00:00:00+09:00,6870.0,7120.0,6760.0,6840.0,172049,0.0,0.0
2015-03-02 00:00:00+09:00,6940.0,7200.0,6860.0,7180.0,175191,0.0,0.0
2015-03-03 00:00:00+09:00,7330.0,7390.0,7020.0,7140.0,186577,0.0,0.0
2015-03-04 00:00:00+09:00,7160.0,7240.0,7040.0,7240.0,106853,0.0,0.0
2015-03-05 00:00:00+09:00,7240.0,7500.0,7130.0,7210.0,255219,0.0,0.0
2015-03-06 00:00:00+09:00,7180.0,7360.0,7040.0,7220.0,174442,0.0,0.0
2015-03-09 00:00:00+09:00,7290.0,7320.0,7050.0,7060.0,124799,0.0,0.0
2015-03-10 00:00:00+09:00,7110.0,7200.0,6650.0,6650.0,175285,0.0,0.0
2015-03-11 00:00:00+09:00,6530.0,6640.0,6450.0,6500.0,84987,0.0,0.0
2015-03-12 00:00:00+09:00,6430.0,6730.0,6430.0,6590.0,111002,0.0,0.0
2015-03-13 00:00:00+09:00,6660.0,6750.0,6510.0,6610.0,39912,0.0,0.0
2015-03-16 00:00:00+09:00,6660.0,6920.0,6640.0,6840.0,152469,0.0,0.0
2015-03-17 00:00:00+09:00,6980.0,6980.0,6760.0,6820.0,64114,0.0,0.0
2015-03-18 00:00:00+09:00,6820.0,6850.0,6700.0,6700.0,73441,0.0,0.0
2015-03-19 00:00:00+09:00,6760.0,6760.0,6570.0,6660.0,64966,0.0,0.0
2015-03-20 00:00:00+09:00,6740.0,6860.0,6580.0,6700.0,50258,0.0,0.0
2015-03-23 00:00:00+09:00,6730.0,6900.0,6730.0,6740.0,46938,0.0,0.0
2015-03-24 00:00:00+09:00,6710.0,6880.0,6670.0,6690.0,38933,0.0,0.0
2015-03-25 00:00:00+09:00,6630.0,6810.0,6620.0,6730.0,54197,0.0,0.0
2015-03-26 00:00:00+09:00,6690.0,6750.0,6650.0,6730.0,36627,0.0,0.0
2015-03-27 00:00:00+09:00,6760.0,7090.0,6720.0,6930.0,183023,0.0,0.0
2015-03-30 00:00:00+09:00,7060.0,7060.0,6770.0,6850.0,86721,0.0,0.0
2015-03-31 00:00:00+09:00,6880.0,7870.0,6840.0,7870.0,1048751,0.0,0.0
2015-04-01 00:00:00+09:00,8780.0,8900.0,8100.0,8100.0,1974908,0.0,0.0
2015-04-02 00:00:00+09:00,7960.0,8300.0,7700.0,7800.0,590778,0.0,0.0
2015-04-03 00:00:00+09:00,7930.0,8150.0,7820.0,7920.0,352940,0.0,0.0
2015-04-06 00:00:00+09:00,8040.0,8300.0,7980.0,7980.0,404377,0.0,0.0
2015-04-07 00:00:00+09:00,8020.0,8070.0,7750.0,7830.0,219380,0.0,0.0
2015-04-08 00:00:00+09:00,7840.0,7860.0,7630.0,7750.0,210476,0.0,0.0
2015-04-09 00:00:00+09:00,7750.0,8190.0,7740.0,7940.0,364522,0.0,0.0
2015-04-10 00:00:00+09:00,8010.0,8060.0,7750.0,7840.0,147049,0.0,0.0
2015-04-13 00:00:00+09:00,8100.0,8400.0,8000.0,8140.0,704631,0.0,0.0
2015-04-14 00:00:00+09:00,8170.0,8240.0,7770.0,7830.0,190919,0.0,0.0
2015-04-15 00:00:00+09:00,7830.0,7900.0,7640.0,7840.0,135228,0.0,0.0
2015-04-16 00:00:00+09:00,7800.0,7980.0,7690.0,7850.0,108527,0.0,0.0
2015-04-17 00:00:00+09:00,7900.0,8180.0,7800.0,8030.0,213415,0.0,0.0
2015-04-20 00:00:00+09:00,8060.0,8240.0,7950.0,8000.0,197363,0.0,0.0
2015-04-21 00:00:00+09:00,8080.0,8320.0,8010.0,8250.0,324428,0.0,0.0
2015-04-22 00:00:00+09:00,8440.0,8900.0,7100.0,7900.0,1128212,0.0,0.0
2015-04-23 00:00:00+09:00,8160.0,8270.0,7660.0,7810.0,220324,0.0,0.0
2015-04-24 00:00:00+09:00,7760.0,7890.0,7610.0,7670.0,138382,0.0,0.0
2015-04-27 00:00:00+09:00,7660.0,7760.0,7610.0,7700.0,95640,0.0,0.0
2015-04-28 00:00:00+09:00,7700.0,7720.0,7320.0,7360.0,169922,0.0,0.0
2015-04-29 00:00:00+09:00,7300.0,7700.0,7280.0,7400.0,99818,0.0,0.0
2015-04-30 00:00:00+09:00,7490.0,7490.0,7200.0,7250.0,57669,0.0,0.0
2015-05-04 00:00:00+09:00,7180.0,7450.0,7180.0,7370.0,66073,0.0,0.0
2015-05-06 00:00:00+09:00,7320.0,7920.0,7280.0,7800.0,294319,0.0,0.0
2015-05-07 00:00:00+09:00,7700.0,7760.0,7450.0,7510.0,106694,0.0,0.0
2015-05-08 00:00:00+09:00,7580.0,8080.0,7470.0,7670.0,373275,0.0,0.0
2015-05-11 00:00:00+09:00,7690.0,7790.0,7540.0,7600.0,112215,0.0,0.0
2015-05-12 00:00:00+09:00,7780.0,8040.0,7560.0,7660.0,286565,0.0,0.0
2015-05-13 00:00:00+09:00,7690.0,7910.0,7590.0,7650.0,139113,0.0,0.0
2015-05-14 00:00:00+09:00,7840.0,8330.0,7820.0,8000.0,629742,0.0,0.0
2015-05-15 00:00:00+09:00,8040.0,8140.0,7870.0,8000.0,153748,0.0,0.0
2015-05-18 00:00:00+09:00,8330.0,9100.0,8130.0,8130.0,1072243,0.0,0.0
2015-05-19 00:00:00+09:00,8220.0,8370.0,7880.0,7960.0,230832,0.0,0.0
2015-05-20 00:00:00+09:00,8170.0,8300.0,7900.0,8100.0,230334,0.0,0.0
2015-05-21 00:00:00+09:00,8030.0,8200.0,7860.0,7880.0,147129,0.0,0.0
2015-05-22 00:00:00+09:00,7920.0,8150.0,7760.0,7970.0,156882,0.0,0.0
2015-05-26 00:00:00+09:00,8080.0,8560.0,8080.0,8270.0,384731,0.0,0.0
2015-05-27 00:00:00+09:00,8320.0,8320.0,7900.0,8000.0,168636,0.0,0.0
2015-05-28 00:00:00+09:00,8380.0,8380.0,8050.0,8050.0,149820,0.0,0.0
2015-05-29 00:00:00+09:00,8000.0,8200.0,7880.0,8190.0,113217,0.0,0.0
2015-06-01 00:00:00+09:00,8100.0,8150.0,7930.0,8050.0,122635,0.0,0.0
2015-06-02 00:00:00+09:00,8040.0,8140.0,7570.0,7570.0,232733,0.0,0.0
2015-06-03 00:00:00+09:00,7510.0,7640.0,7260.0,7360.0,159340,0.0,0.0
2015-06-04 00:00:00+09:00,7400.0,7540.0,7160.0,7190.0,108318,0.0,0.0
2015-06-05 00:00:00+09:00,7100.0,7360.0,7080.0,7300.0,121849,0.0,0.0
2015-06-08 00:00:00+09:00,7340.0,7380.0,7200.0,7320.0,81011,0.0,0.0
2015-06-09 00:00:00+09:00,7390.0,7490.0,7300.0,7490.0,56404,0.0,0.0
2015-06-10 00:00:00+09:00,7510.0,7580.0,7360.0,7480.0,55086,0.0,0.0
2015-06-11 00:00:00+09:00,7490.0,7530.0,7300.0,7350.0,51543,0.0,0.0
2015-06-12 00:00:00+09:00,7380.0,7530.0,7260.0,7260.0,82807,0.0,0.0
2015-06-15 00:00:00+09:00,7150.0,7320.0,6950.0,7060.0,66091,0.0,0.0
2015-06-16 00:00:00+09:00,7140.0,7210.0,6510.0,6550.0,150876,0.0,0.0
2015-06-17 00:00:00+09:00,6540.0,6670.0,6270.0,6600.0,127966,0.0,0.0
2015-06-18 00:00:00+09:00,6700.0,6770.0,6550.0,6610.0,72011,0.0,0.0
2015-06-19 00:00:00+09:00,6740.0,6740.0,6520.0,6600.0,27779,0.0,0.0
2015-06-22 00:00:00+09:00,6540.0,6720.0,6540.0,6660.0,53324,0.0,0.0
2015-06-23 00:00:00+09:00,6750.0,7150.0,6750.0,6940.0,132588,0.0,0.0
2015-06-24 00:00:00+09:00,6950.0,7040.0,6880.0,7010.0,48152,0.0,0.0
2015-06-25 00:00:00+09:00,7000.0,7140.0,6900.0,7070.0,56001,0.0,0.0
2015-06-26 00:00:00+09:00,7040.0,7250.0,6820.0,6820.0,125147,0.0,0.0
2015-06-29 00:00:00+09:00,6780.0,6880.0,6480.0,6480.0,138855,0.0,0.0
2015-06-30 00:00:00+09:00,6480.0,6620.0,6300.0,6480.0,56173,0.0,0.0
2015-07-01 00:00:00+09:00,6430.0,6650.0,6430.0,6590.0,86778,0.0,0.0
2015-07-02 00:00:00+09:00,6590.0,6760.0,6590.0,6610.0,49791,0.0,0.0
2015-07-03 00:00:00+09:00,6680.0,6900.0,6590.0,6740.0,72624,0.0,0.0
2015-07-06 00:00:00+09:00,6600.0,6690.0,6490.0,6510.0,80837,0.0,0.0
2015-07-07 00:00:00+09:00,6550.0,6690.0,6430.0,6660.0,73460,0.0,0.0
2015-07-08 00:00:00+09:00,6660.0,6700.0,6500.0,6530.0,41834,0.0,0.0
2015-07-09 00:00:00+09:00,6530.0,6530.0,6180.0,6300.0,62566,0.0,0.0
2015-07-10 00:00:00+09:00,6340.0,6420.0,6260.0,6330.0,43217,0.0,0.0
2015-07-13 00:00:00+09:00,6330.0,6540.0,6280.0,6540.0,51181,0.0,0.0
2015-07-14 00:00:00+09:00,6520.0,6950.0,6520.0,6840.0,128328,0.0,0.0
2015-07-15 00:00:00+09:00,6870.0,8480.0,6710.0,7320.0,585272,0.0,0.0
2015-07-16 00:00:00+09:00,7320.0,7700.0,7040.0,7470.0,185834,0.0,0.0
2015-07-17 00:00:00+09:00,7420.0,7540.0,7260.0,7400.0,90463,0.0,0.0
2015-07-20 00:00:00+09:00,7560.0,7560.0,7340.0,7520.0,86846,0.0,0.0
2015-07-21 00:00:00+09:00,7570.0,7990.0,7570.0,7930.0,272734,0.0,0.0
2015-07-22 00:00:00+09:00,7930.0,8040.0,7640.0,7640.0,142954,0.0,0.0
2015-07-23 00:00:00+09:00,7760.0,7780.0,7400.0,7570.0,70232,0.0,0.0
2015-07-24 00:00:00+09:00,7570.0,7790.0,7450.0,7450.0,75727,0.0,0.0
2015-07-27 00:00:00+09:00,7350.0,7450.0,6800.0,7100.0,87685,0.0,0.0
2015-07-28 00:00:00+09:00,7100.0,7450.0,6850.0,7380.0,108948,0.0,0.0
2015-07-29 00:00:00+09:00,7440.0,7440.0,7090.0,7130.0,57348,0.0,0.0
2015-07-30 00:00:00+09:00,7260.0,7320.0,7070.0,7110.0,45517,0.0,0.0
2015-07-31 00:00:00+09:00,7000.0,7140.0,6700.0,6820.0,69946,0.0,0.0
2015-08-03 00:00:00+09:00,6760.0,6950.0,6740.0,6760.0,24300,0.0,0.0
2015-08-04 00:00:00+09:00,6790.0,6920.0,6640.0,6780.0,27922,0.0,0.0
2015-08-05 00:00:00+09:00,6830.0,6990.0,6780.0,6970.0,20962,0.0,0.0
2015-08-06 00:00:00+09:00,7040.0,7040.0,6800.0,6850.0,39694,0.0,0.0
2015-08-07 00:00:00+09:00,6860.0,7050.0,6850.0,6950.0,28925,0.0,0.0
2015-08-10 00:00:00+09:00,6940.0,6980.0,6850.0,6900.0,31173,0.0,0.0
2015-08-11 00:00:00+09:00,6900.0,7020.0,6730.0,6950.0,68619,0.0,0.0
2015-08-12 00:00:00+09:00,6900.0,6940.0,6470.0,6730.0,96970,0.0,0.0
2015-08-13 00:00:00+09:00,6610.0,6870.0,6610.0,6830.0,17580,0.0,0.0
2015-08-17 00:00:00+09:00,6830.0,6940.0,6500.0,6630.0,34704,0.0,0.0
2015-08-18 00:00:00+09:00,6600.0,6700.0,6350.0,6490.0,51993,0.0,0.0
2015-08-19 00:00:00+09:00,6360.0,6460.0,5710.0,5830.0,142988,0.0,0.0
2015-08-20 00:00:00+09:00,5750.0,5930.0,5620.0,5760.0,54545,0.0,0.0
2015-08-21 00:00:00+09:00,5200.0,5490.0,5000.0,5060.0,161944,0.0,0.0
2015-08-24 00:00:00+09:00,4820.0,5170.0,4780.0,4940.0,87123,0.0,0.0
2015-08-25 00:00:00+09:00,4940.0,5360.0,4940.0,5250.0,51247,0.0,0.0
2015-08-26 00:00:00+09:00,5260.0,5460.0,5260.0,5420.0,38213,0.0,0.0
2015-08-27 00:00:00+09:00,5500.0,5700.0,5460.0,5620.0,39453,0.0,0.0
2015-08-28 00:00:00+09:00,5640.0,5800.0,5610.0,5780.0,39795,0.0,0.0
2015-08-31 00:00:00+09:00,5800.0,5900.0,5510.0,5720.0,41868,0.0,0.0
2015-09-01 00:00:00+09:00,5720.0,5960.0,5600.0,5780.0,33708,0.0,0.0
2015-09-02 00:00:00+09:00,5740.0,5970.0,5500.0,5910.0,35400,0.0,0.0
2015-09-03 00:00:00+09:00,5960.0,6100.0,5860.0,5990.0,28301,0.0,0.0
2015-09-04 00:00:00+09:00,6060.0,6140.0,5730.0,5860.0,41009,0.0,0.0
2015-09-07 00:00:00+09:00,5860.0,5980.0,5800.0,5800.0,10501,0.0,0.0
2015-09-08 00:00:00+09:00,5650.0,6100.0,5650.0,5760.0,32641,0.0,0.0
2015-09-09 00:00:00+09:00,5800.0,5990.0,5800.0,5900.0,16386,0.0,0.0
2015-09-10 00:00:00+09:00,5900.0,6080.0,5870.0,6080.0,28731,0.0,0.0
2015-09-11 00:00:00+09:00,6100.0,6200.0,6080.0,6180.0,26039,0.0,0.0
2015-09-14 00:00:00+09:00,6190.0,6240.0,6040.0,6200.0,22203,0.0,0.0
2015-09-15 00:00:00+09:00,6200.0,6250.0,6120.0,6160.0,14659,0.0,0.0
2015-09-16 00:00:00+09:00,6220.0,6600.0,6220.0,6240.0,63728,0.0,0.0
2015-09-17 00:00:00+09:00,6490.0,6500.0,6310.0,6310.0,45372,0.0,0.0
2015-09-18 00:00:00+09:00,6320.0,6600.0,6260.0,6500.0,27964,0.0,0.0
2015-09-21 00:00:00+09:00,6310.0,6500.0,6220.0,6500.0,35924,0.0,0.0
2015-09-22 00:00:00+09:00,6540.0,6690.0,6400.0,6650.0,35129,0.0,0.0
2015-09-23 00:00:00+09:00,6650.0,7880.0,6600.0,7240.0,765484,0.0,0.0
2015-09-24 00:00:00+09:00,7260.0,7260.0,6780.0,6780.0,195697,0.0,0.0
2015-09-25 00:00:00+09:00,6980.0,7920.0,6900.0,7100.0,593167,0.0,0.0
2015-09-30 00:00:00+09:00,7190.0,8160.0,7190.0,7600.0,660723,0.0,0.0
2015-10-01 00:00:00+09:00,7740.0,7990.0,7300.0,7900.0,421988,0.0,0.0
2015-10-02 00:00:00+09:00,7900.0,8090.0,7540.0,7540.0,277419,0.0,0.0
2015-10-05 00:00:00+09:00,7610.0,7680.0,7400.0,7670.0,103724,0.0,0.0
2015-10-06 00:00:00+09:00,7830.0,8760.0,7360.0,7410.0,1426887,0.0,0.0
2015-10-07 00:00:00+09:00,7410.0,7580.0,7100.0,7260.0,196889,0.0,0.0
2015-10-08 00:00:00+09:00,7500.0,7500.0,7180.0,7260.0,61237,0.0,0.0
2015-10-12 00:00:00+09:00,7170.0,7490.0,7170.0,7390.0,40333,0.0,0.0
2015-10-13 00:00:00+09:00,7340.0,7530.0,7300.0,7530.0,44190,0.0,0.0
2015-10-14 00:00:00+09:00,7540.0,7690.0,7240.0,7340.0,49064,0.0,0.0
2015-10-15 00:00:00+09:00,7270.0,7710.0,7080.0,7470.0,79373,0.0,0.0
2015-10-16 00:00:00+09:00,7460.0,7780.0,7460.0,7650.0,124963,0.0,0.0
2015-10-19 00:00:00+09:00,7800.0,7930.0,7580.0,7700.0,91793,0.0,0.0
2015-10-20 00:00:00+09:00,7730.0,8660.0,7730.0,8140.0,1125026,0.0,0.0
2015-10-21 00:00:00+09:00,8150.0,8200.0,7810.0,8130.0,191560,0.0,0.0
2015-10-22 00:00:00+09:00,8150.0,8490.0,7870.0,8000.0,297750,0.0,0.0
2015-10-23 00:00:00+09:00,8040.0,8190.0,7730.0,7840.0,142470,0.0,0.0
2015-10-26 00:00:00+09:00,7920.0,8380.0,7850.0,8310.0,224565,0.0,0.0
2015-10-27 00:00:00+09:00,8320.0,8370.0,8000.0,8180.0,162088,0.0,0.0
2015-10-28 00:00:00+09:00,8290.0,8940.0,7940.0,8000.0,582480,0.0,0.0
2015-10-29 00:00:00+09:00,8000.0,8040.0,7680.0,7780.0,146751,0.0,0.0
2015-10-30 00:00:00+09:00,7830.0,7830.0,7420.0,7500.0,83949,0.0,0.0
2015-11-02 00:00:00+09:00,7420.0,7690.0,7400.0,7680.0,46516,0.0,0.0
2015-11-03 00:00:00+09:00,7680.0,7740.0,7520.0,7740.0,47256,0.0,0.0
2015-11-04 00:00:00+09:00,7760.0,7820.0,7640.0,7800.0,36454,0.0,0.0
2015-11-05 00:00:00+09:00,7800.0,7820.0,7610.0,7720.0,32842,0.0,0.0
2015-11-06 00:00:00+09:00,7720.0,7720.0,7330.0,7390.0,93107,0.0,0.0
2015-11-09 00:00:00+09:00,7450.0,7520.0,7140.0,7160.0,72985,0.0,0.0
2015-11-10 00:00:00+09:00,7160.0,7280.0,6980.0,7220.0,67486,0.0,0.0
2015-11-11 00:00:00+09:00,7210.0,7350.0,7120.0,7290.0,23149,0.0,0.0
2015-11-12 00:00:00+09:00,7200.0,7330.0,7090.0,7160.0,27427,0.0,0.0
2015-11-13 00:00:00+09:00,7150.0,7290.0,7060.0,7130.0,34867,0.0,0.0
2015-11-16 00:00:00+09:00,7000.0,7000.0,6620.0,6620.0,77878,0.0,0.0
2015-11-17 00:00:00+09:00,6730.0,7020.0,6730.0,6780.0,52494,0.0,0.0
2015-11-18 00:00:00+09:00,6800.0,7440.0,6800.0,7050.0,97930,0.0,0.0
2015-11-19 00:00:00+09:00,7080.0,7690.0,7080.0,7620.0,163036,0.0,0.0
2015-11-20 00:00:00+09:00,7720.0,7720.0,7390.0,7480.0,61959,0.0,0.0
2015-11-23 00:00:00+09:00,7590.0,7990.0,7560.0,7990.0,128816,0.0,0.0
2015-11-24 00:00:00+09:00,8050.0,8160.0,7750.0,7880.0,120635,0.0,0.0
2015-11-25 00:00:00+09:00,7930.0,7980.0,7700.0,7850.0,51939,0.0,0.0
2015-11-26 00:00:00+09:00,7910.0,7920.0,7720.0,7840.0,48506,0.0,0.0
2015-11-27 00:00:00+09:00,7770.0,7960.0,7720.0,7850.0,35582,0.0,0.0
2015-11-30 00:00:00+09:00,7880.0,8000.0,7690.0,7860.0,42132,0.0,0.0
2015-12-01 00:00:00+09:00,7760.0,8140.0,7660.0,8050.0,91611,0.0,0.0
2015-12-02 00:00:00+09:00,8050.0,8070.0,7890.0,7890.0,37546,0.0,0.0
2015-12-03 00:00:00+09:00,7860.0,8200.0,7860.0,8180.0,104318,0.0,0.0
2015-12-04 00:00:00+09:00,8170.0,8740.0,7800.0,7820.0,621573,0.0,0.0
2015-12-07 00:00:00+09:00,7820.0,8500.0,7640.0,8300.0,360793,0.0,0.0
2015-12-08 00:00:00+09:00,8210.0,8480.0,7980.0,8160.0,313518,0.0,0.0
2015-12-09 00:00:00+09:00,8160.0,8210.0,7750.0,7900.0,194052,0.0,0.0
2015-12-10 00:00:00+09:00,7900.0,8060.0,7470.0,7480.0,141902,0.0,0.0
2015-12-11 00:00:00+09:00,7520.0,7980.0,7520.0,7880.0,187269,0.0,0.0
2015-12-14 00:00:00+09:00,7830.0,7860.0,7420.0,7420.0,116210,0.0,0.0
2015-12-15 00:00:00+09:00,7430.0,7630.0,7170.0,7380.0,101600,0.0,0.0
2015-12-16 00:00:00+09:00,7500.0,7740.0,7430.0,7710.0,86236,0.0,0.0
2015-12-17 00:00:00+09:00,7830.0,7850.0,7620.0,7780.0,69563,0.0,0.0
2015-12-18 00:00:00+09:00,7720.0,8300.0,7720.0,7980.0,432015,0.0,0.0
2015-12-21 00:00:00+09:00,8070.0,8610.0,8010.0,8560.0,1043854,0.0,0.0
2015-12-22 00:00:00+09:00,8710.0,9000.0,8420.0,8800.0,757964,0.0,0.0
2015-12-23 00:00:00+09:00,8830.0,8860.0,8440.0,8440.0,309423,0.0,0.0
2015-12-24 00:00:00+09:00,8500.0,9600.0,8280.0,9090.0,636300,0.0,0.0
2015-12-28 00:00:00+09:00,9160.0,11400.0,9160.0,10360.0,4962389,0.0,0.0
2015-12-29 00:00:00+09:00,10360.0,10360.0,9430.0,9510.0,1481267,0.0,0.0
2015-12-30 00:00:00+09:00,9650.0,12060.0,9640.0,10600.0,6891500,0.0,0.0
2016-01-04 00:00:00+09:00,11140.0,12620.0,11000.0,11320.0,4813755,0.0,0.0
2016-01-05 00:00:00+09:00,11460.0,11460.0,10400.0,10440.0,566838,0.0,0.0
2016-01-06 00:00:00+09:00,10560.0,10560.0,10080.0,10200.0,413731,0.0,0.0
2016-01-07 00:00:00+09:00,10200.0,10660.0,10100.0,10600.0,317816,0.0,0.0
2016-01-08 00:00:00+09:00,10160.0,10320.0,9410.0,9600.0,890751,0.0,0.0
2016-01-11 00:00:00+09:00,9430.0,9770.0,9200.0,9520.0,643449,0.0,0.0
2016-01-12 00:00:00+09:00,9500.0,9950.0,9240.0,9420.0,887407,0.0,0.0
2016-01-13 00:00:00+09:00,9430.0,9710.0,9310.0,9400.0,408663,0.0,0.0
2016-01-14 00:00:00+09:00,9260.0,9290.0,8820.0,9060.0,473093,0.0,0.0
2016-01-15 00:00:00+09:00,9330.0,10580.0,9200.0,9800.0,3318483,0.0,0.0
2016-01-18 00:00:00+09:00,9500.0,9760.0,9160.0,9170.0,677105,0.0,0.0
2016-01-19 00:00:00+09:00,9170.0,9450.0,8620.0,8850.0,478026,0.0,0.0
2016-01-20 00:00:00+09:00,8820.0,8860.0,8160.0,8360.0,439780,0.0,0.0
2016-01-21 00:00:00+09:00,8340.0,8670.0,8120.0,8370.0,328399,0.0,0.0
2016-01-22 00:00:00+09:00,8470.0,8510.0,8010.0,8220.0,254243,0.0,0.0
2016-01-25 00:00:00+09:00,8440.0,8680.0,8250.0,8540.0,329721,0.0,0.0
2016-01-26 00:00:00+09:00,8430.0,8520.0,8060.0,8080.0,272372,0.0,0.0
2016-01-27 00:00:00+09:00,8100.0,8300.0,7900.0,7910.0,230956,0.0,0.0
2016-01-28 00:00:00+09:00,7900.0,8070.0,7780.0,8000.0,160827,0.0,0.0
2016-01-29 00:00:00+09:00,8000.0,8030.0,7660.0,7760.0,170727,0.0,0.0
2016-02-01 00:00:00+09:00,7840.0,7880.0,7620.0,7790.0,91184,0.0,0.0
2016-02-02 00:00:00+09:00,7920.0,7920.0,7480.0,7520.0,82399,0.0,0.0
2016-02-03 00:00:00+09:00,7400.0,7640.0,7340.0,7570.0,86287,0.0,0.0
2016-02-04 00:00:00+09:00,7660.0,7940.0,7580.0,7840.0,162798,0.0,0.0
2016-02-05 00:00:00+09:00,7790.0,7960.0,7740.0,7940.0,96373,0.0,0.0
2016-02-11 00:00:00+09:00,7660.0,7660.0,7040.0,7040.0,128047,0.0,0.0
2016-02-12 00:00:00+09:00,6860.0,7020.0,6580.0,6680.0,145111,0.0,0.0
2016-02-15 00:00:00+09:00,6690.0,6950.0,6690.0,6950.0,66866,0.0,0.0
2016-02-16 00:00:00+09:00,6980.0,8300.0,6980.0,7390.0,1069234,0.0,0.0
2016-02-17 00:00:00+09:00,7300.0,7300.0,6820.0,6840.0,234013,0.0,0.0
2016-02-18 00:00:00+09:00,6990.0,7200.0,6960.0,7060.0,126258,0.0,0.0
2016-02-19 00:00:00+09:00,7060.0,7240.0,7030.0,7240.0,84649,0.0,0.0
2016-02-22 00:00:00+09:00,7300.0,8010.0,7090.0,7510.0,281915,0.0,0.0
2016-02-23 00:00:00+09:00,7400.0,7530.0,7110.0,7170.0,180700,0.0,0.0
2016-02-24 00:00:00+09:00,7140.0,7490.0,7090.0,7330.0,159450,0.0,0.0
2016-02-25 00:00:00+09:00,7460.0,7660.0,7300.0,7300.0,227215,0.0,0.0
2016-02-26 00:00:00+09:00,7370.0,7700.0,7320.0,7590.0,249402,0.0,0.0
2016-02-29 00:00:00+09:00,7690.0,7850.0,7530.0,7850.0,126082,0.0,0.0
2016-03-02 00:00:00+09:00,8000.0,8080.0,7720.0,7830.0,158892,0.0,0.0
2016-03-03 00:00:00+09:00,7840.0,7930.0,7600.0,7790.0,113108,0.0,0.0
2016-03-04 00:00:00+09:00,7790.0,7860.0,7610.0,7700.0,74225,0.0,0.0
2016-03-07 00:00:00+09:00,7710.0,7810.0,7600.0,7800.0,94770,0.0,0.0
2016-03-08 00:00:00+09:00,8440.0,8670.0,7710.0,7710.0,642282,0.0,0.0
2016-03-09 00:00:00+09:00,7620.0,7860.0,7600.0,7820.0,119832,0.0,0.0
2016-03-10 00:00:00+09:00,7840.0,7840.0,7680.0,7680.0,84384,0.0,0.0
2016-03-11 00:00:00+09:00,7690.0,8200.0,7690.0,8020.0,357095,0.0,0.0
2016-03-14 00:00:00+09:00,8110.0,8650.0,8050.0,8380.0,963931,0.0,0.0
2016-03-15 00:00:00+09:00,8420.0,8500.0,8150.0,8150.0,216722,0.0,0.0
2016-03-16 00:00:00+09:00,8220.0,8800.0,8200.0,8490.0,805756,0.0,0.0
2016-03-17 00:00:00+09:00,8560.0,8680.0,8300.0,8520.0,299324,0.0,0.0
2016-03-18 00:00:00+09:00,8640.0,8640.0,8140.0,8170.0,217616,0.0,0.0
2016-03-21 00:00:00+09:00,8220.0,8380.0,8110.0,8120.0,151310,0.0,0.0
2016-03-22 00:00:00+09:00,8120.0,8220.0,7860.0,8060.0,142763,0.0,0.0
2016-03-23 00:00:00+09:00,8150.0,8470.0,7960.0,7960.0,408573,0.0,0.0
2016-03-24 00:00:00+09:00,7970.0,7980.0,7720.0,7770.0,109161,0.0,0.0
2016-03-25 00:00:00+09:00,7790.0,7870.0,7670.0,7760.0,65191,0.0,0.0
2016-03-28 00:00:00+09:00,7720.0,8060.0,7710.0,7900.0,105183,0.0,0.0
2016-03-29 00:00:00+09:00,7910.0,8200.0,7910.0,7990.0,166690,0.0,0.0
2016-03-30 00:00:00+09:00,8000.0,8150.0,7910.0,8150.0,102614,0.0,0.0
2016-03-31 00:00:00+09:00,8260.0,8390.0,8070.0,8080.0,183344,0.0,0.0
2016-04-01 00:00:00+09:00,8080.0,8190.0,8080.0,8150.0,73246,0.0,0.0
2016-04-04 00:00:00+09:00,8470.0,8580.0,8200.0,8320.0,377489,0.0,0.0
2016-04-05 00:00:00+09:00,8330.0,8400.0,8240.0,8360.0,111921,0.0,0.0
2016-04-06 00:00:00+09:00,8360.0,8570.0,8220.0,8310.0,132631,0.0,0.0
2016-04-07 00:00:00+09:00,8340.0,8740.0,8240.0,8470.0,300139,0.0,0.0
2016-04-08 00:00:00+09:00,8440.0,8780.0,8350.0,8760.0,269046,0.0,0.0
2016-04-11 00:00:00+09:00,8950.0,9140.0,8590.0,8740.0,380339,0.0,0.0
2016-04-12 00:00:00+09:00,8660.0,8820.0,8510.0,8590.0,159075,0.0,0.0
2016-04-14 00:00:00+09:00,8610.0,8670.0,8330.0,8360.0,110023,0.0,0.0
2016-04-15 00:00:00+09:00,8790.0,8900.0,8480.0,8580.0,139274,0.0,0.0
2016-04-18 00:00:00+09:00,8500.0,8590.0,8380.0,8400.0,50329,0.0,0.0
2016-04-19 00:00:00+09:00,8400.0,8470.0,8270.0,8360.0,90153,0.0,0.0
2016-04-20 00:00:00+09:00,8360.0,8530.0,8320.0,8520.0,134533,0.0,0.0
2016-04-21 00:00:00+09:00,8500.0,8600.0,8440.0,8580.0,99917,0.0,0.0
2016-04-22 00:00:00+09:00,8620.0,9200.0,8530.0,8930.0,704778,0.0,0.0
2016-04-25 00:00:00+09:00,9110.0,10960.0,8930.0,9560.0,3684450,0.0,0.0
2016-04-26 00:00:00+09:00,9780.0,10360.0,9400.0,9890.0,1609424,0.0,0.0
2016-04-27 00:00:00+09:00,9910.0,10260.0,9600.0,9610.0,873485,0.0,0.0
2016-04-28 00:00:00+09:00,9410.0,9640.0,9240.0,9250.0,354939,0.0,0.0
2016-04-29 00:00:00+09:00,9300.0,9350.0,8920.0,9030.0,244624,0.0,0.0
2016-05-02 00:00:00+09:00,9090.0,9350.0,8870.0,8940.0,237365,0.0,0.0
2016-05-03 00:00:00+09:00,8960.0,9200.0,8850.0,9170.0,149578,0.0,0.0
2016-05-04 00:00:00+09:00,9080.0,9160.0,8860.0,8930.0,162211,0.0,0.0
2016-05-09 00:00:00+09:00,8870.0,8920.0,8600.0,8770.0,202433,0.0,0.0
2016-05-10 00:00:00+09:00,8740.0,9110.0,8710.0,9110.0,110656,0.0,0.0
2016-05-11 00:00:00+09:00,9160.0,9160.0,8800.0,8980.0,177237,0.0,0.0
2016-05-12 00:00:00+09:00,9060.0,10700.0,9060.0,9480.0,3031274,0.0,0.0
2016-05-13 00:00:00+09:00,9420.0,9580.0,9180.0,9400.0,324284,0.0,0.0
2016-05-16 00:00:00+09:00,9800.0,10160.0,9280.0,9280.0,1017397,0.0,0.0
2016-05-17 00:00:00+09:00,9420.0,9690.0,9220.0,9460.0,404170,0.0,0.0
2016-05-18 00:00:00+09:00,9420.0,9880.0,9240.0,9800.0,467020,0.0,0.0
2016-05-19 00:00:00+09:00,9700.0,10100.0,9620.0,9800.0,426285,0.0,0.0
2016-05-20 00:00:00+09:00,9810.0,10580.0,9810.0,10540.0,956980,0.0,0.0
2016-05-23 00:00:00+09:00,10720.0,11500.0,10400.0,10500.0,1200659,0.0,0.0
2016-05-24 00:00:00+09:00,10620.0,11200.0,10180.0,11080.0,1061889,0.0,0.0
2016-05-25 00:00:00+09:00,11380.0,11420.0,10160.0,10160.0,738870,0.0,0.0
2016-05-26 00:00:00+09:00,10340.0,10920.0,10140.0,10500.0,587799,0.0,0.0
2016-05-27 00:00:00+09:00,10640.0,11000.0,9900.0,10200.0,519358,0.0,0.0
2016-05-30 00:00:00+09:00,10040.0,10240.0,9830.0,10020.0,207913,0.0,0.0
2016-05-31 00:00:00+09:00,10860.0,13020.0,10840.0,12240.0,6265760,0.0,0.0
2016-06-01 00:00:00+09:00,11700.0,11820.0,10800.0,11160.0,1833520,0.0,0.0
2016-06-02 00:00:00+09:00,11220.0,11320.0,10380.0,10520.0,956376,0.0,0.0
2016-06-03 00:00:00+09:00,10560.0,11180.0,10480.0,11000.0,903613,0.0,0.0
2016-06-07 00:00:00+09:00,11460.0,11760.0,10940.0,10940.0,1079910,0.0,0.0
2016-06-08 00:00:00+09:00,10860.0,10880.0,10420.0,10440.0,384536,0.0,0.0
2016-06-09 00:00:00+09:00,10540.0,10960.0,10420.0,10560.0,342170,0.0,0.0
2016-06-10 00:00:00+09:00,10600.0,11060.0,10580.0,10660.0,402702,0.0,0.0
2016-06-13 00:00:00+09:00,10640.0,10660.0,10080.0,10180.0,286634,0.0,0.0
2016-06-14 00:00:00+09:00,10020.0,10140.0,9630.0,9830.0,296035,0.0,0.0
2016-06-15 00:00:00+09:00,9840.0,11780.0,9700.0,10500.0,2712154,0.0,0.0
2016-06-16 00:00:00+09:00,10480.0,10540.0,9960.0,10040.0,406412,0.0,0.0
2016-06-17 00:00:00+09:00,9970.0,10480.0,9670.0,9740.0,322968,0.0,0.0
2016-06-20 00:00:00+09:00,9740.0,9930.0,9730.0,9850.0,191442,0.0,0.0
2016-06-21 00:00:00+09:00,10040.0,10040.0,9760.0,9770.0,218561,0.0,0.0
2016-06-22 00:00:00+09:00,9660.0,10140.0,9530.0,9800.0,256984,0.0,0.0
2016-06-23 00:00:00+09:00,9800.0,9850.0,9290.0,9360.0,206375,0.0,0.0
2016-06-24 00:00:00+09:00,9460.0,9560.0,8380.0,8450.0,406702,0.0,0.0
2016-06-27 00:00:00+09:00,8140.0,8800.0,8110.0,8730.0,353872,0.0,0.0
2016-06-28 00:00:00+09:00,8550.0,10380.0,8510.0,9710.0,2278006,0.0,0.0
2016-06-29 00:00:00+09:00,9980.0,10060.0,9600.0,9700.0,394452,0.0,0.0
2016-06-30 00:00:00+09:00,9830.0,10060.0,9660.0,10000.0,410719,0.0,0.0
2016-07-01 00:00:00+09:00,10160.0,10580.0,9930.0,10100.0,816313,0.0,0.0
2016-07-04 00:00:00+09:00,10160.0,10480.0,10080.0,10120.0,237625,0.0,0.0
2016-07-05 00:00:00+09:00,10120.0,10360.0,10060.0,10280.0,187571,0.0,0.0
2016-07-06 00:00:00+09:00,10260.0,10320.0,9800.0,9900.0,261012,0.0,0.0
2016-07-07 00:00:00+09:00,9930.0,10620.0,9930.0,10600.0,554962,0.0,0.0
2016-07-08 00:00:00+09:00,12280.0,12360.0,10580.0,10580.0,2025945,0.0,0.0
2016-07-11 00:00:00+09:00,10680.0,10920.0,10340.0,10820.0,315836,0.0,0.0
2016-07-12 00:00:00+09:00,10820.0,10900.0,10440.0,10520.0,310665,0.0,0.0
2016-07-13 00:00:00+09:00,10600.0,10660.0,10320.0,10580.0,252776,0.0,0.0
2016-07-14 00:00:00+09:00,10680.0,10680.0,10280.0,10280.0,194143,0.0,0.0
2016-07-15 00:00:00+09:00,10540.0,10540.0,10140.0,10140.0,190332,0.0,0.0
2016-07-18 00:00:00+09:00,10020.0,10340.0,10020.0,10320.0,109458,0.0,0.0
2016-07-19 00:00:00+09:00,10860.0,11060.0,10260.0,10280.0,293852,0.0,0.0
2016-07-20 00:00:00+09:00,10280.0,10380.0,10060.0,10240.0,116579,0.0,0.0
2016-07-21 00:00:00+09:00,10300.0,10680.0,10280.0,10420.0,250094,0.0,0.0
2016-07-22 00:00:00+09:00,10400.0,10580.0,10300.0,10520.0,125983,0.0,0.0
2016-07-25 00:00:00+09:00,10620.0,10700.0,10300.0,10300.0,171933,0.0,0.0
2016-07-26 00:00:00+09:00,10360.0,11000.0,10280.0,10340.0,483796,0.0,0.0
2016-07-27 00:00:00+09:00,10340.0,10580.0,10300.0,10360.0,100781,0.0,0.0
2016-07-28 00:00:00+09:00,10400.0,10540.0,10360.0,10400.0,89653,0.0,0.0
2016-07-29 00:00:00+09:00,10500.0,10780.0,10400.0,10500.0,367050,0.0,0.0
2016-08-01 00:00:00+09:00,10620.0,10880.0,10500.0,10800.0,399719,0.0,0.0
2016-08-02 00:00:00+09:00,10840.0,11020.0,10600.0,10700.0,496868,0.0,0.0
2016-08-03 00:00:00+09:00,10640.0,10700.0,10280.0,10300.0,235976,0.0,0.0
2016-08-04 00:00:00+09:00,10500.0,10640.0,10180.0,10380.0,273493,0.0,0.0
2016-08-05 00:00:00+09:00,10500.0,10920.0,10480.0,10720.0,450928,0.0,0.0
2016-08-08 00:00:00+09:00,10720.0,10800.0,10420.0,10420.0,126013,0.0,0.0
2016-08-09 00:00:00+09:00,10420.0,10600.0,10380.0,10400.0,100476,0.0,0.0
2016-08-10 00:00:00+09:00,10420.0,10700.0,10400.0,10480.0,156383,0.0,0.0
2016-08-11 00:00:00+09:00,10500.0,10640.0,10440.0,10460.0,118834,0.0,0.0
2016-08-12 00:00:00+09:00,11360.0,11640.0,10420.0,10500.0,1049050,0.0,0.0
2016-08-16 00:00:00+09:00,10500.0,10560.0,9900.0,9900.0,287125,0.0,0.0
2016-08-17 00:00:00+09:00,9980.0,9980.0,9500.0,9660.0,191145,0.0,0.0
2016-08-18 00:00:00+09:00,9630.0,9800.0,9520.0,9520.0,133724,0.0,0.0
2016-08-19 00:00:00+09:00,9680.0,9880.0,9310.0,9710.0,158581,0.0,0.0
2016-08-22 00:00:00+09:00,10340.0,11000.0,9900.0,9940.0,2096752,0.0,0.0
2016-08-23 00:00:00+09:00,10220.0,10280.0,9700.0,9790.0,350072,0.0,0.0
2016-08-24 00:00:00+09:00,9760.0,10320.0,9750.0,10280.0,363393,0.0,0.0
2016-08-25 00:00:00+09:00,10280.0,10300.0,9930.0,9980.0,256448,0.0,0.0
2016-08-26 00:00:00+09:00,9990.0,10060.0,9800.0,9800.0,124110,0.0,0.0
2016-08-29 00:00:00+09:00,9820.0,9820.0,9120.0,9120.0,263239,0.0,0.0
2016-08-30 00:00:00+09:00,9030.0,9440.0,9030.0,9200.0,103127,0.0,0.0
2016-08-31 00:00:00+09:00,9280.0,9390.0,8940.0,9050.0,92254,0.0,0.0
2016-09-01 00:00:00+09:00,9090.0,9700.0,9000.0,9410.0,165747,0.0,0.0
2016-09-02 00:00:00+09:00,9520.0,9550.0,9320.0,9530.0,95264,0.0,0.0
2016-09-05 00:00:00+09:00,9580.0,9690.0,9520.0,9610.0,66641,0.0,0.0
2016-09-06 00:00:00+09:00,9620.0,9670.0,9400.0,9410.0,78235,0.0,0.0
2016-09-07 00:00:00+09:00,9510.0,9510.0,9120.0,9120.0,83390,0.0,0.0
2016-09-08 00:00:00+09:00,9120.0,9260.0,8980.0,9000.0,93478,0.0,0.0
2016-09-09 00:00:00+09:00,8860.0,8990.0,8690.0,8800.0,112775,0.0,0.0
2016-09-12 00:00:00+09:00,8110.0,8660.0,8110.0,8600.0,69737,0.0,0.0
2016-09-13 00:00:00+09:00,9000.0,9000.0,8700.0,8790.0,38853,0.0,0.0
2016-09-19 00:00:00+09:00,8860.0,8940.0,8710.0,8900.0,50363,0.0,0.0
2016-09-20 00:00:00+09:00,8900.0,9160.0,8860.0,9010.0,53093,0.0,0.0
2016-09-21 00:00:00+09:00,9080.0,9320.0,8990.0,9210.0,75895,0.0,0.0
2016-09-22 00:00:00+09:00,9210.0,9310.0,9140.0,9160.0,66892,0.0,0.0
2016-09-23 00:00:00+09:00,9240.0,9480.0,9160.0,9470.0,116914,0.0,0.0
2016-09-26 00:00:00+09:00,11140.0,11440.0,9960.0,10480.0,1981675,0.0,0.0
2016-09-27 00:00:00+09:00,10400.0,10940.0,9980.0,10400.0,563402,0.0,0.0
2016-09-28 00:00:00+09:00,10240.0,10560.0,10100.0,10260.0,304542,0.0,0.0
2016-09-29 00:00:00+09:00,10300.0,11760.0,10300.0,10840.0,2066480,0.0,0.0
2016-09-30 00:00:00+09:00,10720.0,11740.0,10720.0,11520.0,1376098,0.0,0.0
2016-10-04 00:00:00+09:00,11660.0,12400.0,11400.0,11400.0,879069,0.0,0.0
2016-10-05 00:00:00+09:00,11400.0,12060.0,11300.0,11420.0,428748,0.0,0.0
2016-10-06 00:00:00+09:00,11460.0,12020.0,11460.0,11960.0,450739,0.0,0.0
2016-10-07 00:00:00+09:00,11960.0,12880.0,11640.0,12280.0,980035,0.0,0.0
2016-10-10 00:00:00+09:00,12080.0,12680.0,12080.0,12600.0,285567,0.0,0.0
2016-10-11 00:00:00+09:00,12820.0,12820.0,12440.0,12700.0,305312,0.0,0.0
2016-10-12 00:00:00+09:00,12540.0,12940.0,12540.0,12560.0,206958,0.0,0.0
2016-10-13 00:00:00+09:00,12560.0,12660.0,12020.0,12240.0,276115,0.0,0.0
2016-10-14 00:00:00+09:00,12060.0,14580.0,12060.0,13620.0,1287585,0.0,0.0
2016-10-17 00:00:00+09:00,13700.0,15160.0,13400.0,13600.0,1493338,0.0,0.0
2016-10-18 00:00:00+09:00,13240.0,13920.0,13000.0,13540.0,380924,0.0,0.0
2016-10-19 00:00:00+09:00,13720.0,14080.0,13420.0,13500.0,296552,0.0,0.0
2016-10-20 00:00:00+09:00,13500.0,13760.0,12340.0,12400.0,545102,0.0,0.0
2016-10-21 00:00:00+09:00,12680.0,13920.0,12620.0,13420.0,604380,0.0,0.0
2016-10-24 00:00:00+09:00,13800.0,14900.0,13500.0,13700.0,947835,0.0,0.0
2016-10-25 00:00:00+09:00,13660.0,14560.0,13300.0,14080.0,470732,0.0,0.0
2016-10-26 00:00:00+09:00,14000.0,14140.0,13180.0,13400.0,325224,0.0,0.0
2016-10-27 00:00:00+09:00,13100.0,13880.0,12740.0,13020.0,364557,0.0,0.0
2016-10-28 00:00:00+09:00,12920.0,13160.0,12500.0,12600.0,165916,0.0,0.0
2016-10-31 00:00:00+09:00,12620.0,12820.0,11920.0,12000.0,216171,0.0,0.0
2016-11-01 00:00:00+09:00,12360.0,12360.0,11480.0,11980.0,191771,0.0,0.0
2016-11-02 00:00:00+09:00,12040.0,12700.0,11780.0,12100.0,390915,0.0,0.0
2016-11-03 00:00:00+09:00,12100.0,12280.0,10020.0,10300.0,594188,0.0,0.0
2016-11-04 00:00:00+09:00,10420.0,12760.0,10420.0,12280.0,960261,0.0,0.0
2016-11-07 00:00:00+09:00,12920.0,13200.0,11860.0,12100.0,399590,0.0,0.0
2016-11-08 00:00:00+09:00,12160.0,12520.0,11900.0,12040.0,337447,0.0,0.0
2016-11-09 00:00:00+09:00,12240.0,12240.0,10960.0,11680.0,418454,0.0,0.0
2016-11-10 00:00:00+09:00,12160.0,12260.0,11720.0,11780.0,173945,0.0,0.0
2016-11-11 00:00:00+09:00,11820.0,12000.0,11420.0,11540.0,178501,0.0,0.0
2016-11-14 00:00:00+09:00,11560.0,11640.0,11080.0,11280.0,143758,0.0,0.0
2016-11-15 00:00:00+09:00,11200.0,11880.0,11200.0,11680.0,198709,0.0,0.0
2016-11-16 00:00:00+09:00,11720.0,12180.0,11700.0,11900.0,181506,0.0,0.0
2016-11-17 00:00:00+09:00,11880.0,12260.0,11720.0,11980.0,131684,0.0,0.0
2016-11-18 00:00:00+09:00,12620.0,12780.0,11980.0,12240.0,316737,0.0,0.0
2016-11-21 00:00:00+09:00,12260.0,13300.0,12260.0,12800.0,533377,0.0,0.0
2016-11-22 00:00:00+09:00,13020.0,13100.0,12540.0,12860.0,156498,0.0,0.0
2016-11-23 00:00:00+09:00,13100.0,13100.0,11980.0,11980.0,154705,0.0,0.0
2016-11-24 00:00:00+09:00,12000.0,12200.0,11340.0,11700.0,168482,0.0,0.0
2016-11-25 00:00:00+09:00,11520.0,12040.0,11440.0,11920.0,78637,0.0,0.0
2016-11-28 00:00:00+09:00,12140.0,12180.0,11440.0,11780.0,135382,0.0,0.0
2016-11-29 00:00:00+09:00,11500.0,11820.0,11380.0,11500.0,87012,0.0,0.0
2016-11-30 00:00:00+09:00,11700.0,11700.0,11180.0,11540.0,102709,0.0,0.0
2016-12-01 00:00:00+09:00,11640.0,11920.0,11300.0,11900.0,91673,0.0,0.0
2016-12-02 00:00:00+09:00,12000.0,12000.0,11600.0,11680.0,113497,0.0,0.0
2016-12-05 00:00:00+09:00,11560.0,11920.0,11340.0,11460.0,95361,0.0,0.0
2016-12-06 00:00:00+09:00,11420.0,11800.0,11360.0,11360.0,73093,0.0,0.0
2016-12-07 00:00:00+09:00,11400.0,11640.0,10900.0,11100.0,88498,0.0,0.0
2016-12-08 00:00:00+09:00,11220.0,12340.0,11020.0,11840.0,135599,0.0,0.0
2016-12-09 00:00:00+09:00,11840.0,12660.0,11160.0,11280.0,539475,0.0,0.0
2016-12-12 00:00:00+09:00,11400.0,11820.0,11400.0,11440.0,113870,0.0,0.0
2016-12-13 00:00:00+09:00,11520.0,11780.0,10960.0,11120.0,203014,0.0,0.0
2016-12-14 00:00:00+09:00,11080.0,11220.0,10680.0,10840.0,124808,0.0,0.0
2016-12-15 00:00:00+09:00,10840.0,11220.0,10800.0,10900.0,106395,0.0,0.0
2016-12-16 00:00:00+09:00,10920.0,11080.0,10860.0,10900.0,61347,0.0,0.0
2016-12-19 00:00:00+09:00,10900.0,11000.0,10560.0,10640.0,89555,0.0,0.0
2016-12-20 00:00:00+09:00,10640.0,10760.0,10200.0,10200.0,122281,0.0,0.0
2016-12-21 00:00:00+09:00,10260.0,10480.0,9940.0,10340.0,166726,0.0,0.0
2016-12-22 00:00:00+09:00,10360.0,10400.0,10080.0,10140.0,115910,0.0,0.0
2016-12-23 00:00:00+09:00,10200.0,10260.0,10060.0,10080.0,70312,0.0,0.0
2016-12-26 00:00:00+09:00,10080.0,10240.0,9780.0,9810.0,94301,0.0,0.0
2016-12-27 00:00:00+09:00,9540.0,10620.0,9540.0,10180.0,218815,0.0,0.0
2016-12-28 00:00:00+09:00,10240.0,10600.0,10120.0,10460.0,137650,0.0,0.0
2016-12-29 00:00:00+09:00,10500.0,10720.0,10260.0,10600.0,78019,0.0,0.0
2017-01-02 00:00:00+09:00,10640.0,11220.0,10620.0,11160.0,190356,0.0,0.0
2017-01-03 00:00:00+09:00,11240.0,11240.0,11020.0,11160.0,89881,0.0,0.0
2017-01-04 00:00:00+09:00,11240.0,11240.0,10920.0,11080.0,57344,0.0,0.0
2017-01-05 00:00:00+09:00,11080.0,11200.0,10860.0,11180.0,47604,0.0,0.0
2017-01-06 00:00:00+09:00,11180.0,11180.0,10960.0,10960.0,35933,0.0,0.0
2017-01-09 00:00:00+09:00,10960.0,11200.0,10800.0,11200.0,53346,0.0,0.0
2017-01-10 00:00:00+09:00,11200.0,11260.0,10900.0,11100.0,45320,0.0,0.0
2017-01-11 00:00:00+09:00,11000.0,11140.0,10900.0,11040.0,44123,0.0,0.0
2017-01-12 00:00:00+09:00,11040.0,11160.0,10780.0,10820.0,42130,0.0,0.0
2017-01-13 00:00:00+09:00,10840.0,11080.0,10720.0,10720.0,41442,0.0,0.0
2017-01-16 00:00:00+09:00,10700.0,10780.0,10200.0,10260.0,61757,0.0,0.0
2017-01-17 00:00:00+09:00,10260.0,10420.0,10000.0,10120.0,45871,0.0,0.0
2017-01-18 00:00:00+09:00,10120.0,10240.0,9980.0,10000.0,54324,0.0,0.0
2017-01-19 00:00:00+09:00,10040.0,10580.0,9900.0,10180.0,77191,0.0,0.0
2017-01-20 00:00:00+09:00,10240.0,10300.0,9990.0,10200.0,31905,0.0,0.0
2017-01-23 00:00:00+09:00,10200.0,10240.0,9540.0,9790.0,53508,0.0,0.0
2017-01-24 00:00:00+09:00,9800.0,10060.0,9460.0,9460.0,79644,0.0,0.0
2017-01-25 00:00:00+09:00,9390.0,10200.0,8920.0,10020.0,142028,0.0,0.0
2017-01-26 00:00:00+09:00,10060.0,10300.0,9890.0,9900.0,39525,0.0,0.0
2017-01-31 00:00:00+09:00,9820.0,9920.0,9390.0,9920.0,78752,0.0,0.0
2017-02-01 00:00:00+09:00,9780.0,10100.0,9780.0,9950.0,20311,0.0,0.0
2017-02-02 00:00:00+09:00,10160.0,10700.0,10000.0,10120.0,203118,0.0,0.0
2017-02-03 00:00:00+09:00,10060.0,10300.0,9810.0,10120.0,45297,0.0,0.0
2017-02-06 00:00:00+09:00,10500.0,10500.0,10080.0,10320.0,115028,0.0,0.0
2017-02-07 00:00:00+09:00,10400.0,10420.0,10060.0,10420.0,93426,0.0,0.0
2017-02-08 00:00:00+09:00,10400.0,10560.0,10080.0,10380.0,75289,0.0,0.0
2017-02-09 00:00:00+09:00,10400.0,11180.0,10240.0,10780.0,515753,0.0,0.0
2017-02-10 00:00:00+09:00,10680.0,11000.0,10400.0,11000.0,182978,0.0,0.0
2017-02-13 00:00:00+09:00,11000.0,11000.0,10720.0,11000.0,73811,0.0,0.0
2017-02-14 00:00:00+09:00,10900.0,10980.0,10560.0,10740.0,102409,0.0,0.0
2017-02-15 00:00:00+09:00,10620.0,10800.0,10100.0,10680.0,165588,0.0,0.0
2017-02-16 00:00:00+09:00,10720.0,11180.0,10440.0,10760.0,329645,0.0,0.0
2017-02-17 00:00:00+09:00,10620.0,10840.0,10460.0,10800.0,85006,0.0,0.0
2017-02-20 00:00:00+09:00,10940.0,10960.0,10640.0,10780.0,46541,0.0,0.0
2017-02-21 00:00:00+09:00,10700.0,11180.0,10560.0,10820.0,195449,0.0,0.0
2017-02-22 00:00:00+09:00,10820.0,10860.0,10500.0,10660.0,66013,0.0,0.0
2017-02-23 00:00:00+09:00,10660.0,10700.0,10100.0,10580.0,81374,0.0,0.0
2017-02-24 00:00:00+09:00,10280.0,10440.0,9930.0,10420.0,144177,0.0,0.0
2017-02-27 00:00:00+09:00,10420.0,10480.0,10160.0,10180.0,23120,0.0,0.0
2017-02-28 00:00:00+09:00,10020.0,10180.0,9770.0,9770.0,75415,0.0,0.0
2017-03-02 00:00:00+09:00,9550.0,9740.0,9500.0,9640.0,54035,0.0,0.0
2017-03-03 00:00:00+09:00,9810.0,9820.0,9380.0,9380.0,40464,0.0,0.0
2017-03-06 00:00:00+09:00,9300.0,9570.0,9300.0,9360.0,35734,0.0,0.0
2017-03-07 00:00:00+09:00,9220.0,9490.0,8780.0,9400.0,204528,0.0,0.0
2017-03-08 00:00:00+09:00,9220.0,9400.0,9100.0,9400.0,42992,0.0,0.0
2017-03-09 00:00:00+09:00,9400.0,9600.0,9300.0,9300.0,49242,0.0,0.0
2017-03-10 00:00:00+09:00,9300.0,9400.0,9080.0,9290.0,58165,0.0,0.0
2017-03-13 00:00:00+09:00,9140.0,9350.0,9140.0,9270.0,48784,0.0,0.0
2017-03-14 00:00:00+09:00,9270.0,9330.0,9100.0,9270.0,49625,0.0,0.0
2017-03-15 00:00:00+09:00,9230.0,9280.0,8960.0,9270.0,141261,0.0,0.0
2017-03-16 00:00:00+09:00,9210.0,9270.0,9100.0,9180.0,51895,0.0,0.0
2017-03-17 00:00:00+09:00,9080.0,9240.0,9080.0,9130.0,45056,0.0,0.0
2017-03-20 00:00:00+09:00,9200.0,9500.0,9170.0,9170.0,121936,0.0,0.0
2017-03-21 00:00:00+09:00,9170.0,9410.0,9040.0,9180.0,48771,0.0,0.0
2017-03-22 00:00:00+09:00,9300.0,9300.0,9020.0,9020.0,37639,0.0,0.0
2017-03-23 00:00:00+09:00,9020.0,9400.0,8620.0,8810.0,119984,0.0,0.0
2017-03-24 00:00:00+09:00,8640.0,8820.0,8600.0,8810.0,71669,0.0,0.0
2017-03-27 00:00:00+09:00,8820.0,9850.0,8820.0,9260.0,373650,0.0,0.0
2017-03-28 00:00:00+09:00,9210.0,9740.0,9200.0,9410.0,153660,0.0,0.0
2017-03-30 00:00:00+09:00,9600.0,9630.0,8380.0,8830.0,256074,0.0,0.0
2017-03-31 00:00:00+09:00,8760.0,8760.0,7120.0,7120.0,685104,0.0,0.0
2017-04-03 00:00:00+09:00,7250.0,7680.0,6940.0,7590.0,482520,0.0,0.0
2017-04-04 00:00:00+09:00,7650.0,7720.0,7270.0,7410.0,251341,0.0,0.0
2017-04-05 00:00:00+09:00,7350.0,8050.0,7280.0,7880.0,243562,0.0,0.0
2017-04-06 00:00:00+09:00,7880.0,8660.0,7830.0,8560.0,309686,0.0,0.0
2017-04-07 00:00:00+09:00,8500.0,8580.0,8190.0,8500.0,125745,0.0,0.0
2017-04-10 00:00:00+09:00,8500.0,8760.0,8230.0,8260.0,41961,0.0,0.0
2017-04-11 00:00:00+09:00,8070.0,8240.0,7800.0,7810.0,110745,0.0,0.0
2017-04-12 00:00:00+09:00,7710.0,8140.0,7590.0,7980.0,104304,0.0,0.0
2017-04-13 00:00:00+09:00,7980.0,8060.0,7700.0,7830.0,37832,0.0,0.0
2017-04-14 00:00:00+09:00,7910.0,7910.0,7690.0,7720.0,32570,0.0,0.0
2017-04-17 00:00:00+09:00,7610.0,8080.0,7610.0,7950.0,42556,0.0,0.0
2017-04-18 00:00:00+09:00,8030.0,8030.0,7790.0,7950.0,40835,0.0,0.0
2017-04-19 00:00:00+09:00,7850.0,8320.0,7770.0,8290.0,75976,0.0,0.0
2017-04-20 00:00:00+09:00,8290.0,8900.0,8000.0,8750.0,181673,0.0,0.0
2017-04-21 00:00:00+09:00,8900.0,9080.0,8400.0,8760.0,204371,0.0,0.0
2017-04-24 00:00:00+09:00,8770.0,9000.0,8510.0,8800.0,126661,0.0,0.0
2017-04-25 00:00:00+09:00,8800.0,9040.0,8630.0,8800.0,113643,0.0,0.0
2017-04-26 00:00:00+09:00,8770.0,8900.0,8760.0,8800.0,74233,0.0,0.0
2017-04-27 00:00:00+09:00,8800.0,9160.0,8800.0,8990.0,104501,0.0,0.0
2017-04-28 00:00:00+09:00,9300.0,9300.0,8900.0,8980.0,61376,0.0,0.0
2017-05-02 00:00:00+09:00,8980.0,8980.0,8580.0,8860.0,60657,0.0,0.0
2017-05-04 00:00:00+09:00,8680.0,9000.0,8680.0,8880.0,36928,0.0,0.0
2017-05-08 00:00:00+09:00,8920.0,8920.0,8620.0,8780.0,31529,0.0,0.0
2017-05-10 00:00:00+09:00,8780.0,8780.0,8380.0,8760.0,87476,0.0,0.0
2017-05-11 00:00:00+09:00,8760.0,8760.0,8300.0,8500.0,76374,0.0,0.0
2017-05-12 00:00:00+09:00,8520.0,8590.0,8080.0,8260.0,99829,0.0,0.0
2017-05-15 00:00:00+09:00,8260.0,8350.0,7820.0,8160.0,88395,0.0,0.0
2017-05-16 00:00:00+09:00,8170.0,8170.0,7800.0,7830.0,81911,0.0,0.0
2017-05-17 00:00:00+09:00,7950.0,7950.0,7140.0,7200.0,155037,0.0,0.0
2017-05-18 00:00:00+09:00,7140.0,7410.0,7140.0,7140.0,80856,0.0,0.0
2017-05-19 00:00:00+09:00,7340.0,7440.0,7000.0,7110.0,134573,0.0,0.0
2017-05-22 00:00:00+09:00,7080.0,7110.0,6280.0,6760.0,302271,0.0,0.0
2017-05-23 00:00:00+09:00,6760.0,7200.0,6570.0,7020.0,197949,0.0,0.0
2017-05-24 00:00:00+09:00,7290.0,8240.0,7050.0,7170.0,251280,0.0,0.0
2017-05-25 00:00:00+09:00,7250.0,7480.0,7080.0,7270.0,64102,0.0,0.0
2017-05-26 00:00:00+09:00,7270.0,7500.0,7160.0,7170.0,88972,0.0,0.0
2017-05-29 00:00:00+09:00,7250.0,7250.0,6930.0,6940.0,78034,0.0,0.0
2017-05-30 00:00:00+09:00,6750.0,7180.0,6750.0,6800.0,124290,0.0,0.0
2017-05-31 00:00:00+09:00,6800.0,7300.0,6770.0,7260.0,157806,0.0,0.0
2017-06-01 00:00:00+09:00,7260.0,7600.0,7260.0,7530.0,72474,0.0,0.0
2017-06-02 00:00:00+09:00,7560.0,7770.0,7560.0,7750.0,58081,0.0,0.0
2017-06-05 00:00:00+09:00,7800.0,8020.0,7720.0,7800.0,79524,0.0,0.0
2017-06-07 00:00:00+09:00,7980.0,7990.0,7660.0,7940.0,58727,0.0,0.0
2017-06-08 00:00:00+09:00,7940.0,8270.0,7840.0,8250.0,82168,0.0,0.0
2017-06-09 00:00:00+09:00,8250.0,8600.0,8250.0,8440.0,128107,0.0,0.0
2017-06-12 00:00:00+09:00,8300.0,8620.0,7900.0,7960.0,158130,0.0,0.0
2017-06-13 00:00:00+09:00,7960.0,8400.0,7900.0,8120.0,75009,0.0,0.0
2017-06-14 00:00:00+09:00,8120.0,8400.0,7900.0,8080.0,68930,0.0,0.0
2017-06-15 00:00:00+09:00,8080.0,8170.0,7800.0,7860.0,23577,0.0,0.0
2017-06-16 00:00:00+09:00,7860.0,7860.0,7490.0,7610.0,65723,0.0,0.0
2017-06-19 00:00:00+09:00,7600.0,7610.0,7150.0,7220.0,104884,0.0,0.0
2017-06-20 00:00:00+09:00,7180.0,7380.0,7080.0,7210.0,64739,0.0,0.0
2017-06-21 00:00:00+09:00,7210.0,7280.0,7020.0,7220.0,51694,0.0,0.0
2017-06-22 00:00:00+09:00,7220.0,7220.0,6940.0,7200.0,110452,0.0,0.0
2017-06-23 00:00:00+09:00,7200.0,7890.0,7200.0,7620.0,150746,0.0,0.0
2017-06-26 00:00:00+09:00,7680.0,7680.0,7310.0,7610.0,44028,0.0,0.0
2017-06-27 00:00:00+09:00,7630.0,7630.0,7400.0,7540.0,38091,0.0,0.0
2017-06-28 00:00:00+09:00,7620.0,7620.0,7380.0,7560.0,28631,0.0,0.0
2017-06-29 00:00:00+09:00,7560.0,7970.0,7500.0,7840.0,121626,0.0,0.0
2017-06-30 00:00:00+09:00,7810.0,7970.0,7790.0,7820.0,80559,0.0,0.0
2017-07-03 00:00:00+09:00,7900.0,7900.0,7330.0,7510.0,56752,0.0,0.0
2017-07-04 00:00:00+09:00,7420.0,7660.0,7400.0,7540.0,39561,0.0,0.0
2017-07-05 00:00:00+09:00,7540.0,7700.0,7360.0,7580.0,42088,0.0,0.0
2017-07-06 00:00:00+09:00,7580.0,7660.0,7400.0,7550.0,36926,0.0,0.0
2017-07-07 00:00:00+09:00,7480.0,7640.0,7480.0,7610.0,15868,0.0,0.0
2017-07-10 00:00:00+09:00,7540.0,7610.0,7300.0,7300.0,53857,0.0,0.0
2017-07-11 00:00:00+09:00,7300.0,7510.0,7240.0,7300.0,18431,0.0,0.0
2017-07-12 00:00:00+09:00,7300.0,7450.0,7120.0,7400.0,35195,0.0,0.0
2017-07-13 00:00:00+09:00,7400.0,7400.0,7080.0,7290.0,55063,0.0,0.0
2017-07-14 00:00:00+09:00,7200.0,7890.0,7100.0,7740.0,103560,0.0,0.0
2017-07-17 00:00:00+09:00,7760.0,8350.0,7760.0,8230.0,193424,0.0,0.0
2017-07-18 00:00:00+09:00,8000.0,8270.0,7920.0,8230.0,148970,0.0,0.0
2017-07-19 00:00:00+09:00,8230.0,8310.0,7830.0,7920.0,109107,0.0,0.0
2017-07-20 00:00:00+09:00,7890.0,8080.0,7580.0,7740.0,160120,0.0,0.0
2017-07-21 00:00:00+09:00,7740.0,7940.0,7570.0,7620.0,75193,0.0,0.0
2017-07-24 00:00:00+09:00,7740.0,8220.0,7480.0,7660.0,314441,0.0,0.0
2017-07-25 00:00:00+09:00,7660.0,7780.0,7430.0,7430.0,139241,0.0,0.0
2017-07-26 00:00:00+09:00,7410.0,7430.0,7230.0,7240.0,67807,0.0,0.0
2017-07-27 00:00:00+09:00,7190.0,7450.0,7190.0,7390.0,35593,0.0,0.0
2017-07-28 00:00:00+09:00,7210.0,7440.0,7210.0,7240.0,49967,0.0,0.0
2017-07-31 00:00:00+09:00,7180.0,7220.0,6600.0,7000.0,136676,0.0,0.0
2017-08-01 00:00:00+09:00,7140.0,7200.0,6640.0,6690.0,113663,0.0,0.0
2017-08-02 00:00:00+09:00,6690.0,6900.0,6180.0,6200.0,340539,0.0,0.0
2017-08-03 00:00:00+09:00,6080.0,6100.0,5060.0,5240.0,1147441,0.0,0.0
2017-08-04 00:00:00+09:00,5250.0,5990.0,5210.0,5690.0,2067852,0.0,0.0
2017-08-07 00:00:00+09:00,5700.0,6120.0,5680.0,5950.0,503891,0.0,0.0
2017-08-08 00:00:00+09:00,6160.0,6160.0,5690.0,5810.0,211518,0.0,0.0
2017-08-09 00:00:00+09:00,5800.0,5800.0,5400.0,5400.0,164047,0.0,0.0
2017-08-10 00:00:00+09:00,5290.0,5470.0,4580.0,4720.0,1323180,0.0,0.0
2017-08-11 00:00:00+09:00,4610.0,4850.0,4280.0,4350.0,1435496,0.0,0.0
2017-08-14 00:00:00+09:00,3050.0,3280.0,3050.0,3050.0,1800536,0.0,0.0
2017-08-16 00:00:00+09:00,2970.0,3110.0,2770.0,2950.0,1949536,0.0,0.0
2017-08-17 00:00:00+09:00,2980.0,3060.0,2720.0,2750.0,1049762,0.0,0.0
2017-08-18 00:00:00+09:00,2660.0,2720.0,2380.0,2650.0,1963658,0.0,0.0
2017-08-21 00:00:00+09:00,2910.0,3380.0,2660.0,3030.0,8580955,0.0,0.0
2017-08-22 00:00:00+09:00,3200.0,3350.0,2730.0,2800.0,2896347,0.0,0.0
2017-08-23 00:00:00+09:00,2750.0,2810.0,2670.0,2780.0,942465,0.0,0.0
2017-08-24 00:00:00+09:00,2760.0,2990.0,2760.0,2950.0,1279422,0.0,0.0
2017-08-25 00:00:00+09:00,2970.0,3240.0,2970.0,3130.0,1722916,0.0,0.0
2017-08-28 00:00:00+09:00,3000.0,3060.0,2940.0,2990.0,482875,0.0,0.0
2017-08-29 00:00:00+09:00,3010.0,3020.0,2870.0,3000.0,343592,0.0,0.0
2017-08-30 00:00:00+09:00,3000.0,3140.0,2910.0,3130.0,529721,0.0,0.0
2017-08-31 00:00:00+09:00,3260.0,3340.0,3040.0,3060.0,1186423,0.0,0.0
2017-09-01 00:00:00+09:00,3030.0,3050.0,2950.0,2990.0,524236,0.0,0.0
2017-09-04 00:00:00+09:00,2850.0,3100.0,2840.0,3020.0,407794,0.0,0.0
2017-09-05 00:00:00+09:00,2960.0,3070.0,2900.0,2960.0,277891,0.0,0.0
2017-09-06 00:00:00+09:00,2980.0,3020.0,2910.0,2980.0,170104,0.0,0.0
2017-09-07 00:00:00+09:00,2980.0,3130.0,2850.0,2990.0,614165,0.0,0.0
2017-09-08 00:00:00+09:00,2990.0,3120.0,2880.0,2910.0,575815,0.0,0.0
2017-09-11 00:00:00+09:00,2800.0,2830.0,2720.0,2830.0,462927,0.0,0.0
2017-09-12 00:00:00+09:00,2900.0,3080.0,2670.0,2810.0,691671,0.0,0.0
2017-09-13 00:00:00+09:00,2810.0,2820.0,2720.0,2760.0,192426,0.0,0.0
2017-09-14 00:00:00+09:00,2740.0,2790.0,2620.0,2670.0,351870,0.0,0.0
2017-09-15 00:00:00+09:00,2740.0,2960.0,2650.0,2660.0,920014,0.0,0.0
2017-09-18 00:00:00+09:00,2680.0,2860.0,2670.0,2810.0,330543,0.0,0.0
2017-09-19 00:00:00+09:00,2790.0,2850.0,2730.0,2850.0,140255,0.0,0.0
2017-09-20 00:00:00+09:00,2880.0,2960.0,2700.0,2720.0,199911,0.0,0.0
2017-09-21 00:00:00+09:00,2740.0,2800.0,2510.0,2570.0,259909,0.0,0.0
2017-09-25 00:00:00+09:00,2480.0,2500.0,2310.0,2310.0,109276,0.0,0.0
2017-09-26 00:00:00+09:00,2310.0,2630.0,2200.0,2400.0,305997,0.0,0.0
2017-09-27 00:00:00+09:00,2450.0,2550.0,2330.0,2480.0,83408,0.0,0.0
2017-09-28 00:00:00+09:00,2480.0,2590.0,2450.0,2520.0,82185,0.0,0.0
2017-09-29 00:00:00+09:00,2540.0,2660.0,2510.0,2620.0,144249,0.0,0.0
2017-10-10 00:00:00+09:00,2630.0,2660.0,2520.0,2600.0,95111,0.0,0.0
2017-10-11 00:00:00+09:00,2680.0,2740.0,2590.0,2650.0,118608,0.0,0.0
2017-10-12 00:00:00+09:00,2700.0,2930.0,2670.0,2920.0,426354,0.0,0.0
2017-10-13 00:00:00+09:00,2960.0,3070.0,2530.0,2530.0,783701,0.0,0.0
2017-10-16 00:00:00+09:00,2560.0,2670.0,2500.0,2620.0,119397,0.0,0.0
2017-10-17 00:00:00+09:00,2610.0,2640.0,2540.0,2570.0,72722,0.0,0.0
2017-10-18 00:00:00+09:00,2580.0,2610.0,2450.0,2520.0,86811,0.0,0.0
2017-10-19 00:00:00+09:00,2520.0,2530.0,2400.0,2500.0,83623,0.0,0.0
2017-10-20 00:00:00+09:00,2470.0,2740.0,2470.0,2590.0,167467,0.0,0.0
2017-10-23 00:00:00+09:00,2640.0,2690.0,2580.0,2650.0,78775,0.0,0.0
2017-10-24 00:00:00+09:00,2630.0,2680.0,2520.0,2650.0,77647,0.0,0.0
2017-10-25 00:00:00+09:00,2650.0,2700.0,2560.0,2700.0,118867,0.0,0.0
2017-10-26 00:00:00+09:00,2690.0,2750.0,2630.0,2640.0,116094,0.0,0.0
2017-10-27 00:00:00+09:00,2640.0,2730.0,2630.0,2690.0,95181,0.0,0.0
2017-10-30 00:00:00+09:00,2720.0,2780.0,2660.0,2700.0,178326,0.0,0.0
2017-10-31 00:00:00+09:00,2710.0,2780.0,2630.0,2630.0,95584,0.0,0.0
2017-11-01 00:00:00+09:00,2510.0,2520.0,2230.0,2380.0,761379,0.0,0.0
2017-11-02 00:00:00+09:00,2380.0,2430.0,2320.0,2330.0,108205,0.0,0.0
2017-11-03 00:00:00+09:00,2330.0,2360.0,2270.0,2330.0,82504,0.0,0.0
2017-11-06 00:00:00+09:00,2280.0,2380.0,2280.0,2320.0,72852,0.0,0.0
2017-11-07 00:00:00+09:00,2290.0,2350.0,2260.0,2290.0,60371,0.0,0.0
2017-11-08 00:00:00+09:00,2260.0,2300.0,2220.0,2280.0,91340,0.0,0.0
2017-11-09 00:00:00+09:00,2300.0,2310.0,2240.0,2280.0,100803,0.0,0.0
2017-11-10 00:00:00+09:00,2300.0,2310.0,2220.0,2300.0,85038,0.0,0.0
2017-11-13 00:00:00+09:00,2340.0,2350.0,2240.0,2270.0,73410,0.0,0.0
2017-11-14 00:00:00+09:00,2270.0,2280.0,1992.0,1996.0,544858,0.0,0.0
2017-11-15 00:00:00+09:00,2000.0,2050.0,1820.0,1888.0,535489,0.0,0.0
2017-11-16 00:00:00+09:00,1884.0,1886.0,1740.0,1794.0,541726,0.0,0.0
2017-11-17 00:00:00+09:00,1818.0,1922.0,1764.0,1822.0,277473,0.0,0.0
2017-11-20 00:00:00+09:00,1830.0,1880.0,1808.0,1814.0,184603,0.0,0.0
2017-11-21 00:00:00+09:00,1842.0,2350.0,1782.0,2290.0,5399225,0.0,0.0
2017-11-22 00:00:00+09:00,2200.0,2280.0,2050.0,2270.0,1131797,0.0,0.0
2017-11-23 00:00:00+09:00,2290.0,2380.0,2150.0,2210.0,461204,0.0,0.0
2017-11-24 00:00:00+09:00,2160.0,2210.0,2100.0,2130.0,258663,0.0,0.0
2017-11-27 00:00:00+09:00,2130.0,2340.0,2110.0,2200.0,472907,0.0,0.0
2017-11-28 00:00:00+09:00,2220.0,2220.0,2090.0,2130.0,137882,0.0,0.0
2017-11-29 00:00:00+09:00,2130.0,2150.0,2070.0,2110.0,116536,0.0,0.0
2017-11-30 00:00:00+09:00,2150.0,2230.0,2040.0,2130.0,132330,0.0,0.0
2017-12-01 00:00:00+09:00,2110.0,2280.0,2040.0,2280.0,584537,0.0,0.0
2017-12-04 00:00:00+09:00,2500.0,2730.0,2200.0,2280.0,1778094,0.0,0.0
2017-12-05 00:00:00+09:00,2300.0,2380.0,2170.0,2290.0,272377,0.0,0.0
2017-12-06 00:00:00+09:00,2300.0,2350.0,2220.0,2310.0,200244,0.0,0.0
2017-12-07 00:00:00+09:00,2300.0,2310.0,2090.0,2190.0,211775,0.0,0.0
2017-12-08 00:00:00+09:00,2220.0,2570.0,2140.0,2300.0,1009566,0.0,0.0
2017-12-11 00:00:00+09:00,2300.0,2370.0,2210.0,2300.0,155469,0.0,0.0
2017-12-12 00:00:00+09:00,2320.0,2340.0,2220.0,2240.0,132023,0.0,0.0
2017-12-13 00:00:00+09:00,2200.0,2310.0,2200.0,2300.0,99528,0.0,0.0
2017-12-14 00:00:00+09:00,2250.0,2330.0,2170.0,2250.0,197704,0.0,0.0
2017-12-15 00:00:00+09:00,2250.0,2280.0,2180.0,2190.0,133526,0.0,0.0
2017-12-18 00:00:00+09:00,2190.0,2240.0,2160.0,2160.0,73066,0.0,0.0
2017-12-19 00:00:00+09:00,2160.0,2180.0,1986.0,2040.0,185412,0.0,0.0
2017-12-21 00:00:00+09:00,1960.0,1960.0,1796.0,1836.0,220783,0.0,0.0
2017-12-22 00:00:00+09:00,1840.0,1960.0,1824.0,1898.0,65040,0.0,0.0
2017-12-26 00:00:00+09:00,1896.0,2050.0,1846.0,1942.0,117456,0.0,0.0
2017-12-27 00:00:00+09:00,1950.0,2060.0,1922.0,2000.0,69710,0.0,0.0
2017-12-28 00:00:00+09:00,2000.0,2080.0,1968.0,2000.0,66350,0.0,0.0
2018-01-02 00:00:00+09:00,1978.0,2020.0,1976.0,2010.0,39582,0.0,0.0
2018-01-03 00:00:00+09:00,2000.0,2410.0,1994.0,2300.0,653269,0.0,0.0
2018-01-04 00:00:00+09:00,2310.0,2340.0,2220.0,2290.0,259474,0.0,0.0
2018-01-05 00:00:00+09:00,2300.0,2320.0,2100.0,2180.0,305084,0.0,0.0
2018-01-08 00:00:00+09:00,2180.0,2510.0,2160.0,2400.0,752878,0.0,0.0
2018-01-09 00:00:00+09:00,2430.0,2490.0,2320.0,2470.0,267744,0.0,0.0
2018-01-10 00:00:00+09:00,2470.0,3210.0,2400.0,3210.0,4448180,0.0,0.0
2018-01-11 00:00:00+09:00,3480.0,4030.0,3170.0,3310.0,6825805,0.0,0.0
2018-01-12 00:00:00+09:00,3000.0,3240.0,2920.0,3100.0,1286126,0.0,0.0
2018-01-15 00:00:00+09:00,3130.0,3140.0,2770.0,2850.0,929339,0.0,0.0
2018-01-16 00:00:00+09:00,2850.0,3700.0,2840.0,3700.0,3862095,0.0,0.0
2018-01-17 00:00:00+09:00,4000.0,4360.0,3450.0,3530.0,5129100,0.0,0.0
2018-01-18 00:00:00+09:00,3540.0,3950.0,3310.0,3620.0,2068614,0.0,0.0
2018-01-19 00:00:00+09:00,3790.0,3820.0,3500.0,3670.0,558792,0.0,0.0
2018-01-22 00:00:00+09:00,3700.0,3740.0,3350.0,3500.0,589676,0.0,0.0
2018-01-23 00:00:00+09:00,3520.0,3600.0,3340.0,3460.0,452431,0.0,0.0
2018-01-24 00:00:00+09:00,3500.0,3500.0,3240.0,3410.0,562080,0.0,0.0
2018-01-25 00:00:00+09:00,3450.0,3520.0,3350.0,3520.0,542914,0.0,0.0
2018-01-26 00:00:00+09:00,3490.0,4030.0,3470.0,3610.0,2680129,0.0,0.0
2018-01-29 00:00:00+09:00,3610.0,3770.0,3580.0,3710.0,695453,0.0,0.0
2018-01-30 00:00:00+09:00,3740.0,3860.0,3640.0,3810.0,617734,0.0,0.0
2018-01-31 00:00:00+09:00,3750.0,3980.0,3680.0,3780.0,618572,0.0,0.0
2018-02-01 00:00:00+09:00,3780.0,3850.0,3590.0,3650.0,509938,0.0,0.0
2018-02-02 00:00:00+09:00,3620.0,3730.0,3470.0,3500.0,295362,0.0,0.0
2018-02-05 00:00:00+09:00,3500.0,3500.0,3160.0,3280.0,297612,0.0,0.0
2018-02-06 00:00:00+09:00,3050.0,3210.0,2910.0,3100.0,310555,0.0,0.0
2018-02-07 00:00:00+09:00,3200.0,3770.0,3150.0,3590.0,1036593,0.0,0.0
2020-05-25 00:00:00+09:00,2995.0,3000.0,2430.0,2760.0,6227905,0.0,0.0
2020-05-26 00:00:00+09:00,2805.0,2805.0,2540.0,2655.0,1299216,0.0,0.0
2020-05-27 00:00:00+09:00,2660.0,2885.0,2500.0,2590.0,2112167,0.0,0.0
2020-05-28 00:00:00+09:00,2600.0,2605.0,2310.0,2395.0,1618982,0.0,0.0
2020-05-29 00:00:00+09:00,2440.0,2570.0,2330.0,2340.0,1382493,0.0,0.0
2020-06-01 00:00:00+09:00,2375.0,2475.0,2340.0,2420.0,551628,0.0,0.0
2020-06-02 00:00:00+09:00,2470.0,2480.0,2370.0,2375.0,431257,0.0,0.0
2020-06-03 00:00:00+09:00,2380.0,2430.0,2315.0,2390.0,455038,0.0,0.0
2020-06-04 00:00:00+09:00,2420.0,2450.0,2355.0,2425.0,294329,0.0,0.0
2020-06-05 00:00:00+09:00,2410.0,2605.0,2390.0,2490.0,1484846,0.0,0.0
2020-06-08 00:00:00+09:00,2520.0,2555.0,2475.0,2490.0,397238,0.0,0.0
2020-06-09 00:00:00+09:00,2530.0,2530.0,2445.0,2495.0,553609,0.0,0.0
2020-06-10 00:00:00+09:00,2495.0,2510.0,2445.0,2460.0,227090,0.0,0.0
2020-06-11 00:00:00+09:00,2485.0,2530.0,2350.0,2390.0,649813,0.0,0.0
2020-06-12 00:00:00+09:00,2275.0,2345.0,2100.0,2240.0,430764,0.0,0.0
2020-06-15 00:00:00+09:00,2180.0,2275.0,1965.0,1985.0,520961,0.0,0.0
2020-06-16 00:00:00+09:00,2035.0,2080.0,2000.0,2060.0,183578,0.0,0.0
2020-06-17 00:00:00+09:00,2030.0,2090.0,2000.0,2025.0,217710,0.0,0.0
2020-06-18 00:00:00+09:00,2065.0,2065.0,1980.0,2010.0,183915,0.0,0.0
2020-06-19 00:00:00+09:00,2020.0,2200.0,1990.0,2085.0,291323,0.0,0.0
2020-06-22 00:00:00+09:00,2085.0,2145.0,2035.0,2085.0,186694,0.0,0.0
2020-06-23 00:00:00+09:00,2085.0,2100.0,1970.0,1970.0,331493,0.0,0.0
2020-06-24 00:00:00+09:00,1990.0,1995.0,1895.0,1900.0,341457,0.0,0.0
2020-06-25 00:00:00+09:00,1895.0,1895.0,1710.0,1820.0,389908,0.0,0.0
2020-06-26 00:00:00+09:00,1815.0,1875.0,1755.0,1760.0,236730,0.0,0.0
2020-06-29 00:00:00+09:00,1750.0,1840.0,1710.0,1730.0,124157,0.0,0.0
2020-06-30 00:00:00+09:00,1745.0,1990.0,1705.0,1810.0,930323,0.0,0.0
2020-07-01 00:00:00+09:00,1785.0,1810.0,1710.0,1710.0,287260,0.0,0.0
2020-07-02 00:00:00+09:00,1710.0,2200.0,1700.0,2060.0,4128815,0.0,0.0
2020-07-03 00:00:00+09:00,1995.0,2100.0,1925.0,2000.0,982445,0.0,0.0
2020-07-06 00:00:00+09:00,1995.0,2020.0,1935.0,1960.0,301786,0.0,0.0
2020-07-07 00:00:00+09:00,1970.0,1975.0,1850.0,1850.0,275481,0.0,0.0
2020-07-08 00:00:00+09:00,1880.0,1880.0,1790.0,1820.0,456478,0.0,0.0
2020-07-09 00:00:00+09:00,1810.0,1845.0,1780.0,1840.0,175746,0.0,0.0
2020-07-10 00:00:00+09:00,1840.0,1840.0,1750.0,1805.0,238828,0.0,0.0
2020-07-13 00:00:00+09:00,1820.0,1895.0,1790.0,1860.0,272050,0.0,0.0
2020-07-14 00:00:00+09:00,1860.0,1915.0,1840.0,1860.0,216257,0.0,0.0
2020-07-15 00:00:00+09:00,1890.0,2015.0,1865.0,1945.0,438460,0.0,0.0
2020-07-16 00:00:00+09:00,1945.0,2035.0,1880.0,1965.0,392734,0.0,0.0
2020-07-17 00:00:00+09:00,1965.0,2000.0,1925.0,1990.0,156627,0.0,0.0
2020-07-20 00:00:00+09:00,2005.0,2005.0,1880.0,1900.0,182652,0.0,0.0
2020-07-21 00:00:00+09:00,1905.0,1920.0,1860.0,1870.0,146902,0.0,0.0
2020-07-22 00:00:00+09:00,1855.0,1890.0,1810.0,1865.0,217744,0.0,0.0
2020-07-23 00:00:00+09:00,1845.0,1880.0,1780.0,1780.0,169052,0.0,0.0
2020-07-24 00:00:00+09:00,1810.0,1870.0,1730.0,1780.0,195046,0.0,0.0
2020-07-27 00:00:00+09:00,1730.0,1845.0,1730.0,1800.0,136533,0.0,0.0
2020-07-28 00:00:00+09:00,1795.0,1835.0,1765.0,1795.0,107794,0.0,0.0
2020-07-29 00:00:00+09:00,1785.0,1835.0,1755.0,1790.0,92994,0.0,0.0
2020-07-30 00:00:00+09:00,1790.0,1815.0,1760.0,1785.0,152128,0.0,0.0
2020-07-31 00:00:00+09:00,1760.0,1795.0,1760.0,1770.0,146057,0.0,0.0
2020-08-03 00:00:00+09:00,1770.0,1815.0,1735.0,1765.0,140597,0.0,0.0
2020-08-04 00:00:00+09:00,1755.0,1795.0,1740.0,1765.0,121130,0.0,0.0
2020-08-05 00:00:00+09:00,1775.0,1865.0,1770.0,1830.0,304868,0.0,0.0
2020-08-06 00:00:00+09:00,1840.0,1890.0,1815.0,1835.0,139479,0.0,0.0
2020-08-07 00:00:00+09:00,1825.0,1860.0,1785.0,1805.0,127335,0.0,0.0
2020-08-10 00:00:00+09:00,1790.0,1800.0,1760.0,1790.0,175969,0.0,0.0
2020-08-11 00:00:00+09:00,1790.0,2000.0,1790.0,1940.0,745122,0.0,0.0
2020-08-12 00:00:00+09:00,1950.0,2025.0,1855.0,1875.0,491676,0.0,0.0
2020-08-13 00:00:00+09:00,1875.0,1940.0,1875.0,1910.0,176581,0.0,0.0
2020-08-14 00:00:00+09:00,1950.0,1955.0,1860.0,1910.0,228254,0.0,0.0
2020-08-18 00:00:00+09:00,1905.0,1905.0,1775.0,1790.0,256880,0.0,0.0
2020-08-19 00:00:00+09:00,1755.0,1895.0,1755.0,1840.0,183628,0.0,0.0
2020-08-20 00:00:00+09:00,1840.0,1855.0,1735.0,1745.0,281135,0.0,0.0
2020-08-21 00:00:00+09:00,1725.0,1795.0,1725.0,1770.0,124634,0.0,0.0
2020-08-24 00:00:00+09:00,1770.0,1795.0,1725.0,1755.0,160915,0.0,0.0
2020-08-25 00:00:00+09:00,1745.0,1850.0,1745.0,1820.0,120733,0.0,0.0
2020-08-26 00:00:00+09:00,1845.0,1845.0,1775.0,1820.0,151745,0.0,0.0
2020-08-27 00:00:00+09:00,1860.0,1880.0,1795.0,1795.0,184578,0.0,0.0
2020-08-28 00:00:00+09:00,1800.0,1840.0,1770.0,1800.0,121569,0.0,0.0
2020-08-31 00:00:00+09:00,1840.0,1995.0,1825.0,1880.0,426819,0.0,0.0
2020-09-01 00:00:00+09:00,1880.0,2245.0,1880.0,2000.0,1571153,0.0,0.0
2020-09-02 00:00:00+09:00,1990.0,2030.0,1945.0,1980.0,314520,0.0,0.0
2020-09-03 00:00:00+09:00,1970.0,1975.0,1900.0,1915.0,372044,0.0,0.0
2020-09-04 00:00:00+09:00,1860.0,1960.0,1805.0,1960.0,199927,0.0,0.0
2020-09-07 00:00:00+09:00,1960.0,2010.0,1900.0,1990.0,281244,0.0,0.0
2020-09-08 00:00:00+09:00,1990.0,2060.0,1975.0,2010.0,341320,0.0,0.0
2020-09-09 00:00:00+09:00,2010.0,2155.0,1955.0,2055.0,826050,0.0,0.0
2020-09-10 00:00:00+09:00,2075.0,2115.0,1990.0,2045.0,323532,0.0,0.0
2020-09-11 00:00:00+09:00,2040.0,2045.0,1900.0,1985.0,232007,0.0,0.0
2020-09-14 00:00:00+09:00,1970.0,2010.0,1950.0,1970.0,200611,0.0,0.0
2020-09-15 00:00:00+09:00,1980.0,1980.0,1905.0,1975.0,160992,0.0,0.0
2020-09-16 00:00:00+09:00,1970.0,1985.0,1950.0,1980.0,98176,0.0,0.0
2020-09-17 00:00:00+09:00,1985.0,2075.0,1935.0,1980.0,643396,0.0,0.0
2020-09-18 00:00:00+09:00,1965.0,1985.0,1875.0,1900.0,251516,0.0,0.0
2020-09-21 00:00:00+09:00,1895.0,1930.0,1870.0,1900.0,118680,0.0,0.0
2020-09-22 00:00:00+09:00,1880.0,1880.0,1785.0,1785.0,236541,0.0,0.0
2020-09-23 00:00:00+09:00,1785.0,1820.0,1755.0,1780.0,102851,0.0,0.0
2020-09-24 00:00:00+09:00,1775.0,1810.0,1700.0,1735.0,204639,0.0,0.0
2020-09-25 00:00:00+09:00,1735.0,1775.0,1700.0,1710.0,190149,0.0,0.0
2020-09-28 00:00:00+09:00,1720.0,1790.0,1720.0,1790.0,60894,0.0,0.0
2020-09-29 00:00:00+09:00,1790.0,1820.0,1770.0,1820.0,82907,0.0,0.0
2020-10-05 00:00:00+09:00,1820.0,1830.0,1775.0,1805.0,70078,0.0,0.0
2020-10-06 00:00:00+09:00,1830.0,1895.0,1805.0,1840.0,123157,0.0,0.0
2020-10-07 00:00:00+09:00,1820.0,1875.0,1815.0,1860.0,49833,0.0,0.0
2020-10-08 00:00:00+09:00,1860.0,1880.0,1820.0,1850.0,52616,0.0,0.0
2020-10-12 00:00:00+09:00,1895.0,1950.0,1860.0,1940.0,248194,0.0,0.0
2020-10-13 00:00:00+09:00,1950.0,1965.0,1905.0,1930.0,107544,0.0,0.0
2020-10-14 00:00:00+09:00,1905.0,1930.0,1850.0,1920.0,129590,0.0,0.0
2020-10-15 00:00:00+09:00,1900.0,1915.0,1810.0,1835.0,127315,0.0,0.0
2020-10-16 00:00:00+09:00,1835.0,1855.0,1800.0,1805.0,105678,0.0,0.0
2020-10-19 00:00:00+09:00,1810.0,1865.0,1795.0,1815.0,93813,0.0,0.0
2020-10-20 00:00:00+09:00,1800.0,1820.0,1750.0,1815.0,212735,0.0,0.0
2020-10-21 00:00:00+09:00,1815.0,1835.0,1800.0,1815.0,94066,0.0,0.0
2020-10-22 00:00:00+09:00,1820.0,1825.0,1785.0,1815.0,36273,0.0,0.0
2020-10-23 00:00:00+09:00,1815.0,1865.0,1775.0,1795.0,90001,0.0,0.0
2020-10-26 00:00:00+09:00,1795.0,1815.0,1750.0,1750.0,94541,0.0,0.0
2020-10-27 00:00:00+09:00,1705.0,1790.0,1705.0,1790.0,92681,0.0,0.0
2020-10-28 00:00:00+09:00,1790.0,2280.0,1760.0,2020.0,5201396,0.0,0.0
2020-10-29 00:00:00+09:00,1990.0,2045.0,1920.0,1950.0,634163,0.0,0.0
2020-10-30 00:00:00+09:00,1990.0,2135.0,1930.0,1950.0,1201195,0.0,0.0
2020-11-02 00:00:00+09:00,1980.0,2195.0,1975.0,2195.0,2388114,0.0,0.0
2020-11-03 00:00:00+09:00,2105.0,2120.0,2080.0,2100.0,432240,0.0,0.0
2020-11-04 00:00:00+09:00,2125.0,2125.0,2040.0,2040.0,186765,0.0,0.0
2020-11-05 00:00:00+09:00,2045.0,2140.0,2045.0,2080.0,201784,0.0,0.0
2020-11-06 00:00:00+09:00,2065.0,2095.0,2040.0,2055.0,176837,0.0,0.0
2020-11-09 00:00:00+09:00,2045.0,2175.0,2045.0,2130.0,440802,0.0,0.0
2020-11-10 00:00:00+09:00,2120.0,2130.0,2100.0,2130.0,148264,0.0,0.0
2020-11-11 00:00:00+09:00,2130.0,2165.0,2125.0,2150.0,290727,0.0,0.0
2020-11-12 00:00:00+09:00,2210.0,2210.0,2170.0,2195.0,171515,0.0,0.0
2020-11-13 00:00:00+09:00,2200.0,2200.0,2165.0,2190.0,160551,0.0,0.0
2020-11-16 00:00:00+09:00,2190.0,2295.0,2190.0,2280.0,232497,0.0,0.0
2020-11-17 00:00:00+09:00,2265.0,2490.0,2220.0,2270.0,909912,0.0,0.0
2020-11-18 00:00:00+09:00,2280.0,2360.0,2185.0,2195.0,469628,0.0,0.0
2020-11-19 00:00:00+09:00,2200.0,2205.0,2075.0,2115.0,419587,0.0,0.0
2020-11-20 00:00:00+09:00,2110.0,2170.0,2070.0,2170.0,231281,0.0,0.0
2020-11-23 00:00:00+09:00,2170.0,2170.0,2000.0,2055.0,412405,0.0,0.0
2020-11-24 00:00:00+09:00,2060.0,2115.0,2010.0,2085.0,240047,0.0,0.0
2020-11-25 00:00:00+09:00,2080.0,2120.0,1990.0,2035.0,318887,0.0,0.0
2020-11-26 00:00:00+09:00,2065.0,2080.0,2015.0,2035.0,128835,0.0,0.0
2020-11-27 00:00:00+09:00,2020.0,2050.0,1990.0,1995.0,178652,0.0,0.0
2020-11-30 00:00:00+09:00,1995.0,2015.0,1925.0,2000.0,197003,0.0,0.0
2020-12-01 00:00:00+09:00,1995.0,2020.0,1930.0,1970.0,149139,0.0,0.0
2020-12-02 00:00:00+09:00,1970.0,2040.0,1925.0,1950.0,310601,0.0,0.0
2020-12-03 00:00:00+09:00,1950.0,1970.0,1915.0,1960.0,116563,0.0,0.0
2020-12-04 00:00:00+09:00,1960.0,1960.0,1895.0,1925.0,213763,0.0,0.0
2020-12-07 00:00:00+09:00,1910.0,1925.0,1875.0,1905.0,161646,0.0,0.0
2020-12-08 00:00:00+09:00,1900.0,1900.0,1835.0,1850.0,188371,0.0,0.0
2020-12-09 00:00:00+09:00,1850.0,1900.0,1840.0,1890.0,102867,0.0,0.0
2020-12-10 00:00:00+09:00,1890.0,1890.0,1830.0,1855.0,158165,0.0,0.0
2020-12-11 00:00:00+09:00,1865.0,1865.0,1830.0,1850.0,114509,0.0,0.0
2020-12-14 00:00:00+09:00,1840.0,1870.0,1815.0,1825.0,150279,0.0,0.0
2020-12-15 00:00:00+09:00,1845.0,1845.0,1770.0,1785.0,208750,0.0,0.0
2020-12-16 00:00:00+09:00,1800.0,1835.0,1765.0,1800.0,132143,0.0,0.0
2020-12-17 00:00:00+09:00,1805.0,1830.0,1800.0,1820.0,75499,0.0,0.0
2020-12-18 00:00:00+09:00,1800.0,1840.0,1800.0,1825.0,105024,0.0,0.0
2020-12-21 00:00:00+09:00,1835.0,1835.0,1775.0,1805.0,154513,0.0,0.0
2020-12-22 00:00:00+09:00,1805.0,1810.0,1725.0,1765.0,217407,0.0,0.0
2020-12-23 00:00:00+09:00,1755.0,1795.0,1730.0,1755.0,169500,0.0,0.0
2020-12-24 00:00:00+09:00,1750.0,1785.0,1730.0,1760.0,68803,0.0,0.0
2020-12-28 00:00:00+09:00,1760.0,1765.0,1705.0,1750.0,147966,0.0,0.0
2020-12-29 00:00:00+09:00,1745.0,1800.0,1725.0,1775.0,60499,0.0,0.0
2020-12-30 00:00:00+09:00,1775.0,1830.0,1775.0,1820.0,78276,0.0,0.0
2021-01-04 00:00:00+09:00,1845.0,1850.0,1795.0,1815.0,113573,0.0,0.0
2021-01-05 00:00:00+09:00,1810.0,1810.0,1775.0,1805.0,86665,0.0,0.0
2021-01-06 00:00:00+09:00,1805.0,1815.0,1740.0,1770.0,184195,0.0,0.0
2021-01-07 00:00:00+09:00,1775.0,1820.0,1765.0,1805.0,155745,0.0,0.0
2021-01-08 00:00:00+09:00,1845.0,1845.0,1765.0,1785.0,198784,0.0,0.0
2021-01-11 00:00:00+09:00,1785.0,1800.0,1690.0,1735.0,268364,0.0,0.0
2021-01-12 00:00:00+09:00,1730.0,1750.0,1700.0,1725.0,132208,0.0,0.0
2021-01-13 00:00:00+09:00,1755.0,1775.0,1725.0,1745.0,92065,0.0,0.0
2021-01-14 00:00:00+09:00,1745.0,1780.0,1735.0,1775.0,94519,0.0,0.0
2021-01-15 00:00:00+09:00,1790.0,1800.0,1745.0,1760.0,73160,0.0,0.0
2021-01-18 00:00:00+09:00,1720.0,1760.0,1715.0,1725.0,99920,0.0,0.0
2021-01-19 00:00:00+09:00,1745.0,1745.0,1710.0,1735.0,109461,0.0,0.0
2021-01-20 00:00:00+09:00,1740.0,1750.0,1725.0,1740.0,76813,0.0,0.0
2021-01-21 00:00:00+09:00,1740.0,1845.0,1730.0,1755.0,404956,0.0,0.0
2021-01-22 00:00:00+09:00,1755.0,1920.0,1740.0,1845.0,691724,0.0,0.0
2021-01-25 00:00:00+09:00,1830.0,1850.0,1800.0,1835.0,149804,0.0,0.0
2021-01-26 00:00:00+09:00,1820.0,1840.0,1790.0,1800.0,100155,0.0,0.0
2021-01-27 00:00:00+09:00,1800.0,1890.0,1800.0,1870.0,365326,0.0,0.0
2021-01-28 00:00:00+09:00,1860.0,1875.0,1820.0,1865.0,261565,0.0,0.0
2021-01-29 00:00:00+09:00,1860.0,1900.0,1820.0,1835.0,426380,0.0,0.0
2021-02-01 00:00:00+09:00,1835.0,1855.0,1785.0,1840.0,96028,0.0,0.0
2021-02-02 00:00:00+09:00,1870.0,1910.0,1840.0,1860.0,192142,0.0,0.0
2021-02-03 00:00:00+09:00,1875.0,1875.0,1825.0,1865.0,118827,0.0,0.0
2021-02-04 00:00:00+09:00,1865.0,1870.0,1825.0,1870.0,115379,0.0,0.0
2021-02-05 00:00:00+09:00,1870.0,1890.0,1845.0,1850.0,93401,0.0,0.0
2021-02-08 00:00:00+09:00,1850.0,1870.0,1825.0,1840.0,78887,0.0,0.0
2021-02-09 00:00:00+09:00,1825.0,1860.0,1815.0,1830.0,52025,0.0,0.0
2021-02-10 00:00:00+09:00,1815.0,1830.0,1805.0,1810.0,36326,0.0,0.0
2021-02-15 00:00:00+09:00,1820.0,1865.0,1810.0,1860.0,93571,0.0,0.0
2021-02-16 00:00:00+09:00,1865.0,2040.0,1865.0,1965.0,821237,0.0,0.0
2021-02-17 00:00:00+09:00,1965.0,2050.0,1905.0,1980.0,508878,0.0,0.0
2021-02-18 00:00:00+09:00,2040.0,2150.0,1940.0,1955.0,1498467,0.0,0.0
2021-02-19 00:00:00+09:00,1970.0,1990.0,1910.0,1915.0,259873,0.0,0.0
2021-02-22 00:00:00+09:00,1940.0,2020.0,1905.0,1960.0,345378,0.0,0.0
2021-02-23 00:00:00+09:00,1930.0,1985.0,1900.0,1950.0,213881,0.0,0.0
2021-02-24 00:00:00+09:00,1940.0,1940.0,1855.0,1885.0,249894,0.0,0.0
2021-02-25 00:00:00+09:00,1895.0,1920.0,1860.0,1885.0,161982,0.0,0.0
2021-02-26 00:00:00+09:00,1865.0,1865.0,1775.0,1820.0,222380,0.0,0.0
2021-03-02 00:00:00+09:00,1845.0,1880.0,1830.0,1850.0,96717,0.0,0.0
2021-03-03 00:00:00+09:00,1850.0,1960.0,1820.0,1940.0,173183,0.0,0.0
2021-03-04 00:00:00+09:00,1940.0,2080.0,1900.0,2065.0,678317,0.0,0.0
2021-03-05 00:00:00+09:00,2040.0,2065.0,1975.0,2005.0,495280,0.0,0.0
2021-03-08 00:00:00+09:00,2040.0,2085.0,1995.0,1995.0,447807,0.0,0.0
2021-03-09 00:00:00+09:00,2030.0,2080.0,1950.0,2025.0,467846,0.0,0.0
2021-03-10 00:00:00+09:00,2015.0,2060.0,1935.0,1965.0,226976,0.0,0.0
2021-03-11 00:00:00+09:00,1965.0,2020.0,1965.0,1995.0,189511,0.0,0.0
2021-03-12 00:00:00+09:00,2025.0,2035.0,1995.0,2005.0,233456,0.0,0.0
2021-03-15 00:00:00+09:00,2005.0,2020.0,1965.0,1990.0,231238,0.0,0.0
2021-03-16 00:00:00+09:00,1995.0,2025.0,1960.0,1980.0,158133,0.0,0.0
2021-03-17 00:00:00+09:00,1995.0,2000.0,1960.0,1975.0,170952,0.0,0.0
2021-03-18 00:00:00+09:00,2000.0,2000.0,1965.0,1995.0,72970,0.0,0.0
2021-03-19 00:00:00+09:00,1965.0,2000.0,1965.0,1975.0,76328,0.0,0.0
2021-03-22 00:00:00+09:00,1985.0,2000.0,1960.0,1980.0,129024,0.0,0.0
2021-03-23 00:00:00+09:00,1985.0,2070.0,1985.0,2055.0,777681,0.0,0.0
2021-03-24 00:00:00+09:00,2060.0,2065.0,2015.0,2025.0,279204,0.0,0.0
2021-03-25 00:00:00+09:00,2015.0,2040.0,1985.0,1995.0,153216,0.0,0.0
2021-03-26 00:00:00+09:00,1995.0,2040.0,1990.0,2010.0,140080,0.0,0.0
2021-03-29 00:00:00+09:00,2000.0,2030.0,1955.0,1990.0,219892,0.0,0.0
2021-03-30 00:00:00+09:00,2015.0,2050.0,1960.0,2025.0,236128,0.0,0.0
2021-03-31 00:00:00+09:00,2030.0,2030.0,1980.0,1995.0,157374,0.0,0.0
2021-04-01 00:00:00+09:00,2000.0,2140.0,1990.0,2120.0,738438,0.0,0.0
2021-04-02 00:00:00+09:00,2120.0,2145.0,2080.0,2100.0,246276,0.0,0.0
2021-04-05 00:00:00+09:00,2105.0,2130.0,2070.0,2105.0,200596,0.0,0.0
2021-04-06 00:00:00+09:00,2100.0,2115.0,2050.0,2060.0,205013,0.0,0.0
2021-04-07 00:00:00+09:00,2070.0,2095.0,2045.0,2055.0,96448,0.0,0.0
2021-04-08 00:00:00+09:00,2065.0,2095.0,2050.0,2080.0,163280,0.0,0.0
2021-04-09 00:00:00+09:00,2100.0,2140.0,2060.0,2120.0,258088,0.0,0.0
2021-04-12 00:00:00+09:00,2100.0,2135.0,2085.0,2130.0,164660,0.0,0.0
2021-04-13 00:00:00+09:00,2130.0,2235.0,2115.0,2215.0,678066,0.0,0.0
2021-04-14 00:00:00+09:00,2240.0,2240.0,2175.0,2205.0,211483,0.0,0.0
2021-04-15 00:00:00+09:00,2235.0,2235.0,2175.0,2205.0,184394,0.0,0.0
2021-04-16 00:00:00+09:00,2205.0,2205.0,2145.0,2160.0,182713,0.0,0.0
2021-04-19 00:00:00+09:00,2150.0,2160.0,2110.0,2160.0,129015,0.0,0.0
2021-04-20 00:00:00+09:00,2150.0,2185.0,2130.0,2145.0,141001,0.0,0.0
2021-04-21 00:00:00+09:00,2145.0,2220.0,2140.0,2200.0,249701,0.0,0.0
2021-04-22 00:00:00+09:00,2220.0,2220.0,2165.0,2190.0,169846,0.0,0.0
2021-04-23 00:00:00+09:00,2190.0,2190.0,2135.0,2145.0,163299,0.0,0.0
2021-04-26 00:00:00+09:00,2185.0,2185.0,2130.0,2170.0,148486,0.0,0.0
2021-04-27 00:00:00+09:00,2170.0,2190.0,2150.0,2150.0,111103,0.0,0.0
2021-04-28 00:00:00+09:00,2145.0,2165.0,2045.0,2050.0,244424,0.0,0.0
2021-04-29 00:00:00+09:00,2040.0,2080.0,1985.0,2080.0,149399,0.0,0.0
2021-04-30 00:00:00+09:00,2050.0,2160.0,2050.0,2115.0,202448,0.0,0.0
2021-05-03 00:00:00+09:00,2115.0,2215.0,2100.0,2100.0,150970,0.0,0.0
2021-05-04 00:00:00+09:00,2100.0,2130.0,2035.0,2080.0,125577,0.0,0.0
2021-05-06 00:00:00+09:00,2090.0,2120.0,2080.0,2080.0,45769,0.0,0.0
2021-05-07 00:00:00+09:00,2100.0,2120.0,2060.0,2090.0,134392,0.0,0.0
2021-05-10 00:00:00+09:00,2090.0,2140.0,2090.0,2120.0,103292,0.0,0.0
2021-05-11 00:00:00+09:00,2120.0,2140.0,2090.0,2120.0,107017,0.0,0.0
2021-05-12 00:00:00+09:00,2120.0,2125.0,2040.0,2060.0,176045,0.0,0.0
2021-05-13 00:00:00+09:00,2040.0,2060.0,2015.0,2040.0,49314,0.0,0.0
2021-05-14 00:00:00+09:00,2030.0,2100.0,2015.0,2100.0,82916,0.0,0.0
2021-05-17 00:00:00+09:00,2105.0,2115.0,2045.0,2065.0,66656,0.0,0.0
2021-05-18 00:00:00+09:00,2060.0,2060.0,2015.0,2050.0,66749,0.0,0.0
2021-05-20 00:00:00+09:00,2050.0,2060.0,2025.0,2050.0,69349,0.0,0.0
2021-05-21 00:00:00+09:00,2055.0,2140.0,2045.0,2120.0,330336,0.0,0.0
2021-05-24 00:00:00+09:00,2090.0,2095.0,2010.0,2015.0,161320,0.0,0.0
2021-05-25 00:00:00+09:00,1995.0,2045.0,1990.0,2000.0,89883,0.0,0.0
2021-05-26 00:00:00+09:00,2020.0,2080.0,2020.0,2065.0,64051,0.0,0.0
2021-05-27 00:00:00+09:00,2090.0,2090.0,2045.0,2075.0,82392,0.0,0.0
2021-05-28 00:00:00+09:00,2075.0,2190.0,2075.0,2180.0,409051,0.0,0.0
2021-05-31 00:00:00+09:00,2175.0,2200.0,2140.0,2195.0,253414,0.0,0.0
2021-06-01 00:00:00+09:00,2195.0,2295.0,2175.0,2280.0,522343,0.0,0.0
2021-06-02 00:00:00+09:00,2280.0,2375.0,2235.0,2290.0,623104,0.0,0.0
2021-06-03 00:00:00+09:00,2295.0,2330.0,2245.0,2290.0,120682,0.0,0.0
2021-06-04 00:00:00+09:00,2290.0,2345.0,2250.0,2290.0,150939,0.0,0.0
2021-06-07 00:00:00+09:00,2290.0,2310.0,2250.0,2290.0,136489,0.0,0.0
2021-06-08 00:00:00+09:00,2290.0,2325.0,2225.0,2270.0,213457,0.0,0.0
2021-06-09 00:00:00+09:00,2270.0,2270.0,2200.0,2225.0,202328,0.0,0.0
2021-06-10 00:00:00+09:00,2210.0,2320.0,2185.0,2245.0,204975,0.0,0.0
2021-06-11 00:00:00+09:00,2255.0,2295.0,2250.0,2295.0,175205,0.0,0.0
2021-06-14 00:00:00+09:00,2300.0,2330.0,2280.0,2285.0,160409,0.0,0.0
2021-06-15 00:00:00+09:00,2305.0,2390.0,2250.0,2380.0,342285,0.0,0.0
2021-06-16 00:00:00+09:00,2365.0,2410.0,2325.0,2330.0,241725,0.0,0.0
2021-06-17 00:00:00+09:00,2315.0,2360.0,2290.0,2350.0,140841,0.0,0.0
2021-06-18 00:00:00+09:00,2350.0,2395.0,2335.0,2340.0,120862,0.0,0.0
2021-06-21 00:00:00+09:00,2330.0,2340.0,2265.0,2320.0,104856,0.0,0.0
2021-06-22 00:00:00+09:00,2320.0,2320.0,2270.0,2280.0,107360,0.0,0.0
2021-06-23 00:00:00+09:00,2280.0,2325.0,2270.0,2300.0,210303,0.0,0.0
2021-06-24 00:00:00+09:00,2300.0,2320.0,2240.0,2240.0,229381,0.0,0.0
2021-06-25 00:00:00+09:00,2240.0,2275.0,2220.0,2230.0,78181,0.0,0.0
2021-06-28 00:00:00+09:00,2235.0,2260.0,2230.0,2260.0,69145,0.0,0.0
2021-06-29 00:00:00+09:00,2260.0,2280.0,2225.0,2250.0,56705,0.0,0.0
2021-06-30 00:00:00+09:00,2250.0,2260.0,2210.0,2235.0,103855,0.0,0.0
2021-07-01 00:00:00+09:00,2235.0,2265.0,2235.0,2240.0,65345,0.0,0.0
2021-07-02 00:00:00+09:00,2240.0,2250.0,2185.0,2200.0,143347,0.0,0.0
2021-07-05 00:00:00+09:00,2205.0,2210.0,2145.0,2170.0,102061,0.0,0.0
2021-07-06 00:00:00+09:00,2170.0,2220.0,2165.0,2185.0,80551,0.0,0.0
2021-07-07 00:00:00+09:00,2190.0,2200.0,2165.0,2165.0,58311,0.0,0.0
2021-07-08 00:00:00+09:00,2165.0,2180.0,2045.0,2060.0,351210,0.0,0.0
2021-07-09 00:00:00+09:00,2055.0,2060.0,1985.0,2035.0,184050,0.0,0.0
2021-07-12 00:00:00+09:00,2015.0,2130.0,2005.0,2095.0,142398,0.0,0.0
2021-07-13 00:00:00+09:00,2120.0,2720.0,2115.0,2720.0,9061287,0.0,0.0
2021-07-14 00:00:00+09:00,3080.0,3350.0,2810.0,2900.0,20533880,0.0,0.0
2021-07-15 00:00:00+09:00,2760.0,3260.0,2735.0,2915.0,11990760,0.0,0.0
2021-07-16 00:00:00+09:00,2865.0,2975.0,2815.0,2870.0,2814883,0.0,0.0
2021-07-19 00:00:00+09:00,2900.0,2915.0,2630.0,2680.0,2382557,0.0,0.0
2021-07-20 00:00:00+09:00,2685.0,2800.0,2590.0,2680.0,2247218,0.0,0.0
2021-07-21 00:00:00+09:00,2690.0,2800.0,2605.0,2740.0,2170782,0.0,0.0
2021-07-22 00:00:00+09:00,2715.0,2915.0,2715.0,2825.0,4737082,0.0,0.0
2021-07-23 00:00:00+09:00,2785.0,2860.0,2655.0,2760.0,1594545,0.0,0.0
2021-07-26 00:00:00+09:00,2760.0,2770.0,2580.0,2640.0,852615,0.0,0.0
2021-07-27 00:00:00+09:00,2610.0,2635.0,2530.0,2600.0,733053,0.0,0.0
2021-07-28 00:00:00+09:00,2570.0,2615.0,2505.0,2600.0,471435,0.0,0.0
2021-07-29 00:00:00+09:00,2560.0,2560.0,2365.0,2365.0,1491654,0.0,0.0
2021-07-30 00:00:00+09:00,2365.0,2400.0,2310.0,2330.0,651494,0.0,0.0
2021-08-02 00:00:00+09:00,2300.0,2300.0,2165.0,2165.0,1355572,0.0,0.0
2021-08-03 00:00:00+09:00,2160.0,2190.0,2070.0,2125.0,1395577,0.0,0.0
2021-08-04 00:00:00+09:00,2130.0,2200.0,2125.0,2160.0,730916,0.0,0.0
2021-08-05 00:00:00+09:00,2160.0,2230.0,2145.0,2200.0,598913,0.0,0.0
2021-08-06 00:00:00+09:00,2230.0,2255.0,2205.0,2210.0,509830,0.0,0.0
2021-08-09 00:00:00+09:00,2210.0,2245.0,2160.0,2215.0,617923,0.0,0.0
2021-08-10 00:00:00+09:00,2210.0,2245.0,2160.0,2220.0,467260,0.0,0.0
2021-08-11 00:00:00+09:00,2215.0,2215.0,2140.0,2165.0,250236,0.0,0.0
2021-08-12 00:00:00+09:00,2165.0,2180.0,2115.0,2125.0,222527,0.0,0.0
2021-08-13 00:00:00+09:00,2155.0,2155.0,2045.0,2150.0,306854,0.0,0.0
2021-08-17 00:00:00+09:00,2085.0,2120.0,2000.0,2010.0,367625,0.0,0.0
2021-08-18 00:00:00+09:00,1985.0,2060.0,1965.0,2045.0,250301,0.0,0.0
2021-08-19 00:00:00+09:00,2000.0,2070.0,1950.0,1965.0,305779,0.0,0.0
2021-08-20 00:00:00+09:00,1965.0,1980.0,1770.0,1855.0,351314,0.0,0.0
2021-08-23 00:00:00+09:00,1840.0,1935.0,1805.0,1915.0,243141,0.0,0.0
2021-08-24 00:00:00+09:00,1925.0,2005.0,1925.0,1995.0,198558,0.0,0.0
2021-08-25 00:00:00+09:00,2030.0,2030.0,1965.0,1990.0,133655,0.0,0.0
2021-08-26 00:00:00+09:00,2010.0,2045.0,1950.0,2035.0,239903,0.0,0.0
2021-08-27 00:00:00+09:00,2025.0,2090.0,2025.0,2050.0,168719,0.0,0.0
2021-08-30 00:00:00+09:00,2065.0,2085.0,2035.0,2065.0,109783,0.0,0.0
2021-08-31 00:00:00+09:00,2080.0,2080.0,2010.0,2060.0,202806,0.0,0.0
2021-09-01 00:00:00+09:00,2080.0,2080.0,2005.0,2070.0,150606,0.0,0.0
2021-09-02 00:00:00+09:00,2070.0,2075.0,2015.0,2025.0,131727,0.0,0.0
2021-09-03 00:00:00+09:00,2005.0,2055.0,1980.0,1980.0,262092,0.0,0.0
2021-09-06 00:00:00+09:00,1965.0,1975.0,1895.0,1920.0,376480,0.0,0.0
2021-09-07 00:00:00+09:00,1915.0,2000.0,1900.0,2000.0,213153,0.0,0.0
2021-09-08 00:00:00+09:00,1985.0,2020.0,1930.0,1930.0,191226,0.0,0.0
2021-09-09 00:00:00+09:00,1910.0,1960.0,1885.0,1900.0,155881,0.0,0.0
2021-09-10 00:00:00+09:00,1900.0,1915.0,1850.0,1915.0,106708,0.0,0.0
2021-09-13 00:00:00+09:00,1915.0,1940.0,1865.0,1890.0,144785,0.0,0.0
2021-09-14 00:00:00+09:00,1870.0,1915.0,1860.0,1885.0,97328,0.0,0.0
2021-09-15 00:00:00+09:00,1895.0,1905.0,1865.0,1880.0,99252,0.0,0.0
2021-09-16 00:00:00+09:00,1880.0,1910.0,1850.0,1860.0,97804,0.0,0.0
2021-09-17 00:00:00+09:00,1855.0,1915.0,1815.0,1850.0,144536,0.0,0.0
2021-09-23 00:00:00+09:00,1845.0,1925.0,1810.0,1835.0,179816,0.0,0.0
2021-09-24 00:00:00+09:00,1805.0,1860.0,1780.0,1810.0,265935,0.0,0.0
2021-09-27 00:00:00+09:00,1810.0,1820.0,1755.0,1795.0,214388,0.0,0.0
2021-09-28 00:00:00+09:00,1795.0,1805.0,1750.0,1755.0,223051,0.0,0.0
2021-09-29 00:00:00+09:00,1715.0,1745.0,1700.0,1725.0,197583,0.0,0.0
2021-09-30 00:00:00+09:00,1720.0,1800.0,1715.0,1800.0,103405,0.0,0.0
2021-10-01 00:00:00+09:00,1795.0,1800.0,1715.0,1720.0,132551,0.0,0.0
2021-10-05 00:00:00+09:00,1690.0,1690.0,1580.0,1650.0,477675,0.0,0.0
2021-10-06 00:00:00+09:00,1610.0,1690.0,1550.0,1550.0,325821,0.0,0.0
2021-10-07 00:00:00+09:00,1555.0,1690.0,1555.0,1690.0,155983,0.0,0.0
2021-10-08 00:00:00+09:00,1695.0,1730.0,1640.0,1685.0,75698,0.0,0.0
2021-10-12 00:00:00+09:00,1675.0,1685.0,1580.0,1590.0,270773,0.0,0.0
2021-10-13 00:00:00+09:00,1590.0,1655.0,1575.0,1655.0,91583,0.0,0.0
2021-10-14 00:00:00+09:00,1630.0,1680.0,1630.0,1660.0,64036,0.0,0.0
2021-10-15 00:00:00+09:00,1665.0,1740.0,1665.0,1730.0,139371,0.0,0.0
2021-10-18 00:00:00+09:00,1730.0,1745.0,1700.0,1735.0,55196,0.0,0.0
2021-10-19 00:00:00+09:00,1735.0,1805.0,1650.0,1700.0,266174,0.0,0.0
2021-10-20 00:00:00+09:00,1705.0,1720.0,1650.0,1700.0,98645,0.0,0.0
2021-10-21 00:00:00+09:00,1700.0,1715.0,1685.0,1700.0,105243,0.0,0.0
2021-10-22 00:00:00+09:00,1700.0,1740.0,1655.0,1710.0,84546,0.0,0.0
2021-10-25 00:00:00+09:00,1710.0,1720.0,1680.0,1700.0,61316,0.0,0.0
2021-10-26 00:00:00+09:00,1645.0,1730.0,1645.0,1695.0,117737,0.0,0.0
2021-10-27 00:00:00+09:00,1660.0,1725.0,1650.0,1660.0,164055,0.0,0.0
2021-10-28 00:00:00+09:00,1660.0,1685.0,1625.0,1640.0,93989,0.0,0.0
2021-10-29 00:00:00+09:00,1640.0,1685.0,1625.0,1665.0,116090,0.0,0.0
2021-11-01 00:00:00+09:00,1650.0,1680.0,1635.0,1640.0,81018,0.0,0.0
2021-11-02 00:00:00+09:00,1650.0,1665.0,1610.0,1650.0,102867,0.0,0.0
2021-11-03 00:00:00+09:00,1650.0,1675.0,1615.0,1620.0,130825,0.0,0.0
2021-11-04 00:00:00+09:00,1630.0,1635.0,1585.0,1600.0,99052,0.0,0.0
2021-11-05 00:00:00+09:00,1600.0,1755.0,1600.0,1685.0,296458,0.0,0.0
2021-11-08 00:00:00+09:00,1670.0,1700.0,1645.0,1690.0,71050,0.0,0.0
2021-11-09 00:00:00+09:00,1690.0,1750.0,1625.0,1665.0,145067,0.0,0.0
2021-11-10 00:00:00+09:00,1665.0,1695.0,1630.0,1665.0,90823,0.0,0.0
2021-11-11 00:00:00+09:00,1625.0,1670.0,1625.0,1645.0,65209,0.0,0.0
2021-11-12 00:00:00+09:00,1630.0,1705.0,1620.0,1690.0,97871,0.0,0.0
2021-11-15 00:00:00+09:00,1690.0,1710.0,1605.0,1610.0,268262,0.0,0.0
2021-11-16 00:00:00+09:00,1610.0,1630.0,1610.0,1630.0,141964,0.0,0.0
2021-11-17 00:00:00+09:00,1630.0,1645.0,1605.0,1605.0,125769,0.0,0.0
2021-11-18 00:00:00+09:00,1605.0,1670.0,1575.0,1595.0,101671,0.0,0.0
2021-11-19 00:00:00+09:00,1605.0,1700.0,1580.0,1625.0,283210,0.0,0.0
2021-11-22 00:00:00+09:00,1610.0,1670.0,1595.0,1620.0,232289,0.0,0.0
2021-11-23 00:00:00+09:00,1610.0,1645.0,1600.0,1605.0,97310,0.0,0.0
2021-11-24 00:00:00+09:00,1595.0,1615.0,1580.0,1610.0,106117,0.0,0.0
2021-11-25 00:00:00+09:00,1615.0,1635.0,1575.0,1585.0,92663,0.0,0.0
2021-11-26 00:00:00+09:00,1580.0,1610.0,1560.0,1580.0,171153,0.0,0.0
2021-11-29 00:00:00+09:00,1520.0,1575.0,1475.0,1495.0,164891,0.0,0.0
2021-11-30 00:00:00+09:00,1485.0,1510.0,1375.0,1390.0,164484,0.0,0.0
2021-12-01 00:00:00+09:00,1380.0,1435.0,1330.0,1435.0,83672,0.0,0.0
2021-12-02 00:00:00+09:00,1420.0,1490.0,1415.0,1480.0,80617,0.0,0.0
2021-12-03 00:00:00+09:00,1485.0,1525.0,1465.0,1510.0,66646,0.0,0.0
2021-12-06 00:00:00+09:00,1510.0,1590.0,1505.0,1540.0,206320,0.0,0.0
2021-12-07 00:00:00+09:00,1535.0,1570.0,1505.0,1525.0,67922,0.0,0.0
2021-12-08 00:00:00+09:00,1530.0,1540.0,1500.0,1510.0,86309,0.0,0.0
2021-12-09 00:00:00+09:00,1525.0,1545.0,1520.0,1535.0,41354,0.0,0.0
2021-12-10 00:00:00+09:00,1535.0,1550.0,1505.0,1515.0,56875,0.0,0.0
2021-12-13 00:00:00+09:00,1520.0,1545.0,1505.0,1535.0,55625,0.0,0.0
2021-12-14 00:00:00+09:00,1530.0,1530.0,1500.0,1515.0,28841,0.0,0.0
2021-12-15 00:00:00+09:00,1485.0,1530.0,1480.0,1505.0,42164,0.0,0.0
2021-12-16 00:00:00+09:00,1505.0,1520.0,1480.0,1500.0,42069,0.0,0.0
2021-12-17 00:00:00+09:00,1500.0,1520.0,1470.0,1485.0,49665,0.0,0.0
2021-12-20 00:00:00+09:00,1480.0,1535.0,1450.0,1490.0,108612,0.0,0.0
2021-12-21 00:00:00+09:00,1485.0,1485.0,1410.0,1445.0,80820,0.0,0.0
2021-12-22 00:00:00+09:00,1450.0,1535.0,1415.0,1470.0,98927,0.0,0.0
2021-12-23 00:00:00+09:00,1485.0,1505.0,1445.0,1505.0,76370,0.0,0.0
2021-12-24 00:00:00+09:00,1505.0,1530.0,1480.0,1495.0,82211,0.0,0.0
2021-12-27 00:00:00+09:00,1520.0,1520.0,1460.0,1480.0,45821,0.0,0.0
2021-12-28 00:00:00+09:00,1480.0,1480.0,1445.0,1460.0,71211,0.0,0.0
2021-12-29 00:00:00+09:00,1500.0,1500.0,1430.0,1470.0,93560,0.0,0.0
2021-12-30 00:00:00+09:00,1470.0,1565.0,1465.0,1510.0,161045,0.0,0.0
2022-01-04 00:00:00+09:00,1520.0,1565.0,1520.0,1545.0,107658,0.0,0.0
2022-01-05 00:00:00+09:00,1545.0,1545.0,1500.0,1515.0,52908,0.0,0.0
2022-01-06 00:00:00+09:00,1475.0,1530.0,1455.0,1510.0,122749,0.0,0.0
2022-01-07 00:00:00+09:00,1500.0,1545.0,1485.0,1535.0,76594,0.0,0.0
2022-01-10 00:00:00+09:00,1540.0,1610.0,1505.0,1555.0,347951,0.0,0.0
2022-01-11 00:00:00+09:00,1550.0,1550.0,1480.0,1485.0,93657,0.0,0.0
2022-01-12 00:00:00+09:00,1485.0,1520.0,1475.0,1515.0,85093,0.0,0.0
2022-01-13 00:00:00+09:00,1530.0,1540.0,1480.0,1510.0,86224,0.0,0.0
2022-01-14 00:00:00+09:00,1500.0,1525.0,1470.0,1510.0,108980,0.0,0.0
2022-01-17 00:00:00+09:00,1495.0,1510.0,1480.0,1490.0,48661,0.0,0.0
2022-01-18 00:00:00+09:00,1480.0,1520.0,1420.0,1430.0,105734,0.0,0.0
2022-01-19 00:00:00+09:00,1430.0,1435.0,1340.0,1420.0,81632,0.0,0.0
2022-01-20 00:00:00+09:00,1420.0,1780.0,1420.0,1560.0,3861607,0.0,0.0
2022-01-21 00:00:00+09:00,1570.0,1600.0,1545.0,1600.0,504336,0.0,0.0
2022-01-24 00:00:00+09:00,1570.0,1575.0,1495.0,1520.0,297672,0.0,0.0
2022-01-25 00:00:00+09:00,1515.0,1520.0,1380.0,1395.0,277050,0.0,0.0
2022-01-26 00:00:00+09:00,1395.0,1650.0,1375.0,1600.0,1064259,0.0,0.0
2022-01-27 00:00:00+09:00,1595.0,1715.0,1520.0,1605.0,595147,0.0,0.0
2022-01-28 00:00:00+09:00,1605.0,1640.0,1540.0,1580.0,321169,0.0,0.0
2022-02-03 00:00:00+09:00,1625.0,1675.0,1600.0,1640.0,282608,0.0,0.0
2022-02-04 00:00:00+09:00,1640.0,1700.0,1640.0,1665.0,270425,0.0,0.0
2022-02-07 00:00:00+09:00,1690.0,1690.0,1565.0,1660.0,202463,0.0,0.0
2022-02-08 00:00:00+09:00,1660.0,1700.0,1610.0,1635.0,144150,0.0,0.0
2022-02-09 00:00:00+09:00,1655.0,1665.0,1625.0,1645.0,86711,0.0,0.0
2022-02-10 00:00:00+09:00,1665.0,1665.0,1630.0,1645.0,61858,0.0,0.0
2022-02-11 00:00:00+09:00,1645.0,1660.0,1610.0,1635.0,106325,0.0,0.0
2022-02-14 00:00:00+09:00,1590.0,1620.0,1545.0,1555.0,95110,0.0,0.0
2022-02-15 00:00:00+09:00,1530.0,1545.0,1455.0,1500.0,90225,0.0,0.0
2022-02-16 00:00:00+09:00,1500.0,1575.0,1500.0,1575.0,61315,0.0,0.0
2022-02-17 00:00:00+09:00,1600.0,1645.0,1545.0,1575.0,117638,0.0,0.0
2022-02-18 00:00:00+09:00,1575.0,1650.0,1550.0,1615.0,177068,0.0,0.0
2022-02-21 00:00:00+09:00,1615.0,1635.0,1550.0,1590.0,107233,0.0,0.0
2022-02-22 00:00:00+09:00,1590.0,1590.0,1500.0,1510.0,123416,0.0,0.0
2022-02-23 00:00:00+09:00,1510.0,1705.0,1510.0,1585.0,808975,0.0,0.0
2022-02-24 00:00:00+09:00,1590.0,1600.0,1525.0,1525.0,180330,0.0,0.0
2022-02-25 00:00:00+09:00,1525.0,1580.0,1525.0,1550.0,83140,0.0,0.0
2022-02-28 00:00:00+09:00,1560.0,1560.0,1535.0,1560.0,83198,0.0,0.0
2022-03-02 00:00:00+09:00,1560.0,1615.0,1530.0,1615.0,156501,0.0,0.0
2022-03-03 00:00:00+09:00,1620.0,1650.0,1580.0,1620.0,172519,0.0,0.0
2022-03-04 00:00:00+09:00,1620.0,1660.0,1595.0,1640.0,127392,0.0,0.0
2022-03-07 00:00:00+09:00,1635.0,1655.0,1600.0,1630.0,103550,0.0,0.0
2022-03-08 00:00:00+09:00,1605.0,1650.0,1590.0,1630.0,66867,0.0,0.0
2022-03-10 00:00:00+09:00,1625.0,1675.0,1615.0,1635.0,96457,0.0,0.0
2022-03-11 00:00:00+09:00,1635.0,1660.0,1625.0,1650.0,78986,0.0,0.0
2022-03-14 00:00:00+09:00,1655.0,1660.0,1500.0,1620.0,116940,0.0,0.0
2022-03-15 00:00:00+09:00,1580.0,1645.0,1570.0,1630.0,71534,0.0,0.0
2022-03-16 00:00:00+09:00,1630.0,1645.0,1575.0,1610.0,55038,0.0,0.0
2022-03-17 00:00:00+09:00,1615.0,1680.0,1610.0,1635.0,159940,0.0,0.0
2022-03-18 00:00:00+09:00,1635.0,1655.0,1615.0,1645.0,57578,0.0,0.0
2022-03-21 00:00:00+09:00,1650.0,1670.0,1605.0,1660.0,82327,0.0,0.0
2022-03-22 00:00:00+09:00,1660.0,1700.0,1650.0,1685.0,178016,0.0,0.0
2022-03-23 00:00:00+09:00,1685.0,1685.0,1610.0,1640.0,74669,0.0,0.0
2022-03-24 00:00:00+09:00,1620.0,1665.0,1610.0,1645.0,66825,0.0,0.0
2022-03-25 00:00:00+09:00,1645.0,1665.0,1635.0,1655.0,63652,0.0,0.0
2022-03-28 00:00:00+09:00,1655.0,1660.0,1620.0,1645.0,65672,0.0,0.0
2022-03-29 00:00:00+09:00,1645.0,1675.0,1625.0,1645.0,72278,0.0,0.0
2022-03-30 00:00:00+09:00,1645.0,1665.0,1620.0,1650.0,71912,0.0,0.0
2022-03-31 00:00:00+09:00,1645.0,1680.0,1645.0,1675.0,55297,0.0,0.0
2022-04-01 00:00:00+09:00,1675.0,1730.0,1645.0,1705.0,227962,0.0,0.0
2022-04-04 00:00:00+09:00,1705.0,1730.0,1665.0,1705.0,120706,0.0,0.0
2022-04-05 00:00:00+09:00,1740.0,1765.0,1680.0,1760.0,536412,0.0,0.0
2022-04-06 00:00:00+09:00,1755.0,1755.0,1705.0,1740.0,123410,0.0,0.0
2022-04-07 00:00:00+09:00,1735.0,1735.0,1665.0,1675.0,153346,0.0,0.0
2022-04-08 00:00:00+09:00,1670.0,1705.0,1660.0,1705.0,85250,0.0,0.0
2022-04-11 00:00:00+09:00,1705.0,1770.0,1560.0,1765.0,768581,0.0,0.0
2022-04-12 00:00:00+09:00,1770.0,1800.0,1715.0,1725.0,352738,0.0,0.0
2022-04-13 00:00:00+09:00,1720.0,1820.0,1680.0,1770.0,560205,0.0,0.0
2022-04-14 00:00:00+09:00,1800.0,1860.0,1770.0,1800.0,385754,0.0,0.0
2022-04-15 00:00:00+09:00,1800.0,1810.0,1765.0,1770.0,171141,0.0,0.0
2022-04-18 00:00:00+09:00,1770.0,1800.0,1755.0,1790.0,98675,0.0,0.0
2022-04-19 00:00:00+09:00,1790.0,1820.0,1770.0,1790.0,112967,0.0,0.0
2022-04-20 00:00:00+09:00,1810.0,1870.0,1780.0,1830.0,355670,0.0,0.0
2022-04-21 00:00:00+09:00,1830.0,1880.0,1775.0,1875.0,288582,0.0,0.0
2022-04-22 00:00:00+09:00,1870.0,1870.0,1805.0,1835.0,102255,0.0,0.0
2022-04-25 00:00:00+09:00,1780.0,1820.0,1780.0,1785.0,104192,0.0,0.0
2022-04-26 00:00:00+09:00,1775.0,1785.0,1750.0,1780.0,72627,0.0,0.0
2022-04-27 00:00:00+09:00,1740.0,1750.0,1680.0,1725.0,74824,0.0,0.0
2022-04-28 00:00:00+09:00,1720.0,1750.0,1695.0,1725.0,63634,0.0,0.0
2022-04-29 00:00:00+09:00,1725.0,1945.0,1725.0,1790.0,819667,0.0,0.0
2022-05-03 00:00:00+09:00,1850.0,1870.0,1820.0,1850.0,66480,0.0,0.0
2022-05-04 00:00:00+09:00,1850.0,1860.0,1795.0,1800.0,76643,0.0,0.0
2022-05-06 00:00:00+09:00,1785.0,1785.0,1680.0,1760.0,116584,0.0,0.0
2022-05-10 00:00:00+09:00,1670.0,1690.0,1620.0,1670.0,58390,0.0,0.0
2022-05-11 00:00:00+09:00,1670.0,1690.0,1640.0,1645.0,68948,0.0,0.0
2022-05-12 00:00:00+09:00,1660.0,1690.0,1600.0,1605.0,62251,0.0,0.0
2022-05-13 00:00:00+09:00,1605.0,1650.0,1605.0,1635.0,25950,0.0,0.0
2022-05-16 00:00:00+09:00,1635.0,1685.0,1635.0,1665.0,31057,0.0,0.0
2022-05-17 00:00:00+09:00,1680.0,1750.0,1650.0,1670.0,148998,0.0,0.0
2022-05-18 00:00:00+09:00,1665.0,1750.0,1660.0,1680.0,62337,0.0,0.0
2022-05-19 00:00:00+09:00,1655.0,1680.0,1595.0,1620.0,171427,0.0,0.0
2022-05-20 00:00:00+09:00,1625.0,1625.0,1545.0,1590.0,129435,0.0,0.0
2022-05-23 00:00:00+09:00,1590.0,1605.0,1545.0,1580.0,55087,0.0,0.0
2022-05-24 00:00:00+09:00,1585.0,1645.0,1545.0,1605.0,92730,0.0,0.0
2022-05-25 00:00:00+09:00,1605.0,1630.0,1580.0,1625.0,27581,0.0,0.0
2022-05-26 00:00:00+09:00,1615.0,1675.0,1605.0,1625.0,30792,0.0,0.0
2022-05-27 00:00:00+09:00,1625.0,1675.0,1610.0,1615.0,21682,0.0,0.0
2022-05-30 00:00:00+09:00,1620.0,1645.0,1590.0,1620.0,21033,0.0,0.0
2022-05-31 00:00:00+09:00,1650.0,1650.0,1600.0,1625.0,162278,0.0,0.0
2022-06-02 00:00:00+09:00,1625.0,1630.0,1600.0,1630.0,32513,0.0,0.0
2022-06-03 00:00:00+09:00,1615.0,1630.0,1580.0,1605.0,32707,0.0,0.0
2022-06-07 00:00:00+09:00,1605.0,1620.0,1595.0,1605.0,22086,0.0,0.0
2022-06-08 00:00:00+09:00,1600.0,1625.0,1580.0,1605.0,33944,0.0,0.0
2022-06-09 00:00:00+09:00,1605.0,1615.0,1565.0,1575.0,32475,0.0,0.0
2022-06-10 00:00:00+09:00,1575.0,1580.0,1540.0,1580.0,24231,0.0,0.0
2022-06-13 00:00:00+09:00,1545.0,1600.0,1515.0,1565.0,50000,0.0,0.0
2022-06-14 00:00:00+09:00,1520.0,1530.0,1460.0,1520.0,62548,0.0,0.0
2022-06-15 00:00:00+09:00,1505.0,1505.0,1390.0,1405.0,128139,0.0,0.0
2022-06-16 00:00:00+09:00,1410.0,1455.0,1410.0,1440.0,24415,0.0,0.0
2022-06-17 00:00:00+09:00,1420.0,1565.0,1350.0,1565.0,143671,0.0,0.0
2022-06-20 00:00:00+09:00,1560.0,1560.0,1405.0,1470.0,200732,0.0,0.0
2022-06-21 00:00:00+09:00,1445.0,1500.0,1445.0,1450.0,30846,0.0,0.0
2022-06-22 00:00:00+09:00,1450.0,1495.0,1350.0,1350.0,69487,0.0,0.0
2022-06-23 00:00:00+09:00,1355.0,1365.0,1280.0,1305.0,76360,0.0,0.0
2022-06-24 00:00:00+09:00,1300.0,1690.0,1290.0,1460.0,1388869,0.0,0.0
2022-06-27 00:00:00+09:00,1485.0,1495.0,1425.0,1455.0,140119,0.0,0.0
2022-06-28 00:00:00+09:00,1455.0,1480.0,1420.0,1460.0,54862,0.0,0.0
2022-06-29 00:00:00+09:00,1410.0,1530.0,1410.0,1460.0,63596,0.0,0.0
2022-06-30 00:00:00+09:00,1470.0,1470.0,1405.0,1420.0,32640,0.0,0.0
2022-07-01 00:00:00+09:00,1390.0,1430.0,1365.0,1375.0,39540,0.0,0.0
2022-07-04 00:00:00+09:00,1370.0,1390.0,1280.0,1325.0,229728,0.0,0.0
2022-07-05 00:00:00+09:00,1335.0,1385.0,1325.0,1350.0,28396,0.0,0.0
2022-07-06 00:00:00+09:00,1355.0,1375.0,1335.0,1335.0,68836,0.0,0.0
2022-07-07 00:00:00+09:00,1370.0,1385.0,1310.0,1350.0,125958,0.0,0.0
2022-07-08 00:00:00+09:00,1355.0,1445.0,1340.0,1400.0,50819,0.0,0.0
2022-07-11 00:00:00+09:00,1385.0,1490.0,1375.0,1490.0,31862,0.0,0.0
2022-07-12 00:00:00+09:00,1475.0,1485.0,1410.0,1485.0,18302,0.0,0.0
2022-07-13 00:00:00+09:00,1440.0,1485.0,1440.0,1460.0,24596,0.0,0.0
2022-07-14 00:00:00+09:00,1455.0,1455.0,1415.0,1445.0,21771,0.0,0.0
2022-07-15 00:00:00+09:00,1445.0,1445.0,1400.0,1425.0,29581,0.0,0.0
2022-07-18 00:00:00+09:00,1415.0,1440.0,1410.0,1425.0,11097,0.0,0.0
2022-07-19 00:00:00+09:00,1430.0,1430.0,1405.0,1430.0,19179,0.0,0.0
2022-07-20 00:00:00+09:00,1435.0,1645.0,1420.0,1535.0,494596,0.0,0.0
2022-07-21 00:00:00+09:00,1550.0,1645.0,1500.0,1610.0,141540,0.0,0.0
2022-07-22 00:00:00+09:00,1590.0,1665.0,1590.0,1645.0,71934,0.0,0.0
2022-07-25 00:00:00+09:00,1630.0,1665.0,1570.0,1570.0,46444,0.0,0.0
2022-07-26 00:00:00+09:00,1570.0,1600.0,1525.0,1585.0,19175,0.0,0.0
2022-07-27 00:00:00+09:00,1565.0,1670.0,1550.0,1615.0,143628,0.0,0.0
2022-07-28 00:00:00+09:00,1630.0,1660.0,1600.0,1620.0,49484,0.0,0.0
2022-07-29 00:00:00+09:00,1620.0,1640.0,1595.0,1620.0,10454,0.0,0.0
2022-08-01 00:00:00+09:00,1615.0,1625.0,1600.0,1625.0,31581,0.0,0.0
2022-08-02 00:00:00+09:00,1625.0,1665.0,1585.0,1625.0,28872,0.0,0.0
2022-08-03 00:00:00+09:00,1605.0,1640.0,1580.0,1580.0,17792,0.0,0.0
2022-08-04 00:00:00+09:00,1575.0,1595.0,1545.0,1560.0,33452,0.0,0.0
2022-08-05 00:00:00+09:00,1570.0,1575.0,1535.0,1575.0,39147,0.0,0.0
2022-08-08 00:00:00+09:00,1575.0,1575.0,1540.0,1575.0,20179,0.0,0.0
2022-08-09 00:00:00+09:00,1575.0,1655.0,1555.0,1555.0,11654,0.0,0.0
2022-08-10 00:00:00+09:00,1555.0,1580.0,1500.0,1555.0,37785,0.0,0.0
2022-08-11 00:00:00+09:00,1540.0,1560.0,1520.0,1520.0,35648,0.0,0.0
2022-08-12 00:00:00+09:00,1525.0,1535.0,1500.0,1530.0,21688,0.0,0.0
2022-08-16 00:00:00+09:00,1535.0,1540.0,1465.0,1520.0,11872,0.0,0.0
2022-08-17 00:00:00+09:00,1535.0,1560.0,1485.0,1500.0,9536,0.0,0.0
2022-08-18 00:00:00+09:00,1500.0,1615.0,1460.0,1500.0,180221,0.0,0.0
2022-08-19 00:00:00+09:00,1500.0,1580.0,1490.0,1490.0,27047,0.0,0.0
2022-08-22 00:00:00+09:00,1455.0,1515.0,1420.0,1445.0,82463,0.0,0.0
2022-08-23 00:00:00+09:00,1430.0,1460.0,1390.0,1445.0,25372,0.0,0.0
2022-08-24 00:00:00+09:00,1435.0,1500.0,1420.0,1500.0,32475,0.0,0.0
2022-08-25 00:00:00+09:00,1500.0,1560.0,1490.0,1510.0,21670,0.0,0.0
2022-08-26 00:00:00+09:00,1540.0,1560.0,1455.0,1460.0,35748,0.0,0.0
2022-08-29 00:00:00+09:00,1460.0,1475.0,1340.0,1420.0,69463,0.0,0.0
2022-08-30 00:00:00+09:00,1405.0,1465.0,1405.0,1465.0,22618,0.0,0.0
2022-08-31 00:00:00+09:00,1465.0,1555.0,1400.0,1500.0,22060,0.0,0.0
2022-09-01 00:00:00+09:00,1500.0,1525.0,1415.0,1500.0,25587,0.0,0.0
2022-09-02 00:00:00+09:00,1460.0,1470.0,1430.0,1430.0,11805,0.0,0.0
2022-09-05 00:00:00+09:00,1430.0,1430.0,1375.0,1375.0,26297,0.0,0.0
2022-09-06 00:00:00+09:00,1375.0,1420.0,1375.0,1400.0,9089,0.0,0.0
2022-09-07 00:00:00+09:00,1410.0,1415.0,1355.0,1395.0,14052,0.0,0.0
2022-09-08 00:00:00+09:00,1390.0,1410.0,1370.0,1405.0,16387,0.0,0.0
2022-09-13 00:00:00+09:00,1410.0,1435.0,1405.0,1410.0,13432,0.0,0.0
2022-09-14 00:00:00+09:00,1390.0,1430.0,1380.0,1415.0,32973,0.0,0.0
2022-09-15 00:00:00+09:00,1415.0,1435.0,1395.0,1395.0,56214,0.0,0.0
2022-09-16 00:00:00+09:00,1395.0,1415.0,1335.0,1405.0,48434,0.0,0.0
2022-09-19 00:00:00+09:00,1370.0,1475.0,1320.0,1380.0,80104,0.0,0.0
2022-09-20 00:00:00+09:00,1380.0,1470.0,1380.0,1425.0,16152,0.0,0.0
2022-09-21 00:00:00+09:00,1410.0,1470.0,1410.0,1425.0,16959,0.0,0.0
2022-09-22 00:00:00+09:00,1400.0,1495.0,1330.0,1495.0,48055,0.0,0.0
2022-09-23 00:00:00+09:00,1525.0,1525.0,1435.0,1495.0,86854,0.0,0.0
2022-09-26 00:00:00+09:00,1480.0,1590.0,1470.0,1485.0,150609,0.0,0.0
2022-09-27 00:00:00+09:00,1485.0,1685.0,1485.0,1685.0,941316,0.0,0.0
2022-09-28 00:00:00+09:00,1635.0,1720.0,1525.0,1660.0,672918,0.0,0.0
2022-09-29 00:00:00+09:00,1665.0,1705.0,1630.0,1650.0,101295,0.0,0.0
2022-09-30 00:00:00+09:00,1615.0,1750.0,1580.0,1705.0,321735,0.0,0.0
2022-10-04 00:00:00+09:00,1685.0,1750.0,1590.0,1650.0,322100,0.0,0.0
2022-10-05 00:00:00+09:00,1630.0,1660.0,1560.0,1650.0,312629,0.0,0.0
2022-10-06 00:00:00+09:00,1620.0,1675.0,1610.0,1655.0,223499,0.0,0.0
2022-10-07 00:00:00+09:00,1635.0,1665.0,1590.0,1660.0,73639,0.0,0.0
2022-10-11 00:00:00+09:00,1640.0,1655.0,1530.0,1530.0,54716,0.0,0.0
2022-10-12 00:00:00+09:00,1545.0,1575.0,1450.0,1510.0,73996,0.0,0.0
2022-10-13 00:00:00+09:00,1495.0,1510.0,1435.0,1435.0,26312,0.0,0.0
2022-10-14 00:00:00+09:00,1460.0,1540.0,1410.0,1490.0,28410,0.0,0.0
2022-10-17 00:00:00+09:00,1490.0,1490.0,1435.0,1450.0,18000,0.0,0.0
2022-10-18 00:00:00+09:00,1450.0,1500.0,1430.0,1455.0,26909,0.0,0.0
2022-10-19 00:00:00+09:00,1455.0,1545.0,1440.0,1515.0,43777,0.0,0.0
2022-10-20 00:00:00+09:00,1500.0,1530.0,1480.0,1490.0,4381,0.0,0.0
2022-10-21 00:00:00+09:00,1475.0,1480.0,1420.0,1440.0,10619,0.0,0.0
2022-10-24 00:00:00+09:00,1440.0,1480.0,1440.0,1470.0,21351,0.0,0.0
2022-10-25 00:00:00+09:00,1470.0,1550.0,1465.0,1465.0,19546,0.0,0.0
2022-10-26 00:00:00+09:00,1465.0,1510.0,1440.0,1440.0,16045,0.0,0.0
2022-10-27 00:00:00+09:00,1485.0,1555.0,1445.0,1460.0,18565,0.0,0.0
2022-10-28 00:00:00+09:00,1465.0,1490.0,1410.0,1435.0,20163,0.0,0.0
2022-10-31 00:00:00+09:00,1440.0,1450.0,1415.0,1440.0,7865,0.0,0.0
2022-11-01 00:00:00+09:00,1445.0,1445.0,1400.0,1435.0,75098,0.0,0.0
2022-11-02 00:00:00+09:00,1435.0,1440.0,1400.0,1400.0,34951,0.0,0.0
2022-11-03 00:00:00+09:00,1400.0,1410.0,1370.0,1400.0,12024,0.0,0.0
2022-11-04 00:00:00+09:00,1400.0,1435.0,1370.0,1390.0,13494,0.0,0.0
2022-11-07 00:00:00+09:00,1400.0,1415.0,1375.0,1390.0,9668,0.0,0.0
2022-11-08 00:00:00+09:00,1400.0,1440.0,1390.0,1410.0,29233,0.0,0.0
2022-11-09 00:00:00+09:00,1425.0,1455.0,1395.0,1420.0,23223,0.0,0.0
2022-11-10 00:00:00+09:00,1420.0,1445.0,1400.0,1440.0,14116,0.0,0.0
2022-11-11 00:00:00+09:00,1450.0,1480.0,1430.0,1455.0,24594,0.0,0.0
2022-11-14 00:00:00+09:00,1470.0,1470.0,1360.0,1435.0,45352,0.0,0.0
2022-11-15 00:00:00+09:00,1420.0,1455.0,1390.0,1450.0,25623,0.0,0.0
2022-11-16 00:00:00+09:00,1450.0,1455.0,1415.0,1430.0,12269,0.0,0.0
2022-11-17 00:00:00+09:00,1430.0,1450.0,1360.0,1360.0,45237,0.0,0.0
2022-11-18 00:00:00+09:00,1360.0,1395.0,1360.0,1370.0,20559,0.0,0.0
2022-11-21 00:00:00+09:00,1385.0,1395.0,1345.0,1350.0,17363,0.0,0.0
2022-11-22 00:00:00+09:00,1340.0,1405.0,1330.0,1380.0,24982,0.0,0.0
2022-11-23 00:00:00+09:00,1365.0,1410.0,1365.0,1400.0,11862,0.0,0.0
2022-11-24 00:00:00+09:00,1400.0,1430.0,1385.0,1430.0,33702,0.0,0.0
2022-11-25 00:00:00+09:00,1445.0,1445.0,1400.0,1425.0,6448,0.0,0.0
2022-11-28 00:00:00+09:00,1425.0,1450.0,1365.0,1415.0,19731,0.0,0.0
2022-11-29 00:00:00+09:00,1400.0,1415.0,1380.0,1415.0,14286,0.0,0.0
2022-11-30 00:00:00+09:00,1430.0,1430.0,1385.0,1410.0,8743,0.0,0.0
2022-12-01 00:00:00+09:00,1410.0,1425.0,1370.0,1385.0,32684,0.0,0.0
2022-12-02 00:00:00+09:00,1385.0,1395.0,1360.0,1380.0,19589,0.0,0.0
2022-12-05 00:00:00+09:00,1370.0,1460.0,1360.0,1405.0,61163,0.0,0.0
2022-12-06 00:00:00+09:00,1390.0,1415.0,1380.0,1415.0,14870,0.0,0.0
2022-12-07 00:00:00+09:00,1395.0,1405.0,1340.0,1340.0,128756,0.0,0.0
2022-12-08 00:00:00+09:00,1330.0,1340.0,1280.0,1310.0,64499,0.0,0.0
2022-12-09 00:00:00+09:00,1310.0,1415.0,1280.0,1400.0,69130,0.0,0.0
2022-12-12 00:00:00+09:00,1410.0,1415.0,1350.0,1365.0,19949,0.0,0.0
2022-12-13 00:00:00+09:00,1365.0,1405.0,1355.0,1395.0,16627,0.0,0.0
2022-12-14 00:00:00+09:00,1385.0,1395.0,1365.0,1365.0,14682,0.0,0.0
2022-12-15 00:00:00+09:00,1385.0,1390.0,1365.0,1390.0,6636,0.0,0.0
2022-12-16 00:00:00+09:00,1380.0,1400.0,1360.0,1385.0,12385,0.0,0.0
2022-12-19 00:00:00+09:00,1365.0,1395.0,1340.0,1380.0,35852,0.0,0.0
2022-12-20 00:00:00+09:00,1370.0,1390.0,1355.0,1370.0,7939,0.0,0.0
2022-12-21 00:00:00+09:00,1365.0,1375.0,1350.0,1375.0,4734,0.0,0.0
2022-12-22 00:00:00+09:00,1385.0,1385.0,1360.0,1360.0,7987,0.0,0.0
2022-12-23 00:00:00+09:00,1370.0,1375.0,1305.0,1305.0,29289,0.0,0.0
2022-12-26 00:00:00+09:00,1310.0,1350.0,1305.0,1315.0,27738,0.0,0.0
2022-12-27 00:00:00+09:00,1315.0,1385.0,1315.0,1320.0,30677,0.0,0.0
2022-12-28 00:00:00+09:00,1360.0,1360.0,1315.0,1340.0,16839,0.0,0.0
2022-12-29 00:00:00+09:00,1330.0,1340.0,1310.0,1340.0,21934,0.0,0.0
2023-01-02 00:00:00+09:00,1325.0,1340.0,1305.0,1305.0,9984,0.0,0.0
2023-01-03 00:00:00+09:00,1275.0,1335.0,1270.0,1320.0,22510,0.0,0.0
2023-01-04 00:00:00+09:00,1320.0,1325.0,1300.0,1325.0,4252,0.0,0.0
2023-01-05 00:00:00+09:00,1350.0,1485.0,1280.0,1325.0,508844,0.0,0.0
2023-01-06 00:00:00+09:00,1335.0,1365.0,1295.0,1340.0,281756,0.0,0.0
2023-01-09 00:00:00+09:00,1340.0,1380.0,1295.0,1300.0,344667,0.0,0.0
2023-01-10 00:00:00+09:00,1300.0,1310.0,1290.0,1310.0,43775,0.0,0.0
2023-01-11 00:00:00+09:00,1310.0,1355.0,1275.0,1290.0,193726,0.0,0.0
2023-01-12 00:00:00+09:00,1300.0,1305.0,1285.0,1305.0,421331,0.0,0.0
2023-01-13 00:00:00+09:00,1305.0,1310.0,1285.0,1290.0,87544,0.0,0.0
2023-01-16 00:00:00+09:00,1290.0,1295.0,1280.0,1280.0,145262,0.0,0.0
2023-01-17 00:00:00+09:00,1285.0,1290.0,1265.0,1280.0,75400,0.0,0.0
2023-01-18 00:00:00+09:00,1315.0,1315.0,1270.0,1290.0,35208,0.0,0.0
2023-01-19 00:00:00+09:00,1285.0,1360.0,1260.0,1275.0,347065,0.0,0.0
2023-01-20 00:00:00+09:00,1315.0,1355.0,1270.0,1290.0,699303,0.0,0.0
2023-01-25 00:00:00+09:00,1319.0,1319.0,1279.0,1287.0,974001,0.0,0.0
2023-01-26 00:00:00+09:00,1297.0,1298.0,1284.0,1295.0,210632,0.0,0.0
2023-01-27 00:00:00+09:00,1295.0,1399.0,1290.0,1319.0,1011265,0.0,0.0
2023-01-30 00:00:00+09:00,1320.0,1399.0,1320.0,1323.0,234663,0.0,0.0
2023-01-31 00:00:00+09:00,1325.0,1325.0,1301.0,1323.0,126224,0.0,0.0
2023-02-01 00:00:00+09:00,1323.0,1340.0,1302.0,1318.0,95479,0.0,0.0
2023-02-02 00:00:00+09:00,1322.0,1370.0,1317.0,1365.0,95146,0.0,0.0
2023-02-03 00:00:00+09:00,1366.0,1366.0,1320.0,1347.0,103359,0.0,0.0
2023-02-06 00:00:00+09:00,1344.0,1366.0,1326.0,1365.0,96875,0.0,0.0
2023-02-07 00:00:00+09:00,1354.0,1400.0,1354.0,1400.0,140563,0.0,0.0
2023-02-08 00:00:00+09:00,1387.0,1430.0,1386.0,1396.0,92460,0.0,0.0
2023-02-09 00:00:00+09:00,1404.0,1410.0,1357.0,1387.0,67866,0.0,0.0
2023-02-10 00:00:00+09:00,1405.0,1405.0,1325.0,1330.0,100107,0.0,0.0
2023-02-13 00:00:00+09:00,1316.0,1349.0,1310.0,1330.0,77953,0.0,0.0
2023-02-14 00:00:00+09:00,1329.0,1344.0,1317.0,1324.0,39706,0.0,0.0
2023-02-15 00:00:00+09:00,1341.0,1341.0,1307.0,1307.0,44906,0.0,0.0
2023-02-16 00:00:00+09:00,1299.0,1354.0,1286.0,1350.0,72026,0.0,0.0
2023-02-17 00:00:00+09:00,1349.0,1363.0,1330.0,1331.0,26852,0.0,0.0
2023-02-20 00:00:00+09:00,1332.0,1353.0,1311.0,1348.0,48004,0.0,0.0
2023-02-21 00:00:00+09:00,1359.0,1362.0,1340.0,1350.0,19072,0.0,0.0
2023-02-22 00:00:00+09:00,1350.0,1350.0,1330.0,1330.0,32691,0.0,0.0
2023-02-23 00:00:00+09:00,1316.0,1350.0,1314.0,1348.0,14921,0.0,0.0
2023-02-24 00:00:00+09:00,1348.0,1365.0,1330.0,1331.0,24473,0.0,0.0
2023-02-27 00:00:00+09:00,1400.0,1400.0,1330.0,1336.0,37398,0.0,0.0
2023-02-28 00:00:00+09:00,1338.0,1378.0,1330.0,1353.0,30109,0.0,0.0
2023-03-02 00:00:00+09:00,1353.0,1370.0,1330.0,1336.0,57768,0.0,0.0
2023-03-03 00:00:00+09:00,1345.0,1373.0,1335.0,1344.0,20880,0.0,0.0
2023-03-06 00:00:00+09:00,1344.0,1355.0,1320.0,1320.0,31830,0.0,0.0
2023-03-07 00:00:00+09:00,1358.0,1358.0,1300.0,1305.0,68408,0.0,0.0
2023-03-08 00:00:00+09:00,1314.0,1314.0,1292.0,1292.0,49987,0.0,0.0
2023-03-09 00:00:00+09:00,1292.0,1303.0,1275.0,1284.0,37497,0.0,0.0
2023-03-10 00:00:00+09:00,1284.0,1284.0,1236.0,1254.0,122626,0.0,0.0
2023-03-13 00:00:00+09:00,1220.0,1254.0,1208.0,1245.0,61925,0.0,0.0
2023-03-14 00:00:00+09:00,1245.0,1245.0,1192.0,1203.0,37988,0.0,0.0
2023-03-15 00:00:00+09:00,1207.0,1215.0,1190.0,1213.0,34672,0.0,0.0
2023-03-16 00:00:00+09:00,1219.0,1219.0,1177.0,1206.0,37801,0.0,0.0
2023-03-17 00:00:00+09:00,1219.0,1241.0,1218.0,1230.0,27403,0.0,0.0
2023-03-20 00:00:00+09:00,1230.0,1244.0,1218.0,1230.0,35001,0.0,0.0
2023-03-21 00:00:00+09:00,1265.0,1265.0,1221.0,1253.0,37114,0.0,0.0
2023-03-22 00:00:00+09:00,1278.0,1278.0,1232.0,1236.0,27335,0.0,0.0
2023-03-23 00:00:00+09:00,1237.0,1237.0,1201.0,1229.0,38081,0.0,0.0
2023-03-24 00:00:00+09:00,1225.0,1225.0,1180.0,1214.0,11093,0.0,0.0
2023-03-27 00:00:00+09:00,1214.0,1215.0,1188.0,1194.0,55082,0.0,0.0
2023-03-28 00:00:00+09:00,1208.0,1221.0,1193.0,1207.0,44517,0.0,0.0
2023-03-29 00:00:00+09:00,1202.0,1239.0,1190.0,1239.0,58530,0.0,0.0
2023-03-30 00:00:00+09:00,1240.0,1285.0,1213.0,1240.0,62870,0.0,0.0
2023-03-31 00:00:00+09:00,1245.0,1245.0,1220.0,1224.0,44173,0.0,0.0
2023-04-03 00:00:00+09:00,1226.0,1230.0,1213.0,1223.0,35381,0.0,0.0
2023-04-04 00:00:00+09:00,1223.0,1223.0,1191.0,1196.0,170733,0.0,0.0
2023-04-05 00:00:00+09:00,1197.0,1276.0,1197.0,1236.0,84578,0.0,0.0
2023-04-06 00:00:00+09:00,1236.0,1325.0,1199.0,1257.0,111751,0.0,0.0
2023-04-07 00:00:00+09:00,1257.0,1315.0,1250.0,1300.0,96018,0.0,0.0
2023-04-10 00:00:00+09:00,1287.0,1290.0,1250.0,1269.0,108551,0.0,0.0
2023-04-11 00:00:00+09:00,1269.0,1289.0,1260.0,1270.0,26858,0.0,0.0
2023-04-12 00:00:00+09:00,1273.0,1286.0,1263.0,1264.0,16085,0.0,0.0
2023-04-13 00:00:00+09:00,1260.0,1300.0,1259.0,1260.0,94461,0.0,0.0
2023-04-14 00:00:00+09:00,1273.0,1298.0,1264.0,1289.0,19018,0.0,0.0
2023-04-17 00:00:00+09:00,1283.0,1320.0,1277.0,1319.0,14938,0.0,0.0
2023-04-18 00:00:00+09:00,1319.0,1330.0,1300.0,1320.0,81864,0.0,0.0
2023-04-19 00:00:00+09:00,1318.0,1358.0,1300.0,1336.0,51141,0.0,0.0
2023-04-20 00:00:00+09:00,1331.0,1331.0,1296.0,1298.0,76732,0.0,0.0
2023-04-21 00:00:00+09:00,1273.0,1285.0,1216.0,1273.0,48631,0.0,0.0
2023-04-24 00:00:00+09:00,1258.0,1258.0,1226.0,1226.0,21281,0.0,0.0
2023-04-25 00:00:00+09:00,1213.0,1295.0,1203.0,1260.0,140735,0.0,0.0
2023-04-26 00:00:00+09:00,1262.0,1275.0,1248.0,1251.0,23991,0.0,0.0
2023-04-27 00:00:00+09:00,1251.0,1263.0,1228.0,1263.0,28176,0.0,0.0
2023-04-28 00:00:00+09:00,1264.0,1289.0,1250.0,1281.0,35114,0.0,0.0
2023-05-02 00:00:00+09:00,1281.0,1289.0,1267.0,1273.0,35991,0.0,0.0
2023-05-03 00:00:00+09:00,1273.0,1284.0,1261.0,1270.0,28803,0.0,0.0
2023-05-04 00:00:00+09:00,1270.0,1320.0,1252.0,1290.0,73688,0.0,0.0
2023-05-08 00:00:00+09:00,1290.0,1296.0,1276.0,1278.0,25945,0.0,0.0
2023-05-09 00:00:00+09:00,1284.0,1284.0,1263.0,1266.0,12090,0.0,0.0
2023-05-10 00:00:00+09:00,1271.0,1277.0,1235.0,1260.0,46693,0.0,0.0
2023-05-11 00:00:00+09:00,1260.0,1272.0,1247.0,1260.0,21333,0.0,0.0
2023-05-12 00:00:00+09:00,1260.0,1272.0,1248.0,1250.0,15366,0.0,0.0
2023-05-15 00:00:00+09:00,1250.0,1319.0,1248.0,1255.0,170397,0.0,0.0
2023-05-16 00:00:00+09:00,1256.0,1290.0,1256.0,1273.0,61082,0.0,0.0
2023-05-17 00:00:00+09:00,1298.0,1331.0,1270.0,1301.0,302080,0.0,0.0
2023-05-19 00:00:00+09:00,1346.0,1359.0,1319.0,1325.0,37372,0.0,0.0
2023-05-22 00:00:00+09:00,1334.0,1361.0,1327.0,1338.0,23191,0.0,0.0
2023-05-23 00:00:00+09:00,1342.0,1342.0,1318.0,1331.0,29298,0.0,0.0
2023-05-24 00:00:00+09:00,1340.0,1340.0,1312.0,1334.0,48587,0.0,0.0
2023-05-25 00:00:00+09:00,1305.0,1334.0,1305.0,1328.0,15207,0.0,0.0
2023-05-26 00:00:00+09:00,1327.0,1330.0,1304.0,1326.0,13946,0.0,0.0
2023-05-30 00:00:00+09:00,1320.0,1343.0,1300.0,1337.0,45932,0.0,0.0
2023-05-31 00:00:00+09:00,1369.0,1369.0,1326.0,1338.0,24446,0.0,0.0
2023-06-01 00:00:00+09:00,1352.0,1352.0,1320.0,1333.0,32662,0.0,0.0
2023-06-02 00:00:00+09:00,1333.0,1400.0,1333.0,1347.0,30148,0.0,0.0
2023-06-05 00:00:00+09:00,1360.0,1380.0,1338.0,1379.0,63804,0.0,0.0
2023-06-07 00:00:00+09:00,1385.0,1394.0,1379.0,1389.0,39816,0.0,0.0
2023-06-08 00:00:00+09:00,1409.0,1409.0,1360.0,1388.0,53593,0.0,0.0
2023-06-09 00:00:00+09:00,1394.0,1394.0,1375.0,1380.0,44441,0.0,0.0
2023-06-12 00:00:00+09:00,1380.0,1394.0,1362.0,1373.0,50339,0.0,0.0
2023-06-13 00:00:00+09:00,1376.0,1378.0,1356.0,1356.0,24077,0.0,0.0
2023-06-14 00:00:00+09:00,1356.0,1376.0,1347.0,1350.0,36170,0.0,0.0
2023-06-15 00:00:00+09:00,1350.0,1384.0,1350.0,1351.0,26331,0.0,0.0
2023-06-16 00:00:00+09:00,1358.0,1384.0,1358.0,1378.0,46692,0.0,0.0
2023-06-19 00:00:00+09:00,1380.0,1400.0,1360.0,1365.0,58744,0.0,0.0
2023-06-20 00:00:00+09:00,1365.0,1370.0,1352.0,1365.0,37618,0.0,0.0
2023-06-21 00:00:00+09:00,1365.0,1581.0,1365.0,1391.0,886455,0.0,0.0
2023-06-22 00:00:00+09:00,1391.0,1502.0,1391.0,1432.0,230693,0.0,0.0
2023-06-23 00:00:00+09:00,1446.0,1477.0,1396.0,1423.0,80637,0.0,0.0
2023-06-26 00:00:00+09:00,1423.0,1499.0,1423.0,1478.0,128634,0.0,0.0
2023-06-27 00:00:00+09:00,1479.0,1508.0,1453.0,1456.0,123152,0.0,0.0
2023-06-28 00:00:00+09:00,1456.0,1456.0,1411.0,1424.0,20678,0.0,0.0
2023-06-29 00:00:00+09:00,1418.0,1474.0,1418.0,1458.0,37084,0.0,0.0
2023-06-30 00:00:00+09:00,1435.0,1435.0,1419.0,1435.0,44009,0.0,0.0
2023-07-04 00:00:00+09:00,1465.0,1479.0,1421.0,1477.0,107409,0.0,0.0
2023-07-07 00:00:00+09:00,1440.0,1447.0,1300.0,1370.0,149953,0.0,0.0
2023-07-10 00:00:00+09:00,1370.0,1370.0,1345.0,1365.0,31859,0.0,0.0
2023-07-12 00:00:00+09:00,1428.0,1515.0,1428.0,1506.0,269663,0.0,0.0
2023-07-14 00:00:00+09:00,1548.0,1550.0,1470.0,1549.0,146155,0.0,0.0
2023-07-17 00:00:00+09:00,1523.0,1618.0,1501.0,1598.0,159062,0.0,0.0
2023-07-19 00:00:00+09:00,1581.0,1581.0,1493.0,1542.0,109384,0.0,0.0
2023-07-20 00:00:00+09:00,1542.0,1542.0,1502.0,1542.0,40186,0.0,0.0
2023-07-21 00:00:00+09:00,1520.0,1559.0,1500.0,1557.0,68266,0.0,0.0
2023-07-24 00:00:00+09:00,1542.0,1583.0,1540.0,1579.0,117381,0.0,0.0
2023-07-25 00:00:00+09:00,1650.0,1650.0,1582.0,1621.0,150215,0.0,0.0
2023-07-26 00:00:00+09:00,1621.0,1639.0,1495.0,1512.0,172887,0.0,0.0
2023-07-28 00:00:00+09:00,1503.0,1578.0,1450.0,1578.0,105463,0.0,0.0
2023-07-31 00:00:00+09:00,1578.0,1589.0,1540.0,1572.0,48501,0.0,0.0
2023-08-01 00:00:00+09:00,1567.0,1572.0,1480.0,1522.0,96504,0.0,0.0
2023-08-03 00:00:00+09:00,1463.0,1476.0,1410.0,1430.0,129570,0.0,0.0
2023-08-04 00:00:00+09:00,1430.0,1480.0,1409.0,1480.0,64941,0.0,0.0
2023-08-07 00:00:00+09:00,1479.0,1539.0,1381.0,1493.0,176189,0.0,0.0
2023-08-08 00:00:00+09:00,1493.0,1510.0,1423.0,1484.0,182801,0.0,0.0
2023-08-09 00:00:00+09:00,1449.0,1483.0,1350.0,1380.0,353111,0.0,0.0
2023-08-10 00:00:00+09:00,1387.0,1460.0,1300.0,1403.0,232149,0.0,0.0
2023-08-11 00:00:00+09:00,1415.0,1519.0,1415.0,1455.0,333016,0.0,0.0
2023-08-14 00:00:00+09:00,1455.0,1490.0,1330.0,1401.0,385273,0.0,0.0
2023-08-16 00:00:00+09:00,1365.0,1382.0,1300.0,1325.0,197850,0.0,0.0
2023-08-17 00:00:00+09:00,1301.0,1310.0,1238.0,1290.0,125035,0.0,0.0
2023-08-18 00:00:00+09:00,1277.0,1349.0,1251.0,1292.0,80645,0.0,0.0
2023-08-21 00:00:00+09:00,1299.0,1353.0,1280.0,1282.0,45095,0.0,0.0
2023-08-22 00:00:00+09:00,1316.0,1316.0,1271.0,1291.0,24491,0.0,0.0
2023-08-23 00:00:00+09:00,1291.0,1299.0,1255.0,1256.0,56327,0.0,0.0
2023-08-24 00:00:00+09:00,1256.0,1262.0,1239.0,1254.0,61752,0.0,0.0
2023-08-25 00:00:00+09:00,1254.0,1257.0,1210.0,1239.0,105716,0.0,0.0
2023-08-28 00:00:00+09:00,1247.0,1295.0,1238.0,1255.0,142449,0.0,0.0
2023-08-29 00:00:00+09:00,1265.0,1350.0,1241.0,1263.0,143610,0.0,0.0
2023-08-30 00:00:00+09:00,1298.0,1298.0,1264.0,1268.0,16517,0.0,0.0
2023-08-31 00:00:00+09:00,1269.0,1281.0,1199.0,1209.0,185195,0.0,0.0
2023-09-01 00:00:00+09:00,1445.0,1568.0,1301.0,1380.0,3209416,0.0,0.0
2023-09-04 00:00:00+09:00,1480.0,1794.0,1440.0,1702.0,12635780,0.0,0.0
2023-09-05 00:00:00+09:00,1543.0,1667.0,1393.0,1401.0,3650750,0.0,0.0
2023-09-06 00:00:00+09:00,1403.0,1407.0,1336.0,1350.0,1051677,0.0,0.0
2023-09-07 00:00:00+09:00,1355.0,1363.0,1310.0,1322.0,492736,0.0,0.0
2023-09-08 00:00:00+09:00,1302.0,1328.0,1280.0,1310.0,310191,0.0,0.0
2023-09-11 00:00:00+09:00,1310.0,1319.0,1270.0,1289.0,252678,0.0,0.0
2023-09-12 00:00:00+09:00,1289.0,1294.0,1255.0,1274.0,237036,0.0,0.0
2023-09-13 00:00:00+09:00,1274.0,1295.0,1252.0,1261.0,283069,0.0,0.0
2023-09-14 00:00:00+09:00,1255.0,1280.0,1255.0,1278.0,106007,0.0,0.0
2023-09-15 00:00:00+09:00,1272.0,1280.0,1260.0,1274.0,178087,0.0,0.0
2023-09-18 00:00:00+09:00,1274.0,1293.0,1257.0,1284.0,179499,0.0,0.0
2023-09-19 00:00:00+09:00,1278.0,1290.0,1269.0,1285.0,174819,0.0,0.0
2023-09-20 00:00:00+09:00,1280.0,1314.0,1261.0,1298.0,161980,0.0,0.0
2023-09-21 00:00:00+09:00,1291.0,1303.0,1270.0,1284.0,146742,0.0,0.0
2023-09-22 00:00:00+09:00,1287.0,1330.0,1272.0,1277.0,183064,0.0,0.0
2023-09-25 00:00:00+09:00,1277.0,1315.0,1232.0,1278.0,200064,0.0,0.0
2023-09-26 00:00:00+09:00,1278.0,1286.0,1261.0,1280.0,61244,0.0,0.0
2023-09-27 00:00:00+09:00,1250.0,1290.0,1245.0,1283.0,67240,0.0,0.0
2023-10-04 00:00:00+09:00,1283.0,1283.0,1227.0,1228.0,233671,0.0,0.0
2023-10-05 00:00:00+09:00,1235.0,1268.0,1218.0,1220.0,49837,0.0,0.0
2023-10-06 00:00:00+09:00,1215.0,1244.0,1201.0,1217.0,148097,0.0,0.0
2023-10-10 00:00:00+09:00,1218.0,1296.0,1190.0,1296.0,361096,0.0,0.0
2023-10-11 00:00:00+09:00,1232.0,1260.0,1227.0,1232.0,35446,0.0,0.0
2023-10-12 00:00:00+09:00,1231.0,1231.0,1148.0,1212.0,147037,0.0,0.0
2023-10-13 00:00:00+09:00,1212.0,1255.0,1171.0,1181.0,91363,0.0,0.0
2023-10-16 00:00:00+09:00,1225.0,1225.0,1156.0,1157.0,84340,0.0,0.0
2023-10-17 00:00:00+09:00,1157.0,1170.0,1140.0,1142.0,70171,0.0,0.0
2023-10-18 00:00:00+09:00,1150.0,1170.0,1132.0,1141.0,60438,0.0,0.0
2023-10-19 00:00:00+09:00,1141.0,1141.0,1102.0,1110.0,99630,0.0,0.0
2023-10-20 00:00:00+09:00,1104.0,1110.0,1071.0,1071.0,73110,0.0,0.0
2023-10-23 00:00:00+09:00,1051.0,1083.0,1051.0,1067.0,68888,0.0,0.0
2023-10-24 00:00:00+09:00,1062.0,1067.0,1050.0,1066.0,73820,0.0,0.0
2023-10-25 00:00:00+09:00,1061.0,1100.0,1061.0,1098.0,34779,0.0,0.0
2023-10-26 00:00:00+09:00,1081.0,1088.0,1064.0,1070.0,46134,0.0,0.0
2023-10-27 00:00:00+09:00,1063.0,1111.0,1056.0,1102.0,54173,0.0,0.0
2023-10-30 00:00:00+09:00,1102.0,1162.0,1096.0,1128.0,87772,0.0,0.0
2023-10-31 00:00:00+09:00,1128.0,1164.0,1128.0,1137.0,41887,0.0,0.0
2023-11-01 00:00:00+09:00,1125.0,1150.0,1120.0,1137.0,60448,0.0,0.0
2023-11-02 00:00:00+09:00,1149.0,1149.0,1135.0,1145.0,38923,0.0,0.0
2023-11-03 00:00:00+09:00,1160.0,1160.0,1145.0,1150.0,14610,0.0,0.0
2023-11-06 00:00:00+09:00,1164.0,1192.0,1152.0,1152.0,151330,0.0,0.0
2023-11-07 00:00:00+09:00,1166.0,1166.0,1135.0,1161.0,35595,0.0,0.0
2023-11-08 00:00:00+09:00,1138.0,1151.0,1121.0,1133.0,111262,0.0,0.0
2023-11-09 00:00:00+09:00,1157.0,1157.0,1136.0,1144.0,20443,0.0,0.0
2023-11-10 00:00:00+09:00,1122.0,1141.0,1122.0,1132.0,15561,0.0,0.0
2023-11-13 00:00:00+09:00,1121.0,1267.0,1121.0,1209.0,851501,0.0,0.0
2023-11-14 00:00:00+09:00,1200.0,1300.0,1191.0,1299.0,339827,0.0,0.0
2023-11-15 00:00:00+09:00,1305.0,1365.0,1303.0,1337.0,294828,0.0,0.0
2023-11-16 00:00:00+09:00,1337.0,1368.0,1330.0,1354.0,137551,0.0,0.0
2023-11-17 00:00:00+09:00,1408.0,1408.0,1268.0,1364.0,169082,0.0,0.0
2023-11-20 00:00:00+09:00,1398.0,1435.0,1354.0,1365.0,46471,0.0,0.0
2023-11-21 00:00:00+09:00,1365.0,1388.0,1286.0,1344.0,75198,0.0,0.0
2023-11-22 00:00:00+09:00,1344.0,1344.0,1285.0,1312.0,430045,0.0,0.0
2023-11-23 00:00:00+09:00,1313.0,1410.0,1307.0,1336.0,41048,0.0,0.0
2023-11-24 00:00:00+09:00,1364.0,1364.0,1305.0,1320.0,46754,0.0,0.0
2023-11-27 00:00:00+09:00,1350.0,1350.0,1250.0,1289.0,55184,0.0,0.0
2023-11-28 00:00:00+09:00,1320.0,1325.0,1276.0,1325.0,110867,0.0,0.0
2023-11-29 00:00:00+09:00,1315.0,1320.0,1293.0,1295.0,59137,0.0,0.0
2023-11-30 00:00:00+09:00,1295.0,1305.0,1267.0,1276.0,67843,0.0,0.0
2023-12-01 00:00:00+09:00,1282.0,1330.0,1276.0,1325.0,191746,0.0,0.0
2023-12-04 00:00:00+09:00,1330.0,1354.0,1313.0,1335.0,101723,0.0,0.0
2023-12-05 00:00:00+09:00,1335.0,1335.0,1290.0,1297.0,75820,0.0,0.0
2023-12-06 00:00:00+09:00,1295.0,1329.0,1293.0,1309.0,40447,0.0,0.0
2023-12-07 00:00:00+09:00,1297.0,1320.0,1294.0,1303.0,14825,0.0,0.0
2023-12-08 00:00:00+09:00,1292.0,1322.0,1292.0,1304.0,28022,0.0,0.0
2023-12-11 00:00:00+09:00,1304.0,1350.0,1304.0,1344.0,54881,0.0,0.0
2023-12-12 00:00:00+09:00,1344.0,1430.0,1344.0,1378.0,80321,0.0,0.0
2023-12-13 00:00:00+09:00,1378.0,1386.0,1333.0,1354.0,41507,0.0,0.0
2023-12-14 00:00:00+09:00,1354.0,1390.0,1304.0,1354.0,48132,0.0,0.0
2023-12-15 00:00:00+09:00,1356.0,1369.0,1330.0,1354.0,76878,0.0,0.0
2023-12-18 00:00:00+09:00,1354.0,1410.0,1354.0,1378.0,70267,0.0,0.0
2023-12-19 00:00:00+09:00,1398.0,1398.0,1361.0,1390.0,49546,0.0,0.0
2023-12-20 00:00:00+09:00,1390.0,1393.0,1372.0,1391.0,59806,0.0,0.0
2023-12-21 00:00:00+09:00,1391.0,1398.0,1385.0,1389.0,82280,0.0,0.0
2023-12-22 00:00:00+09:00,1370.0,1391.0,1364.0,1388.0,79249,0.0,0.0
2023-12-26 00:00:00+09:00,1398.0,1398.0,1360.0,1361.0,78422,0.0,0.0
2023-12-27 00:00:00+09:00,1361.0,1377.0,1344.0,1355.0,43023,0.0,0.0
2023-12-28 00:00:00+09:00,1358.0,1360.0,1348.0,1360.0,15865,0.0,0.0
2024-01-02 00:00:00+09:00,1329.0,1409.0,1326.0,1409.0,76409,0.0,0.0
2024-01-03 00:00:00+09:00,1409.0,1462.0,1390.0,1459.0,134356,0.0,0.0
2024-01-04 00:00:00+09:00,1436.0,1523.0,1436.0,1464.0,109997,0.0,0.0
2024-01-05 00:00:00+09:00,1465.0,1600.0,1449.0,1449.0,305657,0.0,0.0
2024-01-08 00:00:00+09:00,1467.0,1700.0,1449.0,1613.0,1677576,0.0,0.0
2024-01-09 00:00:00+09:00,2095.0,2095.0,1956.0,2095.0,15842990,0.0,0.0
2024-01-10 00:00:00+09:00,2215.0,2375.0,1900.0,1995.0,10836520,0.0,0.0
2024-01-11 00:00:00+09:00,2035.0,2070.0,1928.0,2005.0,1836294,0.0,0.0
2024-01-12 00:00:00+09:00,1946.0,2605.0,1945.0,2420.0,13879040,0.0,0.0
2024-01-15 00:00:00+09:00,2390.0,2955.0,2305.0,2665.0,10657830,0.0,0.0
2024-01-16 00:00:00+09:00,2630.0,2810.0,2455.0,2750.0,2704442,0.0,0.0
2024-01-17 00:00:00+09:00,2695.0,3130.0,2440.0,2745.0,3405272,0.0,0.0
2024-01-18 00:00:00+09:00,2550.0,2705.0,2370.0,2495.0,1893781,0.0,0.0
2024-01-19 00:00:00+09:00,2415.0,2570.0,2365.0,2530.0,908275,0.0,0.0
2024-01-22 00:00:00+09:00,2470.0,2895.0,2470.0,2870.0,1885551,0.0,0.0
2024-01-23 00:00:00+09:00,2990.0,3100.0,2735.0,3040.0,1559399,0.0,0.0
2024-01-24 00:00:00+09:00,2980.0,3010.0,2850.0,2900.0,803027,0.0,0.0
2024-01-25 00:00:00+09:00,2890.0,3010.0,2795.0,2930.0,428979,0.0,0.0
2024-01-26 00:00:00+09:00,2905.0,2950.0,2820.0,2820.0,386802,0.0,0.0
2024-01-29 00:00:00+09:00,2750.0,2770.0,2515.0,2685.0,671304,0.0,0.0
2024-01-30 00:00:00+09:00,2680.0,2775.0,2500.0,2650.0,861556,0.0,0.0
2024-01-31 00:00:00+09:00,2650.0,2675.0,2530.0,2620.0,210934,0.0,0.0
2024-02-01 00:00:00+09:00,2675.0,2675.0,2460.0,2470.0,475456,0.0,0.0
2024-02-02 00:00:00+09:00,2450.0,2510.0,2285.0,2380.0,760423,0.0,0.0
2024-02-05 00:00:00+09:00,2370.0,2440.0,2250.0,2365.0,383567,0.0,0.0
2024-02-06 00:00:00+09:00,2400.0,2430.0,2215.0,2360.0,464643,0.0,0.0
2024-02-07 00:00:00+09:00,2390.0,2590.0,2305.0,2500.0,504145,0.0,0.0
2024-02-08 00:00:00+09:00,2500.0,2540.0,2375.0,2410.0,233338,0.0,0.0
2024-02-13 00:00:00+09:00,2370.0,2395.0,2330.0,2390.0,202182,0.0,0.0
2024-02-14 00:00:00+09:00,2360.0,2450.0,2240.0,2440.0,224842,0.0,0.0
2024-02-15 00:00:00+09:00,2440.0,2440.0,2330.0,2365.0,162513,0.0,0.0
2024-02-16 00:00:00+09:00,2375.0,2380.0,2230.0,2375.0,401239,0.0,0.0
2024-02-19 00:00:00+09:00,2370.0,2440.0,2300.0,2370.0,211282,0.0,0.0
2024-02-20 00:00:00+09:00,2360.0,2575.0,2345.0,2570.0,653774,0.0,0.0
2024-02-21 00:00:00+09:00,2565.0,2600.0,2465.0,2540.0,294628,0.0,0.0
2024-02-22 00:00:00+09:00,2515.0,2720.0,2500.0,2700.0,493542,0.0,0.0
2024-02-23 00:00:00+09:00,2705.0,2745.0,2385.0,2450.0,565915,0.0,0.0
2024-02-26 00:00:00+09:00,2380.0,2550.0,2320.0,2455.0,262356,0.0,0.0
2024-02-27 00:00:00+09:00,2455.0,2505.0,2330.0,2350.0,180352,0.0,0.0
2024-02-28 00:00:00+09:00,2355.0,2385.0,2250.0,2310.0,132375,0.0,0.0
2024-02-29 00:00:00+09:00,2315.0,2335.0,2225.0,2275.0,171020,0.0,0.0
2024-03-04 00:00:00+09:00,2330.0,2330.0,2130.0,2300.0,311755,0.0,0.0
2024-03-05 00:00:00+09:00,2280.0,2390.0,2230.0,2260.0,291022,0.0,0.0
2024-03-06 00:00:00+09:00,2215.0,2620.0,2150.0,2620.0,1005873,0.0,0.0
2024-03-07 00:00:00+09:00,2575.0,2610.0,2170.0,2170.0,785535,0.0,0.0
2024-03-08 00:00:00+09:00,2180.0,2460.0,2180.0,2305.0,685592,0.0,0.0
2024-03-11 00:00:00+09:00,2300.0,2380.0,2225.0,2305.0,144487,0.0,0.0
2024-03-12 00:00:00+09:00,2315.0,2375.0,2270.0,2285.0,111485,0.0,0.0
2024-03-13 00:00:00+09:00,2270.0,2590.0,2220.0,2450.0,591886,0.0,0.0
2024-03-14 00:00:00+09:00,2405.0,2545.0,2320.0,2455.0,330943,0.0,0.0
2024-03-15 00:00:00+09:00,2500.0,2600.0,2280.0,2330.0,624219,0.0,0.0
2024-03-18 00:00:00+09:00,2335.0,2520.0,2285.0,2430.0,335771,0.0,0.0
2024-03-19 00:00:00+09:00,2380.0,2485.0,2325.0,2380.0,421497,0.0,0.0
2024-03-20 00:00:00+09:00,2415.0,2480.0,2320.0,2400.0,299012,0.0,0.0
2024-03-21 00:00:00+09:00,2440.0,2615.0,2335.0,2510.0,657433,0.0,0.0
2024-03-22 00:00:00+09:00,2525.0,2850.0,2465.0,2700.0,1193108,0.0,0.0
2024-03-25 00:00:00+09:00,2680.0,2840.0,2670.0,2730.0,428702,0.0,0.0
2024-03-26 00:00:00+09:00,2730.0,2820.0,2600.0,2650.0,449990,0.0,0.0
2024-03-27 00:00:00+09:00,2650.0,2820.0,2570.0,2785.0,378751,0.0,0.0
2024-03-28 00:00:00+09:00,2800.0,2820.0,2630.0,2635.0,298843,0.0,0.0
2024-03-29 00:00:00+09:00,2700.0,3380.0,2645.0,2910.0,5765694,0.0,0.0
2024-04-01 00:00:00+09:00,2950.0,3025.0,2535.0,2535.0,1567745,0.0,0.0
2024-04-02 00:00:00+09:00,2435.0,2450.0,2195.0,2195.0,1553212,0.0,0.0
2024-04-03 00:00:00+09:00,2195.0,2380.0,2100.0,2330.0,659527,0.0,0.0
2024-04-04 00:00:00+09:00,2350.0,2350.0,2150.0,2255.0,386999,0.0,0.0
2024-04-05 00:00:00+09:00,2255.0,2315.0,2180.0,2245.0,373583,0.0,0.0
2024-04-08 00:00:00+09:00,2225.0,2395.0,2215.0,2255.0,227525,0.0,0.0
2024-04-09 00:00:00+09:00,2260.0,2310.0,2180.0,2210.0,197210,0.0,0.0
2024-04-11 00:00:00+09:00,2700.0,2755.0,2210.0,2210.0,1240837,0.0,0.0
2024-04-12 00:00:00+09:00,2200.0,2260.0,2135.0,2210.0,443841,0.0,0.0
2024-04-15 00:00:00+09:00,2190.0,2380.0,2035.0,2330.0,724201,0.0,0.0
2024-04-16 00:00:00+09:00,2230.0,2300.0,2115.0,2130.0,388735,0.0,0.0
2024-04-17 00:00:00+09:00,2185.0,2185.0,2060.0,2095.0,260538,0.0,0.0
2024-04-18 00:00:00+09:00,2075.0,2100.0,2010.0,2030.0,262609,0.0,0.0
2024-04-19 00:00:00+09:00,2005.0,2020.0,1920.0,1928.0,349431,0.0,0.0
2024-04-22 00:00:00+09:00,1928.0,1995.0,1857.0,1857.0,206475,0.0,0.0
2024-04-23 00:00:00+09:00,1861.0,1895.0,1807.0,1807.0,220976,0.0,0.0
2024-04-24 00:00:00+09:00,1835.0,1875.0,1804.0,1815.0,133301,0.0,0.0
2024-04-25 00:00:00+09:00,1860.0,1866.0,1788.0,1866.0,195734,0.0,0.0
2024-04-26 00:00:00+09:00,1866.0,1876.0,1809.0,1864.0,159879,0.0,0.0
2024-04-29 00:00:00+09:00,1845.0,1897.0,1845.0,1864.0,106107,0.0,0.0
2024-04-30 00:00:00+09:00,1853.0,1892.0,1800.0,1843.0,274913,0.0,0.0
2024-05-02 00:00:00+09:00,1841.0,1896.0,1797.0,1887.0,196414,0.0,0.0
2024-05-03 00:00:00+09:00,1882.0,2170.0,1865.0,1899.0,564841,0.0,0.0
2024-05-07 00:00:00+09:00,1899.0,1925.0,1860.0,1869.0,156986,0.0,0.0
2024-05-08 00:00:00+09:00,1848.0,1870.0,1808.0,1839.0,248998,0.0,0.0
2024-05-09 00:00:00+09:00,1850.0,1899.0,1800.0,1800.0,161168,0.0,0.0
2024-05-10 00:00:00+09:00,1830.0,1830.0,1780.0,1794.0,112999,0.0,0.0
2024-05-13 00:00:00+09:00,1785.0,1813.0,1751.0,1751.0,161580,0.0,0.0
2024-05-14 00:00:00+09:00,1797.0,1797.0,1750.0,1793.0,52367,0.0,0.0
2024-05-16 00:00:00+09:00,1793.0,1817.0,1760.0,1766.0,147238,0.0,0.0
2024-05-17 00:00:00+09:00,1759.0,1804.0,1720.0,1788.0,144701,0.0,0.0
2024-05-20 00:00:00+09:00,1759.0,1830.0,1734.0,1790.0,209834,0.0,0.0
2024-05-21 00:00:00+09:00,1784.0,1835.0,1739.0,1781.0,376718,0.0,0.0
2024-05-22 00:00:00+09:00,1764.0,1780.0,1753.0,1765.0,44133,0.0,0.0
2024-05-23 00:00:00+09:00,1765.0,1780.0,1702.0,1718.0,111542,0.0,0.0
2024-05-24 00:00:00+09:00,1719.0,1778.0,1690.0,1770.0,126895,0.0,0.0
2024-05-27 00:00:00+09:00,1780.0,1800.0,1720.0,1737.0,90010,0.0,0.0
2024-05-28 00:00:00+09:00,1735.0,1737.0,1666.0,1704.0,104870,0.0,0.0
2024-05-29 00:00:00+09:00,1704.0,1712.0,1613.0,1688.0,74408,0.0,0.0
2024-05-30 00:00:00+09:00,1726.0,1818.0,1674.0,1794.0,377798,0.0,0.0
2024-05-31 00:00:00+09:00,1794.0,2140.0,1782.0,1988.0,1748753,0.0,0.0
2024-06-03 00:00:00+09:00,1988.0,2070.0,1882.0,1945.0,488856,0.0,0.0
2024-06-04 00:00:00+09:00,1948.0,2100.0,1910.0,2000.0,426802,0.0,0.0
2024-06-05 00:00:00+09:00,1998.0,2075.0,1930.0,1987.0,142772,0.0,0.0
2024-06-07 00:00:00+09:00,1993.0,1996.0,1922.0,1944.0,92444,0.0,0.0
2024-06-10 00:00:00+09:00,1941.0,1941.0,1847.0,1907.0,56164,0.0,0.0
2024-06-11 00:00:00+09:00,1885.0,1918.0,1859.0,1917.0,62648,0.0,0.0
2024-06-12 00:00:00+09:00,1896.0,1964.0,1872.0,1952.0,66581,0.0,0.0
2024-06-13 00:00:00+09:00,1987.0,1989.0,1790.0,1925.0,117179,0.0,0.0
2024-06-14 00:00:00+09:00,1925.0,2075.0,1850.0,1946.0,250602,0.0,0.0
2024-06-17 00:00:00+09:00,1927.0,1957.0,1881.0,1927.0,67588,0.0,0.0
2024-06-18 00:00:00+09:00,1905.0,1930.0,1890.0,1904.0,42972,0.0,0.0
2024-06-19 00:00:00+09:00,1904.0,2060.0,1877.0,1904.0,251863,0.0,0.0
2024-06-20 00:00:00+09:00,1899.0,1937.0,1807.0,1824.0,177515,0.0,0.0
2024-06-21 00:00:00+09:00,1821.0,1867.0,1710.0,1819.0,136501,0.0,0.0
2024-06-24 00:00:00+09:00,1819.0,1869.0,1802.0,1857.0,101419,0.0,0.0
2024-06-25 00:00:00+09:00,1880.0,1880.0,1801.0,1845.0,62932,0.0,0.0
2024-06-26 00:00:00+09:00,1840.0,1840.0,1805.0,1811.0,38773,0.0,0.0
2024-06-27 00:00:00+09:00,1811.0,1841.0,1781.0,1804.0,40660,0.0,0.0
2024-06-28 00:00:00+09:00,1804.0,1819.0,1781.0,1796.0,68511,0.0,0.0
2024-07-01 00:00:00+09:00,1796.0,1796.0,1705.0,1732.0,69640,0.0,0.0
2024-07-02 00:00:00+09:00,1732.0,1770.0,1720.0,1739.0,40160,0.0,0.0
2024-07-03 00:00:00+09:00,1739.0,1777.0,1661.0,1775.0,180193,0.0,0.0
2024-07-04 00:00:00+09:00,1774.0,1929.0,1715.0,1925.0,276019,0.0,0.0
2024-07-05 00:00:00+09:00,1927.0,2020.0,1873.0,1890.0,338973,0.0,0.0
2024-07-08 00:00:00+09:00,1890.0,1920.0,1863.0,1917.0,81019,0.0,0.0
2024-07-09 00:00:00+09:00,1900.0,1995.0,1900.0,1973.0,134615,0.0,0.0
2024-07-10 00:00:00+09:00,1973.0,2080.0,1936.0,2015.0,407350,0.0,0.0
2024-07-11 00:00:00+09:00,2010.0,2040.0,1922.0,1923.0,90790,0.0,0.0
2024-07-12 00:00:00+09:00,1903.0,1934.0,1861.0,1917.0,104102,0.0,0.0
2024-07-15 00:00:00+09:00,1904.0,1928.0,1831.0,1898.0,105758,0.0,0.0
2024-07-16 00:00:00+09:00,1879.0,1900.0,1875.0,1877.0,49892,0.0,0.0
2024-07-17 00:00:00+09:00,1859.0,1902.0,1858.0,1885.0,100830,0.0,0.0
2024-07-18 00:00:00+09:00,1885.0,2000.0,1850.0,1971.0,265006,0.0,0.0
2024-07-19 00:00:00+09:00,2050.0,2060.0,1912.0,1924.0,189019,0.0,0.0
2024-07-22 00:00:00+09:00,1918.0,1958.0,1888.0,1958.0,102277,0.0,0.0
2024-07-23 00:00:00+09:00,2020.0,2020.0,1939.0,1982.0,146608,0.0,0.0
2024-07-24 00:00:00+09:00,1970.0,1993.0,1923.0,1971.0,110957,0.0,0.0
2024-07-25 00:00:00+09:00,1923.0,1987.0,1923.0,1987.0,53270,0.0,0.0
2024-07-26 00:00:00+09:00,1965.0,1999.0,1960.0,1984.0,82041,0.0,0.0
2024-07-29 00:00:00+09:00,1970.0,1990.0,1946.0,1988.0,38456,0.0,0.0
2024-07-30 00:00:00+09:00,1970.0,2030.0,1970.0,2010.0,108629,0.0,0.0
2024-07-31 00:00:00+09:00,2050.0,2050.0,1900.0,1991.0,70372,0.0,0.0
2024-08-01 00:00:00+09:00,1972.0,2025.0,1972.0,1997.0,52603,0.0,0.0
2024-08-02 00:00:00+09:00,1997.0,1997.0,1958.0,1982.0,75954,0.0,0.0
2024-08-05 00:00:00+09:00,1980.0,2000.0,1802.0,1983.0,197595,0.0,0.0
2024-08-06 00:00:00+09:00,2000.0,2020.0,1924.0,1990.0,189092,0.0,0.0
2024-08-07 00:00:00+09:00,2005.0,2005.0,1973.0,1994.0,81617,0.0,0.0
2024-08-08 00:00:00+09:00,1982.0,1992.0,1934.0,1979.0,77874,0.0,0.0
2024-08-09 00:00:00+09:00,1959.0,1998.0,1959.0,1975.0,68402,0.0,0.0
2024-08-12 00:00:00+09:00,1955.0,1979.0,1922.0,1964.0,53573,0.0,0.0
2024-08-13 00:00:00+09:00,1945.0,1964.0,1862.0,1871.0,75408,0.0,0.0
2024-08-14 00:00:00+09:00,1871.0,1929.0,1870.0,1891.0,24929,0.0,0.0
2024-08-16 00:00:00+09:00,1872.0,1893.0,1798.0,1826.0,94032,0.0,0.0
2024-08-19 00:00:00+09:00,1826.0,1849.0,1793.0,1827.0,55507,0.0,0.0
2024-08-20 00:00:00+09:00,1808.0,1837.0,1805.0,1836.0,106984,0.0,0.0
2024-08-21 00:00:00+09:00,1827.0,1878.0,1810.0,1878.0,59541,0.0,0.0
2024-08-22 00:00:00+09:00,1893.0,1893.0,1778.0,1820.0,102715,0.0,0.0
2024-08-23 00:00:00+09:00,1820.0,1820.0,1769.0,1769.0,36669,0.0,0.0
2024-08-26 00:00:00+09:00,1751.0,1752.0,1611.0,1659.0,171915,0.0,0.0
2024-08-27 00:00:00+09:00,1574.0,1674.0,1572.0,1621.0,153496,0.0,0.0
2024-08-28 00:00:00+09:00,1621.0,1629.0,1542.0,1576.0,76240,0.0,0.0
2024-08-29 00:00:00+09:00,1542.0,1650.0,1540.0,1597.0,130234,0.0,0.0
2024-08-30 00:00:00+09:00,1597.0,1703.0,1582.0,1690.0,119528,0.0,0.0
2024-09-02 00:00:00+09:00,1690.0,1708.0,1595.0,1633.0,58333,0.0,0.0
2024-09-03 00:00:00+09:00,1633.0,1633.0,1585.0,1596.0,38868,0.0,0.0
2024-09-04 00:00:00+09:00,1595.0,1649.0,1506.0,1553.0,39760,0.0,0.0
2024-09-05 00:00:00+09:00,1552.0,1722.0,1499.0,1703.0,402822,0.0,0.0
2024-09-06 00:00:00+09:00,1702.0,1702.0,1542.0,1548.0,147980,0.0,0.0
2024-09-09 00:00:00+09:00,1510.0,1570.0,1401.0,1570.0,170869,0.0,0.0
2024-09-10 00:00:00+09:00,1570.0,1600.0,1539.0,1585.0,39716,0.0,0.0
2024-09-11 00:00:00+09:00,1585.0,1695.0,1570.0,1692.0,67061,0.0,0.0
2024-09-12 00:00:00+09:00,1675.0,1686.0,1570.0,1651.0,68424,0.0,0.0
2024-09-13 00:00:00+09:00,1644.0,1680.0,1635.0,1653.0,38935,0.0,0.0
2024-09-19 00:00:00+09:00,1653.0,1710.0,1643.0,1710.0,105400,0.0,0.0
2024-09-20 00:00:00+09:00,1694.0,1723.0,1664.0,1679.0,83647,0.0,0.0
2024-09-23 00:00:00+09:00,1679.0,1680.0,1650.0,1653.0,61350,0.0,0.0
2024-09-24 00:00:00+09:00,1651.0,1664.0,1618.0,1652.0,79107,0.0,0.0
2024-09-25 00:00:00+09:00,1652.0,1817.0,1639.0,1671.0,299985,0.0,0.0
2024-09-26 00:00:00+09:00,1671.0,1698.0,1650.0,1686.0,124441,0.0,0.0
2024-09-27 00:00:00+09:00,1685.0,1720.0,1666.0,1691.0,54141,0.0,0.0
2024-09-30 00:00:00+09:00,1688.0,1699.0,1667.0,1690.0,39827,0.0,0.0
2024-10-02 00:00:00+09:00,1675.0,1699.0,1655.0,1658.0,125954,0.0,0.0
2024-10-04 00:00:00+09:00,1658.0,1695.0,1658.0,1668.0,58379,0.0,0.0
2024-10-07 00:00:00+09:00,1670.0,1670.0,1631.0,1660.0,64513,0.0,0.0
2024-10-08 00:00:00+09:00,1660.0,1705.0,1630.0,1665.0,79750,0.0,0.0
2024-10-10 00:00:00+09:00,1665.0,1693.0,1646.0,1646.0,33356,0.0,0.0
2024-10-11 00:00:00+09:00,1650.0,1664.0,1636.0,1637.0,20296,0.0,0.0
2024-10-14 00:00:00+09:00,1670.0,1670.0,1631.0,1633.0,10886,0.0,0.0
2024-10-15 00:00:00+09:00,1633.0,1654.0,1630.0,1640.0,26051,0.0,0.0
2024-10-16 00:00:00+09:00,1648.0,1648.0,1629.0,1647.0,27024,0.0,0.0
2024-10-17 00:00:00+09:00,1647.0,1654.0,1630.0,1640.0,12574,0.0,0.0
2024-10-18 00:00:00+09:00,1640.0,1640.0,1615.0,1617.0,33759,0.0,0.0
2024-10-21 00:00:00+09:00,1617.0,1630.0,1530.0,1590.0,44283,0.0,0.0
2024-10-22 00:00:00+09:00,1599.0,1599.0,1527.0,1534.0,53788,0.0,0.0
2024-10-23 00:00:00+09:00,1534.0,1560.0,1523.0,1524.0,14482,0.0,0.0
2024-10-24 00:00:00+09:00,1531.0,1531.0,1480.0,1498.0,15555,0.0,0.0
2024-10-25 00:00:00+09:00,1485.0,1524.0,1402.0,1480.0,73649,0.0,0.0
2024-10-28 00:00:00+09:00,1480.0,1493.0,1410.0,1470.0,29638,0.0,0.0
2024-10-29 00:00:00+09:00,1470.0,1470.0,1350.0,1397.0,64048,0.0,0.0
2024-10-30 00:00:00+09:00,1427.0,1445.0,1400.0,1419.0,21420,0.0,0.0
2024-10-31 00:00:00+09:00,1419.0,1437.0,1382.0,1410.0,12852,0.0,0.0
2024-11-01 00:00:00+09:00,1410.0,1410.0,1375.0,1375.0,30311,0.0,0.0
2024-11-04 00:00:00+09:00,1375.0,1439.0,1370.0,1398.0,27587,0.0,0.0
2024-11-05 00:00:00+09:00,1398.0,1405.0,1340.0,1355.0,110413,0.0,0.0
2024-11-06 00:00:00+09:00,1355.0,1370.0,1328.0,1343.0,35587,0.0,0.0
2024-11-07 00:00:00+09:00,1346.0,1351.0,1318.0,1343.0,65468,0.0,0.0
2024-11-08 00:00:00+09:00,1343.0,1351.0,1320.0,1325.0,27374,0.0,0.0
