Date,Open,High,Low,Close,Volume,Dividends,Stock Splits
2017-10-30 00:00:00+09:00,2360.0,2385.0,2300.0,2365.0,181084,0.0,0.0
2017-10-31 00:00:00+09:00,2360.0,2380.0,2280.0,2295.0,206569,0.0,0.0
2017-11-01 00:00:00+09:00,2315.0,2355.0,2290.0,2350.0,200463,0.0,0.0
2017-11-02 00:00:00+09:00,2330.0,2405.0,2330.0,2345.0,206673,0.0,0.0
2017-11-03 00:00:00+09:00,2345.0,2345.0,2260.0,2270.0,109253,0.0,0.0
2017-11-06 00:00:00+09:00,2270.0,2300.0,2200.0,2285.0,113097,0.0,0.0
2017-11-07 00:00:00+09:00,2315.0,2400.0,2275.0,2345.0,269217,0.0,0.0
2017-11-08 00:00:00+09:00,2345.0,2390.0,2270.0,2380.0,137521,0.0,0.0
2017-11-09 00:00:00+09:00,2465.0,2535.0,2325.0,2365.0,714420,0.0,0.0
2017-11-10 00:00:00+09:00,2365.0,2365.0,2295.0,2345.0,92861,0.0,0.0
2017-11-13 00:00:00+09:00,2320.0,2355.0,2305.0,2310.0,87497,0.0,0.0
2017-11-14 00:00:00+09:00,2325.0,2335.0,2275.0,2280.0,58085,0.0,0.0
2017-11-15 00:00:00+09:00,2300.0,2300.0,2210.0,2220.0,96021,0.0,0.0
2017-11-16 00:00:00+09:00,2220.0,2270.0,2200.0,2235.0,37126,0.0,0.0
2017-11-17 00:00:00+09:00,2255.0,2305.0,2220.0,2235.0,122735,0.0,0.0
2017-11-20 00:00:00+09:00,2235.0,2325.0,2235.0,2280.0,115493,0.0,0.0
2017-11-21 00:00:00+09:00,2285.0,2315.0,2280.0,2295.0,77614,0.0,0.0
2017-11-22 00:00:00+09:00,2310.0,2445.0,2270.0,2360.0,314214,0.0,0.0
2017-11-23 00:00:00+09:00,2360.0,2375.0,2340.0,2375.0,106997,0.0,0.0
2017-11-24 00:00:00+09:00,2475.0,2865.0,2425.0,2510.0,2466974,0.0,0.0
2017-11-27 00:00:00+09:00,2500.0,2500.0,2370.0,2385.0,350975,0.0,0.0
2017-11-28 00:00:00+09:00,2420.0,2480.0,2350.0,2365.0,274367,0.0,0.0
2017-11-29 00:00:00+09:00,2345.0,2410.0,2340.0,2365.0,85920,0.0,0.0
2017-11-30 00:00:00+09:00,2390.0,2790.0,2365.0,2500.0,1966180,0.0,0.0
2017-12-01 00:00:00+09:00,2510.0,2720.0,2445.0,2610.0,945219,0.0,0.0
2017-12-04 00:00:00+09:00,2655.0,2840.0,2590.0,2595.0,514936,0.0,0.0
2017-12-05 00:00:00+09:00,2585.0,2840.0,2545.0,2835.0,773273,0.0,0.0
2017-12-06 00:00:00+09:00,2835.0,2890.0,2650.0,2720.0,466427,0.0,0.0
2017-12-07 00:00:00+09:00,2705.0,2825.0,2645.0,2680.0,358698,0.0,0.0
2017-12-08 00:00:00+09:00,2665.0,2730.0,2515.0,2660.0,187399,0.0,0.0
2017-12-11 00:00:00+09:00,2630.0,2820.0,2595.0,2690.0,413738,0.0,0.0
2017-12-12 00:00:00+09:00,2660.0,2750.0,2640.0,2655.0,115925,0.0,0.0
2017-12-13 00:00:00+09:00,2640.0,2710.0,2625.0,2650.0,127383,0.0,0.0
2017-12-14 00:00:00+09:00,2675.0,2715.0,2625.0,2670.0,123593,0.0,0.0
2017-12-15 00:00:00+09:00,2670.0,2685.0,2585.0,2650.0,125695,0.0,0.0
2017-12-18 00:00:00+09:00,2625.0,2720.0,2610.0,2680.0,117191,0.0,0.0
2017-12-19 00:00:00+09:00,2595.0,2685.0,2430.0,2485.0,318207,0.0,0.0
2017-12-21 00:00:00+09:00,2200.0,2255.0,2090.0,2115.0,343961,0.0,0.0
2017-12-22 00:00:00+09:00,2160.0,2160.0,2025.0,2135.0,331349,0.0,0.0
2017-12-26 00:00:00+09:00,2110.0,2775.0,2110.0,2775.0,5283723,0.0,0.0
2017-12-27 00:00:00+09:00,3035.0,3595.0,2760.0,2780.0,8604650,0.0,0.0
2017-12-28 00:00:00+09:00,2810.0,3560.0,2805.0,3100.0,15110720,0.0,0.0
2018-01-02 00:00:00+09:00,3160.0,3305.0,3035.0,3205.0,2816772,0.0,0.0
2018-01-03 00:00:00+09:00,3145.0,3745.0,3105.0,3230.0,7823631,0.0,0.0
2018-01-04 00:00:00+09:00,3155.0,3340.0,3050.0,3320.0,1810300,0.0,0.0
2018-01-05 00:00:00+09:00,3320.0,3365.0,3225.0,3265.0,738278,0.0,0.0
2018-01-08 00:00:00+09:00,3325.0,3550.0,3160.0,3390.0,1367494,0.0,0.0
2018-01-09 00:00:00+09:00,3390.0,3390.0,3275.0,3300.0,364965,0.0,0.0
2018-01-10 00:00:00+09:00,3295.0,3340.0,3170.0,3180.0,279000,0.0,0.0
2018-01-11 00:00:00+09:00,3160.0,3255.0,3140.0,3205.0,253604,0.0,0.0
2018-01-12 00:00:00+09:00,3205.0,3485.0,3145.0,3410.0,1687245,0.0,0.0
2018-01-15 00:00:00+09:00,3350.0,3490.0,3285.0,3435.0,624477,0.0,0.0
2018-01-16 00:00:00+09:00,3435.0,4065.0,3350.0,3800.0,3522131,0.0,0.0
2018-01-17 00:00:00+09:00,3790.0,3955.0,3700.0,3900.0,990392,0.0,0.0
2018-01-18 00:00:00+09:00,3910.0,3970.0,3735.0,3775.0,572450,0.0,0.0
2018-01-19 00:00:00+09:00,3770.0,3775.0,3580.0,3630.0,462772,0.0,0.0
2018-01-22 00:00:00+09:00,3650.0,3840.0,3600.0,3805.0,522530,0.0,0.0
2018-01-23 00:00:00+09:00,3810.0,4000.0,3730.0,3750.0,667800,0.0,0.0
2018-01-24 00:00:00+09:00,3750.0,3825.0,3700.0,3735.0,252824,0.0,0.0
2018-01-25 00:00:00+09:00,3720.0,3750.0,3650.0,3670.0,246491,0.0,0.0
2018-01-26 00:00:00+09:00,3670.0,3750.0,3630.0,3640.0,246468,0.0,0.0
2018-01-29 00:00:00+09:00,3700.0,3715.0,3620.0,3620.0,212617,0.0,0.0
2018-01-30 00:00:00+09:00,3655.0,3880.0,3580.0,3805.0,780853,0.0,0.0
2018-01-31 00:00:00+09:00,3675.0,3690.0,3560.0,3605.0,386632,0.0,0.0
2018-02-01 00:00:00+09:00,3650.0,3685.0,3555.0,3655.0,299464,0.0,0.0
2018-02-02 00:00:00+09:00,3680.0,3680.0,3425.0,3530.0,357165,0.0,0.0
2018-02-05 00:00:00+09:00,3310.0,3480.0,3300.0,3335.0,246764,0.0,0.0
2018-02-07 00:00:00+09:00,3470.0,3470.0,3210.0,3250.0,243951,0.0,0.0
2018-02-08 00:00:00+09:00,3210.0,3380.0,3210.0,3305.0,89694,0.0,0.0
2018-02-09 00:00:00+09:00,3140.0,3450.0,3055.0,3450.0,262341,0.0,0.0
2018-02-12 00:00:00+09:00,3440.0,3570.0,3400.0,3435.0,293554,0.0,0.0
2018-02-13 00:00:00+09:00,3445.0,3530.0,3400.0,3475.0,118566,0.0,0.0
2018-02-14 00:00:00+09:00,3505.0,3530.0,3410.0,3460.0,59508,0.0,0.0
2018-02-19 00:00:00+09:00,3535.0,3665.0,3460.0,3660.0,377393,0.0,0.0
2018-02-20 00:00:00+09:00,3665.0,4755.0,3615.0,4060.0,10380470,0.0,0.0
2018-02-21 00:00:00+09:00,4100.0,4240.0,4015.0,4195.0,1635519,0.0,0.0
2018-02-22 00:00:00+09:00,4150.0,4175.0,3930.0,4020.0,959947,0.0,0.0
2018-02-23 00:00:00+09:00,3950.0,3985.0,3880.0,3975.0,476634,0.0,0.0
2018-02-26 00:00:00+09:00,4045.0,4335.0,3950.0,3960.0,2003842,0.0,0.0
2018-02-27 00:00:00+09:00,3965.0,4025.0,3830.0,3850.0,369524,0.0,0.0
2018-02-28 00:00:00+09:00,3850.0,3850.0,3675.0,3675.0,287472,0.0,0.0
2018-03-07 00:00:00+09:00,4105.0,4110.0,3835.0,3835.0,1178376,0.0,0.0
2018-03-08 00:00:00+09:00,3860.0,4240.0,3730.0,4015.0,2781937,0.0,0.0
2018-03-09 00:00:00+09:00,4000.0,4090.0,3905.0,3905.0,539664,0.0,0.0
2018-03-12 00:00:00+09:00,3935.0,4020.0,3890.0,3915.0,368872,0.0,0.0
2018-03-13 00:00:00+09:00,3925.0,4225.0,3910.0,4040.0,1775448,0.0,0.0
2018-03-14 00:00:00+09:00,4090.0,4350.0,3990.0,4295.0,1751638,0.0,0.0
2018-03-15 00:00:00+09:00,4250.0,4270.0,4110.0,4210.0,715420,0.0,0.0
2018-03-16 00:00:00+09:00,4235.0,4630.0,4230.0,4300.0,2842323,0.0,0.0
2018-03-19 00:00:00+09:00,4260.0,4270.0,4080.0,4235.0,429981,0.0,0.0
2018-03-20 00:00:00+09:00,4235.0,4410.0,4165.0,4405.0,690521,0.0,0.0
2018-03-21 00:00:00+09:00,4415.0,4500.0,4275.0,4280.0,601115,0.0,0.0
2018-03-22 00:00:00+09:00,4235.0,4355.0,4140.0,4155.0,349566,0.0,0.0
2018-03-23 00:00:00+09:00,4000.0,4095.0,3720.0,3895.0,441095,0.0,0.0
2018-03-26 00:00:00+09:00,3800.0,3945.0,3705.0,3880.0,187129,0.0,0.0
2018-03-27 00:00:00+09:00,3985.0,4175.0,3920.0,4115.0,404305,0.0,0.0
2018-03-28 00:00:00+09:00,4065.0,4185.0,3980.0,4015.0,188489,0.0,0.0
2018-03-29 00:00:00+09:00,4010.0,4150.0,3980.0,4020.0,180544,0.0,0.0
2018-03-30 00:00:00+09:00,4040.0,4170.0,4030.0,4105.0,214609,0.0,0.0
2018-04-02 00:00:00+09:00,4100.0,4280.0,4085.0,4215.0,356697,0.0,0.0
2018-04-03 00:00:00+09:00,4185.0,4230.0,4035.0,4035.0,223411,0.0,0.0
2018-04-04 00:00:00+09:00,4110.0,4110.0,3900.0,4010.0,201157,0.0,0.0
2018-04-05 00:00:00+09:00,4040.0,4095.0,3930.0,3995.0,159734,0.0,0.0
2018-04-06 00:00:00+09:00,3990.0,4040.0,3805.0,3945.0,167224,0.0,0.0
2018-04-09 00:00:00+09:00,3860.0,3970.0,3860.0,3880.0,106818,0.0,0.0
2018-04-10 00:00:00+09:00,3880.0,3980.0,3630.0,3635.0,276030,0.0,0.0
2018-04-11 00:00:00+09:00,3720.0,3750.0,3640.0,3700.0,138905,0.0,0.0
2018-04-12 00:00:00+09:00,3750.0,3760.0,3630.0,3710.0,162012,0.0,0.0
2018-04-13 00:00:00+09:00,3800.0,3800.0,3630.0,3685.0,143070,0.0,0.0
2018-04-16 00:00:00+09:00,3685.0,3760.0,3680.0,3730.0,80728,0.0,0.0
2018-04-17 00:00:00+09:00,3735.0,3795.0,3690.0,3790.0,217098,0.0,0.0
2018-04-18 00:00:00+09:00,3865.0,3895.0,3600.0,3735.0,179877,0.0,0.0
2018-04-19 00:00:00+09:00,3770.0,3770.0,3560.0,3615.0,234367,0.0,0.0
2018-04-20 00:00:00+09:00,3615.0,3685.0,3395.0,3405.0,346822,0.0,0.0
2018-04-23 00:00:00+09:00,3405.0,3405.0,3180.0,3200.0,333195,0.0,0.0
2018-04-24 00:00:00+09:00,3210.0,3325.0,3180.0,3195.0,206693,0.0,0.0
2018-04-25 00:00:00+09:00,3195.0,3295.0,3105.0,3230.0,138012,0.0,0.0
2018-04-26 00:00:00+09:00,3380.0,3380.0,3280.0,3280.0,143701,0.0,0.0
2018-04-27 00:00:00+09:00,3330.0,3330.0,3170.0,3200.0,107410,0.0,0.0
2018-04-30 00:00:00+09:00,3230.0,3230.0,2995.0,3035.0,216321,0.0,0.0
2018-05-02 00:00:00+09:00,3000.0,3160.0,2900.0,3045.0,194810,0.0,0.0
2018-05-03 00:00:00+09:00,3045.0,3100.0,3045.0,3075.0,59374,0.0,0.0
2018-05-04 00:00:00+09:00,3130.0,3135.0,3015.0,3030.0,87192,0.0,0.0
2018-05-08 00:00:00+09:00,3030.0,3030.0,2775.0,2800.0,229142,0.0,0.0
2018-05-09 00:00:00+09:00,2790.0,2925.0,2770.0,2925.0,104143,0.0,0.0
2018-05-10 00:00:00+09:00,2925.0,2995.0,2850.0,2980.0,82123,0.0,0.0
2018-05-11 00:00:00+09:00,2935.0,3025.0,2935.0,2985.0,58978,0.0,0.0
2018-05-14 00:00:00+09:00,2985.0,3025.0,2885.0,2895.0,90594,0.0,0.0
2018-05-15 00:00:00+09:00,2895.0,2910.0,2820.0,2820.0,55657,0.0,0.0
2018-05-16 00:00:00+09:00,2820.0,2820.0,2705.0,2735.0,76360,0.0,0.0
2018-05-17 00:00:00+09:00,2715.0,2780.0,2705.0,2710.0,94932,0.0,0.0
2018-05-18 00:00:00+09:00,2680.0,3170.0,2680.0,2960.0,548473,0.0,0.0
2018-05-21 00:00:00+09:00,2960.0,2960.0,2865.0,2885.0,86506,0.0,0.0
2018-05-23 00:00:00+09:00,2865.0,2935.0,2825.0,2930.0,90454,0.0,0.0
2018-05-24 00:00:00+09:00,2960.0,2980.0,2880.0,2960.0,76036,0.0,0.0
2018-05-25 00:00:00+09:00,2920.0,2950.0,2795.0,2860.0,181151,0.0,0.0
2018-05-28 00:00:00+09:00,2860.0,2960.0,2790.0,2800.0,115351,0.0,0.0
2018-05-29 00:00:00+09:00,2800.0,2850.0,2720.0,2720.0,115230,0.0,0.0
2018-05-30 00:00:00+09:00,2720.0,2770.0,2650.0,2700.0,112691,0.0,0.0
2018-05-31 00:00:00+09:00,2760.0,2760.0,2605.0,2630.0,122994,0.0,0.0
2018-06-01 00:00:00+09:00,2590.0,2675.0,2590.0,2650.0,88033,0.0,0.0
2018-06-04 00:00:00+09:00,2650.0,2775.0,2630.0,2730.0,115327,0.0,0.0
2018-06-05 00:00:00+09:00,2705.0,2770.0,2685.0,2765.0,52124,0.0,0.0
2018-06-07 00:00:00+09:00,2700.0,2805.0,2700.0,2775.0,36697,0.0,0.0
2018-06-08 00:00:00+09:00,2750.0,3160.0,2725.0,2905.0,672610,0.0,0.0
2018-06-11 00:00:00+09:00,2895.0,2970.0,2840.0,2915.0,108508,0.0,0.0
2018-06-12 00:00:00+09:00,2920.0,3780.0,2875.0,3305.0,8368248,0.0,0.0
2018-06-14 00:00:00+09:00,3165.0,3175.0,3070.0,3110.0,1155412,0.0,0.0
2018-06-15 00:00:00+09:00,3110.0,3950.0,3110.0,3590.0,8463349,0.0,0.0
2018-06-18 00:00:00+09:00,3570.0,3825.0,3460.0,3660.0,1604118,0.0,0.0
2018-06-19 00:00:00+09:00,3615.0,3750.0,3400.0,3495.0,734200,0.0,0.0
2018-06-20 00:00:00+09:00,3385.0,3480.0,3320.0,3385.0,487741,0.0,0.0
2018-06-21 00:00:00+09:00,3365.0,3425.0,3135.0,3235.0,831911,0.0,0.0
2018-06-22 00:00:00+09:00,3230.0,3300.0,3160.0,3200.0,388367,0.0,0.0
2018-06-25 00:00:00+09:00,3235.0,3380.0,3195.0,3315.0,383769,0.0,0.0
2018-06-26 00:00:00+09:00,3270.0,3475.0,3240.0,3405.0,996441,0.0,0.0
2018-06-27 00:00:00+09:00,3405.0,3455.0,3155.0,3160.0,587298,0.0,0.0
2018-06-28 00:00:00+09:00,3160.0,3195.0,2860.0,2905.0,483098,0.0,0.0
2018-06-29 00:00:00+09:00,2910.0,2995.0,2810.0,2970.0,139766,0.0,0.0
2018-07-02 00:00:00+09:00,2970.0,3110.0,2795.0,2795.0,124125,0.0,0.0
2018-07-03 00:00:00+09:00,2800.0,2905.0,2795.0,2835.0,113812,0.0,0.0
2018-07-04 00:00:00+09:00,2850.0,3100.0,2850.0,2940.0,236628,0.0,0.0
2018-07-05 00:00:00+09:00,2930.0,2985.0,2805.0,2820.0,100990,0.0,0.0
2018-07-06 00:00:00+09:00,2820.0,3000.0,2550.0,2840.0,1062166,0.0,0.0
2018-07-09 00:00:00+09:00,2860.0,2890.0,2760.0,2810.0,101499,0.0,0.0
2018-07-10 00:00:00+09:00,2855.0,2945.0,2820.0,2895.0,163398,0.0,0.0
2018-07-11 00:00:00+09:00,2850.0,2945.0,2825.0,2835.0,117654,0.0,0.0
2018-07-12 00:00:00+09:00,2835.0,2895.0,2790.0,2865.0,72164,0.0,0.0
2018-07-13 00:00:00+09:00,2935.0,2935.0,2865.0,2870.0,65895,0.0,0.0
2018-07-16 00:00:00+09:00,2920.0,2970.0,2865.0,2920.0,335741,0.0,0.0
2018-07-17 00:00:00+09:00,2980.0,2980.0,2875.0,2890.0,100111,0.0,0.0
2018-07-18 00:00:00+09:00,2890.0,2930.0,2750.0,2790.0,153169,0.0,0.0
2018-07-19 00:00:00+09:00,2750.0,2840.0,2650.0,2790.0,182612,0.0,0.0
2018-07-20 00:00:00+09:00,2760.0,2810.0,2715.0,2800.0,92216,0.0,0.0
2018-07-23 00:00:00+09:00,2805.0,2805.0,2610.0,2610.0,149972,0.0,0.0
2018-07-24 00:00:00+09:00,2595.0,2690.0,2595.0,2640.0,61281,0.0,0.0
2018-07-25 00:00:00+09:00,2605.0,2690.0,2605.0,2645.0,67213,0.0,0.0
2018-07-26 00:00:00+09:00,2615.0,2770.0,2615.0,2730.0,141705,0.0,0.0
2018-07-27 00:00:00+09:00,2740.0,2880.0,2735.0,2780.0,81666,0.0,0.0
2018-07-30 00:00:00+09:00,2755.0,2760.0,2695.0,2705.0,40040,0.0,0.0
2018-07-31 00:00:00+09:00,2690.0,2750.0,2690.0,2730.0,35802,0.0,0.0
2018-08-01 00:00:00+09:00,2885.0,2885.0,2720.0,2740.0,94078,0.0,0.0
2018-08-02 00:00:00+09:00,2770.0,2770.0,2685.0,2745.0,48479,0.0,0.0
2018-08-03 00:00:00+09:00,2750.0,2775.0,2740.0,2760.0,24952,0.0,0.0
2018-08-06 00:00:00+09:00,2700.0,2770.0,2700.0,2710.0,30332,0.0,0.0
2018-08-07 00:00:00+09:00,2760.0,2880.0,2690.0,2835.0,155966,0.0,0.0
2018-08-08 00:00:00+09:00,2855.0,2950.0,2810.0,2860.0,209802,0.0,0.0
2018-08-09 00:00:00+09:00,2870.0,2910.0,2830.0,2865.0,63810,0.0,0.0
2018-08-10 00:00:00+09:00,2885.0,2885.0,2785.0,2810.0,59088,0.0,0.0
2018-08-13 00:00:00+09:00,2835.0,2900.0,2720.0,2770.0,86341,0.0,0.0
2018-08-14 00:00:00+09:00,2750.0,2805.0,2645.0,2660.0,140949,0.0,0.0
2018-08-16 00:00:00+09:00,2615.0,2650.0,2525.0,2625.0,90144,0.0,0.0
2018-08-17 00:00:00+09:00,2620.0,2680.0,2500.0,2635.0,88339,0.0,0.0
2018-08-20 00:00:00+09:00,2635.0,2645.0,2580.0,2605.0,80000,0.0,0.0
2018-08-21 00:00:00+09:00,2620.0,2680.0,2590.0,2670.0,77039,0.0,0.0
2018-08-22 00:00:00+09:00,2645.0,2695.0,2640.0,2685.0,41311,0.0,0.0
2018-08-23 00:00:00+09:00,2685.0,2725.0,2650.0,2700.0,34372,0.0,0.0
2018-08-24 00:00:00+09:00,2700.0,2710.0,2635.0,2690.0,29541,0.0,0.0
2018-08-27 00:00:00+09:00,2690.0,2720.0,2620.0,2640.0,52061,0.0,0.0
2018-08-28 00:00:00+09:00,2655.0,3105.0,2630.0,2785.0,3947433,0.0,0.0
2018-08-29 00:00:00+09:00,2790.0,2915.0,2755.0,2915.0,912089,0.0,0.0
2018-08-30 00:00:00+09:00,2915.0,2950.0,2835.0,2910.0,434641,0.0,0.0
2018-08-31 00:00:00+09:00,2885.0,2965.0,2875.0,2910.0,348231,0.0,0.0
2018-09-03 00:00:00+09:00,2910.0,2925.0,2800.0,2820.0,193352,0.0,0.0
2018-09-04 00:00:00+09:00,2845.0,2845.0,2800.0,2835.0,129800,0.0,0.0
2018-09-05 00:00:00+09:00,2845.0,2845.0,2745.0,2795.0,250434,0.0,0.0
2018-09-06 00:00:00+09:00,2790.0,2840.0,2745.0,2755.0,160910,0.0,0.0
2018-09-07 00:00:00+09:00,2755.0,2820.0,2695.0,2770.0,114743,0.0,0.0
2018-09-10 00:00:00+09:00,2780.0,2840.0,2755.0,2835.0,150026,0.0,0.0
2018-09-11 00:00:00+09:00,2845.0,2960.0,2840.0,2880.0,588679,0.0,0.0
2018-09-12 00:00:00+09:00,2900.0,2915.0,2830.0,2880.0,171002,0.0,0.0
2018-09-13 00:00:00+09:00,3185.0,3465.0,2980.0,2980.0,8735976,0.0,0.0
2018-09-14 00:00:00+09:00,2970.0,3060.0,2910.0,3035.0,799788,0.0,0.0
2018-09-17 00:00:00+09:00,3035.0,3035.0,2880.0,2900.0,489721,0.0,0.0
2018-09-18 00:00:00+09:00,2895.0,2920.0,2850.0,2900.0,284671,0.0,0.0
2018-09-19 00:00:00+09:00,2900.0,2925.0,2845.0,2845.0,213909,0.0,0.0
2018-09-20 00:00:00+09:00,2845.0,2885.0,2770.0,2795.0,219329,0.0,0.0
2018-09-21 00:00:00+09:00,2755.0,2855.0,2755.0,2840.0,105571,0.0,0.0
2018-09-27 00:00:00+09:00,2820.0,2880.0,2815.0,2815.0,83322,0.0,0.0
2018-09-28 00:00:00+09:00,2865.0,2865.0,2770.0,2795.0,120049,0.0,0.0
2018-10-01 00:00:00+09:00,2805.0,2875.0,2785.0,2860.0,158781,0.0,0.0
2018-10-02 00:00:00+09:00,2860.0,2875.0,2755.0,2770.0,124899,0.0,0.0
2018-10-04 00:00:00+09:00,2765.0,2795.0,2685.0,2705.0,187895,0.0,0.0
2018-10-05 00:00:00+09:00,2660.0,2760.0,2590.0,2625.0,206957,0.0,0.0
2018-10-08 00:00:00+09:00,2610.0,2670.0,2590.0,2625.0,71975,0.0,0.0
2018-10-10 00:00:00+09:00,2665.0,2665.0,2530.0,2590.0,138188,0.0,0.0
2018-10-11 00:00:00+09:00,2460.0,2575.0,2350.0,2350.0,261230,0.0,0.0
2018-10-12 00:00:00+09:00,2240.0,2435.0,2240.0,2435.0,175509,0.0,0.0
2018-10-15 00:00:00+09:00,2415.0,2470.0,2375.0,2465.0,95626,0.0,0.0
2018-10-16 00:00:00+09:00,2430.0,2950.0,2430.0,2720.0,4457981,0.0,0.0
2018-10-17 00:00:00+09:00,2745.0,2775.0,2570.0,2715.0,930841,0.0,0.0
2018-10-18 00:00:00+09:00,2700.0,2940.0,2675.0,2675.0,1014981,0.0,0.0
2018-10-19 00:00:00+09:00,2660.0,2945.0,2625.0,2800.0,1254271,0.0,0.0
2018-10-22 00:00:00+09:00,2785.0,2845.0,2735.0,2805.0,306485,0.0,0.0
2018-10-23 00:00:00+09:00,2805.0,2820.0,2680.0,2725.0,246779,0.0,0.0
2018-10-24 00:00:00+09:00,2715.0,2835.0,2630.0,2670.0,326393,0.0,0.0
2018-10-25 00:00:00+09:00,2600.0,2640.0,2505.0,2590.0,158709,0.0,0.0
2018-10-26 00:00:00+09:00,2650.0,2740.0,2270.0,2305.0,552136,0.0,0.0
2018-10-29 00:00:00+09:00,2255.0,2340.0,1980.0,2080.0,345031,0.0,0.0
2018-10-30 00:00:00+09:00,1930.0,2125.0,1930.0,2125.0,271226,0.0,0.0
2018-10-31 00:00:00+09:00,2105.0,2225.0,2075.0,2225.0,176339,0.0,0.0
2018-11-01 00:00:00+09:00,2225.0,2330.0,2210.0,2215.0,140887,0.0,0.0
2018-11-02 00:00:00+09:00,2340.0,2340.0,2235.0,2325.0,136352,0.0,0.0
2018-11-05 00:00:00+09:00,2325.0,2380.0,2270.0,2350.0,46371,0.0,0.0
2018-11-06 00:00:00+09:00,2390.0,2460.0,2325.0,2360.0,119104,0.0,0.0
2018-11-07 00:00:00+09:00,2365.0,2425.0,2275.0,2315.0,100373,0.0,0.0
2018-11-08 00:00:00+09:00,2430.0,2430.0,2315.0,2315.0,75906,0.0,0.0
2018-11-09 00:00:00+09:00,2325.0,2370.0,2235.0,2285.0,69875,0.0,0.0
2018-11-12 00:00:00+09:00,2285.0,2285.0,2110.0,2270.0,78975,0.0,0.0
2018-11-13 00:00:00+09:00,2185.0,2250.0,2135.0,2250.0,81831,0.0,0.0
2018-11-14 00:00:00+09:00,2250.0,2350.0,2200.0,2270.0,63956,0.0,0.0
2018-11-15 00:00:00+09:00,2305.0,2335.0,2250.0,2285.0,44381,0.0,0.0
2018-11-16 00:00:00+09:00,2240.0,2355.0,2240.0,2320.0,39079,0.0,0.0
2018-11-19 00:00:00+09:00,2355.0,2355.0,2275.0,2285.0,56590,0.0,0.0
2018-11-20 00:00:00+09:00,2280.0,2280.0,2200.0,2225.0,49602,0.0,0.0
2018-11-21 00:00:00+09:00,2200.0,2300.0,2170.0,2230.0,91082,0.0,0.0
2018-11-22 00:00:00+09:00,2235.0,2285.0,2200.0,2230.0,38354,0.0,0.0
2018-11-23 00:00:00+09:00,2235.0,2300.0,2165.0,2185.0,46320,0.0,0.0
2018-11-26 00:00:00+09:00,2185.0,2245.0,2185.0,2205.0,54649,0.0,0.0
2018-11-27 00:00:00+09:00,2260.0,2275.0,2185.0,2250.0,83175,0.0,0.0
2018-11-28 00:00:00+09:00,2260.0,2280.0,2220.0,2230.0,27183,0.0,0.0
2018-11-29 00:00:00+09:00,2270.0,2275.0,2220.0,2225.0,60515,0.0,0.0
2018-11-30 00:00:00+09:00,2225.0,2265.0,2200.0,2205.0,33353,0.0,0.0
2018-12-03 00:00:00+09:00,2200.0,2255.0,2200.0,2250.0,99401,0.0,0.0
2018-12-04 00:00:00+09:00,2255.0,2255.0,2205.0,2220.0,62914,0.0,0.0
2018-12-05 00:00:00+09:00,2160.0,2190.0,2030.0,2130.0,160151,0.0,0.0
2018-12-06 00:00:00+09:00,2150.0,2170.0,2075.0,2075.0,69913,0.0,0.0
2018-12-07 00:00:00+09:00,2075.0,2125.0,2075.0,2125.0,54997,0.0,0.0
2018-12-10 00:00:00+09:00,2140.0,2140.0,1950.0,2000.0,93288,0.0,0.0
2018-12-11 00:00:00+09:00,2000.0,2030.0,1935.0,1955.0,102434,0.0,0.0
2018-12-12 00:00:00+09:00,1955.0,2035.0,1950.0,2020.0,64800,0.0,0.0
2018-12-13 00:00:00+09:00,2010.0,2030.0,1920.0,2000.0,376860,0.0,0.0
2018-12-14 00:00:00+09:00,2000.0,2000.0,1930.0,1965.0,137621,0.0,0.0
2018-12-17 00:00:00+09:00,1975.0,1980.0,1935.0,1960.0,116897,0.0,0.0
2018-12-18 00:00:00+09:00,1935.0,2080.0,1920.0,2050.0,430951,0.0,0.0
2018-12-19 00:00:00+09:00,2050.0,2080.0,2020.0,2060.0,49740,0.0,0.0
2018-12-20 00:00:00+09:00,2045.0,2080.0,2015.0,2060.0,52573,0.0,0.0
2018-12-21 00:00:00+09:00,2035.0,2105.0,2025.0,2045.0,88330,0.0,0.0
2018-12-24 00:00:00+09:00,2045.0,2045.0,1985.0,2030.0,59843,0.0,0.0
2018-12-26 00:00:00+09:00,1920.0,1980.0,1825.0,1840.0,527094,0.0,0.0
2018-12-27 00:00:00+09:00,1865.0,1890.0,1845.0,1855.0,108649,0.0,0.0
2018-12-28 00:00:00+09:00,1870.0,1980.0,1860.0,1920.0,359079,0.0,0.0
2019-01-02 00:00:00+09:00,1980.0,2000.0,1875.0,1930.0,291156,0.0,0.0
2019-01-03 00:00:00+09:00,1930.0,1930.0,1850.0,1875.0,118440,0.0,0.0
2019-01-04 00:00:00+09:00,1875.0,1930.0,1865.0,1900.0,193921,0.0,0.0
2019-01-07 00:00:00+09:00,1925.0,1980.0,1895.0,1955.0,191486,0.0,0.0
2019-01-08 00:00:00+09:00,1960.0,1985.0,1930.0,1965.0,94504,0.0,0.0
2019-01-09 00:00:00+09:00,1965.0,2215.0,1965.0,2070.0,2090971,0.0,0.0
2019-01-10 00:00:00+09:00,2095.0,2095.0,2040.0,2040.0,235345,0.0,0.0
2019-01-11 00:00:00+09:00,2035.0,2105.0,2010.0,2030.0,221212,0.0,0.0
2019-01-14 00:00:00+09:00,2050.0,2110.0,2035.0,2070.0,195555,0.0,0.0
2019-01-15 00:00:00+09:00,2070.0,2155.0,2055.0,2110.0,343760,0.0,0.0
2019-01-16 00:00:00+09:00,2145.0,2150.0,2075.0,2090.0,254715,0.0,0.0
2019-01-17 00:00:00+09:00,2115.0,2115.0,2040.0,2055.0,140130,0.0,0.0
2019-01-18 00:00:00+09:00,2075.0,2105.0,2070.0,2095.0,90959,0.0,0.0
2019-01-21 00:00:00+09:00,2105.0,2220.0,2090.0,2150.0,495540,0.0,0.0
2019-01-22 00:00:00+09:00,2140.0,2180.0,2125.0,2145.0,220479,0.0,0.0
2019-01-23 00:00:00+09:00,2165.0,2165.0,2125.0,2140.0,126872,0.0,0.0
2019-01-24 00:00:00+09:00,2150.0,2190.0,2110.0,2160.0,180602,0.0,0.0
2019-01-25 00:00:00+09:00,2170.0,2215.0,2170.0,2195.0,234587,0.0,0.0
2019-01-28 00:00:00+09:00,2200.0,2225.0,2145.0,2165.0,133401,0.0,0.0
2019-01-29 00:00:00+09:00,2165.0,2245.0,2130.0,2245.0,375769,0.0,0.0
2019-01-30 00:00:00+09:00,2300.0,2300.0,2210.0,2245.0,240957,0.0,0.0
2019-01-31 00:00:00+09:00,2245.0,2250.0,2180.0,2210.0,196159,0.0,0.0
2019-02-01 00:00:00+09:00,2225.0,2240.0,2145.0,2160.0,284722,0.0,0.0
2019-02-07 00:00:00+09:00,2165.0,2230.0,2165.0,2210.0,152830,0.0,0.0
2019-02-08 00:00:00+09:00,2230.0,2230.0,2160.0,2190.0,85073,0.0,0.0
2019-02-11 00:00:00+09:00,2225.0,2255.0,2160.0,2255.0,138082,0.0,0.0
2019-02-12 00:00:00+09:00,2275.0,2320.0,2235.0,2250.0,402688,0.0,0.0
2019-02-13 00:00:00+09:00,2270.0,2300.0,2235.0,2290.0,345317,0.0,0.0
2019-02-14 00:00:00+09:00,2300.0,2320.0,2255.0,2305.0,114214,0.0,0.0
2019-02-15 00:00:00+09:00,2305.0,2305.0,2245.0,2275.0,127151,0.0,0.0
2019-02-18 00:00:00+09:00,2310.0,2310.0,2250.0,2275.0,150600,0.0,0.0
2019-02-19 00:00:00+09:00,2275.0,2285.0,2230.0,2240.0,173543,0.0,0.0
2019-02-20 00:00:00+09:00,2240.0,2295.0,2220.0,2280.0,178995,0.0,0.0
2019-02-21 00:00:00+09:00,2280.0,2300.0,2240.0,2250.0,126903,0.0,0.0
2019-02-22 00:00:00+09:00,2250.0,2270.0,2230.0,2235.0,74565,0.0,0.0
2019-02-25 00:00:00+09:00,2245.0,2280.0,2245.0,2265.0,87786,0.0,0.0
2019-02-26 00:00:00+09:00,2280.0,2315.0,2265.0,2265.0,255508,0.0,0.0
2019-02-27 00:00:00+09:00,2295.0,2390.0,2265.0,2330.0,599730,0.0,0.0
2019-02-28 00:00:00+09:00,2330.0,2350.0,2125.0,2205.0,302554,0.0,0.0
2019-03-04 00:00:00+09:00,2210.0,2265.0,2210.0,2240.0,91715,0.0,0.0
2019-03-05 00:00:00+09:00,2225.0,2260.0,2205.0,2255.0,97494,0.0,0.0
2019-03-06 00:00:00+09:00,2255.0,2340.0,2230.0,2315.0,336124,0.0,0.0
2019-03-07 00:00:00+09:00,2335.0,2595.0,2285.0,2400.0,4231165,0.0,0.0
2019-03-08 00:00:00+09:00,2365.0,2380.0,2310.0,2330.0,399865,0.0,0.0
2019-03-11 00:00:00+09:00,2500.0,2805.0,2430.0,2440.0,10240420,0.0,0.0
2019-03-12 00:00:00+09:00,2560.0,2615.0,2420.0,2490.0,2669984,0.0,0.0
2019-03-13 00:00:00+09:00,2485.0,2485.0,2360.0,2360.0,1017434,0.0,0.0
2019-03-14 00:00:00+09:00,2380.0,2570.0,2365.0,2440.0,3354474,0.0,0.0
2019-03-15 00:00:00+09:00,2430.0,2525.0,2395.0,2500.0,1190285,0.0,0.0
2019-03-18 00:00:00+09:00,2470.0,2560.0,2470.0,2525.0,988875,0.0,0.0
2019-03-19 00:00:00+09:00,2550.0,2560.0,2470.0,2485.0,469770,0.0,0.0
2019-03-20 00:00:00+09:00,2470.0,2485.0,2390.0,2435.0,387334,0.0,0.0
2019-03-21 00:00:00+09:00,2445.0,2480.0,2385.0,2425.0,317984,0.0,0.0
2019-03-22 00:00:00+09:00,2420.0,2565.0,2415.0,2530.0,1214142,0.0,0.0
2019-03-25 00:00:00+09:00,2530.0,3285.0,2515.0,3285.0,15425340,0.0,0.0
2019-03-26 00:00:00+09:00,3585.0,3920.0,3520.0,3735.0,22138460,0.0,0.0
2019-03-27 00:00:00+09:00,3735.0,4340.0,3660.0,3815.0,17663530,0.0,0.0
2019-03-28 00:00:00+09:00,3815.0,3870.0,3755.0,3870.0,1519101,0.0,0.0
2019-03-29 00:00:00+09:00,3895.0,3895.0,3835.0,3875.0,1145798,0.0,0.0
2019-04-01 00:00:00+09:00,3895.0,3955.0,3830.0,3855.0,1416393,0.0,0.0
2019-04-02 00:00:00+09:00,3770.0,4935.0,3710.0,4800.0,32921360,0.0,0.0
2019-04-03 00:00:00+09:00,4755.0,4800.0,4510.0,4570.0,5418179,0.0,0.0
2019-04-04 00:00:00+09:00,4640.0,5480.0,4625.0,5030.0,24203120,0.0,0.0
2019-04-05 00:00:00+09:00,5010.0,5010.0,4770.0,4945.0,4590571,0.0,0.0
2019-04-08 00:00:00+09:00,5020.0,5520.0,4880.0,4915.0,8933779,0.0,0.0
2019-04-09 00:00:00+09:00,5050.0,5180.0,4865.0,4945.0,2986540,0.0,0.0
2019-04-10 00:00:00+09:00,4980.0,5090.0,4685.0,4770.0,2800123,0.0,0.0
2019-04-11 00:00:00+09:00,4805.0,5380.0,4705.0,4880.0,11863190,0.0,0.0
2019-04-12 00:00:00+09:00,4920.0,5230.0,4890.0,5040.0,4603418,0.0,0.0
2019-04-15 00:00:00+09:00,5050.0,5170.0,4900.0,4925.0,2221211,0.0,0.0
2019-04-16 00:00:00+09:00,4985.0,5150.0,4900.0,5070.0,3177594,0.0,0.0
2019-04-17 00:00:00+09:00,5420.0,5650.0,5030.0,5030.0,5408933,0.0,0.0
2019-04-18 00:00:00+09:00,5080.0,5110.0,4905.0,4950.0,1041190,0.0,0.0
2019-04-19 00:00:00+09:00,4960.0,5060.0,4880.0,4900.0,1083022,0.0,0.0
2019-04-22 00:00:00+09:00,4905.0,4950.0,4770.0,4795.0,766149,0.0,0.0
2019-04-23 00:00:00+09:00,4820.0,5150.0,4470.0,4890.0,3087701,0.0,0.0
2019-04-24 00:00:00+09:00,4920.0,5060.0,4640.0,4640.0,1570179,0.0,0.0
2019-04-25 00:00:00+09:00,4555.0,4580.0,4300.0,4300.0,1024294,0.0,0.0
2019-04-26 00:00:00+09:00,4270.0,4430.0,4160.0,4280.0,816408,0.0,0.0
2019-04-29 00:00:00+09:00,4280.0,4365.0,4240.0,4260.0,449891,0.0,0.0
2019-04-30 00:00:00+09:00,4225.0,4730.0,4155.0,4300.0,4056297,0.0,0.0
2019-05-02 00:00:00+09:00,4385.0,4465.0,4270.0,4385.0,909940,0.0,0.0
2019-05-03 00:00:00+09:00,4440.0,4590.0,4365.0,4365.0,1304432,0.0,0.0
2019-05-07 00:00:00+09:00,4205.0,4255.0,3970.0,4135.0,559729,0.0,0.0
2019-05-08 00:00:00+09:00,4120.0,4310.0,4050.0,4055.0,883194,0.0,0.0
2019-05-09 00:00:00+09:00,4010.0,4130.0,3905.0,3940.0,726537,0.0,0.0
2019-05-10 00:00:00+09:00,3940.0,4030.0,3810.0,3900.0,468271,0.0,0.0
2019-05-13 00:00:00+09:00,3895.0,4100.0,3765.0,3765.0,1172804,0.0,0.0
2019-05-14 00:00:00+09:00,3765.0,4085.0,3720.0,3865.0,1074652,0.0,0.0
2019-05-15 00:00:00+09:00,3900.0,4020.0,3825.0,3920.0,635892,0.0,0.0
2019-05-16 00:00:00+09:00,3935.0,4015.0,3690.0,3690.0,661441,0.0,0.0
2019-05-17 00:00:00+09:00,3710.0,3840.0,3700.0,3730.0,297705,0.0,0.0
2019-05-20 00:00:00+09:00,3730.0,3785.0,3625.0,3635.0,257054,0.0,0.0
2019-05-21 00:00:00+09:00,3550.0,3840.0,3550.0,3675.0,560113,0.0,0.0
2019-05-22 00:00:00+09:00,3685.0,3805.0,3585.0,3620.0,504249,0.0,0.0
2019-05-23 00:00:00+09:00,3630.0,3640.0,3455.0,3455.0,336849,0.0,0.0
2019-05-24 00:00:00+09:00,3430.0,4490.0,3385.0,4490.0,18519840,0.0,0.0
2019-05-27 00:00:00+09:00,4335.0,4480.0,4240.0,4385.0,8014534,0.0,0.0
2019-05-28 00:00:00+09:00,4360.0,4595.0,4110.0,4200.0,7053508,0.0,0.0
2019-05-29 00:00:00+09:00,4310.0,4380.0,4125.0,4250.0,3619513,0.0,0.0
2019-05-30 00:00:00+09:00,4190.0,4265.0,3995.0,4055.0,1756891,0.0,0.0
2019-05-31 00:00:00+09:00,4015.0,4200.0,3705.0,3775.0,2709249,0.0,0.0
2019-06-03 00:00:00+09:00,3765.0,3850.0,3710.0,3795.0,818008,0.0,0.0
2019-06-04 00:00:00+09:00,3765.0,3845.0,3605.0,3650.0,918281,0.0,0.0
2019-06-05 00:00:00+09:00,3665.0,3755.0,3625.0,3625.0,734551,0.0,0.0
2019-06-07 00:00:00+09:00,3650.0,4410.0,3640.0,4030.0,15263720,0.0,0.0
2019-06-10 00:00:00+09:00,4035.0,4620.0,4035.0,4325.0,11625990,0.0,0.0
2019-06-11 00:00:00+09:00,4400.0,4575.0,4230.0,4240.0,3490766,0.0,0.0
2019-06-12 00:00:00+09:00,4190.0,4605.0,4180.0,4375.0,5775391,0.0,0.0
2019-06-13 00:00:00+09:00,4450.0,4590.0,4370.0,4420.0,2803786,0.0,0.0
2019-06-14 00:00:00+09:00,4405.0,4545.0,4215.0,4255.0,2188357,0.0,0.0
2019-06-17 00:00:00+09:00,4315.0,4520.0,4290.0,4355.0,2605904,0.0,0.0
2019-06-18 00:00:00+09:00,4350.0,4660.0,4295.0,4660.0,3476630,0.0,0.0
2019-06-19 00:00:00+09:00,4550.0,4550.0,4385.0,4395.0,1948404,0.0,0.0
2019-06-20 00:00:00+09:00,4420.0,5710.0,4420.0,5710.0,37295390,0.0,0.0
2019-06-21 00:00:00+09:00,5910.0,6400.0,5710.0,5770.0,25491250,0.0,0.0
2019-06-24 00:00:00+09:00,5620.0,6060.0,5530.0,5740.0,10407110,0.0,0.0
2019-06-25 00:00:00+09:00,5670.0,7260.0,5660.0,6130.0,38486290,0.0,0.0
2019-06-26 00:00:00+09:00,6260.0,6990.0,6100.0,6270.0,16772360,0.0,0.0
2019-06-27 00:00:00+09:00,6700.0,6950.0,6150.0,6410.0,10589530,0.0,0.0
2019-06-28 00:00:00+09:00,6350.0,6570.0,5950.0,5950.0,3443711,0.0,0.0
2019-07-01 00:00:00+09:00,6130.0,6730.0,5960.0,6280.0,10932360,0.0,0.0
2019-07-02 00:00:00+09:00,6410.0,6670.0,6210.0,6570.0,5982264,0.0,0.0
2019-07-03 00:00:00+09:00,6530.0,6630.0,6340.0,6460.0,2560145,0.0,0.0
2019-07-04 00:00:00+09:00,6460.0,6500.0,6010.0,6030.0,2293664,0.0,0.0
2019-07-05 00:00:00+09:00,6270.0,6890.0,6250.0,6380.0,10467700,0.0,0.0
2019-07-08 00:00:00+09:00,6310.0,6560.0,6080.0,6150.0,2524391,0.0,0.0
2019-07-09 00:00:00+09:00,6200.0,6750.0,6150.0,6310.0,8297749,0.0,0.0
2019-07-10 00:00:00+09:00,6350.0,6490.0,6250.0,6450.0,2522956,0.0,0.0
2019-07-11 00:00:00+09:00,6620.0,6650.0,6350.0,6350.0,2641281,0.0,0.0
2019-07-12 00:00:00+09:00,6380.0,6430.0,5940.0,6200.0,1498853,0.0,0.0
2019-07-15 00:00:00+09:00,6220.0,6250.0,5770.0,5800.0,1341991,0.0,0.0
2019-07-16 00:00:00+09:00,5880.0,5910.0,5560.0,5680.0,1542423,0.0,0.0
2019-07-17 00:00:00+09:00,5610.0,6170.0,5500.0,5730.0,4777416,0.0,0.0
2019-07-18 00:00:00+09:00,5820.0,5930.0,5610.0,5610.0,1441620,0.0,0.0
2019-07-19 00:00:00+09:00,5600.0,5860.0,5600.0,5650.0,1430914,0.0,0.0
2019-07-22 00:00:00+09:00,5650.0,5790.0,5580.0,5770.0,1041822,0.0,0.0
2019-07-23 00:00:00+09:00,5790.0,6270.0,5740.0,5920.0,7812853,0.0,0.0
2019-07-24 00:00:00+09:00,6130.0,6280.0,5810.0,5850.0,4043031,0.0,0.0
2019-07-25 00:00:00+09:00,5860.0,6060.0,5470.0,5630.0,2004267,0.0,0.0
2019-07-26 00:00:00+09:00,5570.0,5670.0,5180.0,5330.0,1354868,0.0,0.0
2019-07-29 00:00:00+09:00,5350.0,5510.0,5040.0,5070.0,1553728,0.0,0.0
2019-07-30 00:00:00+09:00,5010.0,5280.0,5010.0,5140.0,1147535,0.0,0.0
2019-07-31 00:00:00+09:00,5120.0,5200.0,4875.0,5010.0,1087707,0.0,0.0
2019-08-01 00:00:00+09:00,4935.0,5050.0,4785.0,4785.0,781524,0.0,0.0
2019-08-02 00:00:00+09:00,4710.0,4985.0,4630.0,4840.0,1033839,0.0,0.0
2019-08-05 00:00:00+09:00,4840.0,4980.0,4495.0,4500.0,898144,0.0,0.0
2019-08-06 00:00:00+09:00,4375.0,4725.0,4125.0,4400.0,1179119,0.0,0.0
2019-08-07 00:00:00+09:00,4400.0,4745.0,4400.0,4550.0,1226768,0.0,0.0
2019-08-08 00:00:00+09:00,4750.0,4940.0,4605.0,4690.0,1576633,0.0,0.0
2019-08-09 00:00:00+09:00,4715.0,4985.0,4705.0,4770.0,1360376,0.0,0.0
2019-08-12 00:00:00+09:00,4800.0,4880.0,4755.0,4850.0,649591,0.0,0.0
2019-08-13 00:00:00+09:00,4885.0,6130.0,4850.0,5580.0,17237050,0.0,0.0
2019-08-14 00:00:00+09:00,5650.0,5670.0,5430.0,5660.0,3458556,0.0,0.0
2019-08-16 00:00:00+09:00,5450.0,5580.0,5310.0,5520.0,2065193,0.0,0.0
2019-08-19 00:00:00+09:00,5600.0,6100.0,5550.0,5660.0,11040350,0.0,0.0
2019-08-20 00:00:00+09:00,5730.0,5870.0,5650.0,5650.0,2481177,0.0,0.0
2019-08-21 00:00:00+09:00,5660.0,5750.0,5440.0,5480.0,1500159,0.0,0.0
2019-08-22 00:00:00+09:00,5580.0,5870.0,5500.0,5580.0,4702992,0.0,0.0
2019-08-23 00:00:00+09:00,5580.0,5680.0,5420.0,5450.0,1007985,0.0,0.0
2019-08-26 00:00:00+09:00,5340.0,5430.0,5170.0,5300.0,991323,0.0,0.0
2019-08-27 00:00:00+09:00,5520.0,5550.0,5330.0,5380.0,1647944,0.0,0.0
2019-08-28 00:00:00+09:00,5480.0,5860.0,5440.0,5700.0,5918453,0.0,0.0
2019-08-29 00:00:00+09:00,5710.0,5760.0,5540.0,5560.0,1147617,0.0,0.0
2019-08-30 00:00:00+09:00,5730.0,5740.0,5570.0,5690.0,935231,0.0,0.0
2019-09-02 00:00:00+09:00,5690.0,5740.0,5200.0,5460.0,1252476,0.0,0.0
2019-09-03 00:00:00+09:00,5490.0,5670.0,5430.0,5430.0,1733459,0.0,0.0
2019-09-04 00:00:00+09:00,5410.0,5740.0,5390.0,5570.0,1997757,0.0,0.0
2019-09-05 00:00:00+09:00,5640.0,6140.0,5570.0,5970.0,10346790,0.0,0.0
2019-09-06 00:00:00+09:00,6030.0,6200.0,5900.0,5900.0,5368995,0.0,0.0
2019-09-09 00:00:00+09:00,5890.0,5950.0,5680.0,5690.0,1482278,0.0,0.0
2019-09-10 00:00:00+09:00,5740.0,5940.0,5680.0,5820.0,1841584,0.0,0.0
2019-09-11 00:00:00+09:00,5810.0,5920.0,5760.0,5800.0,1272300,0.0,0.0
2019-09-16 00:00:00+09:00,5950.0,5980.0,5750.0,5750.0,1566839,0.0,0.0
2019-09-17 00:00:00+09:00,5710.0,5740.0,5500.0,5570.0,905745,0.0,0.0
2019-09-18 00:00:00+09:00,5520.0,5550.0,5340.0,5420.0,889142,0.0,0.0
2019-09-19 00:00:00+09:00,5450.0,5730.0,5440.0,5670.0,1746380,0.0,0.0
2019-09-20 00:00:00+09:00,5640.0,5670.0,5490.0,5540.0,690553,0.0,0.0
2019-09-23 00:00:00+09:00,5540.0,5760.0,5540.0,5690.0,1469664,0.0,0.0
2019-09-24 00:00:00+09:00,5690.0,5730.0,5560.0,5690.0,457035,0.0,0.0
2019-09-25 00:00:00+09:00,5720.0,5770.0,5430.0,5430.0,687804,0.0,0.0
2019-09-26 00:00:00+09:00,5440.0,5580.0,5350.0,5420.0,441563,0.0,0.0
2019-09-27 00:00:00+09:00,5370.0,5480.0,5310.0,5350.0,296954,0.0,0.0
2019-09-30 00:00:00+09:00,5300.0,5350.0,5120.0,5220.0,338893,0.0,0.0
2019-10-01 00:00:00+09:00,5230.0,5450.0,5230.0,5280.0,521113,0.0,0.0
2019-10-02 00:00:00+09:00,5210.0,5340.0,5210.0,5250.0,263459,0.0,0.0
2019-10-04 00:00:00+09:00,5250.0,5260.0,5080.0,5150.0,326929,0.0,0.0
2019-10-07 00:00:00+09:00,5150.0,5320.0,5100.0,5130.0,358593,0.0,0.0
2019-10-08 00:00:00+09:00,5080.0,5270.0,5010.0,5210.0,395037,0.0,0.0
2019-10-10 00:00:00+09:00,5190.0,5350.0,5110.0,5230.0,506732,0.0,0.0
2019-10-11 00:00:00+09:00,5250.0,5380.0,5110.0,5380.0,761475,0.0,0.0
2019-10-14 00:00:00+09:00,5350.0,5350.0,5250.0,5250.0,442625,0.0,0.0
2019-10-15 00:00:00+09:00,5230.0,5270.0,5130.0,5160.0,291725,0.0,0.0
2019-10-16 00:00:00+09:00,5180.0,5270.0,5160.0,5200.0,287574,0.0,0.0
2019-10-17 00:00:00+09:00,5230.0,5260.0,5150.0,5180.0,244536,0.0,0.0
2019-10-18 00:00:00+09:00,5190.0,5210.0,5060.0,5080.0,304713,0.0,0.0
2019-10-21 00:00:00+09:00,5050.0,5100.0,4745.0,4760.0,748966,0.0,0.0
2019-10-22 00:00:00+09:00,4760.0,4820.0,4615.0,4820.0,622591,0.0,0.0
2019-10-23 00:00:00+09:00,4845.0,4850.0,4640.0,4640.0,362355,0.0,0.0
2019-10-24 00:00:00+09:00,4580.0,4845.0,4550.0,4700.0,904960,0.0,0.0
2019-10-25 00:00:00+09:00,4780.0,4780.0,4630.0,4635.0,272960,0.0,0.0
2019-10-28 00:00:00+09:00,4600.0,4740.0,4600.0,4675.0,280629,0.0,0.0
2019-10-29 00:00:00+09:00,4790.0,5720.0,4790.0,5060.0,16369640,0.0,0.0
2019-10-30 00:00:00+09:00,5000.0,5070.0,4890.0,4900.0,1292316,0.0,0.0
2019-10-31 00:00:00+09:00,4975.0,5580.0,4960.0,5110.0,10430030,0.0,0.0
2019-11-01 00:00:00+09:00,5090.0,5360.0,5050.0,5230.0,2267684,0.0,0.0
2019-11-04 00:00:00+09:00,5350.0,5420.0,5190.0,5260.0,1319609,0.0,0.0
2019-11-05 00:00:00+09:00,5330.0,5420.0,5170.0,5200.0,1142630,0.0,0.0
2019-11-06 00:00:00+09:00,5220.0,5370.0,5180.0,5210.0,1071309,0.0,0.0
2019-11-07 00:00:00+09:00,5220.0,5310.0,5050.0,5050.0,643380,0.0,0.0
2019-11-08 00:00:00+09:00,5110.0,5200.0,5000.0,5010.0,462061,0.0,0.0
2019-11-11 00:00:00+09:00,5050.0,5060.0,4885.0,4920.0,399139,0.0,0.0
2019-11-12 00:00:00+09:00,4940.0,5070.0,4890.0,4975.0,379636,0.0,0.0
2019-11-13 00:00:00+09:00,5030.0,5030.0,4850.0,4870.0,329903,0.0,0.0
2019-11-14 00:00:00+09:00,4850.0,4915.0,4790.0,4810.0,213248,0.0,0.0
2019-11-15 00:00:00+09:00,4815.0,4935.0,4800.0,4885.0,234650,0.0,0.0
2019-11-18 00:00:00+09:00,4870.0,5060.0,4870.0,5020.0,432711,0.0,0.0
2019-11-19 00:00:00+09:00,5000.0,5120.0,4950.0,4990.0,428832,0.0,0.0
2019-11-20 00:00:00+09:00,5020.0,5020.0,4810.0,4825.0,296512,0.0,0.0
2019-11-21 00:00:00+09:00,4750.0,4915.0,4700.0,4700.0,289723,0.0,0.0
2019-11-22 00:00:00+09:00,4700.0,4770.0,4595.0,4610.0,264878,0.0,0.0
2019-11-25 00:00:00+09:00,4615.0,4825.0,4615.0,4755.0,179165,0.0,0.0
2019-11-26 00:00:00+09:00,4740.0,4795.0,4720.0,4770.0,166488,0.0,0.0
2019-11-27 00:00:00+09:00,4770.0,4810.0,4610.0,4660.0,174446,0.0,0.0
2019-11-28 00:00:00+09:00,4650.0,4790.0,4635.0,4650.0,181105,0.0,0.0
2019-11-29 00:00:00+09:00,4635.0,5470.0,4555.0,4560.0,6750854,0.0,0.0
2019-12-02 00:00:00+09:00,4545.0,4545.0,4280.0,4290.0,783746,0.0,0.0
2019-12-03 00:00:00+09:00,4200.0,4330.0,4100.0,4305.0,349989,0.0,0.0
2019-12-04 00:00:00+09:00,4180.0,4350.0,4150.0,4165.0,220075,0.0,0.0
2019-12-05 00:00:00+09:00,4170.0,4730.0,4170.0,4275.0,3845070,0.0,0.0
2019-12-06 00:00:00+09:00,4280.0,4555.0,4275.0,4375.0,1594384,0.0,0.0
2019-12-09 00:00:00+09:00,4365.0,4550.0,4365.0,4380.0,651542,0.0,0.0
2019-12-10 00:00:00+09:00,4340.0,4485.0,4340.0,4470.0,541536,0.0,0.0
2019-12-11 00:00:00+09:00,4450.0,4595.0,4450.0,4510.0,513477,0.0,0.0
2019-12-12 00:00:00+09:00,4520.0,4710.0,4510.0,4620.0,1049596,0.0,0.0
2019-12-13 00:00:00+09:00,4670.0,4690.0,4620.0,4660.0,344927,0.0,0.0
2019-12-16 00:00:00+09:00,4680.0,5330.0,4640.0,4920.0,7511620,0.0,0.0
2019-12-17 00:00:00+09:00,4920.0,5150.0,4755.0,4800.0,1768287,0.0,0.0
2019-12-18 00:00:00+09:00,5100.0,5190.0,4775.0,4775.0,2284424,0.0,0.0
2019-12-19 00:00:00+09:00,4780.0,4805.0,4520.0,4540.0,3207673,0.0,0.0
2019-12-20 00:00:00+09:00,4505.0,4650.0,4500.0,4515.0,690474,0.0,0.0
2019-12-23 00:00:00+09:00,4535.0,4585.0,4410.0,4415.0,429203,0.0,0.0
2019-12-24 00:00:00+09:00,4395.0,4475.0,4350.0,4355.0,369708,0.0,0.0
2019-12-26 00:00:00+09:00,4340.0,4540.0,4340.0,4405.0,449029,0.0,0.0
2019-12-27 00:00:00+09:00,4400.0,4525.0,4400.0,4525.0,345845,0.0,0.0
2019-12-30 00:00:00+09:00,4545.0,4555.0,4480.0,4555.0,233549,0.0,0.0
2020-01-02 00:00:00+09:00,4550.0,4725.0,4520.0,4675.0,961207,0.0,0.0
2020-01-03 00:00:00+09:00,4700.0,4890.0,4645.0,4680.0,1232337,0.0,0.0
2020-01-06 00:00:00+09:00,4615.0,4660.0,4500.0,4515.0,410617,0.0,0.0
2020-01-07 00:00:00+09:00,4560.0,4690.0,4540.0,4610.0,442538,0.0,0.0
2020-01-08 00:00:00+09:00,4600.0,4600.0,4340.0,4400.0,681080,0.0,0.0
2020-01-09 00:00:00+09:00,4515.0,4690.0,4475.0,4610.0,541736,0.0,0.0
2020-01-10 00:00:00+09:00,4625.0,4790.0,4575.0,4710.0,1007735,0.0,0.0
2020-01-13 00:00:00+09:00,4725.0,4765.0,4655.0,4695.0,342973,0.0,0.0
2020-01-14 00:00:00+09:00,4730.0,4765.0,4685.0,4710.0,514425,0.0,0.0
2020-01-15 00:00:00+09:00,4725.0,4890.0,4685.0,4810.0,1411948,0.0,0.0
2020-01-16 00:00:00+09:00,4830.0,4860.0,4715.0,4715.0,496218,0.0,0.0
2020-01-17 00:00:00+09:00,4770.0,4825.0,4710.0,4760.0,401159,0.0,0.0
2020-01-20 00:00:00+09:00,4710.0,4795.0,4645.0,4700.0,510070,0.0,0.0
2020-01-21 00:00:00+09:00,4685.0,4705.0,4560.0,4585.0,308831,0.0,0.0
2020-01-22 00:00:00+09:00,4590.0,4705.0,4585.0,4610.0,289974,0.0,0.0
2020-01-23 00:00:00+09:00,4610.0,4745.0,4560.0,4575.0,473991,0.0,0.0
2020-01-28 00:00:00+09:00,4335.0,4490.0,4270.0,4310.0,391625,0.0,0.0
2020-01-29 00:00:00+09:00,4350.0,4385.0,4270.0,4365.0,315765,0.0,0.0
2020-01-30 00:00:00+09:00,4365.0,4490.0,4165.0,4180.0,254147,0.0,0.0
2020-01-31 00:00:00+09:00,4280.0,4280.0,3965.0,3965.0,329142,0.0,0.0
2020-02-03 00:00:00+09:00,3845.0,4080.0,3715.0,4055.0,407816,0.0,0.0
2020-02-04 00:00:00+09:00,4015.0,4180.0,4015.0,4160.0,189784,0.0,0.0
2020-02-05 00:00:00+09:00,4200.0,4240.0,4090.0,4135.0,237751,0.0,0.0
2020-02-06 00:00:00+09:00,4140.0,4205.0,4140.0,4175.0,198982,0.0,0.0
2020-02-07 00:00:00+09:00,4175.0,4240.0,4155.0,4230.0,197976,0.0,0.0
2020-02-10 00:00:00+09:00,4250.0,4250.0,4145.0,4180.0,158764,0.0,0.0
2020-02-11 00:00:00+09:00,4175.0,4245.0,4165.0,4230.0,236437,0.0,0.0
2020-02-12 00:00:00+09:00,4250.0,4250.0,4195.0,4235.0,141160,0.0,0.0
2020-02-13 00:00:00+09:00,4290.0,4330.0,4170.0,4185.0,575707,0.0,0.0
2020-02-14 00:00:00+09:00,4230.0,4230.0,4165.0,4200.0,142830,0.0,0.0
2020-02-17 00:00:00+09:00,4220.0,4350.0,4190.0,4275.0,448992,0.0,0.0
2020-02-18 00:00:00+09:00,4275.0,4315.0,4150.0,4165.0,229253,0.0,0.0
2020-02-19 00:00:00+09:00,4190.0,4195.0,4035.0,4100.0,212351,0.0,0.0
2020-02-20 00:00:00+09:00,4085.0,4130.0,3955.0,4005.0,227043,0.0,0.0
2020-02-21 00:00:00+09:00,3985.0,4030.0,3885.0,3905.0,274661,0.0,0.0
2020-02-24 00:00:00+09:00,3740.0,3905.0,3665.0,3665.0,246898,0.0,0.0
2020-02-25 00:00:00+09:00,3565.0,3745.0,3505.0,3715.0,185666,0.0,0.0
2020-02-26 00:00:00+09:00,3620.0,3880.0,3500.0,3670.0,342869,0.0,0.0
2020-02-27 00:00:00+09:00,3670.0,3740.0,3520.0,3580.0,126065,0.0,0.0
2020-02-28 00:00:00+09:00,3495.0,3545.0,3240.0,3255.0,250408,0.0,0.0
2020-03-02 00:00:00+09:00,3210.0,3670.0,3190.0,3440.0,587080,0.0,0.0
2020-03-03 00:00:00+09:00,3450.0,3790.0,3440.0,3440.0,815797,0.0,0.0
2020-03-04 00:00:00+09:00,3410.0,3560.0,3410.0,3520.0,186065,0.0,0.0
2020-03-05 00:00:00+09:00,3565.0,3685.0,3515.0,3550.0,376502,0.0,0.0
2020-03-06 00:00:00+09:00,3500.0,3525.0,3350.0,3475.0,131446,0.0,0.0
2020-03-09 00:00:00+09:00,3400.0,3460.0,3240.0,3265.0,187181,0.0,0.0
2020-03-10 00:00:00+09:00,3150.0,3300.0,3110.0,3265.0,170088,0.0,0.0
2020-03-11 00:00:00+09:00,3245.0,3350.0,3035.0,3045.0,265026,0.0,0.0
2020-03-12 00:00:00+09:00,2965.0,3040.0,2710.0,2780.0,324825,0.0,0.0
2020-03-13 00:00:00+09:00,2505.0,2645.0,2270.0,2400.0,735434,0.0,0.0
2020-03-16 00:00:00+09:00,2380.0,2560.0,2325.0,2325.0,556423,0.0,0.0
2020-03-17 00:00:00+09:00,2100.0,2370.0,2100.0,2355.0,356902,0.0,0.0
2020-03-18 00:00:00+09:00,2355.0,2455.0,2135.0,2135.0,237927,0.0,0.0
2020-03-19 00:00:00+09:00,2150.0,2230.0,1700.0,1705.0,508818,0.0,0.0
2020-03-20 00:00:00+09:00,1715.0,1925.0,1705.0,1900.0,382338,0.0,0.0
2020-03-23 00:00:00+09:00,1770.0,1830.0,1685.0,1700.0,222401,0.0,0.0
2020-03-24 00:00:00+09:00,1750.0,2080.0,1750.0,1935.0,813912,0.0,0.0
2020-03-25 00:00:00+09:00,1985.0,2515.0,1985.0,2295.0,3342444,0.0,0.0
2020-03-26 00:00:00+09:00,2340.0,2490.0,2210.0,2325.0,1466572,0.0,0.0
2020-03-27 00:00:00+09:00,2445.0,2590.0,2155.0,2340.0,1177072,0.0,0.0
2020-03-30 00:00:00+09:00,2260.0,2490.0,2215.0,2435.0,863301,0.0,0.0
2020-03-31 00:00:00+09:00,2535.0,2680.0,2450.0,2605.0,1269456,0.0,0.0
2020-04-01 00:00:00+09:00,2635.0,3070.0,2400.0,2650.0,3146090,0.0,0.0
2020-04-02 00:00:00+09:00,2740.0,3350.0,2570.0,3155.0,12624190,0.0,0.0
2020-04-03 00:00:00+09:00,3150.0,3155.0,2970.0,3035.0,1382755,0.0,0.0
2020-04-06 00:00:00+09:00,3050.0,3450.0,3050.0,3165.0,4610336,0.0,0.0
2020-04-07 00:00:00+09:00,3250.0,3920.0,3180.0,3525.0,11589000,0.0,0.0
2020-04-08 00:00:00+09:00,3545.0,3645.0,3415.0,3495.0,1855290,0.0,0.0
2020-04-09 00:00:00+09:00,3530.0,3700.0,3480.0,3530.0,1858954,0.0,0.0
2020-04-10 00:00:00+09:00,3520.0,3650.0,3245.0,3350.0,1139536,0.0,0.0
2020-04-13 00:00:00+09:00,3350.0,3350.0,3155.0,3200.0,413638,0.0,0.0
2020-04-14 00:00:00+09:00,3200.0,3290.0,3195.0,3240.0,293651,0.0,0.0
2020-04-16 00:00:00+09:00,3275.0,3430.0,3100.0,3385.0,671447,0.0,0.0
2020-04-17 00:00:00+09:00,3490.0,3965.0,3385.0,3595.0,7541652,0.0,0.0
2020-04-20 00:00:00+09:00,3670.0,3845.0,3625.0,3690.0,2304047,0.0,0.0
2020-04-21 00:00:00+09:00,3700.0,3745.0,3335.0,3565.0,1165769,0.0,0.0
2020-04-22 00:00:00+09:00,3495.0,3600.0,3350.0,3600.0,472259,0.0,0.0
2020-04-23 00:00:00+09:00,3715.0,4350.0,3710.0,3940.0,18833860,0.0,0.0
2020-04-24 00:00:00+09:00,3905.0,4165.0,3870.0,3880.0,3853396,0.0,0.0
2020-04-27 00:00:00+09:00,3930.0,4240.0,3930.0,4145.0,4882979,0.0,0.0
2020-04-28 00:00:00+09:00,4190.0,4495.0,4050.0,4080.0,7403380,0.0,0.0
2020-04-29 00:00:00+09:00,4145.0,4170.0,3995.0,4015.0,1235091,0.0,0.0
2020-05-04 00:00:00+09:00,4010.0,4195.0,4005.0,4025.0,958949,0.0,0.0
2020-05-06 00:00:00+09:00,4080.0,4140.0,4035.0,4105.0,933484,0.0,0.0
2020-05-07 00:00:00+09:00,4180.0,4290.0,4120.0,4235.0,2539049,0.0,0.0
2020-05-08 00:00:00+09:00,4275.0,4325.0,4195.0,4210.0,1067552,0.0,0.0
2020-05-11 00:00:00+09:00,4340.0,4345.0,4205.0,4230.0,1066988,0.0,0.0
2020-05-12 00:00:00+09:00,4240.0,4300.0,4055.0,4145.0,638553,0.0,0.0
2020-05-13 00:00:00+09:00,4065.0,4230.0,4050.0,4150.0,575240,0.0,0.0
2020-05-14 00:00:00+09:00,4150.0,4220.0,4070.0,4100.0,407962,0.0,0.0
2020-05-15 00:00:00+09:00,4185.0,4185.0,4080.0,4110.0,489184,0.0,0.0
2020-05-18 00:00:00+09:00,4115.0,4230.0,4015.0,4190.0,779961,0.0,0.0
2020-05-19 00:00:00+09:00,4295.0,4360.0,4195.0,4195.0,1731785,0.0,0.0
2020-05-20 00:00:00+09:00,4195.0,4315.0,4170.0,4260.0,873716,0.0,0.0
2020-05-21 00:00:00+09:00,4305.0,5530.0,4240.0,5530.0,32120670,0.0,0.0
2020-05-22 00:00:00+09:00,5890.0,6440.0,5630.0,5960.0,46929180,0.0,0.0
2020-05-25 00:00:00+09:00,6000.0,6240.0,5900.0,6110.0,12073890,0.0,0.0
2020-05-26 00:00:00+09:00,6110.0,6360.0,5930.0,6220.0,11716040,0.0,0.0
2020-05-27 00:00:00+09:00,6160.0,6790.0,6060.0,6210.0,17718910,0.0,0.0
2020-05-28 00:00:00+09:00,6170.0,6260.0,5730.0,5800.0,3365229,0.0,0.0
2020-05-29 00:00:00+09:00,5730.0,5930.0,5610.0,5770.0,2138087,0.0,0.0
2020-06-01 00:00:00+09:00,5770.0,6830.0,5720.0,6290.0,40328920,0.0,0.0
2020-06-02 00:00:00+09:00,6210.0,6320.0,6100.0,6240.0,3984499,0.0,0.0
2020-06-03 00:00:00+09:00,6300.0,6300.0,5840.0,5840.0,3034726,0.0,0.0
2020-06-04 00:00:00+09:00,5800.0,6100.0,5760.0,5900.0,2855887,0.0,0.0
2020-06-05 00:00:00+09:00,5890.0,6130.0,5810.0,5890.0,2684953,0.0,0.0
2020-06-08 00:00:00+09:00,5940.0,6090.0,5900.0,6050.0,2174313,0.0,0.0
2020-06-09 00:00:00+09:00,6100.0,6140.0,5940.0,6120.0,2410694,0.0,0.0
2020-06-10 00:00:00+09:00,6190.0,7120.0,6120.0,6290.0,26413060,0.0,0.0
2020-06-11 00:00:00+09:00,6290.0,6510.0,6050.0,6060.0,4533768,0.0,0.0
2020-06-12 00:00:00+09:00,5600.0,5890.0,5530.0,5790.0,1779165,0.0,0.0
2020-06-15 00:00:00+09:00,5800.0,5950.0,5110.0,5190.0,2070350,0.0,0.0
2020-06-16 00:00:00+09:00,5330.0,5850.0,5300.0,5720.0,3695801,0.0,0.0
2020-06-17 00:00:00+09:00,5590.0,5920.0,5500.0,5720.0,2310576,0.0,0.0
2020-06-18 00:00:00+09:00,5680.0,5820.0,5590.0,5680.0,1546515,0.0,0.0
2020-06-19 00:00:00+09:00,5770.0,5830.0,5640.0,5660.0,1008917,0.0,0.0
2020-06-22 00:00:00+09:00,5780.0,6190.0,5750.0,5890.0,7619941,0.0,0.0
2020-06-23 00:00:00+09:00,5960.0,6180.0,5850.0,6170.0,5383763,0.0,0.0
2020-06-24 00:00:00+09:00,6260.0,6590.0,6010.0,6030.0,11112970,0.0,0.0
2020-06-25 00:00:00+09:00,6100.0,6220.0,6000.0,6000.0,2617064,0.0,0.0
2020-06-26 00:00:00+09:00,6040.0,6130.0,5880.0,5900.0,1274837,0.0,0.0
2020-06-29 00:00:00+09:00,5790.0,6070.0,5780.0,5810.0,1197467,0.0,0.0
2020-06-30 00:00:00+09:00,5920.0,5970.0,5530.0,5640.0,1038267,0.0,0.0
2020-07-01 00:00:00+09:00,5660.0,5980.0,5660.0,5770.0,1757194,0.0,0.0
2020-07-02 00:00:00+09:00,5780.0,5850.0,5660.0,5830.0,672907,0.0,0.0
2020-07-03 00:00:00+09:00,5890.0,5990.0,5800.0,5830.0,1203104,0.0,0.0
2020-07-06 00:00:00+09:00,5870.0,5900.0,5740.0,5780.0,623025,0.0,0.0
2020-07-07 00:00:00+09:00,5800.0,5910.0,5710.0,5750.0,798722,0.0,0.0
2020-07-08 00:00:00+09:00,5760.0,5830.0,5710.0,5810.0,474086,0.0,0.0
2020-07-09 00:00:00+09:00,5890.0,6450.0,5810.0,6180.0,11338020,0.0,0.0
2020-07-10 00:00:00+09:00,6230.0,6420.0,6070.0,6270.0,4997889,0.0,0.0
2020-07-13 00:00:00+09:00,6320.0,6810.0,6230.0,6810.0,9297211,0.0,0.0
2020-07-14 00:00:00+09:00,6670.0,6670.0,6020.0,6150.0,6217731,0.0,0.0
2020-07-15 00:00:00+09:00,6020.0,6340.0,6020.0,6190.0,2538982,0.0,0.0
2020-07-16 00:00:00+09:00,6210.0,6260.0,6040.0,6050.0,1173581,0.0,0.0
2020-07-17 00:00:00+09:00,6040.0,6210.0,6040.0,6050.0,889626,0.0,0.0
2020-07-20 00:00:00+09:00,6090.0,6170.0,5950.0,6060.0,943552,0.0,0.0
2020-07-21 00:00:00+09:00,6090.0,6170.0,6030.0,6150.0,1096620,0.0,0.0
2020-07-22 00:00:00+09:00,6180.0,6470.0,6080.0,6230.0,4731782,0.0,0.0
2020-07-23 00:00:00+09:00,6230.0,6450.0,6070.0,6090.0,2880620,0.0,0.0
2020-07-24 00:00:00+09:00,6030.0,6190.0,6010.0,6060.0,1043362,0.0,0.0
2020-07-27 00:00:00+09:00,6110.0,6190.0,6050.0,6060.0,1170533,0.0,0.0
2020-07-28 00:00:00+09:00,6090.0,6340.0,5510.0,5750.0,3628729,0.0,0.0
2020-07-29 00:00:00+09:00,5790.0,5890.0,5700.0,5740.0,1730070,0.0,0.0
2020-07-30 00:00:00+09:00,5760.0,5780.0,5530.0,5570.0,1150279,0.0,0.0
2020-07-31 00:00:00+09:00,5510.0,5550.0,5350.0,5350.0,1006804,0.0,0.0
2020-08-03 00:00:00+09:00,5350.0,5460.0,5260.0,5340.0,598930,0.0,0.0
2020-08-04 00:00:00+09:00,5390.0,5520.0,5320.0,5500.0,750307,0.0,0.0
2020-08-05 00:00:00+09:00,5570.0,5570.0,5400.0,5400.0,541859,0.0,0.0
2020-08-06 00:00:00+09:00,5480.0,5480.0,5360.0,5400.0,307777,0.0,0.0
2020-08-07 00:00:00+09:00,5370.0,5470.0,5300.0,5320.0,538463,0.0,0.0
2020-08-10 00:00:00+09:00,5260.0,5450.0,5190.0,5420.0,698876,0.0,0.0
2020-08-11 00:00:00+09:00,5420.0,5450.0,5310.0,5310.0,477292,0.0,0.0
2020-08-12 00:00:00+09:00,5360.0,5370.0,5080.0,5140.0,437648,0.0,0.0
2020-08-13 00:00:00+09:00,5160.0,5250.0,5140.0,5170.0,286200,0.0,0.0
2020-08-14 00:00:00+09:00,5120.0,5200.0,5010.0,5020.0,316051,0.0,0.0
2020-08-18 00:00:00+09:00,4975.0,5000.0,4645.0,4650.0,591097,0.0,0.0
2020-08-19 00:00:00+09:00,4615.0,4920.0,4615.0,4820.0,399584,0.0,0.0
2020-08-20 00:00:00+09:00,4810.0,4810.0,4450.0,4505.0,429005,0.0,0.0
2020-08-21 00:00:00+09:00,4520.0,4710.0,4480.0,4615.0,322947,0.0,0.0
2020-08-24 00:00:00+09:00,4525.0,4720.0,4455.0,4715.0,296803,0.0,0.0
2020-08-25 00:00:00+09:00,4740.0,4990.0,4740.0,4940.0,834213,0.0,0.0
2020-08-26 00:00:00+09:00,4940.0,5060.0,4820.0,4965.0,580178,0.0,0.0
2020-08-27 00:00:00+09:00,4965.0,5350.0,4860.0,5180.0,1695487,0.0,0.0
2020-08-28 00:00:00+09:00,5210.0,5410.0,5020.0,5060.0,1798353,0.0,0.0
2020-08-31 00:00:00+09:00,5120.0,5260.0,5030.0,5050.0,536449,0.0,0.0
2020-09-01 00:00:00+09:00,4950.0,5270.0,4940.0,5130.0,1060122,0.0,0.0
2020-09-02 00:00:00+09:00,5210.0,5260.0,5120.0,5180.0,601880,0.0,0.0
2020-09-03 00:00:00+09:00,5200.0,5220.0,5090.0,5090.0,347160,0.0,0.0
2020-09-04 00:00:00+09:00,4790.0,5060.0,4775.0,5000.0,348187,0.0,0.0
2020-09-07 00:00:00+09:00,4990.0,5230.0,4990.0,5090.0,467867,0.0,0.0
2020-09-08 00:00:00+09:00,5060.0,5380.0,5060.0,5300.0,2115040,0.0,0.0
2020-09-09 00:00:00+09:00,5140.0,6100.0,5100.0,5110.0,7096576,0.0,0.0
2020-09-10 00:00:00+09:00,5180.0,5320.0,5130.0,5200.0,1046552,0.0,0.0
2020-09-11 00:00:00+09:00,5200.0,5360.0,5190.0,5210.0,672913,0.0,0.0
2020-09-14 00:00:00+09:00,5240.0,5390.0,5220.0,5330.0,690342,0.0,0.0
2020-09-15 00:00:00+09:00,5360.0,5470.0,5280.0,5360.0,857847,0.0,0.0
2020-09-16 00:00:00+09:00,5350.0,5390.0,5260.0,5310.0,577322,0.0,0.0
2020-09-17 00:00:00+09:00,5320.0,5600.0,5200.0,5410.0,1699178,0.0,0.0
2020-09-18 00:00:00+09:00,5240.0,5310.0,5160.0,5240.0,927479,0.0,0.0
2020-09-21 00:00:00+09:00,5270.0,5330.0,5170.0,5240.0,865054,0.0,0.0
2020-09-22 00:00:00+09:00,5280.0,5310.0,4970.0,4970.0,1484980,0.0,0.0
2020-09-23 00:00:00+09:00,5030.0,5130.0,4860.0,4975.0,479525,0.0,0.0
2020-09-24 00:00:00+09:00,4885.0,5070.0,4680.0,4750.0,564826,0.0,0.0
2020-09-25 00:00:00+09:00,4810.0,4890.0,4710.0,4710.0,447708,0.0,0.0
2020-09-28 00:00:00+09:00,4720.0,4980.0,4720.0,4860.0,397808,0.0,0.0
2020-09-29 00:00:00+09:00,4890.0,5010.0,4860.0,4980.0,325902,0.0,0.0
2020-10-05 00:00:00+09:00,5040.0,5070.0,4915.0,5040.0,194989,0.0,0.0
2020-10-06 00:00:00+09:00,5070.0,5070.0,4920.0,4950.0,227166,0.0,0.0
2020-10-07 00:00:00+09:00,4975.0,5080.0,4890.0,4950.0,142127,0.0,0.0
2020-10-08 00:00:00+09:00,4955.0,4990.0,4890.0,4920.0,171077,0.0,0.0
2020-10-12 00:00:00+09:00,4920.0,4970.0,4895.0,4920.0,132855,0.0,0.0
2020-10-13 00:00:00+09:00,4920.0,5080.0,4900.0,4985.0,508615,0.0,0.0
2020-10-14 00:00:00+09:00,5030.0,5180.0,4935.0,4940.0,582826,0.0,0.0
2020-10-15 00:00:00+09:00,4910.0,4935.0,4720.0,4810.0,376245,0.0,0.0
2020-10-16 00:00:00+09:00,4810.0,4850.0,4685.0,4715.0,168611,0.0,0.0
2020-10-19 00:00:00+09:00,4715.0,4820.0,4705.0,4705.0,135057,0.0,0.0
2020-10-20 00:00:00+09:00,4600.0,4725.0,4550.0,4710.0,146000,0.0,0.0
2020-10-21 00:00:00+09:00,4710.0,4760.0,4670.0,4730.0,94096,0.0,0.0
2020-10-22 00:00:00+09:00,4615.0,4770.0,4610.0,4770.0,171334,0.0,0.0
2020-10-23 00:00:00+09:00,4960.0,5330.0,4785.0,4860.0,7122202,0.0,0.0
2020-10-26 00:00:00+09:00,4860.0,5200.0,4860.0,5080.0,2517380,0.0,0.0
2020-10-27 00:00:00+09:00,5000.0,5350.0,4925.0,5320.0,4412595,0.0,0.0
2020-10-28 00:00:00+09:00,5600.0,5980.0,5310.0,5320.0,35522450,0.0,0.0
2020-10-29 00:00:00+09:00,5220.0,5480.0,5010.0,5160.0,3415769,0.0,0.0
2020-10-30 00:00:00+09:00,5170.0,5460.0,4905.0,4920.0,3569461,0.0,0.0
2020-11-02 00:00:00+09:00,4920.0,4985.0,4760.0,4790.0,748081,0.0,0.0
2020-11-03 00:00:00+09:00,4800.0,4910.0,4750.0,4780.0,836235,0.0,0.0
2020-11-04 00:00:00+09:00,4820.0,4835.0,4715.0,4720.0,503587,0.0,0.0
2020-11-05 00:00:00+09:00,4745.0,4860.0,4740.0,4820.0,516283,0.0,0.0
2020-11-06 00:00:00+09:00,4835.0,4850.0,4745.0,4760.0,416835,0.0,0.0
2020-11-09 00:00:00+09:00,4800.0,4845.0,4780.0,4815.0,343893,0.0,0.0
2020-11-10 00:00:00+09:00,4830.0,4835.0,4615.0,4765.0,362508,0.0,0.0
2020-11-11 00:00:00+09:00,4805.0,4805.0,4695.0,4785.0,302521,0.0,0.0
2020-11-12 00:00:00+09:00,4805.0,4885.0,4775.0,4785.0,565968,0.0,0.0
2020-11-13 00:00:00+09:00,4790.0,4790.0,4705.0,4745.0,266452,0.0,0.0
2020-11-16 00:00:00+09:00,4730.0,4895.0,4720.0,4835.0,879672,0.0,0.0
2020-11-17 00:00:00+09:00,4840.0,4980.0,4745.0,4820.0,809182,0.0,0.0
2020-11-18 00:00:00+09:00,4820.0,4930.0,4805.0,4845.0,334835,0.0,0.0
2020-11-19 00:00:00+09:00,4825.0,4890.0,4770.0,4780.0,434081,0.0,0.0
2020-11-20 00:00:00+09:00,4805.0,4880.0,4760.0,4840.0,495782,0.0,0.0
2020-11-23 00:00:00+09:00,4825.0,4835.0,4795.0,4830.0,262020,0.0,0.0
2020-11-24 00:00:00+09:00,5050.0,5070.0,4875.0,4880.0,908338,0.0,0.0
2020-11-25 00:00:00+09:00,4930.0,4935.0,4790.0,4800.0,381285,0.0,0.0
2020-11-26 00:00:00+09:00,4810.0,4870.0,4775.0,4795.0,242514,0.0,0.0
2020-11-27 00:00:00+09:00,4760.0,4845.0,4760.0,4815.0,182208,0.0,0.0
2020-11-30 00:00:00+09:00,4780.0,4840.0,4780.0,4815.0,156699,0.0,0.0
2020-12-01 00:00:00+09:00,4775.0,4825.0,4775.0,4800.0,174016,0.0,0.0
2020-12-02 00:00:00+09:00,4800.0,4850.0,4795.0,4845.0,278428,0.0,0.0
2020-12-03 00:00:00+09:00,4870.0,4890.0,4780.0,4785.0,372418,0.0,0.0
2020-12-04 00:00:00+09:00,4770.0,4800.0,4745.0,4745.0,199002,0.0,0.0
2020-12-07 00:00:00+09:00,4750.0,4780.0,4650.0,4655.0,232616,0.0,0.0
2020-12-08 00:00:00+09:00,4650.0,4725.0,4600.0,4650.0,230818,0.0,0.0
2020-12-09 00:00:00+09:00,4640.0,4700.0,4605.0,4630.0,199961,0.0,0.0
2020-12-10 00:00:00+09:00,4605.0,4665.0,4605.0,4645.0,111913,0.0,0.0
2020-12-11 00:00:00+09:00,4610.0,4680.0,4610.0,4665.0,138240,0.0,0.0
2020-12-14 00:00:00+09:00,4750.0,5600.0,4730.0,5200.0,19147520,0.0,0.0
2020-12-15 00:00:00+09:00,5250.0,5300.0,4970.0,5030.0,2680032,0.0,0.0
2020-12-16 00:00:00+09:00,5100.0,5170.0,4950.0,4950.0,1376251,0.0,0.0
2020-12-17 00:00:00+09:00,4915.0,5280.0,4915.0,4950.0,4057853,0.0,0.0
2020-12-18 00:00:00+09:00,4950.0,5130.0,4945.0,4995.0,940571,0.0,0.0
2020-12-21 00:00:00+09:00,5020.0,5060.0,4850.0,4905.0,640778,0.0,0.0
2020-12-22 00:00:00+09:00,4860.0,4910.0,4700.0,4700.0,614882,0.0,0.0
2020-12-23 00:00:00+09:00,4710.0,5120.0,4555.0,4870.0,4163265,0.0,0.0
2020-12-24 00:00:00+09:00,4935.0,4940.0,4705.0,4710.0,632556,0.0,0.0
2020-12-28 00:00:00+09:00,4685.0,4770.0,4615.0,4620.0,347091,0.0,0.0
2020-12-29 00:00:00+09:00,4620.0,4710.0,4620.0,4680.0,161824,0.0,0.0
2020-12-30 00:00:00+09:00,4680.0,4750.0,4660.0,4725.0,237678,0.0,0.0
2021-01-04 00:00:00+09:00,4725.0,4735.0,4670.0,4710.0,326576,0.0,0.0
2021-01-05 00:00:00+09:00,4710.0,5100.0,4695.0,4815.0,1491849,0.0,0.0
2021-01-06 00:00:00+09:00,4815.0,4860.0,4740.0,4825.0,383127,0.0,0.0
2021-01-07 00:00:00+09:00,4900.0,4970.0,4815.0,4895.0,507812,0.0,0.0
2021-01-08 00:00:00+09:00,4945.0,4945.0,4790.0,4820.0,389451,0.0,0.0
2021-01-11 00:00:00+09:00,4820.0,4840.0,4615.0,4720.0,469371,0.0,0.0
2021-01-12 00:00:00+09:00,4725.0,4735.0,4635.0,4660.0,221395,0.0,0.0
2021-01-13 00:00:00+09:00,4720.0,4790.0,4680.0,4790.0,228078,0.0,0.0
2021-01-14 00:00:00+09:00,4890.0,4930.0,4810.0,4830.0,555768,0.0,0.0
2021-01-15 00:00:00+09:00,4920.0,4920.0,4705.0,4725.0,221318,0.0,0.0
2021-01-18 00:00:00+09:00,4640.0,4825.0,4640.0,4670.0,262674,0.0,0.0
2021-01-19 00:00:00+09:00,4660.0,4790.0,4660.0,4745.0,210741,0.0,0.0
2021-01-20 00:00:00+09:00,4795.0,5360.0,4755.0,4900.0,6710562,0.0,0.0
2021-01-21 00:00:00+09:00,4915.0,5000.0,4835.0,4990.0,850744,0.0,0.0
2021-01-22 00:00:00+09:00,4950.0,4955.0,4815.0,4825.0,505611,0.0,0.0
2021-01-25 00:00:00+09:00,4805.0,5690.0,4805.0,5230.0,22557280,0.0,0.0
2021-01-26 00:00:00+09:00,5280.0,5460.0,5110.0,5340.0,4583392,0.0,0.0
2021-01-27 00:00:00+09:00,5470.0,6240.0,5190.0,5280.0,19076280,0.0,0.0
2021-01-28 00:00:00+09:00,5150.0,5190.0,4900.0,4940.0,1615388,0.0,0.0
2021-01-29 00:00:00+09:00,4930.0,5010.0,4650.0,4650.0,1344897,0.0,0.0
2021-02-01 00:00:00+09:00,4540.0,4770.0,4470.0,4745.0,753622,0.0,0.0
2021-02-02 00:00:00+09:00,4755.0,4935.0,4740.0,4865.0,665605,0.0,0.0
2021-02-03 00:00:00+09:00,4920.0,5460.0,4870.0,5250.0,7267866,0.0,0.0
2021-02-04 00:00:00+09:00,5280.0,5370.0,5120.0,5140.0,1565198,0.0,0.0
2021-02-05 00:00:00+09:00,5210.0,5720.0,5200.0,5270.0,18253310,0.0,0.0
2021-02-08 00:00:00+09:00,5270.0,5290.0,5020.0,5090.0,1770774,0.0,0.0
2021-02-09 00:00:00+09:00,5170.0,5280.0,4965.0,4965.0,1584957,0.0,0.0
2021-02-10 00:00:00+09:00,4900.0,5080.0,4895.0,5020.0,715681,0.0,0.0
2021-02-15 00:00:00+09:00,5090.0,5160.0,5000.0,5100.0,820269,0.0,0.0
2021-02-16 00:00:00+09:00,5140.0,5140.0,5010.0,5050.0,532997,0.0,0.0
2021-02-17 00:00:00+09:00,5110.0,5940.0,5060.0,5490.0,19593640,0.0,0.0
2021-02-18 00:00:00+09:00,5420.0,5530.0,5290.0,5520.0,2066938,0.0,0.0
2021-02-19 00:00:00+09:00,5460.0,5500.0,5220.0,5280.0,1616023,0.0,0.0
2021-02-22 00:00:00+09:00,5390.0,5690.0,5210.0,5320.0,2601164,0.0,0.0
2021-02-23 00:00:00+09:00,5200.0,5510.0,5130.0,5430.0,1405572,0.0,0.0
2021-02-24 00:00:00+09:00,5460.0,5580.0,5160.0,5180.0,1188728,0.0,0.0
2021-02-25 00:00:00+09:00,5290.0,5450.0,5200.0,5240.0,657333,0.0,0.0
2021-02-26 00:00:00+09:00,5110.0,5150.0,4960.0,4995.0,728120,0.0,0.0
2021-03-02 00:00:00+09:00,5090.0,5220.0,4995.0,5000.0,522888,0.0,0.0
2021-03-03 00:00:00+09:00,5000.0,5250.0,4935.0,5220.0,645568,0.0,0.0
2021-03-04 00:00:00+09:00,5110.0,5600.0,5110.0,5420.0,3870149,0.0,0.0
2021-03-05 00:00:00+09:00,5360.0,5770.0,5300.0,5520.0,3158050,0.0,0.0
2021-03-08 00:00:00+09:00,5660.0,5680.0,5330.0,5340.0,1385133,0.0,0.0
2021-03-09 00:00:00+09:00,5360.0,5530.0,5070.0,5460.0,1390229,0.0,0.0
2021-03-10 00:00:00+09:00,5500.0,5560.0,5230.0,5250.0,868403,0.0,0.0
2021-03-11 00:00:00+09:00,5260.0,5450.0,5250.0,5360.0,440942,0.0,0.0
2021-03-12 00:00:00+09:00,5330.0,5630.0,5320.0,5550.0,2048098,0.0,0.0
2021-03-15 00:00:00+09:00,5510.0,5640.0,5460.0,5570.0,1082758,0.0,0.0
2021-03-16 00:00:00+09:00,5640.0,5690.0,5500.0,5610.0,873045,0.0,0.0
2021-03-17 00:00:00+09:00,5610.0,5690.0,5420.0,5440.0,845598,0.0,0.0
2021-03-18 00:00:00+09:00,5470.0,5560.0,5350.0,5360.0,503177,0.0,0.0
2021-03-19 00:00:00+09:00,5240.0,5730.0,5220.0,5530.0,3261772,0.0,0.0
2021-03-22 00:00:00+09:00,5570.0,5700.0,5450.0,5700.0,1303655,0.0,0.0
2021-03-23 00:00:00+09:00,5670.0,6040.0,5300.0,5320.0,9192088,0.0,0.0
2021-03-24 00:00:00+09:00,5300.0,5480.0,5240.0,5320.0,1190975,0.0,0.0
2021-03-25 00:00:00+09:00,5320.0,5380.0,5200.0,5210.0,710618,0.0,0.0
2021-03-26 00:00:00+09:00,5250.0,5350.0,5200.0,5230.0,549614,0.0,0.0
2021-03-29 00:00:00+09:00,5230.0,5330.0,5180.0,5180.0,537230,0.0,0.0
2021-03-30 00:00:00+09:00,5190.0,5350.0,5190.0,5290.0,577446,0.0,0.0
2021-03-31 00:00:00+09:00,5280.0,5330.0,5230.0,5240.0,311696,0.0,0.0
2021-04-01 00:00:00+09:00,5240.0,5320.0,5230.0,5270.0,336548,0.0,0.0
2021-04-02 00:00:00+09:00,5280.0,5350.0,5240.0,5260.0,341134,0.0,0.0
2021-04-05 00:00:00+09:00,5320.0,5790.0,5260.0,5530.0,7350158,0.0,0.0
2021-04-06 00:00:00+09:00,5470.0,5570.0,5430.0,5540.0,955040,0.0,0.0
2021-04-07 00:00:00+09:00,5520.0,5590.0,5420.0,5430.0,652465,0.0,0.0
2021-04-08 00:00:00+09:00,5420.0,5730.0,5390.0,5610.0,2097172,0.0,0.0
2021-04-09 00:00:00+09:00,5530.0,5600.0,5460.0,5580.0,789354,0.0,0.0
2021-04-12 00:00:00+09:00,5590.0,5620.0,5510.0,5510.0,385528,0.0,0.0
2021-04-13 00:00:00+09:00,5500.0,5600.0,5480.0,5480.0,452376,0.0,0.0
2021-04-14 00:00:00+09:00,5500.0,5920.0,5450.0,5740.0,5504830,0.0,0.0
2021-04-15 00:00:00+09:00,5700.0,6000.0,5650.0,5990.0,4387563,0.0,0.0
2021-04-16 00:00:00+09:00,5910.0,5930.0,5720.0,5770.0,1588803,0.0,0.0
2021-04-19 00:00:00+09:00,5770.0,5810.0,5570.0,5610.0,778312,0.0,0.0
2021-04-20 00:00:00+09:00,5610.0,5720.0,5600.0,5600.0,455980,0.0,0.0
2021-04-21 00:00:00+09:00,5600.0,5700.0,5540.0,5610.0,460321,0.0,0.0
2021-04-22 00:00:00+09:00,5630.0,5740.0,5600.0,5700.0,490534,0.0,0.0
2021-04-23 00:00:00+09:00,5680.0,5680.0,5560.0,5650.0,416945,0.0,0.0
2021-04-26 00:00:00+09:00,5620.0,5720.0,5610.0,5700.0,578251,0.0,0.0
2021-04-27 00:00:00+09:00,5700.0,5890.0,5620.0,5630.0,2002124,0.0,0.0
2021-04-28 00:00:00+09:00,5630.0,5670.0,5440.0,5460.0,789624,0.0,0.0
2021-04-29 00:00:00+09:00,5510.0,5600.0,5400.0,5420.0,661442,0.0,0.0
2021-04-30 00:00:00+09:00,5470.0,5470.0,5270.0,5280.0,338219,0.0,0.0
2021-05-03 00:00:00+09:00,5300.0,5400.0,5180.0,5230.0,244714,0.0,0.0
2021-05-04 00:00:00+09:00,5210.0,5270.0,5010.0,5140.0,421051,0.0,0.0
2021-05-06 00:00:00+09:00,5080.0,5260.0,5080.0,5220.0,244527,0.0,0.0
2021-05-07 00:00:00+09:00,5250.0,5350.0,5180.0,5280.0,307497,0.0,0.0
2021-05-10 00:00:00+09:00,5310.0,5370.0,5300.0,5340.0,151467,0.0,0.0
2021-05-11 00:00:00+09:00,5290.0,5330.0,5250.0,5300.0,171778,0.0,0.0
2021-05-12 00:00:00+09:00,5300.0,5320.0,5160.0,5180.0,209440,0.0,0.0
2021-05-13 00:00:00+09:00,5100.0,5240.0,5080.0,5150.0,158943,0.0,0.0
2021-05-14 00:00:00+09:00,5160.0,5240.0,5000.0,5110.0,239021,0.0,0.0
2021-05-17 00:00:00+09:00,5190.0,5190.0,5060.0,5090.0,142807,0.0,0.0
2021-05-18 00:00:00+09:00,5090.0,5140.0,5060.0,5100.0,123044,0.0,0.0
2021-05-20 00:00:00+09:00,5100.0,5140.0,5080.0,5110.0,123755,0.0,0.0
2021-05-21 00:00:00+09:00,5090.0,5170.0,5090.0,5090.0,220517,0.0,0.0
2021-05-24 00:00:00+09:00,4730.0,4735.0,4260.0,4305.0,1308968,0.0,0.0
2021-05-25 00:00:00+09:00,4320.0,4415.0,4290.0,4300.0,322790,0.0,0.0
2021-05-26 00:00:00+09:00,4350.0,4375.0,4295.0,4330.0,134512,0.0,0.0
2021-05-27 00:00:00+09:00,4350.0,4375.0,4295.0,4310.0,138540,0.0,0.0
2021-05-28 00:00:00+09:00,4440.0,4680.0,4320.0,4350.0,347549,0.0,0.0
2021-05-31 00:00:00+09:00,4375.0,4455.0,4345.0,4425.0,175634,0.0,0.0
2021-06-01 00:00:00+09:00,4390.0,4555.0,4390.0,4495.0,249803,0.0,0.0
2021-06-02 00:00:00+09:00,4495.0,4565.0,4480.0,4550.0,194290,0.0,0.0
2021-06-03 00:00:00+09:00,4560.0,4565.0,4405.0,4485.0,318293,0.0,0.0
2021-06-04 00:00:00+09:00,4485.0,4485.0,4430.0,4475.0,106870,0.0,0.0
2021-06-07 00:00:00+09:00,4475.0,4480.0,4405.0,4415.0,124302,0.0,0.0
2021-06-08 00:00:00+09:00,4415.0,4465.0,4380.0,4400.0,140255,0.0,0.0
2021-06-09 00:00:00+09:00,4365.0,4590.0,4350.0,4445.0,314291,0.0,0.0
2021-06-10 00:00:00+09:00,4485.0,4490.0,4445.0,4460.0,91165,0.0,0.0
2021-06-11 00:00:00+09:00,4550.0,4550.0,4445.0,4460.0,99142,0.0,0.0
2021-06-14 00:00:00+09:00,4460.0,4500.0,4430.0,4465.0,115763,0.0,0.0
2021-06-15 00:00:00+09:00,4485.0,4490.0,4440.0,4445.0,85577,0.0,0.0
2021-06-16 00:00:00+09:00,4445.0,4580.0,4440.0,4505.0,317700,0.0,0.0
2021-06-17 00:00:00+09:00,4520.0,4545.0,4500.0,4505.0,105968,0.0,0.0
2021-06-18 00:00:00+09:00,4500.0,4530.0,4455.0,4480.0,133108,0.0,0.0
2021-06-21 00:00:00+09:00,4400.0,4570.0,4400.0,4570.0,374872,0.0,0.0
2021-06-22 00:00:00+09:00,4505.0,4550.0,4405.0,4410.0,269204,0.0,0.0
2021-06-23 00:00:00+09:00,4375.0,4435.0,4350.0,4355.0,142053,0.0,0.0
2021-06-24 00:00:00+09:00,4440.0,4440.0,4350.0,4365.0,103984,0.0,0.0
2021-06-25 00:00:00+09:00,4365.0,4400.0,4345.0,4365.0,78833,0.0,0.0
2021-06-28 00:00:00+09:00,4400.0,4565.0,4400.0,4470.0,288251,0.0,0.0
2021-06-29 00:00:00+09:00,4450.0,4495.0,4430.0,4465.0,85801,0.0,0.0
2021-06-30 00:00:00+09:00,4500.0,4545.0,4475.0,4530.0,132784,0.0,0.0
2021-07-01 00:00:00+09:00,4545.0,4565.0,4485.0,4510.0,194870,0.0,0.0
2021-07-02 00:00:00+09:00,4520.0,4545.0,4450.0,4495.0,105231,0.0,0.0
2021-07-05 00:00:00+09:00,4495.0,4500.0,4450.0,4470.0,85283,0.0,0.0
2021-07-06 00:00:00+09:00,4430.0,4510.0,4430.0,4465.0,106736,0.0,0.0
2021-07-07 00:00:00+09:00,4465.0,4510.0,4430.0,4480.0,113771,0.0,0.0
2021-07-08 00:00:00+09:00,4480.0,4550.0,4405.0,4420.0,150408,0.0,0.0
2021-07-09 00:00:00+09:00,4405.0,4405.0,4295.0,4325.0,143163,0.0,0.0
2021-07-12 00:00:00+09:00,4340.0,4455.0,4300.0,4400.0,145762,0.0,0.0
2021-07-13 00:00:00+09:00,4400.0,4640.0,4400.0,4460.0,546505,0.0,0.0
2021-07-14 00:00:00+09:00,4470.0,4505.0,4430.0,4450.0,86576,0.0,0.0
2021-07-15 00:00:00+09:00,4430.0,4465.0,4420.0,4440.0,79722,0.0,0.0
2021-07-16 00:00:00+09:00,4420.0,4470.0,4420.0,4450.0,89014,0.0,0.0
2021-07-19 00:00:00+09:00,4450.0,4450.0,4335.0,4345.0,129892,0.0,0.0
2021-07-20 00:00:00+09:00,4285.0,4380.0,4240.0,4325.0,114153,0.0,0.0
2021-07-21 00:00:00+09:00,4340.0,4350.0,4290.0,4310.0,45639,0.0,0.0
2021-07-22 00:00:00+09:00,4335.0,4355.0,4290.0,4290.0,49007,0.0,0.0
2021-07-23 00:00:00+09:00,4330.0,4395.0,4300.0,4320.0,93937,0.0,0.0
2021-07-26 00:00:00+09:00,4320.0,4370.0,4230.0,4270.0,87430,0.0,0.0
2021-07-27 00:00:00+09:00,4245.0,4290.0,4245.0,4255.0,50183,0.0,0.0
2021-07-28 00:00:00+09:00,4190.0,4320.0,4190.0,4200.0,83235,0.0,0.0
2021-07-29 00:00:00+09:00,4200.0,4545.0,4200.0,4285.0,858856,0.0,0.0
2021-07-30 00:00:00+09:00,4280.0,4310.0,4260.0,4270.0,81608,0.0,0.0
2021-08-02 00:00:00+09:00,4250.0,4410.0,4235.0,4235.0,63320,0.0,0.0
2021-08-03 00:00:00+09:00,4205.0,4260.0,4205.0,4225.0,54016,0.0,0.0
2021-08-04 00:00:00+09:00,4235.0,4250.0,4220.0,4245.0,52479,0.0,0.0
2021-08-05 00:00:00+09:00,4290.0,4310.0,4265.0,4295.0,64947,0.0,0.0
2021-08-06 00:00:00+09:00,4340.0,4340.0,4240.0,4270.0,53149,0.0,0.0
2021-08-09 00:00:00+09:00,4275.0,4290.0,4225.0,4230.0,54021,0.0,0.0
2021-08-10 00:00:00+09:00,4220.0,4255.0,4200.0,4240.0,58877,0.0,0.0
2021-08-11 00:00:00+09:00,4200.0,4250.0,4200.0,4210.0,43904,0.0,0.0
2021-08-12 00:00:00+09:00,4175.0,4245.0,4155.0,4175.0,70425,0.0,0.0
2021-08-13 00:00:00+09:00,4130.0,4130.0,3730.0,3855.0,946892,0.0,0.0
2021-08-17 00:00:00+09:00,3790.0,3835.0,3510.0,3515.0,353965,0.0,0.0
2021-08-18 00:00:00+09:00,3460.0,3630.0,3460.0,3520.0,277062,0.0,0.0
2021-08-19 00:00:00+09:00,3470.0,3570.0,3290.0,3310.0,275165,0.0,0.0
2021-08-20 00:00:00+09:00,3340.0,3540.0,3260.0,3280.0,361994,0.0,0.0
2021-08-23 00:00:00+09:00,3280.0,3400.0,3245.0,3375.0,169946,0.0,0.0
2021-08-24 00:00:00+09:00,3385.0,3650.0,3385.0,3580.0,494516,0.0,0.0
2021-08-25 00:00:00+09:00,3605.0,3605.0,3485.0,3510.0,144260,0.0,0.0
2021-08-26 00:00:00+09:00,3575.0,3575.0,3465.0,3485.0,98203,0.0,0.0
2021-08-27 00:00:00+09:00,3500.0,3535.0,3460.0,3515.0,65354,0.0,0.0
2021-08-30 00:00:00+09:00,3520.0,3570.0,3520.0,3560.0,84868,0.0,0.0
2021-08-31 00:00:00+09:00,3565.0,3630.0,3540.0,3610.0,103714,0.0,0.0
2021-09-01 00:00:00+09:00,3585.0,3630.0,3565.0,3625.0,78631,0.0,0.0
2021-09-02 00:00:00+09:00,3630.0,3645.0,3590.0,3640.0,75606,0.0,0.0
2021-09-03 00:00:00+09:00,3690.0,4505.0,3655.0,4150.0,10799540,0.0,0.0
2021-09-06 00:00:00+09:00,4100.0,4145.0,3970.0,3970.0,1014865,0.0,0.0
2021-09-07 00:00:00+09:00,4015.0,4375.0,4000.0,4140.0,3601039,0.0,0.0
2021-09-08 00:00:00+09:00,4055.0,4130.0,3990.0,3995.0,469429,0.0,0.0
2021-09-09 00:00:00+09:00,3995.0,3995.0,3845.0,3845.0,355743,0.0,0.0
2021-09-10 00:00:00+09:00,3830.0,3905.0,3810.0,3825.0,206691,0.0,0.0
2021-09-13 00:00:00+09:00,3785.0,4405.0,3785.0,4185.0,5663073,0.0,0.0
2021-09-14 00:00:00+09:00,4035.0,4175.0,3970.0,4055.0,1132257,0.0,0.0
2021-09-15 00:00:00+09:00,4015.0,4105.0,3980.0,3990.0,306733,0.0,0.0
2021-09-16 00:00:00+09:00,3995.0,4065.0,3880.0,3895.0,304809,0.0,0.0
2021-09-17 00:00:00+09:00,3895.0,4035.0,3860.0,4005.0,342690,0.0,0.0
2021-09-23 00:00:00+09:00,3940.0,4005.0,3885.0,3885.0,199456,0.0,0.0
2021-09-24 00:00:00+09:00,3905.0,3980.0,3815.0,3840.0,180816,0.0,0.0
2021-09-27 00:00:00+09:00,3850.0,3930.0,3835.0,3855.0,104873,0.0,0.0
2021-09-28 00:00:00+09:00,3820.0,3880.0,3700.0,3710.0,223627,0.0,0.0
2021-09-29 00:00:00+09:00,3655.0,3765.0,3600.0,3655.0,184188,0.0,0.0
2021-09-30 00:00:00+09:00,3655.0,3760.0,3630.0,3650.0,126202,0.0,0.0
2021-10-01 00:00:00+09:00,3645.0,3645.0,3485.0,3495.0,170608,0.0,0.0
2021-10-05 00:00:00+09:00,3465.0,3465.0,3340.0,3345.0,139211,0.0,0.0
2021-10-06 00:00:00+09:00,3345.0,3420.0,3020.0,3115.0,217105,0.0,0.0
2021-10-07 00:00:00+09:00,3120.0,3330.0,3120.0,3310.0,143634,0.0,0.0
2021-10-08 00:00:00+09:00,3310.0,3390.0,3205.0,3350.0,97735,0.0,0.0
2021-10-12 00:00:00+09:00,3550.0,3550.0,3260.0,3265.0,109323,0.0,0.0
2021-10-13 00:00:00+09:00,3215.0,3335.0,3215.0,3300.0,50954,0.0,0.0
2021-10-14 00:00:00+09:00,3355.0,3455.0,3300.0,3455.0,74856,0.0,0.0
2021-10-15 00:00:00+09:00,3455.0,3530.0,3440.0,3525.0,94508,0.0,0.0
2021-10-18 00:00:00+09:00,3535.0,3600.0,3455.0,3510.0,68206,0.0,0.0
2021-10-19 00:00:00+09:00,3465.0,3565.0,3465.0,3530.0,55021,0.0,0.0
2021-10-20 00:00:00+09:00,3530.0,3590.0,3490.0,3525.0,64669,0.0,0.0
2021-10-21 00:00:00+09:00,3525.0,3560.0,3445.0,3515.0,47400,0.0,0.0
2021-10-22 00:00:00+09:00,3530.0,3540.0,3485.0,3490.0,55009,0.0,0.0
2021-10-25 00:00:00+09:00,3485.0,3530.0,3310.0,3520.0,58516,0.0,0.0
2021-10-26 00:00:00+09:00,3520.0,3600.0,3520.0,3600.0,77433,0.0,0.0
2021-10-27 00:00:00+09:00,3600.0,3750.0,3590.0,3610.0,355684,0.0,0.0
2021-10-28 00:00:00+09:00,3605.0,3690.0,3520.0,3540.0,126027,0.0,0.0
2021-10-29 00:00:00+09:00,3530.0,3575.0,3475.0,3490.0,70197,0.0,0.0
2021-11-01 00:00:00+09:00,3515.0,3680.0,3515.0,3675.0,163335,0.0,0.0
2021-11-02 00:00:00+09:00,3710.0,3710.0,3645.0,3675.0,100173,0.0,0.0
2021-11-03 00:00:00+09:00,3630.0,3760.0,3630.0,3705.0,173850,0.0,0.0
2021-11-04 00:00:00+09:00,3760.0,3760.0,3610.0,3650.0,103262,0.0,0.0
2021-11-05 00:00:00+09:00,3660.0,3675.0,3535.0,3595.0,77705,0.0,0.0
2021-11-08 00:00:00+09:00,3535.0,3730.0,3535.0,3685.0,148113,0.0,0.0
2021-11-09 00:00:00+09:00,3710.0,3715.0,3620.0,3660.0,79076,0.0,0.0
2021-11-10 00:00:00+09:00,3650.0,3660.0,3475.0,3480.0,111196,0.0,0.0
2021-11-11 00:00:00+09:00,3420.0,3495.0,3385.0,3400.0,68099,0.0,0.0
2021-11-12 00:00:00+09:00,3355.0,3465.0,3355.0,3445.0,53649,0.0,0.0
2021-11-15 00:00:00+09:00,3465.0,3610.0,3400.0,3540.0,134015,0.0,0.0
2021-11-16 00:00:00+09:00,3540.0,3575.0,3470.0,3490.0,83663,0.0,0.0
2021-11-17 00:00:00+09:00,3510.0,3515.0,3370.0,3430.0,109731,0.0,0.0
2021-11-18 00:00:00+09:00,3430.0,3440.0,3345.0,3405.0,72608,0.0,0.0
2021-11-19 00:00:00+09:00,3425.0,3645.0,3405.0,3495.0,192352,0.0,0.0
2021-11-22 00:00:00+09:00,3460.0,3500.0,3410.0,3500.0,69622,0.0,0.0
2021-11-23 00:00:00+09:00,3465.0,3550.0,3455.0,3485.0,75949,0.0,0.0
2021-11-24 00:00:00+09:00,3485.0,3520.0,3375.0,3410.0,92727,0.0,0.0
2021-11-25 00:00:00+09:00,3410.0,3455.0,3380.0,3405.0,55815,0.0,0.0
2021-11-26 00:00:00+09:00,3405.0,3415.0,3195.0,3220.0,231054,0.0,0.0
2021-11-29 00:00:00+09:00,3105.0,3310.0,3100.0,3205.0,99974,0.0,0.0
2021-11-30 00:00:00+09:00,3160.0,3270.0,3005.0,3020.0,116443,0.0,0.0
2021-12-01 00:00:00+09:00,3005.0,3145.0,2945.0,3145.0,74181,0.0,0.0
2021-12-02 00:00:00+09:00,3055.0,3280.0,3055.0,3235.0,41706,0.0,0.0
2021-12-03 00:00:00+09:00,3265.0,3340.0,3250.0,3300.0,49176,0.0,0.0
2021-12-06 00:00:00+09:00,3290.0,3350.0,3245.0,3320.0,58939,0.0,0.0
2021-12-07 00:00:00+09:00,3340.0,3445.0,3340.0,3350.0,79272,0.0,0.0
2021-12-08 00:00:00+09:00,3380.0,3460.0,3380.0,3410.0,73350,0.0,0.0
2021-12-09 00:00:00+09:00,3410.0,3500.0,3410.0,3470.0,84531,0.0,0.0
2021-12-10 00:00:00+09:00,3470.0,3510.0,3450.0,3480.0,53825,0.0,0.0
2021-12-13 00:00:00+09:00,3850.0,4160.0,3740.0,3740.0,6326648,0.0,0.0
2021-12-14 00:00:00+09:00,3735.0,3925.0,3585.0,3715.0,1211448,0.0,0.0
2021-12-15 00:00:00+09:00,3680.0,3720.0,3485.0,3685.0,570247,0.0,0.0
2021-12-16 00:00:00+09:00,3625.0,4435.0,3625.0,3885.0,13090010,0.0,0.0
2021-12-17 00:00:00+09:00,3865.0,4095.0,3845.0,4030.0,2431276,0.0,0.0
2021-12-20 00:00:00+09:00,4110.0,4145.0,3740.0,3740.0,1187777,0.0,0.0
2021-12-21 00:00:00+09:00,3760.0,4860.0,3760.0,4430.0,32879910,0.0,0.0
2021-12-22 00:00:00+09:00,4655.0,4700.0,4360.0,4410.0,7355104,0.0,0.0
2021-12-23 00:00:00+09:00,4405.0,5590.0,4190.0,5350.0,52125250,0.0,0.0
2021-12-24 00:00:00+09:00,5300.0,6200.0,5200.0,5650.0,37401610,0.0,0.0
2021-12-27 00:00:00+09:00,5810.0,6510.0,5810.0,6000.0,32822540,0.0,0.0
2021-12-28 00:00:00+09:00,5900.0,5900.0,5570.0,5680.0,2504493,0.0,0.0
2021-12-29 00:00:00+09:00,5780.0,5880.0,5740.0,5870.0,1605574,0.0,0.0
2021-12-30 00:00:00+09:00,6010.0,6130.0,5880.0,6010.0,2295981,0.0,0.0
2022-01-04 00:00:00+09:00,6770.0,8960.0,6700.0,8680.0,45592370,0.0,0.0
2022-01-05 00:00:00+09:00,9070.0,10050.0,8150.0,8620.0,33169870,0.0,0.0
2022-01-06 00:00:00+09:00,8320.0,8670.0,7830.0,8600.0,13371950,0.0,0.0
2022-01-07 00:00:00+09:00,8380.0,10100.0,8290.0,9170.0,38607790,0.0,0.0
2022-01-10 00:00:00+09:00,8800.0,9020.0,8100.0,8310.0,7232002,0.0,0.0
2022-01-11 00:00:00+09:00,8240.0,8240.0,7300.0,7300.0,4015972,0.0,0.0
2022-01-12 00:00:00+09:00,7280.0,7550.0,7020.0,7350.0,4843140,0.0,0.0
2022-01-13 00:00:00+09:00,7410.0,7550.0,7120.0,7390.0,3095581,0.0,0.0
2022-01-14 00:00:00+09:00,7200.0,7380.0,7050.0,7100.0,1295247,0.0,0.0
2022-01-17 00:00:00+09:00,7180.0,7190.0,6700.0,6820.0,1460149,0.0,0.0
2022-01-18 00:00:00+09:00,6970.0,7080.0,6370.0,6460.0,2150226,0.0,0.0
2022-01-19 00:00:00+09:00,6380.0,6650.0,6210.0,6300.0,1410451,0.0,0.0
2022-01-20 00:00:00+09:00,6430.0,6940.0,6300.0,6850.0,3464537,0.0,0.0
2022-01-21 00:00:00+09:00,6650.0,7060.0,6540.0,7020.0,2867326,0.0,0.0
2022-01-24 00:00:00+09:00,6880.0,6890.0,6470.0,6490.0,1372760,0.0,0.0
2022-01-25 00:00:00+09:00,6630.0,7290.0,6350.0,6580.0,6782479,0.0,0.0
2022-01-26 00:00:00+09:00,6750.0,7200.0,6680.0,6880.0,10791800,0.0,0.0
2022-01-27 00:00:00+09:00,7070.0,7250.0,6680.0,6700.0,4028687,0.0,0.0
2022-01-28 00:00:00+09:00,6820.0,7170.0,6620.0,7000.0,4973601,0.0,0.0
2022-02-03 00:00:00+09:00,7080.0,7180.0,6830.0,7000.0,3111822,0.0,0.0
2022-02-04 00:00:00+09:00,6910.0,8230.0,6840.0,7500.0,21168100,0.0,0.0
2022-02-07 00:00:00+09:00,7470.0,8040.0,7190.0,7700.0,11381560,0.0,0.0
2022-02-08 00:00:00+09:00,7800.0,9280.0,7790.0,8210.0,32593860,0.0,0.0
2022-02-09 00:00:00+09:00,8300.0,8620.0,8140.0,8400.0,7121745,0.0,0.0
2022-02-10 00:00:00+09:00,8210.0,8280.0,7880.0,7910.0,3125067,0.0,0.0
2022-02-11 00:00:00+09:00,7680.0,7950.0,7540.0,7630.0,2287836,0.0,0.0
2022-02-14 00:00:00+09:00,7700.0,8050.0,7480.0,7480.0,3433645,0.0,0.0
2022-02-15 00:00:00+09:00,7490.0,8390.0,7490.0,7870.0,11304270,0.0,0.0
2022-02-16 00:00:00+09:00,8160.0,8790.0,8100.0,8230.0,9203908,0.0,0.0
2022-02-17 00:00:00+09:00,8230.0,8480.0,7690.0,7910.0,4084011,0.0,0.0
2022-02-18 00:00:00+09:00,7880.0,8470.0,7750.0,8450.0,7476902,0.0,0.0
2022-02-21 00:00:00+09:00,8160.0,8320.0,8100.0,8260.0,2851266,0.0,0.0
2022-02-22 00:00:00+09:00,7930.0,8140.0,7850.0,7850.0,2788166,0.0,0.0
2022-02-23 00:00:00+09:00,8000.0,9070.0,7880.0,8920.0,28103010,0.0,0.0
2022-02-24 00:00:00+09:00,8670.0,8820.0,8210.0,8210.0,7766635,0.0,0.0
2022-02-25 00:00:00+09:00,8610.0,10650.0,8600.0,10650.0,38149180,0.0,0.0
2022-02-28 00:00:00+09:00,10550.0,11150.0,10450.0,10800.0,15017900,0.0,0.0
2022-03-02 00:00:00+09:00,10700.0,11050.0,10450.0,10900.0,8196256,0.0,0.0
2022-03-03 00:00:00+09:00,10850.0,10850.0,10000.0,10150.0,6719616,0.0,0.0
2022-03-04 00:00:00+09:00,10050.0,10300.0,9920.0,10150.0,3537230,0.0,0.0
2022-03-07 00:00:00+09:00,9880.0,10300.0,9850.0,9900.0,2769404,0.0,0.0
2022-03-08 00:00:00+09:00,9710.0,10400.0,9620.0,9990.0,5561424,0.0,0.0
2022-03-10 00:00:00+09:00,10350.0,10750.0,10100.0,10450.0,8401447,0.0,0.0
2022-03-11 00:00:00+09:00,10450.0,10550.0,10100.0,10400.0,2521913,0.0,0.0
2022-03-14 00:00:00+09:00,10400.0,11850.0,10150.0,10600.0,13792050,0.0,0.0
2022-03-15 00:00:00+09:00,11300.0,11550.0,10700.0,10800.0,7468348,0.0,0.0
2022-03-16 00:00:00+09:00,10850.0,11000.0,10100.0,11000.0,6806529,0.0,0.0
2022-03-17 00:00:00+09:00,12200.0,13250.0,11150.0,11350.0,19391840,0.0,0.0
2022-03-18 00:00:00+09:00,11600.0,12150.0,11250.0,11650.0,9107521,0.0,0.0
2022-03-21 00:00:00+09:00,12000.0,12100.0,11350.0,11400.0,3736965,0.0,0.0
2022-03-22 00:00:00+09:00,11100.0,11600.0,11100.0,11550.0,1996196,0.0,0.0
2022-03-23 00:00:00+09:00,11400.0,11950.0,11150.0,11900.0,4438749,0.0,0.0
2022-03-24 00:00:00+09:00,11600.0,11850.0,11450.0,11700.0,2312890,0.0,0.0
2022-03-25 00:00:00+09:00,12150.0,12800.0,11800.0,11950.0,10714200,0.0,0.0
2022-03-28 00:00:00+09:00,12000.0,12750.0,11800.0,12000.0,5949274,0.0,0.0
2022-03-29 00:00:00+09:00,12000.0,12100.0,11450.0,11500.0,1920172,0.0,0.0
2022-03-30 00:00:00+09:00,11450.0,11500.0,10150.0,10450.0,4522239,0.0,0.0
2022-03-31 00:00:00+09:00,10200.0,10550.0,10200.0,10350.0,1930558,0.0,0.0
2022-04-01 00:00:00+09:00,10300.0,10550.0,10100.0,10400.0,1283374,0.0,0.0
2022-04-04 00:00:00+09:00,10450.0,10700.0,10350.0,10450.0,1167499,0.0,0.0
2022-04-05 00:00:00+09:00,10550.0,10550.0,10200.0,10250.0,747273,0.0,0.0
2022-04-06 00:00:00+09:00,10150.0,11100.0,10100.0,10500.0,4133607,0.0,0.0
2022-04-07 00:00:00+09:00,10300.0,10350.0,9960.0,10000.0,1349324,0.0,0.0
2022-04-08 00:00:00+09:00,10050.0,10100.0,9520.0,9690.0,1520145,0.0,0.0
2022-04-11 00:00:00+09:00,9750.0,10550.0,9740.0,9920.0,3017672,0.0,0.0
2022-04-12 00:00:00+09:00,9840.0,9860.0,9430.0,9610.0,1017735,0.0,0.0
2022-04-13 00:00:00+09:00,10100.0,10200.0,9700.0,9830.0,1917319,0.0,0.0
2022-04-14 00:00:00+09:00,9840.0,9950.0,9730.0,9830.0,636057,0.0,0.0
2022-04-15 00:00:00+09:00,9710.0,9940.0,9650.0,9920.0,602315,0.0,0.0
2022-04-18 00:00:00+09:00,9790.0,10150.0,9750.0,9910.0,833022,0.0,0.0
2022-04-19 00:00:00+09:00,9970.0,10100.0,9780.0,9870.0,823054,0.0,0.0
2022-04-20 00:00:00+09:00,9970.0,9980.0,9640.0,9650.0,647175,0.0,0.0
2022-04-21 00:00:00+09:00,9650.0,10050.0,9540.0,9950.0,1976483,0.0,0.0
2022-04-22 00:00:00+09:00,10950.0,11400.0,9990.0,10000.0,10851600,0.0,0.0
2022-04-25 00:00:00+09:00,9810.0,10300.0,9700.0,9900.0,1491928,0.0,0.0
2022-04-26 00:00:00+09:00,10050.0,11900.0,9980.0,10700.0,22022020,0.0,0.0
2022-04-27 00:00:00+09:00,10200.0,10450.0,9990.0,10200.0,3490918,0.0,0.0
2022-04-28 00:00:00+09:00,10400.0,10450.0,9830.0,10000.0,2251930,0.0,0.0
2022-04-29 00:00:00+09:00,10000.0,10100.0,9860.0,9930.0,1125157,0.0,0.0
2022-05-03 00:00:00+09:00,10000.0,10900.0,9820.0,10150.0,9200025,0.0,0.0
2022-05-04 00:00:00+09:00,10300.0,10550.0,9880.0,9900.0,2464327,0.0,0.0
2022-05-06 00:00:00+09:00,9660.0,9790.0,9430.0,9490.0,1096195,0.0,0.0
2022-05-10 00:00:00+09:00,8600.0,8820.0,8270.0,8660.0,1022081,0.0,0.0
2022-05-11 00:00:00+09:00,8700.0,8990.0,8550.0,8790.0,1007203,0.0,0.0
2022-05-12 00:00:00+09:00,8610.0,8800.0,8200.0,8250.0,597468,0.0,0.0
2022-05-13 00:00:00+09:00,8250.0,8530.0,8200.0,8360.0,448616,0.0,0.0
2022-05-16 00:00:00+09:00,8460.0,8590.0,8380.0,8380.0,406958,0.0,0.0
2022-05-17 00:00:00+09:00,8430.0,9080.0,8190.0,8620.0,1957966,0.0,0.0
2022-05-18 00:00:00+09:00,8700.0,9950.0,8600.0,9280.0,13995250,0.0,0.0
2022-05-19 00:00:00+09:00,9010.0,9230.0,8960.0,9110.0,1410100,0.0,0.0
2022-05-20 00:00:00+09:00,9110.0,9980.0,9000.0,9400.0,5860261,0.0,0.0
2022-05-23 00:00:00+09:00,9650.0,9800.0,9230.0,9260.0,2110037,0.0,0.0
2022-05-24 00:00:00+09:00,9350.0,9800.0,9260.0,9260.0,4983521,0.0,0.0
2022-05-25 00:00:00+09:00,9260.0,9340.0,8970.0,8970.0,767518,0.0,0.0
2022-05-26 00:00:00+09:00,9010.0,9120.0,8740.0,8790.0,566270,0.0,0.0
2022-05-27 00:00:00+09:00,8950.0,9000.0,8770.0,8820.0,433642,0.0,0.0
2022-05-30 00:00:00+09:00,8950.0,9220.0,8910.0,9120.0,786017,0.0,0.0
2022-05-31 00:00:00+09:00,9240.0,9300.0,9060.0,9070.0,638204,0.0,0.0
2022-06-02 00:00:00+09:00,9130.0,9700.0,9050.0,9300.0,3257947,0.0,0.0
2022-06-03 00:00:00+09:00,9300.0,9310.0,9030.0,9040.0,663178,0.0,0.0
2022-06-07 00:00:00+09:00,9080.0,9380.0,9020.0,9040.0,862745,0.0,0.0
2022-06-08 00:00:00+09:00,9140.0,9150.0,8910.0,8910.0,339148,0.0,0.0
2022-06-09 00:00:00+09:00,8980.0,9380.0,8890.0,8920.0,1778055,0.0,0.0
2022-06-10 00:00:00+09:00,8820.0,8960.0,8780.0,8830.0,310113,0.0,0.0
2022-06-13 00:00:00+09:00,8510.0,8590.0,8130.0,8150.0,625375,0.0,0.0
2022-06-14 00:00:00+09:00,7950.0,8280.0,7830.0,8150.0,455691,0.0,0.0
2022-06-15 00:00:00+09:00,8000.0,8560.0,7650.0,7910.0,1269019,0.0,0.0
2022-06-16 00:00:00+09:00,8110.0,8150.0,7790.0,7800.0,351483,0.0,0.0
2022-06-17 00:00:00+09:00,7610.0,7670.0,7440.0,7590.0,326517,0.0,0.0
2022-06-20 00:00:00+09:00,7600.0,7740.0,7040.0,7120.0,458586,0.0,0.0
2022-06-21 00:00:00+09:00,7180.0,7370.0,7040.0,7300.0,311724,0.0,0.0
2022-06-22 00:00:00+09:00,7270.0,7390.0,6800.0,6810.0,471790,0.0,0.0
2022-06-23 00:00:00+09:00,6810.0,6960.0,6460.0,6460.0,516382,0.0,0.0
2022-06-24 00:00:00+09:00,6500.0,7450.0,6500.0,7200.0,1449752,0.0,0.0
2022-06-27 00:00:00+09:00,7200.0,7440.0,7160.0,7370.0,650554,0.0,0.0
2022-06-28 00:00:00+09:00,7370.0,7940.0,7210.0,7310.0,1111632,0.0,0.0
2022-06-29 00:00:00+09:00,7220.0,7390.0,7120.0,7310.0,347919,0.0,0.0
2022-06-30 00:00:00+09:00,7310.0,7320.0,7000.0,7000.0,284232,0.0,0.0
2022-07-01 00:00:00+09:00,7040.0,7230.0,6860.0,7000.0,364436,0.0,0.0
2022-07-04 00:00:00+09:00,7010.0,7100.0,6630.0,6790.0,228747,0.0,0.0
2022-07-05 00:00:00+09:00,6870.0,7180.0,6870.0,7130.0,353659,0.0,0.0
2022-07-06 00:00:00+09:00,7060.0,7250.0,6990.0,7050.0,279774,0.0,0.0
2022-07-07 00:00:00+09:00,7160.0,7870.0,7050.0,7460.0,2936736,0.0,0.0
2022-07-08 00:00:00+09:00,7470.0,7600.0,7260.0,7300.0,693190,0.0,0.0
2022-07-11 00:00:00+09:00,7300.0,7360.0,7110.0,7110.0,353146,0.0,0.0
2022-07-12 00:00:00+09:00,6990.0,7270.0,6870.0,6970.0,371104,0.0,0.0
2022-07-13 00:00:00+09:00,7050.0,7250.0,6930.0,7090.0,422182,0.0,0.0
2022-07-14 00:00:00+09:00,7000.0,7250.0,7000.0,7190.0,238776,0.0,0.0
2022-07-15 00:00:00+09:00,7200.0,7230.0,6860.0,6960.0,316519,0.0,0.0
2022-07-18 00:00:00+09:00,7010.0,7340.0,7010.0,7300.0,599184,0.0,0.0
2022-07-19 00:00:00+09:00,7250.0,7380.0,7180.0,7370.0,246511,0.0,0.0
2022-07-20 00:00:00+09:00,7490.0,7540.0,7290.0,7400.0,428346,0.0,0.0
2022-07-21 00:00:00+09:00,7370.0,7980.0,7370.0,7460.0,2336728,0.0,0.0
2022-07-22 00:00:00+09:00,7460.0,7490.0,7200.0,7210.0,400194,0.0,0.0
2022-07-25 00:00:00+09:00,7230.0,7300.0,7150.0,7190.0,184961,0.0,0.0
2022-07-26 00:00:00+09:00,7200.0,7300.0,7180.0,7280.0,161676,0.0,0.0
2022-07-27 00:00:00+09:00,7280.0,7370.0,7250.0,7360.0,184179,0.0,0.0
2022-07-28 00:00:00+09:00,7450.0,7530.0,7300.0,7350.0,362642,0.0,0.0
2022-07-29 00:00:00+09:00,7390.0,7540.0,7350.0,7410.0,327324,0.0,0.0
2022-08-01 00:00:00+09:00,7500.0,7890.0,7470.0,7530.0,1571752,0.0,0.0
2022-08-02 00:00:00+09:00,7660.0,8420.0,7640.0,7890.0,7065552,0.0,0.0
2022-08-03 00:00:00+09:00,7890.0,8050.0,7650.0,7860.0,1079035,0.0,0.0
2022-08-04 00:00:00+09:00,7950.0,7990.0,7770.0,7890.0,626324,0.0,0.0
2022-08-05 00:00:00+09:00,7780.0,7870.0,7540.0,7700.0,471246,0.0,0.0
2022-08-08 00:00:00+09:00,7750.0,8030.0,7750.0,7760.0,893321,0.0,0.0
2022-08-09 00:00:00+09:00,7920.0,7920.0,7660.0,7830.0,381221,0.0,0.0
2022-08-10 00:00:00+09:00,7800.0,7820.0,7670.0,7670.0,276929,0.0,0.0
2022-08-11 00:00:00+09:00,7750.0,7850.0,7680.0,7820.0,285565,0.0,0.0
2022-08-12 00:00:00+09:00,7880.0,8140.0,7850.0,7860.0,790268,0.0,0.0
2022-08-16 00:00:00+09:00,7970.0,8100.0,7910.0,7950.0,587178,0.0,0.0
2022-08-17 00:00:00+09:00,7950.0,7990.0,7770.0,7780.0,378948,0.0,0.0
2022-08-18 00:00:00+09:00,7770.0,8660.0,7620.0,8000.0,4860327,0.0,0.0
2022-08-19 00:00:00+09:00,8090.0,8140.0,7880.0,7880.0,1199636,0.0,0.0
2022-08-22 00:00:00+09:00,7780.0,8640.0,7650.0,7780.0,5899113,0.0,0.0
2022-08-23 00:00:00+09:00,7780.0,7980.0,7650.0,7710.0,787977,0.0,0.0
2022-08-24 00:00:00+09:00,7790.0,7900.0,7710.0,7850.0,514916,0.0,0.0
2022-08-25 00:00:00+09:00,7800.0,8050.0,7800.0,7950.0,612503,0.0,0.0
2022-08-26 00:00:00+09:00,8010.0,8100.0,7800.0,7860.0,493828,0.0,0.0
2022-08-29 00:00:00+09:00,7610.0,7680.0,7550.0,7550.0,314913,0.0,0.0
2022-08-30 00:00:00+09:00,7630.0,7640.0,7400.0,7610.0,239243,0.0,0.0
2022-08-31 00:00:00+09:00,7540.0,7800.0,7520.0,7650.0,317871,0.0,0.0
2022-09-01 00:00:00+09:00,7650.0,7650.0,7420.0,7420.0,254691,0.0,0.0
2022-09-02 00:00:00+09:00,7490.0,7500.0,7350.0,7420.0,182043,0.0,0.0
2022-09-05 00:00:00+09:00,7400.0,7500.0,6960.0,7030.0,357307,0.0,0.0
2022-09-06 00:00:00+09:00,7090.0,7170.0,7000.0,7080.0,143320,0.0,0.0
2022-09-07 00:00:00+09:00,7020.0,7050.0,6750.0,6770.0,197644,0.0,0.0
2022-09-08 00:00:00+09:00,7040.0,7950.0,7010.0,7440.0,4800620,0.0,0.0
2022-09-13 00:00:00+09:00,7520.0,7800.0,7470.0,7760.0,1092818,0.0,0.0
2022-09-14 00:00:00+09:00,7520.0,7850.0,7430.0,7760.0,978068,0.0,0.0
2022-09-15 00:00:00+09:00,7910.0,7910.0,7580.0,7600.0,705560,0.0,0.0
2022-09-16 00:00:00+09:00,7600.0,7780.0,7430.0,7430.0,527609,0.0,0.0
2022-09-19 00:00:00+09:00,7600.0,7760.0,7300.0,7320.0,731450,0.0,0.0
2022-09-20 00:00:00+09:00,7420.0,7790.0,7400.0,7770.0,920146,0.0,0.0
2022-09-21 00:00:00+09:00,7700.0,7950.0,7620.0,7900.0,932875,0.0,0.0
2022-09-22 00:00:00+09:00,7750.0,7980.0,7700.0,7950.0,723113,0.0,0.0
2022-09-23 00:00:00+09:00,7980.0,7980.0,7540.0,7650.0,611707,0.0,0.0
2022-09-26 00:00:00+09:00,7520.0,7600.0,6830.0,6900.0,718465,0.0,0.0
2022-09-27 00:00:00+09:00,6820.0,6980.0,6180.0,6780.0,520859,0.0,0.0
2022-09-28 00:00:00+09:00,6660.0,6710.0,6100.0,6100.0,591250,0.0,0.0
2022-09-29 00:00:00+09:00,6260.0,6380.0,5960.0,5960.0,354317,0.0,0.0
2022-09-30 00:00:00+09:00,5760.0,6010.0,5760.0,5890.0,298498,0.0,0.0
2022-10-04 00:00:00+09:00,6010.0,6150.0,5960.0,6140.0,223783,0.0,0.0
2022-10-05 00:00:00+09:00,6280.0,6350.0,5940.0,6060.0,296275,0.0,0.0
2022-10-06 00:00:00+09:00,6110.0,6330.0,6110.0,6310.0,269304,0.0,0.0
2022-10-07 00:00:00+09:00,6250.0,6400.0,6190.0,6290.0,268672,0.0,0.0
2022-10-11 00:00:00+09:00,6140.0,6180.0,5820.0,5820.0,300058,0.0,0.0
2022-10-12 00:00:00+09:00,5820.0,6000.0,5700.0,5870.0,202746,0.0,0.0
2022-10-13 00:00:00+09:00,5820.0,5850.0,5370.0,5410.0,308419,0.0,0.0
2022-10-14 00:00:00+09:00,5600.0,5770.0,5510.0,5740.0,211490,0.0,0.0
2022-10-17 00:00:00+09:00,5600.0,5910.0,5550.0,5860.0,179985,0.0,0.0
2022-10-18 00:00:00+09:00,5920.0,6080.0,5920.0,5990.0,218464,0.0,0.0
2022-10-19 00:00:00+09:00,6090.0,6130.0,5960.0,5990.0,178645,0.0,0.0
2022-10-20 00:00:00+09:00,5960.0,6350.0,5590.0,6230.0,502023,0.0,0.0
2022-10-21 00:00:00+09:00,6260.0,6600.0,6090.0,6360.0,813479,0.0,0.0
2022-10-24 00:00:00+09:00,6440.0,6500.0,6270.0,6310.0,489226,0.0,0.0
2022-10-25 00:00:00+09:00,6400.0,6440.0,6250.0,6270.0,271442,0.0,0.0
2022-10-26 00:00:00+09:00,6270.0,6310.0,6070.0,6080.0,192401,0.0,0.0
2022-10-27 00:00:00+09:00,6110.0,6430.0,6070.0,6410.0,421329,0.0,0.0
2022-10-28 00:00:00+09:00,6240.0,6240.0,6050.0,6100.0,249709,0.0,0.0
2022-10-31 00:00:00+09:00,6180.0,6190.0,6100.0,6160.0,122548,0.0,0.0
2022-11-01 00:00:00+09:00,6110.0,6350.0,6100.0,6350.0,218358,0.0,0.0
2022-11-02 00:00:00+09:00,6290.0,6300.0,6170.0,6210.0,123951,0.0,0.0
2022-11-03 00:00:00+09:00,6020.0,6240.0,5990.0,6190.0,125016,0.0,0.0
2022-11-04 00:00:00+09:00,6210.0,6270.0,6100.0,6250.0,147421,0.0,0.0
2022-11-07 00:00:00+09:00,6300.0,6340.0,6160.0,6330.0,163928,0.0,0.0
2022-11-08 00:00:00+09:00,6320.0,6490.0,6310.0,6430.0,302847,0.0,0.0
2022-11-09 00:00:00+09:00,6490.0,6740.0,6390.0,6390.0,1022470,0.0,0.0
2022-11-10 00:00:00+09:00,6380.0,6390.0,6200.0,6250.0,204114,0.0,0.0
2022-11-11 00:00:00+09:00,6460.0,6570.0,6410.0,6510.0,405439,0.0,0.0
2022-11-14 00:00:00+09:00,6550.0,7140.0,6520.0,6740.0,4175433,0.0,0.0
2022-11-15 00:00:00+09:00,6730.0,6810.0,6650.0,6770.0,501404,0.0,0.0
2022-11-16 00:00:00+09:00,6800.0,6800.0,6650.0,6750.0,264172,0.0,0.0
2022-11-17 00:00:00+09:00,6790.0,6920.0,6660.0,6760.0,585373,0.0,0.0
2022-11-18 00:00:00+09:00,6720.0,7020.0,6670.0,6670.0,899194,0.0,0.0
2022-11-21 00:00:00+09:00,6690.0,6880.0,6490.0,6550.0,397652,0.0,0.0
2022-11-22 00:00:00+09:00,6550.0,6750.0,6490.0,6530.0,329854,0.0,0.0
2022-11-23 00:00:00+09:00,6550.0,6730.0,6550.0,6630.0,210510,0.0,0.0
2022-11-24 00:00:00+09:00,6610.0,6740.0,6610.0,6710.0,173521,0.0,0.0
2022-11-25 00:00:00+09:00,6720.0,6800.0,6600.0,6600.0,210431,0.0,0.0
2022-11-28 00:00:00+09:00,6600.0,6640.0,6290.0,6320.0,212788,0.0,0.0
2022-11-29 00:00:00+09:00,6250.0,6520.0,6250.0,6420.0,159729,0.0,0.0
2022-11-30 00:00:00+09:00,6420.0,6500.0,6350.0,6450.0,131416,0.0,0.0
2022-12-01 00:00:00+09:00,6550.0,6570.0,6470.0,6480.0,118110,0.0,0.0
2022-12-02 00:00:00+09:00,6500.0,6540.0,6410.0,6470.0,81941,0.0,0.0
2022-12-05 00:00:00+09:00,6480.0,6610.0,6460.0,6510.0,142479,0.0,0.0
2022-12-06 00:00:00+09:00,6410.0,6460.0,6270.0,6270.0,124268,0.0,0.0
2022-12-07 00:00:00+09:00,6180.0,6240.0,6080.0,6160.0,114732,0.0,0.0
2022-12-08 00:00:00+09:00,6160.0,6290.0,6100.0,6160.0,110529,0.0,0.0
2022-12-09 00:00:00+09:00,6160.0,6190.0,6050.0,6110.0,100468,0.0,0.0
2022-12-12 00:00:00+09:00,6120.0,6150.0,5650.0,5960.0,97660,0.0,0.0
2022-12-13 00:00:00+09:00,5960.0,6350.0,5950.0,6020.0,148932,0.0,0.0
2022-12-14 00:00:00+09:00,6080.0,6210.0,6050.0,6190.0,106158,0.0,0.0
2022-12-15 00:00:00+09:00,6140.0,6210.0,6090.0,6120.0,66273,0.0,0.0
2022-12-16 00:00:00+09:00,6070.0,6080.0,5970.0,6010.0,77346,0.0,0.0
2022-12-19 00:00:00+09:00,6030.0,7170.0,6030.0,6530.0,10485470,0.0,0.0
2022-12-20 00:00:00+09:00,6560.0,6690.0,6420.0,6640.0,1396960,0.0,0.0
2022-12-21 00:00:00+09:00,6650.0,6730.0,6510.0,6580.0,816974,0.0,0.0
2022-12-22 00:00:00+09:00,6600.0,6760.0,6550.0,6690.0,859634,0.0,0.0
2022-12-23 00:00:00+09:00,6620.0,6620.0,6390.0,6390.0,438221,0.0,0.0
2022-12-26 00:00:00+09:00,6400.0,6500.0,6210.0,6420.0,327396,0.0,0.0
2022-12-27 00:00:00+09:00,6390.0,6530.0,6380.0,6430.0,370035,0.0,0.0
2022-12-28 00:00:00+09:00,6400.0,6690.0,6400.0,6490.0,879701,0.0,0.0
2022-12-29 00:00:00+09:00,6460.0,6730.0,6330.0,6650.0,837220,0.0,0.0
2023-01-02 00:00:00+09:00,6710.0,6770.0,6350.0,6440.0,694684,0.0,0.0
2023-01-03 00:00:00+09:00,6630.0,6940.0,6400.0,6440.0,2827060,0.0,0.0
2023-01-04 00:00:00+09:00,6430.0,6540.0,6370.0,6500.0,519331,0.0,0.0
2023-01-05 00:00:00+09:00,6530.0,6790.0,6430.0,6470.0,998781,0.0,0.0
2023-01-06 00:00:00+09:00,6670.0,7440.0,6590.0,7010.0,7009005,0.0,0.0
2023-01-09 00:00:00+09:00,7130.0,7600.0,7030.0,7280.0,5124289,0.0,0.0
2023-01-10 00:00:00+09:00,7280.0,7500.0,7040.0,7110.0,2314778,0.0,0.0
2023-01-11 00:00:00+09:00,7200.0,7210.0,7020.0,7150.0,685597,0.0,0.0
2023-01-12 00:00:00+09:00,7150.0,7150.0,6890.0,6900.0,612254,0.0,0.0
2023-01-13 00:00:00+09:00,6910.0,7070.0,6900.0,7030.0,546859,0.0,0.0
2023-01-16 00:00:00+09:00,7030.0,7170.0,6970.0,7070.0,555120,0.0,0.0
2023-01-17 00:00:00+09:00,7110.0,7280.0,6970.0,6980.0,687114,0.0,0.0
2023-01-18 00:00:00+09:00,7070.0,8100.0,7050.0,7650.0,12101370,0.0,0.0
2023-01-19 00:00:00+09:00,7450.0,7800.0,7300.0,7590.0,2125786,0.0,0.0
2023-01-20 00:00:00+09:00,7590.0,7830.0,7440.0,7640.0,1757912,0.0,0.0
2023-01-25 00:00:00+09:00,7610.0,7940.0,7570.0,7790.0,7202883,0.0,0.0
2023-01-26 00:00:00+09:00,7920.0,8220.0,7100.0,7170.0,3568337,0.0,0.0
2023-01-27 00:00:00+09:00,7270.0,7380.0,7170.0,7370.0,767745,0.0,0.0
2023-01-30 00:00:00+09:00,7540.0,7560.0,7260.0,7290.0,772632,0.0,0.0
2023-01-31 00:00:00+09:00,7290.0,7720.0,7270.0,7510.0,1899015,0.0,0.0
2023-02-01 00:00:00+09:00,7700.0,7700.0,7260.0,7370.0,700133,0.0,0.0
2023-02-02 00:00:00+09:00,7380.0,7490.0,7280.0,7380.0,422092,0.0,0.0
2023-02-03 00:00:00+09:00,7460.0,7460.0,7070.0,7130.0,612460,0.0,0.0
2023-02-06 00:00:00+09:00,7130.0,7150.0,7000.0,7000.0,316471,0.0,0.0
2023-02-07 00:00:00+09:00,6970.0,7100.0,6960.0,7050.0,228851,0.0,0.0
2023-02-08 00:00:00+09:00,7090.0,7180.0,7080.0,7120.0,316339,0.0,0.0
2023-02-09 00:00:00+09:00,7140.0,7150.0,6940.0,6980.0,292852,0.0,0.0
2023-02-10 00:00:00+09:00,6950.0,7080.0,6830.0,6940.0,278308,0.0,0.0
2023-02-13 00:00:00+09:00,7030.0,7190.0,6980.0,7150.0,352102,0.0,0.0
2023-02-14 00:00:00+09:00,7200.0,7200.0,7000.0,7060.0,289202,0.0,0.0
2023-02-15 00:00:00+09:00,7060.0,7070.0,6740.0,6830.0,335978,0.0,0.0
2023-02-16 00:00:00+09:00,6840.0,6910.0,6830.0,6880.0,194766,0.0,0.0
2023-02-17 00:00:00+09:00,6750.0,6870.0,6750.0,6830.0,121316,0.0,0.0
2023-02-20 00:00:00+09:00,6920.0,6920.0,6730.0,6920.0,166206,0.0,0.0
2023-02-21 00:00:00+09:00,6970.0,7250.0,6910.0,7120.0,806695,0.0,0.0
2023-02-22 00:00:00+09:00,7110.0,7320.0,7000.0,7190.0,838555,0.0,0.0
2023-02-23 00:00:00+09:00,7270.0,7350.0,7160.0,7210.0,639007,0.0,0.0
2023-02-24 00:00:00+09:00,7220.0,7280.0,7010.0,7030.0,393973,0.0,0.0
2023-02-27 00:00:00+09:00,7050.0,7500.0,7050.0,7420.0,2204087,0.0,0.0
2023-02-28 00:00:00+09:00,7490.0,7550.0,7220.0,7240.0,961147,0.0,0.0
2023-03-02 00:00:00+09:00,7250.0,7300.0,7040.0,7130.0,450527,0.0,0.0
2023-03-03 00:00:00+09:00,7340.0,7420.0,7180.0,7180.0,752163,0.0,0.0
2023-03-06 00:00:00+09:00,7210.0,7390.0,7100.0,7350.0,711461,0.0,0.0
2023-03-07 00:00:00+09:00,7380.0,7380.0,7130.0,7150.0,391995,0.0,0.0
2023-03-08 00:00:00+09:00,7220.0,7350.0,7080.0,7120.0,563255,0.0,0.0
2023-03-09 00:00:00+09:00,7140.0,7290.0,6990.0,7020.0,455912,0.0,0.0
2023-03-10 00:00:00+09:00,6930.0,7120.0,6900.0,6930.0,273864,0.0,0.0
2023-03-13 00:00:00+09:00,6760.0,6840.0,6510.0,6700.0,380703,0.0,0.0
2023-03-14 00:00:00+09:00,6770.0,6780.0,6290.0,6290.0,255418,0.0,0.0
2023-03-15 00:00:00+09:00,6400.0,6550.0,6350.0,6410.0,183180,0.0,0.0
2023-03-16 00:00:00+09:00,6550.0,6700.0,6410.0,6560.0,422671,0.0,0.0
2023-03-17 00:00:00+09:00,6800.0,7250.0,6740.0,6950.0,1616886,0.0,0.0
2023-03-20 00:00:00+09:00,6980.0,7130.0,6650.0,7100.0,630960,0.0,0.0
2023-03-21 00:00:00+09:00,7030.0,7130.0,6850.0,6900.0,368295,0.0,0.0
2023-03-22 00:00:00+09:00,6910.0,7120.0,6810.0,7030.0,628338,0.0,0.0
2023-03-23 00:00:00+09:00,6940.0,7140.0,6890.0,6920.0,570412,0.0,0.0
2023-03-24 00:00:00+09:00,6980.0,6980.0,6780.0,6800.0,271756,0.0,0.0
2023-03-27 00:00:00+09:00,6850.0,6870.0,6640.0,6800.0,347756,0.0,0.0
2023-03-28 00:00:00+09:00,7040.0,7170.0,6800.0,6900.0,825557,0.0,0.0
2023-03-29 00:00:00+09:00,6910.0,6920.0,6800.0,6830.0,218925,0.0,0.0
2023-03-30 00:00:00+09:00,6850.0,6900.0,6740.0,6900.0,289489,0.0,0.0
2023-03-31 00:00:00+09:00,6900.0,6900.0,6650.0,6660.0,321885,0.0,0.0
2023-04-03 00:00:00+09:00,6610.0,6660.0,6540.0,6580.0,232939,0.0,0.0
2023-04-04 00:00:00+09:00,6570.0,6660.0,6530.0,6570.0,191148,0.0,0.0
2023-04-05 00:00:00+09:00,6530.0,6640.0,6510.0,6570.0,181304,0.0,0.0
2023-04-06 00:00:00+09:00,6510.0,6560.0,6350.0,6360.0,238613,0.0,0.0
2023-04-07 00:00:00+09:00,6400.0,6510.0,6360.0,6400.0,186335,0.0,0.0
2023-04-10 00:00:00+09:00,6400.0,6430.0,6130.0,6190.0,245847,0.0,0.0
2023-04-11 00:00:00+09:00,6180.0,6260.0,6040.0,6240.0,229675,0.0,0.0
2023-04-12 00:00:00+09:00,6170.0,6340.0,6130.0,6230.0,224683,0.0,0.0
2023-04-13 00:00:00+09:00,6200.0,6350.0,6070.0,6230.0,236484,0.0,0.0
2023-04-14 00:00:00+09:00,6250.0,6290.0,6190.0,6270.0,180493,0.0,0.0
2023-04-17 00:00:00+09:00,6350.0,6430.0,6230.0,6350.0,223878,0.0,0.0
2023-04-18 00:00:00+09:00,6370.0,6370.0,6200.0,6270.0,135532,0.0,0.0
2023-04-19 00:00:00+09:00,6260.0,6530.0,6160.0,6280.0,298631,0.0,0.0
2023-04-20 00:00:00+09:00,6250.0,6340.0,6090.0,6100.0,192948,0.0,0.0
2023-04-21 00:00:00+09:00,6180.0,6330.0,6120.0,6120.0,388577,0.0,0.0
2023-04-24 00:00:00+09:00,6120.0,6140.0,6010.0,6030.0,139743,0.0,0.0
2023-04-25 00:00:00+09:00,6120.0,6120.0,5900.0,5940.0,123822,0.0,0.0
2023-04-26 00:00:00+09:00,5820.0,5970.0,5770.0,5860.0,114805,0.0,0.0
2023-04-27 00:00:00+09:00,5780.0,5810.0,5680.0,5780.0,155180,0.0,0.0
2023-04-28 00:00:00+09:00,5970.0,6000.0,5780.0,5780.0,122056,0.0,0.0
2023-05-02 00:00:00+09:00,5780.0,5870.0,5770.0,5840.0,84026,0.0,0.0
2023-05-03 00:00:00+09:00,5760.0,5840.0,5720.0,5770.0,81052,0.0,0.0
2023-05-04 00:00:00+09:00,5740.0,5920.0,5700.0,5830.0,93638,0.0,0.0
2023-05-08 00:00:00+09:00,5860.0,5920.0,5840.0,5890.0,94119,0.0,0.0
2023-05-09 00:00:00+09:00,5890.0,5990.0,5850.0,5880.0,103139,0.0,0.0
2023-05-10 00:00:00+09:00,5880.0,5920.0,5780.0,5790.0,83313,0.0,0.0
2023-05-11 00:00:00+09:00,5820.0,5860.0,5760.0,5760.0,80676,0.0,0.0
2023-05-12 00:00:00+09:00,5760.0,5770.0,5670.0,5700.0,98796,0.0,0.0
2023-05-15 00:00:00+09:00,5710.0,5730.0,5530.0,5540.0,96524,0.0,0.0
2023-05-16 00:00:00+09:00,5540.0,5600.0,5430.0,5450.0,106788,0.0,0.0
2023-05-17 00:00:00+09:00,5430.0,5560.0,5410.0,5560.0,85648,0.0,0.0
2023-05-18 00:00:00+09:00,5560.0,5670.0,5560.0,5630.0,106991,0.0,0.0
2023-05-19 00:00:00+09:00,5660.0,5720.0,5630.0,5670.0,88038,0.0,0.0
2023-05-22 00:00:00+09:00,5700.0,5710.0,5600.0,5690.0,115421,0.0,0.0
2023-05-23 00:00:00+09:00,5730.0,5730.0,5640.0,5700.0,98507,0.0,0.0
2023-05-24 00:00:00+09:00,5690.0,5700.0,5560.0,5560.0,127333,0.0,0.0
2023-05-25 00:00:00+09:00,5650.0,5670.0,5540.0,5580.0,83438,0.0,0.0
2023-05-26 00:00:00+09:00,5590.0,5590.0,5450.0,5470.0,104754,0.0,0.0
2023-05-30 00:00:00+09:00,5580.0,5670.0,5500.0,5650.0,113786,0.0,0.0
2023-05-31 00:00:00+09:00,5660.0,5680.0,5570.0,5600.0,57483,0.0,0.0
2023-06-01 00:00:00+09:00,5600.0,5620.0,5550.0,5550.0,53773,0.0,0.0
2023-06-02 00:00:00+09:00,5560.0,5640.0,5550.0,5590.0,65963,0.0,0.0
2023-06-05 00:00:00+09:00,5640.0,5690.0,5600.0,5690.0,88941,0.0,0.0
2023-06-07 00:00:00+09:00,5690.0,5740.0,5660.0,5700.0,107556,0.0,0.0
2023-06-08 00:00:00+09:00,5700.0,5710.0,5610.0,5710.0,72225,0.0,0.0
2023-06-09 00:00:00+09:00,5750.0,5750.0,5670.0,5710.0,88420,0.0,0.0
2023-06-12 00:00:00+09:00,5740.0,5740.0,5610.0,5650.0,80426,0.0,0.0
2023-06-13 00:00:00+09:00,5660.0,5690.0,5570.0,5580.0,89462,0.0,0.0
2023-06-14 00:00:00+09:00,5620.0,5660.0,5410.0,5490.0,136514,0.0,0.0
2023-06-15 00:00:00+09:00,5500.0,5520.0,5370.0,5410.0,112802,0.0,0.0
2023-06-16 00:00:00+09:00,5500.0,5500.0,5400.0,5420.0,66191,0.0,0.0
2023-06-19 00:00:00+09:00,5460.0,5640.0,5420.0,5640.0,163078,0.0,0.0
2023-06-20 00:00:00+09:00,5670.0,5670.0,5490.0,5520.0,98510,0.0,0.0
2023-06-21 00:00:00+09:00,5530.0,5560.0,5400.0,5430.0,81506,0.0,0.0
2023-06-22 00:00:00+09:00,5390.0,5610.0,5340.0,5530.0,152325,0.0,0.0
2023-06-23 00:00:00+09:00,5520.0,5540.0,5350.0,5370.0,118686,0.0,0.0
2023-06-26 00:00:00+09:00,5380.0,5380.0,5230.0,5250.0,91287,0.0,0.0
2023-06-27 00:00:00+09:00,5250.0,5350.0,5190.0,5200.0,91506,0.0,0.0
2023-06-28 00:00:00+09:00,5210.0,5240.0,5120.0,5150.0,79147,0.0,0.0
2023-06-29 00:00:00+09:00,5150.0,5160.0,4985.0,4985.0,152193,0.0,0.0
2023-06-30 00:00:00+09:00,4955.0,5050.0,4865.0,5030.0,95183,0.0,0.0
2023-07-03 00:00:00+09:00,5040.0,5180.0,5030.0,5120.0,97079,0.0,0.0
2023-07-04 00:00:00+09:00,5120.0,5120.0,4995.0,5020.0,71360,0.0,0.0
2023-07-05 00:00:00+09:00,5000.0,5020.0,4885.0,4900.0,107763,0.0,0.0
2023-07-06 00:00:00+09:00,4890.0,4890.0,4735.0,4735.0,108093,0.0,0.0
2023-07-07 00:00:00+09:00,4665.0,4790.0,4650.0,4755.0,129377,0.0,0.0
2023-07-10 00:00:00+09:00,4700.0,4800.0,4640.0,4735.0,92920,0.0,0.0
2023-07-12 00:00:00+09:00,4790.0,4885.0,4790.0,4860.0,100047,0.0,0.0
2023-07-13 00:00:00+09:00,4865.0,4985.0,4865.0,4945.0,94291,0.0,0.0
2023-07-14 00:00:00+09:00,5000.0,5000.0,4815.0,4860.0,113328,0.0,0.0
2023-07-17 00:00:00+09:00,4845.0,4970.0,4770.0,4955.0,110027,0.0,0.0
2023-07-18 00:00:00+09:00,4960.0,4995.0,4775.0,4785.0,123570,0.0,0.0
2023-07-19 00:00:00+09:00,4735.0,4825.0,4660.0,4710.0,114703,0.0,0.0
2023-07-20 00:00:00+09:00,4710.0,4800.0,4650.0,4800.0,79405,0.0,0.0
2023-07-21 00:00:00+09:00,4755.0,4870.0,4720.0,4790.0,97059,0.0,0.0
2023-07-24 00:00:00+09:00,4835.0,4840.0,4550.0,4585.0,179734,0.0,0.0
2023-07-25 00:00:00+09:00,4490.0,4580.0,4300.0,4320.0,227095,0.0,0.0
2023-07-26 00:00:00+09:00,4300.0,4320.0,3900.0,4055.0,389349,0.0,0.0
2023-07-27 00:00:00+09:00,4015.0,4395.0,4015.0,4340.0,248797,0.0,0.0
2023-07-28 00:00:00+09:00,4300.0,4490.0,4270.0,4485.0,129056,0.0,0.0
2023-07-31 00:00:00+09:00,4500.0,4560.0,4380.0,4525.0,115411,0.0,0.0
2023-08-01 00:00:00+09:00,4570.0,4715.0,4570.0,4680.0,197011,0.0,0.0
2023-08-02 00:00:00+09:00,4680.0,4830.0,4600.0,4645.0,192774,0.0,0.0
2023-08-03 00:00:00+09:00,4595.0,4720.0,4510.0,4585.0,130190,0.0,0.0
2023-08-04 00:00:00+09:00,4585.0,4795.0,4510.0,4780.0,192341,0.0,0.0
2023-08-07 00:00:00+09:00,4755.0,5950.0,4590.0,5570.0,6027486,0.0,0.0
2023-08-08 00:00:00+09:00,5480.0,5640.0,5160.0,5330.0,2795301,0.0,0.0
2023-08-09 00:00:00+09:00,5510.0,6500.0,5390.0,5750.0,9115357,0.0,0.0
2023-08-10 00:00:00+09:00,5900.0,5920.0,5540.0,5630.0,1117535,0.0,0.0
2023-08-11 00:00:00+09:00,5540.0,6300.0,5420.0,5840.0,3675528,0.0,0.0
2023-08-14 00:00:00+09:00,5850.0,5860.0,5640.0,5760.0,581292,0.0,0.0
2023-08-16 00:00:00+09:00,5650.0,5700.0,5300.0,5330.0,647571,0.0,0.0
2023-08-17 00:00:00+09:00,5210.0,5510.0,5180.0,5470.0,519067,0.0,0.0
2023-08-18 00:00:00+09:00,5300.0,5370.0,5190.0,5220.0,299693,0.0,0.0
2023-08-21 00:00:00+09:00,5170.0,5300.0,5110.0,5220.0,196393,0.0,0.0
2023-08-22 00:00:00+09:00,5230.0,5350.0,5130.0,5170.0,229807,0.0,0.0
2023-08-23 00:00:00+09:00,5170.0,5240.0,5030.0,5050.0,176804,0.0,0.0
2023-08-24 00:00:00+09:00,5060.0,5490.0,5060.0,5400.0,543012,0.0,0.0
2023-08-25 00:00:00+09:00,5300.0,5360.0,5200.0,5250.0,197462,0.0,0.0
2023-08-28 00:00:00+09:00,5250.0,5440.0,5220.0,5380.0,260356,0.0,0.0
2023-08-29 00:00:00+09:00,5490.0,5850.0,5320.0,5530.0,1262862,0.0,0.0
2023-08-30 00:00:00+09:00,5560.0,5790.0,5410.0,5540.0,1001121,0.0,0.0
2023-08-31 00:00:00+09:00,5610.0,5850.0,5430.0,5780.0,1243386,0.0,0.0
2023-09-01 00:00:00+09:00,5800.0,5800.0,5500.0,5500.0,509409,0.0,0.0
2023-09-04 00:00:00+09:00,5580.0,5900.0,5510.0,5750.0,1184238,0.0,0.0
2023-09-05 00:00:00+09:00,5830.0,6630.0,5820.0,6060.0,5027570,0.0,0.0
2023-09-06 00:00:00+09:00,6010.0,6190.0,5810.0,6000.0,1034984,0.0,0.0
2023-09-07 00:00:00+09:00,6120.0,6590.0,6030.0,6170.0,4157360,0.0,0.0
2023-09-08 00:00:00+09:00,6200.0,6520.0,6110.0,6130.0,1878724,0.0,0.0
2023-09-11 00:00:00+09:00,6180.0,6260.0,5760.0,5850.0,1056675,0.0,0.0
2023-09-12 00:00:00+09:00,5990.0,6780.0,5910.0,6150.0,5375484,0.0,0.0
2023-09-13 00:00:00+09:00,6030.0,6030.0,5610.0,5610.0,1190729,0.0,0.0
2023-09-14 00:00:00+09:00,5620.0,5720.0,5430.0,5650.0,443105,0.0,0.0
2023-09-15 00:00:00+09:00,5680.0,5750.0,5580.0,5620.0,338025,0.0,0.0
2023-09-18 00:00:00+09:00,5580.0,5660.0,5450.0,5480.0,280426,0.0,0.0
2023-09-19 00:00:00+09:00,5500.0,5510.0,5290.0,5340.0,271083,0.0,0.0
2023-09-20 00:00:00+09:00,5420.0,5500.0,5210.0,5440.0,274547,0.0,0.0
2023-09-21 00:00:00+09:00,5350.0,5400.0,5230.0,5230.0,205145,0.0,0.0
2023-09-22 00:00:00+09:00,5130.0,5380.0,5070.0,5320.0,219449,0.0,0.0
2023-09-25 00:00:00+09:00,5340.0,5450.0,5170.0,5170.0,154370,0.0,0.0
2023-09-26 00:00:00+09:00,5190.0,5330.0,4990.0,4990.0,178427,0.0,0.0
2023-09-27 00:00:00+09:00,4890.0,5280.0,4875.0,5240.0,177725,0.0,0.0
2023-10-04 00:00:00+09:00,5180.0,5230.0,5020.0,5020.0,109501,0.0,0.0
2023-10-05 00:00:00+09:00,5030.0,5130.0,4570.0,4620.0,284300,0.0,0.0
2023-10-06 00:00:00+09:00,4505.0,4745.0,4505.0,4700.0,70357,0.0,0.0
2023-10-10 00:00:00+09:00,4660.0,4745.0,4510.0,4540.0,140047,0.0,0.0
2023-10-11 00:00:00+09:00,4540.0,4770.0,4540.0,4630.0,131166,0.0,0.0
2023-10-12 00:00:00+09:00,4635.0,4895.0,4635.0,4850.0,148343,0.0,0.0
2023-10-13 00:00:00+09:00,4850.0,4850.0,4725.0,4805.0,87406,0.0,0.0
2023-10-16 00:00:00+09:00,4780.0,4780.0,4465.0,4545.0,166653,0.0,0.0
2023-10-17 00:00:00+09:00,4700.0,4775.0,4590.0,4700.0,119148,0.0,0.0
2023-10-18 00:00:00+09:00,4730.0,4780.0,4550.0,4670.0,80405,0.0,0.0
2023-10-19 00:00:00+09:00,4675.0,4675.0,4380.0,4385.0,161072,0.0,0.0
2023-10-20 00:00:00+09:00,4380.0,4385.0,4110.0,4225.0,127535,0.0,0.0
2023-10-23 00:00:00+09:00,4220.0,4320.0,4200.0,4210.0,70925,0.0,0.0
2023-10-24 00:00:00+09:00,4210.0,4400.0,4085.0,4345.0,105571,0.0,0.0
2023-10-25 00:00:00+09:00,4370.0,4440.0,4300.0,4400.0,67219,0.0,0.0
2023-10-26 00:00:00+09:00,4295.0,4310.0,4145.0,4180.0,112882,0.0,0.0
2023-10-27 00:00:00+09:00,4180.0,4300.0,4105.0,4185.0,82506,0.0,0.0
2023-10-30 00:00:00+09:00,4145.0,4385.0,4120.0,4355.0,113175,0.0,0.0
2023-10-31 00:00:00+09:00,4405.0,4480.0,4210.0,4270.0,88909,0.0,0.0
2023-11-01 00:00:00+09:00,4285.0,4540.0,4285.0,4400.0,277068,0.0,0.0
2023-11-02 00:00:00+09:00,4450.0,4565.0,4450.0,4540.0,118398,0.0,0.0
2023-11-03 00:00:00+09:00,4590.0,4730.0,4505.0,4660.0,148973,0.0,0.0
2023-11-06 00:00:00+09:00,4680.0,4825.0,4655.0,4825.0,211838,0.0,0.0
2023-11-07 00:00:00+09:00,4850.0,4855.0,4655.0,4770.0,126444,0.0,0.0
2023-11-08 00:00:00+09:00,4760.0,4820.0,4680.0,4715.0,98297,0.0,0.0
2023-11-09 00:00:00+09:00,4715.0,4750.0,4540.0,4600.0,69778,0.0,0.0
2023-11-10 00:00:00+09:00,4545.0,4595.0,4480.0,4490.0,47361,0.0,0.0
2023-11-13 00:00:00+09:00,4540.0,4600.0,4430.0,4440.0,71623,0.0,0.0
2023-11-14 00:00:00+09:00,4440.0,4640.0,4410.0,4620.0,54367,0.0,0.0
2023-11-15 00:00:00+09:00,4685.0,4785.0,4665.0,4770.0,110721,0.0,0.0
2023-11-16 00:00:00+09:00,4950.0,4950.0,4770.0,4830.0,124465,0.0,0.0
2023-11-17 00:00:00+09:00,4805.0,4810.0,4660.0,4700.0,62039,0.0,0.0
2023-11-20 00:00:00+09:00,4715.0,4835.0,4650.0,4795.0,81206,0.0,0.0
2023-11-21 00:00:00+09:00,4810.0,4880.0,4790.0,4845.0,105864,0.0,0.0
2023-11-22 00:00:00+09:00,4775.0,4900.0,4765.0,4790.0,116687,0.0,0.0
2023-11-23 00:00:00+09:00,4800.0,4910.0,4775.0,4800.0,125621,0.0,0.0
2023-11-24 00:00:00+09:00,4810.0,4880.0,4740.0,4785.0,78807,0.0,0.0
2023-11-27 00:00:00+09:00,4800.0,4880.0,4725.0,4735.0,71732,0.0,0.0
2023-11-28 00:00:00+09:00,4775.0,4880.0,4740.0,4875.0,211843,0.0,0.0
2023-11-29 00:00:00+09:00,4945.0,5430.0,4830.0,5000.0,2043688,0.0,0.0
2023-11-30 00:00:00+09:00,5080.0,5170.0,4945.0,4970.0,340495,0.0,0.0
2023-12-01 00:00:00+09:00,5000.0,5000.0,4830.0,4870.0,138657,0.0,0.0
2023-12-04 00:00:00+09:00,4870.0,4880.0,4750.0,4850.0,114973,0.0,0.0
2023-12-05 00:00:00+09:00,4845.0,4845.0,4665.0,4665.0,144731,0.0,0.0
2023-12-06 00:00:00+09:00,4670.0,4740.0,4610.0,4730.0,78793,0.0,0.0
2023-12-07 00:00:00+09:00,4730.0,4730.0,4590.0,4620.0,77061,0.0,0.0
2023-12-08 00:00:00+09:00,4660.0,4725.0,4585.0,4715.0,80848,0.0,0.0
2023-12-11 00:00:00+09:00,4800.0,4875.0,4750.0,4830.0,139608,0.0,0.0
2023-12-12 00:00:00+09:00,4835.0,4835.0,4740.0,4820.0,86444,0.0,0.0
2023-12-13 00:00:00+09:00,4860.0,4860.0,4680.0,4695.0,78744,0.0,0.0
2023-12-14 00:00:00+09:00,4705.0,4810.0,4705.0,4755.0,109733,0.0,0.0
2023-12-15 00:00:00+09:00,4755.0,4850.0,4755.0,4810.0,115510,0.0,0.0
2023-12-18 00:00:00+09:00,4890.0,4890.0,4760.0,4820.0,81496,0.0,0.0
2023-12-19 00:00:00+09:00,4825.0,4840.0,4750.0,4760.0,93982,0.0,0.0
2023-12-20 00:00:00+09:00,4775.0,4850.0,4710.0,4725.0,159688,0.0,0.0
2023-12-21 00:00:00+09:00,4750.0,4765.0,4640.0,4645.0,140883,0.0,0.0
2023-12-22 00:00:00+09:00,4700.0,4700.0,4550.0,4560.0,161956,0.0,0.0
2023-12-26 00:00:00+09:00,4560.0,4580.0,4495.0,4515.0,73460,0.0,0.0
2023-12-27 00:00:00+09:00,4505.0,4620.0,4495.0,4615.0,96300,0.0,0.0
2023-12-28 00:00:00+09:00,4620.0,4695.0,4595.0,4695.0,96745,0.0,0.0
2024-01-02 00:00:00+09:00,4700.0,4780.0,4695.0,4780.0,118260,0.0,0.0
2024-01-03 00:00:00+09:00,4735.0,4815.0,4730.0,4800.0,104327,0.0,0.0
2024-01-04 00:00:00+09:00,4800.0,4805.0,4690.0,4700.0,76549,0.0,0.0
2024-01-05 00:00:00+09:00,4705.0,4930.0,4675.0,4900.0,291526,0.0,0.0
2024-01-08 00:00:00+09:00,4900.0,5110.0,4835.0,4915.0,186759,0.0,0.0
2024-01-09 00:00:00+09:00,4965.0,4990.0,4885.0,4945.0,177144,0.0,0.0
2024-01-10 00:00:00+09:00,4950.0,5040.0,4880.0,5000.0,270432,0.0,0.0
2024-01-11 00:00:00+09:00,5050.0,5060.0,4960.0,5000.0,158365,0.0,0.0
2024-01-12 00:00:00+09:00,5000.0,5830.0,4975.0,5190.0,3314130,0.0,0.0
2024-01-15 00:00:00+09:00,5290.0,5550.0,5030.0,5370.0,1424953,0.0,0.0
2024-01-16 00:00:00+09:00,5390.0,5590.0,5230.0,5440.0,994295,0.0,0.0
2024-01-17 00:00:00+09:00,5350.0,5370.0,5080.0,5220.0,450852,0.0,0.0
2024-01-18 00:00:00+09:00,5140.0,5780.0,5110.0,5440.0,2318151,0.0,0.0
2024-01-19 00:00:00+09:00,5470.0,5550.0,5330.0,5340.0,543549,0.0,0.0
2024-01-22 00:00:00+09:00,5420.0,5480.0,5310.0,5380.0,395099,0.0,0.0
2024-01-23 00:00:00+09:00,5500.0,5570.0,5350.0,5430.0,540154,0.0,0.0
2024-01-24 00:00:00+09:00,5460.0,5460.0,5270.0,5330.0,231945,0.0,0.0
2024-01-25 00:00:00+09:00,5280.0,5310.0,5110.0,5190.0,267513,0.0,0.0
2024-01-26 00:00:00+09:00,5180.0,5300.0,5100.0,5280.0,175092,0.0,0.0
2024-01-29 00:00:00+09:00,5270.0,5370.0,5120.0,5160.0,253505,0.0,0.0
2024-01-30 00:00:00+09:00,5160.0,5210.0,4930.0,4980.0,217111,0.0,0.0
2024-01-31 00:00:00+09:00,4980.0,5050.0,4860.0,4900.0,133072,0.0,0.0
2024-02-01 00:00:00+09:00,4860.0,5020.0,4850.0,4940.0,95070,0.0,0.0
2024-02-02 00:00:00+09:00,5010.0,5080.0,4950.0,4965.0,102572,0.0,0.0
2024-02-05 00:00:00+09:00,5030.0,5060.0,4910.0,4995.0,88779,0.0,0.0
2024-02-06 00:00:00+09:00,4995.0,5040.0,4850.0,4975.0,85043,0.0,0.0
2024-02-07 00:00:00+09:00,4970.0,5020.0,4920.0,4970.0,122943,0.0,0.0
2024-02-08 00:00:00+09:00,5090.0,5210.0,5020.0,5050.0,207794,0.0,0.0
2024-02-13 00:00:00+09:00,5050.0,5200.0,5040.0,5170.0,156614,0.0,0.0
2024-02-14 00:00:00+09:00,5100.0,5290.0,5030.0,5200.0,231223,0.0,0.0
2024-02-15 00:00:00+09:00,5280.0,5280.0,5110.0,5170.0,132637,0.0,0.0
2024-02-16 00:00:00+09:00,5170.0,5170.0,5050.0,5090.0,134832,0.0,0.0
2024-02-19 00:00:00+09:00,5070.0,5130.0,5040.0,5090.0,105470,0.0,0.0
2024-02-20 00:00:00+09:00,5090.0,5160.0,5080.0,5110.0,126531,0.0,0.0
2024-02-21 00:00:00+09:00,5120.0,5330.0,5090.0,5150.0,355848,0.0,0.0
2024-02-22 00:00:00+09:00,5180.0,5180.0,5050.0,5120.0,127864,0.0,0.0
2024-02-23 00:00:00+09:00,5140.0,5150.0,5000.0,5010.0,128010,0.0,0.0
2024-02-26 00:00:00+09:00,5010.0,5050.0,4965.0,5000.0,71808,0.0,0.0
2024-02-27 00:00:00+09:00,5000.0,5420.0,4870.0,5030.0,916904,0.0,0.0
2024-02-28 00:00:00+09:00,5070.0,5150.0,4995.0,5140.0,169389,0.0,0.0
2024-02-29 00:00:00+09:00,5140.0,5150.0,4910.0,4950.0,166185,0.0,0.0
2024-03-04 00:00:00+09:00,4950.0,5020.0,4935.0,4955.0,109087,0.0,0.0
2024-03-05 00:00:00+09:00,4910.0,5010.0,4855.0,4875.0,185046,0.0,0.0
2024-03-06 00:00:00+09:00,4875.0,4880.0,4775.0,4775.0,111505,0.0,0.0
2024-03-07 00:00:00+09:00,4760.0,4770.0,4600.0,4610.0,190923,0.0,0.0
2024-03-08 00:00:00+09:00,4625.0,4670.0,4605.0,4665.0,83131,0.0,0.0
2024-03-11 00:00:00+09:00,4665.0,4665.0,4565.0,4630.0,68342,0.0,0.0
2024-03-12 00:00:00+09:00,4630.0,4680.0,4540.0,4630.0,94373,0.0,0.0
2024-03-13 00:00:00+09:00,4665.0,4755.0,4635.0,4745.0,109803,0.0,0.0
2024-03-14 00:00:00+09:00,4815.0,4825.0,4700.0,4770.0,96351,0.0,0.0
2024-03-15 00:00:00+09:00,4780.0,4855.0,4735.0,4775.0,156919,0.0,0.0
2024-03-18 00:00:00+09:00,4780.0,4785.0,4740.0,4765.0,65498,0.0,0.0
2024-03-19 00:00:00+09:00,4780.0,4840.0,4750.0,4770.0,115453,0.0,0.0
2024-03-20 00:00:00+09:00,4785.0,4790.0,4710.0,4725.0,60853,0.0,0.0
2024-03-21 00:00:00+09:00,4790.0,4790.0,4745.0,4770.0,66321,0.0,0.0
2024-03-22 00:00:00+09:00,4775.0,4980.0,4770.0,4890.0,364323,0.0,0.0
2024-03-25 00:00:00+09:00,4905.0,4910.0,4790.0,4845.0,97505,0.0,0.0
2024-03-26 00:00:00+09:00,4880.0,4895.0,4780.0,4810.0,103260,0.0,0.0
2024-03-27 00:00:00+09:00,4810.0,4815.0,4740.0,4740.0,78631,0.0,0.0
2024-03-28 00:00:00+09:00,4730.0,4750.0,4690.0,4690.0,69099,0.0,0.0
2024-03-29 00:00:00+09:00,4695.0,4740.0,4695.0,4725.0,59261,0.0,0.0
2024-04-01 00:00:00+09:00,4770.0,4780.0,4725.0,4765.0,59719,0.0,0.0
2024-04-02 00:00:00+09:00,4765.0,4825.0,4670.0,4675.0,82410,0.0,0.0
2024-04-03 00:00:00+09:00,4605.0,4820.0,4605.0,4625.0,51546,0.0,0.0
2024-04-04 00:00:00+09:00,4625.0,4675.0,4625.0,4645.0,38891,0.0,0.0
2024-04-05 00:00:00+09:00,4610.0,4660.0,4605.0,4640.0,45004,0.0,0.0
2024-04-08 00:00:00+09:00,4715.0,4715.0,4570.0,4570.0,56879,0.0,0.0
2024-04-09 00:00:00+09:00,4570.0,4585.0,4500.0,4500.0,63745,0.0,0.0
2024-04-11 00:00:00+09:00,4500.0,4510.0,4445.0,4470.0,58823,0.0,0.0
2024-04-12 00:00:00+09:00,4470.0,4500.0,4430.0,4440.0,32957,0.0,0.0
2024-04-15 00:00:00+09:00,4410.0,4410.0,4280.0,4300.0,72541,0.0,0.0
2024-04-16 00:00:00+09:00,4280.0,4350.0,4200.0,4230.0,50063,0.0,0.0
2024-04-17 00:00:00+09:00,4230.0,4650.0,4230.0,4370.0,189572,0.0,0.0
2024-04-18 00:00:00+09:00,4330.0,4415.0,4330.0,4390.0,34054,0.0,0.0
2024-04-19 00:00:00+09:00,4425.0,4430.0,4245.0,4320.0,41431,0.0,0.0
2024-04-22 00:00:00+09:00,4315.0,4405.0,4300.0,4350.0,29099,0.0,0.0
2024-04-23 00:00:00+09:00,4355.0,4395.0,4325.0,4325.0,36354,0.0,0.0
2024-04-24 00:00:00+09:00,4355.0,4390.0,4310.0,4370.0,26398,0.0,0.0
2024-04-25 00:00:00+09:00,4355.0,4415.0,4310.0,4395.0,36145,0.0,0.0
2024-04-26 00:00:00+09:00,4385.0,4410.0,4360.0,4380.0,27550,0.0,0.0
2024-04-29 00:00:00+09:00,4380.0,4425.0,4370.0,4420.0,33437,0.0,0.0
2024-04-30 00:00:00+09:00,4420.0,4460.0,4400.0,4440.0,34868,0.0,0.0
2024-05-02 00:00:00+09:00,4440.0,4440.0,4385.0,4410.0,32555,0.0,0.0
2024-05-03 00:00:00+09:00,4440.0,4445.0,4390.0,4410.0,30466,0.0,0.0
2024-05-07 00:00:00+09:00,4415.0,4415.0,4365.0,4395.0,51428,0.0,0.0
2024-05-08 00:00:00+09:00,4385.0,4480.0,4385.0,4470.0,65297,0.0,0.0
2024-05-09 00:00:00+09:00,4480.0,4490.0,4415.0,4415.0,37859,0.0,0.0
2024-05-10 00:00:00+09:00,4525.0,4570.0,4445.0,4470.0,82496,0.0,0.0
2024-05-13 00:00:00+09:00,4490.0,4580.0,4420.0,4445.0,57103,0.0,0.0
2024-05-14 00:00:00+09:00,4445.0,4475.0,4425.0,4460.0,43295,0.0,0.0
2024-05-16 00:00:00+09:00,4465.0,4475.0,4420.0,4420.0,51304,0.0,0.0
2024-05-17 00:00:00+09:00,4420.0,4445.0,4355.0,4370.0,34944,0.0,0.0
2024-05-20 00:00:00+09:00,4390.0,5680.0,4335.0,5680.0,10385540,0.0,0.0
2024-05-21 00:00:00+09:00,5800.0,5810.0,5300.0,5400.0,4889124,0.0,0.0
2024-05-22 00:00:00+09:00,5320.0,6940.0,5310.0,6290.0,20498790,0.0,0.0
2024-05-23 00:00:00+09:00,6230.0,6580.0,5880.0,6300.0,5742162,0.0,0.0
2024-05-24 00:00:00+09:00,6170.0,6220.0,5920.0,5980.0,1279050,0.0,0.0
2024-05-27 00:00:00+09:00,5900.0,6160.0,5540.0,5790.0,1577927,0.0,0.0
2024-05-28 00:00:00+09:00,5790.0,6740.0,5700.0,6030.0,8756115,0.0,0.0
2024-05-29 00:00:00+09:00,6080.0,6110.0,5700.0,5720.0,1056647,0.0,0.0
2024-05-30 00:00:00+09:00,5630.0,5680.0,5160.0,5240.0,1648990,0.0,0.0
2024-05-31 00:00:00+09:00,5240.0,5420.0,5110.0,5230.0,1283292,0.0,0.0
2024-06-03 00:00:00+09:00,5230.0,5470.0,5220.0,5290.0,756562,0.0,0.0
2024-06-04 00:00:00+09:00,5240.0,5570.0,5120.0,5290.0,1087538,0.0,0.0
2024-06-05 00:00:00+09:00,5360.0,5450.0,5050.0,5100.0,572168,0.0,0.0
2024-06-07 00:00:00+09:00,5100.0,5140.0,4985.0,5100.0,306030,0.0,0.0
2024-06-10 00:00:00+09:00,5170.0,5180.0,4985.0,5020.0,252070,0.0,0.0
2024-06-11 00:00:00+09:00,5030.0,5300.0,5020.0,5240.0,761478,0.0,0.0
2024-06-12 00:00:00+09:00,5300.0,5520.0,5150.0,5190.0,1017792,0.0,0.0
2024-06-13 00:00:00+09:00,5190.0,5260.0,5100.0,5140.0,327517,0.0,0.0
2024-06-14 00:00:00+09:00,5140.0,5180.0,5010.0,5110.0,230989,0.0,0.0
2024-06-17 00:00:00+09:00,5120.0,5140.0,5010.0,5030.0,164797,0.0,0.0
2024-06-18 00:00:00+09:00,5030.0,5290.0,5000.0,5100.0,315933,0.0,0.0
2024-06-19 00:00:00+09:00,5100.0,5100.0,4835.0,4930.0,529015,0.0,0.0
2024-06-20 00:00:00+09:00,4920.0,4955.0,4850.0,4890.0,201786,0.0,0.0
2024-06-21 00:00:00+09:00,4900.0,4900.0,4760.0,4780.0,159633,0.0,0.0
2024-06-24 00:00:00+09:00,4790.0,4835.0,4660.0,4730.0,171737,0.0,0.0
2024-06-25 00:00:00+09:00,4730.0,4820.0,4650.0,4730.0,124761,0.0,0.0
2024-06-26 00:00:00+09:00,4690.0,4780.0,4690.0,4725.0,111131,0.0,0.0
2024-06-27 00:00:00+09:00,4715.0,4785.0,4630.0,4650.0,229093,0.0,0.0
2024-06-28 00:00:00+09:00,4650.0,4685.0,4615.0,4620.0,92917,0.0,0.0
2024-07-01 00:00:00+09:00,4620.0,4770.0,4605.0,4670.0,88895,0.0,0.0
2024-07-02 00:00:00+09:00,4670.0,4670.0,4550.0,4565.0,144961,0.0,0.0
2024-07-03 00:00:00+09:00,4580.0,4610.0,4505.0,4580.0,121557,0.0,0.0
2024-07-04 00:00:00+09:00,4575.0,4645.0,4520.0,4600.0,105994,0.0,0.0
2024-07-05 00:00:00+09:00,4640.0,4835.0,4640.0,4720.0,396055,0.0,0.0
2024-07-08 00:00:00+09:00,4720.0,4820.0,4695.0,4820.0,136184,0.0,0.0
2024-07-09 00:00:00+09:00,4825.0,4825.0,4750.0,4800.0,120503,0.0,0.0
2024-07-10 00:00:00+09:00,4870.0,4870.0,4730.0,4810.0,88108,0.0,0.0
2024-07-11 00:00:00+09:00,4880.0,4880.0,4780.0,4825.0,135012,0.0,0.0
2024-07-12 00:00:00+09:00,4870.0,5000.0,4725.0,4725.0,532592,0.0,0.0
2024-07-15 00:00:00+09:00,4715.0,4740.0,4630.0,4685.0,141248,0.0,0.0
2024-07-16 00:00:00+09:00,4680.0,4710.0,4595.0,4635.0,138148,0.0,0.0
2024-07-17 00:00:00+09:00,4670.0,4675.0,4590.0,4595.0,73937,0.0,0.0
2024-07-18 00:00:00+09:00,4505.0,4540.0,4405.0,4480.0,135822,0.0,0.0
2024-07-19 00:00:00+09:00,4510.0,4510.0,4410.0,4460.0,72820,0.0,0.0
2024-07-22 00:00:00+09:00,4450.0,4450.0,4300.0,4345.0,142022,0.0,0.0
2024-07-23 00:00:00+09:00,4450.0,4455.0,4300.0,4380.0,91398,0.0,0.0
2024-07-24 00:00:00+09:00,4370.0,4400.0,4300.0,4310.0,83138,0.0,0.0
2024-07-25 00:00:00+09:00,4270.0,4345.0,4100.0,4240.0,103966,0.0,0.0
2024-07-26 00:00:00+09:00,4260.0,4270.0,4125.0,4215.0,57130,0.0,0.0
2024-07-29 00:00:00+09:00,4215.0,4325.0,4215.0,4310.0,40171,0.0,0.0
2024-07-30 00:00:00+09:00,4310.0,4335.0,4195.0,4210.0,75020,0.0,0.0
2024-07-31 00:00:00+09:00,4245.0,4300.0,4180.0,4300.0,56288,0.0,0.0
2024-08-01 00:00:00+09:00,4310.0,4380.0,4310.0,4350.0,44280,0.0,0.0
2024-08-02 00:00:00+09:00,4310.0,4345.0,4085.0,4130.0,105316,0.0,0.0
2024-08-05 00:00:00+09:00,3890.0,4020.0,3250.0,3300.0,353732,0.0,0.0
2024-08-06 00:00:00+09:00,3300.0,3685.0,3300.0,3595.0,220655,0.0,0.0
2024-08-07 00:00:00+09:00,3595.0,3810.0,3595.0,3705.0,79731,0.0,0.0
2024-08-08 00:00:00+09:00,3705.0,3940.0,3450.0,3620.0,88056,0.0,0.0
2024-08-09 00:00:00+09:00,3625.0,3900.0,3625.0,3755.0,76051,0.0,0.0
2024-08-12 00:00:00+09:00,3755.0,3825.0,3755.0,3815.0,47136,0.0,0.0
2024-08-13 00:00:00+09:00,3815.0,3830.0,3710.0,3745.0,46287,0.0,0.0
2024-08-14 00:00:00+09:00,3785.0,3895.0,3780.0,3880.0,62303,0.0,0.0
2024-08-16 00:00:00+09:00,3965.0,3965.0,3845.0,3895.0,63028,0.0,0.0
2024-08-19 00:00:00+09:00,3865.0,3915.0,3845.0,3860.0,41086,0.0,0.0
2024-08-20 00:00:00+09:00,3860.0,3990.0,3860.0,3980.0,65280,0.0,0.0
2024-08-21 00:00:00+09:00,3955.0,4030.0,3910.0,4020.0,52178,0.0,0.0
2024-08-22 00:00:00+09:00,3985.0,4020.0,3865.0,3870.0,61163,0.0,0.0
2024-08-23 00:00:00+09:00,3865.0,3880.0,3750.0,3855.0,46803,0.0,0.0
2024-08-26 00:00:00+09:00,3820.0,3940.0,3795.0,3810.0,46586,0.0,0.0
2024-08-27 00:00:00+09:00,3800.0,3865.0,3735.0,3845.0,32168,0.0,0.0
2024-08-28 00:00:00+09:00,3810.0,3850.0,3745.0,3795.0,47969,0.0,0.0
2024-08-29 00:00:00+09:00,3760.0,3760.0,3520.0,3670.0,49234,0.0,0.0
2024-08-30 00:00:00+09:00,3635.0,3740.0,3635.0,3675.0,40717,0.0,0.0
2024-09-02 00:00:00+09:00,3675.0,3795.0,3635.0,3790.0,44716,0.0,0.0
2024-09-03 00:00:00+09:00,3750.0,3805.0,3705.0,3730.0,39436,0.0,0.0
2024-09-04 00:00:00+09:00,3600.0,3635.0,3490.0,3510.0,78916,0.0,0.0
2024-09-05 00:00:00+09:00,3510.0,3580.0,3410.0,3460.0,44765,0.0,0.0
2024-09-06 00:00:00+09:00,3400.0,3480.0,3335.0,3360.0,46989,0.0,0.0
2024-09-09 00:00:00+09:00,3255.0,3390.0,3245.0,3390.0,30275,0.0,0.0
2024-09-10 00:00:00+09:00,3355.0,3425.0,3295.0,3300.0,45830,0.0,0.0
2024-09-11 00:00:00+09:00,3300.0,3410.0,3300.0,3315.0,38758,0.0,0.0
2024-09-12 00:00:00+09:00,3330.0,3620.0,3330.0,3540.0,56349,0.0,0.0
2024-09-13 00:00:00+09:00,3505.0,3580.0,3465.0,3525.0,26277,0.0,0.0
2024-09-19 00:00:00+09:00,3525.0,3545.0,3455.0,3510.0,21218,0.0,0.0
2024-09-20 00:00:00+09:00,3565.0,3730.0,3520.0,3555.0,66288,0.0,0.0
2024-09-23 00:00:00+09:00,3610.0,3610.0,3505.0,3550.0,32131,0.0,0.0
2024-09-24 00:00:00+09:00,3550.0,3600.0,3535.0,3575.0,19389,0.0,0.0
2024-09-25 00:00:00+09:00,3575.0,3660.0,3575.0,3590.0,45643,0.0,0.0
2024-09-26 00:00:00+09:00,3580.0,3710.0,3575.0,3700.0,45720,0.0,0.0
2024-09-27 00:00:00+09:00,3715.0,3740.0,3655.0,3695.0,38816,0.0,0.0
2024-09-30 00:00:00+09:00,3695.0,3740.0,3600.0,3600.0,48223,0.0,0.0
2024-10-02 00:00:00+09:00,3600.0,3620.0,3515.0,3595.0,20052,0.0,0.0
2024-10-04 00:00:00+09:00,3595.0,3620.0,3550.0,3550.0,28246,0.0,0.0
2024-10-07 00:00:00+09:00,3570.0,3650.0,3550.0,3640.0,29224,0.0,0.0
2024-10-08 00:00:00+09:00,3640.0,3655.0,3595.0,3605.0,28965,0.0,0.0
2024-10-10 00:00:00+09:00,3605.0,3645.0,3540.0,3575.0,31521,0.0,0.0
2024-10-11 00:00:00+09:00,3550.0,3625.0,3535.0,3555.0,47924,0.0,0.0
2024-10-14 00:00:00+09:00,3520.0,3540.0,3470.0,3490.0,43934,0.0,0.0
2024-10-15 00:00:00+09:00,3540.0,3545.0,3295.0,3435.0,48762,0.0,0.0
2024-10-16 00:00:00+09:00,3400.0,3455.0,3300.0,3400.0,47434,0.0,0.0
2024-10-17 00:00:00+09:00,3400.0,3435.0,3335.0,3390.0,30023,0.0,0.0
2024-10-18 00:00:00+09:00,3405.0,3410.0,3305.0,3380.0,48092,0.0,0.0
2024-10-21 00:00:00+09:00,3360.0,3420.0,3305.0,3375.0,37204,0.0,0.0
2024-10-22 00:00:00+09:00,3375.0,3375.0,3240.0,3260.0,59240,0.0,0.0
2024-10-23 00:00:00+09:00,3260.0,3320.0,3205.0,3295.0,38284,0.0,0.0
2024-10-24 00:00:00+09:00,3295.0,3295.0,3215.0,3215.0,30637,0.0,0.0
2024-10-25 00:00:00+09:00,3215.0,3220.0,3110.0,3130.0,60693,0.0,0.0
2024-10-28 00:00:00+09:00,3130.0,4000.0,3130.0,3525.0,5187263,0.0,0.0
2024-10-29 00:00:00+09:00,3620.0,3930.0,3415.0,3450.0,1128765,0.0,0.0
2024-10-30 00:00:00+09:00,3450.0,3480.0,3345.0,3385.0,168486,0.0,0.0
2024-10-31 00:00:00+09:00,3385.0,4330.0,3230.0,4070.0,9244090,0.0,0.0
2024-11-01 00:00:00+09:00,4070.0,4230.0,3740.0,3765.0,1614169,0.0,0.0
2024-11-04 00:00:00+09:00,3690.0,4120.0,3690.0,3925.0,2309671,0.0,0.0
2024-11-05 00:00:00+09:00,3880.0,3950.0,3785.0,3850.0,480865,0.0,0.0
2024-11-06 00:00:00+09:00,3845.0,3915.0,3620.0,3690.0,491254,0.0,0.0
2024-11-07 00:00:00+09:00,3655.0,4145.0,3655.0,3800.0,2351886,0.0,0.0
2024-11-08 00:00:00+09:00,3765.0,3880.0,3735.0,3805.0,333215,0.0,0.0
