Date,Open,High,Low,Close,Volume,Dividends,Stock Splits
2001-01-19 00:00:00+09:00,767.5475463867188,767.5475463867188,767.5475463867188,767.5475463867188,2400,0.0,0.0
2001-01-22 00:00:00+09:00,767.5475463867188,767.5475463867188,767.5475463867188,767.5475463867188,0,0.0,0.0
2001-01-23 00:00:00+09:00,767.5475463867188,767.5475463867188,767.5475463867188,767.5475463867188,0,0.0,0.0
2001-01-24 00:00:00+09:00,767.5475463867188,767.5475463867188,767.5475463867188,767.5475463867188,0,0.0,0.0
2001-01-25 00:00:00+09:00,767.5475463867188,767.5475463867188,767.5475463867188,767.5475463867188,0,0.0,0.0
2001-01-26 00:00:00+09:00,767.5475463867188,767.5475463867188,767.5475463867188,767.5475463867188,0,0.0,0.0
2001-01-29 00:00:00+09:00,767.5475463867188,767.5475463867188,767.5475463867188,767.5475463867188,0,0.0,0.0
2001-01-30 00:00:00+09:00,767.5475463867188,767.5475463867188,767.5475463867188,767.5475463867188,0,0.0,0.0
2001-01-31 00:00:00+09:00,767.5475463867188,767.5475463867188,767.5475463867188,767.5475463867188,0,0.0,0.0
2001-02-01 00:00:00+09:00,767.5475463867188,767.5475463867188,767.5475463867188,767.5475463867188,0,0.0,0.0
2001-02-02 00:00:00+09:00,767.5475463867188,767.5475463867188,767.5475463867188,767.5475463867188,0,0.0,0.0
2001-02-05 00:00:00+09:00,767.5475463867188,767.5475463867188,767.5475463867188,767.5475463867188,0,0.0,0.0
2001-02-06 00:00:00+09:00,767.5475463867188,767.5475463867188,767.5475463867188,767.5475463867188,0,0.0,0.0
2001-02-07 00:00:00+09:00,767.5475463867188,767.5475463867188,767.5475463867188,767.5475463867188,0,0.0,0.0
2001-02-08 00:00:00+09:00,767.5475463867188,767.5475463867188,767.5475463867188,767.5475463867188,0,0.0,0.0
2001-02-09 00:00:00+09:00,767.5475463867188,767.5475463867188,767.5475463867188,767.5475463867188,0,0.0,0.0
2001-02-12 00:00:00+09:00,767.5475463867188,767.5475463867188,767.5475463867188,767.5475463867188,0,0.0,0.0
2001-02-13 00:00:00+09:00,767.5475463867188,767.5475463867188,767.5475463867188,767.5475463867188,0,0.0,0.0
2001-02-14 00:00:00+09:00,767.5475463867188,767.5475463867188,767.5475463867188,767.5475463867188,0,0.0,0.0
2001-02-15 00:00:00+09:00,767.5475463867188,767.5475463867188,767.5475463867188,767.5475463867188,0,0.0,0.0
2001-02-16 00:00:00+09:00,767.5475463867188,767.5475463867188,767.5475463867188,767.5475463867188,0,0.0,0.0
2001-02-19 00:00:00+09:00,767.5475463867188,767.5475463867188,767.5475463867188,767.5475463867188,0,0.0,0.0
2001-02-20 00:00:00+09:00,767.5475463867188,767.5475463867188,767.5475463867188,767.5475463867188,0,0.0,0.0
2001-02-21 00:00:00+09:00,767.5475463867188,767.5475463867188,767.5475463867188,767.5475463867188,0,0.0,0.0
2001-02-22 00:00:00+09:00,767.5475463867188,767.5475463867188,767.5475463867188,767.5475463867188,0,0.0,0.0
2001-02-23 00:00:00+09:00,779.4783325195312,779.4783325195312,779.4783325195312,779.4783325195312,0,15.0,0.0
2001-02-26 00:00:00+09:00,779.4783325195312,779.4783325195312,779.4783325195312,779.4783325195312,0,0.0,0.0
2001-02-27 00:00:00+09:00,779.4783325195312,779.4783325195312,779.4783325195312,779.4783325195312,0,0.0,0.0
2001-02-28 00:00:00+09:00,779.4783325195312,779.4783325195312,779.4783325195312,779.4783325195312,0,0.0,0.0
2001-03-01 00:00:00+09:00,779.4783325195312,779.4783325195312,779.4783325195312,779.4783325195312,0,0.0,0.0
2001-03-02 00:00:00+09:00,819.24755859375,819.24755859375,819.24755859375,819.24755859375,200,0.0,0.0
2001-03-05 00:00:00+09:00,819.24755859375,819.24755859375,819.24755859375,819.24755859375,0,0.0,0.0
2001-03-06 00:00:00+09:00,819.24755859375,819.24755859375,819.24755859375,819.24755859375,0,0.0,0.0
2001-03-07 00:00:00+09:00,819.24755859375,819.24755859375,819.24755859375,819.24755859375,0,0.0,0.0
2001-03-08 00:00:00+09:00,819.24755859375,819.24755859375,819.24755859375,819.24755859375,0,0.0,0.0
2001-03-09 00:00:00+09:00,819.24755859375,819.24755859375,819.24755859375,819.24755859375,0,0.0,0.0
2001-03-12 00:00:00+09:00,819.24755859375,819.24755859375,819.24755859375,819.24755859375,0,0.0,0.0
2001-03-13 00:00:00+09:00,819.24755859375,819.24755859375,819.24755859375,819.24755859375,0,0.0,0.0
2001-03-14 00:00:00+09:00,819.24755859375,819.24755859375,819.24755859375,819.24755859375,0,0.0,0.0
2001-03-15 00:00:00+09:00,819.24755859375,819.24755859375,819.24755859375,819.24755859375,0,0.0,0.0
2001-03-16 00:00:00+09:00,819.24755859375,819.24755859375,819.24755859375,819.24755859375,0,0.0,0.0
2001-03-19 00:00:00+09:00,815.2706909179688,815.2706909179688,815.2706909179688,815.2706909179688,400,0.0,0.0
2001-03-20 00:00:00+09:00,815.2706909179688,815.2706909179688,815.2706909179688,815.2706909179688,0,0.0,0.0
2001-03-21 00:00:00+09:00,815.2706909179688,815.2706909179688,815.2706909179688,815.2706909179688,0,0.0,0.0
2001-03-22 00:00:00+09:00,815.2706909179688,815.2706909179688,815.2706909179688,815.2706909179688,0,0.0,0.0
2001-03-23 00:00:00+09:00,815.2706909179688,815.2706909179688,815.2706909179688,815.2706909179688,0,0.0,0.0
2001-03-26 00:00:00+09:00,775.5012865568463,775.5012865568463,755.6166381835938,755.6166381835938,400,0.0,0.0
2001-03-27 00:00:00+09:00,755.6166381835938,755.6166381835938,755.6166381835938,755.6166381835938,800,0.0,0.0
2001-03-28 00:00:00+09:00,795.385986328125,795.385986328125,795.385986328125,795.385986328125,200,0.0,0.0
2001-03-29 00:00:00+09:00,795.385986328125,795.385986328125,795.385986328125,795.385986328125,0,0.0,0.0
2001-03-30 00:00:00+09:00,791.4091871995192,791.4091871995192,775.50146484375,775.50146484375,400,0.0,0.0
2001-04-02 00:00:00+09:00,775.50146484375,775.50146484375,775.50146484375,775.50146484375,200,0.0,0.0
2001-04-03 00:00:00+09:00,755.6166381835938,755.6166381835938,755.6166381835938,755.6166381835938,200,0.0,0.0
2001-04-04 00:00:00+09:00,755.6166381835938,755.6166381835938,755.6166381835938,755.6166381835938,400,0.0,0.0
2001-04-05 00:00:00+09:00,755.6166381835938,755.6166381835938,755.6166381835938,755.6166381835938,400,0.0,0.0
2001-04-06 00:00:00+09:00,755.6166381835938,755.6166381835938,755.6166381835938,755.6166381835938,600,0.0,0.0
2001-04-09 00:00:00+09:00,755.6166381835938,755.6166381835938,755.6166381835938,755.6166381835938,0,0.0,0.0
2001-04-10 00:00:00+09:00,755.6166381835938,755.6166381835938,755.6166381835938,755.6166381835938,0,0.0,0.0
2001-04-11 00:00:00+09:00,755.6166381835938,755.6166381835938,755.6166381835938,755.6166381835938,0,0.0,0.0
2001-04-12 00:00:00+09:00,755.6166381835938,755.6166381835938,755.6166381835938,755.6166381835938,0,0.0,0.0
2001-04-13 00:00:00+09:00,755.6166381835938,755.6166381835938,755.6166381835938,755.6166381835938,200,0.0,0.0
2001-04-16 00:00:00+09:00,755.6166381835938,755.6166381835938,755.6166381835938,755.6166381835938,0,0.0,0.0
2001-04-17 00:00:00+09:00,755.6167772081163,755.6167772081163,715.8474731445312,715.8474731445312,1800,0.0,0.0
2001-04-18 00:00:00+09:00,719.8243408203125,719.8243408203125,719.8243408203125,719.8243408203125,200,0.0,0.0
2001-04-19 00:00:00+09:00,719.8243985202142,727.7782592773438,719.8243985202142,727.7782592773438,800,0.0,0.0
2001-04-20 00:00:00+09:00,755.6166381835938,755.6166381835938,755.6166381835938,755.6166381835938,600,0.0,0.0
2001-04-23 00:00:00+09:00,755.6166381835938,755.6166381835938,755.6166381835938,755.6166381835938,200,0.0,0.0
2001-04-24 00:00:00+09:00,755.6166381835938,755.6166381835938,755.6166381835938,755.6166381835938,0,0.0,0.0
2001-04-25 00:00:00+09:00,735.7321166992188,735.7321166992188,735.7321166992188,735.7321166992188,400,0.0,0.0
2001-04-26 00:00:00+09:00,735.7321166992188,735.7321166992188,735.7321166992188,735.7321166992188,400,0.0,0.0
2001-04-27 00:00:00+09:00,767.5475463867188,767.5475463867188,767.5475463867188,767.5475463867188,600,0.0,0.0
2001-04-30 00:00:00+09:00,767.5475463867188,767.5475463867188,767.5475463867188,767.5475463867188,0,0.0,0.0
2001-05-01 00:00:00+09:00,767.5475463867188,767.5475463867188,767.5475463867188,767.5475463867188,200,0.0,0.0
2001-05-02 00:00:00+09:00,767.5475463867188,767.5475463867188,767.5475463867188,767.5475463867188,0,0.0,0.0
2001-05-03 00:00:00+09:00,767.5475463867188,767.5475463867188,767.5475463867188,767.5475463867188,0,0.0,0.0
2001-05-04 00:00:00+09:00,767.5475463867188,767.5475463867188,767.5475463867188,767.5475463867188,0,0.0,0.0
2001-05-07 00:00:00+09:00,775.50146484375,775.50146484375,775.50146484375,775.50146484375,20,0.0,0.0
2001-05-08 00:00:00+09:00,775.50146484375,775.50146484375,775.50146484375,775.50146484375,0,0.0,0.0
2001-05-09 00:00:00+09:00,775.50146484375,775.50146484375,775.50146484375,775.50146484375,0,0.0,0.0
2001-05-10 00:00:00+09:00,775.50146484375,775.50146484375,775.50146484375,775.50146484375,0,0.0,0.0
2001-05-11 00:00:00+09:00,775.5014053816648,775.5014053816648,771.5244750976562,771.5244750976562,12,0.0,0.0
2001-05-14 00:00:00+09:00,771.5244750976562,771.5244750976562,771.5244750976562,771.5244750976562,0,0.0,0.0
2001-05-15 00:00:00+09:00,771.5244750976562,771.5244750976562,771.5244750976562,771.5244750976562,200,0.0,0.0
2001-05-16 00:00:00+09:00,771.5244750976562,771.5244750976562,771.5244750976562,771.5244750976562,0,0.0,0.0
2001-05-17 00:00:00+09:00,771.5244750976562,771.5244750976562,771.5244750976562,771.5244750976562,0,0.0,0.0
2001-05-18 00:00:00+09:00,771.5244750976562,771.5244750976562,771.5244750976562,771.5244750976562,0,0.0,0.0
2001-05-21 00:00:00+09:00,771.5244750976562,771.5244750976562,771.5244750976562,771.5244750976562,0,0.0,0.0
2001-05-22 00:00:00+09:00,775.50146484375,775.50146484375,775.50146484375,775.50146484375,200,0.0,0.0
2001-05-23 00:00:00+09:00,775.50146484375,775.50146484375,775.50146484375,775.50146484375,0,0.0,0.0
2001-05-24 00:00:00+09:00,775.50146484375,775.50146484375,775.50146484375,775.50146484375,0,0.0,0.0
2001-05-25 00:00:00+09:00,775.50146484375,775.50146484375,775.50146484375,775.50146484375,0,0.0,0.0
2001-05-28 00:00:00+09:00,775.50146484375,775.50146484375,775.50146484375,775.50146484375,0,0.0,0.0
2001-05-29 00:00:00+09:00,755.6166381835938,755.6166381835938,755.6166381835938,755.6166381835938,200,0.0,0.0
2001-05-30 00:00:00+09:00,775.50146484375,775.50146484375,775.50146484375,775.50146484375,1200,0.0,0.0
2001-05-31 00:00:00+09:00,771.5244750976562,771.5244750976562,771.5244750976562,771.5244750976562,600,0.0,0.0
2001-06-01 00:00:00+09:00,735.7320407925523,783.4552001953125,735.7320407925523,783.4552001953125,800,0.0,0.0
2001-06-04 00:00:00+09:00,783.4552001953125,783.4552001953125,783.4552001953125,783.4552001953125,0,0.0,0.0
2001-06-05 00:00:00+09:00,783.4552001953125,783.4552001953125,783.4552001953125,783.4552001953125,0,0.0,0.0
2001-06-06 00:00:00+09:00,783.4552001953125,783.4552001953125,783.4552001953125,783.4552001953125,0,0.0,0.0
2001-06-07 00:00:00+09:00,783.4552001953125,783.4552001953125,783.4552001953125,783.4552001953125,0,0.0,0.0
2001-06-08 00:00:00+09:00,783.4552001953125,783.4552001953125,783.4552001953125,783.4552001953125,0,0.0,0.0
2001-06-11 00:00:00+09:00,775.50146484375,775.50146484375,775.50146484375,775.50146484375,200,0.0,0.0
2001-06-12 00:00:00+09:00,775.50146484375,775.50146484375,775.50146484375,775.50146484375,0,0.0,0.0
2001-06-13 00:00:00+09:00,775.50146484375,775.50146484375,775.50146484375,775.50146484375,0,0.0,0.0
2001-06-14 00:00:00+09:00,775.50146484375,775.50146484375,775.50146484375,775.50146484375,200,0.0,0.0
2001-06-15 00:00:00+09:00,775.50146484375,775.50146484375,775.50146484375,775.50146484375,0,0.0,0.0
2001-06-18 00:00:00+09:00,775.50146484375,775.50146484375,775.50146484375,775.50146484375,0,0.0,0.0
2001-06-19 00:00:00+09:00,775.50146484375,775.50146484375,775.50146484375,775.50146484375,0,0.0,0.0
2001-06-20 00:00:00+09:00,775.50146484375,775.50146484375,775.50146484375,775.50146484375,0,0.0,0.0
2001-06-21 00:00:00+09:00,775.50146484375,775.50146484375,775.50146484375,775.50146484375,0,0.0,0.0
2001-06-22 00:00:00+09:00,775.50146484375,775.50146484375,775.50146484375,775.50146484375,0,0.0,0.0
2001-06-25 00:00:00+09:00,775.50146484375,775.50146484375,775.50146484375,775.50146484375,0,0.0,0.0
2001-06-26 00:00:00+09:00,755.6166381835938,755.6166381835938,755.6166381835938,755.6166381835938,200,0.0,0.0
2001-06-27 00:00:00+09:00,755.6166381835938,755.6166381835938,755.6166381835938,755.6166381835938,0,0.0,0.0
2001-06-28 00:00:00+09:00,755.6166381835938,755.6166381835938,755.6166381835938,755.6166381835938,0,0.0,0.0
2001-06-29 00:00:00+09:00,755.6166381835938,755.6166381835938,755.6166381835938,755.6166381835938,0,0.0,0.0
2001-07-02 00:00:00+09:00,755.6166381835938,755.6166381835938,755.6166381835938,755.6166381835938,0,0.0,0.0
2001-07-03 00:00:00+09:00,791.4090576171875,791.4090576171875,791.4090576171875,791.4090576171875,200,0.0,0.0
2001-07-04 00:00:00+09:00,795.385986328125,795.385986328125,795.385986328125,795.385986328125,400,0.0,0.0
2001-07-05 00:00:00+09:00,795.385986328125,795.385986328125,795.385986328125,795.385986328125,0,0.0,0.0
2001-07-06 00:00:00+09:00,751.6397705078125,751.6397705078125,751.6397705078125,751.6397705078125,800,0.0,0.0
2001-07-09 00:00:00+09:00,751.6397705078125,751.6397705078125,751.6397705078125,751.6397705078125,0,0.0,0.0
2001-07-10 00:00:00+09:00,751.6397705078125,751.6397705078125,751.6397705078125,751.6397705078125,0,0.0,0.0
2001-07-11 00:00:00+09:00,755.6166381835938,755.6166381835938,755.6166381835938,755.6166381835938,200,0.0,0.0
2001-07-12 00:00:00+09:00,755.6166381835938,755.6166381835938,755.6166381835938,755.6166381835938,0,0.0,0.0
2001-07-13 00:00:00+09:00,755.6166381835938,755.6166381835938,755.6166381835938,755.6166381835938,0,0.0,0.0
2001-07-16 00:00:00+09:00,763.570556640625,763.570556640625,763.570556640625,763.570556640625,200,0.0,0.0
2001-07-17 00:00:00+09:00,763.570556640625,763.570556640625,763.570556640625,763.570556640625,0,0.0,0.0
2001-07-18 00:00:00+09:00,763.570556640625,763.570556640625,763.570556640625,763.570556640625,600,0.0,0.0
2001-07-19 00:00:00+09:00,763.570556640625,763.570556640625,763.570556640625,763.570556640625,200,0.0,0.0
2001-07-20 00:00:00+09:00,763.570556640625,763.570556640625,763.570556640625,763.570556640625,0,0.0,0.0
2001-07-23 00:00:00+09:00,763.570556640625,763.570556640625,763.570556640625,763.570556640625,0,0.0,0.0
2001-07-24 00:00:00+09:00,763.570556640625,763.570556640625,763.570556640625,763.570556640625,0,0.0,0.0
2001-07-25 00:00:00+09:00,763.570556640625,763.570556640625,763.570556640625,763.570556640625,0,0.0,0.0
2001-07-26 00:00:00+09:00,763.570556640625,763.570556640625,763.570556640625,763.570556640625,0,0.0,0.0
2001-07-27 00:00:00+09:00,763.570556640625,763.570556640625,763.570556640625,763.570556640625,0,0.0,0.0
2001-07-30 00:00:00+09:00,803.3399047851562,803.3399047851562,803.3399047851562,803.3399047851562,1200,0.0,0.0
2001-07-31 00:00:00+09:00,847.0861206054688,847.0861206054688,847.0861206054688,847.0861206054688,2000,0.0,0.0
2001-08-01 00:00:00+09:00,890.8323364257812,890.8323364257812,890.8323364257812,890.8323364257812,800,0.0,0.0
2001-08-02 00:00:00+09:00,938.5554809570311,942.5324109610864,938.5554809570311,938.5554809570312,1600,0.0,0.0
2001-08-03 00:00:00+09:00,974.3478930664062,994.2325439453124,974.3478930664062,994.2325439453125,800,0.0,0.0
2001-08-06 00:00:00+09:00,862.9938354492188,862.9938354492188,862.9938354492188,862.9938354492188,200,0.0,0.0
2001-08-07 00:00:00+09:00,862.9938354492188,862.9938354492188,862.9938354492188,862.9938354492188,0,0.0,0.0
2001-08-08 00:00:00+09:00,855.0399169921875,855.0399169921875,855.0399169921875,855.0399169921875,200,0.0,0.0
2001-08-09 00:00:00+09:00,855.0399169921875,855.0399169921875,855.0399169921875,855.0399169921875,0,0.0,0.0
2001-08-10 00:00:00+09:00,855.0399169921875,855.0399169921875,855.0399169921875,855.0399169921875,0,0.0,0.0
2001-08-13 00:00:00+09:00,855.0399169921875,855.0399169921875,855.0399169921875,855.0399169921875,0,0.0,0.0
2001-08-14 00:00:00+09:00,855.0399169921875,855.0399169921875,855.0399169921875,855.0399169921875,0,0.0,0.0
2001-08-15 00:00:00+09:00,855.0399169921875,855.0399169921875,855.0399169921875,855.0399169921875,200,0.0,0.0
2001-08-16 00:00:00+09:00,855.0399169921875,855.0399169921875,855.0399169921875,855.0399169921875,0,0.0,0.0
2001-08-17 00:00:00+09:00,855.0399169921875,855.0399169921875,855.0399169921875,855.0399169921875,0,0.0,0.0
2001-08-20 00:00:00+09:00,855.0399169921875,855.0399169921875,855.0399169921875,855.0399169921875,0,0.0,0.0
2001-08-21 00:00:00+09:00,855.0399169921875,855.0399169921875,855.0399169921875,855.0399169921875,0,0.0,0.0
2001-08-22 00:00:00+09:00,855.0399169921875,855.0399169921875,855.0399169921875,855.0399169921875,400,0.0,0.0
2001-08-23 00:00:00+09:00,855.0399169921875,855.0399169921875,855.0399169921875,855.0399169921875,0,0.0,0.0
2001-08-24 00:00:00+09:00,855.0399169921875,855.0399169921875,855.0399169921875,855.0399169921875,0,0.0,0.0
2001-08-27 00:00:00+09:00,855.0399169921875,855.0399169921875,855.0399169921875,855.0399169921875,0,0.0,0.0
2001-08-28 00:00:00+09:00,895.3720703125,895.3720703125,895.3720703125,895.3720703125,1400,15.0,0.0
2001-08-29 00:00:00+09:00,899.4052124023438,899.4052124023438,899.4052124023438,899.4052124023438,400,0.0,0.0
2001-08-30 00:00:00+09:00,899.4052124023438,899.4052124023438,899.4052124023438,899.4052124023438,200,0.0,0.0
2001-08-31 00:00:00+09:00,899.4052124023438,899.4052124023438,899.4052124023438,899.4052124023438,0,0.0,0.0
2001-09-03 00:00:00+09:00,899.4052124023438,899.4052124023438,899.4052124023438,899.4052124023438,0,0.0,0.0
2001-09-04 00:00:00+09:00,766.3093872070312,766.3093872070312,766.3093872070312,766.3093872070312,200,0.0,0.0
2001-09-05 00:00:00+09:00,766.3093872070312,766.3093872070312,766.3093872070312,766.3093872070312,0,0.0,0.0
2001-09-06 00:00:00+09:00,766.3093872070312,766.3093872070312,766.3093872070312,766.3093872070312,0,0.0,0.0
2001-09-07 00:00:00+09:00,766.3093872070312,766.3093872070312,766.3093872070312,766.3093872070312,0,0.0,0.0
2001-09-10 00:00:00+09:00,766.3093872070312,766.3093872070312,766.3093872070312,766.3093872070312,0,0.0,0.0
2001-09-11 00:00:00+09:00,766.3093872070312,766.3093872070312,766.3093872070312,766.3093872070312,0,0.0,0.0
2001-09-12 00:00:00+09:00,766.3093872070312,766.3093872070312,766.3093872070312,766.3093872070312,0,0.0,0.0
2001-09-13 00:00:00+09:00,766.3093872070312,766.3093872070312,766.3093872070312,766.3093872070312,0,0.0,0.0
2001-09-14 00:00:00+09:00,766.3093872070312,766.3093872070312,766.3093872070312,766.3093872070312,0,0.0,0.0
2001-09-17 00:00:00+09:00,766.3093872070312,766.3093872070312,766.3093872070312,766.3093872070312,0,0.0,0.0
2001-09-18 00:00:00+09:00,766.3094312879774,766.3094312879774,725.9773559570312,725.9773559570312,400,0.0,0.0
2001-09-19 00:00:00+09:00,730.0106046652493,730.0106046652493,637.246826171875,637.246826171875,3200,0.0,0.0
2001-09-20 00:00:00+09:00,725.9773694054555,725.9773694054555,709.8445389742232,713.8777465820312,1000,0.0,0.0
2001-09-21 00:00:00+09:00,713.8777465820312,713.8777465820312,713.8777465820312,713.8777465820312,0,0.0,0.0
2001-09-24 00:00:00+09:00,713.8777465820312,713.8777465820312,713.8777465820312,713.8777465820312,0,0.0,0.0
2001-09-25 00:00:00+09:00,693.7115936279297,693.7115936279297,645.3131103515625,645.3131103515625,1600,0.0,0.0
2001-09-26 00:00:00+09:00,677.578828125,705.811279296875,677.578828125,705.811279296875,600,0.0,0.0
2001-09-27 00:00:00+09:00,705.811279296875,705.811279296875,705.811279296875,705.811279296875,0,0.0,0.0
2001-09-28 00:00:00+09:00,705.811279296875,705.811279296875,705.811279296875,705.811279296875,0,0.0,0.0
2001-10-01 00:00:00+09:00,766.3093872070312,766.3093872070312,766.3093872070312,766.3093872070312,400,0.0,0.0
2001-10-02 00:00:00+09:00,766.3093872070312,766.3093872070312,766.3093872070312,766.3093872070312,0,0.0,0.0
2001-10-03 00:00:00+09:00,746.1434936523438,746.1434936523438,746.1434936523438,746.1434936523438,400,0.0,0.0
2001-10-04 00:00:00+09:00,746.1434936523438,746.1434936523438,746.1434936523438,746.1434936523438,0,0.0,0.0
2001-10-05 00:00:00+09:00,746.1434936523438,746.1434936523438,746.1434936523438,746.1434936523438,0,0.0,0.0
2001-10-08 00:00:00+09:00,746.1434936523438,746.1434936523438,746.1434936523438,746.1434936523438,0,0.0,0.0
2001-10-09 00:00:00+09:00,725.9773559570312,725.9773559570312,725.9773559570312,725.9773559570312,200,0.0,0.0
2001-10-10 00:00:00+09:00,725.9773559570312,725.9773559570312,725.9773559570312,725.9773559570312,0,0.0,0.0
2001-10-11 00:00:00+09:00,725.9773559570312,725.9773559570312,725.9773559570312,725.9773559570312,0,0.0,0.0
2001-10-12 00:00:00+09:00,725.9773559570312,725.9773559570312,725.9773559570312,725.9773559570312,0,0.0,0.0
2001-10-15 00:00:00+09:00,725.9773559570312,725.9773559570312,725.9773559570312,725.9773559570312,0,0.0,0.0
2001-10-16 00:00:00+09:00,705.811279296875,705.811279296875,705.811279296875,705.811279296875,1000,0.0,0.0
2001-10-17 00:00:00+09:00,705.811279296875,705.811279296875,705.811279296875,705.811279296875,600,0.0,0.0
2001-10-18 00:00:00+09:00,645.3131734913793,701.778076171875,645.3131734913793,701.778076171875,2600,0.0,0.0
2001-10-19 00:00:00+09:00,701.778076171875,701.778076171875,701.778076171875,701.778076171875,0,0.0,0.0
2001-10-22 00:00:00+09:00,705.811279296875,705.811279296875,705.811279296875,705.811279296875,400,0.0,0.0
2001-10-23 00:00:00+09:00,705.811279296875,705.811279296875,705.811279296875,705.811279296875,0,0.0,0.0
2001-10-24 00:00:00+09:00,705.811279296875,705.811279296875,705.811279296875,705.811279296875,0,0.0,0.0
2001-10-25 00:00:00+09:00,705.811279296875,705.811279296875,705.811279296875,705.811279296875,0,0.0,0.0
2001-10-26 00:00:00+09:00,685.6453247070312,685.6453247070312,685.6453247070312,685.6453247070312,400,0.0,0.0
2001-10-29 00:00:00+09:00,689.6785888671875,689.6785888671875,689.6785888671875,689.6785888671875,2200,0.0,0.0
2001-10-30 00:00:00+09:00,689.6785888671875,689.6785888671875,689.6785888671875,689.6785888671875,0,0.0,0.0
2001-10-31 00:00:00+09:00,689.6785888671875,689.6785888671875,689.6785888671875,689.6785888671875,0,0.0,0.0
2001-11-01 00:00:00+09:00,689.6785888671875,689.6785888671875,689.6785888671875,689.6785888671875,0,0.0,0.0
2001-11-02 00:00:00+09:00,689.6785888671875,689.6785888671875,689.6785888671875,689.6785888671875,0,0.0,0.0
2001-11-05 00:00:00+09:00,689.6785888671875,689.6785888671875,689.6785888671875,689.6785888671875,0,0.0,0.0
2001-11-06 00:00:00+09:00,689.6785888671875,689.6785888671875,689.6785888671875,689.6785888671875,0,0.0,0.0
2001-11-07 00:00:00+09:00,689.6785888671875,689.6785888671875,689.6785888671875,689.6785888671875,0,0.0,0.0
2001-11-08 00:00:00+09:00,689.6785888671875,689.6785888671875,689.6785888671875,689.6785888671875,0,0.0,0.0
2001-11-09 00:00:00+09:00,689.6785888671875,689.6785888671875,689.6785888671875,689.6785888671875,0,0.0,0.0
2001-11-12 00:00:00+09:00,766.3093872070312,766.3093872070312,766.3093872070312,766.3093872070312,200,0.0,0.0
2001-11-13 00:00:00+09:00,766.3093872070312,766.3093872070312,766.3093872070312,766.3093872070312,0,0.0,0.0
2001-11-14 00:00:00+09:00,766.3093872070312,766.3093872070312,766.3093872070312,766.3093872070312,0,0.0,0.0
2001-11-15 00:00:00+09:00,766.3093872070312,766.3093872070312,766.3093872070312,766.3093872070312,0,0.0,0.0
2001-11-16 00:00:00+09:00,766.3093872070312,766.3093872070312,766.3093872070312,766.3093872070312,0,0.0,0.0
2001-11-19 00:00:00+09:00,766.3093872070312,766.3093872070312,766.3093872070312,766.3093872070312,0,0.0,0.0
2001-11-20 00:00:00+09:00,766.3093872070312,766.3093872070312,766.3093872070312,766.3093872070312,0,0.0,0.0
2001-11-21 00:00:00+09:00,766.3093872070312,766.3093872070312,766.3093872070312,766.3093872070312,0,0.0,0.0
2001-11-22 00:00:00+09:00,766.3093872070312,766.3093872070312,766.3093872070312,766.3093872070312,0,0.0,0.0
2001-11-23 00:00:00+09:00,766.3093872070312,766.3093872070312,766.3093872070312,766.3093872070312,0,0.0,0.0
2001-11-26 00:00:00+09:00,725.9773559570312,725.9773559570312,725.9773559570312,725.9773559570312,200,0.0,0.0
2001-11-27 00:00:00+09:00,725.9773559570312,725.9773559570312,725.9773559570312,725.9773559570312,0,0.0,0.0
2001-11-28 00:00:00+09:00,633.2135009765625,633.2135009765625,633.2135009765625,633.2135009765625,2600,0.0,0.0
2001-11-29 00:00:00+09:00,633.2135009765625,633.2135009765625,633.2135009765625,633.2135009765625,0,0.0,0.0
2001-11-30 00:00:00+09:00,633.2135009765625,633.2135009765625,633.2135009765625,633.2135009765625,0,0.0,0.0
2001-12-03 00:00:00+09:00,633.2135009765625,633.2135009765625,633.2135009765625,633.2135009765625,0,0.0,0.0
2001-12-04 00:00:00+09:00,762.2761799059416,766.3093872070312,762.2761799059416,766.3093872070312,400,0.0,0.0
2001-12-05 00:00:00+09:00,661.446044921875,661.446044921875,661.446044921875,661.446044921875,400,0.0,0.0
2001-12-06 00:00:00+09:00,661.446044921875,661.446044921875,661.446044921875,661.446044921875,0,0.0,0.0
2001-12-07 00:00:00+09:00,697.7449340820312,697.7449340820312,697.7449340820312,697.7449340820312,200,0.0,0.0
2001-12-10 00:00:00+09:00,734.0437622070312,734.0437622070312,734.0437622070312,734.0437622070312,200,0.0,0.0
2001-12-11 00:00:00+09:00,774.3757934570312,774.3757934570312,774.3757934570312,774.3757934570312,6000,0.0,0.0
2001-12-12 00:00:00+09:00,774.3757934570312,774.3757934570312,774.3757934570312,774.3757934570312,0,0.0,0.0
2001-12-13 00:00:00+09:00,774.3757934570312,774.3757934570312,774.3757934570312,774.3757934570312,0,0.0,0.0
2001-12-14 00:00:00+09:00,814.7079467773438,814.7079467773438,814.7079467773438,814.7079467773438,1000,0.0,0.0
2001-12-17 00:00:00+09:00,859.0731201171875,859.0731201171875,859.0731201171875,859.0731201171875,1400,0.0,0.0
2001-12-18 00:00:00+09:00,859.0731201171875,859.0731201171875,859.0731201171875,859.0731201171875,0,0.0,0.0
2001-12-19 00:00:00+09:00,859.0731201171875,859.0731201171875,859.0731201171875,859.0731201171875,0,0.0,0.0
2001-12-20 00:00:00+09:00,859.0731201171875,859.0731201171875,859.0731201171875,859.0731201171875,0,0.0,0.0
2001-12-21 00:00:00+09:00,859.0731201171875,859.0731201171875,859.0731201171875,859.0731201171875,0,0.0,0.0
2001-12-24 00:00:00+09:00,859.0731201171875,859.0731201171875,859.0731201171875,859.0731201171875,0,0.0,0.0
2001-12-25 00:00:00+09:00,766.3093872070312,766.3093872070312,766.3093872070312,766.3093872070312,200,0.0,0.0
2001-12-26 00:00:00+09:00,766.3093872070312,766.3093872070312,766.3093872070312,766.3093872070312,400,0.0,0.0
2001-12-27 00:00:00+09:00,766.3093872070312,766.3093872070312,766.3093872070312,766.3093872070312,0,0.0,0.0
2001-12-28 00:00:00+09:00,689.6785888671875,689.6785888671875,689.6785888671875,689.6785888671875,4600,0.0,0.0
2001-12-31 00:00:00+09:00,689.6785888671875,689.6785888671875,689.6785888671875,689.6785888671875,0,0.0,0.0
2002-01-01 00:00:00+09:00,689.6785888671875,689.6785888671875,689.6785888671875,689.6785888671875,0,0.0,0.0
2002-01-02 00:00:00+09:00,689.6785888671875,689.6785888671875,689.6785888671875,689.6785888671875,0,0.0,0.0
2002-01-03 00:00:00+09:00,689.6785888671875,689.6785888671875,689.6785888671875,689.6785888671875,0,0.0,0.0
2002-01-04 00:00:00+09:00,689.6785888671875,689.6785888671875,689.6785888671875,689.6785888671875,0,0.0,0.0
2002-01-07 00:00:00+09:00,689.6785888671875,689.6785888671875,689.6785888671875,689.6785888671875,0,0.0,0.0
2002-01-08 00:00:00+09:00,725.9773559570312,725.9773559570312,725.9773559570312,725.9773559570312,200,0.0,0.0
2002-01-09 00:00:00+09:00,730.010498046875,730.010498046875,730.010498046875,730.010498046875,2600,0.0,0.0
2002-01-10 00:00:00+09:00,725.9773559570312,725.9773559570312,725.9773559570312,725.9773559570312,200,0.0,0.0
2002-01-11 00:00:00+09:00,693.7117309570312,693.7117309570312,693.7117309570312,693.7117309570312,200,0.0,0.0
2002-01-14 00:00:00+09:00,693.7117309570312,693.7117309570312,693.7117309570312,693.7117309570312,0,0.0,0.0
2002-01-15 00:00:00+09:00,693.7117309570312,693.7117309570312,693.7117309570312,693.7117309570312,0,0.0,0.0
2002-01-16 00:00:00+09:00,693.7117309570312,693.7117309570312,693.7117309570312,693.7117309570312,200,0.0,0.0
2002-01-17 00:00:00+09:00,746.1434936523438,746.1434936523438,746.1434936523438,746.1434936523438,200,0.0,0.0
2002-01-18 00:00:00+09:00,746.1434936523438,746.1434936523438,746.1434936523438,746.1434936523438,0,0.0,0.0
2002-01-21 00:00:00+09:00,746.1434936523438,746.1434936523438,746.1434936523438,746.1434936523438,0,0.0,0.0
2002-01-22 00:00:00+09:00,725.9773559570312,725.9773559570312,725.9773559570312,725.9773559570312,1400,0.0,0.0
2002-01-23 00:00:00+09:00,725.9773559570312,725.9773559570312,725.9773559570312,725.9773559570312,0,0.0,0.0
2002-01-24 00:00:00+09:00,725.9773559570312,725.9773559570312,725.9773559570312,725.9773559570312,0,0.0,0.0
2002-01-25 00:00:00+09:00,725.9773559570312,725.9773559570312,725.9773559570312,725.9773559570312,0,0.0,0.0
2002-01-28 00:00:00+09:00,758.2431640625,758.2431640625,758.2431640625,758.2431640625,2200,0.0,0.0
2002-01-29 00:00:00+09:00,758.2431640625,758.2431640625,758.2431640625,758.2431640625,200,0.0,0.0
2002-01-30 00:00:00+09:00,758.2431640625,758.2431640625,758.2431640625,758.2431640625,0,0.0,0.0
2002-01-31 00:00:00+09:00,758.2431640625,758.2431640625,758.2431640625,758.2431640625,0,0.0,0.0
2002-02-01 00:00:00+09:00,758.2431640625,758.2431640625,758.2431640625,758.2431640625,200,0.0,0.0
2002-02-04 00:00:00+09:00,758.2431640625,758.2431640625,758.2431640625,758.2431640625,0,0.0,0.0
2002-02-05 00:00:00+09:00,758.2431640625,758.2431640625,758.2431640625,758.2431640625,0,0.0,0.0
2002-02-06 00:00:00+09:00,758.2431640625,758.2431640625,758.2431640625,758.2431640625,0,0.0,0.0
2002-02-07 00:00:00+09:00,758.2431640625,758.2431640625,758.2431640625,758.2431640625,0,0.0,0.0
2002-02-08 00:00:00+09:00,758.2431640625,758.2431640625,758.2431640625,758.2431640625,0,0.0,0.0
2002-02-11 00:00:00+09:00,758.2431640625,758.2431640625,758.2431640625,758.2431640625,0,0.0,0.0
2002-02-12 00:00:00+09:00,758.2431640625,758.2431640625,758.2431640625,758.2431640625,0,0.0,0.0
2002-02-13 00:00:00+09:00,758.2431640625,758.2431640625,758.2431640625,758.2431640625,0,0.0,0.0
2002-02-14 00:00:00+09:00,758.2431640625,758.2431640625,758.2431640625,758.2431640625,0,0.0,0.0
2002-02-15 00:00:00+09:00,758.2431640625,758.2431640625,758.2431640625,758.2431640625,0,0.0,0.0
2002-02-18 00:00:00+09:00,746.1433936225044,746.1433936225044,725.9773559570312,725.9773559570312,400,0.0,0.0
2002-02-19 00:00:00+09:00,758.2430162217883,758.2430162217883,725.9773559570312,725.9773559570312,800,0.0,0.0
2002-02-20 00:00:00+09:00,693.7117309570312,693.7117309570312,693.7117309570312,693.7117309570312,200,0.0,0.0
2002-02-21 00:00:00+09:00,701.778076171875,701.778076171875,701.778076171875,701.778076171875,200,0.0,0.0
2002-02-22 00:00:00+09:00,701.778076171875,701.778076171875,701.778076171875,701.778076171875,0,0.0,0.0
2002-02-25 00:00:00+09:00,714.0899658203125,714.0899658203125,714.0899658203125,714.0899658203125,0,15.0,0.0
2002-02-26 00:00:00+09:00,714.0899658203125,714.0899658203125,714.0899658203125,714.0899658203125,0,0.0,0.0
2002-02-27 00:00:00+09:00,714.0899658203125,714.0899658203125,714.0899658203125,714.0899658203125,0,0.0,0.0
2002-02-28 00:00:00+09:00,722.2979125976562,722.2979125976562,722.2979125976562,722.2979125976562,1800,0.0,0.0
2002-03-01 00:00:00+09:00,738.7138061523438,738.7138061523438,738.7138061523438,738.7138061523438,600,0.0,0.0
2002-03-04 00:00:00+09:00,738.7138061523438,738.7138061523438,738.7138061523438,738.7138061523438,0,0.0,0.0
2002-03-05 00:00:00+09:00,730.5058663504465,730.5058663504465,718.1939697265625,718.1939697265625,1000,0.0,0.0
2002-03-06 00:00:00+09:00,718.1938979204963,718.1938979204963,697.674072265625,697.674072265625,1000,0.0,0.0
2002-03-07 00:00:00+09:00,718.1938979204963,718.1938979204963,697.674072265625,697.674072265625,800,0.0,0.0
2002-03-08 00:00:00+09:00,697.674072265625,697.674072265625,697.674072265625,697.674072265625,400,0.0,0.0
2002-03-11 00:00:00+09:00,697.674072265625,697.674072265625,697.674072265625,697.674072265625,200,0.0,0.0
2002-03-12 00:00:00+09:00,697.674072265625,697.674072265625,697.674072265625,697.674072265625,0,0.0,0.0
2002-03-13 00:00:00+09:00,697.674072265625,697.674072265625,697.674072265625,697.674072265625,0,0.0,0.0
2002-03-14 00:00:00+09:00,697.674072265625,697.674072265625,697.674072265625,697.674072265625,0,0.0,0.0
2002-03-15 00:00:00+09:00,697.674072265625,697.674072265625,697.674072265625,697.674072265625,200,0.0,0.0
2002-03-18 00:00:00+09:00,697.674072265625,697.674072265625,697.674072265625,697.674072265625,400,0.0,0.0
2002-03-19 00:00:00+09:00,697.674072265625,697.674072265625,697.674072265625,697.674072265625,0,0.0,0.0
2002-03-20 00:00:00+09:00,726.40185546875,726.40185546875,726.40185546875,726.40185546875,200,0.0,0.0
2002-03-21 00:00:00+09:00,726.40185546875,726.40185546875,726.40185546875,726.40185546875,0,0.0,0.0
2002-03-22 00:00:00+09:00,730.505859375,730.505859375,730.505859375,730.505859375,400,0.0,0.0
2002-03-25 00:00:00+09:00,730.505859375,730.505859375,730.505859375,730.505859375,0,0.0,0.0
2002-03-26 00:00:00+09:00,730.505859375,730.505859375,730.505859375,730.505859375,0,0.0,0.0
2002-03-27 00:00:00+09:00,730.505859375,730.505859375,730.505859375,730.505859375,0,0.0,0.0
2002-03-28 00:00:00+09:00,644.3225733901515,677.154296875,644.3225733901515,677.154296875,6000,0.0,0.0
2002-03-29 00:00:00+09:00,693.5701129479322,693.5701129479322,685.3621826171875,685.3621826171875,1200,0.0,0.0
2002-04-01 00:00:00+09:00,681.2581954229446,689.4661254882812,681.2581954229446,689.4661254882812,800,0.0,0.0
2002-04-02 00:00:00+09:00,607.3868883801745,632.0106811523438,607.3868883801745,632.0106811523438,3600,0.0,0.0
2002-04-03 00:00:00+09:00,627.9066872898536,648.426513671875,627.9066872898536,648.426513671875,600,0.0,0.0
2002-04-04 00:00:00+09:00,656.6344604492188,656.6344604492188,656.6344604492188,656.6344604492188,200,0.0,0.0
2002-04-05 00:00:00+09:00,656.6344604492188,656.6344604492188,656.6344604492188,656.6344604492188,400,0.0,0.0
2002-04-08 00:00:00+09:00,656.6344604492188,656.6344604492188,656.6344604492188,656.6344604492188,0,0.0,0.0
2002-04-09 00:00:00+09:00,660.7383422851562,660.7383422851562,660.7383422851562,660.7383422851562,200,0.0,0.0
2002-04-10 00:00:00+09:00,673.0503540039062,673.0503540039062,673.0503540039062,673.0503540039062,200,0.0,0.0
2002-04-11 00:00:00+09:00,656.6344604492188,656.6344604492188,656.6344604492188,656.6344604492188,600,0.0,0.0
2002-04-12 00:00:00+09:00,656.6344604492188,656.6344604492188,656.6344604492188,656.6344604492188,0,0.0,0.0
2002-04-15 00:00:00+09:00,656.6344604492188,656.6344604492188,656.6344604492188,656.6344604492188,800,0.0,0.0
2002-04-16 00:00:00+09:00,656.6344604492188,656.6344604492188,656.6344604492188,656.6344604492188,0,0.0,0.0
2002-04-17 00:00:00+09:00,656.6344604492188,656.6344604492188,656.6344604492188,656.6344604492188,0,0.0,0.0
2002-04-18 00:00:00+09:00,673.0503540039062,673.0503540039062,673.0503540039062,673.0503540039062,200,0.0,0.0
2002-04-19 00:00:00+09:00,673.0503540039062,673.0503540039062,673.0503540039062,673.0503540039062,0,0.0,0.0
2002-04-22 00:00:00+09:00,673.0503219604492,673.0503219604492,656.6344604492188,656.6344604492188,600,0.0,0.0
2002-04-23 00:00:00+09:00,656.6344604492188,656.6344604492188,656.6344604492188,656.6344604492188,800,0.0,0.0
2002-04-24 00:00:00+09:00,656.6344604492188,656.6344604492188,656.6344604492188,656.6344604492188,0,0.0,0.0
2002-04-25 00:00:00+09:00,701.7780662444701,701.7780662444701,681.2582397460938,681.2582397460938,1000,0.0,0.0
2002-04-26 00:00:00+09:00,681.2582397460938,681.2582397460938,681.2582397460938,681.2582397460938,0,0.0,0.0
2002-04-29 00:00:00+09:00,681.2582397460938,681.2582397460938,681.2582397460938,681.2582397460938,0,0.0,0.0
2002-04-30 00:00:00+09:00,685.3621826171875,685.3621826171875,685.3621826171875,685.3621826171875,2000,0.0,0.0
2002-05-01 00:00:00+09:00,685.3621768727022,697.674072265625,685.3621768727022,697.674072265625,1000,0.0,0.0
2002-05-02 00:00:00+09:00,697.674072265625,697.674072265625,697.674072265625,697.674072265625,0,0.0,0.0
2002-05-03 00:00:00+09:00,697.674072265625,697.674072265625,697.674072265625,697.674072265625,0,0.0,0.0
2002-05-06 00:00:00+09:00,697.674072265625,697.674072265625,697.674072265625,697.674072265625,0,0.0,0.0
2002-05-07 00:00:00+09:00,677.1542522864428,685.3621826171875,677.1542522864428,685.3621826171875,400,0.0,0.0
2002-05-08 00:00:00+09:00,685.3621826171875,685.3621826171875,685.3621826171875,685.3621826171875,0,0.0,0.0
2002-05-09 00:00:00+09:00,685.3621826171875,685.3621826171875,685.3621826171875,685.3621826171875,0,0.0,0.0
2002-05-10 00:00:00+09:00,685.3621826171875,685.3621826171875,685.3621826171875,685.3621826171875,0,0.0,0.0
2002-05-13 00:00:00+09:00,677.154296875,677.154296875,677.154296875,677.154296875,200,0.0,0.0
2002-05-14 00:00:00+09:00,677.154296875,677.154296875,677.154296875,677.154296875,0,0.0,0.0
2002-05-15 00:00:00+09:00,677.154296875,677.154296875,677.154296875,677.154296875,0,0.0,0.0
2002-05-16 00:00:00+09:00,685.3621826171875,685.3621826171875,685.3621826171875,685.3621826171875,200,0.0,0.0
2002-05-17 00:00:00+09:00,677.154296875,677.154296875,677.154296875,677.154296875,800,0.0,0.0
2002-05-20 00:00:00+09:00,677.154296875,677.154296875,677.154296875,677.154296875,0,0.0,0.0
2002-05-21 00:00:00+09:00,677.154296875,677.154296875,677.154296875,677.154296875,400,0.0,0.0
2002-05-22 00:00:00+09:00,685.3621826171875,685.3621826171875,685.3621826171875,685.3621826171875,400,0.0,0.0
2002-05-23 00:00:00+09:00,685.3622277462122,685.3622277462122,677.154296875,677.154296875,2600,0.0,0.0
2002-05-24 00:00:00+09:00,685.3621826171875,685.3621826171875,685.3621826171875,685.3621826171875,1200,0.0,0.0
2002-05-27 00:00:00+09:00,685.3621826171875,685.3621826171875,685.3621826171875,685.3621826171875,2000,0.0,0.0
2002-05-28 00:00:00+09:00,726.4018780101429,726.4018780101429,722.2979125976562,722.2979125976562,3600,0.0,0.0
2002-05-29 00:00:00+09:00,726.40185546875,726.40185546875,726.40185546875,726.40185546875,600,0.0,0.0
2002-05-30 00:00:00+09:00,726.40185546875,726.40185546875,726.40185546875,726.40185546875,0,0.0,0.0
2002-05-31 00:00:00+09:00,726.40185546875,726.40185546875,726.40185546875,726.40185546875,0,0.0,0.0
2002-06-03 00:00:00+09:00,726.40185546875,726.40185546875,726.40185546875,726.40185546875,0,0.0,0.0
2002-06-04 00:00:00+09:00,709.9860229492188,709.9860229492188,709.9860229492188,709.9860229492188,200,0.0,0.0
2002-06-05 00:00:00+09:00,709.9860229492188,709.9860229492188,709.9860229492188,709.9860229492188,0,0.0,0.0
2002-06-06 00:00:00+09:00,726.40185546875,726.40185546875,726.40185546875,726.40185546875,200,0.0,0.0
2002-06-07 00:00:00+09:00,726.40185546875,726.40185546875,726.40185546875,726.40185546875,0,0.0,0.0
2002-06-10 00:00:00+09:00,726.40185546875,726.40185546875,726.40185546875,726.40185546875,0,0.0,0.0
2002-06-11 00:00:00+09:00,746.921630859375,746.921630859375,746.921630859375,746.921630859375,2600,0.0,0.0
2002-06-12 00:00:00+09:00,746.921630859375,746.921630859375,746.921630859375,746.921630859375,0,0.0,0.0
2002-06-13 00:00:00+09:00,746.921630859375,746.921630859375,746.921630859375,746.921630859375,0,0.0,0.0
2002-06-14 00:00:00+09:00,738.7138061523438,738.7138061523438,738.7138061523438,738.7138061523438,600,0.0,0.0
2002-06-17 00:00:00+09:00,738.7138061523438,738.7138061523438,738.7138061523438,738.7138061523438,0,0.0,0.0
2002-06-18 00:00:00+09:00,738.7138061523438,738.7138061523438,738.7138061523438,738.7138061523438,0,0.0,0.0
2002-06-19 00:00:00+09:00,697.674072265625,697.674072265625,697.674072265625,697.674072265625,400,0.0,0.0
2002-06-20 00:00:00+09:00,697.674072265625,697.674072265625,697.674072265625,697.674072265625,200,0.0,0.0
2002-06-21 00:00:00+09:00,697.674072265625,697.674072265625,697.674072265625,697.674072265625,0,0.0,0.0
2002-06-24 00:00:00+09:00,697.674072265625,697.674072265625,697.674072265625,697.674072265625,0,0.0,0.0
2002-06-25 00:00:00+09:00,697.674072265625,697.674072265625,697.674072265625,697.674072265625,0,0.0,0.0
2002-06-26 00:00:00+09:00,677.154296875,677.154296875,677.154296875,677.154296875,200,0.0,0.0
2002-06-27 00:00:00+09:00,726.40185546875,726.40185546875,726.40185546875,726.40185546875,800,0.0,0.0
2002-06-28 00:00:00+09:00,763.3377075195312,763.3377075195312,763.3377075195312,763.3377075195312,2000,0.0,0.0
2002-07-01 00:00:00+09:00,763.3377075195312,763.3377075195312,763.3377075195312,763.3377075195312,0,0.0,0.0
2002-07-02 00:00:00+09:00,763.3377075195312,763.3377075195312,763.3377075195312,763.3377075195312,0,0.0,0.0
2002-07-03 00:00:00+09:00,763.3377075195312,763.3377075195312,763.3377075195312,763.3377075195312,0,0.0,0.0
2002-07-04 00:00:00+09:00,804.377197265625,820.7930584343113,804.377197265625,804.377197265625,4400,0.0,0.0
2002-07-05 00:00:00+09:00,845.4168701171875,861.832731672861,845.4168701171875,845.4168701171875,2200,0.0,0.0
2002-07-08 00:00:00+09:00,845.4168701171875,845.4168701171875,845.4168701171875,845.4168701171875,0,0.0,0.0
2002-07-09 00:00:00+09:00,820.7930908203125,820.7930908203125,820.7930908203125,820.7930908203125,400,0.0,0.0
2002-07-10 00:00:00+09:00,820.7930908203125,820.7930908203125,820.7930908203125,820.7930908203125,0,0.0,0.0
2002-07-11 00:00:00+09:00,820.7930908203125,820.7930908203125,820.7930908203125,820.7930908203125,0,0.0,0.0
2002-07-12 00:00:00+09:00,820.7930908203125,820.7930908203125,820.7930908203125,820.7930908203125,0,0.0,0.0
2002-07-15 00:00:00+09:00,820.7930908203125,820.7930908203125,820.7930908203125,820.7930908203125,0,0.0,0.0
2002-07-16 00:00:00+09:00,820.7930908203125,820.7930908203125,820.7930908203125,820.7930908203125,0,0.0,0.0
2002-07-17 00:00:00+09:00,820.7930908203125,820.7930908203125,820.7930908203125,820.7930908203125,0,0.0,0.0
2002-07-18 00:00:00+09:00,820.7930908203125,820.7930908203125,820.7930908203125,820.7930908203125,0,0.0,0.0
2002-07-19 00:00:00+09:00,800.273193359375,800.273193359375,800.273193359375,800.273193359375,1000,0.0,0.0
2002-07-22 00:00:00+09:00,800.273193359375,800.273193359375,800.273193359375,800.273193359375,0,0.0,0.0
2002-07-23 00:00:00+09:00,800.273193359375,800.273193359375,800.273193359375,800.273193359375,0,0.0,0.0
2002-07-24 00:00:00+09:00,800.273193359375,800.273193359375,800.273193359375,800.273193359375,0,0.0,0.0
2002-07-25 00:00:00+09:00,800.273193359375,800.273193359375,800.273193359375,800.273193359375,0,0.0,0.0
2002-07-26 00:00:00+09:00,800.273193359375,800.273193359375,800.273193359375,800.273193359375,0,0.0,0.0
2002-07-29 00:00:00+09:00,738.7138061523438,738.7138061523438,738.7138061523438,738.7138061523438,1800,0.0,0.0
2002-07-30 00:00:00+09:00,775.6494964599609,775.6494964599609,738.7138061523438,738.7138061523438,2200,0.0,0.0
2002-07-31 00:00:00+09:00,738.7138061523438,738.7138061523438,738.7138061523438,738.7138061523438,200,0.0,0.0
2002-08-01 00:00:00+09:00,738.7138061523438,738.7138061523438,738.7138061523438,738.7138061523438,200,0.0,0.0
2002-08-02 00:00:00+09:00,738.7138061523438,738.7138061523438,738.7138061523438,738.7138061523438,0,0.0,0.0
2002-08-05 00:00:00+09:00,738.7138061523438,738.7138061523438,738.7138061523438,738.7138061523438,0,0.0,0.0
2002-08-06 00:00:00+09:00,738.7138061523438,738.7138061523438,738.7138061523438,738.7138061523438,0,0.0,0.0
2002-08-07 00:00:00+09:00,738.7138061523438,738.7138061523438,738.7138061523438,738.7138061523438,0,0.0,0.0
2002-08-08 00:00:00+09:00,738.7138061523438,738.7138061523438,738.7138061523438,738.7138061523438,0,0.0,0.0
2002-08-09 00:00:00+09:00,751.0255737304688,751.0255737304688,751.0255737304688,751.0255737304688,200,0.0,0.0
2002-08-12 00:00:00+09:00,751.0255737304688,751.0255737304688,751.0255737304688,751.0255737304688,0,0.0,0.0
2002-08-13 00:00:00+09:00,751.0255737304688,751.0255737304688,751.0255737304688,751.0255737304688,200,0.0,0.0
2002-08-14 00:00:00+09:00,751.0255737304688,751.0255737304688,751.0255737304688,751.0255737304688,0,0.0,0.0
2002-08-15 00:00:00+09:00,751.0255737304688,751.0255737304688,751.0255737304688,751.0255737304688,200,0.0,0.0
2002-08-16 00:00:00+09:00,738.7138061523438,738.7138061523438,738.7138061523438,738.7138061523438,0,0.0,0.0
2002-08-19 00:00:00+09:00,738.7138061523438,738.7138061523438,738.7138061523438,738.7138061523438,0,0.0,0.0
2002-08-20 00:00:00+09:00,734.6098022460938,734.6098022460938,734.6098022460938,734.6098022460938,400,0.0,0.0
2002-08-21 00:00:00+09:00,738.7138061523438,738.7138061523438,738.7138061523438,738.7138061523438,200,0.0,0.0
2002-08-22 00:00:00+09:00,738.7138061523438,738.7138061523438,738.7138061523438,738.7138061523438,0,0.0,0.0
2002-08-23 00:00:00+09:00,738.7138061523438,738.7138061523438,738.7138061523438,738.7138061523438,0,0.0,0.0
2002-08-26 00:00:00+09:00,738.7138061523438,738.7138061523438,738.7138061523438,738.7138061523438,0,0.0,0.0
2002-08-27 00:00:00+09:00,676.11083984375,676.11083984375,676.11083984375,676.11083984375,200,15.0,0.0
2002-08-28 00:00:00+09:00,705.3255615234375,705.3255615234375,705.3255615234375,705.3255615234375,2800,0.0,0.0
2002-08-29 00:00:00+09:00,705.3255615234375,705.3255615234375,705.3255615234375,705.3255615234375,2400,0.0,0.0
2002-08-30 00:00:00+09:00,705.3255615234375,705.3255615234375,705.3255615234375,705.3255615234375,0,0.0,0.0
2002-09-02 00:00:00+09:00,680.2843627929688,680.2843627929688,680.2843627929688,680.2843627929688,400,0.0,0.0
2002-09-03 00:00:00+09:00,680.2843627929688,680.2843627929688,680.2843627929688,680.2843627929688,200,0.0,0.0
2002-09-04 00:00:00+09:00,680.2843627929688,680.2843627929688,680.2843627929688,680.2843627929688,0,0.0,0.0
2002-09-05 00:00:00+09:00,680.2843627929688,680.2843627929688,680.2843627929688,680.2843627929688,200,0.0,0.0
2002-09-06 00:00:00+09:00,680.2843627929688,680.2843627929688,680.2843627929688,680.2843627929688,400,0.0,0.0
2002-09-09 00:00:00+09:00,638.5491943359375,638.5491943359375,638.5491943359375,638.5491943359375,200,0.0,0.0
2002-09-10 00:00:00+09:00,667.763916015625,667.763916015625,667.763916015625,667.763916015625,400,0.0,0.0
2002-09-11 00:00:00+09:00,688.6315307617188,688.6315307617188,688.6315307617188,688.6315307617188,0,0.0,0.0
2002-09-12 00:00:00+09:00,688.6315307617188,688.6315307617188,688.6315307617188,688.6315307617188,200,0.0,0.0
2002-09-13 00:00:00+09:00,688.6315307617188,688.6315307617188,688.6315307617188,688.6315307617188,200,0.0,0.0
2002-09-16 00:00:00+09:00,688.6315307617188,688.6315307617188,688.6315307617188,688.6315307617188,0,0.0,0.0
2002-09-17 00:00:00+09:00,688.6315307617188,688.6315307617188,688.6315307617188,688.6315307617188,0,0.0,0.0
2002-09-18 00:00:00+09:00,651.0697021484375,651.0697021484375,651.0697021484375,651.0697021484375,200,0.0,0.0
2002-09-19 00:00:00+09:00,651.0697021484375,651.0697021484375,651.0697021484375,651.0697021484375,200,0.0,0.0
2002-09-20 00:00:00+09:00,651.0697021484375,651.0697021484375,651.0697021484375,651.0697021484375,400,0.0,0.0
2002-09-23 00:00:00+09:00,651.0697021484375,651.0697021484375,651.0697021484375,651.0697021484375,0,0.0,0.0
2002-09-24 00:00:00+09:00,626.0286254882812,626.0286254882812,626.0286254882812,626.0286254882812,200,0.0,0.0
2002-09-25 00:00:00+09:00,642.7227783203125,642.7227783203125,642.7227783203125,642.7227783203125,200,0.0,0.0
2002-09-26 00:00:00+09:00,642.7227184819241,642.7227184819241,638.5491943359375,638.5491943359375,1200,0.0,0.0
2002-09-27 00:00:00+09:00,642.7227783203125,642.7227783203125,642.7227783203125,642.7227783203125,200,0.0,0.0
2002-09-30 00:00:00+09:00,676.11083984375,676.11083984375,676.11083984375,676.11083984375,3800,0.0,0.0
2002-10-01 00:00:00+09:00,713.672607421875,713.672607421875,713.672607421875,713.672607421875,800,0.0,0.0
2002-10-02 00:00:00+09:00,713.672607421875,713.672607421875,713.672607421875,713.672607421875,0,0.0,0.0
2002-10-03 00:00:00+09:00,646.896240234375,646.896240234375,646.896240234375,646.896240234375,200,0.0,0.0
2002-10-04 00:00:00+09:00,646.896240234375,646.896240234375,646.896240234375,646.896240234375,400,0.0,0.0
2002-10-07 00:00:00+09:00,626.0286254882812,626.0286254882812,626.0286254882812,626.0286254882812,200,0.0,0.0
2002-10-08 00:00:00+09:00,626.0286254882812,626.0286254882812,626.0286254882812,626.0286254882812,600,0.0,0.0
2002-10-09 00:00:00+09:00,626.0286254882812,626.0286254882812,626.0286254882812,626.0286254882812,0,0.0,0.0
2002-10-10 00:00:00+09:00,626.0286254882812,626.0286254882812,626.0286254882812,626.0286254882812,0,0.0,0.0
2002-10-11 00:00:00+09:00,626.0286254882812,626.0286254882812,626.0286254882812,626.0286254882812,0,0.0,0.0
2002-10-14 00:00:00+09:00,626.0286254882812,626.0286254882812,626.0286254882812,626.0286254882812,0,0.0,0.0
2002-10-15 00:00:00+09:00,626.0286254882812,626.0286254882812,626.0286254882812,626.0286254882812,0,0.0,0.0
2002-10-16 00:00:00+09:00,646.896240234375,646.896240234375,646.896240234375,646.896240234375,0,0.0,0.0
2002-10-17 00:00:00+09:00,626.0286254882812,626.0286254882812,626.0286254882812,626.0286254882812,600,0.0,0.0
2002-10-18 00:00:00+09:00,626.0286254882812,626.0286254882812,626.0286254882812,626.0286254882812,0,0.0,0.0
2002-10-21 00:00:00+09:00,626.0286254882812,626.0286254882812,626.0286254882812,626.0286254882812,0,0.0,0.0
2002-10-22 00:00:00+09:00,630.2021496582031,630.2021496582031,626.0286254882812,626.0286254882812,1000,0.0,0.0
2002-10-23 00:00:00+09:00,634.375732421875,634.375732421875,634.375732421875,634.375732421875,400,0.0,0.0
2002-10-24 00:00:00+09:00,646.896240234375,646.896240234375,646.896240234375,646.896240234375,200,0.0,0.0
2002-10-25 00:00:00+09:00,651.0697114089439,651.0697114089439,605.1609497070312,605.1609497070312,1600,0.0,0.0
2002-10-28 00:00:00+09:00,605.1610034664735,630.2021484375,605.1610034664735,630.2021484375,600,0.0,0.0
2002-10-29 00:00:00+09:00,605.1610034664735,630.2021484375,605.1610034664735,630.2021484375,3000,0.0,0.0
2002-10-30 00:00:00+09:00,646.896245084851,646.896245084851,630.2021484375,630.2021484375,1000,0.0,0.0
2002-10-31 00:00:00+09:00,621.8550493512835,621.8550493512835,584.2933349609375,584.2933349609375,3600,0.0,0.0
2002-11-01 00:00:00+09:00,605.1610046386719,626.0286254882812,605.1610046386719,626.0286254882812,400,0.0,0.0
2002-11-04 00:00:00+09:00,626.0286254882812,626.0286254882812,626.0286254882812,626.0286254882812,0,0.0,0.0
2002-11-05 00:00:00+09:00,626.0286254882812,626.0286254882812,626.0286254882812,626.0286254882812,200,0.0,0.0
2002-11-06 00:00:00+09:00,626.0286254882812,626.0286254882812,626.0286254882812,626.0286254882812,0,0.0,0.0
2002-11-07 00:00:00+09:00,626.0285073138298,626.0285073138298,588.466796875,588.466796875,600,0.0,0.0
2002-11-08 00:00:00+09:00,588.466796875,588.466796875,588.466796875,588.466796875,400,0.0,0.0
2002-11-11 00:00:00+09:00,592.640380859375,592.640380859375,592.640380859375,592.640380859375,200,0.0,0.0
2002-11-12 00:00:00+09:00,605.1609497070312,605.1609497070312,605.1609497070312,605.1609497070312,0,0.0,0.0
2002-11-13 00:00:00+09:00,588.466796875,588.466796875,588.466796875,588.466796875,400,0.0,0.0
2002-11-14 00:00:00+09:00,588.4669163843969,617.6815859921329,588.4669163843969,596.81396484375,600,0.0,0.0
2002-11-15 00:00:00+09:00,584.2933349609375,584.2933349609375,584.2933349609375,584.2933349609375,1200,0.0,0.0
2002-11-18 00:00:00+09:00,584.2932761863426,584.2932761863426,563.4256591796875,563.4256591796875,1200,0.0,0.0
2002-11-19 00:00:00+09:00,563.4257249098558,563.4257249098558,542.55810546875,542.55810546875,800,0.0,0.0
2002-11-20 00:00:00+09:00,563.4256591796875,563.4256591796875,563.4256591796875,563.4256591796875,400,0.0,0.0
2002-11-21 00:00:00+09:00,563.4256591796875,563.4256591796875,563.4256591796875,563.4256591796875,0,0.0,0.0
2002-11-22 00:00:00+09:00,563.4256591796875,563.4256591796875,563.4256591796875,563.4256591796875,200,0.0,0.0
2002-11-25 00:00:00+09:00,563.4256591796875,563.4256591796875,563.4256591796875,563.4256591796875,200,0.0,0.0
2002-11-26 00:00:00+09:00,563.4256591796875,563.4256591796875,563.4256591796875,563.4256591796875,0,0.0,0.0
2002-11-27 00:00:00+09:00,563.4256591796875,563.4256591796875,563.4256591796875,563.4256591796875,600,0.0,0.0
2002-11-28 00:00:00+09:00,592.640380859375,592.640380859375,592.640380859375,592.640380859375,1200,0.0,0.0
2002-11-29 00:00:00+09:00,626.0286254882812,626.0286254882812,626.0286254882812,626.0286254882812,1200,0.0,0.0
2002-12-02 00:00:00+09:00,626.0286254882812,626.0286254882812,626.0286254882812,626.0286254882812,0,0.0,0.0
2002-12-03 00:00:00+09:00,592.6404995388455,600.987548828125,592.6404995388455,600.987548828125,1400,0.0,0.0
2002-12-04 00:00:00+09:00,584.2933349609375,584.2933349609375,584.2933349609375,584.2933349609375,800,0.0,0.0
2002-12-05 00:00:00+09:00,613.508056640625,617.6815808354593,613.508056640625,613.508056640625,1800,0.0,0.0
2002-12-06 00:00:00+09:00,646.896240234375,646.896240234375,646.896240234375,646.896240234375,3600,0.0,0.0
2002-12-09 00:00:00+09:00,680.2843627929688,680.2843627929688,680.2843627929688,680.2843627929688,5600,0.0,0.0
2002-12-10 00:00:00+09:00,575.9464009602864,600.987548828125,575.9464009602864,600.987548828125,1000,0.0,0.0
2002-12-11 00:00:00+09:00,596.81396484375,596.81396484375,596.81396484375,596.81396484375,200,0.0,0.0
2002-12-12 00:00:00+09:00,596.81396484375,596.81396484375,596.81396484375,596.81396484375,1000,0.0,0.0
2002-12-13 00:00:00+09:00,626.028573172433,626.028573172433,584.2933349609375,584.2933349609375,1000,0.0,0.0
2002-12-16 00:00:00+09:00,588.466796875,588.466796875,588.466796875,588.466796875,200,0.0,0.0
2002-12-17 00:00:00+09:00,584.2933349609375,584.2933349609375,584.2933349609375,584.2933349609375,800,0.0,0.0
2002-12-18 00:00:00+09:00,563.4258404900046,584.2934642118566,563.4258404900046,567.599365234375,1200,0.0,0.0
2002-12-19 00:00:00+09:00,567.599365234375,567.599365234375,567.599365234375,567.599365234375,800,0.0,0.0
2002-12-20 00:00:00+09:00,567.599351671007,600.987548828125,567.599351671007,600.987548828125,800,0.0,0.0
2002-12-23 00:00:00+09:00,600.987548828125,600.987548828125,600.987548828125,600.987548828125,0,0.0,0.0
2002-12-24 00:00:00+09:00,596.8139160156251,596.8139160156251,542.55810546875,542.55810546875,5400,0.0,0.0
2002-12-25 00:00:00+09:00,555.078787541044,575.9464111328125,550.9052628226902,575.9464111328125,1800,0.0,0.0
2002-12-26 00:00:00+09:00,580.1198111397879,584.2933349609375,580.1198111397879,584.2933349609375,400,0.0,0.0
2002-12-27 00:00:00+09:00,584.2933349609375,584.2933349609375,584.2933349609375,584.2933349609375,0,0.0,0.0
2002-12-30 00:00:00+09:00,559.2522421077806,613.508056640625,550.9051937181123,613.508056640625,1000,0.0,0.0
2002-12-31 00:00:00+09:00,613.508056640625,613.508056640625,613.508056640625,613.508056640625,0,0.0,0.0
2003-01-01 00:00:00+09:00,613.508056640625,613.508056640625,613.508056640625,613.508056640625,0,0.0,0.0
2003-01-02 00:00:00+09:00,613.508056640625,613.508056640625,613.508056640625,613.508056640625,0,0.0,0.0
2003-01-03 00:00:00+09:00,613.508056640625,613.508056640625,613.508056640625,613.508056640625,0,0.0,0.0
2003-01-06 00:00:00+09:00,646.896240234375,646.896240234375,646.896240234375,646.896240234375,1400,0.0,0.0
2003-01-07 00:00:00+09:00,651.0697643649194,651.0697643649194,646.896240234375,646.896240234375,1000,0.0,0.0
2003-01-08 00:00:00+09:00,646.896240234375,646.896240234375,646.896240234375,646.896240234375,0,0.0,0.0
2003-01-09 00:00:00+09:00,646.896240234375,646.896240234375,646.896240234375,646.896240234375,0,0.0,0.0
2003-01-10 00:00:00+09:00,646.896240234375,646.896240234375,646.896240234375,646.896240234375,400,0.0,0.0
2003-01-13 00:00:00+09:00,646.896240234375,646.896240234375,646.896240234375,646.896240234375,0,0.0,0.0
2003-01-14 00:00:00+09:00,646.8961784167167,651.0697021484375,646.8961784167167,651.0697021484375,600,0.0,0.0
2003-01-15 00:00:00+09:00,646.896240234375,646.896240234375,646.896240234375,646.896240234375,0,0.0,0.0
2003-01-16 00:00:00+09:00,626.0286254882812,626.0286254882812,626.0286254882812,626.0286254882812,200,0.0,0.0
2003-01-17 00:00:00+09:00,667.763916015625,667.763916015625,667.763916015625,667.763916015625,200,0.0,0.0
2003-01-20 00:00:00+09:00,634.375732421875,634.375732421875,634.375732421875,634.375732421875,200,0.0,0.0
2003-01-21 00:00:00+09:00,646.896240234375,646.896240234375,646.896240234375,646.896240234375,200,0.0,0.0
2003-01-22 00:00:00+09:00,646.896240234375,646.896240234375,646.896240234375,646.896240234375,0,0.0,0.0
2003-01-23 00:00:00+09:00,646.896240234375,646.896240234375,646.896240234375,646.896240234375,0,0.0,0.0
2003-01-24 00:00:00+09:00,651.0697021484375,651.0697021484375,651.0697021484375,651.0697021484375,200,0.0,0.0
2003-01-27 00:00:00+09:00,638.5491943359375,638.5491943359375,638.5491943359375,638.5491943359375,200,0.0,0.0
2003-01-28 00:00:00+09:00,671.9373875038297,671.9373875038297,638.5491943359375,638.5491943359375,2400,0.0,0.0
2003-01-29 00:00:00+09:00,642.7227783203125,642.7227783203125,642.7227783203125,642.7227783203125,200,0.0,0.0
2003-01-30 00:00:00+09:00,642.7227783203125,642.7227783203125,642.7227783203125,642.7227783203125,0,0.0,0.0
2003-01-31 00:00:00+09:00,638.5491943359375,638.5491943359375,638.5491943359375,638.5491943359375,200,0.0,0.0
2003-02-03 00:00:00+09:00,638.5491943359375,638.5491943359375,638.5491943359375,638.5491943359375,400,0.0,0.0
2003-02-04 00:00:00+09:00,667.763916015625,667.763916015625,667.763916015625,667.763916015625,200,0.0,0.0
2003-02-05 00:00:00+09:00,667.763916015625,667.763916015625,667.763916015625,667.763916015625,400,0.0,0.0
2003-02-06 00:00:00+09:00,667.763916015625,667.763916015625,667.763916015625,667.763916015625,0,0.0,0.0
2003-02-07 00:00:00+09:00,667.763916015625,667.763916015625,667.763916015625,667.763916015625,0,0.0,0.0
2003-02-10 00:00:00+09:00,667.763916015625,667.763916015625,667.763916015625,667.763916015625,200,0.0,0.0
2003-02-11 00:00:00+09:00,667.763916015625,667.763916015625,667.763916015625,667.763916015625,0,0.0,0.0
2003-02-12 00:00:00+09:00,667.7637924382716,676.11083984375,667.7637924382716,676.11083984375,800,0.0,0.0
2003-02-13 00:00:00+09:00,688.6315307617188,688.6315307617188,688.6315307617188,688.6315307617188,0,0.0,0.0
2003-02-14 00:00:00+09:00,688.6315307617188,688.6315307617188,688.6315307617188,688.6315307617188,0,0.0,0.0
2003-02-17 00:00:00+09:00,671.9373682358686,709.4990844726562,667.7638442095589,709.4990844726562,800,0.0,0.0
2003-02-18 00:00:00+09:00,709.4990844726562,709.4990844726562,709.4990844726562,709.4990844726562,200,0.0,0.0
2003-02-19 00:00:00+09:00,705.3255604463466,709.4990844726562,705.3255604463466,709.4990844726562,600,0.0,0.0
2003-02-20 00:00:00+09:00,709.4990855561206,709.4990855561206,705.3255615234375,705.3255615234375,400,0.0,0.0
2003-02-21 00:00:00+09:00,709.4990844726562,709.4990844726562,709.4990844726562,709.4990844726562,200,0.0,0.0
2003-02-24 00:00:00+09:00,717.8461303710938,717.8461303710938,717.8461303710938,717.8461303710938,600,0.0,0.0
2003-02-25 00:00:00+09:00,730.5890502929688,730.5890502929688,730.5890502929688,730.5890502929688,0,15.0,0.0
2003-02-26 00:00:00+09:00,696.6082153320312,696.6082153320312,696.6082153320312,696.6082153320312,200,0.0,0.0
2003-02-27 00:00:00+09:00,696.6082153320312,696.6082153320312,696.6082153320312,696.6082153320312,0,0.0,0.0
2003-02-28 00:00:00+09:00,734.8366587192197,734.8366587192197,671.1224975585938,671.1224975585938,2200,0.0,0.0
2003-03-03 00:00:00+09:00,671.1224975585938,671.1224975585938,671.1224975585938,671.1224975585938,400,0.0,0.0
2003-03-04 00:00:00+09:00,671.1224975585938,671.1224975585938,671.1224975585938,671.1224975585938,0,0.0,0.0
2003-03-05 00:00:00+09:00,671.1224975585938,671.1224975585938,671.1224975585938,671.1224975585938,0,0.0,0.0
2003-03-06 00:00:00+09:00,658.379638671875,658.379638671875,658.379638671875,658.379638671875,200,0.0,0.0
2003-03-07 00:00:00+09:00,641.3892211914062,641.3892211914062,641.3892211914062,641.3892211914062,200,0.0,0.0
2003-03-10 00:00:00+09:00,637.1415405273438,637.1415405273438,637.1415405273438,637.1415405273438,400,0.0,0.0
2003-03-11 00:00:00+09:00,628.6463345231681,628.6463345231681,615.9035034179688,615.9035034179688,600,0.0,0.0
2003-03-12 00:00:00+09:00,594.6655096524004,594.6655096524004,586.1702880859375,586.1702880859375,1600,0.0,0.0
2003-03-13 00:00:00+09:00,598.9131038639096,607.4083251953125,598.9131038639096,607.4083251953125,600,0.0,0.0
2003-03-14 00:00:00+09:00,607.4083251953125,607.4083251953125,607.4083251953125,607.4083251953125,0,0.0,0.0
2003-03-17 00:00:00+09:00,607.4082977294921,607.4082977294921,594.6654663085938,594.6654663085938,400,0.0,0.0
2003-03-18 00:00:00+09:00,594.6654663085938,594.6654663085938,594.6654663085938,594.6654663085938,200,0.0,0.0
2003-03-19 00:00:00+09:00,594.6654663085938,594.6654663085938,594.6654663085938,594.6654663085938,200,0.0,0.0
2003-03-20 00:00:00+09:00,594.6654663085938,594.6654663085938,594.6654663085938,594.6654663085938,0,0.0,0.0
2003-03-21 00:00:00+09:00,594.6654663085938,594.6654663085938,594.6654663085938,594.6654663085938,0,0.0,0.0
2003-03-24 00:00:00+09:00,637.1415405273438,637.1415405273438,637.1415405273438,637.1415405273438,0,0.0,0.0
2003-03-25 00:00:00+09:00,637.1415405273438,637.1415405273438,637.1415405273438,637.1415405273438,0,0.0,0.0
2003-03-26 00:00:00+09:00,637.1415405273438,637.1415405273438,637.1415405273438,637.1415405273438,0,0.0,0.0
2003-03-27 00:00:00+09:00,675.3700561523438,675.3700561523438,675.3700561523438,675.3700561523438,0,0.0,0.0
2003-03-28 00:00:00+09:00,590.4178526455298,590.4178526455298,560.684579490719,564.9321899414062,7600,0.0,0.0
2003-03-31 00:00:00+09:00,594.6654663085938,594.6654663085938,594.6654663085938,594.6654663085938,1600,0.0,0.0
2003-04-01 00:00:00+09:00,577.6751098632812,577.6751098632812,577.6751098632812,577.6751098632812,200,0.0,0.0
2003-04-02 00:00:00+09:00,577.6751098632812,577.6751098632812,577.6751098632812,577.6751098632812,0,0.0,0.0
2003-04-03 00:00:00+09:00,590.4177856445312,590.4177856445312,590.4177856445312,590.4177856445312,0,0.0,0.0
2003-04-04 00:00:00+09:00,590.4177856445312,590.4177856445312,590.4177856445312,590.4177856445312,0,0.0,0.0
2003-04-07 00:00:00+09:00,590.4177856445312,590.4177856445312,590.4177856445312,590.4177856445312,0,0.0,0.0
2003-04-08 00:00:00+09:00,590.4177856445312,590.4177856445312,590.4177856445312,590.4177856445312,200,0.0,0.0
2003-04-09 00:00:00+09:00,590.4177856445312,590.4177856445312,590.4177856445312,590.4177856445312,0,0.0,0.0
2003-04-10 00:00:00+09:00,590.4177856445312,590.4177856445312,590.4177856445312,590.4177856445312,0,0.0,0.0
2003-04-11 00:00:00+09:00,594.6654663085938,594.6654663085938,594.6654663085938,594.6654663085938,800,0.0,0.0
2003-04-14 00:00:00+09:00,594.6654663085938,594.6654663085938,594.6654663085938,594.6654663085938,0,0.0,0.0
2003-04-15 00:00:00+09:00,598.9130249023438,598.9130249023438,598.9130249023438,598.9130249023438,0,0.0,0.0
2003-04-16 00:00:00+09:00,620.1511479767275,620.1511479767275,603.1607055664062,603.1607055664062,600,0.0,0.0
2003-04-17 00:00:00+09:00,620.1511321813882,624.3987426757812,620.1511321813882,624.3987426757812,800,0.0,0.0
2003-04-18 00:00:00+09:00,624.3987426757812,624.3987426757812,624.3987426757812,624.3987426757812,1000,0.0,0.0
2003-04-21 00:00:00+09:00,624.3987426757812,624.3987426757812,624.3987426757812,624.3987426757812,0,0.0,0.0
2003-04-22 00:00:00+09:00,624.3987426757812,624.3987426757812,624.3987426757812,624.3987426757812,0,0.0,0.0
2003-04-23 00:00:00+09:00,624.3987426757812,624.3987426757812,624.3987426757812,624.3987426757812,0,0.0,0.0
2003-04-24 00:00:00+09:00,624.3987426757812,624.3987426757812,624.3987426757812,624.3987426757812,200,0.0,0.0
2003-04-25 00:00:00+09:00,645.6367610677083,645.6367610677083,637.1415405273438,637.1415405273438,400,0.0,0.0
2003-04-28 00:00:00+09:00,637.1415405273438,637.1415405273438,637.1415405273438,637.1415405273438,0,0.0,0.0
2003-04-29 00:00:00+09:00,637.1415405273438,637.1415405273438,637.1415405273438,637.1415405273438,0,0.0,0.0
2003-04-30 00:00:00+09:00,594.6654663085938,594.6654663085938,594.6654663085938,594.6654663085938,2800,0.0,0.0
2003-05-01 00:00:00+09:00,624.3987426757812,624.3987426757812,624.3987426757812,624.3987426757812,200,0.0,0.0
2003-05-02 00:00:00+09:00,658.379638671875,658.379638671875,658.379638671875,658.379638671875,0,0.0,0.0
2003-05-05 00:00:00+09:00,658.379638671875,658.379638671875,658.379638671875,658.379638671875,0,0.0,0.0
2003-05-06 00:00:00+09:00,658.379638671875,658.379638671875,658.379638671875,658.379638671875,0,0.0,0.0
2003-05-07 00:00:00+09:00,679.61767578125,679.61767578125,679.61767578125,679.61767578125,200,0.0,0.0
2003-05-08 00:00:00+09:00,679.6176848796584,705.1033480626456,679.6176848796584,683.8652954101562,1600,0.0,0.0
2003-05-09 00:00:00+09:00,700.8557375321477,700.8557375321477,683.8652954101562,683.8652954101562,600,0.0,0.0
2003-05-12 00:00:00+09:00,717.8460693359375,717.8460693359375,717.8460693359375,717.8460693359375,200,0.0,0.0
2003-05-13 00:00:00+09:00,717.8460693359375,717.8460693359375,717.8460693359375,717.8460693359375,0,0.0,0.0
2003-05-14 00:00:00+09:00,717.8460693359375,717.8460693359375,717.8460693359375,717.8460693359375,0,0.0,0.0
2003-05-15 00:00:00+09:00,683.8652954101562,683.8652954101562,683.8652954101562,683.8652954101562,1000,0.0,0.0
2003-05-16 00:00:00+09:00,683.8652954101562,683.8652954101562,683.8652954101562,683.8652954101562,0,0.0,0.0
2003-05-19 00:00:00+09:00,683.8652954101562,683.8652954101562,683.8652954101562,683.8652954101562,0,0.0,0.0
2003-05-20 00:00:00+09:00,683.8652954101562,683.8652954101562,683.8652954101562,683.8652954101562,0,0.0,0.0
2003-05-21 00:00:00+09:00,683.8652954101562,683.8652954101562,683.8652954101562,683.8652954101562,0,0.0,0.0
2003-05-22 00:00:00+09:00,683.8652954101562,683.8652954101562,683.8652954101562,683.8652954101562,0,0.0,0.0
2003-05-23 00:00:00+09:00,683.8652954101562,683.8652954101562,683.8652954101562,683.8652954101562,0,0.0,0.0
2003-05-26 00:00:00+09:00,683.8652954101562,683.8652954101562,683.8652954101562,683.8652954101562,0,0.0,0.0
2003-05-27 00:00:00+09:00,692.3604125976562,692.3604125976562,692.3604125976562,692.3604125976562,0,0.0,0.0
2003-05-28 00:00:00+09:00,730.5890209056713,730.5890209056713,688.1129150390625,688.1129150390625,1800,0.0,0.0
2003-05-29 00:00:00+09:00,722.0937997323496,722.0937997323496,688.1129150390625,688.1129150390625,600,0.0,0.0
2003-05-30 00:00:00+09:00,688.1129150390625,688.1129150390625,688.1129150390625,688.1129150390625,0,0.0,0.0
2003-06-02 00:00:00+09:00,688.1129150390625,688.1129150390625,688.1129150390625,688.1129150390625,0,0.0,0.0
2003-06-03 00:00:00+09:00,717.8460693359375,717.8460693359375,717.8460693359375,717.8460693359375,200,0.0,0.0
2003-06-04 00:00:00+09:00,692.3604125976562,692.3604125976562,692.3604125976562,692.3604125976562,200,0.0,0.0
2003-06-05 00:00:00+09:00,722.09375,722.09375,722.09375,722.09375,200,0.0,0.0
2003-06-06 00:00:00+09:00,692.3604125976562,692.3604125976562,692.3604125976562,692.3604125976562,600,0.0,0.0
2003-06-09 00:00:00+09:00,692.3604125976562,692.3604125976562,692.3604125976562,692.3604125976562,400,0.0,0.0
2003-06-10 00:00:00+09:00,730.5890591130781,734.836669921875,730.5890591130781,734.836669921875,1200,0.0,0.0
2003-06-11 00:00:00+09:00,773.0650911898226,785.8079223632812,773.0650911898226,785.8079223632812,2600,0.0,0.0
2003-06-12 00:00:00+09:00,781.5603637695312,781.5603637695312,781.5603637695312,781.5603637695312,200,0.0,0.0
2003-06-13 00:00:00+09:00,781.5603637695312,781.5603637695312,781.5603637695312,781.5603637695312,0,0.0,0.0
2003-06-16 00:00:00+09:00,777.312744140625,777.312744140625,777.312744140625,777.312744140625,0,0.0,0.0
2003-06-17 00:00:00+09:00,764.5698852539062,764.5698852539062,764.5698852539062,764.5698852539062,0,0.0,0.0
2003-06-18 00:00:00+09:00,764.5698852539062,764.5698852539062,764.5698852539062,764.5698852539062,200,0.0,0.0
2003-06-19 00:00:00+09:00,764.5698852539062,764.5698852539062,764.5698852539062,764.5698852539062,200,0.0,0.0
2003-06-20 00:00:00+09:00,764.5698852539062,764.5698852539062,764.5698852539062,764.5698852539062,200,0.0,0.0
2003-06-23 00:00:00+09:00,764.5698852539062,764.5698852539062,764.5698852539062,764.5698852539062,200,0.0,0.0
2003-06-24 00:00:00+09:00,764.5698852539062,764.5698852539062,764.5698852539062,764.5698852539062,0,0.0,0.0
2003-06-25 00:00:00+09:00,764.5698529411765,764.5698529411765,722.09375,722.09375,400,0.0,0.0
2003-06-26 00:00:00+09:00,734.836669921875,734.836669921875,734.836669921875,734.836669921875,0,0.0,0.0
2003-06-27 00:00:00+09:00,764.5698704075169,785.8079223632812,764.5698704075169,785.8079223632812,1000,0.0,0.0
2003-06-30 00:00:00+09:00,709.3509965053825,730.5890502929688,709.3509965053825,730.5890502929688,3000,0.0,0.0
2003-07-01 00:00:00+09:00,781.5602222484547,781.5602222484547,773.0650024414062,773.0650024414062,400,0.0,0.0
2003-07-02 00:00:00+09:00,815.5412417763157,815.5412417763157,807.0460205078125,807.0460205078125,800,0.0,0.0
2003-07-03 00:00:00+09:00,807.0460205078125,807.0460205078125,807.0460205078125,807.0460205078125,200,0.0,0.0
2003-07-04 00:00:00+09:00,777.3127166748046,777.3127166748046,764.5698852539062,764.5698852539062,400,0.0,0.0
2003-07-07 00:00:00+09:00,802.7984187740306,811.2936401367188,802.7984187740306,811.2936401367188,400,0.0,0.0
2003-07-08 00:00:00+09:00,853.7697143554688,870.7601564321945,853.7697143554688,853.7697143554688,3800,0.0,0.0
2003-07-09 00:00:00+09:00,896.2457455444336,896.2457455444336,849.5220336914062,849.5220336914062,2400,0.0,0.0
2003-07-10 00:00:00+09:00,849.5220336914062,849.5220336914062,849.5220336914062,849.5220336914062,400,0.0,0.0
2003-07-11 00:00:00+09:00,849.5220336914062,849.5220336914062,849.5220336914062,849.5220336914062,0,0.0,0.0
2003-07-14 00:00:00+09:00,849.5220336914062,849.5220336914062,849.5220336914062,849.5220336914062,0,0.0,0.0
2003-07-15 00:00:00+09:00,849.5220336914062,849.5220336914062,849.5220336914062,849.5220336914062,0,0.0,0.0
2003-07-16 00:00:00+09:00,849.5220336914062,849.5220336914062,849.5220336914062,849.5220336914062,0,0.0,0.0
2003-07-17 00:00:00+09:00,849.5220336914062,849.5220336914062,849.5220336914062,849.5220336914062,0,0.0,0.0
2003-07-18 00:00:00+09:00,849.5220336914062,849.5220336914062,849.5220336914062,849.5220336914062,0,0.0,0.0
2003-07-21 00:00:00+09:00,849.5220336914062,849.5220336914062,849.5220336914062,849.5220336914062,0,0.0,0.0
2003-07-22 00:00:00+09:00,849.5220336914062,849.5220336914062,849.5220336914062,849.5220336914062,0,0.0,0.0
2003-07-23 00:00:00+09:00,841.02685546875,841.02685546875,841.02685546875,841.02685546875,0,0.0,0.0
2003-07-24 00:00:00+09:00,841.02685546875,841.02685546875,841.02685546875,841.02685546875,0,0.0,0.0
2003-07-25 00:00:00+09:00,875.0077514648438,875.0077514648438,875.0077514648438,875.0077514648438,200,0.0,0.0
2003-07-28 00:00:00+09:00,845.2745971679688,845.2745971679688,845.2745971679688,845.2745971679688,200,0.0,0.0
2003-07-29 00:00:00+09:00,887.7505586170015,891.9981689453125,887.7505586170015,891.9981689453125,1800,0.0,0.0
2003-07-30 00:00:00+09:00,891.9981689453125,891.9981689453125,891.9981689453125,891.9981689453125,600,0.0,0.0
2003-07-31 00:00:00+09:00,891.9981689453125,891.9981689453125,891.9981689453125,891.9981689453125,0,0.0,0.0
2003-08-01 00:00:00+09:00,832.5316772460938,832.5316772460938,832.5316772460938,832.5316772460938,200,0.0,0.0
2003-08-04 00:00:00+09:00,832.5316772460938,832.5316772460938,832.5316772460938,832.5316772460938,0,0.0,0.0
2003-08-05 00:00:00+09:00,832.5316772460938,832.5316772460938,832.5316772460938,832.5316772460938,0,0.0,0.0
2003-08-06 00:00:00+09:00,832.5316772460938,832.5316772460938,832.5316772460938,832.5316772460938,0,0.0,0.0
2003-08-07 00:00:00+09:00,849.5220336914062,849.5220336914062,849.5220336914062,849.5220336914062,0,0.0,0.0
2003-08-08 00:00:00+09:00,849.5220336914062,849.5220336914062,849.5220336914062,849.5220336914062,200,0.0,0.0
2003-08-11 00:00:00+09:00,832.5316772460938,832.5316772460938,832.5316772460938,832.5316772460938,0,0.0,0.0
2003-08-12 00:00:00+09:00,832.5315930175781,849.5220336914062,832.5315930175781,849.5220336914062,400,0.0,0.0
2003-08-13 00:00:00+09:00,849.5220336914062,849.5220336914062,849.5220336914062,849.5220336914062,0,0.0,0.0
2003-08-14 00:00:00+09:00,849.5220336914062,849.5220336914062,849.5220336914062,849.5220336914062,200,0.0,0.0
2003-08-15 00:00:00+09:00,849.5220336914062,849.5220336914062,849.5220336914062,849.5220336914062,400,0.0,0.0
2003-08-18 00:00:00+09:00,849.5220336914062,849.5220336914062,849.5220336914062,849.5220336914062,2000,0.0,0.0
2003-08-19 00:00:00+09:00,849.5220336914062,849.5220336914062,849.5220336914062,849.5220336914062,800,0.0,0.0
2003-08-20 00:00:00+09:00,849.5220336914062,849.5220336914062,849.5220336914062,849.5220336914062,400,0.0,0.0
2003-08-21 00:00:00+09:00,849.5220336914062,849.5220336914062,849.5220336914062,849.5220336914062,200,0.0,0.0
2003-08-22 00:00:00+09:00,849.5220336914062,849.5220336914062,849.5220336914062,849.5220336914062,1000,0.0,0.0
2003-08-25 00:00:00+09:00,849.5220336914062,849.5220336914062,849.5220336914062,849.5220336914062,1400,0.0,0.0
2003-08-26 00:00:00+09:00,862.458984375,862.458984375,862.458984375,862.458984375,0,15.0,0.0
2003-08-27 00:00:00+09:00,849.52197265625,849.52197265625,849.52197265625,849.52197265625,0,0.0,0.0
2003-08-28 00:00:00+09:00,862.458984375,862.458984375,862.458984375,862.458984375,1400,0.0,0.0
2003-08-29 00:00:00+09:00,862.458984375,862.458984375,862.458984375,862.458984375,200,0.0,0.0
2003-09-01 00:00:00+09:00,862.4589284261067,862.4589284261067,827.9605712890625,827.9605712890625,600,0.0,0.0
2003-09-02 00:00:00+09:00,819.3359985351562,819.3359985351562,819.3359985351562,819.3359985351562,200,0.0,0.0
2003-09-03 00:00:00+09:00,819.3359985351562,819.3359985351562,819.3359985351562,819.3359985351562,400,0.0,0.0
2003-09-04 00:00:00+09:00,776.2130835748488,802.0868530273438,776.2130835748488,802.0868530273438,1000,0.0,0.0
2003-09-05 00:00:00+09:00,797.7745361328125,797.7745361328125,797.7745361328125,797.7745361328125,200,0.0,0.0
2003-09-08 00:00:00+09:00,780.5253831974413,815.0237426757812,780.5253831974413,815.0237426757812,800,0.0,0.0
2003-09-09 00:00:00+09:00,789.1499465529984,797.7745361328125,789.1499465529984,797.7745361328125,600,0.0,0.0
2003-09-10 00:00:00+09:00,793.4622802734375,793.4622802734375,789.1499852719514,793.4622802734375,800,0.0,0.0
2003-09-11 00:00:00+09:00,789.1499633789062,789.1499633789062,789.1499633789062,789.1499633789062,1000,0.0,0.0
2003-09-12 00:00:00+09:00,789.1499633789062,789.1499633789062,789.1499633789062,789.1499633789062,0,0.0,0.0
2003-09-15 00:00:00+09:00,789.1499633789062,789.1499633789062,789.1499633789062,789.1499633789062,0,0.0,0.0
2003-09-16 00:00:00+09:00,819.3359985351562,819.3359985351562,819.3359985351562,819.3359985351562,1000,0.0,0.0
2003-09-17 00:00:00+09:00,819.3359985351562,819.3359985351562,819.3359985351562,819.3359985351562,200,0.0,0.0
2003-09-18 00:00:00+09:00,819.3359985351562,819.3359985351562,819.3359985351562,819.3359985351562,0,0.0,0.0
2003-09-19 00:00:00+09:00,797.7744852701823,797.7744852701823,776.2130126953125,776.2130126953125,1600,0.0,0.0
2003-09-22 00:00:00+09:00,776.2130126953125,776.2130126953125,776.2130126953125,776.2130126953125,1200,0.0,0.0
2003-09-23 00:00:00+09:00,776.2130126953125,776.2130126953125,776.2130126953125,776.2130126953125,0,0.0,0.0
2003-09-24 00:00:00+09:00,741.7147216796875,767.5884910406069,733.0901318927143,741.7147216796875,3400,0.0,0.0
2003-09-25 00:00:00+09:00,741.7147216796875,741.7147216796875,741.7147216796875,741.7147216796875,200,0.0,0.0
2003-09-26 00:00:00+09:00,737.4024740962659,763.2762451171875,737.4024740962659,763.2762451171875,600,0.0,0.0
2003-09-29 00:00:00+09:00,784.8375854492188,784.8375854492188,784.8375854492188,784.8375854492188,1400,0.0,0.0
2003-09-30 00:00:00+09:00,797.7745361328125,797.7745361328125,797.7745361328125,797.7745361328125,400,0.0,0.0
2003-10-01 00:00:00+09:00,728.77783203125,728.77783203125,728.77783203125,728.77783203125,1400,0.0,0.0
2003-10-02 00:00:00+09:00,741.7147216796875,741.7147216796875,741.7147216796875,741.7147216796875,0,0.0,0.0
2003-10-03 00:00:00+09:00,741.7147216796875,741.7147216796875,741.7147216796875,741.7147216796875,0,0.0,0.0
2003-10-06 00:00:00+09:00,784.8375854492188,784.8375854492188,784.8375854492188,784.8375854492188,200,0.0,0.0
2003-10-07 00:00:00+09:00,780.525390625,780.525390625,780.525390625,780.525390625,200,0.0,0.0
2003-10-08 00:00:00+09:00,771.9007838514985,789.1499633789062,771.9007838514985,789.1499633789062,800,0.0,0.0
2003-10-09 00:00:00+09:00,741.7147216796875,741.7147216796875,741.7147216796875,741.7147216796875,400,0.0,0.0
2003-10-10 00:00:00+09:00,758.9638671875,758.9638671875,758.9638671875,758.9638671875,200,0.0,0.0
2003-10-13 00:00:00+09:00,758.9638671875,758.9638671875,758.9638671875,758.9638671875,0,0.0,0.0
2003-10-14 00:00:00+09:00,758.9638671875,763.276161887429,758.9638671875,758.9638671875,600,0.0,0.0
2003-10-15 00:00:00+09:00,758.9638671875,758.9638671875,754.651572487571,758.9638671875,1200,0.0,0.0
2003-10-16 00:00:00+09:00,797.7745629366112,819.3360376105737,797.7745629366112,815.0237426757812,1600,0.0,0.0
2003-10-17 00:00:00+09:00,771.9008178710938,771.9008178710938,771.9008178710938,771.9008178710938,400,0.0,0.0
2003-10-20 00:00:00+09:00,776.2130126953125,776.2130126953125,776.2130126953125,776.2130126953125,200,0.0,0.0
2003-10-21 00:00:00+09:00,819.3359820048014,827.9605712890625,819.3359820048014,827.9605712890625,600,0.0,0.0
2003-10-22 00:00:00+09:00,827.9605712890625,827.9605712890625,827.9605712890625,827.9605712890625,0,0.0,0.0
2003-10-23 00:00:00+09:00,776.2130126953125,776.2130126953125,776.2130126953125,776.2130126953125,200,0.0,0.0
2003-10-24 00:00:00+09:00,754.651611328125,754.651611328125,754.651611328125,754.651611328125,200,0.0,0.0
2003-10-27 00:00:00+09:00,784.8375854492188,784.8375854492188,784.8375854492188,784.8375854492188,200,0.0,0.0
2003-10-28 00:00:00+09:00,827.9605712890625,827.9605712890625,827.9605712890625,827.9605712890625,1600,0.0,0.0
2003-10-29 00:00:00+09:00,827.9605712890625,827.9605712890625,827.9605712890625,827.9605712890625,1200,0.0,0.0
2003-10-30 00:00:00+09:00,819.3359985351562,819.3359985351562,819.3359985351562,819.3359985351562,0,0.0,0.0
2003-10-31 00:00:00+09:00,819.3359985351562,819.3359985351562,819.3359985351562,819.3359985351562,0,0.0,0.0
2003-11-03 00:00:00+09:00,819.3359985351562,819.3359985351562,819.3359985351562,819.3359985351562,0,0.0,0.0
2003-11-04 00:00:00+09:00,819.3359985351562,819.3359985351562,819.3359985351562,819.3359985351562,0,0.0,0.0
2003-11-05 00:00:00+09:00,754.651611328125,754.651611328125,754.651611328125,754.651611328125,1600,0.0,0.0
2003-11-06 00:00:00+09:00,758.96390625,758.96390625,754.651611328125,754.651611328125,400,0.0,0.0
2003-11-07 00:00:00+09:00,754.6515610638786,754.6515610638786,733.090087890625,733.090087890625,2200,0.0,0.0
2003-11-10 00:00:00+09:00,737.4025268554688,737.4025268554688,737.4025268554688,737.4025268554688,0,0.0,0.0
2003-11-11 00:00:00+09:00,737.4025268554688,737.4025268554688,737.4025268554688,737.4025268554688,0,0.0,0.0
2003-11-12 00:00:00+09:00,737.4023825252757,737.4023825252757,733.090087890625,733.090087890625,2800,0.0,0.0
2003-11-13 00:00:00+09:00,733.09013671875,754.651611328125,733.09013671875,754.651611328125,1200,0.0,0.0
2003-11-14 00:00:00+09:00,754.651611328125,754.651611328125,754.651611328125,754.651611328125,0,0.0,0.0
2003-11-17 00:00:00+09:00,754.6515610638786,754.6515610638786,733.090087890625,733.090087890625,600,0.0,0.0
2003-11-18 00:00:00+09:00,733.0900989879261,733.0900989879261,711.5286254882812,711.5286254882812,600,0.0,0.0
2003-11-19 00:00:00+09:00,711.5286254882812,711.5286254882812,711.5286254882812,711.5286254882812,0,0.0,0.0
2003-11-20 00:00:00+09:00,754.651611328125,754.651611328125,754.651611328125,754.651611328125,200,0.0,0.0
2003-11-21 00:00:00+09:00,711.5286475491811,715.8409423828125,711.5286475491811,715.8409423828125,1800,0.0,0.0
2003-11-24 00:00:00+09:00,715.8409423828125,715.8409423828125,715.8409423828125,715.8409423828125,0,0.0,0.0
2003-11-25 00:00:00+09:00,715.8409423828125,715.8409423828125,715.8409423828125,715.8409423828125,0,0.0,0.0
2003-11-26 00:00:00+09:00,733.090087890625,733.090087890625,733.090087890625,733.090087890625,1000,0.0,0.0
2003-11-27 00:00:00+09:00,733.090087890625,733.090087890625,733.090087890625,733.090087890625,400,0.0,0.0
2003-11-28 00:00:00+09:00,715.840909352022,733.090087890625,715.840909352022,733.090087890625,3200,0.0,0.0
2003-12-01 00:00:00+09:00,754.651611328125,754.651611328125,754.651611328125,754.651611328125,800,0.0,0.0
2003-12-02 00:00:00+09:00,754.651611328125,754.651611328125,754.651611328125,754.651611328125,0,0.0,0.0
2003-12-03 00:00:00+09:00,737.4023825252757,737.4023825252757,733.090087890625,733.090087890625,600,0.0,0.0
2003-12-04 00:00:00+09:00,737.4023620605469,776.2130126953125,737.4023620605469,776.2130126953125,400,0.0,0.0
2003-12-05 00:00:00+09:00,771.9008178710938,771.9008178710938,771.9008178710938,771.9008178710938,0,0.0,0.0
2003-12-08 00:00:00+09:00,815.0237426757812,815.0237426757812,815.0237426757812,815.0237426757812,3800,0.0,0.0
2003-12-09 00:00:00+09:00,858.146728515625,858.146728515625,858.146728515625,858.146728515625,5600,0.0,0.0
2003-12-10 00:00:00+09:00,793.4622802734375,793.4622802734375,793.4622802734375,793.4622802734375,200,0.0,0.0
2003-12-11 00:00:00+09:00,793.4622802734375,793.4622802734375,793.4622802734375,793.4622802734375,200,0.0,0.0
2003-12-12 00:00:00+09:00,793.4622802734375,793.4622802734375,793.4622802734375,793.4622802734375,0,0.0,0.0
2003-12-15 00:00:00+09:00,750.3393425115661,771.9008178710938,750.3393425115661,771.9008178710938,800,0.0,0.0
2003-12-16 00:00:00+09:00,754.6515278432561,754.6515278432561,750.3392333984375,750.3392333984375,2400,0.0,0.0
2003-12-17 00:00:00+09:00,741.7147265625,754.651611328125,741.7147265625,754.651611328125,600,0.0,0.0
2003-12-18 00:00:00+09:00,754.651611328125,754.651611328125,754.651611328125,754.651611328125,0,0.0,0.0
2003-12-19 00:00:00+09:00,754.651611328125,754.651611328125,754.651611328125,754.651611328125,0,0.0,0.0
2003-12-22 00:00:00+09:00,754.6516286155392,754.6516286155392,746.0270385742188,746.0270385742188,400,0.0,0.0
2003-12-23 00:00:00+09:00,746.0270385742188,746.0270385742188,746.0270385742188,746.0270385742188,0,0.0,0.0
2003-12-24 00:00:00+09:00,746.027021484375,758.96390625,746.027021484375,754.651611328125,1400,0.0,0.0
2003-12-25 00:00:00+09:00,754.651572487571,758.9638671875,754.651572487571,758.9638671875,600,0.0,0.0
2003-12-26 00:00:00+09:00,776.2130126953125,776.2130126953125,776.2130126953125,776.2130126953125,200,0.0,0.0
2003-12-29 00:00:00+09:00,776.2130859375001,776.2130859375001,754.651611328125,754.651611328125,1600,0.0,0.0
2003-12-30 00:00:00+09:00,793.4622413429054,797.7745361328125,793.4622413429054,797.7745361328125,400,0.0,0.0
2003-12-31 00:00:00+09:00,797.7745361328125,797.7745361328125,797.7745361328125,797.7745361328125,0,0.0,0.0
2004-01-01 00:00:00+09:00,797.7745361328125,797.7745361328125,797.7745361328125,797.7745361328125,0,0.0,0.0
2004-01-02 00:00:00+09:00,797.7745361328125,797.7745361328125,797.7745361328125,797.7745361328125,0,0.0,0.0
2004-01-05 00:00:00+09:00,797.7745361328125,797.7745361328125,797.7745361328125,797.7745361328125,0,0.0,0.0
2004-01-06 00:00:00+09:00,797.7745361328125,797.7745361328125,797.7745361328125,797.7745361328125,0,0.0,0.0
2004-01-07 00:00:00+09:00,797.7745361328125,797.7745361328125,797.7745361328125,797.7745361328125,0,0.0,0.0
2004-01-08 00:00:00+09:00,797.7745361328125,797.7745361328125,797.7745361328125,797.7745361328125,1200,0.0,0.0
2004-01-09 00:00:00+09:00,797.7745361328125,797.7745361328125,797.7745361328125,797.7745361328125,0,0.0,0.0
2004-01-12 00:00:00+09:00,797.7745361328125,797.7745361328125,797.7745361328125,797.7745361328125,0,0.0,0.0
2004-01-13 00:00:00+09:00,797.7745705283149,797.7745705283149,780.525390625,780.525390625,1600,0.0,0.0
2004-01-14 00:00:00+09:00,780.525390625,780.525390625,780.525390625,780.525390625,0,0.0,0.0
2004-01-15 00:00:00+09:00,784.8375854492188,784.8375854492188,784.8375854492188,784.8375854492188,600,0.0,0.0
2004-01-16 00:00:00+09:00,797.7745361328125,797.7745361328125,797.7745361328125,797.7745361328125,400,0.0,0.0
2004-01-19 00:00:00+09:00,797.7745361328125,797.7745361328125,797.7745361328125,797.7745361328125,0,0.0,0.0
2004-01-20 00:00:00+09:00,797.7745361328125,797.7745361328125,797.7745361328125,797.7745361328125,0,0.0,0.0
2004-01-21 00:00:00+09:00,784.8375854492188,784.8375854492188,784.8375854492188,784.8375854492188,1200,0.0,0.0
2004-01-22 00:00:00+09:00,784.8375854492188,784.8375854492188,784.8375854492188,784.8375854492188,0,0.0,0.0
2004-01-23 00:00:00+09:00,797.7745361328125,797.7745361328125,797.7745361328125,797.7745361328125,200,0.0,0.0
2004-01-26 00:00:00+09:00,797.7745883025271,797.7745883025271,771.9008178710938,771.9008178710938,2600,0.0,0.0
2004-01-27 00:00:00+09:00,797.7745361328125,797.7745361328125,797.7745361328125,797.7745361328125,400,0.0,0.0
2004-01-28 00:00:00+09:00,797.7744852701823,797.7744852701823,776.2130126953125,776.2130126953125,1800,0.0,0.0
2004-01-29 00:00:00+09:00,810.71142578125,810.71142578125,810.71142578125,810.71142578125,400,0.0,0.0
2004-01-30 00:00:00+09:00,810.71142578125,810.71142578125,810.71142578125,810.71142578125,0,0.0,0.0
2004-02-02 00:00:00+09:00,810.7114090768915,819.3359985351562,810.7114090768915,819.3359985351562,1000,0.0,0.0
2004-02-03 00:00:00+09:00,819.3359985351562,819.3359985351562,819.3359985351562,819.3359985351562,0,0.0,0.0
2004-02-04 00:00:00+09:00,819.3359985351562,819.3359985351562,819.3359985351562,819.3359985351562,0,0.0,0.0
2004-02-05 00:00:00+09:00,815.0237504316299,815.0237504316299,780.525390625,780.525390625,1600,0.0,0.0
2004-02-06 00:00:00+09:00,810.7113520024897,810.7113520024897,784.8375854492188,784.8375854492188,600,0.0,0.0
2004-02-09 00:00:00+09:00,784.8375854492188,784.8375854492188,784.8375854492188,784.8375854492188,0,0.0,0.0
2004-02-10 00:00:00+09:00,815.0237426757812,815.0237426757812,815.0237426757812,815.0237426757812,200,0.0,0.0
2004-02-11 00:00:00+09:00,815.0237426757812,815.0237426757812,815.0237426757812,815.0237426757812,0,0.0,0.0
2004-02-12 00:00:00+09:00,815.0237426757812,815.0237426757812,815.0237426757812,815.0237426757812,400,0.0,0.0
2004-02-13 00:00:00+09:00,815.0237426757812,815.0237426757812,815.0237426757812,815.0237426757812,400,0.0,0.0
2004-02-16 00:00:00+09:00,819.3359598689054,823.6482543945312,819.3359598689054,823.6482543945312,600,0.0,0.0
2004-02-17 00:00:00+09:00,819.33600391131,832.2728881835938,819.33600391131,832.2728881835938,400,0.0,0.0
2004-02-18 00:00:00+09:00,823.6482932642887,823.6482932642887,819.3359985351562,819.3359985351562,1600,0.0,0.0
2004-02-19 00:00:00+09:00,819.3359985351562,819.3359985351562,819.3359985351562,819.3359985351562,600,0.0,0.0
2004-02-20 00:00:00+09:00,819.3359985351562,819.3359985351562,819.3359985351562,819.3359985351562,400,0.0,0.0
2004-02-23 00:00:00+09:00,858.1466452858665,858.1466452858665,840.8974664861506,853.8343505859375,2000,0.0,0.0
2004-02-24 00:00:00+09:00,831.9411010742188,831.9411010742188,831.9411010742188,831.9411010742188,600,15.0,0.0
2004-02-25 00:00:00+09:00,805.6693359375,810.0479736328125,805.6693359375,810.0479736328125,400,0.0,0.0
2004-02-26 00:00:00+09:00,766.2615966796875,788.15478515625,766.2615966796875,788.15478515625,800,0.0,0.0
2004-02-27 00:00:00+09:00,783.7761474609375,788.15478515625,770.640234375,788.15478515625,600,0.0,0.0
2004-03-01 00:00:00+09:00,748.7470703125,775.0188973410087,722.4752432839912,748.7470703125,5400,0.0,0.0
2004-03-02 00:00:00+09:00,792.5334228515625,792.5334228515625,788.15478515625,788.15478515625,800,0.0,0.0
2004-03-03 00:00:00+09:00,788.15478515625,788.15478515625,788.15478515625,788.15478515625,1200,0.0,0.0
2004-03-04 00:00:00+09:00,766.2616449560823,775.0189208984375,766.2616449560823,775.0189208984375,600,0.0,0.0
2004-03-05 00:00:00+09:00,805.6693359375,814.426611328125,788.15478515625,788.15478515625,1400,0.0,0.0
2004-03-08 00:00:00+09:00,788.154820981233,805.6693725585938,788.154820981233,805.6693725585938,1000,0.0,0.0
2004-03-09 00:00:00+09:00,805.6693725585938,810.0480104529339,805.6693725585938,805.6693725585938,1200,0.0,0.0
2004-03-10 00:00:00+09:00,818.8052978515625,818.8052978515625,818.8052978515625,818.8052978515625,0,0.0,0.0
2004-03-11 00:00:00+09:00,827.562463700144,831.9411010742188,827.562463700144,831.9411010742188,600,0.0,0.0
2004-03-12 00:00:00+09:00,871.3489519755045,871.3489519755045,840.698486328125,840.698486328125,800,0.0,0.0
2004-03-15 00:00:00+09:00,862.5917226513426,871.3489990234375,862.5917226513426,871.3489990234375,1600,0.0,0.0
2004-03-16 00:00:00+09:00,871.3489249516459,901.9993896484375,871.3489249516459,901.9993896484375,2400,0.0,0.0
2004-03-17 00:00:00+09:00,901.9993039014862,901.9993039014862,897.6206665039062,897.6206665039062,2000,0.0,0.0
2004-03-18 00:00:00+09:00,897.6207275390625,897.6207275390625,853.8343505859375,853.8343505859375,2400,0.0,0.0
2004-03-19 00:00:00+09:00,858.2129516601562,858.2129516601562,858.2129516601562,858.2129516601562,200,0.0,0.0
2004-03-22 00:00:00+09:00,893.24208984375,897.6207275390625,875.7275390625,875.7275390625,3200,0.0,0.0
2004-03-23 00:00:00+09:00,875.7274897411617,875.7274897411617,866.97021484375,866.97021484375,600,0.0,0.0
2004-03-24 00:00:00+09:00,866.97021484375,866.97021484375,866.97021484375,866.97021484375,400,0.0,0.0
2004-03-25 00:00:00+09:00,884.4847670335035,910.756591796875,884.4847670335035,910.756591796875,1200,0.0,0.0
2004-03-26 00:00:00+09:00,901.999365234375,919.513916015625,901.999365234375,919.513916015625,600,0.0,0.0
2004-03-29 00:00:00+09:00,875.7275627654733,901.9993896484375,875.7275627654733,901.9993896484375,7800,0.0,0.0
2004-03-30 00:00:00+09:00,915.1351838288483,1204.1252418800636,910.7565465856482,1182.2320556640625,16400,0.0,0.0
2004-03-31 00:00:00+09:00,1160.3388598632812,1160.3388598632812,1033.358380859375,1094.6593017578125,5400,0.0,0.0
2004-04-01 00:00:00+09:00,1085.9022216796875,1085.9022216796875,1085.9022216796875,1085.9022216796875,0,0.0,0.0
2004-04-02 00:00:00+09:00,1072.7662108374423,1072.7662108374423,1028.9798348848938,1068.3875732421875,1000,0.0,0.0
2004-04-05 00:00:00+09:00,1072.7662596663808,1077.1448974609375,1072.7662596663808,1077.1448974609375,800,0.0,0.0
2004-04-06 00:00:00+09:00,1077.145043253416,1081.523681640625,1077.145043253416,1081.523681640625,1000,0.0,0.0
2004-04-07 00:00:00+09:00,1068.3875737324297,1094.659399316014,1068.3875737324297,1090.28076171875,5200,0.0,0.0
2004-04-08 00:00:00+09:00,1094.659399316014,1094.659399316014,1050.8730233433735,1090.28076171875,2000,0.0,0.0
2004-04-09 00:00:00+09:00,1072.76611328125,1072.76611328125,1072.76611328125,1072.76611328125,400,0.0,0.0
2004-04-12 00:00:00+09:00,1077.1448502974076,1160.3389647512724,1077.1448502974076,1155.9603271484375,5600,0.0,0.0
2004-04-13 00:00:00+09:00,1160.339080380722,1247.9118411641725,1160.339080380722,1243.533203125,5400,0.0,0.0
2004-04-14 00:00:00+09:00,1177.8535400390624,1243.53310546875,1177.8535400390624,1226.0185546875,1600,0.0,0.0
2004-04-15 00:00:00+09:00,1190.989528873574,1190.989528873574,1151.581787109375,1151.581787109375,1400,0.0,0.0
2004-04-16 00:00:00+09:00,1142.8244633674622,1142.8244633674622,1120.9312744140625,1120.9312744140625,1600,0.0,0.0
2004-04-19 00:00:00+09:00,1120.9313725490197,1120.9313725490197,1116.552734375,1116.552734375,400,0.0,0.0
2004-04-20 00:00:00+09:00,1094.6592966715496,1094.6592966715496,1050.8729248046875,1050.8729248046875,800,0.0,0.0
2004-04-21 00:00:00+09:00,1103.416576171875,1103.416576171875,1094.6593017578125,1094.6593017578125,1600,0.0,0.0
2004-04-22 00:00:00+09:00,1094.6593017578125,1094.6593017578125,1094.6593017578125,1094.6593017578125,0,0.0,0.0
2004-04-23 00:00:00+09:00,1094.6593017578125,1094.6593017578125,1094.6593017578125,1094.6593017578125,0,0.0,0.0
2004-04-26 00:00:00+09:00,1099.0379389648438,1099.0379389648438,1094.6593017578125,1094.6593017578125,1000,0.0,0.0
2004-04-27 00:00:00+09:00,1064.009033203125,1064.009033203125,1064.009033203125,1064.009033203125,400,0.0,0.0
2004-04-28 00:00:00+09:00,1055.251708984375,1059.6303467809905,1055.251708984375,1055.251708984375,3400,0.0,0.0
2004-04-29 00:00:00+09:00,1055.251708984375,1055.251708984375,1055.251708984375,1055.251708984375,0,0.0,0.0
2004-04-30 00:00:00+09:00,1085.9020222981771,1085.9020222981771,1050.8729248046875,1050.8729248046875,1000,0.0,0.0
2004-05-03 00:00:00+09:00,1050.8729248046875,1050.8729248046875,1050.8729248046875,1050.8729248046875,0,0.0,0.0
2004-05-04 00:00:00+09:00,1050.8729248046875,1050.8729248046875,1050.8729248046875,1050.8729248046875,0,0.0,0.0
2004-05-05 00:00:00+09:00,1050.8729248046875,1050.8729248046875,1050.8729248046875,1050.8729248046875,0,0.0,0.0
2004-05-06 00:00:00+09:00,1050.8729248046875,1050.8729248046875,1050.8729248046875,1050.8729248046875,800,0.0,0.0
2004-05-07 00:00:00+09:00,1050.8729248046875,1050.8729248046875,1050.8729248046875,1050.8729248046875,600,0.0,0.0
2004-05-10 00:00:00+09:00,1007.086669921875,1007.086669921875,1007.086669921875,1007.086669921875,200,0.0,0.0
2004-05-11 00:00:00+09:00,985.1934814453125,985.1934814453125,985.1934814453125,985.1934814453125,600,0.0,0.0
2004-05-12 00:00:00+09:00,985.1934814453125,985.1934814453125,985.1934814453125,985.1934814453125,0,0.0,0.0
2004-05-13 00:00:00+09:00,963.30029296875,963.30029296875,963.30029296875,963.30029296875,1200,0.0,0.0
2004-05-14 00:00:00+09:00,919.513916015625,919.513916015625,919.513916015625,919.513916015625,200,0.0,0.0
2004-05-17 00:00:00+09:00,919.513916015625,919.513916015625,919.513916015625,919.513916015625,400,0.0,0.0
2004-05-18 00:00:00+09:00,915.1353149414062,915.1353149414062,915.1353149414062,915.1353149414062,200,0.0,0.0
2004-05-19 00:00:00+09:00,923.8926391601562,923.8926391601562,923.8926391601562,923.8926391601562,0,0.0,0.0
2004-05-20 00:00:00+09:00,923.8926391601562,923.8926391601562,923.8926391601562,923.8926391601562,0,0.0,0.0
2004-05-21 00:00:00+09:00,923.8925537109375,923.8925537109375,919.513916015625,919.513916015625,1000,0.0,0.0
2004-05-24 00:00:00+09:00,928.2711791992188,928.2711791992188,928.2711791992188,928.2711791992188,0,0.0,0.0
2004-05-25 00:00:00+09:00,932.6498291015625,932.6498291015625,919.513916015625,919.513916015625,2400,0.0,0.0
2004-05-26 00:00:00+09:00,923.8926391601562,923.8926391601562,923.8926391601562,923.8926391601562,400,0.0,0.0
2004-05-27 00:00:00+09:00,958.9216918945312,958.9216918945312,958.9216918945312,958.9216918945312,400,0.0,0.0
2004-05-28 00:00:00+09:00,963.30029296875,963.30029296875,963.30029296875,963.30029296875,400,0.0,0.0
2004-05-31 00:00:00+09:00,1011.46533203125,1011.46533203125,1011.46533203125,1011.46533203125,1400,0.0,0.0
2004-06-01 00:00:00+09:00,963.30029296875,963.30029296875,963.30029296875,963.30029296875,200,0.0,0.0
2004-06-02 00:00:00+09:00,963.30029296875,963.30029296875,963.30029296875,963.30029296875,0,0.0,0.0
2004-06-03 00:00:00+09:00,993.9507698453087,993.9507698453087,932.6498413085938,932.6498413085938,400,0.0,0.0
2004-06-04 00:00:00+09:00,932.6498413085938,932.6498413085938,932.6498413085938,932.6498413085938,0,0.0,0.0
2004-06-07 00:00:00+09:00,958.9216552734375,963.30029296875,958.9216552734375,963.30029296875,400,0.0,0.0
2004-06-08 00:00:00+09:00,1011.4651901245117,1050.8729248046875,1011.4651901245117,1050.8729248046875,600,0.0,0.0
2004-06-09 00:00:00+09:00,1094.6593017578125,1094.6593017578125,1094.6593017578125,1094.6593017578125,2400,0.0,0.0
2004-06-10 00:00:00+09:00,1072.76611328125,1072.76611328125,1072.76611328125,1072.76611328125,0,0.0,0.0
2004-06-11 00:00:00+09:00,1072.76611328125,1072.76611328125,1072.76611328125,1072.76611328125,0,0.0,0.0
2004-06-14 00:00:00+09:00,1072.76611328125,1072.76611328125,1072.76611328125,1072.76611328125,0,0.0,0.0
2004-06-15 00:00:00+09:00,1068.3875732421875,1068.3875732421875,1068.3875732421875,1068.3875732421875,0,0.0,0.0
2004-06-16 00:00:00+09:00,1068.3875732421875,1068.3875732421875,1068.3875732421875,1068.3875732421875,0,0.0,0.0
2004-06-17 00:00:00+09:00,1072.7662108374423,1072.7662108374423,1068.3875732421875,1068.3875732421875,600,0.0,0.0
2004-06-18 00:00:00+09:00,1094.6593017578125,1094.6593017578125,1094.6593017578125,1094.6593017578125,600,0.0,0.0
2004-06-21 00:00:00+09:00,1090.28076171875,1090.28076171875,1090.28076171875,1090.28076171875,0,0.0,0.0
2004-06-22 00:00:00+09:00,1072.76611328125,1072.76611328125,1072.76611328125,1072.76611328125,200,0.0,0.0
2004-06-23 00:00:00+09:00,1028.9797413105866,1072.76611328125,1028.9797413105866,1072.76611328125,400,0.0,0.0
2004-06-24 00:00:00+09:00,1072.766285827894,1072.766285827894,1037.7371826171875,1037.7371826171875,1200,0.0,0.0
2004-06-25 00:00:00+09:00,1042.1158447265625,1042.1158447265625,1042.1158447265625,1042.1158447265625,0,0.0,0.0
2004-06-28 00:00:00+09:00,1050.8729248046875,1050.8729248046875,1050.8729248046875,1050.8729248046875,0,0.0,0.0
2004-06-29 00:00:00+09:00,1094.6593017578125,1094.6593017578125,1094.6593017578125,1094.6593017578125,2000,0.0,0.0
2004-06-30 00:00:00+09:00,1072.76611328125,1072.76611328125,1072.76611328125,1072.76611328125,200,0.0,0.0
2004-07-01 00:00:00+09:00,1090.28076171875,1090.28076171875,1090.28076171875,1090.28076171875,200,0.0,0.0
2004-07-02 00:00:00+09:00,1072.7661107381184,1072.7661107381184,1050.8729248046875,1050.8729248046875,1400,0.0,0.0
2004-07-05 00:00:00+09:00,1050.8729248046875,1055.2515619913736,1050.8729248046875,1050.8729248046875,1200,0.0,0.0
2004-07-06 00:00:00+09:00,1090.28076171875,1090.28076171875,1090.28076171875,1090.28076171875,3800,0.0,0.0
2004-07-07 00:00:00+09:00,1081.523681640625,1081.523681640625,1072.766404866207,1081.523681640625,600,0.0,0.0
2004-07-08 00:00:00+09:00,1068.3875732421875,1068.3875732421875,1068.3875732421875,1068.3875732421875,200,0.0,0.0
2004-07-09 00:00:00+09:00,1081.5233851114908,1081.5233851114908,1050.8729248046875,1050.8729248046875,0,0.0,0.0
2004-07-12 00:00:00+09:00,1050.8729248046875,1050.8729248046875,1050.8729248046875,1050.8729248046875,200,0.0,0.0
2004-07-13 00:00:00+09:00,1050.8729248046875,1050.8729248046875,1050.8729248046875,1050.8729248046875,0,0.0,0.0
2004-07-14 00:00:00+09:00,1085.9022216796875,1085.9022216796875,1085.9022216796875,1085.9022216796875,200,0.0,0.0
2004-07-15 00:00:00+09:00,1050.8729248046875,1050.8729248046875,1050.8729248046875,1050.8729248046875,200,0.0,0.0
2004-07-16 00:00:00+09:00,1033.3583984375,1033.3583984375,1033.3583984375,1033.3583984375,200,0.0,0.0
2004-07-19 00:00:00+09:00,1033.3583984375,1033.3583984375,1033.3583984375,1033.3583984375,0,0.0,0.0
2004-07-20 00:00:00+09:00,1033.3585210362555,1033.3585210362555,1011.46533203125,1011.46533203125,1200,0.0,0.0
2004-07-21 00:00:00+09:00,1015.8439698322511,1050.8730722402597,1011.46533203125,1011.46533203125,1800,0.0,0.0
2004-07-22 00:00:00+09:00,1011.46533203125,1011.46533203125,1011.46533203125,1011.46533203125,0,0.0,0.0
2004-07-23 00:00:00+09:00,1011.46533203125,1011.46533203125,1011.46533203125,1011.46533203125,600,0.0,0.0
2004-07-26 00:00:00+09:00,1011.46533203125,1011.46533203125,1011.46533203125,1011.46533203125,600,0.0,0.0
2004-07-27 00:00:00+09:00,1020.2226933446424,1020.2226933446424,1015.8440551757812,1015.8440551757812,1000,0.0,0.0
2004-07-28 00:00:00+09:00,1068.3875732421875,1068.3875732421875,1068.3875732421875,1068.3875732421875,1000,0.0,0.0
2004-07-29 00:00:00+09:00,1090.28076171875,1090.28076171875,1090.28076171875,1090.28076171875,200,0.0,0.0
2004-07-30 00:00:00+09:00,1042.1158447265625,1042.1158447265625,1042.1158447265625,1042.1158447265625,400,0.0,0.0
2004-08-02 00:00:00+09:00,1042.1158447265625,1042.1158447265625,1042.1158447265625,1042.1158447265625,0,0.0,0.0
2004-08-03 00:00:00+09:00,1042.1158447265625,1042.1158447265625,1042.1158447265625,1042.1158447265625,600,0.0,0.0
2004-08-04 00:00:00+09:00,1085.9022216796875,1085.9022216796875,1085.9022216796875,1085.9022216796875,200,0.0,0.0
2004-08-05 00:00:00+09:00,1081.523681640625,1081.523681640625,1081.523681640625,1081.523681640625,0,0.0,0.0
2004-08-06 00:00:00+09:00,1046.4945068359375,1046.4945068359375,1046.4945068359375,1046.4945068359375,200,0.0,0.0
2004-08-09 00:00:00+09:00,1042.1158447265625,1042.1158447265625,1042.1158447265625,1042.1158447265625,400,0.0,0.0
2004-08-10 00:00:00+09:00,1042.1158447265625,1042.1158447265625,1042.1158447265625,1042.1158447265625,0,0.0,0.0
2004-08-11 00:00:00+09:00,1042.1158447265625,1042.1158447265625,1042.1158447265625,1042.1158447265625,0,0.0,0.0
2004-08-12 00:00:00+09:00,1042.1158447265625,1042.1158447265625,1042.1158447265625,1042.1158447265625,0,0.0,0.0
2004-08-13 00:00:00+09:00,1042.1158447265625,1042.1158447265625,1042.1158447265625,1042.1158447265625,0,0.0,0.0
2004-08-16 00:00:00+09:00,1028.979736328125,1028.979736328125,1028.979736328125,1028.979736328125,400,0.0,0.0
2004-08-17 00:00:00+09:00,1028.979736328125,1028.979736328125,1028.979736328125,1028.979736328125,200,0.0,0.0
2004-08-18 00:00:00+09:00,1028.979736328125,1028.979736328125,1028.979736328125,1028.979736328125,200,0.0,0.0
2004-08-19 00:00:00+09:00,1028.979736328125,1028.979736328125,1028.979736328125,1028.979736328125,0,0.0,0.0
2004-08-20 00:00:00+09:00,1028.9799278013168,1085.9022216796875,993.9508238761655,1085.9022216796875,1000,0.0,0.0
2004-08-23 00:00:00+09:00,1068.3875732421875,1068.3875732421875,1068.3875732421875,1068.3875732421875,0,0.0,0.0
2004-08-24 00:00:00+09:00,1068.3875732421875,1068.3875732421875,1068.3875732421875,1068.3875732421875,0,0.0,0.0
2004-08-25 00:00:00+09:00,1028.9798348848938,1068.3875732421875,1028.9798348848938,1068.3875732421875,800,0.0,0.0
2004-08-26 00:00:00+09:00,1059.5212025960286,1063.954345703125,1059.5212025960286,1063.954345703125,400,15.0,0.0
2004-08-27 00:00:00+09:00,1059.5213623046875,1059.5213623046875,1059.5213623046875,1059.5213623046875,0,0.0,0.0
2004-08-30 00:00:00+09:00,1068.3875732421875,1068.3875732421875,1068.3875732421875,1068.3875732421875,800,0.0,0.0
2004-08-31 00:00:00+09:00,1063.954345703125,1063.954345703125,1063.954345703125,1063.954345703125,200,0.0,0.0
2004-09-01 00:00:00+09:00,1059.5213623046875,1059.5213623046875,1059.5213623046875,1059.5213623046875,0,0.0,0.0
2004-09-02 00:00:00+09:00,1059.5213623046875,1059.5213623046875,1059.5213623046875,1059.5213623046875,0,0.0,0.0
2004-09-03 00:00:00+09:00,1032.9224853515625,1032.9224853515625,1032.9224853515625,1032.9224853515625,200,0.0,0.0
2004-09-06 00:00:00+09:00,1019.6229858398438,1019.6229858398438,1019.6229858398438,1019.6229858398438,200,0.0,0.0
2004-09-07 00:00:00+09:00,1019.6228966346154,1019.6228966346154,979.724609375,979.724609375,1600,0.0,0.0
2004-09-08 00:00:00+09:00,979.724609375,979.724609375,979.724609375,979.724609375,200,0.0,0.0
2004-09-09 00:00:00+09:00,1019.6229858398438,1019.6229858398438,1019.6229858398438,1019.6229858398438,200,0.0,0.0
2004-09-10 00:00:00+09:00,1019.6229858398438,1019.6229858398438,1019.6229858398438,1019.6229858398438,1000,0.0,0.0
2004-09-13 00:00:00+09:00,1019.6229858398438,1019.6229858398438,1019.6229858398438,1019.6229858398438,0,0.0,0.0
2004-09-14 00:00:00+09:00,997.4573290025866,997.4573290025866,975.2916105803068,984.1578979492188,3200,0.0,0.0
2004-09-15 00:00:00+09:00,975.291551672894,1019.6229858398438,975.291551672894,1019.6229858398438,800,0.0,0.0
2004-09-16 00:00:00+09:00,997.457275390625,1010.7567057291667,997.457275390625,997.457275390625,800,0.0,0.0
2004-09-17 00:00:00+09:00,1041.78857421875,1041.78857421875,1041.78857421875,1041.78857421875,200,0.0,0.0
2004-09-20 00:00:00+09:00,1041.78857421875,1041.78857421875,1041.78857421875,1041.78857421875,0,0.0,0.0
2004-09-21 00:00:00+09:00,970.8584594726562,970.8584594726562,970.8584594726562,970.8584594726562,200,0.0,0.0
2004-09-22 00:00:00+09:00,975.2915649414062,975.2915649414062,975.2915649414062,975.2915649414062,800,0.0,0.0
2004-09-23 00:00:00+09:00,975.2915649414062,975.2915649414062,975.2915649414062,975.2915649414062,0,0.0,0.0
2004-09-24 00:00:00+09:00,975.2915649414062,975.2915649414062,975.2915649414062,975.2915649414062,0,0.0,0.0
2004-09-27 00:00:00+09:00,970.8584594726562,970.8584594726562,970.8584594726562,970.8584594726562,400,0.0,0.0
2004-09-28 00:00:00+09:00,886.6287086123513,930.9601440429688,886.6287086123513,930.9601440429688,5200,0.0,0.0
2004-09-29 00:00:00+09:00,953.1258617582776,953.1258617582776,930.9601440429688,930.9601440429688,600,0.0,0.0
2004-09-30 00:00:00+09:00,891.061881648684,913.2276000976562,886.6287379588895,913.2276000976562,3600,0.0,0.0
2004-10-01 00:00:00+09:00,926.5270385742188,926.5270385742188,926.5270385742188,926.5270385742188,400,0.0,0.0
2004-10-04 00:00:00+09:00,926.5270385742188,926.5270385742188,926.5270385742188,926.5270385742188,0,0.0,0.0
2004-10-05 00:00:00+09:00,930.960218641493,957.55908203125,930.960218641493,957.55908203125,2200,0.0,0.0
2004-10-06 00:00:00+09:00,957.55908203125,957.55908203125,957.55908203125,957.55908203125,0,0.0,0.0
2004-10-07 00:00:00+09:00,957.55908203125,957.55908203125,957.55908203125,957.55908203125,0,0.0,0.0
2004-10-08 00:00:00+09:00,957.55908203125,957.55908203125,957.55908203125,957.55908203125,0,0.0,0.0
2004-10-11 00:00:00+09:00,957.55908203125,957.55908203125,957.55908203125,957.55908203125,0,0.0,0.0
2004-10-12 00:00:00+09:00,957.55908203125,957.55908203125,957.55908203125,957.55908203125,0,0.0,0.0
2004-10-13 00:00:00+09:00,961.9921264648438,961.9921264648438,961.9921264648438,961.9921264648438,200,0.0,0.0
2004-10-14 00:00:00+09:00,957.55908203125,957.55908203125,957.55908203125,957.55908203125,200,0.0,0.0
2004-10-15 00:00:00+09:00,957.55908203125,957.55908203125,957.55908203125,957.55908203125,0,0.0,0.0
2004-10-18 00:00:00+09:00,957.55908203125,957.55908203125,957.55908203125,957.55908203125,0,0.0,0.0
2004-10-19 00:00:00+09:00,957.55908203125,957.55908203125,957.55908203125,957.55908203125,0,0.0,0.0
2004-10-20 00:00:00+09:00,953.125732421875,953.125732421875,953.125732421875,953.125732421875,400,0.0,0.0
2004-10-21 00:00:00+09:00,953.125732421875,953.125732421875,953.125732421875,953.125732421875,0,0.0,0.0
2004-10-22 00:00:00+09:00,953.125732421875,953.125732421875,953.125732421875,953.125732421875,0,0.0,0.0
2004-10-25 00:00:00+09:00,930.9601440429688,930.9601440429688,930.9601440429688,930.9601440429688,1000,0.0,0.0
2004-10-26 00:00:00+09:00,930.9601440429688,930.9601440429688,930.9601440429688,930.9601440429688,0,0.0,0.0
2004-10-27 00:00:00+09:00,886.6287231445312,886.6287231445312,886.6287231445312,886.6287231445312,1000,0.0,0.0
2004-10-28 00:00:00+09:00,908.7944412231445,908.7944412231445,886.6287231445312,886.6287231445312,2800,0.0,0.0
2004-10-29 00:00:00+09:00,908.7944558402088,948.6927490234375,908.7944558402088,948.6927490234375,400,0.0,0.0
2004-11-01 00:00:00+09:00,953.125732421875,953.125732421875,953.125732421875,953.125732421875,800,0.0,0.0
2004-11-02 00:00:00+09:00,904.361328125,904.361328125,904.361328125,904.361328125,600,0.0,0.0
2004-11-03 00:00:00+09:00,904.361328125,904.361328125,904.361328125,904.361328125,0,0.0,0.0
2004-11-04 00:00:00+09:00,908.7943725585938,908.7943725585938,908.7943725585938,908.7943725585938,200,0.0,0.0
2004-11-05 00:00:00+09:00,913.2276000976562,913.2276000976562,913.2276000976562,913.2276000976562,200,0.0,0.0
2004-11-08 00:00:00+09:00,913.2275243905875,930.9600976797251,913.2275243905875,922.0938110351562,600,0.0,0.0
2004-11-09 00:00:00+09:00,922.0938110351562,922.0938110351562,922.0938110351562,922.0938110351562,0,0.0,0.0
2004-11-10 00:00:00+09:00,922.093895755597,922.093895755597,891.0618896484375,891.0618896484375,1200,0.0,0.0
2004-11-11 00:00:00+09:00,930.9601440429688,930.9601440429688,930.9601440429688,930.9601440429688,400,0.0,0.0
2004-11-12 00:00:00+09:00,908.7943725585938,908.7943725585938,908.7943725585938,908.7943725585938,600,0.0,0.0
2004-11-15 00:00:00+09:00,944.2595825195312,944.2595825195312,944.2595825195312,944.2595825195312,200,0.0,0.0
2004-11-16 00:00:00+09:00,922.0938110351562,922.0938110351562,922.0938110351562,922.0938110351562,200,0.0,0.0
2004-11-17 00:00:00+09:00,939.8265064380787,957.55908203125,939.8265064380787,957.55908203125,1200,0.0,0.0
2004-11-18 00:00:00+09:00,935.3933715820312,935.3933715820312,935.3933715820312,935.3933715820312,600,0.0,0.0
2004-11-19 00:00:00+09:00,935.3933715820312,935.3933715820312,935.3933715820312,935.3933715820312,0,0.0,0.0
2004-11-22 00:00:00+09:00,926.5270385742188,926.5270385742188,926.5270385742188,926.5270385742188,200,0.0,0.0
2004-11-23 00:00:00+09:00,926.5270385742188,926.5270385742188,926.5270385742188,926.5270385742188,0,0.0,0.0
2004-11-24 00:00:00+09:00,926.5270385742188,926.5270385742188,926.5270385742188,926.5270385742188,0,0.0,0.0
2004-11-25 00:00:00+09:00,908.7943725585938,913.2275158393674,908.7943725585938,908.7943725585938,1000,0.0,0.0
2004-11-26 00:00:00+09:00,922.0938024009147,922.0938024009147,908.7943725585938,908.7943725585938,1400,0.0,0.0
2004-11-29 00:00:00+09:00,895.4949956984748,930.9601440429688,895.4949956984748,930.9601440429688,2400,0.0,0.0
2004-11-30 00:00:00+09:00,930.9601440429688,930.9601440429688,930.9601440429688,930.9601440429688,400,0.0,0.0
2004-12-01 00:00:00+09:00,926.5270385742188,926.5270385742188,926.5270385742188,926.5270385742188,0,0.0,0.0
2004-12-02 00:00:00+09:00,926.5269789454026,961.9921264648438,926.5269789454026,961.9921264648438,2400,0.0,0.0
2004-12-03 00:00:00+09:00,922.0937318313953,953.125732421875,922.0937318313953,953.125732421875,400,0.0,0.0
2004-12-06 00:00:00+09:00,1001.8905127740676,1108.2859654580393,1001.8905127740676,1099.419677734375,7000,0.0,0.0
2004-12-07 00:00:00+09:00,1077.2540066979925,1077.2540066979925,953.1259730043967,988.5911254882812,10800,0.0,0.0
2004-12-08 00:00:00+09:00,1010.7567057291667,1010.7567057291667,975.2915581597223,997.457275390625,2800,0.0,0.0
2004-12-09 00:00:00+09:00,975.2915581597223,997.457275390625,975.2915581597223,997.457275390625,600,0.0,0.0
2004-12-10 00:00:00+09:00,993.024169921875,993.024169921875,993.024169921875,993.024169921875,200,0.0,0.0
2004-12-13 00:00:00+09:00,961.992179526939,984.1578979492188,961.992179526939,984.1578979492188,400,0.0,0.0
2004-12-14 00:00:00+09:00,961.9921264648438,961.9921264648438,961.9921264648438,961.9921264648438,200,0.0,0.0
2004-12-15 00:00:00+09:00,953.1258464309404,953.1258464309404,939.826416015625,939.826416015625,1400,0.0,0.0
2004-12-16 00:00:00+09:00,939.826416015625,939.826416015625,939.826416015625,939.826416015625,200,0.0,0.0
2004-12-17 00:00:00+09:00,944.2595825195312,944.2595825195312,944.2595825195312,944.2595825195312,600,0.0,0.0
2004-12-20 00:00:00+09:00,961.9921936570552,1010.7567749023438,961.9921936570552,1010.7567749023438,2400,0.0,0.0
2004-12-21 00:00:00+09:00,1001.8904188368056,1001.8904188368056,966.4252712673612,997.457275390625,600,0.0,0.0
2004-12-22 00:00:00+09:00,966.4253741697069,1006.3236694335939,966.4253741697069,1006.3236694335938,1400,0.0,0.0
2004-12-23 00:00:00+09:00,1006.3236694335939,1006.3236694335939,1006.3236694335939,1006.3236694335938,0,0.0,0.0
2004-12-24 00:00:00+09:00,975.2915649414062,975.2915649414062,975.2915649414062,975.2915649414062,800,0.0,0.0
2004-12-27 00:00:00+09:00,975.2915649414062,975.2915649414062,944.2595606023615,975.2915649414062,1400,0.0,0.0
2004-12-28 00:00:00+09:00,953.125732421875,953.125732421875,953.125732421875,953.125732421875,1400,0.0,0.0
2004-12-29 00:00:00+09:00,975.2915649414062,975.2915649414062,975.2915649414062,975.2915649414062,400,0.0,0.0
2004-12-30 00:00:00+09:00,997.4573815971745,1006.3236694335939,997.4573815971745,1006.3236694335938,400,0.0,0.0
2004-12-31 00:00:00+09:00,1006.3236694335939,1006.3236694335939,1006.3236694335939,1006.3236694335938,0,0.0,0.0
2005-01-03 00:00:00+09:00,1006.3236694335939,1006.3236694335939,1006.3236694335939,1006.3236694335938,0,0.0,0.0
2005-01-04 00:00:00+09:00,1006.3236694335939,1006.3236694335939,1006.3236694335939,1006.3236694335938,0,0.0,0.0
2005-01-05 00:00:00+09:00,1019.6230624014871,1019.6230624014871,1010.7567749023438,1010.7567749023438,400,0.0,0.0
2005-01-06 00:00:00+09:00,1019.6229858398438,1019.6229858398438,1019.6229858398438,1019.6229858398438,200,0.0,0.0
2005-01-07 00:00:00+09:00,1006.3236694335939,1006.3236694335939,1006.3236694335939,1006.3236694335938,200,0.0,0.0
2005-01-10 00:00:00+09:00,1006.3236694335939,1006.3236694335939,1006.3236694335939,1006.3236694335938,0,0.0,0.0
2005-01-11 00:00:00+09:00,1059.5213623046875,1059.5213623046875,1059.5213623046875,1059.5213623046875,600,0.0,0.0
2005-01-12 00:00:00+09:00,1055.0881331734035,1055.0881331734035,1019.6229858398438,1019.6229858398438,800,0.0,0.0
2005-01-13 00:00:00+09:00,1059.5211456948139,1059.5211456948139,1041.78857421875,1041.78857421875,1200,0.0,0.0
2005-01-14 00:00:00+09:00,1041.78857421875,1041.78857421875,1041.78857421875,1041.78857421875,0,0.0,0.0
2005-01-17 00:00:00+09:00,1041.78857421875,1041.78857421875,1041.78857421875,1041.78857421875,0,0.0,0.0
2005-01-18 00:00:00+09:00,1006.3235622829861,1006.3235622829861,997.457275390625,997.457275390625,400,0.0,0.0
2005-01-19 00:00:00+09:00,1001.8904418945312,1001.8904418945312,1001.8904418945312,1001.8904418945312,0,0.0,0.0
2005-01-20 00:00:00+09:00,993.0240830243645,1046.2218017578125,993.0240830243645,1046.2218017578125,600,0.0,0.0
2005-01-21 00:00:00+09:00,1041.78857421875,1041.78857421875,1041.78857421875,1041.78857421875,0,0.0,0.0
2005-01-24 00:00:00+09:00,1001.8904188368056,1006.3235622829861,997.457275390625,997.457275390625,1000,0.0,0.0
2005-01-25 00:00:00+09:00,997.4572687563689,1019.6229858398438,997.4572687563689,1019.6229858398438,400,0.0,0.0
2005-01-26 00:00:00+09:00,1028.4893416376074,1032.9224853515625,1019.6230542096969,1032.9224853515625,600,0.0,0.0
2005-01-27 00:00:00+09:00,1028.4892726732337,1032.9224160899287,1001.8904121730639,1019.6229858398438,1400,0.0,0.0
2005-01-28 00:00:00+09:00,1006.3236230678312,1032.9224853515625,1006.3236230678312,1032.9224853515625,2000,0.0,0.0
2005-01-31 00:00:00+09:00,1041.78857421875,1041.78857421875,1019.6228598736702,1041.78857421875,1800,0.0,0.0
2005-02-01 00:00:00+09:00,1015.1898424231488,1019.6229858398438,1015.1898424231488,1019.6229858398438,400,0.0,0.0
2005-02-02 00:00:00+09:00,1019.6229858398438,1019.6229858398438,1019.6229858398438,1019.6229858398438,0,0.0,0.0
2005-02-03 00:00:00+09:00,1019.6229858398438,1019.6229858398438,1019.6229858398438,1019.6229858398438,0,0.0,0.0
2005-02-04 00:00:00+09:00,1019.6229423910885,1046.2218017578125,1019.6229423910885,1046.2218017578125,1000,0.0,0.0
2005-02-07 00:00:00+09:00,1046.2218017578125,1046.2218017578125,1046.2218017578125,1046.2218017578125,0,0.0,0.0
2005-02-08 00:00:00+09:00,1059.5213623046875,1063.954506080021,1059.5213623046875,1059.5213623046875,1800,0.0,0.0
2005-02-09 00:00:00+09:00,1055.0880594889322,1063.954345703125,1055.0880594889322,1063.954345703125,800,0.0,0.0
2005-02-10 00:00:00+09:00,1063.954345703125,1063.954345703125,1063.954345703125,1063.954345703125,1000,0.0,0.0
2005-02-11 00:00:00+09:00,1063.954345703125,1063.954345703125,1063.954345703125,1063.954345703125,0,0.0,0.0
2005-02-14 00:00:00+09:00,1103.8526611328125,1103.8526611328125,1103.8526611328125,1103.8526611328125,2200,0.0,0.0
2005-02-15 00:00:00+09:00,1068.3876569763688,1072.82080078125,1063.9545131714876,1072.82080078125,2000,0.0,0.0
2005-02-16 00:00:00+09:00,1090.5533760007747,1090.5533760007747,1072.82080078125,1072.82080078125,600,0.0,0.0
2005-02-17 00:00:00+09:00,1072.820716699624,1072.820716699624,1068.3875732421875,1068.3875732421875,600,0.0,0.0
2005-02-18 00:00:00+09:00,1099.4194236288265,1099.4194236288265,1086.1199951171875,1086.1199951171875,1800,0.0,0.0
2005-02-21 00:00:00+09:00,1094.9865338725429,1103.8528215962071,1094.9865338725429,1099.419677734375,1600,0.0,0.0
2005-02-22 00:00:00+09:00,1099.4197162828948,1099.4197162828948,1094.986572265625,1094.986572265625,600,0.0,0.0
2005-02-23 00:00:00+09:00,1077.0358455882354,1077.0358455882354,1059.0852481617649,1068.060546875,1600,15.0,0.0
2005-02-24 00:00:00+09:00,1068.060546875,1068.060546875,1068.060546875,1068.060546875,0,0.0,0.0
2005-02-25 00:00:00+09:00,1068.060546875,1068.060546875,1068.060546875,1068.060546875,0,0.0,0.0
2005-02-28 00:00:00+09:00,1077.0358386671687,1117.4246826171875,1077.0358386671687,1117.4246826171875,2400,0.0,0.0
2005-03-01 00:00:00+09:00,1050.1099067300054,1068.0605034262446,1050.1099067300054,1059.085205078125,8800,0.0,0.0
2005-03-02 00:00:00+09:00,1081.5235856579197,1112.9371337890625,1063.572986725838,1112.9371337890625,2400,0.0,0.0
2005-03-03 00:00:00+09:00,1112.9369459502552,1112.9369459502552,1086.01105209662,1099.4739990234375,2200,0.0,0.0
2005-03-04 00:00:00+09:00,1090.498726832613,1090.498726832613,1054.5975341796875,1054.5975341796875,1200,0.0,0.0
2005-03-07 00:00:00+09:00,1117.424630446058,1117.424630446058,1081.5234375,1081.5234375,1600,0.0,0.0
2005-03-08 00:00:00+09:00,1112.9371337890625,1112.9371337890625,1112.9371337890625,1112.9371337890625,600,0.0,0.0
2005-03-09 00:00:00+09:00,1108.4494052734376,1121.912353515625,1108.4494052734376,1121.912353515625,4600,0.0,0.0
2005-03-10 00:00:00+09:00,1086.0111373227285,1117.4246826171875,1086.0111373227285,1117.4246826171875,400,0.0,0.0
2005-03-11 00:00:00+09:00,1094.9864285943931,1094.9864285943931,1090.498779296875,1090.498779296875,600,0.0,0.0
2005-03-14 00:00:00+09:00,1117.424594925861,1117.424594925861,1099.4739990234375,1099.4739990234375,1200,0.0,0.0
2005-03-15 00:00:00+09:00,1117.4248726584694,1247.5667252974076,1117.4248726584694,1184.7396240234375,7800,0.0,0.0
2005-03-16 00:00:00+09:00,1229.6159822258364,1229.6159822258364,1166.7888882434945,1207.177734375,5200,0.0,0.0
2005-03-17 00:00:00+09:00,1184.739565045646,1198.2025146484375,1162.3013157076605,1198.2025146484375,1600,0.0,0.0
2005-03-18 00:00:00+09:00,1198.2024352346655,1211.6653839451674,1198.2024352346655,1207.177734375,3200,0.0,0.0
2005-03-21 00:00:00+09:00,1207.177734375,1207.177734375,1207.177734375,1207.177734375,0,0.0,0.0
2005-03-22 00:00:00+09:00,1211.665568632238,1220.640869140625,1207.1779183780445,1220.640869140625,1400,0.0,0.0
2005-03-23 00:00:00+09:00,1216.1530335153345,1216.1530335153345,1202.6900848048328,1207.177734375,2400,0.0,0.0
2005-03-24 00:00:00+09:00,1207.1776207386365,1234.103515625,1202.6899715909092,1234.103515625,2800,0.0,0.0
2005-03-25 00:00:00+09:00,1238.5912442050137,1243.078893640539,1175.764152107658,1225.1282958984375,3400,0.0,0.0
2005-03-28 00:00:00+09:00,1225.1284138540204,1225.1284138540204,1175.7642653104517,1198.2025146484375,1800,0.0,0.0
2005-03-29 00:00:00+09:00,1153.3259062767029,1153.3259062767029,1144.3506073951721,1148.8382568359375,4400,0.0,0.0
2005-03-30 00:00:00+09:00,1130.8876801130837,1166.7888763071498,1130.8876801130837,1153.325927734375,2400,0.0,0.0
2005-03-31 00:00:00+09:00,1139.863082769263,1198.2025318873748,1135.3754328371006,1175.7642822265625,3800,0.0,0.0
2005-04-01 00:00:00+09:00,1157.813720703125,1166.7890208636143,1157.813720703125,1157.813720703125,600,0.0,0.0
2005-04-04 00:00:00+09:00,1157.813720703125,1157.813720703125,1157.813720703125,1157.813720703125,0,0.0,0.0
2005-04-05 00:00:00+09:00,1135.3753662109375,1135.3753662109375,1135.3753662109375,1135.3753662109375,1400,0.0,0.0
2005-04-06 00:00:00+09:00,1144.3506005859376,1144.3506005859376,1121.912353515625,1121.912353515625,1000,0.0,0.0
2005-04-07 00:00:00+09:00,1126.3998683555453,1144.3504638671875,1126.3998683555453,1144.3504638671875,400,0.0,0.0
2005-04-08 00:00:00+09:00,1144.3504638671875,1144.3504638671875,1139.862814989277,1144.3504638671875,1000,0.0,0.0
2005-04-11 00:00:00+09:00,1153.325927734375,1153.325927734375,1153.325927734375,1153.325927734375,400,0.0,0.0
2005-04-12 00:00:00+09:00,1144.350622412693,1144.350622412693,1126.4000244140625,1126.4000244140625,1000,0.0,0.0
2005-04-13 00:00:00+09:00,1130.8876739137202,1130.8876739137202,1126.4000244140625,1126.4000244140625,600,0.0,0.0
2005-04-14 00:00:00+09:00,1121.9124332551035,1121.9124332551035,1112.9371337890625,1112.9371337890625,3600,0.0,0.0
2005-04-15 00:00:00+09:00,1103.9617919921875,1103.9617919921875,1103.9617919921875,1103.9617919921875,200,0.0,0.0
2005-04-18 00:00:00+09:00,1081.5234286693817,1081.5234286693817,1036.6469378532247,1054.5975341796875,1000,0.0,0.0
2005-04-19 00:00:00+09:00,1059.0852413560492,1117.4246826171875,1054.5975920282694,1117.4246826171875,1600,0.0,0.0
2005-04-20 00:00:00+09:00,1117.4246826171875,1117.4246826171875,1117.4246826171875,1117.4246826171875,400,0.0,0.0
2005-04-21 00:00:00+09:00,1112.9371337890625,1112.9371337890625,1112.9371337890625,1112.9371337890625,200,0.0,0.0
2005-04-22 00:00:00+09:00,1099.4739990234375,1103.9616479990434,1099.4739990234375,1099.4739990234375,600,0.0,0.0
2005-04-25 00:00:00+09:00,1099.4739990234375,1099.4739990234375,1099.4739990234375,1099.4739990234375,200,0.0,0.0
2005-04-26 00:00:00+09:00,1130.8877111272773,1130.8877111272773,1108.449462890625,1108.449462890625,1400,0.0,0.0
2005-04-27 00:00:00+09:00,1086.0111373227285,1121.9123319449675,1086.0111373227285,1117.4246826171875,600,0.0,0.0
2005-04-28 00:00:00+09:00,1072.548239135742,1090.4988372802734,1072.548239135742,1077.035888671875,6600,0.0,0.0
2005-04-29 00:00:00+09:00,1077.035888671875,1077.035888671875,1077.035888671875,1077.035888671875,0,0.0,0.0
2005-05-02 00:00:00+09:00,1112.9371125379555,1112.9371125379555,1108.449462890625,1108.449462890625,600,0.0,0.0
2005-05-03 00:00:00+09:00,1108.449462890625,1108.449462890625,1108.449462890625,1108.449462890625,0,0.0,0.0
2005-05-04 00:00:00+09:00,1108.449462890625,1108.449462890625,1108.449462890625,1108.449462890625,0,0.0,0.0
2005-05-05 00:00:00+09:00,1108.449462890625,1108.449462890625,1108.449462890625,1108.449462890625,0,0.0,0.0
2005-05-06 00:00:00+09:00,1099.4739990234375,1099.4739990234375,1099.4739990234375,1099.4739990234375,200,0.0,0.0
2005-05-09 00:00:00+09:00,1077.0357883817428,1081.5234375,1077.0357883817428,1081.5234375,600,0.0,0.0
2005-05-10 00:00:00+09:00,1117.4246826171875,1117.4246826171875,1117.4246826171875,1117.4246826171875,200,0.0,0.0
2005-05-11 00:00:00+09:00,1103.9617919921875,1103.9617919921875,1103.9617919921875,1103.9617919921875,200,0.0,0.0
2005-05-12 00:00:00+09:00,1103.9617919921875,1103.9617919921875,1103.9617919921875,1103.9617919921875,200,0.0,0.0
2005-05-13 00:00:00+09:00,1108.4496036245803,1108.4496036245803,1086.0113525390625,1086.0113525390625,600,0.0,0.0
2005-05-16 00:00:00+09:00,1086.0113525390625,1086.0113525390625,1086.0113525390625,1086.0113525390625,400,0.0,0.0
2005-05-17 00:00:00+09:00,1086.0111877441407,1086.0111877441407,1054.597640991211,1077.035888671875,2000,0.0,0.0
2005-05-18 00:00:00+09:00,1077.035888671875,1077.035888671875,1077.035888671875,1077.035888671875,600,0.0,0.0
2005-05-19 00:00:00+09:00,1077.035888671875,1077.035888671875,1077.035888671875,1077.035888671875,200,0.0,0.0
2005-05-20 00:00:00+09:00,1077.035888671875,1094.986486816406,1077.035888671875,1077.035888671875,1200,0.0,0.0
2005-05-23 00:00:00+09:00,1086.0111877441407,1086.0111877441407,1077.035888671875,1077.035888671875,2000,0.0,0.0
2005-05-24 00:00:00+09:00,1077.035888671875,1077.035888671875,1077.035888671875,1077.035888671875,200,0.0,0.0
2005-05-25 00:00:00+09:00,1077.035888671875,1077.035888671875,1077.035888671875,1077.035888671875,200,0.0,0.0
2005-05-26 00:00:00+09:00,1063.5730230612833,1094.986572265625,1063.5730230612833,1094.986572265625,1000,0.0,0.0
2005-05-27 00:00:00+09:00,1072.5482177734375,1072.5482177734375,1072.5482177734375,1072.5482177734375,400,0.0,0.0
2005-05-30 00:00:00+09:00,1077.0358455882354,1077.0358455882354,1068.060546875,1068.060546875,3000,0.0,0.0
2005-05-31 00:00:00+09:00,1072.5481051698023,1099.4739990234375,1068.0604561941964,1099.4739990234375,3600,0.0,0.0
2005-06-01 00:00:00+09:00,1099.4739990234375,1099.4739990234375,1099.4739990234375,1099.4739990234375,0,0.0,0.0
2005-06-02 00:00:00+09:00,1086.0113525390625,1086.0113525390625,1086.0113525390625,1086.0113525390625,200,0.0,0.0
2005-06-03 00:00:00+09:00,1086.011193748412,1103.9617919921875,1086.011193748412,1103.9617919921875,400,0.0,0.0
2005-06-06 00:00:00+09:00,1103.961818529212,1135.3753662109375,1103.961818529212,1135.3753662109375,2400,0.0,0.0
2005-06-07 00:00:00+09:00,1121.9123810645672,1153.325927734375,1121.9123810645672,1153.325927734375,400,0.0,0.0
2005-06-08 00:00:00+09:00,1157.8136198419402,1162.30126953125,1157.8136198419402,1162.30126953125,600,0.0,0.0
2005-06-09 00:00:00+09:00,1126.4000614799468,1157.81360901126,1108.449462890625,1108.449462890625,1000,0.0,0.0
2005-06-10 00:00:00+09:00,1108.449462890625,1108.449462890625,1108.449462890625,1108.449462890625,0,0.0,0.0
2005-06-13 00:00:00+09:00,1162.30126953125,1162.30126953125,1162.30126953125,1162.30126953125,2200,0.0,0.0
2005-06-14 00:00:00+09:00,1157.813720703125,1157.813720703125,1157.813720703125,1157.813720703125,0,0.0,0.0
2005-06-15 00:00:00+09:00,1121.9124118326165,1121.9124118326165,1103.9618132432945,1108.449462890625,1800,0.0,0.0
2005-06-16 00:00:00+09:00,1130.8876893578506,1130.8876893578506,1103.9617919921875,1103.9617919921875,600,0.0,0.0
2005-06-17 00:00:00+09:00,1148.8382782101169,1153.325927734375,1148.8382782101169,1153.325927734375,800,0.0,0.0
2005-06-20 00:00:00+09:00,1144.3505929530352,1175.764138641942,1144.3505929530352,1171.2764892578125,7200,0.0,0.0
2005-06-21 00:00:00+09:00,1162.30126953125,1162.30126953125,1162.30126953125,1162.30126953125,200,0.0,0.0
2005-06-22 00:00:00+09:00,1162.30126953125,1162.30126953125,1157.8136198419402,1162.30126953125,800,0.0,0.0
2005-06-23 00:00:00+09:00,1162.30126953125,1162.30126953125,1162.30126953125,1162.30126953125,200,0.0,0.0
2005-06-24 00:00:00+09:00,1157.813720703125,1157.813720703125,1126.4001701414122,1157.813720703125,600,0.0,0.0
2005-06-27 00:00:00+09:00,1157.813720703125,1157.813720703125,1157.813720703125,1157.813720703125,0,0.0,0.0
2005-06-28 00:00:00+09:00,1135.3754703019017,1157.813720703125,1135.3754703019017,1157.813720703125,1800,0.0,0.0
2005-06-29 00:00:00+09:00,1157.813720703125,1157.813720703125,1157.813720703125,1157.813720703125,0,0.0,0.0
2005-06-30 00:00:00+09:00,1166.7888594870071,1252.05419921875,1166.7888594870071,1252.05419921875,4600,0.0,0.0
2005-07-01 00:00:00+09:00,1207.1776340060765,1229.6158799913194,1193.7146864149306,1211.665283203125,1800,0.0,0.0
2005-07-04 00:00:00+09:00,1202.6902681238512,1220.640869140625,1202.6902681238512,1220.640869140625,400,0.0,0.0
2005-07-05 00:00:00+09:00,1216.1529541015625,1216.1529541015625,1216.1529541015625,1216.1529541015625,0,0.0,0.0
2005-07-06 00:00:00+09:00,1211.665283203125,1211.665283203125,1211.665283203125,1211.665283203125,0,0.0,0.0
2005-07-07 00:00:00+09:00,1234.1038199032055,1234.1038199032055,1175.7643665986902,1220.640869140625,4400,0.0,0.0
2005-07-08 00:00:00+09:00,1211.665283203125,1211.665283203125,1211.665283203125,1211.665283203125,400,0.0,0.0
2005-07-11 00:00:00+09:00,1202.690224387429,1207.177874478427,1184.7396240234375,1184.7396240234375,1400,0.0,0.0
2005-07-12 00:00:00+09:00,1184.7394015330187,1189.22705078125,1184.7394015330187,1189.22705078125,1400,0.0,0.0
2005-07-13 00:00:00+09:00,1184.7394865241636,1207.177734375,1184.7394865241636,1207.177734375,2400,0.0,0.0
2005-07-14 00:00:00+09:00,1207.1778143836318,1207.1778143836318,1189.2272149132432,1198.2025146484375,2200,0.0,0.0
2005-07-15 00:00:00+09:00,1198.2024935385339,1207.1777931156014,1193.71484375,1193.71484375,1000,0.0,0.0
2005-07-18 00:00:00+09:00,1193.71484375,1193.71484375,1193.71484375,1193.71484375,0,0.0,0.0
2005-07-19 00:00:00+09:00,1184.7394655142257,1202.6900634765625,1171.2765170424732,1202.6900634765625,1000,0.0,0.0
2005-07-20 00:00:00+09:00,1202.6900634765625,1211.665362457731,1193.714764495394,1202.6900634765625,1400,0.0,0.0
2005-07-21 00:00:00+09:00,1202.6901433270677,1202.6901433270677,1193.71484375,1193.71484375,600,0.0,0.0
2005-07-22 00:00:00+09:00,1193.7149242054334,1193.7149242054334,1184.7396240234375,1184.7396240234375,1200,0.0,0.0
2005-07-25 00:00:00+09:00,1189.2270372178818,1211.665283203125,1189.2270372178818,1211.665283203125,2000,0.0,0.0
2005-07-26 00:00:00+09:00,1198.2025146484375,1220.6407639864233,1193.7148647808403,1198.2025146484375,2000,0.0,0.0
2005-07-27 00:00:00+09:00,1207.1776555473073,1234.1035512100725,1189.2270584387973,1216.1529541015625,9400,0.0,0.0
2005-07-28 00:00:00+09:00,1202.6899848090277,1216.1529324001735,1202.6899848090277,1211.665283203125,4000,0.0,0.0
2005-07-29 00:00:00+09:00,1220.6405681818183,1234.103515625,1220.6405681818183,1234.103515625,1400,0.0,0.0
2005-08-01 00:00:00+09:00,1229.6160594019395,1341.807305697737,1229.6160594019395,1301.41845703125,10400,0.0,0.0
2005-08-02 00:00:00+09:00,1301.4185375637478,1305.906187693278,1265.5173365275066,1292.4432373046875,4200,0.0,0.0
2005-08-03 00:00:00+09:00,1283.4677734375,1283.4677734375,1283.4677734375,1283.4677734375,0,0.0,0.0
2005-08-04 00:00:00+09:00,1287.9553053977272,1287.9553053977272,1207.1776207386365,1234.103515625,2400,0.0,0.0
2005-08-05 00:00:00+09:00,1225.1282526558175,1225.1282526558175,1216.1529541015625,1216.1529541015625,2400,0.0,0.0
2005-08-08 00:00:00+09:00,1184.7394015330187,1189.22705078125,1184.7394015330187,1189.22705078125,1000,0.0,0.0
2005-08-09 00:00:00+09:00,1211.665568632238,1220.640869140625,1211.665568632238,1220.640869140625,600,0.0,0.0
2005-08-10 00:00:00+09:00,1243.078958262568,1368.73314898947,1243.078958262568,1341.8072509765625,13800,0.0,0.0
2005-08-11 00:00:00+09:00,1341.8073887295193,1341.8073887295193,1292.4432373046875,1292.4432373046875,2600,0.0,0.0
2005-08-12 00:00:00+09:00,1292.4430217161016,1337.3195155256885,1292.4430217161016,1323.8565673828125,1400,0.0,0.0
2005-08-15 00:00:00+09:00,1328.344216763771,1328.344216763771,1314.881268620895,1323.8565673828125,1400,0.0,0.0
2005-08-16 00:00:00+09:00,1341.8072082314027,1341.8072082314027,1305.9060120245424,1332.8319091796875,2400,0.0,0.0
2005-08-17 00:00:00+09:00,1332.8318518066408,1346.2947998046875,1332.8318518066408,1346.2947998046875,3400,0.0,0.0
2005-08-18 00:00:00+09:00,1346.2947998046875,1346.2947998046875,1332.8318518066408,1346.2947998046875,2000,0.0,0.0
2005-08-19 00:00:00+09:00,1346.2948792732802,1359.757828066013,1337.319580078125,1337.319580078125,1600,0.0,0.0
2005-08-22 00:00:00+09:00,1368.7331330148797,1368.7331330148797,1337.319585699784,1364.2454833984375,4600,0.0,0.0
2005-08-23 00:00:00+09:00,1346.2948212987958,1350.782470703125,1346.2948212987958,1350.782470703125,400,0.0,0.0
2005-08-24 00:00:00+09:00,1355.2700843685964,1368.7330322265625,1355.2700843685964,1368.7330322265625,400,0.0,0.0
2005-08-25 00:00:00+09:00,1323.8565531412762,1346.2947998046875,1323.8565531412762,1346.2947998046875,1400,0.0,0.0
2005-08-26 00:00:00+09:00,1346.2949168925384,1346.2949168925384,1319.3690185546875,1319.3690185546875,800,0.0,0.0
2005-08-29 00:00:00+09:00,1319.3690185546875,1319.3690185546875,1319.3690185546875,1319.3690185546875,1000,0.0,0.0
2005-08-30 00:00:00+09:00,1305.906069385762,1319.3690185546875,1305.906069385762,1319.3690185546875,600,0.0,0.0
2005-08-31 00:00:00+09:00,1305.906069385762,1319.3690185546875,1283.4678207708866,1319.3690185546875,1200,0.0,0.0
2005-09-01 00:00:00+09:00,1328.3442750695633,1328.3442750695633,1310.3936767578125,1310.3936767578125,2200,0.0,0.0
2005-09-02 00:00:00+09:00,1310.3936767578125,1310.3936767578125,1310.3936767578125,1310.3936767578125,0,0.0,0.0
2005-09-05 00:00:00+09:00,1310.3935328742484,1310.3935328742484,1305.9058837890625,1305.9058837890625,400,0.0,0.0
2005-09-06 00:00:00+09:00,1301.4185375637478,1301.4185375637478,1292.4432373046875,1292.4432373046875,2200,0.0,0.0
2005-09-07 00:00:00+09:00,1283.467832100265,1283.467832100265,1270.0048828125,1270.0048828125,1200,0.0,0.0
2005-09-08 00:00:00+09:00,1256.541777820122,1287.955322265625,1256.541777820122,1287.955322265625,2400,0.0,0.0
2005-09-09 00:00:00+09:00,1265.5172119140625,1265.5172119140625,1265.5172119140625,1265.5172119140625,200,0.0,0.0
2005-09-12 00:00:00+09:00,1301.4183134191178,1301.4183134191178,1296.9306640625,1296.9306640625,1200,0.0,0.0
2005-09-13 00:00:00+09:00,1296.9308874342178,1296.9308874342178,1261.0296863979763,1292.4432373046875,3000,0.0,0.0
2005-09-14 00:00:00+09:00,1287.955322265625,1287.955322265625,1287.955322265625,1287.955322265625,200,0.0,0.0
2005-09-15 00:00:00+09:00,1278.9801556131113,1341.8072509765625,1270.0048562754755,1341.8072509765625,3800,0.0,0.0
2005-09-16 00:00:00+09:00,1314.8813529636548,1341.8072509765625,1314.8813529636548,1341.8072509765625,800,0.0,0.0
2005-09-19 00:00:00+09:00,1341.8072509765625,1341.8072509765625,1341.8072509765625,1341.8072509765625,0,0.0,0.0
2005-09-20 00:00:00+09:00,1346.2947429996905,1359.7576904296875,1341.8070938563583,1359.7576904296875,1200,0.0,0.0
2005-09-21 00:00:00+09:00,1359.7577478027345,1359.7577478027345,1346.2947998046875,1346.2947998046875,1000,0.0,0.0
2005-09-22 00:00:00+09:00,1368.733046468099,1368.733046468099,1341.8071504720053,1346.2947998046875,4600,0.0,0.0
2005-09-23 00:00:00+09:00,1346.2947998046875,1346.2947998046875,1346.2947998046875,1346.2947998046875,0,0.0,0.0
2005-09-26 00:00:00+09:00,1346.2947998046875,1346.2947998046875,1346.2947998046875,1346.2947998046875,0,0.0,0.0
2005-09-27 00:00:00+09:00,1368.73314898947,1368.73314898947,1341.8072509765625,1341.8072509765625,1000,0.0,0.0
2005-09-28 00:00:00+09:00,1319.3690564385774,1319.3690564385774,1301.41845703125,1301.41845703125,2400,0.0,0.0
2005-09-29 00:00:00+09:00,1301.41845703125,1301.41845703125,1301.41845703125,1301.41845703125,200,0.0,0.0
2005-09-30 00:00:00+09:00,1337.3196013077445,1341.8072509765625,1337.3196013077445,1341.8072509765625,400,0.0,0.0
2005-10-03 00:00:00+09:00,1332.8319516389265,1341.8072509765625,1332.8319516389265,1341.8072509765625,800,0.0,0.0
2005-10-04 00:00:00+09:00,1359.7576904296875,1359.7576904296875,1359.7576904296875,1359.7576904296875,600,0.0,0.0
2005-10-05 00:00:00+09:00,1323.8566523012908,1341.8072509765625,1323.8566523012908,1341.8072509765625,1200,0.0,0.0
2005-10-06 00:00:00+09:00,1337.319427385363,1337.319427385363,1305.9058837890625,1305.9058837890625,1400,0.0,0.0
2005-10-07 00:00:00+09:00,1314.8812899202915,1328.34423828125,1314.8812899202915,1328.34423828125,1600,0.0,0.0
2005-10-10 00:00:00+09:00,1328.34423828125,1328.34423828125,1328.34423828125,1328.34423828125,0,0.0,0.0
2005-10-11 00:00:00+09:00,1323.8566682776627,1323.8566682776627,1319.3690185546875,1319.3690185546875,600,0.0,0.0
2005-10-12 00:00:00+09:00,1341.8072509765625,1341.8072509765625,1341.8072509765625,1341.8072509765625,1200,0.0,0.0
2005-10-13 00:00:00+09:00,1323.8566101279725,1332.8319091796875,1323.8566101279725,1332.8319091796875,1400,0.0,0.0
2005-10-14 00:00:00+09:00,1355.270059976233,1503.3624837484704,1355.270059976233,1489.8995361328125,30000,0.0,0.0
2005-10-17 00:00:00+09:00,1503.3626283754456,1503.3626283754456,1440.535533458263,1494.3873291015625,13000,0.0,0.0
2005-10-18 00:00:00+09:00,1458.4860191582152,1458.4860191582152,1445.0230712890625,1445.0230712890625,1200,0.0,0.0
2005-10-19 00:00:00+09:00,1440.5354219993449,1445.0230712890625,1413.6095262610393,1445.0230712890625,1800,0.0,0.0
2005-10-20 00:00:00+09:00,1413.609666381458,1449.5108642578125,1413.609666381458,1449.5108642578125,1600,0.0,0.0
2005-10-21 00:00:00+09:00,1445.0231720636195,1445.0231720636195,1440.5355224609375,1440.5355224609375,400,0.0,0.0
2005-10-24 00:00:00+09:00,1436.0477430555554,1436.0477430555554,1413.6094970703125,1413.6094970703125,3200,0.0,0.0
2005-10-25 00:00:00+09:00,1418.097160093246,1418.097160093246,1391.1712646484375,1391.1712646484375,1200,0.0,0.0
2005-10-26 00:00:00+09:00,1400.1465631300402,1400.1465631300402,1391.1712646484375,1391.1712646484375,1000,0.0,0.0
2005-10-27 00:00:00+09:00,1391.1712510850693,1413.6094970703125,1391.1712510850693,1413.6094970703125,2400,0.0,0.0
2005-10-28 00:00:00+09:00,1409.121847873264,1413.6094970703125,1395.658900282118,1413.6094970703125,1600,0.0,0.0
2005-10-31 00:00:00+09:00,1427.072516547309,1453.9984130859375,1409.12191885489,1453.9984130859375,7000,0.0,0.0
2005-11-01 00:00:00+09:00,1458.486083984375,1458.486083984375,1458.486083984375,1458.486083984375,600,0.0,0.0
2005-11-02 00:00:00+09:00,1467.4614520958085,1498.875,1436.047904191617,1498.875,3600,0.0,0.0
2005-11-03 00:00:00+09:00,1503.362585338581,1521.3131833724747,1471.9490387792675,1485.4119873046875,3600,0.0,0.0
2005-11-04 00:00:00+09:00,1494.3873665760352,1494.3873665760352,1476.436767578125,1476.436767578125,800,0.0,0.0
2005-11-07 00:00:00+09:00,1498.874978738504,1611.066219662045,1467.4614312799126,1494.3873291015625,40800,0.0,0.0
2005-11-08 00:00:00+09:00,1498.874978738504,1498.874978738504,1485.4120298276791,1494.3873291015625,1600,0.0,0.0
2005-11-09 00:00:00+09:00,1498.875016325513,1498.875016325513,1476.436767578125,1476.436767578125,3600,0.0,0.0
2005-11-10 00:00:00+09:00,1471.9490696797118,1471.9490696797118,1440.5355224609375,1440.5355224609375,3400,0.0,0.0
2005-11-11 00:00:00+09:00,1445.0230278015138,1449.5106769561767,1436.0477294921875,1436.0477294921875,1200,0.0,0.0
2005-11-14 00:00:00+09:00,1449.5108216663016,1449.5108216663016,1440.5355224609375,1440.5355224609375,1600,0.0,0.0
2005-11-15 00:00:00+09:00,1462.9736409014965,1494.3871853380317,1462.9736409014965,1489.8995361328125,4400,0.0,0.0
2005-11-16 00:00:00+09:00,1503.3624397046638,1503.3624397046638,1480.9241943359375,1480.9241943359375,2400,0.0,0.0
2005-11-17 00:00:00+09:00,1494.3871853380317,1494.3871853380317,1476.4365885171544,1489.8995361328125,2000,0.0,0.0
2005-11-18 00:00:00+09:00,1480.9241943359375,1480.9241943359375,1471.948896188447,1480.9241943359375,3600,0.0,0.0
2005-11-21 00:00:00+09:00,1480.9242377223738,1489.8995361328125,1471.9489393119352,1489.8995361328125,1000,0.0,0.0
2005-11-22 00:00:00+09:00,1476.4366022045824,1476.4366022045824,1462.973654464115,1467.4613037109375,3000,0.0,0.0
2005-11-23 00:00:00+09:00,1467.4613037109375,1467.4613037109375,1467.4613037109375,1467.4613037109375,0,0.0,0.0
2005-11-24 00:00:00+09:00,1476.436545262192,1480.9241943359375,1476.436545262192,1480.9241943359375,2000,0.0,0.0
2005-11-25 00:00:00+09:00,1467.4613892707941,1485.4119873046875,1467.4613892707941,1485.4119873046875,2400,0.0,0.0
2005-11-28 00:00:00+09:00,1462.9738023952095,1498.875,1462.9738023952095,1498.875,5400,0.0,0.0
2005-11-29 00:00:00+09:00,1480.924337796214,1485.4119873046875,1467.4613892707941,1485.4119873046875,3600,0.0,0.0
2005-11-30 00:00:00+09:00,1494.3873291015625,1494.3873291015625,1471.9490809168544,1494.3873291015625,2600,0.0,0.0
2005-12-01 00:00:00+09:00,1494.3873502994013,1498.875,1494.3873502994013,1498.875,1800,0.0,0.0
2005-12-02 00:00:00+09:00,1498.875034580825,1584.140380859375,1498.875034580825,1584.140380859375,17200,0.0,0.0
2005-12-05 00:00:00+09:00,1593.1156005859375,1593.1156005859375,1570.677352690361,1593.1156005859375,8000,0.0,0.0
2005-12-06 00:00:00+09:00,1642.4795538651317,1817.497866981908,1637.9919048108552,1705.306640625,23400,0.0,0.0
2005-12-07 00:00:00+09:00,1727.7451433454241,1759.15869140625,1682.8686461156728,1759.15869140625,10400,0.0,0.0
2005-12-08 00:00:00+09:00,1768.1338090846148,1768.1338090846148,1696.3314208984375,1696.3314208984375,7000,0.0,0.0
2005-12-09 00:00:00+09:00,1750.1833708389945,1754.6710205078125,1732.2327721637228,1754.6710205078125,2600,0.0,0.0
2005-12-12 00:00:00+09:00,1763.6462528935185,1817.498046875,1759.1586033950616,1817.498046875,7400,0.0,0.0
2005-12-13 00:00:00+09:00,1813.0102491999246,1862.3743896484375,1813.0102491999246,1862.3743896484375,4600,0.0,0.0
2005-12-14 00:00:00+09:00,1902.7632318335843,1907.2508809652672,1839.9361439900226,1862.3743896484375,7600,0.0,0.0
2005-12-15 00:00:00+09:00,1862.3744977851659,1862.3744977851659,1795.0597569013646,1808.522705078125,7200,0.0,0.0
2005-12-16 00:00:00+09:00,1795.0597569013646,1808.522705078125,1763.6462111555907,1808.522705078125,8800,0.0,0.0
2005-12-19 00:00:00+09:00,1799.5475439330442,1799.5475439330442,1786.0845947265625,1786.0845947265625,1400,0.0,0.0
2005-12-20 00:00:00+09:00,1790.5722444620562,1790.5722444620562,1786.0845947265625,1786.0845947265625,1600,0.0,0.0
2005-12-21 00:00:00+09:00,1786.084530755538,1786.084530755538,1772.62158203125,1772.62158203125,3400,0.0,0.0
2005-12-22 00:00:00+09:00,1772.6214740459736,1772.6214740459736,1750.1832275390625,1750.1832275390625,5200,0.0,0.0
2005-12-23 00:00:00+09:00,1750.1832275390625,1750.1832275390625,1750.1832275390625,1750.1832275390625,0,0.0,0.0
2005-12-26 00:00:00+09:00,1795.059814453125,1795.059814453125,1732.2327209472655,1795.059814453125,6800,0.0,0.0
2005-12-27 00:00:00+09:00,1768.1338247445915,1795.0597205528848,1750.1832275390625,1750.1832275390625,2600,0.0,0.0
2005-12-28 00:00:00+09:00,1786.0845947265625,1786.0845947265625,1786.0845947265625,1786.0845947265625,1200,0.0,0.0
2005-12-29 00:00:00+09:00,1772.6214382733185,1772.6214382733185,1768.1337890625,1768.1337890625,600,0.0,0.0
2005-12-30 00:00:00+09:00,1777.109087484137,1777.109087484137,1768.1337890625,1768.1337890625,1200,0.0,0.0
2006-01-02 00:00:00+09:00,1768.1337890625,1768.1337890625,1768.1337890625,1768.1337890625,0,0.0,0.0
2006-01-03 00:00:00+09:00,1768.1337890625,1768.1337890625,1768.1337890625,1768.1337890625,0,0.0,0.0
2006-01-04 00:00:00+09:00,1790.5719952198579,1835.448486328125,1790.5719952198579,1835.448486328125,1200,0.0,0.0
2006-01-05 00:00:00+09:00,1813.010412597656,1813.010412597656,1790.572164916992,1795.059814453125,2400,0.0,0.0
2006-01-06 00:00:00+09:00,1786.0843672589558,1839.9361572265625,1781.5967180949885,1839.9361572265625,4000,0.0,0.0
2006-01-09 00:00:00+09:00,1839.9361572265625,1839.9361572265625,1839.9361572265625,1839.9361572265625,0,0.0,0.0
2006-01-10 00:00:00+09:00,1839.9362943672838,1844.4239438657407,1817.498046875,1817.498046875,1200,0.0,0.0
2006-01-11 00:00:00+09:00,1826.473409914503,1884.8128554400275,1826.473409914503,1830.9610595703125,2400,0.0,0.0
2006-01-12 00:00:00+09:00,1839.9362145126306,1839.9362145126306,1821.9856172978732,1826.4732666015625,1000,0.0,0.0
2006-01-13 00:00:00+09:00,1839.9361439900226,1875.8373370434865,1839.9361439900226,1862.3743896484375,2800,0.0,0.0
2006-01-16 00:00:00+09:00,1866.8620387801204,1866.8620387801204,1848.9114422533885,1862.3743896484375,4400,0.0,0.0
2006-01-17 00:00:00+09:00,1839.9361572265625,1844.4238063905298,1839.9361572265625,1839.9361572265625,2600,0.0,0.0
2006-01-18 00:00:00+09:00,1839.9362135667068,1839.9362135667068,1745.6955782376804,1750.1832275390625,6400,0.0,0.0
2006-01-19 00:00:00+09:00,1750.183304398148,1826.4733458719136,1750.183304398148,1817.498046875,1400,0.0,0.0
2006-01-20 00:00:00+09:00,1799.5474639892577,1799.5474639892577,1795.059814453125,1795.059814453125,1800,0.0,0.0
2006-01-23 00:00:00+09:00,1777.1092741459383,1781.596923828125,1705.306879230951,1781.596923828125,1400,0.0,0.0
2006-01-24 00:00:00+09:00,1736.720458984375,1750.1834082788275,1736.720458984375,1736.720458984375,1200,0.0,0.0
2006-01-25 00:00:00+09:00,1705.3068326739235,1745.6956787109375,1705.3068326739235,1745.6956787109375,4600,0.0,0.0
2006-01-26 00:00:00+09:00,1754.6710205078125,1754.6710205078125,1754.6710205078125,1754.6710205078125,200,0.0,0.0
2006-01-27 00:00:00+09:00,1763.6462466591283,1795.0597930372808,1763.6462466591283,1790.5721435546875,2000,0.0,0.0
2006-01-30 00:00:00+09:00,1768.1339265092786,1795.0598238672878,1745.6956787109375,1745.6956787109375,11600,0.0,0.0
2006-01-31 00:00:00+09:00,1768.1339265092786,1768.1339265092786,1745.6956787109375,1745.6956787109375,2800,0.0,0.0
2006-02-01 00:00:00+09:00,1750.1833221993309,1750.1833221993309,1718.769775390625,1718.769775390625,2200,0.0,0.0
2006-02-02 00:00:00+09:00,1754.6709498859825,1759.158599374182,1709.794455003988,1714.2821044921875,3000,0.0,0.0
2006-02-03 00:00:00+09:00,1718.769760289143,1745.6956573171713,1718.769760289143,1741.2080078125,2400,0.0,0.0
2006-02-06 00:00:00+09:00,1745.6955782376804,1759.158526141827,1741.207928936298,1750.1832275390625,1800,0.0,0.0
2006-02-07 00:00:00+09:00,1777.109268851902,1786.084568189538,1750.1833708389945,1754.6710205078125,1000,0.0,0.0
2006-02-08 00:00:00+09:00,1759.158526141827,1759.158526141827,1750.1832275390625,1750.1832275390625,1400,0.0,0.0
2006-02-09 00:00:00+09:00,1754.6709778302738,1754.6709778302738,1745.6956787109375,1745.6956787109375,1200,0.0,0.0
2006-02-10 00:00:00+09:00,1741.207964803271,1741.207964803271,1732.232666015625,1732.232666015625,800,0.0,0.0
2006-02-13 00:00:00+09:00,1727.7451060604474,1727.7451060604474,1673.893310546875,1673.893310546875,2200,0.0,0.0
2006-02-14 00:00:00+09:00,1682.8687683609892,1682.8687683609892,1629.0169677734375,1629.0169677734375,3400,0.0,0.0
2006-02-15 00:00:00+09:00,1682.8687683609892,1687.3564184099516,1629.0169677734375,1629.0169677734375,1200,0.0,0.0
2006-02-16 00:00:00+09:00,1620.0416676755121,1629.0169677734375,1615.5540176265495,1629.0169677734375,1000,0.0,0.0
2006-02-17 00:00:00+09:00,1620.0415411770177,1624.529190875569,1575.1650441915046,1602.0909423828125,3200,0.0,0.0
2006-02-20 00:00:00+09:00,1534.7761560574384,1593.1156005859375,1480.9243611080547,1593.1156005859375,4400,0.0,0.0
2006-02-21 00:00:00+09:00,1530.2885832097645,1584.140380859375,1530.2885832097645,1584.140380859375,1800,0.0,0.0
2006-02-22 00:00:00+09:00,1593.1156005859375,1593.1156005859375,1584.1403014277068,1593.1156005859375,1200,0.0,0.0
2006-02-23 00:00:00+09:00,1552.7267060293589,1557.21435546875,1552.7267060293589,1557.21435546875,800,0.0,0.0
2006-02-24 00:00:00+09:00,1584.140380859375,1584.140380859375,1584.140380859375,1584.140380859375,1400,0.0,0.0
2006-02-27 00:00:00+09:00,1570.67724609375,1570.67724609375,1539.263701171875,1570.67724609375,1000,0.0,0.0
2006-02-28 00:00:00+09:00,1525.8009244409825,1530.28857421875,1485.412076441074,1530.28857421875,5600,0.0,0.0
2006-03-01 00:00:00+09:00,1440.5355238803597,1543.75146484375,1427.072575059048,1543.75146484375,5200,0.0,0.0
2006-03-02 00:00:00+09:00,1539.2637440240205,1539.2637440240205,1503.362548828125,1503.362548828125,1200,0.0,0.0
2006-03-03 00:00:00+09:00,1440.5354301120924,1548.239013671875,1440.5354301120924,1548.239013671875,2400,0.0,0.0
2006-03-06 00:00:00+09:00,1498.875,1498.875,1498.875,1498.875,2400,0.0,0.0
2006-03-07 00:00:00+09:00,1525.8006591796875,1525.8006591796875,1525.8006591796875,1525.8006591796875,400,0.0,0.0
2006-03-08 00:00:00+09:00,1498.875,1498.875,1498.875,1498.875,400,0.0,0.0
2006-03-09 00:00:00+09:00,1521.313243214677,1525.800892899676,1471.9490966796875,1471.9490966796875,1800,0.0,0.0
2006-03-10 00:00:00+09:00,1471.9490966796875,1471.9490966796875,1471.9490966796875,1471.9490966796875,400,0.0,0.0
2006-03-13 00:00:00+09:00,1521.313232421875,1521.313232421875,1521.313232421875,1521.313232421875,600,0.0,0.0
2006-03-14 00:00:00+09:00,1525.800729774567,1525.800729774567,1489.8995361328125,1489.8995361328125,0,0.0,0.0
2006-03-15 00:00:00+09:00,1530.2884798598016,1561.7020263671875,1530.2884798598016,1561.7020263671875,2400,0.0,0.0
2006-03-16 00:00:00+09:00,1552.7266845703125,1552.7266845703125,1552.7266845703125,1552.7266845703125,200,0.0,0.0
2006-03-17 00:00:00+09:00,1552.7266845703125,1557.2143339476834,1552.7266845703125,1552.7266845703125,800,0.0,0.0
2006-03-20 00:00:00+09:00,1570.6772884379234,1655.942626953125,1566.1896390423865,1655.942626953125,4600,0.0,0.0
2006-03-21 00:00:00+09:00,1655.942626953125,1655.942626953125,1655.942626953125,1655.942626953125,0,0.0,0.0
2006-03-22 00:00:00+09:00,1646.967379760742,1646.967379760742,1615.5538330078125,1615.5538330078125,1400,0.0,0.0
2006-03-23 00:00:00+09:00,1620.0414317888296,1655.942626953125,1620.0414317888296,1655.942626953125,800,0.0,0.0
2006-03-24 00:00:00+09:00,1606.57861328125,1606.57861328125,1606.57861328125,1606.57861328125,1400,0.0,0.0
2006-03-27 00:00:00+09:00,1651.455029296875,1651.455029296875,1615.5538330078125,1615.5538330078125,5400,0.0,0.0
2006-03-28 00:00:00+09:00,1503.362514195817,1597.6031494140625,1503.362514195817,1597.6031494140625,7200,0.0,0.0
2006-03-29 00:00:00+09:00,1611.0661329977556,1660.430276348662,1611.0661329977556,1655.942626953125,7800,0.0,0.0
2006-03-30 00:00:00+09:00,1664.91796875,1664.91796875,1664.91796875,1664.91796875,200,0.0,0.0
2006-03-31 00:00:00+09:00,1664.917980861415,1718.769775390625,1664.917980861415,1718.769775390625,3000,0.0,0.0
2006-04-03 00:00:00+09:00,1718.7696964412542,1727.7449951171875,1696.3314497514205,1727.7449951171875,8000,0.0,0.0
2006-04-04 00:00:00+09:00,1723.257345779221,1732.2326444551543,1723.257345779221,1727.7449951171875,1400,0.0,0.0
2006-04-05 00:00:00+09:00,1718.7698599251048,1741.2081087491924,1718.7698599251048,1736.720458984375,2000,0.0,0.0
2006-04-06 00:00:00+09:00,1741.2078330592105,1741.2078330592105,1705.306640625,1705.306640625,800,0.0,0.0
2006-04-07 00:00:00+09:00,1709.7943977653206,1727.7449951171875,1705.306748427354,1727.7449951171875,2400,0.0,0.0
2006-04-10 00:00:00+09:00,1682.8683953536186,1718.769587787829,1673.8930972450657,1705.306640625,1200,0.0,0.0
2006-04-11 00:00:00+09:00,1705.306748427354,1727.7449951171875,1705.306748427354,1727.7449951171875,400,0.0,0.0
2006-04-12 00:00:00+09:00,1745.6956509095837,1745.6956509095837,1714.2821044921875,1714.2821044921875,1800,0.0,0.0
2006-04-13 00:00:00+09:00,1727.745164089834,1763.6463623046875,1727.745164089834,1763.6463623046875,4600,0.0,0.0
2006-04-14 00:00:00+09:00,1741.2080078125,1754.6709563265142,1741.2080078125,1741.2080078125,2800,0.0,0.0
2006-04-17 00:00:00+09:00,1741.2081087491924,1745.6957585140099,1736.720458984375,1736.720458984375,1400,0.0,0.0
2006-04-18 00:00:00+09:00,1736.720458984375,1736.720458984375,1723.2575096899225,1736.720458984375,1000,0.0,0.0
2006-04-19 00:00:00+09:00,1714.2822054164617,1723.2575049212599,1696.3316064068651,1709.7945556640625,2800,0.0,0.0
2006-04-20 00:00:00+09:00,1709.7943977653206,1727.7449951171875,1709.7943977653206,1727.7449951171875,600,0.0,0.0
2006-04-21 00:00:00+09:00,1718.769587787829,1718.769587787829,1705.306640625,1705.306640625,600,0.0,0.0
2006-04-24 00:00:00+09:00,1682.8686857876712,1682.8686857876712,1637.9921875,1637.9921875,1400,0.0,0.0
2006-04-25 00:00:00+09:00,1642.4795538651317,1705.306640625,1633.504255756579,1705.306640625,1600,0.0,0.0
2006-04-26 00:00:00+09:00,1660.4303518931072,1723.2574462890625,1660.4303518931072,1723.2574462890625,800,0.0,0.0
2006-04-27 00:00:00+09:00,1678.3809502919516,1723.2574462890625,1678.3809502919516,1723.2574462890625,400,0.0,0.0
2006-04-28 00:00:00+09:00,1687.3562285819191,1727.7450744788266,1678.3809294937173,1718.769775390625,1800,0.0,0.0
2006-05-01 00:00:00+09:00,1642.4797331409106,1718.769775390625,1642.4797331409106,1718.769775390625,2200,0.0,0.0
2006-05-02 00:00:00+09:00,1718.769775390625,1718.769775390625,1718.769775390625,1718.769775390625,2200,0.0,0.0
2006-05-03 00:00:00+09:00,1718.769775390625,1718.769775390625,1718.769775390625,1718.769775390625,0,0.0,0.0
2006-05-04 00:00:00+09:00,1718.769775390625,1718.769775390625,1718.769775390625,1718.769775390625,0,0.0,0.0
2006-05-05 00:00:00+09:00,1718.769775390625,1718.769775390625,1718.769775390625,1718.769775390625,0,0.0,0.0
2006-05-08 00:00:00+09:00,1718.769775390625,1718.769775390625,1718.769775390625,1718.769775390625,2200,0.0,0.0
2006-05-09 00:00:00+09:00,1718.769775390625,1718.769775390625,1705.3068267583224,1718.769775390625,600,0.0,0.0
2006-05-10 00:00:00+09:00,1718.769775390625,1718.769775390625,1718.769775390625,1718.769775390625,800,0.0,0.0
2006-05-11 00:00:00+09:00,1718.769753980387,1718.769753980387,1714.2821044921875,1714.2821044921875,400,0.0,0.0
2006-05-12 00:00:00+09:00,1714.2821044921875,1714.2821044921875,1714.2821044921875,1714.2821044921875,400,0.0,0.0
2006-05-15 00:00:00+09:00,1705.306640625,1705.306640625,1705.306640625,1705.306640625,400,0.0,0.0
2006-05-16 00:00:00+09:00,1642.4796297588045,1705.3067194217097,1642.4796297588045,1696.3314208984375,1400,0.0,0.0
2006-05-17 00:00:00+09:00,1660.4303670998927,1700.8192138671875,1660.4303670998927,1700.8192138671875,800,0.0,0.0
2006-05-18 00:00:00+09:00,1700.8192138671875,1700.8192138671875,1700.8192138671875,1700.8192138671875,200,0.0,0.0
2006-05-19 00:00:00+09:00,1682.8685302734375,1682.8685302734375,1682.8685302734375,1682.8685302734375,0,0.0,0.0
2006-05-22 00:00:00+09:00,1678.380880859375,1682.8685302734375,1678.380880859375,1682.8685302734375,600,0.0,0.0
2006-05-23 00:00:00+09:00,1682.8685451198269,1682.8685451198269,1660.4302978515625,1660.4302978515625,1600,0.0,0.0
2006-05-24 00:00:00+09:00,1660.4302978515625,1660.4302978515625,1660.4302978515625,1660.4302978515625,1000,0.0,0.0
2006-05-25 00:00:00+09:00,1637.9921875,1637.9921875,1637.9921875,1637.9921875,800,0.0,0.0
2006-05-26 00:00:00+09:00,1620.0415881849315,1637.9921875,1606.5786386986301,1637.9921875,1600,0.0,0.0
2006-05-29 00:00:00+09:00,1637.9920716812667,1664.91796875,1637.9920716812667,1664.91796875,1400,0.0,0.0
2006-05-30 00:00:00+09:00,1664.917953815866,1687.356201171875,1642.479706459857,1687.356201171875,2000,0.0,0.0
2006-05-31 00:00:00+09:00,1637.9920835968096,1718.769775390625,1575.164989979398,1718.769775390625,2400,0.0,0.0
2006-06-01 00:00:00+09:00,1687.356201171875,1687.356201171875,1687.356201171875,1687.356201171875,2400,0.0,0.0
2006-06-02 00:00:00+09:00,1660.4302978515625,1660.4302978515625,1660.4302978515625,1660.4302978515625,2400,0.0,0.0
2006-06-05 00:00:00+09:00,1566.1896455078124,1682.8685302734375,1566.1896455078124,1682.8685302734375,2000,0.0,0.0
2006-06-06 00:00:00+09:00,1615.5536391314338,1615.5536391314338,1525.8006591796875,1525.8006591796875,3800,0.0,0.0
2006-06-07 00:00:00+09:00,1530.2885064783231,1660.4303442726673,1530.2885064783231,1593.1156005859375,2400,0.0,0.0
2006-06-08 00:00:00+09:00,1534.7760518973214,1570.67724609375,1525.8007533482141,1570.67724609375,1600,0.0,0.0
2006-06-09 00:00:00+09:00,1570.6774400684933,1642.4798373287672,1570.6774400684933,1637.9921875,1800,0.0,0.0
2006-06-12 00:00:00+09:00,1593.1155853271484,1615.5538330078125,1584.1402862548828,1615.5538330078125,1000,0.0,0.0
2006-06-13 00:00:00+09:00,1579.6525522296347,1597.6031494140625,1575.1649029335279,1597.6031494140625,600,0.0,0.0
2006-06-14 00:00:00+09:00,1637.9919215611048,1637.9919215611048,1593.1154305594307,1633.5042724609375,2400,0.0,0.0
2006-06-15 00:00:00+09:00,1593.1154305594307,1633.5042724609375,1593.1154305594307,1633.5042724609375,400,0.0,0.0
2006-06-16 00:00:00+09:00,1611.0660269601005,1633.5042724609375,1611.0660269601005,1633.5042724609375,400,0.0,0.0
2006-06-19 00:00:00+09:00,1633.5042724609375,1633.5042724609375,1633.5042724609375,1633.5042724609375,200,0.0,0.0
2006-06-20 00:00:00+09:00,1615.553676060268,1633.5042724609375,1611.0660269601005,1633.5042724609375,600,0.0,0.0
2006-06-21 00:00:00+09:00,1633.5042724609375,1633.5042724609375,1633.5042724609375,1633.5042724609375,600,0.0,0.0
2006-06-22 00:00:00+09:00,1633.5042724609375,1633.5042724609375,1633.5042724609375,1633.5042724609375,600,0.0,0.0
2006-06-23 00:00:00+09:00,1593.1154305594307,1633.5042724609375,1593.1154305594307,1633.5042724609375,600,0.0,0.0
2006-06-26 00:00:00+09:00,1633.5042724609375,1633.5042724609375,1633.5042724609375,1633.5042724609375,600,0.0,0.0
2006-06-27 00:00:00+09:00,1629.0169677734375,1629.0169677734375,1629.0169677734375,1629.0169677734375,200,0.0,0.0
2006-06-28 00:00:00+09:00,1633.5042724609375,1633.5042724609375,1633.5042724609375,1633.5042724609375,600,0.0,0.0
2006-06-29 00:00:00+09:00,1633.504537671233,1637.9921875,1593.1156892123288,1637.9921875,1400,0.0,0.0
2006-06-30 00:00:00+09:00,1646.9674072265625,1646.9674072265625,1646.9674072265625,1646.9674072265625,200,0.0,0.0
2006-07-03 00:00:00+09:00,1615.5538599497615,1646.9674072265625,1606.5785607278183,1646.9674072265625,2000,0.0,0.0
2006-07-04 00:00:00+09:00,1602.090806149646,1624.529052734375,1597.6031568327003,1624.529052734375,2000,0.0,0.0
2006-07-05 00:00:00+09:00,1624.529052734375,1624.529052734375,1624.529052734375,1624.529052734375,2000,0.0,0.0
2006-07-06 00:00:00+09:00,1651.4549560546875,1651.4549560546875,1651.4549560546875,1651.4549560546875,2200,0.0,0.0
2006-07-07 00:00:00+09:00,1615.5538599497615,1646.9674072265625,1615.5538599497615,1646.9674072265625,600,0.0,0.0
2006-07-10 00:00:00+09:00,1602.0909111168469,1646.9674072265625,1602.0909111168469,1646.9674072265625,2800,0.0,0.0
2006-07-11 00:00:00+09:00,1646.9674871575344,1646.9674871575344,1615.5539383561645,1637.9921875,800,0.0,0.0
2006-07-12 00:00:00+09:00,1615.5539127967877,1615.5539127967877,1606.57861328125,1606.57861328125,400,0.0,0.0
2006-07-13 00:00:00+09:00,1597.6030796595983,1633.5042724609375,1597.6030796595983,1633.5042724609375,1000,0.0,0.0
2006-07-14 00:00:00+09:00,1588.6279932871585,1602.0909423828125,1579.652693890056,1602.0909423828125,1600,0.0,0.0
2006-07-17 00:00:00+09:00,1593.1156429857099,1615.5538914784663,1584.1403435886073,1602.0909423828125,1600,0.0,0.0
2006-07-18 00:00:00+09:00,1557.2143890380858,1615.5538330078125,1458.486099243164,1615.5538330078125,2800,0.0,0.0
2006-07-19 00:00:00+09:00,1615.5538330078125,1615.5538330078125,1615.5538330078125,1615.5538330078125,2800,0.0,0.0
2006-07-20 00:00:00+09:00,1570.67724609375,1593.1154924665177,1570.67724609375,1570.67724609375,600,0.0,0.0
2006-07-21 00:00:00+09:00,1507.8501562499998,1570.67724609375,1503.3625069754464,1570.67724609375,2600,0.0,0.0
2006-07-24 00:00:00+09:00,1503.3625205219655,1548.239013671875,1503.3625205219655,1548.239013671875,2000,0.0,0.0
2006-07-25 00:00:00+09:00,1521.3132269232124,1521.3132269232124,1489.899679464621,1494.3873291015625,1600,0.0,0.0
2006-07-26 00:00:00+09:00,1503.362649700599,1503.362649700599,1467.4614520958085,1498.875,1000,0.0,0.0
2006-07-27 00:00:00+09:00,1494.3873291015625,1494.3873291015625,1494.3873291015625,1494.3873291015625,600,0.0,0.0
2006-07-28 00:00:00+09:00,1436.0477533284025,1516.825439453125,1436.0477533284025,1516.825439453125,3800,0.0,0.0
2006-07-31 00:00:00+09:00,1449.5108782189334,1530.28857421875,1449.5108782189334,1530.28857421875,800,0.0,0.0
2006-08-01 00:00:00+09:00,1530.28857421875,1530.28857421875,1530.28857421875,1530.28857421875,800,0.0,0.0
2006-08-02 00:00:00+09:00,1476.436520206227,1525.8006591796875,1476.436520206227,1525.8006591796875,1400,0.0,0.0
2006-08-03 00:00:00+09:00,1525.8006591796875,1525.8006591796875,1525.8006591796875,1525.8006591796875,400,0.0,0.0
2006-08-04 00:00:00+09:00,1516.825439453125,1516.825439453125,1516.825439453125,1516.825439453125,400,0.0,0.0
2006-08-07 00:00:00+09:00,1471.948896188447,1480.9241943359375,1467.4612471147018,1480.9241943359375,1200,0.0,0.0
2006-08-08 00:00:00+09:00,1462.9738183296922,1476.436767578125,1431.5602700833492,1476.436767578125,2000,0.0,0.0
2006-08-09 00:00:00+09:00,1476.436767578125,1476.436767578125,1476.436767578125,1476.436767578125,2000,0.0,0.0
2006-08-10 00:00:00+09:00,1458.486083984375,1471.9490324519231,1458.486083984375,1458.486083984375,1000,0.0,0.0
2006-08-11 00:00:00+09:00,1480.9241943359375,1480.9241943359375,1480.9241943359375,1480.9241943359375,200,0.0,0.0
2006-08-14 00:00:00+09:00,1462.9738183296922,1476.436767578125,1462.9738183296922,1476.436767578125,400,0.0,0.0
2006-08-15 00:00:00+09:00,1467.4612471147018,1480.9241943359375,1467.4612471147018,1480.9241943359375,2400,0.0,0.0
2006-08-16 00:00:00+09:00,1494.3873291015625,1525.800876560154,1485.4120298276791,1494.3873291015625,2400,0.0,0.0
2006-08-17 00:00:00+09:00,1485.41203519658,1521.313232421875,1350.7825456017238,1521.313232421875,7800,0.0,0.0
2006-08-18 00:00:00+09:00,1521.313232421875,1521.313232421875,1521.313232421875,1521.313232421875,7800,0.0,0.0
2006-08-21 00:00:00+09:00,1507.850198227612,1507.850198227612,1480.9243018306904,1503.362548828125,1400,0.0,0.0
2006-08-22 00:00:00+09:00,1503.362548828125,1503.362548828125,1503.362548828125,1503.362548828125,400,0.0,0.0
2006-08-23 00:00:00+09:00,1503.3625915708458,1512.337890625,1489.8996429896142,1512.337890625,800,0.0,0.0
2006-08-24 00:00:00+09:00,1521.3131896791544,1521.3131896791544,1503.3625915708458,1512.337890625,800,0.0,0.0
2006-08-25 00:00:00+09:00,1512.3379331155513,1521.313232421875,1512.3379331155513,1521.313232421875,1000,0.0,0.0
2006-08-28 00:00:00+09:00,1471.9490448813058,1512.337890625,1471.9490448813058,1512.337890625,3000,0.0,0.0
2006-08-29 00:00:00+09:00,1512.337890625,1512.337890625,1512.337890625,1512.337890625,3000,0.0,0.0
2006-08-30 00:00:00+09:00,1467.4614520958085,1498.875,1458.4861526946108,1498.875,1400,0.0,0.0
2006-08-31 00:00:00+09:00,1498.875,1498.875,1498.875,1498.875,1400,0.0,0.0
2006-09-01 00:00:00+09:00,1449.51079724592,1512.337890625,1449.51079724592,1512.337890625,800,0.0,0.0
2006-09-04 00:00:00+09:00,1512.337890625,1512.337890625,1512.337890625,1512.337890625,800,0.0,0.0
2006-09-05 00:00:00+09:00,1503.3625205219655,1548.239013671875,1489.8995725769928,1548.239013671875,2600,0.0,0.0
2006-09-06 00:00:00+09:00,1548.239013671875,1548.239013671875,1548.239013671875,1548.239013671875,200,0.0,0.0
2006-09-07 00:00:00+09:00,1530.2883081772748,1530.2883081772748,1525.8006591796875,1525.8006591796875,1400,0.0,0.0
2006-09-08 00:00:00+09:00,1521.313232421875,1521.313232421875,1521.313232421875,1521.313232421875,0,0.0,0.0
2006-09-11 00:00:00+09:00,1525.800882075037,1525.800882075037,1503.3626338092274,1521.313232421875,600,0.0,0.0
2006-09-12 00:00:00+09:00,1525.8008240816887,1543.7514220120613,1525.8008240816887,1534.776123046875,1600,0.0,0.0
2006-09-13 00:00:00+09:00,1525.8006591796875,1525.8006591796875,1525.8006591796875,1525.8006591796875,0,0.0,0.0
2006-09-14 00:00:00+09:00,1503.3627205660146,1566.1898193359375,1503.3627205660146,1566.1898193359375,800,0.0,0.0
2006-09-15 00:00:00+09:00,1561.7020263671875,1561.7020263671875,1561.7020263671875,1561.7020263671875,400,0.0,0.0
2006-09-18 00:00:00+09:00,1561.7020263671875,1561.7020263671875,1561.7020263671875,1561.7020263671875,0,0.0,0.0
2006-09-19 00:00:00+09:00,1561.7020263671875,1561.7020263671875,1561.7020263671875,1561.7020263671875,400,0.0,0.0
2006-09-20 00:00:00+09:00,1561.7020263671875,1561.7020263671875,1561.7020263671875,1561.7020263671875,400,0.0,0.0
2006-09-21 00:00:00+09:00,1521.3131389287166,1552.7266845703125,1512.3378401739749,1552.7266845703125,1600,0.0,0.0
2006-09-22 00:00:00+09:00,1516.8255251165021,1534.776123046875,1512.3378756339089,1534.776123046875,1400,0.0,0.0
2006-09-25 00:00:00+09:00,1530.28857421875,1530.28857421875,1530.28857421875,1530.28857421875,0,0.0,0.0
2006-09-26 00:00:00+09:00,1530.28857421875,1530.28857421875,1530.28857421875,1530.28857421875,1400,0.0,0.0
2006-09-27 00:00:00+09:00,1498.875,1498.875,1498.875,1498.875,200,0.0,0.0
2006-09-28 00:00:00+09:00,1409.1220166469136,1449.5108642578125,1409.1220166469136,1449.5108642578125,3600,0.0,0.0
2006-09-29 00:00:00+09:00,1449.5108642578125,1449.5108642578125,1449.5108642578125,1449.5108642578125,400,0.0,0.0
2006-10-02 00:00:00+09:00,1449.5108642578125,1449.5108642578125,1449.5108642578125,1449.5108642578125,400,0.0,0.0
2006-10-03 00:00:00+09:00,1449.5108642578125,1449.5108642578125,1449.5108642578125,1449.5108642578125,400,0.0,0.0
2006-10-04 00:00:00+09:00,1440.5353948754,1489.8995361328125,1436.0477456701806,1489.8995361328125,1000,0.0,0.0
2006-10-05 00:00:00+09:00,1458.4859489672112,1480.9241943359375,1458.4859489672112,1480.9241943359375,600,0.0,0.0
2006-10-06 00:00:00+09:00,1480.9241943359375,1480.9241943359375,1480.9241943359375,1480.9241943359375,600,0.0,0.0
2006-10-09 00:00:00+09:00,1480.9241943359375,1480.9241943359375,1480.9241943359375,1480.9241943359375,0,0.0,0.0
2006-10-10 00:00:00+09:00,1480.9241943359375,1480.9241943359375,1480.9241943359375,1480.9241943359375,400,0.0,0.0
2006-10-11 00:00:00+09:00,1413.6094582297585,1480.9241943359375,1413.6094582297585,1480.9241943359375,1400,0.0,0.0
2006-10-12 00:00:00+09:00,1449.5106769561767,1449.5106769561767,1404.6341854095458,1436.0477294921875,1800,0.0,0.0
2006-10-13 00:00:00+09:00,1391.1712510850693,1413.6094970703125,1391.1712510850693,1413.6094970703125,2400,0.0,0.0
2006-10-16 00:00:00+09:00,1386.6836651496167,1427.072509765625,1386.6836651496167,1427.072509765625,1600,0.0,0.0
2006-10-17 00:00:00+09:00,1422.5848967922723,1422.5848967922723,1409.1219482421875,1409.1219482421875,400,0.0,0.0
2006-10-18 00:00:00+09:00,1400.1465709058546,1418.09716796875,1400.1465709058546,1418.09716796875,1200,0.0,0.0
2006-10-19 00:00:00+09:00,1409.1218694373022,1418.09716796875,1409.1218694373022,1418.09716796875,800,0.0,0.0
2006-10-20 00:00:00+09:00,1431.5602495146961,1471.9490966796875,1427.072599829697,1471.9490966796875,2200,0.0,0.0
2006-10-23 00:00:00+09:00,1471.94895295776,1471.94895295776,1431.560109736358,1467.4613037109375,1200,0.0,0.0
2006-10-24 00:00:00+09:00,1467.4613037109375,1467.4613037109375,1467.4613037109375,1467.4613037109375,1200,0.0,0.0
2006-10-25 00:00:00+09:00,1427.072599829697,1471.9490966796875,1413.6096507747,1471.9490966796875,4800,0.0,0.0
2006-10-26 00:00:00+09:00,1471.9490966796875,1471.9490966796875,1471.9490966796875,1471.9490966796875,4800,0.0,0.0
2006-10-27 00:00:00+09:00,1418.097107303504,1480.9241943359375,1418.097107303504,1480.9241943359375,4600,0.0,0.0
2006-10-30 00:00:00+09:00,1413.6095827873971,1436.0478301332287,1395.6589849107318,1431.5601806640625,4200,0.0,0.0
2006-10-31 00:00:00+09:00,1400.146613354953,1427.072509765625,1400.146613354953,1427.072509765625,800,0.0,0.0
2006-11-01 00:00:00+09:00,1422.5848817257297,1431.5601806640625,1422.5848817257297,1431.5601806640625,800,0.0,0.0
2006-11-02 00:00:00+09:00,1409.1219333182307,1431.5601806640625,1409.1219333182307,1431.5601806640625,400,0.0,0.0
2006-11-03 00:00:00+09:00,1431.5601806640625,1431.5601806640625,1431.5601806640625,1431.5601806640625,0,0.0,0.0
2006-11-06 00:00:00+09:00,1431.5602653196352,1449.5108642578125,1431.5602653196352,1449.5108642578125,400,0.0,0.0
2006-11-07 00:00:00+09:00,1449.5108642578125,1449.5108642578125,1449.5108642578125,1449.5108642578125,400,0.0,0.0
2006-11-08 00:00:00+09:00,1409.1219333182307,1431.5601806640625,1409.1219333182307,1431.5601806640625,800,0.0,0.0
2006-11-09 00:00:00+09:00,1436.0477294921875,1436.0477294921875,1436.0477294921875,1436.0477294921875,2200,0.0,0.0
2006-11-10 00:00:00+09:00,1413.6095262610393,1445.0230712890625,1386.683630522734,1445.0230712890625,2200,0.0,0.0
2006-11-13 00:00:00+09:00,1400.1466760367991,1440.5355224609375,1400.1466760367991,1440.5355224609375,400,0.0,0.0
2006-11-14 00:00:00+09:00,1400.146634379898,1436.0478301332287,1400.146634379898,1431.5601806640625,800,0.0,0.0
2006-11-15 00:00:00+09:00,1431.5601806640625,1431.5601806640625,1431.5601806640625,1431.5601806640625,800,0.0,0.0
2006-11-16 00:00:00+09:00,1431.5601806640625,1431.5601806640625,1431.5601806640625,1431.5601806640625,800,0.0,0.0
2006-11-17 00:00:00+09:00,1427.072509765625,1427.072509765625,1427.072509765625,1427.072509765625,800,0.0,0.0
2006-11-20 00:00:00+09:00,1413.6094970703125,1413.6094970703125,1413.6094970703125,1413.6094970703125,800,0.0,0.0
2006-11-21 00:00:00+09:00,1409.1219482421875,1409.1219482421875,1409.1219482421875,1409.1219482421875,200,0.0,0.0
2006-11-22 00:00:00+09:00,1373.2207521086286,1409.1219482421875,1373.2207521086286,1409.1219482421875,1400,0.0,0.0
2006-11-23 00:00:00+09:00,1409.1219482421875,1409.1219482421875,1409.1219482421875,1409.1219482421875,0,0.0,0.0
2006-11-24 00:00:00+09:00,1409.1219482421875,1409.1219482421875,1409.1219482421875,1409.1219482421875,1400,0.0,0.0
2006-11-27 00:00:00+09:00,1400.146649208798,1409.1219482421875,1400.146649208798,1409.1219482421875,400,0.0,0.0
2006-11-28 00:00:00+09:00,1391.1713289986023,1404.63427734375,1391.1713289986023,1404.63427734375,1400,0.0,0.0
2006-11-29 00:00:00+09:00,1382.1959228515625,1382.1959228515625,1382.1959228515625,1382.1959228515625,1600,0.0,0.0
2006-11-30 00:00:00+09:00,1418.09716796875,1418.09716796875,1418.09716796875,1418.09716796875,800,0.0,0.0
2006-12-01 00:00:00+09:00,1418.09716796875,1418.09716796875,1418.09716796875,1418.09716796875,800,0.0,0.0
2006-12-04 00:00:00+09:00,1422.5848603638462,1427.072509765625,1422.5848603638462,1427.072509765625,600,0.0,0.0
2006-12-05 00:00:00+09:00,1427.072509765625,1427.072509765625,1427.072509765625,1427.072509765625,600,0.0,0.0
2006-12-06 00:00:00+09:00,1400.1465494791667,1413.6094970703125,1400.1465494791667,1413.6094970703125,800,0.0,0.0
2006-12-07 00:00:00+09:00,1436.0477430555554,1436.0477430555554,1409.121847873264,1413.6094970703125,3600,0.0,0.0
2006-12-08 00:00:00+09:00,1409.1219267921326,1409.1219267921326,1404.63427734375,1404.63427734375,600,0.0,0.0
2006-12-11 00:00:00+09:00,1404.6342987254927,1409.1219482421875,1404.6342987254927,1409.1219482421875,400,0.0,0.0
2006-12-12 00:00:00+09:00,1395.6589138892389,1409.1218616116432,1373.2206676852318,1391.1712646484375,3200,0.0,0.0
2006-12-13 00:00:00+09:00,1386.6837957425691,1386.6837957425691,1364.2455466205213,1377.70849609375,2200,0.0,0.0
2006-12-14 00:00:00+09:00,1373.2208880081919,1386.683837890625,1373.2208880081919,1386.683837890625,800,0.0,0.0
2006-12-15 00:00:00+09:00,1413.6095108524446,1413.6095108524446,1391.1712646484375,1391.1712646484375,3200,0.0,0.0
2006-12-18 00:00:00+09:00,1391.1712786565063,1391.1712786565063,1346.294785796619,1368.7330322265625,4200,0.0,0.0
2006-12-19 00:00:00+09:00,1337.3195371885558,1350.7824855495144,1301.4183415593327,1328.34423828125,5400,0.0,0.0
2006-12-20 00:00:00+09:00,1305.906069385762,1328.3443180006377,1301.418419662787,1319.3690185546875,3000,0.0,0.0
2006-12-21 00:00:00+09:00,1310.393703294837,1341.8072509765625,1305.906053626019,1341.8072509765625,4200,0.0,0.0
2006-12-22 00:00:00+09:00,1341.8071649066474,1341.8071649066474,1319.368918001854,1323.8565673828125,600,0.0,0.0
2006-12-25 00:00:00+09:00,1301.418419662787,1332.831967723613,1292.4431202168369,1319.3690185546875,3600,0.0,0.0
2006-12-26 00:00:00+09:00,1332.831924647501,1332.831924647501,1287.9554288681238,1310.3936767578125,2000,0.0,0.0
2006-12-27 00:00:00+09:00,1301.41845703125,1301.41845703125,1301.41845703125,1301.41845703125,600,0.0,0.0
2006-12-28 00:00:00+09:00,1283.4677903024774,1364.2454833984375,1283.4677903024774,1364.2454833984375,4400,0.0,0.0
2006-12-29 00:00:00+09:00,1364.245369203629,1391.1712646484375,1364.245369203629,1391.1712646484375,2000,0.0,0.0
2007-01-04 00:00:00+09:00,1395.658935546875,1395.658935546875,1391.171286236435,1395.658935546875,1000,0.0,0.0
2007-01-05 00:00:00+09:00,1400.1466064453125,1400.1466064453125,1400.1466064453125,1400.1466064453125,600,0.0,0.0
2007-01-09 00:00:00+09:00,1400.1466064453125,1400.1466064453125,1400.1466064453125,1400.1466064453125,600,0.0,0.0
2007-01-10 00:00:00+09:00,1368.7330184444304,1391.1712646484375,1346.2947722404233,1391.1712646484375,800,0.0,0.0
2007-01-11 00:00:00+09:00,1391.1712786565063,1391.1712786565063,1346.294785796619,1368.7330322265625,1200,0.0,0.0
2007-01-12 00:00:00+09:00,1346.294785796619,1368.7330322265625,1323.8565393666752,1368.7330322265625,2000,0.0,0.0
2007-01-15 00:00:00+09:00,1359.757762430482,1359.757762430482,1301.418320478019,1323.8565673828125,4800,0.0,0.0
2007-01-16 00:00:00+09:00,1319.3690185546875,1319.3690185546875,1292.4431202168369,1319.3690185546875,7000,0.0,0.0
2007-01-17 00:00:00+09:00,1319.3690185546875,1319.3690185546875,1319.3690185546875,1319.3690185546875,400,0.0,0.0
2007-01-18 00:00:00+09:00,1305.9061695919102,1314.8814697265625,1301.418519524584,1314.8814697265625,4200,0.0,0.0
2007-01-19 00:00:00+09:00,1319.3691197938888,1319.3691197938888,1314.8814697265625,1314.8814697265625,1600,0.0,0.0
2007-01-22 00:00:00+09:00,1314.8813110762574,1346.2948577572602,1305.9060120245424,1332.8319091796875,3400,0.0,0.0
2007-01-23 00:00:00+09:00,1314.8812614889707,1319.3689108455883,1296.9306640625,1296.9306640625,6600,0.0,0.0
2007-01-24 00:00:00+09:00,1314.8812175046276,1314.8812175046276,1287.955322265625,1287.955322265625,6800,0.0,0.0
2007-01-25 00:00:00+09:00,1296.9307280239993,1310.3936767578125,1287.9554288681238,1310.3936767578125,2000,0.0,0.0
2007-01-26 00:00:00+09:00,1310.3936767578125,1310.3936767578125,1310.3936767578125,1310.3936767578125,200,0.0,0.0
2007-01-29 00:00:00+09:00,1292.4430147058824,1310.393612132353,1287.9553653492649,1296.9306640625,4200,0.0,0.0
2007-01-30 00:00:00+09:00,1296.9306640625,1301.4183134191178,1296.9306640625,1296.9306640625,1600,0.0,0.0
2007-01-31 00:00:00+09:00,1296.9307280239993,1310.3936767578125,1287.9554288681238,1310.3936767578125,2600,0.0,0.0
2007-02-01 00:00:00+09:00,1292.4432373046875,1310.3938378228083,1292.4432373046875,1292.4432373046875,1000,0.0,0.0
2007-02-02 00:00:00+09:00,1301.4182347038768,1305.9058837890625,1292.4429365335052,1305.9058837890625,2800,0.0,0.0
2007-02-05 00:00:00+09:00,1305.9061695919102,1314.8814697265625,1301.418519524584,1314.8814697265625,3000,0.0,0.0
2007-02-06 00:00:00+09:00,1305.9061695919102,1314.8814697265625,1305.9061695919102,1314.8814697265625,1000,0.0,0.0
2007-02-07 00:00:00+09:00,1305.9061695919102,1314.8814697265625,1301.418519524584,1314.8814697265625,3200,0.0,0.0
2007-02-08 00:00:00+09:00,1314.8811819594341,1314.8811819594341,1305.9058837890625,1305.9058837890625,3000,0.0,0.0
2007-02-09 00:00:00+09:00,1305.9061068830817,1305.9061068830817,1301.41845703125,1301.41845703125,1800,0.0,0.0
2007-02-13 00:00:00+09:00,1301.4182347038768,1310.3935328742484,1283.4676383631336,1305.9058837890625,3800,0.0,0.0
2007-02-14 00:00:00+09:00,1305.9059698589779,1328.344216763771,1305.9059698589779,1323.8565673828125,4600,0.0,0.0
2007-02-15 00:00:00+09:00,1323.856588827597,1328.34423828125,1323.856588827597,1328.34423828125,1400,0.0,0.0
2007-02-16 00:00:00+09:00,1323.856631285392,1337.319580078125,1323.856631285392,1337.319580078125,1800,0.0,0.0
2007-02-19 00:00:00+09:00,1350.782392143023,1359.7576904296875,1350.782392143023,1359.7576904296875,1600,0.0,0.0
2007-02-20 00:00:00+09:00,1355.2701416015625,1355.2701416015625,1350.7824921260606,1355.2701416015625,1600,0.0,0.0
2007-02-21 00:00:00+09:00,1355.270041286355,1359.7576904296875,1355.270041286355,1359.7576904296875,1000,0.0,0.0
2007-02-22 00:00:00+09:00,1359.757755055147,1373.220703125,1359.757755055147,1373.220703125,2000,0.0,0.0
2007-02-23 00:00:00+09:00,1346.2949006453803,1346.2949006453803,1323.8566523012908,1341.8072509765625,2000,0.0,0.0
2007-02-26 00:00:00+09:00,1337.3195371885558,1337.3195371885558,1328.34423828125,1328.34423828125,800,0.0,0.0
2007-02-27 00:00:00+09:00,1328.34423828125,1341.8071866422085,1328.34423828125,1328.34423828125,1600,0.0,0.0
2007-02-28 00:00:00+09:00,1171.2765074033996,1328.34423828125,1171.2765074033996,1328.34423828125,5000,0.0,0.0
2007-03-01 00:00:00+09:00,1305.906021224869,1305.906021224869,1283.4677734375,1283.4677734375,1200,0.0,0.0
2007-03-02 00:00:00+09:00,1287.9553948952732,1287.9553948952732,1238.5912508400538,1252.05419921875,3600,0.0,0.0
2007-03-05 00:00:00+09:00,1247.566650390625,1247.566650390625,1247.566650390625,1247.566650390625,200,0.0,0.0
2007-03-06 00:00:00+09:00,1252.0541846046983,1274.492431640625,1252.0541846046983,1274.492431640625,1000,0.0,0.0
2007-03-07 00:00:00+09:00,1278.9800810478102,1278.9800810478102,1274.492431640625,1274.492431640625,400,0.0,0.0
2007-03-08 00:00:00+09:00,1252.0542265351835,1283.4677734375,1252.0542265351835,1283.4677734375,1400,0.0,0.0
2007-03-09 00:00:00+09:00,1283.4676730591245,1287.955322265625,1265.5170762331227,1287.955322265625,800,0.0,0.0
2007-03-12 00:00:00+09:00,1287.9554015042488,1287.9554015042488,1278.9801025390625,1278.9801025390625,400,0.0,0.0
2007-03-13 00:00:00+09:00,1278.9801025390625,1278.9801025390625,1278.9801025390625,1278.9801025390625,800,0.0,0.0
2007-03-14 00:00:00+09:00,1274.492439689217,1287.9553879957932,1211.6653475918613,1225.1282958984375,3800,0.0,0.0
2007-03-15 00:00:00+09:00,1247.56655616091,1278.9801025390625,1247.56655616091,1278.9801025390625,400,0.0,0.0
2007-03-16 00:00:00+09:00,1270.0048035738762,1278.9801025390625,1265.517154091283,1278.9801025390625,1400,0.0,0.0
2007-03-19 00:00:00+09:00,1278.980023852624,1287.955322265625,1278.980023852624,1287.955322265625,1800,0.0,0.0
2007-03-20 00:00:00+09:00,1296.9306640625,1296.9306640625,1296.9306640625,1296.9306640625,400,0.0,0.0
2007-03-22 00:00:00+09:00,1310.3938196592364,1314.8814697265625,1310.3938196592364,1314.8814697265625,800,0.0,0.0
2007-03-23 00:00:00+09:00,1310.3936707823427,1314.8813203398165,1283.4677734375,1283.4677734375,3000,0.0,0.0
2007-03-26 00:00:00+09:00,1319.3690081657248,1319.3690081657248,1225.1283647253158,1265.5172119140625,5400,0.0,0.0
2007-03-27 00:00:00+09:00,1247.5666079313858,1252.0542576002038,1238.59130859375,1238.59130859375,2200,0.0,0.0
2007-03-28 00:00:00+09:00,1193.7147562443995,1252.05419921875,1193.7147562443995,1252.05419921875,9200,0.0,0.0
2007-03-29 00:00:00+09:00,1234.103515625,1234.103515625,1234.103515625,1234.103515625,200,0.0,0.0
2007-03-30 00:00:00+09:00,1243.078921508789,1256.5418701171875,1243.078921508789,1256.5418701171875,1000,0.0,0.0
2007-04-02 00:00:00+09:00,1256.5418701171875,1256.5418701171875,1256.5418701171875,1256.5418701171875,1000,0.0,0.0
2007-04-03 00:00:00+09:00,1256.5418701171875,1256.5418701171875,1256.5418701171875,1256.5418701171875,1000,0.0,0.0
2007-04-04 00:00:00+09:00,1234.103515625,1234.103515625,1234.103515625,1234.103515625,200,0.0,0.0
2007-04-05 00:00:00+09:00,1238.5911647727273,1238.5911647727273,1234.103515625,1234.103515625,1000,0.0,0.0
2007-04-06 00:00:00+09:00,1234.1036013804883,1252.05419921875,1234.1036013804883,1252.05419921875,1600,0.0,0.0
2007-04-09 00:00:00+09:00,1261.0295196533202,1274.4924682617186,1256.5418701171875,1256.5418701171875,1200,0.0,0.0
2007-04-10 00:00:00+09:00,1252.0542789831059,1252.0542789831059,1243.0789794921875,1243.0789794921875,800,0.0,0.0
2007-04-11 00:00:00+09:00,1243.0789794921875,1243.0789794921875,1243.0789794921875,1243.0789794921875,800,0.0,0.0
2007-04-12 00:00:00+09:00,1247.5665710449218,1256.5418701171875,1243.078921508789,1256.5418701171875,600,0.0,0.0
2007-04-13 00:00:00+09:00,1256.5418701171875,1256.5418701171875,1256.5418701171875,1256.5418701171875,600,0.0,0.0
2007-04-16 00:00:00+09:00,1265.5172119140625,1265.5172119140625,1265.5172119140625,1265.5172119140625,200,0.0,0.0
2007-04-17 00:00:00+09:00,1256.5418914034697,1261.029541015625,1256.5418914034697,1261.029541015625,1000,0.0,0.0
2007-04-18 00:00:00+09:00,1252.05419921875,1252.05419921875,1252.05419921875,1252.05419921875,400,0.0,0.0
2007-04-19 00:00:00+09:00,1229.6158664772727,1234.103515625,1229.6158664772727,1234.103515625,600,0.0,0.0
2007-04-20 00:00:00+09:00,1247.5664630681817,1247.5664630681817,1234.103515625,1234.103515625,400,0.0,0.0
2007-04-23 00:00:00+09:00,1229.6160888671875,1229.6160888671875,1229.6160888671875,1229.6160888671875,200,0.0,0.0
2007-04-24 00:00:00+09:00,1252.05419921875,1252.05419921875,1252.05419921875,1252.05419921875,200,0.0,0.0
2007-04-25 00:00:00+09:00,1234.103515625,1234.103515625,1234.103515625,1234.103515625,200,0.0,0.0
2007-04-26 00:00:00+09:00,1216.1530602496603,1238.59130859375,1216.1530602496603,1238.59130859375,600,0.0,0.0
2007-04-27 00:00:00+09:00,1252.05419921875,1252.05419921875,1252.05419921875,1252.05419921875,200,0.0,0.0
2007-05-01 00:00:00+09:00,1216.1530035422268,1252.05419921875,1216.1530035422268,1252.05419921875,1200,0.0,0.0
2007-05-02 00:00:00+09:00,1252.05419921875,1252.05419921875,1252.05419921875,1252.05419921875,1200,0.0,0.0
2007-05-07 00:00:00+09:00,1220.6407307648917,1243.0789794921875,1220.6407307648917,1243.0789794921875,600,0.0,0.0
2007-05-08 00:00:00+09:00,1229.6159453339628,1247.5665430760646,1225.1282958984375,1225.1282958984375,800,0.0,0.0
2007-05-09 00:00:00+09:00,1225.1283595872962,1238.59130859375,1225.1283595872962,1238.59130859375,600,0.0,0.0
2007-05-10 00:00:00+09:00,1238.59130859375,1238.59130859375,1238.59130859375,1238.59130859375,200,0.0,0.0
2007-05-11 00:00:00+09:00,1247.566650390625,1247.566650390625,1247.566650390625,1247.566650390625,400,0.0,0.0
2007-05-14 00:00:00+09:00,1225.1284389078182,1229.6160888671875,1220.640788948449,1229.6160888671875,1600,0.0,0.0
2007-05-15 00:00:00+09:00,1234.103515625,1234.103515625,1234.103515625,1234.103515625,400,0.0,0.0
2007-05-16 00:00:00+09:00,1225.1282958984375,1225.1282958984375,1225.1282958984375,1225.1282958984375,800,0.0,0.0
2007-05-17 00:00:00+09:00,1225.1284389078182,1229.6160888671875,1225.1284389078182,1229.6160888671875,1200,0.0,0.0
2007-05-18 00:00:00+09:00,1225.1285193948186,1234.1038199032055,1220.640869140625,1220.640869140625,1200,0.0,0.0
2007-05-21 00:00:00+09:00,1229.6158664772727,1238.5911647727273,1229.6158664772727,1234.103515625,1600,0.0,0.0
2007-05-22 00:00:00+09:00,1234.1037388265568,1234.1037388265568,1211.6654890297104,1229.6160888671875,4000,0.0,0.0
2007-05-23 00:00:00+09:00,1220.6406464629122,1225.1282958984375,1211.6653475918613,1225.1282958984375,1600,0.0,0.0
2007-05-24 00:00:00+09:00,1234.103515625,1234.103515625,1225.1282173295456,1234.103515625,1200,0.0,0.0
2007-05-25 00:00:00+09:00,1225.1282173295456,1234.103515625,1225.1282173295456,1234.103515625,600,0.0,0.0
2007-05-28 00:00:00+09:00,1243.079000569076,1247.566650390625,1243.079000569076,1247.566650390625,1600,0.0,0.0
2007-05-29 00:00:00+09:00,1243.0789425670039,1261.029541015625,1234.1036433426934,1261.029541015625,5000,0.0,0.0
2007-05-30 00:00:00+09:00,1274.4925493199191,1278.9801991414681,1234.103700925978,1247.566650390625,2200,0.0,0.0
2007-05-31 00:00:00+09:00,1243.0789002996191,1252.05419921875,1243.0789002996191,1252.05419921875,400,0.0,0.0
2007-06-01 00:00:00+09:00,1252.05419921875,1252.05419921875,1252.05419921875,1252.05419921875,400,0.0,0.0
2007-06-04 00:00:00+09:00,1252.05419921875,1252.05419921875,1252.05419921875,1252.05419921875,400,0.0,0.0
2007-06-05 00:00:00+09:00,1252.05419921875,1252.05419921875,1252.05419921875,1252.05419921875,400,0.0,0.0
2007-06-06 00:00:00+09:00,1238.59130859375,1238.59130859375,1238.59130859375,1238.59130859375,200,0.0,0.0
2007-06-07 00:00:00+09:00,1238.59130859375,1238.59130859375,1238.59130859375,1238.59130859375,200,0.0,0.0
2007-06-08 00:00:00+09:00,1256.5419125387855,1265.5172119140625,1256.5419125387855,1265.5172119140625,1600,0.0,0.0
2007-06-11 00:00:00+09:00,1274.4925325750885,1274.4925325750885,1252.0542837621467,1270.0048828125,1200,0.0,0.0
2007-06-12 00:00:00+09:00,1274.492431640625,1278.9800810478102,1270.0047822334395,1274.492431640625,800,0.0,0.0
2007-06-13 00:00:00+09:00,1292.4432373046875,1292.4432373046875,1292.4432373046875,1292.4432373046875,2400,0.0,0.0
2007-06-14 00:00:00+09:00,1292.4432373046875,1292.4432373046875,1292.4432373046875,1292.4432373046875,0,0.0,0.0
2007-06-15 00:00:00+09:00,1292.4432373046875,1292.4432373046875,1292.4432373046875,1292.4432373046875,2400,0.0,0.0
2007-06-18 00:00:00+09:00,1296.9307699398119,1319.3690185546875,1296.9307699398119,1319.3690185546875,1000,0.0,0.0
2007-06-19 00:00:00+09:00,1319.3690185546875,1319.3690185546875,1319.3690185546875,1319.3690185546875,1000,0.0,0.0
2007-06-20 00:00:00+09:00,1314.8814697265625,1314.8814697265625,1314.8814697265625,1314.8814697265625,1000,0.0,0.0
2007-06-21 00:00:00+09:00,1301.418519524584,1314.8814697265625,1283.4679192552794,1314.8814697265625,1400,0.0,0.0
2007-06-22 00:00:00+09:00,1310.3937191087373,1319.3690185546875,1310.3937191087373,1319.3690185546875,1200,0.0,0.0
2007-06-25 00:00:00+09:00,1319.3691197938888,1319.3691197938888,1314.8814697265625,1314.8814697265625,600,0.0,0.0
2007-06-26 00:00:00+09:00,1314.8814697265625,1314.8814697265625,1314.8814697265625,1314.8814697265625,600,0.0,0.0
2007-06-27 00:00:00+09:00,1292.4432373046875,1292.4432373046875,1292.4432373046875,1292.4432373046875,200,0.0,0.0
2007-06-28 00:00:00+09:00,1332.8320699958672,1332.8320699958672,1278.9802691879534,1314.8814697265625,3200,0.0,0.0
2007-06-29 00:00:00+09:00,1314.8814697265625,1314.8814697265625,1314.8814697265625,1314.8814697265625,3200,0.0,0.0
2007-07-02 00:00:00+09:00,1292.4430217161016,1323.8565673828125,1292.4430217161016,1323.8565673828125,400,0.0,0.0
2007-07-03 00:00:00+09:00,1278.9802691879534,1314.8814697265625,1278.9802691879534,1314.8814697265625,600,0.0,0.0
2007-07-04 00:00:00+09:00,1319.3688310446198,1319.3688310446198,1305.9058837890625,1305.9058837890625,400,0.0,0.0
2007-07-05 00:00:00+09:00,1337.319580078125,1337.319580078125,1337.319580078125,1337.319580078125,2400,0.0,0.0
2007-07-06 00:00:00+09:00,1332.8319091796875,1332.8319091796875,1332.8319091796875,1332.8319091796875,200,0.0,0.0
2007-07-09 00:00:00+09:00,1332.83186614473,1332.83186614473,1323.8565673828125,1323.8565673828125,400,0.0,0.0
2007-07-10 00:00:00+09:00,1301.4183134191178,1301.4183134191178,1283.467715992647,1296.9306640625,1600,0.0,0.0
2007-07-11 00:00:00+09:00,1278.980023852624,1287.955322265625,1261.0294270266222,1287.955322265625,3200,0.0,0.0
2007-07-12 00:00:00+09:00,1256.541933524735,1270.0048828125,1256.541933524735,1270.0048828125,1600,0.0,0.0
2007-07-13 00:00:00+09:00,1256.5418760926573,1283.4677734375,1256.5418760926573,1283.4677734375,1000,0.0,0.0
2007-07-17 00:00:00+09:00,1256.541777820122,1287.955322265625,1256.541777820122,1287.955322265625,2600,0.0,0.0
2007-07-18 00:00:00+09:00,1270.004818725586,1270.004818725586,1256.5418701171875,1256.5418701171875,2200,0.0,0.0
2007-07-19 00:00:00+09:00,1256.5419125387855,1265.5172119140625,1256.5419125387855,1265.5172119140625,400,0.0,0.0
2007-07-20 00:00:00+09:00,1234.103515625,1252.054112215909,1229.6158664772727,1234.103515625,4000,0.0,0.0
2007-07-23 00:00:00+09:00,1247.5664630681817,1247.5664630681817,1234.103515625,1234.103515625,1400,0.0,0.0
2007-07-24 00:00:00+09:00,1234.103515625,1234.103515625,1234.103515625,1234.103515625,1400,0.0,0.0
2007-07-25 00:00:00+09:00,1243.079000569076,1247.566650390625,1243.079000569076,1247.566650390625,800,0.0,0.0
2007-07-26 00:00:00+09:00,1252.05419921875,1252.05419921875,1252.05419921875,1252.05419921875,400,0.0,0.0
2007-07-27 00:00:00+09:00,1234.1036800012691,1243.0789794921875,1220.6407307648917,1243.0789794921875,2800,0.0,0.0
2007-07-30 00:00:00+09:00,1243.0789794921875,1243.0789794921875,1243.0789794921875,1243.0789794921875,1000,0.0,0.0
2007-07-31 00:00:00+09:00,1252.054338664034,1252.054338664034,1229.6160888671875,1229.6160888671875,400,0.0,0.0
2007-08-01 00:00:00+09:00,1220.6407099184783,1238.59130859375,1211.6654105808423,1238.59130859375,2400,0.0,0.0
2007-08-02 00:00:00+09:00,1220.6407099184783,1238.59130859375,1207.1777609120245,1238.59130859375,2200,0.0,0.0
2007-08-03 00:00:00+09:00,1211.6652698863636,1234.103515625,1202.6899715909092,1234.103515625,1600,0.0,0.0
2007-08-06 00:00:00+09:00,1198.2023356119792,1216.1529324001735,1193.7146864149306,1211.665283203125,1600,0.0,0.0
2007-08-07 00:00:00+09:00,1211.665283203125,1211.665283203125,1211.665283203125,1211.665283203125,400,0.0,0.0
2007-08-08 00:00:00+09:00,1211.665464251229,1211.665464251229,1198.2025146484375,1198.2025146484375,1400,0.0,0.0
2007-08-09 00:00:00+09:00,1198.202399285285,1225.1282958984375,1198.202399285285,1225.1282958984375,2000,0.0,0.0
2007-08-10 00:00:00+09:00,1220.640581597222,1220.640581597222,1202.6899848090277,1211.665283203125,1200,0.0,0.0
2007-08-13 00:00:00+09:00,1189.22711500481,1207.1777129671468,1189.22711500481,1202.6900634765625,3000,0.0,0.0
2007-08-14 00:00:00+09:00,1202.6900634765625,1202.6900634765625,1202.6900634765625,1202.6900634765625,400,0.0,0.0
2007-08-15 00:00:00+09:00,1193.7146864149306,1211.665283203125,1193.7146864149306,1211.665283203125,1000,0.0,0.0
2007-08-16 00:00:00+09:00,1193.7148647808403,1198.2025146484375,1171.2766154428546,1198.2025146484375,5600,0.0,0.0
2007-08-17 00:00:00+09:00,1184.739565045646,1198.2025146484375,1175.7642653104517,1198.2025146484375,1000,0.0,0.0
2007-08-20 00:00:00+09:00,1193.71484375,1193.71484375,1193.71484375,1193.71484375,0,0.0,0.0
2007-08-21 00:00:00+09:00,1198.2024935385339,1202.6901433270677,1193.71484375,1193.71484375,1800,0.0,0.0
2007-08-22 00:00:00+09:00,1207.177734375,1207.177734375,1184.7394865241636,1207.177734375,600,0.0,0.0
2007-08-23 00:00:00+09:00,1207.177734375,1207.177734375,1207.177734375,1207.177734375,200,0.0,0.0
2007-08-24 00:00:00+09:00,1207.177734375,1207.177734375,1207.177734375,1207.177734375,400,0.0,0.0
2007-08-27 00:00:00+09:00,1207.1778143836318,1207.1778143836318,1189.2272149132432,1198.2025146484375,1800,0.0,0.0
2007-08-28 00:00:00+09:00,1216.35693359375,1216.35693359375,1216.35693359375,1216.35693359375,800,15.0,0.0
2007-08-29 00:00:00+09:00,1202.741139347392,1207.27978515625,1202.741139347392,1207.27978515625,1000,0.0,0.0
2007-08-30 00:00:00+09:00,1198.20236170977,1198.20236170977,1184.58642578125,1184.58642578125,1200,0.0,0.0
2007-08-31 00:00:00+09:00,1170.9704898527298,1184.58642578125,1170.9704898527298,1184.58642578125,1600,0.0,0.0
2007-09-03 00:00:00+09:00,1184.58642578125,1184.58642578125,1184.58642578125,1184.58642578125,1600,0.0,0.0
2007-09-04 00:00:00+09:00,1180.04792320222,1180.04792320222,1175.50927734375,1175.50927734375,600,0.0,0.0
2007-09-05 00:00:00+09:00,1161.8933397683397,1175.50927734375,1161.8933397683397,1175.50927734375,400,0.0,0.0
2007-09-06 00:00:00+09:00,1170.97063148528,1175.50927734375,1170.97063148528,1175.50927734375,1400,0.0,0.0
2007-09-07 00:00:00+09:00,1175.509084378756,1180.0477294921875,1166.431794151893,1180.0477294921875,1000,0.0,0.0
2007-09-10 00:00:00+09:00,1180.0477294921875,1180.0477294921875,1180.0477294921875,1180.0477294921875,200,0.0,0.0
2007-09-11 00:00:00+09:00,1180.0477294921875,1180.0477294921875,1166.431794151893,1180.0477294921875,600,0.0,0.0
2007-09-12 00:00:00+09:00,1180.0477804717432,1184.58642578125,1161.8931992337164,1184.58642578125,2400,0.0,0.0
2007-09-13 00:00:00+09:00,1175.50927734375,1175.50927734375,1175.50927734375,1175.50927734375,400,0.0,0.0
2007-09-14 00:00:00+09:00,1161.8932291666667,1161.8932291666667,1143.7386474609375,1143.7386474609375,1000,0.0,0.0
2007-09-18 00:00:00+09:00,1143.7386474609375,1143.7386474609375,1143.7386474609375,1143.7386474609375,1000,0.0,0.0
2007-09-19 00:00:00+09:00,1139.2000732421875,1139.2000732421875,1139.2000732421875,1139.2000732421875,200,0.0,0.0
2007-09-20 00:00:00+09:00,1121.0453900563189,1130.1226806640625,1107.4294541447039,1130.1226806640625,2800,0.0,0.0
2007-09-21 00:00:00+09:00,1130.1227818219309,1139.2000732421875,1130.1227818219309,1139.2000732421875,600,0.0,0.0
2007-09-25 00:00:00+09:00,1134.661376953125,1134.661376953125,1134.661376953125,1134.661376953125,800,0.0,0.0
2007-09-26 00:00:00+09:00,1111.9680570863588,1111.9680570863588,1093.8134765625,1093.8134765625,400,0.0,0.0
2007-09-27 00:00:00+09:00,1102.8910194955222,1143.7388350323934,1093.8137271539952,1116.5069580078125,1200,0.0,0.0
2007-09-28 00:00:00+09:00,1116.5067949218749,1134.661376953125,1057.5044033203126,1134.661376953125,4000,0.0,0.0
2007-10-01 00:00:00+09:00,1134.6615426908663,1134.6615426908663,1093.8137271539952,1116.5069580078125,4600,0.0,0.0
2007-10-02 00:00:00+09:00,1093.813578036587,1102.890869140625,1080.1976413805298,1102.890869140625,1000,0.0,0.0
2007-10-03 00:00:00+09:00,1102.890869140625,1102.890869140625,1102.890869140625,1102.890869140625,1000,0.0,0.0
2007-10-04 00:00:00+09:00,1093.8134765625,1093.8134765625,1093.8134765625,1093.8134765625,200,0.0,0.0
2007-10-05 00:00:00+09:00,1093.8134765625,1093.8134765625,1093.8134765625,1093.8134765625,400,0.0,0.0
2007-10-09 00:00:00+09:00,1093.8134765625,1093.8134765625,1093.8134765625,1093.8134765625,200,0.0,0.0
2007-10-10 00:00:00+09:00,1089.2747802734375,1089.2747802734375,1089.2747802734375,1089.2747802734375,600,0.0,0.0
2007-10-11 00:00:00+09:00,1089.274932484568,1102.890869140625,1084.7362869325489,1102.890869140625,1200,0.0,0.0
2007-10-12 00:00:00+09:00,1102.890869140625,1102.890869140625,1102.890869140625,1102.890869140625,1200,0.0,0.0
2007-10-15 00:00:00+09:00,1089.2749228597688,1089.2749228597688,1080.1976318359375,1080.1976318359375,800,0.0,0.0
2007-10-16 00:00:00+09:00,1080.1976318359375,1080.1976318359375,1080.1976318359375,1080.1976318359375,200,0.0,0.0
2007-10-17 00:00:00+09:00,1080.1976318359375,1080.1976318359375,1080.1976318359375,1080.1976318359375,200,0.0,0.0
2007-10-18 00:00:00+09:00,1080.1976735693777,1080.1976735693777,1062.0430908203125,1062.0430908203125,400,0.0,0.0
2007-10-19 00:00:00+09:00,1075.6588522456746,1075.6588522456746,1057.5042724609375,1057.5042724609375,0,0.0,0.0
2007-10-22 00:00:00+09:00,1057.5042724609375,1057.5042724609375,1057.5042724609375,1057.5042724609375,400,0.0,0.0
2007-10-23 00:00:00+09:00,1057.504259611431,1057.504259611431,1025.7337453741777,1034.81103515625,2600,0.0,0.0
2007-10-24 00:00:00+09:00,1021.195344667177,1021.195344667177,1007.5794067382812,1007.5794067382812,2800,0.0,0.0
2007-10-25 00:00:00+09:00,998.501953125,998.501953125,998.501953125,998.501953125,600,0.0,0.0
2007-10-26 00:00:00+09:00,989.4247540592597,989.4247540592597,984.8861083984375,984.8861083984375,600,0.0,0.0
2007-10-29 00:00:00+09:00,1007.579336702549,1030.2725650066604,984.8861083984375,984.8861083984375,1400,0.0,0.0
2007-10-30 00:00:00+09:00,998.5020348785121,998.5020348785121,989.4247436523438,989.4247436523438,600,0.0,0.0
2007-10-31 00:00:00+09:00,998.501953125,998.501953125,998.501953125,998.501953125,200,0.0,0.0
2007-11-01 00:00:00+09:00,993.9633997200821,993.9633997200821,984.8861083984375,984.8861083984375,800,0.0,0.0
2007-11-02 00:00:00+09:00,975.8088274355288,980.3474731445312,975.8088274355288,980.3474731445312,600,0.0,0.0
2007-11-05 00:00:00+09:00,980.3474731445312,980.3474731445312,980.3474731445312,980.3474731445312,200,0.0,0.0
2007-11-06 00:00:00+09:00,998.501953125,998.501953125,998.501953125,998.501953125,400,0.0,0.0
2007-11-07 00:00:00+09:00,984.8861083984375,984.8861083984375,984.8861083984375,984.8861083984375,200,0.0,0.0
2007-11-08 00:00:00+09:00,989.4247645625362,989.4247645625362,980.3474731445312,980.3474731445312,1200,0.0,0.0
2007-11-09 00:00:00+09:00,975.8087158203125,975.8087158203125,975.8087158203125,975.8087158203125,2400,0.0,0.0
2007-11-12 00:00:00+09:00,957.6542160845033,957.6542160845033,939.4996337890625,939.4996337890625,800,0.0,0.0
2007-11-13 00:00:00+09:00,953.115478515625,966.731413922991,953.115478515625,953.115478515625,1200,0.0,0.0
2007-11-14 00:00:00+09:00,953.115478515625,953.115478515625,953.115478515625,953.115478515625,1200,0.0,0.0
2007-11-15 00:00:00+09:00,962.1927490234375,962.1927490234375,962.1927490234375,962.1927490234375,200,0.0,0.0
2007-11-16 00:00:00+09:00,966.731413922991,966.731413922991,953.115478515625,953.115478515625,0,0.0,0.0
2007-11-19 00:00:00+09:00,962.1927490234375,962.1927490234375,962.1927490234375,962.1927490234375,200,0.0,0.0
2007-11-20 00:00:00+09:00,957.6542358398438,957.6542358398438,957.6542358398438,957.6542358398438,0,0.0,0.0
2007-11-21 00:00:00+09:00,998.501953125,998.501953125,998.501953125,998.501953125,1000,0.0,0.0
2007-11-22 00:00:00+09:00,957.6541459517045,998.501953125,957.6541459517045,998.501953125,400,0.0,0.0
2007-11-26 00:00:00+09:00,975.8087258026978,975.8087258026978,971.2700805664062,971.2700805664062,1200,0.0,0.0
2007-11-27 00:00:00+09:00,971.2700805664062,971.2700805664062,971.2700805664062,971.2700805664062,400,0.0,0.0
2007-11-28 00:00:00+09:00,998.5020857858875,998.5020857858875,993.9634399414062,993.9634399414062,1200,0.0,0.0
2007-11-29 00:00:00+09:00,975.8088185097934,980.3474641772808,957.6542358398438,957.6542358398438,3400,0.0,0.0
2007-11-30 00:00:00+09:00,957.6542756702978,966.7315673828125,953.1156298140405,966.7315673828125,2200,0.0,0.0
2007-12-03 00:00:00+09:00,966.7315673828125,966.7315673828125,966.7315673828125,966.7315673828125,2200,0.0,0.0
2007-12-04 00:00:00+09:00,971.2700805664062,971.2700805664062,971.2700805664062,971.2700805664062,600,0.0,0.0
2007-12-05 00:00:00+09:00,957.6542358398438,957.6542358398438,957.6542358398438,957.6542358398438,1000,0.0,0.0
2007-12-06 00:00:00+09:00,1007.5794067382812,1012.1180527145798,1007.5794067382812,1007.5794067382812,3400,0.0,0.0
2007-12-07 00:00:00+09:00,1012.1178876930309,1012.1178876930309,971.2700805664062,971.2700805664062,1800,0.0,0.0
2007-12-10 00:00:00+09:00,993.9634425203565,993.9634425203565,953.1156298140405,966.7315673828125,2600,0.0,0.0
2007-12-11 00:00:00+09:00,975.8086841511276,975.8086841511276,962.1927490234375,962.1927490234375,400,0.0,0.0
2007-12-12 00:00:00+09:00,957.6542568663091,957.6542568663091,948.5769653320312,948.5769653320312,1800,0.0,0.0
2007-12-13 00:00:00+09:00,962.1927490234375,962.1927490234375,962.1927490234375,962.1927490234375,200,0.0,0.0
2007-12-14 00:00:00+09:00,962.1928815073311,962.1928815073311,934.9610075024067,957.6542358398438,5600,0.0,0.0
2007-12-17 00:00:00+09:00,1007.5791994490713,1007.5791994490713,953.1154589383108,962.1927490234375,4200,0.0,0.0
2007-12-18 00:00:00+09:00,953.115478515625,953.115478515625,953.115478515625,953.115478515625,600,0.0,0.0
2007-12-19 00:00:00+09:00,930.4223022460938,948.5768837533346,930.4223022460938,930.4223022460938,1200,0.0,0.0
2007-12-20 00:00:00+09:00,934.9609985351562,934.9609985351562,934.9609985351562,934.9609985351562,200,0.0,0.0
2007-12-21 00:00:00+09:00,934.9610075024067,957.6542358398438,916.806424832457,957.6542358398438,3000,0.0,0.0
2007-12-25 00:00:00+09:00,953.1156110991702,953.1156110991702,930.4223822634757,948.5769653320312,1200,0.0,0.0
2007-12-26 00:00:00+09:00,984.8861083984375,984.8861083984375,984.8861083984375,984.8861083984375,200,0.0,0.0
2007-12-27 00:00:00+09:00,984.8861083984375,984.8861083984375,984.8861083984375,984.8861083984375,200,0.0,0.0
2007-12-28 00:00:00+09:00,989.424794096925,993.9634399414062,989.424794096925,993.9634399414062,1200,0.0,0.0
2008-01-04 00:00:00+09:00,993.9634399414062,993.9634399414062,993.9634399414062,993.9634399414062,200,0.0,0.0
2008-01-07 00:00:00+09:00,953.115478515625,953.115478515625,953.115478515625,953.115478515625,200,0.0,0.0
2008-01-08 00:00:00+09:00,948.5769653320312,948.5769653320312,925.8837364963367,948.5769653320312,800,0.0,0.0
2008-01-09 00:00:00+09:00,934.9609985351562,934.9609985351562,934.9609985351562,934.9609985351562,1000,0.0,0.0
2008-01-10 00:00:00+09:00,934.9609985351562,934.9609985351562,934.9609985351562,934.9609985351562,2600,0.0,0.0
2008-01-11 00:00:00+09:00,907.7290649414062,907.7290649414062,903.1904196166993,907.7290649414062,1800,0.0,0.0
2008-01-15 00:00:00+09:00,894.1131798377404,894.1131798377404,885.035888671875,885.035888671875,1400,0.0,0.0
2008-01-16 00:00:00+09:00,794.2630324252816,812.4176160235737,780.6470947265625,780.6470947265625,5000,0.0,0.0
2008-01-17 00:00:00+09:00,794.262939453125,794.262939453125,794.262939453125,794.262939453125,1600,0.0,0.0
2008-01-18 00:00:00+09:00,794.262939453125,803.3402301897322,794.262939453125,794.262939453125,2000,0.0,0.0
2008-01-21 00:00:00+09:00,794.262939453125,794.262939453125,771.5697126116072,794.262939453125,2200,0.0,0.0
2008-01-22 00:00:00+09:00,771.5697126116072,794.262939453125,771.5697126116072,794.262939453125,2000,0.0,0.0
2008-01-23 00:00:00+09:00,812.4174485640092,812.4174485640092,780.646933815696,798.801513671875,1800,0.0,0.0
2008-01-24 00:00:00+09:00,789.7242237437855,798.801513671875,789.7242237437855,798.801513671875,600,0.0,0.0
2008-01-25 00:00:00+09:00,816.9562067751025,830.5721435546875,816.9562067751025,830.5721435546875,1200,0.0,0.0
2008-01-28 00:00:00+09:00,862.3425903320312,862.3425903320312,839.649364270662,862.3425903320312,2800,0.0,0.0
2008-01-29 00:00:00+09:00,862.3425903320312,862.3425903320312,862.3425903320312,862.3425903320312,800,0.0,0.0
2008-01-30 00:00:00+09:00,821.4948221842448,821.4948221842448,816.9561767578125,816.9561767578125,2400,0.0,0.0
2008-01-31 00:00:00+09:00,826.033447265625,826.033447265625,826.033447265625,826.033447265625,600,0.0,0.0
2008-02-01 00:00:00+09:00,835.1107481224102,835.1107481224102,816.9561666414883,821.4948120117188,1400,0.0,0.0
2008-02-04 00:00:00+09:00,821.4948120117188,821.4948120117188,821.4948120117188,821.4948120117188,1600,0.0,0.0
2008-02-05 00:00:00+09:00,816.9561666414883,821.4948120117188,816.9561666414883,821.4948120117188,1800,0.0,0.0
2008-02-06 00:00:00+09:00,816.9561973314607,816.9561973314607,807.87890625,807.87890625,200,0.0,0.0
2008-02-07 00:00:00+09:00,785.1856785463483,807.87890625,785.1856785463483,807.87890625,3800,0.0,0.0
2008-02-08 00:00:00+09:00,807.87890625,807.87890625,807.87890625,807.87890625,800,0.0,0.0
2008-02-12 00:00:00+09:00,807.8788755580357,807.8788755580357,794.262939453125,794.262939453125,1200,0.0,0.0
2008-02-13 00:00:00+09:00,812.4176025390625,812.4176025390625,812.4176025390625,812.4176025390625,400,0.0,0.0
2008-02-14 00:00:00+09:00,789.7242237437855,798.801513671875,789.7242237437855,798.801513671875,4000,0.0,0.0
2008-02-15 00:00:00+09:00,776.1083779748465,785.1856689453125,762.4924415191474,785.1856689453125,10400,0.0,0.0
2008-02-18 00:00:00+09:00,794.2628687078302,798.801513671875,794.2628687078302,798.801513671875,1000,0.0,0.0
2008-02-19 00:00:00+09:00,785.1856689453125,785.1856689453125,785.1856689453125,785.1856689453125,1400,0.0,0.0
2008-02-20 00:00:00+09:00,794.262949625651,794.262949625651,789.7243041992188,789.7243041992188,600,0.0,0.0
2008-02-21 00:00:00+09:00,789.7243041992188,794.262949625651,789.7243041992188,789.7243041992188,1200,0.0,0.0
2008-02-22 00:00:00+09:00,780.6470133463541,789.7243041992188,780.6470133463541,789.7243041992188,3200,0.0,0.0
2008-02-25 00:00:00+09:00,789.7242237437855,798.801513671875,789.7242237437855,798.801513671875,2800,0.0,0.0
2008-02-26 00:00:00+09:00,798.8015747070312,798.8015747070312,798.8015747070312,798.8015747070312,2600,15.0,0.0
2008-02-27 00:00:00+09:00,789.56689453125,794.1842447916666,789.56689453125,789.56689453125,1400,0.0,0.0
2008-02-28 00:00:00+09:00,789.56689453125,789.56689453125,789.56689453125,789.56689453125,1400,0.0,0.0
2008-02-29 00:00:00+09:00,803.4189453125,803.4189453125,803.4189453125,803.4189453125,1400,0.0,0.0
2008-03-03 00:00:00+09:00,761.8627517793808,761.8627517793808,752.6280517578125,752.6280517578125,1600,0.0,0.0
2008-03-04 00:00:00+09:00,752.6280517578125,752.6280517578125,752.6280517578125,752.6280517578125,1800,0.0,0.0
2008-03-05 00:00:00+09:00,748.0107421875,748.0107421875,748.0107421875,748.0107421875,800,0.0,0.0
2008-03-06 00:00:00+09:00,748.0107421875,748.0107421875,743.3933919270834,748.0107421875,5000,0.0,0.0
2008-03-07 00:00:00+09:00,743.393310546875,743.393310546875,743.393310546875,743.393310546875,2000,0.0,0.0
2008-03-10 00:00:00+09:00,748.0107421875,748.0107421875,748.0107421875,748.0107421875,1400,0.0,0.0
2008-03-11 00:00:00+09:00,738.7759607919254,743.393310546875,738.7759607919254,743.393310546875,1200,0.0,0.0
2008-03-12 00:00:00+09:00,743.3933719541968,757.2454223632812,743.3933719541968,757.2454223632812,1400,0.0,0.0
2008-03-13 00:00:00+09:00,752.6280924479166,752.6280924479166,748.0107421875,748.0107421875,1400,0.0,0.0
2008-03-14 00:00:00+09:00,743.3933919270834,748.0107421875,743.3933919270834,748.0107421875,1000,0.0,0.0
2008-03-17 00:00:00+09:00,748.0106603018245,748.0106603018245,734.1586110369759,743.393310546875,2400,0.0,0.0
2008-03-18 00:00:00+09:00,729.5412612820264,743.393310546875,729.5412612820264,743.393310546875,1200,0.0,0.0
2008-03-19 00:00:00+09:00,743.393310546875,743.393310546875,743.393310546875,743.393310546875,1600,0.0,0.0
2008-03-21 00:00:00+09:00,738.7760620117188,738.7760620117188,738.7760620117188,738.7760620117188,1000,0.0,0.0
2008-03-24 00:00:00+09:00,729.5413411458334,734.15869140625,724.9239908854166,734.15869140625,1800,0.0,0.0
2008-03-25 00:00:00+09:00,729.541423044387,729.541423044387,724.924072265625,724.924072265625,1400,0.0,0.0
2008-03-26 00:00:00+09:00,724.924010848999,748.0107627868653,724.924010848999,738.7760620117188,2400,0.0,0.0
2008-03-27 00:00:00+09:00,734.15869140625,734.15869140625,734.15869140625,734.15869140625,2000,0.0,0.0
2008-03-28 00:00:00+09:00,692.602579217208,706.4546308015522,692.602579217208,701.8372802734375,6000,0.0,0.0
2008-03-31 00:00:00+09:00,692.6025390625,692.6025390625,692.6025390625,692.6025390625,1400,0.0,0.0
2008-04-01 00:00:00+09:00,692.6025596824852,692.6025596824852,683.3678588867188,683.3678588867188,2000,0.0,0.0
2008-04-02 00:00:00+09:00,697.2198893229166,697.2198893229166,692.6025390625,692.6025390625,1400,0.0,0.0
2008-04-03 00:00:00+09:00,687.9851684570312,687.9851684570312,687.9851684570312,687.9851684570312,1600,0.0,0.0
2008-04-04 00:00:00+09:00,683.3678593076509,683.3678593076509,669.5158081054688,669.5158081054688,3200,0.0,0.0
2008-04-07 00:00:00+09:00,669.5158265766345,701.8372802734375,669.5158265766345,701.8372802734375,2400,0.0,0.0
2008-04-08 00:00:00+09:00,720.3065795898438,720.3065795898438,720.3065795898438,720.3065795898438,2400,0.0,0.0
2008-04-09 00:00:00+09:00,701.8372395833334,701.8372395833334,692.6025390625,692.6025390625,400,0.0,0.0
2008-04-10 00:00:00+09:00,683.3678385416666,683.3678385416666,678.75048828125,678.75048828125,600,0.0,0.0
2008-04-11 00:00:00+09:00,678.75048828125,692.6025390625,678.75048828125,692.6025390625,400,0.0,0.0
2008-04-14 00:00:00+09:00,692.6025390625,692.6025390625,692.6025390625,692.6025390625,400,0.0,0.0
2008-04-15 00:00:00+09:00,678.75048828125,678.75048828125,678.75048828125,678.75048828125,13000,0.0,0.0
2008-04-16 00:00:00+09:00,683.3678588867188,683.3678588867188,683.3678588867188,683.3678588867188,1000,0.0,0.0
2008-04-17 00:00:00+09:00,683.3678588867188,683.3678588867188,683.3678588867188,683.3678588867188,1000,0.0,0.0
2008-04-18 00:00:00+09:00,683.3678588867188,683.3678588867188,683.3678588867188,683.3678588867188,3600,0.0,0.0
2008-04-21 00:00:00+09:00,692.6025596824852,692.6025596824852,683.3678588867188,683.3678588867188,1200,0.0,0.0
2008-04-22 00:00:00+09:00,683.3678183331585,687.9851684570312,683.3678183331585,687.9851684570312,2200,0.0,0.0
2008-04-23 00:00:00+09:00,683.3678183331585,692.602518580904,683.3678183331585,687.9851684570312,5800,0.0,0.0
2008-04-24 00:00:00+09:00,687.9851684570312,687.9851684570312,687.9851684570312,687.9851684570312,1200,0.0,0.0
2008-04-25 00:00:00+09:00,687.9851888020834,692.6025390625,687.9851888020834,692.6025390625,400,0.0,0.0
2008-04-28 00:00:00+09:00,720.3066808000395,729.5413818359375,711.0719797641416,729.5413818359375,2400,0.0,0.0
2008-04-30 00:00:00+09:00,743.393310546875,743.393310546875,743.393310546875,743.393310546875,400,0.0,0.0
2008-05-01 00:00:00+09:00,720.3066808000395,738.7760828718355,720.3066808000395,729.5413818359375,2200,0.0,0.0
2008-05-02 00:00:00+09:00,724.9239908854166,734.15869140625,724.9239908854166,734.15869140625,4600,0.0,0.0
2008-05-07 00:00:00+09:00,715.6892700195312,724.9239702778478,715.6892700195312,715.6892700195312,1400,0.0,0.0
2008-05-08 00:00:00+09:00,752.6280517578125,752.6280517578125,752.6280517578125,752.6280517578125,1400,0.0,0.0
2008-05-09 00:00:00+09:00,752.6280517578125,752.6280517578125,752.6280517578125,752.6280517578125,1400,0.0,0.0
2008-05-12 00:00:00+09:00,766.4801432291666,817.27099609375,766.4801432291666,817.27099609375,2600,0.0,0.0
2008-05-13 00:00:00+09:00,766.4801025390625,766.4801025390625,766.4801025390625,766.4801025390625,800,0.0,0.0
2008-05-14 00:00:00+09:00,748.0107421875,748.0107421875,748.0107421875,748.0107421875,1400,0.0,0.0
2008-05-15 00:00:00+09:00,752.6280517578125,752.6280517578125,752.6280517578125,752.6280517578125,600,0.0,0.0
2008-05-16 00:00:00+09:00,752.6280517578125,752.6280517578125,752.6280517578125,752.6280517578125,600,0.0,0.0
2008-05-19 00:00:00+09:00,757.2454223632812,761.8627724996427,757.2454223632812,757.2454223632812,800,0.0,0.0
2008-05-20 00:00:00+09:00,780.3322143554688,780.3322143554688,780.3322143554688,780.3322143554688,600,0.0,0.0
2008-05-21 00:00:00+09:00,780.3322143554688,780.3322143554688,780.3322143554688,780.3322143554688,600,0.0,0.0
2008-05-22 00:00:00+09:00,780.3322143554688,780.3322143554688,780.3322143554688,780.3322143554688,600,0.0,0.0
2008-05-23 00:00:00+09:00,738.7760620117188,738.7760620117188,738.7760620117188,738.7760620117188,1200,0.0,0.0
2008-05-26 00:00:00+09:00,748.0107421875,748.0107421875,748.0107421875,748.0107421875,400,0.0,0.0
2008-05-27 00:00:00+09:00,752.6280517578125,752.6280517578125,743.3933517362443,752.6280517578125,1200,0.0,0.0
2008-05-28 00:00:00+09:00,775.7148639746672,789.566915117072,775.7148639746672,780.3322143554688,1400,0.0,0.0
2008-05-29 00:00:00+09:00,757.2454223632812,757.2454223632812,757.2454223632812,757.2454223632812,800,0.0,0.0
2008-05-30 00:00:00+09:00,761.862752523767,771.097452554358,761.862752523767,766.4801025390625,2200,0.0,0.0
2008-06-02 00:00:00+09:00,766.4801836756176,771.0975341796875,766.4801836756176,771.0975341796875,1000,0.0,0.0
2008-06-03 00:00:00+09:00,771.0975341796875,771.0975341796875,771.0975341796875,771.0975341796875,1000,0.0,0.0
2008-06-04 00:00:00+09:00,775.7148025696536,775.7148025696536,766.4801025390625,766.4801025390625,1200,0.0,0.0
2008-06-05 00:00:00+09:00,775.7148846837575,775.7148846837575,771.0975341796875,771.0975341796875,600,0.0,0.0
2008-06-06 00:00:00+09:00,784.9495239257812,784.9495239257812,784.9495239257812,784.9495239257812,400,0.0,0.0
2008-06-09 00:00:00+09:00,784.9495442708334,789.56689453125,784.9495442708334,789.56689453125,600,0.0,0.0
2008-06-10 00:00:00+09:00,784.9495239257812,784.9495239257812,784.9495239257812,784.9495239257812,400,0.0,0.0
2008-06-11 00:00:00+09:00,784.9495442708334,803.4189453125,784.9495442708334,803.4189453125,2400,0.0,0.0
2008-06-12 00:00:00+09:00,794.1842242072611,794.1842242072611,784.9495239257812,784.9495239257812,1200,0.0,0.0
2008-06-13 00:00:00+09:00,784.9495239257812,784.9495239257812,784.9495239257812,784.9495239257812,800,0.0,0.0
2008-06-16 00:00:00+09:00,784.9495239257812,784.9495239257812,784.9495239257812,784.9495239257812,400,0.0,0.0
2008-06-17 00:00:00+09:00,784.9495239257812,784.9495239257812,784.9495239257812,784.9495239257812,1600,0.0,0.0
2008-06-18 00:00:00+09:00,826.5056138472124,826.5056138472124,812.653564453125,812.653564453125,3200,0.0,0.0
2008-06-19 00:00:00+09:00,798.8015747070312,798.8015747070312,798.8015747070312,798.8015747070312,400,0.0,0.0
2008-06-20 00:00:00+09:00,803.4189453125,803.4189453125,803.4189453125,803.4189453125,400,0.0,0.0
2008-06-23 00:00:00+09:00,803.4189453125,803.4189453125,803.4189453125,803.4189453125,400,0.0,0.0
2008-06-24 00:00:00+09:00,803.4189453125,803.4189453125,803.4189453125,803.4189453125,400,0.0,0.0
2008-06-25 00:00:00+09:00,803.4189652003599,821.8883666992188,803.4189652003599,821.8883666992188,600,0.0,0.0
2008-06-26 00:00:00+09:00,798.8015747070312,798.8015747070312,798.8015747070312,798.8015747070312,400,0.0,0.0
2008-06-27 00:00:00+09:00,789.566915117072,789.566915117072,780.3322143554688,780.3322143554688,1600,0.0,0.0
2008-06-30 00:00:00+09:00,821.8883666992188,821.8883666992188,821.8883666992188,821.8883666992188,2200,0.0,0.0
2008-07-01 00:00:00+09:00,784.9495239257812,784.9495239257812,784.9495239257812,784.9495239257812,600,0.0,0.0
2008-07-02 00:00:00+09:00,784.9495442708334,784.9495442708334,775.71484375,775.71484375,800,0.0,0.0
2008-07-03 00:00:00+09:00,780.3321940104166,780.3321940104166,775.71484375,775.71484375,1200,0.0,0.0
2008-07-04 00:00:00+09:00,817.27099609375,817.27099609375,817.27099609375,817.27099609375,4000,0.0,0.0
2008-07-07 00:00:00+09:00,808.0362955729166,817.27099609375,808.0362955729166,817.27099609375,600,0.0,0.0
2008-07-08 00:00:00+09:00,817.27099609375,817.27099609375,817.27099609375,817.27099609375,200,0.0,0.0
2008-07-09 00:00:00+09:00,817.27099609375,817.27099609375,817.27099609375,817.27099609375,200,0.0,0.0
2008-07-10 00:00:00+09:00,817.27099609375,817.27099609375,817.27099609375,817.27099609375,200,0.0,0.0
2008-07-11 00:00:00+09:00,784.9495239257812,784.9495239257812,784.9495239257812,784.9495239257812,200,0.0,0.0
2008-07-14 00:00:00+09:00,784.9495239257812,784.9495239257812,784.9495239257812,784.9495239257812,200,0.0,0.0
2008-07-15 00:00:00+09:00,766.4801432291666,789.56689453125,766.4801432291666,789.56689453125,1200,0.0,0.0
2008-07-16 00:00:00+09:00,766.4801432291666,766.4801432291666,761.86279296875,761.86279296875,400,0.0,0.0
2008-07-17 00:00:00+09:00,761.8627095666731,761.8627095666731,743.393310546875,743.393310546875,1200,0.0,0.0
2008-07-18 00:00:00+09:00,748.0107627868653,748.0107627868653,738.7760620117188,738.7760620117188,1000,0.0,0.0
2008-07-22 00:00:00+09:00,738.7760620117188,738.7760620117188,738.7760620117188,738.7760620117188,1000,0.0,0.0
2008-07-23 00:00:00+09:00,743.393310546875,743.393310546875,743.393310546875,743.393310546875,600,0.0,0.0
2008-07-24 00:00:00+09:00,743.393310546875,743.393310546875,743.393310546875,743.393310546875,1600,0.0,0.0
2008-07-25 00:00:00+09:00,738.7759607919254,743.393310546875,738.7759607919254,743.393310546875,1600,0.0,0.0
2008-07-28 00:00:00+09:00,748.0106603018245,748.0106603018245,743.393310546875,743.393310546875,2000,0.0,0.0
2008-07-29 00:00:00+09:00,738.7760620117188,738.7760620117188,738.7760620117188,738.7760620117188,200,0.0,0.0
2008-07-30 00:00:00+09:00,752.6280517578125,752.6280517578125,752.6280517578125,752.6280517578125,200,0.0,0.0
2008-07-31 00:00:00+09:00,757.2454223632812,757.2454223632812,757.2454223632812,757.2454223632812,200,0.0,0.0
2008-08-01 00:00:00+09:00,757.2454223632812,757.2454223632812,757.2454223632812,757.2454223632812,400,0.0,0.0
2008-08-04 00:00:00+09:00,752.6280100567741,757.2453598117236,743.393310546875,743.393310546875,1600,0.0,0.0
2008-08-05 00:00:00+09:00,738.7760620117188,738.7760620117188,738.7760620117188,738.7760620117188,200,0.0,0.0
2008-08-06 00:00:00+09:00,738.7760620117188,738.7760620117188,738.7760620117188,738.7760620117188,200,0.0,0.0
2008-08-07 00:00:00+09:00,738.7760017254601,752.6280517578125,738.7760017254601,752.6280517578125,400,0.0,0.0
2008-08-08 00:00:00+09:00,738.7760620117188,738.7760620117188,738.7760620117188,738.7760620117188,200,0.0,0.0
2008-08-11 00:00:00+09:00,738.7760620117188,738.7760620117188,738.7760620117188,738.7760620117188,200,0.0,0.0
2008-08-12 00:00:00+09:00,743.393310546875,743.393310546875,743.393310546875,743.393310546875,200,0.0,0.0
2008-08-13 00:00:00+09:00,743.393310546875,743.393310546875,743.393310546875,743.393310546875,600,0.0,0.0
2008-08-14 00:00:00+09:00,748.0107627868653,748.0107627868653,738.7760620117188,738.7760620117188,2800,0.0,0.0
2008-08-15 00:00:00+09:00,738.7760620117188,738.7760620117188,738.7760620117188,738.7760620117188,200,0.0,0.0
2008-08-18 00:00:00+09:00,734.1587323538864,734.1587323538864,729.5413818359375,729.5413818359375,1600,0.0,0.0
2008-08-19 00:00:00+09:00,715.6892297206781,720.3065795898438,715.6892297206781,720.3065795898438,2200,0.0,0.0
2008-08-20 00:00:00+09:00,720.3065795898438,720.3065795898438,720.3065795898438,720.3065795898438,1200,0.0,0.0
2008-08-21 00:00:00+09:00,720.3065795898438,720.3065795898438,720.3065795898438,720.3065795898438,200,0.0,0.0
2008-08-22 00:00:00+09:00,720.3065795898438,720.3065795898438,720.3065795898438,720.3065795898438,400,0.0,0.0
2008-08-25 00:00:00+09:00,743.3933719541968,757.2454223632812,743.3933719541968,757.2454223632812,1400,0.0,0.0
2008-08-26 00:00:00+09:00,738.7760620117188,738.7760620117188,738.7760620117188,738.7760620117188,400,0.0,0.0
2008-08-27 00:00:00+09:00,738.7760620117188,738.7760620117188,738.7760620117188,738.7760620117188,400,0.0,0.0
2008-08-28 00:00:00+09:00,752.6280924479166,752.6280924479166,748.0107421875,748.0107421875,1600,0.0,0.0
2008-08-29 00:00:00+09:00,743.393310546875,743.393310546875,743.393310546875,743.393310546875,200,0.0,0.0
2008-09-01 00:00:00+09:00,734.15869140625,734.15869140625,734.15869140625,734.15869140625,0,0.0,0.0
2008-09-02 00:00:00+09:00,738.7760206653227,738.7760206653227,715.6892700195312,715.6892700195312,0,0.0,0.0
2008-09-03 00:00:00+09:00,715.6892903645834,715.6892903645834,678.75048828125,678.75048828125,1200,0.0,0.0
2008-09-04 00:00:00+09:00,687.9852097083782,687.9852097083782,669.5158081054688,669.5158081054688,1800,0.0,0.0
2008-09-05 00:00:00+09:00,669.5158081054688,669.5158081054688,669.5158081054688,669.5158081054688,200,0.0,0.0
2008-09-08 00:00:00+09:00,669.5158081054688,669.5158081054688,669.5158081054688,669.5158081054688,200,0.0,0.0
2008-09-09 00:00:00+09:00,674.1331176757812,674.1331176757812,674.1331176757812,674.1331176757812,200,0.0,0.0
2008-09-10 00:00:00+09:00,674.1331176757812,674.1331176757812,674.1331176757812,674.1331176757812,200,0.0,0.0
2008-09-11 00:00:00+09:00,674.1331380208334,678.75048828125,674.1331380208334,678.75048828125,800,0.0,0.0
2008-09-12 00:00:00+09:00,655.6636962890625,655.6636962890625,655.6636962890625,655.6636962890625,200,0.0,0.0
2008-09-16 00:00:00+09:00,678.7504669189453,678.7504669189453,646.4290161132812,646.4290161132812,2400,0.0,0.0
2008-09-17 00:00:00+09:00,669.5157666887555,669.5157666887555,646.4290161132812,646.4290161132812,2000,0.0,0.0
2008-09-18 00:00:00+09:00,623.342265537807,646.4290161132812,623.342265537807,646.4290161132812,2800,0.0,0.0
2008-09-19 00:00:00+09:00,641.8116861979166,641.8116861979166,637.1943359375,637.1943359375,1800,0.0,0.0
2008-09-22 00:00:00+09:00,637.1943359375,637.1943359375,637.1943359375,637.1943359375,1800,0.0,0.0
2008-09-24 00:00:00+09:00,637.1942955401304,641.8116455078125,600.2554957986736,641.8116455078125,3200,0.0,0.0
2008-09-25 00:00:00+09:00,627.9596354166666,627.9596354166666,623.34228515625,623.34228515625,3000,0.0,0.0
2008-09-26 00:00:00+09:00,623.342265537807,646.4290161132812,623.342265537807,646.4290161132812,3000,0.0,0.0
2008-09-29 00:00:00+09:00,678.75048828125,678.75048828125,678.75048828125,678.75048828125,1800,0.0,0.0
2008-09-30 00:00:00+09:00,646.4290161132812,646.4290161132812,646.4290161132812,646.4290161132812,1000,0.0,0.0
2008-10-01 00:00:00+09:00,646.4290161132812,646.4290161132812,646.4290161132812,646.4290161132812,800,0.0,0.0
2008-10-02 00:00:00+09:00,637.1943359375,637.1943359375,623.34228515625,623.34228515625,2200,0.0,0.0
2008-10-03 00:00:00+09:00,614.1075846354166,623.34228515625,600.2555338541666,623.34228515625,3600,0.0,0.0
2008-10-06 00:00:00+09:00,604.8728431114783,604.8728431114783,600.2554931640625,600.2554931640625,1400,0.0,0.0
2008-10-07 00:00:00+09:00,530.995221455892,554.0819702148438,530.995221455892,554.0819702148438,1800,0.0,0.0
2008-10-08 00:00:00+09:00,484.8217239379883,554.0819702148438,484.8217239379883,554.0819702148438,2400,0.0,0.0
2008-10-09 00:00:00+09:00,554.0819702148438,554.0819702148438,554.0819702148438,554.0819702148438,2400,0.0,0.0
2008-10-10 00:00:00+09:00,452.5002756754557,554.0819702148438,452.5002756754557,554.0819702148438,400,0.0,0.0
2008-10-14 00:00:00+09:00,549.4646809895834,595.63818359375,549.4646809895834,595.63818359375,800,0.0,0.0
2008-10-15 00:00:00+09:00,558.6993199666341,558.6993199666341,554.0819702148438,554.0819702148438,400,0.0,0.0
2008-10-16 00:00:00+09:00,554.0820519398835,554.0820519398835,544.8473510742188,544.8473510742188,600,0.0,0.0
2008-10-17 00:00:00+09:00,544.8473510742188,544.8473510742188,544.8473510742188,544.8473510742188,200,0.0,0.0
2008-10-20 00:00:00+09:00,530.9952392578125,530.9952392578125,530.9952392578125,530.9952392578125,200,0.0,0.0
2008-10-21 00:00:00+09:00,544.8472889775816,544.8472889775816,530.9952392578125,530.9952392578125,1000,0.0,0.0
2008-10-22 00:00:00+09:00,517.1432495117188,517.1432495117188,517.1432495117188,517.1432495117188,600,0.0,0.0
2008-10-23 00:00:00+09:00,521.7606201171875,521.7606201171875,489.4391657736449,521.7606201171875,600,0.0,0.0
2008-10-24 00:00:00+09:00,517.1432907516892,521.7606415619721,489.43918588999156,512.5259399414062,1400,0.0,0.0
2008-10-27 00:00:00+09:00,498.6738467458951,544.8473510742188,498.6738467458951,544.8473510742188,1200,0.0,0.0
2008-10-28 00:00:00+09:00,572.5513884171196,572.5513884171196,530.9952392578125,530.9952392578125,2200,0.0,0.0
2008-10-29 00:00:00+09:00,540.22998046875,540.22998046875,540.22998046875,540.22998046875,600,0.0,0.0
2008-10-30 00:00:00+09:00,540.22998046875,540.22998046875,540.22998046875,540.22998046875,600,0.0,0.0
2008-10-31 00:00:00+09:00,544.8472889775816,544.8472889775816,530.9952392578125,530.9952392578125,600,0.0,0.0
2008-11-04 00:00:00+09:00,540.2299390709918,540.2299390709918,530.9952392578125,530.9952392578125,400,0.0,0.0
2008-11-05 00:00:00+09:00,535.612650208554,544.8473510742188,535.612650208554,544.8473510742188,1200,0.0,0.0
2008-11-06 00:00:00+09:00,544.8473510742188,544.8473510742188,544.8473510742188,544.8473510742188,1200,0.0,0.0
2008-11-07 00:00:00+09:00,484.82175737897927,494.05645751953125,480.20440730870325,494.05645751953125,3200,0.0,0.0
2008-11-10 00:00:00+09:00,517.1432084517045,526.3779086026278,507.90850830078125,507.90850830078125,2200,0.0,0.0
2008-11-11 00:00:00+09:00,489.43914685930525,517.1432495117188,489.43914685930525,517.1432495117188,1200,0.0,0.0
2008-11-12 00:00:00+09:00,517.1432495117188,517.1432495117188,517.1432495117188,517.1432495117188,1200,0.0,0.0
2008-11-13 00:00:00+09:00,512.5259102715386,512.5259102715386,498.6738586425781,498.6738586425781,800,0.0,0.0
2008-11-14 00:00:00+09:00,489.4391473892632,503.29119873046875,489.4391473892632,503.29119873046875,2000,0.0,0.0
2008-11-17 00:00:00+09:00,484.8217468261719,484.8217468261719,484.8217468261719,484.8217468261719,800,0.0,0.0
2008-11-18 00:00:00+09:00,507.90848642025355,507.90848642025355,489.4390869140625,489.4390869140625,400,0.0,0.0
2008-11-19 00:00:00+09:00,489.4390967959449,489.4390967959449,484.8217468261719,484.8217468261719,600,0.0,0.0
2008-11-20 00:00:00+09:00,494.05644676571796,494.05644676571796,484.8217468261719,484.8217468261719,2200,0.0,0.0
2008-11-21 00:00:00+09:00,461.73506516676684,480.2044677734375,461.73506516676684,480.2044677734375,1600,0.0,0.0
2008-11-25 00:00:00+09:00,484.8217468261719,484.8217468261719,484.8217468261719,484.8217468261719,2200,0.0,0.0
2008-11-26 00:00:00+09:00,480.2044677734375,480.2044677734375,480.2044677734375,480.2044677734375,200,0.0,0.0
2008-11-27 00:00:00+09:00,484.8217468261719,489.4390967959449,484.8217468261719,484.8217468261719,1800,0.0,0.0
2008-11-28 00:00:00+09:00,507.90850830078125,507.90850830078125,507.90850830078125,507.90850830078125,2800,0.0,0.0
2008-12-01 00:00:00+09:00,526.3779086026278,526.3779086026278,507.90850830078125,507.90850830078125,1400,0.0,0.0
2008-12-02 00:00:00+09:00,507.90850830078125,507.90850830078125,507.90850830078125,507.90850830078125,0,0.0,0.0
2008-12-03 00:00:00+09:00,484.82173703751477,489.4390869140625,484.82173703751477,489.4390869140625,400,0.0,0.0
2008-12-04 00:00:00+09:00,489.4390967959449,489.4390967959449,484.8217468261719,484.8217468261719,1000,0.0,0.0
2008-12-05 00:00:00+09:00,503.2911467052641,503.2911467052641,484.8217468261719,484.8217468261719,1600,0.0,0.0
2008-12-08 00:00:00+09:00,498.6738075898072,498.6738075898072,494.05645751953125,494.05645751953125,800,0.0,0.0
2008-12-09 00:00:00+09:00,489.4390967959449,489.4390967959449,484.8217468261719,484.8217468261719,600,0.0,0.0
2008-12-10 00:00:00+09:00,498.67379673549107,498.67379673549107,484.8217468261719,484.8217468261719,1000,0.0,0.0
2008-12-11 00:00:00+09:00,489.4391690767728,489.4391690767728,480.2044677734375,480.2044677734375,0,0.0,0.0
2008-12-12 00:00:00+09:00,512.5258578006352,512.5258578006352,484.82175737897927,494.05645751953125,6600,0.0,0.0
2008-12-15 00:00:00+09:00,494.0564978363317,503.29119873046875,494.0564978363317,503.29119873046875,600,0.0,0.0
2008-12-16 00:00:00+09:00,494.05645751953125,494.05645751953125,494.05645751953125,494.05645751953125,800,0.0,0.0
2008-12-17 00:00:00+09:00,484.8217468261719,484.8217468261719,484.8217468261719,484.8217468261719,3200,0.0,0.0
2008-12-18 00:00:00+09:00,484.8217468261719,484.8217468261719,484.8217468261719,484.8217468261719,200,0.0,0.0
2008-12-19 00:00:00+09:00,480.2044677734375,480.2044677734375,480.2044677734375,480.2044677734375,600,0.0,0.0
2008-12-22 00:00:00+09:00,475.58709716796875,475.58709716796875,475.58709716796875,475.58709716796875,200,0.0,0.0
2008-12-24 00:00:00+09:00,470.9697467100273,475.58709716796875,470.9697467100273,475.58709716796875,400,0.0,0.0
2008-12-25 00:00:00+09:00,447.88299560546875,447.88299560546875,447.88299560546875,447.88299560546875,3000,0.0,0.0
2008-12-26 00:00:00+09:00,494.05645751953125,494.05645751953125,494.05645751953125,494.05645751953125,1200,0.0,0.0
2008-12-29 00:00:00+09:00,517.1432608145254,517.1432608145254,498.6738586425781,498.6738586425781,2200,0.0,0.0
2008-12-30 00:00:00+09:00,494.05645751953125,494.05645751953125,494.05645751953125,494.05645751953125,600,0.0,0.0
2009-01-05 00:00:00+09:00,498.673786667158,498.673786667158,489.4390869140625,489.4390869140625,600,0.0,0.0
2009-01-06 00:00:00+09:00,489.4390869140625,489.4390869140625,489.4390869140625,489.4390869140625,1200,0.0,0.0
2009-01-07 00:00:00+09:00,484.8217468261719,484.8217468261719,484.8217468261719,484.8217468261719,400,0.0,0.0
2009-01-08 00:00:00+09:00,484.82177734375,484.82177734375,470.9697265625,470.9697265625,400,0.0,0.0
2009-01-09 00:00:00+09:00,480.2044677734375,480.2044677734375,480.2044677734375,480.2044677734375,400,0.0,0.0
2009-01-13 00:00:00+09:00,461.7350158691406,461.7350158691406,461.7350158691406,461.7350158691406,1800,0.0,0.0
2009-01-14 00:00:00+09:00,457.1176452636719,461.73499521583017,457.1176452636719,457.1176452636719,2400,0.0,0.0
2009-01-15 00:00:00+09:00,457.1176657104492,461.7350158691406,457.1176657104492,461.7350158691406,3000,0.0,0.0
2009-01-16 00:00:00+09:00,452.5002953115136,457.1176452636719,452.5002953115136,457.1176452636719,1000,0.0,0.0
2009-01-19 00:00:00+09:00,457.1176657104492,461.7350158691406,457.1176657104492,461.7350158691406,4000,0.0,0.0
2009-01-20 00:00:00+09:00,461.7350158691406,461.7350158691406,461.7350158691406,461.7350158691406,2600,0.0,0.0
2009-01-21 00:00:00+09:00,438.6482747395833,443.265625,429.41357421875,429.41357421875,6000,0.0,0.0
2009-01-22 00:00:00+09:00,429.41356382265195,429.41356382265195,420.1788635253906,420.1788635253906,3400,0.0,0.0
2009-01-23 00:00:00+09:00,424.79621367402126,424.79621367402126,420.1788635253906,420.1788635253906,1000,0.0,0.0
2009-01-26 00:00:00+09:00,410.9441833496094,415.5615337243241,410.9441833496094,410.9441833496094,3600,0.0,0.0
2009-01-27 00:00:00+09:00,406.3267822265625,406.3267822265625,401.7094324285334,406.3267822265625,3400,0.0,0.0
2009-01-28 00:00:00+09:00,410.9441320245916,410.9441320245916,406.3267822265625,406.3267822265625,5200,0.0,0.0
2009-01-29 00:00:00+09:00,406.3267822265625,406.3267822265625,397.09208263050425,406.3267822265625,3200,0.0,0.0
2009-01-30 00:00:00+09:00,406.3268123851103,406.3268123851103,392.4747619628906,392.4747619628906,3400,0.0,0.0
2009-02-02 00:00:00+09:00,378.6227111816406,378.6227111816406,374.00536104527913,378.6227111816406,2000,0.0,0.0
2009-02-03 00:00:00+09:00,364.7706806182862,369.3880310058594,360.1533302307129,369.3880310058594,1800,0.0,0.0
2009-02-04 00:00:00+09:00,369.3880310058594,369.3880310058594,369.3880310058594,369.3880310058594,200,0.0,0.0
2009-02-05 00:00:00+09:00,374.00537109375,374.00537109375,374.00537109375,374.00537109375,0,0.0,0.0
2009-02-06 00:00:00+09:00,374.0054094181504,397.0921630859375,374.0054094181504,397.0921630859375,600,0.0,0.0
2009-02-09 00:00:00+09:00,383.24005126953125,383.24005126953125,378.62270125423566,383.24005126953125,2400,0.0,0.0
2009-02-10 00:00:00+09:00,387.857421875,387.857421875,387.857421875,387.857421875,200,0.0,0.0
2009-02-12 00:00:00+09:00,383.24005126953125,383.24005126953125,383.24005126953125,383.24005126953125,400,0.0,0.0
2009-02-13 00:00:00+09:00,374.00537109375,383.2400716145833,374.00537109375,374.00537109375,1000,0.0,0.0
2009-02-16 00:00:00+09:00,378.6227111816406,378.6227111816406,378.6227111816406,378.6227111816406,400,0.0,0.0
2009-02-17 00:00:00+09:00,378.6227111816406,378.6227111816406,378.6227111816406,378.6227111816406,1400,0.0,0.0
2009-02-18 00:00:00+09:00,378.62268927158453,378.62268927158453,360.1532897949219,360.1532897949219,5800,0.0,0.0
2009-02-19 00:00:00+09:00,360.1532897949219,360.1532897949219,360.1532897949219,360.1532897949219,1600,0.0,0.0
2009-02-20 00:00:00+09:00,364.7706814327755,364.7706814327755,332.4492286475929,341.6839294433594,4600,0.0,0.0
2009-02-23 00:00:00+09:00,350.91863023912583,350.91863023912583,341.6839294433594,341.6839294433594,2800,0.0,0.0
2009-02-24 00:00:00+09:00,318.59716796875,318.59716796875,318.59716796875,318.59716796875,2600,0.0,0.0
2009-02-25 00:00:00+09:00,323.2144963191106,323.2144963191106,300.12774658203125,300.12774658203125,2600,0.0,0.0
2009-02-26 00:00:00+09:00,323.2145080566406,323.2145080566406,323.2145080566406,323.2145080566406,400,0.0,0.0
2009-02-27 00:00:00+09:00,332.44920871682365,337.0665588378906,332.44920871682365,337.0665588378906,1200,0.0,0.0
2009-03-02 00:00:00+09:00,355.5359593221586,355.5359593221586,337.0665588378906,337.0665588378906,3200,0.0,0.0
2009-03-03 00:00:00+09:00,332.44921875,332.44921875,332.44921875,332.44921875,400,0.0,0.0
2009-03-04 00:00:00+09:00,323.2145080566406,323.2145080566406,318.59715794154573,323.2145080566406,800,0.0,0.0
2009-03-05 00:00:00+09:00,341.6838980661312,341.6838980661312,327.83184814453125,327.83184814453125,400,0.0,0.0
2009-03-06 00:00:00+09:00,341.6839192708333,346.30126953125,323.2145182291667,346.30126953125,2200,0.0,0.0
2009-03-09 00:00:00+09:00,323.2145080566406,323.2145080566406,323.2145080566406,323.2145080566406,200,0.0,0.0
2009-03-10 00:00:00+09:00,309.3624572753906,309.3624572753906,309.3624572753906,309.3624572753906,200,0.0,0.0
2009-03-11 00:00:00+09:00,309.3624572753906,309.3624572753906,309.3624572753906,309.3624572753906,0,0.0,0.0
2009-03-12 00:00:00+09:00,290.8930466871995,300.12774658203125,290.8930466871995,300.12774658203125,4200,0.0,0.0
2009-03-13 00:00:00+09:00,290.893087418353,290.893087418353,281.65838623046875,281.65838623046875,1200,0.0,0.0
2009-03-16 00:00:00+09:00,281.65834679236775,300.12774658203125,281.65834679236775,300.12774658203125,600,0.0,0.0
2009-03-17 00:00:00+09:00,295.5104064941406,295.5104064941406,295.5104064941406,295.5104064941406,1200,0.0,0.0
2009-03-18 00:00:00+09:00,332.4491981183979,332.4491981183979,327.83184814453125,327.83184814453125,2600,0.0,0.0
2009-03-19 00:00:00+09:00,318.59720925723803,318.59720925723803,309.3625075396369,313.9798583984375,1200,0.0,0.0
2009-03-23 00:00:00+09:00,318.59715794154573,323.2145080566406,318.59715794154573,323.2145080566406,2000,0.0,0.0
2009-03-24 00:00:00+09:00,323.21456011603857,323.21456011603857,313.9798583984375,313.9798583984375,2000,0.0,0.0
2009-03-25 00:00:00+09:00,318.59716796875,318.59716796875,313.9798177083333,318.59716796875,1400,0.0,0.0
2009-03-26 00:00:00+09:00,323.2145080566406,323.2145080566406,323.2145080566406,323.2145080566406,800,0.0,0.0
2009-03-27 00:00:00+09:00,327.8318684895833,332.44921875,327.8318684895833,332.44921875,1800,0.0,0.0
2009-03-30 00:00:00+09:00,332.44921875,346.30126953125,332.44921875,346.30126953125,2800,0.0,0.0
2009-03-31 00:00:00+09:00,337.0665588378906,337.0665588378906,337.0665588378906,337.0665588378906,400,0.0,0.0
2009-04-01 00:00:00+09:00,337.0665588378906,337.0665588378906,337.0665588378906,337.0665588378906,1200,0.0,0.0
2009-04-02 00:00:00+09:00,341.6839192708333,341.6839192708333,332.44921875,332.44921875,800,0.0,0.0
2009-04-03 00:00:00+09:00,332.44920828683036,332.44920828683036,323.2145080566406,323.2145080566406,600,0.0,0.0
2009-04-06 00:00:00+09:00,323.2145182291667,323.2145182291667,318.59716796875,318.59716796875,600,0.0,0.0
2009-04-07 00:00:00+09:00,318.59715749256645,318.59715749256645,300.1277570582148,309.3624572753906,2400,0.0,0.0
2009-04-08 00:00:00+09:00,318.59716796875,318.59716796875,318.59716796875,318.59716796875,2800,0.0,0.0
2009-04-09 00:00:00+09:00,323.2145080566406,323.2145080566406,323.2145080566406,323.2145080566406,600,0.0,0.0
2009-04-10 00:00:00+09:00,332.4491981183979,337.06654809226455,313.9797982229313,327.83184814453125,2000,0.0,0.0
2009-04-13 00:00:00+09:00,332.44920871682365,337.0665588378906,327.8318585957566,337.0665588378906,800,0.0,0.0
2009-04-14 00:00:00+09:00,346.30124018742487,369.3879895332532,327.8318407107622,360.1532897949219,4400,0.0,0.0
2009-04-15 00:00:00+09:00,341.6839294433594,341.6839294433594,341.6839294433594,341.6839294433594,200,0.0,0.0
2009-04-16 00:00:00+09:00,346.30126953125,346.30126953125,346.30126953125,346.30126953125,800,0.0,0.0
2009-04-17 00:00:00+09:00,346.30126953125,346.30126953125,346.30126953125,346.30126953125,2400,0.0,0.0
2009-04-20 00:00:00+09:00,341.6839294433594,341.6839294433594,341.6839294433594,341.6839294433594,200,0.0,0.0
2009-04-21 00:00:00+09:00,355.5359906648335,355.5359906648335,341.6839390804893,350.91864013671875,3200,0.0,0.0
2009-04-22 00:00:00+09:00,355.5359700520833,355.5359700520833,346.30126953125,346.30126953125,0,0.0,0.0
2009-04-23 00:00:00+09:00,350.91864013671875,350.91864013671875,350.91864013671875,350.91864013671875,0,0.0,0.0
2009-04-24 00:00:00+09:00,355.53598063700906,355.53598063700906,341.6839294433594,341.6839294433594,1800,0.0,0.0
2009-04-27 00:00:00+09:00,355.53597984313967,369.3880310058594,355.53597984313967,369.3880310058594,2000,0.0,0.0
2009-04-28 00:00:00+09:00,374.00536104527913,378.6227111816406,374.00536104527913,378.6227111816406,2600,0.0,0.0
2009-04-30 00:00:00+09:00,369.3880310058594,369.3880310058594,369.3880310058594,369.3880310058594,800,0.0,0.0
2009-05-01 00:00:00+09:00,360.1532897949219,360.1532897949219,360.1532897949219,360.1532897949219,400,0.0,0.0
2009-05-07 00:00:00+09:00,369.3880109089177,378.6227111816406,364.7706607725562,378.6227111816406,2600,0.0,0.0
2009-05-08 00:00:00+09:00,378.6227111816406,378.6227111816406,378.6227111816406,378.6227111816406,200,0.0,0.0
2009-05-11 00:00:00+09:00,378.6227111816406,378.6227111816406,378.6227111816406,378.6227111816406,1800,0.0,0.0
2009-05-12 00:00:00+09:00,369.3880310058594,369.3880310058594,369.3880310058594,369.3880310058594,1600,0.0,0.0
2009-05-13 00:00:00+09:00,383.24005126953125,383.24005126953125,383.24005126953125,383.24005126953125,200,0.0,0.0
2009-05-14 00:00:00+09:00,378.62270125423566,383.24005126953125,374.00535123894014,383.24005126953125,1000,0.0,0.0
2009-05-15 00:00:00+09:00,378.6227317810059,378.6227317810059,369.3880310058594,369.3880310058594,1200,0.0,0.0
2009-05-18 00:00:00+09:00,378.6227111816406,383.2400613180021,378.6227111816406,378.6227111816406,3200,0.0,0.0
2009-05-19 00:00:00+09:00,378.6227111816406,378.6227111816406,378.6227111816406,378.6227111816406,200,0.0,0.0
2009-05-20 00:00:00+09:00,374.00537109375,374.00537109375,374.00537109375,374.00537109375,600,0.0,0.0
2009-05-21 00:00:00+09:00,369.3880310058594,369.3880310058594,369.3880310058594,369.3880310058594,600,0.0,0.0
2009-05-22 00:00:00+09:00,374.00537109375,374.00537109375,374.00537109375,374.00537109375,400,0.0,0.0
2009-05-25 00:00:00+09:00,378.6227213541667,378.6227213541667,374.00537109375,374.00537109375,600,0.0,0.0
2009-05-26 00:00:00+09:00,378.6227111816406,378.6227111816406,378.6227111816406,378.6227111816406,1800,0.0,0.0
2009-05-27 00:00:00+09:00,392.4747619628906,392.4747619628906,392.4747619628906,392.4747619628906,400,0.0,0.0
2009-05-28 00:00:00+09:00,392.4747619628906,392.4747619628906,392.4747619628906,392.4747619628906,3600,0.0,0.0
2009-05-29 00:00:00+09:00,392.4747619628906,392.4747619628906,392.4747619628906,392.4747619628906,400,0.0,0.0
2009-06-01 00:00:00+09:00,401.70947265625,401.70947265625,401.70947265625,401.70947265625,1600,0.0,0.0
2009-06-02 00:00:00+09:00,406.3267822265625,415.56148182262075,406.3267822265625,406.3267822265625,2400,0.0,0.0
2009-06-03 00:00:00+09:00,401.7094324285334,406.3267822265625,401.7094324285334,406.3267822265625,1200,0.0,0.0
2009-06-04 00:00:00+09:00,410.9441833496094,410.9441833496094,410.9441833496094,410.9441833496094,2000,0.0,0.0
2009-06-05 00:00:00+09:00,424.7962239583333,429.41357421875,424.7962239583333,429.41357421875,4000,0.0,0.0
2009-06-08 00:00:00+09:00,457.1176657104492,461.7350158691406,452.5003155517578,461.7350158691406,1200,0.0,0.0
2009-06-09 00:00:00+09:00,452.5003045333059,452.5003045333059,438.64825439453125,438.64825439453125,2600,0.0,0.0
2009-06-10 00:00:00+09:00,452.5003356933594,452.5003356933594,452.5003356933594,452.5003356933594,600,0.0,0.0
2009-06-11 00:00:00+09:00,461.7350457941444,475.58709716796875,461.7350457941444,475.58709716796875,3400,0.0,0.0
2009-06-12 00:00:00+09:00,466.35236602783203,466.35236602783203,461.7350158691406,461.7350158691406,800,0.0,0.0
2009-06-15 00:00:00+09:00,489.4391690767728,489.4391690767728,480.2044677734375,480.2044677734375,6800,0.0,0.0
2009-06-16 00:00:00+09:00,475.58709716796875,475.58709716796875,475.58709716796875,475.58709716796875,3400,0.0,0.0
2009-06-17 00:00:00+09:00,480.2044061339727,480.2044061339727,466.35235595703125,466.35235595703125,0,0.0,0.0
2009-06-18 00:00:00+09:00,470.9697467100273,475.58709716796875,470.9697467100273,475.58709716796875,600,0.0,0.0
2009-06-19 00:00:00+09:00,489.4390967959449,489.4390967959449,484.8217468261719,484.8217468261719,400,0.0,0.0
2009-06-22 00:00:00+09:00,498.6738586425781,498.6738586425781,498.6738586425781,498.6738586425781,1000,0.0,0.0
2009-06-23 00:00:00+09:00,484.8217468261719,484.8217468261719,484.8217468261719,484.8217468261719,1400,0.0,0.0
2009-06-24 00:00:00+09:00,484.8217468261719,484.8217468261719,484.8217468261719,484.8217468261719,1400,0.0,0.0
2009-06-25 00:00:00+09:00,475.58710592764396,498.6738586425781,475.58710592764396,498.6738586425781,1600,0.0,0.0
2009-06-26 00:00:00+09:00,498.6738477434431,517.1432495117188,498.6738477434431,517.1432495117188,2400,0.0,0.0
2009-06-29 00:00:00+09:00,512.5258583762429,517.1432084517045,507.90850830078125,507.90850830078125,2800,0.0,0.0
2009-06-30 00:00:00+09:00,517.1432495117188,517.1432495117188,517.1432495117188,517.1432495117188,200,0.0,0.0
2009-07-01 00:00:00+09:00,512.5259188761753,521.7606201171875,512.5259188761753,521.7606201171875,1600,0.0,0.0
2009-07-02 00:00:00+09:00,507.9085672312769,535.6126708984375,507.9085672312769,535.6126708984375,4400,0.0,0.0
2009-07-03 00:00:00+09:00,521.7605189273232,526.3778686523438,512.5258194772821,526.3778686523438,2800,0.0,0.0
2009-07-06 00:00:00+09:00,517.1432495117188,517.1432495117188,517.1432495117188,517.1432495117188,2000,0.0,0.0
2009-07-07 00:00:00+09:00,517.1432495117188,517.1432495117188,517.1432495117188,517.1432495117188,800,0.0,0.0
2009-07-08 00:00:00+09:00,517.1432495117188,517.1432495117188,517.1432495117188,517.1432495117188,0,0.0,0.0
2009-07-09 00:00:00+09:00,507.90850830078125,507.90850830078125,507.90850830078125,507.90850830078125,400,0.0,0.0
2009-07-10 00:00:00+09:00,512.5259102715386,512.5259102715386,498.6738586425781,498.6738586425781,1000,0.0,0.0
2009-07-13 00:00:00+09:00,484.8217468261719,484.8217468261719,484.8217468261719,484.8217468261719,400,0.0,0.0
2009-07-14 00:00:00+09:00,470.96970601601174,475.58705607499223,466.35235595703125,466.35235595703125,1200,0.0,0.0
2009-07-15 00:00:00+09:00,461.7350158691406,461.7350158691406,461.7350158691406,461.7350158691406,200,0.0,0.0
2009-07-16 00:00:00+09:00,466.35236602783203,466.35236602783203,461.7350158691406,461.7350158691406,600,0.0,0.0
2009-07-17 00:00:00+09:00,480.20440730870325,494.05645751953125,480.20440730870325,494.05645751953125,800,0.0,0.0
2009-07-21 00:00:00+09:00,470.9697664701022,480.2044677734375,470.9697664701022,480.2044677734375,800,0.0,0.0
2009-07-22 00:00:00+09:00,466.3523763020833,489.4391276041667,466.3523763020833,470.9697265625,1800,0.0,0.0
2009-07-23 00:00:00+09:00,470.9697265625,470.9697265625,470.9697265625,470.9697265625,600,0.0,0.0
2009-07-24 00:00:00+09:00,470.9697265625,470.9697265625,470.9697265625,470.9697265625,200,0.0,0.0
2009-07-27 00:00:00+09:00,484.8217969421947,503.29119873046875,484.8217969421947,503.29119873046875,2800,0.0,0.0
2009-07-28 00:00:00+09:00,507.9085077303592,507.9085077303592,489.43910744925523,494.05645751953125,3000,0.0,0.0
2009-07-29 00:00:00+09:00,494.05645751953125,494.05645751953125,494.05645751953125,494.05645751953125,200,0.0,0.0
2009-07-30 00:00:00+09:00,494.05645751953125,494.05645751953125,494.05645751953125,494.05645751953125,400,0.0,0.0
2009-07-31 00:00:00+09:00,498.6738586425781,498.6738586425781,498.6738586425781,498.6738586425781,200,0.0,0.0
2009-08-03 00:00:00+09:00,503.29119873046875,503.29119873046875,503.29119873046875,503.29119873046875,1000,0.0,0.0
2009-08-04 00:00:00+09:00,507.90855037355885,507.90855037355885,475.58709716796875,475.58709716796875,2600,0.0,0.0
2009-08-05 00:00:00+09:00,475.58709716796875,480.2044476259102,470.9697467100273,475.58709716796875,2200,0.0,0.0
2009-08-06 00:00:00+09:00,470.9697265625,470.9697265625,470.9697265625,470.9697265625,400,0.0,0.0
2009-08-07 00:00:00+09:00,480.2044677734375,480.2044677734375,480.2044677734375,480.2044677734375,200,0.0,0.0
2009-08-10 00:00:00+09:00,484.8218070136176,498.6738586425781,484.8218070136176,498.6738586425781,1600,0.0,0.0
2009-08-11 00:00:00+09:00,494.05645751953125,494.05645751953125,494.05645751953125,494.05645751953125,400,0.0,0.0
2009-08-12 00:00:00+09:00,489.4390869140625,498.673786667158,489.4390869140625,489.4390869140625,1000,0.0,0.0
2009-08-13 00:00:00+09:00,498.67388751055745,512.5259399414062,498.67388751055745,512.5259399414062,3000,0.0,0.0
2009-08-14 00:00:00+09:00,512.5258990696499,517.1432495117188,512.5258990696499,517.1432495117188,400,0.0,0.0
2009-08-17 00:00:00+09:00,498.67380814985796,507.90850830078125,498.67380814985796,507.90850830078125,3000,0.0,0.0
2009-08-18 00:00:00+09:00,507.90850830078125,507.90850830078125,503.2911582253196,507.90850830078125,600,0.0,0.0
2009-08-19 00:00:00+09:00,512.5259102715386,517.1432608145254,498.6738586425781,498.6738586425781,4200,0.0,0.0
2009-08-20 00:00:00+09:00,498.6738586425781,498.6738586425781,498.6738586425781,498.6738586425781,600,0.0,0.0
2009-08-21 00:00:00+09:00,498.6738586425781,507.9085597285518,498.6738586425781,498.6738586425781,1200,0.0,0.0
2009-08-24 00:00:00+09:00,507.90850830078125,507.90850830078125,507.90850830078125,507.90850830078125,600,0.0,0.0
2009-08-25 00:00:00+09:00,507.9085891311233,512.5259399414062,503.29123832084036,512.5259399414062,4200,0.0,0.0
2009-08-26 00:00:00+09:00,498.6738482834002,503.29119873046875,498.6738482834002,503.29119873046875,1000,0.0,0.0
2009-08-27 00:00:00+09:00,503.29119873046875,503.29119873046875,498.6738482834002,503.29119873046875,1400,0.0,0.0
2009-08-28 00:00:00+09:00,503.291209185565,503.291209185565,498.6738586425781,498.6738586425781,2200,0.0,0.0
2009-08-31 00:00:00+09:00,498.6738586425781,498.6738586425781,498.6738586425781,498.6738586425781,400,0.0,0.0
2009-09-02 00:00:00+09:00,494.05643679061023,494.05643679061023,489.4390869140625,489.4390869140625,2400,0.0,0.0
2009-09-03 00:00:00+09:00,489.4390967959449,489.4390967959449,484.8217468261719,484.8217468261719,400,0.0,0.0
2009-09-04 00:00:00+09:00,489.4390869140625,489.4390869140625,489.4390869140625,489.4390869140625,200,0.0,0.0
2009-09-07 00:00:00+09:00,494.05644676571796,494.05644676571796,484.8217468261719,484.8217468261719,0,0.0,0.0
2009-09-08 00:00:00+09:00,489.4390869140625,489.4390869140625,489.4390869140625,489.4390869140625,200,0.0,0.0
2009-09-09 00:00:00+09:00,494.05644676571796,494.05644676571796,484.8217468261719,484.8217468261719,0,0.0,0.0
2009-09-10 00:00:00+09:00,489.4390869140625,489.4390869140625,489.4390869140625,489.4390869140625,0,0.0,0.0
2009-09-11 00:00:00+09:00,489.4390967959449,489.4390967959449,484.8217468261719,484.8217468261719,600,0.0,0.0
2009-09-14 00:00:00+09:00,484.82181842510516,484.82181842510516,480.2044677734375,480.2044677734375,1200,0.0,0.0
2009-09-15 00:00:00+09:00,484.82177734375,484.82177734375,470.9697265625,470.9697265625,1200,0.0,0.0
2009-09-16 00:00:00+09:00,461.73499521583017,461.73499521583017,447.8829453593553,457.1176452636719,2800,0.0,0.0
2009-09-17 00:00:00+09:00,457.1176860575773,457.1176860575773,452.5003356933594,452.5003356933594,1400,0.0,0.0
2009-09-18 00:00:00+09:00,457.1176452636719,457.1176452636719,452.5002953115136,457.1176452636719,1000,0.0,0.0
2009-09-21 00:00:00+09:00,457.1176452636719,457.1176452636719,457.1176452636719,457.1176452636719,0,0.0,0.0
2009-09-24 00:00:00+09:00,457.117695336203,475.58709716796875,447.8829944203201,475.58709716796875,2600,0.0,0.0
2009-09-25 00:00:00+09:00,480.2043968563988,484.8217468261719,480.2043968563988,484.8217468261719,600,0.0,0.0
2009-09-28 00:00:00+09:00,484.82179808385166,489.4391485417931,475.58709716796875,475.58709716796875,2800,0.0,0.0
2009-09-29 00:00:00+09:00,489.4391276041667,489.4391276041667,470.9697265625,470.9697265625,0,0.0,0.0
2009-09-30 00:00:00+09:00,484.82177734375,484.82177734375,470.9697265625,470.9697265625,0,0.0,0.0
2009-10-01 00:00:00+09:00,470.9697265625,470.9697265625,470.9697265625,470.9697265625,200,0.0,0.0
2009-10-02 00:00:00+09:00,480.2044270833333,480.2044270833333,443.265625,443.265625,0,0.0,0.0
2009-10-05 00:00:00+09:00,484.8217468261719,484.8217468261719,484.8217468261719,484.8217468261719,400,0.0,0.0
2009-10-06 00:00:00+09:00,447.8829453593553,457.1176452636719,447.8829453593553,457.1176452636719,2200,0.0,0.0
2009-10-07 00:00:00+09:00,457.1176452636719,457.1176452636719,457.1176452636719,457.1176452636719,200,0.0,0.0
2009-10-08 00:00:00+09:00,457.1176452636719,457.1176452636719,457.1176452636719,457.1176452636719,0,0.0,0.0
2009-10-09 00:00:00+09:00,452.5003356933594,452.5003356933594,452.5003356933594,452.5003356933594,200,0.0,0.0
2009-10-13 00:00:00+09:00,452.5003460756282,452.5003460756282,447.88299560546875,447.88299560546875,800,0.0,0.0
2009-10-14 00:00:00+09:00,443.26563561480975,443.26563561480975,410.94418301789653,424.7962341308594,2000,0.0,0.0
2009-10-15 00:00:00+09:00,415.5615234375,420.1788736979167,397.0921223958333,401.70947265625,4200,0.0,0.0
2009-10-16 00:00:00+09:00,378.62268927158453,378.62268927158453,346.30124018742487,360.1532897949219,13800,0.0,0.0
2009-10-19 00:00:00+09:00,360.1533404000198,364.77069091796875,341.6839383282239,364.77069091796875,8200,0.0,0.0
2009-10-20 00:00:00+09:00,350.9186197916667,364.7706705729167,341.6839192708333,346.30126953125,3600,0.0,0.0
2009-10-21 00:00:00+09:00,337.0665690104167,346.30126953125,332.44921875,332.44921875,4600,0.0,0.0
2009-10-22 00:00:00+09:00,350.9185900565905,360.1532897949219,346.30124018742487,360.1532897949219,6400,0.0,0.0
2009-10-23 00:00:00+09:00,360.15330897739955,360.15330897739955,323.2145080566406,323.2145080566406,16200,0.0,0.0
2009-10-26 00:00:00+09:00,327.83184814453125,327.83184814453125,323.2144981706646,327.83184814453125,4800,0.0,0.0
2009-10-27 00:00:00+09:00,323.2144981706646,327.83184814453125,318.597148196798,327.83184814453125,3400,0.0,0.0
2009-10-28 00:00:00+09:00,341.6839192708333,341.6839192708333,332.44921875,332.44921875,6600,0.0,0.0
2009-10-29 00:00:00+09:00,332.44921875,332.44921875,318.59716796875,318.59716796875,3200,0.0,0.0
2009-10-30 00:00:00+09:00,318.59716796875,318.59716796875,318.59716796875,318.59716796875,800,0.0,0.0
2009-11-02 00:00:00+09:00,313.9798583984375,318.59720925723803,313.9798583984375,313.9798583984375,1200,0.0,0.0
2009-11-04 00:00:00+09:00,327.83191097483916,327.83191097483916,313.9798583984375,313.9798583984375,2000,0.0,0.0
2009-11-05 00:00:00+09:00,327.83184814453125,327.83184814453125,327.83184814453125,327.83184814453125,200,0.0,0.0
2009-11-06 00:00:00+09:00,323.2145080566406,323.2145080566406,323.2145080566406,323.2145080566406,1400,0.0,0.0
2009-11-09 00:00:00+09:00,309.3624572753906,313.97980738397854,309.3624572753906,309.3624572753906,4600,0.0,0.0
2009-11-10 00:00:00+09:00,309.3625075396369,313.9798583984375,309.3625075396369,313.9798583984375,1200,0.0,0.0
2009-11-11 00:00:00+09:00,313.97980738397854,313.97980738397854,309.3624572753906,309.3624572753906,800,0.0,0.0
2009-11-12 00:00:00+09:00,313.9798177083333,313.9798177083333,304.7451171875,304.7451171875,0,0.0,0.0
2009-11-13 00:00:00+09:00,304.7451066970825,304.7451066970825,295.5104064941406,295.5104064941406,3000,0.0,0.0
2009-11-16 00:00:00+09:00,295.5104064941406,295.5104064941406,286.27570629119873,295.5104064941406,1200,0.0,0.0
2009-11-17 00:00:00+09:00,286.2757161458333,290.89306640625,286.2757161458333,290.89306640625,600,0.0,0.0
2009-11-18 00:00:00+09:00,290.893087418353,290.893087418353,281.65838623046875,281.65838623046875,1600,0.0,0.0
2009-11-19 00:00:00+09:00,277.0409851074219,277.0409851074219,263.18893585205075,277.0409851074219,5000,0.0,0.0
2009-11-20 00:00:00+09:00,281.65838623046875,281.65838623046875,281.65838623046875,281.65838623046875,600,0.0,0.0
2009-11-24 00:00:00+09:00,277.04100608825684,295.5104064941406,277.04100608825684,295.5104064941406,800,0.0,0.0
2009-11-25 00:00:00+09:00,277.0409851074219,277.0409851074219,277.0409851074219,277.0409851074219,2600,0.0,0.0
2009-11-26 00:00:00+09:00,277.0409851074219,277.0409851074219,272.4236353556315,277.0409851074219,1200,0.0,0.0
2009-11-27 00:00:00+09:00,272.42368606041214,272.42368606041214,253.95428361563845,267.80633544921875,5600,0.0,0.0
2009-11-30 00:00:00+09:00,281.65838623046875,281.65838623046875,281.65838623046875,281.65838623046875,600,0.0,0.0
2009-12-01 00:00:00+09:00,290.89306640625,290.89306640625,290.89306640625,290.89306640625,2000,0.0,0.0
2009-12-02 00:00:00+09:00,277.0409851074219,277.0409851074219,277.0409851074219,277.0409851074219,800,0.0,0.0
2009-12-03 00:00:00+09:00,286.2756846110026,286.2756846110026,277.0409851074219,277.0409851074219,400,0.0,0.0
2009-12-04 00:00:00+09:00,281.65838623046875,281.65838623046875,281.65838623046875,281.65838623046875,600,0.0,0.0
2009-12-07 00:00:00+09:00,290.89306640625,290.89306640625,286.2757161458333,290.89306640625,3800,0.0,0.0
2009-12-08 00:00:00+09:00,290.89306640625,290.89306640625,286.2757161458333,290.89306640625,1400,0.0,0.0
2009-12-09 00:00:00+09:00,286.2757263183594,286.2757263183594,286.2757263183594,286.2757263183594,800,0.0,0.0
2009-12-10 00:00:00+09:00,286.27570629119873,295.5104064941406,286.27570629119873,295.5104064941406,1400,0.0,0.0
2009-12-11 00:00:00+09:00,295.5104064941406,295.5104064941406,295.5104064941406,295.5104064941406,800,0.0,0.0
2009-12-14 00:00:00+09:00,290.8930563926697,295.5104064941406,290.8930563926697,295.5104064941406,400,0.0,0.0
2009-12-15 00:00:00+09:00,290.8930466871995,300.12774658203125,290.8930466871995,300.12774658203125,600,0.0,0.0
2009-12-16 00:00:00+09:00,295.5104064941406,295.5104064941406,295.5104064941406,295.5104064941406,200,0.0,0.0
2009-12-17 00:00:00+09:00,286.27573682441084,286.27573682441084,281.65838623046875,281.65838623046875,800,0.0,0.0
2009-12-18 00:00:00+09:00,281.65838623046875,281.65838623046875,281.65838623046875,281.65838623046875,0,0.0,0.0
2009-12-21 00:00:00+09:00,281.65838623046875,281.65838623046875,281.65838623046875,281.65838623046875,200,0.0,0.0
2009-12-22 00:00:00+09:00,290.89306640625,290.89306640625,290.89306640625,290.89306640625,400,0.0,0.0
2009-12-24 00:00:00+09:00,286.27573682441084,290.893087418353,281.65838623046875,281.65838623046875,1200,0.0,0.0
2009-12-25 00:00:00+09:00,281.65838623046875,286.27573682441084,281.65838623046875,281.65838623046875,1800,0.0,0.0
2009-12-28 00:00:00+09:00,286.2757263183594,286.2757263183594,277.04102546938003,286.2757263183594,3400,0.0,0.0
2009-12-29 00:00:00+09:00,286.2757263183594,286.2757263183594,286.2757263183594,286.2757263183594,600,0.0,0.0
2009-12-30 00:00:00+09:00,281.65833485921223,286.2756846110026,277.0409851074219,277.0409851074219,800,0.0,0.0
2010-01-04 00:00:00+09:00,272.4236755371094,272.4236755371094,272.4236755371094,272.4236755371094,600,0.0,0.0
2010-01-05 00:00:00+09:00,272.4236755371094,272.4236755371094,272.4236755371094,272.4236755371094,1600,0.0,0.0
2010-01-06 00:00:00+09:00,272.4236353556315,277.0409851074219,272.4236353556315,277.0409851074219,1200,0.0,0.0
2010-01-07 00:00:00+09:00,277.04102596994176,277.04102596994176,272.4236755371094,272.4236755371094,0,0.0,0.0
2010-01-08 00:00:00+09:00,277.04103563652666,286.27573682441084,277.04103563652666,281.65838623046875,1000,0.0,0.0
2010-01-12 00:00:00+09:00,286.27573789399247,286.27573789399247,267.80633544921875,267.80633544921875,5400,0.0,0.0
2010-01-13 00:00:00+09:00,263.1889343261719,263.1889343261719,263.1889343261719,263.1889343261719,800,0.0,0.0
2010-01-14 00:00:00+09:00,263.1889343261719,267.80628405119245,249.3368851511102,263.1889343261719,7200,0.0,0.0
2010-01-15 00:00:00+09:00,258.57163422683186,267.80633544921875,258.57163422683186,267.80633544921875,2400,0.0,0.0
2010-01-18 00:00:00+09:00,267.80633544921875,267.80633544921875,267.80633544921875,267.80633544921875,600,0.0,0.0
2010-01-19 00:00:00+09:00,263.1889343261719,263.1889343261719,263.1889343261719,263.1889343261719,200,0.0,0.0
2010-01-20 00:00:00+09:00,263.1889343261719,263.1889343261719,263.1889343261719,263.1889343261719,1000,0.0,0.0
2010-01-21 00:00:00+09:00,263.1889343261719,263.1889343261719,253.95423487613076,263.1889343261719,1800,0.0,0.0
2010-01-22 00:00:00+09:00,258.5715846011513,267.80628405119245,258.5715846011513,263.1889343261719,1800,0.0,0.0
2010-01-25 00:00:00+09:00,267.80633544921875,267.80633544921875,267.80633544921875,267.80633544921875,1000,0.0,0.0
2010-01-26 00:00:00+09:00,272.4236755371094,272.4236755371094,272.4236755371094,272.4236755371094,2800,0.0,0.0
2010-01-27 00:00:00+09:00,272.4236850425845,281.65838623046875,272.4236850425845,281.65838623046875,2600,0.0,0.0
2010-01-28 00:00:00+09:00,290.8930563926697,304.7451066970825,290.8930563926697,295.5104064941406,9200,0.0,0.0
2010-01-29 00:00:00+09:00,295.5104271673387,295.5104271673387,281.65837589386973,286.2757263183594,4000,0.0,0.0
2010-02-01 00:00:00+09:00,286.2757263183594,286.2757263183594,286.2757263183594,286.2757263183594,200,0.0,0.0
2010-02-02 00:00:00+09:00,286.2757263183594,286.2757263183594,286.2757263183594,286.2757263183594,2200,0.0,0.0
2010-02-03 00:00:00+09:00,281.65838623046875,290.893087418353,281.65838623046875,281.65838623046875,2400,0.0,0.0
2010-02-04 00:00:00+09:00,290.89306640625,290.89306640625,290.89306640625,290.89306640625,2600,0.0,0.0
2010-02-05 00:00:00+09:00,281.65838623046875,281.65838623046875,281.65838623046875,281.65838623046875,600,0.0,0.0
2010-02-08 00:00:00+09:00,277.0409851074219,277.0409851074219,277.0409851074219,277.0409851074219,1000,0.0,0.0
2010-02-09 00:00:00+09:00,267.80633544921875,267.80633544921875,267.80633544921875,267.80633544921875,200,0.0,0.0
2010-02-10 00:00:00+09:00,272.42368606041214,272.42368606041214,267.80633544921875,267.80633544921875,1400,0.0,0.0
2010-02-12 00:00:00+09:00,277.0409851074219,277.0409851074219,277.0409851074219,277.0409851074219,200,0.0,0.0
2010-02-15 00:00:00+09:00,281.65838623046875,281.65838623046875,281.65838623046875,281.65838623046875,400,0.0,0.0
2010-02-16 00:00:00+09:00,277.0410366716056,277.0410366716056,267.80633544921875,267.80633544921875,800,0.0,0.0
2010-02-17 00:00:00+09:00,290.89306640625,290.89306640625,290.89306640625,290.89306640625,3000,0.0,0.0
2010-02-18 00:00:00+09:00,295.5104271673387,295.5104271673387,286.2757263183594,286.2757263183594,1400,0.0,0.0
2010-02-19 00:00:00+09:00,286.2757161458333,290.89306640625,286.2757161458333,290.89306640625,600,0.0,0.0
2010-02-22 00:00:00+09:00,290.893076742849,295.5104271673387,286.2757263183594,286.2757263183594,3400,0.0,0.0
2010-02-23 00:00:00+09:00,286.2757161458333,290.89306640625,286.2757161458333,290.89306640625,800,0.0,0.0
2010-02-24 00:00:00+09:00,286.2756846110026,290.89303436279295,277.0409851074219,277.0409851074219,1800,0.0,0.0
2010-02-25 00:00:00+09:00,272.4236755371094,272.4236755371094,272.4236755371094,272.4236755371094,1800,0.0,0.0
2010-02-26 00:00:00+09:00,272.4236353556315,277.0409851074219,272.4236353556315,277.0409851074219,1000,0.0,0.0
2010-03-01 00:00:00+09:00,295.5103966346154,327.83184626652644,295.5103966346154,300.12774658203125,8600,0.0,0.0
2010-03-02 00:00:00+09:00,313.9798177083333,313.9798177083333,290.89306640625,290.89306640625,5000,0.0,0.0
2010-03-03 00:00:00+09:00,286.27573682441084,286.27573682441084,281.65838623046875,281.65838623046875,1200,0.0,0.0
2010-03-04 00:00:00+09:00,290.8930563926697,295.5104064941406,290.8930563926697,295.5104064941406,1000,0.0,0.0
2010-03-05 00:00:00+09:00,295.5104271673387,295.5104271673387,286.2757263183594,286.2757263183594,0,0.0,0.0
2010-03-08 00:00:00+09:00,290.8930563926697,295.5104064941406,290.8930563926697,295.5104064941406,600,0.0,0.0
2010-03-09 00:00:00+09:00,300.1277669270833,300.1277669270833,290.89306640625,290.89306640625,0,0.0,0.0
2010-03-10 00:00:00+09:00,290.893076742849,290.893076742849,286.2757263183594,286.2757263183594,600,0.0,0.0
2010-03-11 00:00:00+09:00,290.893076742849,290.893076742849,286.2757263183594,286.2757263183594,600,0.0,0.0
2010-03-12 00:00:00+09:00,286.2757263183594,286.2757263183594,286.2757263183594,286.2757263183594,600,0.0,0.0
2010-03-15 00:00:00+09:00,290.893076742849,290.893076742849,286.2757263183594,286.2757263183594,0,0.0,0.0
2010-03-16 00:00:00+09:00,286.2757161458333,290.89306640625,286.2757161458333,290.89306640625,1600,0.0,0.0
2010-03-17 00:00:00+09:00,286.2757161458333,290.89306640625,286.2757161458333,290.89306640625,800,0.0,0.0
2010-03-18 00:00:00+09:00,290.89306640625,290.89306640625,290.89306640625,290.89306640625,1800,0.0,0.0
2010-03-19 00:00:00+09:00,295.5104064941406,295.5104064941406,295.5104064941406,295.5104064941406,2000,0.0,0.0
2010-03-23 00:00:00+09:00,295.5104166666667,295.5104166666667,286.2757161458333,290.89306640625,4600,0.0,0.0
2010-03-24 00:00:00+09:00,290.89306640625,300.1277669270833,290.89306640625,290.89306640625,5400,0.0,0.0
2010-03-25 00:00:00+09:00,286.2757161458333,290.89306640625,286.2757161458333,290.89306640625,6000,0.0,0.0
2010-03-26 00:00:00+09:00,290.893076742849,290.893076742849,286.2757263183594,286.2757263183594,4800,0.0,0.0
2010-03-29 00:00:00+09:00,290.89306640625,290.89306640625,290.89306640625,290.89306640625,5800,0.0,0.0
2010-03-30 00:00:00+09:00,300.1277669270833,304.7451171875,300.1277669270833,304.7451171875,2000,0.0,0.0
2010-03-31 00:00:00+09:00,309.3624674479167,309.3624674479167,304.7451171875,304.7451171875,5200,0.0,0.0
2010-04-01 00:00:00+09:00,309.36248470258107,374.0053919538667,309.36248470258107,364.77069091796875,26000,0.0,0.0
2010-04-02 00:00:00+09:00,355.5359700520833,355.5359700520833,332.44921875,332.44921875,6800,0.0,0.0
2010-04-05 00:00:00+09:00,327.83184814453125,332.4491981183979,327.83184814453125,327.83184814453125,1800,0.0,0.0
2010-04-06 00:00:00+09:00,332.44920828683036,332.44920828683036,313.9798078264509,323.2145080566406,6200,0.0,0.0
2010-04-07 00:00:00+09:00,323.21450847468964,337.0665588378906,323.21450847468964,337.0665588378906,2600,0.0,0.0
2010-04-08 00:00:00+09:00,337.0665584019252,337.0665584019252,323.2145080566406,323.2145080566406,2000,0.0,0.0
2010-04-09 00:00:00+09:00,327.8318684895833,360.1533203125,327.8318684895833,346.30126953125,6800,0.0,0.0
2010-04-12 00:00:00+09:00,360.1532997032264,360.1532997032264,355.53594970703125,355.53594970703125,1400,0.0,0.0
2010-04-13 00:00:00+09:00,369.3879895332532,374.0053394024189,360.1532897949219,360.1532897949219,3600,0.0,0.0
2010-04-14 00:00:00+09:00,364.77069091796875,364.77069091796875,364.77069091796875,364.77069091796875,1000,0.0,0.0
2010-04-15 00:00:00+09:00,360.1532897949219,364.7706396640875,360.1532897949219,360.1532897949219,1200,0.0,0.0
2010-04-16 00:00:00+09:00,364.7706705729167,374.00537109375,364.7706705729167,374.00537109375,6000,0.0,0.0
2010-04-19 00:00:00+09:00,360.1532897949219,369.3879895332532,355.5359399257562,360.1532897949219,4000,0.0,0.0
2010-04-20 00:00:00+09:00,360.1533203125,387.857421875,360.1533203125,374.00537109375,7000,0.0,0.0
2010-04-21 00:00:00+09:00,374.00538139343263,392.4747829437256,369.3880310058594,369.3880310058594,5000,0.0,0.0
2010-04-22 00:00:00+09:00,374.00538139343263,374.00538139343263,369.3880310058594,369.3880310058594,1000,0.0,0.0
2010-04-23 00:00:00+09:00,378.6227213541667,378.6227213541667,374.00537109375,374.00537109375,400,0.0,0.0
2010-04-26 00:00:00+09:00,374.00537109375,374.00537109375,374.00537109375,374.00537109375,800,0.0,0.0
2010-04-27 00:00:00+09:00,378.6227317810059,378.6227317810059,364.7706806182862,369.3880310058594,1400,0.0,0.0
2010-04-28 00:00:00+09:00,346.3012497146408,360.1532997032264,346.3012497146408,355.53594970703125,8400,0.0,0.0
2010-04-30 00:00:00+09:00,360.1533302307129,369.3880310058594,360.1533302307129,369.3880310058594,3600,0.0,0.0
2010-05-06 00:00:00+09:00,369.3879895332532,369.3879895332532,360.1532897949219,360.1532897949219,1400,0.0,0.0
2010-05-07 00:00:00+09:00,350.918599710836,355.53594970703125,346.3012497146408,355.53594970703125,1600,0.0,0.0
2010-05-10 00:00:00+09:00,341.6839192708333,350.9186197916667,341.6839192708333,346.30126953125,1400,0.0,0.0
2010-05-11 00:00:00+09:00,346.30125908002464,346.30125908002464,337.0665588378906,337.0665588378906,1000,0.0,0.0
2010-05-12 00:00:00+09:00,332.44920871682365,337.0665588378906,332.44920871682365,337.0665588378906,1400,0.0,0.0
2010-05-13 00:00:00+09:00,337.0665690104167,346.30126953125,337.0665690104167,346.30126953125,1600,0.0,0.0
2010-05-14 00:00:00+09:00,346.30126953125,346.30126953125,346.30126953125,346.30126953125,400,0.0,0.0
2010-05-17 00:00:00+09:00,337.0665690104167,337.0665690104167,332.44921875,332.44921875,1600,0.0,0.0
2010-05-18 00:00:00+09:00,332.44921875,332.44921875,332.44921875,332.44921875,200,0.0,0.0
2010-05-19 00:00:00+09:00,332.44920828683036,332.44920828683036,323.2145080566406,323.2145080566406,600,0.0,0.0
2010-05-20 00:00:00+09:00,323.21450847468964,337.0665588378906,318.59715835362266,337.0665588378906,1600,0.0,0.0
2010-05-21 00:00:00+09:00,313.9798177083333,318.59716796875,313.9798177083333,318.59716796875,1000,0.0,0.0
2010-05-24 00:00:00+09:00,323.2145182291667,332.44921875,323.2145182291667,332.44921875,600,0.0,0.0
2010-05-25 00:00:00+09:00,327.8318684895833,332.44921875,327.8318684895833,332.44921875,800,0.0,0.0
2010-05-26 00:00:00+09:00,313.9798583984375,313.9798583984375,309.3625075396369,313.9798583984375,1000,0.0,0.0
2010-05-27 00:00:00+09:00,323.2145182291667,332.44921875,323.2145182291667,332.44921875,600,0.0,0.0
2010-05-28 00:00:00+09:00,337.0665588378906,337.0665588378906,337.0665588378906,337.0665588378906,2000,0.0,0.0
2010-05-31 00:00:00+09:00,327.83184814453125,327.83184814453125,327.83184814453125,327.83184814453125,1600,0.0,0.0
2010-06-01 00:00:00+09:00,332.44921875,332.44921875,332.44921875,332.44921875,1400,0.0,0.0
2010-06-02 00:00:00+09:00,337.0665584019252,337.0665584019252,323.2145080566406,323.2145080566406,0,0.0,0.0
2010-06-03 00:00:00+09:00,332.44921875,332.44921875,332.44921875,332.44921875,1400,0.0,0.0
2010-06-04 00:00:00+09:00,327.83184814453125,327.83184814453125,327.83184814453125,327.83184814453125,200,0.0,0.0
2010-06-07 00:00:00+09:00,327.83184814453125,327.83184814453125,327.83184814453125,327.83184814453125,400,0.0,0.0
2010-06-08 00:00:00+09:00,327.83184814453125,327.83184814453125,327.83184814453125,327.83184814453125,200,0.0,0.0
2010-06-09 00:00:00+09:00,327.83184814453125,327.83184814453125,327.83184814453125,327.83184814453125,400,0.0,0.0
2010-06-10 00:00:00+09:00,327.83191097483916,327.83191097483916,313.9798583984375,313.9798583984375,800,0.0,0.0
2010-06-11 00:00:00+09:00,323.2145080566406,323.2145080566406,323.2145080566406,323.2145080566406,600,0.0,0.0
2010-06-14 00:00:00+09:00,318.59716796875,318.59716796875,318.59716796875,318.59716796875,800,0.0,0.0
2010-06-15 00:00:00+09:00,318.59716796875,318.59716796875,318.59716796875,318.59716796875,400,0.0,0.0
2010-06-16 00:00:00+09:00,318.59720925723803,318.59720925723803,313.9798583984375,313.9798583984375,400,0.0,0.0
2010-06-17 00:00:00+09:00,323.21456011603857,323.21456011603857,313.9798583984375,313.9798583984375,0,0.0,0.0
2010-06-18 00:00:00+09:00,313.9798583984375,313.9798583984375,313.9798583984375,313.9798583984375,1200,0.0,0.0
2010-06-21 00:00:00+09:00,313.9798177083333,318.59716796875,313.9798177083333,318.59716796875,400,0.0,0.0
2010-06-22 00:00:00+09:00,304.7451171875,304.7451171875,304.7451171875,304.7451171875,1000,0.0,0.0
2010-06-23 00:00:00+09:00,304.7451171875,304.7451171875,304.7451171875,304.7451171875,400,0.0,0.0
2010-06-24 00:00:00+09:00,304.7451171875,304.7451171875,304.7451171875,304.7451171875,800,0.0,0.0
2010-06-25 00:00:00+09:00,304.7450965294471,304.7450965294471,300.12774658203125,300.12774658203125,1800,0.0,0.0
2010-06-28 00:00:00+09:00,313.9798177083333,313.9798177083333,304.7451171875,304.7451171875,2200,0.0,0.0
2010-06-29 00:00:00+09:00,313.9798177083333,313.9798177083333,304.7451171875,304.7451171875,0,0.0,0.0
2010-06-30 00:00:00+09:00,304.7451566808364,313.9798583984375,304.7451566808364,313.9798583984375,400,0.0,0.0
2010-07-01 00:00:00+09:00,318.5971463716947,318.5971463716947,300.12774658203125,300.12774658203125,0,0.0,0.0
2010-07-02 00:00:00+09:00,300.12774658203125,300.12774658203125,300.12774658203125,300.12774658203125,400,0.0,0.0
2010-07-05 00:00:00+09:00,300.12774658203125,300.12774658203125,300.12774658203125,300.12774658203125,200,0.0,0.0
2010-07-06 00:00:00+09:00,295.5104166666667,295.5104166666667,290.89306640625,290.89306640625,800,0.0,0.0
2010-07-07 00:00:00+09:00,290.89306640625,290.89306640625,290.89306640625,290.89306640625,200,0.0,0.0
2010-07-08 00:00:00+09:00,300.1277570582148,309.3624572753906,300.1277570582148,309.3624572753906,1000,0.0,0.0
2010-07-09 00:00:00+09:00,309.3624572753906,309.3624572753906,309.3624572753906,309.3624572753906,1400,0.0,0.0
2010-07-12 00:00:00+09:00,309.3624572753906,309.3624572753906,309.3624572753906,309.3624572753906,3600,0.0,0.0
2010-07-13 00:00:00+09:00,290.8930563926697,295.5104064941406,290.8930563926697,295.5104064941406,1000,0.0,0.0
2010-07-14 00:00:00+09:00,309.3624572753906,309.3624572753906,309.3624572753906,309.3624572753906,400,0.0,0.0
2010-07-15 00:00:00+09:00,309.3624674479167,309.3624674479167,304.7451171875,304.7451171875,1400,0.0,0.0
2010-07-16 00:00:00+09:00,300.1277669270833,304.7451171875,290.89306640625,290.89306640625,1400,0.0,0.0
2010-07-21 00:00:00+09:00,281.65833485921223,281.65833485921223,277.0409851074219,277.0409851074219,400,0.0,0.0
2010-07-22 00:00:00+09:00,281.65837589386973,286.2757263183594,281.65837589386973,286.2757263183594,600,0.0,0.0
2010-07-23 00:00:00+09:00,304.7451171875,304.7451171875,304.7451171875,304.7451171875,600,0.0,0.0
2010-07-26 00:00:00+09:00,290.89306640625,290.89306640625,290.89306640625,290.89306640625,600,0.0,0.0
2010-07-27 00:00:00+09:00,300.1277570582148,309.3624572753906,300.1277570582148,309.3624572753906,1200,0.0,0.0
2010-07-28 00:00:00+09:00,300.1277570582148,318.59715749256645,300.1277570582148,309.3624572753906,2600,0.0,0.0
2010-07-29 00:00:00+09:00,313.9798583984375,313.9798583984375,313.9798583984375,313.9798583984375,200,0.0,0.0
2010-07-30 00:00:00+09:00,313.9798177083333,313.9798177083333,304.7451171875,304.7451171875,0,0.0,0.0
2010-08-02 00:00:00+09:00,313.97980738397854,313.97980738397854,309.3624572753906,309.3624572753906,0,0.0,0.0
2010-08-03 00:00:00+09:00,313.97980738397854,313.97980738397854,309.3624572753906,309.3624572753906,0,0.0,0.0
2010-08-04 00:00:00+09:00,309.3624572753906,309.3624572753906,309.3624572753906,309.3624572753906,2000,0.0,0.0
2010-08-05 00:00:00+09:00,309.3624674479167,309.3624674479167,304.7451171875,304.7451171875,2200,0.0,0.0
2010-08-06 00:00:00+09:00,309.3624674479167,309.3624674479167,304.7451171875,304.7451171875,0,0.0,0.0
2010-08-09 00:00:00+09:00,304.7450965294471,304.7450965294471,300.12774658203125,300.12774658203125,600,0.0,0.0
2010-08-10 00:00:00+09:00,309.36245679855347,309.36245679855347,295.5104064941406,295.5104064941406,0,0.0,0.0
2010-08-11 00:00:00+09:00,309.362446476863,309.362446476863,300.12774658203125,300.12774658203125,0,0.0,0.0
2010-08-12 00:00:00+09:00,300.12773212633635,300.12773212633635,263.1889343261719,263.1889343261719,2200,0.0,0.0
2010-08-13 00:00:00+09:00,281.65838623046875,281.65838623046875,281.65838623046875,281.65838623046875,600,0.0,0.0
2010-08-16 00:00:00+09:00,281.65838623046875,281.65838623046875,281.65838623046875,281.65838623046875,200,0.0,0.0
2010-08-17 00:00:00+09:00,309.3624674479167,309.3624674479167,290.89306640625,290.89306640625,0,0.0,0.0
2010-08-18 00:00:00+09:00,281.65838623046875,281.65838623046875,281.65838623046875,281.65838623046875,800,0.0,0.0
2010-08-19 00:00:00+09:00,277.0409851074219,277.0409851074219,277.0409851074219,277.0409851074219,1600,0.0,0.0
2010-08-20 00:00:00+09:00,281.65838623046875,281.65838623046875,281.65838623046875,281.65838623046875,2000,0.0,0.0
2010-08-23 00:00:00+09:00,295.5104380122951,295.5104380122951,281.65838623046875,281.65838623046875,1000,0.0,0.0
2010-08-24 00:00:00+09:00,295.5103841145833,295.5103841145833,263.18893585205075,277.0409851074219,2400,0.0,0.0
2010-08-25 00:00:00+09:00,281.6583764027741,281.6583764027741,272.4236755371094,272.4236755371094,400,0.0,0.0
2010-08-26 00:00:00+09:00,272.4236353556315,277.0409851074219,272.4236353556315,277.0409851074219,800,0.0,0.0
2010-08-27 00:00:00+09:00,286.2757263183594,286.2757263183594,286.2757263183594,286.2757263183594,200,0.0,0.0
2010-08-30 00:00:00+09:00,290.893087418353,290.893087418353,277.04103563652666,281.65838623046875,3200,0.0,0.0
2010-08-31 00:00:00+09:00,281.65838623046875,281.65838623046875,281.65838623046875,281.65838623046875,200,0.0,0.0
2010-09-01 00:00:00+09:00,286.2757263183594,286.2757263183594,286.2757263183594,286.2757263183594,400,0.0,0.0
2010-09-02 00:00:00+09:00,290.89306640625,290.89306640625,290.89306640625,290.89306640625,200,0.0,0.0
2010-09-03 00:00:00+09:00,286.2757263183594,286.2757263183594,286.2757263183594,286.2757263183594,200,0.0,0.0
2010-09-06 00:00:00+09:00,281.6583764027741,281.6583764027741,272.4236755371094,272.4236755371094,400,0.0,0.0
2010-09-07 00:00:00+09:00,286.2757263183594,286.2757263183594,286.2757263183594,286.2757263183594,3200,0.0,0.0
2010-09-08 00:00:00+09:00,286.2757263183594,286.2757263183594,286.2757263183594,286.2757263183594,200,0.0,0.0
2010-09-09 00:00:00+09:00,290.89303436279295,290.89303436279295,277.0409851074219,277.0409851074219,0,0.0,0.0
2010-09-10 00:00:00+09:00,286.2757263183594,286.2757263183594,286.2757263183594,286.2757263183594,400,0.0,0.0
2010-09-13 00:00:00+09:00,272.4236353556315,277.0409851074219,267.80628560384116,277.0409851074219,1200,0.0,0.0
2010-09-14 00:00:00+09:00,272.4236755371094,277.04102596994176,267.806325104277,272.4236755371094,400,0.0,0.0
2010-09-16 00:00:00+09:00,272.42363377621297,272.42363377621297,263.1889343261719,263.1889343261719,2400,0.0,0.0
2010-09-17 00:00:00+09:00,258.5716242386123,272.4236755371094,253.95427380577993,272.4236755371094,3200,0.0,0.0
2010-09-21 00:00:00+09:00,267.80633544921875,267.80633544921875,263.1889848380253,267.80633544921875,1400,0.0,0.0
2010-09-22 00:00:00+09:00,272.4236755371094,272.4236755371094,272.4236755371094,272.4236755371094,200,0.0,0.0
2010-09-24 00:00:00+09:00,263.1889343261719,263.1889343261719,263.1889343261719,263.1889343261719,600,0.0,0.0
2010-09-27 00:00:00+09:00,258.5716242386123,272.4236755371094,253.95427380577993,272.4236755371094,3800,0.0,0.0
2010-09-28 00:00:00+09:00,267.80628405119245,267.80628405119245,263.1889343261719,263.1889343261719,2200,0.0,0.0
2010-09-29 00:00:00+09:00,263.1889343261719,263.1889343261719,263.1889343261719,263.1889343261719,200,0.0,0.0
2010-09-30 00:00:00+09:00,258.5716247558594,258.5716247558594,258.5716247558594,258.5716247558594,200,0.0,0.0
2010-10-01 00:00:00+09:00,258.57160422585224,258.57160422585224,253.95425415039062,253.95425415039062,400,0.0,0.0
2010-10-04 00:00:00+09:00,277.0409851074219,346.30123138427734,277.0409851074219,277.0409851074219,28000,0.0,0.0
2010-10-05 00:00:00+09:00,277.04102596994176,277.04102596994176,263.18897467144467,272.4236755371094,2600,0.0,0.0
2010-10-06 00:00:00+09:00,267.8063256399972,267.8063256399972,258.5716247558594,258.5716247558594,3400,0.0,0.0
2010-10-07 00:00:00+09:00,267.80628405119245,267.80628405119245,263.1889343261719,263.1889343261719,400,0.0,0.0
2010-10-08 00:00:00+09:00,263.1889343261719,263.1889343261719,263.1889343261719,263.1889343261719,1000,0.0,0.0
2010-10-12 00:00:00+09:00,258.5715846011513,263.1889343261719,258.5715846011513,263.1889343261719,1600,0.0,0.0
2010-10-13 00:00:00+09:00,263.1889751979283,272.42367608206615,258.5716247558594,258.5716247558594,2000,0.0,0.0
2010-10-14 00:00:00+09:00,253.95425415039062,253.95425415039062,253.95425415039062,253.95425415039062,1000,0.0,0.0
2010-10-15 00:00:00+09:00,258.57160422585224,258.57160422585224,253.95425415039062,253.95425415039062,2400,0.0,0.0
2010-10-18 00:00:00+09:00,244.71954345703125,244.71954345703125,244.71954345703125,244.71954345703125,2000,0.0,0.0
2010-10-19 00:00:00+09:00,253.9542798642759,253.9542798642759,249.33692932128906,249.33692932128906,2400,0.0,0.0
2010-10-20 00:00:00+09:00,240.10223388671875,240.10223388671875,240.10223388671875,240.10223388671875,400,0.0,0.0
2010-10-21 00:00:00+09:00,240.10223388671875,240.10223388671875,240.10223388671875,240.10223388671875,1200,0.0,0.0
2010-10-22 00:00:00+09:00,240.10223388671875,240.10223388671875,240.10223388671875,240.10223388671875,200,0.0,0.0
2010-10-25 00:00:00+09:00,240.10223388671875,240.10223388671875,240.10223388671875,240.10223388671875,1200,0.0,0.0
2010-10-26 00:00:00+09:00,240.10223388671875,240.10223388671875,240.10223388671875,240.10223388671875,200,0.0,0.0
2010-10-27 00:00:00+09:00,244.71954345703125,249.336893333579,244.71954345703125,244.71954345703125,1000,0.0,0.0
2010-10-28 00:00:00+09:00,253.95425415039062,253.95425415039062,253.95425415039062,253.95425415039062,200,0.0,0.0
2010-10-29 00:00:00+09:00,244.7195845383864,244.7195845383864,240.10223388671875,240.10223388671875,1800,0.0,0.0
2010-11-01 00:00:00+09:00,240.10223388671875,240.10223388671875,240.10223388671875,240.10223388671875,400,0.0,0.0
2010-11-02 00:00:00+09:00,240.10221354166666,240.10221354166666,235.48486328125,235.48486328125,1800,0.0,0.0
2010-11-04 00:00:00+09:00,240.10223388671875,240.10223388671875,230.86753258338342,240.10223388671875,1800,0.0,0.0
2010-11-05 00:00:00+09:00,240.10221354166666,240.10221354166666,235.48486328125,235.48486328125,800,0.0,0.0
2010-11-08 00:00:00+09:00,240.10223388671875,240.10223388671875,240.10223388671875,240.10223388671875,800,0.0,0.0
2010-11-09 00:00:00+09:00,240.1021935804835,244.71954345703125,240.1021935804835,244.71954345703125,800,0.0,0.0
2010-11-10 00:00:00+09:00,244.71954345703125,244.71954345703125,244.71954345703125,244.71954345703125,200,0.0,0.0
2010-11-11 00:00:00+09:00,244.71954345703125,244.71954345703125,244.71954345703125,244.71954345703125,200,0.0,0.0
2010-11-12 00:00:00+09:00,244.71954345703125,244.71954345703125,244.71954345703125,244.71954345703125,200,0.0,0.0
2010-11-15 00:00:00+09:00,235.48486328125,240.10221354166666,235.48486328125,235.48486328125,2000,0.0,0.0
2010-11-16 00:00:00+09:00,244.71954345703125,244.71954345703125,240.1021935804835,244.71954345703125,800,0.0,0.0
2010-11-17 00:00:00+09:00,244.71954345703125,244.71954345703125,244.71954345703125,244.71954345703125,200,0.0,0.0
2010-11-18 00:00:00+09:00,244.71954345703125,244.71954345703125,235.48484370393572,244.71954345703125,4600,0.0,0.0
2010-11-19 00:00:00+09:00,244.71957877830224,249.33692932128906,244.71957877830224,249.33692932128906,1600,0.0,0.0
2010-11-22 00:00:00+09:00,249.33692932128906,249.33692932128906,249.33692932128906,249.33692932128906,1200,0.0,0.0
2010-11-24 00:00:00+09:00,244.7195539994673,253.95425415039062,244.7195539994673,253.95425415039062,2000,0.0,0.0
2010-11-25 00:00:00+09:00,258.5716332607582,281.65838623046875,258.5716332607582,281.65838623046875,5000,0.0,0.0
2010-11-26 00:00:00+09:00,277.04103563652666,286.27573682441084,277.04103563652666,281.65838623046875,3400,0.0,0.0
2010-11-29 00:00:00+09:00,281.65838623046875,281.65838623046875,281.65838623046875,281.65838623046875,2000,0.0,0.0
2010-11-30 00:00:00+09:00,281.658387282799,281.658387282799,267.80633544921875,267.80633544921875,2400,0.0,0.0
2010-12-01 00:00:00+09:00,267.80633544921875,267.80633544921875,267.80633544921875,267.80633544921875,1200,0.0,0.0
2010-12-02 00:00:00+09:00,272.4236755371094,272.4236755371094,272.4236755371094,272.4236755371094,400,0.0,0.0
2010-12-03 00:00:00+09:00,272.42368606041214,272.42368606041214,267.80633544921875,267.80633544921875,200,0.0,0.0
2010-12-06 00:00:00+09:00,272.42363377621297,277.04098350123354,263.1889343261719,263.1889343261719,2800,0.0,0.0
2010-12-07 00:00:00+09:00,258.5715846011513,263.1889343261719,253.95423487613076,263.1889343261719,3600,0.0,0.0
2010-12-08 00:00:00+09:00,263.1889848380253,272.42368606041214,263.1889848380253,267.80633544921875,2000,0.0,0.0
2010-12-09 00:00:00+09:00,263.1889343261719,263.1889343261719,263.1889343261719,263.1889343261719,4400,0.0,0.0
2010-12-10 00:00:00+09:00,258.57160422585224,258.57160422585224,253.95425415039062,253.95425415039062,10200,0.0,0.0
2010-12-13 00:00:00+09:00,263.1889343261719,263.1889343261719,263.1889343261719,263.1889343261719,1600,0.0,0.0
2010-12-14 00:00:00+09:00,263.1889343261719,267.80628405119245,258.5715846011513,263.1889343261719,5800,0.0,0.0
2010-12-15 00:00:00+09:00,267.80633544921875,267.80633544921875,263.1889848380253,267.80633544921875,4200,0.0,0.0
2010-12-16 00:00:00+09:00,267.80628405119245,272.42363377621297,263.1889343261719,263.1889343261719,7400,0.0,0.0
2010-12-17 00:00:00+09:00,263.18897467144467,277.04102596994176,263.18897467144467,272.4236755371094,10600,0.0,0.0
2010-12-20 00:00:00+09:00,281.65837589386973,295.5104271673387,277.04102546938003,286.2757263183594,23200,0.0,0.0
2010-12-21 00:00:00+09:00,290.89306640625,295.5104166666667,286.2757161458333,290.89306640625,12600,0.0,0.0
2010-12-22 00:00:00+09:00,290.89306640625,295.5104166666667,286.2757161458333,290.89306640625,22200,0.0,0.0
2010-12-24 00:00:00+09:00,281.65837589386973,286.2757263183594,277.04102546938003,286.2757263183594,11800,0.0,0.0
2010-12-27 00:00:00+09:00,286.2756846110026,286.2756846110026,277.0409851074219,277.0409851074219,5000,0.0,0.0
2010-12-28 00:00:00+09:00,286.27573682441084,286.27573682441084,281.65838623046875,281.65838623046875,3000,0.0,0.0
2010-12-29 00:00:00+09:00,286.27573682441084,286.27573682441084,277.04103563652666,281.65838623046875,3800,0.0,0.0
2010-12-30 00:00:00+09:00,286.27573682441084,286.27573682441084,277.04103563652666,281.65838623046875,3000,0.0,0.0
2011-01-04 00:00:00+09:00,281.65837589386973,286.2757263183594,281.65837589386973,286.2757263183594,3800,0.0,0.0
2011-01-05 00:00:00+09:00,286.2757263183594,290.893076742849,281.65837589386973,286.2757263183594,2600,0.0,0.0
2011-01-06 00:00:00+09:00,290.893076742849,290.893076742849,281.65837589386973,286.2757263183594,3600,0.0,0.0
2011-01-07 00:00:00+09:00,290.89306640625,290.89306640625,281.6583658854167,290.89306640625,1200,0.0,0.0
2011-01-11 00:00:00+09:00,286.2757161458333,295.5104166666667,281.6583658854167,290.89306640625,7600,0.0,0.0
2011-01-12 00:00:00+09:00,295.5103966346154,304.7450965294471,295.5103966346154,300.12774658203125,4600,0.0,0.0
2011-01-13 00:00:00+09:00,309.3625075396369,313.9798583984375,304.7451566808364,313.9798583984375,5000,0.0,0.0
2011-01-14 00:00:00+09:00,313.9798177083333,313.9798177083333,304.7451171875,304.7451171875,3800,0.0,0.0
2011-01-17 00:00:00+09:00,304.7451071668027,309.3624572753906,304.7451071668027,309.3624572753906,2200,0.0,0.0
2011-01-18 00:00:00+09:00,309.3624572753906,309.3624572753906,304.7451071668027,309.3624572753906,8800,0.0,0.0
2011-01-19 00:00:00+09:00,309.3624572753906,309.3624572753906,304.7451071668027,309.3624572753906,2800,0.0,0.0
2011-01-20 00:00:00+09:00,300.12774658203125,304.7450965294471,300.12774658203125,300.12774658203125,4400,0.0,0.0
2011-01-21 00:00:00+09:00,304.7450965294471,304.7450965294471,300.12774658203125,300.12774658203125,3400,0.0,0.0
2011-01-24 00:00:00+09:00,290.89306640625,290.89306640625,286.2757161458333,290.89306640625,8000,0.0,0.0
2011-01-25 00:00:00+09:00,295.5104064941406,295.5104064941406,295.5104064941406,295.5104064941406,2200,0.0,0.0
2011-01-26 00:00:00+09:00,295.5104166666667,295.5104166666667,290.89306640625,290.89306640625,400,0.0,0.0
2011-01-27 00:00:00+09:00,295.5103966346154,300.12774658203125,295.5103966346154,300.12774658203125,2000,0.0,0.0
2011-01-28 00:00:00+09:00,309.36245679855347,309.36245679855347,295.5104064941406,295.5104064941406,5600,0.0,0.0
2011-01-31 00:00:00+09:00,290.8930466871995,304.7450965294471,290.8930466871995,300.12774658203125,3800,0.0,0.0
2011-02-01 00:00:00+09:00,300.1277669270833,304.7451171875,300.1277669270833,304.7451171875,1800,0.0,0.0
2011-02-02 00:00:00+09:00,304.7451171875,304.7451171875,304.7451171875,304.7451171875,2600,0.0,0.0
2011-02-03 00:00:00+09:00,304.7451171875,304.7451171875,304.7451171875,304.7451171875,600,0.0,0.0
2011-02-04 00:00:00+09:00,295.5103966346154,304.7450965294471,290.8930466871995,300.12774658203125,4200,0.0,0.0
2011-02-07 00:00:00+09:00,309.3624572753906,323.21450760115437,309.3624572753906,309.3624572753906,7400,0.0,0.0
2011-02-08 00:00:00+09:00,318.59715794154573,323.2145080566406,313.9798078264509,323.2145080566406,9400,0.0,0.0
2011-02-09 00:00:00+09:00,318.59716796875,323.2145182291667,318.59716796875,318.59716796875,3800,0.0,0.0
2011-02-10 00:00:00+09:00,313.9798177083333,318.59716796875,313.9798177083333,318.59716796875,1400,0.0,0.0
2011-02-14 00:00:00+09:00,318.59720925723803,318.59720925723803,313.9798583984375,313.9798583984375,4200,0.0,0.0
2011-02-15 00:00:00+09:00,313.97979642427885,313.97979642427885,295.5103966346154,300.12774658203125,9200,0.0,0.0
2011-02-16 00:00:00+09:00,304.7451171875,304.7451171875,304.7451171875,304.7451171875,1000,0.0,0.0
2011-02-17 00:00:00+09:00,309.3624572753906,309.3624572753906,304.7451071668027,309.3624572753906,1400,0.0,0.0
2011-02-18 00:00:00+09:00,309.3624572753906,313.97980738397854,304.7451071668027,309.3624572753906,4000,0.0,0.0
2011-02-21 00:00:00+09:00,309.3624572753906,313.97980738397854,309.3624572753906,309.3624572753906,4000,0.0,0.0
2011-02-22 00:00:00+09:00,313.97980738397854,313.97980738397854,309.3624572753906,309.3624572753906,800,0.0,0.0
2011-02-23 00:00:00+09:00,309.3624674479167,313.9798177083333,304.7451171875,304.7451171875,1600,0.0,0.0
2011-02-24 00:00:00+09:00,309.36245679855347,309.36245679855347,295.5104064941406,295.5104064941406,5200,0.0,0.0
2011-02-25 00:00:00+09:00,295.5103966346154,304.7450965294471,295.5103966346154,300.12774658203125,3600,0.0,0.0
2011-02-28 00:00:00+09:00,309.3624572753906,309.3624572753906,304.7451071668027,309.3624572753906,3400,0.0,0.0
2011-03-01 00:00:00+09:00,309.3624572753906,309.3624572753906,304.7451071668027,309.3624572753906,5400,0.0,0.0
2011-03-02 00:00:00+09:00,309.3624674479167,313.9798177083333,304.7451171875,304.7451171875,2800,0.0,0.0
2011-03-03 00:00:00+09:00,304.7451071668027,309.3624572753906,304.7451071668027,309.3624572753906,4400,0.0,0.0
2011-03-04 00:00:00+09:00,309.3624572753906,313.97980738397854,304.7451071668027,309.3624572753906,3600,0.0,0.0
2011-03-07 00:00:00+09:00,313.9798583984375,313.9798583984375,309.3625075396369,313.9798583984375,2800,0.0,0.0
2011-03-08 00:00:00+09:00,313.9798583984375,313.9798583984375,309.3625075396369,313.9798583984375,4200,0.0,0.0
2011-03-09 00:00:00+09:00,313.9798583984375,313.9798583984375,309.3625075396369,313.9798583984375,3000,0.0,0.0
2011-03-10 00:00:00+09:00,309.3624572753906,309.3624572753906,309.3624572753906,309.3624572753906,1600,0.0,0.0
2011-03-11 00:00:00+09:00,304.7450965294471,304.7450965294471,300.12774658203125,300.12774658203125,3800,0.0,0.0
2011-03-14 00:00:00+09:00,286.27570467862216,286.27570467862216,253.95425415039062,253.95425415039062,7600,0.0,0.0
2011-03-15 00:00:00+09:00,249.3369140625,249.3369140625,120.05110677083333,166.224609375,39400,0.0,0.0
2011-03-16 00:00:00+09:00,161.60727567450945,221.63283521075581,161.60727567450945,198.54608154296875,23200,0.0,0.0
2011-03-17 00:00:00+09:00,189.31136067708334,212.39811197916666,189.31136067708334,207.78076171875,10800,0.0,0.0
2011-03-18 00:00:00+09:00,217.01546223958334,230.86751302083334,217.01546223958334,221.6328125,11000,0.0,0.0
2011-03-22 00:00:00+09:00,235.48488117086475,277.0410366716056,235.48488117086475,267.80633544921875,8800,0.0,0.0
2011-03-23 00:00:00+09:00,263.1889848380253,267.80633544921875,258.57163422683186,267.80633544921875,2400,0.0,0.0
2011-03-24 00:00:00+09:00,267.80628405119245,277.04098350123354,263.1889343261719,263.1889343261719,6400,0.0,0.0
2011-03-25 00:00:00+09:00,272.4236755371094,272.4236755371094,272.4236755371094,272.4236755371094,200,0.0,0.0
2011-03-28 00:00:00+09:00,277.0410325792101,277.0410325792101,249.33692932128906,249.33692932128906,7000,0.0,0.0
2011-03-29 00:00:00+09:00,244.7195845383864,244.7195845383864,235.4848832350511,240.10223388671875,4600,0.0,0.0
2011-03-30 00:00:00+09:00,240.10223388671875,240.10223388671875,240.10223388671875,240.10223388671875,800,0.0,0.0
2011-03-31 00:00:00+09:00,244.71957877830224,249.33692932128906,240.10222823531538,249.33692932128906,1200,0.0,0.0
2011-04-01 00:00:00+09:00,244.71954345703125,244.71954345703125,244.71954345703125,244.71954345703125,200,0.0,0.0
2011-04-04 00:00:00+09:00,244.7195845383864,244.7195845383864,240.10223388671875,240.10223388671875,1000,0.0,0.0
2011-04-05 00:00:00+09:00,249.33690407492898,253.95425415039062,249.33690407492898,253.95425415039062,2600,0.0,0.0
2011-04-06 00:00:00+09:00,253.95423487613076,263.1889343261719,253.95423487613076,263.1889343261719,800,0.0,0.0
2011-04-07 00:00:00+09:00,309.3624674479167,401.70947265625,309.3624674479167,401.70947265625,147200,0.0,0.0
2011-04-08 00:00:00+09:00,498.673828125,540.22998046875,429.41357421875,429.41357421875,328800,0.0,0.0
2011-04-11 00:00:00+09:00,452.50037188862643,452.50037188862643,378.62276015170784,397.0921630859375,87000,0.0,0.0
2011-04-12 00:00:00+09:00,401.70947265625,401.70947265625,387.857421875,401.70947265625,31800,0.0,0.0
2011-04-13 00:00:00+09:00,401.7094622443704,401.7094622443704,374.0053613999311,392.4747619628906,35400,0.0,0.0
2011-04-14 00:00:00+09:00,387.85741182215077,392.4747619628906,374.0053613999311,392.4747619628906,25200,0.0,0.0
2011-04-15 00:00:00+09:00,374.00534969181206,374.00534969181206,350.918599710836,355.53594970703125,55600,0.0,0.0
2011-04-18 00:00:00+09:00,355.53594798773105,355.53594798773105,327.83184814453125,327.83184814453125,28000,0.0,0.0
2011-04-19 00:00:00+09:00,318.597148196798,355.53594798773105,318.597148196798,327.83184814453125,37000,0.0,0.0
2011-04-20 00:00:00+09:00,332.44920871682365,337.0665588378906,327.8318585957566,337.0665588378906,9200,0.0,0.0
2011-04-21 00:00:00+09:00,337.06654809226455,337.06654809226455,313.9797982229313,327.83184814453125,22200,0.0,0.0
2011-04-22 00:00:00+09:00,323.2145182291667,327.8318684895833,318.59716796875,318.59716796875,8200,0.0,0.0
2011-04-25 00:00:00+09:00,327.83185817173546,327.83185817173546,318.59715794154573,323.2145080566406,9400,0.0,0.0
2011-04-26 00:00:00+09:00,323.2144981706646,355.53594798773105,318.597148196798,327.83184814453125,28800,0.0,0.0
2011-04-27 00:00:00+09:00,327.8318684895833,327.8318684895833,313.9798177083333,318.59716796875,9600,0.0,0.0
2011-04-28 00:00:00+09:00,318.59715749256645,318.59715749256645,309.3624572753906,309.3624572753906,19600,0.0,0.0
2011-05-02 00:00:00+09:00,313.9798177083333,313.9798177083333,304.7451171875,304.7451171875,6600,0.0,0.0
2011-05-06 00:00:00+09:00,300.1277669270833,304.7451171875,300.1277669270833,304.7451171875,7000,0.0,0.0
2011-05-09 00:00:00+09:00,323.2145080566406,327.83185817173546,313.9798078264509,323.2145080566406,16400,0.0,0.0
2011-05-10 00:00:00+09:00,318.59720925723803,318.59720925723803,309.3625075396369,313.9798583984375,6200,0.0,0.0
2011-05-11 00:00:00+09:00,313.97980738397854,313.97980738397854,309.3624572753906,309.3624572753906,5000,0.0,0.0
2011-05-12 00:00:00+09:00,309.3625075396369,318.59720925723803,309.3625075396369,313.9798583984375,3800,0.0,0.0
2011-05-13 00:00:00+09:00,309.3624572753906,313.97980738397854,309.3624572753906,309.3624572753906,1600,0.0,0.0
2011-05-16 00:00:00+09:00,309.362446476863,309.362446476863,300.12774658203125,300.12774658203125,14200,0.0,0.0
2011-05-17 00:00:00+09:00,295.5104064941406,295.5104064941406,295.5104064941406,295.5104064941406,1200,0.0,0.0
2011-05-18 00:00:00+09:00,290.8930563926697,295.5104064941406,281.6583561897278,295.5104064941406,9000,0.0,0.0
2011-05-19 00:00:00+09:00,304.7451066970825,304.7451066970825,295.5104064941406,295.5104064941406,2800,0.0,0.0
2011-05-20 00:00:00+09:00,295.5104166666667,295.5104166666667,286.2757161458333,290.89306640625,4000,0.0,0.0
2011-05-23 00:00:00+09:00,286.27573682441084,286.27573682441084,272.4236850425845,281.65838623046875,10000,0.0,0.0
2011-05-24 00:00:00+09:00,281.6583764027741,281.6583764027741,267.806325104277,272.4236755371094,7200,0.0,0.0
2011-05-25 00:00:00+09:00,272.42368606041214,272.42368606041214,267.80633544921875,267.80633544921875,4600,0.0,0.0
2011-05-26 00:00:00+09:00,272.4236850425845,286.27573682441084,272.4236850425845,281.65838623046875,5600,0.0,0.0
2011-05-27 00:00:00+09:00,277.0409851074219,281.65833485921223,277.0409851074219,277.0409851074219,5200,0.0,0.0
2011-05-30 00:00:00+09:00,281.65838623046875,290.893087418353,277.04103563652666,281.65838623046875,7800,0.0,0.0
2011-05-31 00:00:00+09:00,281.65833485921223,281.65833485921223,277.0409851074219,277.0409851074219,2400,0.0,0.0
2011-06-01 00:00:00+09:00,272.4236750448904,313.9798288652974,272.4236750448904,286.2757263183594,32000,0.0,0.0
2011-06-02 00:00:00+09:00,277.0410366716056,277.0410366716056,267.80633544921875,267.80633544921875,6400,0.0,0.0
2011-06-03 00:00:00+09:00,277.04102596994176,295.51042770127117,272.4236755371094,272.4236755371094,21400,0.0,0.0
2011-06-06 00:00:00+09:00,277.04102596994176,277.04102596994176,272.4236755371094,272.4236755371094,3600,0.0,0.0
2011-06-07 00:00:00+09:00,272.4236755371094,272.4236755371094,272.4236755371094,272.4236755371094,800,0.0,0.0
2011-06-08 00:00:00+09:00,272.4236353556315,277.0409851074219,272.4236353556315,277.0409851074219,400,0.0,0.0
2011-06-09 00:00:00+09:00,272.4236755371094,272.4236755371094,267.806325104277,272.4236755371094,1200,0.0,0.0
2011-06-10 00:00:00+09:00,277.04102596994176,277.04102596994176,272.4236755371094,272.4236755371094,1800,0.0,0.0
2011-06-13 00:00:00+09:00,272.4236755371094,272.4236755371094,272.4236755371094,272.4236755371094,2000,0.0,0.0
2011-06-14 00:00:00+09:00,277.0409851074219,277.0409851074219,272.4236353556315,277.0409851074219,1200,0.0,0.0
2011-06-15 00:00:00+09:00,277.04103563652666,286.27573682441084,277.04103563652666,281.65838623046875,10200,0.0,0.0
2011-06-16 00:00:00+09:00,281.65833485921223,281.65833485921223,277.0409851074219,277.0409851074219,2400,0.0,0.0
2011-06-17 00:00:00+09:00,277.0409851074219,277.0409851074219,277.0409851074219,277.0409851074219,4800,0.0,0.0
2011-06-20 00:00:00+09:00,272.4236353556315,277.0409851074219,272.4236353556315,277.0409851074219,800,0.0,0.0
2011-06-21 00:00:00+09:00,272.4236353556315,277.0409851074219,272.4236353556315,277.0409851074219,5800,0.0,0.0
2011-06-22 00:00:00+09:00,277.0409851074219,281.65833485921223,277.0409851074219,277.0409851074219,7400,0.0,0.0
2011-06-23 00:00:00+09:00,277.04102546938003,286.2757263183594,277.04102546938003,286.2757263183594,1200,0.0,0.0
2011-06-24 00:00:00+09:00,281.65838623046875,281.65838623046875,277.04103563652666,281.65838623046875,7600,0.0,0.0
2011-06-27 00:00:00+09:00,286.27573682441084,286.27573682441084,281.65838623046875,281.65838623046875,2000,0.0,0.0
2011-06-28 00:00:00+09:00,286.27573682441084,286.27573682441084,281.65838623046875,281.65838623046875,3000,0.0,0.0
2011-06-29 00:00:00+09:00,281.65837589386973,286.2757263183594,281.65837589386973,286.2757263183594,2200,0.0,0.0
2011-06-30 00:00:00+09:00,286.2757263183594,286.2757263183594,281.65837589386973,286.2757263183594,800,0.0,0.0
2011-07-01 00:00:00+09:00,290.89306640625,295.5104166666667,286.2757161458333,290.89306640625,10600,0.0,0.0
2011-07-04 00:00:00+09:00,295.5104064941406,295.5104064941406,295.5104064941406,295.5104064941406,1800,0.0,0.0
2011-07-05 00:00:00+09:00,295.5103966346154,300.12774658203125,295.5103966346154,300.12774658203125,6400,0.0,0.0
2011-07-06 00:00:00+09:00,300.1277565956116,300.1277565956116,295.5104064941406,295.5104064941406,2600,0.0,0.0
2011-07-07 00:00:00+09:00,295.5104380122951,295.5104380122951,281.65838623046875,281.65838623046875,11200,0.0,0.0
2011-07-08 00:00:00+09:00,281.65837589386973,286.2757263183594,281.65837589386973,286.2757263183594,2000,0.0,0.0
2011-07-11 00:00:00+09:00,286.2757263183594,286.2757263183594,281.65837589386973,286.2757263183594,2200,0.0,0.0
2011-07-12 00:00:00+09:00,281.65838623046875,281.65838623046875,281.65838623046875,281.65838623046875,2400,0.0,0.0
2011-07-13 00:00:00+09:00,286.27573682441084,286.27573682441084,281.65838623046875,281.65838623046875,1400,0.0,0.0
2011-07-14 00:00:00+09:00,281.65837589386973,286.2757263183594,281.65837589386973,286.2757263183594,7200,0.0,0.0
2011-07-15 00:00:00+09:00,281.65837589386973,286.2757263183594,277.04102546938003,286.2757263183594,3800,0.0,0.0
2011-07-19 00:00:00+09:00,277.0409851074219,281.65833485921223,277.0409851074219,277.0409851074219,2000,0.0,0.0
2011-07-20 00:00:00+09:00,277.04103563652666,281.65838623046875,272.4236850425845,281.65838623046875,4200,0.0,0.0
2011-07-21 00:00:00+09:00,277.0409851074219,277.0409851074219,277.0409851074219,277.0409851074219,600,0.0,0.0
2011-07-22 00:00:00+09:00,272.4236353556315,277.0409851074219,272.4236353556315,277.0409851074219,6200,0.0,0.0
2011-07-25 00:00:00+09:00,272.4236755371094,272.4236755371094,272.4236755371094,272.4236755371094,3600,0.0,0.0
2011-07-26 00:00:00+09:00,272.4236755371094,272.4236755371094,272.4236755371094,272.4236755371094,1800,0.0,0.0
2011-07-27 00:00:00+09:00,277.0409851074219,277.0409851074219,277.0409851074219,277.0409851074219,600,0.0,0.0
2011-07-28 00:00:00+09:00,277.04102596994176,277.04102596994176,272.4236755371094,272.4236755371094,2200,0.0,0.0
2011-07-29 00:00:00+09:00,272.4236353556315,277.0409851074219,272.4236353556315,277.0409851074219,2200,0.0,0.0
2011-08-01 00:00:00+09:00,267.80633544921875,272.42368606041214,267.80633544921875,267.80633544921875,5000,0.0,0.0
2011-08-02 00:00:00+09:00,272.4236755371094,272.4236755371094,267.806325104277,272.4236755371094,3800,0.0,0.0
2011-08-03 00:00:00+09:00,267.80633544921875,267.80633544921875,263.1889848380253,267.80633544921875,6000,0.0,0.0
2011-08-04 00:00:00+09:00,267.80628405119245,267.80628405119245,263.1889343261719,263.1889343261719,4600,0.0,0.0
2011-08-05 00:00:00+09:00,258.5716247558594,258.5716247558594,253.95427431379048,258.5716247558594,3600,0.0,0.0
2011-08-08 00:00:00+09:00,253.95424321012678,253.95424321012678,244.71954345703125,244.71954345703125,3000,0.0,0.0
2011-08-09 00:00:00+09:00,244.71956380208334,244.71956380208334,221.6328125,235.48486328125,8600,0.0,0.0
2011-08-10 00:00:00+09:00,235.48486328125,235.48486328125,235.48486328125,235.48486328125,2000,0.0,0.0
2011-08-11 00:00:00+09:00,244.71954345703125,249.336893333579,244.71954345703125,244.71954345703125,600,0.0,0.0
2011-08-12 00:00:00+09:00,244.71954345703125,244.71954345703125,244.71954345703125,244.71954345703125,1000,0.0,0.0
2011-08-15 00:00:00+09:00,249.33690407492898,253.95425415039062,249.33690407492898,253.95425415039062,600,0.0,0.0
2011-08-16 00:00:00+09:00,253.95427431379048,258.5716247558594,253.95427431379048,258.5716247558594,1000,0.0,0.0
2011-08-17 00:00:00+09:00,258.5716247558594,258.5716247558594,258.5716247558594,258.5716247558594,400,0.0,0.0
2011-08-18 00:00:00+09:00,258.5716247558594,258.5716247558594,258.5716247558594,258.5716247558594,600,0.0,0.0
2011-08-19 00:00:00+09:00,249.33690407492898,253.95425415039062,249.33690407492898,253.95425415039062,1200,0.0,0.0
2011-08-22 00:00:00+09:00,258.5716364933894,258.5716364933894,240.10223388671875,240.10223388671875,4400,0.0,0.0
2011-08-23 00:00:00+09:00,249.336893333579,249.336893333579,240.1021935804835,244.71954345703125,800,0.0,0.0
2011-08-24 00:00:00+09:00,244.71954345703125,244.71954345703125,240.1021935804835,244.71954345703125,1600,0.0,0.0
2011-08-25 00:00:00+09:00,244.71954345703125,244.71954345703125,244.71954345703125,244.71954345703125,200,0.0,0.0
2011-08-26 00:00:00+09:00,249.336893333579,249.336893333579,244.71954345703125,244.71954345703125,2800,0.0,0.0
2011-08-29 00:00:00+09:00,249.33693519005408,249.33693519005408,240.10223388671875,240.10223388671875,3200,0.0,0.0
2011-08-30 00:00:00+09:00,244.71954345703125,244.71954345703125,244.71954345703125,244.71954345703125,800,0.0,0.0
2011-08-31 00:00:00+09:00,240.10222823531538,249.33692932128906,240.10222823531538,249.33692932128906,1200,0.0,0.0
2011-09-01 00:00:00+09:00,244.71954345703125,244.71954345703125,240.1021935804835,244.71954345703125,3600,0.0,0.0
2011-09-02 00:00:00+09:00,244.71954345703125,244.71954345703125,244.71954345703125,244.71954345703125,600,0.0,0.0
2011-09-05 00:00:00+09:00,244.7195845383864,244.7195845383864,240.10223388671875,240.10223388671875,1600,0.0,0.0
2011-09-06 00:00:00+09:00,235.48485809326172,235.48485809326172,230.8675079345703,230.8675079345703,1400,0.0,0.0
2011-09-07 00:00:00+09:00,240.10223388671875,240.10223388671875,240.10223388671875,240.10223388671875,200,0.0,0.0
2011-09-08 00:00:00+09:00,235.48486328125,235.48486328125,235.48486328125,235.48486328125,400,0.0,0.0
2011-09-09 00:00:00+09:00,235.48486328125,235.48486328125,235.48486328125,235.48486328125,1200,0.0,0.0
2011-09-12 00:00:00+09:00,230.8675079345703,230.8675079345703,230.8675079345703,230.8675079345703,1400,0.0,0.0
2011-09-13 00:00:00+09:00,230.86751302083334,235.48486328125,230.86751302083334,235.48486328125,1400,0.0,0.0
2011-09-14 00:00:00+09:00,235.48485809326172,235.48485809326172,230.8675079345703,230.8675079345703,600,0.0,0.0
2011-09-15 00:00:00+09:00,235.48485809326172,235.48485809326172,230.8675079345703,230.8675079345703,800,0.0,0.0
2011-09-16 00:00:00+09:00,235.48485809326172,235.48485809326172,230.8675079345703,230.8675079345703,2800,0.0,0.0
2011-09-20 00:00:00+09:00,230.8675079345703,230.8675079345703,230.8675079345703,230.8675079345703,1200,0.0,0.0
2011-09-21 00:00:00+09:00,235.48485809326172,235.48485809326172,230.8675079345703,230.8675079345703,0,0.0,0.0
2011-09-22 00:00:00+09:00,230.8675079345703,235.48485809326172,230.8675079345703,230.8675079345703,2400,0.0,0.0
2011-09-26 00:00:00+09:00,230.86750760991524,230.86750760991524,217.0154571533203,217.0154571533203,6800,0.0,0.0
2011-09-27 00:00:00+09:00,221.63281748246172,230.86751821089763,221.63281748246172,226.2501678466797,4400,0.0,0.0
2011-09-28 00:00:00+09:00,235.4848832350511,244.7195845383864,235.4848832350511,240.10223388671875,9200,0.0,0.0
2011-09-29 00:00:00+09:00,240.10223388671875,244.7195845383864,240.10223388671875,240.10223388671875,2600,0.0,0.0
2011-09-30 00:00:00+09:00,240.10223388671875,240.10223388671875,240.10223388671875,240.10223388671875,1200,0.0,0.0
2011-10-03 00:00:00+09:00,235.48486328125,235.48486328125,230.86751302083334,235.48486328125,1200,0.0,0.0
2011-10-04 00:00:00+09:00,240.10220825195313,277.0410095214844,230.8675079345703,230.8675079345703,24200,0.0,0.0
2011-10-05 00:00:00+09:00,230.86751821089763,230.86751821089763,226.2501678466797,226.2501678466797,3600,0.0,0.0
2011-10-06 00:00:00+09:00,230.8675079345703,230.8675079345703,226.2501577758789,230.8675079345703,2200,0.0,0.0
2011-10-07 00:00:00+09:00,230.8675079345703,240.10220825195313,230.8675079345703,230.8675079345703,4800,0.0,0.0
2011-10-11 00:00:00+09:00,230.86751302083334,240.10221354166666,230.86751302083334,235.48486328125,1600,0.0,0.0
2011-10-12 00:00:00+09:00,230.86751302083334,235.48486328125,230.86751302083334,235.48486328125,2600,0.0,0.0
2011-10-13 00:00:00+09:00,235.48484370393572,244.71954345703125,235.48484370393572,244.71954345703125,2400,0.0,0.0
2011-10-14 00:00:00+09:00,240.10223388671875,249.33693519005408,240.10223388671875,240.10223388671875,6600,0.0,0.0
2011-10-17 00:00:00+09:00,249.336893333579,253.95424321012678,240.1021935804835,244.71954345703125,9800,0.0,0.0
2011-10-18 00:00:00+09:00,244.71954345703125,244.71954345703125,244.71954345703125,244.71954345703125,1800,0.0,0.0
2011-10-19 00:00:00+09:00,240.1021935804835,244.71954345703125,240.1021935804835,244.71954345703125,2800,0.0,0.0
2011-10-20 00:00:00+09:00,249.33690407492898,253.95425415039062,249.33690407492898,253.95425415039062,1200,0.0,0.0
2011-10-21 00:00:00+09:00,249.33690407492898,253.95425415039062,249.33690407492898,253.95425415039062,3000,0.0,0.0
2011-10-24 00:00:00+09:00,253.95425415039062,253.95425415039062,249.33690407492898,253.95425415039062,800,0.0,0.0
2011-10-25 00:00:00+09:00,253.95425415039062,253.95425415039062,253.95425415039062,253.95425415039062,400,0.0,0.0
2011-10-26 00:00:00+09:00,253.95425415039062,253.95425415039062,253.95425415039062,253.95425415039062,3400,0.0,0.0
2011-10-27 00:00:00+09:00,253.95427431379048,258.5716247558594,253.95427431379048,258.5716247558594,3800,0.0,0.0
2011-10-28 00:00:00+09:00,258.57160422585224,258.57160422585224,253.95425415039062,253.95425415039062,2400,0.0,0.0
2011-10-31 00:00:00+09:00,253.95427431379048,258.5716247558594,253.95427431379048,258.5716247558594,3200,0.0,0.0
2011-11-01 00:00:00+09:00,258.5716247558594,258.5716247558594,253.95427431379048,258.5716247558594,1600,0.0,0.0
2011-11-02 00:00:00+09:00,258.57160422585224,258.57160422585224,253.95425415039062,253.95425415039062,3200,0.0,0.0
2011-11-04 00:00:00+09:00,258.5716247558594,258.5716247558594,258.5716247558594,258.5716247558594,200,0.0,0.0
2011-11-07 00:00:00+09:00,263.1889543013139,263.1889543013139,253.95425415039062,253.95425415039062,2600,0.0,0.0
2011-11-08 00:00:00+09:00,253.95425415039062,253.95425415039062,253.95425415039062,253.95425415039062,1600,0.0,0.0
2011-11-09 00:00:00+09:00,253.95425415039062,253.95425415039062,253.95425415039062,253.95425415039062,3000,0.0,0.0
2011-11-10 00:00:00+09:00,249.33690407492898,253.95425415039062,249.33690407492898,253.95425415039062,600,0.0,0.0
2011-11-11 00:00:00+09:00,249.33692932128906,249.33692932128906,249.33692932128906,249.33692932128906,200,0.0,0.0
2011-11-14 00:00:00+09:00,253.95425415039062,253.95425415039062,253.95425415039062,253.95425415039062,1000,0.0,0.0
2011-11-15 00:00:00+09:00,249.33692932128906,249.33692932128906,249.33692932128906,249.33692932128906,7600,0.0,0.0
2011-11-16 00:00:00+09:00,249.33692932128906,249.33692932128906,249.33692932128906,249.33692932128906,400,0.0,0.0
2011-11-17 00:00:00+09:00,249.33692932128906,249.33692932128906,240.10222823531538,249.33692932128906,2600,0.0,0.0
2011-11-18 00:00:00+09:00,244.71954345703125,244.71954345703125,244.71954345703125,244.71954345703125,1000,0.0,0.0
2011-11-21 00:00:00+09:00,244.71954345703125,244.71954345703125,244.71954345703125,244.71954345703125,400,0.0,0.0
2011-11-22 00:00:00+09:00,244.71957877830224,249.33692932128906,244.71957877830224,249.33692932128906,1000,0.0,0.0
2011-11-24 00:00:00+09:00,244.7195845383864,244.7195845383864,240.10223388671875,240.10223388671875,1000,0.0,0.0
2011-11-25 00:00:00+09:00,240.1021935804835,244.71954345703125,235.48484370393572,244.71954345703125,3800,0.0,0.0
2011-11-28 00:00:00+09:00,244.71957877830224,249.33692932128906,244.71957877830224,249.33692932128906,2000,0.0,0.0
2011-11-29 00:00:00+09:00,244.71954345703125,249.336893333579,244.71954345703125,244.71954345703125,2200,0.0,0.0
2011-11-30 00:00:00+09:00,244.71957877830224,249.33692932128906,240.10222823531538,249.33692932128906,1000,0.0,0.0
2011-12-01 00:00:00+09:00,249.33690407492898,253.95425415039062,249.33690407492898,253.95425415039062,1600,0.0,0.0
2011-12-02 00:00:00+09:00,240.10220392400566,253.95425415039062,240.10220392400566,253.95425415039062,10200,0.0,0.0
2011-12-05 00:00:00+09:00,267.80628405119245,267.80628405119245,258.5715846011513,263.1889343261719,4000,0.0,0.0
2011-12-06 00:00:00+09:00,272.4236544522372,272.4236544522372,253.95425415039062,253.95425415039062,9400,0.0,0.0
2011-12-07 00:00:00+09:00,253.95427431379048,258.5716247558594,253.95427431379048,258.5716247558594,1200,0.0,0.0
2011-12-08 00:00:00+09:00,253.95427431379048,258.5716247558594,253.95427431379048,258.5716247558594,1600,0.0,0.0
2011-12-09 00:00:00+09:00,258.57160422585224,258.57160422585224,253.95425415039062,253.95425415039062,400,0.0,0.0
2011-12-12 00:00:00+09:00,258.5716332607582,374.00539810931093,258.5716332607582,281.65838623046875,246800,0.0,0.0
2011-12-13 00:00:00+09:00,277.0409851074219,290.89303436279295,277.0409851074219,277.0409851074219,39400,0.0,0.0
2011-12-14 00:00:00+09:00,277.04103563652666,286.27573682441084,277.04103563652666,281.65838623046875,10400,0.0,0.0
2011-12-15 00:00:00+09:00,286.27573682441084,286.27573682441084,277.04103563652666,281.65838623046875,15400,0.0,0.0
2011-12-16 00:00:00+09:00,277.0409851074219,281.65833485921223,277.0409851074219,277.0409851074219,11800,0.0,0.0
2011-12-19 00:00:00+09:00,277.0409851074219,281.65833485921223,277.0409851074219,277.0409851074219,2400,0.0,0.0
2011-12-20 00:00:00+09:00,277.0409851074219,281.65833485921223,277.0409851074219,277.0409851074219,2000,0.0,0.0
2011-12-21 00:00:00+09:00,277.0409851074219,281.65833485921223,272.4236353556315,277.0409851074219,20000,0.0,0.0
2011-12-22 00:00:00+09:00,277.0409851074219,277.0409851074219,277.0409851074219,277.0409851074219,2800,0.0,0.0
2011-12-26 00:00:00+09:00,277.04098350123354,277.04098350123354,263.1889343261719,263.1889343261719,6400,0.0,0.0
2011-12-27 00:00:00+09:00,263.1889848380253,267.80633544921875,263.1889848380253,267.80633544921875,1400,0.0,0.0
2011-12-28 00:00:00+09:00,267.806325104277,272.4236755371094,267.806325104277,272.4236755371094,3600,0.0,0.0
2011-12-29 00:00:00+09:00,272.4236755371094,281.6583764027741,272.4236755371094,272.4236755371094,6200,0.0,0.0
2011-12-30 00:00:00+09:00,272.4236353556315,277.0409851074219,272.4236353556315,277.0409851074219,3800,0.0,0.0
2012-01-04 00:00:00+09:00,277.0409851074219,277.0409851074219,277.0409851074219,277.0409851074219,800,0.0,0.0
2012-01-05 00:00:00+09:00,281.65837589386973,286.2757263183594,277.04102546938003,286.2757263183594,4400,0.0,0.0
2012-01-06 00:00:00+09:00,281.65838623046875,286.27573682441084,277.04103563652666,281.65838623046875,3000,0.0,0.0
2012-01-10 00:00:00+09:00,281.65833485921223,281.65833485921223,277.0409851074219,277.0409851074219,3200,0.0,0.0
2012-01-11 00:00:00+09:00,277.0409851074219,281.65833485921223,277.0409851074219,277.0409851074219,3800,0.0,0.0
2012-01-12 00:00:00+09:00,281.65837589386973,290.893076742849,281.65837589386973,286.2757263183594,11400,0.0,0.0
2012-01-13 00:00:00+09:00,290.8930563926697,304.7451066970825,290.8930563926697,295.5104064941406,24400,0.0,0.0
2012-01-16 00:00:00+09:00,281.65833485921223,281.65833485921223,277.0409851074219,277.0409851074219,19000,0.0,0.0
2012-01-17 00:00:00+09:00,281.6583764027741,281.6583764027741,272.4236755371094,272.4236755371094,16200,0.0,0.0
2012-01-18 00:00:00+09:00,272.4236353556315,277.0409851074219,272.4236353556315,277.0409851074219,3400,0.0,0.0
2012-01-19 00:00:00+09:00,277.04102596994176,277.04102596994176,272.4236755371094,272.4236755371094,3000,0.0,0.0
2012-01-20 00:00:00+09:00,277.04102596994176,277.04102596994176,272.4236755371094,272.4236755371094,6200,0.0,0.0
2012-01-23 00:00:00+09:00,277.04102596994176,277.04102596994176,272.4236755371094,272.4236755371094,4600,0.0,0.0
2012-01-24 00:00:00+09:00,277.0409851074219,277.0409851074219,277.0409851074219,277.0409851074219,3600,0.0,0.0
2012-01-25 00:00:00+09:00,277.04103563652666,286.27573682441084,272.4236850425845,281.65838623046875,10000,0.0,0.0
2012-01-26 00:00:00+09:00,281.65838623046875,281.65838623046875,277.04103563652666,281.65838623046875,5000,0.0,0.0
2012-01-27 00:00:00+09:00,281.65837589386973,286.2757263183594,281.65837589386973,286.2757263183594,13400,0.0,0.0
2012-01-30 00:00:00+09:00,295.5104166666667,304.7451171875,286.2757161458333,290.89306640625,30000,0.0,0.0
2012-01-31 00:00:00+09:00,290.893087418353,290.893087418353,277.04103563652666,281.65838623046875,16200,0.0,0.0
2012-02-01 00:00:00+09:00,281.65838623046875,286.27573682441084,277.04103563652666,281.65838623046875,3800,0.0,0.0
2012-02-02 00:00:00+09:00,281.65837589386973,286.2757263183594,281.65837589386973,286.2757263183594,8200,0.0,0.0
2012-02-03 00:00:00+09:00,286.27573682441084,286.27573682441084,281.65838623046875,281.65838623046875,1400,0.0,0.0
2012-02-06 00:00:00+09:00,281.65838623046875,286.27573682441084,281.65838623046875,281.65838623046875,8600,0.0,0.0
2012-02-07 00:00:00+09:00,281.65838623046875,281.65838623046875,281.65838623046875,281.65838623046875,1000,0.0,0.0
2012-02-08 00:00:00+09:00,281.65838623046875,281.65838623046875,277.04103563652666,281.65838623046875,4400,0.0,0.0
2012-02-09 00:00:00+09:00,281.65837589386973,286.2757263183594,281.65837589386973,286.2757263183594,5400,0.0,0.0
2012-02-10 00:00:00+09:00,286.27573682441084,286.27573682441084,277.04103563652666,281.65838623046875,11400,0.0,0.0
2012-02-13 00:00:00+09:00,281.65838623046875,281.65838623046875,277.04103563652666,281.65838623046875,4400,0.0,0.0
2012-02-14 00:00:00+09:00,281.65833485921223,281.65833485921223,272.4236353556315,277.0409851074219,16600,0.0,0.0
2012-02-15 00:00:00+09:00,277.04102596994176,277.04102596994176,272.4236755371094,272.4236755371094,9400,0.0,0.0
2012-02-16 00:00:00+09:00,272.4236353556315,290.89303436279295,272.4236353556315,277.0409851074219,22800,0.0,0.0
2012-02-17 00:00:00+09:00,281.65838623046875,286.27573682441084,277.04103563652666,281.65838623046875,27200,0.0,0.0
2012-02-20 00:00:00+09:00,281.65838623046875,281.65838623046875,277.04103563652666,281.65838623046875,11600,0.0,0.0
2012-02-21 00:00:00+09:00,281.6583658854167,332.44921875,281.6583658854167,290.89306640625,137800,0.0,0.0
2012-02-22 00:00:00+09:00,309.3624572753906,346.301258144094,295.5104069496269,309.3624572753906,111600,0.0,0.0
2012-02-23 00:00:00+09:00,309.36248150068457,447.88299560546875,304.7451310305251,447.88299560546875,668400,0.0,0.0
2012-02-24 00:00:00+09:00,424.7962335080516,498.6738393355389,383.2400802300901,452.5003356933594,437000,0.0,0.0
2012-02-27 00:00:00+09:00,484.8217437023253,591.0207923228346,438.6482443021038,586.4034423828125,1081200,0.0,0.0
2012-02-28 00:00:00+09:00,586.40346136013,729.5413141330752,530.9952602867319,549.4646606445312,779200,0.0,0.0
2012-02-29 00:00:00+09:00,595.6382070268904,651.0464123317174,512.5258990696499,517.1432495117188,233000,0.0,0.0
2012-03-01 00:00:00+09:00,521.7605579411872,526.3779080114632,461.7350070275993,494.05645751953125,109000,0.0,0.0
2012-03-02 00:00:00+09:00,470.96969512014675,498.67379483309657,438.64824545503865,457.1176452636719,116000,0.0,0.0
2012-03-05 00:00:00+09:00,498.67380499588813,498.67380499588813,429.4135543020148,438.64825439453125,120200,0.0,0.0
2012-03-06 00:00:00+09:00,461.73500462582234,461.73500462582234,424.79620425575655,438.64825439453125,57600,0.0,0.0
2012-03-07 00:00:00+09:00,429.4135641544423,480.20441582862367,429.4135641544423,434.0309143066406,179000,0.0,0.0
2012-03-08 00:00:00+09:00,438.6482644588389,438.6482644588389,429.4135641544423,434.0309143066406,17600,0.0,0.0
2012-03-09 00:00:00+09:00,438.64824545503865,512.5258446895715,438.64824545503865,457.1176452636719,358200,0.0,0.0
2012-03-12 00:00:00+09:00,447.88299560546875,457.1176965457877,438.64829466514976,447.88299560546875,50800,0.0,0.0
2012-03-13 00:00:00+09:00,447.8829752604167,447.8829752604167,434.0309244791667,443.265625,31600,0.0,0.0
2012-03-14 00:00:00+09:00,443.26560444078945,443.26560444078945,420.17885420949835,438.64825439453125,31000,0.0,0.0
2012-03-15 00:00:00+09:00,429.41357421875,452.5003255208333,429.41357421875,429.41357421875,37000,0.0,0.0
2012-03-16 00:00:00+09:00,434.03091397128264,434.03091397128264,415.56151337675993,420.1788635253906,24800,0.0,0.0
2012-03-19 00:00:00+09:00,424.7962344737535,424.7962344737535,406.32683297489467,410.9441833496094,18600,0.0,0.0
2012-03-21 00:00:00+09:00,415.5615337243241,424.7962344737535,401.70948260017997,410.9441833496094,33000,0.0,0.0
2012-03-22 00:00:00+09:00,406.3267822265625,429.4135312167081,406.3267822265625,406.3267822265625,53200,0.0,0.0
2012-03-23 00:00:00+09:00,415.5615234375,480.2044270833333,410.9441731770833,443.265625,269200,0.0,0.0
2012-03-26 00:00:00+09:00,429.41356382265195,438.6482641199133,420.1788635253906,420.1788635253906,56800,0.0,0.0
2012-03-27 00:00:00+09:00,420.17891675372454,420.17891675372454,383.24011088526527,397.0921630859375,74800,0.0,0.0
2012-03-28 00:00:00+09:00,392.47481235238007,401.7095138194949,387.85746161882264,397.0921630859375,16400,0.0,0.0
2012-03-29 00:00:00+09:00,397.09211210363054,401.7094622443704,392.4747619628906,392.4747619628906,10600,0.0,0.0
2012-03-30 00:00:00+09:00,392.4747818507505,447.88298634732706,392.4747818507505,410.9441833496094,119600,0.0,0.0
2012-04-02 00:00:00+09:00,420.1788840990388,424.7962344737535,397.09213222546526,410.9441833496094,56400,0.0,0.0
2012-04-03 00:00:00+09:00,420.1788840990388,424.7962344737535,406.32683297489467,410.9441833496094,17000,0.0,0.0
2012-04-04 00:00:00+09:00,406.3267822265625,410.9441320245916,392.4747328324752,406.3267822265625,22800,0.0,0.0
2012-04-05 00:00:00+09:00,498.6738467458951,544.8473510742188,484.821795447398,544.8473510742188,1001600,0.0,0.0
2012-04-06 00:00:00+09:00,530.9952586780895,586.4034595836292,498.67380814985796,507.90850830078125,687200,0.0,0.0
2012-04-09 00:00:00+09:00,489.4391485417931,517.1432512894418,466.3523962520859,475.58709716796875,153600,0.0,0.0
2012-04-10 00:00:00+09:00,475.58704507230505,475.58704507230505,452.5002953115136,457.1176452636719,56600,0.0,0.0
2012-04-11 00:00:00+09:00,480.2044061339727,517.1432066058168,461.7350058980507,466.35235595703125,170400,0.0,0.0
2012-04-12 00:00:00+09:00,461.73504701594715,461.73504701594715,429.41359372483083,447.88299560546875,104800,0.0,0.0
2012-04-13 00:00:00+09:00,447.8829453593553,461.73499521583017,434.03089550288036,457.1176452636719,55000,0.0,0.0
2012-04-16 00:00:00+09:00,452.50036386343146,494.0565197284405,429.41361060509314,480.2044677734375,143600,0.0,0.0
2012-04-17 00:00:00+09:00,498.6738164374169,507.9085167418135,434.0309143066406,434.0309143066406,101000,0.0,0.0
2012-04-18 00:00:00+09:00,438.6482846007055,461.73503642179526,434.03093423648755,452.5003356933594,39200,0.0,0.0
2012-04-19 00:00:00+09:00,447.8829544870477,452.5003045333059,438.64825439453125,438.64825439453125,14400,0.0,0.0
2012-04-20 00:00:00+09:00,438.6482747395833,438.6482747395833,420.1788736979167,429.41357421875,40200,0.0,0.0
2012-04-23 00:00:00+09:00,429.41356382265195,429.41356382265195,415.56151337675993,420.1788635253906,13000,0.0,0.0
2012-04-24 00:00:00+09:00,420.1788635253906,429.41356382265195,415.56151337675993,420.1788635253906,21400,0.0,0.0
2012-04-25 00:00:00+09:00,420.1788837598718,434.03093487283456,420.1788837598718,424.7962341308594,5600,0.0,0.0
2012-04-26 00:00:00+09:00,434.03093487283456,438.64828524382216,424.7962341308594,424.7962341308594,16400,0.0,0.0
2012-04-27 00:00:00+09:00,424.7962239583333,424.7962239583333,415.5615234375,415.5615234375,10600,0.0,0.0
2012-05-01 00:00:00+09:00,410.9441320245916,410.9441320245916,401.7094324285334,406.3267822265625,12200,0.0,0.0
2012-05-02 00:00:00+09:00,401.7094324285334,406.3267822265625,401.7094324285334,406.3267822265625,7400,0.0,0.0
2012-05-07 00:00:00+09:00,401.709461863448,401.709461863448,374.00536104527913,378.6227111816406,17000,0.0,0.0
2012-05-08 00:00:00+09:00,383.2400613180021,383.2400613180021,369.3880109089177,378.6227111816406,8600,0.0,0.0
2012-05-09 00:00:00+09:00,374.0053394024189,378.62268927158453,341.6838903182592,360.1532897949219,27000,0.0,0.0
2012-05-10 00:00:00+09:00,350.918599710836,360.1532997032264,346.3012497146408,355.53594970703125,9600,0.0,0.0
2012-05-11 00:00:00+09:00,350.9185980138644,350.9185980138644,327.83184814453125,327.83184814453125,16600,0.0,0.0
2012-05-14 00:00:00+09:00,323.2144963191106,323.2144963191106,300.12774658203125,300.12774658203125,32600,0.0,0.0
2012-05-15 00:00:00+09:00,318.59716796875,346.30126953125,286.2757161458333,318.59716796875,65600,0.0,0.0
2012-05-16 00:00:00+09:00,313.97980738397854,318.59715749256645,304.7451071668027,309.3624572753906,4600,0.0,0.0
2012-05-17 00:00:00+09:00,304.7451079904217,337.0665588378906,304.7451079904217,337.0665588378906,10400,0.0,0.0
2012-05-18 00:00:00+09:00,313.9798583984375,327.83191097483916,313.9798583984375,313.9798583984375,23600,0.0,0.0
2012-05-21 00:00:00+09:00,309.3625075396369,318.59720925723803,309.3625075396369,313.9798583984375,4000,0.0,0.0
2012-05-22 00:00:00+09:00,318.59716796875,327.8318684895833,313.9798177083333,318.59716796875,10400,0.0,0.0
2012-05-23 00:00:00+09:00,323.2145080566406,323.2145080566406,318.59715794154573,323.2145080566406,6400,0.0,0.0
2012-05-24 00:00:00+09:00,313.9798583984375,313.9798583984375,309.3625075396369,313.9798583984375,8400,0.0,0.0
2012-05-25 00:00:00+09:00,313.9798583984375,318.59720925723803,313.9798583984375,313.9798583984375,9600,0.0,0.0
2012-05-28 00:00:00+09:00,309.3624674479167,309.3624674479167,290.89306640625,304.7451171875,33400,0.0,0.0
2012-05-29 00:00:00+09:00,300.1277669270833,318.59716796875,295.5104166666667,318.59716796875,9200,0.0,0.0
2012-05-30 00:00:00+09:00,313.97980738397854,313.97980738397854,304.7451071668027,309.3624572753906,5800,0.0,0.0
2012-05-31 00:00:00+09:00,300.1277669270833,304.7451171875,300.1277669270833,304.7451171875,4400,0.0,0.0
2012-06-01 00:00:00+09:00,304.7451171875,309.3624674479167,300.1277669270833,304.7451171875,8800,0.0,0.0
2012-06-04 00:00:00+09:00,295.5104271673387,295.5104271673387,286.2757263183594,286.2757263183594,9400,0.0,0.0
2012-06-05 00:00:00+09:00,286.2757161458333,304.7451171875,286.2757161458333,304.7451171875,13000,0.0,0.0
2012-06-06 00:00:00+09:00,300.1277669270833,313.9798177083333,300.1277669270833,304.7451171875,17200,0.0,0.0
2012-06-07 00:00:00+09:00,309.3624674479167,313.9798177083333,300.1277669270833,304.7451171875,14400,0.0,0.0
2012-06-08 00:00:00+09:00,304.7450965294471,318.5971463716947,295.5103966346154,300.12774658203125,24600,0.0,0.0
2012-06-11 00:00:00+09:00,300.1277570582148,313.97980738397854,300.1277570582148,309.3624572753906,18800,0.0,0.0
2012-06-12 00:00:00+09:00,304.7451071668027,309.3624572753906,300.1277570582148,309.3624572753906,9200,0.0,0.0
2012-06-13 00:00:00+09:00,309.3624572753906,318.59715749256645,304.7451071668027,309.3624572753906,15600,0.0,0.0
2012-06-14 00:00:00+09:00,309.3624572753906,309.3624572753906,300.1277570582148,309.3624572753906,25000,0.0,0.0
2012-06-15 00:00:00+09:00,309.3624572753906,309.3624572753906,300.1277570582148,309.3624572753906,6400,0.0,0.0
2012-06-18 00:00:00+09:00,309.3625075396369,318.59720925723803,309.3625075396369,313.9798583984375,23200,0.0,0.0
2012-06-19 00:00:00+09:00,318.59715835362266,337.0665588378906,313.9798082325556,337.0665588378906,49800,0.0,0.0
2012-06-20 00:00:00+09:00,355.5359700520833,392.4747721354167,346.30126953125,374.00537109375,171600,0.0,0.0
2012-06-21 00:00:00+09:00,378.62268927158453,378.62268927158453,355.5359399257562,360.1532897949219,43000,0.0,0.0
2012-06-22 00:00:00+09:00,355.5359906648335,355.5359906648335,346.301289608604,350.91864013671875,24600,0.0,0.0
2012-06-25 00:00:00+09:00,350.91863023912583,350.91863023912583,337.06657904547615,341.6839294433594,28400,0.0,0.0
2012-06-26 00:00:00+09:00,332.44920871682365,341.6839089589576,327.8318585957566,337.0665588378906,22000,0.0,0.0
2012-06-27 00:00:00+09:00,337.0665588378906,341.6839089589576,327.8318585957566,337.0665588378906,14200,0.0,0.0
2012-06-28 00:00:00+09:00,346.30126953125,350.9186197916667,346.30126953125,346.30126953125,8800,0.0,0.0
2012-06-29 00:00:00+09:00,341.6839089589576,341.6839089589576,332.44920871682365,337.0665588378906,20400,0.0,0.0
2012-07-02 00:00:00+09:00,346.30126953125,350.9186197916667,341.6839192708333,346.30126953125,6000,0.0,0.0
2012-07-03 00:00:00+09:00,346.3012497146408,374.00534969181206,346.3012497146408,355.53594970703125,68400,0.0,0.0
2012-07-04 00:00:00+09:00,364.77064969942165,364.77064969942165,350.918599710836,355.53594970703125,20400,0.0,0.0
2012-07-05 00:00:00+09:00,355.5359700520833,355.5359700520833,346.30126953125,346.30126953125,12800,0.0,0.0
2012-07-06 00:00:00+09:00,350.9186197916667,374.00537109375,346.30126953125,374.00537109375,51400,0.0,0.0
2012-07-09 00:00:00+09:00,364.7706607725562,397.0921117270865,364.7706607725562,378.6227111816406,68600,0.0,0.0
2012-07-10 00:00:00+09:00,387.85741182215077,461.73501407398896,383.24006168141085,392.4747619628906,333200,0.0,0.0
2012-07-11 00:00:00+09:00,374.00537109375,392.4747721354167,374.00537109375,387.857421875,33200,0.0,0.0
2012-07-12 00:00:00+09:00,378.6227424718157,378.6227424718157,360.1533404000198,364.77069091796875,43800,0.0,0.0
2012-07-13 00:00:00+09:00,374.00537109375,387.857421875,369.3880208333333,374.00537109375,25000,0.0,0.0
2012-07-17 00:00:00+09:00,378.6227111816406,392.47476159072505,369.3880109089177,378.6227111816406,40200,0.0,0.0
2012-07-18 00:00:00+09:00,378.6227213541667,378.6227213541667,346.30126953125,346.30126953125,23200,0.0,0.0
2012-07-19 00:00:00+09:00,350.918599710836,360.1532997032264,346.3012497146408,355.53594970703125,9200,0.0,0.0
2012-07-20 00:00:00+09:00,360.1533411929482,360.1533411929482,346.301289608604,350.91864013671875,8600,0.0,0.0
2012-07-23 00:00:00+09:00,332.44920828683036,337.0665584019252,318.59715794154573,323.2145080566406,28400,0.0,0.0
2012-07-24 00:00:00+09:00,313.9797982229313,327.83184814453125,304.7450982751981,327.83184814453125,13200,0.0,0.0
2012-07-25 00:00:00+09:00,318.59715794154573,341.6839085170201,313.9798078264509,323.2145080566406,7600,0.0,0.0
2012-07-26 00:00:00+09:00,327.8318782497097,341.6839294433594,327.8318782497097,341.6839294433594,1600,0.0,0.0
2012-07-27 00:00:00+09:00,341.6839294433594,346.3012798412426,337.06657904547615,341.6839294433594,4400,0.0,0.0
2012-07-30 00:00:00+09:00,346.3012798412426,346.3012798412426,337.06657904547615,341.6839294433594,7600,0.0,0.0
2012-07-31 00:00:00+09:00,337.06657904547615,341.6839294433594,337.06657904547615,341.6839294433594,3400,0.0,0.0
2012-08-01 00:00:00+09:00,332.44920828683036,332.44920828683036,323.2145080566406,323.2145080566406,6600,0.0,0.0
2012-08-02 00:00:00+09:00,323.2144981706646,327.83184814453125,323.2144981706646,327.83184814453125,2000,0.0,0.0
2012-08-03 00:00:00+09:00,332.44921875,332.44921875,318.59716796875,318.59716796875,6000,0.0,0.0
2012-08-06 00:00:00+09:00,323.2145080566406,323.2145080566406,318.59715794154573,323.2145080566406,1800,0.0,0.0
2012-08-07 00:00:00+09:00,323.2144981706646,332.4491981183979,323.2144981706646,327.83184814453125,2200,0.0,0.0
2012-08-08 00:00:00+09:00,337.0665690104167,337.0665690104167,332.44921875,332.44921875,3000,0.0,0.0
2012-08-09 00:00:00+09:00,332.44921875,337.0665690104167,327.8318684895833,332.44921875,2200,0.0,0.0
2012-08-10 00:00:00+09:00,332.44921875,332.44921875,332.44921875,332.44921875,600,0.0,0.0
2012-08-13 00:00:00+09:00,332.44920871682365,337.0665588378906,327.8318585957566,337.0665588378906,3200,0.0,0.0
2012-08-14 00:00:00+09:00,341.6839294433594,346.3012798412426,337.06657904547615,341.6839294433594,6800,0.0,0.0
2012-08-15 00:00:00+09:00,346.30124018742487,369.3879895332532,346.30124018742487,360.1532897949219,22600,0.0,0.0
2012-08-16 00:00:00+09:00,360.1533203125,374.00537109375,355.5359700520833,374.00537109375,4000,0.0,0.0
2012-08-17 00:00:00+09:00,369.3880414359177,369.3880414359177,355.5359898820708,364.77069091796875,11400,0.0,0.0
2012-08-20 00:00:00+09:00,360.1533411929482,360.1533411929482,350.91864013671875,350.91864013671875,19800,0.0,0.0
2012-08-21 00:00:00+09:00,355.5359399257562,360.1532897949219,350.9185900565905,360.1532897949219,4800,0.0,0.0
2012-08-22 00:00:00+09:00,355.5359399257562,360.1532897949219,355.5359399257562,360.1532897949219,2800,0.0,0.0
2012-08-23 00:00:00+09:00,360.1532897949219,360.1532897949219,355.5359399257562,360.1532897949219,5200,0.0,0.0
2012-08-24 00:00:00+09:00,355.5359906648335,355.5359906648335,350.91864013671875,350.91864013671875,6600,0.0,0.0
2012-08-27 00:00:00+09:00,346.3012497146408,355.53594970703125,346.3012497146408,355.53594970703125,6400,0.0,0.0
2012-08-28 00:00:00+09:00,346.30126953125,355.5359700520833,346.30126953125,346.30126953125,9000,0.0,0.0
2012-08-29 00:00:00+09:00,346.30125908002464,346.30125908002464,337.0665588378906,337.0665588378906,6400,0.0,0.0
2012-08-30 00:00:00+09:00,337.0665690104167,360.1533203125,337.0665690104167,346.30126953125,11200,0.0,0.0
2012-08-31 00:00:00+09:00,346.30125908002464,346.30125908002464,337.0665588378906,337.0665588378906,4400,0.0,0.0
2012-09-03 00:00:00+09:00,337.0665690104167,337.0665690104167,332.44921875,332.44921875,5200,0.0,0.0
2012-09-04 00:00:00+09:00,337.06657904547615,346.3012798412426,337.06657904547615,341.6839294433594,2400,0.0,0.0
2012-09-05 00:00:00+09:00,337.0665690104167,337.0665690104167,332.44921875,332.44921875,3400,0.0,0.0
2012-09-06 00:00:00+09:00,337.06654809226455,337.06654809226455,327.83184814453125,327.83184814453125,2000,0.0,0.0
2012-09-07 00:00:00+09:00,332.44920871682365,341.6839089589576,327.8318585957566,337.0665588378906,3400,0.0,0.0
2012-09-10 00:00:00+09:00,346.30125908002464,346.30125908002464,337.0665588378906,337.0665588378906,5000,0.0,0.0
2012-09-11 00:00:00+09:00,332.44921875,337.0665690104167,332.44921875,332.44921875,3600,0.0,0.0
2012-09-12 00:00:00+09:00,337.0665690104167,346.30126953125,337.0665690104167,346.30126953125,3800,0.0,0.0
2012-09-13 00:00:00+09:00,350.918599710836,360.1532997032264,350.918599710836,355.53594970703125,5200,0.0,0.0
2012-09-14 00:00:00+09:00,360.1532997032264,364.77064969942165,355.53594970703125,355.53594970703125,10400,0.0,0.0
2012-09-18 00:00:00+09:00,360.1532897949219,360.1532897949219,360.1532897949219,360.1532897949219,3400,0.0,0.0
2012-09-19 00:00:00+09:00,360.1532897949219,364.7706396640875,360.1532897949219,360.1532897949219,1000,0.0,0.0
2012-09-20 00:00:00+09:00,364.7706396640875,369.3879895332532,350.9185900565905,360.1532897949219,20800,0.0,0.0
2012-09-21 00:00:00+09:00,360.1533404000198,369.3880414359177,360.1533404000198,364.77069091796875,2600,0.0,0.0
2012-09-24 00:00:00+09:00,364.7706396640875,364.7706396640875,360.1532897949219,360.1532897949219,1800,0.0,0.0
2012-09-25 00:00:00+09:00,355.53594970703125,355.53594970703125,350.918599710836,355.53594970703125,14800,0.0,0.0
2012-09-26 00:00:00+09:00,350.91864013671875,350.91864013671875,346.301289608604,350.91864013671875,18400,0.0,0.0
2012-09-27 00:00:00+09:00,350.9185900565905,360.1532897949219,350.9185900565905,360.1532897949219,5800,0.0,0.0
2012-09-28 00:00:00+09:00,364.7706806182862,369.3880310058594,360.1533302307129,369.3880310058594,11200,0.0,0.0
2012-10-01 00:00:00+09:00,369.3880109089177,397.0921117270865,369.3880109089177,378.6227111816406,27200,0.0,0.0
2012-10-02 00:00:00+09:00,378.6227213541667,383.2400716145833,369.3880208333333,374.00537109375,17200,0.0,0.0
2012-10-03 00:00:00+09:00,383.2400716145833,383.2400716145833,374.00537109375,374.00537109375,7400,0.0,0.0
2012-10-04 00:00:00+09:00,327.83185817173546,332.44920828683036,318.59715794154573,323.2145080566406,143200,0.0,0.0
2012-10-05 00:00:00+09:00,332.4491981183979,332.4491981183979,327.83184814453125,327.83184814453125,39600,0.0,0.0
2012-10-09 00:00:00+09:00,327.83184814453125,332.4491981183979,318.597148196798,327.83184814453125,22000,0.0,0.0
2012-10-10 00:00:00+09:00,327.83185817173546,327.83185817173546,323.2145080566406,323.2145080566406,11800,0.0,0.0
2012-10-11 00:00:00+09:00,327.83185817173546,327.83185817173546,318.59715794154573,323.2145080566406,5800,0.0,0.0
2012-10-12 00:00:00+09:00,323.2144981706646,327.83184814453125,323.2144981706646,327.83184814453125,2200,0.0,0.0
2012-10-15 00:00:00+09:00,327.83184814453125,332.4491981183979,323.2144981706646,327.83184814453125,4200,0.0,0.0
2012-10-16 00:00:00+09:00,327.83184814453125,332.4491981183979,323.2144981706646,327.83184814453125,3200,0.0,0.0
2012-10-17 00:00:00+09:00,327.83184814453125,332.4491981183979,323.2144981706646,327.83184814453125,6600,0.0,0.0
2012-10-18 00:00:00+09:00,332.44921875,337.0665690104167,327.8318684895833,332.44921875,5800,0.0,0.0
2012-10-19 00:00:00+09:00,332.44921875,332.44921875,327.8318684895833,332.44921875,2800,0.0,0.0
2012-10-22 00:00:00+09:00,332.4491981183979,332.4491981183979,327.83184814453125,327.83184814453125,4400,0.0,0.0
2012-10-23 00:00:00+09:00,327.83185817173546,327.83185817173546,323.2145080566406,323.2145080566406,2200,0.0,0.0
2012-10-24 00:00:00+09:00,323.2145182291667,332.44921875,323.2145182291667,332.44921875,3600,0.0,0.0
2012-10-25 00:00:00+09:00,337.06654809226455,337.06654809226455,327.83184814453125,327.83184814453125,4800,0.0,0.0
2012-10-26 00:00:00+09:00,327.83184814453125,327.83184814453125,323.2144981706646,327.83184814453125,4000,0.0,0.0
2012-10-29 00:00:00+09:00,332.44920828683036,332.44920828683036,318.59715794154573,323.2145080566406,20000,0.0,0.0
2012-10-30 00:00:00+09:00,323.2145182291667,323.2145182291667,318.59716796875,318.59716796875,7400,0.0,0.0
2012-10-31 00:00:00+09:00,313.9798177083333,323.2145182291667,313.9798177083333,318.59716796875,2600,0.0,0.0
2012-11-01 00:00:00+09:00,318.59720925723803,323.21456011603857,313.9798583984375,313.9798583984375,9000,0.0,0.0
2012-11-02 00:00:00+09:00,318.59716796875,318.59716796875,313.9798177083333,318.59716796875,6600,0.0,0.0
2012-11-05 00:00:00+09:00,318.59715794154573,327.83185817173546,318.59715794154573,323.2145080566406,4200,0.0,0.0
2012-11-06 00:00:00+09:00,318.59716796875,323.2145182291667,318.59716796875,318.59716796875,2600,0.0,0.0
2012-11-07 00:00:00+09:00,323.2145182291667,323.2145182291667,318.59716796875,318.59716796875,8200,0.0,0.0
2012-11-08 00:00:00+09:00,318.59716796875,318.59716796875,304.7451171875,304.7451171875,9200,0.0,0.0
2012-11-09 00:00:00+09:00,304.7451071668027,318.59715749256645,304.7451071668027,309.3624572753906,11200,0.0,0.0
2012-11-12 00:00:00+09:00,313.9798583984375,318.59720925723803,309.3625075396369,313.9798583984375,4600,0.0,0.0
2012-11-13 00:00:00+09:00,313.9798177083333,313.9798177083333,300.1277669270833,304.7451171875,11200,0.0,0.0
2012-11-14 00:00:00+09:00,304.7450965294471,304.7450965294471,300.12774658203125,300.12774658203125,1600,0.0,0.0
2012-11-15 00:00:00+09:00,304.7451071668027,309.3624572753906,300.1277570582148,309.3624572753906,3800,0.0,0.0
2012-11-16 00:00:00+09:00,309.3624674479167,309.3624674479167,304.7451171875,304.7451171875,4800,0.0,0.0
2012-11-19 00:00:00+09:00,309.3625075396369,313.9798583984375,309.3625075396369,313.9798583984375,5800,0.0,0.0
2012-11-20 00:00:00+09:00,313.9798078264509,323.2145080566406,309.362457711356,323.2145080566406,19000,0.0,0.0
2012-11-21 00:00:00+09:00,327.8318684895833,327.8318684895833,318.59716796875,318.59716796875,5200,0.0,0.0
2012-11-22 00:00:00+09:00,323.2145080566406,327.83185817173546,313.9798078264509,323.2145080566406,7600,0.0,0.0
2012-11-26 00:00:00+09:00,323.2145080566406,327.83185817173546,318.59715794154573,323.2145080566406,2200,0.0,0.0
2012-11-27 00:00:00+09:00,323.2145080566406,323.2145080566406,323.2145080566406,323.2145080566406,3800,0.0,0.0
2012-11-28 00:00:00+09:00,327.83185817173546,327.83185817173546,323.2145080566406,323.2145080566406,2200,0.0,0.0
2012-11-29 00:00:00+09:00,323.2145080566406,323.2145080566406,323.2145080566406,323.2145080566406,1600,0.0,0.0
2012-11-30 00:00:00+09:00,323.2145080566406,327.83185817173546,323.2145080566406,323.2145080566406,12200,0.0,0.0
2012-12-03 00:00:00+09:00,323.2145080566406,327.83185817173546,323.2145080566406,323.2145080566406,2400,0.0,0.0
2012-12-04 00:00:00+09:00,323.2145080566406,327.83185817173546,318.59715794154573,323.2145080566406,11000,0.0,0.0
2012-12-05 00:00:00+09:00,323.2145182291667,337.0665690104167,323.2145182291667,332.44921875,32000,0.0,0.0
2012-12-06 00:00:00+09:00,337.06654809226455,337.06654809226455,327.83184814453125,327.83184814453125,14800,0.0,0.0
2012-12-07 00:00:00+09:00,332.4491981183979,337.06654809226455,327.83184814453125,327.83184814453125,8600,0.0,0.0
2012-12-10 00:00:00+09:00,327.8318684895833,337.0665690104167,327.8318684895833,332.44921875,1600,0.0,0.0
2012-12-11 00:00:00+09:00,327.8318684895833,332.44921875,327.8318684895833,332.44921875,6600,0.0,0.0
2012-12-12 00:00:00+09:00,327.8318684895833,332.44921875,327.8318684895833,332.44921875,1400,0.0,0.0
2012-12-13 00:00:00+09:00,332.44921875,332.44921875,327.8318684895833,332.44921875,9800,0.0,0.0
2012-12-14 00:00:00+09:00,332.44920871682365,341.6839089589576,332.44920871682365,337.0665588378906,36400,0.0,0.0
2012-12-17 00:00:00+09:00,341.6839089589576,341.6839089589576,332.44920871682365,337.0665588378906,31400,0.0,0.0
2012-12-18 00:00:00+09:00,337.0665588378906,341.6839089589576,332.44920871682365,337.0665588378906,8800,0.0,0.0
2012-12-19 00:00:00+09:00,337.06657904547615,346.3012798412426,337.06657904547615,341.6839294433594,7800,0.0,0.0
2012-12-20 00:00:00+09:00,350.9186197916667,350.9186197916667,346.30126953125,346.30126953125,13800,0.0,0.0
2012-12-21 00:00:00+09:00,346.3012798412426,350.91863023912583,337.06657904547615,341.6839294433594,15000,0.0,0.0
2012-12-25 00:00:00+09:00,341.6839294433594,346.3012798412426,341.6839294433594,341.6839294433594,3600,0.0,0.0
2012-12-26 00:00:00+09:00,350.91864013671875,364.7706917210629,350.91864013671875,350.91864013671875,19600,0.0,0.0
2012-12-27 00:00:00+09:00,364.7706806182862,369.3880310058594,360.1533302307129,369.3880310058594,30200,0.0,0.0
2012-12-28 00:00:00+09:00,374.00537109375,378.6227213541667,364.7706705729167,374.00537109375,11400,0.0,0.0
2013-01-04 00:00:00+09:00,378.62270125423566,383.24005126953125,374.00535123894014,383.24005126953125,14600,0.0,0.0
2013-01-07 00:00:00+09:00,392.47476159072505,392.47476159072505,369.3880109089177,378.6227111816406,36200,0.0,0.0
2013-01-08 00:00:00+09:00,387.85741145436356,387.85741145436356,369.3880109089177,378.6227111816406,11600,0.0,0.0
2013-01-09 00:00:00+09:00,369.3880310058594,378.6227317810059,364.7706806182862,369.3880310058594,23000,0.0,0.0
2013-01-10 00:00:00+09:00,369.388029977177,415.5615337243241,369.388029977177,410.9441833496094,147000,0.0,0.0
2013-01-11 00:00:00+09:00,406.3268123851103,410.9441625258502,392.4747619628906,392.4747619628906,62800,0.0,0.0
2013-01-15 00:00:00+09:00,434.03093522318295,452.50033672204177,397.09213222546526,410.9441833496094,91000,0.0,0.0
2013-01-16 00:00:00+09:00,415.56156602016716,415.56156602016716,387.85746161882264,397.0921630859375,39200,0.0,0.0
2013-01-17 00:00:00+09:00,392.4747721354167,410.9441731770833,383.2400716145833,387.857421875,36000,0.0,0.0
2013-01-18 00:00:00+09:00,392.4747721354167,401.70947265625,392.4747721354167,401.70947265625,9800,0.0,0.0
2013-01-21 00:00:00+09:00,397.09213222546526,420.1788840990388,397.09213222546526,410.9441833496094,40000,0.0,0.0
2013-01-22 00:00:00+09:00,420.1788736979167,424.7962239583333,415.5615234375,415.5615234375,22400,0.0,0.0
2013-01-23 00:00:00+09:00,415.5615234375,415.5615234375,397.0921223958333,401.70947265625,21600,0.0,0.0
2013-01-24 00:00:00+09:00,397.0921223958333,401.70947265625,397.0921223958333,401.70947265625,3400,0.0,0.0
2013-01-25 00:00:00+09:00,406.3268229166667,410.9441731770833,401.70947265625,401.70947265625,6600,0.0,0.0
2013-01-28 00:00:00+09:00,406.3268130794986,424.79621367402126,406.3268130794986,420.1788635253906,20000,0.0,0.0
2013-01-29 00:00:00+09:00,420.1788316206499,424.796181418679,406.3267822265625,406.3267822265625,15800,0.0,0.0
2013-01-30 00:00:00+09:00,406.3268645530523,406.3268645530523,397.0921630859375,397.0921630859375,38200,0.0,0.0
2013-01-31 00:00:00+09:00,397.0921223958333,401.70947265625,397.0921223958333,401.70947265625,3000,0.0,0.0
2013-02-01 00:00:00+09:00,406.3267822265625,406.3267822265625,401.7094324285334,406.3267822265625,6600,0.0,0.0
2013-02-04 00:00:00+09:00,401.70947265625,410.9441731770833,397.0921223958333,401.70947265625,19800,0.0,0.0
2013-02-05 00:00:00+09:00,406.3268229166667,406.3268229166667,397.0921223958333,401.70947265625,10200,0.0,0.0
2013-02-06 00:00:00+09:00,406.32683264690894,424.7962341308594,406.32683264690894,424.7962341308594,45000,0.0,0.0
2013-02-07 00:00:00+09:00,415.56151337675993,424.79621367402126,415.56151337675993,420.1788635253906,5600,0.0,0.0
2013-02-08 00:00:00+09:00,415.56151337675993,420.1788635253906,415.56151337675993,420.1788635253906,23400,0.0,0.0
2013-02-12 00:00:00+09:00,424.7962341308594,434.03093487283456,415.5615333888842,424.7962341308594,35000,0.0,0.0
2013-02-13 00:00:00+09:00,420.1788736979167,438.6482747395833,406.3268229166667,429.41357421875,109400,0.0,0.0
2013-02-14 00:00:00+09:00,424.79621367402126,438.6482641199133,420.1788635253906,420.1788635253906,71000,0.0,0.0
2013-02-15 00:00:00+09:00,420.1788736979167,424.7962239583333,401.70947265625,415.5615234375,35800,0.0,0.0
2013-02-18 00:00:00+09:00,410.9441632281293,424.79621367402126,410.9441632281293,420.1788635253906,14400,0.0,0.0
2013-02-19 00:00:00+09:00,420.1788736979167,429.41357421875,420.1788736979167,429.41357421875,66000,0.0,0.0
2013-02-20 00:00:00+09:00,434.0309761665963,563.3167988545185,429.41362535631333,512.5259399414062,412400,0.0,0.0
2013-02-21 00:00:00+09:00,512.5258466448103,512.5258466448103,466.3523469470796,484.8217468261719,110400,0.0,0.0
2013-02-22 00:00:00+09:00,475.58710592764396,512.5259102715386,466.3524048416703,498.6738586425781,51600,0.0,0.0
2013-02-25 00:00:00+09:00,517.1432608145254,526.3779619004991,489.43915755660447,498.6738586425781,52000,0.0,0.0
2013-02-26 00:00:00+09:00,475.58706634521485,484.82176666259767,452.5003155517578,461.7350158691406,83600,0.0,0.0
2013-02-27 00:00:00+09:00,466.3523867860132,470.96973715023114,452.5003356933594,452.5003356933594,40000,0.0,0.0
2013-02-28 00:00:00+09:00,461.7350158691406,466.35236602783203,452.5003155517578,461.7350158691406,18000,0.0,0.0
2013-03-01 00:00:00+09:00,461.73500462582234,461.73500462582234,420.17885420949835,438.64825439453125,78000,0.0,0.0
2013-03-04 00:00:00+09:00,443.2656451353092,457.1176965457877,443.2656451353092,447.88299560546875,26600,0.0,0.0
2013-03-05 00:00:00+09:00,452.5003460756282,461.73504701594715,447.88299560546875,447.88299560546875,15800,0.0,0.0
2013-03-06 00:00:00+09:00,447.8829544870477,457.11765457956415,438.64825439453125,438.64825439453125,24000,0.0,0.0
2013-03-07 00:00:00+09:00,438.6482644588389,438.6482644588389,429.4135641544423,434.0309143066406,24000,0.0,0.0
2013-03-08 00:00:00+09:00,438.6482644588389,438.6482644588389,434.0309143066406,434.0309143066406,10800,0.0,0.0
2013-03-11 00:00:00+09:00,438.6482747395833,447.8829752604167,438.6482747395833,443.265625,17200,0.0,0.0
2013-03-12 00:00:00+09:00,438.6482747395833,494.0564778645833,438.6482747395833,443.265625,84200,0.0,0.0
2013-03-13 00:00:00+09:00,452.5003149154339,452.5003149154339,429.4135641544423,434.0309143066406,41600,0.0,0.0
2013-03-14 00:00:00+09:00,434.0309143066406,438.6482644588389,434.0309143066406,434.0309143066406,4000,0.0,0.0
2013-03-15 00:00:00+09:00,438.64824545503865,457.1176452636719,434.03089550288036,457.1176452636719,23200,0.0,0.0
2013-03-18 00:00:00+09:00,443.265625,457.11767578125,443.265625,443.265625,19000,0.0,0.0
2013-03-19 00:00:00+09:00,443.2656451353092,452.5003460756282,443.2656451353092,447.88299560546875,11400,0.0,0.0
2013-03-21 00:00:00+09:00,452.5003460756282,452.5003460756282,443.2656451353092,447.88299560546875,12000,0.0,0.0
2013-03-22 00:00:00+09:00,447.8829853291414,452.5003356933594,424.7962335080516,452.5003356933594,35800,0.0,0.0
2013-03-25 00:00:00+09:00,443.2656451353092,484.8217993667445,438.64829466514976,447.88299560546875,57000,0.0,0.0
2013-03-26 00:00:00+09:00,452.5003155517578,470.96971618652344,452.5003155517578,461.7350158691406,32600,0.0,0.0
2013-03-27 00:00:00+09:00,470.9697479562661,470.9697479562661,447.88299560546875,447.88299560546875,23400,0.0,0.0
2013-03-28 00:00:00+09:00,452.5003045333059,457.11765457956415,438.64825439453125,438.64825439453125,38200,0.0,0.0
2013-03-29 00:00:00+09:00,438.6482644588389,443.2656146110372,429.4135641544423,434.0309143066406,14400,0.0,0.0
2013-04-01 00:00:00+09:00,434.0309244791667,443.265625,429.41357421875,429.41357421875,12800,0.0,0.0
2013-04-02 00:00:00+09:00,429.4135641544423,434.0309143066406,420.17886385004573,434.0309143066406,15400,0.0,0.0
2013-04-03 00:00:00+09:00,438.64825439453125,438.64825439453125,438.64825439453125,438.64825439453125,9000,0.0,0.0
2013-04-04 00:00:00+09:00,438.6482747395833,443.265625,429.41357421875,443.265625,12000,0.0,0.0
2013-04-05 00:00:00+09:00,443.26559540719694,461.73499521583017,443.26559540719694,457.1176452636719,22800,0.0,0.0
2013-04-08 00:00:00+09:00,461.7350260416667,470.9697265625,457.11767578125,470.9697265625,15800,0.0,0.0
2013-04-09 00:00:00+09:00,475.58704507230505,480.2043950244634,457.1176452636719,457.1176452636719,23600,0.0,0.0
2013-04-10 00:00:00+09:00,457.1176452636719,466.35234516798846,452.5002953115136,457.1176452636719,27200,0.0,0.0
2013-04-11 00:00:00+09:00,461.73499521583017,489.43909492878,447.8829453593553,457.1176452636719,42800,0.0,0.0
2013-04-12 00:00:00+09:00,461.7350058980507,466.35235595703125,457.1176558390702,466.35235595703125,15600,0.0,0.0
2013-04-15 00:00:00+09:00,457.1176860575773,461.73503642179526,447.8829853291414,452.5003356933594,25000,0.0,0.0
2013-04-16 00:00:00+09:00,447.8829453593553,457.1176452636719,443.26559540719694,457.1176452636719,9200,0.0,0.0
2013-04-17 00:00:00+09:00,461.73499697730654,489.4390967959449,461.73499697730654,484.8217468261719,70800,0.0,0.0
2013-04-18 00:00:00+09:00,498.6738075898072,517.1432078709112,494.05645751953125,494.05645751953125,72000,0.0,0.0
2013-04-19 00:00:00+09:00,503.2911783854167,563.3167317708334,503.2911783854167,540.22998046875,126400,0.0,0.0
2013-04-22 00:00:00+09:00,549.4647227320178,554.0820733432112,530.995320287244,535.6126708984375,74000,0.0,0.0
2013-04-23 00:00:00+09:00,526.3778893512228,540.2299390709918,526.3778893512228,530.9952392578125,20400,0.0,0.0
2013-04-24 00:00:00+09:00,526.3779707376935,526.3779707376935,512.5259188761753,521.7606201171875,38800,0.0,0.0
2013-04-25 00:00:00+09:00,526.3779619004991,526.3779619004991,489.43915755660447,498.6738586425781,33800,0.0,0.0
2013-04-26 00:00:00+09:00,503.29119873046875,517.1432500716743,503.29119873046875,503.29119873046875,15000,0.0,0.0
2013-04-30 00:00:00+09:00,494.05650809959127,498.6738586425781,489.43915755660447,498.6738586425781,11800,0.0,0.0
2013-05-01 00:00:00+09:00,494.0564978363317,507.9085491775373,494.0564978363317,503.29119873046875,6000,0.0,0.0
2013-05-02 00:00:00+09:00,507.90850830078125,512.5258583762429,503.2911582253196,507.90850830078125,10000,0.0,0.0
2013-05-07 00:00:00+09:00,512.5258990696499,521.7605999537877,512.5258990696499,517.1432495117188,12200,0.0,0.0
2013-05-08 00:00:00+09:00,517.1432495117188,530.9953008379256,512.5258990696499,517.1432495117188,17000,0.0,0.0
2013-05-09 00:00:00+09:00,526.3778893512228,535.6125891644022,521.7605394446332,530.9952392578125,13400,0.0,0.0
2013-05-10 00:00:00+09:00,530.995320287244,540.2300215096309,530.995320287244,535.6126708984375,8000,0.0,0.0
2013-05-13 00:00:00+09:00,535.6125681023849,535.6125681023849,521.7605189273232,526.3778686523438,12800,0.0,0.0
2013-05-14 00:00:00+09:00,526.3779707376935,526.3779707376935,521.7606201171875,521.7606201171875,3400,0.0,0.0
2013-05-15 00:00:00+09:00,526.3779923722551,526.3779923722551,512.5259399414062,512.5259399414062,7200,0.0,0.0
2013-05-16 00:00:00+09:00,512.5258583762429,512.5258583762429,461.73500754616475,507.90850830078125,19600,0.0,0.0
2013-05-17 00:00:00+09:00,489.4391079989346,507.90850830078125,489.4391079989346,507.90850830078125,4600,0.0,0.0
2013-05-20 00:00:00+09:00,507.9085682556692,526.3779707376935,507.9085682556692,521.7606201171875,8600,0.0,0.0
2013-05-21 00:00:00+09:00,517.1432495117188,521.7605999537877,517.1432495117188,517.1432495117188,1400,0.0,0.0
2013-05-22 00:00:00+09:00,517.1432078709112,517.1432078709112,494.05645751953125,494.05645751953125,62600,0.0,0.0
2013-05-23 00:00:00+09:00,498.67379483309657,498.67379483309657,457.1176452636719,457.1176452636719,65000,0.0,0.0
2013-05-24 00:00:00+09:00,466.35236602783203,475.58706634521485,452.5003155517578,461.7350158691406,11000,0.0,0.0
2013-05-27 00:00:00+09:00,457.1176452636719,461.73499521583017,452.5002953115136,457.1176452636719,6200,0.0,0.0
2013-05-28 00:00:00+09:00,457.1176452636719,457.1176452636719,457.1176452636719,457.1176452636719,6600,0.0,0.0
2013-05-29 00:00:00+09:00,466.3524158184345,498.67387038010816,466.3524158184345,480.2044677734375,21400,0.0,0.0
2013-05-30 00:00:00+09:00,475.58706634521485,507.90851745605465,457.1176657104492,461.7350158691406,55600,0.0,0.0
2013-05-31 00:00:00+09:00,466.35236602783203,470.96971618652344,461.7350158691406,461.7350158691406,9000,0.0,0.0
2013-06-03 00:00:00+09:00,461.73503642179526,466.3523867860132,452.5003356933594,452.5003356933594,13800,0.0,0.0
2013-06-04 00:00:00+09:00,452.5002953115136,466.35234516798846,447.8829453593553,457.1176452636719,24400,0.0,0.0
2013-06-05 00:00:00+09:00,457.11765457956415,461.73500462582234,438.64825439453125,438.64825439453125,19400,0.0,0.0
2013-06-06 00:00:00+09:00,434.0309244791667,438.6482747395833,420.1788736979167,429.41357421875,14800,0.0,0.0
2013-06-07 00:00:00+09:00,415.56151337675993,424.79621367402126,406.3268130794986,420.1788635253906,10000,0.0,0.0
2013-06-10 00:00:00+09:00,424.7962239583333,443.265625,424.7962239583333,443.265625,5600,0.0,0.0
2013-06-11 00:00:00+09:00,447.8829752604167,447.8829752604167,438.6482747395833,443.265625,4600,0.0,0.0
2013-06-12 00:00:00+09:00,438.64824545503865,457.1176452636719,434.03089550288036,457.1176452636719,3400,0.0,0.0
2013-06-13 00:00:00+09:00,452.5003045333059,452.5003045333059,434.030904348273,438.64825439453125,4200,0.0,0.0
2013-06-14 00:00:00+09:00,438.64829466514976,447.88299560546875,438.64829466514976,447.88299560546875,800,0.0,0.0
2013-06-17 00:00:00+09:00,434.0309143066406,443.2656146110372,434.0309143066406,434.0309143066406,8200,0.0,0.0
2013-06-18 00:00:00+09:00,434.0309244791667,434.0309244791667,429.41357421875,429.41357421875,4600,0.0,0.0
2013-06-19 00:00:00+09:00,434.0309143066406,434.0309143066406,429.4135641544423,434.0309143066406,3800,0.0,0.0
2013-06-20 00:00:00+09:00,429.41357421875,429.41357421875,424.7962239583333,429.41357421875,2400,0.0,0.0
2013-06-21 00:00:00+09:00,424.79621367402126,429.41356382265195,415.56151337675993,420.1788635253906,7000,0.0,0.0
2013-06-24 00:00:00+09:00,424.7962341308594,429.41358450184697,420.1788837598718,424.7962341308594,4000,0.0,0.0
2013-06-25 00:00:00+09:00,420.1788840990388,420.1788840990388,406.32683297489467,410.9441833496094,6600,0.0,0.0
2013-06-26 00:00:00+09:00,406.3267822265625,424.796181418679,406.3267822265625,406.3267822265625,6600,0.0,0.0
2013-06-27 00:00:00+09:00,415.5615234375,415.5615234375,406.3268229166667,415.5615234375,6600,0.0,0.0
2013-06-28 00:00:00+09:00,420.1788736979167,420.1788736979167,415.5615234375,415.5615234375,5600,0.0,0.0
2013-07-01 00:00:00+09:00,415.5615333888842,424.7962341308594,415.5615333888842,424.7962341308594,1600,0.0,0.0
2013-07-02 00:00:00+09:00,434.03093487283456,434.03093487283456,424.7962341308594,424.7962341308594,2000,0.0,0.0
2013-07-03 00:00:00+09:00,429.41358450184697,429.41358450184697,424.7962341308594,424.7962341308594,6800,0.0,0.0
2013-07-04 00:00:00+09:00,424.7962341308594,429.41358450184697,420.1788837598718,424.7962341308594,4400,0.0,0.0
2013-07-05 00:00:00+09:00,429.4135543020148,438.64825439453125,429.4135543020148,438.64825439453125,10000,0.0,0.0
2013-07-08 00:00:00+09:00,443.2656146110372,443.2656146110372,429.4135641544423,434.0309143066406,9600,0.0,0.0
2013-07-09 00:00:00+09:00,429.4135543020148,438.64825439453125,429.4135543020148,438.64825439453125,9600,0.0,0.0
2013-07-10 00:00:00+09:00,443.2656451353092,452.5003460756282,438.64829466514976,447.88299560546875,19600,0.0,0.0
2013-07-11 00:00:00+09:00,452.5003057800897,466.35235595703125,447.8829557211092,466.35235595703125,22000,0.0,0.0
2013-07-12 00:00:00+09:00,466.35236602783203,475.58706634521485,452.5003155517578,461.7350158691406,26400,0.0,0.0
2013-07-16 00:00:00+09:00,457.1176860575773,457.1176860575773,447.8829853291414,452.5003356933594,16400,0.0,0.0
2013-07-17 00:00:00+09:00,447.8829752604167,447.8829752604167,438.6482747395833,443.265625,9800,0.0,0.0
2013-07-18 00:00:00+09:00,438.64825439453125,443.26560444078945,434.030904348273,438.64825439453125,21600,0.0,0.0
2013-07-19 00:00:00+09:00,438.6482644588389,438.6482644588389,434.0309143066406,434.0309143066406,2400,0.0,0.0
2013-07-22 00:00:00+09:00,438.64825439453125,438.64825439453125,434.030904348273,438.64825439453125,1800,0.0,0.0
2013-07-23 00:00:00+09:00,429.4135543020148,438.64825439453125,429.4135543020148,438.64825439453125,3200,0.0,0.0
2013-07-24 00:00:00+09:00,438.64825439453125,438.64825439453125,434.030904348273,438.64825439453125,1800,0.0,0.0
2013-07-25 00:00:00+09:00,438.64825439453125,438.64825439453125,434.030904348273,438.64825439453125,4400,0.0,0.0
2013-07-26 00:00:00+09:00,443.2656146110372,443.2656146110372,434.0309143066406,434.0309143066406,1600,0.0,0.0
2013-07-29 00:00:00+09:00,434.03091397128264,434.03091397128264,420.1788635253906,420.1788635253906,9200,0.0,0.0
2013-07-30 00:00:00+09:00,424.7962239583333,429.41357421875,420.1788736979167,429.41357421875,5600,0.0,0.0
2013-07-31 00:00:00+09:00,420.1788635253906,429.41356382265195,420.1788635253906,420.1788635253906,1600,0.0,0.0
2013-08-01 00:00:00+09:00,420.1788837598718,429.41358450184697,420.1788837598718,424.7962341308594,4600,0.0,0.0
2013-08-02 00:00:00+09:00,424.79621367402126,429.41356382265195,420.1788635253906,420.1788635253906,4200,0.0,0.0
2013-08-05 00:00:00+09:00,424.79621367402126,429.41356382265195,406.3268130794986,420.1788635253906,14600,0.0,0.0
2013-08-06 00:00:00+09:00,415.56151337675993,420.1788635253906,415.56151337675993,420.1788635253906,1800,0.0,0.0
2013-08-07 00:00:00+09:00,420.1788736979167,420.1788736979167,415.5615234375,415.5615234375,1800,0.0,0.0
2013-08-08 00:00:00+09:00,424.7962239583333,424.7962239583333,415.5615234375,415.5615234375,1000,0.0,0.0
2013-08-09 00:00:00+09:00,420.1788736979167,420.1788736979167,415.5615234375,415.5615234375,600,0.0,0.0
2013-08-12 00:00:00+09:00,415.5615234375,420.1788736979167,415.5615234375,415.5615234375,1000,0.0,0.0
2013-08-13 00:00:00+09:00,420.1788837598718,424.7962341308594,415.5615333888842,424.7962341308594,3400,0.0,0.0
2013-08-14 00:00:00+09:00,434.03093487283456,434.03093487283456,424.7962341308594,424.7962341308594,2000,0.0,0.0
2013-08-15 00:00:00+09:00,429.41358450184697,429.41358450184697,424.7962341308594,424.7962341308594,2000,0.0,0.0
2013-08-16 00:00:00+09:00,420.1788635253906,420.1788635253906,415.56151337675993,420.1788635253906,3400,0.0,0.0
2013-08-19 00:00:00+09:00,420.1788635253906,420.1788635253906,420.1788635253906,420.1788635253906,0,0.0,0.0
2013-08-20 00:00:00+09:00,420.1788736979167,420.1788736979167,415.5615234375,415.5615234375,4200,0.0,0.0
2013-08-21 00:00:00+09:00,415.5615234375,415.5615234375,415.5615234375,415.5615234375,1000,0.0,0.0
2013-08-22 00:00:00+09:00,406.32683297489467,415.5615337243241,406.32683297489467,410.9441833496094,6200,0.0,0.0
2013-08-23 00:00:00+09:00,406.3268229166667,420.1788736979167,406.3268229166667,415.5615234375,8800,0.0,0.0
2013-08-26 00:00:00+09:00,410.9441632281293,420.1788635253906,410.9441632281293,420.1788635253906,1200,0.0,0.0
2013-08-27 00:00:00+09:00,420.1788736979167,420.1788736979167,415.5615234375,415.5615234375,3400,0.0,0.0
2013-08-28 00:00:00+09:00,410.9441731770833,410.9441731770833,401.70947265625,401.70947265625,3600,0.0,0.0
2013-08-29 00:00:00+09:00,410.9441731770833,410.9441731770833,401.70947265625,401.70947265625,1600,0.0,0.0
2013-08-30 00:00:00+09:00,406.3268229166667,406.3268229166667,401.70947265625,401.70947265625,1200,0.0,0.0
2013-09-02 00:00:00+09:00,406.3268229166667,406.3268229166667,401.70947265625,401.70947265625,1000,0.0,0.0
2013-09-03 00:00:00+09:00,406.32683297489467,410.9441833496094,406.32683297489467,410.9441833496094,800,0.0,0.0
2013-09-04 00:00:00+09:00,401.70948260017997,410.9441833496094,401.70948260017997,410.9441833496094,6000,0.0,0.0
2013-09-05 00:00:00+09:00,410.9441833496094,415.5615337243241,410.9441833496094,410.9441833496094,2600,0.0,0.0
2013-09-06 00:00:00+09:00,415.5615337243241,415.5615337243241,410.9441833496094,410.9441833496094,2000,0.0,0.0
2013-09-09 00:00:00+09:00,415.5615337243241,420.1788840990388,410.9441833496094,410.9441833496094,2200,0.0,0.0
2013-09-10 00:00:00+09:00,406.3268130794986,420.1788635253906,406.3268130794986,420.1788635253906,3200,0.0,0.0
2013-09-11 00:00:00+09:00,420.1788736979167,420.1788736979167,415.5615234375,415.5615234375,1800,0.0,0.0
2013-09-12 00:00:00+09:00,415.5615337243241,420.1788840990388,410.9441833496094,410.9441833496094,3600,0.0,0.0
2013-09-13 00:00:00+09:00,415.5615337243241,424.7962344737535,410.9441833496094,410.9441833496094,9000,0.0,0.0
2013-09-17 00:00:00+09:00,415.56151337675993,429.41356382265195,415.56151337675993,420.1788635253906,13400,0.0,0.0
2013-09-18 00:00:00+09:00,424.79620425575655,438.64825439453125,420.17885420949835,438.64825439453125,16200,0.0,0.0
2013-09-19 00:00:00+09:00,434.03093487283456,434.03093487283456,424.7962341308594,424.7962341308594,10800,0.0,0.0
2013-09-20 00:00:00+09:00,429.41357421875,434.0309244791667,429.41357421875,429.41357421875,8000,0.0,0.0
2013-09-24 00:00:00+09:00,443.26563496492344,521.7605911566286,443.26563496492344,452.5003356933594,80600,0.0,0.0
2013-09-25 00:00:00+09:00,461.73500462582234,484.82175485711343,438.64825439453125,438.64825439453125,25000,0.0,0.0
2013-09-26 00:00:00+09:00,443.2656451353092,452.5003460756282,438.64829466514976,447.88299560546875,9600,0.0,0.0
2013-09-27 00:00:00+09:00,452.5002953115136,461.73499521583017,447.8829453593553,457.1176452636719,9600,0.0,0.0
2013-09-30 00:00:00+09:00,457.1176860575773,457.1176860575773,447.8829853291414,452.5003356933594,3800,0.0,0.0
2013-10-01 00:00:00+09:00,452.5002953115136,457.1176452636719,447.8829453593553,457.1176452636719,5200,0.0,0.0
2013-10-02 00:00:00+09:00,457.1176452636719,480.2043950244634,447.8829453593553,457.1176452636719,31000,0.0,0.0
2013-10-03 00:00:00+09:00,457.1176452636719,461.73499521583017,452.5002953115136,457.1176452636719,6800,0.0,0.0
2013-10-04 00:00:00+09:00,457.1176860575773,457.1176860575773,447.8829853291414,452.5003356933594,7400,0.0,0.0
2013-10-07 00:00:00+09:00,452.5003356933594,461.73503642179526,443.26563496492344,452.5003356933594,26200,0.0,0.0
2013-10-08 00:00:00+09:00,443.26559540719694,457.1176452636719,438.64824545503865,457.1176452636719,10600,0.0,0.0
2013-10-09 00:00:00+09:00,443.26559540719694,461.73499521583017,443.26559540719694,457.1176452636719,5600,0.0,0.0
2013-10-10 00:00:00+09:00,452.5003460756282,452.5003460756282,443.2656451353092,447.88299560546875,14600,0.0,0.0
2013-10-11 00:00:00+09:00,447.8829853291414,452.5003356933594,447.8829853291414,452.5003356933594,6800,0.0,0.0
2013-10-15 00:00:00+09:00,461.7350158691406,470.96971618652344,447.8829653930664,461.7350158691406,33200,0.0,0.0
2013-10-16 00:00:00+09:00,461.73504701594715,461.73504701594715,447.88299560546875,447.88299560546875,27200,0.0,0.0
2013-10-17 00:00:00+09:00,452.5003356933594,457.1176860575773,452.5003356933594,452.5003356933594,3000,0.0,0.0
2013-10-18 00:00:00+09:00,457.1176657104492,461.7350158691406,452.5003155517578,461.7350158691406,10400,0.0,0.0
2013-10-21 00:00:00+09:00,466.35235595703125,466.35235595703125,457.1176558390702,466.35235595703125,8600,0.0,0.0
2013-10-22 00:00:00+09:00,461.7350058980507,466.35235595703125,457.1176558390702,466.35235595703125,6800,0.0,0.0
2013-10-23 00:00:00+09:00,466.3523867860132,470.96973715023114,452.5003356933594,452.5003356933594,12200,0.0,0.0
2013-10-24 00:00:00+09:00,452.5003068870473,494.05645751953125,452.5003068870473,494.05645751953125,55000,0.0,0.0
2013-10-25 00:00:00+09:00,517.1432729867788,544.8473768967848,480.2044677734375,480.2044677734375,167400,0.0,0.0
2013-10-28 00:00:00+09:00,484.82181842510516,498.67387038010816,480.2044677734375,480.2044677734375,14000,0.0,0.0
2013-10-29 00:00:00+09:00,480.2044476259102,480.2044476259102,470.9697467100273,475.58709716796875,20800,0.0,0.0
2013-10-30 00:00:00+09:00,475.58711712176984,480.2044677734375,470.9697664701022,480.2044677734375,6800,0.0,0.0
2013-10-31 00:00:00+09:00,480.2044061339727,480.2044061339727,466.35235595703125,466.35235595703125,12800,0.0,0.0
2013-11-01 00:00:00+09:00,466.35236602783203,470.96971618652344,457.1176657104492,461.7350158691406,16800,0.0,0.0
2013-11-05 00:00:00+09:00,461.73506516676684,517.1432729867788,457.1177145150992,480.2044677734375,66200,0.0,0.0
2013-11-06 00:00:00+09:00,475.58711712176984,489.4391690767728,470.9697664701022,480.2044677734375,21600,0.0,0.0
2013-11-07 00:00:00+09:00,480.2044677734375,480.2044677734375,470.9697664701022,480.2044677734375,11200,0.0,0.0
2013-11-08 00:00:00+09:00,470.9697467100273,480.2044476259102,470.9697467100273,475.58709716796875,6000,0.0,0.0
2013-11-11 00:00:00+09:00,480.2044476259102,480.2044476259102,470.9697467100273,475.58709716796875,12800,0.0,0.0
2013-11-12 00:00:00+09:00,470.9697467100273,475.58709716796875,466.3523962520859,475.58709716796875,4000,0.0,0.0
2013-11-13 00:00:00+09:00,475.58705607499223,475.58705607499223,466.35235595703125,466.35235595703125,3400,0.0,0.0
2013-11-14 00:00:00+09:00,466.3523763020833,470.9697265625,461.7350260416667,470.9697265625,13000,0.0,0.0
2013-11-15 00:00:00+09:00,470.96970601601174,470.96970601601174,466.35235595703125,466.35235595703125,11400,0.0,0.0
2013-11-18 00:00:00+09:00,466.35235595703125,466.35235595703125,461.7350058980507,466.35235595703125,6200,0.0,0.0
2013-11-19 00:00:00+09:00,466.35235595703125,466.35235595703125,461.7350058980507,466.35235595703125,3000,0.0,0.0
2013-11-20 00:00:00+09:00,466.3523962520859,489.4391485417931,466.3523962520859,475.58709716796875,32600,0.0,0.0
2013-11-21 00:00:00+09:00,475.5870572384273,498.6738075898072,475.5870572384273,494.05645751953125,16800,0.0,0.0
2013-11-22 00:00:00+09:00,489.4391690767728,489.4391690767728,475.58711712176984,480.2044677734375,31800,0.0,0.0
2013-11-25 00:00:00+09:00,480.20445647063076,498.6738586425781,475.58710592764396,498.6738586425781,20400,0.0,0.0
2013-11-26 00:00:00+09:00,507.9085077303592,507.9085077303592,489.43910744925523,494.05645751953125,21200,0.0,0.0
2013-11-27 00:00:00+09:00,494.05643679061023,498.673786667158,489.4390869140625,489.4390869140625,2600,0.0,0.0
2013-11-28 00:00:00+09:00,498.67387038010816,498.67387038010816,475.58711712176984,480.2044677734375,31600,0.0,0.0
2013-11-29 00:00:00+09:00,484.8217468261719,489.4390967959449,480.2043968563988,484.8217468261719,5000,0.0,0.0
2013-12-02 00:00:00+09:00,484.82173703751477,494.05643679061023,480.204387160967,489.4390869140625,14400,0.0,0.0
2013-12-03 00:00:00+09:00,489.43915755660447,498.6738586425781,489.43915755660447,498.6738586425781,9400,0.0,0.0
2013-12-04 00:00:00+09:00,494.05644676571796,494.05644676571796,480.2043968563988,484.8217468261719,15000,0.0,0.0
2013-12-05 00:00:00+09:00,484.82179808385166,484.82179808385166,470.9697467100273,475.58709716796875,28400,0.0,0.0
2013-12-06 00:00:00+09:00,470.9697664701022,489.4391690767728,470.9697664701022,480.2044677734375,12600,0.0,0.0
2013-12-09 00:00:00+09:00,480.204387160967,494.05643679061023,480.204387160967,489.4390869140625,6800,0.0,0.0
2013-12-10 00:00:00+09:00,494.05645751953125,498.6738075898072,494.05645751953125,494.05645751953125,18200,0.0,0.0
2013-12-11 00:00:00+09:00,498.6738075898072,498.6738075898072,489.43910744925523,494.05645751953125,20600,0.0,0.0
2013-12-12 00:00:00+09:00,494.0565367002745,540.2300448031039,494.0565367002745,512.5259399414062,203400,0.0,0.0
2013-12-13 00:00:00+09:00,512.5259102715386,517.1432608145254,498.6738586425781,498.6738586425781,61600,0.0,0.0
2013-12-16 00:00:00+09:00,503.29119873046875,512.5258996246058,503.29119873046875,503.29119873046875,21000,0.0,0.0
2013-12-17 00:00:00+09:00,530.9953014128798,530.9953014128798,503.29119873046875,503.29119873046875,31000,0.0,0.0
2013-12-18 00:00:00+09:00,494.0564580743963,507.90850830078125,494.0564580743963,507.90850830078125,21200,0.0,0.0
2013-12-19 00:00:00+09:00,503.2911582253196,512.5258583762429,503.2911582253196,507.90850830078125,35400,0.0,0.0
2013-12-20 00:00:00+09:00,512.5259399414062,517.1432907516892,507.9085891311233,512.5259399414062,21200,0.0,0.0
2013-12-24 00:00:00+09:00,512.5259399414062,512.5259399414062,507.9085891311233,512.5259399414062,17400,0.0,0.0
2013-12-25 00:00:00+09:00,512.5258990696499,521.7605999537877,507.90854862758096,517.1432495117188,9000,0.0,0.0
2013-12-26 00:00:00+09:00,521.7606201171875,530.9953213581996,517.1432694966813,521.7606201171875,18800,0.0,0.0
2013-12-27 00:00:00+09:00,530.9952997757216,549.4647015070511,526.3779493428893,544.8473510742188,54600,0.0,0.0
2013-12-30 00:00:00+09:00,544.847270711263,591.0207682291666,544.847270711263,554.0819702148438,120000,0.0,0.0
2014-01-06 00:00:00+09:00,563.3167109128808,563.3167109128808,544.8473105550814,549.4646606445312,21800,0.0,0.0
2014-01-07 00:00:00+09:00,554.082090796494,567.9341430664062,549.4647400398565,567.9341430664062,8600,0.0,0.0
2014-01-08 00:00:00+09:00,563.3167517877395,577.1688030612085,563.3167517877395,572.5514526367188,12800,0.0,0.0
2014-01-09 00:00:00+09:00,572.5514531411416,572.5514531411416,554.0820514269111,558.6994018554688,19200,0.0,0.0
2014-01-10 00:00:00+09:00,567.9341027125839,572.5514531411416,558.6994018554688,558.6994018554688,8200,0.0,0.0
2014-01-14 00:00:00+09:00,567.9341008465989,641.8117074607907,563.316750433212,614.1076049804688,63400,0.0,0.0
2014-01-15 00:00:00+09:00,618.7249348958334,623.34228515625,586.4034830729166,609.490234375,70000,0.0,0.0
2014-01-16 00:00:00+09:00,614.1076049804688,637.1943570474036,609.4902545670817,614.1076049804688,58000,0.0,0.0
2014-01-17 00:00:00+09:00,618.7249553938557,623.3423058072427,614.1076049804688,614.1076049804688,12000,0.0,0.0
2014-01-20 00:00:00+09:00,614.1075644421934,618.7249145507812,604.8728642250175,618.7249145507812,16800,0.0,0.0
2014-01-21 00:00:00+09:00,618.7249348958334,623.34228515625,614.1075846354166,623.34228515625,8200,0.0,0.0
2014-01-22 00:00:00+09:00,623.3422646593692,623.3422646593692,604.8728642250175,618.7249145507812,16200,0.0,0.0
2014-01-23 00:00:00+09:00,623.3423058072427,623.3423058072427,609.4902545670817,614.1076049804688,12000,0.0,0.0
2014-01-24 00:00:00+09:00,609.4901930588942,609.4901930588942,591.0207932692308,600.2554931640625,25400,0.0,0.0
2014-01-27 00:00:00+09:00,577.1687189737955,581.7860687255859,554.0819702148438,554.0819702148438,17600,0.0,0.0
2014-01-28 00:00:00+09:00,554.082090796494,581.7861953363187,554.082090796494,567.9341430664062,17600,0.0,0.0
2014-01-29 00:00:00+09:00,586.4034830729166,595.63818359375,577.1687825520834,595.63818359375,6800,0.0,0.0
2014-01-30 00:00:00+09:00,591.0208968495936,591.0208968495936,567.9341430664062,567.9341430664062,7400,0.0,0.0
2014-01-31 00:00:00+09:00,572.5513692220052,591.0207682291666,544.847270711263,554.0819702148438,8200,0.0,0.0
2014-02-03 00:00:00+09:00,535.6126939928209,535.6126939928209,507.9085891311233,512.5259399414062,18400,0.0,0.0
2014-02-04 00:00:00+09:00,484.82173703751477,521.7605360498968,466.3523375313237,489.4390869140625,21600,0.0,0.0
2014-02-05 00:00:00+09:00,512.5258583762429,517.1432084517045,494.0564580743963,507.90850830078125,7800,0.0,0.0
2014-02-06 00:00:00+09:00,512.5259399414062,512.5259399414062,512.5259399414062,512.5259399414062,800,0.0,0.0
2014-02-07 00:00:00+09:00,521.760598427008,558.6994018554688,521.760598427008,558.6994018554688,3200,0.0,0.0
2014-02-10 00:00:00+09:00,540.2300006413864,544.8473510742188,535.612650208554,544.8473510742188,2000,0.0,0.0
2014-02-12 00:00:00+09:00,549.4647015070511,558.6994023727158,530.9952997757216,544.8473510742188,4400,0.0,0.0
2014-02-13 00:00:00+09:00,535.6125891644022,535.6125891644022,517.1431895380434,530.9952392578125,7800,0.0,0.0
2014-02-14 00:00:00+09:00,530.9953014128798,530.9953014128798,498.6738482834002,503.29119873046875,8200,0.0,0.0
2014-02-17 00:00:00+09:00,507.9085891311233,517.1432907516892,507.9085891311233,512.5259399414062,4600,0.0,0.0
2014-02-18 00:00:00+09:00,521.7605999537877,521.7605999537877,512.5258990696499,517.1432495117188,2200,0.0,0.0
2014-02-19 00:00:00+09:00,521.7605394446332,530.9952392578125,521.7605394446332,530.9952392578125,1200,0.0,0.0
2014-02-20 00:00:00+09:00,521.7605394446332,530.9952392578125,517.1431895380434,530.9952392578125,2000,0.0,0.0
2014-02-21 00:00:00+09:00,535.6125681023849,535.6125681023849,521.7605189273232,526.3778686523438,1800,0.0,0.0
2014-02-24 00:00:00+09:00,535.6126302083334,540.22998046875,535.6126302083334,540.22998046875,1800,0.0,0.0
2014-02-25 00:00:00+09:00,526.3778686523438,540.2299178274054,521.7605189273232,526.3778686523438,7600,0.0,0.0
2014-02-26 00:00:00+09:00,521.7605394446332,530.9952392578125,521.7605394446332,530.9952392578125,4000,0.0,0.0
2014-02-27 00:00:00+09:00,526.3778686523438,530.9952183773643,521.7605189273232,526.3778686523438,3000,0.0,0.0
2014-02-28 00:00:00+09:00,521.7605394446332,530.9952392578125,517.1431895380434,530.9952392578125,4800,0.0,0.0
2014-03-03 00:00:00+09:00,521.7605394446332,530.9952392578125,517.1431895380434,530.9952392578125,2800,0.0,0.0
2014-03-04 00:00:00+09:00,526.3778893512228,530.9952392578125,521.7605394446332,530.9952392578125,1600,0.0,0.0
2014-03-05 00:00:00+09:00,530.9953213581996,530.9953213581996,521.7606201171875,521.7606201171875,1600,0.0,0.0
2014-03-06 00:00:00+09:00,521.7605189273232,526.3778686523438,521.7605189273232,526.3778686523438,1200,0.0,0.0
2014-03-07 00:00:00+09:00,526.3778893512228,530.9952392578125,526.3778893512228,530.9952392578125,5200,0.0,0.0
2014-03-10 00:00:00+09:00,526.3779707376935,526.3779707376935,521.7606201171875,521.7606201171875,600,0.0,0.0
2014-03-11 00:00:00+09:00,517.1432495117188,521.7605999537877,517.1432495117188,517.1432495117188,1800,0.0,0.0
2014-03-12 00:00:00+09:00,517.1432495117188,517.1432495117188,512.5258990696499,517.1432495117188,1200,0.0,0.0
2014-03-13 00:00:00+09:00,517.1432495117188,517.1432495117188,507.90854862758096,517.1432495117188,9200,0.0,0.0
2014-03-14 00:00:00+09:00,507.9085597285518,507.9085597285518,484.8218070136176,498.6738586425781,7600,0.0,0.0
2014-03-17 00:00:00+09:00,498.6738075898072,498.6738075898072,494.05645751953125,494.05645751953125,2600,0.0,0.0
2014-03-18 00:00:00+09:00,498.6738586425781,503.291209185565,494.05650809959127,498.6738586425781,6200,0.0,0.0
2014-03-19 00:00:00+09:00,484.8217468261719,503.2911467052641,484.8217468261719,484.8217468261719,3600,0.0,0.0
2014-03-20 00:00:00+09:00,475.58704507230505,480.2043950244634,452.5002953115136,457.1176452636719,17400,0.0,0.0
2014-03-24 00:00:00+09:00,452.5003057800897,470.96970601601174,452.5003057800897,466.35235595703125,6800,0.0,0.0
2014-03-25 00:00:00+09:00,457.1176558390702,475.58705607499223,452.5003057800897,466.35235595703125,2400,0.0,0.0
2014-03-26 00:00:00+09:00,466.35235595703125,466.35235595703125,466.35235595703125,466.35235595703125,1400,0.0,0.0
2014-03-27 00:00:00+09:00,457.117695336203,475.58709716796875,457.117695336203,475.58709716796875,2200,0.0,0.0
2014-03-28 00:00:00+09:00,475.58709716796875,475.58709716796875,475.58709716796875,475.58709716796875,1600,0.0,0.0
2014-03-31 00:00:00+09:00,475.58709716796875,484.82179808385166,475.58709716796875,475.58709716796875,1800,0.0,0.0
2014-04-01 00:00:00+09:00,475.58709716796875,480.2044476259102,475.58709716796875,475.58709716796875,1800,0.0,0.0
2014-04-02 00:00:00+09:00,480.2043968563988,489.4390967959449,480.2043968563988,484.8217468261719,5200,0.0,0.0
2014-04-03 00:00:00+09:00,484.8218070136176,503.291209185565,484.8218070136176,498.6738586425781,4200,0.0,0.0
2014-04-04 00:00:00+09:00,498.6738075898072,498.6738075898072,494.05645751953125,494.05645751953125,2800,0.0,0.0
2014-04-07 00:00:00+09:00,494.05644676571796,494.05644676571796,484.8217468261719,484.8217468261719,2000,0.0,0.0
2014-04-08 00:00:00+09:00,484.82179808385166,484.82179808385166,470.9697467100273,475.58709716796875,4000,0.0,0.0
2014-04-09 00:00:00+09:00,480.2044476259102,484.82179808385166,475.58709716796875,475.58709716796875,7600,0.0,0.0
2014-04-10 00:00:00+09:00,475.58709716796875,480.2044476259102,475.58709716796875,475.58709716796875,3800,0.0,0.0
2014-04-11 00:00:00+09:00,470.96970601601174,470.96970601601174,466.35235595703125,466.35235595703125,5800,0.0,0.0
2014-04-14 00:00:00+09:00,466.3523962520859,475.58709716796875,466.3523962520859,475.58709716796875,2000,0.0,0.0
2014-04-15 00:00:00+09:00,475.58705607499223,480.2044061339727,461.7350058980507,466.35235595703125,6000,0.0,0.0
2014-04-16 00:00:00+09:00,457.1176657104492,466.35236602783203,457.1176657104492,461.7350158691406,4600,0.0,0.0
2014-04-17 00:00:00+09:00,461.7350158691406,466.35236602783203,461.7350158691406,461.7350158691406,2600,0.0,0.0
2014-04-18 00:00:00+09:00,461.7350158691406,466.35236602783203,457.1176657104492,461.7350158691406,2400,0.0,0.0
2014-04-21 00:00:00+09:00,461.7350158691406,461.7350158691406,461.7350158691406,461.7350158691406,1000,0.0,0.0
2014-04-22 00:00:00+09:00,461.7350158691406,470.96971618652344,457.1176657104492,461.7350158691406,6800,0.0,0.0
2014-04-23 00:00:00+09:00,461.73499521583017,461.73499521583017,457.1176452636719,457.1176452636719,1800,0.0,0.0
2014-04-24 00:00:00+09:00,461.73499521583017,461.73499521583017,457.1176452636719,457.1176452636719,3000,0.0,0.0
2014-04-25 00:00:00+09:00,457.1176452636719,461.73499521583017,457.1176452636719,457.1176452636719,2000,0.0,0.0
2014-04-28 00:00:00+09:00,461.7350158691406,461.7350158691406,457.1176657104492,461.7350158691406,1400,0.0,0.0
2014-04-30 00:00:00+09:00,461.73499521583017,461.73499521583017,457.1176452636719,457.1176452636719,2400,0.0,0.0
2014-05-01 00:00:00+09:00,457.1176657104492,461.7350158691406,457.1176657104492,461.7350158691406,2200,0.0,0.0
2014-05-02 00:00:00+09:00,457.1176558390702,466.35235595703125,457.1176558390702,466.35235595703125,1400,0.0,0.0
2014-05-07 00:00:00+09:00,466.35234516798846,466.35234516798846,457.1176452636719,457.1176452636719,2200,0.0,0.0
2014-05-08 00:00:00+09:00,461.73499521583017,475.58704507230505,457.1176452636719,457.1176452636719,5600,0.0,0.0
2014-05-09 00:00:00+09:00,457.1176452636719,457.1176452636719,457.1176452636719,457.1176452636719,800,0.0,0.0
2014-05-12 00:00:00+09:00,457.1176452636719,457.1176452636719,457.1176452636719,457.1176452636719,800,0.0,0.0
2014-05-13 00:00:00+09:00,457.1176860575773,457.1176860575773,452.5003356933594,452.5003356933594,2400,0.0,0.0
2014-05-14 00:00:00+09:00,452.5002953115136,457.1176452636719,452.5002953115136,457.1176452636719,400,0.0,0.0
2014-05-15 00:00:00+09:00,457.1176452636719,457.1176452636719,457.1176452636719,457.1176452636719,0,0.0,0.0
2014-05-16 00:00:00+09:00,457.1176860575773,457.1176860575773,452.5003356933594,452.5003356933594,1800,0.0,0.0
2014-05-19 00:00:00+09:00,452.5002953115136,457.1176452636719,452.5002953115136,457.1176452636719,2800,0.0,0.0
2014-05-20 00:00:00+09:00,452.5002953115136,457.1176452636719,447.8829453593553,457.1176452636719,3200,0.0,0.0
2014-05-21 00:00:00+09:00,447.8829453593553,457.1176452636719,447.8829453593553,457.1176452636719,4000,0.0,0.0
2014-05-22 00:00:00+09:00,461.7350158691406,461.7350158691406,461.7350158691406,461.7350158691406,800,0.0,0.0
2014-05-23 00:00:00+09:00,466.35234516798846,466.35234516798846,452.5002953115136,457.1176452636719,3000,0.0,0.0
2014-05-26 00:00:00+09:00,470.96970601601174,470.96970601601174,461.7350058980507,466.35235595703125,5800,0.0,0.0
2014-05-27 00:00:00+09:00,470.9697265625,470.9697265625,466.3523763020833,470.9697265625,4400,0.0,0.0
2014-05-28 00:00:00+09:00,475.58705607499223,475.58705607499223,466.35235595703125,466.35235595703125,2000,0.0,0.0
2014-05-29 00:00:00+09:00,461.73499521583017,461.73499521583017,457.1176452636719,457.1176452636719,3000,0.0,0.0
2014-05-30 00:00:00+09:00,461.7350457941444,489.4391485417931,461.7350457941444,475.58709716796875,9000,0.0,0.0
2014-06-02 00:00:00+09:00,480.2044476259102,480.2044476259102,475.58709716796875,475.58709716796875,4600,0.0,0.0
2014-06-03 00:00:00+09:00,475.58709716796875,475.58709716796875,470.9697467100273,475.58709716796875,7000,0.0,0.0
2014-06-04 00:00:00+09:00,475.58705607499223,475.58705607499223,461.7350058980507,466.35235595703125,16200,0.0,0.0
2014-06-05 00:00:00+09:00,466.35236602783203,466.35236602783203,461.7350158691406,461.7350158691406,3000,0.0,0.0
2014-06-06 00:00:00+09:00,461.7350158691406,461.7350158691406,457.1176657104492,461.7350158691406,3000,0.0,0.0
2014-06-09 00:00:00+09:00,466.3523763020833,475.5870768229167,466.3523763020833,470.9697265625,7800,0.0,0.0
2014-06-10 00:00:00+09:00,480.2044270833333,489.4391276041667,466.3523763020833,470.9697265625,11000,0.0,0.0
2014-06-11 00:00:00+09:00,475.5870768229167,475.5870768229167,470.9697265625,470.9697265625,3800,0.0,0.0
2014-06-12 00:00:00+09:00,470.9696969168526,484.8217468261719,470.9696969168526,484.8217468261719,10400,0.0,0.0
2014-06-13 00:00:00+09:00,484.8217468261719,484.8217468261719,480.2043968563988,484.8217468261719,1400,0.0,0.0
2014-06-16 00:00:00+09:00,484.8217468261719,484.8217468261719,484.8217468261719,484.8217468261719,1600,0.0,0.0
2014-06-17 00:00:00+09:00,489.4390967959449,498.67379673549107,484.8217468261719,484.8217468261719,2200,0.0,0.0
2014-06-18 00:00:00+09:00,484.8217468261719,494.05644676571796,484.8217468261719,484.8217468261719,5800,0.0,0.0
2014-06-19 00:00:00+09:00,489.43910744925523,498.6738075898072,489.43910744925523,494.05645751953125,3600,0.0,0.0
2014-06-20 00:00:00+09:00,498.6738586425781,503.291209185565,498.6738586425781,498.6738586425781,4800,0.0,0.0
2014-06-23 00:00:00+09:00,507.90850830078125,517.1432084517045,507.90850830078125,507.90850830078125,14400,0.0,0.0
2014-06-24 00:00:00+09:00,517.1432684536637,567.9341251767914,517.1432684536637,535.6126708984375,60000,0.0,0.0
2014-06-25 00:00:00+09:00,535.612650208554,549.4647015070511,535.612650208554,544.8473510742188,22800,0.0,0.0
2014-06-26 00:00:00+09:00,544.847270711263,554.0819702148438,540.2299209594727,554.0819702148438,32600,0.0,0.0
2014-06-27 00:00:00+09:00,554.0819702148438,558.6993199666341,544.847270711263,554.0819702148438,25000,0.0,0.0
2014-06-30 00:00:00+09:00,554.0819702148438,554.0819702148438,544.847270711263,554.0819702148438,10200,0.0,0.0
2014-07-01 00:00:00+09:00,549.4647206791111,586.4035254306481,544.847370085169,563.3167724609375,61000,0.0,0.0
2014-07-02 00:00:00+09:00,577.1687639890796,738.7760179060219,572.551413877167,632.5769653320312,335800,0.0,0.0
2014-07-03 00:00:00+09:00,646.4290578741776,664.8984595277255,609.4902545670817,614.1076049804688,43200,0.0,0.0
2014-07-04 00:00:00+09:00,618.724892953726,618.724892953726,595.6381432166467,600.2554931640625,24800,0.0,0.0
2014-07-07 00:00:00+09:00,591.0207932692308,618.724892953726,591.0207932692308,600.2554931640625,30600,0.0,0.0
2014-07-08 00:00:00+09:00,600.2555551836567,600.2555551836567,572.5514526367188,572.5514526367188,17600,0.0,0.0
2014-07-09 00:00:00+09:00,595.6382607852711,729.5414356904871,595.6382607852711,627.959716796875,375800,0.0,0.0
2014-07-10 00:00:00+09:00,604.8728841145834,618.7249348958334,586.4034830729166,595.63818359375,43400,0.0,0.0
2014-07-11 00:00:00+09:00,581.786093374399,600.2554931640625,577.1687434269832,600.2554931640625,18000,0.0,0.0
2014-07-14 00:00:00+09:00,600.2555338541666,609.490234375,591.0208333333334,609.490234375,13400,0.0,0.0
2014-07-15 00:00:00+09:00,678.7504452492693,748.010694764501,623.3422456370841,641.8116455078125,397200,0.0,0.0
2014-07-16 00:00:00+09:00,627.9596147679571,637.1943149851329,614.1075644421934,618.7249145507812,48600,0.0,0.0
2014-07-17 00:00:00+09:00,623.3422646593692,637.1943149851329,609.4902143336054,618.7249145507812,20200,0.0,0.0
2014-07-18 00:00:00+09:00,614.1075846354166,614.1075846354166,600.2555338541666,609.490234375,15000,0.0,0.0
2014-07-22 00:00:00+09:00,618.724915422712,646.4290161132812,614.1075653076172,646.4290161132812,28400,0.0,0.0
2014-07-23 00:00:00+09:00,655.6637171915132,674.1331176757812,646.4290169493793,674.1331176757812,57000,0.0,0.0
2014-07-24 00:00:00+09:00,687.9851684570312,715.6892692002674,678.7504682092858,687.9851684570312,59600,0.0,0.0
2014-07-25 00:00:00+09:00,687.9851888020834,687.9851888020834,660.2810872395834,678.75048828125,14600,0.0,0.0
2014-07-28 00:00:00+09:00,683.3677994368912,711.0718994140625,678.750449440696,711.0718994140625,25800,0.0,0.0
2014-07-29 00:00:00+09:00,711.0719401041666,711.0719401041666,678.75048828125,678.75048828125,21600,0.0,0.0
2014-07-30 00:00:00+09:00,683.3677986599752,701.8371986237582,655.6636987143005,697.2198486328125,25800,0.0,0.0
2014-07-31 00:00:00+09:00,692.6025601091056,692.6025601091056,664.8984577047414,669.5158081054688,6000,0.0,0.0
2014-08-01 00:00:00+09:00,651.04638671875,664.8984375,637.1943359375,664.8984375,8400,0.0,0.0
2014-08-04 00:00:00+09:00,655.6637773847247,664.8984784746503,651.0464268397618,660.2811279296875,4200,0.0,0.0
2014-08-05 00:00:00+09:00,660.2811279296875,683.3678806545017,655.6637773847247,660.2811279296875,6400,0.0,0.0
2014-08-06 00:00:00+09:00,660.2810462629292,660.2810462629292,632.5769464197293,655.6636962890625,7400,0.0,0.0
2014-08-07 00:00:00+09:00,646.4289963413293,655.6636962890625,637.194296393596,655.6636962890625,5200,0.0,0.0
2014-08-08 00:00:00+09:00,646.4290156677691,646.4290156677691,632.5769653320312,632.5769653320312,5400,0.0,0.0
2014-08-11 00:00:00+09:00,637.1943158830915,646.4290161132812,637.1943158830915,646.4290161132812,5000,0.0,0.0
2014-08-12 00:00:00+09:00,651.0463256835938,660.2810253386801,651.0463256835938,651.0463256835938,3000,0.0,0.0
2014-08-13 00:00:00+09:00,646.4290561018319,706.4546113112877,641.8117057011045,669.5158081054688,33800,0.0,0.0
2014-08-14 00:00:00+09:00,664.8984577047414,669.5158081054688,655.6637569032866,669.5158081054688,7000,0.0,0.0
2014-08-15 00:00:00+09:00,669.5158081054688,674.1331585061961,651.0464065025593,669.5158081054688,11400,0.0,0.0
2014-08-18 00:00:00+09:00,674.1331580909523,687.985209284602,664.8984572951858,683.3678588867188,28600,0.0,0.0
2014-08-19 00:00:00+09:00,683.3678385416666,692.6025390625,678.75048828125,692.6025390625,16600,0.0,0.0
2014-08-20 00:00:00+09:00,692.6025390625,748.0107421875,692.6025390625,706.45458984375,133200,0.0,0.0
2014-08-21 00:00:00+09:00,706.454568952522,715.6892692002674,687.9851684570312,687.9851684570312,31000,0.0,0.0
2014-08-22 00:00:00+09:00,678.7504677968483,687.9851680389822,664.8984174336473,674.1331176757812,21600,0.0,0.0
2014-08-25 00:00:00+09:00,678.7504682092858,687.9851684570312,664.8984178376678,687.9851684570312,6400,0.0,0.0
2014-08-26 00:00:00+09:00,687.9851486509209,711.0718986056498,687.9851486509209,697.2198486328125,16200,0.0,0.0
2014-08-27 00:00:00+09:00,692.6025596824852,697.2199100803684,683.3678588867188,683.3678588867188,5600,0.0,0.0
2014-08-28 00:00:00+09:00,697.2199100803684,697.2199100803684,674.1331580909523,683.3678588867188,6600,0.0,0.0
2014-08-29 00:00:00+09:00,678.7504682092858,687.9851684570312,678.7504682092858,687.9851684570312,3000,0.0,0.0
2014-09-01 00:00:00+09:00,683.3678588867188,687.985209284602,678.7505084888355,683.3678588867188,5000,0.0,0.0
2014-09-02 00:00:00+09:00,687.9851680389822,687.9851680389822,664.8984174336473,674.1331176757812,11600,0.0,0.0
2014-09-03 00:00:00+09:00,669.5157877604166,669.5157877604166,646.4290364583334,664.8984375,10200,0.0,0.0
2014-09-04 00:00:00+09:00,664.8984784746503,669.5158290196132,651.0464268397618,660.2811279296875,3400,0.0,0.0
2014-09-05 00:00:00+09:00,655.663675511137,660.2810253386801,651.0463256835938,651.0463256835938,3000,0.0,0.0
2014-09-08 00:00:00+09:00,651.0463662283761,651.0463662283761,641.8116659981864,646.4290161132812,9800,0.0,0.0
2014-09-09 00:00:00+09:00,641.8116861979166,646.4290364583334,637.1943359375,637.1943359375,5200,0.0,0.0
2014-09-10 00:00:00+09:00,641.8116455078125,641.8116455078125,627.9595956047663,641.8116455078125,6600,0.0,0.0
2014-09-11 00:00:00+09:00,646.4289954754946,646.4289954754946,637.1942955401304,641.8116455078125,5600,0.0,0.0
2014-09-12 00:00:00+09:00,637.1943158830915,646.4290161132812,637.1943158830915,646.4290161132812,1200,0.0,0.0
2014-09-16 00:00:00+09:00,655.6637163434709,655.6637163434709,646.4290161132812,646.4290161132812,2600,0.0,0.0
2014-09-17 00:00:00+09:00,651.0463454431767,651.0463454431767,641.8116455078125,641.8116455078125,7600,0.0,0.0
2014-09-18 00:00:00+09:00,641.8116861979166,641.8116861979166,632.5769856770834,637.1943359375,7200,0.0,0.0
2014-09-19 00:00:00+09:00,637.194296393596,660.2810462629292,637.194296393596,655.6636962890625,7800,0.0,0.0
2014-09-22 00:00:00+09:00,655.6636962890625,655.6636962890625,655.6636962890625,655.6636962890625,2800,0.0,0.0
2014-09-24 00:00:00+09:00,651.0463662283761,651.0463662283761,646.4290161132812,646.4290161132812,5000,0.0,0.0
2014-09-25 00:00:00+09:00,646.4289758560506,651.0463256835938,641.8116260285072,651.0463256835938,2600,0.0,0.0
2014-09-26 00:00:00+09:00,715.6892903645834,715.6892903645834,664.8984375,664.8984375,52200,0.0,0.0
2014-09-29 00:00:00+09:00,678.7505089069235,683.3678593076509,664.8984577047414,669.5158081054688,14800,0.0,0.0
2014-09-30 00:00:00+09:00,678.75048828125,683.3678385416666,660.2810872395834,678.75048828125,15000,0.0,0.0
2014-10-01 00:00:00+09:00,664.8984375,669.5157877604166,655.6637369791666,664.8984375,7400,0.0,0.0
2014-10-02 00:00:00+09:00,646.4289954754946,646.4289954754946,632.5769455724483,641.8116455078125,11200,0.0,0.0
2014-10-03 00:00:00+09:00,637.1943752048733,664.8984784746503,632.5770246599104,660.2811279296875,4400,0.0,0.0
2014-10-06 00:00:00+09:00,660.2810253386801,664.8983751662233,651.0463256835938,651.0463256835938,3600,0.0,0.0
2014-10-07 00:00:00+09:00,655.663675511137,655.663675511137,641.8116260285072,651.0463256835938,7800,0.0,0.0
2014-10-08 00:00:00+09:00,632.5769455724483,641.8116455078125,632.5769455724483,641.8116455078125,4600,0.0,0.0
2014-10-09 00:00:00+09:00,651.0464710908777,651.0464710908777,627.959716796875,627.959716796875,8200,0.0,0.0
2014-10-10 00:00:00+09:00,609.4902545670817,614.1076049804688,600.2555537403078,614.1076049804688,10000,0.0,0.0
2014-10-14 00:00:00+09:00,614.1075846354166,637.1943359375,614.1075846354166,623.34228515625,5000,0.0,0.0
2014-10-15 00:00:00+09:00,614.1075846354166,627.9596354166666,600.2555338541666,623.34228515625,2400,0.0,0.0
2014-10-16 00:00:00+09:00,618.7249348958334,618.7249348958334,604.8728841145834,609.490234375,2800,0.0,0.0
2014-10-17 00:00:00+09:00,604.8728841145834,609.490234375,604.8728841145834,609.490234375,2400,0.0,0.0
2014-10-20 00:00:00+09:00,609.490234375,651.04638671875,609.490234375,623.34228515625,3800,0.0,0.0
2014-10-21 00:00:00+09:00,632.5769455724483,641.8116455078125,627.9595956047663,641.8116455078125,1800,0.0,0.0
2014-10-22 00:00:00+09:00,632.5769455724483,641.8116455078125,627.9595956047663,641.8116455078125,3200,0.0,0.0
2014-10-23 00:00:00+09:00,646.4290161132812,646.4290161132812,646.4290161132812,646.4290161132812,200,0.0,0.0
2014-10-24 00:00:00+09:00,646.4290161132812,651.0463662283761,637.1943158830915,646.4290161132812,9000,0.0,0.0
2014-10-27 00:00:00+09:00,646.4289963413293,664.8983962367957,641.8116463674626,655.6636962890625,15600,0.0,0.0
2014-10-28 00:00:00+09:00,651.0463463151958,655.6636962890625,646.4289963413293,655.6636962890625,5000,0.0,0.0
2014-10-29 00:00:00+09:00,655.6636962890625,655.6636962890625,651.0463463151958,655.6636962890625,1800,0.0,0.0
2014-10-30 00:00:00+09:00,651.0463454431767,651.0463454431767,641.8116455078125,641.8116455078125,5200,0.0,0.0
2014-10-31 00:00:00+09:00,641.8116260285072,655.663675511137,641.8116260285072,651.0463256835938,8800,0.0,0.0
2014-11-04 00:00:00+09:00,655.6637369791666,655.6637369791666,623.34228515625,637.1943359375,15600,0.0,0.0
2014-11-05 00:00:00+09:00,641.8116655558565,655.6637158915945,632.5769653320312,632.5769653320312,5400,0.0,0.0
2014-11-06 00:00:00+09:00,632.5769653320312,651.0463657796818,632.5769653320312,632.5769653320312,6400,0.0,0.0
2014-11-07 00:00:00+09:00,641.8116655558565,641.8116655558565,623.342265108206,632.5769653320312,13400,0.0,0.0
2014-11-10 00:00:00+09:00,637.1942955401304,641.8116455078125,637.1942955401304,641.8116455078125,400,0.0,0.0
2014-11-11 00:00:00+09:00,641.8116861979166,641.8116861979166,637.1943359375,637.1943359375,3200,0.0,0.0
2014-11-12 00:00:00+09:00,641.8116455078125,651.0463454431767,637.1942955401304,641.8116455078125,10600,0.0,0.0
2014-11-13 00:00:00+09:00,641.8116861979166,641.8116861979166,632.5769856770834,637.1943359375,4400,0.0,0.0
2014-11-14 00:00:00+09:00,641.8117693732767,641.8117693732767,623.3423659380744,627.959716796875,20200,0.0,0.0
2014-11-17 00:00:00+09:00,637.1943570474036,637.1943570474036,614.1076049804688,614.1076049804688,9400,0.0,0.0
2014-11-18 00:00:00+09:00,618.7249553938557,627.9596562206297,614.1076049804688,614.1076049804688,10000,0.0,0.0
2014-11-19 00:00:00+09:00,623.3422646593692,632.576964876545,618.7249145507812,618.7249145507812,2400,0.0,0.0
2014-11-20 00:00:00+09:00,632.5770676556755,637.1944185144761,623.3423659380744,627.959716796875,8200,0.0,0.0
2014-11-21 00:00:00+09:00,632.5770676556755,632.5770676556755,627.959716796875,627.959716796875,2000,0.0,0.0
2014-11-25 00:00:00+09:00,627.9596156529018,651.0463662283761,627.9596156529018,646.4290161132812,6800,0.0,0.0
2014-11-26 00:00:00+09:00,651.0463454431767,651.0463454431767,641.8116455078125,641.8116455078125,5000,0.0,0.0
2014-11-27 00:00:00+09:00,637.1943154439439,641.8116655558565,632.5769653320312,632.5769653320312,4800,0.0,0.0
2014-11-28 00:00:00+09:00,637.1943359375,641.8116861979166,637.1943359375,637.1943359375,6800,0.0,0.0
2014-12-01 00:00:00+09:00,637.1943359375,683.3678385416666,637.1943359375,664.8984375,35200,0.0,0.0
2014-12-02 00:00:00+09:00,669.5157877604166,701.8372395833334,669.5157877604166,692.6025390625,44000,0.0,0.0
2014-12-03 00:00:00+09:00,701.8372395833334,701.8372395833334,692.6025390625,692.6025390625,19800,0.0,0.0
2014-12-04 00:00:00+09:00,692.6025181600493,692.6025181600493,674.1331176757812,674.1331176757812,20600,0.0,0.0
2014-12-05 00:00:00+09:00,669.5158290196132,674.133179564576,655.6637773847247,660.2811279296875,15200,0.0,0.0
2014-12-08 00:00:00+09:00,664.8984375,669.5157877604166,664.8984375,664.8984375,5400,0.0,0.0
2014-12-09 00:00:00+09:00,664.8983962367957,669.5157462106624,651.0463463151958,655.6636962890625,8200,0.0,0.0
2014-12-10 00:00:00+09:00,660.2810462629292,664.8983962367957,651.0463463151958,655.6636962890625,24000,0.0,0.0
2014-12-11 00:00:00+09:00,655.6636962890625,664.8983962367957,646.4289963413293,655.6636962890625,20000,0.0,0.0
2014-12-12 00:00:00+09:00,664.8984577047414,683.3678593076509,660.281107304014,669.5158081054688,11000,0.0,0.0
2014-12-15 00:00:00+09:00,664.8984577047414,669.5158081054688,664.8984577047414,669.5158081054688,2600,0.0,0.0
2014-12-16 00:00:00+09:00,664.8984784746503,664.8984784746503,660.2811279296875,660.2811279296875,3200,0.0,0.0
2014-12-17 00:00:00+09:00,651.0463256835938,664.8983751662233,651.0463256835938,651.0463256835938,36200,0.0,0.0
2014-12-18 00:00:00+09:00,683.3678385416666,729.5413411458334,678.75048828125,692.6025390625,102200,0.0,0.0
2014-12-19 00:00:00+09:00,701.8372188286493,706.454568952522,678.7504682092858,687.9851684570312,25200,0.0,0.0
2014-12-22 00:00:00+09:00,697.2198893229166,701.8372395833334,687.9851888020834,692.6025390625,8000,0.0,0.0
2014-12-24 00:00:00+09:00,697.2198695028982,715.6892700195312,697.2198695028982,715.6892700195312,20800,0.0,0.0
2014-12-25 00:00:00+09:00,729.5413411458334,821.8883463541666,724.9239908854166,817.27099609375,177400,0.0,0.0
2014-12-26 00:00:00+09:00,821.8883868169518,826.5057373046875,789.566933402802,826.5057373046875,45600,0.0,0.0
2014-12-29 00:00:00+09:00,872.6791580934575,937.322058692973,840.3577077936999,863.4444580078125,99000,0.0,0.0
2014-12-30 00:00:00+09:00,854.2097981770834,900.38330078125,849.5924479166666,900.38330078125,65000,0.0,0.0
2015-01-05 00:00:00+09:00,881.9138274436773,1071.2251726017441,881.9138274436773,992.730224609375,142600,0.0,0.0
2015-01-06 00:00:00+09:00,974.2609049479166,1048.1385091145833,969.6435546875,1038.90380859375,108200,0.0,0.0
2015-01-07 00:00:00+09:00,1043.521196854016,1140.4855558537254,1038.9038464254584,1117.3988037109375,118200,0.0,0.0
2015-01-08 00:00:00+09:00,1140.4854784284319,1311.3274326869418,1135.868128313337,1292.8580322265625,210200,0.0,0.0
2015-01-09 00:00:00+09:00,1385.205078125,1468.3173828125,1122.01611328125,1177.42431640625,295600,0.0,0.0
2015-01-13 00:00:00+09:00,1214.3630046438664,1426.7610967108544,1186.658905678607,1302.0926513671875,271800,0.0,0.0
2015-01-14 00:00:00+09:00,1265.154135311351,1297.4755913229549,1163.5724164177389,1255.91943359375,72000,0.0,0.0
2015-01-15 00:00:00+09:00,1255.9192708333333,1255.9192708333333,1117.3987630208333,1163.572265625,49600,0.0,0.0
2015-01-16 00:00:00+09:00,1140.4855143229167,1168.1896158854167,1122.01611328125,1149.72021484375,23000,0.0,0.0
2015-01-19 00:00:00+09:00,1140.4855143229167,1186.6590169270833,1117.3987630208333,1122.01611328125,21400,0.0,0.0
2015-01-20 00:00:00+09:00,1112.7812901814777,1112.7812901814777,1052.755743408203,1108.1639404296875,47800,0.0,0.0
2015-01-21 00:00:00+09:00,1108.1641055203745,1108.1641055203745,1034.2864984856828,1048.1385498046875,29800,0.0,0.0
2015-01-22 00:00:00+09:00,1038.9038713011023,1048.1385723793344,992.7303659099422,1011.1997680664062,28400,0.0,0.0
2015-01-23 00:00:00+09:00,1015.8171782622466,1061.990686365076,1001.9651258313978,1025.0518798828125,28400,0.0,0.0
2015-01-26 00:00:00+09:00,1015.8171194571036,1015.8171194571036,960.4089129412615,997.3477172851562,33400,0.0,0.0
2015-01-27 00:00:00+09:00,988.1129940890006,1048.1385498046875,974.2609427699958,1048.1385498046875,28200,0.0,0.0
2015-01-28 00:00:00+09:00,1038.9038464254584,1126.6335045680526,1015.8170942826704,1117.3988037109375,48200,0.0,0.0
2015-01-29 00:00:00+09:00,1089.6947011395919,1182.0417097107438,1089.6947011395919,1117.3988037109375,48200,0.0,0.0
2015-01-30 00:00:00+09:00,1145.1028645833333,1260.53662109375,1131.2508138020833,1260.53662109375,67200,0.0,0.0
2015-02-02 00:00:00+09:00,1269.7712840649906,1375.9703369140625,1260.5365838172452,1375.9703369140625,110400,0.0,0.0
2015-02-03 00:00:00+09:00,1399.05712890625,1412.9091796875,1265.1539713541667,1274.388671875,111800,0.0,0.0
2015-02-04 00:00:00+09:00,1311.3274739583333,1339.0315755208333,1237.4498697916667,1274.388671875,44000,0.0,0.0
2015-02-05 00:00:00+09:00,1269.7714080221403,1269.7714080221403,1177.4243965296212,1195.893798828125,27000,0.0,0.0
2015-02-06 00:00:00+09:00,1232.8324789929745,1269.771279861678,1200.5110282328592,1237.4498291015625,19000,0.0,0.0
2015-02-09 00:00:00+09:00,1237.4499468584365,1325.179607270042,1228.215245762478,1306.710205078125,42800,0.0,0.0
2015-02-10 00:00:00+09:00,1315.9449489142305,1320.5622996121751,1279.006143330673,1288.2408447265625,18000,0.0,0.0
2015-02-12 00:00:00+09:00,1288.2406400923296,1306.710039950284,1260.5365403053977,1269.771240234375,16200,0.0,0.0
2015-02-13 00:00:00+09:00,1288.240680764962,1288.240680764962,1237.4498295520066,1251.3018798828125,19000,0.0,0.0
2015-02-16 00:00:00+09:00,1260.536660625417,1306.71016467763,1260.536660625417,1297.4754638671875,25600,0.0,0.0
2015-02-17 00:00:00+09:00,1288.2406400923296,1288.2406400923296,1251.3018403764204,1269.771240234375,25000,0.0,0.0
2015-02-18 00:00:00+09:00,1269.7713216145833,1283.6233723958333,1242.0672200520833,1246.6845703125,18000,0.0,0.0
2015-02-19 00:00:00+09:00,1246.6846116144854,1251.3019620278724,1191.2764066538416,1228.2152099609375,28200,0.0,0.0
2015-02-20 00:00:00+09:00,1242.0671792101505,1242.0671792101505,1223.5977787757988,1237.4498291015625,9200,0.0,0.0
2015-02-23 00:00:00+09:00,1265.1539713541667,1274.388671875,1255.9192708333333,1260.53662109375,29000,0.0,0.0
2015-02-24 00:00:00+09:00,1260.53658010335,1288.240680764962,1251.3018798828125,1251.3018798828125,32800,0.0,0.0
2015-02-25 00:00:00+09:00,1265.3090207725218,1279.3161317035829,1265.3090207725218,1274.6470947265625,17200,15.0,0.0
2015-02-26 00:00:00+09:00,1274.6471201237416,1461.4086029257548,1260.6400089135905,1391.373046875,166800,0.0,0.0
2015-02-27 00:00:00+09:00,1386.7039807771382,1386.7039807771382,1311.9993892201207,1330.675537109375,69000,0.0,0.0
2015-03-02 00:00:00+09:00,1368.0279541015625,1382.035066259599,1330.6756550134653,1368.0279541015625,57000,0.0,0.0
2015-03-03 00:00:00+09:00,1368.0278936956347,1382.0350052351805,1335.3446334366945,1358.6898193359375,38600,0.0,0.0
2015-03-04 00:00:00+09:00,1330.6756890570366,1344.6828015734266,1316.6685765406469,1335.3447265625,31800,0.0,0.0
2015-03-05 00:00:00+09:00,1326.0066515515734,1349.3518390788897,1311.9995390351835,1335.3447265625,28200,0.0,0.0
2015-03-06 00:00:00+09:00,1344.6826778017241,1363.3588261045259,1330.675566574623,1354.020751953125,37800,0.0,0.0
2015-03-09 00:00:00+09:00,1363.358877447587,1480.0848087359077,1363.358877447587,1475.415771484375,206200,0.0,0.0
2015-03-10 00:00:00+09:00,1517.4370744759012,1578.1345574549373,1447.4015171923982,1489.4228515625,340400,0.0,0.0
2015-03-11 00:00:00+09:00,1494.0918567868098,1704.198524147455,1494.0918567868098,1522.1060791015625,223000,0.0,0.0
2015-03-12 00:00:00+09:00,1517.437111703973,1554.7894098382246,1363.358881900185,1419.3873291015625,188000,0.0,0.0
2015-03-13 00:00:00+09:00,1405.3801597858298,1419.387271012931,1335.3446036503233,1354.020751953125,103000,0.0,0.0
2015-03-16 00:00:00+09:00,1335.344611116158,1335.344611116158,1181.2663867566014,1204.611572265625,171200,0.0,0.0
2015-03-17 00:00:00+09:00,1167.2592163085938,1195.2734375,1106.5617370605469,1120.56884765625,127400,0.0,0.0
2015-03-18 00:00:00+09:00,1101.8927001953125,1120.56884765625,1073.8784790039062,1101.8927001953125,83800,0.0,0.0
2015-03-19 00:00:00+09:00,1120.5689044331396,1227.9567577746488,1120.5689044331396,1204.611572265625,145800,0.0,0.0
2015-03-20 00:00:00+09:00,1167.259279361441,1185.9354278312242,1120.5689081869834,1129.906982421875,103600,0.0,0.0
2015-03-23 00:00:00+09:00,1129.9070771937631,1129.9070771937631,1073.8786270849814,1106.5618896484375,58600,0.0,0.0
2015-03-24 00:00:00+09:00,1073.8785701603083,1083.2166446834415,1050.5333838524755,1078.547607421875,65200,0.0,0.0
2015-03-25 00:00:00+09:00,1078.5475461247652,1125.2379160868763,1073.8785091285542,1087.8856201171875,36400,0.0,0.0
2015-03-26 00:00:00+09:00,1078.5475472005207,1083.2165842013887,1050.5333251953125,1050.5333251953125,36600,0.0,0.0
2015-03-27 00:00:00+09:00,1073.8785107642816,1073.8785107642816,1031.857177734375,1031.857177734375,24200,0.0,0.0
2015-03-30 00:00:00+09:00,1031.85720797702,1050.53335653769,1031.85720797702,1036.5262451171875,11600,0.0,0.0
2015-03-31 00:00:00+09:00,1078.547609035139,1078.547609035139,1050.5333854238368,1059.8714599609375,18200,0.0,0.0
2015-04-01 00:00:00+09:00,1059.8713981399208,1097.2236941096096,1050.5333241474987,1087.8856201171875,31000,0.0,0.0
2015-04-02 00:00:00+09:00,1069.209562630489,1087.885712196087,1069.209562630489,1083.2166748046875,15600,0.0,0.0
2015-04-03 00:00:00+09:00,1083.216609375,1167.25927734375,1083.216609375,1167.25927734375,73800,0.0,0.0
2015-04-06 00:00:00+09:00,1167.2593074965762,1237.2948659463707,1148.583158576631,1171.9283447265625,93400,0.0,0.0
2015-04-07 00:00:00+09:00,1171.9282844387756,1171.9282844387756,1134.5759885204081,1143.9140625,36800,0.0,0.0
2015-04-08 00:00:00+09:00,1153.2521369902424,1153.2521369902424,1097.2236930878826,1125.2379150390625,26400,0.0,0.0
2015-04-09 00:00:00+09:00,1120.569002175633,1120.569002175633,1101.8928521393723,1106.5618896484375,11600,0.0,0.0
2015-04-10 00:00:00+09:00,1106.5617370605469,1120.56884765625,1097.2236633300781,1120.56884765625,16600,0.0,0.0
2015-04-13 00:00:00+09:00,1106.561797839253,1157.9212061777837,1106.561797839253,1111.2308349609375,30600,0.0,0.0
2015-04-14 00:00:00+09:00,1162.5902412228468,1167.2592783361915,1129.9069814294335,1148.5831298828125,41200,0.0,0.0
2015-04-15 00:00:00+09:00,1148.583099998379,1148.583099998379,1125.2379150390625,1125.2379150390625,10600,0.0,0.0
2015-04-16 00:00:00+09:00,1125.2379473824785,1125.2379473824785,1087.8856503739316,1092.5546875,27800,0.0,0.0
2015-04-17 00:00:00+09:00,1097.2237246260684,1101.8927617521367,1092.5546875,1092.5546875,10800,0.0,0.0
2015-04-20 00:00:00+09:00,1087.8856503739316,1101.8927617521367,1078.547576121795,1092.5546875,20000,0.0,0.0
2015-04-21 00:00:00+09:00,1083.2166748046875,1092.5547495874866,1078.5476374132882,1083.2166748046875,10000,0.0,0.0
2015-04-22 00:00:00+09:00,1087.885681945008,1087.885681945008,1078.547607421875,1078.547607421875,8200,0.0,0.0
2015-04-23 00:00:00+09:00,1083.2166132478633,1101.8927617521367,1078.547576121795,1092.5546875,8000,0.0,0.0
2015-04-24 00:00:00+09:00,1092.5545960771276,1101.8926695478724,1087.8855593417554,1097.2236328125,6200,0.0,0.0
2015-04-27 00:00:00+09:00,1101.8927617521367,1101.8927617521367,1083.2166132478633,1092.5546875,6600,0.0,0.0
2015-04-28 00:00:00+09:00,1097.2236941096096,1097.2236941096096,1083.2165831209763,1087.8856201171875,10200,0.0,0.0
2015-04-30 00:00:00+09:00,1087.885681945008,1087.885681945008,1073.8785701603083,1078.547607421875,11600,0.0,0.0
2015-05-01 00:00:00+09:00,1073.8785411193307,1073.8785411193307,1055.202392578125,1055.202392578125,16400,0.0,0.0
2015-05-07 00:00:00+09:00,1059.8714297134266,1059.8714297134266,1050.5333554428237,1055.202392578125,4400,0.0,0.0
2015-05-08 00:00:00+09:00,1064.5404052734375,1069.2094421386719,1045.8642578125,1045.8642578125,4800,0.0,0.0
2015-05-11 00:00:00+09:00,1045.8643193975224,1045.8643193975224,1031.85720797702,1036.5262451171875,10000,0.0,0.0
2015-05-12 00:00:00+09:00,1031.8571780130744,1031.8571780130744,1013.1810299947382,1022.5191040039062,9000,0.0,0.0
2015-05-13 00:00:00+09:00,1022.5191972520616,1022.5191972520616,994.5049726698134,1008.5120849609375,7000,0.0,0.0
2015-05-14 00:00:00+09:00,989.8359074163211,999.1739820145882,985.1668701171875,985.1668701171875,11600,0.0,0.0
2015-05-15 00:00:00+09:00,985.1668398902531,994.504914202009,980.497802734375,980.497802734375,5200,0.0,0.0
2015-05-18 00:00:00+09:00,961.8216255150031,971.1596995491293,933.8074034126244,938.4764404296875,33000,0.0,0.0
2015-05-19 00:00:00+09:00,938.4764947144117,1031.8572404571391,938.4764947144117,1013.1810913085938,36800,0.0,0.0
2015-05-20 00:00:00+09:00,1008.5119921874999,1059.8713991970485,999.1739181857639,1050.5333251953125,30400,0.0,0.0
2015-05-21 00:00:00+09:00,1069.2094421386719,1157.921142578125,1059.8713684082031,1120.56884765625,147800,0.0,0.0
2015-05-22 00:00:00+09:00,1153.2522292840677,1162.5903040151127,1129.907042456455,1139.2451171875,49800,0.0,0.0
2015-05-25 00:00:00+09:00,1143.9140958867522,1143.9140958867522,1083.2166132478633,1092.5546875,16800,0.0,0.0
2015-05-26 00:00:00+09:00,1078.5475158691406,1087.8855895996094,1017.8500366210938,1027.1881103515625,32200,0.0,0.0
2015-05-27 00:00:00+09:00,1017.8500366210938,1041.1952209472656,1017.8500366210938,1027.1881103515625,10600,0.0,0.0
2015-05-28 00:00:00+09:00,1031.8571780130744,1045.8642890268266,1022.5191040039062,1022.5191040039062,16400,0.0,0.0
2015-05-29 00:00:00+09:00,1027.1881410084902,1027.1881410084902,1013.1810299947382,1022.5191040039062,10600,0.0,0.0
2015-06-01 00:00:00+09:00,1017.8501285957301,1027.188203170003,1003.8430167343209,1013.1810913085938,12800,0.0,0.0
2015-06-02 00:00:00+09:00,1003.8429260253906,1008.511962890625,975.8287048339844,989.8358154296875,28400,0.0,0.0
2015-06-03 00:00:00+09:00,989.8358154296875,999.1738891601562,985.1667785644531,989.8358154296875,7200,0.0,0.0
2015-06-04 00:00:00+09:00,1003.8429260253906,1013.1809997558594,999.1738891601562,999.1738891601562,6000,0.0,0.0
2015-06-05 00:00:00+09:00,994.5048825286156,1008.5119935501453,985.1668085142624,1003.8429565429688,9400,0.0,0.0
2015-06-08 00:00:00+09:00,999.1738891601562,1013.1809997558594,985.1667785644531,999.1738891601562,12600,0.0,0.0
2015-06-09 00:00:00+09:00,1003.8429260253906,1003.8429260253906,989.8358154296875,999.1738891601562,4600,0.0,0.0
2015-06-10 00:00:00+09:00,999.1738891601562,1003.8429260253906,989.8358154296875,999.1738891601562,2400,0.0,0.0
2015-06-11 00:00:00+09:00,994.5048522949219,999.1738891601562,989.8358154296875,989.8358154296875,2800,0.0,0.0
2015-06-12 00:00:00+09:00,985.1668701171875,994.5049447154546,980.4978328180539,985.1668701171875,5600,0.0,0.0
2015-06-15 00:00:00+09:00,985.1667785644531,999.1738891601562,985.1667785644531,999.1738891601562,4800,0.0,0.0
2015-06-16 00:00:00+09:00,1003.8429551866319,1078.5475472005207,1003.8429551866319,1050.5333251953125,52400,0.0,0.0
2015-06-17 00:00:00+09:00,1083.2165836517468,1157.9211756277293,1055.2023616607532,1069.20947265625,137000,0.0,0.0
2015-06-18 00:00:00+09:00,1059.8714616031389,1059.8714616031389,1031.8572379484303,1041.1953125,32200,0.0,0.0
2015-06-19 00:00:00+09:00,1041.1952209472656,1041.1952209472656,1027.1881103515625,1027.1881103515625,9600,0.0,0.0
2015-06-22 00:00:00+09:00,1041.195310886736,1059.8714599609375,1031.8572363496353,1059.8714599609375,12200,0.0,0.0
2015-06-23 00:00:00+09:00,1059.8713991970485,1139.2450282118054,1031.8571771918403,1050.5333251953125,83600,0.0,0.0
2015-06-24 00:00:00+09:00,1059.8714616031389,1064.5404988789237,1041.1953125,1041.1953125,23200,0.0,0.0
2015-06-25 00:00:00+09:00,1041.1952511935763,1050.5333251953125,1041.1952511935763,1050.5333251953125,9800,0.0,0.0
2015-06-26 00:00:00+09:00,1050.5333246622545,1069.20947265625,1045.8642876637555,1069.20947265625,12000,0.0,0.0
2015-06-29 00:00:00+09:00,1041.195283382311,1064.5404691083716,1017.85009765625,1017.85009765625,25600,0.0,0.0
2015-06-30 00:00:00+09:00,1022.5191031901041,1050.5333251953125,1022.5191031901041,1050.5333251953125,9400,0.0,0.0
2015-07-01 00:00:00+09:00,1041.1952209472656,1055.2023315429688,1041.1952209472656,1045.8642578125,7000,0.0,0.0
2015-07-02 00:00:00+09:00,1050.5332946777344,1055.2023315429688,1036.5261840820312,1045.8642578125,5000,0.0,0.0
2015-07-03 00:00:00+09:00,1045.8643183075221,1055.202392578125,1036.5262440369193,1055.202392578125,6400,0.0,0.0
2015-07-06 00:00:00+09:00,1036.526214737698,1045.8642887443439,1027.188140731052,1031.857177734375,12000,0.0,0.0
2015-07-07 00:00:00+09:00,1050.5332946777344,1050.5332946777344,1027.1881103515625,1027.1881103515625,8800,0.0,0.0
2015-07-08 00:00:00+09:00,1031.8572404571391,1036.5262777442756,1008.5120540214574,1013.1810913085938,13600,0.0,0.0
2015-07-09 00:00:00+09:00,994.5048522949219,999.1738891601562,971.15966796875,989.8358154296875,21400,0.0,0.0
2015-07-10 00:00:00+09:00,989.8358154296875,1003.8429260253906,980.4977416992188,989.8358154296875,11600,0.0,0.0
2015-07-13 00:00:00+09:00,1008.5120515695066,1041.1953125,1008.5120515695066,1041.1953125,14400,0.0,0.0
2015-07-14 00:00:00+09:00,1059.8713684082031,1106.5617370605469,1059.8713684082031,1101.8927001953125,36800,0.0,0.0
2015-07-15 00:00:00+09:00,1069.2094740497466,1069.2094740497466,1022.5191040039062,1022.5191040039062,60400,0.0,0.0
2015-07-16 00:00:00+09:00,1022.5191037277291,1031.857177734375,1022.5191037277291,1031.857177734375,15800,0.0,0.0
2015-07-17 00:00:00+09:00,1022.5191040039062,1022.5191040039062,1013.1810299947382,1022.5191040039062,6400,0.0,0.0
2015-07-21 00:00:00+09:00,1017.8500366210938,1027.1881103515625,1017.8500366210938,1027.1881103515625,8600,0.0,0.0
2015-07-22 00:00:00+09:00,1022.5191658828664,1027.188203170003,1003.8430167343209,1013.1810913085938,6600,0.0,0.0
2015-07-23 00:00:00+09:00,1017.85009765625,1022.5191348014622,1013.1810605110378,1017.85009765625,3800,0.0,0.0
2015-07-24 00:00:00+09:00,1022.5191348014622,1022.5191348014622,1003.8429862206135,1017.85009765625,7600,0.0,0.0
2015-07-27 00:00:00+09:00,1008.5119935501453,1008.5119935501453,989.835845521439,1003.8429565429688,5800,0.0,0.0
2015-07-28 00:00:00+09:00,985.1667785644531,999.1738891601562,985.1667785644531,999.1738891601562,7600,0.0,0.0
2015-07-29 00:00:00+09:00,994.5048825286156,1003.8429565429688,989.835845521439,1003.8429565429688,5600,0.0,0.0
2015-07-30 00:00:00+09:00,1008.5120515695066,1050.5333870515694,1003.8430142937219,1041.1953125,49400,0.0,0.0
2015-07-31 00:00:00+09:00,1031.8571780130744,1036.5262150176584,1008.5119929901541,1022.5191040039062,15200,0.0,0.0
2015-08-03 00:00:00+09:00,1013.1810913085938,1022.5191658828664,1008.5120540214574,1013.1810913085938,8400,0.0,0.0
2015-08-04 00:00:00+09:00,1008.5119935501453,1013.181030557322,999.1739195357922,1003.8429565429688,7800,0.0,0.0
2015-08-05 00:00:00+09:00,1003.84295598557,1022.5191040039062,994.504881976402,1022.5191040039062,8800,0.0,0.0
2015-08-06 00:00:00+09:00,1013.1810605110378,1017.85009765625,999.1739490754014,1017.85009765625,10200,0.0,0.0
2015-08-07 00:00:00+09:00,1003.8430184377751,1013.1810930278939,994.5049438476562,994.5049438476562,4800,0.0,0.0
2015-08-10 00:00:00+09:00,985.1668675857754,1013.1810913085938,985.1668675857754,1013.1810913085938,10000,0.0,0.0
2015-08-11 00:00:00+09:00,994.5048522949219,999.1738891601562,985.1667785644531,989.8358154296875,9600,0.0,0.0
2015-08-12 00:00:00+09:00,985.1668376397649,1017.85009765625,985.1668376397649,1017.85009765625,27200,0.0,0.0
2015-08-13 00:00:00+09:00,1017.8501285957301,1017.8501285957301,1008.5120540214574,1013.1810913085938,5400,0.0,0.0
2015-08-14 00:00:00+09:00,999.1739195357922,1008.5119935501453,994.5048825286156,1003.8429565429688,4200,0.0,0.0
2015-08-17 00:00:00+09:00,999.1739195357922,1013.181030557322,999.1739195357922,1003.8429565429688,2800,0.0,0.0
2015-08-18 00:00:00+09:00,1003.8429565429688,1017.8500675644985,1003.8429565429688,1003.8429565429688,3400,0.0,0.0
2015-08-19 00:00:00+09:00,1013.1809997558594,1013.1809997558594,994.5048522949219,999.1738891601562,5200,0.0,0.0
2015-08-20 00:00:00+09:00,989.8358154296875,1003.8429260253906,989.8358154296875,989.8358154296875,8800,0.0,0.0
2015-08-21 00:00:00+09:00,980.4977726590806,980.4977726590806,929.1383655197955,966.4906616210938,39800,0.0,0.0
2015-08-24 00:00:00+09:00,905.7931518554688,929.1383361816406,821.75048828125,821.75048828125,32200,0.0,0.0
2015-08-25 00:00:00+09:00,751.7149633789062,877.7789634486606,737.7078522600447,817.0814819335938,41000,0.0,0.0
2015-08-26 00:00:00+09:00,803.0744287927723,840.4267278063896,798.4053914160702,835.7576904296875,29600,0.0,0.0
2015-08-27 00:00:00+09:00,840.4266948084678,882.4480295488911,840.4266948084678,868.44091796875,22800,0.0,0.0
2015-08-28 00:00:00+09:00,868.4408569335938,896.455078125,868.4408569335938,887.1170043945312,8200,0.0,0.0
2015-08-31 00:00:00+09:00,887.1170660789977,887.1170660789977,877.7789916992188,877.7789916992188,3800,0.0,0.0
2015-09-01 00:00:00+09:00,863.7718835037746,877.7789951281601,831.088623046875,831.088623046875,13000,0.0,0.0
2015-09-02 00:00:00+09:00,803.0743408203125,835.7575988769531,803.0743408203125,821.75048828125,10200,0.0,0.0
2015-09-03 00:00:00+09:00,831.088623046875,831.088623046875,826.4195858387466,831.088623046875,1600,0.0,0.0
2015-09-04 00:00:00+09:00,831.0886562104859,831.0886562104859,784.3982822660765,807.7434692382812,10000,0.0,0.0
2015-09-07 00:00:00+09:00,793.7362670898438,812.4124145507812,770.3910827636719,793.7362670898438,7400,0.0,0.0
2015-09-08 00:00:00+09:00,775.0601814083936,784.3982558831935,761.0530696961938,765.7221069335938,5800,0.0,0.0
2015-09-09 00:00:00+09:00,779.729186650564,793.7362977879992,779.729186650564,789.0672607421875,10400,0.0,0.0
2015-09-10 00:00:00+09:00,775.0601503314394,775.0601503314394,770.39111328125,770.39111328125,3200,0.0,0.0
2015-09-11 00:00:00+09:00,765.722075166758,798.4053344726562,765.722075166758,798.4053344726562,7800,0.0,0.0
2015-09-14 00:00:00+09:00,798.405334833811,798.405334833811,784.3982236963757,789.0672607421875,2800,0.0,0.0
2015-09-15 00:00:00+09:00,789.0672607421875,803.0743718796227,789.0672607421875,789.0672607421875,4000,0.0,0.0
2015-09-16 00:00:00+09:00,793.7362977879992,793.7362977879992,775.0601496047522,789.0672607421875,5000,0.0,0.0
2015-09-17 00:00:00+09:00,793.7362670898438,798.4053039550781,789.0672302246094,793.7362670898438,6000,0.0,0.0
2015-09-18 00:00:00+09:00,793.736360287238,793.736360287238,770.3911732199663,779.729248046875,9800,0.0,0.0
2015-09-24 00:00:00+09:00,784.3982543945312,798.4053660801479,784.3982543945312,784.3982543945312,4200,0.0,0.0
2015-09-25 00:00:00+09:00,784.3982543945312,798.4053660801479,779.7292171659924,784.3982543945312,4200,0.0,0.0
2015-09-28 00:00:00+09:00,817.0815135157385,817.0815135157385,798.4053646353788,803.0744018554688,7000,0.0,0.0
2015-09-29 00:00:00+09:00,821.7505200628698,821.7505200628698,775.0601496047522,789.0672607421875,7400,0.0,0.0
2015-09-30 00:00:00+09:00,793.736326721893,812.4124755859375,793.736326721893,812.4124755859375,2400,0.0,0.0
2015-10-01 00:00:00+09:00,807.7434370062325,840.4266974631321,803.074399798104,831.088623046875,11800,0.0,0.0
2015-10-02 00:00:00+09:00,840.4266648065476,887.117035073578,835.7576277798446,882.447998046875,34600,0.0,0.0
2015-10-05 00:00:00+09:00,901.1241757107764,910.4622500704736,882.4480269913821,905.793212890625,37400,0.0,0.0
2015-10-06 00:00:00+09:00,891.7861019770304,929.138399442037,891.7861019770304,896.4551391601562,23000,0.0,0.0
2015-10-07 00:00:00+09:00,905.7932411078832,933.8074650596734,905.7932411078832,929.138427734375,6800,0.0,0.0
2015-10-08 00:00:00+09:00,929.1383663955612,947.8145144638137,929.1383663955612,938.4764404296875,5400,0.0,0.0
2015-10-09 00:00:00+09:00,933.8074650596734,943.1455397102701,915.1313157584799,929.138427734375,8200,0.0,0.0
2015-10-13 00:00:00+09:00,910.4621887207031,924.4692993164062,877.7789306640625,887.1170043945312,11400,0.0,0.0
2015-10-14 00:00:00+09:00,887.1170647939047,901.1241763432821,877.778990427653,896.4551391601562,3000,0.0,0.0
2015-10-15 00:00:00+09:00,887.1170647939047,896.4551391601562,863.7718788782755,896.4551391601562,8800,0.0,0.0
2015-10-16 00:00:00+09:00,910.4621887207031,910.4621887207031,887.1170043945312,887.1170043945312,5800,0.0,0.0
2015-10-19 00:00:00+09:00,873.1099545093293,877.7789916992188,873.1099545093293,877.7789916992188,2200,0.0,0.0
2015-10-20 00:00:00+09:00,868.4408872879762,873.1099243164062,859.1028132311163,873.1099243164062,2800,0.0,0.0
2015-10-21 00:00:00+09:00,868.4408872879762,873.1099243164062,863.7718502595462,873.1099243164062,1600,0.0,0.0
2015-10-22 00:00:00+09:00,873.1098937988281,873.1098937988281,849.7647094726562,849.7647094726562,3800,0.0,0.0
2015-10-23 00:00:00+09:00,849.7647391742563,887.1170354016962,845.0957021458263,873.1099243164062,9000,0.0,0.0
2015-10-26 00:00:00+09:00,877.778961020172,882.447998046875,868.4408869667659,882.447998046875,5000,0.0,0.0
2015-10-27 00:00:00+09:00,882.4480288891083,882.4480288891083,873.1099545093293,877.7789916992188,1800,0.0,0.0
2015-10-28 00:00:00+09:00,877.7789923555108,877.7789923555108,849.7647691952285,868.44091796875,4200,0.0,0.0
2015-10-29 00:00:00+09:00,868.44091796875,868.44091796875,863.7718807753696,868.44091796875,2600,0.0,0.0
2015-10-30 00:00:00+09:00,868.4409489812077,877.7790237014358,859.1028742609797,863.7719116210938,4200,0.0,0.0
2015-11-02 00:00:00+09:00,859.102783203125,873.1098937988281,859.102783203125,859.102783203125,800,0.0,0.0
2015-11-04 00:00:00+09:00,873.1099863413217,873.1099863413217,854.4338369008657,863.7719116210938,1800,0.0,0.0
2015-11-05 00:00:00+09:00,863.7718827989366,863.7718827989366,835.7576595730252,840.4266967773438,4200,0.0,0.0
2015-11-06 00:00:00+09:00,840.4266657594775,854.4337768554688,840.4266657594775,854.4337768554688,5600,0.0,0.0
2015-11-09 00:00:00+09:00,840.4266967773438,854.4338083902994,840.4266967773438,840.4266967773438,6000,0.0,0.0
2015-11-10 00:00:00+09:00,840.4266967773438,845.0957339816623,835.7576595730252,840.4266967773438,8400,0.0,0.0
2015-11-11 00:00:00+09:00,840.4266974631321,840.4266974631321,826.4195858387466,831.088623046875,11800,0.0,0.0
2015-11-12 00:00:00+09:00,840.4267278063896,840.4267278063896,831.0886530529854,835.7576904296875,1600,0.0,0.0
2015-11-13 00:00:00+09:00,831.0885927017125,831.0885927017125,821.7505186264124,826.4195556640625,2600,0.0,0.0
2015-11-16 00:00:00+09:00,817.0814819335938,835.7576300920758,803.0743708147321,817.0814819335938,3600,0.0,0.0
2015-11-17 00:00:00+09:00,812.4124445511122,826.4195556640625,803.0743704758121,826.4195556640625,3400,0.0,0.0
2015-11-18 00:00:00+09:00,817.0814815887624,826.4195556640625,812.4124445511122,826.4195556640625,1800,0.0,0.0
2015-11-19 00:00:00+09:00,835.7576602550035,835.7576602550035,826.4195858387466,831.088623046875,5000,0.0,0.0
2015-11-20 00:00:00+09:00,835.7576602550035,835.7576602550035,821.750548630618,831.088623046875,2000,0.0,0.0
2015-11-24 00:00:00+09:00,835.7576904296875,840.4267278063896,831.0886530529854,835.7576904296875,12000,0.0,0.0
2015-11-25 00:00:00+09:00,840.4266657594775,854.4337768554688,840.4266657594775,854.4337768554688,7600,0.0,0.0
2015-11-26 00:00:00+09:00,859.1028742609797,873.1099863413217,859.1028742609797,863.7719116210938,9000,0.0,0.0
2015-11-27 00:00:00+09:00,868.4408569335938,868.4408569335938,859.102783203125,859.102783203125,4600,0.0,0.0
2015-11-30 00:00:00+09:00,924.469329988896,971.1597001903554,905.7931819083121,919.80029296875,143000,0.0,0.0
2015-12-01 00:00:00+09:00,933.8074359697165,943.1455103294137,905.793212890625,905.793212890625,23600,0.0,0.0
2015-12-02 00:00:00+09:00,905.7932438825696,915.1313185617714,896.4551692033679,901.1242065429688,6400,0.0,0.0
2015-12-03 00:00:00+09:00,905.7932135264078,905.7932135264078,891.7861019770304,896.4551391601562,3600,0.0,0.0
2015-12-04 00:00:00+09:00,896.4551692033679,901.1242065429688,887.1170945241662,901.1242065429688,7000,0.0,0.0
2015-12-07 00:00:00+09:00,905.7931822165465,910.4622192382812,901.1241451948116,910.4622192382812,7600,0.0,0.0
2015-12-08 00:00:00+09:00,915.1312559486041,924.469329988896,910.4622189284581,919.80029296875,13600,0.0,0.0
2015-12-09 00:00:00+09:00,929.1383361816406,933.807373046875,915.1312255859375,915.1312255859375,7000,0.0,0.0
2015-12-10 00:00:00+09:00,905.7932438825696,910.4622812221705,891.786131863767,901.1242065429688,7400,0.0,0.0
2015-12-11 00:00:00+09:00,896.4551692033679,905.7932438825696,891.786131863767,901.1242065429688,4200,0.0,0.0
2015-12-14 00:00:00+09:00,896.455108802356,901.1241458273682,887.1170347523315,891.7860717773438,2400,0.0,0.0
2015-12-15 00:00:00+09:00,891.7861039356519,896.4551411290323,868.44091796875,868.44091796875,7000,0.0,0.0
2015-12-16 00:00:00+09:00,887.1170043945312,887.1170043945312,877.7789306640625,887.1170043945312,4200,0.0,0.0
2015-12-17 00:00:00+09:00,891.7860412597656,896.455078125,877.7789306640625,887.1170043945312,6800,0.0,0.0
2015-12-18 00:00:00+09:00,873.1099545093293,882.4480288891083,873.1099545093293,877.7789916992188,4400,0.0,0.0
2015-12-21 00:00:00+09:00,868.44088795146,868.44088795146,849.7647398234717,854.4337768554688,8800,0.0,0.0
2015-12-22 00:00:00+09:00,859.102783203125,863.7718200683594,849.7647094726562,849.7647094726562,5000,0.0,0.0
2015-12-24 00:00:00+09:00,849.7647711859809,859.1028455946181,817.0815107557509,840.4266967773438,11600,0.0,0.0
2015-12-25 00:00:00+09:00,840.4266967773438,840.4266967773438,840.4266967773438,840.4266967773438,0,0.0,0.0
2015-12-28 00:00:00+09:00,831.0885620117188,882.4479675292969,831.0885620117188,849.7647094726562,5800,0.0,0.0
2015-12-29 00:00:00+09:00,849.7647995407516,863.7719116210938,845.0957621806376,863.7719116210938,6800,0.0,0.0
2015-12-30 00:00:00+09:00,887.1170043945312,887.1170043945312,882.4479675292969,887.1170043945312,3800,0.0,0.0
2016-01-04 00:00:00+09:00,887.1170043945312,896.455078125,877.7789306640625,887.1170043945312,8000,0.0,0.0
2016-01-05 00:00:00+09:00,891.7860717773438,891.7860717773438,882.4479977273191,891.7860717773438,3400,0.0,0.0
2016-01-06 00:00:00+09:00,887.1170647939047,901.1241763432821,882.4480276107788,896.4551391601562,5600,0.0,0.0
2016-01-07 00:00:00+09:00,896.455108802356,896.455108802356,887.1170347523315,891.7860717773438,3200,0.0,0.0
2016-01-08 00:00:00+09:00,882.4480571845653,901.1242065429688,873.1099825053635,901.1242065429688,8800,0.0,0.0
2016-01-12 00:00:00+09:00,877.7789620154542,877.7789620154542,849.7647398234717,854.4337768554688,9800,0.0,0.0
2016-01-13 00:00:00+09:00,877.7789607023069,891.7860717773438,859.1028126022578,891.7860717773438,5600,0.0,0.0
2016-01-14 00:00:00+09:00,882.4479977273191,891.7860717773438,863.7718496272702,891.7860717773438,9200,0.0,0.0
2016-01-15 00:00:00+09:00,863.7718835037746,863.7718835037746,817.0815114224895,831.088623046875,26600,0.0,0.0
2016-01-18 00:00:00+09:00,779.729215755019,831.0886251760083,779.729215755019,803.0744018554688,7600,0.0,0.0
2016-01-19 00:00:00+09:00,793.7363274152889,826.4195879559184,793.7363274152889,803.0744018554688,4000,0.0,0.0
2016-01-20 00:00:00+09:00,803.0744018554688,803.0744018554688,770.3911413148392,803.0744018554688,6800,0.0,0.0
2016-01-21 00:00:00+09:00,784.398193359375,803.0743408203125,770.3910827636719,793.7362670898438,8200,0.0,0.0
2016-01-22 00:00:00+09:00,789.0672302246094,803.0743408203125,789.0672302246094,793.7362670898438,3600,0.0,0.0
2016-01-25 00:00:00+09:00,798.4053914160702,835.7576904296875,798.4053914160702,835.7576904296875,2600,0.0,0.0
2016-01-26 00:00:00+09:00,821.750548630618,840.4266974631321,821.750548630618,831.088623046875,2200,0.0,0.0
2016-01-27 00:00:00+09:00,840.4266357421875,863.7718200683594,826.4195251464844,849.7647094726562,6000,0.0,0.0
2016-01-28 00:00:00+09:00,831.0885620117188,859.102783203125,817.0814514160156,821.75048828125,5800,0.0,0.0
2016-01-29 00:00:00+09:00,821.750548630618,840.4266974631321,807.7434370062325,831.088623046875,4000,0.0,0.0
2016-02-01 00:00:00+09:00,854.4337768554688,854.4337768554688,826.4195546634861,854.4337768554688,2800,0.0,0.0
2016-02-02 00:00:00+09:00,854.4338083902994,854.4338083902994,840.4266967773438,840.4266967773438,1200,0.0,0.0
2016-02-03 00:00:00+09:00,835.7576300920758,835.7576300920758,812.4124448939732,817.0814819335938,5400,0.0,0.0
2016-02-04 00:00:00+09:00,817.0814826474552,817.0814826474552,793.7362974289565,798.4053344726562,5400,0.0,0.0
2016-02-05 00:00:00+09:00,798.4053646353788,821.7505507358285,793.7363274152889,803.0744018554688,1800,0.0,0.0
2016-02-08 00:00:00+09:00,821.750578299581,835.7576904296875,821.750578299581,835.7576904296875,600,0.0,0.0
2016-02-09 00:00:00+09:00,789.0673228737836,793.736360287238,775.0602106334206,779.729248046875,6800,0.0,0.0
2016-02-10 00:00:00+09:00,803.0743730229102,803.0743730229102,756.3840024983224,761.0530395507812,7000,0.0,0.0
2016-02-12 00:00:00+09:00,742.3768615722656,742.3768615722656,677.0103454589844,691.0174560546875,14600,0.0,0.0
2016-02-15 00:00:00+09:00,733.0388187531502,733.0388187531502,719.0317075667842,723.7007446289062,3600,0.0,0.0
2016-02-16 00:00:00+09:00,723.7007438611685,747.0459291470127,723.7007438611685,742.3768920898438,2600,0.0,0.0
2016-02-17 00:00:00+09:00,737.7078558152722,747.0459299395161,709.6936334425403,723.7007446289062,9600,0.0,0.0
2016-02-18 00:00:00+09:00,733.0388484906547,742.3769229937203,728.3698112391218,737.7078857421875,3600,0.0,0.0
2016-02-19 00:00:00+09:00,723.700773987589,737.7078857421875,723.700773987589,737.7078857421875,800,0.0,0.0
2016-02-22 00:00:00+09:00,737.7078542884873,761.0530395507812,737.7078542884873,761.0530395507812,3800,0.0,0.0
2016-02-23 00:00:00+09:00,761.0530395507812,761.0530395507812,751.7149654458636,761.0530395507812,4000,0.0,0.0
2016-02-24 00:00:00+09:00,751.7149937947592,789.0672916230701,751.7149937947592,784.3982543945312,10000,0.0,0.0
2016-02-25 00:00:00+09:00,760.6285727896341,779.644287109375,760.6285727896341,779.644287109375,6600,15.0,0.0
2016-02-26 00:00:00+09:00,779.6442705319251,779.6442705319251,765.3824850953655,770.1364135742188,2000,0.0,0.0
2016-02-29 00:00:00+09:00,765.3825073242188,770.1364359411394,760.6285787072982,765.3825073242188,3800,0.0,0.0
2016-03-01 00:00:00+09:00,765.3825298309326,765.3825298309326,760.6286010742188,760.6286010742188,2600,0.0,0.0
2016-03-02 00:00:00+09:00,760.628562303459,774.890347846649,755.8746337890625,755.8746337890625,7800,0.0,0.0
2016-03-03 00:00:00+09:00,755.8746170724273,765.3824738909484,708.3353329798218,746.3667602539062,12200,0.0,0.0
2016-03-04 00:00:00+09:00,755.8746337890625,755.8746337890625,741.6128482458726,755.8746337890625,6800,0.0,0.0
2016-03-07 00:00:00+09:00,755.8746170724273,755.8746170724273,746.3667602539062,746.3667602539062,4200,0.0,0.0
2016-03-08 00:00:00+09:00,746.3667602539062,746.3667602539062,741.6128318446457,746.3667602539062,4600,0.0,0.0
2016-03-09 00:00:00+09:00,741.6128991857752,741.6128991857752,717.8432549811029,732.1050415039062,6200,0.0,0.0
2016-03-10 00:00:00+09:00,732.104996901292,741.6128540039062,732.104996901292,741.6128540039062,3400,0.0,0.0
2016-03-11 00:00:00+09:00,741.6128540039062,741.6128540039062,741.6128540039062,741.6128540039062,1200,0.0,0.0
2016-03-14 00:00:00+09:00,746.3667602539062,751.1206886631668,736.8589034353852,746.3667602539062,2600,0.0,0.0
2016-03-15 00:00:00+09:00,746.3668148040772,760.6286010742188,746.3668148040772,760.6286010742188,2800,0.0,0.0
2016-03-16 00:00:00+09:00,760.6286010742188,770.1364585876465,760.6286010742188,760.6286010742188,4600,0.0,0.0
2016-03-17 00:00:00+09:00,770.1364193322523,789.1521333898388,746.3667767602692,755.8746337890625,19800,0.0,0.0
2016-03-18 00:00:00+09:00,746.3667602539062,751.1206886631668,736.8589034353852,746.3667602539062,3400,0.0,0.0
2016-03-22 00:00:00+09:00,755.8746723175049,779.6443161010742,755.8746723175049,760.6286010742188,7000,0.0,0.0
2016-03-23 00:00:00+09:00,774.89036455806,774.89036455806,760.6285787072982,765.3825073242188,1400,0.0,0.0
2016-03-24 00:00:00+09:00,760.628562303459,760.628562303459,755.8746337890625,755.8746337890625,2600,0.0,0.0
2016-03-25 00:00:00+09:00,751.1207052746659,755.8746337890625,751.1207052746659,755.8746337890625,1600,0.0,0.0
2016-03-28 00:00:00+09:00,755.8746281376591,774.890342053072,755.8746281376591,770.1364135742188,5600,0.0,0.0
2016-03-29 00:00:00+09:00,770.1364585876465,770.1364585876465,760.6286010742188,760.6286010742188,3600,0.0,0.0
2016-03-30 00:00:00+09:00,765.3824850953655,770.1364135742188,760.6285566165124,770.1364135742188,3800,0.0,0.0
2016-03-31 00:00:00+09:00,770.1364359411394,770.1364359411394,755.8746500903776,765.3825073242188,4400,0.0,0.0
2016-04-01 00:00:00+09:00,770.1364193322523,770.1364193322523,751.1207052746659,755.8746337890625,9000,0.0,0.0
2016-04-04 00:00:00+09:00,708.3353658040365,717.8432230631511,698.8275085449219,713.0892944335938,24800,0.0,0.0
2016-04-05 00:00:00+09:00,713.0892435709635,713.0892435709635,665.5499606662327,684.565673828125,25800,0.0,0.0
2016-04-06 00:00:00+09:00,665.5500329059104,675.0578905188519,641.7803888735564,656.0421752929688,6800,0.0,0.0
2016-04-07 00:00:00+09:00,660.7960815429688,684.5657247639389,656.0421528987747,660.7960815429688,5000,0.0,0.0
2016-04-08 00:00:00+09:00,660.7960650590214,665.5499935846259,651.2882080078125,651.2882080078125,5000,0.0,0.0
2016-04-11 00:00:00+09:00,656.042136533417,656.042136533417,651.2882080078125,651.2882080078125,3000,0.0,0.0
2016-04-12 00:00:00+09:00,689.3196701158023,689.3196701158023,670.303955078125,670.303955078125,5800,0.0,0.0
2016-04-13 00:00:00+09:00,675.0578838375443,684.565741356383,670.303955078125,670.303955078125,4200,0.0,0.0
2016-04-14 00:00:00+09:00,684.5656960227273,689.3196244673295,675.0578391335227,679.811767578125,5600,0.0,0.0
2016-04-15 00:00:00+09:00,679.8117899290272,684.5657185299295,675.057861328125,675.057861328125,4200,0.0,0.0
2016-04-18 00:00:00+09:00,675.0578905188519,675.0578905188519,656.0421752929688,656.0421752929688,2200,0.0,0.0
2016-04-19 00:00:00+09:00,660.7961199079241,670.3039777483259,660.7961199079241,665.550048828125,2200,0.0,0.0
2016-04-20 00:00:00+09:00,675.057861328125,675.057861328125,665.5500041263203,675.057861328125,2600,0.0,0.0
2016-04-21 00:00:00+09:00,675.057861328125,675.057861328125,665.5500041263203,675.057861328125,600,0.0,0.0
2016-04-22 00:00:00+09:00,670.303955078125,670.303955078125,665.5500263187057,670.303955078125,3200,0.0,0.0
2016-04-25 00:00:00+09:00,675.057861328125,689.3196471308319,670.3039327272227,675.057861328125,3400,0.0,0.0
2016-04-26 00:00:00+09:00,675.0579066685268,679.8118355887277,660.7961199079241,665.550048828125,2600,0.0,0.0
2016-04-27 00:00:00+09:00,670.3039388313568,670.3039388313568,660.7960815429688,660.7960815429688,1200,0.0,0.0
2016-04-28 00:00:00+09:00,670.3039452047909,670.3039452047909,646.5343017578125,646.5343017578125,6800,0.0,0.0
2016-05-02 00:00:00+09:00,646.5343243634259,646.5343243634259,627.5186089409722,641.7803955078125,8400,0.0,0.0
2016-05-06 00:00:00+09:00,637.0264507092927,646.5343081825657,632.2725219726562,632.2725219726562,3200,0.0,0.0
2016-05-09 00:00:00+09:00,632.2725156896255,656.0421591366038,627.5185870002298,646.5343017578125,10600,0.0,0.0
2016-05-10 00:00:00+09:00,660.7961040994395,660.7961040994395,656.0421752929688,656.0421752929688,4200,0.0,0.0
2016-05-11 00:00:00+09:00,665.5500329059104,670.3039617123811,656.0421752929688,656.0421752929688,5200,0.0,0.0
2016-05-12 00:00:00+09:00,656.042136533417,656.042136533417,651.2882080078125,651.2882080078125,1000,0.0,0.0
2016-05-13 00:00:00+09:00,646.5342853603079,646.5342853603079,637.0264282226562,637.0264282226562,2600,0.0,0.0
2016-05-16 00:00:00+09:00,632.2725156896255,646.5343017578125,632.2725156896255,646.5343017578125,3200,0.0,0.0
2016-05-17 00:00:00+09:00,646.5342853603079,646.5342853603079,632.2724996538304,637.0264282226562,4000,0.0,0.0
2016-05-18 00:00:00+09:00,641.7803794459293,646.5343081825657,632.2725219726562,632.2725219726562,7600,0.0,0.0
2016-05-19 00:00:00+09:00,632.2724996538304,637.0264282226562,632.2724996538304,637.0264282226562,1400,0.0,0.0
2016-05-20 00:00:00+09:00,632.2725219726562,641.7803794459293,627.5185932360197,632.2725219726562,3000,0.0,0.0
2016-05-23 00:00:00+09:00,627.5185546875,632.2724831321023,627.5185546875,627.5185546875,2200,0.0,0.0
2016-05-24 00:00:00+09:00,627.5185770515267,632.2725056655534,622.7646484375,622.7646484375,2600,0.0,0.0
2016-05-25 00:00:00+09:00,627.5185546875,632.2724831321023,627.5185546875,627.5185546875,2400,0.0,0.0
2016-05-26 00:00:00+09:00,632.2725056655534,632.2725056655534,622.7646484375,622.7646484375,6400,0.0,0.0
2016-05-27 00:00:00+09:00,627.5185770515267,632.2725056655534,622.7646484375,622.7646484375,2600,0.0,0.0
2016-05-30 00:00:00+09:00,646.5343081825657,646.5343081825657,627.5185932360197,632.2725219726562,7000,0.0,0.0
2016-05-31 00:00:00+09:00,632.2725156896255,646.5343017578125,632.2725156896255,646.5343017578125,4400,0.0,0.0
2016-06-01 00:00:00+09:00,641.7803794459293,641.7803794459293,627.5185932360197,632.2725219726562,7800,0.0,0.0
2016-06-02 00:00:00+09:00,637.0264342795801,637.0264342795801,622.7646484375,622.7646484375,5400,0.0,0.0
2016-06-03 00:00:00+09:00,622.7646484375,622.7646484375,622.7646484375,622.7646484375,1800,0.0,0.0
2016-06-06 00:00:00+09:00,622.7646094689003,622.7646094689003,618.0106811523438,618.0106811523438,1600,0.0,0.0
2016-06-07 00:00:00+09:00,627.5185770515267,627.5185770515267,622.7646484375,622.7646484375,1200,0.0,0.0
2016-06-08 00:00:00+09:00,618.0107357627467,632.2725219726562,618.0107357627467,632.2725219726562,4600,0.0,0.0
2016-06-09 00:00:00+09:00,627.5185770515267,627.5185770515267,618.0107198234732,622.7646484375,1600,0.0,0.0
2016-06-10 00:00:00+09:00,618.0106811523438,622.7646094689003,618.0106811523438,618.0106811523438,600,0.0,0.0
2016-06-13 00:00:00+09:00,613.25684320359,613.25684320359,598.9950561523438,598.9950561523438,9800,0.0,0.0
2016-06-14 00:00:00+09:00,598.9950010718369,603.7489296517721,575.2253581721608,584.7332153320312,8200,0.0,0.0
2016-06-15 00:00:00+09:00,584.7332153320312,584.7332153320312,575.2253581721608,584.7332153320312,2200,0.0,0.0
2016-06-16 00:00:00+09:00,584.7331814806,584.7331814806,565.7174682617188,565.7174682617188,5800,0.0,0.0
2016-06-17 00:00:00+09:00,570.471435546875,575.2253641764323,570.471435546875,570.471435546875,1600,0.0,0.0
2016-06-20 00:00:00+09:00,579.9793090820312,579.9793090820312,579.9793090820312,579.9793090820312,1800,0.0,0.0
2016-06-21 00:00:00+09:00,575.2253803190638,579.9793090820312,575.2253803190638,579.9793090820312,1600,0.0,0.0
2016-06-22 00:00:00+09:00,579.9792928059896,579.9792928059896,570.471435546875,570.471435546875,2000,0.0,0.0
2016-06-23 00:00:00+09:00,556.2096116522781,570.4713965664391,556.2096116522781,565.7174682617188,4000,0.0,0.0
2016-06-24 00:00:00+09:00,570.4714102115271,570.4714102115271,470.6389134245099,503.9164123535156,21200,0.0,0.0
2016-06-27 00:00:00+09:00,503.91646717712945,537.1939697265625,499.1625382414961,537.1939697265625,10000,0.0,0.0
2016-06-28 00:00:00+09:00,537.1939697265625,551.4557565334624,527.6861118552958,537.1939697265625,4400,0.0,0.0
2016-06-29 00:00:00+09:00,537.1939310346331,541.9478596278599,532.4400024414062,532.4400024414062,2600,0.0,0.0
2016-06-30 00:00:00+09:00,522.9321673968891,527.6860961914062,522.9321673968891,527.6860961914062,3600,0.0,0.0
2016-07-01 00:00:00+09:00,522.9321260272333,522.9321260272333,503.9164123535156,503.9164123535156,17600,0.0,0.0
2016-07-04 00:00:00+09:00,499.16248393508624,513.4242691903744,499.16248393508624,503.9164123535156,6200,0.0,0.0
2016-07-05 00:00:00+09:00,508.670340771945,508.670340771945,503.9164123535156,503.9164123535156,1400,0.0,0.0
2016-07-06 00:00:00+09:00,503.91643473307295,503.91643473307295,494.40857747395836,499.1625061035156,4000,0.0,0.0
2016-07-07 00:00:00+09:00,494.4085753790223,494.4085753790223,480.14678955078125,480.14678955078125,23000,0.0,0.0
2016-07-08 00:00:00+09:00,484.9007263183594,489.654655007755,484.9007263183594,484.9007263183594,8600,0.0,0.0
2016-07-11 00:00:00+09:00,484.9007263183594,484.9007263183594,484.9007263183594,484.9007263183594,0,0.0,0.0
2016-07-12 00:00:00+09:00,494.40857747395836,508.6703633626302,494.40857747395836,499.1625061035156,3800,0.0,0.0
2016-07-13 00:00:00+09:00,499.1625061035156,503.91643473307295,499.1625061035156,499.1625061035156,1200,0.0,0.0
2016-07-14 00:00:00+09:00,503.91643473307295,503.91643473307295,494.40857747395836,499.1625061035156,3000,0.0,0.0
2016-07-15 00:00:00+09:00,503.9164575430063,503.9164575430063,494.4085998535156,494.4085998535156,4600,0.0,0.0
2016-07-19 00:00:00+09:00,499.1625206215868,499.1625206215868,489.6546630859375,489.6546630859375,3000,0.0,0.0
2016-07-20 00:00:00+09:00,480.14680555028826,489.6546630859375,480.14680555028826,489.6546630859375,3000,0.0,0.0
2016-07-21 00:00:00+09:00,489.654655007755,489.654655007755,484.9007263183594,484.9007263183594,3000,0.0,0.0
2016-07-22 00:00:00+09:00,484.9007343181129,489.6546630859375,484.9007343181129,489.6546630859375,2600,0.0,0.0
2016-07-25 00:00:00+09:00,489.65467100877026,494.4085998535156,489.65467100877026,494.4085998535156,2600,0.0,0.0
2016-07-26 00:00:00+09:00,484.9007263183594,489.654655007755,484.9007263183594,484.9007263183594,3000,0.0,0.0
2016-07-27 00:00:00+09:00,499.16248393508624,508.670340771945,489.6546270982275,503.9164123535156,6800,0.0,0.0
2016-07-28 00:00:00+09:00,503.9164123535156,503.9164123535156,499.16248393508624,503.9164123535156,3000,0.0,0.0
2016-07-29 00:00:00+09:00,508.67038638775165,508.67038638775165,494.4085998535156,494.4085998535156,1600,0.0,0.0
2016-08-01 00:00:00+09:00,489.654655007755,489.654655007755,484.9007263183594,484.9007263183594,1800,0.0,0.0
2016-08-02 00:00:00+09:00,484.9007343181129,499.1625206215868,484.9007343181129,489.6546630859375,4200,0.0,0.0
2016-08-03 00:00:00+09:00,484.9007343181129,489.6546630859375,484.9007343181129,489.6546630859375,1000,0.0,0.0
2016-08-04 00:00:00+09:00,484.9007263183594,484.9007263183594,480.14679762896367,484.9007263183594,5600,0.0,0.0
2016-08-05 00:00:00+09:00,494.4085918537622,499.1625206215868,489.6546630859375,489.6546630859375,1600,0.0,0.0
2016-08-08 00:00:00+09:00,489.6546630859375,489.6546630859375,489.6546630859375,489.6546630859375,1000,0.0,0.0
2016-08-09 00:00:00+09:00,494.4085998535156,508.67038638775165,494.4085998535156,494.4085998535156,5600,0.0,0.0
2016-08-10 00:00:00+09:00,494.4085998535156,499.162528698261,494.4085998535156,494.4085998535156,1400,0.0,0.0
2016-08-12 00:00:00+09:00,499.1625061035156,508.6703633626302,499.1625061035156,499.1625061035156,3000,0.0,0.0
2016-08-15 00:00:00+09:00,499.1625061035156,513.4242919921875,499.1625061035156,499.1625061035156,3600,0.0,0.0
2016-08-16 00:00:00+09:00,494.4085918537622,494.4085918537622,484.9007343181129,489.6546630859375,5800,0.0,0.0
2016-08-17 00:00:00+09:00,484.90074216402496,499.162528698261,484.90074216402496,494.4085998535156,3000,0.0,0.0
2016-08-18 00:00:00+09:00,499.1625061035156,499.1625061035156,499.1625061035156,499.1625061035156,600,0.0,0.0
2016-08-19 00:00:00+09:00,494.40858369715073,499.1625123865464,484.9007263183594,484.9007263183594,3200,0.0,0.0
2016-08-22 00:00:00+09:00,484.9007263183594,484.9007263183594,475.392868939568,484.9007263183594,5200,0.0,0.0
2016-08-23 00:00:00+09:00,480.14679762896367,489.654655007755,480.14679762896367,484.9007263183594,1000,0.0,0.0
2016-08-24 00:00:00+09:00,489.654655007755,489.654655007755,484.9007263183594,484.9007263183594,1000,0.0,0.0
2016-08-25 00:00:00+09:00,484.9007263183594,484.9007263183594,480.14679762896367,484.9007263183594,4400,0.0,0.0
2016-08-26 00:00:00+09:00,484.90074216402496,494.4085998535156,480.1468133192796,494.4085998535156,4200,0.0,0.0
2016-08-29 00:00:00+09:00,494.40858369715073,494.40858369715073,484.9007263183594,484.9007263183594,2200,0.0,0.0
2016-08-30 00:00:00+09:00,489.6546630859375,499.1625206215868,489.6546630859375,489.6546630859375,1600,0.0,0.0
2016-08-31 00:00:00+09:00,489.65467100877026,494.4085998535156,489.65467100877026,494.4085998535156,1600,0.0,0.0
2016-09-01 00:00:00+09:00,494.4085998535156,494.4085998535156,489.65467100877026,494.4085998535156,3800,0.0,0.0
2016-09-02 00:00:00+09:00,494.4085918537622,503.9164493894114,489.6546630859375,489.6546630859375,5400,0.0,0.0
2016-09-05 00:00:00+09:00,484.9007263183594,489.654655007755,484.9007263183594,484.9007263183594,5200,0.0,0.0
2016-09-06 00:00:00+09:00,484.90074216402496,494.4085998535156,484.90074216402496,494.4085998535156,1600,0.0,0.0
2016-09-07 00:00:00+09:00,494.40855551665686,508.670340771945,494.40855551665686,503.9164123535156,4000,0.0,0.0
2016-09-08 00:00:00+09:00,503.9164123535156,508.670340771945,503.9164123535156,503.9164123535156,1000,0.0,0.0
2016-09-09 00:00:00+09:00,503.9164575430063,503.9164575430063,489.65467100877026,494.4085998535156,6800,0.0,0.0
2016-09-12 00:00:00+09:00,484.90074216402496,494.4085998535156,484.90074216402496,494.4085998535156,1800,0.0,0.0
2016-09-13 00:00:00+09:00,484.9007343181129,489.6546630859375,484.9007343181129,489.6546630859375,7000,0.0,0.0
2016-09-14 00:00:00+09:00,484.9007263183594,484.9007263183594,484.9007263183594,484.9007263183594,1000,0.0,0.0
2016-09-15 00:00:00+09:00,484.9007343181129,489.6546630859375,484.9007343181129,489.6546630859375,400,0.0,0.0
2016-09-16 00:00:00+09:00,489.654655007755,494.40858369715073,484.9007263183594,484.9007263183594,3000,0.0,0.0
2016-09-20 00:00:00+09:00,484.9007098388672,489.65463836669926,475.3928527832031,475.3928527832031,15000,0.0,0.0
2016-09-21 00:00:00+09:00,480.14678131103517,494.40856689453125,475.3928527832031,475.3928527832031,8200,0.0,0.0
2016-09-23 00:00:00+09:00,475.3928609413676,484.9007181601949,475.3928609413676,480.14678955078125,9800,0.0,0.0
2016-09-26 00:00:00+09:00,480.14678131103517,489.65463836669926,475.3928527832031,475.3928527832031,16400,0.0,0.0
2016-09-27 00:00:00+09:00,480.14678955078125,480.14678955078125,475.3928609413676,480.14678955078125,6600,0.0,0.0
2016-09-28 00:00:00+09:00,475.392868939568,484.9007263183594,475.392868939568,484.9007263183594,1600,0.0,0.0
2016-09-29 00:00:00+09:00,484.9007181601949,484.9007181601949,475.3928609413676,480.14678955078125,5200,0.0,0.0
2016-09-30 00:00:00+09:00,480.14678955078125,484.9007181601949,475.3928609413676,480.14678955078125,6400,0.0,0.0
2016-10-03 00:00:00+09:00,475.3928609413676,484.9007181601949,475.3928609413676,480.14678955078125,2800,0.0,0.0
2016-10-04 00:00:00+09:00,480.14679762896367,484.9007263183594,480.14679762896367,484.9007263183594,4000,0.0,0.0
2016-10-05 00:00:00+09:00,532.4399566650391,694.0735149383545,518.1781721115112,608.5028076171875,962400,0.0,0.0
2016-10-06 00:00:00+09:00,589.4871329614672,598.9949899447166,551.4557050284693,560.9635620117188,159000,0.0,0.0
2016-10-07 00:00:00+09:00,560.9635620117188,560.9635620117188,541.9478480452199,560.9635620117188,29200,0.0,0.0
2016-10-11 00:00:00+09:00,560.9635620117188,570.4714189949683,556.209633520094,560.9635620117188,18400,0.0,0.0
2016-10-12 00:00:00+09:00,560.963614404729,560.963614404729,527.6861118552958,537.1939697265625,30800,0.0,0.0
2016-10-13 00:00:00+09:00,537.1939310346331,537.1939310346331,532.4400024414062,532.4400024414062,8800,0.0,0.0
2016-10-14 00:00:00+09:00,532.4400249859234,532.4400249859234,527.6860961914062,527.6860961914062,7400,0.0,0.0
2016-10-17 00:00:00+09:00,537.1939537804406,537.1939537804406,527.6860961914062,527.6860961914062,9000,0.0,0.0
2016-10-18 00:00:00+09:00,532.4400024414062,532.4400024414062,522.9321452549526,532.4400024414062,6000,0.0,0.0
2016-10-19 00:00:00+09:00,532.4400185032895,541.9478759765625,532.4400185032895,541.9478759765625,6600,0.0,0.0
2016-10-20 00:00:00+09:00,541.9478697165465,565.7175131251669,541.9478697165465,556.2096557617188,22400,0.0,0.0
2016-10-21 00:00:00+09:00,556.2096393087636,560.9635678498641,546.7017822265625,546.7017822265625,9000,0.0,0.0
2016-10-24 00:00:00+09:00,541.9478759765625,541.9478759765625,537.1939472399259,541.9478759765625,4800,0.0,0.0
2016-10-25 00:00:00+09:00,541.9478759765625,546.701804713199,541.9478759765625,541.9478759765625,2600,0.0,0.0
2016-10-26 00:00:00+09:00,541.9478759765625,541.9478759765625,537.1939472399259,541.9478759765625,2600,0.0,0.0
2016-10-27 00:00:00+09:00,537.1939472399259,541.9478759765625,537.1939472399259,541.9478759765625,1400,0.0,0.0
2016-10-28 00:00:00+09:00,537.1939251443614,546.7017822265625,537.1939251443614,546.7017822265625,2400,0.0,0.0
2016-10-31 00:00:00+09:00,537.1939472399259,541.9478759765625,537.1939472399259,541.9478759765625,4800,0.0,0.0
2016-11-01 00:00:00+09:00,546.701804713199,546.701804713199,537.1939472399259,541.9478759765625,4800,0.0,0.0
2016-11-02 00:00:00+09:00,537.1939537804406,537.1939537804406,522.9321673968891,527.6860961914062,11600,0.0,0.0
2016-11-04 00:00:00+09:00,518.17822265625,522.9321513044724,513.4242940080275,518.17822265625,6400,0.0,0.0
2016-11-07 00:00:00+09:00,518.1782004616477,527.6860573508523,518.1782004616477,522.93212890625,2000,0.0,0.0
2016-11-08 00:00:00+09:00,527.6860961914062,527.6860961914062,522.9321673968891,527.6860961914062,2400,0.0,0.0
2016-11-09 00:00:00+09:00,522.9321644607099,527.6860932285346,489.6546630859375,489.6546630859375,17200,0.0,0.0
2016-11-10 00:00:00+09:00,508.6703875506366,518.1782452618634,503.91645869502315,513.42431640625,11000,0.0,0.0
2016-11-11 00:00:00+09:00,518.1782061140115,518.1782061140115,499.1624921281761,508.67034912109375,5600,0.0,0.0
2016-11-14 00:00:00+09:00,513.42431640625,513.42431640625,508.6703875506366,513.42431640625,3000,0.0,0.0
2016-11-15 00:00:00+09:00,508.67036535980503,518.17822265625,508.67036535980503,518.17822265625,1600,0.0,0.0
2016-11-16 00:00:00+09:00,518.1782386023718,527.6860961914062,513.4243098078547,527.6860961914062,6000,0.0,0.0
2016-11-17 00:00:00+09:00,522.9321673968891,527.6860961914062,518.1782386023718,527.6860961914062,4200,0.0,0.0
2016-11-18 00:00:00+09:00,522.9321452549526,532.4400024414062,522.9321452549526,532.4400024414062,3200,0.0,0.0
2016-11-21 00:00:00+09:00,537.1939034297549,551.4556884765625,537.1939034297549,551.4556884765625,10200,0.0,0.0
2016-11-22 00:00:00+09:00,546.7017601276266,560.9635451744342,541.9478317786907,551.4556884765625,13800,0.0,0.0
2016-11-24 00:00:00+09:00,556.2096168254984,556.2096168254984,546.7017601276266,551.4556884765625,8800,0.0,0.0
2016-11-25 00:00:00+09:00,556.2096854690957,556.2096854690957,532.4400407909292,537.1939697265625,17400,0.0,0.0
2016-11-28 00:00:00+09:00,541.9478759765625,546.701804713199,537.1939472399259,541.9478759765625,20000,0.0,0.0
2016-11-29 00:00:00+09:00,546.7017822265625,560.9635678498641,546.7017822265625,546.7017822265625,16600,0.0,0.0
2016-11-30 00:00:00+09:00,546.701804713199,546.701804713199,537.1939472399259,541.9478759765625,15000,0.0,0.0
2016-12-01 00:00:00+09:00,546.7017822265625,556.2096393087636,546.7017822265625,546.7017822265625,7600,0.0,0.0
2016-12-02 00:00:00+09:00,551.4556884765625,556.2096168254984,541.9478317786907,551.4556884765625,7600,0.0,0.0
2016-12-05 00:00:00+09:00,546.7017601276266,551.4556884765625,541.9478317786907,551.4556884765625,10600,0.0,0.0
2016-12-06 00:00:00+09:00,551.4557514805948,618.0107559696321,551.4557514805948,589.4871826171875,95600,0.0,0.0
2016-12-07 00:00:00+09:00,603.7489462890625,618.010732421875,584.7332314453125,594.2410888671875,45600,0.0,0.0
2016-12-08 00:00:00+09:00,603.7489462890625,603.7489462890625,584.7332314453125,594.2410888671875,13200,0.0,0.0
2016-12-09 00:00:00+09:00,598.9949840198864,598.9949840198864,575.225341796875,575.225341796875,15200,0.0,0.0
2016-12-12 00:00:00+09:00,575.2253803190638,589.4871666079662,570.4714515560963,579.9793090820312,14400,0.0,0.0
2016-12-13 00:00:00+09:00,579.979286752096,584.7332153320312,575.2253581721608,584.7332153320312,5400,0.0,0.0
2016-12-14 00:00:00+09:00,584.7332153320312,589.4871439119664,575.2253581721608,584.7332153320312,8400,0.0,0.0
2016-12-15 00:00:00+09:00,584.7331986860795,584.7331986860795,575.225341796875,575.225341796875,6600,0.0,0.0
2016-12-16 00:00:00+09:00,575.2253248711594,584.7331814806,565.7174682617188,565.7174682617188,15200,0.0,0.0
2016-12-19 00:00:00+09:00,560.9635399569984,575.2253248711594,560.9635399569984,565.7174682617188,10400,0.0,0.0
2016-12-20 00:00:00+09:00,570.4713965664391,570.4713965664391,565.7174682617188,565.7174682617188,3000,0.0,0.0
2016-12-21 00:00:00+09:00,565.7174905033435,570.4714189949683,556.209633520094,560.9635620117188,14000,0.0,0.0
2016-12-22 00:00:00+09:00,556.2096557617188,560.9635844434429,551.4557270799946,556.2096557617188,6800,0.0,0.0
2016-12-26 00:00:00+09:00,551.455710767663,551.455710767663,537.1939251443614,546.7017822265625,12800,0.0,0.0
2016-12-27 00:00:00+09:00,546.7017882210868,546.7017882210868,522.9321452549526,532.4400024414062,55400,0.0,0.0
2016-12-28 00:00:00+09:00,532.4399966032609,546.7017822265625,532.4399966032609,546.7017822265625,4000,0.0,0.0
2016-12-29 00:00:00+09:00,546.7017601276266,551.4556884765625,541.9478317786907,551.4556884765625,6200,0.0,0.0
2016-12-30 00:00:00+09:00,541.9478759765625,551.4557334498355,532.4400185032895,541.9478759765625,12400,0.0,0.0
2017-01-04 00:00:00+09:00,551.455710767663,551.455710767663,546.7017822265625,546.7017822265625,5400,0.0,0.0
2017-01-05 00:00:00+09:00,556.2096168254984,556.2096168254984,546.7017601276266,551.4556884765625,10000,0.0,0.0
2017-01-06 00:00:00+09:00,546.7017983982705,560.9635844434429,541.9478697165465,556.2096557617188,13800,0.0,0.0
2017-01-10 00:00:00+09:00,560.9635620117188,560.9635620117188,556.209633520094,560.9635620117188,2600,0.0,0.0
2017-01-11 00:00:00+09:00,556.2096168254984,565.7174735233701,551.4556884765625,551.4556884765625,10200,0.0,0.0
2017-01-12 00:00:00+09:00,551.4557270799946,556.2096557617188,551.4557270799946,556.2096557617188,4600,0.0,0.0
2017-01-13 00:00:00+09:00,551.4556884765625,556.2096168254984,551.4556884765625,551.4556884765625,3400,0.0,0.0
2017-01-16 00:00:00+09:00,551.4556884765625,556.2096168254984,546.7017601276266,551.4556884765625,3200,0.0,0.0
2017-01-17 00:00:00+09:00,551.4556884765625,551.4556884765625,546.7017601276266,551.4556884765625,2800,0.0,0.0
2017-01-18 00:00:00+09:00,546.7017822265625,546.7017822265625,541.947853685462,546.7017822265625,6600,0.0,0.0
2017-01-19 00:00:00+09:00,551.455710767663,551.455710767663,546.7017822265625,546.7017822265625,2000,0.0,0.0
2017-01-20 00:00:00+09:00,541.947853685462,546.7017822265625,541.947853685462,546.7017822265625,3600,0.0,0.0
2017-01-23 00:00:00+09:00,541.947853685462,546.7017822265625,541.947853685462,546.7017822265625,4800,0.0,0.0
2017-01-24 00:00:00+09:00,551.455710767663,551.455710767663,541.947853685462,546.7017822265625,1600,0.0,0.0
2017-01-25 00:00:00+09:00,551.455710767663,551.455710767663,546.7017822265625,546.7017822265625,3600,0.0,0.0
2017-01-26 00:00:00+09:00,570.4714515560963,641.7803830006084,565.7175227931289,579.9793090820312,401400,0.0,0.0
2017-01-27 00:00:00+09:00,570.4714133522727,575.225341796875,570.4714133522727,575.225341796875,9200,0.0,0.0
2017-01-30 00:00:00+09:00,570.4714133522727,575.225341796875,570.4714133522727,575.225341796875,7600,0.0,0.0
2017-01-31 00:00:00+09:00,570.471435546875,579.9792928059896,570.471435546875,570.471435546875,3400,0.0,0.0
2017-02-01 00:00:00+09:00,560.9635399569984,575.2253248711594,560.9635399569984,565.7174682617188,5000,0.0,0.0
2017-02-02 00:00:00+09:00,575.2253248711594,575.2253248711594,565.7174682617188,565.7174682617188,1800,0.0,0.0
2017-02-03 00:00:00+09:00,565.7175131251669,570.471441806891,546.7017983982705,556.2096557617188,21600,0.0,0.0
2017-02-06 00:00:00+09:00,556.209633520094,560.9635620117188,556.209633520094,560.9635620117188,3600,0.0,0.0
2017-02-07 00:00:00+09:00,560.9635399569984,565.7174682617188,560.9635399569984,565.7174682617188,800,0.0,0.0
2017-02-08 00:00:00+09:00,560.9635620117188,565.7174905033435,560.9635620117188,560.9635620117188,3000,0.0,0.0
2017-02-09 00:00:00+09:00,560.9635399569984,565.7174682617188,560.9635399569984,565.7174682617188,2600,0.0,0.0
2017-02-10 00:00:00+09:00,565.7175131251669,570.471441806891,546.7017983982705,556.2096557617188,24600,0.0,0.0
2017-02-13 00:00:00+09:00,560.9635620117188,560.9635620117188,551.4557050284693,560.9635620117188,3800,0.0,0.0
2017-02-14 00:00:00+09:00,560.9635399569984,565.7174682617188,560.9635399569984,565.7174682617188,3600,0.0,0.0
2017-02-15 00:00:00+09:00,570.471435546875,575.2253641764323,565.7175069173178,570.471435546875,4800,0.0,0.0
2017-02-16 00:00:00+09:00,570.471435546875,575.2253641764323,565.7175069173178,570.471435546875,3800,0.0,0.0
2017-02-17 00:00:00+09:00,570.4714133522727,575.225341796875,570.4714133522727,575.225341796875,2000,0.0,0.0
2017-02-20 00:00:00+09:00,575.2253803190638,579.9793090820312,570.4714515560963,579.9793090820312,6800,0.0,0.0
2017-02-21 00:00:00+09:00,579.9793090820312,589.4871666079662,579.9793090820312,579.9793090820312,11800,0.0,0.0
2017-02-22 00:00:00+09:00,579.979286752096,584.7332153320312,575.2253581721608,584.7332153320312,9800,0.0,0.0
2017-02-23 00:00:00+09:00,584.7331986860795,589.4871271306819,575.225341796875,575.225341796875,12800,0.0,0.0
2017-02-24 00:00:00+09:00,575.2253674418987,584.9749499409139,575.2253674418987,580.1001586914062,5800,15.0,0.0
2017-02-27 00:00:00+09:00,580.1001586914062,584.9749499409139,575.2253674418987,580.1001586914062,1600,0.0,0.0
2017-02-28 00:00:00+09:00,584.9749145507812,584.9749145507812,575.2253326416015,584.9749145507812,4200,0.0,0.0
2017-03-01 00:00:00+09:00,580.1001586914062,584.9749499409139,575.2253674418987,580.1001586914062,2000,0.0,0.0
2017-03-02 00:00:00+09:00,584.9749499409139,584.9749499409139,580.1001586914062,580.1001586914062,3200,0.0,0.0
2017-03-03 00:00:00+09:00,575.225341796875,584.9749238612288,575.225341796875,575.225341796875,5000,0.0,0.0
2017-03-06 00:00:00+09:00,575.225341796875,580.1001328290519,570.350550764698,575.225341796875,4000,0.0,0.0
2017-03-07 00:00:00+09:00,570.3505859375,580.1001686030983,570.3505859375,570.3505859375,7200,0.0,0.0
2017-03-08 00:00:00+09:00,565.4757690429688,570.3505601554081,560.6009779305293,565.4757690429688,7600,0.0,0.0
2017-03-09 00:00:00+09:00,565.4757946047009,570.3505859375,565.4757946047009,570.3505859375,3000,0.0,0.0
2017-03-10 00:00:00+09:00,565.4757597325212,575.225341796875,565.4757597325212,575.225341796875,2200,0.0,0.0
2017-03-13 00:00:00+09:00,575.2253512678475,580.1001423802869,565.4757690429688,565.4757690429688,2800,0.0,0.0
2017-03-14 00:00:00+09:00,570.3505859375,575.2253772702992,565.4757946047009,570.3505859375,5400,0.0,0.0
2017-03-15 00:00:00+09:00,575.2253674418987,589.8497411904215,570.350576192391,580.1001586914062,20000,0.0,0.0
2017-03-16 00:00:00+09:00,570.350576192391,584.9749499409139,570.350576192391,580.1001586914062,10200,0.0,0.0
2017-03-17 00:00:00+09:00,580.1001686030983,580.1001686030983,570.3505859375,570.3505859375,7200,0.0,0.0
2017-03-21 00:00:00+09:00,570.350550764698,575.225341796875,570.350550764698,575.225341796875,3400,0.0,0.0
2017-03-22 00:00:00+09:00,565.4758046025815,570.3505960215692,560.6010131835938,560.6010131835938,6800,0.0,0.0
2017-03-23 00:00:00+09:00,560.6010131835938,565.4758046025815,560.6010131835938,560.6010131835938,1600,0.0,0.0
2017-03-24 00:00:00+09:00,560.6010131835938,565.4758046025815,550.8514303456182,560.6010131835938,7200,0.0,0.0
2017-03-27 00:00:00+09:00,555.7261868180899,565.4757690429688,555.7261868180899,565.4757690429688,4400,0.0,0.0
2017-03-28 00:00:00+09:00,565.4757946047009,570.3505859375,560.6010032719017,570.3505859375,7400,0.0,0.0
2017-03-29 00:00:00+09:00,565.4757946047009,570.3505859375,565.4757946047009,570.3505859375,1800,0.0,0.0
2017-03-30 00:00:00+09:00,570.3505601554081,570.3505601554081,560.6009779305293,565.4757690429688,4000,0.0,0.0
2017-03-31 00:00:00+09:00,565.4757786800988,570.3505698756168,555.7261962890625,555.7261962890625,4200,0.0,0.0
2017-04-03 00:00:00+09:00,550.8514148167201,555.726206098284,545.9766235351562,545.9766235351562,7200,0.0,0.0
2017-04-04 00:00:00+09:00,545.9766235351562,555.726206098284,541.1018322535923,545.9766235351562,5600,0.0,0.0
2017-04-05 00:00:00+09:00,545.9766235351562,555.726206098284,541.1018322535923,545.9766235351562,3000,0.0,0.0
2017-04-06 00:00:00+09:00,541.1018161598696,545.976607296445,531.3522338867188,531.3522338867188,7600,0.0,0.0
2017-04-07 00:00:00+09:00,536.22705078125,545.9766335227273,526.4774680397727,536.22705078125,4600,0.0,0.0
2017-04-10 00:00:00+09:00,545.9766235351562,550.8514148167201,536.2270409720285,545.9766235351562,3400,0.0,0.0
2017-04-11 00:00:00+09:00,536.2270409720285,550.8514148167201,536.2270409720285,545.9766235351562,1400,0.0,0.0
2017-04-12 00:00:00+09:00,545.9766335227273,550.851424893466,526.4774680397727,536.22705078125,7600,0.0,0.0
2017-04-13 00:00:00+09:00,536.2270155898086,541.101806640625,526.4774334881757,541.101806640625,3600,0.0,0.0
2017-04-14 00:00:00+09:00,545.9766335227273,550.851424893466,536.22705078125,536.22705078125,4600,0.0,0.0
2017-04-17 00:00:00+09:00,541.1018421519886,545.9766335227273,531.3522594105114,536.22705078125,3600,0.0,0.0
2017-04-18 00:00:00+09:00,536.2270409720285,545.9766235351562,536.2270409720285,545.9766235351562,4000,0.0,0.0
2017-04-19 00:00:00+09:00,545.9766235351562,545.9766235351562,541.1018322535923,545.9766235351562,600,0.0,0.0
2017-04-20 00:00:00+09:00,545.9766235351562,550.8514148167201,545.9766235351562,545.9766235351562,1800,0.0,0.0
2017-04-21 00:00:00+09:00,550.8513793945312,560.6009613307176,550.8513793945312,550.8513793945312,7200,0.0,0.0
2017-04-24 00:00:00+09:00,550.8514303456182,565.4758046025815,550.8514303456182,560.6010131835938,3200,0.0,0.0
2017-04-25 00:00:00+09:00,560.6009779305293,565.4757690429688,550.8513957056506,565.4757690429688,1400,0.0,0.0
2017-04-26 00:00:00+09:00,560.6010131835938,565.4758046025815,555.726221764606,560.6010131835938,2400,0.0,0.0
2017-04-27 00:00:00+09:00,560.6009779305293,565.4757690429688,560.6009779305293,565.4757690429688,1600,0.0,0.0
2017-04-28 00:00:00+09:00,565.4757690429688,575.2253512678475,565.4757690429688,565.4757690429688,9200,0.0,0.0
2017-05-01 00:00:00+09:00,570.3505960215692,575.225387440557,541.1018475076427,560.6010131835938,12000,0.0,0.0
2017-05-02 00:00:00+09:00,560.6010032719017,575.2253772702992,550.8514206063035,570.3505859375,5800,0.0,0.0
2017-05-08 00:00:00+09:00,575.225341796875,580.1001328290519,570.350550764698,575.225341796875,5600,0.0,0.0
2017-05-09 00:00:00+09:00,575.225341796875,580.1001328290519,565.4757597325212,575.225341796875,11800,0.0,0.0
2017-05-10 00:00:00+09:00,575.2253674418987,589.8497411904215,575.2253674418987,580.1001586914062,16400,0.0,0.0
2017-05-11 00:00:00+09:00,580.1001586914062,584.9749499409139,575.2253674418987,580.1001586914062,1800,0.0,0.0
2017-05-12 00:00:00+09:00,580.1001686030983,580.1001686030983,570.3505859375,570.3505859375,5000,0.0,0.0
2017-05-15 00:00:00+09:00,570.3505601554081,570.3505601554081,565.4757690429688,565.4757690429688,3600,0.0,0.0
2017-05-16 00:00:00+09:00,560.6010131835938,565.4758046025815,560.6010131835938,560.6010131835938,4000,0.0,0.0
2017-05-17 00:00:00+09:00,555.726221764606,560.6010131835938,555.726221764606,560.6010131835938,1200,0.0,0.0
2017-05-18 00:00:00+09:00,545.9766138980264,555.7261962890625,541.1018227025082,555.7261962890625,2400,0.0,0.0
2017-05-19 00:00:00+09:00,555.726221764606,560.6010131835938,555.726221764606,560.6010131835938,3200,0.0,0.0
2017-05-22 00:00:00+09:00,555.7261868180899,565.4757690429688,555.7261868180899,565.4757690429688,2200,0.0,0.0
2017-05-23 00:00:00+09:00,560.6009687003443,575.225341796875,560.6009687003443,575.225341796875,4400,0.0,0.0
2017-05-24 00:00:00+09:00,575.2253326416015,594.724496459961,575.2253326416015,584.9749145507812,14600,0.0,0.0
2017-05-25 00:00:00+09:00,584.9749499409139,584.9749499409139,575.2253674418987,580.1001586914062,2800,0.0,0.0
2017-05-26 00:00:00+09:00,580.1001328290519,584.9749238612288,570.350550764698,575.225341796875,4400,0.0,0.0
2017-05-29 00:00:00+09:00,575.225341796875,575.225341796875,570.350550764698,575.225341796875,4600,0.0,0.0
2017-05-30 00:00:00+09:00,570.350550764698,575.225341796875,570.350550764698,575.225341796875,1000,0.0,0.0
2017-05-31 00:00:00+09:00,575.2253674418987,580.1001586914062,565.4757849428834,580.1001586914062,3000,0.0,0.0
2017-06-01 00:00:00+09:00,575.2253674418987,584.9749499409139,570.350576192391,580.1001586914062,4600,0.0,0.0
2017-06-02 00:00:00+09:00,584.9749499409139,584.9749499409139,575.2253674418987,580.1001586914062,3600,0.0,0.0
2017-06-05 00:00:00+09:00,575.2253326416015,584.9749145507812,575.2253326416015,584.9749145507812,5800,0.0,0.0
2017-06-06 00:00:00+09:00,580.1001686030983,580.1001686030983,570.3505859375,570.3505859375,4800,0.0,0.0
2017-06-07 00:00:00+09:00,570.3505601554081,570.3505601554081,565.4757690429688,565.4757690429688,1200,0.0,0.0
2017-06-08 00:00:00+09:00,570.350550764698,575.225341796875,570.350550764698,575.225341796875,1200,0.0,0.0
2017-06-09 00:00:00+09:00,570.3505859375,570.3505859375,565.4757946047009,570.3505859375,1600,0.0,0.0
2017-06-12 00:00:00+09:00,570.3505601554081,570.3505601554081,560.6009779305293,565.4757690429688,3200,0.0,0.0
2017-06-13 00:00:00+09:00,570.3505601554081,570.3505601554081,560.6009779305293,565.4757690429688,1600,0.0,0.0
2017-06-14 00:00:00+09:00,565.4757946047009,570.3505859375,565.4757946047009,570.3505859375,1400,0.0,0.0
2017-06-15 00:00:00+09:00,565.4757690429688,565.4757690429688,565.4757690429688,565.4757690429688,200,0.0,0.0
2017-06-16 00:00:00+09:00,570.3505859375,570.3505859375,570.3505859375,570.3505859375,400,0.0,0.0
2017-06-19 00:00:00+09:00,570.3505601554081,570.3505601554081,565.4757690429688,565.4757690429688,3200,0.0,0.0
2017-06-20 00:00:00+09:00,570.350550764698,584.9749238612288,570.350550764698,575.225341796875,7000,0.0,0.0
2017-06-21 00:00:00+09:00,570.350550764698,580.1001328290519,570.350550764698,575.225341796875,6600,0.0,0.0
2017-06-22 00:00:00+09:00,580.1001586914062,580.1001586914062,575.2253674418987,580.1001586914062,2600,0.0,0.0
2017-06-23 00:00:00+09:00,580.1001235961915,594.724496459961,580.1001235961915,584.9749145507812,13200,0.0,0.0
2017-06-26 00:00:00+09:00,584.9749599358975,594.7245426014957,555.7262119391025,570.3505859375,25600,0.0,0.0
2017-06-27 00:00:00+09:00,570.350576192391,580.1001586914062,570.350576192391,580.1001586914062,3400,0.0,0.0
2017-06-28 00:00:00+09:00,580.1001586914062,580.1001586914062,570.350576192391,580.1001586914062,3600,0.0,0.0
2017-06-29 00:00:00+09:00,580.1001586914062,580.1001586914062,570.350576192391,580.1001586914062,4400,0.0,0.0
2017-06-30 00:00:00+09:00,580.1001235961915,584.9749145507812,570.3505416870117,584.9749145507812,3200,0.0,0.0
2017-07-03 00:00:00+09:00,584.9749145507812,594.724496459961,580.1001235961915,584.9749145507812,11200,0.0,0.0
2017-07-04 00:00:00+09:00,589.8497220171176,619.098468563421,589.8497220171176,599.5993041992188,46000,0.0,0.0
2017-07-05 00:00:00+09:00,604.47412109375,619.0984949911795,599.5993297946069,604.47412109375,16600,0.0,0.0
2017-07-06 00:00:00+09:00,604.4741310995133,609.3489224793481,594.7245483398438,594.7245483398438,14400,0.0,0.0
2017-07-07 00:00:00+09:00,614.2237079326924,623.9732905982906,570.3505859375,570.3505859375,74400,0.0,0.0
2017-07-10 00:00:00+09:00,575.2253326416015,584.9749145507812,570.3505416870117,584.9749145507812,20200,0.0,0.0
2017-07-11 00:00:00+09:00,584.974940276343,589.8497314453125,584.974940276343,589.8497314453125,6800,0.0,0.0
2017-07-12 00:00:00+09:00,609.3489224793481,682.4707931768698,589.8497569600089,594.7245483398438,320800,0.0,0.0
2017-07-13 00:00:00+09:00,594.7245483398438,599.5993397196785,589.8497569600089,594.7245483398438,16600,0.0,0.0
2017-07-14 00:00:00+09:00,594.7245131081681,599.5993041992188,594.7245131081681,599.5993041992188,7000,0.0,0.0
2017-07-17 00:00:00+09:00,599.5993041992188,599.5993041992188,599.5993041992188,599.5993041992188,0,0.0,0.0
2017-07-18 00:00:00+09:00,599.5993397196785,599.5993397196785,589.8497569600089,594.7245483398438,12800,0.0,0.0
2017-07-19 00:00:00+09:00,594.72450390625,619.098458984375,589.849712890625,609.348876953125,55200,0.0,0.0
2017-07-20 00:00:00+09:00,609.3488931655884,643.4724311828613,604.4741020202637,623.9732666015625,115200,0.0,0.0
2017-07-21 00:00:00+09:00,623.9732762896825,628.8480675106957,614.2236938476562,614.2236938476562,35600,0.0,0.0
2017-07-24 00:00:00+09:00,614.2236938476562,619.0984850686694,609.3489026266432,614.2236938476562,8400,0.0,0.0
2017-07-25 00:00:00+09:00,609.348876953125,619.098458984375,599.5992949218751,609.348876953125,22400,0.0,0.0
2017-07-26 00:00:00+09:00,614.2236938476562,628.8480675106957,614.2236938476562,614.2236938476562,17800,0.0,0.0
2017-07-27 00:00:00+09:00,619.0984754562378,633.7228488922119,614.2236843109131,623.9732666015625,16200,0.0,0.0
2017-07-28 00:00:00+09:00,628.8480675106957,628.8480675106957,604.47411140563,614.2236938476562,24600,0.0,0.0
2017-07-31 00:00:00+09:00,619.098458984375,619.098458984375,609.348876953125,609.348876953125,7600,0.0,0.0
2017-08-01 00:00:00+09:00,614.2237036920363,619.0984949911795,599.5993297946069,604.47412109375,13200,0.0,0.0
2017-08-02 00:00:00+09:00,604.4740952902692,609.3488863813199,599.5993041992188,599.5993041992188,6200,0.0,0.0
2017-08-03 00:00:00+09:00,604.4740859375,609.348876953125,604.4740859375,609.348876953125,8200,0.0,0.0
2017-08-04 00:00:00+09:00,604.4740859375,614.22366796875,604.4740859375,609.348876953125,5800,0.0,0.0
2017-08-07 00:00:00+09:00,614.2237193190207,623.9733021653543,614.2237193190207,619.0985107421875,5800,0.0,0.0
2017-08-08 00:00:00+09:00,619.0984754562378,623.9732666015625,619.0984754562378,623.9732666015625,2400,0.0,0.0
2017-08-09 00:00:00+09:00,623.9733021653543,623.9733021653543,614.2237193190207,619.0985107421875,7600,0.0,0.0
2017-08-10 00:00:00+09:00,614.22366796875,614.22366796875,604.4740859375,609.348876953125,7200,0.0,0.0
2017-08-11 00:00:00+09:00,609.348876953125,609.348876953125,609.348876953125,609.348876953125,0,0.0,0.0
2017-08-14 00:00:00+09:00,589.8497314453125,594.724522614282,570.3505667694344,589.8497314453125,21400,0.0,0.0
2017-08-15 00:00:00+09:00,594.7245483398438,599.5993397196785,584.9749655801742,594.7245483398438,6000,0.0,0.0
2017-08-16 00:00:00+09:00,594.7245384954638,604.47412109375,594.7245384954638,604.47412109375,5000,0.0,0.0
2017-08-17 00:00:00+09:00,599.5993297946069,604.47412109375,599.5993297946069,604.47412109375,1800,0.0,0.0
2017-08-18 00:00:00+09:00,599.5993041992188,604.4740952902692,599.5993041992188,599.5993041992188,2000,0.0,0.0
2017-08-21 00:00:00+09:00,599.5993041992188,604.4740952902692,599.5993041992188,599.5993041992188,2200,0.0,0.0
2017-08-22 00:00:00+09:00,604.4741310995133,604.4741310995133,594.7245483398438,594.7245483398438,6200,0.0,0.0
2017-08-23 00:00:00+09:00,594.724522614282,594.724522614282,584.974940276343,589.8497314453125,9000,0.0,0.0
2017-08-24 00:00:00+09:00,584.974940276343,589.8497314453125,584.974940276343,589.8497314453125,6800,0.0,0.0
2017-08-25 00:00:00+09:00,584.974940276343,589.8497314453125,580.1001491073735,589.8497314453125,4800,0.0,0.0
2017-08-28 00:00:00+09:00,575.2253772702992,580.1001686030983,570.3505859375,570.3505859375,29800,0.0,0.0
2017-08-29 00:00:00+09:00,570.3505596310357,580.1001418469508,565.4757685230782,572.3004760742188,3500,0.0,0.2
2017-08-30 00:00:00+09:00,572.3005024706197,574.2504190037394,561.5759615384616,570.3505859375,3400,0.0,0.0
2017-08-31 00:00:00+09:00,569.3756103515625,569.3756103515625,563.5258609301424,569.3756103515625,3500,0.0,0.0
2017-09-01 00:00:00+09:00,565.4757946047009,572.3005024706197,565.4757946047009,570.3505859375,900,0.0,0.0
2017-09-04 00:00:00+09:00,564.5008371742539,570.3505867822772,558.6510875662306,563.52587890625,4100,0.0,0.0
2017-09-05 00:00:00+09:00,555.7262136055166,565.4757963003502,545.976630910683,556.701171875,8300,0.0,0.0
2017-09-06 00:00:00+09:00,554.7512118466251,557.6760864257812,549.8764208813648,557.6760864257812,1400,0.0,0.0
2017-09-07 00:00:00+09:00,553.7762888213734,563.5258713710455,552.8013305664062,552.8013305664062,2500,0.0,0.0
2017-09-08 00:00:00+09:00,551.8263723114391,558.6510800962095,551.8263723114391,552.8013305664062,1200,0.0,0.0
2017-09-11 00:00:00+09:00,552.8013215717517,557.6761127672697,550.8514050935444,555.7261962890625,1300,0.0,0.0
2017-09-12 00:00:00+09:00,555.726178487142,565.4757605658637,551.8263456556532,561.575927734375,7700,0.0,0.0
2017-09-13 00:00:00+09:00,560.6009779305293,577.1752677128233,560.6009779305293,565.4757690429688,13200,0.0,0.0
2017-09-14 00:00:00+09:00,573.2754348228717,576.2003094903354,561.5759361530172,565.4757690429688,25400,0.0,0.0
2017-09-15 00:00:00+09:00,575.2253689002663,575.2253689002663,562.550911619413,566.4507446289062,5600,0.0,0.0
2017-09-18 00:00:00+09:00,566.4507446289062,566.4507446289062,566.4507446289062,566.4507446289062,0,0.0,0.0
2017-09-19 00:00:00+09:00,569.3756358433255,575.2253855266474,555.7262199155746,574.2504272460938,12800,0.0,0.0
2017-09-20 00:00:00+09:00,566.4507520521009,577.17529296875,566.4507520521009,577.17529296875,3000,0.0,0.0
2017-09-21 00:00:00+09:00,572.3004844394432,576.2003173828125,562.55090208102,576.2003173828125,4400,0.0,0.0
2017-09-22 00:00:00+09:00,576.2003338898163,591.7996661101836,576.2003338898163,584.0,9900,0.0,0.0
2017-09-25 00:00:00+09:00,583.9999991942553,590.82470703125,583.9999991942553,590.82470703125,2100,0.0,0.0
2017-09-26 00:00:00+09:00,590.824699440323,590.824699440323,580.1001586914062,580.1001586914062,1700,0.0,0.0
2017-09-27 00:00:00+09:00,588.8747815161895,598.624363991623,582.050073783386,593.7495727539062,7900,0.0,0.0
2017-09-28 00:00:00+09:00,595.6995157810569,597.6494323629917,589.8497660352527,591.7996826171875,2300,0.0,0.0
2017-09-29 00:00:00+09:00,592.7746055453432,599.599313174977,591.7996473125384,596.6744384765625,5800,0.0,0.0
2017-10-02 00:00:00+09:00,596.6744631253756,608.3739624023438,596.6744631253756,608.3739624023438,8500,0.0,0.0
2017-10-03 00:00:00+09:00,609.3489123928931,614.2237036920363,604.47412109375,604.47412109375,10100,0.0,0.0
2017-10-04 00:00:00+09:00,604.4741037396507,611.2988113625177,603.4991455078125,603.4991455078125,3400,0.0,0.0
2017-10-05 00:00:00+09:00,604.4741037396507,609.3488948988414,603.4991455078125,603.4991455078125,3700,0.0,0.0
2017-10-06 00:00:00+09:00,602.5242136456012,604.4741301946161,591.7996726260193,601.5492553710938,10600,0.0,0.0
2017-10-09 00:00:00+09:00,601.5492553710938,601.5492553710938,601.5492553710938,601.5492553710938,0,0.0,0.0
2017-10-10 00:00:00+09:00,592.7745886796357,598.6243379100268,580.1001320137883,588.874755859375,5700,0.0,0.0
2017-10-11 00:00:00+09:00,588.8747913188648,592.7746243739566,583.0250417362271,584.0,2500,0.0,0.0
2017-10-12 00:00:00+09:00,583.999982042549,589.8497314453125,583.999982042549,589.8497314453125,3000,0.0,0.0
2017-10-13 00:00:00+09:00,560.6009600737444,581.0750820938291,560.6009600737444,578.1502075195312,12300,0.0,0.0
2017-10-16 00:00:00+09:00,576.2003428823996,582.0500925563326,572.3005097664443,581.0751342773438,800,0.0,0.0
2017-10-17 00:00:00+09:00,583.0250334411108,583.9999916910124,566.4507431927849,580.1001586914062,4600,0.0,0.0
2017-10-18 00:00:00+09:00,581.0751342773438,582.0500925563326,574.2504263244219,581.0751342773438,1000,0.0,0.0
2017-10-19 00:00:00+09:00,574.2503747538009,588.8747476252898,574.2503747538009,578.1502075195312,7900,0.0,0.0
2017-10-20 00:00:00+09:00,578.1502075195312,578.1502075195312,578.1502075195312,578.1502075195312,0,0.0,0.0
2017-10-23 00:00:00+09:00,582.0500744791126,586.9248657226562,582.0500744791126,586.9248657226562,800,0.0,0.0
2017-10-24 00:00:00+09:00,583.0250579984813,601.5492655268611,583.0250579984813,591.7996826171875,11900,0.0,0.0
2017-10-25 00:00:00+09:00,595.699488553134,602.5241962779652,594.7245303067294,600.5742797851562,6700,0.0,0.0
2017-10-26 00:00:00+09:00,592.7746061466943,599.5993137832515,589.8497314453125,589.8497314453125,2400,0.0,0.0
2017-10-27 00:00:00+09:00,589.8497479735929,597.6494140625,589.8497479735929,597.6494140625,11300,0.0,0.0
2017-10-30 00:00:00+09:00,592.7746055453432,598.6243549421722,590.8246890797335,596.6744384765625,3300,0.0,0.0
2017-10-31 00:00:00+09:00,586.9248830311334,593.7495909733559,586.9248830311334,587.8998413085938,2000,0.0,0.0
2017-11-01 00:00:00+09:00,593.7495643804881,593.7495643804881,585.9498985101369,589.8497314453125,3200,0.0,0.0
2017-11-02 00:00:00+09:00,589.8497314453125,589.8497314453125,589.8497314453125,589.8497314453125,0,0.0,0.0
2017-11-03 00:00:00+09:00,589.8497314453125,589.8497314453125,589.8497314453125,589.8497314453125,0,0.0,0.0
2017-11-06 00:00:00+09:00,589.8497397637328,594.7245310014496,589.8497397637328,593.7495727539062,2400,0.0,0.0
2017-11-07 00:00:00+09:00,593.7495727539062,593.7495727539062,593.7495727539062,593.7495727539062,0,0.0,0.0
2017-11-08 00:00:00+09:00,589.8497136642031,595.699462890625,589.8497136642031,595.699462890625,3300,0.0,0.0
2017-11-09 00:00:00+09:00,595.699462890625,595.699462890625,587.8997972553958,595.699462890625,1000,0.0,0.0
2017-11-10 00:00:00+09:00,595.699462890625,595.699462890625,595.699462890625,595.699462890625,0,0.0,0.0
2017-11-13 00:00:00+09:00,588.874798684042,594.7245483398438,588.874798684042,594.7245483398438,1800,0.0,0.0
2017-11-14 00:00:00+09:00,594.7245483398438,594.7245483398438,594.7245483398438,594.7245483398438,0,0.0,0.0
2017-11-15 00:00:00+09:00,584.0,584.0,573.2754590984974,584.0,1300,0.0,0.0
2017-11-16 00:00:00+09:00,584.0,584.0,584.0,584.0,0,0.0,0.0
2017-11-17 00:00:00+09:00,574.2503930453596,582.0500588252627,560.6009779305293,565.4757690429688,19600,0.0,0.0
2017-11-20 00:00:00+09:00,565.4757954422578,573.2754615862889,563.52587890625,563.52587890625,65000,0.0,0.0
2017-11-21 00:00:00+09:00,562.5508943755051,574.2503930453596,562.5508943755051,565.4757690429688,47500,0.0,0.0
2017-11-22 00:00:00+09:00,571.3255178526272,576.2003089605848,566.4507267446696,572.3004760742188,1100,0.0,0.0
2017-11-23 00:00:00+09:00,572.3004760742188,572.3004760742188,572.3004760742188,572.3004760742188,0,0.0,0.0
2017-11-24 00:00:00+09:00,575.2253681624017,576.2003264135244,565.4757856511745,573.2754516601562,3000,0.0,0.0
2017-11-27 00:00:00+09:00,573.2754516601562,573.2754516601562,573.2754516601562,573.2754516601562,300,0.0,0.0
2017-11-28 00:00:00+09:00,572.3004589970247,572.3004589970247,564.5007934570312,564.5007934570312,2100,0.0,0.0
2017-11-29 00:00:00+09:00,573.2754680454331,581.0751342773438,573.2754680454331,581.0751342773438,500,0.0,0.0
2017-11-30 00:00:00+09:00,572.3004583709356,582.0500402852616,570.3505419880705,578.1502075195312,3200,0.0,0.0
2017-12-01 00:00:00+09:00,578.1502075195312,578.1502075195312,578.1502075195312,578.1502075195312,0,0.0,0.0
2017-12-04 00:00:00+09:00,578.1502075195312,578.1502075195312,578.1502075195312,578.1502075195312,0,0.0,0.0
2017-12-05 00:00:00+09:00,568.4006604045427,577.1752846646472,567.4257021534199,573.2754516601562,5600,0.0,0.0
2017-12-06 00:00:00+09:00,573.2754531488187,577.1752861634365,556.7011628366929,559.6260375976562,9500,0.0,0.0
2017-12-07 00:00:00+09:00,567.4257119782656,577.1752946583046,560.6010041022383,563.52587890625,2400,0.0,0.0
2017-12-08 00:00:00+09:00,564.5008463187839,571.3255543053668,555.726221764606,560.6010131835938,6500,0.0,0.0
2017-12-11 00:00:00+09:00,559.6260548997961,569.3756377377717,558.6510966159987,560.6010131835938,5400,0.0,0.0
2017-12-12 00:00:00+09:00,560.6010049529334,563.5258797613835,555.7262136055166,556.701171875,8600,0.0,0.0
2017-12-13 00:00:00+09:00,560.6010131835938,563.5258880349865,560.6010131835938,560.6010131835938,1300,0.0,0.0
2017-12-14 00:00:00+09:00,560.6010131835938,560.6010131835938,560.6010131835938,560.6010131835938,0,0.0,0.0
2017-12-15 00:00:00+09:00,556.7011282327292,563.5258355840937,555.7261700396771,557.6760864257812,7200,0.0,0.0
2017-12-18 00:00:00+09:00,557.676138332201,561.5759714673914,555.726221764606,560.6010131835938,8900,0.0,0.0
2017-12-19 00:00:00+09:00,556.701136695014,562.5508859422472,556.701136695014,561.575927734375,4700,0.0,0.0
2017-12-20 00:00:00+09:00,556.7011279170378,564.5007934570312,555.7261697245385,564.5007934570312,5700,0.0,0.0
2017-12-21 00:00:00+09:00,564.5007934570312,564.5007934570312,564.5007934570312,564.5007934570312,0,0.0,0.0
2017-12-22 00:00:00+09:00,561.5759269067796,581.0750910354873,561.5759269067796,575.225341796875,14300,0.0,0.0
2017-12-25 00:00:00+09:00,575.2253502226037,579.1251831054688,566.4507262361572,579.1251831054688,7800,0.0,0.0
2017-12-26 00:00:00+09:00,582.0500818846859,603.4991636291802,575.2253740568923,597.6494140625,28400,0.0,0.0
2017-12-27 00:00:00+09:00,587.899814381319,597.6493967093674,583.0250232172948,596.6744384765625,6300,0.0,0.0
2017-12-28 00:00:00+09:00,596.6744305551945,596.6744305551945,585.9498901367188,585.9498901367188,1800,0.0,0.0
2017-12-29 00:00:00+09:00,595.6994899610348,602.524197701996,586.9248657226562,586.9248657226562,11900,0.0,0.0
2018-01-01 00:00:00+09:00,586.9248657226562,586.9248657226562,586.9248657226562,586.9248657226562,0,0.0,0.0
2018-01-02 00:00:00+09:00,586.9248657226562,586.9248657226562,586.9248657226562,586.9248657226562,0,0.0,0.0
2018-01-03 00:00:00+09:00,586.9248657226562,586.9248657226562,586.9248657226562,586.9248657226562,0,0.0,0.0
2018-01-04 00:00:00+09:00,587.8997891235351,593.749538269043,584.9749145507812,584.9749145507812,6000,0.0,0.0
2018-01-05 00:00:00+09:00,584.9749230391142,589.8497140644401,562.5508843226148,588.874755859375,14000,0.0,0.0
2018-01-08 00:00:00+09:00,588.874755859375,588.874755859375,588.874755859375,588.874755859375,0,0.0,0.0
2018-01-09 00:00:00+09:00,579.1252168114505,588.8747995860541,579.1252168114505,587.8998413085938,4200,0.0,0.0
2018-01-10 00:00:00+09:00,583.9999826488686,587.8998155880931,583.0250244140625,583.0250244140625,3000,0.0,0.0
2018-01-11 00:00:00+09:00,583.0250409318276,602.5242061803837,581.0751244069719,590.82470703125,12600,0.0,0.0
2018-01-12 00:00:00+09:00,599.5992957082395,603.4991285258541,595.699462890625,595.699462890625,12200,0.0,0.0
2018-01-15 00:00:00+09:00,605.4490535084794,608.3739281631098,597.6493877627985,599.5993041992188,5100,0.0,0.0
2018-01-16 00:00:00+09:00,601.5492284610249,610.3238525390625,601.5492284610249,610.3238525390625,5400,0.0,0.0
2018-01-17 00:00:00+09:00,610.3238525390625,610.3238525390625,610.3238525390625,610.3238525390625,0,0.0,0.0
2018-01-18 00:00:00+09:00,608.3739271785572,624.9482168613064,601.5492196621311,613.2487182617188,10200,0.0,0.0
2018-01-19 00:00:00+09:00,614.2237111619082,623.9732938787639,614.2237111619082,615.1986694335938,8300,0.0,0.0
2018-01-22 00:00:00+09:00,620.0734599242016,624.948251275807,614.2237103022752,622.0233764648438,26700,0.0,0.0
2018-01-23 00:00:00+09:00,623.9732749417702,630.7979826364458,621.0484002154807,627.8731079101562,3700,0.0,0.0
2018-01-24 00:00:00+09:00,623.9732666015625,629.8230159759522,622.9983083724976,623.9732666015625,7400,0.0,0.0
2018-01-25 00:00:00+09:00,628.8480492357938,628.8480492357938,617.1485506453604,620.0734252929688,9500,0.0,0.0
2018-01-26 00:00:00+09:00,620.0734509067862,628.848075212071,620.0734509067862,624.9482421875,4300,0.0,0.0
2018-01-29 00:00:00+09:00,632.7478991206389,632.7478991206389,622.9983166996736,627.8731079101562,8100,0.0,0.0
2018-01-30 00:00:00+09:00,624.9482331838667,630.7979826364458,618.1235254891911,627.8731079101562,9000,0.0,0.0
2018-01-31 00:00:00+09:00,627.8731269655061,627.8731269655061,605.4490867167381,615.1986694335938,22700,0.0,0.0
2018-02-01 00:00:00+09:00,614.223702126873,619.0984934135943,606.4240360681191,618.12353515625,10100,0.0,0.0
2018-02-02 00:00:00+09:00,618.12353515625,618.12353515625,618.12353515625,618.12353515625,0,0.0,0.0
2018-02-05 00:00:00+09:00,607.3989694478811,607.3989694478811,602.5241783608194,606.4240112304688,3100,0.0,0.0
2018-02-06 00:00:00+09:00,601.5492582555529,601.5492582555529,508.92822173322304,515.7529296875,193400,0.0,0.0
2018-02-07 00:00:00+09:00,535.2520765643253,554.7512414664866,520.6277028877045,521.6026611328125,49800,0.0,0.0
2018-02-08 00:00:00+09:00,531.3522594105114,541.1018421519886,522.5776349431818,536.22705078125,9200,0.0,0.0
2018-02-09 00:00:00+09:00,526.4774339216469,538.176932453239,523.5525592887489,534.277099609375,8300,0.0,0.0
2018-02-12 00:00:00+09:00,534.277099609375,534.277099609375,534.277099609375,534.277099609375,0,0.0,0.0
2018-02-13 00:00:00+09:00,564.5008296260128,566.4507461359472,545.0016645266686,552.8013305664062,2200,0.0,0.0
2018-02-14 00:00:00+09:00,552.8013305664062,552.8013305664062,552.8013305664062,552.8013305664062,0,0.0,0.0
2018-02-15 00:00:00+09:00,565.4757513365241,573.2754168722003,565.4757513365241,571.3255004882812,3400,0.0,0.0
2018-02-16 00:00:00+09:00,571.3255004882812,571.3255004882812,571.3255004882812,571.3255004882812,0,0.0,0.0
2018-02-19 00:00:00+09:00,563.5258870862194,572.3005116256242,563.5258870862194,567.4257202148438,4200,0.0,0.0
2018-02-20 00:00:00+09:00,583.0250341713834,583.0250341713834,571.3255351579108,573.2754516601562,6300,0.0,0.0
2018-02-21 00:00:00+09:00,582.0500492419227,582.0500492419227,566.4507179389566,575.225341796875,14700,0.0,0.0
2018-02-22 00:00:00+09:00,574.2504263244219,581.0751342773438,566.4507600925112,581.0751342773438,3700,0.0,0.0
2018-02-23 00:00:00+09:00,579.1252086811352,585.949916527546,579.1252086811352,584.0,7700,0.0,0.0
2018-02-26 00:00:00+09:00,575.0,586.0,565.0,580.0,7200,15.0,0.0
2018-02-27 00:00:00+09:00,576.0,576.0,569.0,575.0,2900,0.0,0.0
2018-02-28 00:00:00+09:00,575.0,575.0,575.0,575.0,0,0.0,0.0
2018-03-01 00:00:00+09:00,575.0,575.0,557.0,565.0,2600,0.0,0.0
2018-03-02 00:00:00+09:00,564.0,564.0,551.0,564.0,6500,0.0,0.0
2018-03-05 00:00:00+09:00,552.0,560.0,552.0,560.0,1500,0.0,0.0
2018-03-06 00:00:00+09:00,560.0,560.0,560.0,560.0,0,0.0,0.0
2018-03-07 00:00:00+09:00,555.0,561.0,553.0,561.0,700,0.0,0.0
2018-03-08 00:00:00+09:00,558.0,565.0,554.0,558.0,3700,0.0,0.0
2018-03-09 00:00:00+09:00,564.0,565.0,560.0,564.0,2100,0.0,0.0
2018-03-12 00:00:00+09:00,565.0,573.0,565.0,569.0,2400,0.0,0.0
2018-03-13 00:00:00+09:00,569.0,569.0,569.0,569.0,0,0.0,0.0
2018-03-14 00:00:00+09:00,565.0,568.0,561.0,561.0,900,0.0,0.0
2018-03-15 00:00:00+09:00,567.0,567.0,557.0,557.0,2500,0.0,0.0
2018-03-16 00:00:00+09:00,557.0,557.0,557.0,557.0,0,0.0,0.0
2018-03-19 00:00:00+09:00,553.0,559.0,553.0,559.0,900,0.0,0.0
2018-03-20 00:00:00+09:00,559.0,559.0,559.0,559.0,0,0.0,0.0
2018-03-21 00:00:00+09:00,559.0,559.0,559.0,559.0,0,0.0,0.0
2018-03-22 00:00:00+09:00,557.0,557.0,547.0,548.0,800,0.0,0.0
2018-03-23 00:00:00+09:00,550.0,554.0,543.0,543.0,3900,0.0,0.0
2018-03-26 00:00:00+09:00,544.0,550.0,542.0,546.0,1400,0.0,0.0
2018-03-27 00:00:00+09:00,548.0,550.0,545.0,550.0,1400,0.0,0.0
2018-03-28 00:00:00+09:00,550.0,550.0,550.0,550.0,0,0.0,0.0
2018-03-29 00:00:00+09:00,556.0,560.0,555.0,556.0,1400,0.0,0.0
2018-03-30 00:00:00+09:00,556.0,556.0,556.0,556.0,0,0.0,0.0
2018-04-02 00:00:00+09:00,558.0,565.0,558.0,561.0,1000,0.0,0.0
2018-04-03 00:00:00+09:00,561.0,561.0,561.0,561.0,0,0.0,0.0
2018-04-04 00:00:00+09:00,558.0,566.0,558.0,566.0,1300,0.0,0.0
2018-04-05 00:00:00+09:00,566.0,566.0,560.0,562.0,700,0.0,0.0
2018-04-06 00:00:00+09:00,562.0,566.0,562.0,566.0,900,0.0,0.0
2018-04-09 00:00:00+09:00,576.0,576.0,543.0,545.0,6100,0.0,0.0
2018-04-10 00:00:00+09:00,545.0,545.0,545.0,545.0,0,0.0,0.0
2018-04-11 00:00:00+09:00,549.0,549.0,544.0,544.0,8100,0.0,0.0
2018-04-12 00:00:00+09:00,550.0,550.0,535.0,547.0,5200,0.0,0.0
2018-04-13 00:00:00+09:00,557.0,563.0,553.0,556.0,3700,0.0,0.0
2018-04-16 00:00:00+09:00,564.0,564.0,549.0,551.0,1000,0.0,0.0
2018-04-17 00:00:00+09:00,551.0,551.0,551.0,551.0,0,0.0,0.0
2018-04-18 00:00:00+09:00,542.0,555.0,542.0,550.0,1700,0.0,0.0
2018-04-19 00:00:00+09:00,552.0,554.0,550.0,550.0,800,0.0,0.0
2018-04-20 00:00:00+09:00,554.0,554.0,551.0,551.0,200,0.0,0.0
2018-04-23 00:00:00+09:00,551.0,551.0,551.0,551.0,0,0.0,0.0
2018-04-24 00:00:00+09:00,558.0,560.0,558.0,558.0,1400,0.0,0.0
2018-04-25 00:00:00+09:00,552.0,559.0,552.0,558.0,500,0.0,0.0
2018-04-26 00:00:00+09:00,548.0,557.0,548.0,554.0,2500,0.0,0.0
2018-04-27 00:00:00+09:00,550.0,560.0,550.0,560.0,2000,0.0,0.0
2018-04-30 00:00:00+09:00,560.0,560.0,560.0,560.0,0,0.0,0.0
2018-05-01 00:00:00+09:00,560.0,560.0,560.0,560.0,0,0.0,0.0
2018-05-02 00:00:00+09:00,560.0,560.0,560.0,560.0,0,0.0,0.0
2018-05-03 00:00:00+09:00,560.0,560.0,560.0,560.0,0,0.0,0.0
2018-05-04 00:00:00+09:00,560.0,560.0,560.0,560.0,0,0.0,0.0
2018-05-07 00:00:00+09:00,568.0,568.0,556.0,565.0,2400,0.0,0.0
2018-05-08 00:00:00+09:00,568.0,569.0,559.0,564.0,3100,0.0,0.0
2018-05-09 00:00:00+09:00,566.0,571.0,556.0,569.0,6300,0.0,0.0
2018-05-10 00:00:00+09:00,563.0,571.0,549.0,560.0,5600,0.0,0.0
2018-05-11 00:00:00+09:00,567.0,567.0,552.0,560.0,3800,0.0,0.0
2018-05-14 00:00:00+09:00,560.0,560.0,560.0,560.0,0,0.0,0.0
2018-05-15 00:00:00+09:00,560.0,563.0,560.0,563.0,300,0.0,0.0
2018-05-16 00:00:00+09:00,560.0,563.0,560.0,562.0,300,0.0,0.0
2018-05-17 00:00:00+09:00,562.0,562.0,562.0,562.0,0,0.0,0.0
2018-05-18 00:00:00+09:00,562.0,562.0,562.0,562.0,0,0.0,0.0
2018-05-21 00:00:00+09:00,562.0,564.0,555.0,564.0,2300,0.0,0.0
2018-05-22 00:00:00+09:00,564.0,564.0,564.0,564.0,0,0.0,0.0
2018-05-23 00:00:00+09:00,563.0,563.0,554.0,555.0,2700,0.0,0.0
2018-05-24 00:00:00+09:00,560.0,560.0,551.0,557.0,2200,0.0,0.0
2018-05-25 00:00:00+09:00,556.0,562.0,556.0,561.0,1300,0.0,0.0
2018-05-28 00:00:00+09:00,561.0,561.0,561.0,561.0,0,0.0,0.0
2018-05-29 00:00:00+09:00,565.0,565.0,555.0,555.0,1300,0.0,0.0
2018-05-30 00:00:00+09:00,541.0,551.0,541.0,548.0,4300,0.0,0.0
2018-05-31 00:00:00+09:00,548.0,551.0,548.0,551.0,1300,0.0,0.0
2018-06-01 00:00:00+09:00,551.0,551.0,551.0,551.0,0,0.0,0.0
2018-06-04 00:00:00+09:00,551.0,551.0,551.0,551.0,0,0.0,0.0
2018-06-05 00:00:00+09:00,552.0,555.0,551.0,551.0,800,0.0,0.0
2018-06-06 00:00:00+09:00,554.0,554.0,550.0,553.0,2100,0.0,0.0
2018-06-07 00:00:00+09:00,550.0,554.0,550.0,554.0,400,0.0,0.0
2018-06-08 00:00:00+09:00,554.0,554.0,554.0,554.0,400,0.0,0.0
2018-06-11 00:00:00+09:00,554.0,554.0,552.0,554.0,400,0.0,0.0
2018-06-12 00:00:00+09:00,548.0,557.0,548.0,553.0,2500,0.0,0.0
2018-06-13 00:00:00+09:00,553.0,553.0,553.0,553.0,0,0.0,0.0
2018-06-14 00:00:00+09:00,560.0,564.0,555.0,558.0,1100,0.0,0.0
2018-06-15 00:00:00+09:00,563.0,563.0,552.0,552.0,3500,0.0,0.0
2018-06-18 00:00:00+09:00,549.0,551.0,543.0,548.0,1800,0.0,0.0
2018-06-19 00:00:00+09:00,546.0,549.0,541.0,541.0,2200,0.0,0.0
2018-06-20 00:00:00+09:00,541.0,541.0,541.0,541.0,0,0.0,0.0
2018-06-21 00:00:00+09:00,550.0,550.0,541.0,549.0,2200,0.0,0.0
2018-06-22 00:00:00+09:00,541.0,548.0,541.0,541.0,1400,0.0,0.0
2018-06-25 00:00:00+09:00,541.0,545.0,541.0,543.0,20000,0.0,0.0
2018-06-26 00:00:00+09:00,543.0,543.0,543.0,543.0,0,0.0,0.0
2018-06-27 00:00:00+09:00,543.0,550.0,541.0,546.0,1100,0.0,0.0
2018-06-28 00:00:00+09:00,553.0,554.0,541.0,552.0,4100,0.0,0.0
2018-06-29 00:00:00+09:00,552.0,554.0,547.0,552.0,2900,0.0,0.0
2018-07-02 00:00:00+09:00,552.0,554.0,545.0,545.0,800,0.0,0.0
2018-07-03 00:00:00+09:00,553.0,553.0,548.0,548.0,1000,0.0,0.0
2018-07-04 00:00:00+09:00,548.0,548.0,548.0,548.0,0,0.0,0.0
2018-07-05 00:00:00+09:00,553.0,553.0,547.0,552.0,2300,0.0,0.0
2018-07-06 00:00:00+09:00,553.0,553.0,546.0,552.0,500,0.0,0.0
2018-07-09 00:00:00+09:00,544.0,552.0,544.0,546.0,1100,0.0,0.0
2018-07-10 00:00:00+09:00,550.0,555.0,550.0,555.0,1100,0.0,0.0
2018-07-11 00:00:00+09:00,550.0,555.0,544.0,549.0,2500,0.0,0.0
2018-07-12 00:00:00+09:00,542.0,550.0,540.0,546.0,2300,0.0,0.0
2018-07-13 00:00:00+09:00,565.0,565.0,552.0,552.0,9000,0.0,0.0
2018-07-16 00:00:00+09:00,552.0,552.0,552.0,552.0,0,0.0,0.0
2018-07-17 00:00:00+09:00,550.0,555.0,542.0,542.0,2800,0.0,0.0
2018-07-18 00:00:00+09:00,543.0,549.0,543.0,549.0,500,0.0,0.0
2018-07-19 00:00:00+09:00,550.0,554.0,545.0,550.0,1400,0.0,0.0
2018-07-20 00:00:00+09:00,550.0,552.0,543.0,549.0,2200,0.0,0.0
2018-07-23 00:00:00+09:00,552.0,552.0,549.0,549.0,1200,0.0,0.0
2018-07-24 00:00:00+09:00,549.0,549.0,549.0,549.0,0,0.0,0.0
2018-07-25 00:00:00+09:00,550.0,553.0,546.0,553.0,1400,0.0,0.0
2018-07-26 00:00:00+09:00,553.0,553.0,553.0,553.0,0,0.0,0.0
2018-07-27 00:00:00+09:00,550.0,553.0,550.0,553.0,1200,0.0,0.0
2018-07-30 00:00:00+09:00,553.0,554.0,544.0,550.0,3800,0.0,0.0
2018-07-31 00:00:00+09:00,550.0,550.0,550.0,550.0,0,0.0,0.0
2018-08-01 00:00:00+09:00,550.0,550.0,550.0,550.0,0,0.0,0.0
2018-08-02 00:00:00+09:00,553.0,556.0,550.0,556.0,2000,0.0,0.0
2018-08-03 00:00:00+09:00,556.0,557.0,549.0,555.0,700,0.0,0.0
2018-08-06 00:00:00+09:00,545.0,557.0,545.0,550.0,6200,0.0,0.0
2018-08-07 00:00:00+09:00,550.0,550.0,550.0,550.0,0,0.0,0.0
2018-08-08 00:00:00+09:00,556.0,556.0,555.0,555.0,1500,0.0,0.0
2018-08-09 00:00:00+09:00,555.0,557.0,548.0,550.0,1600,0.0,0.0
2018-08-10 00:00:00+09:00,550.0,550.0,550.0,550.0,0,0.0,0.0
2018-08-13 00:00:00+09:00,551.0,559.0,549.0,555.0,2100,0.0,0.0
2018-08-14 00:00:00+09:00,556.0,560.0,556.0,556.0,1100,0.0,0.0
2018-08-15 00:00:00+09:00,560.0,564.0,556.0,561.0,1500,0.0,0.0
2018-08-16 00:00:00+09:00,555.0,561.0,555.0,561.0,400,0.0,0.0
2018-08-17 00:00:00+09:00,562.0,562.0,558.0,561.0,1800,0.0,0.0
2018-08-20 00:00:00+09:00,555.0,565.0,554.0,559.0,1500,0.0,0.0
2018-08-21 00:00:00+09:00,559.0,559.0,559.0,559.0,0,0.0,0.0
2018-08-22 00:00:00+09:00,568.0,569.0,565.0,565.0,600,0.0,0.0
2018-08-23 00:00:00+09:00,564.0,569.0,558.0,567.0,2800,0.0,0.0
2018-08-24 00:00:00+09:00,567.0,570.0,567.0,568.0,3600,0.0,0.0
2018-08-27 00:00:00+09:00,568.0,569.0,557.0,566.0,4700,0.0,0.0
2018-08-28 00:00:00+09:00,568.0,587.0,560.0,574.0,15400,0.0,0.0
2018-08-29 00:00:00+09:00,561.0,574.0,551.0,553.0,11000,0.0,0.0
2018-08-30 00:00:00+09:00,567.0,567.0,554.0,555.0,8900,0.0,0.0
2018-08-31 00:00:00+09:00,565.0,565.0,556.0,561.0,1800,0.0,0.0
2018-09-03 00:00:00+09:00,560.0,570.0,558.0,560.0,3100,0.0,0.0
2018-09-04 00:00:00+09:00,570.0,579.0,548.0,548.0,8700,0.0,0.0
2018-09-05 00:00:00+09:00,548.0,555.0,548.0,551.0,1100,0.0,0.0
2018-09-06 00:00:00+09:00,551.0,551.0,551.0,551.0,0,0.0,0.0
2018-09-07 00:00:00+09:00,550.0,553.0,545.0,550.0,2900,0.0,0.0
2018-09-10 00:00:00+09:00,555.0,558.0,542.0,550.0,2900,0.0,0.0
2018-09-11 00:00:00+09:00,550.0,555.0,549.0,550.0,1200,0.0,0.0
2018-09-12 00:00:00+09:00,553.0,553.0,548.0,553.0,900,0.0,0.0
2018-09-13 00:00:00+09:00,553.0,553.0,553.0,553.0,0,0.0,0.0
2018-09-14 00:00:00+09:00,549.0,553.0,549.0,553.0,400,0.0,0.0
2018-09-17 00:00:00+09:00,553.0,553.0,553.0,553.0,0,0.0,0.0
2018-09-18 00:00:00+09:00,550.0,555.0,550.0,554.0,1000,0.0,0.0
2018-09-19 00:00:00+09:00,554.0,560.0,554.0,555.0,1200,0.0,0.0
2018-09-20 00:00:00+09:00,555.0,555.0,555.0,555.0,0,0.0,0.0
2018-09-21 00:00:00+09:00,562.0,562.0,555.0,556.0,1900,0.0,0.0
2018-09-24 00:00:00+09:00,556.0,556.0,556.0,556.0,0,0.0,0.0
2018-09-25 00:00:00+09:00,554.0,576.0,553.0,576.0,46200,0.0,0.0
2018-09-26 00:00:00+09:00,556.0,560.0,554.0,555.0,5100,0.0,0.0
2018-09-27 00:00:00+09:00,558.0,560.0,558.0,559.0,1000,0.0,0.0
2018-09-28 00:00:00+09:00,559.0,566.0,553.0,554.0,2600,0.0,0.0
2018-10-01 00:00:00+09:00,559.0,564.0,556.0,564.0,800,0.0,0.0
2018-10-02 00:00:00+09:00,563.0,569.0,560.0,565.0,900,0.0,0.0
2018-10-03 00:00:00+09:00,565.0,565.0,565.0,565.0,0,0.0,0.0
2018-10-04 00:00:00+09:00,559.0,563.0,558.0,561.0,1000,0.0,0.0
2018-10-05 00:00:00+09:00,555.0,562.0,555.0,561.0,1300,0.0,0.0
2018-10-08 00:00:00+09:00,561.0,561.0,561.0,561.0,0,0.0,0.0
2018-10-09 00:00:00+09:00,555.0,567.0,555.0,562.0,1600,0.0,0.0
2018-10-10 00:00:00+09:00,568.0,568.0,556.0,562.0,1100,0.0,0.0
2018-10-11 00:00:00+09:00,562.0,562.0,562.0,562.0,0,0.0,0.0
2018-10-12 00:00:00+09:00,561.0,573.0,554.0,556.0,5600,0.0,0.0
2018-10-15 00:00:00+09:00,553.0,558.0,553.0,557.0,900,0.0,0.0
2018-10-16 00:00:00+09:00,551.0,558.0,551.0,556.0,1800,0.0,0.0
2018-10-17 00:00:00+09:00,556.0,556.0,556.0,556.0,0,0.0,0.0
2018-10-18 00:00:00+09:00,556.0,558.0,552.0,557.0,1300,0.0,0.0
2018-10-19 00:00:00+09:00,557.0,557.0,557.0,557.0,0,0.0,0.0
2018-10-22 00:00:00+09:00,554.0,556.0,554.0,555.0,400,0.0,0.0
2018-10-23 00:00:00+09:00,552.0,556.0,549.0,555.0,2200,0.0,0.0
2018-10-24 00:00:00+09:00,556.0,556.0,550.0,554.0,2100,0.0,0.0
2018-10-25 00:00:00+09:00,554.0,554.0,545.0,549.0,2700,0.0,0.0
2018-10-26 00:00:00+09:00,550.0,550.0,543.0,548.0,2100,0.0,0.0
2018-10-29 00:00:00+09:00,553.0,553.0,551.0,551.0,1100,0.0,0.0
2018-10-30 00:00:00+09:00,541.0,550.0,541.0,550.0,1300,0.0,0.0
2018-10-31 00:00:00+09:00,550.0,550.0,550.0,550.0,0,0.0,0.0
2018-11-01 00:00:00+09:00,549.0,553.0,545.0,550.0,700,0.0,0.0
2018-11-02 00:00:00+09:00,550.0,550.0,550.0,550.0,0,0.0,0.0
2018-11-05 00:00:00+09:00,550.0,550.0,550.0,550.0,0,0.0,0.0
2018-11-06 00:00:00+09:00,553.0,553.0,540.0,541.0,6000,0.0,0.0
2018-11-07 00:00:00+09:00,544.0,545.0,540.0,540.0,1400,0.0,0.0
2018-11-08 00:00:00+09:00,540.0,540.0,540.0,540.0,0,0.0,0.0
2018-11-09 00:00:00+09:00,540.0,540.0,540.0,540.0,0,0.0,0.0
2018-11-12 00:00:00+09:00,540.0,540.0,540.0,540.0,0,0.0,0.0
2018-11-13 00:00:00+09:00,540.0,540.0,540.0,540.0,0,0.0,0.0
2018-11-14 00:00:00+09:00,540.0,540.0,540.0,540.0,0,0.0,0.0
2018-11-15 00:00:00+09:00,538.0,544.0,538.0,543.0,500,0.0,0.0
2018-11-16 00:00:00+09:00,543.0,543.0,543.0,543.0,0,0.0,0.0
2018-11-19 00:00:00+09:00,536.0,543.0,536.0,539.0,1500,0.0,0.0
2018-11-20 00:00:00+09:00,539.0,539.0,539.0,539.0,0,0.0,0.0
2018-11-21 00:00:00+09:00,539.0,540.0,539.0,539.0,500,0.0,0.0
2018-11-22 00:00:00+09:00,543.0,544.0,543.0,544.0,800,0.0,0.0
2018-11-23 00:00:00+09:00,544.0,544.0,544.0,544.0,0,0.0,0.0
2018-11-26 00:00:00+09:00,543.0,543.0,538.0,543.0,2400,0.0,0.0
2018-11-27 00:00:00+09:00,542.0,543.0,542.0,542.0,800,0.0,0.0
2018-11-28 00:00:00+09:00,542.0,544.0,542.0,544.0,600,0.0,0.0
2018-11-29 00:00:00+09:00,544.0,544.0,544.0,544.0,0,0.0,0.0
2018-11-30 00:00:00+09:00,537.0,541.0,537.0,541.0,25600,0.0,0.0
2018-12-03 00:00:00+09:00,543.0,543.0,539.0,543.0,700,0.0,0.0
2018-12-04 00:00:00+09:00,540.0,547.0,539.0,544.0,1800,0.0,0.0
2018-12-05 00:00:00+09:00,542.0,543.0,538.0,542.0,900,0.0,0.0
2018-12-06 00:00:00+09:00,544.0,544.0,544.0,544.0,300,0.0,0.0
2018-12-07 00:00:00+09:00,544.0,544.0,544.0,544.0,0,0.0,0.0
2018-12-10 00:00:00+09:00,539.0,547.0,539.0,545.0,1200,0.0,0.0
2018-12-11 00:00:00+09:00,548.0,549.0,543.0,543.0,2500,0.0,0.0
2018-12-12 00:00:00+09:00,537.0,542.0,537.0,538.0,3200,0.0,0.0
2018-12-13 00:00:00+09:00,530.0,546.0,529.0,541.0,10100,0.0,0.0
2018-12-14 00:00:00+09:00,537.0,543.0,535.0,543.0,1100,0.0,0.0
2018-12-17 00:00:00+09:00,538.0,540.0,536.0,539.0,600,0.0,0.0
2018-12-18 00:00:00+09:00,538.0,540.0,535.0,539.0,800,0.0,0.0
2018-12-19 00:00:00+09:00,539.0,539.0,539.0,539.0,0,0.0,0.0
2018-12-20 00:00:00+09:00,539.0,539.0,532.0,535.0,2800,0.0,0.0
2018-12-21 00:00:00+09:00,531.0,537.0,524.0,536.0,6800,0.0,0.0
2018-12-24 00:00:00+09:00,536.0,536.0,536.0,536.0,0,0.0,0.0
2018-12-25 00:00:00+09:00,526.0,530.0,515.0,526.0,6600,0.0,0.0
2018-12-26 00:00:00+09:00,540.0,544.0,525.0,533.0,4300,0.0,0.0
2018-12-27 00:00:00+09:00,534.0,544.0,534.0,544.0,1200,0.0,0.0
2018-12-28 00:00:00+09:00,545.0,547.0,540.0,547.0,1800,0.0,0.0
2018-12-31 00:00:00+09:00,547.0,547.0,547.0,547.0,0,0.0,0.0
2019-01-04 00:00:00+09:00,547.0,547.0,540.0,545.0,3100,0.0,0.0
2019-01-07 00:00:00+09:00,554.0,556.0,550.0,556.0,1500,0.0,0.0
2019-01-08 00:00:00+09:00,556.0,556.0,556.0,556.0,0,0.0,0.0
2019-01-09 00:00:00+09:00,560.0,560.0,545.0,546.0,5300,0.0,0.0
2019-01-10 00:00:00+09:00,555.0,555.0,549.0,550.0,1000,0.0,0.0
2019-01-11 00:00:00+09:00,547.0,555.0,541.0,546.0,5000,0.0,0.0
2019-01-15 00:00:00+09:00,546.0,546.0,546.0,546.0,0,0.0,0.0
2019-01-16 00:00:00+09:00,556.0,560.0,547.0,559.0,3000,0.0,0.0
2019-01-17 00:00:00+09:00,560.0,560.0,555.0,556.0,2000,0.0,0.0
2019-01-18 00:00:00+09:00,554.0,561.0,553.0,558.0,3300,0.0,0.0
2019-01-21 00:00:00+09:00,558.0,562.0,553.0,559.0,2400,0.0,0.0
2019-01-22 00:00:00+09:00,561.0,561.0,556.0,559.0,1100,0.0,0.0
2019-01-23 00:00:00+09:00,561.0,562.0,550.0,554.0,2900,0.0,0.0
2019-01-24 00:00:00+09:00,556.0,556.0,551.0,552.0,15800,0.0,0.0
2019-01-25 00:00:00+09:00,551.0,552.0,548.0,551.0,16600,0.0,0.0
2019-01-28 00:00:00+09:00,558.0,561.0,550.0,552.0,2300,0.0,0.0
2019-01-29 00:00:00+09:00,551.0,558.0,550.0,555.0,1400,0.0,0.0
2019-01-30 00:00:00+09:00,555.0,555.0,555.0,555.0,0,0.0,0.0
2019-01-31 00:00:00+09:00,558.0,559.0,553.0,559.0,16300,0.0,0.0
2019-02-01 00:00:00+09:00,554.0,557.0,552.0,552.0,1800,0.0,0.0
2019-02-04 00:00:00+09:00,554.0,554.0,549.0,554.0,1200,0.0,0.0
2019-02-05 00:00:00+09:00,552.0,554.0,550.0,554.0,1500,0.0,0.0
2019-02-06 00:00:00+09:00,554.0,554.0,552.0,553.0,1400,0.0,0.0
2019-02-07 00:00:00+09:00,553.0,553.0,553.0,553.0,0,0.0,0.0
2019-02-08 00:00:00+09:00,550.0,553.0,548.0,548.0,2600,0.0,0.0
2019-02-12 00:00:00+09:00,546.0,551.0,546.0,549.0,1100,0.0,0.0
2019-02-13 00:00:00+09:00,549.0,552.0,541.0,547.0,2500,0.0,0.0
2019-02-14 00:00:00+09:00,550.0,550.0,547.0,549.0,26200,0.0,0.0
2019-02-15 00:00:00+09:00,549.0,554.0,547.0,552.0,2500,0.0,0.0
2019-02-18 00:00:00+09:00,554.0,554.0,551.0,552.0,2200,0.0,0.0
2019-02-19 00:00:00+09:00,554.0,555.0,550.0,555.0,2000,0.0,0.0
2019-02-20 00:00:00+09:00,555.0,561.0,555.0,560.0,1800,0.0,0.0
2019-02-21 00:00:00+09:00,558.0,564.0,558.0,562.0,2700,0.0,0.0
2019-02-22 00:00:00+09:00,560.0,563.0,559.0,563.0,2300,0.0,0.0
2019-02-25 00:00:00+09:00,569.0,570.0,564.0,570.0,7700,0.0,0.0
2019-02-26 00:00:00+09:00,555.0,556.0,547.0,551.0,4400,0.0,0.0
2019-02-27 00:00:00+09:00,554.0,554.0,550.0,553.0,800,0.0,0.0
2019-02-28 00:00:00+09:00,555.0,555.0,546.0,552.0,2000,0.0,0.0
2019-03-01 00:00:00+09:00,547.0,552.0,544.0,550.0,2000,0.0,0.0
2019-03-04 00:00:00+09:00,545.0,552.0,545.0,551.0,1900,0.0,0.0
2019-03-05 00:00:00+09:00,551.0,551.0,551.0,551.0,0,0.0,0.0
2019-03-06 00:00:00+09:00,549.0,552.0,544.0,549.0,1800,0.0,0.0
2019-03-07 00:00:00+09:00,546.0,550.0,545.0,546.0,1500,0.0,0.0
2019-03-08 00:00:00+09:00,545.0,551.0,544.0,549.0,3100,0.0,0.0
2019-03-11 00:00:00+09:00,549.0,552.0,547.0,551.0,900,0.0,0.0
2019-03-12 00:00:00+09:00,550.0,552.0,547.0,551.0,900,0.0,0.0
2019-03-13 00:00:00+09:00,547.0,552.0,546.0,552.0,900,0.0,0.0
2019-03-14 00:00:00+09:00,552.0,552.0,552.0,552.0,0,0.0,0.0
2019-03-15 00:00:00+09:00,548.0,552.0,546.0,549.0,1400,0.0,0.0
2019-03-18 00:00:00+09:00,549.0,549.0,549.0,549.0,0,0.0,0.0
2019-03-19 00:00:00+09:00,550.0,550.0,546.0,550.0,900,0.0,0.0
2019-03-20 00:00:00+09:00,551.0,553.0,547.0,553.0,2100,0.0,0.0
2019-03-22 00:00:00+09:00,552.0,553.0,548.0,552.0,2900,0.0,0.0
2019-03-25 00:00:00+09:00,554.0,554.0,549.0,554.0,3000,0.0,0.0
2019-03-26 00:00:00+09:00,551.0,553.0,547.0,552.0,2200,0.0,0.0
2019-03-27 00:00:00+09:00,553.0,556.0,553.0,555.0,1100,0.0,0.0
2019-03-28 00:00:00+09:00,552.0,557.0,552.0,557.0,1800,0.0,0.0
2019-03-29 00:00:00+09:00,552.0,560.0,552.0,559.0,4200,0.0,0.0
2019-04-01 00:00:00+09:00,556.0,559.0,554.0,555.0,2900,0.0,0.0
2019-04-02 00:00:00+09:00,558.0,560.0,558.0,560.0,500,0.0,0.0
2019-04-03 00:00:00+09:00,560.0,560.0,560.0,560.0,0,0.0,0.0
2019-04-04 00:00:00+09:00,555.0,559.0,554.0,558.0,900,0.0,0.0
2019-04-05 00:00:00+09:00,555.0,559.0,554.0,558.0,1000,0.0,0.0
2019-04-08 00:00:00+09:00,556.0,559.0,552.0,557.0,2000,0.0,0.0
2019-04-09 00:00:00+09:00,561.0,565.0,560.0,565.0,1300,0.0,0.0
2019-04-10 00:00:00+09:00,561.0,565.0,560.0,565.0,1300,0.0,0.0
2019-04-11 00:00:00+09:00,564.0,569.0,557.0,562.0,2000,0.0,0.0
2019-04-12 00:00:00+09:00,552.0,572.0,530.0,534.0,15300,0.0,0.0
2019-04-15 00:00:00+09:00,530.0,540.0,530.0,538.0,3900,0.0,0.0
2019-04-16 00:00:00+09:00,534.0,552.0,534.0,544.0,4700,0.0,0.0
2019-04-17 00:00:00+09:00,544.0,546.0,535.0,543.0,2900,0.0,0.0
2019-04-18 00:00:00+09:00,545.0,560.0,545.0,548.0,4200,0.0,0.0
2019-04-19 00:00:00+09:00,545.0,548.0,541.0,547.0,2000,0.0,0.0
2019-04-22 00:00:00+09:00,549.0,550.0,542.0,550.0,2300,0.0,0.0
2019-04-23 00:00:00+09:00,547.0,560.0,547.0,557.0,2500,0.0,0.0
2019-04-24 00:00:00+09:00,559.0,559.0,550.0,557.0,1800,0.0,0.0
2019-04-25 00:00:00+09:00,557.0,559.0,548.0,557.0,3400,0.0,0.0
2019-04-26 00:00:00+09:00,558.0,559.0,552.0,558.0,1600,0.0,0.0
2019-05-07 00:00:00+09:00,560.0,560.0,550.0,554.0,4200,0.0,0.0
2019-05-08 00:00:00+09:00,554.0,565.0,540.0,555.0,2900,0.0,0.0
2019-05-09 00:00:00+09:00,555.0,559.0,547.0,555.0,2400,0.0,0.0
2019-05-10 00:00:00+09:00,548.0,558.0,548.0,557.0,2000,0.0,0.0
2019-05-13 00:00:00+09:00,557.0,569.0,552.0,556.0,2800,0.0,0.0
2019-05-14 00:00:00+09:00,550.0,555.0,544.0,555.0,1600,0.0,0.0
2019-05-15 00:00:00+09:00,554.0,554.0,546.0,549.0,2500,0.0,0.0
2019-05-16 00:00:00+09:00,551.0,559.0,547.0,554.0,2900,0.0,0.0
2019-05-17 00:00:00+09:00,554.0,557.0,550.0,556.0,1100,0.0,0.0
2019-05-20 00:00:00+09:00,551.0,557.0,551.0,557.0,900,0.0,0.0
2019-05-21 00:00:00+09:00,552.0,556.0,550.0,556.0,1600,0.0,0.0
2019-05-22 00:00:00+09:00,557.0,558.0,546.0,558.0,4000,0.0,0.0
2019-05-23 00:00:00+09:00,555.0,557.0,555.0,557.0,600,0.0,0.0
2019-05-24 00:00:00+09:00,555.0,560.0,554.0,559.0,2600,0.0,0.0
2019-05-27 00:00:00+09:00,561.0,577.0,553.0,560.0,4700,0.0,0.0
2019-05-28 00:00:00+09:00,553.0,562.0,550.0,550.0,32500,0.0,0.0
2019-05-29 00:00:00+09:00,550.0,563.0,550.0,560.0,2200,0.0,0.0
2019-05-30 00:00:00+09:00,551.0,559.0,551.0,555.0,1400,0.0,0.0
2019-05-31 00:00:00+09:00,557.0,557.0,551.0,554.0,900,0.0,0.0
2019-06-03 00:00:00+09:00,560.0,560.0,550.0,554.0,1900,0.0,0.0
2019-06-04 00:00:00+09:00,555.0,558.0,550.0,553.0,1700,0.0,0.0
2019-06-05 00:00:00+09:00,549.0,557.0,549.0,551.0,2400,0.0,0.0
2019-06-06 00:00:00+09:00,552.0,556.0,545.0,550.0,2200,0.0,0.0
2019-06-07 00:00:00+09:00,545.0,549.0,544.0,545.0,1400,0.0,0.0
2019-06-10 00:00:00+09:00,548.0,548.0,541.0,541.0,1400,0.0,0.0
2019-06-11 00:00:00+09:00,541.0,544.0,541.0,541.0,1500,0.0,0.0
2019-06-12 00:00:00+09:00,543.0,543.0,537.0,539.0,1700,0.0,0.0
2019-06-13 00:00:00+09:00,537.0,540.0,532.0,539.0,1800,0.0,0.0
2019-06-14 00:00:00+09:00,541.0,541.0,532.0,539.0,2000,0.0,0.0
2019-06-17 00:00:00+09:00,542.0,549.0,535.0,537.0,1900,0.0,0.0
2019-06-18 00:00:00+09:00,537.0,537.0,531.0,533.0,1600,0.0,0.0
2019-06-19 00:00:00+09:00,532.0,532.0,524.0,531.0,3700,0.0,0.0
2019-06-20 00:00:00+09:00,537.0,539.0,523.0,527.0,3600,0.0,0.0
2019-06-21 00:00:00+09:00,523.0,525.0,522.0,525.0,1600,0.0,0.0
2019-06-24 00:00:00+09:00,521.0,525.0,520.0,523.0,2000,0.0,0.0
2019-06-25 00:00:00+09:00,521.0,523.0,517.0,517.0,1800,0.0,0.0
2019-06-26 00:00:00+09:00,516.0,522.0,514.0,516.0,2200,0.0,0.0
2019-06-27 00:00:00+09:00,520.0,520.0,509.0,516.0,2600,0.0,0.0
2019-06-28 00:00:00+09:00,522.0,522.0,510.0,514.0,2000,0.0,0.0
2019-07-01 00:00:00+09:00,511.0,516.0,508.0,515.0,2400,0.0,0.0
2019-07-02 00:00:00+09:00,518.0,522.0,514.0,522.0,2400,0.0,0.0
2019-07-03 00:00:00+09:00,520.0,528.0,520.0,524.0,1900,0.0,0.0
2019-07-04 00:00:00+09:00,524.0,529.0,522.0,527.0,6300,0.0,0.0
2019-07-05 00:00:00+09:00,526.0,530.0,509.0,514.0,5400,0.0,0.0
2019-07-08 00:00:00+09:00,515.0,518.0,507.0,510.0,7200,0.0,0.0
2019-07-09 00:00:00+09:00,515.0,521.0,510.0,516.0,6300,0.0,0.0
2019-07-10 00:00:00+09:00,516.0,520.0,510.0,519.0,2700,0.0,0.0
2019-07-11 00:00:00+09:00,513.0,519.0,510.0,515.0,3300,0.0,0.0
2019-07-12 00:00:00+09:00,520.0,522.0,512.0,512.0,6700,0.0,0.0
2019-07-16 00:00:00+09:00,519.0,519.0,500.0,509.0,9400,0.0,0.0
2019-07-17 00:00:00+09:00,503.0,525.0,502.0,504.0,7900,0.0,0.0
2019-07-18 00:00:00+09:00,500.0,504.0,492.0,496.0,7300,0.0,0.0
2019-07-19 00:00:00+09:00,498.0,510.0,493.0,506.0,6100,0.0,0.0
2019-07-22 00:00:00+09:00,502.0,504.0,495.0,504.0,2500,0.0,0.0
2019-07-23 00:00:00+09:00,500.0,506.0,498.0,499.0,2700,0.0,0.0
2019-07-24 00:00:00+09:00,499.0,501.0,495.0,497.0,1800,0.0,0.0
2019-07-25 00:00:00+09:00,499.0,499.0,492.0,496.0,2200,0.0,0.0
2019-07-26 00:00:00+09:00,496.0,499.0,470.0,476.0,14100,0.0,0.0
2019-07-29 00:00:00+09:00,480.0,489.0,476.0,486.0,2700,0.0,0.0
2019-07-30 00:00:00+09:00,490.0,493.0,486.0,488.0,2600,0.0,0.0
2019-07-31 00:00:00+09:00,496.0,498.0,489.0,497.0,2000,0.0,0.0
2019-08-01 00:00:00+09:00,495.0,497.0,494.0,497.0,900,0.0,0.0
2019-08-02 00:00:00+09:00,497.0,498.0,489.0,495.0,2100,0.0,0.0
2019-08-05 00:00:00+09:00,490.0,507.0,481.0,507.0,1800,0.0,0.0
2019-08-06 00:00:00+09:00,487.0,502.0,487.0,502.0,1300,0.0,0.0
2019-08-07 00:00:00+09:00,495.0,506.0,491.0,506.0,1100,0.0,0.0
2019-08-08 00:00:00+09:00,502.0,502.0,502.0,502.0,100,0.0,0.0
2019-08-09 00:00:00+09:00,503.0,505.0,496.0,505.0,1700,0.0,0.0
2019-08-13 00:00:00+09:00,505.0,508.0,496.0,505.0,2900,0.0,0.0
2019-08-14 00:00:00+09:00,505.0,505.0,495.0,500.0,600,0.0,0.0
2019-08-15 00:00:00+09:00,492.0,499.0,492.0,496.0,700,0.0,0.0
2019-08-16 00:00:00+09:00,493.0,496.0,492.0,493.0,600,0.0,0.0
2019-08-19 00:00:00+09:00,485.0,490.0,485.0,488.0,3100,0.0,0.0
2019-08-20 00:00:00+09:00,487.0,488.0,483.0,486.0,1300,0.0,0.0
2019-08-21 00:00:00+09:00,485.0,493.0,485.0,493.0,1900,0.0,0.0
2019-08-22 00:00:00+09:00,493.0,495.0,486.0,486.0,2800,0.0,0.0
2019-08-23 00:00:00+09:00,485.0,494.0,485.0,493.0,1700,0.0,0.0
2019-08-26 00:00:00+09:00,490.0,490.0,484.0,490.0,2500,0.0,0.0
2019-08-27 00:00:00+09:00,483.0,488.0,483.0,485.0,54000,0.0,0.0
2019-08-28 00:00:00+09:00,490.0,496.0,485.0,486.0,6600,0.0,0.0
2019-08-29 00:00:00+09:00,482.0,489.0,481.0,484.0,2800,0.0,0.0
2019-08-30 00:00:00+09:00,483.0,483.0,474.0,478.0,3700,0.0,0.0
2019-09-02 00:00:00+09:00,476.0,484.0,476.0,479.0,400,0.0,0.0
2019-09-03 00:00:00+09:00,484.0,484.0,474.0,478.0,1000,0.0,0.0
2019-09-04 00:00:00+09:00,474.0,479.0,474.0,479.0,400,0.0,0.0
2019-09-05 00:00:00+09:00,485.0,485.0,485.0,485.0,200,0.0,0.0
2019-09-06 00:00:00+09:00,484.0,484.0,470.0,478.0,2800,0.0,0.0
2019-09-09 00:00:00+09:00,484.0,484.0,476.0,481.0,2200,0.0,0.0
2019-09-10 00:00:00+09:00,480.0,480.0,470.0,473.0,2400,0.0,0.0
2019-09-11 00:00:00+09:00,470.0,470.0,461.0,467.0,2500,0.0,0.0
2019-09-12 00:00:00+09:00,461.0,465.0,461.0,463.0,4400,0.0,0.0
2019-09-13 00:00:00+09:00,463.0,463.0,460.0,462.0,5900,0.0,0.0
2019-09-17 00:00:00+09:00,462.0,462.0,459.0,461.0,3400,0.0,0.0
2019-09-18 00:00:00+09:00,461.0,461.0,450.0,460.0,4100,0.0,0.0
2019-09-19 00:00:00+09:00,460.0,462.0,459.0,460.0,2600,0.0,0.0
2019-09-20 00:00:00+09:00,460.0,463.0,460.0,461.0,1300,0.0,0.0
2019-09-24 00:00:00+09:00,460.0,465.0,455.0,461.0,3700,0.0,0.0
2019-09-25 00:00:00+09:00,461.0,462.0,457.0,457.0,2100,0.0,0.0
2019-09-26 00:00:00+09:00,451.0,464.0,451.0,461.0,3600,0.0,0.0
2019-09-27 00:00:00+09:00,462.0,462.0,459.0,459.0,800,0.0,0.0
2019-09-30 00:00:00+09:00,462.0,462.0,459.0,460.0,2000,0.0,0.0
2019-10-01 00:00:00+09:00,510.0,510.0,454.0,459.0,182600,0.0,0.0
2019-10-02 00:00:00+09:00,457.0,461.0,428.0,460.0,80300,0.0,0.0
2019-10-03 00:00:00+09:00,462.0,463.0,454.0,458.0,15000,0.0,0.0
2019-10-04 00:00:00+09:00,458.0,459.0,454.0,455.0,8500,0.0,0.0
2019-10-07 00:00:00+09:00,455.0,459.0,454.0,456.0,9800,0.0,0.0
2019-10-08 00:00:00+09:00,458.0,465.0,458.0,465.0,6200,0.0,0.0
2019-10-09 00:00:00+09:00,470.0,472.0,467.0,469.0,4900,0.0,0.0
2019-10-10 00:00:00+09:00,471.0,477.0,470.0,476.0,10500,0.0,0.0
2019-10-11 00:00:00+09:00,469.0,476.0,469.0,472.0,7000,0.0,0.0
2019-10-15 00:00:00+09:00,472.0,477.0,472.0,475.0,1800,0.0,0.0
2019-10-16 00:00:00+09:00,475.0,478.0,473.0,475.0,2400,0.0,0.0
2019-10-17 00:00:00+09:00,473.0,477.0,473.0,474.0,2200,0.0,0.0
2019-10-18 00:00:00+09:00,474.0,479.0,471.0,474.0,4200,0.0,0.0
2019-10-21 00:00:00+09:00,475.0,475.0,470.0,474.0,1800,0.0,0.0
2019-10-23 00:00:00+09:00,473.0,475.0,469.0,472.0,3100,0.0,0.0
2019-10-24 00:00:00+09:00,473.0,475.0,471.0,474.0,800,0.0,0.0
2019-10-25 00:00:00+09:00,474.0,474.0,474.0,474.0,1000,0.0,0.0
2019-10-28 00:00:00+09:00,480.0,481.0,472.0,480.0,3100,0.0,0.0
2019-10-29 00:00:00+09:00,464.0,471.0,454.0,463.0,24600,0.0,0.0
2019-10-30 00:00:00+09:00,470.0,472.0,467.0,470.0,1200,0.0,0.0
2019-10-31 00:00:00+09:00,471.0,472.0,464.0,470.0,3100,0.0,0.0
2019-11-01 00:00:00+09:00,472.0,472.0,468.0,471.0,1300,0.0,0.0
2019-11-05 00:00:00+09:00,472.0,473.0,464.0,465.0,4900,0.0,0.0
2019-11-06 00:00:00+09:00,464.0,466.0,459.0,463.0,6300,0.0,0.0
2019-11-07 00:00:00+09:00,464.0,466.0,460.0,465.0,4800,0.0,0.0
2019-11-08 00:00:00+09:00,462.0,467.0,462.0,466.0,2400,0.0,0.0
2019-11-11 00:00:00+09:00,465.0,465.0,462.0,464.0,1700,0.0,0.0
2019-11-12 00:00:00+09:00,464.0,464.0,459.0,460.0,3400,0.0,0.0
2019-11-13 00:00:00+09:00,460.0,463.0,458.0,460.0,4500,0.0,0.0
2019-11-14 00:00:00+09:00,464.0,464.0,463.0,463.0,300,0.0,0.0
2019-11-15 00:00:00+09:00,464.0,465.0,460.0,462.0,1800,0.0,0.0
2019-11-18 00:00:00+09:00,462.0,472.0,462.0,462.0,1900,0.0,0.0
2019-11-19 00:00:00+09:00,460.0,464.0,460.0,462.0,2200,0.0,0.0
2019-11-20 00:00:00+09:00,460.0,462.0,457.0,459.0,2700,0.0,0.0
2019-11-21 00:00:00+09:00,459.0,460.0,458.0,460.0,1600,0.0,0.0
2019-11-22 00:00:00+09:00,459.0,460.0,458.0,460.0,1600,0.0,0.0
2019-11-25 00:00:00+09:00,460.0,464.0,458.0,460.0,2700,0.0,0.0
2019-11-26 00:00:00+09:00,460.0,462.0,458.0,460.0,1500,0.0,0.0
2019-11-27 00:00:00+09:00,462.0,462.0,460.0,460.0,900,0.0,0.0
2019-11-28 00:00:00+09:00,461.0,461.0,458.0,460.0,1700,0.0,0.0
2019-11-29 00:00:00+09:00,458.0,460.0,457.0,460.0,1600,0.0,0.0
2019-12-02 00:00:00+09:00,460.0,460.0,456.0,458.0,1500,0.0,0.0
2019-12-03 00:00:00+09:00,455.0,458.0,455.0,458.0,2300,0.0,0.0
2019-12-04 00:00:00+09:00,458.0,458.0,454.0,454.0,3500,0.0,0.0
2019-12-05 00:00:00+09:00,458.0,458.0,454.0,456.0,1000,0.0,0.0
2019-12-06 00:00:00+09:00,454.0,458.0,454.0,455.0,2300,0.0,0.0
2019-12-09 00:00:00+09:00,452.0,455.0,448.0,455.0,6900,0.0,0.0
2019-12-10 00:00:00+09:00,451.0,455.0,451.0,453.0,4500,0.0,0.0
2019-12-11 00:00:00+09:00,454.0,456.0,452.0,456.0,3100,0.0,0.0
2019-12-12 00:00:00+09:00,455.0,456.0,452.0,456.0,800,0.0,0.0
2019-12-13 00:00:00+09:00,457.0,458.0,454.0,456.0,1800,0.0,0.0
2019-12-16 00:00:00+09:00,456.0,462.0,450.0,450.0,9900,0.0,0.0
2019-12-17 00:00:00+09:00,458.0,458.0,453.0,454.0,3500,0.0,0.0
2019-12-18 00:00:00+09:00,453.0,453.0,451.0,453.0,1200,0.0,0.0
2019-12-19 00:00:00+09:00,453.0,455.0,451.0,454.0,5400,0.0,0.0
2019-12-20 00:00:00+09:00,454.0,457.0,452.0,456.0,4300,0.0,0.0
2019-12-23 00:00:00+09:00,457.0,457.0,452.0,453.0,3600,0.0,0.0
2019-12-24 00:00:00+09:00,452.0,455.0,451.0,453.0,3800,0.0,0.0
2019-12-25 00:00:00+09:00,454.0,454.0,451.0,451.0,3800,0.0,0.0
2019-12-26 00:00:00+09:00,450.0,453.0,445.0,450.0,9800,0.0,0.0
2019-12-27 00:00:00+09:00,449.0,453.0,446.0,452.0,4900,0.0,0.0
2019-12-30 00:00:00+09:00,455.0,455.0,450.0,450.0,5600,0.0,0.0
2020-01-06 00:00:00+09:00,450.0,453.0,442.0,446.0,7500,0.0,0.0
2020-01-07 00:00:00+09:00,449.0,449.0,446.0,449.0,1000,0.0,0.0
2020-01-08 00:00:00+09:00,446.0,448.0,441.0,445.0,6500,0.0,0.0
2020-01-09 00:00:00+09:00,447.0,449.0,445.0,447.0,3800,0.0,0.0
2020-01-10 00:00:00+09:00,447.0,449.0,445.0,448.0,4100,0.0,0.0
2020-01-14 00:00:00+09:00,448.0,450.0,445.0,445.0,2800,0.0,0.0
2020-01-15 00:00:00+09:00,445.0,448.0,444.0,446.0,1100,0.0,0.0
2020-01-16 00:00:00+09:00,443.0,446.0,443.0,443.0,800,0.0,0.0
2020-01-17 00:00:00+09:00,447.0,447.0,442.0,445.0,2300,0.0,0.0
2020-01-20 00:00:00+09:00,447.0,447.0,443.0,446.0,1400,0.0,0.0
2020-01-21 00:00:00+09:00,443.0,445.0,443.0,444.0,1000,0.0,0.0
2020-01-22 00:00:00+09:00,443.0,445.0,443.0,444.0,1000,0.0,0.0
2020-01-23 00:00:00+09:00,441.0,445.0,441.0,444.0,1500,0.0,0.0
2020-01-24 00:00:00+09:00,441.0,445.0,441.0,444.0,1500,0.0,0.0
2020-01-27 00:00:00+09:00,442.0,445.0,438.0,443.0,6300,0.0,0.0
2020-01-28 00:00:00+09:00,443.0,443.0,437.0,440.0,1800,0.0,0.0
2020-01-29 00:00:00+09:00,440.0,440.0,433.0,434.0,4400,0.0,0.0
2020-01-30 00:00:00+09:00,434.0,435.0,420.0,420.0,8700,0.0,0.0
2020-01-31 00:00:00+09:00,421.0,425.0,420.0,420.0,2500,0.0,0.0
2020-02-03 00:00:00+09:00,410.0,417.0,410.0,416.0,2000,0.0,0.0
2020-02-04 00:00:00+09:00,418.0,419.0,414.0,419.0,1600,0.0,0.0
2020-02-05 00:00:00+09:00,417.0,420.0,417.0,420.0,1900,0.0,0.0
2020-02-06 00:00:00+09:00,422.0,424.0,420.0,422.0,1300,0.0,0.0
2020-02-07 00:00:00+09:00,422.0,424.0,420.0,422.0,1300,0.0,0.0
2020-02-10 00:00:00+09:00,420.0,423.0,418.0,419.0,3300,0.0,0.0
2020-02-12 00:00:00+09:00,422.0,422.0,420.0,420.0,1800,0.0,0.0
2020-02-13 00:00:00+09:00,420.0,422.0,410.0,414.0,5800,0.0,0.0
2020-02-14 00:00:00+09:00,420.0,420.0,412.0,412.0,1700,0.0,0.0
2020-02-17 00:00:00+09:00,421.0,421.0,412.0,413.0,2000,0.0,0.0
2020-02-18 00:00:00+09:00,418.0,418.0,412.0,415.0,1700,0.0,0.0
2020-02-19 00:00:00+09:00,415.0,416.0,411.0,416.0,2600,0.0,0.0
2020-02-20 00:00:00+09:00,413.0,415.0,410.0,415.0,4800,0.0,0.0
2020-02-21 00:00:00+09:00,415.0,415.0,414.0,415.0,2300,0.0,0.0
2020-02-25 00:00:00+09:00,400.0,408.0,400.0,408.0,5900,0.0,0.0
2020-02-26 00:00:00+09:00,397.0,412.0,392.0,405.0,7900,0.0,0.0
2020-02-27 00:00:00+09:00,392.0,403.0,386.0,389.0,8400,0.0,0.0
2020-02-28 00:00:00+09:00,361.0,386.0,361.0,370.0,7800,0.0,0.0
2020-03-02 00:00:00+09:00,359.0,368.0,358.0,362.0,4000,0.0,0.0
2020-03-03 00:00:00+09:00,364.0,365.0,331.0,335.0,21200,0.0,0.0
2020-03-04 00:00:00+09:00,320.0,329.0,297.0,304.0,89000,0.0,0.0
2020-03-05 00:00:00+09:00,311.0,311.0,295.0,300.0,52400,0.0,0.0
2020-03-06 00:00:00+09:00,300.0,300.0,285.0,288.0,29000,0.0,0.0
2020-03-09 00:00:00+09:00,281.0,288.0,261.0,263.0,13600,0.0,0.0
2020-03-10 00:00:00+09:00,265.0,280.0,233.0,280.0,30300,0.0,0.0
2020-03-11 00:00:00+09:00,275.0,278.0,271.0,272.0,3500,0.0,0.0
2020-03-12 00:00:00+09:00,256.0,274.0,256.0,261.0,8300,0.0,0.0
2020-03-13 00:00:00+09:00,231.0,254.0,208.0,221.0,32800,0.0,0.0
2020-03-16 00:00:00+09:00,241.0,241.0,235.0,237.0,6500,0.0,0.0
2020-03-17 00:00:00+09:00,237.0,237.0,230.0,236.0,4000,0.0,0.0
2020-03-18 00:00:00+09:00,236.0,238.0,232.0,237.0,6200,0.0,0.0
2020-03-19 00:00:00+09:00,237.0,245.0,207.0,215.0,25900,0.0,0.0
2020-03-23 00:00:00+09:00,218.0,226.0,216.0,219.0,8600,0.0,0.0
2020-03-24 00:00:00+09:00,224.0,231.0,216.0,224.0,9400,0.0,0.0
2020-03-25 00:00:00+09:00,228.0,238.0,227.0,233.0,8800,0.0,0.0
2020-03-26 00:00:00+09:00,229.0,234.0,225.0,231.0,7900,0.0,0.0
2020-03-27 00:00:00+09:00,231.0,233.0,225.0,230.0,6900,0.0,0.0
2020-03-30 00:00:00+09:00,238.0,265.0,224.0,227.0,28200,0.0,0.0
2020-03-31 00:00:00+09:00,232.0,232.0,223.0,224.0,4100,0.0,0.0
2020-04-01 00:00:00+09:00,222.0,231.0,221.0,224.0,4800,0.0,0.0
2020-04-02 00:00:00+09:00,225.0,225.0,214.0,220.0,4900,0.0,0.0
2020-04-03 00:00:00+09:00,219.0,223.0,215.0,220.0,3700,0.0,0.0
2020-04-06 00:00:00+09:00,212.0,220.0,212.0,220.0,3800,0.0,0.0
2020-04-07 00:00:00+09:00,221.0,229.0,221.0,227.0,2000,0.0,0.0
2020-04-08 00:00:00+09:00,227.0,229.0,225.0,228.0,1700,0.0,0.0
2020-04-09 00:00:00+09:00,234.0,235.0,225.0,230.0,8300,0.0,0.0
2020-04-10 00:00:00+09:00,230.0,235.0,228.0,235.0,7200,0.0,0.0
2020-04-13 00:00:00+09:00,232.0,237.0,230.0,234.0,6100,0.0,0.0
2020-04-14 00:00:00+09:00,236.0,248.0,232.0,244.0,9500,0.0,0.0
2020-04-15 00:00:00+09:00,241.0,245.0,237.0,237.0,13400,0.0,0.0
2020-04-16 00:00:00+09:00,237.0,247.0,233.0,234.0,7300,0.0,0.0
2020-04-17 00:00:00+09:00,238.0,239.0,229.0,236.0,9600,0.0,0.0
2020-04-20 00:00:00+09:00,242.0,244.0,227.0,231.0,14100,0.0,0.0
2020-04-21 00:00:00+09:00,234.0,242.0,223.0,229.0,11800,0.0,0.0
2020-04-22 00:00:00+09:00,229.0,230.0,222.0,225.0,4200,0.0,0.0
2020-04-23 00:00:00+09:00,223.0,226.0,220.0,220.0,8400,0.0,0.0
2020-04-24 00:00:00+09:00,221.0,225.0,209.0,218.0,20500,0.0,0.0
2020-04-27 00:00:00+09:00,222.0,240.0,219.0,226.0,18800,0.0,0.0
2020-04-28 00:00:00+09:00,238.0,238.0,223.0,225.0,12500,0.0,0.0
2020-04-30 00:00:00+09:00,225.0,233.0,225.0,229.0,9600,0.0,0.0
2020-05-01 00:00:00+09:00,233.0,233.0,223.0,229.0,8200,0.0,0.0
2020-05-07 00:00:00+09:00,226.0,228.0,224.0,228.0,2400,0.0,0.0
2020-05-08 00:00:00+09:00,228.0,229.0,224.0,225.0,5800,0.0,0.0
2020-05-11 00:00:00+09:00,219.0,246.0,219.0,241.0,31600,0.0,0.0
2020-05-12 00:00:00+09:00,241.0,248.0,231.0,248.0,16600,0.0,0.0
2020-05-13 00:00:00+09:00,246.0,248.0,241.0,241.0,12500,0.0,0.0
2020-05-14 00:00:00+09:00,249.0,310.0,248.0,275.0,295400,0.0,0.0
2020-05-15 00:00:00+09:00,271.0,281.0,255.0,271.0,44600,0.0,0.0
2020-05-18 00:00:00+09:00,273.0,290.0,265.0,265.0,24100,0.0,0.0
2020-05-19 00:00:00+09:00,269.0,278.0,266.0,266.0,18200,0.0,0.0
2020-05-20 00:00:00+09:00,274.0,285.0,271.0,271.0,29800,0.0,0.0
2020-05-21 00:00:00+09:00,274.0,275.0,265.0,271.0,29600,0.0,0.0
2020-05-22 00:00:00+09:00,273.0,275.0,270.0,272.0,19400,0.0,0.0
2020-05-25 00:00:00+09:00,275.0,277.0,267.0,274.0,7400,0.0,0.0
2020-05-26 00:00:00+09:00,274.0,286.0,274.0,285.0,16800,0.0,0.0
2020-05-27 00:00:00+09:00,290.0,295.0,278.0,295.0,13700,0.0,0.0
2020-05-28 00:00:00+09:00,295.0,300.0,293.0,296.0,16800,0.0,0.0
2020-05-29 00:00:00+09:00,293.0,300.0,293.0,300.0,10400,0.0,0.0
2020-06-01 00:00:00+09:00,301.0,336.0,301.0,327.0,27500,0.0,0.0
2020-06-02 00:00:00+09:00,324.0,342.0,308.0,325.0,32000,0.0,0.0
2020-06-03 00:00:00+09:00,322.0,334.0,316.0,321.0,15300,0.0,0.0
2020-06-04 00:00:00+09:00,318.0,328.0,318.0,327.0,7000,0.0,0.0
2020-06-05 00:00:00+09:00,327.0,330.0,320.0,329.0,7700,0.0,0.0
2020-06-08 00:00:00+09:00,333.0,345.0,321.0,345.0,19000,0.0,0.0
2020-06-09 00:00:00+09:00,348.0,350.0,341.0,350.0,12900,0.0,0.0
2020-06-10 00:00:00+09:00,350.0,398.0,350.0,386.0,37600,0.0,0.0
2020-06-11 00:00:00+09:00,390.0,396.0,379.0,391.0,17300,0.0,0.0
2020-06-12 00:00:00+09:00,375.0,383.0,352.0,377.0,21600,0.0,0.0
2020-06-15 00:00:00+09:00,379.0,379.0,320.0,320.0,46300,0.0,0.0
2020-06-16 00:00:00+09:00,321.0,340.0,321.0,331.0,14200,0.0,0.0
2020-06-17 00:00:00+09:00,340.0,340.0,328.0,335.0,10400,0.0,0.0
2020-06-18 00:00:00+09:00,334.0,339.0,331.0,335.0,3500,0.0,0.0
2020-06-19 00:00:00+09:00,323.0,336.0,323.0,328.0,7500,0.0,0.0
2020-06-22 00:00:00+09:00,327.0,337.0,327.0,333.0,2600,0.0,0.0
2020-06-23 00:00:00+09:00,333.0,333.0,330.0,333.0,2600,0.0,0.0
2020-06-24 00:00:00+09:00,325.0,331.0,322.0,325.0,5000,0.0,0.0
2020-06-25 00:00:00+09:00,322.0,324.0,321.0,322.0,2200,0.0,0.0
2020-06-26 00:00:00+09:00,325.0,328.0,325.0,328.0,1000,0.0,0.0
2020-06-29 00:00:00+09:00,324.0,327.0,315.0,316.0,6400,0.0,0.0
2020-06-30 00:00:00+09:00,318.0,322.0,313.0,322.0,4000,0.0,0.0
2020-07-01 00:00:00+09:00,316.0,325.0,305.0,315.0,6800,0.0,0.0
2020-07-02 00:00:00+09:00,318.0,318.0,303.0,306.0,3400,0.0,0.0
2020-07-03 00:00:00+09:00,303.0,303.0,284.0,289.0,5900,0.0,0.0
2020-07-06 00:00:00+09:00,293.0,300.0,293.0,298.0,1500,0.0,0.0
2020-07-07 00:00:00+09:00,300.0,300.0,296.0,296.0,700,0.0,0.0
2020-07-08 00:00:00+09:00,296.0,297.0,289.0,291.0,5200,0.0,0.0
2020-07-09 00:00:00+09:00,295.0,296.0,293.0,294.0,1200,0.0,0.0
2020-07-10 00:00:00+09:00,291.0,293.0,287.0,290.0,2600,0.0,0.0
2020-07-13 00:00:00+09:00,291.0,294.0,291.0,293.0,400,0.0,0.0
2020-07-14 00:00:00+09:00,292.0,292.0,290.0,292.0,1900,0.0,0.0
2020-07-15 00:00:00+09:00,294.0,298.0,293.0,296.0,2200,0.0,0.0
2020-07-16 00:00:00+09:00,296.0,299.0,296.0,296.0,900,0.0,0.0
2020-07-17 00:00:00+09:00,299.0,300.0,296.0,299.0,2600,0.0,0.0
2020-07-20 00:00:00+09:00,299.0,305.0,299.0,300.0,1200,0.0,0.0
2020-07-21 00:00:00+09:00,303.0,303.0,298.0,300.0,2000,0.0,0.0
2020-07-22 00:00:00+09:00,300.0,300.0,295.0,298.0,3800,0.0,0.0
2020-07-27 00:00:00+09:00,298.0,305.0,297.0,301.0,2100,0.0,0.0
2020-07-28 00:00:00+09:00,303.0,303.0,295.0,297.0,6800,0.0,0.0
2020-07-29 00:00:00+09:00,290.0,298.0,289.0,292.0,2700,0.0,0.0
2020-07-30 00:00:00+09:00,297.0,299.0,293.0,296.0,1900,0.0,0.0
2020-07-31 00:00:00+09:00,291.0,297.0,280.0,291.0,5600,0.0,0.0
2020-08-03 00:00:00+09:00,281.0,305.0,281.0,298.0,2700,0.0,0.0
2020-08-04 00:00:00+09:00,298.0,300.0,293.0,299.0,1300,0.0,0.0
2020-08-05 00:00:00+09:00,300.0,300.0,298.0,300.0,500,0.0,0.0
2020-08-06 00:00:00+09:00,302.0,308.0,298.0,298.0,2300,0.0,0.0
2020-08-07 00:00:00+09:00,294.0,299.0,293.0,299.0,800,0.0,0.0
2020-08-11 00:00:00+09:00,293.0,310.0,293.0,296.0,6300,0.0,0.0
2020-08-12 00:00:00+09:00,300.0,309.0,296.0,296.0,3300,0.0,0.0
2020-08-13 00:00:00+09:00,298.0,305.0,298.0,300.0,2700,0.0,0.0
2020-08-14 00:00:00+09:00,302.0,302.0,296.0,301.0,400,0.0,0.0
2020-08-17 00:00:00+09:00,296.0,301.0,293.0,300.0,7000,0.0,0.0
2020-08-18 00:00:00+09:00,297.0,301.0,296.0,298.0,3800,0.0,0.0
2020-08-19 00:00:00+09:00,300.0,308.0,298.0,300.0,3000,0.0,0.0
2020-08-20 00:00:00+09:00,303.0,303.0,291.0,293.0,4800,0.0,0.0
2020-08-21 00:00:00+09:00,293.0,302.0,293.0,300.0,2800,0.0,0.0
2020-08-24 00:00:00+09:00,300.0,304.0,295.0,296.0,4200,0.0,0.0
2020-08-25 00:00:00+09:00,296.0,300.0,290.0,294.0,8500,0.0,0.0
2020-08-26 00:00:00+09:00,300.0,300.0,294.0,296.0,2200,0.0,0.0
2020-08-27 00:00:00+09:00,298.0,298.0,295.0,298.0,3000,0.0,0.0
2020-08-28 00:00:00+09:00,296.0,297.0,285.0,293.0,5800,0.0,0.0
2020-08-31 00:00:00+09:00,291.0,298.0,291.0,296.0,1900,0.0,0.0
2020-09-01 00:00:00+09:00,297.0,298.0,293.0,294.0,2500,0.0,0.0
2020-09-02 00:00:00+09:00,287.0,294.0,287.0,292.0,2800,0.0,0.0
2020-09-03 00:00:00+09:00,292.0,296.0,288.0,288.0,1800,0.0,0.0
2020-09-04 00:00:00+09:00,288.0,291.0,285.0,287.0,2900,0.0,0.0
2020-09-07 00:00:00+09:00,287.0,290.0,280.0,285.0,3200,0.0,0.0
2020-09-08 00:00:00+09:00,287.0,289.0,283.0,288.0,2800,0.0,0.0
2020-09-09 00:00:00+09:00,288.0,288.0,284.0,287.0,900,0.0,0.0
2020-09-10 00:00:00+09:00,288.0,288.0,282.0,284.0,2700,0.0,0.0
2020-09-11 00:00:00+09:00,284.0,288.0,280.0,283.0,4000,0.0,0.0
2020-09-14 00:00:00+09:00,285.0,294.0,280.0,283.0,4100,0.0,0.0
2020-09-15 00:00:00+09:00,283.0,285.0,281.0,284.0,4800,0.0,0.0
2020-09-16 00:00:00+09:00,286.0,287.0,282.0,284.0,1700,0.0,0.0
2020-09-17 00:00:00+09:00,287.0,287.0,278.0,282.0,6500,0.0,0.0
2020-09-18 00:00:00+09:00,281.0,285.0,281.0,282.0,1400,0.0,0.0
2020-09-23 00:00:00+09:00,281.0,290.0,280.0,290.0,5100,0.0,0.0
2020-09-24 00:00:00+09:00,282.0,292.0,282.0,286.0,2100,0.0,0.0
2020-09-25 00:00:00+09:00,290.0,290.0,282.0,282.0,2700,0.0,0.0
2020-09-28 00:00:00+09:00,290.0,290.0,282.0,282.0,3400,0.0,0.0
2020-09-29 00:00:00+09:00,288.0,355.0,288.0,300.0,81900,0.0,0.0
2020-09-30 00:00:00+09:00,308.0,311.0,298.0,302.0,11600,0.0,0.0
2020-10-02 00:00:00+09:00,302.0,302.0,286.0,286.0,16500,0.0,0.0
2020-10-05 00:00:00+09:00,286.0,340.0,286.0,293.0,41300,0.0,0.0
2020-10-06 00:00:00+09:00,293.0,298.0,292.0,294.0,6000,0.0,0.0
2020-10-07 00:00:00+09:00,299.0,303.0,294.0,299.0,10900,0.0,0.0
2020-10-08 00:00:00+09:00,306.0,309.0,297.0,297.0,6200,0.0,0.0
2020-10-09 00:00:00+09:00,299.0,304.0,295.0,296.0,9700,0.0,0.0
2020-10-12 00:00:00+09:00,294.0,294.0,284.0,287.0,10900,0.0,0.0
2020-10-13 00:00:00+09:00,287.0,292.0,287.0,291.0,2100,0.0,0.0
2020-10-14 00:00:00+09:00,292.0,305.0,285.0,291.0,9500,0.0,0.0
2020-10-15 00:00:00+09:00,293.0,293.0,286.0,289.0,5900,0.0,0.0
2020-10-16 00:00:00+09:00,287.0,294.0,287.0,287.0,5500,0.0,0.0
2020-10-19 00:00:00+09:00,287.0,294.0,287.0,292.0,6000,0.0,0.0
2020-10-20 00:00:00+09:00,290.0,296.0,289.0,291.0,7300,0.0,0.0
2020-10-21 00:00:00+09:00,292.0,299.0,291.0,294.0,7500,0.0,0.0
2020-10-22 00:00:00+09:00,295.0,296.0,290.0,290.0,2400,0.0,0.0
2020-10-23 00:00:00+09:00,292.0,294.0,290.0,292.0,4300,0.0,0.0
2020-10-26 00:00:00+09:00,293.0,296.0,290.0,291.0,4000,0.0,0.0
2020-10-27 00:00:00+09:00,293.0,297.0,291.0,294.0,2500,0.0,0.0
2020-10-28 00:00:00+09:00,295.0,300.0,293.0,296.0,5800,0.0,0.0
2020-10-29 00:00:00+09:00,295.0,299.0,294.0,299.0,3500,0.0,0.0
2020-10-30 00:00:00+09:00,300.0,300.0,280.0,280.0,4900,0.0,0.0
2020-11-02 00:00:00+09:00,281.0,288.0,280.0,286.0,19300,0.0,0.0
2020-11-04 00:00:00+09:00,292.0,315.0,286.0,290.0,13600,0.0,0.0
2020-11-05 00:00:00+09:00,294.0,295.0,291.0,294.0,1400,0.0,0.0
2020-11-06 00:00:00+09:00,297.0,298.0,293.0,296.0,1200,0.0,0.0
2020-11-09 00:00:00+09:00,296.0,299.0,278.0,292.0,9000,0.0,0.0
2020-11-10 00:00:00+09:00,292.0,298.0,282.0,289.0,10200,0.0,0.0
2020-11-11 00:00:00+09:00,292.0,295.0,289.0,292.0,1200,0.0,0.0
2020-11-12 00:00:00+09:00,293.0,295.0,287.0,289.0,3000,0.0,0.0
2020-11-13 00:00:00+09:00,289.0,291.0,286.0,289.0,2000,0.0,0.0
2020-11-16 00:00:00+09:00,290.0,291.0,289.0,290.0,1400,0.0,0.0
2020-11-17 00:00:00+09:00,290.0,294.0,289.0,291.0,3700,0.0,0.0
2020-11-18 00:00:00+09:00,291.0,292.0,290.0,290.0,700,0.0,0.0
2020-11-19 00:00:00+09:00,292.0,292.0,288.0,289.0,1500,0.0,0.0
2020-11-20 00:00:00+09:00,290.0,290.0,283.0,287.0,1700,0.0,0.0
2020-11-24 00:00:00+09:00,287.0,290.0,283.0,289.0,7300,0.0,0.0
2020-11-25 00:00:00+09:00,286.0,288.0,285.0,287.0,2300,0.0,0.0
2020-11-26 00:00:00+09:00,288.0,290.0,284.0,288.0,3300,0.0,0.0
2020-11-27 00:00:00+09:00,291.0,291.0,280.0,288.0,13400,0.0,0.0
2020-11-30 00:00:00+09:00,288.0,288.0,284.0,287.0,2500,0.0,0.0
2020-12-01 00:00:00+09:00,282.0,290.0,282.0,287.0,3200,0.0,0.0
2020-12-02 00:00:00+09:00,288.0,289.0,280.0,282.0,8000,0.0,0.0
2020-12-03 00:00:00+09:00,282.0,287.0,279.0,283.0,10700,0.0,0.0
2020-12-04 00:00:00+09:00,284.0,286.0,277.0,279.0,11100,0.0,0.0
2020-12-07 00:00:00+09:00,279.0,281.0,274.0,277.0,4000,0.0,0.0
2020-12-08 00:00:00+09:00,280.0,280.0,270.0,270.0,10200,0.0,0.0
2020-12-09 00:00:00+09:00,265.0,272.0,264.0,270.0,6200,0.0,0.0
2020-12-10 00:00:00+09:00,268.0,274.0,266.0,273.0,4200,0.0,0.0
2020-12-11 00:00:00+09:00,270.0,278.0,270.0,273.0,2200,0.0,0.0
2020-12-14 00:00:00+09:00,275.0,277.0,270.0,270.0,3000,0.0,0.0
2020-12-15 00:00:00+09:00,275.0,275.0,270.0,271.0,3400,0.0,0.0
2020-12-16 00:00:00+09:00,273.0,273.0,268.0,271.0,3500,0.0,0.0
2020-12-17 00:00:00+09:00,274.0,276.0,267.0,268.0,13200,0.0,0.0
2020-12-18 00:00:00+09:00,268.0,272.0,260.0,265.0,18600,0.0,0.0
2020-12-21 00:00:00+09:00,262.0,266.0,260.0,261.0,4300,0.0,0.0
2020-12-22 00:00:00+09:00,260.0,261.0,249.0,251.0,16900,0.0,0.0
2020-12-23 00:00:00+09:00,254.0,255.0,249.0,250.0,6500,0.0,0.0
2020-12-24 00:00:00+09:00,256.0,256.0,249.0,249.0,5900,0.0,0.0
2020-12-25 00:00:00+09:00,249.0,254.0,247.0,250.0,6400,0.0,0.0
2020-12-28 00:00:00+09:00,250.0,254.0,249.0,252.0,11100,0.0,0.0
2020-12-29 00:00:00+09:00,255.0,255.0,251.0,253.0,3400,0.0,0.0
2020-12-30 00:00:00+09:00,251.0,280.0,251.0,255.0,19700,0.0,0.0
2021-01-04 00:00:00+09:00,261.0,261.0,251.0,254.0,5600,0.0,0.0
2021-01-05 00:00:00+09:00,251.0,255.0,251.0,254.0,1300,0.0,0.0
2021-01-06 00:00:00+09:00,257.0,258.0,254.0,256.0,4800,0.0,0.0
2021-01-07 00:00:00+09:00,258.0,263.0,256.0,260.0,4700,0.0,0.0
2021-01-08 00:00:00+09:00,260.0,263.0,259.0,262.0,5100,0.0,0.0
2021-01-12 00:00:00+09:00,260.0,265.0,260.0,265.0,6300,0.0,0.0
2021-01-13 00:00:00+09:00,262.0,268.0,262.0,267.0,3300,0.0,0.0
2021-01-14 00:00:00+09:00,265.0,270.0,265.0,268.0,3900,0.0,0.0
2021-01-15 00:00:00+09:00,270.0,275.0,266.0,271.0,6400,0.0,0.0
2021-01-18 00:00:00+09:00,275.0,275.0,271.0,275.0,2600,0.0,0.0
2021-01-19 00:00:00+09:00,275.0,289.0,267.0,270.0,13900,0.0,0.0
2021-01-20 00:00:00+09:00,274.0,275.0,271.0,271.0,1400,0.0,0.0
2021-01-21 00:00:00+09:00,270.0,274.0,270.0,273.0,1800,0.0,0.0
2021-01-22 00:00:00+09:00,275.0,275.0,273.0,275.0,700,0.0,0.0
2021-01-25 00:00:00+09:00,259.0,269.0,259.0,265.0,18100,0.0,0.0
2021-01-26 00:00:00+09:00,265.0,274.0,260.0,269.0,7400,0.0,0.0
2021-01-27 00:00:00+09:00,272.0,272.0,268.0,270.0,3800,0.0,0.0
2021-01-28 00:00:00+09:00,273.0,273.0,266.0,270.0,2700,0.0,0.0
2021-01-29 00:00:00+09:00,269.0,270.0,265.0,267.0,1500,0.0,0.0
2021-02-01 00:00:00+09:00,267.0,273.0,261.0,268.0,2800,0.0,0.0
2021-02-02 00:00:00+09:00,270.0,275.0,267.0,271.0,3100,0.0,0.0
2021-02-03 00:00:00+09:00,271.0,274.0,268.0,272.0,1700,0.0,0.0
2021-02-04 00:00:00+09:00,272.0,274.0,269.0,274.0,7200,0.0,0.0
2021-02-05 00:00:00+09:00,275.0,289.0,265.0,267.0,28700,0.0,0.0
2021-02-08 00:00:00+09:00,278.0,309.0,270.0,273.0,60900,0.0,0.0
2021-02-09 00:00:00+09:00,272.0,274.0,269.0,272.0,11800,0.0,0.0
2021-02-10 00:00:00+09:00,271.0,281.0,271.0,277.0,8000,0.0,0.0
2021-02-12 00:00:00+09:00,277.0,286.0,277.0,279.0,9000,0.0,0.0
2021-02-15 00:00:00+09:00,280.0,285.0,277.0,278.0,6200,0.0,0.0
2021-02-16 00:00:00+09:00,279.0,335.0,274.0,274.0,127000,0.0,0.0
2021-02-17 00:00:00+09:00,275.0,284.0,273.0,282.0,19700,0.0,0.0
2021-02-18 00:00:00+09:00,286.0,312.0,282.0,293.0,39900,0.0,0.0
2021-02-19 00:00:00+09:00,300.0,329.0,269.0,270.0,133200,0.0,0.0
2021-02-22 00:00:00+09:00,271.0,284.0,271.0,282.0,18000,0.0,0.0
2021-02-24 00:00:00+09:00,283.0,286.0,278.0,279.0,25600,0.0,0.0
2021-02-25 00:00:00+09:00,274.0,277.0,270.0,273.0,14400,0.0,0.0
2021-02-26 00:00:00+09:00,270.0,274.0,258.0,270.0,15100,0.0,0.0
2021-03-01 00:00:00+09:00,278.0,282.0,267.0,270.0,22100,0.0,0.0
2021-03-02 00:00:00+09:00,271.0,274.0,266.0,270.0,4600,0.0,0.0
2021-03-03 00:00:00+09:00,267.0,270.0,266.0,268.0,3300,0.0,0.0
2021-03-04 00:00:00+09:00,268.0,270.0,263.0,264.0,5400,0.0,0.0
2021-03-05 00:00:00+09:00,262.0,265.0,260.0,262.0,4700,0.0,0.0
2021-03-08 00:00:00+09:00,263.0,266.0,262.0,264.0,4800,0.0,0.0
2021-03-09 00:00:00+09:00,265.0,278.0,265.0,270.0,14800,0.0,0.0
2021-03-10 00:00:00+09:00,271.0,275.0,266.0,269.0,8800,0.0,0.0
2021-03-11 00:00:00+09:00,270.0,278.0,270.0,276.0,3600,0.0,0.0
2021-03-12 00:00:00+09:00,280.0,320.0,278.0,278.0,144100,0.0,0.0
2021-03-15 00:00:00+09:00,286.0,291.0,280.0,281.0,9000,0.0,0.0
2021-03-16 00:00:00+09:00,282.0,287.0,281.0,284.0,9800,0.0,0.0
2021-03-17 00:00:00+09:00,287.0,289.0,282.0,285.0,12800,0.0,0.0
2021-03-18 00:00:00+09:00,289.0,300.0,285.0,296.0,25000,0.0,0.0
2021-03-19 00:00:00+09:00,292.0,309.0,290.0,305.0,35000,0.0,0.0
2021-03-22 00:00:00+09:00,310.0,314.0,303.0,313.0,17300,0.0,0.0
2021-03-23 00:00:00+09:00,310.0,314.0,299.0,302.0,9900,0.0,0.0
2021-03-24 00:00:00+09:00,300.0,316.0,300.0,307.0,13200,0.0,0.0
2021-03-25 00:00:00+09:00,308.0,313.0,302.0,311.0,5700,0.0,0.0
2021-03-26 00:00:00+09:00,308.0,317.0,300.0,316.0,14600,0.0,0.0
2021-03-29 00:00:00+09:00,317.0,324.0,312.0,322.0,13700,0.0,0.0
2021-03-30 00:00:00+09:00,320.0,325.0,310.0,315.0,22200,0.0,0.0
2021-03-31 00:00:00+09:00,318.0,322.0,309.0,315.0,12200,0.0,0.0
2021-04-01 00:00:00+09:00,312.0,319.0,310.0,313.0,2800,0.0,0.0
2021-04-02 00:00:00+09:00,311.0,316.0,296.0,315.0,20200,0.0,0.0
2021-04-05 00:00:00+09:00,318.0,318.0,311.0,315.0,6800,0.0,0.0
2021-04-06 00:00:00+09:00,315.0,317.0,313.0,315.0,2800,0.0,0.0
2021-04-07 00:00:00+09:00,313.0,316.0,311.0,313.0,2200,0.0,0.0
2021-04-08 00:00:00+09:00,315.0,315.0,304.0,304.0,2500,0.0,0.0
2021-04-09 00:00:00+09:00,303.0,311.0,303.0,310.0,12100,0.0,0.0
2021-04-12 00:00:00+09:00,312.0,319.0,308.0,318.0,3000,0.0,0.0
2021-04-13 00:00:00+09:00,317.0,319.0,315.0,319.0,6500,0.0,0.0
2021-04-14 00:00:00+09:00,319.0,320.0,313.0,320.0,5300,0.0,0.0
2021-04-15 00:00:00+09:00,320.0,322.0,313.0,320.0,3700,0.0,0.0
2021-04-16 00:00:00+09:00,315.0,320.0,312.0,319.0,1400,0.0,0.0
2021-04-19 00:00:00+09:00,315.0,318.0,315.0,316.0,1500,0.0,0.0
2021-04-20 00:00:00+09:00,316.0,319.0,316.0,319.0,1200,0.0,0.0
2021-04-21 00:00:00+09:00,313.0,319.0,313.0,317.0,1200,0.0,0.0
2021-04-22 00:00:00+09:00,315.0,320.0,315.0,320.0,4200,0.0,0.0
2021-04-23 00:00:00+09:00,320.0,320.0,311.0,318.0,4800,0.0,0.0
2021-04-26 00:00:00+09:00,315.0,321.0,315.0,321.0,1300,0.0,0.0
2021-04-27 00:00:00+09:00,319.0,320.0,315.0,320.0,1600,0.0,0.0
2021-04-28 00:00:00+09:00,321.0,321.0,312.0,316.0,6000,0.0,0.0
2021-04-30 00:00:00+09:00,317.0,319.0,314.0,314.0,7200,0.0,0.0
2021-05-06 00:00:00+09:00,317.0,318.0,316.0,316.0,1000,0.0,0.0
2021-05-07 00:00:00+09:00,316.0,316.0,313.0,315.0,1400,0.0,0.0
2021-05-10 00:00:00+09:00,310.0,315.0,310.0,314.0,900,0.0,0.0
2021-05-11 00:00:00+09:00,314.0,314.0,309.0,309.0,900,0.0,0.0
2021-05-12 00:00:00+09:00,309.0,312.0,302.0,305.0,3900,0.0,0.0
2021-05-13 00:00:00+09:00,288.0,295.0,278.0,278.0,25800,0.0,0.0
2021-05-14 00:00:00+09:00,286.0,291.0,277.0,285.0,12700,0.0,0.0
2021-05-17 00:00:00+09:00,285.0,291.0,282.0,291.0,3400,0.0,0.0
2021-05-18 00:00:00+09:00,294.0,300.0,293.0,299.0,2900,0.0,0.0
2021-05-19 00:00:00+09:00,300.0,309.0,294.0,304.0,2000,0.0,0.0
2021-05-20 00:00:00+09:00,305.0,307.0,301.0,305.0,900,0.0,0.0
2021-05-21 00:00:00+09:00,305.0,306.0,301.0,304.0,800,0.0,0.0
2021-05-24 00:00:00+09:00,301.0,308.0,297.0,298.0,2800,0.0,0.0
2021-05-25 00:00:00+09:00,305.0,305.0,295.0,298.0,2800,0.0,0.0
2021-05-26 00:00:00+09:00,303.0,305.0,299.0,302.0,2300,0.0,0.0
2021-05-27 00:00:00+09:00,306.0,312.0,306.0,312.0,2100,0.0,0.0
2021-05-28 00:00:00+09:00,315.0,320.0,309.0,315.0,6200,0.0,0.0
2021-05-31 00:00:00+09:00,315.0,315.0,296.0,314.0,3000,0.0,0.0
2021-06-01 00:00:00+09:00,306.0,315.0,303.0,315.0,4400,0.0,0.0
2021-06-02 00:00:00+09:00,309.0,317.0,304.0,311.0,5000,0.0,0.0
2021-06-03 00:00:00+09:00,315.0,319.0,307.0,307.0,6900,0.0,0.0
2021-06-04 00:00:00+09:00,315.0,318.0,310.0,310.0,3400,0.0,0.0
2021-06-07 00:00:00+09:00,317.0,317.0,309.0,316.0,5400,0.0,0.0
2021-06-08 00:00:00+09:00,311.0,316.0,308.0,310.0,8000,0.0,0.0
2021-06-09 00:00:00+09:00,310.0,371.0,305.0,305.0,42800,0.0,0.0
2021-06-10 00:00:00+09:00,320.0,361.0,313.0,327.0,174200,0.0,0.0
2021-06-11 00:00:00+09:00,322.0,326.0,309.0,309.0,28000,0.0,0.0
2021-06-14 00:00:00+09:00,312.0,340.0,312.0,318.0,25900,0.0,0.0
2021-06-15 00:00:00+09:00,320.0,331.0,319.0,330.0,17300,0.0,0.0
2021-06-16 00:00:00+09:00,328.0,340.0,324.0,329.0,16600,0.0,0.0
2021-06-17 00:00:00+09:00,329.0,339.0,320.0,324.0,19200,0.0,0.0
2021-06-18 00:00:00+09:00,324.0,329.0,316.0,320.0,14700,0.0,0.0
2021-06-21 00:00:00+09:00,316.0,316.0,310.0,311.0,5300,0.0,0.0
2021-06-22 00:00:00+09:00,311.0,318.0,311.0,316.0,4900,0.0,0.0
2021-06-23 00:00:00+09:00,319.0,330.0,319.0,325.0,8100,0.0,0.0
2021-06-24 00:00:00+09:00,328.0,329.0,322.0,322.0,3600,0.0,0.0
2021-06-25 00:00:00+09:00,325.0,326.0,317.0,317.0,2500,0.0,0.0
2021-06-28 00:00:00+09:00,323.0,324.0,322.0,324.0,1100,0.0,0.0
2021-06-29 00:00:00+09:00,324.0,326.0,319.0,319.0,5800,0.0,0.0
2021-06-30 00:00:00+09:00,320.0,324.0,318.0,318.0,1800,0.0,0.0
2021-07-01 00:00:00+09:00,323.0,323.0,322.0,322.0,1200,0.0,0.0
2021-07-02 00:00:00+09:00,321.0,323.0,318.0,322.0,1100,0.0,0.0
2021-07-05 00:00:00+09:00,321.0,329.0,320.0,329.0,8700,0.0,0.0
2021-07-06 00:00:00+09:00,328.0,329.0,324.0,326.0,4600,0.0,0.0
2021-07-07 00:00:00+09:00,326.0,326.0,326.0,326.0,1200,0.0,0.0
2021-07-08 00:00:00+09:00,326.0,326.0,320.0,325.0,1600,0.0,0.0
2021-07-09 00:00:00+09:00,321.0,325.0,311.0,311.0,5300,0.0,0.0
2021-07-12 00:00:00+09:00,324.0,358.0,317.0,320.0,57300,0.0,0.0
2021-07-13 00:00:00+09:00,322.0,322.0,312.0,320.0,14000,0.0,0.0
2021-07-14 00:00:00+09:00,319.0,320.0,315.0,319.0,5500,0.0,0.0
2021-07-15 00:00:00+09:00,320.0,320.0,315.0,316.0,1800,0.0,0.0
2021-07-16 00:00:00+09:00,318.0,318.0,312.0,315.0,3600,0.0,0.0
2021-07-19 00:00:00+09:00,315.0,317.0,311.0,314.0,1400,0.0,0.0
2021-07-20 00:00:00+09:00,306.0,311.0,305.0,311.0,5000,0.0,0.0
2021-07-21 00:00:00+09:00,313.0,313.0,304.0,309.0,2300,0.0,0.0
2021-07-26 00:00:00+09:00,313.0,313.0,304.0,308.0,4800,0.0,0.0
2021-07-27 00:00:00+09:00,311.0,313.0,311.0,313.0,1300,0.0,0.0
2021-07-28 00:00:00+09:00,309.0,312.0,301.0,301.0,7600,0.0,0.0
2021-07-29 00:00:00+09:00,306.0,311.0,303.0,308.0,3200,0.0,0.0
2021-07-30 00:00:00+09:00,305.0,308.0,305.0,308.0,800,0.0,0.0
2021-08-02 00:00:00+09:00,309.0,317.0,309.0,313.0,1900,0.0,0.0
2021-08-03 00:00:00+09:00,314.0,316.0,312.0,312.0,600,0.0,0.0
2021-08-04 00:00:00+09:00,316.0,317.0,310.0,314.0,5000,0.0,0.0
2021-08-05 00:00:00+09:00,315.0,315.0,310.0,314.0,1000,0.0,0.0
2021-08-06 00:00:00+09:00,310.0,314.0,309.0,313.0,2500,0.0,0.0
2021-08-10 00:00:00+09:00,308.0,314.0,307.0,311.0,6000,0.0,0.0
2021-08-11 00:00:00+09:00,312.0,313.0,308.0,312.0,2400,0.0,0.0
2021-08-12 00:00:00+09:00,312.0,313.0,307.0,311.0,5000,0.0,0.0
2021-08-13 00:00:00+09:00,311.0,313.0,310.0,313.0,2300,0.0,0.0
2021-08-16 00:00:00+09:00,314.0,314.0,312.0,314.0,1100,0.0,0.0
2021-08-17 00:00:00+09:00,314.0,314.0,311.0,311.0,1400,0.0,0.0
2021-08-18 00:00:00+09:00,314.0,315.0,310.0,313.0,2100,0.0,0.0
2021-08-19 00:00:00+09:00,314.0,315.0,311.0,314.0,800,0.0,0.0
2021-08-20 00:00:00+09:00,310.0,313.0,307.0,310.0,26400,0.0,0.0
2021-08-23 00:00:00+09:00,313.0,313.0,307.0,310.0,4400,0.0,0.0
2021-08-24 00:00:00+09:00,310.0,312.0,307.0,310.0,5600,0.0,0.0
2021-08-25 00:00:00+09:00,311.0,311.0,307.0,309.0,4000,0.0,0.0
2021-08-26 00:00:00+09:00,309.0,309.0,306.0,309.0,5000,0.0,0.0
2021-08-27 00:00:00+09:00,309.0,311.0,306.0,309.0,4000,0.0,0.0
2021-08-30 00:00:00+09:00,311.0,318.0,310.0,311.0,3300,0.0,0.0
2021-08-31 00:00:00+09:00,313.0,314.0,310.0,313.0,4200,0.0,0.0
2021-09-01 00:00:00+09:00,314.0,314.0,304.0,311.0,9300,0.0,0.0
2021-09-02 00:00:00+09:00,311.0,311.0,308.0,311.0,500,0.0,0.0
2021-09-03 00:00:00+09:00,311.0,311.0,309.0,311.0,800,0.0,0.0
2021-09-06 00:00:00+09:00,309.0,312.0,309.0,311.0,1500,0.0,0.0
2021-09-07 00:00:00+09:00,310.0,311.0,309.0,310.0,900,0.0,0.0
2021-09-08 00:00:00+09:00,310.0,313.0,310.0,312.0,3500,0.0,0.0
2021-09-09 00:00:00+09:00,310.0,314.0,308.0,310.0,2500,0.0,0.0
2021-09-10 00:00:00+09:00,311.0,311.0,308.0,311.0,1900,0.0,0.0
2021-09-13 00:00:00+09:00,312.0,314.0,312.0,314.0,1400,0.0,0.0
2021-09-14 00:00:00+09:00,315.0,348.0,309.0,313.0,92300,0.0,0.0
2021-09-15 00:00:00+09:00,313.0,324.0,309.0,318.0,15400,0.0,0.0
2021-09-16 00:00:00+09:00,314.0,319.0,310.0,314.0,16500,0.0,0.0
2021-09-17 00:00:00+09:00,304.0,309.0,304.0,308.0,20000,0.0,0.0
2021-09-21 00:00:00+09:00,305.0,310.0,305.0,308.0,2900,0.0,0.0
2021-09-22 00:00:00+09:00,308.0,388.0,307.0,327.0,979700,0.0,0.0
2021-09-24 00:00:00+09:00,343.0,406.0,332.0,368.0,713000,0.0,0.0
2021-09-27 00:00:00+09:00,362.0,431.0,362.0,387.0,807600,0.0,0.0
2021-09-28 00:00:00+09:00,402.0,415.0,353.0,369.0,198800,0.0,0.0
2021-09-29 00:00:00+09:00,361.0,364.0,341.0,341.0,68900,0.0,0.0
2021-09-30 00:00:00+09:00,333.0,339.0,325.0,325.0,54700,0.0,0.0
2021-10-01 00:00:00+09:00,321.0,329.0,316.0,326.0,27500,0.0,0.0
2021-10-04 00:00:00+09:00,318.0,333.0,317.0,332.0,27800,0.0,0.0
2021-10-05 00:00:00+09:00,325.0,334.0,313.0,324.0,28900,0.0,0.0
2021-10-06 00:00:00+09:00,325.0,335.0,325.0,328.0,9600,0.0,0.0
2021-10-07 00:00:00+09:00,323.0,333.0,319.0,319.0,14700,0.0,0.0
2021-10-08 00:00:00+09:00,320.0,348.0,319.0,323.0,52600,0.0,0.0
2021-10-11 00:00:00+09:00,325.0,335.0,322.0,322.0,12700,0.0,0.0
2021-10-12 00:00:00+09:00,320.0,325.0,316.0,316.0,13900,0.0,0.0
2021-10-13 00:00:00+09:00,314.0,335.0,309.0,326.0,24100,0.0,0.0
2021-10-14 00:00:00+09:00,320.0,335.0,320.0,332.0,8800,0.0,0.0
2021-10-15 00:00:00+09:00,329.0,376.0,323.0,352.0,134000,0.0,0.0
2021-10-18 00:00:00+09:00,352.0,365.0,337.0,348.0,21000,0.0,0.0
2021-10-19 00:00:00+09:00,346.0,359.0,339.0,352.0,15200,0.0,0.0
2021-10-20 00:00:00+09:00,347.0,363.0,346.0,358.0,11600,0.0,0.0
2021-10-21 00:00:00+09:00,360.0,360.0,351.0,356.0,4200,0.0,0.0
2021-10-22 00:00:00+09:00,352.0,359.0,342.0,358.0,11300,0.0,0.0
2021-10-25 00:00:00+09:00,358.0,365.0,354.0,364.0,4100,0.0,0.0
2021-10-26 00:00:00+09:00,360.0,365.0,349.0,359.0,25100,0.0,0.0
2021-10-27 00:00:00+09:00,363.0,365.0,346.0,359.0,26200,0.0,0.0
2021-10-28 00:00:00+09:00,360.0,369.0,351.0,359.0,30300,0.0,0.0
2021-10-29 00:00:00+09:00,361.0,366.0,351.0,363.0,38100,0.0,0.0
2021-11-01 00:00:00+09:00,369.0,377.0,368.0,369.0,17500,0.0,0.0
2021-11-02 00:00:00+09:00,367.0,375.0,367.0,375.0,8900,0.0,0.0
2021-11-04 00:00:00+09:00,377.0,382.0,365.0,365.0,9100,0.0,0.0
2021-11-05 00:00:00+09:00,373.0,377.0,358.0,371.0,27200,0.0,0.0
2021-11-08 00:00:00+09:00,373.0,393.0,372.0,385.0,30900,0.0,0.0
2021-11-09 00:00:00+09:00,385.0,385.0,377.0,382.0,5700,0.0,0.0
2021-11-10 00:00:00+09:00,385.0,385.0,376.0,384.0,9700,0.0,0.0
2021-11-11 00:00:00+09:00,385.0,394.0,380.0,392.0,13700,0.0,0.0
2021-11-12 00:00:00+09:00,394.0,405.0,376.0,398.0,50600,0.0,0.0
2021-11-15 00:00:00+09:00,405.0,415.0,400.0,408.0,25000,0.0,0.0
2021-11-16 00:00:00+09:00,418.0,418.0,387.0,396.0,15100,0.0,0.0
2021-11-17 00:00:00+09:00,400.0,400.0,376.0,381.0,9800,0.0,0.0
2021-11-18 00:00:00+09:00,382.0,395.0,382.0,391.0,4500,0.0,0.0
2021-11-19 00:00:00+09:00,391.0,397.0,391.0,396.0,1400,0.0,0.0
2021-11-22 00:00:00+09:00,389.0,403.0,389.0,396.0,6100,0.0,0.0
2021-11-24 00:00:00+09:00,398.0,403.0,392.0,394.0,3600,0.0,0.0
2021-11-25 00:00:00+09:00,394.0,400.0,394.0,400.0,5100,0.0,0.0
2021-11-26 00:00:00+09:00,403.0,405.0,381.0,391.0,7000,0.0,0.0
2021-11-29 00:00:00+09:00,387.0,398.0,380.0,392.0,5700,0.0,0.0
2021-11-30 00:00:00+09:00,395.0,399.0,392.0,394.0,2000,0.0,0.0
2021-12-01 00:00:00+09:00,396.0,396.0,380.0,392.0,4100,0.0,0.0
2021-12-02 00:00:00+09:00,390.0,394.0,380.0,391.0,2900,0.0,0.0
2021-12-03 00:00:00+09:00,391.0,391.0,383.0,389.0,2700,0.0,0.0
2021-12-06 00:00:00+09:00,389.0,399.0,389.0,394.0,2400,0.0,0.0
2021-12-07 00:00:00+09:00,395.0,398.0,391.0,395.0,3100,0.0,0.0
2021-12-08 00:00:00+09:00,396.0,414.0,385.0,386.0,33400,0.0,0.0
2021-12-09 00:00:00+09:00,385.0,404.0,379.0,383.0,17300,0.0,0.0
2021-12-10 00:00:00+09:00,384.0,391.0,384.0,388.0,1700,0.0,0.0
2021-12-13 00:00:00+09:00,388.0,391.0,386.0,389.0,400,0.0,0.0
2021-12-14 00:00:00+09:00,390.0,390.0,382.0,387.0,1800,0.0,0.0
2021-12-15 00:00:00+09:00,387.0,388.0,384.0,387.0,1900,0.0,0.0
2021-12-16 00:00:00+09:00,387.0,389.0,382.0,382.0,2300,0.0,0.0
2021-12-17 00:00:00+09:00,382.0,385.0,363.0,374.0,5800,0.0,0.0
2021-12-20 00:00:00+09:00,371.0,385.0,351.0,353.0,22800,0.0,0.0
2021-12-21 00:00:00+09:00,356.0,357.0,351.0,356.0,5100,0.0,0.0
2021-12-22 00:00:00+09:00,356.0,366.0,356.0,365.0,2300,0.0,0.0
2021-12-23 00:00:00+09:00,365.0,367.0,365.0,367.0,1900,0.0,0.0
2021-12-24 00:00:00+09:00,367.0,392.0,367.0,383.0,10800,0.0,0.0
2021-12-27 00:00:00+09:00,380.0,389.0,373.0,381.0,7300,0.0,0.0
2021-12-28 00:00:00+09:00,389.0,390.0,377.0,382.0,7500,0.0,0.0
2021-12-29 00:00:00+09:00,374.0,382.0,372.0,377.0,2800,0.0,0.0
2021-12-30 00:00:00+09:00,373.0,377.0,372.0,372.0,1600,0.0,0.0
2022-01-04 00:00:00+09:00,372.0,380.0,372.0,377.0,2200,0.0,0.0
2022-01-05 00:00:00+09:00,380.0,380.0,362.0,372.0,5500,0.0,0.0
2022-01-06 00:00:00+09:00,370.0,373.0,368.0,372.0,1300,0.0,0.0
2022-01-07 00:00:00+09:00,374.0,375.0,366.0,374.0,1200,0.0,0.0
2022-01-11 00:00:00+09:00,374.0,376.0,369.0,369.0,3400,0.0,0.0
2022-01-12 00:00:00+09:00,375.0,375.0,370.0,371.0,1000,0.0,0.0
2022-01-13 00:00:00+09:00,374.0,374.0,366.0,370.0,2600,0.0,0.0
2022-01-14 00:00:00+09:00,372.0,372.0,366.0,369.0,1600,0.0,0.0
2022-01-17 00:00:00+09:00,368.0,369.0,365.0,369.0,1600,0.0,0.0
2022-01-18 00:00:00+09:00,366.0,371.0,363.0,365.0,2000,0.0,0.0
2022-01-19 00:00:00+09:00,364.0,367.0,360.0,366.0,4100,0.0,0.0
2022-01-20 00:00:00+09:00,369.0,369.0,361.0,368.0,1300,0.0,0.0
2022-01-21 00:00:00+09:00,364.0,365.0,360.0,365.0,3000,0.0,0.0
2022-01-24 00:00:00+09:00,364.0,366.0,364.0,364.0,900,0.0,0.0
2022-01-25 00:00:00+09:00,363.0,367.0,358.0,364.0,2900,0.0,0.0
2022-01-26 00:00:00+09:00,364.0,365.0,361.0,365.0,1100,0.0,0.0
2022-01-27 00:00:00+09:00,367.0,367.0,361.0,365.0,1000,0.0,0.0
2022-01-28 00:00:00+09:00,367.0,368.0,363.0,363.0,1200,0.0,0.0
2022-01-31 00:00:00+09:00,369.0,369.0,355.0,365.0,5500,0.0,0.0
2022-02-01 00:00:00+09:00,367.0,375.0,360.0,366.0,1600,0.0,0.0
2022-02-02 00:00:00+09:00,367.0,370.0,364.0,367.0,1400,0.0,0.0
2022-02-03 00:00:00+09:00,367.0,368.0,362.0,365.0,3600,0.0,0.0
2022-02-04 00:00:00+09:00,363.0,366.0,360.0,364.0,4800,0.0,0.0
2022-02-07 00:00:00+09:00,364.0,367.0,364.0,367.0,600,0.0,0.0
2022-02-08 00:00:00+09:00,367.0,370.0,367.0,370.0,1400,0.0,0.0
2022-02-09 00:00:00+09:00,370.0,374.0,370.0,372.0,700,0.0,0.0
2022-02-10 00:00:00+09:00,374.0,374.0,366.0,373.0,1600,0.0,0.0
2022-02-14 00:00:00+09:00,373.0,375.0,373.0,373.0,1100,0.0,0.0
2022-02-15 00:00:00+09:00,368.0,373.0,368.0,372.0,1600,0.0,0.0
2022-02-16 00:00:00+09:00,371.0,373.0,370.0,373.0,3000,0.0,0.0
2022-02-17 00:00:00+09:00,375.0,375.0,371.0,373.0,2400,0.0,0.0
2022-02-18 00:00:00+09:00,357.0,363.0,355.0,362.0,14200,0.0,0.0
2022-02-21 00:00:00+09:00,361.0,368.0,361.0,368.0,3200,0.0,0.0
2022-02-22 00:00:00+09:00,368.0,368.0,361.0,365.0,2100,0.0,0.0
2022-02-24 00:00:00+09:00,368.0,370.0,366.0,370.0,4200,0.0,0.0
2022-02-25 00:00:00+09:00,359.0,363.0,354.0,358.0,6700,0.0,0.0
2022-02-28 00:00:00+09:00,358.0,362.0,342.0,358.0,5000,0.0,0.0
2022-03-01 00:00:00+09:00,357.0,357.0,352.0,357.0,1600,0.0,0.0
2022-03-02 00:00:00+09:00,351.0,356.0,351.0,355.0,1700,0.0,0.0
2022-03-03 00:00:00+09:00,355.0,362.0,355.0,362.0,3400,0.0,0.0
2022-03-04 00:00:00+09:00,362.0,362.0,357.0,361.0,1100,0.0,0.0
2022-03-07 00:00:00+09:00,365.0,365.0,353.0,355.0,1100,0.0,0.0
2022-03-08 00:00:00+09:00,353.0,353.0,346.0,350.0,1700,0.0,0.0
2022-03-09 00:00:00+09:00,353.0,353.0,353.0,353.0,200,0.0,0.0
2022-03-10 00:00:00+09:00,353.0,358.0,351.0,358.0,1300,0.0,0.0
2022-03-11 00:00:00+09:00,352.0,355.0,352.0,355.0,1000,0.0,0.0
2022-03-14 00:00:00+09:00,356.0,358.0,353.0,358.0,400,0.0,0.0
2022-03-15 00:00:00+09:00,350.0,357.0,350.0,357.0,1700,0.0,0.0
2022-03-16 00:00:00+09:00,358.0,370.0,358.0,370.0,7100,0.0,0.0
2022-03-17 00:00:00+09:00,369.0,381.0,362.0,375.0,10300,0.0,0.0
2022-03-18 00:00:00+09:00,377.0,377.0,369.0,374.0,800,0.0,0.0
2022-03-22 00:00:00+09:00,374.0,374.0,362.0,371.0,3100,0.0,0.0
2022-03-23 00:00:00+09:00,371.0,374.0,368.0,369.0,1400,0.0,0.0
2022-03-24 00:00:00+09:00,369.0,371.0,361.0,365.0,7000,0.0,0.0
2022-03-25 00:00:00+09:00,352.0,361.0,350.0,360.0,21800,0.0,0.0
2022-03-28 00:00:00+09:00,360.0,364.0,355.0,360.0,2400,0.0,0.0
2022-03-29 00:00:00+09:00,356.0,359.0,355.0,357.0,600,0.0,0.0
2022-03-30 00:00:00+09:00,357.0,357.0,346.0,355.0,3000,0.0,0.0
2022-03-31 00:00:00+09:00,355.0,355.0,351.0,354.0,300,0.0,0.0
2022-04-01 00:00:00+09:00,354.0,356.0,349.0,353.0,2200,0.0,0.0
2022-04-04 00:00:00+09:00,355.0,355.0,352.0,354.0,400,0.0,0.0
2022-04-05 00:00:00+09:00,346.0,354.0,345.0,353.0,5000,0.0,0.0
2022-04-06 00:00:00+09:00,354.0,357.0,353.0,353.0,2300,0.0,0.0
2022-04-07 00:00:00+09:00,353.0,359.0,351.0,359.0,3400,0.0,0.0
2022-04-08 00:00:00+09:00,354.0,363.0,354.0,360.0,2100,0.0,0.0
2022-04-11 00:00:00+09:00,363.0,367.0,353.0,367.0,3300,0.0,0.0
2022-04-12 00:00:00+09:00,364.0,367.0,360.0,366.0,3200,0.0,0.0
2022-04-13 00:00:00+09:00,352.0,366.0,320.0,326.0,63100,0.0,0.0
2022-04-14 00:00:00+09:00,327.0,336.0,320.0,328.0,30800,0.0,0.0
2022-04-15 00:00:00+09:00,326.0,327.0,314.0,324.0,20500,0.0,0.0
2022-04-18 00:00:00+09:00,318.0,323.0,317.0,321.0,2300,0.0,0.0
2022-04-19 00:00:00+09:00,320.0,321.0,315.0,321.0,2100,0.0,0.0
2022-04-20 00:00:00+09:00,320.0,327.0,312.0,324.0,4300,0.0,0.0
2022-04-21 00:00:00+09:00,322.0,330.0,322.0,328.0,4600,0.0,0.0
2022-04-22 00:00:00+09:00,329.0,329.0,318.0,325.0,3200,0.0,0.0
2022-04-25 00:00:00+09:00,325.0,328.0,322.0,327.0,1400,0.0,0.0
2022-04-26 00:00:00+09:00,327.0,334.0,322.0,333.0,2300,0.0,0.0
2022-04-27 00:00:00+09:00,329.0,334.0,325.0,331.0,3200,0.0,0.0
2022-04-28 00:00:00+09:00,335.0,335.0,327.0,331.0,7200,0.0,0.0
2022-05-02 00:00:00+09:00,329.0,329.0,324.0,325.0,2400,0.0,0.0
2022-05-06 00:00:00+09:00,322.0,334.0,322.0,330.0,5800,0.0,0.0
2022-05-09 00:00:00+09:00,326.0,335.0,324.0,335.0,3400,0.0,0.0
2022-05-10 00:00:00+09:00,334.0,335.0,330.0,335.0,1400,0.0,0.0
2022-05-11 00:00:00+09:00,330.0,368.0,329.0,354.0,52300,0.0,0.0
2022-05-12 00:00:00+09:00,338.0,352.0,329.0,347.0,22100,0.0,0.0
2022-05-13 00:00:00+09:00,335.0,346.0,335.0,342.0,8800,0.0,0.0
2022-05-16 00:00:00+09:00,340.0,346.0,335.0,335.0,4000,0.0,0.0
2022-05-17 00:00:00+09:00,328.0,341.0,328.0,343.0,3000,0.0,0.0
2022-05-18 00:00:00+09:00,344.0,344.0,343.0,343.0,600,0.0,0.0
2022-05-19 00:00:00+09:00,346.0,346.0,338.0,343.0,2700,0.0,0.0
2022-05-20 00:00:00+09:00,345.0,349.0,341.0,344.0,2200,0.0,0.0
2022-05-23 00:00:00+09:00,352.0,352.0,346.0,348.0,800,0.0,0.0
2022-05-24 00:00:00+09:00,342.0,355.0,342.0,348.0,1900,0.0,0.0
2022-05-25 00:00:00+09:00,356.0,420.0,335.0,338.0,167200,0.0,0.0
2022-05-26 00:00:00+09:00,345.0,363.0,337.0,342.0,45300,0.0,0.0
2022-05-27 00:00:00+09:00,346.0,354.0,344.0,350.0,12500,0.0,0.0
2022-05-30 00:00:00+09:00,359.0,359.0,346.0,348.0,4100,0.0,0.0
2022-05-31 00:00:00+09:00,350.0,362.0,348.0,355.0,6300,0.0,0.0
2022-06-01 00:00:00+09:00,350.0,358.0,350.0,353.0,1300,0.0,0.0
2022-06-02 00:00:00+09:00,358.0,359.0,350.0,353.0,1100,0.0,0.0
2022-06-03 00:00:00+09:00,357.0,357.0,348.0,352.0,2100,0.0,0.0
2022-06-06 00:00:00+09:00,368.0,368.0,350.0,353.0,7500,0.0,0.0
2022-06-07 00:00:00+09:00,355.0,359.0,352.0,352.0,3100,0.0,0.0
2022-06-08 00:00:00+09:00,351.0,354.0,340.0,352.0,4400,0.0,0.0
2022-06-09 00:00:00+09:00,354.0,354.0,348.0,352.0,2400,0.0,0.0
2022-06-10 00:00:00+09:00,354.0,355.0,347.0,354.0,2300,0.0,0.0
2022-06-13 00:00:00+09:00,350.0,355.0,348.0,352.0,3100,0.0,0.0
2022-06-14 00:00:00+09:00,349.0,353.0,349.0,350.0,600,0.0,0.0
2022-06-15 00:00:00+09:00,352.0,354.0,345.0,349.0,1700,0.0,0.0
2022-06-16 00:00:00+09:00,352.0,352.0,346.0,346.0,600,0.0,0.0
2022-06-17 00:00:00+09:00,348.0,350.0,342.0,350.0,2100,0.0,0.0
2022-06-20 00:00:00+09:00,347.0,349.0,344.0,347.0,1100,0.0,0.0
2022-06-21 00:00:00+09:00,349.0,353.0,344.0,344.0,1400,0.0,0.0
2022-06-22 00:00:00+09:00,351.0,352.0,343.0,352.0,1900,0.0,0.0
2022-06-23 00:00:00+09:00,353.0,354.0,350.0,353.0,1000,0.0,0.0
2022-06-24 00:00:00+09:00,354.0,356.0,350.0,354.0,3700,0.0,0.0
2022-06-27 00:00:00+09:00,355.0,355.0,348.0,351.0,2100,0.0,0.0
2022-06-28 00:00:00+09:00,351.0,352.0,347.0,352.0,1800,0.0,0.0
2022-06-29 00:00:00+09:00,348.0,353.0,348.0,351.0,600,0.0,0.0
2022-06-30 00:00:00+09:00,352.0,355.0,347.0,350.0,1800,0.0,0.0
2022-07-01 00:00:00+09:00,351.0,356.0,351.0,354.0,1600,0.0,0.0
2022-07-04 00:00:00+09:00,354.0,355.0,347.0,353.0,1600,0.0,0.0
2022-07-05 00:00:00+09:00,349.0,350.0,348.0,350.0,1200,0.0,0.0
2022-07-06 00:00:00+09:00,350.0,358.0,350.0,353.0,1000,0.0,0.0
2022-07-07 00:00:00+09:00,353.0,361.0,348.0,352.0,5900,0.0,0.0
2022-07-08 00:00:00+09:00,350.0,355.0,350.0,355.0,2000,0.0,0.0
2022-07-11 00:00:00+09:00,356.0,362.0,352.0,358.0,6200,0.0,0.0
2022-07-12 00:00:00+09:00,367.0,387.0,361.0,386.0,12900,0.0,0.0
2022-07-13 00:00:00+09:00,388.0,388.0,358.0,365.0,29900,0.0,0.0
2022-07-14 00:00:00+09:00,366.0,366.0,357.0,363.0,4400,0.0,0.0
2022-07-15 00:00:00+09:00,363.0,368.0,363.0,367.0,1400,0.0,0.0
2022-07-19 00:00:00+09:00,368.0,369.0,359.0,360.0,3200,0.0,0.0
2022-07-20 00:00:00+09:00,361.0,374.0,361.0,374.0,11800,0.0,0.0
2022-07-21 00:00:00+09:00,374.0,374.0,367.0,370.0,1500,0.0,0.0
2022-07-22 00:00:00+09:00,375.0,375.0,373.0,373.0,600,0.0,0.0
2022-07-25 00:00:00+09:00,374.0,379.0,371.0,373.0,1500,0.0,0.0
2022-07-26 00:00:00+09:00,380.0,380.0,373.0,375.0,1700,0.0,0.0
2022-07-27 00:00:00+09:00,367.0,379.0,367.0,375.0,7900,0.0,0.0
2022-07-28 00:00:00+09:00,375.0,379.0,370.0,378.0,2200,0.0,0.0
2022-07-29 00:00:00+09:00,380.0,391.0,377.0,385.0,31500,0.0,0.0
2022-08-01 00:00:00+09:00,397.0,398.0,392.0,396.0,3400,0.0,0.0
2022-08-02 00:00:00+09:00,396.0,398.0,386.0,388.0,3400,0.0,0.0
2022-08-03 00:00:00+09:00,392.0,407.0,391.0,400.0,9800,0.0,0.0
2022-08-04 00:00:00+09:00,400.0,403.0,393.0,400.0,3900,0.0,0.0
2022-08-05 00:00:00+09:00,400.0,402.0,395.0,399.0,2900,0.0,0.0
2022-08-08 00:00:00+09:00,399.0,399.0,380.0,393.0,6900,0.0,0.0
2022-08-09 00:00:00+09:00,385.0,393.0,378.0,378.0,4500,0.0,0.0
2022-08-10 00:00:00+09:00,386.0,392.0,385.0,391.0,2700,0.0,0.0
2022-08-12 00:00:00+09:00,383.0,391.0,383.0,389.0,2900,0.0,0.0
2022-08-15 00:00:00+09:00,389.0,393.0,387.0,388.0,1600,0.0,0.0
2022-08-16 00:00:00+09:00,386.0,391.0,384.0,386.0,2100,0.0,0.0
2022-08-17 00:00:00+09:00,387.0,391.0,385.0,390.0,1700,0.0,0.0
2022-08-18 00:00:00+09:00,391.0,392.0,385.0,391.0,2100,0.0,0.0
2022-08-19 00:00:00+09:00,391.0,391.0,387.0,387.0,1000,0.0,0.0
2022-08-22 00:00:00+09:00,385.0,394.0,385.0,392.0,7700,0.0,0.0
2022-08-23 00:00:00+09:00,394.0,394.0,386.0,392.0,1600,0.0,0.0
2022-08-24 00:00:00+09:00,393.0,400.0,391.0,397.0,8900,0.0,0.0
2022-08-25 00:00:00+09:00,398.0,402.0,398.0,400.0,2900,0.0,0.0
2022-08-26 00:00:00+09:00,403.0,408.0,401.0,406.0,3100,0.0,0.0
2022-08-29 00:00:00+09:00,406.0,408.0,390.0,408.0,6400,0.0,0.0
2022-08-30 00:00:00+09:00,407.0,407.0,400.0,406.0,2800,0.0,0.0
2022-08-31 00:00:00+09:00,405.0,423.0,401.0,416.0,25700,0.0,0.0
2022-09-01 00:00:00+09:00,417.0,420.0,411.0,414.0,3500,0.0,0.0
2022-09-02 00:00:00+09:00,418.0,418.0,408.0,414.0,2200,0.0,0.0
2022-09-05 00:00:00+09:00,414.0,414.0,405.0,410.0,800,0.0,0.0
2022-09-06 00:00:00+09:00,410.0,410.0,408.0,408.0,400,0.0,0.0
2022-09-07 00:00:00+09:00,409.0,409.0,405.0,405.0,2100,0.0,0.0
2022-09-08 00:00:00+09:00,404.0,410.0,404.0,410.0,900,0.0,0.0
2022-09-09 00:00:00+09:00,410.0,410.0,407.0,408.0,1200,0.0,0.0
2022-09-12 00:00:00+09:00,408.0,467.0,393.0,396.0,116100,0.0,0.0
2022-09-13 00:00:00+09:00,404.0,406.0,390.0,390.0,11100,0.0,0.0
2022-09-14 00:00:00+09:00,387.0,470.0,386.0,399.0,214000,0.0,0.0
2022-09-15 00:00:00+09:00,415.0,445.0,399.0,399.0,54600,0.0,0.0
2022-09-16 00:00:00+09:00,400.0,400.0,382.0,390.0,18900,0.0,0.0
2022-09-20 00:00:00+09:00,392.0,396.0,384.0,388.0,8800,0.0,0.0
2022-09-21 00:00:00+09:00,390.0,400.0,390.0,394.0,3500,0.0,0.0
2022-09-22 00:00:00+09:00,391.0,394.0,388.0,391.0,4500,0.0,0.0
2022-09-26 00:00:00+09:00,391.0,394.0,384.0,388.0,5600,0.0,0.0
2022-09-27 00:00:00+09:00,390.0,391.0,381.0,391.0,3800,0.0,0.0
2022-09-28 00:00:00+09:00,389.0,391.0,385.0,391.0,3100,0.0,0.0
2022-09-29 00:00:00+09:00,396.0,400.0,394.0,396.0,3200,0.0,0.0
2022-09-30 00:00:00+09:00,392.0,405.0,391.0,400.0,7900,0.0,0.0
2022-10-03 00:00:00+09:00,395.0,404.0,393.0,400.0,4200,0.0,0.0
2022-10-04 00:00:00+09:00,404.0,418.0,400.0,400.0,11600,0.0,0.0
2022-10-05 00:00:00+09:00,390.0,398.0,371.0,391.0,33600,0.0,0.0
2022-10-06 00:00:00+09:00,387.0,397.0,387.0,389.0,4400,0.0,0.0
2022-10-07 00:00:00+09:00,388.0,395.0,388.0,388.0,2000,0.0,0.0
2022-10-11 00:00:00+09:00,394.0,399.0,390.0,397.0,8600,0.0,0.0
2022-10-12 00:00:00+09:00,397.0,400.0,386.0,386.0,8100,0.0,0.0
2022-10-13 00:00:00+09:00,391.0,393.0,385.0,390.0,1900,0.0,0.0
2022-10-14 00:00:00+09:00,390.0,396.0,390.0,394.0,2100,0.0,0.0
2022-10-17 00:00:00+09:00,394.0,405.0,394.0,395.0,7800,0.0,0.0
2022-10-18 00:00:00+09:00,395.0,403.0,395.0,396.0,8400,0.0,0.0
2022-10-19 00:00:00+09:00,398.0,405.0,398.0,400.0,3700,0.0,0.0
2022-10-20 00:00:00+09:00,400.0,403.0,398.0,400.0,1800,0.0,0.0
2022-10-21 00:00:00+09:00,394.0,405.0,394.0,405.0,5900,0.0,0.0
2022-10-24 00:00:00+09:00,405.0,408.0,398.0,399.0,1100,0.0,0.0
2022-10-25 00:00:00+09:00,399.0,403.0,399.0,399.0,1200,0.0,0.0
2022-10-26 00:00:00+09:00,400.0,402.0,398.0,399.0,2500,0.0,0.0
2022-10-27 00:00:00+09:00,402.0,404.0,397.0,404.0,5700,0.0,0.0
2022-10-28 00:00:00+09:00,404.0,405.0,400.0,404.0,6200,0.0,0.0
2022-10-31 00:00:00+09:00,404.0,404.0,400.0,400.0,1700,0.0,0.0
2022-11-01 00:00:00+09:00,403.0,403.0,400.0,400.0,700,0.0,0.0
2022-11-02 00:00:00+09:00,400.0,405.0,397.0,400.0,2200,0.0,0.0
2022-11-04 00:00:00+09:00,397.0,404.0,397.0,399.0,2200,0.0,0.0
2022-11-07 00:00:00+09:00,400.0,400.0,394.0,396.0,1300,0.0,0.0
2022-11-08 00:00:00+09:00,400.0,400.0,395.0,395.0,800,0.0,0.0
2022-11-09 00:00:00+09:00,399.0,399.0,395.0,398.0,2100,0.0,0.0
2022-11-10 00:00:00+09:00,398.0,399.0,393.0,396.0,3900,0.0,0.0
2022-11-11 00:00:00+09:00,396.0,398.0,395.0,397.0,4200,0.0,0.0
2022-11-14 00:00:00+09:00,398.0,398.0,394.0,397.0,800,0.0,0.0
2022-11-15 00:00:00+09:00,399.0,399.0,394.0,396.0,1800,0.0,0.0
2022-11-16 00:00:00+09:00,397.0,398.0,393.0,397.0,2800,0.0,0.0
2022-11-17 00:00:00+09:00,398.0,399.0,395.0,396.0,1800,0.0,0.0
2022-11-18 00:00:00+09:00,394.0,400.0,393.0,399.0,3400,0.0,0.0
2022-11-21 00:00:00+09:00,399.0,399.0,392.0,397.0,2200,0.0,0.0
2022-11-22 00:00:00+09:00,399.0,399.0,398.0,399.0,1800,0.0,0.0
2022-11-24 00:00:00+09:00,399.0,399.0,396.0,399.0,1200,0.0,0.0
2022-11-25 00:00:00+09:00,399.0,400.0,395.0,400.0,1000,0.0,0.0
2022-11-28 00:00:00+09:00,400.0,400.0,398.0,400.0,900,0.0,0.0
2022-11-29 00:00:00+09:00,391.0,399.0,391.0,399.0,2500,0.0,0.0
2022-11-30 00:00:00+09:00,400.0,403.0,397.0,398.0,3300,0.0,0.0
2022-12-01 00:00:00+09:00,400.0,404.0,397.0,399.0,3600,0.0,0.0
2022-12-02 00:00:00+09:00,400.0,400.0,396.0,400.0,1700,0.0,0.0
2022-12-05 00:00:00+09:00,402.0,405.0,398.0,398.0,2200,0.0,0.0
2022-12-06 00:00:00+09:00,400.0,403.0,395.0,400.0,4500,0.0,0.0
2022-12-07 00:00:00+09:00,399.0,403.0,395.0,402.0,1000,0.0,0.0
2022-12-08 00:00:00+09:00,403.0,405.0,393.0,405.0,10500,0.0,0.0
2022-12-09 00:00:00+09:00,412.0,412.0,402.0,406.0,6400,0.0,0.0
2022-12-12 00:00:00+09:00,404.0,408.0,404.0,405.0,900,0.0,0.0
2022-12-13 00:00:00+09:00,407.0,409.0,404.0,408.0,3200,0.0,0.0
2022-12-14 00:00:00+09:00,408.0,408.0,404.0,406.0,1600,0.0,0.0
2022-12-15 00:00:00+09:00,407.0,408.0,405.0,408.0,900,0.0,0.0
2022-12-16 00:00:00+09:00,408.0,408.0,400.0,406.0,1600,0.0,0.0
2022-12-19 00:00:00+09:00,406.0,406.0,400.0,406.0,3800,0.0,0.0
2022-12-20 00:00:00+09:00,406.0,406.0,400.0,404.0,3500,0.0,0.0
2022-12-21 00:00:00+09:00,404.0,404.0,399.0,400.0,2200,0.0,0.0
2022-12-22 00:00:00+09:00,400.0,403.0,400.0,403.0,2400,0.0,0.0
2022-12-23 00:00:00+09:00,403.0,405.0,398.0,402.0,4900,0.0,0.0
2022-12-26 00:00:00+09:00,402.0,402.0,398.0,399.0,2500,0.0,0.0
2022-12-27 00:00:00+09:00,399.0,405.0,397.0,400.0,5300,0.0,0.0
2022-12-28 00:00:00+09:00,404.0,405.0,399.0,401.0,2900,0.0,0.0
2022-12-29 00:00:00+09:00,405.0,405.0,399.0,401.0,2400,0.0,0.0
2022-12-30 00:00:00+09:00,404.0,404.0,399.0,400.0,900,0.0,0.0
2023-01-04 00:00:00+09:00,397.0,407.0,397.0,405.0,9000,0.0,0.0
2023-01-05 00:00:00+09:00,403.0,406.0,402.0,404.0,1600,0.0,0.0
2023-01-06 00:00:00+09:00,406.0,407.0,402.0,405.0,1700,0.0,0.0
2023-01-10 00:00:00+09:00,410.0,414.0,407.0,407.0,2000,0.0,0.0
2023-01-11 00:00:00+09:00,412.0,413.0,408.0,413.0,4000,0.0,0.0
2023-01-12 00:00:00+09:00,413.0,419.0,401.0,419.0,8300,0.0,0.0
2023-01-13 00:00:00+09:00,411.0,418.0,409.0,416.0,2200,0.0,0.0
2023-01-16 00:00:00+09:00,419.0,420.0,413.0,418.0,1500,0.0,0.0
2023-01-17 00:00:00+09:00,420.0,428.0,420.0,428.0,5300,0.0,0.0
2023-01-18 00:00:00+09:00,429.0,430.0,424.0,429.0,2000,0.0,0.0
2023-01-19 00:00:00+09:00,429.0,432.0,429.0,430.0,1500,0.0,0.0
2023-01-20 00:00:00+09:00,428.0,431.0,425.0,429.0,1200,0.0,0.0
2023-01-23 00:00:00+09:00,432.0,432.0,429.0,429.0,1600,0.0,0.0
2023-01-24 00:00:00+09:00,433.0,433.0,430.0,431.0,700,0.0,0.0
2023-01-25 00:00:00+09:00,434.0,434.0,425.0,430.0,1900,0.0,0.0
2023-01-26 00:00:00+09:00,430.0,433.0,426.0,431.0,6600,0.0,0.0
2023-01-27 00:00:00+09:00,432.0,432.0,412.0,432.0,2800,0.0,0.0
2023-01-30 00:00:00+09:00,434.0,435.0,431.0,435.0,2000,0.0,0.0
2023-01-31 00:00:00+09:00,433.0,434.0,425.0,431.0,3600,0.0,0.0
2023-02-01 00:00:00+09:00,433.0,437.0,427.0,428.0,3100,0.0,0.0
2023-02-02 00:00:00+09:00,428.0,428.0,421.0,424.0,2300,0.0,0.0
2023-02-03 00:00:00+09:00,426.0,427.0,422.0,425.0,3200,0.0,0.0
2023-02-06 00:00:00+09:00,428.0,430.0,425.0,430.0,1800,0.0,0.0
2023-02-07 00:00:00+09:00,430.0,430.0,425.0,428.0,2000,0.0,0.0
2023-02-08 00:00:00+09:00,428.0,430.0,428.0,429.0,900,0.0,0.0
2023-02-09 00:00:00+09:00,428.0,430.0,421.0,428.0,5800,0.0,0.0
2023-02-10 00:00:00+09:00,429.0,429.0,425.0,428.0,700,0.0,0.0
2023-02-13 00:00:00+09:00,427.0,432.0,425.0,432.0,2500,0.0,0.0
2023-02-14 00:00:00+09:00,432.0,432.0,428.0,429.0,2500,0.0,0.0
2023-02-15 00:00:00+09:00,427.0,429.0,426.0,429.0,1100,0.0,0.0
2023-02-16 00:00:00+09:00,430.0,432.0,428.0,430.0,3400,0.0,0.0
2023-02-17 00:00:00+09:00,432.0,432.0,429.0,430.0,1000,0.0,0.0
2023-02-20 00:00:00+09:00,430.0,439.0,430.0,439.0,4800,0.0,0.0
2023-02-21 00:00:00+09:00,439.0,439.0,433.0,433.0,4500,0.0,0.0
2023-02-22 00:00:00+09:00,439.0,439.0,430.0,438.0,5000,0.0,0.0
2023-02-24 00:00:00+09:00,440.0,442.0,435.0,442.0,5200,0.0,0.0
2023-02-27 00:00:00+09:00,435.0,440.0,426.0,434.0,7100,0.0,0.0
2023-02-28 00:00:00+09:00,434.0,434.0,426.0,431.0,1200,0.0,0.0
2023-03-01 00:00:00+09:00,430.0,432.0,421.0,432.0,2500,0.0,0.0
2023-03-02 00:00:00+09:00,432.0,432.0,427.0,432.0,400,0.0,0.0
2023-03-03 00:00:00+09:00,431.0,431.0,426.0,429.0,1700,0.0,0.0
2023-03-06 00:00:00+09:00,429.0,432.0,423.0,427.0,3400,0.0,0.0
2023-03-07 00:00:00+09:00,429.0,436.0,424.0,425.0,5700,0.0,0.0
2023-03-08 00:00:00+09:00,426.0,428.0,424.0,426.0,1500,0.0,0.0
2023-03-09 00:00:00+09:00,425.0,430.0,423.0,425.0,2200,0.0,0.0
2023-03-10 00:00:00+09:00,426.0,427.0,424.0,427.0,600,0.0,0.0
2023-03-13 00:00:00+09:00,425.0,425.0,420.0,423.0,2200,0.0,0.0
2023-03-14 00:00:00+09:00,421.0,425.0,420.0,424.0,1200,0.0,0.0
2023-03-15 00:00:00+09:00,422.0,425.0,422.0,422.0,800,0.0,0.0
2023-03-16 00:00:00+09:00,426.0,426.0,421.0,424.0,800,0.0,0.0
2023-03-17 00:00:00+09:00,421.0,424.0,420.0,424.0,800,0.0,0.0
2023-03-20 00:00:00+09:00,426.0,426.0,420.0,423.0,800,0.0,0.0
2023-03-22 00:00:00+09:00,423.0,423.0,420.0,420.0,1300,0.0,0.0
2023-03-23 00:00:00+09:00,418.0,422.0,418.0,421.0,600,0.0,0.0
2023-03-24 00:00:00+09:00,422.0,422.0,421.0,422.0,500,0.0,0.0
2023-03-27 00:00:00+09:00,422.0,424.0,420.0,424.0,800,0.0,0.0
2023-03-28 00:00:00+09:00,424.0,425.0,420.0,425.0,3900,0.0,0.0
2023-03-29 00:00:00+09:00,425.0,425.0,420.0,420.0,1100,0.0,0.0
2023-03-30 00:00:00+09:00,424.0,425.0,415.0,420.0,1600,0.0,0.0
2023-03-31 00:00:00+09:00,420.0,422.0,418.0,422.0,1600,0.0,0.0
2023-04-03 00:00:00+09:00,424.0,425.0,418.0,424.0,1600,0.0,0.0
2023-04-04 00:00:00+09:00,425.0,428.0,412.0,424.0,4400,0.0,0.0
2023-04-05 00:00:00+09:00,424.0,424.0,420.0,422.0,700,0.0,0.0
2023-04-06 00:00:00+09:00,422.0,422.0,418.0,421.0,1800,0.0,0.0
2023-04-07 00:00:00+09:00,421.0,421.0,418.0,420.0,300,0.0,0.0
2023-04-10 00:00:00+09:00,460.0,500.0,423.0,423.0,163500,0.0,0.0
2023-04-11 00:00:00+09:00,430.0,430.0,418.0,418.0,15400,0.0,0.0
2023-04-12 00:00:00+09:00,419.0,420.0,398.0,414.0,16000,0.0,0.0
2023-04-13 00:00:00+09:00,421.0,433.0,418.0,427.0,11900,0.0,0.0
2023-04-14 00:00:00+09:00,427.0,427.0,406.0,415.0,15900,0.0,0.0
2023-04-17 00:00:00+09:00,412.0,418.0,408.0,413.0,4600,0.0,0.0
2023-04-18 00:00:00+09:00,414.0,415.0,410.0,414.0,3200,0.0,0.0
2023-04-19 00:00:00+09:00,414.0,417.0,414.0,416.0,1100,0.0,0.0
2023-04-20 00:00:00+09:00,417.0,417.0,411.0,416.0,2300,0.0,0.0
2023-04-21 00:00:00+09:00,416.0,418.0,413.0,418.0,1700,0.0,0.0
2023-04-24 00:00:00+09:00,416.0,419.0,413.0,419.0,4900,0.0,0.0
2023-04-25 00:00:00+09:00,419.0,419.0,416.0,418.0,1600,0.0,0.0
2023-04-26 00:00:00+09:00,414.0,418.0,414.0,416.0,1100,0.0,0.0
2023-04-27 00:00:00+09:00,419.0,419.0,407.0,407.0,3600,0.0,0.0
2023-04-28 00:00:00+09:00,414.0,415.0,408.0,412.0,8700,0.0,0.0
2023-05-01 00:00:00+09:00,415.0,418.0,412.0,417.0,4400,0.0,0.0
2023-05-02 00:00:00+09:00,417.0,420.0,417.0,418.0,3800,0.0,0.0
2023-05-08 00:00:00+09:00,421.0,421.0,414.0,419.0,6400,0.0,0.0
2023-05-09 00:00:00+09:00,419.0,420.0,412.0,417.0,3500,0.0,0.0
2023-05-10 00:00:00+09:00,415.0,419.0,414.0,416.0,1300,0.0,0.0
2023-05-11 00:00:00+09:00,416.0,418.0,414.0,416.0,1100,0.0,0.0
2023-05-12 00:00:00+09:00,414.0,417.0,412.0,417.0,2000,0.0,0.0
2023-05-15 00:00:00+09:00,413.0,417.0,413.0,417.0,2900,0.0,0.0
2023-05-16 00:00:00+09:00,419.0,419.0,413.0,416.0,1300,0.0,0.0
2023-05-17 00:00:00+09:00,416.0,421.0,416.0,419.0,3800,0.0,0.0
2023-05-18 00:00:00+09:00,419.0,420.0,414.0,418.0,2900,0.0,0.0
2023-05-19 00:00:00+09:00,416.0,419.0,416.0,419.0,1300,0.0,0.0
2023-05-22 00:00:00+09:00,419.0,419.0,416.0,419.0,1000,0.0,0.0
2023-05-23 00:00:00+09:00,419.0,420.0,415.0,417.0,2200,0.0,0.0
2023-05-24 00:00:00+09:00,417.0,417.0,415.0,417.0,700,0.0,0.0
2023-05-25 00:00:00+09:00,414.0,417.0,413.0,416.0,2200,0.0,0.0
2023-05-26 00:00:00+09:00,418.0,419.0,414.0,419.0,2100,0.0,0.0
2023-05-29 00:00:00+09:00,419.0,422.0,413.0,419.0,6600,0.0,0.0
2023-05-30 00:00:00+09:00,419.0,419.0,416.0,417.0,1900,0.0,0.0
2023-05-31 00:00:00+09:00,417.0,417.0,415.0,415.0,600,0.0,0.0
2023-06-01 00:00:00+09:00,416.0,422.0,416.0,421.0,1400,0.0,0.0
2023-06-02 00:00:00+09:00,421.0,423.0,420.0,423.0,2500,0.0,0.0
2023-06-05 00:00:00+09:00,424.0,425.0,422.0,424.0,3400,0.0,0.0
2023-06-06 00:00:00+09:00,424.0,440.0,421.0,426.0,11500,0.0,0.0
2023-06-07 00:00:00+09:00,427.0,427.0,422.0,427.0,1200,0.0,0.0
2023-06-08 00:00:00+09:00,427.0,427.0,415.0,425.0,4600,0.0,0.0
2023-06-09 00:00:00+09:00,425.0,428.0,424.0,424.0,2400,0.0,0.0
2023-06-12 00:00:00+09:00,425.0,425.0,424.0,425.0,900,0.0,0.0
2023-06-13 00:00:00+09:00,425.0,425.0,412.0,421.0,5000,0.0,0.0
2023-06-14 00:00:00+09:00,423.0,424.0,409.0,418.0,8300,0.0,0.0
2023-06-15 00:00:00+09:00,420.0,420.0,415.0,420.0,1000,0.0,0.0
2023-06-16 00:00:00+09:00,420.0,420.0,417.0,419.0,600,0.0,0.0
2023-06-19 00:00:00+09:00,420.0,421.0,416.0,421.0,1000,0.0,0.0
2023-06-20 00:00:00+09:00,421.0,422.0,417.0,421.0,1900,0.0,0.0
2023-06-21 00:00:00+09:00,422.0,424.0,419.0,424.0,1700,0.0,0.0
2023-06-22 00:00:00+09:00,423.0,424.0,420.0,420.0,1300,0.0,0.0
2023-06-23 00:00:00+09:00,420.0,425.0,420.0,422.0,2100,0.0,0.0
2023-06-26 00:00:00+09:00,423.0,423.0,418.0,421.0,1900,0.0,0.0
2023-06-27 00:00:00+09:00,419.0,423.0,419.0,422.0,800,0.0,0.0
2023-06-28 00:00:00+09:00,422.0,422.0,417.0,419.0,3200,0.0,0.0
2023-06-29 00:00:00+09:00,421.0,421.0,417.0,420.0,1700,0.0,0.0
2023-06-30 00:00:00+09:00,422.0,425.0,419.0,423.0,1800,0.0,0.0
2023-07-03 00:00:00+09:00,426.0,430.0,423.0,428.0,3500,0.0,0.0
2023-07-04 00:00:00+09:00,428.0,448.0,428.0,437.0,13400,0.0,0.0
2023-07-05 00:00:00+09:00,435.0,445.0,435.0,441.0,7900,0.0,0.0
2023-07-06 00:00:00+09:00,441.0,444.0,437.0,440.0,1300,0.0,0.0
2023-07-07 00:00:00+09:00,436.0,445.0,436.0,444.0,2300,0.0,0.0
2023-07-10 00:00:00+09:00,446.0,455.0,444.0,455.0,15500,0.0,0.0
2023-07-11 00:00:00+09:00,461.0,465.0,457.0,457.0,14000,0.0,0.0
2023-07-12 00:00:00+09:00,471.0,531.0,436.0,441.0,147100,0.0,0.0
2023-07-13 00:00:00+09:00,441.0,454.0,430.0,441.0,14000,0.0,0.0
2023-07-14 00:00:00+09:00,444.0,444.0,431.0,444.0,7900,0.0,0.0
2023-07-18 00:00:00+09:00,445.0,445.0,440.0,445.0,2500,0.0,0.0
2023-07-19 00:00:00+09:00,446.0,455.0,443.0,448.0,7300,0.0,0.0
2023-07-20 00:00:00+09:00,444.0,460.0,444.0,459.0,5600,0.0,0.0
2023-07-21 00:00:00+09:00,463.0,463.0,449.0,455.0,4600,0.0,0.0
2023-07-24 00:00:00+09:00,456.0,462.0,451.0,452.0,5500,0.0,0.0
2023-07-25 00:00:00+09:00,452.0,453.0,447.0,453.0,3000,0.0,0.0
2023-07-26 00:00:00+09:00,448.0,458.0,448.0,458.0,4100,0.0,0.0
2023-07-27 00:00:00+09:00,458.0,458.0,451.0,454.0,3200,0.0,0.0
2023-07-28 00:00:00+09:00,454.0,454.0,445.0,449.0,2200,0.0,0.0
2023-07-31 00:00:00+09:00,449.0,449.0,445.0,449.0,2500,0.0,0.0
2023-08-01 00:00:00+09:00,445.0,448.0,445.0,447.0,2200,0.0,0.0
2023-08-02 00:00:00+09:00,444.0,453.0,442.0,453.0,3700,0.0,0.0
2023-08-03 00:00:00+09:00,453.0,453.0,447.0,451.0,600,0.0,0.0
2023-08-04 00:00:00+09:00,451.0,451.0,446.0,449.0,800,0.0,0.0
2023-08-07 00:00:00+09:00,445.0,450.0,445.0,448.0,1000,0.0,0.0
2023-08-08 00:00:00+09:00,444.0,450.0,444.0,447.0,1900,0.0,0.0
2023-08-09 00:00:00+09:00,444.0,449.0,442.0,447.0,3700,0.0,0.0
2023-08-10 00:00:00+09:00,447.0,449.0,441.0,448.0,2500,0.0,0.0
2023-08-14 00:00:00+09:00,449.0,455.0,448.0,451.0,8700,0.0,0.0
2023-08-15 00:00:00+09:00,455.0,456.0,447.0,454.0,4200,0.0,0.0
2023-08-16 00:00:00+09:00,470.0,470.0,456.0,464.0,14700,0.0,0.0
2023-08-17 00:00:00+09:00,472.0,473.0,459.0,463.0,9300,0.0,0.0
2023-08-18 00:00:00+09:00,463.0,466.0,453.0,460.0,6200,0.0,0.0
2023-08-21 00:00:00+09:00,460.0,473.0,459.0,461.0,3800,0.0,0.0
2023-08-22 00:00:00+09:00,460.0,465.0,459.0,460.0,1500,0.0,0.0
2023-08-23 00:00:00+09:00,460.0,470.0,458.0,470.0,5800,0.0,0.0
2023-08-24 00:00:00+09:00,470.0,474.0,464.0,469.0,6900,0.0,0.0
2023-08-25 00:00:00+09:00,470.0,470.0,454.0,463.0,6300,0.0,0.0
2023-08-28 00:00:00+09:00,463.0,470.0,463.0,470.0,4800,0.0,0.0
2023-08-29 00:00:00+09:00,472.0,479.0,470.0,475.0,6000,0.0,0.0
2023-08-30 00:00:00+09:00,469.0,474.0,467.0,474.0,2800,0.0,0.0
2023-08-31 00:00:00+09:00,474.0,475.0,469.0,473.0,2900,0.0,0.0
2023-09-01 00:00:00+09:00,475.0,477.0,465.0,473.0,2100,0.0,0.0
2023-09-04 00:00:00+09:00,473.0,477.0,470.0,473.0,2400,0.0,0.0
2023-09-05 00:00:00+09:00,473.0,475.0,467.0,473.0,3100,0.0,0.0
2023-09-06 00:00:00+09:00,475.0,475.0,466.0,470.0,4300,0.0,0.0
2023-09-07 00:00:00+09:00,468.0,471.0,465.0,467.0,3200,0.0,0.0
2023-09-08 00:00:00+09:00,465.0,471.0,464.0,469.0,3500,0.0,0.0
2023-09-11 00:00:00+09:00,467.0,469.0,460.0,460.0,4300,0.0,0.0
2023-09-12 00:00:00+09:00,462.0,466.0,460.0,463.0,1400,0.0,0.0
2023-09-13 00:00:00+09:00,465.0,466.0,460.0,462.0,2300,0.0,0.0
2023-09-14 00:00:00+09:00,460.0,463.0,459.0,459.0,3100,0.0,0.0
2023-09-15 00:00:00+09:00,457.0,468.0,456.0,467.0,6100,0.0,0.0
2023-09-19 00:00:00+09:00,465.0,466.0,454.0,466.0,6000,0.0,0.0
2023-09-20 00:00:00+09:00,466.0,470.0,463.0,468.0,1800,0.0,0.0
2023-09-21 00:00:00+09:00,468.0,475.0,468.0,472.0,2800,0.0,0.0
2023-09-22 00:00:00+09:00,467.0,474.0,463.0,472.0,3300,0.0,0.0
2023-09-25 00:00:00+09:00,476.0,490.0,473.0,479.0,9000,0.0,0.0
2023-09-26 00:00:00+09:00,479.0,479.0,476.0,476.0,1500,0.0,0.0
2023-09-27 00:00:00+09:00,477.0,482.0,472.0,478.0,2700,0.0,0.0
2023-09-28 00:00:00+09:00,478.0,487.0,478.0,487.0,5100,0.0,0.0
2023-09-29 00:00:00+09:00,486.0,487.0,480.0,487.0,4700,0.0,0.0
2023-10-02 00:00:00+09:00,487.0,487.0,481.0,486.0,6600,0.0,0.0
2023-10-03 00:00:00+09:00,486.0,486.0,477.0,486.0,4500,0.0,0.0
2023-10-04 00:00:00+09:00,478.0,484.0,477.0,482.0,1500,0.0,0.0
2023-10-05 00:00:00+09:00,480.0,482.0,477.0,478.0,4000,0.0,0.0
2023-10-06 00:00:00+09:00,470.0,472.0,452.0,464.0,28400,0.0,0.0
2023-10-10 00:00:00+09:00,465.0,469.0,456.0,462.0,10400,0.0,0.0
2023-10-11 00:00:00+09:00,469.0,470.0,455.0,455.0,18100,0.0,0.0
2023-10-12 00:00:00+09:00,456.0,470.0,455.0,470.0,22100,0.0,0.0
2023-10-13 00:00:00+09:00,471.0,471.0,452.0,461.0,11300,0.0,0.0
2023-10-16 00:00:00+09:00,445.0,446.0,425.0,439.0,15800,0.0,0.0
2023-10-17 00:00:00+09:00,455.0,455.0,444.0,446.0,2200,0.0,0.0
2023-10-18 00:00:00+09:00,452.0,452.0,447.0,449.0,1400,0.0,0.0
2023-10-19 00:00:00+09:00,449.0,452.0,446.0,448.0,1900,0.0,0.0
2023-10-20 00:00:00+09:00,444.0,449.0,443.0,449.0,3200,0.0,0.0
2023-10-23 00:00:00+09:00,450.0,450.0,446.0,449.0,3300,0.0,0.0
2023-10-24 00:00:00+09:00,445.0,447.0,435.0,440.0,3600,0.0,0.0
2023-10-25 00:00:00+09:00,441.0,442.0,439.0,439.0,1000,0.0,0.0
2023-10-26 00:00:00+09:00,439.0,443.0,439.0,443.0,1200,0.0,0.0
2023-10-27 00:00:00+09:00,442.0,442.0,438.0,441.0,7800,0.0,0.0
2023-10-30 00:00:00+09:00,437.0,442.0,437.0,438.0,1600,0.0,0.0
2023-10-31 00:00:00+09:00,438.0,441.0,438.0,439.0,1100,0.0,0.0
2023-11-01 00:00:00+09:00,439.0,442.0,438.0,442.0,3300,0.0,0.0
2023-11-02 00:00:00+09:00,442.0,447.0,442.0,445.0,1900,0.0,0.0
2023-11-06 00:00:00+09:00,449.0,453.0,446.0,451.0,2600,0.0,0.0
2023-11-07 00:00:00+09:00,448.0,450.0,441.0,443.0,5300,0.0,0.0
2023-11-08 00:00:00+09:00,445.0,449.0,443.0,445.0,2200,0.0,0.0
2023-11-09 00:00:00+09:00,447.0,448.0,444.0,447.0,1500,0.0,0.0
2023-11-10 00:00:00+09:00,449.0,450.0,446.0,450.0,1800,0.0,0.0
2023-11-13 00:00:00+09:00,451.0,451.0,446.0,449.0,2800,0.0,0.0
2023-11-14 00:00:00+09:00,449.0,449.0,445.0,448.0,600,0.0,0.0
2023-11-15 00:00:00+09:00,442.0,448.0,442.0,446.0,3500,0.0,0.0
2023-11-16 00:00:00+09:00,450.0,450.0,443.0,443.0,2300,0.0,0.0
2023-11-17 00:00:00+09:00,444.0,448.0,443.0,446.0,1700,0.0,0.0
2023-11-20 00:00:00+09:00,445.0,445.0,443.0,445.0,1400,0.0,0.0
2023-11-21 00:00:00+09:00,445.0,446.0,443.0,445.0,2700,0.0,0.0
2023-11-22 00:00:00+09:00,448.0,448.0,443.0,443.0,1000,0.0,0.0
2023-11-24 00:00:00+09:00,444.0,446.0,444.0,446.0,600,0.0,0.0
2023-11-27 00:00:00+09:00,450.0,450.0,445.0,447.0,2600,0.0,0.0
2023-11-28 00:00:00+09:00,449.0,449.0,441.0,446.0,7200,0.0,0.0
2023-11-29 00:00:00+09:00,445.0,445.0,442.0,444.0,1800,0.0,0.0
2023-11-30 00:00:00+09:00,446.0,446.0,444.0,445.0,800,0.0,0.0
2023-12-01 00:00:00+09:00,446.0,449.0,443.0,443.0,2000,0.0,0.0
2023-12-04 00:00:00+09:00,446.0,447.0,443.0,446.0,1600,0.0,0.0
2023-12-05 00:00:00+09:00,443.0,446.0,443.0,446.0,500,0.0,0.0
2023-12-06 00:00:00+09:00,443.0,447.0,442.0,447.0,2600,0.0,0.0
2023-12-07 00:00:00+09:00,446.0,448.0,445.0,447.0,1100,0.0,0.0
2023-12-08 00:00:00+09:00,445.0,449.0,443.0,449.0,3700,0.0,0.0
2023-12-11 00:00:00+09:00,450.0,450.0,443.0,445.0,4100,0.0,0.0
2023-12-12 00:00:00+09:00,444.0,447.0,444.0,447.0,1000,0.0,0.0
2023-12-13 00:00:00+09:00,446.0,446.0,443.0,446.0,3000,0.0,0.0
2023-12-14 00:00:00+09:00,448.0,448.0,445.0,446.0,2200,0.0,0.0
2023-12-15 00:00:00+09:00,441.0,446.0,438.0,444.0,7400,0.0,0.0
2023-12-18 00:00:00+09:00,444.0,444.0,438.0,442.0,3500,0.0,0.0
2023-12-19 00:00:00+09:00,440.0,444.0,440.0,442.0,1000,0.0,0.0
2023-12-20 00:00:00+09:00,444.0,444.0,440.0,442.0,3300,0.0,0.0
2023-12-21 00:00:00+09:00,442.0,444.0,436.0,442.0,4000,0.0,0.0
2023-12-22 00:00:00+09:00,439.0,442.0,435.0,442.0,3900,0.0,0.0
2023-12-25 00:00:00+09:00,442.0,443.0,438.0,441.0,4400,0.0,0.0
2023-12-26 00:00:00+09:00,440.0,443.0,437.0,441.0,3100,0.0,0.0
2023-12-27 00:00:00+09:00,437.0,444.0,437.0,442.0,3600,0.0,0.0
2023-12-28 00:00:00+09:00,442.0,446.0,442.0,444.0,3200,0.0,0.0
2023-12-29 00:00:00+09:00,444.0,448.0,442.0,446.0,4900,0.0,0.0
2024-01-04 00:00:00+09:00,444.0,449.0,442.0,446.0,8500,0.0,0.0
2024-01-05 00:00:00+09:00,467.0,467.0,452.0,457.0,33200,0.0,0.0
2024-01-09 00:00:00+09:00,457.0,464.0,457.0,464.0,11600,0.0,0.0
2024-01-10 00:00:00+09:00,463.0,465.0,460.0,461.0,3200,0.0,0.0
2024-01-11 00:00:00+09:00,464.0,464.0,460.0,462.0,3100,0.0,0.0
2024-01-12 00:00:00+09:00,470.0,472.0,456.0,463.0,22300,0.0,0.0
2024-01-15 00:00:00+09:00,463.0,464.0,458.0,461.0,2200,0.0,0.0
2024-01-16 00:00:00+09:00,466.0,468.0,464.0,467.0,3800,0.0,0.0
2024-01-17 00:00:00+09:00,468.0,468.0,463.0,466.0,5000,0.0,0.0
2024-01-18 00:00:00+09:00,466.0,468.0,463.0,465.0,2800,0.0,0.0
2024-01-19 00:00:00+09:00,465.0,467.0,463.0,463.0,3000,0.0,0.0
2024-01-22 00:00:00+09:00,463.0,467.0,462.0,467.0,5100,0.0,0.0
2024-01-23 00:00:00+09:00,468.0,488.0,458.0,461.0,39600,0.0,0.0
2024-01-24 00:00:00+09:00,457.0,469.0,450.0,469.0,11300,0.0,0.0
2024-01-25 00:00:00+09:00,475.0,476.0,469.0,476.0,14600,0.0,0.0
2024-01-26 00:00:00+09:00,475.0,478.0,471.0,478.0,7000,0.0,0.0
2024-01-29 00:00:00+09:00,481.0,486.0,480.0,483.0,12000,0.0,0.0
2024-01-30 00:00:00+09:00,487.0,490.0,484.0,488.0,17700,0.0,0.0
2024-01-31 00:00:00+09:00,484.0,490.0,479.0,488.0,6000,0.0,0.0
2024-02-01 00:00:00+09:00,481.0,488.0,481.0,487.0,1400,0.0,0.0
2024-02-02 00:00:00+09:00,483.0,488.0,471.0,484.0,9400,0.0,0.0
2024-02-05 00:00:00+09:00,484.0,493.0,483.0,491.0,5100,0.0,0.0
2024-02-06 00:00:00+09:00,491.0,495.0,491.0,492.0,2700,0.0,0.0
2024-02-07 00:00:00+09:00,495.0,503.0,492.0,502.0,8400,0.0,0.0
2024-02-08 00:00:00+09:00,500.0,509.0,500.0,509.0,7800,0.0,0.0
2024-02-09 00:00:00+09:00,545.0,555.0,519.0,540.0,85500,0.0,0.0
2024-02-13 00:00:00+09:00,545.0,545.0,518.0,529.0,29100,0.0,0.0
2024-02-14 00:00:00+09:00,529.0,538.0,529.0,532.0,7500,0.0,0.0
2024-02-15 00:00:00+09:00,532.0,541.0,532.0,539.0,9300,0.0,0.0
2024-02-16 00:00:00+09:00,539.0,543.0,535.0,539.0,5500,0.0,0.0
2024-02-19 00:00:00+09:00,540.0,542.0,536.0,536.0,6700,0.0,0.0
2024-02-20 00:00:00+09:00,543.0,543.0,530.0,530.0,10400,0.0,0.0
2024-02-21 00:00:00+09:00,528.0,534.0,525.0,530.0,7000,0.0,0.0
2024-02-22 00:00:00+09:00,534.0,534.0,525.0,529.0,6100,0.0,0.0
2024-02-26 00:00:00+09:00,531.0,534.0,513.0,514.0,12100,0.0,0.0
2024-02-27 00:00:00+09:00,504.0,514.0,487.0,502.0,23300,0.0,0.0
2024-02-28 00:00:00+09:00,492.0,495.0,485.0,494.0,9100,0.0,0.0
2024-02-29 00:00:00+09:00,485.0,491.0,485.0,490.0,5000,0.0,0.0
2024-03-01 00:00:00+09:00,485.0,489.0,477.0,482.0,6200,0.0,0.0
2024-03-04 00:00:00+09:00,490.0,490.0,474.0,478.0,8100,0.0,0.0
2024-03-05 00:00:00+09:00,474.0,488.0,474.0,480.0,6600,0.0,0.0
2024-03-06 00:00:00+09:00,478.0,484.0,460.0,471.0,7100,0.0,0.0
2024-03-07 00:00:00+09:00,471.0,506.0,470.0,495.0,20300,0.0,0.0
2024-03-08 00:00:00+09:00,491.0,495.0,480.0,486.0,6300,0.0,0.0
2024-03-11 00:00:00+09:00,486.0,490.0,468.0,476.0,9600,0.0,0.0
2024-03-12 00:00:00+09:00,471.0,480.0,471.0,480.0,5300,0.0,0.0
2024-03-13 00:00:00+09:00,480.0,484.0,476.0,478.0,2000,0.0,0.0
2024-03-14 00:00:00+09:00,478.0,490.0,470.0,485.0,6400,0.0,0.0
2024-03-15 00:00:00+09:00,485.0,499.0,480.0,498.0,10000,0.0,0.0
2024-03-18 00:00:00+09:00,504.0,504.0,486.0,488.0,9500,0.0,0.0
2024-03-19 00:00:00+09:00,492.0,497.0,491.0,496.0,3000,0.0,0.0
2024-03-21 00:00:00+09:00,497.0,500.0,491.0,495.0,7600,0.0,0.0
2024-03-22 00:00:00+09:00,490.0,497.0,488.0,493.0,3700,0.0,0.0
2024-03-25 00:00:00+09:00,495.0,504.0,494.0,494.0,9700,0.0,0.0
2024-03-26 00:00:00+09:00,496.0,501.0,490.0,497.0,5300,0.0,0.0
2024-03-27 00:00:00+09:00,498.0,498.0,490.0,497.0,3600,0.0,0.0
2024-03-28 00:00:00+09:00,497.0,498.0,488.0,496.0,6500,0.0,0.0
2024-03-29 00:00:00+09:00,495.0,496.0,490.0,495.0,2000,0.0,0.0
2024-04-01 00:00:00+09:00,494.0,496.0,488.0,491.0,14100,0.0,0.0
2024-04-02 00:00:00+09:00,490.0,494.0,486.0,489.0,4400,0.0,0.0
2024-04-03 00:00:00+09:00,491.0,491.0,476.0,488.0,4900,0.0,0.0
2024-04-04 00:00:00+09:00,480.0,484.0,476.0,481.0,14200,0.0,0.0
2024-04-05 00:00:00+09:00,477.0,484.0,475.0,484.0,6100,0.0,0.0
2024-04-08 00:00:00+09:00,481.0,488.0,480.0,484.0,2900,0.0,0.0
2024-04-09 00:00:00+09:00,480.0,487.0,478.0,484.0,3500,0.0,0.0
2024-04-10 00:00:00+09:00,477.0,480.0,474.0,478.0,7200,0.0,0.0
2024-04-11 00:00:00+09:00,478.0,478.0,472.0,475.0,6400,0.0,0.0
2024-04-12 00:00:00+09:00,460.0,463.0,448.0,456.0,19900,0.0,0.0
2024-04-15 00:00:00+09:00,456.0,461.0,450.0,460.0,6700,0.0,0.0
2024-04-16 00:00:00+09:00,453.0,464.0,449.0,464.0,7200,0.0,0.0
2024-04-17 00:00:00+09:00,462.0,462.0,454.0,456.0,2800,0.0,0.0
2024-04-18 00:00:00+09:00,460.0,462.0,457.0,460.0,1100,0.0,0.0
2024-04-19 00:00:00+09:00,461.0,463.0,456.0,460.0,1300,0.0,0.0
2024-04-22 00:00:00+09:00,458.0,460.0,455.0,459.0,2000,0.0,0.0
2024-04-23 00:00:00+09:00,458.0,466.0,458.0,466.0,2500,0.0,0.0
2024-04-24 00:00:00+09:00,466.0,469.0,466.0,469.0,400,0.0,0.0
2024-04-25 00:00:00+09:00,470.0,470.0,466.0,468.0,1700,0.0,0.0
2024-04-26 00:00:00+09:00,468.0,468.0,462.0,465.0,7200,0.0,0.0
2024-04-30 00:00:00+09:00,468.0,469.0,465.0,467.0,1800,0.0,0.0
2024-05-01 00:00:00+09:00,467.0,470.0,466.0,469.0,600,0.0,0.0
2024-05-02 00:00:00+09:00,465.0,468.0,465.0,468.0,400,0.0,0.0
2024-05-07 00:00:00+09:00,468.0,497.0,465.0,488.0,10800,0.0,0.0
2024-05-08 00:00:00+09:00,488.0,495.0,458.0,460.0,22200,0.0,0.0
2024-05-09 00:00:00+09:00,460.0,465.0,460.0,463.0,5600,0.0,0.0
2024-05-10 00:00:00+09:00,465.0,467.0,459.0,463.0,4200,0.0,0.0
2024-05-13 00:00:00+09:00,458.0,465.0,456.0,465.0,3600,0.0,0.0
2024-05-14 00:00:00+09:00,465.0,469.0,460.0,468.0,3600,0.0,0.0
2024-05-15 00:00:00+09:00,470.0,475.0,463.0,467.0,2600,0.0,0.0
2024-05-16 00:00:00+09:00,468.0,468.0,465.0,465.0,1200,0.0,0.0
2024-05-17 00:00:00+09:00,466.0,469.0,465.0,465.0,1800,0.0,0.0
2024-05-20 00:00:00+09:00,470.0,470.0,462.0,465.0,1900,0.0,0.0
2024-05-21 00:00:00+09:00,468.0,468.0,465.0,467.0,1400,0.0,0.0
2024-05-22 00:00:00+09:00,467.0,468.0,465.0,468.0,700,0.0,0.0
2024-05-23 00:00:00+09:00,467.0,468.0,465.0,468.0,600,0.0,0.0
2024-05-24 00:00:00+09:00,468.0,468.0,466.0,466.0,500,0.0,0.0
2024-05-27 00:00:00+09:00,468.0,468.0,465.0,468.0,1600,0.0,0.0
2024-05-28 00:00:00+09:00,468.0,468.0,466.0,466.0,1000,0.0,0.0
2024-05-29 00:00:00+09:00,467.0,467.0,465.0,465.0,3200,0.0,0.0
2024-05-30 00:00:00+09:00,465.0,465.0,461.0,465.0,3400,0.0,0.0
2024-05-31 00:00:00+09:00,463.0,467.0,462.0,465.0,600,0.0,0.0
2024-06-03 00:00:00+09:00,464.0,465.0,463.0,465.0,1100,0.0,0.0
2024-06-04 00:00:00+09:00,465.0,467.0,462.0,463.0,2500,0.0,0.0
2024-06-05 00:00:00+09:00,463.0,465.0,463.0,463.0,1800,0.0,0.0
2024-06-06 00:00:00+09:00,463.0,470.0,463.0,470.0,2900,0.0,0.0
2024-06-07 00:00:00+09:00,468.0,469.0,465.0,467.0,1600,0.0,0.0
2024-06-10 00:00:00+09:00,467.0,468.0,463.0,466.0,2000,0.0,0.0
2024-06-11 00:00:00+09:00,467.0,467.0,462.0,464.0,2700,0.0,0.0
2024-06-12 00:00:00+09:00,465.0,465.0,462.0,464.0,2600,0.0,0.0
2024-06-13 00:00:00+09:00,464.0,464.0,462.0,463.0,500,0.0,0.0
2024-06-14 00:00:00+09:00,462.0,463.0,453.0,458.0,6200,0.0,0.0
2024-06-17 00:00:00+09:00,460.0,460.0,458.0,460.0,1400,0.0,0.0
2024-06-18 00:00:00+09:00,460.0,460.0,456.0,456.0,2600,0.0,0.0
2024-06-19 00:00:00+09:00,456.0,463.0,456.0,463.0,1400,0.0,0.0
2024-06-20 00:00:00+09:00,462.0,462.0,459.0,461.0,1600,0.0,0.0
2024-06-21 00:00:00+09:00,462.0,463.0,459.0,463.0,1600,0.0,0.0
2024-06-24 00:00:00+09:00,463.0,465.0,461.0,463.0,900,0.0,0.0
2024-06-25 00:00:00+09:00,465.0,466.0,460.0,464.0,2500,0.0,0.0
2024-06-26 00:00:00+09:00,460.0,464.0,458.0,460.0,5300,0.0,0.0
2024-06-27 00:00:00+09:00,462.0,466.0,460.0,465.0,2300,0.0,0.0
2024-06-28 00:00:00+09:00,465.0,466.0,462.0,466.0,2800,0.0,0.0
2024-07-01 00:00:00+09:00,466.0,466.0,462.0,465.0,800,0.0,0.0
2024-07-02 00:00:00+09:00,469.0,483.0,469.0,479.0,10000,0.0,0.0
2024-07-03 00:00:00+09:00,475.0,480.0,475.0,479.0,1600,0.0,0.0
2024-07-04 00:00:00+09:00,477.0,481.0,471.0,478.0,4100,0.0,0.0
2024-07-05 00:00:00+09:00,485.0,485.0,472.0,472.0,7300,0.0,0.0
2024-07-08 00:00:00+09:00,478.0,481.0,462.0,463.0,7600,0.0,0.0
2024-07-09 00:00:00+09:00,460.0,463.0,457.0,457.0,4300,0.0,0.0
2024-07-10 00:00:00+09:00,457.0,463.0,456.0,463.0,2300,0.0,0.0
2024-07-11 00:00:00+09:00,461.0,477.0,456.0,468.0,4600,0.0,0.0
2024-07-12 00:00:00+09:00,466.0,466.0,458.0,459.0,5400,0.0,0.0
2024-07-16 00:00:00+09:00,456.0,461.0,456.0,459.0,4900,0.0,0.0
2024-07-17 00:00:00+09:00,456.0,459.0,454.0,456.0,5000,0.0,0.0
2024-07-18 00:00:00+09:00,456.0,456.0,454.0,456.0,3500,0.0,0.0
2024-07-19 00:00:00+09:00,452.0,455.0,450.0,451.0,7300,0.0,0.0
2024-07-22 00:00:00+09:00,452.0,456.0,452.0,455.0,800,0.0,0.0
2024-07-23 00:00:00+09:00,454.0,457.0,452.0,454.0,1700,0.0,0.0
2024-07-24 00:00:00+09:00,454.0,455.0,452.0,454.0,1400,0.0,0.0
2024-07-25 00:00:00+09:00,453.0,454.0,433.0,449.0,12300,0.0,0.0
2024-07-26 00:00:00+09:00,445.0,450.0,444.0,450.0,1900,0.0,0.0
2024-07-29 00:00:00+09:00,450.0,452.0,445.0,452.0,2900,0.0,0.0
2024-07-30 00:00:00+09:00,450.0,456.0,449.0,456.0,900,0.0,0.0
2024-07-31 00:00:00+09:00,454.0,457.0,454.0,457.0,1000,0.0,0.0
2024-08-01 00:00:00+09:00,455.0,458.0,448.0,455.0,3500,0.0,0.0
2024-08-02 00:00:00+09:00,448.0,448.0,407.0,436.0,9200,0.0,0.0
2024-08-05 00:00:00+09:00,422.0,434.0,407.0,430.0,9500,0.0,0.0
2024-08-06 00:00:00+09:00,426.0,435.0,407.0,433.0,8000,0.0,0.0
2024-08-07 00:00:00+09:00,431.0,436.0,423.0,436.0,4200,0.0,0.0
2024-08-08 00:00:00+09:00,436.0,436.0,430.0,435.0,900,0.0,0.0
2024-08-09 00:00:00+09:00,433.0,439.0,432.0,438.0,1200,0.0,0.0
2024-08-13 00:00:00+09:00,437.0,440.0,436.0,436.0,1800,0.0,0.0
2024-08-14 00:00:00+09:00,442.0,444.0,439.0,444.0,1300,0.0,0.0
2024-08-15 00:00:00+09:00,444.0,444.0,441.0,444.0,800,0.0,0.0
2024-08-16 00:00:00+09:00,442.0,445.0,440.0,444.0,1600,0.0,0.0
2024-08-19 00:00:00+09:00,446.0,447.0,440.0,444.0,3700,0.0,0.0
2024-08-20 00:00:00+09:00,441.0,445.0,440.0,440.0,1700,0.0,0.0
2024-08-21 00:00:00+09:00,440.0,443.0,436.0,441.0,6600,0.0,0.0
2024-08-22 00:00:00+09:00,441.0,445.0,432.0,434.0,6300,0.0,0.0
2024-08-23 00:00:00+09:00,435.0,443.0,433.0,439.0,7500,0.0,0.0
2024-08-26 00:00:00+09:00,435.0,440.0,434.0,440.0,3700,0.0,0.0
2024-08-27 00:00:00+09:00,440.0,447.0,440.0,445.0,2800,0.0,0.0
2024-08-28 00:00:00+09:00,445.0,448.0,442.0,448.0,5300,0.0,0.0
2024-08-29 00:00:00+09:00,440.0,446.0,440.0,440.0,4900,0.0,0.0
2024-08-30 00:00:00+09:00,442.0,444.0,439.0,442.0,1800,0.0,0.0
2024-09-02 00:00:00+09:00,442.0,446.0,442.0,445.0,1700,0.0,0.0
2024-09-03 00:00:00+09:00,445.0,445.0,440.0,443.0,1800,0.0,0.0
2024-09-04 00:00:00+09:00,427.0,441.0,427.0,429.0,7200,0.0,0.0
2024-09-05 00:00:00+09:00,428.0,432.0,427.0,430.0,1700,0.0,0.0
2024-09-06 00:00:00+09:00,430.0,436.0,428.0,436.0,1700,0.0,0.0
2024-09-09 00:00:00+09:00,432.0,432.0,429.0,431.0,1300,0.0,0.0
2024-09-10 00:00:00+09:00,430.0,433.0,429.0,432.0,1800,0.0,0.0
2024-09-11 00:00:00+09:00,430.0,432.0,428.0,430.0,1500,0.0,0.0
2024-09-12 00:00:00+09:00,429.0,432.0,425.0,427.0,5900,0.0,0.0
2024-09-13 00:00:00+09:00,432.0,437.0,432.0,434.0,700,0.0,0.0
2024-09-17 00:00:00+09:00,434.0,435.0,431.0,434.0,1300,0.0,0.0
2024-09-18 00:00:00+09:00,433.0,435.0,432.0,435.0,1300,0.0,0.0
2024-09-19 00:00:00+09:00,435.0,437.0,430.0,430.0,2300,0.0,0.0
2024-09-20 00:00:00+09:00,431.0,435.0,430.0,433.0,1900,0.0,0.0
2024-09-24 00:00:00+09:00,433.0,438.0,433.0,435.0,1200,0.0,0.0
2024-09-25 00:00:00+09:00,440.0,440.0,435.0,439.0,2100,0.0,0.0
2024-09-26 00:00:00+09:00,438.0,440.0,437.0,440.0,1800,0.0,0.0
2024-09-27 00:00:00+09:00,438.0,443.0,438.0,442.0,1900,0.0,0.0
2024-09-30 00:00:00+09:00,442.0,442.0,438.0,439.0,2300,0.0,0.0
2024-10-01 00:00:00+09:00,439.0,444.0,437.0,443.0,3300,0.0,0.0
2024-10-02 00:00:00+09:00,440.0,443.0,440.0,442.0,1400,0.0,0.0
2024-10-03 00:00:00+09:00,440.0,449.0,440.0,443.0,12100,0.0,0.0
2024-10-04 00:00:00+09:00,444.0,447.0,443.0,443.0,2200,0.0,0.0
2024-10-07 00:00:00+09:00,488.0,505.0,455.0,461.0,74200,0.0,0.0
2024-10-08 00:00:00+09:00,461.0,461.0,450.0,456.0,10800,0.0,0.0
2024-10-09 00:00:00+09:00,459.0,460.0,450.0,450.0,9500,0.0,0.0
2024-10-10 00:00:00+09:00,452.0,463.0,452.0,452.0,9800,0.0,0.0
2024-10-11 00:00:00+09:00,447.0,451.0,440.0,440.0,8700,0.0,0.0
2024-10-15 00:00:00+09:00,440.0,445.0,438.0,438.0,2700,0.0,0.0
2024-10-16 00:00:00+09:00,438.0,440.0,436.0,440.0,1400,0.0,0.0
2024-10-17 00:00:00+09:00,440.0,440.0,432.0,434.0,5500,0.0,0.0
2024-10-18 00:00:00+09:00,433.0,437.0,432.0,434.0,2300,0.0,0.0
2024-10-21 00:00:00+09:00,434.0,440.0,433.0,439.0,2200,0.0,0.0
2024-10-22 00:00:00+09:00,436.0,439.0,434.0,439.0,1200,0.0,0.0
2024-10-23 00:00:00+09:00,434.0,437.0,432.0,434.0,2000,0.0,0.0
2024-10-24 00:00:00+09:00,434.0,434.0,431.0,432.0,1600,0.0,0.0
2024-10-25 00:00:00+09:00,432.0,432.0,425.0,428.0,10300,0.0,0.0
2024-10-28 00:00:00+09:00,429.0,431.0,427.0,428.0,2200,0.0,0.0
2024-10-29 00:00:00+09:00,427.0,428.0,427.0,428.0,800,0.0,0.0
2024-10-30 00:00:00+09:00,428.0,430.0,426.0,429.0,1300,0.0,0.0
2024-10-31 00:00:00+09:00,427.0,428.0,426.0,428.0,800,0.0,0.0
2024-11-01 00:00:00+09:00,426.0,427.0,422.0,426.0,1600,0.0,0.0
2024-11-05 00:00:00+09:00,427.0,428.0,424.0,427.0,700,0.0,0.0
2024-11-06 00:00:00+09:00,426.0,427.0,424.0,426.0,2700,0.0,0.0
2024-11-07 00:00:00+09:00,428.0,428.0,424.0,426.0,1800,0.0,0.0
2024-11-08 00:00:00+09:00,426.0,427.0,422.0,427.0,3200,0.0,0.0
2024-11-11 00:00:00+09:00,428.0,428.0,426.0,426.0,800,0.0,0.0
2024-11-12 00:00:00+09:00,425.0,428.0,425.0,425.0,1300,0.0,0.0
2024-11-13 00:00:00+09:00,424.0,426.0,422.0,422.0,1000,0.0,0.0
2024-11-14 00:00:00+09:00,423.0,426.0,423.0,424.0,600,0.0,0.0
2024-11-15 00:00:00+09:00,425.0,430.0,423.0,423.0,1300,0.0,0.0
2024-11-18 00:00:00+09:00,424.0,427.0,423.0,427.0,2200,0.0,0.0
2024-11-19 00:00:00+09:00,426.0,428.0,425.0,428.0,1400,0.0,0.0
2024-11-20 00:00:00+09:00,427.0,429.0,426.0,429.0,600,0.0,0.0
2024-11-21 00:00:00+09:00,430.0,430.0,428.0,430.0,300,0.0,0.0
2024-11-22 00:00:00+09:00,429.0,430.0,428.0,428.0,1000,0.0,0.0
2024-11-25 00:00:00+09:00,430.0,430.0,427.0,429.0,1400,0.0,0.0
2024-11-26 00:00:00+09:00,429.0,429.0,420.0,428.0,4400,0.0,0.0
2024-11-27 00:00:00+09:00,430.0,430.0,425.0,427.0,1500,0.0,0.0
2024-11-28 00:00:00+09:00,428.0,429.0,421.0,422.0,10400,0.0,0.0
2024-11-29 00:00:00+09:00,427.0,427.0,418.0,418.0,2700,0.0,0.0
2024-12-02 00:00:00+09:00,419.0,423.0,419.0,422.0,5700,0.0,0.0
2024-12-03 00:00:00+09:00,423.0,425.0,421.0,423.0,1800,0.0,0.0
2024-12-04 00:00:00+09:00,422.0,425.0,419.0,422.0,4600,0.0,0.0
2024-12-05 00:00:00+09:00,421.0,422.0,418.0,419.0,9100,0.0,0.0
2024-12-06 00:00:00+09:00,418.0,420.0,416.0,419.0,4700,0.0,0.0
2024-12-09 00:00:00+09:00,419.0,424.0,418.0,422.0,6200,0.0,0.0
2024-12-10 00:00:00+09:00,422.0,423.0,418.0,422.0,5500,0.0,0.0
2024-12-11 00:00:00+09:00,421.0,422.0,419.0,422.0,1700,0.0,0.0
2024-12-12 00:00:00+09:00,419.0,424.0,419.0,421.0,6500,0.0,0.0
2024-12-13 00:00:00+09:00,421.0,423.0,419.0,423.0,2900,0.0,0.0
2024-12-16 00:00:00+09:00,423.0,423.0,419.0,421.0,6900,0.0,0.0
2024-12-17 00:00:00+09:00,421.0,423.0,418.0,420.0,8700,0.0,0.0
2024-12-18 00:00:00+09:00,420.0,420.0,418.0,419.0,4600,0.0,0.0
2024-12-19 00:00:00+09:00,419.0,420.0,417.0,419.0,23600,0.0,0.0
2024-12-20 00:00:00+09:00,417.0,420.0,417.0,419.0,3200,0.0,0.0
2024-12-23 00:00:00+09:00,420.0,420.0,415.0,417.0,26600,0.0,0.0
2024-12-24 00:00:00+09:00,413.0,418.0,413.0,418.0,5500,0.0,0.0
2024-12-25 00:00:00+09:00,418.0,420.0,416.0,418.0,18000,0.0,0.0
2024-12-26 00:00:00+09:00,420.0,420.0,415.0,418.0,4800,0.0,0.0
2024-12-27 00:00:00+09:00,418.0,420.0,417.0,419.0,2200,0.0,0.0
2024-12-30 00:00:00+09:00,419.0,420.0,418.0,418.0,3000,0.0,0.0
2025-01-06 00:00:00+09:00,421.0,421.0,418.0,420.0,1100,0.0,0.0
2025-01-07 00:00:00+09:00,421.0,426.0,419.0,420.0,2700,0.0,0.0
2025-01-08 00:00:00+09:00,421.0,425.0,421.0,422.0,2500,0.0,0.0
2025-01-09 00:00:00+09:00,423.0,432.0,423.0,431.0,6500,0.0,0.0
2025-01-10 00:00:00+09:00,417.0,430.0,416.0,430.0,11200,0.0,0.0
2025-01-14 00:00:00+09:00,429.0,429.0,417.0,421.0,7900,0.0,0.0
2025-01-15 00:00:00+09:00,418.0,421.0,416.0,416.0,2700,0.0,0.0
2025-01-16 00:00:00+09:00,418.0,419.0,415.0,418.0,4100,0.0,0.0
2025-01-17 00:00:00+09:00,416.0,420.0,415.0,416.0,2200,0.0,0.0
2025-01-20 00:00:00+09:00,417.0,423.0,417.0,421.0,800,0.0,0.0
2025-01-21 00:00:00+09:00,421.0,426.0,420.0,423.0,2000,0.0,0.0
2025-01-22 00:00:00+09:00,423.0,428.0,422.0,426.0,2500,0.0,0.0
2025-01-23 00:00:00+09:00,426.0,426.0,420.0,424.0,2100,0.0,0.0
2025-01-24 00:00:00+09:00,424.0,428.0,424.0,428.0,1900,0.0,0.0
2025-01-27 00:00:00+09:00,429.0,429.0,426.0,428.0,1800,0.0,0.0
2025-01-28 00:00:00+09:00,429.0,429.0,425.0,428.0,1500,0.0,0.0
2025-01-29 00:00:00+09:00,427.0,427.0,427.0,427.0,100,0.0,0.0
2025-01-30 00:00:00+09:00,422.0,426.0,422.0,423.0,4000,0.0,0.0
2025-01-31 00:00:00+09:00,428.0,428.0,421.0,421.0,2100,0.0,0.0
2025-02-03 00:00:00+09:00,422.0,426.0,420.0,426.0,1300,0.0,0.0
2025-02-04 00:00:00+09:00,425.0,427.0,422.0,427.0,3600,0.0,0.0
2025-02-05 00:00:00+09:00,428.0,428.0,423.0,426.0,2700,0.0,0.0
2025-02-06 00:00:00+09:00,428.0,429.0,425.0,428.0,2600,0.0,0.0
2025-02-07 00:00:00+09:00,426.0,429.0,425.0,425.0,1500,0.0,0.0
2025-02-10 00:00:00+09:00,427.0,429.0,423.0,429.0,5800,0.0,0.0
2025-02-12 00:00:00+09:00,427.0,430.0,426.0,426.0,3800,0.0,0.0
2025-02-13 00:00:00+09:00,427.0,430.0,425.0,428.0,2700,0.0,0.0
2025-02-14 00:00:00+09:00,428.0,429.0,423.0,428.0,3200,0.0,0.0
2025-02-17 00:00:00+09:00,430.0,430.0,425.0,426.0,3600,0.0,0.0
2025-02-18 00:00:00+09:00,427.0,428.0,427.0,428.0,600,0.0,0.0
2025-02-19 00:00:00+09:00,426.0,429.0,423.0,428.0,3900,0.0,0.0
2025-02-20 00:00:00+09:00,428.0,428.0,426.0,428.0,1200,0.0,0.0
2025-02-21 00:00:00+09:00,429.0,430.0,428.0,430.0,3000,0.0,0.0
2025-02-25 00:00:00+09:00,431.0,439.0,430.0,438.0,6300,0.0,0.0
2025-02-26 00:00:00+09:00,437.0,442.0,436.0,439.0,6700,0.0,0.0
2025-02-27 00:00:00+09:00,430.0,430.0,423.0,426.0,3900,0.0,0.0
2025-02-28 00:00:00+09:00,427.0,427.0,423.0,426.0,1800,0.0,0.0
2025-03-03 00:00:00+09:00,423.0,423.0,414.0,420.0,5800,0.0,0.0
2025-03-04 00:00:00+09:00,409.0,416.0,409.0,414.0,10900,0.0,0.0
2025-03-05 00:00:00+09:00,411.0,414.0,401.0,404.0,15100,0.0,0.0
2025-03-06 00:00:00+09:00,404.0,412.0,404.0,412.0,5200,0.0,0.0
2025-03-07 00:00:00+09:00,412.0,414.0,409.0,414.0,1300,0.0,0.0
2025-03-10 00:00:00+09:00,415.0,417.0,411.0,415.0,1700,0.0,0.0
2025-03-11 00:00:00+09:00,410.0,415.0,409.0,411.0,2700,0.0,0.0
2025-03-12 00:00:00+09:00,411.0,413.0,408.0,413.0,2300,0.0,0.0
2025-03-13 00:00:00+09:00,413.0,415.0,412.0,415.0,700,0.0,0.0
2025-03-14 00:00:00+09:00,412.0,415.0,405.0,415.0,5100,0.0,0.0
2025-03-17 00:00:00+09:00,415.0,418.0,408.0,417.0,4300,0.0,0.0
2025-03-18 00:00:00+09:00,417.0,418.0,414.0,418.0,500,0.0,0.0
2025-03-19 00:00:00+09:00,415.0,418.0,413.0,416.0,1000,0.0,0.0
2025-03-21 00:00:00+09:00,416.0,418.0,414.0,417.0,1500,0.0,0.0
2025-03-24 00:00:00+09:00,415.0,415.0,410.0,414.0,2400,0.0,0.0
2025-03-25 00:00:00+09:00,413.0,417.0,412.0,416.0,1500,0.0,0.0
2025-03-26 00:00:00+09:00,414.0,417.0,414.0,416.0,800,0.0,0.0
2025-03-27 00:00:00+09:00,411.0,417.0,411.0,417.0,2300,0.0,0.0
2025-03-28 00:00:00+09:00,417.0,417.0,410.0,416.0,1800,0.0,0.0
2025-03-31 00:00:00+09:00,415.0,416.0,415.0,416.0,1900,0.0,0.0
2025-04-01 00:00:00+09:00,415.0,421.0,414.0,418.0,2200,0.0,0.0
2025-04-02 00:00:00+09:00,417.0,421.0,416.0,420.0,3700,0.0,0.0
2025-04-03 00:00:00+09:00,416.0,418.0,412.0,415.0,3800,0.0,0.0
2025-04-04 00:00:00+09:00,413.0,414.0,410.0,413.0,3300,0.0,0.0
2025-04-07 00:00:00+09:00,405.0,413.0,397.0,413.0,7000,0.0,0.0
2025-04-08 00:00:00+09:00,411.0,415.0,407.0,415.0,2300,0.0,0.0
2025-04-09 00:00:00+09:00,415.0,415.0,409.0,414.0,1700,0.0,0.0
2025-04-10 00:00:00+09:00,435.0,435.0,411.0,415.0,10300,0.0,0.0
2025-04-11 00:00:00+09:00,400.0,419.0,400.0,419.0,6800,0.0,0.0
