Date,Open,High,Low,Close,Volume,Dividends,Stock Splits
2012-06-20 00:00:00+08:00,47.79999923706055,48.5,47.5,47.79999923706055,0,0.0,0.0
2012-06-21 00:00:00+08:00,47.79999923706055,48.099998474121094,47.5,47.79999923706055,0,0.0,0.0
2012-06-22 00:00:00+08:00,47.5,48.20000076293945,47.0,47.5,0,0.0,0.0
2012-06-25 00:00:00+08:00,48.0,48.400001525878906,46.5,48.0,0,0.0,0.0
2012-06-26 00:00:00+08:00,47.5,48.0,47.29999923706055,47.5,0,0.0,0.0
2012-06-27 00:00:00+08:00,47.5,49.52000045776367,47.0,47.5,0,0.0,0.0
2012-06-28 00:00:00+08:00,46.599998474121094,48.0,46.20000076293945,46.599998474121094,0,0.0,0.0
2012-06-29 00:00:00+08:00,47.0,50.0,46.0,47.0,0,0.0,0.0
2012-07-02 00:00:00+08:00,47.5,47.79999923706055,45.5,47.5,0,0.0,0.0
2012-07-03 00:00:00+08:00,47.5,49.470001220703125,46.0,47.5,0,0.0,0.0
2012-07-04 00:00:00+08:00,47.150001525878906,48.0,46.5,47.150001525878906,0,0.0,0.0
2012-07-05 00:00:00+08:00,45.5,47.900001525878906,45.400001525878906,45.5,0,0.0,0.0
2012-07-06 00:00:00+08:00,45.79999923706055,47.0,45.0,45.79999923706055,0,0.0,0.0
2012-07-09 00:00:00+08:00,45.5,46.0,44.849998474121094,45.5,0,0.0,0.0
2012-07-10 00:00:00+08:00,45.0,45.5,44.70000076293945,45.0,0,0.0,0.0
2012-07-11 00:00:00+08:00,45.45000076293945,46.310001373291016,44.849998474121094,45.45000076293945,0,0.0,0.0
2012-07-12 00:00:00+08:00,44.79999923706055,45.79999923706055,44.599998474121094,44.79999923706055,0,0.0,0.0
2012-07-13 00:00:00+08:00,44.5,45.599998474121094,44.459999084472656,44.5,0,0.0,0.0
2012-07-16 00:00:00+08:00,44.0,45.0,43.79999923706055,44.0,0,0.0,0.0
2012-07-17 00:00:00+08:00,44.79999923706055,45.04999923706055,44.0,44.79999923706055,0,0.0,0.0
2012-07-18 00:00:00+08:00,45.599998474121094,46.84000015258789,45.0,45.599998474121094,0,0.0,0.0
2012-07-19 00:00:00+08:00,45.0,45.5,44.5,45.0,0,0.0,0.0
2012-07-20 00:00:00+08:00,45.099998474121094,45.29999923706055,44.75,45.099998474121094,0,0.0,0.0
2012-07-23 00:00:00+08:00,44.79999923706055,45.20000076293945,44.70000076293945,44.79999923706055,0,0.0,0.0
2012-07-24 00:00:00+08:00,44.20000076293945,45.0,44.0,44.20000076293945,0,0.0,0.0
2012-07-25 00:00:00+08:00,44.20000076293945,44.5,44.0,44.20000076293945,0,0.0,0.0
2012-07-26 00:00:00+08:00,44.5,44.900001525878906,44.0,44.5,0,0.0,0.0
2012-07-27 00:00:00+08:00,44.70000076293945,44.900001525878906,44.29999923706055,44.70000076293945,0,0.0,0.0
2012-07-30 00:00:00+08:00,44.5,45.0,44.0,44.5,0,0.0,0.0
2012-07-31 00:00:00+08:00,44.400001525878906,44.5,44.0,44.400001525878906,0,0.0,0.0
2012-08-01 00:00:00+08:00,43.599998474121094,44.29999923706055,43.45000076293945,43.599998474121094,0,0.0,0.0
2012-08-02 00:00:00+08:00,43.599998474121094,43.599998474121094,43.599998474121094,43.599998474121094,0,0.0,0.0
2012-08-03 00:00:00+08:00,46.0,46.0,46.0,46.0,0,0.0,0.0
2012-08-06 00:00:00+08:00,43.5,46.5,42.20000076293945,43.5,0,0.0,0.0
2012-08-07 00:00:00+08:00,42.0,44.0,41.400001525878906,42.0,0,0.0,0.0
2012-08-08 00:00:00+08:00,41.70000076293945,43.0,41.400001525878906,41.70000076293945,0,0.0,0.0
2012-08-09 00:00:00+08:00,41.70000076293945,41.79999923706055,41.29999923706055,41.70000076293945,0,0.0,0.0
2012-08-10 00:00:00+08:00,41.0,42.0,41.0,41.0,0,0.0,0.0
2012-08-13 00:00:00+08:00,40.5,42.0,40.0,40.5,0,0.0,0.0
2012-08-14 00:00:00+08:00,40.70000076293945,41.0,39.70000076293945,40.70000076293945,0,0.0,0.0
2012-08-15 00:00:00+08:00,41.79999923706055,43.0,40.70000076293945,41.79999923706055,0,0.0,0.0
2012-08-16 00:00:00+08:00,41.20000076293945,41.599998474121094,40.0,41.20000076293945,0,0.0,0.0
2012-08-17 00:00:00+08:00,42.5,42.70000076293945,41.5,42.5,0,0.0,0.0
2012-08-20 00:00:00+08:00,42.400001525878906,42.70000076293945,42.0,42.400001525878906,0,0.0,0.0
2012-08-21 00:00:00+08:00,42.599998474121094,45.0,42.0,42.599998474121094,0,0.0,0.0
2012-08-22 00:00:00+08:00,42.0,42.70000076293945,41.79999923706055,42.0,0,0.0,0.0
2012-08-23 00:00:00+08:00,42.400001525878906,42.5,42.0,42.400001525878906,0,0.0,0.0
2012-08-24 00:00:00+08:00,42.400001525878906,42.599998474121094,42.099998474121094,42.400001525878906,0,0.0,0.0
2012-08-27 00:00:00+08:00,44.0,44.79999923706055,42.5,44.0,0,0.0,0.0
2012-08-28 00:00:00+08:00,43.5,44.119998931884766,43.0,43.5,0,0.0,0.0
2012-08-29 00:00:00+08:00,44.20000076293945,44.5,43.0,44.20000076293945,0,0.0,0.0
2012-08-30 00:00:00+08:00,44.400001525878906,45.779998779296875,44.29999923706055,44.400001525878906,0,0.0,0.0
2012-08-31 00:00:00+08:00,44.900001525878906,45.5,44.5,44.900001525878906,0,0.0,0.0
2012-09-03 00:00:00+08:00,44.5,45.0,44.45000076293945,44.5,0,0.0,0.0
2012-09-04 00:00:00+08:00,44.5,45.0,44.45000076293945,44.5,0,0.0,0.0
2012-09-05 00:00:00+08:00,44.20000076293945,46.0,44.0,44.20000076293945,0,0.0,0.0
2012-09-06 00:00:00+08:00,43.79999923706055,44.5,43.5,43.79999923706055,0,0.0,0.0
2012-09-07 00:00:00+08:00,43.70000076293945,44.5,43.20000076293945,43.70000076293945,0,0.0,0.0
2012-09-10 00:00:00+08:00,43.630001068115234,44.0,42.900001525878906,43.630001068115234,0,0.0,0.0
2012-09-11 00:00:00+08:00,43.0,43.650001525878906,43.0,43.0,0,0.0,0.0
2012-09-12 00:00:00+08:00,43.5,44.29999923706055,43.0,43.5,0,0.0,0.0
2012-09-13 00:00:00+08:00,43.099998474121094,46.5,43.0,43.099998474121094,0,0.0,0.0
2012-09-14 00:00:00+08:00,42.900001525878906,43.5,42.5,42.900001525878906,0,0.0,0.0
2012-09-17 00:00:00+08:00,41.5,43.099998474121094,41.5,41.5,0,0.0,0.0
2012-09-18 00:00:00+08:00,43.0,44.0,41.0,43.0,0,0.0,0.0
2012-09-19 00:00:00+08:00,44.5,44.70000076293945,42.400001525878906,44.5,0,0.0,0.0
2012-09-20 00:00:00+08:00,44.099998474121094,45.099998474121094,43.5,44.099998474121094,0,0.0,0.0
2012-09-21 00:00:00+08:00,44.79999923706055,45.5,43.900001525878906,44.79999923706055,0,0.0,0.0
2012-09-24 00:00:00+08:00,45.0,46.0,44.0,45.0,0,0.0,0.0
2012-09-25 00:00:00+08:00,51.0,51.5,45.0,51.0,0,0.0,0.0
2012-09-26 00:00:00+08:00,56.20000076293945,57.79999923706055,50.0,56.20000076293945,0,0.0,0.0
2012-09-27 00:00:00+08:00,54.20000076293945,58.099998474121094,53.0,54.20000076293945,0,0.0,0.0
2012-09-28 00:00:00+08:00,52.0,57.0,51.0,52.0,0,0.0,0.0
2012-10-01 00:00:00+08:00,52.400001525878906,54.0,51.0,52.400001525878906,0,0.0,0.0
2012-10-02 00:00:00+08:00,57.0,58.400001525878906,52.0,57.0,0,0.0,0.0
2012-10-03 00:00:00+08:00,54.79999923706055,57.900001525878906,54.20000076293945,54.79999923706055,0,0.0,0.0
2012-10-04 00:00:00+08:00,55.0,56.0,54.0,55.0,0,0.0,0.0
2012-10-05 00:00:00+08:00,55.0,56.0,53.20000076293945,55.0,0,0.0,0.0
2012-10-08 00:00:00+08:00,55.0,55.5,54.0,55.0,0,0.0,0.0
2012-10-09 00:00:00+08:00,53.79999923706055,55.0,53.29999923706055,53.79999923706055,0,0.0,0.0
2012-10-11 00:00:00+08:00,51.79999923706055,54.5,51.599998474121094,51.79999923706055,0,0.0,0.0
2012-10-12 00:00:00+08:00,54.0,54.0,51.0,54.0,0,0.0,0.0
2012-10-15 00:00:00+08:00,52.29999923706055,55.20000076293945,52.099998474121094,52.29999923706055,0,0.0,0.0
2012-10-16 00:00:00+08:00,51.599998474121094,54.0,51.5,51.599998474121094,0,0.0,0.0
2012-10-17 00:00:00+08:00,44.70000076293945,53.20000076293945,40.0,44.70000076293945,0,0.0,0.0
2012-10-18 00:00:00+08:00,44.79999923706055,46.0,44.0,44.79999923706055,0,0.0,0.0
2012-10-19 00:00:00+08:00,45.0,46.0,42.20000076293945,45.0,0,0.0,0.0
2012-10-22 00:00:00+08:00,43.650001525878906,45.20000076293945,42.20000076293945,43.650001525878906,0,0.0,0.0
2012-10-23 00:00:00+08:00,42.849998474121094,44.0,42.099998474121094,42.849998474121094,0,0.0,0.0
2012-10-24 00:00:00+08:00,42.0,43.5,40.0,42.0,0,0.0,0.0
2012-10-25 00:00:00+08:00,42.29999923706055,42.70000076293945,42.0,42.29999923706055,0,0.0,0.0
2012-10-26 00:00:00+08:00,41.599998474121094,42.79999923706055,40.189998626708984,41.599998474121094,0,0.0,0.0
2012-10-29 00:00:00+08:00,40.29999923706055,42.0,40.0,40.29999923706055,0,0.0,0.0
2012-10-30 00:00:00+08:00,41.0,42.0,40.5,41.0,0,0.0,0.0
2012-10-31 00:00:00+08:00,41.400001525878906,45.0,41.0,41.400001525878906,0,0.0,0.0
2012-11-01 00:00:00+08:00,40.349998474121094,41.20000076293945,40.20000076293945,40.349998474121094,0,0.0,0.0
2012-11-02 00:00:00+08:00,41.5,41.5,40.400001525878906,41.5,0,0.0,0.0
2012-11-05 00:00:00+08:00,40.79999923706055,41.0,40.0,40.79999923706055,0,0.0,0.0
2012-11-06 00:00:00+08:00,41.0,41.599998474121094,40.400001525878906,41.0,0,0.0,0.0
2012-11-07 00:00:00+08:00,43.400001525878906,44.0,40.849998474121094,43.400001525878906,0,0.0,0.0
2012-11-08 00:00:00+08:00,42.0,44.79999923706055,41.099998474121094,42.0,0,0.0,0.0
2012-11-09 00:00:00+08:00,42.0,42.08000183105469,40.849998474121094,42.0,0,0.0,0.0
2012-11-12 00:00:00+08:00,42.0,43.0,41.22999954223633,42.0,0,0.0,0.0
2012-11-13 00:00:00+08:00,41.70000076293945,42.38999938964844,41.20000076293945,41.70000076293945,0,0.0,0.0
2012-11-14 00:00:00+08:00,41.900001525878906,42.0,41.5,41.900001525878906,0,0.0,0.0
2012-11-15 00:00:00+08:00,42.400001525878906,43.400001525878906,41.5,42.400001525878906,0,0.0,0.0
2012-11-16 00:00:00+08:00,42.20000076293945,42.5,40.0,42.20000076293945,0,0.0,0.0
2012-11-19 00:00:00+08:00,41.5,43.0,41.29999923706055,41.5,0,0.0,0.0
2012-11-20 00:00:00+08:00,41.5,42.63999938964844,41.20000076293945,41.5,0,0.0,0.0
2012-11-21 00:00:00+08:00,41.0,41.75,40.79999923706055,41.0,0,0.0,0.0
2012-11-22 00:00:00+08:00,41.150001525878906,41.599998474121094,40.5,41.150001525878906,0,0.0,0.0
2012-11-23 00:00:00+08:00,41.400001525878906,42.13999938964844,40.0,41.400001525878906,0,0.0,0.0
2012-11-26 00:00:00+08:00,42.900001525878906,42.939998626708984,41.29999923706055,42.900001525878906,0,0.0,0.0
2012-11-27 00:00:00+08:00,43.25,43.79999923706055,41.099998474121094,43.25,0,0.0,0.0
2012-11-28 00:00:00+08:00,44.29999923706055,45.5,43.0,44.29999923706055,0,0.0,0.0
2012-11-29 00:00:00+08:00,44.29999923706055,45.0,44.0,44.29999923706055,0,0.0,0.0
2012-11-30 00:00:00+08:00,43.29999923706055,44.29999923706055,43.0,43.29999923706055,0,0.0,0.0
2012-12-03 00:00:00+08:00,43.400001525878906,43.599998474121094,42.70000076293945,43.400001525878906,0,0.0,0.0
2012-12-04 00:00:00+08:00,43.20000076293945,44.0,43.0,43.20000076293945,0,0.0,0.0
2012-12-05 00:00:00+08:00,43.20000076293945,43.5,43.20000076293945,43.20000076293945,0,0.0,0.0
2012-12-06 00:00:00+08:00,43.5,44.29999923706055,43.0,43.5,0,0.0,0.0
2012-12-07 00:00:00+08:00,43.900001525878906,45.0,43.5,43.900001525878906,0,0.0,0.0
2012-12-10 00:00:00+08:00,44.099998474121094,44.099998474121094,43.20000076293945,44.099998474121094,0,0.0,0.0
2012-12-11 00:00:00+08:00,48.41999816894531,48.5,44.0,48.41999816894531,0,0.0,0.0
2012-12-12 00:00:00+08:00,47.70000076293945,50.5,47.0,47.70000076293945,0,0.0,0.0
2012-12-13 00:00:00+08:00,47.20000076293945,50.0,47.0,47.20000076293945,0,0.0,0.0
2012-12-14 00:00:00+08:00,46.70000076293945,47.5,45.79999923706055,46.70000076293945,0,0.0,0.0
2012-12-17 00:00:00+08:00,46.20000076293945,46.900001525878906,45.900001525878906,46.20000076293945,0,0.0,0.0
2012-12-18 00:00:00+08:00,45.5,46.5,45.5,45.5,0,0.0,0.0
2012-12-19 00:00:00+08:00,45.5,47.0,45.04999923706055,45.5,0,0.0,0.0
2012-12-20 00:00:00+08:00,45.29999923706055,45.5,44.0,45.29999923706055,0,0.0,0.0
2012-12-21 00:00:00+08:00,45.29999923706055,45.650001525878906,44.900001525878906,45.29999923706055,0,0.0,0.0
2012-12-24 00:00:00+08:00,48.900001525878906,50.0,47.20000076293945,48.900001525878906,0,0.0,0.0
2012-12-25 00:00:00+08:00,47.54999923706055,49.349998474121094,46.599998474121094,47.54999923706055,0,0.0,0.0
2012-12-26 00:00:00+08:00,47.54999923706055,48.5,46.29999923706055,47.54999923706055,0,0.0,0.0
2012-12-27 00:00:00+08:00,46.5,50.0,46.29999923706055,46.5,0,0.0,0.0
2012-12-28 00:00:00+08:00,45.79999923706055,48.15999984741211,45.79999923706055,45.79999923706055,0,0.0,0.0
2013-01-02 00:00:00+08:00,47.20000076293945,47.20000076293945,45.79999923706055,47.20000076293945,0,0.0,0.0
2013-01-03 00:00:00+08:00,48.79999923706055,49.0,47.0,48.79999923706055,0,0.0,0.0
2013-01-04 00:00:00+08:00,49.0,49.20000076293945,47.0,49.0,0,0.0,0.0
2013-01-07 00:00:00+08:00,52.880001068115234,53.099998474121094,49.0,52.880001068115234,0,0.0,0.0
2013-01-08 00:00:00+08:00,57.25,57.599998474121094,52.5,57.25,0,0.0,0.0
2013-01-09 00:00:00+08:00,59.68000030517578,63.0,54.849998474121094,59.68000030517578,0,0.0,0.0
2013-01-10 00:00:00+08:00,56.25,60.20000076293945,55.810001373291016,56.25,0,0.0,0.0
2013-01-11 00:00:00+08:00,57.5,59.0,56.0,57.5,0,0.0,0.0
2013-01-14 00:00:00+08:00,56.66999816894531,57.599998474121094,56.310001373291016,56.66999816894531,0,0.0,0.0
2013-01-15 00:00:00+08:00,56.900001525878906,57.70000076293945,56.349998474121094,56.900001525878906,0,0.0,0.0
2013-01-16 00:00:00+08:00,56.599998474121094,57.34000015258789,56.20000076293945,56.599998474121094,0,0.0,0.0
2013-01-17 00:00:00+08:00,54.0,56.900001525878906,53.0099983215332,54.0,0,0.0,0.0
2013-01-18 00:00:00+08:00,55.38999938964844,55.40999984741211,53.5,55.38999938964844,0,0.0,0.0
2013-01-21 00:00:00+08:00,54.77000045776367,55.5,54.5099983215332,54.77000045776367,0,0.0,0.0
2013-01-22 00:00:00+08:00,54.849998474121094,55.20000076293945,54.79999923706055,54.849998474121094,0,0.0,0.0
2013-01-23 00:00:00+08:00,56.25,57.0,55.099998474121094,56.25,0,0.0,0.0
2013-01-24 00:00:00+08:00,56.189998626708984,57.0,55.0,56.189998626708984,0,0.0,0.0
2013-01-25 00:00:00+08:00,57.18000030517578,57.20000076293945,55.900001525878906,57.18000030517578,0,0.0,0.0
2013-01-28 00:00:00+08:00,58.060001373291016,58.79999923706055,57.0,58.060001373291016,0,0.0,0.0
2013-01-29 00:00:00+08:00,57.81999969482422,59.0,57.5,57.81999969482422,0,0.0,0.0
2013-01-30 00:00:00+08:00,57.220001220703125,57.9900016784668,57.099998474121094,57.220001220703125,0,0.0,0.0
2013-01-31 00:00:00+08:00,57.790000915527344,57.95000076293945,56.5,57.790000915527344,0,0.0,0.0
2013-02-01 00:00:00+08:00,61.43000030517578,61.5,57.79999923706055,61.43000030517578,0,0.0,0.0
2013-02-04 00:00:00+08:00,64.33000183105469,64.94999694824219,61.5,64.33000183105469,0,0.0,0.0
2013-02-05 00:00:00+08:00,62.099998474121094,64.30000305175781,61.0,62.099998474121094,0,0.0,0.0
2013-02-06 00:00:00+08:00,62.0,63.4900016784668,61.400001525878906,62.0,0,0.0,0.0
2013-02-18 00:00:00+08:00,69.4800033569336,70.0999984741211,62.099998474121094,69.4800033569336,0,0.0,0.0
2013-02-19 00:00:00+08:00,71.76000213623047,73.0,69.30000305175781,71.76000213623047,0,0.0,0.0
2013-02-20 00:00:00+08:00,71.88999938964844,73.30000305175781,71.0,71.88999938964844,0,0.0,0.0
2013-02-21 00:00:00+08:00,75.48999786376953,76.5,71.80000305175781,75.48999786376953,0,0.0,0.0
2013-02-22 00:00:00+08:00,74.80000305175781,76.30000305175781,73.51000213623047,74.80000305175781,0,0.0,0.0
2013-02-25 00:00:00+08:00,74.80000305175781,74.80000305175781,74.80000305175781,74.80000305175781,0,0.0,0.0
2013-02-26 00:00:00+08:00,81.80000305175781,84.77999877929688,80.61000061035156,81.80000305175781,0,0.0,0.0
2013-02-27 00:00:00+08:00,74.58999633789062,84.29000091552734,74.0,74.58999633789062,0,0.0,0.0
2013-03-01 00:00:00+08:00,76.19999694824219,77.5,74.58999633789062,76.19999694824219,0,0.0,0.0
2013-03-04 00:00:00+08:00,68.80000305175781,75.5,68.0,68.80000305175781,0,0.0,0.0
2013-03-05 00:00:00+08:00,72.80000305175781,73.29000091552734,69.02999877929688,72.80000305175781,0,0.0,0.0
2013-03-06 00:00:00+08:00,75.0,76.80000305175781,73.5,75.0,0,0.0,0.0
2013-03-07 00:00:00+08:00,76.5,78.73999786376953,74.5,76.5,0,0.0,0.0
2013-03-08 00:00:00+08:00,74.69999694824219,78.94000244140625,73.69999694824219,74.69999694824219,0,0.0,0.0
2013-03-11 00:00:00+08:00,72.0,75.30000305175781,71.19999694824219,72.0,0,0.0,0.0
2013-03-12 00:00:00+08:00,70.5,74.26000213623047,69.0,70.5,1754530,0.0,0.0
2013-03-13 00:00:00+08:00,69.44999694824219,71.5,68.01000213623047,69.44999694824219,0,0.0,0.0
2013-03-14 00:00:00+08:00,65.51000213623047,69.5,65.26000213623047,65.51000213623047,2336691,0.0,0.0
2013-03-15 00:00:00+08:00,68.5,70.0,65.5999984741211,68.5,1069590,0.0,0.0
2013-03-18 00:00:00+08:00,67.5999984741211,68.80000305175781,67.31999969482422,67.5999984741211,524900,0.0,0.0
2013-03-19 00:00:00+08:00,70.29000091552734,70.5199966430664,67.9000015258789,70.29000091552734,702053,0.0,0.0
2013-03-20 00:00:00+08:00,72.55000305175781,73.0,70.05000305175781,72.55000305175781,1103713,0.0,0.0
2013-03-21 00:00:00+08:00,73.0,74.0,72.30000305175781,73.0,0,0.0,0.0
2013-03-22 00:00:00+08:00,72.37999725341797,73.5,71.69999694824219,72.37999725341797,528000,0.0,0.0
2013-03-25 00:00:00+08:00,72.0999984741211,73.30000305175781,71.55000305175781,72.0999984741211,427920,0.0,0.0
2013-03-26 00:00:00+08:00,71.19999694824219,72.0,70.16000366210938,71.19999694824219,417700,0.0,0.0
2013-03-27 00:00:00+08:00,71.4800033569336,71.8499984741211,70.86000061035156,71.4800033569336,449302,0.0,0.0
2013-03-28 00:00:00+08:00,73.33000183105469,73.48999786376953,71.19999694824219,73.33000183105469,871250,0.0,0.0
2013-03-29 00:00:00+08:00,73.20999908447266,74.33999633789062,72.91000366210938,73.20999908447266,543002,0.0,0.0
2013-04-01 00:00:00+08:00,71.0,74.13999938964844,70.61000061035156,71.0,877850,0.0,0.0
2013-04-02 00:00:00+08:00,70.77999877929688,71.0999984741211,70.0199966430664,70.77999877929688,310900,0.0,0.0
2013-04-03 00:00:00+08:00,71.79000091552734,72.0,70.51000213623047,71.79000091552734,0,0.0,0.0
2013-04-08 00:00:00+08:00,69.79000091552734,71.44999694824219,69.76000213623047,69.79000091552734,611810,0.0,0.0
2013-04-09 00:00:00+08:00,70.8499984741211,71.08999633789062,69.80000305175781,70.8499984741211,498730,0.0,0.0
2013-04-10 00:00:00+08:00,70.6500015258789,71.23999786376953,70.56999969482422,70.6500015258789,368050,0.0,0.0
2013-04-11 00:00:00+08:00,70.9000015258789,71.69999694824219,70.6500015258789,70.9000015258789,426200,0.0,0.0
2013-04-12 00:00:00+08:00,70.19999694824219,71.19999694824219,69.91999816894531,70.19999694824219,330550,0.0,0.0
2013-04-15 00:00:00+08:00,69.76000213623047,70.73999786376953,69.5,69.76000213623047,357220,0.0,0.0
2013-04-16 00:00:00+08:00,68.62000274658203,69.5,67.51000213623047,68.62000274658203,717970,0.0,0.0
2013-04-17 00:00:00+08:00,69.25,70.23999786376953,69.25,69.25,516130,0.0,0.0
2013-04-18 00:00:00+08:00,68.33000183105469,69.20999908447266,68.16000366210938,68.33000183105469,347250,0.0,0.0
2013-04-19 00:00:00+08:00,67.5999984741211,68.94000244140625,67.11000061035156,67.5999984741211,573920,0.0,0.0
2013-04-22 00:00:00+08:00,66.95999908447266,67.80000305175781,66.0199966430664,66.95999908447266,733610,0.0,0.0
2013-04-23 00:00:00+08:00,66.2699966430664,67.0,65.0,66.2699966430664,684315,0.0,0.0
2013-04-24 00:00:00+08:00,67.48999786376953,67.55000305175781,66.0199966430664,67.48999786376953,393380,0.0,0.0
2013-04-25 00:00:00+08:00,67.13999938964844,67.69999694824219,66.51000213623047,67.13999938964844,257102,0.0,0.0
2013-04-26 00:00:00+08:00,65.79000091552734,67.25,64.8499984741211,65.79000091552734,865865,0.0,0.0
2013-04-29 00:00:00+08:00,62.540000915527344,65.79000091552734,60.5,62.540000915527344,2286250,0.0,0.0
2013-04-30 00:00:00+08:00,62.810001373291016,63.04999923706055,61.0,62.810001373291016,674467,0.0,0.0
2013-05-02 00:00:00+08:00,68.80000305175781,69.69999694824219,62.75,68.80000305175781,1143090,0.0,0.0
2013-05-03 00:00:00+08:00,68.69999694824219,70.0,68.30000305175781,68.69999694824219,788596,0.0,0.0
2013-05-06 00:00:00+08:00,69.91000366210938,71.4000015258789,69.19000244140625,69.91000366210938,384400,0.0,0.0
2013-05-07 00:00:00+08:00,69.19999694824219,70.2300033569336,68.70999908447266,69.19999694824219,477800,0.0,0.0
2013-05-08 00:00:00+08:00,69.18000030517578,69.55000305175781,68.83000183105469,69.18000030517578,286510,0.0,0.0
2013-05-09 00:00:00+08:00,69.01000213623047,69.25,68.83999633789062,69.01000213623047,198768,0.0,0.0
2013-05-10 00:00:00+08:00,70.80000305175781,71.5,69.01000213623047,70.80000305175781,571001,0.0,0.0
2013-05-13 00:00:00+08:00,73.29000091552734,74.6500015258789,70.75,73.29000091552734,903949,0.0,0.0
2013-05-14 00:00:00+08:00,73.5999984741211,74.5,72.80999755859375,73.5999984741211,716431,0.0,0.0
2013-05-15 00:00:00+08:00,73.83999633789062,74.55000305175781,73.5999984741211,73.83999633789062,570521,0.0,0.0
2013-05-16 00:00:00+08:00,72.0,74.0,71.5999984741211,72.0,555680,0.0,0.0
2013-05-17 00:00:00+08:00,73.87999725341797,73.94000244140625,71.80000305175781,73.87999725341797,550230,0.0,0.0
2013-05-20 00:00:00+08:00,73.3499984741211,73.9000015258789,73.0199966430664,73.3499984741211,313410,0.0,0.0
2013-05-21 00:00:00+08:00,71.75,73.4800033569336,71.66000366210938,71.75,472861,0.0,0.0
2013-05-22 00:00:00+08:00,71.41000366210938,72.33999633789062,71.05000305175781,71.41000366210938,294750,0.0,0.0
2013-05-23 00:00:00+08:00,70.0,71.73999786376953,70.0,70.0,435550,0.0,0.0
2013-05-24 00:00:00+08:00,70.9000015258789,71.0,70.0,70.9000015258789,372110,0.0,0.0
2013-05-27 00:00:00+08:00,73.5,73.7699966430664,70.98999786376953,73.5,743052,0.0,0.0
2013-05-28 00:00:00+08:00,73.77999877929688,75.0,73.48999786376953,73.77999877929688,455254,0.0,0.0
2013-05-29 00:00:00+08:00,73.48999786376953,74.5,73.0,73.48999786376953,264549,0.0,0.0
2013-05-30 00:00:00+08:00,71.87999725341797,73.48999786376953,71.33000183105469,71.87999725341797,610780,0.0,0.0
2013-05-31 00:00:00+08:00,71.70999908447266,72.25,71.25,71.70999908447266,367979,0.0,0.0
2013-06-03 00:00:00+08:00,71.25,71.8499984741211,70.9000015258789,71.25,878010,0.0,0.0
2013-06-04 00:00:00+08:00,71.6500015258789,72.19000244140625,71.1500015258789,71.6500015258789,683580,0.0,0.0
2013-06-05 00:00:00+08:00,71.8499984741211,72.48999786376953,71.5,71.8499984741211,332100,0.0,0.0
2013-06-06 00:00:00+08:00,70.5,71.80000305175781,70.0,70.5,784130,0.0,0.0
2013-06-07 00:00:00+08:00,72.44999694824219,72.6500015258789,70.54000091552734,72.44999694824219,627200,0.0,0.0
2013-06-10 00:00:00+08:00,75.91999816894531,77.33999633789062,72.41000366210938,75.91999816894531,1278331,0.0,0.0
2013-06-11 00:00:00+08:00,74.3499984741211,77.23999786376953,73.69999694824219,74.3499984741211,1850219,0.0,0.0
2013-06-13 00:00:00+08:00,74.12000274658203,74.2300033569336,73.19999694824219,74.12000274658203,486012,0.0,0.0
2013-06-14 00:00:00+08:00,75.05999755859375,76.0,74.30000305175781,75.05999755859375,717242,0.0,0.0
2013-06-17 00:00:00+08:00,74.80000305175781,75.25,74.55000305175781,74.80000305175781,364600,0.0,0.0
2013-06-18 00:00:00+08:00,75.13999938964844,75.3499984741211,74.5,75.13999938964844,495152,0.0,0.0
2013-06-19 00:00:00+08:00,76.43000030517578,77.23999786376953,75.0999984741211,76.43000030517578,873200,0.0,0.0
2013-06-20 00:00:00+08:00,76.1500015258789,76.44999694824219,75.0,76.1500015258789,535320,0.0,0.0
2013-06-21 00:00:00+08:00,75.12000274658203,75.83999633789062,74.19999694824219,75.12000274658203,625800,0.0,0.0
2013-06-24 00:00:00+08:00,75.81999969482422,76.23999786376953,75.5,75.81999969482422,606400,0.0,0.0
2013-06-25 00:00:00+08:00,74.9000015258789,76.0,74.6500015258789,74.9000015258789,913900,0.0,0.0
2013-06-26 00:00:00+08:00,74.61000061035156,75.68000030517578,74.30000305175781,74.61000061035156,339301,0.0,0.0
2013-06-27 00:00:00+08:00,74.76000213623047,75.13999938964844,74.69999694824219,74.76000213623047,138850,0.0,0.0
2013-06-28 00:00:00+08:00,74.98999786376953,75.0999984741211,74.61000061035156,74.98999786376953,167900,0.0,0.0
2013-07-01 00:00:00+08:00,74.97000122070312,75.69000244140625,74.83000183105469,74.97000122070312,244910,0.0,0.0
2013-07-02 00:00:00+08:00,75.1500015258789,75.26000213623047,74.80000305175781,75.1500015258789,208720,0.0,0.0
2013-07-03 00:00:00+08:00,74.87999725341797,75.5,74.81999969482422,74.87999725341797,242113,0.0,0.0
2013-07-04 00:00:00+08:00,74.7699966430664,75.1500015258789,73.77999877929688,74.7699966430664,282500,0.0,0.0
2013-07-05 00:00:00+08:00,74.80000305175781,75.19000244140625,74.52999877929688,74.80000305175781,158161,0.0,0.0
2013-07-08 00:00:00+08:00,74.0,75.0,74.0,74.0,286599,0.0,0.0
2013-07-09 00:00:00+08:00,74.29000091552734,74.51000213623047,73.91999816894531,74.29000091552734,229273,0.0,0.0
2013-07-10 00:00:00+08:00,74.1500015258789,74.5,73.80000305175781,74.1500015258789,216920,0.0,0.0
2013-07-11 00:00:00+08:00,73.8499984741211,74.19000244140625,73.80000305175781,73.8499984741211,190925,0.0,0.0
2013-07-12 00:00:00+08:00,74.47000122070312,74.9800033569336,73.97000122070312,74.47000122070312,272549,0.0,0.0
2013-07-15 00:00:00+08:00,76.88999938964844,77.29000091552734,74.94999694824219,76.88999938964844,765030,0.0,0.0
2013-07-16 00:00:00+08:00,76.69999694824219,77.0,76.61000061035156,76.69999694824219,413000,0.0,0.0
2013-07-17 00:00:00+08:00,76.19999694824219,76.97000122070312,76.19999694824219,76.19999694824219,258500,0.0,0.0
2013-07-18 00:00:00+08:00,76.0,76.80000305175781,75.80000305175781,76.0,271860,0.0,0.0
2013-07-19 00:00:00+08:00,75.22000122070312,76.19999694824219,75.20999908447266,75.22000122070312,344500,0.0,0.0
2013-07-22 00:00:00+08:00,79.19999694824219,79.80000305175781,75.69999694824219,79.19999694824219,1510100,0.0,0.0
2013-07-23 00:00:00+08:00,81.61000061035156,82.0,79.0,81.61000061035156,1248260,0.0,0.0
2013-07-24 00:00:00+08:00,82.77999877929688,83.19999694824219,81.5999984741211,82.77999877929688,1043231,0.0,0.0
2013-07-25 00:00:00+08:00,81.0,83.0999984741211,80.80999755859375,81.0,708050,0.0,0.0
2013-07-26 00:00:00+08:00,80.0999984741211,81.5,79.69999694824219,80.0999984741211,702051,0.0,0.0
2013-07-29 00:00:00+08:00,79.43000030517578,80.0,78.9000015258789,79.43000030517578,895750,0.0,0.0
2013-07-30 00:00:00+08:00,78.73999786376953,79.80000305175781,78.16000366210938,78.73999786376953,608800,0.0,0.0
2013-07-31 00:00:00+08:00,80.37999725341797,80.79000091552734,78.51000213623047,80.37999725341797,471864,0.0,0.0
2013-08-01 00:00:00+08:00,80.70999908447266,81.08999633789062,80.25,80.70999908447266,277700,0.0,0.0
2013-08-02 00:00:00+08:00,82.0,82.4800033569336,81.0,82.0,502350,0.0,0.0
2013-08-05 00:00:00+08:00,81.38999938964844,82.23999786376953,81.01000213623047,81.38999938964844,483501,0.0,0.0
2013-08-06 00:00:00+08:00,80.41999816894531,81.43000030517578,80.05000305175781,80.41999816894531,479691,0.0,0.0
2013-08-07 00:00:00+08:00,80.25,80.73999786376953,79.61000061035156,80.25,527821,0.0,0.0
2013-08-08 00:00:00+08:00,79.5999984741211,80.0,79.2300033569336,79.5999984741211,420001,0.0,0.0
2013-08-09 00:00:00+08:00,80.5,80.5,79.5,80.5,481000,0.0,0.0
2013-08-12 00:00:00+08:00,80.12999725341797,80.12999725341797,79.62000274658203,80.12999725341797,251390,0.0,0.0
2013-08-13 00:00:00+08:00,80.0,80.0999984741211,79.70999908447266,80.0,180595,0.0,0.0
2013-08-14 00:00:00+08:00,80.08999633789062,80.23999786376953,79.86000061035156,80.08999633789062,272725,0.0,0.0
2013-08-15 00:00:00+08:00,80.0,80.04000091552734,79.75,80.0,332810,0.0,0.0
2013-08-16 00:00:00+08:00,79.7300033569336,79.80000305175781,79.37999725341797,79.7300033569336,368550,0.0,0.0
2013-08-19 00:00:00+08:00,79.29000091552734,80.0,79.0,79.29000091552734,511400,0.0,0.0
2013-08-20 00:00:00+08:00,77.0999984741211,79.29000091552734,76.5199966430664,77.0999984741211,613651,0.0,0.0
2013-08-22 00:00:00+08:00,77.0,77.44000244140625,76.01000213623047,77.0,504600,0.0,0.0
2013-08-23 00:00:00+08:00,78.23999786376953,79.0,77.0,78.23999786376953,346160,0.0,0.0
2013-08-26 00:00:00+08:00,78.80000305175781,79.0,78.23999786376953,78.80000305175781,504102,0.0,0.0
2013-08-27 00:00:00+08:00,80.69999694824219,82.0,78.8499984741211,80.69999694824219,1426803,0.0,0.0
2013-08-28 00:00:00+08:00,79.4000015258789,80.5,78.88999938964844,79.4000015258789,606910,0.0,0.0
2013-08-29 00:00:00+08:00,79.97000122070312,80.19999694824219,79.51000213623047,79.97000122070312,673100,0.0,0.0
2013-08-30 00:00:00+08:00,79.5999984741211,80.30000305175781,79.36000061035156,79.5999984741211,429697,0.0,0.0
2013-09-02 00:00:00+08:00,80.29000091552734,80.30000305175781,79.62000274658203,80.29000091552734,429500,0.0,0.0
2013-09-03 00:00:00+08:00,84.19999694824219,84.9800033569336,80.19999694824219,84.19999694824219,1894769,0.0,0.0
2013-09-04 00:00:00+08:00,82.55000305175781,84.30000305175781,81.91000366210938,82.55000305175781,786700,0.0,0.0
2013-09-05 00:00:00+08:00,83.0,84.19999694824219,81.5,83.0,793179,0.0,0.0
2013-09-06 00:00:00+08:00,83.58999633789062,84.25,82.80000305175781,83.58999633789062,621544,0.0,0.0
2013-09-09 00:00:00+08:00,80.98999786376953,84.19999694824219,80.69999694824219,80.98999786376953,910790,0.0,0.0
2013-09-10 00:00:00+08:00,80.5999984741211,81.80999755859375,79.75,80.5999984741211,695200,0.0,0.0
2013-09-11 00:00:00+08:00,81.0,81.5,80.0,81.0,473880,0.0,0.0
2013-09-12 00:00:00+08:00,82.19999694824219,82.5,80.80000305175781,82.19999694824219,566992,0.0,0.0
2013-09-13 00:00:00+08:00,82.5,82.5999984741211,81.5,82.5,543682,0.0,0.0
2013-09-16 00:00:00+08:00,81.04000091552734,82.19999694824219,79.55000305175781,81.04000091552734,859598,0.0,0.0
2013-09-17 00:00:00+08:00,81.41000366210938,81.9800033569336,80.75,81.41000366210938,275300,0.0,0.0
2013-09-18 00:00:00+08:00,82.18000030517578,82.5,81.0999984741211,82.18000030517578,486184,0.0,0.0
2013-09-23 00:00:00+08:00,82.61000061035156,83.30000305175781,81.76000213623047,82.61000061035156,823290,0.0,0.0
2013-09-24 00:00:00+08:00,82.0199966430664,82.80000305175781,81.75,82.0199966430664,553750,0.0,0.0
2013-09-25 00:00:00+08:00,82.25,82.30000305175781,81.69999694824219,82.25,225200,0.0,0.0
2013-09-26 00:00:00+08:00,81.75,82.23999786376953,81.30000305175781,81.75,533600,0.0,0.0
2013-09-27 00:00:00+08:00,80.5,82.0999984741211,80.5,80.5,760240,0.0,0.0
2013-09-30 00:00:00+08:00,78.5999984741211,80.79000091552734,78.0,78.5999984741211,1151629,0.0,0.0
2013-10-01 00:00:00+08:00,79.04000091552734,79.5,78.11000061035156,79.04000091552734,627585,0.0,0.0
2013-10-02 00:00:00+08:00,79.5,79.5,78.75,79.5,540851,0.0,0.0
2013-10-03 00:00:00+08:00,80.4000015258789,80.48999786376953,79.0,80.4000015258789,583600,0.0,0.0
2013-10-04 00:00:00+08:00,82.4000015258789,83.0,80.4000015258789,82.4000015258789,731350,0.0,0.0
2013-10-07 00:00:00+08:00,83.22000122070312,83.77999877929688,82.73999786376953,83.22000122070312,613950,0.0,0.0
2013-10-08 00:00:00+08:00,81.72000122070312,83.5,81.55999755859375,81.72000122070312,419760,0.0,0.0
2013-10-09 00:00:00+08:00,81.30000305175781,81.98999786376953,81.01000213623047,81.30000305175781,735631,0.0,0.0
2013-10-11 00:00:00+08:00,91.0,92.69999694824219,81.5,91.0,4249129,0.0,0.0
2013-10-14 00:00:00+08:00,88.98999786376953,93.0,85.0,88.98999786376953,4015501,0.0,0.0
2013-10-15 00:00:00+08:00,85.0,90.98999786376953,84.51000213623047,85.0,3075235,0.0,0.0
2013-10-16 00:00:00+08:00,82.5,85.29000091552734,81.5,82.5,2521321,0.0,0.0
2013-10-17 00:00:00+08:00,83.70999908447266,84.69000244140625,82.5,83.70999908447266,790974,0.0,0.0
2013-10-18 00:00:00+08:00,81.9000015258789,83.9000015258789,81.83000183105469,81.9000015258789,861130,0.0,0.0
2013-10-21 00:00:00+08:00,81.0,82.27999877929688,81.0,81.0,926510,0.0,0.0
2013-10-22 00:00:00+08:00,81.12000274658203,81.30000305175781,80.6500015258789,81.12000274658203,639069,0.0,0.0
2013-10-23 00:00:00+08:00,81.12000274658203,82.69999694824219,80.93000030517578,81.12000274658203,745629,0.0,0.0
2013-10-24 00:00:00+08:00,80.48999786376953,81.37999725341797,79.80000305175781,80.48999786376953,1293905,0.0,0.0
2013-10-25 00:00:00+08:00,80.86000061035156,82.30000305175781,80.0,80.86000061035156,2085669,0.0,0.0
2013-10-28 00:00:00+08:00,82.4000015258789,83.30000305175781,79.91999816894531,82.4000015258789,2127181,0.0,0.0
2013-10-29 00:00:00+08:00,85.79000091552734,86.29000091552734,82.0,85.79000091552734,3009301,0.0,0.0
2013-10-30 00:00:00+08:00,86.70999908447266,88.4000015258789,85.5999984741211,86.70999908447266,2895398,0.0,0.0
2013-10-31 00:00:00+08:00,84.44999694824219,87.27999877929688,84.0,84.44999694824219,1442976,0.0,0.0
2013-11-01 00:00:00+08:00,84.5,88.5,83.51000213623047,84.5,1728338,0.0,0.0
2013-11-04 00:00:00+08:00,81.79000091552734,85.0,81.19999694824219,81.79000091552734,1405412,0.0,0.0
2013-11-05 00:00:00+08:00,81.4000015258789,82.0,80.44999694824219,81.4000015258789,1577742,0.0,0.0
2013-11-06 00:00:00+08:00,82.79000091552734,83.5999984741211,81.0,82.79000091552734,1253479,0.0,0.0
2013-11-07 00:00:00+08:00,81.61000061035156,83.0999984741211,81.0999984741211,81.61000061035156,598555,0.0,0.0
2013-11-08 00:00:00+08:00,81.0,81.5999984741211,80.51000213623047,81.0,761436,0.0,0.0
2013-11-11 00:00:00+08:00,80.30000305175781,81.19999694824219,79.9000015258789,80.30000305175781,574817,0.0,0.0
2013-11-12 00:00:00+08:00,79.9000015258789,81.26000213623047,79.5,79.9000015258789,953780,0.0,0.0
2013-11-13 00:00:00+08:00,76.4000015258789,80.01000213623047,75.70999908447266,76.4000015258789,2120472,0.0,0.0
2013-11-14 00:00:00+08:00,76.80000305175781,77.48999786376953,74.91000366210938,76.80000305175781,1088411,0.0,0.0
2013-11-15 00:00:00+08:00,76.6500015258789,77.5,76.01000213623047,76.6500015258789,758620,0.0,0.0
2013-11-18 00:00:00+08:00,76.12000274658203,77.48999786376953,75.91999816894531,76.12000274658203,413000,0.0,0.0
2013-11-19 00:00:00+08:00,77.87999725341797,78.33999633789062,76.33000183105469,77.87999725341797,390650,0.0,0.0
2013-11-20 00:00:00+08:00,76.87999725341797,77.9800033569336,76.83000183105469,76.87999725341797,237500,0.0,0.0
2013-11-21 00:00:00+08:00,76.25,76.87999725341797,75.69999694824219,76.25,276150,0.0,0.0
2013-11-22 00:00:00+08:00,75.83999633789062,77.29000091552734,75.83000183105469,75.83999633789062,356131,0.0,0.0
2013-11-25 00:00:00+08:00,75.70999908447266,76.5,75.69999694824219,75.70999908447266,197950,0.0,0.0
2013-11-26 00:00:00+08:00,76.26000213623047,76.69999694824219,75.72000122070312,76.26000213623047,280127,0.0,0.0
2013-11-27 00:00:00+08:00,77.5,78.5,76.26000213623047,77.5,330062,0.0,0.0
2013-11-28 00:00:00+08:00,78.22000122070312,79.19999694824219,77.51000213623047,78.22000122070312,392877,0.0,0.0
2013-11-29 00:00:00+08:00,78.33999633789062,78.79000091552734,77.80999755859375,78.33999633789062,266650,0.0,0.0
2013-12-02 00:00:00+08:00,77.26000213623047,78.55000305175781,76.80999755859375,77.26000213623047,392624,0.0,0.0
2013-12-03 00:00:00+08:00,77.94000244140625,78.9000015258789,77.19000244140625,77.94000244140625,335450,0.0,0.0
2013-12-04 00:00:00+08:00,77.62999725341797,77.94999694824219,77.0999984741211,77.62999725341797,243600,0.0,0.0
2013-12-05 00:00:00+08:00,77.87999725341797,77.9800033569336,77.0999984741211,77.87999725341797,215350,0.0,0.0
2013-12-06 00:00:00+08:00,79.30000305175781,79.66999816894531,77.36000061035156,79.30000305175781,710770,0.0,0.0
2013-12-09 00:00:00+08:00,79.01000213623047,80.77999877929688,79.01000213623047,79.01000213623047,1308200,0.0,0.0
2013-12-10 00:00:00+08:00,79.29000091552734,79.98999786376953,78.51000213623047,79.29000091552734,1076873,0.0,0.0
2013-12-11 00:00:00+08:00,79.62000274658203,80.19999694824219,79.22000122070312,79.62000274658203,1034500,0.0,0.0
2013-12-12 00:00:00+08:00,78.6500015258789,80.19999694824219,77.80000305175781,78.6500015258789,984260,0.0,0.0
2013-12-13 00:00:00+08:00,79.20999908447266,80.0999984741211,78.5999984741211,79.20999908447266,1088950,0.0,0.0
2013-12-16 00:00:00+08:00,77.69999694824219,79.80000305175781,77.33999633789062,77.69999694824219,1011820,0.0,0.0
2013-12-17 00:00:00+08:00,76.45999908447266,78.0,76.06999969482422,76.45999908447266,928600,0.0,0.0
2013-12-18 00:00:00+08:00,75.20999908447266,76.69999694824219,75.08000183105469,75.20999908447266,852145,0.0,0.0
2013-12-19 00:00:00+08:00,76.01000213623047,76.69999694824219,75.05000305175781,76.01000213623047,1076617,0.0,0.0
2013-12-20 00:00:00+08:00,75.3499984741211,76.08999633789062,75.19999694824219,75.3499984741211,557951,0.0,0.0
2013-12-23 00:00:00+08:00,74.62999725341797,75.4800033569336,74.61000061035156,74.62999725341797,656900,0.0,0.0
2013-12-24 00:00:00+08:00,76.0,77.0,74.5,76.0,495450,0.0,0.0
2013-12-25 00:00:00+08:00,75.44000244140625,76.5,75.01000213623047,75.44000244140625,538870,0.0,0.0
2013-12-26 00:00:00+08:00,75.0,75.48999786376953,74.5999984741211,75.0,639300,0.0,0.0
2013-12-27 00:00:00+08:00,74.58999633789062,75.2699966430664,74.5199966430664,74.58999633789062,648600,0.0,0.0
2013-12-30 00:00:00+08:00,74.19999694824219,74.86000061035156,73.94000244140625,74.19999694824219,907700,0.0,0.0
2013-12-31 00:00:00+08:00,73.5999984741211,74.27999877929688,71.80999755859375,73.5999984741211,1114970,0.0,0.0
2014-01-02 00:00:00+08:00,73.87999725341797,74.48999786376953,73.26000213623047,73.87999725341797,592660,0.0,0.0
2014-01-03 00:00:00+08:00,73.06999969482422,74.19000244140625,72.66999816894531,73.06999969482422,764250,0.0,0.0
2014-01-06 00:00:00+08:00,71.9000015258789,73.19999694824219,70.76000213623047,71.9000015258789,1181050,0.0,0.0
2014-01-07 00:00:00+08:00,71.1500015258789,71.9800033569336,70.87999725341797,71.1500015258789,582750,0.0,0.0
2014-01-08 00:00:00+08:00,70.76000213623047,71.2300033569336,70.55000305175781,70.76000213623047,597020,0.0,0.0
2014-01-09 00:00:00+08:00,69.0199966430664,70.98999786376953,68.76000213623047,69.0199966430664,1505930,0.0,0.0
2014-01-10 00:00:00+08:00,69.0,69.9800033569336,68.5,69.0,728430,0.0,0.0
2014-01-13 00:00:00+08:00,67.02999877929688,69.0,66.61000061035156,67.02999877929688,1063980,0.0,0.0
2014-01-14 00:00:00+08:00,66.5,66.87000274658203,65.11000061035156,66.5,612365,0.0,0.0
2014-01-15 00:00:00+08:00,69.13999938964844,70.98999786376953,66.5,69.13999938964844,1083350,0.0,0.0
2014-01-16 00:00:00+08:00,68.51000213623047,69.5,68.51000213623047,68.51000213623047,283700,0.0,0.0
2014-01-17 00:00:00+08:00,69.26000213623047,70.2300033569336,68.80999755859375,69.26000213623047,363200,0.0,0.0
2014-01-20 00:00:00+08:00,70.20999908447266,70.48999786376953,69.69999694824219,70.20999908447266,603600,0.0,0.0
2014-01-21 00:00:00+08:00,74.58999633789062,74.58999633789062,70.25,74.58999633789062,2629015,0.0,0.0
2014-01-22 00:00:00+08:00,78.30000305175781,78.58000183105469,74.69999694824219,78.30000305175781,2756844,0.0,0.0
2014-01-23 00:00:00+08:00,78.66999816894531,80.19000244140625,78.29000091552734,78.66999816894531,1563175,0.0,0.0
2014-01-24 00:00:00+08:00,77.29000091552734,78.98999786376953,77.0,77.29000091552734,763630,0.0,0.0
2014-01-27 00:00:00+08:00,79.5999984741211,79.5999984741211,76.5999984741211,79.5999984741211,1376680,0.0,0.0
2014-02-05 00:00:00+08:00,82.19999694824219,83.94000244140625,77.33000183105469,82.19999694824219,3051517,0.0,0.0
2014-02-06 00:00:00+08:00,79.30000305175781,82.19999694824219,79.0,79.30000305175781,970464,0.0,0.0
2014-02-07 00:00:00+08:00,78.81999969482422,79.80000305175781,78.7699966430664,78.81999969482422,450555,0.0,0.0
2014-02-10 00:00:00+08:00,79.5,80.5,78.69999694824219,79.5,993507,0.0,0.0
2014-02-11 00:00:00+08:00,80.05999755859375,80.75,79.5999984741211,80.05999755859375,556200,0.0,0.0
2014-02-12 00:00:00+08:00,80.0,81.18000030517578,79.7300033569336,80.0,578860,0.0,0.0
2014-02-13 00:00:00+08:00,78.86000061035156,80.30000305175781,78.70999908447266,78.86000061035156,492530,0.0,0.0
2014-02-14 00:00:00+08:00,78.9000015258789,79.48999786376953,78.69999694824219,78.9000015258789,356220,0.0,0.0
2014-02-17 00:00:00+08:00,79.25,80.30000305175781,79.12000274658203,79.25,470885,0.0,0.0
2014-02-18 00:00:00+08:00,79.0999984741211,80.0,78.54000091552734,79.0999984741211,619380,0.0,0.0
2014-02-19 00:00:00+08:00,79.16999816894531,79.69999694824219,78.61000061035156,79.16999816894531,580330,0.0,0.0
2014-02-20 00:00:00+08:00,77.5999984741211,79.16000366210938,77.5,77.5999984741211,716171,0.0,0.0
2014-02-21 00:00:00+08:00,77.30999755859375,78.80000305175781,77.01000213623047,77.30999755859375,731661,0.0,0.0
2014-02-24 00:00:00+08:00,77.69000244140625,78.0,76.01000213623047,77.69000244140625,823582,0.0,0.0
2014-02-25 00:00:00+08:00,79.43000030517578,79.75,77.79000091552734,79.43000030517578,970389,0.0,0.0
2014-02-26 00:00:00+08:00,80.88999938964844,82.0,79.5,80.88999938964844,1391214,0.0,0.0
2014-02-27 00:00:00+08:00,82.20999908447266,82.52999877929688,81.0,82.20999908447266,1815809,0.0,0.0
2014-03-03 00:00:00+08:00,85.30000305175781,85.30000305175781,82.0,85.30000305175781,2313234,0.0,0.0
2014-03-04 00:00:00+08:00,85.05000305175781,87.3499984741211,84.91000366210938,85.05000305175781,2165860,0.0,0.0
2014-03-05 00:00:00+08:00,85.08999633789062,86.0,84.19999694824219,85.08999633789062,994165,0.0,0.0
2014-03-06 00:00:00+08:00,85.25,85.30000305175781,84.5199966430664,85.25,751220,0.0,0.0
2014-03-07 00:00:00+08:00,82.76000213623047,85.30000305175781,82.51000213623047,82.76000213623047,1022205,0.0,0.0
2014-03-10 00:00:00+08:00,82.27999877929688,83.5,81.52999877929688,82.27999877929688,588301,0.0,0.0
2014-03-11 00:00:00+08:00,83.19999694824219,83.44999694824219,81.80000305175781,83.19999694824219,823159,0.0,0.0
2014-03-12 00:00:00+08:00,84.0999984741211,84.29000091552734,83.23999786376953,84.0999984741211,665613,0.0,0.0
2014-03-13 00:00:00+08:00,85.0,85.80000305175781,83.80000305175781,85.0,990352,0.0,0.0
2014-03-14 00:00:00+08:00,83.80000305175781,85.27999877929688,83.43000030517578,83.80000305175781,563274,0.0,0.0
2014-03-17 00:00:00+08:00,84.73999786376953,84.73999786376953,83.70999908447266,84.73999786376953,586223,0.0,0.0
2014-03-18 00:00:00+08:00,85.2699966430664,85.7300033569336,84.69999694824219,85.2699966430664,970370,0.0,0.0
2014-03-19 00:00:00+08:00,84.36000061035156,85.48999786376953,83.70999908447266,84.36000061035156,751697,0.0,0.0
2014-03-20 00:00:00+08:00,83.26000213623047,84.19999694824219,82.54000091552734,83.26000213623047,1158196,0.0,0.0
2014-03-21 00:00:00+08:00,85.5,86.0,83.0,85.5,1401932,0.0,0.0
2014-03-24 00:00:00+08:00,85.0999984741211,85.5,81.04000091552734,85.0999984741211,1510673,0.0,0.0
2014-03-25 00:00:00+08:00,88.9000015258789,89.2699966430664,84.98999786376953,88.9000015258789,2617434,0.0,0.0
2014-03-26 00:00:00+08:00,93.29000091552734,93.80000305175781,88.7300033569336,93.29000091552734,3660154,0.0,0.0
2014-03-27 00:00:00+08:00,92.80000305175781,95.7699966430664,92.0,92.80000305175781,2590231,0.0,0.0
2014-03-28 00:00:00+08:00,90.4000015258789,93.27999877929688,90.0,90.4000015258789,1541620,0.0,0.0
2014-03-31 00:00:00+08:00,91.37999725341797,91.69000244140625,90.0,91.37999725341797,793947,0.0,0.0
2014-04-01 00:00:00+08:00,94.80000305175781,96.08999633789062,91.48999786376953,94.80000305175781,1679653,0.0,0.0
2014-04-02 00:00:00+08:00,95.08999633789062,96.80000305175781,94.5,95.08999633789062,1220261,0.0,0.0
2014-04-03 00:00:00+08:00,93.80000305175781,96.0,93.05000305175781,93.80000305175781,1210967,0.0,0.0
2014-04-07 00:00:00+08:00,92.19999694824219,93.30000305175781,91.51000213623047,92.19999694824219,776544,0.0,0.0
2014-04-08 00:00:00+08:00,92.3499984741211,93.27999877929688,91.80999755859375,92.3499984741211,546124,0.0,0.0
2014-04-09 00:00:00+08:00,93.0,93.0,92.0,93.0,704490,0.0,0.0
2014-04-10 00:00:00+08:00,93.98999786376953,94.0,92.55999755859375,93.98999786376953,1161851,0.0,0.0
2014-04-11 00:00:00+08:00,92.30000305175781,93.0,91.20999908447266,92.30000305175781,1344123,0.0,0.0
2014-04-14 00:00:00+08:00,90.16000366210938,92.0,89.0199966430664,90.16000366210938,1106110,0.0,0.0
2014-04-15 00:00:00+08:00,89.94999694824219,90.9000015258789,89.70999908447266,89.94999694824219,566238,0.0,0.0
2014-04-16 00:00:00+08:00,90.88999938964844,90.9000015258789,89.95999908447266,90.88999938964844,419890,0.0,0.0
2014-04-17 00:00:00+08:00,93.44000244140625,93.48999786376953,90.1500015258789,93.44000244140625,1135884,0.0,0.0
2014-04-18 00:00:00+08:00,94.43000030517578,95.48999786376953,93.02999877929688,94.43000030517578,1590969,0.0,0.0
2014-04-21 00:00:00+08:00,94.1500015258789,95.0,93.11000061035156,94.1500015258789,1157405,0.0,0.0
2014-04-22 00:00:00+08:00,105.0,109.30000305175781,94.1500015258789,105.0,6075295,0.0,0.0
2014-04-23 00:00:00+08:00,112.4800033569336,114.48999786376953,104.05999755859375,112.4800033569336,4916940,0.0,0.0
2014-04-24 00:00:00+08:00,112.38999938964844,118.0,111.08000183105469,112.38999938964844,4384768,0.0,0.0
2014-04-25 00:00:00+08:00,107.97000122070312,113.0,105.0199966430664,107.97000122070312,3550183,0.0,0.0
2014-04-28 00:00:00+08:00,114.4800033569336,115.4000015258789,105.0,114.4800033569336,2723551,0.0,0.0
2014-04-29 00:00:00+08:00,120.30000305175781,120.37000274658203,115.0,120.30000305175781,3100048,0.0,0.0
2014-04-30 00:00:00+08:00,118.5,128.08999633789062,117.20999908447266,118.5,5515482,0.0,0.0
2014-05-02 00:00:00+08:00,120.33999633789062,122.94999694824219,118.11000061035156,120.33999633789062,2609384,0.0,0.0
2014-05-05 00:00:00+08:00,125.5,126.0,120.12000274658203,125.5,2794421,0.0,0.0
2014-05-06 00:00:00+08:00,129.39999389648438,129.39999389648438,124.5,129.39999389648438,3536450,0.0,0.0
2014-05-07 00:00:00+08:00,140.49000549316406,142.10000610351562,128.00999450683594,140.49000549316406,6145078,0.0,0.0
2014-05-08 00:00:00+08:00,140.49000549316406,147.49000549316406,137.52000427246094,140.49000549316406,5427285,0.0,0.0
2014-05-09 00:00:00+08:00,141.3000030517578,144.60000610351562,137.0,141.3000030517578,3370318,0.0,0.0
2014-05-12 00:00:00+08:00,143.0,147.1999969482422,141.3000030517578,143.0,3019579,0.0,0.0
2014-05-13 00:00:00+08:00,147.4499969482422,150.0,143.27000427246094,147.4499969482422,3435540,0.0,0.0
2014-05-14 00:00:00+08:00,159.5,159.5,146.00999450683594,159.5,3693790,0.0,0.0
2014-05-15 00:00:00+08:00,178.99000549316406,179.99000549316406,159.0,178.99000549316406,5568397,0.0,0.0
2014-05-16 00:00:00+08:00,180.0,184.0,174.0,180.0,5033986,0.0,0.0
2014-05-19 00:00:00+08:00,159.57000732421875,181.8000030517578,158.5,159.57000732421875,6759011,0.0,0.0
2014-05-20 00:00:00+08:00,161.64999389648438,169.0,158.0,161.64999389648438,3706805,0.0,0.0
2014-05-21 00:00:00+08:00,170.47999572753906,173.0,159.39999389648438,170.47999572753906,3496017,0.0,0.0
2014-05-22 00:00:00+08:00,168.33999633789062,174.0,167.1699981689453,168.33999633789062,2148930,0.0,0.0
2014-05-23 00:00:00+08:00,175.8800048828125,176.88999938964844,168.35000610351562,175.8800048828125,2233328,0.0,0.0
2014-05-26 00:00:00+08:00,181.1999969482422,183.97999572753906,176.0,181.1999969482422,3228408,0.0,0.0
2014-05-27 00:00:00+08:00,189.99000549316406,189.99000549316406,181.00999450683594,189.99000549316406,3058788,0.0,0.0
2014-05-28 00:00:00+08:00,186.77999877929688,198.0,182.5,186.77999877929688,4118183,0.0,0.0
2014-05-29 00:00:00+08:00,186.3000030517578,188.0,179.0,186.3000030517578,2118973,0.0,0.0
2014-05-30 00:00:00+08:00,188.0,189.97999572753906,183.5,188.0,1385275,0.0,0.0
2014-06-03 00:00:00+08:00,191.35000610351562,193.39999389648438,188.0,191.35000610351562,1559270,0.0,0.0
2014-06-04 00:00:00+08:00,191.35000610351562,191.35000610351562,191.35000610351562,191.35000610351562,0,0.0,0.0
2014-06-05 00:00:00+08:00,175.38999938964844,188.99000549316406,174.24000549316406,175.38999938964844,3561952,0.0,0.0
2014-06-06 00:00:00+08:00,183.99000549316406,186.97999572753906,172.1199951171875,183.99000549316406,3924784,0.0,0.0
2014-06-09 00:00:00+08:00,188.47000122070312,190.6999969482422,184.99000549316406,188.47000122070312,2231853,0.0,0.0
2014-06-10 00:00:00+08:00,186.99000549316406,190.77000427246094,184.3300018310547,186.99000549316406,1891175,0.0,0.0
2014-06-11 00:00:00+08:00,186.38999938964844,188.38999938964844,185.39999389648438,186.38999938964844,1372278,0.0,0.0
2014-06-12 00:00:00+08:00,182.5,187.0,179.44000244140625,182.5,2305147,0.0,0.0
2014-06-13 00:00:00+08:00,181.99000549316406,184.88999938964844,180.8000030517578,181.99000549316406,1417547,0.0,0.0
2014-06-16 00:00:00+08:00,183.0800018310547,187.0,181.4499969482422,183.0800018310547,1262734,0.0,0.0
2014-06-17 00:00:00+08:00,180.60000610351562,185.0,179.1199951171875,180.60000610351562,1882512,0.0,0.0
2014-06-18 00:00:00+08:00,175.99000549316406,181.8000030517578,173.00999450683594,175.99000549316406,2253420,0.0,0.0
2014-06-19 00:00:00+08:00,179.0,180.99000549316406,172.0,179.0,1437188,0.0,0.0
2014-06-20 00:00:00+08:00,183.0,183.13999938964844,178.0,183.0,1225914,0.0,0.0
2014-06-23 00:00:00+08:00,177.85000610351562,182.99000549316406,175.0,177.85000610351562,1397094,0.0,0.0
2014-06-24 00:00:00+08:00,180.58999633789062,180.97999572753906,175.5,180.58999633789062,737466,0.0,0.0
2014-06-25 00:00:00+08:00,182.8000030517578,183.0,178.52000427246094,182.8000030517578,1053900,0.0,0.0
2014-06-26 00:00:00+08:00,182.64999389648438,184.99000549316406,181.50999450683594,182.64999389648438,1035099,0.0,0.0
2014-06-27 00:00:00+08:00,180.5399932861328,183.5500030517578,179.55999755859375,180.5399932861328,635915,0.0,0.0
2014-06-30 00:00:00+08:00,179.6999969482422,181.97000122070312,178.0,179.6999969482422,0,0.0,0.0
2014-07-01 00:00:00+08:00,178.5,180.88999938964844,178.4600067138672,178.5,593091,0.0,0.0
2014-07-02 00:00:00+08:00,175.99000549316406,180.5,174.4499969482422,175.99000549316406,1690006,0.0,0.0
2014-07-03 00:00:00+08:00,170.58999633789062,178.0,169.1999969482422,170.58999633789062,2726240,0.0,0.0
2014-07-04 00:00:00+08:00,160.49000549316406,170.0,154.86000061035156,160.49000549316406,5066692,0.0,0.0
2014-07-07 00:00:00+08:00,168.36000061035156,169.5,159.0,168.36000061035156,1724923,0.0,0.0
2014-07-08 00:00:00+08:00,173.47000122070312,176.83999633789062,168.38999938964844,173.47000122070312,1878507,0.0,0.0
2014-07-09 00:00:00+08:00,167.7899932861328,175.0,166.0,167.7899932861328,1647512,0.0,0.0
2014-07-10 00:00:00+08:00,164.97999572753906,170.5,163.3000030517578,164.97999572753906,1448571,0.0,0.0
2014-07-11 00:00:00+08:00,160.5,164.0,159.0,160.5,1807795,0.0,0.0
2014-07-14 00:00:00+08:00,165.0,165.0,157.5,165.0,1201141,0.0,0.0
2014-07-15 00:00:00+08:00,164.0,167.0,162.41000366210938,164.0,941628,0.0,0.0
2014-07-16 00:00:00+08:00,160.7899932861328,163.0,159.41000366210938,160.7899932861328,765679,0.0,0.0
2014-07-17 00:00:00+08:00,158.69000244140625,162.0,156.0,158.69000244140625,1283893,0.0,0.0
2014-07-18 00:00:00+08:00,158.49000549316406,159.13999938964844,154.0,158.49000549316406,1385569,0.0,0.0
2014-07-21 00:00:00+08:00,163.49000549316406,165.5,158.88999938964844,163.49000549316406,1409332,0.0,0.0
2014-07-22 00:00:00+08:00,161.4499969482422,165.0,160.00999450683594,161.4499969482422,1161363,0.0,0.0
2014-07-23 00:00:00+08:00,161.4499969482422,161.4499969482422,161.4499969482422,161.4499969482422,0,0.0,0.0
2014-07-24 00:00:00+08:00,164.60000610351562,165.99000549316406,161.0,164.60000610351562,783895,0.0,0.0
2014-07-25 00:00:00+08:00,167.5,168.0,157.49000549316406,167.5,1925239,0.0,0.0
2014-07-28 00:00:00+08:00,158.5,166.00999450683594,155.3300018310547,158.5,1972693,0.0,0.0
2014-07-29 00:00:00+08:00,157.0,159.99000549316406,155.00999450683594,157.0,1299492,0.0,0.0
2014-07-30 00:00:00+08:00,156.49000549316406,159.0,155.0,156.49000549316406,931022,0.0,0.0
2014-07-31 00:00:00+08:00,151.99000549316406,157.10000610351562,150.10000610351562,151.99000549316406,1534715,0.0,0.0
2014-08-01 00:00:00+08:00,139.99000549316406,149.89999389648438,138.0399932861328,139.99000549316406,2556628,0.0,0.0
2014-08-04 00:00:00+08:00,134.4499969482422,139.99000549316406,130.0,134.4499969482422,2287778,0.0,0.0
2014-08-05 00:00:00+08:00,140.2899932861328,143.49000549316406,132.30999755859375,140.2899932861328,1316208,0.0,0.0
2014-08-06 00:00:00+08:00,124.0,140.60000610351562,119.54000091552734,124.0,3024946,0.0,0.0
2014-08-07 00:00:00+08:00,124.0,124.0,124.0,124.0,0,0.0,0.0
2014-08-08 00:00:00+08:00,125.0,125.5999984741211,103.0,125.0,3378899,0.0,0.0
2014-08-11 00:00:00+08:00,142.99000549316406,146.30999755859375,124.5,142.99000549316406,3090096,0.0,0.0
2014-08-12 00:00:00+08:00,140.10000610351562,145.99000549316406,135.0,140.10000610351562,2256264,0.0,0.0
2014-08-13 00:00:00+08:00,141.47000122070312,142.44000244140625,136.0,141.47000122070312,818558,0.0,0.0
2014-08-14 00:00:00+08:00,138.47000122070312,142.0,136.6199951171875,138.47000122070312,744334,0.0,0.0
2014-08-15 00:00:00+08:00,128.49000549316406,138.99000549316406,124.5,128.49000549316406,1844934,0.0,0.0
2014-08-18 00:00:00+08:00,121.58999633789062,129.49000549316406,117.11000061035156,121.58999633789062,1696816,0.0,0.0
2014-08-19 00:00:00+08:00,138.6999969482422,138.88999938964844,119.69999694824219,138.6999969482422,1746711,0.0,0.0
2014-08-20 00:00:00+08:00,136.05999755859375,144.5500030517578,134.02000427246094,136.05999755859375,1015167,0.0,0.0
2014-08-21 00:00:00+08:00,137.99000549316406,138.44000244140625,128.41000366210938,137.99000549316406,1054140,0.0,0.0
2014-08-22 00:00:00+08:00,141.97999572753906,143.99000549316406,137.0,141.97999572753906,1548243,0.0,0.0
2014-08-25 00:00:00+08:00,140.0399932861328,145.0,139.57000732421875,140.0399932861328,841061,0.0,0.0
2014-08-26 00:00:00+08:00,140.0800018310547,142.8699951171875,139.82000732421875,140.0800018310547,443189,0.0,0.0
2014-08-27 00:00:00+08:00,138.3800048828125,142.6999969482422,137.60000610351562,138.3800048828125,640078,0.0,0.0
2014-08-28 00:00:00+08:00,137.10000610351562,139.39999389648438,136.10000610351562,137.10000610351562,360433,0.0,0.0
2014-08-29 00:00:00+08:00,137.7100067138672,139.0,135.0,137.7100067138672,366713,0.0,0.0
2014-09-01 00:00:00+08:00,142.0,144.49000549316406,138.5,142.0,736742,0.0,0.0
2014-09-02 00:00:00+08:00,138.99000549316406,143.0,138.3800048828125,138.99000549316406,451132,0.0,0.0
2014-09-03 00:00:00+08:00,138.57000732421875,140.0,137.60000610351562,138.57000732421875,357814,0.0,0.0
2014-09-04 00:00:00+08:00,139.0500030517578,141.0,137.9199981689453,139.0500030517578,320647,0.0,0.0
2014-09-05 00:00:00+08:00,139.0,139.58999633789062,138.0,139.0,324574,0.0,0.0
2014-09-09 00:00:00+08:00,141.4499969482422,142.10000610351562,139.0,141.4499969482422,521291,0.0,0.0
2014-09-10 00:00:00+08:00,142.88999938964844,142.89999389648438,140.5,142.88999938964844,729021,0.0,0.0
2014-09-11 00:00:00+08:00,146.10000610351562,147.5,142.8000030517578,146.10000610351562,1349912,0.0,0.0
2014-09-12 00:00:00+08:00,142.44000244140625,147.3000030517578,140.57000732421875,142.44000244140625,874385,0.0,0.0
2014-09-15 00:00:00+08:00,141.0800018310547,142.8699951171875,140.0,141.0800018310547,434048,0.0,0.0
2014-09-16 00:00:00+08:00,141.44000244140625,141.58999633789062,140.55999755859375,141.44000244140625,412918,0.0,0.0
2014-09-17 00:00:00+08:00,140.00999450683594,141.5,140.00999450683594,140.00999450683594,348098,0.0,0.0
2014-09-18 00:00:00+08:00,138.55999755859375,140.99000549316406,137.60000610351562,138.55999755859375,904908,0.0,0.0
2014-09-19 00:00:00+08:00,140.8800048828125,141.5,139.0,140.8800048828125,532539,0.0,0.0
2014-09-22 00:00:00+08:00,146.49000549316406,147.5,140.8800048828125,146.49000549316406,1768858,0.0,0.0
2014-09-23 00:00:00+08:00,150.47000122070312,152.6999969482422,146.49000549316406,150.47000122070312,1730161,0.0,0.0
2014-09-24 00:00:00+08:00,160.49000549316406,160.49000549316406,149.5,160.49000549316406,2365866,0.0,0.0
2014-09-25 00:00:00+08:00,158.00999450683594,165.49000549316406,157.7100067138672,158.00999450683594,2161894,0.0,0.0
2014-09-26 00:00:00+08:00,157.4499969482422,158.8000030517578,152.02000427246094,157.4499969482422,1270196,0.0,0.0
2014-09-29 00:00:00+08:00,161.5,162.52000427246094,158.0,161.5,1424882,0.0,0.0
2014-09-30 00:00:00+08:00,158.00999450683594,162.97000122070312,156.52999877929688,158.00999450683594,1141018,0.0,0.0
2014-10-01 00:00:00+08:00,158.97999572753906,161.5,157.0,158.97999572753906,729675,0.0,0.0
2014-10-02 00:00:00+08:00,161.5399932861328,162.67999267578125,158.39999389648438,161.5399932861328,939517,0.0,0.0
2014-10-03 00:00:00+08:00,164.22999572753906,166.75,162.0,164.22999572753906,1299861,0.0,0.0
2014-10-06 00:00:00+08:00,167.88999938964844,169.10000610351562,165.0,167.88999938964844,1159403,0.0,0.0
2014-10-07 00:00:00+08:00,163.10000610351562,167.99000549316406,162.41000366210938,163.10000610351562,742135,0.0,0.0
2014-10-08 00:00:00+08:00,163.10000610351562,163.10000610351562,163.10000610351562,163.10000610351562,0,0.0,0.0
2014-10-09 00:00:00+08:00,154.58999633789062,162.0,151.02000427246094,154.58999633789062,1241720,0.0,0.0
2014-10-13 00:00:00+08:00,145.0,152.0,144.0,145.0,1282646,0.0,0.0
2014-10-14 00:00:00+08:00,147.25,148.97999572753906,145.0,147.25,727897,0.0,0.0
2014-10-15 00:00:00+08:00,144.83999633789062,149.0,144.00999450683594,144.83999633789062,565003,0.0,0.0
2014-10-16 00:00:00+08:00,147.97000122070312,149.0,137.00999450683594,147.97000122070312,1114669,0.0,0.0
2014-10-17 00:00:00+08:00,137.97999572753906,149.0,136.5,137.97999572753906,1010109,0.0,0.0
2014-10-20 00:00:00+08:00,128.7899932861328,141.0,126.83999633789062,128.7899932861328,1734085,0.0,0.0
2014-10-21 00:00:00+08:00,140.0,140.0,128.39999389648438,140.0,1369349,0.0,0.0
2014-10-22 00:00:00+08:00,152.99000549316406,163.14999389648438,141.0,152.99000549316406,4514580,0.0,0.0
2014-10-23 00:00:00+08:00,151.8800048828125,156.83999633789062,150.0,151.8800048828125,1453013,0.0,0.0
2014-10-24 00:00:00+08:00,146.47999572753906,155.0,143.05999755859375,146.47999572753906,1031757,0.0,0.0
2014-10-27 00:00:00+08:00,140.5,148.35000610351562,138.00999450683594,140.5,1416204,0.0,0.0
2014-10-28 00:00:00+08:00,142.97999572753906,145.99000549316406,138.41000366210938,142.97999572753906,919915,0.0,0.0
2014-10-29 00:00:00+08:00,143.97999572753906,147.0,143.02999877929688,143.97999572753906,764966,0.0,0.0
2014-10-30 00:00:00+08:00,140.7100067138672,144.0,139.99000549316406,140.7100067138672,389563,0.0,0.0
2014-10-31 00:00:00+08:00,141.3000030517578,143.97999572753906,140.0,141.3000030517578,522737,0.0,0.0
2014-11-03 00:00:00+08:00,140.0,141.49000549316406,139.57000732421875,140.0,521201,0.0,0.0
2014-11-04 00:00:00+08:00,140.47000122070312,141.0,140.0,140.47000122070312,232054,0.0,0.0
2014-11-05 00:00:00+08:00,142.0,144.0,140.5,142.0,503529,0.0,0.0
2014-11-06 00:00:00+08:00,138.0,142.86000061035156,138.0,138.0,583744,0.0,0.0
2014-11-07 00:00:00+08:00,137.8000030517578,138.91000366210938,137.07000732421875,137.8000030517578,401969,0.0,0.0
2014-11-10 00:00:00+08:00,141.60000610351562,143.0,138.38999938964844,141.60000610351562,499477,0.0,0.0
2014-11-11 00:00:00+08:00,143.69000244140625,145.58999633789062,141.8000030517578,143.69000244140625,549444,0.0,0.0
2014-11-12 00:00:00+08:00,139.61000061035156,143.99000549316406,139.5399932861328,139.61000061035156,449996,0.0,0.0
2014-11-13 00:00:00+08:00,140.55999755859375,141.00999450683594,140.0,140.55999755859375,346360,0.0,0.0
2014-11-14 00:00:00+08:00,140.00999450683594,141.42999267578125,139.0,140.00999450683594,292749,0.0,0.0
2014-11-17 00:00:00+08:00,139.55999755859375,141.0,139.11000061035156,139.55999755859375,246622,0.0,0.0
2014-11-18 00:00:00+08:00,135.75999450683594,140.0,132.05999755859375,135.75999450683594,756666,0.0,0.0
2014-11-19 00:00:00+08:00,135.58999633789062,137.08999633789062,134.5500030517578,135.58999633789062,363489,0.0,0.0
2014-11-20 00:00:00+08:00,139.11000061035156,140.99000549316406,135.89999389648438,139.11000061035156,439793,0.0,0.0
2014-11-21 00:00:00+08:00,138.3000030517578,140.0,137.6300048828125,138.3000030517578,293522,0.0,0.0
2014-11-24 00:00:00+08:00,137.52000427246094,140.0,137.39999389648438,137.52000427246094,367854,0.0,0.0
2014-11-25 00:00:00+08:00,131.6199951171875,137.99000549316406,129.50999450683594,131.6199951171875,1827707,0.0,0.0
2014-11-26 00:00:00+08:00,130.88999938964844,132.97999572753906,128.61000061035156,130.88999938964844,987701,0.0,0.0
2014-11-27 00:00:00+08:00,130.6999969482422,134.0800018310547,129.60000610351562,130.6999969482422,616470,0.0,0.0
2014-11-28 00:00:00+08:00,132.0,132.9199981689453,130.6199951171875,132.0,330263,0.0,0.0
2014-12-01 00:00:00+08:00,137.00999450683594,137.94000244140625,129.0,137.00999450683594,854151,0.0,0.0
2014-12-02 00:00:00+08:00,139.99000549316406,139.99000549316406,139.99000549316406,139.99000549316406,2037078,0.0,0.0
2014-12-03 00:00:00+08:00,142.89999389648438,142.89999389648438,142.89999389648438,142.89999389648438,1565618,0.0,0.0
2014-12-04 00:00:00+08:00,141.0,141.0,141.0,141.0,1350820,0.0,0.0
2014-12-05 00:00:00+08:00,140.91000366210938,142.0,140.02000427246094,140.91000366210938,405900,0.0,0.0
2014-12-08 00:00:00+08:00,142.61000061035156,144.47999572753906,141.99000549316406,142.61000061035156,412544,0.0,0.0
2014-12-09 00:00:00+08:00,141.07000732421875,142.5,141.02000427246094,141.07000732421875,457524,0.0,0.0
2014-12-10 00:00:00+08:00,139.50999450683594,141.0,139.0,139.50999450683594,394889,0.0,0.0
2014-12-11 00:00:00+08:00,139.7100067138672,140.97999572753906,139.50999450683594,139.7100067138672,255589,0.0,0.0
2014-12-12 00:00:00+08:00,141.75,142.42999267578125,139.8000030517578,141.75,463170,0.0,0.0
2014-12-15 00:00:00+08:00,140.5,141.5,139.6199951171875,140.5,409150,0.0,0.0
2014-12-16 00:00:00+08:00,142.35000610351562,144.49000549316406,140.3000030517578,142.35000610351562,525770,0.0,0.0
2014-12-17 00:00:00+08:00,141.0,142.5,140.0,141.0,349449,0.0,0.0
2014-12-18 00:00:00+08:00,140.1199951171875,142.39999389648438,140.02000427246094,140.1199951171875,463201,0.0,0.0
2014-12-19 00:00:00+08:00,139.3699951171875,141.94000244140625,139.3699951171875,139.3699951171875,391761,0.0,0.0
2014-12-22 00:00:00+08:00,140.42999267578125,141.97999572753906,139.1999969482422,140.42999267578125,450397,0.0,0.0
2014-12-23 00:00:00+08:00,140.39999389648438,141.47999572753906,139.89999389648438,140.39999389648438,417556,0.0,0.0
2014-12-24 00:00:00+08:00,141.0,141.75999450683594,140.00999450683594,141.0,302293,0.0,0.0
2014-12-25 00:00:00+08:00,140.91000366210938,141.4199981689453,140.5,140.91000366210938,292406,0.0,0.0
2014-12-26 00:00:00+08:00,151.97999572753906,152.0,140.6999969482422,151.97999572753906,2337989,0.0,0.0
2014-12-29 00:00:00+08:00,151.10000610351562,157.99000549316406,150.50999450683594,151.10000610351562,1003195,0.0,0.0
2014-12-30 00:00:00+08:00,149.61000061035156,152.0,149.02000427246094,149.61000061035156,712373,0.0,0.0
2014-12-31 00:00:00+08:00,151.61000061035156,152.9600067138672,150.0,151.61000061035156,618250,0.0,0.0
2015-01-05 00:00:00+08:00,150.0500030517578,152.0,149.00999450683594,150.0500030517578,688450,0.0,0.0
2015-01-06 00:00:00+08:00,147.6699981689453,150.2899932861328,147.6699981689453,147.6699981689453,550672,0.0,0.0
2015-01-07 00:00:00+08:00,149.88999938964844,150.49000549316406,147.6699981689453,149.88999938964844,500281,0.0,0.0
2015-01-08 00:00:00+08:00,147.41000366210938,150.49000549316406,147.35000610351562,147.41000366210938,496183,0.0,0.0
2015-01-09 00:00:00+08:00,148.1999969482422,148.4600067138672,147.3000030517578,148.1999969482422,209301,0.0,0.0
2015-01-12 00:00:00+08:00,148.19000244140625,148.94000244140625,147.6999969482422,148.19000244140625,370500,0.0,0.0
2015-01-13 00:00:00+08:00,148.42999267578125,148.6999969482422,147.8000030517578,148.42999267578125,211571,0.0,0.0
2015-01-14 00:00:00+08:00,151.3000030517578,153.8000030517578,148.02000427246094,151.3000030517578,817437,0.0,0.0
2015-01-15 00:00:00+08:00,150.22999572753906,151.99000549316406,149.0,150.22999572753906,401290,0.0,0.0
2015-01-16 00:00:00+08:00,148.27000427246094,150.5,147.1999969482422,148.27000427246094,525949,0.0,0.0
2015-01-19 00:00:00+08:00,147.97000122070312,148.5399932861328,147.00999450683594,147.97000122070312,307795,0.0,0.0
2015-01-20 00:00:00+08:00,146.39999389648438,148.0,145.00999450683594,146.39999389648438,432918,0.0,0.0
2015-01-21 00:00:00+08:00,143.5500030517578,146.49000549316406,142.60000610351562,143.5500030517578,583947,0.0,0.0
2015-01-22 00:00:00+08:00,142.91000366210938,144.7899932861328,142.00999450683594,142.91000366210938,315520,0.0,0.0
2015-01-23 00:00:00+08:00,143.1999969482422,145.99000549316406,143.1999969482422,143.1999969482422,305360,0.0,0.0
2015-01-26 00:00:00+08:00,141.60000610351562,143.97000122070312,141.39999389648438,141.60000610351562,416609,0.0,0.0
2015-01-27 00:00:00+08:00,144.4600067138672,145.07000732421875,141.60000610351562,144.4600067138672,296804,0.0,0.0
2015-01-28 00:00:00+08:00,141.6999969482422,144.0,141.0,141.6999969482422,387207,0.0,0.0
2015-01-29 00:00:00+08:00,140.89999389648438,142.2899932861328,140.0,140.89999389648438,441145,0.0,0.0
2015-01-30 00:00:00+08:00,139.1699981689453,140.99000549316406,138.30999755859375,139.1699981689453,537131,0.0,0.0
2015-02-02 00:00:00+08:00,137.33999633789062,138.6999969482422,136.02999877929688,137.33999633789062,371348,0.0,0.0
2015-02-03 00:00:00+08:00,139.24000549316406,139.49000549316406,137.1999969482422,139.24000549316406,243700,0.0,0.0
2015-02-04 00:00:00+08:00,137.6999969482422,140.0,136.72999572753906,137.6999969482422,348868,0.0,0.0
2015-02-05 00:00:00+08:00,135.39999389648438,137.0,134.5399932861328,135.39999389648438,450330,0.0,0.0
2015-02-06 00:00:00+08:00,136.4199981689453,136.4199981689453,134.1999969482422,136.4199981689453,342531,0.0,0.0
2015-02-09 00:00:00+08:00,136.6999969482422,139.57000732421875,136.0,136.6999969482422,235564,0.0,0.0
2015-02-10 00:00:00+08:00,135.77999877929688,136.89999389648438,134.0,135.77999877929688,322920,0.0,0.0
2015-02-11 00:00:00+08:00,136.0,136.39999389648438,135.5800018310547,136.0,127055,0.0,0.0
2015-02-12 00:00:00+08:00,134.07000732421875,136.69000244140625,133.58999633789062,134.07000732421875,381325,0.0,0.0
2015-02-13 00:00:00+08:00,139.6999969482422,139.77999877929688,134.5,139.6999969482422,569700,0.0,0.0
2015-02-24 00:00:00+08:00,142.7100067138672,144.60000610351562,139.89999389648438,142.7100067138672,795230,0.0,0.0
2015-02-25 00:00:00+08:00,150.4600067138672,159.89999389648438,143.99000549316406,150.4600067138672,2120965,0.0,0.0
2015-02-26 00:00:00+08:00,149.72000122070312,151.0,148.6300048828125,149.72000122070312,841261,0.0,0.0
2015-03-02 00:00:00+08:00,150.99000549316406,153.38999938964844,149.49000549316406,150.99000549316406,838705,0.0,0.0
2015-03-03 00:00:00+08:00,148.47000122070312,151.58999633789062,146.02000427246094,148.47000122070312,1047007,0.0,0.0
2015-03-04 00:00:00+08:00,147.9499969482422,148.49000549316406,145.4199981689453,147.9499969482422,867314,0.0,0.0
2015-03-05 00:00:00+08:00,142.0500030517578,152.0,139.0399932861328,142.0500030517578,2067954,0.0,0.0
2015-03-06 00:00:00+08:00,140.52999877929688,142.9600067138672,140.5,140.52999877929688,948197,0.0,0.0
2015-03-09 00:00:00+08:00,138.80999755859375,140.94000244140625,137.60000610351562,138.80999755859375,929795,0.0,0.0
2015-03-10 00:00:00+08:00,139.11000061035156,141.49000549316406,138.86000061035156,139.11000061035156,607457,0.0,0.0
2015-03-11 00:00:00+08:00,137.99000549316406,139.4600067138672,137.08999633789062,137.99000549316406,667281,0.0,0.0
2015-03-12 00:00:00+08:00,143.0,143.0,137.5399932861328,143.0,450562,0.0,0.0
2015-03-13 00:00:00+08:00,141.60000610351562,144.1999969482422,141.52000427246094,141.60000610351562,641128,0.0,0.0
2015-03-16 00:00:00+08:00,140.10000610351562,142.08999633789062,139.55999755859375,140.10000610351562,369920,0.0,0.0
2015-03-17 00:00:00+08:00,139.47999572753906,141.24000549316406,138.5,139.47999572753906,494647,0.0,0.0
2015-03-18 00:00:00+08:00,143.8000030517578,143.8800048828125,139.0,143.8000030517578,1003386,0.0,0.0
2015-03-19 00:00:00+08:00,145.5500030517578,146.49000549316406,142.5500030517578,145.5500030517578,1093512,0.0,0.0
2015-03-20 00:00:00+08:00,144.99000549316406,146.5,144.2100067138672,144.99000549316406,758254,0.0,0.0
2015-03-23 00:00:00+08:00,140.10000610351562,146.5,139.50999450683594,140.10000610351562,1057803,0.0,0.0
2015-03-24 00:00:00+08:00,138.6300048828125,141.47999572753906,138.41000366210938,138.6300048828125,692868,0.0,0.0
2015-03-25 00:00:00+08:00,137.8000030517578,139.4499969482422,137.25999450683594,137.8000030517578,590219,0.0,0.0
2015-03-26 00:00:00+08:00,139.0,139.89999389648438,136.0,139.0,468348,0.0,0.0
2015-03-27 00:00:00+08:00,138.77999877929688,140.64999389648438,137.57000732421875,138.77999877929688,308554,0.0,0.0
2015-03-30 00:00:00+08:00,134.8000030517578,138.9600067138672,133.61000061035156,134.8000030517578,872821,0.0,0.0
2015-03-31 00:00:00+08:00,134.41000366210938,135.69000244140625,132.0500030517578,134.41000366210938,687988,0.0,0.0
2015-04-01 00:00:00+08:00,134.10000610351562,136.9499969482422,133.14999389648438,134.10000610351562,280255,0.0,0.0
2015-04-02 00:00:00+08:00,135.49000549316406,135.49000549316406,133.07000732421875,135.49000549316406,223100,0.0,0.0
2015-04-07 00:00:00+08:00,134.74000549316406,136.47999572753906,134.5,134.74000549316406,238318,0.0,0.0
2015-04-08 00:00:00+08:00,134.33999633789062,136.0,133.5,134.33999633789062,204840,0.0,0.0
2015-04-09 00:00:00+08:00,132.49000549316406,134.47999572753906,131.5800018310547,132.49000549316406,578931,0.0,0.0
2015-04-10 00:00:00+08:00,132.0,132.58999633789062,129.8000030517578,132.0,387048,0.0,0.0
2015-04-13 00:00:00+08:00,132.85000610351562,136.3000030517578,132.0,132.85000610351562,291508,0.0,0.0
2015-04-14 00:00:00+08:00,132.9499969482422,133.4199981689453,130.89999389648438,132.9499969482422,408557,0.0,0.0
2015-04-15 00:00:00+08:00,134.22999572753906,136.0,132.8000030517578,134.22999572753906,434063,0.0,0.0
2015-04-16 00:00:00+08:00,133.35000610351562,134.5,132.57000732421875,133.35000610351562,222362,0.0,0.0
2015-04-17 00:00:00+08:00,132.39999389648438,133.38999938964844,130.82000732421875,132.39999389648438,270563,0.0,0.0
2015-04-20 00:00:00+08:00,130.58999633789062,132.33999633789062,130.0,130.58999633789062,349341,0.0,0.0
2015-04-21 00:00:00+08:00,130.02000427246094,131.97999572753906,129.52000427246094,130.02000427246094,371244,0.0,0.0
2015-04-22 00:00:00+08:00,129.60000610351562,130.6699981689453,128.64999389648438,129.60000610351562,296101,0.0,0.0
2015-04-23 00:00:00+08:00,128.88999938964844,130.89999389648438,127.9000015258789,128.88999938964844,515578,0.0,0.0
2015-04-24 00:00:00+08:00,125.30000305175781,129.9499969482422,123.01000213623047,125.30000305175781,1107604,0.0,0.0
2015-04-27 00:00:00+08:00,124.0199966430664,126.0999984741211,123.0,124.0199966430664,1251974,0.0,0.0
2015-04-28 00:00:00+08:00,124.27999877929688,127.5,123.0999984741211,124.27999877929688,905613,0.0,0.0
2015-04-29 00:00:00+08:00,117.0199966430664,126.0,117.0199966430664,117.0199966430664,1668775,0.0,0.0
2015-04-30 00:00:00+08:00,116.5999984741211,119.0,114.0,116.5999984741211,1500989,0.0,0.0
2015-05-04 00:00:00+08:00,120.3499984741211,123.0,117.4000015258789,120.3499984741211,1158012,0.0,0.0
2015-05-05 00:00:00+08:00,117.88999938964844,121.38999938964844,116.5,117.88999938964844,815419,0.0,0.0
2015-05-06 00:00:00+08:00,113.30000305175781,117.5,112.0999984741211,113.30000305175781,1272598,0.0,0.0
2015-05-07 00:00:00+08:00,111.01000213623047,115.2699966430664,109.68000030517578,111.01000213623047,1586101,0.0,0.0
2015-05-08 00:00:00+08:00,107.0999984741211,113.9000015258789,106.30000305175781,107.0999984741211,1348969,0.0,0.0
2015-05-11 00:00:00+08:00,100.38999938964844,108.9800033569336,99.0,100.38999938964844,1830002,0.0,0.0
2015-05-12 00:00:00+08:00,109.0,109.48999786376953,99.95999908447266,109.0,1653524,0.0,0.0
2015-05-13 00:00:00+08:00,119.98999786376953,119.98999786376953,108.26000213623047,119.98999786376953,1847870,0.0,0.0
2015-05-14 00:00:00+08:00,118.56999969482422,122.48999786376953,117.5,118.56999969482422,933245,0.0,0.0
2015-05-15 00:00:00+08:00,114.19999694824219,119.73999786376953,113.23999786376953,114.19999694824219,1042094,0.0,0.0
2015-05-18 00:00:00+08:00,107.54000091552734,115.29000091552734,106.48999786376953,107.54000091552734,1268421,0.0,0.0
2015-05-19 00:00:00+08:00,107.0,107.88999938964844,103.25,107.0,1259200,0.0,0.0
2015-05-20 00:00:00+08:00,105.0,108.0,104.02999877929688,105.0,981665,0.0,0.0
2015-05-21 00:00:00+08:00,108.41000366210938,108.41000366210938,103.0,108.41000366210938,327370,0.0,0.0
2015-05-22 00:00:00+08:00,113.45999908447266,114.9800033569336,108.0,113.45999908447266,793176,0.0,0.0
2015-05-25 00:00:00+08:00,113.0,116.83999633789062,111.52999877929688,113.0,601209,0.0,0.0
2015-05-26 00:00:00+08:00,111.19999694824219,114.30000305175781,111.0,111.19999694824219,429835,0.0,0.0
2015-05-27 00:00:00+08:00,112.72000122070312,114.98999786376953,111.9000015258789,112.72000122070312,335261,0.0,0.0
2015-05-28 00:00:00+08:00,114.5999984741211,115.69000244140625,113.0,114.5999984741211,443670,0.0,0.0
2015-05-29 00:00:00+08:00,115.69999694824219,116.5,113.6500015258789,115.69999694824219,316838,0.0,0.0
2015-06-01 00:00:00+08:00,116.87999725341797,117.88999938964844,115.69999694824219,116.87999725341797,371961,0.0,0.0
2015-06-02 00:00:00+08:00,115.05999755859375,118.0,114.80999755859375,115.05999755859375,719224,0.0,0.0
2015-06-03 00:00:00+08:00,110.0,116.48999786376953,109.55000305175781,110.0,877425,0.0,0.0
2015-06-04 00:00:00+08:00,107.0,110.38999938964844,105.94999694824219,107.0,763959,0.0,0.0
2015-06-05 00:00:00+08:00,106.98999786376953,107.98999786376953,104.88999938964844,106.98999786376953,756760,0.0,0.0
2015-06-08 00:00:00+08:00,107.0199966430664,108.69999694824219,106.22000122070312,107.0199966430664,282228,0.0,0.0
2015-06-09 00:00:00+08:00,105.01000213623047,107.5,104.5,105.01000213623047,446862,0.0,0.0
2015-06-10 00:00:00+08:00,105.95999908447266,106.88999938964844,105.80000305175781,105.95999908447266,204098,0.0,0.0
2015-06-11 00:00:00+08:00,106.19999694824219,106.79000091552734,104.43000030517578,106.19999694824219,390540,0.0,0.0
2015-06-12 00:00:00+08:00,108.70999908447266,110.83000183105469,106.30000305175781,108.70999908447266,354008,0.0,0.0
2015-06-15 00:00:00+08:00,107.45999908447266,109.9000015258789,107.12999725341797,107.45999908447266,243980,0.0,0.0
2015-06-16 00:00:00+08:00,107.08000183105469,107.5,106.36000061035156,107.08000183105469,166070,0.0,0.0
2015-06-17 00:00:00+08:00,107.0,108.38999938964844,106.55000305175781,107.0,152671,0.0,0.0
2015-06-18 00:00:00+08:00,106.5,107.94000244140625,106.0199966430664,106.5,227357,0.0,0.0
2015-06-22 00:00:00+08:00,106.4000015258789,107.5,106.0199966430664,106.4000015258789,204721,0.0,0.0
2015-06-23 00:00:00+08:00,106.0999984741211,107.0,105.55000305175781,106.0999984741211,217269,0.0,0.0
2015-06-24 00:00:00+08:00,104.1500015258789,106.16000366210938,103.66000366210938,104.1500015258789,302670,0.0,0.0
2015-06-25 00:00:00+08:00,103.5,104.69999694824219,100.16000366210938,103.5,494150,0.0,0.0
2015-06-26 00:00:00+08:00,104.0999984741211,107.0,103.16000366210938,104.0999984741211,288785,0.0,0.0
2015-06-29 00:00:00+08:00,102.29000091552734,120.0199966430664,101.66999816894531,102.29000091552734,265915,0.0,0.0
2015-06-30 00:00:00+08:00,102.69999694824219,103.0,102.0,102.69999694824219,180540,0.0,0.0
2015-07-01 00:00:00+08:00,106.31999969482422,108.47000122070312,102.69999694824219,106.31999969482422,417982,0.0,0.0
2015-07-02 00:00:00+08:00,104.80000305175781,107.29000091552734,1.0499999523162842,104.80000305175781,265888,0.0,0.0
2015-07-03 00:00:00+08:00,106.9800033569336,106.9800033569336,103.70999908447266,106.9800033569336,308630,0.0,0.0
2015-07-06 00:00:00+08:00,107.0,109.19999694824219,106.0,107.0,356069,0.0,0.0
2015-07-07 00:00:00+08:00,107.30999755859375,108.79000091552734,107.0,107.30999755859375,250201,0.0,0.0
2015-07-08 00:00:00+08:00,105.37000274658203,107.5,103.66999816894531,105.37000274658203,462650,0.0,0.0
2015-07-09 00:00:00+08:00,103.33999633789062,104.0,100.51000213623047,103.33999633789062,714610,0.0,0.0
2015-07-10 00:00:00+08:00,103.33999633789062,103.33999633789062,103.33999633789062,103.33999633789062,0,0.0,0.0
2015-07-13 00:00:00+08:00,107.52999877929688,111.0,103.5999984741211,107.52999877929688,960464,0.0,0.0
2015-07-14 00:00:00+08:00,107.33000183105469,110.0,106.94999694824219,107.33000183105469,355926,0.0,0.0
2015-07-15 00:00:00+08:00,106.0999984741211,107.5,105.70999908447266,106.0999984741211,214177,0.0,0.0
2015-07-16 00:00:00+08:00,105.81999969482422,107.19999694824219,105.5,105.81999969482422,228855,0.0,0.0
2015-07-17 00:00:00+08:00,108.13999938964844,108.48999786376953,105.55000305175781,108.13999938964844,390160,0.0,0.0
2015-07-20 00:00:00+08:00,112.6500015258789,112.98999786376953,108.0999984741211,112.6500015258789,895755,0.0,0.0
2015-07-21 00:00:00+08:00,115.7699966430664,115.7699966430664,112.1500015258789,115.7699966430664,1179602,0.0,0.0
2015-07-22 00:00:00+08:00,119.33999633789062,119.37000274658203,114.0,119.33999633789062,1457589,0.0,0.0
2015-07-23 00:00:00+08:00,117.22000122070312,122.5,116.69999694824219,117.22000122070312,1110200,0.0,0.0
2015-07-24 00:00:00+08:00,111.80000305175781,118.33999633789062,110.94000244140625,111.80000305175781,1138547,0.0,0.0
2015-07-27 00:00:00+08:00,104.5,111.0,99.72000122070312,104.5,2064294,0.0,0.0
2015-07-28 00:00:00+08:00,106.5999984741211,108.98999786376953,102.69000244140625,106.5999984741211,647712,0.0,0.0
2015-07-29 00:00:00+08:00,107.48999786376953,109.0,106.0,107.48999786376953,372548,0.0,0.0
2015-07-30 00:00:00+08:00,107.9000015258789,109.0999984741211,107.0,107.9000015258789,361745,0.0,0.0
2015-07-31 00:00:00+08:00,107.69000244140625,107.98999786376953,106.0,107.69000244140625,240677,0.0,0.0
2015-08-03 00:00:00+08:00,105.0,107.0,104.69999694824219,105.0,297260,0.0,0.0
2015-08-04 00:00:00+08:00,104.0,106.79000091552734,102.68000030517578,104.0,417778,0.0,0.0
2015-08-05 00:00:00+08:00,103.5,105.38999938964844,102.0,103.5,341450,0.0,0.0
2015-08-06 00:00:00+08:00,103.33999633789062,106.0,102.66999816894531,103.33999633789062,342290,0.0,0.0
2015-08-07 00:00:00+08:00,103.33000183105469,104.5,102.0,103.33000183105469,387250,0.0,0.0
2015-08-10 00:00:00+08:00,114.9800033569336,114.9800033569336,103.7699966430664,114.9800033569336,1646195,0.0,0.0
2015-08-11 00:00:00+08:00,114.5999984741211,118.4000015258789,113.05000305175781,114.5999984741211,1298729,0.0,0.0
2015-08-12 00:00:00+08:00,114.0,115.77999877929688,111.30999755859375,114.0,762882,0.0,0.0
2015-08-13 00:00:00+08:00,116.0,117.5,113.5199966430664,116.0,600821,0.0,0.0
2015-08-14 00:00:00+08:00,117.19999694824219,118.33999633789062,114.69999694824219,117.19999694824219,808372,0.0,0.0
2015-08-17 00:00:00+08:00,113.69999694824219,118.38999938964844,113.0999984741211,113.69999694824219,556533,0.0,0.0
2015-08-18 00:00:00+08:00,112.4000015258789,114.8499984741211,112.0999984741211,112.4000015258789,515521,0.0,0.0
2015-08-19 00:00:00+08:00,110.19999694824219,113.0,109.5,110.19999694824219,691294,0.0,0.0
2015-08-20 00:00:00+08:00,111.08999633789062,111.87999725341797,107.69999694824219,111.08999633789062,537359,0.0,0.0
2015-08-21 00:00:00+08:00,107.66000366210938,110.0,107.01000213623047,107.66000366210938,425217,0.0,0.0
2015-08-24 00:00:00+08:00,101.4000015258789,108.36000061035156,100.01000213623047,101.4000015258789,2010450,0.0,0.0
2015-08-25 00:00:00+08:00,103.69000244140625,104.98999786376953,98.18000030517578,103.69000244140625,1263161,0.0,0.0
2015-08-26 00:00:00+08:00,104.01000213623047,106.0,100.30999755859375,104.01000213623047,780737,0.0,0.0
2015-08-27 00:00:00+08:00,105.0999984741211,107.0,104.80999755859375,105.0999984741211,349241,0.0,0.0
2015-08-28 00:00:00+08:00,106.97000122070312,107.5,105.5,106.97000122070312,462071,0.0,0.0
2015-08-31 00:00:00+08:00,111.29000091552734,113.0,106.5,111.29000091552734,782194,0.0,0.0
2015-09-01 00:00:00+08:00,107.5,111.0,106.44999694824219,107.5,447647,0.0,0.0
2015-09-02 00:00:00+08:00,109.37999725341797,109.47000122070312,105.11000061035156,109.37999725341797,369293,0.0,0.0
2015-09-03 00:00:00+08:00,109.55000305175781,111.83999633789062,108.29000091552734,109.55000305175781,525845,0.0,0.0
2015-09-04 00:00:00+08:00,108.4000015258789,110.44000244140625,107.9000015258789,108.4000015258789,268009,0.0,0.0
2015-09-07 00:00:00+08:00,111.25,111.54000091552734,108.01000213623047,111.25,323206,0.0,0.0
2015-09-08 00:00:00+08:00,112.69999694824219,113.06999969482422,110.22000122070312,112.69999694824219,457180,0.0,0.0
2015-09-09 00:00:00+08:00,115.29000091552734,116.0,112.51000213623047,115.29000091552734,499342,0.0,0.0
2015-09-10 00:00:00+08:00,119.0,119.9800033569336,114.80000305175781,119.0,1465997,0.0,0.0
2015-09-11 00:00:00+08:00,118.0,120.33999633789062,117.20999908447266,118.0,863574,0.0,0.0
2015-09-14 00:00:00+08:00,130.05999755859375,130.91000366210938,118.5,130.05999755859375,2416012,0.0,0.0
2015-09-15 00:00:00+08:00,128.0,134.89999389648438,127.61000061035156,128.0,1681489,0.0,0.0
2015-09-16 00:00:00+08:00,137.0,138.49000549316406,129.0,137.0,2081948,0.0,0.0
2015-09-17 00:00:00+08:00,139.99000549316406,141.5800018310547,137.0,139.99000549316406,1718075,0.0,0.0
2015-09-18 00:00:00+08:00,145.41000366210938,146.0,138.5500030517578,145.41000366210938,2101348,0.0,0.0
2015-09-21 00:00:00+08:00,146.47999572753906,148.97000122070312,141.6300048828125,146.47999572753906,1927254,0.0,0.0
2015-09-22 00:00:00+08:00,143.8000030517578,147.0,142.6999969482422,143.8000030517578,1330680,0.0,0.0
2015-09-23 00:00:00+08:00,142.4499969482422,147.99000549316406,141.55999755859375,142.4499969482422,1386994,0.0,0.0
2015-09-24 00:00:00+08:00,136.0,144.0,134.02000427246094,136.0,2402518,0.0,0.0
2015-09-25 00:00:00+08:00,143.39999389648438,143.4600067138672,132.0,143.39999389648438,2238662,0.0,0.0
2015-09-29 00:00:00+08:00,143.39999389648438,143.39999389648438,143.39999389648438,143.39999389648438,0,0.0,0.0
2015-09-30 00:00:00+08:00,147.99000549316406,148.49000549316406,138.00999450683594,147.99000549316406,2455139,0.0,0.0
2015-10-01 00:00:00+08:00,151.8800048828125,155.0,148.02999877929688,151.8800048828125,2057001,0.0,0.0
2015-10-02 00:00:00+08:00,149.0,154.38999938964844,147.6999969482422,149.0,1662576,0.0,0.0
2015-10-05 00:00:00+08:00,150.08999633789062,152.49000549316406,149.25,150.08999633789062,1006495,0.0,0.0
2015-10-06 00:00:00+08:00,148.0,151.0500030517578,147.05999755859375,148.0,1296697,0.0,0.0
2015-10-07 00:00:00+08:00,149.8000030517578,150.47999572753906,146.50999450683594,149.8000030517578,1045936,0.0,0.0
2015-10-08 00:00:00+08:00,149.0800018310547,151.6999969482422,148.0,149.0800018310547,916215,0.0,0.0
2015-10-12 00:00:00+08:00,149.47000122070312,150.3699951171875,148.02000427246094,149.47000122070312,390357,0.0,0.0
2015-10-13 00:00:00+08:00,147.85000610351562,150.14999389648438,147.6999969482422,147.85000610351562,654166,0.0,0.0
2015-10-14 00:00:00+08:00,148.4499969482422,148.89999389648438,147.99000549316406,148.4499969482422,397257,0.0,0.0
2015-10-15 00:00:00+08:00,146.66000366210938,149.0,145.55999755859375,146.66000366210938,999217,0.0,0.0
2015-10-16 00:00:00+08:00,145.97999572753906,147.16000366210938,144.0,145.97999572753906,1079570,0.0,0.0
2015-10-19 00:00:00+08:00,141.39999389648438,145.60000610351562,139.6199951171875,141.39999389648438,1556486,0.0,0.0
2015-10-20 00:00:00+08:00,149.0,149.69000244140625,141.30999755859375,149.0,1212448,0.0,0.0
2015-10-21 00:00:00+08:00,149.0,151.47999572753906,148.07000732421875,149.0,776232,0.0,0.0
2015-10-22 00:00:00+08:00,146.99000549316406,149.47999572753906,145.7100067138672,146.99000549316406,520602,0.0,0.0
2015-10-23 00:00:00+08:00,147.60000610351562,148.5500030517578,146.00999450683594,147.60000610351562,411086,0.0,0.0
2015-10-26 00:00:00+08:00,149.7899932861328,149.86000061035156,147.97999572753906,149.7899932861328,546159,0.0,0.0
2015-10-27 00:00:00+08:00,149.2899932861328,150.44000244140625,148.00999450683594,149.2899932861328,494780,0.0,0.0
2015-10-28 00:00:00+08:00,153.5,154.5,149.2100067138672,153.5,2267806,0.0,0.0
2015-10-29 00:00:00+08:00,150.5800018310547,155.83999633789062,150.0,150.5800018310547,2025151,0.0,0.0
2015-10-30 00:00:00+08:00,148.0,151.0,147.0,148.0,1440226,0.0,0.0
2015-11-02 00:00:00+08:00,147.94000244140625,148.5,145.5500030517578,147.94000244140625,1411860,0.0,0.0
2015-11-03 00:00:00+08:00,149.4499969482422,149.97000122070312,147.0399932861328,149.4499969482422,2048661,0.0,0.0
2015-11-04 00:00:00+08:00,137.8699951171875,149.50999450683594,133.0,137.8699951171875,7687964,0.0,0.0
2015-11-05 00:00:00+08:00,138.0,140.39999389648438,136.3000030517578,138.0,1866423,0.0,0.0
2015-11-06 00:00:00+08:00,136.60000610351562,138.8699951171875,136.1999969482422,136.60000610351562,959433,0.0,0.0
2015-11-09 00:00:00+08:00,134.66000366210938,138.47999572753906,132.0,134.66000366210938,1811971,0.0,0.0
2015-11-10 00:00:00+08:00,134.6999969482422,135.39999389648438,132.91000366210938,134.6999969482422,1195222,0.0,0.0
2015-11-11 00:00:00+08:00,134.1999969482422,135.5,134.0,134.1999969482422,1404396,0.0,0.0
2015-11-12 00:00:00+08:00,134.89999389648438,134.89999389648438,133.5,134.89999389648438,1045294,0.0,0.0
2015-11-13 00:00:00+08:00,134.9199981689453,136.97999572753906,133.5,134.9199981689453,2241553,0.0,0.0
2015-11-16 00:00:00+08:00,141.33999633789062,141.35000610351562,134.0,141.33999633789062,3129988,0.0,0.0
2015-11-17 00:00:00+08:00,146.4600067138672,146.47000122070312,140.94000244140625,146.4600067138672,3783509,0.0,0.0
2015-11-18 00:00:00+08:00,149.99000549316406,151.14999389648438,146.0,149.99000549316406,4501785,0.0,0.0
2015-11-19 00:00:00+08:00,148.47000122070312,153.5,147.22999572753906,148.47000122070312,4577681,0.0,0.0
2015-11-20 00:00:00+08:00,151.49000549316406,155.0,148.0,151.49000549316406,6331053,0.0,0.0
2015-11-23 00:00:00+08:00,151.49000549316406,151.49000549316406,151.49000549316406,151.49000549316406,0,0.0,0.0
2015-11-24 00:00:00+08:00,169.5,179.5,164.0,175.0,11481173,0.0,0.0
2015-11-25 00:00:00+08:00,174.0,202.0,172.5,202.0,13546131,0.0,0.0
2015-11-26 00:00:00+08:00,205.0,215.0,195.5,212.0,13418583,0.0,0.0
2015-11-27 00:00:00+08:00,205.0,212.0,200.5,201.5,8837949,0.0,0.0
2015-11-30 00:00:00+08:00,203.0,219.0,202.5,214.0,8783604,0.0,0.0
2015-12-01 00:00:00+08:00,214.5,235.0,210.0,235.0,9796910,0.0,0.0
2015-12-02 00:00:00+08:00,240.5,258.5,240.5,258.5,8196414,0.0,0.0
2015-12-03 00:00:00+08:00,265.0,280.0,242.0,247.0,13612728,0.0,0.0
2015-12-04 00:00:00+08:00,241.0,258.0,241.0,256.0,7004314,0.0,0.0
2015-12-07 00:00:00+08:00,268.0,281.5,261.5,281.5,10068932,0.0,0.0
2015-12-08 00:00:00+08:00,286.0,298.5,277.0,291.0,10062761,0.0,0.0
2015-12-09 00:00:00+08:00,294.5,303.0,270.0,284.0,10383042,0.0,0.0
2015-12-10 00:00:00+08:00,276.0,289.0,269.0,284.0,8076492,0.0,0.0
2015-12-11 00:00:00+08:00,287.0,290.0,257.0,260.0,8125494,0.0,0.0
2015-12-14 00:00:00+08:00,248.0,272.5,247.0,259.0,7076339,0.0,0.0
2015-12-15 00:00:00+08:00,266.0,274.5,262.5,273.0,6591498,0.0,0.0
2015-12-16 00:00:00+08:00,277.0,279.5,268.0,270.0,5437963,0.0,0.0
2015-12-17 00:00:00+08:00,274.0,275.0,266.5,268.5,4094190,0.0,0.0
2015-12-18 00:00:00+08:00,268.0,272.0,258.0,260.0,3819079,0.0,0.0
2015-12-21 00:00:00+08:00,258.0,264.0,251.0,252.5,3951764,0.0,0.0
2015-12-22 00:00:00+08:00,257.5,271.5,256.0,268.5,5815928,0.0,0.0
2015-12-23 00:00:00+08:00,273.0,277.0,261.0,262.0,5410135,0.0,0.0
2015-12-24 00:00:00+08:00,262.0,264.5,250.0,258.0,5576383,0.0,0.0
2015-12-25 00:00:00+08:00,256.0,260.0,252.5,259.5,2682765,0.0,0.0
2015-12-28 00:00:00+08:00,261.5,264.5,252.0,254.0,3198707,0.0,0.0
2015-12-29 00:00:00+08:00,251.0,256.0,246.5,250.5,3313891,0.0,0.0
2015-12-30 00:00:00+08:00,253.0,259.5,251.5,259.5,2820797,0.0,0.0
2015-12-31 00:00:00+08:00,259.5,262.5,257.0,257.5,2465344,0.0,0.0
2016-01-04 00:00:00+08:00,249.0,253.0,236.0,237.0,8395824,0.0,0.0
2016-01-05 00:00:00+08:00,232.0,241.5,226.5,235.0,5944256,0.0,0.0
2016-01-06 00:00:00+08:00,237.0,243.0,234.5,235.5,4016240,0.0,0.0
2016-01-07 00:00:00+08:00,242.0,245.0,227.5,240.5,5968448,0.0,0.0
2016-01-08 00:00:00+08:00,236.0,252.0,236.0,250.0,5426901,0.0,0.0
2016-01-11 00:00:00+08:00,246.0,257.0,243.0,249.0,5471497,0.0,0.0
2016-01-12 00:00:00+08:00,250.5,253.5,224.5,227.0,7804124,0.0,0.0
2016-01-13 00:00:00+08:00,230.5,241.0,227.5,240.0,5648816,0.0,0.0
2016-01-14 00:00:00+08:00,232.0,243.0,229.0,243.0,4533065,0.0,0.0
2016-01-15 00:00:00+08:00,248.0,256.0,245.5,252.5,7296894,0.0,0.0
2016-01-18 00:00:00+08:00,246.0,255.0,241.0,247.0,6196391,0.0,0.0
2016-01-19 00:00:00+08:00,248.5,256.0,248.5,250.0,4634626,0.0,0.0
2016-01-20 00:00:00+08:00,248.5,250.0,227.5,230.5,6627200,0.0,0.0
2016-01-21 00:00:00+08:00,234.0,235.5,221.0,222.5,5101748,0.0,0.0
2016-01-22 00:00:00+08:00,227.5,229.5,201.5,212.0,7780957,0.0,0.0
2016-01-25 00:00:00+08:00,212.0,222.0,202.5,212.5,5628531,0.0,0.0
2016-01-26 00:00:00+08:00,209.5,216.5,209.0,210.5,2471068,0.0,0.0
2016-01-27 00:00:00+08:00,214.0,215.5,208.0,208.0,2483758,0.0,0.0
2016-01-28 00:00:00+08:00,205.5,210.0,201.0,204.0,3264354,0.0,0.0
2016-01-29 00:00:00+08:00,207.0,224.0,206.0,224.0,5263738,0.0,0.0
2016-02-01 00:00:00+08:00,238.0,239.0,225.0,225.0,5434328,0.0,0.0
2016-02-02 00:00:00+08:00,223.0,232.0,222.5,229.0,3248417,0.0,0.0
2016-02-03 00:00:00+08:00,227.0,232.0,226.5,229.0,2645657,0.0,0.0
2016-02-15 00:00:00+08:00,225.0,232.5,220.5,220.5,2365180,0.0,0.0
2016-02-16 00:00:00+08:00,223.0,225.0,215.5,217.5,2024768,0.0,0.0
2016-02-17 00:00:00+08:00,221.0,225.5,219.0,220.5,2123550,0.0,0.0
2016-02-18 00:00:00+08:00,223.0,240.0,222.0,238.0,5821286,0.0,0.0
2016-02-19 00:00:00+08:00,237.0,237.0,226.0,226.0,4783672,0.0,0.0
2016-02-22 00:00:00+08:00,203.5,203.5,203.5,203.5,747041,0.0,0.0
2016-02-23 00:00:00+08:00,183.5,216.0,183.5,211.5,11667255,0.0,0.0
2016-02-24 00:00:00+08:00,205.0,207.0,198.0,200.0,6139969,0.0,0.0
2016-02-25 00:00:00+08:00,205.0,207.5,198.0,198.5,3890639,0.0,0.0
2016-02-26 00:00:00+08:00,202.0,205.0,190.0,200.5,4411158,0.0,0.0
2016-03-01 00:00:00+08:00,201.0,202.5,198.0,199.0,2061070,0.0,0.0
2016-03-02 00:00:00+08:00,199.0,201.5,198.5,199.0,2013143,0.0,0.0
2016-03-03 00:00:00+08:00,200.5,206.5,200.0,200.5,2948535,0.0,0.0
2016-03-04 00:00:00+08:00,202.5,207.5,200.5,205.0,2955537,0.0,0.0
2016-03-07 00:00:00+08:00,207.0,209.0,200.5,201.0,2550362,0.0,0.0
2016-03-08 00:00:00+08:00,202.5,205.0,199.0,201.5,1507242,0.0,0.0
2016-03-09 00:00:00+08:00,203.5,206.5,203.0,203.5,2147597,0.0,0.0
2016-03-10 00:00:00+08:00,206.0,206.0,202.5,202.5,1672696,0.0,0.0
2016-03-11 00:00:00+08:00,205.0,221.5,203.0,219.0,6813752,0.0,0.0
2016-03-14 00:00:00+08:00,224.0,229.0,220.0,222.5,4822210,0.0,0.0
2016-03-15 00:00:00+08:00,222.0,222.0,210.5,212.0,4087675,0.0,0.0
2016-03-16 00:00:00+08:00,214.5,219.0,213.0,215.0,2139836,0.0,0.0
2016-03-17 00:00:00+08:00,217.5,219.0,211.0,211.0,2105843,0.0,0.0
2016-03-18 00:00:00+08:00,216.0,216.0,207.5,209.0,2430906,0.0,0.0
2016-03-21 00:00:00+08:00,229.5,229.5,225.0,229.5,9178887,0.0,0.0
2016-03-22 00:00:00+08:00,227.5,230.5,221.5,222.0,6115547,0.0,0.0
2016-03-23 00:00:00+08:00,222.0,224.0,218.0,218.0,2244548,0.0,0.0
2016-03-24 00:00:00+08:00,214.0,217.0,208.0,213.0,3139139,0.0,0.0
2016-03-25 00:00:00+08:00,216.0,217.5,213.0,214.0,1644503,0.0,0.0
2016-03-28 00:00:00+08:00,213.5,213.5,205.5,206.0,2706741,0.0,0.0
2016-03-29 00:00:00+08:00,207.5,207.5,186.5,194.5,5084761,0.0,0.0
2016-03-30 00:00:00+08:00,192.0,204.5,190.0,200.5,3519456,0.0,0.0
2016-03-31 00:00:00+08:00,206.0,218.0,202.0,217.0,6337092,0.0,0.0
2016-04-01 00:00:00+08:00,212.0,216.5,208.0,208.5,3786500,0.0,0.0
2016-04-06 00:00:00+08:00,205.0,207.0,201.0,203.5,1996861,0.0,0.0
2016-04-07 00:00:00+08:00,206.0,208.5,204.0,204.0,1480753,0.0,0.0
2016-04-08 00:00:00+08:00,205.0,208.0,205.0,207.5,1498693,0.0,0.0
2016-04-11 00:00:00+08:00,208.5,209.0,204.5,204.5,900154,0.0,0.0
2016-04-12 00:00:00+08:00,207.0,207.0,198.0,200.0,1867053,0.0,0.0
2016-04-13 00:00:00+08:00,203.5,204.5,202.0,204.0,1162506,0.0,0.0
2016-04-14 00:00:00+08:00,206.5,207.5,204.0,204.5,1172878,0.0,0.0
2016-04-15 00:00:00+08:00,206.0,207.0,202.0,206.5,1467958,0.0,0.0
2016-04-18 00:00:00+08:00,201.0,206.0,201.0,204.5,1251020,0.0,0.0
2016-04-19 00:00:00+08:00,206.0,207.0,203.5,203.5,1038285,0.0,0.0
2016-04-20 00:00:00+08:00,204.0,205.0,200.0,201.0,1167101,0.0,0.0
2016-04-21 00:00:00+08:00,195.5,198.5,192.0,194.0,2218382,0.0,0.0
2016-04-22 00:00:00+08:00,192.0,192.5,175.0,177.0,7909960,0.0,0.0
2016-04-25 00:00:00+08:00,175.0,179.0,165.5,172.0,3228720,0.0,0.0
2016-04-26 00:00:00+08:00,175.0,187.0,175.0,183.0,3533275,0.0,0.0
2016-04-27 00:00:00+08:00,183.0,187.0,180.0,180.5,1838137,0.0,0.0
2016-04-28 00:00:00+08:00,187.0,191.5,185.0,188.5,3243431,0.0,0.0
2016-04-29 00:00:00+08:00,193.0,198.0,192.5,194.5,3129862,0.0,0.0
2016-05-03 00:00:00+08:00,194.5,196.0,192.0,193.5,1401318,0.0,0.0
2016-05-04 00:00:00+08:00,196.0,206.0,196.0,204.0,2935723,0.0,0.0
2016-05-05 00:00:00+08:00,204.5,209.5,197.0,202.5,2743600,0.0,0.0
2016-05-06 00:00:00+08:00,200.5,204.0,198.0,200.0,1399865,0.0,0.0
2016-05-09 00:00:00+08:00,198.0,200.0,191.0,192.0,1879330,0.0,0.0
2016-05-10 00:00:00+08:00,193.0,202.0,193.0,200.5,1897337,0.0,0.0
2016-05-11 00:00:00+08:00,200.5,203.0,198.0,199.5,1420044,0.0,0.0
2016-05-12 00:00:00+08:00,199.5,205.0,199.5,201.0,1875069,0.0,0.0
2016-05-13 00:00:00+08:00,214.0,216.0,208.0,212.5,5020353,0.0,0.0
2016-05-16 00:00:00+08:00,215.0,232.0,213.5,228.0,6319786,0.0,0.0
2016-05-17 00:00:00+08:00,229.0,235.0,227.0,227.0,4269107,0.0,0.0
2016-05-18 00:00:00+08:00,229.0,234.0,227.5,233.0,3430511,0.0,0.0
2016-05-19 00:00:00+08:00,240.0,245.0,228.0,229.5,5928773,0.0,0.0
2016-05-20 00:00:00+08:00,231.0,234.0,224.0,232.0,3654065,0.0,0.0
2016-05-23 00:00:00+08:00,233.0,235.5,229.0,233.0,2691250,0.0,0.0
2016-05-24 00:00:00+08:00,231.0,239.0,231.0,239.0,3714256,0.0,0.0
2016-05-25 00:00:00+08:00,251.0,256.0,245.0,246.0,7005252,0.0,0.0
2016-05-26 00:00:00+08:00,246.0,248.0,243.5,244.5,2769056,0.0,0.0
2016-05-27 00:00:00+08:00,248.0,252.0,245.0,250.5,3143962,0.0,0.0
2016-05-30 00:00:00+08:00,253.0,268.0,252.0,268.0,6371087,0.0,0.0
2016-05-31 00:00:00+08:00,268.0,269.0,256.0,259.5,16308291,0.0,0.0
2016-06-01 00:00:00+08:00,260.5,261.0,245.0,245.0,6767605,0.0,0.0
2016-06-02 00:00:00+08:00,242.5,248.5,238.0,243.0,3933425,0.0,0.0
2016-06-03 00:00:00+08:00,245.5,251.0,241.5,242.5,3393269,0.0,0.0
2016-06-06 00:00:00+08:00,228.0,228.0,216.0,221.0,4599462,0.0,0.0
2016-06-07 00:00:00+08:00,221.0,221.0,221.0,221.0,0,0.0,0.0
2016-06-08 00:00:00+08:00,228.0,228.5,223.0,227.5,1775886,0.0,0.0
2016-06-13 00:00:00+08:00,226.0,226.5,221.0,222.0,1271306,0.0,0.0
2016-06-14 00:00:00+08:00,220.5,224.5,219.0,222.0,941969,0.0,0.0
2016-06-15 00:00:00+08:00,222.5,226.5,220.5,223.5,1303160,0.0,0.0
2016-06-16 00:00:00+08:00,224.0,224.5,218.0,220.0,1901080,0.0,0.0
2016-06-17 00:00:00+08:00,221.5,230.5,221.5,225.5,2318110,0.0,0.0
2016-06-20 00:00:00+08:00,227.0,227.5,223.5,224.0,1216036,0.0,0.0
2016-06-21 00:00:00+08:00,225.5,228.0,224.0,224.0,1014761,0.0,0.0
2016-06-22 00:00:00+08:00,226.5,229.5,225.5,225.5,1396327,0.0,0.0
2016-06-23 00:00:00+08:00,227.5,227.5,224.0,225.5,769113,0.0,0.0
2016-06-24 00:00:00+08:00,227.0,227.0,208.0,213.0,3460372,0.0,0.0
2016-06-27 00:00:00+08:00,211.0,216.5,208.0,212.0,1657635,0.0,0.0
2016-06-28 00:00:00+08:00,212.0,214.5,209.5,213.0,874041,0.0,0.0
2016-06-29 00:00:00+08:00,216.5,217.5,213.5,214.0,1087504,0.0,0.0
2016-06-30 00:00:00+08:00,216.0,216.5,214.0,215.5,923707,0.0,0.0
2016-07-01 00:00:00+08:00,217.0,223.0,216.5,220.0,1647366,0.0,0.0
2016-07-04 00:00:00+08:00,220.0,220.0,216.5,216.5,1168804,0.0,0.0
2016-07-05 00:00:00+08:00,218.0,219.0,215.5,216.0,814663,0.0,0.0
2016-07-06 00:00:00+08:00,215.5,216.0,210.0,210.5,1279916,0.0,0.0
2016-07-07 00:00:00+08:00,213.0,213.5,210.0,210.0,651707,0.0,0.0
2016-07-08 00:00:00+08:00,210.0,210.0,210.0,210.0,0,0.0,0.0
2016-07-11 00:00:00+08:00,212.0,212.0,208.5,209.5,777525,0.0,0.0
2016-07-12 00:00:00+08:00,212.0,219.5,211.0,216.5,1345941,0.0,0.0
2016-07-13 00:00:00+08:00,218.5,219.5,216.5,218.0,1478960,0.0,0.0
2016-07-14 00:00:00+08:00,217.5,219.5,216.0,219.5,863761,0.0,0.0
2016-07-15 00:00:00+08:00,223.0,232.5,222.0,231.0,3559094,0.0,0.0
2016-07-18 00:00:00+08:00,234.0,237.0,226.5,229.0,2791691,0.0,0.0
2016-07-19 00:00:00+08:00,229.0,231.0,225.0,229.0,1463403,0.0,0.0
2016-07-20 00:00:00+08:00,231.0,234.5,226.5,227.5,1878070,0.0,0.0
2016-07-21 00:00:00+08:00,228.0,230.5,225.5,225.5,1090434,0.0,0.0
2016-07-22 00:00:00+08:00,227.0,227.0,218.5,219.0,1618924,0.0,0.0
2016-07-25 00:00:00+08:00,220.0,222.0,215.5,216.0,1026045,0.0,0.0
2016-07-26 00:00:00+08:00,217.0,220.5,214.0,220.5,963955,0.0,0.0
2016-07-27 00:00:00+08:00,220.0,220.5,216.5,217.0,933246,0.0,0.0
2016-07-28 00:00:00+08:00,217.5,223.0,217.5,218.5,866648,0.0,0.0
2016-07-29 00:00:00+08:00,219.0,219.5,216.0,217.0,506747,0.0,0.0
2016-08-01 00:00:00+08:00,218.0,219.5,215.5,217.0,548809,0.0,0.0
2016-08-02 00:00:00+08:00,217.5,220.0,217.0,219.5,655188,0.0,0.0
2016-08-03 00:00:00+08:00,218.5,219.5,217.0,218.5,418012,0.0,0.0
2016-08-04 00:00:00+08:00,220.0,220.0,217.0,218.0,406072,0.0,0.0
2016-08-05 00:00:00+08:00,219.5,221.0,218.0,219.0,653927,0.0,0.0
2016-08-08 00:00:00+08:00,221.0,221.0,217.0,217.0,586075,0.0,0.0
2016-08-09 00:00:00+08:00,217.0,218.5,210.0,211.0,1697000,0.0,0.0
2016-08-10 00:00:00+08:00,209.0,212.5,209.0,211.5,683070,0.0,0.0
2016-08-11 00:00:00+08:00,212.0,212.0,207.5,209.0,951560,0.0,0.0
2016-08-12 00:00:00+08:00,209.0,212.0,208.5,210.0,567064,0.0,0.0
2016-08-15 00:00:00+08:00,210.5,211.0,208.5,209.0,409595,0.0,0.0
2016-08-16 00:00:00+08:00,210.5,211.5,208.5,211.5,538090,0.0,0.0
2016-08-17 00:00:00+08:00,210.5,212.0,205.5,206.0,1005116,0.0,0.0
2016-08-18 00:00:00+08:00,205.0,207.0,205.0,205.5,568318,0.0,0.0
2016-08-19 00:00:00+08:00,209.0,214.0,208.0,210.0,1693364,0.0,0.0
2016-08-22 00:00:00+08:00,209.0,209.5,202.0,204.0,1416183,0.0,0.0
2016-08-23 00:00:00+08:00,203.5,206.5,203.5,205.0,803810,0.0,0.0
2016-08-24 00:00:00+08:00,207.0,207.0,203.5,203.5,446746,0.0,0.0
2016-08-25 00:00:00+08:00,203.5,207.0,199.5,206.0,1612701,0.0,0.0
2016-08-26 00:00:00+08:00,205.0,206.0,203.0,204.0,498270,0.0,0.0
2016-08-29 00:00:00+08:00,202.0,203.5,200.5,201.5,463148,0.0,0.0
2016-08-30 00:00:00+08:00,202.0,203.0,198.5,199.5,920320,0.0,0.0
2016-08-31 00:00:00+08:00,199.5,199.5,193.0,196.5,1890460,0.0,0.0
2016-09-01 00:00:00+08:00,196.5,201.5,196.5,198.5,1131932,0.0,0.0
2016-09-02 00:00:00+08:00,199.5,200.0,194.0,195.0,772340,0.0,0.0
2016-09-05 00:00:00+08:00,196.0,201.0,194.0,201.0,861418,0.0,0.0
2016-09-06 00:00:00+08:00,201.0,203.0,200.0,202.0,699006,0.0,0.0
2016-09-07 00:00:00+08:00,204.0,211.5,203.5,211.0,1965209,0.0,0.0
2016-09-08 00:00:00+08:00,211.0,214.0,208.5,212.0,1289570,0.0,0.0
2016-09-09 00:00:00+08:00,210.5,214.0,210.0,210.0,1008340,0.0,0.0
2016-09-12 00:00:00+08:00,206.5,209.5,206.0,206.0,739969,0.0,0.0
2016-09-13 00:00:00+08:00,211.5,212.5,207.0,208.0,1755250,0.0,0.0
2016-09-14 00:00:00+08:00,207.0,214.5,207.0,214.5,3821300,0.0,0.0
2016-09-19 00:00:00+08:00,219.0,219.5,215.0,215.5,1614024,0.0,0.0
2016-09-20 00:00:00+08:00,215.5,218.5,215.5,216.0,1041985,0.0,0.0
2016-09-21 00:00:00+08:00,217.0,217.0,214.0,214.5,743515,0.0,0.0
2016-09-22 00:00:00+08:00,217.0,217.0,214.0,214.5,672377,0.0,0.0
2016-09-23 00:00:00+08:00,215.5,221.0,215.5,219.5,2012493,0.0,0.0
2016-09-26 00:00:00+08:00,222.0,225.0,220.5,221.5,1428741,0.0,0.0
2016-09-27 00:00:00+08:00,221.5,221.5,221.5,221.5,0,0.0,0.0
2016-09-28 00:00:00+08:00,221.5,221.5,221.5,221.5,0,0.0,0.0
2016-09-29 00:00:00+08:00,226.0,227.0,223.0,223.0,1677507,0.0,0.0
2016-09-30 00:00:00+08:00,221.0,222.5,218.0,218.0,1151550,0.0,0.0
2016-10-03 00:00:00+08:00,219.0,220.0,217.0,217.0,737065,0.0,0.0
2016-10-04 00:00:00+08:00,217.0,218.0,214.0,215.0,1127902,0.0,0.0
2016-10-05 00:00:00+08:00,213.5,215.0,208.0,213.5,1967182,0.0,0.0
2016-10-06 00:00:00+08:00,215.0,216.0,213.5,214.5,703861,0.0,0.0
2016-10-07 00:00:00+08:00,215.0,215.0,211.0,212.0,671823,0.0,0.0
2016-10-11 00:00:00+08:00,214.0,214.0,208.0,208.5,1147776,0.0,0.0
2016-10-12 00:00:00+08:00,208.5,213.5,207.5,211.0,985682,0.0,0.0
2016-10-13 00:00:00+08:00,211.5,212.0,207.5,207.5,831682,0.0,0.0
2016-10-14 00:00:00+08:00,208.0,209.5,202.5,203.5,1488610,0.0,0.0
2016-10-17 00:00:00+08:00,207.0,211.5,207.0,208.5,1002964,0.0,0.0
2016-10-18 00:00:00+08:00,207.0,208.0,206.0,206.5,556420,0.0,0.0
2016-10-19 00:00:00+08:00,208.0,210.5,206.5,207.5,885642,0.0,0.0
2016-10-20 00:00:00+08:00,208.5,208.5,204.5,207.0,743328,0.0,0.0
2016-10-21 00:00:00+08:00,207.5,207.5,204.5,205.5,651155,0.0,0.0
2016-10-24 00:00:00+08:00,205.5,208.0,204.0,205.0,923130,0.0,0.0
2016-10-25 00:00:00+08:00,206.0,209.0,205.0,205.5,976017,0.0,0.0
2016-10-26 00:00:00+08:00,203.0,203.0,198.0,199.0,2750719,0.0,0.0
2016-10-27 00:00:00+08:00,198.0,200.5,197.0,197.0,1294581,0.0,0.0
2016-10-28 00:00:00+08:00,198.0,199.0,197.0,198.0,536540,0.0,0.0
2016-10-31 00:00:00+08:00,200.5,200.5,198.0,198.5,591490,0.0,0.0
2016-11-01 00:00:00+08:00,198.0,198.0,194.0,194.5,1028680,0.0,0.0
2016-11-02 00:00:00+08:00,195.5,196.0,188.0,188.0,1676176,0.0,0.0
2016-11-03 00:00:00+08:00,187.0,189.0,180.0,180.0,1676071,0.0,0.0
2016-11-04 00:00:00+08:00,181.0,185.0,178.5,181.5,998477,0.0,0.0
2016-11-07 00:00:00+08:00,181.5,183.0,174.5,176.0,1729021,0.0,0.0
2016-11-08 00:00:00+08:00,178.0,186.0,176.5,185.0,1117830,0.0,0.0
2016-11-09 00:00:00+08:00,184.0,184.5,175.0,175.5,1597381,0.0,0.0
2016-11-10 00:00:00+08:00,184.0,185.0,181.5,184.0,1283601,0.0,0.0
2016-11-11 00:00:00+08:00,184.0,184.0,181.0,181.0,826290,0.0,0.0
2016-11-14 00:00:00+08:00,179.0,180.5,174.0,176.0,747385,0.0,0.0
2016-11-15 00:00:00+08:00,176.5,181.0,176.5,178.0,624020,0.0,0.0
2016-11-16 00:00:00+08:00,179.0,180.0,177.0,177.5,607262,0.0,0.0
2016-11-17 00:00:00+08:00,177.0,177.0,175.0,176.0,526420,0.0,0.0
2016-11-18 00:00:00+08:00,177.5,179.5,176.0,178.0,619887,0.0,0.0
2016-11-21 00:00:00+08:00,180.0,183.0,179.0,180.0,860553,0.0,0.0
2016-11-22 00:00:00+08:00,181.0,181.0,178.5,178.5,446394,0.0,0.0
2016-11-23 00:00:00+08:00,180.0,182.0,179.0,180.5,557833,0.0,0.0
2016-11-24 00:00:00+08:00,182.0,186.0,182.0,182.0,1361000,0.0,0.0
2016-11-25 00:00:00+08:00,183.0,183.0,180.0,180.0,396275,0.0,0.0
2016-11-28 00:00:00+08:00,180.0,181.5,178.5,179.5,392645,0.0,0.0
2016-11-29 00:00:00+08:00,180.0,182.0,179.0,179.5,628429,0.0,0.0
2016-11-30 00:00:00+08:00,179.5,180.5,177.0,178.5,1023151,0.0,0.0
2016-12-01 00:00:00+08:00,180.0,181.0,178.0,178.5,479915,0.0,0.0
2016-12-02 00:00:00+08:00,177.5,178.5,177.0,177.5,428429,0.0,0.0
2016-12-05 00:00:00+08:00,178.0,178.5,176.0,178.0,450285,0.0,0.0
2016-12-06 00:00:00+08:00,180.0,180.0,176.0,176.5,641584,0.0,0.0
2016-12-07 00:00:00+08:00,178.0,178.0,175.5,176.0,347367,0.0,0.0
2016-12-08 00:00:00+08:00,176.5,177.5,175.0,175.0,452873,0.0,0.0
2016-12-09 00:00:00+08:00,175.5,181.0,175.5,179.0,938268,0.0,0.0
2016-12-12 00:00:00+08:00,180.5,180.5,173.5,174.5,814222,0.0,0.0
2016-12-13 00:00:00+08:00,175.0,177.0,175.0,175.5,357769,0.0,0.0
2016-12-14 00:00:00+08:00,176.5,177.0,175.0,175.0,327251,0.0,0.0
2016-12-15 00:00:00+08:00,175.0,176.0,172.0,173.5,548485,0.0,0.0
2016-12-16 00:00:00+08:00,176.5,179.0,173.5,173.5,1115437,0.0,0.0
2016-12-19 00:00:00+08:00,173.5,173.5,168.0,168.5,1107138,0.0,0.0
2016-12-20 00:00:00+08:00,167.0,168.0,159.5,160.0,2224052,0.0,0.0
2016-12-21 00:00:00+08:00,161.0,163.5,158.0,158.5,1153895,0.0,0.0
2016-12-22 00:00:00+08:00,160.0,171.5,159.5,166.0,3154168,0.0,0.0
2016-12-23 00:00:00+08:00,165.5,170.5,161.0,161.0,1824968,0.0,0.0
2016-12-26 00:00:00+08:00,163.0,163.5,159.0,159.5,579841,0.0,0.0
2016-12-27 00:00:00+08:00,161.0,167.0,160.0,165.5,1808870,0.0,0.0
2016-12-28 00:00:00+08:00,167.0,167.5,162.5,163.0,979183,0.0,0.0
2016-12-29 00:00:00+08:00,163.0,171.5,162.0,168.0,1939239,0.0,0.0
2016-12-30 00:00:00+08:00,169.5,171.5,166.0,166.5,1549100,0.0,0.0
2017-01-03 00:00:00+08:00,168.5,170.0,165.5,166.0,757656,0.0,0.0
2017-01-04 00:00:00+08:00,168.0,168.5,165.0,165.0,688248,0.0,0.0
2017-01-05 00:00:00+08:00,165.0,173.0,165.0,168.0,2020299,0.0,0.0
2017-01-06 00:00:00+08:00,169.5,171.0,168.5,169.0,709782,0.0,0.0
2017-01-09 00:00:00+08:00,171.0,174.5,168.5,169.0,952405,0.0,0.0
2017-01-10 00:00:00+08:00,164.0,168.5,163.5,165.0,1197809,0.0,0.0
2017-01-11 00:00:00+08:00,166.0,167.0,156.5,159.5,1700500,0.0,0.0
2017-01-12 00:00:00+08:00,158.0,162.0,156.5,161.5,1270292,0.0,0.0
2017-01-13 00:00:00+08:00,160.5,161.0,159.0,159.5,534339,0.0,0.0
2017-01-16 00:00:00+08:00,160.0,161.5,158.0,158.0,515040,0.0,0.0
2017-01-17 00:00:00+08:00,159.0,160.0,158.0,158.0,367502,0.0,0.0
2017-01-18 00:00:00+08:00,159.0,162.5,159.0,160.5,831172,0.0,0.0
2017-01-19 00:00:00+08:00,162.5,163.5,160.5,161.5,877881,0.0,0.0
2017-01-20 00:00:00+08:00,161.5,163.0,160.5,161.0,437486,0.0,0.0
2017-01-23 00:00:00+08:00,166.5,168.0,161.5,161.5,1075141,0.0,0.0
2017-01-24 00:00:00+08:00,161.5,162.0,159.0,160.5,632481,0.0,0.0
2017-02-02 00:00:00+08:00,161.5,162.0,158.0,158.0,705034,0.0,0.0
2017-02-03 00:00:00+08:00,158.5,160.0,157.5,158.0,600003,0.0,0.0
2017-02-06 00:00:00+08:00,159.0,162.0,158.0,161.0,780314,0.0,0.0
2017-02-07 00:00:00+08:00,162.0,162.0,160.0,160.0,448710,0.0,0.0
2017-02-08 00:00:00+08:00,162.0,167.0,161.5,165.5,1890675,0.0,0.0
2017-02-09 00:00:00+08:00,167.0,167.0,164.0,165.0,752150,0.0,0.0
2017-02-10 00:00:00+08:00,167.0,169.0,165.0,166.0,1126800,0.0,0.0
2017-02-13 00:00:00+08:00,169.0,172.5,167.0,170.0,1833855,0.0,0.0
2017-02-14 00:00:00+08:00,171.0,171.5,166.0,166.0,1060102,0.0,0.0
2017-02-15 00:00:00+08:00,168.5,170.5,166.5,170.0,1240548,0.0,0.0
2017-02-16 00:00:00+08:00,173.0,180.0,173.0,177.5,4200384,0.0,0.0
2017-02-17 00:00:00+08:00,179.0,190.0,177.0,185.0,4635390,0.0,0.0
2017-02-20 00:00:00+08:00,188.0,190.0,181.0,181.5,2389040,0.0,0.0
2017-02-21 00:00:00+08:00,182.5,183.5,177.0,179.0,1400347,0.0,0.0
2017-02-22 00:00:00+08:00,180.5,183.0,180.0,181.5,1104066,0.0,0.0
2017-02-23 00:00:00+08:00,184.0,185.5,182.0,182.0,1139694,0.0,0.0
2017-02-24 00:00:00+08:00,185.0,185.5,183.0,183.5,1218437,0.0,0.0
2017-03-01 00:00:00+08:00,185.5,186.0,180.5,181.5,1002587,0.0,0.0
2017-03-02 00:00:00+08:00,183.0,183.5,178.0,179.0,878845,0.0,0.0
2017-03-03 00:00:00+08:00,179.0,181.5,178.0,179.0,669272,0.0,0.0
2017-03-06 00:00:00+08:00,179.0,179.0,179.0,179.0,0,0.0,0.0
2017-03-07 00:00:00+08:00,196.5,196.5,196.5,196.5,611462,0.0,0.0
2017-03-08 00:00:00+08:00,208.0,208.0,199.0,200.0,7454593,0.0,0.0
2017-03-09 00:00:00+08:00,200.0,201.0,192.5,193.0,2283161,0.0,0.0
2017-03-10 00:00:00+08:00,193.0,199.5,189.0,196.0,2763275,0.0,0.0
2017-03-13 00:00:00+08:00,199.0,199.5,194.5,194.5,1319291,0.0,0.0
2017-03-14 00:00:00+08:00,196.0,197.5,194.5,195.5,746727,0.0,0.0
2017-03-15 00:00:00+08:00,195.5,196.5,192.0,192.0,780576,0.0,0.0
2017-03-16 00:00:00+08:00,194.0,195.0,191.5,193.0,632931,0.0,0.0
2017-03-17 00:00:00+08:00,193.5,195.0,191.0,194.0,1230717,0.0,0.0
2017-03-20 00:00:00+08:00,196.0,196.0,192.5,194.0,838873,0.0,0.0
2017-03-21 00:00:00+08:00,195.0,195.0,187.5,189.0,1636901,0.0,0.0
2017-03-22 00:00:00+08:00,187.0,189.5,185.5,186.5,1129196,0.0,0.0
2017-03-23 00:00:00+08:00,186.5,186.5,181.5,181.5,1296547,0.0,0.0
2017-03-24 00:00:00+08:00,182.5,185.0,181.5,184.0,845080,0.0,0.0
2017-03-27 00:00:00+08:00,185.0,186.0,182.5,182.5,538050,0.0,0.0
2017-03-28 00:00:00+08:00,185.0,186.0,175.0,181.0,1631256,0.0,0.0
2017-03-29 00:00:00+08:00,184.0,184.0,181.5,182.0,511650,0.0,0.0
2017-03-30 00:00:00+08:00,183.0,184.0,179.5,182.5,838984,0.0,0.0
2017-03-31 00:00:00+08:00,183.5,183.5,178.0,178.0,859263,0.0,0.0
2017-04-05 00:00:00+08:00,179.0,181.5,177.0,180.0,751860,0.0,0.0
2017-04-06 00:00:00+08:00,181.5,181.5,178.0,178.0,386762,0.0,0.0
2017-04-07 00:00:00+08:00,179.0,183.0,179.0,179.5,944332,0.0,0.0
2017-04-10 00:00:00+08:00,179.0,179.0,175.0,175.5,793461,0.0,0.0
2017-04-11 00:00:00+08:00,175.5,178.5,175.0,175.0,793155,0.0,0.0
2017-04-12 00:00:00+08:00,176.0,176.5,171.5,172.0,740061,0.0,0.0
2017-04-13 00:00:00+08:00,173.0,173.0,170.5,170.5,447257,0.0,0.0
2017-04-14 00:00:00+08:00,170.0,171.0,166.0,166.0,803590,0.0,0.0
2017-04-17 00:00:00+08:00,168.0,168.5,166.0,167.0,449476,0.0,0.0
2017-04-18 00:00:00+08:00,168.5,169.5,167.5,167.5,383285,0.0,0.0
2017-04-19 00:00:00+08:00,167.0,169.0,167.0,167.5,419955,0.0,0.0
2017-04-20 00:00:00+08:00,167.5,172.5,167.5,169.0,734194,0.0,0.0
2017-04-21 00:00:00+08:00,171.0,172.0,169.0,169.5,393172,0.0,0.0
2017-04-24 00:00:00+08:00,172.0,172.5,169.5,170.0,270679,0.0,0.0
2017-04-25 00:00:00+08:00,171.5,172.5,170.5,172.5,492120,0.0,0.0
2017-04-26 00:00:00+08:00,174.0,175.0,173.0,173.5,555480,0.0,0.0
2017-04-27 00:00:00+08:00,173.5,178.5,173.5,178.0,872675,0.0,0.0
2017-04-28 00:00:00+08:00,179.0,182.5,179.0,181.5,1196701,0.0,0.0
2017-05-02 00:00:00+08:00,181.0,181.5,177.0,178.5,674055,0.0,0.0
2017-05-03 00:00:00+08:00,178.5,178.5,174.5,175.0,434250,0.0,0.0
2017-05-04 00:00:00+08:00,177.5,185.0,177.5,180.0,1684218,0.0,0.0
2017-05-05 00:00:00+08:00,184.0,185.5,179.0,179.0,1248705,0.0,0.0
2017-05-08 00:00:00+08:00,177.0,179.0,175.5,176.0,703516,0.0,0.0
2017-05-09 00:00:00+08:00,175.5,177.5,171.0,171.0,901764,0.0,0.0
2017-05-10 00:00:00+08:00,171.0,173.0,171.0,172.0,541500,0.0,0.0
2017-05-11 00:00:00+08:00,173.5,175.0,172.5,173.5,435899,0.0,0.0
2017-05-12 00:00:00+08:00,173.0,173.5,170.0,172.0,576720,0.0,0.0
2017-05-15 00:00:00+08:00,177.0,182.5,176.0,180.0,2041393,0.0,0.0
2017-05-16 00:00:00+08:00,180.5,181.0,177.5,179.0,630900,0.0,0.0
2017-05-17 00:00:00+08:00,180.0,180.5,178.0,178.5,500567,0.0,0.0
2017-05-18 00:00:00+08:00,176.5,180.5,176.5,180.0,632605,0.0,0.0
2017-05-19 00:00:00+08:00,181.0,184.0,180.0,180.0,923802,0.0,0.0
2017-05-22 00:00:00+08:00,181.0,181.5,178.0,178.0,401556,0.0,0.0
2017-05-23 00:00:00+08:00,178.0,180.0,177.5,177.5,367483,0.0,0.0
2017-05-24 00:00:00+08:00,179.5,179.5,177.0,177.5,362084,0.0,0.0
2017-05-25 00:00:00+08:00,179.0,180.0,178.5,179.5,513080,0.0,0.0
2017-05-26 00:00:00+08:00,180.5,181.0,179.0,179.5,621403,0.0,0.0
2017-05-31 00:00:00+08:00,181.5,190.0,180.5,190.0,3155937,0.0,0.0
2017-06-01 00:00:00+08:00,187.5,189.5,185.0,185.5,1351071,0.0,0.0
2017-06-02 00:00:00+08:00,187.0,189.5,185.0,185.0,1255890,0.0,0.0
2017-06-05 00:00:00+08:00,188.5,189.5,186.5,187.0,724605,0.0,0.0
2017-06-06 00:00:00+08:00,187.5,188.0,186.0,186.0,503790,0.0,0.0
2017-06-07 00:00:00+08:00,187.0,189.0,186.5,188.0,895410,0.0,0.0
2017-06-08 00:00:00+08:00,188.5,189.0,187.0,187.0,370979,0.0,0.0
2017-06-09 00:00:00+08:00,188.0,189.5,185.0,185.0,1033177,0.0,0.0
2017-06-12 00:00:00+08:00,184.5,187.0,184.5,185.0,539200,0.0,0.0
2017-06-13 00:00:00+08:00,186.0,186.0,183.0,183.0,524313,0.0,0.0
2017-06-14 00:00:00+08:00,184.5,184.5,178.0,178.5,860828,0.0,0.0
2017-06-15 00:00:00+08:00,179.5,180.0,176.5,177.5,699417,0.0,0.0
2017-06-16 00:00:00+08:00,178.0,179.0,177.0,177.0,603608,0.0,0.0
2017-06-19 00:00:00+08:00,178.0,179.0,177.5,177.5,312775,0.0,0.0
2017-06-20 00:00:00+08:00,179.0,179.0,176.5,177.0,307225,0.0,0.0
2017-06-21 00:00:00+08:00,177.0,180.0,176.5,178.0,424620,0.0,0.0
2017-06-22 00:00:00+08:00,179.5,185.5,179.5,183.0,1425557,0.0,0.0
2017-06-23 00:00:00+08:00,184.5,185.0,182.5,183.0,724100,0.0,0.0
2017-06-26 00:00:00+08:00,185.5,187.5,184.5,185.0,733904,0.0,0.0
2017-06-27 00:00:00+08:00,186.5,186.5,184.0,184.0,407890,0.0,0.0
2017-06-28 00:00:00+08:00,184.0,185.0,182.5,183.5,364702,0.0,0.0
2017-06-29 00:00:00+08:00,185.0,185.0,183.5,183.5,359341,0.0,0.0
2017-06-30 00:00:00+08:00,183.5,185.5,181.0,184.5,498672,0.0,0.0
2017-07-03 00:00:00+08:00,188.0,191.5,187.0,187.0,1916135,0.0,0.0
2017-07-04 00:00:00+08:00,189.5,191.0,187.5,187.5,2054380,0.0,0.0
2017-07-05 00:00:00+08:00,188.0,189.0,185.5,186.5,512036,0.0,0.0
2017-07-06 00:00:00+08:00,187.5,188.0,186.0,186.0,369420,0.0,0.0
2017-07-07 00:00:00+08:00,185.5,187.0,183.0,183.5,571316,0.0,0.0
2017-07-10 00:00:00+08:00,184.5,185.0,183.0,183.0,459687,0.0,0.0
2017-07-11 00:00:00+08:00,185.0,185.0,182.0,182.5,364700,0.0,0.0
2017-07-12 00:00:00+08:00,185.0,186.0,183.0,183.0,508603,0.0,0.0
2017-07-13 00:00:00+08:00,184.0,185.0,183.0,183.0,332606,0.0,0.0
2017-07-14 00:00:00+08:00,184.0,185.0,183.5,184.0,415682,0.0,0.0
2017-07-17 00:00:00+08:00,185.5,189.0,184.5,188.0,1103626,0.0,0.0
2017-07-18 00:00:00+08:00,189.0,191.0,188.0,189.5,1082194,0.0,0.0
2017-07-19 00:00:00+08:00,190.0,190.0,187.0,187.0,719206,0.0,0.0
2017-07-20 00:00:00+08:00,188.0,189.5,187.0,189.0,803803,0.0,0.0
2017-07-21 00:00:00+08:00,190.0,205.5,190.0,199.0,7028986,0.0,0.0
2017-07-24 00:00:00+08:00,202.5,206.0,201.0,204.0,3949234,0.0,0.0
2017-07-25 00:00:00+08:00,207.0,207.0,203.0,205.5,1841420,0.0,0.0
2017-07-26 00:00:00+08:00,215.0,223.5,212.5,220.0,6705147,0.0,0.0
2017-07-27 00:00:00+08:00,222.0,223.0,217.5,218.5,2380596,0.0,0.0
2017-07-28 00:00:00+08:00,219.0,229.5,218.0,219.0,5418851,0.0,0.0
2017-07-31 00:00:00+08:00,223.5,226.0,220.0,221.0,2558987,0.0,0.0
2017-08-01 00:00:00+08:00,222.0,222.5,211.5,212.5,2886212,0.0,0.0
2017-08-02 00:00:00+08:00,214.0,219.5,212.0,218.0,2275981,0.0,0.0
2017-08-03 00:00:00+08:00,216.0,223.0,209.0,218.5,2882476,0.0,0.0
2017-08-04 00:00:00+08:00,222.5,222.5,215.5,215.5,1421575,0.0,0.0
2017-08-07 00:00:00+08:00,215.5,218.5,212.5,215.5,1048554,0.0,0.0
2017-08-08 00:00:00+08:00,216.0,221.0,216.0,218.5,1499655,0.0,0.0
2017-08-09 00:00:00+08:00,221.0,224.0,217.5,218.5,2237092,0.0,0.0
2017-08-10 00:00:00+08:00,217.5,218.0,207.5,207.5,2953587,0.0,0.0
2017-08-11 00:00:00+08:00,207.0,207.0,200.5,203.5,2328657,0.0,0.0
2017-08-14 00:00:00+08:00,203.5,205.0,197.0,197.0,1958640,0.0,0.0
2017-08-15 00:00:00+08:00,201.0,205.5,200.5,203.5,1220625,0.0,0.0
2017-08-16 00:00:00+08:00,204.0,205.5,201.5,205.5,727626,0.0,0.0
2017-08-17 00:00:00+08:00,206.5,208.5,205.0,208.0,950862,0.0,0.0
2017-08-18 00:00:00+08:00,205.5,207.5,204.5,204.5,1016862,0.0,0.0
2017-08-21 00:00:00+08:00,216.0,216.5,211.5,214.0,1937153,0.0,0.0
2017-08-22 00:00:00+08:00,215.5,216.0,212.0,212.0,834100,0.0,0.0
2017-08-23 00:00:00+08:00,214.5,216.0,212.0,212.0,812344,0.0,0.0
2017-08-24 00:00:00+08:00,212.5,214.0,210.5,212.0,638850,0.0,0.0
2017-08-25 00:00:00+08:00,212.0,213.0,210.5,211.0,385025,0.0,0.0
2017-08-28 00:00:00+08:00,210.5,210.5,208.0,208.5,672940,0.0,0.0
2017-08-29 00:00:00+08:00,209.5,212.5,207.0,211.0,635051,0.0,0.0
2017-08-30 00:00:00+08:00,212.0,214.5,211.0,214.0,826643,0.0,0.0
2017-08-31 00:00:00+08:00,217.5,221.0,216.0,217.0,2853807,0.0,0.0
2017-09-01 00:00:00+08:00,220.5,225.0,219.0,220.0,2560381,0.0,0.0
2017-09-04 00:00:00+08:00,222.5,222.5,216.0,216.5,1020750,0.0,0.0
2017-09-05 00:00:00+08:00,219.0,219.0,214.5,215.0,982699,0.0,0.0
2017-09-06 00:00:00+08:00,213.0,220.5,212.5,216.0,1575599,0.0,0.0
2017-09-07 00:00:00+08:00,217.5,219.0,213.0,213.0,792952,0.0,0.0
2017-09-08 00:00:00+08:00,214.5,215.5,213.0,213.5,510118,0.0,0.0
2017-09-11 00:00:00+08:00,213.0,213.5,208.5,208.5,909286,0.0,0.0
2017-09-12 00:00:00+08:00,210.0,211.5,209.5,210.0,475468,0.0,0.0
2017-09-13 00:00:00+08:00,212.0,212.0,209.0,209.5,374680,0.0,0.0
2017-09-14 00:00:00+08:00,210.0,212.0,208.0,209.0,414655,0.0,0.0
2017-09-15 00:00:00+08:00,210.0,213.0,209.0,213.0,610633,0.0,0.0
2017-09-18 00:00:00+08:00,214.0,214.5,212.0,213.0,674247,0.0,0.0
2017-09-19 00:00:00+08:00,213.0,213.5,208.5,208.5,860246,0.0,0.0
2017-09-20 00:00:00+08:00,210.0,210.0,207.0,207.5,465350,0.0,0.0
2017-09-21 00:00:00+08:00,208.5,210.5,208.5,208.5,352459,0.0,0.0
2017-09-22 00:00:00+08:00,209.5,209.5,205.5,206.5,489126,0.0,0.0
2017-09-25 00:00:00+08:00,206.5,208.0,202.0,202.0,709586,0.0,0.0
2017-09-26 00:00:00+08:00,203.0,204.0,198.0,199.0,865898,0.0,0.0
2017-09-27 00:00:00+08:00,199.5,201.5,196.5,197.0,805770,0.0,0.0
2017-09-28 00:00:00+08:00,198.5,200.5,196.0,196.5,487550,0.0,0.0
2017-09-29 00:00:00+08:00,197.0,197.0,191.5,192.0,840255,0.0,0.0
2017-10-02 00:00:00+08:00,201.5,207.0,200.5,205.0,975825,0.0,0.0
2017-10-03 00:00:00+08:00,206.0,207.5,203.0,204.5,568068,0.0,0.0
2017-10-05 00:00:00+08:00,204.0,205.0,202.0,202.0,515875,0.0,0.0
2017-10-06 00:00:00+08:00,206.0,207.0,202.5,203.0,528878,0.0,0.0
2017-10-11 00:00:00+08:00,206.0,206.0,201.5,202.0,573984,0.0,0.0
2017-10-12 00:00:00+08:00,203.0,206.0,202.5,203.0,518425,0.0,0.0
2017-10-13 00:00:00+08:00,203.0,204.5,201.0,202.0,382785,0.0,0.0
2017-10-16 00:00:00+08:00,203.0,203.5,198.5,199.0,625887,0.0,0.0
2017-10-17 00:00:00+08:00,200.0,200.0,197.0,199.5,591873,0.0,0.0
2017-10-18 00:00:00+08:00,199.5,201.0,196.0,196.0,709075,0.0,0.0
2017-10-19 00:00:00+08:00,197.5,199.5,196.0,197.0,352948,0.0,0.0
2017-10-20 00:00:00+08:00,197.0,199.0,196.0,197.0,349724,0.0,0.0
2017-10-23 00:00:00+08:00,198.5,199.0,197.5,199.0,362463,0.0,0.0
2017-10-24 00:00:00+08:00,200.5,215.5,199.0,210.5,2759219,0.0,0.0
2017-10-25 00:00:00+08:00,211.0,215.0,209.0,209.0,1774284,0.0,0.0
2017-10-26 00:00:00+08:00,211.0,213.0,209.0,212.5,1018118,0.0,0.0
2017-10-27 00:00:00+08:00,214.0,218.5,213.5,216.0,2292131,0.0,0.0
2017-10-30 00:00:00+08:00,219.0,222.0,217.0,221.0,2859811,0.0,0.0
2017-10-31 00:00:00+08:00,223.0,226.5,216.5,218.5,2102353,0.0,0.0
2017-11-01 00:00:00+08:00,222.5,225.0,215.5,217.0,1491902,0.0,0.0
2017-11-02 00:00:00+08:00,216.5,219.5,214.0,214.0,1234255,0.0,0.0
2017-11-03 00:00:00+08:00,214.5,216.0,211.0,212.5,765961,0.0,0.0
2017-11-06 00:00:00+08:00,214.5,215.0,211.5,213.0,549065,0.0,0.0
2017-11-07 00:00:00+08:00,212.0,213.5,211.5,212.0,461838,0.0,0.0
2017-11-08 00:00:00+08:00,212.0,214.0,211.5,214.0,543281,0.0,0.0
2017-11-09 00:00:00+08:00,215.0,221.0,214.0,216.0,1282267,0.0,0.0
2017-11-10 00:00:00+08:00,216.0,217.5,214.5,215.0,453654,0.0,0.0
2017-11-13 00:00:00+08:00,216.5,216.5,213.5,213.5,497875,0.0,0.0
2017-11-14 00:00:00+08:00,196.0,202.0,193.0,197.0,2894775,0.0,0.0
2017-11-15 00:00:00+08:00,197.5,200.0,197.0,199.5,895950,0.0,0.0
2017-11-16 00:00:00+08:00,201.0,201.0,197.0,197.0,716250,0.0,0.0
2017-11-17 00:00:00+08:00,197.5,198.5,195.0,195.0,787506,0.0,0.0
2017-11-20 00:00:00+08:00,194.5,198.5,193.5,194.0,796954,0.0,0.0
2017-11-21 00:00:00+08:00,195.0,196.0,193.0,193.5,681246,0.0,0.0
2017-11-22 00:00:00+08:00,194.0,195.5,192.0,192.5,861457,0.0,0.0
2017-11-23 00:00:00+08:00,193.0,193.5,190.5,190.5,577503,0.0,0.0
2017-11-24 00:00:00+08:00,191.0,191.0,185.5,186.5,1338647,0.0,0.0
2017-11-27 00:00:00+08:00,188.5,188.5,182.0,182.5,1053704,0.0,0.0
2017-11-28 00:00:00+08:00,182.0,185.0,181.5,184.5,790634,0.0,0.0
2017-11-29 00:00:00+08:00,186.5,187.5,182.5,183.0,636297,0.0,0.0
2017-11-30 00:00:00+08:00,183.0,184.5,182.0,183.5,1266265,0.0,0.0
2017-12-01 00:00:00+08:00,185.0,185.5,180.5,181.5,529428,0.0,0.0
2017-12-04 00:00:00+08:00,182.0,182.5,180.0,181.0,477370,0.0,0.0
2017-12-05 00:00:00+08:00,181.0,184.0,179.0,179.0,868035,0.0,0.0
2017-12-06 00:00:00+08:00,180.0,180.0,174.0,174.0,862568,0.0,0.0
2017-12-07 00:00:00+08:00,174.5,175.5,172.0,172.0,492583,0.0,0.0
2017-12-08 00:00:00+08:00,171.5,173.5,168.5,172.5,866452,0.0,0.0
2017-12-11 00:00:00+08:00,173.5,173.5,170.5,171.5,368022,0.0,0.0
2017-12-12 00:00:00+08:00,171.5,188.5,170.0,185.0,1807808,0.0,0.0
2017-12-13 00:00:00+08:00,186.5,189.0,183.5,185.5,1423211,0.0,0.0
2017-12-14 00:00:00+08:00,187.5,187.5,180.0,180.0,1352598,0.0,0.0
2017-12-15 00:00:00+08:00,180.0,183.0,179.5,180.5,526680,0.0,0.0
2017-12-18 00:00:00+08:00,181.5,181.5,176.0,176.0,496071,0.0,0.0
2017-12-19 00:00:00+08:00,176.5,178.5,175.5,177.0,357012,0.0,0.0
2017-12-20 00:00:00+08:00,178.0,182.5,177.0,180.0,738780,0.0,0.0
2017-12-21 00:00:00+08:00,181.0,188.0,181.0,182.5,877361,0.0,0.0
2017-12-22 00:00:00+08:00,183.5,183.5,182.0,183.5,344831,0.0,0.0
2017-12-25 00:00:00+08:00,184.0,187.0,183.5,183.5,295944,0.0,0.0
2017-12-26 00:00:00+08:00,185.5,185.5,181.5,181.5,393572,0.0,0.0
2017-12-27 00:00:00+08:00,183.0,183.0,180.5,181.0,322822,0.0,0.0
2017-12-28 00:00:00+08:00,182.5,185.0,181.5,185.0,406997,0.0,0.0
2017-12-29 00:00:00+08:00,185.5,187.5,185.0,185.0,468693,0.0,0.0
2018-01-02 00:00:00+08:00,185.0,188.0,184.0,187.5,342674,0.0,0.0
2018-01-03 00:00:00+08:00,188.0,188.0,185.0,185.5,422206,0.0,0.0
2018-01-04 00:00:00+08:00,186.0,187.0,185.0,186.0,302195,0.0,0.0
2018-01-05 00:00:00+08:00,186.5,187.0,185.5,186.5,279055,0.0,0.0
2018-01-08 00:00:00+08:00,188.0,193.0,187.5,191.5,1310805,0.0,0.0
2018-01-09 00:00:00+08:00,190.5,192.0,189.0,189.5,636019,0.0,0.0
2018-01-10 00:00:00+08:00,192.0,195.0,190.0,194.0,932003,0.0,0.0
2018-01-11 00:00:00+08:00,194.0,194.0,191.0,192.5,467120,0.0,0.0
2018-01-12 00:00:00+08:00,192.5,193.0,190.0,190.0,347756,0.0,0.0
2018-01-15 00:00:00+08:00,191.0,203.5,191.0,200.0,2167077,0.0,0.0
2018-01-16 00:00:00+08:00,203.0,207.5,200.5,201.0,2385759,0.0,0.0
2018-01-17 00:00:00+08:00,200.0,200.0,195.0,198.0,1619799,0.0,0.0
2018-01-18 00:00:00+08:00,200.5,205.0,199.0,202.5,1352396,0.0,0.0
2018-01-19 00:00:00+08:00,203.5,207.0,202.0,202.0,941962,0.0,0.0
2018-01-22 00:00:00+08:00,202.0,204.0,199.0,201.0,471421,0.0,0.0
2018-01-23 00:00:00+08:00,203.5,206.0,202.0,203.0,785445,0.0,0.0
2018-01-24 00:00:00+08:00,203.5,203.5,201.0,201.5,371013,0.0,0.0
2018-01-25 00:00:00+08:00,202.0,205.0,201.5,204.0,650919,0.0,0.0
2018-01-26 00:00:00+08:00,205.0,209.0,205.0,205.5,1619133,0.0,0.0
2018-01-29 00:00:00+08:00,207.0,208.5,205.5,206.0,602376,0.0,0.0
2018-01-30 00:00:00+08:00,206.5,206.5,200.5,200.5,829004,0.0,0.0
2018-01-31 00:00:00+08:00,200.0,201.0,197.0,200.5,513595,0.0,0.0
2018-02-01 00:00:00+08:00,201.5,203.0,200.0,200.0,298856,0.0,0.0
2018-02-02 00:00:00+08:00,199.5,201.5,198.0,198.0,547625,0.0,0.0
2018-02-05 00:00:00+08:00,194.0,196.0,193.0,194.0,631145,0.0,0.0
2018-02-06 00:00:00+08:00,189.0,190.5,178.5,181.0,1849528,0.0,0.0
2018-02-07 00:00:00+08:00,186.0,188.5,183.5,184.0,1268216,0.0,0.0
2018-02-08 00:00:00+08:00,182.5,184.5,181.0,183.0,564851,0.0,0.0
2018-02-09 00:00:00+08:00,183.0,183.0,183.0,183.0,0,0.0,0.0
2018-02-12 00:00:00+08:00,185.0,188.5,185.0,188.0,732924,0.0,0.0
2018-02-21 00:00:00+08:00,191.0,198.0,190.5,195.5,812568,0.0,0.0
2018-02-22 00:00:00+08:00,194.0,201.0,194.0,197.5,1077198,0.0,0.0
2018-02-23 00:00:00+08:00,197.5,200.5,195.5,198.5,579861,0.0,0.0
2018-02-26 00:00:00+08:00,200.0,207.5,200.0,203.5,1121869,0.0,0.0
2018-02-27 00:00:00+08:00,207.5,208.0,202.0,202.0,862473,0.0,0.0
2018-03-01 00:00:00+08:00,199.5,205.0,198.0,203.0,627608,0.0,0.0
2018-03-02 00:00:00+08:00,200.5,205.0,200.5,204.0,495133,0.0,0.0
2018-03-05 00:00:00+08:00,205.0,211.0,205.0,207.5,1571235,0.0,0.0
2018-03-06 00:00:00+08:00,210.0,214.0,209.5,213.0,1834370,0.0,0.0
2018-03-07 00:00:00+08:00,234.0,234.0,228.0,234.0,6913925,0.0,0.0
2018-03-08 00:00:00+08:00,250.0,257.0,242.0,246.5,15044023,0.0,0.0
2018-03-09 00:00:00+08:00,253.0,255.5,245.0,247.5,4325039,0.0,0.0
2018-03-12 00:00:00+08:00,251.0,255.0,247.5,255.0,4291992,0.0,0.0
2018-03-13 00:00:00+08:00,252.0,253.0,245.5,245.5,2896201,0.0,0.0
2018-03-14 00:00:00+08:00,246.0,249.0,237.0,240.0,3690613,0.0,0.0
2018-03-15 00:00:00+08:00,242.0,244.5,240.5,243.0,2128289,0.0,0.0
2018-03-16 00:00:00+08:00,245.0,246.0,242.0,242.5,1126424,0.0,0.0
2018-03-19 00:00:00+08:00,244.0,244.5,237.0,238.0,1463585,0.0,0.0
2018-03-20 00:00:00+08:00,237.0,237.0,230.5,231.5,2393224,0.0,0.0
2018-03-21 00:00:00+08:00,235.0,246.0,234.5,241.5,3719831,0.0,0.0
2018-03-22 00:00:00+08:00,245.0,248.5,236.5,237.0,2349691,0.0,0.0
2018-03-23 00:00:00+08:00,231.0,241.5,231.0,235.5,1463876,0.0,0.0
2018-03-26 00:00:00+08:00,236.5,241.5,234.0,241.0,1312500,0.0,0.0
2018-03-27 00:00:00+08:00,245.0,245.0,238.0,238.0,1350697,0.0,0.0
2018-03-28 00:00:00+08:00,240.0,242.5,237.0,237.0,815944,0.0,0.0
2018-03-29 00:00:00+08:00,240.0,244.0,238.5,241.5,1456770,0.0,0.0
2018-03-30 00:00:00+08:00,245.5,245.5,240.5,241.0,835495,0.0,0.0
2018-04-02 00:00:00+08:00,254.0,256.0,246.5,246.5,1745362,0.0,0.0
2018-04-03 00:00:00+08:00,245.0,246.0,242.0,242.5,1230720,0.0,0.0
2018-04-09 00:00:00+08:00,246.5,247.0,237.5,237.5,1747124,0.0,0.0
2018-04-10 00:00:00+08:00,236.5,238.5,234.5,236.5,1416681,0.0,0.0
2018-04-11 00:00:00+08:00,239.0,240.5,236.0,237.5,712341,0.0,0.0
2018-04-12 00:00:00+08:00,252.5,257.0,245.0,245.5,5322246,0.0,0.0
2018-04-13 00:00:00+08:00,246.0,249.0,242.5,243.0,925593,0.0,0.0
2018-04-16 00:00:00+08:00,245.0,249.0,245.0,247.5,1257779,0.0,0.0
2018-04-17 00:00:00+08:00,250.5,251.0,248.0,249.5,1691637,0.0,0.0
2018-04-18 00:00:00+08:00,251.5,259.5,251.5,258.5,5815070,0.0,0.0
2018-04-19 00:00:00+08:00,265.0,270.5,261.5,261.5,5911308,0.0,0.0
2018-04-20 00:00:00+08:00,262.0,275.5,260.5,273.5,4750639,0.0,0.0
2018-04-23 00:00:00+08:00,280.0,298.0,280.0,293.0,8213675,0.0,0.0
2018-04-24 00:00:00+08:00,298.0,301.0,281.0,283.5,6048466,0.0,0.0
2018-04-25 00:00:00+08:00,286.5,298.0,283.5,298.0,5078048,0.0,0.0
2018-04-26 00:00:00+08:00,303.0,310.5,284.0,288.0,10477627,0.0,0.0
2018-04-27 00:00:00+08:00,302.0,307.5,288.0,307.5,6593264,0.0,0.0
2018-04-30 00:00:00+08:00,309.0,317.0,304.0,310.0,5661155,0.0,0.0
2018-05-02 00:00:00+08:00,319.0,325.0,314.0,325.0,5634031,0.0,0.0
2018-05-03 00:00:00+08:00,328.0,349.5,326.0,338.0,10247881,0.0,0.0
2018-05-04 00:00:00+08:00,344.0,347.0,321.0,322.0,8161572,0.0,0.0
2018-05-07 00:00:00+08:00,321.0,327.0,312.5,319.0,4992333,0.0,0.0
2018-05-08 00:00:00+08:00,324.5,326.0,312.5,314.0,3160072,0.0,0.0
2018-05-09 00:00:00+08:00,317.0,319.5,306.0,316.0,4369730,0.0,0.0
2018-05-10 00:00:00+08:00,320.0,325.0,313.5,319.5,2874573,0.0,0.0
2018-05-11 00:00:00+08:00,325.5,329.0,316.5,317.0,2469621,0.0,0.0
2018-05-14 00:00:00+08:00,317.0,318.0,309.0,310.0,3085345,0.0,0.0
2018-05-15 00:00:00+08:00,315.0,330.0,313.0,325.5,5223990,0.0,0.0
2018-05-16 00:00:00+08:00,330.0,336.5,324.5,324.5,3771575,0.0,0.0
2018-05-17 00:00:00+08:00,331.0,331.5,321.0,323.0,1843282,0.0,0.0
2018-05-18 00:00:00+08:00,326.0,326.5,319.5,325.0,1227133,0.0,0.0
2018-05-21 00:00:00+08:00,329.0,329.0,323.0,324.0,1065750,0.0,0.0
2018-05-22 00:00:00+08:00,325.5,331.0,321.5,330.0,1956306,0.0,0.0
2018-05-23 00:00:00+08:00,332.0,345.5,330.5,341.0,6345719,0.0,0.0
2018-05-24 00:00:00+08:00,345.0,348.0,335.5,337.0,3382079,0.0,0.0
2018-05-25 00:00:00+08:00,342.5,347.0,320.5,320.5,5548984,0.0,0.0
2018-05-28 00:00:00+08:00,319.0,324.5,309.0,310.0,3657422,0.0,0.0
2018-05-29 00:00:00+08:00,309.0,314.5,306.5,314.5,2025557,0.0,0.0
2018-05-30 00:00:00+08:00,311.0,313.5,309.0,309.0,1115727,0.0,0.0
2018-05-31 00:00:00+08:00,313.0,320.0,308.5,315.0,2387728,0.0,0.0
2018-06-01 00:00:00+08:00,320.0,324.0,315.0,315.5,1553910,0.0,0.0
2018-06-04 00:00:00+08:00,319.0,319.0,313.0,314.0,1085195,0.0,0.0
2018-06-05 00:00:00+08:00,316.5,317.5,310.0,310.5,1038238,0.0,0.0
2018-06-06 00:00:00+08:00,303.0,317.5,298.0,316.0,3340385,0.0,0.0
2018-06-07 00:00:00+08:00,320.0,321.5,310.5,310.5,1536286,0.0,0.0
2018-06-08 00:00:00+08:00,309.0,315.5,307.0,307.5,1067915,0.0,0.0
2018-06-11 00:00:00+08:00,311.0,311.0,307.0,307.5,687830,0.0,0.0
2018-06-12 00:00:00+08:00,308.5,310.0,306.0,306.0,796737,0.0,0.0
2018-06-13 00:00:00+08:00,308.0,309.5,304.5,304.5,703049,0.0,0.0
2018-06-14 00:00:00+08:00,304.0,306.0,298.0,298.0,1489220,0.0,0.0
2018-06-15 00:00:00+08:00,298.0,300.5,291.0,292.5,1946356,0.0,0.0
2018-06-19 00:00:00+08:00,289.0,297.5,288.5,292.5,1387469,0.0,0.0
2018-06-20 00:00:00+08:00,294.0,295.5,289.0,291.0,822665,0.0,0.0
2018-06-21 00:00:00+08:00,291.0,304.0,291.0,301.0,1463377,0.0,0.0
2018-06-22 00:00:00+08:00,301.5,312.5,297.0,308.0,2209411,0.0,0.0
2018-06-25 00:00:00+08:00,310.0,318.5,310.0,316.0,2222047,0.0,0.0
2018-06-26 00:00:00+08:00,318.0,318.5,309.0,313.5,1420045,0.0,0.0
2018-06-27 00:00:00+08:00,314.0,317.5,310.0,310.5,1219413,0.0,0.0
2018-06-28 00:00:00+08:00,308.5,312.5,306.0,306.0,941165,0.0,0.0
2018-06-29 00:00:00+08:00,312.0,313.5,308.5,312.0,826222,0.0,0.0
2018-07-02 00:00:00+08:00,318.0,328.0,315.0,315.0,2614758,0.0,0.0
2018-07-03 00:00:00+08:00,316.5,318.0,302.0,302.0,1746130,0.0,0.0
2018-07-04 00:00:00+08:00,303.0,305.5,299.0,302.0,686703,0.0,0.0
2018-07-05 00:00:00+08:00,304.0,304.0,294.0,295.0,982482,0.0,0.0
2018-07-06 00:00:00+08:00,295.5,300.0,284.0,292.0,1781005,0.0,0.0
2018-07-09 00:00:00+08:00,284.0,299.0,284.0,292.5,2029940,0.0,0.0
2018-07-10 00:00:00+08:00,296.5,296.5,280.0,281.0,2366106,0.0,0.0
2018-07-11 00:00:00+08:00,274.5,279.0,268.0,268.5,3104114,0.0,0.0
2018-07-12 00:00:00+08:00,268.5,273.0,266.5,266.5,2733091,0.0,0.0
2018-07-13 00:00:00+08:00,270.5,273.0,267.5,272.0,1697122,0.0,0.0
2018-07-16 00:00:00+08:00,269.0,273.0,267.0,267.5,1612500,0.0,0.0
2018-07-17 00:00:00+08:00,270.5,274.5,268.0,268.0,1728062,0.0,0.0
2018-07-18 00:00:00+08:00,268.0,272.0,253.0,253.0,3174295,0.0,0.0
2018-07-19 00:00:00+08:00,255.0,259.0,250.0,251.0,1811420,0.0,0.0
2018-07-20 00:00:00+08:00,253.0,261.0,252.0,257.0,2258325,0.0,0.0
2018-07-23 00:00:00+08:00,263.0,263.0,236.0,240.5,2770951,0.0,0.0
2018-07-24 00:00:00+08:00,241.0,249.5,238.5,248.5,2027306,0.0,0.0
2018-07-25 00:00:00+08:00,245.0,259.0,244.0,255.5,2266494,0.0,0.0
2018-07-26 00:00:00+08:00,260.0,263.5,255.0,255.0,1966951,0.0,0.0
2018-07-27 00:00:00+08:00,258.5,262.0,255.5,262.0,1503793,0.0,0.0
2018-07-30 00:00:00+08:00,264.0,264.0,256.0,256.0,946380,0.0,0.0
2018-07-31 00:00:00+08:00,256.0,257.0,252.5,256.0,606399,0.0,0.0
2018-08-01 00:00:00+08:00,261.5,273.0,260.0,270.0,2691536,0.0,0.0
2018-08-02 00:00:00+08:00,268.0,271.0,262.5,263.0,1426224,0.0,0.0
2018-08-03 00:00:00+08:00,265.5,271.5,264.0,266.0,981626,0.0,0.0
2018-08-06 00:00:00+08:00,258.5,261.5,250.5,250.5,2550269,0.0,0.0
2018-08-07 00:00:00+08:00,252.0,253.5,246.5,248.0,1079791,0.0,0.0
2018-08-08 00:00:00+08:00,248.0,253.0,247.0,247.0,796069,0.0,0.0
2018-08-09 00:00:00+08:00,247.0,248.0,243.0,244.5,609843,0.0,0.0
2018-08-10 00:00:00+08:00,244.5,248.5,243.5,244.5,565623,0.0,0.0
2018-08-13 00:00:00+08:00,244.5,248.0,235.0,240.5,1116760,0.0,0.0
2018-08-14 00:00:00+08:00,244.5,247.0,239.0,243.5,759326,0.0,0.0
2018-08-15 00:00:00+08:00,245.5,245.5,238.0,238.0,717016,0.0,0.0
2018-08-16 00:00:00+08:00,238.0,243.0,236.0,238.0,804455,0.0,0.0
2018-08-17 00:00:00+08:00,242.5,245.0,238.0,238.5,653948,0.0,0.0
2018-08-20 00:00:00+08:00,242.5,243.0,238.0,240.0,652802,0.0,0.0
2018-08-21 00:00:00+08:00,244.0,253.0,243.0,245.5,1739736,0.0,0.0
2018-08-22 00:00:00+08:00,246.0,247.5,244.5,245.5,707370,0.0,0.0
2018-08-23 00:00:00+08:00,246.5,248.0,244.0,244.0,644273,0.0,0.0
2018-08-24 00:00:00+08:00,242.0,242.5,236.5,237.0,793640,0.0,0.0
2018-08-27 00:00:00+08:00,239.0,240.0,236.0,236.5,752965,0.0,0.0
2018-08-28 00:00:00+08:00,238.5,238.5,228.0,229.0,1517469,0.0,0.0
2018-08-29 00:00:00+08:00,230.0,231.5,220.5,221.0,2184964,0.0,0.0
2018-08-30 00:00:00+08:00,223.0,229.5,221.5,226.0,2152771,0.0,0.0
2018-08-31 00:00:00+08:00,226.0,232.5,226.0,228.5,1396095,0.0,0.0
2018-09-03 00:00:00+08:00,228.5,229.0,213.5,215.0,1655692,0.0,0.0
2018-09-04 00:00:00+08:00,219.5,222.5,215.5,222.0,1126585,0.0,0.0
2018-09-05 00:00:00+08:00,218.5,218.5,213.0,215.0,1205096,0.0,0.0
2018-09-06 00:00:00+08:00,213.0,215.0,201.0,203.5,2874835,0.0,0.0
2018-09-07 00:00:00+08:00,203.0,203.0,188.0,191.0,3460937,0.0,0.0
2018-09-10 00:00:00+08:00,192.0,195.5,189.0,190.5,1810780,0.0,0.0
2018-09-11 00:00:00+08:00,190.0,191.5,181.5,187.5,1925013,0.0,0.0
2018-09-12 00:00:00+08:00,191.0,191.0,185.5,185.5,1044829,0.0,0.0
2018-09-13 00:00:00+08:00,186.5,199.0,185.5,196.5,2411008,0.0,0.0
2018-09-14 00:00:00+08:00,198.5,198.5,193.5,196.0,1207961,0.0,0.0
2018-09-17 00:00:00+08:00,200.0,206.5,196.5,197.0,2078267,0.0,0.0
2018-09-18 00:00:00+08:00,197.0,197.0,188.5,189.0,1115420,0.0,0.0
2018-09-19 00:00:00+08:00,189.0,193.5,186.5,189.5,1123522,0.0,0.0
2018-09-20 00:00:00+08:00,194.5,196.5,184.0,184.0,1927162,0.0,0.0
2018-09-21 00:00:00+08:00,185.0,186.0,180.0,182.0,2730468,0.0,0.0
2018-09-25 00:00:00+08:00,182.0,186.0,180.0,183.5,1172712,0.0,0.0
2018-09-26 00:00:00+08:00,184.0,187.0,183.5,185.0,791398,0.0,0.0
2018-09-27 00:00:00+08:00,185.5,195.0,183.5,192.0,2594209,0.0,0.0
2018-09-28 00:00:00+08:00,192.0,193.5,187.5,188.5,1505200,0.0,0.0
2018-10-01 00:00:00+08:00,190.0,196.0,189.0,194.0,1313654,0.0,0.0
2018-10-02 00:00:00+08:00,207.0,209.5,201.0,201.0,5320750,0.0,0.0
2018-10-03 00:00:00+08:00,201.0,209.5,198.5,206.5,2942375,0.0,0.0
2018-10-04 00:00:00+08:00,209.0,224.5,208.5,213.0,5918106,0.0,0.0
2018-10-05 00:00:00+08:00,216.0,221.0,204.0,213.5,6653056,0.0,0.0
2018-10-08 00:00:00+08:00,216.0,218.0,206.0,206.0,2374169,0.0,0.0
2018-10-09 00:00:00+08:00,208.5,209.0,198.5,203.5,1970502,0.0,0.0
2018-10-11 00:00:00+08:00,188.0,191.5,183.5,183.5,2768295,0.0,0.0
2018-10-12 00:00:00+08:00,182.5,193.0,182.5,190.5,1877738,0.0,0.0
2018-10-15 00:00:00+08:00,187.0,190.5,186.0,190.0,1071090,0.0,0.0
2018-10-16 00:00:00+08:00,192.0,197.5,191.0,192.5,1439808,0.0,0.0
2018-10-17 00:00:00+08:00,195.0,198.0,191.0,191.5,927050,0.0,0.0
2018-10-18 00:00:00+08:00,192.0,197.5,191.0,191.0,1353406,0.0,0.0
2018-10-19 00:00:00+08:00,187.5,188.5,184.0,188.0,1048220,0.0,0.0
2018-10-22 00:00:00+08:00,187.5,193.5,187.5,191.0,1048011,0.0,0.0
2018-10-23 00:00:00+08:00,190.0,193.0,187.0,187.0,1033644,0.0,0.0
2018-10-24 00:00:00+08:00,190.0,196.5,187.0,194.0,2300470,0.0,0.0
2018-10-25 00:00:00+08:00,188.0,198.0,188.0,189.5,2780160,0.0,0.0
2018-10-26 00:00:00+08:00,194.0,196.5,189.0,190.5,2226811,0.0,0.0
2018-10-29 00:00:00+08:00,200.0,201.5,192.5,193.0,2822407,0.0,0.0
2018-10-30 00:00:00+08:00,193.5,196.5,191.5,196.0,1436805,0.0,0.0
2018-10-31 00:00:00+08:00,199.5,203.5,193.0,193.0,3064960,0.0,0.0
2018-11-01 00:00:00+08:00,193.0,196.5,192.0,196.0,1372482,0.0,0.0
2018-11-02 00:00:00+08:00,197.5,201.0,195.0,199.5,2669167,0.0,0.0
2018-11-05 00:00:00+08:00,187.0,187.0,180.5,181.0,4652567,0.0,0.0
2018-11-06 00:00:00+08:00,181.0,184.0,163.0,163.5,6455175,0.0,0.0
2018-11-07 00:00:00+08:00,160.5,160.5,152.0,157.5,5721319,0.0,0.0
2018-11-08 00:00:00+08:00,162.0,164.5,157.5,157.5,3961567,0.0,0.0
2018-11-09 00:00:00+08:00,159.0,161.5,157.0,158.0,1622022,0.0,0.0
2018-11-12 00:00:00+08:00,158.0,160.0,154.5,156.0,1067428,0.0,0.0
2018-11-13 00:00:00+08:00,150.0,153.0,148.0,151.0,1708623,0.0,0.0
2018-11-14 00:00:00+08:00,153.0,153.0,149.0,149.5,1241911,0.0,0.0
2018-11-15 00:00:00+08:00,150.5,150.5,139.5,140.5,3543426,0.0,0.0
2018-11-16 00:00:00+08:00,141.0,147.0,141.0,144.0,3909649,0.0,0.0
2018-11-19 00:00:00+08:00,145.0,146.0,142.0,144.5,1171670,0.0,0.0
2018-11-20 00:00:00+08:00,143.5,151.5,143.0,149.5,2445592,0.0,0.0
2018-11-21 00:00:00+08:00,151.0,152.5,147.0,147.0,1815261,0.0,0.0
2018-11-22 00:00:00+08:00,150.5,152.0,147.5,148.0,1942678,0.0,0.0
2018-11-23 00:00:00+08:00,150.0,150.0,145.0,145.0,1048149,0.0,0.0
2018-11-26 00:00:00+08:00,145.0,147.0,141.0,144.0,1199591,0.0,0.0
2018-11-27 00:00:00+08:00,144.0,146.5,143.0,144.0,1308600,0.0,0.0
2018-11-28 00:00:00+08:00,145.0,145.5,142.5,144.5,1155039,0.0,0.0
2018-11-29 00:00:00+08:00,146.0,158.5,146.0,158.5,4093787,0.0,0.0
2018-11-30 00:00:00+08:00,158.0,164.0,156.0,161.0,3955223,0.0,0.0
2018-12-03 00:00:00+08:00,166.5,170.0,164.0,166.5,2113557,0.0,0.0
2018-12-04 00:00:00+08:00,166.5,176.0,162.0,173.5,3581526,0.0,0.0
2018-12-05 00:00:00+08:00,170.0,174.0,167.0,169.0,2909637,0.0,0.0
2018-12-06 00:00:00+08:00,167.0,167.0,152.5,152.5,4899633,0.0,0.0
2018-12-07 00:00:00+08:00,152.5,155.5,148.0,151.5,2341886,0.0,0.0
2018-12-10 00:00:00+08:00,149.5,151.0,146.5,148.5,1005645,0.0,0.0
2018-12-11 00:00:00+08:00,149.5,152.0,148.0,148.0,1366299,0.0,0.0
2018-12-12 00:00:00+08:00,150.5,151.5,148.5,148.5,1641211,0.0,0.0
2018-12-13 00:00:00+08:00,149.0,159.5,149.0,156.0,3644522,0.0,0.0
2018-12-14 00:00:00+08:00,155.5,162.5,155.5,160.0,3691509,0.0,0.0
2018-12-17 00:00:00+08:00,161.0,166.0,159.5,163.5,3283121,0.0,0.0
2018-12-18 00:00:00+08:00,162.5,166.5,161.0,161.0,2203701,0.0,0.0
2018-12-19 00:00:00+08:00,163.5,164.0,158.0,160.0,1344941,0.0,0.0
2018-12-20 00:00:00+08:00,160.0,163.0,159.0,159.5,1586853,0.0,0.0
2018-12-21 00:00:00+08:00,162.0,163.5,159.0,160.5,1413362,0.0,0.0
2018-12-24 00:00:00+08:00,163.0,163.0,161.0,162.0,752191,0.0,0.0
2018-12-25 00:00:00+08:00,161.0,161.0,156.0,160.5,1164070,0.0,0.0
2018-12-26 00:00:00+08:00,161.5,164.0,158.0,158.0,974581,0.0,0.0
2018-12-27 00:00:00+08:00,163.0,163.0,160.0,161.0,985664,0.0,0.0
2018-12-28 00:00:00+08:00,162.0,170.0,161.0,165.5,3793395,0.0,0.0
2019-01-02 00:00:00+08:00,168.0,169.5,163.0,163.5,1368834,0.0,0.0
2019-01-03 00:00:00+08:00,166.0,174.5,164.0,173.0,4565094,0.0,0.0
2019-01-04 00:00:00+08:00,173.0,176.5,168.0,168.5,4230970,0.0,0.0
2019-01-07 00:00:00+08:00,173.5,173.5,169.0,169.5,1644108,0.0,0.0
2019-01-08 00:00:00+08:00,172.0,176.5,170.5,172.5,3185471,0.0,0.0
2019-01-09 00:00:00+08:00,174.0,176.0,173.0,175.0,1885297,0.0,0.0
2019-01-10 00:00:00+08:00,178.5,189.5,175.5,175.5,7372117,0.0,0.0
2019-01-11 00:00:00+08:00,173.5,177.5,171.0,172.0,2609715,0.0,0.0
2019-01-14 00:00:00+08:00,173.5,174.5,171.0,171.5,1043471,0.0,0.0
2019-01-15 00:00:00+08:00,173.0,173.0,170.0,170.0,1016230,0.0,0.0
2019-01-16 00:00:00+08:00,170.0,171.5,166.5,168.0,1538568,0.0,0.0
2019-01-17 00:00:00+08:00,168.0,173.5,167.0,170.5,1276558,0.0,0.0
2019-01-18 00:00:00+08:00,173.5,174.0,171.5,171.5,851751,0.0,0.0
2019-01-21 00:00:00+08:00,173.0,173.5,170.5,170.5,764498,0.0,0.0
2019-01-22 00:00:00+08:00,172.5,174.0,170.5,171.0,927713,0.0,0.0
2019-01-23 00:00:00+08:00,171.5,177.5,170.5,173.5,3509265,0.0,0.0
2019-01-24 00:00:00+08:00,175.0,178.5,174.0,175.0,2546722,0.0,0.0
2019-01-25 00:00:00+08:00,175.5,176.5,172.0,172.0,1436812,0.0,0.0
2019-01-28 00:00:00+08:00,173.0,174.0,171.5,172.5,869620,0.0,0.0
2019-01-29 00:00:00+08:00,172.5,173.0,168.0,168.0,1166201,0.0,0.0
2019-01-30 00:00:00+08:00,168.0,170.0,167.5,168.5,1497382,0.0,0.0
2019-02-11 00:00:00+08:00,170.5,172.0,165.0,166.5,1573410,0.0,0.0
2019-02-12 00:00:00+08:00,166.5,171.0,166.0,167.5,1791185,0.0,0.0
2019-02-13 00:00:00+08:00,168.5,169.0,166.5,166.5,934255,0.0,0.0
2019-02-14 00:00:00+08:00,167.5,173.5,166.5,172.0,2494571,0.0,0.0
2019-02-15 00:00:00+08:00,173.0,178.0,169.5,170.5,3701549,0.0,0.0
2019-02-18 00:00:00+08:00,173.0,173.5,171.5,171.5,965934,0.0,0.0
2019-02-19 00:00:00+08:00,173.0,183.0,173.0,177.5,5116448,0.0,0.0
2019-02-20 00:00:00+08:00,179.5,182.0,177.0,179.0,2109403,0.0,0.0
2019-02-21 00:00:00+08:00,182.0,183.0,179.0,180.0,2136000,0.0,0.0
2019-02-22 00:00:00+08:00,182.5,185.0,181.5,181.5,2053252,0.0,0.0
2019-02-25 00:00:00+08:00,182.0,183.0,177.0,177.0,1606511,0.0,0.0
2019-02-26 00:00:00+08:00,178.5,180.5,177.0,177.0,1230267,0.0,0.0
2019-02-27 00:00:00+08:00,179.0,181.5,175.0,181.5,1682216,0.0,0.0
2019-03-04 00:00:00+08:00,184.0,186.5,179.0,179.0,3201264,0.0,0.0
2019-03-05 00:00:00+08:00,179.0,184.0,179.0,183.0,2116024,0.0,0.0
2019-03-06 00:00:00+08:00,184.0,184.5,181.0,184.0,2054847,0.0,0.0
2019-03-07 00:00:00+08:00,184.0,188.0,181.5,181.5,2976381,0.0,0.0
2019-03-08 00:00:00+08:00,182.5,183.0,179.0,180.0,1050429,0.0,0.0
2019-03-11 00:00:00+08:00,180.0,182.5,178.0,178.0,1182530,0.0,0.0
2019-03-12 00:00:00+08:00,180.0,181.5,179.0,181.0,788434,0.0,0.0
2019-03-13 00:00:00+08:00,181.0,181.5,179.0,179.0,612767,0.0,0.0
2019-03-14 00:00:00+08:00,180.0,182.5,174.0,175.0,2509058,0.0,0.0
2019-03-15 00:00:00+08:00,175.0,177.0,173.5,174.5,1594942,0.0,0.0
2019-03-18 00:00:00+08:00,174.5,176.0,170.0,170.5,1931211,0.0,0.0
2019-03-19 00:00:00+08:00,170.5,172.5,170.0,171.0,819322,0.0,0.0
2019-03-20 00:00:00+08:00,172.0,172.0,170.5,172.0,771049,0.0,0.0
2019-03-21 00:00:00+08:00,173.0,175.0,173.0,175.0,1037912,0.0,0.0
2019-03-22 00:00:00+08:00,175.0,176.0,172.0,172.0,862624,0.0,0.0
2019-03-25 00:00:00+08:00,170.0,170.5,168.0,169.5,788953,0.0,0.0
2019-03-26 00:00:00+08:00,171.0,171.5,168.5,169.0,643461,0.0,0.0
2019-03-27 00:00:00+08:00,170.0,170.0,168.0,168.0,771952,0.0,0.0
2019-03-28 00:00:00+08:00,168.5,168.5,167.0,167.0,686152,0.0,0.0
2019-03-29 00:00:00+08:00,167.0,170.5,166.5,168.0,1273175,0.0,0.0
2019-04-01 00:00:00+08:00,168.5,169.5,167.0,168.0,754922,0.0,0.0
2019-04-02 00:00:00+08:00,169.5,171.5,168.0,171.0,1296356,0.0,0.0
2019-04-03 00:00:00+08:00,173.0,173.5,170.0,170.0,1223657,0.0,0.0
2019-04-08 00:00:00+08:00,171.0,171.5,169.0,170.0,1064310,0.0,0.0
2019-04-09 00:00:00+08:00,171.0,173.0,170.5,170.5,1048524,0.0,0.0
2019-04-10 00:00:00+08:00,172.0,172.5,171.0,172.5,693776,0.0,0.0
2019-04-11 00:00:00+08:00,173.0,174.0,170.5,170.5,726535,0.0,0.0
2019-04-12 00:00:00+08:00,172.5,172.5,169.0,169.0,721605,0.0,0.0
2019-04-15 00:00:00+08:00,169.5,170.5,167.0,168.0,861753,0.0,0.0
2019-04-16 00:00:00+08:00,168.0,168.0,166.0,167.5,834144,0.0,0.0
2019-04-17 00:00:00+08:00,167.5,169.5,167.5,168.5,648570,0.0,0.0
2019-04-18 00:00:00+08:00,168.5,170.0,163.5,164.0,1283033,0.0,0.0
2019-04-19 00:00:00+08:00,165.0,165.5,163.0,163.5,667995,0.0,0.0
2019-04-22 00:00:00+08:00,163.5,165.0,162.0,164.0,499167,0.0,0.0
2019-04-23 00:00:00+08:00,164.5,168.5,164.5,166.5,879455,0.0,0.0
2019-04-24 00:00:00+08:00,167.0,168.0,164.0,164.5,509751,0.0,0.0
2019-04-25 00:00:00+08:00,164.5,165.5,163.5,164.0,425992,0.0,0.0
2019-04-26 00:00:00+08:00,163.5,165.5,161.0,161.5,991165,0.0,0.0
2019-04-29 00:00:00+08:00,161.5,162.0,155.0,155.5,1327274,0.0,0.0
2019-04-30 00:00:00+08:00,158.0,160.0,156.0,157.0,1013178,0.0,0.0
2019-05-02 00:00:00+08:00,158.5,160.0,157.5,158.5,443831,0.0,0.0
2019-05-03 00:00:00+08:00,159.0,160.0,158.0,158.0,516377,0.0,0.0
2019-05-06 00:00:00+08:00,157.5,157.5,152.0,153.0,912565,0.0,0.0
2019-05-07 00:00:00+08:00,154.0,156.0,153.5,154.0,550068,0.0,0.0
2019-05-08 00:00:00+08:00,152.0,156.0,151.5,154.0,673352,0.0,0.0
2019-05-09 00:00:00+08:00,153.0,154.0,149.0,150.0,817041,0.0,0.0
2019-05-10 00:00:00+08:00,151.0,152.0,143.0,143.5,1691890,0.0,0.0
2019-05-13 00:00:00+08:00,143.5,143.5,136.0,136.5,2206571,0.0,0.0
2019-05-14 00:00:00+08:00,131.0,140.0,130.0,138.5,1642297,0.0,0.0
2019-05-15 00:00:00+08:00,140.0,141.5,137.5,140.0,919892,0.0,0.0
2019-05-16 00:00:00+08:00,140.0,140.0,136.5,136.5,767411,0.0,0.0
2019-05-17 00:00:00+08:00,138.5,138.5,134.0,134.0,890130,0.0,0.0
2019-05-20 00:00:00+08:00,137.0,139.5,136.0,138.0,896830,0.0,0.0
2019-05-21 00:00:00+08:00,139.5,143.5,138.0,142.5,1394855,0.0,0.0
2019-05-22 00:00:00+08:00,143.0,143.0,139.0,139.0,737279,0.0,0.0
2019-05-23 00:00:00+08:00,138.5,138.5,136.0,137.5,581172,0.0,0.0
2019-05-24 00:00:00+08:00,138.5,140.0,137.0,137.0,646106,0.0,0.0
2019-05-27 00:00:00+08:00,137.0,137.5,134.0,134.0,690235,0.0,0.0
2019-05-28 00:00:00+08:00,134.5,135.5,132.5,133.5,819697,0.0,0.0
2019-05-29 00:00:00+08:00,135.0,141.0,134.0,136.0,1753395,0.0,0.0
2019-05-30 00:00:00+08:00,136.0,137.5,135.5,136.0,555001,0.0,0.0
2019-05-31 00:00:00+08:00,136.0,139.0,136.0,139.0,916761,0.0,0.0
2019-06-03 00:00:00+08:00,139.0,139.5,137.5,139.5,625500,0.0,0.0
2019-06-04 00:00:00+08:00,141.5,142.0,138.5,138.5,1139489,0.0,0.0
2019-06-05 00:00:00+08:00,140.0,140.5,137.5,137.5,540110,0.0,0.0
2019-06-06 00:00:00+08:00,138.0,139.0,137.0,139.0,490350,0.0,0.0
2019-06-10 00:00:00+08:00,142.0,142.0,139.5,140.5,655136,0.0,0.0
2019-06-11 00:00:00+08:00,141.0,150.0,140.0,150.0,2145732,0.0,0.0
2019-06-12 00:00:00+08:00,150.5,155.0,150.5,152.5,2291798,0.0,0.0
2019-06-13 00:00:00+08:00,152.0,153.5,150.0,151.0,899989,0.0,0.0
2019-06-14 00:00:00+08:00,151.0,152.0,150.0,151.0,552701,0.0,0.0
2019-06-17 00:00:00+08:00,153.0,155.0,151.0,151.0,1104767,0.0,0.0
2019-06-18 00:00:00+08:00,152.0,152.5,148.5,151.5,594159,0.0,0.0
2019-06-19 00:00:00+08:00,153.0,155.0,151.5,152.0,1023253,0.0,0.0
2019-06-20 00:00:00+08:00,153.5,158.5,152.5,157.5,1809284,0.0,0.0
2019-06-21 00:00:00+08:00,157.5,159.5,156.0,157.0,1092251,0.0,0.0
2019-06-24 00:00:00+08:00,159.0,164.0,158.0,161.5,1718065,0.0,0.0
2019-06-25 00:00:00+08:00,161.5,165.0,159.0,159.0,1466022,0.0,0.0
2019-06-26 00:00:00+08:00,159.0,160.5,157.5,159.0,496703,0.0,0.0
2019-06-27 00:00:00+08:00,160.0,161.0,158.5,159.5,624650,0.0,0.0
2019-06-28 00:00:00+08:00,159.0,162.0,159.0,159.0,657560,0.0,0.0
2019-07-01 00:00:00+08:00,160.5,161.0,159.0,159.5,493980,0.0,0.0
2019-07-02 00:00:00+08:00,160.5,168.0,160.5,165.0,2790533,0.0,0.0
2019-07-03 00:00:00+08:00,165.5,168.0,164.0,165.0,1106000,0.0,0.0
2019-07-04 00:00:00+08:00,167.5,167.5,164.5,166.0,453000,0.0,0.0
2019-07-05 00:00:00+08:00,167.0,167.0,163.5,165.0,607000,0.0,0.0
2019-07-08 00:00:00+08:00,167.0,167.0,162.5,162.5,889000,0.0,0.0
2019-07-09 00:00:00+08:00,162.5,163.0,159.0,159.0,878000,0.0,0.0
2019-07-10 00:00:00+08:00,160.0,162.0,158.5,161.5,808000,0.0,0.0
2019-07-11 00:00:00+08:00,162.0,163.5,160.5,160.5,504650,0.0,0.0
2019-07-12 00:00:00+08:00,161.5,161.5,159.5,160.0,530530,0.0,0.0
2019-07-15 00:00:00+08:00,160.5,162.0,159.5,161.5,564418,0.0,0.0
2019-07-16 00:00:00+08:00,163.0,167.0,162.0,164.0,1748925,0.0,0.0
2019-07-17 00:00:00+08:00,165.0,168.0,163.5,167.5,2067388,0.0,0.0
2019-07-18 00:00:00+08:00,170.5,172.5,168.0,168.0,3565829,0.0,0.0
2019-07-19 00:00:00+08:00,171.5,171.5,169.0,169.5,1279991,0.0,0.0
2019-07-22 00:00:00+08:00,170.0,171.0,166.5,166.5,795173,0.0,0.0
2019-07-23 00:00:00+08:00,166.5,168.0,164.0,164.5,837721,0.0,0.0
2019-07-24 00:00:00+08:00,165.0,166.5,164.0,164.0,548800,0.0,0.0
2019-07-25 00:00:00+08:00,165.0,165.0,162.0,163.0,726977,0.0,0.0
2019-07-26 00:00:00+08:00,162.0,166.0,161.5,163.5,638400,0.0,0.0
2019-07-29 00:00:00+08:00,167.0,169.5,166.0,168.5,1105290,0.0,0.0
2019-07-30 00:00:00+08:00,169.5,171.0,164.0,165.0,1598350,0.0,0.0
2019-07-31 00:00:00+08:00,166.0,167.0,163.0,167.0,1201374,0.0,0.0
2019-08-01 00:00:00+08:00,165.0,167.5,164.5,167.5,574675,0.0,0.0
2019-08-02 00:00:00+08:00,167.5,167.5,158.5,158.5,1654192,0.0,0.0
2019-08-05 00:00:00+08:00,158.5,159.0,150.0,150.5,1883474,0.0,0.0
2019-08-06 00:00:00+08:00,142.0,149.5,142.0,148.5,1767782,0.0,0.0
2019-08-07 00:00:00+08:00,152.0,152.5,147.5,147.5,937601,0.0,0.0
2019-08-08 00:00:00+08:00,147.5,149.5,146.5,149.0,612600,0.0,0.0
2019-08-12 00:00:00+08:00,146.0,147.0,144.0,144.0,1135160,0.0,0.0
2019-08-13 00:00:00+08:00,144.0,146.5,142.0,142.0,995033,0.0,0.0
2019-08-14 00:00:00+08:00,145.0,145.5,141.0,141.0,838715,0.0,0.0
2019-08-15 00:00:00+08:00,139.0,144.0,137.5,143.5,1090521,0.0,0.0
2019-08-16 00:00:00+08:00,144.5,144.5,142.0,142.5,477631,0.0,0.0
2019-08-19 00:00:00+08:00,143.5,144.5,142.5,142.5,438484,0.0,0.0
2019-08-20 00:00:00+08:00,143.0,145.5,142.5,144.0,797907,0.0,0.0
2019-08-21 00:00:00+08:00,144.0,144.0,142.5,143.0,502643,0.0,0.0
2019-08-22 00:00:00+08:00,145.0,145.0,142.5,143.0,606027,0.0,0.0
2019-08-23 00:00:00+08:00,144.0,145.0,142.5,143.0,585508,0.0,0.0
2019-08-26 00:00:00+08:00,141.5,142.5,140.0,140.5,534030,0.0,0.0
2019-08-27 00:00:00+08:00,142.0,146.0,141.5,144.0,1212875,0.0,0.0
2019-08-28 00:00:00+08:00,146.0,146.0,144.5,145.0,383824,0.0,0.0
2019-08-29 00:00:00+08:00,145.0,145.5,143.0,143.5,399121,0.0,0.0
2019-08-30 00:00:00+08:00,145.5,146.0,144.5,146.0,631388,0.0,0.0
2019-09-02 00:00:00+08:00,148.5,152.5,148.5,149.0,1312434,0.0,0.0
2019-09-03 00:00:00+08:00,153.0,154.5,149.0,149.0,1450324,0.0,0.0
2019-09-04 00:00:00+08:00,150.5,151.0,147.5,148.0,672622,0.0,0.0
2019-09-05 00:00:00+08:00,150.5,150.5,147.0,149.0,764496,0.0,0.0
2019-09-06 00:00:00+08:00,150.5,151.0,149.0,149.0,625755,0.0,0.0
2019-09-10 00:00:00+08:00,151.0,151.0,149.5,151.0,418320,0.0,0.0
2019-09-11 00:00:00+08:00,151.5,151.5,150.0,151.5,450790,0.0,0.0
2019-09-12 00:00:00+08:00,152.5,153.0,151.0,151.5,536362,0.0,0.0
2019-09-16 00:00:00+08:00,152.0,152.0,149.5,151.0,425688,0.0,0.0
2019-09-17 00:00:00+08:00,151.0,151.5,150.0,151.0,361421,0.0,0.0
2019-09-18 00:00:00+08:00,151.0,152.5,150.0,150.5,562434,0.0,0.0
2019-09-19 00:00:00+08:00,151.0,151.5,148.5,149.5,519772,0.0,0.0
2019-09-20 00:00:00+08:00,149.5,151.0,149.0,149.5,660659,0.0,0.0
2019-09-23 00:00:00+08:00,150.0,152.0,149.5,150.0,524170,0.0,0.0
2019-09-24 00:00:00+08:00,150.5,150.5,149.0,150.0,389330,0.0,0.0
2019-09-25 00:00:00+08:00,149.5,150.0,148.5,148.5,387380,0.0,0.0
2019-09-26 00:00:00+08:00,148.5,149.0,145.0,145.0,1075222,0.0,0.0
2019-09-27 00:00:00+08:00,145.0,152.5,145.0,149.0,3414974,0.0,0.0
2019-10-01 00:00:00+08:00,148.5,149.0,146.5,147.5,949952,0.0,0.0
2019-10-02 00:00:00+08:00,147.0,147.0,145.5,145.5,631458,0.0,0.0
2019-10-03 00:00:00+08:00,146.0,152.0,146.0,148.0,2543770,0.0,0.0
2019-10-04 00:00:00+08:00,148.5,149.5,147.0,148.0,704532,0.0,0.0
2019-10-07 00:00:00+08:00,148.0,148.0,146.5,147.0,476465,0.0,0.0
2019-10-08 00:00:00+08:00,147.5,149.0,147.0,147.5,504290,0.0,0.0
2019-10-09 00:00:00+08:00,143.5,144.0,139.5,142.5,1797001,0.0,0.0
2019-10-14 00:00:00+08:00,142.0,143.0,138.5,138.5,2449407,0.0,0.0
2019-10-15 00:00:00+08:00,138.0,138.5,136.0,136.0,1518186,0.0,0.0
2019-10-16 00:00:00+08:00,136.0,136.5,134.5,134.5,1537014,0.0,0.0
2019-10-17 00:00:00+08:00,134.0,139.0,134.0,138.5,1375120,0.0,0.0
2019-10-18 00:00:00+08:00,138.5,138.5,137.0,137.0,632305,0.0,0.0
2019-10-21 00:00:00+08:00,137.0,138.5,136.0,138.0,657002,0.0,0.0
2019-10-22 00:00:00+08:00,139.0,139.0,137.5,139.0,822014,0.0,0.0
2019-10-23 00:00:00+08:00,139.0,141.0,138.0,138.0,1133368,0.0,0.0
2019-10-24 00:00:00+08:00,140.0,140.5,137.0,138.5,854303,0.0,0.0
2019-10-25 00:00:00+08:00,139.0,139.5,137.0,137.0,566178,0.0,0.0
2019-10-28 00:00:00+08:00,138.5,139.0,134.5,135.0,1651485,0.0,0.0
2019-10-29 00:00:00+08:00,136.0,136.5,133.0,133.5,941801,0.0,0.0
2019-10-30 00:00:00+08:00,134.0,134.0,131.0,133.5,1369108,0.0,0.0
2019-10-31 00:00:00+08:00,134.5,135.0,133.0,133.5,730573,0.0,0.0
2019-11-01 00:00:00+08:00,134.0,136.0,133.0,135.0,785564,0.0,0.0
2019-11-04 00:00:00+08:00,140.5,143.0,139.5,140.0,3160000,0.0,0.0
2019-11-05 00:00:00+08:00,140.5,140.5,138.0,138.5,1341000,0.0,0.0
2019-11-06 00:00:00+08:00,138.5,138.5,136.0,136.0,1090000,0.0,0.0
2019-11-07 00:00:00+08:00,136.5,138.0,135.5,135.5,1169000,0.0,0.0
2019-11-08 00:00:00+08:00,135.5,135.5,133.0,133.0,2426452,0.0,0.0
2019-11-11 00:00:00+08:00,133.0,138.0,132.5,137.5,1578000,0.0,0.0
2019-11-12 00:00:00+08:00,138.0,138.5,135.0,135.0,1226000,0.0,0.0
2019-11-13 00:00:00+08:00,135.0,135.0,133.0,133.5,1131000,0.0,0.0
2019-11-14 00:00:00+08:00,133.0,133.5,130.0,131.0,2218000,0.0,0.0
2019-11-15 00:00:00+08:00,131.0,132.5,130.5,130.5,1050264,0.0,0.0
2019-11-18 00:00:00+08:00,131.5,132.5,130.5,131.0,901000,0.0,0.0
2019-11-19 00:00:00+08:00,130.0,131.0,130.0,130.5,835000,0.0,0.0
2019-11-20 00:00:00+08:00,131.5,132.5,130.0,132.5,1021000,0.0,0.0
2019-11-21 00:00:00+08:00,132.5,134.0,131.5,132.0,1379000,0.0,0.0
2019-11-22 00:00:00+08:00,132.0,137.0,132.0,134.5,2569781,0.0,0.0
2019-11-25 00:00:00+08:00,134.5,136.0,131.0,131.0,1614000,0.0,0.0
2019-11-26 00:00:00+08:00,131.5,133.5,131.0,131.0,14868000,0.0,0.0
2019-11-27 00:00:00+08:00,132.5,135.5,132.0,133.0,2967000,0.0,0.0
2019-11-28 00:00:00+08:00,133.5,139.0,132.5,138.5,3304000,0.0,0.0
2019-11-29 00:00:00+08:00,138.0,138.0,135.0,136.5,1426301,0.0,0.0
2019-12-02 00:00:00+08:00,137.0,137.5,133.5,134.0,1096000,0.0,0.0
2019-12-03 00:00:00+08:00,133.0,135.0,132.0,132.0,1055000,0.0,0.0
2019-12-04 00:00:00+08:00,132.0,133.5,132.0,132.5,542000,0.0,0.0
2019-12-05 00:00:00+08:00,133.0,133.5,132.0,132.5,679000,0.0,0.0
2019-12-06 00:00:00+08:00,133.0,133.0,131.0,131.5,681921,0.0,0.0
2019-12-09 00:00:00+08:00,131.5,132.0,130.0,130.5,838000,0.0,0.0
2019-12-10 00:00:00+08:00,131.0,132.0,130.5,131.0,502000,0.0,0.0
2019-12-11 00:00:00+08:00,131.5,132.0,130.5,130.5,561000,0.0,0.0
2019-12-12 00:00:00+08:00,125.5,125.5,117.5,117.5,7542000,0.0,0.0
2019-12-13 00:00:00+08:00,110.0,112.0,106.0,106.0,6956554,0.0,0.0
2019-12-16 00:00:00+08:00,102.0,106.5,99.5,104.0,5186000,0.0,0.0
2019-12-17 00:00:00+08:00,104.5,105.5,102.0,102.5,2193000,0.0,0.0
2019-12-18 00:00:00+08:00,102.5,102.5,99.5999984741211,99.80000305175781,2924000,0.0,0.0
2019-12-19 00:00:00+08:00,99.80000305175781,99.9000015258789,93.30000305175781,94.5999984741211,4828000,0.0,0.0
2019-12-20 00:00:00+08:00,97.30000305175781,103.0,97.0,101.5,4353049,0.0,0.0
2019-12-23 00:00:00+08:00,100.0,100.0,98.5,98.80000305175781,1458000,0.0,0.0
2019-12-24 00:00:00+08:00,98.5999984741211,101.0,98.5999984741211,100.0,1054000,0.0,0.0
2019-12-25 00:00:00+08:00,101.0,102.0,100.0,100.5,726000,0.0,0.0
2019-12-26 00:00:00+08:00,101.0,101.5,99.0,99.19999694824219,827000,0.0,0.0
2019-12-27 00:00:00+08:00,99.80000305175781,100.0,99.0999984741211,99.0999984741211,881217,0.0,0.0
2019-12-30 00:00:00+08:00,99.9000015258789,100.0,98.19999694824219,98.30000305175781,777000,0.0,0.0
2019-12-31 00:00:00+08:00,98.4000015258789,99.19999694824219,98.4000015258789,99.0999984741211,666505,0.0,0.0
2020-01-02 00:00:00+08:00,99.69999694824219,99.80000305175781,98.30000305175781,98.9000015258789,819000,0.0,0.0
2020-01-03 00:00:00+08:00,97.0,97.69999694824219,95.80000305175781,96.30000305175781,1856120,0.0,0.0
2020-01-06 00:00:00+08:00,96.30000305175781,97.80000305175781,96.0999984741211,97.0,834000,0.0,0.0
2020-01-07 00:00:00+08:00,97.0,97.0,95.0999984741211,95.0999984741211,1094000,0.0,0.0
2020-01-08 00:00:00+08:00,94.69999694824219,95.0,92.4000015258789,92.4000015258789,1416000,0.0,0.0
2020-01-09 00:00:00+08:00,92.80000305175781,93.80000305175781,89.5999984741211,90.4000015258789,2083000,0.0,0.0
2020-01-10 00:00:00+08:00,90.5,92.0,90.19999694824219,91.9000015258789,1513000,0.0,0.0
2020-01-13 00:00:00+08:00,95.0,97.5,94.5999984741211,95.30000305175781,2378000,0.0,0.0
2020-01-14 00:00:00+08:00,95.5999984741211,96.4000015258789,93.5,94.0,1045000,0.0,0.0
2020-01-15 00:00:00+08:00,94.80000305175781,95.5,94.5,94.5,765000,0.0,0.0
2020-01-16 00:00:00+08:00,95.0,95.5,94.69999694824219,95.0,437000,0.0,0.0
2020-01-17 00:00:00+08:00,95.5,95.5999984741211,93.0,93.19999694824219,815150,0.0,0.0
2020-01-20 00:00:00+08:00,93.4000015258789,94.30000305175781,93.30000305175781,94.0,588404,0.0,0.0
2020-01-30 00:00:00+08:00,98.9000015258789,99.0,91.0999984741211,91.0999984741211,2582000,0.0,0.0
2020-01-31 00:00:00+08:00,92.80000305175781,93.5999984741211,89.0,92.5,1543158,0.0,0.0
2020-02-03 00:00:00+08:00,92.0,101.5,88.69999694824219,101.5,4436000,0.0,0.0
2020-02-04 00:00:00+08:00,106.5,106.5,98.9000015258789,102.0,4941000,0.0,0.0
2020-02-05 00:00:00+08:00,102.5,102.5,98.9000015258789,98.9000015258789,1769000,0.0,0.0
2020-02-06 00:00:00+08:00,99.9000015258789,100.5,99.0,99.0,1027000,0.0,0.0
2020-02-07 00:00:00+08:00,99.0,99.0,99.0,99.0,0,0.0,0.0
2020-02-10 00:00:00+08:00,95.0999984741211,95.19999694824219,93.69999694824219,93.9000015258789,790448,0.0,0.0
2020-02-11 00:00:00+08:00,94.4000015258789,94.9000015258789,93.9000015258789,94.5,547000,0.0,0.0
2020-02-12 00:00:00+08:00,94.80000305175781,97.69999694824219,94.5,96.5,928000,0.0,0.0
2020-02-13 00:00:00+08:00,96.4000015258789,97.19999694824219,94.9000015258789,94.9000015258789,749000,0.0,0.0
2020-02-14 00:00:00+08:00,95.5,96.0,94.9000015258789,95.0999984741211,482196,0.0,0.0
2020-02-17 00:00:00+08:00,95.4000015258789,95.5999984741211,93.0999984741211,93.5,678000,0.0,0.0
2020-02-18 00:00:00+08:00,93.5999984741211,94.9000015258789,93.0999984741211,94.4000015258789,507000,0.0,0.0
2020-02-19 00:00:00+08:00,95.0999984741211,96.5,94.5999984741211,96.19999694824219,1084000,0.0,0.0
2020-02-20 00:00:00+08:00,97.0,97.0,95.0999984741211,95.5999984741211,518000,0.0,0.0
2020-02-21 00:00:00+08:00,95.30000305175781,96.0,94.5999984741211,94.69999694824219,521742,0.0,0.0
2020-02-24 00:00:00+08:00,94.30000305175781,94.30000305175781,93.0999984741211,93.4000015258789,673000,0.0,0.0
2020-02-25 00:00:00+08:00,91.0,91.80000305175781,90.69999694824219,91.30000305175781,1278000,0.0,0.0
2020-02-26 00:00:00+08:00,90.5999984741211,91.0999984741211,90.5,90.5,795000,0.0,0.0
2020-02-27 00:00:00+08:00,90.5,91.0,88.5999984741211,89.0,1315000,0.0,0.0
2020-03-02 00:00:00+08:00,87.0,88.5,85.5999984741211,86.30000305175781,1378000,0.0,0.0
2020-03-03 00:00:00+08:00,88.0,88.19999694824219,87.5,87.80000305175781,701000,0.0,0.0
2020-03-04 00:00:00+08:00,88.0,88.5,87.19999694824219,87.69999694824219,720000,0.0,0.0
2020-03-05 00:00:00+08:00,88.9000015258789,91.69999694824219,88.9000015258789,91.0999984741211,1200000,0.0,0.0
2020-03-06 00:00:00+08:00,90.19999694824219,90.5,89.5,89.9000015258789,592000,0.0,0.0
2020-03-09 00:00:00+08:00,89.9000015258789,90.0,86.4000015258789,86.4000015258789,1080000,0.0,0.0
2020-03-10 00:00:00+08:00,82.5,83.9000015258789,81.5,82.5,1812000,0.0,0.0
2020-03-11 00:00:00+08:00,82.80000305175781,83.4000015258789,80.19999694824219,80.19999694824219,1248000,0.0,0.0
2020-03-12 00:00:00+08:00,83.19999694824219,83.9000015258789,75.0,75.0,2445000,0.0,0.0
2020-03-13 00:00:00+08:00,67.5,69.80000305175781,67.5,68.0999984741211,2106000,0.0,0.0
2020-03-16 00:00:00+08:00,70.9000015258789,73.5,67.5,67.80000305175781,2052000,0.0,0.0
2020-03-17 00:00:00+08:00,65.0,66.5999984741211,61.20000076293945,61.29999923706055,1659000,0.0,0.0
2020-03-18 00:00:00+08:00,63.29999923706055,63.29999923706055,58.20000076293945,58.20000076293945,1636000,0.0,0.0
2020-03-19 00:00:00+08:00,56.5,56.5,52.400001525878906,52.400001525878906,2397000,0.0,0.0
2020-03-20 00:00:00+08:00,54.400001525878906,57.599998474121094,54.0,57.099998474121094,1817000,0.0,0.0
2020-03-23 00:00:00+08:00,54.0,56.29999923706055,53.20000076293945,55.0,869000,0.0,0.0
2020-03-24 00:00:00+08:00,56.900001525878906,60.5,56.599998474121094,59.79999923706055,1146000,0.0,0.0
2020-03-25 00:00:00+08:00,62.400001525878906,65.0,62.0,64.0,1298000,0.0,0.0
2020-03-26 00:00:00+08:00,64.0999984741211,64.0999984741211,61.79999923706055,62.900001525878906,1054000,0.0,0.0
2020-03-27 00:00:00+08:00,64.19999694824219,65.30000305175781,62.400001525878906,63.0,1039000,0.0,0.0
2020-03-30 00:00:00+08:00,61.79999923706055,65.0999984741211,60.0,64.5,789000,0.0,0.0
2020-03-31 00:00:00+08:00,66.5999984741211,68.5,66.0,67.5999984741211,1228000,0.0,0.0
2020-04-01 00:00:00+08:00,67.5999984741211,72.19999694824219,66.80000305175781,71.19999694824219,1621000,0.0,0.0
2020-04-06 00:00:00+08:00,78.0,78.30000305175781,74.5,78.30000305175781,2558000,0.0,0.0
2020-04-07 00:00:00+08:00,80.5999984741211,84.19999694824219,80.4000015258789,82.0,3109000,0.0,0.0
2020-04-08 00:00:00+08:00,82.69999694824219,83.9000015258789,80.80000305175781,82.0999984741211,1447000,0.0,0.0
2020-04-09 00:00:00+08:00,82.5,82.9000015258789,80.5,80.69999694824219,1056000,0.0,0.0
2020-04-10 00:00:00+08:00,81.4000015258789,81.9000015258789,79.80000305175781,81.0,704000,0.0,0.0
2020-04-13 00:00:00+08:00,82.0,89.0999984741211,81.5,89.0999984741211,3197000,0.0,0.0
2020-04-14 00:00:00+08:00,90.5,95.0,89.0,92.19999694824219,3447000,0.0,0.0
2020-04-15 00:00:00+08:00,94.0,94.30000305175781,90.0,90.30000305175781,2096000,0.0,0.0
2020-04-16 00:00:00+08:00,89.19999694824219,94.0,89.0999984741211,92.0,1493000,0.0,0.0
2020-04-17 00:00:00+08:00,93.30000305175781,93.30000305175781,90.5,91.0999984741211,1579000,0.0,0.0
2020-04-20 00:00:00+08:00,91.19999694824219,94.69999694824219,91.19999694824219,91.5,1614000,0.0,0.0
2020-04-21 00:00:00+08:00,92.0999984741211,93.0,86.5,86.80000305175781,1869000,0.0,0.0
2020-04-22 00:00:00+08:00,86.5,92.5,85.0,92.0,2355000,0.0,0.0
2020-04-23 00:00:00+08:00,93.69999694824219,94.19999694824219,92.0,92.5,243000,0.0,0.0
2020-04-24 00:00:00+08:00,93.30000305175781,93.9000015258789,91.69999694824219,92.5,1209000,0.0,0.0
2020-04-27 00:00:00+08:00,93.5999984741211,94.4000015258789,92.5999984741211,94.4000015258789,1083000,0.0,0.0
2020-04-28 00:00:00+08:00,95.19999694824219,96.80000305175781,93.19999694824219,95.19999694824219,1855000,0.0,0.0
2020-04-29 00:00:00+08:00,96.0,98.30000305175781,95.4000015258789,97.5,1603000,0.0,0.0
2020-04-30 00:00:00+08:00,98.69999694824219,98.9000015258789,96.80000305175781,96.9000015258789,1489000,0.0,0.0
2020-05-04 00:00:00+08:00,94.5,95.69999694824219,93.5,94.19999694824219,1003000,0.0,0.0
2020-05-05 00:00:00+08:00,94.19999694824219,94.80000305175781,91.69999694824219,92.5,1653000,0.0,0.0
2020-05-06 00:00:00+08:00,92.5,95.0,91.69999694824219,93.0,1271000,0.0,0.0
2020-05-07 00:00:00+08:00,94.4000015258789,98.80000305175781,94.0999984741211,97.9000015258789,2890000,0.0,0.0
2020-05-08 00:00:00+08:00,97.30000305175781,98.19999694824219,94.0,94.0999984741211,2197000,0.0,0.0
2020-05-11 00:00:00+08:00,94.30000305175781,95.19999694824219,92.0999984741211,93.0999984741211,911000,0.0,0.0
2020-05-12 00:00:00+08:00,93.19999694824219,94.5999984741211,92.4000015258789,92.5999984741211,695000,0.0,0.0
2020-05-13 00:00:00+08:00,92.5,93.9000015258789,92.0,93.5,523000,0.0,0.0
2020-05-14 00:00:00+08:00,93.0,94.4000015258789,91.0999984741211,91.0999984741211,801000,0.0,0.0
2020-05-15 00:00:00+08:00,92.0,92.80000305175781,88.9000015258789,89.0,1079000,0.0,0.0
2020-05-18 00:00:00+08:00,89.0,90.9000015258789,88.4000015258789,89.5999984741211,705000,0.0,0.0
2020-05-19 00:00:00+08:00,91.19999694824219,92.0,90.30000305175781,91.5999984741211,829000,0.0,0.0
2020-05-20 00:00:00+08:00,92.0,92.19999694824219,90.0,90.0,759000,0.0,0.0
2020-05-21 00:00:00+08:00,90.9000015258789,95.0,90.9000015258789,93.30000305175781,1435000,0.0,0.0
2020-05-22 00:00:00+08:00,94.9000015258789,95.80000305175781,92.5,93.69999694824219,1745000,0.0,0.0
2020-05-25 00:00:00+08:00,95.19999694824219,98.19999694824219,94.5999984741211,97.80000305175781,2506000,0.0,0.0
2020-05-26 00:00:00+08:00,99.19999694824219,101.5,96.5,96.5999984741211,2371000,0.0,0.0
2020-05-27 00:00:00+08:00,97.30000305175781,98.0,94.5,95.69999694824219,1683000,0.0,0.0
2020-05-28 00:00:00+08:00,96.0,96.30000305175781,93.0,93.5,1248000,0.0,0.0
2020-05-29 00:00:00+08:00,93.5999984741211,95.0999984741211,93.19999694824219,94.5,573000,0.0,0.0
2020-06-01 00:00:00+08:00,94.0,94.5999984741211,93.30000305175781,93.9000015258789,693000,0.0,0.0
2020-06-02 00:00:00+08:00,93.0999984741211,93.4000015258789,90.5,90.5999984741211,1929000,0.0,0.0
2020-06-03 00:00:00+08:00,91.5,92.30000305175781,90.80000305175781,91.30000305175781,780000,0.0,0.0
2020-06-04 00:00:00+08:00,92.19999694824219,92.5,90.5999984741211,91.5,755000,0.0,0.0
2020-06-05 00:00:00+08:00,90.69999694824219,92.0999984741211,90.5999984741211,91.4000015258789,1018000,0.0,0.0
2020-06-08 00:00:00+08:00,91.9000015258789,92.9000015258789,91.4000015258789,92.0,784000,0.0,0.0
2020-06-09 00:00:00+08:00,93.80000305175781,95.0,93.0999984741211,94.0,1412000,0.0,0.0
2020-06-10 00:00:00+08:00,94.4000015258789,94.80000305175781,93.19999694824219,93.80000305175781,680000,0.0,0.0
2020-06-11 00:00:00+08:00,94.80000305175781,94.80000305175781,90.0,90.30000305175781,1090000,0.0,0.0
2020-06-12 00:00:00+08:00,86.0999984741211,88.80000305175781,86.0999984741211,88.80000305175781,1246000,0.0,0.0
2020-06-15 00:00:00+08:00,88.9000015258789,91.30000305175781,88.80000305175781,90.0,745000,0.0,0.0
2020-06-16 00:00:00+08:00,92.80000305175781,92.80000305175781,91.0999984741211,91.5,658000,0.0,0.0
2020-06-17 00:00:00+08:00,91.69999694824219,94.4000015258789,91.69999694824219,93.69999694824219,1413000,0.0,0.0
2020-06-18 00:00:00+08:00,95.0,95.30000305175781,93.9000015258789,94.0999984741211,1054000,0.0,0.0
2020-06-19 00:00:00+08:00,94.80000305175781,94.80000305175781,91.9000015258789,91.9000015258789,911000,0.0,0.0
2020-06-22 00:00:00+08:00,92.5,95.69999694824219,92.0999984741211,94.69999694824219,1509000,0.0,0.0
2020-06-23 00:00:00+08:00,95.69999694824219,95.80000305175781,92.5,93.5,1019000,0.0,0.0
2020-06-24 00:00:00+08:00,94.0,94.0,91.5999984741211,92.0,919000,0.0,0.0
2020-06-29 00:00:00+08:00,91.0,92.5999984741211,90.5,90.5999984741211,937000,0.0,0.0
2020-06-30 00:00:00+08:00,91.0999984741211,91.5,89.80000305175781,89.80000305175781,996000,0.0,0.0
2020-07-01 00:00:00+08:00,90.5,90.5,89.19999694824219,89.9000015258789,783000,0.0,0.0
2020-07-02 00:00:00+08:00,91.0,92.5999984741211,90.19999694824219,90.30000305175781,1498000,0.0,0.0
2020-07-03 00:00:00+08:00,90.80000305175781,90.80000305175781,88.80000305175781,88.9000015258789,1344000,0.0,0.0
2020-07-06 00:00:00+08:00,88.9000015258789,89.5,88.5,89.0999984741211,943000,0.0,0.0
2020-07-07 00:00:00+08:00,91.80000305175781,91.80000305175781,89.0999984741211,89.5,980000,0.0,0.0
2020-07-08 00:00:00+08:00,91.0,95.0,90.0,95.0,3665000,0.0,0.0
2020-07-09 00:00:00+08:00,96.0,104.5,96.0,104.5,5816000,0.0,0.0
2020-07-10 00:00:00+08:00,105.0,105.0,95.5999984741211,96.5,5380000,0.0,0.0
2020-07-13 00:00:00+08:00,97.0999984741211,97.5,92.69999694824219,93.5999984741211,2472000,0.0,0.0
2020-07-14 00:00:00+08:00,92.0,94.0999984741211,91.30000305175781,91.4000015258789,1391000,0.0,0.0
2020-07-15 00:00:00+08:00,92.0999984741211,92.5,90.5999984741211,90.80000305175781,895000,0.0,0.0
2020-07-16 00:00:00+08:00,91.0,92.0,90.69999694824219,90.9000015258789,527000,0.0,0.0
2020-07-17 00:00:00+08:00,91.9000015258789,91.9000015258789,88.5999984741211,88.80000305175781,1722000,0.0,0.0
2020-07-20 00:00:00+08:00,89.0,89.69999694824219,86.0999984741211,88.69999694824219,906000,0.0,0.0
2020-07-21 00:00:00+08:00,89.5,90.4000015258789,89.0999984741211,89.30000305175781,639000,0.0,0.0
2020-07-22 00:00:00+08:00,89.5999984741211,90.5,89.0,89.9000015258789,451000,0.0,0.0
2020-07-23 00:00:00+08:00,89.9000015258789,90.5,88.30000305175781,88.69999694824219,646000,0.0,0.0
2020-07-24 00:00:00+08:00,88.69999694824219,88.69999694824219,86.69999694824219,86.69999694824219,942000,0.0,0.0
2020-07-27 00:00:00+08:00,87.5999984741211,89.5,86.4000015258789,86.5999984741211,746000,0.0,0.0
2020-07-28 00:00:00+08:00,86.5999984741211,87.9000015258789,86.0999984741211,86.4000015258789,581000,0.0,0.0
2020-07-29 00:00:00+08:00,86.30000305175781,88.0999984741211,86.30000305175781,88.0999984741211,478000,0.0,0.0
2020-07-30 00:00:00+08:00,88.4000015258789,89.0999984741211,87.69999694824219,87.80000305175781,372000,0.0,0.0
2020-07-31 00:00:00+08:00,88.5999984741211,88.5999984741211,87.0999984741211,87.0999984741211,346000,0.0,0.0
2020-08-03 00:00:00+08:00,87.0999984741211,87.5999984741211,86.4000015258789,86.5999984741211,376000,0.0,0.0
2020-08-04 00:00:00+08:00,87.69999694824219,88.19999694824219,86.80000305175781,86.9000015258789,570000,0.0,0.0
2020-08-05 00:00:00+08:00,87.0,88.69999694824219,87.0,88.0,505000,0.0,0.0
2020-08-06 00:00:00+08:00,88.5999984741211,88.5999984741211,87.30000305175781,88.0,398000,0.0,0.0
2020-08-07 00:00:00+08:00,88.0,88.69999694824219,87.30000305175781,87.30000305175781,411000,0.0,0.0
2020-08-10 00:00:00+08:00,87.4000015258789,87.80000305175781,86.9000015258789,86.9000015258789,332000,0.0,0.0
2020-08-11 00:00:00+08:00,87.4000015258789,87.80000305175781,86.80000305175781,86.80000305175781,460000,0.0,0.0
2020-08-12 00:00:00+08:00,86.9000015258789,87.5,86.80000305175781,87.0,286000,0.0,0.0
2020-08-13 00:00:00+08:00,87.5999984741211,87.80000305175781,86.9000015258789,87.0,452000,0.0,0.0
2020-08-14 00:00:00+08:00,88.5,89.5999984741211,88.0,89.5999984741211,982000,0.0,0.0
2020-08-17 00:00:00+08:00,91.5,97.5,91.5,97.0,3973000,0.0,0.0
2020-08-18 00:00:00+08:00,97.5,98.5,94.0,97.69999694824219,2841000,0.0,0.0
2020-08-19 00:00:00+08:00,99.0,102.0,99.0,99.80000305175781,3297000,0.0,0.0
2020-08-20 00:00:00+08:00,101.5,101.5,90.9000015258789,93.5999984741211,2620000,0.0,0.0
2020-08-21 00:00:00+08:00,95.0,99.5999984741211,94.5999984741211,98.9000015258789,2005000,0.0,0.0
2020-08-24 00:00:00+08:00,101.0,104.5,99.5,102.0,3445000,0.0,0.0
2020-08-25 00:00:00+08:00,102.0,106.0,101.0,101.5,2347000,0.0,0.0
2020-08-26 00:00:00+08:00,107.5,111.5,105.5,111.5,7157000,0.0,0.0
2020-08-27 00:00:00+08:00,122.5,122.5,122.5,122.5,3279000,0.0,0.0
2020-08-28 00:00:00+08:00,122.5,128.5,115.0,123.0,10109000,0.0,0.0
2020-08-31 00:00:00+08:00,120.0,121.5,114.0,115.0,4133000,0.0,0.0
2020-09-01 00:00:00+08:00,117.0,117.0,108.0,110.0,3744000,0.0,0.0
2020-09-02 00:00:00+08:00,109.0,111.0,106.0,106.5,2411000,0.0,0.0
2020-09-03 00:00:00+08:00,109.0,114.5,104.5,112.5,3705000,0.0,0.0
2020-09-04 00:00:00+08:00,107.0,109.5,106.0,108.0,1792000,0.0,0.0
2020-09-07 00:00:00+08:00,109.0,109.0,103.5,103.5,1624000,0.0,0.0
2020-09-08 00:00:00+08:00,103.5,107.0,103.0,107.0,1255000,0.0,0.0
2020-09-09 00:00:00+08:00,105.0,106.5,104.0,105.0,859000,0.0,0.0
2020-09-10 00:00:00+08:00,106.0,107.0,103.5,103.5,740000,0.0,0.0
2020-09-11 00:00:00+08:00,107.0,110.5,105.5,106.5,2290000,0.0,0.0
2020-09-14 00:00:00+08:00,107.0,107.0,104.5,104.5,1001000,0.0,0.0
2020-09-15 00:00:00+08:00,105.0,107.5,105.0,105.5,826000,0.0,0.0
2020-09-16 00:00:00+08:00,106.0,108.0,105.5,106.5,842000,0.0,0.0
2020-09-17 00:00:00+08:00,105.5,107.0,104.0,104.5,829000,0.0,0.0
2020-09-18 00:00:00+08:00,105.0,106.5,104.0,106.5,598000,0.0,0.0
2020-09-21 00:00:00+08:00,108.0,108.0,104.0,104.5,804000,0.0,0.0
2020-09-22 00:00:00+08:00,104.0,104.0,100.0,101.0,1413000,0.0,0.0
2020-09-23 00:00:00+08:00,101.5,102.0,99.0,99.0999984741211,1027000,0.0,0.0
2020-09-24 00:00:00+08:00,98.4000015258789,98.4000015258789,95.0,95.0,1475000,0.0,0.0
2020-09-25 00:00:00+08:00,95.9000015258789,96.5,89.80000305175781,91.0,1544000,0.0,0.0
2020-09-28 00:00:00+08:00,91.0999984741211,92.30000305175781,91.0999984741211,91.0999984741211,712000,0.0,0.0
2020-09-29 00:00:00+08:00,92.30000305175781,94.5,92.0,92.0,954000,0.0,0.0
2020-09-30 00:00:00+08:00,92.80000305175781,92.80000305175781,91.30000305175781,92.0,425000,0.0,0.0
2020-10-05 00:00:00+08:00,93.69999694824219,94.19999694824219,92.4000015258789,93.30000305175781,554000,0.0,0.0
2020-10-06 00:00:00+08:00,93.30000305175781,94.30000305175781,93.19999694824219,93.69999694824219,397000,0.0,0.0
2020-10-07 00:00:00+08:00,91.0,91.0999984741211,89.19999694824219,90.19999694824219,1605000,0.0,0.0
2020-10-08 00:00:00+08:00,90.5,91.0,89.69999694824219,90.0999984741211,605000,0.0,0.0
2020-10-12 00:00:00+08:00,89.5999984741211,90.0999984741211,88.4000015258789,88.5,760000,0.0,0.0
2020-10-13 00:00:00+08:00,87.9000015258789,89.80000305175781,87.5,89.30000305175781,627000,0.0,0.0
2020-10-14 00:00:00+08:00,89.5,90.5,89.0,89.69999694824219,492000,0.0,0.0
2020-10-15 00:00:00+08:00,90.0999984741211,90.19999694824219,88.4000015258789,88.4000015258789,424000,0.0,0.0
2020-10-16 00:00:00+08:00,88.5,89.4000015258789,88.4000015258789,88.5,292000,0.0,0.0
2020-10-19 00:00:00+08:00,88.5,89.4000015258789,88.5,88.69999694824219,231000,0.0,0.0
2020-10-20 00:00:00+08:00,88.69999694824219,88.9000015258789,88.30000305175781,88.5,258000,0.0,0.0
2020-10-21 00:00:00+08:00,88.0999984741211,88.5999984741211,88.0999984741211,88.5,266000,0.0,0.0
2020-10-22 00:00:00+08:00,88.19999694824219,88.5,87.5,87.5,525000,0.0,0.0
2020-10-23 00:00:00+08:00,87.5999984741211,88.0,87.0999984741211,87.5,209000,0.0,0.0
2020-10-26 00:00:00+08:00,87.5,87.69999694824219,87.0999984741211,87.19999694824219,522000,0.0,0.0
2020-10-27 00:00:00+08:00,86.5999984741211,87.19999694824219,86.5999984741211,86.80000305175781,997000,0.0,0.0
2020-10-28 00:00:00+08:00,87.0,88.0,86.80000305175781,86.80000305175781,477000,0.0,0.0
2020-10-29 00:00:00+08:00,86.5,86.5,85.30000305175781,86.19999694824219,435000,0.0,0.0
2020-10-30 00:00:00+08:00,88.30000305175781,90.5,88.0,89.0,2420000,0.0,0.0
2020-11-02 00:00:00+08:00,89.0,89.0,87.5,88.0,1711000,0.0,0.0
2020-11-03 00:00:00+08:00,88.5,88.80000305175781,87.80000305175781,88.0999984741211,280000,0.0,0.0
2020-11-04 00:00:00+08:00,88.0999984741211,88.5,87.5,87.5999984741211,652000,0.0,0.0
2020-11-05 00:00:00+08:00,88.19999694824219,88.19999694824219,86.9000015258789,87.0999984741211,1420000,0.0,0.0
2020-11-06 00:00:00+08:00,87.4000015258789,87.5,86.0999984741211,86.5,962000,0.0,0.0
2020-11-09 00:00:00+08:00,87.0,87.5,86.69999694824219,87.0,229000,0.0,0.0
2020-11-10 00:00:00+08:00,88.5,88.69999694824219,87.19999694824219,87.5,422000,0.0,0.0
2020-11-11 00:00:00+08:00,88.30000305175781,88.30000305175781,87.0,87.0999984741211,261000,0.0,0.0
2020-11-12 00:00:00+08:00,87.5,87.5,86.69999694824219,86.69999694824219,231000,0.0,0.0
2020-11-13 00:00:00+08:00,86.69999694824219,87.5,86.5,87.4000015258789,210000,0.0,0.0
2020-11-16 00:00:00+08:00,87.4000015258789,87.9000015258789,86.5,86.69999694824219,364000,0.0,0.0
2020-11-17 00:00:00+08:00,86.5999984741211,87.30000305175781,86.5,86.5999984741211,256000,0.0,0.0
2020-11-18 00:00:00+08:00,87.19999694824219,89.0,86.9000015258789,89.0,775000,0.0,0.0
2020-11-19 00:00:00+08:00,88.5999984741211,88.9000015258789,87.9000015258789,88.0999984741211,326000,0.0,0.0
2020-11-20 00:00:00+08:00,88.0999984741211,88.80000305175781,88.0999984741211,88.80000305175781,268000,0.0,0.0
2020-11-23 00:00:00+08:00,88.80000305175781,88.80000305175781,88.0,88.0999984741211,259000,0.0,0.0
2020-11-24 00:00:00+08:00,88.5,88.5,86.5999984741211,86.69999694824219,515000,0.0,0.0
2020-11-25 00:00:00+08:00,86.69999694824219,87.9000015258789,86.5999984741211,87.0,289000,0.0,0.0
2020-11-26 00:00:00+08:00,87.0999984741211,87.0999984741211,86.5,86.80000305175781,286000,0.0,0.0
2020-11-27 00:00:00+08:00,87.0,87.0,86.4000015258789,86.5999984741211,292000,0.0,0.0
2020-11-30 00:00:00+08:00,86.5999984741211,87.19999694824219,86.30000305175781,86.5,407000,0.0,0.0
2020-12-01 00:00:00+08:00,86.80000305175781,87.5999984741211,86.5,86.9000015258789,349000,0.0,0.0
2020-12-02 00:00:00+08:00,86.9000015258789,87.5999984741211,86.4000015258789,86.5,398000,0.0,0.0
2020-12-03 00:00:00+08:00,86.69999694824219,87.0,86.5,86.5,283000,0.0,0.0
2020-12-04 00:00:00+08:00,87.0,87.0,85.5,85.9000015258789,618000,0.0,0.0
2020-12-07 00:00:00+08:00,86.0,86.19999694824219,81.5,82.19999694824219,1844000,0.0,0.0
2020-12-08 00:00:00+08:00,82.0999984741211,82.0999984741211,78.5999984741211,79.4000015258789,1671000,0.0,0.0
2020-12-09 00:00:00+08:00,80.0,82.4000015258789,80.0,82.30000305175781,1069000,0.0,0.0
2020-12-10 00:00:00+08:00,84.69999694824219,89.80000305175781,84.30000305175781,88.19999694824219,2722000,0.0,0.0
2020-12-11 00:00:00+08:00,87.0,87.19999694824219,83.9000015258789,84.69999694824219,1336000,0.0,0.0
2020-12-14 00:00:00+08:00,84.19999694824219,85.4000015258789,83.69999694824219,85.0,344000,0.0,0.0
2020-12-15 00:00:00+08:00,85.0,85.0999984741211,83.4000015258789,83.4000015258789,454000,0.0,0.0
2020-12-16 00:00:00+08:00,83.4000015258789,84.80000305175781,83.4000015258789,83.5999984741211,316000,0.0,0.0
2020-12-17 00:00:00+08:00,83.5999984741211,83.5999984741211,82.80000305175781,83.0,288000,0.0,0.0
2020-12-18 00:00:00+08:00,83.0,87.4000015258789,82.0999984741211,86.5,1127000,0.0,0.0
2020-12-21 00:00:00+08:00,85.9000015258789,86.5,84.5999984741211,85.0999984741211,601000,0.0,0.0
2020-12-22 00:00:00+08:00,85.0999984741211,85.5999984741211,84.5999984741211,84.5999984741211,416000,0.0,0.0
2020-12-23 00:00:00+08:00,85.5,88.5,85.4000015258789,86.30000305175781,1070000,0.0,0.0
2020-12-24 00:00:00+08:00,85.9000015258789,87.0,85.69999694824219,86.0,407000,0.0,0.0
2020-12-25 00:00:00+08:00,86.0,86.69999694824219,85.30000305175781,85.30000305175781,308000,0.0,0.0
2020-12-28 00:00:00+08:00,86.0,86.69999694824219,85.0,85.0,325000,0.0,0.0
2020-12-29 00:00:00+08:00,85.19999694824219,85.19999694824219,84.0,84.0,462000,0.0,0.0
2020-12-30 00:00:00+08:00,84.0999984741211,85.0,84.0,84.0999984741211,267000,0.0,0.0
2020-12-31 00:00:00+08:00,84.5,85.19999694824219,84.0999984741211,84.0999984741211,268000,0.0,0.0
2021-01-04 00:00:00+08:00,84.0999984741211,84.9000015258789,84.0,84.5,338000,0.0,0.0
2021-01-05 00:00:00+08:00,84.5,85.0999984741211,84.0999984741211,84.0999984741211,350000,0.0,0.0
2021-01-06 00:00:00+08:00,84.30000305175781,84.5,81.69999694824219,81.69999694824219,669000,0.0,0.0
2021-01-07 00:00:00+08:00,82.0,83.0,81.5999984741211,81.80000305175781,379000,0.0,0.0
2021-01-08 00:00:00+08:00,82.5999984741211,83.5999984741211,81.9000015258789,82.0999984741211,580000,0.0,0.0
2021-01-11 00:00:00+08:00,82.5,82.9000015258789,81.5999984741211,81.5999984741211,436000,0.0,0.0
2021-01-12 00:00:00+08:00,82.0,82.19999694824219,80.5999984741211,80.69999694824219,442000,0.0,0.0
2021-01-13 00:00:00+08:00,80.69999694824219,81.5,79.9000015258789,80.80000305175781,539000,0.0,0.0
2021-01-14 00:00:00+08:00,80.80000305175781,80.80000305175781,79.5999984741211,80.0,573000,0.0,0.0
2021-01-15 00:00:00+08:00,79.5999984741211,80.19999694824219,78.5999984741211,78.5999984741211,672000,0.0,0.0
2021-01-18 00:00:00+08:00,79.30000305175781,79.30000305175781,78.0,78.5,513000,0.0,0.0
2021-01-19 00:00:00+08:00,78.19999694824219,78.80000305175781,78.0,78.0,360000,0.0,0.0
2021-01-20 00:00:00+08:00,78.0,78.0,75.0,75.0999984741211,772000,0.0,0.0
2021-01-21 00:00:00+08:00,75.19999694824219,77.5999984741211,75.0,75.19999694824219,480000,0.0,0.0
2021-01-22 00:00:00+08:00,75.19999694824219,75.19999694824219,73.30000305175781,73.5999984741211,1033000,0.0,0.0
2021-01-25 00:00:00+08:00,72.5999984741211,73.5,72.5,73.0,683000,0.0,0.0
2021-01-26 00:00:00+08:00,74.0,74.5,72.80000305175781,73.30000305175781,713000,0.0,0.0
2021-01-27 00:00:00+08:00,73.5999984741211,73.5999984741211,72.0,72.19999694824219,539000,0.0,0.0
2021-01-28 00:00:00+08:00,72.0,72.0,70.19999694824219,70.30000305175781,998000,0.0,0.0
2021-01-29 00:00:00+08:00,70.30000305175781,71.0,69.9000015258789,69.9000015258789,469000,0.0,0.0
2021-02-01 00:00:00+08:00,69.0999984741211,70.19999694824219,68.80000305175781,69.69999694824219,332000,0.0,0.0
2021-02-02 00:00:00+08:00,69.69999694824219,70.5,69.5,69.69999694824219,266000,0.0,0.0
2021-02-03 00:00:00+08:00,70.30000305175781,70.30000305175781,69.80000305175781,70.19999694824219,336000,0.0,0.0
2021-02-04 00:00:00+08:00,70.69999694824219,72.80000305175781,70.5999984741211,72.30000305175781,556000,0.0,0.0
2021-02-05 00:00:00+08:00,72.80000305175781,73.0999984741211,71.5,72.0,444000,0.0,0.0
2021-02-17 00:00:00+08:00,73.0,73.69999694824219,71.80000305175781,72.4000015258789,460000,0.0,0.0
2021-02-18 00:00:00+08:00,72.4000015258789,73.9000015258789,72.4000015258789,73.0,450000,0.0,0.0
2021-02-19 00:00:00+08:00,73.0,76.4000015258789,73.0,76.30000305175781,893000,0.0,0.0
2021-02-22 00:00:00+08:00,77.0,83.80000305175781,77.0,83.0,2320000,0.0,0.0
2021-02-23 00:00:00+08:00,82.4000015258789,82.5,78.0,78.5,1440000,0.0,0.0
2021-02-24 00:00:00+08:00,78.69999694824219,79.0,77.0999984741211,77.5999984741211,660000,0.0,0.0
2021-02-25 00:00:00+08:00,78.9000015258789,78.9000015258789,77.5999984741211,78.30000305175781,358000,0.0,0.0
2021-02-26 00:00:00+08:00,78.0,80.5999984741211,77.69999694824219,80.5999984741211,1009000,0.0,0.0
2021-03-02 00:00:00+08:00,81.5,84.19999694824219,81.5,81.80000305175781,1765000,0.0,0.0
2021-03-03 00:00:00+08:00,82.0,83.0,79.80000305175781,80.5999984741211,714000,0.0,0.0
2021-03-04 00:00:00+08:00,80.30000305175781,83.0,80.30000305175781,81.19999694824219,540000,0.0,0.0
2021-03-05 00:00:00+08:00,81.0999984741211,81.80000305175781,79.80000305175781,80.19999694824219,442000,0.0,0.0
2021-03-08 00:00:00+08:00,81.0,81.0,78.0,78.0,627000,0.0,0.0
2021-03-09 00:00:00+08:00,78.0,78.30000305175781,76.0,76.69999694824219,605000,0.0,0.0
2021-03-10 00:00:00+08:00,76.9000015258789,78.0999984741211,76.69999694824219,77.5,306000,0.0,0.0
2021-03-11 00:00:00+08:00,78.19999694824219,78.19999694824219,77.19999694824219,77.69999694824219,273000,0.0,0.0
2021-03-12 00:00:00+08:00,78.30000305175781,78.5,77.19999694824219,77.5,274000,0.0,0.0
2021-03-15 00:00:00+08:00,78.19999694824219,78.19999694824219,77.30000305175781,77.4000015258789,329000,0.0,0.0
2021-03-16 00:00:00+08:00,77.80000305175781,77.80000305175781,76.5,76.5999984741211,369000,0.0,0.0
2021-03-17 00:00:00+08:00,76.69999694824219,76.69999694824219,75.19999694824219,75.5,562000,0.0,0.0
2021-03-18 00:00:00+08:00,75.9000015258789,77.4000015258789,75.9000015258789,76.5999984741211,461000,0.0,0.0
2021-03-19 00:00:00+08:00,77.19999694824219,77.4000015258789,76.4000015258789,76.5,342000,0.0,0.0
2021-03-22 00:00:00+08:00,76.5,77.0,75.4000015258789,75.5,442000,0.0,0.0
2021-03-23 00:00:00+08:00,76.19999694824219,77.4000015258789,76.19999694824219,77.0,475000,0.0,0.0
2021-03-24 00:00:00+08:00,77.5,78.19999694824219,76.80000305175781,77.5,481000,0.0,0.0
2021-03-25 00:00:00+08:00,77.5,77.69999694824219,75.80000305175781,75.80000305175781,465000,0.0,0.0
2021-03-26 00:00:00+08:00,75.80000305175781,76.19999694824219,75.69999694824219,75.9000015258789,266000,0.0,0.0
2021-03-29 00:00:00+08:00,76.5999984741211,77.19999694824219,76.30000305175781,76.80000305175781,396000,0.0,0.0
2021-03-30 00:00:00+08:00,77.0,78.5,76.9000015258789,77.80000305175781,542000,0.0,0.0
2021-03-31 00:00:00+08:00,78.0,78.5,77.5999984741211,77.69999694824219,364000,0.0,0.0
2021-04-01 00:00:00+08:00,77.9000015258789,78.30000305175781,77.69999694824219,77.9000015258789,392000,0.0,0.0
2021-04-07 00:00:00+08:00,77.0999984741211,77.5999984741211,77.0,77.19999694824219,366000,0.0,0.0
2021-04-08 00:00:00+08:00,77.19999694824219,77.19999694824219,75.80000305175781,76.0999984741211,766000,0.0,0.0
2021-04-09 00:00:00+08:00,75.5999984741211,76.0999984741211,74.80000305175781,75.4000015258789,739000,0.0,0.0
2021-04-12 00:00:00+08:00,75.9000015258789,77.5999984741211,74.69999694824219,77.0,672000,0.0,0.0
2021-04-13 00:00:00+08:00,76.9000015258789,77.0,74.9000015258789,75.0,577000,0.0,0.0
2021-04-14 00:00:00+08:00,75.0,75.4000015258789,73.19999694824219,73.5999984741211,709000,0.0,0.0
2021-04-15 00:00:00+08:00,73.69999694824219,74.0,73.19999694824219,74.0,335000,0.0,0.0
2021-04-16 00:00:00+08:00,74.19999694824219,74.9000015258789,74.0,74.69999694824219,350000,0.0,0.0
2021-04-19 00:00:00+08:00,74.69999694824219,74.69999694824219,73.4000015258789,73.5,667000,0.0,0.0
2021-04-20 00:00:00+08:00,73.5999984741211,77.19999694824219,73.5999984741211,76.5999984741211,1006000,0.0,0.0
2021-04-21 00:00:00+08:00,76.30000305175781,78.0,76.0999984741211,76.5999984741211,833000,0.0,0.0
2021-04-22 00:00:00+08:00,76.5999984741211,77.19999694824219,74.0,74.0,713000,0.0,0.0
2021-04-23 00:00:00+08:00,74.30000305175781,74.80000305175781,73.9000015258789,74.30000305175781,313000,0.0,0.0
2021-04-26 00:00:00+08:00,74.19999694824219,74.30000305175781,73.4000015258789,73.5999984741211,419000,0.0,0.0
2021-04-27 00:00:00+08:00,73.5999984741211,75.5,73.5999984741211,74.19999694824219,472000,0.0,0.0
2021-04-28 00:00:00+08:00,74.4000015258789,74.5,72.69999694824219,72.9000015258789,766000,0.0,0.0
2021-04-29 00:00:00+08:00,72.9000015258789,73.4000015258789,72.0,72.0999984741211,426000,0.0,0.0
2021-05-03 00:00:00+08:00,72.80000305175781,72.9000015258789,69.69999694824219,70.0999984741211,655000,0.0,0.0
2021-05-04 00:00:00+08:00,70.0999984741211,70.80000305175781,65.0999984741211,67.5999984741211,964000,0.0,0.0
2021-05-05 00:00:00+08:00,67.9000015258789,69.30000305175781,66.30000305175781,67.69999694824219,398000,0.0,0.0
2021-05-06 00:00:00+08:00,68.0,69.0,67.5,68.30000305175781,350000,0.0,0.0
2021-05-07 00:00:00+08:00,68.30000305175781,70.0,68.30000305175781,69.4000015258789,279000,0.0,0.0
2021-05-10 00:00:00+08:00,69.30000305175781,69.9000015258789,69.0,69.0,320000,0.0,0.0
2021-05-11 00:00:00+08:00,69.5,69.5,66.0,66.0999984741211,678000,0.0,0.0
2021-05-12 00:00:00+08:00,66.19999694824219,68.9000015258789,63.79999923706055,64.30000305175781,906000,0.0,0.0
2021-05-13 00:00:00+08:00,63.099998474121094,64.19999694824219,62.0,62.5,954000,0.0,0.0
2021-05-14 00:00:00+08:00,63.29999923706055,65.4000015258789,63.0,63.400001525878906,637000,0.0,0.0
2021-05-17 00:00:00+08:00,60.0,62.400001525878906,59.20000076293945,59.29999923706055,860000,0.0,0.0
2021-05-18 00:00:00+08:00,61.0,62.5,60.29999923706055,62.29999923706055,830000,0.0,0.0
2021-05-19 00:00:00+08:00,62.5,68.5,61.400001525878906,68.5,1257000,0.0,0.0
2021-05-20 00:00:00+08:00,69.19999694824219,74.9000015258789,69.0999984741211,72.0999984741211,2800000,0.0,0.0
2021-05-21 00:00:00+08:00,72.30000305175781,73.0999984741211,70.69999694824219,71.4000015258789,854000,0.0,0.0
2021-05-24 00:00:00+08:00,71.4000015258789,71.69999694824219,70.5999984741211,70.80000305175781,335000,0.0,0.0
2021-05-25 00:00:00+08:00,71.0,72.0,70.5,70.5,460000,0.0,0.0
2021-05-26 00:00:00+08:00,70.5,73.0,70.5,72.5999984741211,698000,0.0,0.0
2021-05-27 00:00:00+08:00,72.5999984741211,73.0,71.80000305175781,71.80000305175781,480000,0.0,0.0
2021-05-28 00:00:00+08:00,73.0,73.0,71.19999694824219,72.0,430000,0.0,0.0
2021-05-31 00:00:00+08:00,72.5,76.19999694824219,71.80000305175781,76.0,1825000,0.0,0.0
2021-06-01 00:00:00+08:00,75.4000015258789,75.4000015258789,72.0999984741211,72.80000305175781,1492000,0.0,0.0
2021-06-02 00:00:00+08:00,72.5,72.5,70.4000015258789,70.5,986000,0.0,0.0
2021-06-03 00:00:00+08:00,72.19999694824219,72.30000305175781,70.69999694824219,71.0,412000,0.0,0.0
2021-06-04 00:00:00+08:00,71.69999694824219,71.69999694824219,70.19999694824219,70.5,239000,0.0,0.0
2021-06-07 00:00:00+08:00,71.19999694824219,71.5999984741211,70.19999694824219,70.4000015258789,340000,0.0,0.0
2021-06-08 00:00:00+08:00,71.0,71.30000305175781,70.4000015258789,70.80000305175781,388000,0.0,0.0
2021-06-09 00:00:00+08:00,70.9000015258789,70.9000015258789,70.0,70.30000305175781,443000,0.0,0.0
2021-06-10 00:00:00+08:00,70.9000015258789,72.19999694824219,70.0999984741211,71.9000015258789,680000,0.0,0.0
2021-06-11 00:00:00+08:00,72.0,72.19999694824219,70.69999694824219,70.69999694824219,473000,0.0,0.0
2021-06-15 00:00:00+08:00,71.30000305175781,71.4000015258789,70.4000015258789,70.4000015258789,324000,0.0,0.0
2021-06-16 00:00:00+08:00,70.5,71.0999984741211,69.5999984741211,69.5999984741211,419000,0.0,0.0
2021-06-17 00:00:00+08:00,69.5,69.5,69.0999984741211,69.30000305175781,269000,0.0,0.0
2021-06-18 00:00:00+08:00,69.4000015258789,69.80000305175781,69.0999984741211,69.0999984741211,252000,0.0,0.0
2021-06-21 00:00:00+08:00,69.0999984741211,69.0999984741211,67.5999984741211,67.5999984741211,614000,0.0,0.0
2021-06-22 00:00:00+08:00,67.5999984741211,68.19999694824219,66.69999694824219,67.0,512000,0.0,0.0
2021-06-23 00:00:00+08:00,67.30000305175781,67.9000015258789,67.19999694824219,67.5,195000,0.0,0.0
2021-06-24 00:00:00+08:00,67.5999984741211,68.30000305175781,67.5,67.9000015258789,176000,0.0,0.0
2021-06-25 00:00:00+08:00,67.5999984741211,67.80000305175781,67.19999694824219,67.19999694824219,311000,0.0,0.0
2021-06-28 00:00:00+08:00,67.0,68.9000015258789,66.9000015258789,67.80000305175781,569000,0.0,0.0
2021-06-29 00:00:00+08:00,67.80000305175781,68.0,66.69999694824219,66.69999694824219,497000,0.0,0.0
2021-06-30 00:00:00+08:00,66.80000305175781,66.80000305175781,66.0999984741211,66.30000305175781,425000,0.0,0.0
2021-07-01 00:00:00+08:00,66.5,68.0,66.30000305175781,66.5999984741211,335000,0.0,0.0
2021-07-02 00:00:00+08:00,66.30000305175781,66.30000305175781,65.19999694824219,65.4000015258789,601000,0.0,0.0
2021-07-05 00:00:00+08:00,65.0999984741211,65.0999984741211,64.19999694824219,64.5999984741211,731000,0.0,0.0
2021-07-06 00:00:00+08:00,64.5999984741211,64.80000305175781,64.0,64.0,548000,0.0,0.0
2021-07-07 00:00:00+08:00,64.0999984741211,65.5,64.0999984741211,64.5,592000,0.0,0.0
2021-07-08 00:00:00+08:00,65.80000305175781,65.80000305175781,64.19999694824219,64.19999694824219,323000,0.0,0.0
2021-07-09 00:00:00+08:00,64.30000305175781,65.19999694824219,64.0,64.80000305175781,461000,0.0,0.0
2021-07-12 00:00:00+08:00,64.80000305175781,65.30000305175781,64.19999694824219,64.5,353000,0.0,0.0
2021-07-13 00:00:00+08:00,64.69999694824219,64.80000305175781,63.79999923706055,63.79999923706055,483000,0.0,0.0
2021-07-14 00:00:00+08:00,63.79999923706055,63.79999923706055,62.79999923706055,62.79999923706055,469000,0.0,0.0
2021-07-15 00:00:00+08:00,63.0,64.80000305175781,62.79999923706055,64.30000305175781,394000,0.0,0.0
2021-07-16 00:00:00+08:00,64.0,65.0,63.79999923706055,64.0,223000,0.0,0.0
2021-07-19 00:00:00+08:00,63.599998474121094,65.80000305175781,63.599998474121094,65.30000305175781,669000,0.0,0.0
2021-07-20 00:00:00+08:00,65.9000015258789,67.5,64.5999984741211,64.5999984741211,743000,0.0,0.0
2021-07-21 00:00:00+08:00,64.9000015258789,64.9000015258789,62.900001525878906,62.900001525878906,530000,0.0,0.0
2021-07-22 00:00:00+08:00,63.0,63.20000076293945,62.70000076293945,62.900001525878906,361000,0.0,0.0
2021-07-23 00:00:00+08:00,62.900001525878906,63.400001525878906,62.599998474121094,62.70000076293945,193000,0.0,0.0
2021-07-26 00:00:00+08:00,62.79999923706055,62.79999923706055,62.099998474121094,62.20000076293945,369000,0.0,0.0
2021-07-27 00:00:00+08:00,63.0,63.5,62.099998474121094,62.099998474121094,401000,0.0,0.0
2021-07-28 00:00:00+08:00,62.20000076293945,62.20000076293945,61.0,61.099998474121094,435000,0.0,0.0
2021-07-29 00:00:00+08:00,61.5,64.4000015258789,61.5,63.70000076293945,861000,0.0,0.0
2021-07-30 00:00:00+08:00,63.29999923706055,64.80000305175781,62.599998474121094,62.900001525878906,570000,0.0,0.0
2021-08-02 00:00:00+08:00,63.099998474121094,63.599998474121094,62.599998474121094,62.70000076293945,343000,0.0,0.0
2021-08-03 00:00:00+08:00,62.70000076293945,62.79999923706055,62.20000076293945,62.400001525878906,286000,0.0,0.0
2021-08-04 00:00:00+08:00,62.5,64.0999984741211,62.20000076293945,64.0,472000,0.0,0.0
2021-08-05 00:00:00+08:00,64.0,65.0999984741211,63.099998474121094,63.29999923706055,448000,0.0,0.0
2021-08-06 00:00:00+08:00,64.0,65.5,63.400001525878906,65.0,719000,0.0,0.0
2021-08-09 00:00:00+08:00,65.0,65.0,64.19999694824219,64.19999694824219,457000,0.0,0.0
2021-08-10 00:00:00+08:00,64.19999694824219,64.5,63.0,63.400001525878906,343000,0.0,0.0
2021-08-11 00:00:00+08:00,63.5,66.5999984741211,63.20000076293945,66.0,1310000,0.0,0.0
2021-08-12 00:00:00+08:00,66.0,69.5,65.80000305175781,68.0999984741211,1962000,0.0,0.0
2021-08-13 00:00:00+08:00,69.5999984741211,69.9000015258789,65.5999984741211,65.5999984741211,1573000,0.0,0.0
2021-08-16 00:00:00+08:00,65.5999984741211,67.30000305175781,65.19999694824219,65.80000305175781,997000,0.0,0.0
2021-08-17 00:00:00+08:00,66.5999984741211,66.69999694824219,64.0999984741211,64.0999984741211,610000,0.0,0.0
2021-08-18 00:00:00+08:00,64.0999984741211,64.0999984741211,62.599998474121094,64.0,782000,0.0,0.0
2021-08-19 00:00:00+08:00,63.900001525878906,64.0999984741211,62.099998474121094,62.099998474121094,498000,0.0,0.0
2021-08-20 00:00:00+08:00,63.0,63.0,61.5,62.0,414000,0.0,0.0
2021-08-23 00:00:00+08:00,62.29999923706055,64.5,62.29999923706055,63.5,393000,0.0,0.0
2021-08-24 00:00:00+08:00,63.5,63.900001525878906,62.900001525878906,62.900001525878906,171000,0.0,0.0
2021-08-25 00:00:00+08:00,63.099998474121094,64.0999984741211,63.0,63.79999923706055,217000,0.0,0.0
2021-08-26 00:00:00+08:00,64.0,66.69999694824219,63.900001525878906,66.0999984741211,1209000,0.0,0.0
2021-08-27 00:00:00+08:00,65.0999984741211,65.9000015258789,65.0,65.4000015258789,320000,0.0,0.0
2021-08-30 00:00:00+08:00,65.4000015258789,65.9000015258789,63.900001525878906,64.19999694824219,365000,0.0,0.0
2021-08-31 00:00:00+08:00,64.69999694824219,64.69999694824219,63.5,63.5,332000,0.0,0.0
2021-09-01 00:00:00+08:00,63.79999923706055,64.5999984741211,63.599998474121094,64.5,297000,0.0,0.0
2021-09-02 00:00:00+08:00,64.80000305175781,65.5,64.4000015258789,64.69999694824219,381000,0.0,0.0
2021-09-03 00:00:00+08:00,65.0,65.9000015258789,63.5,64.0,310000,0.0,0.0
2021-09-06 00:00:00+08:00,63.20000076293945,64.0,62.5,62.599998474121094,358000,0.0,0.0
2021-09-07 00:00:00+08:00,62.599998474121094,62.599998474121094,61.79999923706055,61.900001525878906,497000,0.0,0.0
2021-09-08 00:00:00+08:00,61.900001525878906,62.5,61.70000076293945,61.70000076293945,244000,0.0,0.0
2021-09-09 00:00:00+08:00,61.900001525878906,63.29999923706055,61.79999923706055,62.20000076293945,227000,0.0,0.0
2021-09-10 00:00:00+08:00,62.0,63.5,61.79999923706055,62.5,224000,0.0,0.0
2021-09-13 00:00:00+08:00,62.5,62.79999923706055,62.0,62.099998474121094,189000,0.0,0.0
2021-09-14 00:00:00+08:00,62.70000076293945,65.0,62.70000076293945,63.0,841000,0.0,0.0
2021-09-15 00:00:00+08:00,62.79999923706055,63.20000076293945,62.099998474121094,62.20000076293945,319000,0.0,0.0
2021-09-16 00:00:00+08:00,62.20000076293945,62.599998474121094,61.70000076293945,62.0,347000,0.0,0.0
2021-09-17 00:00:00+08:00,62.0,62.099998474121094,61.099998474121094,61.099998474121094,668000,0.0,0.0
2021-09-22 00:00:00+08:00,67.19999694824219,67.19999694824219,67.19999694824219,67.19999694824219,1281000,0.0,0.0
2021-09-23 00:00:00+08:00,73.9000015258789,73.9000015258789,73.9000015258789,73.9000015258789,2710000,0.0,0.0
2021-09-24 00:00:00+08:00,78.0,79.4000015258789,75.0999984741211,77.0,14963000,0.0,0.0
2021-09-27 00:00:00+08:00,76.5,76.5,73.4000015258789,73.5,3315000,0.0,0.0
2021-09-28 00:00:00+08:00,74.5,75.9000015258789,73.5,74.0,1571000,0.0,0.0
2021-09-29 00:00:00+08:00,73.30000305175781,73.9000015258789,71.69999694824219,72.19999694824219,1797000,0.0,0.0
2021-09-30 00:00:00+08:00,73.0,79.4000015258789,73.0,79.4000015258789,6718000,0.0,0.0
2021-10-01 00:00:00+08:00,83.0,85.0,76.5,80.9000015258789,14803000,0.0,0.0
2021-10-04 00:00:00+08:00,82.0,83.80000305175781,76.69999694824219,78.0,7058000,0.0,0.0
2021-10-05 00:00:00+08:00,78.19999694824219,79.30000305175781,75.30000305175781,76.69999694824219,3281000,0.0,0.0
2021-10-06 00:00:00+08:00,77.0,78.5,74.0999984741211,75.19999694824219,2493000,0.0,0.0
2021-10-07 00:00:00+08:00,76.30000305175781,76.4000015258789,74.0,74.19999694824219,1984000,0.0,0.0
2021-10-08 00:00:00+08:00,74.19999694824219,75.5999984741211,72.0,72.19999694824219,2555000,0.0,0.0
2021-10-12 00:00:00+08:00,72.0,72.69999694824219,68.19999694824219,68.5,2500000,0.0,0.0
2021-10-13 00:00:00+08:00,70.0,70.69999694824219,68.0999984741211,69.30000305175781,1517000,0.0,0.0
2021-10-14 00:00:00+08:00,68.69999694824219,69.80000305175781,68.4000015258789,69.5999984741211,961000,0.0,0.0
2021-10-15 00:00:00+08:00,70.69999694824219,70.69999694824219,68.80000305175781,69.0,1040000,0.0,0.0
2021-10-18 00:00:00+08:00,69.80000305175781,71.19999694824219,68.5,69.80000305175781,1109000,0.0,0.0
2021-10-19 00:00:00+08:00,70.19999694824219,70.5,69.0,69.0999984741211,721000,0.0,0.0
2021-10-20 00:00:00+08:00,69.4000015258789,69.80000305175781,67.80000305175781,67.80000305175781,891000,0.0,0.0
2021-10-21 00:00:00+08:00,67.4000015258789,69.30000305175781,67.4000015258789,68.5,969000,0.0,0.0
2021-10-22 00:00:00+08:00,68.5,69.0999984741211,66.80000305175781,66.80000305175781,1217000,0.0,0.0
2021-10-25 00:00:00+08:00,66.9000015258789,67.5999984741211,65.0,65.5,1363000,0.0,0.0
2021-10-26 00:00:00+08:00,66.5,66.69999694824219,65.30000305175781,65.5999984741211,715000,0.0,0.0
2021-10-27 00:00:00+08:00,66.69999694824219,71.19999694824219,66.5,69.5999984741211,3386000,0.0,0.0
2021-10-28 00:00:00+08:00,68.80000305175781,69.19999694824219,67.9000015258789,68.0,1349000,0.0,0.0
2021-10-29 00:00:00+08:00,68.0,68.4000015258789,66.80000305175781,66.80000305175781,1088000,0.0,0.0
2021-11-01 00:00:00+08:00,67.5,67.5,66.5999984741211,67.0,675000,0.0,0.0
2021-11-02 00:00:00+08:00,67.0,67.5999984741211,65.30000305175781,65.5,1521000,0.0,0.0
2021-11-03 00:00:00+08:00,66.30000305175781,67.5,65.69999694824219,67.5,667000,0.0,0.0
2021-11-04 00:00:00+08:00,67.9000015258789,67.9000015258789,66.30000305175781,66.4000015258789,616000,0.0,0.0
2021-11-05 00:00:00+08:00,67.5,67.5,66.0,66.4000015258789,343000,0.0,0.0
2021-11-08 00:00:00+08:00,66.5,67.19999694824219,66.4000015258789,66.69999694824219,670000,0.0,0.0
2021-11-09 00:00:00+08:00,66.80000305175781,66.80000305175781,66.0,66.0999984741211,555000,0.0,0.0
2021-11-10 00:00:00+08:00,66.30000305175781,67.0,65.5999984741211,65.9000015258789,556000,0.0,0.0
2021-11-11 00:00:00+08:00,66.30000305175781,66.5,65.19999694824219,65.5999984741211,477000,0.0,0.0
2021-11-12 00:00:00+08:00,66.0999984741211,67.0,65.5999984741211,66.5999984741211,516000,0.0,0.0
2021-11-15 00:00:00+08:00,66.9000015258789,67.5,66.0999984741211,66.0999984741211,639000,0.0,0.0
2021-11-16 00:00:00+08:00,66.80000305175781,68.5,66.30000305175781,68.30000305175781,1042000,0.0,0.0
2021-11-17 00:00:00+08:00,68.5,70.19999694824219,68.0,68.0,1716000,0.0,0.0
2021-11-18 00:00:00+08:00,67.5,68.19999694824219,67.0999984741211,67.69999694824219,587000,0.0,0.0
2021-11-19 00:00:00+08:00,67.69999694824219,68.4000015258789,67.5,67.80000305175781,299000,0.0,0.0
2021-11-22 00:00:00+08:00,68.0999984741211,69.5,68.0999984741211,68.5999984741211,858000,0.0,0.0
2021-11-23 00:00:00+08:00,68.5999984741211,69.5999984741211,68.5,68.5,610000,0.0,0.0
2021-11-24 00:00:00+08:00,69.19999694824219,69.5,68.5,69.5,408000,0.0,0.0
2021-11-25 00:00:00+08:00,70.30000305175781,73.69999694824219,70.30000305175781,72.0999984741211,2812000,0.0,0.0
2021-11-26 00:00:00+08:00,72.0999984741211,73.9000015258789,71.30000305175781,71.30000305175781,2510000,0.0,0.0
2021-11-29 00:00:00+08:00,71.0,71.30000305175781,68.69999694824219,69.19999694824219,1469000,0.0,0.0
2021-11-30 00:00:00+08:00,69.80000305175781,69.9000015258789,68.0999984741211,69.5,860000,0.0,0.0
2021-12-01 00:00:00+08:00,68.9000015258789,69.69999694824219,68.5999984741211,69.0,408000,0.0,0.0
2021-12-02 00:00:00+08:00,69.0,70.4000015258789,68.9000015258789,69.4000015258789,618000,0.0,0.0
2021-12-03 00:00:00+08:00,70.30000305175781,71.30000305175781,69.30000305175781,71.19999694824219,770000,0.0,0.0
2021-12-06 00:00:00+08:00,72.30000305175781,73.5,71.5999984741211,71.80000305175781,1674000,0.0,0.0
2021-12-07 00:00:00+08:00,70.69999694824219,72.0999984741211,70.0999984741211,70.9000015258789,1061000,0.0,0.0
2021-12-08 00:00:00+08:00,71.80000305175781,73.0,70.9000015258789,72.5,1678000,0.0,0.0
2021-12-09 00:00:00+08:00,73.30000305175781,73.80000305175781,71.69999694824219,71.69999694824219,900000,0.0,0.0
2021-12-10 00:00:00+08:00,71.80000305175781,73.5999984741211,71.5999984741211,73.5999984741211,1312000,0.0,0.0
2021-12-13 00:00:00+08:00,74.4000015258789,77.19999694824219,74.19999694824219,75.80000305175781,3506000,0.0,0.0
2021-12-14 00:00:00+08:00,75.0,75.4000015258789,71.80000305175781,72.5,1947000,0.0,0.0
2021-12-15 00:00:00+08:00,72.69999694824219,73.69999694824219,72.5999984741211,73.0,620000,0.0,0.0
2021-12-16 00:00:00+08:00,72.69999694824219,74.4000015258789,72.5999984741211,72.9000015258789,874000,0.0,0.0
2021-12-17 00:00:00+08:00,72.9000015258789,74.0999984741211,72.0,72.4000015258789,976000,0.0,0.0
2021-12-20 00:00:00+08:00,72.4000015258789,73.30000305175781,72.30000305175781,72.80000305175781,434000,0.0,0.0
2021-12-21 00:00:00+08:00,72.80000305175781,73.0,72.19999694824219,72.69999694824219,428000,0.0,0.0
2021-12-22 00:00:00+08:00,73.30000305175781,73.30000305175781,72.19999694824219,72.19999694824219,454000,0.0,0.0
2021-12-23 00:00:00+08:00,72.69999694824219,73.0,71.4000015258789,71.5,689000,0.0,0.0
2021-12-24 00:00:00+08:00,71.69999694824219,72.0,70.30000305175781,70.4000015258789,627000,0.0,0.0
2021-12-27 00:00:00+08:00,70.4000015258789,70.9000015258789,70.0999984741211,70.0999984741211,455000,0.0,0.0
2021-12-28 00:00:00+08:00,70.80000305175781,70.80000305175781,69.69999694824219,70.19999694824219,404000,0.0,0.0
2021-12-29 00:00:00+08:00,70.5999984741211,71.69999694824219,70.5999984741211,70.9000015258789,350000,0.0,0.0
2021-12-30 00:00:00+08:00,71.30000305175781,71.30000305175781,70.4000015258789,70.5999984741211,282000,0.0,0.0
2022-01-03 00:00:00+08:00,71.0999984741211,71.0999984741211,69.5999984741211,69.80000305175781,370000,0.0,0.0
2022-01-04 00:00:00+08:00,69.9000015258789,70.0999984741211,69.5999984741211,69.69999694824219,290000,0.0,0.0
2022-01-05 00:00:00+08:00,69.69999694824219,70.0999984741211,68.30000305175781,68.4000015258789,644000,0.0,0.0
2022-01-06 00:00:00+08:00,68.80000305175781,68.80000305175781,68.0,68.5999984741211,425000,0.0,0.0
2022-01-07 00:00:00+08:00,68.5999984741211,68.80000305175781,66.69999694824219,67.19999694824219,612000,0.0,0.0
2022-01-10 00:00:00+08:00,66.80000305175781,68.9000015258789,66.69999694824219,67.5,432000,0.0,0.0
2022-01-11 00:00:00+08:00,68.5999984741211,68.5999984741211,67.0,67.0999984741211,395000,0.0,0.0
2022-01-12 00:00:00+08:00,67.30000305175781,67.69999694824219,66.69999694824219,67.0999984741211,245000,0.0,0.0
2022-01-13 00:00:00+08:00,67.4000015258789,67.80000305175781,66.9000015258789,67.0999984741211,248000,0.0,0.0
2022-01-14 00:00:00+08:00,67.0999984741211,67.0999984741211,66.5,66.80000305175781,333000,0.0,0.0
2022-01-17 00:00:00+08:00,66.80000305175781,68.5,66.80000305175781,67.19999694824219,253000,0.0,0.0
2022-01-18 00:00:00+08:00,67.9000015258789,68.0,67.30000305175781,68.0,291000,0.0,0.0
2022-01-19 00:00:00+08:00,67.30000305175781,69.69999694824219,67.30000305175781,69.5999984741211,637000,0.0,0.0
2022-01-20 00:00:00+08:00,69.5999984741211,70.19999694824219,68.69999694824219,68.69999694824219,566000,0.0,0.0
2022-01-21 00:00:00+08:00,68.0999984741211,69.19999694824219,67.5999984741211,67.69999694824219,384000,0.0,0.0
2022-01-24 00:00:00+08:00,67.30000305175781,67.5,66.30000305175781,66.9000015258789,328000,0.0,0.0
2022-01-25 00:00:00+08:00,66.9000015258789,66.9000015258789,66.0,66.0,448000,0.0,0.0
2022-01-26 00:00:00+08:00,66.19999694824219,68.0,66.19999694824219,66.9000015258789,613000,0.0,0.0
2022-02-07 00:00:00+08:00,68.19999694824219,71.5999984741211,68.0999984741211,69.69999694824219,1183000,0.0,0.0
2022-02-08 00:00:00+08:00,70.0999984741211,72.30000305175781,69.69999694824219,71.9000015258789,1313000,0.0,0.0
2022-02-09 00:00:00+08:00,72.5,72.80000305175781,71.0,71.9000015258789,983000,0.0,0.0
2022-02-10 00:00:00+08:00,72.0,72.9000015258789,71.5999984741211,72.0999984741211,823000,0.0,0.0
2022-02-11 00:00:00+08:00,72.0999984741211,73.0999984741211,71.9000015258789,71.9000015258789,720000,0.0,0.0
2022-02-14 00:00:00+08:00,70.9000015258789,71.0,69.9000015258789,70.19999694824219,566000,0.0,0.0
2022-02-15 00:00:00+08:00,70.30000305175781,73.0999984741211,70.30000305175781,72.30000305175781,1028000,0.0,0.0
2022-02-16 00:00:00+08:00,72.9000015258789,73.30000305175781,71.9000015258789,72.5,597000,0.0,0.0
2022-02-17 00:00:00+08:00,72.5,72.5999984741211,70.4000015258789,70.5999984741211,799000,0.0,0.0
2022-02-18 00:00:00+08:00,70.69999694824219,71.30000305175781,70.4000015258789,71.0999984741211,352000,0.0,0.0
2022-02-21 00:00:00+08:00,71.0,73.0,71.0,72.30000305175781,884000,0.0,0.0
2022-02-22 00:00:00+08:00,72.4000015258789,73.4000015258789,70.30000305175781,70.9000015258789,1011000,0.0,0.0
2022-02-23 00:00:00+08:00,71.19999694824219,72.9000015258789,71.19999694824219,72.5,1012000,0.0,0.0
2022-02-24 00:00:00+08:00,73.0999984741211,73.0999984741211,69.0,69.0999984741211,1452000,0.0,0.0
2022-02-25 00:00:00+08:00,69.5999984741211,70.19999694824219,68.9000015258789,69.0999984741211,733000,0.0,0.0
2022-03-01 00:00:00+08:00,69.69999694824219,69.69999694824219,68.80000305175781,69.19999694824219,405000,0.0,0.0
2022-03-02 00:00:00+08:00,68.69999694824219,69.0999984741211,68.0999984741211,68.5999984741211,566000,0.0,0.0
2022-03-03 00:00:00+08:00,69.0999984741211,69.5,68.4000015258789,68.69999694824219,456000,0.0,0.0
2022-03-04 00:00:00+08:00,69.19999694824219,69.5,68.30000305175781,68.4000015258789,529000,0.0,0.0
2022-03-07 00:00:00+08:00,68.4000015258789,68.5999984741211,64.19999694824219,64.5999984741211,1459000,0.0,0.0
2022-03-08 00:00:00+08:00,64.19999694824219,64.80000305175781,61.79999923706055,62.099998474121094,1053000,0.0,0.0
2022-03-09 00:00:00+08:00,62.599998474121094,63.29999923706055,62.099998474121094,62.79999923706055,482000,0.0,0.0
2022-03-10 00:00:00+08:00,63.79999923706055,64.0,63.099998474121094,63.29999923706055,585000,0.0,0.0
2022-03-11 00:00:00+08:00,63.099998474121094,63.099998474121094,62.0,62.0,510000,0.0,0.0
2022-03-14 00:00:00+08:00,62.5,62.70000076293945,61.900001525878906,62.29999923706055,380000,0.0,0.0
2022-03-15 00:00:00+08:00,62.099998474121094,62.20000076293945,61.099998474121094,61.099998474121094,573000,0.0,0.0
2022-03-16 00:00:00+08:00,61.400001525878906,62.0,60.900001525878906,60.900001525878906,354000,0.0,0.0
2022-03-17 00:00:00+08:00,62.0,62.400001525878906,61.29999923706055,62.29999923706055,429000,0.0,0.0
2022-03-18 00:00:00+08:00,62.400001525878906,62.79999923706055,62.29999923706055,62.5,202000,0.0,0.0
2022-03-21 00:00:00+08:00,63.0,64.0,63.0,63.29999923706055,430000,0.0,0.0
2022-03-22 00:00:00+08:00,63.099998474121094,63.5,62.70000076293945,62.79999923706055,188000,0.0,0.0
2022-03-23 00:00:00+08:00,63.0,63.20000076293945,62.70000076293945,63.0,245000,0.0,0.0
2022-03-24 00:00:00+08:00,62.29999923706055,63.5,62.29999923706055,63.20000076293945,236000,0.0,0.0
2022-03-25 00:00:00+08:00,63.5,64.19999694824219,63.29999923706055,63.400001525878906,345000,0.0,0.0
2022-03-28 00:00:00+08:00,63.0,63.099998474121094,62.29999923706055,62.900001525878906,195000,0.0,0.0
2022-03-29 00:00:00+08:00,62.900001525878906,64.0,62.70000076293945,63.79999923706055,325000,0.0,0.0
2022-03-30 00:00:00+08:00,63.900001525878906,64.30000305175781,63.5,63.79999923706055,227000,0.0,0.0
2022-03-31 00:00:00+08:00,63.900001525878906,63.900001525878906,63.0,63.099998474121094,165000,0.0,0.0
2022-04-01 00:00:00+08:00,63.099998474121094,65.69999694824219,63.099998474121094,64.80000305175781,1321000,0.0,0.0
2022-04-06 00:00:00+08:00,65.5,65.5,64.0999984741211,64.0999984741211,379000,0.0,0.0
2022-04-07 00:00:00+08:00,63.900001525878906,64.30000305175781,62.599998474121094,62.79999923706055,441000,0.0,0.0
2022-04-08 00:00:00+08:00,62.79999923706055,63.29999923706055,62.5,62.79999923706055,201000,0.0,0.0
2022-04-11 00:00:00+08:00,63.099998474121094,63.099998474121094,62.0,62.099998474121094,348000,0.0,0.0
2022-04-12 00:00:00+08:00,62.0,62.0,61.20000076293945,61.599998474121094,455000,0.0,0.0
2022-04-13 00:00:00+08:00,61.5,62.29999923706055,61.5,61.900001525878906,183000,0.0,0.0
2022-04-14 00:00:00+08:00,62.79999923706055,64.30000305175781,62.70000076293945,63.20000076293945,679000,0.0,0.0
2022-04-15 00:00:00+08:00,63.5,64.80000305175781,63.20000076293945,63.79999923706055,583000,0.0,0.0
2022-04-18 00:00:00+08:00,64.19999694824219,64.5999984741211,63.70000076293945,64.0,343000,0.0,0.0
2022-04-19 00:00:00+08:00,64.4000015258789,64.9000015258789,63.0,63.0,315000,0.0,0.0
2022-04-20 00:00:00+08:00,63.099998474121094,65.30000305175781,63.099998474121094,65.0,667000,0.0,0.0
2022-04-21 00:00:00+08:00,66.5,67.9000015258789,65.80000305175781,66.5,1017000,0.0,0.0
2022-04-22 00:00:00+08:00,66.0,67.80000305175781,65.5,66.5999984741211,747000,0.0,0.0
2022-04-25 00:00:00+08:00,68.0,71.80000305175781,66.5999984741211,67.19999694824219,3696000,0.0,0.0
2022-04-26 00:00:00+08:00,69.30000305175781,70.5,67.5999984741211,67.69999694824219,1824000,0.0,0.0
2022-04-27 00:00:00+08:00,65.30000305175781,66.5999984741211,65.19999694824219,65.80000305175781,829000,0.0,0.0
2022-04-28 00:00:00+08:00,64.9000015258789,65.4000015258789,63.5,63.599998474121094,1121000,0.0,0.0
2022-04-29 00:00:00+08:00,63.79999923706055,64.0,62.5,62.599998474121094,647000,0.0,0.0
2022-05-03 00:00:00+08:00,62.5,63.20000076293945,62.400001525878906,62.79999923706055,232000,0.0,0.0
2022-05-04 00:00:00+08:00,62.79999923706055,63.20000076293945,62.400001525878906,62.599998474121094,435000,0.0,0.0
2022-05-05 00:00:00+08:00,62.79999923706055,63.20000076293945,62.79999923706055,62.900001525878906,265000,0.0,0.0
2022-05-06 00:00:00+08:00,62.599998474121094,62.900001525878906,61.70000076293945,62.599998474121094,299000,0.0,0.0
2022-05-09 00:00:00+08:00,63.099998474121094,63.099998474121094,61.5,61.5,678000,0.0,0.0
2022-05-10 00:00:00+08:00,60.79999923706055,60.79999923706055,59.5,60.599998474121094,675000,0.0,0.0
2022-05-11 00:00:00+08:00,60.599998474121094,60.900001525878906,59.70000076293945,59.79999923706055,580000,0.0,0.0
2022-05-12 00:00:00+08:00,59.70000076293945,60.0,58.70000076293945,58.70000076293945,587000,0.0,0.0
2022-05-13 00:00:00+08:00,58.70000076293945,59.20000076293945,58.70000076293945,59.0,307000,0.0,0.0
2022-05-16 00:00:00+08:00,59.29999923706055,59.599998474121094,58.70000076293945,59.0,222000,0.0,0.0
2022-05-17 00:00:00+08:00,59.0,59.29999923706055,58.900001525878906,59.20000076293945,263000,0.0,0.0
2022-05-18 00:00:00+08:00,59.599998474121094,60.29999923706055,59.099998474121094,60.0,248000,0.0,0.0
2022-05-19 00:00:00+08:00,59.099998474121094,59.5,58.900001525878906,59.20000076293945,188000,0.0,0.0
2022-05-20 00:00:00+08:00,59.599998474121094,59.70000076293945,59.099998474121094,59.29999923706055,217000,0.0,0.0
2022-05-23 00:00:00+08:00,59.79999923706055,60.29999923706055,59.20000076293945,60.099998474121094,330000,0.0,0.0
2022-05-24 00:00:00+08:00,60.400001525878906,60.400001525878906,59.0,59.20000076293945,230000,0.0,0.0
2022-05-25 00:00:00+08:00,59.599998474121094,59.70000076293945,59.29999923706055,59.5,125000,0.0,0.0
2022-05-26 00:00:00+08:00,61.29999923706055,65.4000015258789,61.0,65.4000015258789,1369000,0.0,0.0
2022-05-27 00:00:00+08:00,66.9000015258789,67.0,63.099998474121094,63.900001525878906,5262000,0.0,0.0
2022-05-30 00:00:00+08:00,63.5,64.69999694824219,63.20000076293945,63.5,713000,0.0,0.0
2022-05-31 00:00:00+08:00,63.599998474121094,63.900001525878906,62.599998474121094,63.599998474121094,539000,0.0,0.0
2022-06-01 00:00:00+08:00,63.599998474121094,63.599998474121094,62.5,62.5,425000,0.0,0.0
2022-06-02 00:00:00+08:00,62.79999923706055,62.79999923706055,62.099998474121094,62.099998474121094,175000,0.0,0.0
2022-06-06 00:00:00+08:00,62.29999923706055,62.29999923706055,61.400001525878906,61.400001525878906,280000,0.0,0.0
2022-06-07 00:00:00+08:00,61.400001525878906,62.599998474121094,61.20000076293945,61.900001525878906,621000,0.0,0.0
2022-06-08 00:00:00+08:00,61.900001525878906,62.0,61.5,61.599998474121094,264000,0.0,0.0
2022-06-09 00:00:00+08:00,61.79999923706055,62.599998474121094,61.70000076293945,62.099998474121094,431000,0.0,0.0
2022-06-10 00:00:00+08:00,62.0,63.099998474121094,61.900001525878906,62.900001525878906,403000,0.0,0.0
2022-06-13 00:00:00+08:00,62.099998474121094,62.900001525878906,61.0,61.099998474121094,415000,0.0,0.0
2022-06-14 00:00:00+08:00,61.099998474121094,61.20000076293945,59.79999923706055,61.0,479000,0.0,0.0
2022-06-15 00:00:00+08:00,62.79999923706055,64.5999984741211,62.0,62.0,1341000,0.0,0.0
2022-06-16 00:00:00+08:00,63.29999923706055,65.5999984741211,62.0,63.599998474121094,2448000,0.0,0.0
2022-06-17 00:00:00+08:00,63.400001525878906,64.9000015258789,62.5,62.599998474121094,1159000,0.0,0.0
2022-06-20 00:00:00+08:00,63.20000076293945,64.30000305175781,60.29999923706055,60.599998474121094,1204000,0.0,0.0
2022-06-21 00:00:00+08:00,60.79999923706055,62.099998474121094,60.400001525878906,62.0,668000,0.0,0.0
2022-06-22 00:00:00+08:00,62.599998474121094,63.79999923706055,61.0,61.20000076293945,962000,0.0,0.0
2022-06-23 00:00:00+08:00,61.29999923706055,61.70000076293945,60.29999923706055,60.5,624000,0.0,0.0
2022-06-24 00:00:00+08:00,61.0,63.400001525878906,60.599998474121094,63.099998474121094,1039000,0.0,0.0
2022-06-27 00:00:00+08:00,64.4000015258789,65.30000305175781,62.5,65.0,1447000,0.0,0.0
2022-06-28 00:00:00+08:00,64.5,65.80000305175781,62.70000076293945,62.70000076293945,1091000,0.0,0.0
2022-06-29 00:00:00+08:00,62.900001525878906,64.19999694824219,62.099998474121094,63.5,833000,0.0,0.0
2022-06-30 00:00:00+08:00,64.19999694824219,64.9000015258789,61.599998474121094,62.0,929000,0.0,0.0
2022-07-01 00:00:00+08:00,62.0,62.0,57.599998474121094,58.0,1542000,0.0,0.0
2022-07-04 00:00:00+08:00,57.79999923706055,58.0,52.20000076293945,52.599998474121094,2392000,0.0,0.0
2022-07-05 00:00:00+08:00,54.5,57.70000076293945,53.20000076293945,57.20000076293945,1588000,0.0,0.0
2022-07-06 00:00:00+08:00,55.79999923706055,57.599998474121094,55.79999923706055,56.20000076293945,513000,0.0,0.0
2022-07-07 00:00:00+08:00,56.70000076293945,57.29999923706055,56.0,56.900001525878906,332000,0.0,0.0
2022-07-08 00:00:00+08:00,57.29999923706055,58.70000076293945,57.0,57.29999923706055,431000,0.0,0.0
2022-07-11 00:00:00+08:00,58.599998474121094,59.400001525878906,57.400001525878906,58.599998474121094,485000,0.0,0.0
2022-07-12 00:00:00+08:00,58.599998474121094,58.599998474121094,57.0,57.0,380000,0.0,0.0
2022-07-13 00:00:00+08:00,57.20000076293945,58.099998474121094,57.0,57.099998474121094,309000,0.0,0.0
2022-07-14 00:00:00+08:00,57.0,57.0,56.0,56.79999923706055,255000,0.0,0.0
2022-07-15 00:00:00+08:00,57.0,57.0,55.900001525878906,56.29999923706055,371000,0.0,0.0
2022-07-18 00:00:00+08:00,55.099998474121094,57.099998474121094,55.099998474121094,56.70000076293945,212000,0.0,0.0
2022-07-19 00:00:00+08:00,57.0,57.0,56.099998474121094,56.900001525878906,293000,0.0,0.0
2022-07-20 00:00:00+08:00,57.400001525878906,57.400001525878906,56.20000076293945,56.599998474121094,340000,0.0,0.0
2022-07-21 00:00:00+08:00,56.599998474121094,57.29999923706055,55.70000076293945,57.0,580000,0.0,0.0
2022-07-22 00:00:00+08:00,57.0,58.099998474121094,57.0,57.599998474121094,368000,0.0,0.0
2022-07-25 00:00:00+08:00,58.5,60.400001525878906,58.5,59.20000076293945,1160000,0.0,0.0
2022-07-26 00:00:00+08:00,59.29999923706055,59.29999923706055,56.70000076293945,57.0,605000,0.0,0.0
2022-07-27 00:00:00+08:00,57.400001525878906,57.70000076293945,56.400001525878906,56.900001525878906,255000,0.0,0.0
2022-07-28 00:00:00+08:00,57.099998474121094,57.400001525878906,56.599998474121094,56.599998474121094,207000,0.0,0.0
2022-07-29 00:00:00+08:00,56.79999923706055,58.29999923706055,56.79999923706055,57.29999923706055,437000,0.0,0.0
2022-08-01 00:00:00+08:00,57.20000076293945,57.20000076293945,56.0,56.0,515000,0.0,0.0
2022-08-02 00:00:00+08:00,56.0,56.0,53.79999923706055,54.0,757000,0.0,0.0
2022-08-03 00:00:00+08:00,54.099998474121094,54.900001525878906,53.0,53.099998474121094,494000,0.0,0.0
2022-08-04 00:00:00+08:00,53.0,53.70000076293945,52.5,53.0,424000,0.0,0.0
2022-08-05 00:00:00+08:00,53.29999923706055,53.900001525878906,53.20000076293945,53.599998474121094,275000,0.0,0.0
2022-08-08 00:00:00+08:00,53.400001525878906,53.5,52.70000076293945,53.29999923706055,355000,0.0,0.0
2022-08-09 00:00:00+08:00,53.400001525878906,54.20000076293945,53.400001525878906,54.20000076293945,287000,0.0,0.0
2022-08-10 00:00:00+08:00,54.099998474121094,54.099998474121094,53.5,53.70000076293945,223000,0.0,0.0
2022-08-11 00:00:00+08:00,54.0,54.400001525878906,53.70000076293945,54.0,230000,0.0,0.0
2022-08-12 00:00:00+08:00,54.0,54.29999923706055,53.79999923706055,54.29999923706055,157000,0.0,0.0
2022-08-15 00:00:00+08:00,54.29999923706055,55.400001525878906,54.29999923706055,55.0,372000,0.0,0.0
2022-08-16 00:00:00+08:00,55.29999923706055,55.900001525878906,55.29999923706055,55.79999923706055,354000,0.0,0.0
2022-08-17 00:00:00+08:00,55.900001525878906,57.29999923706055,55.900001525878906,56.70000076293945,484000,0.0,0.0
2022-08-18 00:00:00+08:00,56.900001525878906,57.599998474121094,56.29999923706055,56.599998474121094,494000,0.0,0.0
2022-08-19 00:00:00+08:00,56.70000076293945,57.599998474121094,56.70000076293945,57.5,357000,0.0,0.0
2022-08-22 00:00:00+08:00,57.900001525878906,59.5,57.5,58.400001525878906,477000,0.0,0.0
2022-08-23 00:00:00+08:00,58.099998474121094,58.099998474121094,56.79999923706055,57.400001525878906,395000,0.0,0.0
2022-08-24 00:00:00+08:00,57.79999923706055,60.900001525878906,57.79999923706055,59.29999923706055,1373000,0.0,0.0
2022-08-25 00:00:00+08:00,59.20000076293945,60.29999923706055,58.5,59.79999923706055,636000,0.0,0.0
2022-08-26 00:00:00+08:00,59.20000076293945,61.20000076293945,59.20000076293945,60.29999923706055,783000,0.0,0.0
2022-08-29 00:00:00+08:00,59.5,61.20000076293945,58.79999923706055,60.20000076293945,618000,0.0,0.0
2022-08-30 00:00:00+08:00,60.900001525878906,66.19999694824219,60.79999923706055,66.19999694824219,3124000,0.0,0.0
2022-08-31 00:00:00+08:00,72.80000305175781,72.80000305175781,72.80000305175781,72.80000305175781,6914000,0.0,0.0
2022-09-01 00:00:00+08:00,68.5,69.19999694824219,65.5999984741211,65.9000015258789,7620000,0.0,0.0
2022-09-02 00:00:00+08:00,68.19999694824219,70.30000305175781,67.4000015258789,68.4000015258789,5669000,0.0,0.0
2022-09-05 00:00:00+08:00,70.0,74.5,69.0,71.30000305175781,8478000,0.0,0.0
2022-09-06 00:00:00+08:00,71.0,71.0999984741211,64.69999694824219,65.5,5527000,0.0,0.0
2022-09-07 00:00:00+08:00,66.0,68.0,65.5999984741211,66.5999984741211,3022000,0.0,0.0
2022-09-08 00:00:00+08:00,67.4000015258789,68.4000015258789,66.5,68.4000015258789,1656000,0.0,0.0
2022-09-12 00:00:00+08:00,69.5999984741211,70.0,67.69999694824219,69.4000015258789,1834000,0.0,0.0
2022-09-13 00:00:00+08:00,69.5,70.0,68.80000305175781,69.9000015258789,1253000,0.0,0.0
2022-09-14 00:00:00+08:00,68.80000305175781,70.5999984741211,68.5,69.5999984741211,1207000,0.0,0.0
2022-09-15 00:00:00+08:00,70.4000015258789,72.4000015258789,68.5999984741211,68.69999694824219,2750000,0.0,0.0
2022-09-16 00:00:00+08:00,68.69999694824219,69.69999694824219,67.5,68.5,933000,0.0,0.0
2022-09-19 00:00:00+08:00,69.30000305175781,69.30000305175781,66.0,66.0,959000,0.0,0.0
2022-09-20 00:00:00+08:00,67.0,67.5,66.0999984741211,67.19999694824219,568000,0.0,0.0
2022-09-21 00:00:00+08:00,67.19999694824219,68.0999984741211,66.69999694824219,67.0999984741211,551000,0.0,0.0
2022-09-22 00:00:00+08:00,68.5,70.80000305175781,67.19999694824219,70.30000305175781,3202000,0.0,0.0
2022-09-23 00:00:00+08:00,71.4000015258789,73.4000015258789,66.69999694824219,67.80000305175781,9915000,0.0,0.0
2022-09-26 00:00:00+08:00,67.9000015258789,67.9000015258789,61.599998474121094,62.5,3592000,0.0,0.0
2022-09-27 00:00:00+08:00,62.5,63.400001525878906,61.0,63.099998474121094,1751000,0.0,0.0
2022-09-28 00:00:00+08:00,62.400001525878906,62.599998474121094,60.70000076293945,61.70000076293945,1545000,0.0,0.0
2022-09-29 00:00:00+08:00,62.099998474121094,65.5,62.099998474121094,64.0999984741211,2543000,0.0,0.0
2022-09-30 00:00:00+08:00,62.599998474121094,64.0,61.29999923706055,63.900001525878906,1007000,0.0,0.0
2022-10-03 00:00:00+08:00,63.5,68.9000015258789,62.900001525878906,66.5999984741211,2466000,0.0,0.0
2022-10-04 00:00:00+08:00,67.80000305175781,67.9000015258789,63.20000076293945,63.5,4065000,0.0,0.0
2022-10-05 00:00:00+08:00,67.0999984741211,67.5999984741211,63.0,63.5,4971000,0.0,0.0
2022-10-06 00:00:00+08:00,63.599998474121094,63.70000076293945,61.20000076293945,61.599998474121094,2304000,0.0,0.0
2022-10-07 00:00:00+08:00,61.5,62.400001525878906,61.0,61.099998474121094,1571000,0.0,0.0
2022-10-11 00:00:00+08:00,60.20000076293945,60.20000076293945,57.0,57.20000076293945,1603000,0.0,0.0
2022-10-12 00:00:00+08:00,58.0,59.29999923706055,57.20000076293945,59.20000076293945,927000,0.0,0.0
2022-10-13 00:00:00+08:00,58.79999923706055,58.900001525878906,54.599998474121094,55.099998474121094,1261000,0.0,0.0
2022-10-14 00:00:00+08:00,57.5,57.79999923706055,56.400001525878906,57.5,641000,0.0,0.0
2022-10-17 00:00:00+08:00,56.900001525878906,57.900001525878906,55.20000076293945,57.900001525878906,737000,0.0,0.0
2022-10-18 00:00:00+08:00,58.20000076293945,59.0,57.599998474121094,58.5,391000,0.0,0.0
2022-10-19 00:00:00+08:00,58.79999923706055,58.900001525878906,57.70000076293945,57.79999923706055,377000,0.0,0.0
2022-10-20 00:00:00+08:00,57.20000076293945,57.20000076293945,55.599998474121094,56.400001525878906,603000,0.0,0.0
2022-10-21 00:00:00+08:00,56.70000076293945,56.70000076293945,55.5,55.70000076293945,430000,0.0,0.0
2022-10-24 00:00:00+08:00,56.5,56.900001525878906,55.5,55.599998474121094,336000,0.0,0.0
2022-10-25 00:00:00+08:00,56.400001525878906,56.400001525878906,54.29999923706055,54.29999923706055,591000,0.0,0.0
2022-10-26 00:00:00+08:00,54.0,54.599998474121094,53.400001525878906,54.099998474121094,464000,0.0,0.0
2022-10-27 00:00:00+08:00,54.20000076293945,55.29999923706055,54.20000076293945,54.900001525878906,343000,0.0,0.0
2022-10-28 00:00:00+08:00,54.900001525878906,55.70000076293945,54.599998474121094,54.599998474121094,308000,0.0,0.0
2022-10-31 00:00:00+08:00,55.0,56.400001525878906,55.0,56.29999923706055,576000,0.0,0.0
2022-11-01 00:00:00+08:00,56.29999923706055,57.0,55.70000076293945,56.400001525878906,396000,0.0,0.0
2022-11-02 00:00:00+08:00,56.400001525878906,57.400001525878906,56.0,56.70000076293945,428000,0.0,0.0
2022-11-03 00:00:00+08:00,56.20000076293945,57.099998474121094,56.20000076293945,56.400001525878906,257000,0.0,0.0
2022-11-04 00:00:00+08:00,56.099998474121094,57.599998474121094,56.099998474121094,57.5,306000,0.0,0.0
2022-11-07 00:00:00+08:00,57.900001525878906,58.900001525878906,57.599998474121094,58.099998474121094,345000,0.0,0.0
2022-11-08 00:00:00+08:00,59.29999923706055,60.79999923706055,59.29999923706055,59.5,1090000,0.0,0.0
2022-11-09 00:00:00+08:00,60.0,61.099998474121094,59.900001525878906,60.599998474121094,714000,0.0,0.0
2022-11-10 00:00:00+08:00,61.099998474121094,62.099998474121094,59.900001525878906,60.0,729000,0.0,0.0
2022-11-11 00:00:00+08:00,60.900001525878906,61.70000076293945,60.5,61.0,1114000,0.0,0.0
2022-11-14 00:00:00+08:00,61.900001525878906,62.5,61.0,62.099998474121094,690000,0.0,0.0
2022-11-15 00:00:00+08:00,62.29999923706055,62.400001525878906,61.20000076293945,62.099998474121094,463000,0.0,0.0
2022-11-16 00:00:00+08:00,62.099998474121094,63.0,61.70000076293945,62.5,448000,0.0,0.0
2022-11-17 00:00:00+08:00,62.5,63.29999923706055,62.29999923706055,62.29999923706055,547000,0.0,0.0
2022-11-18 00:00:00+08:00,62.400001525878906,63.400001525878906,62.20000076293945,63.0,560000,0.0,0.0
2022-11-21 00:00:00+08:00,63.79999923706055,64.69999694824219,63.20000076293945,64.0,727000,0.0,0.0
2022-11-22 00:00:00+08:00,64.19999694824219,64.30000305175781,62.599998474121094,63.20000076293945,554000,0.0,0.0
2022-11-23 00:00:00+08:00,63.400001525878906,65.30000305175781,63.400001525878906,64.80000305175781,848000,0.0,0.0
2022-11-24 00:00:00+08:00,65.5,65.5,63.20000076293945,63.70000076293945,633000,0.0,0.0
2022-11-25 00:00:00+08:00,63.70000076293945,64.5999984741211,62.70000076293945,62.70000076293945,469000,0.0,0.0
2022-11-28 00:00:00+08:00,62.29999923706055,63.400001525878906,62.099998474121094,63.20000076293945,377000,0.0,0.0
2022-11-29 00:00:00+08:00,63.0,63.5,62.29999923706055,63.400001525878906,369000,0.0,0.0
2022-11-30 00:00:00+08:00,63.5,64.0999984741211,63.099998474121094,63.79999923706055,366000,0.0,0.0
2022-12-01 00:00:00+08:00,64.30000305175781,66.9000015258789,63.900001525878906,66.0999984741211,1794000,0.0,0.0
2022-12-02 00:00:00+08:00,64.5999984741211,67.0,64.5999984741211,66.0999984741211,821000,0.0,0.0
2022-12-05 00:00:00+08:00,65.5999984741211,66.4000015258789,65.4000015258789,65.9000015258789,458000,0.0,0.0
2022-12-06 00:00:00+08:00,66.0999984741211,66.9000015258789,64.5,64.5,667000,0.0,0.0
2022-12-07 00:00:00+08:00,66.69999694824219,68.69999694824219,63.900001525878906,63.900001525878906,2792000,0.0,0.0
2022-12-08 00:00:00+08:00,64.0999984741211,66.0,63.70000076293945,65.69999694824219,791000,0.0,0.0
2022-12-09 00:00:00+08:00,66.4000015258789,71.80000305175781,65.5999984741211,70.19999694824219,4748000,0.0,0.0
2022-12-12 00:00:00+08:00,71.0,73.80000305175781,70.0999984741211,70.30000305175781,6013000,0.0,0.0
2022-12-13 00:00:00+08:00,71.9000015258789,73.0,71.0,71.69999694824219,4643000,0.0,0.0
2022-12-14 00:00:00+08:00,73.19999694824219,73.19999694824219,70.0999984741211,72.0,2772000,0.0,0.0
2022-12-15 00:00:00+08:00,70.80000305175781,71.9000015258789,70.5999984741211,70.80000305175781,1004000,0.0,0.0
2022-12-16 00:00:00+08:00,69.9000015258789,70.69999694824219,68.80000305175781,69.30000305175781,1466000,0.0,0.0
2022-12-19 00:00:00+08:00,71.5,72.4000015258789,69.80000305175781,70.0,1763000,0.0,0.0
2022-12-20 00:00:00+08:00,70.0,70.4000015258789,67.69999694824219,67.80000305175781,1338000,0.0,0.0
2022-12-21 00:00:00+08:00,68.30000305175781,69.5,68.30000305175781,69.0999984741211,1035000,0.0,0.0
2022-12-22 00:00:00+08:00,70.0,70.5,68.5999984741211,70.0999984741211,1421000,0.0,0.0
2022-12-23 00:00:00+08:00,69.69999694824219,71.4000015258789,69.69999694824219,70.69999694824219,950000,0.0,0.0
2022-12-26 00:00:00+08:00,71.0,72.80000305175781,70.5,70.9000015258789,1415000,0.0,0.0
2022-12-27 00:00:00+08:00,71.5,71.9000015258789,69.69999694824219,71.5999984741211,1491000,0.0,0.0
2022-12-28 00:00:00+08:00,72.69999694824219,72.80000305175781,70.9000015258789,71.19999694824219,1182000,0.0,0.0
2022-12-29 00:00:00+08:00,70.69999694824219,72.19999694824219,70.19999694824219,71.9000015258789,1112000,0.0,0.0
2022-12-30 00:00:00+08:00,71.9000015258789,72.19999694824219,70.69999694824219,70.69999694824219,884000,0.0,0.0
2023-01-03 00:00:00+08:00,71.0,71.5,69.0999984741211,69.69999694824219,1269000,0.0,0.0
2023-01-04 00:00:00+08:00,70.0,70.19999694824219,69.19999694824219,69.19999694824219,556000,0.0,0.0
2023-01-05 00:00:00+08:00,69.5999984741211,69.80000305175781,67.0999984741211,67.4000015258789,946000,0.0,0.0
2023-01-06 00:00:00+08:00,67.4000015258789,67.9000015258789,67.0,67.4000015258789,603000,0.0,0.0
2023-01-09 00:00:00+08:00,68.5,68.5,67.4000015258789,67.5999984741211,506000,0.0,0.0
2023-01-10 00:00:00+08:00,67.69999694824219,67.69999694824219,66.5999984741211,66.5999984741211,715000,0.0,0.0
2023-01-11 00:00:00+08:00,66.5,66.9000015258789,66.19999694824219,66.19999694824219,540000,0.0,0.0
2023-01-12 00:00:00+08:00,66.4000015258789,66.80000305175781,64.80000305175781,64.9000015258789,654000,0.0,0.0
2023-01-13 00:00:00+08:00,64.9000015258789,65.5999984741211,64.69999694824219,65.30000305175781,336000,0.0,0.0
2023-01-16 00:00:00+08:00,65.30000305175781,66.5,65.0,66.5,494000,0.0,0.0
2023-01-17 00:00:00+08:00,66.5,66.5,65.80000305175781,66.0,306000,0.0,0.0
2023-01-30 00:00:00+08:00,66.0,66.9000015258789,66.0,66.9000015258789,477000,0.0,0.0
2023-01-31 00:00:00+08:00,66.80000305175781,68.30000305175781,66.69999694824219,68.19999694824219,572000,0.0,0.0
2023-02-01 00:00:00+08:00,68.0,68.9000015258789,68.0,68.5999984741211,476000,0.0,0.0
2023-02-02 00:00:00+08:00,68.80000305175781,69.9000015258789,68.4000015258789,69.5999984741211,685000,0.0,0.0
2023-02-03 00:00:00+08:00,69.69999694824219,71.30000305175781,69.0,70.30000305175781,958000,0.0,0.0
2023-02-06 00:00:00+08:00,70.0,71.30000305175781,69.80000305175781,70.5999984741211,698000,0.0,0.0
2023-02-07 00:00:00+08:00,70.69999694824219,71.5,70.4000015258789,71.0999984741211,959000,0.0,0.0
2023-02-08 00:00:00+08:00,71.80000305175781,71.9000015258789,70.9000015258789,71.0,765000,0.0,0.0
2023-02-09 00:00:00+08:00,71.4000015258789,72.0,70.80000305175781,70.80000305175781,814000,0.0,0.0
2023-02-10 00:00:00+08:00,71.0,71.5999984741211,69.5,69.5,981000,0.0,0.0
2023-02-13 00:00:00+08:00,69.4000015258789,70.19999694824219,69.0,70.19999694824219,381000,0.0,0.0
2023-02-14 00:00:00+08:00,70.30000305175781,70.5,69.30000305175781,69.80000305175781,621000,0.0,0.0
2023-02-15 00:00:00+08:00,69.69999694824219,69.80000305175781,68.19999694824219,68.80000305175781,616000,0.0,0.0
2023-02-16 00:00:00+08:00,68.80000305175781,69.30000305175781,68.19999694824219,68.80000305175781,661000,0.0,0.0
2023-02-17 00:00:00+08:00,69.0,69.19999694824219,68.19999694824219,68.4000015258789,400000,0.0,0.0
2023-02-20 00:00:00+08:00,68.4000015258789,69.0,67.9000015258789,68.69999694824219,560000,0.0,0.0
2023-02-21 00:00:00+08:00,68.69999694824219,70.30000305175781,68.5,70.0999984741211,625000,0.0,0.0
2023-02-22 00:00:00+08:00,69.9000015258789,70.80000305175781,69.30000305175781,70.80000305175781,840000,0.0,0.0
2023-02-23 00:00:00+08:00,70.80000305175781,77.80000305175781,70.69999694824219,77.80000305175781,8203000,0.0,0.0
2023-02-24 00:00:00+08:00,80.9000015258789,82.0,76.0999984741211,79.5999984741211,10909000,0.0,0.0
2023-03-01 00:00:00+08:00,79.5999984741211,81.69999694824219,77.19999694824219,79.19999694824219,5099000,0.0,0.0
2023-03-02 00:00:00+08:00,78.80000305175781,80.9000015258789,78.19999694824219,80.9000015258789,2443000,0.0,0.0
2023-03-03 00:00:00+08:00,80.4000015258789,82.19999694824219,79.69999694824219,80.69999694824219,2797000,0.0,0.0
2023-03-06 00:00:00+08:00,81.9000015258789,81.9000015258789,79.0999984741211,79.19999694824219,1895000,0.0,0.0
2023-03-07 00:00:00+08:00,78.80000305175781,79.69999694824219,78.30000305175781,78.5999984741211,1176000,0.0,0.0
2023-03-08 00:00:00+08:00,78.30000305175781,79.4000015258789,77.19999694824219,77.30000305175781,1654000,0.0,0.0
2023-03-09 00:00:00+08:00,77.30000305175781,77.5999984741211,75.0,75.30000305175781,2022000,0.0,0.0
2023-03-10 00:00:00+08:00,75.30000305175781,75.30000305175781,72.5,72.5999984741211,1574000,0.0,0.0
2023-03-13 00:00:00+08:00,71.5,72.5,70.19999694824219,71.19999694824219,1621000,0.0,0.0
2023-03-14 00:00:00+08:00,71.0,72.30000305175781,70.9000015258789,71.5,916000,0.0,0.0
2023-03-15 00:00:00+08:00,72.30000305175781,73.19999694824219,70.80000305175781,72.80000305175781,1056000,0.0,0.0
2023-03-16 00:00:00+08:00,72.5,72.80000305175781,71.69999694824219,72.0999984741211,915000,0.0,0.0
2023-03-17 00:00:00+08:00,72.5,73.69999694824219,72.30000305175781,73.0,611000,0.0,0.0
2023-03-20 00:00:00+08:00,73.0,76.5,72.30000305175781,75.19999694824219,1489000,0.0,0.0
2023-03-21 00:00:00+08:00,75.19999694824219,78.0999984741211,75.19999694824219,77.9000015258789,1881000,0.0,0.0
2023-03-22 00:00:00+08:00,78.0,80.0999984741211,77.5999984741211,79.5,2067000,0.0,0.0
2023-03-23 00:00:00+08:00,83.4000015258789,87.4000015258789,82.80000305175781,87.0,13334000,0.0,0.0
2023-03-24 00:00:00+08:00,88.69999694824219,95.69999694824219,87.0,95.69999694824219,16136000,0.0,0.0
2023-03-27 00:00:00+08:00,96.30000305175781,98.5999984741211,95.0,96.69999694824219,14783000,0.0,0.0
2023-03-28 00:00:00+08:00,95.0999984741211,98.4000015258789,89.0,92.69999694824219,11287000,0.0,0.0
2023-03-29 00:00:00+08:00,92.5,94.4000015258789,90.4000015258789,92.19999694824219,5247000,0.0,0.0
2023-03-30 00:00:00+08:00,91.5,91.69999694824219,88.30000305175781,91.19999694824219,5087000,0.0,0.0
2023-03-31 00:00:00+08:00,90.30000305175781,93.30000305175781,89.0,92.0999984741211,4351000,0.0,0.0
2023-04-06 00:00:00+08:00,91.5999984741211,92.9000015258789,90.5999984741211,91.9000015258789,2386000,0.0,0.0
2023-04-07 00:00:00+08:00,91.80000305175781,96.69999694824219,91.0,92.5999984741211,8265000,0.0,0.0
2023-04-10 00:00:00+08:00,91.80000305175781,92.19999694824219,89.4000015258789,90.69999694824219,4111000,0.0,0.0
2023-04-11 00:00:00+08:00,90.5999984741211,95.5999984741211,90.5999984741211,95.0,6341000,0.0,0.0
2023-04-12 00:00:00+08:00,96.4000015258789,104.5,95.69999694824219,104.5,12150000,0.0,0.0
2023-04-13 00:00:00+08:00,106.5,111.0,104.5,108.0,19677000,0.0,0.0
2023-04-14 00:00:00+08:00,106.0,110.0,102.5,103.0,8746000,0.0,0.0
2023-04-17 00:00:00+08:00,103.0,107.5,103.0,104.0,5192000,0.0,0.0
2023-04-18 00:00:00+08:00,105.5,111.0,103.0,107.5,10823000,0.0,0.0
2023-04-19 00:00:00+08:00,106.5,118.0,103.5,118.0,16524000,0.0,0.0
2023-04-20 00:00:00+08:00,118.0,119.5,112.0,112.5,20059000,0.0,0.0
2023-04-21 00:00:00+08:00,114.0,116.5,107.0,112.5,14311000,0.0,0.0
2023-04-24 00:00:00+08:00,111.5,115.0,111.0,111.5,6674000,0.0,0.0
2023-04-25 00:00:00+08:00,113.0,121.5,111.0,112.0,24546000,0.0,0.0
2023-04-26 00:00:00+08:00,114.5,117.5,106.0,112.5,19224000,0.0,0.0
2023-04-27 00:00:00+08:00,111.0,111.5,108.5,111.0,1534000,0.0,0.0
2023-04-28 00:00:00+08:00,114.0,119.0,114.0,118.5,3693000,0.0,0.0
2023-05-02 00:00:00+08:00,119.0,123.0,119.0,123.0,3502000,0.0,0.0
2023-05-03 00:00:00+08:00,122.0,128.0,121.5,121.5,3468000,0.0,0.0
2023-05-04 00:00:00+08:00,125.0,133.0,122.5,132.0,5795000,0.0,0.0
2023-05-05 00:00:00+08:00,131.5,135.0,129.5,130.5,3039000,0.0,0.0
2023-05-08 00:00:00+08:00,131.5,134.5,129.5,132.0,1853000,0.0,0.0
2023-05-09 00:00:00+08:00,132.0,132.0,124.0,124.0,3364000,0.0,0.0
2023-05-10 00:00:00+08:00,125.5,126.5,122.0,126.0,1958000,0.0,0.0
2023-05-11 00:00:00+08:00,127.0,127.0,113.5,113.5,5684000,0.0,0.0
2023-05-12 00:00:00+08:00,108.0,112.0,102.5,105.0,21637000,0.0,0.0
2023-05-15 00:00:00+08:00,104.0,108.0,101.0,106.5,10425000,0.0,0.0
2023-05-16 00:00:00+08:00,105.0,111.5,105.0,111.0,6733000,0.0,0.0
2023-05-17 00:00:00+08:00,110.0,115.0,110.0,112.0,7204000,0.0,0.0
2023-05-18 00:00:00+08:00,113.0,114.5,110.5,112.5,3540000,0.0,0.0
2023-05-19 00:00:00+08:00,113.0,114.5,105.5,107.0,4447000,0.0,0.0
2023-05-22 00:00:00+08:00,108.0,113.0,107.5,111.5,3339000,0.0,0.0
2023-05-23 00:00:00+08:00,111.5,114.5,110.5,112.5,2513000,0.0,0.0
2023-05-24 00:00:00+08:00,112.5,113.5,108.5,113.0,3336000,0.0,0.0
2023-05-25 00:00:00+08:00,112.5,114.0,109.5,109.5,2133000,0.0,0.0
2023-05-26 00:00:00+08:00,109.5,110.5,105.5,106.5,2862000,0.0,0.0
2023-05-29 00:00:00+08:00,108.0,111.0,107.5,109.5,1640000,0.0,0.0
2023-05-30 00:00:00+08:00,110.5,112.0,109.0,109.5,1672000,0.0,0.0
2023-05-31 00:00:00+08:00,111.0,116.5,110.5,112.5,5078000,0.0,0.0
2023-06-01 00:00:00+08:00,114.0,121.0,113.5,117.0,7662000,0.0,0.0
2023-06-02 00:00:00+08:00,118.5,120.5,114.5,115.5,5701000,0.0,0.0
2023-06-05 00:00:00+08:00,117.0,120.0,116.0,116.5,3684000,0.0,0.0
2023-06-06 00:00:00+08:00,117.0,117.5,107.0,108.5,7013000,0.0,0.0
2023-06-07 00:00:00+08:00,109.0,110.5,106.5,107.5,3554000,0.0,0.0
2023-06-08 00:00:00+08:00,107.5,108.0,104.5,107.5,2885000,0.0,0.0
2023-06-09 00:00:00+08:00,107.5,108.5,105.0,105.5,1352000,0.0,0.0
2023-06-12 00:00:00+08:00,107.0,107.0,100.5,102.5,3522000,0.0,0.0
2023-06-13 00:00:00+08:00,104.0,105.5,102.0,102.5,1973000,0.0,0.0
2023-06-14 00:00:00+08:00,103.0,104.0,100.0,100.5,1481000,0.0,0.0
2023-06-15 00:00:00+08:00,100.5,101.0,96.5,98.5,2996000,0.0,0.0
2023-06-16 00:00:00+08:00,98.0999984741211,101.0,96.4000015258789,96.5999984741211,2911000,0.0,0.0
2023-06-19 00:00:00+08:00,97.19999694824219,98.5,94.5,97.5999984741211,1762000,0.0,0.0
2023-06-20 00:00:00+08:00,97.30000305175781,99.5,95.80000305175781,96.0,1897000,0.0,0.0
2023-06-21 00:00:00+08:00,95.0999984741211,96.5,93.9000015258789,94.9000015258789,1595000,0.0,0.0
2023-06-26 00:00:00+08:00,95.0999984741211,96.0,93.5999984741211,94.19999694824219,1256000,0.0,0.0
2023-06-27 00:00:00+08:00,94.9000015258789,99.80000305175781,94.0,98.0,4862000,0.0,0.0
2023-06-28 00:00:00+08:00,99.0,101.0,96.5999984741211,98.5999984741211,4273000,0.0,0.0
2023-06-29 00:00:00+08:00,103.0,108.0,102.5,108.0,3433000,0.0,0.0
2023-06-30 00:00:00+08:00,111.5,113.0,103.0,106.0,12591000,0.0,0.0
2023-07-03 00:00:00+08:00,105.5,105.5,99.80000305175781,102.5,5205000,0.0,0.0
2023-07-04 00:00:00+08:00,103.0,105.0,102.0,102.5,2160000,0.0,0.0
2023-07-05 00:00:00+08:00,103.0,104.0,102.0,103.5,1394000,0.0,0.0
2023-07-06 00:00:00+08:00,104.5,106.0,100.0,100.5,3045000,0.0,0.0
2023-07-07 00:00:00+08:00,101.0,101.5,98.0,98.4000015258789,1598000,0.0,0.0
2023-07-10 00:00:00+08:00,98.4000015258789,98.80000305175781,94.69999694824219,96.4000015258789,3192000,0.0,0.0
2023-07-11 00:00:00+08:00,97.30000305175781,97.30000305175781,94.5,95.0,1927000,0.0,0.0
2023-07-12 00:00:00+08:00,95.5,95.80000305175781,93.19999694824219,93.4000015258789,1737000,0.0,0.0
2023-07-13 00:00:00+08:00,94.0999984741211,94.4000015258789,90.69999694824219,92.5,2430000,0.0,0.0
2023-07-14 00:00:00+08:00,94.0,97.80000305175781,92.9000015258789,97.0999984741211,2667000,0.0,0.0
2023-07-17 00:00:00+08:00,97.4000015258789,99.19999694824219,94.19999694824219,97.9000015258789,2708000,0.0,0.0
2023-07-18 00:00:00+08:00,98.0999984741211,99.5,96.5,96.5,2017000,0.0,0.0
2023-07-19 00:00:00+08:00,97.5,103.0,97.19999694824219,100.0,4455000,0.0,0.0
2023-07-20 00:00:00+08:00,102.0,103.0,98.30000305175781,98.5,3263000,0.0,0.0
2023-07-21 00:00:00+08:00,100.0,101.5,96.5,96.80000305175781,3231000,0.0,0.0
2023-07-24 00:00:00+08:00,97.0,102.0,97.0,100.0,3305000,0.0,0.0
2023-07-25 00:00:00+08:00,101.0,103.0,99.5,102.0,2668000,0.0,0.0
2023-07-26 00:00:00+08:00,102.0,102.0,96.9000015258789,97.0999984741211,2446000,0.0,0.0
2023-07-27 00:00:00+08:00,97.69999694824219,98.4000015258789,96.0,96.4000015258789,1370000,0.0,0.0
2023-07-28 00:00:00+08:00,96.80000305175781,96.80000305175781,94.19999694824219,94.5,1563000,0.0,0.0
2023-07-31 00:00:00+08:00,95.4000015258789,95.69999694824219,93.80000305175781,94.0,1156000,0.0,0.0
2023-08-01 00:00:00+08:00,94.9000015258789,97.0,94.30000305175781,94.80000305175781,1135000,0.0,0.0
2023-08-02 00:00:00+08:00,95.0,96.0999984741211,92.0,92.19999694824219,1638000,0.0,0.0
2023-08-04 00:00:00+08:00,93.5,95.0,91.19999694824219,95.0,1369000,0.0,0.0
2023-08-07 00:00:00+08:00,95.19999694824219,97.0,93.0,94.4000015258789,1847000,0.0,0.0
2023-08-08 00:00:00+08:00,95.0,96.19999694824219,94.5,95.0,695000,0.0,0.0
2023-08-09 00:00:00+08:00,94.69999694824219,102.5,94.5999984741211,99.19999694824219,4043000,0.0,0.0
2023-08-10 00:00:00+08:00,99.19999694824219,101.5,95.69999694824219,95.9000015258789,3573000,0.0,0.0
2023-08-11 00:00:00+08:00,97.0999984741211,98.19999694824219,96.19999694824219,96.69999694824219,1139000,0.0,0.0
2023-08-14 00:00:00+08:00,96.0,96.4000015258789,90.0,93.5,1708000,0.0,0.0
2023-08-15 00:00:00+08:00,94.0999984741211,94.4000015258789,92.30000305175781,93.80000305175781,1213000,0.0,0.0
2023-08-16 00:00:00+08:00,94.0999984741211,96.30000305175781,92.5999984741211,96.19999694824219,1512000,0.0,0.0
2023-08-17 00:00:00+08:00,95.4000015258789,99.9000015258789,95.0999984741211,99.5999984741211,1809000,0.0,0.0
2023-08-18 00:00:00+08:00,100.0,106.5,98.69999694824219,103.0,5424000,0.0,0.0
2023-08-21 00:00:00+08:00,106.0,113.0,103.5,112.5,10465000,0.0,0.0
2023-08-22 00:00:00+08:00,110.5,114.5,109.5,111.5,6892000,0.0,0.0
2023-08-23 00:00:00+08:00,113.0,115.0,106.5,107.5,5448000,0.0,0.0
2023-08-24 00:00:00+08:00,107.0,108.5,104.5,107.5,3091000,0.0,0.0
2023-08-25 00:00:00+08:00,108.5,110.0,106.5,108.5,3179000,0.0,0.0
2023-08-28 00:00:00+08:00,111.0,111.0,106.0,107.5,1897000,0.0,0.0
2023-08-29 00:00:00+08:00,108.0,111.5,107.0,109.5,2258000,0.0,0.0
2023-08-30 00:00:00+08:00,112.5,120.0,110.5,116.5,10487000,0.0,0.0
2023-08-31 00:00:00+08:00,116.0,120.0,114.5,118.5,6450000,0.0,0.0
2023-09-01 00:00:00+08:00,122.0,122.0,116.0,118.0,4978000,0.0,0.0
2023-09-04 00:00:00+08:00,118.5,119.0,115.0,118.0,3373000,0.0,0.0
2023-09-05 00:00:00+08:00,118.0,119.5,106.5,106.5,9220000,0.0,0.0
2023-09-06 00:00:00+08:00,106.5,109.0,104.0,107.5,5428000,0.0,0.0
2023-09-07 00:00:00+08:00,104.0,104.0,96.80000305175781,96.80000305175781,11680000,0.0,0.0
2023-09-08 00:00:00+08:00,94.5,95.69999694824219,91.80000305175781,93.69999694824219,7621000,0.0,0.0
2023-09-11 00:00:00+08:00,94.30000305175781,96.19999694824219,92.0,92.0999984741211,4086000,0.0,0.0
2023-09-12 00:00:00+08:00,93.0,93.19999694824219,91.30000305175781,92.19999694824219,2352000,0.0,0.0
2023-09-13 00:00:00+08:00,92.0999984741211,93.0,90.5,90.80000305175781,2344000,0.0,0.0
2023-09-14 00:00:00+08:00,91.0,92.0,89.5,91.80000305175781,3403000,0.0,0.0
2023-09-15 00:00:00+08:00,92.4000015258789,92.5,90.5,90.5,2310000,0.0,0.0
2023-09-18 00:00:00+08:00,91.19999694824219,91.30000305175781,89.69999694824219,89.69999694824219,1705000,0.0,0.0
2023-09-19 00:00:00+08:00,89.9000015258789,90.30000305175781,86.80000305175781,87.0,2714000,0.0,0.0
2023-09-20 00:00:00+08:00,87.4000015258789,87.5,85.0,85.0999984741211,2726000,0.0,0.0
2023-09-21 00:00:00+08:00,85.5,85.69999694824219,83.0,83.30000305175781,2708000,0.0,0.0
2023-09-22 00:00:00+08:00,83.30000305175781,87.5,82.5999984741211,87.19999694824219,2474000,0.0,0.0
2023-09-25 00:00:00+08:00,87.69999694824219,90.9000015258789,87.4000015258789,89.4000015258789,2439000,0.0,0.0
2023-09-26 00:00:00+08:00,89.4000015258789,89.4000015258789,87.4000015258789,87.4000015258789,1127000,0.0,0.0
2023-09-27 00:00:00+08:00,87.4000015258789,88.5,86.9000015258789,88.0,626000,0.0,0.0
2023-09-28 00:00:00+08:00,88.0,89.30000305175781,87.5999984741211,88.30000305175781,747000,0.0,0.0
2023-10-02 00:00:00+08:00,88.9000015258789,89.19999694824219,87.5,88.80000305175781,677000,0.0,0.0
2023-10-03 00:00:00+08:00,88.80000305175781,88.9000015258789,86.69999694824219,87.0999984741211,1042000,0.0,0.0
2023-10-04 00:00:00+08:00,86.80000305175781,86.80000305175781,85.30000305175781,86.0,774000,0.0,0.0
2023-10-05 00:00:00+08:00,86.0999984741211,88.30000305175781,85.4000015258789,85.5999984741211,1308000,0.0,0.0
2023-10-06 00:00:00+08:00,86.9000015258789,88.9000015258789,86.5,87.80000305175781,1177000,0.0,0.0
2023-10-11 00:00:00+08:00,88.9000015258789,88.9000015258789,86.30000305175781,86.30000305175781,1035000,0.0,0.0
2023-10-12 00:00:00+08:00,87.0,87.4000015258789,86.0999984741211,87.0,404000,0.0,0.0
2023-10-13 00:00:00+08:00,87.5,87.5,85.30000305175781,85.4000015258789,910000,0.0,0.0
2023-10-16 00:00:00+08:00,85.0,86.0,84.0999984741211,84.9000015258789,616000,0.0,0.0
2023-10-17 00:00:00+08:00,85.5999984741211,85.5999984741211,84.0,84.0,594000,0.0,0.0
2023-10-18 00:00:00+08:00,83.9000015258789,84.30000305175781,81.5,81.5,1117000,0.0,0.0
2023-10-19 00:00:00+08:00,80.69999694824219,85.9000015258789,80.69999694824219,83.0,1234000,0.0,0.0
2023-10-20 00:00:00+08:00,83.0,83.4000015258789,81.19999694824219,82.0,699000,0.0,0.0
2023-10-23 00:00:00+08:00,82.0999984741211,85.5999984741211,81.5999984741211,84.30000305175781,1074000,0.0,0.0
2023-10-24 00:00:00+08:00,84.30000305175781,87.69999694824219,84.0,86.80000305175781,1394000,0.0,0.0
2023-10-25 00:00:00+08:00,88.0999984741211,88.0999984741211,85.69999694824219,85.9000015258789,753000,0.0,0.0
2023-10-26 00:00:00+08:00,85.0,86.5999984741211,84.0,84.0,697000,0.0,0.0
2023-10-27 00:00:00+08:00,84.4000015258789,89.19999694824219,84.30000305175781,87.4000015258789,3525000,0.0,0.0
2023-10-30 00:00:00+08:00,86.5999984741211,88.69999694824219,86.30000305175781,87.5,1213000,0.0,0.0
2023-10-31 00:00:00+08:00,88.69999694824219,89.19999694824219,86.0999984741211,86.5,1830000,0.0,0.0
2023-11-01 00:00:00+08:00,87.5999984741211,89.30000305175781,86.69999694824219,86.69999694824219,1627000,0.0,0.0
2023-11-02 00:00:00+08:00,87.9000015258789,87.9000015258789,86.0,86.9000015258789,564000,0.0,0.0
2023-11-03 00:00:00+08:00,87.5,88.5,86.30000305175781,86.30000305175781,746000,0.0,0.0
2023-11-06 00:00:00+08:00,86.9000015258789,88.5999984741211,86.0,87.5999984741211,1067000,0.0,0.0
2023-11-07 00:00:00+08:00,86.80000305175781,88.80000305175781,86.5999984741211,87.19999694824219,1105000,0.0,0.0
2023-11-08 00:00:00+08:00,88.0,88.0,85.19999694824219,85.80000305175781,1417000,0.0,0.0
2023-11-09 00:00:00+08:00,86.5,86.5999984741211,84.0,84.0,1213000,0.0,0.0
2023-11-10 00:00:00+08:00,83.9000015258789,84.30000305175781,81.30000305175781,81.69999694824219,2236000,0.0,0.0
2023-11-13 00:00:00+08:00,81.69999694824219,81.69999694824219,76.30000305175781,77.69999694824219,3694000,0.0,0.0
2023-11-14 00:00:00+08:00,78.0,80.4000015258789,76.5,79.69999694824219,2667000,0.0,0.0
2023-11-15 00:00:00+08:00,80.0,83.9000015258789,79.80000305175781,81.9000015258789,1945000,0.0,0.0
2023-11-16 00:00:00+08:00,81.69999694824219,82.5999984741211,80.80000305175781,82.5,1220000,0.0,0.0
2023-11-17 00:00:00+08:00,82.4000015258789,82.5999984741211,81.5999984741211,82.4000015258789,602000,0.0,0.0
2023-11-20 00:00:00+08:00,82.80000305175781,84.0,82.0999984741211,82.4000015258789,966000,0.0,0.0
2023-11-21 00:00:00+08:00,82.9000015258789,83.30000305175781,82.4000015258789,82.69999694824219,596000,0.0,0.0
2023-11-22 00:00:00+08:00,82.9000015258789,83.5999984741211,82.5999984741211,83.4000015258789,647000,0.0,0.0
2023-11-23 00:00:00+08:00,83.5999984741211,83.9000015258789,83.30000305175781,83.9000015258789,605000,0.0,0.0
2023-11-24 00:00:00+08:00,84.0999984741211,84.30000305175781,83.5,84.0,636000,0.0,0.0
2023-11-27 00:00:00+08:00,85.19999694824219,86.19999694824219,83.9000015258789,83.9000015258789,1631000,0.0,0.0
2023-11-28 00:00:00+08:00,83.9000015258789,84.19999694824219,83.5999984741211,84.0999984741211,430000,0.0,0.0
2023-11-29 00:00:00+08:00,84.30000305175781,84.9000015258789,83.80000305175781,84.30000305175781,491000,0.0,0.0
2023-11-30 00:00:00+08:00,84.5,85.19999694824219,84.19999694824219,84.30000305175781,628000,0.0,0.0
2023-12-01 00:00:00+08:00,84.30000305175781,85.5999984741211,84.30000305175781,85.0999984741211,871000,0.0,0.0
2023-12-04 00:00:00+08:00,85.30000305175781,87.4000015258789,84.80000305175781,85.9000015258789,1229000,0.0,0.0
2023-12-05 00:00:00+08:00,86.30000305175781,86.30000305175781,84.9000015258789,85.0,463000,0.0,0.0
2023-12-06 00:00:00+08:00,85.0,85.0,83.5,83.5,552000,0.0,0.0
2023-12-07 00:00:00+08:00,83.5999984741211,83.5999984741211,81.69999694824219,82.5,1143000,0.0,0.0
2023-12-08 00:00:00+08:00,82.5,83.0,82.0,82.4000015258789,476000,0.0,0.0
2023-12-11 00:00:00+08:00,82.4000015258789,82.4000015258789,81.19999694824219,81.80000305175781,454000,0.0,0.0
2023-12-12 00:00:00+08:00,81.5999984741211,82.69999694824219,81.5999984741211,82.5,295000,0.0,0.0
2023-12-13 00:00:00+08:00,83.0,83.4000015258789,81.69999694824219,81.69999694824219,459000,0.0,0.0
2023-12-14 00:00:00+08:00,82.5999984741211,83.5999984741211,81.80000305175781,82.19999694824219,542000,0.0,0.0
2023-12-15 00:00:00+08:00,82.19999694824219,82.80000305175781,81.80000305175781,82.5,362000,0.0,0.0
2023-12-18 00:00:00+08:00,82.80000305175781,83.30000305175781,81.9000015258789,82.0,628000,0.0,0.0
2023-12-19 00:00:00+08:00,82.69999694824219,82.69999694824219,80.5999984741211,80.69999694824219,814000,0.0,0.0
2023-12-20 00:00:00+08:00,80.9000015258789,82.0999984741211,80.9000015258789,81.9000015258789,482000,0.0,0.0
2023-12-21 00:00:00+08:00,81.9000015258789,82.69999694824219,81.4000015258789,82.0999984741211,538000,0.0,0.0
2023-12-22 00:00:00+08:00,82.19999694824219,82.5999984741211,80.5999984741211,80.9000015258789,630000,0.0,0.0
2023-12-25 00:00:00+08:00,81.0,82.0,80.80000305175781,81.5999984741211,289000,0.0,0.0
2023-12-26 00:00:00+08:00,81.5999984741211,82.5,81.5,82.0,269000,0.0,0.0
2023-12-27 00:00:00+08:00,82.0,82.5999984741211,81.5999984741211,82.4000015258789,449000,0.0,0.0
2023-12-28 00:00:00+08:00,82.69999694824219,82.80000305175781,81.69999694824219,82.0999984741211,317000,0.0,0.0
2023-12-29 00:00:00+08:00,82.4000015258789,82.4000015258789,80.69999694824219,82.0,553000,0.0,0.0
2024-01-02 00:00:00+08:00,82.0,83.19999694824219,81.69999694824219,83.0999984741211,582000,0.0,0.0
2024-01-03 00:00:00+08:00,83.5999984741211,83.5999984741211,82.5999984741211,83.0,418000,0.0,0.0
2024-01-04 00:00:00+08:00,83.4000015258789,86.4000015258789,83.30000305175781,85.19999694824219,1629000,0.0,0.0
2024-01-05 00:00:00+08:00,85.19999694824219,88.80000305175781,85.19999694824219,87.0999984741211,2817000,0.0,0.0
2024-01-08 00:00:00+08:00,88.0,88.5,86.0999984741211,87.19999694824219,1809000,0.0,0.0
2024-01-09 00:00:00+08:00,87.9000015258789,87.9000015258789,86.19999694824219,87.0,994000,0.0,0.0
2024-01-10 00:00:00+08:00,87.5,87.5,86.0999984741211,87.0,739000,0.0,0.0
2024-01-11 00:00:00+08:00,87.69999694824219,88.5,87.0,88.0,997000,0.0,0.0
2024-01-12 00:00:00+08:00,88.5,91.5,88.19999694824219,89.0999984741211,3435000,0.0,0.0
2024-01-15 00:00:00+08:00,90.0999984741211,91.19999694824219,89.5,90.80000305175781,1732305,0.0,0.0
2024-01-16 00:00:00+08:00,91.19999694824219,91.19999694824219,88.5999984741211,89.0999984741211,1033000,0.0,0.0
2024-01-17 00:00:00+08:00,89.4000015258789,89.4000015258789,85.5999984741211,85.80000305175781,1094000,0.0,0.0
2024-01-18 00:00:00+08:00,85.5999984741211,86.4000015258789,85.30000305175781,85.5,503000,0.0,0.0
2024-01-19 00:00:00+08:00,86.0,86.30000305175781,84.69999694824219,85.69999694824219,560000,0.0,0.0
2024-01-22 00:00:00+08:00,86.69999694824219,86.69999694824219,84.80000305175781,85.0999984741211,426000,0.0,0.0
2024-01-23 00:00:00+08:00,85.69999694824219,86.80000305175781,84.80000305175781,86.5999984741211,1018000,0.0,0.0
2024-01-24 00:00:00+08:00,86.9000015258789,89.0,86.0999984741211,88.9000015258789,1052000,0.0,0.0
2024-01-25 00:00:00+08:00,88.9000015258789,89.30000305175781,87.69999694824219,87.80000305175781,677000,0.0,0.0
2024-01-26 00:00:00+08:00,87.80000305175781,89.0999984741211,87.0,87.0,605000,0.0,0.0
2024-01-29 00:00:00+08:00,86.9000015258789,87.9000015258789,86.80000305175781,87.0,420000,0.0,0.0
2024-01-30 00:00:00+08:00,87.0999984741211,87.4000015258789,85.9000015258789,86.19999694824219,479000,0.0,0.0
2024-01-31 00:00:00+08:00,86.0,86.9000015258789,85.69999694824219,86.0,393000,0.0,0.0
2024-02-01 00:00:00+08:00,86.0999984741211,92.5999984741211,86.0999984741211,91.5,3550000,0.0,0.0
2024-02-02 00:00:00+08:00,91.80000305175781,91.9000015258789,89.0999984741211,89.80000305175781,1742000,0.0,0.0
2024-02-05 00:00:00+08:00,91.9000015258789,91.9000015258789,88.30000305175781,88.69999694824219,1320000,0.0,0.0
2024-02-15 00:00:00+08:00,91.4000015258789,93.4000015258789,90.0,91.0999984741211,2816000,0.0,0.0
2024-02-16 00:00:00+08:00,92.0999984741211,93.5999984741211,91.4000015258789,91.5999984741211,1999000,0.0,0.0
2024-02-19 00:00:00+08:00,91.47132110595703,93.04841613769531,90.97847747802734,91.66845703125,1982383,0.0,0.0
2024-02-20 00:00:00+08:00,92.35843658447266,95.11834716796875,91.37275695800781,94.92121124267578,2820381,0.0,0.0
2024-02-21 00:00:00+08:00,94.92121124267578,94.92121124267578,92.85128021240234,93.44268798828125,2195433,0.0,0.0
2024-02-22 00:00:00+08:00,94.32980346679688,95.019775390625,92.85128021240234,94.92121124267578,1817015,0.0,0.0
2024-02-23 00:00:00+08:00,95.61119079589844,103.49665069580078,95.51261901855469,101.03244018554688,5933960,0.0,0.0
2024-02-26 00:00:00+08:00,100.04676055908203,109.90357971191406,100.04676055908203,106.45369720458984,9186529,0.0,0.0
2024-02-27 00:00:00+08:00,112.5,116.5,111.0,114.0,10507000,0.0,0.0
2024-02-29 00:00:00+08:00,109.5,113.5,107.0,110.5,9404000,0.0,0.0
2024-03-01 00:00:00+08:00,109.5,112.0,107.0,109.0,4197000,0.0,0.0
2024-03-04 00:00:00+08:00,110.0,111.0,108.0,109.0,2755000,0.0,0.0
2024-03-05 00:00:00+08:00,109.0,110.0,102.5,102.5,4264000,0.0,0.0
2024-03-06 00:00:00+08:00,104.0,105.5,101.0,103.5,2476000,0.0,0.0
2024-03-07 00:00:00+08:00,106.0,107.5,102.0,107.5,4562000,0.0,0.0
2024-03-08 00:00:00+08:00,104.0,104.0,96.80000305175781,96.80000305175781,5335000,0.0,0.0
2024-03-11 00:00:00+08:00,95.0999984741211,96.0,93.19999694824219,94.0999984741211,2973000,0.0,0.0
2024-03-12 00:00:00+08:00,93.5,94.4000015258789,91.30000305175781,91.9000015258789,2736000,0.0,0.0
2024-03-13 00:00:00+08:00,92.19999694824219,93.0,90.19999694824219,90.9000015258789,1338000,0.0,0.0
2024-03-14 00:00:00+08:00,91.0,92.30000305175781,90.5999984741211,91.69999694824219,1261000,0.0,0.0
2024-03-15 00:00:00+08:00,92.19999694824219,92.80000305175781,90.0999984741211,90.0999984741211,1071000,0.0,0.0
2024-03-18 00:00:00+08:00,90.0999984741211,90.0999984741211,90.0999984741211,90.0999984741211,0,0.0,0.0
2024-03-19 00:00:00+08:00,91.9000015258789,92.69999694824219,90.5,91.0999984741211,874000,0.0,0.0
2024-03-20 00:00:00+08:00,91.0999984741211,91.0999984741211,91.0999984741211,91.0999984741211,0,0.0,0.0
2024-03-21 00:00:00+08:00,89.4000015258789,90.0999984741211,88.4000015258789,88.5999984741211,1069000,0.0,0.0
2024-03-22 00:00:00+08:00,89.0999984741211,89.69999694824219,88.0999984741211,88.80000305175781,985000,0.0,0.0
2024-03-25 00:00:00+08:00,88.80000305175781,88.80000305175781,88.80000305175781,88.80000305175781,0,0.0,0.0
2024-03-26 00:00:00+08:00,88.0999984741211,89.80000305175781,87.80000305175781,88.0999984741211,873000,0.0,0.0
2024-03-27 00:00:00+08:00,88.69999694824219,89.5,87.5,88.0,937000,0.0,0.0
2024-03-28 00:00:00+08:00,88.0,89.30000305175781,87.9000015258789,88.4000015258789,955000,0.0,0.0
2024-03-29 00:00:00+08:00,88.69999694824219,88.69999694824219,87.69999694824219,87.80000305175781,567000,0.0,0.0
2024-04-01 00:00:00+08:00,87.80000305175781,91.30000305175781,87.5999984741211,90.0999984741211,1520000,0.0,0.0
2024-04-02 00:00:00+08:00,90.30000305175781,90.5,88.30000305175781,88.5,1250000,0.0,0.0
2024-04-03 00:00:00+08:00,89.0,95.0,88.5,90.5999984741211,6745000,0.0,0.0
2024-04-08 00:00:00+08:00,91.4000015258789,93.5999984741211,90.30000305175781,93.0,3006000,0.0,0.0
2024-04-09 00:00:00+08:00,94.5,97.69999694824219,94.0999984741211,96.19999694824219,4467000,0.0,0.0
2024-04-10 00:00:00+08:00,96.0999984741211,97.30000305175781,93.19999694824219,93.19999694824219,2678000,0.0,0.0
2024-04-11 00:00:00+08:00,94.0,96.19999694824219,93.5,95.80000305175781,2242000,0.0,0.0
2024-04-12 00:00:00+08:00,96.69999694824219,96.69999694824219,93.80000305175781,94.0,2167000,0.0,0.0
2024-04-15 00:00:00+08:00,93.0999984741211,93.0999984741211,90.0999984741211,90.0999984741211,2005000,0.0,0.0
2024-04-16 00:00:00+08:00,90.80000305175781,90.80000305175781,87.0,87.9000015258789,1524000,0.0,0.0
2024-04-17 00:00:00+08:00,88.80000305175781,89.30000305175781,87.80000305175781,87.80000305175781,1068000,0.0,0.0
2024-04-18 00:00:00+08:00,87.80000305175781,88.4000015258789,86.5999984741211,86.80000305175781,1020000,0.0,0.0
2024-04-19 00:00:00+08:00,87.4000015258789,87.4000015258789,82.19999694824219,83.0999984741211,2039000,0.0,0.0
2024-04-22 00:00:00+08:00,84.19999694824219,85.0,81.69999694824219,81.80000305175781,1467000,0.0,0.0
2024-04-23 00:00:00+08:00,82.80000305175781,83.5999984741211,82.5,82.80000305175781,945000,0.0,0.0
2024-04-24 00:00:00+08:00,83.30000305175781,84.80000305175781,83.30000305175781,84.80000305175781,712000,0.0,0.0
2024-04-25 00:00:00+08:00,84.0,84.4000015258789,82.5,82.5,747000,0.0,0.0
2024-04-26 00:00:00+08:00,83.5,83.5,82.69999694824219,83.0,496000,0.0,0.0
2024-04-29 00:00:00+08:00,83.9000015258789,86.0,83.5,86.0,1224000,0.0,0.0
2024-04-30 00:00:00+08:00,86.0999984741211,86.30000305175781,84.80000305175781,85.5,489000,0.0,0.0
2024-05-02 00:00:00+08:00,86.0,86.0,84.5,85.0,571000,0.0,0.0
2024-05-03 00:00:00+08:00,85.9000015258789,86.30000305175781,85.0999984741211,85.80000305175781,549000,0.0,0.0
2024-05-06 00:00:00+08:00,86.80000305175781,88.9000015258789,86.5999984741211,88.0,1379000,0.0,0.0
2024-05-07 00:00:00+08:00,87.30000305175781,88.69999694824219,86.0,86.69999694824219,731000,0.0,0.0
2024-05-08 00:00:00+08:00,86.0,87.9000015258789,86.0,86.69999694824219,393000,0.0,0.0
2024-05-09 00:00:00+08:00,86.5,86.9000015258789,85.69999694824219,85.69999694824219,521000,0.0,0.0
2024-05-10 00:00:00+08:00,86.69999694824219,87.0,85.0999984741211,86.5,430000,0.0,0.0
2024-05-13 00:00:00+08:00,87.5999984741211,87.5999984741211,86.19999694824219,86.5,363000,0.0,0.0
2024-05-14 00:00:00+08:00,87.30000305175781,88.69999694824219,87.0,87.4000015258789,602000,0.0,0.0
2024-05-15 00:00:00+08:00,87.5999984741211,88.19999694824219,86.30000305175781,86.4000015258789,481000,0.0,0.0
2024-05-16 00:00:00+08:00,86.4000015258789,87.0999984741211,85.80000305175781,86.9000015258789,671000,0.0,0.0
2024-05-17 00:00:00+08:00,87.0,88.5999984741211,86.9000015258789,87.69999694824219,805000,0.0,0.0
2024-05-20 00:00:00+08:00,88.0,88.4000015258789,86.30000305175781,87.19999694824219,458000,0.0,0.0
2024-05-21 00:00:00+08:00,89.0999984741211,91.5,88.0,88.0,1748000,0.0,0.0
2024-05-22 00:00:00+08:00,88.80000305175781,88.9000015258789,87.9000015258789,88.5,409000,0.0,0.0
2024-05-23 00:00:00+08:00,89.0999984741211,89.9000015258789,87.0999984741211,87.0999984741211,737000,0.0,0.0
2024-05-24 00:00:00+08:00,87.80000305175781,87.80000305175781,86.5,87.19999694824219,323000,0.0,0.0
2024-05-27 00:00:00+08:00,88.30000305175781,88.30000305175781,87.0,87.5,466000,0.0,0.0
2024-05-28 00:00:00+08:00,87.5,89.0999984741211,87.19999694824219,88.69999694824219,666000,0.0,0.0
2024-05-29 00:00:00+08:00,89.80000305175781,91.4000015258789,89.0,89.0999984741211,1563000,0.0,0.0
2024-05-30 00:00:00+08:00,88.69999694824219,90.0999984741211,88.5999984741211,88.5999984741211,598000,0.0,0.0
2024-05-31 00:00:00+08:00,88.69999694824219,90.30000305175781,88.0,90.0999984741211,963000,0.0,0.0
2024-06-03 00:00:00+08:00,90.69999694824219,90.9000015258789,89.19999694824219,89.5999984741211,445000,0.0,0.0
2024-06-04 00:00:00+08:00,90.4000015258789,90.4000015258789,89.30000305175781,89.5,447000,0.0,0.0
2024-06-05 00:00:00+08:00,90.0,90.69999694824219,89.5,90.30000305175781,472000,0.0,0.0
2024-06-06 00:00:00+08:00,90.9000015258789,90.9000015258789,89.4000015258789,89.4000015258789,493000,0.0,0.0
2024-06-07 00:00:00+08:00,89.0,90.4000015258789,88.0999984741211,90.0999984741211,1012000,0.0,0.0
2024-06-11 00:00:00+08:00,91.0,93.80000305175781,90.5,91.0,2273000,0.0,0.0
2024-06-12 00:00:00+08:00,91.30000305175781,93.0,90.5999984741211,91.0,766000,0.0,0.0
2024-06-13 00:00:00+08:00,91.5,91.69999694824219,90.5999984741211,91.0,503000,0.0,0.0
2024-06-14 00:00:00+08:00,91.69999694824219,91.69999694824219,90.19999694824219,90.9000015258789,528000,0.0,0.0
2024-06-17 00:00:00+08:00,91.0,92.30000305175781,91.0,91.5,609000,0.0,0.0
2024-06-18 00:00:00+08:00,91.9000015258789,92.30000305175781,91.0999984741211,92.0,607000,0.0,0.0
2024-06-19 00:00:00+08:00,92.0,92.30000305175781,89.4000015258789,89.5,828000,0.0,0.0
2024-06-20 00:00:00+08:00,90.0,90.9000015258789,89.5,89.9000015258789,468000,0.0,0.0
2024-06-21 00:00:00+08:00,90.0,91.0,88.5,88.9000015258789,796000,0.0,0.0
2024-06-24 00:00:00+08:00,88.0999984741211,88.5999984741211,86.5999984741211,86.69999694824219,1311000,0.0,0.0
2024-06-25 00:00:00+08:00,86.69999694824219,88.0,85.5999984741211,87.80000305175781,508000,0.0,0.0
2024-06-26 00:00:00+08:00,88.0999984741211,90.0,87.9000015258789,89.5,1081000,0.0,0.0
2024-06-27 00:00:00+08:00,89.9000015258789,90.5999984741211,89.19999694824219,89.4000015258789,549000,0.0,0.0
2024-06-28 00:00:00+08:00,89.69999694824219,90.30000305175781,89.0999984741211,89.30000305175781,547000,0.0,0.0
2024-07-01 00:00:00+08:00,89.5999984741211,91.0,89.5999984741211,90.19999694824219,815000,0.0,0.0
2024-07-02 00:00:00+08:00,90.80000305175781,90.80000305175781,88.5,88.5999984741211,516000,0.0,0.0
2024-07-03 00:00:00+08:00,88.80000305175781,88.80000305175781,87.4000015258789,87.4000015258789,719000,0.0,0.0
2024-07-04 00:00:00+08:00,88.0999984741211,88.0999984741211,86.69999694824219,86.9000015258789,647000,0.0,0.0
2024-07-05 00:00:00+08:00,87.19999694824219,87.69999694824219,86.80000305175781,86.80000305175781,685000,0.0,0.0
2024-07-08 00:00:00+08:00,86.80000305175781,87.4000015258789,86.0,86.0,626000,0.0,0.0
2024-07-09 00:00:00+08:00,86.0,86.30000305175781,83.80000305175781,84.0999984741211,1007000,0.0,0.0
2024-07-10 00:00:00+08:00,84.0999984741211,85.80000305175781,83.80000305175781,85.80000305175781,437000,0.0,0.0
2024-07-11 00:00:00+08:00,85.5999984741211,86.0999984741211,84.80000305175781,84.9000015258789,413000,0.0,0.0
2024-07-12 00:00:00+08:00,85.0,85.69999694824219,84.0999984741211,85.30000305175781,588000,0.0,0.0
2024-07-15 00:00:00+08:00,85.4000015258789,86.5999984741211,84.9000015258789,86.30000305175781,421000,0.0,0.0
2024-07-16 00:00:00+08:00,86.69999694824219,87.0,85.5999984741211,85.5999984741211,421000,0.0,0.0
2024-07-17 00:00:00+08:00,86.80000305175781,89.0,86.0999984741211,88.0999984741211,1063000,0.0,0.0
2024-07-18 00:00:00+08:00,88.0,89.0,86.80000305175781,88.4000015258789,724000,0.0,0.0
2024-07-19 00:00:00+08:00,90.30000305175781,91.5,86.5,86.5,1793000,0.0,0.0
2024-07-22 00:00:00+08:00,87.4000015258789,91.0,86.9000015258789,87.0999984741211,1839000,0.0,0.0
2024-07-23 00:00:00+08:00,86.9000015258789,87.9000015258789,86.5,86.5,499000,0.0,0.0
2024-07-26 00:00:00+08:00,86.0,87.0999984741211,85.5999984741211,85.80000305175781,587000,0.0,0.0
2024-07-29 00:00:00+08:00,86.0,86.4000015258789,82.5999984741211,82.5999984741211,864000,0.0,0.0
2024-07-30 00:00:00+08:00,82.5999984741211,83.9000015258789,81.9000015258789,83.9000015258789,331000,0.0,0.0
2024-07-31 00:00:00+08:00,83.0,83.69999694824219,82.5999984741211,82.5999984741211,261000,0.0,0.0
2024-08-01 00:00:00+08:00,83.19999694824219,84.80000305175781,83.0,84.5,318000,0.0,0.0
2024-08-02 00:00:00+08:00,83.30000305175781,84.4000015258789,82.19999694824219,82.19999694824219,358000,0.0,0.0
2024-08-05 00:00:00+08:00,80.5999984741211,81.69999694824219,74.0,74.0,1919000,0.0,0.0
2024-08-06 00:00:00+08:00,74.0,74.4000015258789,66.5999984741211,70.30000305175781,2771000,0.0,0.0
2024-08-07 00:00:00+08:00,70.5999984741211,75.9000015258789,70.5999984741211,75.5999984741211,888000,0.0,0.0
2024-08-08 00:00:00+08:00,75.0,77.30000305175781,74.0,76.69999694824219,579000,0.0,0.0
2024-08-09 00:00:00+08:00,78.0,79.5,77.0999984741211,78.4000015258789,772000,0.0,0.0
2024-08-12 00:00:00+08:00,80.0,80.0,78.0999984741211,78.19999694824219,374000,0.0,0.0
2024-08-13 00:00:00+08:00,77.30000305175781,78.19999694824219,77.0999984741211,77.80000305175781,403000,0.0,0.0
2024-08-14 00:00:00+08:00,77.80000305175781,79.5,76.80000305175781,79.5,579000,0.0,0.0
2024-08-15 00:00:00+08:00,80.0,80.4000015258789,79.30000305175781,80.0,429000,0.0,0.0
2024-08-16 00:00:00+08:00,80.30000305175781,80.9000015258789,79.5,80.9000015258789,414000,0.0,0.0
2024-08-19 00:00:00+08:00,80.9000015258789,80.9000015258789,79.19999694824219,79.4000015258789,388000,0.0,0.0
2024-08-20 00:00:00+08:00,79.9000015258789,80.4000015258789,79.0,80.0,856000,0.0,0.0
2024-08-21 00:00:00+08:00,79.9000015258789,81.80000305175781,79.80000305175781,80.9000015258789,678000,0.0,0.0
2024-08-22 00:00:00+08:00,81.0,82.30000305175781,80.80000305175781,81.30000305175781,399000,0.0,0.0
2024-08-23 00:00:00+08:00,80.69999694824219,81.5999984741211,80.5999984741211,81.0,237000,0.0,0.0
2024-08-26 00:00:00+08:00,81.5,82.0,80.19999694824219,80.4000015258789,472000,0.0,0.0
2024-08-27 00:00:00+08:00,80.0999984741211,82.5999984741211,80.0,82.0,900000,0.0,0.0
2024-08-28 00:00:00+08:00,82.69999694824219,84.9000015258789,82.5999984741211,83.69999694824219,619000,0.0,0.0
2024-08-29 00:00:00+08:00,83.4000015258789,84.5,82.0999984741211,84.4000015258789,495000,0.0,0.0
2024-08-30 00:00:00+08:00,84.5,87.5999984741211,84.5,86.4000015258789,1460000,0.0,0.0
2024-09-02 00:00:00+08:00,87.5999984741211,87.69999694824219,85.30000305175781,85.30000305175781,695000,0.0,0.0
2024-09-03 00:00:00+08:00,85.0,85.30000305175781,83.5999984741211,84.0,374000,0.0,0.0
2024-09-04 00:00:00+08:00,82.5,82.5,80.0,81.30000305175781,457000,0.0,0.0
2024-09-05 00:00:00+08:00,82.5,82.5,79.0,79.19999694824219,436000,0.0,0.0
2024-09-06 00:00:00+08:00,80.0999984741211,80.19999694824219,79.0,80.19999694824219,197000,0.0,0.0
2024-09-09 00:00:00+08:00,78.5999984741211,80.9000015258789,78.5999984741211,80.5999984741211,210000,0.0,0.0
2024-09-10 00:00:00+08:00,80.9000015258789,81.0,79.5,79.9000015258789,323000,0.0,0.0
2024-09-11 00:00:00+08:00,80.69999694824219,80.69999694824219,79.69999694824219,80.4000015258789,171000,0.0,0.0
2024-09-12 00:00:00+08:00,81.0999984741211,81.30000305175781,79.69999694824219,79.80000305175781,340000,0.0,0.0
2024-09-13 00:00:00+08:00,79.9000015258789,80.4000015258789,79.30000305175781,79.30000305175781,250000,0.0,0.0
2024-09-16 00:00:00+08:00,79.69999694824219,79.9000015258789,79.0999984741211,79.4000015258789,188000,0.0,0.0
2024-09-18 00:00:00+08:00,79.4000015258789,81.69999694824219,79.19999694824219,81.4000015258789,649000,0.0,0.0
2024-09-19 00:00:00+08:00,81.5,81.5,80.30000305175781,80.69999694824219,296000,0.0,0.0
2024-09-20 00:00:00+08:00,81.0,81.0999984741211,80.19999694824219,80.9000015258789,806000,0.0,0.0
2024-09-23 00:00:00+08:00,80.9000015258789,82.0999984741211,80.19999694824219,80.5999984741211,375000,0.0,0.0
2024-09-24 00:00:00+08:00,80.80000305175781,81.5,80.4000015258789,81.0999984741211,504000,0.0,0.0
2024-09-25 00:00:00+08:00,81.0999984741211,85.69999694824219,81.0999984741211,82.19999694824219,1196000,0.0,0.0
2024-09-26 00:00:00+08:00,83.4000015258789,83.4000015258789,80.19999694824219,80.19999694824219,767000,0.0,0.0
2024-09-27 00:00:00+08:00,80.19999694824219,80.5,80.0999984741211,80.0999984741211,422000,0.0,0.0
2024-09-30 00:00:00+08:00,80.19999694824219,81.0,79.69999694824219,79.69999694824219,307000,0.0,0.0
2024-10-01 00:00:00+08:00,79.80000305175781,80.19999694824219,79.30000305175781,79.4000015258789,232000,0.0,0.0
2024-10-04 00:00:00+08:00,79.0,79.19999694824219,78.19999694824219,78.19999694824219,359000,0.0,0.0
2024-10-07 00:00:00+08:00,78.30000305175781,78.5,77.4000015258789,77.80000305175781,618000,0.0,0.0
2024-10-08 00:00:00+08:00,77.19999694824219,77.9000015258789,76.30000305175781,76.30000305175781,324000,0.0,0.0
2024-10-09 00:00:00+08:00,76.30000305175781,76.30000305175781,73.9000015258789,73.9000015258789,698000,0.0,0.0
2024-10-11 00:00:00+08:00,74.4000015258789,75.19999694824219,74.19999694824219,74.69999694824219,248000,0.0,0.0
