Date,Open,High,Low,Close,Volume,Dividends,Stock Splits
2000-01-03 00:00:00+08:00,0.13993326518702756,0.1415991302268527,0.13493569195270538,0.13493569195270538,468367,0.0,0.0
2000-01-04 00:00:00+08:00,0.13326984028930855,0.13493570549633827,0.13160398602485657,0.13160398602485657,305265,0.0,0.0
2000-01-05 00:00:00+08:00,0.12327432016625393,0.1266064007264873,0.12160846590995789,0.12160846590995789,203877,0.0,0.0
2000-01-06 00:00:00+08:00,0.12494054647019125,0.1266064007264873,0.11994260071108415,0.12160846590995789,404448,0.0,0.0
2000-01-07 00:00:00+08:00,0.12327432411439083,0.12660640478134155,0.12327432411439083,0.12660640478134155,197265,0.0,0.0
2000-01-10 00:00:00+08:00,0.1266064007264873,0.12827226592536103,0.12160846590995789,0.12160846590995789,93673,0.0,0.0
2000-01-11 00:00:00+08:00,0.12160846590995789,0.12160846590995789,0.1182767464547881,0.12160846590995789,117918,0.0,0.0
2000-01-12 00:00:00+08:00,0.11827675253152849,0.11994260687341163,0.11661088724706709,0.11827675253152847,93673,0.0,0.0
2000-01-13 00:00:00+08:00,0.12160844809859415,0.12160844809859415,0.11661086417652104,0.11994258314371109,105795,0.0,0.0
2000-01-14 00:00:00+08:00,0.11661088724706709,0.11827675253152849,0.11661088724706709,0.11827675253152847,164203,0.0,0.0
2000-01-17 00:00:00+08:00,0.11827673480000396,0.11827673480000396,0.11661086976528166,0.11661086976528168,52897,0.0,0.0
2000-01-18 00:00:00+08:00,0.11494501567313599,0.11661086976528166,0.1132791506384137,0.11661086976528168,82653,0.0,0.0
2000-01-19 00:00:00+08:00,0.11494502425193787,0.11661087846841284,0.11494502425193787,0.11494502425193787,296448,0.0,0.0
2000-01-20 00:00:00+08:00,0.11661088724706709,0.11827675253152849,0.11661088724706709,0.11827675253152847,72734,0.0,0.0
2000-01-21 00:00:00+08:00,0.11661086976528166,0.11994258889214963,0.11661086976528166,0.11661086976528168,71632,0.0,0.0
2000-01-24 00:00:00+08:00,0.11661087846841284,0.11661087846841284,0.11494502425193787,0.11494502425193787,126734,0.0,0.0
2000-01-25 00:00:00+08:00,0.11494501567313599,0.11661086976528166,0.1132791506384137,0.11661086976528168,130040,0.0,0.0
2000-01-26 00:00:00+08:00,0.11327915909288547,0.11827674362746524,0.11327915909288547,0.11494502425193787,144367,0.0,0.0
2000-01-27 00:00:00+08:00,0.11661087846841284,0.11661087846841284,0.11494502425193787,0.11494502425193787,111306,0.0,0.0
2000-01-28 00:00:00+08:00,0.11494499882566725,0.11494499882566725,0.11327913403511049,0.11327913403511047,57306,0.0,0.0
2000-01-31 00:00:00+08:00,0.11161331087350845,0.11161331087350845,0.11161331087350845,0.11161331087350845,22040,0.0,0.0
2000-02-01 00:00:00+08:00,0.11161331087350845,0.11161331087350845,0.11161331087350845,0.11161331087350845,9918,0.0,0.0
2000-02-02 00:00:00+08:00,0.11161331087350845,0.11161331087350845,0.11161331087350845,0.11161331087350845,8816,0.0,0.0
2000-02-03 00:00:00+08:00,0.11161328018712871,0.11327913403511049,0.11161328018712871,0.11327913403511047,23142,0.0,0.0
2000-02-04 00:00:00+08:00,0.11327913403511049,0.11327913403511049,0.11327913403511049,0.11327913403511047,5510,0.0,0.0
2000-02-07 00:00:00+08:00,0.11327913403511049,0.11327913403511049,0.11327913403511049,0.11327913403511047,0,0.0,0.0
2000-02-08 00:00:00+08:00,0.10994745189607828,0.10994745189607828,0.10828159749507903,0.10828159749507904,49591,0.0,0.0
2000-02-09 00:00:00+08:00,0.11161329309040403,0.11161329309040403,0.10994742810726166,0.10994742810726166,66122,0.0,0.0
2000-02-10 00:00:00+08:00,0.10994742624214093,0.11994258314371109,0.10994742624214093,0.11994258314371109,150979,0.0,0.0
2000-02-11 00:00:00+08:00,0.11994257131218757,0.11994257131218757,0.11327913403511049,0.11327913403511047,159795,0.0,0.0
2000-02-14 00:00:00+08:00,0.11494499882566725,0.11494499882566725,0.11327913403511049,0.11327913403511047,56204,0.0,0.0
2000-02-15 00:00:00+08:00,0.11327914713097015,0.11327914713097015,0.10994742810726166,0.10994742810726166,38571,0.0,0.0
2000-02-16 00:00:00+08:00,0.10828159131896437,0.11161331087350845,0.10828159131896437,0.11161331087350845,53999,0.0,0.0
2000-02-17 00:00:00+08:00,0.10828156154859017,0.11327913403511049,0.10828156154859017,0.11327913403511047,159795,0.0,0.0
2000-02-18 00:00:00+08:00,0.11327916517949149,0.11327916517949149,0.11161331087350845,0.11161331087350845,52897,0.0,0.0
2000-02-21 00:00:00+08:00,0.11161330023911059,0.11161330023911059,0.10328400761764564,0.10494986176490784,242448,0.0,0.0
2000-02-22 00:00:00+08:00,0.10328399842691942,0.10494985242594561,0.10161813348531723,0.10161813348531723,171918,0.0,0.0
2000-02-23 00:00:00+08:00,0.10494984593172667,0.10828156466619075,0.10328399203578228,0.10661569982767105,173020,0.0,0.0
2000-02-24 00:00:00+08:00,0.10661571591217005,0.10661571591217005,0.10494986176490784,0.10494986176490784,79346,0.0,0.0
2000-02-25 00:00:00+08:00,0.10994743514927142,0.10994743514927142,0.10494986176490784,0.10494986176490784,123428,0.0,0.0
2000-02-28 00:00:00+08:00,0.10161813348531723,0.10161813348531723,0.09995227948629104,0.10161813348531723,72734,0.0,0.0
2000-02-29 00:00:00+08:00,0.10328397154808044,0.10494982511358139,0.10161810704000636,0.10328397154808044,121224,0.0,0.0
2000-03-01 00:00:00+08:00,0.10661571547636138,0.10661571547636138,0.09995228797197342,0.09995228797197342,136652,0.0,0.0
2000-03-02 00:00:00+08:00,0.09995228797197342,0.10161814211242617,0.09995228797197342,0.09995228797197342,94775,0.0,0.0
2000-03-03 00:00:00+08:00,0.09828642010688782,0.0999522851427642,0.09828642010688782,0.09828642010688782,87061,0.0,0.0
2000-03-06 00:00:00+08:00,0.09995228631108324,0.09995228631108324,0.09662056714296341,0.09662056714296341,53999,0.0,0.0
2000-03-07 00:00:00+08:00,0.0999522676680381,0.0999522676680381,0.08995711202796984,0.09495468437671661,77142,0.0,0.0
2000-03-08 00:00:00+08:00,0.09662056714296341,0.09662056714296341,0.09662056714296341,0.09662056714296341,26448,0.0,0.0
2000-03-09 00:00:00+08:00,0.09662056542275617,0.09662056542275617,0.0932888463139534,0.0932888463139534,67224,0.0,0.0
2000-03-10 00:00:00+08:00,0.08995712720515062,0.0932888463139534,0.08995712720515062,0.0932888463139534,65020,0.0,0.0
2000-03-13 00:00:00+08:00,0.08829125864978947,0.08995711803436279,0.08829125864978947,0.08995711803436279,55102,0.0,0.0
2000-03-14 00:00:00+08:00,0.08995711803436279,0.08995711803436279,0.08995711803436279,0.08995711803436279,13224,0.0,0.0
2000-03-15 00:00:00+08:00,0.08829125864978947,0.08995711803436279,0.08829125864978947,0.08995711803436279,71632,0.0,0.0
2000-03-16 00:00:00+08:00,0.08995711803436279,0.08995711803436279,0.08995711803436279,0.08995711803436279,0,0.0,0.0
2000-03-17 00:00:00+08:00,0.09162297741893613,0.09162297741893613,0.08995711803436279,0.08995711803436279,22040,0.0,0.0
2000-03-20 00:00:00+08:00,0.09328886061030095,0.09328886061030095,0.08829128118122685,0.09162300080060959,11020,0.0,0.0
2000-03-21 00:00:00+08:00,0.09162297130131454,0.09495468437671661,0.08995711202796984,0.09495468437671661,110204,0.0,0.0
2000-03-22 00:00:00+08:00,0.09828640292340603,0.09828640292340603,0.09495468437671661,0.09495468437671661,78244,0.0,0.0
2000-03-23 00:00:00+08:00,0.09662058022968369,0.09662058022968369,0.09162300080060959,0.09162300080060959,18734,0.0,0.0
2000-03-24 00:00:00+08:00,0.08995711803436279,0.08995711803436279,0.08995711803436279,0.08995711803436279,14326,0.0,0.0
2000-03-27 00:00:00+08:00,0.0932888463139534,0.0932888463139534,0.08995712720515062,0.0932888463139534,31959,0.0,0.0
2000-03-28 00:00:00+08:00,0.0932888463139534,0.0932888463139534,0.0932888463139534,0.0932888463139534,14326,0.0,0.0
2000-03-29 00:00:00+08:00,0.0932888463139534,0.0932888463139534,0.0932888463139534,0.0932888463139534,4408,0.0,0.0
2000-03-30 00:00:00+08:00,0.09662056601358805,0.0999522851427642,0.09662056601358805,0.09828642010688782,41877,0.0,0.0
2000-03-31 00:00:00+08:00,0.09328884797484358,0.09662056714296341,0.09328884797484358,0.09662056714296341,23142,0.0,0.0
2000-04-03 00:00:00+08:00,0.09662056714296341,0.09662056714296341,0.09662056714296341,0.09662056714296341,0,0.0,0.0
2000-04-04 00:00:00+08:00,0.08995712880672374,0.09662056714296341,0.08995712880672374,0.09662056714296341,15428,0.0,0.0
2000-04-05 00:00:00+08:00,0.09662054912134868,0.09662054912134868,0.08995711202796984,0.09495468437671661,25346,0.0,0.0
2000-04-06 00:00:00+08:00,0.08995711202796984,0.09495468437671661,0.08995711202796984,0.09495468437671661,5510,0.0,0.0
2000-04-07 00:00:00+08:00,0.08995714099091823,0.09495471494870321,0.08995714099091823,0.09162300080060959,26448,0.0,0.0
2000-04-10 00:00:00+08:00,0.09662055557265611,0.09828640948594172,0.08829125864978947,0.08995711803436279,142163,0.0,0.0
2000-04-11 00:00:00+08:00,0.08995711803436279,0.08995711803436279,0.08995711803436279,0.08995711803436279,36367,0.0,0.0
2000-04-12 00:00:00+08:00,0.09162298675955201,0.0932888463139534,0.09162298675955201,0.0932888463139534,37469,0.0,0.0
2000-04-13 00:00:00+08:00,0.08662542137153549,0.09162300080060959,0.08662542137153549,0.09162300080060959,9918,0.0,0.0
2000-04-14 00:00:00+08:00,0.09162297130131454,0.09495468437671661,0.08995711202796984,0.09495468437671661,211591,0.0,0.0
2000-04-17 00:00:00+08:00,0.08662541287472646,0.08829127252101898,0.08329369358214139,0.08829127252101898,82653,0.0,0.0
2000-04-18 00:00:00+08:00,0.08829127173803332,0.08829127173803332,0.0832936928434753,0.08662541210651398,50693,0.0,0.0
2000-04-19 00:00:00+08:00,0.08495956156184413,0.09162300080060959,0.08329370175215277,0.09162300080060959,41877,0.0,0.0
2000-04-20 00:00:00+08:00,0.08662541287472646,0.09162299181360405,0.08329369358214139,0.08829127252101898,51795,0.0,0.0
2000-04-21 00:00:00+08:00,0.08829127252101898,0.08829127252101898,0.08829127252101898,0.08829127252101898,0,0.0,0.0
2000-04-24 00:00:00+08:00,0.08495954327811321,0.08495954327811321,0.08329368382692337,0.08329368382692337,16530,0.0,0.0
2000-04-25 00:00:00+08:00,0.08329368338026732,0.08329368338026732,0.07996159791946411,0.07996159791946411,50693,0.0,0.0
2000-04-26 00:00:00+08:00,0.08329369207584217,0.08495955169200897,0.08162746588334747,0.08495955169200897,18734,0.0,0.0
2000-04-27 00:00:00+08:00,0.08329370175215277,0.09162300080060959,0.08329370175215277,0.09162300080060959,45183,0.0,0.0
2000-04-28 00:00:00+08:00,0.08995714099091823,0.09495471494870321,0.08662542137153549,0.09162300080060959,65020,0.0,0.0
2000-05-01 00:00:00+08:00,0.09162300080060959,0.09162300080060959,0.09162300080060959,0.09162300080060959,0,0.0,0.0
2000-05-02 00:00:00+08:00,0.09162300080060959,0.09162300080060959,0.09162300080060959,0.09162300080060959,3306,0.0,0.0
2000-05-03 00:00:00+08:00,0.08662539926521613,0.08995711803436279,0.08662539926521613,0.08995711803436279,34163,0.0,0.0
2000-05-04 00:00:00+08:00,0.09328885145989659,0.09328885145989659,0.08829127252101898,0.08829127252101898,63918,0.0,0.0
2000-05-05 00:00:00+08:00,0.08995711803436279,0.09162297741893613,0.08995711803436279,0.08995711803436279,29755,0.0,0.0
2000-05-08 00:00:00+08:00,0.08995711803436279,0.08995711803436279,0.08995711803436279,0.08995711803436279,11020,0.0,0.0
2000-05-09 00:00:00+08:00,0.08995711803436279,0.08995711803436279,0.08995711803436279,0.08995711803436279,0,0.0,0.0
2000-05-10 00:00:00+08:00,0.08995711803436279,0.08995711803436279,0.08995711803436279,0.08995711803436279,22040,0.0,0.0
2000-05-11 00:00:00+08:00,0.08995714099091823,0.09162300080060959,0.08995714099091823,0.09162300080060959,13224,0.0,0.0
2000-05-12 00:00:00+08:00,0.08829127252101898,0.08829127252101898,0.08662541287472646,0.08829127252101898,15428,0.0,0.0
2000-05-15 00:00:00+08:00,0.08662541130817578,0.08662541130817578,0.08495955169200897,0.08495955169200897,22040,0.0,0.0
2000-05-16 00:00:00+08:00,0.08662541130817578,0.08662541130817578,0.08495955169200897,0.08495955169200897,11020,0.0,0.0
2000-05-17 00:00:00+08:00,0.08329368382692337,0.08329368382692337,0.08329368382692337,0.08329368382692337,1102,0.0,0.0
2000-05-18 00:00:00+08:00,0.08329368382692337,0.08329368382692337,0.08329368382692337,0.08329368382692337,0,0.0,0.0
2000-05-19 00:00:00+08:00,0.0799615983482521,0.08329368382692337,0.0799615983482521,0.08329368382692337,80448,0.0,0.0
2000-05-22 00:00:00+08:00,0.0799615983482521,0.08329368382692337,0.0799615983482521,0.08329368382692337,19836,0.0,0.0
2000-05-23 00:00:00+08:00,0.07829573847720732,0.07996159791946411,0.07662987903495053,0.07996159791946411,23142,0.0,0.0
2000-05-24 00:00:00+08:00,0.07662987903495053,0.07996159791946411,0.07496401959269373,0.07996159791946411,25346,0.0,0.0
2000-05-25 00:00:00+08:00,0.07662987903495053,0.07996159791946411,0.07662987903495053,0.07996159791946411,22040,0.0,0.0
2000-05-26 00:00:00+08:00,0.07329816015043694,0.07996159791946411,0.06996644673721125,0.07996159791946411,67224,0.0,0.0
2000-05-29 00:00:00+08:00,0.07496403157711029,0.07496403157711029,0.07329817186853435,0.07496403157711029,27551,0.0,0.0
2000-05-30 00:00:00+08:00,0.07496403157711029,0.07496403157711029,0.07496403157711029,0.07496403157711029,0,0.0,0.0
2000-05-31 00:00:00+08:00,0.07329815626144409,0.0749640156153151,0.07329815626144409,0.07329815626144409,67224,0.0,0.0
2000-06-01 00:00:00+08:00,0.07829575171553745,0.07829575171553745,0.073298172543771,0.0766298919916153,30857,0.0,0.0
2000-06-02 00:00:00+08:00,0.0766298919916153,0.0766298919916153,0.0766298919916153,0.0766298919916153,22040,0.0,0.0
2000-06-05 00:00:00+08:00,0.0782957413074145,0.0782957413074145,0.07163230329751968,0.07163230329751968,36367,0.0,0.0
2000-06-06 00:00:00+08:00,0.07163230329751968,0.07163230329751968,0.07163230329751968,0.07163230329751968,0,0.0,0.0
2000-06-07 00:00:00+08:00,0.07829575171553745,0.07829575171553745,0.0766298919916153,0.0766298919916153,110204,0.0,0.0
2000-06-08 00:00:00+08:00,0.07662989128568623,0.07662989128568623,0.07496403157711029,0.07496403157711029,31959,0.0,0.0
2000-06-09 00:00:00+08:00,0.07829573847720732,0.07996159791946411,0.07829573847720732,0.07996159791946411,135550,0.0,0.0
2000-06-12 00:00:00+08:00,0.07996159791946411,0.07996159791946411,0.07996159791946411,0.07996159791946411,5510,0.0,0.0
2000-06-13 00:00:00+08:00,0.07829573005437851,0.07829573005437851,0.07829573005437851,0.07829573005437851,34163,0.0,0.0
2000-06-14 00:00:00+08:00,0.07829573005437851,0.07829573005437851,0.07662987079133005,0.07829573005437851,25346,0.0,0.0
2000-06-15 00:00:00+08:00,0.07829575171553745,0.07829575171553745,0.0766298919916153,0.0766298919916153,102489,0.0,0.0
2000-06-16 00:00:00+08:00,0.07662987079133005,0.07829573005437851,0.07662987079133005,0.07829573005437851,27551,0.0,0.0
2000-06-19 00:00:00+08:00,0.07829573005437851,0.07829573005437851,0.07829573005437851,0.07829573005437851,0,0.0,0.0
2000-06-20 00:00:00+08:00,0.07496401152828158,0.07829573005437851,0.07496401152828158,0.07829573005437851,20938,0.0,0.0
2000-06-21 00:00:00+08:00,0.0766298919916153,0.07829575171553745,0.0766298919916153,0.0766298919916153,33061,0.0,0.0
2000-06-22 00:00:00+08:00,0.07829575171553745,0.07829575171553745,0.0766298919916153,0.0766298919916153,25346,0.0,0.0
2000-06-23 00:00:00+08:00,0.07496403226769315,0.0766298919916153,0.07496403226769315,0.0766298919916153,29755,0.0,0.0
2000-06-26 00:00:00+08:00,0.07496403226769315,0.0766298919916153,0.07496403226769315,0.0766298919916153,33061,0.0,0.0
2000-06-27 00:00:00+08:00,0.0766298919916153,0.0766298919916153,0.0766298919916153,0.0766298919916153,0,0.0,0.0
2000-06-28 00:00:00+08:00,0.07496401959269373,0.07996159791946411,0.07496401959269373,0.07996159791946411,60612,0.0,0.0
2000-06-29 00:00:00+08:00,0.07996159791946411,0.07996159791946411,0.07996159791946411,0.07996159791946411,0,0.0,0.0
2000-06-30 00:00:00+08:00,0.07996159791946411,0.07996159791946411,0.07996159791946411,0.07996159791946411,6612,0.0,0.0
2000-07-03 00:00:00+08:00,0.07829573005437851,0.07996158931742697,0.07829573005437851,0.07829573005437851,36367,0.0,0.0
2000-07-04 00:00:00+08:00,0.07829573005437851,0.07829573005437851,0.07662987079133005,0.07829573005437851,20938,0.0,0.0
2000-07-05 00:00:00+08:00,0.07829573005437851,0.07829573005437851,0.07829573005437851,0.07829573005437851,5510,0.0,0.0
2000-07-06 00:00:00+08:00,0.07662987079133005,0.07829573005437851,0.07662987079133005,0.07829573005437851,127836,0.0,0.0
2000-07-07 00:00:00+08:00,0.07829573847720732,0.07996159791946411,0.07662987903495053,0.07996159791946411,36367,0.0,0.0
2000-07-10 00:00:00+08:00,0.08329369957769378,0.08329369957769378,0.08162747323513031,0.08162747323513031,69428,0.0,0.0
2000-07-11 00:00:00+08:00,0.07996161346892776,0.09162299840870657,0.07996161346892776,0.08162747323513031,39673,0.0,0.0
2000-07-12 00:00:00+08:00,0.08662541130817578,0.0899571305405094,0.08329369207584217,0.08495955169200897,72734,0.0,0.0
2000-07-13 00:00:00+08:00,0.08329368338026732,0.08329368338026732,0.07996159791946411,0.07996159791946411,85959,0.0,0.0
2000-07-14 00:00:00+08:00,0.07996159791946411,0.07996159791946411,0.07996159791946411,0.07996159791946411,9918,0.0,0.0
2000-07-17 00:00:00+08:00,0.07996158931742697,0.07996158931742697,0.07829573005437851,0.07829573005437851,18734,0.0,0.0
2000-07-18 00:00:00+08:00,0.07829573005437851,0.07829573005437851,0.07829573005437851,0.07829573005437851,0,0.0,0.0
2000-07-19 00:00:00+08:00,0.07829573005437851,0.07829573005437851,0.07829573005437851,0.07829573005437851,0,0.0,0.0
2000-07-20 00:00:00+08:00,0.07829573847720732,0.07996159791946411,0.07829573847720732,0.07996159791946411,7714,0.0,0.0
2000-07-21 00:00:00+08:00,0.07996159791946411,0.07996159791946411,0.07996159791946411,0.07996159791946411,12122,0.0,0.0
2000-07-24 00:00:00+08:00,0.07329816015043694,0.07996159791946411,0.07329816015043694,0.07996159791946411,6612,0.0,0.0
2000-07-25 00:00:00+08:00,0.0766298919916153,0.0766298919916153,0.0766298919916153,0.0766298919916153,11020,0.0,0.0
2000-07-26 00:00:00+08:00,0.0766298919916153,0.0766298919916153,0.0766298919916153,0.0766298919916153,20938,0.0,0.0
2000-07-27 00:00:00+08:00,0.0766298919916153,0.0766298919916153,0.0766298919916153,0.0766298919916153,0,0.0,0.0
2000-07-28 00:00:00+08:00,0.07662989128568623,0.07662989128568623,0.07496403157711029,0.07496403157711029,18734,0.0,0.0
2000-07-31 00:00:00+08:00,0.073298172543771,0.0766298919916153,0.073298172543771,0.0766298919916153,7714,0.0,0.0
2000-08-01 00:00:00+08:00,0.07329815626144409,0.0749640156153151,0.07329815626144409,0.07329815626144409,19836,0.0,0.0
2000-08-02 00:00:00+08:00,0.0766298919916153,0.0766298919916153,0.0766298919916153,0.0766298919916153,1102,0.0,0.0
2000-08-03 00:00:00+08:00,0.07329815626144409,0.07329815626144409,0.07329815626144409,0.07329815626144409,16530,0.0,0.0
2000-08-04 00:00:00+08:00,0.0749640156153151,0.0749640156153151,0.07163229690757308,0.07329815626144409,17632,0.0,0.0
2000-08-07 00:00:00+08:00,0.07329815626144409,0.07329815626144409,0.07329815626144409,0.07329815626144409,0,0.0,0.0
2000-08-08 00:00:00+08:00,0.07163230329751968,0.07163230329751968,0.06996644926633408,0.07163230329751968,41877,0.0,0.0
2000-08-09 00:00:00+08:00,0.07163230329751968,0.07163230329751968,0.07163230329751968,0.07163230329751968,0,0.0,0.0
2000-08-10 00:00:00+08:00,0.06996645856721552,0.0766298919916153,0.06996645856721552,0.0766298919916153,14326,0.0,0.0
2000-08-11 00:00:00+08:00,0.07163230329751968,0.07163230329751968,0.06996644926633408,0.07163230329751968,37469,0.0,0.0
2000-08-14 00:00:00+08:00,0.0699664430249897,0.07329815626144409,0.0699664430249897,0.07329815626144409,27551,0.0,0.0
2000-08-15 00:00:00+08:00,0.07163230329751968,0.07163230329751968,0.07163230329751968,0.07163230329751968,36367,0.0,0.0
2000-08-16 00:00:00+08:00,0.07163229690757308,0.07329815626144409,0.07163229690757308,0.07329815626144409,60612,0.0,0.0
2000-08-17 00:00:00+08:00,0.07329816015043694,0.07996159791946411,0.07329816015043694,0.07996159791946411,123428,0.0,0.0
2000-08-18 00:00:00+08:00,0.07996158931742697,0.07996158931742697,0.06996643921042353,0.07829573005437851,18734,0.0,0.0
2000-08-21 00:00:00+08:00,0.0766298919916153,0.0766298919916153,0.0766298919916153,0.0766298919916153,51795,0.0,0.0
2000-08-22 00:00:00+08:00,0.07829573005437851,0.07829573005437851,0.07662987079133005,0.07829573005437851,33061,0.0,0.0
2000-08-23 00:00:00+08:00,0.07662989128568623,0.07662989128568623,0.07329817186853435,0.07496403157711029,180734,0.0,0.0
2000-08-24 00:00:00+08:00,0.07662989128568623,0.07662989128568623,0.07496403157711029,0.07496403157711029,9918,0.0,0.0
2000-08-25 00:00:00+08:00,0.0749640156153151,0.0749640156153151,0.07329815626144409,0.07329815626144409,112408,0.0,0.0
2000-08-28 00:00:00+08:00,0.07329815626144409,0.07329815626144409,0.07329815626144409,0.07329815626144409,25346,0.0,0.0
2000-08-29 00:00:00+08:00,0.07329815626144409,0.07329815626144409,0.07163229690757308,0.07329815626144409,49591,0.0,0.0
2000-08-30 00:00:00+08:00,0.07662987496918611,0.07662987496918611,0.07329815626144409,0.07329815626144409,48489,0.0,0.0
2000-08-31 00:00:00+08:00,0.07329815626144409,0.07329815626144409,0.07329815626144409,0.07329815626144409,53999,0.0,0.0
2000-09-01 00:00:00+08:00,0.07329816279999339,0.07329816279999339,0.07163230329751968,0.07163230329751968,15428,0.0,0.0
2000-09-04 00:00:00+08:00,0.07163230329751968,0.07163230329751968,0.07163230329751968,0.07163230329751968,8816,0.0,0.0
2000-09-05 00:00:00+08:00,0.07163231201816556,0.07662989113400089,0.06830059807889743,0.06996645778417587,145469,0.0,0.0
2000-09-06 00:00:00+08:00,0.06996645778417587,0.06996645778417587,0.06996645778417587,0.06996645778417587,47387,0.0,0.0
2000-09-07 00:00:00+08:00,0.06830059807889743,0.06996645778417587,0.06330301896306209,0.06996645778417587,171918,0.0,0.0
2000-09-08 00:00:00+08:00,0.06996644942535005,0.06996644942535005,0.0666347304128305,0.06830058991909027,37469,0.0,0.0
2000-09-11 00:00:00+08:00,0.06496887090657072,0.06830058991909027,0.06330301140031094,0.06830058991909027,16530,0.0,0.0
2000-09-12 00:00:00+08:00,0.06330301612615585,0.06663473538740271,0.06330301612615585,0.06330301612615585,45183,0.0,0.0
2000-09-13 00:00:00+08:00,0.06663473538740271,0.06663473538740271,0.05997129686490899,0.06330301612615585,136652,0.0,0.0
2000-09-14 00:00:00+08:00,0.061637150170713556,0.06496886909008026,0.061637150170713556,0.06496886909008026,6612,0.0,0.0
2000-09-15 00:00:00+08:00,0.06330300963039691,0.06496886909008026,0.06330300963039691,0.06496886909008026,16530,0.0,0.0
2000-09-18 00:00:00+08:00,0.06330300429463231,0.06330300429463231,0.056639567017555244,0.05663956701755524,84857,0.0,0.0
2000-09-19 00:00:00+08:00,0.06163714497536305,0.06163714497536305,0.0533078483790167,0.05663956701755524,204979,0.0,0.0
2000-09-20 00:00:00+08:00,0.05997128565609378,0.06163714497536305,0.056639567017555244,0.05663956701755524,369183,0.0,0.0
2000-09-21 00:00:00+08:00,0.05663957531920685,0.05830543488264083,0.05663957531920685,0.05830543488264084,111306,0.0,0.0
2000-09-22 00:00:00+08:00,0.05663957531920685,0.05830543488264083,0.05663957531920685,0.05830543488264084,62816,0.0,0.0
2000-09-25 00:00:00+08:00,0.059971291571855545,0.059971291571855545,0.059971291571855545,0.059971291571855545,55102,0.0,0.0
2000-09-26 00:00:00+08:00,0.05830543488264083,0.05997129444607482,0.05830543488264083,0.05830543488264084,87061,0.0,0.0
2000-09-27 00:00:00+08:00,0.059971291571855545,0.059971291571855545,0.059971291571855545,0.059971291571855545,34163,0.0,0.0
2000-09-28 00:00:00+08:00,0.05997129444607482,0.05997129444607482,0.05830543488264083,0.05830543488264084,139959,0.0,0.0
2000-09-29 00:00:00+08:00,0.059971292477605936,0.06163715198636055,0.05830543296885132,0.06163715198636055,76040,0.0,0.0
2000-10-02 00:00:00+08:00,0.06163715198636055,0.06163715198636055,0.06163715198636055,0.06163715198636055,0,0.0,0.0
2000-10-03 00:00:00+08:00,0.056639567017555244,0.056639567017555244,0.056639567017555244,0.05663956701755524,136652,0.0,0.0
2000-10-04 00:00:00+08:00,0.056639567017555244,0.056639567017555244,0.056639567017555244,0.05663956701755524,0,0.0,0.0
2000-10-05 00:00:00+08:00,0.05997129444607482,0.05997129444607482,0.05830543488264083,0.05830543488264084,33061,0.0,0.0
2000-10-06 00:00:00+08:00,0.05830543208826052,0.059971291571855545,0.05830543208826052,0.059971291571855545,67224,0.0,0.0
2000-10-09 00:00:00+08:00,0.05830543488264083,0.05830543488264083,0.05830543488264083,0.05830543488264084,3306,0.0,0.0
2000-10-10 00:00:00+08:00,0.056639573565485074,0.056639573565485074,0.05497371405363083,0.05497371405363083,22040,0.0,0.0
2000-10-11 00:00:00+08:00,0.04831027728342706,0.053307849913835526,0.04831027728342706,0.053307849913835526,18734,0.0,0.0
2000-10-12 00:00:00+08:00,0.053307849913835526,0.053307849913835526,0.053307849913835526,0.053307849913835526,6612,0.0,0.0
2000-10-13 00:00:00+08:00,0.05164199601789114,0.053307849913835526,0.05164199601789114,0.053307849913835526,25346,0.0,0.0
2000-10-16 00:00:00+08:00,0.053307849913835526,0.053307849913835526,0.053307849913835526,0.053307849913835526,0,0.0,0.0
2000-10-17 00:00:00+08:00,0.053307849913835526,0.053307849913835526,0.053307849913835526,0.053307849913835526,0,0.0,0.0
2000-10-18 00:00:00+08:00,0.053307849913835526,0.053307849913835526,0.053307849913835526,0.053307849913835526,0,0.0,0.0
2000-10-19 00:00:00+08:00,0.05330785773818069,0.05330785773818069,0.04997614398598671,0.04997614398598671,44081,0.0,0.0
2000-10-20 00:00:00+08:00,0.0533078483790167,0.056639567017555244,0.0533078483790167,0.05663956701755524,14326,0.0,0.0
2000-10-23 00:00:00+08:00,0.056639567017555244,0.056639567017555244,0.056639567017555244,0.05663956701755524,0,0.0,0.0
2000-10-24 00:00:00+08:00,0.04997613455238979,0.06663472205400467,0.04997613455238979,0.06663472205400467,3306,0.0,0.0
2000-10-25 00:00:00+08:00,0.06663472205400467,0.06663472205400467,0.06663472205400467,0.06663472205400467,0,0.0,0.0
2000-10-26 00:00:00+08:00,0.06663472205400467,0.06663472205400467,0.06663472205400467,0.06663472205400467,0,0.0,0.0
2000-10-27 00:00:00+08:00,0.06663472205400467,0.06663472205400467,0.06663472205400467,0.06663472205400467,0,0.0,0.0
2000-10-30 00:00:00+08:00,0.054973706972973053,0.06663472205400467,0.054973706972973053,0.06663472205400467,13224,0.0,0.0
2000-10-31 00:00:00+08:00,0.06163715198636055,0.06163715198636055,0.06163715198636055,0.06163715198636055,11020,0.0,0.0
2000-11-01 00:00:00+08:00,0.06663472854976361,0.06663472854976361,0.06330300963039691,0.06496886909008026,27551,0.0,0.0
2000-11-02 00:00:00+08:00,0.06330301612615585,0.06330301612615585,0.06330301612615585,0.06330301612615585,38571,0.0,0.0
2000-11-03 00:00:00+08:00,0.06830058991909027,0.06830058991909027,0.06830058991909027,0.06830058991909027,11020,0.0,0.0
2000-11-06 00:00:00+08:00,0.06663472205400467,0.06663472205400467,0.06663472205400467,0.06663472205400467,33061,0.0,0.0
2000-11-07 00:00:00+08:00,0.06330301612615585,0.06330301612615585,0.06330301612615585,0.06330301612615585,16530,0.0,0.0
2000-11-08 00:00:00+08:00,0.06330301612615585,0.06330301612615585,0.06330301612615585,0.06330301612615585,11020,0.0,0.0
2000-11-09 00:00:00+08:00,0.06996645778417587,0.06996645778417587,0.06996645778417587,0.06996645778417587,11020,0.0,0.0
2000-11-10 00:00:00+08:00,0.05997129686490899,0.06330301612615585,0.05997129686490899,0.06330301612615585,8816,0.0,0.0
2000-11-13 00:00:00+08:00,0.06330301612615585,0.06330301612615585,0.06330301612615585,0.06330301612615585,0,0.0,0.0
2000-11-14 00:00:00+08:00,0.06330301612615585,0.06330301612615585,0.06330301612615585,0.06330301612615585,0,0.0,0.0
2000-11-15 00:00:00+08:00,0.06663472205400467,0.06663472205400467,0.06663472205400467,0.06663472205400467,11020,0.0,0.0
2000-11-16 00:00:00+08:00,0.06663472205400467,0.06663472205400467,0.06663472205400467,0.06663472205400467,0,0.0,0.0
2000-11-17 00:00:00+08:00,0.06663472205400467,0.06663472205400467,0.06663472205400467,0.06663472205400467,0,0.0,0.0
2000-11-20 00:00:00+08:00,0.06663472205400467,0.06663472205400467,0.06663472205400467,0.06663472205400467,0,0.0,0.0
2000-11-21 00:00:00+08:00,0.06996645464864958,0.06996645464864958,0.05997129686490899,0.06330301612615585,27551,0.0,0.0
2000-11-22 00:00:00+08:00,0.059971291571855545,0.06330301053904559,0.059971291571855545,0.059971291571855545,31959,0.0,0.0
2000-11-23 00:00:00+08:00,0.059971291571855545,0.059971291571855545,0.059971291571855545,0.059971291571855545,0,0.0,0.0
2000-11-24 00:00:00+08:00,0.05830542633682451,0.05830542633682451,0.056639567017555244,0.05663956701755524,17632,0.0,0.0
2000-11-27 00:00:00+08:00,0.06539278477430344,0.06539278477430344,0.06539278477430344,0.06539278477430344,16530,0.001,0.0
2000-11-28 00:00:00+08:00,0.06539278477430344,0.06539278477430344,0.06539278477430344,0.06539278477430344,0,0.0,0.0
2000-11-29 00:00:00+08:00,0.06539278477430344,0.06539278477430344,0.06539278477430344,0.06539278477430344,0,0.0,0.0
2000-11-30 00:00:00+08:00,0.06539278477430344,0.06539278477430344,0.06539278477430344,0.06539278477430344,0,0.0,0.0
2000-12-01 00:00:00+08:00,0.06706950813531876,0.06706950813531876,0.06706950813531876,0.06706950813531876,16530,0.0,0.0
2000-12-04 00:00:00+08:00,0.06706950813531876,0.06706950813531876,0.06706950813531876,0.06706950813531876,0,0.0,0.0
2000-12-05 00:00:00+08:00,0.06706950813531876,0.06706950813531876,0.06706950813531876,0.06706950813531876,0,0.0,0.0
2000-12-06 00:00:00+08:00,0.06036260724067688,0.06036260724067688,0.06036260724067688,0.06036260724067688,11020,0.0,0.0
2000-12-07 00:00:00+08:00,0.06371605396270752,0.06371605396270752,0.06371605396270752,0.06371605396270752,16530,0.0,0.0
2000-12-08 00:00:00+08:00,0.06371605035091163,0.06706950813531876,0.06371605035091163,0.06706950813531876,7714,0.0,0.0
2000-12-11 00:00:00+08:00,0.06874624639749527,0.06874624639749527,0.06874624639749527,0.06874624639749527,2204,0.0,0.0
2000-12-12 00:00:00+08:00,0.06874624639749527,0.06874624639749527,0.06874624639749527,0.06874624639749527,0,0.0,0.0
2000-12-13 00:00:00+08:00,0.06539278477430344,0.06539278477430344,0.06539278477430344,0.06539278477430344,16530,0.0,0.0
2000-12-14 00:00:00+08:00,0.06706950813531876,0.06706950813531876,0.06706950813531876,0.06706950813531876,11020,0.0,0.0
2000-12-15 00:00:00+08:00,0.05868586367430094,0.06706950813531876,0.05868586367430094,0.06706950813531876,15428,0.0,0.0
2000-12-18 00:00:00+08:00,0.06706950813531876,0.06706950813531876,0.06706950813531876,0.06706950813531876,0,0.0,0.0
2000-12-19 00:00:00+08:00,0.06706950813531876,0.06706950813531876,0.06706950813531876,0.06706950813531876,0,0.0,0.0
2000-12-20 00:00:00+08:00,0.06706950813531876,0.06706950813531876,0.06706950813531876,0.06706950813531876,5510,0.0,0.0
2000-12-21 00:00:00+08:00,0.06706950813531876,0.06706950813531876,0.06706950813531876,0.06706950813531876,0,0.0,0.0
2000-12-22 00:00:00+08:00,0.06706950813531876,0.06706950813531876,0.06706950813531876,0.06706950813531876,0,0.0,0.0
2000-12-25 00:00:00+08:00,0.06706950813531876,0.06706950813531876,0.06706950813531876,0.06706950813531876,0,0.0,0.0
2000-12-26 00:00:00+08:00,0.06706950813531876,0.06706950813531876,0.06706950813531876,0.06706950813531876,0,0.0,0.0
2000-12-27 00:00:00+08:00,0.06706950813531876,0.06706950813531876,0.06706950813531876,0.06706950813531876,0,0.0,0.0
2000-12-28 00:00:00+08:00,0.06706950813531876,0.06706950813531876,0.06706950813531876,0.06706950813531876,0,0.0,0.0
2000-12-29 00:00:00+08:00,0.05030222472027026,0.06706950813531876,0.05030222472027026,0.06706950813531876,12122,0.0,0.0
2001-01-01 00:00:00+08:00,0.06706950813531876,0.06706950813531876,0.06706950813531876,0.06706950813531876,0,0.0,0.0
2001-01-02 00:00:00+08:00,0.06706950813531876,0.06706950813531876,0.06706950813531876,0.06706950813531876,0,0.0,0.0
2001-01-03 00:00:00+08:00,0.06706950813531876,0.06706950813531876,0.06706950813531876,0.06706950813531876,0,0.0,0.0
2001-01-04 00:00:00+08:00,0.06706950813531876,0.06706950813531876,0.06706950813531876,0.06706950813531876,0,0.0,0.0
2001-01-05 00:00:00+08:00,0.06706950813531876,0.06706950813531876,0.06706950813531876,0.06706950813531876,0,0.0,0.0
2001-01-08 00:00:00+08:00,0.06706950813531876,0.06706950813531876,0.06706950813531876,0.06706950813531876,0,0.0,0.0
2001-01-09 00:00:00+08:00,0.06706950813531876,0.06706950813531876,0.06706950813531876,0.06706950813531876,0,0.0,0.0
2001-01-10 00:00:00+08:00,0.05700913976052124,0.0620393268764019,0.05700913976052124,0.0620393268764019,23142,0.0,0.0
2001-01-11 00:00:00+08:00,0.0620393268764019,0.0620393268764019,0.0620393268764019,0.0620393268764019,0,0.0,0.0
2001-01-12 00:00:00+08:00,0.055332416946844036,0.058685875401365085,0.05365568771958351,0.05365568771958351,45183,0.0,0.0
2001-01-15 00:00:00+08:00,0.04862550273537636,0.04862550273537636,0.04862550273537636,0.04862550273537636,19836,0.0,0.0
2001-01-16 00:00:00+08:00,0.05365568771958351,0.05365568771958351,0.05030223477205069,0.05365568771958351,79346,0.0,0.0
2001-01-17 00:00:00+08:00,0.05030223477205069,0.05365568771958351,0.05030223477205069,0.05365568771958351,13224,0.0,0.0
2001-01-18 00:00:00+08:00,0.05365568771958351,0.05365568771958351,0.05365568771958351,0.05365568771958351,0,0.0,0.0
2001-01-19 00:00:00+08:00,0.05365568771958351,0.05365568771958351,0.05365568771958351,0.05365568771958351,0,0.0,0.0
2001-01-22 00:00:00+08:00,0.05365568771958351,0.05365568771958351,0.05365568771958351,0.05365568771958351,0,0.0,0.0
2001-01-23 00:00:00+08:00,0.05365568771958351,0.05365568771958351,0.05365568771958351,0.05365568771958351,0,0.0,0.0
2001-01-24 00:00:00+08:00,0.05365568771958351,0.05365568771958351,0.05365568771958351,0.05365568771958351,0,0.0,0.0
2001-01-25 00:00:00+08:00,0.05365568771958351,0.05365568771958351,0.05365568771958351,0.05365568771958351,0,0.0,0.0
2001-01-26 00:00:00+08:00,0.05197896273339714,0.05197896273339714,0.050302233546972275,0.050302233546972275,37469,0.0,0.0
2001-01-29 00:00:00+08:00,0.050302233546972275,0.050302233546972275,0.050302233546972275,0.050302233546972275,0,0.0,0.0
2001-01-30 00:00:00+08:00,0.050302233546972275,0.050302233546972275,0.050302233546972275,0.050302233546972275,0,0.0,0.0
2001-01-31 00:00:00+08:00,0.050302233546972275,0.050302233546972275,0.050302233546972275,0.050302233546972275,0,0.0,0.0
2001-02-01 00:00:00+08:00,0.050302233546972275,0.050302233546972275,0.050302233546972275,0.050302233546972275,0,0.0,0.0
2001-02-02 00:00:00+08:00,0.0536556880904293,0.0536556880904293,0.05197896435856819,0.05197896435856819,13224,0.0,0.0
2001-02-05 00:00:00+08:00,0.05533241732927868,0.05533241732927868,0.05197896435856819,0.05197896435856819,66122,0.0,0.0
2001-02-06 00:00:00+08:00,0.057009149342775345,0.060362607983687644,0.057009149342775345,0.057009149342775345,95877,0.0,0.0
2001-02-07 00:00:00+08:00,0.057009149342775345,0.057009149342775345,0.057009149342775345,0.057009149342775345,0,0.0,0.0
2001-02-08 00:00:00+08:00,0.05365568771958351,0.05365568771958351,0.05365568771958351,0.05365568771958351,11020,0.0,0.0
2001-02-09 00:00:00+08:00,0.0536556880904293,0.0536556880904293,0.05197896435856819,0.05197896435856819,15428,0.0,0.0
2001-02-12 00:00:00+08:00,0.05197896435856819,0.05197896435856819,0.05197896435856819,0.05197896435856819,0,0.0,0.0
2001-02-13 00:00:00+08:00,0.05365568771958351,0.05365568771958351,0.05365568771958351,0.05365568771958351,5510,0.0,0.0
2001-02-14 00:00:00+08:00,0.05365568771958351,0.05365568771958351,0.05365568771958351,0.05365568771958351,0,0.0,0.0
2001-02-15 00:00:00+08:00,0.05365568771958351,0.05365568771958351,0.05365568771958351,0.05365568771958351,0,0.0,0.0
2001-02-16 00:00:00+08:00,0.04359531786300859,0.05365568771958351,0.04359531786300859,0.05365568771958351,2204,0.0,0.0
2001-02-19 00:00:00+08:00,0.05365568771958351,0.05365568771958351,0.05365568771958351,0.05365568771958351,0,0.0,0.0
2001-02-20 00:00:00+08:00,0.046948768179246876,0.055332407355308526,0.046948768179246876,0.05533240735530853,16530,0.0,0.0
2001-02-21 00:00:00+08:00,0.055332407355308526,0.055332407355308526,0.055332407355308526,0.05533240735530853,0,0.0,0.0
2001-02-22 00:00:00+08:00,0.050302233546972275,0.050302233546972275,0.050302233546972275,0.050302233546972275,5510,0.0,0.0
2001-02-23 00:00:00+08:00,0.050302233546972275,0.050302233546972275,0.050302233546972275,0.050302233546972275,0,0.0,0.0
2001-02-26 00:00:00+08:00,0.05365568771958351,0.05365568771958351,0.05197896399931121,0.05365568771958351,33061,0.0,0.0
2001-02-27 00:00:00+08:00,0.0536556880904293,0.0536556880904293,0.05197896435856819,0.05197896435856819,6612,0.0,0.0
2001-02-28 00:00:00+08:00,0.05197896435856819,0.05197896435856819,0.05197896435856819,0.05197896435856819,0,0.0,0.0
2001-03-01 00:00:00+08:00,0.05197896435856819,0.05197896435856819,0.05197896435856819,0.05197896435856819,0,0.0,0.0
2001-03-02 00:00:00+08:00,0.04694877631752964,0.05365568771958351,0.04694877631752964,0.05365568771958351,41877,0.0,0.0
2001-03-05 00:00:00+08:00,0.05030223477205069,0.05365568771958351,0.05030223477205069,0.05365568771958351,24244,0.0,0.0
2001-03-06 00:00:00+08:00,0.05365568771958351,0.05365568771958351,0.05365568771958351,0.05365568771958351,0,0.0,0.0
2001-03-07 00:00:00+08:00,0.05365568771958351,0.05365568771958351,0.05365568771958351,0.05365568771958351,0,0.0,0.0
2001-03-08 00:00:00+08:00,0.0536556880904293,0.0536556880904293,0.05197896435856819,0.05197896435856819,58408,0.0,0.0
2001-03-09 00:00:00+08:00,0.050302233546972275,0.050302233546972275,0.050302233546972275,0.050302233546972275,5510,0.0,0.0
2001-03-12 00:00:00+08:00,0.04694877192378044,0.04694877192378044,0.04359531378309622,0.04694877192378044,39673,0.0,0.0
2001-03-13 00:00:00+08:00,0.04694877192378044,0.04694877192378044,0.04694877192378044,0.04694877192378044,0,0.0,0.0
2001-03-14 00:00:00+08:00,0.04694877192378044,0.04694877192378044,0.04694877192378044,0.04694877192378044,0,0.0,0.0
2001-03-15 00:00:00+08:00,0.045272041235090536,0.05197895727670564,0.04191858321428299,0.04191858321428299,150979,0.0,0.0
2001-03-16 00:00:00+08:00,0.04191858321428299,0.04191858321428299,0.04191858321428299,0.04191858321428299,2204,0.0,0.0
2001-03-19 00:00:00+08:00,0.04191858321428299,0.04191858321428299,0.04191858321428299,0.04191858321428299,0,0.0,0.0
2001-03-20 00:00:00+08:00,0.04191858321428299,0.04191858321428299,0.04191858321428299,0.04191858321428299,22040,0.0,0.0
2001-03-21 00:00:00+08:00,0.048625502170984984,0.048625502170984984,0.03688802942633629,0.03688802942633629,6612,0.0,0.0
2001-03-22 00:00:00+08:00,0.03353456895806351,0.03856475278735161,0.03353456895806351,0.03856475278735161,15428,0.0,0.0
2001-03-23 00:00:00+08:00,0.03856475278735161,0.03856475278735161,0.03856475278735161,0.03856475278735161,0,0.0,0.0
2001-03-26 00:00:00+08:00,0.03856475278735161,0.03856475278735161,0.03856475278735161,0.03856475278735161,0,0.0,0.0
2001-03-27 00:00:00+08:00,0.03521130234003067,0.03521130234003067,0.03521130234003067,0.03521130234003067,7714,0.0,0.0
2001-03-28 00:00:00+08:00,0.03521130234003067,0.03521130234003067,0.03521130234003067,0.03521130234003067,5510,0.0,0.0
2001-03-29 00:00:00+08:00,0.03353457525372505,0.03353457525372505,0.03353457525372505,0.03353457525372505,11020,0.0,0.0
2001-03-30 00:00:00+08:00,0.035211300315413016,0.03688802942633629,0.035211300315413016,0.03688802942633629,48489,0.0,0.0
2001-04-02 00:00:00+08:00,0.03521130234003067,0.03521130234003067,0.03521130234003067,0.03521130234003067,47387,0.0,0.0
2001-04-03 00:00:00+08:00,0.03521130167594138,0.03521130167594138,0.03353457525372505,0.03353457525372505,99183,0.0,0.0
2001-04-04 00:00:00+08:00,0.03353457525372505,0.03353457525372505,0.03353457525372505,0.03353457525372505,115714,0.0,0.0
2001-04-05 00:00:00+08:00,0.0435953214764595,0.0435953214764595,0.0435953214764595,0.0435953214764595,11020,0.0,0.0
2001-04-06 00:00:00+08:00,0.0435953214764595,0.0435953214764595,0.0435953214764595,0.0435953214764595,0,0.0,0.0
2001-04-09 00:00:00+08:00,0.0435953214764595,0.0435953214764595,0.0435953214764595,0.0435953214764595,0,0.0,0.0
2001-04-10 00:00:00+08:00,0.0435953214764595,0.0435953214764595,0.0435953214764595,0.0435953214764595,0,0.0,0.0
2001-04-11 00:00:00+08:00,0.0435953214764595,0.0435953214764595,0.0435953214764595,0.0435953214764595,0,0.0,0.0
2001-04-12 00:00:00+08:00,0.0435953214764595,0.0435953214764595,0.0435953214764595,0.0435953214764595,0,0.0,0.0
2001-04-13 00:00:00+08:00,0.0435953214764595,0.0435953214764595,0.0435953214764595,0.0435953214764595,0,0.0,0.0
2001-04-16 00:00:00+08:00,0.0435953214764595,0.0435953214764595,0.0435953214764595,0.0435953214764595,0,0.0,0.0
2001-04-17 00:00:00+08:00,0.03688802942633629,0.03688802942633629,0.03688802942633629,0.03688802942633629,5510,0.0,0.0
2001-04-18 00:00:00+08:00,0.03688802942633629,0.03688802942633629,0.03688802942633629,0.03688802942633629,0,0.0,0.0
2001-04-19 00:00:00+08:00,0.03521130234003067,0.03521130234003067,0.03521130234003067,0.03521130234003067,1102,0.0,0.0
2001-04-20 00:00:00+08:00,0.03521130234003067,0.03521130234003067,0.03521130234003067,0.03521130234003067,0,0.0,0.0
2001-04-23 00:00:00+08:00,0.03521130234003067,0.03521130234003067,0.03521130234003067,0.03521130234003067,0,0.0,0.0
2001-04-24 00:00:00+08:00,0.03688802942633629,0.03688802942633629,0.03688802942633629,0.03688802942633629,11020,0.0,0.0
2001-04-25 00:00:00+08:00,0.040241487324237823,0.041918585389846205,0.040241487324237823,0.040241487324237823,76040,0.0,0.0
2001-04-26 00:00:00+08:00,0.040241487324237823,0.041918585389846205,0.040241487324237823,0.040241487324237823,76040,0.0,0.0
2001-04-27 00:00:00+08:00,0.040241487324237823,0.040241487324237823,0.040241487324237823,0.040241487324237823,0,0.0,0.0
2001-04-30 00:00:00+08:00,0.04191858321428299,0.04191858321428299,0.04191858321428299,0.04191858321428299,45183,0.0,0.0
2001-05-01 00:00:00+08:00,0.04191858321428299,0.04191858321428299,0.04191858321428299,0.04191858321428299,0,0.0,0.0
2001-05-02 00:00:00+08:00,0.041918584712754114,0.04694877192378044,0.041918584712754114,0.04694877192378044,51795,0.0,0.0
2001-05-03 00:00:00+08:00,0.04694878020893603,0.04694878020893603,0.0435953214764595,0.0435953214764595,59510,0.0,0.0
2001-05-04 00:00:00+08:00,0.0435953214764595,0.0435953214764595,0.0435953214764595,0.0435953214764595,0,0.0,0.0
2001-05-07 00:00:00+08:00,0.0435953214764595,0.0435953214764595,0.0435953214764595,0.0435953214764595,0,0.0,0.0
2001-05-08 00:00:00+08:00,0.04359531378309622,0.04694877192378044,0.04359531378309622,0.04694877192378044,71632,0.0,0.0
2001-05-09 00:00:00+08:00,0.045272045987697664,0.050302233546972275,0.045272045987697664,0.050302233546972275,36367,0.0,0.0
2001-05-10 00:00:00+08:00,0.050302226052466446,0.055332407355308526,0.04862549711585666,0.05533240735530853,178530,0.0,0.0
2001-05-11 00:00:00+08:00,0.05365567841869874,0.055332407355308526,0.05365567841869874,0.05533240735530853,67224,0.0,0.0
2001-05-14 00:00:00+08:00,0.05197896435856819,0.05197896435856819,0.05197896435856819,0.05197896435856819,11020,0.0,0.0
2001-05-15 00:00:00+08:00,0.05197896435856819,0.05197896435856819,0.05197896435856819,0.05197896435856819,0,0.0,0.0
2001-05-16 00:00:00+08:00,0.05197896099614616,0.05365568461954315,0.04862550273537636,0.04862550273537636,39673,0.0,0.0
2001-05-17 00:00:00+08:00,0.04862550273537636,0.04862550273537636,0.04862550273537636,0.04862550273537636,41877,0.0,0.0
2001-05-18 00:00:00+08:00,0.04694877192378044,0.04694877192378044,0.04694877192378044,0.04694877192378044,62816,0.0,0.0
2001-05-21 00:00:00+08:00,0.04694877192378044,0.04694877192378044,0.04694877192378044,0.04694877192378044,9918,0.0,0.0
2001-05-22 00:00:00+08:00,0.04694877192378044,0.04694877192378044,0.04694877192378044,0.04694877192378044,28653,0.0,0.0
2001-05-23 00:00:00+08:00,0.04694877192378044,0.04694877192378044,0.04694877192378044,0.04694877192378044,1102,0.0,0.0
2001-05-24 00:00:00+08:00,0.04862550588086943,0.05197896435856819,0.04862550588086943,0.05197896435856819,38571,0.0,0.0
2001-05-25 00:00:00+08:00,0.05197896435856819,0.05197896435856819,0.05197896435856819,0.05197896435856819,0,0.0,0.0
2001-05-28 00:00:00+08:00,0.04862550273537636,0.04862550273537636,0.04862550273537636,0.04862550273537636,22040,0.0,0.0
2001-05-29 00:00:00+08:00,0.04694877192378044,0.04694877192378044,0.04694877192378044,0.04694877192378044,1102,0.0,0.0
2001-05-30 00:00:00+08:00,0.04862550273537636,0.04862550273537636,0.04862550273537636,0.04862550273537636,36367,0.0,0.0
2001-05-31 00:00:00+08:00,0.04862550273537636,0.04862550273537636,0.04862550273537636,0.04862550273537636,0,0.0,0.0
2001-06-01 00:00:00+08:00,0.04862550273537636,0.04862550273537636,0.04862550273537636,0.04862550273537636,0,0.0,0.0
2001-06-04 00:00:00+08:00,0.048625499123888,0.048625499123888,0.045272041112184525,0.045272041112184525,28653,0.0,0.0
2001-06-05 00:00:00+08:00,0.04694877192378044,0.04694877192378044,0.04694877192378044,0.04694877192378044,1102,0.0,0.0
2001-06-06 00:00:00+08:00,0.04694877664202005,0.05197896435856819,0.04191858892547191,0.05197896435856819,29755,0.0,0.0
2001-06-07 00:00:00+08:00,0.04359531378309622,0.04694877192378044,0.04359531378309622,0.04694877192378044,16530,0.0,0.0
2001-06-08 00:00:00+08:00,0.04694877192378044,0.04694877192378044,0.04694877192378044,0.04694877192378044,0,0.0,0.0
2001-06-11 00:00:00+08:00,0.04694877192378044,0.04694877192378044,0.04694877192378044,0.04694877192378044,0,0.0,0.0
2001-06-12 00:00:00+08:00,0.04694877192378044,0.04694877192378044,0.04694877192378044,0.04694877192378044,0,0.0,0.0
2001-06-13 00:00:00+08:00,0.04694877192378044,0.04694877192378044,0.04694877192378044,0.04694877192378044,0,0.0,0.0
2001-06-14 00:00:00+08:00,0.04694877192378044,0.04694877192378044,0.04694877192378044,0.04694877192378044,0,0.0,0.0
2001-06-15 00:00:00+08:00,0.04694877192378044,0.04694877192378044,0.04694877192378044,0.04694877192378044,0,0.0,0.0
2001-06-18 00:00:00+08:00,0.04694877192378044,0.04694877192378044,0.04694877192378044,0.04694877192378044,0,0.0,0.0
2001-06-19 00:00:00+08:00,0.04694877192378044,0.04694877192378044,0.04694877192378044,0.04694877192378044,0,0.0,0.0
2001-06-20 00:00:00+08:00,0.04694877192378044,0.04694877192378044,0.04694877192378044,0.04694877192378044,0,0.0,0.0
2001-06-21 00:00:00+08:00,0.04694877192378044,0.04694877192378044,0.04694877192378044,0.04694877192378044,0,0.0,0.0
2001-06-22 00:00:00+08:00,0.0435953214764595,0.0435953214764595,0.03688803504326447,0.0435953214764595,77142,0.0,0.0
2001-06-25 00:00:00+08:00,0.045272041112184525,0.045272041112184525,0.045272041112184525,0.045272041112184525,12122,0.0,0.0
2001-06-26 00:00:00+08:00,0.04694877360499146,0.04862550273537636,0.04694877360499146,0.04862550273537636,7714,0.0,0.0
2001-06-27 00:00:00+08:00,0.04694877192378044,0.04694877192378044,0.04694877192378044,0.04694877192378044,19836,0.0,0.0
2001-06-28 00:00:00+08:00,0.04694877192378044,0.04694877192378044,0.04694877192378044,0.04694877192378044,17632,0.0,0.0
2001-06-29 00:00:00+08:00,0.04694877192378044,0.04694877192378044,0.04694877192378044,0.04694877192378044,0,0.0,0.0
2001-07-02 00:00:00+08:00,0.045272041112184525,0.045272041112184525,0.045272041112184525,0.045272041112184525,2204,0.0,0.0
2001-07-03 00:00:00+08:00,0.040241487324237823,0.040241487324237823,0.040241487324237823,0.040241487324237823,16530,0.0,0.0
2001-07-04 00:00:00+08:00,0.038564756225311775,0.04191858321428299,0.036888027214908,0.04191858321428299,48489,0.0,0.0
2001-07-05 00:00:00+08:00,0.040241485235715545,0.04191858321428299,0.040241485235715545,0.04191858321428299,33061,0.0,0.0
2001-07-06 00:00:00+08:00,0.04191858321428299,0.04191858321428299,0.04191858321428299,0.04191858321428299,6612,0.0,0.0
2001-07-09 00:00:00+08:00,0.04191858321428299,0.04191858321428299,0.04191858321428299,0.04191858321428299,0,0.0,0.0
2001-07-10 00:00:00+08:00,0.04191858621383676,0.050302231865761264,0.04191858621383676,0.04862550273537636,37469,0.0,0.0
2001-07-11 00:00:00+08:00,0.04862550273537636,0.04862550273537636,0.04862550273537636,0.04862550273537636,0,0.0,0.0
2001-07-12 00:00:00+08:00,0.04191858321428299,0.04191858321428299,0.04191858321428299,0.04191858321428299,16530,0.0,0.0
2001-07-13 00:00:00+08:00,0.04191858321428299,0.04191858321428299,0.04191858321428299,0.04191858321428299,16530,0.0,0.0
2001-07-16 00:00:00+08:00,0.04191858321428299,0.04191858321428299,0.04191858321428299,0.04191858321428299,0,0.0,0.0
2001-07-17 00:00:00+08:00,0.040241487324237823,0.040241487324237823,0.040241487324237823,0.040241487324237823,3306,0.0,0.0
2001-07-18 00:00:00+08:00,0.040241487324237823,0.040241487324237823,0.040241487324237823,0.040241487324237823,0,0.0,0.0
2001-07-19 00:00:00+08:00,0.040241487324237823,0.040241487324237823,0.040241487324237823,0.040241487324237823,0,0.0,0.0
2001-07-20 00:00:00+08:00,0.040241487324237823,0.040241487324237823,0.040241487324237823,0.040241487324237823,0,0.0,0.0
2001-07-23 00:00:00+08:00,0.036888029129386705,0.040241487324237823,0.036888029129386705,0.040241487324237823,12122,0.0,0.0
2001-07-24 00:00:00+08:00,0.040241487324237823,0.040241487324237823,0.040241487324237823,0.040241487324237823,5510,0.0,0.0
2001-07-25 00:00:00+08:00,0.040241487324237823,0.040241487324237823,0.040241487324237823,0.040241487324237823,0,0.0,0.0
2001-07-26 00:00:00+08:00,0.03856475278735161,0.03856475278735161,0.03856475278735161,0.03856475278735161,4408,0.0,0.0
2001-07-27 00:00:00+08:00,0.03856475278735161,0.03856475278735161,0.03856475278735161,0.03856475278735161,0,0.0,0.0
2001-07-30 00:00:00+08:00,0.03856475278735161,0.03856475278735161,0.03856475278735161,0.03856475278735161,0,0.0,0.0
2001-07-31 00:00:00+08:00,0.03856475278735161,0.03856475278735161,0.03856475278735161,0.03856475278735161,0,0.0,0.0
2001-08-01 00:00:00+08:00,0.03856475278735161,0.03856475278735161,0.03856475278735161,0.03856475278735161,0,0.0,0.0
2001-08-02 00:00:00+08:00,0.03856475278735161,0.03856475278735161,0.03856475278735161,0.03856475278735161,0,0.0,0.0
2001-08-03 00:00:00+08:00,0.03856475278735161,0.03856475278735161,0.03856475278735161,0.03856475278735161,0,0.0,0.0
2001-08-06 00:00:00+08:00,0.03856475278735161,0.03856475278735161,0.03856475278735161,0.03856475278735161,0,0.0,0.0
2001-08-07 00:00:00+08:00,0.03856475278735161,0.03856475278735161,0.03856475278735161,0.03856475278735161,0,0.0,0.0
2001-08-08 00:00:00+08:00,0.03856475278735161,0.03856475278735161,0.03856475278735161,0.03856475278735161,0,0.0,0.0
2001-08-09 00:00:00+08:00,0.03856475278735161,0.03856475278735161,0.03856475278735161,0.03856475278735161,0,0.0,0.0
2001-08-10 00:00:00+08:00,0.03856475278735161,0.03856475278735161,0.03856475278735161,0.03856475278735161,0,0.0,0.0
2001-08-13 00:00:00+08:00,0.040241487324237823,0.040241487324237823,0.040241487324237823,0.040241487324237823,7714,0.0,0.0
2001-08-14 00:00:00+08:00,0.040241487324237823,0.040241487324237823,0.040241487324237823,0.040241487324237823,0,0.0,0.0
2001-08-15 00:00:00+08:00,0.040241487324237823,0.040241487324237823,0.040241487324237823,0.040241487324237823,0,0.0,0.0
2001-08-16 00:00:00+08:00,0.040241487324237823,0.040241487324237823,0.040241487324237823,0.040241487324237823,11020,0.0,0.0
2001-08-17 00:00:00+08:00,0.040241487324237823,0.040241487324237823,0.040241487324237823,0.040241487324237823,0,0.0,0.0
2001-08-20 00:00:00+08:00,0.040241487324237823,0.040241487324237823,0.040241487324237823,0.040241487324237823,0,0.0,0.0
2001-08-21 00:00:00+08:00,0.04191858321428299,0.04191858321428299,0.04191858321428299,0.04191858321428299,22040,0.0,0.0
2001-08-22 00:00:00+08:00,0.0435953214764595,0.0435953214764595,0.0435953214764595,0.0435953214764595,11020,0.0,0.0
2001-08-23 00:00:00+08:00,0.0435953214764595,0.0435953214764595,0.0435953214764595,0.0435953214764595,0,0.0,0.0
2001-08-24 00:00:00+08:00,0.040241487324237823,0.040241487324237823,0.040241487324237823,0.040241487324237823,22040,0.0,0.0
2001-08-27 00:00:00+08:00,0.040241487324237823,0.040241487324237823,0.040241487324237823,0.040241487324237823,11020,0.0,0.0
2001-08-28 00:00:00+08:00,0.04024148164827881,0.04024148164827881,0.03856475278735161,0.03856475278735161,35265,0.0,0.0
2001-08-29 00:00:00+08:00,0.03856475278735161,0.03856475278735161,0.03856475278735161,0.03856475278735161,15428,0.0,0.0
2001-08-30 00:00:00+08:00,0.04191858321428299,0.04191858321428299,0.04191858321428299,0.04191858321428299,58408,0.0,0.0
2001-08-31 00:00:00+08:00,0.04191858321428299,0.04191858321428299,0.04191858321428299,0.04191858321428299,0,0.0,0.0
2001-09-03 00:00:00+08:00,0.05197896435856819,0.05197896435856819,0.05197896435856819,0.05197896435856819,22040,0.0,0.0
2001-09-04 00:00:00+08:00,0.05197896435856819,0.05197896435856819,0.05197896435856819,0.05197896435856819,0,0.0,0.0
2001-09-05 00:00:00+08:00,0.03688802942633629,0.03688802942633629,0.03688802942633629,0.03688802942633629,30857,0.0,0.0
2001-09-06 00:00:00+08:00,0.03688802942633629,0.03688802942633629,0.03688802942633629,0.03688802942633629,0,0.0,0.0
2001-09-07 00:00:00+08:00,0.03856475278735161,0.03856475278735161,0.03856475278735161,0.03856475278735161,41877,0.0,0.0
2001-09-10 00:00:00+08:00,0.03688802942633629,0.03688802942633629,0.03688802942633629,0.03688802942633629,17632,0.0,0.0
2001-09-11 00:00:00+08:00,0.03688803085165174,0.03688803085165174,0.03353457525372505,0.03353457525372505,29755,0.0,0.0
2001-09-12 00:00:00+08:00,0.030181115493178368,0.030181115493178368,0.030181115493178368,0.030181115493178368,50693,0.0,0.0
2001-09-13 00:00:00+08:00,0.03856475822681227,0.041918585389846205,0.03856475822681227,0.040241487324237823,25346,0.0,0.0
2001-09-14 00:00:00+08:00,0.031857844442129135,0.031857844442129135,0.031857844442129135,0.031857844442129135,7714,0.0,0.0
2001-09-17 00:00:00+08:00,0.031857844442129135,0.031857844442129135,0.031857844442129135,0.031857844442129135,0,0.0,0.0
2001-09-18 00:00:00+08:00,0.03018111367817443,0.03018111367817443,0.02515092668839849,0.02850438468158245,63918,0.0,0.0
2001-09-19 00:00:00+08:00,0.0318578471551228,0.0318578471551228,0.02515093022552171,0.026827659457921982,215999,0.0,0.0
2001-09-20 00:00:00+08:00,0.025150932371616364,0.025150932371616364,0.025150932371616364,0.025150932371616364,9918,0.0,0.0
2001-09-21 00:00:00+08:00,0.028504391122562957,0.028504391122562957,0.025150932371616364,0.025150932371616364,42979,0.0,0.0
2001-09-24 00:00:00+08:00,0.025150932371616364,0.025150932371616364,0.025150932371616364,0.025150932371616364,0,0.0,0.0
2001-09-25 00:00:00+08:00,0.025150932371616364,0.025150932371616364,0.025150932371616364,0.025150932371616364,119020,0.0,0.0
2001-09-26 00:00:00+08:00,0.025150932371616364,0.025150932371616364,0.025150932371616364,0.025150932371616364,0,0.0,0.0
2001-09-27 00:00:00+08:00,0.026827659457921982,0.026827659457921982,0.026827659457921982,0.026827659457921982,48489,0.0,0.0
2001-09-28 00:00:00+08:00,0.026827659457921982,0.026827659457921982,0.026827659457921982,0.026827659457921982,0,0.0,0.0
2001-10-01 00:00:00+08:00,0.026827659457921982,0.026827659457921982,0.026827659457921982,0.026827659457921982,0,0.0,0.0
2001-10-02 00:00:00+08:00,0.026827659457921982,0.026827659457921982,0.026827659457921982,0.026827659457921982,0,0.0,0.0
2001-10-03 00:00:00+08:00,0.026827659457921982,0.026827659457921982,0.026827659457921982,0.026827659457921982,0,0.0,0.0
2001-10-04 00:00:00+08:00,0.030181115493178368,0.030181115493178368,0.030181115493178368,0.030181115493178368,29755,0.0,0.0
2001-10-05 00:00:00+08:00,0.030181115493178368,0.030181115493178368,0.030181115493178368,0.030181115493178368,17632,0.0,0.0
2001-10-08 00:00:00+08:00,0.030181115493178368,0.030181115493178368,0.030181115493178368,0.030181115493178368,0,0.0,0.0
2001-10-09 00:00:00+08:00,0.030181115493178368,0.030181115493178368,0.030181115493178368,0.030181115493178368,4408,0.0,0.0
2001-10-10 00:00:00+08:00,0.030181115493178368,0.030181115493178368,0.030181115493178368,0.030181115493178368,0,0.0,0.0
2001-10-11 00:00:00+08:00,0.023474203422665596,0.023474203422665596,0.023474203422665596,0.023474203422665596,11020,0.0,0.0
2001-10-12 00:00:00+08:00,0.023474203422665596,0.023474203422665596,0.023474203422665596,0.023474203422665596,0,0.0,0.0
2001-10-15 00:00:00+08:00,0.023474203422665596,0.023474203422665596,0.023474203422665596,0.023474203422665596,0,0.0,0.0
2001-10-16 00:00:00+08:00,0.025150932371616364,0.025150932371616364,0.025150932371616364,0.025150932371616364,2204,0.0,0.0
2001-10-17 00:00:00+08:00,0.026827659457921982,0.026827659457921982,0.026827659457921982,0.026827659457921982,44081,0.0,0.0
2001-10-18 00:00:00+08:00,0.026827659457921982,0.026827659457921982,0.026827659457921982,0.026827659457921982,27551,0.0,0.0
2001-10-19 00:00:00+08:00,0.026827659457921982,0.026827659457921982,0.026827659457921982,0.026827659457921982,0,0.0,0.0
2001-10-22 00:00:00+08:00,0.02850438468158245,0.02850438468158245,0.02850438468158245,0.02850438468158245,11020,0.0,0.0
2001-10-23 00:00:00+08:00,0.02850438468158245,0.02850438468158245,0.02850438468158245,0.02850438468158245,0,0.0,0.0
2001-10-24 00:00:00+08:00,0.02850438468158245,0.02850438468158245,0.02850438468158245,0.02850438468158245,0,0.0,0.0
2001-10-25 00:00:00+08:00,0.02850438468158245,0.02850438468158245,0.02850438468158245,0.02850438468158245,0,0.0,0.0
2001-10-26 00:00:00+08:00,0.02850438468158245,0.02850438468158245,0.02850438468158245,0.02850438468158245,0,0.0,0.0
2001-10-29 00:00:00+08:00,0.030181115493178368,0.030181115493178368,0.030181115493178368,0.030181115493178368,16530,0.0,0.0
2001-10-30 00:00:00+08:00,0.030181115493178368,0.030181115493178368,0.030181115493178368,0.030181115493178368,5510,0.0,0.0
2001-10-31 00:00:00+08:00,0.030181115493178368,0.030181115493178368,0.030181115493178368,0.030181115493178368,0,0.0,0.0
2001-11-01 00:00:00+08:00,0.030181115493178368,0.030181115493178368,0.030181115493178368,0.030181115493178368,1102,0.0,0.0
2001-11-02 00:00:00+08:00,0.030181115493178368,0.030181115493178368,0.030181115493178368,0.030181115493178368,0,0.0,0.0
2001-11-05 00:00:00+08:00,0.030181115493178368,0.030181115493178368,0.030181115493178368,0.030181115493178368,0,0.0,0.0
2001-11-06 00:00:00+08:00,0.03353457525372505,0.03353457525372505,0.03353457525372505,0.03353457525372505,8816,0.0,0.0
2001-11-07 00:00:00+08:00,0.03353457525372505,0.03353457525372505,0.03353457525372505,0.03353457525372505,0,0.0,0.0
2001-11-08 00:00:00+08:00,0.02850438468158245,0.02850438468158245,0.02850438468158245,0.02850438468158245,4408,0.0,0.0
2001-11-09 00:00:00+08:00,0.02850438468158245,0.02850438468158245,0.02850438468158245,0.02850438468158245,0,0.0,0.0
2001-11-12 00:00:00+08:00,0.02850438639575281,0.030181115493178368,0.02850438639575281,0.030181115493178368,45183,0.0,0.0
2001-11-13 00:00:00+08:00,0.030181111236209108,0.03856475278735161,0.030181111236209108,0.03856475278735161,20938,0.0,0.0
2001-11-14 00:00:00+08:00,0.03856475278735161,0.03856475278735161,0.03856475278735161,0.03856475278735161,0,0.0,0.0
2001-11-15 00:00:00+08:00,0.03353457395798367,0.03688802942633629,0.03353457395798367,0.03688802942633629,82653,0.0,0.0
2001-11-16 00:00:00+08:00,0.03353457588619108,0.03521130234003067,0.03353457588619108,0.03521130234003067,87061,0.0,0.0
2001-11-19 00:00:00+08:00,0.03688802392642441,0.03856475278735161,0.03688802392642441,0.03856475278735161,161999,0.0,0.0
2001-11-20 00:00:00+08:00,0.03688802942633629,0.03688802942633629,0.03688802942633629,0.03688802942633629,22040,0.0,0.0
2001-11-21 00:00:00+08:00,0.03688802942633629,0.03688802942633629,0.03688802942633629,0.03688802942633629,90367,0.0,0.0
2001-11-22 00:00:00+08:00,0.03856475278735161,0.03856475278735161,0.03856475278735161,0.03856475278735161,22040,0.0,0.0
2001-11-23 00:00:00+08:00,0.03688802942633629,0.03688802942633629,0.03688802942633629,0.03688802942633629,11020,0.0,0.0
2001-11-26 00:00:00+08:00,0.03521130234003067,0.03521130234003067,0.03521130234003067,0.03521130234003067,44081,0.0,0.0
2001-11-27 00:00:00+08:00,0.03521130234003067,0.03521130234003067,0.03521130234003067,0.03521130234003067,50693,0.0,0.0
2001-11-28 00:00:00+08:00,0.03521130234003067,0.03521130234003067,0.03521130234003067,0.03521130234003067,11020,0.0,0.0
2001-11-29 00:00:00+08:00,0.03856475278735161,0.03856475278735161,0.03856475278735161,0.03856475278735161,11020,0.0,0.0
2001-11-30 00:00:00+08:00,0.03856475278735161,0.03856475278735161,0.03856475278735161,0.03856475278735161,0,0.0,0.0
2001-12-03 00:00:00+08:00,0.03688802942633629,0.03688802942633629,0.03688802942633629,0.03688802942633629,18734,0.0,0.0
2001-12-04 00:00:00+08:00,0.03856475822681227,0.040241487324237823,0.03856475822681227,0.040241487324237823,38571,0.0,0.0
2001-12-05 00:00:00+08:00,0.03856475853725956,0.03856475853725956,0.03688802942633629,0.03688802942633629,22040,0.0,0.0
2001-12-06 00:00:00+08:00,0.03688802942633629,0.03688802942633629,0.03688802942633629,0.03688802942633629,0,0.0,0.0
2001-12-07 00:00:00+08:00,0.03688802942633629,0.03688802942633629,0.03688802942633629,0.03688802942633629,0,0.0,0.0
2001-12-10 00:00:00+08:00,0.03688802942633629,0.03688802942633629,0.03688802942633629,0.03688802942633629,0,0.0,0.0
2001-12-11 00:00:00+08:00,0.03688802942633629,0.03688802942633629,0.03688802942633629,0.03688802942633629,0,0.0,0.0
2001-12-12 00:00:00+08:00,0.03688802942633629,0.03688802942633629,0.03688802942633629,0.03688802942633629,0,0.0,0.0
2001-12-13 00:00:00+08:00,0.03688802942633629,0.03688802942633629,0.03688802942633629,0.03688802942633629,0,0.0,0.0
2001-12-14 00:00:00+08:00,0.03688802942633629,0.03688802942633629,0.03688802942633629,0.03688802942633629,4408,0.0,0.0
2001-12-17 00:00:00+08:00,0.03688802942633629,0.03688802942633629,0.03688802942633629,0.03688802942633629,0,0.0,0.0
2001-12-18 00:00:00+08:00,0.03688802942633629,0.03688802942633629,0.03688802942633629,0.03688802942633629,0,0.0,0.0
2001-12-19 00:00:00+08:00,0.03688802942633629,0.03688802942633629,0.03688802942633629,0.03688802942633629,0,0.0,0.0
2001-12-20 00:00:00+08:00,0.03688802942633629,0.03688802942633629,0.03688802942633629,0.03688802942633629,0,0.0,0.0
2001-12-21 00:00:00+08:00,0.03521130234003067,0.03521130234003067,0.03521130234003067,0.03521130234003067,4408,0.0,0.0
2001-12-24 00:00:00+08:00,0.03521130234003067,0.03521130234003067,0.03521130234003067,0.03521130234003067,0,0.0,0.0
2001-12-25 00:00:00+08:00,0.03521130234003067,0.03521130234003067,0.03521130234003067,0.03521130234003067,0,0.0,0.0
2001-12-26 00:00:00+08:00,0.03521130234003067,0.03521130234003067,0.03521130234003067,0.03521130234003067,0,0.0,0.0
2001-12-27 00:00:00+08:00,0.03521130234003067,0.03521130234003067,0.03521130234003067,0.03521130234003067,0,0.0,0.0
2001-12-28 00:00:00+08:00,0.03521130234003067,0.03521130234003067,0.03521130234003067,0.03521130234003067,0,0.0,0.0
2001-12-31 00:00:00+08:00,0.03521130234003067,0.03521130234003067,0.03521130234003067,0.03521130234003067,0,0.0,0.0
2002-01-01 00:00:00+08:00,0.03521130234003067,0.03521130234003067,0.03521130234003067,0.03521130234003067,0,0.0,0.0
2002-01-02 00:00:00+08:00,0.03521130234003067,0.03521130234003067,0.03521130234003067,0.03521130234003067,0,0.0,0.0
2002-01-03 00:00:00+08:00,0.03521130234003067,0.03521130234003067,0.03521130234003067,0.03521130234003067,0,0.0,0.0
2002-01-04 00:00:00+08:00,0.03688802942633629,0.03688802942633629,0.03688802942633629,0.03688802942633629,9918,0.0,0.0
2002-01-07 00:00:00+08:00,0.040241487324237823,0.040241487324237823,0.040241487324237823,0.040241487324237823,81550,0.0,0.0
2002-01-08 00:00:00+08:00,0.040241487324237823,0.041918585389846205,0.036888029129386705,0.040241487324237823,103591,0.0,0.0
2002-01-09 00:00:00+08:00,0.040241485235715545,0.043595312224686766,0.040241485235715545,0.04191858321428299,166408,0.0,0.0
2002-01-10 00:00:00+08:00,0.041918585389846205,0.041918585389846205,0.040241487324237823,0.040241487324237823,33061,0.0,0.0
2002-01-11 00:00:00+08:00,0.040241487324237823,0.040241487324237823,0.040241487324237823,0.040241487324237823,11020,0.0,0.0
2002-01-14 00:00:00+08:00,0.040241487324237823,0.040241487324237823,0.040241487324237823,0.040241487324237823,0,0.0,0.0
2002-01-15 00:00:00+08:00,0.03521130234003067,0.03521130234003067,0.03521130234003067,0.03521130234003067,2204,0.0,0.0
2002-01-16 00:00:00+08:00,0.03353457525372505,0.03353457525372505,0.03353457525372505,0.03353457525372505,11020,0.0,0.0
2002-01-17 00:00:00+08:00,0.03353457525372505,0.03353457525372505,0.03353457525372505,0.03353457525372505,0,0.0,0.0
2002-01-18 00:00:00+08:00,0.03353457525372505,0.03353457525372505,0.03353457525372505,0.03353457525372505,0,0.0,0.0
2002-01-21 00:00:00+08:00,0.03353457525372505,0.03353457525372505,0.03353457525372505,0.03353457525372505,0,0.0,0.0
2002-01-22 00:00:00+08:00,0.03353457525372505,0.03353457525372505,0.03353457525372505,0.03353457525372505,0,0.0,0.0
2002-01-23 00:00:00+08:00,0.03353457525372505,0.03353457525372505,0.03353457525372505,0.03353457525372505,0,0.0,0.0
2002-01-24 00:00:00+08:00,0.03353457525372505,0.03353457525372505,0.03353457525372505,0.03353457525372505,0,0.0,0.0
2002-01-25 00:00:00+08:00,0.03353457525372505,0.03353457525372505,0.03353457525372505,0.03353457525372505,0,0.0,0.0
2002-01-28 00:00:00+08:00,0.036888029129386705,0.040241487324237823,0.036888029129386705,0.040241487324237823,16530,0.0,0.0
2002-01-29 00:00:00+08:00,0.04024148946022066,0.050302233546972275,0.04024148946022066,0.050302233546972275,38571,0.0,0.0
2002-01-30 00:00:00+08:00,0.043595312106332794,0.04694877011803626,0.043595312106332794,0.045272041112184525,59510,0.0,0.0
2002-01-31 00:00:00+08:00,0.045272041112184525,0.045272041112184525,0.045272041112184525,0.045272041112184525,0,0.0,0.0
2002-02-01 00:00:00+08:00,0.045272041112184525,0.045272041112184525,0.045272041112184525,0.045272041112184525,0,0.0,0.0
2002-02-04 00:00:00+08:00,0.045272041112184525,0.045272041112184525,0.045272041112184525,0.045272041112184525,0,0.0,0.0
2002-02-05 00:00:00+08:00,0.04694877192378044,0.04694877192378044,0.04694877192378044,0.04694877192378044,77142,0.0,0.0
2002-02-06 00:00:00+08:00,0.03688802942633629,0.03688802942633629,0.03688802942633629,0.03688802942633629,4408,0.0,0.0
2002-02-07 00:00:00+08:00,0.03688802392642441,0.03856475278735161,0.03688802392642441,0.03856475278735161,49591,0.0,0.0
2002-02-08 00:00:00+08:00,0.03856475278735161,0.03856475278735161,0.03856475278735161,0.03856475278735161,0,0.0,0.0
2002-02-11 00:00:00+08:00,0.040241487324237823,0.040241487324237823,0.040241487324237823,0.040241487324237823,28653,0.0,0.0
2002-02-12 00:00:00+08:00,0.040241487324237823,0.040241487324237823,0.040241487324237823,0.040241487324237823,0,0.0,0.0
2002-02-13 00:00:00+08:00,0.040241487324237823,0.040241487324237823,0.040241487324237823,0.040241487324237823,0,0.0,0.0
2002-02-14 00:00:00+08:00,0.04191858321428299,0.04191858321428299,0.04191858321428299,0.04191858321428299,44081,0.0,0.0
2002-02-15 00:00:00+08:00,0.03688802942633629,0.03688802942633629,0.03688802942633629,0.03688802942633629,5510,0.0,0.0
2002-02-18 00:00:00+08:00,0.03688802942633629,0.03688802942633629,0.03688802942633629,0.03688802942633629,44081,0.0,0.0
2002-02-19 00:00:00+08:00,0.03688802942633629,0.03688802942633629,0.03688802942633629,0.03688802942633629,0,0.0,0.0
2002-02-20 00:00:00+08:00,0.035211300315413016,0.03688802942633629,0.035211300315413016,0.03688802942633629,12122,0.0,0.0
2002-02-21 00:00:00+08:00,0.03688802942633629,0.03688802942633629,0.03688802942633629,0.03688802942633629,4408,0.0,0.0
2002-02-22 00:00:00+08:00,0.03521130234003067,0.03521130234003067,0.03521130234003067,0.03521130234003067,3306,0.0,0.0
2002-02-25 00:00:00+08:00,0.03353457395798367,0.03688802942633629,0.03353457395798367,0.03688802942633629,69428,0.0,0.0
2002-02-26 00:00:00+08:00,0.03688802942633629,0.03688802942633629,0.03688802942633629,0.03688802942633629,0,0.0,0.0
2002-02-27 00:00:00+08:00,0.03353457525372505,0.03353457525372505,0.03353457525372505,0.03353457525372505,11020,0.0,0.0
2002-02-28 00:00:00+08:00,0.0318578448470604,0.03688802942633629,0.0318578448470604,0.03688802942633629,22040,0.0,0.0
2002-03-01 00:00:00+08:00,0.035211300315413016,0.03688802942633629,0.035211300315413016,0.03688802942633629,16530,0.0,0.0
2002-03-04 00:00:00+08:00,0.03353457525372505,0.03353457525372505,0.03353457525372505,0.03353457525372505,27551,0.0,0.0
2002-03-05 00:00:00+08:00,0.03353457525372505,0.03353457525372505,0.03353457525372505,0.03353457525372505,0,0.0,0.0
2002-03-06 00:00:00+08:00,0.033534573688029486,0.040241487324237823,0.033534573688029486,0.040241487324237823,146571,0.0,0.0
2002-03-07 00:00:00+08:00,0.040241487324237823,0.040241487324237823,0.040241487324237823,0.040241487324237823,0,0.0,0.0
2002-03-08 00:00:00+08:00,0.03856476440950273,0.0435953214764595,0.03856476440950273,0.0435953214764595,19836,0.0,0.0
2002-03-11 00:00:00+08:00,0.0435953214764595,0.0435953214764595,0.0435953214764595,0.0435953214764595,22040,0.0,0.0
2002-03-12 00:00:00+08:00,0.04024148164827881,0.04024148164827881,0.03856475278735161,0.03856475278735161,132244,0.0,0.0
2002-03-13 00:00:00+08:00,0.03856475278735161,0.03856475278735161,0.03856475278735161,0.03856475278735161,8816,0.0,0.0
2002-03-14 00:00:00+08:00,0.03688802392642441,0.03856475278735161,0.03688802392642441,0.03856475278735161,27551,0.0,0.0
2002-03-15 00:00:00+08:00,0.03856475278735161,0.03856475278735161,0.03856475278735161,0.03856475278735161,0,0.0,0.0
2002-03-18 00:00:00+08:00,0.03856475278735161,0.03856475278735161,0.03856475278735161,0.03856475278735161,0,0.0,0.0
2002-03-19 00:00:00+08:00,0.03688802942633629,0.03688802942633629,0.03688802942633629,0.03688802942633629,27551,0.0,0.0
2002-03-20 00:00:00+08:00,0.03688802942633629,0.03688802942633629,0.03688802942633629,0.03688802942633629,28653,0.0,0.0
2002-03-21 00:00:00+08:00,0.03688802942633629,0.03856475853725956,0.03688802942633629,0.03688802942633629,212693,0.0,0.0
2002-03-22 00:00:00+08:00,0.038564756225311775,0.04191858321428299,0.038564756225311775,0.04191858321428299,271101,0.0,0.0
2002-03-25 00:00:00+08:00,0.04191858321428299,0.04191858321428299,0.04191858321428299,0.04191858321428299,0,0.0,0.0
2002-03-26 00:00:00+08:00,0.04191858321428299,0.04191858321428299,0.04191858321428299,0.04191858321428299,0,0.0,0.0
2002-03-27 00:00:00+08:00,0.03856475278735161,0.03856475278735161,0.03856475278735161,0.03856475278735161,77142,0.0,0.0
2002-03-28 00:00:00+08:00,0.03856475278735161,0.03856475278735161,0.03856475278735161,0.03856475278735161,37469,0.0,0.0
2002-03-29 00:00:00+08:00,0.03856475278735161,0.03856475278735161,0.03856475278735161,0.03856475278735161,0,0.0,0.0
2002-04-01 00:00:00+08:00,0.03688802942633629,0.03688802942633629,0.03688802942633629,0.03688802942633629,5510,0.0,0.0
2002-04-02 00:00:00+08:00,0.03688802942633629,0.03688802942633629,0.03688802942633629,0.03688802942633629,0,0.0,0.0
2002-04-03 00:00:00+08:00,0.03688802942633629,0.03688802942633629,0.03688802942633629,0.03688802942633629,13224,0.0,0.0
2002-04-04 00:00:00+08:00,0.03688802942633629,0.03688802942633629,0.03688802942633629,0.03688802942633629,0,0.0,0.0
2002-04-05 00:00:00+08:00,0.035211300315413016,0.03688802942633629,0.035211300315413016,0.03688802942633629,49591,0.0,0.0
2002-04-08 00:00:00+08:00,0.036888031547364336,0.036888031547364336,0.03521130234003067,0.03521130234003067,62816,0.0,0.0
2002-04-09 00:00:00+08:00,0.03688802942633629,0.03688802942633629,0.03688802942633629,0.03688802942633629,22040,0.0,0.0
2002-04-10 00:00:00+08:00,0.03353457525372505,0.03353457525372505,0.03353457525372505,0.03353457525372505,22040,0.0,0.0
2002-04-11 00:00:00+08:00,0.03353457525372505,0.03353457525372505,0.03353457525372505,0.03353457525372505,0,0.0,0.0
2002-04-12 00:00:00+08:00,0.03353457525372505,0.03353457525372505,0.03353457525372505,0.03353457525372505,0,0.0,0.0
2002-04-15 00:00:00+08:00,0.03353457525372505,0.03353457525372505,0.03353457525372505,0.03353457525372505,0,0.0,0.0
2002-04-16 00:00:00+08:00,0.03521130234003067,0.03521130234003067,0.03521130234003067,0.03521130234003067,33061,0.0,0.0
2002-04-17 00:00:00+08:00,0.03521130234003067,0.036888031547364336,0.03521130234003067,0.03521130234003067,30857,0.0,0.0
2002-04-18 00:00:00+08:00,0.03521130234003067,0.03521130234003067,0.03521130234003067,0.03521130234003067,0,0.0,0.0
2002-04-19 00:00:00+08:00,0.03521130234003067,0.03521130234003067,0.03521130234003067,0.03521130234003067,4408,0.0,0.0
2002-04-22 00:00:00+08:00,0.03521130167594138,0.03521130167594138,0.03353457525372505,0.03353457525372505,115714,0.0,0.0
2002-04-23 00:00:00+08:00,0.03353457525372505,0.03353457525372505,0.03353457525372505,0.03353457525372505,66122,0.0,0.0
2002-04-24 00:00:00+08:00,0.03353457525372505,0.03353457525372505,0.03353457525372505,0.03353457525372505,0,0.0,0.0
2002-04-25 00:00:00+08:00,0.030181115493178368,0.030181115493178368,0.030181115493178368,0.030181115493178368,90367,0.0,0.0
2002-04-26 00:00:00+08:00,0.030181115493178368,0.030181115493178368,0.030181115493178368,0.030181115493178368,0,0.0,0.0
2002-04-29 00:00:00+08:00,0.030181115493178368,0.030181115493178368,0.030181115493178368,0.030181115493178368,0,0.0,0.0
2002-04-30 00:00:00+08:00,0.03018111535251804,0.03688802895746853,0.03018111535251804,0.031857844442129135,147673,0.0,0.0
2002-05-01 00:00:00+08:00,0.031857844442129135,0.031857844442129135,0.031857844442129135,0.031857844442129135,0,0.0,0.0
2002-05-02 00:00:00+08:00,0.03521130167594138,0.03521130167594138,0.03353457525372505,0.03353457525372505,14326,0.0,0.0
2002-05-03 00:00:00+08:00,0.03353457525372505,0.03353457525372505,0.03353457525372505,0.03353457525372505,11020,0.0,0.0
2002-05-06 00:00:00+08:00,0.03856475278735161,0.03856475278735161,0.03856475278735161,0.03856475278735161,11020,0.0,0.0
2002-05-07 00:00:00+08:00,0.03353457525372505,0.03353457525372505,0.03353457525372505,0.03353457525372505,6612,0.0,0.0
2002-05-08 00:00:00+08:00,0.03688802942633629,0.03688802942633629,0.03688802942633629,0.03688802942633629,20938,0.0,0.0
2002-05-09 00:00:00+08:00,0.03521130234003067,0.03521130234003067,0.03521130234003067,0.03521130234003067,16530,0.0,0.0
2002-05-10 00:00:00+08:00,0.03353457525372505,0.03353457525372505,0.03353457525372505,0.03353457525372505,33061,0.0,0.0
2002-05-13 00:00:00+08:00,0.03353457525372505,0.03353457525372505,0.03353457525372505,0.03353457525372505,0,0.0,0.0
2002-05-14 00:00:00+08:00,0.03353457525372505,0.03353457525372505,0.03353457525372505,0.03353457525372505,0,0.0,0.0
2002-05-15 00:00:00+08:00,0.03353457525372505,0.03353457525372505,0.03353457525372505,0.03353457525372505,9918,0.0,0.0
2002-05-16 00:00:00+08:00,0.03688803085165174,0.03688803085165174,0.03353457525372505,0.03353457525372505,28653,0.0,0.0
2002-05-17 00:00:00+08:00,0.03353457525372505,0.03353457525372505,0.03353457525372505,0.03353457525372505,11020,0.0,0.0
2002-05-20 00:00:00+08:00,0.03353457525372505,0.03353457525372505,0.03353457525372505,0.03353457525372505,0,0.0,0.0
2002-05-21 00:00:00+08:00,0.03353457525372505,0.03353457525372505,0.03353457525372505,0.03353457525372505,0,0.0,0.0
2002-05-22 00:00:00+08:00,0.03353457525372505,0.03353457525372505,0.03353457525372505,0.03353457525372505,0,0.0,0.0
2002-05-23 00:00:00+08:00,0.03353457525372505,0.03353457525372505,0.03353457525372505,0.03353457525372505,0,0.0,0.0
2002-05-24 00:00:00+08:00,0.03521130234003067,0.03521130234003067,0.03521130234003067,0.03521130234003067,1102,0.0,0.0
2002-05-27 00:00:00+08:00,0.03521130234003067,0.03521130234003067,0.03521130234003067,0.03521130234003067,0,0.0,0.0
2002-05-28 00:00:00+08:00,0.03521130234003067,0.03521130234003067,0.03521130234003067,0.03521130234003067,0,0.0,0.0
2002-05-29 00:00:00+08:00,0.03521130234003067,0.03521130234003067,0.03521130234003067,0.03521130234003067,0,0.0,0.0
2002-05-30 00:00:00+08:00,0.030181115493178368,0.030181115493178368,0.030181115493178368,0.030181115493178368,1102,0.0,0.0
2002-05-31 00:00:00+08:00,0.030181115493178368,0.030181115493178368,0.030181115493178368,0.030181115493178368,0,0.0,0.0
2002-06-03 00:00:00+08:00,0.030181115493178368,0.030181115493178368,0.030181115493178368,0.030181115493178368,0,0.0,0.0
2002-06-04 00:00:00+08:00,0.030181115493178368,0.030181115493178368,0.030181115493178368,0.030181115493178368,0,0.0,0.0
2002-06-05 00:00:00+08:00,0.030181115493178368,0.030181115493178368,0.030181115493178368,0.030181115493178368,22040,0.0,0.0
2002-06-06 00:00:00+08:00,0.030181115493178368,0.030181115493178368,0.030181115493178368,0.030181115493178368,5510,0.0,0.0
2002-06-07 00:00:00+08:00,0.030181115493178368,0.030181115493178368,0.030181115493178368,0.030181115493178368,0,0.0,0.0
2002-06-10 00:00:00+08:00,0.031857844442129135,0.031857844442129135,0.031857844442129135,0.031857844442129135,22040,0.0,0.0
2002-06-11 00:00:00+08:00,0.031857844442129135,0.031857844442129135,0.031857844442129135,0.031857844442129135,33061,0.0,0.0
2002-06-12 00:00:00+08:00,0.031857844442129135,0.031857844442129135,0.031857844442129135,0.031857844442129135,0,0.0,0.0
2002-06-13 00:00:00+08:00,0.03353457353174023,0.03353457353174023,0.031857844442129135,0.031857844442129135,22040,0.0,0.0
2002-06-14 00:00:00+08:00,0.031857844442129135,0.031857844442129135,0.031857844442129135,0.031857844442129135,0,0.0,0.0
2002-06-17 00:00:00+08:00,0.031857844442129135,0.031857844442129135,0.031857844442129135,0.031857844442129135,0,0.0,0.0
2002-06-18 00:00:00+08:00,0.031857844442129135,0.031857844442129135,0.031857844442129135,0.031857844442129135,0,0.0,0.0
2002-06-19 00:00:00+08:00,0.031857844442129135,0.031857844442129135,0.031857844442129135,0.031857844442129135,0,0.0,0.0
2002-06-20 00:00:00+08:00,0.030181115493178368,0.030181115493178368,0.030181115493178368,0.030181115493178368,4408,0.0,0.0
2002-06-21 00:00:00+08:00,0.030181115493178368,0.030181115493178368,0.030181115493178368,0.030181115493178368,0,0.0,0.0
2002-06-24 00:00:00+08:00,0.030181115493178368,0.030181115493178368,0.030181115493178368,0.030181115493178368,0,0.0,0.0
2002-06-25 00:00:00+08:00,0.030181115493178368,0.030181115493178368,0.030181115493178368,0.030181115493178368,28653,0.0,0.0
2002-06-26 00:00:00+08:00,0.030181115493178368,0.030181115493178368,0.030181115493178368,0.030181115493178368,0,0.0,0.0
2002-06-27 00:00:00+08:00,0.030181115493178368,0.030181115493178368,0.030181115493178368,0.030181115493178368,0,0.0,0.0
2002-06-28 00:00:00+08:00,0.030181115493178368,0.030181115493178368,0.030181115493178368,0.030181115493178368,0,0.0,0.0
2002-07-01 00:00:00+08:00,0.030181115493178368,0.030181115493178368,0.030181115493178368,0.030181115493178368,0,0.0,0.0
2002-07-02 00:00:00+08:00,0.02850438468158245,0.02850438468158245,0.02850438468158245,0.02850438468158245,2204,0.0,0.0
2002-07-03 00:00:00+08:00,0.02850438468158245,0.02850438468158245,0.02850438468158245,0.02850438468158245,0,0.0,0.0
2002-07-04 00:00:00+08:00,0.02850438468158245,0.02850438468158245,0.02850438468158245,0.02850438468158245,0,0.0,0.0
2002-07-05 00:00:00+08:00,0.03018111535251804,0.031857844442129135,0.03018111535251804,0.031857844442129135,116816,0.0,0.0
2002-07-08 00:00:00+08:00,0.033534573688029486,0.033534573688029486,0.030181115493178368,0.030181115493178368,17632,0.0,0.0
2002-07-09 00:00:00+08:00,0.030181115493178368,0.030181115493178368,0.030181115493178368,0.030181115493178368,0,0.0,0.0
2002-07-10 00:00:00+08:00,0.030181115493178368,0.030181115493178368,0.030181115493178368,0.030181115493178368,39673,0.0,0.0
2002-07-11 00:00:00+08:00,0.030181115493178368,0.030181115493178368,0.030181115493178368,0.030181115493178368,0,0.0,0.0
2002-07-12 00:00:00+08:00,0.03185784459060393,0.040241487324237823,0.03185784459060393,0.040241487324237823,9918,0.0,0.0
2002-07-15 00:00:00+08:00,0.040241487324237823,0.040241487324237823,0.040241487324237823,0.040241487324237823,0,0.0,0.0
2002-07-16 00:00:00+08:00,0.040241487324237823,0.040241487324237823,0.040241487324237823,0.040241487324237823,0,0.0,0.0
2002-07-17 00:00:00+08:00,0.040241487324237823,0.040241487324237823,0.040241487324237823,0.040241487324237823,0,0.0,0.0
2002-07-18 00:00:00+08:00,0.026827659457921982,0.026827659457921982,0.026827659457921982,0.026827659457921982,5510,0.0,0.0
2002-07-19 00:00:00+08:00,0.026827659457921982,0.026827659457921982,0.026827659457921982,0.026827659457921982,0,0.0,0.0
2002-07-22 00:00:00+08:00,0.03688802942633629,0.03688802942633629,0.03688802942633629,0.03688802942633629,1102,0.0,0.0
2002-07-23 00:00:00+08:00,0.040241487324237823,0.041918585389846205,0.03521130003196114,0.040241487324237823,20938,0.0,0.0
2002-07-24 00:00:00+08:00,0.040241487324237823,0.040241487324237823,0.040241487324237823,0.040241487324237823,0,0.0,0.0
2002-07-25 00:00:00+08:00,0.040241487324237823,0.040241487324237823,0.040241487324237823,0.040241487324237823,0,0.0,0.0
2002-07-26 00:00:00+08:00,0.040241487324237823,0.040241487324237823,0.040241487324237823,0.040241487324237823,0,0.0,0.0
2002-07-29 00:00:00+08:00,0.040241487324237823,0.040241487324237823,0.040241487324237823,0.040241487324237823,0,0.0,0.0
2002-07-30 00:00:00+08:00,0.040241487324237823,0.040241487324237823,0.040241487324237823,0.040241487324237823,0,0.0,0.0
2002-07-31 00:00:00+08:00,0.040241487324237823,0.040241487324237823,0.040241487324237823,0.040241487324237823,0,0.0,0.0
2002-08-01 00:00:00+08:00,0.040241487324237823,0.040241487324237823,0.040241487324237823,0.040241487324237823,0,0.0,0.0
2002-08-02 00:00:00+08:00,0.040241487324237823,0.040241487324237823,0.040241487324237823,0.040241487324237823,0,0.0,0.0
2002-08-05 00:00:00+08:00,0.040241487324237823,0.040241487324237823,0.040241487324237823,0.040241487324237823,0,0.0,0.0
2002-08-06 00:00:00+08:00,0.040241487324237823,0.040241487324237823,0.040241487324237823,0.040241487324237823,0,0.0,0.0
2002-08-07 00:00:00+08:00,0.040241487324237823,0.040241487324237823,0.040241487324237823,0.040241487324237823,0,0.0,0.0
2002-08-08 00:00:00+08:00,0.033534573688029486,0.040241487324237823,0.033534573688029486,0.040241487324237823,28653,0.0,0.0
2002-08-09 00:00:00+08:00,0.040241487324237823,0.040241487324237823,0.040241487324237823,0.040241487324237823,0,0.0,0.0
2002-08-12 00:00:00+08:00,0.040241487324237823,0.040241487324237823,0.040241487324237823,0.040241487324237823,0,0.0,0.0
2002-08-13 00:00:00+08:00,0.040241487324237823,0.040241487324237823,0.040241487324237823,0.040241487324237823,0,0.0,0.0
2002-08-14 00:00:00+08:00,0.030181111236209108,0.03856475278735161,0.030181111236209108,0.03856475278735161,12122,0.0,0.0
2002-08-15 00:00:00+08:00,0.03856475278735161,0.03856475278735161,0.03856475278735161,0.03856475278735161,0,0.0,0.0
2002-08-16 00:00:00+08:00,0.028504386625213853,0.03688802942633629,0.028504386625213853,0.03688802942633629,3306,0.0,0.0
2002-08-19 00:00:00+08:00,0.03688802942633629,0.03688802942633629,0.03688802942633629,0.03688802942633629,0,0.0,0.0
2002-08-20 00:00:00+08:00,0.028504388264190085,0.03521130234003067,0.028504388264190085,0.03521130234003067,24244,0.0,0.0
2002-08-21 00:00:00+08:00,0.03521130234003067,0.03521130234003067,0.03521130234003067,0.03521130234003067,0,0.0,0.0
2002-08-22 00:00:00+08:00,0.028504388264190085,0.03521130234003067,0.028504388264190085,0.03521130234003067,7714,0.0,0.0
2002-08-23 00:00:00+08:00,0.03521130234003067,0.03521130234003067,0.03521130234003067,0.03521130234003067,0,0.0,0.0
2002-08-26 00:00:00+08:00,0.03521130234003067,0.03521130234003067,0.03521130234003067,0.03521130234003067,0,0.0,0.0
2002-08-27 00:00:00+08:00,0.03521130234003067,0.03521130234003067,0.03521130234003067,0.03521130234003067,0,0.0,0.0
2002-08-28 00:00:00+08:00,0.03521130234003067,0.03521130234003067,0.03521130234003067,0.03521130234003067,0,0.0,0.0
2002-08-29 00:00:00+08:00,0.03018111535251804,0.031857844442129135,0.03018111535251804,0.031857844442129135,2204,0.0,0.0
2002-08-30 00:00:00+08:00,0.031857844442129135,0.031857844442129135,0.031857844442129135,0.031857844442129135,0,0.0,0.0
2002-09-02 00:00:00+08:00,0.031857844442129135,0.031857844442129135,0.031857844442129135,0.031857844442129135,0,0.0,0.0
2002-09-03 00:00:00+08:00,0.028504388264190085,0.03521130234003067,0.028504388264190085,0.03521130234003067,4408,0.0,0.0
2002-09-04 00:00:00+08:00,0.03521130234003067,0.03521130234003067,0.03521130234003067,0.03521130234003067,0,0.0,0.0
2002-09-05 00:00:00+08:00,0.03521130234003067,0.03521130234003067,0.03521130234003067,0.03521130234003067,0,0.0,0.0
2002-09-06 00:00:00+08:00,0.03521130234003067,0.03521130234003067,0.03521130234003067,0.03521130234003067,0,0.0,0.0
2002-09-09 00:00:00+08:00,0.03521130234003067,0.03521130234003067,0.03521130234003067,0.03521130234003067,0,0.0,0.0
2002-09-10 00:00:00+08:00,0.026827659457921982,0.03521130286642922,0.026827659457921982,0.026827659457921982,134448,0.0,0.0
2002-09-11 00:00:00+08:00,0.02682765717329585,0.031857844442129135,0.02682765717329585,0.031857844442129135,12122,0.0,0.0
2002-09-12 00:00:00+08:00,0.03688802942633629,0.03688802942633629,0.03688802942633629,0.03688802942633629,1102,0.0,0.0
2002-09-13 00:00:00+08:00,0.03018111367817443,0.03018111367817443,0.02850438468158245,0.02850438468158245,17632,0.0,0.0
2002-09-16 00:00:00+08:00,0.02850438468158245,0.02850438468158245,0.02850438468158245,0.02850438468158245,55102,0.0,0.0
2002-09-17 00:00:00+08:00,0.02850438468158245,0.02850438468158245,0.02850438468158245,0.02850438468158245,7714,0.0,0.0
2002-09-18 00:00:00+08:00,0.02850438468158245,0.02850438468158245,0.02850438468158245,0.02850438468158245,0,0.0,0.0
2002-09-19 00:00:00+08:00,0.026827659457921982,0.028504388690322256,0.026827659457921982,0.026827659457921982,454040,0.0,0.0
2002-09-20 00:00:00+08:00,0.026827659457921982,0.026827659457921982,0.026827659457921982,0.026827659457921982,632570,0.0,0.0
2002-09-23 00:00:00+08:00,0.025150932371616364,0.025150932371616364,0.025150932371616364,0.025150932371616364,603917,0.0,0.0
2002-09-24 00:00:00+08:00,0.02515093022552171,0.026827659457921982,0.02515093022552171,0.026827659457921982,190652,0.0,0.0
2002-09-25 00:00:00+08:00,0.025150932371616364,0.025150932371616364,0.025150932371616364,0.025150932371616364,426489,0.0,0.0
2002-09-26 00:00:00+08:00,0.02515093022552171,0.026827659457921982,0.02515093022552171,0.026827659457921982,58408,0.0,0.0
2002-09-27 00:00:00+08:00,0.025150932371616364,0.025150932371616364,0.025150932371616364,0.025150932371616364,209387,0.0,0.0
2002-09-30 00:00:00+08:00,0.025150932371616364,0.025150932371616364,0.025150932371616364,0.025150932371616364,0,0.0,0.0
2002-10-01 00:00:00+08:00,0.025150932371616364,0.025150932371616364,0.025150932371616364,0.025150932371616364,123428,0.0,0.0
2002-10-02 00:00:00+08:00,0.025150932371616364,0.025150932371616364,0.025150932371616364,0.025150932371616364,189550,0.0,0.0
2002-10-03 00:00:00+08:00,0.025150932371616364,0.025150932371616364,0.025150932371616364,0.025150932371616364,111306,0.0,0.0
2002-10-04 00:00:00+08:00,0.025150932371616364,0.025150932371616364,0.025150932371616364,0.025150932371616364,0,0.0,0.0
2002-10-07 00:00:00+08:00,0.025150928083684757,0.031857844442129135,0.025150928083684757,0.031857844442129135,16530,0.0,0.0
2002-10-08 00:00:00+08:00,0.026827659457921982,0.026827659457921982,0.026827659457921982,0.026827659457921982,5510,0.0,0.0
2002-10-09 00:00:00+08:00,0.031857844442129135,0.031857844442129135,0.031857844442129135,0.031857844442129135,1102,0.0,0.0
2002-10-10 00:00:00+08:00,0.031857844442129135,0.031857844442129135,0.031857844442129135,0.031857844442129135,0,0.0,0.0
2002-10-11 00:00:00+08:00,0.026827659457921982,0.026827659457921982,0.026827659457921982,0.026827659457921982,258979,0.0,0.0
2002-10-14 00:00:00+08:00,0.02850438468158245,0.02850438468158245,0.02850438468158245,0.02850438468158245,22040,0.0,0.0
2002-10-15 00:00:00+08:00,0.02850438468158245,0.02850438468158245,0.02850438468158245,0.02850438468158245,0,0.0,0.0
2002-10-16 00:00:00+08:00,0.026827659457921982,0.026827659457921982,0.026827659457921982,0.026827659457921982,33061,0.0,0.0
2002-10-17 00:00:00+08:00,0.026827659457921982,0.026827659457921982,0.026827659457921982,0.026827659457921982,0,0.0,0.0
2002-10-18 00:00:00+08:00,0.026827659457921982,0.026827659457921982,0.026827659457921982,0.026827659457921982,0,0.0,0.0
2002-10-21 00:00:00+08:00,0.026827659457921982,0.026827659457921982,0.026827659457921982,0.026827659457921982,0,0.0,0.0
2002-10-22 00:00:00+08:00,0.026827659457921982,0.026827659457921982,0.026827659457921982,0.026827659457921982,0,0.0,0.0
2002-10-23 00:00:00+08:00,0.026827659457921982,0.026827659457921982,0.026827659457921982,0.026827659457921982,0,0.0,0.0
2002-10-24 00:00:00+08:00,0.02850438468158245,0.02850438468158245,0.02850438468158245,0.02850438468158245,61714,0.0,0.0
2002-10-25 00:00:00+08:00,0.02850438468158245,0.02850438468158245,0.02850438468158245,0.02850438468158245,16530,0.0,0.0
2002-10-28 00:00:00+08:00,0.02850438468158245,0.02850438468158245,0.02850438468158245,0.02850438468158245,11020,0.0,0.0
2002-10-29 00:00:00+08:00,0.028504387726593982,0.03353457525372505,0.028504387726593982,0.03353457525372505,84857,0.0,0.0
2002-10-30 00:00:00+08:00,0.02850438468158245,0.02850438468158245,0.02850438468158245,0.02850438468158245,112408,0.0,0.0
2002-10-31 00:00:00+08:00,0.02850438468158245,0.02850438468158245,0.02850438468158245,0.02850438468158245,0,0.0,0.0
2002-11-01 00:00:00+08:00,0.02850438468158245,0.02850438468158245,0.02850438468158245,0.02850438468158245,0,0.0,0.0
2002-11-04 00:00:00+08:00,0.02850438468158245,0.02850438468158245,0.02850438468158245,0.02850438468158245,0,0.0,0.0
2002-11-05 00:00:00+08:00,0.02850438468158245,0.02850438468158245,0.02850438468158245,0.02850438468158245,0,0.0,0.0
2002-11-06 00:00:00+08:00,0.026827659457921982,0.026827659457921982,0.026827659457921982,0.026827659457921982,27551,0.0,0.0
2002-11-07 00:00:00+08:00,0.026827659457921982,0.026827659457921982,0.026827659457921982,0.026827659457921982,116816,0.0,0.0
2002-11-08 00:00:00+08:00,0.026827659457921982,0.026827659457921982,0.026827659457921982,0.026827659457921982,0,0.0,0.0
2002-11-11 00:00:00+08:00,0.028504386262906946,0.031857844442129135,0.028504386262906946,0.031857844442129135,253469,0.0,0.0
2002-11-12 00:00:00+08:00,0.031857844442129135,0.031857844442129135,0.031857844442129135,0.031857844442129135,26448,0.0,0.0
2002-11-13 00:00:00+08:00,0.030181115493178368,0.030181115493178368,0.030181115493178368,0.030181115493178368,40775,0.0,0.0
2002-11-14 00:00:00+08:00,0.031857844442129135,0.031857844442129135,0.031857844442129135,0.031857844442129135,22040,0.0,0.0
2002-11-15 00:00:00+08:00,0.031857844442129135,0.031857844442129135,0.031857844442129135,0.031857844442129135,0,0.0,0.0
2002-11-18 00:00:00+08:00,0.030181115493178368,0.030181115493178368,0.030181115493178368,0.030181115493178368,27551,0.0,0.0
2002-11-19 00:00:00+08:00,0.031857844442129135,0.03353457353174023,0.031857844442129135,0.031857844442129135,310775,0.0,0.0
2002-11-20 00:00:00+08:00,0.03521130003196114,0.03521130003196114,0.030181115493178368,0.030181115493178368,127836,0.0,0.0
2002-11-21 00:00:00+08:00,0.030181115493178368,0.030181115493178368,0.030181115493178368,0.030181115493178368,12122,0.0,0.0
2002-11-22 00:00:00+08:00,0.030181115493178368,0.030181115493178368,0.030181115493178368,0.030181115493178368,0,0.0,0.0
2002-11-25 00:00:00+08:00,0.030181115493178368,0.030181115493178368,0.030181115493178368,0.030181115493178368,76040,0.0,0.0
2002-11-26 00:00:00+08:00,0.030181115493178368,0.030181115493178368,0.030181115493178368,0.030181115493178368,50693,0.0,0.0
2002-11-27 00:00:00+08:00,0.030181115493178368,0.03185784459060393,0.030181115493178368,0.030181115493178368,34163,0.0,0.0
2002-11-28 00:00:00+08:00,0.030181115493178368,0.030181115493178368,0.030181115493178368,0.030181115493178368,0,0.0,0.0
2002-11-29 00:00:00+08:00,0.030181115493178368,0.030181115493178368,0.030181115493178368,0.030181115493178368,109101,0.0,0.0
2002-12-02 00:00:00+08:00,0.030181115493178368,0.030181115493178368,0.030181115493178368,0.030181115493178368,0,0.0,0.0
2002-12-03 00:00:00+08:00,0.030181115493178368,0.030181115493178368,0.030181115493178368,0.030181115493178368,246856,0.0,0.0
2002-12-04 00:00:00+08:00,0.030181115493178368,0.030181115493178368,0.030181115493178368,0.030181115493178368,78244,0.0,0.0
2002-12-05 00:00:00+08:00,0.030181115493178368,0.030181115493178368,0.030181115493178368,0.030181115493178368,90367,0.0,0.0
2002-12-06 00:00:00+08:00,0.030181115493178368,0.030181115493178368,0.030181115493178368,0.030181115493178368,0,0.0,0.0
2002-12-09 00:00:00+08:00,0.030181115493178368,0.030181115493178368,0.030181115493178368,0.030181115493178368,152081,0.0,0.0
2002-12-10 00:00:00+08:00,0.030181115493178368,0.030181115493178368,0.030181115493178368,0.030181115493178368,94775,0.0,0.0
2002-12-11 00:00:00+08:00,0.030181115493178368,0.030181115493178368,0.030181115493178368,0.030181115493178368,49591,0.0,0.0
2002-12-12 00:00:00+08:00,0.030181115493178368,0.030181115493178368,0.030181115493178368,0.030181115493178368,25346,0.0,0.0
2002-12-13 00:00:00+08:00,0.030181115493178368,0.030181115493178368,0.030181115493178368,0.030181115493178368,6612,0.0,0.0
2002-12-16 00:00:00+08:00,0.03185784459060393,0.03185784459060393,0.030181115493178368,0.030181115493178368,161999,0.0,0.0
2002-12-17 00:00:00+08:00,0.030181115493178368,0.030181115493178368,0.030181115493178368,0.030181115493178368,362571,0.0,0.0
2002-12-18 00:00:00+08:00,0.030181115493178368,0.030181115493178368,0.030181115493178368,0.030181115493178368,8816,0.0,0.0
2002-12-19 00:00:00+08:00,0.030181115493178368,0.030181115493178368,0.030181115493178368,0.030181115493178368,57306,0.0,0.0
2002-12-20 00:00:00+08:00,0.030181115493178368,0.030181115493178368,0.030181115493178368,0.030181115493178368,33061,0.0,0.0
2002-12-23 00:00:00+08:00,0.031857844442129135,0.031857844442129135,0.031857844442129135,0.031857844442129135,35265,0.0,0.0
2002-12-24 00:00:00+08:00,0.031857844442129135,0.031857844442129135,0.031857844442129135,0.031857844442129135,112408,0.0,0.0
2002-12-25 00:00:00+08:00,0.031857844442129135,0.031857844442129135,0.031857844442129135,0.031857844442129135,0,0.0,0.0
2002-12-26 00:00:00+08:00,0.031857844442129135,0.031857844442129135,0.031857844442129135,0.031857844442129135,149877,0.0,0.0
2002-12-27 00:00:00+08:00,0.030181115493178368,0.030181115493178368,0.030181115493178368,0.030181115493178368,61714,0.0,0.0
2002-12-30 00:00:00+08:00,0.03018111535251804,0.031857844442129135,0.03018111535251804,0.031857844442129135,219305,0.0,0.0
2002-12-31 00:00:00+08:00,0.031857844442129135,0.031857844442129135,0.031857844442129135,0.031857844442129135,52897,0.0,0.0
2003-01-01 00:00:00+08:00,0.031857844442129135,0.031857844442129135,0.031857844442129135,0.031857844442129135,0,0.0,0.0
2003-01-02 00:00:00+08:00,0.03018111535251804,0.031857844442129135,0.03018111535251804,0.031857844442129135,53999,0.0,0.0
2003-01-03 00:00:00+08:00,0.031857844442129135,0.031857844442129135,0.031857844442129135,0.031857844442129135,0,0.0,0.0
2003-01-06 00:00:00+08:00,0.031857844442129135,0.031857844442129135,0.031857844442129135,0.031857844442129135,11020,0.0,0.0
2003-01-07 00:00:00+08:00,0.031857844442129135,0.031857844442129135,0.031857844442129135,0.031857844442129135,55102,0.0,0.0
2003-01-08 00:00:00+08:00,0.031857844442129135,0.03353457353174023,0.031857844442129135,0.031857844442129135,124530,0.0,0.0
2003-01-09 00:00:00+08:00,0.031857844442129135,0.031857844442129135,0.031857844442129135,0.031857844442129135,0,0.0,0.0
2003-01-10 00:00:00+08:00,0.031857844442129135,0.031857844442129135,0.031857844442129135,0.031857844442129135,0,0.0,0.0
2003-01-13 00:00:00+08:00,0.031857844442129135,0.031857844442129135,0.031857844442129135,0.031857844442129135,0,0.0,0.0
2003-01-14 00:00:00+08:00,0.031857844442129135,0.031857844442129135,0.031857844442129135,0.031857844442129135,28653,0.0,0.0
2003-01-15 00:00:00+08:00,0.031857844442129135,0.031857844442129135,0.031857844442129135,0.031857844442129135,22040,0.0,0.0
2003-01-16 00:00:00+08:00,0.031857844442129135,0.031857844442129135,0.031857844442129135,0.031857844442129135,22040,0.0,0.0
2003-01-17 00:00:00+08:00,0.031857844442129135,0.031857844442129135,0.031857844442129135,0.031857844442129135,0,0.0,0.0
2003-01-20 00:00:00+08:00,0.031857844442129135,0.031857844442129135,0.031857844442129135,0.031857844442129135,16530,0.0,0.0
2003-01-21 00:00:00+08:00,0.031857844442129135,0.031857844442129135,0.031857844442129135,0.031857844442129135,0,0.0,0.0
2003-01-22 00:00:00+08:00,0.03353457353174023,0.03353457353174023,0.031857844442129135,0.031857844442129135,39673,0.0,0.0
2003-01-23 00:00:00+08:00,0.031857844442129135,0.031857844442129135,0.031857844442129135,0.031857844442129135,2204,0.0,0.0
2003-01-24 00:00:00+08:00,0.031857844442129135,0.031857844442129135,0.031857844442129135,0.031857844442129135,20938,0.0,0.0
2003-01-27 00:00:00+08:00,0.031857844442129135,0.031857844442129135,0.031857844442129135,0.031857844442129135,153183,0.0,0.0
2003-01-28 00:00:00+08:00,0.031857844442129135,0.031857844442129135,0.031857844442129135,0.031857844442129135,0,0.0,0.0
2003-01-29 00:00:00+08:00,0.031857844442129135,0.031857844442129135,0.031857844442129135,0.031857844442129135,308571,0.0,0.0
2003-01-30 00:00:00+08:00,0.031857846078014694,0.03353457525372505,0.031857846078014694,0.03353457525372505,16530,0.0,0.0
2003-01-31 00:00:00+08:00,0.03353457525372505,0.03353457525372505,0.03353457525372505,0.03353457525372505,0,0.0,0.0
2003-02-03 00:00:00+08:00,0.03353457525372505,0.03353457525372505,0.03353457525372505,0.03353457525372505,0,0.0,0.0
2003-02-04 00:00:00+08:00,0.031857844442129135,0.031857844442129135,0.031857844442129135,0.031857844442129135,16530,0.0,0.0
2003-02-05 00:00:00+08:00,0.031857844442129135,0.031857844442129135,0.031857844442129135,0.031857844442129135,0,0.0,0.0
2003-02-06 00:00:00+08:00,0.031857844442129135,0.031857844442129135,0.031857844442129135,0.031857844442129135,11020,0.0,0.0
2003-02-07 00:00:00+08:00,0.031857844442129135,0.031857844442129135,0.031857844442129135,0.031857844442129135,104693,0.0,0.0
2003-02-10 00:00:00+08:00,0.031857844442129135,0.031857844442129135,0.031857844442129135,0.031857844442129135,11020,0.0,0.0
2003-02-11 00:00:00+08:00,0.031857844442129135,0.031857844442129135,0.031857844442129135,0.031857844442129135,0,0.0,0.0
2003-02-12 00:00:00+08:00,0.031857844442129135,0.031857844442129135,0.031857844442129135,0.031857844442129135,0,0.0,0.0
2003-02-13 00:00:00+08:00,0.031857844442129135,0.031857844442129135,0.031857844442129135,0.031857844442129135,11020,0.0,0.0
2003-02-14 00:00:00+08:00,0.031857844442129135,0.031857844442129135,0.031857844442129135,0.031857844442129135,14326,0.0,0.0
2003-02-17 00:00:00+08:00,0.031857844442129135,0.031857844442129135,0.031857844442129135,0.031857844442129135,11020,0.0,0.0
2003-02-18 00:00:00+08:00,0.031857846078014694,0.03353457525372505,0.031857846078014694,0.03353457525372505,3306,0.0,0.0
2003-02-19 00:00:00+08:00,0.031857844442129135,0.031857844442129135,0.031857844442129135,0.031857844442129135,2204,0.0,0.0
2003-02-20 00:00:00+08:00,0.03353457525372505,0.03353457525372505,0.031857846078014694,0.03353457525372505,39673,0.0,0.0
2003-02-21 00:00:00+08:00,0.031857846078014694,0.03353457525372505,0.031857846078014694,0.03353457525372505,12122,0.0,0.0
2003-02-24 00:00:00+08:00,0.03353457525372505,0.03353457525372505,0.03353457525372505,0.03353457525372505,55102,0.0,0.0
2003-02-25 00:00:00+08:00,0.03353457525372505,0.03353457525372505,0.03353457525372505,0.03353457525372505,0,0.0,0.0
2003-02-26 00:00:00+08:00,0.03353457525372505,0.03353457525372505,0.03353457525372505,0.03353457525372505,0,0.0,0.0
2003-02-27 00:00:00+08:00,0.03353457525372505,0.03353457525372505,0.03353457525372505,0.03353457525372505,0,0.0,0.0
2003-02-28 00:00:00+08:00,0.026827659457921982,0.026827659457921982,0.026827659457921982,0.026827659457921982,3306,0.0,0.0
2003-03-03 00:00:00+08:00,0.026827659457921982,0.026827659457921982,0.026827659457921982,0.026827659457921982,0,0.0,0.0
2003-03-04 00:00:00+08:00,0.026827659457921982,0.026827659457921982,0.026827659457921982,0.026827659457921982,0,0.0,0.0
2003-03-05 00:00:00+08:00,0.026827659457921982,0.026827659457921982,0.026827659457921982,0.026827659457921982,0,0.0,0.0
2003-03-06 00:00:00+08:00,0.026827659457921982,0.026827659457921982,0.026827659457921982,0.026827659457921982,0,0.0,0.0
2003-03-07 00:00:00+08:00,0.02682766174708966,0.02682766174708966,0.025150932371616364,0.025150932371616364,87061,0.0,0.0
2003-03-10 00:00:00+08:00,0.025150932371616364,0.025150932371616364,0.025150932371616364,0.025150932371616364,0,0.0,0.0
2003-03-11 00:00:00+08:00,0.025150932371616364,0.025150932371616364,0.025150932371616364,0.025150932371616364,7714,0.0,0.0
2003-03-12 00:00:00+08:00,0.02515093022552171,0.026827659457921982,0.02515093022552171,0.026827659457921982,33061,0.0,0.0
2003-03-13 00:00:00+08:00,0.026827659457921982,0.026827659457921982,0.026827659457921982,0.026827659457921982,0,0.0,0.0
2003-03-14 00:00:00+08:00,0.026827659457921982,0.026827659457921982,0.026827659457921982,0.026827659457921982,0,0.0,0.0
2003-03-17 00:00:00+08:00,0.026827659457921982,0.026827659457921982,0.026827659457921982,0.026827659457921982,0,0.0,0.0
2003-03-18 00:00:00+08:00,0.026827659457921982,0.026827659457921982,0.026827659457921982,0.026827659457921982,0,0.0,0.0
2003-03-19 00:00:00+08:00,0.026827659457921982,0.026827659457921982,0.026827659457921982,0.026827659457921982,0,0.0,0.0
2003-03-20 00:00:00+08:00,0.026827659457921982,0.026827659457921982,0.026827659457921982,0.026827659457921982,0,0.0,0.0
2003-03-21 00:00:00+08:00,0.02850438468158245,0.02850438468158245,0.02850438468158245,0.02850438468158245,56204,0.0,0.0
2003-03-24 00:00:00+08:00,0.02850438468158245,0.02850438468158245,0.02850438468158245,0.02850438468158245,0,0.0,0.0
2003-03-25 00:00:00+08:00,0.02850438468158245,0.02850438468158245,0.02850438468158245,0.02850438468158245,0,0.0,0.0
2003-03-26 00:00:00+08:00,0.025150932371616364,0.025150932371616364,0.025150932371616364,0.025150932371616364,2204,0.0,0.0
2003-03-27 00:00:00+08:00,0.025150932371616364,0.025150932371616364,0.025150932371616364,0.025150932371616364,0,0.0,0.0
2003-03-28 00:00:00+08:00,0.02682765568499047,0.02850438468158245,0.02682765568499047,0.02850438468158245,24244,0.0,0.0
2003-03-31 00:00:00+08:00,0.025150932371616364,0.025150932371616364,0.025150932371616364,0.025150932371616364,13224,0.0,0.0
2003-04-01 00:00:00+08:00,0.02850438468158245,0.02850438468158245,0.02850438468158245,0.02850438468158245,13224,0.0,0.0
2003-04-02 00:00:00+08:00,0.02850438468158245,0.02850438468158245,0.02850438468158245,0.02850438468158245,0,0.0,0.0
2003-04-03 00:00:00+08:00,0.02850438468158245,0.02850438468158245,0.02850438468158245,0.02850438468158245,0,0.0,0.0
2003-04-04 00:00:00+08:00,0.02850438468158245,0.02850438468158245,0.02850438468158245,0.02850438468158245,0,0.0,0.0
2003-04-07 00:00:00+08:00,0.02850438639575281,0.030181115493178368,0.02850438639575281,0.030181115493178368,26448,0.0,0.0
2003-04-08 00:00:00+08:00,0.030181115493178368,0.030181115493178368,0.030181115493178368,0.030181115493178368,0,0.0,0.0
2003-04-09 00:00:00+08:00,0.030181115493178368,0.030181115493178368,0.030181115493178368,0.030181115493178368,0,0.0,0.0
2003-04-10 00:00:00+08:00,0.030181115493178368,0.030181115493178368,0.030181115493178368,0.030181115493178368,0,0.0,0.0
2003-04-11 00:00:00+08:00,0.030181115493178368,0.030181115493178368,0.030181115493178368,0.030181115493178368,0,0.0,0.0
2003-04-14 00:00:00+08:00,0.030181115493178368,0.030181115493178368,0.030181115493178368,0.030181115493178368,0,0.0,0.0
2003-04-15 00:00:00+08:00,0.030181115493178368,0.030181115493178368,0.030181115493178368,0.030181115493178368,0,0.0,0.0
2003-04-16 00:00:00+08:00,0.025150932371616364,0.025150932371616364,0.025150932371616364,0.025150932371616364,23142,0.0,0.0
2003-04-17 00:00:00+08:00,0.025150932371616364,0.025150932371616364,0.025150932371616364,0.025150932371616364,0,0.0,0.0
2003-04-18 00:00:00+08:00,0.025150932371616364,0.025150932371616364,0.025150932371616364,0.025150932371616364,0,0.0,0.0
2003-04-21 00:00:00+08:00,0.025150932371616364,0.025150932371616364,0.025150932371616364,0.025150932371616364,0,0.0,0.0
2003-04-22 00:00:00+08:00,0.025150932371616364,0.025150932371616364,0.025150932371616364,0.025150932371616364,0,0.0,0.0
2003-04-23 00:00:00+08:00,0.025150932371616364,0.025150932371616364,0.025150932371616364,0.025150932371616364,0,0.0,0.0
2003-04-24 00:00:00+08:00,0.025150932371616364,0.025150932371616364,0.025150932371616364,0.025150932371616364,0,0.0,0.0
2003-04-25 00:00:00+08:00,0.026827659457921982,0.026827659457921982,0.026827659457921982,0.026827659457921982,15428,0.0,0.0
2003-04-28 00:00:00+08:00,0.026827659457921982,0.026827659457921982,0.026827659457921982,0.026827659457921982,0,0.0,0.0
2003-04-29 00:00:00+08:00,0.028504391122562957,0.028504391122562957,0.025150932371616364,0.025150932371616364,22040,0.0,0.0
2003-04-30 00:00:00+08:00,0.025150932371616364,0.025150932371616364,0.025150932371616364,0.025150932371616364,31959,0.0,0.0
2003-05-01 00:00:00+08:00,0.025150932371616364,0.025150932371616364,0.025150932371616364,0.025150932371616364,0,0.0,0.0
2003-05-02 00:00:00+08:00,0.026827659457921982,0.026827659457921982,0.026827659457921982,0.026827659457921982,11020,0.0,0.0
2003-05-05 00:00:00+08:00,0.026827659457921982,0.026827659457921982,0.026827659457921982,0.026827659457921982,0,0.0,0.0
2003-05-06 00:00:00+08:00,0.023474203746615564,0.026827659457921982,0.023474203746615564,0.026827659457921982,34163,0.0,0.0
2003-05-07 00:00:00+08:00,0.026827659457921982,0.026827659457921982,0.026827659457921982,0.026827659457921982,0,0.0,0.0
2003-05-08 00:00:00+08:00,0.026827659457921982,0.030181117922722527,0.026827659457921982,0.026827659457921982,13224,0.0,0.0
2003-05-09 00:00:00+08:00,0.026827659457921982,0.026827659457921982,0.026827659457921982,0.026827659457921982,0,0.0,0.0
2003-05-12 00:00:00+08:00,0.026827659457921982,0.026827659457921982,0.026827659457921982,0.026827659457921982,0,0.0,0.0
2003-05-13 00:00:00+08:00,0.026827659457921982,0.026827659457921982,0.026827659457921982,0.026827659457921982,5510,0.0,0.0
2003-05-14 00:00:00+08:00,0.026827659457921982,0.026827659457921982,0.026827659457921982,0.026827659457921982,0,0.0,0.0
2003-05-15 00:00:00+08:00,0.026827659457921982,0.026827659457921982,0.026827659457921982,0.026827659457921982,0,0.0,0.0
2003-05-16 00:00:00+08:00,0.026827659457921982,0.026827659457921982,0.026827659457921982,0.026827659457921982,0,0.0,0.0
2003-05-19 00:00:00+08:00,0.026827659457921982,0.026827659457921982,0.026827659457921982,0.026827659457921982,11020,0.0,0.0
2003-05-20 00:00:00+08:00,0.026827659457921982,0.026827659457921982,0.026827659457921982,0.026827659457921982,0,0.0,0.0
2003-05-21 00:00:00+08:00,0.02682765568499047,0.02850438468158245,0.02682765568499047,0.02850438468158245,30857,0.0,0.0
2003-05-22 00:00:00+08:00,0.02850438468158245,0.02850438468158245,0.02850438468158245,0.02850438468158245,0,0.0,0.0
2003-05-23 00:00:00+08:00,0.02850438468158245,0.02850438468158245,0.02850438468158245,0.02850438468158245,52897,0.0,0.0
2003-05-26 00:00:00+08:00,0.03018111535251804,0.031857844442129135,0.03018111535251804,0.031857844442129135,22040,0.0,0.0
2003-05-27 00:00:00+08:00,0.031857844442129135,0.031857844442129135,0.031857844442129135,0.031857844442129135,0,0.0,0.0
2003-05-28 00:00:00+08:00,0.02850438639575281,0.030181115493178368,0.02850438639575281,0.030181115493178368,11020,0.0,0.0
2003-05-29 00:00:00+08:00,0.030181115493178368,0.030181115493178368,0.030181115493178368,0.030181115493178368,0,0.0,0.0
2003-05-30 00:00:00+08:00,0.03185784459060393,0.03185784459060393,0.030181115493178368,0.030181115493178368,57306,0.0,0.0
2003-06-02 00:00:00+08:00,0.030181115493178368,0.030181115493178368,0.030181115493178368,0.030181115493178368,0,0.0,0.0
2003-06-03 00:00:00+08:00,0.031857846078014694,0.03688803085165174,0.031857846078014694,0.03353457525372505,632570,0.0,0.0
2003-06-04 00:00:00+08:00,0.03353457525372505,0.03353457525372505,0.03353457525372505,0.03353457525372505,53999,0.0,0.0
2003-06-05 00:00:00+08:00,0.03521130234003067,0.038564760754698,0.03521130234003067,0.03521130234003067,382407,0.0,0.0
2003-06-06 00:00:00+08:00,0.03521130234003067,0.03521130234003067,0.03521130234003067,0.03521130234003067,36367,0.0,0.0
2003-06-09 00:00:00+08:00,0.031857844442129135,0.031857844442129135,0.031857844442129135,0.031857844442129135,7714,0.0,0.0
2003-06-10 00:00:00+08:00,0.03353457525372505,0.03353457525372505,0.03353457525372505,0.03353457525372505,146571,0.0,0.0
2003-06-11 00:00:00+08:00,0.03521130234003067,0.03521130234003067,0.03521130234003067,0.03521130234003067,143265,0.0,0.0
2003-06-12 00:00:00+08:00,0.03353457588619108,0.03521130234003067,0.03353457588619108,0.03521130234003067,156489,0.0,0.0
2003-06-13 00:00:00+08:00,0.03521130234003067,0.03521130234003067,0.03521130234003067,0.03521130234003067,0,0.0,0.0
2003-06-16 00:00:00+08:00,0.03521130234003067,0.03521130234003067,0.03521130234003067,0.03521130234003067,5510,0.0,0.0
2003-06-17 00:00:00+08:00,0.03521130234003067,0.03521130234003067,0.03521130234003067,0.03521130234003067,0,0.0,0.0
2003-06-18 00:00:00+08:00,0.03353457353174023,0.03353457353174023,0.031857844442129135,0.031857844442129135,93673,0.0,0.0
2003-06-19 00:00:00+08:00,0.03353457525372505,0.03688803085165174,0.03353457525372505,0.03353457525372505,103591,0.0,0.0
2003-06-20 00:00:00+08:00,0.03521130234003067,0.03521130234003067,0.03521130234003067,0.03521130234003067,213795,0.0,0.0
2003-06-23 00:00:00+08:00,0.03521130234003067,0.03521130234003067,0.03521130234003067,0.03521130234003067,55102,0.0,0.0
2003-06-24 00:00:00+08:00,0.03521130234003067,0.03521130234003067,0.03521130234003067,0.03521130234003067,0,0.0,0.0
2003-06-25 00:00:00+08:00,0.03688802942633629,0.03688802942633629,0.03688802942633629,0.03688802942633629,40775,0.0,0.0
2003-06-26 00:00:00+08:00,0.03688802942633629,0.03688802942633629,0.03688802942633629,0.03688802942633629,0,0.0,0.0
2003-06-27 00:00:00+08:00,0.03353457588619108,0.03521130234003067,0.03353457588619108,0.03521130234003067,61714,0.0,0.0
2003-06-30 00:00:00+08:00,0.03353457525372505,0.03353457525372505,0.03353457525372505,0.03353457525372505,46285,0.0,0.0
2003-07-01 00:00:00+08:00,0.03353457525372505,0.03353457525372505,0.03353457525372505,0.03353457525372505,49591,0.0,0.0
2003-07-02 00:00:00+08:00,0.031857844442129135,0.031857844442129135,0.031857844442129135,0.031857844442129135,28653,0.0,0.0
2003-07-03 00:00:00+08:00,0.031857844442129135,0.031857844442129135,0.031857844442129135,0.031857844442129135,28653,0.0,0.0
2003-07-04 00:00:00+08:00,0.03353457525372505,0.03353457525372505,0.03353457525372505,0.03353457525372505,44081,0.0,0.0
2003-07-07 00:00:00+08:00,0.03353457525372505,0.03353457525372505,0.03353457525372505,0.03353457525372505,0,0.0,0.0
2003-07-08 00:00:00+08:00,0.03353457525372505,0.03353457525372505,0.03353457525372505,0.03353457525372505,19836,0.0,0.0
2003-07-09 00:00:00+08:00,0.03353457588619108,0.036888031547364336,0.03353457588619108,0.03521130234003067,390122,0.0,0.0
2003-07-10 00:00:00+08:00,0.03521130234003067,0.03521130234003067,0.03353457588619108,0.03521130234003067,148775,0.0,0.0
2003-07-11 00:00:00+08:00,0.03353457395798367,0.03688802942633629,0.03353457395798367,0.03688802942633629,185142,0.0,0.0
2003-07-14 00:00:00+08:00,0.03521130234003067,0.03521130234003067,0.03353457588619108,0.03521130234003067,221510,0.0,0.0
2003-07-15 00:00:00+08:00,0.03521130234003067,0.03521130234003067,0.03521130234003067,0.03521130234003067,149877,0.0,0.0
2003-07-16 00:00:00+08:00,0.03521130234003067,0.03521130234003067,0.03521130234003067,0.03521130234003067,0,0.0,0.0
2003-07-17 00:00:00+08:00,0.03521130234003067,0.03521130234003067,0.03521130234003067,0.03521130234003067,88163,0.0,0.0
2003-07-18 00:00:00+08:00,0.03521130234003067,0.03521130234003067,0.03521130234003067,0.03521130234003067,0,0.0,0.0
2003-07-21 00:00:00+08:00,0.03521130167594138,0.03521130167594138,0.03353457525372505,0.03353457525372505,104693,0.0,0.0
2003-07-22 00:00:00+08:00,0.031857844442129135,0.031857844442129135,0.031857844442129135,0.031857844442129135,15428,0.0,0.0
2003-07-23 00:00:00+08:00,0.031857844442129135,0.031857844442129135,0.031857844442129135,0.031857844442129135,0,0.0,0.0
2003-07-24 00:00:00+08:00,0.03185784459060393,0.03185784459060393,0.030181115493178368,0.030181115493178368,38571,0.0,0.0
2003-07-25 00:00:00+08:00,0.030181115493178368,0.030181115493178368,0.030181115493178368,0.030181115493178368,20938,0.0,0.0
2003-07-28 00:00:00+08:00,0.030181115493178368,0.030181115493178368,0.030181115493178368,0.030181115493178368,0,0.0,0.0
2003-07-29 00:00:00+08:00,0.031857844442129135,0.03521129986785744,0.031857844442129135,0.031857844442129135,39673,0.0,0.0
2003-07-30 00:00:00+08:00,0.03353457525372505,0.03353457525372505,0.03353457525372505,0.03353457525372505,17632,0.0,0.0
2003-07-31 00:00:00+08:00,0.03353457353174023,0.03353457353174023,0.031857844442129135,0.031857844442129135,25346,0.0,0.0
2003-08-01 00:00:00+08:00,0.031857844442129135,0.031857844442129135,0.031857844442129135,0.031857844442129135,0,0.0,0.0
2003-08-04 00:00:00+08:00,0.031857844442129135,0.031857844442129135,0.031857844442129135,0.031857844442129135,0,0.0,0.0
2003-08-05 00:00:00+08:00,0.031857844442129135,0.031857844442129135,0.031857844442129135,0.031857844442129135,0,0.0,0.0
2003-08-06 00:00:00+08:00,0.031857844442129135,0.031857844442129135,0.031857844442129135,0.031857844442129135,0,0.0,0.0
2003-08-07 00:00:00+08:00,0.031857844442129135,0.031857844442129135,0.031857844442129135,0.031857844442129135,0,0.0,0.0
2003-08-08 00:00:00+08:00,0.031857844442129135,0.031857844442129135,0.031857844442129135,0.031857844442129135,26448,0.0,0.0
2003-08-11 00:00:00+08:00,0.031857844442129135,0.031857844442129135,0.031857844442129135,0.031857844442129135,0,0.0,0.0
2003-08-12 00:00:00+08:00,0.03185784459060393,0.03185784459060393,0.030181115493178368,0.030181115493178368,122326,0.0,0.0
2003-08-13 00:00:00+08:00,0.030181115493178368,0.030181115493178368,0.030181115493178368,0.030181115493178368,28653,0.0,0.0
2003-08-14 00:00:00+08:00,0.03185784459060393,0.03185784459060393,0.030181115493178368,0.030181115493178368,119020,0.0,0.0
2003-08-15 00:00:00+08:00,0.031857844442129135,0.031857844442129135,0.031857844442129135,0.031857844442129135,69428,0.0,0.0
2003-08-18 00:00:00+08:00,0.03353457525372505,0.03353457525372505,0.03353457525372505,0.03353457525372505,136652,0.0,0.0
2003-08-19 00:00:00+08:00,0.03353457353174023,0.03353457353174023,0.031857844442129135,0.031857844442129135,123428,0.0,0.0
2003-08-20 00:00:00+08:00,0.03353457525372505,0.03353457525372505,0.03353457525372505,0.03353457525372505,11020,0.0,0.0
2003-08-21 00:00:00+08:00,0.031857844442129135,0.031857844442129135,0.031857844442129135,0.031857844442129135,27551,0.0,0.0
2003-08-22 00:00:00+08:00,0.031857846078014694,0.03353457525372505,0.031857846078014694,0.03353457525372505,34163,0.0,0.0
2003-08-25 00:00:00+08:00,0.03353457525372505,0.03353457525372505,0.03353457525372505,0.03353457525372505,0,0.0,0.0
2003-08-26 00:00:00+08:00,0.03018111535251804,0.031857844442129135,0.03018111535251804,0.031857844442129135,12122,0.0,0.0
2003-08-27 00:00:00+08:00,0.02850438639575281,0.030181115493178368,0.02850438639575281,0.030181115493178368,65020,0.0,0.0
2003-08-28 00:00:00+08:00,0.030181115493178368,0.030181115493178368,0.030181115493178368,0.030181115493178368,60612,0.0,0.0
2003-08-29 00:00:00+08:00,0.030181115493178368,0.030181115493178368,0.030181115493178368,0.030181115493178368,45183,0.0,0.0
2003-09-01 00:00:00+08:00,0.030181115493178368,0.030181115493178368,0.030181115493178368,0.030181115493178368,0,0.0,0.0
2003-09-02 00:00:00+08:00,0.030181115493178368,0.030181115493178368,0.030181115493178368,0.030181115493178368,0,0.0,0.0
2003-09-03 00:00:00+08:00,0.030181115493178368,0.030181115493178368,0.030181115493178368,0.030181115493178368,0,0.0,0.0
2003-09-04 00:00:00+08:00,0.02850438468158245,0.02850438468158245,0.02850438468158245,0.02850438468158245,1102,0.0,0.0
2003-09-05 00:00:00+08:00,0.03521129986785744,0.03521129986785744,0.031857844442129135,0.031857844442129135,9918,0.0,0.0
2003-09-08 00:00:00+08:00,0.031857844442129135,0.031857844442129135,0.031857844442129135,0.031857844442129135,0,0.0,0.0
2003-09-09 00:00:00+08:00,0.030181115493178368,0.030181115493178368,0.030181115493178368,0.030181115493178368,70530,0.0,0.0
2003-09-10 00:00:00+08:00,0.030181115493178368,0.030181115493178368,0.030181115493178368,0.030181115493178368,69428,0.0,0.0
2003-09-11 00:00:00+08:00,0.030181115493178368,0.030181115493178368,0.030181115493178368,0.030181115493178368,0,0.0,0.0
2003-09-12 00:00:00+08:00,0.028504386262906946,0.031857844442129135,0.028504386262906946,0.031857844442129135,22040,0.0,0.0
2003-09-15 00:00:00+08:00,0.031857844442129135,0.031857844442129135,0.031857844442129135,0.031857844442129135,55102,0.0,0.0
2003-09-16 00:00:00+08:00,0.02850438468158245,0.02850438468158245,0.02850438468158245,0.02850438468158245,1102,0.0,0.0
2003-09-17 00:00:00+08:00,0.03018111535251804,0.03353457353174023,0.03018111535251804,0.031857844442129135,56204,0.0,0.0
2003-09-18 00:00:00+08:00,0.028504386262906946,0.031857844442129135,0.02682765717329585,0.031857844442129135,195061,0.0,0.0
2003-09-19 00:00:00+08:00,0.03185784459060393,0.03185784459060393,0.030181115493178368,0.030181115493178368,154285,0.0,0.0
2003-09-22 00:00:00+08:00,0.030181115493178368,0.030181115493178368,0.030181115493178368,0.030181115493178368,131142,0.0,0.0
2003-09-23 00:00:00+08:00,0.030181115493178368,0.030181115493178368,0.030181115493178368,0.030181115493178368,27551,0.0,0.0
2003-09-24 00:00:00+08:00,0.03018111535251804,0.031857844442129135,0.03018111535251804,0.031857844442129135,122326,0.0,0.0
2003-09-25 00:00:00+08:00,0.031857846078014694,0.03353457525372505,0.031857846078014694,0.03353457525372505,27551,0.0,0.0
2003-09-26 00:00:00+08:00,0.030181115493178368,0.030181115493178368,0.030181115493178368,0.030181115493178368,2204,0.0,0.0
2003-09-29 00:00:00+08:00,0.030181115493178368,0.030181115493178368,0.030181115493178368,0.030181115493178368,125632,0.0,0.0
2003-09-30 00:00:00+08:00,0.031857844442129135,0.031857844442129135,0.031857844442129135,0.031857844442129135,18734,0.0,0.0
2003-10-01 00:00:00+08:00,0.031857844442129135,0.031857844442129135,0.031857844442129135,0.031857844442129135,31959,0.0,0.0
2003-10-02 00:00:00+08:00,0.03018111367817443,0.03018111367817443,0.02850438468158245,0.02850438468158245,206081,0.0,0.0
2003-10-03 00:00:00+08:00,0.02850438468158245,0.02850438468158245,0.02850438468158245,0.02850438468158245,0,0.0,0.0
2003-10-06 00:00:00+08:00,0.03185784459060393,0.03185784459060393,0.030181115493178368,0.030181115493178368,126734,0.0,0.0
2003-10-07 00:00:00+08:00,0.030181115493178368,0.030181115493178368,0.030181115493178368,0.030181115493178368,264489,0.0,0.0
2003-10-08 00:00:00+08:00,0.030181115493178368,0.030181115493178368,0.030181115493178368,0.030181115493178368,1102,0.0,0.0
2003-10-09 00:00:00+08:00,0.03018111747152375,0.036888031547364336,0.03018111747152375,0.03521130234003067,860693,0.0,0.0
2003-10-10 00:00:00+08:00,0.03353457588619108,0.03521130234003067,0.03353457588619108,0.03521130234003067,258979,0.0,0.0
2003-10-13 00:00:00+08:00,0.035211300315413016,0.03688802942633629,0.03353457395798367,0.03688802942633629,158693,0.0,0.0
2003-10-14 00:00:00+08:00,0.036888029129386705,0.040241487324237823,0.036888029129386705,0.040241487324237823,531183,0.0,0.0
2003-10-15 00:00:00+08:00,0.03856475853725956,0.03856475853725956,0.03688802942633629,0.03688802942633629,99183,0.0,0.0
2003-10-16 00:00:00+08:00,0.03688802942633629,0.03856475853725956,0.03688802942633629,0.03688802942633629,94775,0.0,0.0
2003-10-17 00:00:00+08:00,0.03688802942633629,0.03688802942633629,0.035211300315413016,0.03688802942633629,201673,0.0,0.0
2003-10-20 00:00:00+08:00,0.03688802392642441,0.03856475278735161,0.03688802392642441,0.03856475278735161,115714,0.0,0.0
2003-10-21 00:00:00+08:00,0.03688802942633629,0.03688802942633629,0.035211300315413016,0.03688802942633629,111306,0.0,0.0
2003-10-22 00:00:00+08:00,0.03688802392642441,0.03856475278735161,0.03688802392642441,0.03856475278735161,11020,0.0,0.0
2003-10-23 00:00:00+08:00,0.036888031547364336,0.036888031547364336,0.03521130234003067,0.03521130234003067,121224,0.0,0.0
2003-10-24 00:00:00+08:00,0.03521130234003067,0.03521130234003067,0.03521130234003067,0.03521130234003067,0,0.0,0.0
2003-10-27 00:00:00+08:00,0.03521130234003067,0.03521130234003067,0.03521130234003067,0.03521130234003067,0,0.0,0.0
2003-10-28 00:00:00+08:00,0.03521130234003067,0.03521130234003067,0.03521130234003067,0.03521130234003067,0,0.0,0.0
2003-10-29 00:00:00+08:00,0.03353456895806351,0.03856475278735161,0.03353456895806351,0.03856475278735161,28653,0.0,0.0
2003-10-30 00:00:00+08:00,0.03353457525372505,0.03521130167594138,0.03353457525372505,0.03353457525372505,88163,0.0,0.0
2003-10-31 00:00:00+08:00,0.03688802942633629,0.03688802942633629,0.03688802942633629,0.03688802942633629,1102,0.0,0.0
2003-11-03 00:00:00+08:00,0.03688802942633629,0.03688802942633629,0.03688802942633629,0.03688802942633629,22040,0.0,0.0
2003-11-04 00:00:00+08:00,0.03688802942633629,0.03688802942633629,0.03688802942633629,0.03688802942633629,0,0.0,0.0
2003-11-05 00:00:00+08:00,0.031857844442129135,0.031857844442129135,0.031857844442129135,0.031857844442129135,36367,0.0,0.0
2003-11-06 00:00:00+08:00,0.031857844442129135,0.031857844442129135,0.031857844442129135,0.031857844442129135,0,0.0,0.0
2003-11-07 00:00:00+08:00,0.031857844442129135,0.031857844442129135,0.031857844442129135,0.031857844442129135,0,0.0,0.0
2003-11-10 00:00:00+08:00,0.03353457353174023,0.03353457353174023,0.031857844442129135,0.031857844442129135,72734,0.0,0.0
2003-11-11 00:00:00+08:00,0.031857844442129135,0.031857844442129135,0.031857844442129135,0.031857844442129135,0,0.0,0.0
2003-11-12 00:00:00+08:00,0.03521130234003067,0.03521130234003067,0.03521130234003067,0.03521130234003067,3306,0.0,0.0
2003-11-13 00:00:00+08:00,0.03521130234003067,0.03521130234003067,0.03521130234003067,0.03521130234003067,0,0.0,0.0
2003-11-14 00:00:00+08:00,0.03521130234003067,0.03521130234003067,0.03521130234003067,0.03521130234003067,0,0.0,0.0
2003-11-17 00:00:00+08:00,0.03521130234003067,0.03521130234003067,0.03521130234003067,0.03521130234003067,0,0.0,0.0
2003-11-18 00:00:00+08:00,0.03521130234003067,0.03521130234003067,0.03521130234003067,0.03521130234003067,0,0.0,0.0
2003-11-19 00:00:00+08:00,0.031857844442129135,0.031857844442129135,0.031857844442129135,0.031857844442129135,22040,0.0,0.0
2003-11-20 00:00:00+08:00,0.031857844442129135,0.031857844442129135,0.031857844442129135,0.031857844442129135,0,0.0,0.0
2003-11-21 00:00:00+08:00,0.030181115493178368,0.030181115493178368,0.030181115493178368,0.030181115493178368,70530,0.0,0.0
2003-11-24 00:00:00+08:00,0.030181115493178368,0.030181115493178368,0.030181115493178368,0.030181115493178368,0,0.0,0.0
2003-11-25 00:00:00+08:00,0.030181115493178368,0.030181115493178368,0.030181115493178368,0.030181115493178368,0,0.0,0.0
2003-11-26 00:00:00+08:00,0.02682765717329585,0.031857844442129135,0.025150928083684757,0.031857844442129135,58408,0.0,0.0
2003-11-27 00:00:00+08:00,0.030181115493178368,0.030181115493178368,0.030181115493178368,0.030181115493178368,42979,0.0,0.0
2003-11-28 00:00:00+08:00,0.030181115493178368,0.030181115493178368,0.030181115493178368,0.030181115493178368,0,0.0,0.0
2003-12-01 00:00:00+08:00,0.030181115493178368,0.030181115493178368,0.030181115493178368,0.030181115493178368,0,0.0,0.0
2003-12-02 00:00:00+08:00,0.030181115493178368,0.030181115493178368,0.030181115493178368,0.030181115493178368,0,0.0,0.0
2003-12-03 00:00:00+08:00,0.030181115493178368,0.030181115493178368,0.030181115493178368,0.030181115493178368,0,0.0,0.0
2003-12-04 00:00:00+08:00,0.030181115493178368,0.030181115493178368,0.030181115493178368,0.030181115493178368,0,0.0,0.0
2003-12-05 00:00:00+08:00,0.030181115493178368,0.030181115493178368,0.030181115493178368,0.030181115493178368,23142,0.0,0.0
2003-12-08 00:00:00+08:00,0.030181115493178368,0.030181115493178368,0.030181115493178368,0.030181115493178368,0,0.0,0.0
2003-12-09 00:00:00+08:00,0.030181115493178368,0.030181115493178368,0.030181115493178368,0.030181115493178368,0,0.0,0.0
2003-12-10 00:00:00+08:00,0.026827659457921982,0.026827659457921982,0.026827659457921982,0.026827659457921982,2204,0.0,0.0
2003-12-11 00:00:00+08:00,0.026827659457921982,0.026827659457921982,0.026827659457921982,0.026827659457921982,0,0.0,0.0
2003-12-12 00:00:00+08:00,0.026827659457921982,0.026827659457921982,0.026827659457921982,0.026827659457921982,0,0.0,0.0
2003-12-15 00:00:00+08:00,0.026827659457921982,0.026827659457921982,0.026827659457921982,0.026827659457921982,0,0.0,0.0
2003-12-16 00:00:00+08:00,0.026827659457921982,0.026827659457921982,0.026827659457921982,0.026827659457921982,0,0.0,0.0
2003-12-17 00:00:00+08:00,0.026827659457921982,0.026827659457921982,0.026827659457921982,0.026827659457921982,0,0.0,0.0
2003-12-18 00:00:00+08:00,0.026827659457921982,0.026827659457921982,0.026827659457921982,0.026827659457921982,0,0.0,0.0
2003-12-19 00:00:00+08:00,0.030181115493178368,0.030181115493178368,0.030181115493178368,0.030181115493178368,99183,0.0,0.0
2003-12-22 00:00:00+08:00,0.030181115493178368,0.030181115493178368,0.030181115493178368,0.030181115493178368,0,0.0,0.0
2003-12-23 00:00:00+08:00,0.030181115493178368,0.030181115493178368,0.030181115493178368,0.030181115493178368,0,0.0,0.0
2003-12-24 00:00:00+08:00,0.030181115493178368,0.030181115493178368,0.030181115493178368,0.030181115493178368,0,0.0,0.0
2003-12-25 00:00:00+08:00,0.030181115493178368,0.030181115493178368,0.030181115493178368,0.030181115493178368,0,0.0,0.0
2003-12-26 00:00:00+08:00,0.030181115493178368,0.030181115493178368,0.030181115493178368,0.030181115493178368,0,0.0,0.0
2003-12-29 00:00:00+08:00,0.030181115493178368,0.030181115493178368,0.030181115493178368,0.030181115493178368,0,0.0,0.0
2003-12-30 00:00:00+08:00,0.02682765568499047,0.02850438468158245,0.02682765568499047,0.02850438468158245,30857,0.0,0.0
2003-12-31 00:00:00+08:00,0.02850438468158245,0.02850438468158245,0.02850438468158245,0.02850438468158245,0,0.0,0.0
2004-01-01 00:00:00+08:00,0.02850438468158245,0.02850438468158245,0.02850438468158245,0.02850438468158245,0,0.0,0.0
2004-01-02 00:00:00+08:00,0.03353457525372505,0.03353457525372505,0.03353457525372505,0.03353457525372505,40775,0.0,0.0
2004-01-05 00:00:00+08:00,0.03353457525372505,0.03353457525372505,0.03353457525372505,0.03353457525372505,0,0.0,0.0
2004-01-06 00:00:00+08:00,0.03353457525372505,0.03353457525372505,0.03353457525372505,0.03353457525372505,0,0.0,0.0
2004-01-07 00:00:00+08:00,0.02850438468158245,0.02850438468158245,0.02850438468158245,0.02850438468158245,1102,0.0,0.0
2004-01-08 00:00:00+08:00,0.02850438468158245,0.02850438468158245,0.02850438468158245,0.02850438468158245,0,0.0,0.0
2004-01-09 00:00:00+08:00,0.030181115493178368,0.030181115493178368,0.030181115493178368,0.030181115493178368,13224,0.0,0.0
2004-01-12 00:00:00+08:00,0.030181115493178368,0.030181115493178368,0.030181115493178368,0.030181115493178368,0,0.0,0.0
2004-01-13 00:00:00+08:00,0.030181115493178368,0.030181115493178368,0.030181115493178368,0.030181115493178368,0,0.0,0.0
2004-01-14 00:00:00+08:00,0.030181115493178368,0.030181115493178368,0.030181115493178368,0.030181115493178368,0,0.0,0.0
2004-01-15 00:00:00+08:00,0.02850438468158245,0.02850438468158245,0.02850438468158245,0.02850438468158245,2204,0.0,0.0
2004-01-16 00:00:00+08:00,0.030181115493178368,0.030181115493178368,0.030181115493178368,0.030181115493178368,2204,0.0,0.0
2004-01-19 00:00:00+08:00,0.030181115493178368,0.030181115493178368,0.030181115493178368,0.030181115493178368,0,0.0,0.0
2004-01-20 00:00:00+08:00,0.030181115493178368,0.030181115493178368,0.030181115493178368,0.030181115493178368,0,0.0,0.0
2004-01-21 00:00:00+08:00,0.030181115493178368,0.030181115493178368,0.030181115493178368,0.030181115493178368,0,0.0,0.0
2004-01-22 00:00:00+08:00,0.030181115493178368,0.030181115493178368,0.030181115493178368,0.030181115493178368,0,0.0,0.0
2004-01-23 00:00:00+08:00,0.030181115493178368,0.030181115493178368,0.030181115493178368,0.030181115493178368,0,0.0,0.0
2004-01-26 00:00:00+08:00,0.030181115493178368,0.030181115493178368,0.030181115493178368,0.030181115493178368,0,0.0,0.0
2004-01-27 00:00:00+08:00,0.030181115493178368,0.030181115493178368,0.030181115493178368,0.030181115493178368,0,0.0,0.0
2004-01-28 00:00:00+08:00,0.03688802942633629,0.03688802942633629,0.03688802942633629,0.03688802942633629,1102,0.0,0.0
2004-01-29 00:00:00+08:00,0.03688802942633629,0.03688802942633629,0.03688802942633629,0.03688802942633629,0,0.0,0.0
2004-01-30 00:00:00+08:00,0.03688802942633629,0.03688802942633629,0.03688802942633629,0.03688802942633629,0,0.0,0.0
2004-02-02 00:00:00+08:00,0.03688802942633629,0.03688802942633629,0.03688802942633629,0.03688802942633629,0,0.0,0.0
2004-02-03 00:00:00+08:00,0.03688802942633629,0.03688802942633629,0.03688802942633629,0.03688802942633629,0,0.0,0.0
2004-02-04 00:00:00+08:00,0.030181115493178368,0.030181115493178368,0.030181115493178368,0.030181115493178368,20938,0.0,0.0
2004-02-05 00:00:00+08:00,0.03353457588619108,0.03521130234003067,0.03018111747152375,0.03521130234003067,37469,0.0,0.0
2004-02-06 00:00:00+08:00,0.03521130234003067,0.03521130234003067,0.03521130234003067,0.03521130234003067,0,0.0,0.0
2004-02-09 00:00:00+08:00,0.02850438468158245,0.02850438468158245,0.02850438468158245,0.02850438468158245,2204,0.0,0.0
2004-02-10 00:00:00+08:00,0.030181115493178368,0.030181115493178368,0.030181115493178368,0.030181115493178368,18734,0.0,0.0
2004-02-11 00:00:00+08:00,0.030181115493178368,0.030181115493178368,0.030181115493178368,0.030181115493178368,0,0.0,0.0
2004-02-12 00:00:00+08:00,0.030181115493178368,0.030181115493178368,0.030181115493178368,0.030181115493178368,0,0.0,0.0
2004-02-13 00:00:00+08:00,0.03018111747152375,0.03521130234003067,0.03018111747152375,0.03521130234003067,52897,0.0,0.0
2004-02-16 00:00:00+08:00,0.02850438639575281,0.030181115493178368,0.02850438639575281,0.030181115493178368,154285,0.0,0.0
2004-02-17 00:00:00+08:00,0.03018111535251804,0.031857844442129135,0.03018111535251804,0.031857844442129135,128938,0.0,0.0
2004-02-18 00:00:00+08:00,0.03353457525372505,0.03521130167594138,0.03353457525372505,0.03353457525372505,355958,0.0,0.0
2004-02-19 00:00:00+08:00,0.03353457525372505,0.03353457525372505,0.03353457525372505,0.03353457525372505,196163,0.0,0.0
2004-02-20 00:00:00+08:00,0.03521130167594138,0.03521130167594138,0.03353457525372505,0.03353457525372505,165306,0.0,0.0
2004-02-23 00:00:00+08:00,0.03353457525372505,0.03353457525372505,0.03353457525372505,0.03353457525372505,69428,0.0,0.0
2004-02-24 00:00:00+08:00,0.031857844442129135,0.031857844442129135,0.031857844442129135,0.031857844442129135,18734,0.0,0.0
2004-02-25 00:00:00+08:00,0.031857844442129135,0.031857844442129135,0.031857844442129135,0.031857844442129135,22040,0.0,0.0
2004-02-26 00:00:00+08:00,0.03521130234003067,0.03521130234003067,0.03521130234003067,0.03521130234003067,1102,0.0,0.0
2004-02-27 00:00:00+08:00,0.030181115493178368,0.030181115493178368,0.030181115493178368,0.030181115493178368,1102,0.0,0.0
2004-03-01 00:00:00+08:00,0.030181115493178368,0.030181115493178368,0.030181115493178368,0.030181115493178368,0,0.0,0.0
2004-03-02 00:00:00+08:00,0.03018111747152375,0.03521130234003067,0.03018111747152375,0.03521130234003067,65020,0.0,0.0
2004-03-03 00:00:00+08:00,0.03353457353174023,0.03353457353174023,0.031857844442129135,0.031857844442129135,23142,0.0,0.0
2004-03-04 00:00:00+08:00,0.03353457525372505,0.03353457525372505,0.03353457525372505,0.03353457525372505,22040,0.0,0.0
2004-03-05 00:00:00+08:00,0.03353457525372505,0.03353457525372505,0.03353457525372505,0.03353457525372505,0,0.0,0.0
2004-03-08 00:00:00+08:00,0.031857844442129135,0.031857844442129135,0.031857844442129135,0.031857844442129135,8816,0.0,0.0
2004-03-09 00:00:00+08:00,0.03018111535251804,0.031857844442129135,0.03018111535251804,0.031857844442129135,22040,0.0,0.0
2004-03-10 00:00:00+08:00,0.031857844442129135,0.031857844442129135,0.031857844442129135,0.031857844442129135,0,0.0,0.0
2004-03-11 00:00:00+08:00,0.031857844442129135,0.031857844442129135,0.031857844442129135,0.031857844442129135,0,0.0,0.0
2004-03-12 00:00:00+08:00,0.030181115493178368,0.030181115493178368,0.030181115493178368,0.030181115493178368,8816,0.0,0.0
2004-03-15 00:00:00+08:00,0.030181115493178368,0.030181115493178368,0.030181115493178368,0.030181115493178368,25346,0.0,0.0
2004-03-16 00:00:00+08:00,0.02850438468158245,0.02850438468158245,0.02850438468158245,0.02850438468158245,16530,0.0,0.0
2004-03-17 00:00:00+08:00,0.030181115493178368,0.03185784459060393,0.030181115493178368,0.030181115493178368,60612,0.0,0.0
2004-03-18 00:00:00+08:00,0.02850438468158245,0.02850438468158245,0.02850438468158245,0.02850438468158245,30857,0.0,0.0
2004-03-19 00:00:00+08:00,0.02850438468158245,0.02850438468158245,0.02850438468158245,0.02850438468158245,0,0.0,0.0
2004-03-22 00:00:00+08:00,0.02850438468158245,0.02850438468158245,0.02850438468158245,0.02850438468158245,0,0.0,0.0
2004-03-23 00:00:00+08:00,0.02850438468158245,0.02850438468158245,0.02850438468158245,0.02850438468158245,0,0.0,0.0
2004-03-24 00:00:00+08:00,0.02850438468158245,0.02850438468158245,0.02850438468158245,0.02850438468158245,0,0.0,0.0
2004-03-25 00:00:00+08:00,0.028504387726593982,0.03353457525372505,0.026827658550883624,0.03353457525372505,58408,0.0,0.0
2004-03-26 00:00:00+08:00,0.02850438468158245,0.02850438468158245,0.02850438468158245,0.02850438468158245,5510,0.0,0.0
2004-03-29 00:00:00+08:00,0.02850438468158245,0.02850438468158245,0.02850438468158245,0.02850438468158245,110204,0.0,0.0
2004-03-30 00:00:00+08:00,0.030181115493178368,0.030181115493178368,0.030181115493178368,0.030181115493178368,88163,0.0,0.0
2004-03-31 00:00:00+08:00,0.030181115493178368,0.030181115493178368,0.030181115493178368,0.030181115493178368,66122,0.0,0.0
2004-04-01 00:00:00+08:00,0.030181115493178368,0.030181115493178368,0.030181115493178368,0.030181115493178368,0,0.0,0.0
2004-04-02 00:00:00+08:00,0.02850438468158245,0.02850438468158245,0.02850438468158245,0.02850438468158245,147673,0.0,0.0
2004-04-05 00:00:00+08:00,0.030181115493178368,0.030181115493178368,0.030181115493178368,0.030181115493178368,120122,0.0,0.0
2004-04-06 00:00:00+08:00,0.030181115493178368,0.030181115493178368,0.030181115493178368,0.030181115493178368,76040,0.0,0.0
2004-04-07 00:00:00+08:00,0.030181115493178368,0.030181115493178368,0.030181115493178368,0.030181115493178368,0,0.0,0.0
2004-04-08 00:00:00+08:00,0.03018111535251804,0.031857844442129135,0.03018111535251804,0.031857844442129135,46285,0.0,0.0
2004-04-09 00:00:00+08:00,0.031857844442129135,0.031857844442129135,0.031857844442129135,0.031857844442129135,0,0.0,0.0
2004-04-12 00:00:00+08:00,0.030181115493178368,0.030181115493178368,0.030181115493178368,0.030181115493178368,60612,0.0,0.0
2004-04-13 00:00:00+08:00,0.030181115493178368,0.030181115493178368,0.030181115493178368,0.030181115493178368,15428,0.0,0.0
2004-04-14 00:00:00+08:00,0.030181115493178368,0.030181115493178368,0.030181115493178368,0.030181115493178368,5510,0.0,0.0
2004-04-15 00:00:00+08:00,0.030181115493178368,0.030181115493178368,0.030181115493178368,0.030181115493178368,7714,0.0,0.0
2004-04-16 00:00:00+08:00,0.02850438468158245,0.02850438468158245,0.02850438468158245,0.02850438468158245,5510,0.0,0.0
2004-04-19 00:00:00+08:00,0.02850438468158245,0.02850438468158245,0.02850438468158245,0.02850438468158245,9918,0.0,0.0
2004-04-20 00:00:00+08:00,0.02850438468158245,0.02850438468158245,0.02850438468158245,0.02850438468158245,7714,0.0,0.0
2004-04-21 00:00:00+08:00,0.02850438468158245,0.02850438468158245,0.02850438468158245,0.02850438468158245,0,0.0,0.0
2004-04-22 00:00:00+08:00,0.02850438468158245,0.02850438468158245,0.02850438468158245,0.02850438468158245,0,0.0,0.0
2004-04-23 00:00:00+08:00,0.02850438468158245,0.02850438468158245,0.02850438468158245,0.02850438468158245,11020,0.0,0.0
2004-04-26 00:00:00+08:00,0.02850438468158245,0.02850438468158245,0.02850438468158245,0.02850438468158245,7714,0.0,0.0
2004-04-27 00:00:00+08:00,0.030181115493178368,0.030181115493178368,0.030181115493178368,0.030181115493178368,16530,0.0,0.0
2004-04-28 00:00:00+08:00,0.030181115493178368,0.030181115493178368,0.030181115493178368,0.030181115493178368,0,0.0,0.0
2004-04-29 00:00:00+08:00,0.030181115493178368,0.030181115493178368,0.030181115493178368,0.030181115493178368,0,0.0,0.0
2004-04-30 00:00:00+08:00,0.030181115493178368,0.030181115493178368,0.030181115493178368,0.030181115493178368,0,0.0,0.0
2004-05-03 00:00:00+08:00,0.030181115493178368,0.030181115493178368,0.030181115493178368,0.030181115493178368,0,0.0,0.0
2004-05-04 00:00:00+08:00,0.03018111367817443,0.03018111367817443,0.02850438468158245,0.02850438468158245,83755,0.0,0.0
2004-05-05 00:00:00+08:00,0.02850438468158245,0.02850438468158245,0.02850438468158245,0.02850438468158245,180734,0.0,0.0
2004-05-06 00:00:00+08:00,0.026827659457921982,0.026827659457921982,0.026827659457921982,0.026827659457921982,23142,0.0,0.0
2004-05-07 00:00:00+08:00,0.030181115493178368,0.030181115493178368,0.030181115493178368,0.030181115493178368,33061,0.0,0.0
2004-05-10 00:00:00+08:00,0.02682765568499047,0.02850438468158245,0.02682765568499047,0.02850438468158245,57306,0.0,0.0
2004-05-11 00:00:00+08:00,0.02850438468158245,0.02850438468158245,0.02850438468158245,0.02850438468158245,55102,0.0,0.0
2004-05-12 00:00:00+08:00,0.02850438468158245,0.02850438468158245,0.02850438468158245,0.02850438468158245,82653,0.0,0.0
2004-05-13 00:00:00+08:00,0.026827659457921982,0.026827659457921982,0.026827659457921982,0.026827659457921982,33061,0.0,0.0
2004-05-14 00:00:00+08:00,0.02682765568499047,0.02850438468158245,0.02682765568499047,0.02850438468158245,119020,0.0,0.0
2004-05-17 00:00:00+08:00,0.026827659457921982,0.028504388690322256,0.026827659457921982,0.026827659457921982,95877,0.0,0.0
2004-05-18 00:00:00+08:00,0.026827659457921982,0.026827659457921982,0.026827659457921982,0.026827659457921982,0,0.0,0.0
2004-05-19 00:00:00+08:00,0.026827659457921982,0.026827659457921982,0.026827659457921982,0.026827659457921982,33061,0.0,0.0
2004-05-20 00:00:00+08:00,0.025150932371616364,0.025150932371616364,0.025150932371616364,0.025150932371616364,6612,0.0,0.0
2004-05-21 00:00:00+08:00,0.02850438468158245,0.02850438468158245,0.02850438468158245,0.02850438468158245,27551,0.0,0.0
2004-05-24 00:00:00+08:00,0.02850438468158245,0.02850438468158245,0.02850438468158245,0.02850438468158245,0,0.0,0.0
2004-05-25 00:00:00+08:00,0.02850438468158245,0.02850438468158245,0.02850438468158245,0.02850438468158245,0,0.0,0.0
2004-05-26 00:00:00+08:00,0.026827659457921982,0.026827659457921982,0.026827659457921982,0.026827659457921982,4408,0.0,0.0
2004-05-27 00:00:00+08:00,0.026827659457921982,0.028504388690322256,0.026827659457921982,0.026827659457921982,49591,0.0,0.0
2004-05-28 00:00:00+08:00,0.026827659457921982,0.026827659457921982,0.026827659457921982,0.026827659457921982,33061,0.0,0.0
2004-05-31 00:00:00+08:00,0.02850438468158245,0.02850438468158245,0.02850438468158245,0.02850438468158245,20938,0.0,0.0
2004-06-01 00:00:00+08:00,0.02850438468158245,0.02850438468158245,0.02850438468158245,0.02850438468158245,88163,0.0,0.0
2004-06-02 00:00:00+08:00,0.02850438468158245,0.02850438468158245,0.02850438468158245,0.02850438468158245,0,0.0,0.0
2004-06-03 00:00:00+08:00,0.02850438468158245,0.02850438468158245,0.02850438468158245,0.02850438468158245,0,0.0,0.0
2004-06-04 00:00:00+08:00,0.02850438468158245,0.02850438468158245,0.02850438468158245,0.02850438468158245,0,0.0,0.0
2004-06-07 00:00:00+08:00,0.02850438468158245,0.02850438468158245,0.02850438468158245,0.02850438468158245,61714,0.0,0.0
2004-06-08 00:00:00+08:00,0.02850438468158245,0.02850438468158245,0.02850438468158245,0.02850438468158245,0,0.0,0.0
2004-06-09 00:00:00+08:00,0.026827659457921982,0.026827659457921982,0.026827659457921982,0.026827659457921982,57306,0.0,0.0
2004-06-10 00:00:00+08:00,0.026827659457921982,0.026827659457921982,0.026827659457921982,0.026827659457921982,55102,0.0,0.0
2004-06-11 00:00:00+08:00,0.02850438468158245,0.02850438468158245,0.02850438468158245,0.02850438468158245,22040,0.0,0.0
2004-06-14 00:00:00+08:00,0.02850438468158245,0.02850438468158245,0.02850438468158245,0.02850438468158245,0,0.0,0.0
2004-06-15 00:00:00+08:00,0.026827659457921982,0.026827659457921982,0.026827659457921982,0.026827659457921982,102489,0.0,0.0
2004-06-16 00:00:00+08:00,0.026827659457921982,0.026827659457921982,0.026827659457921982,0.026827659457921982,2204,0.0,0.0
2004-06-17 00:00:00+08:00,0.026827659457921982,0.026827659457921982,0.026827659457921982,0.026827659457921982,0,0.0,0.0
2004-06-18 00:00:00+08:00,0.026827659457921982,0.026827659457921982,0.026827659457921982,0.026827659457921982,28653,0.0,0.0
2004-06-21 00:00:00+08:00,0.026827659457921982,0.026827659457921982,0.026827659457921982,0.026827659457921982,22040,0.0,0.0
2004-06-22 00:00:00+08:00,0.026827659457921982,0.026827659457921982,0.026827659457921982,0.026827659457921982,0,0.0,0.0
2004-06-23 00:00:00+08:00,0.02515092668839849,0.02850438468158245,0.02515092668839849,0.02850438468158245,46285,0.0,0.0
2004-06-24 00:00:00+08:00,0.026827659457921982,0.026827659457921982,0.026827659457921982,0.026827659457921982,37469,0.0,0.0
2004-06-25 00:00:00+08:00,0.026827659457921982,0.026827659457921982,0.026827659457921982,0.026827659457921982,110204,0.0,0.0
2004-06-28 00:00:00+08:00,0.026827659457921982,0.026827659457921982,0.026827659457921982,0.026827659457921982,0,0.0,0.0
2004-06-29 00:00:00+08:00,0.026827659457921982,0.026827659457921982,0.026827659457921982,0.026827659457921982,0,0.0,0.0
2004-06-30 00:00:00+08:00,0.026827659457921982,0.026827659457921982,0.026827659457921982,0.026827659457921982,33061,0.0,0.0
2004-07-01 00:00:00+08:00,0.026827659457921982,0.026827659457921982,0.026827659457921982,0.026827659457921982,0,0.0,0.0
2004-07-02 00:00:00+08:00,0.026827659457921982,0.026827659457921982,0.026827659457921982,0.026827659457921982,145469,0.0,0.0
2004-07-05 00:00:00+08:00,0.026827659457921982,0.026827659457921982,0.026827659457921982,0.026827659457921982,0,0.0,0.0
2004-07-06 00:00:00+08:00,0.026827659457921982,0.026827659457921982,0.026827659457921982,0.026827659457921982,0,0.0,0.0
2004-07-07 00:00:00+08:00,0.025150932371616364,0.025150932371616364,0.025150932371616364,0.025150932371616364,77142,0.0,0.0
2004-07-08 00:00:00+08:00,0.02682765568499047,0.02850438468158245,0.02682765568499047,0.02850438468158245,63918,0.0,0.0
2004-07-09 00:00:00+08:00,0.025150932371616364,0.025150932371616364,0.025150932371616364,0.025150932371616364,71632,0.0,0.0
2004-07-12 00:00:00+08:00,0.026827659457921982,0.026827659457921982,0.026827659457921982,0.026827659457921982,55102,0.0,0.0
2004-07-13 00:00:00+08:00,0.026827659457921982,0.026827659457921982,0.026827659457921982,0.026827659457921982,22040,0.0,0.0
2004-07-14 00:00:00+08:00,0.026827659457921982,0.026827659457921982,0.026827659457921982,0.026827659457921982,72734,0.0,0.0
2004-07-15 00:00:00+08:00,0.026827659457921982,0.026827659457921982,0.026827659457921982,0.026827659457921982,0,0.0,0.0
2004-07-16 00:00:00+08:00,0.026827659457921982,0.026827659457921982,0.026827659457921982,0.026827659457921982,0,0.0,0.0
2004-07-19 00:00:00+08:00,0.026827659457921982,0.026827659457921982,0.026827659457921982,0.026827659457921982,0,0.0,0.0
2004-07-20 00:00:00+08:00,0.02682766174708966,0.02682766174708966,0.025150932371616364,0.025150932371616364,12122,0.0,0.0
2004-07-21 00:00:00+08:00,0.02682766174708966,0.02682766174708966,0.025150932371616364,0.025150932371616364,60612,0.0,0.0
2004-07-22 00:00:00+08:00,0.025150932371616364,0.025150932371616364,0.025150932371616364,0.025150932371616364,5510,0.0,0.0
2004-07-23 00:00:00+08:00,0.025150932371616364,0.025150932371616364,0.025150932371616364,0.025150932371616364,0,0.0,0.0
2004-07-26 00:00:00+08:00,0.023474203422665596,0.023474203422665596,0.023474203422665596,0.023474203422665596,11020,0.0,0.0
2004-07-27 00:00:00+08:00,0.026827659087693474,0.026827659087693474,0.023474203422665596,0.023474203422665596,65020,0.0,0.0
2004-07-28 00:00:00+08:00,0.025150932371616364,0.025150932371616364,0.025150932371616364,0.025150932371616364,61714,0.0,0.0
2004-07-29 00:00:00+08:00,0.023474203422665596,0.025150929878432492,0.023474203422665596,0.023474203422665596,123428,0.0,0.0
2004-07-30 00:00:00+08:00,0.02515093022552171,0.026827659457921982,0.02515093022552171,0.026827659457921982,114612,0.0,0.0
2004-08-02 00:00:00+08:00,0.026827659457921982,0.026827659457921982,0.026827659457921982,0.026827659457921982,0,0.0,0.0
2004-08-03 00:00:00+08:00,0.023474203422665596,0.023474203422665596,0.023474203422665596,0.023474203422665596,28653,0.0,0.0
2004-08-04 00:00:00+08:00,0.025150929878432492,0.025150929878432492,0.023474203422665596,0.023474203422665596,12122,0.0,0.0
2004-08-05 00:00:00+08:00,0.023474203422665596,0.023474203422665596,0.023474203422665596,0.023474203422665596,4408,0.0,0.0
2004-08-06 00:00:00+08:00,0.023474203422665596,0.023474203422665596,0.023474203422665596,0.023474203422665596,16530,0.0,0.0
2004-08-09 00:00:00+08:00,0.023474203422665596,0.023474203422665596,0.023474203422665596,0.023474203422665596,0,0.0,0.0
2004-08-10 00:00:00+08:00,0.023474203422665596,0.023474203422665596,0.023474203422665596,0.023474203422665596,14326,0.0,0.0
2004-08-11 00:00:00+08:00,0.023474203422665596,0.023474203422665596,0.023474203422665596,0.023474203422665596,0,0.0,0.0
2004-08-12 00:00:00+08:00,0.023474203422665596,0.023474203422665596,0.023474203422665596,0.023474203422665596,17632,0.0,0.0
2004-08-13 00:00:00+08:00,0.023474203422665596,0.023474203422665596,0.023474203422665596,0.023474203422665596,5510,0.0,0.0
2004-08-16 00:00:00+08:00,0.023474203422665596,0.023474203422665596,0.023474203422665596,0.023474203422665596,0,0.0,0.0
2004-08-17 00:00:00+08:00,0.023474203702999682,0.023474203702999682,0.02179747447371483,0.02179747447371483,24244,0.0,0.0
2004-08-18 00:00:00+08:00,0.02179747447371483,0.02179747447371483,0.02179747447371483,0.02179747447371483,0,0.0,0.0
2004-08-19 00:00:00+08:00,0.023474203422665596,0.023474203422665596,0.023474203422665596,0.023474203422665596,82653,0.0,0.0
2004-08-20 00:00:00+08:00,0.02179747421340461,0.023474203422665596,0.02179747421340461,0.023474203422665596,11020,0.0,0.0
2004-08-23 00:00:00+08:00,0.02179747447371483,0.02179747447371483,0.02179747447371483,0.02179747447371483,5510,0.0,0.0
2004-08-24 00:00:00+08:00,0.02179747447371483,0.02179747447371483,0.02179747447371483,0.02179747447371483,0,0.0,0.0
2004-08-25 00:00:00+08:00,0.023474203746615564,0.026827659457921982,0.023474203746615564,0.026827659457921982,73836,0.0,0.0
2004-08-26 00:00:00+08:00,0.025150932371616364,0.025150932371616364,0.025150932371616364,0.025150932371616364,48489,0.0,0.0
2004-08-27 00:00:00+08:00,0.025150932371616364,0.025150932371616364,0.025150932371616364,0.025150932371616364,0,0.0,0.0
2004-08-30 00:00:00+08:00,0.025150932371616364,0.025150932371616364,0.025150932371616364,0.025150932371616364,0,0.0,0.0
2004-08-31 00:00:00+08:00,0.025150932371616364,0.025150932371616364,0.025150932371616364,0.025150932371616364,0,0.0,0.0
2004-09-01 00:00:00+08:00,0.025150932371616364,0.025150932371616364,0.025150932371616364,0.025150932371616364,0,0.0,0.0
2004-09-02 00:00:00+08:00,0.025150932371616364,0.025150932371616364,0.025150932371616364,0.025150932371616364,0,0.0,0.0
2004-09-03 00:00:00+08:00,0.025150932371616364,0.025150932371616364,0.025150932371616364,0.025150932371616364,0,0.0,0.0
2004-09-06 00:00:00+08:00,0.025150932371616364,0.025150932371616364,0.025150932371616364,0.025150932371616364,0,0.0,0.0
2004-09-07 00:00:00+08:00,0.025150932371616364,0.025150932371616364,0.025150932371616364,0.025150932371616364,0,0.0,0.0
2004-09-08 00:00:00+08:00,0.025150932371616364,0.025150932371616364,0.025150932371616364,0.025150932371616364,0,0.0,0.0
2004-09-09 00:00:00+08:00,0.026827659457921982,0.026827659457921982,0.026827659457921982,0.026827659457921982,44081,0.0,0.0
2004-09-10 00:00:00+08:00,0.025150932371616364,0.025150932371616364,0.025150932371616364,0.025150932371616364,88163,0.0,0.0
2004-09-13 00:00:00+08:00,0.025150932371616364,0.025150932371616364,0.025150932371616364,0.025150932371616364,0,0.0,0.0
2004-09-14 00:00:00+08:00,0.025150932371616364,0.025150932371616364,0.025150932371616364,0.025150932371616364,0,0.0,0.0
2004-09-15 00:00:00+08:00,0.025150932371616364,0.025150932371616364,0.025150932371616364,0.025150932371616364,0,0.0,0.0
2004-09-16 00:00:00+08:00,0.026827659457921982,0.028504388690322256,0.02515093022552171,0.026827659457921982,177428,0.0,0.0
2004-09-17 00:00:00+08:00,0.026827659457921982,0.026827659457921982,0.026827659457921982,0.026827659457921982,0,0.0,0.0
2004-09-20 00:00:00+08:00,0.026827659457921982,0.026827659457921982,0.026827659457921982,0.026827659457921982,0,0.0,0.0
2004-09-21 00:00:00+08:00,0.026827659457921982,0.026827659457921982,0.026827659457921982,0.026827659457921982,0,0.0,0.0
2004-09-22 00:00:00+08:00,0.025150932371616364,0.025150932371616364,0.025150932371616364,0.025150932371616364,16530,0.0,0.0
2004-09-23 00:00:00+08:00,0.025150932371616364,0.025150932371616364,0.025150932371616364,0.025150932371616364,2204,0.0,0.0
2004-09-24 00:00:00+08:00,0.025150932371616364,0.025150932371616364,0.025150932371616364,0.025150932371616364,0,0.0,0.0
2004-09-27 00:00:00+08:00,0.025150932371616364,0.025150932371616364,0.025150932371616364,0.025150932371616364,0,0.0,0.0
2004-09-28 00:00:00+08:00,0.025150932371616364,0.025150932371616364,0.025150932371616364,0.025150932371616364,0,0.0,0.0
2004-09-29 00:00:00+08:00,0.025150932371616364,0.025150932371616364,0.025150932371616364,0.025150932371616364,112408,0.0,0.0
2004-09-30 00:00:00+08:00,0.026827659457921982,0.026827659457921982,0.026827659457921982,0.026827659457921982,141061,0.0,0.0
2004-10-01 00:00:00+08:00,0.026827659457921982,0.026827659457921982,0.026827659457921982,0.026827659457921982,132244,0.0,0.0
2004-10-04 00:00:00+08:00,0.026827659457921982,0.026827659457921982,0.026827659457921982,0.026827659457921982,0,0.0,0.0
2004-10-05 00:00:00+08:00,0.026827659457921982,0.026827659457921982,0.026827659457921982,0.026827659457921982,0,0.0,0.0
2004-10-06 00:00:00+08:00,0.02850438468158245,0.02850438468158245,0.02850438468158245,0.02850438468158245,44081,0.0,0.0
2004-10-07 00:00:00+08:00,0.025150932371616364,0.025150932371616364,0.025150932371616364,0.025150932371616364,5510,0.0,0.0
2004-10-08 00:00:00+08:00,0.02682765729832725,0.030181115493178368,0.02682765729832725,0.030181115493178368,4408,0.0,0.0
2004-10-11 00:00:00+08:00,0.026827659457921982,0.026827659457921982,0.026827659457921982,0.026827659457921982,22040,0.0,0.0
2004-10-12 00:00:00+08:00,0.02682765729832725,0.030181115493178368,0.02682765729832725,0.030181115493178368,102489,0.0,0.0
2004-10-13 00:00:00+08:00,0.02850438468158245,0.02850438468158245,0.02850438468158245,0.02850438468158245,209387,0.0,0.0
2004-10-14 00:00:00+08:00,0.02850438468158245,0.02850438468158245,0.02850438468158245,0.02850438468158245,92571,0.0,0.0
2004-10-15 00:00:00+08:00,0.02850438468158245,0.02850438468158245,0.02850438468158245,0.02850438468158245,0,0.0,0.0
2004-10-18 00:00:00+08:00,0.02850438468158245,0.02850438468158245,0.02850438468158245,0.02850438468158245,79346,0.0,0.0
2004-10-19 00:00:00+08:00,0.02850438468158245,0.02850438468158245,0.02850438468158245,0.02850438468158245,19836,0.0,0.0
2004-10-20 00:00:00+08:00,0.02850438468158245,0.02850438468158245,0.02850438468158245,0.02850438468158245,57306,0.0,0.0
2004-10-21 00:00:00+08:00,0.02850438468158245,0.02850438468158245,0.02850438468158245,0.02850438468158245,0,0.0,0.0
2004-10-22 00:00:00+08:00,0.02850438468158245,0.02850438468158245,0.02850438468158245,0.02850438468158245,0,0.0,0.0
2004-10-25 00:00:00+08:00,0.026827659457921982,0.026827659457921982,0.026827659457921982,0.026827659457921982,2204,0.0,0.0
2004-10-26 00:00:00+08:00,0.026827659457921982,0.026827659457921982,0.026827659457921982,0.026827659457921982,0,0.0,0.0
2004-10-27 00:00:00+08:00,0.02850438468158245,0.02850438468158245,0.02850438468158245,0.02850438468158245,6612,0.0,0.0
2004-10-28 00:00:00+08:00,0.02850438468158245,0.02850438468158245,0.02850438468158245,0.02850438468158245,0,0.0,0.0
2004-10-29 00:00:00+08:00,0.02850438468158245,0.02850438468158245,0.02850438468158245,0.02850438468158245,46285,0.0,0.0
2004-11-01 00:00:00+08:00,0.02850438468158245,0.02850438468158245,0.02850438468158245,0.02850438468158245,0,0.0,0.0
2004-11-02 00:00:00+08:00,0.026827659457921982,0.026827659457921982,0.026827659457921982,0.026827659457921982,56204,0.0,0.0
2004-11-03 00:00:00+08:00,0.026827659457921982,0.026827659457921982,0.026827659457921982,0.026827659457921982,31959,0.0,0.0
2004-11-04 00:00:00+08:00,0.026827659457921982,0.026827659457921982,0.026827659457921982,0.026827659457921982,22040,0.0,0.0
2004-11-05 00:00:00+08:00,0.026827659457921982,0.026827659457921982,0.026827659457921982,0.026827659457921982,11020,0.0,0.0
2004-11-08 00:00:00+08:00,0.025150932371616364,0.025150932371616364,0.025150932371616364,0.025150932371616364,50693,0.0,0.0
2004-11-09 00:00:00+08:00,0.025150932371616364,0.025150932371616364,0.025150932371616364,0.025150932371616364,77142,0.0,0.0
2004-11-10 00:00:00+08:00,0.025150929878432492,0.025150929878432492,0.023474203422665596,0.023474203422665596,115714,0.0,0.0
2004-11-11 00:00:00+08:00,0.023474203422665596,0.023474203422665596,0.023474203422665596,0.023474203422665596,0,0.0,0.0
2004-11-12 00:00:00+08:00,0.023474203422665596,0.023474203422665596,0.023474203422665596,0.023474203422665596,2204,0.0,0.0
2004-11-15 00:00:00+08:00,0.023474203422665596,0.023474203422665596,0.023474203422665596,0.023474203422665596,0,0.0,0.0
2004-11-16 00:00:00+08:00,0.023474203422665596,0.023474203422665596,0.023474203422665596,0.023474203422665596,0,0.0,0.0
2004-11-17 00:00:00+08:00,0.023474203422665596,0.023474203422665596,0.023474203422665596,0.023474203422665596,0,0.0,0.0
2004-11-18 00:00:00+08:00,0.025150929878432492,0.025150929878432492,0.023474203422665596,0.023474203422665596,82653,0.0,0.0
2004-11-19 00:00:00+08:00,0.023474203422665596,0.023474203422665596,0.023474203422665596,0.023474203422665596,13224,0.0,0.0
2004-11-22 00:00:00+08:00,0.023474203422665596,0.023474203422665596,0.023474203422665596,0.023474203422665596,5510,0.0,0.0
2004-11-23 00:00:00+08:00,0.023474205749637427,0.025150932371616364,0.023474205749637427,0.025150932371616364,290938,0.0,0.0
2004-11-24 00:00:00+08:00,0.025150932371616364,0.025150932371616364,0.025150932371616364,0.025150932371616364,0,0.0,0.0
2004-11-25 00:00:00+08:00,0.025150932371616364,0.025150932371616364,0.025150932371616364,0.025150932371616364,0,0.0,0.0
2004-11-26 00:00:00+08:00,0.025150929878432492,0.025150929878432492,0.023474203422665596,0.023474203422665596,17632,0.0,0.0
2004-11-29 00:00:00+08:00,0.023474203422665596,0.023474203422665596,0.023474203422665596,0.023474203422665596,16530,0.0,0.0
2004-11-30 00:00:00+08:00,0.023474203422665596,0.023474203422665596,0.023474203422665596,0.023474203422665596,11020,0.0,0.0
2004-12-01 00:00:00+08:00,0.023474203422665596,0.023474203422665596,0.023474203422665596,0.023474203422665596,0,0.0,0.0
2004-12-02 00:00:00+08:00,0.02179747447371483,0.02179747447371483,0.02179747447371483,0.02179747447371483,57306,0.0,0.0
2004-12-03 00:00:00+08:00,0.02179747447371483,0.02179747447371483,0.02179747447371483,0.02179747447371483,0,0.0,0.0
2004-12-06 00:00:00+08:00,0.023474203422665596,0.023474203422665596,0.023474203422665596,0.023474203422665596,68326,0.0,0.0
2004-12-07 00:00:00+08:00,0.023474203422665596,0.023474203422665596,0.023474203422665596,0.023474203422665596,80448,0.0,0.0
2004-12-08 00:00:00+08:00,0.023474203422665596,0.023474203422665596,0.023474203422665596,0.023474203422665596,0,0.0,0.0
2004-12-09 00:00:00+08:00,0.023474203422665596,0.023474203422665596,0.023474203422665596,0.023474203422665596,0,0.0,0.0
2004-12-10 00:00:00+08:00,0.023474203422665596,0.023474203422665596,0.023474203422665596,0.023474203422665596,0,0.0,0.0
2004-12-13 00:00:00+08:00,0.023474203422665596,0.023474203422665596,0.023474203422665596,0.023474203422665596,0,0.0,0.0
2004-12-14 00:00:00+08:00,0.023474203422665596,0.023474203422665596,0.023474203422665596,0.023474203422665596,55102,0.0,0.0
2004-12-15 00:00:00+08:00,0.023474203422665596,0.023474203422665596,0.023474203422665596,0.023474203422665596,0,0.0,0.0
2004-12-16 00:00:00+08:00,0.023474203422665596,0.023474203422665596,0.023474203422665596,0.023474203422665596,0,0.0,0.0
2004-12-17 00:00:00+08:00,0.023474203422665596,0.023474203422665596,0.023474203422665596,0.023474203422665596,8816,0.0,0.0
2004-12-20 00:00:00+08:00,0.023474203422665596,0.023474203422665596,0.023474203422665596,0.023474203422665596,0,0.0,0.0
2004-12-21 00:00:00+08:00,0.023474203422665596,0.023474203422665596,0.023474203422665596,0.023474203422665596,22040,0.0,0.0
2004-12-22 00:00:00+08:00,0.023474203422665596,0.023474203422665596,0.023474203422665596,0.023474203422665596,24244,0.0,0.0
2004-12-23 00:00:00+08:00,0.02179747447371483,0.02179747447371483,0.02179747447371483,0.02179747447371483,28653,0.0,0.0
2004-12-24 00:00:00+08:00,0.02179747447371483,0.02179747447371483,0.02179747447371483,0.02179747447371483,0,0.0,0.0
2004-12-27 00:00:00+08:00,0.023474203422665596,0.023474203422665596,0.023474203422665596,0.023474203422665596,28653,0.0,0.0
2004-12-28 00:00:00+08:00,0.02179747421340461,0.023474203422665596,0.02179747421340461,0.023474203422665596,12122,0.0,0.0
2004-12-29 00:00:00+08:00,0.023474203422665596,0.023474203422665596,0.023474203422665596,0.023474203422665596,61714,0.0,0.0
2004-12-30 00:00:00+08:00,0.025150932371616364,0.025150932371616364,0.025150932371616364,0.025150932371616364,44081,0.0,0.0
2004-12-31 00:00:00+08:00,0.023474203422665596,0.023474203422665596,0.023474203422665596,0.023474203422665596,28653,0.0,0.0
2005-01-03 00:00:00+08:00,0.023474203422665596,0.023474203422665596,0.023474203422665596,0.023474203422665596,0,0.0,0.0
2005-01-04 00:00:00+08:00,0.023474203422665596,0.023474203422665596,0.023474203422665596,0.023474203422665596,24244,0.0,0.0
2005-01-05 00:00:00+08:00,0.023474203422665596,0.023474203422665596,0.023474203422665596,0.023474203422665596,0,0.0,0.0
2005-01-06 00:00:00+08:00,0.023474205749637427,0.025150932371616364,0.023474205749637427,0.025150932371616364,93673,0.0,0.0
2005-01-07 00:00:00+08:00,0.025150932371616364,0.025150932371616364,0.025150932371616364,0.025150932371616364,0,0.0,0.0
2005-01-10 00:00:00+08:00,0.023474203422665596,0.023474203422665596,0.023474203422665596,0.023474203422665596,196163,0.0,0.0
2005-01-11 00:00:00+08:00,0.023474205749637427,0.025150932371616364,0.023474205749637427,0.025150932371616364,87061,0.0,0.0
2005-01-12 00:00:00+08:00,0.025150932371616364,0.025150932371616364,0.025150932371616364,0.025150932371616364,0,0.0,0.0
2005-01-13 00:00:00+08:00,0.023474205749637427,0.025150932371616364,0.023474205749637427,0.025150932371616364,230326,0.0,0.0
2005-01-14 00:00:00+08:00,0.025150932371616364,0.025150932371616364,0.025150932371616364,0.025150932371616364,107999,0.0,0.0
2005-01-17 00:00:00+08:00,0.025150932371616364,0.025150932371616364,0.025150932371616364,0.025150932371616364,55102,0.0,0.0
2005-01-18 00:00:00+08:00,0.023474203422665596,0.023474203422665596,0.023474203422665596,0.023474203422665596,23142,0.0,0.0
2005-01-19 00:00:00+08:00,0.023474203422665596,0.023474203422665596,0.023474203422665596,0.023474203422665596,0,0.0,0.0
2005-01-20 00:00:00+08:00,0.023474203422665596,0.023474203422665596,0.023474203422665596,0.023474203422665596,7714,0.0,0.0
2005-01-24 00:00:00+08:00,0.025150929878432492,0.025150929878432492,0.023474203422665596,0.023474203422665596,113510,0.0,0.0
2005-01-25 00:00:00+08:00,0.023474203422665596,0.023474203422665596,0.023474203422665596,0.023474203422665596,49591,0.0,0.0
2005-01-26 00:00:00+08:00,0.023474205749637427,0.025150932371616364,0.023474205749637427,0.025150932371616364,67224,0.0,0.0
2005-01-27 00:00:00+08:00,0.023474203422665596,0.023474203422665596,0.023474203422665596,0.023474203422665596,3306,0.0,0.0
2005-01-28 00:00:00+08:00,0.023474203422665596,0.023474203422665596,0.023474203422665596,0.023474203422665596,0,0.0,0.0
2005-01-31 00:00:00+08:00,0.023474203422665596,0.023474203422665596,0.023474203422665596,0.023474203422665596,0,0.0,0.0
2005-02-01 00:00:00+08:00,0.023474203422665596,0.023474203422665596,0.023474203422665596,0.023474203422665596,5510,0.0,0.0
2005-02-02 00:00:00+08:00,0.023474203422665596,0.023474203422665596,0.023474203422665596,0.023474203422665596,17632,0.0,0.0
2005-02-03 00:00:00+08:00,0.023474203422665596,0.023474203422665596,0.023474203422665596,0.023474203422665596,0,0.0,0.0
2005-02-04 00:00:00+08:00,0.023474203422665596,0.023474203422665596,0.023474203422665596,0.023474203422665596,0,0.0,0.0
2005-02-07 00:00:00+08:00,0.02179747447371483,0.02179747447371483,0.02179747447371483,0.02179747447371483,66122,0.0,0.0
2005-02-08 00:00:00+08:00,0.02179747447371483,0.02179747447371483,0.02179747447371483,0.02179747447371483,0,0.0,0.0
2005-02-11 00:00:00+08:00,0.023474203422665596,0.023474203422665596,0.023474203422665596,0.023474203422665596,143265,0.0,0.0
2005-02-14 00:00:00+08:00,0.023474203422665596,0.023474203422665596,0.023474203422665596,0.023474203422665596,33061,0.0,0.0
2005-02-15 00:00:00+08:00,0.023474203422665596,0.023474203422665596,0.023474203422665596,0.023474203422665596,0,0.0,0.0
2005-02-16 00:00:00+08:00,0.025150932371616364,0.025150932371616364,0.025150932371616364,0.025150932371616364,60612,0.0,0.0
2005-02-17 00:00:00+08:00,0.02179747447371483,0.02179747447371483,0.02179747447371483,0.02179747447371483,2204,0.0,0.0
2005-02-18 00:00:00+08:00,0.02179747447371483,0.02179747447371483,0.02179747447371483,0.02179747447371483,0,0.0,0.0
2005-02-21 00:00:00+08:00,0.023474203702999682,0.023474203702999682,0.02179747447371483,0.02179747447371483,84857,0.0,0.0
2005-02-22 00:00:00+08:00,0.02179747447371483,0.02179747447371483,0.02179747447371483,0.02179747447371483,0,0.0,0.0
2005-02-23 00:00:00+08:00,0.02179747447371483,0.02179747447371483,0.02179747447371483,0.02179747447371483,15428,0.0,0.0
2005-02-24 00:00:00+08:00,0.02179747447371483,0.02179747447371483,0.02179747447371483,0.02179747447371483,0,0.0,0.0
2005-02-25 00:00:00+08:00,0.02179747447371483,0.02179747447371483,0.02179747447371483,0.02179747447371483,16530,0.0,0.0
2005-02-28 00:00:00+08:00,0.02179747447371483,0.02179747447371483,0.02179747447371483,0.02179747447371483,0,0.0,0.0
2005-03-01 00:00:00+08:00,0.020120743662118912,0.020120743662118912,0.020120743662118912,0.020120743662118912,23142,0.0,0.0
2005-03-02 00:00:00+08:00,0.023474203422665596,0.023474203422665596,0.023474203422665596,0.023474203422665596,22040,0.0,0.0
2005-03-03 00:00:00+08:00,0.023474203422665596,0.023474203422665596,0.023474203422665596,0.023474203422665596,0,0.0,0.0
2005-03-04 00:00:00+08:00,0.020120743662118912,0.020120743662118912,0.020120743662118912,0.020120743662118912,5510,0.0,0.0
2005-03-07 00:00:00+08:00,0.02179747447371483,0.02179747447371483,0.02179747447371483,0.02179747447371483,1102,0.0,0.0
2005-03-08 00:00:00+08:00,0.02179747421340461,0.023474203422665596,0.02179747421340461,0.023474203422665596,17632,0.0,0.0
2005-03-09 00:00:00+08:00,0.023474203422665596,0.023474203422665596,0.023474203422665596,0.023474203422665596,37469,0.0,0.0
2005-03-10 00:00:00+08:00,0.023474203702999682,0.023474203702999682,0.02179747447371483,0.02179747447371483,39673,0.0,0.0
2005-03-11 00:00:00+08:00,0.023474203422665596,0.023474203422665596,0.023474203422665596,0.023474203422665596,17632,0.0,0.0
2005-03-14 00:00:00+08:00,0.023474203422665596,0.023474203422665596,0.023474203422665596,0.023474203422665596,0,0.0,0.0
2005-03-15 00:00:00+08:00,0.023474203422665596,0.023474203422665596,0.023474203422665596,0.023474203422665596,0,0.0,0.0
2005-03-16 00:00:00+08:00,0.023474203422665596,0.023474203422665596,0.023474203422665596,0.023474203422665596,0,0.0,0.0
2005-03-17 00:00:00+08:00,0.023474203422665596,0.023474203422665596,0.023474203422665596,0.023474203422665596,110204,0.0,0.0
2005-03-18 00:00:00+08:00,0.023474203422665596,0.023474203422665596,0.023474203422665596,0.023474203422665596,5510,0.0,0.0
2005-03-21 00:00:00+08:00,0.02179747447371483,0.02179747447371483,0.02179747447371483,0.02179747447371483,8816,0.0,0.0
2005-03-22 00:00:00+08:00,0.02179747447371483,0.02179747447371483,0.02179747447371483,0.02179747447371483,28653,0.0,0.0
2005-03-23 00:00:00+08:00,0.023474203702999682,0.023474203702999682,0.02179747447371483,0.02179747447371483,273305,0.0,0.0
2005-03-24 00:00:00+08:00,0.02179747447371483,0.02179747447371483,0.02179747447371483,0.02179747447371483,0,0.0,0.0
2005-03-28 00:00:00+08:00,0.023474203422665596,0.023474203422665596,0.023474203422665596,0.023474203422665596,23142,0.0,0.0
2005-03-29 00:00:00+08:00,0.023474203422665596,0.026827659087693474,0.023474203422665596,0.023474203422665596,61714,0.0,0.0
2005-03-30 00:00:00+08:00,0.023474205749637427,0.025150932371616364,0.02179747637416413,0.025150932371616364,143265,0.0,0.0
2005-03-31 00:00:00+08:00,0.023474203422665596,0.023474203422665596,0.023474203422665596,0.023474203422665596,5510,0.0,0.0
2005-04-01 00:00:00+08:00,0.023474203422665596,0.023474203422665596,0.023474203422665596,0.023474203422665596,44081,0.0,0.0
2005-04-04 00:00:00+08:00,0.023474203422665596,0.023474203422665596,0.023474203422665596,0.023474203422665596,16530,0.0,0.0
2005-04-05 00:00:00+08:00,0.02515093022552171,0.026827659457921982,0.02515093022552171,0.026827659457921982,81550,0.0,0.0
2005-04-06 00:00:00+08:00,0.026827659457921982,0.026827659457921982,0.026827659457921982,0.026827659457921982,0,0.0,0.0
2005-04-07 00:00:00+08:00,0.025150929878432492,0.025150929878432492,0.023474203422665596,0.023474203422665596,47387,0.0,0.0
2005-04-08 00:00:00+08:00,0.023474203422665596,0.023474203422665596,0.023474203422665596,0.023474203422665596,22040,0.0,0.0
2005-04-11 00:00:00+08:00,0.02682766174708966,0.02682766174708966,0.025150932371616364,0.025150932371616364,107999,0.0,0.0
2005-04-12 00:00:00+08:00,0.02682766174708966,0.02682766174708966,0.025150932371616364,0.025150932371616364,154285,0.0,0.0
2005-04-13 00:00:00+08:00,0.025150932371616364,0.025150932371616364,0.025150932371616364,0.025150932371616364,50693,0.0,0.0
2005-04-14 00:00:00+08:00,0.025150932371616364,0.025150932371616364,0.025150932371616364,0.025150932371616364,73836,0.0,0.0
2005-04-15 00:00:00+08:00,0.025150932371616364,0.025150932371616364,0.025150932371616364,0.025150932371616364,109101,0.0,0.0
2005-04-18 00:00:00+08:00,0.025150932371616364,0.025150932371616364,0.025150932371616364,0.025150932371616364,0,0.0,0.0
2005-04-19 00:00:00+08:00,0.023474203422665596,0.023474203422665596,0.023474203422665596,0.023474203422665596,106897,0.0,0.0
2005-04-20 00:00:00+08:00,0.025150932371616364,0.025150932371616364,0.025150932371616364,0.025150932371616364,173020,0.0,0.0
2005-04-21 00:00:00+08:00,0.023474203422665596,0.023474203422665596,0.023474203422665596,0.023474203422665596,5510,0.0,0.0
2005-04-22 00:00:00+08:00,0.025150929878432492,0.025150929878432492,0.023474203422665596,0.023474203422665596,92571,0.0,0.0
2005-04-25 00:00:00+08:00,0.023474203422665596,0.023474203422665596,0.023474203422665596,0.023474203422665596,0,0.0,0.0
2005-04-26 00:00:00+08:00,0.023474205749637427,0.025150932371616364,0.023474205749637427,0.025150932371616364,152081,0.0,0.0
2005-04-27 00:00:00+08:00,0.023474203422665596,0.023474203422665596,0.023474203422665596,0.023474203422665596,1102,0.0,0.0
2005-04-28 00:00:00+08:00,0.023474203422665596,0.023474203422665596,0.023474203422665596,0.023474203422665596,27551,0.0,0.0
2005-04-29 00:00:00+08:00,0.023474203422665596,0.023474203422665596,0.023474203422665596,0.023474203422665596,20938,0.0,0.0
2005-05-03 00:00:00+08:00,0.023474205749637427,0.025150932371616364,0.023474205749637427,0.025150932371616364,192857,0.0,0.0
2005-05-04 00:00:00+08:00,0.025150932371616364,0.025150932371616364,0.025150932371616364,0.025150932371616364,59510,0.0,0.0
2005-05-05 00:00:00+08:00,0.025150932371616364,0.025150932371616364,0.025150932371616364,0.025150932371616364,0,0.0,0.0
2005-05-06 00:00:00+08:00,0.025150932371616364,0.025150932371616364,0.025150932371616364,0.025150932371616364,0,0.0,0.0
2005-05-09 00:00:00+08:00,0.025150932371616364,0.025150932371616364,0.025150932371616364,0.025150932371616364,35265,0.0,0.0
2005-05-10 00:00:00+08:00,0.025150932371616364,0.025150932371616364,0.025150932371616364,0.025150932371616364,46285,0.0,0.0
2005-05-11 00:00:00+08:00,0.025150932371616364,0.025150932371616364,0.025150932371616364,0.025150932371616364,55102,0.0,0.0
2005-05-12 00:00:00+08:00,0.025150932371616364,0.025150932371616364,0.025150932371616364,0.025150932371616364,78244,0.0,0.0
2005-05-13 00:00:00+08:00,0.025150932371616364,0.025150932371616364,0.025150932371616364,0.025150932371616364,192857,0.0,0.0
2005-05-16 00:00:00+08:00,0.025150932371616364,0.025150932371616364,0.025150932371616364,0.025150932371616364,65020,0.0,0.0
2005-05-17 00:00:00+08:00,0.025150932371616364,0.025150932371616364,0.025150932371616364,0.025150932371616364,0,0.0,0.0
2005-05-18 00:00:00+08:00,0.025150932371616364,0.025150932371616364,0.025150932371616364,0.025150932371616364,2204,0.0,0.0
2005-05-19 00:00:00+08:00,0.025150932371616364,0.025150932371616364,0.025150932371616364,0.025150932371616364,228122,0.0,0.0
2005-05-20 00:00:00+08:00,0.02682765568499047,0.02850438468158245,0.02682765568499047,0.02850438468158245,211591,0.0,0.0
2005-05-24 00:00:00+08:00,0.028504386262906946,0.031857844442129135,0.028504386262906946,0.031857844442129135,787958,0.0,0.0
2005-05-25 00:00:00+08:00,0.030181117922722527,0.03353457638752307,0.026827659457921982,0.026827659457921982,656815,0.0,0.0
2005-05-26 00:00:00+08:00,0.026827659457921982,0.030181117922722527,0.026827659457921982,0.026827659457921982,344938,0.0,0.0
2005-05-27 00:00:00+08:00,0.026827659457921982,0.026827659457921982,0.026827659457921982,0.026827659457921982,274407,0.0,0.0
2005-05-30 00:00:00+08:00,0.028504388690322256,0.028504388690322256,0.026827659457921982,0.026827659457921982,365877,0.0,0.0
2005-05-31 00:00:00+08:00,0.026827659457921982,0.026827659457921982,0.026827659457921982,0.026827659457921982,115714,0.0,0.0
2005-06-01 00:00:00+08:00,0.026827659457921982,0.026827659457921982,0.026827659457921982,0.026827659457921982,82653,0.0,0.0
2005-06-02 00:00:00+08:00,0.026827659457921982,0.026827659457921982,0.026827659457921982,0.026827659457921982,22040,0.0,0.0
2005-06-03 00:00:00+08:00,0.026827659457921982,0.026827659457921982,0.026827659457921982,0.026827659457921982,3306,0.0,0.0
2005-06-06 00:00:00+08:00,0.028504388690322256,0.028504388690322256,0.026827659457921982,0.026827659457921982,565346,0.0,0.0
2005-06-07 00:00:00+08:00,0.026827659457921982,0.026827659457921982,0.026827659457921982,0.026827659457921982,256775,0.0,0.0
2005-06-08 00:00:00+08:00,0.026827659457921982,0.026827659457921982,0.026827659457921982,0.026827659457921982,13224,0.0,0.0
2005-06-09 00:00:00+08:00,0.026827659457921982,0.026827659457921982,0.026827659457921982,0.026827659457921982,0,0.0,0.0
2005-06-10 00:00:00+08:00,0.026827659457921982,0.026827659457921982,0.026827659457921982,0.026827659457921982,0,0.0,0.0
2005-06-13 00:00:00+08:00,0.026827659457921982,0.026827659457921982,0.026827659457921982,0.026827659457921982,0,0.0,0.0
2005-06-14 00:00:00+08:00,0.026827659457921982,0.026827659457921982,0.026827659457921982,0.026827659457921982,0,0.0,0.0
2005-06-15 00:00:00+08:00,0.026827659457921982,0.026827659457921982,0.026827659457921982,0.026827659457921982,0,0.0,0.0
2005-06-16 00:00:00+08:00,0.026827659457921982,0.026827659457921982,0.026827659457921982,0.026827659457921982,0,0.0,0.0
2005-06-17 00:00:00+08:00,0.026827659457921982,0.026827659457921982,0.026827659457921982,0.026827659457921982,11020,0.0,0.0
2005-06-20 00:00:00+08:00,0.026827659457921982,0.026827659457921982,0.026827659457921982,0.026827659457921982,266693,0.0,0.0
2005-06-21 00:00:00+08:00,0.026827659457921982,0.026827659457921982,0.026827659457921982,0.026827659457921982,0,0.0,0.0
2005-06-22 00:00:00+08:00,0.026827659457921982,0.026827659457921982,0.026827659457921982,0.026827659457921982,0,0.0,0.0
2005-06-23 00:00:00+08:00,0.02515093022552171,0.026827659457921982,0.02515093022552171,0.026827659457921982,8816,0.0,0.0
2005-06-24 00:00:00+08:00,0.025150932371616364,0.025150932371616364,0.025150932371616364,0.025150932371616364,1102,0.0,0.0
2005-06-27 00:00:00+08:00,0.023474203422665596,0.023474203422665596,0.023474203422665596,0.023474203422665596,25346,0.0,0.0
2005-06-28 00:00:00+08:00,0.025150932371616364,0.025150932371616364,0.025150932371616364,0.025150932371616364,16530,0.0,0.0
2005-06-29 00:00:00+08:00,0.025150932371616364,0.025150932371616364,0.025150932371616364,0.025150932371616364,0,0.0,0.0
2005-06-30 00:00:00+08:00,0.023474203422665596,0.023474203422665596,0.023474203422665596,0.023474203422665596,48489,0.0,0.0
2005-07-01 00:00:00+08:00,0.023474205749637427,0.025150932371616364,0.023474205749637427,0.025150932371616364,110204,0.0,0.0
2005-07-04 00:00:00+08:00,0.025150932371616364,0.025150932371616364,0.025150932371616364,0.025150932371616364,0,0.0,0.0
2005-07-05 00:00:00+08:00,0.023474203422665596,0.023474203422665596,0.023474203422665596,0.023474203422665596,1102,0.0,0.0
2005-07-06 00:00:00+08:00,0.023474203422665596,0.023474203422665596,0.023474203422665596,0.023474203422665596,0,0.0,0.0
2005-07-07 00:00:00+08:00,0.023474203422665596,0.023474203422665596,0.023474203422665596,0.023474203422665596,22040,0.0,0.0
2005-07-08 00:00:00+08:00,0.023474203422665596,0.023474203422665596,0.023474203422665596,0.023474203422665596,22040,0.0,0.0
2005-07-11 00:00:00+08:00,0.023474203422665596,0.023474203422665596,0.023474203422665596,0.023474203422665596,0,0.0,0.0
2005-07-12 00:00:00+08:00,0.023474203422665596,0.023474203422665596,0.023474203422665596,0.023474203422665596,11020,0.0,0.0
2005-07-13 00:00:00+08:00,0.023474203746615564,0.026827659457921982,0.023474203746615564,0.026827659457921982,82653,0.0,0.0
2005-07-14 00:00:00+08:00,0.02515093022552171,0.026827659457921982,0.02515093022552171,0.026827659457921982,693183,0.0,0.0
2005-07-15 00:00:00+08:00,0.02515093022552171,0.026827659457921982,0.02515093022552171,0.026827659457921982,24244,0.0,0.0
2005-07-18 00:00:00+08:00,0.026827659457921982,0.026827659457921982,0.026827659457921982,0.026827659457921982,454040,0.0,0.0
2005-07-19 00:00:00+08:00,0.026827659457921982,0.028504388690322256,0.026827659457921982,0.026827659457921982,192857,0.0,0.0
2005-07-20 00:00:00+08:00,0.026827659457921982,0.026827659457921982,0.026827659457921982,0.026827659457921982,7714,0.0,0.0
2005-07-21 00:00:00+08:00,0.02515093022552171,0.026827659457921982,0.02515093022552171,0.026827659457921982,82653,0.0,0.0
2005-07-22 00:00:00+08:00,0.02515092668839849,0.02850438468158245,0.02515092668839849,0.02850438468158245,113510,0.0,0.0
2005-07-25 00:00:00+08:00,0.02850438468158245,0.02850438468158245,0.02850438468158245,0.02850438468158245,0,0.0,0.0
2005-07-26 00:00:00+08:00,0.02515093022552171,0.026827659457921982,0.02515093022552171,0.026827659457921982,59510,0.0,0.0
2005-07-27 00:00:00+08:00,0.026827659457921982,0.026827659457921982,0.026827659457921982,0.026827659457921982,4408,0.0,0.0
2005-07-28 00:00:00+08:00,0.02850438639575281,0.030181115493178368,0.02850438639575281,0.030181115493178368,1085509,0.0,0.0
2005-07-29 00:00:00+08:00,0.030181115493178368,0.030181115493178368,0.030181115493178368,0.030181115493178368,330612,0.0,0.0
2005-08-01 00:00:00+08:00,0.030181115493178368,0.030181115493178368,0.030181115493178368,0.030181115493178368,16530,0.0,0.0
2005-08-02 00:00:00+08:00,0.030181115493178368,0.030181115493178368,0.030181115493178368,0.030181115493178368,39673,0.0,0.0
2005-08-03 00:00:00+08:00,0.030181115493178368,0.030181115493178368,0.030181115493178368,0.030181115493178368,0,0.0,0.0
2005-08-04 00:00:00+08:00,0.030181115493178368,0.030181115493178368,0.030181115493178368,0.030181115493178368,0,0.0,0.0
2005-08-05 00:00:00+08:00,0.030181115493178368,0.030181115493178368,0.030181115493178368,0.030181115493178368,60612,0.0,0.0
2005-08-08 00:00:00+08:00,0.030181115493178368,0.030181115493178368,0.030181115493178368,0.030181115493178368,0,0.0,0.0
2005-08-10 00:00:00+08:00,0.03353456895806351,0.03856475278735161,0.03353456895806351,0.03856475278735161,1953916,0.0,0.0
2005-08-11 00:00:00+08:00,0.03688802942633629,0.03688802942633629,0.035211300315413016,0.03688802942633629,616040,0.0,0.0
2005-08-12 00:00:00+08:00,0.03688802942633629,0.03856475853725956,0.03688802942633629,0.03688802942633629,220408,0.0,0.0
2005-08-15 00:00:00+08:00,0.035211300315413016,0.03688802942633629,0.035211300315413016,0.03688802942633629,176326,0.0,0.0
2005-08-16 00:00:00+08:00,0.035211300315413016,0.03856475853725956,0.035211300315413016,0.03688802942633629,35265,0.0,0.0
2005-08-17 00:00:00+08:00,0.03353457525372505,0.03353457525372505,0.03353457525372505,0.03353457525372505,105795,0.0,0.0
2005-08-18 00:00:00+08:00,0.03521130167594138,0.03521130167594138,0.03353457525372505,0.03353457525372505,79346,0.0,0.0
2005-08-19 00:00:00+08:00,0.03521130167594138,0.03521130167594138,0.03353457525372505,0.03353457525372505,94775,0.0,0.0
2005-08-22 00:00:00+08:00,0.03521130234003067,0.03521130234003067,0.03521130234003067,0.03521130234003067,47387,0.0,0.0
2005-08-23 00:00:00+08:00,0.03521130167594138,0.03521130167594138,0.03353457525372505,0.03353457525372505,211591,0.0,0.0
2005-08-24 00:00:00+08:00,0.03521130234003067,0.03521130234003067,0.03521130234003067,0.03521130234003067,88163,0.0,0.0
2005-08-25 00:00:00+08:00,0.03521130167594138,0.03521130167594138,0.03353457525372505,0.03353457525372505,138857,0.0,0.0
2005-08-26 00:00:00+08:00,0.03353457525372505,0.03353457525372505,0.03353457525372505,0.03353457525372505,83755,0.0,0.0
2005-08-29 00:00:00+08:00,0.03353457353174023,0.03353457353174023,0.031857844442129135,0.031857844442129135,233632,0.0,0.0
2005-08-30 00:00:00+08:00,0.031857844442129135,0.031857844442129135,0.031857844442129135,0.031857844442129135,76040,0.0,0.0
2005-08-31 00:00:00+08:00,0.03018111367817443,0.03018111367817443,0.02850438468158245,0.02850438468158245,176326,0.0,0.0
2005-09-01 00:00:00+08:00,0.030181115493178368,0.030181115493178368,0.02850438639575281,0.030181115493178368,88163,0.0,0.0
2005-09-02 00:00:00+08:00,0.02850438468158245,0.02850438468158245,0.02850438468158245,0.02850438468158245,17632,0.0,0.0
2005-09-05 00:00:00+08:00,0.02850438468158245,0.02850438468158245,0.02850438468158245,0.02850438468158245,12122,0.0,0.0
2005-09-06 00:00:00+08:00,0.02850438468158245,0.02850438468158245,0.02850438468158245,0.02850438468158245,0,0.0,0.0
2005-09-07 00:00:00+08:00,0.02850438468158245,0.02850438468158245,0.02850438468158245,0.02850438468158245,0,0.0,0.0
2005-09-08 00:00:00+08:00,0.02850438468158245,0.02850438468158245,0.02850438468158245,0.02850438468158245,0,0.0,0.0
2005-09-09 00:00:00+08:00,0.02850438468158245,0.02850438468158245,0.02850438468158245,0.02850438468158245,16530,0.0,0.0
2005-09-12 00:00:00+08:00,0.02850438468158245,0.02850438468158245,0.02850438468158245,0.02850438468158245,0,0.0,0.0
2005-09-13 00:00:00+08:00,0.02850438468158245,0.02850438468158245,0.02850438468158245,0.02850438468158245,0,0.0,0.0
2005-09-14 00:00:00+08:00,0.031857846078014694,0.03353457525372505,0.031857846078014694,0.03353457525372505,104693,0.0,0.0
2005-09-15 00:00:00+08:00,0.03353456895806351,0.04024148164827881,0.03353456895806351,0.03856475278735161,1842610,0.0,0.0
2005-09-16 00:00:00+08:00,0.03856475278735161,0.03856475278735161,0.03856475278735161,0.03856475278735161,306367,0.0,0.0
2005-09-19 00:00:00+08:00,0.03856475822681227,0.040241487324237823,0.036888029129386705,0.040241487324237823,584081,0.0,0.0
2005-09-20 00:00:00+08:00,0.03856475822681227,0.040241487324237823,0.03856475822681227,0.040241487324237823,122326,0.0,0.0
2005-09-21 00:00:00+08:00,0.03856475822681227,0.040241487324237823,0.03856475822681227,0.040241487324237823,152081,0.0,0.0
2005-09-22 00:00:00+08:00,0.03856475278735161,0.03856475278735161,0.03856475278735161,0.03856475278735161,257877,0.0,0.0
2005-09-23 00:00:00+08:00,0.03856475278735161,0.03856475278735161,0.03856475278735161,0.03856475278735161,474979,0.0,0.0
2005-09-26 00:00:00+08:00,0.03856475853725956,0.03856475853725956,0.03688802942633629,0.03688802942633629,169714,0.0,0.0
2005-09-27 00:00:00+08:00,0.03688802942633629,0.03688802942633629,0.03688802942633629,0.03688802942633629,55102,0.0,0.0
2005-09-28 00:00:00+08:00,0.03856475278735161,0.03856475278735161,0.03856475278735161,0.03856475278735161,38571,0.0,0.0
2005-09-29 00:00:00+08:00,0.040241485235715545,0.043595312224686766,0.038564756225311775,0.04191858321428299,263,0.0,0.0
2005-09-30 00:00:00+08:00,0.041918583100481056,0.045272041112184525,0.041918583100481056,0.045272041112184525,674,0.0,0.0
2005-10-03 00:00:00+08:00,0.0469487783491287,0.06036260724067688,0.0469487783491287,0.06036260724067688,2460855,0.0,0.0
2005-10-04 00:00:00+08:00,0.062039329914542,0.07042297551823358,0.060362600793803685,0.06874624639749527,4915,0.0,0.0
2005-10-05 00:00:00+08:00,0.06874624400059491,0.078806612867273,0.06706951493831728,0.07545315474271774,3648,0.0,0.0
2005-10-06 00:00:00+08:00,0.0754531666755898,0.0754531666755898,0.07042298420022432,0.0720997080206871,1401,0.0,0.0
2005-10-07 00:00:00+08:00,0.07209968930494232,0.07209968930494232,0.06539277924311519,0.06706950813531876,1309,0.0,0.0
2005-10-10 00:00:00+08:00,0.06706950813531876,0.06874623702752232,0.06706950813531876,0.06706950813531876,548,0.0,0.0
2005-10-11 00:00:00+08:00,0.06706952443994521,0.06706952443994521,0.06036260724067688,0.06036260724067688,801,0.0,0.0
2005-10-12 00:00:00+08:00,0.060362607983687644,0.060362607983687644,0.057009149342775345,0.057009149342775345,1716,0.0,0.0
2005-10-13 00:00:00+08:00,0.05365568003920574,0.06706951193720811,0.05365568003920574,0.06371605396270752,2299,0.0,0.0
2005-10-14 00:00:00+08:00,0.0637160559150288,0.06539278495365568,0.0620393268764019,0.0620393268764019,704,0.0,0.0
2005-10-17 00:00:00+08:00,0.060362607983687644,0.060362607983687644,0.057009149342775345,0.057009149342775345,364,0.0,0.0
2005-10-18 00:00:00+08:00,0.055332407355308526,0.05700913629191832,0.050302226052466446,0.05533240735530853,405550,0.0,0.0
2005-10-19 00:00:00+08:00,0.05197896273339714,0.05197896273339714,0.050302233546972275,0.050302233546972275,328,0.0,0.0
2005-10-20 00:00:00+08:00,0.050302238941412565,0.05365569216690041,0.0435953214764595,0.0435953214764595,609428,0.0,0.0
2005-10-21 00:00:00+08:00,0.04024148667423515,0.05365568269816116,0.04024148667423515,0.04694877192378044,852,0.0,0.0
2005-10-24 00:00:00+08:00,0.04694877360499146,0.05365568461954315,0.04694877360499146,0.04862550273537636,748,0.0,0.0
2005-10-25 00:00:00+08:00,0.04862550099412254,0.04862550099412254,0.04694877192378044,0.04694877192378044,303,0.0,0.0
2005-10-26 00:00:00+08:00,0.04694877360499146,0.05197896099614616,0.04694877360499146,0.04862550273537636,710,0.0,0.0
2005-10-27 00:00:00+08:00,0.04862550099412254,0.04862550099412254,0.04527204285343833,0.04694877192378044,187,0.0,0.0
2005-10-28 00:00:00+08:00,0.04527204285343833,0.04694877192378044,0.04527204285343833,0.04694877192378044,65,0.0,0.0
2005-10-31 00:00:00+08:00,0.04694877192378044,0.04694877192378044,0.04694877192378044,0.04694877192378044,0,0.0,0.0
2005-11-02 00:00:00+08:00,0.045272041112184525,0.045272041112184525,0.045272041112184525,0.045272041112184525,22,0.0,0.0
2005-11-04 00:00:00+08:00,0.043595312224686766,0.045272041235090536,0.04191858321428299,0.04191858321428299,309,0.0,0.0
2005-11-07 00:00:00+08:00,0.04191858321428299,0.043595312224686766,0.04191858321428299,0.04191858321428299,217,0.0,0.0
2005-11-08 00:00:00+08:00,0.04191858321428299,0.04191858321428299,0.04191858321428299,0.04191858321428299,60,0.0,0.0
2005-11-09 00:00:00+08:00,0.04191858321428299,0.04191858321428299,0.040241485235715545,0.04191858321428299,257,0.0,0.0
2005-11-10 00:00:00+08:00,0.04024148164827881,0.04024148164827881,0.03856475278735161,0.03856475278735161,267,0.0,0.0
2005-11-11 00:00:00+08:00,0.038564760754698,0.038564760754698,0.03353457588619108,0.03521130234003067,1044,0.0,0.0
2005-11-14 00:00:00+08:00,0.033534573688029486,0.033534573688029486,0.02850438639575281,0.030181115493178368,4034,0.0,0.0
2005-11-15 00:00:00+08:00,0.03018111367817443,0.03018111367817443,0.02850438468158245,0.02850438468158245,696,0.0,0.0
2005-11-16 00:00:00+08:00,0.02850438468158245,0.03018111367817443,0.02850438468158245,0.02850438468158245,802,0.0,0.0
2005-11-17 00:00:00+08:00,0.028504387726593982,0.03353457525372505,0.028504387726593982,0.03353457525372505,1970,0.0,0.0
2005-11-18 00:00:00+08:00,0.03353457353174023,0.03521129986785744,0.031857844442129135,0.031857844442129135,1891,0.0,0.0
2005-11-21 00:00:00+08:00,0.03353457353174023,0.03353457353174023,0.03018111535251804,0.031857844442129135,1161,0.0,0.0
2005-11-22 00:00:00+08:00,0.03185784459060393,0.03185784459060393,0.030181115493178368,0.030181115493178368,920,0.0,0.0
2005-11-23 00:00:00+08:00,0.03018111535251804,0.031857844442129135,0.03018111535251804,0.031857844442129135,332,0.0,0.0
2005-11-24 00:00:00+08:00,0.03353457525372505,0.03688803085165174,0.03353457525372505,0.03353457525372505,3805,0.0,0.0
2005-11-25 00:00:00+08:00,0.03521130167594138,0.03521130167594138,0.031857846078014694,0.03353457525372505,633,0.0,0.0
2005-11-28 00:00:00+08:00,0.03353457525372505,0.03353457525372505,0.03353457525372505,0.03353457525372505,625,0.0,0.0
2005-11-29 00:00:00+08:00,0.031857846078014694,0.03353457525372505,0.031857846078014694,0.03353457525372505,574,0.0,0.0
2005-11-30 00:00:00+08:00,0.03353457588619108,0.036888031547364336,0.03353457588619108,0.03521130234003067,2053,0.0,0.0
2005-12-01 00:00:00+08:00,0.03521130234003067,0.036888031547364336,0.03521130234003067,0.03521130234003067,775,0.0,0.0
2005-12-02 00:00:00+08:00,0.03521130234003067,0.03521130234003067,0.03353457588619108,0.03521130234003067,512,0.0,0.0
2005-12-05 00:00:00+08:00,0.03353457525372505,0.03353457525372505,0.03353457525372505,0.03353457525372505,987,0.0,0.0
2005-12-06 00:00:00+08:00,0.03353457525372505,0.03353457525372505,0.03353457525372505,0.03353457525372505,243,0.0,0.0
2005-12-07 00:00:00+08:00,0.031857844442129135,0.03353457353174023,0.031857844442129135,0.031857844442129135,494,0.0,0.0
2005-12-08 00:00:00+08:00,0.031857844442129135,0.03353457353174023,0.031857844442129135,0.031857844442129135,316,0.0,0.0
2005-12-09 00:00:00+08:00,0.031857844442129135,0.03353457353174023,0.031857844442129135,0.031857844442129135,844,0.0,0.0
2005-12-12 00:00:00+08:00,0.031857846078014694,0.03353457525372505,0.031857846078014694,0.03353457525372505,1283,0.0,0.0
2005-12-13 00:00:00+08:00,0.03353457353174023,0.03521129986785744,0.031857844442129135,0.031857844442129135,944,0.0,0.0
2005-12-14 00:00:00+08:00,0.03353457525372505,0.03353457525372505,0.031857846078014694,0.03353457525372505,707,0.0,0.0
2005-12-15 00:00:00+08:00,0.03353457525372505,0.03353457525372505,0.031857846078014694,0.03353457525372505,3999,0.0,0.0
2005-12-16 00:00:00+08:00,0.03353457525372505,0.03521130167594138,0.031857846078014694,0.03353457525372505,2807,0.0,0.0
2005-12-19 00:00:00+08:00,0.03353457353174023,0.03353457353174023,0.031857844442129135,0.031857844442129135,2165,0.0,0.0
2005-12-20 00:00:00+08:00,0.031857844442129135,0.031857844442129135,0.031857844442129135,0.031857844442129135,653,0.0,0.0
2005-12-21 00:00:00+08:00,0.031857844442129135,0.031857844442129135,0.031857844442129135,0.031857844442129135,296,0.0,0.0
2005-12-22 00:00:00+08:00,0.031857844442129135,0.031857844442129135,0.031857844442129135,0.031857844442129135,273,0.0,0.0
2005-12-23 00:00:00+08:00,0.03185784459060393,0.03185784459060393,0.030181115493178368,0.030181115493178368,26,0.0,0.0
2005-12-27 00:00:00+08:00,0.031857844442129135,0.031857844442129135,0.031857844442129135,0.031857844442129135,200,0.0,0.0
2005-12-28 00:00:00+08:00,0.031857846078014694,0.03353457525372505,0.031857846078014694,0.03353457525372505,133,0.0,0.0
2005-12-29 00:00:00+08:00,0.031857844442129135,0.031857844442129135,0.031857844442129135,0.031857844442129135,214,0.0,0.0
2005-12-30 00:00:00+08:00,0.031857844442129135,0.031857844442129135,0.031857844442129135,0.031857844442129135,165,0.0,0.0
2006-01-03 00:00:00+08:00,0.031857846078014694,0.03353457525372505,0.031857846078014694,0.03353457525372505,1705,0.0,0.0
2006-01-04 00:00:00+08:00,0.03521130167594138,0.03521130167594138,0.031857846078014694,0.03353457525372505,1785,0.0,0.0
2006-01-05 00:00:00+08:00,0.03353457525372505,0.03521130167594138,0.031857846078014694,0.03353457525372505,840,0.0,0.0
2006-01-06 00:00:00+08:00,0.03353457525372505,0.03521130167594138,0.03353457525372505,0.03353457525372505,609,0.0,0.0
2006-01-09 00:00:00+08:00,0.03353457588619108,0.03521130234003067,0.03353457588619108,0.03521130234003067,2966,0.0,0.0
2006-01-10 00:00:00+08:00,0.03521130234003067,0.03521130234003067,0.03521130234003067,0.03521130234003067,0,0.0,0.0
2006-01-11 00:00:00+08:00,0.03353457525372505,0.03353457525372505,0.031857846078014694,0.03353457525372505,1919,0.0,0.0
2006-01-12 00:00:00+08:00,0.03353457525372505,0.03353457525372505,0.03353457525372505,0.03353457525372505,749,0.0,0.0
2006-01-13 00:00:00+08:00,0.03353457525372505,0.03353457525372505,0.03353457525372505,0.03353457525372505,834,0.0,0.0
2006-01-16 00:00:00+08:00,0.03353457525372505,0.03353457525372505,0.03353457525372505,0.03353457525372505,677,0.0,0.0
2006-01-17 00:00:00+08:00,0.03353457525372505,0.03353457525372505,0.031857846078014694,0.03353457525372505,1135,0.0,0.0
2006-01-18 00:00:00+08:00,0.03353457353174023,0.03353457353174023,0.031857844442129135,0.031857844442129135,480,0.0,0.0
2006-01-19 00:00:00+08:00,0.03353457588619108,0.03521130234003067,0.03353457588619108,0.03521130234003067,330,0.0,0.0
2006-01-20 00:00:00+08:00,0.03353457525372505,0.03353457525372505,0.03353457525372505,0.03353457525372505,588,0.0,0.0
2006-01-23 00:00:00+08:00,0.031857844442129135,0.03353457353174023,0.031857844442129135,0.031857844442129135,321,0.0,0.0
2006-01-24 00:00:00+08:00,0.03353457525372505,0.03353457525372505,0.03353457525372505,0.03353457525372505,439,0.0,0.0
2006-01-25 00:00:00+08:00,0.03353457525372505,0.03353457525372505,0.031857846078014694,0.03353457525372505,625,0.0,0.0
2006-01-26 00:00:00+08:00,0.03353457525372505,0.03353457525372505,0.03353457525372505,0.03353457525372505,718,0.0,0.0
2006-01-27 00:00:00+08:00,0.03353457525372505,0.03353457525372505,0.03353457525372505,0.03353457525372505,225,0.0,0.0
2006-01-30 00:00:00+08:00,0.03353457525372505,0.03353457525372505,0.03353457525372505,0.03353457525372505,0,0.0,0.0
2006-01-31 00:00:00+08:00,0.03353457525372505,0.03353457525372505,0.03353457525372505,0.03353457525372505,0,0.0,0.0
2006-02-01 00:00:00+08:00,0.03353457525372505,0.03353457525372505,0.03353457525372505,0.03353457525372505,995,0.0,0.0
2006-02-02 00:00:00+08:00,0.03353457525372505,0.03521130167594138,0.03353457525372505,0.03353457525372505,952,0.0,0.0
2006-02-03 00:00:00+08:00,0.03353457588619108,0.03521130234003067,0.03353457588619108,0.03521130234003067,455,0.0,0.0
2006-02-06 00:00:00+08:00,0.03353456895806351,0.03856475278735161,0.03353456895806351,0.03856475278735161,4103,0.0,0.0
2006-02-07 00:00:00+08:00,0.03856475822681227,0.040241487324237823,0.03856475822681227,0.040241487324237823,5271,0.0,0.0
2006-02-08 00:00:00+08:00,0.040241487324237823,0.040241487324237823,0.036888029129386705,0.040241487324237823,2046,0.0,0.0
2006-02-09 00:00:00+08:00,0.045272041112184525,0.04694877011803626,0.043595312106332794,0.045272041112184525,14071,0.0,0.0
2006-02-10 00:00:00+08:00,0.04527205084269777,0.04527205084269777,0.04191859211022123,0.0435953214764595,2781,0.0,0.0
2006-02-13 00:00:00+08:00,0.04527205084269777,0.04527205084269777,0.04191859211022123,0.0435953214764595,2629,0.0,0.0
2006-02-14 00:00:00+08:00,0.04191858321428299,0.04191858321428299,0.038564756225311775,0.04191858321428299,2815,0.0,0.0
2006-02-15 00:00:00+08:00,0.04191857947733679,0.04191857947733679,0.03856475278735161,0.03856475278735161,1465,0.0,0.0
2006-02-16 00:00:00+08:00,0.03856475822681227,0.041918585389846205,0.03856475822681227,0.040241487324237823,1635,0.0,0.0
2006-02-17 00:00:00+08:00,0.04024148164827881,0.04024148164827881,0.03856475278735161,0.03856475278735161,828,0.0,0.0
2006-02-20 00:00:00+08:00,0.04024148164827881,0.04024148164827881,0.03856475278735161,0.03856475278735161,1711,0.0,0.0
2006-02-21 00:00:00+08:00,0.040241487324237823,0.041918585389846205,0.040241487324237823,0.040241487324237823,1199,0.0,0.0
2006-02-22 00:00:00+08:00,0.040241487324237823,0.040241487324237823,0.03856475822681227,0.040241487324237823,1125,0.0,0.0
2006-02-23 00:00:00+08:00,0.040241487324237823,0.040241487324237823,0.040241487324237823,0.040241487324237823,855,0.0,0.0
2006-02-24 00:00:00+08:00,0.040241487324237823,0.040241487324237823,0.040241487324237823,0.040241487324237823,179,0.0,0.0
2006-02-27 00:00:00+08:00,0.040241485235715545,0.04191858321428299,0.040241485235715545,0.04191858321428299,196,0.0,0.0
2006-02-28 00:00:00+08:00,0.040241487324237823,0.040241487324237823,0.040241487324237823,0.040241487324237823,1109,0.0,0.0
2006-03-01 00:00:00+08:00,0.040241487324237823,0.040241487324237823,0.040241487324237823,0.040241487324237823,498,0.0,0.0
2006-03-02 00:00:00+08:00,0.04024148164827881,0.04024148164827881,0.03856475278735161,0.03856475278735161,416,0.0,0.0
2006-03-03 00:00:00+08:00,0.03856475822681227,0.040241487324237823,0.03856475822681227,0.040241487324237823,101,0.0,0.0
2006-03-06 00:00:00+08:00,0.040241487324237823,0.040241487324237823,0.03856475822681227,0.040241487324237823,1031,0.0,0.0
2006-03-07 00:00:00+08:00,0.04191858321428299,0.04191858321428299,0.040241485235715545,0.04191858321428299,2845,0.0,0.0
2006-03-08 00:00:00+08:00,0.04191858321428299,0.043595312224686766,0.040241485235715545,0.04191858321428299,1053,0.0,0.0
2006-03-09 00:00:00+08:00,0.04191858321428299,0.04191858321428299,0.04191858321428299,0.04191858321428299,247,0.0,0.0
2006-03-10 00:00:00+08:00,0.040241487324237823,0.041918585389846205,0.040241487324237823,0.040241487324237823,423,0.0,0.0
2006-03-13 00:00:00+08:00,0.04191859211022123,0.0435953214764595,0.04191859211022123,0.0435953214764595,3319,0.0,0.0
2006-03-14 00:00:00+08:00,0.041918585389846205,0.04359531448727176,0.040241487324237823,0.040241487324237823,2143,0.0,0.0
2006-03-15 00:00:00+08:00,0.040241485235715545,0.04191858321428299,0.040241485235715545,0.04191858321428299,1181,0.0,0.0
2006-03-16 00:00:00+08:00,0.04191858321428299,0.04191858321428299,0.040241485235715545,0.04191858321428299,517,0.0,0.0
2006-03-17 00:00:00+08:00,0.04191859211022123,0.0435953214764595,0.04191859211022123,0.0435953214764595,815,0.0,0.0
2006-03-20 00:00:00+08:00,0.0435953214764595,0.0435953214764595,0.04191859211022123,0.0435953214764595,376,0.0,0.0
2006-03-21 00:00:00+08:00,0.04191859211022123,0.0435953214764595,0.04191859211022123,0.0435953214764595,369,0.0,0.0
2006-03-22 00:00:00+08:00,0.043595312224686766,0.043595312224686766,0.04191858321428299,0.04191858321428299,751,0.0,0.0
2006-03-23 00:00:00+08:00,0.041918584712754114,0.04862550099412254,0.041918584712754114,0.04694877192378044,11249,0.0,0.0
2006-03-24 00:00:00+08:00,0.048625505544790164,0.05365568771958351,0.048625505544790164,0.05365568771958351,15137,0.0,0.0
2006-03-27 00:00:00+08:00,0.05365568525322837,0.058685872703790665,0.05365568525322837,0.058685872703790665,17092,0.0,0.0
2006-03-28 00:00:00+08:00,0.0586858652285281,0.0586858652285281,0.05365567841869874,0.05533240735530853,5712,0.0,0.0
2006-03-29 00:00:00+08:00,0.05365568771958351,0.05365568771958351,0.05197896399931121,0.05365568771958351,3876,0.0,0.0
2006-03-30 00:00:00+08:00,0.05365568771958351,0.05365568771958351,0.05365568771958351,0.05365568771958351,3689,0.0,0.0
2006-03-31 00:00:00+08:00,0.05365568771958351,0.055332416946844036,0.05365568771958351,0.05365568771958351,2301,0.0,0.0
2006-04-03 00:00:00+08:00,0.05365568771958351,0.055332416946844036,0.05197896399931121,0.05365568771958351,2355,0.0,0.0
2006-04-04 00:00:00+08:00,0.055332415599258784,0.055332415599258784,0.050302233546972275,0.050302233546972275,3074,0.0,0.0
2006-04-05 00:00:00+08:00,0.05197896399931121,0.055332416946844036,0.05197896399931121,0.05365568771958351,4026,0.0,0.0
2006-04-06 00:00:00+08:00,0.0536556880904293,0.0536556880904293,0.05197896435856819,0.05197896435856819,1341,0.0,0.0
2006-04-07 00:00:00+08:00,0.05197896399931121,0.05365568771958351,0.05030223477205069,0.05365568771958351,2128,0.0,0.0
2006-04-10 00:00:00+08:00,0.05365568771958351,0.05365568771958351,0.05030223477205069,0.05365568771958351,1539,0.0,0.0
2006-04-11 00:00:00+08:00,0.05197896161002891,0.0603626018539781,0.05197896161002891,0.058685872703790665,18776,0.0,0.0
2006-04-12 00:00:00+08:00,0.058685872703790665,0.058685872703790665,0.055332414403415804,0.058685872703790665,3017,0.0,0.0
2006-04-13 00:00:00+08:00,0.057009149342775345,0.057009149342775345,0.055332420022319195,0.057009149342775345,1660,0.0,0.0
2006-04-14 00:00:00+08:00,0.057009149342775345,0.057009149342775345,0.057009149342775345,0.057009149342775345,0,0.0,0.0
2006-04-17 00:00:00+08:00,0.057009149342775345,0.057009149342775345,0.055332420022319195,0.057009149342775345,2297,0.0,0.0
2006-04-18 00:00:00+08:00,0.055332414403415804,0.06203933100416553,0.055332414403415804,0.058685872703790665,10964,0.0,0.0
2006-04-19 00:00:00+08:00,0.060362607983687644,0.060362607983687644,0.055332420022319195,0.057009149342775345,5446,0.0,0.0
2006-04-20 00:00:00+08:00,0.057009149342775345,0.057009149342775345,0.055332420022319195,0.057009149342775345,2866,0.0,0.0
2006-04-21 00:00:00+08:00,0.057009149342775345,0.057009149342775345,0.055332420022319195,0.057009149342775345,1423,0.0,0.0
2006-04-24 00:00:00+08:00,0.057009149342775345,0.057009149342775345,0.057009149342775345,0.057009149342775345,2528,0.0,0.0
2006-04-25 00:00:00+08:00,0.055332407355308526,0.055332407355308526,0.05365567841869874,0.05533240735530853,2636079,0.0,0.0
2006-04-26 00:00:00+08:00,0.055332416946844036,0.055332416946844036,0.05365568771958351,0.05365568771958351,943346,0.0,0.0
2006-04-27 00:00:00+08:00,0.05365567841869874,0.055332407355308526,0.05365567841869874,0.05533240735530853,2120,0.0,0.0
2006-04-28 00:00:00+08:00,0.055332407355308526,0.055332407355308526,0.05365567841869874,0.05533240735530853,1049,0.0,0.0
2006-05-01 00:00:00+08:00,0.055332407355308526,0.055332407355308526,0.055332407355308526,0.05533240735530853,0,0.0,0.0
2006-05-02 00:00:00+08:00,0.05365567841869874,0.055332407355308526,0.05365567841869874,0.05533240735530853,1388,0.0,0.0
2006-05-03 00:00:00+08:00,0.05700913629191832,0.0586858652285281,0.055332407355308526,0.05533240735530853,9403,0.0,0.0
2006-05-04 00:00:00+08:00,0.055332416946844036,0.05700914617410456,0.05365568771958351,0.05365568771958351,1497,0.0,0.0
2006-05-05 00:00:00+08:00,0.05365568771958351,0.055332416946844036,0.05030223477205069,0.05365568771958351,4129,0.0,0.0
2006-05-08 00:00:00+08:00,0.05197896435856819,0.05197896435856819,0.05030223511971881,0.05197896435856819,1044,0.0,0.0
2006-05-09 00:00:00+08:00,0.05197896399931121,0.05365568771958351,0.05197896399931121,0.05365568771958351,2807,0.0,0.0
2006-05-10 00:00:00+08:00,0.0536556880904293,0.0536556880904293,0.05197896435856819,0.05197896435856819,1246,0.0,0.0
2006-05-11 00:00:00+08:00,0.05197896399931121,0.05365568771958351,0.05197896399931121,0.05365568771958351,1973,0.0,0.0
2006-05-12 00:00:00+08:00,0.05365568771958351,0.05365568771958351,0.05365568771958351,0.05365568771958351,0,0.0,0.0
2006-05-15 00:00:00+08:00,0.0536556880904293,0.0536556880904293,0.05030223511971881,0.05197896435856819,1796,0.0,0.0
2006-05-16 00:00:00+08:00,0.05197896099614616,0.05197896099614616,0.04694877360499146,0.04862550273537636,3064,0.0,0.0
2006-05-17 00:00:00+08:00,0.048625504360547404,0.050302233546972275,0.048625504360547404,0.050302233546972275,832,0.0,0.0
2006-05-18 00:00:00+08:00,0.04862550273537636,0.04862550273537636,0.04694877360499146,0.04862550273537636,1135101,0.0,0.0
2006-05-19 00:00:00+08:00,0.04862550273537636,0.04862550273537636,0.04694877360499146,0.04862550273537636,623754,0.0,0.0
2006-05-22 00:00:00+08:00,0.048625499123888,0.048625499123888,0.043595312106332794,0.045272041112184525,2877,0.0,0.0
2006-05-23 00:00:00+08:00,0.043595312106332794,0.04694877011803626,0.041918583100481056,0.045272041112184525,1764,0.0,0.0
2006-05-24 00:00:00+08:00,0.045272041112184525,0.045272041112184525,0.045272041112184525,0.045272041112184525,319,0.0,0.0
2006-05-25 00:00:00+08:00,0.043595312224686766,0.045272041235090536,0.04191858321428299,0.04191858321428299,1611,0.0,0.0
2006-05-26 00:00:00+08:00,0.041918583100481056,0.045272041112184525,0.041918583100481056,0.045272041112184525,1007,0.0,0.0
2006-05-29 00:00:00+08:00,0.0435953214764595,0.0435953214764595,0.04191859211022123,0.0435953214764595,738366,0.0,0.0
2006-05-30 00:00:00+08:00,0.043595312106332794,0.045272041112184525,0.041918583100481056,0.045272041112184525,416,0.0,0.0
2006-05-31 00:00:00+08:00,0.041918583100481056,0.045272041112184525,0.041918583100481056,0.045272041112184525,269,0.0,0.0
2006-06-01 00:00:00+08:00,0.04191859211022123,0.0435953214764595,0.04191859211022123,0.0435953214764595,245,0.0,0.0
2006-06-02 00:00:00+08:00,0.043595312106332794,0.045272041112184525,0.043595312106332794,0.045272041112184525,298,0.0,0.0
2006-06-05 00:00:00+08:00,0.0435953214764595,0.0435953214764595,0.0435953214764595,0.0435953214764595,79,0.0,0.0
2006-06-06 00:00:00+08:00,0.04191858321428299,0.043595312224686766,0.04191858321428299,0.04191858321428299,113,0.0,0.0
2006-06-07 00:00:00+08:00,0.04191859211022123,0.0435953214764595,0.04191859211022123,0.0435953214764595,240,0.0,0.0
2006-06-08 00:00:00+08:00,0.041918585389846205,0.041918585389846205,0.040241487324237823,0.040241487324237823,618,0.0,0.0
2006-06-09 00:00:00+08:00,0.040241485235715545,0.04191858321428299,0.038564756225311775,0.04191858321428299,746,0.0,0.0
2006-06-12 00:00:00+08:00,0.040241485235715545,0.04191858321428299,0.040241485235715545,0.04191858321428299,50,0.0,0.0
2006-06-13 00:00:00+08:00,0.040241485235715545,0.04191858321428299,0.040241485235715545,0.04191858321428299,346,0.0,0.0
2006-06-14 00:00:00+08:00,0.04024148164827881,0.04024148164827881,0.03856475278735161,0.03856475278735161,125,0.0,0.0
2006-06-15 00:00:00+08:00,0.040241487324237823,0.041918585389846205,0.040241487324237823,0.040241487324237823,132,0.0,0.0
2006-06-16 00:00:00+08:00,0.04191858321428299,0.04191858321428299,0.040241485235715545,0.04191858321428299,585,0.0,0.0
2006-06-19 00:00:00+08:00,0.04191858321428299,0.04191858321428299,0.04191858321428299,0.04191858321428299,111,0.0,0.0
2006-06-20 00:00:00+08:00,0.040241485235715545,0.04191858321428299,0.040241485235715545,0.04191858321428299,163,0.0,0.0
2006-06-21 00:00:00+08:00,0.040241485235715545,0.04191858321428299,0.040241485235715545,0.04191858321428299,125,0.0,0.0
2006-06-22 00:00:00+08:00,0.040241493775740995,0.0435953214764595,0.040241493775740995,0.0435953214764595,393,0.0,0.0
2006-06-23 00:00:00+08:00,0.041918583100481056,0.045272041112184525,0.041918583100481056,0.045272041112184525,791,0.0,0.0
2006-06-26 00:00:00+08:00,0.04191859211022123,0.0435953214764595,0.04191859211022123,0.0435953214764595,374,0.0,0.0
2006-06-27 00:00:00+08:00,0.0435953214764595,0.0435953214764595,0.0435953214764595,0.0435953214764595,136,0.0,0.0
2006-06-28 00:00:00+08:00,0.0435953214764595,0.0435953214764595,0.0435953214764595,0.0435953214764595,71,0.0,0.0
2006-06-29 00:00:00+08:00,0.04527204285343833,0.04694877192378044,0.04527204285343833,0.04694877192378044,2037,0.0,0.0
2006-06-30 00:00:00+08:00,0.04694877192378044,0.04862550099412254,0.04527204285343833,0.04694877192378044,832,0.0,0.0
2006-07-03 00:00:00+08:00,0.045272041112184525,0.045272041112184525,0.043595312106332794,0.045272041112184525,260,0.0,0.0
2006-07-04 00:00:00+08:00,0.04527205084269777,0.04694878020893603,0.04191859211022123,0.0435953214764595,1784,0.0,0.0
2006-07-05 00:00:00+08:00,0.0435953214764595,0.0435953214764595,0.04191859211022123,0.0435953214764595,144,0.0,0.0
2006-07-06 00:00:00+08:00,0.0435953214764595,0.0435953214764595,0.0435953214764595,0.0435953214764595,525,0.0,0.0
2006-07-07 00:00:00+08:00,0.043595312106332794,0.045272041112184525,0.043595312106332794,0.045272041112184525,107,0.0,0.0
2006-07-10 00:00:00+08:00,0.043595312106332794,0.045272041112184525,0.041918583100481056,0.045272041112184525,655,0.0,0.0
2006-07-11 00:00:00+08:00,0.0435953214764595,0.0435953214764595,0.0435953214764595,0.0435953214764595,297,0.0,0.0
2006-07-12 00:00:00+08:00,0.04191858321428299,0.043595312224686766,0.04191858321428299,0.04191858321428299,215,0.0,0.0
2006-07-13 00:00:00+08:00,0.04191858321428299,0.043595312224686766,0.04191858321428299,0.04191858321428299,957,0.0,0.0
2006-07-14 00:00:00+08:00,0.040241485235715545,0.04191858321428299,0.040241485235715545,0.04191858321428299,275,0.0,0.0
2006-07-17 00:00:00+08:00,0.040241485235715545,0.04191858321428299,0.040241485235715545,0.04191858321428299,312,0.0,0.0
2006-07-18 00:00:00+08:00,0.041918585389846205,0.041918585389846205,0.040241487324237823,0.040241487324237823,89,0.0,0.0
2006-07-19 00:00:00+08:00,0.04191858321428299,0.04191858321428299,0.04191858321428299,0.04191858321428299,159,0.0,0.0
2006-07-20 00:00:00+08:00,0.043595312224686766,0.043595312224686766,0.04191858321428299,0.04191858321428299,242,0.0,0.0
2006-07-21 00:00:00+08:00,0.04191859211022123,0.0435953214764595,0.04191859211022123,0.0435953214764595,447,0.0,0.0
2006-07-24 00:00:00+08:00,0.041918585389846205,0.041918585389846205,0.040241487324237823,0.040241487324237823,1012,0.0,0.0
2006-07-25 00:00:00+08:00,0.04191859211022123,0.0435953214764595,0.04191859211022123,0.0435953214764595,41,0.0,0.0
2006-07-26 00:00:00+08:00,0.04191859211022123,0.0435953214764595,0.04191859211022123,0.0435953214764595,229224,0.0,0.0
2006-07-27 00:00:00+08:00,0.0435953214764595,0.04527205084269777,0.04191859211022123,0.0435953214764595,278816,0.0,0.0
2006-07-28 00:00:00+08:00,0.04191859211022123,0.0435953214764595,0.04191859211022123,0.0435953214764595,684,0.0,0.0
2006-07-31 00:00:00+08:00,0.043595312224686766,0.043595312224686766,0.040241485235715545,0.04191858321428299,916,0.0,0.0
2006-08-01 00:00:00+08:00,0.04191858321428299,0.04191858321428299,0.04191858321428299,0.04191858321428299,147,0.0,0.0
2006-08-02 00:00:00+08:00,0.04191858321428299,0.043595312224686766,0.04191858321428299,0.04191858321428299,393,0.0,0.0
2006-08-03 00:00:00+08:00,0.04191859211022123,0.0435953214764595,0.04191859211022123,0.0435953214764595,359,0.0,0.0
2006-08-04 00:00:00+08:00,0.043595312106332794,0.04694877011803626,0.043595312106332794,0.045272041112184525,3421,0.0,0.0
2006-08-07 00:00:00+08:00,0.04527205084269777,0.04527205084269777,0.0435953214764595,0.0435953214764595,317,0.0,0.0
2006-08-08 00:00:00+08:00,0.0435953214764595,0.0435953214764595,0.0435953214764595,0.0435953214764595,196,0.0,0.0
2006-08-09 00:00:00+08:00,0.0435953214764595,0.0435953214764595,0.0435953214764595,0.0435953214764595,0,0.0,0.0
2006-08-10 00:00:00+08:00,0.0435953214764595,0.0435953214764595,0.04191859211022123,0.0435953214764595,253,0.0,0.0
2006-08-11 00:00:00+08:00,0.043595312224686766,0.043595312224686766,0.04191858321428299,0.04191858321428299,95,0.0,0.0
2006-08-14 00:00:00+08:00,0.043595312106332794,0.045272041112184525,0.043595312106332794,0.045272041112184525,504,0.0,0.0
2006-08-15 00:00:00+08:00,0.04527205084269777,0.04694878020893603,0.0435953214764595,0.0435953214764595,2194,0.0,0.0
2006-08-16 00:00:00+08:00,0.04527205084269777,0.04527205084269777,0.04191859211022123,0.0435953214764595,699,0.0,0.0
2006-08-17 00:00:00+08:00,0.04527205084269777,0.04527205084269777,0.04191859211022123,0.0435953214764595,510,0.0,0.0
2006-08-18 00:00:00+08:00,0.0435953214764595,0.0435953214764595,0.0435953214764595,0.0435953214764595,133,0.0,0.0
2006-08-21 00:00:00+08:00,0.0435953214764595,0.04527205084269777,0.0435953214764595,0.0435953214764595,610,0.0,0.0
2006-08-22 00:00:00+08:00,0.0435953214764595,0.0435953214764595,0.0435953214764595,0.0435953214764595,425,0.0,0.0
2006-08-23 00:00:00+08:00,0.045272041112184525,0.045272041112184525,0.045272041112184525,0.045272041112184525,55,0.0,0.0
2006-08-24 00:00:00+08:00,0.04527205084269777,0.04527205084269777,0.0435953214764595,0.0435953214764595,187,0.0,0.0
2006-08-25 00:00:00+08:00,0.04694877192378044,0.04862550099412254,0.04694877192378044,0.04694877192378044,5456,0.0,0.0
2006-08-28 00:00:00+08:00,0.04527204285343833,0.04694877192378044,0.04527204285343833,0.04694877192378044,503,0.0,0.0
2006-08-29 00:00:00+08:00,0.045272041112184525,0.045272041112184525,0.043595312106332794,0.045272041112184525,351,0.0,0.0
2006-08-30 00:00:00+08:00,0.045272041112184525,0.045272041112184525,0.045272041112184525,0.045272041112184525,472,0.0,0.0
2006-08-31 00:00:00+08:00,0.045272041112184525,0.045272041112184525,0.045272041112184525,0.045272041112184525,57,0.0,0.0
2006-09-01 00:00:00+08:00,0.045272041112184525,0.04694877011803626,0.045272041112184525,0.045272041112184525,404,0.0,0.0
2006-09-04 00:00:00+08:00,0.045272041112184525,0.045272041112184525,0.045272041112184525,0.045272041112184525,883,0.0,0.0
2006-09-05 00:00:00+08:00,0.045272041112184525,0.045272041112184525,0.045272041112184525,0.045272041112184525,678,0.0,0.0
2006-09-06 00:00:00+08:00,0.045272041112184525,0.045272041112184525,0.045272041112184525,0.045272041112184525,654,0.0,0.0
2006-09-07 00:00:00+08:00,0.045272041112184525,0.04694877011803626,0.045272041112184525,0.045272041112184525,245,0.0,0.0
2006-09-08 00:00:00+08:00,0.04694877192378044,0.04862550099412254,0.04527204285343833,0.04694877192378044,2196,0.0,0.0
2006-09-11 00:00:00+08:00,0.04694877360499146,0.050302231865761264,0.04694877360499146,0.04862550273537636,3092,0.0,0.0
2006-09-12 00:00:00+08:00,0.04694877192378044,0.04694877192378044,0.04694877192378044,0.04694877192378044,484,0.0,0.0
2006-09-13 00:00:00+08:00,0.04862550099412254,0.04862550099412254,0.04694877192378044,0.04694877192378044,376,0.0,0.0
2006-09-14 00:00:00+08:00,0.04862550099412254,0.04862550099412254,0.04694877192378044,0.04694877192378044,541,0.0,0.0
2006-09-15 00:00:00+08:00,0.04694877192378044,0.04694877192378044,0.04694877192378044,0.04694877192378044,1358,0.0,0.0
2006-09-18 00:00:00+08:00,0.04862550273537636,0.04862550273537636,0.04694877360499146,0.04862550273537636,1061,0.0,0.0
2006-09-19 00:00:00+08:00,0.04694877192378044,0.04694877192378044,0.04694877192378044,0.04694877192378044,599,0.0,0.0
2006-09-20 00:00:00+08:00,0.04694877192378044,0.04694877192378044,0.04527204285343833,0.04694877192378044,865,0.0,0.0
2006-09-21 00:00:00+08:00,0.04694877192378044,0.04694877192378044,0.04527204285343833,0.04694877192378044,207,0.0,0.0
2006-09-22 00:00:00+08:00,0.04694877192378044,0.04694877192378044,0.04527204285343833,0.04694877192378044,670,0.0,0.0
2006-09-25 00:00:00+08:00,0.04694877192378044,0.04694877192378044,0.04694877192378044,0.04694877192378044,403,0.0,0.0
2006-09-26 00:00:00+08:00,0.04694877192378044,0.04694877192378044,0.04527204285343833,0.04694877192378044,2161,0.0,0.0
2006-09-27 00:00:00+08:00,0.046948775174122534,0.05197896273339714,0.046948775174122534,0.050302233546972275,6208,0.0,0.0
2006-09-28 00:00:00+08:00,0.050302233546972275,0.05197896273339714,0.048625504360547404,0.050302233546972275,4078,0.0,0.0
2006-09-29 00:00:00+08:00,0.050302231865761264,0.050302231865761264,0.04694877360499146,0.04862550273537636,1665,0.0,0.0
2006-10-02 00:00:00+08:00,0.04862550273537636,0.04862550273537636,0.04694877360499146,0.04862550273537636,665,0.0,0.0
2006-10-03 00:00:00+08:00,0.04862550588086943,0.05197896435856819,0.04862550588086943,0.05197896435856819,4677,0.0,0.0
2006-10-04 00:00:00+08:00,0.05197896435856819,0.05197896435856819,0.04862550588086943,0.05197896435856819,3288,0.0,0.0
2006-10-05 00:00:00+08:00,0.05030223511971881,0.05197896435856819,0.05030223511971881,0.05197896435856819,3449,0.0,0.0
2006-10-06 00:00:00+08:00,0.050302233546972275,0.050302233546972275,0.050302233546972275,0.050302233546972275,1056,0.0,0.0
2006-10-09 00:00:00+08:00,0.050302233546972275,0.050302233546972275,0.050302233546972275,0.050302233546972275,1416,0.0,0.0
2006-10-10 00:00:00+08:00,0.05030223511971881,0.05197896435856819,0.05030223511971881,0.05197896435856819,3482,0.0,0.0
2006-10-11 00:00:00+08:00,0.05197896435856819,0.0536556880904293,0.05030223511971881,0.05197896435856819,2236,0.0,0.0
2006-10-12 00:00:00+08:00,0.051978966888395435,0.057009149342775345,0.051978966888395435,0.057009149342775345,9421,0.0,0.0
2006-10-13 00:00:00+08:00,0.05700913629191832,0.0586858652285281,0.055332407355308526,0.05533240735530853,13447,0.0,0.0
2006-10-16 00:00:00+08:00,0.05700913629191832,0.05700913629191832,0.05365567841869874,0.05533240735530853,3082,0.0,0.0
2006-10-17 00:00:00+08:00,0.055332407355308526,0.05700913629191832,0.05197895498907623,0.05533240735530853,2875,0.0,0.0
2006-10-18 00:00:00+08:00,0.05365568771958351,0.055332416946844036,0.05365568771958351,0.05365568771958351,2056,0.0,0.0
2006-10-19 00:00:00+08:00,0.05365568771958351,0.05365568771958351,0.05365568771958351,0.05365568771958351,1181386,0.0,0.0
2006-10-20 00:00:00+08:00,0.0536556880904293,0.0536556880904293,0.05197896435856819,0.05197896435856819,778,0.0,0.0
2006-10-23 00:00:00+08:00,0.05365568771958351,0.05365568771958351,0.05197896399931121,0.05365568771958351,2476,0.0,0.0
2006-10-24 00:00:00+08:00,0.05365568771958351,0.05365568771958351,0.05365568771958351,0.05365568771958351,0,0.0,0.0
2006-10-25 00:00:00+08:00,0.05365568771958351,0.05365568771958351,0.05365568771958351,0.05365568771958351,321,0.0,0.0
2006-10-26 00:00:00+08:00,0.055332407355308526,0.05700913629191832,0.05365567841869874,0.05533240735530853,4184,0.0,0.0
2006-10-27 00:00:00+08:00,0.055332416946844036,0.055332416946844036,0.05365568771958351,0.05365568771958351,968,0.0,0.0
2006-10-30 00:00:00+08:00,0.05365568771958351,0.055332416946844036,0.05197896399931121,0.05365568771958351,3010,0.0,0.0
2006-10-31 00:00:00+08:00,0.05365568771958351,0.05365568771958351,0.05197896399931121,0.05365568771958351,698,0.0,0.0
2006-11-01 00:00:00+08:00,0.05365569070186305,0.057009149342775345,0.05365569070186305,0.057009149342775345,9872,0.0,0.0
2006-11-02 00:00:00+08:00,0.055332407355308526,0.05700913629191832,0.055332407355308526,0.05533240735530853,3260,0.0,0.0
2006-11-03 00:00:00+08:00,0.057244089964880264,0.06244806499587808,0.05550943162121432,0.06071340665221214,13804,0.005,0.0
2006-11-06 00:00:00+08:00,0.062448077294271064,0.06418273597955704,0.06071341860898509,0.06418273597955704,10941,0.0,0.0
2006-11-07 00:00:00+08:00,0.06418273174949024,0.06591739032045073,0.06071341460756925,0.06244807317852974,11519,0.0,0.0
2006-11-08 00:00:00+08:00,0.06244806816516796,0.06244806816516796,0.05897875130176544,0.05897875130176544,5807,0.0,0.0
2006-11-09 00:00:00+08:00,0.05897875130176544,0.05897875130176544,0.057244092870064184,0.05897875130176544,2179,0.0,0.0
2006-11-10 00:00:00+08:00,0.057244092870064184,0.05897875130176544,0.057244092870064184,0.05897875130176544,2514,0.0,0.0
2006-11-13 00:00:00+08:00,0.05724409538344558,0.058978753891309424,0.05550943687558174,0.05550943687558174,1007,0.0,0.0
2006-11-14 00:00:00+08:00,0.05724409222602844,0.05724409222602844,0.05724409222602844,0.05724409222602844,2525,0.0,0.0
2006-11-15 00:00:00+08:00,0.05724409222602844,0.05724409222602844,0.05724409222602844,0.05724409222602844,1061,0.0,0.0
2006-11-16 00:00:00+08:00,0.05724409222602844,0.05724409222602844,0.0555094338138433,0.05724409222602844,920,0.0,0.0
2006-11-17 00:00:00+08:00,0.05724409222602844,0.05724409222602844,0.0555094338138433,0.05724409222602844,1727,0.0,0.0
2006-11-20 00:00:00+08:00,0.057244092679754964,0.057244092679754964,0.0520401230992007,0.05377478152513504,4164,0.0,0.0
2006-11-21 00:00:00+08:00,0.05377478109890688,0.05724409222602844,0.05377478109890688,0.05724409222602844,2323,0.0,0.0
2006-11-22 00:00:00+08:00,0.0555094338138433,0.05724409222602844,0.05377478109890688,0.05724409222602844,805,0.0,0.0
2006-11-23 00:00:00+08:00,0.055509434253820614,0.057244092679754964,0.05377478152513504,0.05377478152513504,2921,0.0,0.0
2006-11-24 00:00:00+08:00,0.05377478152513504,0.055509434253820614,0.05377478152513504,0.05377478152513504,3046,0.0,0.0
2006-11-27 00:00:00+08:00,0.05377478406496694,0.05550943687558174,0.05377478406496694,0.05550943687558174,1378,0.0,0.0
2006-11-28 00:00:00+08:00,0.05377478152513504,0.05377478152513504,0.05377478152513504,0.05377478152513504,3042,0.0,0.0
2006-11-29 00:00:00+08:00,0.05377478152513504,0.05377478152513504,0.05377478152513504,0.05377478152513504,761,0.0,0.0
2006-11-30 00:00:00+08:00,0.05550943687558174,0.05724409538344558,0.05550943687558174,0.05550943687558174,4413,0.0,0.0
2006-12-01 00:00:00+08:00,0.055509434253820614,0.055509434253820614,0.05377478152513504,0.05377478152513504,2103,0.0,0.0
2006-12-04 00:00:00+08:00,0.0555094338138433,0.05724409222602844,0.0555094338138433,0.05724409222602844,1556,0.0,0.0
2006-12-05 00:00:00+08:00,0.057244097465648264,0.062448073178529746,0.057244097465648264,0.06244807317852974,18957,0.0,0.0
2006-12-06 00:00:00+08:00,0.06244806816516796,0.06244806816516796,0.057244092870064184,0.05897875130176544,5668,0.0,0.0
2006-12-07 00:00:00+08:00,0.05897875130176544,0.05897875130176544,0.057244092870064184,0.05897875130176544,2117018,0.0,0.0
2006-12-08 00:00:00+08:00,0.05724409222602844,0.05897875063821359,0.0555094338138433,0.05724409222602844,754,0.0,0.0
2006-12-11 00:00:00+08:00,0.05724409538344558,0.05724409538344558,0.05550943687558174,0.05550943687558174,1703753,0.0,0.0
2006-12-12 00:00:00+08:00,0.05724409538344558,0.05724409538344558,0.05550943687558174,0.05550943687558174,1292,0.0,0.0
2006-12-13 00:00:00+08:00,0.05550943687558174,0.05724409538344558,0.05377478406496694,0.05550943687558174,2552,0.0,0.0
2006-12-14 00:00:00+08:00,0.05550943687558174,0.05724409538344558,0.05550943687558174,0.05550943687558174,1416,0.0,0.0
2006-12-15 00:00:00+08:00,0.05550943687558174,0.05724409538344558,0.05550943687558174,0.05550943687558174,2318,0.0,0.0
2006-12-18 00:00:00+08:00,0.0555094338138433,0.05724409222602844,0.0555094338138433,0.05724409222602844,960,0.0,0.0
2006-12-19 00:00:00+08:00,0.05724409538344558,0.05724409538344558,0.05377478406496694,0.05550943687558174,1496,0.0,0.0
2006-12-20 00:00:00+08:00,0.0555094338138433,0.05724409222602844,0.0555094338138433,0.05724409222602844,4160,0.0,0.0
2006-12-21 00:00:00+08:00,0.05724409222602844,0.05724409222602844,0.0555094338138433,0.05724409222602844,1409,0.0,0.0
2006-12-22 00:00:00+08:00,0.05724409222602844,0.05897875063821359,0.05724409222602844,0.05724409222602844,1265,0.0,0.0
2006-12-26 00:00:00+08:00,0.05724409222602844,0.05724409222602844,0.05724409222602844,0.05724409222602844,591,0.0,0.0
2006-12-27 00:00:00+08:00,0.0589787483085462,0.06244806499587808,0.0589787483085462,0.06071340665221214,7519,0.0,0.0
2006-12-28 00:00:00+08:00,0.062448073178529746,0.062448073178529746,0.06071341460756925,0.06244807317852974,6399,0.0,0.0
2006-12-29 00:00:00+08:00,0.06244807060572521,0.06765204610420755,0.06071341210623109,0.06591738760471344,17968,0.0,0.0
2007-01-03 00:00:00+08:00,0.06765205413103104,0.06938671283634003,0.06591739542572204,0.06765205413103104,10769,0.0,0.0
2007-01-04 00:00:00+08:00,0.06765205335012899,0.06938671203541495,0.06418273597955704,0.06418273597955704,7511,0.0,0.0
2007-01-05 00:00:00+08:00,0.06418272910521933,0.06765204610420755,0.06418272910521933,0.06591738760471344,2498,0.0,0.0
2007-01-08 00:00:00+08:00,0.06591738380969155,0.08326396210869959,0.06591738380969155,0.07979464530944824,32649037,0.0,0.0
2007-01-09 00:00:00+08:00,0.08152931078462933,0.08326396933479807,0.07459067658395437,0.07805999368429184,16828,0.0,0.0
2007-01-10 00:00:00+08:00,0.07805999258426549,0.07805999258426549,0.07112136417861929,0.07459067553281784,6849,0.0,0.0
2007-01-11 00:00:00+08:00,0.07459067676478637,0.07632533531916048,0.07285602390766144,0.07285602390766144,7066,0.0,0.0
2007-01-12 00:00:00+08:00,0.07285602322935586,0.07632533460855484,0.07285602322935586,0.07632533460855484,7325,0.0,0.0
2007-01-15 00:00:00+08:00,0.07632532914315238,0.0832639627991962,0.07632532914315238,0.08152930438518524,17516,0.0,0.0
2007-01-16 00:00:00+08:00,0.0832639687614511,0.0832639687614511,0.07632533460855484,0.07632533460855484,7650,0.0,0.0
2007-01-17 00:00:00+08:00,0.07632533460855484,0.0780599931467789,0.07632533460855484,0.07632533460855484,4257,0.0,0.0
2007-01-18 00:00:00+08:00,0.07632533460855484,0.07979465168500297,0.07632533460855484,0.07632533460855484,4031,0.0,0.0
2007-01-19 00:00:00+08:00,0.0763253351341231,0.07805999368429184,0.0763253351341231,0.07805999368429184,3993,0.0,0.0
2007-01-22 00:00:00+08:00,0.07805998107587735,0.08846831241140912,0.0763253228058943,0.08673365414142609,21949,0.0,0.0
2007-01-23 00:00:00+08:00,0.08673366203218422,0.08673366203218422,0.08152930503312539,0.08326396346092224,8275,0.0,0.0
2007-01-24 00:00:00+08:00,0.08326395588582647,0.08846831241140912,0.08326395588582647,0.08673365414142609,12505,0.0,0.0
2007-01-25 00:00:00+08:00,0.086733660623613,0.086733660623613,0.07805998690982258,0.07979464530944824,8302,0.0,0.0
2007-01-26 00:00:00+08:00,0.07805998690982258,0.08152930370907392,0.07459067011057123,0.07979464530944824,4788,0.0,0.0
2007-01-29 00:00:00+08:00,0.08152931078462933,0.08152931078462933,0.07805999368429184,0.07805999368429184,3508,0.0,0.0
2007-01-30 00:00:00+08:00,0.0780599931467789,0.0780599931467789,0.07632533460855484,0.07632533460855484,2454,0.0,0.0
2007-01-31 00:00:00+08:00,0.07632533405854167,0.07805999258426549,0.07285602270434312,0.07459067553281784,3201,0.0,0.0
2007-02-01 00:00:00+08:00,0.07632533460855484,0.0780599931467789,0.07632533460855484,0.07632533460855484,6225,0.0,0.0
2007-02-02 00:00:00+08:00,0.07979465168500297,0.07979465168500297,0.07632533460855484,0.07632533460855484,2712,0.0,0.0
2007-02-05 00:00:00+08:00,0.07632533460855484,0.07979465168500297,0.07632533460855484,0.07632533460855484,3523,0.0,0.0
2007-02-06 00:00:00+08:00,0.0763253285101969,0.07979464530944824,0.07459067011057123,0.07979464530944824,4350,0.0,0.0
2007-02-07 00:00:00+08:00,0.07805999368429184,0.08326396933479807,0.07805999368429184,0.07805999368429184,10459,0.0,0.0
2007-02-08 00:00:00+08:00,0.07805999368429184,0.07979465223446058,0.0763253351341231,0.07805999368429184,1982,0.0,0.0
2007-02-09 00:00:00+08:00,0.07805999368429184,0.07805999368429184,0.0763253351341231,0.07805999368429184,2074,0.0,0.0
2007-02-12 00:00:00+08:00,0.07805999368429184,0.07805999368429184,0.0763253351341231,0.07805999368429184,1925,0.0,0.0
2007-02-13 00:00:00+08:00,0.07805999368429184,0.07805999368429184,0.0763253351341231,0.07805999368429184,3074,0.0,0.0
2007-02-14 00:00:00+08:00,0.0780599931467789,0.0780599931467789,0.07459067607033078,0.07632533460855484,4229,0.0,0.0
2007-02-15 00:00:00+08:00,0.07632533405854167,0.07632533405854167,0.07459067553281784,0.07459067553281784,1727,0.0,0.0
2007-02-16 00:00:00+08:00,0.07459067607033078,0.07632533460855484,0.07285602322935586,0.07632533460855484,1534,0.0,0.0
2007-02-21 00:00:00+08:00,0.07632533460855484,0.07632533460855484,0.07459067607033078,0.07632533460855484,2508,0.0,0.0
2007-02-22 00:00:00+08:00,0.07459067553281784,0.07632533405854167,0.07285602270434312,0.07459067553281784,2373,0.0,0.0
2007-02-23 00:00:00+08:00,0.07459067553281784,0.07632533405854167,0.07285602270434312,0.07459067553281784,2040978,0.0,0.0
2007-02-26 00:00:00+08:00,0.07459067676478637,0.07459067676478637,0.07285602390766144,0.07285602390766144,3155,0.0,0.0
2007-02-27 00:00:00+08:00,0.07285601498969199,0.07285601498969199,0.06765203996356427,0.06938669830560684,3016,0.0,0.0
2007-02-28 00:00:00+08:00,0.062448077294271064,0.065917394664843,0.058978759923699116,0.06418273597955704,4766,0.0,0.0
2007-03-01 00:00:00+08:00,0.06418273597955704,0.065917394664843,0.062448077294271064,0.06418273597955704,3753548,0.0,0.0
2007-03-02 00:00:00+08:00,0.06418273597955704,0.06418273597955704,0.062448077294271064,0.06418273597955704,1141,0.0,0.0
2007-03-05 00:00:00+08:00,0.062448067462583884,0.062448067462583884,0.05724409222602844,0.05724409222602844,2928,0.0,0.0
2007-03-06 00:00:00+08:00,0.057244089964880264,0.06244806499587808,0.057244089964880264,0.06071340665221214,1503,0.0,0.0
2007-03-07 00:00:00+08:00,0.06244806499587808,0.06418272333954401,0.06071340665221214,0.06071340665221214,1989,0.0,0.0
2007-03-08 00:00:00+08:00,0.057244097465648264,0.062448073178529746,0.057244097465648264,0.06244807317852974,1272,0.0,0.0
2007-03-09 00:00:00+08:00,0.06244806499587808,0.06244806499587808,0.06071340665221214,0.06071340665221214,1195,0.0,0.0
2007-03-12 00:00:00+08:00,0.062448073178529746,0.062448073178529746,0.062448073178529746,0.06244807317852974,1174,0.0,0.0
2007-03-13 00:00:00+08:00,0.062448073178529746,0.062448073178529746,0.06071341460756925,0.06244807317852974,597,0.0,0.0
2007-03-14 00:00:00+08:00,0.0607134097334667,0.0607134097334667,0.05897875130176544,0.05897875130176544,477,0.0,0.0
2007-03-15 00:00:00+08:00,0.06071340665221214,0.06071340665221214,0.06071340665221214,0.06071340665221214,811,0.0,0.0
2007-03-16 00:00:00+08:00,0.06071341460756925,0.062448073178529746,0.06071341460756925,0.06244807317852974,1338,0.0,0.0
2007-03-19 00:00:00+08:00,0.06244807060572521,0.06591738760471344,0.06071341210623109,0.06591738760471344,2734,0.0,0.0
2007-03-20 00:00:00+08:00,0.06591738760471344,0.06591738760471344,0.06418272910521933,0.06591738760471344,1418,0.0,0.0
2007-03-21 00:00:00+08:00,0.06591739542572204,0.06765205413103104,0.06591739542572204,0.06765205413103104,1186,0.0,0.0
2007-03-22 00:00:00+08:00,0.06938669830560684,0.07112135664764942,0.06765203996356427,0.06938669830560684,2590,0.0,0.0
2007-03-23 00:00:00+08:00,0.06938669830560684,0.06938669830560684,0.06765203996356427,0.06938669830560684,1033,0.0,0.0
2007-03-26 00:00:00+08:00,0.07112135738134384,0.07112135738134384,0.06938669902140637,0.07112135738134384,2207,0.0,0.0
2007-03-27 00:00:00+08:00,0.07112136417861929,0.07459067553281784,0.06938670565289547,0.07459067553281784,3788,0.0,0.0
2007-03-28 00:00:00+08:00,0.07285602390766144,0.07459067676478637,0.07112136535328732,0.07285602390766144,5055,0.0,0.0
2007-03-29 00:00:00+08:00,0.0728560237310348,0.07979465223446058,0.0728560237310348,0.07805999368429184,7960,0.0,0.0
2007-03-30 00:00:00+08:00,0.07979465223446058,0.07979465223446058,0.0763253351341231,0.07805999368429184,2058,0.0,0.0
2007-04-02 00:00:00+08:00,0.0780599931467789,0.0780599931467789,0.07632533460855484,0.07632533460855484,1870,0.0,0.0
2007-04-03 00:00:00+08:00,0.07805999368429184,0.07979465223446058,0.0763253351341231,0.07805999368429184,2294,0.0,0.0
2007-04-04 00:00:00+08:00,0.07979465168500297,0.07979465168500297,0.07632533460855484,0.07632533460855484,1662,0.0,0.0
2007-04-05 00:00:00+08:00,0.07632533460855484,0.07632533460855484,0.07459067607033078,0.07632533460855484,1669,0.0,0.0
2007-04-09 00:00:00+08:00,0.0763253351341231,0.07979465223446058,0.0763253351341231,0.07805999368429184,2910,0.0,0.0
2007-04-10 00:00:00+08:00,0.0780599931467789,0.0780599931467789,0.07632533460855484,0.07632533460855484,1178,0.0,0.0
2007-04-11 00:00:00+08:00,0.0763253351341231,0.07979465223446058,0.0763253351341231,0.07805999368429184,2637,0.0,0.0
2007-04-12 00:00:00+08:00,0.07805998817753168,0.08326396346092224,0.07632532974973481,0.08326396346092224,6835,0.0,0.0
2007-04-13 00:00:00+08:00,0.08326396210869959,0.08326396210869959,0.07805998690982258,0.07979464530944824,5946,0.0,0.0
2007-04-16 00:00:00+08:00,0.08152930438518524,0.08152930438518524,0.07979464597117429,0.08152930438518524,4458,0.0,0.0
2007-04-17 00:00:00+08:00,0.08326395588582647,0.08846831241140912,0.07979463934586038,0.08673365414142609,18472,0.0,0.0
2007-04-18 00:00:00+08:00,0.08846832888908866,0.09020298748216075,0.08499862998723984,0.08499862998723984,11273,0.0,0.0
2007-04-19 00:00:00+08:00,0.0849986218887191,0.0849986218887191,0.07979464660532853,0.08326396346092224,6724,0.0,0.0
2007-04-20 00:00:00+08:00,0.0849986141558095,0.08846831241140912,0.0849986141558095,0.08673365414142609,8437,0.0,0.0
2007-04-23 00:00:00+08:00,0.0902029715029451,0.0919376297887271,0.08673365493138108,0.08846831321716309,10442,0.0,0.0
2007-04-24 00:00:00+08:00,0.08673367029601656,0.08846832888908866,0.08499862998723984,0.08499862998723984,3796,0.0,0.0
2007-04-25 00:00:00+08:00,0.08673367029601656,0.08673367029601656,0.08499862998723984,0.08499862998723984,3610,0.0,0.0
2007-04-26 00:00:00+08:00,0.08673366203218422,0.08673366203218422,0.08326396346092224,0.08326396346092224,2447,0.0,0.0
2007-04-27 00:00:00+08:00,0.08326396346092224,0.0849986218887191,0.08152930503312539,0.08326396346092224,3266,0.0,0.0
2007-04-30 00:00:00+08:00,0.08326396346092224,0.08326396346092224,0.08152930503312539,0.08326396346092224,3889,0.0,0.0
2007-05-02 00:00:00+08:00,0.0832639627991962,0.0832639627991962,0.08152930438518524,0.08152930438518524,3354,0.0,0.0
2007-05-03 00:00:00+08:00,0.0832639627991962,0.0832639627991962,0.08152930438518524,0.08152930438518524,2599,0.0,0.0
2007-05-04 00:00:00+08:00,0.08152930438518524,0.0832639627991962,0.07979464597117429,0.08152930438518524,2595,0.0,0.0
2007-05-07 00:00:00+08:00,0.08152930438518524,0.08499862121320716,0.08152930438518524,0.08152930438518524,4674,0.0,0.0
2007-05-08 00:00:00+08:00,0.08152930438518524,0.08152930438518524,0.08152930438518524,0.08152930438518524,3136,0.0,0.0
2007-05-09 00:00:00+08:00,0.08152930503312539,0.08326396346092224,0.08152930503312539,0.08326396346092224,2965,0.0,0.0
2007-05-10 00:00:00+08:00,0.08326396346092224,0.0849986218887191,0.08152930503312539,0.08326396346092224,3663,0.0,0.0
2007-05-11 00:00:00+08:00,0.08152931280109565,0.08499862998723984,0.08152931280109565,0.08499862998723984,4898567,0.0,0.0
2007-05-14 00:00:00+08:00,0.0849986218887191,0.0849986218887191,0.08326396346092224,0.08326396346092224,2992,0.0,0.0
2007-05-15 00:00:00+08:00,0.08326396210869959,0.08326396210869959,0.07979464530944824,0.07979464530944824,2912,0.0,0.0
2007-05-16 00:00:00+08:00,0.08152930438518524,0.08152930438518524,0.07979464597117429,0.08152930438518524,1316,0.0,0.0
2007-05-17 00:00:00+08:00,0.08326396210869959,0.08326396210869959,0.07979464530944824,0.07979464530944824,1651,0.0,0.0
2007-05-18 00:00:00+08:00,0.08152930438518524,0.0832639627991962,0.08152930438518524,0.08152930438518524,994,0.0,0.0
2007-05-21 00:00:00+08:00,0.08152931280109565,0.08673367029601656,0.08152931280109565,0.08499862998723984,16216,0.0,0.0
2007-05-22 00:00:00+08:00,0.08673367029601656,0.08673367029601656,0.08499862998723984,0.08499862998723984,4129,0.0,0.0
2007-05-23 00:00:00+08:00,0.08673365414142609,0.08673365414142609,0.0849986141558095,0.08673365414142609,4269,0.0,0.0
2007-05-24 00:00:00+08:00,0.08673366203218422,0.08673366203218422,0.08326396346092224,0.08326396346092224,1867,0.0,0.0
2007-05-25 00:00:00+08:00,0.08326397139416775,0.08499862998723984,0.08326397139416775,0.08499862998723984,912,0.0,0.0
2007-05-28 00:00:00+08:00,0.0849986218887191,0.0849986218887191,0.08326396346092224,0.08326396346092224,3805,0.0,0.0
2007-05-29 00:00:00+08:00,0.0832639627991962,0.0832639627991962,0.08152930438518524,0.08152930438518524,2044,0.0,0.0
2007-05-30 00:00:00+08:00,0.0832639627991962,0.0832639627991962,0.08152930438518524,0.08152930438518524,2874,0.0,0.0
2007-06-01 00:00:00+08:00,0.08152930438518524,0.0832639627991962,0.08152930438518524,0.08152930438518524,297,0.0,0.0
2007-06-04 00:00:00+08:00,0.08326396346092224,0.0849986218887191,0.08152930503312539,0.08326396346092224,2249,0.0,0.0
2007-06-05 00:00:00+08:00,0.08326396346092224,0.0849986218887191,0.08152930503312539,0.08326396346092224,1880,0.0,0.0
2007-06-06 00:00:00+08:00,0.08326396346092224,0.0849986218887191,0.08326396346092224,0.08326396346092224,3450,0.0,0.0
2007-06-07 00:00:00+08:00,0.08152930503312539,0.0849986218887191,0.08152930503312539,0.08326396346092224,1593,0.0,0.0
2007-06-08 00:00:00+08:00,0.08326396346092224,0.08326396346092224,0.08152930503312539,0.08326396346092224,1741,0.0,0.0
2007-06-11 00:00:00+08:00,0.08326396346092224,0.0849986218887191,0.08326396346092224,0.08326396346092224,1564,0.0,0.0
2007-06-12 00:00:00+08:00,0.08326397139416775,0.08673367029601656,0.08326397139416775,0.08499862998723984,4635,0.0,0.0
2007-06-13 00:00:00+08:00,0.0849986141558095,0.08846831241140912,0.0849986141558095,0.08673365414142609,10146,0.0,0.0
2007-06-14 00:00:00+08:00,0.08846831241140912,0.08846831241140912,0.0849986141558095,0.08673365414142609,4416,0.0,0.0
2007-06-15 00:00:00+08:00,0.08673367029601656,0.08846832888908866,0.08499862998723984,0.08499862998723984,2446,0.0,0.0
2007-06-18 00:00:00+08:00,0.0867336584579691,0.09714160859584808,0.08499861838600341,0.09714160859584808,30408,0.0,0.0
2007-06-19 00:00:00+08:00,0.09887624905375393,0.10754954546229847,0.09714159660874244,0.10581488162279129,50245,0.0,0.0
2007-06-20 00:00:00+08:00,0.10754954546229847,0.10928419790730996,0.10408022917777979,0.10581488162279129,11838,0.0,0.0
2007-06-21 00:00:00+08:00,0.10408022917777979,0.10928419790730996,0.10408022917777979,0.10581488162279129,11222,0.0,0.0
2007-06-22 00:00:00+08:00,0.10754957710520793,0.10754957710520793,0.10408025979995728,0.10408025979995728,5978,0.0,0.0
2007-06-25 00:00:00+08:00,0.10408024243290355,0.10581489509883148,0.10061092570655056,0.10234557837247849,10488,0.0,0.0
2007-06-26 00:00:00+08:00,0.10234557796753903,0.10408024202110074,0.09714160859584808,0.09714160859584808,8580,0.0,0.0
2007-06-27 00:00:00+08:00,0.09714160026020835,0.10408023309006272,0.09714160026020835,0.09887625277042389,9549,0.0,0.0
2007-06-28 00:00:00+08:00,0.10061093419790268,0.10234558701023166,0.10061093419790268,0.10061093419790268,3598160,0.0,0.0
2007-06-29 00:00:00+08:00,0.1023455869090933,0.11101887375116348,0.1023455869090933,0.11101887375116348,24238,0.0,0.0
2007-07-02 00:00:00+08:00,0.1127535243427137,0.14397774973276922,0.1127535243427137,0.13877376914024353,91458299,0.0,0.0
2007-07-03 00:00:00+08:00,0.14050844177584926,0.14224309448369132,0.1301004913453047,0.13703912496566772,33062,0.0,0.0
2007-07-04 00:00:00+08:00,0.1405084401317244,0.1647936461243303,0.1405084401317244,0.15612035989761353,66356,0.0,0.0
2007-07-05 00:00:00+08:00,0.15958967252501174,0.17173227520615056,0.1561203558454725,0.16826295852661133,42231,0.0,0.0
2007-07-06 00:00:00+08:00,0.16826296574589705,0.16826296574589705,0.15785501526072854,0.16305899620056152,15425,0.0,0.0
2007-07-09 00:00:00+08:00,0.16479364037513733,0.16999762104521277,0.16305898774811012,0.16479364037513733,12987,0.0,0.0
2007-07-10 00:00:00+08:00,0.1647936418470721,0.16826295852661133,0.15958967252501174,0.16826295852661133,16948,0.0,0.0
2007-07-11 00:00:00+08:00,0.16479367961451272,0.1873446249153957,0.16479367961451272,0.18387530744075775,56287,0.0,0.0
2007-07-12 00:00:00+08:00,0.194283226392318,0.21856882054919305,0.19254857365110586,0.21336445212364197,85008,0.0,0.0
2007-07-13 00:00:00+08:00,0.2185687832274732,0.22550741579651054,0.20816045835555957,0.21162976324558258,46195,0.0,0.0
2007-07-16 00:00:00+08:00,0.21509947614911057,0.21509947614911057,0.19948716965793878,0.20295649766921997,19998,0.0,0.0
2007-07-17 00:00:00+08:00,0.2029564858604866,0.20642579088091767,0.19081388410548952,0.19775250554084778,24252,0.0,0.0
2007-07-18 00:00:00+08:00,0.19775252231880364,0.213364441813293,0.16652830731142124,0.17173227667808533,48374045,0.0,0.0
2007-07-19 00:00:00+08:00,0.1734673169159382,0.19601786985076078,0.1734673169159382,0.19428321719169617,47472,0.0,0.0
2007-07-20 00:00:00+08:00,0.19601784262363048,0.201221822666979,0.18907921016216278,0.18907921016216278,24385,0.0,0.0
2007-07-23 00:00:00+08:00,0.18907924475712395,0.19948718395912282,0.18734459202162335,0.19254857301712036,23195,0.0,0.0
2007-07-24 00:00:00+08:00,0.19428320379248964,0.1960178563319198,0.1838752543724198,0.18560990691184998,12717,0.0,0.0
2007-07-25 00:00:00+08:00,0.18387530744075775,0.19254860682460237,0.1804059899661198,0.18387530744075775,20312,0.0,0.0
2007-07-26 00:00:00+08:00,0.18560995978446693,0.1890792772460889,0.18040598928928375,0.18040598928928375,13977173,0.0,0.0
2007-07-27 00:00:00+08:00,0.1699976157245008,0.17346730828285217,0.16479363521730342,0.17346730828285217,17239,0.0,0.0
2007-07-30 00:00:00+08:00,0.1699976157245008,0.17867127739555302,0.16826295175726952,0.17346730828285217,12296,0.0,0.0
2007-07-31 00:00:00+08:00,0.17867124570585344,0.18040590936541928,0.16305895372391474,0.16652826964855194,13925377,0.0,0.0
2007-08-01 00:00:00+08:00,0.16305899534478044,0.16305899534478044,0.13356980815548622,0.13703912496566772,27384,0.0,0.0
2007-08-02 00:00:00+08:00,0.14397774973276922,0.1491817189307982,0.13703911653906609,0.13877376914024353,17803,0.0,0.0
2007-08-03 00:00:00+08:00,0.14224309954052017,0.15091639757156372,0.13877378260700232,0.15091639757156372,18401,0.0,0.0
2007-08-06 00:00:00+08:00,0.14050843313591765,0.1422430857370951,0.13530445254339196,0.13877376914024353,8710,0.0,0.0
2007-08-07 00:00:00+08:00,0.14571242608644605,0.14744709036488682,0.13183515743691415,0.13356982171535492,13259,0.0,0.0
2007-08-08 00:00:00+08:00,0.1370391180368126,0.1457124039264864,0.13530445402217975,0.14224308729171753,16547,0.0,0.0
2007-08-10 00:00:00+08:00,0.13183517327433017,0.1405084729194641,0.13183517327433017,0.1405084729194641,7244,0.0,0.0
2007-08-13 00:00:00+08:00,0.14050844177584926,0.14224309448369132,0.13530446086332826,0.13703912496566772,5800,0.0,0.0
2007-08-14 00:00:00+08:00,0.13877377065694863,0.1457124039264864,0.13530445402217975,0.14224308729171753,16009,0.0,0.0
2007-08-15 00:00:00+08:00,0.1387737776735098,0.14224309448369132,0.13530446086332826,0.13703912496566772,7701,0.0,0.0
2007-08-16 00:00:00+08:00,0.1335698034257356,0.1335698034257356,0.12142681330442429,0.12142681330442429,10379,0.0,0.0
2007-08-17 00:00:00+08:00,0.1231614735460918,0.12663079012640327,0.09714160489100404,0.10928420722484589,20795,0.0,0.0
2007-08-20 00:00:00+08:00,0.11969216673248094,0.11969216673248094,0.11622284986907842,0.11795750260353088,11495,0.0,0.0
2007-08-21 00:00:00+08:00,0.11969215072455426,0.12316146712396174,0.11101885402878751,0.11275351792573929,8313,0.0,0.0
2007-08-22 00:00:00+08:00,0.11448818574012837,0.11795750260353088,0.11101886887672587,0.11795750260353088,6151,0.0,0.0
2007-08-23 00:00:00+08:00,0.12142681434048606,0.12489613105741953,0.11969216167926788,0.11969216167926788,13718,0.0,0.0
2007-08-24 00:00:00+08:00,0.11969216673248094,0.11969216673248094,0.11622284986907842,0.11795750260353088,3745,0.0,0.0
2007-08-27 00:00:00+08:00,0.12316147413326839,0.14050843313591765,0.12316147413326839,0.13877376914024353,33947,0.0,0.0
2007-08-28 00:00:00+08:00,0.13530446086332826,0.14224309448369132,0.13356980815548622,0.13703912496566772,16766,0.0,0.0
2007-08-29 00:00:00+08:00,0.12663081411322252,0.16479366834947332,0.12316149687574172,0.15785503387451172,52594859,0.0,0.0
2007-08-30 00:00:00+08:00,0.16479366834947332,0.1717323028244349,0.15612038095302075,0.15785503387451172,57117,0.0,0.0
2007-08-31 00:00:00+08:00,0.15958967937217203,0.16652831302895105,0.15958967937217203,0.16305899620056152,22722,0.0,0.0
2007-09-03 00:00:00+08:00,0.16305898774811012,0.16999762104521277,0.15785500707803465,0.16479364037513733,32533,0.0,0.0
2007-09-04 00:00:00+08:00,0.16479364755127934,0.16652831164834153,0.15785501395202534,0.15958967804908752,7935,0.0,0.0
2007-09-05 00:00:00+08:00,0.16305901542798232,0.16479366834947332,0.15438571663703093,0.15785503387451172,8113,0.0,0.0
2007-09-06 00:00:00+08:00,0.15438571663703093,0.16132435111199253,0.15265106371553994,0.15785503387451172,12801,0.0,0.0
2007-09-07 00:00:00+08:00,0.15958967804908752,0.16479364755127934,0.15785501395202534,0.15958967804908752,13733,0.0,0.0
2007-09-10 00:00:00+08:00,0.15438568592071533,0.15785500246794676,0.15265103334434788,0.15438568592071533,10475992,0.0,0.0
2007-09-11 00:00:00+08:00,0.15612035989761353,0.16132432935474414,0.1543856958155718,0.15612035989761353,10539,0.0,0.0
2007-09-12 00:00:00+08:00,0.15958967937217203,0.16999762985734054,0.15785501526072854,0.16305899620056152,47288,0.0,0.0
2007-09-13 00:00:00+08:00,0.16479365406150806,0.16652831822709874,0.157855020188141,0.16132433712482452,9243,0.0,0.0
2007-09-14 00:00:00+08:00,0.16305899484871453,0.16305899484871453,0.15958967804908752,0.15958967804908752,5163,0.0,0.0
2007-09-17 00:00:00+08:00,0.15958968420810946,0.15958968420810946,0.15091639757156372,0.15091639757156372,8239,0.0,0.0
2007-09-18 00:00:00+08:00,0.14918174647805915,0.15785503387451172,0.14918174647805915,0.15785503387451172,6003,0.0,0.0
2007-09-19 00:00:00+08:00,0.16305898298604218,0.16305898298604218,0.15438568592071533,0.15438568592071533,14243,0.0,0.0
2007-09-20 00:00:00+08:00,0.15438570311058375,0.16132433697761947,0.15091639757156372,0.15091639757156372,11478848,0.0,0.0
2007-09-21 00:00:00+08:00,0.15265106371553994,0.15958969819050153,0.15091641079404894,0.15785503387451172,13298,0.0,0.0
2007-09-24 00:00:00+08:00,0.15958969819050153,0.16305901542798232,0.15612038095302075,0.15785503387451172,19036,0.0,0.0
2007-09-25 00:00:00+08:00,0.1595896766671997,0.16305899343678587,0.15612035989761353,0.15612035989761353,8738075,0.0,0.0
2007-09-26 00:00:00+08:00,0.15958967804908752,0.15958967804908752,0.15612036124946052,0.15958967804908752,4952567,0.0,0.0
2007-09-27 00:00:00+08:00,0.16132435111199253,0.16132435111199253,0.15785503387451172,0.15785503387451172,9880,0.0,0.0
2007-09-28 00:00:00+08:00,0.15958969819050153,0.16132435111199253,0.15785503387451172,0.15785503387451172,4509,0.0,0.0
2007-10-01 00:00:00+08:00,0.15958967937217203,0.16305899620056152,0.15958967937217203,0.16305899620056152,17228,0.0,0.0
2007-10-02 00:00:00+08:00,0.16479365749900518,0.19081391678257592,0.16305900469172852,0.18214061856269836,104676167,0.0,0.0
2007-10-03 00:00:00+08:00,0.18560991216598788,0.19254855670361254,0.17693662643432617,0.17693662643432617,33973689,0.0,0.0
2007-10-04 00:00:00+08:00,0.17867127396513674,0.18734457084577644,0.17867127396513674,0.18560990691184998,34421,0.0,0.0
2007-10-05 00:00:00+08:00,0.18734459578990936,0.1925485768900803,0.183875278854628,0.18734459578990936,37323,0.0,0.0
2007-10-08 00:00:00+08:00,0.18907925258080116,0.19081391678257592,0.18040596575542167,0.18214061856269836,9214156,0.0,0.0
2007-10-09 00:00:00+08:00,0.1838752827644731,0.18560993557174976,0.17693664874637027,0.18214061856269836,9238,0.0,0.0
2007-10-10 00:00:00+08:00,0.1838752595774542,0.1838752595774542,0.17520196245129585,0.17693662643432617,7341790,0.0,0.0
2007-10-11 00:00:00+08:00,0.17693664761503905,0.1804059646019077,0.17520198342435575,0.17867130041122437,7434,0.0,0.0
2007-10-12 00:00:00+08:00,0.17693664761503905,0.1838752815887763,0.17520198342435575,0.17867130041122437,19322,0.0,0.0
2007-10-15 00:00:00+08:00,0.1804059430058902,0.1821405955944239,0.17693662643432617,0.17693662643432617,6894,0.0,0.0
2007-10-16 00:00:00+08:00,0.17520192978121624,0.17867124570585344,0.16305895372391474,0.16652826964855194,10376,0.0,0.0
2007-10-17 00:00:00+08:00,0.1647936059889861,0.16652826964855194,0.1578549741397117,0.16652826964855194,9986,0.0,0.0
2007-10-18 00:00:00+08:00,0.16652831302895105,0.16999762985734054,0.16305899620056152,0.16305899620056152,6462,0.0,0.0
2007-10-19 00:00:00+08:00,0.16479364891750756,0.16479364891750756,0.15785501526072854,0.16305899620056152,5775,0.0,0.0
2007-10-22 00:00:00+08:00,0.15265101194381714,0.1561203280046764,0.150916359610635,0.15265101194381714,5451,0.0,0.0
2007-10-23 00:00:00+08:00,0.15438571663703093,0.15958969819050153,0.15438571663703093,0.15785503387451172,4033,0.0,0.0
2007-10-24 00:00:00+08:00,0.16132431901517819,0.16132431901517819,0.15438568592071533,0.15438568592071533,3550,0.0,0.0
2007-10-25 00:00:00+08:00,0.15612034989157933,0.15785500246794676,0.15091638076798045,0.15438568592071533,4037874,0.0,0.0
2007-10-26 00:00:00+08:00,0.15612038095302075,0.16132435111199253,0.15612038095302075,0.15785503387451172,3954,0.0,0.0
2007-10-29 00:00:00+08:00,0.15785503387451172,0.16132435111199253,0.15612038095302075,0.15785503387451172,3172,0.0,0.0
2007-10-30 00:00:00+08:00,0.15785501258515797,0.16132432935474414,0.1543856958155718,0.15612035989761353,3225,0.0,0.0
2007-10-31 00:00:00+08:00,0.15438568592071533,0.15785500246794676,0.15438568592071533,0.15438568592071533,1777,0.0,0.0
2007-11-01 00:00:00+08:00,0.15612038095302075,0.16305901542798232,0.15612038095302075,0.15785503387451172,8537,0.0,0.0
2007-11-02 00:00:00+08:00,0.15490214138129368,0.15842261910438538,0.15490214138129368,0.15842261910438538,2262,0.006,0.0
2007-11-05 00:00:00+08:00,0.160182848668772,0.160182848668772,0.14610094964802092,0.14786118268966675,2841,0.0,0.0
2007-11-06 00:00:00+08:00,0.1478612075610951,0.15314193069934845,0.1478612075610951,0.15314193069934845,1391,0.0,0.0
2007-11-07 00:00:00+08:00,0.1549021685925169,0.15666240198201373,0.14962145686149597,0.14962145686149597,1812,0.0,0.0
2007-11-09 00:00:00+08:00,0.14434072760136427,0.14786120579736317,0.14258049428462982,0.14258049428462982,2575,0.0,0.0
2007-11-12 00:00:00+08:00,0.1408202277461408,0.1408202277461408,0.12849818017314463,0.13377927243709564,4648,0.0,0.0
2007-11-13 00:00:00+08:00,0.13553954660892487,0.1372997800388566,0.13201906818653064,0.13553954660892487,4054,0.0,0.0
2007-11-14 00:00:00+08:00,0.14082022383160817,0.14082022383160817,0.13729974627494812,0.13729974627494812,2436,0.0,0.0
2007-11-15 00:00:00+08:00,0.13729975311024994,0.14786118630601824,0.13377927537832718,0.1461009532213211,6189,0.0,0.0
2007-11-16 00:00:00+08:00,0.14258048347470542,0.1443407166579855,0.13906000554561615,0.13906000554561615,3408,0.0,0.0
2007-11-19 00:00:00+08:00,0.1408202277461408,0.14258047235466623,0.13377927243709564,0.13377927243709564,1888,0.0,0.0
2007-11-20 00:00:00+08:00,0.1284981836553826,0.1355395207186758,0.12673793899915545,0.13201904296875,2580,0.0,0.0
2007-11-21 00:00:00+08:00,0.1320190567533762,0.1320190567533762,0.12673795223236084,0.12673795223236084,2225,0.0,0.0
2007-11-22 00:00:00+08:00,0.12497771573865024,0.12849819376556576,0.12321747094392775,0.12321747094392776,2751,0.0,0.0
2007-11-23 00:00:00+08:00,0.12321747094392775,0.12673794897084328,0.12145723771173471,0.12321747094392776,1431,0.0,0.0
2007-11-26 00:00:00+08:00,0.12673793707125564,0.13025841476762898,0.12673793707125564,0.12849818170070648,1690529,0.0,0.0
2007-11-27 00:00:00+08:00,0.12321746317905792,0.124977707862854,0.12321746317905792,0.124977707862854,1145,0.0,0.0
2007-11-28 00:00:00+08:00,0.12673795223236084,0.12849819707238205,0.12497771895486935,0.12673795223236084,1141,0.0,0.0
2007-11-29 00:00:00+08:00,0.12849820755035052,0.13377930093946572,0.12849820755035052,0.1302584409713745,3655,0.0,0.0
2007-11-30 00:00:00+08:00,0.1302584409713745,0.13377930093946572,0.1302584409713745,0.1302584409713745,1607,0.0,0.0
2007-12-03 00:00:00+08:00,0.13201904096051562,0.13201904096051562,0.12849818170070648,0.12849818170070648,1617,0.0,0.0
2007-12-04 00:00:00+08:00,0.12673794098412136,0.12673794098412136,0.12321746317905792,0.124977707862854,3849,0.0,0.0
2007-12-05 00:00:00+08:00,0.12497772914577183,0.13201906751844172,0.12497772914577183,0.1302584409713745,5989587,0.0,0.0
2007-12-06 00:00:00+08:00,0.13553952761652685,0.14610096140379472,0.13201904968743758,0.13906000554561615,14084071,0.0,0.0
2007-12-07 00:00:00+08:00,0.1425804646259097,0.1461009420896003,0.1390599871622191,0.1408202201128006,5236894,0.0,0.0
2007-12-10 00:00:00+08:00,0.1425804646259097,0.1443406975764912,0.1390599871622191,0.1408202201128006,1776488,0.0,0.0
2007-12-11 00:00:00+08:00,0.14258049048317206,0.14610096858530855,0.1390600123810356,0.14434072375297546,5682118,0.0,0.0
2007-12-12 00:00:00+08:00,0.13906001608863094,0.14258049428462982,0.13906001608863094,0.14258049428462982,2136855,0.0,0.0
2007-12-13 00:00:00+08:00,0.1443407054006634,0.1443407054006634,0.13377927243709564,0.13377927243709564,2612936,0.0,0.0
2007-12-14 00:00:00+08:00,0.1355395207186758,0.1355395207186758,0.13025841674908126,0.13201904296875,3138609,0.0,0.0
2007-12-17 00:00:00+08:00,0.12849818566791743,0.1302584187891848,0.12321746317905792,0.124977707862854,2881834,0.0,0.0
2007-12-18 00:00:00+08:00,0.12321746317905792,0.12673794098412136,0.12321746317905792,0.124977707862854,4576772,0.0,0.0
2007-12-19 00:00:00+08:00,0.12673794897084328,0.12673794897084328,0.12321747094392775,0.12321747094392776,2670242,0.0,0.0
2007-12-21 00:00:00+08:00,0.12321746317905792,0.12673794098412136,0.12321746317905792,0.124977707862854,2193059,0.0,0.0
2007-12-24 00:00:00+08:00,0.12673793899915545,0.13377927606244863,0.12673793899915545,0.13201904296875,8733667,0.0,0.0
2007-12-26 00:00:00+08:00,0.1372997497522073,0.14962142729384073,0.1372997497522073,0.14786118268966675,13017296,0.0,0.0
2007-12-27 00:00:00+08:00,0.15138168399336205,0.15138168399336205,0.14258049428462982,0.14258049428462982,4767425,0.0,0.0
2007-12-28 00:00:00+08:00,0.1390600123810356,0.14434072375297546,0.13729976754870252,0.14434072375297546,2762814,0.0,0.0
2007-12-31 00:00:00+08:00,0.14434072375297546,0.14610096858530855,0.14258049048317206,0.14434072375297546,1569304,0.0,0.0
2008-01-02 00:00:00+08:00,0.14258047200220111,0.15314190493966057,0.14258047200220111,0.14786118268966675,8858197,0.0,0.0
2008-01-03 00:00:00+08:00,0.1461009532213211,0.15314190868516664,0.14258047548939834,0.1461009532213211,14037785,0.0,0.0
2008-01-04 00:00:00+08:00,0.14786118630601824,0.14962143095324387,0.1461009532213211,0.1461009532213211,3947507,0.0,0.0
2008-01-07 00:00:00+08:00,0.14434070857409548,0.14786118630601824,0.14258047548939834,0.1461009532213211,2869712,0.0,0.0
2008-01-08 00:00:00+08:00,0.1478611721290357,0.16370331462247362,0.1478611721290357,0.15666235983371735,28313611,0.0,0.0
2008-01-09 00:00:00+08:00,0.15666237092902197,0.16370332621644004,0.15490213788843155,0.16018284857273102,21247331,0.0,0.0
2008-01-10 00:00:00+08:00,0.1619431051400779,0.1619431051400779,0.15138167142868042,0.15138167142868042,7367137,0.0,0.0
2008-01-11 00:00:00+08:00,0.15314190493966057,0.1566623710229522,0.14610094964802092,0.14786118268966675,5521220,0.0,0.0
2008-01-14 00:00:00+08:00,0.1443407013882682,0.14786117894492826,0.13553951327788202,0.13729974627494812,3754650,0.0,0.0
2008-01-15 00:00:00+08:00,0.1372997793440444,0.14082025774862306,0.12497772914577183,0.1302584409713745,6909790,0.0,0.0
2008-01-16 00:00:00+08:00,0.12497772416635833,0.1267379575172504,0.11793676763772966,0.11793676763772964,11470032,0.0,0.0
2008-01-17 00:00:00+08:00,0.12145722815553098,0.13201904296875,0.11441627265567934,0.13201904296875,10656726,0.0,0.0
2008-01-18 00:00:00+08:00,0.12321747411484812,0.1320190567533762,0.12145724083735665,0.12673795223236084,6817219,0.0,0.0
2008-01-21 00:00:00+08:00,0.12497772141488446,0.1267379547270237,0.11265604197978973,0.11265604197978973,4854486,0.0,0.0
2008-01-22 00:00:00+08:00,0.10561508719239543,0.11089579819253191,0.10033436462973006,0.10385484248399734,6632076,0.0,0.0
2008-01-23 00:00:00+08:00,0.11089580890847976,0.11265604222444167,0.10209461920361022,0.10913557559251785,7270157,0.0,0.0
2008-01-24 00:00:00+08:00,0.1161765204188955,0.1161765204188955,0.10913557559251785,0.10913557559251785,5379057,0.0,0.0
2008-01-25 00:00:00+08:00,0.11265604445999304,0.11969700098862171,0.11265604445999304,0.11793676763772964,6716933,0.0,0.0
2008-01-28 00:00:00+08:00,0.11265603831575274,0.11265603831575274,0.10913557180597425,0.1108958050608635,1721386,0.0,0.0
2008-01-29 00:00:00+08:00,0.11441628313317158,0.11617651638806083,0.1108958050608635,0.1108958050608635,1475631,0.0,0.0
2008-01-30 00:00:00+08:00,0.11265604222444167,0.11441628710293358,0.10737533071402594,0.10913557559251785,1686121,0.0,0.0
2008-01-31 00:00:00+08:00,0.10913556469647517,0.10913556469647517,0.10561508685350418,0.10561508685350418,1713672,0.0,0.0
2008-02-01 00:00:00+08:00,0.10913557180597425,0.1108958050608635,0.1073753269885554,0.1108958050608635,1636529,0.0,0.0
2008-02-04 00:00:00+08:00,0.11089580866765048,0.11617652016659824,0.11089580866765048,0.11265604197978973,4175629,0.0,0.0
2008-02-05 00:00:00+08:00,0.11265603414644239,0.11441627889871597,0.11089580095669797,0.11441627889871597,1040325,0.0,0.0
2008-02-06 00:00:00+08:00,0.10913557180597425,0.1108958050608635,0.10913557180597425,0.1108958050608635,1476733,0.0,0.0
2008-02-11 00:00:00+08:00,0.11089580890847976,0.11089580890847976,0.10913557559251785,0.10913557559251785,703101,0.0,0.0
2008-02-12 00:00:00+08:00,0.10737533048084198,0.11265604197978973,0.10737533048084198,0.11265604197978973,1929672,0.0,0.0
2008-02-13 00:00:00+08:00,0.11617651638806083,0.11793676120547968,0.1108958050608635,0.1108958050608635,2745181,0.0,0.0
2008-02-14 00:00:00+08:00,0.11441627889871597,0.11617651208846039,0.11265603414644239,0.11441627889871597,1937386,0.0,0.0
2008-02-15 00:00:00+08:00,0.11265603053781256,0.11617650836706161,0.11089579740445243,0.11617650836706161,1507590,0.0,0.0
2008-02-18 00:00:00+08:00,0.11617652272430737,0.11969700098862171,0.11441628937341532,0.11793676763772964,3689629,0.0,0.0
2008-02-19 00:00:00+08:00,0.12145723402500154,0.12849818986511025,0.12145723402500154,0.12145723402500153,9159054,0.0,0.0
2008-02-20 00:00:00+08:00,0.1214572308921996,0.1214572308921996,0.11441627523370149,0.11617650836706161,1806243,0.0,0.0
2008-02-21 00:00:00+08:00,0.11969700098862171,0.11969700098862171,0.11441628937341532,0.11793676763772964,2088365,0.0,0.0
2008-02-22 00:00:00+08:00,0.11793675306295054,0.11793675306295054,0.11617650836706161,0.11617650836706161,478285,0.0,0.0
2008-02-25 00:00:00+08:00,0.11793675684073397,0.11793675684073397,0.11441627889871597,0.11441627889871597,849672,0.0,0.0
2008-02-26 00:00:00+08:00,0.11617651638806083,0.11617651638806083,0.1108958050608635,0.1108958050608635,1766570,0.0,0.0
2008-02-27 00:00:00+08:00,0.11089580866765048,0.11441628685445897,0.11089580866765048,0.11265604197978973,2974405,0.0,0.0
2008-02-28 00:00:00+08:00,0.11265604222444167,0.11265604222444167,0.10737533071402594,0.10913557559251785,1708162,0.0,0.0
2008-02-29 00:00:00+08:00,0.10913557559251785,0.10913557559251785,0.10561509739806403,0.10913557559251785,1131795,0.0,0.0
2008-03-03 00:00:00+08:00,0.10561508719239543,0.10561508719239543,0.10385484248399734,0.10385484248399734,1167060,0.0,0.0
2008-03-04 00:00:00+08:00,0.10385484248399734,0.10561508719239543,0.10385484248399734,0.10385484248399734,1515305,0.0,0.0
2008-03-05 00:00:00+08:00,0.10385485380396332,0.10385485380396332,0.1020946204662323,0.1020946204662323,827632,0.0,0.0
2008-03-06 00:00:00+08:00,0.10385484664133794,0.10561509142019915,0.10033436864614487,0.10033436864614487,1492162,0.0,0.0
2008-03-07 00:00:00+08:00,0.09857413172721863,0.09857413172721863,0.09681389279573935,0.09857413172721863,1229876,0.0,0.0
2008-03-10 00:00:00+08:00,0.09505364483352347,0.09505364483352347,0.09153316730503398,0.09329340606927872,1593549,0.0,0.0
2008-03-11 00:00:00+08:00,0.0915331870519661,0.09681390448393706,0.08977294790797578,0.09505366533994675,1730202,0.0,0.0
2008-03-12 00:00:00+08:00,0.10033437699065255,0.10033437699065255,0.09505366533994675,0.09505366533994675,1243101,0.0,0.0
2008-03-13 00:00:00+08:00,0.09505364874125494,0.09505364874125494,0.08977293223142624,0.08977293223142624,1245305,0.0,0.0
2008-03-14 00:00:00+08:00,0.09153318081102708,0.09329341983500034,0.08449183737039546,0.0880127027630806,3276364,0.0,0.0
2008-03-17 00:00:00+08:00,0.08449182851442429,0.08449182851442429,0.08273158967494965,0.08273158967494965,1255223,0.0,0.0
2008-03-18 00:00:00+08:00,0.08273158967494965,0.08449182851442429,0.07921111199600037,0.08273158967494965,1796325,0.0,0.0
2008-03-19 00:00:00+08:00,0.08449183261159304,0.08449183261159304,0.07921111583709717,0.07921111583709717,1063468,0.0,0.0
2008-03-20 00:00:00+08:00,0.0739304014850673,0.07745087339352506,0.0739304014850673,0.07569063454866409,2603018,0.0,0.0
2008-03-24 00:00:00+08:00,0.07745087315652571,0.08273158967494965,0.07745087315652571,0.08273158967494965,1511998,0.0,0.0
2008-03-25 00:00:00+08:00,0.08449182837690013,0.09153317106803581,0.08273158954029056,0.08977293223142624,3684119,0.0,0.0
2008-03-26 00:00:00+08:00,0.08977293223142624,0.09505364874125494,0.08801269339481667,0.08977293223142624,4124935,0.0,0.0
2008-03-27 00:00:00+08:00,0.08801268977654449,0.09329340606927872,0.08801268977654449,0.09329340606927872,869509,0.0,0.0
2008-03-28 00:00:00+08:00,0.08977294790797578,0.09681390448393706,0.08977294790797578,0.09505366533994675,3313834,0.0,0.0
2008-03-31 00:00:00+08:00,0.09153318081102708,0.09153318081102708,0.0880127027630806,0.0880127027630806,1044733,0.0,0.0
2008-04-01 00:00:00+08:00,0.08977294496522388,0.09153318405151367,0.08977294496522388,0.09153318405151367,644693,0.0,0.0
2008-04-02 00:00:00+08:00,0.09505364483352347,0.09857412236201295,0.09329340606927872,0.09329340606927872,3776691,0.0,0.0
2008-04-03 00:00:00+08:00,0.09329340606927872,0.0968138835977682,0.09329340606927872,0.09329340606927872,458448,0.0,0.0
2008-04-04 00:00:00+08:00,0.09505364483352347,0.09505364483352347,0.09329340606927872,0.09329340606927872,797876,0.0,0.0
2008-04-07 00:00:00+08:00,0.09329342619595643,0.09505366533994675,0.09329342619595643,0.09505366533994675,994040,0.0,0.0
2008-04-08 00:00:00+08:00,0.09505364483352347,0.09505364483352347,0.09153316730503398,0.09329340606927872,1238692,0.0,0.0
2008-04-09 00:00:00+08:00,0.09329340990464538,0.09329340990464538,0.08977293223142624,0.08977293223142624,1011672,0.0,0.0
2008-04-10 00:00:00+08:00,0.08801269339481667,0.08977293223142624,0.08801269339481667,0.08977293223142624,558734,0.0,0.0
2008-04-11 00:00:00+08:00,0.0897729320272845,0.09857412619031862,0.08801269319467768,0.09681388735771179,2169916,0.0,0.0
2008-04-14 00:00:00+08:00,0.09329341493278077,0.10209460959017719,0.09329341493278077,0.09857413172721863,6035873,0.0,0.0
2008-04-15 00:00:00+08:00,0.10033435924166131,0.10033435924166131,0.09505364852510496,0.09681388735771179,649101,0.0,0.0
2008-04-16 00:00:00+08:00,0.09681390448393706,0.09857414362792738,0.09505366533994675,0.09505366533994675,1284978,0.0,0.0
2008-04-17 00:00:00+08:00,0.09857414362792738,0.09857414362792738,0.09329342619595643,0.09505366533994675,500326,0.0,0.0
2008-04-18 00:00:00+08:00,0.09505366533994675,0.09505366533994675,0.09329342619595643,0.09505366533994675,281020,0.0,0.0
2008-04-21 00:00:00+08:00,0.09681390448393706,0.09681390448393706,0.09505366533994675,0.09505366533994675,951060,0.0,0.0
2008-04-22 00:00:00+08:00,0.09505364852510496,0.09681388735771179,0.09329340969249815,0.09681388735771179,865101,0.0,0.0
2008-04-23 00:00:00+08:00,0.09505365386426005,0.10033436487743345,0.09505365386426005,0.09857413172721863,4544812,0.0,0.0
2008-04-24 00:00:00+08:00,0.10033437556597113,0.10561509870422449,0.09857414222824011,0.1020946204662323,6295954,0.0,0.0
2008-04-25 00:00:00+08:00,0.10385485380396332,0.10561509870422449,0.10033437556597113,0.1020946204662323,2671344,0.0,0.0
2008-04-28 00:00:00+08:00,0.10033436864614487,0.10033436864614487,0.09857413542981301,0.10033436864614487,619346,0.0,0.0
2008-04-29 00:00:00+08:00,0.09857414362792738,0.09857414362792738,0.09505366533994675,0.09505366533994675,1057958,0.0,0.0
2008-04-30 00:00:00+08:00,0.09505366533994675,0.09857414362792738,0.09505366533994675,0.09505366533994675,757101,0.0,0.0
2008-05-02 00:00:00+08:00,0.09857412619031862,0.10033435924166131,0.09505364852510496,0.09681388735771179,1672896,0.0,0.0
2008-05-05 00:00:00+08:00,0.09857412619031862,0.09857412619031862,0.09681388735771179,0.09681388735771179,1390774,0.0,0.0
2008-05-06 00:00:00+08:00,0.09681389279573935,0.10385484274039203,0.09681389279573935,0.09857413172721863,3719385,0.0,0.0
2008-05-07 00:00:00+08:00,0.10209460385553226,0.10209460385553226,0.09681388735771179,0.09681388735771179,1702651,0.0,0.0
2008-05-08 00:00:00+08:00,0.09681389279573935,0.09857413172721863,0.09681389279573935,0.09857413172721863,931223,0.0,0.0
2008-05-09 00:00:00+08:00,0.09857414362792738,0.09857414362792738,0.09505366533994675,0.09505366533994675,991836,0.0,0.0
2008-05-12 00:00:00+08:00,0.09505364852510496,0.09857412619031862,0.09505364852510496,0.09681388735771179,1063468,0.0,0.0
2008-05-13 00:00:00+08:00,0.0968138835977682,0.0968138835977682,0.09329340606927872,0.09329340606927872,1120774,0.0,0.0
2008-05-14 00:00:00+08:00,0.09505366533994675,0.09505366533994675,0.09329342619595643,0.09505366533994675,767019,0.0,0.0
2008-05-15 00:00:00+08:00,0.09505366533994675,0.09681390448393706,0.09505366533994675,0.09505366533994675,1554978,0.0,0.0
2008-05-16 00:00:00+08:00,0.09681388735771179,0.09681388735771179,0.09505364852510496,0.09681388735771179,624856,0.0,0.0
2008-05-20 00:00:00+08:00,0.09681390448393706,0.09681390448393706,0.09505366533994675,0.09505366533994675,483795,0.0,0.0
2008-05-21 00:00:00+08:00,0.09329342619595643,0.09505366533994675,0.09329342619595643,0.09505366533994675,447428,0.0,0.0
2008-05-22 00:00:00+08:00,0.09329342313780345,0.09329342313780345,0.09153318405151367,0.09153318405151367,429795,0.0,0.0
2008-05-23 00:00:00+08:00,0.09329340606927872,0.09329340606927872,0.09329340606927872,0.09329340606927872,774734,0.0,0.0
2008-05-26 00:00:00+08:00,0.09153318405151367,0.09329342313780345,0.09153318405151367,0.09153318405151367,252367,0.0,0.0
2008-05-27 00:00:00+08:00,0.09153316730503398,0.09329340606927872,0.09153316730503398,0.09329340606927872,168612,0.0,0.0
2008-05-28 00:00:00+08:00,0.09153318405151367,0.09153318405151367,0.09153318405151367,0.09153318405151367,513550,0.0,0.0
2008-05-29 00:00:00+08:00,0.09153317106803581,0.09153317106803581,0.08977293223142624,0.08977293223142624,676652,0.0,0.0
2008-05-30 00:00:00+08:00,0.08977294178705385,0.08977294178705385,0.0880127027630806,0.0880127027630806,605019,0.0,0.0
2008-06-02 00:00:00+08:00,0.08977293223142624,0.09329340990464538,0.08977293223142624,0.08977293223142624,1424937,0.0,0.0
2008-06-03 00:00:00+08:00,0.08977294496522388,0.09153318405151367,0.0880127058789341,0.09153318405151367,308571,0.0,0.0
2008-06-04 00:00:00+08:00,0.08977293223142624,0.08977293223142624,0.08977293223142624,0.08977293223142624,235836,0.0,0.0
2008-06-05 00:00:00+08:00,0.09153318405151367,0.09153318405151367,0.09153318405151367,0.09153318405151367,141061,0.0,0.0
2008-06-06 00:00:00+08:00,0.09153317106803581,0.09153317106803581,0.08977293223142624,0.08977293223142624,342734,0.0,0.0
2008-06-09 00:00:00+08:00,0.0880127048239003,0.0880127048239003,0.08625207841396332,0.08625207841396332,650203,0.0,0.0
2008-06-10 00:00:00+08:00,0.0880126935380716,0.0880126935380716,0.08273158967494965,0.08273158967494965,585183,0.0,0.0
2008-06-11 00:00:00+08:00,0.08801269929854617,0.08801269929854617,0.08273159508977333,0.08449183404445648,425387,0.0,0.0
2008-06-12 00:00:00+08:00,0.08273158967494965,0.08449182851442429,0.080971350835475,0.08273158967494965,312979,0.0,0.0
2008-06-13 00:00:00+08:00,0.08449182851442429,0.08449182851442429,0.080971350835475,0.08273158967494965,284326,0.0,0.0
2008-06-16 00:00:00+08:00,0.08449182851442429,0.08449182851442429,0.08273158967494965,0.08273158967494965,249061,0.0,0.0
2008-06-17 00:00:00+08:00,0.08449183829299185,0.08449183829299185,0.080971360206604,0.080971360206604,336122,0.0,0.0
2008-06-18 00:00:00+08:00,0.080971360206604,0.08273159924979792,0.080971360206604,0.080971360206604,214897,0.0,0.0
2008-06-19 00:00:00+08:00,0.07921112116341009,0.080971360206604,0.07921112116341009,0.080971360206604,385714,0.0,0.0
2008-06-20 00:00:00+08:00,0.08097135476192913,0.08097135476192913,0.07921111583709717,0.07921111583709717,236938,0.0,0.0
2008-06-23 00:00:00+08:00,0.08273159368676108,0.08273159368676108,0.07745087691226521,0.07921111583709717,130040,0.0,0.0
2008-06-24 00:00:00+08:00,0.07921111026868026,0.07921111026868026,0.07745087146759033,0.07745087146759033,296448,0.0,0.0
2008-06-25 00:00:00+08:00,0.07745087691226521,0.07921111583709717,0.07745087691226521,0.07921111583709717,115714,0.0,0.0
2008-06-26 00:00:00+08:00,0.08097134906977019,0.08097134906977019,0.07040992204449464,0.07745087146759033,383509,0.0,0.0
2008-06-27 00:00:00+08:00,0.0739303996466745,0.07745087146759033,0.0739303996466745,0.07745087146759033,484897,0.0,0.0
2008-06-30 00:00:00+08:00,0.07569064815319539,0.07569064815319539,0.07217017561197281,0.07217017561197281,440816,0.0,0.0
2008-07-01 00:00:00+08:00,0.07040992379188538,0.0739304014814343,0.07040992379188538,0.07040992379188538,607224,0.0,0.0
2008-07-02 00:00:00+08:00,0.07040993340873415,0.07040993340873415,0.06864969432353973,0.06864969432353973,663428,0.0,0.0
2008-07-03 00:00:00+08:00,0.06864968890016725,0.06864968890016725,0.0668894499540329,0.0668894499540329,649101,0.0,0.0
2008-07-04 00:00:00+08:00,0.06688945523834532,0.07040993340873415,0.06688945523834532,0.06864969432353973,493713,0.0,0.0
2008-07-07 00:00:00+08:00,0.06864969728948503,0.07217017561197281,0.06864969728948503,0.07217017561197281,564244,0.0,0.0
2008-07-08 00:00:00+08:00,0.07040992379188538,0.07040992379188538,0.07040992379188538,0.07040992379188538,431999,0.0,0.0
2008-07-09 00:00:00+08:00,0.07040993645072892,0.07217017561197281,0.07040993645072892,0.07217017561197281,627060,0.0,0.0
2008-07-10 00:00:00+08:00,0.07040992379188538,0.07040992379188538,0.0686496849471109,0.07040992379188538,350448,0.0,0.0
2008-07-11 00:00:00+08:00,0.07040993645072892,0.07217017561197281,0.07040993645072892,0.07217017561197281,407754,0.0,0.0
2008-07-14 00:00:00+08:00,0.07040992379188538,0.07217016263665985,0.0686496849471109,0.07040992379188538,366979,0.0,0.0
2008-07-15 00:00:00+08:00,0.07040993340873415,0.07040993340873415,0.06864969432353973,0.06864969432353973,153183,0.0,0.0
2008-07-16 00:00:00+08:00,0.07040992379188538,0.07040992379188538,0.07040992379188538,0.07040992379188538,82653,0.0,0.0
2008-07-17 00:00:00+08:00,0.07040993645072892,0.07217017561197281,0.07040993645072892,0.07217017561197281,204979,0.0,0.0
2008-07-18 00:00:00+08:00,0.07040993645072892,0.07217017561197281,0.06864969728948503,0.07217017561197281,101387,0.0,0.0
2008-07-21 00:00:00+08:00,0.07040993645072892,0.07217017561197281,0.07040993645072892,0.07217017561197281,212693,0.0,0.0
2008-07-22 00:00:00+08:00,0.0686496849471109,0.07217016263665985,0.0686496849471109,0.07040992379188538,72734,0.0,0.0
2008-07-23 00:00:00+08:00,0.07040993645072892,0.07217017561197281,0.07040993645072892,0.07217017561197281,235836,0.0,0.0
2008-07-24 00:00:00+08:00,0.0739304147732167,0.07569064815319539,0.07217017561197281,0.07217017561197281,501428,0.0,0.0
2008-07-25 00:00:00+08:00,0.07040994141098057,0.07393041998147964,0.07040994141098057,0.07393041998147964,59510,0.0,0.0
2008-07-28 00:00:00+08:00,0.07217017561197281,0.07217017561197281,0.07217017561197281,0.07217017561197281,187346,0.0,0.0
2008-07-29 00:00:00+08:00,0.07040992379188538,0.07040992379188538,0.07040992379188538,0.07040992379188538,190652,0.0,0.0
2008-07-30 00:00:00+08:00,0.07040992379188538,0.07040992379188538,0.07040992379188538,0.07040992379188538,111306,0.0,0.0
2008-07-31 00:00:00+08:00,0.07040992379188538,0.07217016263665985,0.07040992379188538,0.07040992379188538,229224,0.0,0.0
2008-08-01 00:00:00+08:00,0.07040994141098057,0.07393041998147964,0.07040994141098057,0.07393041998147964,195061,0.0,0.0
2008-08-04 00:00:00+08:00,0.07217016263665985,0.07217016263665985,0.07040992379188538,0.07040992379188538,79346,0.0,0.0
2008-08-05 00:00:00+08:00,0.07040993340873415,0.07040993340873415,0.06864969432353973,0.06864969432353973,154285,0.0,0.0
2008-08-06 00:00:00+08:00,0.07040993340873415,0.07040993340873415,0.06864969432353973,0.06864969432353973,196163,0.0,0.0
2008-08-07 00:00:00+08:00,0.06864968890016725,0.07040992784630158,0.0668894499540329,0.0668894499540329,234734,0.0,0.0
2008-08-08 00:00:00+08:00,0.06864969432353973,0.06864969432353973,0.06688945523834532,0.06864969432353973,213795,0.0,0.0
2008-08-11 00:00:00+08:00,0.06688945423369312,0.06688945423369312,0.06336897611618042,0.06336897611618042,145469,0.0,0.0
2008-08-12 00:00:00+08:00,0.06512922048568726,0.06512922048568726,0.06512922048568726,0.06512922048568726,231428,0.0,0.0
2008-08-13 00:00:00+08:00,0.06512921517493678,0.06512921517493678,0.06336897611618042,0.06336897611618042,241346,0.0,0.0
2008-08-14 00:00:00+08:00,0.06336897611618042,0.06336897611618042,0.06160873705742406,0.06336897611618042,185142,0.0,0.0
2008-08-15 00:00:00+08:00,0.06336897611618042,0.06336897611618042,0.06160873705742406,0.06336897611618042,355958,0.0,0.0
2008-08-18 00:00:00+08:00,0.06336897448542164,0.06336897448542164,0.061608735471963876,0.06160873547196388,135550,0.0,0.0
2008-08-19 00:00:00+08:00,0.05984849309815534,0.05984849309815534,0.05808825418353081,0.05808825418353081,343836,0.0,0.0
2008-08-20 00:00:00+08:00,0.056328027415229,0.05984850600361823,0.056328027415229,0.05984850600361824,397836,0.0,0.0
2008-08-21 00:00:00+08:00,0.05808826020944775,0.05808826020944775,0.054567787796258926,0.054567787796258926,639183,0.0,0.0
2008-08-22 00:00:00+08:00,0.05632802098989487,0.05632802098989487,0.05456778767775561,0.05632802098989487,319591,0.0,0.0
2008-08-25 00:00:00+08:00,0.05632802098989487,0.05632802098989487,0.05456778767775561,0.05632802098989487,35265,0.0,0.0
2008-08-26 00:00:00+08:00,0.05456778234823759,0.05456778234823759,0.051047304505266594,0.05280754342675209,257877,0.0,0.0
2008-08-27 00:00:00+08:00,0.05280754342675209,0.05456778234823759,0.05280754342675209,0.05280754342675209,480489,0.0,0.0
2008-08-28 00:00:00+08:00,0.054567787796258926,0.056328021112220836,0.052807548699032016,0.054567787796258926,668938,0.0,0.0
2008-08-29 00:00:00+08:00,0.05632801526890628,0.05808825418353081,0.05632801526890628,0.05808825418353081,445224,0.0,0.0
2008-09-01 00:00:00+08:00,0.054567787796258926,0.054567787796258926,0.052807548699032016,0.054567787796258926,201673,0.0,0.0
2008-09-02 00:00:00+08:00,0.054567787796258926,0.056328021112220836,0.054567787796258926,0.054567787796258926,81550,0.0,0.0
2008-09-03 00:00:00+08:00,0.054567787796258926,0.056328021112220836,0.054567787796258926,0.054567787796258926,77142,0.0,0.0
2008-09-04 00:00:00+08:00,0.05280754342675209,0.05456778234823759,0.05280754342675209,0.05280754342675209,104693,0.0,0.0
2008-09-05 00:00:00+08:00,0.05280754342675209,0.05456778234823759,0.051047304505266594,0.05280754342675209,1024897,0.0,0.0
2008-09-08 00:00:00+08:00,0.05280754858435136,0.05632802098989487,0.05280754858435136,0.05632802098989487,282122,0.0,0.0
2008-09-09 00:00:00+08:00,0.056328021112220836,0.056328021112220836,0.054567787796258926,0.054567787796258926,49591,0.0,0.0
2008-09-10 00:00:00+08:00,0.05104731023311615,0.052807549352112244,0.049287071114120055,0.05104731023311615,884938,0.0,0.0
2008-09-11 00:00:00+08:00,0.05104731023311615,0.05104731023311615,0.05104731023311615,0.05104731023311615,415469,0.0,0.0
2008-09-12 00:00:00+08:00,0.05104731095795401,0.05280755010194433,0.04752683266997337,0.04752683266997337,357060,0.0,0.0
2008-09-15 00:00:00+08:00,0.04576658855766086,0.04576658855766086,0.04048548435423015,0.04224572330713272,1115264,0.0,0.0
2008-09-16 00:00:00+08:00,0.038725243783549024,0.040485482662916183,0.038725243783549024,0.040485482662916183,1340080,0.0,0.0
2008-09-17 00:00:00+08:00,0.04224572330713272,0.044006349604758285,0.038725245401327574,0.04224572330713272,1596855,0.0,0.0
2008-09-18 00:00:00+08:00,0.040485482662916183,0.04224572154228335,0.038725243783549024,0.040485482662916183,238040,0.0,0.0
2008-09-19 00:00:00+08:00,0.04224572501282842,0.0440063513815403,0.040485485988855166,0.0440063513815403,1224366,0.0,0.0
2008-09-22 00:00:00+08:00,0.04576658855766086,0.04576658855766086,0.04224572330713272,0.04224572330713272,829836,0.0,0.0
2008-09-23 00:00:00+08:00,0.04400635293946705,0.045766592025756836,0.04400635293946705,0.045766592025756836,347142,0.0,0.0
2008-09-24 00:00:00+08:00,0.04400635293946705,0.04752683111204662,0.04400635293946705,0.045766592025756836,321795,0.0,0.0
2008-09-25 00:00:00+08:00,0.04576659352598305,0.04752683266997337,0.04576659352598305,0.04752683266997337,242448,0.0,0.0
2008-09-26 00:00:00+08:00,0.04576659040551354,0.04576659040551354,0.0440063513815403,0.0440063513815403,191754,0.0,0.0
2008-09-29 00:00:00+08:00,0.04400635293946705,0.04752683111204662,0.04400635293946705,0.045766592025756836,616040,0.0,0.0
2008-09-30 00:00:00+08:00,0.04224572330713272,0.04576658855766086,0.04224572330713272,0.04224572330713272,234734,0.0,0.0
2008-10-02 00:00:00+08:00,0.04400635293946705,0.045766592025756836,0.04400635293946705,0.045766592025756836,308571,0.0,0.0
2008-10-03 00:00:00+08:00,0.0440063513815403,0.04576659040551354,0.0440063513815403,0.0440063513815403,191754,0.0,0.0
2008-10-06 00:00:00+08:00,0.04400635293946705,0.045766592025756836,0.04224572650842492,0.045766592025756836,1170366,0.0,0.0
2008-10-07 00:00:00+08:00,0.0440063513815403,0.04576659040551354,0.0440063513815403,0.0440063513815403,281020,0.0,0.0
2008-10-08 00:00:00+08:00,0.044006347766357326,0.044006347766357326,0.040485482662916183,0.040485482662916183,1405101,0.0,0.0
2008-10-09 00:00:00+08:00,0.04224572154228335,0.04224572154228335,0.038725243783549024,0.040485482662916183,1450284,0.0,0.0
2008-10-10 00:00:00+08:00,0.036965008825063705,0.03872524789113958,0.03520477264962027,0.036965008825063705,748285,0.0,0.0
2008-10-13 00:00:00+08:00,0.03872524946928024,0.03872524946928024,0.03520477408429367,0.03872524946928024,751591,0.0,0.0
2008-10-14 00:00:00+08:00,0.03872524946928024,0.04048548860708981,0.03872524946928024,0.03872524946928024,1713672,0.0,0.0
2008-10-15 00:00:00+08:00,0.036965008825063705,0.03872524789113958,0.03520477264962027,0.036965008825063705,714121,0.0,0.0
2008-10-16 00:00:00+08:00,0.036965011955961365,0.036965011955961365,0.035204775631427765,0.035204775631427765,1083305,0.0,0.0
2008-10-17 00:00:00+08:00,0.036965011955961365,0.038725251171127656,0.035204775631427765,0.035204775631427765,473877,0.0,0.0
2008-10-20 00:00:00+08:00,0.036965008825063705,0.036965008825063705,0.036965008825063705,0.036965008825063705,512448,0.0,0.0
2008-10-21 00:00:00+08:00,0.038725251171127656,0.038725251171127656,0.035204775631427765,0.035204775631427765,1087713,0.0,0.0
2008-10-22 00:00:00+08:00,0.03520477412716433,0.03696501037648486,0.03344453498721123,0.03344453498721123,585183,0.0,0.0
2008-10-23 00:00:00+08:00,0.03344453498721123,0.03520477412716433,0.03344453498721123,0.03344453498721123,587387,0.0,0.0
2008-10-24 00:00:00+08:00,0.03344453339937758,0.035204772455760466,0.03168429434299469,0.03168429434299469,1267346,0.0,0.0
2008-10-27 00:00:00+08:00,0.03168429434299469,0.03168429434299469,0.03168429434299469,0.03168429434299469,0,0.0,0.0
2008-10-29 00:00:00+08:00,0.02992405410997302,0.03168429309714184,0.026403576135635373,0.026403576135635376,1747835,0.0,0.0
2008-10-30 00:00:00+08:00,0.02816381677985191,0.029924055870586247,0.02816381677985191,0.028163816779851913,1309223,0.0,0.0
2008-10-31 00:00:00+08:00,0.029924053698778152,0.029924053698778152,0.02816381473579727,0.029924053698778152,1091019,0.0,0.0
2008-11-03 00:00:00+08:00,0.03199839824559434,0.033880657511396094,0.030116138979792595,0.030116138979792595,1385264,0.005,0.0
2008-11-04 00:00:00+08:00,0.03199839912992146,0.035762917765563465,0.03199839912992146,0.03388065844774246,2898365,0.0,0.0
2008-11-05 00:00:00+08:00,0.03764517654110168,0.03764517654110168,0.03388065795968796,0.03576291725039482,2506038,0.0,0.0
2008-11-06 00:00:00+08:00,0.03388065899321515,0.03388065899321515,0.0319983996450901,0.0319983996450901,1597958,0.0,0.0
2008-11-07 00:00:00+08:00,0.03388065844774246,0.035762917765563465,0.03388065844774246,0.03388065844774246,417673,0.0,0.0
2008-11-10 00:00:00+08:00,0.03388065899321515,0.035762918341340204,0.0319983996450901,0.0319983996450901,644693,0.0,0.0
2008-11-11 00:00:00+08:00,0.0319983996450901,0.0319983996450901,0.0319983996450901,0.0319983996450901,305265,0.0,0.0
2008-11-12 00:00:00+08:00,0.03199839824559434,0.03199839824559434,0.030116138979792595,0.030116138979792595,899264,0.0,0.0
2008-11-13 00:00:00+08:00,0.03199839824559434,0.03199839824559434,0.030116138979792595,0.030116138979792595,167510,0.0,0.0
2008-11-14 00:00:00+08:00,0.0319983996450901,0.0319983996450901,0.0319983996450901,0.0319983996450901,355958,0.0,0.0
2008-11-17 00:00:00+08:00,0.03011614029696505,0.0319983996450901,0.03011614029696505,0.0319983996450901,79346,0.0,0.0
2008-11-18 00:00:00+08:00,0.030116138979792595,0.03199839824559434,0.030116138979792595,0.030116138979792595,154285,0.0,0.0
2008-11-19 00:00:00+08:00,0.03011614029696505,0.0319983996450901,0.03011614029696505,0.0319983996450901,717428,0.0,0.0
2008-11-20 00:00:00+08:00,0.030116138979792595,0.03199839824559434,0.030116138979792595,0.030116138979792595,269999,0.0,0.0
2008-11-21 00:00:00+08:00,0.0319983996450901,0.0319983996450901,0.0319983996450901,0.0319983996450901,109101,0.0,0.0
2008-11-24 00:00:00+08:00,0.0319983996450901,0.0319983996450901,0.0319983996450901,0.0319983996450901,82653,0.0,0.0
2008-11-25 00:00:00+08:00,0.0319983996450901,0.0319983996450901,0.0319983996450901,0.0319983996450901,88163,0.0,0.0
2008-11-26 00:00:00+08:00,0.0319983996450901,0.0319983996450901,0.0319983996450901,0.0319983996450901,85959,0.0,0.0
2008-11-27 00:00:00+08:00,0.0319983996450901,0.0319983996450901,0.0319983996450901,0.0319983996450901,0,0.0,0.0
2008-11-28 00:00:00+08:00,0.03199839912992146,0.03388065844774246,0.03199839912992146,0.03388065844774246,41877,0.0,0.0
2008-12-01 00:00:00+08:00,0.03011614029696505,0.0319983996450901,0.03011614029696505,0.0319983996450901,84857,0.0,0.0
2008-12-02 00:00:00+08:00,0.03011614029696505,0.03388065899321515,0.03011614029696505,0.0319983996450901,19836,0.0,0.0
2008-12-03 00:00:00+08:00,0.0319983996450901,0.0319983996450901,0.0319983996450901,0.0319983996450901,116816,0.0,0.0
2008-12-04 00:00:00+08:00,0.0319983996450901,0.03388065899321515,0.0319983996450901,0.0319983996450901,135550,0.0,0.0
2008-12-05 00:00:00+08:00,0.03199839912992146,0.03388065844774246,0.03199839912992146,0.03388065844774246,44081,0.0,0.0
2008-12-09 00:00:00+08:00,0.0319983996450901,0.0319983996450901,0.0319983996450901,0.0319983996450901,25346,0.0,0.0
2008-12-10 00:00:00+08:00,0.0319983996450901,0.0319983996450901,0.0319983996450901,0.0319983996450901,7993096,0.0,0.0
2008-12-11 00:00:00+08:00,0.0319983996450901,0.0319983996450901,0.0319983996450901,0.0319983996450901,5588444,0.0,0.0
2008-12-12 00:00:00+08:00,0.030116138979792595,0.03199839824559434,0.030116138979792595,0.030116138979792595,1626611,0.0,0.0
2008-12-15 00:00:00+08:00,0.030116138979792595,0.030116138979792595,0.02823387971399085,0.030116138979792595,5031914,0.0,0.0
2008-12-16 00:00:00+08:00,0.030116138979792595,0.030116138979792595,0.02823387971399085,0.030116138979792595,538897,0.0,0.0
2008-12-17 00:00:00+08:00,0.028233880177140236,0.03011613947381862,0.028233880177140236,0.028233880177140236,1914243,0.0,0.0
2008-12-18 00:00:00+08:00,0.02823387971399085,0.030116138979792595,0.02823387971399085,0.030116138979792595,760407,0.0,0.0
2008-12-19 00:00:00+08:00,0.03011614029696505,0.03388065899321515,0.03011614029696505,0.0319983996450901,4682567,0.0,0.0
2008-12-22 00:00:00+08:00,0.0319983996450901,0.0319983996450901,0.0319983996450901,0.0319983996450901,589591,0.0,0.0
2008-12-23 00:00:00+08:00,0.030116138979792595,0.030116138979792595,0.030116138979792595,0.030116138979792595,622652,0.0,0.0
2008-12-24 00:00:00+08:00,0.030116138979792595,0.030116138979792595,0.030116138979792595,0.030116138979792595,17632,0.0,0.0
2008-12-26 00:00:00+08:00,0.030116138979792595,0.030116138979792595,0.030116138979792595,0.030116138979792595,450734,0.0,0.0
2008-12-29 00:00:00+08:00,0.030116138979792595,0.030116138979792595,0.030116138979792595,0.030116138979792595,770325,0.0,0.0
2008-12-30 00:00:00+08:00,0.030116138979792595,0.030116138979792595,0.030116138979792595,0.030116138979792595,481591,0.0,0.0
2008-12-31 00:00:00+08:00,0.030116138979792595,0.030116138979792595,0.02823387971399085,0.030116138979792595,122326,0.0,0.0
2009-01-02 00:00:00+08:00,0.03011614029696505,0.0319983996450901,0.03011614029696505,0.0319983996450901,826530,0.0,0.0
2009-01-05 00:00:00+08:00,0.03388065844774246,0.03388065844774246,0.03388065844774246,0.03388065844774246,2496120,0.0,0.0
2009-01-06 00:00:00+08:00,0.03388065844774246,0.03388065844774246,0.03388065844774246,0.03388065844774246,1077795,0.0,0.0
2009-01-07 00:00:00+08:00,0.03388065844774246,0.035762917765563465,0.03388065844774246,0.03388065844774246,2219508,0.0,0.0
2009-01-08 00:00:00+08:00,0.0319983996450901,0.0319983996450901,0.0319983996450901,0.0319983996450901,55102,0.0,0.0
2009-01-09 00:00:00+08:00,0.03199839912992146,0.03388065844774246,0.03199839912992146,0.03388065844774246,171918,0.0,0.0
2009-01-12 00:00:00+08:00,0.03388065899321515,0.03388065899321515,0.0319983996450901,0.0319983996450901,252367,0.0,0.0
2009-01-13 00:00:00+08:00,0.0319983996450901,0.0319983996450901,0.0319983996450901,0.0319983996450901,516856,0.0,0.0
2009-01-14 00:00:00+08:00,0.0319983996450901,0.0319983996450901,0.0319983996450901,0.0319983996450901,22040,0.0,0.0
2009-01-15 00:00:00+08:00,0.0319983996450901,0.0319983996450901,0.0319983996450901,0.0319983996450901,305265,0.0,0.0
2009-01-16 00:00:00+08:00,0.0319983996450901,0.0319983996450901,0.0319983996450901,0.0319983996450901,123428,0.0,0.0
2009-01-19 00:00:00+08:00,0.0319983996450901,0.0319983996450901,0.0319983996450901,0.0319983996450901,385714,0.0,0.0
2009-01-20 00:00:00+08:00,0.0319983996450901,0.0319983996450901,0.0319983996450901,0.0319983996450901,110204,0.0,0.0
2009-01-21 00:00:00+08:00,0.030116138979792595,0.030116138979792595,0.030116138979792595,0.030116138979792595,132244,0.0,0.0
2009-01-22 00:00:00+08:00,0.030116138979792595,0.03199839824559434,0.030116138979792595,0.030116138979792595,52897,0.0,0.0
2009-01-23 00:00:00+08:00,0.030116138979792595,0.030116138979792595,0.030116138979792595,0.030116138979792595,720734,0.0,0.0
2009-01-28 00:00:00+08:00,0.030116138979792595,0.030116138979792595,0.030116138979792595,0.030116138979792595,0,0.0,0.0
2009-01-29 00:00:00+08:00,0.030116138979792595,0.030116138979792595,0.030116138979792595,0.030116138979792595,33061,0.0,0.0
2009-01-30 00:00:00+08:00,0.030116138979792595,0.030116138979792595,0.030116138979792595,0.030116138979792595,292040,0.0,0.0
2009-02-02 00:00:00+08:00,0.03011614029696505,0.0319983996450901,0.03011614029696505,0.0319983996450901,242448,0.0,0.0
2009-02-03 00:00:00+08:00,0.030116138979792595,0.030116138979792595,0.030116138979792595,0.030116138979792595,119020,0.0,0.0
2009-02-04 00:00:00+08:00,0.030116138979792595,0.030116138979792595,0.030116138979792595,0.030116138979792595,115714,0.0,0.0
2009-02-05 00:00:00+08:00,0.030116138979792595,0.030116138979792595,0.030116138979792595,0.030116138979792595,0,0.0,0.0
2009-02-06 00:00:00+08:00,0.030116138979792595,0.030116138979792595,0.030116138979792595,0.030116138979792595,202775,0.0,0.0
2009-02-09 00:00:00+08:00,0.02823387971399085,0.030116138979792595,0.02823387971399085,0.030116138979792595,415469,0.0,0.0
2009-02-10 00:00:00+08:00,0.030116138979792595,0.030116138979792595,0.030116138979792595,0.030116138979792595,47387,0.0,0.0
2009-02-11 00:00:00+08:00,0.030116138979792595,0.030116138979792595,0.02823387971399085,0.030116138979792595,177428,0.0,0.0
2009-02-12 00:00:00+08:00,0.030116138979792595,0.030116138979792595,0.030116138979792595,0.030116138979792595,230326,0.0,0.0
2009-02-13 00:00:00+08:00,0.03011614029696505,0.0319983996450901,0.03011614029696505,0.0319983996450901,95877,0.0,0.0
2009-02-16 00:00:00+08:00,0.030116138979792595,0.030116138979792595,0.02823387971399085,0.030116138979792595,586285,0.0,0.0
2009-02-17 00:00:00+08:00,0.03199839824559434,0.03199839824559434,0.02823387971399085,0.030116138979792595,549917,0.0,0.0
2009-02-18 00:00:00+08:00,0.02823387971399085,0.030116138979792595,0.02823387971399085,0.030116138979792595,166408,0.0,0.0
2009-02-19 00:00:00+08:00,0.030116138979792595,0.030116138979792595,0.030116138979792595,0.030116138979792595,168612,0.0,0.0
2009-02-20 00:00:00+08:00,0.028233880177140236,0.028233880177140236,0.028233880177140236,0.028233880177140236,1680611,0.0,0.0
2009-02-23 00:00:00+08:00,0.028233879390346737,0.028233879390346737,0.026351623237133026,0.026351623237133026,575264,0.0,0.0
2009-02-24 00:00:00+08:00,0.028233879390346737,0.028233879390346737,0.026351623237133026,0.026351623237133026,1629917,0.0,0.0
2009-02-25 00:00:00+08:00,0.026351623237133026,0.028233879390346737,0.026351623237133026,0.026351623237133026,2769426,0.0,0.0
2009-02-26 00:00:00+08:00,0.026351623237133026,0.026351623237133026,0.026351623237133026,0.026351623237133026,289836,0.0,0.0
2009-02-27 00:00:00+08:00,0.026351623971473694,0.028233880177140236,0.026351623971473694,0.028233880177140236,573060,0.0,0.0
2009-03-02 00:00:00+08:00,0.026351623237133026,0.026351623237133026,0.026351623237133026,0.026351623237133026,275510,0.0,0.0
2009-03-03 00:00:00+08:00,0.026351623971473694,0.028233880177140236,0.026351623971473694,0.028233880177140236,805591,0.0,0.0
2009-03-04 00:00:00+08:00,0.028233880177140236,0.028233880177140236,0.028233880177140236,0.028233880177140236,992938,0.0,0.0
2009-03-05 00:00:00+08:00,0.028233880177140236,0.028233880177140236,0.028233880177140236,0.028233880177140236,654611,0.0,0.0
2009-03-06 00:00:00+08:00,0.028233880177140236,0.028233880177140236,0.028233880177140236,0.028233880177140236,376897,0.0,0.0
2009-03-09 00:00:00+08:00,0.028233880177140236,0.028233880177140236,0.026351623971473694,0.028233880177140236,376897,0.0,0.0
2009-03-10 00:00:00+08:00,0.026351623971473694,0.028233880177140236,0.026351623971473694,0.028233880177140236,1146121,0.0,0.0
2009-03-11 00:00:00+08:00,0.030116138979792595,0.030116138979792595,0.02823387971399085,0.030116138979792595,694285,0.0,0.0
2009-03-12 00:00:00+08:00,0.030116138979792595,0.030116138979792595,0.030116138979792595,0.030116138979792595,5510,0.0,0.0
2009-03-13 00:00:00+08:00,0.028233880177140236,0.028233880177140236,0.028233880177140236,0.028233880177140236,22040,0.0,0.0
2009-03-16 00:00:00+08:00,0.028233880177140236,0.028233880177140236,0.028233880177140236,0.028233880177140236,126734,0.0,0.0
2009-03-17 00:00:00+08:00,0.030116138979792595,0.030116138979792595,0.030116138979792595,0.030116138979792595,220408,0.0,0.0
2009-03-18 00:00:00+08:00,0.030116138979792595,0.030116138979792595,0.02823387971399085,0.030116138979792595,145469,0.0,0.0
2009-03-19 00:00:00+08:00,0.03011613947381862,0.03011613947381862,0.028233880177140236,0.028233880177140236,73836,0.0,0.0
2009-03-20 00:00:00+08:00,0.028233880177140236,0.028233880177140236,0.028233880177140236,0.028233880177140236,9918,0.0,0.0
2009-03-23 00:00:00+08:00,0.03011614029696505,0.0319983996450901,0.03011614029696505,0.0319983996450901,190652,0.0,0.0
2009-03-24 00:00:00+08:00,0.0319983996450901,0.0319983996450901,0.03011614029696505,0.0319983996450901,322897,0.0,0.0
2009-03-25 00:00:00+08:00,0.0319983996450901,0.0319983996450901,0.03011614029696505,0.0319983996450901,103591,0.0,0.0
2009-03-26 00:00:00+08:00,0.0319983996450901,0.0319983996450901,0.0319983996450901,0.0319983996450901,780244,0.0,0.0
2009-03-27 00:00:00+08:00,0.03388065899321515,0.03388065899321515,0.0319983996450901,0.0319983996450901,585183,0.0,0.0
2009-03-30 00:00:00+08:00,0.0319983996450901,0.0319983996450901,0.03011614029696505,0.0319983996450901,45183,0.0,0.0
2009-03-31 00:00:00+08:00,0.0319983996450901,0.03388065899321515,0.0319983996450901,0.0319983996450901,166408,0.0,0.0
2009-04-01 00:00:00+08:00,0.0319983996450901,0.0319983996450901,0.0319983996450901,0.0319983996450901,33061,0.0,0.0
2009-04-02 00:00:00+08:00,0.03388065844774246,0.03388065844774246,0.03199839912992146,0.03388065844774246,1195713,0.0,0.0
2009-04-03 00:00:00+08:00,0.03388065844774246,0.03388065844774246,0.03199839912992146,0.03388065844774246,3881384,0.0,0.0
2009-04-06 00:00:00+08:00,0.03388065795968796,0.03576291725039482,0.03388065795968796,0.03576291725039482,2704406,0.0,0.0
2009-04-07 00:00:00+08:00,0.035762917765563465,0.035762917765563465,0.03388065844774246,0.03388065844774246,568652,0.0,0.0
2009-04-08 00:00:00+08:00,0.03388065844774246,0.03388065844774246,0.03388065844774246,0.03388065844774246,253469,0.0,0.0
2009-04-09 00:00:00+08:00,0.03388065844774246,0.03388065844774246,0.03388065844774246,0.03388065844774246,308571,0.0,0.0
2009-04-13 00:00:00+08:00,0.033880656579355795,0.03952743113040924,0.033880656579355795,0.03952743113040924,2803589,0.0,0.0
2009-04-14 00:00:00+08:00,0.041409689856489726,0.0564681775867939,0.041409689856489726,0.0564681775867939,28863529,0.0,0.0
2009-04-15 00:00:00+08:00,0.054585916539912606,0.0621149468693942,0.05270365741203642,0.06023268774151802,18160517,0.0,0.0
2009-04-16 00:00:00+08:00,0.060232690217906615,0.06399720862843225,0.05458591878414155,0.05458591878414154,6724648,0.0,0.0
2009-04-17 00:00:00+08:00,0.05646817842077249,0.05646817842077249,0.05082140076184753,0.05270365998148918,1602366,0.0,0.0
2009-04-20 00:00:00+08:00,0.05270365957887873,0.05458591878414155,0.05082140037361591,0.05458591878414154,2653712,0.0,0.0
2009-04-21 00:00:00+08:00,0.05082140076184753,0.05270365998148918,0.048939141542205876,0.05270365998148918,1115264,0.0,0.0
2009-04-22 00:00:00+08:00,0.05270365998148918,0.05646817842077249,0.05082140076184753,0.05270365998148918,5125588,0.0,0.0
2009-04-23 00:00:00+08:00,0.05082140076184753,0.05458591920113083,0.05082140076184753,0.05270365998148918,2263590,0.0,0.0
2009-04-24 00:00:00+08:00,0.05082140117883682,0.052703660413922396,0.05082140117883682,0.05082140117883682,1420529,0.0,0.0
2009-04-27 00:00:00+08:00,0.05082140211289198,0.05082140211289198,0.043291950838591435,0.047056883573532104,2709916,0.0,0.0
2009-04-28 00:00:00+08:00,0.04517420791396442,0.04517420791396442,0.041409689557463505,0.04329194873571396,1547264,0.0,0.0
2009-04-29 00:00:00+08:00,0.043291953720876276,0.05082140549647147,0.043291953720876276,0.04893914610147476,4712323,0.0,0.0
2009-04-30 00:00:00+08:00,0.05082140117883682,0.05082140117883682,0.04705688270866566,0.05082140117883682,2411263,0.0,0.0
2009-05-01 00:00:00+08:00,0.05082140117883682,0.05082140117883682,0.05082140117883682,0.05082140117883682,0,0.0,0.0
2009-05-04 00:00:00+08:00,0.048939141168353094,0.05458591878414155,0.048939141168353094,0.05458591878414154,7518116,0.0,0.0
2009-05-05 00:00:00+08:00,0.05458591878414155,0.05646817798940436,0.05082140037361591,0.05458591878414154,5336077,0.0,0.0
2009-05-06 00:00:00+08:00,0.054585916539912606,0.06399720599727038,0.05270365741203642,0.06023268774151802,16818232,0.0,0.0
2009-05-07 00:00:00+08:00,0.0621149468693942,0.0621149468693942,0.056468175667788785,0.06023268774151802,6168117,0.0,0.0
2009-05-08 00:00:00+08:00,0.058350437989668456,0.06587946873127637,0.05646817875876061,0.06211495026946068,15624723,0.0,0.0
2009-05-11 00:00:00+08:00,0.0639972159168861,0.06587947533651389,0.05835044384002685,0.058350443840026855,6688280,0.0,0.0
2009-05-12 00:00:00+08:00,0.056468175667788785,0.06023268774151802,0.056468175667788785,0.06023268774151802,1835998,0.0,0.0
2009-05-13 00:00:00+08:00,0.06211495026946068,0.06587946873127637,0.06211495026946068,0.06211495026946068,8425095,0.0,0.0
2009-05-14 00:00:00+08:00,0.06211495026946068,0.06211495026946068,0.06023269103855283,0.06211495026946068,2450936,0.0,0.0
2009-05-15 00:00:00+08:00,0.06023268774151802,0.06399720599727038,0.058350434795664964,0.06023268774151802,6720239,0.0,0.0
2009-05-18 00:00:00+08:00,0.0564681775867939,0.05835043677863646,0.05458591839495133,0.0564681775867939,2686773,0.0,0.0
2009-05-19 00:00:00+08:00,0.058350437989668456,0.06211495026946068,0.058350437989668456,0.06211495026946068,4052201,0.0,0.0
2009-05-20 00:00:00+08:00,0.062114949853800866,0.06964398672704955,0.062114949853800866,0.06399720907211304,20796596,0.0,0.0
2009-05-21 00:00:00+08:00,0.06399720950036852,0.06587946873127637,0.06023269103855283,0.06211495026946068,3944201,0.0,0.0
2009-05-22 00:00:00+08:00,0.062114949853800866,0.06399720907211304,0.060232690635488695,0.06399720907211304,1517509,0.0,0.0
2009-05-25 00:00:00+08:00,0.06399721228718322,0.0658794716000557,0.06211495297431075,0.0658794716000557,3496772,0.0,0.0
2009-05-26 00:00:00+08:00,0.06587946873127637,0.06587946873127637,0.06211495026946068,0.06211495026946068,3256528,0.0,0.0
2009-05-27 00:00:00+08:00,0.06399721228718322,0.06776173091292817,0.06399721228718322,0.0658794716000557,13731418,0.0,0.0
2009-05-28 00:00:00+08:00,0.06587946397495514,0.0847020487430698,0.06399720487994137,0.08281978964805603,59556445,0.0,0.0
2009-05-29 00:00:00+08:00,0.08470206669424991,0.08658432618817696,0.07529077540663902,0.0790552943944931,21730024,0.0,0.0
2009-06-01 00:00:00+08:00,0.07905529475187589,0.08846658608203212,0.07905529475187589,0.08470206707715988,22002228,0.0,0.0
2009-06-02 00:00:00+08:00,0.08658432618817696,0.08658432618817696,0.07717303490056607,0.0790552943944931,8868115,0.0,0.0
2009-06-03 00:00:00+08:00,0.07905528156427022,0.08470205294758813,0.07905528156427022,0.08093753457069397,11801746,0.0,0.0
2009-06-04 00:00:00+08:00,0.08093753457069397,0.08093753457069397,0.07905528156427022,0.08093753457069397,4003711,0.0,0.0
2009-06-05 00:00:00+08:00,0.08093753671035935,0.08093753671035935,0.07717302441596985,0.07717302441596985,3926568,0.0,0.0
2009-06-08 00:00:00+08:00,0.07717302265351822,0.07717302265351822,0.06776172667741776,0.06776172667741776,7726402,0.0,0.0
2009-06-09 00:00:00+08:00,0.06964397785364995,0.07152623683214188,0.06776171887515803,0.07152623683214188,6054607,0.0,0.0
2009-06-10 00:00:00+08:00,0.07152624357610013,0.07717302104399071,0.07152624357610013,0.07529076188802719,7849830,0.0,0.0
2009-06-11 00:00:00+08:00,0.07529076607120762,0.07529076607120762,0.07152624755012264,0.07340850681066513,2828936,0.0,0.0
2009-06-12 00:00:00+08:00,0.07340849992263435,0.07340849992263435,0.06964398175477982,0.06964398175477982,1946202,0.0,0.0
2009-06-15 00:00:00+08:00,0.06964398587263784,0.07152624506785794,0.06776172667741776,0.06776172667741776,2056406,0.0,0.0
2009-06-16 00:00:00+08:00,0.0658794716000557,0.0658794716000557,0.06211495297431075,0.0658794716000557,3033916,0.0,0.0
2009-06-17 00:00:00+08:00,0.06399720828697757,0.07152624506785794,0.06399720828697757,0.06776172667741776,5059465,0.0,0.0
2009-06-18 00:00:00+08:00,0.06776172750873738,0.06776172750873738,0.06399720907211304,0.06399720907211304,1420529,0.0,0.0
2009-06-19 00:00:00+08:00,0.06587946748219765,0.06964398587263784,0.06587946748219765,0.06776172667741776,2543508,0.0,0.0
2009-06-22 00:00:00+08:00,0.06776173091292817,0.06964399022580064,0.0658794716000557,0.0658794716000557,1971549,0.0,0.0
2009-06-23 00:00:00+08:00,0.0658794716000557,0.0658794716000557,0.06399721228718322,0.0658794716000557,1471223,0.0,0.0
2009-06-24 00:00:00+08:00,0.06587946748219765,0.06776172667741776,0.06587946748219765,0.06776172667741776,2077345,0.0,0.0
2009-06-25 00:00:00+08:00,0.06776172267085255,0.07152624083870708,0.06776172267085255,0.06964398175477982,6354362,0.0,0.0
2009-06-26 00:00:00+08:00,0.06964398175477982,0.06964398175477982,0.06776172267085255,0.06964398175477982,1227672,0.0,0.0
2009-06-29 00:00:00+08:00,0.06776172267085255,0.06964398175477982,0.06587946358692529,0.06964398175477982,613836,0.0,0.0
2009-06-30 00:00:00+08:00,0.06776172667741776,0.06776172667741776,0.06776172667741776,0.06776172667741776,418775,0.0,0.0
2009-07-01 00:00:00+08:00,0.0658794716000557,0.0658794716000557,0.0658794716000557,0.0658794716000557,1011672,0.0,0.0
2009-07-02 00:00:00+08:00,0.06776172667741776,0.06964398587263784,0.06587946748219765,0.06776172667741776,3321548,0.0,0.0
2009-07-03 00:00:00+08:00,0.0658794716000557,0.0658794716000557,0.0658794716000557,0.0658794716000557,383509,0.0,0.0
2009-07-06 00:00:00+08:00,0.0658794716000557,0.0658794716000557,0.06399721228718322,0.0658794716000557,327305,0.0,0.0
2009-07-07 00:00:00+08:00,0.0658794716000557,0.06964399022580064,0.0658794716000557,0.0658794716000557,1565998,0.0,0.0
2009-07-08 00:00:00+08:00,0.06587946829042521,0.06587946829042521,0.062114949853800866,0.06399720907211304,2573263,0.0,0.0
2009-07-09 00:00:00+08:00,0.06399720907211304,0.06587946829042521,0.06399720907211304,0.06399720907211304,1716978,0.0,0.0
2009-07-10 00:00:00+08:00,0.06399720907211304,0.06399720907211304,0.062114949853800866,0.06399720907211304,347142,0.0,0.0
2009-07-13 00:00:00+08:00,0.06023268774151802,0.06023268774151802,0.058350434795664964,0.06023268774151802,1330162,0.0,0.0
2009-07-14 00:00:00+08:00,0.06211495026946068,0.06211495026946068,0.06211495026946068,0.06211495026946068,1180284,0.0,0.0
2009-07-15 00:00:00+08:00,0.06399720828697757,0.06964398587263784,0.06399720828697757,0.06776172667741776,9377258,0.0,0.0
2009-07-16 00:00:00+08:00,0.06964398587263784,0.07152624506785794,0.06587946748219765,0.06776172667741776,4220813,0.0,0.0
2009-07-17 00:00:00+08:00,0.06964398175477982,0.06964398175477982,0.06587946358692529,0.06964398175477982,3947507,0.0,0.0
2009-07-20 00:00:00+08:00,0.07152624357610013,0.07529076188802719,0.06964398442013661,0.07529076188802719,8989340,0.0,0.0
2009-07-21 00:00:00+08:00,0.07529076188802719,0.07717302104399071,0.07340850273206366,0.07529076188802719,7099341,0.0,0.0
2009-07-22 00:00:00+08:00,0.07529076607120762,0.0771730253317501,0.07340850681066513,0.07340850681066513,5401098,0.0,0.0
2009-07-23 00:00:00+08:00,0.07340850593955685,0.07717302441596985,0.07340850593955685,0.07717302441596985,3846119,0.0,0.0
2009-07-24 00:00:00+08:00,0.07905527764005152,0.08281978964805603,0.07717301854503775,0.08281978964805603,10645706,0.0,0.0
2009-07-27 00:00:00+08:00,0.0847020487430698,0.08658430783808356,0.08093753055304226,0.08281978964805603,12168725,0.0,0.0
2009-07-28 00:00:00+08:00,0.08281978964805603,0.0847020487430698,0.07905527764005152,0.08281978964805603,4674853,0.0,0.0
2009-07-29 00:00:00+08:00,0.08093754770639583,0.08093754770639583,0.07529077540663902,0.0790552943944931,4975710,0.0,0.0
2009-07-30 00:00:00+08:00,0.07529077540663902,0.0790552943944931,0.07529077540663902,0.0790552943944931,2360569,0.0,0.0
2009-07-31 00:00:00+08:00,0.08093753457069397,0.08470205294758813,0.07905528156427022,0.08093753457069397,6283832,0.0,0.0
2009-08-03 00:00:00+08:00,0.08093753457069397,0.08281979375914104,0.07905528156427022,0.08093753457069397,5315138,0.0,0.0
2009-08-04 00:00:00+08:00,0.08470206669424991,0.08470206669424991,0.0790552943944931,0.0790552943944931,8203585,0.0,0.0
2009-08-05 00:00:00+08:00,0.08093754770639583,0.08093754770639583,0.07717303490056607,0.0790552943944931,2174324,0.0,0.0
2009-08-06 00:00:00+08:00,0.07905528156427022,0.08093753457069397,0.07717302237582314,0.08093753457069397,1415019,0.0,0.0
2009-08-07 00:00:00+08:00,0.07905528365417634,0.07905528365417634,0.07529076517776334,0.07717302441596985,1422733,0.0,0.0
2009-08-11 00:00:00+08:00,0.0790552943944931,0.0790552943944931,0.0790552943944931,0.0790552943944931,2708814,0.0,0.0
2009-08-12 00:00:00+08:00,0.07717302441596985,0.07905528365417634,0.07529076517776334,0.07717302441596985,2003508,0.0,0.0
2009-08-13 00:00:00+08:00,0.0790552943944931,0.08093754770639583,0.0790552943944931,0.0790552943944931,3481344,0.0,0.0
2009-08-14 00:00:00+08:00,0.08093753457069397,0.08093753457069397,0.07905528156427022,0.08093753457069397,2703304,0.0,0.0
2009-08-17 00:00:00+08:00,0.08093753317389454,0.08093753317389454,0.07529076188802719,0.07529076188802719,2265794,0.0,0.0
2009-08-18 00:00:00+08:00,0.07717303490056607,0.0790552943944931,0.07529077540663902,0.0790552943944931,1793019,0.0,0.0
2009-08-19 00:00:00+08:00,0.08093753671035935,0.08093753671035935,0.07529076517776334,0.07717302441596985,2037671,0.0,0.0
2009-08-20 00:00:00+08:00,0.07717302237582314,0.08470205294758813,0.07717302237582314,0.08093753457069397,13148439,0.0,0.0
2009-08-21 00:00:00+08:00,0.08281980720032286,0.08281980720032286,0.0790552943944931,0.0790552943944931,1481141,0.0,0.0
2009-08-24 00:00:00+08:00,0.08281978964805603,0.08281978964805603,0.08093753055304226,0.08281978964805603,1953916,0.0,0.0
2009-08-25 00:00:00+08:00,0.08281978964805603,0.08281978964805603,0.08093753055304226,0.08281978964805603,2450936,0.0,0.0
2009-08-26 00:00:00+08:00,0.08281979375914104,0.08281979375914104,0.08093753457069397,0.08093753457069397,3125385,0.0,0.0
2009-08-27 00:00:00+08:00,0.08093753055304226,0.0847020487430698,0.08093753055304226,0.08281978964805603,3123181,0.0,0.0
2009-08-28 00:00:00+08:00,0.08470206707715988,0.086584326579596,0.08281980757472376,0.08470206707715988,2795875,0.0,0.0
2009-08-31 00:00:00+08:00,0.08470205294758813,0.08470205294758813,0.08093753457069397,0.08093753457069397,3274160,0.0,0.0
2009-09-01 00:00:00+08:00,0.08093753457069397,0.08093753457069397,0.07905528156427022,0.08093753457069397,1906529,0.0,0.0
2009-09-02 00:00:00+08:00,0.08093754770639583,0.08093754770639583,0.07717303490056607,0.0790552943944931,1507590,0.0,0.0
2009-09-03 00:00:00+08:00,0.07905528156427022,0.08093753457069397,0.07905528156427022,0.08093753457069397,986325,0.0,0.0
2009-09-04 00:00:00+08:00,0.08093753671035935,0.08093753671035935,0.07717302441596985,0.07717302441596985,1401794,0.0,0.0
2009-09-07 00:00:00+08:00,0.07905528156427022,0.08281979375914104,0.07905528156427022,0.08093753457069397,3757956,0.0,0.0
2009-09-08 00:00:00+08:00,0.08093753457069397,0.08093753457069397,0.07905528156427022,0.08093753457069397,887142,0.0,0.0
2009-09-09 00:00:00+08:00,0.08281979375914104,0.08281979375914104,0.08093753457069397,0.08093753457069397,946652,0.0,0.0
2009-09-10 00:00:00+08:00,0.08093753457069397,0.08093753457069397,0.07905528156427022,0.08093753457069397,1027101,0.0,0.0
2009-09-11 00:00:00+08:00,0.08093754770639583,0.08093754770639583,0.0790552943944931,0.0790552943944931,611632,0.0,0.0
2009-09-14 00:00:00+08:00,0.07905528365417634,0.07905528365417634,0.07529076517776334,0.07717302441596985,2964487,0.0,0.0
2009-09-15 00:00:00+08:00,0.07717303490056607,0.0790552943944931,0.07529077540663902,0.0790552943944931,1355509,0.0,0.0
2009-09-16 00:00:00+08:00,0.07905528365417634,0.07905528365417634,0.07717302441596985,0.07717302441596985,2085059,0.0,0.0
2009-09-17 00:00:00+08:00,0.07905528365417634,0.07905528365417634,0.07529076517776334,0.07717302441596985,809999,0.0,0.0
2009-09-18 00:00:00+08:00,0.07529076517776334,0.07717302441596985,0.07529076517776334,0.07717302441596985,779142,0.0,0.0
2009-09-21 00:00:00+08:00,0.07717302441596985,0.07717302441596985,0.07717302441596985,0.07717302441596985,0,0.0,0.0
2009-09-22 00:00:00+08:00,0.07717302441596985,0.07717302441596985,0.07529076517776334,0.07717302441596985,471673,0.0,0.0
2009-09-23 00:00:00+08:00,0.07717302237582314,0.08093753457069397,0.07717302237582314,0.08093753457069397,3712772,0.0,0.0
2009-09-24 00:00:00+08:00,0.07905528365417634,0.07905528365417634,0.07717302441596985,0.07717302441596985,643591,0.0,0.0
2009-09-25 00:00:00+08:00,0.07717303490056607,0.08093754770639583,0.07717303490056607,0.0790552943944931,2515957,0.0,0.0
2009-09-28 00:00:00+08:00,0.0790552943944931,0.0790552943944931,0.07717303490056607,0.0790552943944931,1238692,0.0,0.0
2009-09-29 00:00:00+08:00,0.08093754770639583,0.08093754770639583,0.07717303490056607,0.0790552943944931,1624406,0.0,0.0
2009-09-30 00:00:00+08:00,0.07905528365417634,0.07905528365417634,0.07717302441596985,0.07717302441596985,1068978,0.0,0.0
2009-10-01 00:00:00+08:00,0.07717302441596985,0.07905528365417634,0.07717302441596985,0.07717302441596985,3008569,0.0,0.0
2009-10-02 00:00:00+08:00,0.07529076607120762,0.0771730253317501,0.07340850681066513,0.07340850681066513,1751141,0.0,0.0
2009-10-05 00:00:00+08:00,0.0734084958106338,0.0734084958106338,0.06964397785364995,0.07152623683214188,1781998,0.0,0.0
2009-10-06 00:00:00+08:00,0.07340850681066513,0.07340850681066513,0.07152624755012264,0.07340850681066513,602815,0.0,0.0
2009-10-07 00:00:00+08:00,0.0734084958106338,0.07529075478912572,0.07152623683214188,0.07152623683214188,650203,0.0,0.0
2009-10-08 00:00:00+08:00,0.07152624755012264,0.07340850681066513,0.07152624755012264,0.07340850681066513,336122,0.0,0.0
2009-10-09 00:00:00+08:00,0.07340850681066513,0.07340850681066513,0.07340850681066513,0.07340850681066513,485999,0.0,0.0
2009-10-12 00:00:00+08:00,0.07340850273206366,0.07529076188802719,0.07340850273206366,0.07529076188802719,536693,0.0,0.0
2009-10-13 00:00:00+08:00,0.07529076188802719,0.07717302104399071,0.07529076188802719,0.07529076188802719,1570407,0.0,0.0
2009-10-14 00:00:00+08:00,0.07717302104399071,0.07717302104399071,0.07529076188802719,0.07529076188802719,315183,0.0,0.0
2009-10-15 00:00:00+08:00,0.07717302441596985,0.07717302441596985,0.07529076517776334,0.07717302441596985,783550,0.0,0.0
2009-10-16 00:00:00+08:00,0.07717302441596985,0.07717302441596985,0.07529076517776334,0.07717302441596985,314081,0.0,0.0
2009-10-19 00:00:00+08:00,0.07529076517776334,0.07717302441596985,0.07529076517776334,0.07717302441596985,232530,0.0,0.0
2009-10-20 00:00:00+08:00,0.07717302441596985,0.07717302441596985,0.07529076517776334,0.07717302441596985,459550,0.0,0.0
2009-10-21 00:00:00+08:00,0.07529076188802719,0.07529076188802719,0.07529076188802719,0.07529076188802719,468367,0.0,0.0
2009-10-22 00:00:00+08:00,0.07529076607120762,0.07529076607120762,0.07340850681066513,0.07340850681066513,156489,0.0,0.0
2009-10-23 00:00:00+08:00,0.07529076517776334,0.07717302441596985,0.07529076517776334,0.07717302441596985,195061,0.0,0.0
2009-10-26 00:00:00+08:00,0.07529076517776334,0.07717302441596985,0.07529076517776334,0.07717302441596985,374693,0.0,0.0
2009-10-27 00:00:00+08:00,0.07340850273206366,0.07529076188802719,0.07340850273206366,0.07529076188802719,245754,0.0,0.0
2009-10-28 00:00:00+08:00,0.07340850681066513,0.07529076607120762,0.07340850681066513,0.07340850681066513,311877,0.0,0.0
2009-10-29 00:00:00+08:00,0.0734084958106338,0.0734084958106338,0.07152623683214188,0.07152623683214188,605019,0.0,0.0
2009-10-30 00:00:00+08:00,0.0734084958106338,0.0734084958106338,0.07152623683214188,0.07152623683214188,138857,0.0,0.0
2009-11-02 00:00:00+08:00,0.07152623683214188,0.07152623683214188,0.07152623683214188,0.07152623683214188,544407,0.0,0.0
2009-11-03 00:00:00+08:00,0.07257868023194586,0.07257868023194586,0.0687587708234787,0.0687587708234787,678856,0.0025,0.0
2009-11-04 00:00:00+08:00,0.06684880703687668,0.06875876148161557,0.06684880703687668,0.06684880703687668,584081,0.0,0.0
2009-11-05 00:00:00+08:00,0.0687587708234787,0.0687587708234787,0.06684881611924512,0.0687587708234787,528979,0.0,0.0
2009-11-06 00:00:00+08:00,0.0687587708234787,0.07066872552771228,0.0687587708234787,0.0687587708234787,154285,0.0,0.0
2009-11-09 00:00:00+08:00,0.06684881611924512,0.0687587708234787,0.06684881611924512,0.0687587708234787,214897,0.0,0.0
2009-11-10 00:00:00+08:00,0.06875875791273503,0.07066871225833893,0.06684880356713112,0.07066871225833893,337224,0.0,0.0
2009-11-11 00:00:00+08:00,0.06684880356713112,0.07066871225833893,0.06684880356713112,0.07066871225833893,110204,0.0,0.0
2009-11-12 00:00:00+08:00,0.06875876148161557,0.06875876148161557,0.06684880703687668,0.06684880703687668,800081,0.0,0.0
2009-11-13 00:00:00+08:00,0.06684881611924512,0.0687587708234787,0.06684881611924512,0.0687587708234787,408856,0.0,0.0
2009-11-17 00:00:00+08:00,0.07066872552771228,0.07257868023194586,0.0687587708234787,0.0687587708234787,308571,0.0,0.0
2009-11-18 00:00:00+08:00,0.07066871225833893,0.07066871225833893,0.06875875791273503,0.07066871225833893,149877,0.0,0.0
2009-11-19 00:00:00+08:00,0.06875875791273503,0.07066871225833893,0.06875875791273503,0.07066871225833893,230326,0.0,0.0
2009-11-20 00:00:00+08:00,0.06875875791273503,0.07066871225833893,0.06875875791273503,0.07066871225833893,80448,0.0,0.0
2009-11-23 00:00:00+08:00,0.06875876148161557,0.07066871592635447,0.06684880703687668,0.06684880703687668,297550,0.0,0.0
2009-11-24 00:00:00+08:00,0.0687587708234787,0.0687587708234787,0.0687587708234787,0.0687587708234787,53999,0.0,0.0
2009-11-25 00:00:00+08:00,0.06875875791273503,0.07066871225833893,0.06875875791273503,0.07066871225833893,47387,0.0,0.0
2009-11-26 00:00:00+08:00,0.07066871592635447,0.07066871592635447,0.06684880703687668,0.06684880703687668,132244,0.0,0.0
2009-11-30 00:00:00+08:00,0.0687587708234787,0.0687587708234787,0.0687587708234787,0.0687587708234787,11020,0.0,0.0
2009-12-01 00:00:00+08:00,0.06875875791273503,0.07066871225833893,0.06684880356713112,0.07066871225833893,263387,0.0,0.0
2009-12-02 00:00:00+08:00,0.06875875791273503,0.07066871225833893,0.06875875791273503,0.07066871225833893,11020,0.0,0.0
2009-12-03 00:00:00+08:00,0.0687587708234787,0.0687587708234787,0.0687587708234787,0.0687587708234787,40775,0.0,0.0
2009-12-04 00:00:00+08:00,0.06875876148161557,0.06875876148161557,0.06684880703687668,0.06684880703687668,149877,0.0,0.0
2009-12-07 00:00:00+08:00,0.06684881611924512,0.07066872552771228,0.06684881611924512,0.0687587708234787,156489,0.0,0.0
2009-12-08 00:00:00+08:00,0.06684881611924512,0.0687587708234787,0.06684881611924512,0.0687587708234787,304163,0.0,0.0
2009-12-09 00:00:00+08:00,0.06875875791273503,0.07066871225833893,0.06684880356713112,0.07066871225833893,417673,0.0,0.0
2009-12-10 00:00:00+08:00,0.0687587708234787,0.0687587708234787,0.06684881611924512,0.0687587708234787,187346,0.0,0.0
2009-12-11 00:00:00+08:00,0.0687587708234787,0.0687587708234787,0.06684881611924512,0.0687587708234787,276612,0.0,0.0
2009-12-14 00:00:00+08:00,0.0687587708234787,0.07066872552771228,0.0687587708234787,0.0687587708234787,381305,0.0,0.0
2009-12-15 00:00:00+08:00,0.0687587708234787,0.0687587708234787,0.0687587708234787,0.0687587708234787,273305,0.0,0.0
2009-12-16 00:00:00+08:00,0.07066872552771228,0.07066872552771228,0.0687587708234787,0.0687587708234787,180734,0.0,0.0
2009-12-17 00:00:00+08:00,0.06875876148161557,0.06875876148161557,0.06684880703687668,0.06684880703687668,214897,0.0,0.0
2009-12-18 00:00:00+08:00,0.06684881611924512,0.0687587708234787,0.06684881611924512,0.0687587708234787,93673,0.0,0.0
2009-12-21 00:00:00+08:00,0.0687587708234787,0.0687587708234787,0.06684881611924512,0.0687587708234787,419877,0.0,0.0
2009-12-22 00:00:00+08:00,0.0687587708234787,0.0687587708234787,0.06684881611924512,0.0687587708234787,136652,0.0,0.0
2009-12-23 00:00:00+08:00,0.06684881611924512,0.0687587708234787,0.06684881611924512,0.0687587708234787,11020,0.0,0.0
2009-12-28 00:00:00+08:00,0.0687587708234787,0.0687587708234787,0.0687587708234787,0.0687587708234787,190652,0.0,0.0
2009-12-29 00:00:00+08:00,0.0687587708234787,0.07066872552771228,0.0687587708234787,0.0687587708234787,242448,0.0,0.0
2009-12-30 00:00:00+08:00,0.07066871225833893,0.07066871225833893,0.06875875791273503,0.07066871225833893,904774,0.0,0.0
2010-01-04 00:00:00+08:00,0.07066871603502968,0.07448862493038177,0.07066871603502968,0.07448862493038177,1528529,0.0,0.0
2010-01-05 00:00:00+08:00,0.0763985887169838,0.08021849807927972,0.0763985887169838,0.0763985887169838,4544812,0.0,0.0
2010-01-06 00:00:00+08:00,0.07830854339813176,0.07830854339813176,0.07448863403583582,0.0763985887169838,1048040,0.0,0.0
2010-01-07 00:00:00+08:00,0.07448863403583582,0.0763985887169838,0.07448863403583582,0.0763985887169838,462856,0.0,0.0
2010-01-08 00:00:00+08:00,0.07639859760035474,0.0802185074068169,0.07639859760035474,0.07830855250358582,2693385,0.0,0.0
2010-01-11 00:00:00+08:00,0.07830855783925543,0.08785832673311234,0.07830855783925543,0.08785832673311234,5963138,0.0,0.0
2010-01-12 00:00:00+08:00,0.08976824927906892,0.09167820362121912,0.08594834059476852,0.08594834059476852,21461126,0.0,0.0
2010-01-13 00:00:00+08:00,0.08403840504368537,0.08403840504368537,0.08212845027446747,0.08212845027446747,1493264,0.0,0.0
2010-01-14 00:00:00+08:00,0.08403838625261832,0.08785829493691871,0.08212843191046812,0.08594834059476852,1733508,0.0,0.0
2010-01-15 00:00:00+08:00,0.08594835981290326,0.08594835981290326,0.08212845027446747,0.08212845027446747,891550,0.0,0.0
2010-01-18 00:00:00+08:00,0.08403840504368537,0.08403840504368537,0.08021850177823525,0.08212845027446747,994040,0.0,0.0
2010-01-19 00:00:00+08:00,0.08212844224801816,0.08212844224801816,0.07830853935588887,0.08021849393844604,1735713,0.0,0.0
2010-01-20 00:00:00+08:00,0.0802185074068169,0.08212845603706184,0.07830855250358582,0.07830855250358582,660121,0.0,0.0
2010-01-21 00:00:00+08:00,0.07830853935588887,0.08021849393844604,0.07830853935588887,0.08021849393844604,769223,0.0,0.0
2010-01-22 00:00:00+08:00,0.07830854339813176,0.07830854339813176,0.0763985887169838,0.0763985887169838,1432652,0.0,0.0
2010-01-25 00:00:00+08:00,0.07448863403583582,0.0763985887169838,0.07448863403583582,0.0763985887169838,552122,0.0,0.0
2010-01-26 00:00:00+08:00,0.07830855590465263,0.08021851089083613,0.07066873595991864,0.07257869094610214,1664080,0.0,0.0
2010-01-27 00:00:00+08:00,0.07257868023194586,0.07257868023194586,0.0687587708234787,0.0687587708234787,887142,0.0,0.0
2010-01-28 00:00:00+08:00,0.07066873595991864,0.07448864593228564,0.07066873595991864,0.07257869094610214,674448,0.0,0.0
2010-01-29 00:00:00+08:00,0.07639860091846915,0.07639860091846915,0.07257869094610214,0.07257869094610214,195061,0.0,0.0
2010-02-01 00:00:00+08:00,0.07257869094610214,0.07257869094610214,0.07066873595991864,0.07257869094610214,251265,0.0,0.0
2010-02-02 00:00:00+08:00,0.07257866660394283,0.07257866660394283,0.07066871225833893,0.07066871225833893,176326,0.0,0.0
2010-02-03 00:00:00+08:00,0.07066871225833893,0.07257866660394283,0.07066871225833893,0.07066871225833893,247959,0.0,0.0
2010-02-04 00:00:00+08:00,0.07257869094610214,0.07257869094610214,0.07066873595991864,0.07257869094610214,602815,0.0,0.0
2010-02-05 00:00:00+08:00,0.0687587708234787,0.07066872552771228,0.0687587708234787,0.0687587708234787,689877,0.0,0.0
2010-02-08 00:00:00+08:00,0.06875875791273503,0.07066871225833893,0.06875875791273503,0.07066871225833893,577468,0.0,0.0
2010-02-09 00:00:00+08:00,0.06875875791273503,0.07066871225833893,0.06684880356713112,0.07066871225833893,591795,0.0,0.0
2010-02-10 00:00:00+08:00,0.06875875791273503,0.07066871225833893,0.06875875791273503,0.07066871225833893,428693,0.0,0.0
2010-02-11 00:00:00+08:00,0.07066871225833893,0.07639857529515064,0.07066871225833893,0.07066871225833893,1751141,0.0,0.0
2010-02-12 00:00:00+08:00,0.07257866660394283,0.07257866660394283,0.07066871225833893,0.07066871225833893,315183,0.0,0.0
2010-02-17 00:00:00+08:00,0.07257866660394283,0.07257866660394283,0.07066871225833893,0.07066871225833893,403346,0.0,0.0
2010-02-18 00:00:00+08:00,0.07066871225833893,0.07066871225833893,0.06875875791273503,0.07066871225833893,474979,0.0,0.0
2010-02-19 00:00:00+08:00,0.06875875791273503,0.07066871225833893,0.06875875791273503,0.07066871225833893,224816,0.0,0.0
2010-02-22 00:00:00+08:00,0.0687587708234787,0.0687587708234787,0.0687587708234787,0.0687587708234787,122326,0.0,0.0
2010-02-23 00:00:00+08:00,0.0687587708234787,0.0687587708234787,0.0687587708234787,0.0687587708234787,185142,0.0,0.0
2010-02-24 00:00:00+08:00,0.0687587708234787,0.0687587708234787,0.0687587708234787,0.0687587708234787,160897,0.0,0.0
2010-02-25 00:00:00+08:00,0.07066871225833893,0.07257866660394283,0.06875875791273503,0.07066871225833893,1315835,0.0,0.0
2010-02-26 00:00:00+08:00,0.07257866660394283,0.07257866660394283,0.06875875791273503,0.07066871225833893,542203,0.0,0.0
2010-03-01 00:00:00+08:00,0.07066873595991864,0.07257869094610214,0.06875878097373514,0.07257869094610214,214897,0.0,0.0
2010-03-02 00:00:00+08:00,0.07448864593228564,0.07639860091846915,0.07257869094610214,0.07257869094610214,8126442,0.0,0.0
2010-03-03 00:00:00+08:00,0.07257866660394283,0.07257866660394283,0.07066871225833893,0.07066871225833893,93673,0.0,0.0
2010-03-04 00:00:00+08:00,0.07066873595991864,0.07257869094610214,0.06875878097373514,0.07257869094610214,392326,0.0,0.0
2010-03-05 00:00:00+08:00,0.07448862094954674,0.07448862094954674,0.06875875791273503,0.07066871225833893,467264,0.0,0.0
2010-03-08 00:00:00+08:00,0.07066871225833893,0.07066871225833893,0.07066871225833893,0.07066871225833893,698693,0.0,0.0
2010-03-09 00:00:00+08:00,0.07066872552771228,0.07066872552771228,0.0687587708234787,0.0687587708234787,614938,0.0,0.0
2010-03-10 00:00:00+08:00,0.07066871225833893,0.07257866660394283,0.06875875791273503,0.07066871225833893,549917,0.0,0.0
2010-03-11 00:00:00+08:00,0.07066871225833893,0.07066871225833893,0.07066871225833893,0.07066871225833893,155387,0.0,0.0
2010-03-12 00:00:00+08:00,0.07066871225833893,0.07066871225833893,0.07066871225833893,0.07066871225833893,173020,0.0,0.0
2010-03-15 00:00:00+08:00,0.07066871225833893,0.07639857529515064,0.07066871225833893,0.07066871225833893,2974405,0.0,0.0
2010-03-16 00:00:00+08:00,0.07257869094610214,0.07257869094610214,0.07066873595991864,0.07257869094610214,145469,0.0,0.0
2010-03-17 00:00:00+08:00,0.07257869094610214,0.07257869094610214,0.07066873595991864,0.07257869094610214,767019,0.0,0.0
2010-03-18 00:00:00+08:00,0.07257866660394283,0.07257866660394283,0.07066871225833893,0.07066871225833893,333918,0.0,0.0
2010-03-19 00:00:00+08:00,0.07257866660394283,0.07257866660394283,0.07066871225833893,0.07066871225833893,91469,0.0,0.0
2010-03-22 00:00:00+08:00,0.07066871225833893,0.07066871225833893,0.07066871225833893,0.07066871225833893,197265,0.0,0.0
2010-03-23 00:00:00+08:00,0.07066871225833893,0.07257866660394283,0.07066871225833893,0.07066871225833893,170816,0.0,0.0
2010-03-24 00:00:00+08:00,0.07257869094610214,0.07257869094610214,0.07066873595991864,0.07257869094610214,328407,0.0,0.0
2010-03-25 00:00:00+08:00,0.07257869094610214,0.07448864593228564,0.07257869094610214,0.07257869094610214,1262937,0.0,0.0
2010-03-26 00:00:00+08:00,0.07257867048270572,0.07448862493038177,0.07257867048270572,0.07448862493038177,377999,0.0,0.0
2010-03-29 00:00:00+08:00,0.07448862493038177,0.07639857937805782,0.07257867048270572,0.07448862493038177,1084407,0.0,0.0
2010-03-30 00:00:00+08:00,0.07448862493038177,0.07448862493038177,0.07257867048270572,0.07448862493038177,185142,0.0,0.0
2010-03-31 00:00:00+08:00,0.07257869094610214,0.07257869094610214,0.07066873595991864,0.07257869094610214,463958,0.0,0.0
2010-04-01 00:00:00+08:00,0.07257869094610214,0.07448864593228564,0.07257869094610214,0.07257869094610214,476081,0.0,0.0
2010-04-05 00:00:00+08:00,0.07448862493038177,0.07448862493038177,0.07257867048270572,0.07448862493038177,425387,0.0,0.0
2010-04-06 00:00:00+08:00,0.07448864593228564,0.07448864593228564,0.07257869094610214,0.07257869094610214,955468,0.0,0.0
2010-04-07 00:00:00+08:00,0.07257867048270572,0.07639857937805782,0.07257867048270572,0.07448862493038177,1476733,0.0,0.0
2010-04-08 00:00:00+08:00,0.07448862493038177,0.07448862493038177,0.07448862493038177,0.07448862493038177,521264,0.0,0.0
2010-04-09 00:00:00+08:00,0.07448863403583582,0.07830854339813176,0.07448863403583582,0.0763985887169838,1882284,0.0,0.0
2010-04-12 00:00:00+08:00,0.07830853382573387,0.07830853382573387,0.07448862493038177,0.07448862493038177,607224,0.0,0.0
2010-04-13 00:00:00+08:00,0.07639857937805782,0.07639857937805782,0.07257867048270572,0.07448862493038177,532285,0.0,0.0
2010-04-14 00:00:00+08:00,0.07448862493038177,0.07639857937805782,0.07448862493038177,0.07448862493038177,765917,0.0,0.0
2010-04-15 00:00:00+08:00,0.07448862493038177,0.07639857937805782,0.07448862493038177,0.07448862493038177,1041427,0.0,0.0
2010-04-16 00:00:00+08:00,0.07448864269712366,0.07830855250358582,0.0725786877938926,0.07830855250358582,1971549,0.0,0.0
2010-04-19 00:00:00+08:00,0.07639858477333168,0.08021849393844604,0.0744886301907745,0.08021849393844604,1655264,0.0,0.0
2010-04-20 00:00:00+08:00,0.08021849393844604,0.08403839683057535,0.07830853935588887,0.08021849393844604,9589952,0.0,0.0
2010-04-21 00:00:00+08:00,0.07830855250358582,0.07830855250358582,0.07639859760035474,0.07830855250358582,393428,0.0,0.0
2010-04-22 00:00:00+08:00,0.0763985887169838,0.0763985887169838,0.0763985887169838,0.0763985887169838,681060,0.0,0.0
2010-04-23 00:00:00+08:00,0.0763985887169838,0.0763985887169838,0.07448863403583582,0.0763985887169838,1298203,0.0,0.0
2010-04-26 00:00:00+08:00,0.0763985887169838,0.0763985887169838,0.07448863403583582,0.0763985887169838,586285,0.0,0.0
2010-04-27 00:00:00+08:00,0.07448864593228564,0.07448864593228564,0.07257869094610214,0.07257869094610214,1545060,0.0,0.0
2010-04-28 00:00:00+08:00,0.07448862493038177,0.07448862493038177,0.07066871603502968,0.07448862493038177,1010570,0.0,0.0
2010-04-29 00:00:00+08:00,0.07257867048270572,0.07448862493038177,0.07257867048270572,0.07448862493038177,55102,0.0,0.0
2010-04-30 00:00:00+08:00,0.07257869094610214,0.07257869094610214,0.07257869094610214,0.07257869094610214,126734,0.0,0.0
2010-05-03 00:00:00+08:00,0.07257866660394283,0.07257866660394283,0.07066871225833893,0.07066871225833893,751591,0.0,0.0
2010-05-04 00:00:00+08:00,0.07257866660394283,0.07257866660394283,0.07066871225833893,0.07066871225833893,243550,0.0,0.0
2010-05-05 00:00:00+08:00,0.07066873595991864,0.07257869094610214,0.06875878097373514,0.07257869094610214,783550,0.0,0.0
2010-05-06 00:00:00+08:00,0.07066871225833893,0.07066871225833893,0.06875875791273503,0.07066871225833893,1416121,0.0,0.0
2010-05-07 00:00:00+08:00,0.0687587708234787,0.0687587708234787,0.0687587708234787,0.0687587708234787,903672,0.0,0.0
2010-05-10 00:00:00+08:00,0.06875875791273503,0.07066871225833893,0.06875875791273503,0.07066871225833893,500326,0.0,0.0
2010-05-11 00:00:00+08:00,0.07066872552771228,0.07066872552771228,0.0687587708234787,0.0687587708234787,198367,0.0,0.0
2010-05-12 00:00:00+08:00,0.06875875791273503,0.07066871225833893,0.06875875791273503,0.07066871225833893,312979,0.0,0.0
2010-05-13 00:00:00+08:00,0.0687587708234787,0.0687587708234787,0.0687587708234787,0.0687587708234787,182938,0.0,0.0
2010-05-14 00:00:00+08:00,0.0687587708234787,0.0687587708234787,0.0687587708234787,0.0687587708234787,260081,0.0,0.0
2010-05-17 00:00:00+08:00,0.06684881611924512,0.0687587708234787,0.06684881611924512,0.0687587708234787,546611,0.0,0.0
2010-05-18 00:00:00+08:00,0.0687587708234787,0.0687587708234787,0.0687587708234787,0.0687587708234787,419877,0.0,0.0
2010-05-19 00:00:00+08:00,0.06684881611924512,0.0687587708234787,0.06684881611924512,0.0687587708234787,251265,0.0,0.0
2010-05-20 00:00:00+08:00,0.06684880703687668,0.06684880703687668,0.06684880703687668,0.06684880703687668,211591,0.0,0.0
2010-05-21 00:00:00+08:00,0.06493885259213779,0.06684880703687668,0.06302889814739888,0.06684880703687668,490407,0.0,0.0
2010-05-24 00:00:00+08:00,0.06493884325027466,0.06493884325027466,0.06493884325027466,0.06493884325027466,208285,0.0,0.0
2010-05-25 00:00:00+08:00,0.06302891150476901,0.06302891150476901,0.0611189566552639,0.0611189566552639,796774,0.0,0.0
2010-05-26 00:00:00+08:00,0.06111896170913799,0.06302891671657562,0.06111896170913799,0.06302891671657562,320693,0.0,0.0
2010-05-27 00:00:00+08:00,0.06111896170913799,0.06302891671657562,0.06111896170913799,0.06302891671657562,74938,0.0,0.0
2010-05-31 00:00:00+08:00,0.06302891671657562,0.06493887172401326,0.06302891671657562,0.06302891671657562,200571,0.0,0.0
2010-06-01 00:00:00+08:00,0.06302891150476901,0.06302891150476901,0.0611189566552639,0.0611189566552639,264489,0.0,0.0
2010-06-02 00:00:00+08:00,0.06302891671657562,0.06302891671657562,0.06111896170913799,0.06302891671657562,578571,0.0,0.0
2010-06-03 00:00:00+08:00,0.06302891671657562,0.06302891671657562,0.06302891671657562,0.06302891671657562,47387,0.0,0.0
2010-06-04 00:00:00+08:00,0.06493884325027466,0.06493884325027466,0.06493884325027466,0.06493884325027466,656815,0.0,0.0
2010-06-07 00:00:00+08:00,0.06302891671657562,0.06302891671657562,0.06302891671657562,0.06302891671657562,195061,0.0,0.0
2010-06-08 00:00:00+08:00,0.06302891150476901,0.06302891150476901,0.0611189566552639,0.0611189566552639,407754,0.0,0.0
2010-06-09 00:00:00+08:00,0.06111896170913799,0.06302891671657562,0.06111896170913799,0.06302891671657562,234734,0.0,0.0
2010-06-10 00:00:00+08:00,0.06302891671657562,0.06493887172401326,0.06302891671657562,0.06302891671657562,590693,0.0,0.0
2010-06-11 00:00:00+08:00,0.06493887172401326,0.06493887172401326,0.06302891671657562,0.06302891671657562,102489,0.0,0.0
2010-06-14 00:00:00+08:00,0.06302888908029475,0.06493884325027466,0.06302888908029475,0.06493884325027466,149877,0.0,0.0
2010-06-15 00:00:00+08:00,0.06493884325027466,0.06493884325027466,0.06493884325027466,0.06493884325027466,297550,0.0,0.0
2010-06-16 00:00:00+08:00,0.06493884325027466,0.06684879742025457,0.06493884325027466,0.06493884325027466,238040,0.0,0.0
2010-06-17 00:00:00+08:00,0.06493884325027466,0.06493884325027466,0.06302888908029475,0.06493884325027466,300856,0.0,0.0
2010-06-18 00:00:00+08:00,0.06493886141501154,0.0687587708234787,0.06493886141501154,0.0687587708234787,462856,0.0,0.0
2010-06-21 00:00:00+08:00,0.06684881611924512,0.07066872552771228,0.06493886141501154,0.0687587708234787,1698243,0.0,0.0
2010-06-22 00:00:00+08:00,0.06875876148161557,0.06875876148161557,0.06684880703687668,0.06684880703687668,204979,0.0,0.0
2010-06-23 00:00:00+08:00,0.06684880356713112,0.07066871225833893,0.06684880356713112,0.07066871225833893,71632,0.0,0.0
2010-06-24 00:00:00+08:00,0.0687587708234787,0.07257868023194586,0.0687587708234787,0.0687587708234787,4138160,0.0,0.0
2010-06-25 00:00:00+08:00,0.07066872552771228,0.07066872552771228,0.06684881611924512,0.0687587708234787,379101,0.0,0.0
2010-06-28 00:00:00+08:00,0.0687587708234787,0.0687587708234787,0.0687587708234787,0.0687587708234787,47387,0.0,0.0
2010-06-29 00:00:00+08:00,0.06875876148161557,0.06875876148161557,0.06684880703687668,0.06684880703687668,495918,0.0,0.0
2010-06-30 00:00:00+08:00,0.06684880703687668,0.06684880703687668,0.06684880703687668,0.06684880703687668,462856,0.0,0.0
2010-07-01 00:00:00+08:00,0.06684880703687668,0.06684880703687668,0.06684880703687668,0.06684880703687668,212693,0.0,0.0
2010-07-02 00:00:00+08:00,0.06493885259213779,0.06684880703687668,0.06493885259213779,0.06684880703687668,396734,0.0,0.0
2010-07-05 00:00:00+08:00,0.06493885259213779,0.06684880703687668,0.06302889814739888,0.06684880703687668,477183,0.0,0.0
2010-07-06 00:00:00+08:00,0.06493885259213779,0.06684880703687668,0.06493885259213779,0.06684880703687668,133346,0.0,0.0
2010-07-07 00:00:00+08:00,0.06684880703687668,0.06684880703687668,0.06493885259213779,0.06684880703687668,578571,0.0,0.0
2010-07-08 00:00:00+08:00,0.06684881611924512,0.0687587708234787,0.06684881611924512,0.0687587708234787,113510,0.0,0.0
2010-07-09 00:00:00+08:00,0.06684881611924512,0.0687587708234787,0.06684881611924512,0.0687587708234787,144367,0.0,0.0
2010-07-12 00:00:00+08:00,0.06684881611924512,0.0687587708234787,0.06684881611924512,0.0687587708234787,92571,0.0,0.0
2010-07-13 00:00:00+08:00,0.06684881611924512,0.0687587708234787,0.06684881611924512,0.0687587708234787,196163,0.0,0.0
2010-07-14 00:00:00+08:00,0.06684881611924512,0.0687587708234787,0.06493886141501154,0.0687587708234787,321795,0.0,0.0
2010-07-15 00:00:00+08:00,0.06684880703687668,0.06684880703687668,0.06684880703687668,0.06684880703687668,363673,0.0,0.0
2010-07-16 00:00:00+08:00,0.06684880703687668,0.06684880703687668,0.06493885259213779,0.06684880703687668,38571,0.0,0.0
2010-07-19 00:00:00+08:00,0.06493884325027466,0.06684879742025457,0.06493884325027466,0.06493884325027466,119020,0.0,0.0
2010-07-20 00:00:00+08:00,0.06684881611924512,0.0687587708234787,0.06493886141501154,0.0687587708234787,222612,0.0,0.0
2010-07-21 00:00:00+08:00,0.06684880703687668,0.06684880703687668,0.06684880703687668,0.06684880703687668,184040,0.0,0.0
2010-07-22 00:00:00+08:00,0.06493885259213779,0.06684880703687668,0.06493885259213779,0.06684880703687668,66122,0.0,0.0
2010-07-23 00:00:00+08:00,0.06684880703687668,0.06684880703687668,0.06684880703687668,0.06684880703687668,154285,0.0,0.0
2010-07-26 00:00:00+08:00,0.06684880703687668,0.06875876148161557,0.06684880703687668,0.06684880703687668,90367,0.0,0.0
2010-07-27 00:00:00+08:00,0.06684881611924512,0.0687587708234787,0.06684881611924512,0.0687587708234787,44081,0.0,0.0
2010-07-28 00:00:00+08:00,0.06684880703687668,0.06684880703687668,0.06493885259213779,0.06684880703687668,230326,0.0,0.0
2010-07-29 00:00:00+08:00,0.06684880703687668,0.06684880703687668,0.06684880703687668,0.06684880703687668,102489,0.0,0.0
2010-07-30 00:00:00+08:00,0.06684880703687668,0.06684880703687668,0.06684880703687668,0.06684880703687668,141061,0.0,0.0
2010-08-02 00:00:00+08:00,0.06684880703687668,0.06684880703687668,0.06684880703687668,0.06684880703687668,143265,0.0,0.0
2010-08-03 00:00:00+08:00,0.0687587708234787,0.07066872552771228,0.06684881611924512,0.0687587708234787,1485549,0.0,0.0
2010-08-04 00:00:00+08:00,0.06875876148161557,0.06875876148161557,0.06684880703687668,0.06684880703687668,233632,0.0,0.0
2010-08-05 00:00:00+08:00,0.0687587708234787,0.0687587708234787,0.06684881611924512,0.0687587708234787,490407,0.0,0.0
2010-08-06 00:00:00+08:00,0.06684881611924512,0.0687587708234787,0.06684881611924512,0.0687587708234787,272203,0.0,0.0
2010-08-10 00:00:00+08:00,0.06684880703687668,0.06684880703687668,0.06684880703687668,0.06684880703687668,770325,0.0,0.0
2010-08-11 00:00:00+08:00,0.06684879742025457,0.06684879742025457,0.06493884325027466,0.06493884325027466,443020,0.0,0.0
2010-08-12 00:00:00+08:00,0.06493885259213779,0.06684880703687668,0.06493885259213779,0.06684880703687668,798979,0.0,0.0
2010-08-13 00:00:00+08:00,0.06684881611924512,0.0687587708234787,0.06493886141501154,0.0687587708234787,215999,0.0,0.0
2010-08-16 00:00:00+08:00,0.06493884325027466,0.06684879742025457,0.06493884325027466,0.06493884325027466,168612,0.0,0.0
2010-08-17 00:00:00+08:00,0.06493884325027466,0.06493884325027466,0.06493884325027466,0.06493884325027466,424285,0.0,0.0
2010-08-18 00:00:00+08:00,0.06493884325027466,0.06493884325027466,0.06493884325027466,0.06493884325027466,142163,0.0,0.0
2010-08-19 00:00:00+08:00,0.06493884325027466,0.06493884325027466,0.06493884325027466,0.06493884325027466,688775,0.0,0.0
2010-08-20 00:00:00+08:00,0.06684880703687668,0.06684880703687668,0.06493885259213779,0.06684880703687668,199469,0.0,0.0
2010-08-23 00:00:00+08:00,0.06493884325027466,0.06493884325027466,0.06302888908029475,0.06493884325027466,468367,0.0,0.0
2010-08-24 00:00:00+08:00,0.06493884922152722,0.07066871225833893,0.06302889487592332,0.07066871225833893,2563345,0.0,0.0
2010-08-25 00:00:00+08:00,0.07066872552771228,0.07257868023194586,0.06684881611924512,0.0687587708234787,15108968,0.0,0.0
2010-08-26 00:00:00+08:00,0.06875876148161557,0.06875876148161557,0.06684880703687668,0.06684880703687668,3204732,0.0,0.0
2010-08-27 00:00:00+08:00,0.06684880703687668,0.06684880703687668,0.06493885259213779,0.06684880703687668,288734,0.0,0.0
2010-08-30 00:00:00+08:00,0.06684879742025457,0.06684879742025457,0.06493884325027466,0.06493884325027466,168612,0.0,0.0
2010-08-31 00:00:00+08:00,0.06493887172401326,0.06493887172401326,0.06302891671657562,0.06302891671657562,1186897,0.0,0.0
2010-09-01 00:00:00+08:00,0.06493884325027466,0.06684879742025457,0.06493884325027466,0.06493884325027466,978611,0.0,0.0
2010-09-02 00:00:00+08:00,0.06493884325027466,0.06493884325027466,0.06302888908029475,0.06493884325027466,449632,0.0,0.0
2010-09-03 00:00:00+08:00,0.06493884325027466,0.06493884325027466,0.06302888908029475,0.06493884325027466,1074489,0.0,0.0
2010-09-06 00:00:00+08:00,0.06493885259213779,0.06684880703687668,0.06493885259213779,0.06684880703687668,483795,0.0,0.0
2010-09-07 00:00:00+08:00,0.06493884325027466,0.06684879742025457,0.06493884325027466,0.06493884325027466,353754,0.0,0.0
2010-09-08 00:00:00+08:00,0.06493887172401326,0.06493887172401326,0.06302891671657562,0.06302891671657562,728448,0.0,0.0
2010-09-09 00:00:00+08:00,0.06493884325027466,0.06684879742025457,0.06493884325027466,0.06493884325027466,1313631,0.0,0.0
2010-09-13 00:00:00+08:00,0.06684880703687668,0.06684880703687668,0.06493885259213779,0.06684880703687668,299754,0.0,0.0
2010-09-14 00:00:00+08:00,0.06493885259213779,0.06684880703687668,0.06493885259213779,0.06684880703687668,743877,0.0,0.0
2010-09-15 00:00:00+08:00,0.06493885259213779,0.06684880703687668,0.06493885259213779,0.06684880703687668,701999,0.0,0.0
2010-09-16 00:00:00+08:00,0.06684881611924512,0.07066872552771228,0.06684881611924512,0.0687587708234787,12011133,0.0,0.0
2010-09-17 00:00:00+08:00,0.06875876148161557,0.07066871592635447,0.06684880703687668,0.06684880703687668,3113263,0.0,0.0
2010-09-20 00:00:00+08:00,0.06684881611924512,0.0687587708234787,0.06493886141501154,0.0687587708234787,895958,0.0,0.0
2010-09-21 00:00:00+08:00,0.0687587708234787,0.07066872552771228,0.06493886141501154,0.0687587708234787,3097834,0.0,0.0
2010-09-22 00:00:00+08:00,0.06875875791273503,0.07257866660394283,0.06875875791273503,0.07066871225833893,9370646,0.0,0.0
2010-09-23 00:00:00+08:00,0.06875876148161557,0.07066871592635447,0.06684880703687668,0.06684880703687668,1521917,0.0,0.0
2010-09-24 00:00:00+08:00,0.06875876148161557,0.06875876148161557,0.06684880703687668,0.06684880703687668,470571,0.0,0.0
2010-09-27 00:00:00+08:00,0.0687587708234787,0.07066872552771228,0.0687587708234787,0.0687587708234787,894856,0.0,0.0
2010-09-28 00:00:00+08:00,0.06875876148161557,0.06875876148161557,0.06684880703687668,0.06684880703687668,1552774,0.0,0.0
2010-09-29 00:00:00+08:00,0.0687587708234787,0.07066872552771228,0.0687587708234787,0.0687587708234787,2111508,0.0,0.0
2010-09-30 00:00:00+08:00,0.0687587708234787,0.0687587708234787,0.06684881611924512,0.0687587708234787,395632,0.0,0.0
2010-10-01 00:00:00+08:00,0.06875876148161557,0.06875876148161557,0.06684880703687668,0.06684880703687668,666734,0.0,0.0
2010-10-04 00:00:00+08:00,0.0687587708234787,0.07066872552771228,0.0687587708234787,0.0687587708234787,893754,0.0,0.0
2010-10-05 00:00:00+08:00,0.06875875791273503,0.07066871225833893,0.06875875791273503,0.07066871225833893,559836,0.0,0.0
2010-10-06 00:00:00+08:00,0.07066872552771228,0.07257868023194586,0.0687587708234787,0.0687587708234787,3166160,0.0,0.0
2010-10-07 00:00:00+08:00,0.0687587708234787,0.07066872552771228,0.0687587708234787,0.0687587708234787,425387,0.0,0.0
2010-10-08 00:00:00+08:00,0.0687587708234787,0.07066872552771228,0.06684881611924512,0.0687587708234787,1772080,0.0,0.0
2010-10-11 00:00:00+08:00,0.0687587708234787,0.0687587708234787,0.06684881611924512,0.0687587708234787,878325,0.0,0.0
2010-10-12 00:00:00+08:00,0.0687587708234787,0.07066872552771228,0.0687587708234787,0.0687587708234787,716326,0.0,0.0
2010-10-13 00:00:00+08:00,0.0687587708234787,0.0687587708234787,0.0687587708234787,0.0687587708234787,190652,0.0,0.0
2010-10-14 00:00:00+08:00,0.06875876148161557,0.06875876148161557,0.06684880703687668,0.06684880703687668,736162,0.0,0.0
2010-10-15 00:00:00+08:00,0.06684881611924512,0.0687587708234787,0.06684881611924512,0.0687587708234787,554326,0.0,0.0
2010-10-18 00:00:00+08:00,0.0687587708234787,0.07066872552771228,0.0687587708234787,0.0687587708234787,603917,0.0,0.0
2010-10-19 00:00:00+08:00,0.0687587708234787,0.07066872552771228,0.06684881611924512,0.0687587708234787,644693,0.0,0.0
2010-10-20 00:00:00+08:00,0.0687587708234787,0.0687587708234787,0.0687587708234787,0.0687587708234787,481591,0.0,0.0
2010-10-21 00:00:00+08:00,0.06875875791273503,0.07066871225833893,0.06875875791273503,0.07066871225833893,1788610,0.0,0.0
2010-10-22 00:00:00+08:00,0.07066872552771228,0.07066872552771228,0.0687587708234787,0.0687587708234787,284326,0.0,0.0
2010-10-25 00:00:00+08:00,0.0687587708234787,0.07066872552771228,0.06684881611924512,0.0687587708234787,1014978,0.0,0.0
2010-10-26 00:00:00+08:00,0.0687587708234787,0.0687587708234787,0.06684881611924512,0.0687587708234787,717428,0.0,0.0
2010-10-27 00:00:00+08:00,0.06684880703687668,0.06875876148161557,0.06684880703687668,0.06684880703687668,171918,0.0,0.0
2010-10-28 00:00:00+08:00,0.06875876148161557,0.06875876148161557,0.06684880703687668,0.06684880703687668,277714,0.0,0.0
2010-10-29 00:00:00+08:00,0.0687587708234787,0.0687587708234787,0.06684881611924512,0.0687587708234787,545509,0.0,0.0
2010-11-01 00:00:00+08:00,0.0687587708234787,0.07066872552771228,0.06684881611924512,0.0687587708234787,599509,0.0,0.0
2010-11-02 00:00:00+08:00,0.0687587708234787,0.0687587708234787,0.06684881611924512,0.0687587708234787,202775,0.0,0.0
2010-11-03 00:00:00+08:00,0.06875875791273503,0.07066871225833893,0.06684880356713112,0.07066871225833893,1324652,0.0,0.0
2010-11-04 00:00:00+08:00,0.06979824602603912,0.06979824602603912,0.06785941717921563,0.06979824602603912,1206733,0.0025,0.0
2010-11-08 00:00:00+08:00,0.06979824602603912,0.06979824602603912,0.06785941717921563,0.06979824602603912,1221060,0.0,0.0
2010-11-09 00:00:00+08:00,0.06785939633846283,0.06979822458983982,0.06785939633846283,0.06785939633846283,957672,0.0,0.0
2010-11-10 00:00:00+08:00,0.06979822458983982,0.06979822458983982,0.06785939633846283,0.06785939633846283,1980365,0.0,0.0
2010-11-11 00:00:00+08:00,0.06979824602603912,0.06979824602603912,0.06785941717921563,0.06979824602603912,307469,0.0,0.0
2010-11-12 00:00:00+08:00,0.06979824602603912,0.06979824602603912,0.06785941717921563,0.06979824602603912,392326,0.0,0.0
2010-11-15 00:00:00+08:00,0.06979824602603912,0.06979824602603912,0.06785941717921563,0.06979824602603912,274407,0.0,0.0
2010-11-16 00:00:00+08:00,0.06979822458983982,0.06979822458983982,0.06785939633846283,0.06785939633846283,832040,0.0,0.0
2010-11-18 00:00:00+08:00,0.06785941717921563,0.06979824602603912,0.06592058833239214,0.06979824602603912,1731304,0.0,0.0
2010-11-19 00:00:00+08:00,0.06623724102973938,0.06623724102973938,0.06410055788936651,0.06623724102973938,894000,0.0,0.0
2010-11-22 00:00:00+08:00,0.06623723915548611,0.06623723915548611,0.06410055607557297,0.06410055607557297,198000,0.0,0.0
2010-11-23 00:00:00+08:00,0.06410055687033954,0.06410055687033954,0.06196386739611626,0.06196386739611626,663000,0.0,0.0
2010-11-24 00:00:00+08:00,0.06196386662784196,0.06410055607557297,0.06196386662784196,0.06410055607557297,340000,0.0,0.0
2010-11-25 00:00:00+08:00,0.06410055607557297,0.06410055607557297,0.06196386662784196,0.06410055607557297,265000,0.0,0.0
2010-11-26 00:00:00+08:00,0.061963861624027526,0.061963861624027526,0.05769049580929157,0.059827178716659546,1516000,0.0,0.0
2010-11-29 00:00:00+08:00,0.05982718432058159,0.05982718432058159,0.05769050121307373,0.05769050121307373,228000,0.0,0.0
2010-11-30 00:00:00+08:00,0.05769050121307373,0.05769050121307373,0.05341712863024006,0.05769050121307373,1696000,0.0,0.0
2010-12-01 00:00:00+08:00,0.05769050121307373,0.05769050121307373,0.05341712863024006,0.05769050121307373,3019000,0.0,0.0
2010-12-02 00:00:00+08:00,0.05769050121307373,0.05769050121307373,0.05555381173774792,0.05769050121307373,1262000,0.0,0.0
2010-12-03 00:00:00+08:00,0.057690494302411265,0.057690494302411265,0.05555380508303642,0.05555380508303642,1137000,0.0,0.0
2010-12-06 00:00:00+08:00,0.05555380508303642,0.05555380508303642,0.05555380508303642,0.05555380508303642,747000,0.0,0.0
2010-12-07 00:00:00+08:00,0.05555380508303642,0.057690494302411265,0.05555380508303642,0.05555380508303642,334000,0.0,0.0
2010-12-08 00:00:00+08:00,0.05555380508303642,0.057690494302411265,0.05555380508303642,0.05555380508303642,445000,0.0,0.0
2010-12-09 00:00:00+08:00,0.05555380508303642,0.057690494302411265,0.05555380508303642,0.05555380508303642,117000,0.0,0.0
2010-12-10 00:00:00+08:00,0.05555380508303642,0.057690494302411265,0.05555380508303642,0.05555380508303642,400000,0.0,0.0
2010-12-13 00:00:00+08:00,0.057690501183305584,0.06196386739611626,0.057690501183305584,0.06196386739611626,1423000,0.0,0.0
2010-12-14 00:00:00+08:00,0.061963861624027526,0.061963861624027526,0.059827178716659546,0.059827178716659546,518000,0.0,0.0
2010-12-15 00:00:00+08:00,0.059827178716659546,0.059827178716659546,0.059827178716659546,0.059827178716659546,396000,0.0,0.0
2010-12-16 00:00:00+08:00,0.05769049580929157,0.059827178716659546,0.05769049580929157,0.059827178716659546,744000,0.0,0.0
2010-12-17 00:00:00+08:00,0.05982718428971092,0.06410055687033954,0.05982718428971092,0.06196386739611626,5986000,0.0,0.0
2010-12-20 00:00:00+08:00,0.05982718432058159,0.05982718432058159,0.05769050121307373,0.05769050121307373,369000,0.0,0.0
2010-12-21 00:00:00+08:00,0.05555381173774792,0.05982718432058159,0.05555381173774792,0.05769050121307373,2170000,0.0,0.0
2010-12-22 00:00:00+08:00,0.05769050121307373,0.05769050121307373,0.05769050121307373,0.05769050121307373,790000,0.0,0.0
2010-12-23 00:00:00+08:00,0.05769050121307373,0.05982718432058159,0.05769050121307373,0.05769050121307373,1273000,0.0,0.0
2010-12-24 00:00:00+08:00,0.05769050121307373,0.05769050121307373,0.05769050121307373,0.05769050121307373,0,0.0,0.0
2010-12-27 00:00:00+08:00,0.05769050121307373,0.05769050121307373,0.05769050121307373,0.05769050121307373,809000,0.0,0.0
2010-12-28 00:00:00+08:00,0.05769050121307373,0.05982718432058159,0.05769050121307373,0.05769050121307373,402000,0.0,0.0
2010-12-29 00:00:00+08:00,0.05982718432058159,0.061963867428089445,0.05769050121307373,0.05769050121307373,2172000,0.0,0.0
2010-12-30 00:00:00+08:00,0.05982718428971092,0.06196386739611626,0.05982718428971092,0.06196386739611626,2469000,0.0,0.0
2010-12-31 00:00:00+08:00,0.06196386739611626,0.06196386739611626,0.06196386739611626,0.06196386739611626,0,0.0,0.0
2011-01-03 00:00:00+08:00,0.059827178716659546,0.059827178716659546,0.059827178716659546,0.059827178716659546,637000,0.0,0.0
2011-01-04 00:00:00+08:00,0.06196386739611626,0.06196386739611626,0.06196386739611626,0.06196386739611626,4021000,0.0,0.0
2011-01-05 00:00:00+08:00,0.06196386662784196,0.06410055607557297,0.06196386662784196,0.06410055607557297,1293000,0.0,0.0
2011-01-06 00:00:00+08:00,0.06410055788936651,0.06837392417011225,0.06410055788936651,0.06623724102973938,13813000,0.0,0.0
2011-01-07 00:00:00+08:00,0.06623723915548611,0.06623723915548611,0.06410055607557297,0.06410055607557297,1148000,0.0,0.0
2011-01-10 00:00:00+08:00,0.06623724102973938,0.06623724102973938,0.06410055788936651,0.06623724102973938,2507000,0.0,0.0
2011-01-11 00:00:00+08:00,0.06623724102973938,0.06623724102973938,0.06410055788936651,0.06623724102973938,556000,0.0,0.0
2011-01-12 00:00:00+08:00,0.06410055788936651,0.06623724102973938,0.06410055788936651,0.06623724102973938,710000,0.0,0.0
2011-01-13 00:00:00+08:00,0.06623723915548611,0.06623723915548611,0.06410055607557297,0.06410055607557297,2076000,0.0,0.0
2011-01-14 00:00:00+08:00,0.06410055607557297,0.06623723915548611,0.06196386662784196,0.06410055607557297,3442000,0.0,0.0
2011-01-17 00:00:00+08:00,0.06623723915548611,0.06623723915548611,0.06410055607557297,0.06410055607557297,436000,0.0,0.0
2011-01-18 00:00:00+08:00,0.06410055607557297,0.06623723915548611,0.06410055607557297,0.06410055607557297,582000,0.0,0.0
2011-01-19 00:00:00+08:00,0.06410055607557297,0.06410055607557297,0.06410055607557297,0.06410055607557297,370000,0.0,0.0
2011-01-20 00:00:00+08:00,0.06410055607557297,0.06410055607557297,0.06196386662784196,0.06410055607557297,480000,0.0,0.0
2011-01-21 00:00:00+08:00,0.061963868381175596,0.06623724102973938,0.061963868381175596,0.06623724102973938,1708000,0.0,0.0
2011-01-24 00:00:00+08:00,0.06623723915548611,0.07051061168313026,0.06410055607557297,0.06410055607557297,9656000,0.0,0.0
2011-01-25 00:00:00+08:00,0.06623724102973938,0.06623724102973938,0.06410055788936651,0.06623724102973938,510000,0.0,0.0
2011-01-26 00:00:00+08:00,0.06410055788936651,0.06623724102973938,0.06410055788936651,0.06623724102973938,1346000,0.0,0.0
2011-01-27 00:00:00+08:00,0.06623723915548611,0.06623723915548611,0.06410055607557297,0.06410055607557297,752000,0.0,0.0
2011-01-28 00:00:00+08:00,0.06410055607557297,0.06410055607557297,0.06410055607557297,0.06410055607557297,1875000,0.0,0.0
2011-01-31 00:00:00+08:00,0.06410055687033954,0.06410055687033954,0.06196386739611626,0.06196386739611626,1574000,0.0,0.0
2011-02-01 00:00:00+08:00,0.06410055607557297,0.06410055607557297,0.06196386662784196,0.06410055607557297,339000,0.0,0.0
2011-02-02 00:00:00+08:00,0.06196386662784196,0.06410055607557297,0.06196386662784196,0.06410055607557297,62000,0.0,0.0
2011-02-07 00:00:00+08:00,0.06410055687033954,0.06410055687033954,0.06196386739611626,0.06196386739611626,165000,0.0,0.0
2011-02-08 00:00:00+08:00,0.06410055607557297,0.06410055607557297,0.06410055607557297,0.06410055607557297,30000,0.0,0.0
2011-02-09 00:00:00+08:00,0.06196386739611626,0.06410055687033954,0.06196386739611626,0.06196386739611626,209000,0.0,0.0
2011-02-10 00:00:00+08:00,0.06196386662784196,0.06410055607557297,0.06196386662784196,0.06410055607557297,300000,0.0,0.0
2011-02-11 00:00:00+08:00,0.06196386739611626,0.06410055687033954,0.05982718428971092,0.06196386739611626,1145000,0.0,0.0
2011-02-14 00:00:00+08:00,0.06196386739611626,0.06410055687033954,0.06196386739611626,0.06196386739611626,437000,0.0,0.0
2011-02-15 00:00:00+08:00,0.05982718428971092,0.06196386739611626,0.05982718428971092,0.06196386739611626,1939000,0.0,0.0
2011-02-16 00:00:00+08:00,0.059827178716659546,0.061963861624027526,0.059827178716659546,0.059827178716659546,269000,0.0,0.0
2011-02-17 00:00:00+08:00,0.05982718428971092,0.06196386739611626,0.05982718428971092,0.06196386739611626,731000,0.0,0.0
2011-02-18 00:00:00+08:00,0.059827178716659546,0.059827178716659546,0.059827178716659546,0.059827178716659546,200000,0.0,0.0
2011-02-21 00:00:00+08:00,0.059827178716659546,0.061963861624027526,0.05769049580929157,0.059827178716659546,483000,0.0,0.0
2011-02-22 00:00:00+08:00,0.05982717715396891,0.05982717715396891,0.05555380508303642,0.05555380508303642,962000,0.0,0.0
2011-02-23 00:00:00+08:00,0.05555380508303642,0.05555380508303642,0.05341712223147877,0.05555380508303642,1616000,0.0,0.0
2011-02-24 00:00:00+08:00,0.055553810644926926,0.055553810644926926,0.05341712757945061,0.05341712757945061,950000,0.0,0.0
2011-02-25 00:00:00+08:00,0.05555381173774792,0.05769050121307373,0.05555381173774792,0.05769050121307373,571000,0.0,0.0
2011-02-28 00:00:00+08:00,0.05555380508303642,0.057690494302411265,0.05555380508303642,0.05555380508303642,151000,0.0,0.0
2011-03-01 00:00:00+08:00,0.05769050121307373,0.05769050121307373,0.05555381173774792,0.05769050121307373,239000,0.0,0.0
2011-03-02 00:00:00+08:00,0.05769050121307373,0.05769050121307373,0.05555381173774792,0.05769050121307373,463000,0.0,0.0
2011-03-03 00:00:00+08:00,0.05555381173774792,0.05769050121307373,0.05555381173774792,0.05769050121307373,108000,0.0,0.0
2011-03-04 00:00:00+08:00,0.057690494302411265,0.057690494302411265,0.05555380508303642,0.05555380508303642,248000,0.0,0.0
2011-03-07 00:00:00+08:00,0.05555381173774792,0.05769050121307373,0.05555381173774792,0.05769050121307373,92000,0.0,0.0
2011-03-08 00:00:00+08:00,0.05555380508303642,0.057690494302411265,0.05555380508303642,0.05555380508303642,255000,0.0,0.0
2011-03-09 00:00:00+08:00,0.05769050121307373,0.05769050121307373,0.05769050121307373,0.05769050121307373,50000,0.0,0.0
2011-03-10 00:00:00+08:00,0.05555381173774792,0.05769050121307373,0.05555381173774792,0.05769050121307373,579000,0.0,0.0
2011-03-11 00:00:00+08:00,0.05555380508303642,0.05555380508303642,0.05341712223147877,0.05555380508303642,152000,0.0,0.0
2011-03-14 00:00:00+08:00,0.05341712223147877,0.05555380508303642,0.05341712223147877,0.05555380508303642,188000,0.0,0.0
2011-03-15 00:00:00+08:00,0.053417125048126096,0.053417125048126096,0.051280438899993896,0.051280438899993896,665000,0.0,0.0
2011-03-16 00:00:00+08:00,0.05341712757945061,0.055553810644926926,0.051280441330065374,0.05341712757945061,817000,0.0,0.0
2011-03-17 00:00:00+08:00,0.053417125048126096,0.055553808012349534,0.051280438899993896,0.051280438899993896,210000,0.0,0.0
2011-03-18 00:00:00+08:00,0.05341712757945061,0.05341712757945061,0.05341712757945061,0.05341712757945061,275000,0.0,0.0
2011-03-21 00:00:00+08:00,0.05341712223147877,0.05555380508303642,0.05341712223147877,0.05555380508303642,305000,0.0,0.0
2011-03-22 00:00:00+08:00,0.05341712223147877,0.05555380508303642,0.05341712223147877,0.05555380508303642,249000,0.0,0.0
2011-03-23 00:00:00+08:00,0.055553806534106236,0.059827178716659546,0.055553806534106236,0.059827178716659546,1275000,0.0,0.0
2011-03-24 00:00:00+08:00,0.059827178716659546,0.06410055089921286,0.059827178716659546,0.059827178716659546,7439000,0.0,0.0
2011-03-25 00:00:00+08:00,0.059827178716659546,0.061963861624027526,0.059827178716659546,0.059827178716659546,605000,0.0,0.0
2011-03-28 00:00:00+08:00,0.05982718432058159,0.05982718432058159,0.05769050121307373,0.05769050121307373,344000,0.0,0.0
2011-03-29 00:00:00+08:00,0.05982718432058159,0.05982718432058159,0.05769050121307373,0.05769050121307373,92000,0.0,0.0
2011-03-30 00:00:00+08:00,0.05769050121307373,0.05982718432058159,0.05769050121307373,0.05769050121307373,540000,0.0,0.0
2011-03-31 00:00:00+08:00,0.05769049580929157,0.059827178716659546,0.05769049580929157,0.059827178716659546,218000,0.0,0.0
2011-04-01 00:00:00+08:00,0.05769050121307373,0.05982718432058159,0.05769050121307373,0.05769050121307373,259000,0.0,0.0
2011-04-04 00:00:00+08:00,0.059827178716659546,0.059827178716659546,0.05769049580929157,0.059827178716659546,87000,0.0,0.0
2011-04-05 00:00:00+08:00,0.059827178716659546,0.06410055089921286,0.059827178716659546,0.059827178716659546,2453000,0.0,0.0
2011-04-06 00:00:00+08:00,0.06196386662784196,0.06410055607557297,0.05982718354792881,0.06410055607557297,3881000,0.0,0.0
2011-04-07 00:00:00+08:00,0.06410055687033954,0.06410055687033954,0.06196386739611626,0.06196386739611626,901000,0.0,0.0
2011-04-08 00:00:00+08:00,0.061963868381175596,0.06623724102973938,0.061963868381175596,0.06623724102973938,2766000,0.0,0.0
2011-04-11 00:00:00+08:00,0.06623723556910176,0.07051060786536616,0.06623723556910176,0.0683739185333252,14035000,0.0,0.0
2011-04-12 00:00:00+08:00,0.06623723915548611,0.06623723915548611,0.06410055607557297,0.06410055607557297,1149000,0.0,0.0
2011-04-13 00:00:00+08:00,0.0662372384555831,0.0705106109380722,0.06410055539824745,0.0705106109380722,5089000,0.0,0.0
2011-04-14 00:00:00+08:00,0.07051060786536616,0.07051060786536616,0.06623723556910176,0.0683739185333252,4159000,0.0,0.0
2011-04-15 00:00:00+08:00,0.06837392498140928,0.07692067037994904,0.06837392498140928,0.07478398084640503,20820000,0.0,0.0
2011-04-18 00:00:00+08:00,0.08546739028407792,0.08760407297163944,0.07905733585357666,0.07905733585357666,19579000,0.0,0.0
2011-04-19 00:00:00+08:00,0.07905734118155155,0.07905734118155155,0.07478396915061301,0.07692065834999084,5038000,0.0,0.0
2011-04-20 00:00:00+08:00,0.07905734118155155,0.07905734118155155,0.07692065834999084,0.07692065834999084,3179000,0.0,0.0
2011-04-21 00:00:00+08:00,0.07905734118155155,0.07905734118155155,0.07692065834999084,0.07692065834999084,2427000,0.0,0.0
2011-04-25 00:00:00+08:00,0.07692067037994904,0.07692067037994904,0.07478398084640503,0.07478398084640503,1577000,0.0,0.0
2011-04-26 00:00:00+08:00,0.07478398084640503,0.07478398084640503,0.07264729768067915,0.07478398084640503,4613000,0.0,0.0
2011-04-27 00:00:00+08:00,0.07478397133564824,0.07692066059745578,0.07264728844165802,0.07264728844165802,2073000,0.0,0.0
2011-04-28 00:00:00+08:00,0.07264728844165802,0.07478397133564824,0.0705106055476678,0.07264728844165802,2191000,0.0,0.0
2011-04-29 00:00:00+08:00,0.0705106055476678,0.07264728844165802,0.0705106055476678,0.07264728844165802,555000,0.0,0.0
2011-05-03 00:00:00+08:00,0.07264728844165802,0.07692066059745578,0.07264728844165802,0.07264728844165802,8611000,0.0,0.0
2011-05-04 00:00:00+08:00,0.07264729399540786,0.07264729399540786,0.0705106109380722,0.0705106109380722,2662000,0.0,0.0
2011-05-05 00:00:00+08:00,0.0705106109380722,0.07264729399540786,0.0705106109380722,0.0705106109380722,549000,0.0,0.0
2011-05-06 00:00:00+08:00,0.0705106109380722,0.07264729399540786,0.06837392151291875,0.0705106109380722,2025000,0.0,0.0
2011-05-09 00:00:00+08:00,0.0705106109380722,0.07264729399540786,0.0705106109380722,0.0705106109380722,1248000,0.0,0.0
2011-05-10 00:00:00+08:00,0.0705106109380722,0.07264729399540786,0.0705106109380722,0.0705106109380722,1367000,0.0,0.0
2011-05-11 00:00:00+08:00,0.07264729399540786,0.07264729399540786,0.06837392151291875,0.0705106109380722,4923000,0.0,0.0
2011-05-12 00:00:00+08:00,0.0705106109380722,0.0705106109380722,0.0705106109380722,0.0705106109380722,571000,0.0,0.0
2011-05-13 00:00:00+08:00,0.0705106055476678,0.07264728844165802,0.0705106055476678,0.07264728844165802,938000,0.0,0.0
2011-05-16 00:00:00+08:00,0.0683739185333252,0.0683739185333252,0.0683739185333252,0.0683739185333252,192000,0.0,0.0
2011-05-18 00:00:00+08:00,0.06837392151291875,0.0705106109380722,0.06837392151291875,0.0705106109380722,1796000,0.0,0.0
2011-05-19 00:00:00+08:00,0.07051061451495329,0.07692067037994904,0.07051061451495329,0.07478398084640503,27791000,0.0,0.0
2011-05-20 00:00:00+08:00,0.07478397133564824,0.07478397133564824,0.07264728844165802,0.07264728844165802,1055000,0.0,0.0
2011-05-23 00:00:00+08:00,0.07264728844165802,0.07478397133564824,0.0705106055476678,0.07264728844165802,1407000,0.0,0.0
2011-05-24 00:00:00+08:00,0.07264729768067915,0.07478398084640503,0.07264729768067915,0.07478398084640503,5754000,0.0,0.0
2011-05-25 00:00:00+08:00,0.07478398084640503,0.07478398084640503,0.07264729768067915,0.07478398084640503,2239000,0.0,0.0
2011-05-26 00:00:00+08:00,0.07264728844165802,0.07264728844165802,0.0705106055476678,0.07264728844165802,3573000,0.0,0.0
2011-05-27 00:00:00+08:00,0.0705106109380722,0.07264729399540786,0.0705106109380722,0.0705106109380722,694000,0.0,0.0
2011-05-30 00:00:00+08:00,0.0705106109380722,0.0705106109380722,0.0705106109380722,0.0705106109380722,1210000,0.0,0.0
2011-05-31 00:00:00+08:00,0.0705106055476678,0.07264728844165802,0.0705106055476678,0.07264728844165802,1701000,0.0,0.0
2011-06-01 00:00:00+08:00,0.07264729399540786,0.07264729399540786,0.0705106109380722,0.0705106109380722,631000,0.0,0.0
2011-06-02 00:00:00+08:00,0.0705106055476678,0.07264728844165802,0.0705106055476678,0.07264728844165802,1226000,0.0,0.0
2011-06-03 00:00:00+08:00,0.0705106109380722,0.0705106109380722,0.0705106109380722,0.0705106109380722,36000,0.0,0.0
2011-06-06 00:00:00+08:00,0.0705106109380722,0.07264729399540786,0.0705106109380722,0.0705106109380722,1181000,0.0,0.0
2011-06-07 00:00:00+08:00,0.0705106109380722,0.0705106109380722,0.06837392151291875,0.0705106109380722,246000,0.0,0.0
2011-06-08 00:00:00+08:00,0.0705106109380722,0.07264729399540786,0.0705106109380722,0.0705106109380722,259000,0.0,0.0
2011-06-09 00:00:00+08:00,0.0705106055476678,0.07264728844165802,0.06837391628586026,0.07264728844165802,1279000,0.0,0.0
2011-06-10 00:00:00+08:00,0.0705106109380722,0.0705106109380722,0.06837392151291875,0.0705106109380722,408000,0.0,0.0
2011-06-13 00:00:00+08:00,0.0683739185333252,0.0683739185333252,0.06623723556910176,0.0683739185333252,7402000,0.0,0.0
2011-06-14 00:00:00+08:00,0.06623724102973938,0.06623724102973938,0.06410055788936651,0.06623724102973938,1386000,0.0,0.0
2011-06-15 00:00:00+08:00,0.06623724102973938,0.06623724102973938,0.06410055788936651,0.06623724102973938,840000,0.0,0.0
2011-06-16 00:00:00+08:00,0.06410055788936651,0.06623724102973938,0.06410055788936651,0.06623724102973938,2589000,0.0,0.0
2011-06-17 00:00:00+08:00,0.06410055687033954,0.06410055687033954,0.06196386739611626,0.06196386739611626,863000,0.0,0.0
2011-06-20 00:00:00+08:00,0.06410055687033954,0.06410055687033954,0.06196386739611626,0.06196386739611626,1659000,0.0,0.0
2011-06-21 00:00:00+08:00,0.06196386662784196,0.06623723915548611,0.06196386662784196,0.06410055607557297,2423000,0.0,0.0
2011-06-22 00:00:00+08:00,0.06410055607557297,0.06623723915548611,0.06410055607557297,0.06410055607557297,1691000,0.0,0.0
2011-06-23 00:00:00+08:00,0.06410055788936651,0.06623724102973938,0.06410055788936651,0.06623724102973938,1202000,0.0,0.0
2011-06-24 00:00:00+08:00,0.06410055788936651,0.06623724102973938,0.06410055788936651,0.06623724102973938,794000,0.0,0.0
2011-06-27 00:00:00+08:00,0.06410055607557297,0.06410055607557297,0.06410055607557297,0.06410055607557297,1301000,0.0,0.0
2011-06-28 00:00:00+08:00,0.06410055788936651,0.06623724102973938,0.06410055788936651,0.06623724102973938,1157000,0.0,0.0
2011-06-29 00:00:00+08:00,0.06410055788936651,0.06623724102973938,0.06410055788936651,0.06623724102973938,218000,0.0,0.0
2011-06-30 00:00:00+08:00,0.06623723915548611,0.06623723915548611,0.06410055607557297,0.06410055607557297,340000,0.0,0.0
2011-07-01 00:00:00+08:00,0.06623724102973938,0.06837392417011225,0.06623724102973938,0.06623724102973938,3398000,0.0,0.0
2011-07-04 00:00:00+08:00,0.06751924673237103,0.06751924673237103,0.0649552196264267,0.0649552196264267,462000,0.0,0.0
2011-07-05 00:00:00+08:00,0.06538256257772446,0.06580990046205058,0.06495522469339833,0.06538256257772446,239000,0.0,0.0
2011-07-06 00:00:00+08:00,0.06495522732482484,0.06623724102973938,0.06495522732482484,0.06623724102973938,1120000,0.0,0.0
2011-07-07 00:00:00+08:00,0.0658099031281012,0.06709191683301576,0.0658099031281012,0.06623724102973938,833000,0.0,0.0
2011-07-08 00:00:00+08:00,0.06666457653045654,0.06709191441670417,0.06623723864420891,0.06666457653045654,1038000,0.0,0.0
2011-07-11 00:00:00+08:00,0.06623724102973938,0.06623724102973938,0.0658099031281012,0.06623724102973938,1596000,0.0,0.0
2011-07-12 00:00:00+08:00,0.06580990046205058,0.06580990046205058,0.06452788680907219,0.06538256257772446,1057000,0.0,0.0
2011-07-13 00:00:00+08:00,0.06495521498692577,0.06580989062786102,0.06495521498692577,0.06580989062786102,143000,0.0,0.0
2011-07-14 00:00:00+08:00,0.0653825528073934,0.06580989062786102,0.06495521498692577,0.06580989062786102,417000,0.0,0.0
2011-07-15 00:00:00+08:00,0.06495522199226501,0.06495522199226501,0.06452788412570953,0.06452788412570953,639000,0.0,0.0
2011-07-18 00:00:00+08:00,0.06410055607557297,0.0645278875973013,0.06324588029648057,0.06410055607557297,1755000,0.0,0.0
2011-07-19 00:00:00+08:00,0.0662372384555831,0.0705106109380722,0.06580990057055242,0.0705106109380722,7565000,0.0,0.0
2011-07-20 00:00:00+08:00,0.07179262066781389,0.07179262066781389,0.0692285996382166,0.07008327543735504,3647000,0.0,0.0
2011-07-21 00:00:00+08:00,0.07008327785092401,0.07051061576521014,0.0683739261937795,0.06965593993663788,1109000,0.0,0.0
2011-07-22 00:00:00+08:00,0.07008328194024259,0.07264730320775027,0.07008328194024259,0.07136528939008713,5365000,0.0,0.0
2011-07-25 00:00:00+08:00,0.07008327543735504,0.07051061333692427,0.07008327543735504,0.07008327543735504,1436000,0.0,0.0
2011-07-26 00:00:00+08:00,0.0705106055476678,0.07350196414638104,0.0705106055476678,0.07264728844165802,5960000,0.0,0.0
2011-07-27 00:00:00+08:00,0.07264729305900028,0.07649332760688415,0.07264729305900028,0.07563865184783936,13842000,0.0,0.0
2011-07-28 00:00:00+08:00,0.07478396411063692,0.07991201147572795,0.07478396411063692,0.07905733585357666,19088000,0.0,0.0
2011-07-29 00:00:00+08:00,0.07820267031153048,0.07863000817768878,0.07563864948239822,0.07606598734855652,6271000,0.0,0.0
2011-08-01 00:00:00+08:00,0.07606598972736175,0.07692066548640655,0.07521131396831696,0.07563865184783936,1453000,0.0,0.0
2011-08-02 00:00:00+08:00,0.07478397817730363,0.07521131606876039,0.0739293023943901,0.0739293023943901,3144000,0.0,0.0
2011-08-03 00:00:00+08:00,0.07307462865326594,0.07649332521471482,0.07264729078710765,0.07606598734855652,3683000,0.0,0.0
2011-08-04 00:00:00+08:00,0.07606598773586039,0.07606598773586039,0.07350196689367294,0.07350196689367294,2121000,0.0,0.0
2011-08-05 00:00:00+08:00,0.0717926150967732,0.0717926150967732,0.06709191130191815,0.0683739185333252,5828000,0.0,0.0
2011-08-08 00:00:00+08:00,0.06709191132504241,0.06709191132504241,0.0636732147604161,0.06452788412570953,2697000,0.0,0.0
2011-08-10 00:00:00+08:00,0.065382568315459,0.06580990623728673,0.062391209230483156,0.06324588507413864,3404000,0.0,0.0
2011-08-11 00:00:00+08:00,0.062391203941309696,0.0632458797125106,0.06025452088112525,0.061536528170108795,1628000,0.0,0.0
2011-08-12 00:00:00+08:00,0.06367321897549488,0.06367321897549488,0.06153652950127159,0.06196386739611626,2128000,0.0,0.0
2011-08-15 00:00:00+08:00,0.06324588507413864,0.06324588507413864,0.062391209230483156,0.06324588507413864,1428000,0.0,0.0
2011-08-16 00:00:00+08:00,0.0632458786537264,0.06538256167814115,0.06239120289683342,0.06239120289683342,2252000,0.0,0.0
2011-08-17 00:00:00+08:00,0.06281854077527992,0.06410055441061938,0.06196386501838693,0.06239120289683342,327000,0.0,0.0
2011-08-18 00:00:00+08:00,0.06367321897549488,0.06367321897549488,0.06196386739611626,0.06196386739611626,463000,0.0,0.0
2011-08-19 00:00:00+08:00,0.06153653541334477,0.06153653541334477,0.05982719003756011,0.06110920384526253,1299000,0.0,0.0
2011-08-22 00:00:00+08:00,0.06025452299338373,0.061963868227889844,0.059399847192221654,0.06068186089396477,1522000,0.0,0.0
2011-08-23 00:00:00+08:00,0.060681860079400234,0.06281854318580557,0.05982718428971092,0.06196386739611626,1820000,0.0,0.0
2011-08-24 00:00:00+08:00,0.06196387334924558,0.06239121128514638,0.060681865909361726,0.06110920384526253,1187000,0.0,0.0
2011-08-25 00:00:00+08:00,0.061536528170108795,0.06196386605570924,0.061109196652326156,0.061536528170108795,775000,0.0,0.0
2011-08-26 00:00:00+08:00,0.05982717637903698,0.06068185205571644,0.05897250070235752,0.06025451421737671,3249000,0.0,0.0
2011-08-29 00:00:00+08:00,0.06025452797346092,0.06153653541334477,0.05982719003756011,0.06110920384526253,1341000,0.0,0.0
2011-08-31 00:00:00+08:00,0.06153652384640197,0.06367321312427521,0.06153652384640197,0.06367321312427521,2138000,0.0,0.0
2011-09-01 00:00:00+08:00,0.06410056338831523,0.06410056338831523,0.06196387369682565,0.06281854957342148,1109000,0.0,0.0
2011-09-02 00:00:00+08:00,0.06281854182691014,0.06281854182691014,0.061536528170108795,0.061536528170108795,597000,0.0,0.0
2011-09-05 00:00:00+08:00,0.06110919879454581,0.06110919879454581,0.06068186089396477,0.06068186089396477,221000,0.0,0.0
2011-09-06 00:00:00+08:00,0.06025452088112525,0.061536528170108795,0.06025452088112525,0.061536528170108795,513000,0.0,0.0
2011-09-07 00:00:00+08:00,0.061536528170108795,0.06196386605570924,0.061109196652326156,0.061536528170108795,373000,0.0,0.0
2011-09-08 00:00:00+08:00,0.06239120289683342,0.06239120289683342,0.06196386501838693,0.06239120289683342,1266000,0.0,0.0
2011-09-09 00:00:00+08:00,0.06196386501838693,0.06281854077527992,0.06196386501838693,0.06239120289683342,540000,0.0,0.0
2011-09-12 00:00:00+08:00,0.06153652713994044,0.06239120289683342,0.06153652713994044,0.06239120289683342,955000,0.0,0.0
2011-09-13 00:00:00+08:00,0.06239120289683342,0.06239120289683342,0.06239120289683342,0.06239120289683342,725000,0.0,0.0
2011-09-14 00:00:00+08:00,0.06367322545001732,0.06367322545001732,0.06239121163512357,0.06281854957342148,920000,0.0,0.0
2011-09-15 00:00:00+08:00,0.06367322545001732,0.06367322545001732,0.06281854957342148,0.06281854957342148,735000,0.0,0.0
2011-09-16 00:00:00+08:00,0.0632458786537264,0.0632458786537264,0.06239120289683342,0.06239120289683342,739000,0.0,0.0
2011-09-19 00:00:00+08:00,0.06239121163512357,0.06281854957342148,0.06239121163512357,0.06281854957342148,230000,0.0,0.0
2011-09-20 00:00:00+08:00,0.06281854077527992,0.06281854077527992,0.06239120289683342,0.06239120289683342,181000,0.0,0.0
2011-09-21 00:00:00+08:00,0.06281854957342148,0.06281854957342148,0.06281854957342148,0.06281854957342148,100000,0.0,0.0
2011-09-22 00:00:00+08:00,0.06239120529096091,0.06324588108065023,0.06110919797424489,0.06196386739611626,1161000,0.0,0.0
2011-09-23 00:00:00+08:00,0.0606818587667257,0.061536528170108795,0.0606818587667257,0.061536528170108795,97000,0.0,0.0
2011-09-26 00:00:00+08:00,0.061536530327308804,0.061536530327308804,0.05982718509280269,0.06068186089396477,549000,0.0,0.0
2011-09-27 00:00:00+08:00,0.06110920418804842,0.06367322545001732,0.06110920418804842,0.06281854957342148,1196000,0.0,0.0
2011-09-28 00:00:00+08:00,0.06324588108065023,0.06324588108065023,0.06196386739611626,0.06196386739611626,969000,0.0,0.0
2011-09-29 00:00:00+08:00,0.06196386605570924,0.062391203941309696,0.061536528170108795,0.061536528170108795,2413000,0.0,0.0
2011-09-30 00:00:00+08:00,0.061536530327308804,0.061536530327308804,0.06025452299338373,0.06068186089396477,2474000,0.0,0.0
2011-10-03 00:00:00+08:00,0.06068185442673368,0.06068185442673368,0.059827178716659546,0.059827178716659546,1681000,0.0,0.0
2011-10-04 00:00:00+08:00,0.059827181855811706,0.059827181855811706,0.05769049883633126,0.058117836713790894,1671000,0.0,0.0
2011-10-05 00:00:00+08:00,0.0581178456473294,0.059399853108953356,0.0581178456473294,0.05897251516580582,1021000,0.0,0.0
2011-10-06 00:00:00+08:00,0.05939985558703973,0.05939985558703973,0.058545179665088654,0.058545179665088654,993000,0.0,0.0
2011-10-07 00:00:00+08:00,0.059399840861622484,0.06068185442673368,0.059399840861622484,0.059827178716659546,2051000,0.0,0.0
2011-10-10 00:00:00+08:00,0.059827178716659546,0.059827178716659546,0.059399840861622484,0.059827178716659546,1192000,0.0,0.0
2011-10-11 00:00:00+08:00,0.060254518959891694,0.061109194703841,0.05939984321594238,0.05939984321594238,3152000,0.0,0.0
2011-10-12 00:00:00+08:00,0.06025451421737671,0.061109189894056164,0.05982717637903698,0.06025451421737671,1617000,0.0,0.0
2011-10-13 00:00:00+08:00,0.06068185205571644,0.06068185205571644,0.06025451421737671,0.06025451421737671,937000,0.0,0.0
2011-10-14 00:00:00+08:00,0.06025452797346092,0.06110920384526253,0.06025452797346092,0.06110920384526253,1080000,0.0,0.0
2011-10-17 00:00:00+08:00,0.06153652950127159,0.06196386739611626,0.06110919797424489,0.06196386739611626,741000,0.0,0.0
2011-10-18 00:00:00+08:00,0.06068186089396477,0.06110919879454581,0.06068186089396477,0.06068186089396477,355000,0.0,0.0
2011-10-19 00:00:00+08:00,0.06068186089396477,0.061536530327308804,0.06068186089396477,0.06068186089396477,731000,0.0,0.0
2011-10-20 00:00:00+08:00,0.061109196652326156,0.061536528170108795,0.0606818587667257,0.061536528170108795,295000,0.0,0.0
2011-10-21 00:00:00+08:00,0.06153652950127159,0.06239120529096091,0.06153652950127159,0.06196386739611626,675000,0.0,0.0
2011-10-24 00:00:00+08:00,0.06281854957342148,0.06367322545001732,0.06196387369682565,0.06281854957342148,1826000,0.0,0.0
2011-10-25 00:00:00+08:00,0.06324588751171939,0.06324588751171939,0.06281854957342148,0.06281854957342148,1215000,0.0,0.0
2011-10-27 00:00:00+08:00,0.0632458795239116,0.06623723834637672,0.062391203755259333,0.06538256257772446,2441000,0.0,0.0
2011-10-28 00:00:00+08:00,0.06623723559193145,0.06623723559193145,0.0636732147604161,0.06452788412570953,1557000,0.0,0.0
2011-10-31 00:00:00+08:00,0.0645278875973013,0.0649552254868475,0.06367321818602677,0.06410055607557297,734000,0.0,0.0
2011-11-01 00:00:00+08:00,0.06410056338831523,0.06410056338831523,0.06281854957342148,0.06281854957342148,1127000,0.0,0.0
2011-11-02 00:00:00+08:00,0.06196386170197662,0.06410055097984986,0.06196386170197662,0.06367321312427521,789000,0.0,0.0
2011-11-03 00:00:00+08:00,0.06411538913054415,0.06411538913054415,0.06323104370692886,0.06367321312427521,1016000,0.005,0.0
2011-11-04 00:00:00+08:00,0.06367321312427521,0.06411538913054415,0.06367321312427521,0.06367321312427521,626000,0.0,0.0
2011-11-08 00:00:00+08:00,0.06367321312427521,0.06455756513681309,0.06367321312427521,0.06367321312427521,169000,0.0,0.0
2011-11-09 00:00:00+08:00,0.06455756619505865,0.06499974220857586,0.06411539018154144,0.06411539018154144,608000,0.0,0.0
2011-11-10 00:00:00+08:00,0.06367321416802423,0.06411539018154144,0.06367321416802423,0.06411539018154144,351000,0.0,0.0
2011-11-11 00:00:00+08:00,0.06367320891439257,0.06499973684549332,0.06367320891439257,0.06499973684549332,268000,0.0,0.0
2011-11-14 00:00:00+08:00,0.06588408879956048,0.06588408879956048,0.06455756086845973,0.06499973684549332,1430000,0.0,0.0
2011-11-15 00:00:00+08:00,0.0654419128225269,0.0654419128225269,0.06455756086845973,0.06499973684549332,584000,0.0,0.0
2011-11-16 00:00:00+08:00,0.06588408988709202,0.06588408988709202,0.06499973791842709,0.06544191390275955,242000,0.0,0.0
2011-11-17 00:00:00+08:00,0.06544191390275955,0.06588408988709202,0.06499973791842709,0.06544191390275955,175000,0.0,0.0
2011-11-18 00:00:00+08:00,0.06544191928014005,0.06544191928014005,0.06455756723880768,0.06455756723880768,297000,0.0,0.0
2011-11-21 00:00:00+08:00,0.06455756619505865,0.06499974220857586,0.06411539018154144,0.06411539018154144,417000,0.0,0.0
2011-11-22 00:00:00+08:00,0.06411539121814148,0.06455756723880768,0.06411539121814148,0.06455756723880768,132000,0.0,0.0
2011-11-23 00:00:00+08:00,0.06411539018154144,0.06411539018154144,0.06411539018154144,0.06411539018154144,200000,0.0,0.0
2011-11-24 00:00:00+08:00,0.06102016971089138,0.06278887391090393,0.06102016971089138,0.06278887391090393,64000,0.0,0.0
2011-11-25 00:00:00+08:00,0.06102016568183899,0.06102016568183899,0.06102016568183899,0.06102016568183899,91000,0.0,0.0
2011-11-28 00:00:00+08:00,0.06190451772345308,0.06190451772345308,0.06102016568183899,0.06102016568183899,237000,0.0,0.0
2011-11-29 00:00:00+08:00,0.061020163012352024,0.06190451501527782,0.061020163012352024,0.061462339013814926,208000,0.0,0.0
2011-11-30 00:00:00+08:00,0.06190452352166176,0.06190452352166176,0.061462347459438856,0.06190452352166176,6000,0.0,0.0
2011-12-01 00:00:00+08:00,0.06190452352166176,0.06190452352166176,0.05969364979947066,0.06190452352166176,128000,0.0,0.0
2011-12-02 00:00:00+08:00,0.06190451772345308,0.06190451772345308,0.06102016568183899,0.06102016568183899,295000,0.0,0.0
2011-12-05 00:00:00+08:00,0.06102016568183899,0.061462341702646035,0.06057798966103194,0.06102016568183899,270000,0.0,0.0
2011-12-06 00:00:00+08:00,0.06057799234986305,0.06057799234986305,0.06057799234986305,0.06057799234986305,91000,0.0,0.0
2011-12-07 00:00:00+08:00,0.06057799234986305,0.06102016839029664,0.06057799234986305,0.06057799234986305,11000,0.0,0.0
2011-12-08 00:00:00+08:00,0.06102016839029664,0.06102016839029664,0.06057799234986305,0.06057799234986305,70000,0.0,0.0
2011-12-09 00:00:00+08:00,0.05880930191152886,0.06013583019375802,0.05748277362929971,0.06013583019375801,161000,0.0,0.0
2011-12-12 00:00:00+08:00,0.060135822898352564,0.06102016839029664,0.05925147081748538,0.06057799234986305,78000,0.0,0.0
2011-12-13 00:00:00+08:00,0.05925147081748538,0.06102016839029664,0.05925147081748538,0.06057799234986305,5000,0.0,0.0
2011-12-14 00:00:00+08:00,0.05748276410430543,0.061462341702646035,0.05748276410430543,0.06102016568183899,213000,0.0,0.0
2011-12-15 00:00:00+08:00,0.06411538843366979,0.06942149386230205,0.05925146559542296,0.061462339013814926,572000,0.0,0.0
2011-12-16 00:00:00+08:00,0.05969364979947066,0.06190452352166176,0.05969364979947066,0.06190452352166176,335000,0.0,0.0
2011-12-19 00:00:00+08:00,0.05969364196062088,0.05969364196062088,0.05969364196062088,0.05969364196062088,13000,0.0,0.0
2011-12-20 00:00:00+08:00,0.05969364420834066,0.06102016568183899,0.05969364420834066,0.06102016568183899,284000,0.0,0.0
2011-12-21 00:00:00+08:00,0.06013582022914771,0.06102016568183899,0.06013582022914771,0.06102016568183899,95000,0.0,0.0
2011-12-22 00:00:00+08:00,0.0605779996989105,0.0605779996989105,0.06013583019375802,0.06013583019375801,199000,0.0,0.0
2011-12-23 00:00:00+08:00,0.06057798701088913,0.061462339013814926,0.06057798701088913,0.061462339013814926,166000,0.0,0.0
2011-12-27 00:00:00+08:00,0.06013583019375802,0.06190452798113965,0.06013583019375802,0.06013583019375801,21000,0.0,0.0
2011-12-28 00:00:00+08:00,0.06146235188706327,0.06146235188706327,0.06013583019375802,0.06013583019375801,35000,0.0,0.0
2011-12-29 00:00:00+08:00,0.06013583019375802,0.06190452798113965,0.06013583019375802,0.06013583019375801,180000,0.0,0.0
2011-12-30 00:00:00+08:00,0.06190452047116382,0.06190452047116382,0.05969364685791897,0.06057799234986305,257000,0.0,0.0
2012-01-03 00:00:00+08:00,0.06057798701088913,0.061462339013814926,0.060135817598348754,0.061462339013814926,240000,0.0,0.0
2012-01-04 00:00:00+08:00,0.061462341702646035,0.061462341702646035,0.06102016568183899,0.06102016568183899,124000,0.0,0.0
2012-01-05 00:00:00+08:00,0.06102016568183899,0.06102016568183899,0.06057798966103194,0.06102016568183899,233000,0.0,0.0
2012-01-06 00:00:00+08:00,0.06057799234986305,0.06057799234986305,0.06057799234986305,0.06057799234986305,14000,0.0,0.0
2012-01-09 00:00:00+08:00,0.06057799234986305,0.06057799234986305,0.06057799234986305,0.06057799234986305,71000,0.0,0.0
2012-01-10 00:00:00+08:00,0.06057799234986305,0.06190452047116382,0.06057799234986305,0.06057799234986305,188000,0.0,0.0
2012-01-11 00:00:00+08:00,0.061462339013814926,0.061462339013814926,0.061462339013814926,0.061462339013814926,90000,0.0,0.0
2012-01-12 00:00:00+08:00,0.061462347459438856,0.06234669958388467,0.061020171397215946,0.06190452352166176,560000,0.0,0.0
2012-01-13 00:00:00+08:00,0.06278886872991252,0.06544191822209307,0.06190451670287809,0.06411539018154144,1262000,0.0,0.0
2012-01-16 00:00:00+08:00,0.06455756015684204,0.06853713731735525,0.06411538418468256,0.06809496134519577,8154000,0.0,0.0
2012-01-17 00:00:00+08:00,0.06897931545972824,0.07030583682901934,0.06897931545972824,0.06897931545972824,13193000,0.0,0.0
2012-01-18 00:00:00+08:00,0.06897931328951473,0.06897931328951473,0.06721060940087682,0.06809496134519577,2033000,0.0,0.0
2012-01-19 00:00:00+08:00,0.06809496134519577,0.06853713731735525,0.06765278537303629,0.06809496134519577,852000,0.0,0.0
2012-01-20 00:00:00+08:00,0.0680949656238058,0.0680949656238058,0.06676843762397766,0.06676843762397766,917000,0.0,0.0
2012-01-25 00:00:00+08:00,0.06721061362392038,0.06765278962386309,0.06676843762397766,0.06676843762397766,970000,0.0,0.0
2012-01-26 00:00:00+08:00,0.06721061362392038,0.06765278962386309,0.06676843762397766,0.06676843762397766,587000,0.0,0.0
2012-01-27 00:00:00+08:00,0.06721060940087682,0.0694214892616742,0.06721060940087682,0.06809496134519577,3639000,0.0,0.0
2012-01-30 00:00:00+08:00,0.06809496134519577,0.06809496134519577,0.06765278537303629,0.06809496134519577,687000,0.0,0.0
2012-01-31 00:00:00+08:00,0.06809496453831235,0.06986366850988852,0.06809496453831235,0.06942149251699448,1065000,0.0,0.0
2012-02-01 00:00:00+08:00,0.0698636674318705,0.07030583682901934,0.06853713947365711,0.06897931545972824,1883000,0.0,0.0
2012-02-02 00:00:00+08:00,0.06897931545972824,0.07030583682901934,0.06897931545972824,0.06897931545972824,3015000,0.0,0.0
2012-02-03 00:00:00+08:00,0.06942149251699448,0.06986366850988852,0.0685371405312064,0.06942149251699448,1703000,0.0,0.0
2012-02-06 00:00:00+08:00,0.07030583682901934,0.0711901888011616,0.06897931545972824,0.06897931545972824,2813000,0.0,0.0
2012-02-07 00:00:00+08:00,0.07030583791386016,0.07030583791386016,0.06897931652410043,0.06942149251699448,393000,0.0,0.0
2012-02-08 00:00:00+08:00,0.07030584126750641,0.07207454532345121,0.06897931981447052,0.07119019329547882,5294000,0.0,0.0
2012-02-09 00:00:00+08:00,0.07119019329547882,0.07295889735142362,0.07074801728149262,0.07119019329547882,6412000,0.0,0.0
2012-02-10 00:00:00+08:00,0.07119019224567827,0.07207454426060965,0.07030584023074689,0.07074801623821259,1920000,0.0,0.0
2012-02-13 00:00:00+08:00,0.07074800768436981,0.07074800768436981,0.0698636623652835,0.07030583173036575,732000,0.0,0.0
2012-02-14 00:00:00+08:00,0.07074801623821259,0.07074801623821259,0.06942149480473812,0.07074801623821259,847000,0.0,0.0
2012-02-15 00:00:00+08:00,0.06986367702484131,0.07119019857627688,0.06942150097805505,0.06986367702484131,3898000,0.0,0.0
2012-02-16 00:00:00+08:00,0.06986366411326585,0.06986366411326585,0.06765278428792953,0.06765278428792953,1385000,0.0,0.0
2012-02-17 00:00:00+08:00,0.06897931438162219,0.06942149036078236,0.068537138402462,0.068537138402462,626000,0.0,0.0
2012-02-20 00:00:00+08:00,0.06897931545972824,0.06942149144579937,0.06853713947365711,0.06897931545972824,711000,0.0,0.0
2012-02-21 00:00:00+08:00,0.06897931652410043,0.06986366850988852,0.0685371405312064,0.06942149251699448,652000,0.0,0.0
2012-02-22 00:00:00+08:00,0.06942148641127945,0.07119018363837387,0.06942148641127945,0.07030583173036575,2400000,0.0,0.0
2012-02-23 00:00:00+08:00,0.07074801170934072,0.07074801170934072,0.06809496242330183,0.068537138402462,932000,0.0,0.0
2012-02-24 00:00:00+08:00,0.06986366633994255,0.06986366633994255,0.068537138402462,0.068537138402462,606000,0.0,0.0
2012-02-27 00:00:00+08:00,0.06942149036078236,0.06942149036078236,0.068537138402462,0.068537138402462,941000,0.0,0.0
2012-02-28 00:00:00+08:00,0.06853713947365711,0.06942149144579937,0.06809496348758598,0.06897931545972824,712000,0.0,0.0
2012-02-29 00:00:00+08:00,0.06897931545972824,0.06942149144579937,0.06897931545972824,0.06897931545972824,359000,0.0,0.0
2012-03-01 00:00:00+08:00,0.06897931545972824,0.06897931545972824,0.06853713947365711,0.06897931545972824,601000,0.0,0.0
2012-03-02 00:00:00+08:00,0.06942149480473812,0.07119019224567827,0.06897931879727244,0.07074801623821259,1629000,0.0,0.0
2012-03-05 00:00:00+08:00,0.07207454426060965,0.07384324170154978,0.07074801623821259,0.07074801623821259,8800000,0.0,0.0
2012-03-06 00:00:00+08:00,0.07074801281509047,0.07074801281509047,0.06897931545972824,0.06897931545972824,1456000,0.0,0.0
2012-03-07 00:00:00+08:00,0.06897931545972824,0.07074801281509047,0.06897931545972824,0.06897931545972824,268000,0.0,0.0
2012-03-08 00:00:00+08:00,0.07074802252949063,0.07074802252949063,0.06897932493126879,0.06986367702484131,661000,0.0,0.0
2012-03-09 00:00:00+08:00,0.07074801390675421,0.07074801390675421,0.06897931652410043,0.06942149251699448,166000,0.0,0.0
2012-03-12 00:00:00+08:00,0.07030583791386016,0.07030583791386016,0.0685371405312064,0.06942149251699448,771000,0.0,0.0
2012-03-13 00:00:00+08:00,0.06986366850988852,0.06986366850988852,0.0685371405312064,0.06942149251699448,444000,0.0,0.0
2012-03-14 00:00:00+08:00,0.07030584330286245,0.07207454741001129,0.06942149783821093,0.07207454741001129,2606000,0.0,0.0
2012-03-15 00:00:00+08:00,0.07251671150038606,0.07295888745439012,0.07030583173036575,0.07030583173036575,3685000,0.0,0.0
2012-03-16 00:00:00+08:00,0.07074800768436981,0.07074800768436981,0.07030583173036575,0.07030583173036575,104000,0.0,0.0
2012-03-19 00:00:00+08:00,0.07074800768436981,0.07074800768436981,0.06942148641127945,0.07030583173036575,386000,0.0,0.0
2012-03-20 00:00:00+08:00,0.07030584648270437,0.07074802252949063,0.06986367702484131,0.06986367702484131,768000,0.0,0.0
2012-03-21 00:00:00+08:00,0.06986367702484131,0.06986367702484131,0.06942150097805505,0.06986367702484131,454000,0.0,0.0
2012-03-22 00:00:00+08:00,0.0698636674318705,0.07074801281509047,0.06897931545972824,0.06897931545972824,977000,0.0,0.0
2012-03-23 00:00:00+08:00,0.06897931652410043,0.06942149251699448,0.06897931652410043,0.06942149251699448,184000,0.0,0.0
2012-03-26 00:00:00+08:00,0.07030583682901934,0.07030583682901934,0.06897931545972824,0.06897931545972824,183000,0.0,0.0
2012-03-27 00:00:00+08:00,0.06942150097805505,0.07030584648270437,0.06942150097805505,0.06986367702484131,624000,0.0,0.0
2012-03-28 00:00:00+08:00,0.07030584126750641,0.07207454532345121,0.06897931981447052,0.07119019329547882,2936000,0.0,0.0
2012-03-29 00:00:00+08:00,0.07030583173036575,0.07119018363837387,0.0698636623652835,0.07030583173036575,678000,0.0,0.0
2012-03-30 00:00:00+08:00,0.07119019224567827,0.07119019224567827,0.07030584023074689,0.07074801623821259,774000,0.0,0.0
2012-04-02 00:00:00+08:00,0.07119019329547882,0.07251672133743742,0.07119019329547882,0.07119019329547882,1542000,0.0,0.0
2012-04-03 00:00:00+08:00,0.07163236825314395,0.07163236825314395,0.07074801623821259,0.07074801623821259,390000,0.0,0.0
2012-04-04 00:00:00+08:00,0.07074801390675421,0.07074801390675421,0.06942149251699448,0.06942149251699448,957000,0.0,0.0
2012-04-05 00:00:00+08:00,0.06986366850988852,0.07030583791386016,0.06942149251699448,0.06942149251699448,484000,0.0,0.0
2012-04-09 00:00:00+08:00,0.0698636674318705,0.0698636674318705,0.06897931545972824,0.06897931545972824,656000,0.0,0.0
2012-04-10 00:00:00+08:00,0.06897931652410043,0.06986366850988852,0.06897931652410043,0.06942149251699448,710000,0.0,0.0
2012-04-11 00:00:00+08:00,0.06897931652410043,0.06942149251699448,0.0685371405312064,0.06942149251699448,692000,0.0,0.0
2012-04-12 00:00:00+08:00,0.06942149251699448,0.06942149251699448,0.06942149251699448,0.06942149251699448,398000,0.0,0.0
2012-04-13 00:00:00+08:00,0.06986366850988852,0.07030583791386016,0.06942149251699448,0.06942149251699448,621000,0.0,0.0
2012-04-16 00:00:00+08:00,0.06897931438162219,0.06897931438162219,0.068537138402462,0.068537138402462,60000,0.0,0.0
2012-04-17 00:00:00+08:00,0.06853713947365711,0.06897931545972824,0.06853713947365711,0.06897931545972824,678000,0.0,0.0
2012-04-18 00:00:00+08:00,0.06897931545972824,0.0698636674318705,0.06897931545972824,0.06897931545972824,402000,0.0,0.0
2012-04-19 00:00:00+08:00,0.0685371405312064,0.06986366850988852,0.0685371405312064,0.06942149251699448,76000,0.0,0.0
2012-04-20 00:00:00+08:00,0.06897931545972824,0.06942149144579937,0.06853713947365711,0.06897931545972824,170000,0.0,0.0
2012-04-23 00:00:00+08:00,0.06897931438162219,0.06942149036078236,0.06809496242330183,0.068537138402462,668000,0.0,0.0
2012-04-24 00:00:00+08:00,0.06897931652410043,0.06942149251699448,0.06897931652410043,0.06942149251699448,627000,0.0,0.0
2012-04-25 00:00:00+08:00,0.06942149251699448,0.06942149251699448,0.06897931652410043,0.06942149251699448,241000,0.0,0.0
2012-04-26 00:00:00+08:00,0.06942149144579937,0.0698636674318705,0.06897931545972824,0.06897931545972824,265000,0.0,0.0
2012-04-27 00:00:00+08:00,0.06942149251699448,0.07119018989964826,0.06942149251699448,0.06942149251699448,1342000,0.0,0.0
2012-04-30 00:00:00+08:00,0.06853713947365711,0.06942149144579937,0.06853713947365711,0.06897931545972824,105000,0.0,0.0
2012-05-02 00:00:00+08:00,0.06897931652410043,0.06986366850988852,0.06897931652410043,0.06942149251699448,66000,0.0,0.0
2012-05-03 00:00:00+08:00,0.06853713947365711,0.06942149144579937,0.06853713947365711,0.06897931545972824,177000,0.0,0.0
2012-05-04 00:00:00+08:00,0.06942149251699448,0.06942149251699448,0.06897931652410043,0.06942149251699448,223000,0.0,0.0
2012-05-07 00:00:00+08:00,0.068537138402462,0.068537138402462,0.06676843448582129,0.068537138402462,403000,0.0,0.0
2012-05-08 00:00:00+08:00,0.06809496242330183,0.068537138402462,0.06765278644414165,0.068537138402462,1269000,0.0,0.0
2012-05-09 00:00:00+08:00,0.06765278537303629,0.06809496134519577,0.06765278537303629,0.06809496134519577,171000,0.0,0.0
2012-05-10 00:00:00+08:00,0.06676843235779502,0.06765278428792953,0.06676843235779502,0.06765278428792953,65000,0.0,0.0
2012-05-11 00:00:00+08:00,0.0672106146812439,0.0672106146812439,0.06676843867434509,0.0672106146812439,550000,0.0,0.0
2012-05-14 00:00:00+08:00,0.06632626587142448,0.06765278723549961,0.06544191390275955,0.06544191390275955,679000,0.0,0.0
2012-05-15 00:00:00+08:00,0.06544191390275955,0.06588408988709202,0.06499973791842709,0.06544191390275955,214000,0.0,0.0
2012-05-16 00:00:00+08:00,0.06676844075321582,0.06676844075321582,0.06411539121814148,0.06455756723880768,130000,0.0,0.0
2012-05-17 00:00:00+08:00,0.06455756723880768,0.06455756723880768,0.06455756723880768,0.06455756723880768,52000,0.0,0.0
2012-05-18 00:00:00+08:00,0.06323104996090707,0.06323104996090707,0.06190452181089766,0.06278887391090393,333000,0.0,0.0
2012-05-21 00:00:00+08:00,0.06367321312427521,0.06367321312427521,0.06146233968185311,0.06367321312427521,286000,0.0,0.0
2012-05-22 00:00:00+08:00,0.06411538913054415,0.06411538913054415,0.06278886770065993,0.06367321312427521,23000,0.0,0.0
2012-05-23 00:00:00+08:00,0.06323104351758957,0.06323104351758957,0.0623466915076998,0.06323104351758957,81000,0.0,0.0
2012-05-24 00:00:00+08:00,0.06323104351758957,0.06323104351758957,0.06323104351758957,0.06323104351758957,0,0.0,0.0
2012-05-25 00:00:00+08:00,0.0623466915076998,0.06323104351758957,0.0623466915076998,0.06323104351758957,27000,0.0,0.0
2012-05-28 00:00:00+08:00,0.06146234168306715,0.06455756723880768,0.06146234168306715,0.06455756723880768,4000,0.0,0.0
2012-05-29 00:00:00+08:00,0.06367321312427521,0.06455756513681309,0.06367321312427521,0.06367321312427521,28000,0.0,0.0
2012-05-30 00:00:00+08:00,0.06411538913054415,0.06455756513681309,0.06234669169439099,0.06367321312427521,212000,0.0,0.0
2012-05-31 00:00:00+08:00,0.06278887391090393,0.0641153954719901,0.06278887391090393,0.06278887391090393,4000,0.0,0.0
2012-06-01 00:00:00+08:00,0.06278887391090393,0.06278887391090393,0.06278887391090393,0.06278887391090393,198000,0.0,0.0
2012-06-04 00:00:00+08:00,0.06190452352166176,0.06190452352166176,0.06190452352166176,0.06190452352166176,86000,0.0,0.0
2012-06-05 00:00:00+08:00,0.06278887391090393,0.06278887391090393,0.06278887391090393,0.06278887391090393,110000,0.0,0.0
2012-06-06 00:00:00+08:00,0.06323104057001949,0.06544191390275955,0.06323104057001949,0.06544191390275955,241000,0.0,0.0
2012-06-07 00:00:00+08:00,0.06323104370692886,0.06455756513681309,0.06323104370692886,0.06367321312427521,154000,0.0,0.0
2012-06-08 00:00:00+08:00,0.0623466931283474,0.0623466931283474,0.06190451711190854,0.0623466931283474,61000,0.0,0.0
2012-06-11 00:00:00+08:00,0.0623466915076998,0.06323104351758957,0.0623466915076998,0.06323104351758957,104000,0.0,0.0
2012-06-12 00:00:00+08:00,0.06278887391090393,0.06278887391090393,0.06278887391090393,0.06278887391090393,58000,0.0,0.0
2012-06-13 00:00:00+08:00,0.06411538893855677,0.06411538893855677,0.06278886751264469,0.06323104351758957,165000,0.0,0.0
2012-06-14 00:00:00+08:00,0.06323104351758957,0.06499974094844653,0.06278886751264469,0.06323104351758957,161000,0.0,0.0
2012-06-15 00:00:00+08:00,0.06323104370692886,0.06544191714935096,0.06323104370692886,0.06367321312427521,176000,0.0,0.0
2012-06-18 00:00:00+08:00,0.06323104351758957,0.06323104351758957,0.06323104351758957,0.06323104351758957,6000,0.0,0.0
2012-06-19 00:00:00+08:00,0.06367321416802423,0.06411539018154144,0.06367321416802423,0.06411539018154144,72000,0.0,0.0
2012-06-20 00:00:00+08:00,0.06411539018154144,0.06411539018154144,0.06323104474342972,0.06411539018154144,267000,0.0,0.0
2012-06-21 00:00:00+08:00,0.06367321416802423,0.06411539018154144,0.06367321416802423,0.06411539018154144,25000,0.0,0.0
2012-06-22 00:00:00+08:00,0.06323104474342972,0.06411539018154144,0.06323104474342972,0.06411539018154144,182000,0.0,0.0
2012-06-25 00:00:00+08:00,0.06411539018154144,0.06411539018154144,0.06367321416802423,0.06411539018154144,270000,0.0,0.0
2012-06-26 00:00:00+08:00,0.06323104474342972,0.06499974220857586,0.06323104474342972,0.06411539018154144,234000,0.0,0.0
2012-06-27 00:00:00+08:00,0.06367321416802423,0.06411539018154144,0.06367321416802423,0.06411539018154144,172000,0.0,0.0
2012-06-28 00:00:00+08:00,0.06411539018154144,0.06455756619505865,0.06411539018154144,0.06411539018154144,358000,0.0,0.0
2012-06-29 00:00:00+08:00,0.06455756513681309,0.06499974114308203,0.06367321312427521,0.06367321312427521,89000,0.0,0.0
2012-07-02 00:00:00+08:00,0.06499974325947387,0.06544191928014005,0.06455756723880768,0.06455756723880768,229000,0.0,0.0
2012-07-03 00:00:00+08:00,0.06499974325947387,0.06588409530080624,0.06455756723880768,0.06455756723880768,244000,0.0,0.0
2012-07-04 00:00:00+08:00,0.06499974220857586,0.06499974220857586,0.06411539018154144,0.06411539018154144,297000,0.0,0.0
2012-07-05 00:00:00+08:00,0.06455756723880768,0.06588409530080624,0.06411539121814148,0.06455756723880768,257000,0.0,0.0
2012-07-06 00:00:00+08:00,0.06499973897695903,0.06588409096002579,0.06499973897695903,0.06588409096002579,157000,0.0,0.0
2012-07-09 00:00:00+08:00,0.06499973897695903,0.06588409096002579,0.06455756298542566,0.06588409096002579,154000,0.0,0.0
2012-07-10 00:00:00+08:00,0.06499973684549332,0.0654419128225269,0.06499973684549332,0.06499973684549332,81000,0.0,0.0
2012-07-11 00:00:00+08:00,0.06499973791842709,0.06544191390275955,0.06499973791842709,0.06544191390275955,254000,0.0,0.0
2012-07-12 00:00:00+08:00,0.06544191390275955,0.06544191390275955,0.06544191390275955,0.06544191390275955,142000,0.0,0.0
2012-07-13 00:00:00+08:00,0.06544191390275955,0.06544191390275955,0.06499973791842709,0.06544191390275955,100000,0.0,0.0
2012-07-16 00:00:00+08:00,0.06765278182469261,0.06765278182469261,0.06544190866877614,0.06632626056671143,452000,0.0,0.0
2012-07-17 00:00:00+08:00,0.06721060587572497,0.06765278182469261,0.06632626056671143,0.06632626056671143,461000,0.0,0.0
2012-07-18 00:00:00+08:00,0.06676842992675733,0.06676842992675733,0.06632626056671143,0.06632626056671143,360000,0.0,0.0
2012-07-19 00:00:00+08:00,0.06588408461774378,0.06632626056671143,0.06588408461774378,0.06632626056671143,118000,0.0,0.0
2012-07-20 00:00:00+08:00,0.06588409096002579,0.06588409096002579,0.06588409096002579,0.06588409096002579,23000,0.0,0.0
2012-07-23 00:00:00+08:00,0.0654419128225269,0.0654419128225269,0.06499973684549332,0.06499973684549332,224000,0.0,0.0
2012-07-24 00:00:00+08:00,0.06544191390275955,0.06544191390275955,0.06544191390275955,0.06544191390275955,48000,0.0,0.0
2012-07-25 00:00:00+08:00,0.06499973684549332,0.06499973684549332,0.06499973684549332,0.06499973684549332,81000,0.0,0.0
2012-07-26 00:00:00+08:00,0.0654419128225269,0.0654419128225269,0.06499973684549332,0.06499973684549332,303000,0.0,0.0
2012-07-27 00:00:00+08:00,0.0654419128225269,0.0654419128225269,0.06499973684549332,0.06499973684549332,61000,0.0,0.0
2012-07-30 00:00:00+08:00,0.06499973791842709,0.06544191390275955,0.06455756193409462,0.06544191390275955,352000,0.0,0.0
2012-07-31 00:00:00+08:00,0.06499973791842709,0.06544191390275955,0.06499973791842709,0.06544191390275955,46000,0.0,0.0
2012-08-01 00:00:00+08:00,0.06499973684549332,0.0654419128225269,0.06499973684549332,0.06499973684549332,214000,0.0,0.0
2012-08-02 00:00:00+08:00,0.06544191390275955,0.06676843526683468,0.06544191390275955,0.06544191390275955,341000,0.0,0.0
2012-08-03 00:00:00+08:00,0.06544191390275955,0.06544191390275955,0.06499973791842709,0.06544191390275955,132000,0.0,0.0
2012-08-06 00:00:00+08:00,0.06588408461774378,0.06632626056671143,0.06544190866877614,0.06632626056671143,381000,0.0,0.0
2012-08-07 00:00:00+08:00,0.06588409096002579,0.06588409096002579,0.06544191496849242,0.06588409096002579,99000,0.0,0.0
2012-08-08 00:00:00+08:00,0.0654419128225269,0.0654419128225269,0.06499973684549332,0.06499973684549332,116000,0.0,0.0
2012-08-10 00:00:00+08:00,0.06544190866877614,0.06632626056671143,0.06544190866877614,0.06632626056671143,124000,0.0,0.0
2012-08-13 00:00:00+08:00,0.06544190866877614,0.06632626056671143,0.06499973271980851,0.06632626056671143,47000,0.0,0.0
2012-08-14 00:00:00+08:00,0.06499973897695903,0.06588409096002579,0.06455756298542566,0.06588409096002579,196000,0.0,0.0
2012-08-15 00:00:00+08:00,0.06499973791842709,0.06544191390275955,0.06499973791842709,0.06544191390275955,41000,0.0,0.0
2012-08-16 00:00:00+08:00,0.06544191496849242,0.06588409096002579,0.06499973897695903,0.06588409096002579,74000,0.0,0.0
2012-08-17 00:00:00+08:00,0.06588409096002579,0.06588409096002579,0.06544191496849242,0.06588409096002579,220000,0.0,0.0
2012-08-21 00:00:00+08:00,0.06588409096002579,0.06588409096002579,0.06544191496849242,0.06588409096002579,142000,0.0,0.0
2012-08-22 00:00:00+08:00,0.06544190866877614,0.06632626056671143,0.06544190866877614,0.06632626056671143,140000,0.0,0.0
2012-08-23 00:00:00+08:00,0.06632626821295744,0.06721061362392038,0.06632626821295744,0.06676843762397766,1670000,0.0,0.0
2012-08-24 00:00:00+08:00,0.06676843635417017,0.06676843635417017,0.06588409096002579,0.06588409096002579,89000,0.0,0.0
2012-08-27 00:00:00+08:00,0.06499974021312929,0.06676843762397766,0.06499974021312929,0.06676843762397766,328000,0.0,0.0
2012-08-28 00:00:00+08:00,0.06588408461774378,0.06632626056671143,0.06588408461774378,0.06632626056671143,347000,0.0,0.0
2012-08-29 00:00:00+08:00,0.06632626821295744,0.06676843762397766,0.06632626821295744,0.06676843762397766,305000,0.0,0.0
2012-08-30 00:00:00+08:00,0.06676843635417017,0.06676843635417017,0.06588409096002579,0.06588409096002579,575000,0.0,0.0
2012-08-31 00:00:00+08:00,0.06632626056671143,0.06632626056671143,0.06632626056671143,0.06632626056671143,389000,0.0,0.0
2012-09-03 00:00:00+08:00,0.06632626695155916,0.06632626695155916,0.06588409096002579,0.06588409096002579,130000,0.0,0.0
2012-09-04 00:00:00+08:00,0.06588408988709202,0.06588408988709202,0.06544191390275955,0.06544191390275955,238000,0.0,0.0
2012-09-05 00:00:00+08:00,0.06499973791842709,0.06544191390275955,0.06499973791842709,0.06544191390275955,552000,0.0,0.0
2012-09-06 00:00:00+08:00,0.06455756193409462,0.06544191390275955,0.06455756193409462,0.06544191390275955,112000,0.0,0.0
2012-09-07 00:00:00+08:00,0.06721061234570355,0.06721061234570355,0.06544191496849242,0.06588409096002579,412000,0.0,0.0
2012-09-10 00:00:00+08:00,0.06632626587142448,0.06632626587142448,0.06544191390275955,0.06544191390275955,221000,0.0,0.0
2012-09-11 00:00:00+08:00,0.06499973897695903,0.06588409096002579,0.06499973897695903,0.06588409096002579,79000,0.0,0.0
2012-09-12 00:00:00+08:00,0.06544190866877614,0.06632626056671143,0.06544190866877614,0.06632626056671143,110000,0.0,0.0
2012-09-13 00:00:00+08:00,0.06588409221301472,0.06676843762397766,0.06544191621307201,0.06676843762397766,47000,0.0,0.0
2012-09-14 00:00:00+08:00,0.06632626925636888,0.0676527906881427,0.06632626925636888,0.0672106146812439,1215000,0.0,0.0
2012-09-17 00:00:00+08:00,0.0676527906881427,0.0685371427019403,0.0672106146812439,0.0672106146812439,423000,0.0,0.0
2012-09-18 00:00:00+08:00,0.06765278962386309,0.06765278962386309,0.06632626821295744,0.06676843762397766,213000,0.0,0.0
2012-09-19 00:00:00+08:00,0.06765278644414165,0.06897931438162219,0.06676843448582129,0.068537138402462,1604000,0.0,0.0
2012-09-20 00:00:00+08:00,0.06942149362363395,0.06942149362363395,0.06676843762397766,0.06676843762397766,529000,0.0,0.0
2012-09-21 00:00:00+08:00,0.06721060832286227,0.0680949602529968,0.06676843235779502,0.06765278428792953,617000,0.0,0.0
2012-09-24 00:00:00+08:00,0.06765278537303629,0.06853713731735525,0.06765278537303629,0.06809496134519577,1841000,0.0,0.0
2012-09-25 00:00:00+08:00,0.06853714888448253,0.06986367702484131,0.06809497283769629,0.06986367702484131,3479000,0.0,0.0
2012-09-26 00:00:00+08:00,0.06942149144579937,0.07030583682901934,0.06853713947365711,0.06897931545972824,1510000,0.0,0.0
2012-09-27 00:00:00+08:00,0.068537138402462,0.06897931438162219,0.06809496242330183,0.068537138402462,1079000,0.0,0.0
2012-09-28 00:00:00+08:00,0.06897931045727539,0.07074800768436981,0.06897931045727539,0.07030583173036575,3455000,0.0,0.0
2012-10-01 00:00:00+08:00,0.07030584023074689,0.07163236825314395,0.07030584023074689,0.07074801623821259,3411000,0.0,0.0
2012-10-02 00:00:00+08:00,0.07074802252949063,0.07119019857627688,0.06986367702484131,0.06986367702484131,1643000,0.0,0.0
2012-10-03 00:00:00+08:00,0.06986367702484131,0.06986367702484131,0.06942150097805505,0.06986367702484131,700000,0.0,0.0
2012-10-04 00:00:00+08:00,0.06986367702484131,0.07030584648270437,0.06942150097805505,0.06986367702484131,800000,0.0,0.0
2012-10-05 00:00:00+08:00,0.07030583173036575,0.07030583173036575,0.0698636623652835,0.07030583173036575,232000,0.0,0.0
2012-10-08 00:00:00+08:00,0.06986366850988852,0.06986366850988852,0.06942149251699448,0.06942149251699448,596000,0.0,0.0
2012-10-09 00:00:00+08:00,0.06942149251699448,0.06986366850988852,0.06942149251699448,0.06942149251699448,246000,0.0,0.0
2012-10-10 00:00:00+08:00,0.06942149144579937,0.06942149144579937,0.06897931545972824,0.06897931545972824,263000,0.0,0.0
2012-10-11 00:00:00+08:00,0.06853713947365711,0.06897931545972824,0.06853713947365711,0.06897931545972824,328000,0.0,0.0
2012-10-12 00:00:00+08:00,0.06853713947365711,0.06897931545972824,0.06853713947365711,0.06897931545972824,228000,0.0,0.0
2012-10-15 00:00:00+08:00,0.06853713947365711,0.06942149144579937,0.06853713947365711,0.06897931545972824,150000,0.0,0.0
2012-10-16 00:00:00+08:00,0.06942150097805505,0.06986367702484131,0.06897932493126879,0.06986367702484131,527000,0.0,0.0
2012-10-17 00:00:00+08:00,0.06942150097805505,0.06986367702484131,0.06897932493126879,0.06986367702484131,134000,0.0,0.0
2012-10-18 00:00:00+08:00,0.06986366850988852,0.06986366850988852,0.06942149251699448,0.06942149251699448,375000,0.0,0.0
2012-10-19 00:00:00+08:00,0.06897931545972824,0.06897931545972824,0.06897931545972824,0.06897931545972824,485000,0.0,0.0
2012-10-22 00:00:00+08:00,0.068537138402462,0.068537138402462,0.068537138402462,0.068537138402462,44000,0.0,0.0
2012-10-23 00:00:00+08:00,0.06897931438162219,0.06986366633994255,0.068537138402462,0.068537138402462,255000,0.0,0.0
2012-10-24 00:00:00+08:00,0.06897931652410043,0.06942149251699448,0.06897931652410043,0.06942149251699448,3000,0.0,0.0
2012-10-25 00:00:00+08:00,0.06942149582845672,0.07119019329547882,0.06942149582845672,0.07119019329547882,3074000,0.0,0.0
2012-10-29 00:00:00+08:00,0.07163237462306314,0.07207455066984939,0.06986367702484131,0.06986367702484131,4592000,0.0,0.0
2012-10-30 00:00:00+08:00,0.07030584648270437,0.07030584648270437,0.06986367702484131,0.06986367702484131,252000,0.0,0.0
2012-10-31 00:00:00+08:00,0.06942150097805505,0.06986367702484131,0.06942150097805505,0.06986367702484131,528000,0.0,0.0
2012-11-01 00:00:00+08:00,0.06986367702484131,0.06986367702484131,0.06942150097805505,0.06986367702484131,215000,0.0,0.0
2012-11-02 00:00:00+08:00,0.06942149251699448,0.06942149251699448,0.06942149251699448,0.06942149251699448,186000,0.0,0.0
2012-11-05 00:00:00+08:00,0.06897931438162219,0.06897931438162219,0.068537138402462,0.068537138402462,1386000,0.0,0.0
2012-11-06 00:00:00+08:00,0.06853714014192791,0.06853714014192791,0.0671663946156682,0.0676233097910881,914000,0.005,0.0
2012-11-07 00:00:00+08:00,0.06808022323863856,0.068537138402462,0.06762330807481512,0.068537138402462,200000,0.0,0.0
2012-11-08 00:00:00+08:00,0.06762330807481512,0.068537138402462,0.06762330807481512,0.068537138402462,61000,0.0,0.0
2012-11-09 00:00:00+08:00,0.06716640293598175,0.06762331816800254,0.06716640293598175,0.06716640293598175,113000,0.0,0.0
2012-11-12 00:00:00+08:00,0.06716640293598175,0.06762331816800254,0.06716640293598175,0.06716640293598175,120000,0.0,0.0
2012-11-14 00:00:00+08:00,0.06716640293598175,0.06853714863204413,0.06716640293598175,0.06716640293598175,406000,0.0,0.0
2012-11-15 00:00:00+08:00,0.0667094811797142,0.0667094811797142,0.0667094811797142,0.0667094811797142,433000,0.0,0.0
2012-11-16 00:00:00+08:00,0.06716639636704828,0.06716639636704828,0.0667094811797142,0.0667094811797142,350000,0.0,0.0
2012-11-19 00:00:00+08:00,0.06625256599238012,0.0667094811797142,0.06625256599238012,0.0667094811797142,329000,0.0,0.0
2012-11-20 00:00:00+08:00,0.0662525677679195,0.0662525677679195,0.0657956525683403,0.0657956525683403,203000,0.0,0.0
2012-11-21 00:00:00+08:00,0.0657956525683403,0.0667094829674987,0.0657956525683403,0.0657956525683403,166000,0.0,0.0
2012-11-22 00:00:00+08:00,0.0657956525683403,0.0657956525683403,0.0657956525683403,0.0657956525683403,12000,0.0,0.0
2012-11-23 00:00:00+08:00,0.0657956525683403,0.0667094829674987,0.0657956525683403,0.0657956525683403,16000,0.0,0.0
2012-11-26 00:00:00+08:00,0.06670948206744166,0.06670948206744166,0.06625256687402725,0.06625256687402725,191000,0.0,0.0
2012-11-27 00:00:00+08:00,0.0662525677679195,0.0667094829674987,0.0657956525683403,0.0657956525683403,212000,0.0,0.0
2012-11-28 00:00:00+08:00,0.0657956525683403,0.0657956525683403,0.0657956525683403,0.0657956525683403,0,0.0,0.0
2012-11-29 00:00:00+08:00,0.06625256687402725,0.06670948206744166,0.06625256687402725,0.06625256687402725,58000,0.0,0.0
2012-11-30 00:00:00+08:00,0.06625256687402725,0.06670948206744166,0.06625256687402725,0.06625256687402725,109000,0.0,0.0
2012-12-03 00:00:00+08:00,0.06625256687402725,0.06716639726085609,0.06625256687402725,0.06625256687402725,342000,0.0,0.0
2012-12-04 00:00:00+08:00,0.06670948206744166,0.06716639726085609,0.06625256687402725,0.06625256687402725,287000,0.0,0.0
2012-12-05 00:00:00+08:00,0.06625257247194018,0.06762331816800254,0.06625257247194018,0.06716640293598175,155000,0.0,0.0
2012-12-06 00:00:00+08:00,0.06716639375760954,0.06808022409677505,0.06625256341844402,0.06808022409677505,297000,0.0,0.0
2012-12-07 00:00:00+08:00,0.06808022409677505,0.06808022409677505,0.06808022409677505,0.06808022409677505,60000,0.0,0.0
2012-12-10 00:00:00+08:00,0.06808022409677505,0.06808022409677505,0.06716639375760954,0.06808022409677505,221000,0.0,0.0
2012-12-11 00:00:00+08:00,0.06716639291099168,0.068537138402462,0.06670947774716823,0.068537138402462,540000,0.0,0.0
2012-12-12 00:00:00+08:00,0.06899405270814896,0.07036479831783972,0.068537144313472,0.06899405270814896,3637000,0.0,0.0
2012-12-13 00:00:00+08:00,0.06853713926635781,0.06853713926635781,0.06808022409677505,0.06808022409677505,38000,0.0,0.0
2012-12-14 00:00:00+08:00,0.0676233139070115,0.06899405270814896,0.0676233139070115,0.06899405270814896,228000,0.0,0.0
2012-12-17 00:00:00+08:00,0.06853713926635781,0.06899404762738777,0.06762330892719229,0.06808022409677505,119000,0.0,0.0
2012-12-18 00:00:00+08:00,0.06808022323863856,0.06899404675773274,0.06762330807481512,0.068537138402462,477000,0.0,0.0
2012-12-19 00:00:00+08:00,0.06945096279697054,0.06945096279697054,0.06762330892719229,0.06808022409677505,389000,0.0,0.0
2012-12-20 00:00:00+08:00,0.06808022409677505,0.06808022409677505,0.06808022409677505,0.06808022409677505,72000,0.0,0.0
2012-12-21 00:00:00+08:00,0.06853713926635781,0.06853713926635781,0.06762330892719229,0.06808022409677505,280000,0.0,0.0
2012-12-24 00:00:00+08:00,0.06808022409677505,0.06808022409677505,0.06808022409677505,0.06808022409677505,0,0.0,0.0
2012-12-26 00:00:00+08:00,0.06808022323863856,0.068537138402462,0.06808022323863856,0.068537138402462,526000,0.0,0.0
2012-12-27 00:00:00+08:00,0.06945096701383591,0.06990788221116126,0.06853714342773841,0.06945096701383591,2159000,0.0,0.0
2012-12-28 00:00:00+08:00,0.07036479740848661,0.07036479740848661,0.06899405181651055,0.06945096701383591,415000,0.0,0.0
2012-12-31 00:00:00+08:00,0.06899405270814896,0.06945096791137921,0.06899405270814896,0.06899405270814896,422000,0.0,0.0
2013-01-02 00:00:00+08:00,0.06990788043946419,0.07082171081095541,0.06945096525371859,0.07036479562520981,820000,0.0,0.0
2013-01-03 00:00:00+08:00,0.07036479562520981,0.07127862599670103,0.06990788043946419,0.07036479562520981,1298000,0.0,0.0
2013-01-04 00:00:00+08:00,0.07036480124271828,0.07173554690938731,0.06990788602049527,0.0712786316871643,2975000,0.0,0.0
2013-01-07 00:00:00+08:00,0.07173554508791695,0.07219246029853821,0.07127862987729568,0.07219246029853821,1842000,0.0,0.0
2013-01-08 00:00:00+08:00,0.07173553274431504,0.07173553274431504,0.07082170248031616,0.07082170248031616,1113000,0.0,0.0
2013-01-09 00:00:00+08:00,0.07127862748669715,0.07402011184992528,0.07082171229140027,0.07310628145933151,3131000,0.0,0.0
2013-01-10 00:00:00+08:00,0.0731062748570968,0.07402010516516247,0.0721924513575837,0.07264935970306396,2296000,0.0,0.0
2013-01-11 00:00:00+08:00,0.07264936961706814,0.07264936961706814,0.07173554599285126,0.07173554599285126,1128000,0.0,0.0
2013-01-14 00:00:00+08:00,0.0712786316871643,0.0712786316871643,0.07036480124271828,0.0712786316871643,731000,0.0,0.0
2013-01-15 00:00:00+08:00,0.07082171081095541,0.07127862599670103,0.06990788043946419,0.07036479562520981,1035000,0.0,0.0
2013-01-16 00:00:00+08:00,0.06990788043946419,0.07082171081095541,0.06990788043946419,0.07036479562520981,152000,0.0,0.0
2013-01-17 00:00:00+08:00,0.07036479740848661,0.07082171260581197,0.06945096701383591,0.06945096701383591,812000,0.0,0.0
2013-01-18 00:00:00+08:00,0.07036479562520981,0.07082171081095541,0.06990788043946419,0.07036479562520981,699000,0.0,0.0
2013-01-21 00:00:00+08:00,0.0703648040102978,0.07127863449068647,0.06990788877010345,0.06990788877010345,427000,0.0,0.0
2013-01-22 00:00:00+08:00,0.06990788877010345,0.0703648040102978,0.06990788877010345,0.06990788877010345,302000,0.0,0.0
2013-01-23 00:00:00+08:00,0.06990788877010345,0.0703648040102978,0.06990788877010345,0.06990788877010345,221000,0.0,0.0
2013-01-24 00:00:00+08:00,0.07036479562520981,0.07127862599670103,0.07036479562520981,0.07036479562520981,846000,0.0,0.0
2013-01-25 00:00:00+08:00,0.07082170248031616,0.07173553274431504,0.07082170248031616,0.07082170248031616,621000,0.0,0.0
2013-01-28 00:00:00+08:00,0.0708217058954852,0.07264935970306396,0.0708217058954852,0.07264935970306396,1631000,0.0,0.0
2013-01-29 00:00:00+08:00,0.07264936961706814,0.07310628483345333,0.07173554599285126,0.07173554599285126,923000,0.0,0.0
2013-01-30 00:00:00+08:00,0.07264936366069771,0.07539085473423969,0.07219245529032699,0.07447702437639236,7265000,0.0,0.0
2013-01-31 00:00:00+08:00,0.07447702525501944,0.07447702525501944,0.07356319488639139,0.07402011007070541,1874000,0.0,0.0
2013-02-01 00:00:00+08:00,0.0740201132853757,0.07584776729345322,0.07356319808121799,0.07584776729345322,4406000,0.0,0.0
2013-02-04 00:00:00+08:00,0.07584776976216537,0.07676160020022436,0.07493394613265991,0.07493394613265991,3774000,0.0,0.0
2013-02-05 00:00:00+08:00,0.07447702437639236,0.07447702437639236,0.0740201091974687,0.07447702437639236,1233000,0.0,0.0
2013-02-06 00:00:00+08:00,0.07447703091363041,0.07493394613265991,0.07402011569460092,0.07493394613265991,1221000,0.0,0.0
2013-02-07 00:00:00+08:00,0.07493394613265991,0.07584776976216537,0.07447703091363041,0.07493394613265991,3030000,0.0,0.0
2013-02-08 00:00:00+08:00,0.07447702704522216,0.07447702704522216,0.07219245787729092,0.07310628145933151,2941000,0.0,0.0
2013-02-13 00:00:00+08:00,0.0740201091974687,0.07493393955531602,0.0740201091974687,0.07447702437639236,1818000,0.0,0.0
2013-02-14 00:00:00+08:00,0.07447702437639236,0.07447702437639236,0.0740201091974687,0.07447702437639236,468000,0.0,0.0
2013-02-15 00:00:00+08:00,0.07447702437639236,0.07493393955531602,0.07447702437639236,0.07447702437639236,1638000,0.0,0.0
2013-02-18 00:00:00+08:00,0.07493394369369111,0.07584776729345322,0.07493394369369111,0.07584776729345322,2981000,0.0,0.0
2013-02-19 00:00:00+08:00,0.07584776640036253,0.07721851199669542,0.07584776640036253,0.07630468159914017,4743000,0.0,0.0
2013-02-20 00:00:00+08:00,0.07630468405678156,0.07630468405678156,0.07493394522485279,0.07539086043834686,1183000,0.0,0.0
2013-02-21 00:00:00+08:00,0.07539085473423969,0.07584776310461042,0.07447702437639236,0.07447702437639236,2486000,0.0,0.0
2013-02-22 00:00:00+08:00,0.07447702437639236,0.07493393955531602,0.0740201091974687,0.07447702437639236,689000,0.0,0.0
2013-02-25 00:00:00+08:00,0.07447703091363041,0.07493394613265991,0.07447703091363041,0.07493394613265991,515000,0.0,0.0
2013-02-26 00:00:00+08:00,0.07493394043933346,0.07493394043933346,0.07356319488639139,0.07402011007070541,1439000,0.0,0.0
2013-02-27 00:00:00+08:00,0.0740201091974687,0.07493393955531602,0.0740201091974687,0.07447702437639236,974000,0.0,0.0
2013-02-28 00:00:00+08:00,0.07402011569460092,0.07493394613265991,0.07402011569460092,0.07493394613265991,434000,0.0,0.0
2013-03-01 00:00:00+08:00,0.07402011007070541,0.07402011007070541,0.07356319488639139,0.07402011007070541,1292000,0.0,0.0
2013-03-04 00:00:00+08:00,0.0735631991218486,0.0735631991218486,0.07219246029853821,0.07219246029853821,1745000,0.0,0.0
2013-03-05 00:00:00+08:00,0.07264936870060607,0.07264936870060607,0.07219246029853821,0.07219246029853821,200000,0.0,0.0
2013-03-06 00:00:00+08:00,0.0731062748570968,0.0731062748570968,0.07264935970306396,0.07264935970306396,151000,0.0,0.0
2013-03-07 00:00:00+08:00,0.07219246029853821,0.07219246029853821,0.07173554508791695,0.07219246029853821,512000,0.0,0.0
2013-03-08 00:00:00+08:00,0.07219246029853821,0.07264936870060607,0.07219246029853821,0.07219246029853821,438000,0.0,0.0
2013-03-11 00:00:00+08:00,0.07127863449068647,0.07173554973088082,0.06990788877010345,0.06990788877010345,565000,0.0,0.0
2013-03-12 00:00:00+08:00,0.07036479740848661,0.07082171260581197,0.06945096701383591,0.06945096701383591,914000,0.0,0.0
2013-03-13 00:00:00+08:00,0.06945096701383591,0.06945096701383591,0.06899405181651055,0.06945096701383591,1489000,0.0,0.0
2013-03-14 00:00:00+08:00,0.06945096701383591,0.06990788221116126,0.06853714342773841,0.06945096701383591,679000,0.0,0.0
2013-03-15 00:00:00+08:00,0.06945097352990912,0.07082171925049213,0.06899405828971476,0.06990788877010345,523000,0.0,0.0
2013-03-18 00:00:00+08:00,0.06990788221116126,0.07036479740848661,0.06899405181651055,0.06945096701383591,264000,0.0,0.0
2013-03-19 00:00:00+08:00,0.06899405270814896,0.06945096791137921,0.06899405270814896,0.06899405270814896,44000,0.0,0.0
2013-03-20 00:00:00+08:00,0.06899405828971476,0.06990788877010345,0.06899405828971476,0.06990788877010345,272000,0.0,0.0
2013-03-21 00:00:00+08:00,0.06945096701383591,0.06990788221116126,0.06899405181651055,0.06945096701383591,174000,0.0,0.0
2013-03-22 00:00:00+08:00,0.06945097352990912,0.07082171925049213,0.06945097352990912,0.06990788877010345,152000,0.0,0.0
2013-03-25 00:00:00+08:00,0.06945096701383591,0.06990788221116126,0.06945096701383591,0.06945096701383591,281000,0.0,0.0
2013-03-26 00:00:00+08:00,0.06990788043946419,0.07036479562520981,0.06990788043946419,0.07036479562520981,873000,0.0,0.0
2013-03-27 00:00:00+08:00,0.06990788602049527,0.07219246213161032,0.06990788602049527,0.0712786316871643,547000,0.0,0.0
2013-03-28 00:00:00+08:00,0.07036478734831672,0.0712786176123156,0.07036478734831672,0.07082170248031616,182000,0.0,0.0
2013-04-01 00:00:00+08:00,0.07082170248031616,0.07173553274431504,0.07036478734831672,0.07082170248031616,658000,0.0,0.0
2013-04-02 00:00:00+08:00,0.07173553274431504,0.07173553274431504,0.07036478734831672,0.07082170248031616,244000,0.0,0.0
2013-04-03 00:00:00+08:00,0.0708217164649413,0.0712786316871643,0.0708217164649413,0.0712786316871643,410000,0.0,0.0
2013-04-04 00:00:00+08:00,0.07082171081095541,0.07082171081095541,0.06990788043946419,0.07036479562520981,550000,0.0,0.0
2013-04-05 00:00:00+08:00,0.06990788043946419,0.07036479562520981,0.06990788043946419,0.07036479562520981,350000,0.0,0.0
2013-04-08 00:00:00+08:00,0.06990788877010345,0.06990788877010345,0.06990788877010345,0.06990788877010345,251000,0.0,0.0
2013-04-09 00:00:00+08:00,0.06945097352990912,0.0703648040102978,0.06945097352990912,0.06990788877010345,335000,0.0,0.0
2013-04-10 00:00:00+08:00,0.06990787221631728,0.07082170248031616,0.06990787221631728,0.07082170248031616,1014000,0.0,0.0
2013-04-11 00:00:00+08:00,0.07036479562520981,0.07082171081095541,0.06990788043946419,0.07036479562520981,517000,0.0,0.0
2013-04-12 00:00:00+08:00,0.06990788221116126,0.06990788221116126,0.06945096701383591,0.06945096701383591,225000,0.0,0.0
2013-04-15 00:00:00+08:00,0.06945096701383591,0.06990788221116126,0.06945096701383591,0.06945096701383591,143000,0.0,0.0
2013-04-16 00:00:00+08:00,0.06899405181651055,0.06990788221116126,0.06899405181651055,0.06945096701383591,82000,0.0,0.0
2013-04-17 00:00:00+08:00,0.06990788043946419,0.07036479562520981,0.06853714169078041,0.07036479562520981,546000,0.0,0.0
2013-04-18 00:00:00+08:00,0.06899405181651055,0.06990788221116126,0.06899405181651055,0.06945096701383591,144000,0.0,0.0
2013-04-19 00:00:00+08:00,0.06899405181651055,0.06945096701383591,0.06853714342773841,0.06945096701383591,363000,0.0,0.0
2013-04-22 00:00:00+08:00,0.068537144313472,0.06899405270814896,0.068537144313472,0.06899405270814896,118000,0.0,0.0
2013-04-23 00:00:00+08:00,0.06945096791137921,0.06945096791137921,0.06899405270814896,0.06899405270814896,122000,0.0,0.0
2013-04-24 00:00:00+08:00,0.06945096701383591,0.06945096701383591,0.06945096701383591,0.06945096701383591,72000,0.0,0.0
2013-04-25 00:00:00+08:00,0.06945096791137921,0.06945096791137921,0.068537144313472,0.06899405270814896,235000,0.0,0.0
2013-04-26 00:00:00+08:00,0.06945096525371859,0.07173554118244663,0.06853714169078041,0.07036479562520981,788000,0.0,0.0
2013-04-29 00:00:00+08:00,0.06990788877010345,0.07082171925049213,0.06945097352990912,0.06990788877010345,569000,0.0,0.0
2013-04-30 00:00:00+08:00,0.06945096701383591,0.06990788221116126,0.06899405181651055,0.06945096701383591,150000,0.0,0.0
2013-05-02 00:00:00+08:00,0.06945096791137921,0.06990788311460946,0.06899405270814896,0.06899405270814896,377000,0.0,0.0
2013-05-03 00:00:00+08:00,0.06899405181651055,0.06990788221116126,0.06899405181651055,0.06945096701383591,366000,0.0,0.0
2013-05-06 00:00:00+08:00,0.06990788221116126,0.06990788221116126,0.06945096701383591,0.06945096701383591,124000,0.0,0.0
2013-05-07 00:00:00+08:00,0.06899405181651055,0.06945096701383591,0.06899405181651055,0.06945096701383591,53000,0.0,0.0
2013-05-08 00:00:00+08:00,0.06990788602049527,0.07219246213161032,0.06945097079827227,0.0712786316871643,1267000,0.0,0.0
2013-05-09 00:00:00+08:00,0.07036479562520981,0.07082171081095541,0.07036479562520981,0.07036479562520981,456000,0.0,0.0
2013-05-10 00:00:00+08:00,0.06990788043946419,0.07036479562520981,0.06990788043946419,0.07036479562520981,121000,0.0,0.0
2013-05-13 00:00:00+08:00,0.06945095708431784,0.07082170248031616,0.06945095708431784,0.07082170248031616,241000,0.0,0.0
2013-05-14 00:00:00+08:00,0.06945096525371859,0.07036479562520981,0.06945096525371859,0.07036479562520981,156000,0.0,0.0
2013-05-15 00:00:00+08:00,0.06990788877010345,0.06990788877010345,0.06990788877010345,0.06990788877010345,22000,0.0,0.0
2013-05-16 00:00:00+08:00,0.06990788043946419,0.07082171081095541,0.06990788043946419,0.07036479562520981,135000,0.0,0.0
2013-05-17 00:00:00+08:00,0.07036478734831672,0.07082170248031616,0.06990787221631728,0.07082170248031616,200000,0.0,0.0
2013-05-20 00:00:00+08:00,0.06990788043946419,0.07036479562520981,0.06990788043946419,0.07036479562520981,242000,0.0,0.0
2013-05-21 00:00:00+08:00,0.07036480124271828,0.0712786316871643,0.06990788602049527,0.0712786316871643,718000,0.0,0.0
2013-05-22 00:00:00+08:00,0.0712786176123156,0.07173553274431504,0.07036478734831672,0.07082170248031616,328000,0.0,0.0
2013-05-23 00:00:00+08:00,0.07082171260581197,0.07082171260581197,0.06945096701383591,0.06945096701383591,612000,0.0,0.0
2013-05-27 00:00:00+08:00,0.06945096701383591,0.06990788221116126,0.06899405181651055,0.06945096701383591,256000,0.0,0.0
2013-05-28 00:00:00+08:00,0.06899405006797298,0.07036479562520981,0.06899405006797298,0.07036479562520981,113000,0.0,0.0
2013-05-29 00:00:00+08:00,0.0712786176123156,0.0712786176123156,0.07036478734831672,0.07082170248031616,1645000,0.0,0.0
2013-05-30 00:00:00+08:00,0.06990788221116126,0.07036479740848661,0.06899405181651055,0.06945096701383591,776000,0.0,0.0
2013-05-31 00:00:00+08:00,0.06990788221116126,0.06990788221116126,0.06945096701383591,0.06945096701383591,188000,0.0,0.0
2013-06-03 00:00:00+08:00,0.06990788221116126,0.06990788221116126,0.06899405181651055,0.06945096701383591,183000,0.0,0.0
2013-06-04 00:00:00+08:00,0.06945096525371859,0.07036479562520981,0.06945096525371859,0.07036479562520981,512000,0.0,0.0
2013-06-05 00:00:00+08:00,0.07036479562520981,0.07036479562520981,0.07036479562520981,0.07036479562520981,430000,0.0,0.0
2013-06-06 00:00:00+08:00,0.07036479562520981,0.07036479562520981,0.06990788043946419,0.07036479562520981,660000,0.0,0.0
2013-06-07 00:00:00+08:00,0.06990788877010345,0.06990788877010345,0.06990788877010345,0.06990788877010345,44000,0.0,0.0
2013-06-10 00:00:00+08:00,0.06990788877010345,0.06990788877010345,0.06945097352990912,0.06990788877010345,261000,0.0,0.0
2013-06-11 00:00:00+08:00,0.06899404675773274,0.06899404675773274,0.068537138402462,0.068537138402462,2108000,0.0,0.0
2013-06-12 00:00:00+08:00,0.068537138402462,0.06899404675773274,0.068537138402462,0.068537138402462,390000,0.0,0.0
2013-06-13 00:00:00+08:00,0.06899404762738777,0.06899404762738777,0.06762330892719229,0.06808022409677505,673000,0.0,0.0
2013-06-14 00:00:00+08:00,0.06990788311460946,0.07082171352106997,0.06808022911024175,0.06899405270814896,237000,0.0,0.0
2013-06-17 00:00:00+08:00,0.068537138402462,0.068537138402462,0.06762330807481512,0.068537138402462,108000,0.0,0.0
2013-06-18 00:00:00+08:00,0.06990787708537961,0.0708217074130265,0.068537138402462,0.068537138402462,64000,0.0,0.0
2013-06-19 00:00:00+08:00,0.06899404675773274,0.06899404675773274,0.06808022323863856,0.068537138402462,158000,0.0,0.0
2013-06-20 00:00:00+08:00,0.06808022409677505,0.06808022409677505,0.06762330892719229,0.06808022409677505,213000,0.0,0.0
2013-06-21 00:00:00+08:00,0.06716639291099168,0.06899404675773274,0.06716639291099168,0.068537138402462,383000,0.0,0.0
2013-06-24 00:00:00+08:00,0.06853714863204413,0.06853714863204413,0.06716640293598175,0.06716640293598175,52000,0.0,0.0
2013-06-25 00:00:00+08:00,0.0671663946156682,0.06808022496650801,0.0671663946156682,0.0676233097910881,554000,0.0,0.0
2013-06-26 00:00:00+08:00,0.06853713926635781,0.06853713926635781,0.06808022409677505,0.06808022409677505,85000,0.0,0.0
2013-06-27 00:00:00+08:00,0.06808022323863856,0.06899404675773274,0.06762330807481512,0.068537138402462,164000,0.0,0.0
2013-06-28 00:00:00+08:00,0.06808022409677505,0.06853713926635781,0.06808022409677505,0.06808022409677505,125000,0.0,0.0
2013-07-01 00:00:00+08:00,0.06808022409677505,0.06808022409677505,0.06808022409677505,0.06808022409677505,83000,0.0,0.0
2013-07-02 00:00:00+08:00,0.06808022409677505,0.06853713926635781,0.06808022409677505,0.06808022409677505,149000,0.0,0.0
2013-07-03 00:00:00+08:00,0.068537138402462,0.068537138402462,0.06762330807481512,0.068537138402462,184000,0.0,0.0
2013-07-04 00:00:00+08:00,0.068537138402462,0.068537138402462,0.068537138402462,0.068537138402462,0,0.0,0.0
2013-07-05 00:00:00+08:00,0.068537144313472,0.06899405270814896,0.06808022911024175,0.06899405270814896,231000,0.0,0.0
2013-07-08 00:00:00+08:00,0.068537138402462,0.068537138402462,0.06808022323863856,0.068537138402462,212000,0.0,0.0
2013-07-09 00:00:00+08:00,0.068537144313472,0.06899405270814896,0.068537144313472,0.06899405270814896,64000,0.0,0.0
2013-07-10 00:00:00+08:00,0.06899404675773274,0.06899404675773274,0.068537138402462,0.068537138402462,330000,0.0,0.0
2013-07-11 00:00:00+08:00,0.068537144313472,0.06945096791137921,0.068537144313472,0.06899405270814896,205000,0.0,0.0
2013-07-12 00:00:00+08:00,0.068537138402462,0.06899404675773274,0.068537138402462,0.068537138402462,151000,0.0,0.0
2013-07-15 00:00:00+08:00,0.06990788311460946,0.06990788311460946,0.068537144313472,0.06899405270814896,82000,0.0,0.0
2013-07-16 00:00:00+08:00,0.068537144313472,0.06899405270814896,0.06808022911024175,0.06899405270814896,151000,0.0,0.0
2013-07-17 00:00:00+08:00,0.068537144313472,0.06899405270814896,0.06808022911024175,0.06899405270814896,223000,0.0,0.0
2013-07-18 00:00:00+08:00,0.068537144313472,0.06990788311460946,0.068537144313472,0.06899405270814896,38000,0.0,0.0
2013-07-19 00:00:00+08:00,0.06899405270814896,0.06899405270814896,0.06899405270814896,0.06899405270814896,11000,0.0,0.0
2013-07-22 00:00:00+08:00,0.06899404675773274,0.06899404675773274,0.06808022323863856,0.068537138402462,106000,0.0,0.0
2013-07-23 00:00:00+08:00,0.06853714342773841,0.06945096701383591,0.06853714342773841,0.06945096701383591,364000,0.0,0.0
2013-07-24 00:00:00+08:00,0.068537144313472,0.06899405270814896,0.068537144313472,0.06899405270814896,527000,0.0,0.0
2013-07-25 00:00:00+08:00,0.068537144313472,0.06945096791137921,0.068537144313472,0.06899405270814896,386000,0.0,0.0
2013-07-26 00:00:00+08:00,0.068537144313472,0.06899405270814896,0.068537144313472,0.06899405270814896,122000,0.0,0.0
2013-07-29 00:00:00+08:00,0.06899405270814896,0.06990788311460946,0.068537144313472,0.06899405270814896,331000,0.0,0.0
2013-07-30 00:00:00+08:00,0.06899405382418936,0.07219246029853821,0.0685371454221215,0.07219246029853821,2959000,0.0,0.0
2013-07-31 00:00:00+08:00,0.07310628145933151,0.07630468101785652,0.07310628145933151,0.07310628145933151,25663000,0.0,0.0
2013-08-01 00:00:00+08:00,0.07310628391122734,0.0735631991218486,0.07127862987729568,0.07219246029853821,2656000,0.0,0.0
2013-08-02 00:00:00+08:00,0.07173554118244663,0.07173554118244663,0.07036479562520981,0.07036479562520981,760000,0.0,0.0
2013-08-05 00:00:00+08:00,0.07036478734831672,0.07082170248031616,0.07036478734831672,0.07082170248031616,1433000,0.0,0.0
2013-08-06 00:00:00+08:00,0.0703648040102978,0.07082171925049213,0.06945097352990912,0.06990788877010345,2094000,0.0,0.0
2013-08-07 00:00:00+08:00,0.06990788221116126,0.07036479740848661,0.06945096701383591,0.06945096701383591,795000,0.0,0.0
2013-08-12 00:00:00+08:00,0.07036478734831672,0.07082170248031616,0.06990787221631728,0.07082170248031616,1017000,0.0,0.0
2013-08-13 00:00:00+08:00,0.07036479562520981,0.07036479562520981,0.06990788043946419,0.07036479562520981,854000,0.0,0.0
2013-08-14 00:00:00+08:00,0.07036479562520981,0.07036479562520981,0.06990788043946419,0.07036479562520981,288000,0.0,0.0
2013-08-15 00:00:00+08:00,0.07036478734831672,0.07082170248031616,0.06990787221631728,0.07082170248031616,398000,0.0,0.0
2013-08-16 00:00:00+08:00,0.07082171081095541,0.07127862599670103,0.07036479562520981,0.07036479562520981,353000,0.0,0.0
2013-08-19 00:00:00+08:00,0.0703648040102978,0.07082171925049213,0.06990788877010345,0.06990788877010345,468000,0.0,0.0
2013-08-20 00:00:00+08:00,0.06990788221116126,0.07036479740848661,0.06945096701383591,0.06945096701383591,847000,0.0,0.0
2013-08-21 00:00:00+08:00,0.06945096701383591,0.06990788221116126,0.06945096701383591,0.06945096701383591,362000,0.0,0.0
2013-08-22 00:00:00+08:00,0.06945097352990912,0.0703648040102978,0.06945097352990912,0.06990788877010345,845000,0.0,0.0
2013-08-23 00:00:00+08:00,0.07036479562520981,0.07082171081095541,0.06945096525371859,0.07036479562520981,516000,0.0,0.0
2013-08-26 00:00:00+08:00,0.07036478734831672,0.07173553274431504,0.07036478734831672,0.07082170248031616,699000,0.0,0.0
2013-08-27 00:00:00+08:00,0.07082171925049213,0.07127863449068647,0.06945097352990912,0.06990788877010345,1127000,0.0,0.0
2013-08-28 00:00:00+08:00,0.06945096701383591,0.06945096701383591,0.06853714342773841,0.06945096701383591,1587000,0.0,0.0
2013-08-29 00:00:00+08:00,0.06899404675773274,0.06945096192155617,0.068537138402462,0.068537138402462,231000,0.0,0.0
2013-08-30 00:00:00+08:00,0.06899405270814896,0.06990788311460946,0.06899405270814896,0.06899405270814896,309000,0.0,0.0
2013-09-02 00:00:00+08:00,0.06899405828971476,0.07082171925049213,0.06853714985807427,0.06990788877010345,270000,0.0,0.0
2013-09-03 00:00:00+08:00,0.06945096701383591,0.06945096701383591,0.06899405181651055,0.06945096701383591,118000,0.0,0.0
2013-09-04 00:00:00+08:00,0.06899405270814896,0.06899405270814896,0.068537144313472,0.06899405270814896,542000,0.0,0.0
2013-09-05 00:00:00+08:00,0.06945096701383591,0.06990788221116126,0.06899405181651055,0.06945096701383591,575000,0.0,0.0
2013-09-06 00:00:00+08:00,0.06899405828971476,0.06990788877010345,0.06899405828971476,0.06990788877010345,302000,0.0,0.0
2013-09-09 00:00:00+08:00,0.06945097352990912,0.06990788877010345,0.06899405828971476,0.06990788877010345,336000,0.0,0.0
2013-09-10 00:00:00+08:00,0.06945097352990912,0.06990788877010345,0.06945097352990912,0.06990788877010345,255000,0.0,0.0
2013-09-11 00:00:00+08:00,0.06990788877010345,0.06990788877010345,0.06899405828971476,0.06990788877010345,329000,0.0,0.0
2013-09-12 00:00:00+08:00,0.06990787221631728,0.07082170248031616,0.06990787221631728,0.07082170248031616,155000,0.0,0.0
2013-09-13 00:00:00+08:00,0.0703648040102978,0.0703648040102978,0.06945097352990912,0.06990788877010345,241000,0.0,0.0
2013-09-16 00:00:00+08:00,0.07036478734831672,0.07082170248031616,0.06945095708431784,0.07082170248031616,360000,0.0,0.0
2013-09-17 00:00:00+08:00,0.06990788877010345,0.0703648040102978,0.06990788877010345,0.06990788877010345,276000,0.0,0.0
2013-09-18 00:00:00+08:00,0.06990788043946419,0.07036479562520981,0.06990788043946419,0.07036479562520981,169000,0.0,0.0
2013-09-19 00:00:00+08:00,0.07082170248031616,0.0712786176123156,0.06990787221631728,0.07082170248031616,211000,0.0,0.0
2013-09-20 00:00:00+08:00,0.06990788877010345,0.06990788877010345,0.06990788877010345,0.06990788877010345,235000,0.0,0.0
2013-09-23 00:00:00+08:00,0.07036479562520981,0.07036479562520981,0.07036479562520981,0.07036479562520981,30000,0.0,0.0
2013-09-24 00:00:00+08:00,0.07036478734831672,0.0712786176123156,0.07036478734831672,0.07082170248031616,152000,0.0,0.0
2013-09-25 00:00:00+08:00,0.07036479562520981,0.07082171081095541,0.06990788043946419,0.07036479562520981,240000,0.0,0.0
2013-09-26 00:00:00+08:00,0.06990788043946419,0.07036479562520981,0.06945096525371859,0.07036479562520981,1310000,0.0,0.0
2013-09-27 00:00:00+08:00,0.07082171556008088,0.07310628483345333,0.07082171556008088,0.07173554599285126,4744000,0.0,0.0
2013-09-30 00:00:00+08:00,0.0712786176123156,0.0712786176123156,0.07082170248031616,0.07082170248031616,1422000,0.0,0.0
2013-10-01 00:00:00+08:00,0.06990788043946419,0.07036479562520981,0.06990788043946419,0.07036479562520981,905000,0.0,0.0
2013-10-02 00:00:00+08:00,0.07036479562520981,0.07082171081095541,0.07036479562520981,0.07036479562520981,470000,0.0,0.0
2013-10-03 00:00:00+08:00,0.07036479562520981,0.07036479562520981,0.07036479562520981,0.07036479562520981,81000,0.0,0.0
2013-10-04 00:00:00+08:00,0.06990788877010345,0.06990788877010345,0.06945097352990912,0.06990788877010345,714000,0.0,0.0
2013-10-07 00:00:00+08:00,0.06945096701383591,0.06945096701383591,0.06808022823041307,0.06945096701383591,1151000,0.0,0.0
2013-10-08 00:00:00+08:00,0.06945097352990912,0.0703648040102978,0.06945097352990912,0.06990788877010345,403000,0.0,0.0
2013-10-09 00:00:00+08:00,0.06945096701383591,0.06990788221116126,0.06945096701383591,0.06945096701383591,465000,0.0,0.0
2013-10-10 00:00:00+08:00,0.06945096525371859,0.07036479562520981,0.06945096525371859,0.07036479562520981,141000,0.0,0.0
2013-10-11 00:00:00+08:00,0.06990788877010345,0.0703648040102978,0.06990788877010345,0.06990788877010345,333000,0.0,0.0
2013-10-14 00:00:00+08:00,0.0703648040102978,0.0703648040102978,0.06990788877010345,0.06990788877010345,294000,0.0,0.0
2013-10-16 00:00:00+08:00,0.07036479562520981,0.07082171081095541,0.06990788043946419,0.07036479562520981,480000,0.0,0.0
2013-10-17 00:00:00+08:00,0.0703648040102978,0.0703648040102978,0.06990788877010345,0.06990788877010345,417000,0.0,0.0
2013-10-18 00:00:00+08:00,0.06990788043946419,0.07036479562520981,0.06990788043946419,0.07036479562520981,434000,0.0,0.0
2013-10-21 00:00:00+08:00,0.07036479562520981,0.07082171081095541,0.07036479562520981,0.07036479562520981,216000,0.0,0.0
2013-10-22 00:00:00+08:00,0.07036479562520981,0.07082171081095541,0.07036479562520981,0.07036479562520981,99000,0.0,0.0
2013-10-23 00:00:00+08:00,0.07082170248031616,0.0712786176123156,0.07082170248031616,0.07082170248031616,146000,0.0,0.0
2013-10-24 00:00:00+08:00,0.07082170248031616,0.07082170248031616,0.07036478734831672,0.07082170248031616,198000,0.0,0.0
2013-10-25 00:00:00+08:00,0.07082171081095541,0.07082171081095541,0.07036479562520981,0.07036479562520981,136000,0.0,0.0
2013-10-28 00:00:00+08:00,0.07082171081095541,0.07127862599670103,0.07036479562520981,0.07036479562520981,198000,0.0,0.0
2013-10-29 00:00:00+08:00,0.07036479562520981,0.07082171081095541,0.07036479562520981,0.07036479562520981,192000,0.0,0.0
2013-10-30 00:00:00+08:00,0.07082171925049213,0.07082171925049213,0.06990788877010345,0.06990788877010345,1033000,0.0,0.0
2013-10-31 00:00:00+08:00,0.07036479562520981,0.07082171081095541,0.06990788043946419,0.07036479562520981,324000,0.0,0.0
2013-11-01 00:00:00+08:00,0.06990788043946419,0.07082171081095541,0.06990788043946419,0.07036479562520981,52000,0.0,0.0
2013-11-05 00:00:00+08:00,0.07083704322576523,0.07083704322576523,0.06989254743954763,0.07083704322576523,725000,0.005,0.0
2013-11-06 00:00:00+08:00,0.07083704322576523,0.07083704322576523,0.06989254743954763,0.07083704322576523,94000,0.0,0.0
2013-11-07 00:00:00+08:00,0.06942030012759216,0.06989254802465439,0.06942030012759216,0.06989254802465439,195000,0.0,0.0
2013-11-08 00:00:00+08:00,0.06989254773013756,0.07036479562520981,0.06989254773013756,0.07036479562520981,239000,0.0,0.0
2013-11-11 00:00:00+08:00,0.06989254743954763,0.07083704322576523,0.06942029954643883,0.07083704322576523,263000,0.0,0.0
2013-11-12 00:00:00+08:00,0.07083704442803944,0.07083704442803944,0.06894805282354355,0.06894805282354355,170000,0.0,0.0
2013-11-13 00:00:00+08:00,0.06942030042409897,0.06942030042409897,0.06942030042409897,0.06942030042409897,87000,0.0,0.0
2013-11-14 00:00:00+08:00,0.06894805252501968,0.06989254832317826,0.06894805252501968,0.06942030042409897,126000,0.0,0.0
2013-11-15 00:00:00+08:00,0.06942030012759216,0.07036479592171661,0.06942030012759216,0.06989254802465439,117000,0.0,0.0
2013-11-18 00:00:00+08:00,0.0698925486257915,0.0698925486257915,0.06894805282354355,0.06894805282354355,62000,0.0,0.0
2013-11-19 00:00:00+08:00,0.06942030042409897,0.06942030042409897,0.06942030042409897,0.06942030042409897,92000,0.0,0.0
2013-11-20 00:00:00+08:00,0.06942030072466752,0.06942030072466752,0.06847580492241957,0.06894805282354355,414000,0.0,0.0
2013-11-21 00:00:00+08:00,0.06894805252501968,0.06942030042409897,0.06894805252501968,0.06942030042409897,47000,0.0,0.0
2013-11-22 00:00:00+08:00,0.06894805282354355,0.06894805282354355,0.06894805282354355,0.06894805282354355,2000,0.0,0.0
2013-11-25 00:00:00+08:00,0.06894805282354355,0.06894805282354355,0.06894805282354355,0.06894805282354355,39000,0.0,0.0
2013-11-26 00:00:00+08:00,0.06894805282354355,0.0698925486257915,0.06894805282354355,0.06894805282354355,108000,0.0,0.0
2013-11-27 00:00:00+08:00,0.06894805282354355,0.0698925486257915,0.06894805282354355,0.06894805282354355,47000,0.0,0.0
2013-11-28 00:00:00+08:00,0.06942030042409897,0.06989254832317826,0.06942030042409897,0.06942030042409897,165000,0.0,0.0
2013-11-29 00:00:00+08:00,0.06942030042409897,0.06942030042409897,0.06942030042409897,0.06942030042409897,193000,0.0,0.0
2013-12-02 00:00:00+08:00,0.06894805252501968,0.06989254832317826,0.06894805252501968,0.06942030042409897,27000,0.0,0.0
2013-12-03 00:00:00+08:00,0.06894805252501968,0.06942030042409897,0.06894805252501968,0.06942030042409897,182000,0.0,0.0
2013-12-04 00:00:00+08:00,0.06942030042409897,0.06942030042409897,0.06942030042409897,0.06942030042409897,22000,0.0,0.0
2013-12-05 00:00:00+08:00,0.06942030042409897,0.06942030042409897,0.06942030042409897,0.06942030042409897,0,0.0,0.0
2013-12-06 00:00:00+08:00,0.06942029954643883,0.07083704322576523,0.06847580376022123,0.07083704322576523,23000,0.0,0.0
2013-12-09 00:00:00+08:00,0.06894806062814901,0.06894806062814901,0.06847581267356873,0.06847581267356873,58000,0.0,0.0
2013-12-10 00:00:00+08:00,0.06894806062814901,0.06989255653730958,0.06847581267356873,0.06847581267356873,120000,0.0,0.0
2013-12-11 00:00:00+08:00,0.06894805282354355,0.06894805282354355,0.06894805282354355,0.06894805282354355,5000,0.0,0.0
2013-12-12 00:00:00+08:00,0.06847580552773126,0.06847580552773126,0.06800355762243271,0.06800355762243271,316000,0.0,0.0
2013-12-13 00:00:00+08:00,0.06800355762243271,0.06800355762243271,0.06800355762243271,0.06800355762243271,2000,0.0,0.0
2013-12-16 00:00:00+08:00,0.06800355930160142,0.07036479888639874,0.06611457467079163,0.06611457467079163,729000,0.0,0.0
2013-12-17 00:00:00+08:00,0.06611457245382754,0.06894805282354355,0.06611457245382754,0.06894805282354355,6000,0.0,0.0
2013-12-18 00:00:00+08:00,0.06894805282354355,0.06894805282354355,0.06894805282354355,0.06894805282354355,0,0.0,0.0
2013-12-19 00:00:00+08:00,0.06894805282354355,0.06894805282354355,0.06894805282354355,0.06894805282354355,0,0.0,0.0
2013-12-20 00:00:00+08:00,0.06894805282354355,0.06894805282354355,0.06894805282354355,0.06894805282354355,0,0.0,0.0
2013-12-23 00:00:00+08:00,0.06847580625607312,0.06989254998703794,0.06753131747245789,0.06753131747245789,258000,0.0,0.0
2013-12-24 00:00:00+08:00,0.06753131747245789,0.06753131747245789,0.06753131747245789,0.06753131747245789,0,0.0,0.0
2013-12-26 00:00:00+08:00,0.06800355643640547,0.06989254802465439,0.06800355643640547,0.06989254802465439,124000,0.0,0.0
2013-12-27 00:00:00+08:00,0.0684758046259404,0.07036479622225754,0.0684758046259404,0.06942030042409897,56000,0.0,0.0
2013-12-30 00:00:00+08:00,0.0684758046259404,0.06942030042409897,0.0684758046259404,0.06942030042409897,109000,0.0,0.0
2013-12-31 00:00:00+08:00,0.06894806062814901,0.06894806062814901,0.06847581267356873,0.06847581267356873,10000,0.0,0.0
2014-01-02 00:00:00+08:00,0.06942030042409897,0.07036479622225754,0.06894805252501968,0.06942030042409897,40000,0.0,0.0
2014-01-03 00:00:00+08:00,0.06894805282354355,0.06894805282354355,0.06894805282354355,0.06894805282354355,2000,0.0,0.0
2014-01-06 00:00:00+08:00,0.06847581267356873,0.06894806062814901,0.06847581267356873,0.06847581267356873,75000,0.0,0.0
2014-01-07 00:00:00+08:00,0.06847581267356873,0.06847581267356873,0.06847581267356873,0.06847581267356873,10000,0.0,0.0
2014-01-08 00:00:00+08:00,0.06942030042409897,0.06989254832317826,0.06894805252501968,0.06942030042409897,384000,0.0,0.0
2014-01-09 00:00:00+08:00,0.0694203085827293,0.0694203085827293,0.06847581267356873,0.06847581267356873,373000,0.0,0.0
2014-01-10 00:00:00+08:00,0.06847581267356873,0.06847581267356873,0.06800356471898844,0.06847581267356873,103000,0.0,0.0
2014-01-13 00:00:00+08:00,0.06800356471898844,0.0694203085827293,0.06800356471898844,0.06847581267356873,381000,0.0,0.0
2014-01-14 00:00:00+08:00,0.06800355643640547,0.06989254802465439,0.06800355643640547,0.06989254802465439,119000,0.0,0.0
2014-01-15 00:00:00+08:00,0.06800355643640547,0.06989254802465439,0.06800355643640547,0.06989254802465439,37000,0.0,0.0
2014-01-16 00:00:00+08:00,0.06847581267356873,0.0694203085827293,0.06800356471898844,0.06847581267356873,123000,0.0,0.0
2014-01-17 00:00:00+08:00,0.0684758046259404,0.06942030042409897,0.0680035567268611,0.06942030042409897,88000,0.0,0.0
2014-01-20 00:00:00+08:00,0.06847581267356873,0.06847581267356873,0.06847581267356873,0.06847581267356873,159000,0.0,0.0
2014-01-21 00:00:00+08:00,0.0694203085827293,0.0694203085827293,0.06800356471898844,0.06847581267356873,491000,0.0,0.0
2014-01-22 00:00:00+08:00,0.0680035567268611,0.06942030042409897,0.0680035567268611,0.06942030042409897,36000,0.0,0.0
2014-01-23 00:00:00+08:00,0.0680035570212956,0.06894805282354355,0.0680035570212956,0.06894805282354355,238000,0.0,0.0
2014-01-24 00:00:00+08:00,0.0680035570212956,0.06894805282354355,0.0680035570212956,0.06894805282354355,137000,0.0,0.0
2014-01-27 00:00:00+08:00,0.06753131810077796,0.06753131810077796,0.06658682227134705,0.06658682227134705,815000,0.0,0.0
2014-01-28 00:00:00+08:00,0.06658682935751102,0.06705907732248306,0.06658682935751102,0.06705907732248306,253000,0.0,0.0
2014-01-29 00:00:00+08:00,0.06705907018606251,0.06705907018606251,0.0661145743566316,0.06658682227134705,581000,0.0,0.0
2014-01-30 00:00:00+08:00,0.0661145743566316,0.06658682227134705,0.06517007852720066,0.06658682227134705,441000,0.0,0.0
2014-02-03 00:00:00+08:00,0.06517007946968079,0.06564232739122583,0.06469783154813574,0.06517007946968079,696000,0.0,0.0
2014-02-04 00:00:00+08:00,0.06517007946968079,0.06517007946968079,0.06517007946968079,0.06517007946968079,75000,0.0,0.0
2014-02-05 00:00:00+08:00,0.06517007946968079,0.06517007946968079,0.06517007946968079,0.06517007946968079,243000,0.0,0.0
2014-02-06 00:00:00+08:00,0.0656423270702362,0.06611457498947196,0.06517007915100045,0.0656423270702362,196000,0.0,0.0
2014-02-07 00:00:00+08:00,0.0656423270702362,0.06705907082794348,0.0656423270702362,0.0656423270702362,323000,0.0,0.0
2014-02-10 00:00:00+08:00,0.0656423270702362,0.06611457498947196,0.0656423270702362,0.0656423270702362,108000,0.0,0.0
2014-02-11 00:00:00+08:00,0.0651700788368727,0.06611457467079163,0.0651700788368727,0.06611457467079163,200000,0.0,0.0
2014-02-12 00:00:00+08:00,0.06611457498947196,0.06658682290870772,0.0656423270702362,0.0656423270702362,61000,0.0,0.0
2014-02-13 00:00:00+08:00,0.06517007946968079,0.06564232739122583,0.06517007946968079,0.06517007946968079,41000,0.0,0.0
2014-02-14 00:00:00+08:00,0.06611457498947196,0.06611457498947196,0.06517007915100045,0.0656423270702362,102000,0.0,0.0
2014-02-17 00:00:00+08:00,0.06517007915100045,0.0656423270702362,0.06517007915100045,0.0656423270702362,105000,0.0,0.0
2014-02-18 00:00:00+08:00,0.06517007915100045,0.0656423270702362,0.06469783123176469,0.0656423270702362,220000,0.0,0.0
2014-02-19 00:00:00+08:00,0.06611457498947196,0.06611457498947196,0.06469783123176469,0.0656423270702362,42000,0.0,0.0
2014-02-20 00:00:00+08:00,0.06422559066361885,0.06517007946968079,0.06422559066361885,0.06517007946968079,6000,0.0,0.0
2014-02-21 00:00:00+08:00,0.06564232771690144,0.06564232771690144,0.06469783186912537,0.06469783186912537,3000,0.0,0.0
2014-02-24 00:00:00+08:00,0.0646978326114286,0.0646978326114286,0.06422559171915054,0.06422559171915054,67000,0.0,0.0
2014-02-25 00:00:00+08:00,0.06469783123176469,0.06611457498947196,0.06469783123176469,0.0656423270702362,137000,0.0,0.0
2014-02-26 00:00:00+08:00,0.06611457498947196,0.06658682290870772,0.06469783123176469,0.0656423270702362,164000,0.0,0.0
2014-02-27 00:00:00+08:00,0.0661145743566316,0.06658682227134705,0.06564232644191613,0.06658682227134705,92000,0.0,0.0
2014-02-28 00:00:00+08:00,0.06611457564078947,0.06611457564078947,0.06469783186912537,0.06469783186912537,8000,0.0,0.0
2014-03-03 00:00:00+08:00,0.0646978256662664,0.0646978256662664,0.0632810890674591,0.0632810890674591,376000,0.0,0.0
2014-03-04 00:00:00+08:00,0.06375334243032128,0.0656423270702362,0.06375334243032128,0.0656423270702362,152000,0.0,0.0
2014-03-05 00:00:00+08:00,0.0656423270702362,0.06658682290870772,0.06422559034955704,0.0656423270702362,249000,0.0,0.0
2014-03-06 00:00:00+08:00,0.06422559066361885,0.06517007946968079,0.06422559066361885,0.06517007946968079,75000,0.0,0.0
2014-03-07 00:00:00+08:00,0.06469783186912537,0.06469783186912537,0.06469783186912537,0.06469783186912537,18000,0.0,0.0
2014-03-10 00:00:00+08:00,0.06422559034955704,0.0656423270702362,0.06422559034955704,0.0656423270702362,294000,0.0,0.0
2014-03-11 00:00:00+08:00,0.06469783154813574,0.06564232739122583,0.06469783154813574,0.06517007946968079,132000,0.0,0.0
2014-03-12 00:00:00+08:00,0.06611457467079163,0.06611457467079163,0.06611457467079163,0.06611457467079163,30000,0.0,0.0
2014-03-13 00:00:00+08:00,0.06469783154813574,0.06517007946968079,0.06469783154813574,0.06517007946968079,130000,0.0,0.0
2014-03-14 00:00:00+08:00,0.06564232739122583,0.06611457531277087,0.06469783154813574,0.06517007946968079,20000,0.0,0.0
2014-03-17 00:00:00+08:00,0.06469783091991324,0.06611457467079163,0.06469783091991324,0.06611457467079163,158000,0.0,0.0
2014-03-18 00:00:00+08:00,0.06611457467079163,0.06611457467079163,0.06611457467079163,0.06611457467079163,0,0.0,0.0
2014-03-19 00:00:00+08:00,0.0651700788368727,0.06611457467079163,0.0651700788368727,0.06611457467079163,91000,0.0,0.0
2014-03-20 00:00:00+08:00,0.06564232739122583,0.06564232739122583,0.06422559066361885,0.06517007946968079,246000,0.0,0.0
2014-03-21 00:00:00+08:00,0.06469783154813574,0.06564232739122583,0.06469783154813574,0.06517007946968079,61000,0.0,0.0
2014-03-24 00:00:00+08:00,0.0642255909822655,0.0665868235646775,0.0642255909822655,0.06469783186912537,246000,0.0,0.0
2014-03-25 00:00:00+08:00,0.06517007946968079,0.06517007946968079,0.06517007946968079,0.06517007946968079,17000,0.0,0.0
2014-03-26 00:00:00+08:00,0.06564232675383216,0.06658682258775109,0.0651700788368727,0.06611457467079163,119000,0.0,0.0
2014-03-27 00:00:00+08:00,0.06611457467079163,0.06611457467079163,0.06611457467079163,0.06611457467079163,0,0.0,0.0
2014-03-28 00:00:00+08:00,0.06469783091991324,0.06611457467079163,0.06469783091991324,0.06611457467079163,114000,0.0,0.0
2014-03-31 00:00:00+08:00,0.06517007946968079,0.06564232739122583,0.06517007946968079,0.06517007946968079,16000,0.0,0.0
2014-04-01 00:00:00+08:00,0.06517007915100045,0.0656423270702362,0.06517007915100045,0.0656423270702362,79000,0.0,0.0
2014-04-02 00:00:00+08:00,0.06517007946968079,0.0665868232343159,0.06517007946968079,0.06517007946968079,199000,0.0,0.0
2014-04-03 00:00:00+08:00,0.0661145743566316,0.06658682227134705,0.0661145743566316,0.06658682227134705,275000,0.0,0.0
2014-04-04 00:00:00+08:00,0.06658682227134705,0.06658682227134705,0.0661145743566316,0.06658682227134705,467000,0.0,0.0
2014-04-07 00:00:00+08:00,0.06705907732248306,0.06847581418037041,0.06658682935751102,0.06705907732248306,1706000,0.0,0.0
2014-04-08 00:00:00+08:00,0.06753131675416206,0.06847580552773126,0.06753131675416206,0.06800355762243271,2245000,0.0,0.0
2014-04-09 00:00:00+08:00,0.06800355762243271,0.06847580552773126,0.06800355762243271,0.06800355762243271,696000,0.0,0.0
2014-04-10 00:00:00+08:00,0.06800355762243271,0.06800355762243271,0.06753131675416206,0.06800355762243271,951000,0.0,0.0
2014-04-11 00:00:00+08:00,0.06753131675416206,0.06800355762243271,0.06753131675416206,0.06800355762243271,894000,0.0,0.0
2014-04-14 00:00:00+08:00,0.06800355614984857,0.07036479562520981,0.06800355614984857,0.07036479562520981,3134000,0.0,0.0
2014-04-15 00:00:00+08:00,0.07036480198780047,0.07130929082632065,0.0694203061122519,0.07130929082632065,3972000,0.0,0.0
2014-04-16 00:00:00+08:00,0.07130928408184631,0.07130928408184631,0.07036479533265642,0.07083704322576523,600000,0.0,0.0
2014-04-17 00:00:00+08:00,0.0713092756881933,0.07178152352571487,0.0713092756881933,0.07178152352571487,559000,0.0,0.0
2014-04-21 00:00:00+08:00,0.07178152352571487,0.07178152352571487,0.07178152352571487,0.07178152352571487,0,0.0,0.0
2014-04-22 00:00:00+08:00,0.0812264833239157,0.08217097216102184,0.0802819874497812,0.08075423538684845,31729000,0.0,0.0
2014-04-23 00:00:00+08:00,0.08169872313737869,0.08264321899895162,0.08122648224362052,0.08169872313737869,14588000,0.0,0.0
2014-04-24 00:00:00+08:00,0.08169872280904554,0.08311546659571126,0.08169872280904554,0.08217097073793411,11312000,0.0,0.0
2014-04-25 00:00:00+08:00,0.08311546529713522,0.08453220906166609,0.08311546529713522,0.08405996114015579,10120000,0.0,0.0
2014-04-28 00:00:00+08:00,0.08405996114015579,0.08500445698317637,0.08358771321864551,0.08405996114015579,5318000,0.0,0.0
2014-04-29 00:00:00+08:00,0.0840599597865522,0.08689344023295872,0.0840599597865522,0.08547669649124146,12778000,0.0,0.0
2014-04-30 00:00:00+08:00,0.08547669617961283,0.08642119200398092,0.08547669617961283,0.08594894409179688,4854000,0.0,0.0
2014-05-02 00:00:00+08:00,0.08594894409179688,0.08594894409179688,0.08500445530445679,0.08594894409179688,2385000,0.0,0.0
2014-05-05 00:00:00+08:00,0.0859489444051472,0.0859489444051472,0.08547669649124146,0.08547669649124146,4222000,0.0,0.0
2014-05-06 00:00:00+08:00,0.08547670471415483,0.08547670471415483,0.08500446379184723,0.08500446379184723,2204000,0.0,0.0
2014-05-07 00:00:00+08:00,0.08547669754311757,0.08547669754311757,0.08453220874071121,0.08453220874071121,6449000,0.0,0.0
2014-05-08 00:00:00+08:00,0.08500445698317637,0.08500445698317637,0.08264321737562494,0.08405996114015579,4200000,0.0,0.0
2014-05-09 00:00:00+08:00,0.08358771290127673,0.08453220874071121,0.08358771290127673,0.08453220874071121,2228000,0.0,0.0
2014-05-12 00:00:00+08:00,0.08500445698317637,0.08500445698317637,0.08405996114015579,0.08405996114015579,2364000,0.0,0.0
2014-05-14 00:00:00+08:00,0.08358771353960037,0.08453220938624756,0.08358771353960037,0.08358771353960037,2378000,0.0,0.0
2014-05-15 00:00:00+08:00,0.08311546626550191,0.08358771419251429,0.08264321833848953,0.08264321833848953,11952000,0.0,0.0
2014-05-16 00:00:00+08:00,0.08264321769295317,0.08405996146292397,0.08264321769295317,0.08358771353960037,10110000,0.0,0.0
2014-05-19 00:00:00+08:00,0.08358771009308469,0.08925467086524953,0.08358771009308469,0.08831018209457397,23831000,0.0,0.0
2014-05-20 00:00:00+08:00,0.08831018301929804,0.08831018301929804,0.08689343929290771,0.08689343929290771,6740000,0.0,0.0
2014-05-21 00:00:00+08:00,0.08594895452114491,0.09161592311797537,0.08547670655165664,0.09114367514848709,23139000,0.0,0.0
2014-05-22 00:00:00+08:00,0.09208815386493954,0.09681062600046006,0.09019916923294818,0.09444939345121384,41024000,0.0,0.0
2014-05-23 00:00:00+08:00,0.0944493842340133,0.09917184887164616,0.0944493842340133,0.09681061655282974,16563000,0.0,0.0
2014-05-26 00:00:00+08:00,0.09917184887164616,0.10153308822748999,0.0944493842340133,0.09681061655282974,13788000,0.0,0.0
2014-05-27 00:00:00+08:00,0.09681062600046006,0.09681062600046006,0.08972692131569332,0.09444939345121384,18954000,0.0,0.0
2014-05-28 00:00:00+08:00,0.09444940161684984,0.09444940161684984,0.09303265774260047,0.0935049057006836,6329000,0.0,0.0
2014-05-29 00:00:00+08:00,0.09256039274933825,0.09917184887164616,0.09256039274933825,0.09681061655282974,35923000,0.0,0.0
2014-05-30 00:00:00+08:00,0.09681061357824487,0.10389431735406898,0.09681061357824487,0.10153308510780334,23223000,0.0,0.0
2014-06-02 00:00:00+08:00,0.10389433589625947,0.11097804093632392,0.10389433589625947,0.10625556856393814,29590000,0.0,0.0
2014-06-03 00:00:00+08:00,0.10625556649418488,0.11806174367666245,0.10625556649418488,0.11806174367666245,24378000,0.0,0.0
2014-06-04 00:00:00+08:00,0.12278421744871593,0.12986792987986515,0.1204229846630187,0.12514545023441315,24859000,0.0,0.0
2014-06-05 00:00:00+08:00,0.12514544154171503,0.12514544154171503,0.11570051105497825,0.11806174367666245,17308000,0.0,0.0
2014-06-06 00:00:00+08:00,0.11806174895224382,0.12042298167943954,0.1157005162250481,0.12042298167943954,13751000,0.0,0.0
2014-06-09 00:00:00+08:00,0.12042296493166653,0.12278419733047485,0.1180617325328582,0.12278419733047485,9291000,0.0,0.0
2014-06-10 00:00:00+08:00,0.12278421744871593,0.12750669709416793,0.12278421744871593,0.12514545023441315,5377000,0.0,0.0
2014-06-11 00:00:00+08:00,0.12514545023441315,0.12750669709416793,0.1204229846630187,0.12514545023441315,6813000,0.0,0.0
2014-06-12 00:00:00+08:00,0.12514545023441315,0.12514545023441315,0.12278421744871593,0.12514545023441315,4827000,0.0,0.0
2014-06-13 00:00:00+08:00,0.12514545023441315,0.12514545023441315,0.12514545023441315,0.12514545023441315,1596000,0.0,0.0
2014-06-16 00:00:00+08:00,0.12514543893921434,0.13931284844875336,0.1227842063666339,0.13931284844875336,8962000,0.0,0.0
2014-06-17 00:00:00+08:00,0.1393128416549215,0.14875778555870056,0.13222914428262889,0.14875778555870056,12427000,0.0,0.0
2014-06-18 00:00:00+08:00,0.14639654755592346,0.14875777992391334,0.14403531518793358,0.14639654755592346,2744000,0.0,0.0
2014-06-19 00:00:00+08:00,0.146396551308563,0.146396551308563,0.13931283994895874,0.14167408645153046,4587000,0.0,0.0
2014-06-20 00:00:00+08:00,0.14639654755592346,0.1534802446598931,0.14403531518793358,0.14639654755592346,6640000,0.0,0.0
2014-06-23 00:00:00+08:00,0.14403531888004673,0.14875778373707926,0.14167408645153046,0.14167408645153046,4451000,0.0,0.0
2014-06-24 00:00:00+08:00,0.1416741048929403,0.1440353376288131,0.13459039261126465,0.13695162534713745,3684000,0.0,0.0
2014-06-25 00:00:00+08:00,0.13695162534713745,0.13695162534713745,0.13459039261126465,0.13695162534713745,1484000,0.0,0.0
2014-06-26 00:00:00+08:00,0.13459039261126465,0.13695162534713745,0.13222915987539186,0.13695162534713745,1309000,0.0,0.0
2014-06-27 00:00:00+08:00,0.13695161282055907,0.14403532445430756,0.13459038030066156,0.14403532445430756,7068000,0.0,0.0
2014-06-30 00:00:00+08:00,0.14403532766797056,0.14403532766797056,0.13931284844875336,0.13931284844875336,4115000,0.0,0.0
2014-07-01 00:00:00+08:00,0.13931284534045657,0.14403532445430756,0.13695161282055907,0.14403532445430756,4528000,0.0,0.0
2014-07-02 00:00:00+08:00,0.14167408645153046,0.14167408645153046,0.13931283994895874,0.14167408645153046,1689000,0.0,0.0
2014-07-03 00:00:00+08:00,0.14167408645153046,0.14403531888004673,0.14167408645153046,0.14167408645153046,1287000,0.0,0.0
2014-07-04 00:00:00+08:00,0.14167408645153046,0.14167408645153046,0.13931283994895874,0.14167408645153046,2642000,0.0,0.0
2014-07-07 00:00:00+08:00,0.14167408645153046,0.14403531888004673,0.14167408645153046,0.14167408645153046,2965000,0.0,0.0
2014-07-08 00:00:00+08:00,0.14167408645153046,0.14167408645153046,0.13931283994895874,0.14167408645153046,1647000,0.0,0.0
2014-07-09 00:00:00+08:00,0.14167408645153046,0.14167408645153046,0.14167408645153046,0.14167408645153046,3252000,0.0,0.0
2014-07-10 00:00:00+08:00,0.14403532766797056,0.14403532766797056,0.13931284844875336,0.13931284844875336,845000,0.0,0.0
2014-07-11 00:00:00+08:00,0.13931284844875336,0.13931284844875336,0.13931284844875336,0.13931284844875336,2656000,0.0,0.0
2014-07-14 00:00:00+08:00,0.13459039261126465,0.13931285808301025,0.13222915987539186,0.13695162534713745,3772000,0.0,0.0
2014-07-15 00:00:00+08:00,0.13695160752044247,0.14403531888004673,0.13695160752044247,0.14167408645153046,7135000,0.0,0.0
2014-07-16 00:00:00+08:00,0.14167408645153046,0.14167408645153046,0.13931283994895874,0.14167408645153046,1454000,0.0,0.0
2014-07-17 00:00:00+08:00,0.14167408645153046,0.14167408645153046,0.13931283994895874,0.14167408645153046,936000,0.0,0.0
2014-07-18 00:00:00+08:00,0.13931284844875336,0.1416740950953901,0.1369516158761729,0.13931284844875336,1006000,0.0,0.0
2014-07-21 00:00:00+08:00,0.13695162534713745,0.13931285808301025,0.13695162534713745,0.13695162534713745,1527000,0.0,0.0
2014-07-22 00:00:00+08:00,0.13695162534713745,0.13695162534713745,0.13459039261126465,0.13695162534713745,1056000,0.0,0.0
2014-07-23 00:00:00+08:00,0.13695162534713745,0.13695162534713745,0.13459039261126465,0.13695162534713745,527000,0.0,0.0
2014-07-24 00:00:00+08:00,0.1369516199878314,0.1369516199878314,0.13459038734436035,0.13459038734436035,1948000,0.0,0.0
2014-07-25 00:00:00+08:00,0.13459039261126465,0.13695162534713745,0.13459039261126465,0.13695162534713745,763000,0.0,0.0
2014-07-29 00:00:00+08:00,0.13459039261126465,0.13931285808301025,0.13459039261126465,0.13695162534713745,4343000,0.0,0.0
2014-07-30 00:00:00+08:00,0.1369516199878314,0.13931285263130247,0.13459038734436035,0.13459038734436035,408000,0.0,0.0
2014-07-31 00:00:00+08:00,0.13459038330359246,0.13931284844875336,0.13459038330359246,0.13931284844875336,2354000,0.0,0.0
2014-08-01 00:00:00+08:00,0.1416740950953901,0.1416740950953901,0.1369516158761729,0.13931284844875336,119000,0.0,0.0
2014-08-04 00:00:00+08:00,0.1369516199878314,0.13931285263130247,0.13459038734436035,0.13459038734436035,148000,0.0,0.0
2014-08-05 00:00:00+08:00,0.1369516199878314,0.1369516199878314,0.13459038734436035,0.13459038734436035,59000,0.0,0.0
2014-08-06 00:00:00+08:00,0.13459038734436035,0.1369516199878314,0.13459038734436035,0.13459038734436035,276000,0.0,0.0
2014-08-07 00:00:00+08:00,0.13459038734436035,0.13459038734436035,0.13459038734436035,0.13459038734436035,656000,0.0,0.0
2014-08-08 00:00:00+08:00,0.13459038734436035,0.13459038734436035,0.12986792205741826,0.13459038734436035,991000,0.0,0.0
2014-08-11 00:00:00+08:00,0.1322291547008893,0.13459038734436035,0.12986792205741826,0.13459038734436035,494000,0.0,0.0
2014-08-12 00:00:00+08:00,0.13222914934158325,0.1345903818893525,0.12986791679381401,0.13222914934158325,1358000,0.0,0.0
2014-08-13 00:00:00+08:00,0.13222915987539186,0.13695162534713745,0.13222915987539186,0.13695162534713745,1056000,0.0,0.0
2014-08-14 00:00:00+08:00,0.13459038734436035,0.1369516199878314,0.1322291547008893,0.13459038734436035,553000,0.0,0.0
2014-08-15 00:00:00+08:00,0.13459038734436035,0.1369516199878314,0.13459038734436035,0.13459038734436035,742000,0.0,0.0
2014-08-18 00:00:00+08:00,0.13459038734436035,0.1369516199878314,0.13459038734436035,0.13459038734436035,416000,0.0,0.0
2014-08-19 00:00:00+08:00,0.13459038734436035,0.13931285263130247,0.13459038734436035,0.13459038734436035,1183000,0.0,0.0
2014-08-20 00:00:00+08:00,0.13459039261126465,0.13695162534713745,0.13222915987539186,0.13695162534713745,1223000,0.0,0.0
2014-08-21 00:00:00+08:00,0.13459039261126465,0.13931285808301025,0.13459039261126465,0.13695162534713745,1045000,0.0,0.0
2014-08-22 00:00:00+08:00,0.13459038330359246,0.13931284844875336,0.13459038330359246,0.13931284844875336,2544000,0.0,0.0
2014-08-25 00:00:00+08:00,0.13931284844875336,0.13931284844875336,0.13459038330359246,0.13931284844875336,216000,0.0,0.0
2014-08-26 00:00:00+08:00,0.1369516199878314,0.1369516199878314,0.13459038734436035,0.13459038734436035,102000,0.0,0.0
2014-08-27 00:00:00+08:00,0.1369516158761729,0.13931284844875336,0.13459038330359246,0.13931284844875336,758000,0.0,0.0
2014-08-28 00:00:00+08:00,0.13695162534713745,0.13931285808301025,0.13459039261126465,0.13695162534713745,886000,0.0,0.0
2014-08-29 00:00:00+08:00,0.13695160752044247,0.14167408645153046,0.1345903750919262,0.14167408645153046,1482000,0.0,0.0
2014-09-01 00:00:00+08:00,0.13695162534713745,0.13931285808301025,0.13695162534713745,0.13695162534713745,319000,0.0,0.0
2014-09-02 00:00:00+08:00,0.13695162534713745,0.13931285808301025,0.13695162534713745,0.13695162534713745,208000,0.0,0.0
2014-09-03 00:00:00+08:00,0.13695162534713745,0.13695162534713745,0.13695162534713745,0.13695162534713745,111000,0.0,0.0
2014-09-04 00:00:00+08:00,0.13695162534713745,0.13695162534713745,0.13459039261126465,0.13695162534713745,408000,0.0,0.0
2014-09-05 00:00:00+08:00,0.1369516158761729,0.13931284844875336,0.1369516158761729,0.13931284844875336,345000,0.0,0.0
2014-09-08 00:00:00+08:00,0.1369516199878314,0.1369516199878314,0.13459038734436035,0.13459038734436035,24000,0.0,0.0
2014-09-09 00:00:00+08:00,0.13459039261126465,0.13695162534713745,0.13459039261126465,0.13695162534713745,119000,0.0,0.0
2014-09-10 00:00:00+08:00,0.13459038734436035,0.13459038734436035,0.13459038734436035,0.13459038734436035,104000,0.0,0.0
2014-09-11 00:00:00+08:00,0.13459038734436035,0.13459038734436035,0.13459038734436035,0.13459038734436035,158000,0.0,0.0
2014-09-12 00:00:00+08:00,0.13459038734436035,0.1369516199878314,0.13459038734436035,0.13459038734436035,297000,0.0,0.0
2014-09-15 00:00:00+08:00,0.1322291547008893,0.13459038734436035,0.1322291547008893,0.13459038734436035,476000,0.0,0.0
2014-09-16 00:00:00+08:00,0.13459038734436035,0.13459038734436035,0.1322291547008893,0.13459038734436035,842000,0.0,0.0
2014-09-17 00:00:00+08:00,0.13222914934158325,0.1345903818893525,0.13222914934158325,0.13222914934158325,481000,0.0,0.0
2014-09-18 00:00:00+08:00,0.13222914934158325,0.1345903818893525,0.12986791679381401,0.13222914934158325,676000,0.0,0.0
2014-09-19 00:00:00+08:00,0.13222914934158325,0.13222914934158325,0.13222914934158325,0.13222914934158325,0,0.0,0.0
2014-09-22 00:00:00+08:00,0.1369516199878314,0.1416740993488302,0.13459038734436035,0.13459038734436035,313325000,0.0,0.0
2014-09-23 00:00:00+08:00,0.1369516199878314,0.1369516199878314,0.13459038734436035,0.13459038734436035,1168000,0.0,0.0
2014-09-24 00:00:00+08:00,0.13222914934158325,0.13222914934158325,0.12986791679381401,0.13222914934158325,448000,0.0,0.0
2014-09-25 00:00:00+08:00,0.13222916266556237,0.13222916266556237,0.12514545023441315,0.12514545023441315,930000,0.0,0.0
2014-09-26 00:00:00+08:00,0.125145447133831,0.125145447133831,0.1157005162250481,0.12042298167943954,1114000,0.0,0.0
2014-09-29 00:00:00+08:00,0.12042298167943954,0.12042298167943954,0.12042298167943954,0.12042298167943954,0,0.0,0.0
2014-09-30 00:00:00+08:00,0.12514543893921434,0.1416740950953901,0.12514543893921434,0.13931284844875336,5539000,0.0,0.0
2014-10-01 00:00:00+08:00,0.13459039261126465,0.13931285808301025,0.12986792713951906,0.13695162534713745,1540000,0.0,0.0
2014-10-02 00:00:00+08:00,0.13222914934158325,0.13695161443712175,0.13222914934158325,0.13222914934158325,4363000,0.0,0.0
2014-10-03 00:00:00+08:00,0.13459038330359246,0.13931284844875336,0.132229150731012,0.13931284844875336,10601000,0.0,0.0
2014-10-07 00:00:00+08:00,0.13931284844875336,0.1416740950953901,0.13459038330359246,0.13931284844875336,18879000,0.0,0.0
2014-10-08 00:00:00+08:00,0.13931284844875336,0.13931284844875336,0.1369516158761729,0.13931284844875336,2833000,0.0,0.0
2014-10-09 00:00:00+08:00,0.13931284844875336,0.1416740950953901,0.1369516158761729,0.13931284844875336,2157000,0.0,0.0
2014-10-10 00:00:00+08:00,0.1416740950953901,0.1416740950953901,0.1369516158761729,0.13931284844875336,2026000,0.0,0.0
2014-10-13 00:00:00+08:00,0.1369516158761729,0.13931284844875336,0.1369516158761729,0.13931284844875336,1074000,0.0,0.0
2014-10-14 00:00:00+08:00,0.13931284844875336,0.13931284844875336,0.1369516158761729,0.13931284844875336,1676000,0.0,0.0
2014-10-15 00:00:00+08:00,0.13931284844875336,0.13931284844875336,0.1369516158761729,0.13931284844875336,5116000,0.0,0.0
2014-10-16 00:00:00+08:00,0.1369516158761729,0.13931284844875336,0.13459038330359246,0.13931284844875336,3832000,0.0,0.0
2014-10-17 00:00:00+08:00,0.13931283994895874,0.14167408645153046,0.13695160752044247,0.14167408645153046,4979000,0.0,0.0
2014-10-20 00:00:00+08:00,0.14167408645153046,0.14403531888004673,0.13931283994895874,0.14167408645153046,1402000,0.0,0.0
2014-10-21 00:00:00+08:00,0.14167409193441005,0.14403532445430756,0.14167409193441005,0.14403532445430756,310000,0.0,0.0
2014-10-22 00:00:00+08:00,0.14403532445430756,0.14403532445430756,0.14403532445430756,0.14403532445430756,0,0.0,0.0
2014-10-24 00:00:00+08:00,0.14403531518793358,0.14639654755592346,0.14403531518793358,0.14639654755592346,1480000,0.0,0.0
2014-10-27 00:00:00+08:00,0.14403531888004673,0.146396551308563,0.13931283994895874,0.14167408645153046,1406000,0.0,0.0
2014-10-28 00:00:00+08:00,0.14167409193441005,0.14403532445430756,0.14167409193441005,0.14403532445430756,592000,0.0,0.0
2014-10-29 00:00:00+08:00,0.1416740828199437,0.14639654755592346,0.1416740828199437,0.14639654755592346,1347000,0.0,0.0
2014-10-30 00:00:00+08:00,0.14403532445430756,0.14639655697420506,0.14403532445430756,0.14403532445430756,2945000,0.0,0.0
2014-10-31 00:00:00+08:00,0.14403532445430756,0.14403532445430756,0.14167409193441005,0.14403532445430756,2595000,0.0,0.0
2014-11-03 00:00:00+08:00,0.14167409193441005,0.14403532445430756,0.14167409193441005,0.14403532445430756,1480000,0.0,0.0
2014-11-04 00:00:00+08:00,0.14403531888004673,0.14403531888004673,0.14167408645153046,0.14167408645153046,3640000,0.0,0.0
2014-11-05 00:00:00+08:00,0.14167408645153046,0.14167408645153046,0.14167408645153046,0.14167408645153046,1736000,0.0,0.0
2014-11-06 00:00:00+08:00,0.1441167371871367,0.1441167371871367,0.13923142850399017,0.13923142850399017,4071000,0.01,0.0
2014-11-07 00:00:00+08:00,0.13923142850399017,0.14167408284556343,0.13923142850399017,0.13923142850399017,199000,0.0,0.0
2014-11-10 00:00:00+08:00,0.14167408284556343,0.14167408284556343,0.13678877416241692,0.13923142850399017,4545000,0.0,0.0
2014-11-11 00:00:00+08:00,0.13678876681935692,0.13678876681935692,0.1319034583984623,0.1343461126089096,2373000,0.0,0.0
2014-11-12 00:00:00+08:00,0.1343461126089096,0.13678876681935692,0.1343461126089096,0.1343461126089096,440000,0.0,0.0
2014-11-13 00:00:00+08:00,0.13434611627926885,0.13923142483363093,0.13434611627926885,0.1367887705564499,620000,0.0,0.0
2014-11-14 00:00:00+08:00,0.1367887705564499,0.1367887705564499,0.1367887705564499,0.1367887705564499,11000,0.0,0.0
2014-11-17 00:00:00+08:00,0.1343461126089096,0.1343461126089096,0.1343461126089096,0.1343461126089096,141000,0.0,0.0
2014-11-18 00:00:00+08:00,0.13678876681935692,0.13678876681935692,0.1343461126089096,0.1343461126089096,216000,0.0,0.0
2014-11-19 00:00:00+08:00,0.1367887705564499,0.13923142483363093,0.13434611627926885,0.1367887705564499,226000,0.0,0.0
2014-11-20 00:00:00+08:00,0.13434611627926885,0.1367887705564499,0.13434611627926885,0.1367887705564499,2099000,0.0,0.0
2014-11-21 00:00:00+08:00,0.1343461126089096,0.13678876681935692,0.1343461126089096,0.1343461126089096,1963000,0.0,0.0
2014-11-24 00:00:00+08:00,0.1367887705564499,0.1367887705564499,0.13434611627926885,0.1367887705564499,2113000,0.0,0.0
2014-11-25 00:00:00+08:00,0.1367887705564499,0.1367887705564499,0.1367887705564499,0.1367887705564499,0,0.0,0.0
2014-11-26 00:00:00+08:00,0.13190345466136932,0.13434610880261127,0.1270181318195183,0.13190345466136932,1943000,0.0,0.0
2014-11-27 00:00:00+08:00,0.12946078596076024,0.13190345466136932,0.12946078596076024,0.13190345466136932,103000,0.0,0.0
2014-11-28 00:00:00+08:00,0.12946081161499023,0.12946081161499023,0.12457550236442307,0.12946081161499023,618000,0.0,0.0
2014-12-01 00:00:00+08:00,0.12701813876628876,0.12946079304112232,0.12457548449145518,0.12701813876628876,310000,0.0,0.0
2014-12-02 00:00:00+08:00,0.12457548826932907,0.12701814261823852,0.12457548826932907,0.12457548826932907,266000,0.0,0.0
2014-12-03 00:00:00+08:00,0.12457548449145518,0.12701813876628876,0.12457548449145518,0.12701813876628876,172000,0.0,0.0
2014-12-04 00:00:00+08:00,0.12457548449145518,0.12701813876628876,0.12213283021662162,0.12701813876628876,703000,0.0,0.0
2014-12-05 00:00:00+08:00,0.12701813876628876,0.12701813876628876,0.12701813876628876,0.12701813876628876,0,0.0,0.0
2014-12-08 00:00:00+08:00,0.12213283021662162,0.1319034618753238,0.12213283021662162,0.12701813876628876,2384000,0.0,0.0
2014-12-09 00:00:00+08:00,0.12946078962864746,0.13678876681935692,0.12701813541820015,0.1343461126089096,1998000,0.0,0.0
2014-12-10 00:00:00+08:00,0.13434610910988315,0.14167407155036926,0.13434610910988315,0.14167407155036926,1634000,0.0,0.0
2014-12-11 00:00:00+08:00,0.14167408271672718,0.1490020602941513,0.14167408271672718,0.1490020602941513,2910000,0.0,0.0
2014-12-12 00:00:00+08:00,0.1465594134222491,0.1465594134222491,0.14167408993526143,0.14411674439907074,322000,0.0,0.0
2014-12-15 00:00:00+08:00,0.14411674439907074,0.14411674439907074,0.14167408993526143,0.14411674439907074,821000,0.0,0.0
2014-12-16 00:00:00+08:00,0.14167407155036926,0.14411672569719797,0.13923141740354056,0.14167407155036926,842000,0.0,0.0
2014-12-17 00:00:00+08:00,0.14411674439907074,0.14411674439907074,0.14167408993526143,0.14411674439907074,720000,0.0,0.0
2014-12-18 00:00:00+08:00,0.14411674439907074,0.14411674439907074,0.14411674439907074,0.14411674439907074,400000,0.0,0.0
2014-12-19 00:00:00+08:00,0.14167408993526143,0.14411674439907074,0.14167408993526143,0.14411674439907074,929000,0.0,0.0
2014-12-22 00:00:00+08:00,0.14167407922881203,0.14655940234661102,0.14167407922881203,0.14655940234661102,1643000,0.0,0.0
2014-12-23 00:00:00+08:00,0.14411674439907074,0.14411674439907074,0.14411674439907074,0.14411674439907074,1499000,0.0,0.0
2014-12-24 00:00:00+08:00,0.14411674439907074,0.1465594134222491,0.14167408993526143,0.14411674439907074,125000,0.0,0.0
2014-12-26 00:00:00+08:00,0.14167408993526143,0.1465594134222491,0.14167408993526143,0.14411674439907074,1034000,0.0,0.0
2014-12-29 00:00:00+08:00,0.14167407155036926,0.14167407155036926,0.14167407155036926,0.14167407155036926,125000,0.0,0.0
2014-12-30 00:00:00+08:00,0.14167408284556343,0.14167408284556343,0.13923142850399017,0.13923142850399017,98000,0.0,0.0
2014-12-31 00:00:00+08:00,0.14411673705607914,0.1490020602941513,0.14167408271672718,0.1490020602941513,2689000,0.0,0.0
2015-01-02 00:00:00+08:00,0.14655940595479938,0.1490020602941513,0.14411673705607914,0.1490020602941513,1876000,0.0,0.0
2015-01-05 00:00:00+08:00,0.14655940234661102,0.14655940234661102,0.14411673350802756,0.14655940234661102,1178000,0.0,0.0
2015-01-06 00:00:00+08:00,0.14411674439907074,0.1465594134222491,0.14411674439907074,0.14411674439907074,638000,0.0,0.0
2015-01-07 00:00:00+08:00,0.14655940234661102,0.14655940234661102,0.14411673350802756,0.14655940234661102,1171000,0.0,0.0
2015-01-08 00:00:00+08:00,0.14655940234661102,0.14655940234661102,0.14655940234661102,0.14655940234661102,1293000,0.0,0.0
2015-01-09 00:00:00+08:00,0.14655940234661102,0.14655940234661102,0.14655940234661102,0.14655940234661102,976000,0.0,0.0
2015-01-12 00:00:00+08:00,0.14655940234661102,0.14655940234661102,0.14655940234661102,0.14655940234661102,0,0.0,0.0
2015-01-13 00:00:00+08:00,0.14655940234661102,0.14655940234661102,0.14655940234661102,0.14655940234661102,0,0.0,0.0
2015-01-14 00:00:00+08:00,0.14655940234661102,0.14655940234661102,0.14655940234661102,0.14655940234661102,0,0.0,0.0
2015-01-15 00:00:00+08:00,0.1636579930782318,0.1661006473009958,0.1636579930782318,0.1636579930782318,22029000,0.0,0.0
2015-01-16 00:00:00+08:00,0.1636580003118555,0.16854330897331238,0.1636580003118555,0.16854330897331238,8200000,0.0,0.0
2015-01-19 00:00:00+08:00,0.16854330897331238,0.1709859633040408,0.16854330897331238,0.16854330897331238,2992100,0.0,0.0
2015-01-20 00:00:00+08:00,0.16854330897331238,0.1709859633040408,0.16854330897331238,0.16854330897331238,2657200,0.0,0.0
2015-01-21 00:00:00+08:00,0.1709859633040408,0.1709859633040408,0.16854330897331238,0.16854330897331238,1106100,0.0,0.0
2015-01-22 00:00:00+08:00,0.16854331253845553,0.17342862130324976,0.16854331253845553,0.17098596692085266,2420600,0.0,0.0
2015-01-23 00:00:00+08:00,0.17098596692085266,0.17098596692085266,0.16854331253845553,0.17098596692085266,319000,0.0,0.0
2015-01-26 00:00:00+08:00,0.16854330897331238,0.16854330897331238,0.16854330897331238,0.16854330897331238,805700,0.0,0.0
2015-01-27 00:00:00+08:00,0.16854330897331238,0.1709859633040408,0.16854330897331238,0.16854330897331238,466600,0.0,0.0
2015-01-28 00:00:00+08:00,0.16854330897331238,0.1709859633040408,0.16854330897331238,0.16854330897331238,439600,0.0,0.0
2015-01-29 00:00:00+08:00,0.16854330897331238,0.16854330897331238,0.16854330897331238,0.16854330897331238,774700,0.0,0.0
2015-01-30 00:00:00+08:00,0.16854330897331238,0.16854330897331238,0.16610065464258394,0.16854330897331238,3320000,0.0,0.0
2015-02-02 00:00:00+08:00,0.16854331253845553,0.17098596692085266,0.16854331253845553,0.17098596692085266,5859800,0.0,0.0
2015-02-03 00:00:00+08:00,0.1661006659269333,0.16854332042360787,0.1661006659269333,0.1661006659269333,1008900,0.0,0.0
2015-02-04 00:00:00+08:00,0.15877266228199005,0.15877266228199005,0.15877266228199005,0.15877266228199005,317000,0.0,0.0
2015-02-05 00:00:00+08:00,0.1612153309442542,0.1612153309442542,0.15877266228199005,0.15877266228199005,188300,0.0,0.0
2015-02-06 00:00:00+08:00,0.15877266228199005,0.1612153309442542,0.15877266228199005,0.15877266228199005,82300,0.0,0.0
2015-02-09 00:00:00+08:00,0.15877266228199005,0.15877266228199005,0.15877266228199005,0.15877266228199005,153200,0.0,0.0
2015-02-10 00:00:00+08:00,0.15877266228199005,0.15877266228199005,0.15877266228199005,0.15877266228199005,26000,0.0,0.0
2015-02-11 00:00:00+08:00,0.15877266228199005,0.15877266228199005,0.15877266228199005,0.15877266228199005,351000,0.0,0.0
2015-02-12 00:00:00+08:00,0.15877266228199005,0.15877266228199005,0.15877266228199005,0.15877266228199005,369000,0.0,0.0
2015-02-13 00:00:00+08:00,0.15877266228199005,0.15877266228199005,0.15877266228199005,0.15877266228199005,5797600,0.0,0.0
2015-02-16 00:00:00+08:00,0.15877266228199005,0.1612153309442542,0.15877266228199005,0.15877266228199005,136100,0.0,0.0
2015-02-17 00:00:00+08:00,0.15877266228199005,0.15877266228199005,0.15877266228199005,0.15877266228199005,99700,0.0,0.0
2015-02-18 00:00:00+08:00,0.15877266228199005,0.15877266228199005,0.15877266228199005,0.15877266228199005,156000,0.0,0.0
2015-02-23 00:00:00+08:00,0.15877266228199005,0.15877266228199005,0.15877266228199005,0.15877266228199005,231000,0.0,0.0
2015-02-24 00:00:00+08:00,0.15877266228199005,0.15877266228199005,0.15877266228199005,0.15877266228199005,175100,0.0,0.0
2015-02-25 00:00:00+08:00,0.15877266228199005,0.15877266228199005,0.15877266228199005,0.15877266228199005,222000,0.0,0.0
2015-02-26 00:00:00+08:00,0.15877266228199005,0.15877266228199005,0.15877266228199005,0.15877266228199005,359900,0.0,0.0
2015-02-27 00:00:00+08:00,0.15877266228199005,0.15877266228199005,0.15877266228199005,0.15877266228199005,416300,0.0,0.0
2015-03-02 00:00:00+08:00,0.15877266228199005,0.15877266228199005,0.15877266228199005,0.15877266228199005,34000,0.0,0.0
2015-03-03 00:00:00+08:00,0.15877266228199005,0.15877266228199005,0.15877266228199005,0.15877266228199005,186900,0.0,0.0
2015-03-04 00:00:00+08:00,0.15877266228199005,0.1612153309442542,0.15877266228199005,0.15877266228199005,615200,0.0,0.0
2015-03-05 00:00:00+08:00,0.15877266228199005,0.15877266228199005,0.15877266228199005,0.15877266228199005,102700,0.0,0.0
2015-03-06 00:00:00+08:00,0.15877266228199005,0.1612153309442542,0.15877266228199005,0.15877266228199005,294700,0.0,0.0
2015-03-09 00:00:00+08:00,0.15877266228199005,0.15877266228199005,0.15877266228199005,0.15877266228199005,13000,0.0,0.0
2015-03-10 00:00:00+08:00,0.15877266228199005,0.15877266228199005,0.15877266228199005,0.15877266228199005,0,0.0,0.0
2015-03-11 00:00:00+08:00,0.15388735749773777,0.15633001165494517,0.1514447033405304,0.1514447033405304,115800,0.0,0.0
2015-03-12 00:00:00+08:00,0.1514447033405304,0.1514447033405304,0.1514447033405304,0.1514447033405304,0,0.0,0.0
2015-03-13 00:00:00+08:00,0.1514447033405304,0.1514447033405304,0.1514447033405304,0.1514447033405304,1000,0.0,0.0
2015-03-16 00:00:00+08:00,0.1514447033405304,0.1514447033405304,0.1514447033405304,0.1514447033405304,1800,0.0,0.0
2015-03-17 00:00:00+08:00,0.1514447033405304,0.1514447033405304,0.1514447033405304,0.1514447033405304,0,0.0,0.0
2015-03-18 00:00:00+08:00,0.15388736128807068,0.15388736128807068,0.15388736128807068,0.15388736128807068,15300,0.0,0.0
2015-03-19 00:00:00+08:00,0.15388736897285518,0.15388736897285518,0.13923142837737526,0.1490020602941513,20600,0.0,0.0
2015-03-20 00:00:00+08:00,0.13678876325671185,0.14167407155036926,0.13678876325671185,0.14167407155036926,19900,0.0,0.0
2015-03-23 00:00:00+08:00,0.14167407155036926,0.14167407155036926,0.14167407155036926,0.14167407155036926,0,0.0,0.0
2015-03-24 00:00:00+08:00,0.14167407155036926,0.14167407155036926,0.14167407155036926,0.14167407155036926,10000,0.0,0.0
2015-03-25 00:00:00+08:00,0.14167407155036926,0.14655939440339383,0.14167407155036926,0.14167407155036926,21000,0.0,0.0
2015-03-26 00:00:00+08:00,0.14167408284556343,0.14167408284556343,0.13923142850399017,0.13923142850399017,60000,0.0,0.0
2015-03-27 00:00:00+08:00,0.13923142850399017,0.13923142850399017,0.13923142850399017,0.13923142850399017,14000,0.0,0.0
2015-03-30 00:00:00+08:00,0.14900205650172305,0.14900205650172305,0.1367887705564499,0.1367887705564499,31100,0.0,0.0
2015-03-31 00:00:00+08:00,0.13434610880261127,0.13434610880261127,0.13190345466136932,0.13190345466136932,1900,0.0,0.0
2015-04-01 00:00:00+08:00,0.13434613542492743,0.13434613542492743,0.12946081161499023,0.12946081161499023,12000,0.0,0.0
2015-04-02 00:00:00+08:00,0.12946081161499023,0.12946081161499023,0.12946081161499023,0.12946081161499023,0,0.0,0.0
2015-04-06 00:00:00+08:00,0.12457548826932907,0.12457548826932907,0.12457548826932907,0.12457548826932907,4100,0.0,0.0
2015-04-07 00:00:00+08:00,0.12701813876628876,0.12701813876628876,0.12701813876628876,0.12701813876628876,5100,0.0,0.0
2015-04-08 00:00:00+08:00,0.12701813876628876,0.12701813876628876,0.12701813876628876,0.12701813876628876,0,0.0,0.0
2015-04-09 00:00:00+08:00,0.12457548156087934,0.15388736128807068,0.11969017312613665,0.15388736128807068,14300,0.0,0.0
2015-04-10 00:00:00+08:00,0.15388736128807068,0.15388736128807068,0.15388736128807068,0.15388736128807068,0,0.0,0.0
2015-04-13 00:00:00+08:00,0.15388736128807068,0.15388736128807068,0.15388736128807068,0.15388736128807068,0,0.0,0.0
2015-04-14 00:00:00+08:00,0.15388736128807068,0.15388736128807068,0.15388736128807068,0.15388736128807068,0,0.0,0.0
2015-04-15 00:00:00+08:00,0.14655940234661102,0.14655940234661102,0.14655940234661102,0.14655940234661102,29100,0.0,0.0
2015-04-16 00:00:00+08:00,0.13190345466136932,0.13190345466136932,0.13190345466136932,0.13190345466136932,1000,0.0,0.0
2015-04-17 00:00:00+08:00,0.13434613542492743,0.13678879005021102,0.12213284773913947,0.12946081161499023,29500,0.0,0.0
2015-04-20 00:00:00+08:00,0.12946081161499023,0.12946081161499023,0.12946081161499023,0.12946081161499023,0,0.0,0.0
2015-04-21 00:00:00+08:00,0.12946078962864746,0.1343461126089096,0.12701813541820015,0.1343461126089096,27800,0.0,0.0
2015-04-22 00:00:00+08:00,0.1319034583984623,0.1392314210298042,0.1319034583984623,0.1343461126089096,78000,0.0,0.0
2015-04-23 00:00:00+08:00,0.1367887705564499,0.1367887705564499,0.1367887705564499,0.1367887705564499,22800,0.0,0.0
2015-04-24 00:00:00+08:00,0.14167407155036926,0.14167407155036926,0.14167407155036926,0.14167407155036926,26000,0.0,0.0
2015-04-27 00:00:00+08:00,0.1343461126089096,0.1343461126089096,0.1343461126089096,0.1343461126089096,59100,0.0,0.0
2015-04-28 00:00:00+08:00,0.1343461126089096,0.1343461126089096,0.1343461126089096,0.1343461126089096,10000,0.0,0.0
2015-04-29 00:00:00+08:00,0.1343461126089096,0.1343461126089096,0.1343461126089096,0.1343461126089096,25100,0.0,0.0
2015-04-30 00:00:00+08:00,0.1343461126089096,0.1343461126089096,0.1343461126089096,0.1343461126089096,0,0.0,0.0
2015-05-04 00:00:00+08:00,0.1343461126089096,0.1392314210298042,0.1343461126089096,0.1343461126089096,164600,0.0,0.0
2015-05-05 00:00:00+08:00,0.1343461126089096,0.1343461126089096,0.1343461126089096,0.1343461126089096,0,0.0,0.0
2015-05-06 00:00:00+08:00,0.1343461126089096,0.1343461126089096,0.1343461126089096,0.1343461126089096,0,0.0,0.0
2015-05-07 00:00:00+08:00,0.13923141740354056,0.14167407155036926,0.13923141740354056,0.14167407155036926,80000,0.0,0.0
2015-05-08 00:00:00+08:00,0.14167407155036926,0.14167407155036926,0.14167407155036926,0.14167407155036926,0,0.0,0.0
2015-05-11 00:00:00+08:00,0.1367887705564499,0.1367887705564499,0.1367887705564499,0.1367887705564499,400,0.0,0.0
2015-05-12 00:00:00+08:00,0.1367887705564499,0.1367887705564499,0.1367887705564499,0.1367887705564499,36100,0.0,0.0
2015-05-13 00:00:00+08:00,0.13434610880261127,0.13434610880261127,0.13190345466136932,0.13190345466136932,54400,0.0,0.0
2015-05-14 00:00:00+08:00,0.13434611627926885,0.1367887705564499,0.13434611627926885,0.1367887705564499,37100,0.0,0.0
2015-05-15 00:00:00+08:00,0.1367887705564499,0.1367887705564499,0.1367887705564499,0.1367887705564499,0,0.0,0.0
2015-05-18 00:00:00+08:00,0.13678876681935692,0.13678876681935692,0.1343461126089096,0.1343461126089096,6000,0.0,0.0
2015-05-19 00:00:00+08:00,0.13678876325671185,0.14167407155036926,0.13678876325671185,0.14167407155036926,49900,0.0,0.0
2015-05-20 00:00:00+08:00,0.13434611982084368,0.13923142850399017,0.13190346547927043,0.13923142850399017,119600,0.0,0.0
2015-05-21 00:00:00+08:00,0.1367887705564499,0.1367887705564499,0.1367887705564499,0.1367887705564499,10000,0.0,0.0
2015-05-22 00:00:00+08:00,0.13434611982084368,0.13923142850399017,0.13434611982084368,0.13923142850399017,9200,0.0,0.0
2015-05-25 00:00:00+08:00,0.13923142850399017,0.13923142850399017,0.13923142850399017,0.13923142850399017,0,0.0,0.0
2015-05-26 00:00:00+08:00,0.1319034620020878,0.1367887705564499,0.1319034620020878,0.1367887705564499,28000,0.0,0.0
2015-05-27 00:00:00+08:00,0.13434611982084368,0.13923142850399017,0.13434611982084368,0.13923142850399017,85900,0.0,0.0
2015-05-28 00:00:00+08:00,0.1343461126089096,0.1343461126089096,0.1343461126089096,0.1343461126089096,1000,0.0,0.0
2015-05-29 00:00:00+08:00,0.1343461126089096,0.1343461126089096,0.1343461126089096,0.1343461126089096,45200,0.0,0.0
2015-06-02 00:00:00+08:00,0.13190345466136932,0.13190345466136932,0.13190345466136932,0.13190345466136932,200300,0.0,0.0
2015-06-03 00:00:00+08:00,0.13190345466136932,0.13190345466136932,0.13190345466136932,0.13190345466136932,0,0.0,0.0
2015-06-04 00:00:00+08:00,0.13678877416241692,0.13923142850399017,0.13678877416241692,0.13923142850399017,30000,0.0,0.0
2015-06-05 00:00:00+08:00,0.1367887705564499,0.1367887705564499,0.1367887705564499,0.1367887705564499,32000,0.0,0.0
2015-06-08 00:00:00+08:00,0.13678876681935692,0.13678876681935692,0.1343461126089096,0.1343461126089096,68000,0.0,0.0
2015-06-09 00:00:00+08:00,0.1319034620020878,0.1367887705564499,0.1319034620020878,0.1367887705564499,124700,0.0,0.0
2015-06-10 00:00:00+08:00,0.1367887705564499,0.1367887705564499,0.1367887705564499,0.1367887705564499,0,0.0,0.0
2015-06-11 00:00:00+08:00,0.1367887705564499,0.1367887705564499,0.1367887705564499,0.1367887705564499,0,0.0,0.0
2015-06-12 00:00:00+08:00,0.13923141708509518,0.14655939406818813,0.13190345466136932,0.13190345466136932,35400,0.0,0.0
2015-06-15 00:00:00+08:00,0.13190346547927043,0.13923142850399017,0.1221328335536091,0.13923142850399017,122700,0.0,0.0
2015-06-16 00:00:00+08:00,0.13923142850399017,0.13923142850399017,0.13923142850399017,0.13923142850399017,0,0.0,0.0
2015-06-17 00:00:00+08:00,0.1343461126089096,0.1343461126089096,0.1343461126089096,0.1343461126089096,3700,0.0,0.0
2015-06-18 00:00:00+08:00,0.13190346547927043,0.13923142850399017,0.13190346547927043,0.13923142850399017,16000,0.0,0.0
2015-06-19 00:00:00+08:00,0.13190346547927043,0.13923142850399017,0.13190346547927043,0.13923142850399017,29000,0.0,0.0
2015-06-22 00:00:00+08:00,0.13923142850399017,0.13923142850399017,0.13923142850399017,0.13923142850399017,0,0.0,0.0
2015-06-23 00:00:00+08:00,0.13923142850399017,0.13923142850399017,0.13923142850399017,0.13923142850399017,0,0.0,0.0
2015-06-24 00:00:00+08:00,0.13190345466136932,0.13190345466136932,0.13190345466136932,0.13190345466136932,8000,0.0,0.0
2015-06-25 00:00:00+08:00,0.13190345466136932,0.13190345466136932,0.13190345466136932,0.13190345466136932,7000,0.0,0.0
2015-06-26 00:00:00+08:00,0.13190345466136932,0.13190345466136932,0.13190345466136932,0.13190345466136932,0,0.0,0.0
2015-06-29 00:00:00+08:00,0.13190345466136932,0.13190345466136932,0.13190345466136932,0.13190345466136932,40000,0.0,0.0
2015-06-30 00:00:00+08:00,0.13190345466136932,0.13190345466136932,0.13190345466136932,0.13190345466136932,4000,0.0,0.0
2015-07-01 00:00:00+08:00,0.13190346198890435,0.13190346198890435,0.12213283032178879,0.12213283032178879,25900,0.0,0.0
2015-07-02 00:00:00+08:00,0.13434611627926885,0.1367887705564499,0.13434611627926885,0.1367887705564499,12000,0.0,0.0
2015-07-03 00:00:00+08:00,0.12701813888835778,0.1367887705564499,0.12701813888835778,0.1367887705564499,11100,0.0,0.0
2015-07-06 00:00:00+08:00,0.12701813541820015,0.1343461126089096,0.12701813541820015,0.1343461126089096,13600,0.0,0.0
2015-07-07 00:00:00+08:00,0.1343461126089096,0.1343461126089096,0.1343461126089096,0.1343461126089096,2300,0.0,0.0
2015-07-08 00:00:00+08:00,0.12457548120775284,0.1343461126089096,0.12457548120775284,0.1343461126089096,45800,0.0,0.0
2015-07-09 00:00:00+08:00,0.1270181318195183,0.13190345466136932,0.1270181318195183,0.13190345466136932,1100,0.0,0.0
2015-07-10 00:00:00+08:00,0.12946078596076024,0.13190345466136932,0.1270181318195183,0.13190345466136932,30400,0.0,0.0
2015-07-13 00:00:00+08:00,0.12457550236442307,0.12946081161499023,0.12213284773913947,0.12946081161499023,14900,0.0,0.0
2015-07-14 00:00:00+08:00,0.1270181318195183,0.13190345466136932,0.1270181318195183,0.13190345466136932,13200,0.0,0.0
2015-07-15 00:00:00+08:00,0.1319034583984623,0.1343461126089096,0.12701813541820015,0.1343461126089096,113000,0.0,0.0
2015-07-16 00:00:00+08:00,0.12701813541820015,0.1343461126089096,0.12701813541820015,0.1343461126089096,55000,0.0,0.0
2015-07-20 00:00:00+08:00,0.14900204820943008,0.14900204820943008,0.1270181318195183,0.13190345466136932,27600,0.0,0.0
2015-07-21 00:00:00+08:00,0.13190345466136932,0.13190345466136932,0.13190345466136932,0.13190345466136932,0,0.0,0.0
2015-07-22 00:00:00+08:00,0.13190345466136932,0.13434610880261127,0.1270181318195183,0.13190345466136932,37100,0.0,0.0
2015-07-23 00:00:00+08:00,0.1270181318195183,0.13190345466136932,0.1270181318195183,0.13190345466136932,26800,0.0,0.0
2015-07-24 00:00:00+08:00,0.13190345466136932,0.13190345466136932,0.13190345466136932,0.13190345466136932,0,0.0,0.0
2015-07-27 00:00:00+08:00,0.13190345466136932,0.13190345466136932,0.13190345466136932,0.13190345466136932,0,0.0,0.0
2015-07-28 00:00:00+08:00,0.12457547767827636,0.13190345466136932,0.1221328235370344,0.13190345466136932,13100,0.0,0.0
2015-07-29 00:00:00+08:00,0.12457547767827636,0.13190345466136932,0.1221328235370344,0.13190345466136932,49200,0.0,0.0
2015-07-30 00:00:00+08:00,0.13190345466136932,0.13190345466136932,0.13190345466136932,0.13190345466136932,0,0.0,0.0
2015-07-31 00:00:00+08:00,0.1221328235370344,0.13190345466136932,0.11969016939579245,0.13190345466136932,107900,0.0,0.0
2015-08-03 00:00:00+08:00,0.12213283021662162,0.12701813876628876,0.11969017594178806,0.12701813876628876,40300,0.0,0.0
2015-08-04 00:00:00+08:00,0.13190345466136932,0.13190345466136932,0.13190345466136932,0.13190345466136932,500,0.0,0.0
2015-08-05 00:00:00+08:00,0.12213283032178879,0.12213283032178879,0.12213283032178879,0.12213283032178879,5000,0.0,0.0
2015-08-06 00:00:00+08:00,0.1270181318195183,0.13190345466136932,0.1270181318195183,0.13190345466136932,6000,0.0,0.0
2015-08-07 00:00:00+08:00,0.13190345466136932,0.13190345466136932,0.13190345466136932,0.13190345466136932,0,0.0,0.0
2015-08-11 00:00:00+08:00,0.13190345466136932,0.13190345466136932,0.13190345466136932,0.13190345466136932,0,0.0,0.0
2015-08-12 00:00:00+08:00,0.12213283021662162,0.12701813876628876,0.11480486011243697,0.12701813876628876,38500,0.0,0.0
2015-08-13 00:00:00+08:00,0.11969019311385588,0.12946081161499023,0.11969019311385588,0.12946081161499023,9100,0.0,0.0
2015-08-14 00:00:00+08:00,0.12946081161499023,0.12946081161499023,0.12946081161499023,0.12946081161499023,0,0.0,0.0
2015-08-17 00:00:00+08:00,0.12946081161499023,0.12946081161499023,0.12946081161499023,0.12946081161499023,0,0.0,0.0
2015-08-18 00:00:00+08:00,0.12946081161499023,0.12946081161499023,0.12946081161499023,0.12946081161499023,0,0.0,0.0
2015-08-19 00:00:00+08:00,0.12946081161499023,0.12946081161499023,0.12946081161499023,0.12946081161499023,0,0.0,0.0
2015-08-20 00:00:00+08:00,0.12946081161499023,0.12946081161499023,0.12946081161499023,0.12946081161499023,0,0.0,0.0
2015-08-21 00:00:00+08:00,0.12946081161499023,0.14900207773599897,0.12946081161499023,0.12946081161499023,103700,0.0,0.0
2015-08-24 00:00:00+08:00,0.12946081161499023,0.12946081161499023,0.12946081161499023,0.12946081161499023,0,0.0,0.0
2015-08-25 00:00:00+08:00,0.12946081161499023,0.12946081161499023,0.12946081161499023,0.12946081161499023,0,0.0,0.0
2015-08-26 00:00:00+08:00,0.12946081161499023,0.12946081161499023,0.12946081161499023,0.12946081161499023,0,0.0,0.0
2015-08-27 00:00:00+08:00,0.12946081161499023,0.12946081161499023,0.12946081161499023,0.12946081161499023,0,0.0,0.0
2015-08-28 00:00:00+08:00,0.11480487883090973,0.11480487883090973,0.11480487883090973,0.11480487883090973,4000,0.0,0.0
2015-08-31 00:00:00+08:00,0.12457550480298914,0.12457550480298914,0.11480487883090973,0.11480487883090973,6900,0.0,0.0
2015-09-01 00:00:00+08:00,0.1270181305073601,0.1270181305073601,0.11236219853162766,0.11236219853162766,8200,0.0,0.0
2015-09-02 00:00:00+08:00,0.12213283033399569,0.1367887705564499,0.11969017605681465,0.1367887705564499,30400,0.0,0.0
2015-09-03 00:00:00+08:00,0.1367887705564499,0.1367887705564499,0.1367887705564499,0.1367887705564499,0,0.0,0.0
2015-09-04 00:00:00+08:00,0.1367887705564499,0.1367887705564499,0.1367887705564499,0.1367887705564499,0,0.0,0.0
2015-09-07 00:00:00+08:00,0.11236220594558755,0.1367887705564499,0.11236220594558755,0.1367887705564499,900,0.0,0.0
2015-09-08 00:00:00+08:00,0.1367887705564499,0.1367887705564499,0.1367887705564499,0.1367887705564499,0,0.0,0.0
2015-09-09 00:00:00+08:00,0.1367887705564499,0.1367887705564499,0.1367887705564499,0.1367887705564499,0,0.0,0.0
2015-09-10 00:00:00+08:00,0.1367887705564499,0.1367887705564499,0.1367887705564499,0.1367887705564499,0,0.0,0.0
2015-09-14 00:00:00+08:00,0.13923142850399017,0.13923142850399017,0.11236220890763193,0.13923142850399017,18700,0.0,0.0
2015-09-15 00:00:00+08:00,0.13923142850399017,0.13923142850399017,0.13923142850399017,0.13923142850399017,0,0.0,0.0
2015-09-16 00:00:00+08:00,0.13923142850399017,0.13923142850399017,0.13923142850399017,0.13923142850399017,0,0.0,0.0
2015-09-17 00:00:00+08:00,0.13923142850399017,0.13923142850399017,0.13923142850399017,0.13923142850399017,0,0.0,0.0
2015-09-18 00:00:00+08:00,0.13923142850399017,0.13923142850399017,0.13923142850399017,0.13923142850399017,0,0.0,0.0
2015-09-21 00:00:00+08:00,0.11724751129672717,0.13678876681935692,0.11236220287583255,0.1343461126089096,13100,0.0,0.0
2015-09-22 00:00:00+08:00,0.11969016815933561,0.12213282227534378,0.11236219853162766,0.11236219853162766,79900,0.0,0.0
2015-09-23 00:00:00+08:00,0.11236220287583255,0.1343461126089096,0.11236220287583255,0.1343461126089096,49100,0.0,0.0
2015-09-25 00:00:00+08:00,0.11236219853162766,0.1319034532987434,0.11236219853162766,0.11236219853162766,104100,0.0,0.0
2015-09-28 00:00:00+08:00,0.11480487658360371,0.12946081161499023,0.11480487658360371,0.12946081161499023,56000,0.0,0.0
2015-09-29 00:00:00+08:00,0.11480486359400707,0.12457548826932907,0.11480486359400707,0.12457548826932907,400,0.0,0.0
2015-09-30 00:00:00+08:00,0.114804853833625,0.13190345466136932,0.114804853833625,0.13190345466136932,7100,0.0,0.0
2015-10-01 00:00:00+08:00,0.13190345466136932,0.13190345466136932,0.13190345466136932,0.13190345466136932,0,0.0,0.0
2015-10-02 00:00:00+08:00,0.13190345466136932,0.13190345466136932,0.13190345466136932,0.13190345466136932,0,0.0,0.0
2015-10-05 00:00:00+08:00,0.1270181318195183,0.13190345466136932,0.12457547767827636,0.13190345466136932,28700,0.0,0.0
2015-10-06 00:00:00+08:00,0.13190345466136932,0.13190345466136932,0.13190345466136932,0.13190345466136932,0,0.0,0.0
2015-10-07 00:00:00+08:00,0.11480486011243697,0.12701813876628876,0.11480486011243697,0.12701813876628876,69900,0.0,0.0
2015-10-08 00:00:00+08:00,0.11480486011243697,0.12701813876628876,0.11480486011243697,0.12701813876628876,19400,0.0,0.0
2015-10-09 00:00:00+08:00,0.11969017957151015,0.12457548826932907,0.11236220924509761,0.12457548826932907,51500,0.0,0.0
2015-10-12 00:00:00+08:00,0.114804853833625,0.13190345466136932,0.114804853833625,0.13190345466136932,54500,0.0,0.0
2015-10-13 00:00:00+08:00,0.13190345466136932,0.13190345466136932,0.13190345466136932,0.13190345466136932,0,0.0,0.0
2015-10-14 00:00:00+08:00,0.11969017604485188,0.13190346198890435,0.11969017604485188,0.12213283032178879,25700,0.0,0.0
2015-10-15 00:00:00+08:00,0.12946079304112232,0.12946079304112232,0.12213283021662162,0.12701813876628876,44400,0.0,0.0
2015-10-16 00:00:00+08:00,0.12946078596076024,0.13190345466136932,0.12457547767827636,0.13190345466136932,7700,0.0,0.0
2015-10-19 00:00:00+08:00,0.12213284773913947,0.12946081161499023,0.1172475312088873,0.12946081161499023,23000,0.0,0.0
2015-10-20 00:00:00+08:00,0.1172475312088873,0.12946081161499023,0.1172475312088873,0.12946081161499023,3200,0.0,0.0
2015-10-21 00:00:00+08:00,0.12213284773913947,0.12946081161499023,0.12213284773913947,0.12946081161499023,2700,0.0,0.0
2015-10-22 00:00:00+08:00,0.12213283021662162,0.12701813876628876,0.12213283021662162,0.12701813876628876,4600,0.0,0.0
2015-10-23 00:00:00+08:00,0.12457548449145518,0.12701813876628876,0.12457548449145518,0.12701813876628876,300,0.0,0.0
2015-10-26 00:00:00+08:00,0.11969019311385588,0.12946081161499023,0.10991956005335153,0.12946081161499023,32800,0.0,0.0
2015-10-27 00:00:00+08:00,0.12946081161499023,0.12946081161499023,0.12946081161499023,0.12946081161499023,0,0.0,0.0
2015-10-28 00:00:00+08:00,0.12213284773913947,0.12946081161499023,0.11969019311385588,0.12946081161499023,13600,0.0,0.0
2015-10-29 00:00:00+08:00,0.11969017594178806,0.12701813876628876,0.11969017594178806,0.12701813876628876,2100,0.0,0.0
2015-10-30 00:00:00+08:00,0.12701813876628876,0.12701813876628876,0.12701813876628876,0.12701813876628876,0,0.0,0.0
2015-11-02 00:00:00+08:00,0.13190345466136932,0.13190345466136932,0.13190345466136932,0.13190345466136932,4000,0.0,0.0
2015-11-03 00:00:00+08:00,0.12701813876628876,0.12701813876628876,0.10259157417890122,0.12701813876628876,75500,0.0,0.0
2015-11-04 00:00:00+08:00,0.11969017594178806,0.12701813876628876,0.11969017594178806,0.12701813876628876,3200,0.0,0.0
2015-11-05 00:00:00+08:00,0.11969019311385588,0.12946081161499023,0.11969019311385588,0.12946081161499023,2100,0.0,0.0
2015-11-06 00:00:00+08:00,0.12946081161499023,0.12946081161499023,0.12946081161499023,0.12946081161499023,0,0.0,0.0
2015-11-09 00:00:00+08:00,0.12213283021662162,0.12946079304112232,0.11969017594178806,0.12701813876628876,48000,0.0,0.0
2015-11-11 00:00:00+08:00,0.12213283021662162,0.12701813876628876,0.11724751438727053,0.12701813876628876,16300,0.0,0.0
2015-11-12 00:00:00+08:00,0.11969017594178806,0.12701813876628876,0.11969017594178806,0.12701813876628876,10100,0.0,0.0
2015-11-13 00:00:00+08:00,0.12701813876628876,0.12701813876628876,0.12701813876628876,0.12701813876628876,0,0.0,0.0
2015-11-16 00:00:00+08:00,0.12213285012989057,0.12213285012989057,0.11236222415781116,0.11480487883090973,24600,0.0,0.0
2015-11-17 00:00:00+08:00,0.12213283021662162,0.1319034618753238,0.12213283021662162,0.12701813876628876,85400,0.0,0.0
2015-11-18 00:00:00+08:00,0.11480486011243697,0.12701813876628876,0.11480486011243697,0.12701813876628876,1100,0.0,0.0
2015-11-19 00:00:00+08:00,0.11724751794291652,0.12457548826932907,0.11480486359400707,0.12457548826932907,168800,0.0,0.0
2015-11-20 00:00:00+08:00,0.12457548826932907,0.12457548826932907,0.12457548826932907,0.12457548826932907,0,0.0,0.0
2015-11-23 00:00:00+08:00,0.12701813876628876,0.1319034618753238,0.12213283021662162,0.12701813876628876,145500,0.0,0.0
2015-11-24 00:00:00+08:00,0.12213283392041961,0.12457548826932907,0.12213283392041961,0.12457548826932907,61100,0.0,0.0
2015-11-25 00:00:00+08:00,0.12213283392041961,0.12457548826932907,0.12213283392041961,0.12457548826932907,26100,0.0,0.0
2015-11-26 00:00:00+08:00,0.12213283392041961,0.12701814261823852,0.12213283392041961,0.12457548826932907,14000,0.0,0.0
2015-11-27 00:00:00+08:00,0.1270181388756626,0.1270181388756626,0.12213283032178879,0.12213283032178879,60000,0.0,0.0
2015-11-30 00:00:00+08:00,0.12457548449145518,0.12701813876628876,0.12457548449145518,0.12701813876628876,131000,0.0,0.0
2015-12-01 00:00:00+08:00,0.13190345466136932,0.13923141708509518,0.13190345466136932,0.13190345466136932,429000,0.0,0.0
2015-12-02 00:00:00+08:00,0.13923142483363093,0.13923142483363093,0.1367887705564499,0.1367887705564499,196500,0.0,0.0
2015-12-03 00:00:00+08:00,0.1392314446754946,0.1392314446754946,0.12946081161499023,0.12946081161499023,121000,0.0,0.0
2015-12-04 00:00:00+08:00,0.13434611615015737,0.13434611615015737,0.12701813876628876,0.12701813876628876,347600,0.0,0.0
2015-12-07 00:00:00+08:00,0.13782821595668793,0.13782821595668793,0.13782821595668793,0.13782821595668793,12000,0.025,0.0
2015-12-08 00:00:00+08:00,0.13782821595668793,0.13782821595668793,0.13782821595668793,0.13782821595668793,0,0.0,0.0
2015-12-09 00:00:00+08:00,0.13782821595668793,0.13782821595668793,0.13782821595668793,0.13782821595668793,0,0.0,0.0
2015-12-10 00:00:00+08:00,0.13782821595668793,0.13782821595668793,0.13782821595668793,0.13782821595668793,0,0.0,0.0
2015-12-11 00:00:00+08:00,0.12161310786281454,0.12431562691926955,0.12161310786281454,0.12431562691926956,47000,0.0,0.0
2015-12-14 00:00:00+08:00,0.1351256789827353,0.1351256789827353,0.11350556680168569,0.12431562691926956,20300,0.0,0.0
2015-12-15 00:00:00+08:00,0.12161311036048694,0.13512568175792694,0.12161311036048694,0.13512568175792694,12000,0.0,0.0
2015-12-16 00:00:00+08:00,0.13512568175792694,0.13512568175792694,0.13512568175792694,0.13512568175792694,0,0.0,0.0
2015-12-17 00:00:00+08:00,0.13242317070008625,0.13512568175792694,0.13242317070008625,0.13512568175792694,11000,0.0,0.0
2015-12-18 00:00:00+08:00,0.13512568175792694,0.13512568175792694,0.13512568175792694,0.13512568175792694,0,0.0,0.0
2015-12-21 00:00:00+08:00,0.1189106111947162,0.13512569527164286,0.11620809986660144,0.12161312252283096,29800,0.0,0.0
2015-12-22 00:00:00+08:00,0.13512569102030111,0.14323322474956512,0.13512569102030111,0.14323322474956512,61800,0.0,0.0
2015-12-23 00:00:00+08:00,0.14323322474956512,0.14323322474956512,0.14323322474956512,0.14323322474956512,0,0.0,0.0
2015-12-24 00:00:00+08:00,0.1216131117263728,0.14053070545196533,0.1216131117263728,0.14053070545196533,1000,0.0,0.0
2015-12-28 00:00:00+08:00,0.14053070545196533,0.14053070545196533,0.14053070545196533,0.14053070545196533,0,0.0,0.0
2015-12-29 00:00:00+08:00,0.14053070545196533,0.14053070545196533,0.14053070545196533,0.14053070545196533,0,0.0,0.0
2015-12-30 00:00:00+08:00,0.14053070545196533,0.14053070545196533,0.14053070545196533,0.14053070545196533,0,0.0,0.0
2015-12-31 00:00:00+08:00,0.1405307135064771,0.14323322474956512,0.1405307135064771,0.14323322474956512,12000,0.0,0.0
2016-01-04 00:00:00+08:00,0.14323322474956512,0.14323322474956512,0.14323322474956512,0.14323322474956512,0,0.0,0.0
2016-01-05 00:00:00+08:00,0.1297206650048045,0.13512569573363267,0.12701815366744995,0.12701815366744995,65400,0.0,0.0
2016-01-06 00:00:00+08:00,0.13512568850351173,0.13512568850351173,0.12972065806388855,0.12972065806388855,1900,0.0,0.0
2016-01-07 00:00:00+08:00,0.12161312293862177,0.1297206650048045,0.11620810026391268,0.12701815366744995,94400,0.0,0.0
2016-01-08 00:00:00+08:00,0.12701815366744995,0.12701815366744995,0.12701815366744995,0.12701815366744995,0,0.0,0.0
2016-01-11 00:00:00+08:00,0.11080306867272828,0.12701815267889527,0.11080306867272828,0.11891061067581177,126300,0.0,0.0
2016-01-12 00:00:00+08:00,0.12431564190506478,0.12701815323317953,0.11350558048436762,0.12161312252283096,42200,0.0,0.0
2016-01-13 00:00:00+08:00,0.11891059930264625,0.14053070387360833,0.11891059930264625,0.13512568175792694,143100,0.0,0.0
2016-01-14 00:00:00+08:00,0.12161312252283095,0.12161312252283095,0.12161312252283095,0.12161312252283096,34000,0.0,0.0
2016-01-15 00:00:00+08:00,0.12701814687113627,0.12972065806388855,0.12701814687113627,0.12972065806388855,30700,0.0,0.0
2016-01-18 00:00:00+08:00,0.12161312293862177,0.12701815366744995,0.11891061160126723,0.12701815366744995,83700,0.0,0.0
2016-01-19 00:00:00+08:00,0.12701815366744995,0.12701815366744995,0.12161312293862177,0.12701815366744995,42800,0.0,0.0
2016-01-20 00:00:00+08:00,0.12161312252283095,0.12431564190506478,0.1189106111947162,0.12161312252283096,35700,0.0,0.0
2016-01-21 00:00:00+08:00,0.12431562691926955,0.12431562691926955,0.12431562691926955,0.12431562691926956,1000,0.0,0.0
2016-01-22 00:00:00+08:00,0.12431562691926955,0.12431562691926955,0.12431562691926955,0.12431562691926956,0,0.0,0.0
2016-01-25 00:00:00+08:00,0.12431562691926955,0.12431562691926955,0.12431562691926955,0.12431562691926956,0,0.0,0.0
2016-01-26 00:00:00+08:00,0.12431562691926955,0.12431562691926955,0.12431562691926955,0.12431562691926956,0,0.0,0.0
2016-01-27 00:00:00+08:00,0.12431562691926955,0.12431562691926955,0.12431562691926955,0.12431562691926956,0,0.0,0.0
2016-01-28 00:00:00+08:00,0.11620809832271338,0.1189106096149238,0.11080306768417358,0.11080306768417358,17300,0.0,0.0
2016-01-29 00:00:00+08:00,0.11080306768417358,0.11080306768417358,0.11080306768417358,0.11080306768417358,0,0.0,0.0
2016-02-01 00:00:00+08:00,0.11350557998904977,0.11891061067581177,0.11350557998904977,0.11891061067581177,45800,0.0,0.0
2016-02-02 00:00:00+08:00,0.1135055720806122,0.1135055720806122,0.1135055720806122,0.11350557208061218,16000,0.0,0.0
2016-02-03 00:00:00+08:00,0.1135055720806122,0.1135055720806122,0.1135055720806122,0.11350557208061218,0,0.0,0.0
2016-02-04 00:00:00+08:00,0.1135055720806122,0.1135055720806122,0.1135055720806122,0.11350557208061218,0,0.0,0.0
2016-02-05 00:00:00+08:00,0.11891061013277227,0.11891061013277227,0.10810055686273451,0.11620809882879257,128700,0.0,0.0
2016-02-10 00:00:00+08:00,0.12161311351880724,0.12161311351880724,0.1135055720806122,0.11350557208061218,22600,0.0,0.0
2016-02-11 00:00:00+08:00,0.11080306768417358,0.11080306768417358,0.11080306768417358,0.11080306768417358,11100,0.0,0.0
2016-02-12 00:00:00+08:00,0.11080306768417358,0.11080306768417358,0.11080306768417358,0.11080306768417358,0,0.0,0.0
2016-02-15 00:00:00+08:00,0.11080306768417358,0.11080306768417358,0.11080306768417358,0.11080306768417358,0,0.0,0.0
2016-02-16 00:00:00+08:00,0.11080306768417358,0.11080306768417358,0.11080306768417358,0.11080306768417358,0,0.0,0.0
2016-02-17 00:00:00+08:00,0.1135055720806122,0.1135055720806122,0.1135055720806122,0.11350557208061218,12000,0.0,0.0
2016-02-18 00:00:00+08:00,0.1135055720806122,0.1135055720806122,0.1135055720806122,0.11350557208061218,0,0.0,0.0
2016-02-19 00:00:00+08:00,0.1135055720806122,0.1135055720806122,0.1135055720806122,0.11350557208061218,0,0.0,0.0
2016-02-22 00:00:00+08:00,0.10810055734176545,0.10810055734176545,0.10756005346775055,0.10756005346775055,39600,0.0,0.0
2016-02-23 00:00:00+08:00,0.10810054838657379,0.11080305947864967,0.10810054838657379,0.10810054838657379,90700,0.0,0.0
2016-02-24 00:00:00+08:00,0.10810054838657379,0.10810054838657379,0.10810054838657379,0.10810054838657379,0,0.0,0.0
2016-02-25 00:00:00+08:00,0.10810054838657379,0.10810054838657379,0.10810054838657379,0.10810054838657379,0,0.0,0.0
2016-02-26 00:00:00+08:00,0.10810055734176545,0.11350557997367634,0.10756005346775055,0.10756005346775055,101100,0.0,0.0
2016-02-29 00:00:00+08:00,0.10756004598813235,0.1135055720806122,0.10756004598813235,0.11350557208061218,2400,0.0,0.0
2016-03-01 00:00:00+08:00,0.1135055720806122,0.1135055720806122,0.1135055720806122,0.11350557208061218,0,0.0,0.0
2016-03-02 00:00:00+08:00,0.10810054838657379,0.10810054838657379,0.10810054838657379,0.10810054838657379,50000,0.0,0.0
2016-03-03 00:00:00+08:00,0.10810054838657379,0.10810054838657379,0.10810054838657379,0.10810054838657379,67100,0.0,0.0
2016-03-04 00:00:00+08:00,0.10810054838657379,0.10810054838657379,0.10810054838657379,0.10810054838657379,0,0.0,0.0
2016-03-07 00:00:00+08:00,0.10810054838657379,0.10810054838657379,0.10756004455733494,0.10810054838657379,22000,0.0,0.0
2016-03-08 00:00:00+08:00,0.10810054838657379,0.11080305947864967,0.10756004455733494,0.10810054838657379,39100,0.0,0.0
2016-03-09 00:00:00+08:00,0.1070195407280961,0.10810054838657379,0.1070195407280961,0.10810054838657379,24600,0.0,0.0
2016-03-10 00:00:00+08:00,0.11080306768417358,0.11080306768417358,0.11080306768417358,0.11080306768417358,100,0.0,0.0
2016-03-11 00:00:00+08:00,0.10756005346775055,0.10756005346775055,0.10756005346775055,0.10756005346775055,10800,0.0,0.0
2016-03-14 00:00:00+08:00,0.10756005346775055,0.10756005346775055,0.10756005346775055,0.10756005346775055,0,0.0,0.0
2016-03-15 00:00:00+08:00,0.10756005346775055,0.10756005346775055,0.10756005346775055,0.10756005346775055,0,0.0,0.0
2016-03-16 00:00:00+08:00,0.10810055133573548,0.10810055133573548,0.10701954364776611,0.10701954364776611,12900,0.0,0.0
2016-03-17 00:00:00+08:00,0.1081005573564068,0.11891061067581177,0.1081005573564068,0.11891061067581177,32000,0.0,0.0
2016-03-18 00:00:00+08:00,0.11891061067581177,0.11891061067581177,0.11891061067581177,0.11891061067581177,0,0.0,0.0
2016-03-21 00:00:00+08:00,0.11620809882879257,0.11620809882879257,0.11620809882879257,0.11620809882879257,5000,0.0,0.0
2016-03-22 00:00:00+08:00,0.11620809882879257,0.11620809882879257,0.11620809882879257,0.11620809882879257,0,0.0,0.0
2016-03-23 00:00:00+08:00,0.11620809882879257,0.11620809882879257,0.11620809882879257,0.11620809882879257,0,0.0,0.0
2016-03-24 00:00:00+08:00,0.10810055133573548,0.10810055133573548,0.10701954364776611,0.10701954364776611,81000,0.0,0.0
2016-03-28 00:00:00+08:00,0.10810055734176545,0.10810055734176545,0.10756005346775055,0.10756005346775055,22600,0.0,0.0
2016-03-29 00:00:00+08:00,0.10756005346775055,0.10756005346775055,0.10756005346775055,0.10756005346775055,0,0.0,0.0
2016-03-30 00:00:00+08:00,0.11080306095258667,0.1135055720806122,0.11080306095258667,0.11350557208061218,46600,0.0,0.0
2016-03-31 00:00:00+08:00,0.11080306768417358,0.11620809832271338,0.11080306768417358,0.11080306768417358,23600,0.0,0.0
2016-04-01 00:00:00+08:00,0.11080306768417358,0.11080306768417358,0.11080306768417358,0.11080306768417358,0,0.0,0.0
2016-04-04 00:00:00+08:00,0.10810054838657379,0.10810054838657379,0.10810054838657379,0.10810054838657379,54000,0.0,0.0
2016-04-05 00:00:00+08:00,0.10810054838657379,0.10810054838657379,0.10810054838657379,0.10810054838657379,5000,0.0,0.0
2016-04-06 00:00:00+08:00,0.10810054838657379,0.10810054838657379,0.10810054838657379,0.10810054838657379,0,0.0,0.0
2016-04-07 00:00:00+08:00,0.10810054838657379,0.10810054838657379,0.10810054838657379,0.10810054838657379,0,0.0,0.0
2016-04-08 00:00:00+08:00,0.10485753346525907,0.10810054838657379,0.10431702963602021,0.10810054838657379,24700,0.0,0.0
2016-04-11 00:00:00+08:00,0.10810056039681337,0.10810056039681337,0.1059385448396527,0.10647904872894287,30500,0.0,0.0
2016-04-12 00:00:00+08:00,0.1075600565075232,0.1075600565075232,0.10647904872894287,0.10647904872894287,7900,0.0,0.0
2016-04-13 00:00:00+08:00,0.10647904276798989,0.10647904276798989,0.10593853890895844,0.10593853890895844,41000,0.0,0.0
2016-04-14 00:00:00+08:00,0.10701955261823304,0.10701955261823304,0.10647904872894287,0.10647904872894287,19700,0.0,0.0
2016-04-15 00:00:00+08:00,0.10647904872894287,0.10647904872894287,0.10647904872894287,0.10647904872894287,8200,0.0,0.0
2016-04-18 00:00:00+08:00,0.10756004455733494,0.10810054838657379,0.1070195407280961,0.10810054838657379,17500,0.0,0.0
2016-04-19 00:00:00+08:00,0.1108030681667142,0.11620809882879257,0.1108030681667142,0.11620809882879257,32300,0.0,0.0
2016-04-20 00:00:00+08:00,0.11350557682716127,0.11350557682716127,0.10593853890895844,0.10593853890895844,32400,0.0,0.0
2016-04-21 00:00:00+08:00,0.11620808824480555,0.13512568175792694,0.11620808824480555,0.13512568175792694,353700,0.0,0.0
2016-04-22 00:00:00+08:00,0.1297206650048045,0.1297206650048045,0.12701815366744995,0.12701815366744995,35000,0.0,0.0
2016-04-25 00:00:00+08:00,0.12161312252283095,0.12161312252283095,0.12161312252283095,0.12161312252283096,130000,0.0,0.0
2016-04-26 00:00:00+08:00,0.12161312252283095,0.12161312252283095,0.12161312252283095,0.12161312252283096,10300,0.0,0.0
2016-04-27 00:00:00+08:00,0.12161312252283095,0.12161312252283095,0.12161312252283095,0.12161312252283096,14600,0.0,0.0
2016-04-28 00:00:00+08:00,0.12161312252283095,0.12431564190506478,0.12161312252283095,0.12161312252283096,76400,0.0,0.0
2016-04-29 00:00:00+08:00,0.12161312252283095,0.12161312252283095,0.12161312252283095,0.12161312252283096,10100,0.0,0.0
2016-05-03 00:00:00+08:00,0.12161312252283095,0.12161312252283095,0.12161312252283095,0.12161312252283096,30300,0.0,0.0
2016-05-04 00:00:00+08:00,0.12161312252283095,0.12161312252283095,0.12161312252283095,0.12161312252283096,0,0.0,0.0
2016-05-05 00:00:00+08:00,0.10810054982456115,0.1135055720806122,0.10810054982456115,0.11350557208061218,110000,0.0,0.0
2016-05-06 00:00:00+08:00,0.11080305947864967,0.11080305947864967,0.10810054838657379,0.10810054838657379,25900,0.0,0.0
2016-05-09 00:00:00+08:00,0.10810054838657379,0.10810054838657379,0.10810054838657379,0.10810054838657379,0,0.0,0.0
2016-05-10 00:00:00+08:00,0.10810054838657379,0.10810054838657379,0.10810054838657379,0.10810054838657379,0,0.0,0.0
2016-05-11 00:00:00+08:00,0.10810054838657379,0.10810054838657379,0.10810054838657379,0.10810054838657379,0,0.0,0.0
2016-05-12 00:00:00+08:00,0.10810054982456115,0.1135055720806122,0.10810054982456115,0.11350557208061218,806600,0.0,0.0
2016-05-13 00:00:00+08:00,0.1135055720806122,0.1135055720806122,0.1135055720806122,0.11350557208061218,0,0.0,0.0
2016-05-16 00:00:00+08:00,0.10810055639196317,0.11080306768417358,0.10810055639196317,0.11080306768417358,90100,0.0,0.0
2016-05-17 00:00:00+08:00,0.1135055720806122,0.1135055720806122,0.1135055720806122,0.11350557208061218,15000,0.0,0.0
2016-05-18 00:00:00+08:00,0.11620809126275619,0.11620809126275619,0.1135055720806122,0.11350557208061218,10000,0.0,0.0
2016-05-19 00:00:00+08:00,0.11080306768417358,0.11080306768417358,0.11080306768417358,0.11080306768417358,34600,0.0,0.0
2016-05-20 00:00:00+08:00,0.11080306095258667,0.1135055720806122,0.11080306095258667,0.11350557208061218,20900,0.0,0.0
2016-05-23 00:00:00+08:00,0.1135055720806122,0.1135055720806122,0.1135055720806122,0.11350557208061218,0,0.0,0.0
2016-05-24 00:00:00+08:00,0.11080306768417358,0.11080306768417358,0.11080306768417358,0.11080306768417358,66100,0.0,0.0
2016-05-25 00:00:00+08:00,0.11080306768417358,0.11080306768417358,0.11080306768417358,0.11080306768417358,0,0.0,0.0
2016-05-26 00:00:00+08:00,0.11080306768417358,0.11350557897638401,0.11080306768417358,0.11080306768417358,68000,0.0,0.0
2016-05-27 00:00:00+08:00,0.11080306768417358,0.11080306768417358,0.11080306768417358,0.11080306768417358,20000,0.0,0.0
2016-05-30 00:00:00+08:00,0.11080306768417358,0.11080306768417358,0.11080306768417358,0.11080306768417358,10000,0.0,0.0
2016-05-31 00:00:00+08:00,0.11080306768417358,0.11080306768417358,0.11080306768417358,0.11080306768417358,0,0.0,0.0
2016-06-01 00:00:00+08:00,0.11080306768417358,0.11080306768417358,0.11080306768417358,0.11080306768417358,0,0.0,0.0
2016-06-02 00:00:00+08:00,0.10810054838657379,0.10810054838657379,0.10810054838657379,0.10810054838657379,7700,0.0,0.0
2016-06-03 00:00:00+08:00,0.11080306768417358,0.11080306768417358,0.11080306768417358,0.11080306768417358,25000,0.0,0.0
2016-06-06 00:00:00+08:00,0.11080305947864967,0.11080305947864967,0.10810054838657379,0.10810054838657379,18900,0.0,0.0
2016-06-07 00:00:00+08:00,0.10810054838657379,0.10810054838657379,0.10810054838657379,0.10810054838657379,23500,0.0,0.0
2016-06-08 00:00:00+08:00,0.10810055639196317,0.11080306768417358,0.10810055639196317,0.11080306768417358,56700,0.0,0.0
2016-06-09 00:00:00+08:00,0.11080306768417358,0.11080306768417358,0.11080306768417358,0.11080306768417358,0,0.0,0.0
2016-06-10 00:00:00+08:00,0.11080306768417358,0.11080306768417358,0.11080306768417358,0.11080306768417358,0,0.0,0.0
2016-06-13 00:00:00+08:00,0.10810054838657379,0.10810054838657379,0.10810054838657379,0.10810054838657379,10000,0.0,0.0
2016-06-14 00:00:00+08:00,0.10810054838657379,0.10810054838657379,0.10810054838657379,0.10810054838657379,29900,0.0,0.0
2016-06-15 00:00:00+08:00,0.10810054838657379,0.10810054838657379,0.10810054838657379,0.10810054838657379,0,0.0,0.0
2016-06-16 00:00:00+08:00,0.11350557057072554,0.11350557057072554,0.10810054838657379,0.10810054838657379,33100,0.0,0.0
2016-06-17 00:00:00+08:00,0.10810054838657379,0.10810054838657379,0.10810054838657379,0.10810054838657379,85700,0.0,0.0
2016-06-20 00:00:00+08:00,0.10810054838657379,0.10810054838657379,0.10810054838657379,0.10810054838657379,67900,0.0,0.0
2016-06-21 00:00:00+08:00,0.10810054838657379,0.11080305947864967,0.10810054838657379,0.10810054838657379,63300,0.0,0.0
2016-06-22 00:00:00+08:00,0.10810054838657379,0.10810054838657379,0.10810054838657379,0.10810054838657379,26000,0.0,0.0
2016-06-23 00:00:00+08:00,0.10810054838657379,0.10810054838657379,0.10810054838657379,0.10810054838657379,10000,0.0,0.0
2016-06-24 00:00:00+08:00,0.10810055734176545,0.1108030686577209,0.10756005346775055,0.10756005346775055,115000,0.0,0.0
2016-06-27 00:00:00+08:00,0.10756005346775055,0.10756005346775055,0.10756005346775055,0.10756005346775055,50000,0.0,0.0
2016-06-28 00:00:00+08:00,0.10756005346775055,0.10756005346775055,0.10756005346775055,0.10756005346775055,0,0.0,0.0
2016-06-29 00:00:00+08:00,0.10756005346775055,0.10756005346775055,0.10756005346775055,0.10756005346775055,0,0.0,0.0
2016-06-30 00:00:00+08:00,0.10810054838657379,0.10810054838657379,0.10810054838657379,0.10810054838657379,25800,0.0,0.0
2016-07-01 00:00:00+08:00,0.10756005346775055,0.10756005346775055,0.10756005346775055,0.10756005346775055,15000,0.0,0.0
2016-07-04 00:00:00+08:00,0.10756005346775055,0.10756005346775055,0.10756005346775055,0.10756005346775055,35000,0.0,0.0
2016-07-05 00:00:00+08:00,0.10756005346775055,0.10756005346775055,0.10756005346775055,0.10756005346775055,21600,0.0,0.0
2016-07-07 00:00:00+08:00,0.10756005346775055,0.10756005346775055,0.10756005346775055,0.10756005346775055,34800,0.0,0.0
2016-07-08 00:00:00+08:00,0.10756005346775055,0.10756005346775055,0.10756005346775055,0.10756005346775055,0,0.0,0.0
2016-07-11 00:00:00+08:00,0.10756005346775055,0.10756005346775055,0.10756005346775055,0.10756005346775055,0,0.0,0.0
2016-07-12 00:00:00+08:00,0.10756005252269729,0.11080306768417358,0.10756005252269729,0.11080306768417358,24100,0.0,0.0
2016-07-13 00:00:00+08:00,0.11350557057072554,0.11350557057072554,0.10810054838657379,0.10810054838657379,28300,0.0,0.0
2016-07-14 00:00:00+08:00,0.10810054838657379,0.10810054838657379,0.10810054838657379,0.10810054838657379,0,0.0,0.0
2016-07-15 00:00:00+08:00,0.10756004455733494,0.10810054838657379,0.10756004455733494,0.10810054838657379,37900,0.0,0.0
2016-07-18 00:00:00+08:00,0.10756005346775055,0.10756005346775055,0.10756005346775055,0.10756005346775055,57100,0.0,0.0
2016-07-19 00:00:00+08:00,0.10810055734176545,0.10810055734176545,0.10756005346775055,0.10756005346775055,46600,0.0,0.0
2016-07-20 00:00:00+08:00,0.10756005346775055,0.10756005346775055,0.10756005346775055,0.10756005346775055,37000,0.0,0.0
2016-07-21 00:00:00+08:00,0.10756005346775055,0.10756005346775055,0.10756005346775055,0.10756005346775055,26500,0.0,0.0
2016-07-22 00:00:00+08:00,0.10756005346775055,0.10810055734176545,0.10756005346775055,0.10756005346775055,203800,0.0,0.0
2016-07-25 00:00:00+08:00,0.10701954364776611,0.10701954364776611,0.10701954364776611,0.10701954364776611,59000,0.0,0.0
2016-07-26 00:00:00+08:00,0.10701954364776611,0.10701954364776611,0.10701954364776611,0.10701954364776611,0,0.0,0.0
2016-07-27 00:00:00+08:00,0.10756004455733494,0.10810054838657379,0.1070195407280961,0.10810054838657379,7800,0.0,0.0
2016-07-28 00:00:00+08:00,0.10810054838657379,0.10810054838657379,0.10810054838657379,0.10810054838657379,0,0.0,0.0
2016-07-29 00:00:00+08:00,0.10701954662702136,0.10701954662702136,0.10593853890895844,0.10593853890895844,59400,0.0,0.0
2016-08-01 00:00:00+08:00,0.10593853890895844,0.10593853890895844,0.10593853890895844,0.10593853890895844,50600,0.0,0.0
2016-08-02 00:00:00+08:00,0.10647903980378143,0.10810055133573548,0.10593853595979674,0.10701954364776611,140000,0.0,0.0
2016-08-03 00:00:00+08:00,0.10593853890895844,0.10593853890895844,0.10593853890895844,0.10593853890895844,27100,0.0,0.0
2016-08-04 00:00:00+08:00,0.10593853890895844,0.10593853890895844,0.10593853890895844,0.10593853890895844,15000,0.0,0.0
2016-08-05 00:00:00+08:00,0.10593853890895844,0.10593853890895844,0.10593853890895844,0.10593853890895844,10000,0.0,0.0
2016-08-08 00:00:00+08:00,0.10756005346775055,0.10756005346775055,0.10756005346775055,0.10756005346775055,5300,0.0,0.0
2016-08-10 00:00:00+08:00,0.10593853890895844,0.10593853890895844,0.10593853890895844,0.10593853890895844,9000,0.0,0.0
2016-08-11 00:00:00+08:00,0.10701954364776611,0.10701954364776611,0.10701954364776611,0.10701954364776611,14000,0.0,0.0
2016-08-12 00:00:00+08:00,0.10701954364776611,0.10701954364776611,0.10701954364776611,0.10701954364776611,5000,0.0,0.0
2016-08-15 00:00:00+08:00,0.10701954364776611,0.10701954364776611,0.10701954364776611,0.10701954364776611,0,0.0,0.0
2016-08-16 00:00:00+08:00,0.10593853890895844,0.10593853890895844,0.10593853890895844,0.10593853890895844,825900,0.0,0.0
2016-08-17 00:00:00+08:00,0.10593853890895844,0.10593853890895844,0.10593853890895844,0.10593853890895844,0,0.0,0.0
2016-08-18 00:00:00+08:00,0.10593854789501397,0.10593854789501397,0.10539804399013519,0.10539804399013519,93600,0.0,0.0
2016-08-19 00:00:00+08:00,0.10539804399013519,0.10539804399013519,0.10539804399013519,0.10539804399013519,0,0.0,0.0
2016-08-22 00:00:00+08:00,0.09458797365390663,0.09783098846673965,0.09458797365390663,0.09783098846673965,80000,0.0,0.0
2016-08-23 00:00:00+08:00,0.0983714908361435,0.09891199463938026,0.0983714908361435,0.0983714908361435,53300,0.0,0.0
2016-08-24 00:00:00+08:00,0.09783098930961354,0.09783098930961354,0.09729049354791641,0.09729049354791641,18100,0.0,0.0
2016-08-25 00:00:00+08:00,0.09729049354791641,0.09729049354791641,0.09729049354791641,0.09729049354791641,12300,0.0,0.0
2016-08-26 00:00:00+08:00,0.09729049354791641,0.09729049354791641,0.09729049354791641,0.09729049354791641,0,0.0,0.0
2016-08-29 00:00:00+08:00,0.09729049354791641,0.0999930045728747,0.09729049354791641,0.09729049354791641,60700,0.0,0.0
2016-08-30 00:00:00+08:00,0.09729049354791641,0.09729049354791641,0.09729049354791641,0.09729049354791641,0,0.0,0.0
2016-08-31 00:00:00+08:00,0.09729049354791641,0.09729049354791641,0.09729049354791641,0.09729049354791641,0,0.0,0.0
2016-09-01 00:00:00+08:00,0.09729049354791641,0.09729049354791641,0.09729049354791641,0.09729049354791641,0,0.0,0.0
2016-09-02 00:00:00+08:00,0.09783099613437408,0.09783099613437408,0.09188546985387802,0.09188546985387802,179000,0.0,0.0
2016-09-05 00:00:00+08:00,0.09458798170089722,0.09458798170089722,0.09458798170089722,0.09458798170089722,23000,0.0,0.0
2016-09-06 00:00:00+08:00,0.09458798170089722,0.09458798170089722,0.09458798170089722,0.09458798170089722,20500,0.0,0.0
2016-09-07 00:00:00+08:00,0.09512848555803863,0.09512848555803863,0.09458798170089722,0.09458798170089722,100000,0.0,0.0
2016-09-08 00:00:00+08:00,0.09458798170089722,0.09458798170089722,0.09458798170089722,0.09458798170089722,0,0.0,0.0
2016-09-09 00:00:00+08:00,0.09188547046930891,0.09458798170089722,0.09188547046930891,0.09458798170089722,5400,0.0,0.0
2016-09-13 00:00:00+08:00,0.09458798170089722,0.09458798170089722,0.09458798170089722,0.09458798170089722,0,0.0,0.0
2016-09-14 00:00:00+08:00,0.09458798170089722,0.09458798170089722,0.09458798170089722,0.09458798170089722,0,0.0,0.0
2016-09-15 00:00:00+08:00,0.09188546985387802,0.09188546985387802,0.09188546985387802,0.09188546985387802,16500,0.0,0.0
2016-09-16 00:00:00+08:00,0.09188546985387802,0.09188546985387802,0.09188546985387802,0.09188546985387802,5000,0.0,0.0
2016-09-19 00:00:00+08:00,0.08972345292568207,0.08972345292568207,0.08972345292568207,0.08972345292568207,17700,0.0,0.0
2016-09-20 00:00:00+08:00,0.08972345292568207,0.08972345292568207,0.08972345292568207,0.08972345292568207,27900,0.0,0.0
2016-09-21 00:00:00+08:00,0.08864245713589573,0.08864245713589573,0.08810195326805115,0.08810195326805115,10000,0.0,0.0
2016-09-22 00:00:00+08:00,0.08810195326805115,0.08810195326805115,0.08810195326805115,0.08810195326805115,0,0.0,0.0
2016-09-23 00:00:00+08:00,0.09080446511507034,0.09080446511507034,0.09080446511507034,0.09080446511507034,7500,0.0,0.0
2016-09-26 00:00:00+08:00,0.09080446511507034,0.09080446511507034,0.09080446511507034,0.09080446511507034,0,0.0,0.0
2016-09-27 00:00:00+08:00,0.09296647756092048,0.09296647756092048,0.09188546985387802,0.09188546985387802,71200,0.0,0.0
2016-09-28 00:00:00+08:00,0.09188546985387802,0.09188546985387802,0.09188546985387802,0.09188546985387802,108700,0.0,0.0
2016-09-29 00:00:00+08:00,0.09242597370739926,0.09242597370739926,0.09188546985387802,0.09188546985387802,19300,0.0,0.0
2016-09-30 00:00:00+08:00,0.08972345292568207,0.08972345292568207,0.08972345292568207,0.08972345292568207,400,0.0,0.0
2016-10-03 00:00:00+08:00,0.09188546985387802,0.09188546985387802,0.09188546985387802,0.09188546985387802,21600,0.0,0.0
2016-10-04 00:00:00+08:00,0.09080446511507034,0.091885472857449,0.09080446511507034,0.09080446511507034,14500,0.0,0.0
2016-10-05 00:00:00+08:00,0.09620948135852814,0.09620948135852814,0.09620948135852814,0.09620948135852814,100,0.0,0.0
2016-10-06 00:00:00+08:00,0.096749985148738,0.096749985148738,0.08702093303319611,0.09620948135852814,10300,0.0,0.0
2016-10-07 00:00:00+08:00,0.09080446511507034,0.09080446511507034,0.09080446511507034,0.09080446511507034,6900,0.0,0.0
2016-10-10 00:00:00+08:00,0.08702095121111192,0.08702095121111192,0.0832374319434166,0.0832374319434166,10000,0.0,0.0
2016-10-11 00:00:00+08:00,0.0875614409714775,0.09729049354791641,0.0875614409714775,0.09729049354791641,29400,0.0,0.0
2016-10-12 00:00:00+08:00,0.09458798170089722,0.09458798170089722,0.09458798170089722,0.09458798170089722,8900,0.0,0.0
2016-10-13 00:00:00+08:00,0.09458798170089722,0.09458798170089722,0.09458798170089722,0.09458798170089722,0,0.0,0.0
2016-10-14 00:00:00+08:00,0.09458798170089722,0.09458798170089722,0.09458798170089722,0.09458798170089722,0,0.0,0.0
2016-10-17 00:00:00+08:00,0.08593992888927458,0.08593992888927458,0.08593992888927458,0.0859399288892746,10000,0.0,0.0
2016-10-18 00:00:00+08:00,0.08593992888927458,0.08593992888927458,0.08593992888927458,0.0859399288892746,0,0.0,0.0
2016-10-19 00:00:00+08:00,0.08593992888927458,0.08593992888927458,0.08593992888927458,0.0859399288892746,0,0.0,0.0
2016-10-20 00:00:00+08:00,0.08648043875845066,0.08918295800685883,0.08648043875845066,0.08918295800685883,97100,0.0,0.0
2016-10-21 00:00:00+08:00,0.08648043870925902,0.08648043870925902,0.08648043870925902,0.08648043870925903,5100,0.0,0.0
2016-10-24 00:00:00+08:00,0.08756145089864731,0.08756145089864731,0.08756145089864731,0.08756145089864731,19000,0.0,0.0
2016-10-25 00:00:00+08:00,0.08972345380242179,0.08972345380242179,0.08918295800685883,0.08918295800685883,43900,0.0,0.0
2016-10-26 00:00:00+08:00,0.09080446511507034,0.09080446511507034,0.09080446511507034,0.09080446511507034,17000,0.0,0.0
2016-10-27 00:00:00+08:00,0.09080446511507034,0.09080446511507034,0.09080446511507034,0.09080446511507034,0,0.0,0.0
2016-10-28 00:00:00+08:00,0.09080446511507034,0.09080446511507034,0.09080446511507034,0.09080446511507034,0,0.0,0.0
2016-10-31 00:00:00+08:00,0.09026395529508591,0.09026395529508591,0.09026395529508591,0.09026395529508591,6000,0.0,0.0
2016-11-01 00:00:00+08:00,0.09026395529508591,0.09026395529508591,0.09026395529508591,0.09026395529508591,0,0.0,0.0
2016-11-02 00:00:00+08:00,0.09026395529508591,0.09026395529508591,0.09026395529508591,0.09026395529508591,0,0.0,0.0
2016-11-03 00:00:00+08:00,0.09026395529508591,0.09026395529508591,0.09026395529508591,0.09026395529508591,0,0.0,0.0
2016-11-04 00:00:00+08:00,0.09026395529508591,0.09026395529508591,0.09026395529508591,0.09026395529508591,0,0.0,0.0
2016-11-07 00:00:00+08:00,0.09026395529508591,0.09026395529508591,0.09026395529508591,0.09026395529508591,0,0.0,0.0
2016-11-08 00:00:00+08:00,0.09134496453359753,0.0972904987727427,0.09134496453359753,0.09242597222328186,25700,0.0,0.0
2016-11-09 00:00:00+08:00,0.09242597222328186,0.09242597222328186,0.09242597222328186,0.09242597222328186,0,0.0,0.0
2016-11-10 00:00:00+08:00,0.09242597222328186,0.09242597222328186,0.09242597222328186,0.09242597222328186,0,0.0,0.0
2016-11-11 00:00:00+08:00,0.09674998973210112,0.09729049354791641,0.09242596725969696,0.09729049354791641,21100,0.0,0.0
2016-11-14 00:00:00+08:00,0.09729049354791641,0.09729049354791641,0.09729049354791641,0.09729049354791641,0,0.0,0.0
2016-11-15 00:00:00+08:00,0.09783098846673965,0.09783098846673965,0.09783098846673965,0.09783098846673965,40000,0.0,0.0
2016-11-16 00:00:00+08:00,0.09458798170089722,0.09458798170089722,0.09458798170089722,0.09458798170089722,20000,0.0,0.0
2016-11-17 00:00:00+08:00,0.0929664745926857,0.0929664745926857,0.09242597075642169,0.0929664745926857,30000,0.0,0.0
2016-11-18 00:00:00+08:00,0.09350697696208954,0.09350697696208954,0.09350697696208954,0.09350697696208954,5000,0.0,0.0
2016-11-21 00:00:00+08:00,0.09350697696208954,0.09350697696208954,0.09350697696208954,0.09350697696208954,0,0.0,0.0
2016-11-22 00:00:00+08:00,0.09350697696208954,0.09350697696208954,0.09350697696208954,0.09350697696208954,0,0.0,0.0
2016-11-23 00:00:00+08:00,0.0929664745926857,0.0929664745926857,0.0929664745926857,0.0929664745926857,9000,0.0,0.0
2016-11-24 00:00:00+08:00,0.0929664745926857,0.0929664745926857,0.0929664745926857,0.0929664745926857,33600,0.0,0.0
2016-11-25 00:00:00+08:00,0.0929664745926857,0.0929664745926857,0.0929664745926857,0.0929664745926857,0,0.0,0.0
2016-11-28 00:00:00+08:00,0.09512849121620714,0.10647904872894287,0.09512849121620714,0.10647904872894287,59800,0.0,0.0
2016-11-29 00:00:00+08:00,0.1005335172919253,0.1026955246925354,0.1005335172919253,0.1026955246925354,35100,0.0,0.0
2016-11-30 00:00:00+08:00,0.10810055639196317,0.11080306768417358,0.10810055639196317,0.11080306768417358,87900,0.0,0.0
2016-12-01 00:00:00+08:00,0.11350557057072554,0.11350557057072554,0.10810054838657379,0.10810054838657379,84900,0.0,0.0
2016-12-02 00:00:00+08:00,0.12058540225305851,0.12058540225305851,0.10840506106615067,0.10840506106615067,33000,0.0225,0.0
2016-12-05 00:00:00+08:00,0.10840506106615067,0.10840506106615067,0.10840506106615067,0.10840506106615067,0,0.0,0.0
2016-12-06 00:00:00+08:00,0.10840506106615067,0.10840506106615067,0.10840506106615067,0.10840506106615067,0,0.0,0.0
2016-12-07 00:00:00+08:00,0.10840506106615067,0.10840506106615067,0.10840506106615067,0.10840506106615067,0,0.0,0.0
2016-12-08 00:00:00+08:00,0.12058540637314939,0.12058540637314939,0.09926980629899601,0.10231488943099976,77600,0.0,0.0
2016-12-09 00:00:00+08:00,0.10231488943099976,0.10231488943099976,0.10231488943099976,0.10231488943099976,8000,0.0,0.0
2016-12-12 00:00:00+08:00,0.0992698073387146,0.0992698073387146,0.0992698073387146,0.0992698073387146,4300,0.0,0.0
2016-12-13 00:00:00+08:00,0.10048784119673214,0.10657800734043121,0.09987882276734955,0.10657800734043121,92100,0.0,0.0
2016-12-14 00:00:00+08:00,0.09987882524728775,0.09987882524728775,0.09987882524728775,0.09987882524728775,4000,0.0,0.0
2016-12-15 00:00:00+08:00,0.09987882524728775,0.09987882524728775,0.09987882524728775,0.09987882524728775,0,0.0,0.0
2016-12-16 00:00:00+08:00,0.09987882524728775,0.09987882524728775,0.09987882524728775,0.09987882524728775,5000,0.0,0.0
2016-12-19 00:00:00+08:00,0.09987882524728775,0.10048784369179195,0.09622472365532622,0.09987882524728775,60900,0.0,0.0
2016-12-20 00:00:00+08:00,0.09926980627334867,0.1004878431558609,0.09926980627334867,0.1004878431558609,64900,0.0,0.0
2016-12-21 00:00:00+08:00,0.1004878431558609,0.1004878431558609,0.1004878431558609,0.1004878431558609,0,0.0,0.0
2016-12-22 00:00:00+08:00,0.10475096106529236,0.10475096106529236,0.10475096106529236,0.10475096106529236,35000,0.0,0.0
2016-12-23 00:00:00+08:00,0.10475096106529236,0.10475096106529236,0.10475096106529236,0.10475096106529236,0,0.0,0.0
2016-12-27 00:00:00+08:00,0.09866078783209255,0.1004878431558609,0.09805176939083643,0.1004878431558609,10100,0.0,0.0
2016-12-28 00:00:00+08:00,0.10353292524814606,0.10353292524814606,0.10353292524814606,0.10353292524814606,10000,0.0,0.0
2016-12-29 00:00:00+08:00,0.10353292524814606,0.10353292524814606,0.10353292524814606,0.10353292524814606,0,0.0,0.0
2016-12-30 00:00:00+08:00,0.10353292524814606,0.10353292524814606,0.10353292524814606,0.10353292524814606,0,0.0,0.0
2017-01-03 00:00:00+08:00,0.10353292524814606,0.10353292524814606,0.10353292524814606,0.10353292524814606,0,0.0,0.0
2017-01-04 00:00:00+08:00,0.10353292524814606,0.10353292524814606,0.10353292524814606,0.10353292524814606,0,0.0,0.0
2017-01-05 00:00:00+08:00,0.09987882524728775,0.09987882524728775,0.09987882524728775,0.09987882524728775,10800,0.0,0.0
2017-01-06 00:00:00+08:00,0.09987882524728775,0.09987882524728775,0.09987882524728775,0.09987882524728775,0,0.0,0.0
2017-01-09 00:00:00+08:00,0.09987882474040947,0.10231488943099976,0.09987882474040947,0.10231488943099976,48200,0.0,0.0
2017-01-10 00:00:00+08:00,0.10231488943099976,0.10231488943099976,0.10231488943099976,0.10231488943099976,13600,0.0,0.0
2017-01-11 00:00:00+08:00,0.10231488943099976,0.10231488943099976,0.10231488943099976,0.10231488943099976,0,0.0,0.0
2017-01-12 00:00:00+08:00,0.10231488415550986,0.11266817897558212,0.10231488415550986,0.11266817897558212,6200,0.0,0.0
2017-01-13 00:00:00+08:00,0.10231488943099976,0.10231488943099976,0.10231488943099976,0.10231488943099976,5000,0.0,0.0
2017-01-16 00:00:00+08:00,0.10292390629258846,0.10414194315671921,0.10292390629258846,0.10414194315671921,29400,0.0,0.0
2017-01-17 00:00:00+08:00,0.10414194315671921,0.10414194315671921,0.10414194315671921,0.10414194315671921,0,0.0,0.0
2017-01-18 00:00:00+08:00,0.1004878431558609,0.1004878431558609,0.1004878431558609,0.1004878431558609,2500,0.0,0.0
2017-01-19 00:00:00+08:00,0.1004878431558609,0.1004878431558609,0.1004878431558609,0.1004878431558609,0,0.0,0.0
2017-01-20 00:00:00+08:00,0.10048784214748582,0.10353292524814606,0.0986607868420516,0.10353292524814606,26900,0.0,0.0
2017-01-23 00:00:00+08:00,0.10353292420724874,0.10475096106529236,0.10353292420724874,0.10475096106529236,18000,0.0,0.0
2017-01-24 00:00:00+08:00,0.10475096106529236,0.10475096106529236,0.10475096106529236,0.10475096106529236,0,0.0,0.0
2017-01-25 00:00:00+08:00,0.10475095961758464,0.10840506106615067,0.10475095961758464,0.10840506106615067,38000,0.0,0.0
2017-01-26 00:00:00+08:00,0.10840506106615067,0.10840506106615067,0.10840506106615067,0.10840506106615067,0,0.0,0.0
2017-01-27 00:00:00+08:00,0.10840506106615067,0.10840506106615067,0.10840506106615067,0.10840506106615067,0,0.0,0.0
2017-01-31 00:00:00+08:00,0.10109685252205344,0.10109685252205344,0.1004878431558609,0.1004878431558609,10000,0.0,0.0
2017-02-01 00:00:00+08:00,0.1004878431558609,0.1004878431558609,0.1004878431558609,0.1004878431558609,0,0.0,0.0
2017-02-02 00:00:00+08:00,0.10048783974841373,0.10962309790736043,0.10048783974841373,0.10840506106615067,64200,0.0,0.0
2017-02-03 00:00:00+08:00,0.10840506106615067,0.10840506106615067,0.10840506106615067,0.10840506106615067,0,0.0,0.0
2017-02-06 00:00:00+08:00,0.10840506106615067,0.10840506106615067,0.10840506106615067,0.10840506106615067,0,0.0,0.0
2017-02-07 00:00:00+08:00,0.10840506106615067,0.10840506106615067,0.10840506106615067,0.10840506106615067,0,0.0,0.0
2017-02-08 00:00:00+08:00,0.10718702524900436,0.10840506210185123,0.10718702524900436,0.10718702524900436,80000,0.0,0.0
2017-02-09 00:00:00+08:00,0.10292390681300131,0.10901408208938525,0.10292390681300131,0.10353292524814606,25100,0.0,0.0
2017-02-10 00:00:00+08:00,0.10475096106529236,0.10475096106529236,0.10475096106529236,0.10475096106529236,1800,0.0,0.0
2017-02-13 00:00:00+08:00,0.10657800580433602,0.10840506106615067,0.10657800580433602,0.10840506106615067,53100,0.0,0.0
2017-02-14 00:00:00+08:00,0.10718702473407979,0.10779604315757751,0.10718702473407979,0.10779604315757751,27500,0.0,0.0
2017-02-15 00:00:00+08:00,0.10779604315757751,0.10779604315757751,0.10779604315757751,0.10779604315757751,0,0.0,0.0
2017-02-16 00:00:00+08:00,0.10840506106615067,0.10840506106615067,0.10840506106615067,0.10840506106615067,58800,0.0,0.0
2017-02-17 00:00:00+08:00,0.10840506106615067,0.10840506106615067,0.10840506106615067,0.10840506106615067,0,0.0,0.0
2017-02-20 00:00:00+08:00,0.1029239073395729,0.1029239073395729,0.1029239073395729,0.1029239073395729,50000,0.0,0.0
2017-02-21 00:00:00+08:00,0.10353292529213784,0.10535997152328491,0.10353292529213784,0.10535997152328491,30600,0.0,0.0
2017-02-22 00:00:00+08:00,0.10718702524900436,0.10718702524900436,0.10718702524900436,0.10718702524900436,29000,0.0,0.0
2017-02-23 00:00:00+08:00,0.10657800734043121,0.10657800734043121,0.10657800734043121,0.10657800734043121,20900,0.0,0.0
2017-02-24 00:00:00+08:00,0.10657800734043121,0.10657800734043121,0.10657800734043121,0.10657800734043121,0,0.0,0.0
2017-02-27 00:00:00+08:00,0.10657800734043121,0.10657800734043121,0.10657800734043121,0.10657800734043121,0,0.0,0.0
2017-02-28 00:00:00+08:00,0.10657800734043121,0.10657800734043121,0.10657800734043121,0.10657800734043121,0,0.0,0.0
2017-03-01 00:00:00+08:00,0.10657800734043121,0.10657800734043121,0.10657800734043121,0.10657800734043121,0,0.0,0.0
2017-03-02 00:00:00+08:00,0.1084050636542405,0.1084050636542405,0.10353292524814606,0.10353292524814606,8500,0.0,0.0
2017-03-03 00:00:00+08:00,0.10353292524814606,0.10353292524814606,0.10353292524814606,0.10353292524814606,0,0.0,0.0
2017-03-06 00:00:00+08:00,0.10657800734043121,0.10657800734043121,0.10657800734043121,0.10657800734043121,32600,0.0,0.0
2017-03-07 00:00:00+08:00,0.10657800734043121,0.1071870257698138,0.10657800734043121,0.10657800734043121,55700,0.0,0.0
2017-03-08 00:00:00+08:00,0.10901407846838135,0.10962309688329697,0.10414194022411949,0.10962309688329697,83700,0.0,0.0
2017-03-09 00:00:00+08:00,0.10596898198127748,0.11814933162227655,0.10596898198127748,0.10596898198127747,1600,0.0,0.0
2017-03-10 00:00:00+08:00,0.10657800734043121,0.1071870257698138,0.10657800734043121,0.10657800734043121,46700,0.0,0.0
2017-03-13 00:00:00+08:00,0.10657800734043121,0.10657800734043121,0.10657800734043121,0.10657800734043121,0,0.0,0.0
2017-03-14 00:00:00+08:00,0.11327719989399371,0.11388621831749143,0.10535996946358663,0.10779604315757751,14100,0.0,0.0
2017-03-15 00:00:00+08:00,0.10779604315757751,0.10779604315757751,0.10779604315757751,0.10779604315757751,58900,0.0,0.0
2017-03-16 00:00:00+08:00,0.1071870257698138,0.1071870257698138,0.10657800734043121,0.10657800734043121,29000,0.0,0.0
2017-03-17 00:00:00+08:00,0.10657800734043121,0.10657800734043121,0.10657800734043121,0.10657800734043121,0,0.0,0.0
2017-03-20 00:00:00+08:00,0.10718702524900436,0.1096230989546981,0.10718702524900436,0.10718702524900436,122000,0.0,0.0
2017-03-21 00:00:00+08:00,0.10718702524900436,0.10779604367542779,0.10718702524900436,0.10718702524900436,37000,0.0,0.0
2017-03-22 00:00:00+08:00,0.10718702524900436,0.10718702524900436,0.10718702524900436,0.10718702524900436,0,0.0,0.0
2017-03-23 00:00:00+08:00,0.10657800839409194,0.10657800839409194,0.10535997152328491,0.10535997152328491,100000,0.0,0.0
2017-03-24 00:00:00+08:00,0.10535997152328491,0.10535997152328491,0.10535997152328491,0.10535997152328491,0,0.0,0.0
2017-03-27 00:00:00+08:00,0.10962310057110954,0.10962310057110954,0.10535997152328491,0.10535997152328491,2100,0.0,0.0
2017-03-28 00:00:00+08:00,0.10596898198127748,0.10596898198127748,0.10596898198127748,0.10596898198127747,10000,0.0,0.0
2017-03-29 00:00:00+08:00,0.10596898198127748,0.10596898198127748,0.10596898198127748,0.10596898198127747,0,0.0,0.0
2017-03-30 00:00:00+08:00,0.10901408213570601,0.10901408213570601,0.10535997152328491,0.10535997152328491,25900,0.0,0.0
2017-03-31 00:00:00+08:00,0.10535997152328491,0.10535997152328491,0.10535997152328491,0.10535997152328491,0,0.0,0.0
2017-04-03 00:00:00+08:00,0.10535997152328491,0.10535997152328491,0.10535997152328491,0.10535997152328491,1000,0.0,0.0
2017-04-04 00:00:00+08:00,0.1041419436832908,0.1041419436832908,0.10353292524814606,0.10353292524814606,12500,0.0,0.0
2017-04-05 00:00:00+08:00,0.10475096106529236,0.10535997041925077,0.10475096106529236,0.10475096106529236,22100,0.0,0.0
2017-04-06 00:00:00+08:00,0.10535996735965983,0.10596898577099609,0.09744274616241455,0.09744274616241455,60500,0.0,0.0
2017-04-07 00:00:00+08:00,0.10353292472465384,0.10414194315671921,0.10353292472465384,0.10414194315671921,10900,0.0,0.0
2017-04-10 00:00:00+08:00,0.10596898198127748,0.10596898198127748,0.10596898198127748,0.10596898198127747,600,0.0,0.0
2017-04-11 00:00:00+08:00,0.10596898198127748,0.10596898198127748,0.10596898198127748,0.10596898198127747,0,0.0,0.0
2017-04-12 00:00:00+08:00,0.10596898198127748,0.10596898198127748,0.10596898198127748,0.10596898198127747,0,0.0,0.0
2017-04-13 00:00:00+08:00,0.10414194263627055,0.10475096106529236,0.10414194263627055,0.10475096106529236,11100,0.0,0.0
2017-04-17 00:00:00+08:00,0.10475096106529236,0.10475096106529236,0.10475096106529236,0.10475096106529236,0,0.0,0.0
2017-04-18 00:00:00+08:00,0.10475096106529236,0.10475096106529236,0.10475096106529236,0.10475096106529236,0,0.0,0.0
2017-04-19 00:00:00+08:00,0.10475096106529236,0.10475096106529236,0.10475096106529236,0.10475096106529236,0,0.0,0.0
2017-04-20 00:00:00+08:00,0.10475095658097364,0.10475095658097364,0.10109684616327286,0.10109684616327286,20000,0.0,0.0
2017-04-21 00:00:00+08:00,0.10109684616327286,0.10109684616327286,0.10109684616327286,0.10109684616327286,0,0.0,0.0
2017-04-24 00:00:00+08:00,0.10779604632865736,0.10779604632865736,0.10231488943099976,0.10231488943099976,600,0.0,0.0
2017-04-25 00:00:00+08:00,0.10231488943099976,0.10231488943099976,0.10231488943099976,0.10231488943099976,0,0.0,0.0
2017-04-26 00:00:00+08:00,0.10231488943099976,0.10231488943099976,0.10231488943099976,0.10231488943099976,0,0.0,0.0
2017-04-27 00:00:00+08:00,0.1029239073395729,0.10353292577783346,0.1029239073395729,0.1029239073395729,18300,0.0,0.0
2017-04-28 00:00:00+08:00,0.10231488943099976,0.10231488943099976,0.10231488943099976,0.10231488943099976,5000,0.0,0.0
2017-05-02 00:00:00+08:00,0.10353292524814606,0.10353292524814606,0.10353292524814606,0.10353292524814606,25800,0.0,0.0
2017-05-03 00:00:00+08:00,0.10109684616327286,0.10109684616327286,0.10109684616327286,0.10109684616327286,31500,0.0,0.0
2017-05-04 00:00:00+08:00,0.10109684616327286,0.10109684616327286,0.10109684616327286,0.10109684616327286,14800,0.0,0.0
2017-05-05 00:00:00+08:00,0.10109685202479124,0.10475096265435457,0.10109685202479124,0.1029239073395729,130800,0.0,0.0
2017-05-08 00:00:00+08:00,0.10475096106529236,0.10475096106529236,0.10475096106529236,0.10475096106529236,12900,0.0,0.0
2017-05-09 00:00:00+08:00,0.10475096106529236,0.10475096106529236,0.10475096106529236,0.10475096106529236,30000,0.0,0.0
2017-05-11 00:00:00+08:00,0.10475096106529236,0.10475096106529236,0.10475096106529236,0.10475096106529236,0,0.0,0.0
2017-05-12 00:00:00+08:00,0.10475096106529236,0.10475096106529236,0.10475096106529236,0.10475096106529236,0,0.0,0.0
2017-05-15 00:00:00+08:00,0.10109685415956028,0.10109685415956028,0.09866078943014145,0.09866078943014145,65700,0.0,0.0
2017-05-16 00:00:00+08:00,0.10292390577822694,0.10475096106529236,0.10231488734920514,0.10475096106529236,50100,0.0,0.0
2017-05-17 00:00:00+08:00,0.10048784369179195,0.10048784369179195,0.09987882524728775,0.09987882524728775,15000,0.0,0.0
2017-05-18 00:00:00+08:00,0.09987882524728775,0.09987882524728775,0.09987882524728775,0.09987882524728775,0,0.0,0.0
2017-05-19 00:00:00+08:00,0.10231489050261151,0.10292390895040364,0.0992698073387146,0.0992698073387146,86000,0.0,0.0
2017-05-22 00:00:00+08:00,0.09987882524728775,0.09987882524728775,0.09987882524728775,0.09987882524728775,5000,0.0,0.0
2017-05-23 00:00:00+08:00,0.09987882524728775,0.09987882524728775,0.09987882524728775,0.09987882524728775,0,0.0,0.0
2017-05-24 00:00:00+08:00,0.10109684616327286,0.10109684616327286,0.10109684616327286,0.10109684616327286,30000,0.0,0.0
2017-05-25 00:00:00+08:00,0.10657800219670134,0.10657800219670134,0.10170586407184602,0.10170586407184601,59800,0.0,0.0
2017-05-26 00:00:00+08:00,0.10170587096330956,0.10170587096330956,0.09926980627334867,0.1004878431558609,161300,0.0,0.0
2017-05-29 00:00:00+08:00,0.1004878431558609,0.1004878431558609,0.1004878431558609,0.1004878431558609,0,0.0,0.0
2017-05-30 00:00:00+08:00,0.1004878431558609,0.1004878431558609,0.1004878431558609,0.1004878431558609,0,0.0,0.0
2017-05-31 00:00:00+08:00,0.1004878431558609,0.1004878431558609,0.1004878431558609,0.1004878431558609,0,0.0,0.0
2017-06-01 00:00:00+08:00,0.101705866660692,0.11145014315843582,0.101705866660692,0.11145014315843582,73300,0.0,0.0
2017-06-02 00:00:00+08:00,0.10657800734043121,0.10657800734043121,0.10657800734043121,0.10657800734043121,34300,0.0,0.0
2017-06-05 00:00:00+08:00,0.10353292631382668,0.10353292631382668,0.10231488943099976,0.10231488943099976,17200,0.0,0.0
2017-06-06 00:00:00+08:00,0.10231488786052309,0.10840506310611335,0.10231488786052309,0.10414194315671921,73300,0.0,0.0
2017-06-07 00:00:00+08:00,0.1041419436832908,0.1041419436832908,0.10353292524814606,0.10353292524814606,105000,0.0,0.0
2017-06-08 00:00:00+08:00,0.10353292577783346,0.10353292577783346,0.10109685202479124,0.1029239073395729,56600,0.0,0.0
2017-06-09 00:00:00+08:00,0.1029239073395729,0.10475096265435457,0.1029239073395729,0.1029239073395729,84200,0.0,0.0
2017-06-12 00:00:00+08:00,0.10414193379866928,0.11084111779928207,0.10414193379866928,0.11084111779928207,165200,0.0,0.0
2017-06-13 00:00:00+08:00,0.11084111779928207,0.11084111779928207,0.11084111779928207,0.11084111779928207,0,0.0,0.0
2017-06-14 00:00:00+08:00,0.11084111779928207,0.11084111779928207,0.11084111779928207,0.11084111779928207,0,0.0,0.0
2017-06-15 00:00:00+08:00,0.11084111779928207,0.11084111779928207,0.11084111779928207,0.11084111779928207,0,0.0,0.0
2017-06-16 00:00:00+08:00,0.1029239058391991,0.10657800734043121,0.1029239058391991,0.10657800734043121,26000,0.0,0.0
2017-06-19 00:00:00+08:00,0.10657800734043121,0.10657800734043121,0.10657800734043121,0.10657800734043121,0,0.0,0.0
2017-06-20 00:00:00+08:00,0.10657800889407272,0.10657800889407272,0.10231488890131235,0.1029239073395729,20100,0.0,0.0
2017-06-21 00:00:00+08:00,0.1029239073395729,0.1029239073395729,0.1029239073395729,0.1029239073395729,0,0.0,0.0
2017-06-22 00:00:00+08:00,0.10292390681300131,0.10353292524814606,0.10292390681300131,0.10353292524814606,77300,0.0,0.0
2017-06-23 00:00:00+08:00,0.10353292631382668,0.10353292631382668,0.10231488943099976,0.10231488943099976,81000,0.0,0.0
2017-06-27 00:00:00+08:00,0.10353292524814606,0.10353292524814606,0.10353292524814606,0.10353292524814606,44900,0.0,0.0
2017-06-28 00:00:00+08:00,0.10353292524814606,0.10353292524814606,0.10353292524814606,0.10353292524814606,0,0.0,0.0
2017-06-29 00:00:00+08:00,0.10353292631382668,0.10353292631382668,0.10231488943099976,0.10231488943099976,56100,0.0,0.0
2017-06-30 00:00:00+08:00,0.10170586456622298,0.10170586456622298,0.10109684616327286,0.10109684616327286,9000,0.0,0.0
2017-07-03 00:00:00+08:00,0.0992698073387146,0.0992698073387146,0.0992698073387146,0.0992698073387146,49500,0.0,0.0
2017-07-04 00:00:00+08:00,0.0992698073387146,0.0992698073387146,0.0992698073387146,0.0992698073387146,34200,0.0,0.0
2017-07-05 00:00:00+08:00,0.0992698073387146,0.0992698073387146,0.0992698073387146,0.0992698073387146,700,0.0,0.0
2017-07-06 00:00:00+08:00,0.0992698073387146,0.0992698073387146,0.0992698073387146,0.0992698073387146,2500,0.0,0.0
2017-07-07 00:00:00+08:00,0.10048783683538572,0.10109684616327286,0.10048783683538572,0.10109684616327286,105500,0.0,0.0
2017-07-10 00:00:00+08:00,0.09987882270818131,0.10475096106529236,0.0992698042791595,0.10475096106529236,88900,0.0,0.0
2017-07-11 00:00:00+08:00,0.10353292524814606,0.10353292524814606,0.10353292524814606,0.10353292524814606,3500,0.0,0.0
2017-07-12 00:00:00+08:00,0.10048784214748582,0.10353292524814606,0.10048784214748582,0.10353292524814606,56000,0.0,0.0
2017-07-13 00:00:00+08:00,0.1023148824718358,0.1023148824718358,0.10170586407184602,0.10170586407184601,60000,0.0,0.0
2017-07-14 00:00:00+08:00,0.1017058715057367,0.1017058715057367,0.09987882524728775,0.09987882524728775,54700,0.0,0.0
2017-07-17 00:00:00+08:00,0.10048784369179195,0.10048784369179195,0.09987882524728775,0.09987882524728775,23900,0.0,0.0
2017-07-18 00:00:00+08:00,0.1004878431558609,0.1004878431558609,0.1004878431558609,0.1004878431558609,22900,0.0,0.0
2017-07-19 00:00:00+08:00,0.1004878431558609,0.1004878431558609,0.1004878431558609,0.1004878431558609,20000,0.0,0.0
2017-07-20 00:00:00+08:00,0.10231488943099976,0.10231488943099976,0.10231488943099976,0.10231488943099976,500,0.0,0.0
2017-07-21 00:00:00+08:00,0.10231488943099976,0.10231488943099976,0.10231488943099976,0.10231488943099976,0,0.0,0.0
2017-07-24 00:00:00+08:00,0.09987882524728775,0.09987882524728775,0.09987882524728775,0.09987882524728775,24000,0.0,0.0
2017-07-25 00:00:00+08:00,0.09987882524728775,0.09987882524728775,0.09987882524728775,0.09987882524728775,0,0.0,0.0
2017-07-26 00:00:00+08:00,0.09987882524728775,0.09987882524728775,0.09987882524728775,0.09987882524728775,8000,0.0,0.0
2017-07-27 00:00:00+08:00,0.0992698073387146,0.0992698073387146,0.0992698073387146,0.0992698073387146,7000,0.0,0.0
2017-07-28 00:00:00+08:00,0.09987882524728775,0.09987882524728775,0.09987882524728775,0.09987882524728775,60000,0.0,0.0
2017-07-31 00:00:00+08:00,0.09987882524728775,0.09987882524728775,0.09866078835827938,0.09987882524728775,117900,0.0,0.0
2017-08-01 00:00:00+08:00,0.0992698073387146,0.0992698073387146,0.0992698073387146,0.0992698073387146,50000,0.0,0.0
2017-08-02 00:00:00+08:00,0.0992698073387146,0.0992698073387146,0.09744275199533824,0.0992698073387146,43600,0.0,0.0
2017-08-03 00:00:00+08:00,0.10048784022573146,0.10962309842807068,0.10048784022573146,0.10779604315757751,119500,0.0,0.0
2017-08-04 00:00:00+08:00,0.10353292524814606,0.10475096211843554,0.10353292524814606,0.10353292524814606,108000,0.0,0.0
2017-08-07 00:00:00+08:00,0.10109684616327286,0.10475095658097364,0.10109684616327286,0.10109684616327286,25800,0.0,0.0
2017-08-08 00:00:00+08:00,0.10109684616327286,0.10109684616327286,0.10109684616327286,0.10109684616327286,0,0.0,0.0
2017-08-10 00:00:00+08:00,0.09987882524728775,0.09987882524728775,0.09987882524728775,0.09987882524728775,7000,0.0,0.0
2017-08-11 00:00:00+08:00,0.09987882524728775,0.09987882524728775,0.09987882524728775,0.09987882524728775,0,0.0,0.0
2017-08-14 00:00:00+08:00,0.0992698073387146,0.0992698073387146,0.0992698073387146,0.0992698073387146,10000,0.0,0.0
2017-08-15 00:00:00+08:00,0.09866078889092247,0.09987882578650671,0.09866078889092247,0.0992698073387146,24400,0.0,0.0
2017-08-16 00:00:00+08:00,0.09805177152156831,0.09805177152156831,0.09805177152156831,0.0980517715215683,10800,0.0,0.0
2017-08-17 00:00:00+08:00,0.09866078943014145,0.09926980788126208,0.0980517709790208,0.09866078943014145,28600,0.0,0.0
2017-08-18 00:00:00+08:00,0.09866078943014145,0.09866078943014145,0.09866078943014145,0.09866078943014145,26400,0.0,0.0
2017-08-21 00:00:00+08:00,0.09866078783209255,0.1004878431558609,0.09744275094958031,0.1004878431558609,32000,0.0,0.0
2017-08-22 00:00:00+08:00,0.09805176941616908,0.10231488943099976,0.09805176941616908,0.10231488943099976,3200,0.0,0.0
2017-08-23 00:00:00+08:00,0.10231488890131235,0.10353292577783346,0.10231488890131235,0.1029239073395729,120400,0.0,0.0
2017-08-24 00:00:00+08:00,0.10170586892018334,0.10475096106529236,0.10170586892018334,0.10475096106529236,80600,0.0,0.0
2017-08-25 00:00:00+08:00,0.09987882524728775,0.09987882524728775,0.09987882524728775,0.09987882524728775,1000,0.0,0.0
2017-08-28 00:00:00+08:00,0.09987882524728775,0.09987882524728775,0.09987882524728775,0.09987882524728775,0,0.0,0.0
2017-08-29 00:00:00+08:00,0.0986607863431943,0.10414194315671921,0.09805176791112893,0.10414194315671921,87500,0.0,0.0
2017-08-30 00:00:00+08:00,0.09987882524728775,0.09987882524728775,0.09987882524728775,0.09987882524728775,15000,0.0,0.0
2017-08-31 00:00:00+08:00,0.09987882474040947,0.10475096319665361,0.09987882474040947,0.10231488943099976,134200,0.0,0.0
2017-09-04 00:00:00+08:00,0.10231488943099976,0.10231488943099976,0.10231488943099976,0.10231488943099976,0,0.0,0.0
2017-09-05 00:00:00+08:00,0.09987882524728775,0.10048784369179195,0.09987882524728775,0.09987882524728775,49700,0.0,0.0
2017-09-06 00:00:00+08:00,0.09926980788126208,0.09926980788126208,0.09866078943014145,0.09866078943014145,20800,0.0,0.0
2017-09-07 00:00:00+08:00,0.09866078943014145,0.09866078943014145,0.09866078943014145,0.09866078943014145,0,0.0,0.0
2017-09-08 00:00:00+08:00,0.09866078943014145,0.09866078943014145,0.09866078943014145,0.09866078943014145,0,0.0,0.0
2017-09-11 00:00:00+08:00,0.09926980527719634,0.10535997147851679,0.09926980527719634,0.10353292524814606,50900,0.0,0.0
2017-09-12 00:00:00+08:00,0.1004878431558609,0.1004878431558609,0.1004878431558609,0.1004878431558609,6000,0.0,0.0
2017-09-13 00:00:00+08:00,0.10048784113720312,0.10475096106529236,0.10048784113720312,0.10475096106529236,63800,0.0,0.0
2017-09-14 00:00:00+08:00,0.1004878431558609,0.1004878431558609,0.1004878431558609,0.1004878431558609,8500,0.0,0.0
2017-09-15 00:00:00+08:00,0.10170586407184602,0.10170586407184602,0.10170586407184602,0.10170586407184601,2000,0.0,0.0
2017-09-18 00:00:00+08:00,0.10231488943099976,0.10231488943099976,0.10170587098958629,0.10231488943099976,87500,0.0,0.0
2017-09-19 00:00:00+08:00,0.10109685254817283,0.10231488943099976,0.10109685254817283,0.10231488943099976,30300,0.0,0.0
2017-09-20 00:00:00+08:00,0.10231488943099976,0.10231488943099976,0.10231488943099976,0.10231488943099976,15800,0.0,0.0
2017-09-21 00:00:00+08:00,0.10231488943099976,0.10231488943099976,0.10231488943099976,0.10231488943099976,0,0.0,0.0
2017-09-22 00:00:00+08:00,0.10109684616327286,0.10109684616327286,0.10109684616327286,0.10109684616327286,207300,0.0,0.0
2017-09-25 00:00:00+08:00,0.10231488943099976,0.10231488943099976,0.10231488943099976,0.10231488943099976,50000,0.0,0.0
2017-09-26 00:00:00+08:00,0.10109685254817283,0.10231488943099976,0.10109685254817283,0.10231488943099976,26000,0.0,0.0
2017-09-27 00:00:00+08:00,0.10231488943099976,0.10231488943099976,0.10231488943099976,0.10231488943099976,0,0.0,0.0
2017-09-28 00:00:00+08:00,0.10292390787241322,0.10353292631382668,0.10231488943099976,0.10231488943099976,101800,0.0,0.0
2017-09-29 00:00:00+08:00,0.10231488786052309,0.10414194315671921,0.10231488786052309,0.10414194315671921,163500,0.0,0.0
2017-10-02 00:00:00+08:00,0.1132771889773419,0.11449521663189133,0.11084111551811819,0.11388620734214783,422900,0.0,0.0
2017-10-03 00:00:00+08:00,0.11145014315843582,0.11145014315843582,0.11145014315843582,0.11145014315843582,20000,0.0,0.0
2017-10-04 00:00:00+08:00,0.10840506015603957,0.11145014315843582,0.10840506015603957,0.11145014315843582,93400,0.0,0.0
2017-10-05 00:00:00+08:00,0.1065780003708337,0.1065780003708337,0.10596898198127748,0.10596898198127747,10600,0.0,0.0
2017-10-06 00:00:00+08:00,0.10596898198127748,0.10596898198127748,0.10596898198127748,0.10596898198127747,0,0.0,0.0
2017-10-09 00:00:00+08:00,0.11449522605249565,0.11449522605249565,0.10962309688329697,0.10962309688329697,28000,0.0,0.0
2017-10-10 00:00:00+08:00,0.10962309688329697,0.10962309688329697,0.10962309688329697,0.10962309688329697,0,0.0,0.0
2017-10-11 00:00:00+08:00,0.11510424654374513,0.12180344015359879,0.11084112663749765,0.12180344015359879,21100,0.0,0.0
2017-10-12 00:00:00+08:00,0.13093869839199526,0.13093869839199526,0.12180344015359879,0.12180344015359879,13200,0.0,0.0
2017-10-13 00:00:00+08:00,0.12180344981890182,0.13093870878219604,0.12180344981890182,0.13093870878219604,279300,0.0,0.0
2017-10-16 00:00:00+08:00,0.1309387064816165,0.14311904852698012,0.12484853092140274,0.13702887296676636,375000,0.0,0.0
2017-10-17 00:00:00+08:00,0.13398376569013432,0.1431190228542372,0.13398376569013432,0.14007394015789032,311400,0.0,0.0
2017-10-19 00:00:00+08:00,0.14007394015789032,0.14007394015789032,0.14007394015789032,0.14007394015789032,391300,0.0,0.0
2017-10-20 00:00:00+08:00,0.14007394015789032,0.14007394015789032,0.14007394015789032,0.14007394015789032,216000,0.0,0.0
2017-10-23 00:00:00+08:00,0.14311903626200362,0.14616411924362183,0.14007395328038538,0.14616411924362183,167500,0.0,0.0
2017-10-24 00:00:00+08:00,0.14616412015187685,0.14616412015187685,0.14311903715133667,0.14311903715133667,112000,0.0,0.0
2017-10-25 00:00:00+08:00,0.14311903715133667,0.14616412015187685,0.14311903715133667,0.14311903715133667,58600,0.0,0.0
2017-10-26 00:00:00+08:00,0.14616412015187685,0.14616412015187685,0.14311903715133667,0.14311903715133667,88900,0.0,0.0
2017-10-27 00:00:00+08:00,0.14311903715133667,0.14311903715133667,0.1400739541507965,0.14311903715133667,15000,0.0,0.0
2017-10-30 00:00:00+08:00,0.14616412015187685,0.14616412015187685,0.13398377907465292,0.14311903715133667,16400,0.0,0.0
2017-10-31 00:00:00+08:00,0.14311903715133667,0.14311903715133667,0.1400739541507965,0.14311903715133667,15000,0.0,0.0
2017-11-01 00:00:00+08:00,0.14616412015187685,0.14616412015187685,0.14311903715133667,0.14311903715133667,52800,0.0,0.0
2017-11-02 00:00:00+08:00,0.14616412407963633,0.14920921623706818,0.14007395791489946,0.14920921623706818,122000,0.0,0.0
2017-11-03 00:00:00+08:00,0.14007394015789032,0.14616410555058407,0.12484850852603141,0.14007394015789032,77000,0.0,0.0
2017-11-06 00:00:00+08:00,0.1400739652844052,0.1400739652844052,0.13702887296676636,0.13702887296676636,123700,0.0,0.0
2017-11-07 00:00:00+08:00,0.14007395791489946,0.14920921623706818,0.14007395791489946,0.14920921623706818,269200,0.0,0.0
2017-11-08 00:00:00+08:00,0.14920921130030318,0.14920921130030318,0.14311903626200362,0.14616411924362183,101200,0.0,0.0
2017-11-09 00:00:00+08:00,0.14616412015187685,0.14616412015187685,0.14311903715133667,0.14311903715133667,20300,0.0,0.0
2017-11-10 00:00:00+08:00,0.14616412015187685,0.14616412015187685,0.1400739541507965,0.14311903715133667,218600,0.0,0.0
2017-11-13 00:00:00+08:00,0.14311903715133667,0.14311903715133667,0.14311903715133667,0.14311903715133667,126900,0.0,0.0
2017-11-14 00:00:00+08:00,0.1431190228542372,0.1431190228542372,0.14007394015789032,0.14007394015789032,154000,0.0,0.0
2017-11-15 00:00:00+08:00,0.14007394015789032,0.14007394015789032,0.14007394015789032,0.14007394015789032,40000,0.0,0.0
2017-11-16 00:00:00+08:00,0.1400739652844052,0.1400739652844052,0.13702887296676636,0.13702887296676636,54900,0.0,0.0
2017-11-17 00:00:00+08:00,0.13398378972419142,0.13702887296676636,0.13398378972419142,0.13702887296676636,1300,0.0,0.0
2017-11-20 00:00:00+08:00,0.13702886122370403,0.14616411924362183,0.13702886122370403,0.14616411924362183,76900,0.0,0.0
2017-11-21 00:00:00+08:00,0.14616411924362183,0.14616411924362183,0.14616411924362183,0.14616411924362183,0,0.0,0.0
2017-11-22 00:00:00+08:00,0.14616412015187685,0.14616412015187685,0.1400739541507965,0.14311903715133667,143300,0.0,0.0
2017-11-23 00:00:00+08:00,0.13702886122370403,0.14616411924362183,0.13702886122370403,0.14616411924362183,19000,0.0,0.0
2017-11-24 00:00:00+08:00,0.14616411924362183,0.14616411924362183,0.14616411924362183,0.14616411924362183,0,0.0,0.0
2017-11-27 00:00:00+08:00,0.1431190228542372,0.1431190228542372,0.14007394015789032,0.14007394015789032,176900,0.0,0.0
2017-11-28 00:00:00+08:00,0.1400739652844052,0.1400739652844052,0.13702887296676636,0.13702887296676636,55000,0.0,0.0
2017-11-29 00:00:00+08:00,0.13702887296676636,0.13702887296676636,0.13702887296676636,0.13702887296676636,0,0.0,0.0
2017-11-30 00:00:00+08:00,0.13702887296676636,0.13702887296676636,0.13702887296676636,0.13702887296676636,0,0.0,0.0
2017-12-01 00:00:00+08:00,0.13702887296676636,0.13702887296676636,0.13702887296676636,0.13702887296676636,0,0.0,0.0
2017-12-04 00:00:00+08:00,0.13702887296676636,0.13702887296676636,0.13702887296676636,0.13702887296676636,0,0.0,0.0
2017-12-05 00:00:00+08:00,0.13398376569013432,0.14007394015789032,0.13398376569013432,0.14007394015789032,21900,0.0,0.0
2017-12-06 00:00:00+08:00,0.14007394015789032,0.14007394015789032,0.14007394015789032,0.14007394015789032,0,0.0,0.0
2017-12-07 00:00:00+08:00,0.13398376569013432,0.14007394015789032,0.13093868299378744,0.14007394015789032,23500,0.0,0.0
2017-12-08 00:00:00+08:00,0.13398378972419142,0.1400739652844052,0.13398378972419142,0.13702887296676636,42500,0.0,0.0
2017-12-11 00:00:00+08:00,0.14007394015789032,0.14007394015789032,0.13093868299378744,0.14007394015789032,25200,0.0,0.0
2017-12-12 00:00:00+08:00,0.12789361641105526,0.13093870878219604,0.12789361641105526,0.13093870878219604,23200,0.0,0.0
2017-12-13 00:00:00+08:00,0.1278936117887497,0.1278936117887497,0.1278936117887497,0.1278936117887497,17200,0.0,0.0
2017-12-14 00:00:00+08:00,0.1278936117887497,0.1278936117887497,0.1278936117887497,0.1278936117887497,0,0.0,0.0
2017-12-15 00:00:00+08:00,0.13093870878219604,0.13093870878219604,0.12789361641105526,0.13093870878219604,70000,0.0,0.0
2017-12-18 00:00:00+08:00,0.13093870878219604,0.13093870878219604,0.13093870878219604,0.13093870878219604,0,0.0,0.0
2017-12-19 00:00:00+08:00,0.12484853311497854,0.13093870878219604,0.12484853311497854,0.13093870878219604,54900,0.0,0.0
2017-12-20 00:00:00+08:00,0.13093870878219604,0.13093870878219604,0.13093870878219604,0.13093870878219604,0,0.0,0.0
2017-12-21 00:00:00+08:00,0.1278936032037862,0.14616411924362183,0.1278936032037862,0.14616411924362183,13300,0.0,0.0
2017-12-22 00:00:00+08:00,0.14616411924362183,0.14616411924362183,0.14616411924362183,0.14616411924362183,0,0.0,0.0
2017-12-26 00:00:00+08:00,0.14616411924362183,0.14616411924362183,0.14616411924362183,0.14616411924362183,0,0.0,0.0
2017-12-27 00:00:00+08:00,0.14616411924362183,0.14616411924362183,0.14616411924362183,0.14616411924362183,0,0.0,0.0
2017-12-28 00:00:00+08:00,0.1370288483864812,0.1431190228542372,0.13398376569013432,0.14007394015789032,121300,0.0,0.0
2017-12-29 00:00:00+08:00,0.1400739541507965,0.14311903715133667,0.1400739541507965,0.14311903715133667,5100,0.0,0.0
2018-01-02 00:00:00+08:00,0.14007395328038538,0.14616411924362183,0.14007395328038538,0.14616411924362183,342000,0.0,0.0
2018-01-03 00:00:00+08:00,0.14616412015187685,0.14616412015187685,0.14311903715133667,0.14311903715133667,366600,0.0,0.0
2018-01-04 00:00:00+08:00,0.14947989583015442,0.14947989583015442,0.14629947553964054,0.14947989583015442,54000,0.01,0.0
2018-01-05 00:00:00+08:00,0.14629946289924847,0.14629946289924847,0.13675819337368011,0.13675819337368011,220400,0.0,0.0
2018-01-08 00:00:00+08:00,0.1399386078119278,0.1399386078119278,0.1399386078119278,0.1399386078119278,24300,0.0,0.0
2018-01-09 00:00:00+08:00,0.13675820553156906,0.13993862583003341,0.12721693515777588,0.12721693515777588,30400,0.0,0.0
2018-01-10 00:00:00+08:00,0.12721693515777588,0.12721693515777588,0.12721693515777588,0.12721693515777588,0,0.0,0.0
2018-01-11 00:00:00+08:00,0.13357776387955778,0.13675819337368011,0.13357776387955778,0.13675819337368011,55100,0.0,0.0
2018-01-12 00:00:00+08:00,0.1399386078119278,0.1399386078119278,0.1399386078119278,0.1399386078119278,83800,0.0,0.0
2018-01-15 00:00:00+08:00,0.1399386078119278,0.1399386078119278,0.1399386078119278,0.1399386078119278,0,0.0,0.0
2018-01-16 00:00:00+08:00,0.13675819337368011,0.14311903340512613,0.13675819337368011,0.13675819337368011,15800,0.0,0.0
2018-01-17 00:00:00+08:00,0.1399386078119278,0.1399386078119278,0.1399386078119278,0.1399386078119278,21500,0.0,0.0
2018-01-18 00:00:00+08:00,0.13675819337368011,0.13675819337368011,0.13675819337368011,0.13675819337368011,30000,0.0,0.0
2018-01-19 00:00:00+08:00,0.13357776387955778,0.13675819337368011,0.13357776387955778,0.13675819337368011,69300,0.0,0.0
2018-01-22 00:00:00+08:00,0.13675819337368011,0.13675819337368011,0.13675819337368011,0.13675819337368011,200500,0.0,0.0
2018-01-23 00:00:00+08:00,0.1399386078119278,0.14311902770089013,0.13675818792296546,0.1399386078119278,112900,0.0,0.0
2018-01-24 00:00:00+08:00,0.1399386078119278,0.1399386078119278,0.1399386078119278,0.1399386078119278,72200,0.0,0.0
2018-01-25 00:00:00+08:00,0.13675818792296546,0.1399386078119278,0.13675818792296546,0.1399386078119278,22300,0.0,0.0
2018-01-26 00:00:00+08:00,0.13675819337368011,0.13675819337368011,0.13675819337368011,0.13675819337368011,82000,0.0,0.0
2018-01-29 00:00:00+08:00,0.13675819337368011,0.13675819337368011,0.13675819337368011,0.13675819337368011,5100,0.0,0.0
2018-01-30 00:00:00+08:00,0.13675819337368011,0.13675819337368011,0.13675819337368011,0.13675819337368011,0,0.0,0.0
2018-01-31 00:00:00+08:00,0.13675819337368011,0.13675819337368011,0.13675819337368011,0.13675819337368011,26300,0.0,0.0
2018-02-01 00:00:00+08:00,0.1399386078119278,0.1399386078119278,0.1399386078119278,0.1399386078119278,20000,0.0,0.0
2018-02-02 00:00:00+08:00,0.13675819695339253,0.14311903715133667,0.13675819695339253,0.14311903715133667,3400,0.0,0.0
2018-02-05 00:00:00+08:00,0.14311903715133667,0.14311903715133667,0.14311903715133667,0.14311903715133667,6500,0.0,0.0
2018-02-06 00:00:00+08:00,0.14311903715133667,0.14311903715133667,0.14311903715133667,0.14311903715133667,0,0.0,0.0
2018-02-07 00:00:00+08:00,0.14311903715133667,0.14311903715133667,0.14311903715133667,0.14311903715133667,0,0.0,0.0
2018-02-08 00:00:00+08:00,0.13357776737602092,0.14311903715133667,0.13357776737602092,0.14311903715133667,37000,0.0,0.0
2018-02-09 00:00:00+08:00,0.13357776403427124,0.13357776403427124,0.13357776403427124,0.13357776403427124,17000,0.0,0.0
2018-02-12 00:00:00+08:00,0.13357776403427124,0.13357776403427124,0.13357776403427124,0.13357776403427124,0,0.0,0.0
2018-02-13 00:00:00+08:00,0.13357776387955778,0.13675819337368011,0.13357776387955778,0.13675819337368011,69000,0.0,0.0
2018-02-14 00:00:00+08:00,0.13675819337368011,0.13675819337368011,0.13675819337368011,0.13675819337368011,0,0.0,0.0
2018-02-15 00:00:00+08:00,0.13675819337368011,0.13675819337368011,0.13675819337368011,0.13675819337368011,0,0.0,0.0
2018-02-19 00:00:00+08:00,0.13357776403427124,0.13357776403427124,0.13357776403427124,0.13357776403427124,38300,0.0,0.0
2018-02-20 00:00:00+08:00,0.13357776403427124,0.13357776403427124,0.13357776403427124,0.13357776403427124,7300,0.0,0.0
2018-02-21 00:00:00+08:00,0.13357776403427124,0.13357776403427124,0.13357776403427124,0.13357776403427124,0,0.0,0.0
2018-02-22 00:00:00+08:00,0.1399386170523646,0.14311903715133667,0.13357776737602092,0.14311903715133667,48300,0.0,0.0
2018-02-23 00:00:00+08:00,0.1335777585556042,0.1399386078119278,0.1335777585556042,0.1399386078119278,51300,0.0,0.0
2018-02-26 00:00:00+08:00,0.13675819337368011,0.13675819337368011,0.13675819337368011,0.13675819337368011,42500,0.0,0.0
2018-02-27 00:00:00+08:00,0.13675819337368011,0.13675819337368011,0.13675819337368011,0.13675819337368011,0,0.0,0.0
2018-02-28 00:00:00+08:00,0.13675819337368011,0.13675819337368011,0.13675819337368011,0.13675819337368011,41700,0.0,0.0
2018-03-01 00:00:00+08:00,0.13675819337368011,0.13675819337368011,0.13675819337368011,0.13675819337368011,0,0.0,0.0
2018-03-02 00:00:00+08:00,0.13675819337368011,0.13675819337368011,0.13675819337368011,0.13675819337368011,0,0.0,0.0
2018-03-05 00:00:00+08:00,0.13675819337368011,0.13675819337368011,0.13675819337368011,0.13675819337368011,0,0.0,0.0
2018-03-06 00:00:00+08:00,0.13039734401486458,0.13357776403427124,0.1272169239954579,0.13357776403427124,25000,0.0,0.0
2018-03-07 00:00:00+08:00,0.13357776403427124,0.13357776403427124,0.13357776403427124,0.13357776403427124,0,0.0,0.0
2018-03-08 00:00:00+08:00,0.13357776403427124,0.13357776403427124,0.13357776403427124,0.13357776403427124,0,0.0,0.0
2018-03-09 00:00:00+08:00,0.12721693524570665,0.12721693524570665,0.1265808492898941,0.1265808492898941,8000,0.0,0.0
2018-03-12 00:00:00+08:00,0.1265808492898941,0.1265808492898941,0.1265808492898941,0.1265808492898941,0,0.0,0.0
2018-03-13 00:00:00+08:00,0.1265808492898941,0.1265808492898941,0.1265808492898941,0.1265808492898941,0,0.0,0.0
2018-03-14 00:00:00+08:00,0.1265808492898941,0.1265808492898941,0.1265808492898941,0.1265808492898941,0,0.0,0.0
2018-03-15 00:00:00+08:00,0.1265808492898941,0.1265808492898941,0.1265808492898941,0.1265808492898941,0,0.0,0.0
2018-03-16 00:00:00+08:00,0.1265808492898941,0.1265808492898941,0.1265808492898941,0.1265808492898941,0,0.0,0.0
2018-03-19 00:00:00+08:00,0.12530867755413055,0.12530867755413055,0.12530867755413055,0.12530867755413055,20000,0.0,0.0
2018-03-20 00:00:00+08:00,0.12530867755413055,0.12530867755413055,0.12530867755413055,0.12530867755413055,0,0.0,0.0
2018-03-21 00:00:00+08:00,0.13039734386383475,0.13675819337368011,0.12721692384811176,0.13675819337368011,10000,0.0,0.0
2018-03-22 00:00:00+08:00,0.13675819337368011,0.13675819337368011,0.13675819337368011,0.13675819337368011,0,0.0,0.0
2018-03-23 00:00:00+08:00,0.1399386078119278,0.1399386078119278,0.1399386078119278,0.1399386078119278,300,0.0,0.0
2018-03-26 00:00:00+08:00,0.1399386078119278,0.1399386078119278,0.1399386078119278,0.1399386078119278,0,0.0,0.0
2018-03-27 00:00:00+08:00,0.12276434153318405,0.12276434153318405,0.12212825558514476,0.12276434153318405,2600,0.0,0.0
2018-03-28 00:00:00+08:00,0.12149216222282228,0.12340041995048523,0.12149216222282228,0.12340041995048523,59000,0.0,0.0
2018-03-29 00:00:00+08:00,0.12340041995048523,0.12340041995048523,0.12340041995048523,0.12340041995048523,0,0.0,0.0
2018-04-02 00:00:00+08:00,0.11894782822708375,0.12085607647895813,0.11831174231699246,0.12085607647895813,16300,0.0,0.0
2018-04-03 00:00:00+08:00,0.12594476333408153,0.1265808492898941,0.12594476333408153,0.1265808492898941,9000,0.0,0.0
2018-04-04 00:00:00+08:00,0.1265808492898941,0.1265808492898941,0.1265808492898941,0.1265808492898941,0,0.0,0.0
2018-04-05 00:00:00+08:00,0.1265808492898941,0.1265808492898941,0.1265808492898941,0.1265808492898941,0,0.0,0.0
2018-04-06 00:00:00+08:00,0.1265808492898941,0.1265808492898941,0.1265808492898941,0.1265808492898941,0,0.0,0.0
2018-04-09 00:00:00+08:00,0.1265808492898941,0.1265808492898941,0.1265808492898941,0.1265808492898941,0,0.0,0.0
2018-04-10 00:00:00+08:00,0.1265808492898941,0.1265808492898941,0.1265808492898941,0.1265808492898941,0,0.0,0.0
2018-04-11 00:00:00+08:00,0.13039734386383475,0.13675819337368011,0.11767565432254339,0.13675819337368011,10500,0.0,0.0
2018-04-12 00:00:00+08:00,0.12721693515777588,0.12721693515777588,0.12721693515777588,0.12721693515777588,68000,0.0,0.0
2018-04-13 00:00:00+08:00,0.12721693515777588,0.12721693515777588,0.12721693515777588,0.12721693515777588,0,0.0,0.0
2018-04-16 00:00:00+08:00,0.12721693515777588,0.12721693515777588,0.12149217103781992,0.12721693515777588,211300,0.0,0.0
2018-04-17 00:00:00+08:00,0.12721692944049118,0.13357776975155594,0.12721692944049118,0.13039734959602356,48800,0.0,0.0
2018-04-18 00:00:00+08:00,0.13039734959602356,0.13039734959602356,0.13039734959602356,0.13039734959602356,10200,0.0,0.0
2018-04-19 00:00:00+08:00,0.13357776975155594,0.13357776975155594,0.13039734959602356,0.13039734959602356,52900,0.0,0.0
2018-04-20 00:00:00+08:00,0.13675819938548803,0.13675819938548803,0.13039734959602356,0.13039734959602356,44000,0.0,0.0
2018-04-23 00:00:00+08:00,0.13039734959602356,0.13039734959602356,0.13039734959602356,0.13039734959602356,0,0.0,0.0
2018-04-24 00:00:00+08:00,0.13357777575470456,0.13357777575470456,0.12721693515777588,0.12721693515777588,10900,0.0,0.0
2018-04-25 00:00:00+08:00,0.12721693515777588,0.12721693515777588,0.12721693515777588,0.12721693515777588,6000,0.0,0.0
2018-04-26 00:00:00+08:00,0.12721693515777588,0.12721693515777588,0.12721693515777588,0.12721693515777588,34300,0.0,0.0
2018-04-27 00:00:00+08:00,0.12721693515777588,0.12721693515777588,0.12721693515777588,0.12721693515777588,0,0.0,0.0
2018-04-30 00:00:00+08:00,0.12085608508244702,0.13039735545624023,0.11894783669472847,0.12721693515777588,12600,0.0,0.0
2018-05-02 00:00:00+08:00,0.13357776403427124,0.13357776403427124,0.13357776403427124,0.13357776403427124,5100,0.0,0.0
2018-05-03 00:00:00+08:00,0.13357776403427124,0.13357776403427124,0.13357776403427124,0.13357776403427124,0,0.0,0.0
2018-05-04 00:00:00+08:00,0.12721693524570665,0.12721693524570665,0.12403650546664388,0.1265808492898941,49300,0.0,0.0
2018-05-07 00:00:00+08:00,0.1265808492898941,0.1265808492898941,0.1265808492898941,0.1265808492898941,0,0.0,0.0
2018-05-08 00:00:00+08:00,0.1246725915974253,0.12530867755413055,0.1246725915974253,0.12530867755413055,35400,0.0,0.0
2018-05-09 00:00:00+08:00,0.12530867755413055,0.12530867755413055,0.12530867755413055,0.12530867755413055,0,0.0,0.0
2018-05-10 00:00:00+08:00,0.12467258039721311,0.13357776403427124,0.12467258039721311,0.13357776403427124,20700,0.0,0.0
2018-05-11 00:00:00+08:00,0.12530867729165718,0.12721693515777588,0.12467259133628428,0.12721693515777588,23300,0.0,0.0
2018-05-14 00:00:00+08:00,0.12721693515777588,0.12721693515777588,0.12721693515777588,0.12721693515777588,0,0.0,0.0
2018-05-15 00:00:00+08:00,0.12721693515777588,0.12721693515777588,0.12721693515777588,0.12721693515777588,0,0.0,0.0
2018-05-16 00:00:00+08:00,0.1265808492898941,0.1265808492898941,0.1265808492898941,0.1265808492898941,8000,0.0,0.0
2018-05-17 00:00:00+08:00,0.1265808492898941,0.1265808492898941,0.1265808492898941,0.1265808492898941,0,0.0,0.0
2018-05-18 00:00:00+08:00,0.12721692384811176,0.13675819337368011,0.1265808379492873,0.13675819337368011,10900,0.0,0.0
2018-05-21 00:00:00+08:00,0.13675819337368011,0.13675819337368011,0.13675819337368011,0.13675819337368011,0,0.0,0.0
2018-05-22 00:00:00+08:00,0.1259447635108358,0.1259447635108358,0.12530867755413055,0.12530867755413055,27400,0.0,0.0
2018-05-23 00:00:00+08:00,0.12530867755413055,0.12530867755413055,0.12530867755413055,0.12530867755413055,0,0.0,0.0
2018-05-24 00:00:00+08:00,0.12530867755413055,0.12530867755413055,0.12530867755413055,0.12530867755413055,0,0.0,0.0
2018-05-25 00:00:00+08:00,0.12530867755413055,0.12530867755413055,0.12530867755413055,0.12530867755413055,0,0.0,0.0
2018-05-28 00:00:00+08:00,0.12530867755413055,0.12530867755413055,0.12530867755413055,0.12530867755413055,0,0.0,0.0
2018-05-30 00:00:00+08:00,0.12276434153318405,0.12276434153318405,0.12276434153318405,0.12276434153318405,1000,0.0,0.0
2018-05-31 00:00:00+08:00,0.12276434153318405,0.12276434153318405,0.12276434153318405,0.12276434153318405,0,0.0,0.0
2018-06-01 00:00:00+08:00,0.12276434153318405,0.12276434153318405,0.12276434153318405,0.12276434153318405,0,0.0,0.0
2018-06-04 00:00:00+08:00,0.12276434153318405,0.12276434153318405,0.12276434153318405,0.12276434153318405,0,0.0,0.0
2018-06-05 00:00:00+08:00,0.12276434153318405,0.12276434153318405,0.12276434153318405,0.12276434153318405,0,0.0,0.0
2018-06-06 00:00:00+08:00,0.12276434153318405,0.12276434153318405,0.12276434153318405,0.12276434153318405,0,0.0,0.0
2018-06-07 00:00:00+08:00,0.12276434153318405,0.12276434153318405,0.12276434153318405,0.12276434153318405,0,0.0,0.0
2018-06-08 00:00:00+08:00,0.12276434338153465,0.13675820601389196,0.12276434338153465,0.124036505818367,19500,0.0,0.0
2018-06-11 00:00:00+08:00,0.124036505818367,0.124036505818367,0.124036505818367,0.124036505818367,0,0.0,0.0
2018-06-12 00:00:00+08:00,0.13675819337368011,0.13675819337368011,0.12340041793356425,0.13675819337368011,5100,0.0,0.0
2018-06-13 00:00:00+08:00,0.12403649435398942,0.13675819337368011,0.12340041793356425,0.13675819337368011,39600,0.0,0.0
2018-06-14 00:00:00+08:00,0.13675819337368011,0.13675819337368011,0.13675819337368011,0.13675819337368011,0,0.0,0.0
2018-06-18 00:00:00+08:00,0.12149216023709086,0.13675819337368011,0.11767565432254339,0.13675819337368011,58400,0.0,0.0
2018-06-19 00:00:00+08:00,0.12276433416658049,0.13357776619917708,0.1214921623468399,0.1214921623468399,15800,0.0,0.0
2018-06-20 00:00:00+08:00,0.1214921623468399,0.1214921623468399,0.1214921623468399,0.1214921623468399,0,0.0,0.0
2018-06-21 00:00:00+08:00,0.1214921623468399,0.1214921623468399,0.1214921623468399,0.1214921623468399,0,0.0,0.0
2018-06-22 00:00:00+08:00,0.1214921623468399,0.1214921623468399,0.1214921623468399,0.1214921623468399,0,0.0,0.0
2018-06-25 00:00:00+08:00,0.12149216023709086,0.13675819337368011,0.1208560743382664,0.13675819337368011,13700,0.0,0.0
2018-06-26 00:00:00+08:00,0.12149216023709086,0.13993861338940314,0.11831174022136784,0.13675819337368011,64200,0.0,0.0
2018-06-27 00:00:00+08:00,0.13675819337368011,0.13675819337368011,0.13675819337368011,0.13675819337368011,0,0.0,0.0
2018-06-28 00:00:00+08:00,0.12340042011932327,0.12721692610147153,0.11640348458671859,0.12085607647895813,112000,0.0,0.0
2018-06-29 00:00:00+08:00,0.12085608533559394,0.12530867755413055,0.12085608533559394,0.12530867755413055,21600,0.0,0.0
2018-07-02 00:00:00+08:00,0.11513130750068139,0.12594474852085114,0.11449523109808232,0.12594474852085114,47900,0.0,0.0
2018-07-03 00:00:00+08:00,0.12594474852085114,0.12594474852085114,0.12594474852085114,0.12594474852085114,0,0.0,0.0
2018-07-04 00:00:00+08:00,0.12594474852085114,0.12594474852085114,0.12594474852085114,0.12594474852085114,0,0.0,0.0
2018-07-05 00:00:00+08:00,0.12594474852085114,0.12594474852085114,0.12594474852085114,0.12594474852085114,0,0.0,0.0
2018-07-06 00:00:00+08:00,0.12594474852085114,0.12594474852085114,0.12594474852085114,0.12594474852085114,0,0.0,0.0
2018-07-09 00:00:00+08:00,0.12594474852085114,0.12594474852085114,0.12594474852085114,0.12594474852085114,0,0.0,0.0
2018-07-10 00:00:00+08:00,0.12403650538091138,0.12721693515777588,0.11449524448551833,0.12721693515777588,56200,0.0,0.0
2018-07-11 00:00:00+08:00,0.11703957049680988,0.12403649655101509,0.1087704726224221,0.12085607647895813,72000,0.0,0.0
2018-07-12 00:00:00+08:00,0.12085607647895813,0.12085607647895813,0.12085607647895813,0.12085607647895813,20000,0.0,0.0
2018-07-13 00:00:00+08:00,0.12085607647895813,0.12085607647895813,0.12085607647895813,0.12085607647895813,0,0.0,0.0
2018-07-16 00:00:00+08:00,0.12085607647895813,0.12085607647895813,0.12085607647895813,0.12085607647895813,0,0.0,0.0
2018-07-17 00:00:00+08:00,0.12085607647895813,0.12085607647895813,0.12085607647895813,0.12085607647895813,1800,0.0,0.0
2018-07-18 00:00:00+08:00,0.11958391219377518,0.11958391219377518,0.11131481379835031,0.11958391219377518,122300,0.0,0.0
2018-07-19 00:00:00+08:00,0.11958391187147512,0.12212825566530228,0.11958391187147512,0.12212825566530228,9300,0.0,0.0
2018-07-20 00:00:00+08:00,0.12212825566530228,0.12212825566530228,0.12212825566530228,0.12212825566530228,0,0.0,0.0
2018-07-23 00:00:00+08:00,0.12212825566530228,0.12212825566530228,0.12212825566530228,0.12212825566530228,0,0.0,0.0
2018-07-24 00:00:00+08:00,0.12085607647895813,0.12085607647895813,0.12085607647895813,0.12085607647895813,100,0.0,0.0
2018-07-25 00:00:00+08:00,0.12085607647895813,0.12085607647895813,0.12085607647895813,0.12085607647895813,0,0.0,0.0
2018-07-26 00:00:00+08:00,0.12085607647895813,0.12085607647895813,0.12085607647895813,0.12085607647895813,0,0.0,0.0
2018-07-27 00:00:00+08:00,0.12085607647895813,0.12085607647895813,0.12085607647895813,0.12085607647895813,0,0.0,0.0
2018-07-30 00:00:00+08:00,0.11449524354920608,0.11958391219377518,0.11449524354920608,0.11958391219377518,20000,0.0,0.0
2018-07-31 00:00:00+08:00,0.11958391219377518,0.11958391219377518,0.11958391219377518,0.11958391219377518,0,0.0,0.0
2018-08-01 00:00:00+08:00,0.12340041995048523,0.12340041995048523,0.11513131260901188,0.12340041995048523,3500,0.0,0.0
2018-08-02 00:00:00+08:00,0.12340041995048523,0.12340041995048523,0.12340041995048523,0.12340041995048523,0,0.0,0.0
2018-08-03 00:00:00+08:00,0.12085607647895813,0.12085607647895813,0.12085607647895813,0.12085607647895813,400,0.0,0.0
2018-08-06 00:00:00+08:00,0.12085607647895813,0.12085607647895813,0.12085607647895813,0.12085607647895813,0,0.0,0.0
2018-08-07 00:00:00+08:00,0.12085607647895813,0.12085607647895813,0.12085607647895813,0.12085607647895813,0,0.0,0.0
2018-08-08 00:00:00+08:00,0.11958391219377518,0.11958391219377518,0.11958391219377518,0.11958391219377518,3000,0.0,0.0
2018-08-10 00:00:00+08:00,0.11958391219377518,0.11958391219377518,0.11958391219377518,0.11958391219377518,0,0.0,0.0
2018-08-13 00:00:00+08:00,0.11958391219377518,0.11958391219377518,0.11958391219377518,0.11958391219377518,0,0.0,0.0
2018-08-14 00:00:00+08:00,0.11576740589190669,0.12085608401139271,0.11449524347083523,0.12021999806165695,44700,0.0,0.0
2018-08-15 00:00:00+08:00,0.12021999806165694,0.12021999806165694,0.12021999806165694,0.12021999806165695,0,0.0,0.0
2018-08-16 00:00:00+08:00,0.12021999806165694,0.12021999806165694,0.12021999806165694,0.12021999806165695,0,0.0,0.0
2018-08-17 00:00:00+08:00,0.12021999806165694,0.12021999806165694,0.12021999806165694,0.12021999806165695,0,0.0,0.0
2018-08-20 00:00:00+08:00,0.12021999806165694,0.12021999806165694,0.12021999806165694,0.12021999806165695,0,0.0,0.0
2018-08-21 00:00:00+08:00,0.12021999806165694,0.12021999806165694,0.12021999806165694,0.12021999806165695,0,0.0,0.0
2018-08-23 00:00:00+08:00,0.13675818499793418,0.13675818499793418,0.11576738953590393,0.11576738953590393,14800,0.0,0.0
2018-08-24 00:00:00+08:00,0.11449522732559107,0.12658083023115071,0.11131479802539217,0.11831173300743103,101300,0.0,0.0
2018-08-27 00:00:00+08:00,0.113223062766633,0.11767565459012985,0.0992292013958716,0.11767565459012985,41000,0.0,0.0
2018-08-28 00:00:00+08:00,0.10495396504895478,0.11703956872224808,0.09859311552288502,0.11703956872224808,33800,0.0,0.0
2018-08-29 00:00:00+08:00,0.10431787250066864,0.1164034754037857,0.10431787250066864,0.1164034754037857,20400,0.0,0.0
2018-08-30 00:00:00+08:00,0.1164034754037857,0.1164034754037857,0.1164034754037857,0.1164034754037857,0,0.0,0.0
2018-08-31 00:00:00+08:00,0.11131480325177709,0.11449523270130157,0.11131480325177709,0.11449523270130157,21000,0.0,0.0
2018-09-03 00:00:00+08:00,0.10431787741962155,0.11449523270130157,0.10431787741962155,0.11449523270130157,4000,0.0,0.0
2018-09-04 00:00:00+08:00,0.10813439352589461,0.1208560840941175,0.10813439352589461,0.11958391219377518,2800,0.0,0.0
2018-09-05 00:00:00+08:00,0.11958391219377518,0.11958391219377518,0.11958391219377518,0.11958391219377518,0,0.0,0.0
2018-09-06 00:00:00+08:00,0.11958391219377518,0.11958391219377518,0.11958391219377518,0.11958391219377518,0,0.0,0.0
2018-09-07 00:00:00+08:00,0.11767564715514936,0.11894781887531279,0.11767564715514936,0.1189478188753128,2000,0.0,0.0
2018-09-10 00:00:00+08:00,0.1208560840941175,0.1208560840941175,0.10495397325343891,0.11958391219377518,7600,0.0,0.0
2018-09-11 00:00:00+08:00,0.11958391219377518,0.11958391219377518,0.11958391219377518,0.11958391219377518,0,0.0,0.0
2018-09-12 00:00:00+08:00,0.11958391219377518,0.11958391219377518,0.11958391219377518,0.11958391219377518,0,0.0,0.0
2018-09-13 00:00:00+08:00,0.11958391219377518,0.11958391219377518,0.11958391219377518,0.11958391219377518,0,0.0,0.0
2018-09-14 00:00:00+08:00,0.11958391219377518,0.11958391219377518,0.11958391219377518,0.11958391219377518,0,0.0,0.0
2018-09-17 00:00:00+08:00,0.11067872784817916,0.11958391219377518,0.11004264189800801,0.11958391219377518,5200,0.0,0.0
2018-09-18 00:00:00+08:00,0.11958391219377518,0.11958391219377518,0.11958391219377518,0.11958391219377518,0,0.0,0.0
2018-09-19 00:00:00+08:00,0.10495396703481674,0.10495396703481674,0.10495396703481674,0.10495396703481674,10300,0.0,0.0
2018-09-20 00:00:00+08:00,0.10240961974990685,0.11449523270130157,0.10177353386000196,0.11449523270130157,61800,0.0,0.0
2018-09-21 00:00:00+08:00,0.11449523270130157,0.11449523270130157,0.11449523270130157,0.11449523270130157,0,0.0,0.0
2018-09-24 00:00:00+08:00,0.11449523270130157,0.11449523270130157,0.11449523270130157,0.11449523270130157,0,0.0,0.0
2018-09-25 00:00:00+08:00,0.10177353391972568,0.11258697509765626,0.09986528572729034,0.11258697509765625,6500,0.0,0.0
2018-09-26 00:00:00+08:00,0.11258697509765626,0.11258697509765626,0.11258697509765626,0.11258697509765625,0,0.0,0.0
2018-09-27 00:00:00+08:00,0.11258697509765626,0.11258697509765626,0.11258697509765626,0.11258697509765625,0,0.0,0.0
2018-09-28 00:00:00+08:00,0.11258697509765626,0.11258697509765626,0.11258697509765626,0.11258697509765625,0,0.0,0.0
2018-10-01 00:00:00+08:00,0.11449523270130157,0.11449523270130157,0.11449523270130157,0.11449523270130157,54700,0.0,0.0
2018-10-02 00:00:00+08:00,0.11894781887531279,0.11894781887531279,0.11894781887531279,0.1189478188753128,200,0.0,0.0
2018-10-03 00:00:00+08:00,0.11449523867623579,0.11831174473643037,0.10622613115434788,0.10813438892364502,64800,0.0,0.0
2018-10-04 00:00:00+08:00,0.1087704747369516,0.11449523856066476,0.1087704747369516,0.10940656065940857,58300,0.0,0.0
2018-10-05 00:00:00+08:00,0.10940656065940858,0.10940656065940858,0.10940656065940858,0.10940656065940857,0,0.0,0.0
2018-10-08 00:00:00+08:00,0.11449523456717477,0.11767565459012985,0.11449523456717477,0.11767565459012985,7500,0.0,0.0
2018-10-09 00:00:00+08:00,0.11894782822708375,0.12212824829914071,0.11131480678438778,0.12085607647895813,20400,0.0,0.0
2018-10-10 00:00:00+08:00,0.11767565276502412,0.11767565276502412,0.11195088922977448,0.11195088922977448,69400,0.0,0.0
2018-10-11 00:00:00+08:00,0.11195088922977448,0.11195088922977448,0.11195088922977448,0.11195088922977448,0,0.0,0.0
2018-10-12 00:00:00+08:00,0.11449524354920608,0.11958391219377518,0.11449524354920608,0.11958391219377518,46200,0.0,0.0
2018-10-15 00:00:00+08:00,0.11195088925242684,0.11195088925242684,0.1113148033618927,0.1113148033618927,27200,0.0,0.0
2018-10-16 00:00:00+08:00,0.10877047495915064,0.11576740116367161,0.10686221718788146,0.10686221718788147,15000,0.0,0.0
2018-10-17 00:00:00+08:00,0.10877046917055666,0.1176756526724269,0.10877046917055666,0.11449523270130157,10200,0.0,0.0
2018-10-18 00:00:00+08:00,0.11449523270130157,0.11449523270130157,0.11449523270130157,0.11449523270130157,0,0.0,0.0
2018-10-19 00:00:00+08:00,0.11449523270130157,0.11449523270130157,0.11449523270130157,0.11449523270130157,0,0.0,0.0
2018-10-22 00:00:00+08:00,0.10304570565974329,0.11385914683341979,0.10240961976971535,0.1138591468334198,4200,0.0,0.0
2018-10-23 00:00:00+08:00,0.10622612567327372,0.11258697509765626,0.10177353391972568,0.11258697509765625,40600,0.0,0.0
2018-10-24 00:00:00+08:00,0.1113148033618927,0.1113148033618927,0.1113148033618927,0.1113148033618927,10000,0.0,0.0
2018-10-25 00:00:00+08:00,0.1113148033618927,0.1113148033618927,0.1113148033618927,0.1113148033618927,0,0.0,0.0
2018-10-26 00:00:00+08:00,0.10431787752281561,0.1113148033618927,0.10304570574174736,0.1113148033618927,11000,0.0,0.0
2018-10-29 00:00:00+08:00,0.1113148033618927,0.1113148033618927,0.1113148033618927,0.1113148033618927,0,0.0,0.0
2018-10-30 00:00:00+08:00,0.1113148033618927,0.1113148033618927,0.1113148033618927,0.1113148033618927,0,0.0,0.0
2018-10-31 00:00:00+08:00,0.1113148033618927,0.1113148033618927,0.1113148033618927,0.1113148033618927,0,0.0,0.0
2018-11-01 00:00:00+08:00,0.1113148033618927,0.1113148033618927,0.1113148033618927,0.1113148033618927,0,0.0,0.0
2018-11-02 00:00:00+08:00,0.1113148033618927,0.1113148033618927,0.1113148033618927,0.1113148033618927,0,0.0,0.0
2018-11-05 00:00:00+08:00,0.1024096233848869,0.10495396703481674,0.10177353747240445,0.10495396703481674,179100,0.0,0.0
2018-11-07 00:00:00+08:00,0.10813438892364502,0.10813438892364502,0.10304571101725234,0.10813438892364502,15900,0.0,0.0
2018-11-08 00:00:00+08:00,0.1024096250941533,0.10813438892364502,0.1024096250941533,0.10813438892364502,19400,0.0,0.0
2018-11-09 00:00:00+08:00,0.10813438897918902,0.10813438897918902,0.10304571107018251,0.10749830305576324,11000,0.0,0.0
2018-11-12 00:00:00+08:00,0.10368179529905318,0.1062261294727725,0.10368179529905318,0.10368179529905319,24200,0.0,0.0
2018-11-13 00:00:00+08:00,0.10368179529905318,0.10368179529905318,0.10368179529905318,0.10368179529905319,5100,0.0,0.0
2018-11-14 00:00:00+08:00,0.10686221548002399,0.10686221548002399,0.10240962356328964,0.10240962356328964,6700,0.0,0.0
2018-11-15 00:00:00+08:00,0.10240962356328964,0.10240962356328964,0.10240962356328964,0.10240962356328964,0,0.0,0.0
2018-11-16 00:00:00+08:00,0.1062261313199997,0.1062261313199997,0.1062261313199997,0.1062261313199997,100,0.0,0.0
2018-11-19 00:00:00+08:00,0.1062261313199997,0.1062261313199997,0.1062261313199997,0.1062261313199997,0,0.0,0.0
2018-11-20 00:00:00+08:00,0.1062261313199997,0.1062261313199997,0.1062261313199997,0.1062261313199997,0,0.0,0.0
2018-11-21 00:00:00+08:00,0.1062261313199997,0.1062261313199997,0.1062261313199997,0.1062261313199997,0,0.0,0.0
2018-11-22 00:00:00+08:00,0.09604877782950753,0.09604877782950753,0.09541270136833191,0.09541270136833191,62700,0.0,0.0
2018-11-23 00:00:00+08:00,0.10431788116693497,0.10431788116693497,0.10431788116693497,0.10431788116693497,100,0.0,0.0
2018-11-26 00:00:00+08:00,0.10431788116693497,0.10431788116693497,0.10431788116693497,0.10431788116693497,0,0.0,0.0
2018-11-27 00:00:00+08:00,0.10431788116693497,0.10431788116693497,0.10431788116693497,0.10431788116693497,0,0.0,0.0
2018-11-28 00:00:00+08:00,0.10431788116693497,0.10431788116693497,0.10431788116693497,0.10431788116693497,0,0.0,0.0
2018-11-29 00:00:00+08:00,0.10304570943117142,0.10304570943117142,0.10304570943117142,0.10304570943117142,100,0.0,0.0
2018-11-30 00:00:00+08:00,0.10304570943117142,0.10304570943117142,0.10304570943117142,0.10304570943117142,0,0.0,0.0
2018-12-03 00:00:00+08:00,0.10368179529905318,0.10368179529905318,0.10368179529905318,0.10368179529905319,300,0.0,0.0
2018-12-04 00:00:00+08:00,0.10368179529905318,0.10368179529905318,0.10368179529905318,0.10368179529905319,0,0.0,0.0
2018-12-05 00:00:00+08:00,0.10431788381553413,0.10431788381553413,0.09096010774374008,0.09096010774374008,13300,0.0,0.0
2018-12-06 00:00:00+08:00,0.09096010774374008,0.09096010774374008,0.09096010774374008,0.09096010774374008,0,0.0,0.0
2018-12-07 00:00:00+08:00,0.09096010774374008,0.09096010774374008,0.09096010774374008,0.09096010774374008,7000,0.0,0.0
2018-12-10 00:00:00+08:00,0.10368179520985182,0.10622612938138216,0.10368179520985182,0.10495396703481674,66200,0.0,0.0
2018-12-11 00:00:00+08:00,0.10495396703481674,0.10495396703481674,0.10495396703481674,0.10495396703481674,0,0.0,0.0
2018-12-12 00:00:00+08:00,0.10495396703481674,0.10495396703481674,0.10495396703481674,0.10495396703481674,0,0.0,0.0
2018-12-13 00:00:00+08:00,0.10495396703481674,0.10495396703481674,0.10495396703481674,0.10495396703481674,0,0.0,0.0
2018-12-14 00:00:00+08:00,0.09604877394892129,0.10177353769540787,0.09286835385793965,0.10177353769540787,68400,0.0,0.0
2018-12-17 00:00:00+08:00,0.10495396878654947,0.1094065607698431,0.10495396878654947,0.10813438892364502,85500,0.0,0.0
2018-12-18 00:00:00+08:00,0.11385915275313674,0.11385915275313674,0.09922920495705774,0.10813438892364502,41700,0.0,0.0
2018-12-19 00:00:00+08:00,0.10813438892364502,0.10813438892364502,0.10813438892364502,0.10813438892364502,0,0.0,0.0
2018-12-20 00:00:00+08:00,0.10813438735577069,0.10813438735577069,0.10177353769540787,0.10177353769540787,26300,0.0,0.0
2018-12-21 00:00:00+08:00,0.10177353906832447,0.11067872302592288,0.10177353906832447,0.10940656065940857,53100,0.0,0.0
2018-12-24 00:00:00+08:00,0.10940656065940858,0.10940656065940858,0.10940656065940858,0.10940656065940857,5000,0.0,0.0
2018-12-26 00:00:00+08:00,0.11131480739675835,0.11131480739675835,0.10240962356328964,0.10240962356328964,47700,0.0,0.0
2018-12-27 00:00:00+08:00,0.10240962356328964,0.10240962356328964,0.10240962356328964,0.10240962356328964,0,0.0,0.0
2018-12-28 00:00:00+08:00,0.10240962356328964,0.10240962356328964,0.10240962356328964,0.10240962356328964,31700,0.0,0.0
2018-12-31 00:00:00+08:00,0.10177353769540787,0.10177353769540787,0.10177353769540787,0.10177353769540787,16800,0.0,0.0
2019-01-01 00:00:00+08:00,0.10177353769540787,0.10177353769540787,0.10177353769540787,0.10177353769540787,0,0.0,0.0
2019-01-02 00:00:00+08:00,0.10177353769540787,0.10177353769540787,0.10177353769540787,0.10177353769540787,0,0.0,0.0
2019-01-03 00:00:00+08:00,0.10177353769540787,0.10177353769540787,0.10177353769540787,0.10177353769540787,0,0.0,0.0
2019-01-04 00:00:00+08:00,0.1062261313199997,0.1062261313199997,0.09922920511179836,0.1062261313199997,15400,0.0,0.0
2019-01-07 00:00:00+08:00,0.1062261313199997,0.1062261313199997,0.1062261313199997,0.1062261313199997,0,0.0,0.0
2019-01-08 00:00:00+08:00,0.10113744983344969,0.10113744983344969,0.10050137341022491,0.10050137341022491,5100,0.0,0.0
2019-01-09 00:00:00+08:00,0.10050137521230415,0.10368179529905318,0.09859311747321503,0.10368179529905319,58300,0.0,0.0
2019-01-10 00:00:00+08:00,0.1062261313199997,0.1062261313199997,0.1062261313199997,0.1062261313199997,35000,0.0,0.0
2019-01-11 00:00:00+08:00,0.1062261294727725,0.1062261294727725,0.10368179529905318,0.10368179529905319,40000,0.0,0.0
2019-01-14 00:00:00+08:00,0.10368179529905318,0.10368179529905318,0.10368179529905318,0.10368179529905319,0,0.0,0.0
2019-01-15 00:00:00+08:00,0.10368179529905318,0.10368179529905318,0.10368179529905318,0.10368179529905319,0,0.0,0.0
2019-01-16 00:00:00+08:00,0.10368179529905318,0.10368179529905318,0.10368179529905318,0.10368179529905319,0,0.0,0.0
2019-01-17 00:00:00+08:00,0.10368179529905318,0.10368179529905318,0.10368179529905318,0.10368179529905319,0,0.0,0.0
2019-01-18 00:00:00+08:00,0.10813438892364502,0.10813438892364502,0.10813438892364502,0.10813438892364502,100,0.0,0.0
2019-01-21 00:00:00+08:00,0.10177353764969908,0.10749830139361455,0.10113745173610854,0.10240962356328964,64900,0.0,0.0
2019-01-22 00:00:00+08:00,0.10240962356328964,0.10240962356328964,0.10240962356328964,0.10240962356328964,0,0.0,0.0
2019-01-23 00:00:00+08:00,0.10495396889501196,0.10686221718788146,0.10495396889501196,0.10686221718788147,20100,0.0,0.0
2019-01-24 00:00:00+08:00,0.10177353769540787,0.10177353769540787,0.10177353769540787,0.10177353769540787,19000,0.0,0.0
2019-01-25 00:00:00+08:00,0.10177353769540787,0.10177353769540787,0.10177353769540787,0.10177353769540787,0,0.0,0.0
2019-01-28 00:00:00+08:00,0.10177353769540787,0.10177353769540787,0.10177353769540787,0.10177353769540787,0,0.0,0.0
2019-01-29 00:00:00+08:00,0.10050137344418218,0.10050137344418218,0.09986528754234315,0.09986528754234314,10000,0.0,0.0
2019-01-30 00:00:00+08:00,0.0985931191358477,0.10686221718788146,0.0985931191358477,0.10686221718788147,3700,0.0,0.0
2019-01-31 00:00:00+08:00,0.10686221718788146,0.10686221718788146,0.10686221718788146,0.10686221718788147,0,0.0,0.0
2019-02-01 00:00:00+08:00,0.1062261294727725,0.1062261294727725,0.10050137521230415,0.10368179529905319,18100,0.0,0.0
2019-02-04 00:00:00+08:00,0.10368179529905318,0.10368179529905318,0.10368179529905318,0.10368179529905319,0,0.0,0.0
2019-02-05 00:00:00+08:00,0.10368179529905318,0.10368179529905318,0.10368179529905318,0.10368179529905319,0,0.0,0.0
2019-02-07 00:00:00+08:00,0.10177353747240445,0.10495396703481674,0.10177353747240445,0.10495396703481674,37900,0.0,0.0
2019-02-08 00:00:00+08:00,0.1017735377416916,0.1017735377416916,0.10113745182752609,0.10113745182752609,8400,0.0,0.0
2019-02-11 00:00:00+08:00,0.10495396895021743,0.1062261313199997,0.10431788302612645,0.1062261313199997,20100,0.0,0.0
2019-02-12 00:00:00+08:00,0.0992292035634291,0.10113745182752609,0.0992292035634291,0.10113745182752609,5000,0.0,0.0
2019-02-13 00:00:00+08:00,0.10113745182752609,0.10113745182752609,0.10113745182752609,0.10113745182752609,0,0.0,0.0
2019-02-14 00:00:00+08:00,0.10177353764969908,0.10240962356328964,0.09732094573296474,0.10240962356328964,32500,0.0,0.0
2019-02-15 00:00:00+08:00,0.10240962356328964,0.10240962356328964,0.10240962356328964,0.10240962356328964,0,0.0,0.0
2019-02-18 00:00:00+08:00,0.10240962356328964,0.10240962356328964,0.10240962356328964,0.10240962356328964,0,0.0,0.0
2019-02-19 00:00:00+08:00,0.1055900435597428,0.1055900435597428,0.09795703156018533,0.10368179529905319,15100,0.0,0.0
2019-02-20 00:00:00+08:00,0.10495396707968938,0.10495396707968938,0.09859311743054473,0.10431788116693497,5300,0.0,0.0
2019-02-21 00:00:00+08:00,0.11004263727106667,0.11067872319449244,0.10240962514675674,0.10749830305576324,38200,0.0,0.0
2019-02-22 00:00:00+08:00,0.10368179529905318,0.10368179529905318,0.10368179529905318,0.10368179529905319,6400,0.0,0.0
2019-02-25 00:00:00+08:00,0.09859311908460176,0.10749830305576324,0.09859311908460176,0.10749830305576324,2600,0.0,0.0
2019-02-26 00:00:00+08:00,0.11067872313764153,0.11067872313764153,0.10113745324795521,0.10813438892364502,108200,0.0,0.0
2019-02-27 00:00:00+08:00,0.10813438892364502,0.10813438892364502,0.10813438892364502,0.10813438892364502,0,0.0,0.0
2019-02-28 00:00:00+08:00,0.10304570929736936,0.10495396703481674,0.10304570929736936,0.10495396703481674,105500,0.0,0.0
2019-03-01 00:00:00+08:00,0.10686221718788146,0.10686221718788146,0.10368179704749918,0.10686221718788147,54400,0.0,0.0
2019-03-04 00:00:00+08:00,0.10368179529905318,0.10368179529905318,0.10368179529905318,0.10368179529905319,10000,0.0,0.0
2019-03-05 00:00:00+08:00,0.10686221724409066,0.10686221724409066,0.10368179710203548,0.1062261313199997,15700,0.0,0.0
2019-03-06 00:00:00+08:00,0.10749830134593069,0.10749830134593069,0.10304570943117142,0.10304570943117142,60100,0.0,0.0
2019-03-07 00:00:00+08:00,0.10304570943117142,0.10304570943117142,0.10304570943117142,0.10304570943117142,0,0.0,0.0
2019-03-08 00:00:00+08:00,0.10304570943117142,0.10304570943117142,0.10304570943117142,0.10304570943117142,0,0.0,0.0
2019-03-11 00:00:00+08:00,0.1055900434688997,0.1055900434688997,0.10495396703481674,0.10495396703481674,28900,0.0,0.0
2019-03-12 00:00:00+08:00,0.10368179543703658,0.10368179543703658,0.10177353769540787,0.10177353769540787,13300,0.0,0.0
2019-03-13 00:00:00+08:00,0.10177353769540787,0.10177353769540787,0.10177353769540787,0.10177353769540787,0,0.0,0.0
2019-03-14 00:00:00+08:00,0.10177353769540787,0.10177353769540787,0.10177353769540787,0.10177353769540787,65900,0.0,0.0
2019-03-15 00:00:00+08:00,0.10177353747240445,0.10495396703481674,0.09986528921335658,0.10495396703481674,15500,0.0,0.0
2019-03-18 00:00:00+08:00,0.10431788139835363,0.10686221557661613,0.10113745182752609,0.10113745182752609,1200,0.0,0.0
2019-03-19 00:00:00+08:00,0.09922920167446136,0.09922920167446136,0.09795702987034793,0.09922920167446136,103700,0.0,0.0
2019-03-20 00:00:00+08:00,0.09922920167446136,0.09922920167446136,0.09922920167446136,0.09922920167446136,0,0.0,0.0
2019-03-21 00:00:00+08:00,0.09922920167446136,0.09922920167446136,0.09922920167446136,0.09922920167446136,0,0.0,0.0
2019-03-22 00:00:00+08:00,0.10113745178153163,0.10177353769540787,0.10113745178153163,0.10177353769540787,4900,0.0,0.0
2019-03-25 00:00:00+08:00,0.09922920170885678,0.09922920170885678,0.09859311580657958,0.09859311580657959,13500,0.0,0.0
2019-03-26 00:00:00+08:00,0.10495396703481674,0.10495396703481674,0.10495396703481674,0.10495396703481674,22000,0.0,0.0
2019-03-27 00:00:00+08:00,0.09859311584119837,0.09859311584119837,0.09795702993869781,0.09795702993869781,182100,0.0,0.0
2019-03-28 00:00:00+08:00,0.10304570929736936,0.10495396703481674,0.10304570929736936,0.10495396703481674,70100,0.0,0.0
2019-03-29 00:00:00+08:00,0.10495396703481674,0.10495396703481674,0.10495396703481674,0.10495396703481674,0,0.0,0.0
2019-04-01 00:00:00+08:00,0.09922920167446136,0.09922920167446136,0.09922920167446136,0.09922920167446136,10800,0.0,0.0
2019-04-02 00:00:00+08:00,0.09986528757651808,0.09986528757651808,0.09922920167446136,0.09922920167446136,20200,0.0,0.0
2019-04-03 00:00:00+08:00,0.09859311738839166,0.10495396703481674,0.09859311738839166,0.10495396703481674,65100,0.0,0.0
2019-04-04 00:00:00+08:00,0.10495396703481674,0.10495396703481674,0.10495396703481674,0.10495396703481674,0,0.0,0.0
2019-04-05 00:00:00+08:00,0.10495396703481674,0.10495396703481674,0.10495396703481674,0.10495396703481674,0,0.0,0.0
2019-04-08 00:00:00+08:00,0.10495396703481674,0.10813438711882954,0.10495396703481674,0.10495396703481674,97300,0.0,0.0
2019-04-09 00:00:00+08:00,0.09922920334329915,0.10686221533955312,0.09922920334329915,0.10431788116693497,88600,0.0,0.0
2019-04-10 00:00:00+08:00,0.10749830134593069,0.10749830134593069,0.10304570943117142,0.10304570943117142,5100,0.0,0.0
2019-04-11 00:00:00+08:00,0.1024096233848869,0.10749830120634708,0.1024096233848869,0.10495396703481674,257300,0.0,0.0
2019-04-12 00:00:00+08:00,0.10622613126412507,0.10686221718788146,0.10559004534036867,0.10686221718788147,115000,0.0,0.0
2019-04-15 00:00:00+08:00,0.10240962525385354,0.1062261313199997,0.10240962525385354,0.1062261313199997,32400,0.0,0.0
2019-04-16 00:00:00+08:00,0.10622613126412507,0.10686221718788146,0.10622613126412507,0.10686221718788147,137600,0.0,0.0
2019-04-17 00:00:00+08:00,0.10749830289203764,0.10940656065940858,0.10686221696958066,0.10940656065940857,170400,0.0,0.0
2019-04-18 00:00:00+08:00,0.1094065551686895,0.1113148033618927,0.1094065551686895,0.1113148033618927,10100,0.0,0.0
2019-04-22 00:00:00+08:00,0.1113148033618927,0.1113148033618927,0.1113148033618927,0.1113148033618927,0,0.0,0.0
2019-04-23 00:00:00+08:00,0.11131480906074057,0.11131480906074057,0.10813438892364502,0.10813438892364502,121800,0.0,0.0
2019-04-24 00:00:00+08:00,0.1138591414730578,0.12085606697715923,0.1138591414730578,0.1189478188753128,574100,0.0,0.0
2019-04-25 00:00:00+08:00,0.11958391342218344,0.1259447635108358,0.11449524472534174,0.12530867755413055,363400,0.0,0.0
2019-04-26 00:00:00+08:00,0.12467259133628428,0.13039735545624023,0.11831175073935558,0.12721693515777588,398900,0.0,0.0
2019-04-29 00:00:00+08:00,0.12721692944049118,0.13039734959602356,0.12149216557781314,0.13039734959602356,379400,0.0,0.0
2019-04-30 00:00:00+08:00,0.09969619395480536,0.11884315527579989,0.09903596272983324,0.1115805134177208,586800,0.0075,0.0
2019-05-02 00:00:00+08:00,0.11158052575897845,0.1287467559503568,0.11158052575897845,0.12478531897068024,143900,0.0,0.0
2019-05-03 00:00:00+08:00,0.1300672382230289,0.1300672382230289,0.11554196273865502,0.12478531897068024,12900,0.0,0.0
2019-05-06 00:00:00+08:00,0.11884316177587151,0.11884316177587151,0.1135612428188324,0.1135612428188324,91100,0.0,0.0
2019-05-07 00:00:00+08:00,0.1155419499592464,0.1155419499592464,0.11158051341772078,0.1115805134177208,52500,0.0,0.0
2019-05-08 00:00:00+08:00,0.13204795209844808,0.1353491477034491,0.12544555105010705,0.13072746992111206,457100,0.0,0.0
2019-05-09 00:00:00+08:00,0.13204795209844808,0.13865034330845016,0.13072746992111206,0.13072746992111206,922700,0.0,0.0
2019-05-10 00:00:00+08:00,0.13204795122146606,0.13865034238761909,0.13138771013718298,0.13204795122146606,315200,0.0,0.0
2019-05-13 00:00:00+08:00,0.13072746948482453,0.13204795165775357,0.13006722839836002,0.13138771057128906,365300,0.0,0.0
2019-05-14 00:00:00+08:00,0.13006722927093506,0.1320479525436166,0.1294069881800412,0.13006722927093506,558700,0.0,0.0
2019-05-15 00:00:00+08:00,0.13739495852642883,0.14105881771761786,0.136478990316391,0.136478990316391,295300,0.055,0.0
2019-05-16 00:00:00+08:00,0.13647899910800845,0.13647899910800845,0.13556303083896637,0.13556303083896637,9000,0.0,0.0
2019-05-17 00:00:00+08:00,0.13281512260437012,0.13281512260437012,0.13281512260437012,0.13281512260437012,81000,0.0,0.0
2019-05-21 00:00:00+08:00,0.13281512260437012,0.13281512260437012,0.13281512260437012,0.13281512260437012,0,0.0,0.0
2019-05-22 00:00:00+08:00,0.13373109125504257,0.13373109125504257,0.12823529541492462,0.12823529541492462,99900,0.0,0.0
2019-05-23 00:00:00+08:00,0.12457143569365688,0.13281512260437012,0.12273949920284823,0.13281512260437012,112100,0.0,0.0
2019-05-24 00:00:00+08:00,0.13281512260437012,0.13281512260437012,0.13281512260437012,0.13281512260437012,0,0.0,0.0
2019-05-27 00:00:00+08:00,0.13281511931300766,0.13281511931300766,0.12548738718032837,0.12548738718032837,19900,0.0,0.0
2019-05-28 00:00:00+08:00,0.12457143007307178,0.1273193210363388,0.12365546186899537,0.1273193210363388,18200,0.0,0.0
2019-05-29 00:00:00+08:00,0.1273193210363388,0.1273193210363388,0.1273193210363388,0.1273193210363388,0,0.0,0.0
2019-05-30 00:00:00+08:00,0.12273949708320897,0.13281512031073076,0.12090756062403679,0.13006722927093506,179300,0.0,0.0
2019-05-31 00:00:00+08:00,0.13281512031073076,0.13281512031073076,0.13006722927093506,0.13006722927093506,200,0.0,0.0
2019-06-03 00:00:00+08:00,0.13006722927093506,0.13006722927093506,0.13006722927093506,0.13006722927093506,0,0.0,0.0
2019-06-04 00:00:00+08:00,0.12823529502631134,0.13281512260437012,0.12823529502631134,0.13281512260437012,7300,0.0,0.0
2019-06-06 00:00:00+08:00,0.13281512260437012,0.13281512260437012,0.13281512260437012,0.13281512260437012,0,0.0,0.0
2019-06-07 00:00:00+08:00,0.13281512260437012,0.13281512260437012,0.12823529502631134,0.13281512260437012,107000,0.0,0.0
2019-06-10 00:00:00+08:00,0.13556303083896637,0.13556303083896637,0.13556303083896637,0.13556303083896637,100,0.0,0.0
2019-06-11 00:00:00+08:00,0.13556303083896637,0.13556303083896637,0.13556303083896637,0.13556303083896637,0,0.0,0.0
2019-06-12 00:00:00+08:00,0.13556303015622018,0.15388235449790955,0.13556303015622018,0.15388235449790955,20800,0.0,0.0
2019-06-13 00:00:00+08:00,0.1309832058199983,0.14289076626300812,0.1282353009567052,0.14289076626300812,10200,0.0,0.0
2019-06-14 00:00:00+08:00,0.15388235449790955,0.15388235449790955,0.15388235449790955,0.15388235449790955,100,0.0,0.0
2019-06-17 00:00:00+08:00,0.15479832006505784,0.15479832006505784,0.13006723195225545,0.1419747918844223,35300,0.0,0.0
2019-06-18 00:00:00+08:00,0.1337310856862775,0.14105881771761786,0.13189914926620183,0.136478990316391,145700,0.0,0.0
2019-06-19 00:00:00+08:00,0.14197479140945052,0.14197479140945052,0.13281512260437012,0.13281512260437012,62600,0.0,0.0
2019-06-20 00:00:00+08:00,0.13098320058580876,0.1373949646949768,0.13006723233464718,0.1373949646949768,109700,0.0,0.0
2019-06-21 00:00:00+08:00,0.1373949695379169,0.13831092417240143,0.13281512812067744,0.13831092417240143,62800,0.0,0.0
2019-06-24 00:00:00+08:00,0.1392268812975422,0.1392268812975422,0.12915125828505064,0.136478990316391,26800,0.0,0.0
2019-06-25 00:00:00+08:00,0.1373949646949768,0.1373949646949768,0.1373949646949768,0.1373949646949768,100,0.0,0.0
2019-06-26 00:00:00+08:00,0.13281511747623967,0.136478990316391,0.13281511747623967,0.136478990316391,76300,0.0,0.0
2019-06-27 00:00:00+08:00,0.13464705389631534,0.136478990316391,0.1337310856862775,0.136478990316391,20000,0.0,0.0
2019-06-28 00:00:00+08:00,0.14289075413769353,0.14289075413769353,0.1309831947051263,0.136478990316391,23100,0.0,0.0
2019-07-01 00:00:00+08:00,0.14105882963329247,0.14105882963329247,0.13373109698295593,0.13373109698295593,70900,0.0,0.0
2019-07-02 00:00:00+08:00,0.1373949646949768,0.1373949646949768,0.13373109169033054,0.1373949646949768,82400,0.0,0.0
2019-07-03 00:00:00+08:00,0.13373109430088218,0.13739496737705054,0.12090756583221922,0.13556303083896637,43200,0.0,0.0
2019-07-04 00:00:00+08:00,0.13281512260437012,0.13281512260437012,0.13281512260437012,0.13281512260437012,900,0.0,0.0
2019-07-05 00:00:00+08:00,0.13098320364952087,0.13098320364952087,0.13098320364952087,0.13098320364952087,42200,0.0,0.0
2019-07-08 00:00:00+08:00,0.13098320364952087,0.13098320364952087,0.13098320364952087,0.13098320364952087,0,0.0,0.0
2019-07-09 00:00:00+08:00,0.13098320364952087,0.13647899963607468,0.1300672353769347,0.13098320364952087,28000,0.0,0.0
2019-07-10 00:00:00+08:00,0.13098320314271905,0.13556303083896637,0.13006723487367697,0.13556303083896637,8200,0.0,0.0
2019-07-11 00:00:00+08:00,0.13464705646038055,0.13464705646038055,0.13464705646038055,0.13464705646038055,6500,0.0,0.0
2019-07-12 00:00:00+08:00,0.13098320364952087,0.13098320364952087,0.1300672353769347,0.13098320364952087,13100,0.0,0.0
2019-07-15 00:00:00+08:00,0.13098320364952087,0.13098320364952087,0.13098320364952087,0.13098320364952087,32900,0.0,0.0
2019-07-16 00:00:00+08:00,0.13464706256992426,0.13556303083896637,0.13464706256992426,0.13556303083896637,149500,0.0,0.0
2019-07-17 00:00:00+08:00,0.1318991482257843,0.1318991482257843,0.1318991482257843,0.1318991482257843,2000,0.0,0.0
2019-07-18 00:00:00+08:00,0.1318991482257843,0.1318991482257843,0.1318991482257843,0.1318991482257843,0,0.0,0.0
2019-07-19 00:00:00+08:00,0.1318991482257843,0.1318991482257843,0.1318991482257843,0.1318991482257843,0,0.0,0.0
2019-07-22 00:00:00+08:00,0.13739496737705054,0.13739496737705054,0.1328151260318401,0.13556303083896637,84800,0.0,0.0
2019-07-23 00:00:00+08:00,0.132815116428597,0.132815116428597,0.1318991482257843,0.1318991482257843,23500,0.0,0.0
2019-07-24 00:00:00+08:00,0.13189915776279798,0.13556303083896637,0.12915126660463488,0.13556303083896637,46100,0.0,0.0
2019-07-25 00:00:00+08:00,0.1318991482257843,0.1318991482257843,0.1318991482257843,0.1318991482257843,1200,0.0,0.0
2019-07-26 00:00:00+08:00,0.1318991482257843,0.1318991482257843,0.1318991482257843,0.1318991482257843,0,0.0,0.0
2019-07-29 00:00:00+08:00,0.13556302775140283,0.13647899599958296,0.12823529541492462,0.12823529541492462,60300,0.0,0.0
2019-07-30 00:00:00+08:00,0.12915126366310475,0.12915126366310475,0.12823529541492462,0.12823529541492462,69100,0.0,0.0
2019-07-31 00:00:00+08:00,0.12915126979351044,0.12915126979351044,0.12915126979351044,0.12915126979351044,300,0.0,0.0
2019-08-01 00:00:00+08:00,0.12915126979351044,0.12915126979351044,0.12915126979351044,0.12915126979351044,0,0.0,0.0
2019-08-02 00:00:00+08:00,0.12915126327171567,0.13281512260437012,0.12915126327171567,0.13281512260437012,13000,0.0,0.0
2019-08-05 00:00:00+08:00,0.13556303083896637,0.13556303083896637,0.13556303083896637,0.13556303083896637,5000,0.0,0.0
2019-08-06 00:00:00+08:00,0.13556303083896637,0.13556303083896637,0.13556303083896637,0.13556303083896637,0,0.0,0.0
2019-08-07 00:00:00+08:00,0.13556303083896637,0.13556303083896637,0.13556303083896637,0.13556303083896637,0,0.0,0.0
2019-08-08 00:00:00+08:00,0.13556303083896637,0.13556303083896637,0.13556303083896637,0.13556303083896637,0,0.0,0.0
2019-08-13 00:00:00+08:00,0.12915126979351044,0.12915126979351044,0.12915126979351044,0.12915126979351044,700,0.0,0.0
2019-08-14 00:00:00+08:00,0.12915126979351044,0.12915126979351044,0.12915126979351044,0.12915126979351044,0,0.0,0.0
2019-08-15 00:00:00+08:00,0.12915126979351044,0.12915126979351044,0.12915126979351044,0.12915126979351044,0,0.0,0.0
2019-08-16 00:00:00+08:00,0.12915126979351044,0.12915126979351044,0.12915126979351044,0.12915126979351044,0,0.0,0.0
2019-08-19 00:00:00+08:00,0.12915126660463488,0.13556303083896637,0.12915126660463488,0.13556303083896637,114800,0.0,0.0
2019-08-20 00:00:00+08:00,0.12915126979351044,0.12915126979351044,0.12915126979351044,0.12915126979351044,32000,0.0,0.0
2019-08-21 00:00:00+08:00,0.12915126104134897,0.13006722927093506,0.12915126104134897,0.13006722927093506,55200,0.0,0.0
2019-08-22 00:00:00+08:00,0.1282352983355928,0.13556303083896637,0.1282352983355928,0.13556303083896637,1900,0.0,0.0
2019-08-23 00:00:00+08:00,0.12915126710434854,0.13098320364952087,0.12915126710434854,0.13098320364952087,48200,0.0,0.0
2019-08-26 00:00:00+08:00,0.1282353009074444,0.13373109698295593,0.1273193326200319,0.13373109698295593,73500,0.0,0.0
2019-08-27 00:00:00+08:00,0.13556302775140283,0.13556302775140283,0.12823529541492462,0.12823529541492462,78400,0.0,0.0
2019-08-28 00:00:00+08:00,0.13556303083896637,0.13556303083896637,0.13556303083896637,0.13556303083896637,200,0.0,0.0
2019-08-29 00:00:00+08:00,0.13556303083896637,0.13556303083896637,0.13556303083896637,0.13556303083896637,0,0.0,0.0
2019-08-30 00:00:00+08:00,0.13006723487367697,0.13556303083896637,0.13006723487367697,0.13556303083896637,2300,0.0,0.0
2019-09-02 00:00:00+08:00,0.1300672380851687,0.1300672380851687,0.12915126979351044,0.12915126979351044,46600,0.0,0.0
2019-09-03 00:00:00+08:00,0.13464705646038055,0.13464705646038055,0.13464705646038055,0.13464705646038055,10000,0.0,0.0
2019-09-04 00:00:00+08:00,0.13464706527036843,0.13464706527036843,0.13006723748226937,0.13373109698295593,8200,0.0,0.0
2019-09-05 00:00:00+08:00,0.1264033643326194,0.13373109698295593,0.12365547311934533,0.13373109698295593,36500,0.0,0.0
2019-09-06 00:00:00+08:00,0.13373109698295593,0.13373109698295593,0.13373109698295593,0.13373109698295593,0,0.0,0.0
2019-09-09 00:00:00+08:00,0.13373109698295593,0.13373109698295593,0.13373109698295593,0.13373109698295593,0,0.0,0.0
2019-09-10 00:00:00+08:00,0.12640335606201872,0.13464705646038055,0.12640335606201872,0.13464705646038055,5300,0.0,0.0
2019-09-11 00:00:00+08:00,0.13464705646038055,0.13464705646038055,0.13464705646038055,0.13464705646038055,0,0.0,0.0
2019-09-12 00:00:00+08:00,0.1282352925169797,0.13464705646038055,0.1282352925169797,0.13464705646038055,116100,0.0,0.0
2019-09-13 00:00:00+08:00,0.13464705646038055,0.13464705646038055,0.13464705646038055,0.13464705646038055,0,0.0,0.0
2019-09-16 00:00:00+08:00,0.1273193332101939,0.12915126979351044,0.1273193332101939,0.12915126979351044,30200,0.0,0.0
2019-09-17 00:00:00+08:00,0.12915126979351044,0.12915126979351044,0.12915126979351044,0.12915126979351044,0,0.0,0.0
2019-09-18 00:00:00+08:00,0.12915126979351044,0.12915126979351044,0.12915126979351044,0.12915126979351044,0,0.0,0.0
2019-09-19 00:00:00+08:00,0.12915126979351044,0.12915126979351044,0.12915126979351044,0.12915126979351044,0,0.0,0.0
2019-09-20 00:00:00+08:00,0.12915126979351044,0.12915126979351044,0.12915126979351044,0.12915126979351044,0,0.0,0.0
2019-09-23 00:00:00+08:00,0.12915126979351044,0.12915126979351044,0.12915126979351044,0.12915126979351044,0,0.0,0.0
2019-09-24 00:00:00+08:00,0.12915126979351044,0.12915126979351044,0.12915126979351044,0.12915126979351044,0,0.0,0.0
2019-09-25 00:00:00+08:00,0.12915126979351044,0.12915126979351044,0.12915126979351044,0.12915126979351044,0,0.0,0.0
2019-09-26 00:00:00+08:00,0.12915126979351044,0.12915126979351044,0.12915126979351044,0.12915126979351044,0,0.0,0.0
2019-09-27 00:00:00+08:00,0.12915126979351044,0.12915126979351044,0.12915126979351044,0.12915126979351044,0,0.0,0.0
2019-09-30 00:00:00+08:00,0.13464705646038055,0.13464705646038055,0.13464705646038055,0.13464705646038055,100,0.0,0.0
2019-10-01 00:00:00+08:00,0.12731932678090702,0.13281512260437012,0.12365546744825255,0.13281512260437012,10800,0.0,0.0
2019-10-02 00:00:00+08:00,0.13281512260437012,0.13281512260437012,0.13281512260437012,0.13281512260437012,0,0.0,0.0
2019-10-03 00:00:00+08:00,0.13281512260437012,0.13281512260437012,0.13281512260437012,0.13281512260437012,0,0.0,0.0
2019-10-04 00:00:00+08:00,0.1264033579873865,0.1264033579873865,0.12457143515348434,0.12457143515348434,6400,0.0,0.0
2019-10-07 00:00:00+08:00,0.12457143515348434,0.12457143515348434,0.12457143515348434,0.12457143515348434,0,0.0,0.0
2019-10-08 00:00:00+08:00,0.12365546822547913,0.12365546822547913,0.12365546822547913,0.12365546822547913,200,0.0,0.0
2019-10-09 00:00:00+08:00,0.1236554695585098,0.1236554695585098,0.12273950129747391,0.12273950129747391,3400,0.0,0.0
2019-10-10 00:00:00+08:00,0.12273950129747391,0.12273950129747391,0.12273950129747391,0.12273950129747391,0,0.0,0.0
2019-10-11 00:00:00+08:00,0.11999159522083287,0.12365546822547913,0.11357983111166481,0.12365546822547913,26600,0.0,0.0
2019-10-14 00:00:00+08:00,0.11999159306287766,0.11999159306287766,0.11999159306287766,0.11999159306287766,30000,0.0,0.0
2019-10-15 00:00:00+08:00,0.11999159306287766,0.11999159306287766,0.11999159306287766,0.11999159306287766,0,0.0,0.0
2019-10-16 00:00:00+08:00,0.11999159306287766,0.11999159306287766,0.11999159306287766,0.11999159306287766,0,0.0,0.0
2019-10-17 00:00:00+08:00,0.11999159306287766,0.11999159306287766,0.11999159306287766,0.11999159306287766,0,0.0,0.0
2019-10-18 00:00:00+08:00,0.12090755999088287,0.12090755999088287,0.12090755999088287,0.12090755999088287,7000,0.0,0.0
2019-10-21 00:00:00+08:00,0.12090756347199444,0.12365546822547913,0.12090756347199444,0.12365546822547913,56000,0.0,0.0
2019-10-22 00:00:00+08:00,0.12365546822547913,0.12365546822547913,0.12365546822547913,0.12365546822547913,900,0.0,0.0
2019-10-23 00:00:00+08:00,0.12365546466525124,0.12365546466525124,0.12090755999088287,0.12090755999088287,18200,0.0,0.0
2019-10-24 00:00:00+08:00,0.11174789816141129,0.11174789816141129,0.11174789816141129,0.11174789816141129,5200,0.0,0.0
2019-10-25 00:00:00+08:00,0.1135798303153951,0.12365546735857255,0.1135798303153951,0.11907562613487244,15800,0.0,0.0
2019-10-29 00:00:00+08:00,0.11541177053863476,0.11541177053863476,0.1126638725399971,0.1126638725399971,48000,0.0,0.0
2019-10-30 00:00:00+08:00,0.11541176587343216,0.11541176587343216,0.11541176587343216,0.11541176587343216,30100,0.0,0.0
2019-10-31 00:00:00+08:00,0.11632773280143738,0.11632773280143738,0.11632773280143738,0.11632773280143738,5200,0.0,0.0
2019-11-01 00:00:00+08:00,0.11632773280143738,0.11632773280143738,0.11632773280143738,0.11632773280143738,0,0.0,0.0
2019-11-04 00:00:00+08:00,0.12365546822547913,0.12365546822547913,0.12365546822547913,0.12365546822547913,10000,0.0,0.0
2019-11-05 00:00:00+08:00,0.12365546822547913,0.12365546822547913,0.12365546822547913,0.12365546822547913,0,0.0,0.0
2019-11-06 00:00:00+08:00,0.12182353095744392,0.13281512260437012,0.11999159446663527,0.13281512260437012,315200,0.0,0.0
2019-11-07 00:00:00+08:00,0.1328151260318401,0.13556303083896637,0.1328151260318401,0.13556303083896637,45000,0.0,0.0
2019-11-08 00:00:00+08:00,0.13556303083896637,0.13556303083896637,0.13556303083896637,0.13556303083896637,0,0.0,0.0
2019-11-11 00:00:00+08:00,0.13556303083896637,0.13556303083896637,0.13556303083896637,0.13556303083896637,0,0.0,0.0
2019-11-12 00:00:00+08:00,0.12457143515348434,0.12457143515348434,0.12457143515348434,0.12457143515348434,30000,0.0,0.0
2019-11-13 00:00:00+08:00,0.12548738544489932,0.136478990316391,0.12548738544489932,0.136478990316391,205600,0.0,0.0
2019-11-14 00:00:00+08:00,0.1373949646949768,0.1373949646949768,0.1373949646949768,0.1373949646949768,60000,0.0,0.0
2019-11-15 00:00:00+08:00,0.13373109169033054,0.1373949646949768,0.12823529583232407,0.1373949646949768,130000,0.0,0.0
2019-11-18 00:00:00+08:00,0.1373949646949768,0.1373949646949768,0.1373949646949768,0.1373949646949768,0,0.0,0.0
2019-11-19 00:00:00+08:00,0.1410588175058365,0.14380672213182435,0.1410588175058365,0.1410588175058365,221700,0.0,0.0
2019-11-20 00:00:00+08:00,0.13739496688018601,0.14014285802841187,0.1355630303487267,0.14014285802841187,262800,0.0,0.0
2019-11-21 00:00:00+08:00,0.14014285802841187,0.14014285802841187,0.14014285802841187,0.14014285802841187,0,0.0,0.0
2019-11-22 00:00:00+08:00,0.14014285802841187,0.14014285802841187,0.14014285802841187,0.14014285802841187,0,0.0,0.0
2019-11-25 00:00:00+08:00,0.13739496737705054,0.13739496737705054,0.13556303083896637,0.13556303083896637,114000,0.0,0.0
2019-11-26 00:00:00+08:00,0.13464705646038055,0.13464705646038055,0.13464705646038055,0.13464705646038055,20000,0.0,0.0
2019-11-27 00:00:00+08:00,0.13556302468786105,0.13556302468786105,0.13464705646038055,0.13464705646038055,41900,0.0,0.0
2019-11-28 00:00:00+08:00,0.13556303083896637,0.13556303083896637,0.13556303083896637,0.13556303083896637,46500,0.0,0.0
2019-11-29 00:00:00+08:00,0.1318991482257843,0.1318991482257843,0.1318991482257843,0.1318991482257843,6000,0.0,0.0
2019-12-02 00:00:00+08:00,0.1318991543589658,0.1364789955859874,0.1318991543589658,0.13281512260437012,42700,0.0,0.0
2019-12-03 00:00:00+08:00,0.13281512260437012,0.13281512260437012,0.13281512260437012,0.13281512260437012,0,0.0,0.0
2019-12-04 00:00:00+08:00,0.13281512260437012,0.13281512260437012,0.13281512260437012,0.13281512260437012,24000,0.0,0.0
2019-12-05 00:00:00+08:00,0.13556303083896637,0.13556303083896637,0.13556303083896637,0.13556303083896637,15000,0.0,0.0
2019-12-06 00:00:00+08:00,0.13739496084776173,0.14197478832636629,0.13739496084776173,0.13922688364982605,140000,0.0,0.0
2019-12-09 00:00:00+08:00,0.13922688364982605,0.13922688364982605,0.13922688364982605,0.13922688364982605,42300,0.0,0.0
2019-12-10 00:00:00+08:00,0.1438067310913305,0.1438067310913305,0.14014285802841187,0.14014285802841187,119300,0.0,0.0
2019-12-11 00:00:00+08:00,0.13556303083896637,0.13556303083896637,0.13556303083896637,0.13556303083896637,800,0.0,0.0
2019-12-12 00:00:00+08:00,0.13556303083896637,0.13556303083896637,0.13556303083896637,0.13556303083896637,0,0.0,0.0
2019-12-13 00:00:00+08:00,0.13922689245584932,0.13922689245584932,0.13831092417240143,0.13831092417240143,147000,0.0,0.0
2019-12-16 00:00:00+08:00,0.13831091287984862,0.1410588175058365,0.13831091287984862,0.1410588175058365,32300,0.0,0.0
2019-12-17 00:00:00+08:00,0.1410588270368098,0.14655462301115973,0.1410588270368098,0.14472270011901855,249100,0.0,0.0
2019-12-18 00:00:00+08:00,0.13647899644381525,0.13922688754833704,0.13647899644381525,0.1373949646949768,35200,0.0,0.0
2019-12-19 00:00:00+08:00,0.1373949646949768,0.1373949646949768,0.1373949646949768,0.1373949646949768,0,0.0,0.0
2019-12-20 00:00:00+08:00,0.136478990316391,0.136478990316391,0.136478990316391,0.136478990316391,7600,0.0,0.0
2019-12-23 00:00:00+08:00,0.136478990316391,0.136478990316391,0.136478990316391,0.136478990316391,0,0.0,0.0
2019-12-24 00:00:00+08:00,0.1373949646949768,0.1373949646949768,0.1373949646949768,0.1373949646949768,5100,0.0,0.0
2019-12-25 00:00:00+08:00,0.1373949646949768,0.1373949646949768,0.1373949646949768,0.1373949646949768,0,0.0,0.0
2019-12-26 00:00:00+08:00,0.1373949646949768,0.1373949646949768,0.1373949646949768,0.1373949646949768,0,0.0,0.0
2019-12-27 00:00:00+08:00,0.13647899910800845,0.13647899910800845,0.13556303083896637,0.13556303083896637,33200,0.0,0.0
2019-12-30 00:00:00+08:00,0.1373949646949768,0.1373949646949768,0.1373949646949768,0.1373949646949768,4300,0.0,0.0
2019-12-31 00:00:00+08:00,0.1373949646949768,0.1373949646949768,0.1373949646949768,0.1373949646949768,0,0.0,0.0
2020-01-02 00:00:00+08:00,0.13647899910800845,0.13647899910800845,0.13556303083896637,0.13556303083896637,51000,0.0,0.0
2020-01-03 00:00:00+08:00,0.13556303083896637,0.13556303083896637,0.13556303083896637,0.13556303083896637,0,0.0,0.0
2020-01-06 00:00:00+08:00,0.13281512260437012,0.13281512260437012,0.13281512260437012,0.13281512260437012,12900,0.0,0.0
2020-01-07 00:00:00+08:00,0.13281512260437012,0.13281512260437012,0.13281512260437012,0.13281512260437012,0,0.0,0.0
2020-01-08 00:00:00+08:00,0.13281512260437012,0.13281512260437012,0.13281512260437012,0.13281512260437012,0,0.0,0.0
2020-01-09 00:00:00+08:00,0.1318991543589658,0.13281512260437012,0.1318991543589658,0.13281512260437012,17100,0.0,0.0
2020-01-10 00:00:00+08:00,0.13281512260437012,0.13281512260437012,0.13281512260437012,0.13281512260437012,0,0.0,0.0
2020-01-13 00:00:00+08:00,0.13281512260437012,0.13281512260437012,0.13281512260437012,0.13281512260437012,0,0.0,0.0
2020-01-14 00:00:00+08:00,0.1373949646949768,0.1373949646949768,0.1373949646949768,0.1373949646949768,59000,0.0,0.0
2020-01-15 00:00:00+08:00,0.1373949646949768,0.1373949646949768,0.13556302819265367,0.1373949646949768,140000,0.0,0.0
2020-01-16 00:00:00+08:00,0.1373949646949768,0.1373949646949768,0.1373949646949768,0.1373949646949768,0,0.0,0.0
2020-01-17 00:00:00+08:00,0.1373949646949768,0.1373949646949768,0.1373949646949768,0.1373949646949768,0,0.0,0.0
2020-01-20 00:00:00+08:00,0.1373949646949768,0.1373949646949768,0.1373949646949768,0.1373949646949768,13300,0.0,0.0
2020-01-21 00:00:00+08:00,0.1373949646949768,0.1373949646949768,0.1373949646949768,0.1373949646949768,96000,0.0,0.0
2020-01-22 00:00:00+08:00,0.1373949646949768,0.1373949646949768,0.1373949646949768,0.1373949646949768,0,0.0,0.0
2020-01-23 00:00:00+08:00,0.13098319750052115,0.13098319750052115,0.13006722927093506,0.13006722927093506,33100,0.0,0.0
2020-01-24 00:00:00+08:00,0.13006722927093506,0.13006722927093506,0.13006722927093506,0.13006722927093506,0,0.0,0.0
2020-01-28 00:00:00+08:00,0.13098320314271905,0.13556303083896637,0.13098320314271905,0.13556303083896637,58300,0.0,0.0
2020-01-29 00:00:00+08:00,0.13556303083896637,0.13556303083896637,0.13556303083896637,0.13556303083896637,0,0.0,0.0
2020-01-30 00:00:00+08:00,0.12823529510187504,0.1465546190738678,0.12823529510187504,0.1465546190738678,300,0.0,0.0
2020-01-31 00:00:00+08:00,0.1465546190738678,0.1465546190738678,0.1465546190738678,0.1465546190738678,0,0.0,0.0
2020-02-03 00:00:00+08:00,0.1465546190738678,0.1465546190738678,0.1465546190738678,0.1465546190738678,0,0.0,0.0
2020-02-04 00:00:00+08:00,0.14105882324716626,0.15113446030358813,0.13922688675527814,0.1465546190738678,78600,0.0,0.0
2020-02-05 00:00:00+08:00,0.13831091850933408,0.1465546190738678,0.13831091850933408,0.1465546190738678,55700,0.0,0.0
2020-02-06 00:00:00+08:00,0.1465546190738678,0.1465546190738678,0.1465546190738678,0.1465546190738678,0,0.0,0.0
2020-02-07 00:00:00+08:00,0.14655462223955634,0.14655462223955634,0.1355630303487267,0.14014285802841187,13300,0.0,0.0
2020-02-10 00:00:00+08:00,0.13647899644381525,0.1373949646949768,0.13556302819265367,0.1373949646949768,22900,0.0,0.0
2020-02-11 00:00:00+08:00,0.1410588175058365,0.1410588175058365,0.1410588175058365,0.1410588175058365,700,0.0,0.0
2020-02-12 00:00:00+08:00,0.1373949646949768,0.1373949646949768,0.1373949646949768,0.1373949646949768,20000,0.0,0.0
2020-02-13 00:00:00+08:00,0.13556302779410453,0.1419747918844223,0.13556302779410453,0.1419747918844223,79600,0.0,0.0
2020-02-14 00:00:00+08:00,0.14380672838135963,0.14380672838135963,0.1364789960425732,0.1419747918844223,62500,0.0,0.0
2020-02-17 00:00:00+08:00,0.13556302819265367,0.1373949646949768,0.13556302819265367,0.1373949646949768,159900,0.0,0.0
2020-02-18 00:00:00+08:00,0.13006722927093506,0.13006722927093506,0.13006722927093506,0.13006722927093506,11000,0.0,0.0
2020-02-19 00:00:00+08:00,0.13281512260437012,0.13281512260437012,0.13281512260437012,0.13281512260437012,10000,0.0,0.0
2020-02-20 00:00:00+08:00,0.1245714299012071,0.1318991482257843,0.1245714299012071,0.1318991482257843,20200,0.0,0.0
2020-02-21 00:00:00+08:00,0.13922688364982605,0.14014285187533948,0.1346470561712215,0.13922688364982605,34500,0.0,0.0
2020-02-24 00:00:00+08:00,0.13922688364982605,0.13922688364982605,0.13922688364982605,0.13922688364982605,0,0.0,0.0
2020-02-25 00:00:00+08:00,0.13464705646038055,0.13464705646038055,0.13464705646038055,0.13464705646038055,29000,0.0,0.0
2020-02-26 00:00:00+08:00,0.12915126710434854,0.13281512654573,0.12915126710434854,0.13098320364952087,14100,0.0,0.0
2020-02-27 00:00:00+08:00,0.13098320364952087,0.13098320364952087,0.13098320364952087,0.13098320364952087,0,0.0,0.0
2020-02-28 00:00:00+08:00,0.1373949646949768,0.1373949646949768,0.12823529583232407,0.1373949646949768,18100,0.0,0.0
2020-03-02 00:00:00+08:00,0.11632772988534631,0.13281511661183504,0.11632772988534631,0.1273193210363388,23000,0.0,0.0
2020-03-03 00:00:00+08:00,0.1264033585355027,0.13281512260437012,0.1264033585355027,0.13281512260437012,30000,0.0,0.0
2020-03-04 00:00:00+08:00,0.127319320860683,0.1318991482257843,0.11724369792766774,0.1318991482257843,29100,0.0,0.0
2020-03-05 00:00:00+08:00,0.1318991482257843,0.1318991482257843,0.1318991482257843,0.1318991482257843,0,0.0,0.0
2020-03-06 00:00:00+08:00,0.13464705646038055,0.13464705646038055,0.13464705646038055,0.13464705646038055,100,0.0,0.0
2020-03-09 00:00:00+08:00,0.13464705646038055,0.13464705646038055,0.13464705646038055,0.13464705646038055,0,0.0,0.0
2020-03-10 00:00:00+08:00,0.12273949349558172,0.1318991482257843,0.11357982511641695,0.1318991482257843,205800,0.0,0.0
2020-03-11 00:00:00+08:00,0.11357983158109372,0.12640335985242987,0.10991596538578603,0.11815965920686722,30000,0.0,0.0
2020-03-12 00:00:00+08:00,0.11907562988510043,0.11907562988510043,0.10808403789997101,0.10808403789997101,13800,0.0,0.0
2020-03-13 00:00:00+08:00,0.10808403656569568,0.115411769014977,0.10808403656569568,0.10900000482797623,48500,0.0,0.0
2020-03-16 00:00:00+08:00,0.10900000482797623,0.10900000482797623,0.10900000482797623,0.10900000482797623,0,0.0,0.0
2020-03-17 00:00:00+08:00,0.10533613711595535,0.10533613711595535,0.10533613711595535,0.10533613711595535,500,0.0,0.0
2020-03-18 00:00:00+08:00,0.10533613711595535,0.10533613711595535,0.10533613711595535,0.10533613711595535,0,0.0,0.0
2020-03-19 00:00:00+08:00,0.08060504421298105,0.10350420325994492,0.07785714621926244,0.10350420325994492,65000,0.0,0.0
2020-03-20 00:00:00+08:00,0.10350420039354889,0.10350420039354889,0.08701680606334969,0.10075630247592926,22100,0.0,0.0
2020-03-23 00:00:00+08:00,0.07968907636337237,0.09892437607049942,0.0787731149102571,0.09892437607049942,5500,0.0,0.0
2020-03-24 00:00:00+08:00,0.08426890814573006,0.10075630247592926,0.08243697847547744,0.10075630247592926,32000,0.0,0.0
2020-03-25 00:00:00+08:00,0.10075630247592926,0.10075630247592926,0.10075630247592926,0.10075630247592926,0,0.0,0.0
2020-03-26 00:00:00+08:00,0.09892437427128806,0.10533613844888765,0.08610083909160733,0.10442017018795013,201100,0.0,0.0
2020-03-27 00:00:00+08:00,0.10075630269370288,0.10533613711595535,0.08793277450077369,0.10533613711595535,64600,0.0,0.0
2020-03-30 00:00:00+08:00,0.10533613711595535,0.10533613711595535,0.10533613711595535,0.10533613711595535,0,0.0,0.0
2020-03-31 00:00:00+08:00,0.08884873986244202,0.08884873986244202,0.08884873986244202,0.08884873986244202,100,0.0,0.0
2020-04-01 00:00:00+08:00,0.09068067342665578,0.10167227206686659,0.0897647051671845,0.09984033554792404,50800,0.0,0.0
2020-04-02 00:00:00+08:00,0.09159664301233708,0.10350420325994492,0.09159664301233708,0.10350420325994492,84100,0.0,0.0
2020-04-03 00:00:00+08:00,0.10625210135279503,0.10808403789997101,0.08793277682792494,0.10808403789997101,45500,0.0,0.0
2020-04-06 00:00:00+08:00,0.10808403789997101,0.10808403789997101,0.10808403789997101,0.10808403789997101,0,0.0,0.0
2020-04-07 00:00:00+08:00,0.09159663899485108,0.10625209659337997,0.09159663899485108,0.10625209659337997,15400,0.0,0.0
2020-04-08 00:00:00+08:00,0.09526050684658506,0.10533613711595535,0.09526050684658506,0.10533613711595535,4500,0.0,0.0
2020-04-09 00:00:00+08:00,0.09892437000215315,0.10716806352138519,0.08243697613920783,0.10716806352138519,5500,0.0,0.0
2020-04-13 00:00:00+08:00,0.10716806352138519,0.10716806352138519,0.10716806352138519,0.10716806352138519,0,0.0,0.0
2020-04-14 00:00:00+08:00,0.09159664047570334,0.10075630247592926,0.09159664047570334,0.10075630247592926,76000,0.0,0.0
2020-04-15 00:00:00+08:00,0.1025882363319397,0.1025882363319397,0.1025882363319397,0.1025882363319397,2000,0.0,0.0
2020-04-16 00:00:00+08:00,0.10625209659337997,0.10625209659337997,0.09984033261443334,0.10625209659337997,10500,0.0,0.0
2020-04-17 00:00:00+08:00,0.10625209659337997,0.10625209659337997,0.10625209659337997,0.10625209659337997,0,0.0,0.0
2020-04-20 00:00:00+08:00,0.09709243652079719,0.10533613711595535,0.09617646827145042,0.10533613711595535,38000,0.0,0.0
2020-04-21 00:00:00+08:00,0.09709243381357932,0.1025882363319397,0.09709243381357932,0.1025882363319397,53500,0.0,0.0
2020-04-22 00:00:00+08:00,0.10258824064097545,0.10900000482797623,0.10258824064097545,0.10900000482797623,7900,0.0,0.0
2020-04-23 00:00:00+08:00,0.10900000482797623,0.10900000482797623,0.10900000482797623,0.10900000482797623,0,0.0,0.0
2020-04-24 00:00:00+08:00,0.10900000482797623,0.10900000482797623,0.10900000482797623,0.10900000482797623,0,0.0,0.0
2020-04-27 00:00:00+08:00,0.11724370698688767,0.11724370698688767,0.09159664309779529,0.10808403789997101,27200,0.0,0.0
2020-04-28 00:00:00+08:00,0.10533613711595535,0.10533613711595535,0.09709243652079719,0.10533613711595535,74100,0.0,0.0
2020-04-29 00:00:00+08:00,0.09159663811970017,0.1025882363319397,0.09159663811970017,0.1025882363319397,67500,0.0,0.0
2020-04-30 00:00:00+08:00,0.10350420061726179,0.10533613711595535,0.10350420061726179,0.10533613711595535,128500,0.0,0.0
2020-05-04 00:00:00+08:00,0.10442017153267831,0.10442017153267831,0.0970924389997743,0.10350420325994492,155200,0.0,0.0
2020-05-05 00:00:00+08:00,0.09800840585346299,0.10167227206686659,0.09800840585346299,0.09984033554792404,172500,0.0,0.0
2020-05-06 00:00:00+08:00,0.0980084016919136,0.10258823597032346,0.0970924334713354,0.0980084016919136,29800,0.0,0.0
2020-05-08 00:00:00+08:00,0.09709243631094261,0.10075630247592926,0.09709243631094261,0.10075630247592926,7500,0.0,0.0
2020-05-11 00:00:00+08:00,0.09434453839332298,0.10075630247592926,0.09434453839332298,0.10075630247592926,6600,0.0,0.0
2020-05-12 00:00:00+08:00,0.10075630247592926,0.10075630247592926,0.10075630247592926,0.10075630247592926,0,0.0,0.0
2020-05-13 00:00:00+08:00,0.10075630247592926,0.10075630247592926,0.10075630247592926,0.10075630247592926,0,0.0,0.0
2020-05-14 00:00:00+08:00,0.10075630580121162,0.10075630580121162,0.0952605097845934,0.09892437607049942,146800,0.0,0.0
2020-05-15 00:00:00+08:00,0.09434453816998717,0.09892437257149927,0.09434453816998717,0.09617646783590317,21800,0.0,0.0
2020-05-18 00:00:00+08:00,0.09342856992478846,0.09617646783590317,0.09342856992478846,0.09617646783590317,33700,0.0,0.0
2020-05-19 00:00:00+08:00,0.09617646783590317,0.09617646783590317,0.09526050641518587,0.09617646783590317,86300,0.0,0.0
2020-05-20 00:00:00+08:00,0.09342856741350375,0.0980084016919136,0.09342856741350375,0.0980084016919136,47500,0.0,0.0
2020-05-21 00:00:00+08:00,0.0980084016919136,0.0980084016919136,0.0980084016919136,0.0980084016919136,0,0.0,0.0
2020-05-22 00:00:00+08:00,0.09434453816998717,0.09617646783590317,0.09434453816998717,0.09617646783590317,13300,0.0,0.0
2020-05-26 00:00:00+08:00,0.09342856992478846,0.09617646783590317,0.09342856992478846,0.09617646783590317,29000,0.0,0.0
2020-05-27 00:00:00+08:00,0.09434454143047333,0.09434454143047333,0.09434454143047333,0.09434454143047333,100,0.0,0.0
2020-05-28 00:00:00+08:00,0.09434453816998717,0.09617646783590317,0.09434453816998717,0.09617646783590317,20300,0.0,0.0
2020-05-29 00:00:00+08:00,0.09434453816998717,0.09617646783590317,0.09342856992478846,0.09617646783590317,31600,0.0,0.0
2020-06-01 00:00:00+08:00,0.09342856705188751,0.09709243309553812,0.09342856705188751,0.09342856705188751,42500,0.0,0.0
2020-06-02 00:00:00+08:00,0.09342856705188751,0.09526050348595341,0.09342856705188751,0.09342856705188751,55700,0.0,0.0
2020-06-03 00:00:00+08:00,0.0934285689859762,0.09526050545796548,0.09251260757446289,0.09251260757446289,140900,0.0,0.0
2020-06-04 00:00:00+08:00,0.09526050545796548,0.09526050545796548,0.09251260757446289,0.09251260757446289,12600,0.0,0.0
2020-06-05 00:00:00+08:00,0.09709243652079719,0.10533613711595535,0.09617646827145042,0.10533613711595535,932500,0.0,0.0
2020-06-08 00:00:00+08:00,0.10716806785712223,0.1144958002758878,0.10716806785712223,0.11357983201742172,1885500,0.0,0.0
2020-06-09 00:00:00+08:00,0.11357983389253572,0.1144958021661237,0.10808403789997101,0.10808403789997101,2256400,0.0,0.0
2020-06-10 00:00:00+08:00,0.10991596626577524,0.10991596626577524,0.10716806830341513,0.10900000482797623,1600900,0.0,0.0
2020-06-11 00:00:00+08:00,0.10599999874830246,0.10999999940395355,0.10599999874830246,0.10700000077486038,598300,0.01,0.0
2020-06-12 00:00:00+08:00,0.10700000077486038,0.10700000077486038,0.10400000214576721,0.10400000214576721,125100,0.0,0.0
2020-06-15 00:00:00+08:00,0.10000000149011612,0.10499999672174454,0.0989999994635582,0.10400000214576721,397700,0.0,0.0
2020-06-16 00:00:00+08:00,0.10700000077486038,0.10700000077486038,0.10300000011920929,0.10599999874830246,511200,0.0,0.0
2020-06-17 00:00:00+08:00,0.10999999940395355,0.10999999940395355,0.10499999672174454,0.10599999874830246,330100,0.0,0.0
2020-06-18 00:00:00+08:00,0.10599999874830246,0.10599999874830246,0.10400000214576721,0.10400000214576721,210000,0.0,0.0
2020-06-19 00:00:00+08:00,0.10499999672174454,0.10599999874830246,0.10499999672174454,0.10499999672174454,49800,0.0,0.0
2020-06-22 00:00:00+08:00,0.10999999940395355,0.10999999940395355,0.10499999672174454,0.10499999672174454,218600,0.0,0.0
2020-06-23 00:00:00+08:00,0.10899999737739563,0.10899999737739563,0.10599999874830246,0.10700000077486038,48100,0.0,0.0
2020-06-24 00:00:00+08:00,0.10499999672174454,0.10700000077486038,0.10400000214576721,0.10400000214576721,113100,0.0,0.0
2020-06-25 00:00:00+08:00,0.10400000214576721,0.10400000214576721,0.10400000214576721,0.10400000214576721,0,0.0,0.0
2020-06-26 00:00:00+08:00,0.10899999737739563,0.10899999737739563,0.10300000011920929,0.10499999672174454,43400,0.0,0.0
2020-06-29 00:00:00+08:00,0.10499999672174454,0.1080000028014183,0.10499999672174454,0.10599999874830246,105500,0.0,0.0
2020-06-30 00:00:00+08:00,0.10700000077486038,0.10899999737739563,0.10599999874830246,0.10700000077486038,122500,0.0,0.0
2020-07-01 00:00:00+08:00,0.10700000077486038,0.10700000077486038,0.10700000077486038,0.10700000077486038,0,0.0,0.0
2020-07-02 00:00:00+08:00,0.10700000077486038,0.10700000077486038,0.10400000214576721,0.10599999874830246,68400,0.0,0.0
2020-07-03 00:00:00+08:00,0.10499999672174454,0.10999999940395355,0.10499999672174454,0.10599999874830246,107400,0.0,0.0
2020-07-06 00:00:00+08:00,0.10499999672174454,0.10899999737739563,0.10499999672174454,0.1080000028014183,222100,0.0,0.0
2020-07-07 00:00:00+08:00,0.10499999672174454,0.10499999672174454,0.10499999672174454,0.10499999672174454,133000,0.0,0.0
2020-07-08 00:00:00+08:00,0.10300000011920929,0.10899999737739563,0.10300000011920929,0.10499999672174454,125400,0.0,0.0
2020-07-09 00:00:00+08:00,0.10499999672174454,0.10499999672174454,0.10400000214576721,0.10400000214576721,158000,0.0,0.0
2020-07-13 00:00:00+08:00,0.10300000011920929,0.1080000028014183,0.10300000011920929,0.10300000011920929,233100,0.0,0.0
2020-07-14 00:00:00+08:00,0.10300000011920929,0.10599999874830246,0.10300000011920929,0.10599999874830246,35000,0.0,0.0
2020-07-15 00:00:00+08:00,0.10300000011920929,0.10400000214576721,0.10300000011920929,0.10400000214576721,38200,0.0,0.0
2020-07-16 00:00:00+08:00,0.10400000214576721,0.10400000214576721,0.10400000214576721,0.10400000214576721,0,0.0,0.0
2020-07-17 00:00:00+08:00,0.1080000028014183,0.1080000028014183,0.10300000011920929,0.10400000214576721,160300,0.0,0.0
2020-07-20 00:00:00+08:00,0.10400000214576721,0.10400000214576721,0.10400000214576721,0.10400000214576721,0,0.0,0.0
2020-07-21 00:00:00+08:00,0.10199999809265137,0.1080000028014183,0.10100000351667404,0.10499999672174454,73400,0.0,0.0
2020-07-22 00:00:00+08:00,0.10100000351667404,0.10199999809265137,0.10000000149011612,0.10100000351667404,184000,0.0,0.0
2020-07-23 00:00:00+08:00,0.10400000214576721,0.10400000214576721,0.0989999994635582,0.10000000149011612,169200,0.0,0.0
2020-07-24 00:00:00+08:00,0.0989999994635582,0.10300000011920929,0.0989999994635582,0.10300000011920929,3600,0.0,0.0
2020-07-27 00:00:00+08:00,0.0989999994635582,0.10199999809265137,0.09799999743700027,0.09799999743700027,16200,0.0,0.0
2020-07-28 00:00:00+08:00,0.09799999743700027,0.10700000077486038,0.09799999743700027,0.10400000214576721,44300,0.0,0.0
2020-07-29 00:00:00+08:00,0.10400000214576721,0.10400000214576721,0.10400000214576721,0.10400000214576721,0,0.0,0.0
2020-07-30 00:00:00+08:00,0.10400000214576721,0.10400000214576721,0.10400000214576721,0.10400000214576721,0,0.0,0.0
2020-08-03 00:00:00+08:00,0.10400000214576721,0.10400000214576721,0.09399999678134918,0.09399999678134918,25200,0.0,0.0
2020-08-04 00:00:00+08:00,0.10700000077486038,0.10700000077486038,0.09700000286102295,0.10199999809265137,15100,0.0,0.0
2020-08-05 00:00:00+08:00,0.10400000214576721,0.10400000214576721,0.0949999988079071,0.09799999743700027,568800,0.0,0.0
2020-08-06 00:00:00+08:00,0.0949999988079071,0.09600000083446503,0.09399999678134918,0.09399999678134918,687400,0.0,0.0
2020-08-07 00:00:00+08:00,0.10400000214576721,0.10400000214576721,0.09300000220537186,0.0949999988079071,70300,0.0,0.0
2020-08-11 00:00:00+08:00,0.10100000351667404,0.10100000351667404,0.09000000357627869,0.09399999678134918,125200,0.0,0.0
2020-08-12 00:00:00+08:00,0.09200000017881393,0.09799999743700027,0.09200000017881393,0.09700000286102295,45100,0.0,0.0
2020-08-13 00:00:00+08:00,0.0949999988079071,0.0989999994635582,0.09200000017881393,0.0989999994635582,36000,0.0,0.0
2020-08-14 00:00:00+08:00,0.08900000154972076,0.0949999988079071,0.08799999952316284,0.09399999678134918,63200,0.0,0.0
2020-08-17 00:00:00+08:00,0.08799999952316284,0.0949999988079071,0.08799999952316284,0.08799999952316284,72100,0.0,0.0
2020-08-18 00:00:00+08:00,0.09000000357627869,0.09399999678134918,0.08699999749660492,0.09000000357627869,171700,0.0,0.0
2020-08-19 00:00:00+08:00,0.0860000029206276,0.09399999678134918,0.08500000089406967,0.08799999952316284,898700,0.0,0.0
2020-08-20 00:00:00+08:00,0.09399999678134918,0.09399999678134918,0.09399999678134918,0.09399999678134918,100,0.0,0.0
2020-08-21 00:00:00+08:00,0.08799999952316284,0.08900000154972076,0.08699999749660492,0.08699999749660492,1297100,0.0,0.0
2020-08-24 00:00:00+08:00,0.09000000357627869,0.09000000357627869,0.08500000089406967,0.09000000357627869,9700,0.0,0.0
2020-08-25 00:00:00+08:00,0.09200000017881393,0.09200000017881393,0.08500000089406967,0.09200000017881393,13600,0.0,0.0
2020-08-26 00:00:00+08:00,0.08500000089406967,0.0949999988079071,0.08500000089406967,0.0860000029206276,691600,0.0,0.0
2020-08-27 00:00:00+08:00,0.09399999678134918,0.09399999678134918,0.08500000089406967,0.08500000089406967,110800,0.0,0.0
2020-08-28 00:00:00+08:00,0.09399999678134918,0.09399999678134918,0.08299999684095383,0.08500000089406967,603300,0.0,0.0
2020-08-31 00:00:00+08:00,0.09000000357627869,0.09000000357627869,0.08299999684095383,0.0860000029206276,277000,0.0,0.0
2020-09-01 00:00:00+08:00,0.0860000029206276,0.0860000029206276,0.0860000029206276,0.0860000029206276,0,0.0,0.0
2020-09-02 00:00:00+08:00,0.0860000029206276,0.0860000029206276,0.0860000029206276,0.0860000029206276,0,0.0,0.0
2020-09-03 00:00:00+08:00,0.0860000029206276,0.0860000029206276,0.08299999684095383,0.08299999684095383,80500,0.0,0.0
2020-09-04 00:00:00+08:00,0.08799999952316284,0.08799999952316284,0.08299999684095383,0.08299999684095383,84100,0.0,0.0
2020-09-07 00:00:00+08:00,0.09000000357627869,0.09000000357627869,0.08299999684095383,0.08299999684095383,38200,0.0,0.0
2020-09-08 00:00:00+08:00,0.08100000023841858,0.08799999952316284,0.08100000023841858,0.08299999684095383,190300,0.0,0.0
2020-09-09 00:00:00+08:00,0.08699999749660492,0.08699999749660492,0.08699999749660492,0.08699999749660492,100,0.0,0.0
2020-09-10 00:00:00+08:00,0.0820000022649765,0.0820000022649765,0.0820000022649765,0.0820000022649765,561000,0.0,0.0
2020-09-11 00:00:00+08:00,0.0820000022649765,0.08299999684095383,0.0820000022649765,0.0820000022649765,666000,0.0,0.0
2020-09-14 00:00:00+08:00,0.0820000022649765,0.0820000022649765,0.0820000022649765,0.0820000022649765,285500,0.0,0.0
2020-09-15 00:00:00+08:00,0.08399999886751175,0.08399999886751175,0.07999999821186066,0.0820000022649765,100200,0.0,0.0
2020-09-16 00:00:00+08:00,0.08100000023841858,0.0820000022649765,0.08100000023841858,0.0820000022649765,687500,0.0,0.0
2020-09-17 00:00:00+08:00,0.0820000022649765,0.0820000022649765,0.0820000022649765,0.0820000022649765,130500,0.0,0.0
2020-09-18 00:00:00+08:00,0.08100000023841858,0.08100000023841858,0.07999999821186066,0.07999999821186066,262500,0.0,0.0
2020-09-21 00:00:00+08:00,0.07999999821186066,0.07999999821186066,0.07999999821186066,0.07999999821186066,0,0.0,0.0
2020-09-22 00:00:00+08:00,0.08799999952316284,0.08799999952316284,0.08799999952316284,0.08799999952316284,100,0.0,0.0
2020-09-23 00:00:00+08:00,0.08799999952316284,0.08799999952316284,0.08799999952316284,0.08799999952316284,0,0.0,0.0
2020-09-24 00:00:00+08:00,0.08799999952316284,0.08799999952316284,0.08799999952316284,0.08799999952316284,0,0.0,0.0
2020-09-25 00:00:00+08:00,0.08699999749660492,0.08699999749660492,0.08699999749660492,0.08699999749660492,1100,0.0,0.0
2020-09-28 00:00:00+08:00,0.08699999749660492,0.08699999749660492,0.08699999749660492,0.08699999749660492,0,0.0,0.0
2020-09-29 00:00:00+08:00,0.08699999749660492,0.08699999749660492,0.08699999749660492,0.08699999749660492,0,0.0,0.0
2020-09-30 00:00:00+08:00,0.07599999755620956,0.0820000022649765,0.07500000298023224,0.07599999755620956,2402000,0.0,0.0
2020-10-01 00:00:00+08:00,0.07599999755620956,0.07999999821186066,0.07500000298023224,0.07599999755620956,2702100,0.0,0.0
2020-10-02 00:00:00+08:00,0.08299999684095383,0.08299999684095383,0.07599999755620956,0.07999999821186066,21300,0.0,0.0
2020-10-05 00:00:00+08:00,0.07999999821186066,0.07999999821186066,0.07999999821186066,0.07999999821186066,0,0.0,0.0
2020-10-06 00:00:00+08:00,0.0729999989271164,0.07999999821186066,0.0729999989271164,0.07999999821186066,18700,0.0,0.0
2020-10-07 00:00:00+08:00,0.07400000095367432,0.07999999821186066,0.0729999989271164,0.0729999989271164,583800,0.0,0.0
2020-10-08 00:00:00+08:00,0.07999999821186066,0.07999999821186066,0.07199999690055847,0.07599999755620956,21200,0.0,0.0
2020-10-09 00:00:00+08:00,0.07599999755620956,0.07599999755620956,0.07100000232458115,0.07199999690055847,1519300,0.0,0.0
2020-10-12 00:00:00+08:00,0.07599999755620956,0.07599999755620956,0.07599999755620956,0.07599999755620956,100,0.0,0.0
2020-10-13 00:00:00+08:00,0.07199999690055847,0.07500000298023224,0.07100000232458115,0.07100000232458115,3256200,0.0,0.0
2020-10-14 00:00:00+08:00,0.07000000029802322,0.07100000232458115,0.07000000029802322,0.07100000232458115,439500,0.0,0.0
2020-10-15 00:00:00+08:00,0.07100000232458115,0.07100000232458115,0.07000000029802322,0.07000000029802322,430200,0.0,0.0
2020-10-16 00:00:00+08:00,0.07699999958276749,0.07699999958276749,0.0729999989271164,0.0729999989271164,1600,0.0,0.0
2020-10-19 00:00:00+08:00,0.07500000298023224,0.07500000298023224,0.07500000298023224,0.07500000298023224,100,0.0,0.0
2020-10-20 00:00:00+08:00,0.06800000369548798,0.07000000029802322,0.06800000369548798,0.07000000029802322,500200,0.0,0.0
2020-10-21 00:00:00+08:00,0.07500000298023224,0.07500000298023224,0.07100000232458115,0.07199999690055847,1200,0.0,0.0
2020-10-22 00:00:00+08:00,0.07199999690055847,0.07199999690055847,0.07199999690055847,0.07199999690055847,2300,0.0,0.0
2020-10-23 00:00:00+08:00,0.07199999690055847,0.07199999690055847,0.06700000166893005,0.07100000232458115,101500,0.0,0.0
2020-10-26 00:00:00+08:00,0.07599999755620956,0.07599999755620956,0.07000000029802322,0.07100000232458115,19600,0.0,0.0
2020-10-27 00:00:00+08:00,0.07100000232458115,0.07100000232458115,0.07100000232458115,0.07100000232458115,0,0.0,0.0
2020-10-28 00:00:00+08:00,0.06800000369548798,0.07000000029802322,0.06800000369548798,0.07000000029802322,9300,0.0,0.0
2020-10-29 00:00:00+08:00,0.06599999964237213,0.07000000029802322,0.06599999964237213,0.07000000029802322,60100,0.0,0.0
2020-10-30 00:00:00+08:00,0.06599999964237213,0.0689999982714653,0.06599999964237213,0.06599999964237213,1186100,0.0,0.0
2020-11-02 00:00:00+08:00,0.07599999755620956,0.07599999755620956,0.06599999964237213,0.07500000298023224,25800,0.0,0.0
2020-11-03 00:00:00+08:00,0.07599999755620956,0.07599999755620956,0.07599999755620956,0.07599999755620956,100,0.0,0.0
2020-11-04 00:00:00+08:00,0.07599999755620956,0.07599999755620956,0.07599999755620956,0.07599999755620956,0,0.0,0.0
2020-11-05 00:00:00+08:00,0.07599999755620956,0.07599999755620956,0.07599999755620956,0.07599999755620956,0,0.0,0.0
2020-11-06 00:00:00+08:00,0.07999999821186066,0.07999999821186066,0.07999999821186066,0.07999999821186066,200,0.0,0.0
2020-11-09 00:00:00+08:00,0.07999999821186066,0.07999999821186066,0.07999999821186066,0.07999999821186066,0,0.0,0.0
2020-11-10 00:00:00+08:00,0.06300000101327896,0.07699999958276749,0.06199999898672104,0.0729999989271164,4800,0.0,0.0
2020-11-11 00:00:00+08:00,0.0729999989271164,0.0729999989271164,0.0729999989271164,0.0729999989271164,0,0.0,0.0
2020-11-12 00:00:00+08:00,0.06400000303983688,0.07100000232458115,0.06400000303983688,0.07100000232458115,221500,0.0,0.0
2020-11-13 00:00:00+08:00,0.06300000101327896,0.07000000029802322,0.06300000101327896,0.07000000029802322,10400,0.0,0.0
2020-11-16 00:00:00+08:00,0.07000000029802322,0.08399999886751175,0.06700000166893005,0.0820000022649765,306900,0.0,0.0
2020-11-17 00:00:00+08:00,0.06800000369548798,0.0820000022649765,0.06800000369548798,0.0820000022649765,900,0.0,0.0
2020-11-18 00:00:00+08:00,0.07000000029802322,0.07100000232458115,0.07000000029802322,0.07100000232458115,323900,0.0,0.0
2020-11-19 00:00:00+08:00,0.07900000363588333,0.07900000363588333,0.07900000363588333,0.07900000363588333,3700,0.0,0.0
2020-11-20 00:00:00+08:00,0.07900000363588333,0.07900000363588333,0.07900000363588333,0.07900000363588333,0,0.0,0.0
2020-11-23 00:00:00+08:00,0.06700000166893005,0.08299999684095383,0.05999999865889549,0.08299999684095383,101100,0.0,0.0
2020-11-24 00:00:00+08:00,0.08299999684095383,0.08299999684095383,0.08299999684095383,0.08299999684095383,0,0.0,0.0
2020-11-25 00:00:00+08:00,0.08100000023841858,0.08299999684095383,0.07000000029802322,0.07000000029802322,386400,0.0,0.0
2020-11-26 00:00:00+08:00,0.07000000029802322,0.07999999821186066,0.07000000029802322,0.07000000029802322,736100,0.0,0.0
2020-11-27 00:00:00+08:00,0.07599999755620956,0.07599999755620956,0.07500000298023224,0.07500000298023224,128100,0.0,0.0
2020-11-30 00:00:00+08:00,0.07500000298023224,0.07500000298023224,0.07500000298023224,0.07500000298023224,0,0.0,0.0
2020-12-01 00:00:00+08:00,0.06599999964237213,0.07500000298023224,0.06599999964237213,0.07500000298023224,18100,0.0,0.0
2020-12-02 00:00:00+08:00,0.0689999982714653,0.0689999982714653,0.06800000369548798,0.06800000369548798,46000,0.0,0.0
2020-12-03 00:00:00+08:00,0.07800000160932541,0.07999999821186066,0.07000000029802322,0.07000000029802322,865600,0.0,0.0
2020-12-04 00:00:00+08:00,0.07000000029802322,0.07000000029802322,0.07000000029802322,0.07000000029802322,200000,0.0,0.0
2020-12-07 00:00:00+08:00,0.07699999958276749,0.07699999958276749,0.06800000369548798,0.06800000369548798,80100,0.0,0.0
2020-12-08 00:00:00+08:00,0.06599999964237213,0.0729999989271164,0.06599999964237213,0.0729999989271164,51200,0.0,0.0
2020-12-09 00:00:00+08:00,0.06800000369548798,0.0729999989271164,0.06800000369548798,0.0729999989271164,320300,0.0,0.0
2020-12-10 00:00:00+08:00,0.06599999964237213,0.07000000029802322,0.06599999964237213,0.07000000029802322,173500,0.0,0.0
2020-12-11 00:00:00+08:00,0.0689999982714653,0.07000000029802322,0.0689999982714653,0.07000000029802322,191000,0.0,0.0
2020-12-14 00:00:00+08:00,0.06800000369548798,0.06800000369548798,0.06800000369548798,0.06800000369548798,42600,0.0,0.0
2020-12-15 00:00:00+08:00,0.0689999982714653,0.07000000029802322,0.0689999982714653,0.07000000029802322,207200,0.0,0.0
2020-12-16 00:00:00+08:00,0.07000000029802322,0.07000000029802322,0.07000000029802322,0.07000000029802322,0,0.0,0.0
2020-12-17 00:00:00+08:00,0.07000000029802322,0.07000000029802322,0.07000000029802322,0.07000000029802322,0,0.0,0.0
2020-12-18 00:00:00+08:00,0.07000000029802322,0.07000000029802322,0.06800000369548798,0.06800000369548798,893000,0.0,0.0
2020-12-21 00:00:00+08:00,0.06800000369548798,0.06800000369548798,0.06800000369548798,0.06800000369548798,0,0.0,0.0
2020-12-22 00:00:00+08:00,0.06800000369548798,0.06800000369548798,0.06800000369548798,0.06800000369548798,76700,0.0,0.0
2020-12-23 00:00:00+08:00,0.06800000369548798,0.06800000369548798,0.06800000369548798,0.06800000369548798,0,0.0,0.0
2020-12-24 00:00:00+08:00,0.06599999964237213,0.0729999989271164,0.06599999964237213,0.0729999989271164,55500,0.0,0.0
2020-12-28 00:00:00+08:00,0.0729999989271164,0.0729999989271164,0.0729999989271164,0.0729999989271164,0,0.0,0.0
2020-12-29 00:00:00+08:00,0.07000000029802322,0.07100000232458115,0.06700000166893005,0.07100000232458115,11400,0.0,0.0
2020-12-30 00:00:00+08:00,0.07100000232458115,0.07100000232458115,0.07100000232458115,0.07100000232458115,0,0.0,0.0
2020-12-31 00:00:00+08:00,0.0689999982714653,0.0689999982714653,0.06800000369548798,0.07100000232458115,50000,0.0,0.0
2021-01-04 00:00:00+08:00,0.07199999690055847,0.07199999690055847,0.07199999690055847,0.07199999690055847,10000,0.0,0.0
2021-01-05 00:00:00+08:00,0.06599999964237213,0.07199999690055847,0.06599999964237213,0.07199999690055847,17300,0.0,0.0
2021-01-06 00:00:00+08:00,0.06800000369548798,0.06800000369548798,0.06700000166893005,0.06700000166893005,6100,0.0,0.0
2021-01-07 00:00:00+08:00,0.06800000369548798,0.06800000369548798,0.06800000369548798,0.06800000369548798,36800,0.0,0.0
2021-01-08 00:00:00+08:00,0.06700000166893005,0.07199999690055847,0.06700000166893005,0.06700000166893005,204000,0.0,0.0
2021-01-11 00:00:00+08:00,0.07199999690055847,0.07199999690055847,0.0689999982714653,0.0689999982714653,380200,0.0,0.0
2021-01-12 00:00:00+08:00,0.06700000166893005,0.07100000232458115,0.06700000166893005,0.07100000232458115,118200,0.0,0.0
2021-01-13 00:00:00+08:00,0.07100000232458115,0.07100000232458115,0.07100000232458115,0.07100000232458115,0,0.0,0.0
2021-01-14 00:00:00+08:00,0.07100000232458115,0.07100000232458115,0.06800000369548798,0.06800000369548798,173500,0.0,0.0
2021-01-15 00:00:00+08:00,0.07400000095367432,0.07400000095367432,0.0689999982714653,0.07199999690055847,187900,0.0,0.0
2021-01-18 00:00:00+08:00,0.06800000369548798,0.06800000369548798,0.06800000369548798,0.06800000369548798,16700,0.0,0.0
2021-01-19 00:00:00+08:00,0.06800000369548798,0.06800000369548798,0.06800000369548798,0.06800000369548798,20800,0.0,0.0
2021-01-20 00:00:00+08:00,0.0689999982714653,0.07199999690055847,0.06800000369548798,0.0689999982714653,968300,0.0,0.0
2021-01-21 00:00:00+08:00,0.0689999982714653,0.0689999982714653,0.0689999982714653,0.0689999982714653,0,0.0,0.0
2021-01-22 00:00:00+08:00,0.0689999982714653,0.0689999982714653,0.0689999982714653,0.0689999982714653,9800,0.0,0.0
2021-01-25 00:00:00+08:00,0.07000000029802322,0.07900000363588333,0.07000000029802322,0.07100000232458115,183100,0.0,0.0
2021-01-26 00:00:00+08:00,0.0689999982714653,0.0689999982714653,0.0689999982714653,0.0689999982714653,242200,0.0,0.0
2021-01-27 00:00:00+08:00,0.06800000369548798,0.07199999690055847,0.06800000369548798,0.07199999690055847,9500,0.0,0.0
2021-01-28 00:00:00+08:00,0.07000000029802322,0.07000000029802322,0.06800000369548798,0.06800000369548798,148900,0.0,0.0
2021-01-29 00:00:00+08:00,0.06800000369548798,0.06800000369548798,0.06800000369548798,0.06800000369548798,0,0.0,0.0
2021-02-01 00:00:00+08:00,0.06800000369548798,0.06800000369548798,0.06800000369548798,0.06800000369548798,0,0.0,0.0
2021-02-02 00:00:00+08:00,0.06700000166893005,0.06700000166893005,0.06700000166893005,0.06700000166893005,25000,0.0,0.0
2021-02-03 00:00:00+08:00,0.06700000166893005,0.06700000166893005,0.06700000166893005,0.06700000166893005,0,0.0,0.0
2021-02-04 00:00:00+08:00,0.06599999964237213,0.0689999982714653,0.06599999964237213,0.0689999982714653,17300,0.0,0.0
2021-02-05 00:00:00+08:00,0.0689999982714653,0.0689999982714653,0.06599999964237213,0.06599999964237213,15000,0.0,0.0
2021-02-08 00:00:00+08:00,0.06599999964237213,0.07199999690055847,0.06599999964237213,0.07199999690055847,5200,0.0,0.0
2021-02-09 00:00:00+08:00,0.06599999964237213,0.0689999982714653,0.06499999761581421,0.06599999964237213,225700,0.0,0.0
2021-02-10 00:00:00+08:00,0.06499999761581421,0.07000000029802322,0.06499999761581421,0.06599999964237213,239000,0.0,0.0
2021-02-11 00:00:00+08:00,0.06599999964237213,0.06599999964237213,0.06599999964237213,0.06599999964237213,0,0.0,0.0
2021-02-15 00:00:00+08:00,0.06300000101327896,0.07100000232458115,0.06199999898672104,0.07100000232458115,13100,0.0,0.0
2021-02-16 00:00:00+08:00,0.06400000303983688,0.07100000232458115,0.06300000101327896,0.06400000303983688,126700,0.0,0.0
2021-02-17 00:00:00+08:00,0.06599999964237213,0.07199999690055847,0.06400000303983688,0.07000000029802322,161000,0.0,0.0
2021-02-18 00:00:00+08:00,0.06400000303983688,0.0689999982714653,0.06400000303983688,0.0689999982714653,201300,0.0,0.0
2021-02-19 00:00:00+08:00,0.07000000029802322,0.07000000029802322,0.06599999964237213,0.07000000029802322,62300,0.0,0.0
2021-02-22 00:00:00+08:00,0.07100000232458115,0.07100000232458115,0.07100000232458115,0.07100000232458115,100,0.0,0.0
2021-02-23 00:00:00+08:00,0.06700000166893005,0.06800000369548798,0.06599999964237213,0.06700000166893005,1842000,0.0,0.0
2021-02-24 00:00:00+08:00,0.07000000029802322,0.07000000029802322,0.06499999761581421,0.07000000029802322,4700,0.0,0.0
2021-02-25 00:00:00+08:00,0.07100000232458115,0.09600000083446503,0.06599999964237213,0.06800000369548798,365300,0.0,0.0
2021-02-26 00:00:00+08:00,0.06599999964237213,0.07000000029802322,0.06599999964237213,0.07000000029802322,45200,0.0,0.0
2021-03-01 00:00:00+08:00,0.06599999964237213,0.0689999982714653,0.06599999964237213,0.0689999982714653,70000,0.0,0.0
2021-03-02 00:00:00+08:00,0.06599999964237213,0.0689999982714653,0.06499999761581421,0.06599999964237213,243800,0.0,0.0
2021-03-03 00:00:00+08:00,0.06400000303983688,0.07000000029802322,0.06400000303983688,0.07000000029802322,19600,0.0,0.0
2021-03-04 00:00:00+08:00,0.06300000101327896,0.0689999982714653,0.06300000101327896,0.0689999982714653,3700,0.0,0.0
2021-03-05 00:00:00+08:00,0.07000000029802322,0.07599999755620956,0.06599999964237213,0.06599999964237213,129000,0.0,0.0
2021-03-08 00:00:00+08:00,0.06599999964237213,0.06599999964237213,0.06599999964237213,0.06599999964237213,1300,0.0,0.0
2021-03-09 00:00:00+08:00,0.07000000029802322,0.07000000029802322,0.06599999964237213,0.06599999964237213,3100,0.0,0.0
2021-03-10 00:00:00+08:00,0.06700000166893005,0.06700000166893005,0.06700000166893005,0.06700000166893005,51400,0.0,0.0
2021-03-11 00:00:00+08:00,0.07000000029802322,0.07000000029802322,0.06599999964237213,0.06700000166893005,377700,0.0,0.0
2021-03-12 00:00:00+08:00,0.06400000303983688,0.0689999982714653,0.06400000303983688,0.06700000166893005,11200,0.0,0.0
2021-03-15 00:00:00+08:00,0.06499999761581421,0.07000000029802322,0.061000000685453415,0.0689999982714653,368800,0.0,0.0
2021-03-16 00:00:00+08:00,0.06499999761581421,0.06800000369548798,0.06300000101327896,0.06300000101327896,45700,0.0,0.0
2021-03-17 00:00:00+08:00,0.06800000369548798,0.06800000369548798,0.06199999898672104,0.06300000101327896,3244100,0.0,0.0
2021-03-18 00:00:00+08:00,0.06300000101327896,0.06499999761581421,0.06199999898672104,0.06300000101327896,501100,0.0,0.0
2021-03-19 00:00:00+08:00,0.06199999898672104,0.06499999761581421,0.061000000685453415,0.061000000685453415,3347600,0.0,0.0
2021-03-22 00:00:00+08:00,0.06199999898672104,0.06599999964237213,0.06199999898672104,0.06300000101327896,948400,0.0,0.0
2021-03-23 00:00:00+08:00,0.06199999898672104,0.06499999761581421,0.06199999898672104,0.06499999761581421,1270000,0.0,0.0
2021-03-24 00:00:00+08:00,0.06499999761581421,0.07500000298023224,0.06400000303983688,0.06700000166893005,26213500,0.0,0.0
2021-03-25 00:00:00+08:00,0.0689999982714653,0.07000000029802322,0.06700000166893005,0.0689999982714653,2134000,0.0,0.0
2021-03-26 00:00:00+08:00,0.0689999982714653,0.0689999982714653,0.06599999964237213,0.06599999964237213,719600,0.0,0.0
2021-03-29 00:00:00+08:00,0.06599999964237213,0.06800000369548798,0.06499999761581421,0.06800000369548798,800200,0.0,0.0
2021-03-30 00:00:00+08:00,0.06499999761581421,0.06700000166893005,0.06499999761581421,0.06499999761581421,868500,0.0,0.0
2021-03-31 00:00:00+08:00,0.06499999761581421,0.06800000369548798,0.06499999761581421,0.06800000369548798,2082900,0.0,0.0
2021-04-01 00:00:00+08:00,0.06800000369548798,0.0689999982714653,0.06700000166893005,0.06800000369548798,633200,0.0,0.0
2021-04-05 00:00:00+08:00,0.0689999982714653,0.0689999982714653,0.06800000369548798,0.06800000369548798,57900,0.0,0.0
2021-04-06 00:00:00+08:00,0.06800000369548798,0.06800000369548798,0.06599999964237213,0.06599999964237213,740800,0.0,0.0
2021-04-07 00:00:00+08:00,0.06700000166893005,0.07599999755620956,0.06700000166893005,0.0729999989271164,8616900,0.0,0.0
2021-04-08 00:00:00+08:00,0.07199999690055847,0.09600000083446503,0.07100000232458115,0.08500000089406967,37669000,0.0,0.0
2021-04-09 00:00:00+08:00,0.08799999952316284,0.09300000220537186,0.08500000089406967,0.08699999749660492,7264900,0.0,0.0
2021-04-12 00:00:00+08:00,0.08500000089406967,0.0860000029206276,0.0820000022649765,0.08399999886751175,1778400,0.0,0.0
2021-04-13 00:00:00+08:00,0.0820000022649765,0.08500000089406967,0.07900000363588333,0.08299999684095383,3704500,0.0,0.0
2021-04-14 00:00:00+08:00,0.0820000022649765,0.0820000022649765,0.07800000160932541,0.07999999821186066,2588300,0.0,0.0
2021-04-15 00:00:00+08:00,0.07999999821186066,0.08699999749660492,0.07999999821186066,0.08500000089406967,9185000,0.0,0.0
2021-04-16 00:00:00+08:00,0.08699999749660492,0.09000000357627869,0.08399999886751175,0.08699999749660492,9116100,0.0,0.0
2021-04-19 00:00:00+08:00,0.0860000029206276,0.08699999749660492,0.08500000089406967,0.0860000029206276,2036200,0.0,0.0
2021-04-20 00:00:00+08:00,0.0860000029206276,0.08699999749660492,0.08299999684095383,0.08399999886751175,2407400,0.0,0.0
2021-04-21 00:00:00+08:00,0.0820000022649765,0.0820000022649765,0.07800000160932541,0.07999999821186066,2908100,0.0,0.0
2021-04-22 00:00:00+08:00,0.08100000023841858,0.0820000022649765,0.07800000160932541,0.07900000363588333,2426900,0.0,0.0
2021-04-23 00:00:00+08:00,0.07900000363588333,0.08299999684095383,0.07800000160932541,0.08100000023841858,2190500,0.0,0.0
2021-04-26 00:00:00+08:00,0.0820000022649765,0.08500000089406967,0.0820000022649765,0.08399999886751175,3865700,0.0,0.0
2021-04-27 00:00:00+08:00,0.08299999684095383,0.08299999684095383,0.0820000022649765,0.08299999684095383,1810000,0.0,0.0
2021-04-28 00:00:00+08:00,0.08299999684095383,0.08500000089406967,0.0820000022649765,0.08299999684095383,2428200,0.0,0.0
2021-04-29 00:00:00+08:00,0.0820000022649765,0.0820000022649765,0.0820000022649765,0.0820000022649765,1623400,0.0,0.0
2021-04-30 00:00:00+08:00,0.0820000022649765,0.08299999684095383,0.07999999821186066,0.07999999821186066,934400,0.0,0.0
2021-05-03 00:00:00+08:00,0.08100000023841858,0.08100000023841858,0.07800000160932541,0.07800000160932541,1916200,0.0,0.0
2021-05-04 00:00:00+08:00,0.07999999821186066,0.07999999821186066,0.07699999958276749,0.07699999958276749,495000,0.0,0.0
2021-05-05 00:00:00+08:00,0.07699999958276749,0.07800000160932541,0.0729999989271164,0.07400000095367432,3119800,0.0,0.0
2021-05-06 00:00:00+08:00,0.07500000298023224,0.07500000298023224,0.07400000095367432,0.07500000298023224,363200,0.0,0.0
2021-05-07 00:00:00+08:00,0.07500000298023224,0.07500000298023224,0.07199999690055847,0.0729999989271164,759000,0.0,0.0
2021-05-10 00:00:00+08:00,0.0729999989271164,0.0729999989271164,0.07000000029802322,0.07000000029802322,972000,0.0,0.0
2021-05-11 00:00:00+08:00,0.07000000029802322,0.07100000232458115,0.0689999982714653,0.07100000232458115,1142400,0.0,0.0
2021-05-12 00:00:00+08:00,0.07000000029802322,0.07199999690055847,0.07000000029802322,0.07000000029802322,670000,0.0,0.0
2021-05-14 00:00:00+08:00,0.0689999982714653,0.07000000029802322,0.06700000166893005,0.0689999982714653,820900,0.0,0.0
2021-05-17 00:00:00+08:00,0.0689999982714653,0.07100000232458115,0.0689999982714653,0.07000000029802322,49000,0.0,0.0
2021-05-18 00:00:00+08:00,0.07100000232458115,0.07199999690055847,0.06800000369548798,0.07199999690055847,566600,0.0,0.0
2021-05-19 00:00:00+08:00,0.07000000029802322,0.07000000029802322,0.0689999982714653,0.07000000029802322,600100,0.0,0.0
2021-05-20 00:00:00+08:00,0.0689999982714653,0.0729999989271164,0.0689999982714653,0.0729999989271164,1264700,0.0,0.0
2021-05-21 00:00:00+08:00,0.0729999989271164,0.0729999989271164,0.07100000232458115,0.07199999690055847,362900,0.0,0.0
2021-05-24 00:00:00+08:00,0.07100000232458115,0.07199999690055847,0.07000000029802322,0.07199999690055847,692500,0.0,0.0
2021-05-25 00:00:00+08:00,0.07199999690055847,0.07699999958276749,0.07199999690055847,0.07500000298023224,3250000,0.0,0.0
2021-05-27 00:00:00+08:00,0.07500000298023224,0.07699999958276749,0.07500000298023224,0.07599999755620956,1387900,0.0,0.0
2021-05-28 00:00:00+08:00,0.07500000298023224,0.0860000029206276,0.07400000095367432,0.08500000089406967,7883600,0.0,0.0
2021-05-31 00:00:00+08:00,0.08399999886751175,0.08399999886751175,0.07999999821186066,0.08100000023841858,2527800,0.0,0.0
2021-06-01 00:00:00+08:00,0.08100000023841858,0.0949999988079071,0.07999999821186066,0.0860000029206276,30664700,0.0,0.0
2021-06-02 00:00:00+08:00,0.08699999749660492,0.08799999952316284,0.08500000089406967,0.08699999749660492,3527600,0.0,0.0
2021-06-03 00:00:00+08:00,0.08699999749660492,0.08699999749660492,0.08399999886751175,0.08399999886751175,2588400,0.0,0.0
2021-06-04 00:00:00+08:00,0.08500000089406967,0.0860000029206276,0.08299999684095383,0.08299999684095383,1225600,0.0,0.0
2021-06-07 00:00:00+08:00,0.08399999886751175,0.09000000357627869,0.08399999886751175,0.08799999952316284,6828500,0.0,0.0
2021-06-08 00:00:00+08:00,0.09399999678134918,0.10499999672174454,0.09099999815225601,0.0949999988079071,60141500,0.0,0.0
2021-06-09 00:00:00+08:00,0.0949999988079071,0.09700000286102295,0.09200000017881393,0.09399999678134918,4485500,0.0,0.0
2021-06-10 00:00:00+08:00,0.0949999988079071,0.0949999988079071,0.09300000220537186,0.09399999678134918,2392400,0.0,0.0
2021-06-11 00:00:00+08:00,0.09399999678134918,0.09799999743700027,0.09399999678134918,0.0949999988079071,5730400,0.0,0.0
2021-06-14 00:00:00+08:00,0.0949999988079071,0.10499999672174454,0.0949999988079071,0.10300000011920929,12711000,0.0,0.0
2021-06-15 00:00:00+08:00,0.10499999672174454,0.12600000202655792,0.10199999809265137,0.11299999803304672,63293000,0.0,0.0
2021-06-16 00:00:00+08:00,0.11500000208616257,0.11599999666213989,0.10899999737739563,0.10999999940395355,8818700,0.0,0.0
2021-06-17 00:00:00+08:00,0.10999999940395355,0.11299999803304672,0.10899999737739563,0.10899999737739563,2496500,0.0,0.0
2021-06-18 00:00:00+08:00,0.11100000143051147,0.11500000208616257,0.10899999737739563,0.10899999737739563,3557500,0.0,0.0
2021-06-21 00:00:00+08:00,0.11100000143051147,0.11100000143051147,0.10400000214576721,0.10400000214576721,9530900,0.0,0.0
2021-06-22 00:00:00+08:00,0.10499999672174454,0.1080000028014183,0.10100000351667404,0.10100000351667404,5070300,0.0,0.0
2021-06-23 00:00:00+08:00,0.10100000351667404,0.10400000214576721,0.10100000351667404,0.10199999809265137,2595400,0.0,0.0
2021-06-24 00:00:00+08:00,0.10100000351667404,0.10599999874830246,0.10000000149011612,0.10300000011920929,2845600,0.0,0.0
2021-06-25 00:00:00+08:00,0.10499999672174454,0.10499999672174454,0.09600000083446503,0.09600000083446503,5117800,0.0,0.0
2021-06-28 00:00:00+08:00,0.0949999988079071,0.0989999994635582,0.0949999988079071,0.09700000286102295,2716500,0.0,0.0
2021-06-29 00:00:00+08:00,0.09600000083446503,0.10100000351667404,0.09600000083446503,0.0989999994635582,3212300,0.0,0.0
2021-06-30 00:00:00+08:00,0.0989999994635582,0.10300000011920929,0.09799999743700027,0.10000000149011612,4413100,0.0,0.0
2021-07-01 00:00:00+08:00,0.10100000351667404,0.10199999809265137,0.0989999994635582,0.0989999994635582,4169000,0.0,0.0
2021-07-02 00:00:00+08:00,0.10000000149011612,0.10599999874830246,0.10000000149011612,0.10199999809265137,11220200,0.0,0.0
2021-07-05 00:00:00+08:00,0.10300000011920929,0.10300000011920929,0.10000000149011612,0.10199999809265137,2467900,0.0,0.0
2021-07-06 00:00:00+08:00,0.10300000011920929,0.10300000011920929,0.10000000149011612,0.10000000149011612,2210500,0.0,0.0
2021-07-07 00:00:00+08:00,0.10000000149011612,0.10199999809265137,0.0989999994635582,0.0989999994635582,1573100,0.0,0.0
2021-07-08 00:00:00+08:00,0.0989999994635582,0.0989999994635582,0.09399999678134918,0.09399999678134918,3724800,0.0,0.0
2021-07-09 00:00:00+08:00,0.09600000083446503,0.10000000149011612,0.0949999988079071,0.10000000149011612,4175800,0.0,0.0
2021-07-12 00:00:00+08:00,0.10000000149011612,0.10100000351667404,0.09700000286102295,0.09799999743700027,892800,0.0,0.0
2021-07-13 00:00:00+08:00,0.09700000286102295,0.10100000351667404,0.09700000286102295,0.09799999743700027,2468100,0.0,0.0
2021-07-14 00:00:00+08:00,0.09799999743700027,0.0989999994635582,0.09700000286102295,0.09799999743700027,274100,0.0,0.0
2021-07-15 00:00:00+08:00,0.09700000286102295,0.0989999994635582,0.09700000286102295,0.0989999994635582,432600,0.0,0.0
2021-07-16 00:00:00+08:00,0.09799999743700027,0.10000000149011612,0.09799999743700027,0.0989999994635582,1029900,0.0,0.0
2021-07-19 00:00:00+08:00,0.09700000286102295,0.09799999743700027,0.0949999988079071,0.09700000286102295,720300,0.0,0.0
2021-07-21 00:00:00+08:00,0.09700000286102295,0.09700000286102295,0.0949999988079071,0.09700000286102295,176000,0.0,0.0
2021-07-22 00:00:00+08:00,0.09600000083446503,0.09700000286102295,0.0949999988079071,0.09700000286102295,348200,0.0,0.0
2021-07-23 00:00:00+08:00,0.09399999678134918,0.09600000083446503,0.09300000220537186,0.09600000083446503,805400,0.0,0.0
2021-07-26 00:00:00+08:00,0.0949999988079071,0.0949999988079071,0.09300000220537186,0.09300000220537186,236400,0.0,0.0
2021-07-27 00:00:00+08:00,0.09399999678134918,0.0949999988079071,0.09399999678134918,0.0949999988079071,177500,0.0,0.0
2021-07-28 00:00:00+08:00,0.09399999678134918,0.0949999988079071,0.09200000017881393,0.0949999988079071,324000,0.0,0.0
2021-07-29 00:00:00+08:00,0.09300000220537186,0.0949999988079071,0.09099999815225601,0.09399999678134918,890800,0.0,0.0
2021-07-30 00:00:00+08:00,0.09300000220537186,0.0949999988079071,0.09200000017881393,0.09399999678134918,278800,0.0,0.0
2021-08-02 00:00:00+08:00,0.09399999678134918,0.09600000083446503,0.09300000220537186,0.09600000083446503,106700,0.0,0.0
2021-08-03 00:00:00+08:00,0.09300000220537186,0.09700000286102295,0.09300000220537186,0.09399999678134918,133800,0.0,0.0
2021-08-04 00:00:00+08:00,0.09200000017881393,0.09300000220537186,0.09200000017881393,0.09300000220537186,161900,0.0,0.0
2021-08-05 00:00:00+08:00,0.09200000017881393,0.0949999988079071,0.09200000017881393,0.0949999988079071,21800,0.0,0.0
2021-08-06 00:00:00+08:00,0.09600000083446503,0.0989999994635582,0.09399999678134918,0.09399999678134918,691800,0.0,0.0
2021-08-10 00:00:00+08:00,0.09300000220537186,0.09300000220537186,0.09300000220537186,0.09300000220537186,505500,0.0,0.0
2021-08-11 00:00:00+08:00,0.0949999988079071,0.0949999988079071,0.09000000357627869,0.09000000357627869,1530900,0.0,0.0
2021-08-12 00:00:00+08:00,0.09000000357627869,0.09099999815225601,0.08900000154972076,0.09099999815225601,32900,0.0,0.0
2021-08-13 00:00:00+08:00,0.09099999815225601,0.09300000220537186,0.09099999815225601,0.09300000220537186,55000,0.0,0.0
2021-08-16 00:00:00+08:00,0.09399999678134918,0.0949999988079071,0.09300000220537186,0.09399999678134918,729300,0.0,0.0
2021-08-17 00:00:00+08:00,0.09099999815225601,0.09200000017881393,0.09000000357627869,0.09099999815225601,478800,0.0,0.0
2021-08-18 00:00:00+08:00,0.09099999815225601,0.09300000220537186,0.09099999815225601,0.09300000220537186,16000,0.0,0.0
2021-08-19 00:00:00+08:00,0.09000000357627869,0.09300000220537186,0.08900000154972076,0.09300000220537186,177300,0.0,0.0
2021-08-20 00:00:00+08:00,0.09000000357627869,0.09399999678134918,0.09000000357627869,0.09300000220537186,426700,0.0,0.0
2021-08-23 00:00:00+08:00,0.09300000220537186,0.09300000220537186,0.09300000220537186,0.09300000220537186,0,0.0,0.0
2021-08-24 00:00:00+08:00,0.09000000357627869,0.09399999678134918,0.09000000357627869,0.09300000220537186,742400,0.0,0.0
2021-08-25 00:00:00+08:00,0.09200000017881393,0.09399999678134918,0.09200000017881393,0.09300000220537186,152900,0.0,0.0
2021-08-26 00:00:00+08:00,0.09300000220537186,0.09300000220537186,0.09300000220537186,0.09300000220537186,0,0.0,0.0
2021-08-27 00:00:00+08:00,0.09300000220537186,0.09300000220537186,0.09099999815225601,0.09300000220537186,191100,0.0,0.0
2021-08-30 00:00:00+08:00,0.09200000017881393,0.09300000220537186,0.09200000017881393,0.09300000220537186,3000,0.0,0.0
2021-08-31 00:00:00+08:00,0.09099999815225601,0.09200000017881393,0.09099999815225601,0.09099999815225601,322100,0.0,0.0
2021-09-01 00:00:00+08:00,0.09099999815225601,0.09099999815225601,0.09000000357627869,0.09000000357627869,92900,0.0,0.0
2021-09-02 00:00:00+08:00,0.09000000357627869,0.09099999815225601,0.09000000357627869,0.09099999815225601,207000,0.0,0.0
2021-09-03 00:00:00+08:00,0.09200000017881393,0.09399999678134918,0.09099999815225601,0.09300000220537186,545900,0.0,0.0
2021-09-06 00:00:00+08:00,0.09099999815225601,0.09399999678134918,0.09099999815225601,0.09300000220537186,2000,0.0,0.0
2021-09-07 00:00:00+08:00,0.09099999815225601,0.0949999988079071,0.09099999815225601,0.0949999988079071,2231800,0.0,0.0
2021-09-08 00:00:00+08:00,0.09399999678134918,0.09799999743700027,0.09300000220537186,0.09399999678134918,1677500,0.0,0.0
2021-09-09 00:00:00+08:00,0.09600000083446503,0.09600000083446503,0.09300000220537186,0.09300000220537186,100700,0.0,0.0
2021-09-10 00:00:00+08:00,0.09300000220537186,0.0949999988079071,0.09300000220537186,0.0949999988079071,298200,0.0,0.0
2021-09-13 00:00:00+08:00,0.09200000017881393,0.09200000017881393,0.09099999815225601,0.09099999815225601,243300,0.0,0.0
2021-09-14 00:00:00+08:00,0.09200000017881393,0.09200000017881393,0.09099999815225601,0.09099999815225601,367600,0.0,0.0
2021-09-15 00:00:00+08:00,0.09099999815225601,0.09300000220537186,0.09099999815225601,0.09300000220537186,56200,0.0,0.0
2021-09-16 00:00:00+08:00,0.09200000017881393,0.09399999678134918,0.09200000017881393,0.09300000220537186,162400,0.0,0.0
2021-09-17 00:00:00+08:00,0.09099999815225601,0.09200000017881393,0.09099999815225601,0.09200000017881393,125300,0.0,0.0
2021-09-20 00:00:00+08:00,0.09099999815225601,0.09099999815225601,0.09099999815225601,0.09099999815225601,356600,0.0,0.0
2021-09-21 00:00:00+08:00,0.09200000017881393,0.09300000220537186,0.09099999815225601,0.09300000220537186,537600,0.0,0.0
2021-09-22 00:00:00+08:00,0.09300000220537186,0.09399999678134918,0.09300000220537186,0.09399999678134918,230600,0.0,0.0
2021-09-23 00:00:00+08:00,0.09399999678134918,0.0949999988079071,0.09399999678134918,0.0949999988079071,120000,0.0,0.0
2021-09-24 00:00:00+08:00,0.0949999988079071,0.0949999988079071,0.09399999678134918,0.09399999678134918,400000,0.0,0.0
2021-09-27 00:00:00+08:00,0.09300000220537186,0.09399999678134918,0.09300000220537186,0.09399999678134918,113100,0.0,0.0
2021-09-28 00:00:00+08:00,0.09300000220537186,0.09600000083446503,0.09300000220537186,0.09300000220537186,343800,0.0,0.0
2021-09-29 00:00:00+08:00,0.09200000017881393,0.09300000220537186,0.09200000017881393,0.09300000220537186,63100,0.0,0.0
2021-09-30 00:00:00+08:00,0.09399999678134918,0.09399999678134918,0.09399999678134918,0.09399999678134918,100000,0.0,0.0
2021-10-01 00:00:00+08:00,0.09200000017881393,0.0949999988079071,0.09200000017881393,0.0949999988079071,100100,0.0,0.0
2021-10-04 00:00:00+08:00,0.09300000220537186,0.09399999678134918,0.09300000220537186,0.09300000220537186,120000,0.0,0.0
2021-10-05 00:00:00+08:00,0.09200000017881393,0.09200000017881393,0.09099999815225601,0.09200000017881393,226000,0.0,0.0
2021-10-06 00:00:00+08:00,0.09200000017881393,0.09300000220537186,0.09099999815225601,0.09300000220537186,242500,0.0,0.0
2021-10-07 00:00:00+08:00,0.09200000017881393,0.09300000220537186,0.09099999815225601,0.09200000017881393,166800,0.0,0.0
2021-10-08 00:00:00+08:00,0.09399999678134918,0.0949999988079071,0.09300000220537186,0.09399999678134918,409900,0.0,0.0
2021-10-11 00:00:00+08:00,0.09399999678134918,0.09399999678134918,0.09399999678134918,0.09399999678134918,0,0.0,0.0
2021-10-12 00:00:00+08:00,0.09399999678134918,0.0949999988079071,0.09399999678134918,0.09399999678134918,68700,0.0,0.0
2021-10-13 00:00:00+08:00,0.0949999988079071,0.10199999809265137,0.0949999988079071,0.10100000351667404,3949300,0.0,0.0
2021-10-14 00:00:00+08:00,0.10199999809265137,0.10700000077486038,0.10199999809265137,0.10599999874830246,2903000,0.0,0.0
2021-10-15 00:00:00+08:00,0.10400000214576721,0.10700000077486038,0.10400000214576721,0.10499999672174454,554000,0.0,0.0
2021-10-18 00:00:00+08:00,0.10199999809265137,0.10499999672174454,0.10199999809265137,0.10300000011920929,150500,0.0,0.0
2021-10-19 00:00:00+08:00,0.10199999809265137,0.10400000214576721,0.10199999809265137,0.10400000214576721,210000,0.0,0.0
2021-10-20 00:00:00+08:00,0.10400000214576721,0.10599999874830246,0.10400000214576721,0.10499999672174454,1328500,0.0,0.0
2021-10-21 00:00:00+08:00,0.10599999874830246,0.10899999737739563,0.10599999874830246,0.10899999737739563,1241100,0.0,0.0
2021-10-22 00:00:00+08:00,0.10700000077486038,0.10700000077486038,0.10700000077486038,0.10700000077486038,230000,0.0,0.0
2021-10-25 00:00:00+08:00,0.10499999672174454,0.10599999874830246,0.10499999672174454,0.10599999874830246,94300,0.0,0.0
2021-10-26 00:00:00+08:00,0.10499999672174454,0.10499999672174454,0.10300000011920929,0.10499999672174454,360900,0.0,0.0
2021-10-27 00:00:00+08:00,0.10499999672174454,0.10599999874830246,0.10400000214576721,0.10400000214576721,227600,0.0,0.0
2021-10-28 00:00:00+08:00,0.10400000214576721,0.10599999874830246,0.10300000011920929,0.10400000214576721,615000,0.0,0.0
2021-10-29 00:00:00+08:00,0.10400000214576721,0.10700000077486038,0.10400000214576721,0.10599999874830246,952700,0.0,0.0
2021-11-01 00:00:00+08:00,0.10499999672174454,0.10700000077486038,0.10400000214576721,0.10599999874830246,343600,0.0,0.0
2021-11-02 00:00:00+08:00,0.10499999672174454,0.10700000077486038,0.10499999672174454,0.10499999672174454,467900,0.0,0.0
2021-11-03 00:00:00+08:00,0.10499999672174454,0.10599999874830246,0.10400000214576721,0.10400000214576721,424400,0.0,0.0
2021-11-05 00:00:00+08:00,0.10400000214576721,0.10599999874830246,0.10300000011920929,0.10499999672174454,602800,0.0,0.0
2021-11-08 00:00:00+08:00,0.10499999672174454,0.10499999672174454,0.10499999672174454,0.10499999672174454,178000,0.0,0.0
2021-11-09 00:00:00+08:00,0.10499999672174454,0.10499999672174454,0.10499999672174454,0.10499999672174454,100000,0.0,0.0
2021-11-10 00:00:00+08:00,0.10400000214576721,0.10599999874830246,0.10300000011920929,0.10599999874830246,923700,0.0,0.0
2021-11-11 00:00:00+08:00,0.10400000214576721,0.10499999672174454,0.10400000214576721,0.10499999672174454,49500,0.0,0.0
2021-11-12 00:00:00+08:00,0.10499999672174454,0.10599999874830246,0.10499999672174454,0.10499999672174454,299100,0.0,0.0
2021-11-15 00:00:00+08:00,0.10400000214576721,0.10400000214576721,0.10400000214576721,0.10400000214576721,41000,0.0,0.0
2021-11-16 00:00:00+08:00,0.10499999672174454,0.10499999672174454,0.10400000214576721,0.10499999672174454,133200,0.0,0.0
2021-11-17 00:00:00+08:00,0.10400000214576721,0.10499999672174454,0.10400000214576721,0.10400000214576721,69000,0.0,0.0
2021-11-18 00:00:00+08:00,0.10400000214576721,0.10599999874830246,0.10400000214576721,0.10599999874830246,2700,0.0,0.0
2021-11-19 00:00:00+08:00,0.10400000214576721,0.10400000214576721,0.10400000214576721,0.10400000214576721,2300,0.0,0.0
2021-11-22 00:00:00+08:00,0.10599999874830246,0.10599999874830246,0.10400000214576721,0.10400000214576721,159500,0.0,0.0
2021-11-23 00:00:00+08:00,0.10300000011920929,0.10400000214576721,0.10300000011920929,0.10400000214576721,18000,0.0,0.0
2021-11-24 00:00:00+08:00,0.10300000011920929,0.10499999672174454,0.10199999809265137,0.10499999672174454,135100,0.0,0.0
2021-11-25 00:00:00+08:00,0.10199999809265137,0.10300000011920929,0.10199999809265137,0.10300000011920929,18200,0.0,0.0
2021-11-26 00:00:00+08:00,0.10499999672174454,0.10499999672174454,0.10100000351667404,0.10100000351667404,391000,0.0,0.0
2021-11-29 00:00:00+08:00,0.10100000351667404,0.10100000351667404,0.09600000083446503,0.09600000083446503,94800,0.0,0.0
2021-11-30 00:00:00+08:00,0.09600000083446503,0.09700000286102295,0.09600000083446503,0.09700000286102295,100300,0.0,0.0
2021-12-01 00:00:00+08:00,0.10000000149011612,0.10000000149011612,0.10000000149011612,0.10000000149011612,800,0.0,0.0
2021-12-02 00:00:00+08:00,0.09799999743700027,0.09799999743700027,0.09600000083446503,0.09600000083446503,532600,0.0,0.0
2021-12-03 00:00:00+08:00,0.09600000083446503,0.09600000083446503,0.09600000083446503,0.09600000083446503,0,0.0,0.0
2021-12-06 00:00:00+08:00,0.10100000351667404,0.10100000351667404,0.10100000351667404,0.10100000351667404,500,0.0,0.0
2021-12-07 00:00:00+08:00,0.10100000351667404,0.10100000351667404,0.10100000351667404,0.10100000351667404,0,0.0,0.0
2021-12-08 00:00:00+08:00,0.10300000011920929,0.10300000011920929,0.09799999743700027,0.10100000351667404,35900,0.0,0.0
2021-12-09 00:00:00+08:00,0.09799999743700027,0.10199999809265137,0.09799999743700027,0.10199999809265137,148100,0.0,0.0
2021-12-10 00:00:00+08:00,0.09799999743700027,0.09799999743700027,0.09799999743700027,0.09799999743700027,200,0.0,0.0
2021-12-13 00:00:00+08:00,0.10199999809265137,0.10199999809265137,0.10000000149011612,0.10000000149011612,42800,0.0,0.0
2021-12-14 00:00:00+08:00,0.10100000351667404,0.10199999809265137,0.10000000149011612,0.10000000149011612,113100,0.0,0.0
2021-12-15 00:00:00+08:00,0.10199999809265137,0.10300000011920929,0.10199999809265137,0.10300000011920929,44000,0.0,0.0
2021-12-16 00:00:00+08:00,0.10100000351667404,0.10400000214576721,0.10000000149011612,0.10400000214576721,367200,0.0,0.0
2021-12-17 00:00:00+08:00,0.10400000214576721,0.10400000214576721,0.0989999994635582,0.10199999809265137,414000,0.0,0.0
2021-12-20 00:00:00+08:00,0.0989999994635582,0.0989999994635582,0.0989999994635582,0.0989999994635582,72000,0.0,0.0
2021-12-21 00:00:00+08:00,0.10100000351667404,0.10199999809265137,0.10000000149011612,0.10100000351667404,50000,0.0,0.0
2021-12-22 00:00:00+08:00,0.10000000149011612,0.10199999809265137,0.0989999994635582,0.0989999994635582,83800,0.0,0.0
2021-12-23 00:00:00+08:00,0.0989999994635582,0.10100000351667404,0.0989999994635582,0.10000000149011612,179600,0.0,0.0
2021-12-24 00:00:00+08:00,0.10000000149011612,0.10100000351667404,0.10000000149011612,0.10100000351667404,90300,0.0,0.0
2021-12-27 00:00:00+08:00,0.10100000351667404,0.10100000351667404,0.10000000149011612,0.10100000351667404,25400,0.0,0.0
2021-12-28 00:00:00+08:00,0.10100000351667404,0.10199999809265137,0.10100000351667404,0.10199999809265137,34900,0.0,0.0
2021-12-29 00:00:00+08:00,0.10199999809265137,0.10400000214576721,0.10199999809265137,0.10400000214576721,152400,0.0,0.0
2021-12-30 00:00:00+08:00,0.10300000011920929,0.10499999672174454,0.10300000011920929,0.10400000214576721,319600,0.0,0.0
2021-12-31 00:00:00+08:00,0.10199999809265137,0.10199999809265137,0.10100000351667404,0.10199999809265137,280000,0.0,0.0
2022-01-03 00:00:00+08:00,0.10199999809265137,0.10400000214576721,0.10199999809265137,0.10400000214576721,162400,0.0,0.0
2022-01-04 00:00:00+08:00,0.10300000011920929,0.10400000214576721,0.10300000011920929,0.10400000214576721,146900,0.0,0.0
2022-01-05 00:00:00+08:00,0.10100000351667404,0.10499999672174454,0.10100000351667404,0.10499999672174454,73500,0.0,0.0
2022-01-06 00:00:00+08:00,0.10400000214576721,0.10499999672174454,0.10300000011920929,0.10499999672174454,30000,0.0,0.0
2022-01-07 00:00:00+08:00,0.10400000214576721,0.10599999874830246,0.10400000214576721,0.10599999874830246,92600,0.0,0.0
2022-01-10 00:00:00+08:00,0.10300000011920929,0.10499999672174454,0.10300000011920929,0.10499999672174454,70600,0.0,0.0
2022-01-11 00:00:00+08:00,0.10499999672174454,0.10499999672174454,0.10199999809265137,0.10300000011920929,61500,0.0,0.0
2022-01-12 00:00:00+08:00,0.10400000214576721,0.10499999672174454,0.10400000214576721,0.10499999672174454,53000,0.0,0.0
2022-01-13 00:00:00+08:00,0.10400000214576721,0.10400000214576721,0.10300000011920929,0.10400000214576721,111300,0.0,0.0
2022-01-14 00:00:00+08:00,0.10300000011920929,0.10400000214576721,0.10300000011920929,0.10400000214576721,117000,0.0,0.0
2022-01-17 00:00:00+08:00,0.10400000214576721,0.10400000214576721,0.10400000214576721,0.10400000214576721,0,0.0,0.0
2022-01-18 00:00:00+08:00,0.10100000351667404,0.10100000351667404,0.10000000149011612,0.10000000149011612,87000,0.0,0.0
2022-01-19 00:00:00+08:00,0.10199999809265137,0.10400000214576721,0.10199999809265137,0.10400000214576721,8200,0.0,0.0
2022-01-20 00:00:00+08:00,0.10199999809265137,0.10400000214576721,0.10199999809265137,0.10300000011920929,26400,0.0,0.0
2022-01-21 00:00:00+08:00,0.10199999809265137,0.10300000011920929,0.10199999809265137,0.10300000011920929,18300,0.0,0.0
2022-01-24 00:00:00+08:00,0.10199999809265137,0.10400000214576721,0.10000000149011612,0.10400000214576721,40000,0.0,0.0
2022-01-25 00:00:00+08:00,0.10400000214576721,0.10400000214576721,0.10400000214576721,0.10400000214576721,0,0.0,0.0
2022-01-26 00:00:00+08:00,0.10400000214576721,0.10400000214576721,0.10400000214576721,0.10400000214576721,0,0.0,0.0
2022-01-27 00:00:00+08:00,0.10400000214576721,0.10400000214576721,0.10400000214576721,0.10400000214576721,0,0.0,0.0
2022-01-28 00:00:00+08:00,0.10000000149011612,0.10300000011920929,0.0989999994635582,0.10300000011920929,123000,0.0,0.0
2022-01-31 00:00:00+08:00,0.10300000011920929,0.10400000214576721,0.0989999994635582,0.10300000011920929,21000,0.0,0.0
2022-02-03 00:00:00+08:00,0.10300000011920929,0.10300000011920929,0.10000000149011612,0.10199999809265137,56100,0.0,0.0
2022-02-04 00:00:00+08:00,0.10000000149011612,0.10199999809265137,0.10000000149011612,0.10199999809265137,53100,0.0,0.0
2022-02-07 00:00:00+08:00,0.10199999809265137,0.10199999809265137,0.10199999809265137,0.10199999809265137,0,0.0,0.0
2022-02-08 00:00:00+08:00,0.10199999809265137,0.10199999809265137,0.10199999809265137,0.10199999809265137,0,0.0,0.0
2022-02-09 00:00:00+08:00,0.10100000351667404,0.10300000011920929,0.10000000149011612,0.10199999809265137,102400,0.0,0.0
2022-02-10 00:00:00+08:00,0.10000000149011612,0.10300000011920929,0.10000000149011612,0.10300000011920929,609600,0.0,0.0
2022-02-11 00:00:00+08:00,0.10000000149011612,0.10199999809265137,0.0989999994635582,0.10199999809265137,241400,0.0,0.0
2022-02-14 00:00:00+08:00,0.10000000149011612,0.10199999809265137,0.0989999994635582,0.10199999809265137,93000,0.0,0.0
2022-02-15 00:00:00+08:00,0.10000000149011612,0.10199999809265137,0.0989999994635582,0.10199999809265137,96400,0.0,0.0
2022-02-16 00:00:00+08:00,0.10199999809265137,0.10300000011920929,0.10199999809265137,0.10300000011920929,25300,0.0,0.0
2022-02-17 00:00:00+08:00,0.10000000149011612,0.10199999809265137,0.10000000149011612,0.10199999809265137,70000,0.0,0.0
2022-02-18 00:00:00+08:00,0.10199999809265137,0.10199999809265137,0.10199999809265137,0.10199999809265137,0,0.0,0.0
2022-02-21 00:00:00+08:00,0.10199999809265137,0.10199999809265137,0.10199999809265137,0.10199999809265137,0,0.0,0.0
2022-02-22 00:00:00+08:00,0.10000000149011612,0.10300000011920929,0.0989999994635582,0.10199999809265137,91000,0.0,0.0
2022-02-23 00:00:00+08:00,0.10199999809265137,0.10199999809265137,0.0989999994635582,0.10199999809265137,167800,0.0,0.0
2022-02-24 00:00:00+08:00,0.10000000149011612,0.10100000351667404,0.0989999994635582,0.10100000351667404,98200,0.0,0.0
2022-02-25 00:00:00+08:00,0.10000000149011612,0.10199999809265137,0.10000000149011612,0.10199999809265137,14300,0.0,0.0
2022-02-28 00:00:00+08:00,0.10199999809265137,0.10199999809265137,0.10199999809265137,0.10199999809265137,0,0.0,0.0
2022-03-01 00:00:00+08:00,0.09399999678134918,0.10199999809265137,0.09399999678134918,0.10199999809265137,21800,0.0,0.0
2022-03-02 00:00:00+08:00,0.09799999743700027,0.10199999809265137,0.09799999743700027,0.10199999809265137,38500,0.0,0.0
2022-03-03 00:00:00+08:00,0.10100000351667404,0.10199999809265137,0.10100000351667404,0.10100000351667404,11000,0.0,0.0
2022-03-04 00:00:00+08:00,0.10000000149011612,0.10000000149011612,0.09799999743700027,0.09799999743700027,385000,0.0,0.0
2022-03-07 00:00:00+08:00,0.09799999743700027,0.09799999743700027,0.09799999743700027,0.09799999743700027,29600,0.0,0.0
2022-03-08 00:00:00+08:00,0.10199999809265137,0.10199999809265137,0.10100000351667404,0.10100000351667404,20000,0.0,0.0
2022-03-09 00:00:00+08:00,0.0989999994635582,0.10199999809265137,0.09600000083446503,0.10100000351667404,23400,0.0,0.0
2022-03-10 00:00:00+08:00,0.09799999743700027,0.09799999743700027,0.09700000286102295,0.09700000286102295,48200,0.0,0.0
2022-03-11 00:00:00+08:00,0.10100000351667404,0.10100000351667404,0.10100000351667404,0.10100000351667404,5800,0.0,0.0
2022-03-14 00:00:00+08:00,0.09600000083446503,0.09600000083446503,0.0949999988079071,0.0949999988079071,50000,0.0,0.0
2022-03-15 00:00:00+08:00,0.0949999988079071,0.0949999988079071,0.0949999988079071,0.0949999988079071,0,0.0,0.0
2022-03-16 00:00:00+08:00,0.0949999988079071,0.0949999988079071,0.0949999988079071,0.0949999988079071,0,0.0,0.0
2022-03-17 00:00:00+08:00,0.0949999988079071,0.0949999988079071,0.0949999988079071,0.0949999988079071,0,0.0,0.0
2022-03-18 00:00:00+08:00,0.0949999988079071,0.0949999988079071,0.0949999988079071,0.0949999988079071,0,0.0,0.0
2022-03-21 00:00:00+08:00,0.0949999988079071,0.0949999988079071,0.0949999988079071,0.0949999988079071,0,0.0,0.0
2022-03-22 00:00:00+08:00,0.0949999988079071,0.0949999988079071,0.0949999988079071,0.0949999988079071,0,0.0,0.0
2022-03-23 00:00:00+08:00,0.0949999988079071,0.0949999988079071,0.09399999678134918,0.09399999678134918,10900,0.0,0.0
2022-03-24 00:00:00+08:00,0.09399999678134918,0.09399999678134918,0.09399999678134918,0.09399999678134918,0,0.0,0.0
2022-03-25 00:00:00+08:00,0.09399999678134918,0.09399999678134918,0.09399999678134918,0.09399999678134918,0,0.0,0.0
2022-03-28 00:00:00+08:00,0.09399999678134918,0.09399999678134918,0.09399999678134918,0.09399999678134918,0,0.0,0.0
2022-03-29 00:00:00+08:00,0.09399999678134918,0.09399999678134918,0.09399999678134918,0.09399999678134918,500,0.0,0.0
2022-03-30 00:00:00+08:00,0.09399999678134918,0.09399999678134918,0.09399999678134918,0.09399999678134918,0,0.0,0.0
2022-03-31 00:00:00+08:00,0.09200000017881393,0.10100000351667404,0.09200000017881393,0.10100000351667404,11900,0.0,0.0
2022-04-01 00:00:00+08:00,0.10000000149011612,0.10000000149011612,0.0989999994635582,0.10000000149011612,2900,0.0,0.0
2022-04-04 00:00:00+08:00,0.10000000149011612,0.10300000011920929,0.10000000149011612,0.10300000011920929,159100,0.0,0.0
2022-04-05 00:00:00+08:00,0.10300000011920929,0.10300000011920929,0.09600000083446503,0.09600000083446503,5500,0.0,0.0
2022-04-06 00:00:00+08:00,0.09600000083446503,0.09600000083446503,0.09200000017881393,0.09200000017881393,178400,0.0,0.0
2022-04-07 00:00:00+08:00,0.09300000220537186,0.09300000220537186,0.09200000017881393,0.09300000220537186,13200,0.0,0.0
2022-04-08 00:00:00+08:00,0.09300000220537186,0.09300000220537186,0.09200000017881393,0.09300000220537186,62300,0.0,0.0
2022-04-11 00:00:00+08:00,0.09300000220537186,0.09300000220537186,0.09300000220537186,0.09300000220537186,0,0.0,0.0
2022-04-12 00:00:00+08:00,0.09200000017881393,0.09600000083446503,0.09200000017881393,0.09600000083446503,73000,0.0,0.0
2022-04-13 00:00:00+08:00,0.09399999678134918,0.09399999678134918,0.09399999678134918,0.09399999678134918,1500,0.0,0.0
2022-04-14 00:00:00+08:00,0.09399999678134918,0.09399999678134918,0.09399999678134918,0.09399999678134918,1700,0.0,0.0
2022-04-18 00:00:00+08:00,0.09399999678134918,0.09399999678134918,0.09399999678134918,0.09399999678134918,0,0.0,0.0
2022-04-19 00:00:00+08:00,0.09799999743700027,0.10000000149011612,0.09300000220537186,0.09300000220537186,33000,0.0,0.0
2022-04-20 00:00:00+08:00,0.09300000220537186,0.09300000220537186,0.09300000220537186,0.09300000220537186,1800,0.0,0.0
2022-04-21 00:00:00+08:00,0.09300000220537186,0.09300000220537186,0.09300000220537186,0.09300000220537186,15600,0.0,0.0
2022-04-22 00:00:00+08:00,0.09300000220537186,0.09300000220537186,0.09300000220537186,0.09300000220537186,0,0.0,0.0
2022-04-25 00:00:00+08:00,0.09600000083446503,0.10100000351667404,0.08799999952316284,0.10000000149011612,146300,0.0,0.0
2022-04-26 00:00:00+08:00,0.0989999994635582,0.0989999994635582,0.0989999994635582,0.0989999994635582,100,0.0,0.0
2022-04-27 00:00:00+08:00,0.09799999743700027,0.09799999743700027,0.09700000286102295,0.09700000286102295,500,0.0,0.0
2022-04-28 00:00:00+08:00,0.09700000286102295,0.09700000286102295,0.08799999952316284,0.0949999988079071,207400,0.0,0.0
2022-04-29 00:00:00+08:00,0.09700000286102295,0.09700000286102295,0.09099999815225601,0.09099999815225601,62400,0.0,0.0
2022-05-04 00:00:00+08:00,0.08900000154972076,0.08900000154972076,0.08799999952316284,0.08799999952316284,135800,0.0,0.0
2022-05-05 00:00:00+08:00,0.10000000149011612,0.10000000149011612,0.09000000357627869,0.09000000357627869,900,0.0,0.0
2022-05-06 00:00:00+08:00,0.09000000357627869,0.09000000357627869,0.09000000357627869,0.09000000357627869,0,0.0,0.0
2022-05-09 00:00:00+08:00,0.09000000357627869,0.09000000357627869,0.09000000357627869,0.09000000357627869,0,0.0,0.0
2022-05-10 00:00:00+08:00,0.08900000154972076,0.08900000154972076,0.08799999952316284,0.08799999952316284,22800,0.0,0.0
2022-05-11 00:00:00+08:00,0.08799999952316284,0.08799999952316284,0.08799999952316284,0.08799999952316284,0,0.0,0.0
2022-05-12 00:00:00+08:00,0.08799999952316284,0.08799999952316284,0.08799999952316284,0.08799999952316284,0,0.0,0.0
2022-05-13 00:00:00+08:00,0.0949999988079071,0.0949999988079071,0.09200000017881393,0.0949999988079071,20100,0.0,0.0
2022-05-17 00:00:00+08:00,0.0949999988079071,0.0949999988079071,0.0949999988079071,0.0949999988079071,0,0.0,0.0
2022-05-18 00:00:00+08:00,0.0949999988079071,0.0949999988079071,0.0949999988079071,0.0949999988079071,0,0.0,0.0
2022-05-19 00:00:00+08:00,0.09399999678134918,0.09399999678134918,0.08900000154972076,0.09399999678134918,35000,0.0,0.0
2022-05-20 00:00:00+08:00,0.09399999678134918,0.09399999678134918,0.09399999678134918,0.09399999678134918,0,0.0,0.0
2022-05-23 00:00:00+08:00,0.09399999678134918,0.09399999678134918,0.09399999678134918,0.09399999678134918,0,0.0,0.0
2022-05-24 00:00:00+08:00,0.10000000149011612,0.10000000149011612,0.08900000154972076,0.08900000154972076,9100,0.0,0.0
2022-05-25 00:00:00+08:00,0.08900000154972076,0.08900000154972076,0.08900000154972076,0.08900000154972076,0,0.0,0.0
2022-05-26 00:00:00+08:00,0.09399999678134918,0.09399999678134918,0.09300000220537186,0.09300000220537186,500,0.0,0.0
2022-05-27 00:00:00+08:00,0.09399999678134918,0.0989999994635582,0.09399999678134918,0.0949999988079071,196500,0.0,0.0
2022-05-30 00:00:00+08:00,0.09600000083446503,0.0989999994635582,0.0949999988079071,0.0989999994635582,403100,0.0,0.0
2022-05-31 00:00:00+08:00,0.0989999994635582,0.10199999809265137,0.0989999994635582,0.10100000351667404,829800,0.0,0.0
2022-06-01 00:00:00+08:00,0.0989999994635582,0.0989999994635582,0.0949999988079071,0.0949999988079071,130000,0.0,0.0
2022-06-02 00:00:00+08:00,0.09399999678134918,0.09399999678134918,0.09399999678134918,0.09399999678134918,1500,0.0,0.0
2022-06-03 00:00:00+08:00,0.09399999678134918,0.09399999678134918,0.09399999678134918,0.09399999678134918,0,0.0,0.0
2022-06-06 00:00:00+08:00,0.09399999678134918,0.09399999678134918,0.09399999678134918,0.09399999678134918,0,0.0,0.0
2022-06-07 00:00:00+08:00,0.09399999678134918,0.10000000149011612,0.09399999678134918,0.10000000149011612,70100,0.0,0.0
2022-06-08 00:00:00+08:00,0.10000000149011612,0.10000000149011612,0.10000000149011612,0.10000000149011612,0,0.0,0.0
2022-06-09 00:00:00+08:00,0.0949999988079071,0.09799999743700027,0.09300000220537186,0.09799999743700027,30100,0.0,0.0
2022-06-10 00:00:00+08:00,0.09300000220537186,0.09799999743700027,0.09099999815225601,0.09799999743700027,15600,0.0,0.0
2022-06-13 00:00:00+08:00,0.09200000017881393,0.0989999994635582,0.09200000017881393,0.0989999994635582,900,0.0,0.0
2022-06-14 00:00:00+08:00,0.08900000154972076,0.08900000154972076,0.08799999952316284,0.08799999952316284,80000,0.0,0.0
2022-06-15 00:00:00+08:00,0.0949999988079071,0.0949999988079071,0.0949999988079071,0.0949999988079071,14900,0.0,0.0
2022-06-16 00:00:00+08:00,0.0949999988079071,0.10000000149011612,0.09399999678134918,0.10000000149011612,20100,0.0,0.0
2022-06-17 00:00:00+08:00,0.08900000154972076,0.09799999743700027,0.08900000154972076,0.09799999743700027,10200,0.0,0.0
2022-06-20 00:00:00+08:00,0.09799999743700027,0.09799999743700027,0.09799999743700027,0.09799999743700027,10000,0.0,0.0
2022-06-21 00:00:00+08:00,0.09799999743700027,0.09799999743700027,0.09799999743700027,0.09799999743700027,0,0.0,0.0
2022-06-22 00:00:00+08:00,0.09300000220537186,0.09799999743700027,0.09300000220537186,0.09799999743700027,2800,0.0,0.0
2022-06-23 00:00:00+08:00,0.09000000357627869,0.09000000357627869,0.09000000357627869,0.09000000357627869,5000,0.0,0.0
2022-06-24 00:00:00+08:00,0.09000000357627869,0.09000000357627869,0.09000000357627869,0.09000000357627869,1800,0.0,0.0
2022-06-27 00:00:00+08:00,0.0949999988079071,0.0949999988079071,0.0949999988079071,0.0949999988079071,10000,0.0,0.0
2022-06-28 00:00:00+08:00,0.08900000154972076,0.10000000149011612,0.08799999952316284,0.0989999994635582,40400,0.0,0.0
2022-06-29 00:00:00+08:00,0.0989999994635582,0.0989999994635582,0.0989999994635582,0.0989999994635582,0,0.0,0.0
2022-06-30 00:00:00+08:00,0.0989999994635582,0.0989999994635582,0.0989999994635582,0.0989999994635582,0,0.0,0.0
2022-07-01 00:00:00+08:00,0.09000000357627869,0.0949999988079071,0.08900000154972076,0.0949999988079071,31400,0.0,0.0
2022-07-04 00:00:00+08:00,0.0949999988079071,0.0949999988079071,0.0949999988079071,0.0949999988079071,0,0.0,0.0
2022-07-05 00:00:00+08:00,0.09000000357627869,0.09700000286102295,0.09000000357627869,0.09700000286102295,3300,0.0,0.0
2022-07-06 00:00:00+08:00,0.09700000286102295,0.09700000286102295,0.09700000286102295,0.09700000286102295,0,0.0,0.0
2022-07-07 00:00:00+08:00,0.09700000286102295,0.09700000286102295,0.09700000286102295,0.09700000286102295,0,0.0,0.0
2022-07-08 00:00:00+08:00,0.09099999815225601,0.09099999815225601,0.09099999815225601,0.09099999815225601,2800,0.0,0.0
2022-07-12 00:00:00+08:00,0.09099999815225601,0.09099999815225601,0.09099999815225601,0.09099999815225601,0,0.0,0.0
2022-07-13 00:00:00+08:00,0.09000000357627869,0.09000000357627869,0.09000000357627869,0.09000000357627869,600,0.0,0.0
2022-07-14 00:00:00+08:00,0.09000000357627869,0.09000000357627869,0.09000000357627869,0.09000000357627869,400,0.0,0.0
2022-07-15 00:00:00+08:00,0.0949999988079071,0.09600000083446503,0.0949999988079071,0.09600000083446503,1000,0.0,0.0
2022-07-18 00:00:00+08:00,0.09600000083446503,0.09600000083446503,0.09600000083446503,0.09600000083446503,200,0.0,0.0
2022-07-19 00:00:00+08:00,0.09600000083446503,0.09700000286102295,0.09600000083446503,0.09700000286102295,200,0.0,0.0
2022-07-20 00:00:00+08:00,0.09700000286102295,0.09700000286102295,0.09000000357627869,0.0949999988079071,11100,0.0,0.0
2022-07-21 00:00:00+08:00,0.09600000083446503,0.09600000083446503,0.09600000083446503,0.09600000083446503,700,0.0,0.0
2022-07-22 00:00:00+08:00,0.09600000083446503,0.09700000286102295,0.0949999988079071,0.09700000286102295,1100,0.0,0.0
2022-07-25 00:00:00+08:00,0.09600000083446503,0.09600000083446503,0.08699999749660492,0.0949999988079071,53400,0.0,0.0
2022-07-26 00:00:00+08:00,0.0949999988079071,0.0949999988079071,0.0949999988079071,0.0949999988079071,100,0.0,0.0
2022-07-27 00:00:00+08:00,0.0949999988079071,0.09700000286102295,0.09300000220537186,0.09700000286102295,1000,0.0,0.0
2022-07-28 00:00:00+08:00,0.09600000083446503,0.09600000083446503,0.08900000154972076,0.08900000154972076,23000,0.0,0.0
2022-07-29 00:00:00+08:00,0.08900000154972076,0.08900000154972076,0.08900000154972076,0.08900000154972076,0,0.0,0.0
2022-08-01 00:00:00+08:00,0.09300000220537186,0.09600000083446503,0.09300000220537186,0.09600000083446503,500,0.0,0.0
2022-08-02 00:00:00+08:00,0.0949999988079071,0.0949999988079071,0.0949999988079071,0.0949999988079071,300,0.0,0.0
2022-08-03 00:00:00+08:00,0.0949999988079071,0.0949999988079071,0.08900000154972076,0.09200000017881393,25600,0.0,0.0
2022-08-04 00:00:00+08:00,0.09200000017881393,0.09799999743700027,0.09099999815225601,0.09700000286102295,1000,0.0,0.0
2022-08-05 00:00:00+08:00,0.09600000083446503,0.09600000083446503,0.09600000083446503,0.09600000083446503,300,0.0,0.0
2022-08-08 00:00:00+08:00,0.09600000083446503,0.09600000083446503,0.0949999988079071,0.0949999988079071,400,0.0,0.0
2022-08-10 00:00:00+08:00,0.0949999988079071,0.09799999743700027,0.09099999815225601,0.09600000083446503,56900,0.0,0.0
2022-08-11 00:00:00+08:00,0.09600000083446503,0.09600000083446503,0.09600000083446503,0.09600000083446503,0,0.0,0.0
2022-08-12 00:00:00+08:00,0.09300000220537186,0.09300000220537186,0.09099999815225601,0.09099999815225601,10300,0.0,0.0
2022-08-15 00:00:00+08:00,0.09099999815225601,0.0949999988079071,0.09099999815225601,0.0949999988079071,70100,0.0,0.0
2022-08-16 00:00:00+08:00,0.09000000357627869,0.09000000357627869,0.08900000154972076,0.08900000154972076,40900,0.0,0.0
2022-08-17 00:00:00+08:00,0.09099999815225601,0.0949999988079071,0.08900000154972076,0.0949999988079071,29000,0.0,0.0
2022-08-18 00:00:00+08:00,0.0949999988079071,0.0949999988079071,0.0949999988079071,0.0949999988079071,0,0.0,0.0
2022-08-19 00:00:00+08:00,0.08900000154972076,0.0949999988079071,0.08900000154972076,0.0949999988079071,6700,0.0,0.0
2022-08-22 00:00:00+08:00,0.09399999678134918,0.0949999988079071,0.08900000154972076,0.0949999988079071,231600,0.0,0.0
2022-08-23 00:00:00+08:00,0.09000000357627869,0.09799999743700027,0.09000000357627869,0.09799999743700027,33400,0.0,0.0
2022-08-24 00:00:00+08:00,0.09799999743700027,0.09799999743700027,0.09799999743700027,0.09799999743700027,0,0.0,0.0
2022-08-25 00:00:00+08:00,0.09099999815225601,0.0949999988079071,0.09099999815225601,0.0949999988079071,22600,0.0,0.0
2022-08-26 00:00:00+08:00,0.0949999988079071,0.0949999988079071,0.0949999988079071,0.0949999988079071,0,0.0,0.0
2022-08-29 00:00:00+08:00,0.0949999988079071,0.0949999988079071,0.0949999988079071,0.0949999988079071,0,0.0,0.0
2022-08-30 00:00:00+08:00,0.09000000357627869,0.09700000286102295,0.09000000357627869,0.09700000286102295,4000,0.0,0.0
2022-08-31 00:00:00+08:00,0.0989999994635582,0.0989999994635582,0.0989999994635582,0.0989999994635582,700,0.0,0.0
2022-09-01 00:00:00+08:00,0.0989999994635582,0.0989999994635582,0.0989999994635582,0.0989999994635582,0,0.0,0.0
2022-09-02 00:00:00+08:00,0.09300000220537186,0.09300000220537186,0.09000000357627869,0.09000000357627869,1000,0.0,0.0
2022-09-05 00:00:00+08:00,0.09000000357627869,0.0949999988079071,0.08900000154972076,0.0949999988079071,18500,0.0,0.0
2022-09-06 00:00:00+08:00,0.0949999988079071,0.0949999988079071,0.09000000357627869,0.0949999988079071,44900,0.0,0.0
2022-09-07 00:00:00+08:00,0.0949999988079071,0.0949999988079071,0.0949999988079071,0.0949999988079071,0,0.0,0.0
2022-09-08 00:00:00+08:00,0.0949999988079071,0.0949999988079071,0.0949999988079071,0.0949999988079071,0,0.0,0.0
2022-09-09 00:00:00+08:00,0.09099999815225601,0.09099999815225601,0.09000000357627869,0.09000000357627869,12700,0.0,0.0
2022-09-12 00:00:00+08:00,0.0949999988079071,0.0949999988079071,0.08900000154972076,0.08900000154972076,25300,0.0,0.0
2022-09-13 00:00:00+08:00,0.09000000357627869,0.0949999988079071,0.08900000154972076,0.09300000220537186,13100,0.0,0.0
2022-09-14 00:00:00+08:00,0.09300000220537186,0.09300000220537186,0.09300000220537186,0.09300000220537186,0,0.0,0.0
2022-09-15 00:00:00+08:00,0.09300000220537186,0.09300000220537186,0.09300000220537186,0.09300000220537186,0,0.0,0.0
2022-09-16 00:00:00+08:00,0.09000000357627869,0.09200000017881393,0.08900000154972076,0.09200000017881393,68900,0.0,0.0
2022-09-19 00:00:00+08:00,0.08799999952316284,0.08900000154972076,0.08799999952316284,0.08900000154972076,8700,0.0,0.0
2022-09-20 00:00:00+08:00,0.08799999952316284,0.09399999678134918,0.08799999952316284,0.09399999678134918,42200,0.0,0.0
2022-09-21 00:00:00+08:00,0.08799999952316284,0.09300000220537186,0.08699999749660492,0.09300000220537186,32900,0.0,0.0
2022-09-22 00:00:00+08:00,0.0820000022649765,0.0820000022649765,0.0820000022649765,0.0820000022649765,39000,0.0,0.0
2022-09-23 00:00:00+08:00,0.09399999678134918,0.09399999678134918,0.09300000220537186,0.09300000220537186,700,0.0,0.0
2022-09-26 00:00:00+08:00,0.09200000017881393,0.09200000017881393,0.09200000017881393,0.09200000017881393,100,0.0,0.0
2022-09-27 00:00:00+08:00,0.09200000017881393,0.09200000017881393,0.09200000017881393,0.09200000017881393,0,0.0,0.0
2022-09-28 00:00:00+08:00,0.0820000022649765,0.09200000017881393,0.0820000022649765,0.09200000017881393,66000,0.0,0.0
2022-09-29 00:00:00+08:00,0.09300000220537186,0.09300000220537186,0.09300000220537186,0.09300000220537186,1000,0.0,0.0
2022-09-30 00:00:00+08:00,0.09300000220537186,0.09300000220537186,0.09300000220537186,0.09300000220537186,0,0.0,0.0
2022-10-03 00:00:00+08:00,0.09300000220537186,0.09300000220537186,0.09300000220537186,0.09300000220537186,0,0.0,0.0
2022-10-04 00:00:00+08:00,0.09300000220537186,0.09300000220537186,0.09300000220537186,0.09300000220537186,0,0.0,0.0
2022-10-05 00:00:00+08:00,0.08500000089406967,0.08500000089406967,0.07599999755620956,0.07599999755620956,100000,0.0,0.0
2022-10-06 00:00:00+08:00,0.09200000017881393,0.09200000017881393,0.09200000017881393,0.09200000017881393,100,0.0,0.0
2022-10-07 00:00:00+08:00,0.09200000017881393,0.09200000017881393,0.09200000017881393,0.09200000017881393,0,0.0,0.0
2022-10-10 00:00:00+08:00,0.07599999755620956,0.07599999755620956,0.07599999755620956,0.07599999755620956,2700,0.0,0.0
2022-10-11 00:00:00+08:00,0.08900000154972076,0.08900000154972076,0.08900000154972076,0.08900000154972076,100,0.0,0.0
2022-10-12 00:00:00+08:00,0.0820000022649765,0.08299999684095383,0.07999999821186066,0.07999999821186066,200900,0.0,0.0
2022-10-13 00:00:00+08:00,0.08799999952316284,0.08799999952316284,0.08799999952316284,0.08799999952316284,100,0.0,0.0
2022-10-14 00:00:00+08:00,0.08799999952316284,0.08799999952316284,0.08799999952316284,0.08799999952316284,0,0.0,0.0
2022-10-17 00:00:00+08:00,0.08799999952316284,0.08799999952316284,0.08799999952316284,0.08799999952316284,0,0.0,0.0
2022-10-18 00:00:00+08:00,0.07400000095367432,0.08799999952316284,0.07400000095367432,0.08799999952316284,3400,0.0,0.0
2022-10-19 00:00:00+08:00,0.08799999952316284,0.08799999952316284,0.08799999952316284,0.08799999952316284,0,0.0,0.0
2022-10-20 00:00:00+08:00,0.07500000298023224,0.07999999821186066,0.07500000298023224,0.07999999821186066,22500,0.0,0.0
2022-10-21 00:00:00+08:00,0.0729999989271164,0.07500000298023224,0.0729999989271164,0.07500000298023224,121400,0.0,0.0
2022-10-25 00:00:00+08:00,0.07199999690055847,0.07199999690055847,0.07199999690055847,0.07199999690055847,25900,0.0,0.0
2022-10-26 00:00:00+08:00,0.07199999690055847,0.07199999690055847,0.07199999690055847,0.07199999690055847,0,0.0,0.0
2022-10-27 00:00:00+08:00,0.0729999989271164,0.08500000089406967,0.0729999989271164,0.0729999989271164,2400,0.0,0.0
2022-10-28 00:00:00+08:00,0.08500000089406967,0.08500000089406967,0.0729999989271164,0.08500000089406967,500,0.0,0.0
2022-10-31 00:00:00+08:00,0.07199999690055847,0.07199999690055847,0.07199999690055847,0.07199999690055847,12900,0.0,0.0
2022-11-01 00:00:00+08:00,0.07199999690055847,0.07199999690055847,0.07199999690055847,0.07199999690055847,11000,0.0,0.0
2022-11-02 00:00:00+08:00,0.07500000298023224,0.07699999958276749,0.06599999964237213,0.07500000298023224,126900,0.0,0.0
2022-11-03 00:00:00+08:00,0.07500000298023224,0.07500000298023224,0.07500000298023224,0.07500000298023224,100,0.0,0.0
2022-11-04 00:00:00+08:00,0.07500000298023224,0.07500000298023224,0.07500000298023224,0.07500000298023224,35000,0.0,0.0
2022-11-07 00:00:00+08:00,0.07999999821186066,0.07999999821186066,0.07000000029802322,0.07000000029802322,51900,0.0,0.0
2022-11-08 00:00:00+08:00,0.07000000029802322,0.07000000029802322,0.07000000029802322,0.07000000029802322,0,0.0,0.0
2022-11-09 00:00:00+08:00,0.07199999690055847,0.08299999684095383,0.07199999690055847,0.08299999684095383,212400,0.0,0.0
2022-11-10 00:00:00+08:00,0.07400000095367432,0.07400000095367432,0.07400000095367432,0.07400000095367432,13000,0.0,0.0
2022-11-11 00:00:00+08:00,0.07500000298023224,0.08299999684095383,0.07500000298023224,0.08299999684095383,11000,0.0,0.0
2022-11-14 00:00:00+08:00,0.08299999684095383,0.08299999684095383,0.08299999684095383,0.08299999684095383,0,0.0,0.0
2022-11-15 00:00:00+08:00,0.08299999684095383,0.08299999684095383,0.08299999684095383,0.08299999684095383,0,0.0,0.0
2022-11-16 00:00:00+08:00,0.08299999684095383,0.08299999684095383,0.08299999684095383,0.08299999684095383,0,0.0,0.0
2022-11-17 00:00:00+08:00,0.08399999886751175,0.08399999886751175,0.08399999886751175,0.08399999886751175,700,0.0,0.0
2022-11-18 00:00:00+08:00,0.08399999886751175,0.08399999886751175,0.08399999886751175,0.08399999886751175,0,0.0,0.0
2022-11-21 00:00:00+08:00,0.08399999886751175,0.08399999886751175,0.08399999886751175,0.08399999886751175,0,0.0,0.0
2022-11-22 00:00:00+08:00,0.08399999886751175,0.08399999886751175,0.08399999886751175,0.08399999886751175,0,0.0,0.0
2022-11-23 00:00:00+08:00,0.08399999886751175,0.08399999886751175,0.08399999886751175,0.08399999886751175,0,0.0,0.0
2022-11-24 00:00:00+08:00,0.08399999886751175,0.08399999886751175,0.08399999886751175,0.08399999886751175,0,0.0,0.0
2022-11-25 00:00:00+08:00,0.08399999886751175,0.08399999886751175,0.08399999886751175,0.08399999886751175,0,0.0,0.0
2022-11-28 00:00:00+08:00,0.07999999821186066,0.08299999684095383,0.07500000298023224,0.07500000298023224,110500,0.0,0.0
2022-11-29 00:00:00+08:00,0.07500000298023224,0.07500000298023224,0.07500000298023224,0.07500000298023224,32700,0.0,0.0
2022-11-30 00:00:00+08:00,0.07500000298023224,0.07900000363588333,0.0729999989271164,0.07900000363588333,96200,0.0,0.0
2022-12-01 00:00:00+08:00,0.07900000363588333,0.07900000363588333,0.07900000363588333,0.07900000363588333,0,0.0,0.0
2022-12-02 00:00:00+08:00,0.07900000363588333,0.07900000363588333,0.07900000363588333,0.07900000363588333,50000,0.0,0.0
2022-12-05 00:00:00+08:00,0.07900000363588333,0.07900000363588333,0.07900000363588333,0.07900000363588333,0,0.0,0.0
2022-12-06 00:00:00+08:00,0.07900000363588333,0.07900000363588333,0.07900000363588333,0.07900000363588333,0,0.0,0.0
2022-12-07 00:00:00+08:00,0.07500000298023224,0.07500000298023224,0.07500000298023224,0.07500000298023224,36400,0.0,0.0
2022-12-08 00:00:00+08:00,0.07500000298023224,0.07500000298023224,0.07500000298023224,0.07500000298023224,90000,0.0,0.0
2022-12-09 00:00:00+08:00,0.07500000298023224,0.07500000298023224,0.07500000298023224,0.07500000298023224,2600,0.0,0.0
2022-12-12 00:00:00+08:00,0.0729999989271164,0.08299999684095383,0.0729999989271164,0.08299999684095383,72300,0.0,0.0
2022-12-13 00:00:00+08:00,0.08299999684095383,0.08299999684095383,0.08299999684095383,0.08299999684095383,0,0.0,0.0
2022-12-14 00:00:00+08:00,0.08299999684095383,0.08299999684095383,0.08299999684095383,0.08299999684095383,0,0.0,0.0
2022-12-15 00:00:00+08:00,0.08299999684095383,0.08299999684095383,0.08299999684095383,0.08299999684095383,0,0.0,0.0
2022-12-16 00:00:00+08:00,0.07999999821186066,0.08399999886751175,0.07999999821186066,0.08299999684095383,31000,0.0,0.0
2022-12-19 00:00:00+08:00,0.07800000160932541,0.07999999821186066,0.07800000160932541,0.07999999821186066,124800,0.0,0.0
2022-12-20 00:00:00+08:00,0.07999999821186066,0.07999999821186066,0.07999999821186066,0.07999999821186066,0,0.0,0.0
2022-12-21 00:00:00+08:00,0.0729999989271164,0.07999999821186066,0.0729999989271164,0.07999999821186066,204000,0.0,0.0
2022-12-22 00:00:00+08:00,0.0729999989271164,0.0729999989271164,0.0729999989271164,0.0729999989271164,700,0.0,0.0
2022-12-23 00:00:00+08:00,0.07599999755620956,0.0820000022649765,0.07599999755620956,0.0820000022649765,8100,0.0,0.0
2022-12-27 00:00:00+08:00,0.07500000298023224,0.07500000298023224,0.07500000298023224,0.07500000298023224,32800,0.0,0.0
2022-12-28 00:00:00+08:00,0.07999999821186066,0.08399999886751175,0.07999999821186066,0.07999999821186066,301000,0.0,0.0
2022-12-29 00:00:00+08:00,0.07699999958276749,0.07699999958276749,0.07699999958276749,0.07699999958276749,6000,0.0,0.0
2022-12-30 00:00:00+08:00,0.08799999952316284,0.08799999952316284,0.08799999952316284,0.08799999952316284,200,0.0,0.0
2023-01-03 00:00:00+08:00,0.08799999952316284,0.08799999952316284,0.08799999952316284,0.08799999952316284,0,0.0,0.0
2023-01-04 00:00:00+08:00,0.08799999952316284,0.08799999952316284,0.08799999952316284,0.08799999952316284,0,0.0,0.0
2023-01-05 00:00:00+08:00,0.08799999952316284,0.08799999952316284,0.08799999952316284,0.08799999952316284,0,0.0,0.0
2023-01-06 00:00:00+08:00,0.08799999952316284,0.08799999952316284,0.08799999952316284,0.08799999952316284,0,0.0,0.0
2023-01-09 00:00:00+08:00,0.07999999821186066,0.07999999821186066,0.07999999821186066,0.07999999821186066,5600,0.0,0.0
2023-01-10 00:00:00+08:00,0.07900000363588333,0.08799999952316284,0.07800000160932541,0.08799999952316284,14200,0.0,0.0
2023-01-11 00:00:00+08:00,0.08799999952316284,0.08799999952316284,0.08799999952316284,0.08799999952316284,0,0.0,0.0
2023-01-12 00:00:00+08:00,0.07699999958276749,0.07699999958276749,0.07599999755620956,0.07599999755620956,2000,0.0,0.0
2023-01-13 00:00:00+08:00,0.07699999958276749,0.08799999952316284,0.07500000298023224,0.08799999952316284,132800,0.0,0.0
2023-01-16 00:00:00+08:00,0.08799999952316284,0.08799999952316284,0.08799999952316284,0.08799999952316284,0,0.0,0.0
2023-01-17 00:00:00+08:00,0.08799999952316284,0.08799999952316284,0.08799999952316284,0.08799999952316284,0,0.0,0.0
2023-01-18 00:00:00+08:00,0.08799999952316284,0.08799999952316284,0.08799999952316284,0.08799999952316284,0,0.0,0.0
2023-01-19 00:00:00+08:00,0.07900000363588333,0.0860000029206276,0.07900000363588333,0.0860000029206276,107500,0.0,0.0
2023-01-20 00:00:00+08:00,0.0860000029206276,0.0860000029206276,0.0820000022649765,0.0820000022649765,18500,0.0,0.0
2023-01-25 00:00:00+08:00,0.07599999755620956,0.09000000357627869,0.07599999755620956,0.08399999886751175,26100,0.0,0.0
2023-01-26 00:00:00+08:00,0.08399999886751175,0.08399999886751175,0.08399999886751175,0.08399999886751175,21000,0.0,0.0
2023-01-27 00:00:00+08:00,0.08399999886751175,0.09000000357627869,0.08399999886751175,0.09000000357627869,23000,0.0,0.0
2023-01-30 00:00:00+08:00,0.09000000357627869,0.09000000357627869,0.09000000357627869,0.09000000357627869,0,0.0,0.0
2023-01-31 00:00:00+08:00,0.07699999958276749,0.08399999886751175,0.07699999958276749,0.08399999886751175,5500,0.0,0.0
2023-02-01 00:00:00+08:00,0.08399999886751175,0.08399999886751175,0.08399999886751175,0.08399999886751175,0,0.0,0.0
2023-02-02 00:00:00+08:00,0.08399999886751175,0.08399999886751175,0.08399999886751175,0.08399999886751175,0,0.0,0.0
2023-02-03 00:00:00+08:00,0.08399999886751175,0.08399999886751175,0.08399999886751175,0.08399999886751175,0,0.0,0.0
2023-02-06 00:00:00+08:00,0.08399999886751175,0.08399999886751175,0.08399999886751175,0.08399999886751175,0,0.0,0.0
2023-02-07 00:00:00+08:00,0.07599999755620956,0.08699999749660492,0.07599999755620956,0.08699999749660492,14700,0.0,0.0
2023-02-08 00:00:00+08:00,0.08699999749660492,0.08699999749660492,0.08699999749660492,0.08699999749660492,0,0.0,0.0
2023-02-09 00:00:00+08:00,0.0860000029206276,0.0860000029206276,0.0860000029206276,0.0860000029206276,500,0.0,0.0
2023-02-10 00:00:00+08:00,0.0860000029206276,0.08699999749660492,0.0860000029206276,0.08699999749660492,1000,0.0,0.0
2023-02-13 00:00:00+08:00,0.08699999749660492,0.08699999749660492,0.08699999749660492,0.08699999749660492,0,0.0,0.0
2023-02-14 00:00:00+08:00,0.08699999749660492,0.08699999749660492,0.08699999749660492,0.08699999749660492,0,0.0,0.0
2023-02-15 00:00:00+08:00,0.07999999821186066,0.07999999821186066,0.07999999821186066,0.07999999821186066,200000,0.0,0.0
2023-02-16 00:00:00+08:00,0.08799999952316284,0.08799999952316284,0.08799999952316284,0.08799999952316284,39800,0.0,0.0
2023-02-17 00:00:00+08:00,0.0860000029206276,0.08799999952316284,0.0860000029206276,0.08799999952316284,1087600,0.0,0.0
2023-02-20 00:00:00+08:00,0.08799999952316284,0.09000000357627869,0.08500000089406967,0.09000000357627869,449200,0.0,0.0
2023-02-21 00:00:00+08:00,0.08500000089406967,0.09000000357627869,0.08500000089406967,0.09000000357627869,502700,0.0,0.0
2023-02-22 00:00:00+08:00,0.09000000357627869,0.09000000357627869,0.0860000029206276,0.08699999749660492,676000,0.0,0.0
2023-02-23 00:00:00+08:00,0.09000000357627869,0.09000000357627869,0.0860000029206276,0.09000000357627869,118700,0.0,0.0
2023-02-24 00:00:00+08:00,0.0860000029206276,0.09000000357627869,0.0860000029206276,0.09000000357627869,19000,0.0,0.0
2023-02-27 00:00:00+08:00,0.08900000154972076,0.08900000154972076,0.0860000029206276,0.0860000029206276,295800,0.0,0.0
2023-02-28 00:00:00+08:00,0.08500000089406967,0.09000000357627869,0.08500000089406967,0.09000000357627869,3000,0.0,0.0
2023-03-01 00:00:00+08:00,0.08399999886751175,0.08900000154972076,0.08399999886751175,0.08900000154972076,110600,0.0,0.0
2023-03-02 00:00:00+08:00,0.08699999749660492,0.08900000154972076,0.08500000089406967,0.08500000089406967,135400,0.0,0.0
2023-03-03 00:00:00+08:00,0.0860000029206276,0.09399999678134918,0.08399999886751175,0.08399999886751175,159000,0.0,0.0
2023-03-06 00:00:00+08:00,0.08399999886751175,0.08399999886751175,0.08399999886751175,0.08399999886751175,0,0.0,0.0
2023-03-07 00:00:00+08:00,0.08299999684095383,0.09399999678134918,0.08299999684095383,0.09300000220537186,1800,0.0,0.0
2023-03-08 00:00:00+08:00,0.08100000023841858,0.09200000017881393,0.08100000023841858,0.09200000017881393,4200,0.0,0.0
2023-03-09 00:00:00+08:00,0.09200000017881393,0.09200000017881393,0.09200000017881393,0.09200000017881393,0,0.0,0.0
2023-03-10 00:00:00+08:00,0.09200000017881393,0.09200000017881393,0.09200000017881393,0.09200000017881393,0,0.0,0.0
2023-03-13 00:00:00+08:00,0.09200000017881393,0.09200000017881393,0.09200000017881393,0.09200000017881393,0,0.0,0.0
2023-03-14 00:00:00+08:00,0.09200000017881393,0.09200000017881393,0.09200000017881393,0.09200000017881393,0,0.0,0.0
2023-03-15 00:00:00+08:00,0.09200000017881393,0.09200000017881393,0.09200000017881393,0.09200000017881393,0,0.0,0.0
2023-03-16 00:00:00+08:00,0.09200000017881393,0.09200000017881393,0.09200000017881393,0.09200000017881393,0,0.0,0.0
2023-03-17 00:00:00+08:00,0.09200000017881393,0.09200000017881393,0.09200000017881393,0.09200000017881393,0,0.0,0.0
2023-03-20 00:00:00+08:00,0.09200000017881393,0.09200000017881393,0.09200000017881393,0.09200000017881393,0,0.0,0.0
2023-03-21 00:00:00+08:00,0.09200000017881393,0.09200000017881393,0.09200000017881393,0.09200000017881393,0,0.0,0.0
2023-03-22 00:00:00+08:00,0.09200000017881393,0.09200000017881393,0.09200000017881393,0.09200000017881393,0,0.0,0.0
2023-03-23 00:00:00+08:00,0.09000000357627869,0.09099999815225601,0.0820000022649765,0.09099999815225601,47000,0.0,0.0
2023-03-24 00:00:00+08:00,0.09099999815225601,0.09099999815225601,0.09099999815225601,0.09099999815225601,0,0.0,0.0
2023-03-27 00:00:00+08:00,0.09099999815225601,0.09099999815225601,0.09099999815225601,0.09099999815225601,0,0.0,0.0
2023-03-28 00:00:00+08:00,0.09099999815225601,0.09099999815225601,0.09099999815225601,0.09099999815225601,0,0.0,0.0
2023-03-29 00:00:00+08:00,0.0820000022649765,0.0820000022649765,0.0820000022649765,0.0820000022649765,11600,0.0,0.0
2023-03-30 00:00:00+08:00,0.08500000089406967,0.08500000089406967,0.08500000089406967,0.08500000089406967,84400,0.0,0.0
2023-03-31 00:00:00+08:00,0.08500000089406967,0.08500000089406967,0.08399999886751175,0.08399999886751175,150100,0.0,0.0
2023-04-03 00:00:00+08:00,0.08100000023841858,0.09000000357627869,0.07999999821186066,0.09000000357627869,43500,0.0,0.0
2023-04-04 00:00:00+08:00,0.0820000022649765,0.0820000022649765,0.07800000160932541,0.07800000160932541,12900,0.0,0.0
2023-04-05 00:00:00+08:00,0.07800000160932541,0.07800000160932541,0.07800000160932541,0.07800000160932541,0,0.0,0.0
2023-04-06 00:00:00+08:00,0.07900000363588333,0.08900000154972076,0.07900000363588333,0.08900000154972076,2800,0.0,0.0
2023-04-10 00:00:00+08:00,0.07999999821186066,0.0820000022649765,0.07999999821186066,0.0820000022649765,13900,0.0,0.0
2023-04-11 00:00:00+08:00,0.07900000363588333,0.08699999749660492,0.07900000363588333,0.08699999749660492,28700,0.0,0.0
2023-04-12 00:00:00+08:00,0.08699999749660492,0.08699999749660492,0.08699999749660492,0.08699999749660492,0,0.0,0.0
2023-04-13 00:00:00+08:00,0.08699999749660492,0.08699999749660492,0.08699999749660492,0.08699999749660492,3000,0.0,0.0
2023-04-14 00:00:00+08:00,0.08699999749660492,0.08699999749660492,0.08699999749660492,0.08699999749660492,0,0.0,0.0
2023-04-17 00:00:00+08:00,0.08699999749660492,0.08699999749660492,0.08699999749660492,0.08699999749660492,0,0.0,0.0
2023-04-18 00:00:00+08:00,0.0820000022649765,0.08500000089406967,0.0820000022649765,0.08500000089406967,12700,0.0,0.0
2023-04-19 00:00:00+08:00,0.08500000089406967,0.08500000089406967,0.08500000089406967,0.08500000089406967,0,0.0,0.0
2023-04-20 00:00:00+08:00,0.08500000089406967,0.08900000154972076,0.08500000089406967,0.08900000154972076,1800,0.0,0.0
2023-04-21 00:00:00+08:00,0.08399999886751175,0.08900000154972076,0.07800000160932541,0.08799999952316284,9200,0.0,0.0
2023-04-24 00:00:00+08:00,0.08500000089406967,0.08900000154972076,0.08500000089406967,0.08900000154972076,27900,0.0,0.0
2023-04-25 00:00:00+08:00,0.08900000154972076,0.08900000154972076,0.08900000154972076,0.08900000154972076,0,0.0,0.0
2023-04-26 00:00:00+08:00,0.08900000154972076,0.08900000154972076,0.08900000154972076,0.08900000154972076,0,0.0,0.0
2023-04-27 00:00:00+08:00,0.08100000023841858,0.09000000357627869,0.08100000023841858,0.09000000357627869,23300,0.0,0.0
2023-04-28 00:00:00+08:00,0.09000000357627869,0.09000000357627869,0.09000000357627869,0.09000000357627869,0,0.0,0.0
2023-05-02 00:00:00+08:00,0.08500000089406967,0.08900000154972076,0.08100000023841858,0.08900000154972076,32200,0.0,0.0
2023-05-03 00:00:00+08:00,0.07999999821186066,0.08799999952316284,0.07999999821186066,0.08799999952316284,10200,0.0,0.0
2023-05-04 00:00:00+08:00,0.0820000022649765,0.0820000022649765,0.0820000022649765,0.0820000022649765,1400,0.0,0.0
2023-05-05 00:00:00+08:00,0.07999999821186066,0.08500000089406967,0.07999999821186066,0.08500000089406967,79500,0.0,0.0
2023-05-08 00:00:00+08:00,0.08500000089406967,0.08500000089406967,0.08500000089406967,0.08500000089406967,0,0.0,0.0
2023-05-09 00:00:00+08:00,0.08500000089406967,0.08500000089406967,0.08500000089406967,0.08500000089406967,0,0.0,0.0
2023-05-10 00:00:00+08:00,0.08500000089406967,0.08500000089406967,0.08500000089406967,0.08500000089406967,0,0.0,0.0
2023-05-11 00:00:00+08:00,0.08399999886751175,0.08399999886751175,0.08399999886751175,0.08399999886751175,1900,0.0,0.0
2023-05-12 00:00:00+08:00,0.08399999886751175,0.08399999886751175,0.08399999886751175,0.08399999886751175,0,0.0,0.0
2023-05-15 00:00:00+08:00,0.08399999886751175,0.08399999886751175,0.08399999886751175,0.08399999886751175,0,0.0,0.0
2023-05-16 00:00:00+08:00,0.07699999958276749,0.07800000160932541,0.07699999958276749,0.07800000160932541,16200,0.0,0.0
2023-05-17 00:00:00+08:00,0.07999999821186066,0.08799999952316284,0.07900000363588333,0.08799999952316284,5200,0.0,0.0
2023-05-18 00:00:00+08:00,0.08699999749660492,0.08699999749660492,0.07900000363588333,0.07900000363588333,8400,0.0,0.0
2023-05-19 00:00:00+08:00,0.07800000160932541,0.07800000160932541,0.07800000160932541,0.07800000160932541,10000,0.0,0.0
2023-05-22 00:00:00+08:00,0.07800000160932541,0.08799999952316284,0.07699999958276749,0.08799999952316284,6100,0.0,0.0
2023-05-23 00:00:00+08:00,0.08799999952316284,0.08799999952316284,0.08799999952316284,0.08799999952316284,0,0.0,0.0
2023-05-24 00:00:00+08:00,0.08799999952316284,0.08799999952316284,0.08799999952316284,0.08799999952316284,0,0.0,0.0
2023-05-25 00:00:00+08:00,0.08799999952316284,0.08799999952316284,0.08799999952316284,0.08799999952316284,0,0.0,0.0
2023-05-26 00:00:00+08:00,0.08500000089406967,0.08500000089406967,0.08500000089406967,0.08500000089406967,50000,0.0,0.0
2023-05-29 00:00:00+08:00,0.08500000089406967,0.08500000089406967,0.08500000089406967,0.08500000089406967,18600,0.0,0.0
2023-05-30 00:00:00+08:00,0.07800000160932541,0.07800000160932541,0.07800000160932541,0.07800000160932541,3200,0.0,0.0
2023-05-31 00:00:00+08:00,0.07800000160932541,0.07800000160932541,0.07699999958276749,0.07699999958276749,5100,0.0,0.0
2023-06-01 00:00:00+08:00,0.07699999958276749,0.07699999958276749,0.07699999958276749,0.07699999958276749,0,0.0,0.0
2023-06-05 00:00:00+08:00,0.07699999958276749,0.07699999958276749,0.07699999958276749,0.07699999958276749,0,0.0,0.0
2023-06-06 00:00:00+08:00,0.08100000023841858,0.08100000023841858,0.08100000023841858,0.08100000023841858,80000,0.0,0.0
2023-06-07 00:00:00+08:00,0.08100000023841858,0.08100000023841858,0.08100000023841858,0.08100000023841858,22900,0.0,0.0
2023-06-08 00:00:00+08:00,0.08100000023841858,0.08100000023841858,0.08100000023841858,0.08100000023841858,156700,0.0,0.0
2023-06-09 00:00:00+08:00,0.08100000023841858,0.08399999886751175,0.08100000023841858,0.08399999886751175,45300,0.0,0.0
2023-06-12 00:00:00+08:00,0.08399999886751175,0.08399999886751175,0.08399999886751175,0.08399999886751175,0,0.0,0.0
2023-06-13 00:00:00+08:00,0.08399999886751175,0.08399999886751175,0.08399999886751175,0.08399999886751175,0,0.0,0.0
2023-06-14 00:00:00+08:00,0.07800000160932541,0.08900000154972076,0.07000000029802322,0.08900000154972076,19400,0.0,0.0
2023-06-15 00:00:00+08:00,0.08500000089406967,0.08500000089406967,0.08500000089406967,0.08500000089406967,21300,0.0,0.0
2023-06-16 00:00:00+08:00,0.08500000089406967,0.08900000154972076,0.08500000089406967,0.08699999749660492,196700,0.0,0.0
2023-06-19 00:00:00+08:00,0.0860000029206276,0.08900000154972076,0.0820000022649765,0.08699999749660492,5200,0.0,0.0
2023-06-20 00:00:00+08:00,0.08699999749660492,0.08900000154972076,0.08699999749660492,0.08900000154972076,53800,0.0,0.0
2023-06-21 00:00:00+08:00,0.08900000154972076,0.08900000154972076,0.0860000029206276,0.08900000154972076,153100,0.0,0.0
2023-06-22 00:00:00+08:00,0.0860000029206276,0.09000000357627869,0.0860000029206276,0.09000000357627869,104100,0.0,0.0
2023-06-23 00:00:00+08:00,0.08399999886751175,0.08399999886751175,0.08299999684095383,0.08299999684095383,800,0.0,0.0
2023-06-26 00:00:00+08:00,0.08299999684095383,0.08299999684095383,0.08299999684095383,0.08299999684095383,0,0.0,0.0
2023-06-27 00:00:00+08:00,0.07999999821186066,0.08299999684095383,0.07999999821186066,0.08299999684095383,1000,0.0,0.0
2023-06-28 00:00:00+08:00,0.08500000089406967,0.08900000154972076,0.07999999821186066,0.08900000154972076,25300,0.0,0.0
2023-06-30 00:00:00+08:00,0.08900000154972076,0.08900000154972076,0.08900000154972076,0.08900000154972076,0,0.0,0.0
2023-07-03 00:00:00+08:00,0.07999999821186066,0.08799999952316284,0.07999999821186066,0.08799999952316284,36400,0.0,0.0
2023-07-04 00:00:00+08:00,0.08299999684095383,0.08799999952316284,0.08299999684095383,0.08799999952316284,21200,0.0,0.0
2023-07-05 00:00:00+08:00,0.08799999952316284,0.08799999952316284,0.08799999952316284,0.08799999952316284,0,0.0,0.0
2023-07-06 00:00:00+08:00,0.08799999952316284,0.08799999952316284,0.08799999952316284,0.08799999952316284,0,0.0,0.0
2023-07-07 00:00:00+08:00,0.08100000023841858,0.08100000023841858,0.08100000023841858,0.08100000023841858,4300,0.0,0.0
2023-07-10 00:00:00+08:00,0.08100000023841858,0.08699999749660492,0.07999999821186066,0.08699999749660492,18300,0.0,0.0
2023-07-11 00:00:00+08:00,0.0860000029206276,0.0860000029206276,0.0860000029206276,0.0860000029206276,10000,0.0,0.0
2023-07-12 00:00:00+08:00,0.07900000363588333,0.07900000363588333,0.07100000232458115,0.07199999690055847,24600,0.0,0.0
2023-07-13 00:00:00+08:00,0.0729999989271164,0.08799999952316284,0.0729999989271164,0.08799999952316284,11000,0.0,0.0
2023-07-14 00:00:00+08:00,0.08799999952316284,0.08799999952316284,0.08799999952316284,0.08799999952316284,0,0.0,0.0
2023-07-17 00:00:00+08:00,0.08799999952316284,0.08799999952316284,0.08799999952316284,0.08799999952316284,0,0.0,0.0
2023-07-18 00:00:00+08:00,0.0860000029206276,0.0860000029206276,0.07400000095367432,0.07400000095367432,9900,0.0,0.0
2023-07-19 00:00:00+08:00,0.07500000298023224,0.07500000298023224,0.07500000298023224,0.07500000298023224,17400,0.0,0.0
2023-07-20 00:00:00+08:00,0.07500000298023224,0.07999999821186066,0.07500000298023224,0.07599999755620956,30200,0.0,0.0
2023-07-21 00:00:00+08:00,0.07500000298023224,0.07999999821186066,0.07500000298023224,0.07999999821186066,8200,0.0,0.0
2023-07-24 00:00:00+08:00,0.07699999958276749,0.08500000089406967,0.07699999958276749,0.08500000089406967,78700,0.0,0.0
2023-07-25 00:00:00+08:00,0.08500000089406967,0.08500000089406967,0.08500000089406967,0.08500000089406967,0,0.0,0.0
2023-07-26 00:00:00+08:00,0.08500000089406967,0.08500000089406967,0.08500000089406967,0.08500000089406967,0,0.0,0.0
2023-07-27 00:00:00+08:00,0.07999999821186066,0.07999999821186066,0.07999999821186066,0.07999999821186066,90000,0.0,0.0
2023-07-28 00:00:00+08:00,0.07999999821186066,0.07999999821186066,0.07999999821186066,0.07999999821186066,41300,0.0,0.0
2023-07-31 00:00:00+08:00,0.0820000022649765,0.0820000022649765,0.0820000022649765,0.0820000022649765,27800,0.0,0.0
2023-08-01 00:00:00+08:00,0.08500000089406967,0.0860000029206276,0.08100000023841858,0.08100000023841858,65900,0.0,0.0
2023-08-02 00:00:00+08:00,0.08100000023841858,0.08100000023841858,0.08100000023841858,0.08100000023841858,0,0.0,0.0
2023-08-03 00:00:00+08:00,0.08799999952316284,0.08799999952316284,0.08100000023841858,0.08100000023841858,35200,0.0,0.0
2023-08-04 00:00:00+08:00,0.08100000023841858,0.08100000023841858,0.08100000023841858,0.08100000023841858,0,0.0,0.0
2023-08-07 00:00:00+08:00,0.08100000023841858,0.08100000023841858,0.0729999989271164,0.0729999989271164,623100,0.0,0.0
2023-08-08 00:00:00+08:00,0.0729999989271164,0.0729999989271164,0.0729999989271164,0.0729999989271164,3800,0.0,0.0
2023-08-10 00:00:00+08:00,0.07500000298023224,0.07500000298023224,0.07400000095367432,0.07400000095367432,84200,0.0,0.0
2023-08-11 00:00:00+08:00,0.07400000095367432,0.07400000095367432,0.07400000095367432,0.07400000095367432,0,0.0,0.0
2023-08-14 00:00:00+08:00,0.07400000095367432,0.07400000095367432,0.07400000095367432,0.07400000095367432,0,0.0,0.0
2023-08-15 00:00:00+08:00,0.07500000298023224,0.07500000298023224,0.07500000298023224,0.07500000298023224,20000,0.0,0.0
2023-08-16 00:00:00+08:00,0.07500000298023224,0.07800000160932541,0.07400000095367432,0.07800000160932541,35300,0.0,0.0
2023-08-17 00:00:00+08:00,0.07800000160932541,0.07999999821186066,0.07699999958276749,0.07999999821186066,66000,0.0,0.0
2023-08-18 00:00:00+08:00,0.07599999755620956,0.07599999755620956,0.07500000298023224,0.07500000298023224,70000,0.0,0.0
2023-08-21 00:00:00+08:00,0.07500000298023224,0.07500000298023224,0.07500000298023224,0.07500000298023224,117800,0.0,0.0
2023-08-22 00:00:00+08:00,0.07400000095367432,0.07400000095367432,0.07400000095367432,0.07400000095367432,75000,0.0,0.0
2023-08-23 00:00:00+08:00,0.07500000298023224,0.07699999958276749,0.07500000298023224,0.07699999958276749,134500,0.0,0.0
2023-08-24 00:00:00+08:00,0.07800000160932541,0.07800000160932541,0.07800000160932541,0.07800000160932541,70000,0.0,0.0
2023-08-25 00:00:00+08:00,0.07500000298023224,0.07800000160932541,0.07500000298023224,0.07800000160932541,112600,0.0,0.0
2023-08-28 00:00:00+08:00,0.07699999958276749,0.07699999958276749,0.07699999958276749,0.07699999958276749,7000,0.0,0.0
2023-08-29 00:00:00+08:00,0.07699999958276749,0.08399999886751175,0.07699999958276749,0.07999999821186066,24000,0.0,0.0
2023-08-30 00:00:00+08:00,0.07999999821186066,0.07999999821186066,0.07999999821186066,0.07999999821186066,0,0.0,0.0
2023-08-31 00:00:00+08:00,0.07599999755620956,0.07599999755620956,0.07500000298023224,0.07500000298023224,135000,0.0,0.0
2023-09-04 00:00:00+08:00,0.07599999755620956,0.07999999821186066,0.07500000298023224,0.07800000160932541,60200,0.0,0.0
2023-09-05 00:00:00+08:00,0.07800000160932541,0.07800000160932541,0.07500000298023224,0.07800000160932541,56500,0.0,0.0
2023-09-06 00:00:00+08:00,0.07800000160932541,0.07999999821186066,0.07800000160932541,0.07999999821186066,5300,0.0,0.0
2023-09-07 00:00:00+08:00,0.07500000298023224,0.07999999821186066,0.07500000298023224,0.07999999821186066,26300,0.0,0.0
2023-09-08 00:00:00+08:00,0.07599999755620956,0.07599999755620956,0.07500000298023224,0.07500000298023224,50000,0.0,0.0
2023-09-11 00:00:00+08:00,0.07400000095367432,0.07800000160932541,0.07400000095367432,0.07800000160932541,60300,0.0,0.0
2023-09-12 00:00:00+08:00,0.07400000095367432,0.07500000298023224,0.07400000095367432,0.07500000298023224,88500,0.0,0.0
2023-09-13 00:00:00+08:00,0.07500000298023224,0.07599999755620956,0.07400000095367432,0.07599999755620956,100100,0.0,0.0
2023-09-14 00:00:00+08:00,0.07599999755620956,0.07599999755620956,0.07599999755620956,0.07599999755620956,10800,0.0,0.0
2023-09-15 00:00:00+08:00,0.07400000095367432,0.07400000095367432,0.07400000095367432,0.07400000095367432,50000,0.0,0.0
2023-09-18 00:00:00+08:00,0.0729999989271164,0.0729999989271164,0.0729999989271164,0.0729999989271164,2000,0.0,0.0
2023-09-19 00:00:00+08:00,0.0729999989271164,0.0729999989271164,0.0729999989271164,0.0729999989271164,16200,0.0,0.0
2023-09-20 00:00:00+08:00,0.0729999989271164,0.07699999958276749,0.0729999989271164,0.07699999958276749,110100,0.0,0.0
2023-09-21 00:00:00+08:00,0.07400000095367432,0.07699999958276749,0.0729999989271164,0.07699999958276749,20100,0.0,0.0
2023-09-22 00:00:00+08:00,0.0729999989271164,0.07599999755620956,0.07199999690055847,0.07599999755620956,50100,0.0,0.0
2023-09-25 00:00:00+08:00,0.0729999989271164,0.0729999989271164,0.0729999989271164,0.0729999989271164,140000,0.0,0.0
2023-09-26 00:00:00+08:00,0.0729999989271164,0.0729999989271164,0.0729999989271164,0.0729999989271164,200000,0.0,0.0
2023-09-27 00:00:00+08:00,0.0729999989271164,0.0729999989271164,0.0729999989271164,0.0729999989271164,27700,0.0,0.0
2023-09-28 00:00:00+08:00,0.07400000095367432,0.07400000095367432,0.0729999989271164,0.07400000095367432,144100,0.0,0.0
2023-09-29 00:00:00+08:00,0.0729999989271164,0.07699999958276749,0.07199999690055847,0.07199999690055847,144000,0.0,0.0
2023-10-02 00:00:00+08:00,0.07199999690055847,0.07199999690055847,0.07199999690055847,0.07199999690055847,0,0.0,0.0
2023-10-03 00:00:00+08:00,0.07400000095367432,0.07400000095367432,0.0729999989271164,0.0729999989271164,100000,0.0,0.0
2023-10-04 00:00:00+08:00,0.0729999989271164,0.07599999755620956,0.07199999690055847,0.0729999989271164,269800,0.0,0.0
2023-10-05 00:00:00+08:00,0.0729999989271164,0.0729999989271164,0.0729999989271164,0.0729999989271164,70000,0.0,0.0
2023-10-06 00:00:00+08:00,0.0729999989271164,0.0729999989271164,0.0729999989271164,0.0729999989271164,100000,0.0,0.0
2023-10-09 00:00:00+08:00,0.0729999989271164,0.0729999989271164,0.0729999989271164,0.0729999989271164,20000,0.0,0.0
2023-10-10 00:00:00+08:00,0.07800000160932541,0.07800000160932541,0.0729999989271164,0.0729999989271164,165300,0.0,0.0
2023-10-11 00:00:00+08:00,0.0729999989271164,0.0729999989271164,0.0729999989271164,0.0729999989271164,139400,0.0,0.0
2023-10-12 00:00:00+08:00,0.0729999989271164,0.07400000095367432,0.0729999989271164,0.07400000095367432,123000,0.0,0.0
2023-10-13 00:00:00+08:00,0.0729999989271164,0.0729999989271164,0.0729999989271164,0.0729999989271164,77200,0.0,0.0
2023-10-16 00:00:00+08:00,0.07199999690055847,0.0729999989271164,0.07199999690055847,0.0729999989271164,117800,0.0,0.0
2023-10-17 00:00:00+08:00,0.0729999989271164,0.0729999989271164,0.0729999989271164,0.0729999989271164,0,0.0,0.0
2023-10-18 00:00:00+08:00,0.0729999989271164,0.0729999989271164,0.07199999690055847,0.07199999690055847,91000,0.0,0.0
2023-10-19 00:00:00+08:00,0.07199999690055847,0.07199999690055847,0.07199999690055847,0.07199999690055847,0,0.0,0.0
2023-10-20 00:00:00+08:00,0.07100000232458115,0.07199999690055847,0.07000000029802322,0.07100000232458115,134700,0.0,0.0
2023-10-23 00:00:00+08:00,0.07100000232458115,0.0729999989271164,0.07000000029802322,0.0729999989271164,99600,0.0,0.0
2023-10-24 00:00:00+08:00,0.07000000029802322,0.0729999989271164,0.07000000029802322,0.0729999989271164,111700,0.0,0.0
2023-10-25 00:00:00+08:00,0.07100000232458115,0.07100000232458115,0.07000000029802322,0.07100000232458115,194600,0.0,0.0
2023-10-26 00:00:00+08:00,0.07000000029802322,0.07500000298023224,0.07000000029802322,0.07000000029802322,264400,0.0,0.0
2023-10-27 00:00:00+08:00,0.07000000029802322,0.07100000232458115,0.07000000029802322,0.07000000029802322,81900,0.0,0.0
2023-10-30 00:00:00+08:00,0.07100000232458115,0.07100000232458115,0.07000000029802322,0.07000000029802322,46800,0.0,0.0
2023-10-31 00:00:00+08:00,0.07100000232458115,0.07900000363588333,0.07000000029802322,0.07100000232458115,250900,0.0,0.0
2023-11-01 00:00:00+08:00,0.0729999989271164,0.07500000298023224,0.07100000232458115,0.07500000298023224,259700,0.0,0.0
2023-11-02 00:00:00+08:00,0.07500000298023224,0.07800000160932541,0.07500000298023224,0.07800000160932541,90500,0.0,0.0
2023-11-03 00:00:00+08:00,0.07800000160932541,0.07800000160932541,0.07699999958276749,0.07699999958276749,70800,0.0,0.0
2023-11-06 00:00:00+08:00,0.07599999755620956,0.07599999755620956,0.07599999755620956,0.07599999755620956,7700,0.0,0.0
2023-11-07 00:00:00+08:00,0.07599999755620956,0.07699999958276749,0.07599999755620956,0.07699999958276749,26000,0.0,0.0
2023-11-08 00:00:00+08:00,0.07500000298023224,0.07800000160932541,0.07500000298023224,0.07800000160932541,27800,0.0,0.0
2023-11-09 00:00:00+08:00,0.07500000298023224,0.07500000298023224,0.0729999989271164,0.07500000298023224,121300,0.0,0.0
2023-11-10 00:00:00+08:00,0.07199999690055847,0.07199999690055847,0.07199999690055847,0.07199999690055847,5000,0.0,0.0
2023-11-14 00:00:00+08:00,0.0729999989271164,0.07900000363588333,0.0729999989271164,0.07900000363588333,26300,0.0,0.0
2023-11-15 00:00:00+08:00,0.0729999989271164,0.07500000298023224,0.0729999989271164,0.0729999989271164,327700,0.0,0.0
2023-11-16 00:00:00+08:00,0.0729999989271164,0.0729999989271164,0.0729999989271164,0.0729999989271164,0,0.0,0.0
2023-11-17 00:00:00+08:00,0.07400000095367432,0.07400000095367432,0.07400000095367432,0.07400000095367432,50000,0.0,0.0
2023-11-20 00:00:00+08:00,0.07400000095367432,0.07400000095367432,0.07199999690055847,0.07199999690055847,68000,0.0,0.0
2023-11-21 00:00:00+08:00,0.07199999690055847,0.07599999755620956,0.07199999690055847,0.07599999755620956,66300,0.0,0.0
2023-11-22 00:00:00+08:00,0.07599999755620956,0.07599999755620956,0.07599999755620956,0.07599999755620956,52400,0.0,0.0
2023-11-23 00:00:00+08:00,0.07800000160932541,0.07800000160932541,0.07800000160932541,0.07800000160932541,20000,0.0,0.0
2023-11-24 00:00:00+08:00,0.07599999755620956,0.07900000363588333,0.07599999755620956,0.07900000363588333,1200,0.0,0.0
2023-11-27 00:00:00+08:00,0.0729999989271164,0.07900000363588333,0.0729999989271164,0.07900000363588333,20100,0.0,0.0
2023-11-28 00:00:00+08:00,0.07900000363588333,0.07999999821186066,0.07900000363588333,0.07999999821186066,136000,0.0,0.0
2023-11-29 00:00:00+08:00,0.07800000160932541,0.07800000160932541,0.07800000160932541,0.07800000160932541,23000,0.0,0.0
2023-11-30 00:00:00+08:00,0.07900000363588333,0.07900000363588333,0.07900000363588333,0.07900000363588333,40500,0.0,0.0
2023-12-01 00:00:00+08:00,0.07900000363588333,0.07900000363588333,0.07900000363588333,0.07900000363588333,1300,0.0,0.0
2023-12-04 00:00:00+08:00,0.07900000363588333,0.07900000363588333,0.07900000363588333,0.07900000363588333,4800,0.0,0.0
2023-12-05 00:00:00+08:00,0.07900000363588333,0.07900000363588333,0.07900000363588333,0.07900000363588333,18000,0.0,0.0
2023-12-06 00:00:00+08:00,0.07900000363588333,0.07900000363588333,0.07900000363588333,0.07900000363588333,15600,0.0,0.0
2023-12-07 00:00:00+08:00,0.0729999989271164,0.0729999989271164,0.0729999989271164,0.0729999989271164,1000,0.0,0.0
2023-12-08 00:00:00+08:00,0.07800000160932541,0.08100000023841858,0.07699999958276749,0.08100000023841858,5300,0.0,0.0
2023-12-11 00:00:00+08:00,0.08100000023841858,0.08100000023841858,0.08100000023841858,0.08100000023841858,0,0.0,0.0
2023-12-12 00:00:00+08:00,0.0729999989271164,0.07999999821186066,0.07199999690055847,0.07999999821186066,25500,0.0,0.0
2023-12-13 00:00:00+08:00,0.07999999821186066,0.07999999821186066,0.07999999821186066,0.07999999821186066,0,0.0,0.0
2023-12-14 00:00:00+08:00,0.07400000095367432,0.07699999958276749,0.07400000095367432,0.07699999958276749,17500,0.0,0.0
2023-12-15 00:00:00+08:00,0.07599999755620956,0.07900000363588333,0.07599999755620956,0.07900000363588333,271200,0.0,0.0
2023-12-18 00:00:00+08:00,0.07599999755620956,0.07699999958276749,0.0729999989271164,0.07699999958276749,40000,0.0,0.0
2023-12-19 00:00:00+08:00,0.07699999958276749,0.07699999958276749,0.07699999958276749,0.07699999958276749,3100,0.0,0.0
2023-12-20 00:00:00+08:00,0.07699999958276749,0.07999999821186066,0.07699999958276749,0.07999999821186066,3600,0.0,0.0
2023-12-21 00:00:00+08:00,0.07999999821186066,0.07999999821186066,0.07999999821186066,0.07999999821186066,0,0.0,0.0
2023-12-22 00:00:00+08:00,0.07999999821186066,0.07999999821186066,0.07999999821186066,0.07999999821186066,0,0.0,0.0
2023-12-26 00:00:00+08:00,0.07999999821186066,0.07999999821186066,0.07999999821186066,0.07999999821186066,0,0.0,0.0
2023-12-27 00:00:00+08:00,0.07500000298023224,0.07999999821186066,0.07400000095367432,0.07999999821186066,27000,0.0,0.0
2023-12-28 00:00:00+08:00,0.07500000298023224,0.07900000363588333,0.07400000095367432,0.07900000363588333,33500,0.0,0.0
2023-12-29 00:00:00+08:00,0.07900000363588333,0.07900000363588333,0.07900000363588333,0.07900000363588333,0,0.0,0.0
2024-01-02 00:00:00+08:00,0.07800000160932541,0.07900000363588333,0.07599999755620956,0.07900000363588333,41000,0.0,0.0
2024-01-03 00:00:00+08:00,0.07900000363588333,0.07900000363588333,0.07900000363588333,0.07900000363588333,0,0.0,0.0
2024-01-04 00:00:00+08:00,0.07900000363588333,0.07900000363588333,0.07900000363588333,0.07900000363588333,60000,0.0,0.0
2024-01-05 00:00:00+08:00,0.07900000363588333,0.07900000363588333,0.07900000363588333,0.07900000363588333,55800,0.0,0.0
2024-01-08 00:00:00+08:00,0.07599999755620956,0.07900000363588333,0.07400000095367432,0.07599999755620956,25300,0.0,0.0
2024-01-09 00:00:00+08:00,0.07500000298023224,0.07999999821186066,0.07500000298023224,0.07999999821186066,25300,0.0,0.0
2024-01-10 00:00:00+08:00,0.07999999821186066,0.07999999821186066,0.07999999821186066,0.07999999821186066,0,0.0,0.0
2024-01-11 00:00:00+08:00,0.0820000022649765,0.09200000017881393,0.0820000022649765,0.09099999815225601,1882500,0.0,0.0
2024-01-12 00:00:00+08:00,0.09200000017881393,0.09200000017881393,0.08900000154972076,0.09000000357627869,156000,0.0,0.0
2024-01-15 00:00:00+08:00,0.08900000154972076,0.1080000028014183,0.08900000154972076,0.10400000214576721,3113200,0.0,0.0
2024-01-16 00:00:00+08:00,0.10499999672174454,0.10499999672174454,0.10100000351667404,0.10100000351667404,743400,0.0,0.0
2024-01-17 00:00:00+08:00,0.10100000351667404,0.10400000214576721,0.10000000149011612,0.10199999809265137,853700,0.0,0.0
2024-01-18 00:00:00+08:00,0.10100000351667404,0.10300000011920929,0.10100000351667404,0.10300000011920929,285200,0.0,0.0
2024-01-19 00:00:00+08:00,0.10300000011920929,0.10300000011920929,0.10100000351667404,0.10100000351667404,574000,0.0,0.0
2024-01-22 00:00:00+08:00,0.10100000351667404,0.10199999809265137,0.0989999994635582,0.10000000149011612,596600,0.0,0.0
2024-01-23 00:00:00+08:00,0.10100000351667404,0.10100000351667404,0.10100000351667404,0.10100000351667404,430500,0.0,0.0
2024-01-24 00:00:00+08:00,0.10199999809265137,0.10199999809265137,0.10000000149011612,0.10100000351667404,609100,0.0,0.0
2024-01-25 00:00:00+08:00,0.10000000149011612,0.10100000351667404,0.10000000149011612,0.10100000351667404,410000,0.0,0.0
2024-01-26 00:00:00+08:00,0.10000000149011612,0.10400000214576721,0.09700000286102295,0.10400000214576721,1234000,0.0,0.0
2024-01-29 00:00:00+08:00,0.10499999672174454,0.10499999672174454,0.10000000149011612,0.10000000149011612,546200,0.0,0.0
2024-01-30 00:00:00+08:00,0.10000000149011612,0.10199999809265137,0.10000000149011612,0.10000000149011612,552700,0.0,0.0
2024-01-31 00:00:00+08:00,0.10000000149011612,0.10000000149011612,0.0989999994635582,0.0989999994635582,499300,0.0,0.0
2024-02-01 00:00:00+08:00,0.10000000149011612,0.10000000149011612,0.09700000286102295,0.09700000286102295,264500,0.0,0.0
2024-02-02 00:00:00+08:00,0.09799999743700027,0.09799999743700027,0.09799999743700027,0.09799999743700027,40800,0.0,0.0
2024-02-05 00:00:00+08:00,0.09799999743700027,0.0989999994635582,0.09700000286102295,0.0989999994635582,53600,0.0,0.0
2024-02-06 00:00:00+08:00,0.0989999994635582,0.10000000149011612,0.09700000286102295,0.10000000149011612,103600,0.0,0.0
2024-02-07 00:00:00+08:00,0.09700000286102295,0.09700000286102295,0.09700000286102295,0.09700000286102295,250000,0.0,0.0
2024-02-08 00:00:00+08:00,0.09700000286102295,0.10000000149011612,0.09700000286102295,0.10000000149011612,200400,0.0,0.0
2024-02-09 00:00:00+08:00,0.10000000149011612,0.10000000149011612,0.10000000149011612,0.10000000149011612,400,0.0,0.0
2024-02-13 00:00:00+08:00,0.09700000286102295,0.0989999994635582,0.09700000286102295,0.09799999743700027,1321700,0.0,0.0
2024-02-14 00:00:00+08:00,0.09700000286102295,0.0989999994635582,0.09700000286102295,0.0989999994635582,388000,0.0,0.0
2024-02-15 00:00:00+08:00,0.09799999743700027,0.09799999743700027,0.09600000083446503,0.09799999743700027,308500,0.0,0.0
2024-02-16 00:00:00+08:00,0.09799999743700027,0.09799999743700027,0.09600000083446503,0.09600000083446503,591800,0.0,0.0
2024-02-19 00:00:00+08:00,0.09600000083446503,0.09700000286102295,0.0949999988079071,0.0949999988079071,100200,0.0,0.0
2024-02-20 00:00:00+08:00,0.09300000220537186,0.0949999988079071,0.09099999815225601,0.0949999988079071,238000,0.0,0.0
2024-02-21 00:00:00+08:00,0.09399999678134918,0.09600000083446503,0.09399999678134918,0.09399999678134918,539500,0.0,0.0
2024-02-22 00:00:00+08:00,0.09000000357627869,0.09099999815225601,0.09000000357627869,0.09099999815225601,18100,0.0,0.0
2024-02-23 00:00:00+08:00,0.0949999988079071,0.10100000351667404,0.0949999988079071,0.09700000286102295,3632600,0.0,0.0
2024-02-26 00:00:00+08:00,0.09700000286102295,0.09799999743700027,0.09700000286102295,0.09799999743700027,709800,0.0,0.0
2024-02-27 00:00:00+08:00,0.09600000083446503,0.09700000286102295,0.09600000083446503,0.09700000286102295,199300,0.0,0.0
2024-02-28 00:00:00+08:00,0.0949999988079071,0.09700000286102295,0.0949999988079071,0.09600000083446503,304300,0.0,0.0
2024-02-29 00:00:00+08:00,0.0949999988079071,0.09600000083446503,0.0949999988079071,0.0949999988079071,654500,0.0,0.0
2024-03-01 00:00:00+08:00,0.0949999988079071,0.09600000083446503,0.09300000220537186,0.0949999988079071,807500,0.0,0.0
2024-03-04 00:00:00+08:00,0.0949999988079071,0.0949999988079071,0.09300000220537186,0.09399999678134918,304400,0.0,0.0
2024-03-05 00:00:00+08:00,0.0949999988079071,0.0949999988079071,0.09099999815225601,0.09099999815225601,315800,0.0,0.0
2024-03-06 00:00:00+08:00,0.09099999815225601,0.09300000220537186,0.09099999815225601,0.09300000220537186,154300,0.0,0.0
2024-03-07 00:00:00+08:00,0.09200000017881393,0.09399999678134918,0.09200000017881393,0.09300000220537186,591000,0.0,0.0
2024-03-08 00:00:00+08:00,0.09300000220537186,0.09399999678134918,0.09300000220537186,0.09399999678134918,450700,0.0,0.0
2024-03-11 00:00:00+08:00,0.09399999678134918,0.09399999678134918,0.09300000220537186,0.09399999678134918,731100,0.0,0.0
2024-03-12 00:00:00+08:00,0.09300000220537186,0.09399999678134918,0.09200000017881393,0.09399999678134918,523800,0.0,0.0
2024-03-13 00:00:00+08:00,0.09300000220537186,0.09300000220537186,0.09099999815225601,0.09300000220537186,340400,0.0,0.0
2024-03-14 00:00:00+08:00,0.09300000220537186,0.09399999678134918,0.09200000017881393,0.09200000017881393,1026900,0.0,0.0
2024-03-15 00:00:00+08:00,0.09300000220537186,0.09300000220537186,0.09200000017881393,0.09200000017881393,355000,0.0,0.0
2024-03-18 00:00:00+08:00,0.09300000220537186,0.09300000220537186,0.08799999952316284,0.09000000357627869,366000,0.0,0.0
2024-03-19 00:00:00+08:00,0.09000000357627869,0.09200000017881393,0.09000000357627869,0.09000000357627869,481000,0.0,0.0
2024-03-20 00:00:00+08:00,0.09099999815225601,0.09099999815225601,0.08900000154972076,0.08900000154972076,205600,0.0,0.0
2024-03-21 00:00:00+08:00,0.09200000017881393,0.09200000017881393,0.08900000154972076,0.08900000154972076,332500,0.0,0.0
2024-03-22 00:00:00+08:00,0.09000000357627869,0.09099999815225601,0.09000000357627869,0.09000000357627869,847700,0.0,0.0
2024-03-25 00:00:00+08:00,0.09000000357627869,0.09099999815225601,0.09000000357627869,0.09000000357627869,512200,0.0,0.0
2024-03-26 00:00:00+08:00,0.09200000017881393,0.09200000017881393,0.09099999815225601,0.09200000017881393,741100,0.0,0.0
2024-03-27 00:00:00+08:00,0.09200000017881393,0.09200000017881393,0.09099999815225601,0.09200000017881393,485100,0.0,0.0
2024-03-28 00:00:00+08:00,0.09399999678134918,0.09399999678134918,0.09200000017881393,0.09399999678134918,257200,0.0,0.0
2024-04-01 00:00:00+08:00,0.09300000220537186,0.09300000220537186,0.09200000017881393,0.09300000220537186,250000,0.0,0.0
2024-04-02 00:00:00+08:00,0.09200000017881393,0.09300000220537186,0.09099999815225601,0.09300000220537186,117500,0.0,0.0
2024-04-03 00:00:00+08:00,0.09300000220537186,0.09399999678134918,0.09300000220537186,0.09399999678134918,366500,0.0,0.0
2024-04-04 00:00:00+08:00,0.09399999678134918,0.09700000286102295,0.09399999678134918,0.0949999988079071,278000,0.0,0.0
2024-04-05 00:00:00+08:00,0.0949999988079071,0.0949999988079071,0.0949999988079071,0.0949999988079071,0,0.0,0.0
2024-04-08 00:00:00+08:00,0.0949999988079071,0.0989999994635582,0.09399999678134918,0.0949999988079071,637600,0.0,0.0
2024-04-09 00:00:00+08:00,0.09600000083446503,0.09600000083446503,0.0949999988079071,0.0949999988079071,297000,0.0,0.0
2024-04-11 00:00:00+08:00,0.0949999988079071,0.0949999988079071,0.0949999988079071,0.0949999988079071,28200,0.0,0.0
2024-04-12 00:00:00+08:00,0.0949999988079071,0.10100000351667404,0.0949999988079071,0.10100000351667404,408500,0.0,0.0
2024-04-15 00:00:00+08:00,0.09600000083446503,0.09700000286102295,0.09600000083446503,0.09700000286102295,110800,0.0,0.0
2024-04-16 00:00:00+08:00,0.09399999678134918,0.09700000286102295,0.09399999678134918,0.09700000286102295,159200,0.0,0.0
2024-04-17 00:00:00+08:00,0.09300000220537186,0.09399999678134918,0.09300000220537186,0.09399999678134918,11000,0.0,0.0
2024-04-18 00:00:00+08:00,0.09300000220537186,0.09399999678134918,0.08699999749660492,0.09300000220537186,265000,0.0,0.0
2024-04-19 00:00:00+08:00,0.09200000017881393,0.09200000017881393,0.09200000017881393,0.09200000017881393,19000,0.0,0.0
2024-04-22 00:00:00+08:00,0.09300000220537186,0.0949999988079071,0.09300000220537186,0.09300000220537186,216700,0.0,0.0
2024-04-23 00:00:00+08:00,0.09399999678134918,0.0949999988079071,0.09399999678134918,0.0949999988079071,140800,0.0,0.0
2024-04-24 00:00:00+08:00,0.09600000083446503,0.09600000083446503,0.09600000083446503,0.09600000083446503,71000,0.0,0.0
2024-04-25 00:00:00+08:00,0.09399999678134918,0.0989999994635582,0.09399999678134918,0.0989999994635582,169200,0.0,0.0
2024-04-26 00:00:00+08:00,0.09600000083446503,0.09600000083446503,0.09600000083446503,0.09600000083446503,1000,0.0,0.0
2024-04-29 00:00:00+08:00,0.09799999743700027,0.09799999743700027,0.09700000286102295,0.09799999743700027,111800,0.0,0.0
2024-04-30 00:00:00+08:00,0.09799999743700027,0.0989999994635582,0.09700000286102295,0.09700000286102295,130400,0.0,0.0
2024-05-02 00:00:00+08:00,0.0949999988079071,0.0989999994635582,0.09399999678134918,0.0989999994635582,10500,0.0,0.0
2024-05-03 00:00:00+08:00,0.0989999994635582,0.0989999994635582,0.0989999994635582,0.0989999994635582,0,0.0,0.0
2024-05-06 00:00:00+08:00,0.09600000083446503,0.09600000083446503,0.09200000017881393,0.09200000017881393,12200,0.0,0.0
2024-05-07 00:00:00+08:00,0.09200000017881393,0.0949999988079071,0.09099999815225601,0.0949999988079071,61700,0.0,0.0
2024-05-08 00:00:00+08:00,0.09200000017881393,0.09600000083446503,0.09200000017881393,0.09600000083446503,77000,0.0,0.0
2024-05-09 00:00:00+08:00,0.09200000017881393,0.09200000017881393,0.09099999815225601,0.09200000017881393,40100,0.0,0.0
2024-05-10 00:00:00+08:00,0.09200000017881393,0.09200000017881393,0.09200000017881393,0.09200000017881393,29000,0.0,0.0
2024-05-13 00:00:00+08:00,0.09099999815225601,0.0949999988079071,0.09099999815225601,0.0949999988079071,16300,0.0,0.0
2024-05-14 00:00:00+08:00,0.0949999988079071,0.0949999988079071,0.0949999988079071,0.0949999988079071,0,0.0,0.0
2024-05-15 00:00:00+08:00,0.09200000017881393,0.09200000017881393,0.09099999815225601,0.09200000017881393,48200,0.0,0.0
2024-05-16 00:00:00+08:00,0.09099999815225601,0.09399999678134918,0.09099999815225601,0.09399999678134918,5000,0.0,0.0
2024-05-17 00:00:00+08:00,0.09200000017881393,0.0949999988079071,0.09200000017881393,0.0949999988079071,14200,0.0,0.0
2024-05-20 00:00:00+08:00,0.0949999988079071,0.0949999988079071,0.0949999988079071,0.0949999988079071,0,0.0,0.0
2024-05-21 00:00:00+08:00,0.0949999988079071,0.0949999988079071,0.0949999988079071,0.0949999988079071,0,0.0,0.0
2024-05-23 00:00:00+08:00,0.0949999988079071,0.0949999988079071,0.0949999988079071,0.0949999988079071,0,0.0,0.0
2024-05-24 00:00:00+08:00,0.09099999815225601,0.09399999678134918,0.09000000357627869,0.09399999678134918,134200,0.0,0.0
2024-05-27 00:00:00+08:00,0.09099999815225601,0.09099999815225601,0.09099999815225601,0.09099999815225601,12900,0.0,0.0
2024-05-28 00:00:00+08:00,0.09000000357627869,0.09000000357627869,0.08900000154972076,0.08900000154972076,15600,0.0,0.0
2024-05-29 00:00:00+08:00,0.08900000154972076,0.08900000154972076,0.08900000154972076,0.08900000154972076,0,0.0,0.0
2024-05-30 00:00:00+08:00,0.08900000154972076,0.08900000154972076,0.08900000154972076,0.08900000154972076,0,0.0,0.0
2024-05-31 00:00:00+08:00,0.08900000154972076,0.08900000154972076,0.08900000154972076,0.08900000154972076,0,0.0,0.0
2024-06-03 00:00:00+08:00,0.08900000154972076,0.09099999815225601,0.08900000154972076,0.09000000357627869,104400,0.0,0.0
2024-06-04 00:00:00+08:00,0.08900000154972076,0.08900000154972076,0.08900000154972076,0.08900000154972076,59300,0.0,0.0
2024-06-05 00:00:00+08:00,0.08900000154972076,0.08900000154972076,0.08900000154972076,0.08900000154972076,0,0.0,0.0
2024-06-06 00:00:00+08:00,0.08900000154972076,0.08900000154972076,0.08900000154972076,0.08900000154972076,0,0.0,0.0
2024-06-07 00:00:00+08:00,0.08900000154972076,0.09200000017881393,0.08500000089406967,0.09200000017881393,30400,0.0,0.0
2024-06-10 00:00:00+08:00,0.09000000357627869,0.09200000017881393,0.08799999952316284,0.09200000017881393,73400,0.0,0.0
2024-06-11 00:00:00+08:00,0.08900000154972076,0.08900000154972076,0.08900000154972076,0.08900000154972076,18500,0.0,0.0
2024-06-12 00:00:00+08:00,0.08900000154972076,0.08900000154972076,0.08900000154972076,0.08900000154972076,15500,0.0,0.0
2024-06-13 00:00:00+08:00,0.0860000029206276,0.08799999952316284,0.08500000089406967,0.08799999952316284,175500,0.0,0.0
2024-06-14 00:00:00+08:00,0.08799999952316284,0.08799999952316284,0.08799999952316284,0.08799999952316284,0,0.0,0.0
2024-06-18 00:00:00+08:00,0.08699999749660492,0.08699999749660492,0.08500000089406967,0.08500000089406967,6400,0.0,0.0
2024-06-19 00:00:00+08:00,0.08500000089406967,0.08900000154972076,0.08500000089406967,0.08900000154972076,3000,0.0,0.0
2024-06-20 00:00:00+08:00,0.08500000089406967,0.08500000089406967,0.08500000089406967,0.08500000089406967,51900,0.0,0.0
2024-06-21 00:00:00+08:00,0.08699999749660492,0.08799999952316284,0.08399999886751175,0.08799999952316284,145000,0.0,0.0
2024-06-24 00:00:00+08:00,0.08399999886751175,0.08500000089406967,0.08399999886751175,0.08500000089406967,25600,0.0,0.0
2024-06-25 00:00:00+08:00,0.08299999684095383,0.08299999684095383,0.08299999684095383,0.08299999684095383,13000,0.0,0.0
2024-06-26 00:00:00+08:00,0.08299999684095383,0.0860000029206276,0.08299999684095383,0.0860000029206276,14700,0.0,0.0
2024-06-27 00:00:00+08:00,0.08399999886751175,0.08399999886751175,0.08399999886751175,0.08399999886751175,1800,0.0,0.0
2024-06-28 00:00:00+08:00,0.08299999684095383,0.08299999684095383,0.0820000022649765,0.0820000022649765,19200,0.0,0.0
2024-07-01 00:00:00+08:00,0.0820000022649765,0.0820000022649765,0.0820000022649765,0.0820000022649765,0,0.0,0.0
2024-07-02 00:00:00+08:00,0.0860000029206276,0.0860000029206276,0.08399999886751175,0.08399999886751175,90000,0.0,0.0
2024-07-03 00:00:00+08:00,0.08399999886751175,0.08399999886751175,0.08399999886751175,0.08399999886751175,0,0.0,0.0
2024-07-04 00:00:00+08:00,0.08500000089406967,0.08500000089406967,0.08500000089406967,0.08500000089406967,700,0.0,0.0
2024-07-05 00:00:00+08:00,0.08500000089406967,0.08500000089406967,0.08500000089406967,0.08500000089406967,8900,0.0,0.0
2024-07-08 00:00:00+08:00,0.08500000089406967,0.08500000089406967,0.08500000089406967,0.08500000089406967,0,0.0,0.0
2024-07-09 00:00:00+08:00,0.08299999684095383,0.0860000029206276,0.08299999684095383,0.08399999886751175,54600,0.0,0.0
2024-07-10 00:00:00+08:00,0.08299999684095383,0.08299999684095383,0.08299999684095383,0.08299999684095383,41000,0.0,0.0
2024-07-11 00:00:00+08:00,0.08299999684095383,0.08299999684095383,0.08299999684095383,0.08299999684095383,0,0.0,0.0
2024-07-12 00:00:00+08:00,0.09399999678134918,0.09700000286102295,0.09399999678134918,0.0949999988079071,942700,0.0,0.0
2024-07-15 00:00:00+08:00,0.0949999988079071,0.09799999743700027,0.0949999988079071,0.09799999743700027,410500,0.0,0.0
2024-07-16 00:00:00+08:00,0.0989999994635582,0.10499999672174454,0.0989999994635582,0.10400000214576721,1332500,0.0,0.0
2024-07-17 00:00:00+08:00,0.10199999809265137,0.10400000214576721,0.10000000149011612,0.10000000149011612,759300,0.0,0.0
2024-07-18 00:00:00+08:00,0.10100000351667404,0.10300000011920929,0.10100000351667404,0.10199999809265137,527100,0.0,0.0
2024-07-19 00:00:00+08:00,0.10300000011920929,0.10300000011920929,0.10100000351667404,0.10199999809265137,577000,0.0,0.0
2024-07-22 00:00:00+08:00,0.10100000351667404,0.10100000351667404,0.10100000351667404,0.10100000351667404,68400,0.0,0.0
2024-07-23 00:00:00+08:00,0.10199999809265137,0.10300000011920929,0.10100000351667404,0.10100000351667404,377200,0.0,0.0
2024-07-24 00:00:00+08:00,0.09600000083446503,0.10199999809265137,0.09600000083446503,0.10100000351667404,102600,0.0,0.0
2024-07-25 00:00:00+08:00,0.10100000351667404,0.10700000077486038,0.10100000351667404,0.10300000011920929,344600,0.0,0.0
2024-07-26 00:00:00+08:00,0.10499999672174454,0.10700000077486038,0.10400000214576721,0.10400000214576721,165200,0.0,0.0
2024-07-29 00:00:00+08:00,0.10499999672174454,0.10700000077486038,0.10400000214576721,0.10599999874830246,421300,0.0,0.0
2024-07-30 00:00:00+08:00,0.10499999672174454,0.1080000028014183,0.10499999672174454,0.10599999874830246,147600,0.0,0.0
2024-07-31 00:00:00+08:00,0.10499999672174454,0.10700000077486038,0.10499999672174454,0.10700000077486038,109400,0.0,0.0
2024-08-01 00:00:00+08:00,0.10499999672174454,0.10599999874830246,0.10499999672174454,0.10599999874830246,59300,0.0,0.0
2024-08-02 00:00:00+08:00,0.10499999672174454,0.10499999672174454,0.10400000214576721,0.10499999672174454,151900,0.0,0.0
2024-08-05 00:00:00+08:00,0.10499999672174454,0.10499999672174454,0.10400000214576721,0.10400000214576721,61000,0.0,0.0
2024-08-06 00:00:00+08:00,0.10400000214576721,0.10400000214576721,0.10400000214576721,0.10400000214576721,0,0.0,0.0
2024-08-07 00:00:00+08:00,0.12600000202655792,0.12999999523162842,0.11999999731779099,0.12200000137090683,3233900,0.0,0.0
2024-08-08 00:00:00+08:00,0.12200000137090683,0.12200000137090683,0.11999999731779099,0.12099999934434891,639300,0.0,0.0
2024-08-12 00:00:00+08:00,0.12099999934434891,0.12099999934434891,0.11900000274181366,0.12099999934434891,531700,0.0,0.0
2024-08-13 00:00:00+08:00,0.12099999934434891,0.12300000339746475,0.11999999731779099,0.12099999934434891,1008900,0.0,0.0
2024-08-14 00:00:00+08:00,0.12300000339746475,0.125,0.12200000137090683,0.125,1905700,0.0,0.0
2024-08-15 00:00:00+08:00,0.11299999803304672,0.11299999803304672,0.10599999874830246,0.10599999874830246,421600,0.0,0.0
2024-08-16 00:00:00+08:00,0.10599999874830246,0.1080000028014183,0.10499999672174454,0.1080000028014183,527300,0.0,0.0
2024-08-19 00:00:00+08:00,0.10599999874830246,0.10700000077486038,0.10499999672174454,0.10700000077486038,548800,0.0,0.0
2024-08-20 00:00:00+08:00,0.10700000077486038,0.10899999737739563,0.10599999874830246,0.10899999737739563,236100,0.0,0.0
2024-08-21 00:00:00+08:00,0.10899999737739563,0.11800000071525574,0.10899999737739563,0.1120000034570694,345800,0.0,0.0
2024-08-22 00:00:00+08:00,0.11100000143051147,0.11800000071525574,0.11100000143051147,0.11599999666213989,404300,0.0,0.0
2024-08-23 00:00:00+08:00,0.11400000005960464,0.11999999731779099,0.11100000143051147,0.11400000005960464,1548800,0.0,0.0
2024-08-26 00:00:00+08:00,0.11599999666213989,0.11599999666213989,0.11299999803304672,0.11500000208616257,182600,0.0,0.0
2024-08-27 00:00:00+08:00,0.11299999803304672,0.11400000005960464,0.1120000034570694,0.11400000005960464,112100,0.0,0.0
2024-08-28 00:00:00+08:00,0.1120000034570694,0.11299999803304672,0.1120000034570694,0.11299999803304672,87200,0.0,0.0
2024-08-29 00:00:00+08:00,0.11100000143051147,0.1120000034570694,0.11100000143051147,0.1120000034570694,19600,0.0,0.0
2024-08-30 00:00:00+08:00,0.1120000034570694,0.11699999868869781,0.1120000034570694,0.11699999868869781,162100,0.0,0.0
2024-09-02 00:00:00+08:00,0.11500000208616257,0.11599999666213989,0.11400000005960464,0.11400000005960464,123300,0.0,0.0
2024-09-03 00:00:00+08:00,0.11400000005960464,0.11500000208616257,0.11400000005960464,0.11500000208616257,118100,0.0,0.0
2024-09-04 00:00:00+08:00,0.11400000005960464,0.11400000005960464,0.11100000143051147,0.1120000034570694,354800,0.0,0.0
2024-09-05 00:00:00+08:00,0.1120000034570694,0.11299999803304672,0.1120000034570694,0.1120000034570694,431100,0.0,0.0
2024-09-06 00:00:00+08:00,0.1120000034570694,0.11299999803304672,0.1120000034570694,0.11299999803304672,125100,0.0,0.0
2024-09-09 00:00:00+08:00,0.11299999803304672,0.11299999803304672,0.11299999803304672,0.11299999803304672,270000,0.0,0.0
2024-09-10 00:00:00+08:00,0.1120000034570694,0.11299999803304672,0.1120000034570694,0.1120000034570694,136700,0.0,0.0
2024-09-11 00:00:00+08:00,0.1120000034570694,0.11299999803304672,0.1120000034570694,0.11299999803304672,359600,0.0,0.0
2024-09-12 00:00:00+08:00,0.1120000034570694,0.1120000034570694,0.1120000034570694,0.1120000034570694,57000,0.0,0.0
2024-09-13 00:00:00+08:00,0.11299999803304672,0.11599999666213989,0.11299999803304672,0.11500000208616257,473900,0.0,0.0
2024-09-16 00:00:00+08:00,0.11599999666213989,0.11599999666213989,0.11400000005960464,0.11400000005960464,40800,0.0,0.0
2024-09-17 00:00:00+08:00,0.11299999803304672,0.11400000005960464,0.11100000143051147,0.1120000034570694,321200,0.0,0.0
2024-09-18 00:00:00+08:00,0.1120000034570694,0.1120000034570694,0.1120000034570694,0.1120000034570694,0,0.0,0.0
2024-09-19 00:00:00+08:00,0.1120000034570694,0.1120000034570694,0.1120000034570694,0.1120000034570694,115200,0.0,0.0
2024-09-20 00:00:00+08:00,0.1120000034570694,0.11400000005960464,0.1120000034570694,0.11400000005960464,18100,0.0,0.0
2024-09-23 00:00:00+08:00,0.11299999803304672,0.11299999803304672,0.11299999803304672,0.11299999803304672,201700,0.0,0.0
2024-09-24 00:00:00+08:00,0.1120000034570694,0.11400000005960464,0.1120000034570694,0.11400000005960464,43600,0.0,0.0
2024-09-25 00:00:00+08:00,0.11400000005960464,0.11400000005960464,0.1120000034570694,0.11400000005960464,167500,0.0,0.0
2024-09-26 00:00:00+08:00,0.1120000034570694,0.11400000005960464,0.10999999940395355,0.11400000005960464,240500,0.0,0.0
2024-09-27 00:00:00+08:00,0.10999999940395355,0.11299999803304672,0.10999999940395355,0.11299999803304672,48700,0.0,0.0
2024-09-30 00:00:00+08:00,0.11299999803304672,0.11400000005960464,0.11299999803304672,0.11400000005960464,126200,0.0,0.0
2024-10-01 00:00:00+08:00,0.1120000034570694,0.11299999803304672,0.1120000034570694,0.11299999803304672,221300,0.0,0.0
2024-10-02 00:00:00+08:00,0.1120000034570694,0.11599999666213989,0.1120000034570694,0.11500000208616257,833700,0.0,0.0
2024-10-03 00:00:00+08:00,0.11400000005960464,0.11500000208616257,0.11299999803304672,0.11500000208616257,370500,0.0,0.0
2024-10-04 00:00:00+08:00,0.11400000005960464,0.11500000208616257,0.11299999803304672,0.11500000208616257,84700,0.0,0.0
2024-10-07 00:00:00+08:00,0.11500000208616257,0.11500000208616257,0.11500000208616257,0.11500000208616257,0,0.0,0.0
2024-10-08 00:00:00+08:00,0.1120000034570694,0.1120000034570694,0.11100000143051147,0.11100000143051147,187400,0.0,0.0
2024-10-09 00:00:00+08:00,0.1120000034570694,0.1120000034570694,0.1120000034570694,0.1120000034570694,199800,0.0,0.0
2024-10-10 00:00:00+08:00,0.1120000034570694,0.1120000034570694,0.1120000034570694,0.1120000034570694,22800,0.0,0.0
2024-10-11 00:00:00+08:00,0.1120000034570694,0.11299999803304672,0.1120000034570694,0.11299999803304672,106300,0.0,0.0
2024-10-14 00:00:00+08:00,0.11299999803304672,0.11299999803304672,0.10999999940395355,0.1120000034570694,269200,0.0,0.0
2024-10-15 00:00:00+08:00,0.11100000143051147,0.11299999803304672,0.10999999940395355,0.11299999803304672,150000,0.0,0.0
2024-10-16 00:00:00+08:00,0.11100000143051147,0.11299999803304672,0.11100000143051147,0.11299999803304672,13600,0.0,0.0
2024-10-18 00:00:00+08:00,0.11100000143051147,0.11299999803304672,0.11100000143051147,0.11299999803304672,6900,0.0,0.0
