Date,Open,High,Low,Close,Volume,Dividends,Stock Splits
2001-09-11 00:00:00+09:00,457.79779052734375,457.79779052734375,457.79779052734375,457.79779052734375,292840,0.0,0.0
2001-09-12 00:00:00+09:00,404.02044677734375,404.02044677734375,404.02044677734375,404.02044677734375,154590,0.0,0.0
2001-09-13 00:00:00+09:00,423.3251342773438,423.3251342773438,423.3251342773438,423.32513427734375,585590,0.0,0.0
2001-09-14 00:00:00+09:00,383.33673095703125,383.33673095703125,383.33673095703125,383.33673095703125,370660,0.0,0.0
2001-09-17 00:00:00+09:00,398.5046691894531,398.5046691894531,398.5046691894531,398.5046691894531,562620,0.0,0.0
2001-09-18 00:00:00+09:00,421.9461669921875,421.9461669921875,421.9461669921875,421.9461669921875,543640,0.0,0.0
2001-09-19 00:00:00+09:00,421.9461669921875,421.9461669921875,421.9461669921875,421.9461669921875,301210,0.0,0.0
2001-09-20 00:00:00+09:00,402.6413879394531,402.6413879394531,402.6413879394531,402.6413879394531,149250,0.0,0.0
2001-09-21 00:00:00+09:00,386.0945739746094,386.0945739746094,386.0945739746094,386.0945739746094,220310,0.0,0.0
2001-09-24 00:00:00+09:00,394.3679504394531,394.3679504394531,394.3679504394531,394.3679504394531,256530,0.0,0.0
2001-09-25 00:00:00+09:00,386.0945739746094,386.0945739746094,386.0945739746094,386.0945739746094,155480,0.0,0.0
2001-09-26 00:00:00+09:00,384.7156372070313,384.7156372070313,384.7156372070313,384.71563720703125,121670,0.0,0.0
2001-09-27 00:00:00+09:00,391.61010742187494,391.61010742187494,391.61010742187494,391.610107421875,181140,0.0,0.0
2001-09-28 00:00:00+09:00,399.8835754394531,399.8835754394531,399.8835754394531,399.8835754394531,225970,0.0,0.0
2001-10-01 00:00:00+09:00,399.8835754394531,399.8835754394531,399.8835754394531,399.8835754394531,0,0.0,0.0
2001-10-02 00:00:00+09:00,399.8835754394531,399.8835754394531,399.8835754394531,399.8835754394531,0,0.0,0.0
2001-10-03 00:00:00+09:00,399.8835754394531,399.8835754394531,399.8835754394531,399.8835754394531,0,0.0,0.0
2001-10-04 00:00:00+09:00,417.80938720703125,417.80938720703125,417.80938720703125,417.80938720703125,279180,0.0,0.0
2001-10-05 00:00:00+09:00,412.29388427734375,412.29388427734375,412.29388427734375,412.29388427734375,126390,0.0,0.0
2001-10-08 00:00:00+09:00,404.02044677734375,404.02044677734375,404.02044677734375,404.02044677734375,101370,0.0,0.0
2001-10-09 00:00:00+09:00,417.80938720703125,417.80938720703125,417.80938720703125,417.80938720703125,315150,0.0,0.0
2001-10-10 00:00:00+09:00,420.5672912597656,420.5672912597656,420.5672912597656,420.5672912597656,209590,0.0,0.0
2001-10-11 00:00:00+09:00,421.9461669921875,421.9461669921875,421.9461669921875,421.9461669921875,444680,0.0,0.0
2001-10-12 00:00:00+09:00,430.21957397460943,430.21957397460943,430.21957397460943,430.2195739746094,262680,0.0,0.0
2001-10-15 00:00:00+09:00,446.7664794921875,446.7664794921875,446.7664794921875,446.7664794921875,793160,0.0,0.0
2001-10-16 00:00:00+09:00,441.25091552734375,441.25091552734375,441.25091552734375,441.25091552734375,312700,0.0,0.0
2001-10-17 00:00:00+09:00,445.3876037597656,445.3876037597656,445.3876037597656,445.3876037597656,552120,0.0,0.0
2001-10-18 00:00:00+09:00,461.9345397949219,461.9345397949219,461.9345397949219,461.9345397949219,999390,0.0,0.0
2001-10-19 00:00:00+09:00,452.2821044921875,452.2821044921875,452.2821044921875,452.2821044921875,235730,0.0,0.0
2001-10-22 00:00:00+09:00,452.2821044921875,452.2821044921875,452.2821044921875,452.2821044921875,208040,0.0,0.0
2001-10-23 00:00:00+09:00,449.5243225097656,449.5243225097656,449.5243225097656,449.5243225097656,242360,0.0,0.0
2001-10-24 00:00:00+09:00,452.2821044921875,452.2821044921875,452.2821044921875,452.2821044921875,227400,0.0,0.0
2001-10-25 00:00:00+09:00,446.7664794921875,446.7664794921875,446.7664794921875,446.7664794921875,241260,0.0,0.0
2001-10-26 00:00:00+09:00,444.0086975097657,444.0086975097657,444.0086975097657,444.0086975097656,175880,0.0,0.0
2001-10-29 00:00:00+09:00,446.7664794921875,446.7664794921875,446.7664794921875,446.7664794921875,144220,0.0,0.0
2001-10-30 00:00:00+09:00,427.46173095703125,427.46173095703125,427.46173095703125,427.46173095703125,253020,0.0,0.0
2001-10-31 00:00:00+09:00,427.46173095703125,427.46173095703125,427.46173095703125,427.46173095703125,115930,0.0,0.0
2001-11-01 00:00:00+09:00,437.11407470703125,437.11407470703125,437.11407470703125,437.11407470703125,230430,0.0,0.0
2001-11-02 00:00:00+09:00,435.7353210449219,435.7353210449219,435.7353210449219,435.7353210449219,165140,0.0,0.0
2001-11-05 00:00:00+09:00,448.1454162597656,448.1454162597656,448.1454162597656,448.1454162597656,165370,0.0,0.0
2001-11-06 00:00:00+09:00,450.9032287597657,450.9032287597657,450.9032287597657,450.9032287597656,171370,0.0,0.0
2001-11-07 00:00:00+09:00,446.7664794921875,446.7664794921875,446.7664794921875,446.7664794921875,106410,0.0,0.0
2001-11-08 00:00:00+09:00,441.25091552734375,441.25091552734375,441.25091552734375,441.25091552734375,293250,0.0,0.0
2001-11-09 00:00:00+09:00,449.5243225097656,449.5243225097656,449.5243225097656,449.5243225097656,241550,0.0,0.0
2001-11-12 00:00:00+09:00,468.8291320800782,468.8291320800782,468.8291320800782,468.8291320800781,628870,0.0,0.0
2001-11-13 00:00:00+09:00,463.3134460449219,463.3134460449219,463.3134460449219,463.3134460449219,682730,0.0,0.0
2001-11-14 00:00:00+09:00,459.1767578125,459.1767578125,459.1767578125,459.1767578125,374660,0.0,0.0
2001-11-15 00:00:00+09:00,468.8291320800782,468.8291320800782,468.8291320800782,468.8291320800781,468710,0.0,0.0
2001-11-16 00:00:00+09:00,467.4501953125,467.4501953125,467.4501953125,467.4501953125,270230,0.0,0.0
2001-11-19 00:00:00+09:00,460.55566406250006,460.55566406250006,460.55566406250006,460.5556640625,312830,0.0,0.0
2001-11-20 00:00:00+09:00,459.1767578125,459.1767578125,459.1767578125,459.1767578125,253400,0.0,0.0
2001-11-21 00:00:00+09:00,460.55566406250006,460.55566406250006,460.55566406250006,460.5556640625,184880,0.0,0.0
2001-11-22 00:00:00+09:00,466.0711669921875,466.0711669921875,466.0711669921875,466.0711669921875,401580,0.0,0.0
2001-11-23 00:00:00+09:00,466.0711669921875,466.0711669921875,466.0711669921875,466.0711669921875,283330,0.0,0.0
2001-11-26 00:00:00+09:00,475.72357177734375,475.72357177734375,475.72357177734375,475.72357177734375,591850,0.0,0.0
2001-11-27 00:00:00+09:00,481.23931884765625,481.23931884765625,481.23931884765625,481.23931884765625,645830,0.0,0.0
2001-11-28 00:00:00+09:00,449.5243225097656,449.5243225097656,449.5243225097656,449.5243225097656,405960,0.0,0.0
2001-11-29 00:00:00+09:00,449.5243225097656,449.5243225097656,449.5243225097656,449.5243225097656,163820,0.0,0.0
2001-11-30 00:00:00+09:00,453.66107177734375,453.66107177734375,453.66107177734375,453.66107177734375,178660,0.0,0.0
2001-12-03 00:00:00+09:00,456.4188842773438,456.4188842773438,456.4188842773438,456.41888427734375,128840,0.0,0.0
2001-12-04 00:00:00+09:00,455.0399169921875,455.0399169921875,455.0399169921875,455.0399169921875,199920,0.0,0.0
2001-12-05 00:00:00+09:00,463.3134460449219,463.3134460449219,463.3134460449219,463.3134460449219,737060,0.0,0.0
2001-12-06 00:00:00+09:00,466.0711669921875,466.0711669921875,466.0711669921875,466.0711669921875,339200,0.0,0.0
2001-12-07 00:00:00+09:00,461.9345397949219,461.9345397949219,461.9345397949219,461.9345397949219,449730,0.0,0.0
2001-12-10 00:00:00+09:00,455.0399169921875,455.0399169921875,455.0399169921875,455.0399169921875,234790,0.0,0.0
2001-12-11 00:00:00+09:00,455.0399169921875,455.0399169921875,455.0399169921875,455.0399169921875,129180,0.0,0.0
2001-12-12 00:00:00+09:00,453.66107177734375,453.66107177734375,453.66107177734375,453.66107177734375,214070,0.0,0.0
2001-12-13 00:00:00+09:00,452.2821044921875,452.2821044921875,452.2821044921875,452.2821044921875,283100,0.0,0.0
2001-12-14 00:00:00+09:00,460.55566406250006,460.55566406250006,460.55566406250006,460.5556640625,181480,0.0,0.0
2001-12-17 00:00:00+09:00,455.0399169921875,455.0399169921875,455.0399169921875,455.0399169921875,274940,0.0,0.0
2001-12-18 00:00:00+09:00,455.0399169921875,455.0399169921875,455.0399169921875,455.0399169921875,186580,0.0,0.0
2001-12-19 00:00:00+09:00,460.55566406250006,460.55566406250006,460.55566406250006,460.5556640625,736200,0.0,0.0
2001-12-20 00:00:00+09:00,457.79779052734375,457.79779052734375,457.79779052734375,457.79779052734375,231450,0.0,0.0
2001-12-21 00:00:00+09:00,468.8291320800782,468.8291320800782,468.8291320800782,468.8291320800781,579070,0.0,0.0
2001-12-24 00:00:00+09:00,482.6182861328125,482.6182861328125,482.6182861328125,482.6182861328125,611180,0.0,0.0
2001-12-25 00:00:00+09:00,482.6182861328125,482.6182861328125,482.6182861328125,482.6182861328125,0,0.0,0.0
2001-12-26 00:00:00+09:00,482.6182861328125,482.6182861328125,482.6182861328125,482.6182861328125,588070,0.0,0.0
2001-12-27 00:00:00+09:00,1071.412841796875,1071.412841796875,1071.412841796875,1071.412841796875,310090,1000.0,0.0
2001-12-28 00:00:00+09:00,1071.412841796875,1071.412841796875,1071.412841796875,1071.412841796875,340170,0.0,0.0
2001-12-31 00:00:00+09:00,1071.412841796875,1071.412841796875,1071.412841796875,1071.412841796875,0,0.0,0.0
2002-01-01 00:00:00+09:00,1071.412841796875,1071.412841796875,1071.412841796875,1071.412841796875,0,0.0,0.0
2002-01-02 00:00:00+09:00,1071.412841796875,1071.412841796875,1071.412841796875,1071.412841796875,280030,0.0,0.0
2002-01-03 00:00:00+09:00,1081.0653076171875,1081.0653076171875,1081.0653076171875,1081.0653076171875,304090,0.0,0.0
2002-01-04 00:00:00+09:00,1106.8050537109375,1106.8050537109375,1106.8050537109375,1106.8050537109375,635430,0.0,0.0
2002-01-07 00:00:00+09:00,1100.369873046875,1100.369873046875,1100.369873046875,1100.369873046875,438050,0.0,0.0
2002-01-08 00:00:00+09:00,1106.8050537109375,1106.8050537109375,1106.8050537109375,1106.8050537109375,338510,0.0,0.0
2002-01-09 00:00:00+09:00,1077.8477783203125,1077.8477783203125,1077.8477783203125,1077.8477783203125,353310,0.0,0.0
2002-01-10 00:00:00+09:00,1074.63037109375,1074.63037109375,1074.63037109375,1074.63037109375,367430,0.0,0.0
2002-01-11 00:00:00+09:00,1077.8477783203125,1077.8477783203125,1077.8477783203125,1077.8477783203125,452680,0.0,0.0
2002-01-14 00:00:00+09:00,1106.8050537109375,1106.8050537109375,1106.8050537109375,1106.8050537109375,970370,0.0,0.0
2002-01-15 00:00:00+09:00,1087.4998779296875,1087.4998779296875,1087.4998779296875,1087.4998779296875,452970,0.0,0.0
2002-01-16 00:00:00+09:00,1074.63037109375,1074.63037109375,1074.63037109375,1074.63037109375,240140,0.0,0.0
2002-01-17 00:00:00+09:00,1068.1954345703125,1068.1954345703125,1068.1954345703125,1068.1954345703125,217670,0.0,0.0
2002-01-18 00:00:00+09:00,1039.2381591796875,1039.2381591796875,1039.2381591796875,1039.2381591796875,262020,0.0,0.0
2002-01-21 00:00:00+09:00,1048.890625,1048.890625,1048.890625,1048.890625,171500,0.0,0.0
2002-01-22 00:00:00+09:00,1042.4556884765625,1042.4556884765625,1042.4556884765625,1042.4556884765625,134500,0.0,0.0
2002-01-23 00:00:00+09:00,1036.0206298828125,1036.0206298828125,1036.0206298828125,1036.0206298828125,222780,0.0,0.0
2002-01-24 00:00:00+09:00,1032.8035888671875,1032.8035888671875,1032.8035888671875,1032.8035888671875,200270,0.0,0.0
2002-01-25 00:00:00+09:00,1042.4556884765625,1042.4556884765625,1042.4556884765625,1042.4556884765625,203380,0.0,0.0
2002-01-28 00:00:00+09:00,1081.0653076171875,1081.0653076171875,1081.0653076171875,1081.0653076171875,397100,0.0,0.0
2002-01-29 00:00:00+09:00,1071.412841796875,1071.412841796875,1071.412841796875,1071.412841796875,167980,0.0,0.0
2002-01-30 00:00:00+09:00,1045.6732177734375,1045.6732177734375,1045.6732177734375,1045.6732177734375,125230,0.0,0.0
2002-01-31 00:00:00+09:00,1052.1080322265625,1052.1080322265625,1052.1080322265625,1052.1080322265625,135600,0.0,0.0
2002-02-01 00:00:00+09:00,1048.890625,1048.890625,1048.890625,1048.890625,114150,0.0,0.0
2002-02-04 00:00:00+09:00,1039.2381591796875,1039.2381591796875,1039.2381591796875,1039.2381591796875,168310,0.0,0.0
2002-02-05 00:00:00+09:00,1032.8035888671875,1032.8035888671875,1032.8035888671875,1032.8035888671875,84970,0.0,0.0
2002-02-06 00:00:00+09:00,1058.5430908203125,1058.5430908203125,1058.5430908203125,1058.5430908203125,241450,0.0,0.0
2002-02-07 00:00:00+09:00,1026.36865234375,1026.36865234375,1026.36865234375,1026.36865234375,289230,0.0,0.0
2002-02-08 00:00:00+09:00,1029.5859375,1029.5859375,1029.5859375,1029.5859375,194500,0.0,0.0
2002-02-11 00:00:00+09:00,1029.5859375,1029.5859375,1029.5859375,1029.5859375,0,0.0,0.0
2002-02-12 00:00:00+09:00,1029.5859375,1029.5859375,1029.5859375,1029.5859375,0,0.0,0.0
2002-02-13 00:00:00+09:00,1029.5859375,1029.5859375,1029.5859375,1029.5859375,0,0.0,0.0
2002-02-14 00:00:00+09:00,1061.7603759765625,1061.7603759765625,1061.7603759765625,1061.7603759765625,745500,0.0,0.0
2002-02-15 00:00:00+09:00,1061.7603759765625,1061.7603759765625,1061.7603759765625,1061.7603759765625,305800,0.0,0.0
2002-02-18 00:00:00+09:00,1042.4556884765625,1042.4556884765625,1042.4556884765625,1042.4556884765625,266330,0.0,0.0
2002-02-19 00:00:00+09:00,1055.3253173828125,1055.3253173828125,1055.3253173828125,1055.3253173828125,211610,0.0,0.0
2002-02-20 00:00:00+09:00,1180.8062744140625,1180.8062744140625,1180.8062744140625,1180.8062744140625,2794050,0.0,0.0
2002-02-21 00:00:00+09:00,1158.2843017578125,1158.2843017578125,1158.2843017578125,1158.2843017578125,989390,0.0,0.0
2002-02-22 00:00:00+09:00,1254.8077392578125,1254.8077392578125,1254.8077392578125,1254.8077392578125,1142120,0.0,0.0
2002-02-25 00:00:00+09:00,1274.112548828125,1274.112548828125,1274.112548828125,1274.112548828125,918400,0.0,0.0
2002-02-26 00:00:00+09:00,1425.332763671875,1425.332763671875,1425.332763671875,1425.332763671875,1698520,0.0,0.0
2002-02-27 00:00:00+09:00,1422.1156005859375,1422.1156005859375,1422.1156005859375,1422.1156005859375,1190790,0.0,0.0
2002-02-28 00:00:00+09:00,1425.332763671875,1425.332763671875,1425.332763671875,1425.332763671875,0,0.0,0.0
2002-03-01 00:00:00+09:00,1425.332763671875,1425.332763671875,1425.332763671875,1425.332763671875,0,0.0,0.0
2002-03-04 00:00:00+09:00,1531.508544921875,1531.508544921875,1531.508544921875,1531.508544921875,1025710,0.0,0.0
2002-03-05 00:00:00+09:00,1447.855224609375,1447.855224609375,1447.855224609375,1447.855224609375,1468100,0.0,0.0
2002-03-06 00:00:00+09:00,1473.594970703125,1473.594970703125,1473.594970703125,1473.594970703125,1059980,0.0,0.0
2002-03-07 00:00:00+09:00,1467.1600341796875,1467.1600341796875,1467.1600341796875,1467.1600341796875,465630,0.0,0.0
2002-03-08 00:00:00+09:00,1473.594970703125,1473.594970703125,1473.594970703125,1473.594970703125,431470,0.0,0.0
2002-03-11 00:00:00+09:00,1480.0294189453125,1480.0294189453125,1480.0294189453125,1480.0294189453125,373330,0.0,0.0
2002-03-12 00:00:00+09:00,1457.5074462890625,1457.5074462890625,1457.5074462890625,1457.5074462890625,292960,0.0,0.0
2002-03-13 00:00:00+09:00,1454.2900390625002,1454.2900390625002,1454.2900390625002,1454.2900390625,442570,0.0,0.0
2002-03-14 00:00:00+09:00,1473.594970703125,1473.594970703125,1473.594970703125,1473.594970703125,632360,0.0,0.0
2002-03-15 00:00:00+09:00,1582.988037109375,1582.988037109375,1582.988037109375,1582.988037109375,1047780,0.0,0.0
2002-03-18 00:00:00+09:00,1724.5562744140625,1724.5562744140625,1724.5562744140625,1724.5562744140625,1291480,0.0,0.0
2002-03-19 00:00:00+09:00,1698.81640625,1698.81640625,1698.81640625,1698.81640625,820860,0.0,0.0
2002-03-20 00:00:00+09:00,1679.5120849609375,1679.5120849609375,1679.5120849609375,1679.5120849609375,657830,0.0,0.0
2002-03-21 00:00:00+09:00,1705.2515869140625,1705.2515869140625,1705.2515869140625,1705.2515869140625,539790,0.0,0.0
2002-03-22 00:00:00+09:00,1650.554931640625,1650.554931640625,1650.554931640625,1650.554931640625,731450,0.0,0.0
2002-03-25 00:00:00+09:00,1566.90087890625,1566.90087890625,1566.90087890625,1566.90087890625,789610,0.0,0.0
2002-03-26 00:00:00+09:00,1554.0306396484375,1554.0306396484375,1554.0306396484375,1554.0306396484375,334440,0.0,0.0
2002-03-27 00:00:00+09:00,1640.90283203125,1640.90283203125,1640.90283203125,1640.90283203125,525780,0.0,0.0
2002-03-28 00:00:00+09:00,1640.90283203125,1640.90283203125,1640.90283203125,1640.90283203125,350420,0.0,0.0
2002-03-29 00:00:00+09:00,1631.25,1631.25,1631.25,1631.25,300170,0.0,0.0
2002-04-01 00:00:00+09:00,1525.0738525390625,1525.0738525390625,1525.0738525390625,1525.0738525390625,522760,0.0,0.0
2002-04-02 00:00:00+09:00,1480.0294189453125,1480.0294189453125,1480.0294189453125,1480.0294189453125,325790,0.0,0.0
2002-04-03 00:00:00+09:00,1525.0738525390625,1525.0738525390625,1525.0738525390625,1525.0738525390625,184960,0.0,0.0
2002-04-04 00:00:00+09:00,1492.89990234375,1492.89990234375,1492.89990234375,1492.89990234375,172530,0.0,0.0
2002-04-05 00:00:00+09:00,1492.89990234375,1492.89990234375,1492.89990234375,1492.89990234375,0,0.0,0.0
2002-04-08 00:00:00+09:00,1525.0738525390625,1525.0738525390625,1525.0738525390625,1525.0738525390625,239120,0.0,0.0
2002-04-09 00:00:00+09:00,1537.9437255859375,1537.9437255859375,1537.9437255859375,1537.9437255859375,246730,0.0,0.0
2002-04-10 00:00:00+09:00,1512.204345703125,1512.204345703125,1512.204345703125,1512.204345703125,242700,0.0,0.0
2002-04-11 00:00:00+09:00,1505.769287109375,1505.769287109375,1505.769287109375,1505.769287109375,165630,0.0,0.0
2002-04-12 00:00:00+09:00,1554.0306396484375,1554.0306396484375,1554.0306396484375,1554.0306396484375,273150,0.0,0.0
2002-04-15 00:00:00+09:00,1570.118408203125,1570.118408203125,1570.118408203125,1570.118408203125,245890,0.0,0.0
2002-04-16 00:00:00+09:00,1666.64208984375,1666.64208984375,1666.64208984375,1666.64208984375,457340,0.0,0.0
2002-04-17 00:00:00+09:00,1673.0771484375,1673.0771484375,1673.0771484375,1673.0771484375,0,0.0,0.0
2002-04-22 00:00:00+09:00,1512.204833984375,1512.204833984375,1512.204833984375,1512.204833984375,591489,0.0,0.0
2002-04-23 00:00:00+09:00,1518.6396484375,1518.6396484375,1518.6396484375,1518.6396484375,395719,0.0,0.0
2002-04-24 00:00:00+09:00,1480.030029296875,1480.030029296875,1480.030029296875,1480.030029296875,384810,0.0,0.0
2002-04-25 00:00:00+09:00,1306.28759765625,1306.28759765625,1306.28759765625,1306.28759765625,392001,0.0,0.0
2002-04-26 00:00:00+09:00,1299.852783203125,1299.852783203125,1299.852783203125,1299.852783203125,230683,0.0,0.0
2002-04-29 00:00:00+09:00,1190.458984375,1190.458984375,1190.458984375,1190.458984375,459718,0.0,0.0
2002-04-30 00:00:00+09:00,1171.1544189453125,1171.1544189453125,1171.1544189453125,1171.1544189453125,265704,0.0,0.0
2002-05-01 00:00:00+09:00,1171.1544189453125,1171.1544189453125,1171.1544189453125,1171.1544189453125,0,0.0,0.0
2002-05-02 00:00:00+09:00,1190.458984375,1190.458984375,1190.458984375,1190.458984375,238254,0.0,0.0
2002-05-03 00:00:00+09:00,1209.763916015625,1209.763916015625,1209.763916015625,1209.763916015625,271110,0.0,0.0
2002-05-06 00:00:00+09:00,1286.9830322265625,1286.9830322265625,1286.9830322265625,1286.9830322265625,685747,0.0,0.0
2002-05-07 00:00:00+09:00,1235.5037841796875,1235.5037841796875,1235.5037841796875,1235.5037841796875,367256,0.0,0.0
2002-05-08 00:00:00+09:00,1383.5064697265625,1383.5064697265625,1383.5064697265625,1383.5064697265625,2015949,0.0,0.0
2002-05-09 00:00:00+09:00,1370.6368408203125,1370.6368408203125,1370.6368408203125,1370.6368408203125,856614,0.0,0.0
2002-05-10 00:00:00+09:00,1293.41796875,1293.41796875,1293.41796875,1293.41796875,342865,0.0,0.0
2002-05-13 00:00:00+09:00,1274.113037109375,1274.113037109375,1274.113037109375,1274.113037109375,279669,0.0,0.0
2002-05-14 00:00:00+09:00,1241.9383544921875,1241.9383544921875,1241.9383544921875,1241.9383544921875,387648,0.0,0.0
2002-05-15 00:00:00+09:00,1241.9383544921875,1241.9383544921875,1241.9383544921875,1241.9383544921875,490345,0.0,0.0
2002-05-16 00:00:00+09:00,1248.373291015625,1248.373291015625,1248.373291015625,1248.373291015625,315358,0.0,0.0
2002-05-17 00:00:00+09:00,1235.5037841796875,1235.5037841796875,1235.5037841796875,1235.5037841796875,328652,0.0,0.0
2002-05-20 00:00:00+09:00,1254.80810546875,1254.80810546875,1254.80810546875,1254.80810546875,459415,0.0,0.0
2002-05-21 00:00:00+09:00,1241.9383544921875,1241.9383544921875,1241.9383544921875,1241.9383544921875,557041,0.0,0.0
2002-05-22 00:00:00+09:00,1196.8939208984375,1196.8939208984375,1196.8939208984375,1196.8939208984375,406574,0.0,0.0
2002-05-23 00:00:00+09:00,1190.458984375,1190.458984375,1190.458984375,1190.458984375,364828,0.0,0.0
2002-05-24 00:00:00+09:00,1158.2847900390625,1158.2847900390625,1158.2847900390625,1158.2847900390625,317749,0.0,0.0
2002-05-27 00:00:00+09:00,1106.8055419921875,1106.8055419921875,1106.8055419921875,1106.8055419921875,291573,0.0,0.0
2002-05-28 00:00:00+09:00,1093.9356689453125,1093.9356689453125,1093.9356689453125,1093.9356689453125,260586,0.0,0.0
2002-05-29 00:00:00+09:00,1068.19580078125,1068.19580078125,1068.19580078125,1068.19580078125,291201,0.0,0.0
2002-05-30 00:00:00+09:00,1100.370361328125,1100.370361328125,1100.370361328125,1100.370361328125,442158,0.0,0.0
2002-05-31 00:00:00+09:00,1093.9356689453125,1093.9356689453125,1093.9356689453125,1093.9356689453125,337232,0.0,0.0
2002-06-03 00:00:00+09:00,1132.5447998046875,1132.5447998046875,1132.5447998046875,1132.5447998046875,466727,0.0,0.0
2002-06-04 00:00:00+09:00,1132.5447998046875,1132.5447998046875,1132.5447998046875,1132.5447998046875,172314,0.0,0.0
2002-06-05 00:00:00+09:00,1164.7193603515625,1164.7193603515625,1164.7193603515625,1164.7193603515625,844657,0.0,0.0
2002-06-06 00:00:00+09:00,1164.7193603515625,1164.7193603515625,1164.7193603515625,1164.7193603515625,0,0.0,0.0
2002-06-07 00:00:00+09:00,1113.2401123046875,1113.2401123046875,1113.2401123046875,1113.2401123046875,259553,0.0,0.0
2002-06-10 00:00:00+09:00,1126.110107421875,1126.110107421875,1126.110107421875,1126.110107421875,181462,0.0,0.0
2002-06-11 00:00:00+09:00,1113.2401123046875,1113.2401123046875,1113.2401123046875,1113.2401123046875,221572,0.0,0.0
2002-06-12 00:00:00+09:00,1113.2401123046875,1113.2401123046875,1113.2401123046875,1113.2401123046875,218908,0.0,0.0
2002-06-13 00:00:00+09:00,1113.2401123046875,1113.2401123046875,1113.2401123046875,1113.2401123046875,0,0.0,0.0
2002-06-14 00:00:00+09:00,1113.2401123046875,1113.2401123046875,1113.2401123046875,1113.2401123046875,265598,0.0,0.0
2002-06-17 00:00:00+09:00,1100.370361328125,1100.370361328125,1100.370361328125,1100.370361328125,148991,0.0,0.0
2002-06-18 00:00:00+09:00,1087.5003662109375,1087.5003662109375,1087.5003662109375,1087.5003662109375,155373,0.0,0.0
2002-06-19 00:00:00+09:00,1074.630615234375,1074.630615234375,1074.630615234375,1074.630615234375,495970,0.0,0.0
2002-06-20 00:00:00+09:00,1087.5003662109375,1087.5003662109375,1087.5003662109375,1087.5003662109375,234710,0.0,0.0
2002-06-21 00:00:00+09:00,1126.110107421875,1126.110107421875,1126.110107421875,1126.110107421875,674548,0.0,0.0
2002-06-24 00:00:00+09:00,1093.9356689453125,1093.9356689453125,1093.9356689453125,1093.9356689453125,189811,0.0,0.0
2002-06-25 00:00:00+09:00,1093.9356689453125,1093.9356689453125,1093.9356689453125,1093.9356689453125,322626,0.0,0.0
2002-06-26 00:00:00+09:00,978.1067504882812,978.1067504882812,978.1067504882812,978.1067504882812,210535,0.0,0.0
2002-06-27 00:00:00+09:00,990.9766845703126,990.9766845703126,990.9766845703126,990.9766845703125,144971,0.0,0.0
2002-06-28 00:00:00+09:00,1042.4561767578125,1042.4561767578125,1042.4561767578125,1042.4561767578125,210635,0.0,0.0
2002-07-01 00:00:00+09:00,1042.4561767578125,1042.4561767578125,1042.4561767578125,1042.4561767578125,0,0.0,0.0
2002-07-02 00:00:00+09:00,1164.7193603515625,1164.7193603515625,1164.7193603515625,1164.7193603515625,512179,0.0,0.0
2002-07-03 00:00:00+09:00,1132.5447998046875,1132.5447998046875,1132.5447998046875,1132.5447998046875,1517928,0.0,0.0
2002-07-04 00:00:00+09:00,1132.5447998046875,1132.5447998046875,1132.5447998046875,1132.5447998046875,325353,0.0,0.0
2002-07-05 00:00:00+09:00,1126.110107421875,1126.110107421875,1126.110107421875,1126.110107421875,500068,0.0,0.0
2002-07-08 00:00:00+09:00,1081.0657958984375,1081.0657958984375,1081.0657958984375,1081.0657958984375,527721,0.0,0.0
2002-07-09 00:00:00+09:00,1074.630615234375,1074.630615234375,1074.630615234375,1074.630615234375,597317,0.0,0.0
2002-07-10 00:00:00+09:00,1074.630615234375,1074.630615234375,1074.630615234375,1074.630615234375,424293,0.0,0.0
2002-07-11 00:00:00+09:00,1055.32568359375,1055.32568359375,1055.32568359375,1055.32568359375,363117,0.0,0.0
2002-07-12 00:00:00+09:00,1087.5003662109375,1087.5003662109375,1087.5003662109375,1087.5003662109375,756852,0.0,0.0
2002-07-15 00:00:00+09:00,1081.0657958984375,1081.0657958984375,1081.0657958984375,1081.0657958984375,375884,0.0,0.0
2002-07-16 00:00:00+09:00,1068.19580078125,1068.19580078125,1068.19580078125,1068.19580078125,273709,0.0,0.0
2002-07-17 00:00:00+09:00,1068.19580078125,1068.19580078125,1068.19580078125,1068.19580078125,0,0.0,0.0
2002-07-18 00:00:00+09:00,1100.370361328125,1100.370361328125,1100.370361328125,1100.370361328125,410031,0.0,0.0
2002-07-19 00:00:00+09:00,1093.9356689453125,1093.9356689453125,1093.9356689453125,1093.9356689453125,1697060,0.0,0.0
2002-07-22 00:00:00+09:00,978.1067504882812,978.1067504882812,978.1067504882812,978.1067504882812,742962,0.0,0.0
2002-07-23 00:00:00+09:00,1029.5863037109375,1029.5863037109375,1029.5863037109375,1029.5863037109375,398996,0.0,0.0
2002-07-24 00:00:00+09:00,997.4116210937499,997.4116210937499,997.4116210937499,997.41162109375,194513,0.0,0.0
2002-07-25 00:00:00+09:00,997.4116210937499,997.4116210937499,997.4116210937499,997.41162109375,291030,0.0,0.0
2002-07-26 00:00:00+09:00,990.9766845703126,990.9766845703126,990.9766845703126,990.9766845703125,436891,0.0,0.0
2002-07-29 00:00:00+09:00,1010.2815551757811,1010.2815551757811,1010.2815551757811,1010.2815551757812,325282,0.0,0.0
2002-07-30 00:00:00+09:00,1029.5863037109375,1029.5863037109375,1029.5863037109375,1029.5863037109375,250198,0.0,0.0
2002-07-31 00:00:00+09:00,1023.1514282226564,1023.1514282226564,1023.1514282226564,1023.1514282226562,123221,0.0,0.0
2002-08-01 00:00:00+09:00,1010.2815551757811,1010.2815551757811,1010.2815551757811,1010.2815551757812,120196,0.0,0.0
2002-08-02 00:00:00+09:00,997.4116210937499,997.4116210937499,997.4116210937499,997.41162109375,131022,0.0,0.0
2002-08-05 00:00:00+09:00,971.672119140625,971.672119140625,971.672119140625,971.672119140625,164682,0.0,0.0
2002-08-06 00:00:00+09:00,939.4973754882812,939.4973754882812,939.4973754882812,939.4973754882812,186771,0.0,0.0
2002-08-07 00:00:00+09:00,965.2373657226562,965.2373657226562,965.2373657226562,965.2373657226562,155390,0.0,0.0
2002-08-08 00:00:00+09:00,978.1067504882812,978.1067504882812,978.1067504882812,978.1067504882812,150942,0.0,0.0
2002-08-09 00:00:00+09:00,984.5420532226562,984.5420532226562,984.5420532226562,984.5420532226562,145001,0.0,0.0
2002-08-12 00:00:00+09:00,984.5420532226562,984.5420532226562,984.5420532226562,984.5420532226562,123109,0.0,0.0
2002-08-13 00:00:00+09:00,997.4116210937499,997.4116210937499,997.4116210937499,997.41162109375,169049,0.0,0.0
2002-08-14 00:00:00+09:00,1016.7165527343751,1016.7165527343751,1016.7165527343751,1016.716552734375,365528,0.0,0.0
2002-08-15 00:00:00+09:00,1016.7165527343751,1016.7165527343751,1016.7165527343751,1016.716552734375,0,0.0,0.0
2002-08-16 00:00:00+09:00,1042.4561767578125,1042.4561767578125,1042.4561767578125,1042.4561767578125,667188,0.0,0.0
2002-08-19 00:00:00+09:00,1023.1514282226564,1023.1514282226564,1023.1514282226564,1023.1514282226562,212446,0.0,0.0
2002-08-20 00:00:00+09:00,1042.4561767578125,1042.4561767578125,1042.4561767578125,1042.4561767578125,432808,0.0,0.0
2002-08-21 00:00:00+09:00,1061.7608642578125,1061.7608642578125,1061.7608642578125,1061.7608642578125,236305,0.0,0.0
2002-08-22 00:00:00+09:00,1061.7608642578125,1061.7608642578125,1061.7608642578125,1061.7608642578125,250739,0.0,0.0
2002-08-23 00:00:00+09:00,1042.4561767578125,1042.4561767578125,1042.4561767578125,1042.4561767578125,216551,0.0,0.0
2002-08-26 00:00:00+09:00,1042.4561767578125,1042.4561767578125,1042.4561767578125,1042.4561767578125,92825,0.0,0.0
2002-08-27 00:00:00+09:00,1036.02099609375,1036.02099609375,1036.02099609375,1036.02099609375,163362,0.0,0.0
2002-08-28 00:00:00+09:00,1061.7608642578125,1061.7608642578125,1061.7608642578125,1061.7608642578125,494936,0.0,0.0
2002-08-29 00:00:00+09:00,1074.630615234375,1074.630615234375,1074.630615234375,1074.630615234375,293289,0.0,0.0
2002-08-30 00:00:00+09:00,1055.32568359375,1055.32568359375,1055.32568359375,1055.32568359375,290244,0.0,0.0
2002-09-02 00:00:00+09:00,1048.890869140625,1048.890869140625,1048.890869140625,1048.890869140625,179077,0.0,0.0
2002-09-03 00:00:00+09:00,1106.8055419921875,1106.8055419921875,1106.8055419921875,1106.8055419921875,1028431,0.0,0.0
2002-09-04 00:00:00+09:00,1126.110107421875,1126.110107421875,1126.110107421875,1126.110107421875,575222,0.0,0.0
2002-09-05 00:00:00+09:00,1261.2431640625,1261.2431640625,1261.2431640625,1261.2431640625,1869838,0.0,0.0
2002-09-06 00:00:00+09:00,1274.113037109375,1274.113037109375,1274.113037109375,1274.113037109375,6132148,0.0,0.0
2002-09-09 00:00:00+09:00,1126.110107421875,1126.110107421875,1126.110107421875,1126.110107421875,1709109,0.0,0.0
2002-09-10 00:00:00+09:00,1093.9356689453125,1093.9356689453125,1093.9356689453125,1093.9356689453125,2347819,0.0,0.0
2002-09-11 00:00:00+09:00,1113.2401123046875,1113.2401123046875,1113.2401123046875,1113.2401123046875,1408242,0.0,0.0
2002-09-12 00:00:00+09:00,1061.7608642578125,1061.7608642578125,1061.7608642578125,1061.7608642578125,1064127,0.0,0.0
2002-09-13 00:00:00+09:00,1016.7165527343751,1016.7165527343751,1016.7165527343751,1016.716552734375,627790,0.0,0.0
2002-09-16 00:00:00+09:00,1036.02099609375,1036.02099609375,1036.02099609375,1036.02099609375,800405,0.0,0.0
2002-09-17 00:00:00+09:00,1042.4561767578125,1042.4561767578125,1042.4561767578125,1042.4561767578125,833472,0.0,0.0
2002-09-18 00:00:00+09:00,1074.630615234375,1074.630615234375,1074.630615234375,1074.630615234375,1266419,0.0,0.0
2002-09-19 00:00:00+09:00,1061.7608642578125,1061.7608642578125,1061.7608642578125,1061.7608642578125,605711,0.0,0.0
2002-09-20 00:00:00+09:00,1061.7608642578125,1061.7608642578125,1061.7608642578125,1061.7608642578125,0,0.0,0.0
2002-09-23 00:00:00+09:00,1003.8466186523438,1003.8466186523438,1003.8466186523438,1003.8466186523438,924208,0.0,0.0
2002-09-24 00:00:00+09:00,971.672119140625,971.672119140625,971.672119140625,971.672119140625,324116,0.0,0.0
2002-09-25 00:00:00+09:00,933.0624389648438,933.0624389648438,933.0624389648438,933.0624389648438,349967,0.0,0.0
2002-09-26 00:00:00+09:00,945.9323120117189,945.9323120117189,945.9323120117189,945.9323120117188,256809,0.0,0.0
2002-09-27 00:00:00+09:00,958.8021240234375,958.8021240234375,958.8021240234375,958.8021240234375,457696,0.0,0.0
2002-09-30 00:00:00+09:00,900.8881225585938,900.8881225585938,900.8881225585938,900.8881225585938,261503,0.0,0.0
2002-10-01 00:00:00+09:00,945.9323120117189,945.9323120117189,945.9323120117189,945.9323120117188,244463,0.0,0.0
2002-10-02 00:00:00+09:00,933.0624389648438,933.0624389648438,933.0624389648438,933.0624389648438,236888,0.0,0.0
2002-10-03 00:00:00+09:00,933.0624389648438,933.0624389648438,933.0624389648438,933.0624389648438,0,0.0,0.0
2002-10-04 00:00:00+09:00,920.1927490234375,920.1927490234375,920.1927490234375,920.1927490234375,164085,0.0,0.0
2002-10-07 00:00:00+09:00,907.3228149414062,907.3228149414062,907.3228149414062,907.3228149414062,175440,0.0,0.0
2002-10-08 00:00:00+09:00,920.1927490234375,920.1927490234375,920.1927490234375,920.1927490234375,174969,0.0,0.0
2002-10-09 00:00:00+09:00,933.0624389648438,933.0624389648438,933.0624389648438,933.0624389648438,1920779,0.0,0.0
2002-10-10 00:00:00+09:00,900.8881225585938,900.8881225585938,900.8881225585938,900.8881225585938,475046,0.0,0.0
2002-10-11 00:00:00+09:00,913.7578125,913.7578125,913.7578125,913.7578125,289251,0.0,0.0
2002-10-14 00:00:00+09:00,945.9323120117189,945.9323120117189,945.9323120117189,945.9323120117188,332441,0.0,0.0
2002-10-15 00:00:00+09:00,958.8021240234375,958.8021240234375,958.8021240234375,958.8021240234375,236420,0.0,0.0
2002-10-16 00:00:00+09:00,939.4973754882812,939.4973754882812,939.4973754882812,939.4973754882812,272647,0.0,0.0
2002-10-17 00:00:00+09:00,945.9323120117189,945.9323120117189,945.9323120117189,945.9323120117188,392052,0.0,0.0
2002-10-18 00:00:00+09:00,971.672119140625,971.672119140625,971.672119140625,971.672119140625,492096,0.0,0.0
2002-10-21 00:00:00+09:00,965.2373657226562,965.2373657226562,965.2373657226562,965.2373657226562,309643,0.0,0.0
2002-10-22 00:00:00+09:00,945.9323120117189,945.9323120117189,945.9323120117189,945.9323120117188,282564,0.0,0.0
2002-10-23 00:00:00+09:00,965.2373657226562,965.2373657226562,965.2373657226562,965.2373657226562,193996,0.0,0.0
2002-10-24 00:00:00+09:00,952.3673706054688,952.3673706054688,952.3673706054688,952.3673706054688,170159,0.0,0.0
2002-10-25 00:00:00+09:00,952.3673706054688,952.3673706054688,952.3673706054688,952.3673706054688,130300,0.0,0.0
2002-10-28 00:00:00+09:00,978.1067504882812,978.1067504882812,978.1067504882812,978.1067504882812,348985,0.0,0.0
2002-10-29 00:00:00+09:00,997.4116210937499,997.4116210937499,997.4116210937499,997.41162109375,444064,0.0,0.0
2002-10-30 00:00:00+09:00,958.8021240234375,958.8021240234375,958.8021240234375,958.8021240234375,297736,0.0,0.0
2002-10-31 00:00:00+09:00,965.2373657226562,965.2373657226562,965.2373657226562,965.2373657226562,181240,0.0,0.0
2002-11-01 00:00:00+09:00,958.8021240234375,958.8021240234375,958.8021240234375,958.8021240234375,98949,0.0,0.0
2002-11-04 00:00:00+09:00,978.1067504882812,978.1067504882812,978.1067504882812,978.1067504882812,202778,0.0,0.0
2002-11-05 00:00:00+09:00,965.2373657226562,965.2373657226562,965.2373657226562,965.2373657226562,122888,0.0,0.0
2002-11-06 00:00:00+09:00,971.672119140625,971.672119140625,971.672119140625,971.672119140625,184210,0.0,0.0
2002-11-07 00:00:00+09:00,971.672119140625,971.672119140625,971.672119140625,971.672119140625,147957,0.0,0.0
2002-11-08 00:00:00+09:00,971.672119140625,971.672119140625,971.672119140625,971.672119140625,119375,0.0,0.0
2002-11-11 00:00:00+09:00,958.8021240234375,958.8021240234375,958.8021240234375,958.8021240234375,71290,0.0,0.0
2002-11-12 00:00:00+09:00,945.9323120117189,945.9323120117189,945.9323120117189,945.9323120117188,91455,0.0,0.0
2002-11-13 00:00:00+09:00,945.9323120117189,945.9323120117189,945.9323120117189,945.9323120117188,75888,0.0,0.0
2002-11-14 00:00:00+09:00,933.0624389648438,933.0624389648438,933.0624389648438,933.0624389648438,142430,0.0,0.0
2002-11-15 00:00:00+09:00,952.3673706054688,952.3673706054688,952.3673706054688,952.3673706054688,138402,0.0,0.0
2002-11-18 00:00:00+09:00,945.9323120117189,945.9323120117189,945.9323120117189,945.9323120117188,125198,0.0,0.0
2002-11-19 00:00:00+09:00,945.9323120117189,945.9323120117189,945.9323120117189,945.9323120117188,59511,0.0,0.0
2002-11-20 00:00:00+09:00,952.3673706054688,952.3673706054688,952.3673706054688,952.3673706054688,103416,0.0,0.0
2002-11-21 00:00:00+09:00,958.8021240234375,958.8021240234375,958.8021240234375,958.8021240234375,90867,0.0,0.0
2002-11-22 00:00:00+09:00,965.2373657226562,965.2373657226562,965.2373657226562,965.2373657226562,188713,0.0,0.0
2002-11-25 00:00:00+09:00,984.5420532226562,984.5420532226562,984.5420532226562,984.5420532226562,197709,0.0,0.0
2002-11-26 00:00:00+09:00,978.1067504882812,978.1067504882812,978.1067504882812,978.1067504882812,117753,0.0,0.0
2002-11-27 00:00:00+09:00,978.1067504882812,978.1067504882812,978.1067504882812,978.1067504882812,118276,0.0,0.0
2002-11-28 00:00:00+09:00,984.5420532226562,984.5420532226562,984.5420532226562,984.5420532226562,160537,0.0,0.0
2002-11-29 00:00:00+09:00,990.9766845703126,990.9766845703126,990.9766845703126,990.9766845703125,119680,0.0,0.0
2002-12-02 00:00:00+09:00,1036.02099609375,1036.02099609375,1036.02099609375,1036.02099609375,325572,0.0,0.0
2002-12-03 00:00:00+09:00,1055.32568359375,1055.32568359375,1055.32568359375,1055.32568359375,265118,0.0,0.0
2002-12-04 00:00:00+09:00,1048.890869140625,1048.890869140625,1048.890869140625,1048.890869140625,436836,0.0,0.0
2002-12-05 00:00:00+09:00,1042.4561767578125,1042.4561767578125,1042.4561767578125,1042.4561767578125,228946,0.0,0.0
2002-12-06 00:00:00+09:00,1029.5863037109375,1029.5863037109375,1029.5863037109375,1029.5863037109375,191224,0.0,0.0
2002-12-09 00:00:00+09:00,1036.02099609375,1036.02099609375,1036.02099609375,1036.02099609375,156816,0.0,0.0
2002-12-10 00:00:00+09:00,1061.7608642578125,1061.7608642578125,1061.7608642578125,1061.7608642578125,235383,0.0,0.0
2002-12-11 00:00:00+09:00,1061.7608642578125,1061.7608642578125,1061.7608642578125,1061.7608642578125,115691,0.0,0.0
2002-12-12 00:00:00+09:00,1048.890869140625,1048.890869140625,1048.890869140625,1048.890869140625,158182,0.0,0.0
2002-12-13 00:00:00+09:00,1061.7608642578125,1061.7608642578125,1061.7608642578125,1061.7608642578125,124597,0.0,0.0
2002-12-16 00:00:00+09:00,1029.5863037109375,1029.5863037109375,1029.5863037109375,1029.5863037109375,112623,0.0,0.0
2002-12-17 00:00:00+09:00,1042.4561767578125,1042.4561767578125,1042.4561767578125,1042.4561767578125,141342,0.0,0.0
2002-12-18 00:00:00+09:00,1029.5863037109375,1029.5863037109375,1029.5863037109375,1029.5863037109375,118555,0.0,0.0
2002-12-19 00:00:00+09:00,1029.5863037109375,1029.5863037109375,1029.5863037109375,1029.5863037109375,0,0.0,0.0
2002-12-20 00:00:00+09:00,1055.32568359375,1055.32568359375,1055.32568359375,1055.32568359375,174694,0.0,0.0
2002-12-23 00:00:00+09:00,1081.0657958984375,1081.0657958984375,1081.0657958984375,1081.0657958984375,340386,0.0,0.0
2002-12-24 00:00:00+09:00,1081.0657958984375,1081.0657958984375,1081.0657958984375,1081.0657958984375,535289,0.0,0.0
2002-12-25 00:00:00+09:00,1081.0657958984375,1081.0657958984375,1081.0657958984375,1081.0657958984375,0,0.0,0.0
2002-12-26 00:00:00+09:00,1081.0657958984375,1081.0657958984375,1081.0657958984375,1081.0657958984375,361568,0.0,0.0
2002-12-27 00:00:00+09:00,1019.4858398437501,1019.4858398437501,1019.4858398437501,1019.48583984375,223716,100.0,0.0
2002-12-30 00:00:00+09:00,957.90625,957.90625,957.90625,957.90625,217272,0.0,0.0
2002-12-31 00:00:00+09:00,957.90625,957.90625,957.90625,957.90625,0,0.0,0.0
2003-01-01 00:00:00+09:00,957.90625,957.90625,957.90625,957.90625,0,0.0,0.0
2003-01-02 00:00:00+09:00,971.5906372070311,971.5906372070311,971.5906372070311,971.5906372070312,114985,0.0,0.0
2003-01-03 00:00:00+09:00,998.9591674804688,998.9591674804688,998.9591674804688,998.9591674804688,111864,0.0,0.0
2003-01-06 00:00:00+09:00,1012.643798828125,1012.643798828125,1012.643798828125,1012.643798828125,59480,0.0,0.0
2003-01-07 00:00:00+09:00,985.2750244140624,985.2750244140624,985.2750244140624,985.2750244140625,92547,0.0,0.0
2003-01-08 00:00:00+09:00,985.2750244140624,985.2750244140624,985.2750244140624,985.2750244140625,100789,0.0,0.0
2003-01-09 00:00:00+09:00,978.4330444335936,978.4330444335936,978.4330444335936,978.4330444335938,115920,0.0,0.0
2003-01-10 00:00:00+09:00,957.90625,957.90625,957.90625,957.90625,129881,0.0,0.0
2003-01-13 00:00:00+09:00,978.4330444335936,978.4330444335936,978.4330444335936,978.4330444335938,46014,0.0,0.0
2003-01-14 00:00:00+09:00,978.4330444335936,978.4330444335936,978.4330444335936,978.4330444335938,72513,0.0,0.0
2003-01-15 00:00:00+09:00,964.748291015625,964.748291015625,964.748291015625,964.748291015625,63543,0.0,0.0
2003-01-16 00:00:00+09:00,978.4330444335936,978.4330444335936,978.4330444335936,978.4330444335938,116453,0.0,0.0
2003-01-17 00:00:00+09:00,971.5906372070311,971.5906372070311,971.5906372070311,971.5906372070312,34250,0.0,0.0
2003-01-20 00:00:00+09:00,964.748291015625,964.748291015625,964.748291015625,964.748291015625,78532,0.0,0.0
2003-01-21 00:00:00+09:00,964.748291015625,964.748291015625,964.748291015625,964.748291015625,38959,0.0,0.0
2003-01-22 00:00:00+09:00,944.2216796875,944.2216796875,944.2216796875,944.2216796875,62347,0.0,0.0
2003-01-23 00:00:00+09:00,957.90625,957.90625,957.90625,957.90625,57020,0.0,0.0
2003-01-24 00:00:00+09:00,923.6952514648438,923.6952514648438,923.6952514648438,923.6952514648438,63987,0.0,0.0
2003-01-27 00:00:00+09:00,916.85302734375,916.85302734375,916.85302734375,916.85302734375,36004,0.0,0.0
2003-01-28 00:00:00+09:00,923.6952514648438,923.6952514648438,923.6952514648438,923.6952514648438,21726,0.0,0.0
2003-01-29 00:00:00+09:00,930.53759765625,930.53759765625,930.53759765625,930.53759765625,35337,0.0,0.0
2003-01-30 00:00:00+09:00,930.53759765625,930.53759765625,930.53759765625,930.53759765625,20941,0.0,0.0
2003-01-31 00:00:00+09:00,930.53759765625,930.53759765625,930.53759765625,930.53759765625,0,0.0,0.0
2003-02-03 00:00:00+09:00,937.3795776367188,937.3795776367188,937.3795776367188,937.3795776367188,26673,0.0,0.0
2003-02-04 00:00:00+09:00,944.2216796875,944.2216796875,944.2216796875,944.2216796875,91300,0.0,0.0
2003-02-05 00:00:00+09:00,944.2216796875,944.2216796875,944.2216796875,944.2216796875,53214,0.0,0.0
2003-02-06 00:00:00+09:00,937.3795776367188,937.3795776367188,937.3795776367188,937.3795776367188,12711,0.0,0.0
2003-02-07 00:00:00+09:00,916.85302734375,916.85302734375,916.85302734375,916.85302734375,42872,0.0,0.0
2003-02-10 00:00:00+09:00,903.1688842773438,916.853261311849,889.4845072428385,903.1688842773438,53642,0.0,0.0
2003-02-11 00:00:00+09:00,903.1688842773438,916.853261311849,896.3266957600912,903.1688842773438,54922,0.0,0.0
2003-02-12 00:00:00+09:00,910.0109252929688,910.0109252929688,882.6421756600976,910.0109252929688,28494,0.0,0.0
2003-02-13 00:00:00+09:00,903.1688842773438,910.0110727945963,882.6423187255859,903.1688842773438,41885,0.0,0.0
2003-02-14 00:00:00+09:00,896.3267211914062,903.168909902791,882.6423437686367,896.3267211914062,33635,0.0,0.0
2003-02-17 00:00:00+09:00,923.6952514648438,944.2218126085069,903.1686903211805,923.6952514648438,89612,0.0,0.0
2003-02-18 00:00:00+09:00,930.53759765625,930.53759765625,910.0110330020681,930.53759765625,22839,0.0,0.0
2003-02-19 00:00:00+09:00,930.53759765625,944.2219740923714,923.6954094381894,930.53759765625,32357,0.0,0.0
2003-02-20 00:00:00+09:00,937.3795776367188,944.221764334797,916.8530175424839,937.3795776367188,34759,0.0,0.0
2003-02-21 00:00:00+09:00,957.90625,957.90625,930.5375,957.90625,39454,0.0,0.0
2003-02-24 00:00:00+09:00,951.0640258789062,971.5905875885229,930.5374641692895,951.0640258789062,30248,0.0,0.0
2003-02-25 00:00:00+09:00,930.53759765625,951.064162310432,930.53759765625,930.53759765625,17698,0.0,0.0
2003-02-26 00:00:00+09:00,930.53759765625,951.064162310432,916.8532212201287,930.53759765625,35908,0.0,0.0
2003-02-27 00:00:00+09:00,971.5906372070311,971.5906372070311,937.3796992772061,971.5906372070312,67386,0.0,0.0
2003-02-28 00:00:00+09:00,951.0640258789062,957.9062131154451,937.3796514058284,951.0640258789062,21247,0.0,0.0
2003-03-03 00:00:00+09:00,957.90625,957.90625,937.3796874999999,957.90625,34759,0.0,0.0
2003-03-04 00:00:00+09:00,944.2216796875,951.063865772192,916.8529353487319,944.2216796875,20323,0.0,0.0
2003-03-05 00:00:00+09:00,910.0109252929688,944.2218623340578,903.168737884751,910.0109252929688,21992,0.0,0.0
2003-03-06 00:00:00+09:00,889.4842529296875,903.1686260516827,882.6420663686899,889.4842529296875,36944,0.0,0.0
2003-03-07 00:00:00+09:00,882.64208984375,889.4842765867248,862.1155296148256,882.64208984375,16122,0.0,0.0
2003-03-10 00:00:00+09:00,889.4842529296875,910.0108126126803,875.7998798076924,889.4842529296875,11113,0.0,0.0
2003-03-11 00:00:00+09:00,882.64208984375,889.4842765867248,868.9577163578003,882.64208984375,9525,0.0,0.0
2003-03-12 00:00:00+09:00,896.3267211914062,923.6954760369454,868.957966345867,896.3267211914062,24366,0.0,0.0
2003-03-13 00:00:00+09:00,903.1688842773438,903.1688842773438,868.9579416910807,903.1688842773438,80107,0.0,0.0
2003-03-14 00:00:00+09:00,930.53759765625,951.064162310432,903.1688447840073,930.53759765625,100051,0.0,0.0
2003-03-17 00:00:00+09:00,875.7999267578125,944.2217960357667,855.2733659744263,875.7999267578125,53913,0.0,0.0
2003-03-18 00:00:00+09:00,889.4842529296875,923.6951857346755,882.6420663686899,889.4842529296875,72978,0.0,0.0
2003-03-19 00:00:00+09:00,889.4842529296875,903.1686260516827,889.4842529296875,889.4842529296875,32208,0.0,0.0
2003-03-20 00:00:00+09:00,971.5906372070311,971.5906372070311,889.484386175451,971.5906372070312,75550,0.0,0.0
2003-03-21 00:00:00+09:00,998.9591674804688,998.9591674804688,910.0107484582353,998.9591674804688,148180,0.0,0.0
2003-03-24 00:00:00+09:00,1026.327880859375,1053.6966243489583,971.5903938802082,1026.327880859375,213173,0.0,0.0
2003-03-25 00:00:00+09:00,971.5906372070311,1046.8547006526462,971.5906372070311,971.5906372070312,173392,0.0,0.0
2003-03-26 00:00:00+09:00,992.1170043945312,1019.4857493433459,978.4326319201239,992.1170043945312,125360,0.0,0.0
2003-03-27 00:00:00+09:00,978.4330444335936,985.2752335555069,944.2220988240275,978.4330444335938,118428,0.0,0.0
2003-03-28 00:00:00+09:00,985.2750244140624,992.1172120836045,957.906273735894,985.2750244140625,54517,0.0,0.0
2003-03-31 00:00:00+09:00,985.2750244140624,992.1172120836045,944.2218983968098,985.2750244140625,71820,0.0,0.0
2003-04-01 00:00:00+09:00,964.748291015625,978.4326639378324,957.9061045545212,964.748291015625,31705,0.0,0.0
2003-04-02 00:00:00+09:00,998.9591674804688,998.9591674804688,951.0638649300354,998.9591674804688,147079,0.0,0.0
2003-04-03 00:00:00+09:00,1115.2764892578125,1115.2764892578125,998.9593093965683,1115.2764892578125,779890,0.0,0.0
2003-04-04 00:00:00+09:00,1108.434326171875,1245.2780701437116,1087.9077645760997,1108.434326171875,1514465,0.0,0.0
2003-04-07 00:00:00+09:00,1128.960693359375,1197.3825535629735,1101.5919492779356,1128.960693359375,732680,0.0,0.0
2003-04-08 00:00:00+09:00,1074.2235107421875,1197.382894139381,1067.3813227756768,1074.2235107421875,1273295,0.0,0.0
2003-04-09 00:00:00+09:00,1033.17041015625,1094.7501034768213,1033.17041015625,1033.17041015625,306951,0.0,0.0
2003-04-10 00:00:00+09:00,1019.4858398437501,1060.5389609112835,1005.8014661545723,1019.48583984375,262932,0.0,0.0
2003-04-11 00:00:00+09:00,1005.8015747070311,1053.6968877883185,1005.8015747070311,1005.8015747070312,275532,0.0,0.0
2003-04-14 00:00:00+09:00,1067.3812255859375,1074.223412929437,1019.4859141814403,1067.3812255859375,421148,0.0,0.0
2003-04-15 00:00:00+09:00,1046.854736328125,1081.0656754238153,1040.0125485089868,1046.854736328125,212143,0.0,0.0
2003-04-16 00:00:00+09:00,1067.3812255859375,1081.0656002729368,1046.8546635554387,1067.3812255859375,320093,0.0,0.0
2003-04-17 00:00:00+09:00,1087.907958984375,1142.645466354658,1060.5392052992336,1087.907958984375,1071212,0.0,0.0
2003-04-18 00:00:00+09:00,1081.0657958984375,1108.4345502249803,1060.5392301535305,1081.0657958984375,234083,0.0,0.0
2003-04-21 00:00:00+09:00,1101.592041015625,1128.9607873762616,1087.9076678353067,1101.592041015625,296012,0.0,0.0
2003-04-22 00:00:00+09:00,1067.3812255859375,1122.1187243339343,1067.3812255859375,1067.3812255859375,239814,0.0,0.0
2003-04-23 00:00:00+09:00,1128.960693359375,1128.960693359375,1074.223205196496,1128.960693359375,303998,0.0,0.0
2003-04-24 00:00:00+09:00,1170.013916015625,1224.7514091625549,1142.64516944216,1170.013916015625,1704486,0.0,0.0
2003-04-25 00:00:00+09:00,1081.0657958984375,1170.0142474597014,1046.8548529902591,1081.0657958984375,562057,0.0,0.0
2003-04-28 00:00:00+09:00,1019.4858398437501,1060.5389609112835,992.1170924653944,1019.48583984375,477262,0.0,0.0
2003-04-29 00:00:00+09:00,1040.012451171875,1040.012451171875,1012.6437024568256,1040.012451171875,247296,0.0,0.0
2003-04-30 00:00:00+09:00,1019.4858398437501,1081.0655214450503,1019.4858398437501,1019.48583984375,193570,0.0,0.0
2003-05-01 00:00:00+09:00,1019.4858398437501,1019.4858398437501,1019.4858398437501,1019.48583984375,0,0.0,0.0
2003-05-02 00:00:00+09:00,1005.8015747070311,1033.1703250391952,1005.8015747070311,1005.8015747070312,115741,0.0,0.0
2003-05-05 00:00:00+09:00,1005.8015747070311,1005.8015747070311,1005.8015747070311,1005.8015747070312,0,0.0,0.0
2003-05-06 00:00:00+09:00,1026.327880859375,1033.1700667317707,1012.6435091145833,1026.327880859375,160862,0.0,0.0
2003-05-07 00:00:00+09:00,1033.17041015625,1040.0125983029802,1019.4860338627898,1033.17041015625,68603,0.0,0.0
2003-05-08 00:00:00+09:00,1033.17041015625,1033.17041015625,1033.17041015625,1033.17041015625,0,0.0,0.0
2003-05-09 00:00:00+09:00,1040.012451171875,1040.012451171875,1019.485889635588,1040.012451171875,79593,0.0,0.0
2003-05-12 00:00:00+09:00,1046.854736328125,1053.696924147263,1033.1703606898488,1046.854736328125,94913,0.0,0.0
2003-05-13 00:00:00+09:00,1060.5390625,1067.38125,1046.8546875,1060.5390625,126301,0.0,0.0
2003-05-14 00:00:00+09:00,1040.012451171875,1067.3811998869244,1033.1702639931127,1040.012451171875,96476,0.0,0.0
2003-05-15 00:00:00+09:00,1060.5390625,1067.38125,1019.4859375,1060.5390625,183421,0.0,0.0
2003-05-16 00:00:00+09:00,1060.5390625,1060.5390625,1019.4859375,1060.5390625,109524,0.0,0.0
2003-05-19 00:00:00+09:00,1033.17041015625,1060.5391627431707,1026.32822200952,1033.17041015625,62268,0.0,0.0
2003-05-20 00:00:00+09:00,1033.17041015625,1046.8547864497102,1012.6438457160597,1033.17041015625,66419,0.0,0.0
2003-05-21 00:00:00+09:00,1046.854736328125,1067.381299785539,1046.854736328125,1046.854736328125,129018,0.0,0.0
2003-05-22 00:00:00+09:00,1033.17041015625,1060.5391627431707,1026.32822200952,1033.17041015625,137534,0.0,0.0
2003-05-23 00:00:00+09:00,1074.2235107421875,1074.2235107421875,1033.170382943123,1074.2235107421875,138939,0.0,0.0
2003-05-26 00:00:00+09:00,1067.3812255859375,1094.749974959936,1040.0124762119392,1067.3812255859375,120104,0.0,0.0
2003-05-27 00:00:00+09:00,1040.012451171875,1081.065574244449,1026.3280768143504,1040.012451171875,145722,0.0,0.0
2003-05-28 00:00:00+09:00,1060.5390625,1081.065625,1053.696875,1060.5390625,141557,0.0,0.0
2003-05-29 00:00:00+09:00,1094.7501220703125,1128.9610633850098,1067.3813690185546,1094.7501220703125,429044,0.0,0.0
2003-05-30 00:00:00+09:00,1081.0657958984375,1122.1189273882517,1081.0657958984375,1081.0657958984375,116899,0.0,0.0
2003-06-02 00:00:00+09:00,1094.7501220703125,1108.4344985961914,1081.0657455444334,1094.7501220703125,76609,0.0,0.0
2003-06-03 00:00:00+09:00,1067.3812255859375,1108.434349646935,1067.3812255859375,1067.3812255859375,59621,0.0,0.0
2003-06-04 00:00:00+09:00,1087.907958984375,1094.7501474056605,1074.2235821418044,1087.907958984375,41804,0.0,0.0
2003-06-05 00:00:00+09:00,1087.907958984375,1115.2767126695167,1081.0657705630897,1087.907958984375,173729,0.0,0.0
2003-06-06 00:00:00+09:00,1087.907958984375,1087.907958984375,1087.907958984375,1087.907958984375,0,0.0,0.0
2003-06-09 00:00:00+09:00,1108.434326171875,1115.276513370467,1087.9077645760997,1108.434326171875,86120,0.0,0.0
2003-06-10 00:00:00+09:00,1101.592041015625,1108.4342276057841,1081.0654812451476,1101.592041015625,91656,0.0,0.0
2003-06-11 00:00:00+09:00,1135.802978515625,1142.645165133189,1094.749858810241,1135.802978515625,395430,0.0,0.0
2003-06-12 00:00:00+09:00,1142.645263671875,1156.329638087107,1115.276514841411,1142.645263671875,107001,0.0,0.0
2003-06-13 00:00:00+09:00,1142.645263671875,1149.487450879491,1122.118702049027,1142.645263671875,122246,0.0,0.0
2003-06-16 00:00:00+09:00,1108.434326171875,1142.645262164834,1087.9077645760997,1108.434326171875,164108,0.0,0.0
2003-06-17 00:00:00+09:00,1108.434326171875,1122.1187005690588,1094.7499517746915,1108.434326171875,196975,0.0,0.0
2003-06-18 00:00:00+09:00,1149.4876708984375,1238.4361216227214,1094.7501627604167,1149.4876708984375,587409,0.0,0.0
2003-06-19 00:00:00+09:00,1142.645263671875,1183.6983869175713,1128.960889256643,1142.645263671875,205820,0.0,0.0
2003-06-20 00:00:00+09:00,1197.383056640625,1224.7518122209822,1142.6455454799109,1197.383056640625,307540,0.0,0.0
2003-06-23 00:00:00+09:00,1238.4359130859375,1286.3312246417472,1197.3827888952435,1238.4359130859375,356563,0.0,0.0
2003-06-24 00:00:00+09:00,1231.59375,1238.4359375,1170.0140625,1231.59375,186995,0.0,0.0
2003-06-25 00:00:00+09:00,1231.59375,1258.9624999999999,1176.85625,1231.59375,179474,0.0,0.0
2003-06-26 00:00:00+09:00,1197.383056640625,1231.5940011160715,1176.8564899553571,1197.383056640625,177900,0.0,0.0
2003-06-27 00:00:00+09:00,1163.1719970703125,1197.3829381606158,1142.6454324161305,1163.1719970703125,181444,0.0,0.0
2003-06-30 00:00:00+09:00,1142.645263671875,1176.8561997099553,1128.960889256643,1142.645263671875,68558,0.0,0.0
2003-07-01 00:00:00+09:00,1149.4876708984375,1170.0142364501953,1128.9611053466797,1149.4876708984375,169488,0.0,0.0
2003-07-02 00:00:00+09:00,1135.802978515625,1170.013911603445,1115.2764186629329,1135.802978515625,142630,0.0,0.0
2003-07-03 00:00:00+09:00,1135.802978515625,1149.4873517507529,1115.2764186629329,1135.802978515625,177477,0.0,0.0
2003-07-04 00:00:00+09:00,1204.224853515625,1231.5936001864345,1128.9608001708984,1204.224853515625,270849,0.0,0.0
2003-07-07 00:00:00+09:00,1217.9095458984375,1245.2782997388517,1190.540792058023,1217.9095458984375,181300,0.0,0.0
2003-07-08 00:00:00+09:00,1217.9095458984375,1231.5939228186446,1183.6986035979196,1217.9095458984375,216013,0.0,0.0
2003-07-09 00:00:00+09:00,1265.8045654296875,1286.331125950169,1217.9092575485643,1265.8045654296875,436274,0.0,0.0
2003-07-10 00:00:00+09:00,1361.5950927734375,1382.1216519609766,1265.8044832315875,1361.5950927734375,621364,0.0,0.0
2003-07-11 00:00:00+09:00,1450.5435791015625,1477.9123258770637,1341.0685919995578,1450.5435791015625,649179,0.0,0.0
2003-07-14 00:00:00+09:00,1471.0701904296875,1498.438938158612,1423.1748819040697,1471.0701904296875,667373,0.0,0.0
2003-07-15 00:00:00+09:00,1532.6497802734375,1580.5450859069824,1416.3326094491142,1532.6497802734375,870882,0.0,0.0
2003-07-16 00:00:00+09:00,1614.7562255859375,1642.12497517214,1484.7546650514764,1614.7562255859375,950766,0.0,0.0
2003-07-17 00:00:00+09:00,1614.7562255859375,1614.7562255859375,1614.7562255859375,1614.7562255859375,0,0.0,0.0
2003-07-18 00:00:00+09:00,1573.703125,1662.6515625,1566.8609374999999,1573.703125,582147,0.0,0.0
2003-07-21 00:00:00+09:00,1385.54296875,1580.5453125,1385.54296875,1385.54296875,661336,0.0,0.0
2003-07-22 00:00:00+09:00,1505.2811279296873,1505.2811279296873,1347.9108281915837,1505.2811279296875,624197,0.0,0.0
2003-07-23 00:00:00+09:00,1327.384521484375,1648.9673694728574,1327.384521484375,1327.384521484375,1741578,0.0,0.0
2003-07-24 00:00:00+09:00,1211.067138671875,1286.3311981373588,1187.1194833874029,1211.067138671875,1065582,0.0,0.0
2003-07-25 00:00:00+09:00,1211.067138671875,1241.856981180482,1183.6983897753355,1211.067138671875,444277,0.0,0.0
2003-07-28 00:00:00+09:00,1214.48828125,1245.278125,1156.3296875,1214.48828125,535503,0.0,0.0
2003-07-29 00:00:00+09:00,1211.067138671875,1255.5413556287517,1180.277296163268,1211.067138671875,714159,0.0,0.0
2003-07-30 00:00:00+09:00,1190.5406494140625,1231.5937752559266,1176.856274133441,1190.5406494140625,330641,0.0,0.0
2003-07-31 00:00:00+09:00,1163.1719970703125,1200.804032269646,1152.9087147432215,1163.1719970703125,300248,0.0,0.0
2003-08-01 00:00:00+09:00,1132.3818359375,1176.8560470166165,1125.539649617636,1132.3818359375,251110,0.0,0.0
2003-08-04 00:00:00+09:00,1135.802978515625,1187.119378147355,1111.8553253541509,1135.802978515625,218150,0.0,0.0
2003-08-05 00:00:00+09:00,1135.802978515625,1159.750631677099,1128.960791898061,1135.802978515625,135623,0.0,0.0
2003-08-06 00:00:00+09:00,1152.9083251953125,1170.0137899608217,1122.1184886173962,1152.9083251953125,229077,0.0,0.0
2003-08-07 00:00:00+09:00,1190.5406494140625,1197.382837054373,1142.6453359318875,1190.5406494140625,310177,0.0,0.0
2003-08-08 00:00:00+09:00,1183.6983642578125,1211.0671125643516,1176.8561771811778,1183.6983642578125,197863,0.0,0.0
2003-08-11 00:00:00+09:00,1142.645263671875,1197.3827613328033,1142.645263671875,1142.645263671875,124290,0.0,0.0
2003-08-12 00:00:00+09:00,1128.960693359375,1166.5927164713542,1128.960693359375,1128.960693359375,154107,0.0,0.0
2003-08-13 00:00:00+09:00,1128.960693359375,1146.0661584102745,1122.1185073390152,1128.960693359375,110183,0.0,0.0
2003-08-14 00:00:00+09:00,1135.802978515625,1197.382658073701,1111.8553253541509,1135.802978515625,406250,0.0,0.0
2003-08-15 00:00:00+09:00,1135.802978515625,1135.802978515625,1135.802978515625,1135.802978515625,0,0.0,0.0
2003-08-18 00:00:00+09:00,1156.3294677734375,1156.3294677734375,1125.5396298741448,1156.3294677734375,196675,0.0,0.0
2003-08-19 00:00:00+09:00,1156.3294677734375,1176.856026372966,1149.4872815735948,1156.3294677734375,185703,0.0,0.0
2003-08-20 00:00:00+09:00,1146.06640625,1163.171875,1139.22421875,1146.06640625,93070,0.0,0.0
2003-08-21 00:00:00+09:00,1180.2772216796875,1187.1194084720335,1152.9084745103034,1180.2772216796875,173422,0.0,0.0
2003-08-22 00:00:00+09:00,1173.435302734375,1180.2774910885112,1152.908737671966,1173.435302734375,212633,0.0,0.0
2003-08-25 00:00:00+09:00,1149.4876708984375,1183.6986134847004,1142.6454823811848,1149.4876708984375,133696,0.0,0.0
2003-08-26 00:00:00+09:00,1149.4876708984375,1170.0142364501953,1135.8032938639324,1149.4876708984375,63129,0.0,0.0
2003-08-27 00:00:00+09:00,1132.3818359375,1156.3294880570243,1132.3818359375,1132.3818359375,172929,0.0,0.0
2003-08-28 00:00:00+09:00,1135.802978515625,1146.0662584419708,1128.960791898061,1135.802978515625,93653,0.0,0.0
2003-08-29 00:00:00+09:00,1128.960693359375,1159.7505304509943,1128.960693359375,1128.960693359375,135535,0.0,0.0
2003-09-01 00:00:00+09:00,1128.960693359375,1142.6450654000946,1115.2763213186554,1128.960693359375,147333,0.0,0.0
2003-09-02 00:00:00+09:00,1139.224365234375,1142.645459424268,1128.961082664696,1139.224365234375,71733,0.0,0.0
2003-09-03 00:00:00+09:00,1180.2772216796875,1190.5405018682065,1139.2241009256113,1180.2772216796875,298281,0.0,0.0
2003-09-04 00:00:00+09:00,1286.3314208984375,1289.7525151029547,1180.2775005584067,1286.3314208984375,1068797,0.0,0.0
2003-09-05 00:00:00+09:00,1255.541259765625,1289.7521932742252,1204.224859502725,1255.541259765625,435423,0.0,0.0
2003-09-08 00:00:00+09:00,1300.015625,1406.06953125,1286.33125,1300.015625,3048933,0.0,0.0
2003-09-09 00:00:00+09:00,1282.910400390625,1341.0690052083332,1272.6471171875,1282.910400390625,909258,0.0,0.0
2003-09-10 00:00:00+09:00,1282.910400390625,1282.910400390625,1282.910400390625,1282.910400390625,0,0.0,0.0
2003-09-11 00:00:00+09:00,1282.910400390625,1282.910400390625,1282.910400390625,1282.910400390625,0,0.0,0.0
2003-09-12 00:00:00+09:00,1282.910400390625,1282.910400390625,1282.910400390625,1282.910400390625,0,0.0,0.0
2003-09-15 00:00:00+09:00,1197.383056640625,1296.5947956194198,1187.119773297991,1197.383056640625,512812,0.0,0.0
2003-09-16 00:00:00+09:00,1221.330322265625,1228.1725089449842,1187.1193888688288,1221.330322265625,448463,0.0,0.0
2003-09-17 00:00:00+09:00,1255.541259765625,1262.383446467345,1221.330326257025,1255.541259765625,465994,0.0,0.0
2003-09-18 00:00:00+09:00,1211.067138671875,1272.646823689089,1204.22495144774,1211.067138671875,384583,0.0,0.0
2003-09-19 00:00:00+09:00,1170.013916015625,1235.0146891276042,1149.4873560855262,1170.013916015625,352838,0.0,0.0
2003-09-22 00:00:00+09:00,1115.2764892578125,1170.013985663104,1105.0132086818205,1115.2764892578125,294702,0.0,0.0
2003-09-23 00:00:00+09:00,1118.697509765625,1122.1186030676606,1094.7498566513761,1118.697509765625,165465,0.0,0.0
2003-09-24 00:00:00+09:00,1132.3818359375,1146.066208577228,1108.434183817976,1132.3818359375,125409,0.0,0.0
2003-09-25 00:00:00+09:00,1094.7501220703125,1125.53996925354,1081.0657455444334,1094.7501220703125,208439,0.0,0.0
2003-09-26 00:00:00+09:00,1101.592041015625,1101.592041015625,1070.8022013599088,1101.592041015625,141653,0.0,0.0
2003-09-29 00:00:00+09:00,1094.7501220703125,1108.4344985961914,1087.907933807373,1094.7501220703125,53300,0.0,0.0
2003-09-30 00:00:00+09:00,1152.9083251953125,1152.9083251953125,1087.907559086378,1152.9083251953125,119489,0.0,0.0
2003-10-01 00:00:00+09:00,1108.434326171875,1125.5397941683545,1105.0132325725792,1108.434326171875,36944,0.0,0.0
2003-10-02 00:00:00+09:00,1115.2764892578125,1128.9608633591354,1108.4343022071512,1115.2764892578125,51374,0.0,0.0
2003-10-03 00:00:00+09:00,1115.2764892578125,1115.2764892578125,1115.2764892578125,1115.2764892578125,0,0.0,0.0
2003-10-06 00:00:00+09:00,1125.5399169921875,1128.961010964808,1101.592259183843,1125.5399169921875,66365,0.0,0.0
2003-10-07 00:00:00+09:00,1118.697509765625,1135.8029762758028,1115.2764164635894,1118.697509765625,65950,0.0,0.0
2003-10-08 00:00:00+09:00,1105.0130615234375,1128.9607130115614,1094.7497823142414,1105.0130615234375,85417,0.0,0.0
2003-10-09 00:00:00+09:00,1115.2764892578125,1115.2764892578125,1101.5921151564896,1115.2764892578125,37814,0.0,0.0
2003-10-10 00:00:00+09:00,1115.2764892578125,1125.5397698338047,1098.171021631159,1115.2764892578125,85445,0.0,0.0
2003-10-13 00:00:00+09:00,1105.0130615234375,1118.6974338023656,1101.5919684537055,1105.0130615234375,138715,0.0,0.0
2003-10-14 00:00:00+09:00,1135.802978515625,1142.645165133189,1105.0131387365868,1135.802978515625,180512,0.0,0.0
2003-10-15 00:00:00+09:00,1128.960693359375,1142.6450654000946,1128.960693359375,1128.960693359375,40672,0.0,0.0
2003-10-16 00:00:00+09:00,1166.5927734375,1200.8037052098607,1118.697468956195,1166.5927734375,484485,0.0,0.0
2003-10-17 00:00:00+09:00,1176.8564453125,1180.2775396302688,1149.4876907703488,1176.8564453125,163199,0.0,0.0
2003-10-20 00:00:00+09:00,1231.59375,1231.59375,1176.85625,1231.59375,418051,0.0,0.0
2003-10-21 00:00:00+09:00,1231.59375,1241.8570312499999,1197.3828125,1231.59375,411964,0.0,0.0
2003-10-22 00:00:00+09:00,1231.59375,1255.54140625,1217.909375,1231.59375,288195,0.0,0.0
2003-10-23 00:00:00+09:00,1231.59375,1245.278125,1190.5406249999999,1231.59375,292241,0.0,0.0
2003-10-24 00:00:00+09:00,1265.8045654296875,1286.331125950169,1238.4358180690458,1265.8045654296875,285972,0.0,0.0
2003-10-27 00:00:00+09:00,1258.962158203125,1300.0152720575747,1258.962158203125,1258.962158203125,148923,0.0,0.0
2003-10-28 00:00:00+09:00,1279.4892578125,1286.3314463569518,1241.8572208180146,1279.4892578125,224587,0.0,0.0
2003-10-29 00:00:00+09:00,1276.0679931640625,1286.3312746104223,1262.3836179022494,1276.0679931640625,123565,0.0,0.0
2003-10-30 00:00:00+09:00,1207.645751953125,1272.646514806126,1207.645751953125,1207.645751953125,122786,0.0,0.0
2003-10-31 00:00:00+09:00,1197.383056640625,1224.7518122209822,1190.5408677455357,1197.383056640625,57336,0.0,0.0
2003-11-03 00:00:00+09:00,1231.59375,1231.59375,1197.3828125,1231.59375,78159,0.0,0.0
2003-11-04 00:00:00+09:00,1245.2781982421875,1248.6992921934022,1207.6461647788246,1245.2781982421875,139579,0.0,0.0
2003-11-05 00:00:00+09:00,1231.59375,1258.9624999999999,1224.7515624999999,1231.59375,221779,0.0,0.0
2003-11-06 00:00:00+09:00,1197.383056640625,1235.0150955636161,1193.9619621930804,1197.383056640625,137226,0.0,0.0
2003-11-07 00:00:00+09:00,1204.224853515625,1204.224853515625,1183.6982935125177,1204.224853515625,61667,0.0,0.0
2003-11-10 00:00:00+09:00,1204.224853515625,1211.0670401833274,1176.8561068448153,1204.224853515625,37504,0.0,0.0
2003-11-11 00:00:00+09:00,1197.383056640625,1211.0674344308036,1170.0143010602678,1197.383056640625,54569,0.0,0.0
2003-11-12 00:00:00+09:00,1214.48828125,1214.48828125,1190.5406249999999,1214.48828125,32268,0.0,0.0
2003-11-13 00:00:00+09:00,1224.7515869140625,1228.1726807322582,1197.3828363684968,1224.7515869140625,57288,0.0,0.0
2003-11-14 00:00:00+09:00,1207.645751953125,1279.4887003695999,1193.9613808261774,1207.645751953125,194243,0.0,0.0
2003-11-17 00:00:00+09:00,1193.96142578125,1217.909076155086,1190.540332870702,1193.96142578125,81921,0.0,0.0
2003-11-18 00:00:00+09:00,1187.119384765625,1200.8037580770444,1183.6982914377702,1187.119384765625,90359,0.0,0.0
2003-11-19 00:00:00+09:00,1159.7506103515625,1183.6982630726861,1149.487330613938,1159.7506103515625,132643,0.0,0.0
2003-11-20 00:00:00+09:00,1149.4876708984375,1173.4353307088215,1149.4876708984375,1149.4876708984375,108102,0.0,0.0
2003-11-21 00:00:00+09:00,1149.4876708984375,1170.0142364501953,1142.6454823811848,1149.4876708984375,59626,0.0,0.0
2003-11-24 00:00:00+09:00,1135.802978515625,1173.435004912227,1135.802978515625,1135.802978515625,66685,0.0,0.0
2003-11-25 00:00:00+09:00,1142.645263671875,1166.592918898531,1135.803076464259,1142.645263671875,47026,0.0,0.0
2003-11-26 00:00:00+09:00,1149.4876708984375,1170.0142364501953,1132.382199605306,1149.4876708984375,97556,0.0,0.0
2003-11-27 00:00:00+09:00,1166.5927734375,1173.434959791972,1132.3818416651393,1166.5927734375,89604,0.0,0.0
2003-11-28 00:00:00+09:00,1207.645751953125,1224.7512158618094,1149.4871746635977,1207.645751953125,296087,0.0,0.0
2003-12-01 00:00:00+09:00,1211.067138671875,1241.856981180482,1204.22495144774,1211.067138671875,301445,0.0,0.0
2003-12-02 00:00:00+09:00,1211.067138671875,1217.90932589601,1183.6983897753355,1211.067138671875,140557,0.0,0.0
2003-12-03 00:00:00+09:00,1238.4359130859375,1241.8570067684955,1200.8038825778015,1238.4359130859375,288643,0.0,0.0
2003-12-04 00:00:00+09:00,1214.48828125,1248.69921875,1214.48828125,1214.48828125,197345,0.0,0.0
2003-12-05 00:00:00+09:00,1190.5406494140625,1231.5937752559266,1190.5406494140625,1190.5406494140625,90285,0.0,0.0
2003-12-08 00:00:00+09:00,1183.6983642578125,1193.9616448727647,1170.0139901045432,1183.6983642578125,85852,0.0,0.0
2003-12-09 00:00:00+09:00,1204.224853515625,1207.645946849476,1183.6982935125177,1204.224853515625,92215,0.0,0.0
2003-12-10 00:00:00+09:00,1200.803955078125,1211.0672367454595,1183.6984856325678,1200.803955078125,31814,0.0,0.0
2003-12-11 00:00:00+09:00,1200.803955078125,1217.9094245236824,1193.961767299902,1200.803955078125,62987,0.0,0.0
2003-12-12 00:00:00+09:00,1241.8568115234375,1265.804463536286,1207.6458800765108,1241.8568115234375,320622,0.0,0.0
2003-12-15 00:00:00+09:00,1255.541259765625,1279.4889132216451,1241.856886362185,1255.541259765625,242433,0.0,0.0
2003-12-16 00:00:00+09:00,1286.3314208984375,1293.1736093074717,1231.5939136261636,1286.3314208984375,329130,0.0,0.0
2003-12-17 00:00:00+09:00,1255.541259765625,1300.0154733268052,1248.699073063905,1255.541259765625,145811,0.0,0.0
2003-12-18 00:00:00+09:00,1231.59375,1279.4890625,1231.59375,1231.59375,179089,0.0,0.0
2003-12-19 00:00:00+09:00,1245.2781982421875,1258.9625740470467,1231.5938224373283,1245.2781982421875,78088,0.0,0.0
2003-12-22 00:00:00+09:00,1231.59375,1265.8046875,1231.59375,1231.59375,114403,0.0,0.0
2003-12-23 00:00:00+09:00,1255.541259765625,1279.4889132216451,1228.172512958745,1255.541259765625,397278,0.0,0.0
2003-12-24 00:00:00+09:00,1265.8045654296875,1272.646752269848,1231.5936312288852,1265.8045654296875,214375,0.0,0.0
2003-12-25 00:00:00+09:00,1265.8045654296875,1265.8045654296875,1265.8045654296875,1265.8045654296875,0,0.0,0.0
2003-12-26 00:00:00+09:00,1231.59375,1300.015625,1217.909375,1231.59375,459345,0.0,0.0
2003-12-29 00:00:00+09:00,1235.2159423828125,1282.3062862273187,1235.2159423828125,1235.2159423828125,183684,100.0,0.0
2003-12-30 00:00:00+09:00,1253.32763671875,1260.5723051390896,1231.5936314577311,1253.32763671875,125303,0.0,0.0
2003-12-31 00:00:00+09:00,1253.32763671875,1253.32763671875,1253.32763671875,1253.32763671875,0,0.0,0.0
2004-01-01 00:00:00+09:00,1253.32763671875,1253.32763671875,1253.32763671875,1253.32763671875,0,0.0,0.0
2004-01-02 00:00:00+09:00,1271.4393310546875,1285.9286681607239,1253.327659672142,1271.4393310546875,86891,0.0,0.0
2004-01-05 00:00:00+09:00,1260.572509765625,1282.3065185546875,1253.3278401692708,1260.572509765625,89796,0.0,0.0
2004-01-06 00:00:00+09:00,1256.9500732421875,1275.061745767291,1253.3277387371668,1256.9500732421875,134028,0.0,0.0
2004-01-07 00:00:00+09:00,1260.572509765625,1267.817179361979,1253.3278401692708,1260.572509765625,102872,0.0,0.0
2004-01-08 00:00:00+09:00,1253.32763671875,1264.1946393492594,1249.7053025085802,1253.32763671875,111164,0.0,0.0
2004-01-09 00:00:00+09:00,1217.104248046875,1264.19459097726,1209.8595799037387,1217.104248046875,145742,0.0,0.0
2004-01-12 00:00:00+09:00,1209.8597412109375,1217.1044103199852,1184.5033993292711,1209.8597412109375,65775,0.0,0.0
2004-01-13 00:00:00+09:00,1202.615234375,1231.5939147213855,1202.615234375,1202.615234375,54866,0.0,0.0
2004-01-14 00:00:00+09:00,1202.615234375,1227.9715796780872,1191.7482292451054,1202.615234375,123800,0.0,0.0
2004-01-15 00:00:00+09:00,1202.615234375,1224.349244634789,1202.615234375,1202.615234375,28513,0.0,0.0
2004-01-16 00:00:00+09:00,1198.99267578125,1224.3490163566844,1198.99267578125,1198.99267578125,34200,0.0,0.0
2004-01-19 00:00:00+09:00,1195.370361328125,1220.7267023259944,1191.748026899858,1195.370361328125,48773,0.0,0.0
2004-01-20 00:00:00+09:00,1202.615234375,1206.237569418298,1188.1258942018071,1202.615234375,21954,0.0,0.0
2004-01-21 00:00:00+09:00,1202.615234375,1202.615234375,1202.615234375,1202.615234375,0,0.0,0.0
2004-01-22 00:00:00+09:00,1202.615234375,1202.615234375,1202.615234375,1202.615234375,0,0.0,0.0
2004-01-23 00:00:00+09:00,1202.615234375,1202.615234375,1202.615234375,1202.615234375,0,0.0,0.0
2004-01-26 00:00:00+09:00,1195.370361328125,1209.8596990411932,1188.125692471591,1195.370361328125,44108,0.0,0.0
2004-01-27 00:00:00+09:00,1224.3489990234375,1238.838336289987,1195.3703244903384,1224.3489990234375,100552,0.0,0.0
2004-01-28 00:00:00+09:00,1209.8597412109375,1242.4607522016515,1195.3704029928424,1209.8597412109375,29635,0.0,0.0
2004-01-29 00:00:00+09:00,1188.1259765625,1209.8599883288873,1180.8813059737042,1188.1259765625,25353,0.0,0.0
2004-01-30 00:00:00+09:00,1195.370361328125,1202.6150301846592,1184.503358043324,1195.370361328125,46084,0.0,0.0
2004-02-02 00:00:00+09:00,1209.8597412109375,1217.1044103199852,1188.125733883795,1209.8597412109375,28746,0.0,0.0
2004-02-03 00:00:00+09:00,1231.59375,1242.4607536764706,1202.6150735294118,1231.59375,118180,0.0,0.0
2004-02-04 00:00:00+09:00,1354.753173828125,1361.9978432068851,1238.8384637679646,1354.753173828125,1133460,0.0,0.0
2004-02-05 00:00:00+09:00,1209.8597412109375,1481.5348328002199,1195.3704029928424,1209.8597412109375,2436636,0.0,0.0
2004-02-06 00:00:00+09:00,1256.9500732421875,1275.061745767291,1209.8597246769182,1256.9500732421875,728199,0.0,0.0
2004-02-09 00:00:00+09:00,1227.971435546875,1278.6841202007283,1209.859762456213,1227.971435546875,434742,0.0,0.0
2004-02-10 00:00:00+09:00,1195.370361328125,1231.5937056107955,1195.370361328125,1195.370361328125,392550,0.0,0.0
2004-02-11 00:00:00+09:00,1188.1259765625,1202.6153177400915,1180.8813059737042,1188.1259765625,159701,0.0,0.0
2004-02-12 00:00:00+09:00,1209.8597412109375,1253.3277558652228,1191.7480684383188,1209.8597412109375,285745,0.0,0.0
2004-02-13 00:00:00+09:00,1235.2159423828125,1238.8382765246977,1195.3702668220767,1235.2159423828125,170238,0.0,0.0
2004-02-16 00:00:00+09:00,1224.3489990234375,1246.0830049232618,1217.1043303901627,1224.3489990234375,113618,0.0,0.0
2004-02-17 00:00:00+09:00,1217.104248046875,1238.8382524762835,1213.481913975307,1217.104248046875,121334,0.0,0.0
2004-02-18 00:00:00+09:00,1231.59375,1242.4607536764706,1217.104411764706,1231.59375,97807,0.0,0.0
2004-02-19 00:00:00+09:00,1202.615234375,1231.5939147213855,1202.615234375,1202.615234375,136439,0.0,0.0
2004-02-20 00:00:00+09:00,1209.8597412109375,1231.59374853808,1198.9927375473662,1209.8597412109375,200200,0.0,0.0
2004-02-23 00:00:00+09:00,1271.4393310546875,1278.6839996077056,1198.9926455245059,1271.4393310546875,599534,0.0,0.0
2004-02-24 00:00:00+09:00,1231.59375,1271.4394301470588,1220.7267463235294,1231.59375,234200,0.0,0.0
2004-02-25 00:00:00+09:00,1213.482177734375,1249.7055263234608,1213.482177734375,1213.482177734375,268540,0.0,0.0
2004-02-26 00:00:00+09:00,1202.615234375,1224.349244634789,1202.615234375,1202.615234375,157820,0.0,0.0
2004-02-27 00:00:00+09:00,1209.8597412109375,1217.1044103199852,1198.9927375473662,1209.8597412109375,102282,0.0,0.0
2004-03-01 00:00:00+09:00,1209.8597412109375,1209.8597412109375,1209.8597412109375,1209.8597412109375,0,0.0,0.0
2004-03-02 00:00:00+09:00,1224.3489990234375,1224.3489990234375,1209.8596617568878,1224.3489990234375,100821,0.0,0.0
2004-03-03 00:00:00+09:00,1224.3489990234375,1231.5936676567123,1213.4819960735254,1224.3489990234375,88744,0.0,0.0
2004-03-04 00:00:00+09:00,1224.3489990234375,1231.5936676567123,1217.1043303901627,1224.3489990234375,117705,0.0,0.0
2004-03-05 00:00:00+09:00,1209.8597412109375,1227.9714139835564,1209.8597412109375,1209.8597412109375,94352,0.0,0.0
2004-03-08 00:00:00+09:00,1209.8597412109375,1217.1044103199852,1202.61507210189,1209.8597412109375,67493,0.0,0.0
2004-03-09 00:00:00+09:00,1195.370361328125,1209.8596990411932,1180.8810236150568,1195.370361328125,119769,0.0,0.0
2004-03-10 00:00:00+09:00,1188.1259765625,1209.8599883288873,1188.1259765625,1188.1259765625,110007,0.0,0.0
2004-03-11 00:00:00+09:00,1188.1259765625,1238.8386706840702,1188.1259765625,1188.1259765625,150083,0.0,0.0
2004-03-12 00:00:00+09:00,1159.14697265625,1209.859652709961,1097.5672897338868,1159.14697265625,199153,0.0,0.0
2004-03-15 00:00:00+09:00,1151.90234375,1166.3916814072327,1137.4130060927673,1151.90234375,44902,0.0,0.0
2004-03-16 00:00:00+09:00,1170.0140380859375,1180.881041535652,1130.1683587703174,1170.0140380859375,57861,0.0,0.0
2004-03-17 00:00:00+09:00,1159.14697265625,1191.747981262207,1137.4129669189454,1159.14697265625,103243,0.0,0.0
2004-03-18 00:00:00+09:00,1173.63623046875,1180.8808985580633,1151.9022262008102,1173.63623046875,52055,0.0,0.0
2004-03-19 00:00:00+09:00,1162.769287109375,1173.6362897926401,1162.769287109375,1162.769287109375,32606,0.0,0.0
2004-03-22 00:00:00+09:00,1170.0140380859375,1184.5033760188903,1155.5247001529847,1170.0140380859375,72443,0.0,0.0
2004-03-23 00:00:00+09:00,1151.90234375,1166.3916814072327,1151.90234375,1151.90234375,41433,0.0,0.0
2004-03-24 00:00:00+09:00,1166.3916015625,1173.6362698951864,1148.2799307307841,1166.3916015625,50877,0.0,0.0
2004-03-25 00:00:00+09:00,1155.524658203125,1173.6363299617947,1151.902323851391,1155.524658203125,39835,0.0,0.0
2004-03-26 00:00:00+09:00,1159.14697265625,1184.5033126831056,1151.9023040771485,1159.14697265625,55740,0.0,0.0
2004-03-29 00:00:00+09:00,1162.769287109375,1166.3916213371301,1144.6576159705996,1162.769287109375,76417,0.0,0.0
2004-03-30 00:00:00+09:00,1159.14697265625,1159.14697265625,1151.9023040771485,1159.14697265625,31621,0.0,0.0
2004-03-31 00:00:00+09:00,1144.6575927734375,1162.769263545169,1144.6575927734375,1144.6575927734375,40998,0.0,0.0
2004-04-01 00:00:00+09:00,1137.4130859375,1151.9024246118631,1133.7907512689092,1137.4130859375,54987,0.0,0.0
2004-04-02 00:00:00+09:00,1159.14697265625,1159.14697265625,1137.4129669189454,1159.14697265625,79140,0.0,0.0
2004-04-05 00:00:00+09:00,1159.14697265625,1159.14697265625,1159.14697265625,1159.14697265625,0,0.0,0.0
2004-04-06 00:00:00+09:00,1151.90234375,1173.636350235849,1141.0353405070755,1151.90234375,121165,0.0,0.0
2004-04-07 00:00:00+09:00,1155.524658203125,1166.3916612583268,1144.6576551479232,1155.524658203125,90601,0.0,0.0
2004-04-08 00:00:00+09:00,1159.14697265625,1162.769306945801,1151.9023040771485,1159.14697265625,42387,0.0,0.0
2004-04-09 00:00:00+09:00,1151.90234375,1162.7693469929245,1148.2800093356918,1151.90234375,77449,0.0,0.0
2004-04-12 00:00:00+09:00,1162.769287109375,1170.0139555648852,1155.524618653865,1162.769287109375,40579,0.0,0.0
2004-04-13 00:00:00+09:00,1159.14697265625,1173.6363098144532,1151.9023040771485,1159.14697265625,71155,0.0,0.0
2004-04-14 00:00:00+09:00,1159.14697265625,1162.769306945801,1148.2799697875978,1159.14697265625,44669,0.0,0.0
2004-04-15 00:00:00+09:00,1159.14697265625,1159.14697265625,1159.14697265625,1159.14697265625,0,0.0,0.0
2004-04-16 00:00:00+09:00,1162.769287109375,1166.3916213371301,1151.9022844261099,1162.769287109375,34643,0.0,0.0
2004-04-19 00:00:00+09:00,1184.5032958984375,1188.1256301366589,1159.1469562308869,1184.5032958984375,96495,0.0,0.0
2004-04-20 00:00:00+09:00,1195.370361328125,1198.992695756392,1170.0140203302558,1195.370361328125,66015,0.0,0.0
2004-04-21 00:00:00+09:00,1159.14697265625,1195.3703155517578,1159.14697265625,1159.14697265625,64334,0.0,0.0
2004-04-22 00:00:00+09:00,1170.0140380859375,1173.6363725691756,1159.147034636223,1170.0140380859375,56383,0.0,0.0
2004-04-23 00:00:00+09:00,1180.8809814453125,1184.5033157442244,1166.3916442496645,1180.8809814453125,64322,0.0,0.0
2004-04-26 00:00:00+09:00,1206.2374267578125,1209.8597613727009,1180.8810844535942,1206.2374267578125,134014,0.0,0.0
2004-04-27 00:00:00+09:00,1188.1259765625,1213.482323623285,1184.5036412681022,1188.1259765625,99118,0.0,0.0
2004-04-28 00:00:00+09:00,1170.0140380859375,1206.2373829183193,1170.0140380859375,1170.0140380859375,81608,0.0,0.0
2004-04-29 00:00:00+09:00,1144.6575927734375,1180.8809343169007,1141.035258619091,1144.6575927734375,89447,0.0,0.0
2004-04-30 00:00:00+09:00,1162.769287109375,1180.8809582481504,1122.9236106040694,1162.769287109375,70020,0.0,0.0
2004-05-03 00:00:00+09:00,1144.6575927734375,1166.3915976995154,1144.6575927734375,1144.6575927734375,27338,0.0,0.0
2004-05-04 00:00:00+09:00,1151.90234375,1155.5246781643082,1144.6576749213837,1151.90234375,24486,0.0,0.0
2004-05-05 00:00:00+09:00,1151.90234375,1151.90234375,1151.90234375,1151.90234375,0,0.0,0.0
2004-05-06 00:00:00+09:00,1155.52467580942,1155.52467580942,1122.9236661470852,1130.1683349609375,74799,0.0,0.0
2004-05-07 00:00:00+09:00,1148.2800899432723,1148.2800899432723,1115.6790779259554,1137.4130859375,22411,0.0,0.0
2004-05-10 00:00:00+09:00,1137.413126627604,1137.413126627604,1086.700439453125,1086.700439453125,88623,0.0,0.0
2004-05-11 00:00:00+09:00,1079.4555704217207,1101.1895751953125,1072.2109021638569,1101.1895751953125,24399,0.0,0.0
2004-05-12 00:00:00+09:00,1115.6790978184904,1144.6577756839058,1101.1897588857828,1133.790771484375,55486,0.0,0.0
2004-05-13 00:00:00+09:00,1133.790687435963,1133.790687435963,1104.81201171875,1104.81201171875,15263,0.0,0.0
2004-05-14 00:00:00+09:00,1122.9236661470852,1141.0353381817156,1083.0779876708984,1130.1683349609375,21367,0.0,0.0
2004-05-17 00:00:00+09:00,1112.0567830403645,1130.16845703125,1057.7217610677083,1086.700439453125,27677,0.0,0.0
2004-05-18 00:00:00+09:00,1064.9660345418563,1115.6787028533734,1057.7213676402112,1093.9447021484375,41092,0.0,0.0
2004-05-19 00:00:00+09:00,1108.4342434531764,1108.4342434531764,1072.2109021638569,1101.1895751953125,65385,0.0,0.0
2004-05-20 00:00:00+09:00,1112.0565532569503,1112.0565532569503,1075.8332127599813,1083.077880859375,24034,0.0,0.0
2004-05-21 00:00:00+09:00,1075.8332945357922,1101.1896348110465,1075.8332945357922,1090.3226318359375,30280,0.0,0.0
2004-05-24 00:00:00+09:00,1090.322774251302,1101.1897786458333,1075.8334350585938,1086.700439453125,28555,0.0,0.0
2004-05-25 00:00:00+09:00,1097.567338650544,1097.567338650544,1061.343994140625,1061.343994140625,61581,0.0,0.0
2004-05-26 00:00:00+09:00,1061.343994140625,1061.343994140625,1061.343994140625,1061.343994140625,0,0.0,0.0
2004-05-27 00:00:00+09:00,1083.0780840340306,1083.0780840340306,1064.9664103879766,1068.5887451171875,32721,0.0,0.0
2004-05-28 00:00:00+09:00,1075.833188426738,1086.7001903300384,1050.4768506523703,1064.9661865234375,52881,0.0,0.0
2004-05-31 00:00:00+09:00,1083.0778563622714,1083.0778563622714,1064.9661865234375,1064.9661865234375,28386,0.0,0.0
2004-06-01 00:00:00+09:00,1075.833251953125,1083.0779203164457,1068.588583589804,1075.833251953125,10910,0.0,0.0
2004-06-02 00:00:00+09:00,1093.9449108492943,1122.923583984375,1079.455574281754,1122.923583984375,85955,0.0,0.0
2004-06-03 00:00:00+09:00,1122.9235007546165,1141.0351701216266,1093.9448297674007,1115.6788330078125,20135,0.0,0.0
2004-06-04 00:00:00+09:00,1119.3016393680382,1122.923974770524,1097.567626953125,1097.567626953125,27712,0.0,0.0
2004-06-07 00:00:00+09:00,1090.3226346192996,1122.9236436278502,1090.3226346192996,1112.056640625,22770,0.0,0.0
2004-06-08 00:00:00+09:00,1108.434326171875,1126.5459981681474,1104.8119917726203,1108.434326171875,48071,0.0,0.0
2004-06-09 00:00:00+09:00,1137.4129205519152,1137.4129205519152,1104.8119132749496,1122.923583984375,42433,0.0,0.0
2004-06-10 00:00:00+09:00,1137.4129405592637,1137.4129405592637,1119.30126953125,1119.30126953125,25309,0.0,0.0
2004-06-11 00:00:00+09:00,1130.1683122964168,1130.1683122964168,1097.5673032878665,1112.056640625,13665,0.0,0.0
2004-06-14 00:00:00+09:00,1108.4343461834017,1115.679015112705,1090.3226738601434,1104.81201171875,22590,0.0,0.0
2004-06-15 00:00:00+09:00,1104.8119093242444,1104.8119093242444,1093.9449069374486,1101.1895751953125,28272,0.0,0.0
2004-06-16 00:00:00+09:00,1108.4342434531764,1108.4342434531764,1093.9449069374486,1101.1895751953125,27333,0.0,0.0
2004-06-17 00:00:00+09:00,1104.8119093242444,1104.8119093242444,1086.7002386795846,1101.1895751953125,24932,0.0,0.0
2004-06-18 00:00:00+09:00,1093.9449069374486,1108.4342434531764,1086.7002386795846,1101.1895751953125,25396,0.0,0.0
2004-06-21 00:00:00+09:00,1112.0566011200444,1144.6576089704693,1112.0566011200444,1119.30126953125,15515,0.0,0.0
2004-06-22 00:00:00+09:00,1130.1683122964168,1137.4129809649837,1101.1896376221498,1112.056640625,4782,0.0,0.0
2004-06-23 00:00:00+09:00,1101.1895751953125,1112.0565775821083,1090.3225728085165,1101.1895751953125,10934,0.0,0.0
2004-06-24 00:00:00+09:00,1122.923579968904,1122.923579968904,1086.7002386795846,1101.1895751953125,16467,0.0,0.0
2004-06-25 00:00:00+09:00,1101.1896376221498,1115.6789749592833,1090.3226346192996,1112.056640625,11384,0.0,0.0
2004-06-28 00:00:00+09:00,1115.6788330078125,1115.6788330078125,1093.9448297674007,1115.6788330078125,6955,0.0,0.0
2004-06-29 00:00:00+09:00,1115.6790978184904,1137.4131062175518,1097.5674241526058,1133.790771484375,16254,0.0,0.0
2004-06-30 00:00:00+09:00,1141.0352783203125,1159.146949404762,1137.4129441034227,1141.0352783203125,20702,0.0,0.0
2004-07-01 00:00:00+09:00,1144.6579530297256,1202.6153177400915,1050.477235375381,1188.1259765625,142315,0.0,0.0
2004-07-02 00:00:00+09:00,1184.503374069647,1184.503374069647,1144.6576948195977,1148.280029296875,16252,0.0,0.0
2004-07-05 00:00:00+09:00,1141.035258619091,1166.3915976995154,1090.3225804582426,1144.6575927734375,40212,0.0,0.0
2004-07-06 00:00:00+09:00,1122.9236138486715,1188.1256301366589,1119.3012796104501,1184.5032958984375,46072,0.0,0.0
2004-07-07 00:00:00+09:00,1166.3916442496645,1180.8809814453125,1159.1469756518404,1180.8809814453125,14145,0.0,0.0
2004-07-08 00:00:00+09:00,1180.8809582481504,1209.8596320701909,1159.1469528816199,1162.769287109375,115981,0.0,0.0
2004-07-09 00:00:00+09:00,1162.769287109375,1188.1256267036604,1133.7906132873345,1162.769287109375,28828,0.0,0.0
2004-07-12 00:00:00+09:00,1191.7479609314155,1206.2372978424357,1162.769287109375,1162.769287109375,29365,0.0,0.0
2004-07-13 00:00:00+09:00,1166.3917036026992,1180.881041535652,1151.9023656697466,1170.0140380859375,7202,0.0,0.0
2004-07-14 00:00:00+09:00,1155.5246781643082,1173.636350235849,1141.0353405070755,1151.90234375,23074,0.0,0.0
2004-07-15 00:00:00+09:00,1137.4131471689109,1159.1471563504824,1126.546142578125,1126.546142578125,15562,0.0,0.0
2004-07-16 00:00:00+09:00,1126.545941452753,1144.6576125372023,1112.0566045851933,1141.0352783203125,20831,0.0,0.0
2004-07-19 00:00:00+09:00,1141.0352850397792,1188.1256301366589,1126.545948086893,1184.5032958984375,67462,0.0,0.0
2004-07-20 00:00:00+09:00,1159.1469562308869,1184.5032958984375,1159.1469562308869,1184.5032958984375,40650,0.0,0.0
2004-07-21 00:00:00+09:00,1180.8813059737042,1188.1259765625,1180.8813059737042,1188.1259765625,37240,0.0,0.0
2004-07-22 00:00:00+09:00,1180.881041535652,1180.881041535652,1159.147034636223,1170.0140380859375,13141,0.0,0.0
2004-07-23 00:00:00+09:00,1173.6366353849085,1188.1259765625,1162.769629501715,1188.1259765625,27709,0.0,0.0
2004-07-26 00:00:00+09:00,1188.1259765625,1202.6153177400915,1180.8813059737042,1188.1259765625,9712,0.0,0.0
2004-07-27 00:00:00+09:00,1188.1256301366589,1188.1256301366589,1162.7692904691082,1184.5032958984375,17140,0.0,0.0
2004-07-28 00:00:00+09:00,1166.391964796113,1188.1259765625,1159.1472942073171,1188.1259765625,50322,0.0,0.0
2004-07-29 00:00:00+09:00,1191.7479843420485,1191.7479843420485,1159.1469756518404,1180.8809814453125,13522,0.0,0.0
2004-07-30 00:00:00+09:00,1180.8808985580633,1180.8808985580633,1159.1468942901236,1173.63623046875,18059,0.0,0.0
2004-08-02 00:00:00+09:00,1166.3916213371301,1184.5032924759055,1151.9022844261099,1162.769287109375,22601,0.0,0.0
2004-08-03 00:00:00+09:00,1166.3916412353517,1231.5936584472656,1151.9023040771485,1159.14697265625,287346,0.0,0.0
2004-08-04 00:00:00+09:00,1159.1468942901236,1173.63623046875,1097.5672155309608,1173.63623046875,17682,0.0,0.0
2004-08-05 00:00:00+09:00,1191.7479643748804,1206.2373013277665,1166.3916247073298,1184.5032958984375,65251,0.0,0.0
2004-08-06 00:00:00+09:00,1206.23723687066,1242.4605773172261,1173.63623046875,1173.63623046875,380998,0.0,0.0
2004-08-09 00:00:00+09:00,1159.1470327287066,1170.0140361605381,1133.7906913877662,1148.280029296875,83200,0.0,0.0
2004-08-10 00:00:00+09:00,1148.280029296875,1162.7693672059838,1141.0353603423205,1148.280029296875,86173,0.0,0.0
2004-08-11 00:00:00+09:00,1148.2799307307841,1170.0139357288433,1148.2799307307841,1166.3916015625,43039,0.0,0.0
2004-08-12 00:00:00+09:00,1173.6363098144532,1173.6363098144532,1148.2799697875978,1159.14697265625,44074,0.0,0.0
2004-08-13 00:00:00+09:00,1173.6363725691756,1173.6363725691756,1148.2800311865083,1170.0140380859375,14404,0.0,0.0
2004-08-16 00:00:00+09:00,1151.9022648971275,1173.6362698951864,1144.657596564441,1166.3916015625,37590,0.0,0.0
2004-08-17 00:00:00+09:00,1151.9022648971275,1177.2586040615297,1151.9022648971275,1166.3916015625,27578,0.0,0.0
2004-08-18 00:00:00+09:00,1173.6363098144532,1173.6363098144532,1155.5246383666993,1159.14697265625,10062,0.0,0.0
2004-08-19 00:00:00+09:00,1173.6363299617947,1173.6363299617947,1151.902323851391,1155.524658203125,38248,0.0,0.0
2004-08-20 00:00:00+09:00,1151.9023040771485,1170.0139755249024,1148.2799697875978,1159.14697265625,15468,0.0,0.0
2004-08-23 00:00:00+09:00,1151.9023656697466,1170.0140380859375,1151.9023656697466,1170.0140380859375,28922,0.0,0.0
2004-08-24 00:00:00+09:00,1159.1469332298138,1173.6362698951864,1159.1469332298138,1166.3916015625,10957,0.0,0.0
2004-08-25 00:00:00+09:00,1155.5246383666993,1173.6363098144532,1155.5246383666993,1159.14697265625,8531,0.0,0.0
2004-08-26 00:00:00+09:00,1166.3916612583268,1170.0139956100606,1155.524658203125,1155.524658203125,37147,0.0,0.0
2004-08-27 00:00:00+09:00,1159.1469332298138,1166.3916015625,1151.9022648971275,1166.3916015625,34049,0.0,0.0
2004-08-30 00:00:00+09:00,1170.0139755249024,1170.0139755249024,1159.14697265625,1159.14697265625,12174,0.0,0.0
2004-08-31 00:00:00+09:00,1162.76922833478,1173.63623046875,1155.5245602454668,1173.63623046875,18038,0.0,0.0
2004-09-01 00:00:00+09:00,1166.3916015625,1180.8809382278728,1159.1469332298138,1166.3916015625,17934,0.0,0.0
2004-09-02 00:00:00+09:00,1173.6363547585227,1195.370361328125,1159.1470170454545,1195.370361328125,85808,0.0,0.0
2004-09-03 00:00:00+09:00,1195.370298613102,1195.370298613102,1159.1469562308869,1184.5032958984375,57964,0.0,0.0
2004-09-06 00:00:00+09:00,1188.1256469726563,1188.1256469726563,1151.9023040771485,1159.14697265625,34707,0.0,0.0
2004-09-07 00:00:00+09:00,1162.769306945801,1170.0139755249024,1155.5246383666993,1159.14697265625,16666,0.0,0.0
2004-09-08 00:00:00+09:00,1166.3916412353517,1166.3916412353517,1155.5246383666993,1159.14697265625,19753,0.0,0.0
2004-09-09 00:00:00+09:00,1162.7693269065928,1162.7693269065928,1151.902323851391,1155.524658203125,42676,0.0,0.0
2004-09-10 00:00:00+09:00,1155.524658203125,1159.1469925548588,1144.6576551479232,1155.524658203125,15579,0.0,0.0
2004-09-13 00:00:00+09:00,1155.5246383666993,1195.3703155517578,1148.2799697875978,1159.14697265625,57123,0.0,0.0
2004-09-14 00:00:00+09:00,1162.769267396157,1170.0139357288433,1159.1469332298138,1166.3916015625,26860,0.0,0.0
2004-09-15 00:00:00+09:00,1162.76922833478,1180.8808985580633,1159.1468942901236,1173.63623046875,31000,0.0,0.0
2004-09-16 00:00:00+09:00,1166.391562379437,1188.1255666473767,1159.1468942901236,1173.63623046875,35716,0.0,0.0
2004-09-17 00:00:00+09:00,1180.8808985580633,1180.8808985580633,1173.63623046875,1173.63623046875,23247,0.0,0.0
2004-09-20 00:00:00+09:00,1173.63623046875,1180.8808985580633,1162.76922833478,1173.63623046875,56665,0.0,0.0
2004-09-21 00:00:00+09:00,1162.769306945801,1170.0139755249024,1151.9023040771485,1159.14697265625,89230,0.0,0.0
2004-09-22 00:00:00+09:00,1155.524658203125,1155.524658203125,1144.6576551479232,1155.524658203125,100796,0.0,0.0
2004-09-23 00:00:00+09:00,1155.524615187872,1159.146949404762,1137.4129441034227,1141.0352783203125,53049,0.0,0.0
2004-09-24 00:00:00+09:00,1141.0352783203125,1159.146949404762,1141.0352783203125,1141.0352783203125,66813,0.0,0.0
2004-09-27 00:00:00+09:00,1141.0352783203125,1141.0352783203125,1141.0352783203125,1141.0352783203125,0,0.0,0.0
2004-09-28 00:00:00+09:00,1141.0352783203125,1141.0352783203125,1141.0352783203125,1141.0352783203125,0,0.0,0.0
2004-09-29 00:00:00+09:00,1141.0352783203125,1141.0352783203125,1141.0352783203125,1141.0352783203125,0,0.0,0.0
2004-09-30 00:00:00+09:00,1144.6576948195977,1155.5246982514293,1141.0353603423205,1148.280029296875,34758,0.0,0.0
2004-10-01 00:00:00+09:00,1141.0353603423205,1151.9023637741523,1141.0353603423205,1148.280029296875,54436,0.0,0.0
2004-10-04 00:00:00+09:00,1144.6576551479232,1155.524658203125,1144.6576551479232,1155.524658203125,45441,0.0,0.0
2004-10-05 00:00:00+09:00,1151.90234375,1159.1470125786163,1148.2800093356918,1151.90234375,42101,0.0,0.0
2004-10-06 00:00:00+09:00,1159.1470125786163,1162.7693469929245,1144.6576749213837,1151.90234375,48777,0.0,0.0
2004-10-07 00:00:00+09:00,1159.1470125786163,1159.1470125786163,1151.90234375,1151.90234375,33820,0.0,0.0
2004-10-08 00:00:00+09:00,1151.9022262008102,1173.63623046875,1151.9022262008102,1173.63623046875,128663,0.0,0.0
2004-10-11 00:00:00+09:00,1166.391562379437,1177.2585645134068,1166.391562379437,1173.63623046875,17170,0.0,0.0
2004-10-12 00:00:00+09:00,1173.6365760216345,1188.125916466346,1173.6365760216345,1177.2589111328125,76371,0.0,0.0
2004-10-13 00:00:00+09:00,1173.6366353849085,1191.748311856898,1170.0143000905107,1188.1259765625,89718,0.0,0.0
2004-10-14 00:00:00+09:00,1184.50323260272,1198.9925687813466,1159.1468942901236,1173.63623046875,25048,0.0,0.0
2004-10-15 00:00:00+09:00,1155.5245990634705,1170.0139357288433,1155.5245990634705,1166.3916015625,29202,0.0,0.0
2004-10-18 00:00:00+09:00,1159.14697265625,1166.3916412353517,1151.9023040771485,1159.14697265625,71993,0.0,0.0
2004-10-19 00:00:00+09:00,1151.90234375,1162.7693469929245,1151.90234375,1151.90234375,55541,0.0,0.0
2004-10-20 00:00:00+09:00,1155.5246781643082,1155.5246781643082,1144.6576749213837,1151.90234375,30654,0.0,0.0
2004-10-21 00:00:00+09:00,1155.5247798834364,1155.5247798834364,1133.790771484375,1133.790771484375,70869,0.0,0.0
2004-10-22 00:00:00+09:00,1133.7907512689092,1144.6577552746814,1133.7907512689092,1137.4130859375,4513,0.0,0.0
2004-10-25 00:00:00+09:00,1137.4131471689109,1137.4131471689109,1115.6791379873393,1126.546142578125,16762,0.0,0.0
2004-10-26 00:00:00+09:00,1122.9236661470852,1137.4130037747896,1119.3013317401592,1130.1683349609375,17307,0.0,0.0
2004-10-27 00:00:00+09:00,1130.168436751198,1159.1471146166134,1130.168436751198,1133.790771484375,38995,0.0,0.0
2004-10-28 00:00:00+09:00,1133.7905903103986,1155.5245952364764,1133.7905903103986,1144.6575927734375,24149,0.0,0.0
2004-10-29 00:00:00+09:00,1144.6576551479232,1159.1469925548588,1144.6576551479232,1155.524658203125,20129,0.0,0.0
2004-11-01 00:00:00+09:00,1148.2799307307841,1173.6362698951864,1148.2799307307841,1166.3916015625,20597,0.0,0.0
2004-11-02 00:00:00+09:00,1166.3916015625,1180.8809382278728,1166.3916015625,1166.3916015625,27946,0.0,0.0
2004-11-03 00:00:00+09:00,1173.636293183773,1202.614967089545,1173.636293183773,1184.5032958984375,114058,0.0,0.0
2004-11-04 00:00:00+09:00,1173.6363128474886,1188.1256500431366,1173.6363128474886,1180.8809814453125,20620,0.0,0.0
2004-11-05 00:00:00+09:00,1180.8809814453125,1195.3703186409605,1177.2586471464006,1180.8809814453125,99022,0.0,0.0
2004-11-08 00:00:00+09:00,1191.7479643748804,1191.7479643748804,1162.7692904691082,1184.5032958984375,76548,0.0,0.0
2004-11-09 00:00:00+09:00,1180.8808985580633,1180.8808985580633,1155.5245602454668,1173.63623046875,35214,0.0,0.0
2004-11-10 00:00:00+09:00,1173.63623046875,1173.63623046875,1162.76922833478,1173.63623046875,18651,0.0,0.0
2004-11-11 00:00:00+09:00,1166.3916213371301,1173.6362897926401,1162.769287109375,1162.769287109375,12825,0.0,0.0
2004-11-12 00:00:00+09:00,1166.3916213371301,1180.8809582481504,1162.769287109375,1162.769287109375,57247,0.0,0.0
2004-11-15 00:00:00+09:00,1166.391905799279,1177.2589111328125,1166.391905799279,1177.2589111328125,63592,0.0,0.0
2004-11-16 00:00:00+09:00,1180.8809814453125,1180.8809814453125,1170.0139785485765,1180.8809814453125,26583,0.0,0.0
2004-11-17 00:00:00+09:00,1177.2586040615297,1180.8809382278728,1162.769267396157,1166.3916015625,50530,0.0,0.0
2004-11-18 00:00:00+09:00,1166.3916015625,1173.6362698951864,1155.5245990634705,1166.3916015625,79831,0.0,0.0
2004-11-19 00:00:00+09:00,1166.3916015625,1173.6362698951864,1162.769267396157,1166.3916015625,20472,0.0,0.0
2004-11-22 00:00:00+09:00,1170.0138964240934,1198.9925687813466,1170.0138964240934,1173.63623046875,128419,0.0,0.0
2004-11-23 00:00:00+09:00,1180.8809814453125,1184.5033157442244,1170.0139785485765,1180.8809814453125,60413,0.0,0.0
2004-11-24 00:00:00+09:00,1191.747890393175,1220.7265625,1188.125556379822,1220.7265625,187330,0.0,0.0
2004-11-25 00:00:00+09:00,1224.348896513353,1238.8382325667656,1213.4818944732938,1220.7265625,201322,0.0,0.0
2004-11-26 00:00:00+09:00,1220.7267463235294,1253.3277573529413,1217.104411764706,1231.59375,267261,0.0,0.0
2004-11-29 00:00:00+09:00,1246.0829411074112,1325.7742919921875,1238.8382728451588,1325.7742919921875,513182,0.0,0.0
2004-11-30 00:00:00+09:00,1322.1519247235403,1322.1519247235403,1242.4605758360942,1264.194580078125,261203,0.0,0.0
2004-12-01 00:00:00+09:00,1275.0617866847826,1275.0617866847826,1227.971436608356,1249.7054443359375,193815,0.0,0.0
2004-12-02 00:00:00+09:00,1260.5723451126453,1260.5723451126453,1238.8383391624272,1246.0830078125,50062,0.0,0.0
2004-12-03 00:00:00+09:00,1246.0829448084678,1267.8169496597782,1231.5936082409276,1235.2159423828125,100877,0.0,0.0
2004-12-06 00:00:00+09:00,1238.8385009765625,1318.5298665364583,1238.8385009765625,1304.04052734375,428829,0.0,0.0
2004-12-07 00:00:00+09:00,1318.5295605199724,1336.6412303073346,1249.7052153279958,1314.9072265625,474062,0.0,0.0
2004-12-08 00:00:00+09:00,1311.2852178038686,1311.2852178038686,1260.5725298225036,1278.6842041015625,218355,0.0,0.0
2004-12-09 00:00:00+09:00,1271.4392333298586,1307.6625733107662,1256.9498973374955,1289.5509033203125,163945,0.0,0.0
2004-12-10 00:00:00+09:00,1282.306396484375,1304.0404032044491,1267.817058670992,1282.306396484375,137198,0.0,0.0
2004-12-13 00:00:00+09:00,1271.4393756898157,1358.3754013780083,1271.4393756898157,1307.6627197265625,322631,0.0,0.0
2004-12-14 00:00:00+09:00,1369.242511915124,1390.9765200407608,1322.152160976244,1333.0191650390625,424711,0.0,0.0
2004-12-15 00:00:00+09:00,1307.662558647555,1336.6412303073346,1307.662558647555,1314.9072265625,167557,0.0,0.0
2004-12-16 00:00:00+09:00,1340.2638753255208,1354.753214518229,1304.04052734375,1347.508544921875,235333,0.0,0.0
2004-12-17 00:00:00+09:00,1383.7318544293394,1506.8912341429455,1376.4871850344214,1463.4232177734375,2243420,0.0,0.0
2004-12-20 00:00:00+09:00,1463.423216527822,1586.5825961365992,1412.7105308065609,1419.9552001953125,1819916,0.0,0.0
2004-12-21 00:00:00+09:00,1481.5348886590257,1481.5348886590257,1343.8861703973068,1376.4871826171875,847028,0.0,0.0
2004-12-22 00:00:00+09:00,1390.9764705882353,1539.4921875,1329.3967830882352,1539.4921875,1656270,0.0,0.0
2004-12-23 00:00:00+09:00,1724.230933017418,1724.230933017418,1503.2685655509001,1546.736572265625,6208530,0.0,0.0
2004-12-24 00:00:00+09:00,1579.3379720052083,1590.2049763997395,1398.221232096354,1456.1785888671875,1999650,0.0,0.0
2004-12-27 00:00:00+09:00,1506.8912328603317,1521.380571637835,1419.9552001953125,1419.9552001953125,1138328,0.0,0.0
2004-12-28 00:00:00+09:00,1380.1093690453506,1427.1997149707825,1296.7956801003556,1336.641357421875,1107666,0.0,0.0
2004-12-29 00:00:00+09:00,1378.7708369603065,1428.5597838505398,1371.1109989771937,1374.94091796875,783772,100.0,0.0
2004-12-30 00:00:00+09:00,1413.2397235006258,1417.0696414504919,1374.9405440019639,1386.4302978515625,440427,0.0,0.0
2005-01-03 00:00:00+09:00,1397.9199930299749,1497.4978555471787,1390.2601574517284,1478.3482666015625,1152586,0.0,0.0
2005-01-04 00:00:00+09:00,1486.0082196192193,1493.6680558028233,1428.5594482421875,1428.5594482421875,771369,0.0,0.0
2005-01-05 00:00:00+09:00,1428.5595898557765,1581.7563287143048,1413.2399159699237,1554.9468994140625,1981011,0.0,0.0
2005-01-06 00:00:00+09:00,1589.4163033212296,1738.7831366453934,1417.0699571779637,1631.54541015625,2020230,0.0,0.0
2005-01-07 00:00:00+09:00,1650.694404522078,1826.87060546875,1562.606304048742,1826.87060546875,1704935,0.0,0.0
2005-01-10 00:00:00+09:00,2045.17626953125,2045.17626953125,1930.2787262991571,2045.17626953125,3332054,0.0,0.0
2005-01-11 00:00:00+09:00,2075.815523429259,2183.053225746638,1800.0614317559996,1815.381103515625,2396668,0.0,0.0
2005-01-12 00:00:00+09:00,1849.8504455566406,1953.2582344386888,1692.8238031801968,1761.7623291015625,2014579,0.0,0.0
2005-01-13 00:00:00+09:00,1796.231915454788,1957.0885048985003,1750.2728898994415,1907.299560546875,1831842,0.0,0.0
2005-01-14 00:00:00+09:00,1846.0204629490518,1949.4282482179822,1784.7417753822783,1792.401611328125,1343871,0.0,0.0
2005-01-17 00:00:00+09:00,1777.0819384362087,1895.8093955300071,1777.0819384362087,1853.6802978515625,939191,0.0,0.0
2005-01-18 00:00:00+09:00,1846.0203432617188,1934.1084509277346,1807.7211660156252,1914.9588623046875,1305660,0.0,0.0
2005-01-19 00:00:00+09:00,1968.5779319790724,2144.7541671367326,1914.9590778006543,2121.774658203125,2630092,0.0,0.0
2005-01-20 00:00:00+09:00,2106.454754592781,2244.3317930752173,2003.0469757309534,2037.5162353515625,2826590,0.0,0.0
2005-01-21 00:00:00+09:00,2029.856399880316,2137.0940964777665,1937.9383742253583,2037.5162353515625,1242419,0.0,0.0
2005-01-24 00:00:00+09:00,2106.4548790032136,2236.6720897052305,2064.3257814231492,2160.07373046875,1927145,0.0,0.0
2005-01-25 00:00:00+09:00,2144.754184249544,2198.3730388557824,2037.5164750370666,2098.795166015625,1645382,0.0,0.0
2005-01-26 00:00:00+09:00,2137.0947819636417,2148.5845388559196,1960.9185096153847,1991.557861328125,1146874,0.0,0.0
2005-01-27 00:00:00+09:00,1991.5576073629277,2045.1764660226986,1899.639563946177,1903.469482421875,716810,0.0,0.0
2005-01-28 00:00:00+09:00,1853.6803946659484,1968.5779397898707,1853.6803946659484,1888.149658203125,551384,0.0,0.0
2005-01-31 00:00:00+09:00,1842.190556784237,2056.665964642693,1842.190556784237,1953.2581787109375,747676,0.0,0.0
2005-02-01 00:00:00+09:00,1991.5574028655774,2106.454945338591,1976.237730535842,2006.8770751953125,975123,0.0,0.0
2005-02-02 00:00:00+09:00,2071.985825098623,2075.8157434444615,1899.639499535891,1934.1087646484375,468222,0.0,0.0
2005-02-03 00:00:00+09:00,1991.5568065275097,2037.5158097550675,1914.958467814913,1983.89697265625,765361,0.0,0.0
2005-02-04 00:00:00+09:00,2010.7068869850852,2198.3728631036934,2006.8769691051136,2106.454833984375,1062506,0.0,0.0
2005-02-07 00:00:00+09:00,2221.3526738154424,2359.229736328125,2160.073979365361,2359.229736328125,0,0.0,0.0
2005-02-11 00:00:00+09:00,2489.4469063237025,2638.813720703125,2343.9100102617017,2638.813720703125,2601810,0.0,0.0
2005-02-14 00:00:00+09:00,2952.86669921875,2952.86669921875,2952.86669921875,2952.86669921875,166787,0.0,0.0
2005-02-15 00:00:00+09:00,3305.21923828125,3305.21923828125,3155.852436087775,3305.21923828125,5128657,0.0,0.0
2005-02-16 00:00:00+09:00,3312.878916354254,3515.864560940122,3048.614586610389,3423.946533203125,4815525,0.0,0.0
2005-02-17 00:00:00+09:00,3420.117063210227,3715.0207741477275,3286.069921875,3370.328125,4078815,0.0,0.0
2005-02-18 00:00:00+09:00,3263.0902077642995,3370.327914122751,2968.186515278559,2979.67626953125,2168517,0.0,0.0
2005-02-21 00:00:00+09:00,3056.274920839252,3171.1724742542615,2880.0986722695707,3033.29541015625,1790775,0.0,0.0
2005-02-22 00:00:00+09:00,2949.036889648438,3163.5122998046877,2669.4528728376117,2680.942626953125,1604674,0.0,0.0
2005-02-23 00:00:00+09:00,2573.7045291385134,2857.118420740076,2535.4053545977617,2834.138916015625,1527923,0.0,0.0
2005-02-24 00:00:00+09:00,2887.7582133479686,3098.403706364067,2719.2418189350897,2780.5205078125,1375935,0.0,0.0
2005-02-25 00:00:00+09:00,2834.1392026154895,2933.7170664911687,2577.5347072435466,2642.643310546875,790714,0.0,0.0
2005-02-28 00:00:00+09:00,2684.77240680197,2719.241667374321,2589.024460767663,2642.643310546875,786450,0.0,0.0
2005-03-02 00:00:00+09:00,2688.602052760769,2845.6286683778508,2680.9422178526183,2834.138916015625,989479,0.0,0.0
2005-03-03 00:00:00+09:00,2834.138916015625,2949.03643963788,2680.9422178526183,2834.138916015625,665768,0.0,0.0
2005-03-04 00:00:00+09:00,2933.717318830819,2933.717318830819,2795.8402646821123,2887.75830078125,718607,0.0,0.0
2005-03-07 00:00:00+09:00,3021.8048023273564,3021.8048023273564,2573.7044704232994,2646.472900390625,1553191,0.0,0.0
2005-03-08 00:00:00+09:00,2604.3440835385877,2669.4526856270527,2332.419921875,2332.419921875,1194705,0.0,0.0
2005-03-09 00:00:00+09:00,2183.0533329133063,2297.950876750849,2129.4344791224535,2255.82177734375,954642,0.0,0.0
2005-03-10 00:00:00+09:00,2244.3320727539062,2347.739864501953,2236.672236328125,2297.950927734375,874584,0.0,0.0
2005-03-11 00:00:00+09:00,2263.481561078712,2447.317626953125,2263.481561078712,2447.317626953125,1088871,0.0,0.0
2005-03-14 00:00:00+09:00,2566.045500474169,2692.4328161691656,2489.4471273256863,2650.3037109375,1530811,0.0,0.0
2005-03-15 00:00:00+09:00,2631.153736994817,2669.45291802822,2389.868896484375,2389.868896484375,856795,0.0,0.0
2005-03-16 00:00:00+09:00,2336.249971034163,2374.549150887182,2148.5839897543697,2259.651611328125,666774,0.0,0.0
2005-03-17 00:00:00+09:00,2152.4141342828657,2412.8485846943154,2144.7542975060583,2370.719482421875,1539079,0.0,0.0
2005-03-18 00:00:00+09:00,2389.8688944327732,2424.338157333246,2236.6721704306724,2278.80126953125,693479,0.0,0.0
2005-03-21 00:00:00+09:00,2359.2300762101713,2382.2095899394913,2248.1624265184587,2343.910400390625,755529,0.0,0.0
2005-03-22 00:00:00+09:00,2309.4404816228694,2405.1884286221593,2064.3257373046877,2106.454833984375,1367145,0.0,0.0
2005-03-23 00:00:00+09:00,2045.1767268254207,2083.475916466346,1980.0681044358473,1991.557861328125,769545,0.0,0.0
2005-03-24 00:00:00+09:00,2029.8567327370208,2045.17640619164,1876.6599981908305,1922.6190185546875,472137,0.0,0.0
2005-03-25 00:00:00+09:00,1918.7891751243956,1972.4080343095084,1907.2994195847284,1930.2789306640625,470366,0.0,0.0
2005-03-28 00:00:00+09:00,1953.2581850128465,2037.5163812290868,1953.2581850128465,2003.047119140625,686099,0.0,0.0
2005-03-29 00:00:00+09:00,2014.5369246693585,2110.2848773627693,2006.8770884538858,2045.17626953125,927788,0.0,0.0
2005-03-30 00:00:00+09:00,2033.6866165537535,2075.8157178382944,2006.8771884635912,2018.366943359375,446540,0.0,0.0
2005-03-31 00:00:00+09:00,2068.15571863511,2068.15571863511,1930.2786707261027,1953.2581787109375,427545,0.0,0.0
2005-04-01 00:00:00+09:00,1987.7275548280386,2144.754201741236,1987.7275548280386,2075.815673828125,1356251,0.0,0.0
2005-04-04 00:00:00+09:00,2129.4346926076196,2163.9039592145778,2052.8363223699357,2079.645751953125,648545,0.0,0.0
2005-04-06 00:00:00+09:00,2098.795149269517,2144.7541671367326,2052.8361314023014,2121.774658203125,447796,0.0,0.0
2005-04-07 00:00:00+09:00,2137.0940708705357,2160.0735770089286,2087.305140904018,2144.75390625,437451,0.0,0.0
2005-04-08 00:00:00+09:00,2167.7335821992606,2194.5430081275204,2117.944648332493,2137.09423828125,544606,0.0,0.0
2005-04-11 00:00:00+09:00,2114.114762190934,2156.2438607128547,2060.4959095266713,2091.13525390625,379573,0.0,0.0
2005-04-12 00:00:00+09:00,2056.666023854459,2094.9652049318233,2010.7070065616222,2045.17626953125,340309,0.0,0.0
2005-04-13 00:00:00+09:00,2079.6453517156197,2248.1617338067563,2060.495762841627,2198.372802734375,1326782,0.0,0.0
2005-04-14 00:00:00+09:00,2167.733103156307,2198.3724403033925,2068.1552574282787,2102.62451171875,464204,0.0,0.0
2005-04-15 00:00:00+09:00,2056.665806562051,2091.1350658899064,1987.7272879063398,1999.217041015625,408510,0.0,0.0
2005-04-18 00:00:00+09:00,1914.9589466734346,2117.9445950208187,1914.9589466734346,2033.6864013671875,693895,0.0,0.0
2005-04-19 00:00:00+09:00,2087.305704370896,2102.625379265361,2037.5167609638838,2041.3466796875,291156,0.0,0.0
2005-04-20 00:00:00+09:00,2049.0061741020845,2079.6455187615547,1995.3873209480112,2006.8770751953125,434640,0.0,0.0
2005-04-21 00:00:00+09:00,1976.2376787509138,2003.0471046254415,1945.5983348943105,1964.7479248046875,271723,0.0,0.0
2005-04-22 00:00:00+09:00,2029.8565304999695,2029.8565304999695,1945.5983348943105,1964.7479248046875,228155,0.0,0.0
2005-04-25 00:00:00+09:00,1930.278837429257,1972.407939039816,1930.278837429257,1945.5985107421875,202502,0.0,0.0
2005-04-26 00:00:00+09:00,1949.4281108753892,2029.8563826403856,1949.4281108753892,1999.217041015625,512326,0.0,0.0
2005-04-27 00:00:00+09:00,1983.8971392017927,2006.8766427446706,1957.0877184017686,1976.2373046875,155480,0.0,0.0
2005-04-28 00:00:00+09:00,1999.217030463378,2045.1760426579385,1907.2990060742572,1949.4281005859375,418821,0.0,0.0
2005-04-29 00:00:00+09:00,1899.6395345052083,1941.768637084961,1803.8915740966797,1838.36083984375,258535,0.0,0.0
2005-05-02 00:00:00+09:00,1853.680691078061,1895.8097976934716,1838.3610159451846,1869.0003662109375,174227,0.0,0.0
2005-05-03 00:00:00+09:00,1853.6803199783606,1960.9180244399186,1853.6803199783606,1880.48974609375,326346,0.0,0.0
2005-05-04 00:00:00+09:00,1914.9588552668365,1926.4486083984375,1868.9998427404323,1926.4486083984375,216015,0.0,0.0
2005-05-06 00:00:00+09:00,1945.5983858763716,2071.985682596687,1941.7684677939378,2006.8770751953125,559351,0.0,0.0
2005-05-09 00:00:00+09:00,2029.8563826403856,2045.176053452766,1957.0879462815792,1999.217041015625,240393,0.0,0.0
2005-05-10 00:00:00+09:00,2003.0470582204125,2033.6864013671875,1964.7478792869438,2033.6864013671875,292068,0.0,0.0
2005-05-11 00:00:00+09:00,2045.1762172487452,2179.223347592764,2003.047119140625,2003.047119140625,939078,0.0,0.0
2005-05-12 00:00:00+09:00,2006.877011995789,2259.6515974761746,1976.237668301197,2160.07373046875,1434020,0.0,0.0
2005-05-13 00:00:00+09:00,2156.243804770172,2267.31142526455,2091.135199652778,2171.5634765625,1045808,0.0,0.0
2005-05-16 00:00:00+09:00,2236.6716855664718,2320.929865502195,2183.052843789193,2290.29052734375,771688,0.0,0.0
2005-05-17 00:00:00+09:00,2328.5900070775265,2336.2498426271236,2198.372802734375,2198.372802734375,468138,0.0,0.0
2005-05-18 00:00:00+09:00,2198.37291008699,2248.1618435907026,2160.07373046875,2160.07373046875,476259,0.0,0.0
2005-05-19 00:00:00+09:00,2198.373500509231,2351.5702601265984,2175.3939865666252,2320.930908203125,1052262,0.0,0.0
2005-05-20 00:00:00+09:00,2428.1681202855602,2466.4673019935344,2194.543111866918,2221.3525390625,1025461,0.0,0.0
2005-05-23 00:00:00+09:00,2297.9504632449402,2554.554931640625,2259.6512888575244,2554.554931640625,2106515,0.0,0.0
2005-05-24 00:00:00+09:00,2596.6843913283765,2661.792997010651,2313.270460711415,2382.208984375,2593880,0.0,0.0
2005-05-25 00:00:00+09:00,2435.827939214939,2451.1476117886177,2320.9303949123478,2355.399658203125,859580,0.0,0.0
2005-05-26 00:00:00+09:00,2328.590804909306,2696.2630372634067,2328.590804909306,2428.168701171875,2649642,0.0,0.0
2005-05-27 00:00:00+09:00,2409.0184787585977,2504.7664310145037,2359.2295435855262,2401.358642578125,837363,0.0,0.0
2005-05-30 00:00:00+09:00,2374.5492919921876,2451.14765625,2290.291091308594,2297.950927734375,684251,0.0,0.0
2005-05-31 00:00:00+09:00,2297.950877958131,2378.3791586866655,2282.6312054384102,2366.889404296875,607703,0.0,0.0
2005-06-01 00:00:00+09:00,2320.9300438133446,2550.72509765625,2320.9300438133446,2550.72509765625,1955523,0.0,0.0
2005-06-02 00:00:00+09:00,2929.887939453125,2929.887939453125,2929.887939453125,2929.887939453125,698122,0.0,0.0
2005-06-03 00:00:00+09:00,3366.498291015625,3366.498291015625,3366.498291015625,3366.498291015625,107566,0.0,0.0
2005-06-07 00:00:00+09:00,3868.217529296875,3868.217529296875,3868.217529296875,3868.217529296875,2485113,0.0,0.0
2005-06-08 00:00:00+09:00,4136.311624461207,4442.705078125,4120.991951778017,4442.705078125,9731147,0.0,0.0
2005-06-09 00:00:00+09:00,4703.138614774644,5109.10986328125,4412.064889430285,5109.10986328125,11745520,0.0,0.0
2005-06-10 00:00:00+09:00,4948.254089460521,5170.389334962618,4343.1270413686,4450.36474609375,8892639,0.0,0.0
2005-06-13 00:00:00+09:00,4404.405678506833,4764.41796875,4197.590107516077,4764.41796875,7361561,0.0,0.0
2005-06-14 00:00:00+09:00,4764.4184390625005,4894.63566328125,4427.385623437501,4787.39794921875,5992495,0.0,0.0
2005-06-15 00:00:00+09:00,5231.669342466052,5499.763671875,5178.0504765842625,5499.763671875,10385220,0.0,0.0
2005-06-16 00:00:00+09:00,5959.352467912947,5967.012303989955,5139.750007672991,5361.88525390625,12829830,0.0,0.0
2005-06-17 00:00:00+09:00,5354.225564500763,5568.700980532266,4595.901772103659,4710.79931640625,9676709,0.0,0.0
2005-06-20 00:00:00+09:00,4710.79915503933,4886.975383601776,4274.188501645441,4473.34423828125,5617755,0.0,0.0
2005-06-21 00:00:00+09:00,4481.003672660907,5139.74951171875,4481.003672660907,5139.74951171875,14062170,0.0,0.0
2005-06-22 00:00:00+09:00,5254.646764876995,5392.523793693009,4825.696008560505,5040.17138671875,12417680,0.0,0.0
2005-06-23 00:00:00+09:00,5093.79138009484,5346.565989934133,4810.37742360836,4833.35693359375,6714727,0.0,0.0
2005-06-24 00:00:00+09:00,4787.397679274644,5032.512440453506,4672.500134972053,4710.79931640625,4266930,0.0,0.0
2005-06-27 00:00:00+09:00,4672.500398437501,4848.6766429687505,4557.602847656251,4787.39794921875,3326510,0.0,0.0
2005-06-28 00:00:00+09:00,4749.0981915509265,5469.122756076389,4687.819505208334,5170.38916015625,13268800,0.0,0.0
2005-06-29 00:00:00+09:00,5254.64832659246,5691.259047606702,5116.771256798488,5193.36962890625,9591950,0.0,0.0
2005-06-30 00:00:00+09:00,5315.926120087594,5515.081853693181,4994.213011955492,5055.49169921875,6581419,0.0,0.0
2005-07-01 00:00:00+09:00,5132.089776141827,5239.327472956731,4802.716850210337,4978.89306640625,3431940,0.0,0.0
2005-07-04 00:00:00+09:00,5070.811404472055,5721.8974609375,5024.852388721553,5721.8974609375,11482800,0.0,0.0
2005-07-05 00:00:00+09:00,5859.774000214367,6579.798517887766,5783.175647270388,6281.06494140625,12616210,0.0,0.0
2005-07-06 00:00:00+09:00,6250.426723435463,6357.664436827738,5706.57831980321,5875.0947265625,7170832,0.0,0.0
2005-07-07 00:00:00+09:00,5821.4752197265625,6143.188323974609,5783.176040649414,5882.75390625,6815532,0.0,0.0
2005-07-08 00:00:00+09:00,5859.774398803711,5936.372756958008,5001.872787475586,5147.40966796875,5338741,0.0,0.0
2005-07-11 00:00:00+09:00,5017.192519679214,5323.5859559955015,4871.655637428977,5055.49169921875,4065295,0.0,0.0
2005-07-12 00:00:00+09:00,5093.791842683588,5492.103385269373,5070.812330611331,5078.47216796875,5517363,0.0,0.0
2005-07-13 00:00:00+09:00,5093.78965074434,5224.006829785925,4810.375790477362,4863.99462890625,3422993,0.0,0.0
2005-07-14 00:00:00+09:00,4932.934884263934,4963.5742313711635,4611.221739638025,4741.43896484375,3180613,0.0,0.0
2005-07-15 00:00:00+09:00,4879.315340231393,5132.089918296755,4856.335833134542,5017.1923828125,5463455,0.0,0.0
2005-07-18 00:00:00+09:00,5139.750722470491,5729.558182426122,5063.152351047682,5637.64013671875,7696802,0.0,0.0
2005-07-19 00:00:00+09:00,5591.680743434778,5829.1356791148855,5254.647931501723,5277.62744140625,7550440,0.0,0.0
2005-07-20 00:00:00+09:00,5492.102975109012,5607.000526889535,4488.664356225775,4940.5947265625,7621269,0.0,0.0
2005-07-21 00:00:00+09:00,4978.894184675581,5162.730277648217,4396.746556928897,4618.8818359375,4223548,0.0,0.0
2005-07-22 00:00:00+09:00,4595.901419370229,5185.708768189408,4572.9219122733775,5017.1923828125,8582959,0.0,0.0
2005-07-25 00:00:00+09:00,5055.491251440092,5216.347791258641,4940.593722998272,4986.552734375,4534672,0.0,0.0
2005-07-26 00:00:00+09:00,4978.8933757033765,5017.192555516479,4756.7581327873795,4764.41796875,2878373,0.0,0.0
2005-07-27 00:00:00+09:00,4802.716402610637,5109.109793526785,4802.716402610637,4932.93359375,4518830,0.0,0.0
2005-07-28 00:00:00+09:00,5040.171553938356,5668.278039383562,5009.532213184932,5591.6796875,10443130,0.0,0.0
2005-07-29 00:00:00+09:00,5438.4832112755985,5476.782388819793,4802.716864041972,4955.91357421875,5308347,0.0,0.0
2005-08-01 00:00:00+09:00,4978.8941588582875,5101.451553537876,4818.037578341327,4841.01708984375,2042105,0.0,0.0
2005-08-02 00:00:00+09:00,4986.552901893029,5300.606156850962,4894.634876051683,4978.89306640625,5849024,0.0,0.0
2005-08-03 00:00:00+09:00,4986.552734375,5185.708450340822,4902.294546850999,4986.552734375,3179103,0.0,0.0
2005-08-04 00:00:00+09:00,5269.966940395368,5308.266118741264,4595.901401507588,4795.05712890625,3346685,0.0,0.0
2005-08-05 00:00:00+09:00,4595.901664402174,4787.397567085598,4297.168056216033,4404.40576171875,1864071,0.0,0.0
2005-08-08 00:00:00+09:00,4335.465562558085,4389.084394603857,4105.670568076208,4120.990234375,1791156,0.0,0.0
2005-08-09 00:00:00+09:00,3998.4349264071134,4335.4677554529235,3998.4349264071134,4159.29150390625,2931218,0.0,0.0
2005-08-10 00:00:00+09:00,4174.610806169181,4435.045241783405,4136.311624461207,4220.56982421875,2761934,0.0,0.0
2005-08-11 00:00:00+09:00,4281.848722570083,4304.828232709099,4090.352804744945,4166.951171875,1206758,0.0,0.0
2005-08-12 00:00:00+09:00,4212.9103630726295,4358.447266524229,4105.672644739871,4159.29150390625,2288465,0.0,0.0
2005-08-16 00:00:00+09:00,4174.610737432701,4220.569754725539,4059.7131942006085,4090.3525390625,1139165,0.0,0.0
2005-08-17 00:00:00+09:00,4052.053161737351,4182.270371093749,4021.413818359375,4021.413818359375,1308855,0.0,0.0
2005-08-18 00:00:00+09:00,4059.7134465887993,4197.590507038985,3806.938835763459,3868.217529296875,2542805,0.0,0.0
2005-08-19 00:00:00+09:00,3868.2165603163817,3929.495238499612,3561.823169400233,3699.7001953125,1708475,0.0,0.0
2005-08-22 00:00:00+09:00,3715.0209023477605,3806.9389452924474,3653.7422070513026,3730.340576171875,1390593,0.0,0.0
2005-08-23 00:00:00+09:00,3753.320170756694,4052.0538170005943,3738.0004965903404,3826.088623046875,3438175,0.0,0.0
2005-08-24 00:00:00+09:00,3826.08846616745,4075.03316116333,3753.320016860962,3921.83642578125,2622817,0.0,0.0
2005-08-25 00:00:00+09:00,3967.795500837053,3990.7750114596615,3753.3200683593745,3753.320068359375,1071517,0.0,0.0
2005-08-26 00:00:00+09:00,3753.319703545123,3799.2787203232265,3309.0492080234553,3347.348388671875,1691691,0.0,0.0
2005-08-29 00:00:00+09:00,3243.9402022688355,3366.497565282534,3002.6553938356165,3075.423828125,1166336,0.0,0.0
2005-08-30 00:00:00+09:00,3148.192614684752,3190.321712934791,2987.3360577300564,3048.61474609375,1146573,0.0,0.0
2005-08-31 00:00:00+09:00,2956.6969883294755,3102.23388671875,2918.3978045428244,3102.23388671875,1239512,0.0,0.0
2005-09-01 00:00:00+09:00,3148.1928129079006,3243.9407695048562,3117.553466796875,3117.553466796875,1387338,0.0,0.0
2005-09-02 00:00:00+09:00,3163.5123344848776,3328.1988119459547,3148.192662162917,3213.30126953125,1308370,0.0,0.0
2005-09-05 00:00:00+09:00,3316.708819986979,3500.544874674479,3286.0694775390625,3446.926025390625,2364093,0.0,0.0
2005-09-06 00:00:00+09:00,3462.246069446408,3473.735824101651,3339.6886864571547,3385.647705078125,1082054,0.0,0.0
2005-09-07 00:00:00+09:00,3446.926395211528,3550.3341870678737,3366.498112656592,3496.71533203125,1675680,0.0,0.0
2005-09-08 00:00:00+09:00,3508.2048495449862,3745.659762942136,3446.9261622166896,3485.225341796875,1911702,0.0,0.0
2005-09-09 00:00:00+09:00,3523.524938911068,3561.8241230296667,3423.947060202712,3477.56591796875,718526,0.0,0.0
2005-09-12 00:00:00+09:00,3500.545348011364,3546.504367897727,3370.328125,3370.328125,710488,0.0,0.0
2005-09-13 00:00:00+09:00,3343.5180493395474,3431.6061537322275,3213.3008515416727,3232.450439453125,889258,0.0,0.0
2005-09-14 00:00:00+09:00,3224.7906589415015,3247.770164824695,3090.743541289539,3140.532470703125,762712,0.0,0.0
2005-09-15 00:00:00+09:00,3152.0228256413966,3201.811764564043,3075.4244580680943,3102.23388671875,675735,0.0,0.0
2005-09-16 00:00:00+09:00,3094.574392972418,3332.0293587698065,3086.9145553660505,3263.0908203125,1439708,0.0,0.0
2005-09-20 00:00:00+09:00,3370.328520014045,3749.490478515625,3332.0293322866123,3749.490478515625,3406943,0.0,0.0
2005-09-21 00:00:00+09:00,3799.2786723523423,4006.09424524249,3753.319656154532,3760.9794921875,4191304,0.0,0.0
2005-09-22 00:00:00+09:00,3814.598425691279,4266.5287612651455,3787.788999004694,3990.774658203125,4585779,0.0,0.0
2005-09-23 00:00:00+09:00,4036.734112936353,4128.652157253689,3814.598839169457,3860.557861328125,1897774,0.0,0.0
2005-09-26 00:00:00+09:00,3906.516460045286,4136.311545930303,3906.516460045286,3990.774658203125,2108589,0.0,0.0
2005-09-27 00:00:00+09:00,4006.094277629922,4182.2705078125,3891.196736206502,4182.2705078125,1773945,0.0,0.0
2005-09-28 00:00:00+09:00,4435.04486238896,4764.417796901438,4366.106341211929,4526.962890625,5535740,0.0,0.0
2005-09-29 00:00:00+09:00,4549.943760635829,4641.86181640625,4381.427325056724,4641.86181640625,2321876,0.0,0.0
2005-09-30 00:00:00+09:00,4795.057750284766,5009.533176815075,4657.1806903724255,4833.35693359375,5361129,0.0,0.0
2005-10-04 00:00:00+09:00,4795.057119303139,5201.028408956599,4795.057119303139,5063.1513671875,4737057,0.0,0.0
2005-10-05 00:00:00+09:00,5109.109901126757,5109.109901126757,4833.355843494728,5040.17138671875,2704956,0.0,0.0
2005-10-06 00:00:00+09:00,4963.573852970407,5024.852542513251,4335.46728515625,4335.46728515625,2510460,0.0,0.0
2005-10-07 00:00:00+09:00,4366.1065339388915,4557.6024345502465,4335.467189841074,4473.34423828125,1948439,0.0,0.0
2005-10-10 00:00:00+09:00,4557.60254297501,4955.914025722406,4549.942706768329,4779.73779296875,2980710,0.0,0.0
2005-10-11 00:00:00+09:00,4710.798701831497,4779.737219419275,4557.601996080879,4649.52001953125,1591398,0.0,0.0
2005-10-12 00:00:00+09:00,4741.438677570219,4741.438677570219,4320.1476803709265,4465.6845703125,1594582,0.0,0.0
2005-10-13 00:00:00+09:00,4389.08519119722,4733.777745479724,4389.08519119722,4580.5810546875,1979685,0.0,0.0
2005-10-14 00:00:00+09:00,4618.880996704102,4733.778533935547,4458.024444580078,4657.18017578125,1563005,0.0,0.0
2005-10-17 00:00:00+09:00,4902.294858870968,5124.4300946635585,4718.458801663306,4749.09814453125,4371662,0.0,0.0
2005-10-18 00:00:00+09:00,4795.0566093881525,4841.015618423822,4496.323050656303,4549.94189453125,1758554,0.0,0.0
2005-10-19 00:00:00+09:00,4496.324353479456,4549.943212890625,3990.77510760272,4136.31201171875,1811531,0.0,0.0
2005-10-20 00:00:00+09:00,4159.290625561242,4327.807004497426,3998.43408203125,3998.43408203125,1335260,0.0,0.0
2005-10-21 00:00:00+09:00,3845.237492629717,4266.5284529775945,3776.2989718455187,4059.712890625,1981642,0.0,0.0
2005-10-24 00:00:00+09:00,4044.3932193396226,4205.249767836085,4036.733383696934,4059.712890625,932244,0.0,0.0
2005-10-25 00:00:00+09:00,4143.971327338027,4197.590180002289,4067.3729663890795,4182.2705078125,997137,0.0,0.0
2005-10-26 00:00:00+09:00,4205.250469705333,4312.488186601279,4082.693078967108,4228.22998046875,1183403,0.0,0.0
2005-10-27 00:00:00+09:00,4189.930206938244,4243.549057849702,4013.7539825148806,4021.413818359375,845260,0.0,0.0
2005-10-28 00:00:00+09:00,3914.176586082321,3975.455280189285,3822.258544921875,3822.258544921875,802631,0.0,0.0
2005-10-31 00:00:00+09:00,3906.5167309278513,3937.1560778370895,3837.578200382066,3845.238037109375,457884,0.0,0.0
2005-11-01 00:00:00+09:00,3852.8978559135207,3952.475732905322,3852.8978559135207,3868.217529296875,714487,0.0,0.0
2005-11-02 00:00:00+09:00,3875.876853547071,4350.786665641771,3875.876853547071,4281.84814453125,2587744,0.0,0.0
2005-11-03 00:00:00+09:00,4320.1473024764155,4350.78664504717,4059.712890625,4059.712890625,1220708,0.0,0.0
2005-11-04 00:00:00+09:00,4136.3126642987945,4166.952017367675,4006.095413756055,4052.054443359375,692351,0.0,0.0
2005-11-07 00:00:00+09:00,4113.331598772322,4320.147154017857,4090.352092633929,4289.5078125,2408866,0.0,0.0
2005-11-08 00:00:00+09:00,4312.488058839169,4419.725772558082,4151.6314882607985,4389.08642578125,1980974,0.0,0.0
2005-11-09 00:00:00+09:00,4389.086223733836,4442.705078125,4220.56982421875,4220.56982421875,1348315,0.0,0.0
2005-11-10 00:00:00+09:00,4251.209655444379,4519.30395803997,4251.209655444379,4419.72607421875,2229859,0.0,0.0
2005-11-11 00:00:00+09:00,4458.025088102921,4465.68492502406,4189.930795863054,4228.22998046875,1024437,0.0,0.0
2005-11-14 00:00:00+09:00,4105.672012648809,4136.311356026786,3906.5162806919643,4021.413818359375,1182311,0.0,0.0
2005-11-15 00:00:00+09:00,4021.413818359375,4120.991684337798,3998.4343108258927,4021.413818359375,755531,0.0,0.0
2005-11-16 00:00:00+09:00,3990.7744749813987,4059.7129975818452,3960.1351316034225,4021.413818359375,737272,0.0,0.0
2005-11-17 00:00:00+09:00,4021.413712411557,4182.270260908019,4021.413712411557,4059.712890625,1023496,0.0,0.0
2005-11-18 00:00:00+09:00,4113.332047708918,4143.97139257081,4013.7541769077716,4090.3525390625,657730,0.0,0.0
2005-11-21 00:00:00+09:00,4136.311762482211,4251.2093114400495,4006.094540329993,4036.73388671875,1440939,0.0,0.0
2005-11-22 00:00:00+09:00,4021.4135882498204,4082.6922714993416,3883.536550938398,3998.43408203125,1287313,0.0,0.0
2005-11-23 00:00:00+09:00,4021.4141904731323,4029.0740270264146,3914.1764787271823,3960.135498046875,973918,0.0,0.0
2005-11-24 00:00:00+09:00,3944.815936088562,4166.951202392578,3921.83642578125,3921.83642578125,2126683,0.0,0.0
2005-11-25 00:00:00+09:00,3983.114822006958,4044.3935115762956,3929.4959686337875,3990.774658203125,791441,0.0,0.0
2005-11-28 00:00:00+09:00,4098.012270517149,4136.31145061544,3998.4344022615915,4006.09423828125,1025024,0.0,0.0
2005-11-29 00:00:00+09:00,3952.475048732196,3998.434060926756,3875.876695074595,3898.856201171875,831836,0.0,0.0
2005-11-30 00:00:00+09:00,3883.53724193573,3967.795446395874,3837.578221321106,3921.83642578125,1052421,0.0,0.0
2005-12-01 00:00:00+09:00,3883.5370336238575,3944.815724489717,3868.2173609073925,3875.877197265625,888456,0.0,0.0
2005-12-02 00:00:00+09:00,3891.1974837506405,3906.5171588835174,3738.0007324218755,3738.000732421875,1280247,0.0,0.0
2005-12-05 00:00:00+09:00,3944.8153884119265,4281.848159460713,3929.4957170006182,4258.86865234375,3796233,0.0,0.0
2005-12-06 00:00:00+09:00,4212.909890677182,4243.5492353366535,3975.4549695662868,4013.754150390625,1557334,0.0,0.0
2005-12-07 00:00:00+09:00,4044.393811059619,4090.3528316398424,3822.258544921875,3822.258544921875,1087261,0.0,0.0
2005-12-08 00:00:00+09:00,3715.020874892707,3891.1971225680313,3688.211445898636,3764.809814453125,766322,0.0,0.0
2005-12-09 00:00:00+09:00,3715.0200963903358,3799.2782841435187,3715.0200963903358,3722.679931640625,602277,0.0,0.0
2005-12-12 00:00:00+09:00,3760.979794034091,3921.836363636364,3760.979794034091,3791.619140625,797643,0.0,0.0
2005-12-13 00:00:00+09:00,3753.3200386974295,3810.7688147999415,3615.4429760514017,3688.21142578125,685271,0.0,0.0
2005-12-14 00:00:00+09:00,3684.380442795857,3737.9992849987075,3653.7411043942284,3703.530029296875,945439,0.0,0.0
2005-12-15 00:00:00+09:00,3692.0410484506306,3734.170147551208,3642.2521131499475,3646.08203125,633247,0.0,0.0
2005-12-16 00:00:00+09:00,3102.23388671875,3163.512580777392,3102.23388671875,3102.23388671875,2366742,0.0,0.0
2005-12-19 00:00:00+09:00,2688.6028117390424,2807.330286331507,2638.813870780912,2654.133544921875,3346189,0.0,0.0
2005-12-20 00:00:00+09:00,2749.8807954170334,2803.499641010123,2700.0918673663073,2719.241455078125,1606961,0.0,0.0
2005-12-21 00:00:00+09:00,2757.540945030121,2887.7581563232097,2757.540945030121,2860.94873046875,1361807,0.0,0.0
2005-12-22 00:00:00+09:00,2880.0981974774095,2903.077704372176,2527.745758424322,2543.0654296875,1465012,0.0,0.0
2005-12-23 00:00:00+09:00,2489.4466400146484,2638.8134384155273,2336.2499237060547,2573.704833984375,1640097,0.0,0.0
2005-12-26 00:00:00+09:00,2585.194507658173,2956.696533203125,2585.194507658173,2956.696533203125,2336337,0.0,0.0
2005-12-27 00:00:00+09:00,2918.3972934902654,3175.0017799257607,2780.520256002536,2926.05712890625,2860950,0.0,0.0
2005-12-28 00:00:00+09:00,3028.3121744791665,3099.1038876488096,2933.9232235863096,2973.251953125,766727,100.0,0.0
2005-12-29 00:00:00+09:00,2973.2516015625,2981.1173465401785,2721.5477622767858,2753.0107421875,892254,0.0,0.0
2006-01-02 00:00:00+09:00,2729.4132225730204,2819.869280381636,2674.3530134721236,2768.741943359375,545480,0.0,0.0
2006-01-03 00:00:00+09:00,2812.003869958826,2926.0571737753376,2768.7422719594592,2910.32568359375,1010076,0.0,0.0
2006-01-04 00:00:00+09:00,2949.6549280678355,2988.9836604420734,2890.6618295064786,2902.46044921875,735202,0.0,0.0
2006-01-05 00:00:00+09:00,2933.9229872700957,2945.7216051813693,2855.26553452827,2886.728515625,453912,0.0,0.0
2006-01-06 00:00:00+09:00,2910.3257913792386,3000.7818632734584,2878.8628098508148,2957.520263671875,1010294,0.0,0.0
2006-01-09 00:00:00+09:00,2965.3858537571405,2996.8488336378527,2918.191383936072,2926.05712890625,626365,0.0,0.0
2006-01-10 00:00:00+09:00,2910.3260192082525,3209.224367126938,2831.6685592296512,3044.043701171875,1962475,0.0,0.0
2006-01-11 00:00:00+09:00,3103.037090820312,3130.567204427083,2949.655029296875,2949.655029296875,643207,0.0,0.0
2006-01-12 00:00:00+09:00,3012.5806474647975,3197.4256741369195,2957.5204267539525,2985.050537109375,1668040,0.0,0.0
2006-01-13 00:00:00+09:00,2926.0571737753376,2985.050261956292,2898.527065957559,2910.32568359375,479480,0.0,0.0
2006-01-16 00:00:00+09:00,2910.32568359375,2965.385899229307,2898.527065957559,2910.32568359375,407420,0.0,0.0
2006-01-17 00:00:00+09:00,2910.3260211214993,2957.5204971396856,2874.930164107859,2878.863037109375,425237,0.0,0.0
2006-01-18 00:00:00+09:00,2870.9970831245446,2902.460064857416,2611.4274838283527,2697.95068359375,521747,0.0,0.0
2006-01-19 00:00:00+09:00,2705.8164474924583,2753.0109204138384,2560.30015598487,2607.49462890625,302446,0.0,0.0
2006-01-20 00:00:00+09:00,2603.5616668600455,2646.8232655540946,2371.5221829556003,2383.32080078125,444137,0.0,0.0
2006-01-23 00:00:00+09:00,2320.394968226336,2552.4344650489697,2163.0800551262455,2170.94580078125,1035328,0.0,0.0
2006-01-24 00:00:00+09:00,2178.8116828420316,2316.4622404223046,2037.228252188037,2288.93212890625,416854,0.0,0.0
2006-01-25 00:00:00+09:00,2328.2610377261512,2517.0389597039475,2324.328164351614,2391.18701171875,666551,0.0,0.0
2006-01-26 00:00:00+09:00,2391.186630544355,2477.7098309916832,2328.260666582661,2438.381103515625,354577,0.0,0.0
2006-01-27 00:00:00+09:00,2505.240001750442,2540.635857348172,2461.9784004643275,2501.30712890625,276315,0.0,0.0
2006-01-31 00:00:00+09:00,2517.038658405172,2808.0712532832704,2465.9113106563173,2737.279541015625,1273474,0.0,0.0
2006-02-01 00:00:00+09:00,2737.2793028661813,2823.8024992211467,2481.6425863628738,2564.23291015625,887206,0.0,0.0
2006-02-02 00:00:00+09:00,2611.427568543632,2627.159059920401,2446.246909087559,2501.30712890625,484152,0.0,0.0
2006-02-03 00:00:00+09:00,2430.515684740773,2501.307403713805,2406.9184450830953,2410.851318359375,394879,0.0,0.0
2006-02-06 00:00:00+09:00,2328.2605173008674,2493.441162109375,2328.2605173008674,2493.441162109375,383518,0.0,0.0
2006-02-07 00:00:00+09:00,2442.3144898646087,2501.3075934845265,2426.5829955659638,2430.515869140625,279726,0.0,0.0
2006-02-08 00:00:00+09:00,2410.851501267319,2509.173340633849,2406.9186276926575,2430.515869140625,310833,0.0,0.0
2006-02-09 00:00:00+09:00,2485.575637529481,2619.293314232016,2450.179781931751,2501.30712890625,824892,0.0,0.0
2006-02-10 00:00:00+09:00,2697.9508899944426,2874.93017578125,2678.286524907019,2874.93017578125,2601197,0.0,0.0
2006-02-13 00:00:00+09:00,2953.587553846035,3260.3516406635995,2855.265731148098,2985.050537109375,4093671,0.0,0.0
2006-02-14 00:00:00+09:00,2988.9831136067705,2988.9831136067705,2729.41352742513,2831.668212890625,1570413,0.0,0.0
2006-02-15 00:00:00+09:00,2886.728672623986,2945.7217653887815,2658.6220472667774,2666.48779296875,1649513,0.0,0.0
2006-02-16 00:00:00+09:00,2666.487781462859,2784.4739664833396,2615.3604346206507,2670.420654296875,795575,0.0,0.0
2006-02-17 00:00:00+09:00,2713.682028316121,2851.3325659843304,2705.8162833065094,2749.077880859375,1343041,0.0,0.0
2006-02-20 00:00:00+09:00,2792.3393081929644,2823.8022863134483,2705.816118361633,2721.547607421875,757194,0.0,0.0
2006-02-21 00:00:00+09:00,2784.4740041024033,2855.2657160711083,2697.950800585097,2741.21240234375,781613,0.0,0.0
2006-02-22 00:00:00+09:00,2741.212144978841,2831.668212890625,2741.212144978841,2831.668212890625,646482,0.0,0.0
2006-02-23 00:00:00+09:00,2894.594458246165,2973.25191635068,2808.071254331198,2819.869873046875,1367054,0.0,0.0
2006-02-24 00:00:00+09:00,2831.6686096623057,2859.1987211451333,2729.4139098689443,2780.541259765625,422892,0.0,0.0
2006-02-27 00:00:00+09:00,2804.13845008058,2878.863037109375,2764.8097200654242,2878.863037109375,587343,0.0,0.0
2006-02-28 00:00:00+09:00,2851.3326666328344,2867.0641572073605,2788.4067043347304,2800.205322265625,353719,0.0,0.0
2006-03-02 00:00:00+09:00,2800.2054288242402,2859.1985207236276,2768.7424464779006,2847.39990234375,644506,0.0,0.0
2006-03-03 00:00:00+09:00,2835.601064453125,2937.8557491629463,2753.0107421875,2753.0107421875,658159,0.0,0.0
2006-03-06 00:00:00+09:00,2713.681798022251,2784.4734971010926,2697.950309338064,2745.144775390625,279564,0.0,0.0
2006-03-07 00:00:00+09:00,2713.681792310004,2741.2118974493806,2615.3599882408007,2658.62158203125,344166,0.0,0.0
2006-03-08 00:00:00+09:00,2619.2926823402518,2697.9501202483675,2619.2926823402518,2635.024169921875,238548,0.0,0.0
2006-03-09 00:00:00+09:00,2638.9575928446156,2823.802610525237,2638.9575928446156,2697.95068359375,542855,0.0,0.0
2006-03-10 00:00:00+09:00,2768.7424088172806,2784.47389977647,2713.682190460119,2776.608154296875,333858,0.0,0.0
2006-03-13 00:00:00+09:00,2847.4001583030777,2874.93027033087,2815.9371731284577,2843.46728515625,576425,0.0,0.0
2006-03-14 00:00:00+09:00,2839.5341523131924,3091.2380106899855,2792.339678867544,3016.513427734375,1736444,0.0,0.0
2006-03-15 00:00:00+09:00,3028.3124967447916,3051.9097369791666,2902.460548828125,2949.655029296875,623379,0.0,0.0
2006-03-16 00:00:00+09:00,2949.6548601205914,2981.1178452952113,2827.7357925689403,2843.46728515625,438965,0.0,0.0
2006-03-17 00:00:00+09:00,2835.6014456064036,3024.379350445665,2835.6014456064036,2874.93017578125,986883,0.0,0.0
2006-03-20 00:00:00+09:00,2941.7887788955477,2965.3860150898972,2839.534088720034,2870.9970703125,442366,0.0,0.0
2006-03-21 00:00:00+09:00,2870.997335640229,2949.654796890646,2855.265843390145,2945.721923828125,585824,0.0,0.0
2006-03-22 00:00:00+09:00,2914.2588347536225,2926.057453517807,2756.9439178978264,2815.93701171875,587881,0.0,0.0
2006-03-23 00:00:00+09:00,2839.534236513335,2882.795838454674,2701.8836848818023,2737.279541015625,583129,0.0,0.0
2006-03-24 00:00:00+09:00,2721.5484739239173,2764.810082613459,2611.4280154414464,2678.286865234375,480632,0.0,0.0
2006-03-27 00:00:00+09:00,2682.219272798923,2717.615128305067,2662.554908628843,2670.420654296875,213441,0.0,0.0
2006-03-28 00:00:00+09:00,2627.1586586601156,2674.3531255821536,2583.8970639815807,2638.957275390625,489016,0.0,0.0
2006-03-29 00:00:00+09:00,2615.3599882408007,2753.0105139376847,2579.9641387758875,2658.62158203125,381604,0.0,0.0
2006-03-30 00:00:00+09:00,2682.219272798923,2725.4808739730993,2658.622035794827,2670.420654296875,271744,0.0,0.0
2006-03-31 00:00:00+09:00,2709.749430689318,2831.668490705819,2709.749430689318,2737.279541015625,606057,0.0,0.0
2006-04-03 00:00:00+09:00,2760.876618205326,2800.2053449603873,2729.4136368012764,2792.339599609375,395236,0.0,0.0
2006-04-04 00:00:00+09:00,2823.80282655395,2965.386255183396,2823.80282655395,2874.93017578125,993262,0.0,0.0
2006-04-05 00:00:00+09:00,2894.59444637883,2922.124556602542,2808.0712428185934,2823.802734375,491940,0.0,0.0
2006-04-06 00:00:00+09:00,2878.862751936712,2890.6613697725184,2804.1381723099394,2808.071044921875,464962,0.0,0.0
2006-04-07 00:00:00+09:00,2792.339599609375,2823.8025810134245,2768.742363556338,2792.339599609375,269697,0.0,0.0
2006-04-10 00:00:00+09:00,2800.2052327473957,2870.996938069661,2792.3394877115884,2831.668212890625,440458,0.0,0.0
2006-04-11 00:00:00+09:00,2855.265670987708,2870.9971622879157,2796.2725786119286,2839.5341796875,474603,0.0,0.0
2006-04-12 00:00:00+09:00,2878.8626831054685,2878.8626831054685,2819.869595336914,2831.668212890625,396021,0.0,0.0
2006-04-13 00:00:00+09:00,2839.5339777766044,2910.32568359375,2827.735360140414,2910.32568359375,648573,0.0,0.0
2006-04-14 00:00:00+09:00,2926.0575131275614,2926.0575131275614,2867.0644181048283,2878.863037109375,482950,0.0,0.0
2006-04-17 00:00:00+09:00,2878.86291961035,2898.5272838153387,2812.0040813133883,2835.601318359375,421676,0.0,0.0
2006-04-18 00:00:00+09:00,2831.668303414677,2847.399793989203,2800.205322265625,2800.205322265625,333004,0.0,0.0
2006-04-19 00:00:00+09:00,2812.00399237541,2831.668355958455,2690.084938160532,2697.95068359375,461346,0.0,0.0
2006-04-20 00:00:00+09:00,2697.950597127279,2725.4807052612305,2631.0917630876816,2642.890380859375,488027,0.0,0.0
2006-04-21 00:00:00+09:00,2646.8236241494455,2717.6153406943045,2646.8236241494455,2682.219482421875,371659,0.0,0.0
2006-04-24 00:00:00+09:00,2674.353677674673,2749.0782657273476,2646.823566286845,2701.8837890625,284469,0.0,0.0
2006-04-25 00:00:00+09:00,2705.816471255673,2733.346580701588,2599.62890625,2599.62890625,378155,0.0,0.0
2006-04-26 00:00:00+09:00,2524.9044482499503,2572.0989239181736,2284.9991969364814,2473.777099609375,935169,0.0,0.0
2006-04-27 00:00:00+09:00,2477.710339572395,2477.710339572395,2422.6501098041194,2434.44873046875,366769,0.0,0.0
2006-04-28 00:00:00+09:00,2434.448230768019,2461.97834000126,2406.918121534778,2438.381103515625,264507,0.0,0.0
2006-05-02 00:00:00+09:00,2430.515684740773,2438.381431293332,2383.321205425418,2410.851318359375,258930,0.0,0.0
2006-05-03 00:00:00+09:00,2406.9182361039957,2434.448346647669,2399.052490234375,2399.052490234375,296215,0.0,0.0
2006-05-04 00:00:00+09:00,2281.0665778983575,2340.059679050901,2281.0665778983575,2304.663818359375,575615,0.0,0.0
2006-05-08 00:00:00+09:00,2336.1267261100634,2461.9786709510095,2316.4623597286654,2410.851318359375,525037,0.0,0.0
2006-05-09 00:00:00+09:00,2454.112783267798,2454.112783267798,2371.522449215516,2375.455322265625,234887,0.0,0.0
2006-05-10 00:00:00+09:00,2375.455369466146,2399.052608235677,2328.2608919270833,2359.723876953125,198387,0.0,0.0
2006-05-11 00:00:00+09:00,2328.2608803036605,2379.388230715734,2328.2608803036605,2363.65673828125,139958,0.0,0.0
2006-05-12 00:00:00+09:00,2359.7237608862706,2493.4414406698256,2355.79088795146,2399.052490234375,556681,0.0,0.0
2006-05-15 00:00:00+09:00,2399.0522912154497,2465.9111255607986,2336.1263294786513,2383.32080078125,294197,0.0,0.0
2006-05-16 00:00:00+09:00,2399.0524302267468,2414.7839215724957,2336.12646484375,2336.12646484375,245383,0.0,0.0
2006-05-17 00:00:00+09:00,2359.7242533866997,2461.9789710334567,2359.7242533866997,2395.1201171875,392644,0.0,0.0
2006-05-18 00:00:00+09:00,2343.992351938359,2343.992351938359,2284.999255832528,2288.93212890625,253191,0.0,0.0
2006-05-19 00:00:00+09:00,2273.2003273477358,2312.529052734375,2226.005856883769,2312.529052734375,181120,0.0,0.0
2006-05-22 00:00:00+09:00,2288.9322973976673,2312.5295375770247,2226.0063235860475,2233.8720703125,268953,0.0,0.0
2006-05-23 00:00:00+09:00,2202.4091072217316,2320.395309394324,2202.4091072217316,2226.00634765625,209480,0.0,0.0
2006-05-24 00:00:00+09:00,2226.0062462982287,2253.536358884956,2151.2816549913978,2178.811767578125,182355,0.0,0.0
2006-05-25 00:00:00+09:00,2186.677723463687,2214.207838687151,2104.087377793296,2111.953125,192911,0.0,0.0
2006-05-26 00:00:00+09:00,2147.3487033420142,2155.214449508102,2100.154226345486,2123.75146484375,217434,0.0,0.0
2006-05-29 00:00:00+09:00,2147.3487203663794,2320.3951373922414,2119.8186085668103,2281.06640625,809517,0.0,0.0
2006-05-30 00:00:00+09:00,2296.797964378384,2312.5294572850858,2155.214528218073,2178.811767578125,285997,0.0,0.0
2006-06-01 00:00:00+09:00,2131.6166479678554,2190.6097286311724,2052.959207083433,2060.824951171875,194988,0.0,0.0
2006-06-02 00:00:00+09:00,2076.5567885315536,2104.0868974704185,2013.6308252427184,2025.429443359375,175963,0.0,0.0
2006-06-05 00:00:00+09:00,2005.765577043806,2064.7586822509766,1978.2354612804595,1982.1683349609375,132994,0.0,0.0
2006-06-07 00:00:00+09:00,1887.778832641863,1923.1746857538978,1809.1213812817853,1836.6514892578125,193296,0.0,0.0
2006-06-08 00:00:00+09:00,1809.1218614878146,1895.6450809502753,1761.9273781446543,1875.980712890625,197292,0.0,0.0
2006-06-09 00:00:00+09:00,1887.7789897303428,2005.765176588489,1887.7789897303428,1950.7049560546875,141417,0.0,0.0
2006-06-12 00:00:00+09:00,1923.1751223674412,1982.168224280553,1887.7792612195742,1938.9066162109375,93933,0.0,0.0
2006-06-13 00:00:00+09:00,1923.174921915775,1923.174921915775,1848.4503339476773,1883.84619140625,124225,0.0,0.0
2006-06-14 00:00:00+09:00,1848.4499109012565,1915.30873746577,1844.517038750403,1907.4429931640625,137797,0.0,0.0
2006-06-15 00:00:00+09:00,1934.9734644736013,1974.3021934263168,1927.1077186830582,1950.7049560546875,137815,0.0,0.0
2006-06-16 00:00:00+09:00,1986.1006406421998,2072.6238368681966,1986.1006406421998,2009.6978759765625,213110,0.0,0.0
2006-06-19 00:00:00+09:00,1982.167668721762,1982.167668721762,1931.0403280602882,1958.5704345703125,63198,0.0,0.0
2006-06-20 00:00:00+09:00,1927.1073539183312,1966.4360754268687,1907.4429931640625,1907.4429931640625,66983,0.0,0.0
2006-06-21 00:00:00+09:00,1942.839012352196,1966.4362473200365,1891.711669921875,1891.711669921875,66372,0.0,0.0
2006-06-22 00:00:00+09:00,1915.3089487044538,1982.1677826428024,1899.5774583660188,1919.2418212890625,86714,0.0,0.0
2006-06-23 00:00:00+09:00,1887.778983410494,1931.040585113651,1883.8461105283886,1911.376220703125,53275,0.0,0.0
2006-06-26 00:00:00+09:00,1911.376076119845,1931.0404390428887,1891.7117131968014,1919.2418212890625,49780,0.0,0.0
2006-06-27 00:00:00+09:00,1919.2419568159448,2005.7651597871554,1919.2419568159448,1997.8994140625,125128,0.0,0.0
2006-06-28 00:00:00+09:00,1966.4364085477941,2025.4295008042282,1934.9734260110295,2005.76513671875,120833,0.0,0.0
2006-06-29 00:00:00+09:00,2045.0938677024483,2186.6772893126176,2033.295249234934,2088.35546875,400781,0.0,0.0
2006-06-30 00:00:00+09:00,2147.3487998560854,2147.3487998560854,2088.3557009589404,2092.28857421875,155800,0.0,0.0
2006-07-03 00:00:00+09:00,2092.2884114583335,2108.0199032738096,2052.9596819196427,2064.75830078125,79584,0.0,0.0
2006-07-04 00:00:00+09:00,2076.556417835076,2111.952265866356,2060.824929821174,2068.690673828125,108579,0.0,0.0
2006-07-05 00:00:00+09:00,2005.764992237091,2041.160845041275,1997.8992471694946,2013.6307373046875,125716,0.0,0.0
2006-07-06 00:00:00+09:00,2029.362047037117,2037.227791405478,1982.1675808269515,1990.0333251953125,63677,0.0,0.0
2006-07-07 00:00:00+09:00,1993.966385753654,2037.2279838666525,1990.0335131979268,2009.6978759765625,69097,0.0,0.0
2006-07-10 00:00:00+09:00,1986.1009441050448,2029.362548828125,1982.1680709484012,2029.362548828125,56567,0.0,0.0
2006-07-11 00:00:00+09:00,2029.362490253119,2068.691220684381,2021.4967441668664,2049.02685546875,93274,0.0,0.0
2006-07-12 00:00:00+09:00,2064.757844771462,2080.4893331125777,2021.4962518333932,2052.959228515625,112520,0.0,0.0
2006-07-13 00:00:00+09:00,2029.3623764124295,2096.2212143950096,2029.3623764124295,2088.35546875,154790,0.0,0.0
2006-07-14 00:00:00+09:00,2029.361974818106,2119.818031835192,2017.5633586854426,2060.824951171875,172493,0.0,0.0
2006-07-18 00:00:00+09:00,2017.56408542842,2056.892820037161,1938.9066162109377,1938.9066162109375,103186,0.0,0.0
2006-07-19 00:00:00+09:00,1954.6378289499592,1990.033685007403,1934.9734644736013,1950.7049560546875,106828,0.0,0.0
2006-07-20 00:00:00+09:00,1986.1006420898439,2001.832132324219,1950.7047890625001,1966.436279296875,68478,0.0,0.0
2006-07-21 00:00:00+09:00,1958.570078675176,1966.4358219630283,1927.1071055237676,1954.63720703125,71292,0.0,0.0
2006-07-24 00:00:00+09:00,1942.839012352196,1942.839012352196,1887.7787974272348,1891.711669921875,98139,0.0,0.0
2006-07-25 00:00:00+09:00,1911.3760323950753,1931.0403948682758,1891.711669921875,1891.711669921875,77695,0.0,0.0
2006-07-26 00:00:00+09:00,1911.376314681943,1915.3091877574202,1872.0475839271705,1879.913330078125,46774,0.0,0.0
2006-07-27 00:00:00+09:00,1883.846003922732,1911.376112539557,1856.3158953059071,1864.181640625,96375,0.0,0.0
2006-07-28 00:00:00+09:00,1883.8464601144851,1887.7793337264152,1832.7191031593948,1875.980712890625,58682,0.0,0.0
2006-07-31 00:00:00+09:00,1907.4432945251465,1907.4432945251465,1868.1145668029785,1887.7789306640625,74680,0.0,0.0
2006-08-01 00:00:00+09:00,1887.7793337264152,1903.5108281741354,1872.0478392786952,1875.980712890625,53107,0.0,0.0
2006-08-02 00:00:00+09:00,1856.3161266447369,1887.7791118421053,1856.3161266447369,1868.11474609375,55316,0.0,0.0
2006-08-03 00:00:00+09:00,1887.7789306640625,1887.7789306640625,1868.1145668029785,1887.7789306640625,64943,0.0,0.0
2006-08-04 00:00:00+09:00,1903.5104217529297,1907.4432945251465,1872.0474395751953,1887.7789306640625,74985,0.0,0.0
2006-08-07 00:00:00+09:00,1887.7793337264152,1907.4437017860653,1875.9807128906252,1875.980712890625,34193,0.0,0.0
2006-08-08 00:00:00+09:00,1879.913185119629,1907.4432945251465,1875.980312347412,1887.7789306640625,68742,0.0,0.0
2006-08-09 00:00:00+09:00,1895.6445857814101,1919.2418212890625,1868.114477689149,1919.2418212890625,109609,0.0,0.0
2006-08-10 00:00:00+09:00,1919.2417109845633,1970.3690516460374,1911.3759662674136,1958.5704345703125,157156,0.0,0.0
2006-08-11 00:00:00+09:00,1982.1675891953441,1997.8990779984817,1942.8388671875,1942.8388671875,89132,0.0,0.0
2006-08-14 00:00:00+09:00,1942.8390439453126,1990.0335146484376,1927.1075537109375,1966.436279296875,115918,0.0,0.0
2006-08-16 00:00:00+09:00,1990.0332502398576,2064.7578189247533,1990.0332502398576,2017.5633544921875,212536,0.0,0.0
2006-08-17 00:00:00+09:00,2025.4294547589373,2052.959563852748,2005.7650911205008,2021.49658203125,106899,0.0,0.0
2006-08-18 00:00:00+09:00,2037.2276978003208,2131.6166258837334,2021.4962097864186,2068.690673828125,269197,0.0,0.0
2006-08-21 00:00:00+09:00,2108.01984924434,2108.01984924434,2033.295265036052,2041.1610107421875,93273,0.0,0.0
2006-08-22 00:00:00+09:00,2009.697963848188,2049.0266911250606,2005.7650911205008,2021.49658203125,128278,0.0,0.0
2006-08-23 00:00:00+09:00,2013.631284916201,2174.879102653631,2013.631284916201,2111.953125,322684,0.0,0.0
2006-08-24 00:00:00+09:00,2139.4825204439253,2210.274221488026,2100.153797641647,2104.086669921875,242207,0.0,0.0
2006-08-25 00:00:00+09:00,2115.8852867625583,2123.751031323014,2072.6236916800526,2104.086669921875,127712,0.0,0.0
2006-08-28 00:00:00+09:00,2123.7515602972276,2135.5501800766565,2076.5570811795114,2092.28857421875,127142,0.0,0.0
2006-08-29 00:00:00+09:00,2104.0866919082728,2127.683925836216,2092.288074944301,2096.220947265625,120287,0.0,0.0
2006-08-30 00:00:00+09:00,2100.1540898862095,2198.4759105737658,2076.5568529211955,2170.94580078125,328691,0.0,0.0
2006-08-31 00:00:00+09:00,2249.6030673920545,2493.441162109375,2233.871577410292,2493.441162109375,1013082,0.0,0.0
2006-09-01 00:00:00+09:00,2627.159220442917,2701.8838090483296,2450.179931640625,2450.179931640625,3000759,0.0,0.0
2006-09-04 00:00:00+09:00,2509.1728745946343,2595.6960771668632,2465.91127330852,2501.30712890625,1396271,0.0,0.0
2006-09-05 00:00:00+09:00,2556.367772338475,2556.367772338475,2387.254212014545,2446.247314453125,893449,0.0,0.0
2006-09-06 00:00:00+09:00,2454.112783267798,2532.770244269971,2363.656703115299,2375.455322265625,1196814,0.0,0.0
2006-09-07 00:00:00+09:00,2395.1193623893973,2430.515215035546,2336.1262746458165,2402.985107421875,547890,0.0,0.0
2006-09-08 00:00:00+09:00,2465.9111255607986,2540.6357051232467,2383.32080078125,2383.32080078125,1307105,0.0,0.0
2006-09-11 00:00:00+09:00,2422.6499262011403,2532.7703773921007,2387.2540668897595,2414.7841796875,1286121,0.0,0.0
2006-09-12 00:00:00+09:00,2454.1129857113488,2485.575972707648,2375.4555182206004,2391.18701171875,464360,0.0,0.0
2006-09-13 00:00:00+09:00,2406.9183544921875,2414.7841007486977,2343.992384440104,2359.723876953125,412674,0.0,0.0
2006-09-14 00:00:00+09:00,2359.7235988028606,2379.387962126218,2320.3948721561464,2371.522216796875,364084,0.0,0.0
2006-09-15 00:00:00+09:00,2406.9183277111756,2450.179931640625,2367.589596866222,2450.179931640625,417910,0.0,0.0
2006-09-18 00:00:00+09:00,2454.112688832938,2595.6961131886846,2454.112688832938,2489.508544921875,1344101,0.0,0.0
2006-09-19 00:00:00+09:00,2485.5758133303143,2528.837417676253,2434.448462739659,2442.314208984375,370363,0.0,0.0
2006-09-20 00:00:00+09:00,2450.1800389988803,2485.5758983102605,2406.9184331738597,2414.7841796875,355150,0.0,0.0
2006-09-21 00:00:00+09:00,2446.247177845891,2461.9786709510095,2406.9184450830953,2410.851318359375,330783,0.0,0.0
2006-09-22 00:00:00+09:00,2387.2539313329407,2414.784042567423,2296.7978515625,2296.7978515625,324684,0.0,0.0
2006-09-25 00:00:00+09:00,2265.334682642487,2300.730537058776,2261.4018099295663,2277.13330078125,172103,0.0,0.0
2006-09-26 00:00:00+09:00,2300.7307385210465,2300.7307385210465,2210.274658203125,2210.274658203125,219679,0.0,0.0
2006-09-27 00:00:00+09:00,2226.0063235860475,2241.7378170389525,2198.476210043464,2233.8720703125,187795,0.0,0.0
2006-09-28 00:00:00+09:00,2237.8048251986916,2288.9321762137756,2237.8048251986916,2273.20068359375,142911,0.0,0.0
2006-09-29 00:00:00+09:00,2257.468783350208,2288.931762909096,2233.871548681042,2245.670166015625,134600,0.0,0.0
2006-10-02 00:00:00+09:00,2245.670456659226,2257.4690755208335,2226.006091889881,2229.93896484375,61961,0.0,0.0
2006-10-04 00:00:00+09:00,2202.409006938177,2218.140499844878,2163.0802746714235,2178.811767578125,129339,0.0,0.0
2006-10-09 00:00:00+09:00,2159.1469741726514,2174.878463966259,1864.1815405425077,1899.577392578125,471125,0.0,0.0
2006-10-10 00:00:00+09:00,1895.6448691793007,2013.6310643564357,1895.6448691793007,1986.1009521484375,168599,0.0,0.0
2006-10-11 00:00:00+09:00,1950.704939714567,2013.630905511811,1907.4433382289617,1997.8994140625,145217,0.0,0.0
2006-10-12 00:00:00+09:00,1982.16796875,2064.75830078125,1982.16796875,2064.75830078125,179612,0.0,0.0
2006-10-13 00:00:00+09:00,2088.354991063532,2100.1536068322525,2060.824887603184,2084.422119140625,116901,0.0,0.0
2006-10-16 00:00:00+09:00,2104.087293288287,2139.483154296875,2084.4229260612938,2139.483154296875,143856,0.0,0.0
2006-10-17 00:00:00+09:00,2131.617306816847,2131.617306816847,2029.362602061795,2092.28857421875,128049,0.0,0.0
2006-10-18 00:00:00+09:00,2084.422561702657,2104.0869254923045,2060.8253251550796,2100.154052734375,71442,0.0,0.0
2006-10-19 00:00:00+09:00,2104.0868856740553,2340.0592466842295,2084.4225222565406,2198.475830078125,848781,0.0,0.0
2006-10-20 00:00:00+09:00,2206.3418681376693,2241.7377269847975,2163.0802628800675,2182.74462890625,194585,0.0,0.0
2006-10-23 00:00:00+09:00,2198.4761166042754,2265.3349609375,2182.744623819987,2265.3349609375,236119,0.0,0.0
2006-10-24 00:00:00+09:00,2281.066277754934,2304.6635151110195,2237.804675935444,2241.737548828125,146434,0.0,0.0
2006-10-25 00:00:00+09:00,2253.5361675061677,2253.5361675061677,2206.3416927939966,2241.737548828125,107429,0.0,0.0
2006-10-26 00:00:00+09:00,2226.006126890791,2249.6033649850397,2194.543142765126,2218.140380859375,95647,0.0,0.0
2006-10-27 00:00:00+09:00,2218.140499844878,2237.804865978255,2174.8788943514496,2178.811767578125,65963,0.0,0.0
2006-10-30 00:00:00+09:00,2147.348829012784,2186.6775621448865,2147.348829012784,2163.080322265625,34617,0.0,0.0
2006-10-31 00:00:00+09:00,2170.945974042339,2202.4089591733873,2170.945974042339,2194.543212890625,59100,0.0,0.0
2006-11-01 00:00:00+09:00,2226.006275950612,2261.402135462194,2206.3419095552886,2249.603515625,142267,0.0,0.0
2006-11-02 00:00:00+09:00,2218.1405649302505,2261.4021716930747,2218.1405649302505,2237.804931640625,90064,0.0,0.0
2006-11-03 00:00:00+09:00,2245.6705482219827,2304.663644935345,2233.8719288793104,2281.06640625,236047,0.0,0.0
2006-11-06 00:00:00+09:00,2281.066231013175,2281.066231013175,2233.871757268075,2257.468994140625,67837,0.0,0.0
2006-11-07 00:00:00+09:00,2269.2677869073277,2304.663644935345,2253.536294450431,2281.06640625,154957,0.0,0.0
2006-11-08 00:00:00+09:00,2281.0661096386543,2296.7976000499557,2214.207275390625,2214.207275390625,116897,0.0,0.0
2006-11-09 00:00:00+09:00,2261.4021234695406,2296.797982793412,2233.8720106620854,2253.536376953125,175229,0.0,0.0
2006-11-10 00:00:00+09:00,2241.7376071626104,2257.469099142699,2218.140369192478,2222.0732421875,80121,0.0,0.0
2006-11-13 00:00:00+09:00,2233.8720049728754,2233.8720049728754,2167.0131597536165,2174.87890625,205953,0.0,0.0
2006-11-14 00:00:00+09:00,2174.8788471837197,2226.0061980216733,2174.8788471837197,2194.543212890625,136652,0.0,0.0
2006-11-15 00:00:00+09:00,2198.4765498570036,2214.20804574149,2190.61080191476,2202.409423828125,100971,0.0,0.0
2006-11-16 00:00:00+09:00,2206.3418323147685,2210.274705456149,2170.945974042339,2194.543212890625,128003,0.0,0.0
2006-11-17 00:00:00+09:00,2194.543142765126,2277.1334760949967,2186.67739673371,2218.140380859375,246187,0.0,0.0
2006-11-20 00:00:00+09:00,2202.4089949324325,2222.073360958615,2182.74462890625,2182.74462890625,85436,0.0,0.0
2006-11-21 00:00:00+09:00,2186.677292091259,2214.2074018837748,2155.214309471241,2170.94580078125,101233,0.0,0.0
2006-11-22 00:00:00+09:00,2186.677466607863,2214.2075785975303,2178.811720325101,2194.543212890625,77137,0.0,0.0
2006-11-23 00:00:00+09:00,2194.543231931055,2324.3280467226764,2190.6103587555513,2269.267822265625,464489,0.0,0.0
2006-11-24 00:00:00+09:00,2284.999451308527,2328.2610588203925,2253.5364640271705,2304.663818359375,311431,0.0,0.0
2006-11-27 00:00:00+09:00,2391.1866377508363,2434.448238104881,2336.1264191184155,2351.85791015625,484223,0.0,0.0
2006-11-28 00:00:00+09:00,2312.5294459810193,2343.992431640625,2261.4020942841603,2343.992431640625,232251,0.0,0.0
2006-11-29 00:00:00+09:00,2340.059384103549,2406.9182236493643,2304.663527873411,2320.39501953125,226051,0.0,0.0
2006-11-30 00:00:00+09:00,2336.1264191184155,2383.320892231919,2320.394928080581,2351.85791015625,248945,0.0,0.0
2006-12-04 00:00:00+09:00,2383.321163715132,2383.321163715132,2343.992431640625,2343.992431640625,226507,0.0,0.0
2006-12-05 00:00:00+09:00,2359.723868534483,2395.1197265625,2257.469167564655,2281.06640625,374824,0.0,0.0
2006-12-06 00:00:00+09:00,2288.932152478448,2316.4622642780173,2226.0061826508622,2281.06640625,235415,0.0,0.0
2006-12-07 00:00:00+09:00,2265.3350087412587,2304.6637415319055,2241.7377690668704,2249.603515625,147606,0.0,0.0
2006-12-08 00:00:00+09:00,2241.7376071626104,2249.6033531526546,2202.408877212389,2222.0732421875,122327,0.0,0.0
2006-12-11 00:00:00+09:00,2186.677328330592,2265.3347861842103,2186.677328330592,2241.737548828125,86534,0.0,0.0
2006-12-12 00:00:00+09:00,2241.7377269847975,2241.7377269847975,2182.74462890625,2182.74462890625,85666,0.0,0.0
2006-12-13 00:00:00+09:00,2190.610107421875,2214.2073437675326,2178.811489249046,2190.610107421875,78836,0.0,0.0
2006-12-14 00:00:00+09:00,2202.409071561951,2257.469298351,2190.610451535726,2237.804931640625,109406,0.0,0.0
2006-12-15 00:00:00+09:00,2249.603468153212,2277.1335805257163,2237.8048485649956,2265.3349609375,96509,0.0,0.0
2006-12-18 00:00:00+09:00,2328.260950630252,2442.314274225315,2320.39520417542,2340.0595703125,667959,0.0,0.0
2006-12-19 00:00:00+09:00,2324.328185410223,2336.1268056407316,2281.0665778983575,2304.663818359375,245011,0.0,0.0
2006-12-20 00:00:00+09:00,2304.663644935345,2328.2608836206896,2281.06640625,2281.06640625,243285,0.0,0.0
2006-12-21 00:00:00+09:00,2281.066453721788,2296.7979465060766,2261.402087741428,2265.3349609375,175270,0.0,0.0
2006-12-22 00:00:00+09:00,2257.4692621831296,2281.0665018575173,2245.6706423459354,2249.603515625,159893,0.0,0.0
2006-12-26 00:00:00+09:00,2241.7378412792623,2273.200828525287,2202.4091072217316,2226.00634765625,193940,0.0,0.0
2006-12-27 00:00:00+09:00,2270.0454616921957,2274.0490692084077,2238.0166015625,2238.0166015625,99654,50.0,0.0
2006-12-28 00:00:00+09:00,2242.020506096221,2282.056586562225,2238.016898049621,2278.052978515625,83571,0.0,0.0
2007-01-02 00:00:00+09:00,2302.074625087857,2414.1756503095266,2302.074625087857,2314.08544921875,483741,0.0,0.0
2007-01-03 00:00:00+09:00,2322.092445035951,2326.0960526998065,2246.0238994227043,2262.038330078125,143427,0.0,0.0
2007-01-04 00:00:00+09:00,2266.042154375824,2290.063802655426,2246.024114142822,2278.052978515625,134449,0.0,0.0
2007-01-05 00:00:00+09:00,2282.056812183277,2286.060420625704,2177.9629926801804,2222.002685546875,179167,0.0,0.0
2007-01-08 00:00:00+09:00,2197.980877449499,2254.0313916285395,2173.959228515625,2173.959228515625,107950,0.0,0.0
2007-01-09 00:00:00+09:00,2193.97713231078,2193.97713231078,2161.948269065367,2181.96630859375,85696,0.0,0.0
2007-01-10 00:00:00+09:00,2193.97713231078,2222.002387650516,2145.9338374426607,2181.96630859375,128083,0.0,0.0
2007-01-11 00:00:00+09:00,2169.9555122530614,2193.97715999018,2157.944688384502,2165.951904296875,78599,0.0,0.0
2007-01-12 00:00:00+09:00,2205.988251777168,2226.006293989302,2181.9666011226072,2222.002685546875,100829,0.0,0.0
2007-01-15 00:00:00+09:00,2226.00634765625,2238.0171732731,2193.977479344649,2226.00634765625,105381,0.0,0.0
2007-01-16 00:00:00+09:00,2226.0057246163756,2274.0490136368726,2213.994902361251,2234.012939453125,156117,0.0,0.0
2007-01-17 00:00:00+09:00,2238.0169590059563,2238.0169590059563,2169.955620359979,2173.959228515625,100033,0.0,0.0
2007-01-18 00:00:00+09:00,2185.9699968452246,2294.0674142716366,2185.9699968452246,2205.988037109375,271830,0.0,0.0
2007-01-19 00:00:00+09:00,2217.9993171405076,2217.9993171405076,2093.887441993656,2129.919921875,126326,0.0,0.0
2007-01-22 00:00:00+09:00,2113.9052544382293,2125.916079747538,2041.840302582381,2057.854736328125,130472,0.0,0.0
2007-01-23 00:00:00+09:00,2041.840302582381,2089.883603819613,2037.8366941459449,2057.854736328125,80818,0.0,0.0
2007-01-24 00:00:00+09:00,2061.8580727595618,2089.883328117459,2053.85085694302,2073.868896484375,88865,0.0,0.0
2007-01-25 00:00:00+09:00,2065.8623046875,2113.9056140988373,2061.8586955698884,2065.8623046875,70501,0.0,0.0
2007-01-26 00:00:00+09:00,2065.8623046875,2065.8623046875,2025.8262135113857,2065.8623046875,70501,0.0,0.0
2007-01-29 00:00:00+09:00,2065.861502099225,2081.8759323480563,2033.8326416015627,2033.8326416015625,66510,0.0,0.0
2007-01-30 00:00:00+09:00,2065.861502099225,2073.8687172236405,2017.8182113527314,2033.8326416015625,67986,0.0,0.0
2007-01-31 00:00:00+09:00,2033.83303687686,2049.8474702380954,2013.8149951753162,2017.818603515625,93481,0.0,0.0
2007-02-01 00:00:00+09:00,2021.8218189149393,2045.843464288186,2001.8037811039003,2033.8326416015625,84324,0.0,0.0
2007-02-02 00:00:00+09:00,2033.8328718596815,2065.861735983456,2033.8328718596815,2041.840087890625,90060,0.0,0.0
2007-02-05 00:00:00+09:00,2057.8543306790866,2101.8940147986777,2041.8399000901443,2081.8759765625,153503,0.0,0.0
2007-02-06 00:00:00+09:00,2085.8790725824488,2097.889892578125,2073.8682525867725,2097.889892578125,57828,0.0,0.0
2007-02-07 00:00:00+09:00,2101.893878805226,2101.893878805226,2085.8794492524244,2089.883056640625,55065,0.0,0.0
2007-02-08 00:00:00+09:00,2081.8761390117115,2097.890570850263,2081.8761390117115,2093.886962890625,70510,0.0,0.0
2007-02-09 00:00:00+09:00,2093.8869892467155,2121.912245316939,2085.879773226651,2113.905029296875,62452,0.0,0.0
2007-02-12 00:00:00+09:00,2089.8839593931684,2089.8839593931684,2049.8478682170544,2065.8623046875,68301,0.0,0.0
2007-02-13 00:00:00+09:00,2065.862178903081,2065.862178903081,1953.7611304354716,1973.7791748046875,186314,0.0,0.0
2007-02-14 00:00:00+09:00,1977.7824026396781,2001.804051254735,1953.7607540246213,1981.7860107421875,139457,0.0,0.0
2007-02-15 00:00:00+09:00,2001.804051254735,2001.804051254735,1973.7787945371688,1981.7860107421875,57999,0.0,0.0
2007-02-16 00:00:00+09:00,1981.7863389922352,1981.7863389922352,1957.76468639839,1969.7755126953125,70772,0.0,0.0
2007-02-20 00:00:00+09:00,1965.7719039296717,1997.8007740547987,1965.7719039296717,1969.7755126953125,107740,0.0,0.0
2007-02-21 00:00:00+09:00,1993.7967529296875,2005.807576742517,1973.7787132416386,1993.7967529296875,114976,0.0,0.0
2007-02-22 00:00:00+09:00,2021.822172305779,2021.822172305779,1993.7969144718377,2005.8077392578125,121572,0.0,0.0
2007-02-23 00:00:00+09:00,2021.822426648644,2021.822426648644,1965.7719039296717,1969.7755126953125,144589,0.0,0.0
2007-02-26 00:00:00+09:00,1969.77533203125,2109.9016259765626,1965.7717236328124,2001.80419921875,223781,0.0,0.0
2007-02-27 00:00:00+09:00,2025.8260040283203,2025.8260040283203,1985.7899169921875,1985.7899169921875,134521,0.0,0.0
2007-02-28 00:00:00+09:00,1921.7317978475103,1945.7534453206042,1905.717366198781,1929.739013671875,192475,0.0,0.0
2007-03-05 00:00:00+09:00,1997.8007740547987,1997.8007740547987,1965.7719039296717,1969.7755126953125,67689,0.0,0.0
2007-03-06 00:00:00+09:00,1969.7755126953125,2001.8043828204395,1969.7755126953125,1969.7755126953125,93812,0.0,0.0
2007-03-07 00:00:00+09:00,1977.782699584961,2001.8043518066406,1977.782699584961,1985.7899169921875,86573,0.0,0.0
2007-03-08 00:00:00+09:00,1977.782146001006,2001.8037914989939,1965.771323252012,1989.79296875,105091,0.0,0.0
2007-03-09 00:00:00+09:00,2001.8043518066406,2025.8260040283203,1969.7754821777344,1985.7899169921875,63346,0.0,0.0
2007-03-12 00:00:00+09:00,2001.8037939260128,2037.836262216681,1993.7965787503088,2025.825439453125,106571,0.0,0.0
2007-03-13 00:00:00+09:00,2037.8365908067221,2049.847415506958,2009.811333172838,2013.81494140625,192639,0.0,0.0
2007-03-14 00:00:00+09:00,1989.7936103000602,1993.7972191739034,1961.768348183158,1973.7791748046875,106479,0.0,0.0
2007-03-15 00:00:00+09:00,1981.7863925523739,1993.7972191739034,1969.7755659308443,1973.7791748046875,83798,0.0,0.0
2007-03-16 00:00:00+09:00,1977.7820539132533,2029.8289500688652,1977.7820539132533,2009.8109130859375,147877,0.0,0.0
2007-03-19 00:00:00+09:00,2021.8216729164124,2073.868567466736,2017.8180656433105,2049.846923828125,155001,0.0,0.0
2007-03-20 00:00:00+09:00,2061.8577456474304,2073.868567466736,2037.8361020088196,2049.846923828125,123753,0.0,0.0
2007-03-21 00:00:00+09:00,2049.8473865877713,2061.858211118559,2005.8076966415497,2029.829345703125,120049,0.0,0.0
2007-03-22 00:00:00+09:00,2041.8401923884358,2093.887099253239,2037.836584168066,2085.8798828125,205564,0.0,0.0
2007-03-23 00:00:00+09:00,2093.8868811955995,2125.9157436230657,2065.861626571567,2069.865234375,179097,0.0,0.0
2007-03-26 00:00:00+09:00,2085.879776060815,2089.883384076287,2041.8400878906252,2041.840087890625,108192,0.0,0.0
2007-03-27 00:00:00+09:00,2065.861545973558,2097.890407151442,2049.8471153846153,2081.8759765625,260498,0.0,0.0
2007-03-28 00:00:00+09:00,2081.876168045343,2081.876168045343,2037.8364798751534,2041.840087890625,123876,0.0,0.0
2007-03-29 00:00:00+09:00,2033.8328417427217,2185.969944077807,2021.8220178741624,2165.951904296875,560288,0.0,0.0
2007-03-30 00:00:00+09:00,2189.9737939453125,2414.1758642578125,2173.9593603515623,2201.984619140625,1696947,0.0,0.0
2007-04-02 00:00:00+09:00,2222.0023600260415,2246.0240071614585,2145.9338107638887,2161.9482421875,215625,0.0,0.0
2007-04-03 00:00:00+09:00,2137.9265950520835,2165.951850043403,2053.850830078125,2053.850830078125,372801,0.0,0.0
2007-04-04 00:00:00+09:00,2061.8578134077634,2089.8830652404904,2037.8361689797118,2045.8433837890625,146054,0.0,0.0
2007-04-05 00:00:00+09:00,2049.847249034749,2089.883328117459,2049.847249034749,2073.868896484375,174254,0.0,0.0
2007-04-06 00:00:00+09:00,2089.882679247674,2109.9007125738012,2073.8682525867725,2097.889892578125,183923,0.0,0.0
2007-04-09 00:00:00+09:00,2117.9084453876203,2117.9084453876203,2061.8579383263223,2081.8759765625,137042,0.0,0.0
2007-04-10 00:00:00+09:00,2089.8831370800217,2097.8903521646193,2057.8542767416307,2077.872314453125,157470,0.0,0.0
2007-04-11 00:00:00+09:00,2077.872778510305,2081.876386946741,2049.847519455253,2057.854736328125,199719,0.0,0.0
2007-04-12 00:00:00+09:00,2069.8649704267395,2173.9587600420105,2065.8613631338444,2121.911865234375,522060,0.0,0.0
2007-04-13 00:00:00+09:00,2117.9083898761137,2137.9264275876085,2077.872314453125,2077.872314453125,216512,0.0,0.0
2007-04-16 00:00:00+09:00,2085.8795842097356,2097.890407151442,2077.8723689152644,2081.8759765625,139246,0.0,0.0
2007-04-17 00:00:00+09:00,2093.8869355579936,2121.91219090963,2085.87971974324,2109.9013671875,200861,0.0,0.0
2007-04-18 00:00:00+09:00,2109.901126690765,2145.93359375,2105.897519239739,2145.93359375,252180,0.0,0.0
2007-04-19 00:00:00+09:00,2153.940774851832,2153.940774851832,2089.883056640625,2089.883056640625,154505,0.0,0.0
2007-04-20 00:00:00+09:00,2105.897786769539,2105.897786769539,2081.8761390117115,2093.886962890625,149619,0.0,0.0
2007-04-23 00:00:00+09:00,2093.8862859128994,2109.9007125738012,2089.882679247674,2097.889892578125,128554,0.0,0.0
2007-04-24 00:00:00+09:00,2089.883328117459,2105.8977597505427,2045.843641126478,2073.868896484375,227670,0.0,0.0
2007-04-25 00:00:00+09:00,2085.879776060815,2085.879776060815,2025.8256558287378,2041.840087890625,188602,0.0,0.0
2007-04-26 00:00:00+09:00,2057.8546029416298,2057.8546029416298,2021.8221293492666,2029.829345703125,117115,0.0,0.0
2007-04-27 00:00:00+09:00,2017.8182916924504,2029.8291148572864,2001.8038608060024,2021.8218994140625,81497,0.0,0.0
2007-04-30 00:00:00+09:00,2021.8222412109374,2037.8366748046874,1977.7825488281248,2001.80419921875,86645,0.0,0.0
2007-05-02 00:00:00+09:00,2001.8038608060024,2021.8218994140625,1993.7966453627785,2021.8218994140625,113218,0.0,0.0
2007-05-03 00:00:00+09:00,2021.8221293492666,2037.8365620569837,2017.8185211723373,2029.829345703125,80750,0.0,0.0
2007-05-04 00:00:00+09:00,2029.828887462616,2053.850531101227,2029.828887462616,2049.846923828125,86543,0.0,0.0
2007-05-07 00:00:00+09:00,2057.855086452277,2073.869522922723,2041.8406499818313,2065.8623046875,111768,0.0,0.0
2007-05-08 00:00:00+09:00,2069.8651920734064,2069.8651920734064,2021.8218994140625,2021.8218994140625,68641,0.0,0.0
2007-05-09 00:00:00+09:00,2025.8257805677708,2037.8366053537457,2005.8077392578125,2005.8077392578125,120658,0.0,0.0
2007-05-10 00:00:00+09:00,2009.811304818479,2029.8293457031252,2005.8076966415497,2029.829345703125,119835,0.0,0.0
2007-05-11 00:00:00+09:00,2025.825439453125,2041.839869804533,1981.7857559867527,2025.825439453125,125300,0.0,0.0
2007-05-14 00:00:00+09:00,2041.8401702339129,2041.8401702339129,2001.8040884646205,2029.829345703125,140242,0.0,0.0
2007-05-15 00:00:00+09:00,2025.8253426722797,2029.8289500688652,2005.807305689352,2009.8109130859375,87354,0.0,0.0
2007-05-16 00:00:00+09:00,2017.8181278791085,2021.8217352756942,1989.7928761030098,2009.8109130859375,100401,0.0,0.0
2007-05-17 00:00:00+09:00,2021.8222118559338,2025.8258201962426,1997.800561814081,2017.818603515625,118144,0.0,0.0
2007-05-18 00:00:00+09:00,2025.8262135113857,2081.8767411579456,2013.8153861585513,2065.8623046875,266608,0.0,0.0
2007-05-21 00:00:00+09:00,2073.8689230924356,2093.886962890625,2045.8436673749702,2093.886962890625,179955,0.0,0.0
2007-05-22 00:00:00+09:00,2101.894178809901,2109.901394729177,2065.8617071731596,2093.886962890625,243538,0.0,0.0
2007-05-23 00:00:00+09:00,2101.8941243489585,2185.9698893229165,2093.886908637153,2161.9482421875,635203,0.0,0.0
2007-05-25 00:00:00+09:00,2161.948401409647,2302.074686686198,2161.948401409647,2209.99169921875,1101661,0.0,0.0
2007-05-28 00:00:00+09:00,2197.9806855145625,2242.020371380974,2153.9409996481504,2177.962646484375,298678,0.0,0.0
2007-05-29 00:00:00+09:00,2197.9807402164565,2242.020427178899,2173.959092782397,2181.96630859375,298678,0.0,0.0
2007-05-30 00:00:00+09:00,2213.994838169643,2246.0236965880104,2133.9226921237246,2157.9443359375,301667,0.0,0.0
2007-05-31 00:00:00+09:00,2185.969970703125,2217.998834742731,2149.937498658568,2185.969970703125,311579,0.0,0.0
2007-06-01 00:00:00+09:00,2201.983665873986,2201.983665873986,2089.882679247674,2097.889892578125,363585,0.0,0.0
2007-06-04 00:00:00+09:00,2121.91219090963,2161.9482699833966,2101.894151372747,2109.9013671875,229053,0.0,0.0
2007-06-05 00:00:00+09:00,2121.9115325694775,2149.9367792260555,2097.889892578125,2097.889892578125,163244,0.0,0.0
2007-06-07 00:00:00+09:00,2105.8978375086485,2177.9627825184502,2101.8942294525486,2169.95556640625,209938,0.0,0.0
2007-06-08 00:00:00+09:00,2161.9482152602254,2258.0348026051242,2153.9409996481504,2177.962646484375,438996,0.0,0.0
2007-06-11 00:00:00+09:00,2205.9879560278096,2226.005995556193,2177.9627006880733,2181.96630859375,260697,0.0,0.0
2007-06-12 00:00:00+09:00,2201.9842933205996,2213.995116738712,2153.9409996481504,2177.962646484375,166192,0.0,0.0
2007-06-13 00:00:00+09:00,2185.9696465163934,2201.984076161202,2153.940787226776,2197.98046875,232196,0.0,0.0
2007-06-14 00:00:00+09:00,2254.0309595568424,2354.1211442618533,2246.0237447804416,2322.09228515625,1284988,0.0,0.0
2007-06-15 00:00:00+09:00,2346.114203559028,2370.1358506944443,2290.0636935763887,2306.078125,436904,0.0,0.0
2007-06-18 00:00:00+09:00,2394.1573356119793,2406.1681583658856,2326.0960066731773,2402.16455078125,548141,0.0,0.0
2007-06-19 00:00:00+09:00,2394.1576633583118,2402.1648796237246,2322.0927169696,2354.12158203125,374673,0.0,0.0
2007-06-20 00:00:00+09:00,2354.1211442618533,2418.1788624730602,2286.059818662446,2322.09228515625,485535,0.0,0.0
2007-06-21 00:00:00+09:00,2286.0604933353893,2326.096579033032,2262.0388419168034,2282.056884765625,256851,0.0,0.0
2007-06-22 00:00:00+09:00,2310.081458738097,2366.131962069697,2274.0489923106393,2286.059814453125,323008,0.0,0.0
2007-06-25 00:00:00+09:00,2290.0634472828483,2330.099521536045,2250.0273730296517,2270.04541015625,234832,0.0,0.0
2007-06-26 00:00:00+09:00,2258.034858345555,2282.056505774763,2185.969916057931,2217.998779296875,196421,0.0,0.0
2007-06-27 00:00:00+09:00,2213.9952814356716,2258.0349705781537,2181.966416604776,2189.9736328125,171834,0.0,0.0
2007-06-28 00:00:00+09:00,2193.976918884168,2238.0166015625,2185.9697038517443,2238.0166015625,142528,0.0,0.0
2007-06-29 00:00:00+09:00,2238.0169820186265,2238.0169820186265,2201.984508247307,2230.009765625,153300,0.0,0.0
2007-07-02 00:00:00+09:00,2242.020129003559,2258.034558496441,2205.987662644573,2250.02734375,175726,0.0,0.0
2007-07-03 00:00:00+09:00,2254.031304109181,2298.0709921113144,2250.027696108987,2258.034912109375,305561,0.0,0.0
2007-07-04 00:00:00+09:00,2266.0424504865678,2290.0641019051536,2266.0424504865678,2282.056884765625,242340,0.0,0.0
2007-07-05 00:00:00+09:00,2286.06000288965,2310.0816491546902,2246.02392578125,2246.02392578125,214662,0.0,0.0
2007-07-06 00:00:00+09:00,2250.027559377851,2262.0383826485513,2181.9662275105497,2193.97705078125,271029,0.0,0.0
2007-07-09 00:00:00+09:00,2205.987901126637,2222.002332350787,2161.9482152602254,2177.962646484375,212586,0.0,0.0
2007-07-10 00:00:00+09:00,2185.9700503141985,2217.9989155202675,2185.9700503141985,2209.99169921875,111881,0.0,0.0
2007-07-11 00:00:00+09:00,2222.00227951621,2286.06000288965,2209.99145638369,2246.02392578125,235286,0.0,0.0
2007-07-12 00:00:00+09:00,2262.0388521191244,2386.1507183415897,2258.035243531303,2374.139892578125,679663,0.0,0.0
2007-07-13 00:00:00+09:00,2402.1648261786336,2442.200906614944,2298.0710170442258,2314.08544921875,411673,0.0,0.0
2007-07-16 00:00:00+09:00,2334.1031289613643,2338.106736386684,2254.030980454971,2270.04541015625,180695,0.0,0.0
2007-07-18 00:00:00+09:00,2274.049394296741,2346.114339890652,2266.0421781196396,2334.103515625,300626,0.0,0.0
2007-07-19 00:00:00+09:00,2330.100181144754,2346.1146153794257,2282.0568784407383,2318.08935546875,221702,0.0,0.0
2007-07-20 00:00:00+09:00,2338.1070427588825,2346.1142586587416,2282.056531459868,2310.081787109375,290013,0.0,0.0
2007-07-23 00:00:00+09:00,2294.0674948210294,2618.3597584868294,2294.0674948210294,2574.320068359375,1199368,0.0,0.0
2007-07-24 00:00:00+09:00,2638.377604043736,2650.388427734375,2466.222464477908,2650.388427734375,978712,0.0,0.0
2007-07-25 00:00:00+09:00,2562.309293644717,2690.4247583269525,2550.2984688307574,2614.356201171875,440142,0.0,0.0
2007-07-26 00:00:00+09:00,2642.3810159935138,2650.3882311934944,2526.276395593799,2546.29443359375,412590,0.0,0.0
2007-07-27 00:00:00+09:00,2474.229431050449,2482.236646037667,2346.113991254956,2398.160888671875,383803,0.0,0.0
2007-07-30 00:00:00+09:00,2382.1465684234117,2470.225937339908,2374.1393530673668,2442.20068359375,206342,0.0,0.0
2007-07-31 00:00:00+09:00,2458.2151174363057,2570.3161325636943,2458.2151174363057,2514.265625,427050,0.0,0.0
2007-08-01 00:00:00+09:00,2482.2370105813225,2506.2586590708192,2402.164848949667,2406.16845703125,178000,0.0,0.0
2007-08-02 00:00:00+09:00,2434.193966427365,2482.237268396326,2318.089320002375,2370.13623046875,181395,0.0,0.0
2007-08-03 00:00:00+09:00,2402.164579028926,2442.200655346074,2378.1429332386365,2422.1826171875,151822,0.0,0.0
2007-08-06 00:00:00+09:00,2362.128795834642,2410.1720933770416,2318.089106420776,2390.154052734375,158990,0.0,0.0
2007-08-07 00:00:00+09:00,2442.2013626975577,2458.2157978627874,2410.1724923670977,2438.19775390625,177584,0.0,0.0
2007-08-08 00:00:00+09:00,2470.2259931010585,2542.290932932208,2438.1971309538812,2482.23681640625,372261,0.0,0.0
2007-08-09 00:00:00+09:00,2498.25151567429,2538.28759765625,2462.2190418905266,2538.28759765625,225552,0.0,0.0
2007-08-10 00:00:00+09:00,2482.237089082792,2522.2731711647725,2422.182965959821,2466.22265625,269725,0.0,0.0
2007-08-13 00:00:00+09:00,2478.233104393917,2546.29443359375,2442.2006359940056,2546.29443359375,368793,0.0,0.0
2007-08-14 00:00:00+09:00,2586.3308207024747,2666.4029823341307,2322.0926873180115,2406.16845703125,772060,0.0,0.0
2007-08-16 00:00:00+09:00,2290.0638679190074,2314.0855168831927,2057.854594598549,2137.9267578125,546811,0.0,0.0
2007-08-17 00:00:00+09:00,2161.9484067766853,2201.984488383661,2121.9123251697097,2137.9267578125,161783,0.0,0.0
2007-08-20 00:00:00+09:00,2201.9845052658457,2282.056669093695,2193.977288883061,2266.042236328125,148883,0.0,0.0
2007-08-21 00:00:00+09:00,2262.038548060826,2282.0565883091517,2222.0024675641744,2242.0205078125,153703,0.0,0.0
2007-08-22 00:00:00+09:00,2246.0246688179345,2338.1076766304345,2246.0246688179345,2302.0751953125,248250,0.0,0.0
2007-08-23 00:00:00+09:00,2338.1073982620896,2358.1254410554297,2306.078529792746,2318.08935546875,149217,0.0,0.0
2007-08-24 00:00:00+09:00,2290.0632699178755,2346.11376953125,2290.0632699178755,2346.11376953125,125411,0.0,0.0
2007-08-27 00:00:00+09:00,2406.1678034039246,2462.218301320156,2366.1317334637597,2394.156982421875,240647,0.0,0.0
2007-08-28 00:00:00+09:00,2398.1611056857637,2446.204399956597,2370.1358506944443,2414.175537109375,147774,0.0,0.0
2007-08-29 00:00:00+09:00,2334.103687076507,2474.22998046875,2330.100078693871,2474.22998046875,144354,0.0,0.0
2007-08-30 00:00:00+09:00,2562.309253246753,2562.309253246753,2466.22265625,2466.22265625,339775,0.0,0.0
2007-08-31 00:00:00+09:00,2514.266320941092,2522.273538523707,2434.194145114943,2438.19775390625,153586,0.0,0.0
2007-09-03 00:00:00+09:00,2466.2224663188817,2482.2368979183548,2434.1936031199352,2470.22607421875,126758,0.0,0.0
2007-09-04 00:00:00+09:00,2482.2370105813225,2482.2370105813225,2398.1612408680844,2406.16845703125,129380,0.0,0.0
2007-09-05 00:00:00+09:00,2430.1905763357277,2522.2735800519085,2350.1183991912226,2386.15087890625,344018,0.0,0.0
2007-09-06 00:00:00+09:00,2450.20770446169,2458.214919182153,2386.1499866979857,2410.171630859375,135596,0.0,0.0
2007-09-07 00:00:00+09:00,2426.1865258911744,2430.190134019708,2346.114363320509,2390.154052734375,88395,0.0,0.0
2007-09-10 00:00:00+09:00,2362.12905616091,2362.12905616091,2274.0496676260964,2282.056884765625,161883,0.0,0.0
2007-09-11 00:00:00+09:00,2302.0749212340784,2326.096572586086,2282.0568784407383,2318.08935546875,88515,0.0,0.0
2007-09-12 00:00:00+09:00,2346.1144814657996,2362.1289147863854,2270.0459231930176,2290.06396484375,118851,0.0,0.0
2007-09-13 00:00:00+09:00,2314.085231448715,2322.0924467824475,2270.045547113186,2298.07080078125,95645,0.0,0.0
2007-09-14 00:00:00+09:00,2298.0710428280445,2334.103515625,2278.0530023852916,2334.103515625,180216,0.0,0.0
2007-09-17 00:00:00+09:00,2338.1072605152754,2350.1180854836757,2318.0892189012748,2326.096435546875,135378,0.0,0.0
2007-09-18 00:00:00+09:00,2330.1000481452143,2330.1000481452143,2274.049531523164,2290.06396484375,98014,0.0,0.0
2007-09-19 00:00:00+09:00,2298.0709092881943,2338.106987847222,2298.0709092881943,2306.078125,79950,0.0,0.0
2007-09-20 00:00:00+09:00,2298.0709632595863,2346.1142586587416,2290.063747359727,2310.081787109375,79950,0.0,0.0
2007-09-21 00:00:00+09:00,2314.0853950593046,2338.1070427588825,2310.081787109375,2310.081787109375,102063,0.0,0.0
2007-09-27 00:00:00+09:00,2350.11807331286,2434.19384765625,2342.110856708727,2434.19384765625,168956,0.0,0.0
2007-09-28 00:00:00+09:00,2442.2006266276044,2442.2006266276044,2378.1429052734375,2402.16455078125,86553,0.0,0.0
2007-10-01 00:00:00+09:00,2402.1650295813106,2506.2588475298344,2402.1650295813106,2474.22998046875,240838,0.0,0.0
2007-10-02 00:00:00+09:00,2498.2518857758623,2526.2771473150146,2438.19775390625,2438.19775390625,133131,0.0,0.0
2007-10-04 00:00:00+09:00,2402.1644161389117,2442.200489741227,2394.157201418449,2410.171630859375,128495,0.0,0.0
2007-10-05 00:00:00+09:00,2418.179414447985,2482.237147281044,2410.1721978438527,2434.19384765625,153759,0.0,0.0
2007-10-08 00:00:00+09:00,2454.211615668403,2454.211615668403,2378.14306640625,2378.14306640625,178812,0.0,0.0
2007-10-09 00:00:00+09:00,2362.128502711777,2422.1826171875,2354.121287448347,2422.1826171875,235980,0.0,0.0
2007-10-10 00:00:00+09:00,2430.1902393541836,2466.2227140727796,2410.1721978438527,2434.19384765625,140321,0.0,0.0
2007-10-11 00:00:00+09:00,2450.20848901721,2494.2481840812447,2430.190445806285,2486.240966796875,268586,0.0,0.0
2007-10-12 00:00:00+09:00,2458.2152235243057,2478.2332628038193,2386.1502821180557,2414.175537109375,141964,0.0,0.0
2007-10-15 00:00:00+09:00,2414.1756731944156,2430.1901055207463,2346.1143358075083,2406.16845703125,265637,0.0,0.0
2007-10-16 00:00:00+09:00,2402.1649936800773,2422.183035294078,2282.0567439960737,2326.096435546875,190531,0.0,0.0
2007-10-17 00:00:00+09:00,2302.074239601868,2314.08506172153,2246.023736376779,2250.02734375,193577,0.0,0.0
2007-10-18 00:00:00+09:00,2270.045545405835,2310.0816220443858,2254.031114750415,2262.038330078125,111334,0.0,0.0
2007-10-19 00:00:00+09:00,2258.0348846005722,2282.056532309089,2238.016844843475,2274.04931640625,140499,0.0,0.0
2007-10-22 00:00:00+09:00,2205.988321940104,2294.0677104749175,2177.9630619517543,2282.056884765625,76592,0.0,0.0
2007-10-23 00:00:00+09:00,2298.071065778109,2490.244255947707,2290.063849521043,2390.154052734375,563360,0.0,0.0
2007-10-24 00:00:00+09:00,2378.1431494644007,2382.146757460132,2298.0709895497744,2330.099853515625,203435,0.0,0.0
2007-10-25 00:00:00+09:00,2406.168485248508,2418.179309634108,2330.0999308063756,2390.154052734375,113457,0.0,0.0
2007-10-26 00:00:00+09:00,2406.168923192376,2426.1869674785025,2374.140052334574,2386.15087890625,113457,0.0,0.0
2007-10-29 00:00:00+09:00,2394.157497829861,2422.1827528211807,2386.1502821180557,2414.175537109375,98417,0.0,0.0
2007-10-30 00:00:00+09:00,2418.1795324377113,2426.186749432538,2354.1217964790962,2370.13623046875,142215,0.0,0.0
2007-10-31 00:00:00+09:00,2390.153752029653,2398.1609672793334,2334.103245281889,2350.11767578125,159246,0.0,0.0
2007-11-01 00:00:00+09:00,2362.1290496140978,2374.1398752901014,2306.078529792746,2318.08935546875,171809,0.0,0.0
2007-11-02 00:00:00+09:00,2310.0821447539747,2310.0821447539747,2258.0352333470396,2282.056884765625,181869,0.0,0.0
2007-11-05 00:00:00+09:00,2282.056748183457,2326.0964398150677,2270.0459231930176,2290.06396484375,51352,0.0,0.0
2007-11-06 00:00:00+09:00,2302.074650916595,2342.1107318021013,2294.067434739494,2334.103515625,58661,0.0,0.0
2007-11-07 00:00:00+09:00,2338.1073982620896,2350.1182239380937,2302.0749212340784,2318.08935546875,85705,0.0,0.0
2007-11-08 00:00:00+09:00,2314.0853959204446,2314.0853959204446,2258.0348846005722,2274.04931640625,106440,0.0,0.0
2007-11-09 00:00:00+09:00,2278.0530639867593,2306.078321364452,2230.009765625,2230.009765625,136217,0.0,0.0
2007-11-12 00:00:00+09:00,2205.9879286024307,2234.01318359375,2153.9410264756943,2161.9482421875,73465,0.0,0.0
2007-11-13 00:00:00+09:00,2157.944815160529,2286.060277285087,2153.9412069691366,2266.042236328125,210665,0.0,0.0
2007-11-14 00:00:00+09:00,2266.042154375824,2314.0854509350283,2242.020506096221,2278.052978515625,87600,0.0,0.0
2007-11-15 00:00:00+09:00,2290.0638854764798,2298.0711018592647,2230.009762605593,2266.042236328125,99048,0.0,0.0
2007-11-16 00:00:00+09:00,2250.027803562555,2282.056669093695,2242.0205871797702,2266.042236328125,32869,0.0,0.0
2007-11-19 00:00:00+09:00,2282.0562324322086,2294.0670547081677,2246.023765604332,2270.04541015625,38961,0.0,0.0
2007-11-20 00:00:00+09:00,2250.0279988899506,2262.0388245068007,2197.9810878835992,2226.00634765625,62703,0.0,0.0
2007-11-21 00:00:00+09:00,2226.0061318217845,2234.0133481233015,2193.9772666157155,2209.99169921875,66308,0.0,0.0
2007-11-22 00:00:00+09:00,2222.002052774235,2222.002052774235,2117.908262914541,2157.9443359375,65814,0.0,0.0
2007-11-23 00:00:00+09:00,2117.9090952478855,2181.9668372591636,2117.9090952478855,2129.919921875,48791,0.0,0.0
2007-11-26 00:00:00+09:00,2137.9263495321325,2181.9660308895363,2117.908312551495,2125.91552734375,58818,0.0,0.0
2007-11-27 00:00:00+09:00,2117.9090952478855,2137.92713962641,2065.862179863722,2129.919921875,48791,0.0,0.0
2007-11-28 00:00:00+09:00,2137.9265675127735,2153.9409987300974,2081.876058252139,2105.897705078125,52105,0.0,0.0
2007-11-29 00:00:00+09:00,2129.9190848214284,2177.9623724489797,2113.904655612245,2157.9443359375,109292,0.0,0.0
2007-11-30 00:00:00+09:00,2177.962646484375,2201.9842933205996,2145.9337840360754,2177.962646484375,88405,0.0,0.0
2007-12-03 00:00:00+09:00,2177.962808500914,2201.984457124086,2153.941159877742,2189.9736328125,73931,0.0,0.0
2007-12-04 00:00:00+09:00,2189.973524405103,2201.984348122133,2161.948269065367,2181.96630859375,72075,0.0,0.0
2007-12-05 00:00:00+09:00,2222.0026611328126,2217.999052734375,2161.94853515625,2201.984619140625,32883,0.0,0.0
2007-12-06 00:00:00+09:00,2222.0026611328126,2222.0026611328126,2177.96296875,2201.984619140625,32883,0.0,0.0
2007-12-07 00:00:00+09:00,2209.991616107048,2306.078208111702,2201.98440010666,2258.034912109375,168085,0.0,0.0
2007-12-10 00:00:00+09:00,2274.048987989324,2362.128350200178,2250.02734375,2250.02734375,207398,0.0,0.0
2007-12-11 00:00:00+09:00,2254.0314148058796,2262.038631199506,2217.99894103456,2230.009765625,51090,0.0,0.0
2007-12-12 00:00:00+09:00,2242.0205095848455,2242.0205095848455,2181.9663887923944,2205.988037109375,97544,0.0,0.0
2007-12-13 00:00:00+09:00,2205.9882275390623,2250.027919921875,2189.9737939453125,2201.984619140625,71102,0.0,0.0
2007-12-14 00:00:00+09:00,2201.984347677403,2294.0673294893672,2185.969916057931,2217.998779296875,111184,0.0,0.0
2007-12-17 00:00:00+09:00,2226.0059128364505,2246.0239516209513,2189.9734430243498,2193.97705078125,78987,0.0,0.0
2007-12-18 00:00:00+09:00,2193.977232525729,2366.132380333405,2193.977232525729,2334.103515625,269663,0.0,0.0
2007-12-20 00:00:00+09:00,2334.103492954799,2458.21534249442,2238.016899762835,2242.0205078125,552003,0.0,0.0
2007-12-21 00:00:00+09:00,2258.0348846005722,2294.0673561633475,2205.9879812321196,2274.04931640625,252367,0.0,0.0
2007-12-24 00:00:00+09:00,2290.0636935763887,2322.092556423611,2242.0203993055557,2306.078125,212051,0.0,0.0
2007-12-26 00:00:00+09:00,2306.0778556034484,2342.110322097252,2278.0526038860453,2322.09228515625,157405,0.0,0.0
2007-12-27 00:00:00+09:00,2371.851629004256,2380.1448165182574,2313.79931640625,2313.79931640625,111572,100.0,0.0
2007-12-28 00:00:00+09:00,2330.385792223388,2380.1449194594747,2309.652822541685,2346.97216796875,139168,0.0,0.0
2008-01-02 00:00:00+09:00,2371.851855807834,2429.904173956977,2346.972290886773,2388.438232421875,148543,0.0,0.0
2008-01-03 00:00:00+09:00,2384.2914022886353,2400.877777261078,2330.3856836281966,2351.11865234375,83231,0.0,0.0
2008-01-04 00:00:00+09:00,2351.1185315233042,2442.3435891838203,2334.5321574032105,2429.90380859375,256869,0.0,0.0
2008-01-07 00:00:00+09:00,2380.1451168519116,2467.223596736738,2380.1451168519116,2413.31787109375,163060,0.0,0.0
2008-01-08 00:00:00+09:00,2438.197412109375,2438.197412109375,2388.43828125,2405.024658203125,123369,0.0,0.0
2008-01-09 00:00:00+09:00,2380.1450441148545,2396.7314207288955,2363.558667500814,2388.438232421875,125373,0.0,0.0
2008-01-10 00:00:00+09:00,2413.317834193761,2413.317834193761,2359.412109375,2359.412109375,49175,0.0,0.0
2008-01-11 00:00:00+09:00,2388.438127281022,2388.438127281022,2272.33349609375,2272.33349609375,188453,0.0,0.0
2008-01-14 00:00:00+09:00,2272.333793468045,2280.6269824953006,2189.4019031954886,2205.98828125,123447,0.0,0.0
2008-01-15 00:00:00+09:00,2235.0139547606955,2235.0139547606955,2164.5218634231596,2168.66845703125,81572,0.0,0.0
2008-01-16 00:00:00+09:00,2164.522167780224,2193.5483271182734,2147.935791015625,2147.935791015625,67888,0.0,0.0
2008-01-17 00:00:00+09:00,2172.8153687677222,2218.4279051349836,2156.2289919069,2193.54833984375,62417,0.0,0.0
2008-01-18 00:00:00+09:00,2189.4016853932585,2214.28125,2164.522120786517,2214.28125,47281,0.0,0.0
2008-01-21 00:00:00+09:00,2230.8678483317667,2247.454226386278,2172.815525140977,2205.98828125,50735,0.0,0.0
2008-01-22 00:00:00+09:00,2189.4011244580925,2189.4011244580925,2040.1237750632226,2152.081787109375,152145,0.0,0.0
2008-01-23 00:00:00+09:00,2210.13422107342,2268.186527067844,2172.8148815055765,2230.8671875,89856,0.0,0.0
2008-01-24 00:00:00+09:00,2243.306967355948,2255.746747211896,2197.694441217472,2230.8671875,70769,0.0,0.0
2008-01-25 00:00:00+09:00,2247.4536705656424,2247.4536705656424,2181.108174755587,2226.720703125,114623,0.0,0.0
2008-01-28 00:00:00+09:00,2197.6945994830176,2255.7469096580407,2176.9616315633666,2243.30712890625,93325,0.0,0.0
2008-01-29 00:00:00+09:00,2214.281072528546,2239.160635141226,2156.228759765625,2156.228759765625,139775,0.0,0.0
2008-01-30 00:00:00+09:00,2176.962125301361,2185.255314350128,2089.8836402893066,2123.056396484375,72613,0.0,0.0
2008-01-31 00:00:00+09:00,2106.469320467203,2143.7886588219367,2085.736354714573,2094.029541015625,27392,0.0,0.0
2008-02-01 00:00:00+09:00,2123.0558035714284,2135.49558367048,2081.589869907924,2089.883056640625,42403,0.0,0.0
2008-02-04 00:00:00+09:00,2098.176504664745,2147.935631257585,2098.176504664745,2135.495849609375,28826,0.0,0.0
2008-02-05 00:00:00+09:00,2135.4957147145547,2147.9354955769695,2106.4695593689203,2131.34912109375,35913,0.0,0.0
2008-02-11 00:00:00+09:00,2123.0558823529414,2127.202475873162,2098.1763212316177,2114.7626953125,29944,0.0,0.0
2008-02-12 00:00:00+09:00,2114.7632939126966,2135.496267382429,2102.323509830857,2110.61669921875,31393,0.0,0.0
2008-02-13 00:00:00+09:00,2135.495579293829,2156.2285460830894,2118.9092058624205,2127.202392578125,29840,0.0,0.0
2008-02-14 00:00:00+09:00,2156.228894253839,2168.6686763360726,2114.7629539797263,2160.37548828125,26843,0.0,0.0
2008-02-15 00:00:00+09:00,2127.2028200598756,2164.522167780224,2127.2028200598756,2147.935791015625,33226,0.0,0.0
2008-02-18 00:00:00+09:00,2164.522727442152,2205.988680075143,2143.789751125656,2172.81591796875,80405,0.0,0.0
2008-02-19 00:00:00+09:00,2334.5320652553014,2375.9979989188055,2189.401297433036,2322.09228515625,1767749,0.0,0.0
2008-02-20 00:00:00+09:00,2334.5323854055464,2670.406494140625,2322.0926036005435,2670.406494140625,1767749,0.0,0.0
2008-02-21 00:00:00+09:00,2612.3544921875,2653.8204365079364,2483.810064794147,2612.3544921875,763149,0.0,0.0
2008-02-22 00:00:00+09:00,2595.768129621233,2811.3910413469584,2537.715807233538,2786.511474609375,711352,0.0,0.0
2008-02-25 00:00:00+09:00,2819.6836451480262,2915.0552978515625,2728.458586040296,2836.27001953125,459714,0.0,0.0
2008-02-26 00:00:00+09:00,2852.8566913634586,3201.1705897276015,2649.673583984375,2649.673583984375,2476566,0.0,0.0
2008-02-27 00:00:00+09:00,2653.8202887537996,2819.684056800912,2633.0873177479107,2728.458984375,550473,0.0,0.0
2008-02-28 00:00:00+09:00,2803.097487284641,2927.4953047676872,2736.751984627016,2827.97705078125,330131,0.0,0.0
2008-02-29 00:00:00+09:00,2782.3642658342633,2993.8405364118303,2728.4585498046877,2902.615478515625,405417,0.0,0.0
2008-03-03 00:00:00+09:00,2823.8303148352584,2977.2542820142667,2807.2439400050953,2861.149658203125,175248,0.0,0.0
2008-03-04 00:00:00+09:00,2865.2967445487407,2939.935444117304,2778.21826171875,2778.21826171875,164889,0.0,0.0
2008-03-05 00:00:00+09:00,2769.9251812304074,2811.3911270572103,2641.3807491673197,2645.52734375,248787,0.0,0.0
2008-03-06 00:00:00+09:00,2645.5271240234374,2803.097705078125,2599.914587402344,2736.752197265625,205603,0.0,0.0
2008-03-07 00:00:00+09:00,2720.1659577320593,2778.2182800007313,2653.8204465678627,2657.967041015625,128326,0.0,0.0
2008-03-10 00:00:00+09:00,2670.40640960002,2695.285972422381,2537.715407880765,2562.594970703125,126417,0.0,0.0
2008-03-11 00:00:00+09:00,2558.448563025491,2666.260009765625,2554.301968920101,2666.260009765625,83545,0.0,0.0
2008-03-12 00:00:00+09:00,2711.872205242128,2807.2438577200624,2678.699456554151,2716.018798828125,166816,0.0,0.0
2008-03-13 00:00:00+09:00,2699.4329752604167,2724.312541852679,2612.3544921875,2612.3544921875,94224,0.0,0.0
2008-03-14 00:00:00+09:00,2612.354096347846,2678.6995972074737,2504.5426574509506,2562.594970703125,96323,0.0,0.0
2008-03-17 00:00:00+09:00,2550.155404408773,2550.155404408773,2363.558667500814,2388.438232421875,279402,0.0,0.0
2008-03-18 00:00:00+09:00,2409.171164260241,2442.3439169522926,2313.799500270593,2334.532470703125,196368,0.0,0.0
2008-03-19 00:00:00+09:00,2380.144884891743,2454.7835746618675,2367.705103263389,2375.998291015625,136694,0.0,0.0
2008-03-20 00:00:00+09:00,2375.998546443573,2421.611083984375,2313.7996316152075,2421.611083984375,122208,0.0,0.0
2008-03-21 00:00:00+09:00,2446.4910807291667,2516.9831966145834,2421.6115104166665,2487.95703125,99236,0.0,0.0
2008-03-24 00:00:00+09:00,2529.4229817708333,2529.4229817708333,2458.9308658854166,2487.95703125,61527,0.0,0.0
2008-03-25 00:00:00+09:00,2496.2496572166983,2516.9826277915877,2463.076904296875,2463.076904296875,70291,0.0,0.0
2008-03-26 00:00:00+09:00,2479.663379577427,2508.6895395390356,2371.851928291452,2413.31787109375,72069,0.0,0.0
2008-03-27 00:00:00+09:00,2405.0246337045846,2429.904198880839,2375.998474332288,2396.7314453125,77091,0.0,0.0
2008-03-28 00:00:00+09:00,2405.0247922493545,2429.904359065727,2384.2918199023775,2409.17138671875,103627,0.0,0.0
2008-03-31 00:00:00+09:00,2409.171228721389,2487.956518473035,2405.024634523934,2479.663330078125,109149,0.0,0.0
2008-04-01 00:00:00+09:00,2487.95635832458,2500.396140116203,2467.223388671875,2467.223388671875,107416,0.0,0.0
2008-04-02 00:00:00+09:00,2496.249445134943,2583.3279141512785,2479.663070084213,2554.3017578125,184129,0.0,0.0
2008-04-03 00:00:00+09:00,2587.474963633628,2649.6738810286665,2562.595396675612,2583.328369140625,204635,0.0,0.0
2008-04-04 00:00:00+09:00,2587.4749255952383,2624.7942754836313,2537.7157924107146,2612.3544921875,74576,0.0,0.0
2008-04-07 00:00:00+09:00,2620.6473763533463,2695.286067452018,2620.6473763533463,2633.087158203125,140424,0.0,0.0
2008-04-08 00:00:00+09:00,2649.673178618809,2678.6993323751967,2595.7674644998037,2637.2333984375,100064,0.0,0.0
2008-04-10 00:00:00+09:00,2637.2337917751734,2686.992919921875,2612.3542277018228,2686.992919921875,60985,0.0,0.0
2008-04-11 00:00:00+09:00,2653.8199921135647,2711.872304441049,2628.9404296875,2628.9404296875,80180,0.0,0.0
2008-04-14 00:00:00+09:00,2595.767617347592,2612.353991899334,2521.128931864754,2529.422119140625,94405,0.0,0.0
2008-04-15 00:00:00+09:00,2554.3018169496727,2570.888192384411,2521.1290660801965,2533.56884765625,54200,0.0,0.0
2008-04-16 00:00:00+09:00,2558.4480213724128,2637.233292695064,2558.4480213724128,2604.060546875,88216,0.0,0.0
2008-04-17 00:00:00+09:00,2620.6471890203966,2865.2962145776805,2612.35400171337,2769.924560546875,407985,0.0,0.0
2008-04-18 00:00:00+09:00,2815.537549189815,2827.977332175926,2724.3124739583336,2798.951171875,125826,0.0,0.0
2008-04-21 00:00:00+09:00,2798.9512579781667,2869.4433637346538,2778.218285696847,2786.511474609375,180425,0.0,0.0
2008-04-22 00:00:00+09:00,2794.8044915938453,2815.537462599734,2682.846448162044,2728.458984375,116595,0.0,0.0
2008-04-23 00:00:00+09:00,2720.1658924549547,2944.081987260698,2699.432920713682,2761.6318359375,381924,0.0,0.0
2008-04-24 00:00:00+09:00,2724.3120372812737,2778.2177549139324,2703.5790689610208,2732.605224609375,108883,0.0,0.0
2008-04-25 00:00:00+09:00,2740.898791503906,2765.778356933594,2670.4066894531247,2736.752197265625,99648,0.0,0.0
2008-04-28 00:00:00+09:00,2753.338537762369,2803.0976679628934,2711.872595928598,2765.7783203125,97286,0.0,0.0
2008-04-29 00:00:00+09:00,2794.804155635401,2840.416686365356,2740.8984375,2740.8984375,113640,0.0,0.0
2008-04-30 00:00:00+09:00,2757.485096192855,2836.2703846555078,2745.045313804015,2794.804443359375,145789,0.0,0.0
2008-05-02 00:00:00+09:00,2811.3906164710697,2857.0031485967065,2790.657647323053,2848.7099609375,158255,0.0,0.0
2008-05-06 00:00:00+09:00,2861.1498619899276,3064.3329681312416,2852.85667398416,3010.42724609375,615704,0.0,0.0
2008-05-07 00:00:00+09:00,3010.4274169921873,3155.558215332031,2960.668286132812,3068.479736328125,414119,0.0,0.0
2008-05-08 00:00:00+09:00,3068.4798536424514,3226.050440721388,3035.3070984679384,3192.877685546875,466624,0.0,0.0
2008-05-09 00:00:00+09:00,3238.489951133728,3271.662703514099,3093.3591594696045,3184.584228515625,253163,0.0,0.0
2008-05-13 00:00:00+09:00,3167.997716855763,3379.474004237496,3151.411341374843,3300.688720703125,382574,0.0,0.0
2008-05-14 00:00:00+09:00,3300.6889893190005,3483.1391344572367,3242.63667041138,3308.982177734375,589815,0.0,0.0
2008-05-15 00:00:00+09:00,3317.275018478975,3375.3273313023574,3155.557861328125,3155.557861328125,353884,0.0,0.0
2008-05-16 00:00:00+09:00,3159.7051172620468,3582.6577707538167,3064.333440494295,3259.223388671875,2463836,0.0,0.0
2008-05-19 00:00:00+09:00,3259.2230834189318,3437.5266363286187,3209.4639523743676,3279.9560546875,577219,0.0,0.0
2008-05-20 00:00:00+09:00,3317.275130703422,3379.474039404111,3201.1705011288022,3271.66259765625,327074,0.0,0.0
2008-05-21 00:00:00+09:00,3197.023824669274,3308.981857439793,3143.118105187172,3163.85107421875,210125,0.0,0.0
2008-05-22 00:00:00+09:00,3163.8510488743227,3213.610174151507,3105.7987360509405,3155.557861328125,151263,0.0,0.0
2008-05-23 00:00:00+09:00,3155.558335975548,3313.1289230544844,3155.558335975548,3192.877685546875,260039,0.0,0.0
2008-05-26 00:00:00+09:00,3192.877345481966,3209.4637213026517,3039.453369140625,3039.453369140625,194642,0.0,0.0
2008-05-27 00:00:00+09:00,3068.4795621341254,3093.359126151429,2944.081742047607,3010.42724609375,205809,0.0,0.0
2008-05-28 00:00:00+09:00,2977.2544480801316,3043.599951101416,2873.589599609375,2873.589599609375,194834,0.0,0.0
2008-05-29 00:00:00+09:00,2873.5894496863993,3002.1338550836267,2869.442855963908,2944.08154296875,178047,0.0,0.0
2008-05-30 00:00:00+09:00,2977.2546754131504,3027.013806478551,2944.08192136955,2948.228515625,106349,0.0,0.0
2008-06-02 00:00:00+09:00,2948.2281522364974,2964.8145272139177,2852.8564961163293,2869.44287109375,149369,0.0,0.0
2008-06-03 00:00:00+09:00,2877.7364132823486,3002.1342409458507,2852.8568477496483,2948.228515625,287059,0.0,0.0
2008-06-04 00:00:00+09:00,2968.961368452682,3126.531943873355,2968.961368452682,3072.626220703125,317887,0.0,0.0
2008-06-05 00:00:00+09:00,3093.359278934641,3416.7936271342414,3076.772902103892,3308.982177734375,814124,0.0,0.0
2008-06-09 00:00:00+09:00,3250.929643554687,3437.5263705444336,3192.877328491211,3317.275146484375,463278,0.0,0.0
2008-06-10 00:00:00+09:00,3367.034574775286,3396.0607349026586,3068.4797848937333,3085.066162109375,297692,0.0,0.0
2008-06-11 00:00:00+09:00,3155.5581433200095,3238.4900261930716,3051.8932897286822,3209.4638671875,219019,0.0,0.0
2008-06-12 00:00:00+09:00,3151.4115491763564,3288.249155916909,3138.971766745397,3209.4638671875,163509,0.0,0.0
2008-06-13 00:00:00+09:00,3234.3430616034834,3412.6465893585473,3234.3430616034834,3288.248779296875,606611,0.0,0.0
2008-06-16 00:00:00+09:00,3288.249068997848,3358.7411675766166,3221.903564453125,3221.903564453125,227340,0.0,0.0
2008-06-17 00:00:00+09:00,3209.4637013929346,3234.3432649696238,3101.6522592272804,3114.092041015625,226604,0.0,0.0
2008-06-18 00:00:00+09:00,3130.6786754322843,3134.8252697043804,2981.4012816368377,2993.841064453125,199608,0.0,0.0
2008-06-19 00:00:00+09:00,2877.7364754635114,2997.9877114699116,2827.977343322932,2844.563720703125,163405,0.0,0.0
2008-06-20 00:00:00+09:00,2877.7361177447233,2894.322493063137,2823.83039795988,2848.7099609375,163405,0.0,0.0
2008-06-23 00:00:00+09:00,2823.830651747442,2881.8829705792546,2761.631738713357,2811.390869140625,89667,0.0,0.0
2008-06-24 00:00:00+09:00,2840.416892656019,2923.3487727335673,2803.0975466211225,2807.244140625,111321,0.0,0.0
2008-06-25 00:00:00+09:00,2807.2442749383526,2844.563622758804,2761.631738713357,2811.390869140625,77531,0.0,0.0
2008-06-26 00:00:00+09:00,2811.390808731012,2861.149938089083,2774.071461712459,2832.123779296875,84857,0.0,0.0
2008-06-27 00:00:00+09:00,2765.778432556719,2827.977347831608,2662.113573765238,2678.699951171875,172486,0.0,0.0
2008-06-30 00:00:00+09:00,2691.139734226853,2728.459083391786,2620.6476302486453,2678.699951171875,87978,0.0,0.0
2008-07-01 00:00:00+09:00,2670.40667654454,2686.9930534174878,2500.396313596829,2525.27587890625,272903,0.0,0.0
2008-07-02 00:00:00+09:00,2529.422498865699,2550.1554701678765,2251.6006834165155,2284.7734375,318291,0.0,0.0
2008-07-03 00:00:00+09:00,2251.600410051243,2371.851629004256,2214.2810662382394,2313.79931640625,168406,0.0,0.0
2008-07-04 00:00:00+09:00,2317.9461165961866,2384.291622616829,2239.160828196674,2259.893798828125,171580,0.0,0.0
2008-07-07 00:00:00+09:00,2264.040604440789,2288.9201715225563,2193.5484977091164,2205.98828125,116060,0.0,0.0
2008-07-08 00:00:00+09:00,2205.9884557687737,2264.0407835521623,2089.883800201996,2181.10888671875,185834,0.0,0.0
2008-07-09 00:00:00+09:00,2218.4276250583025,2268.1867493586756,2181.1082818330224,2222.57421875,113940,0.0,0.0
2008-07-10 00:00:00+09:00,2172.8150379794365,2243.30712890625,2089.883166300832,2243.30712890625,65967,0.0,0.0
2008-07-11 00:00:00+09:00,2384.2916382683647,2421.6109856499565,2239.160842895508,2388.438232421875,84635,0.0,0.0
2008-07-14 00:00:00+09:00,2384.291748046875,2413.3179084578805,2309.6530498471466,2384.291748046875,84635,0.0,0.0
2008-07-15 00:00:00+09:00,2384.291310759878,2384.291310759878,2205.987786650878,2243.30712890625,140979,0.0,0.0
2008-07-16 00:00:00+09:00,2280.62658239294,2317.9459264684606,2226.720863172743,2239.16064453125,94161,0.0,0.0
2008-07-17 00:00:00+09:00,2276.479988606771,2317.9459264684606,2239.16064453125,2239.16064453125,57546,0.0,0.0
2008-07-18 00:00:00+09:00,2276.479988606771,2284.7731761791088,2230.867456958912,2239.16064453125,57546,0.0,0.0
2008-07-21 00:00:00+09:00,2243.307387199955,2309.652892181839,2243.307387199955,2288.919921875,90862,0.0,0.0
2008-07-22 00:00:00+09:00,2280.6268674771136,2309.6530276086405,2272.333678868106,2293.066650390625,62346,0.0,0.0
2008-07-23 00:00:00+09:00,2334.532237869184,2463.076641730542,2305.506082158555,2417.464111328125,375241,0.0,0.0
2008-07-24 00:00:00+09:00,2438.1975337658896,2471.3702893273303,2375.9986170881884,2446.49072265625,166386,0.0,0.0
2008-07-25 00:00:00+09:00,2421.610621533703,2442.3435891838203,2371.8514991734214,2429.90380859375,76758,0.0,0.0
2008-07-28 00:00:00+09:00,2454.7834688983385,2637.233591586729,2454.7834688983385,2620.647216796875,426640,0.0,0.0
2008-07-29 00:00:00+09:00,2575.034376548805,2616.500308538319,2429.903614585507,2483.809326171875,276322,0.0,0.0
2008-07-30 00:00:00+09:00,2504.543271019345,2529.4228399367557,2355.2658575148807,2438.19775390625,102078,0.0,0.0
2008-07-31 00:00:00+09:00,2438.1973994947275,2438.1973994947275,2355.265515158172,2359.412109375,146942,0.0,0.0
2008-08-01 00:00:00+09:00,2334.5325440740335,2405.0246457601056,2305.506384556239,2359.412109375,106214,0.0,0.0
2008-08-04 00:00:00+09:00,2351.1186195931787,2405.024337502722,2351.1186195931787,2380.144775390625,131808,0.0,0.0
2008-08-05 00:00:00+09:00,2380.144775390625,2434.050493300169,2351.1186195931787,2380.144775390625,146331,0.0,0.0
2008-08-06 00:00:00+09:00,2405.0242532766465,2454.783375758232,2392.58447265625,2392.58447265625,119597,0.0,0.0
2008-08-07 00:00:00+09:00,2405.0246337045846,2417.464416292712,2363.558691744161,2396.7314453125,119597,0.0,0.0
2008-08-08 00:00:00+09:00,2371.851952121682,2434.050866950048,2367.7053577997913,2421.611083984375,65744,0.0,0.0
2008-08-11 00:00:00+09:00,2429.903943349393,2471.369880949212,2421.6107558294293,2434.050537109375,79949,0.0,0.0
2008-08-12 00:00:00+09:00,2446.4906253355884,2446.4906253355884,2371.851928291452,2413.31787109375,113738,0.0,0.0
2008-08-13 00:00:00+09:00,2438.198064630682,2438.198064630682,2346.972966974432,2371.8525390625,96286,0.0,0.0
2008-08-14 00:00:00+09:00,2355.265305271352,2380.1448683552044,2330.3857421875,2330.3857421875,53563,0.0,0.0
2008-08-18 00:00:00+09:00,2322.0925202546296,2342.8254891854745,2239.16064453125,2239.16064453125,189695,0.0,0.0
2008-08-19 00:00:00+09:00,2205.988680075143,2235.014846918237,2172.81591796875,2172.81591796875,166880,0.0,0.0
2008-08-20 00:00:00+09:00,2164.522072155071,2210.1346062426296,2160.3754781471107,2197.69482421875,101862,0.0,0.0
2008-08-21 00:00:00+09:00,2201.841205895973,2230.867361152605,2168.66845703125,2168.66845703125,82678,0.0,0.0
2008-08-22 00:00:00+09:00,2164.5220067885316,2176.9617884367417,2060.8571597201153,2135.495849609375,217172,0.0,0.0
2008-08-25 00:00:00+09:00,2156.2288190230583,2172.815194554005,2114.7628801956917,2135.495849609375,95175,0.0,0.0
2008-08-26 00:00:00+09:00,2065.0034704930276,2123.05577689243,2044.2705039218126,2081.58984375,106101,0.0,0.0
2008-08-27 00:00:00+09:00,2056.710309709821,2114.7626168387274,2031.8307495117185,2089.883056640625,207501,0.0,0.0
2008-08-28 00:00:00+09:00,2089.883216993343,2139.6423412074705,2085.736623308833,2102.322998046875,100226,0.0,0.0
2008-08-29 00:00:00+09:00,2118.910179545861,2226.7216563916386,2118.910179545861,2172.81591796875,199647,0.0,0.0
2008-09-01 00:00:00+09:00,2172.8153672208155,2172.8153672208155,1944.752685546875,1944.752685546875,232113,0.0,0.0
2008-09-02 00:00:00+09:00,1953.0455029296877,2006.9512174479169,1799.6215462239584,1865.967041015625,162457,0.0,0.0
2008-09-03 00:00:00+09:00,1807.9145743386787,1911.579400848924,1807.9145743386787,1890.846435546875,53225,0.0,0.0
2008-09-04 00:00:00+09:00,1886.7006817985985,1990.365554424895,1886.7006817985985,1973.7791748046875,90515,0.0,0.0
2008-09-05 00:00:00+09:00,1915.7264229910713,2069.1504005899233,1899.1400470344388,2031.8310546875,78253,0.0,0.0
2008-09-08 00:00:00+09:00,2073.2970094966317,2085.7367915536115,2015.2446932307262,2077.443603515625,122625,0.0,0.0
2008-09-09 00:00:00+09:00,2060.857397707544,2073.2971807922977,2031.8312371764519,2052.564208984375,74544,0.0,0.0
2008-09-10 00:00:00+09:00,2019.3912727200254,2065.003806600765,2015.2446787308672,2031.8310546875,59938,0.0,0.0
2008-09-11 00:00:00+09:00,2048.4174306441328,2073.2969945790815,2023.5378667091836,2031.8310546875,59386,0.0,0.0
2008-09-12 00:00:00+09:00,2048.417016359839,2098.176134166151,2031.830643757735,2094.029541015625,97401,0.0,0.0
2008-09-16 00:00:00+09:00,1886.700111622373,1965.4853910088018,1886.700111622373,1899.139892578125,121962,0.0,0.0
2008-09-17 00:00:00+09:00,1940.605885651152,2011.097979788053,1932.3126981056344,1957.1922607421875,143191,0.0,0.0
2008-09-18 00:00:00+09:00,1932.3126417934634,1936.4592354453807,1870.113737014704,1899.139892578125,156159,0.0,0.0
2008-09-19 00:00:00+09:00,1953.0457295351807,1990.3650746855346,1936.4593539128014,1977.92529296875,136554,0.0,0.0
2008-09-22 00:00:00+09:00,2002.8049298340877,2035.9776822951078,1957.192395200185,1961.3389892578125,115463,0.0,0.0
2008-09-23 00:00:00+09:00,1953.0454625822367,1990.3648026315789,1953.0454625822367,1969.6318359375,56437,0.0,0.0
2008-09-24 00:00:00+09:00,1973.778514232752,2065.0035716132575,1973.778514232752,2035.9774169921875,66333,0.0,0.0
2008-09-25 00:00:00+09:00,2048.4177482358873,2069.1507213961695,2011.098396547379,2056.7109375,82401,0.0,0.0
2008-09-26 00:00:00+09:00,2073.297169582903,2073.297169582903,2002.8050658170841,2006.95166015625,72500,0.0,0.0
2008-09-29 00:00:00+09:00,2048.4171768188476,2060.8569572448732,1990.3648681640627,1990.3648681640625,92636,0.0,0.0
2008-09-30 00:00:00+09:00,1882.5541157518696,1977.9258000300479,1874.2609258146367,1940.6064453125,58685,0.0,0.0
2008-10-01 00:00:00+09:00,1990.3650746855346,2019.3912320246986,1957.1923234407757,1977.92529296875,34715,0.0,0.0
2008-10-02 00:00:00+09:00,1990.3648681640627,2015.2444290161134,1948.8989334106448,1990.3648681640625,53374,0.0,0.0
2008-10-06 00:00:00+09:00,1961.3385175738417,1986.2180759363007,1890.846435546875,1890.846435546875,53420,0.0,0.0
2008-10-07 00:00:00+09:00,1841.0874120233343,1924.0192774297907,1828.6476322123658,1882.5533447265625,76671,0.0,0.0
2008-10-08 00:00:00+09:00,1691.8103306361609,1861.8206824893043,1716.6898943219867,1741.5694580078125,111477,0.0,0.0
2008-10-09 00:00:00+09:00,1691.81044921875,1770.5957397460936,1675.224072265625,1700.1036376953125,111477,0.0,0.0
2008-10-10 00:00:00+09:00,1633.7578550502233,1633.7578550502233,1447.161145717076,1451.3077392578125,815250,0.0,0.0
2008-10-13 00:00:00+09:00,1480.3340009606404,1538.3863147238028,1459.601031759511,1525.946533203125,297190,0.0,0.0
2008-10-14 00:00:00+09:00,1583.9988584278815,1666.9307358324827,1583.9988584278815,1650.3443603515625,374687,0.0,0.0
2008-10-15 00:00:00+09:00,1617.1716659187337,1642.0512300097912,1559.1193497062663,1588.1455078125,256026,0.0,0.0
2008-10-16 00:00:00+09:00,1501.06715290748,1542.533096357963,1422.2818603515625,1422.2818603515625,343955,0.0,0.0
2008-10-17 00:00:00+09:00,1467.8941593613736,1484.480534043423,1384.9622859511264,1426.42822265625,200981,0.0,0.0
2008-10-20 00:00:00+09:00,1455.454332798549,1455.454332798549,1376.6690555245536,1451.3077392578125,164804,0.0,0.0
2008-10-21 00:00:00+09:00,1467.894287109375,1472.0408811407574,1434.7215348583156,1467.894287109375,98477,0.0,0.0
2008-10-22 00:00:00+09:00,1430.5748163267624,1488.6271277139354,1368.375911269077,1426.42822265625,113505,0.0,0.0
2008-10-23 00:00:00+09:00,1326.9100341796875,1380.8157543182374,1322.763440322876,1326.9100341796875,246237,0.0,0.0
2008-10-24 00:00:00+09:00,1326.9100413602941,1343.4964168772979,1127.87353515625,1127.87353515625,246237,0.0,0.0
2008-10-27 00:00:00+09:00,1003.4757428108378,1098.847404317653,962.009803025266,974.4495849609375,477692,0.0,0.0
2008-10-28 00:00:00+09:00,870.7846219422388,1044.9415463306866,854.198248190958,1011.768798828125,309785,0.0,0.0
2008-10-29 00:00:00+09:00,1086.4076251594388,1136.1667530293366,895.6643016581633,1015.91552734375,276108,0.0,0.0
2008-10-30 00:00:00+09:00,1086.4075879948844,1165.19287109375,1078.1144003002669,1165.19287109375,276108,0.0,0.0
2008-10-31 00:00:00+09:00,1198.365767629523,1339.3499755859375,1181.779390222886,1339.3499755859375,482497,0.0,0.0
2008-11-03 00:00:00+09:00,1389.1089712855326,1401.5487531179404,1335.2032500117657,1376.669189453125,299441,0.0,0.0
2008-11-04 00:00:00+09:00,1405.6952543036882,1434.7214099972748,1351.7895365870277,1426.42822265625,179974,0.0,0.0
2008-11-05 00:00:00+09:00,1472.04097788821,1600.5854013094338,1434.7216291530158,1542.5330810546875,370971,0.0,0.0
2008-11-06 00:00:00+09:00,1401.5486833349764,1438.8680269740732,1314.47021484375,1314.47021484375,249943,0.0,0.0
2008-11-07 00:00:00+09:00,1243.9782504377692,1443.0147705078125,1243.9782504377692,1443.0147705078125,165341,0.0,0.0
2008-11-10 00:00:00+09:00,1476.1875721921203,1608.8785899172547,1476.1875721921203,1542.5330810546875,732486,0.0,0.0
2008-11-11 00:00:00+09:00,1517.653392475613,1642.051211530991,1480.3340467589994,1501.0670166015625,863700,0.0,0.0
2008-11-12 00:00:00+09:00,1484.4805526518485,1517.653302431778,1426.4282405369718,1472.040771484375,232910,0.0,0.0
2008-11-13 00:00:00+09:00,1401.5487311868108,1426.4282944623162,1326.9100413602941,1409.8419189453125,194746,0.0,0.0
2008-11-14 00:00:00+09:00,1492.773796530331,1492.773796530331,1368.3759801528033,1409.8419189453125,160751,0.0,0.0
2008-11-17 00:00:00+09:00,1384.9622609991775,1476.1873201069077,1376.6690738075656,1418.135009765625,101507,0.0,0.0
2008-11-18 00:00:00+09:00,1443.0145973382994,1509.3600960664971,1393.2554732921512,1426.42822265625,218964,0.0,0.0
2008-11-19 00:00:00+09:00,1434.7215688462072,1451.3079453646606,1351.789686253941,1397.4022216796875,166557,0.0,0.0
2008-11-20 00:00:00+09:00,1343.4963710074921,1355.9361522205245,1268.857683729298,1314.47021484375,220339,0.0,0.0
2008-11-21 00:00:00+09:00,1243.978171910404,1380.8157708205486,1227.391796284932,1372.5225830078125,164881,0.0,0.0
2008-11-24 00:00:00+09:00,1384.9624507252763,1438.868174855302,1326.9101324314024,1360.0828857421875,148749,0.0,0.0
2008-11-25 00:00:00+09:00,1418.1352168028116,1430.5749994063451,1322.763550175722,1364.2294921875,197491,0.0,0.0
2008-11-26 00:00:00+09:00,1393.2554837740383,1567.4124192457932,1368.3759215637876,1509.360107421875,881164,0.0,0.0
2008-11-27 00:00:00+09:00,1484.4804476427414,1525.946381934438,1438.867919921875,1438.867919921875,524269,0.0,0.0
2008-11-28 00:00:00+09:00,1467.8942241504747,1513.5067565393313,1443.0146610292802,1447.1612548828125,274251,0.0,0.0
2008-12-01 00:00:00+09:00,1480.334005711072,1496.9203811252016,1443.0146610292802,1447.1612548828125,177981,0.0,0.0
2008-12-02 00:00:00+09:00,1393.2556640625,1405.6954467773437,1364.2295043945312,1368.3760986328125,211042,0.0,0.0
2008-12-03 00:00:00+09:00,1401.548875982111,1521.8001109036531,1343.4965556751597,1459.6011962890625,708510,0.0,0.0
2008-12-04 00:00:00+09:00,1492.7739653716214,1492.7739653716214,1376.6693236204953,1380.81591796875,306576,0.0,0.0
2008-12-05 00:00:00+09:00,1380.8158451612342,1422.2817864573674,1368.376062772394,1397.4022216796875,117272,0.0,0.0
2008-12-08 00:00:00+09:00,1438.868283739277,1484.4808229932598,1418.135311351103,1480.334228515625,300369,0.0,0.0
2008-12-09 00:00:00+09:00,1492.773997822746,1559.1195088370903,1467.8944311923667,1517.653564453125,316164,0.0,0.0
2008-12-10 00:00:00+09:00,1509.3602193469337,1588.1455055216363,1492.7738433101542,1546.6795654296875,278621,0.0,0.0
2008-12-11 00:00:00+09:00,1550.826319960297,1571.5592921522798,1505.2137811379355,1517.653564453125,162239,0.0,0.0
2008-12-12 00:00:00+09:00,1484.480808945953,1588.1456699058658,1467.8944311923667,1517.653564453125,224180,0.0,0.0
2008-12-15 00:00:00+09:00,1542.5327742976847,1637.9044243214662,1542.5327742976847,1600.5850830078125,271262,0.0,0.0
2008-12-16 00:00:00+09:00,1592.291896049223,1621.3180504042869,1571.5589286527486,1600.5850830078125,154880,0.0,0.0
2008-12-17 00:00:00+09:00,1633.7580935384524,1666.9308467067458,1604.7319345161957,1646.1978759765625,246515,0.0,0.0
2008-12-18 00:00:00+09:00,1658.6376830748745,1716.6900019824952,1592.2921757518795,1654.4910888671875,320241,0.0,0.0
2008-12-19 00:00:00+09:00,1642.051179584704,1758.1558084442286,1642.051179584704,1733.2762451171875,554337,0.0,0.0
2008-12-22 00:00:00+09:00,1724.9831782322306,1749.8627433028876,1691.8104248046875,1691.8104248046875,117888,0.0,0.0
2008-12-23 00:00:00+09:00,1691.8103247070312,1737.4228579711912,1625.4648217773436,1658.6375732421875,210039,0.0,0.0
2008-12-24 00:00:00+09:00,1671.0773801281678,1708.396726086365,1617.1716581885494,1666.9307861328125,130542,0.0,0.0
2008-12-26 00:00:00+09:00,1666.9309443721065,1712.5434826509452,1658.6377555941358,1679.3707275390625,209558,0.0,0.0
2008-12-29 00:00:00+09:00,1696.376719021987,1696.376719021987,1594.3390216372056,1602.8421630859375,93150,50.0,0.0
2008-12-30 00:00:00+09:00,1615.5971349767735,1645.3581348316088,1573.0814208984375,1573.0814208984375,75013,0.0,0.0
2009-01-02 00:00:00+09:00,1607.09382421875,1628.3516790364583,1573.0812565104166,1594.339111328125,71723,0.0,0.0
2009-01-05 00:00:00+09:00,1628.3518492002745,1628.3518492002745,1568.829849490604,1573.0814208984375,143268,0.0,0.0
2009-01-06 00:00:00+09:00,1573.0813378402868,1658.1127615073292,1573.0813378402868,1649.609619140625,209219,0.0,0.0
2009-01-07 00:00:00+09:00,1658.1127026616311,1696.3768419538226,1649.6095605966996,1666.6158447265625,139699,0.0,0.0
2009-01-08 00:00:00+09:00,1649.6095654296876,1721.8862731933596,1641.1064233398438,1700.62841796875,126190,0.0,0.0
2009-01-09 00:00:00+09:00,1755.8989026618726,1760.1504738547585,1675.1190499970407,1683.6221923828125,168412,0.0,0.0
2009-01-12 00:00:00+09:00,1653.861011778328,1683.6220068488892,1581.584309464108,1602.8421630859375,152487,0.0,0.0
2009-01-13 00:00:00+09:00,1611.3452882157997,1632.6031416223404,1568.8295814027178,1598.590576171875,100459,0.0,0.0
2009-01-14 00:00:00+09:00,1598.590640419408,1628.3516363846627,1573.081215306332,1615.596923828125,192226,0.0,0.0
2009-01-15 00:00:00+09:00,1581.5843977494674,1598.5906815962358,1496.552978515625,1496.552978515625,204854,0.0,0.0
2009-01-16 00:00:00+09:00,1526.3139807807074,1539.0686937120227,1517.8108388264975,1530.5655517578125,54355,0.0,0.0
2009-01-19 00:00:00+09:00,1547.5717681308963,1590.0874760465804,1543.320197339328,1577.332763671875,87053,0.0,0.0
2009-01-20 00:00:00+09:00,1568.8296905517577,1590.087545437283,1522.0624098036023,1530.5655517578125,92308,0.0,0.0
2009-01-21 00:00:00+09:00,1488.049868136476,1522.0624365510241,1462.540441825565,1505.05615234375,72252,0.0,0.0
2009-01-22 00:00:00+09:00,1539.0686833436223,1585.8359637767157,1530.5655414466962,1560.3265380859375,167304,0.0,0.0
2009-01-23 00:00:00+09:00,1556.0749671374745,1577.3328218797897,1530.5655414466962,1560.3265380859375,86253,0.0,0.0
2009-01-28 00:00:00+09:00,1573.0811199657421,1636.854678883272,1573.0811199657421,1590.08740234375,266812,0.0,0.0
2009-01-29 00:00:00+09:00,1615.5971190082994,1624.100261739922,1564.5782626185635,1568.829833984375,208354,0.0,0.0
2009-01-30 00:00:00+09:00,1564.578002610966,1649.6094157963446,1534.8170079960835,1628.3515625,188636,0.0,0.0
2009-02-02 00:00:00+09:00,1632.6033344072166,1700.6284733408506,1628.3517632238645,1649.609619140625,347761,0.0,0.0
2009-02-03 00:00:00+09:00,1675.1190621736423,1692.1253470688061,1598.5907801454048,1653.8612060546875,144369,0.0,0.0
2009-02-04 00:00:00+09:00,1675.1190621736423,1679.3706333974333,1645.3580636071056,1653.8612060546875,144369,0.0,0.0
2009-02-05 00:00:00+09:00,1679.3707275390625,1743.1442994709257,1666.61601315269,1679.3707275390625,176846,0.0,0.0
2009-02-06 00:00:00+09:00,1679.3707275390625,1713.3832992360562,1658.1128702284416,1679.3707275390625,176846,0.0,0.0
2009-02-09 00:00:00+09:00,1709.1316157075548,1709.1316157075548,1649.609619140625,1649.609619140625,213024,0.0,0.0
2009-02-10 00:00:00+09:00,1653.861268176984,1828.175694900008,1649.6096967934955,1670.8675537109375,609141,0.0,0.0
2009-02-11 00:00:00+09:00,1641.1064429248165,1751.6472914119804,1632.6033007334963,1738.892578125,305890,0.0,0.0
2009-02-12 00:00:00+09:00,1764.4019295405417,1781.4082131987636,1721.8862203949864,1751.647216796875,311097,0.0,0.0
2009-02-13 00:00:00+09:00,1772.9050331809306,1998.2382867986507,1751.6471790660512,1870.691162109375,1138901,0.0,0.0
2009-02-16 00:00:00+09:00,1874.9428988752695,1976.9806076575971,1836.6787580818966,1849.4334716796875,391937,0.0,0.0
2009-02-17 00:00:00+09:00,1849.4334728883045,1870.691328898515,1683.6221960086634,1717.634765625,282616,0.0,0.0
2009-02-18 00:00:00+09:00,1675.1188530449394,1887.6973876953125,1662.364140965917,1887.6973876953125,410612,0.0,0.0
2009-02-19 00:00:00+09:00,1896.2006341843378,2083.2697550455728,1785.6597900390625,1785.6597900390625,967721,0.0,0.0
2009-02-20 00:00:00+09:00,1785.6598601772616,1862.1881398991443,1700.6284382640586,1738.892578125,351975,0.0,0.0
2009-02-23 00:00:00+09:00,1781.4080084488855,1840.9299944113782,1709.131311208716,1794.1627197265625,213335,0.0,0.0
2009-02-24 00:00:00+09:00,1751.6471940989939,1934.4647410559276,1726.1377689422122,1874.9427490234375,727965,0.0,0.0
2009-02-25 00:00:00+09:00,1934.464783749338,1964.2257804224048,1755.8988037109375,1755.8988037109375,594903,0.0,0.0
2009-02-26 00:00:00+09:00,1785.6599477002078,1828.175660740689,1615.5970955382834,1662.3643798828125,577193,0.0,0.0
2009-02-27 00:00:00+09:00,1670.8674157590283,1704.879984018754,1632.6032764668369,1666.6158447265625,192214,0.0,0.0
2009-03-02 00:00:00+09:00,1641.1063971625433,1645.3579681396484,1496.5529839409721,1530.5655517578125,341017,0.0,0.0
2009-03-03 00:00:00+09:00,1428.527797054083,1483.7982177734375,1411.5215137558203,1483.7982177734375,218738,0.0,0.0
2009-03-04 00:00:00+09:00,1488.0496685321514,1556.0747962364783,1458.2886751615083,1547.5716552734375,158316,0.0,0.0
2009-03-05 00:00:00+09:00,1573.08123479124,1598.590660220287,1530.565525742828,1556.074951171875,187230,0.0,0.0
2009-03-06 00:00:00+09:00,1509.3077125443644,1539.0687096931267,1488.0498574381058,1534.817138671875,110595,0.0,0.0
2009-03-09 00:00:00+09:00,1590.0873461526537,1645.3577619280134,1581.584205264137,1607.0936279296875,359506,0.0,0.0
2009-03-10 00:00:00+09:00,1636.8547880361932,1649.6095006702415,1585.8359375,1585.8359375,229435,0.0,0.0
2009-03-11 00:00:00+09:00,1628.3516525308603,1636.8547943195333,1590.0875144818324,1619.8485107421875,191065,0.0,0.0
2009-03-12 00:00:00+09:00,1632.6032234251968,1645.357936108206,1607.0937980591782,1619.8485107421875,108923,0.0,0.0
2009-03-13 00:00:00+09:00,1649.6095605966996,1687.8736998888912,1641.1064185317682,1666.6158447265625,237454,0.0,0.0
2009-03-16 00:00:00+09:00,1717.6346179496952,1836.6786013719513,1704.8799054401677,1743.14404296875,933186,0.0,0.0
2009-03-17 00:00:00+09:00,1760.150406508848,1785.6598326901355,1726.1378382671312,1764.4019775390625,220882,0.0,0.0
2009-03-18 00:00:00+09:00,1777.1567612922056,1883.4460412737967,1777.1567612922056,1849.4334716796875,473060,0.0,0.0
2009-03-19 00:00:00+09:00,1870.6913400810456,1913.2070523556147,1802.6662004417349,1819.6724853515625,369561,0.0,0.0
2009-03-20 00:00:00+09:00,1828.1754538796165,1887.6974454012786,1819.6723122336648,1870.691162109375,246218,0.0,0.0
2009-03-23 00:00:00+09:00,1913.206675167167,2015.244364509416,1887.6972528316048,1947.21923828125,425341,0.0,0.0
2009-03-24 00:00:00+09:00,2010.9929867699034,2023.7476991595645,1904.7037168560607,1964.2257080078125,485484,0.0,0.0
2009-03-25 00:00:00+09:00,1972.7290156591905,1985.4837291225042,1930.2133041148113,1942.968017578125,359478,0.0,0.0
2009-03-26 00:00:00+09:00,1972.7286939538044,1981.2318348760189,1925.9614188816236,1955.722412109375,269989,0.0,0.0
2009-03-27 00:00:00+09:00,1955.7227014612267,1981.2321280020253,1832.4271398473668,1836.6787109375,417415,0.0,0.0
2009-03-30 00:00:00+09:00,1853.6850678722535,1866.4397816420167,1785.6599277668497,1789.9114990234375,199475,0.0,0.0
2009-03-31 00:00:00+09:00,1794.1628964888857,1879.1943133840937,1794.1628964888857,1840.93017578125,220523,0.0,0.0
2009-04-01 00:00:00+09:00,1862.188135302198,1951.4711280906595,1836.678708791209,1934.46484375,318841,0.0,0.0
2009-04-02 00:00:00+09:00,1959.9739494490311,2006.7412237308952,1938.7160975027293,1947.21923828125,433059,0.0,0.0
2009-04-03 00:00:00+09:00,1981.232296549479,1981.232296549479,1891.9492960611979,1913.2071533203125,295202,0.0,0.0
2009-04-06 00:00:00+09:00,1917.45826482974,2032.250666493605,1913.2066943977452,2015.244384765625,4601260,0.0,0.0
2009-04-07 00:00:00+09:00,2023.7478013904818,2317.106201171875,1998.2383753225345,2317.106201171875,4601260,0.0,0.0
2009-04-08 00:00:00+09:00,2283.093744768415,2499.923876953125,2232.0748901367188,2380.8798828125,1722269,0.0,0.0
2009-04-09 00:00:00+09:00,2385.131336910624,2491.420612174021,2342.6156268052655,2414.892333984375,1237798,0.0,0.0
2009-04-10 00:00:00+09:00,2423.3956635573813,2657.2320872339706,2304.3516660492996,2465.911376953125,1453121,0.0,0.0
2009-04-13 00:00:00+09:00,2470.1627139745583,2529.684707082379,2389.382866185373,2436.150146484375,835407,0.0,0.0
2009-04-14 00:00:00+09:00,2546.691355753288,2546.691355753288,2355.3706362058792,2363.873779296875,719585,0.0,0.0
2009-04-15 00:00:00+09:00,2338.363833827827,2346.866975041746,2134.288444693762,2227.822998046875,743040,0.0,0.0
2009-04-16 00:00:00+09:00,2270.3386785118323,2312.854384101942,2189.558837890625,2189.558837890625,707328,0.0,0.0
2009-04-17 00:00:00+09:00,2240.5780809445487,2308.6032219219924,2142.7919407894738,2261.8359375,624174,0.0,0.0
2009-04-20 00:00:00+09:00,2287.3450441734813,2304.35132702979,2219.3199127482476,2274.59033203125,380692,0.0,0.0
2009-04-21 00:00:00+09:00,2193.8107965225563,2317.1063645441727,2164.0497973449246,2261.8359375,677270,0.0,0.0
2009-04-22 00:00:00+09:00,2338.36407713081,2431.8986402160426,2274.590511390879,2355.370361328125,694267,0.0,0.0
2009-04-23 00:00:00+09:00,2423.3957809338467,2461.6599248433286,2329.8612069328915,2363.873779296875,708678,0.0,0.0
2009-04-24 00:00:00+09:00,2406.389223547149,2542.439497669956,2338.3640864857457,2423.3955078125,1040467,0.0,0.0
2009-04-27 00:00:00+09:00,2512.678321063702,2780.5272791466346,2512.678321063702,2763.52099609375,1903227,0.0,0.0
2009-04-28 00:00:00+09:00,2797.5335863330697,2844.3008651319506,2351.11865234375,2351.11865234375,1641711,0.0,0.0
2009-04-29 00:00:00+09:00,2389.3825076565336,2397.885648253176,2274.59010960186,2342.615234375,914978,0.0,0.0
2009-04-30 00:00:00+09:00,2402.1380003810136,2431.899002155646,2355.3707118780208,2419.144287109375,619564,0.0,0.0
2009-05-04 00:00:00+09:00,2402.1375883042706,2431.898584973527,2283.0936016272444,2308.60302734375,1032840,0.0,0.0
2009-05-06 00:00:00+09:00,2334.1121798740346,2346.8668912394664,2261.8354821365874,2270.338623046875,485477,0.0,0.0
2009-05-07 00:00:00+09:00,2295.848507988722,2304.351650610902,2236.3265096334585,2261.8359375,368271,0.0,0.0
2009-05-08 00:00:00+09:00,2261.8358938547485,2312.854748603352,2253.3327513966483,2283.09375,260400,0.0,0.0
2009-05-11 00:00:00+09:00,2304.3517758969906,2321.3580620659723,2270.3392035590277,2295.8486328125,268447,0.0,0.0
2009-05-12 00:00:00+09:00,2295.848507988722,2295.848507988722,2249.081223566729,2261.8359375,364687,0.0,0.0
2009-05-13 00:00:00+09:00,2274.5904597217427,2342.6155949657573,2270.3388887689916,2308.60302734375,473528,0.0,0.0
2009-05-14 00:00:00+09:00,2308.6030587209784,2474.4143281318775,2304.3514877104426,2414.892333984375,1223305,0.0,0.0
2009-05-15 00:00:00+09:00,2465.911431796309,2470.16300323044,2346.867431640625,2346.867431640625,672685,0.0,0.0
2009-05-18 00:00:00+09:00,2423.3957790798613,2423.3957790798613,2283.093918185764,2295.8486328125,482769,0.0,0.0
2009-05-19 00:00:00+09:00,2321.357751180959,2385.1313157738427,2300.099896316665,2376.628173828125,519847,0.0,0.0
2009-05-20 00:00:00+09:00,2363.8735979352678,2406.3893101283484,2359.6220267159597,2380.8798828125,414117,0.0,0.0
2009-05-21 00:00:00+09:00,2380.879657451923,2402.1375115363153,2295.848241114354,2321.357666015625,483479,0.0,0.0
2009-05-22 00:00:00+09:00,2295.8483249038013,2363.8734604565066,2261.8357571274487,2278.842041015625,491196,0.0,0.0
2009-05-25 00:00:00+09:00,2278.8419634205425,2291.596675902374,2040.7539970930234,2193.810546875,438979,0.0,0.0
2009-05-26 00:00:00+09:00,2198.062481639831,2210.817196233486,2091.773193359375,2091.773193359375,407209,0.0,0.0
2009-05-27 00:00:00+09:00,2113.0309118826376,2193.8107656568227,2070.5151993699083,2087.521484375,293476,0.0,0.0
2009-05-28 00:00:00+09:00,2083.269988513384,2117.282559754419,2002.4901318159261,2074.766845703125,251430,0.0,0.0
2009-05-29 00:00:00+09:00,2091.773068262526,2091.773068262526,2006.7416427233989,2057.760498046875,168088,0.0,0.0
2009-06-01 00:00:00+09:00,2057.760516369802,2108.779372147566,2045.0058024253613,2096.024658203125,144980,0.0,0.0
2009-06-02 00:00:00+09:00,2151.29519479643,2155.5467663276486,2091.773193359375,2091.773193359375,263829,0.0,0.0
2009-06-03 00:00:00+09:00,2121.534086092007,2138.5403713512615,2057.760516369802,2096.024658203125,262924,0.0,0.0
2009-06-04 00:00:00+09:00,2108.779430873181,2121.534145172817,2032.2511450753636,2045.005859375,167186,0.0,0.0
2009-06-05 00:00:00+09:00,2053.508852228247,2125.785561312885,2036.502567737744,2070.51513671875,167690,0.0,0.0
2009-06-08 00:00:00+09:00,2083.2699131237273,2108.7793406313644,2066.2636281186356,2087.521484375,120772,0.0,0.0
2009-06-09 00:00:00+09:00,2096.02443343065,2113.0307168661925,2032.2508705473642,2036.50244140625,165193,0.0,0.0
2009-06-10 00:00:00+09:00,2049.257430808212,2057.760573674636,2032.2511450753636,2045.005859375,103895,0.0,0.0
2009-06-11 00:00:00+09:00,2053.509002241424,2053.509002241424,2019.4964307757275,2045.005859375,210855,0.0,0.0
2009-06-12 00:00:00+09:00,2066.2637641720653,2104.5279079530296,2036.5027634535377,2091.773193359375,231020,0.0,0.0
2009-06-15 00:00:00+09:00,2091.7727871336874,2091.7727871336874,2040.7539386670123,2049.257080078125,154881,0.0,0.0
2009-06-16 00:00:00+09:00,2040.7542879417879,2062.012145107848,2027.9995736421517,2045.005859375,87026,0.0,0.0
2009-06-17 00:00:00+09:00,2066.26371654106,2074.7668594074844,2023.7480022089396,2045.005859375,85291,0.0,0.0
2009-06-18 00:00:00+09:00,2049.257361328125,2155.5466435546878,2049.257361328125,2125.78564453125,410064,0.0,0.0
2009-06-19 00:00:00+09:00,2147.043172200521,2155.546313476563,2027.9991943359375,2040.75390625,276001,0.0,0.0
2009-06-22 00:00:00+09:00,2049.257080078125,2053.5086507836813,2032.2507972558997,2049.257080078125,114810,0.0,0.0
2009-06-23 00:00:00+09:00,2023.7478412273895,2023.7478412273895,1968.4774169921875,1968.4774169921875,229351,0.0,0.0
2009-06-24 00:00:00+09:00,1976.9802644149115,1981.2318348760189,1942.967700726053,1955.722412109375,99680,0.0,0.0
2009-06-25 00:00:00+09:00,1981.2319173177084,1998.2381998697917,1951.4709228515626,1976.9803466796875,100043,0.0,0.0
2009-06-26 00:00:00+09:00,1998.2384783399693,2006.7416208009904,1976.9806221874164,1985.4837646484375,67114,0.0,0.0
2009-06-29 00:00:00+09:00,1993.986903637323,2027.9994734221814,1951.47119140625,1951.47119140625,75925,0.0,0.0
2009-06-30 00:00:00+09:00,1955.7223790597707,1981.231801395333,1925.9613863349482,1947.21923828125,99048,0.0,0.0
2009-07-01 00:00:00+09:00,1959.9740561792405,2006.7413330078125,1938.7162030753443,2006.7413330078125,76718,0.0,0.0
2009-07-02 00:00:00+09:00,2015.2447852773116,2062.0120693238314,2010.9932140003552,2057.760498046875,167654,0.0,0.0
2009-07-03 00:00:00+09:00,2032.2509654880798,2074.766676063144,1985.4836838555088,2062.011962890625,110429,0.0,0.0
2009-07-06 00:00:00+09:00,2083.2699257086133,2087.5214969855697,2040.7542129390497,2057.760498046875,80816,0.0,0.0
2009-07-07 00:00:00+09:00,2066.263533948131,2079.018247120651,2040.7541076030927,2062.011962890625,92659,0.0,0.0
2009-07-08 00:00:00+09:00,2049.2573554929622,2062.0120693238314,2027.9994991081805,2057.760498046875,62692,0.0,0.0
2009-07-09 00:00:00+09:00,2057.76020468435,2125.785335417717,2057.76020468435,2108.779052734375,184499,0.0,0.0
2009-07-10 00:00:00+09:00,2108.77941694416,2130.037273969807,2053.508988677478,2074.766845703125,63550,0.0,0.0
2009-07-13 00:00:00+09:00,2074.766649555956,2074.766649555956,1989.7352294921875,1989.7352294921875,114968,0.0,0.0
2009-07-14 00:00:00+09:00,2032.2508407526718,2036.5024115492256,1947.2194248215978,1964.2257080078125,78755,0.0,0.0
2009-07-15 00:00:00+09:00,1985.4834959905193,2053.5086264741344,1985.4834959905193,2010.992919921875,146326,0.0,0.0
2009-07-16 00:00:00+09:00,2045.0053777895898,2049.256948221585,1981.231821309665,2015.244384765625,68812,0.0,0.0
2009-07-17 00:00:00+09:00,2023.7479278312242,2083.2699257086133,2015.2447852773116,2057.760498046875,83475,0.0,0.0
2009-07-20 00:00:00+09:00,2057.7602129665133,2108.7790612218814,2040.7539302147238,2079.01806640625,94679,0.0,0.0
2009-07-21 00:00:00+09:00,2091.772778470092,2108.7790612218814,2079.01806640625,2079.01806640625,126652,0.0,0.0
2009-07-22 00:00:00+09:00,2100.2762295179386,2108.779372147566,2079.0183729438704,2096.024658203125,102873,0.0,0.0
2009-07-23 00:00:00+09:00,2100.27587890625,2134.288443746837,2096.0243083011765,2100.27587890625,126392,0.0,0.0
2009-07-24 00:00:00+09:00,2117.2823431521047,2138.540198003029,2079.0182044204403,2083.269775390625,103017,0.0,0.0
2009-07-27 00:00:00+09:00,2096.024702728772,2108.77941694416,2074.766845703125,2074.766845703125,48085,0.0,0.0
2009-07-28 00:00:00+09:00,2083.269988513384,2104.5278455390307,2070.515274297996,2074.766845703125,77612,0.0,0.0
2009-07-29 00:00:00+09:00,2087.521281929173,2096.024423607092,2066.263427734375,2066.263427734375,75515,0.0,0.0
2009-07-30 00:00:00+09:00,2074.7664552758097,2113.03059072147,2066.263314065663,2100.27587890625,101422,0.0,0.0
2009-07-31 00:00:00+09:00,2113.0307626577523,2329.860881159856,2108.7791917067307,2210.81689453125,906090,0.0,0.0
2009-08-03 00:00:00+09:00,2270.338171246408,2270.338171246408,2176.8036398467434,2219.3193359375,194366,0.0,0.0
2009-08-04 00:00:00+09:00,2240.5779017993113,2240.5779017993113,2172.5527662608124,2181.055908203125,168866,0.0,0.0
2009-08-05 00:00:00+09:00,2185.307373046875,2253.3325052817972,2185.307373046875,2185.307373046875,139144,0.0,0.0
2009-08-06 00:00:00+09:00,2164.0497541925515,2193.810752776732,2104.5277570241906,2117.282470703125,218152,0.0,0.0
2009-08-07 00:00:00+09:00,2125.7849461528886,2134.2880859375,2096.023956906748,2134.2880859375,109114,0.0,0.0
2009-08-10 00:00:00+09:00,2168.300994532702,2287.344970703125,2151.294712222642,2287.344970703125,341774,0.0,0.0
2009-08-11 00:00:00+09:00,2287.344904867451,2414.89201852177,2253.3323412262994,2270.338623046875,1063192,0.0,0.0
2009-08-12 00:00:00+09:00,2266.0868804989113,2278.8415908957154,2219.319609043962,2257.583740234375,176443,0.0,0.0
2009-08-13 00:00:00+09:00,2266.087199355617,2283.0934822776103,2240.5777749726267,2244.829345703125,191529,0.0,0.0
2009-08-14 00:00:00+09:00,2253.3318928101053,2274.589740855484,2193.809918283046,2219.3193359375,232612,0.0,0.0
2009-08-17 00:00:00+09:00,2236.326123772944,2312.8543941682155,2236.326123772944,2287.344970703125,364463,0.0,0.0
2009-08-18 00:00:00+09:00,2304.3516690012707,2406.38938128177,2291.5969549662086,2300.10009765625,956883,0.0,0.0
2009-08-19 00:00:00+09:00,2312.8543275983147,2351.1184616946102,2253.3323412262994,2270.338623046875,239611,0.0,0.0
2009-08-20 00:00:00+09:00,2278.8423466435183,2321.3580620659723,2232.0750596788193,2295.8486328125,158706,0.0,0.0
2009-08-21 00:00:00+09:00,2321.3580638418953,2487.1693541163163,2312.8549207508995,2363.873779296875,810844,0.0,0.0
2009-08-24 00:00:00+09:00,2440.401695305574,2440.401695305574,2351.118706452931,2397.885986328125,404932,0.0,0.0
2009-08-25 00:00:00+09:00,2431.898954609663,2431.898954609663,2253.3329474530096,2304.351806640625,335560,0.0,0.0
2009-08-26 00:00:00+09:00,2329.8610587883672,2414.8924842915926,2312.8547736877226,2389.383056640625,325646,0.0,0.0
2009-08-27 00:00:00+09:00,2465.9111535170055,2593.4582821471954,2376.6281634758725,2406.38916015625,874745,0.0,0.0
2009-08-28 00:00:00+09:00,2448.904758165829,2567.948739465557,2389.382767515965,2538.187744140625,769736,0.0,0.0
2009-08-31 00:00:00+09:00,2550.942961264155,2593.4586772852244,2414.8926699967333,2440.402099609375,341379,0.0,0.0
2009-09-01 00:00:00+09:00,2440.4015875622235,2465.9110118224557,2334.1123198112555,2402.137451171875,322075,0.0,0.0
2009-09-02 00:00:00+09:00,2380.879734430212,2419.143873019269,2338.3640248868155,2406.38916015625,142527,0.0,0.0
2009-09-03 00:00:00+09:00,2423.3950700431033,2461.6592027279944,2342.615234375,2342.615234375,166716,0.0,0.0
2009-09-04 00:00:00+09:00,2368.1250533077696,2368.1250533077696,2244.8294939793577,2317.106201171875,223875,0.0,0.0
2009-09-07 00:00:00+09:00,2329.8607513142524,2329.8607513142524,2244.8293370327106,2274.59033203125,137641,0.0,0.0
2009-09-08 00:00:00+09:00,2291.597091843721,2312.854949838561,2278.842377046817,2304.351806640625,116391,0.0,0.0
2009-09-09 00:00:00+09:00,2329.860726592205,2329.860726592205,2219.3198891991447,2236.326171875,155371,0.0,0.0
2009-09-10 00:00:00+09:00,2240.5780809445487,2278.8422227443607,2240.5780809445487,2261.8359375,90648,0.0,0.0
2009-09-11 00:00:00+09:00,2261.8359375,2287.345365366541,2240.5780809445487,2261.8359375,116585,0.0,0.0
2009-09-14 00:00:00+09:00,2257.583462419181,2266.0866016373325,2176.8036398467434,2219.3193359375,228972,0.0,0.0
2009-09-15 00:00:00+09:00,2215.0684010113855,2227.823113493217,2185.3074052204456,2193.810546875,111701,0.0,0.0
2009-09-16 00:00:00+09:00,2202.3136148618137,2249.080892397489,2193.8104734916906,2206.565185546875,143953,0.0,0.0
2009-09-17 00:00:00+09:00,2227.822925314279,2287.344911868477,2219.319784377965,2240.57763671875,148492,0.0,0.0
2009-09-18 00:00:00+09:00,2287.345128348214,2287.345128348214,2210.816852678571,2232.07470703125,120939,0.0,0.0
2009-09-21 00:00:00+09:00,2249.080990513393,2249.080990513393,2215.068423549107,2232.07470703125,77523,0.0,0.0
2009-09-22 00:00:00+09:00,2232.0749383223683,2278.8422227443607,2227.823367011278,2261.8359375,106008,0.0,0.0
2009-09-23 00:00:00+09:00,2270.3388217659885,2278.8419634205425,2185.3074052204456,2193.810546875,177326,0.0,0.0
2009-09-24 00:00:00+09:00,2185.307282895147,2189.5588534844373,2113.0305828772143,2130.036865234375,271308,0.0,0.0
2009-09-25 00:00:00+09:00,2104.527441698634,2138.5400064129553,2096.0243005200537,2130.036865234375,90304,0.0,0.0
2009-09-28 00:00:00+09:00,2130.0370455152793,2138.5401874135437,2108.779190769618,2113.03076171875,52582,0.0,0.0
2009-09-29 00:00:00+09:00,2134.288787109375,2151.295072265625,2113.0309306640625,2125.78564453125,55454,0.0,0.0
2009-09-30 00:00:00+09:00,2121.5339141222894,2134.2886270328445,2074.766633450255,2083.269775390625,154280,0.0,0.0
2009-10-01 00:00:00+09:00,2083.2699257086133,2087.5214969855697,2032.251070385137,2057.760498046875,92705,0.0,0.0
2009-10-05 00:00:00+09:00,2036.5027472138652,2083.27003368433,2015.2448897272905,2053.509033203125,39548,0.0,0.0
2009-10-06 00:00:00+09:00,2074.766707841376,2091.772992331879,2066.2635655961244,2070.51513671875,112600,0.0,0.0
2009-10-07 00:00:00+09:00,2087.521281929173,2096.024423607092,2057.7602860564557,2066.263427734375,41063,0.0,0.0
2009-10-08 00:00:00+09:00,2074.7665694122943,2083.269711090213,2045.0055735395767,2066.263427734375,30574,0.0,0.0
2009-10-09 00:00:00+09:00,2066.263346026021,2113.0306234052105,2066.263346026021,2108.779052734375,33368,0.0,0.0
2009-10-12 00:00:00+09:00,2113.03076171875,2125.785474566147,2096.0244779222207,2113.03076171875,28536,0.0,0.0
2009-10-13 00:00:00+09:00,2117.2824831339103,2125.785625636456,2087.521484375,2087.521484375,29730,0.0,0.0
2009-10-14 00:00:00+09:00,2091.773055626273,2108.7793406313644,2057.7604856160897,2087.521484375,41468,0.0,0.0
2009-10-15 00:00:00+09:00,2091.77307421875,2142.7919296875,2087.5215029296874,2125.78564453125,46790,0.0,0.0
2009-10-16 00:00:00+09:00,2121.533903617015,2134.2886164644115,2100.2760488713534,2113.03076171875,28987,0.0,0.0
2009-10-19 00:00:00+09:00,2113.0306234052105,2117.282194076046,2087.5211993801977,2108.779052734375,33928,0.0,0.0
2009-10-20 00:00:00+09:00,2108.7791806175596,2147.0433189755395,2104.527609688895,2142.791748046875,84285,0.0,0.0
2009-10-21 00:00:00+09:00,2151.294806929414,2232.074651458384,2108.7790992825876,2185.307373046875,208798,0.0,0.0
2009-10-22 00:00:00+09:00,2193.8104575670973,2210.8167401838964,2138.5400390625,2138.5400390625,63727,0.0,0.0
2009-10-23 00:00:00+09:00,2159.797892333499,2164.049462987699,2125.7853270999003,2138.5400390625,33604,0.0,0.0
2009-10-26 00:00:00+09:00,2138.540094635366,2215.0683683996535,2138.540094635366,2185.307373046875,137573,0.0,0.0
2009-10-27 00:00:00+09:00,2185.307479174281,2227.823188885843,2151.2949114050316,2181.055908203125,111450,0.0,0.0
2009-10-28 00:00:00+09:00,2181.0558403862847,2181.0558403862847,2066.263427734375,2066.263427734375,166997,0.0,0.0
2009-10-29 00:00:00+09:00,2057.760498046875,2083.2699257086133,2002.4900714464425,2057.760498046875,102730,0.0,0.0
2009-10-30 00:00:00+09:00,2066.2636281186356,2108.7793406313644,2040.754200610998,2087.521484375,38742,0.0,0.0
2009-11-02 00:00:00+09:00,2062.012176197755,2079.018462187015,2032.2511757165503,2053.509033203125,50964,0.0,0.0
2009-11-03 00:00:00+09:00,2040.7539799528304,2057.760263119104,2027.999267578125,2027.999267578125,21815,0.0,0.0
2009-11-04 00:00:00+09:00,2027.9994991081805,2062.0120693238314,2027.9994991081805,2057.760498046875,22464,0.0,0.0
2009-11-05 00:00:00+09:00,2045.0055093725687,2066.26336290035,2040.7539386670123,2049.257080078125,15793,0.0,0.0
2009-11-06 00:00:00+09:00,2053.508988677478,2083.269988513384,2053.508988677478,2074.766845703125,25945,0.0,0.0
2009-11-09 00:00:00+09:00,2074.7668016290568,2108.779372147566,2070.515230314243,2096.024658203125,26735,0.0,0.0
2009-11-10 00:00:00+09:00,2091.773055626273,2108.7793406313644,2087.521484375,2087.521484375,28578,0.0,0.0
2009-11-11 00:00:00+09:00,2083.269988513384,2091.7731313236422,2062.012131487737,2074.766845703125,39517,0.0,0.0
2009-11-12 00:00:00+09:00,2074.766707841376,2096.024563454505,2066.2635655961244,2070.51513671875,63210,0.0,0.0
2009-11-13 00:00:00+09:00,2066.2633717105264,2087.5212253289474,2006.7413815789473,2019.49609375,52100,0.0,0.0
2009-11-16 00:00:00+09:00,2015.244490577101,2032.2507731980047,1993.986637300971,2010.992919921875,29047,0.0,0.0
2009-11-17 00:00:00+09:00,2006.7415186777837,2032.2509447626708,2006.7415186777837,2023.747802734375,58423,0.0,0.0
2009-11-18 00:00:00+09:00,2027.9991530398106,2027.9991530398106,1989.7350180767953,1998.2381591796875,55223,0.0,0.0
2009-11-19 00:00:00+09:00,2015.244474249371,2019.4960448701502,1981.231909283137,2006.7413330078125,19829,0.0,0.0
2009-11-20 00:00:00+09:00,2010.992919921875,2023.7476318875529,1993.986637300971,2010.992919921875,54798,0.0,0.0
2009-11-23 00:00:00+09:00,2019.4960612323268,2032.2507731980047,2002.4897786114232,2010.992919921875,32531,0.0,0.0
2009-11-24 00:00:00+09:00,2010.993019630169,2010.993019630169,1930.2131731756801,1972.7288818359375,131879,0.0,0.0
2009-11-25 00:00:00+09:00,1972.7290475217865,1981.232189968001,1934.4649065138208,1951.47119140625,64792,0.0,0.0
2009-11-26 00:00:00+09:00,1955.722412109375,1972.7286939538044,1947.2192711871603,1955.722412109375,29290,0.0,0.0
2009-11-27 00:00:00+09:00,1938.716318381125,1972.7288853702673,1891.949038771054,1908.955322265625,101450,0.0,0.0
2009-11-30 00:00:00+09:00,1998.2383070320918,2040.7540156923492,1925.9616023096544,1972.7288818359375,58339,0.0,0.0
2009-12-01 00:00:00+09:00,1972.728988087203,2006.7415568473273,1955.722703707141,1968.4774169921875,29193,0.0,0.0
2009-12-02 00:00:00+09:00,1972.729050956906,1998.2384783399693,1955.7227660348635,1985.4837646484375,64412,0.0,0.0
2009-12-03 00:00:00+09:00,1993.986736166066,1993.986736166066,1964.225740103886,1972.7288818359375,36244,0.0,0.0
2009-12-04 00:00:00+09:00,1964.225771924457,1993.986768468767,1964.225771924457,1981.2320556640625,23435,0.0,0.0
2009-12-07 00:00:00+09:00,1981.232023567989,1998.2383070320918,1968.4773109699117,1972.7288818359375,39847,0.0,0.0
2009-12-08 00:00:00+09:00,1972.728988087203,1976.9805591822187,1955.722703707141,1968.4774169921875,23561,0.0,0.0
2009-12-09 00:00:00+09:00,1951.471027505809,1985.4835944340145,1951.471027505809,1972.7288818359375,37636,0.0,0.0
2009-12-10 00:00:00+09:00,1989.7351653000403,1989.7351653000403,1968.4773109699117,1972.7288818359375,24984,0.0,0.0
2009-12-11 00:00:00+09:00,1989.7350505246955,2006.7413330078125,1981.231909283137,2006.7413330078125,27790,0.0,0.0
2009-12-14 00:00:00+09:00,2006.7417911545504,2036.5027922945542,1993.9870763802628,2032.251220703125,42926,0.0,0.0
2009-12-15 00:00:00+09:00,2019.496053059896,2057.7601888020836,2019.496053059896,2040.75390625,39911,0.0,0.0
2009-12-16 00:00:00+09:00,2027.9992996884785,2040.7540122651358,2015.2445871118214,2036.50244140625,20675,0.0,0.0
2009-12-17 00:00:00+09:00,2027.9996042192354,2062.012176197755,2027.9996042192354,2053.509033203125,43564,0.0,0.0
2009-12-18 00:00:00+09:00,2040.75390625,2049.257047526042,2027.9991943359375,2040.75390625,43203,0.0,0.0
2009-12-21 00:00:00+09:00,2032.250861022698,2066.263427734375,2032.250861022698,2066.263427734375,34739,0.0,0.0
2009-12-22 00:00:00+09:00,2066.263533948131,2070.515105005638,2045.0056786605992,2062.011962890625,25723,0.0,0.0
2009-12-23 00:00:00+09:00,2062.012145107848,2066.26371654106,2040.7542879417879,2045.005859375,23391,0.0,0.0
2009-12-24 00:00:00+09:00,2049.257047526042,2066.263330078125,2036.5023356119793,2040.75390625,46426,0.0,0.0
2009-12-28 00:00:00+09:00,2049.2572497181054,2091.77296029317,2040.7541076030927,2062.011962890625,92851,0.0,0.0
2009-12-29 00:00:00+09:00,2132.9629434537487,2137.3973778476234,2097.4874683027506,2110.790771484375,16801,100.0,0.0
2009-12-30 00:00:00+09:00,2115.2254771468033,2146.2665218848065,2088.618867371372,2119.659912109375,27079,0.0,0.0
2010-01-04 00:00:00+09:00,2119.659559914862,2124.093994140625,2066.446349205702,2124.093994140625,70573,0.0,0.0
2010-01-05 00:00:00+09:00,2137.3975949171113,2181.741943359375,2119.6598555402056,2181.741943359375,146192,0.0,0.0
2010-01-06 00:00:00+09:00,2181.7416193181816,2239.3892637310605,2150.7005800189395,2195.044921875,109435,0.0,0.0
2010-01-07 00:00:00+09:00,2212.782793550276,2221.651662462301,2159.569580078125,2159.569580078125,55872,0.0,0.0
2010-01-08 00:00:00+09:00,2172.87296515851,2212.782876763462,2132.9630535535575,2146.266357421875,127382,0.0,0.0
2010-01-11 00:00:00+09:00,2159.569552392075,2186.176158787049,2150.70068359375,2150.70068359375,79080,0.0,0.0
2010-01-12 00:00:00+09:00,2168.438585125032,2172.873019859439,2150.700846187404,2164.004150390625,51698,0.0,0.0
2010-01-13 00:00:00+09:00,2155.13522666742,2159.5696612901925,2128.5286189307853,2146.266357421875,59740,0.0,0.0
2010-01-14 00:00:00+09:00,2155.135200205257,2181.7418076151985,2132.963027363639,2177.307373046875,80595,0.0,0.0
2010-01-15 00:00:00+09:00,2186.176053503788,2234.9548295454542,2186.176053503788,2195.044921875,154366,0.0,0.0
2010-01-18 00:00:00+09:00,2217.21709280303,2217.21709280303,2168.4383167613637,2195.044921875,72712,0.0,0.0
2010-01-19 00:00:00+09:00,2195.044921875,2217.21709280303,2172.8727509469695,2195.044921875,45832,0.0,0.0
2010-01-20 00:00:00+09:00,2208.348277064732,2208.348277064732,2159.569499860491,2172.872802734375,96317,0.0,0.0
2010-01-21 00:00:00+09:00,2172.872746471515,2181.7416148244597,2146.26614141268,2155.135009765625,67133,0.0,0.0
2010-01-22 00:00:00+09:00,2137.3972684912214,2159.5694393261924,2101.9217951552673,2115.22509765625,76904,0.0,0.0
2010-01-25 00:00:00+09:00,2084.1841651211266,2146.2662466353727,2066.4464275456276,2110.790771484375,105999,0.0,0.0
2010-01-26 00:00:00+09:00,2119.6595271183896,2146.266132061298,2075.315185546875,2075.315185546875,36063,0.0,0.0
2010-01-27 00:00:00+09:00,2097.4873563326323,2097.4873563326323,2053.1430147611177,2075.315185546875,40288,0.0,0.0
2010-01-28 00:00:00+09:00,2093.052922175481,2097.4873563326323,2053.1430147611177,2075.315185546875,65884,0.0,0.0
2010-01-29 00:00:00+09:00,2075.314946713655,2075.314946713655,2035.4050438922386,2039.8394775390625,62177,0.0,0.0
2010-02-01 00:00:00+09:00,2022.1020922691994,2062.0120019850388,2022.1020922691994,2035.4053955078125,30111,0.0,0.0
2010-02-02 00:00:00+09:00,2039.8396564352101,2088.618430828226,2030.9707883637527,2057.577392578125,33285,0.0,0.0
2010-02-03 00:00:00+09:00,2075.3149704953457,2093.0527052859043,2057.577235704787,2084.183837890625,16189,0.0,0.0
2010-02-04 00:00:00+09:00,2084.1839967924975,2101.9217329354124,2048.7085245066673,2057.577392578125,21954,0.0,0.0
2010-02-05 00:00:00+09:00,1999.929730251497,2030.9707681933162,1986.6264282764316,2013.2330322265625,37059,0.0,0.0
2010-02-08 00:00:00+09:00,1999.9297018135542,2035.4051732426194,1995.495267884921,2004.3641357421875,52151,0.0,0.0
2010-02-09 00:00:00+09:00,1999.9298375952849,2066.446351040804,1991.0609691358823,2008.7987060546875,40266,0.0,0.0
2010-02-10 00:00:00+09:00,2035.405339704241,2048.708642578125,2008.7987339564731,2017.6676025390625,20687,0.0,0.0
2010-02-11 00:00:00+09:00,2008.7988690828022,2035.4054766203228,1995.4955653140419,2022.1021728515625,14556,0.0,0.0
2010-02-12 00:00:00+09:00,2022.1017138885097,2053.1427489701314,2022.1017138885097,2030.9705810546875,14481,0.0,0.0
2010-02-16 00:00:00+09:00,2039.8396564352101,2084.1839967924975,2030.9707883637527,2057.577392578125,30587,0.0,0.0
2010-02-17 00:00:00+09:00,2057.577364042208,2066.4462319906656,2044.2740621195212,2048.70849609375,14984,0.0,0.0
2010-02-18 00:00:00+09:00,2053.142851142473,2075.3150201612902,2044.2739835349462,2062.01171875,19700,0.0,0.0
2010-02-19 00:00:00+09:00,2070.880694685311,2088.618430828226,2026.536354328024,2057.577392578125,52846,0.0,0.0
2010-02-22 00:00:00+09:00,2053.142958542396,2075.31512872104,2048.7085245066673,2057.577392578125,24378,0.0,0.0
2010-02-23 00:00:00+09:00,2044.2742643335546,2066.44643639791,2022.1020922691994,2035.4053955078125,28974,0.0,0.0
2010-02-24 00:00:00+09:00,2026.5364990234373,2048.7086707851818,2022.1020646710886,2026.5364990234375,32301,0.0,0.0
2010-02-25 00:00:00+09:00,2048.70850416007,2066.446240126824,2008.798598234874,2013.2330322265625,27440,0.0,0.0
2010-02-26 00:00:00+09:00,2026.5363262226056,2053.142930067979,2013.233024299919,2048.70849609375,18649,0.0,0.0
2010-03-02 00:00:00+09:00,2057.577392578125,2088.618430828226,2022.1019202922953,2057.577392578125,40703,0.0,0.0
2010-03-03 00:00:00+09:00,2048.7085245066673,2079.7495627567687,2039.8396564352101,2057.577392578125,10587,0.0,0.0
2010-03-04 00:00:00+09:00,2066.4461602963474,2101.921630859375,2066.4461602963474,2101.921630859375,39076,0.0,0.0
2010-03-05 00:00:00+09:00,2115.2251256890986,2155.1350337209683,2066.446349205702,2124.093994140625,33599,0.0,0.0
2010-03-08 00:00:00+09:00,2132.9627827371305,2146.2660849163644,2106.356178378663,2137.397216796875,43858,0.0,0.0
2010-03-09 00:00:00+09:00,2110.791042184231,2146.2665218848065,2110.791042184231,2119.659912109375,26022,0.0,0.0
2010-03-10 00:00:00+09:00,2124.094074665999,2128.5285090598736,2075.315296333377,2110.790771484375,33692,0.0,0.0
2010-03-11 00:00:00+09:00,2115.225069387335,2132.9628058182566,2084.1840306332238,2106.356201171875,32872,0.0,0.0
2010-03-12 00:00:00+09:00,2106.3560646797537,2115.22493232051,2079.749461757483,2101.921630859375,30259,0.0,0.0
2010-03-15 00:00:00+09:00,2106.3560646797537,2128.5282337816457,2084.183895577861,2101.921630859375,20045,0.0,0.0
2010-03-16 00:00:00+09:00,2101.9217670641447,2106.356201171875,2079.7495965254934,2106.356201171875,31200,0.0,0.0
2010-03-17 00:00:00+09:00,2119.6594749273254,2119.6594749273254,2079.7495684956393,2097.4873046875,35320,0.0,0.0
2010-03-18 00:00:00+09:00,2110.790691463335,2141.8317310436782,2110.790691463335,2124.093994140625,54973,0.0,0.0
2010-03-19 00:00:00+09:00,2132.9628388832625,2181.7416148244597,2115.2251021773727,2155.135009765625,98368,0.0,0.0
2010-03-22 00:00:00+09:00,2155.1351179929125,2155.1351179929125,2119.6596427996137,2150.70068359375,29367,0.0,0.0
2010-03-23 00:00:00+09:00,2155.1351456221123,2217.2172280062887,2137.397407798062,2159.569580078125,71600,0.0,0.0
2010-03-24 00:00:00+09:00,2164.0039867912374,2186.176158787049,2128.528511597938,2150.70068359375,52965,0.0,0.0
2010-03-25 00:00:00+09:00,2146.2661368252097,2146.2661368252097,2101.9217951552673,2115.22509765625,34423,0.0,0.0
2010-03-26 00:00:00+09:00,2119.6595318232444,2132.962834324227,2097.487360988273,2115.22509765625,24134,0.0,0.0
2010-03-29 00:00:00+09:00,2084.18416254015,2110.7907688704495,2066.446424986617,2070.880859375,73613,0.0,0.0
2010-03-30 00:00:00+09:00,2088.618488018329,2088.618488018329,2066.4463172325723,2075.315185546875,42249,0.0,0.0
2010-03-31 00:00:00+09:00,2093.052567797175,2115.2247348289247,2070.8804007654253,2079.749267578125,61914,0.0,0.0
2010-04-01 00:00:00+09:00,2084.183700984475,2084.183700984475,2053.1426671400254,2079.749267578125,25773,0.0,0.0
2010-04-02 00:00:00+09:00,2093.0530868497876,2115.225259379976,2079.7497833316747,2088.61865234375,89803,0.0,0.0
2010-04-05 00:00:00+09:00,2101.921738735465,2101.921738735465,2035.4052280159883,2097.4873046875,87581,0.0,0.0
2010-04-06 00:00:00+09:00,2093.052893642704,2093.052893642704,2057.5774208690987,2066.4462890625,47216,0.0,0.0
2010-04-07 00:00:00+09:00,2066.4461031000665,2088.6182715882646,2066.4461031000665,2084.183837890625,25553,0.0,0.0
2010-04-08 00:00:00+09:00,2084.183837890625,2106.356006378823,2079.7494041929854,2084.183837890625,43679,0.0,0.0
2010-04-09 00:00:00+09:00,2110.7906352796053,2115.225069387335,2088.6184647409536,2106.356201171875,25305,0.0,0.0
2010-04-12 00:00:00+09:00,2106.3560646797537,2115.22493232051,2084.183895577861,2101.921630859375,36190,0.0,0.0
2010-04-13 00:00:00+09:00,2115.22493232051,2119.659366140889,2088.61832939824,2101.921630859375,22121,0.0,0.0
2010-04-14 00:00:00+09:00,2101.9218230118086,2132.962862592152,2088.6185203345185,2124.093994140625,34775,0.0,0.0
2010-04-15 00:00:00+09:00,2141.831812241498,2150.7006810292473,2110.790771484375,2110.790771484375,46506,0.0,0.0
2010-04-16 00:00:00+09:00,2128.528782034519,2128.528782034519,2097.4877372965157,2119.659912109375,14716,0.0,0.0
2010-04-19 00:00:00+09:00,2084.1841651211266,2132.9629434537487,2079.7497307272515,2110.790771484375,30684,0.0,0.0
2010-04-20 00:00:00+09:00,2101.9218230118086,2137.397296817915,2101.9218230118086,2124.093994140625,32985,0.0,0.0
2010-04-21 00:00:00+09:00,2132.9629733420497,2190.610621270213,2124.0941044300243,2159.569580078125,230971,0.0,0.0
2010-04-22 00:00:00+09:00,2155.1351456221123,2177.3073179021753,2132.9629733420497,2159.569580078125,66271,0.0,0.0
2010-04-23 00:00:00+09:00,2164.004150390625,2208.3484977346952,2146.266411452997,2164.004150390625,82638,0.0,0.0
2010-04-26 00:00:00+09:00,2164.0040145341377,2190.610621270213,2137.397407798062,2159.569580078125,47879,0.0,0.0
2010-04-27 00:00:00+09:00,2137.397188313802,2155.1349243164063,2119.659452311198,2128.5283203125,46856,0.0,0.0
2010-04-28 00:00:00+09:00,2110.790663489256,2124.0939659902388,2093.052926821279,2115.22509765625,39157,0.0,0.0
2010-04-29 00:00:00+09:00,2115.225069387335,2128.5283717105262,2084.1840306332238,2106.356201171875,81614,0.0,0.0
2010-04-30 00:00:00+09:00,2128.5285090598736,2146.2662466353727,2093.053033908876,2110.790771484375,74704,0.0,0.0
2010-05-03 00:00:00+09:00,2124.093799961267,2128.5282337816457,2084.183895577861,2101.921630859375,34733,0.0,0.0
2010-05-04 00:00:00+09:00,2106.3561727834303,2137.397211119186,2093.052870639535,2097.4873046875,60965,0.0,0.0
2010-05-06 00:00:00+09:00,2101.921703784497,2101.921703784497,2035.4051941710634,2048.70849609375,138165,0.0,0.0
2010-05-07 00:00:00+09:00,1995.4954275635862,2030.9709018313831,1951.1510847288398,1977.7576904296875,90843,0.0,0.0
2010-05-10 00:00:00+09:00,1991.0609967912947,2022.102036830357,1968.8888253348214,2017.6676025390625,49571,0.0,0.0
2010-05-11 00:00:00+09:00,2035.405339704241,2039.8397739955356,1999.9298653738838,2017.6676025390625,30687,0.0,0.0
2010-05-12 00:00:00+09:00,2013.2329891906872,2017.667423087583,1982.1919519124167,1999.9296875,43675,0.0,0.0
2010-05-13 00:00:00+09:00,2013.2331959663907,2039.839802080484,1995.4954585569951,2026.5364990234375,27869,0.0,0.0
2010-05-14 00:00:00+09:00,2017.6675177151483,2017.6675177151483,1982.1920448762005,1991.0609130859375,62669,0.0,0.0
2010-05-17 00:00:00+09:00,1986.626650528169,1991.061085015955,1866.8969193579444,1889.069091796875,278266,0.0,0.0
2010-05-18 00:00:00+09:00,1906.8065688189338,1906.8065688189338,1862.462230009191,1884.6343994140625,38754,0.0,0.0
2010-05-19 00:00:00+09:00,1889.0691055190648,1906.806843599056,1866.8969329190759,1893.5035400390625,17340,0.0,0.0
2010-05-20 00:00:00+09:00,1893.5034423828124,1902.3723109654018,1853.5935337611606,1862.46240234375,39431,0.0,0.0
2010-05-24 00:00:00+09:00,1844.7246897699758,1866.896861522019,1818.1180836675244,1831.42138671875,30125,0.0,0.0
2010-05-25 00:00:00+09:00,1782.6426449876335,1831.4214238305788,1685.085087301743,1764.9049072265625,92085,0.0,0.0
2010-05-26 00:00:00+09:00,1738.298262492265,1791.511474609375,1724.9949594629875,1791.511474609375,38522,0.0,0.0
2010-05-27 00:00:00+09:00,1818.1181383018584,1862.4624831384892,1800.3804003672062,1849.1591796875,34948,0.0,0.0
2010-05-28 00:00:00+09:00,1902.3725466489223,1902.3725466489223,1818.1182846761262,1858.0281982421875,25791,0.0,0.0
2010-05-31 00:00:00+09:00,1853.59364276066,1897.9379882812498,1835.855904552424,1897.93798828125,27122,0.0,0.0
2010-06-01 00:00:00+09:00,1902.3723109654018,1902.3723109654018,1818.1180594308034,1862.46240234375,49166,0.0,0.0
2010-06-03 00:00:00+09:00,1844.7246757433252,1897.9378875436134,1818.1180698431813,1826.9869384765625,142270,0.0,0.0
2010-06-04 00:00:00+09:00,1826.9869384765625,1831.421372793253,1795.9458982597278,1826.9869384765625,60289,0.0,0.0
2010-06-07 00:00:00+09:00,1778.2083873843674,1795.9461269093983,1773.7739525031095,1782.642822265625,46482,0.0,0.0
2010-06-08 00:00:00+09:00,1769.3393437715947,1822.552557118109,1769.3393437715947,1804.8148193359375,61415,0.0,0.0
2010-06-09 00:00:00+09:00,1804.814833098767,1818.1181365368413,1795.9459641400506,1809.249267578125,40670,0.0,0.0
2010-06-10 00:00:00+09:00,1813.6836077434261,1840.2902132359948,1809.2491734946648,1818.1180419921875,42583,0.0,0.0
2010-06-11 00:00:00+09:00,1826.986751849835,1853.593355032114,1822.5523179861216,1844.7244873046875,41590,0.0,0.0
2010-06-14 00:00:00+09:00,1844.7244873046875,1853.593355032114,1831.421185713548,1844.7244873046875,23123,0.0,0.0
2010-06-15 00:00:00+09:00,1844.724746919014,1906.8068297480193,1844.724746919014,1889.069091796875,71840,0.0,0.0
2010-06-16 00:00:00+09:00,1906.8065249185427,1906.8065249185427,1844.724452014218,1871.3310546875,21420,0.0,0.0
2010-06-17 00:00:00+09:00,1871.3313264666863,1880.2001953125,1862.4624576208726,1880.2001953125,8540,0.0,0.0
2010-06-18 00:00:00+09:00,1911.2411795479911,1911.2411795479911,1853.5935337611606,1862.46240234375,7028,0.0,0.0
2010-06-21 00:00:00+09:00,1897.9379745590604,1902.3724090790581,1866.8969329190759,1893.5035400390625,22514,0.0,0.0
2010-06-22 00:00:00+09:00,1902.3723952602331,1902.3723952602331,1875.7657883335166,1889.069091796875,8622,0.0,0.0
2010-06-23 00:00:00+09:00,1880.2002228213028,1928.9790021869499,1849.1591814068001,1889.069091796875,59948,0.0,0.0
2010-06-24 00:00:00+09:00,1884.6346709990669,1924.5445816790473,1884.6346709990669,1893.5035400390625,33638,0.0,0.0
2010-06-25 00:00:00+09:00,1871.3313538457305,1889.069091796875,1871.3313538457305,1889.069091796875,30667,0.0,0.0
2010-06-28 00:00:00+09:00,1889.0688332950367,1906.8065688189338,1884.6343994140625,1884.6343994140625,10147,0.0,0.0
2010-06-29 00:00:00+09:00,1893.5035803425624,1906.8068841857184,1862.4625380418645,1866.89697265625,7920,0.0,0.0
2010-06-30 00:00:00+09:00,1818.1181531990999,1893.5035400390625,1818.1181531990999,1893.5035400390625,45508,0.0,0.0
2010-07-01 00:00:00+09:00,1897.9379330041272,1897.9379330041272,1844.724719929245,1880.2001953125,25832,0.0,0.0
2010-07-02 00:00:00+09:00,1866.896999782986,1889.0691731770833,1862.4625651041667,1875.765869140625,22792,0.0,0.0
2010-07-05 00:00:00+09:00,1920.1101610415449,1920.1101610415449,1875.765815520955,1897.93798828125,25526,0.0,0.0
2010-07-06 00:00:00+09:00,1897.937960772447,1906.8068297480193,1862.4624848701583,1889.069091796875,12193,0.0,0.0
2010-07-07 00:00:00+09:00,1906.806790387189,1928.9789623684353,1889.069052802192,1915.6756591796875,42020,0.0,0.0
2010-07-08 00:00:00+09:00,1915.6755512052541,1928.9788536441795,1902.3722487663288,1920.1099853515625,14687,0.0,0.0
2010-07-09 00:00:00+09:00,1924.5445694145117,1937.8478728897271,1906.8068314475574,1928.97900390625,16071,0.0,0.0
2010-07-12 00:00:00+09:00,1933.4131211391716,1933.4131211391716,1902.3720847906068,1906.8065185546875,37832,0.0,0.0
2010-07-13 00:00:00+09:00,1906.8068314475574,1928.97900390625,1897.9379624640806,1928.97900390625,49276,0.0,0.0
2010-07-14 00:00:00+09:00,1924.5443964177914,1964.4543032559484,1915.6755282315341,1951.1510009765625,65874,0.0,0.0
2010-07-15 00:00:00+09:00,1955.585377824416,1955.585377824416,1920.1099061178504,1933.4132080078125,52847,0.0,0.0
2010-07-16 00:00:00+09:00,1924.544419497871,1946.7165902294132,1897.9378146200202,1920.1099853515625,75574,0.0,0.0
2010-07-19 00:00:00+09:00,1915.6756706957547,1915.6756706957547,1871.3313264666863,1880.2001953125,92671,0.0,0.0
2010-07-20 00:00:00+09:00,1862.4624576208726,1893.5034985812204,1853.5935887750588,1880.2001953125,29078,0.0,0.0
2010-07-21 00:00:00+09:00,1884.634738498264,1897.9380425347222,1862.4625651041667,1875.765869140625,49120,0.0,0.0
2010-07-22 00:00:00+09:00,1875.7657585419804,1884.6346273766942,1818.1181111163403,1840.290283203125,90755,0.0,0.0
2010-07-23 00:00:00+09:00,1840.290310720174,1849.1591796875,1818.1181383018584,1849.1591796875,43950,0.0,0.0
2010-07-26 00:00:00+09:00,1849.1588857930983,1893.5032235819017,1822.5522831198164,1871.3310546875,39752,0.0,0.0
2010-07-27 00:00:00+09:00,1889.0691731770833,1893.5036078559028,1866.896999782986,1875.765869140625,30003,0.0,0.0
2010-07-28 00:00:00+09:00,1889.0690641583135,1889.0690641583135,1866.8968920437794,1880.2001953125,20780,0.0,0.0
2010-07-29 00:00:00+09:00,1875.765869140625,1884.634738498264,1862.4625651041667,1875.765869140625,10725,0.0,0.0
2010-07-30 00:00:00+09:00,1875.7658418850208,1880.200276499406,1849.1592341987084,1866.89697265625,21269,0.0,0.0
2010-08-02 00:00:00+09:00,1871.3313659960002,1871.3313659960002,1849.1591934131093,1853.5936279296875,28147,0.0,0.0
2010-08-03 00:00:00+09:00,1862.4623844798018,1875.7656872260861,1813.6836077434261,1818.1180419921875,52252,0.0,0.0
2010-08-04 00:00:00+09:00,1835.8555908203125,1835.8555908203125,1818.1178556433047,1835.8555908203125,26008,0.0,0.0
2010-08-05 00:00:00+09:00,1835.8557789872332,1840.2902132359948,1804.8147392459032,1818.1180419921875,28324,0.0,0.0
2010-08-06 00:00:00+09:00,1826.9867232318086,1849.1588922030683,1809.2489880548007,1835.8555908203125,20933,0.0,0.0
2010-08-09 00:00:00+09:00,1849.1591432359482,1928.9789623684353,1840.2902744434498,1915.6756591796875,130273,0.0,0.0
2010-08-10 00:00:00+09:00,1915.6756706957547,1933.4134083873819,1875.7657608895931,1880.2001953125,36167,0.0,0.0
2010-08-11 00:00:00+09:00,1889.0691055190648,1924.5445816790473,1866.8969329190759,1893.5035400390625,53489,0.0,0.0
2010-08-12 00:00:00+09:00,1871.3314344618057,1928.9790852864583,1858.0281304253472,1875.765869140625,47427,0.0,0.0
2010-08-13 00:00:00+09:00,1889.0690641583135,1897.9379330041272,1875.7657608895931,1880.2001953125,38641,0.0,0.0
2010-08-16 00:00:00+09:00,1880.2002364790692,1906.806843599056,1862.462498399078,1893.5035400390625,68740,0.0,0.0
2010-08-17 00:00:00+09:00,1906.806857385368,1911.241291937427,1889.0691191771318,1897.93798828125,22978,0.0,0.0
2010-08-18 00:00:00+09:00,1889.069091796875,1906.8068297480193,1875.7657883335166,1889.069091796875,16671,0.0,0.0
2010-08-19 00:00:00+09:00,1875.765749613444,1937.8478311609338,1875.765749613444,1915.6756591796875,58830,0.0,0.0
2010-08-20 00:00:00+09:00,1906.8068178238407,1937.847859044229,1906.8068178238407,1924.5445556640625,30797,0.0,0.0
2010-08-23 00:00:00+09:00,1933.41334404498,1986.6265553489702,1911.2411726683174,1937.8477783203125,80365,0.0,0.0
2010-08-24 00:00:00+09:00,1946.7167279643397,1951.1511624243951,1906.8068178238407,1924.5445556640625,43038,0.0,0.0
2010-08-25 00:00:00+09:00,1928.97868117241,1968.8885849208048,1902.3720786734802,1942.281982421875,29312,0.0,0.0
2010-08-26 00:00:00+09:00,1942.2821327903055,1982.1920396284625,1933.4132646040484,1951.1510009765625,84662,0.0,0.0
2010-08-27 00:00:00+09:00,1951.1510291466345,1964.4543316180889,1915.675555889423,1960.0198974609375,48276,0.0,0.0
2010-08-30 00:00:00+09:00,1951.1513538404042,1973.3235283158633,1933.4136142600369,1946.7169189453125,21115,0.0,0.0
2010-08-31 00:00:00+09:00,1955.5854296761709,1955.5854296761709,1889.0689184626958,1911.2410888671875,49729,0.0,0.0
2010-09-01 00:00:00+09:00,1911.2410888671875,1951.1509955952727,1902.3722207053909,1911.2410888671875,64471,0.0,0.0
2010-09-02 00:00:00+09:00,1915.6754944274476,1933.4132304869609,1897.937758367934,1902.3721923828125,34991,0.0,0.0
2010-09-03 00:00:00+09:00,1915.675555889423,1968.8887657752405,1915.675555889423,1960.0198974609375,73407,0.0,0.0
2010-09-06 00:00:00+09:00,1964.4543316180889,1986.6265024038462,1928.9788583608774,1960.0198974609375,160184,0.0,0.0
2010-09-07 00:00:00+09:00,1968.8890515273877,1982.1923559295997,1946.716877523701,1973.323486328125,65410,0.0,0.0
2010-09-08 00:00:00+09:00,1964.4543316180889,1982.1920682466948,1960.0198974609375,1960.0198974609375,33106,0.0,0.0
2010-09-09 00:00:00+09:00,1964.4542379293355,1968.888671875,1937.847634255349,1968.888671875,26391,0.0,0.0
2010-09-10 00:00:00+09:00,1968.888742561595,1999.9297812956745,1960.0198743518583,1991.0609130859375,25592,0.0,0.0
2010-09-13 00:00:00+09:00,1991.0608416033222,1991.0608416033222,1955.5853700380067,1968.888671875,27181,0.0,0.0
2010-09-14 00:00:00+09:00,1968.8885849208048,1977.757452420448,1915.6753799229452,1942.281982421875,16636,0.0,0.0
2010-09-15 00:00:00+09:00,1951.1510009765627,1951.1510009765627,1924.5443964177914,1951.1510009765625,25372,0.0,0.0
2010-09-16 00:00:00+09:00,1955.5854350696911,1955.5854350696911,1937.847698697177,1951.1510009765625,9148,0.0,0.0
2010-09-17 00:00:00+09:00,1951.1509438610951,1964.4542457510572,1928.9787740444917,1933.4132080078125,9572,0.0,0.0
2010-09-20 00:00:00+09:00,1933.4132925180288,1964.4543316180889,1928.9788583608774,1960.0198974609375,4524,0.0,0.0
2010-09-24 00:00:00+09:00,1960.0198974609375,1960.0198974609375,1951.1510291466345,1960.0198974609375,5599,0.0,0.0
2010-09-27 00:00:00+09:00,1960.0198691628198,1968.8887373490768,1928.9788305109198,1951.1510009765625,52495,0.0,0.0
2010-09-28 00:00:00+09:00,1937.8478728897271,1968.8889143318966,1924.5445694145117,1928.97900390625,23108,0.0,0.0
2010-09-29 00:00:00+09:00,1951.1509438610951,1951.1509438610951,1924.5443400811712,1933.4132080078125,51995,0.0,0.0
2010-09-30 00:00:00+09:00,1937.8478728897271,1946.716741873204,1915.6757004310346,1928.97900390625,47771,0.0,0.0
2010-10-01 00:00:00+09:00,1937.8477783203125,1951.15108114631,1924.5444754943148,1937.8477783203125,48001,0.0,0.0
2010-10-04 00:00:00+09:00,1937.8480491551288,1955.585788735496,1933.4136142600369,1946.7169189453125,64098,0.0,0.0
2010-10-05 00:00:00+09:00,1946.7166468709775,1946.7166468709775,1915.6756069436499,1937.8477783203125,67692,0.0,0.0
2010-10-06 00:00:00+09:00,1946.7165021466778,1991.0608416033222,1942.2820682010135,1968.888671875,148513,0.0,0.0
2010-10-07 00:00:00+09:00,1968.8888218627383,2030.9709018313831,1968.8888218627383,1977.7576904296875,55716,0.0,0.0
2010-10-08 00:00:00+09:00,1999.9300128391812,1999.9300128391812,1960.020101274763,1986.626708984375,24010,0.0,0.0
2010-10-11 00:00:00+09:00,1986.626558996637,1999.9298618470607,1960.019953295789,1977.7576904296875,47469,0.0,0.0
2010-10-12 00:00:00+09:00,1977.7576340895432,1991.0609365609976,1937.8477266751802,1960.0198974609375,25669,0.0,0.0
2010-10-13 00:00:00+09:00,1960.0198974609375,1973.3231999323918,1955.5854633037861,1960.0198974609375,11213,0.0,0.0
2010-10-14 00:00:00+09:00,1960.020181925913,1982.1923559295997,1960.020181925913,1973.323486328125,20846,0.0,0.0
2010-10-15 00:00:00+09:00,1973.323405129569,1986.626708984375,1960.020101274763,1986.626708984375,16079,0.0,0.0
2010-10-18 00:00:00+09:00,1982.1919942847433,2030.9707681933162,1982.1919942847433,2013.2330322265625,89797,0.0,0.0
2010-10-19 00:00:00+09:00,2013.2331682477677,2026.5364711216516,2004.3642996651786,2017.6676025390625,32299,0.0,0.0
2010-10-20 00:00:00+09:00,2008.7988690828022,2022.1021728515625,1986.6266961348683,2022.1021728515625,30031,0.0,0.0
2010-10-21 00:00:00+09:00,2022.1020646710886,2035.4053677281352,2013.2331959663907,2026.5364990234375,26784,0.0,0.0
2010-10-22 00:00:00+09:00,2030.9707681933162,2035.4052021850048,2008.798598234874,2013.2330322265625,33518,0.0,0.0
2010-10-25 00:00:00+09:00,2026.5364711216516,2030.9709054129464,2004.3642996651786,2017.6676025390625,41384,0.0,0.0
2010-10-26 00:00:00+09:00,2030.9709885735833,2044.2742919921875,2008.798816209243,2044.2742919921875,82010,0.0,0.0
2010-10-27 00:00:00+09:00,2044.2739111858866,2048.7083448327107,2030.9706102454145,2039.8394775390625,51495,0.0,0.0
2010-10-28 00:00:00+09:00,2048.70849609375,2048.70849609375,2030.9707601968346,2048.70849609375,11622,0.0,0.0
2010-10-29 00:00:00+09:00,2053.1432149786697,2053.1432149786697,1999.9299999036286,2022.1021728515625,69523,0.0,0.0
2010-11-01 00:00:00+09:00,2022.102036830357,2030.9709054129464,2013.2331682477677,2017.6676025390625,44495,0.0,0.0
2010-11-02 00:00:00+09:00,2022.1020087437914,2022.1020087437914,1982.1921006764796,2008.7987060546875,45694,0.0,0.0
2010-11-03 00:00:00+09:00,2004.3642718249862,2017.6675745140901,1999.9298375952849,2008.7987060546875,33592,0.0,0.0
2010-11-04 00:00:00+09:00,2013.2331646974847,2017.6675989809594,1968.8888218627383,1977.7576904296875,87065,0.0,0.0
2010-11-05 00:00:00+09:00,1986.626790730337,1991.0612255310746,1964.4546167266503,1973.323486328125,51102,0.0,0.0
2010-11-08 00:00:00+09:00,1968.888742561595,1999.9297812956745,1968.888742561595,1991.0609130859375,17824,0.0,0.0
2010-11-09 00:00:00+09:00,1991.0609130859375,2004.364215400543,1982.1920448762005,1991.0609130859375,32156,0.0,0.0
2010-11-10 00:00:00+09:00,1999.9301222560123,1999.9301222560123,1977.7579479516219,1982.1923828125,42277,0.0,0.0
2010-11-11 00:00:00+09:00,1995.4955782209124,1999.9300128391812,1973.323405129569,1986.626708984375,41568,0.0,0.0
2010-11-12 00:00:00+09:00,1986.6264682424594,1991.0609023233576,1897.9377866244924,1911.2410888671875,125823,0.0,0.0
2010-11-15 00:00:00+09:00,1897.937758367934,1924.5443624572042,1893.5033243530556,1902.3721923828125,29607,0.0,0.0
2010-11-16 00:00:00+09:00,1906.8066263976907,1906.8066263976907,1880.2000223084208,1902.3721923828125,30196,0.0,0.0
2010-11-17 00:00:00+09:00,1884.6345121810948,1920.1099853515625,1871.3312097421694,1920.1099853515625,4442,0.0,0.0
2010-11-18 00:00:00+09:00,1915.6756867439517,1937.847859044229,1906.8068178238407,1924.5445556640625,17495,0.0,0.0
2010-11-19 00:00:00+09:00,1937.847698697177,1951.1510009765627,1920.1099623246628,1951.1510009765625,26064,0.0,0.0
2010-11-22 00:00:00+09:00,1946.7169189453123,1955.585788735496,1933.4136142600369,1946.7169189453125,14720,0.0,0.0
2010-11-23 00:00:00+09:00,1937.8477783203125,1955.5855154216426,1924.5444754943148,1937.8477783203125,22543,0.0,0.0
2010-11-24 00:00:00+09:00,1840.2901435728138,1911.2410888671875,1840.2901435728138,1911.2410888671875,60558,0.0,0.0
2010-11-25 00:00:00+09:00,1911.2412522838963,1924.5445556640625,1897.9379489037299,1924.5445556640625,27327,0.0,0.0
2010-11-26 00:00:00+09:00,1924.5445676991637,1933.4134366747357,1871.3313538457305,1889.069091796875,33540,0.0,0.0
2010-11-29 00:00:00+09:00,1893.5035400390625,1906.806843599056,1875.7658019590715,1893.5035400390625,20052,0.0,0.0
2010-11-30 00:00:00+09:00,1893.5032172624456,1906.8065185546875,1893.5032172624456,1906.8065185546875,9004,0.0,0.0
2010-12-01 00:00:00+09:00,1902.3723559909397,1915.6756591796875,1893.503487198441,1915.6756591796875,11945,0.0,0.0
2010-12-02 00:00:00+09:00,1920.1103095747615,1951.1513538404042,1906.8070048894858,1946.7169189453125,13099,0.0,0.0
2010-12-03 00:00:00+09:00,1946.7166468709775,1955.5855154216426,1915.6756069436499,1937.8477783203125,30732,0.0,0.0
2010-12-06 00:00:00+09:00,1937.8475486720533,1951.1508499215183,1928.97868117241,1942.281982421875,17706,0.0,0.0
2010-12-07 00:00:00+09:00,1942.2824840502205,1951.1513538404042,1924.5447444698532,1946.7169189453125,15275,0.0,0.0
2010-12-08 00:00:00+09:00,1946.7165902294132,1946.7165902294132,1893.5033804737118,1920.1099853515625,116686,0.0,0.0
2010-12-09 00:00:00+09:00,1911.2412522838963,1928.978990124118,1897.9379489037299,1924.5445556640625,68937,0.0,0.0
2010-12-10 00:00:00+09:00,1928.9786873750909,1928.9786873750909,1902.3720847906068,1906.8065185546875,25598,0.0,0.0
2010-12-13 00:00:00+09:00,1915.6754721545299,1942.2820759344538,1911.241038191209,1933.4132080078125,28408,0.0,0.0
2010-12-14 00:00:00+09:00,1928.9787740444917,1937.8476419711333,1920.1099061178504,1933.4132080078125,17957,0.0,0.0
2010-12-15 00:00:00+09:00,1924.5443400811712,1964.4542457510572,1915.6754721545299,1933.4132080078125,54077,0.0,0.0
2010-12-16 00:00:00+09:00,1942.2821327903055,1960.0198691628198,1928.9788305109198,1951.1510009765625,58688,0.0,0.0
2010-12-17 00:00:00+09:00,1951.1510009765627,1964.4543032559484,1942.2821327903055,1951.1510009765625,16368,0.0,0.0
2010-12-20 00:00:00+09:00,1946.7166999534325,1951.1511343496818,1889.069052802192,1915.6756591796875,87565,0.0,0.0
2010-12-21 00:00:00+09:00,1920.1100412189824,1942.282212595645,1906.8067383929847,1937.8477783203125,29986,0.0,0.0
2010-12-22 00:00:00+09:00,1937.8475486720533,1951.1508499215183,1920.109813672767,1942.281982421875,31296,0.0,0.0
2010-12-23 00:00:00+09:00,1937.847698697177,1964.4543032559484,1937.847698697177,1951.1510009765625,40459,0.0,0.0
2010-12-24 00:00:00+09:00,1937.8477783203125,1960.0199496969751,1937.8477783203125,1937.8477783203125,25329,0.0,0.0
2010-12-27 00:00:00+09:00,1933.4132925180288,1964.4543316180889,1933.4132925180288,1960.0198974609375,26425,0.0,0.0
2010-12-28 00:00:00+09:00,1951.1510150935376,1977.757619844813,1946.716580968325,1955.58544921875,51067,0.0,0.0
2010-12-29 00:00:00+09:00,1997.3914478443287,2020.6169297960068,1988.1012550636574,2006.681640625,33893,100.0,0.0
2010-12-30 00:00:00+09:00,1997.3913887950862,2011.3266775541217,1960.2306187709917,1988.1011962890625,28621,0.0,0.0
2011-01-03 00:00:00+09:00,1997.391466055877,1997.391466055877,1978.8110803251245,1983.4561767578125,11382,0.0,0.0
2011-01-04 00:00:00+09:00,1992.746017668968,2002.0362088935321,1983.4558264444042,1997.39111328125,19282,0.0,0.0
2011-01-05 00:00:00+09:00,2006.6815813011099,2006.6815813011099,1978.8110037830388,1988.1011962890625,40570,0.0,0.0
2011-01-06 00:00:00+09:00,1988.1012731905007,1992.7463696231887,1955.585598161684,1983.4561767578125,68061,0.0,0.0
2011-01-07 00:00:00+09:00,1983.4561767578125,1988.1012731905007,1964.8757910270601,1983.4561767578125,53851,0.0,0.0
2011-01-10 00:00:00+09:00,1983.4558264444042,2011.326400118096,1978.810730832122,1997.39111328125,87961,0.0,0.0
2011-01-11 00:00:00+09:00,1997.3913887950862,2006.6815813011099,1978.8110037830388,1988.1011962890625,54934,0.0,0.0
2011-01-12 00:00:00+09:00,1983.4561000360507,2020.6168700601454,1978.8110037830388,1988.1011962890625,78682,0.0,0.0
2011-01-13 00:00:00+09:00,1992.746017668968,1997.39111328125,1983.4558264444042,1997.39111328125,57835,0.0,0.0
2011-01-14 00:00:00+09:00,1992.7463241362236,2002.0365167895393,1974.165938829592,1978.81103515625,56551,0.0,0.0
2011-01-17 00:00:00+09:00,1978.81103515625,2006.6816131161972,1974.165938829592,1978.81103515625,37810,0.0,0.0
2011-01-18 00:00:00+09:00,1992.7461552159925,1992.7461552159925,1950.940291819853,1974.165771484375,61407,0.0,0.0
2011-01-19 00:00:00+09:00,1974.1659704244362,1983.4561632264335,1955.5855848204415,1969.5208740234375,56859,0.0,0.0
2011-01-20 00:00:00+09:00,1969.520814732143,1988.1011997767857,1941.6502371651786,1950.9404296875,62194,0.0,0.0
2011-01-21 00:00:00+09:00,1955.5855259486607,1964.8757184709823,1941.6502371651786,1950.9404296875,20720,0.0,0.0
2011-01-24 00:00:00+09:00,1950.9407513238366,1969.5211394316825,1946.295654296875,1946.295654296875,11175,0.0,0.0
2011-01-25 00:00:00+09:00,1946.2953334263393,1969.520814732143,1941.6502371651786,1950.9404296875,12882,0.0,0.0
2011-01-26 00:00:00+09:00,1950.9404296875,1969.520814732143,1941.6502371651786,1950.9404296875,22164,0.0,0.0
2011-01-27 00:00:00+09:00,1950.940564744016,1974.1660476576353,1941.6503715785684,1964.8758544921875,27869,0.0,0.0
2011-01-28 00:00:00+09:00,1974.1660211869566,1974.1660211869566,1932.3601525029976,1937.0052490234375,26061,0.0,0.0
2011-01-31 00:00:00+09:00,1937.0051444340677,1937.0051444340677,1913.7796630859375,1913.7796630859375,16661,0.0,0.0
2011-02-01 00:00:00+09:00,1937.005066952463,1937.005066952463,1890.5541061142744,1918.4246826171875,27941,0.0,0.0
2011-02-07 00:00:00+09:00,1927.715087890625,1932.3601844879518,1909.1347015013177,1927.715087890625,20957,0.0,0.0
2011-02-08 00:00:00+09:00,1950.940461227198,1950.940461227198,1923.0698832096666,1941.6502685546875,32138,0.0,0.0
2011-02-09 00:00:00+09:00,1932.3603632159904,1960.2309453777596,1923.0701691620675,1946.295654296875,18696,0.0,0.0
2011-02-10 00:00:00+09:00,1937.0051128000453,1946.2953051875754,1913.7796318312198,1923.06982421875,8098,0.0,0.0
2011-02-11 00:00:00+09:00,1932.3601581601465,1946.295447762263,1899.844482421875,1899.844482421875,11644,0.0,0.0
2011-02-14 00:00:00+09:00,1899.8445469232252,1932.360223765432,1867.3288700810185,1881.26416015625,25437,0.0,0.0
2011-02-15 00:00:00+09:00,1909.134720667397,1913.7798173113567,1881.2641408036395,1904.4896240234375,29222,0.0,0.0
2011-02-16 00:00:00+09:00,1904.4894424212978,1913.7796348233528,1885.9090576171875,1885.9090576171875,8628,0.0,0.0
2011-02-17 00:00:00+09:00,1904.4894705466852,1913.7796630859375,1885.909085468181,1913.7796630859375,53664,0.0,0.0
2011-02-18 00:00:00+09:00,1895.1994307355183,1923.070010599276,1895.1994307355183,1904.4896240234375,29792,0.0,0.0
2011-02-21 00:00:00+09:00,1904.4895470983502,1923.0699329236998,1899.8444506420126,1909.1346435546875,26938,0.0,0.0
2011-02-22 00:00:00+09:00,1904.4894741549351,1904.4894741549351,1867.3287039275217,1876.618896484375,26858,0.0,0.0
2011-02-23 00:00:00+09:00,1876.6188652151325,1895.1992500192425,1862.6835766120498,1885.9090576171875,35806,0.0,0.0
2011-02-24 00:00:00+09:00,1881.2641020130338,1885.909198561214,1858.038619272132,1862.6837158203125,31461,0.0,0.0
2011-02-25 00:00:00+09:00,1876.6190054648534,1876.6190054648534,1848.7484261757713,1862.6837158203125,23553,0.0,0.0
2011-02-28 00:00:00+09:00,1853.3935227239517,1867.3288123684927,1839.4582330794108,1862.6837158203125,22472,0.0,0.0
2011-03-02 00:00:00+09:00,1862.6837158203125,1862.6837158203125,1820.8778468866894,1862.6837158203125,40107,0.0,0.0
2011-03-03 00:00:00+09:00,1858.038619272132,1881.2641020130338,1848.7484261757713,1862.6837158203125,21768,0.0,0.0
2011-03-04 00:00:00+09:00,1881.2640648166628,1909.1346435546875,1876.6189683603254,1909.1346435546875,37433,0.0,0.0
2011-03-07 00:00:00+09:00,1904.4896240234375,1913.7798173113567,1885.909237447599,1904.4896240234375,14226,0.0,0.0
2011-03-08 00:00:00+09:00,1904.4895470983502,1909.1346435546875,1885.9091612730003,1909.1346435546875,16252,0.0,0.0
2011-03-09 00:00:00+09:00,1909.1346300910502,1909.1346300910502,1890.5542443967333,1895.1993408203125,11168,0.0,0.0
2011-03-10 00:00:00+09:00,1895.1993408203125,1904.489533667471,1881.264051549575,1895.1993408203125,7889,0.0,0.0
2011-03-11 00:00:00+09:00,1885.9092568479937,1890.5543535397376,1862.6837733892746,1881.26416015625,10532,0.0,0.0
2011-03-14 00:00:00+09:00,1862.6835482788085,1890.5541250610352,1848.7482598876952,1858.0384521484375,35713,0.0,0.0
2011-03-15 00:00:00+09:00,1862.6836113207269,1867.3287076083097,1783.7169744318182,1839.4581298828125,71637,0.0,0.0
2011-03-16 00:00:00+09:00,1820.8778468866894,1881.2641020130338,1820.8778468866894,1862.6837158203125,49336,0.0,0.0
2011-03-17 00:00:00+09:00,1834.813180800101,1871.9739540821286,1825.5229874795943,1867.328857421875,25771,0.0,0.0
2011-03-18 00:00:00+09:00,1862.6837733892746,1895.1994502314815,1862.6837733892746,1881.26416015625,19568,0.0,0.0
2011-03-21 00:00:00+09:00,1871.9738587024167,1904.489533667471,1871.9738587024167,1895.1993408203125,26287,0.0,0.0
2011-03-22 00:00:00+09:00,1904.489533667471,1909.1346300910502,1885.9091479731542,1895.1993408203125,10578,0.0,0.0
2011-03-23 00:00:00+09:00,1895.1993408203125,1899.844437243892,1881.264051549575,1895.1993408203125,5429,0.0,0.0
2011-03-24 00:00:00+09:00,1899.844437243892,1904.489533667471,1858.038569431679,1895.1993408203125,88154,0.0,0.0
2011-03-25 00:00:00+09:00,1895.1993408203125,1904.489533667471,1876.6189551259959,1895.1993408203125,33979,0.0,0.0
2011-03-28 00:00:00+09:00,1885.9091029061733,1909.1345844690572,1867.328717655866,1890.55419921875,29812,0.0,0.0
2011-03-29 00:00:00+09:00,1885.9090576171875,1895.1992500192425,1871.9737690141048,1885.9090576171875,17119,0.0,0.0
2011-03-30 00:00:00+09:00,1885.9090576171875,1895.1992500192425,1881.2639614161599,1885.9090576171875,18962,0.0,0.0
2011-03-31 00:00:00+09:00,1881.2640962857197,1899.844482421875,1881.2640962857197,1899.844482421875,30006,0.0,0.0
2011-04-01 00:00:00+09:00,1899.8443742770592,1932.3600481644417,1899.8443742770592,1913.7796630859375,46117,0.0,0.0
2011-04-04 00:00:00+09:00,1918.4248229382085,1918.4248229382085,1881.264051549575,1895.1993408203125,38590,0.0,0.0
2011-04-05 00:00:00+09:00,1904.4894705466852,1918.4247593555635,1885.909085468181,1913.7796630859375,88050,0.0,0.0
2011-04-06 00:00:00+09:00,1904.4894086397612,1969.520754300631,1904.4894086397612,1932.3599853515625,79136,0.0,0.0
2011-04-07 00:00:00+09:00,1941.6502685546875,1974.165942908474,1932.3600758821772,1941.6502685546875,100987,0.0,0.0
2011-04-08 00:00:00+09:00,1950.9403698260967,1964.8756581819976,1932.3599853515625,1932.3599853515625,52080,0.0,0.0
2011-04-11 00:00:00+09:00,1946.295654296875,1960.2309453777596,1932.3603632159904,1946.295654296875,36020,0.0,0.0
2011-04-12 00:00:00+09:00,1932.3600758821772,1974.165942908474,1927.7149795459218,1941.6502685546875,28253,0.0,0.0
2011-04-13 00:00:00+09:00,1927.7149795459218,1955.5855575634532,1918.4247868734114,1941.6502685546875,29196,0.0,0.0
2011-04-14 00:00:00+09:00,1941.6503776826053,1946.2954742799323,1923.0699912932982,1927.715087890625,13176,0.0,0.0
2011-04-15 00:00:00+09:00,1932.359970868644,1932.359970868644,1899.8442982819122,1918.4246826171875,82978,0.0,0.0
2011-04-18 00:00:00+09:00,1927.715087890625,1941.6503776826053,1904.489604903991,1927.715087890625,65009,0.0,0.0
2011-04-19 00:00:00+09:00,1932.3600166062802,1932.3600166062802,1913.7796318312198,1923.06982421875,31302,0.0,0.0
2011-04-20 00:00:00+09:00,1923.0699912932982,1932.3601844879518,1913.7797980986445,1927.715087890625,20872,0.0,0.0
2011-04-21 00:00:00+09:00,1941.6503455438774,1946.2954420643173,1923.0699594621178,1937.0052490234375,45909,0.0,0.0
2011-04-22 00:00:00+09:00,1941.6503971751142,1941.6503971751142,1904.4896240234375,1904.4896240234375,31522,0.0,0.0
2011-04-25 00:00:00+09:00,1918.42486855803,1923.069965092069,1895.1993858878361,1899.844482421875,44482,0.0,0.0
2011-04-26 00:00:00+09:00,1913.7798699693703,1913.7798699693703,1867.3289022516672,1871.9739990234375,29270,0.0,0.0
2011-04-27 00:00:00+09:00,1890.554340723142,1923.070017344916,1867.328857421875,1867.328857421875,66819,0.0,0.0
2011-04-28 00:00:00+09:00,1885.9092568479937,1918.4249336902005,1871.9739667727622,1881.26416015625,25813,0.0,0.0
2011-04-29 00:00:00+09:00,1890.5543535397376,1899.8445469232252,1871.9739667727622,1881.26416015625,9842,0.0,0.0
2011-05-02 00:00:00+09:00,1890.5543861105186,1890.5543861105186,1858.0387087081265,1871.9739990234375,71763,0.0,0.0
2011-05-03 00:00:00+09:00,1867.3288700810185,1885.9092568479937,1867.3288700810185,1881.26416015625,38735,0.0,0.0
2011-05-04 00:00:00+09:00,1881.2641474026352,1885.9092440628888,1858.038664101368,1867.328857421875,43604,0.0,0.0
2011-05-06 00:00:00+09:00,1867.3286444091796,1876.6188366699218,1839.4580676269532,1858.0384521484375,35184,0.0,0.0
2011-05-09 00:00:00+09:00,1858.0384521484375,1876.6188366699218,1853.3933560180662,1858.0384521484375,26281,0.0,0.0
2011-05-11 00:00:00+09:00,1848.7484261757713,1867.3288123684927,1848.7484261757713,1862.6837158203125,21106,0.0,0.0
2011-05-12 00:00:00+09:00,1848.7482598876952,1858.0384521484375,1844.1031637573242,1858.0384521484375,27802,0.0,0.0
2011-05-13 00:00:00+09:00,1858.038664101368,1890.554340723142,1830.1680841398477,1867.328857421875,53451,0.0,0.0
2011-05-16 00:00:00+09:00,1867.3287991471027,1867.3287991471027,1834.8131235400638,1848.7484130859375,44778,0.0,0.0
2011-05-17 00:00:00+09:00,1844.1031637573242,1867.3286444091796,1830.1678753662109,1858.0384521484375,41810,0.0,0.0
2011-05-18 00:00:00+09:00,1867.3288123684927,1867.3288123684927,1844.1033296275912,1862.6837158203125,30146,0.0,0.0
2011-05-19 00:00:00+09:00,1862.6837026318115,1867.3287991471027,1839.458220055355,1848.7484130859375,23468,0.0,0.0
2011-05-20 00:00:00+09:00,1834.8131235400638,1848.7484130859375,1834.8131235400638,1848.7484130859375,21773,0.0,0.0
2011-05-23 00:00:00+09:00,1848.7483224579782,1848.7483224579782,1825.5228410200639,1839.4581298828125,14030,0.0,0.0
2011-05-24 00:00:00+09:00,1839.458220055355,1848.7484130859375,1830.1680270247723,1848.7484130859375,22816,0.0,0.0
2011-05-25 00:00:00+09:00,1848.7484130859375,1853.393509601229,1834.8131235400638,1848.7484130859375,19616,0.0,0.0
2011-05-26 00:00:00+09:00,1839.4580676269532,1858.0384521484375,1834.812971496582,1858.0384521484375,26230,0.0,0.0
2011-05-27 00:00:00+09:00,1862.6835482788085,1867.3286444091796,1853.3933560180662,1858.0384521484375,15252,0.0,0.0
2011-05-30 00:00:00+09:00,1871.9739990234375,1885.9092893387483,1848.7485151645858,1871.9739990234375,356859,0.0,0.0
2011-05-31 00:00:00+09:00,1997.3912199173851,2150.679383306394,1946.2951654543822,2020.61669921875,4250719,0.0,0.0
2011-06-01 00:00:00+09:00,2085.6484091796874,2322.54833984375,2067.0680224609373,2322.54833984375,2916447,0.0,0.0
2011-06-02 00:00:00+09:00,2471.191501358696,2670.9306640625,2350.418984375,2670.9306640625,9121796,0.0,0.0
2011-06-03 00:00:00+09:00,2768.4777006519785,2819.5737655968974,2485.126795048336,2582.673828125,7619802,0.0,0.0
2011-06-07 00:00:00+09:00,2554.8029796618252,2968.216552734375,2550.1578833351673,2968.216552734375,11863440,0.0,0.0
2011-06-08 00:00:00+09:00,2982.1518078972313,3042.5380594590133,2526.932373046875,2526.932373046875,9810582,0.0,0.0
2011-06-09 00:00:00+09:00,2573.383228309079,2652.3498616687443,2392.224481189848,2503.706787109375,5337943,0.0,0.0
2011-06-10 00:00:00+09:00,2536.222688605986,2582.67365359877,2234.291416152893,2313.258056640625,5131745,0.0,0.0
2011-06-13 00:00:00+09:00,2331.838337308253,2392.2245890712156,2220.356026361245,2290.032470703125,3239287,0.0,0.0
2011-06-14 00:00:00+09:00,2317.903081356328,2406.159912109375,2229.6462506032817,2406.159912109375,3003139,0.0,0.0
2011-06-15 00:00:00+09:00,2373.6443111312437,2429.385469122584,2276.097284646398,2313.258056640625,1821778,0.0,0.0
2011-06-16 00:00:00+09:00,2308.61287331321,2656.99509765625,2285.387391690341,2554.802978515625,6940058,0.0,0.0
2011-06-17 00:00:00+09:00,2526.9321922709923,2601.253727337786,2434.0302734375,2434.0302734375,3011345,0.0,0.0
2011-06-20 00:00:00+09:00,2471.1912446732954,2605.8990380859373,2443.3206667258523,2554.802978515625,2317712,0.0,0.0
2011-06-21 00:00:00+09:00,2554.8031455592104,2582.673725328947,2368.9992804276317,2382.9345703125,1266651,0.0,0.0
2011-06-22 00:00:00+09:00,2420.09516583067,2489.771610144413,2378.2892992424245,2452.61083984375,974140,0.0,0.0
2011-06-23 00:00:00+09:00,2447.9654547860687,2485.126220703125,2382.9341144312207,2485.126220703125,868223,0.0,0.0
2011-06-24 00:00:00+09:00,2536.223034667969,2833.509251185826,2522.287743268694,2601.25439453125,4504534,0.0,0.0
2011-06-27 00:00:00+09:00,2670.9304809570312,2800.9931826384172,2550.1579722528872,2564.09326171875,3220383,0.0,0.0
2011-06-28 00:00:00+09:00,2610.5444090040464,2666.28557076214,2461.901310982464,2582.673828125,1453804,0.0,0.0
2011-06-29 00:00:00+09:00,2573.383783318015,2619.8347541360295,2368.99951171875,2368.99951171875,921280,0.0,0.0
2011-06-30 00:00:00+09:00,2350.4188552129835,2406.1600138346353,2294.677696591332,2341.128662109375,929850,0.0,0.0
2011-07-01 00:00:00+09:00,2350.4190347025715,2406.1601975808935,2327.193550169937,2359.709228515625,544631,0.0,0.0
2011-07-04 00:00:00+09:00,2396.8697193985276,2429.3853938864922,2355.063852199716,2406.159912109375,517834,0.0,0.0
2011-07-05 00:00:00+09:00,2434.0305085358796,2587.3186894169557,2424.740315755208,2508.35205078125,1119468,0.0,0.0
2011-07-06 00:00:00+09:00,2540.8678683614903,2573.383544921875,2485.126708543688,2573.383544921875,476129,0.0,0.0
2011-07-07 00:00:00+09:00,2601.25408543578,2633.7697615037273,2503.707057231938,2531.57763671875,416456,0.0,0.0
2011-07-08 00:00:00+09:00,2582.6736857847095,2601.2540720133766,2503.7070443128746,2517.642333984375,434036,0.0,0.0
2011-07-11 00:00:00+09:00,2517.6418269856767,2824.218138020833,2503.7065401204427,2787.057373046875,2549318,0.0,0.0
2011-07-12 00:00:00+09:00,2694.1555484081696,2833.5084216016958,2638.414399130759,2722.026123046875,1565249,0.0,0.0
2011-07-13 00:00:00+09:00,2754.542829725477,3126.1506313747827,2629.1251966688365,2675.576171875,6313734,0.0,0.0
2011-07-14 00:00:00+09:00,2694.1562690464316,2740.607239202405,2559.44845559411,2619.834716796875,1351682,0.0,0.0
2011-07-15 00:00:00+09:00,2638.4143999169437,2796.34765625,2633.769304142442,2796.34765625,1053879,0.0,0.0
2011-07-18 00:00:00+09:00,2866.0244564280792,3214.40668370864,2861.379360064338,3158.66552734375,3781349,0.0,0.0
2011-07-19 00:00:00+09:00,3121.504635989011,3195.8261749411304,2944.9909809777278,2958.92626953125,2783458,0.0,0.0
2011-07-20 00:00:00+09:00,3033.248085223683,3195.8264665143856,2907.8304767994264,2986.797119140625,2174371,0.0,0.0
2011-07-21 00:00:00+09:00,2926.410416613908,3079.698581293684,2791.7026355316802,2866.024169921875,1228920,0.0,0.0
2011-07-22 00:00:00+09:00,2917.120332282456,3019.312445833752,2852.0889872952675,2889.249755859375,928355,0.0,0.0
2011-07-25 00:00:00+09:00,2889.2496350138485,2903.1849226425325,2749.8967587270067,2777.767333984375,656952,0.0,0.0
2011-07-26 00:00:00+09:00,2745.2523090362547,3000.7326423645018,2745.2523090362547,2972.862060546875,1334944,0.0,0.0
2011-07-27 00:00:00+09:00,2940.346001771439,3047.183218265504,2926.4107126635176,2996.087158203125,681910,0.0,0.0
2011-07-28 00:00:00+09:00,2958.9263541929186,3130.794917937248,2833.508753622732,2879.959716796875,1176870,0.0,0.0
2011-07-29 00:00:00+09:00,2907.830110624239,3023.957511208274,2842.7987662971796,2861.379150390625,850055,0.0,0.0
2011-08-01 00:00:00+09:00,2944.9909891268103,3102.924259837081,2903.185123350562,3047.18310546875,1614719,0.0,0.0
2011-08-02 00:00:00+09:00,3070.4085482493065,3093.6340289471077,2889.249798806458,2931.0556640625,739984,0.0,0.0
2011-08-03 00:00:00+09:00,2842.799345397949,2972.862060546875,2749.897406005859,2972.862060546875,695472,0.0,0.0
2011-08-04 00:00:00+09:00,3047.182861328125,3051.8279571533203,2824.21826171875,2898.539794921875,371810,0.0,0.0
2011-08-05 00:00:00+09:00,2638.4148980426444,2684.8658645574797,2531.5776750585233,2573.383544921875,721386,0.0,0.0
2011-08-08 00:00:00+09:00,2489.7716349283855,2601.253946940104,2187.8403732299803,2229.646240234375,647687,0.0,0.0
2011-08-09 00:00:00+09:00,2034.5520605468748,2173.9049414062497,1895.1991796875,2090.293212890625,928280,0.0,0.0
2011-08-10 00:00:00+09:00,2229.6465964395493,2317.903440881948,2173.9054315285603,2266.807373046875,660552,0.0,0.0
2011-08-11 00:00:00+09:00,2108.873892578125,2341.1287265625,2108.873892578125,2322.54833984375,860213,0.0,0.0
2011-08-12 00:00:00+09:00,2415.450004715795,2475.8362548336895,2308.61279296875,2308.61279296875,729417,0.0,0.0
2011-08-16 00:00:00+09:00,2387.579833984375,2410.80531875076,2359.709252264713,2387.579833984375,629810,0.0,0.0
2011-08-17 00:00:00+09:00,2382.9342930285015,2461.900926520674,2355.0637165018525,2429.38525390625,529031,0.0,0.0
2011-08-18 00:00:00+09:00,2457.25628828353,2559.448421255624,2327.193573591774,2387.579833984375,909111,0.0,0.0
2011-08-19 00:00:00+09:00,2257.5165076622593,2299.322368915264,2159.969498071915,2173.90478515625,586016,0.0,0.0
2011-08-22 00:00:00+09:00,2159.9696183405003,2266.80682526917,2099.583370946035,2211.065673828125,376581,0.0,0.0
2011-08-23 00:00:00+09:00,2220.356314702289,2294.677864985211,2211.066120916924,2257.51708984375,314555,0.0,0.0
2011-08-24 00:00:00+09:00,2294.6774347002415,2303.967626743562,2146.0343620071085,2164.61474609375,356970,0.0,0.0
2011-08-25 00:00:00+09:00,2187.8403036794357,2229.646169354839,2155.3246303763444,2159.9697265625,226516,0.0,0.0
2011-08-26 00:00:00+09:00,2169.2600627731927,2262.161992656413,2155.32477329071,2225.001220703125,287472,0.0,0.0
2011-08-29 00:00:00+09:00,2248.226716480809,2285.3874886540457,2211.0659443075724,2238.9365234375,289866,0.0,0.0
2011-08-30 00:00:00+09:00,2276.097567198706,2290.0328584264535,2234.291693515465,2266.807373046875,259286,0.0,0.0
2011-08-31 00:00:00+09:00,2276.0974841981424,2368.9994223286785,2252.871999665508,2359.709228515625,409044,0.0,0.0
2011-09-01 00:00:00+09:00,2373.6445192352057,2540.868007870171,2322.5484532634105,2359.709228515625,1398899,0.0,0.0
2011-09-02 00:00:00+09:00,2341.1289262615264,2368.999508717021,2257.5171788950433,2266.807373046875,320200,0.0,0.0
2011-09-05 00:00:00+09:00,2229.645777925532,2271.451636261636,2183.19482421875,2183.19482421875,264129,0.0,0.0
2011-09-06 00:00:00+09:00,2173.90508690309,2173.90508690309,2062.4227747542136,2067.06787109375,254442,0.0,0.0
2011-09-07 00:00:00+09:00,2118.163928222656,2229.646240234375,2113.5188318888345,2229.646240234375,280276,0.0,0.0
2011-09-08 00:00:00+09:00,2262.1618076685854,2266.806903782895,2132.0991164679276,2206.420654296875,190264,0.0,0.0
2011-09-09 00:00:00+09:00,2173.9053508096895,2178.550447713129,2108.8739941615363,2169.26025390625,137141,0.0,0.0
2011-09-14 00:00:00+09:00,2173.905105868253,2173.905105868253,2015.9718289462003,2043.8424072265625,243086,0.0,0.0
2011-09-15 00:00:00+09:00,2090.293027276862,2113.518505357716,1997.391114953446,2034.5518798828125,87989,0.0,0.0
2011-09-16 00:00:00+09:00,2076.3578911789323,2211.065673828125,2062.422603318671,2211.065673828125,253563,0.0,0.0
2011-09-19 00:00:00+09:00,2220.3560417655235,2276.0971976257456,2141.389404296875,2141.389404296875,247588,0.0,0.0
2011-09-20 00:00:00+09:00,2150.6792314932036,2178.5498046875,2108.873371701759,2178.5498046875,151988,0.0,0.0
2011-09-21 00:00:00+09:00,2183.195765398551,2313.258491847826,2183.195765398551,2243.58203125,522884,0.0,0.0
2011-09-22 00:00:00+09:00,2192.485469563802,2234.2913365681966,2164.6148915608724,2229.646240234375,280080,0.0,0.0
2011-09-23 00:00:00+09:00,2146.034502915933,2155.324695569249,1960.2306498496184,1978.81103515625,528220,0.0,0.0
2011-09-26 00:00:00+09:00,1983.4560788997933,2015.97175232438,1686.169921875,1686.169921875,753912,0.0,0.0
2011-09-27 00:00:00+09:00,1709.3954409950659,1779.071885600843,1709.3954409950659,1765.1365966796875,468416,0.0,0.0
2011-09-28 00:00:00+09:00,1788.3621562061965,1811.5876387543287,1741.9111911099315,1760.4915771484375,282138,0.0,0.0
2011-09-29 00:00:00+09:00,1727.9757955660996,1783.71695026178,1700.105218218259,1774.4267578125,254374,0.0,0.0
2011-09-30 00:00:00+09:00,1783.7169608778627,1858.0385009144402,1783.7169608778627,1825.5228271484375,252141,0.0,0.0
2011-10-04 00:00:00+09:00,1700.1052656250001,1751.2013255208333,1690.8150729166666,1741.9111328125,254775,0.0,0.0
2011-10-05 00:00:00+09:00,1760.4915587107341,1853.3934879302979,1741.9111728668213,1783.717041015625,424580,0.0,0.0
2011-10-06 00:00:00+09:00,1839.4581017127402,1909.134544959435,1811.5875244140625,1811.5875244140625,343555,0.0,0.0
2011-10-07 00:00:00+09:00,1862.6837026318115,1890.5542817235594,1830.1680270247723,1848.7484130859375,226822,0.0,0.0
2011-10-10 00:00:00+09:00,1848.7485151645858,1913.7798699693703,1844.1034183928155,1871.9739990234375,176538,0.0,0.0
2011-10-11 00:00:00+09:00,1904.4894086397612,2025.2619077242339,1871.9737358093262,1932.3599853515625,893992,0.0,0.0
2011-10-12 00:00:00+09:00,1941.6502685546875,1969.520846572219,1918.4247868734114,1941.6502685546875,215873,0.0,0.0
2011-10-13 00:00:00+09:00,1969.520814732143,2015.97177734375,1946.2953334263393,1950.9404296875,308368,0.0,0.0
2011-10-14 00:00:00+09:00,1950.940461227198,1969.520846572219,1895.1993051921352,1941.6502685546875,105317,0.0,0.0
2011-10-17 00:00:00+09:00,1960.2306187709917,2029.907062566169,1941.6502337589443,1988.1011962890625,336915,0.0,0.0
2011-10-18 00:00:00+09:00,1950.940426264968,2118.1638913733937,1923.069848746897,1988.1011962890625,654907,0.0,0.0
2011-10-19 00:00:00+09:00,2034.552158819181,2048.4874475782162,1974.165907530027,1988.1011962890625,293270,0.0,0.0
2011-10-20 00:00:00+09:00,1983.456226073001,2011.326805362083,1862.6837158203125,1862.6837158203125,293874,0.0,0.0
2011-10-21 00:00:00+09:00,1909.1347015013177,1937.0052810852785,1885.9092185146837,1927.715087890625,177691,0.0,0.0
2011-10-24 00:00:00+09:00,1964.8758866769967,1992.746466629862,1927.71511340651,1955.585693359375,263632,0.0,0.0
2011-10-25 00:00:00+09:00,1978.8110392447295,1983.4561355809847,1941.6502685546875,1941.6502685546875,142729,0.0,0.0
2011-10-26 00:00:00+09:00,1909.134594200901,1946.2953648909427,1904.4894978646457,1941.6502685546875,124913,0.0,0.0
2011-10-27 00:00:00+09:00,1974.165938829592,2015.971805769513,1941.650264542987,1978.81103515625,307454,0.0,0.0
2011-10-28 00:00:00+09:00,2011.326713598516,2011.326713598516,1941.6502685546875,1941.6502685546875,219564,0.0,0.0
2011-10-31 00:00:00+09:00,1950.940426264968,1988.1011962890625,1941.6502337589443,1988.1011962890625,239373,0.0,0.0
2011-11-01 00:00:00+09:00,2053.1322768565965,2122.8087115915487,1997.3911290686344,2011.326416015625,708290,0.0,0.0
2011-11-02 00:00:00+09:00,1950.9404602050781,2266.8070109049477,1946.2953638712565,2229.646240234375,1520888,0.0,0.0
2011-11-03 00:00:00+09:00,2201.775826171875,2322.54833984375,2150.6797626953125,2322.54833984375,896827,0.0,0.0
2011-11-04 00:00:00+09:00,2327.193513981087,2359.709191821142,2257.5170614666836,2317.9033203125,638911,0.0,0.0
2011-11-07 00:00:00+09:00,2331.838104248047,2415.4498291015625,2248.2263793945312,2303.967529296875,943717,0.0,0.0
2011-11-08 00:00:00+09:00,2299.3228448606005,2401.514971298849,2127.4542685780907,2132.099365234375,1330843,0.0,0.0
2011-11-09 00:00:00+09:00,2164.6150418283632,2215.7111050474878,2108.873881952955,2132.099365234375,566638,0.0,0.0
2011-11-10 00:00:00+09:00,2071.712644812179,2081.0028360445203,2015.9714974181293,2034.5518798828125,396745,0.0,0.0
2011-11-11 00:00:00+09:00,2062.42263671875,2090.293212890625,2043.8422526041666,2090.293212890625,222026,0.0,0.0
2011-11-14 00:00:00+09:00,2136.744384765625,2173.9051566745925,2122.8090952997622,2136.744384765625,338227,0.0,0.0
2011-11-15 00:00:00+09:00,2136.743870511968,2229.645777925532,2118.1634890292553,2183.19482421875,460269,0.0,0.0
2011-11-16 00:00:00+09:00,2211.0657603520035,2238.936337163163,2048.4873956202387,2057.777587890625,443309,0.0,0.0
2011-11-17 00:00:00+09:00,2062.4227609763857,2108.8737240614396,2053.132568359375,2053.132568359375,189328,0.0,0.0
2011-11-18 00:00:00+09:00,2053.132568359375,2076.3580499019017,2025.2619905083427,2053.132568359375,203826,0.0,0.0
2011-11-21 00:00:00+09:00,2053.132458954194,2108.8736116859823,2043.8422668322296,2104.228515625,186005,0.0,0.0
2011-11-22 00:00:00+09:00,2071.7130078555206,2108.873779296875,2062.422814995182,2108.873779296875,123443,0.0,0.0
2011-11-23 00:00:00+09:00,2090.2933138553226,2094.9384101083347,1941.6502337589443,1988.1011962890625,459200,0.0,0.0
2011-11-24 00:00:00+09:00,1964.8757502359638,1969.520846572219,1918.4247868734114,1941.6502685546875,265643,0.0,0.0
2011-11-25 00:00:00+09:00,1932.3602038871952,1955.5856871069932,1895.1994307355183,1904.4896240234375,132819,0.0,0.0
2011-11-28 00:00:00+09:00,1918.4246826171875,1946.2952591201006,1890.5541061142744,1918.4246826171875,149990,0.0,0.0
2011-11-29 00:00:00+09:00,1937.0051375059325,1988.1011962890625,1923.069848746897,1988.1011962890625,143504,0.0,0.0
2011-11-30 00:00:00+09:00,1988.1011997767857,1992.7462960379464,1941.6502371651786,1950.9404296875,82929,0.0,0.0
2011-12-01 00:00:00+09:00,1988.1012596274322,2002.0365488304283,1955.5855848204415,1969.5208740234375,129607,0.0,0.0
2011-12-02 00:00:00+09:00,1964.8756787766254,2108.873659963565,1964.8756787766254,2071.712890625,377918,0.0,0.0
2011-12-05 00:00:00+09:00,2076.35791015625,2090.293198143876,2029.9069501974973,2076.35791015625,103721,0.0,0.0
2011-12-06 00:00:00+09:00,2076.35791015625,2104.2284861315015,2025.2618542016219,2076.35791015625,184461,0.0,0.0
2011-12-07 00:00:00+09:00,2090.2935589800827,2164.615107743819,2071.7131717891484,2113.51904296875,270148,0.0,0.0
2011-12-08 00:00:00+09:00,2113.5185102982955,2155.3243709415583,2108.8734146712663,2146.0341796875,133531,0.0,0.0
2011-12-09 00:00:00+09:00,2113.5185102982955,2178.5498490767045,2104.228319044237,2146.0341796875,176637,0.0,0.0
2011-12-12 00:00:00+09:00,2164.614518090352,2183.1949002198826,2122.808658298907,2178.5498046875,198040,0.0,0.0
2011-12-13 00:00:00+09:00,2159.9699982499656,2169.2601917908255,2099.583740234375,2099.583740234375,125902,0.0,0.0
2011-12-14 00:00:00+09:00,2104.2286337233936,2294.6775829124867,2081.0031521149676,2141.389404296875,457435,0.0,0.0
2011-12-15 00:00:00+09:00,2141.389404296875,2173.9050785486716,2062.422766828227,2141.389404296875,135841,0.0,0.0
2011-12-16 00:00:00+09:00,2164.614624538502,2220.3557736682487,2132.0989542128164,2201.775390625,194337,0.0,0.0
2011-12-19 00:00:00+09:00,2211.065775644619,2248.226544983184,2006.6815442825111,2071.712890625,277955,0.0,0.0
2011-12-20 00:00:00+09:00,2090.2931365628465,2141.3891910121606,2076.357848985761,2094.938232421875,129962,0.0,0.0
2011-12-21 00:00:00+09:00,2136.743870511968,2215.7104918134974,2136.743870511968,2183.19482421875,154658,0.0,0.0
2011-12-22 00:00:00+09:00,2220.356226393014,2373.6444177548747,2187.840549437468,2248.226806640625,751585,0.0,0.0
2011-12-23 00:00:00+09:00,2280.7426642746223,2331.8387321096952,2243.581887667296,2266.807373046875,230404,0.0,0.0
2011-12-26 00:00:00+09:00,2271.45221383231,2368.9992414202006,2248.2267310732886,2341.128662109375,355887,0.0,0.0
2011-12-27 00:00:00+09:00,2322.5485379578636,2341.1289262615264,2211.066208135886,2266.807373046875,282875,0.0,0.0
2011-12-28 00:00:00+09:00,2304.744928673853,2304.744928673853,2214.6417318738463,2247.837646484375,173046,50.0,0.0
2011-12-29 00:00:00+09:00,2257.322367005429,2262.0646408856924,2195.672806562003,2238.353271484375,78338,0.0,0.0
2012-01-02 00:00:00+09:00,2276.2915505573246,2285.776098684647,2214.6419877297308,2233.611083984375,141069,0.0,0.0
2012-01-03 00:00:00+09:00,2238.3535196437756,2328.4567333582495,2238.3535196437756,2304.745361328125,313881,0.0,0.0
2012-01-04 00:00:00+09:00,2318.971653053977,2371.136659564394,2300.002559777462,2347.42529296875,266271,0.0,0.0
2012-01-05 00:00:00+09:00,2361.652568616365,2551.3435379831417,2285.7761808696546,2522.889892578125,983972,0.0,0.0
2012-01-06 00:00:00+09:00,2503.9204963235293,2532.374138327206,2409.0750229779414,2499.17822265625,417593,0.0,0.0
2012-01-09 00:00:00+09:00,2532.3741668360826,2745.7764842660895,2518.1473456740823,2551.34326171875,1584065,0.0,0.0
2012-01-10 00:00:00+09:00,2556.0856070059317,2603.5083455403646,2527.631963885272,2560.827880859375,493685,0.0,0.0
2012-01-11 00:00:00+09:00,2617.7353741119005,2921.24092473357,2603.5085514265097,2669.900390625,3432443,0.0,0.0
2012-01-12 00:00:00+09:00,2622.477552233863,2684.1271149446047,2461.240234375,2461.240234375,984108,0.0,0.0
2012-01-13 00:00:00+09:00,2480.2094507217407,2489.6939992904663,2380.621690750122,2428.04443359375,346694,0.0,0.0
2012-01-16 00:00:00+09:00,2399.5905320843444,2456.497817430218,2371.1368894114075,2442.27099609375,230097,0.0,0.0
2012-01-17 00:00:00+09:00,2447.013018399533,2584.5389438522197,2413.817105359229,2537.1162109375,918508,0.0,0.0
2012-01-18 00:00:00+09:00,2546.6007980520735,2579.7967116207224,2475.4666975478253,2494.435791015625,285605,0.0,0.0
2012-01-19 00:00:00+09:00,2522.889992324295,2522.889992324295,2409.0754062044016,2437.529052734375,271897,0.0,0.0
2012-01-20 00:00:00+09:00,2442.2712843980244,2451.7558330752986,2290.5185055616425,2333.198974609375,328938,0.0,0.0
2012-01-25 00:00:00+09:00,2333.198801635248,2371.136993531756,2318.9719796740574,2342.683349609375,164270,0.0,0.0
2012-01-26 00:00:00+09:00,2347.4258349609377,2385.3640302734375,2309.4876396484374,2371.13720703125,187096,0.0,0.0
2012-01-27 00:00:00+09:00,2361.652329130801,2380.6214241438997,2337.9409603644276,2375.879150390625,90305,0.0,0.0
2012-01-30 00:00:00+09:00,2385.3640302734375,2447.01359765625,2366.3949326171874,2371.13720703125,336364,0.0,0.0
2012-01-31 00:00:00+09:00,2380.621394732526,2489.693689710311,2371.1368473431535,2484.951416015625,556239,0.0,0.0
2012-02-01 00:00:00+09:00,2484.9515584309897,2532.374298095703,2465.982462565104,2503.920654296875,319663,0.0,0.0
2012-02-02 00:00:00+09:00,2551.3433364080424,2551.3433364080424,2465.9824069371416,2480.209228515625,214880,0.0,0.0
2012-02-03 00:00:00+09:00,2494.4363288805607,2494.4363288805607,2418.5599386484528,2451.755859375,357323,0.0,0.0
2012-02-06 00:00:00+09:00,2465.982508429672,2503.920700867052,2447.0134122109826,2461.240234375,226762,0.0,0.0
2012-02-07 00:00:00+09:00,2475.466742011938,2537.11629688963,2470.724468559808,2532.3740234375,339547,0.0,0.0
2012-02-08 00:00:00+09:00,2598.7661336263022,2603.5084075927734,2503.920654296875,2503.920654296875,361343,0.0,0.0
2012-02-09 00:00:00+09:00,2522.8897348752357,2527.632008812971,2442.2710779337335,2518.1474609375,251793,0.0,0.0
2012-02-10 00:00:00+09:00,2508.6626111164746,2532.373977951224,2451.755330713076,2494.435791015625,220788,0.0,0.0
2012-02-13 00:00:00+09:00,2494.4361550071026,2631.9621027166195,2480.209332830256,2608.250732421875,506185,0.0,0.0
2012-02-14 00:00:00+09:00,2655.6730363175675,2674.6421294341217,2617.7348500844596,2631.961669921875,691082,0.0,0.0
2012-02-15 00:00:00+09:00,2650.931342279868,2693.6118111180053,2617.735422072428,2627.219970703125,264118,0.0,0.0
2012-02-16 00:00:00+09:00,2650.9311896936215,2650.9311896936215,2527.6320645915926,2541.85888671875,288455,0.0,0.0
2012-02-17 00:00:00+09:00,2551.343404059041,2603.508417896679,2527.6320341328415,2570.3125,252971,0.0,0.0
2012-02-20 00:00:00+09:00,2560.82757739486,2579.7966705607478,2513.40484448014,2537.1162109375,210591,0.0,0.0
2012-02-21 00:00:00+09:00,2537.1165566884415,2556.0856524393835,2499.1783651865585,2518.1474609375,164096,0.0,0.0
2012-02-22 00:00:00+09:00,2518.1472607331284,2556.08544921875,2499.178166490318,2556.08544921875,152919,0.0,0.0
2012-02-23 00:00:00+09:00,2551.343638854268,2551.343638854268,2428.0445038910507,2437.529052734375,404087,0.0,0.0
2012-02-24 00:00:00+09:00,2437.5291227592056,2470.7250446644866,2413.817749969719,2447.013671875,189177,0.0,0.0
2012-02-27 00:00:00+09:00,2447.0136875313124,2451.7559621195514,2361.652744943011,2366.39501953125,229354,0.0,0.0
2012-02-28 00:00:00+09:00,2371.1368894114075,2447.013269872573,2361.652341853762,2442.27099609375,218837,0.0,0.0
2012-02-29 00:00:00+09:00,2475.466742011938,2551.3431172460205,2442.2708278470272,2532.3740234375,252875,0.0,0.0
2012-03-02 00:00:00+09:00,2537.1164119944856,2560.8277803308824,2494.4359489889707,2499.17822265625,109516,0.0,0.0
2012-03-05 00:00:00+09:00,2503.9208946376457,2513.4054434809705,2423.3022294693883,2437.529052734375,97785,0.0,0.0
2012-03-06 00:00:00+09:00,2437.528855004641,2442.271129041615,2352.167922339109,2394.848388671875,136435,0.0,0.0
2012-03-07 00:00:00+09:00,2342.6834590851313,2413.817572215247,2342.6834590851313,2390.106201171875,99341,0.0,0.0
2012-03-08 00:00:00+09:00,2371.1372789486436,2447.013671875,2371.1372789486436,2447.013671875,89974,0.0,0.0
2012-03-09 00:00:00+09:00,2447.0136353500243,2480.2095567598117,2404.3331649660126,2409.075439453125,78260,0.0,0.0
2012-03-12 00:00:00+09:00,2404.3328958123743,2413.817443724849,2347.425608337525,2356.91015625,95490,0.0,0.0
2012-03-13 00:00:00+09:00,2371.1369478441848,2394.848317322627,2361.652400052808,2385.36376953125,58467,0.0,0.0
2012-03-14 00:00:00+09:00,2385.3636400776522,2404.332734630954,2333.1986300560734,2352.167724609375,146093,0.0,0.0
2012-03-15 00:00:00+09:00,2337.941248948012,2371.1371693184706,2323.714425932101,2333.198974609375,67766,0.0,0.0
2012-03-16 00:00:00+09:00,2337.9410229699083,2337.9410229699083,2233.6109976041116,2238.353271484375,266760,0.0,0.0
2012-03-19 00:00:00+09:00,2243.095656019029,2304.745219503696,2238.353381904824,2285.776123046875,97772,0.0,0.0
2012-03-20 00:00:00+09:00,2271.5491585831264,2290.5182538531317,2238.353241860617,2266.806884765625,71656,0.0,0.0
2012-03-21 00:00:00+09:00,2266.807112664046,2295.260758429704,2228.8689183098363,2281.033935546875,64987,0.0,0.0
2012-03-22 00:00:00+09:00,2262.0648916739005,2304.745361328125,2257.3226172678756,2304.745361328125,126107,0.0,0.0
2012-03-23 00:00:00+09:00,2309.487493617901,2309.487493617901,2257.3224783616442,2285.776123046875,84398,0.0,0.0
2012-03-26 00:00:00+09:00,2285.7759076286766,2337.94091796875,2276.2913602941176,2337.94091796875,146949,0.0,0.0
2012-03-27 00:00:00+09:00,2380.621380974265,2494.4359489889707,2318.9718232996324,2337.94091796875,457278,0.0,0.0
2012-03-28 00:00:00+09:00,2337.94091796875,2366.3945599724266,2314.229549632353,2337.94091796875,86811,0.0,0.0
2012-03-29 00:00:00+09:00,2314.229443675756,2347.4253578268426,2195.672607421875,2195.672607421875,200354,0.0,0.0
2012-03-30 00:00:00+09:00,2200.41488087203,2247.8376153735826,2157.7344198206333,2195.672607421875,80973,0.0,0.0
2012-04-02 00:00:00+09:00,2219.38396090397,2224.126234324705,2190.9303203795603,2209.8994140625,81343,0.0,0.0
2012-04-03 00:00:00+09:00,2214.6417737735214,2228.868594590054,2195.6726793514786,2205.1572265625,97971,0.0,0.0
2012-04-04 00:00:00+09:00,2205.1573304872254,2205.1573304872254,2105.569580078125,2105.569580078125,134637,0.0,0.0
2012-04-05 00:00:00+09:00,2086.6004847621057,2134.0232230521538,2072.3736632750915,2105.569580078125,92752,0.0,0.0
2012-04-06 00:00:00+09:00,2115.05421464976,2148.2501328169087,2100.827392578125,2100.827392578125,46192,0.0,0.0
2012-04-09 00:00:00+09:00,2086.600259661398,2086.600259661398,2039.1775264872751,2043.9197998046875,76702,0.0,0.0
2012-04-10 00:00:00+09:00,1987.0128372949912,2062.8892224900264,1987.0128372949912,2005.98193359375,66316,0.0,0.0
2012-04-12 00:00:00+09:00,2015.46630859375,2067.6313189338234,1934.84765625,2015.46630859375,36910,0.0,0.0
2012-04-13 00:00:00+09:00,2039.177705257311,2105.5695375215023,2029.6931577909977,2067.63134765625,39433,0.0,0.0
2012-04-16 00:00:00+09:00,2067.63134765625,2110.311811254659,2048.662252723624,2067.63134765625,50897,0.0,0.0
2012-04-17 00:00:00+09:00,2067.6312756516418,2086.6003699236753,2015.46626640355,2058.146728515625,47077,0.0,0.0
2012-04-18 00:00:00+09:00,2077.1158227876585,2100.8271906277005,2058.146728515625,2058.146728515625,31757,0.0,0.0
2012-04-19 00:00:00+09:00,2058.1469113473936,2115.05419921875,2058.1469113473936,2115.05419921875,41008,0.0,0.0
2012-04-20 00:00:00+09:00,2105.569580078125,2115.0541277361344,2058.1468417880774,2105.569580078125,28235,0.0,0.0
2012-04-23 00:00:00+09:00,2105.569352931047,2105.569352931047,2043.9197998046875,2043.9197998046875,50265,0.0,0.0
2012-04-24 00:00:00+09:00,2024.9507558684804,2034.435302734375,1972.7857481060605,2034.435302734375,114395,0.0,0.0
2012-04-25 00:00:00+09:00,2043.9200169154576,2048.6622907366072,1987.0127310616629,1991.7550048828125,24078,0.0,0.0
2012-04-26 00:00:00+09:00,2015.4664254074462,2015.4664254074462,1939.5900423332835,1982.2705078125,67675,0.0,0.0
2012-04-27 00:00:00+09:00,1991.7553361332787,1991.7553361332787,1934.848040815185,1987.0130615234375,111508,0.0,0.0
2012-04-30 00:00:00+09:00,1958.5591685471024,2010.7241827214805,1944.3323464995449,1953.81689453125,43345,0.0,0.0
2012-05-02 00:00:00+09:00,1949.0747261506965,2001.2397431522966,1949.0747261506965,1968.0438232421875,58275,0.0,0.0
2012-05-03 00:00:00+09:00,1972.7860655433492,2048.6624526796318,1972.7860655433492,1996.4974365234375,88886,0.0,0.0
2012-05-04 00:00:00+09:00,2001.2396035810407,2010.724151465311,1968.0436859860945,1982.2705078125,36265,0.0,0.0
2012-05-07 00:00:00+09:00,1982.270554372326,1982.270554372326,1934.8478138371026,1939.590087890625,51089,0.0,0.0
2012-05-08 00:00:00+09:00,1953.8171392545494,1991.7553361332787,1934.848040815185,1987.0130615234375,49587,0.0,0.0
2012-05-09 00:00:00+09:00,1987.0127919514973,1987.0127919514973,1934.8477783203125,1934.8477783203125,56976,0.0,0.0
2012-05-10 00:00:00+09:00,1925.3632657300582,1963.3014581582365,1925.3632657300582,1939.590087890625,40852,0.0,0.0
2012-05-11 00:00:00+09:00,1958.5592554839568,1968.0438039366636,1920.6210616731296,1949.07470703125,39487,0.0,0.0
2012-05-14 00:00:00+09:00,1972.7859095982142,2039.177743094308,1949.0745404924664,1991.7550048828125,77537,0.0,0.0
2012-05-15 00:00:00+09:00,1991.7550291769041,1991.7550291769041,1920.6209209920146,1930.10546875,61148,0.0,0.0
2012-05-16 00:00:00+09:00,1939.5900992104284,1944.3323732916276,1868.455987992442,1892.1673583984375,86098,0.0,0.0
2012-05-17 00:00:00+09:00,1892.1672720336915,1911.1363674926758,1887.4249981689454,1896.9095458984375,39636,0.0,0.0
2012-05-18 00:00:00+09:00,1887.4251080918123,1887.4251080918123,1792.5796252731282,1797.3218994140625,129674,0.0,0.0
2012-05-21 00:00:00+09:00,1773.6106007369524,1840.00244140625,1768.8683264034312,1840.00244140625,45820,0.0,0.0
2012-05-22 00:00:00+09:00,1830.5176915640782,1877.9404296875,1830.5176915640782,1877.9404296875,57940,0.0,0.0
2012-05-23 00:00:00+09:00,1877.9404804984931,1882.6827544391458,1844.7445629139238,1868.4559326171875,41314,0.0,0.0
2012-05-24 00:00:00+09:00,1849.4867868134468,1925.3631678109216,1844.7445130011047,1877.9404296875,42733,0.0,0.0
2012-05-25 00:00:00+09:00,1882.682703499842,1930.1054416232637,1858.9713344381312,1877.9404296875,60865,0.0,0.0
2012-05-29 00:00:00+09:00,1877.9405361548402,1920.6210028856322,1868.455987992442,1892.1673583984375,55286,0.0,0.0
2012-05-30 00:00:00+09:00,1920.6209360254875,1930.105483857712,1892.1672925288135,1915.878662109375,60614,0.0,0.0
2012-05-31 00:00:00+09:00,1906.3940936279298,1906.3940936279298,1877.9404504394531,1896.9095458984375,46260,0.0,0.0
2012-06-01 00:00:00+09:00,1896.9095458984375,1906.3940936279298,1854.2290811157227,1896.9095458984375,58069,0.0,0.0
2012-06-04 00:00:00+09:00,1868.4559427897136,1868.4559427897136,1802.0641072591145,1821.033203125,121398,0.0,0.0
2012-06-05 00:00:00+09:00,1858.971384735882,1887.4250283797985,1835.2600150326182,1868.4559326171875,54222,0.0,0.0
2012-06-07 00:00:00+09:00,1882.6828102360394,1934.8478251292292,1882.6828102360394,1892.1673583984375,74894,0.0,0.0
2012-06-08 00:00:00+09:00,1882.6828102360394,1911.1364547232338,1877.9405361548402,1892.1673583984375,46129,0.0,0.0
2012-06-11 00:00:00+09:00,1925.3633680555556,1939.5901909722222,1906.3942708333334,1920.62109375,61294,0.0,0.0
2012-06-12 00:00:00+09:00,1915.878647113022,1949.0745642659704,1906.3940993550368,1930.10546875,67829,0.0,0.0
2012-06-13 00:00:00+09:00,1934.8478843521898,1987.0129008420772,1934.8478843521898,1949.07470703125,101896,0.0,0.0
2012-06-14 00:00:00+09:00,1963.3013495083514,1963.3013495083514,1925.3631591796875,1925.3631591796875,20640,0.0,0.0
2012-06-15 00:00:00+09:00,1953.8168534382735,1982.2704969349475,1915.878662109375,1915.878662109375,59538,0.0,0.0
2012-06-18 00:00:00+09:00,1934.8477683911483,1996.4973296389055,1934.8477683911483,1982.2705078125,78400,0.0,0.0
2012-06-19 00:00:00+09:00,1972.7860461630694,1991.7551427607914,1939.5901271170562,1977.5283203125,38556,0.0,0.0
2012-06-20 00:00:00+09:00,2010.7240349264707,2053.404497931985,1977.5281192555149,2015.46630859375,101372,0.0,0.0
2012-06-21 00:00:00+09:00,2010.7242431640625,2034.4356139560914,1987.0128723720334,2010.7242431640625,36900,0.0,0.0
2012-06-22 00:00:00+09:00,1982.2704071478822,2010.7240493557465,1953.816764940018,2001.239501953125,36409,0.0,0.0
2012-06-25 00:00:00+09:00,2001.2395525251115,2010.7241001674106,1963.3013619559151,1991.7550048828125,29221,0.0,0.0
2012-06-26 00:00:00+09:00,1977.5285123037552,2029.6935330120077,1972.786237693914,1987.0130615234375,38628,0.0,0.0
2012-06-27 00:00:00+09:00,1996.4974169102218,2005.9819652090825,1963.3014978642086,1977.5283203125,75309,0.0,0.0
2012-06-28 00:00:00+09:00,1977.5283717879329,2005.9820174251693,1958.559274696442,1968.0438232421875,65970,0.0,0.0
2012-06-29 00:00:00+09:00,1982.2704572405135,2020.2086478097099,1972.7859095982142,1991.7550048828125,91050,0.0,0.0
2012-07-02 00:00:00+09:00,2005.9817756544358,2024.9508704596788,1982.2704071478822,2001.239501953125,67673,0.0,0.0
2012-07-03 00:00:00+09:00,2005.9819690056565,2024.95106563928,2001.2396948472508,2010.7242431640625,58305,0.0,0.0
2012-07-04 00:00:00+09:00,2010.7242274407201,2048.6624204113,2010.7242274407201,2024.9510498046875,71774,0.0,0.0
2012-07-05 00:00:00+09:00,2020.2086478097099,2029.693195452009,1977.5281834193638,1991.7550048828125,60855,0.0,0.0
2012-07-06 00:00:00+09:00,1977.5283717879329,2001.2397431522966,1968.0438232421875,1968.0438232421875,56528,0.0,0.0
2012-07-09 00:00:00+09:00,1953.8168082248787,1972.785903450363,1944.3322606121367,1958.55908203125,87273,0.0,0.0
2012-07-10 00:00:00+09:00,1953.81689453125,1982.2705386263651,1949.0746205153973,1953.81689453125,64373,0.0,0.0
2012-07-11 00:00:00+09:00,1963.3013619559151,2010.7241001674106,1939.5899928501674,1991.7550048828125,102860,0.0,0.0
2012-07-12 00:00:00+09:00,1977.5283203125,1996.4974169102218,1968.043772013639,1977.5283203125,73614,0.0,0.0
2012-07-13 00:00:00+09:00,1977.5282440185547,1982.2705179850261,1906.3941345214844,1934.8477783203125,111309,0.0,0.0
2012-07-16 00:00:00+09:00,1939.5900165079852,1949.0745642659704,1925.3631948710074,1930.10546875,43449,0.0,0.0
2012-07-17 00:00:00+09:00,1920.6211101475046,1930.1056588395911,1896.9097384172885,1906.394287109375,71616,0.0,0.0
2012-07-18 00:00:00+09:00,1915.8786413574219,1949.0745584106446,1896.9095458984375,1896.9095458984375,92803,0.0,0.0
2012-07-19 00:00:00+09:00,1915.878800313669,1930.1056230882755,1896.9097032808604,1901.6519775390625,61955,0.0,0.0
2012-07-20 00:00:00+09:00,1930.1052491349174,2176.7034627836047,1925.3629757955193,2077.11572265625,1363405,0.0,0.0
2012-07-23 00:00:00+09:00,2086.600592863475,2096.085141012855,1944.3323706227836,2005.98193359375,439402,0.0,0.0
2012-07-24 00:00:00+09:00,2190.930775583526,2304.745361328125,2086.6007386509773,2304.745361328125,941981,0.0,0.0
2012-07-25 00:00:00+09:00,2442.2710927327475,2598.7661336263022,2276.29150390625,2276.29150390625,8608825,0.0,0.0
2012-07-26 00:00:00+09:00,2318.9717813317043,2385.3636114720807,2238.353130446962,2380.621337890625,3448051,0.0,0.0
2012-07-27 00:00:00+09:00,2385.3635259343678,2423.3017132255704,2129.28076171875,2129.28076171875,2006795,0.0,0.0
2012-07-30 00:00:00+09:00,2181.446296632752,2447.013671875,2143.5081001695735,2447.013671875,3515110,0.0,0.0
2012-07-31 00:00:00+09:00,2447.013568584736,2518.147683950571,2399.590825007512,2465.982666015625,3477613,0.0,0.0
2012-08-01 00:00:00+09:00,2494.436273574829,2565.570387840271,2366.3948678970337,2428.04443359375,2800859,0.0,0.0
2012-08-02 00:00:00+09:00,2447.013377324772,2475.4670212471533,2323.714253661121,2342.683349609375,1344364,0.0,0.0
2012-08-03 00:00:00+09:00,2361.6522863051473,2394.848201976103,2243.0954446231617,2337.94091796875,1202036,0.0,0.0
2012-08-06 00:00:00+09:00,2356.9102882179054,2532.3744344232628,2318.972094443774,2456.498046875,2306741,0.0,0.0
2012-08-07 00:00:00+09:00,2461.2403051336073,2527.6321438077316,2409.0752890325098,2470.724853515625,1364554,0.0,0.0
2012-08-08 00:00:00+09:00,2475.4673540900735,2551.3437480851717,2295.2609183517156,2418.56005859375,2132632,0.0,0.0
2012-08-09 00:00:00+09:00,2418.5599224384014,2494.436312161959,2385.364001934345,2465.982666015625,1119787,0.0,0.0
2012-08-10 00:00:00+09:00,2456.4978779665757,2518.147438610524,2385.36376953125,2385.36376953125,678877,0.0,0.0
2012-08-13 00:00:00+09:00,2404.3327493106617,2404.3327493106617,2328.4563706341914,2337.94091796875,440459,0.0,0.0
2012-08-14 00:00:00+09:00,2347.425324813179,2437.5285190989375,2333.1985046627965,2399.59033203125,455910,0.0,0.0
2012-08-16 00:00:00+09:00,2428.0442043222006,2475.4669426878686,2385.3637397930993,2413.8173828125,472645,0.0,0.0
2012-08-17 00:00:00+09:00,2418.559542829503,2741.034148540103,2371.136806695591,2527.6318359375,2670840,0.0,0.0
2012-08-20 00:00:00+09:00,2551.3434662441036,2584.539384949882,2484.951628832547,2513.4052734375,802450,0.0,0.0
2012-08-21 00:00:00+09:00,2518.147513633199,2556.0857059289915,2342.683374265161,2394.848388671875,1343449,0.0,0.0
2012-08-22 00:00:00+09:00,2399.590490473533,2404.332764170121,2290.518195452009,2323.714111328125,692231,0.0,0.0
2012-08-23 00:00:00+09:00,2318.9718091410973,2380.621366439327,2300.002714587796,2352.167724609375,442878,0.0,0.0
2012-08-24 00:00:00+09:00,2333.1988803170666,2356.9102510519965,2233.611123230363,2271.54931640625,603693,0.0,0.0
2012-08-27 00:00:00+09:00,2285.77578879426,2285.77578879426,2181.44577353809,2209.8994140625,443638,0.0,0.0
2012-08-28 00:00:00+09:00,2219.3841611842104,2266.8068996710526,2219.3841611842104,2252.580078125,254072,0.0,0.0
2012-08-29 00:00:00+09:00,2262.064828160297,2418.5598791650978,2252.5802796145517,2361.652587890625,1371317,0.0,0.0
2012-08-30 00:00:00+09:00,2366.3949832333565,2366.3949832333565,2281.0340419543977,2328.456787109375,298339,0.0,0.0
2012-08-31 00:00:00+09:00,2318.97204232913,2513.4052810520225,2309.487494098745,2432.78662109375,864415,0.0,0.0
2012-09-03 00:00:00+09:00,2437.529052734375,2461.240424842686,2399.5908573610773,2437.529052734375,392252,0.0,0.0
2012-09-04 00:00:00+09:00,2437.5291367992913,2442.271411384504,2290.5186246577,2300.003173828125,518560,0.0,0.0
2012-09-05 00:00:00+09:00,2300.003348719753,2385.3642977444033,2285.7765238823113,2290.518798828125,398687,0.0,0.0
2012-09-06 00:00:00+09:00,2304.7454484133377,2352.168194265464,2300.003173828125,2300.003173828125,231182,0.0,0.0
2012-09-07 00:00:00+09:00,2328.456822825338,2418.560040001879,2318.97227364886,2366.39501953125,472103,0.0,0.0
2012-09-10 00:00:00+09:00,2390.105971650449,2404.3327929102734,2342.683234117702,2375.879150390625,278917,0.0,0.0
2012-09-11 00:00:00+09:00,2390.106392472445,2437.5291383548347,2309.487724472382,2366.39501953125,563471,0.0,0.0
2012-09-12 00:00:00+09:00,2375.879501551798,2423.30224609375,2366.3949526434076,2423.30224609375,347733,0.0,0.0
2012-09-13 00:00:00+09:00,2418.5596868010684,2470.7246996536405,2385.36376953125,2385.36376953125,514163,0.0,0.0
2012-09-14 00:00:00+09:00,2404.3330304355695,2456.498046875,2390.1062077702704,2456.498046875,497197,0.0,0.0
2012-09-17 00:00:00+09:00,2465.9826992643484,2489.6940713726594,2428.0445038910507,2437.529052734375,458760,0.0,0.0
2012-09-18 00:00:00+09:00,2447.0133816964285,2489.69384765625,2390.1060937499997,2489.69384765625,303624,0.0,0.0
2012-09-19 00:00:00+09:00,2475.4673192223836,2499.17869201187,2442.2713973171026,2447.013671875,244959,0.0,0.0
2012-09-20 00:00:00+09:00,2465.982666015625,2522.8899583082934,2437.529019869291,2465.982666015625,463348,0.0,0.0
2012-09-21 00:00:00+09:00,2465.9826992643484,2513.4054434809705,2409.0754062044016,2437.529052734375,331903,0.0,0.0
2012-09-24 00:00:00+09:00,2447.0133666992188,2518.147476196289,2437.528818766276,2503.920654296875,328585,0.0,0.0
2012-09-25 00:00:00+09:00,2508.6630633144305,2513.405337536197,2437.5289499879345,2456.498046875,319337,0.0,0.0
2012-09-26 00:00:00+09:00,2447.0134984314673,2494.4362406491314,2442.271224209701,2456.498046875,281676,0.0,0.0
2012-09-27 00:00:00+09:00,2428.0446078431373,2442.271431717218,2337.9413899739584,2418.56005859375,348069,0.0,0.0
2012-09-28 00:00:00+09:00,2409.0755093443627,2428.0446078431373,2361.6527630974265,2418.56005859375,168366,0.0,0.0
2012-10-02 00:00:00+09:00,2409.075439453125,2428.044537401575,2394.8486159917875,2409.075439453125,139755,0.0,0.0
2012-10-04 00:00:00+09:00,2409.075336456299,2456.4980792999268,2409.075336456299,2428.04443359375,131550,0.0,0.0
2012-10-05 00:00:00+09:00,2432.78662109375,2484.9516363608673,2385.363879941825,2432.78662109375,301164,0.0,0.0
2012-10-08 00:00:00+09:00,2447.013308376736,2612.9928932472512,2437.5287606698494,2560.827880859375,988675,0.0,0.0
2012-10-09 00:00:00+09:00,2541.8589189226827,2679.384867894246,2537.1166448202152,2660.415771484375,953742,0.0,0.0
2012-10-10 00:00:00+09:00,2627.2200244227975,2665.1582197213215,2579.797280299642,2650.931396484375,401201,0.0,0.0
2012-10-11 00:00:00+09:00,2650.9311111367115,2722.06521966453,2594.0238243144563,2612.992919921875,603495,0.0,0.0
2012-10-12 00:00:00+09:00,2612.9933558872767,2788.45751953125,2608.2510811941966,2655.673828125,1107768,0.0,0.0
2012-10-15 00:00:00+09:00,2722.0655673412566,2864.333802568152,2622.47780268243,2674.642822265625,1889244,0.0,0.0
2012-10-16 00:00:00+09:00,2722.065655595401,2764.746127547245,2541.8592184653917,2603.5087890625,647316,0.0,0.0
2012-10-17 00:00:00+09:00,2608.2509816311635,2788.4574130893166,2608.2509816311635,2741.03466796875,715094,0.0,0.0
2012-10-18 00:00:00+09:00,2760.003382703993,2797.9415735315392,2556.0856070059317,2560.827880859375,697895,0.0,0.0
2012-10-19 00:00:00+09:00,2560.82789586243,2584.5392652685637,2470.724692119122,2546.60107421875,461845,0.0,0.0
2012-10-22 00:00:00+09:00,2513.4052176339283,2513.4052176339283,2461.240203683036,2489.69384765625,349965,0.0,0.0
2012-10-23 00:00:00+09:00,2508.6629684220497,2546.601160761136,2470.724776082964,2541.85888671875,286661,0.0,0.0
2012-10-24 00:00:00+09:00,2470.724776082964,2565.5702569306786,2470.724776082964,2541.85888671875,383728,0.0,0.0
2012-10-25 00:00:00+09:00,2570.3125626474057,2655.673496462264,2513.4052734375,2513.4052734375,597484,0.0,0.0
2012-10-26 00:00:00+09:00,2537.116904707853,2546.601453884331,2361.652744943011,2366.39501953125,439615,0.0,0.0
2012-10-29 00:00:00+09:00,2385.3638051350913,2409.0751749674478,2276.29150390625,2276.29150390625,272669,0.0,0.0
2012-10-30 00:00:00+09:00,2281.033648058833,2352.1677535076533,2281.033648058833,2323.714111328125,109797,0.0,0.0
2012-10-31 00:00:00+09:00,2352.1678343092735,2603.5083488624823,2337.94101273079,2480.209228515625,994150,0.0,0.0
2012-11-01 00:00:00+09:00,2541.8590557391826,2546.6013300969053,2432.7867455115684,2465.982666015625,454663,0.0,0.0
2012-11-02 00:00:00+09:00,2480.2096478682834,2707.838831611453,2480.2096478682834,2603.5087890625,1161237,0.0,0.0
2012-11-05 00:00:00+09:00,2631.962318821957,2731.550082236842,2608.2509465803178,2703.096435546875,794216,0.0,0.0
2012-11-06 00:00:00+09:00,2717.3229147673082,2722.0651886150695,2617.7351639643175,2641.446533203125,388407,0.0,0.0
2012-11-07 00:00:00+09:00,2650.9313755453068,2660.4159242950213,2560.8281624230153,2598.766357421875,243384,0.0,0.0
2012-11-08 00:00:00+09:00,2570.3126096863675,2650.9312708757925,2532.374416185462,2617.7353515625,199312,0.0,0.0
2012-11-09 00:00:00+09:00,2612.9925836010516,2617.7348568925236,2518.147117771612,2537.1162109375,204498,0.0,0.0
2012-11-12 00:00:00+09:00,2551.3433939615884,2575.0547637939453,2494.436106363932,2503.920654296875,141380,0.0,0.0
2012-11-13 00:00:00+09:00,2518.1476048060827,2541.8589758494545,2352.16800750248,2390.106201171875,285050,0.0,0.0
2012-11-14 00:00:00+09:00,2418.5597588567452,2428.044306930693,2361.652470413057,2394.848388671875,204622,0.0,0.0
2012-11-15 00:00:00+09:00,2371.136848294005,2371.136848294005,2276.291374362245,2323.714111328125,219646,0.0,0.0
2012-11-16 00:00:00+09:00,2328.456296252802,2352.167663831751,2243.0953729685853,2247.837646484375,200881,0.0,0.0
2012-11-19 00:00:00+09:00,2252.5800058793047,2333.198658721301,2252.5800058793047,2323.714111328125,75901,0.0,0.0
2012-11-20 00:00:00+09:00,2347.425733293806,2409.0752980065727,2333.198910667783,2390.106201171875,135873,0.0,0.0
2012-11-21 00:00:00+09:00,2394.848363467074,2409.0751854282644,2342.683349609375,2342.683349609375,113650,0.0,0.0
2012-11-22 00:00:00+09:00,2342.683560546875,2385.3640302734375,2323.714462890625,2371.13720703125,54213,0.0,0.0
2012-11-23 00:00:00+09:00,2385.3640302734375,2394.8485791015623,2333.19901171875,2371.13720703125,132534,0.0,0.0
2012-11-26 00:00:00+09:00,2385.36376953125,2447.013330175199,2366.3946739484963,2385.36376953125,197083,0.0,0.0
2012-11-27 00:00:00+09:00,2404.3331649660126,2447.0136353500243,2399.5908904789,2409.075439453125,95500,0.0,0.0
2012-11-28 00:00:00+09:00,2409.07540234375,2418.559951171875,2361.652658203125,2371.13720703125,91189,0.0,0.0
2012-11-29 00:00:00+09:00,2385.363926963201,2418.559846423921,2375.879378545852,2390.106201171875,116786,0.0,0.0
2012-11-30 00:00:00+09:00,2409.0749793793575,2442.2708944495457,2375.8790643091697,2380.621337890625,136878,0.0,0.0
2012-12-03 00:00:00+09:00,2390.105942121899,2518.147331878429,2385.3636684272124,2484.951416015625,294547,0.0,0.0
2012-12-04 00:00:00+09:00,2470.7246513727255,2522.889663205931,2470.7246513727255,2508.662841796875,161647,0.0,0.0
2012-12-05 00:00:00+09:00,2518.147683950571,2584.539524958684,2465.982666015625,2465.982666015625,241113,0.0,0.0
2012-12-06 00:00:00+09:00,2480.2096287147674,2480.2096287147674,2413.8177839690566,2418.56005859375,110224,0.0,0.0
2012-12-07 00:00:00+09:00,2423.30201171875,2489.69384765625,2385.363819754464,2489.69384765625,222983,0.0,0.0
2012-12-10 00:00:00+09:00,2508.662823680433,2859.5910825695673,2494.436002374117,2684.126953125,6669157,0.0,0.0
2012-12-11 00:00:00+09:00,2717.322955031622,3082.47804671999,2688.8693115234373,2987.632568359375,6750104,0.0,0.0
2012-12-12 00:00:00+09:00,2987.6328500012246,3082.478337302851,2869.0759908741916,3025.571044921875,3117478,0.0,0.0
2012-12-13 00:00:00+09:00,2949.6947235107423,3035.0556640625,2897.5297042846682,3035.0556640625,1323893,0.0,0.0
2012-12-14 00:00:00+09:00,3106.189781188965,3276.9116622924807,2959.1792724609377,3035.0556640625,3585733,0.0,0.0
2012-12-17 00:00:00+09:00,3035.0554435483873,3063.5090883316534,2840.6222041960687,2940.2099609375,1908855,0.0,0.0
2012-12-18 00:00:00+09:00,2911.756316154234,2973.4058798513106,2840.6222041960687,2940.2099609375,923803,0.0,0.0
2012-12-20 00:00:00+09:00,2930.725438337544,2973.405905886149,2679.3849072179814,2698.35400390625,2253139,0.0,0.0
2012-12-21 00:00:00+09:00,2693.611557300788,2797.9415824075086,2679.384735695326,2707.83837890625,1297639,0.0,0.0
2012-12-24 00:00:00+09:00,2783.7148748453637,2821.653067347515,2731.549860154905,2755.26123046875,964094,0.0,0.0
2012-12-26 00:00:00+09:00,2736.2919628738746,2816.9106168926887,2698.3537727473736,2764.74560546875,596521,0.0,0.0
2012-12-27 00:00:00+09:00,2817.82166981611,2851.5969295570567,2610.3450742645814,2673.070556640625,1003490,50.0,0.0
2012-12-28 00:00:00+09:00,2673.070556640625,2711.670853487421,2653.7704082172268,2673.070556640625,238904,0.0,0.0
2013-01-02 00:00:00+09:00,2711.6698713631463,2716.494906721444,2644.119376346983,2658.594482421875,328952,0.0,0.0
2013-01-03 00:00:00+09:00,2673.0697588315215,2837.1209714673914,2673.0697588315215,2774.3955078125,1120372,0.0,0.0
2013-01-04 00:00:00+09:00,2798.52099609375,2798.52099609375,2730.9704892914874,2798.52099609375,360164,0.0,0.0
2013-01-07 00:00:00+09:00,2808.171338230891,2846.771631539906,2750.270898267367,2769.571044921875,484470,0.0,0.0
2013-01-08 00:00:00+09:00,2784.0458746680333,3005.9975388530065,2779.220838490099,2923.971923828125,1378791,0.0,0.0
2013-01-09 00:00:00+09:00,2933.6220703125,2972.2223607113488,2895.0217799136512,2933.6220703125,456431,0.0,0.0
2013-01-10 00:00:00+09:00,2952.9221203841257,3068.72298785017,2827.4711806292444,2841.9462890625,1191218,0.0,0.0
2013-01-11 00:00:00+09:00,2856.4217048671603,2866.071778194414,2759.920971594621,2769.571044921875,582229,0.0,0.0
2013-01-14 00:00:00+09:00,2788.8709128430532,2817.8211299313894,2769.570768117496,2812.99609375,273332,0.0,0.0
2013-01-15 00:00:00+09:00,2817.8213748963512,2996.347729127798,2817.8213748963512,2909.4970703125,1139197,0.0,0.0
2013-01-16 00:00:00+09:00,2914.321884487542,2957.7472105808993,2861.246485928994,2880.546630859375,394728,0.0,0.0
2013-01-17 00:00:00+09:00,2880.5466458242117,2952.9221896891418,2750.270666867338,2755.095703125,675307,0.0,0.0
2013-01-18 00:00:00+09:00,2774.3958882859483,2822.6462515604867,2755.095742976133,2808.171142578125,215570,0.0,0.0
2013-01-21 00:00:00+09:00,2808.1714594592786,2856.42182817851,2774.3962013558166,2817.821533203125,272648,0.0,0.0
2013-01-22 00:00:00+09:00,2817.821533203125,2841.9467175627406,2788.871311971586,2817.821533203125,170102,0.0,0.0
2013-01-23 00:00:00+09:00,2822.646144484826,2928.796939662033,2803.345999907152,2841.9462890625,529087,0.0,0.0
2013-01-24 00:00:00+09:00,2851.5963626497623,2880.5465795294554,2726.1454228377593,2730.970458984375,399989,0.0,0.0
2013-01-25 00:00:00+09:00,2726.1453252649394,2755.095541108461,2605.5194259169334,2639.294677734375,474294,0.0,0.0
2013-01-28 00:00:00+09:00,2653.769817139579,2658.594853170742,2576.5692406409735,2595.869384765625,238455,0.0,0.0
2013-01-29 00:00:00+09:00,2595.869290172394,2639.2946128704452,2595.869290172394,2615.16943359375,150420,0.0,0.0
2013-01-30 00:00:00+09:00,2624.819590457486,2639.2946984930973,2600.694410398134,2610.344482421875,89382,0.0,0.0
2013-01-31 00:00:00+09:00,2624.819654304029,2634.4697265625,2610.344545916323,2634.4697265625,67235,0.0,0.0
2013-02-01 00:00:00+09:00,2619.9947484572876,2634.4698575647867,2547.6192029197937,2571.744384765625,218426,0.0,0.0
2013-02-04 00:00:00+09:00,2576.5694040697676,2591.0445130813955,2489.71875,2489.71875,238733,0.0,0.0
2013-02-05 00:00:00+09:00,2480.068885365099,2489.71895884901,2412.518370977723,2436.6435546875,137244,0.0,0.0
2013-02-06 00:00:00+09:00,2441.46832478443,2499.3687593642976,2412.518107494496,2465.593505859375,100730,0.0,0.0
2013-02-07 00:00:00+09:00,2465.5935683139537,2499.368822674419,2451.118459302326,2489.71875,49592,0.0,0.0
2013-02-08 00:00:00+09:00,2489.718654221755,2509.018798828125,2475.243545766977,2509.018798828125,69941,0.0,0.0
2013-02-12 00:00:00+09:00,2513.8442514780404,2528.319362331081,2489.719066722973,2499.369140625,68275,0.0,0.0
2013-02-13 00:00:00+09:00,2513.843994140625,2518.669030597709,2499.368884769374,2513.843994140625,48697,0.0,0.0
2013-02-14 00:00:00+09:00,2513.843739749821,2537.968919593869,2504.1936678122015,2528.31884765625,60607,0.0,0.0
2013-02-15 00:00:00+09:00,2528.318965451727,2528.318965451727,2431.8182415795236,2480.068603515625,249207,0.0,0.0
2013-02-18 00:00:00+09:00,2480.0687742233276,2499.368920326233,2460.7686281204224,2470.418701171875,113321,0.0,0.0
2013-02-19 00:00:00+09:00,2484.8936912565855,2533.1440541936063,2465.593546081777,2518.6689453125,127926,0.0,0.0
2013-02-20 00:00:00+09:00,2523.4939593690815,2566.9192856297345,2523.4939593690815,2547.619140625,125741,0.0,0.0
2013-02-21 00:00:00+09:00,2566.9192856297345,2576.569358132102,2533.144031871449,2547.619140625,92264,0.0,0.0
2013-02-22 00:00:00+09:00,2547.6190347546726,2591.0443592107185,2542.7939987040013,2581.394287109375,86800,0.0,0.0
2013-02-25 00:00:00+09:00,2591.0443592107185,2600.6944313120616,2566.9191789573597,2581.394287109375,89371,0.0,0.0
2013-02-26 00:00:00+09:00,2557.2686465883435,2586.2188576817966,2528.3184354948908,2537.968505859375,91748,0.0,0.0
2013-02-27 00:00:00+09:00,2528.3189525462963,2644.1198206018516,2528.3189525462963,2605.51953125,323677,0.0,0.0
2013-02-28 00:00:00+09:00,2605.519519172372,2740.620531277606,2591.044410732525,2730.970458984375,338297,0.0,0.0
2013-03-04 00:00:00+09:00,2750.2707872033757,2750.2707872033757,2682.7202766404857,2706.845458984375,268946,0.0,0.0
2013-03-05 00:00:00+09:00,2706.8457429305367,2716.4958168803782,2658.5953731813293,2663.42041015625,105866,0.0,0.0
2013-03-06 00:00:00+09:00,2673.070046561105,2721.320408412388,2663.4199741908483,2702.020263671875,150525,0.0,0.0
2013-03-07 00:00:00+09:00,2711.670230172509,2745.4454821497466,2706.8451941757608,2735.79541015625,196465,0.0,0.0
2013-03-08 00:00:00+09:00,2745.44558933803,2745.44558933803,2682.7201189313614,2702.020263671875,265462,0.0,0.0
2013-03-11 00:00:00+09:00,2726.1452582665474,2726.1452582665474,2615.16943359375,2615.16943359375,150635,0.0,0.0
2013-03-12 00:00:00+09:00,2629.644585552526,2673.0699089836685,2624.8195496157323,2668.244873046875,99475,0.0,0.0
2013-03-13 00:00:00+09:00,2668.2447951926724,2784.045654296875,2634.4695446206133,2784.045654296875,399112,0.0,0.0
2013-03-14 00:00:00+09:00,2798.5210927327475,2846.7714564005532,2735.7956199645996,2779.220947265625,447899,0.0,0.0
2013-03-15 00:00:00+09:00,2779.2207236842105,2798.520867598684,2730.9703638980263,2750.2705078125,181395,0.0,0.0
2013-03-18 00:00:00+09:00,2755.0955304509944,2755.0955304509944,2653.769775390625,2653.769775390625,214567,0.0,0.0
2013-03-19 00:00:00+09:00,2673.07020370293,2726.1456048594864,2653.7700578278186,2706.845458984375,115777,0.0,0.0
2013-03-20 00:00:00+09:00,2721.32092769912,2735.7960390166686,2668.245519534775,2673.070556640625,131985,0.0,0.0
2013-03-21 00:00:00+09:00,2682.7201189313614,2711.6703360421316,2663.4199741908483,2702.020263671875,169726,0.0,0.0
2013-03-22 00:00:00+09:00,2711.670432989546,2726.145542062444,2673.070142128485,2682.72021484375,133950,0.0,0.0
2013-03-25 00:00:00+09:00,2692.370231775394,2769.570811897986,2687.5451955177323,2755.095703125,314483,0.0,0.0
2013-03-26 00:00:00+09:00,2755.095737009286,2788.870991228314,2702.020337522242,2711.67041015625,196459,0.0,0.0
2013-03-27 00:00:00+09:00,2726.145151154891,2779.220543478261,2702.019972826087,2774.3955078125,207625,0.0,0.0
2013-03-28 00:00:00+09:00,2769.570888303361,3141.098690392836,2759.920815521816,3068.72314453125,3719575,0.0,0.0
2013-03-29 00:00:00+09:00,3102.498185096154,3223.1240865384616,3034.9476802884615,3136.2734375,1928660,0.0,0.0
2013-04-01 00:00:00+09:00,3213.4740361752715,3454.7258406929345,3150.7485670006795,3329.27490234375,3535167,0.0,0.0
2013-04-02 00:00:00+09:00,3300.3245678314256,3363.050034763894,3203.8238494737816,3266.54931640625,1517865,0.0,0.0
2013-04-03 00:00:00+09:00,3305.149607631138,3377.525146484375,3218.2989610072545,3377.525146484375,1115028,0.0,0.0
2013-04-04 00:00:00+09:00,3392.000224535393,3406.475332179214,3092.8479998964253,3184.523681640625,1779003,0.0,0.0
2013-04-05 00:00:00+09:00,3271.3743028585623,3425.7754498961344,3088.0229407514453,3338.9248046875,2586479,0.0,0.0
2013-04-08 00:00:00+09:00,3372.700517899564,3372.700517899564,3068.723218003037,3078.373291015625,1433311,0.0,0.0
2013-04-09 00:00:00+09:00,3010.822779927508,3189.3491306603887,2899.846940282744,3078.373291015625,863112,0.0,0.0
2013-04-10 00:00:00+09:00,3131.448637600994,3261.72462098347,3078.3732369636887,3247.24951171875,648779,0.0,0.0
2013-04-11 00:00:00+09:00,3266.54931640625,3363.050034763894,3247.2491727347215,3266.54931640625,706372,0.0,0.0
2013-04-12 00:00:00+09:00,3281.024770585317,3565.701919797867,3184.5240420386904,3343.750244140625,2417537,0.0,0.0
2013-04-15 00:00:00+09:00,3387.175550565945,3753.8783167240813,3348.575259391404,3676.677734375,2770286,0.0,0.0
2013-04-16 00:00:00+09:00,3609.126912006579,3681.5024516858552,3565.7015881990133,3667.02734375,1468141,0.0,0.0
2013-04-17 00:00:00+09:00,3715.2781343005954,3956.5299612032313,3493.32645355017,3546.40185546875,3061192,0.0,0.0
2013-04-18 00:00:00+09:00,3527.101432631193,3768.353240608703,3493.3261795143417,3700.802734375,1019097,0.0,0.0
2013-04-19 00:00:00+09:00,3773.1784094530153,3787.6535184406866,3401.6506121027824,3430.600830078125,1144393,0.0,0.0
2013-04-22 00:00:00+09:00,3387.175519060068,3840.7289361421854,3382.3504827081306,3720.10302734375,1659602,0.0,0.0
2013-04-23 00:00:00+09:00,3763.5286375079922,3816.6040413702844,3676.6779766424233,3773.1787109375,1278888,0.0,0.0
2013-04-24 00:00:00+09:00,3787.6531557341286,3792.4781916013058,3599.4767569142164,3671.852294921875,877618,0.0,0.0
2013-04-25 00:00:00+09:00,3705.6277372262775,4043.380265358881,3671.852484413017,3966.1796875,1760917,0.0,0.0
2013-04-26 00:00:00+09:00,3966.179840125895,4038.55538465374,3816.603714768349,3874.504150390625,1156668,0.0,0.0
2013-04-29 00:00:00+09:00,3874.504524837632,4062.680958796122,3860.0294145331327,4004.780517578125,736181,0.0,0.0
2013-04-30 00:00:00+09:00,3999.9552339530283,4014.4303433641976,3864.854212782118,3908.279541015625,610274,0.0,0.0
2013-05-02 00:00:00+09:00,3913.104411116722,3946.8796649734636,3778.003395689758,3806.95361328125,454533,0.0,0.0
2013-05-03 00:00:00+09:00,3855.2040051832,3879.3291866924815,3657.3775168070906,3874.504150390625,675531,0.0,0.0
2013-05-06 00:00:00+09:00,3845.5537950005723,3961.3546621022206,3734.577964028159,3951.70458984375,524180,0.0,0.0
2013-05-07 00:00:00+09:00,3975.8309850933906,4255.683166082974,3975.8309850933906,4197.78271484375,2411819,0.0,0.0
2013-05-08 00:00:00+09:00,4197.780793702238,4564.483483726802,4159.180510541758,4419.732421875,1970969,0.0,0.0
2013-05-09 00:00:00+09:00,4540.358372224507,4728.534755345395,4308.756669921875,4583.78369140625,2112296,0.0,0.0
2013-05-10 00:00:00+09:00,4588.60936052895,5153.138587849546,4588.60936052895,5046.98779296875,4251156,0.0,0.0
2013-05-13 00:00:00+09:00,5114.539168074324,5133.839315878378,4892.5874683277025,4998.73828125,1866356,0.0,0.0
2013-05-14 00:00:00+09:00,5066.288322679924,5239.989636600379,4747.835913825757,4776.7861328125,1765781,0.0,0.0
2013-05-15 00:00:00+09:00,4776.786449801537,4989.088069792717,4588.610013900265,4786.4365234375,1546836,0.0,0.0
2013-05-16 00:00:00+09:00,4805.735856395657,4940.83686440678,4419.732976363877,4554.833984375,1918349,0.0,0.0
2013-05-20 00:00:00+09:00,4564.484002007378,4863.63623046875,4472.808319091797,4863.63623046875,1383235,0.0,0.0
2013-05-21 00:00:00+09:00,4863.635822821101,4921.536249283256,4728.5348277427365,4733.35986328125,687864,0.0,0.0
2013-05-22 00:00:00+09:00,4723.71056241356,4825.036325243677,4506.583927777595,4578.95947265625,893857,0.0,0.0
2013-05-23 00:00:00+09:00,4578.959341786961,4940.837055837564,4429.383219979378,4752.66064453125,1625525,0.0,0.0
2013-05-24 00:00:00+09:00,4776.785790076623,5114.5383206881015,4738.185500863882,5018.03759765625,1892006,0.0,0.0
2013-05-27 00:00:00+09:00,5124.188670207246,5182.08910715874,5018.037869129506,5085.58837890625,809755,0.0,0.0
2013-05-28 00:00:00+09:00,5104.88818359375,5162.788616677989,4921.536812160326,5104.88818359375,834742,0.0,0.0
2013-05-29 00:00:00+09:00,5191.738790522781,5384.74023254965,5066.2878532053155,5162.78857421875,1040301,0.0,0.0
2013-05-30 00:00:00+09:00,5124.187796422212,5124.187796422212,4902.236159289047,4911.88623046875,565102,0.0,0.0
2013-05-31 00:00:00+09:00,5008.388355152027,5124.189241976351,4805.736803209459,4998.73828125,537611,0.0,0.0
2013-06-03 00:00:00+09:00,4989.087605717929,5153.138842269583,4902.236951072936,5143.48876953125,522746,0.0,0.0
2013-06-04 00:00:00+09:00,5162.788486626312,5249.639134064885,4882.936400435353,5056.6376953125,754188,0.0,0.0
2013-06-05 00:00:00+09:00,5027.687933385725,5066.288224620932,4776.786040356878,4892.5869140625,705253,0.0,0.0
2013-06-07 00:00:00+09:00,4873.2869873046875,4989.087866210938,4583.7847900390625,4632.03515625,471564,0.0,0.0
2013-06-10 00:00:00+09:00,4704.410597038849,4834.686582803001,4632.035049392097,4762.31103515625,300190,0.0,0.0
2013-06-11 00:00:00+09:00,4771.960289588341,4820.210646409255,4651.334397536058,4767.13525390625,218309,0.0,0.0
2013-06-12 00:00:00+09:00,4685.110386584752,4771.961042566755,4641.68505859375,4641.68505859375,168265,0.0,0.0
2013-06-13 00:00:00+09:00,4603.084386735515,4660.984819273069,4342.532440316523,4496.93359375,475761,0.0,0.0
2013-06-14 00:00:00+09:00,4554.8341134361235,4554.8341134361235,4241.206764523678,4381.1328125,252938,0.0,0.0
2013-06-17 00:00:00+09:00,4381.132946889335,4381.132946889335,3942.0546449433773,4207.431640625,850208,0.0,0.0
2013-06-18 00:00:00+09:00,4217.081631888977,4598.2594910642965,4038.5552927815493,4530.708984375,669033,0.0,0.0
2013-06-19 00:00:00+09:00,4530.709843728976,4762.311624878062,4448.684212905342,4482.45947265625,634194,0.0,0.0
2013-06-20 00:00:00+09:00,4318.407385689871,4540.359050205775,4236.381770542689,4323.232421875,300171,0.0,0.0
2013-06-21 00:00:00+09:00,4231.556511655673,4260.506727242827,4091.6304696510956,4183.30615234375,375378,0.0,0.0
2013-06-24 00:00:00+09:00,4270.157249893345,4361.832942263936,4207.431776166098,4241.20703125,273631,0.0,0.0
2013-06-25 00:00:00+09:00,4168.831721547314,4241.207272268623,3609.1274626358695,3773.1787109375,1287369,0.0,0.0
2013-06-26 00:00:00+09:00,3782.828349087353,4009.6050485862124,3493.3261795143417,3700.802734375,1852015,0.0,0.0
2013-06-27 00:00:00+09:00,3811.7786524846,4154.356227581317,3700.80281829834,4014.43017578125,1684467,0.0,0.0
2013-06-28 00:00:00+09:00,4072.3310294117646,4178.481838235294,3995.1304411764704,4101.28125,707037,0.0,0.0
2013-07-01 00:00:00+09:00,4062.680958796122,4173.65680446395,3999.9554808099588,4004.780517578125,428741,0.0,0.0
2013-07-02 00:00:00+09:00,4004.779815487972,4062.6802465552682,3874.503845586556,3961.3544921875,488751,0.0,0.0
2013-07-03 00:00:00+09:00,4014.430007102273,4395.60785633434,4014.430007102273,4246.03173828125,2130573,0.0,0.0
2013-07-04 00:00:00+09:00,4289.457425404744,4410.0833372552715,4144.706331184111,4405.25830078125,1233041,0.0,0.0
2013-07-05 00:00:00+09:00,4429.383240431882,4429.383240431882,4241.2068282566715,4294.2822265625,680754,0.0,0.0
2013-07-08 00:00:00+09:00,4308.757281055767,4603.084486144682,4299.1072087577695,4366.65771484375,2152431,0.0,0.0
2013-07-09 00:00:00+09:00,4361.8327223894175,4467.983518730753,4236.381781258749,4308.75732421875,802893,0.0,0.0
2013-07-10 00:00:00+09:00,4328.057469008084,4381.132867178751,4236.381781258749,4308.75732421875,495413,0.0,0.0
2013-07-11 00:00:00+09:00,4318.407391922923,4559.6592015275555,4308.757319538738,4530.708984375,867047,0.0,0.0
2013-07-12 00:00:00+09:00,4521.05808069338,4627.208857401229,4501.757939473771,4564.4833984375,520860,0.0,0.0
2013-07-15 00:00:00+09:00,4574.134493776766,4593.434639320129,4443.858511359073,4506.583984375,333457,0.0,0.0
2013-07-16 00:00:00+09:00,4530.709871533891,4603.085428587148,4453.50927734375,4453.50927734375,313263,0.0,0.0
2013-07-17 00:00:00+09:00,4458.333666621475,4607.909796129338,4443.858557314263,4448.68359375,669647,0.0,0.0
2013-07-18 00:00:00+09:00,4492.1079528009,4559.658448331741,4419.732421875,4419.732421875,474134,0.0,0.0
2013-07-19 00:00:00+09:00,4424.558593239779,4617.56005859375,4323.2328239289445,4617.56005859375,932641,0.0,0.0
2013-07-22 00:00:00+09:00,4709.2357421875,4892.587133789062,4632.03515625,4632.03515625,1474215,0.0,0.0
2013-07-23 00:00:00+09:00,4641.684866301546,4805.736098582474,4607.90961259665,4680.28515625,645592,0.0,0.0
2013-07-24 00:00:00+09:00,4771.961193266369,4853.986815395316,4660.9853515625,4660.9853515625,594061,0.0,0.0
2013-07-25 00:00:00+09:00,4660.985148721895,4699.5854398086185,4472.808729674117,4506.583984375,519164,0.0,0.0
2013-07-26 00:00:00+09:00,4458.333564525158,4660.985090185392,4458.333564525158,4578.95947265625,419921,0.0,0.0
2013-07-29 00:00:00+09:00,4603.084796216114,4660.985233904367,4390.783191359187,4405.25830078125,499464,0.0,0.0
2013-07-30 00:00:00+09:00,4410.0833372552715,4516.234139683735,4361.832972515061,4405.25830078125,365545,0.0,0.0
2013-07-31 00:00:00+09:00,4410.083025390625,4825.0361328125,4303.93223046875,4825.0361328125,1802036,0.0,0.0
2013-08-01 00:00:00+09:00,4921.53685546875,4979.4372890625,4767.13569921875,4825.0361328125,1130685,0.0,0.0
2013-08-02 00:00:00+09:00,4882.937644177535,5027.688760111651,4805.737049012672,4902.23779296875,777021,0.0,0.0
2013-08-05 00:00:00+09:00,4921.537179547156,4979.437616953593,4781.6111224815995,4834.6865234375,960644,0.0,0.0
2013-08-06 00:00:00+09:00,4911.887183189392,5162.789082527161,4902.237110137939,4940.83740234375,1904137,0.0,0.0
2013-08-07 00:00:00+09:00,4940.837325349302,4969.78754405252,4834.6865234375,4834.6865234375,487276,0.0,0.0
2013-08-08 00:00:00+09:00,4902.236418442919,5056.6375654804915,4873.2862033733745,5008.38720703125,943888,0.0,0.0
2013-08-09 00:00:00+09:00,4989.087276394567,5162.78857421875,4969.787132191881,5162.78857421875,905241,0.0,0.0
2013-08-12 00:00:00+09:00,5211.039112188111,5288.239691627935,4931.18701171875,4931.18701171875,876907,0.0,0.0
2013-08-13 00:00:00+09:00,4950.4871346440295,5008.387568967351,4776.785831674064,4960.13720703125,655649,0.0,0.0
2013-08-14 00:00:00+09:00,4998.737600275384,5037.337890625,4873.2866566391285,5037.337890625,485249,0.0,0.0
2013-08-16 00:00:00+09:00,4940.838090551181,4998.738536924828,4892.587718573142,4902.23779296875,323343,0.0,0.0
2013-08-19 00:00:00+09:00,4873.2874439380785,4921.537814670139,4689.93603515625,4689.93603515625,506087,0.0,0.0
2013-08-20 00:00:00+09:00,4670.635423697354,4791.261338565571,4424.558557366192,4467.98388671875,658277,0.0,0.0
2013-08-21 00:00:00+09:00,4545.183690121299,4603.084119294819,4255.681544253701,4400.4326171875,624795,0.0,0.0
2013-08-22 00:00:00+09:00,4395.6088317011445,4487.284537301936,4217.082457636444,4453.50927734375,376365,0.0,0.0
2013-08-23 00:00:00+09:00,4482.458590350573,4583.784349658821,4453.50837340536,4574.13427734375,252249,0.0,0.0
2013-08-26 00:00:00+09:00,4583.7840800382655,4651.334582270408,4477.633290816327,4492.1083984375,300290,0.0,0.0
2013-08-27 00:00:00+09:00,4492.108688354492,4569.309267316546,4279.807096208845,4323.232421875,483584,0.0,0.0
2013-08-28 00:00:00+09:00,4197.781636508344,4260.507109237778,4096.455872868487,4120.5810546875,505225,0.0,0.0
2013-08-29 00:00:00+09:00,4168.831328302961,4323.232488610478,4120.580965706862,4236.3818359375,554299,0.0,0.0
2013-08-30 00:00:00+09:00,4279.807034428162,4303.932215005548,4053.0303370007396,4077.155517578125,651309,0.0,0.0
2013-09-02 00:00:00+09:00,4043.3803231375555,4323.232421875,4043.3803231375555,4323.232421875,460002,0.0,0.0
2013-09-03 00:00:00+09:00,4323.232775590551,4400.433360868954,4265.332336631749,4289.45751953125,234568,0.0,0.0
2013-09-04 00:00:00+09:00,4289.457073563996,4289.457073563996,4159.181099451254,4231.556640625,292106,0.0,0.0
2013-09-05 00:00:00+09:00,4250.857104131114,4279.807322774459,4212.256812606655,4241.20703125,184869,0.0,0.0
2013-09-06 00:00:00+09:00,4226.731266848751,4279.806659468998,4168.830838535755,4250.8564453125,171433,0.0,0.0
2013-09-09 00:00:00+09:00,4255.682200113932,4270.157309638129,4168.83154296875,4168.83154296875,172183,0.0,0.0
2013-09-10 00:00:00+09:00,4197.781568054759,4274.982148616686,4168.831350344037,4207.431640625,155186,0.0,0.0
2013-09-11 00:00:00+09:00,4207.430503731343,4241.205748600746,4168.830223880597,4202.60546875,111017,0.0,0.0
2013-09-12 00:00:00+09:00,4217.081647208567,4376.307842126053,4188.131429950843,4294.2822265625,347515,0.0,0.0
2013-09-13 00:00:00+09:00,4294.282162031938,4405.257993185573,4241.206764523678,4381.1328125,503823,0.0,0.0
2013-09-16 00:00:00+09:00,4381.133190031424,4453.508738324896,4294.28253207926,4318.40771484375,311837,0.0,0.0
2013-09-17 00:00:00+09:00,4332.882595610975,4332.882595610975,4178.481434074727,4192.95654296875,213636,0.0,0.0
2013-09-23 00:00:00+09:00,4246.031930905963,4260.507039761324,4188.131495484518,4207.431640625,180968,0.0,0.0
2013-09-24 00:00:00+09:00,4173.656218155571,4241.206723420516,4173.656218155571,4217.08154296875,111516,0.0,0.0
2013-09-25 00:00:00+09:00,4202.606527877415,4347.357613797418,4197.781491680081,4308.75732421875,187604,0.0,0.0
2013-09-26 00:00:00+09:00,4294.282215626749,4342.532577600084,4279.80710703475,4308.75732421875,213732,0.0,0.0
2013-09-27 00:00:00+09:00,4313.581783734159,4313.581783734159,4183.305823822725,4188.130859375,571331,0.0,0.0
2013-09-30 00:00:00+09:00,4178.481408926156,4178.481408926156,4014.43017578125,4014.43017578125,539346,0.0,0.0
2013-10-01 00:00:00+09:00,3985.480176830064,4101.281053638686,3971.0050672289863,4043.380615234375,281887,0.0,0.0
2013-10-02 00:00:00+09:00,4081.9808214299014,4135.056222181354,4014.430311382598,4048.20556640625,224050,0.0,0.0
2013-10-04 00:00:00+09:00,3990.3052266081872,4130.231286549708,3975.8301169590645,4125.40625,187869,0.0,0.0
2013-10-07 00:00:00+09:00,4149.531071142399,4154.356107271635,3937.2294814560437,3951.70458984375,291023,0.0,0.0
2013-10-08 00:00:00+09:00,3937.2296398628046,4077.155693240282,3932.4046035394435,3956.52978515625,319558,0.0,0.0
2013-10-10 00:00:00+09:00,3956.52961526764,4004.7799764294405,3932.4044346867395,3966.1796875,162522,0.0,0.0
2013-10-11 00:00:00+09:00,3980.6549667730565,4004.7801483898625,3946.8797125095275,3956.52978515625,179467,0.0,0.0
2013-10-14 00:00:00+09:00,3975.8298367275283,3985.47990914677,3860.0289676966295,3864.85400390625,227208,0.0,0.0
2013-10-15 00:00:00+09:00,3874.504150390625,3917.929477107332,3860.029041485056,3874.504150390625,200694,0.0,0.0
2013-10-16 00:00:00+09:00,3913.104749960343,3913.104749960343,3782.8287595177667,3802.12890625,221439,0.0,0.0
2013-10-17 00:00:00+09:00,3835.9035144059008,3850.3786220074326,3618.7769003829253,3671.852294921875,323074,0.0,0.0
2013-10-18 00:00:00+09:00,3671.852454468551,3797.303392466162,3652.552310161226,3787.6533203125,262267,0.0,0.0
2013-10-21 00:00:00+09:00,3802.128480200674,3946.879564472273,3753.8781187768077,3937.2294921875,296940,0.0,0.0
2013-10-22 00:00:00+09:00,3946.879404716258,3980.6546563458587,3917.929189033742,3932.404296875,162916,0.0,0.0
2013-10-23 00:00:00+09:00,3956.529802375236,3956.529802375236,3831.078857421875,3831.078857421875,139449,0.0,0.0
2013-10-24 00:00:00+09:00,3860.0291763117284,3922.754650426794,3840.7290304301696,3908.279541015625,138783,0.0,0.0
2013-10-25 00:00:00+09:00,3922.7540280247426,3990.3045278923273,3869.6786352716404,3985.4794921875,174976,0.0,0.0
2013-10-28 00:00:00+09:00,4028.905698529412,4130.231470588235,4028.905698529412,4101.28125,446489,0.0,0.0
2013-10-29 00:00:00+09:00,4168.831095950704,4178.481167932072,4057.8552681649794,4110.9306640625,213137,0.0,0.0
2013-10-30 00:00:00+09:00,4101.281043572154,4212.256883574695,4101.281043572154,4154.3564453125,198554,0.0,0.0
2013-10-31 00:00:00+09:00,4149.53119131235,4149.53119131235,3985.479958167443,4014.43017578125,173035,0.0,0.0
2013-11-01 00:00:00+09:00,4014.4300907863144,4091.630669455282,3999.954982285883,4019.255126953125,161900,0.0,0.0
2013-11-04 00:00:00+09:00,4019.2549543709592,4048.2051701287332,3869.67883962246,3917.92919921875,198696,0.0,0.0
2013-11-05 00:00:00+09:00,3917.929219816222,3971.0046156511708,3884.1539679212547,3888.97900390625,104883,0.0,0.0
2013-11-06 00:00:00+09:00,3888.979024658203,3922.7542767333985,3840.728664550781,3860.02880859375,95048,0.0,0.0
2013-11-07 00:00:00+09:00,3874.504155398638,3879.329191706731,3763.5283203125,3763.5283203125,187081,0.0,0.0
2013-11-08 00:00:00+09:00,3763.528467295121,3826.2539417500398,3724.928175322864,3782.82861328125,115522,0.0,0.0
2013-11-11 00:00:00+09:00,3792.4783334207214,3792.4783334207214,3594.65185546875,3594.65185546875,226427,0.0,0.0
2013-11-12 00:00:00+09:00,3599.4770577931217,3749.0531821786267,3594.6520215226215,3695.977783203125,178297,0.0,0.0
2013-11-13 00:00:00+09:00,3676.677683215559,3729.75308284203,3633.2523562484457,3638.077392578125,103211,0.0,0.0
2013-11-14 00:00:00+09:00,3638.077466207837,3700.802939763145,3623.602356925843,3647.7275390625,162853,0.0,0.0
2013-11-15 00:00:00+09:00,3720.1026237190545,3840.728519429789,3667.0272296063313,3715.277587890625,296745,0.0,0.0
2013-11-18 00:00:00+09:00,3715.2782338910397,3845.5542239105957,3715.2782338910397,3816.60400390625,241168,0.0,0.0
2013-11-19 00:00:00+09:00,3816.6036006106606,3840.7287813983385,3787.6533836654467,3811.778564453125,98631,0.0,0.0
2013-11-20 00:00:00+09:00,3835.903628540039,3942.0544207763674,3831.0785925292967,3860.02880859375,327577,0.0,0.0
2013-11-21 00:00:00+09:00,3831.07916424302,3932.4049355894977,3667.0279153963415,3758.70361328125,277772,0.0,0.0
2013-11-22 00:00:00+09:00,3724.9284410648297,3792.478956835436,3662.2029621349816,3753.878662109375,189602,0.0,0.0
2013-11-25 00:00:00+09:00,3753.8781305626976,3811.778564453125,3715.277841302413,3811.778564453125,94769,0.0,0.0
2013-11-26 00:00:00+09:00,3811.7788616171315,4043.380615234375,3778.0036058812834,4043.380615234375,323758,0.0,0.0
2013-11-27 00:00:00+09:00,4033.7307381871237,4081.981105868788,3966.180223432794,4004.780517578125,252862,0.0,0.0
2013-11-28 00:00:00+09:00,4028.9046861499137,4250.856321554579,3980.65433062716,4188.130859375,948726,0.0,0.0
2013-11-29 00:00:00+09:00,4197.781774009146,4246.032139227642,4101.281043572154,4154.3564453125,451824,0.0,0.0
2013-12-02 00:00:00+09:00,4164.006414190068,4371.4829794394,4159.181377788922,4284.63232421875,934115,0.0,0.0
2013-12-03 00:00:00+09:00,4294.282544054793,4352.182982851037,4246.032178391256,4303.9326171875,320331,0.0,0.0
2013-12-04 00:00:00+09:00,4294.282215626749,4342.532577600084,4226.731708864082,4308.75732421875,302815,0.0,0.0
2013-12-05 00:00:00+09:00,4405.258709320819,4516.234558515101,4308.75797089101,4313.5830078125,681610,0.0,0.0
2013-12-06 00:00:00+09:00,4274.981614332933,4410.08261343149,4192.95600773738,4265.33154296875,488743,0.0,0.0
2013-12-09 00:00:00+09:00,4260.506696587828,4347.357342724386,4168.831014554794,4226.7314453125,262490,0.0,0.0
2013-12-10 00:00:00+09:00,4217.08175872093,4255.682049418605,4096.4558502906975,4149.53125,239916,0.0,0.0
2013-12-11 00:00:00+09:00,4144.706104064256,4395.607986964536,4130.230995435393,4294.2822265625,756041,0.0,0.0
2013-12-12 00:00:00+09:00,4294.281596165416,4419.732519199462,4183.305779635299,4260.50634765625,559800,0.0,0.0
2013-12-13 00:00:00+09:00,4236.38246820593,4477.634317192601,4226.732394246464,4434.208984375,495189,0.0,0.0
2013-12-16 00:00:00+09:00,4472.809453700075,4550.010048370194,4395.608859029955,4424.55908203125,744175,0.0,0.0
2013-12-17 00:00:00+09:00,4429.383078835227,4516.23372743984,4410.0829347008685,4511.40869140625,394619,0.0,0.0
2013-12-18 00:00:00+09:00,4511.408744480299,4535.533924932065,4361.832625679348,4439.033203125,309484,0.0,0.0
2013-12-19 00:00:00+09:00,4458.333401674724,4472.808510121719,4361.832678694751,4366.65771484375,246029,0.0,0.0
2013-12-20 00:00:00+09:00,4347.358031824575,4443.858765050425,4342.532995163282,4395.6083984375,186394,0.0,0.0
2013-12-23 00:00:00+09:00,4400.43322172619,4443.858549572173,4236.381983196924,4255.68212890625,334839,0.0,0.0
2013-12-24 00:00:00+09:00,4236.381983196924,4323.232638888889,4173.656509641617,4255.68212890625,267852,0.0,0.0
2013-12-26 00:00:00+09:00,4294.282120414402,4463.158383576766,4284.632048233696,4439.033203125,537446,0.0,0.0
2013-12-27 00:00:00+09:00,4507.325709069293,4517.081825322691,4434.154837168818,4487.8134765625,202419,50.0,0.0
2013-12-30 00:00:00+09:00,4502.448371407267,4536.594783758134,4443.911664520065,4497.5703125,231703,0.0,0.0
2014-01-02 00:00:00+09:00,4521.960336749474,4521.960336749474,4321.959933505969,4341.47216796875,264602,0.0,0.0
2014-01-03 00:00:00+09:00,4297.5694914517335,4360.984251257491,4190.252205626605,4273.17919921875,318380,0.0,0.0
2014-01-06 00:00:00+09:00,4321.9603198544955,4380.49702847555,4297.570024595723,4326.83837890625,219670,0.0,0.0
2014-01-07 00:00:00+09:00,4336.594074629484,4468.301656198658,4297.569606016395,4453.66748046875,346004,0.0,0.0
2014-01-08 00:00:00+09:00,4463.423820054236,4726.838996319731,4453.667702414773,4721.9609375,953259,0.0,0.0
2014-01-09 00:00:00+09:00,4760.985436657158,4834.156319392668,4682.936495072614,4702.44873046875,651469,0.0,0.0
2014-01-10 00:00:00+09:00,4741.4725534539475,4819.521484375,4580.496633429276,4634.1552734375,572050,0.0,0.0
2014-01-13 00:00:00+09:00,4682.93696768537,4897.571578704284,4682.93696768537,4868.30322265625,950123,0.0,0.0
2014-01-14 00:00:00+09:00,4834.156407973345,4853.668643727022,4756.10746495864,4809.76611328125,782161,0.0,0.0
2014-01-15 00:00:00+09:00,4809.765290519877,4863.423929663609,4760.984709480123,4785.375,448620,0.0,0.0
2014-01-16 00:00:00+09:00,4829.278377991344,4858.546731797353,4702.448844831976,4790.25390625,416532,0.0,0.0
2014-01-17 00:00:00+09:00,4785.375077097039,4809.765368009868,4687.813913445723,4726.83837890625,374634,0.0,0.0
2014-01-20 00:00:00+09:00,4760.985056678922,5014.644096583946,4760.985056678922,4975.61962890625,1040576,0.0,0.0
2014-01-21 00:00:00+09:00,4975.620058240065,5004.888411523831,4848.79052734375,4848.79052734375,441891,0.0,0.0
2014-01-22 00:00:00+09:00,4897.571548309631,4917.083785553892,4819.522599332585,4887.8154296875,325658,0.0,0.0
2014-01-23 00:00:00+09:00,4878.059056862114,4936.595765544459,4731.71728515625,4731.71728515625,349636,0.0,0.0
2014-01-24 00:00:00+09:00,4692.692600378306,4829.278247790565,4629.277835508329,4795.1318359375,447548,0.0,0.0
2014-01-27 00:00:00+09:00,4682.9361579754595,4785.375386431173,4643.911689992331,4770.7412109375,289250,0.0,0.0
2014-01-28 00:00:00+09:00,4760.985523897059,4809.76611328125,4717.082993451287,4809.76611328125,210996,0.0,0.0
2014-01-29 00:00:00+09:00,4829.277906963077,5004.888012670825,4829.277906963077,4863.42431640625,613232,0.0,0.0
2014-02-03 00:00:00+09:00,4863.424059313219,4985.3755151636005,4839.033768143143,4873.18017578125,366219,0.0,0.0
2014-02-04 00:00:00+09:00,4780.497395184885,4926.839152180341,4760.9851609188245,4897.57080078125,272002,0.0,0.0
2014-02-05 00:00:00+09:00,5014.644377790179,5034.1566127232145,4780.49755859375,4780.49755859375,753825,0.0,0.0
2014-02-06 00:00:00+09:00,4824.4001268408765,4848.790420707614,4653.6680697737065,4668.30224609375,611224,0.0,0.0
2014-02-07 00:00:00+09:00,4721.960551300206,4829.277836557028,4702.448317617147,4736.5947265625,503644,0.0,0.0
2014-02-10 00:00:00+09:00,4751.229306412131,4814.644071282109,4731.717071067523,4795.1318359375,520392,0.0,0.0
2014-02-11 00:00:00+09:00,4765.863077087088,4814.643661294735,4707.326376037911,4736.5947265625,351544,0.0,0.0
2014-02-12 00:00:00+09:00,4780.497530805386,4829.278117854421,4765.863354690676,4800.009765625,426663,0.0,0.0
2014-02-13 00:00:00+09:00,4824.399542557566,4829.277600740132,4712.2042043585525,4726.83837890625,332276,0.0,0.0
2014-02-14 00:00:00+09:00,4731.717242896246,4751.229478949426,4634.156062630344,4678.05859375,554087,0.0,0.0
2014-02-17 00:00:00+09:00,4673.180080837674,4673.180080837674,4526.838324652777,4565.86279296875,566855,0.0,0.0
2014-02-18 00:00:00+09:00,4551.22887477834,4629.277815824913,4551.22887477834,4556.10693359375,328485,0.0,0.0
2014-02-19 00:00:00+09:00,4560.984713774939,4590.253064879377,4492.69189453125,4492.69189453125,322202,0.0,0.0
2014-02-20 00:00:00+09:00,4492.6920897343925,4497.570148463746,4351.228386583147,4356.1064453125,627502,0.0,0.0
2014-02-21 00:00:00+09:00,4419.52132679576,4478.058033110936,4351.228502761388,4443.91162109375,365966,0.0,0.0
2014-02-24 00:00:00+09:00,4487.813703839001,4629.277396677404,4487.813703839001,4590.2529296875,558111,0.0,0.0
2014-02-25 00:00:00+09:00,4595.131137516361,4673.180074034686,4546.350552192408,4658.5458984375,364905,0.0,0.0
2014-02-26 00:00:00+09:00,4639.032866592891,4702.447616609408,4580.4961742699525,4614.642578125,541565,0.0,0.0
2014-02-27 00:00:00+09:00,4619.520993989089,4619.520993989089,4487.813426050647,4526.837890625,306975,0.0,0.0
2014-02-28 00:00:00+09:00,4551.228858325116,4551.228858325116,4468.301858762921,4482.93603515625,232432,0.0,0.0
2014-03-03 00:00:00+09:00,4482.935915389151,4658.546027417453,4482.935915389151,4653.66796875,412158,0.0,0.0
2014-03-04 00:00:00+09:00,4643.912180656935,4721.961124869656,4629.278003617049,4678.05859375,386451,0.0,0.0
2014-03-05 00:00:00+09:00,4717.0829070158525,4721.960965864886,4585.375318091935,4702.44873046875,475428,0.0,0.0
2014-03-06 00:00:00+09:00,4712.204736328125,4824.40008719308,4687.81444266183,4780.49755859375,588741,0.0,0.0
2014-03-07 00:00:00+09:00,4775.61926943539,4848.790146903757,4751.228976945936,4770.7412109375,361859,0.0,0.0
2014-03-10 00:00:00+09:00,4751.229086132406,4853.668316942242,4580.497034782679,4692.6923828125,359653,0.0,0.0
2014-03-11 00:00:00+09:00,4682.9362309644675,4829.277988182107,4682.9362309644675,4804.8876953125,352203,0.0,0.0
2014-03-12 00:00:00+09:00,4804.887730842321,4809.765789452313,4639.033738102586,4692.6923828125,378092,0.0,0.0
2014-03-13 00:00:00+09:00,4692.692572782104,4814.64404296875,4643.911984707447,4814.64404296875,469549,0.0,0.0
2014-03-14 00:00:00+09:00,4770.741614341736,5082.937384605408,4741.473260879517,4995.13232421875,1362226,0.0,0.0
2014-03-17 00:00:00+09:00,4956.108001771908,4995.132474226804,4726.839226099388,4731.71728515625,787173,0.0,0.0
2014-03-18 00:00:00+09:00,4780.4977163461535,4809.766069711538,4678.058479567308,4756.107421875,401697,0.0,0.0
2014-03-19 00:00:00+09:00,4780.497703014965,4848.79052734375,4741.473231969944,4848.79052734375,285352,0.0,0.0
2014-03-20 00:00:00+09:00,4848.790016119765,4878.058366317671,4751.228848793412,4775.619140625,260160,0.0,0.0
2014-03-21 00:00:00+09:00,4809.765693513772,4956.107448894516,4800.00957648839,4936.59521484375,399113,0.0,0.0
2014-03-24 00:00:00+09:00,4956.10791015625,5092.693561223548,4878.058966689223,4956.10791015625,558409,0.0,0.0
2014-03-25 00:00:00+09:00,4975.619840801887,5170.7421875,4858.546432783019,5170.7421875,709251,0.0,0.0
2014-03-26 00:00:00+09:00,5268.303888494318,5287.816125118371,5112.205995501894,5151.23046875,593012,0.0,0.0
2014-03-27 00:00:00+09:00,5160.985734367726,5287.81525146939,5092.692917466829,5239.03466796875,538677,0.0,0.0
2014-03-28 00:00:00+09:00,5219.522153501158,5287.814966724537,5151.229340277778,5268.302734375,286817,0.0,0.0
2014-03-31 00:00:00+09:00,5297.571827855603,5346.35241558908,5024.400536548132,5092.693359375,418286,0.0,0.0
2014-04-01 00:00:00+09:00,5112.205483490567,5268.303360849057,5024.400427476416,5170.7421875,414343,0.0,0.0
2014-04-02 00:00:00+09:00,5200.010271661931,5482.937659801136,5190.254154829546,5365.8642578125,866369,0.0,0.0
2014-04-03 00:00:00+09:00,5424.400593171296,5600.01068431713,5268.302734375,5268.302734375,695942,0.0,0.0
2014-04-04 00:00:00+09:00,5287.815376030219,5424.401013049451,5287.815376030219,5326.83984375,262343,0.0,0.0
2014-04-07 00:00:00+09:00,5239.03500884434,5297.5717128537735,5112.205483490567,5170.7421875,310441,0.0,0.0
2014-04-08 00:00:00+09:00,5112.204897489162,5160.985478572074,4995.131502890174,5063.42431640625,429350,0.0,0.0
2014-04-09 00:00:00+09:00,5082.937236038057,5112.2055886448015,4868.30265025526,4926.83935546875,466074,0.0,0.0
2014-04-10 00:00:00+09:00,4975.619831642909,5024.400418227644,4936.595362375122,5004.88818359375,266252,0.0,0.0
2014-04-11 00:00:00+09:00,4926.839556356115,5014.644617756521,4853.668671855777,4956.10791015625,307466,0.0,0.0
2014-04-14 00:00:00+09:00,4926.838689374097,5063.42431640625,4907.326456940932,5063.42431640625,202231,0.0,0.0
2014-04-15 00:00:00+09:00,5073.180536020059,5121.961118097174,4975.619371865827,4985.37548828125,256438,0.0,0.0
2014-04-16 00:00:00+09:00,5024.400255766369,5121.96142578125,4975.619670758929,5121.96142578125,289096,0.0,0.0
2014-04-17 00:00:00+09:00,5112.205622746394,5121.961740347055,5004.888329139122,5073.18115234375,235561,0.0,0.0
2014-04-18 00:00:00+09:00,5102.449245928803,5170.742065663988,5063.424777508697,5082.93701171875,277202,0.0,0.0
2014-04-21 00:00:00+09:00,5082.9366002351335,5092.692716550364,5014.64378602852,5024.39990234375,153792,0.0,0.0
2014-04-22 00:00:00+09:00,5024.400564340444,5112.205622746394,5004.888329139122,5073.18115234375,145941,0.0,0.0
2014-04-23 00:00:00+09:00,5248.790919265892,5268.303153166508,5102.449165011267,5141.4736328125,500944,0.0,0.0
2014-04-24 00:00:00+09:00,5170.742621947534,5200.010976411388,5004.888613319028,5043.9130859375,258486,0.0,0.0
2014-04-25 00:00:00+09:00,5034.156967782882,5190.25485825677,5034.156967782882,5043.9130859375,221603,0.0,0.0
2014-04-28 00:00:00+09:00,5043.912827657457,5141.474004207891,5024.40059234737,5053.6689453125,127421,0.0,0.0
2014-04-29 00:00:00+09:00,5102.449649586397,5531.71883616728,5092.693531709559,5473.18212890625,1728253,0.0,0.0
2014-04-30 00:00:00+09:00,5502.450185546875,6185.378400065104,5492.694068196614,5853.67041015625,3023775,0.0,0.0
2014-05-02 00:00:00+09:00,5912.206293368111,6380.499861159645,5863.425713389826,6107.32861328125,2917359,0.0,0.0
2014-05-07 00:00:00+09:00,6165.865309255191,6165.865309255191,5960.986873346395,6107.32861328125,655004,0.0,0.0
2014-05-08 00:00:00+09:00,6146.354205235485,6224.40314752419,5960.987967299812,6175.62255859375,679937,0.0,0.0
2014-05-09 00:00:00+09:00,6175.622788101341,6331.72067847989,6068.305488466089,6185.37890625,715387,0.0,0.0
2014-05-12 00:00:00+09:00,6282.939398871527,6497.573974609375,6214.646579318576,6321.9638671875,1256916,0.0,0.0
2014-05-13 00:00:00+09:00,6321.9640049471,6351.232356821855,6009.7682516163795,6224.40283203125,969692,0.0,0.0
2014-05-14 00:00:00+09:00,6214.64703125,6409.769387019231,6136.598088942307,6341.4765625,565430,0.0,0.0
2014-05-15 00:00:00+09:00,6351.232793142105,6790.258101423817,6351.232793142105,6595.1357421875,1074034,0.0,0.0
2014-05-16 00:00:00+09:00,6604.89168670245,6702.452863758616,6341.476508650801,6546.35498046875,644119,0.0,0.0
2014-05-19 00:00:00+09:00,6604.890650318287,6682.939579716435,6458.54890769676,6585.37841796875,349639,0.0,0.0
2014-05-20 00:00:00+09:00,6575.62280555681,6751.23291015625,6253.670947124503,6751.23291015625,569602,0.0,0.0
2014-05-21 00:00:00+09:00,6692.695876922389,6897.574322134299,6643.915294729077,6819.525390625,405055,0.0,0.0
2014-05-22 00:00:00+09:00,6585.379507211538,6653.672331730769,6341.4765625,6341.4765625,911568,0.0,0.0
2014-05-23 00:00:00+09:00,6195.134130787885,6751.232785047584,6126.841313598096,6663.427734375,1113041,0.0,0.0
2014-05-26 00:00:00+09:00,6663.428567920211,6673.184685882027,6517.086798492974,6595.1357421875,200277,0.0,0.0
2014-05-27 00:00:00+09:00,6604.890650318287,6780.50074146412,6497.573372395834,6585.37841796875,295806,0.0,0.0
2014-05-28 00:00:00+09:00,6575.6225847516735,6682.939867292132,6487.817535400391,6556.1103515625,323481,0.0,0.0
2014-05-29 00:00:00+09:00,6595.135631909014,7200.014935427295,6565.8672785129675,7170.74658203125,1109946,0.0,0.0
2014-05-30 00:00:00+09:00,7170.745844501831,7658.55168426386,6985.379625392259,6995.1357421875,879476,0.0,0.0
2014-06-02 00:00:00+09:00,6936.599022739955,6985.379606584821,6634.159402901786,6829.28173828125,450234,0.0,0.0
2014-06-03 00:00:00+09:00,6829.282050921763,6887.818754215377,6614.647472178507,6780.50146484375,380623,0.0,0.0
2014-06-05 00:00:00+09:00,6868.3068141748945,7063.429166850317,6702.4528144007845,6917.08740234375,396524,0.0,0.0
2014-06-09 00:00:00+09:00,6975.624651710743,7112.210309226757,6829.282875800727,7043.91748046875,365038,0.0,0.0
2014-06-10 00:00:00+09:00,7102.4535018257475,7268.307498434316,7053.6729145879335,7180.50244140625,301194,0.0,0.0
2014-06-11 00:00:00+09:00,7180.502405513176,7209.770757709562,7014.64840973366,7034.16064453125,210410,0.0,0.0
2014-06-12 00:00:00+09:00,7004.892493147876,7063.42919921875,6878.06296332765,7063.42919921875,226851,0.0,0.0
2014-06-13 00:00:00+09:00,7073.185183427306,7463.429883202605,7034.160713449775,7326.84423828125,639938,0.0,0.0
2014-06-16 00:00:00+09:00,7268.307963218793,7297.576317433096,7131.722310218708,7200.01513671875,225026,0.0,0.0
2014-06-17 00:00:00+09:00,7151.2331950413045,7317.087170915387,7073.184265218208,7307.3310546875,198855,0.0,0.0
2014-06-18 00:00:00+09:00,7287.819677074535,7356.112498680321,7209.770738096495,7219.52685546875,136294,0.0,0.0
2014-06-19 00:00:00+09:00,7219.527287332359,7317.088466890905,7082.941635950396,7092.69775390625,176123,0.0,0.0
2014-06-20 00:00:00+09:00,7151.2344616413775,7219.527287332359,6926.843748656724,7092.69775390625,249122,0.0,0.0
2014-06-23 00:00:00+09:00,7141.478673537234,7160.990910350177,6848.795121343085,6878.0634765625,236690,0.0,0.0
2014-06-24 00:00:00+09:00,6878.062450844169,7278.063245857802,6858.550216941065,7268.30712890625,415500,0.0,0.0
2014-06-25 00:00:00+09:00,7414.6490625,7541.4785859375,7268.3073046875,7317.087890625,605882,0.0,0.0
2014-06-26 00:00:00+09:00,7404.892702102661,7570.746688842773,7278.063182830811,7492.69775390625,446728,0.0,0.0
2014-06-27 00:00:00+09:00,7482.942103617376,7707.332805551144,7414.649281289708,7678.064453125,449602,0.0,0.0
2014-06-30 00:00:00+09:00,7697.576468613792,7834.162109375,7590.2591794442715,7834.162109375,483740,0.0,0.0
2014-07-01 00:00:00+09:00,7863.430536277011,8360.99251810099,7765.869363370348,8126.845703125,766199,0.0,0.0
2014-07-02 00:00:00+09:00,8136.601551051436,8439.04117704975,8039.040381374561,8321.9677734375,475634,0.0,0.0
2014-07-03 00:00:00+09:00,8380.50627618715,8770.751038756984,8360.99403805866,8731.7265625,566599,0.0,0.0
2014-07-04 00:00:00+09:00,8770.74908698095,8780.505203874143,8478.065580185144,8546.3583984375,368734,0.0,0.0
2014-07-07 00:00:00+09:00,8614.651915413993,8741.4814453125,8439.041797092983,8741.4814453125,312691,0.0,0.0
2014-07-08 00:00:00+09:00,8751.236379523027,9482.945106907895,8741.480263157895,9268.310546875,909988,0.0,0.0
2014-07-09 00:00:00+09:00,9268.311430877264,9658.556122703674,9121.969671442359,9160.994140625,589065,0.0,0.0
2014-07-10 00:00:00+09:00,9287.824048560686,9609.775932596927,9160.994518485802,9404.8974609375,431427,0.0,0.0
2014-07-11 00:00:00+09:00,9404.897548076922,9726.849435096154,9278.068016826923,9512.21484375,553121,0.0,0.0
2014-07-14 00:00:00+09:00,9609.775246465773,10243.9228515625,9609.775246465773,10243.9228515625,690008,0.0,0.0
2014-07-15 00:00:00+09:00,10292.703751121411,10634.167856608852,9951.239645633972,10195.142578125,636302,0.0,0.0
2014-07-16 00:00:00+09:00,10243.923005234772,10341.484176713198,9278.067407598352,9609.775390625,1113794,0.0,0.0
2014-07-17 00:00:00+09:00,9551.240190341621,9853.679869504635,9346.361698005385,9736.6064453125,595271,0.0,0.0
2014-07-18 00:00:00+09:00,9609.776401559266,9902.45994678442,9404.897919901656,9424.41015625,401057,0.0,0.0
2014-07-21 00:00:00+09:00,9346.36154625064,9804.899116891329,9268.31259805648,9521.9716796875,681441,0.0,0.0
2014-07-22 00:00:00+09:00,9541.483076346813,9560.995311676765,9258.5556640625,9258.5556640625,432225,0.0,0.0
2014-07-23 00:00:00+09:00,9317.092054834906,9600.01945754717,9141.481942806604,9307.3359375,618527,0.0,0.0
2014-07-24 00:00:00+09:00,9375.628303356109,9434.165004521705,9082.944797528135,9102.45703125,417114,0.0,0.0
2014-07-25 00:00:00+09:00,9200.018470415609,9609.775390625,9131.725650380711,9609.775390625,759558,0.0,0.0
2014-07-28 00:00:00+09:00,9687.823603465025,9804.897000485751,9190.261666126942,9414.65234375,622676,0.0,0.0
2014-07-29 00:00:00+09:00,9375.628573537428,9463.433627816134,8195.138399345931,8390.2607421875,1521830,0.0,0.0
2014-07-30 00:00:00+09:00,8565.87032225454,8780.504886137911,8331.723525290863,8595.138671875,1101901,0.0,0.0
2014-07-31 00:00:00+09:00,8702.457784567985,9073.190291085455,8517.09153130925,9004.8974609375,1338367,0.0,0.0
2014-08-01 00:00:00+09:00,8839.042541570321,9121.969951841336,8731.725248019246,8965.8720703125,424076,0.0,0.0
2014-08-04 00:00:00+09:00,8965.870836871603,8995.139185631793,8585.38230298913,8975.626953125,411331,0.0,0.0
2014-08-05 00:00:00+09:00,8975.627712673611,9268.311225043402,8956.115478515625,9131.7255859375,507872,0.0,0.0
2014-08-06 00:00:00+09:00,9239.042091966712,9248.798208220109,8975.626953125,8975.626953125,271794,0.0,0.0
2014-08-07 00:00:00+09:00,8975.627858231706,9200.0185546875,8780.50551348754,9200.0185546875,334985,0.0,0.0
2014-08-08 00:00:00+09:00,9219.529807350853,9580.506106686284,8887.821856610188,9014.6513671875,739165,0.0,0.0
2014-08-11 00:00:00+09:00,8936.602908572635,9034.16407569679,8643.919407200168,8663.431640625,486904,0.0,0.0
2014-08-12 00:00:00+09:00,8663.43224811873,8829.28624385974,8517.090487170777,8751.2373046875,305800,0.0,0.0
2014-08-13 00:00:00+09:00,8829.286094408357,8907.335032259482,8585.383163623595,8682.9443359375,242989,0.0,0.0
2014-08-14 00:00:00+09:00,8741.480263157895,9307.335012335527,8741.480263157895,9268.310546875,881767,0.0,0.0
2014-08-18 00:00:00+09:00,9317.092401654889,9531.726991012383,9180.506753881938,9404.8974609375,795882,0.0,0.0
2014-08-19 00:00:00+09:00,9414.653133906084,9502.458189040959,9141.481851264249,9200.0185546875,550485,0.0,0.0
2014-08-20 00:00:00+09:00,9121.970426780934,9131.726544884443,8653.6767578125,8653.6767578125,975061,0.0,0.0
2014-08-21 00:00:00+09:00,8712.21217694015,8780.5049935567,8517.08984375,8517.08984375,403164,0.0,0.0
2014-08-22 00:00:00+09:00,8575.628657472067,8819.531634078212,8370.750157122904,8731.7265625,532855,0.0,0.0
2014-08-25 00:00:00+09:00,8731.725089870444,8800.017911802392,8517.090506655752,8565.87109375,366762,0.0,0.0
2014-08-26 00:00:00+09:00,8595.139907004615,8809.774501731179,8526.8470814098,8585.3837890625,343455,0.0,0.0
2014-08-27 00:00:00+09:00,8604.896666217672,8760.99456492457,8468.311004849138,8487.8232421875,346652,0.0,0.0
2014-08-28 00:00:00+09:00,8497.57936085668,8702.457852909483,8468.311004849138,8487.8232421875,260746,0.0,0.0
2014-08-29 00:00:00+09:00,8507.333906060147,8556.114490383885,8029.2841796875,8029.2841796875,705517,0.0,0.0
2014-09-01 00:00:00+09:00,8029.284897887591,8087.821604312045,7795.138072189775,8039.041015625,483266,0.0,0.0
2014-09-02 00:00:00+09:00,8048.796943530701,8419.52940880848,8048.796943530701,8341.48046875,431657,0.0,0.0
2014-09-03 00:00:00+09:00,8341.479809482174,8370.748159690884,8078.064657603791,8107.3330078125,259773,0.0,0.0
2014-09-04 00:00:00+09:00,8175.626364776234,8175.626364776234,7892.6989607445985,7902.455078125,273223,0.0,0.0
2014-09-05 00:00:00+09:00,7941.477680224378,8292.697823330125,7941.477680224378,8234.1611328125,303121,0.0,0.0
2014-09-11 00:00:00+09:00,8312.21063211056,8458.55236859138,8243.917821752844,8360.9912109375,268153,0.0,0.0
2014-09-12 00:00:00+09:00,8360.992668805804,8360.992668805804,8048.796909877233,8195.138671875,195076,0.0,0.0
2014-09-15 00:00:00+09:00,8263.431723585407,8263.431723585407,8019.528780150182,8039.041015625,131712,0.0,0.0
2014-09-16 00:00:00+09:00,7980.503648695055,8195.138221153846,7970.74753176511,7990.259765625,165835,0.0,0.0
2014-09-17 00:00:00+09:00,8029.284126549274,8204.894228952538,8029.284126549274,8068.30859375,193794,0.0,0.0
2014-09-18 00:00:00+09:00,8117.089462209303,8439.041327897892,8117.089462209303,8390.2607421875,492019,0.0,0.0
2014-09-19 00:00:00+09:00,8468.30999634503,8536.6028188962,8282.94376370614,8341.48046875,247934,0.0,0.0
2014-09-22 00:00:00+09:00,8341.480665484678,8439.041842858767,8009.772662412773,8039.041015625,248622,0.0,0.0
2014-09-23 00:00:00+09:00,7960.9910808868035,8097.576712176528,7921.966614804025,8058.55224609375,201254,0.0,0.0
2014-09-24 00:00:00+09:00,8097.576387144805,8497.5771484375,7960.9907613375435,8497.5771484375,369478,0.0,0.0
2014-09-25 00:00:00+09:00,8760.993218680089,8760.993218680089,8556.11475810962,8721.96875,598399,0.0,0.0
2014-09-26 00:00:00+09:00,8663.432486498947,9258.5556640625,8643.920251168993,9258.5556640625,875193,0.0,0.0
2014-09-29 00:00:00+09:00,9326.847806334372,9521.970145379024,9160.993818146417,9395.140625,624597,0.0,0.0
2014-09-30 00:00:00+09:00,9473.18969701877,9658.555921780207,9307.335706442746,9648.7998046875,560922,0.0,0.0
2014-10-01 00:00:00+09:00,9746.361554631867,9951.240025750254,9443.921906790438,9590.263671875,543232,0.0,0.0
2014-10-02 00:00:00+09:00,9492.70176259957,9951.2392578125,9395.140593405331,9951.2392578125,787396,0.0,0.0
2014-10-06 00:00:00+09:00,10097.581683498476,10292.704034870427,9902.459332126524,10000.0205078125,599526,0.0,0.0
2014-10-07 00:00:00+09:00,9951.23869243421,9951.23869243421,9492.701223273027,9639.04296875,513992,0.0,0.0
2014-10-08 00:00:00+09:00,9609.775119114349,10975.631481221973,9609.775119114349,10878.0703125,2093907,0.0,0.0
2014-10-10 00:00:00+09:00,10829.289512567935,11463.437096637228,10731.728345788044,11219.5341796875,1488760,0.0,0.0
2014-10-13 00:00:00+09:00,11170.754308089116,11170.754308089116,9951.239645633972,10195.142578125,1640760,0.0,0.0
2014-10-14 00:00:00+09:00,10487.826804577464,10585.38798415493,9902.459727112675,10390.265625,1097775,0.0,0.0
2014-10-15 00:00:00+09:00,10390.265625,10536.607394366196,9804.898547535211,10390.265625,1083752,0.0,0.0
2014-10-16 00:00:00+09:00,10341.484042553191,11658.559840425532,10195.142287234043,11463.4375,2492055,0.0,0.0
2014-10-17 00:00:00+09:00,11414.655579399143,11609.777896995709,10975.630364806868,11365.875,1205563,0.0,0.0
2014-10-20 00:00:00+09:00,11317.096619192478,11365.877208068307,10975.63249706167,11024.4130859375,779816,0.0,0.0
2014-10-21 00:00:00+09:00,11024.411591880342,11707.339743589744,10926.850427350428,11414.65625,1358652,0.0,0.0
2014-10-22 00:00:00+09:00,11560.99821465446,11951.24288012803,11073.1923828125,11073.1923828125,1291903,0.0,0.0
2014-10-23 00:00:00+09:00,11024.412152019651,11658.559753684498,11024.412152019651,11170.75390625,949906,0.0,0.0
2014-10-24 00:00:00+09:00,11463.439154844404,11707.342115585774,11268.316786251307,11658.5615234375,806358,0.0,0.0
2014-10-27 00:00:00+09:00,11658.560891305757,12000.025017829357,11463.438533292272,11756.1220703125,723300,0.0,0.0
2014-10-28 00:00:00+09:00,11756.120657169118,12487.829411764706,11512.217738970588,12439.048828125,1192673,0.0,0.0
2014-10-29 00:00:00+09:00,12439.049529440153,13219.538911679536,12097.585424710425,12634.171875,1693427,0.0,0.0
2014-10-30 00:00:00+09:00,12585.39043445122,12780.512766768292,11804.901105182926,12000.0234375,750191,0.0,0.0
2014-10-31 00:00:00+09:00,11902.463167317708,12195.146687825521,11512.218473307292,11707.3408203125,628061,0.0,0.0
2014-11-03 00:00:00+09:00,11951.24426222033,12634.172505775778,11853.683084569553,12536.611328125,885045,0.0,0.0
2014-11-04 00:00:00+09:00,12585.391171874999,12682.95234375,11902.46296875,12195.146484375,539542,0.0,0.0
2014-11-05 00:00:00+09:00,12048.804889405326,12292.70782238924,11463.437850243934,11560.9990234375,617049,0.0,0.0
2014-11-06 00:00:00+09:00,11609.778642846904,11804.900972978785,10439.04466205562,10634.1669921875,1162480,0.0,0.0
2014-11-07 00:00:00+09:00,10780.509143778027,11024.41206558296,10585.38680633408,10878.0703125,605662,0.0,0.0
2014-11-10 00:00:00+09:00,10975.631534352022,11073.192703546261,9853.678088618259,9951.2392578125,1532581,0.0,0.0
2014-11-11 00:00:00+09:00,10048.800818630383,10292.703751121411,9902.459059135765,10195.142578125,803732,0.0,0.0
2014-11-12 00:00:00+09:00,10243.923164623206,10536.606683612441,10097.581405128589,10195.142578125,808415,0.0,0.0
2014-11-13 00:00:00+09:00,10048.7998046875,10243.922130992112,9902.45805995904,10048.7998046875,338690,0.0,0.0
2014-11-14 00:00:00+09:00,10195.142892690805,10585.387596717248,9951.23995267428,10146.3623046875,668434,0.0,0.0
2014-11-17 00:00:00+09:00,10195.140737869033,10292.701893255338,9512.212650164887,9707.3349609375,714394,0.0,0.0
2014-11-18 00:00:00+09:00,9687.825132042253,10487.826804577464,9639.044542253521,10390.265625,783441,0.0,0.0
2014-11-19 00:00:00+09:00,10243.923164623206,10439.045510616028,10048.800818630383,10195.142578125,333141,0.0,0.0
2014-11-20 00:00:00+09:00,10146.36082175926,10829.288953993057,10097.580240885416,10536.60546875,896161,0.0,0.0
2014-11-21 00:00:00+09:00,10634.16789504717,10682.948481721698,10243.923201650943,10341.484375,508412,0.0,0.0
2014-11-24 00:00:00+09:00,10390.265175394492,10439.045763072401,9726.849182974938,9853.6787109375,773600,0.0,0.0
2014-11-25 00:00:00+09:00,9951.239886293317,10000.020473971224,9756.117535581683,9853.6787109375,317745,0.0,0.0
2014-11-26 00:00:00+09:00,10000.0199100889,11317.095703125,9902.458740234375,11317.095703125,2234824,0.0,0.0
2014-11-27 00:00:00+09:00,11073.193192545574,11707.3408203125,10975.632019042969,11707.3408203125,1368757,0.0,0.0
2014-11-28 00:00:00+09:00,11609.77978515625,11951.243896484375,10878.070975167411,10926.8515625,1119549,0.0,0.0
2014-12-01 00:00:00+09:00,10878.069904852351,11317.095147649083,10536.60582712156,10634.1669921875,560204,0.0,0.0
2014-12-02 00:00:00+09:00,10682.947318412162,10878.069643862613,10146.360923423423,10829.2890625,690653,0.0,0.0
2014-12-03 00:00:00+09:00,10780.50873978641,10975.631069918292,10487.82524458859,10634.1669921875,463949,0.0,0.0
2014-12-04 00:00:00+09:00,10731.728300523127,11560.99821465446,10731.728300523127,11073.1923828125,1267149,0.0,0.0
2014-12-05 00:00:00+09:00,11024.411542884198,11365.87561722132,10926.850378787878,11268.314453125,430375,0.0,0.0
2014-12-08 00:00:00+09:00,11317.095199377827,11317.095199377827,10682.94762355062,10780.5087890625,474123,0.0,0.0
2014-12-09 00:00:00+09:00,10829.289683948864,11073.192604758522,10634.167347301136,10731.728515625,325211,0.0,0.0
2014-12-10 00:00:00+09:00,10731.729213169643,11219.535086495536,10634.168038504464,10926.8515625,463730,0.0,0.0
2014-12-11 00:00:00+09:00,10829.289109905947,10878.0696914821,9902.45805995904,10048.7998046875,758116,0.0,0.0
2014-12-12 00:00:00+09:00,10097.581405128589,10341.484337619617,9746.361182341507,10195.142578125,346583,0.0,0.0
2014-12-15 00:00:00+09:00,9951.239645633972,10341.484337619617,9902.459059135765,10195.142578125,279480,0.0,0.0
2014-12-16 00:00:00+09:00,10048.799381996268,10292.702279617537,9756.115904850747,9804.896484375,397900,0.0,0.0
2014-12-17 00:00:00+09:00,9853.67747838289,10341.483294144418,9746.360198915352,10048.7998046875,504605,0.0,0.0
2014-12-18 00:00:00+09:00,10292.704609979059,10341.48520054768,9375.629507288982,9463.4345703125,836272,0.0,0.0
2014-12-19 00:00:00+09:00,9570.7509609375,9951.23953125,9551.2387265625,9756.1171875,440664,0.0,0.0
2014-12-22 00:00:00+09:00,9756.11714784264,9951.239490799493,9541.482570590102,9609.775390625,298423,0.0,0.0
2014-12-23 00:00:00+09:00,9707.336436170213,9717.092553191489,9151.237765957447,9170.75,536126,0.0,0.0
2014-12-24 00:00:00+09:00,9219.530626227095,9639.043660013089,9160.99392383835,9317.091796875,520693,0.0,0.0
2014-12-26 00:00:00+09:00,9297.580044809436,9395.141220515725,9131.726046108743,9151.23828125,282057,0.0,0.0
2014-12-29 00:00:00+09:00,9284.007575757576,9539.711174242424,9284.007575757576,9411.859375,185572,75.0,0.0
2014-12-30 00:00:00+09:00,9461.033027742347,9716.736623086736,9451.198274075256,9638.05859375,242064,0.0,0.0
2015-01-02 00:00:00+09:00,9726.570709926928,10031.448052705224,9706.901203941232,9883.9267578125,395023,0.0,0.0
2015-01-05 00:00:00+09:00,9933.10112744372,10474.012574977784,9736.406055613152,10375.6650390625,608836,0.0,0.0
2015-01-06 00:00:00+09:00,10277.317503147215,10572.360110893069,10129.79619927429,10375.6650390625,404698,0.0,0.0
2015-01-07 00:00:00+09:00,10474.012452340012,10474.012452340012,10080.622313284988,10277.3173828125,160727,0.0,0.0
2015-01-08 00:00:00+09:00,10326.49156358507,10621.5341796875,10178.970255533855,10621.5341796875,367933,0.0,0.0
2015-01-09 00:00:00+09:00,10621.5328125,10621.5328125,10326.490234375,10326.490234375,221194,0.0,0.0
2015-01-12 00:00:00+09:00,10277.31756246315,10523.186403670401,10178.970025980248,10424.8388671875,309085,0.0,0.0
2015-01-13 00:00:00+09:00,10326.490489924066,10965.749425014603,10326.490489924066,10523.185546875,625622,0.0,0.0
2015-01-14 00:00:00+09:00,10769.05505663128,10916.576358776914,10178.969848048744,10277.3173828125,339460,0.0,0.0
2015-01-15 00:00:00+09:00,10277.317503147215,10572.360110893069,10178.969967231931,10375.6650390625,282997,0.0,0.0
2015-01-16 00:00:00+09:00,10326.490773168103,10326.490773168103,9883.926882889471,9982.2744140625,332846,0.0,0.0
2015-01-19 00:00:00+09:00,10080.622115369546,10129.795881785984,9785.579516870925,9805.2490234375,293710,0.0,0.0
2015-01-20 00:00:00+09:00,9883.927825560053,10031.449136389307,9765.91077689665,9795.4150390625,371307,0.0,0.0
2015-01-21 00:00:00+09:00,9834.754356971154,9834.754356971154,9687.233041616586,9716.7373046875,243094,0.0,0.0
2015-01-22 00:00:00+09:00,9982.274659382549,10277.317260152477,9834.753358997585,10178.9697265625,591063,0.0,0.0
2015-01-23 00:00:00+09:00,10277.317197929307,10474.012263918386,10031.44836544296,10129.7958984375,306483,0.0,0.0
2015-01-26 00:00:00+09:00,10178.968512578842,11014.922448394494,10129.79475164851,10719.8798828125,1063882,0.0,0.0
2015-01-27 00:00:00+09:00,10818.228819444445,11359.140260416667,10326.491145833334,11064.09765625,1462193,0.0,0.0
2015-01-28 00:00:00+09:00,11162.445372464364,11506.661749588817,10916.576531661185,11211.619140625,583599,0.0,0.0
2015-01-29 00:00:00+09:00,11162.445129394531,11211.618896484375,10916.576293945312,11014.923828125,392442,0.0,0.0
2015-01-30 00:00:00+09:00,11064.097152217742,11113.27091733871,10424.838205645161,10670.70703125,549817,0.0,0.0
2015-02-02 00:00:00+09:00,10670.706121882167,10769.053643742833,10375.663556300171,10719.8798828125,278057,0.0,0.0
2015-02-03 00:00:00+09:00,10719.881658793605,10769.05542787064,10474.01281340843,10572.3603515625,243131,0.0,0.0
2015-02-04 00:00:00+09:00,10621.5341796875,10916.576795789932,10474.012871636285,10621.5341796875,394477,0.0,0.0
2015-02-05 00:00:00+09:00,10621.533749999999,11309.966493055555,10621.533749999999,11064.09765625,788857,0.0,0.0
2015-02-06 00:00:00+09:00,11162.444271121405,11162.444271121405,10867.401691267976,11113.2705078125,359590,0.0,0.0
2015-02-09 00:00:00+09:00,11113.271428304426,11113.271428304426,10277.3173828125,10277.3173828125,520451,0.0,0.0
2015-02-10 00:00:00+09:00,10326.491330704599,10621.533940153302,10129.796257738797,10424.8388671875,315505,0.0,0.0
2015-02-11 00:00:00+09:00,10572.359501008064,10719.880796370968,10424.838205645161,10670.70703125,247077,0.0,0.0
2015-02-12 00:00:00+09:00,10572.359246625587,10670.706774501174,10424.837954812207,10474.01171875,180466,0.0,0.0
2015-02-13 00:00:00+09:00,10523.185859018266,10818.228453196347,10474.012093321919,10769.0546875,277144,0.0,0.0
2015-02-16 00:00:00+09:00,10818.22895068128,10916.576486596563,10326.491271104858,10375.6650390625,465619,0.0,0.0
2015-02-17 00:00:00+09:00,10375.663997395834,10474.0115234375,10129.795182291668,10326.490234375,286526,0.0,0.0
2015-02-23 00:00:00+09:00,10523.185546875,10670.706839588202,10375.6642541618,10523.185546875,330983,0.0,0.0
2015-02-24 00:00:00+09:00,10621.5328125,10719.880338541667,10277.316471354166,10326.490234375,316171,0.0,0.0
2015-02-25 00:00:00+09:00,10375.664538754618,10424.838304341132,9883.926882889471,9982.2744140625,402837,0.0,0.0
2015-02-26 00:00:00+09:00,10031.447130259901,10178.968411587251,9834.752088490099,9933.099609375,366956,0.0,0.0
2015-02-27 00:00:00+09:00,9982.274537919207,10277.317135099085,9883.927005525915,10080.6220703125,316956,0.0,0.0
2015-03-02 00:00:00+09:00,10178.969539866728,10178.969539866728,9982.274476294424,10031.4482421875,263843,0.0,0.0
2015-03-03 00:00:00+09:00,10080.62213194023,10228.14343143204,9982.27459894569,10129.7958984375,220113,0.0,0.0
2015-03-04 00:00:00+09:00,10129.796020507812,10474.012390136719,10031.448486328125,10228.1435546875,285275,0.0,0.0
2015-03-05 00:00:00+09:00,10228.143241995074,10326.490773168103,9883.926882889471,9982.2744140625,339361,0.0,0.0
2015-03-06 00:00:00+09:00,10031.448426177536,10326.491026947464,9933.10089258756,10178.9697265625,370206,0.0,0.0
2015-03-09 00:00:00+09:00,10277.316471354166,10769.0541015625,10228.142708333333,10326.490234375,767981,0.0,0.0
2015-03-10 00:00:00+09:00,10474.01263542895,10523.186403670401,10080.622489497347,10424.8388671875,299013,0.0,0.0
2015-03-11 00:00:00+09:00,10424.838623046875,10424.838623046875,10228.1435546875,10228.1435546875,99201,0.0,0.0
2015-03-12 00:00:00+09:00,10277.31703053653,10769.0546875,10228.143264840182,10769.0546875,521501,0.0,0.0
2015-03-13 00:00:00+09:00,10867.402121613466,11850.877426736855,10818.228356357296,11457.4873046875,1940799,0.0,0.0
2015-03-16 00:00:00+09:00,11949.226216376583,12195.0950685654,11506.66228243671,11654.18359375,1142766,0.0,0.0
2015-03-17 00:00:00+09:00,11752.52942654305,11900.050716415975,11457.4868467972,11850.876953125,691157,0.0,0.0
2015-03-18 00:00:00+09:00,11801.704545454546,12047.573390151516,11211.619318181818,11359.140625,630776,0.0,0.0
2015-03-19 00:00:00+09:00,11506.661195146276,11703.35625831117,11211.618600398937,11555.8349609375,599724,0.0,0.0
2015-03-20 00:00:00+09:00,11506.660724018895,12736.004818465359,11408.313196463178,12686.8310546875,2053116,0.0,0.0
2015-03-23 00:00:00+09:00,12834.352629997471,13031.047689461033,12047.572392143218,12145.919921875,1153835,0.0,0.0
2015-03-24 00:00:00+09:00,12096.747010522959,12440.963388871174,11801.704400510203,12047.5732421875,577319,0.0,0.0
2015-03-25 00:00:00+09:00,12096.745317206325,12293.440363014559,11801.702748493975,12244.2666015625,486298,0.0,0.0
2015-03-26 00:00:00+09:00,12539.310423357214,13178.5693861166,12440.962890625,12440.962890625,1706239,0.0,0.0
2015-03-27 00:00:00+09:00,12539.310925542091,12637.65846221301,11900.051937181122,12047.5732421875,759175,0.0,0.0
2015-03-30 00:00:00+09:00,12047.5732421875,12244.268315529336,11949.225705516581,12047.5732421875,331293,0.0,0.0
2015-03-31 00:00:00+09:00,12047.572811351103,12145.92034450499,11506.661379004727,11703.3564453125,611937,0.0,0.0
2015-04-01 00:00:00+09:00,11654.183266916583,12391.789802797379,11605.009497857864,12195.0947265625,681918,0.0,0.0
2015-04-02 00:00:00+09:00,12244.268005371094,12342.615539550781,11801.7041015625,11801.7041015625,467965,0.0,0.0
2015-04-03 00:00:00+09:00,11801.7041015625,11949.225402832031,11654.182800292969,11801.7041015625,303688,0.0,0.0
2015-04-06 00:00:00+09:00,11949.225286048228,12490.13671875,11949.225286048228,12490.13671875,735556,0.0,0.0
2015-04-07 00:00:00+09:00,12539.310297871016,12588.48406374502,12244.267702626992,12342.615234375,383638,0.0,0.0
2015-04-08 00:00:00+09:00,12391.789620535714,12440.963388871174,12047.5732421875,12047.5732421875,347711,0.0,0.0
2015-04-09 00:00:00+09:00,12244.268005371094,12883.526977539062,12195.09423828125,12588.484375,1044084,0.0,0.0
2015-04-10 00:00:00+09:00,12932.700681678922,12981.874448529412,12539.310546875,12539.310546875,500024,0.0,0.0
2015-04-13 00:00:00+09:00,12588.48431372549,12637.65808057598,12145.920412071078,12539.310546875,437820,0.0,0.0
2015-04-14 00:00:00+09:00,12588.484631147541,12883.527239690062,11654.18303742956,11998.3994140625,687853,0.0,0.0
2015-04-15 00:00:00+09:00,12145.920657310957,12244.268192997684,11801.704282407407,11949.2255859375,348152,0.0,0.0
2015-04-16 00:00:00+09:00,12047.572329141261,12195.09362296748,11900.05103531504,12096.74609375,230750,0.0,0.0
2015-04-17 00:00:00+09:00,13276.916220021802,13621.132566466811,12686.8310546875,12686.8310546875,2741559,0.0,0.0
2015-04-20 00:00:00+09:00,12588.485576923076,13080.223294771635,12391.790489783654,12785.1806640625,623435,0.0,0.0
2015-04-21 00:00:00+09:00,12932.700618233268,13080.221918061023,12490.13671875,12490.13671875,446597,0.0,0.0
2015-04-22 00:00:00+09:00,12588.482931726909,13031.046784795431,11162.443849617219,12244.2666015625,980676,0.0,0.0
2015-04-23 00:00:00+09:00,12391.788212604602,12490.135738101464,11555.834245881275,11752.529296875,566857,0.0,0.0
2015-04-24 00:00:00+09:00,11900.052445938818,12096.747527689873,11506.66228243671,11654.18359375,375496,0.0,0.0
2015-04-27 00:00:00+09:00,11752.5305736104,12145.92071833376,11654.18303742956,11998.3994140625,228066,0.0,0.0
2015-04-28 00:00:00+09:00,12145.920595783831,12195.094363378099,11801.704222623966,11900.0517578125,266846,0.0,0.0
2015-04-29 00:00:00+09:00,11949.225087267288,11949.225087267288,11408.31366356383,11555.8349609375,248206,0.0,0.0
2015-04-30 00:00:00+09:00,11605.008726728724,11654.182492519947,11309.966131981384,11555.8349609375,250343,0.0,0.0
2015-05-04 00:00:00+09:00,11605.009033203125,11654.182800292969,10965.750061035156,11014.923828125,261886,0.0,0.0
2015-05-06 00:00:00+09:00,11113.271604303729,11309.966676946273,10916.576531661185,11211.619140625,249317,0.0,0.0
2015-05-07 00:00:00+09:00,11260.792908785636,11309.966676946273,10719.881459018641,11211.619140625,242420,0.0,0.0
2015-05-08 00:00:00+09:00,11211.618600398937,11703.35625831117,11162.444834607713,11555.8349609375,176212,0.0,0.0
2015-05-11 00:00:00+09:00,11654.182365712179,11752.529896224518,11457.4873046875,11457.4873046875,202945,0.0,0.0
2015-05-12 00:00:00+09:00,11605.007890004961,12490.135610429068,11555.834127759177,12391.7880859375,765648,0.0,0.0
2015-05-13 00:00:00+09:00,12391.787885918675,12440.961647370734,12047.571555754268,12244.2666015625,396287,0.0,0.0
2015-05-14 00:00:00+09:00,12195.094178921569,12736.00561427696,12096.746645220588,12539.310546875,626643,0.0,0.0
2015-05-15 00:00:00+09:00,12539.311461629748,12539.311461629748,11605.009823312237,11654.18359375,920439,0.0,0.0
2015-05-18 00:00:00+09:00,11752.530632174745,12244.268315529336,11408.314253826531,12047.5732421875,572722,0.0,0.0
2015-05-19 00:00:00+09:00,12145.919078658384,12391.787885918675,11949.22403285015,12244.2666015625,493093,0.0,0.0
2015-05-20 00:00:00+09:00,12195.094119094489,12981.87438484252,12096.746585875984,12490.13671875,1413276,0.0,0.0
2015-05-21 00:00:00+09:00,12686.832417149697,12736.006186208417,11949.225881268902,12195.0947265625,888848,0.0,0.0
2015-05-22 00:00:00+09:00,12293.44115218496,12490.13621061992,11998.398564532521,12096.74609375,437119,0.0,0.0
2015-05-26 00:00:00+09:00,12096.746704101562,12686.831909179688,11752.530334472656,12588.484375,589553,0.0,0.0
2015-05-27 00:00:00+09:00,12391.789620535714,12490.137157206633,11900.051937181122,12047.5732421875,431700,0.0,0.0
2015-05-28 00:00:00+09:00,12096.746577928046,12195.094111081933,11703.3564453125,11703.3564453125,410967,0.0,0.0
2015-05-29 00:00:00+09:00,11703.355336334746,11949.224145921611,11555.834050582627,11605.0078125,282830,0.0,0.0
2015-06-01 00:00:00+09:00,11703.355663252074,11998.398242997926,11359.139320215249,11850.876953125,250105,0.0,0.0
2015-06-02 00:00:00+09:00,11850.877555684841,12195.093916223404,11457.487429355053,11555.8349609375,568400,0.0,0.0
2015-06-03 00:00:00+09:00,11703.35682223136,11801.704358552632,11113.271604303729,11211.619140625,447365,0.0,0.0
2015-06-04 00:00:00+09:00,11211.618291440218,11457.487113620924,11014.923233695652,11309.9658203125,264543,0.0,0.0
2015-06-05 00:00:00+09:00,11260.792537654843,11408.313837274774,10867.402405335022,10916.576171875,340378,0.0,0.0
2015-06-08 00:00:00+09:00,10916.57545457688,11260.791797739215,10916.57545457688,11113.2705078125,240936,0.0,0.0
2015-06-09 00:00:00+09:00,11064.098854564683,11309.967717999454,10965.751309190775,11260.7939453125,234637,0.0,0.0
2015-06-10 00:00:00+09:00,11309.966110159818,11359.139875856165,10719.880921803653,10769.0546875,389334,0.0,0.0
2015-06-11 00:00:00+09:00,10916.575856854839,10916.575856854839,10572.359501008064,10670.70703125,263055,0.0,0.0
2015-06-12 00:00:00+09:00,10769.05436806367,10916.575660776869,10523.185546875,10523.185546875,213662,0.0,0.0
2015-06-15 00:00:00+09:00,10375.664561929223,10916.57598458904,10228.143264840182,10769.0546875,317487,0.0,0.0
2015-06-16 00:00:00+09:00,10719.88110571509,11064.097471494932,10621.533572635135,10916.576171875,280592,0.0,0.0
2015-06-17 00:00:00+09:00,10916.57598458904,11064.097281678083,10719.880921803653,10769.0546875,189036,0.0,0.0
2015-06-18 00:00:00+09:00,10818.228995339912,11211.619140625,10769.055227179277,11211.619140625,363062,0.0,0.0
2015-06-19 00:00:00+09:00,11309.966304194819,11359.140070734797,10916.576171875,10916.576171875,320702,0.0,0.0
2015-06-22 00:00:00+09:00,10867.402586805556,11162.445190972221,10769.055052083333,11064.09765625,181676,0.0,0.0
2015-06-23 00:00:00+09:00,11654.183299097522,11850.878375875538,11309.966914735991,11408.314453125,689554,0.0,0.0
2015-06-24 00:00:00+09:00,11457.487153836382,12195.09362296748,11408.313389227642,12096.74609375,1136410,0.0,0.0
2015-06-25 00:00:00+09:00,12145.919921875,12342.614981338564,11949.224862411438,12145.919921875,657682,0.0,0.0
2015-06-26 00:00:00+09:00,12195.093296161825,12637.657165780602,11850.876953125,11850.876953125,858199,0.0,0.0
2015-06-29 00:00:00+09:00,11506.660614283739,12047.572010681692,11014.92298119469,11113.2705078125,778862,0.0,0.0
2015-06-30 00:00:00+09:00,11014.92508187773,11359.141490686408,10719.882445756004,11260.7939453125,564257,0.0,0.0
2015-07-01 00:00:00+09:00,11359.140625,11506.661931818182,11260.793087121212,11359.140625,415300,0.0,0.0
2015-07-02 00:00:00+09:00,11555.835700757576,11850.87831439394,11309.966856060606,11359.140625,630814,0.0,0.0
2015-07-03 00:00:00+09:00,12293.440448113208,13916.174587264151,12145.919162735849,13031.046875,4890147,0.0,0.0
2015-07-06 00:00:00+09:00,12981.87396031369,13571.959140327946,12588.483840304183,12932.7001953125,1612435,0.0,0.0
2015-07-07 00:00:00+09:00,13276.918018196202,14112.872115638185,11555.836052874472,11654.18359375,3113582,0.0,0.0
2015-07-08 00:00:00+09:00,11752.530334472656,11850.877868652344,10769.054992675781,11014.923828125,1264964,0.0,0.0
2015-07-09 00:00:00+09:00,10818.22893722467,11309.966616189427,10474.01256194934,11162.4453125,787619,0.0,0.0
2015-07-10 00:00:00+09:00,11260.792725694444,11752.530399305555,10916.576354166666,11064.09765625,657300,0.0,0.0
2015-07-13 00:00:00+09:00,11113.271837957973,11408.314453125,11014.924299568966,11408.314453125,383156,0.0,0.0
2015-07-14 00:00:00+09:00,11605.0078125,11703.355336334746,11260.79147907839,11605.0078125,401818,0.0,0.0
2015-07-15 00:00:00+09:00,11703.355336334746,11752.529098252118,11408.312764830509,11605.0078125,299624,0.0,0.0
2015-07-16 00:00:00+09:00,11605.009529903016,11654.183299097522,11309.966914735991,11408.314453125,378006,0.0,0.0
2015-07-17 00:00:00+09:00,11506.660614283739,11555.834377592644,11064.096744503595,11113.2705078125,346334,0.0,0.0
2015-07-20 00:00:00+09:00,11211.619318181818,11457.488162878788,11014.924242424242,11359.140625,304854,0.0,0.0
2015-07-21 00:00:00+09:00,11408.313087665929,11457.486850974834,11014.92298119469,11113.2705078125,256865,0.0,0.0
2015-07-22 00:00:00+09:00,11064.096744503595,11260.791797739215,10916.57545457688,11113.2705078125,205923,0.0,0.0
2015-07-23 00:00:00+09:00,11211.619318181818,11506.661931818182,10965.750473484848,11359.140625,499016,0.0,0.0
2015-07-24 00:00:00+09:00,11359.140652564263,12195.0947265625,11260.793114446824,12195.0947265625,1042181,0.0,0.0
2015-07-27 00:00:00+09:00,12293.44196084105,12637.658335744598,11850.87805025077,11949.2255859375,831915,0.0,0.0
2015-07-28 00:00:00+09:00,11703.357364187765,11949.226216376583,11309.967200685654,11654.18359375,572513,0.0,0.0
2015-07-29 00:00:00+09:00,11900.051569506726,12293.441704035875,10916.576233183856,10965.75,994959,0.0,0.0
2015-07-30 00:00:00+09:00,11014.92362804878,11162.44492663872,10031.448304115853,10080.6220703125,751624,0.0,0.0
2015-07-31 00:00:00+09:00,10178.96947640856,10326.490773168103,9579.049536253078,9982.2744140625,770752,0.0,0.0
2015-08-03 00:00:00+09:00,10080.62162148832,10178.96914950284,9677.396756628788,9736.4052734375,436311,0.0,0.0
2015-08-04 00:00:00+09:00,9657.72768102134,10080.6220703125,9657.72768102134,10080.6220703125,262322,0.0,0.0
2015-08-05 00:00:00+09:00,10129.79619927429,10424.838807020142,10031.448663359004,10375.6650390625,282087,0.0,0.0
2015-08-06 00:00:00+09:00,10277.316662998826,10572.359246625587,10277.316662998826,10474.01171875,280837,0.0,0.0
2015-08-07 00:00:00+09:00,10326.49042693662,10572.359246625587,10129.795371185446,10474.01171875,195406,0.0,0.0
2015-08-10 00:00:00+09:00,10572.359049479166,10621.5328125,10178.9689453125,10326.490234375,182109,0.0,0.0
2015-08-11 00:00:00+09:00,10424.83810546875,10474.011870117189,9815.083423828126,9834.7529296875,318468,0.0,0.0
2015-08-12 00:00:00+09:00,9805.248267197028,9982.273812642912,9146.319848037348,9677.396484375,399304,0.0,0.0
2015-08-13 00:00:00+09:00,9559.379909048508,10080.621817669466,9520.040897077115,9883.9267578125,274033,0.0,0.0
2015-08-17 00:00:00+09:00,9982.274223632812,10080.621752929688,9834.7529296875,9834.7529296875,154875,0.0,0.0
2015-08-18 00:00:00+09:00,9982.274693796522,10031.448460761037,9490.537024151374,9579.0498046875,283514,0.0,0.0
2015-08-19 00:00:00+09:00,9372.519352636296,9510.205890870197,8949.624985203598,9087.3115234375,283628,0.0,0.0
2015-08-20 00:00:00+09:00,8870.947473266197,9293.841865007267,8870.947473266197,8880.7822265625,229718,0.0,0.0
2015-08-21 00:00:00+09:00,8261.192446375739,8556.235033746301,8251.357693463387,8310.3662109375,377394,0.0,0.0
2015-08-24 00:00:00+09:00,8113.671152690458,8703.756327431582,8113.671152690458,8310.3662109375,358193,0.0,0.0
2015-08-25 00:00:00+09:00,8389.044464146047,8949.625395513367,8310.366438690984,8644.748046875,375003,0.0,0.0
2015-08-26 00:00:00+09:00,8644.747926403861,9047.97280124181,8556.23514900041,9008.6337890625,275076,0.0,0.0
2015-08-27 00:00:00+09:00,9136.484799916509,9195.493313156012,8929.955003578245,9018.4677734375,159566,0.0,0.0
2015-08-28 00:00:00+09:00,9146.320249155406,9244.667778716215,9097.146484375,9097.146484375,117821,0.0,0.0
2015-08-31 00:00:00+09:00,9146.320331690093,9146.320331690093,8910.286258614218,9008.6337890625,89616,0.0,0.0
2015-09-01 00:00:00+09:00,9008.633956535356,9047.972969445991,8831.6083984375,8831.6083984375,120377,0.0,0.0
2015-09-02 00:00:00+09:00,8575.90518586833,8743.09599797815,8575.90518586833,8664.41796875,182901,0.0,0.0
2015-09-03 00:00:00+09:00,8831.608871039994,8831.608871039994,8566.070519683557,8575.9052734375,144547,0.0,0.0
2015-09-04 00:00:00+09:00,8634.912779587967,8644.747532184309,8172.679407559909,8182.51416015625,196941,0.0,0.0
2015-09-07 00:00:00+09:00,8182.514485294118,8448.05281594669,8064.497449448529,8359.5400390625,193057,0.0,0.0
2015-09-08 00:00:00+09:00,8310.36675181208,8428.383794441363,7995.654638133989,8034.99365234375,191593,0.0,0.0
2015-09-09 00:00:00+09:00,8153.01057154848,8398.879406637398,8123.50631133781,8330.0361328125,147607,0.0,0.0
2015-09-10 00:00:00+09:00,8330.035494290865,8448.052526087195,8212.018462494538,8438.2177734375,125464,0.0,0.0
2015-09-11 00:00:00+09:00,8467.723128780242,8595.574929795506,8330.036573840725,8536.56640625,116892,0.0,0.0
2015-09-14 00:00:00+09:00,8615.244167814675,8615.244167814675,8379.210081025232,8477.5576171875,76568,0.0,0.0
2015-09-15 00:00:00+09:00,8428.384082474136,8802.10473023845,8428.384082474136,8674.2529296875,126820,0.0,0.0
2015-09-16 00:00:00+09:00,8821.77318555104,9362.68458488806,8684.086647537979,9224.998046875,306505,0.0,0.0
2015-09-17 00:00:00+09:00,9284.006484292502,9500.37104218915,9165.989452712513,9313.5107421875,277394,0.0,0.0
2015-09-18 00:00:00+09:00,9480.702294921875,9490.537048339844,9234.833459472657,9441.36328125,159189,0.0,0.0
2015-09-21 00:00:00+09:00,9402.025127467105,9500.372670641447,9156.15626953125,9343.0166015625,119617,0.0,0.0
2015-09-22 00:00:00+09:00,9431.527695149058,9461.031952798117,9244.667396705021,9402.0234375,85177,0.0,0.0
2015-09-23 00:00:00+09:00,9284.007065655209,9323.346078645274,9047.972987714822,9156.1552734375,136995,0.0,0.0
2015-09-24 00:00:00+09:00,9244.667842741936,9284.00685483871,9077.477041330645,9146.3203125,65312,0.0,0.0
2015-09-25 00:00:00+09:00,9244.66747376584,9333.180247450831,9047.972421132523,9313.5107421875,79242,0.0,0.0
2015-09-30 00:00:00+09:00,9097.146001412717,9185.658773318355,8998.79847707312,9028.302734375,81770,0.0,0.0
2015-10-01 00:00:00+09:00,9057.807824786469,9146.320604833243,9008.634058093818,9067.642578125,60231,0.0,0.0
2015-10-02 00:00:00+09:00,9047.97280124181,9097.146566465952,8929.955764703875,9008.6337890625,48563,0.0,0.0
2015-10-05 00:00:00+09:00,9077.4775390625,9215.164088950773,9008.634264118364,9077.4775390625,65236,0.0,0.0
2015-10-06 00:00:00+09:00,9097.147046189395,9185.659828260428,9038.138524808708,9077.4775390625,45883,0.0,0.0
2015-10-07 00:00:00+09:00,9126.650269634956,9126.650269634956,8802.103438925953,8890.6162109375,118301,0.0,0.0
2015-10-08 00:00:00+09:00,8851.279131355932,8969.296186440679,8664.418794138419,8703.7578125,129809,0.0,0.0
2015-10-12 00:00:00+09:00,8605.409478081598,8910.286842447917,8605.409478081598,8851.2783203125,61158,0.0,0.0
2015-10-13 00:00:00+09:00,8811.938953488372,9018.468772710756,8811.938953488372,8880.7822265625,65026,0.0,0.0
2015-10-14 00:00:00+09:00,8851.278112833703,8880.782373209817,8654.58304365962,8841.443359375,70803,0.0,0.0
2015-10-15 00:00:00+09:00,8821.773293345936,8890.616563193673,8743.095270662805,8861.1123046875,30903,0.0,0.0
2015-10-16 00:00:00+09:00,8880.782699819712,9087.312530048077,8870.947945999313,8949.6259765625,83316,0.0,0.0
2015-10-19 00:00:00+09:00,9028.303276209677,9215.163583669355,8988.964264112903,9146.3203125,113792,0.0,0.0
2015-10-20 00:00:00+09:00,9205.328830645161,9224.998336693548,9077.477041330645,9146.3203125,85676,0.0,0.0
2015-10-21 00:00:00+09:00,9136.484651779747,9244.666924298128,9077.476139496992,9195.4931640625,107470,0.0,0.0
2015-10-22 00:00:00+09:00,9165.990648420771,9451.198511944593,9165.990648420771,9185.66015625,323400,0.0,0.0
2015-10-23 00:00:00+09:00,9244.666924298128,9352.84919681651,9126.64989973262,9195.4931640625,102753,0.0,0.0
2015-10-26 00:00:00+09:00,9146.3203125,9205.328830645161,9077.477041330645,9146.3203125,70387,0.0,0.0
2015-10-27 00:00:00+09:00,9116.815650856468,9156.154661216151,8929.955351647975,8988.9638671875,92085,0.0,0.0
2015-10-28 00:00:00+09:00,8988.96514124586,9028.304157181292,8851.278585471855,8910.287109375,88520,0.0,0.0
2015-10-29 00:00:00+09:00,8949.625552192409,9441.363219895287,8861.11277200589,9392.189453125,156313,0.0,0.0
2015-10-30 00:00:00+09:00,9293.841535401876,10031.448006465516,9156.154994136663,9697.06640625,701059,0.0,0.0
2015-11-02 00:00:00+09:00,9687.231653302484,9834.752947515213,9490.536594352181,9697.06640625,244980,0.0,0.0
2015-11-03 00:00:00+09:00,9834.75322108115,9883.926987186554,9588.884390554122,9756.0751953125,126313,0.0,0.0
2015-11-04 00:00:00+09:00,9824.91777224657,9824.91777224657,9647.892226800686,9677.396484375,105315,0.0,0.0
2015-11-05 00:00:00+09:00,9697.066119372485,9933.10018313003,9687.23136671592,9775.744140625,295140,0.0,0.0
2015-11-06 00:00:00+09:00,10031.44785748106,10031.44785748106,9736.4052734375,9736.4052734375,203134,0.0,0.0
2015-11-09 00:00:00+09:00,9785.579831392648,9785.579831392648,9264.337890625,9264.337890625,203267,0.0,0.0
2015-11-10 00:00:00+09:00,9195.494851234525,9264.33812819564,8920.12174339007,9136.486328125,104627,0.0,0.0
2015-11-11 00:00:00+09:00,9057.8071966958,9824.917903907823,9057.8071966958,9775.744140625,185096,0.0,0.0
2015-11-12 00:00:00+09:00,9805.248493418512,9805.248493418512,9411.85838335157,9549.544921875,162379,0.0,0.0
2015-11-13 00:00:00+09:00,9441.36414473684,9490.537916324012,9224.99954975329,9343.0166015625,76510,0.0,0.0
2015-11-16 00:00:00+09:00,9156.156306340145,9333.181884765625,9116.81728891226,9205.330078125,93883,0.0,0.0
2015-11-17 00:00:00+09:00,9215.16392915009,9647.89307843782,9215.16392915009,9579.0498046875,154442,0.0,0.0
2015-11-18 00:00:00+09:00,9657.726979325458,9795.413514672256,9431.527671255717,9677.396484375,143445,0.0,0.0
2015-11-19 00:00:00+09:00,9756.07626525941,9756.07626525941,9480.703144869023,9667.5634765625,82223,0.0,0.0
2015-11-20 00:00:00+09:00,9667.562129882812,9834.7529296875,9657.727376953126,9834.7529296875,175077,0.0,0.0
2015-11-23 00:00:00+09:00,9834.75299284826,9982.274287740984,9834.75299284826,9883.9267578125,133872,0.0,0.0
2015-11-24 00:00:00+09:00,9982.272877630498,9982.272877630498,9579.048061883848,9726.5693359375,168789,0.0,0.0
2015-11-25 00:00:00+09:00,9706.90180889423,9805.249344951922,9588.884765625,9588.884765625,75969,0.0,0.0
2015-11-26 00:00:00+09:00,9608.55377358866,9687.231798346806,9588.884267399122,9657.7275390625,74514,0.0,0.0
2015-11-27 00:00:00+09:00,9657.72649453045,9667.56124656154,9392.188189691018,9608.552734375,109556,0.0,0.0
2015-11-30 00:00:00+09:00,9500.371716573141,9697.066783168859,9411.85893660507,9529.8759765625,78553,0.0,0.0
2015-12-01 00:00:00+09:00,9480.701457897489,9569.214230844666,9392.188684950313,9402.0234375,73518,0.0,0.0
2015-12-02 00:00:00+09:00,9431.528527832032,9510.20655517578,9303.676733398437,9441.36328125,105490,0.0,0.0
2015-12-03 00:00:00+09:00,9362.68575386936,9490.537555130182,9343.01624598308,9372.5205078125,43815,0.0,0.0
2015-12-04 00:00:00+09:00,9303.676278371273,9343.015290119143,9146.320231379792,9234.8330078125,59449,0.0,0.0
2015-12-07 00:00:00+09:00,9244.669095552885,9470.86844576322,9205.330078125,9205.330078125,72255,0.0,0.0
2015-12-08 00:00:00+09:00,9205.329575892858,9274.172852635646,8920.121715101306,8949.6259765625,105957,0.0,0.0
2015-12-09 00:00:00+09:00,8929.95667535675,9047.973723929746,8929.95667535675,8959.4609375,45874,0.0,0.0
2015-12-10 00:00:00+09:00,9097.146455910173,9097.146455910173,8664.417327196608,8772.599609375,106398,0.0,0.0
2015-12-11 00:00:00+09:00,8782.433172798377,8841.441682358054,8467.721121813442,8487.390625,140753,0.0,0.0
2015-12-14 00:00:00+09:00,8359.54005775269,8369.374810761812,8212.018762615879,8221.853515625,67706,0.0,0.0
2015-12-15 00:00:00+09:00,8241.523246677443,8615.243871228447,8241.523246677443,8556.2353515625,64064,0.0,0.0
2015-12-16 00:00:00+09:00,8693.921315074775,8851.27735697658,8595.573788886146,8713.5908203125,53222,0.0,0.0
2015-12-17 00:00:00+09:00,8851.277408494474,8939.79018257942,8723.42562370511,8900.451171875,43179,0.0,0.0
2015-12-18 00:00:00+09:00,8831.609282404217,8949.626332948594,8752.931248707966,8920.1220703125,25993,0.0,0.0
2015-12-21 00:00:00+09:00,8792.269798177083,9018.469133029514,8792.269798177083,8851.2783203125,59556,0.0,0.0
2015-12-22 00:00:00+09:00,8910.286068864456,8969.294585876803,8792.269034839761,8861.1123046875,41173,0.0,0.0
2015-12-23 00:00:00+09:00,8870.947827690972,8969.295364583333,8831.608812934028,8851.2783203125,40915,0.0,0.0
2015-12-24 00:00:00+09:00,9008.633808550443,9008.633808550443,8802.103994162278,8870.947265625,52215,0.0,0.0
2015-12-28 00:00:00+09:00,8880.782581380208,8929.956349826389,8802.10455186632,8851.2783203125,42604,0.0,0.0
2015-12-29 00:00:00+09:00,8811.718737150493,9088.630212616503,8811.718737150493,9019.40234375,75044,50.0,0.0
2015-12-30 00:00:00+09:00,9029.291758152915,9147.96810108592,8930.394805708742,9078.740234375,50415,0.0,0.0
2016-01-04 00:00:00+09:00,9078.741045106131,9108.410133488833,8871.057426427235,8910.6162109375,56382,0.0,0.0
2016-01-05 00:00:00+09:00,8742.491470557565,8979.844180165463,8742.491470557565,8890.8369140625,87286,0.0,0.0
2016-01-06 00:00:00+09:00,8900.726351351352,9207.306925675675,8801.829391891892,9147.96875,166227,0.0,0.0
2016-01-07 00:00:00+09:00,9147.968148301186,9187.526929483029,8999.622718869276,9068.8505859375,85218,0.0,0.0
2016-01-08 00:00:00+09:00,8950.17530097336,9078.741355020491,8673.26379994877,9049.072265625,128444,0.0,0.0
2016-01-11 00:00:00+09:00,9049.072047456782,9494.108377659575,9019.402958776596,9296.314453125,349651,0.0,0.0
2016-01-12 00:00:00+09:00,9365.542552510246,9375.43224897541,8871.057729252048,9049.072265625,136880,0.0,0.0
2016-01-13 00:00:00+09:00,9098.520747950819,9147.96923027664,9009.513479764344,9049.072265625,93693,0.0,0.0
2016-01-14 00:00:00+09:00,8950.175043402778,8999.623524305556,8831.498689236112,8900.7265625,93892,0.0,0.0
2016-01-15 00:00:00+09:00,8989.734315747894,9058.962192766854,8693.043414238062,8801.830078125,96869,0.0,0.0
2016-01-18 00:00:00+09:00,8712.82179433221,8861.167227833894,8683.152707631874,8811.71875,89704,0.0,0.0
2016-01-19 00:00:00+09:00,8811.719534523394,8871.057713207052,8702.932873603351,8851.2783203125,84575,0.0,0.0
2016-01-20 00:00:00+09:00,8900.725962549048,9068.850786286084,8722.711443298067,8821.6083984375,177954,0.0,0.0
2016-01-21 00:00:00+09:00,8821.607841019082,9058.960518355918,8693.041807461628,8940.2841796875,203750,0.0,0.0
2016-01-22 00:00:00+09:00,8950.174202637263,8999.622678894928,8861.166945373467,8871.056640625,101158,0.0,0.0
2016-01-25 00:00:00+09:00,8950.174947599085,9039.182212271342,8831.498594702744,8920.505859375,150538,0.0,0.0
2016-01-26 00:00:00+09:00,8900.72724803394,8979.844823572019,8811.7199755536,8960.0654296875,130683,0.0,0.0
2016-01-27 00:00:00+09:00,9058.961604420732,9296.314310213415,8861.167682926829,8920.505859375,360234,0.0,0.0
2016-01-28 00:00:00+09:00,8900.727056146978,9058.962203811812,8841.388875772665,8999.6240234375,153137,0.0,0.0
2016-01-29 00:00:00+09:00,9049.070589676156,9068.849978943206,8900.725170173268,8989.732421875,156664,0.0,0.0
2016-02-01 00:00:00+09:00,9049.072265625,9128.189837346312,8999.62378329918,9049.072265625,135674,0.0,0.0
2016-02-02 00:00:00+09:00,9078.739673576732,9138.077841377888,8969.95303260795,8989.732421875,119263,0.0,0.0
2016-02-03 00:00:00+09:00,8950.173643340897,9088.629368210259,8920.50455944032,8989.732421875,150619,0.0,0.0
2016-02-04 00:00:00+09:00,9019.403128411572,9177.638271015283,8969.954646347911,9058.9619140625,161073,0.0,0.0
2016-02-05 00:00:00+09:00,9068.850855225657,9306.203549364605,9049.071464047413,9217.1962890625,242671,0.0,0.0
2016-02-11 00:00:00+09:00,8979.843835802023,9029.29231507406,8524.917826499277,8554.5869140625,322694,0.0,0.0
2016-02-12 00:00:00+09:00,8455.689833259077,8455.689833259077,7179.919086486655,7456.83056640625,767622,0.0,0.0
2016-02-15 00:00:00+09:00,7476.6108473944905,7891.978116694185,7476.6108473944905,7674.40478515625,231521,0.0,0.0
2016-02-16 00:00:00+09:00,7901.8673034443855,8149.1097096848225,7793.080644698593,8079.8818359375,195762,0.0,0.0
2016-02-17 00:00:00+09:00,8079.881620142791,8168.888884012173,7812.859828534644,7921.646484375,142920,0.0,0.0
2016-02-18 00:00:00+09:00,7961.204703355627,8060.101656192343,7961.204703355627,8040.322265625,122640,0.0,0.0
2016-02-19 00:00:00+09:00,7990.8736015811455,8337.01292838231,7971.094211478222,8287.564453125,89832,0.0,0.0
2016-02-22 00:00:00+09:00,8257.897265392208,8337.014843982792,8168.889989477801,8297.4560546875,55733,0.0,0.0
2016-02-23 00:00:00+09:00,8346.903524316285,8346.903524316285,7891.97750284881,8000.76416015625,133759,0.0,0.0
2016-02-24 00:00:00+09:00,7990.874464037392,8099.661121344831,7911.756895086526,8000.76416015625,64554,0.0,0.0
2016-02-25 00:00:00+09:00,8000.76416015625,8119.440513582547,7990.874464037392,8000.76416015625,74286,0.0,0.0
2016-02-26 00:00:00+09:00,8079.881585182227,8079.881585182227,8010.653713583359,8030.43310546875,37753,0.0,0.0
2016-02-29 00:00:00+09:00,8010.653679848877,8168.888814265644,8010.653679848877,8139.2197265625,57387,0.0,0.0
2016-03-02 00:00:00+09:00,8198.557908799912,8544.697265625,8198.557908799912,8544.697265625,169976,0.0,0.0
2016-03-03 00:00:00+09:00,8554.586405793129,8564.476101059941,8356.792500456871,8455.689453125,110713,0.0,0.0
2016-03-04 00:00:00+09:00,8475.46977447795,8554.587345301548,8426.021292713202,8465.580078125,65121,0.0,0.0
2016-03-07 00:00:00+09:00,8505.138599881095,8524.91799197384,8257.89619872176,8317.234375,95727,0.0,0.0
2016-03-08 00:00:00+09:00,8317.23442266555,8396.351991489955,8238.116853841146,8307.3447265625,48422,0.0,0.0
2016-03-09 00:00:00+09:00,8307.344631457838,8356.793111406992,8228.227063539192,8327.1240234375,40608,0.0,0.0
2016-03-10 00:00:00+09:00,8327.124071046374,8435.91072755648,8248.006502675387,8317.234375,79422,0.0,0.0
2016-03-11 00:00:00+09:00,8317.235695818345,8376.573881519784,8208.449022032373,8248.0078125,66221,0.0,0.0
2016-03-14 00:00:00+09:00,8277.676083054861,9049.072420543846,8267.786386420388,8416.1318359375,351351,0.0,0.0
2016-03-15 00:00:00+09:00,8505.138863536798,8623.815219772196,8396.35220365435,8465.580078125,78982,0.0,0.0
2016-03-16 00:00:00+09:00,8485.35966384243,8534.808146731953,8416.131787797094,8426.021484375,71785,0.0,0.0
2016-03-17 00:00:00+09:00,8435.910704575115,8623.814928944315,8426.021008555685,8524.91796875,99308,0.0,0.0
2016-03-18 00:00:00+09:00,8554.587152525435,8594.145937045785,8465.57988735465,8505.138671875,47902,0.0,0.0
2016-03-21 00:00:00+09:00,8534.807782537286,8801.829578746449,8485.359301757811,8702.9326171875,168893,0.0,0.0
2016-03-22 00:00:00+09:00,8702.93256952327,8950.174972066543,8683.153177319806,8712.822265625,244582,0.0,0.0
2016-03-23 00:00:00+09:00,8712.822096082898,8762.27057562934,8524.917873806424,8544.697265625,97040,0.0,0.0
2016-03-24 00:00:00+09:00,8465.580078125,8574.366738007448,8445.8006854191,8465.580078125,77614,0.0,0.0
2016-03-25 00:00:00+09:00,8465.579148391813,8594.14518686038,8426.020367324561,8455.689453125,103331,0.0,0.0
2016-03-28 00:00:00+09:00,8534.807639223945,8564.476727193438,8327.1240234375,8327.1240234375,128406,0.0,0.0
2016-03-29 00:00:00+09:00,8327.124902806576,8485.360055353969,8287.566114669728,8346.904296875,128504,0.0,0.0
2016-03-30 00:00:00+09:00,8485.360055353969,8485.360055353969,8337.014599840788,8346.904296875,78417,0.0,0.0
2016-03-31 00:00:00+09:00,8455.690964251333,8455.690964251333,8287.566114669728,8346.904296875,138260,0.0,0.0
2016-04-01 00:00:00+09:00,8376.572763592108,8524.918208047695,8327.124282106914,8475.4697265625,144317,0.0,0.0
2016-04-04 00:00:00+09:00,8524.918039692111,8732.601657828462,8455.690166979994,8712.822265625,219338,0.0,0.0
2016-04-05 00:00:00+09:00,8752.381166791227,8930.39569899715,8594.146027052628,8890.8369140625,249934,0.0,0.0
2016-04-06 00:00:00+09:00,8890.837593794138,8890.837593794138,8722.712744968221,8752.3818359375,143454,0.0,0.0
2016-04-07 00:00:00+09:00,8752.380304205908,8801.828780500857,8663.373046875,8663.373046875,71068,0.0,0.0
2016-04-08 00:00:00+09:00,8653.48399454983,8880.947002406569,8633.704602562288,8732.6015625,137337,0.0,0.0
2016-04-11 00:00:00+09:00,8663.373377265536,8732.60124671857,8515.027942723318,8594.1455078125,107147,0.0,0.0
2016-04-12 00:00:00+09:00,8742.490834325954,9009.512613202425,8722.711443298067,8821.6083984375,381470,0.0,0.0
2016-04-14 00:00:00+09:00,8772.159933131818,8861.167192881745,8554.586631520882,8613.9248046875,136343,0.0,0.0
2016-04-15 00:00:00+09:00,8663.373807748336,8910.6162109375,8594.145934855369,8910.6162109375,157952,0.0,0.0
2016-04-18 00:00:00+09:00,8871.05815720716,8969.95512662976,8801.83027861134,8960.0654296875,108919,0.0,0.0
2016-04-19 00:00:00+09:00,8999.624120233342,9068.85199808129,8920.506545549972,8979.8447265625,122744,0.0,0.0
2016-04-20 00:00:00+09:00,8940.2852993202,9058.961652851,8910.6162109375,8910.6162109375,146937,0.0,0.0
2016-04-21 00:00:00+09:00,8950.174381581646,9049.071336074261,8821.608340741246,9039.181640625,189679,0.0,0.0
2016-04-22 00:00:00+09:00,9039.181734854714,9128.188994825932,8969.953865988213,9019.40234375,122188,0.0,0.0
2016-04-25 00:00:00+09:00,9019.402965100111,9049.0720538011,8851.27812912785,8890.8369140625,148456,0.0,0.0
2016-04-26 00:00:00+09:00,8890.83755109168,9108.410883821398,8880.94785414942,8960.0654296875,149723,0.0,0.0
2016-04-27 00:00:00+09:00,8910.616450718471,9019.403111049107,8801.829790387834,8861.16796875,113329,0.0,0.0
2016-04-28 00:00:00+09:00,8861.168064876958,8910.616547381851,8801.829885871086,8841.388671875,68492,0.0,0.0
2016-04-29 00:00:00+09:00,8930.395891890712,8930.395891890712,8782.050445181563,8851.2783203125,75210,0.0,0.0
2016-05-02 00:00:00+09:00,8851.277532267115,8930.395096801347,8722.71148989899,8811.71875,84517,0.0,0.0
2016-05-03 00:00:00+09:00,8811.719274902343,8851.278059525923,8643.59444025213,8702.9326171875,101583,0.0,0.0
2016-05-04 00:00:00+09:00,8693.042921031605,8811.719274902343,8613.925351784446,8702.9326171875,96303,0.0,0.0
2016-05-09 00:00:00+09:00,8673.263816012943,8722.712298430348,8574.366851178132,8643.5947265625,115618,0.0,0.0
2016-05-10 00:00:00+09:00,8613.925143516919,8950.1748046875,8613.925143516919,8950.1748046875,194749,0.0,0.0
2016-05-11 00:00:00+09:00,8999.622672419662,9128.188710597085,8821.608158020153,9078.740234375,221698,0.0,0.0
2016-05-12 00:00:00+09:00,9068.85199808129,9128.19017909382,8940.285939220816,8979.8447265625,113481,0.0,0.0
2016-05-13 00:00:00+09:00,9236.976275764628,9563.336251246676,9147.96900972407,9296.314453125,631340,0.0,0.0
2016-05-16 00:00:00+09:00,9355.653810680422,9444.66108794905,9236.977440988916,9256.7568359375,172230,0.0,0.0
2016-05-17 00:00:00+09:00,9256.755357383909,9335.872924541036,9078.740831280373,9157.8583984375,131591,0.0,0.0
2016-05-18 00:00:00+09:00,9246.866591010888,9246.866591010888,8969.955078125,8969.955078125,177798,0.0,0.0
2016-05-19 00:00:00+09:00,9049.07179054054,9197.41722972973,9039.182094594595,9147.96875,177583,0.0,0.0
2016-05-20 00:00:00+09:00,9207.306776751895,9939.144264914774,9157.85829782197,9790.798828125,1210341,0.0,0.0
2016-05-23 00:00:00+09:00,9939.14453125,10235.83541277985,9840.24757074005,9939.14453125,575178,0.0,0.0
2016-05-24 00:00:00+09:00,9988.592537715516,10285.283405172413,9860.026495150862,10038.041015625,601490,0.0,0.0
2016-05-25 00:00:00+09:00,10186.386907122462,10235.835387254125,9642.453625674176,9741.3505859375,464975,0.0,0.0
2016-05-26 00:00:00+09:00,9869.916896484374,9988.593251953125,9751.240541015624,9889.6962890625,216556,0.0,0.0
2016-05-27 00:00:00+09:00,9889.69484839109,10235.834168084777,9879.805153542698,9988.591796875,313881,0.0,0.0
2016-05-30 00:00:00+09:00,9988.592381178085,9988.592381178085,9454.548828125,9454.548828125,306125,0.0,0.0
2016-05-31 00:00:00+09:00,9484.219534826425,9771.020751208036,9414.991655010173,9721.572265625,201796,0.0,0.0
2016-06-01 00:00:00+09:00,9751.240521364796,9820.468395248725,9622.674469866071,9691.90234375,102384,0.0,0.0
2016-06-02 00:00:00+09:00,9790.799326171875,10087.490214843749,9711.681755859374,9889.6962890625,303722,0.0,0.0
2016-06-03 00:00:00+09:00,9988.592889200228,9988.592889200228,9741.350490952696,9761.1298828125,171526,0.0,0.0
2016-06-07 00:00:00+09:00,9790.799306441326,9830.358091517857,9602.895077327807,9691.90234375,207479,0.0,0.0
2016-06-08 00:00:00+09:00,9662.233087245813,10384.180902362441,9662.233087245813,10334.732421875,655901,0.0,0.0
2016-06-09 00:00:00+09:00,10384.180360991379,10483.077316810344,9830.357408405172,10038.041015625,586085,0.0,0.0
2016-06-10 00:00:00+09:00,10038.041015625,10087.489493534482,9860.026495150862,10038.041015625,278220,0.0,0.0
2016-06-13 00:00:00+09:00,10038.041752833946,10483.078086703432,9988.593271292893,10087.490234375,690114,0.0,0.0
2016-06-14 00:00:00+09:00,10087.490214843749,10136.938696289062,9800.689022460938,9889.6962890625,359855,0.0,0.0
2016-06-15 00:00:00+09:00,9889.696074695123,10235.835437309452,9830.357898246952,10136.9384765625,439967,0.0,0.0
2016-06-16 00:00:00+09:00,10186.38671875,10631.423031705097,9889.695843446601,10186.38671875,1012891,0.0,0.0
2016-06-17 00:00:00+09:00,10235.83541277985,10483.077814054726,9879.80635494403,9939.14453125,643712,0.0,0.0
2016-06-20 00:00:00+09:00,10038.042774219532,10038.042774219532,9810.579735985986,9879.8076171875,244167,0.0,0.0
2016-06-21 00:00:00+09:00,9939.144322663835,10334.732156401698,9879.806147603156,10186.38671875,591657,0.0,0.0
2016-06-22 00:00:00+09:00,10186.386956935976,10235.835437309452,10038.041515815548,10136.9384765625,228086,0.0,0.0
2016-06-23 00:00:00+09:00,10087.489946859137,10136.938426990799,9682.012409779505,9741.3505859375,347814,0.0,0.0
2016-06-24 00:00:00+09:00,9939.144168976814,9988.592647429436,9098.520035282258,9197.4169921875,597438,0.0,0.0
2016-06-27 00:00:00+09:00,8900.72613607106,9662.232705490473,8880.946744657569,9602.89453125,569247,0.0,0.0
2016-06-28 00:00:00+09:00,9513.888816550925,9889.697314502002,9494.109421921921,9879.8076171875,392002,0.0,0.0
2016-06-29 00:00:00+09:00,10038.040837534445,10186.386268631013,9869.916015625,9869.916015625,414303,0.0,0.0
2016-06-30 00:00:00+09:00,10038.04201995705,10680.872297097156,9939.145054243187,10433.6298828125,1089217,0.0,0.0
2016-07-01 00:00:00+09:00,10433.6298828125,10779.76926281102,10334.732917098638,10433.6298828125,551516,0.0,0.0
2016-07-04 00:00:00+09:00,10581.975106698495,10878.66599754051,10433.629661277488,10680.8720703125,455568,0.0,0.0
2016-07-05 00:00:00+09:00,10581.974870391705,10829.21727390553,10384.180947580644,10730.3203125,346205,0.0,0.0
2016-07-06 00:00:00+09:00,10829.217497051886,10829.217497051886,10384.181161556604,10483.078125,343606,0.0,0.0
2016-07-07 00:00:00+09:00,10581.974609375,10730.320047824182,10483.077650408879,10581.974609375,243445,0.0,0.0
2016-07-08 00:00:00+09:00,10631.423814240225,10680.872297097156,10384.181399955569,10433.6298828125,172096,0.0,0.0
2016-07-11 00:00:00+09:00,10581.973677608945,10829.216053254015,10483.076727350917,10779.767578125,399271,0.0,0.0
2016-07-12 00:00:00+09:00,10680.872297097156,10779.76926281102,10384.181399955569,10433.6298828125,333478,0.0,0.0
2016-07-13 00:00:00+09:00,10483.07814308449,11027.011442961517,10483.07814308449,10680.8720703125,610754,0.0,0.0
2016-07-14 00:00:00+09:00,10680.871808978873,10680.871808978873,10483.077886590376,10532.5263671875,187828,0.0,0.0
2016-07-15 00:00:00+09:00,10581.975069486178,10581.975069486178,10136.93873478816,10285.2841796875,372641,0.0,0.0
2016-07-18 00:00:00+09:00,10235.835698054387,10334.732661320613,9988.593289888822,10285.2841796875,257432,0.0,0.0
2016-07-19 00:00:00+09:00,10285.283405172413,10384.180360991379,9988.592537715516,10038.041015625,225236,0.0,0.0
2016-07-20 00:00:00+09:00,10087.490234375,10235.835678998163,10038.041752833946,10087.490234375,123393,0.0,0.0
2016-07-21 00:00:00+09:00,10136.938715916054,10235.835678998163,9988.593271292893,10087.490234375,148038,0.0,0.0
2016-07-22 00:00:00+09:00,10038.04149175995,10136.9384522699,9889.696050995024,9939.14453125,227678,0.0,0.0
2016-07-25 00:00:00+09:00,9939.14457797548,10384.180902362441,9939.14457797548,10334.732421875,388532,0.0,0.0
2016-07-26 00:00:00+09:00,10334.732398056403,10334.732398056403,10087.489996189024,10136.9384765625,159368,0.0,0.0
2016-07-27 00:00:00+09:00,10087.489701704546,10136.93818063447,9731.46065340909,9790.798828125,403430,0.0,0.0
2016-07-28 00:00:00+09:00,9790.799090485074,9939.14453125,9711.681522077115,9939.14453125,174006,0.0,0.0
2016-07-29 00:00:00+09:00,9939.14450646415,9988.592986595811,9741.3505859375,9741.3505859375,158740,0.0,0.0
2016-08-01 00:00:00+09:00,9761.129758852554,9790.79884626548,9533.666755353457,9583.115234375,181402,0.0,0.0
2016-08-02 00:00:00+09:00,9593.006203109104,9889.697116607324,9593.006203109104,9721.572265625,109502,0.0,0.0
2016-08-03 00:00:00+09:00,9741.351018186475,9820.468589907787,9583.115874743851,9652.34375,123127,0.0,0.0
2016-08-04 00:00:00+09:00,9662.232095361725,9771.018741266515,9652.34240027947,9731.4599609375,78102,0.0,0.0
2016-08-05 00:00:00+09:00,9780.908577424185,9790.798272649083,9701.791015625,9701.791015625,112604,0.0,0.0
2016-08-08 00:00:00+09:00,9701.791566051137,9869.91639441288,9691.901870265152,9790.798828125,106424,0.0,0.0
2016-08-09 00:00:00+09:00,9840.248827929492,10038.042774219532,9820.469433300488,9879.8076171875,180611,0.0,0.0
2016-08-10 00:00:00+09:00,9879.806592773437,10038.041733398437,9790.799326171875,9889.6962890625,123447,0.0,0.0
2016-08-11 00:00:00+09:00,9939.14453125,10038.04149175995,9869.916658893035,9939.14453125,82504,0.0,0.0
2016-08-12 00:00:00+09:00,9939.145109516616,10087.490558912386,9751.240873615307,9820.46875,250981,0.0,0.0
2016-08-16 00:00:00+09:00,9988.593271292893,10136.938715916054,9889.696308210785,10087.490234375,263384,0.0,0.0
2016-08-17 00:00:00+09:00,10087.489972014926,10136.9384522699,9869.916658893035,9939.14453125,171960,0.0,0.0
2016-08-18 00:00:00+09:00,9988.594087773397,9988.594087773397,9543.557717526068,9721.572265625,239292,0.0,0.0
2016-08-19 00:00:00+09:00,9691.902248281569,9820.468298513875,9622.674375079558,9711.681640625,96530,0.0,0.0
2016-08-22 00:00:00+09:00,9751.23988560268,9751.23988560268,9345.762365004595,9414.990234375,174604,0.0,0.0
2016-08-23 00:00:00+09:00,9424.880544483418,9741.350825095664,9414.990848214286,9691.90234375,148071,0.0,0.0
2016-08-24 00:00:00+09:00,9741.350825095664,9741.350825095664,9543.55689971301,9691.90234375,81111,0.0,0.0
2016-08-25 00:00:00+09:00,9691.902816611842,9691.902816611842,9355.65312705592,9395.2119140625,177214,0.0,0.0
2016-08-26 00:00:00+09:00,9385.321670970045,9385.321670970045,9128.189570395523,9306.2041015625,184915,0.0,0.0
2016-08-29 00:00:00+09:00,9306.204572156284,9484.219112325054,8989.734278522914,9009.513671875,196687,0.0,0.0
2016-08-30 00:00:00+09:00,9167.748237320557,9207.307021516115,8999.623404489435,9128.189453125,101077,0.0,0.0
2016-08-31 00:00:00+09:00,9128.189820836242,9177.638303072625,8663.374087814245,8851.2783203125,149018,0.0,0.0
2016-09-01 00:00:00+09:00,8772.16118778456,9039.18300522558,8772.16118778456,8960.0654296875,87266,0.0,0.0
2016-09-02 00:00:00+09:00,8960.0654296875,9098.52118687914,8900.72724803394,8960.0654296875,74772,0.0,0.0
2016-09-05 00:00:00+09:00,9078.740925578328,9157.858493557223,8979.843965604707,9138.0791015625,96726,0.0,0.0
2016-09-06 00:00:00+09:00,9108.40950876983,9177.637376914661,8989.733163378693,9039.181640625,90466,0.0,0.0
2016-09-07 00:00:00+09:00,9108.409320108252,9138.078405841503,8989.732977175245,9078.740234375,57654,0.0,0.0
2016-09-08 00:00:00+09:00,8979.844374127095,9098.520731494413,8831.498927417946,8851.2783203125,126122,0.0,0.0
2016-09-09 00:00:00+09:00,8821.60923097067,8910.616498996158,8762.271052287011,8851.2783203125,67248,0.0,0.0
2016-09-12 00:00:00+09:00,8752.381097966974,8930.395628773082,8653.484136408026,8702.9326171875,135471,0.0,0.0
2016-09-13 00:00:00+09:00,8791.94062389654,8960.065472722457,8693.04365399894,8752.3818359375,68391,0.0,0.0
2016-09-19 00:00:00+09:00,8920.506684763419,8930.396381753179,8702.9333509887,8752.3818359375,118329,0.0,0.0
2016-09-20 00:00:00+09:00,8831.498025985962,9355.651884191177,8831.498025985962,9246.865234375,322746,0.0,0.0
2016-09-21 00:00:00+09:00,9434.769304287713,9434.769304287713,9227.085703249933,9276.5341796875,113062,0.0,0.0
2016-09-22 00:00:00+09:00,9325.983180370145,9365.541963743932,9128.189263501214,9167.748046875,129261,0.0,0.0
2016-09-23 00:00:00+09:00,9177.638051275238,9335.87319009033,9177.638051275238,9306.2041015625,86400,0.0,0.0
2016-09-26 00:00:00+09:00,9296.314168208246,9444.659607062633,9187.527513048362,9355.65234375,133042,0.0,0.0
2016-09-27 00:00:00+09:00,9296.314453125,9414.990807845745,9197.417490857713,9296.314453125,118492,0.0,0.0
2016-09-28 00:00:00+09:00,9296.314500965122,9355.652678630857,9147.969056800785,9286.4248046875,133680,0.0,0.0
2016-09-29 00:00:00+09:00,9286.424378214002,9405.100728095333,9256.755290743671,9375.431640625,70167,0.0,0.0
2016-09-30 00:00:00+09:00,9375.431903301247,9375.431903301247,9098.520412486443,9118.2998046875,126314,0.0,0.0
2016-10-04 00:00:00+09:00,9108.41079396215,9236.976852943157,8979.844734981143,9177.638671875,50403,0.0,0.0
2016-10-05 00:00:00+09:00,9108.41006102722,9246.865805711674,9098.52036497833,9128.189453125,64380,0.0,0.0
2016-10-06 00:00:00+09:00,9128.189310753578,9227.086269699987,9128.189310753578,9157.8583984375,67399,0.0,0.0
2016-10-07 00:00:00+09:00,9227.08680199795,9236.976498463115,9049.072265625,9049.072265625,107263,0.0,0.0
2016-10-10 00:00:00+09:00,8960.065236521292,9187.528261289492,8960.065236521292,8999.6240234375,97947,0.0,0.0
2016-10-11 00:00:00+09:00,9019.402469758064,9227.086079259074,8999.623078377017,9197.4169921875,92231,0.0,0.0
2016-10-12 00:00:00+09:00,9197.417575730975,9741.350873220443,9197.417575730975,9682.0126953125,287434,0.0,0.0
2016-10-13 00:00:00+09:00,9741.350223242991,9780.90900587545,9464.43874481578,9612.7841796875,151305,0.0,0.0
2016-10-14 00:00:00+09:00,9543.556310080698,9790.798701533566,9543.556310080698,9612.7841796875,135046,0.0,0.0
2016-10-17 00:00:00+09:00,9662.232442764038,9721.570615391043,9246.865234375,9246.865234375,175747,0.0,0.0
2016-10-18 00:00:00+09:00,9365.542823807566,9513.888275082236,9246.866462787828,9395.2119140625,66180,0.0,0.0
2016-10-19 00:00:00+09:00,9405.100663458441,9721.570927633698,9395.210967702964,9593.0048828125,135898,0.0,0.0
2016-10-20 00:00:00+09:00,9494.108418367347,9751.240521364796,9494.108418367347,9691.90234375,147058,0.0,0.0
2016-10-21 00:00:00+09:00,9701.791203540814,9711.680898957267,9593.004553959827,9662.232421875,90037,0.0,0.0
2016-10-24 00:00:00+09:00,9751.240617810583,9820.468492379217,9632.56426140721,9672.123046875,139622,0.0,0.0
2016-10-25 00:00:00+09:00,9652.34310500516,9780.909150461172,9395.211014093138,9583.115234375,147919,0.0,0.0
2016-10-26 00:00:00+09:00,9454.5484986344,9780.908436348767,9454.5484986344,9731.4599609375,136172,0.0,0.0
2016-10-27 00:00:00+09:00,9751.240873615307,9889.696626384693,9731.461480362537,9820.46875,148013,0.0,0.0
2016-10-28 00:00:00+09:00,9780.909852764422,9889.696514423076,9583.115922475961,9642.4541015625,90355,0.0,0.0
2016-10-31 00:00:00+09:00,9741.351272783173,10087.490658110495,9642.454305546797,9800.689453125,192537,0.0,0.0
2016-11-01 00:00:00+09:00,9761.129646547379,9988.592647429436,9731.460559475807,9810.578125,129460,0.0,0.0
2016-11-02 00:00:00+09:00,9701.792265215969,9780.909837205498,9316.094101767016,9444.66015625,124856,0.0,0.0
2016-11-03 00:00:00+09:00,9395.211707039614,9474.329279309422,9177.638383297644,9236.9765625,74559,0.0,0.0
2016-11-04 00:00:00+09:00,9296.314473470053,9503.998094685872,8930.395712280273,9494.1083984375,79339,0.0,0.0
2016-11-07 00:00:00+09:00,9682.01172690501,9682.01172690501,9316.09299973904,9474.328125,34142,0.0,0.0
2016-11-08 00:00:00+09:00,9474.329883218556,9642.454735008445,9414.991700233888,9513.888671875,45571,0.0,0.0
2016-11-09 00:00:00+09:00,9405.100991602834,9662.233090216581,8960.064667079041,9118.2998046875,195012,0.0,0.0
2016-11-10 00:00:00+09:00,9167.74756980689,9563.33538295929,9167.74756980689,9474.328125,130999,0.0,0.0
2016-11-11 00:00:00+09:00,9602.895172306366,9691.902439608895,9405.101244967409,9672.123046875,104541,0.0,0.0
2016-11-14 00:00:00+09:00,9602.894249376279,9840.246939371162,9602.894249376279,9662.232421875,110162,0.0,0.0
2016-11-15 00:00:00+09:00,9662.234129336668,9682.013523664891,9385.322608741553,9513.888671875,104278,0.0,0.0
2016-11-16 00:00:00+09:00,9444.66079172622,9573.226854859668,9444.66079172622,9513.888671875,76965,0.0,0.0
2016-11-17 00:00:00+09:00,9513.888275082236,9563.33675884046,9385.322217310855,9395.2119140625,84252,0.0,0.0
2016-11-18 00:00:00+09:00,9414.990687703363,9513.887648708649,9068.851324184856,9118.2998046875,141311,0.0,0.0
2016-11-21 00:00:00+09:00,9098.520528590425,9365.5423267121,9039.182351230053,9296.314453125,96633,0.0,0.0
2016-11-22 00:00:00+09:00,9246.867138463207,9335.874415731838,9167.74955866887,9256.7568359375,40372,0.0,0.0
2016-11-23 00:00:00+09:00,9335.873821390087,9335.873821390087,9128.190187651535,9177.638671875,77379,0.0,0.0
2016-11-24 00:00:00+09:00,9118.299900220789,9365.542305324389,9049.07202679178,9098.5205078125,85849,0.0,0.0
2016-11-25 00:00:00+09:00,9049.07119534658,9138.078453005726,9009.512414164736,9068.8505859375,42450,0.0,0.0
2016-11-28 00:00:00+09:00,9197.417202607045,9197.417202607045,8950.1748046875,8950.1748046875,58860,0.0,0.0
2016-11-29 00:00:00+09:00,8940.2841796875,9068.850213244952,8900.72540013136,8940.2841796875,51434,0.0,0.0
2016-11-30 00:00:00+09:00,9019.401978929385,9019.401978929385,8455.689355246299,8683.15234375,98868,0.0,0.0
2016-12-01 00:00:00+09:00,8554.586631520882,8683.152673381888,8406.241198604333,8613.9248046875,167461,0.0,0.0
2016-12-02 00:00:00+09:00,8505.138434790462,8663.373568460982,8505.138434790462,8554.5869140625,48877,0.0,0.0
2016-12-05 00:00:00+09:00,8613.925011312427,8613.925011312427,8356.792921422502,8366.6826171875,85372,0.0,0.0
2016-12-06 00:00:00+09:00,8396.352283737779,8851.2783203125,8376.572890843227,8851.2783203125,102055,0.0,0.0
2016-12-07 00:00:00+09:00,8791.940189370107,9167.748656407299,8702.932920861298,8841.388671875,199587,0.0,0.0
2016-12-08 00:00:00+09:00,8752.380336482756,9157.857843596646,8752.380336482756,9068.8505859375,148421,0.0,0.0
2016-12-09 00:00:00+09:00,9068.850933022804,9583.115108068809,8910.61580223942,9405.1005859375,309810,0.0,0.0
2016-12-12 00:00:00+09:00,9494.107054455446,10235.834168084777,9494.107054455446,9988.591796875,640454,0.0,0.0
2016-12-13 00:00:00+09:00,10087.489493534482,10235.834927262931,9850.136799568965,10038.041015625,529696,0.0,0.0
2016-12-14 00:00:00+09:00,9988.592995010504,12164.326122636554,9494.10819327731,11768.73828125,7323336,0.0,0.0
2016-12-15 00:00:00+09:00,11669.842062114198,12510.466278452932,11570.945095486111,12015.9814453125,2812944,0.0,0.0
2016-12-16 00:00:00+09:00,11917.084956816983,12164.327383306962,11521.497074433017,11719.291015625,1735909,0.0,0.0
2016-12-19 00:00:00+09:00,11768.73757617998,11966.531485023339,11323.701281282416,11917.0830078125,1627929,0.0,0.0
2016-12-20 00:00:00+09:00,11966.531931515958,12213.774326795212,11422.598661901595,11620.392578125,939569,0.0,0.0
2016-12-21 00:00:00+09:00,11620.394045029008,11818.187986220992,11274.254647943038,11719.291015625,708002,0.0,0.0
2016-12-22 00:00:00+09:00,11719.290018106223,11768.738499195279,11373.150650482832,11521.49609375,414161,0.0,0.0
2016-12-23 00:00:00+09:00,11620.39329791891,12015.981154869341,11274.253923087284,11472.0478515625,1074848,0.0,0.0
2016-12-26 00:00:00+09:00,11570.944310461957,11620.392790421194,11224.804950747282,11373.150390625,342261,0.0,0.0
2016-12-27 00:00:00+09:00,11422.598661901595,11818.186494348403,11274.253224734042,11620.392578125,741134,0.0,0.0
2016-12-28 00:00:00+09:00,11570.732724528667,12067.330695538481,11471.413130326704,12017.6708984375,750441,50.0,0.0
2016-12-29 00:00:00+09:00,11868.691564837072,11968.011159521902,11620.392578125,11620.392578125,370369,0.0,0.0
2017-01-02 00:00:00+09:00,11620.392677017404,11819.03186807753,11173.45449713212,11769.3720703125,468967,0.0,0.0
2017-01-03 00:00:00+09:00,11719.711701766304,12216.309655230978,11372.093134341032,11421.7529296875,942349,0.0,0.0
2017-01-04 00:00:00+09:00,11521.07412109375,11918.3525390625,11272.775109863282,11918.3525390625,533753,0.0,0.0
2017-01-05 00:00:00+09:00,11968.010213376976,12712.907114624506,11670.051452877964,12563.927734375,2008632,0.0,0.0
2017-01-06 00:00:00+09:00,12613.587670110886,12712.907258064515,12315.62890625,12315.62890625,521899,0.0,0.0
2017-01-09 00:00:00+09:00,12365.2890625,12762.567425953815,12116.990085341366,12365.2890625,808101,0.0,0.0
2017-01-10 00:00:00+09:00,12265.969471636545,12514.268448795181,12116.990085341366,12365.2890625,323066,0.0,0.0
2017-01-11 00:00:00+09:00,12216.309930098685,12563.928505345395,12166.650133634868,12265.9697265625,453819,0.0,0.0
2017-01-12 00:00:00+09:00,12265.96998565051,12315.629783163266,11918.351403061224,12166.650390625,381084,0.0,0.0
2017-01-13 00:00:00+09:00,12166.650133634868,12414.949115953948,12017.670744243422,12265.9697265625,208880,0.0,0.0
2017-01-16 00:00:00+09:00,12216.311352539062,12265.971154785157,11719.713330078124,11918.3525390625,343631,0.0,0.0
2017-01-17 00:00:00+09:00,12067.330225840336,12166.64981617647,11769.371454831933,11819.03125,339246,0.0,0.0
2017-01-18 00:00:00+09:00,11819.032410668546,12166.651010982325,11620.393210489241,12116.9912109375,383882,0.0,0.0
2017-01-19 00:00:00+09:00,12166.651010982325,12265.970611071978,11918.352010758197,12116.9912109375,294945,0.0,0.0
2017-01-20 00:00:00+09:00,12017.671785107217,12116.99138663703,11819.032582047594,11868.6923828125,211275,0.0,0.0
2017-01-23 00:00:00+09:00,11868.6923828125,12265.970788931747,11819.032582047594,11868.6923828125,256118,0.0,0.0
2017-01-24 00:00:00+09:00,11819.031292459238,11819.031292459238,11223.11374830163,11421.7529296875,459420,0.0,0.0
2017-01-25 00:00:00+09:00,11372.093492119859,11719.712070481602,11322.433695211039,11471.4130859375,302699,0.0,0.0
2017-01-26 00:00:00+09:00,11471.413562309452,12563.929139672256,11471.413562309452,12216.310546875,891263,0.0,0.0
2017-01-31 00:00:00+09:00,12116.990492639463,12265.969883942407,11769.371912932593,12017.6708984375,277319,0.0,0.0
2017-02-01 00:00:00+09:00,12017.67137341926,12911.547756566148,11968.011574355545,12762.568359375,875236,0.0,0.0
2017-02-02 00:00:00+09:00,12663.248930431548,13209.506727430557,12315.63033234127,12514.26953125,775728,0.0,0.0
2017-02-03 00:00:00+09:00,12563.929068497786,12861.887860636074,12265.970276359498,12613.5888671875,384606,0.0,0.0
2017-02-06 00:00:00+09:00,12613.5888671875,12961.207458015502,12464.609471118356,12613.5888671875,337231,0.0,0.0
2017-02-07 00:00:00+09:00,12613.588983791979,13557.125167618937,12613.588983791979,13308.826171875,1233492,0.0,0.0
2017-02-08 00:00:00+09:00,13358.4853515625,13507.464742100372,13060.526570486756,13358.4853515625,439033,0.0,0.0
2017-02-09 00:00:00+09:00,13259.165813577585,13259.165813577585,12812.227640086207,12961.20703125,433063,0.0,0.0
2017-02-10 00:00:00+09:00,12961.20757783349,13308.826171875,12712.908582089553,13308.826171875,337666,0.0,0.0
2017-02-13 00:00:00+09:00,13159.846360085226,13755.763931107955,13110.1865625,13656.4443359375,436663,0.0,0.0
2017-02-14 00:00:00+09:00,13656.443824904794,14153.04178217406,13557.12423345094,13855.0830078125,528887,0.0,0.0
2017-02-15 00:00:00+09:00,13706.103723404256,14004.0625,13656.443927304965,14004.0625,358811,0.0,0.0
2017-02-16 00:00:00+09:00,14004.06239499328,14599.979943716398,13706.10362063172,13855.0830078125,747357,0.0,0.0
2017-02-17 00:00:00+09:00,13706.10362063172,14153.04178217406,13606.784029177868,13855.0830078125,197897,0.0,0.0
2017-02-20 00:00:00+09:00,13706.1044921875,14103.382883265398,13606.784894418024,13706.1044921875,197709,0.0,0.0
2017-02-21 00:00:00+09:00,13755.764739118304,14252.362744140624,13706.104938616072,13904.744140625,236351,0.0,0.0
2017-02-22 00:00:00+09:00,13904.743061823105,13954.402858472473,13606.784281926895,13755.763671875,201646,0.0,0.0
2017-02-23 00:00:00+09:00,13755.764555770986,13805.424355611314,13209.506757527372,13606.78515625,499931,0.0,0.0
2017-02-24 00:00:00+09:00,13408.145604395604,13805.423992673992,13308.826007326006,13557.125,213699,0.0,0.0
2017-02-27 00:00:00+09:00,13507.465570175438,14202.70276864035,13507.465570175438,14153.04296875,354718,0.0,0.0
2017-02-28 00:00:00+09:00,14202.701684397163,14202.701684397163,13755.763519503547,14004.0625,190497,0.0,0.0
2017-03-02 00:00:00+09:00,13954.40270390071,14153.041888297872,13805.423315602837,14004.0625,152238,0.0,0.0
2017-03-03 00:00:00+09:00,13904.743061823105,13954.402858472473,13308.825502030686,13755.763671875,278658,0.0,0.0
2017-03-06 00:00:00+09:00,13706.104395604396,13706.104395604396,13209.50641025641,13557.125,234956,0.0,0.0
2017-03-07 00:00:00+09:00,13507.465556569343,13755.764555770986,13408.145956888686,13606.78515625,136788,0.0,0.0
2017-03-08 00:00:00+09:00,13606.785691550927,13706.10529513889,13259.167078993056,13408.146484375,195525,0.0,0.0
2017-03-09 00:00:00+09:00,13408.146484375,13507.466087962963,13209.507277199074,13408.146484375,206684,0.0,0.0
2017-03-10 00:00:00+09:00,13259.166302224863,13706.1044921875,13110.186905570652,13706.1044921875,232495,0.0,0.0
2017-03-13 00:00:00+09:00,13706.104328847865,14202.702311777135,13656.444530554938,13954.4033203125,439368,0.0,0.0
2017-03-14 00:00:00+09:00,13954.403004859321,14599.980368073455,13855.083410518686,14451.0009765625,743377,0.0,0.0
2017-03-15 00:00:00+09:00,14451.0009765625,14649.640165243773,14202.701990710912,14451.0009765625,383095,0.0,0.0
2017-03-16 00:00:00+09:00,14550.321819661458,14947.600231119792,14351.682613932291,14897.9404296875,648473,0.0,0.0
2017-03-17 00:00:00+09:00,14897.940063476562,14897.940063476562,14302.0224609375,14302.0224609375,376289,0.0,0.0
2017-03-20 00:00:00+09:00,14252.362491334257,14699.300687926621,14053.723292848763,14550.3212890625,303990,0.0,0.0
2017-03-21 00:00:00+09:00,14550.320671237245,14748.959861288264,14401.34127869898,14599.98046875,172496,0.0,0.0
2017-03-22 00:00:00+09:00,14451.001689819752,14649.640888305246,14351.682090577004,14550.3212890625,111746,0.0,0.0
2017-03-23 00:00:00+09:00,14451.000402316242,14550.319992710169,14103.3818359375,14103.3818359375,172076,0.0,0.0
2017-03-24 00:00:00+09:00,14103.38316885965,14451.001768092105,13904.743969298244,14153.04296875,177534,0.0,0.0
2017-03-27 00:00:00+09:00,14053.723459879557,14401.342061360676,14053.723459879557,14302.0224609375,85928,0.0,0.0
2017-03-28 00:00:00+09:00,14202.70224643166,14401.341438689446,14153.042448367214,14351.681640625,76484,0.0,0.0
2017-03-29 00:00:00+09:00,14351.681640625,14550.320832882784,14153.042448367214,14351.681640625,103038,0.0,0.0
2017-03-30 00:00:00+09:00,14351.680811922315,14351.680811922315,14004.062245543575,14103.3818359375,131113,0.0,0.0
2017-03-31 00:00:00+09:00,14103.382092198583,14252.361480496455,13755.763519503547,14004.0625,227322,0.0,0.0
2017-04-03 00:00:00+09:00,13904.743734270134,14897.939715289429,13904.743734270134,14798.6201171875,500840,0.0,0.0
2017-04-04 00:00:00+09:00,14699.300449346405,15245.55823631536,14500.661254084967,15195.8984375,340663,0.0,0.0
2017-04-05 00:00:00+09:00,15245.557876536885,15543.51666239754,14997.258888319671,15146.23828125,307780,0.0,0.0
2017-04-06 00:00:00+09:00,15146.237817301702,15146.237817301702,14848.279040567899,14947.5986328125,123670,0.0,0.0
2017-04-07 00:00:00+09:00,14897.939715289429,14897.939715289429,14649.640720034606,14798.6201171875,187537,0.0,0.0
2017-04-10 00:00:00+09:00,14897.939691310976,15046.919088224085,14053.723108803353,14252.3623046875,316126,0.0,0.0
2017-04-11 00:00:00+09:00,14153.042637711864,14649.640625,14153.042637711864,14649.640625,226054,0.0,0.0
2017-04-12 00:00:00+09:00,14599.980630947231,14649.640429011677,14302.021842560553,14351.681640625,142456,0.0,0.0
2017-04-13 00:00:00+09:00,14302.021228448275,14500.660412176723,14252.361432516163,14401.3408203125,91718,0.0,0.0
2017-04-14 00:00:00+09:00,14351.681024380387,14599.980004040948,14252.361432516163,14401.3408203125,106151,0.0,0.0
2017-04-17 00:00:00+09:00,14401.341724779782,14798.6201171875,14302.022126677852,14798.6201171875,110336,0.0,0.0
2017-04-18 00:00:00+09:00,14947.600231119792,14947.600231119792,14550.321819661458,14897.9404296875,171986,0.0,0.0
2017-04-19 00:00:00+09:00,14897.93925382653,14897.93925382653,14451.001076211734,14599.98046875,157707,0.0,0.0
2017-04-20 00:00:00+09:00,14599.980211412585,14798.619397962415,14351.681228225296,14699.2998046875,115670,0.0,0.0
2017-04-21 00:00:00+09:00,14748.959861288264,14748.959861288264,14451.001076211734,14599.98046875,100105,0.0,0.0
2017-04-24 00:00:00+09:00,14500.6611328125,14699.300326412671,14302.021939212329,14500.6611328125,110192,0.0,0.0
2017-04-25 00:00:00+09:00,14550.320570903135,14550.320570903135,14252.36178788123,14451.0009765625,104713,0.0,0.0
2017-04-26 00:00:00+09:00,14351.680554796765,14500.659937718532,14153.041377567744,14202.701171875,239405,0.0,0.0
2017-04-27 00:00:00+09:00,14302.021276595746,14302.021276595746,13606.784131205673,14004.0625,282302,0.0,0.0
2017-04-28 00:00:00+09:00,13954.40270390071,14351.681072695035,13805.423315602837,14004.0625,133059,0.0,0.0
2017-05-02 00:00:00+09:00,13805.424898726853,14103.383709490741,13159.847475405093,13408.146484375,363402,0.0,0.0
2017-05-04 00:00:00+09:00,13408.145604395604,13755.764194139194,13358.485805860806,13557.125,136912,0.0,0.0
2017-05-08 00:00:00+09:00,13656.444560011772,14599.980729612585,13656.444560011772,14500.6611328125,512130,0.0,0.0
2017-05-10 00:00:00+09:00,14649.640266262755,14798.619658801019,14252.361886160714,14599.98046875,224184,0.0,0.0
2017-05-11 00:00:00+09:00,14451.000616244612,14649.63979997306,14302.021228448275,14401.3408203125,150432,0.0,0.0
2017-05-12 00:00:00+09:00,14401.341890198379,14599.981088683873,14252.362491334257,14550.3212890625,139771,0.0,0.0
2017-05-15 00:00:00+09:00,14699.300063775509,14699.300063775509,14202.702088647959,14599.98046875,179600,0.0,0.0
2017-05-16 00:00:00+09:00,14599.98042734099,14599.98042734099,13904.743264134275,14053.72265625,313454,0.0,0.0
2017-05-17 00:00:00+09:00,13805.424539620535,14004.063741629465,13706.104938616072,13904.744140625,221668,0.0,0.0
2017-05-18 00:00:00+09:00,13656.444597069596,13805.423992673992,13408.145604395604,13557.125,251506,0.0,0.0
2017-05-19 00:00:00+09:00,13557.12423345094,13904.742803539428,13557.12423345094,13855.0830078125,119273,0.0,0.0
2017-05-22 00:00:00+09:00,13855.083888841711,13904.743687726448,13557.125095533287,13706.1044921875,147755,0.0,0.0
2017-05-23 00:00:00+09:00,13904.743323863637,13904.743323863637,13358.485550426136,13656.4443359375,171469,0.0,0.0
2017-05-24 00:00:00+09:00,13706.103875225632,14053.72245177121,13507.464688628159,13755.763671875,146126,0.0,0.0
2017-05-25 00:00:00+09:00,13904.743323863637,13904.743323863637,13557.124740767045,13656.4443359375,106575,0.0,0.0
2017-05-26 00:00:00+09:00,13706.1044921875,13706.1044921875,13259.166302224863,13706.1044921875,207038,0.0,0.0
2017-05-29 00:00:00+09:00,13706.1045650653,13706.1045650653,13209.506573577426,13308.826171875,253437,0.0,0.0
2017-05-30 00:00:00+09:00,13308.825654871323,13606.784438189337,13259.165857651655,13507.46484375,123546,0.0,0.0
2017-05-31 00:00:00+09:00,13457.80425726617,14202.701171875,13457.80425726617,14202.701171875,605348,0.0,0.0
2017-06-01 00:00:00+09:00,14202.701426331427,14202.701426331427,13805.423064755721,14103.3818359375,192865,0.0,0.0
2017-06-02 00:00:00+09:00,14202.701936141306,15046.918484793061,14004.062748223245,14848.279296875,603470,0.0,0.0
2017-06-05 00:00:00+09:00,15096.578839869282,15444.197431576798,14848.279845792484,15195.8984375,477827,0.0,0.0
2017-06-07 00:00:00+09:00,15394.536386465097,15394.536386465097,14798.618848924512,15295.216796875,297112,0.0,0.0
2017-06-08 00:00:00+09:00,15295.218315972223,16089.775111607143,15245.55851624504,15642.8369140625,643680,0.0,0.0
2017-06-09 00:00:00+09:00,15841.476206269654,15990.455606328616,15543.51740615173,15791.81640625,292246,0.0,0.0
2017-06-12 00:00:00+09:00,15642.837006191037,15940.795806308963,15444.197806112421,15791.81640625,182891,0.0,0.0
2017-06-13 00:00:00+09:00,15841.475778245192,16288.413966346154,15791.815979567307,16139.4345703125,254089,0.0,0.0
2017-06-14 00:00:00+09:00,16338.073401933834,16338.073401933834,16089.7744140625,16089.7744140625,230621,0.0,0.0
2017-06-15 00:00:00+09:00,15990.455078125,16089.77467488354,15543.516892711568,15990.455078125,349337,0.0,0.0
2017-06-16 00:00:00+09:00,16040.115311879961,16089.775111607143,15444.19771515377,15642.8369140625,303434,0.0,0.0
2017-06-19 00:00:00+09:00,15642.83578491211,15990.454357910157,15493.856396484376,15891.134765625,152018,0.0,0.0
2017-06-20 00:00:00+09:00,15891.13551980198,16189.094310798266,15046.9189453125,15046.9189453125,288273,0.0,0.0
2017-06-21 00:00:00+09:00,15195.897875731605,15493.856657608696,14599.980311977426,14848.279296875,253001,0.0,0.0
2017-06-22 00:00:00+09:00,15096.578813559321,15295.218008474576,14649.640625,14649.640625,212622,0.0,0.0
2017-06-23 00:00:00+09:00,14848.279194599874,14947.59878787479,14599.980211412585,14699.2998046875,127029,0.0,0.0
2017-06-26 00:00:00+09:00,14798.619187769396,14848.278983701508,14302.021228448275,14401.3408203125,201864,0.0,0.0
2017-06-27 00:00:00+09:00,14798.618778935184,15195.897135416666,14500.660011574073,14748.958984375,397774,0.0,0.0
2017-06-28 00:00:00+09:00,14599.980729612585,14649.64052801263,14302.021939212329,14500.6611328125,192246,0.0,0.0
2017-06-29 00:00:00+09:00,14550.320931212544,14748.960124812715,14351.681737612373,14500.6611328125,145373,0.0,0.0
2017-06-30 00:00:00+09:00,14302.021283222592,15046.918225057101,14252.36148710029,14947.5986328125,284336,0.0,0.0
2017-07-03 00:00:00+09:00,14897.939993892509,15642.836993587134,14897.939993892509,15245.55859375,565228,0.0,0.0
2017-07-04 00:00:00+09:00,15245.558308646183,15493.857303901006,14599.98092098364,14798.6201171875,442546,0.0,0.0
2017-07-05 00:00:00+09:00,14649.640625,14848.279819915255,14550.321027542373,14649.640625,161938,0.0,0.0
2017-07-06 00:00:00+09:00,14699.2998046875,15146.23797442462,14649.640008050043,14699.2998046875,240672,0.0,0.0
2017-07-07 00:00:00+09:00,14699.301223958333,15195.89923828125,14699.301223958333,14897.9404296875,216495,0.0,0.0
2017-07-10 00:00:00+09:00,14897.939886412116,14897.939886412116,14351.682090577004,14550.3212890625,176601,0.0,0.0
2017-07-11 00:00:00+09:00,14550.320570903135,14649.640165243773,14252.36178788123,14451.0009765625,181889,0.0,0.0
2017-07-12 00:00:00+09:00,14351.681440481449,14401.341237853356,13855.083466762368,14053.72265625,261376,0.0,0.0
2017-07-13 00:00:00+09:00,14153.043143136161,14153.043143136161,13557.125537109376,13904.744140625,367268,0.0,0.0
2017-07-14 00:00:00+09:00,14103.382248420578,14153.042045069946,13755.763671875,13755.763671875,188249,0.0,0.0
2017-07-17 00:00:00+09:00,13706.103723404256,14302.021276595746,13656.443927304965,14004.0625,289682,0.0,0.0
2017-07-18 00:00:00+09:00,14004.063054173876,14500.661034818339,13855.083659980535,14351.681640625,220348,0.0,0.0
2017-07-19 00:00:00+09:00,14351.681072695035,14500.660460992909,13904.74290780142,14004.0625,282610,0.0,0.0
2017-07-20 00:00:00+09:00,14053.722296099291,14103.382092198583,13805.423315602837,14004.0625,225346,0.0,0.0
2017-07-21 00:00:00+09:00,14153.042513484208,14302.02190836299,13805.423925433719,13954.4033203125,215228,0.0,0.0
2017-07-24 00:00:00+09:00,13954.40270390071,14202.701684397163,13805.423315602837,14004.0625,162351,0.0,0.0
2017-07-25 00:00:00+09:00,13904.743424010792,14153.04241372527,13805.423828125,13805.423828125,178588,0.0,0.0
2017-07-26 00:00:00+09:00,13904.744140625,14103.383342633928,13805.424539620535,13904.744140625,144519,0.0,0.0
2017-07-27 00:00:00+09:00,13904.743424010792,14053.722817839478,13805.423828125,13805.423828125,95758,0.0,0.0
2017-07-28 00:00:00+09:00,13755.764364214087,13805.424163362874,13209.506573577426,13308.826171875,253155,0.0,0.0
2017-07-31 00:00:00+09:00,13358.486157048357,13606.78515625,12812.228358804745,13606.78515625,174285,0.0,0.0
2017-08-01 00:00:00+09:00,13656.444235409006,13855.083424287683,13507.46484375,13507.46484375,113208,0.0,0.0
2017-08-02 00:00:00+09:00,13557.125889756946,13706.10529513889,13308.826880787037,13408.146484375,109515,0.0,0.0
2017-08-03 00:00:00+09:00,13358.485407686781,13457.805001795976,12563.928654813219,12961.20703125,233218,0.0,0.0
2017-08-04 00:00:00+09:00,12861.887335725532,13159.84611570373,12613.588352410368,12812.2275390625,163338,0.0,0.0
2017-08-07 00:00:00+09:00,12812.227738813921,13358.485510623817,12663.24834650213,13110.1865234375,178537,0.0,0.0
2017-08-08 00:00:00+09:00,13159.846320874763,13358.485510623817,12961.207131125711,13110.1865234375,86938,0.0,0.0
2017-08-09 00:00:00+09:00,13159.84586763553,13904.742803539428,12762.567501820116,13855.0830078125,396415,0.0,0.0
2017-08-10 00:00:00+09:00,13706.104195926966,14153.042376228932,12861.887633134364,13259.166015625,429139,0.0,0.0
2017-08-11 00:00:00+09:00,12911.547659325788,13209.506451464074,12563.929068497786,12613.5888671875,300302,0.0,0.0
2017-08-14 00:00:00+09:00,12861.887957502431,12861.887957502431,12613.588962183852,12762.568359375,87094,0.0,0.0
2017-08-16 00:00:00+09:00,12812.228061946358,12961.207458015502,12464.609471118356,12613.5888671875,169493,0.0,0.0
2017-08-17 00:00:00+09:00,12613.589130704366,12812.228329613095,12464.609731522818,12514.26953125,118980,0.0,0.0
2017-08-18 00:00:00+09:00,12414.949576693227,12563.928971613544,12315.62998007968,12464.609375,104956,0.0,0.0
2017-08-21 00:00:00+09:00,12563.927876134072,12613.587670110886,12116.989730342742,12315.62890625,114885,0.0,0.0
2017-08-22 00:00:00+09:00,12315.629050925925,12365.288845486111,12017.670283564814,12067.330078125,136884,0.0,0.0
2017-08-23 00:00:00+09:00,12166.650133634868,12365.289319490132,12017.670744243422,12265.9697265625,132138,0.0,0.0
2017-08-24 00:00:00+09:00,12265.970345846035,12613.588938643292,12216.310546875,12216.310546875,104575,0.0,0.0
2017-08-25 00:00:00+09:00,12265.970276359498,12812.228061946358,12216.310477669784,12613.5888671875,159823,0.0,0.0
2017-08-28 00:00:00+09:00,12812.227835323034,13308.82581343633,12712.908239700375,13259.166015625,213443,0.0,0.0
2017-08-29 00:00:00+09:00,13060.526726000237,13308.825713186554,13010.866928562973,13110.1865234375,113670,0.0,0.0
2017-08-30 00:00:00+09:00,13010.866828304597,13308.825610632182,12961.20703125,12961.20703125,70200,0.0,0.0
2017-08-31 00:00:00+09:00,13010.867089466698,13159.846483620897,12762.5680992097,12861.8876953125,87338,0.0,0.0
2017-09-01 00:00:00+09:00,12861.888664641205,13557.125889756946,12861.888664641205,13408.146484375,269350,0.0,0.0
2017-09-04 00:00:00+09:00,12911.547234195401,13259.165813577585,12861.887437140804,12961.20703125,228177,0.0,0.0
2017-09-05 00:00:00+09:00,13110.186854084646,13110.186854084646,12514.269269808072,12613.5888671875,182562,0.0,0.0
2017-09-06 00:00:00+09:00,12663.24743270874,12861.88660812378,12464.608257293701,12712.9072265625,116777,0.0,0.0
2017-09-07 00:00:00+09:00,12861.887633134364,13259.166015625,12663.248441889045,13259.166015625,130498,0.0,0.0
2017-09-08 00:00:00+09:00,13308.825978053435,13308.825978053435,12911.547590648855,13010.8671875,110679,0.0,0.0
2017-09-11 00:00:00+09:00,12961.2069290516,13159.84611570373,12762.567742399468,12812.2275390625,159950,0.0,0.0
2017-09-12 00:00:00+09:00,12861.8876953125,12961.2072914153,12712.9083011583,12861.8876953125,200678,0.0,0.0
2017-09-13 00:00:00+09:00,12911.546288290514,12961.206081707016,12563.927734375,12563.927734375,158946,0.0,0.0
2017-09-14 00:00:00+09:00,12514.270052083333,13656.445493344909,12365.290646701389,13408.146484375,522346,0.0,0.0
2017-09-15 00:00:00+09:00,13457.80484169408,13954.402806332237,13060.526469983553,13209.505859375,445585,0.0,0.0
2017-09-18 00:00:00+09:00,13209.50474948109,13706.102672393912,13060.525372607242,13457.8037109375,246032,0.0,0.0
2017-09-19 00:00:00+09:00,13507.465004681648,13656.444398115636,13209.50621781367,13259.166015625,105818,0.0,0.0
2017-09-20 00:00:00+09:00,13358.485248766448,13507.464638157895,13060.526469983553,13209.505859375,177037,0.0,0.0
2017-09-21 00:00:00+09:00,13358.485302355863,13358.485302355863,12762.567742399468,12812.2275390625,221138,0.0,0.0
2017-09-25 00:00:00+09:00,12315.629523026317,12663.248098273027,12166.650133634868,12265.9697265625,130522,0.0,0.0
2017-09-26 00:00:00+09:00,12216.309318296371,12464.608288180443,12067.329936365926,12315.62890625,95580,0.0,0.0
2017-09-27 00:00:00+09:00,12315.62876729249,12762.566908041008,12216.309180459486,12563.927734375,78946,0.0,0.0
2017-09-28 00:00:00+09:00,12563.928244226907,12663.24783509036,12365.2890625,12365.2890625,59881,0.0,0.0
2017-09-29 00:00:00+09:00,12414.949576693227,12613.588769920318,12315.62998007968,12464.609375,52162,0.0,0.0
2017-10-10 00:00:00+09:00,12514.26953125,12762.568529885913,12464.609731522818,12514.26953125,48380,0.0,0.0
2017-10-11 00:00:00+09:00,12464.609060704022,13060.526625359194,12464.609060704022,12961.20703125,137742,0.0,0.0
2017-10-12 00:00:00+09:00,13110.18697527985,13606.784966767724,12861.887979535915,13308.826171875,227115,0.0,0.0
2017-10-13 00:00:00+09:00,13507.46536847015,13805.424163362874,13159.846774428639,13308.826171875,314642,0.0,0.0
2017-10-16 00:00:00+09:00,13606.784666083493,13606.784666083493,12762.5680992097,12861.8876953125,185053,0.0,0.0
2017-10-17 00:00:00+09:00,12762.566908041008,12911.546288290514,12464.608147541996,12563.927734375,184956,0.0,0.0
2017-10-18 00:00:00+09:00,12613.588398873142,13507.464742100372,12613.588398873142,13358.4853515625,475121,0.0,0.0
2017-10-19 00:00:00+09:00,13408.145045230263,13408.145045230263,12861.88728412829,13209.505859375,218451,0.0,0.0
2017-10-20 00:00:00+09:00,13408.14557490458,13606.78476860687,12911.547590648855,13010.8671875,363385,0.0,0.0
2017-10-23 00:00:00+09:00,13209.50575540637,13308.825347552282,12961.206775041588,13060.5263671875,186275,0.0,0.0
2017-10-24 00:00:00+09:00,13010.866928562973,13209.506118312027,12861.887536251184,13110.1865234375,150954,0.0,0.0
2017-10-25 00:00:00+09:00,13209.50638120229,13209.50638120229,12911.547590648855,13010.8671875,115517,0.0,0.0
2017-10-26 00:00:00+09:00,13110.186057692308,13358.485036057693,12812.227283653847,12911.546875,174864,0.0,0.0
2017-10-27 00:00:00+09:00,12911.547590648855,13060.526985925573,12812.227993797711,13010.8671875,99879,0.0,0.0
2017-10-30 00:00:00+09:00,13010.866571114544,13358.485143625237,12961.206775041588,13060.5263671875,161005,0.0,0.0
2017-10-31 00:00:00+09:00,13010.866828304597,13259.165813577585,12961.20703125,12961.20703125,91875,0.0,0.0
2017-11-01 00:00:00+09:00,13010.867089466698,13010.867089466698,12712.9083011583,12861.8876953125,188257,0.0,0.0
2017-11-02 00:00:00+09:00,13010.867256705216,13010.867256705216,12563.929068497786,12613.5888671875,209978,0.0,0.0
2017-11-03 00:00:00+09:00,12712.908560311284,12861.887957502431,12563.929163120136,12762.568359375,134614,0.0,0.0
2017-11-06 00:00:00+09:00,12762.5673656195,14748.95917349802,12563.928184831646,14103.3818359375,1477887,0.0,0.0
2017-11-07 00:00:00+09:00,14153.04296875,14451.001768092105,13755.764569627192,14153.04296875,529747,0.0,0.0
2017-11-08 00:00:00+09:00,14103.38290777439,14451.001500571645,13904.743711890244,14252.3623046875,425848,0.0,0.0
2017-11-09 00:00:00+09:00,14252.361480496455,14550.320257092199,14004.0625,14004.0625,433158,0.0,0.0
2017-11-10 00:00:00+09:00,13954.403486611185,14103.382883265398,13706.1044921875,13706.1044921875,264417,0.0,0.0
2017-11-13 00:00:00+09:00,13606.785096256399,14599.981088683873,13606.785096256399,14550.3212890625,757613,0.0,0.0
2017-11-14 00:00:00+09:00,14699.299189814814,14798.618778935184,14252.361038773148,14748.958984375,466951,0.0,0.0
2017-11-15 00:00:00+09:00,14699.2998046875,15046.918381149704,14451.00082150021,14699.2998046875,896176,0.0,0.0
2017-11-16 00:00:00+09:00,14897.93877963362,15046.918167429956,14202.701636584052,14401.3408203125,634183,0.0,0.0
2017-11-17 00:00:00+09:00,14351.681706655918,14401.341504948845,13904.743522019573,13954.4033203125,836636,0.0,0.0
2017-11-20 00:00:00+09:00,14004.063741629465,14302.022544642858,13805.424539620535,13904.744140625,828241,0.0,0.0
2017-11-21 00:00:00+09:00,14004.0625,14302.021276595746,13755.763519503547,14004.0625,927022,0.0,0.0
2017-11-22 00:00:00+09:00,14004.062982794943,14103.382578417602,13110.186622191011,13259.166015625,896742,0.0,0.0
2017-11-23 00:00:00+09:00,13308.824334063655,13507.463503228782,13060.525372607242,13457.8037109375,656142,0.0,0.0
2017-11-24 00:00:00+09:00,13457.805373330153,13457.805373330153,12961.207389074429,13010.8671875,374519,0.0,0.0
2017-11-27 00:00:00+09:00,13110.1865234375,13259.16591574929,13010.866928562973,13110.1865234375,257140,0.0,0.0
2017-11-28 00:00:00+09:00,13110.186952821012,13408.145747203307,12712.908560311284,12762.568359375,479784,0.0,0.0
2017-11-29 00:00:00+09:00,12812.2278972611,13060.526887518097,12663.2485031069,12861.8876953125,306870,0.0,0.0
2017-11-30 00:00:00+09:00,12911.546288290514,12911.546288290514,12563.927734375,12563.927734375,262777,0.0,0.0
2017-12-01 00:00:00+09:00,12712.908143939394,13159.846320874763,12563.928751627605,13110.1865234375,314586,0.0,0.0
2017-12-04 00:00:00+09:00,13159.8466796875,13358.485874852595,12911.547685731131,13159.8466796875,252044,0.0,0.0
2017-12-05 00:00:00+09:00,13010.8671875,13259.166179627864,12861.887792223282,13010.8671875,269496,0.0,0.0
2017-12-06 00:00:00+09:00,13060.526276181676,14451.000556535619,13060.526276181676,13855.0830078125,2084229,0.0,0.0
2017-12-07 00:00:00+09:00,13954.40265692349,14599.980004040948,13656.443881330819,14401.3408203125,1196560,0.0,0.0
2017-12-08 00:00:00+09:00,14500.660197513205,14748.95917349802,13706.103474361797,14103.3818359375,757277,0.0,0.0
2017-12-11 00:00:00+09:00,14103.382930473994,14798.6201171875,14004.063332372063,14798.6201171875,715708,0.0,0.0
2017-12-12 00:00:00+09:00,14897.939549814355,15543.51693030631,14649.64055731745,15046.9189453125,1017829,0.0,0.0
2017-12-13 00:00:00+09:00,15295.218841145834,15444.198245442709,14649.641422526041,14897.9404296875,624160,0.0,0.0
2017-12-14 00:00:00+09:00,14897.93843851461,15295.216796875,14550.31987494927,15295.216796875,589527,0.0,0.0
2017-12-15 00:00:00+09:00,15394.536386465097,15444.196181260146,14997.258028104709,15295.216796875,439657,0.0,0.0
2017-12-18 00:00:00+09:00,15245.557409546303,15245.557409546303,14699.299652200996,14947.5986328125,435068,0.0,0.0
2017-12-19 00:00:00+09:00,14649.640266262755,14848.279456313774,14351.681481186224,14599.98046875,419567,0.0,0.0
2017-12-21 00:00:00+09:00,14947.599686033489,15195.898684140358,14500.661489441125,14550.3212890625,354349,0.0,0.0
2017-12-22 00:00:00+09:00,14649.640165243773,14997.258745435996,14302.021585051547,14451.0009765625,390661,0.0,0.0
2017-12-26 00:00:00+09:00,14500.660815914734,15245.557775636382,14500.660815914734,14997.2587890625,620903,0.0,0.0
2017-12-27 00:00:00+09:00,15246.382666649755,15495.506566431615,15146.733106737012,15346.0322265625,437778,50.0,0.0
2017-12-28 00:00:00+09:00,15346.032640574434,15495.506984476133,15096.908734071603,15395.857421875,263460,0.0,0.0
2018-01-02 00:00:00+09:00,15445.680568529211,18933.414890455162,15445.680568529211,18335.517578125,1697003,0.0,0.0
2018-01-03 00:00:00+09:00,18385.345394185657,19132.717158176943,17986.74712005697,18584.64453125,850347,0.0,0.0
2018-01-04 00:00:00+09:00,18435.166855678763,19431.66236139113,18435.166855678763,18534.81640625,691635,0.0,0.0
2018-01-05 00:00:00+09:00,18833.767443426725,20228.861328125,18634.468317041257,20228.861328125,923139,0.0,0.0
2018-01-08 00:00:00+09:00,20627.46023867546,23417.64809704702,20079.387623638188,21723.60546875,1757266,0.0,0.0
2018-01-09 00:00:00+09:00,21873.07908501059,21922.903866525423,20179.036513506355,20577.634765625,1313934,0.0,0.0
2018-01-10 00:00:00+09:00,20926.4088142779,23118.699261487964,20129.21228801969,22769.92578125,1370673,0.0,0.0
2018-01-11 00:00:00+09:00,23068.874957707925,29047.84902882013,22919.400605930117,25310.990234375,4258879,0.0,0.0
2018-01-12 00:00:00+09:00,26108.18548152881,28300.475865473978,25012.040289556226,26805.732421875,1790858,0.0,0.0
2018-01-15 00:00:00+09:00,28300.473754258943,29247.14453125,27204.328644058773,29247.14453125,1077792,0.0,0.0
2018-01-16 00:00:00+09:00,29147.496739009766,29147.496739009766,27602.928535746003,28051.3515625,838660,0.0,0.0
2018-01-17 00:00:00+09:00,28499.774890988374,29446.445735269455,26706.08276498211,27852.052734375,821059,0.0,0.0
2018-01-18 00:00:00+09:00,28101.17580228905,28449.949260828096,27005.030646880612,27752.40234375,410602,0.0,0.0
2018-01-19 00:00:00+09:00,27901.878080197133,28300.476338485663,27353.805475050405,27802.228515625,315138,0.0,0.0
2018-01-22 00:00:00+09:00,27901.877220248665,28400.125027753107,27154.505508992006,28051.3515625,480874,0.0,0.0
2018-01-23 00:00:00+09:00,27901.877187013997,33083.65437888802,27553.10372217632,32037.333984375,1534099,0.0,0.0
2018-01-24 00:00:00+09:00,32186.80885858051,33233.129270391946,31539.08669888771,32336.283203125,478356,0.0,0.0
2018-01-25 00:00:00+09:00,31887.85871156662,36272.43928440703,31788.209153092972,34030.32421875,1122660,0.0,0.0
2018-01-26 00:00:00+09:00,34229.622174088894,36770.68582893392,34229.622174088894,36571.38671875,722691,0.0,0.0
2018-01-29 00:00:00+09:00,37866.835419429706,39012.80543870192,36372.09191603117,37567.88671875,667252,0.0,0.0
2018-01-30 00:00:00+09:00,37667.536019943465,40557.37343946294,36770.68992423053,39660.52734375,867279,0.0,0.0
2018-01-31 00:00:00+09:00,38365.07974646227,40557.37001768868,38115.95585200472,39610.69921875,401142,0.0,0.0
2018-02-01 00:00:00+09:00,40308.24612323113,41155.2673643868,38664.02841981132,39610.69921875,376496,0.0,0.0
2018-02-02 00:00:00+09:00,40557.37177547771,40756.67089968153,38863.329219745225,39112.453125,285687,0.0,0.0
2018-02-05 00:00:00+09:00,37418.40975062233,37966.48233019203,33781.20081347795,35026.8203125,921152,0.0,0.0
2018-02-07 00:00:00+09:00,35525.069323144104,38315.257096069865,34030.325873362446,34229.625,1126593,0.0,0.0
2018-02-08 00:00:00+09:00,34229.62631440034,36870.33984375,34080.15196368243,36870.33984375,609257,0.0,0.0
2018-02-09 00:00:00+09:00,35176.300618489586,37368.59130859375,34379.10400390625,35873.84765625,628751,0.0,0.0
2018-02-12 00:00:00+09:00,36820.515902432526,37368.58853426846,35076.6484375,35076.6484375,407885,0.0,0.0
2018-02-13 00:00:00+09:00,35574.890625,36770.685267857145,34428.92075892857,35226.1171875,424216,0.0,0.0
2018-02-14 00:00:00+09:00,35873.8433908046,39760.17642480843,35724.369043342915,39012.8046875,805080,0.0,0.0
2018-02-19 00:00:00+09:00,39560.876176167585,45340.55078125,39560.876176167585,45340.55078125,1248090,0.0,0.0
2018-02-20 00:00:00+09:00,46785.46959375,48579.16171875,32286.45825,37368.5859375,6286292,0.0,0.0
2018-02-21 00:00:00+09:00,37767.18134866301,39012.80078628383,34578.395588353735,38664.02734375,3047592,0.0,0.0
2018-02-22 00:00:00+09:00,38165.78237483639,40059.124059227746,37468.23543848167,38066.1328125,1733473,0.0,0.0
2018-02-23 00:00:00+09:00,38365.07871040531,38464.72826549727,35674.54072292234,36571.38671875,1140776,0.0,0.0
2018-02-26 00:00:00+09:00,36969.98788400424,37219.11179157839,35275.9453125,35275.9453125,1112989,0.0,0.0
2018-02-27 00:00:00+09:00,35674.53960284582,36073.13781069885,34030.32199545209,34578.39453125,769984,0.0,0.0
2018-02-28 00:00:00+09:00,34129.97318262411,36571.38732269504,34080.14840425532,35126.46875,810016,0.0,0.0
2018-03-07 00:00:00+09:00,36073.13998766447,39361.57540090461,35873.84087171053,37866.83203125,1333232,0.0,0.0
2018-03-08 00:00:00+09:00,38414.905590820315,40059.123339843754,38265.43125,39859.82421875,834016,0.0,0.0
2018-03-09 00:00:00+09:00,40308.24724121094,40557.37114257813,38962.97817382812,39859.82421875,660310,0.0,0.0
2018-03-12 00:00:00+09:00,40208.59998933447,45340.55265216155,39660.5273748578,43795.984375,1674312,0.0,0.0
2018-03-13 00:00:00+09:00,44045.10384615385,44643.00118343195,41653.51449704142,42101.9375,730084,0.0,0.0
2018-03-14 00:00:00+09:00,42351.061912933525,43746.15571712428,40955.968108742774,43098.43359375,520052,0.0,0.0
2018-03-15 00:00:00+09:00,42849.311905961986,44643.00403225807,42650.012780817975,43247.91015625,444491,0.0,0.0
2018-03-16 00:00:00+09:00,43646.508938787185,44493.530230978264,43198.08590174485,43546.859375,430682,0.0,0.0
2018-03-19 00:00:00+09:00,43247.90803079044,43546.85670381434,39411.40006031709,40657.01953125,835116,0.0,0.0
2018-03-20 00:00:00+09:00,39959.472627527575,42201.5876752068,39959.472627527575,40657.01953125,322354,0.0,0.0
2018-03-21 00:00:00+09:00,41354.568795034465,42151.765301926695,39760.17578125,39760.17578125,463818,0.0,0.0
2018-03-22 00:00:00+09:00,39212.1015625,40657.020171537486,37368.58471648666,39212.1015625,580319,0.0,0.0
2018-03-23 00:00:00+09:00,37866.8332343962,39212.1023098287,36720.86328125,36720.86328125,533722,0.0,0.0
2018-03-26 00:00:00+09:00,37069.63824772432,38564.38172545513,36770.68955217815,38315.2578125,426540,0.0,0.0
2018-03-27 00:00:00+09:00,39710.352643781174,40457.72439993766,39062.63045511222,39959.4765625,437002,0.0,0.0
2018-03-28 00:00:00+09:00,39411.403563508065,39959.476179435485,38414.907898185484,38614.20703125,284143,0.0,0.0
2018-03-29 00:00:00+09:00,38713.856552709396,40059.125699328644,38464.7326366688,38962.98046875,342057,0.0,0.0
2018-03-30 00:00:00+09:00,39461.22662275064,39859.824871465295,38614.205344232,38763.6796875,272090,0.0,0.0
2018-04-02 00:00:00+09:00,38614.20540535013,39212.102779368455,37817.00890665903,38066.1328125,265404,0.0,0.0
2018-04-03 00:00:00+09:00,37916.657634901356,43048.60998233216,37817.00807475707,42301.23828125,1361977,0.0,0.0
2018-04-04 00:00:00+09:00,42849.312428489706,44792.47892233982,42052.11591819222,43546.859375,1040507,0.0,0.0
2018-04-05 00:00:00+09:00,44543.355087209304,45539.85072674419,42052.11598837209,42849.3125,715712,0.0,0.0
2018-04-06 00:00:00+09:00,42550.364670138886,50522.32994791667,42550.364670138886,49326.53515625,2900464,0.0,0.0
2018-04-09 00:00:00+09:00,50323.02893968872,52515.31930933853,48728.63594357977,51219.875,1553716,0.0,0.0
2018-04-10 00:00:00+09:00,49824.77954826733,51020.574257425746,48927.933516398516,50323.02734375,780332,0.0,0.0
2018-04-11 00:00:00+09:00,50920.92473801456,51020.57429718876,49226.88223205321,49625.48046875,526431,0.0,0.0
2018-04-12 00:00:00+09:00,49077.40989809047,49525.832932692305,45689.32474776544,45988.2734375,1088412,0.0,0.0
2018-04-13 00:00:00+09:00,46187.57014130976,51518.82149526892,45938.44624626494,50024.078125,993740,0.0,0.0
2018-04-16 00:00:00+09:00,50721.62785008698,52614.969557654076,49326.533960300694,50123.73046875,761254,0.0,0.0
2018-04-17 00:00:00+09:00,50422.679230720765,50721.627921811996,48678.811866021926,49426.18359375,402791,0.0,0.0
2018-04-18 00:00:00+09:00,49924.43163651316,51917.422919407894,46885.119930098685,47333.54296875,922664,0.0,0.0
2018-04-19 00:00:00+09:00,47333.54597876083,48230.39211309524,44742.65714623918,46038.1015625,539348,0.0,0.0
2018-04-20 00:00:00+09:00,46635.9954015544,49525.832723445594,46137.74758743523,48080.9140625,592230,0.0,0.0
2018-04-23 00:00:00+09:00,48080.9140625,48927.935346502585,46735.64496437824,48080.9140625,276795,0.0,0.0
2018-04-24 00:00:00+09:00,47831.78854276663,49226.882375263995,46635.99382919747,47184.06640625,265264,0.0,0.0
2018-04-25 00:00:00+09:00,46685.82314159737,48080.91710954265,45938.45137305526,46436.69921875,301636,0.0,0.0
2018-04-26 00:00:00+09:00,46934.94412186847,48230.3884394572,46835.29455897704,47732.140625,244324,0.0,0.0
2018-04-27 00:00:00+09:00,48330.03460516079,48379.85938310425,47134.23993451764,48031.0859375,239000,0.0,0.0
2018-04-30 00:00:00+09:00,47781.96151293683,48628.98272849462,45290.72264364919,46337.04296875,374944,0.0,0.0
2018-05-02 00:00:00+09:00,44393.87888450028,46785.46831935551,43646.50718610802,44742.65234375,361808,0.0,0.0
2018-05-03 00:00:00+09:00,45141.252897759296,46237.39811161217,44194.58203125,44194.58203125,230263,0.0,0.0
2018-05-04 00:00:00+09:00,44244.40517979452,45340.55035316781,42699.83698095034,43646.5078125,267309,0.0,0.0
2018-05-08 00:00:00+09:00,43845.80884546539,44941.954066602026,41653.51840319212,41753.16796875,272964,0.0,0.0
2018-05-09 00:00:00+09:00,40906.147573965565,43297.73720070168,39311.75448947483,43048.61328125,421483,0.0,0.0
2018-05-10 00:00:00+09:00,42849.31547619047,46835.29831118494,41902.64455287929,44991.78125,614650,0.0,0.0
2018-05-11 00:00:00+09:00,45240.899558498895,46835.29249448124,44543.35264900662,45141.25,314581,0.0,0.0
2018-05-14 00:00:00+09:00,45689.328692173855,46386.8756951078,44393.88425815365,45639.50390625,278732,0.0,0.0
2018-05-15 00:00:00+09:00,46436.695526541094,47184.06723565925,42550.36263912671,43646.5078125,338282,0.0,0.0
2018-05-16 00:00:00+09:00,43596.683756510414,44045.106789434525,39411.402115885416,41852.81640625,322124,0.0,0.0
2018-05-17 00:00:00+09:00,41852.819806654676,42650.01637440048,40856.32409697242,41553.87109375,205015,0.0,0.0
2018-05-18 00:00:00+09:00,41852.81745158451,43596.68484540053,41852.81745158451,42450.71484375,194187,0.0,0.0
2018-05-21 00:00:00+09:00,42650.01541289593,44244.40851244344,42600.19062853507,44045.109375,245761,0.0,0.0
2018-05-23 00:00:00+09:00,43845.80357142857,44643.0,42301.23549107143,44643.0,320940,0.0,0.0
2018-05-24 00:00:00+09:00,44244.403973509936,45689.322571743935,44244.403973509936,45141.25,267458,0.0,0.0
2018-05-25 00:00:00+09:00,45141.25604701146,46586.17483880322,44742.65775962063,45639.50390625,394451,0.0,0.0
2018-05-28 00:00:00+09:00,44443.70567908654,47781.96608323317,44443.70567908654,46635.99609375,313215,0.0,0.0
2018-05-29 00:00:00+09:00,47034.59333791209,47433.191586538465,44643.00384615385,45340.55078125,286412,0.0,0.0
2018-05-30 00:00:00+09:00,45340.55021953896,45589.674121844124,43845.80680570801,45390.375,299900,0.0,0.0
2018-05-31 00:00:00+09:00,45739.15078125,46038.09947916667,44194.582508680556,44842.3046875,312487,0.0,0.0
2018-06-01 00:00:00+09:00,44742.65532558901,47582.66796875,44543.356192735606,47582.66796875,574631,0.0,0.0
2018-06-04 00:00:00+09:00,47831.79157549234,47831.79157549234,45390.377213826585,45539.8515625,457590,0.0,0.0
2018-06-05 00:00:00+09:00,45838.79881678281,46137.747504718354,42550.36324949187,42899.13671875,518756,0.0,0.0
2018-06-07 00:00:00+09:00,43247.90785212238,45788.97156232773,42799.48484443908,45191.07421875,317401,0.0,0.0
2018-06-08 00:00:00+09:00,45340.55265216155,45440.20221843004,43347.56132679181,43795.984375,198818,0.0,0.0
2018-06-11 00:00:00+09:00,43795.98215432363,44194.58039918664,42699.83698095034,43646.5078125,156566,0.0,0.0
2018-06-12 00:00:00+09:00,43646.50946377841,44344.05641867898,43048.61207386364,43845.80859375,199512,0.0,0.0
2018-06-14 00:00:00+09:00,43048.61328125,44045.10895905671,42101.94238733363,43048.61328125,834796,0.0,0.0
2018-06-15 00:00:00+09:00,43247.909594361336,43497.033497554665,42002.290078394704,43297.734375,219526,0.0,0.0
2018-06-18 00:00:00+09:00,42400.88796164773,43247.90922527642,40059.123291615484,40557.37109375,318586,0.0,0.0
2018-06-19 00:00:00+09:00,39909.65164168074,41055.62166385135,36870.33984375,36870.33984375,409900,0.0,0.0
2018-06-20 00:00:00+09:00,36870.339574008955,39610.70265045556,36870.339574008955,38962.98046875,355982,0.0,0.0
2018-06-21 00:00:00+09:00,38564.383491847824,39560.87918931159,36969.9903759058,37817.01171875,311425,0.0,0.0
2018-06-22 00:00:00+09:00,37368.588362068964,37617.71228448276,34727.87478448276,36122.96875,634344,0.0,0.0
2018-06-25 00:00:00+09:00,36172.78851463885,36671.03629032258,35375.59207354488,35525.06640625,234758,0.0,0.0
2018-06-26 00:00:00+09:00,34478.746077314165,36023.31418193373,34279.446967040676,35525.06640625,317671,0.0,0.0
2018-06-27 00:00:00+09:00,35275.94310781476,36122.96434062952,34428.921875,34428.921875,235754,0.0,0.0
2018-06-28 00:00:00+09:00,33731.3784841134,34329.27588708143,32635.233245338663,32734.8828125,536027,0.0,0.0
2018-06-29 00:00:00+09:00,33083.65125180115,34877.34318713977,32635.2282679665,34578.39453125,360006,0.0,0.0
2018-07-02 00:00:00+09:00,34727.87369970771,38066.13415577717,34528.57456800206,36222.6171875,761715,0.0,0.0
2018-07-03 00:00:00+09:00,36720.86049107143,40358.06919642857,36720.86049107143,39062.625,726441,0.0,0.0
2018-07-04 00:00:00+09:00,39461.22821136934,40158.77517470163,38066.13428470477,39660.52734375,360926,0.0,0.0
2018-07-05 00:00:00+09:00,39610.702037183546,40657.02246835443,38315.25769382911,39361.578125,256433,0.0,0.0
2018-07-06 00:00:00+09:00,39411.401196289065,40108.94812011719,38265.43125,39859.82421875,226716,0.0,0.0
2018-07-09 00:00:00+09:00,40208.59982692014,42002.29201250765,39859.82634638923,40706.84765625,403386,0.0,0.0
2018-07-10 00:00:00+09:00,41254.918447818396,43596.683142320166,41105.44410561615,42251.4140625,570650,0.0,0.0
2018-07-11 00:00:00+09:00,41952.46482074499,43447.20822290931,41802.99048052856,42301.23828125,297818,0.0,0.0
2018-07-12 00:00:00+09:00,42301.238815789475,43098.43530701754,39311.75197368421,42600.1875,615259,0.0,0.0
2018-07-13 00:00:00+09:00,42450.71359481293,44643.00396825397,41155.26928323413,43945.45703125,464863,0.0,0.0
2018-07-16 00:00:00+09:00,44842.299686418686,45490.02179300029,42500.53514723904,43198.08203125,393002,0.0,0.0
2018-07-17 00:00:00+09:00,43297.73385933849,44144.75512010806,42550.36215865946,42650.01171875,186137,0.0,0.0
2018-07-18 00:00:00+09:00,42650.01127300613,42998.784729677915,40059.12273773006,40607.1953125,363285,0.0,0.0
2018-07-19 00:00:00+09:00,40557.37290348101,41254.919857594934,39311.75334256329,39361.578125,255384,0.0,0.0
2018-07-20 00:00:00+09:00,39212.10098761792,41055.617806603776,39162.27620872642,39610.69921875,380261,0.0,0.0
2018-07-23 00:00:00+09:00,39959.477468297104,40407.9005321558,37817.01171875,37817.01171875,227392,0.0,0.0
2018-07-24 00:00:00+09:00,38066.134506406044,38962.98060734231,37667.53623932326,37916.66015625,153925,0.0,0.0
2018-07-25 00:00:00+09:00,38016.311219708856,38514.55907317817,35126.47366958682,35724.37109375,465880,0.0,0.0
2018-07-26 00:00:00+09:00,35873.84087171053,38066.131147203945,35475.24263980263,37866.83203125,247884,0.0,0.0
2018-07-27 00:00:00+09:00,37468.232669385194,39859.821988707656,37069.63444949812,39710.34765625,298956,0.0,0.0
2018-07-30 00:00:00+09:00,39461.227125474084,40258.42363305942,38564.38105444058,39411.40234375,144461,0.0,0.0
2018-07-31 00:00:00+09:00,39511.051373407645,40009.299183917195,38713.854876592355,39112.453125,111113,0.0,0.0
2018-08-01 00:00:00+09:00,39760.175648834746,41205.09431276483,39411.40217823093,41155.26953125,223353,0.0,0.0
2018-08-02 00:00:00+09:00,41254.91806640625,41454.2171875,39311.75163574219,39859.82421875,254052,0.0,0.0
2018-08-03 00:00:00+09:00,40308.24548816568,42201.58705621302,40059.12159763314,42101.9375,270520,0.0,0.0
2018-08-06 00:00:00+09:00,42400.887316836124,43397.38290595095,41055.6182715311,41653.515625,246129,0.0,0.0
2018-08-07 00:00:00+09:00,41852.81647245763,42301.2395060911,40507.5473715572,41155.26953125,181550,0.0,0.0
2018-08-08 00:00:00+09:00,41653.5173463983,41902.641253972455,40756.671279131355,41155.26953125,133526,0.0,0.0
2018-08-09 00:00:00+09:00,41205.09311966284,42749.661301899294,40906.144439229975,42301.23828125,219472,0.0,0.0
2018-08-10 00:00:00+09:00,41952.46875,42998.78922951306,41354.57133313539,41952.46875,180216,0.0,0.0
2018-08-13 00:00:00+09:00,41653.5139781995,41653.5139781995,39660.52287876412,39710.34765625,245597,0.0,0.0
2018-08-14 00:00:00+09:00,39660.52232142857,41354.564732142855,39411.3984375,40108.9453125,225043,0.0,0.0
2018-08-16 00:00:00+09:00,39162.27840108083,40108.94925301535,37368.58626057331,39760.17578125,263708,0.0,0.0
2018-08-17 00:00:00+09:00,40059.12273773006,41404.391784892636,39809.99884010736,40607.1953125,256793,0.0,0.0
2018-08-20 00:00:00+09:00,41105.44370062732,41504.0419425728,40059.123315520446,40208.59765625,131169,0.0,0.0
2018-08-21 00:00:00+09:00,40407.90042309976,42151.76788895487,40407.90042309976,41952.46875,345144,0.0,0.0
2018-08-22 00:00:00+09:00,42351.065982680724,42699.839467243975,41304.74552899096,41354.5703125,164241,0.0,0.0
2018-08-23 00:00:00+09:00,41653.51669369104,42251.4140625,40706.84585974352,42251.4140625,235830,0.0,0.0
2018-08-24 00:00:00+09:00,41653.5166400812,43297.73440218967,39809.99975529292,42948.9609375,574403,0.0,0.0
2018-08-27 00:00:00+09:00,43546.856037095844,44244.40293013857,42899.1339221276,43148.2578125,381236,0.0,0.0
2018-08-28 00:00:00+09:00,43945.456246696616,47831.78911205074,43646.5075647463,47134.2421875,1480985,0.0,0.0
2018-08-29 00:00:00+09:00,47483.017507684424,47632.4918545082,44842.30404713115,45589.67578125,929253,0.0,0.0
2018-08-30 00:00:00+09:00,45240.900099369515,45589.673558285365,44244.40450246711,45440.19921875,355254,0.0,0.0
2018-08-31 00:00:00+09:00,45589.67409620098,46735.64404616013,45091.426291870914,45739.1484375,527999,0.0,0.0
2018-09-03 00:00:00+09:00,46087.91852678572,46087.91852678572,44393.87611607143,44643.0,362346,0.0,0.0
2018-09-04 00:00:00+09:00,45091.42299107143,45988.26897321429,44443.700892857145,45689.3203125,291931,0.0,0.0
2018-09-05 00:00:00+09:00,45490.02748826373,45988.27532493694,44294.23268024804,44443.70703125,309115,0.0,0.0
2018-09-06 00:00:00+09:00,44045.10895905671,44543.35679796007,42948.96371346933,43048.61328125,354049,0.0,0.0
2018-09-07 00:00:00+09:00,42650.012226697356,44792.47779415995,42650.012226697356,43297.734375,238699,0.0,0.0
2018-09-10 00:00:00+09:00,42948.96150007259,43746.15800123403,42351.06412420151,42899.13671875,223570,0.0,0.0
2018-09-11 00:00:00+09:00,42699.838596413356,43995.282941228696,42500.53946644176,43845.80859375,197603,0.0,0.0
2018-09-12 00:00:00+09:00,44144.75720952181,44742.65459836409,43746.15895029362,44543.35546875,250485,0.0,0.0
2018-09-13 00:00:00+09:00,45091.42529185649,45141.250071184506,43148.25889806378,43746.15625,241927,0.0,0.0
2018-09-14 00:00:00+09:00,43746.16144142316,46835.29812635281,43198.08880377435,46038.1015625,703004,0.0,0.0
2018-09-17 00:00:00+09:00,46237.39453125,46436.69364560884,45091.42462368669,46237.39453125,284286,0.0,0.0
2018-09-18 00:00:00+09:00,46436.69918774801,50323.03238157242,45838.80177331349,50223.3828125,1310819,0.0,0.0
2018-09-19 00:00:00+09:00,50024.08273930754,50123.73230651731,48230.39052953157,48927.9375,602331,0.0,0.0
2018-09-20 00:00:00+09:00,49226.88518951194,50621.97910176531,47532.8425817757,47981.265625,650173,0.0,0.0
2018-09-21 00:00:00+09:00,47981.26059751157,48429.68359375,46785.46594087577,48429.68359375,318030,0.0,0.0
2018-09-27 00:00:00+09:00,46885.11816704893,49226.882836391436,46536.344705657495,48878.109375,392263,0.0,0.0
2018-09-28 00:00:00+09:00,48429.687565240085,49326.533631263046,47433.19193632568,47732.140625,245023,0.0,0.0
2018-10-01 00:00:00+09:00,47831.78744612069,47881.6122247104,45838.796302532326,46237.39453125,264008,0.0,0.0
2018-10-02 00:00:00+09:00,46038.09602649007,47184.06594922738,45091.425220750556,45141.25,279863,0.0,0.0
2018-10-04 00:00:00+09:00,45141.25112347898,46038.097172289825,44393.87941613662,45041.6015625,245097,0.0,0.0
2018-10-05 00:00:00+09:00,44344.054062157345,46237.39569627193,43148.25934587445,45440.19921875,404322,0.0,0.0
2018-10-08 00:00:00+09:00,45440.20046768708,46337.04652954932,43746.15790639172,43945.45703125,218581,0.0,0.0
2018-10-10 00:00:00+09:00,44443.70375359195,44742.65243354885,43347.55859375,43347.55859375,196578,0.0,0.0
2018-10-11 00:00:00+09:00,41354.567626953125,42450.71279296875,39859.82421875,39859.82421875,394249,0.0,0.0
2018-10-12 00:00:00+09:00,39461.22483915441,41454.215992647056,39461.22483915441,40657.01953125,285378,0.0,0.0
2018-10-15 00:00:00+09:00,41055.61832822086,42450.712154907975,40108.9475172546,40607.1953125,250137,0.0,0.0
2018-10-16 00:00:00+09:00,41553.86608489144,42151.763438630886,40806.49439271713,41304.7421875,151930,0.0,0.0
2018-10-17 00:00:00+09:00,42201.58879170441,42450.71269248188,40706.84538703955,41254.91796875,171089,0.0,0.0
2018-10-18 00:00:00+09:00,40557.37228814223,41254.91923167293,39660.52621788847,39760.17578125,219633,0.0,0.0
2018-10-19 00:00:00+09:00,39859.826946847956,40407.899567367116,38315.2586526576,40308.25,298638,0.0,0.0
2018-10-22 00:00:00+09:00,40009.2980163728,40009.2980163728,38614.20418765743,39560.875,187497,0.0,0.0
2018-10-23 00:00:00+09:00,39261.92756053665,39909.649715723164,37866.833687827224,38066.1328125,235451,0.0,0.0
2018-10-24 00:00:00+09:00,38464.73003590971,38913.153054463066,36172.790163303696,36421.9140625,250348,0.0,0.0
2018-10-25 00:00:00+09:00,34877.347060381355,36172.791379766946,33831.02664856992,35275.9453125,491926,0.0,0.0
2018-10-26 00:00:00+09:00,35873.84510869565,36172.793817934784,33781.204144021736,34379.1015625,279843,0.0,0.0
2018-10-29 00:00:00+09:00,34428.92387869134,35525.069067303804,30791.71484375,30791.71484375,491201,0.0,0.0
2018-10-30 00:00:00+09:00,30044.34252813981,32435.931983116112,29097.67170221169,31539.0859375,938802,0.0,0.0
2018-10-31 00:00:00+09:00,32087.16019917582,32535.583245437596,31389.613238324175,31738.38671875,321484,0.0,0.0
2018-11-01 00:00:00+09:00,32186.80856383997,34678.04761676876,32037.334220664245,32535.58203125,470384,0.0,0.0
2018-11-02 00:00:00+09:00,33382.60468307365,35325.771224327196,32934.18163509207,35176.296875,347744,0.0,0.0
2018-11-05 00:00:00+09:00,34927.16852678572,37468.232142857145,34279.44642857143,36272.4375,467768,0.0,0.0
2018-11-06 00:00:00+09:00,36720.866621146684,37268.9392572832,36122.969199906845,36770.69140625,289301,0.0,0.0
2018-11-07 00:00:00+09:00,37169.28462896006,37966.4810821281,35475.242165977965,36172.7890625,335388,0.0,0.0
2018-11-08 00:00:00+09:00,37119.463280175376,37368.58719480743,36073.14283872077,36222.6171875,227540,0.0,0.0
2018-11-09 00:00:00+09:00,35624.71939174107,35973.49286830357,34379.09983258929,34877.34765625,210081,0.0,0.0
2018-11-12 00:00:00+09:00,33980.50059115356,34080.150153004455,33083.65453449555,33581.90234375,251977,0.0,0.0
2018-11-13 00:00:00+09:00,32685.053059440557,35923.66349978147,32485.75395541958,35624.71484375,289391,0.0,0.0
2018-11-14 00:00:00+09:00,35724.36834613347,36770.68875794492,34877.347060381355,35275.9453125,203166,0.0,0.0
2018-11-15 00:00:00+09:00,34877.3492440225,35525.07144426864,33831.02876670183,35425.421875,279716,0.0,0.0
2018-11-16 00:00:00+09:00,37368.588654891304,38863.33220108695,37019.815160778984,37817.01171875,778240,0.0,0.0
2018-11-19 00:00:00+09:00,37817.00612616785,38664.02734375,37468.23268363402,38664.02734375,272777,0.0,0.0
2018-11-20 00:00:00+09:00,38165.78072086653,38564.37895293825,37368.58425672311,37518.05859375,263115,0.0,0.0
2018-11-21 00:00:00+09:00,36720.86585316167,38215.609375,36172.793228487615,38215.609375,199248,0.0,0.0
2018-11-22 00:00:00+09:00,38115.961062333554,38365.08499084554,37318.76449109521,37418.4140625,142743,0.0,0.0
2018-11-23 00:00:00+09:00,37667.534656796764,39361.57722072678,36969.98771870794,37019.8125,284584,0.0,0.0
2018-11-26 00:00:00+09:00,37368.58892260404,39560.879472730136,37119.46499645334,39511.0546875,351527,0.0,0.0
2018-11-27 00:00:00+09:00,39560.872767857145,39809.99665178572,38664.02678571429,39062.625,207221,0.0,0.0
2018-11-28 00:00:00+09:00,39461.22321428572,39760.171875,38763.67633928572,39062.625,153184,0.0,0.0
2018-11-29 00:00:00+09:00,39660.52621788847,40607.197069823,39660.52621788847,39760.17578125,356988,0.0,0.0
2018-11-30 00:00:00+09:00,39959.47642010936,42550.36516555286,39909.65163654314,41005.796875,585652,0.0,0.0
2018-12-03 00:00:00+09:00,42002.28847519668,43646.50617351399,42002.28847519668,42749.66015625,411806,0.0,0.0
2018-12-04 00:00:00+09:00,42600.18637871937,43297.73329018378,42151.763364206534,42699.8359375,224993,0.0,0.0
2018-12-05 00:00:00+09:00,41653.51394429669,42201.586496195334,41055.61661495272,42151.76171875,190054,0.0,0.0
2018-12-06 00:00:00+09:00,42251.41426783479,42251.41426783479,39810.0,39810.0,299306,0.0,0.0
2018-12-07 00:00:00+09:00,40607.19582672856,41454.21708937198,40258.42236564009,41254.91796875,209298,0.0,0.0
2018-12-10 00:00:00+09:00,40607.19423320659,40607.19423320659,39062.62610899873,39311.75,254698,0.0,0.0
2018-12-11 00:00:00+09:00,39809.998917963785,40457.72105304956,39062.62722363405,39212.1015625,250549,0.0,0.0
2018-12-12 00:00:00+09:00,39610.701774806315,41802.9921875,39560.87699269965,41802.9921875,284703,0.0,0.0
2018-12-13 00:00:00+09:00,41802.991063466114,42201.589309601666,40955.96979042806,41902.640625,224757,0.0,0.0
2018-12-14 00:00:00+09:00,41852.818344763095,41852.818344763095,39859.826995012474,39959.4765625,251409,0.0,0.0
2018-12-17 00:00:00+09:00,39411.400229406296,39809.998461814954,36421.91348634134,36820.51171875,476606,0.0,0.0
2018-12-18 00:00:00+09:00,36023.31472753099,37468.23329889807,35176.29349603994,36172.7890625,306686,0.0,0.0
2018-12-19 00:00:00+09:00,36272.43858768407,37916.656270917,36122.964252844715,37219.109375,224851,0.0,0.0
2018-12-20 00:00:00+09:00,36720.866451539856,38863.33220108695,36720.866451539856,37817.01171875,268347,0.0,0.0
2018-12-21 00:00:00+09:00,38066.132782101166,39162.27796692607,37767.18409533074,38414.90625,248624,0.0,0.0
2018-12-24 00:00:00+09:00,38365.078694122516,39012.80080194536,37518.05747620033,37617.70703125,215164,0.0,0.0
2018-12-26 00:00:00+09:00,36671.03681392236,37567.8828229585,35574.891691767065,37219.109375,419410,0.0,0.0
2018-12-27 00:00:00+09:00,38316.727030625836,38466.40174558922,37318.89559753662,37468.5703125,268343,50.0,0.0
2018-12-28 00:00:00+09:00,37418.67418791119,38167.04767166941,36869.86696648849,37917.58984375,270152,0.0,0.0
2019-01-02 00:00:00+09:00,38316.72653061224,38466.401243622444,36420.84683248299,36670.3046875,213163,0.0,0.0
2019-01-03 00:00:00+09:00,36520.62811175847,36969.652227886654,35273.33890029132,35323.23046875,267345,0.0,0.0
2019-01-04 00:00:00+09:00,35123.66105769231,36420.84172175481,34774.420109675484,36321.05859375,160624,0.0,0.0
2019-01-07 00:00:00+09:00,36969.64995659722,36969.64995659722,34674.63794849537,35023.87890625,332553,0.0,0.0
2019-01-08 00:00:00+09:00,35273.33835914921,35373.121494535764,34175.72386989704,34524.96484375,229428,0.0,0.0
2019-01-09 00:00:00+09:00,34774.42695201527,36021.71629749645,34724.53537819602,35123.66796875,228113,0.0,0.0
2019-01-10 00:00:00+09:00,35772.256984721265,36620.41370541898,35223.449694858034,36021.71484375,253126,0.0,0.0
2019-01-11 00:00:00+09:00,36420.84596472692,38915.42445546164,36420.84596472692,38366.6171875,522238,0.0,0.0
2019-01-14 00:00:00+09:00,38067.27001822218,38566.18574585288,37169.221708486926,37219.11328125,190026,0.0,0.0
2019-01-15 00:00:00+09:00,37269.00485401307,38067.27001822218,36969.65541743465,37219.11328125,172855,0.0,0.0
2019-01-16 00:00:00+09:00,37318.89642677614,37668.13743611763,36420.848117040885,37219.11328125,221163,0.0,0.0
2019-01-17 00:00:00+09:00,36969.65494970034,37867.70324807363,36420.84765625,36420.84765625,185442,0.0,0.0
2019-01-18 00:00:00+09:00,36720.19170026881,37318.89047799059,36520.62544102823,37119.32421875,99850,0.0,0.0
2019-01-21 00:00:00+09:00,36770.08817511379,36819.979746586134,35323.23260241597,35622.58203125,284328,0.0,0.0
2019-01-22 00:00:00+09:00,35423.01784939236,36370.957763671875,35373.1262749566,35921.93359375,127669,0.0,0.0
2019-01-23 00:00:00+09:00,35572.6896405598,36071.60534379346,35423.014929589706,35872.0390625,87516,0.0,0.0
2019-01-24 00:00:00+09:00,35872.041624493926,36969.65625,35772.25847672065,36969.65625,138670,0.0,0.0
2019-01-25 00:00:00+09:00,37019.54172607731,40661.62601988276,36470.73450372306,39364.4453125,793850,0.0,0.0
2019-01-28 00:00:00+09:00,39713.68708147322,40611.73528180803,38965.3135811942,39114.98828125,416511,0.0,0.0
2019-01-29 00:00:00+09:00,39863.36392513736,41908.918269230766,38965.31567651099,40861.1953125,788393,0.0,0.0
2019-01-30 00:00:00+09:00,41110.654276315785,43305.88338815789,41110.654276315785,42657.29296875,586337,0.0,0.0
2019-01-31 00:00:00+09:00,43206.098048167034,45401.32704830485,43106.31491179713,45251.65234375,604024,0.0,0.0
2019-02-01 00:00:00+09:00,45251.65207435345,46898.07381465517,44353.60385237069,44852.51953125,418563,0.0,0.0
2019-02-07 00:00:00+09:00,44902.40981765328,47945.795371960885,44752.735118261095,47197.421875,583928,0.0,0.0
2019-02-08 00:00:00+09:00,46947.965919623945,48045.580425715045,46548.83337195445,47097.640625,260298,0.0,0.0
2019-02-11 00:00:00+09:00,48394.824097437886,48644.28195361025,47347.101101513974,48195.2578125,344978,0.0,0.0
2019-02-12 00:00:00+09:00,48344.930371093746,48344.930371093746,46898.074869791664,47895.90625,276064,0.0,0.0
2019-02-13 00:00:00+09:00,47696.338900862065,49492.43534482759,47546.664197198275,49193.0859375,388290,0.0,0.0
2019-02-14 00:00:00+09:00,49242.980558455114,49242.980558455114,46299.37787056367,47796.125,500507,0.0,0.0
2019-02-15 00:00:00+09:00,47446.87919137774,48195.252680200734,46798.28883439781,47846.01171875,176114,0.0,0.0
2019-02-18 00:00:00+09:00,48993.5185567348,49093.301690251574,47496.77155398323,47596.5546875,291443,0.0,0.0
2019-02-19 00:00:00+09:00,47796.12524262422,48744.06509607919,47247.31795904503,48195.2578125,198306,0.0,0.0
2019-02-20 00:00:00+09:00,48145.36435466167,48694.17161673554,47846.01493898502,48295.0390625,159188,0.0,0.0
2019-02-21 00:00:00+09:00,48694.17310531496,51887.23363681103,48245.14896807333,50689.8359375,884035,0.0,0.0
2019-02-22 00:00:00+09:00,51388.31410845588,53084.627389705885,50490.26590073529,50889.3984375,550858,0.0,0.0
2019-02-25 00:00:00+09:00,50590.051297026694,51787.44896086165,49991.35246510922,51388.31640625,244232,0.0,0.0
2019-02-26 00:00:00+09:00,51587.882157606015,51587.882157606015,49991.351955436396,50590.05078125,200392,0.0,0.0
2019-02-27 00:00:00+09:00,50290.701368343194,51288.532744699216,49741.89411134739,50590.05078125,149307,0.0,0.0
2019-02-28 00:00:00+09:00,50490.269654281496,52785.28191129429,49991.353946235235,50689.8359375,454215,0.0,0.0
2019-03-04 00:00:00+09:00,51687.665560787675,52585.71380412182,50889.40045560176,50989.18359375,254021,0.0,0.0
2019-03-05 00:00:00+09:00,50989.18536232776,51687.66735359252,50390.48651267224,50689.8359375,163358,0.0,0.0
2019-03-06 00:00:00+09:00,50789.61932373047,52186.58331298828,49991.35418701172,51088.96875,202357,0.0,0.0
2019-03-07 00:00:00+09:00,51188.75173347264,51188.75173347264,48993.52261429838,49242.98046875,257355,0.0,0.0
2019-03-08 00:00:00+09:00,48344.93187313988,50689.83568948413,47995.69087921627,50290.703125,310815,0.0,0.0
2019-03-11 00:00:00+09:00,50290.70123762376,50490.26751237624,49242.97829517326,50390.484375,138067,0.0,0.0
2019-03-12 00:00:00+09:00,50689.832169117646,51488.09724264706,50190.916498161765,50889.3984375,270005,0.0,0.0
2019-03-13 00:00:00+09:00,51288.53402217742,53882.895665322576,50889.401461693546,52585.71484375,474379,0.0,0.0
2019-03-14 00:00:00+09:00,52685.49485294118,53284.19365808823,50590.04903492647,50889.3984375,342827,0.0,0.0
2019-03-15 00:00:00+09:00,51088.969696969696,51687.66856060606,49242.981534090904,49392.65625,453517,0.0,0.0
2019-03-18 00:00:00+09:00,49891.5703125,50889.40171875,49741.8956015625,49891.5703125,293487,0.0,0.0
2019-03-19 00:00:00+09:00,49991.35046713918,50390.483005798975,48095.47090850516,48394.8203125,238986,0.0,0.0
2019-03-20 00:00:00+09:00,48245.14402104592,49143.192203443876,48095.46932397959,48893.734375,187519,0.0,0.0
2019-03-21 00:00:00+09:00,48594.39182819093,49043.41598266087,47197.42779206223,47297.2109375,319459,0.0,0.0
2019-03-22 00:00:00+09:00,49891.56815895372,49891.56815895372,47596.556023641846,49592.21875,293292,0.0,0.0
2019-03-25 00:00:00+09:00,48594.39038237577,49193.08923718944,48095.47467003106,48195.2578125,136424,0.0,0.0
2019-03-26 00:00:00+09:00,48843.843093686744,51587.87922254555,47895.90334008097,49292.8671875,891415,0.0,0.0
2019-03-27 00:00:00+09:00,50889.398093553464,51887.22942872118,46698.50648584906,47596.5546875,817336,0.0,0.0
2019-03-28 00:00:00+09:00,47846.01615125274,48245.14871560104,45201.762912445236,45551.00390625,394501,0.0,0.0
2019-03-29 00:00:00+09:00,46000.029820478725,47047.75284242021,44702.848936170216,46898.078125,323286,0.0,0.0
2019-04-01 00:00:00+09:00,46498.94383618489,49193.08865072778,46498.94383618489,48843.84765625,254680,0.0,0.0
2019-04-02 00:00:00+09:00,49542.3293203125,49891.5703125,48594.389484375,49891.5703125,238609,0.0,0.0
2019-04-03 00:00:00+09:00,49891.56709558824,50989.18157169117,49292.868290441176,50889.3984375,345122,0.0,0.0
2019-04-04 00:00:00+09:00,50689.832169117646,51288.53097426471,49841.67552849265,50889.3984375,187704,0.0,0.0
2019-04-05 00:00:00+09:00,50889.39869557057,51288.53123435936,49592.21794450701,49841.67578125,155088,0.0,0.0
2019-04-08 00:00:00+09:00,49392.65493328652,50091.13692224208,48594.389803051585,48843.84765625,169982,0.0,0.0
2019-04-09 00:00:00+09:00,49193.09055942937,49193.09055942937,47746.23495474028,48744.06640625,153252,0.0,0.0
2019-04-10 00:00:00+09:00,48494.601849489794,49392.65003188775,48195.25245535714,48893.734375,105178,0.0,0.0
2019-04-11 00:00:00+09:00,49193.086881345174,50091.13512055838,48843.84589942893,49143.1953125,140342,0.0,0.0
2019-04-12 00:00:00+09:00,49292.86852448454,49592.21792847938,48195.254043170105,48394.8203125,159801,0.0,0.0
2019-04-15 00:00:00+09:00,48295.03936774023,48344.930937335004,47047.75012787091,47247.31640625,317146,0.0,0.0
2019-04-16 00:00:00+09:00,47446.88160421081,47796.12258342161,46698.50807733051,47097.640625,139222,0.0,0.0
2019-04-17 00:00:00+09:00,47147.53466849435,47396.99252388321,45700.67910723897,46349.26953125,232808,0.0,0.0
2019-04-18 00:00:00+09:00,46049.917836983135,46299.375680087054,45301.544307671385,45850.3515625,185991,0.0,0.0
2019-04-19 00:00:00+09:00,46149.70291940789,47696.3416118421,46149.70291940789,47396.9921875,229443,0.0,0.0
2019-04-22 00:00:00+09:00,47796.12301105717,48245.1471312028,46099.80966828479,46249.484375,190467,0.0,0.0
2019-04-23 00:00:00+09:00,46399.16216805257,46598.72845694742,45451.222295802036,46498.9453125,75499,0.0,0.0
2019-04-24 00:00:00+09:00,46947.96510699728,46997.85667459239,45501.109646739125,45900.2421875,116444,0.0,0.0
2019-04-25 00:00:00+09:00,46049.918785743466,46648.61762152778,45401.32838031046,45800.4609375,92815,0.0,0.0
2019-04-26 00:00:00+09:00,45251.653544686815,46049.918656831236,44752.73784959655,45600.89453125,189408,0.0,0.0
2019-04-29 00:00:00+09:00,45950.137784090904,46449.05350378788,45401.33049242424,46099.8125,87992,0.0,0.0
2019-04-30 00:00:00+09:00,46000.02613558743,46648.61652578552,45251.65260843579,45650.78515625,127565,0.0,0.0
2019-05-02 00:00:00+09:00,45501.10857415485,46349.26520327835,45401.325441316796,45750.56640625,132031,0.0,0.0
2019-05-03 00:00:00+09:00,45900.245302713985,48145.36599686847,45700.67901878914,47796.125,224432,0.0,0.0
2019-05-07 00:00:00+09:00,46898.075983672374,47297.208545235546,46449.05185191381,46598.7265625,144437,0.0,0.0
2019-05-08 00:00:00+09:00,46399.161931818184,46947.96922348485,45800.463068181816,46099.8125,139217,0.0,0.0
2019-05-09 00:00:00+09:00,46249.48498411017,46449.05126235876,44104.14749293785,44154.0390625,241739,0.0,0.0
2019-05-10 00:00:00+09:00,43655.12392936496,44902.41318448968,42757.07566567518,43505.44921875,223044,0.0,0.0
2019-05-13 00:00:00+09:00,43106.31659713945,43505.44915822407,41809.13577361442,41859.02734375,184955,0.0,0.0
2019-05-14 00:00:00+09:00,40960.97815755208,42956.64091796875,40511.95403645833,41908.91796875,219055,0.0,0.0
2019-05-15 00:00:00+09:00,42357.940352678575,43804.79579464286,41509.78371428572,43655.12109375,160629,0.0,0.0
2019-05-16 00:00:00+09:00,43705.01629946043,43705.01629946043,41260.32931467326,41609.5703125,187520,0.0,0.0
2019-05-17 00:00:00+09:00,42208.268662133254,42507.61808526895,40711.521546454765,40811.3046875,143461,0.0,0.0
2019-05-20 00:00:00+09:00,40561.8453747665,41110.65263075965,39214.773019146945,40062.9296875,202635,0.0,0.0
2019-05-21 00:00:00+09:00,40312.38658271144,41210.43479866294,39963.14560984141,40112.8203125,179836,0.0,0.0
2019-05-22 00:00:00+09:00,41958.81178281824,42308.052784577725,40262.49834570073,40761.4140625,245483,0.0,0.0
2019-05-23 00:00:00+09:00,40761.411515370775,40811.30308393304,39713.6885755632,39863.36328125,141445,0.0,0.0
2019-05-24 00:00:00+09:00,39663.799961294004,39813.474678129074,37568.353925603,38266.8359375,296852,0.0,0.0
2019-05-27 00:00:00+09:00,37767.91742086039,38915.42349837662,37418.676440746756,38416.5078125,138862,0.0,0.0
2019-05-28 00:00:00+09:00,38416.50766509434,39713.688443396226,38416.50766509434,39663.796875,137034,0.0,0.0
2019-05-29 00:00:00+09:00,38915.42363129845,39214.7730438469,38466.39951247577,38616.07421875,109906,0.0,0.0
2019-05-30 00:00:00+09:00,38516.29171914358,39863.36409792191,38067.267592884135,39613.90625,119025,0.0,0.0
2019-05-31 00:00:00+09:00,39314.556832493705,40062.93037625944,39015.2074149874,39613.90625,113030,0.0,0.0
2019-06-03 00:00:00+09:00,39164.87956568138,39314.55426465851,38516.289203447166,38715.85546875,123412,0.0,0.0
2019-06-04 00:00:00+09:00,38715.85812186717,39813.47265625,38665.966552122496,39813.47265625,125323,0.0,0.0
2019-06-05 00:00:00+09:00,40611.73584960937,40611.73584960937,39514.1213671875,39913.25390625,157047,0.0,0.0
2019-06-07 00:00:00+09:00,39963.14819120429,40262.4976158575,39464.232483448926,39564.015625,73145,0.0,0.0
2019-06-10 00:00:00+09:00,39913.2547026699,41360.110185641686,39763.57999753489,41110.65234375,210412,0.0,0.0
2019-06-11 00:00:00+09:00,41310.21861726335,41459.89332239836,40561.84509158829,41110.65234375,108197,0.0,0.0
2019-06-12 00:00:00+09:00,41310.21807317451,41360.10964089573,40112.8204478651,40312.38671875,87777,0.0,0.0
2019-06-13 00:00:00+09:00,40462.06128537002,40811.302258240044,39663.79620452425,40112.8203125,131753,0.0,0.0
2019-06-14 00:00:00+09:00,40162.71201558632,41110.651802289605,40162.71201558632,40312.38671875,122822,0.0,0.0
2019-06-17 00:00:00+09:00,40362.279793765745,40362.279793765745,39464.23154124685,39613.90625,120766,0.0,0.0
2019-06-18 00:00:00+09:00,39414.33877185026,39813.47131637533,37418.67604922494,37817.80859375,308514,0.0,0.0
2019-06-19 00:00:00+09:00,38117.15891380407,39763.580699347964,37917.59263676845,39214.7734375,193846,0.0,0.0
2019-06-20 00:00:00+09:00,39663.796847523445,42607.399380861665,39613.90527916178,42557.5078125,496964,0.0,0.0
2019-06-21 00:00:00+09:00,43006.5329302096,43156.20763878341,40861.19544065158,41060.76171875,202893,0.0,0.0
2019-06-24 00:00:00+09:00,40911.085253906254,40911.085253906254,39613.904501953126,39913.25390625,167417,0.0,0.0
2019-06-25 00:00:00+09:00,39863.36409792191,40611.73764168766,39414.33997166247,39613.90625,142795,0.0,0.0
2019-06-26 00:00:00+09:00,39414.33903301887,40262.49569575472,39364.447464622644,39663.796875,101349,0.0,0.0
2019-06-27 00:00:00+09:00,39713.687336173,39963.14517119921,36819.97644986894,38067.265625,398106,0.0,0.0
2019-06-28 00:00:00+09:00,37817.809538061425,38915.42406291282,37318.89384494716,37767.91796875,188929,0.0,0.0
2019-07-01 00:00:00+09:00,37767.91940070434,39114.99182318653,37767.91940070434,38516.29296875,163974,0.0,0.0
2019-07-02 00:00:00+09:00,38516.291081233845,38715.85735626615,37718.02598110465,38616.07421875,107380,0.0,0.0
2019-07-03 00:00:00+09:00,38316.723178807944,38466.39787872517,37418.67497930463,37668.1328125,130619,0.0,0.0
2019-07-04 00:00:00+09:00,37718.026006711414,37718.026006711414,35722.36325503356,37169.21875,212606,0.0,0.0
2019-07-05 00:00:00+09:00,37169.21741890564,38216.94032601573,37169.21741890564,38067.265625,113918,0.0,0.0
2019-07-08 00:00:00+09:00,38067.26416623444,38067.26416623444,36071.6015625,36071.6015625,125928,0.0,0.0
2019-07-09 00:00:00+09:00,36071.60372209821,36370.953130580354,34924.09765625,34924.09765625,205164,0.0,0.0
2019-07-10 00:00:00+09:00,34924.094987623765,35971.81783725247,34924.094987623765,35273.3359375,145961,0.0,0.0
2019-07-11 00:00:00+09:00,35373.125089016416,37368.78799953921,35373.125089016416,37219.11328125,180588,0.0,0.0
2019-07-12 00:00:00+09:00,37518.461394557824,37518.461394557824,36271.17211947279,36670.3046875,89900,0.0,0.0
2019-07-15 00:00:00+09:00,36370.953676021294,36520.628382506984,35323.23073062151,35722.36328125,88950,0.0,0.0
2019-07-16 00:00:00+09:00,35722.36541291551,36370.955846390236,35572.69069749827,36021.71484375,80339,0.0,0.0
2019-07-17 00:00:00+09:00,35921.92929025424,35921.92929025424,35123.664194915254,35323.23046875,82192,0.0,0.0
2019-07-18 00:00:00+09:00,35323.23342736248,35572.69129055007,34724.53455571227,35373.125,86669,0.0,0.0
2019-07-19 00:00:00+09:00,35522.796467764056,36869.86880572702,35522.796467764056,36370.953125,123094,0.0,0.0
2019-07-22 00:00:00+09:00,36420.84361010675,36620.4098764635,35722.36167785813,36221.27734375,74751,0.0,0.0
2019-07-23 00:00:00+09:00,36121.49882322176,36570.522979864014,35672.474666579496,35772.2578125,69283,0.0,0.0
2019-07-24 00:00:00+09:00,35772.25267935739,36271.168337367955,35323.22858714789,35423.01171875,77508,0.0,0.0
2019-07-25 00:00:00+09:00,35323.22992684248,35522.79619761561,34125.83230220376,34524.96484375,117272,0.0,0.0
2019-07-26 00:00:00+09:00,34125.836051053775,34724.53492914244,33527.137172965115,34325.40234375,141562,0.0,0.0
2019-07-29 00:00:00+09:00,34026.05037778756,34225.61665566314,31631.255043280515,31880.712890625,243107,0.0,0.0
2019-07-30 00:00:00+09:00,31581.36416480655,32579.195576016868,31331.90631200397,31431.689453125,241723,0.0,0.0
2019-07-31 00:00:00+09:00,31032.558093843007,34125.83558872768,30383.967651367188,33527.13671875,359332,0.0,0.0
2019-08-01 00:00:00+09:00,33776.591672530085,33776.591672530085,31731.037376261647,32130.169921875,207163,0.0,0.0
2019-08-02 00:00:00+09:00,30932.773988538404,33078.11153935639,30633.42456284287,31830.822265625,328642,0.0,0.0
2019-08-05 00:00:00+09:00,31731.038911201584,32180.063046737458,27989.171115069323,28338.412109375,388659,0.0,0.0
2019-08-06 00:00:00+09:00,27540.145740161002,30633.422979092127,25544.483005366725,27889.38671875,631921,0.0,0.0
2019-08-07 00:00:00+09:00,28637.76077445652,30084.616283967393,28238.628220108694,28687.65234375,320052,0.0,0.0
2019-08-08 00:00:00+09:00,29136.67518382353,30134.506525735294,29086.783616727942,29685.482421875,172968,0.0,0.0
2019-08-09 00:00:00+09:00,30084.61795760801,30433.858962091024,29336.244376572988,29735.376953125,154082,0.0,0.0
2019-08-12 00:00:00+09:00,29635.590199451573,30334.072123344373,28887.216709566434,30134.505859375,160416,0.0,0.0
2019-08-13 00:00:00+09:00,29735.37659193065,29885.051306319565,29136.677734375,29136.677734375,165716,0.0,0.0
2019-08-14 00:00:00+09:00,29535.809348290597,29735.37562767094,29036.893649839745,29186.568359375,118290,0.0,0.0
2019-08-16 00:00:00+09:00,29186.56873233354,29984.833860055485,28937.110879920434,29785.267578125,158122,0.0,0.0
2019-08-19 00:00:00+09:00,29934.943241401008,29984.834813470006,29136.67808829698,29735.376953125,108041,0.0,0.0
2019-08-20 00:00:00+09:00,29535.80838414634,30783.09758955793,29286.350543064025,30683.314453125,182793,0.0,0.0
2019-08-21 00:00:00+09:00,30683.31601500887,32080.27999618001,30284.183448959975,31631.255859375,221385,0.0,0.0
2019-08-22 00:00:00+09:00,31631.255353711567,31930.604773462783,30683.315524499394,30832.990234375,182027,0.0,0.0
2019-08-23 00:00:00+09:00,30433.85634395593,30583.531047286862,29984.832233963138,30284.181640625,106023,0.0,0.0
2019-08-26 00:00:00+09:00,29386.13521976071,29436.02679059222,28288.52066146744,28537.978515625,256388,0.0,0.0
2019-08-27 00:00:00+09:00,29934.94170984456,30683.315252590673,28587.86933290155,28887.21875,440020,0.0,0.0
2019-08-28 00:00:00+09:00,28737.544642857145,31780.930447048613,28737.544642857145,31431.689453125,388806,0.0,0.0
2019-08-29 00:00:00+09:00,31631.256447514093,31681.14801919787,30533.641870471016,30982.666015625,212273,0.0,0.0
2019-08-30 00:00:00+09:00,31631.254979395602,32130.170673076922,31232.122424450547,31780.9296875,192251,0.0,0.0
2019-09-02 00:00:00+09:00,33726.69763575073,34524.96266854956,32429.516957452623,34225.61328125,631072,0.0,0.0
2019-09-03 00:00:00+09:00,33976.157868386734,34624.748253539496,33377.45905132265,33477.2421875,190790,0.0,0.0
2019-09-04 00:00:00+09:00,33227.78515625,33477.243002768395,32379.628478087463,33227.78515625,202667,0.0,0.0
2019-09-05 00:00:00+09:00,33477.24287197885,33527.13444108761,33028.21875,33028.21875,131426,0.0,0.0
2019-09-06 00:00:00+09:00,33327.56886485452,33327.56886485452,32279.845891558194,32579.1953125,135244,0.0,0.0
2019-09-09 00:00:00+09:00,32579.194993560457,33277.6769689201,32080.279296875,32080.279296875,160633,0.0,0.0
2019-09-10 00:00:00+09:00,32080.279103708788,32479.411658653844,31381.797132554944,31780.9296875,120157,0.0,0.0
2019-09-11 00:00:00+09:00,32678.97737379808,32828.65207932692,31980.495414663463,32429.51953125,129495,0.0,0.0
2019-09-16 00:00:00+09:00,32778.762901214235,33128.00390625,32080.280891142695,33128.00390625,105071,0.0,0.0
2019-09-17 00:00:00+09:00,33227.78670164234,34674.64227874088,32778.76255702555,34175.7265625,269779,0.0,0.0
2019-09-18 00:00:00+09:00,34175.72632016248,34624.75046159527,33776.59375,33776.59375,120193,0.0,0.0
2019-09-19 00:00:00+09:00,33776.59481272978,34524.96840533088,33377.46223000919,33926.26953125,195813,0.0,0.0
2019-09-20 00:00:00+09:00,33726.70042551244,34325.39924963397,33577.025719482066,34075.94140625,78831,0.0,0.0
2019-09-23 00:00:00+09:00,33826.48411847015,33826.48411847015,33327.568423507466,33427.3515625,69363,0.0,0.0
2019-09-24 00:00:00+09:00,32329.734305349182,34075.93909036033,32329.734305349182,33577.0234375,141246,0.0,0.0
2019-09-25 00:00:00+09:00,33577.02890269348,34026.05306335357,32728.87215477997,32878.546875,84139,0.0,0.0
2019-09-26 00:00:00+09:00,33277.6780372969,34175.72632016248,32878.54546713442,33776.59375,111814,0.0,0.0
2019-09-27 00:00:00+09:00,34075.94222437316,34075.94222437316,33128.00239675516,33826.484375,56681,0.0,0.0
2019-09-30 00:00:00+09:00,33926.26953125,34075.94424977022,33227.78751148897,33926.26953125,88178,0.0,0.0
2019-10-01 00:00:00+09:00,33826.48746744792,36221.283040364586,33726.70431857639,35921.93359375,360701,0.0,0.0
2019-10-02 00:00:00+09:00,35373.121768973215,35522.79647321429,34624.74824776786,34924.09765625,193285,0.0,0.0
2019-10-04 00:00:00+09:00,34624.747422799555,34724.53055658284,33726.69921875,33726.69921875,160371,0.0,0.0
2019-10-07 00:00:00+09:00,34075.94411142454,35423.01657263751,33726.70310296192,35373.125,195454,0.0,0.0
2019-10-08 00:00:00+09:00,35373.123684858525,35522.79839720631,34175.72598607629,34824.31640625,159962,0.0,0.0
2019-10-10 00:00:00+09:00,34824.314784163136,35423.01360566737,34075.94125728284,35323.23046875,116475,0.0,0.0
2019-10-11 00:00:00+09:00,35423.01718525503,35423.01718525503,34624.75200924928,34724.53515625,88761,0.0,0.0
2019-10-14 00:00:00+09:00,35073.77236049107,35323.23020089285,34624.74824776786,34924.09765625,92248,0.0,0.0
2019-10-15 00:00:00+09:00,34824.31747057775,35273.34162134451,34824.31747057775,34973.9921875,84746,0.0,0.0
2019-10-16 00:00:00+09:00,35073.77103825731,36121.493928447075,35073.77103825731,35822.14453125,164638,0.0,0.0
2019-10-17 00:00:00+09:00,35822.14505762411,35971.81975842199,34624.747451241135,35173.5546875,172968,0.0,0.0
2019-10-18 00:00:00+09:00,34724.52892674927,35173.55300769862,34075.93858760022,34225.61328125,143506,0.0,0.0
2019-10-21 00:00:00+09:00,34225.61488766642,34475.072722124634,33377.458250508505,33726.69921875,133955,0.0,0.0
2019-10-22 00:00:00+09:00,33527.13508064516,34275.50863155242,33327.56880040323,34026.05078125,163644,0.0,0.0
2019-10-23 00:00:00+09:00,33926.26961297071,36021.715677301254,33926.26961297071,35772.2578125,372992,0.0,0.0
2019-10-24 00:00:00+09:00,35921.933149857956,36021.71629749645,34674.64380437678,35123.66796875,163833,0.0,0.0
2019-10-25 00:00:00+09:00,34924.09518494898,35123.66144314869,34125.83015215015,34225.61328125,132468,0.0,0.0
2019-10-28 00:00:00+09:00,34275.505138913904,34824.312353656336,34275.505138913904,34624.74609375,98248,0.0,0.0
2019-10-29 00:00:00+09:00,34624.74609375,35223.444873469016,34275.505138913904,34624.74609375,153892,0.0,0.0
2019-10-30 00:00:00+09:00,34574.85779279488,34574.85779279488,33327.56855063057,33626.91796875,170039,0.0,0.0
2019-10-31 00:00:00+09:00,33676.81143624442,34075.944016229536,33377.46200125558,33527.13671875,135517,0.0,0.0
2019-11-01 00:00:00+09:00,33527.133888888886,33776.59173032407,33377.45918402778,33676.80859375,101734,0.0,0.0
2019-11-04 00:00:00+09:00,33776.59186303388,34225.615979381444,33626.917157584685,33876.375,117145,0.0,0.0
2019-11-05 00:00:00+09:00,34026.05127372851,35023.88268938037,33427.35242433739,34824.31640625,222630,0.0,0.0
2019-11-06 00:00:00+09:00,34874.21009965376,35522.80055930398,34524.96908291904,35123.66796875,213889,0.0,0.0
2019-11-07 00:00:00+09:00,35123.66461649783,35223.44775461288,34225.61637346238,34475.07421875,119893,0.0,0.0
2019-11-08 00:00:00+09:00,34724.5325018546,35123.66505934718,33427.35169000371,33626.91796875,204213,0.0,0.0
2019-11-11 00:00:00+09:00,33726.6981333581,34026.0475250743,33477.24030692794,33577.0234375,77903,0.0,0.0
2019-11-12 00:00:00+09:00,33527.13482937685,33876.37581718287,33177.89384157085,33626.91796875,115214,0.0,0.0
2019-11-13 00:00:00+09:00,33626.916756465514,33626.916756465514,33078.109509698275,33277.67578125,93594,0.0,0.0
2019-11-14 00:00:00+09:00,33327.57042875744,33926.26929873512,33227.78728376116,33527.13671875,93779,0.0,0.0
2019-11-15 00:00:00+09:00,33527.13157894737,33527.13157894737,32778.75810620301,33177.890625,132818,0.0,0.0
2019-11-18 00:00:00+09:00,33427.35206941794,33427.35206941794,32429.520664360687,32678.978515625,110468,0.0,0.0
2019-11-19 00:00:00+09:00,32678.978971762343,32678.978971762343,31481.58126898021,31830.822265625,166277,0.0,0.0
2019-11-20 00:00:00+09:00,31830.82261066653,32080.280468116896,30433.85860894449,30783.099609375,198555,0.0,0.0
2019-11-21 00:00:00+09:00,30783.099718989157,30932.774433992345,29186.56942562181,29336.244140625,259417,0.0,0.0
2019-11-22 00:00:00+09:00,29136.67797191723,29885.05154996305,29086.78640004751,29535.810546875,160293,0.0,0.0
2019-11-25 00:00:00+09:00,29835.156463420946,30533.638387313742,29685.481765443918,30134.505859375,126119,0.0,0.0
2019-11-26 00:00:00+09:00,30134.50693729407,30284.181640625,29685.482827301275,30284.181640625,103954,0.0,0.0
2019-11-27 00:00:00+09:00,30134.50761653428,30334.07389214047,29735.375065321907,29835.158203125,82691,0.0,0.0
2019-11-28 00:00:00+09:00,29685.48387871414,30533.640560963115,29685.48387871414,30433.857421875,93130,0.0,0.0
2019-11-29 00:00:00+09:00,30633.42208291331,31830.819688760082,30284.18111454133,30932.771484375,181457,0.0,0.0
2019-12-02 00:00:00+09:00,30932.77362470048,31681.14718013678,30932.77362470048,31232.123046875,114717,0.0,0.0
2019-12-03 00:00:00+09:00,30733.20493770425,30882.879637076185,30084.61457375919,30533.638671875,89515,0.0,0.0
2019-12-04 00:00:00+09:00,30034.72393489157,30733.20588686579,29934.94079889525,30483.748046875,67626,0.0,0.0
2019-12-05 00:00:00+09:00,30383.966471354168,31581.36416480655,30284.183330233136,31431.689453125,164237,0.0,0.0
2019-12-06 00:00:00+09:00,31631.253838261473,31731.036973397946,31132.338162579115,31531.470703125,84948,0.0,0.0
2019-12-09 00:00:00+09:00,31431.688443958665,31481.58001291733,30832.989616454688,31381.796875,54755,0.0,0.0
2019-12-10 00:00:00+09:00,31381.79586422671,31481.578998930137,30633.422353951035,31331.904296875,75741,0.0,0.0
2019-12-11 00:00:00+09:00,31331.905370938985,31631.254785311015,30932.772818442947,31481.580078125,63877,0.0,0.0
2019-12-12 00:00:00+09:00,31631.25471979332,31681.146288751985,31182.23059916534,31381.796875,121172,0.0,0.0
2019-12-13 00:00:00+09:00,31780.929396609044,32928.435481572946,31731.037827697568,32828.65234375,296660,0.0,0.0
2019-12-16 00:00:00+09:00,32529.3026017554,32678.977306978202,31780.929075641394,32329.736328125,122424,0.0,0.0
2019-12-17 00:00:00+09:00,32329.736328125,32379.6278965326,31980.495349271798,32329.736328125,73979,0.0,0.0
2019-12-18 00:00:00+09:00,32329.73592275943,32429.519058323505,31681.145541592963,31731.037109375,94654,0.0,0.0
2019-12-19 00:00:00+09:00,31830.8213211561,32479.41172425176,31631.255043280515,31880.712890625,136709,0.0,0.0
2019-12-20 00:00:00+09:00,31880.712630621038,32080.278906869058,31431.688509062995,31481.580078125,99727,0.0,0.0
2019-12-23 00:00:00+09:00,31481.58046085245,32329.73714521773,31481.58046085245,32080.279296875,202735,0.0,0.0
2019-12-24 00:00:00+09:00,32629.08587159701,32828.65214604103,32229.95332270897,32529.302734375,282971,0.0,0.0
2019-12-26 00:00:00+09:00,32728.867329545457,33028.216725852275,32080.276970880685,32928.43359375,250321,0.0,0.0
2019-12-27 00:00:00+09:00,33078.33575660275,34627.321267863605,32878.466658375546,34527.38671875,352487,50.0,0.0
2019-12-30 00:00:00+09:00,34777.2266502809,35626.670404669945,34327.52113325141,35576.703125,244390,0.0,0.0
2020-01-02 00:00:00+09:00,35676.636326513064,36326.2109375,35276.89810436726,36326.2109375,271736,0.0,0.0
2020-01-03 00:00:00+09:00,36026.408597079186,36076.37587668679,35176.96484375,35176.96484375,240187,0.0,0.0
2020-01-06 00:00:00+09:00,34427.45305043135,34927.125808783036,33827.84574040932,34027.71484375,198541,0.0,0.0
2020-01-07 00:00:00+09:00,34077.684049575335,34577.356836226,33677.945820254805,33827.84765625,132585,0.0,0.0
2020-01-08 00:00:00+09:00,33627.97682472511,33627.97682472511,32228.893093532984,32378.794921875,273651,0.0,0.0
2020-01-09 00:00:00+09:00,33278.20799604669,33528.0443924134,32728.56792403991,33178.2734375,131405,0.0,0.0
2020-01-10 00:00:00+09:00,33378.1421482644,33927.78221358013,32928.43664027881,33827.84765625,125065,0.0,0.0
2020-01-13 00:00:00+09:00,33627.97648613722,33927.780139802635,33178.2710056391,33228.23828125,135613,0.0,0.0
2020-01-14 00:00:00+09:00,33228.238615813076,33578.00954861111,32228.893093532984,32378.794921875,216577,0.0,0.0
2020-01-15 00:00:00+09:00,32378.795368390358,32628.631752405716,31879.122600359642,32128.958984375,138554,0.0,0.0
2020-01-16 00:00:00+09:00,32029.025444794876,32478.730950260015,32029.025444794876,32428.763671875,89450,0.0,0.0
2020-01-17 00:00:00+09:00,32778.53459302326,32778.53459302326,32078.992696220932,32228.89453125,84748,0.0,0.0
2020-01-20 00:00:00+09:00,32128.959525240385,32478.73046875,31429.41763822115,32478.73046875,229747,0.0,0.0
2020-01-21 00:00:00+09:00,32678.59850463867,32828.500332641604,31679.25298461914,31979.056640625,183908,0.0,0.0
2020-01-22 00:00:00+09:00,31779.187536621095,32378.794848632813,31679.25298461914,31979.056640625,67744,0.0,0.0
2020-01-23 00:00:00+09:00,31979.05652866242,32029.023804488454,30829.809184663613,31379.44921875,189261,0.0,0.0
2020-01-28 00:00:00+09:00,29980.365311472036,30979.710821854438,29980.365311472036,30380.103515625,138357,0.0,0.0
2020-01-29 00:00:00+09:00,30480.03954356527,31229.548712669337,30330.13770974446,30430.072265625,91914,0.0,0.0
2020-01-30 00:00:00+09:00,30579.97439385776,30779.843507543104,28781.152370689655,28981.021484375,245249,0.0,0.0
2020-01-31 00:00:00+09:00,29280.82415116782,29730.52964154412,28531.315000540657,28881.0859375,190713,0.0,0.0
2020-02-03 00:00:00+09:00,27681.870801630437,29080.954524456523,27631.903525815218,28731.18359375,184234,0.0,0.0
2020-02-04 00:00:00+09:00,29480.69419729914,32978.40367833463,29480.69419729914,32029.025390625,732962,0.0,0.0
2020-02-05 00:00:00+09:00,32478.729717548074,34427.45350060096,31879.12239968565,33777.87890625,523327,0.0,0.0
2020-02-06 00:00:00+09:00,33877.813016244494,34577.35487793686,33528.04208539831,34027.71484375,229224,0.0,0.0
2020-02-07 00:00:00+09:00,34227.583425516226,34227.583425516226,33478.07429941003,33877.8125,104557,0.0,0.0
2020-02-10 00:00:00+09:00,33228.238002232145,34277.55078125,33028.368901466834,34277.55078125,131838,0.0,0.0
2020-02-11 00:00:00+09:00,34577.357038963324,36176.30996562059,34577.357038963324,35426.80078125,425760,0.0,0.0
2020-02-12 00:00:00+09:00,35476.76502145923,36026.40504291846,34577.35407725322,34927.125,231511,0.0,0.0
2020-02-13 00:00:00+09:00,34927.12559419014,36326.209308978876,34727.25649207747,35476.765625,221566,0.0,0.0
2020-02-14 00:00:00+09:00,35576.70316840278,36126.34324544271,35027.06309136285,35976.44140625,197104,0.0,0.0
2020-02-17 00:00:00+09:00,35976.43825301205,37825.22744101405,35976.43825301205,37325.5546875,351496,0.0,0.0
2020-02-18 00:00:00+09:00,37625.35878537736,37725.29333726415,36226.27505896227,37075.71875,216330,0.0,0.0
2020-02-19 00:00:00+09:00,41422.87105799485,44071.136638300915,40173.689180491994,43671.3984375,2538617,0.0,0.0
2020-02-20 00:00:00+09:00,43171.72663417431,44171.07215811353,42022.479281644206,43571.46484375,720495,0.0,0.0
2020-02-21 00:00:00+09:00,43271.661114728005,44920.58122649016,42222.34831633391,43171.7265625,524081,0.0,0.0
2020-02-24 00:00:00+09:00,42422.2175051511,42472.18478136447,40623.395561469784,40923.19921875,465043,0.0,0.0
2020-02-25 00:00:00+09:00,40873.23172169812,42722.02093160377,40173.689858490565,42372.25,488883,0.0,0.0
2020-02-26 00:00:00+09:00,41622.741929198084,43721.367572687064,40973.16732526102,43071.79296875,424725,0.0,0.0
2020-02-27 00:00:00+09:00,42871.92268415179,44171.07185639881,41322.93713262649,41972.51171875,511477,0.0,0.0
2020-02-28 00:00:00+09:00,40923.199456091774,41522.80677412975,38824.57384295886,39474.1484375,513505,0.0,0.0
2020-03-02 00:00:00+09:00,40373.55859375,40573.427695699254,39174.34398205445,40373.55859375,262029,0.0,0.0
2020-03-03 00:00:00+09:00,41472.8407488567,42122.41536299542,40523.46246665396,40973.16796875,371479,0.0,0.0
2020-03-04 00:00:00+09:00,40973.16857866508,42022.48143250894,40723.33218489273,41922.546875,269951,0.0,0.0
2020-03-05 00:00:00+09:00,42472.186087004084,44121.10625273483,42222.34969825701,42821.95703125,652866,0.0,0.0
2020-03-06 00:00:00+09:00,42672.05586291007,44171.07421875,42272.317634686086,44171.07421875,449248,0.0,0.0
2020-03-09 00:00:00+09:00,43171.727393617024,45170.41847665485,42172.38185209811,42272.31640625,602591,0.0,0.0
2020-03-10 00:00:00+09:00,41622.741674510544,42072.44716679217,40023.78881306476,41472.83984375,403924,0.0,0.0
2020-03-11 00:00:00+09:00,41472.84167631173,41872.57990933642,39574.085069444445,40473.49609375,500261,0.0,0.0
2020-03-12 00:00:00+09:00,39923.85562537971,41472.841262910086,37775.262644289185,41123.0703125,730560,0.0,0.0
2020-03-13 00:00:00+09:00,37875.19440920972,42971.856453720786,33078.33601437577,40623.39453125,1166324,0.0,0.0
2020-03-16 00:00:00+09:00,41572.7734948605,41572.7734948605,34027.71484375,34027.71484375,808031,0.0,0.0
2020-03-17 00:00:00+09:00,30979.711485745614,36176.30825109649,30929.744209155702,34177.6171875,936347,0.0,0.0
2020-03-18 00:00:00+09:00,34177.61757172131,34577.35578893442,30080.300845286885,30480.0390625,669136,0.0,0.0
2020-03-19 00:00:00+09:00,31979.056064073226,32029.02333917334,21336.026467748856,21835.69921875,3043467,0.0,0.0
2020-03-20 00:00:00+09:00,22984.948021042084,25833.082884519037,22485.27523797595,24933.671875,1747146,0.0,0.0
2020-03-23 00:00:00+09:00,22585.209610536094,24683.83528231157,22185.471387340764,23534.587890625,1105070,0.0,0.0
2020-03-24 00:00:00+09:00,24833.735947283094,27931.70703125,24533.932293995975,27931.70703125,1339304,0.0,0.0
2020-03-25 00:00:00+09:00,29080.954635594124,29880.431051692933,27931.70728745209,29330.791015625,910191,0.0,0.0
2020-03-26 00:00:00+09:00,29230.857956345015,32178.927391258443,28481.348777977193,29580.62890625,1003851,0.0,0.0
2020-03-27 00:00:00+09:00,31079.647317708335,31479.385546875,28381.414270833335,29980.3671875,659002,0.0,0.0
2020-03-30 00:00:00+09:00,28981.01994441106,31329.481905423676,28631.249014047477,31179.580078125,631693,0.0,0.0
2020-03-31 00:00:00+09:00,32278.860848145287,33078.33727782071,31279.515311051004,32328.828125,754584,0.0,0.0
2020-04-01 00:00:00+09:00,32029.024186991872,32778.53333333333,30579.973170731708,30729.875,429515,0.0,0.0
2020-04-02 00:00:00+09:00,30779.843352543718,31579.31980325914,29530.661398300872,31429.41796875,413454,0.0,0.0
2020-04-03 00:00:00+09:00,31429.416940459472,31579.31877006421,30330.136856691413,31129.61328125,321515,0.0,0.0
2020-04-06 00:00:00+09:00,31529.352525089427,31729.22163776828,30929.74518705286,31429.41796875,464985,0.0,0.0
2020-04-07 00:00:00+09:00,32378.796473146747,33777.88027136913,32029.025523591146,33028.37109375,826313,0.0,0.0
2020-04-08 00:00:00+09:00,33078.33837225794,33777.88027136913,32428.76375165469,33028.37109375,412493,0.0,0.0
2020-04-09 00:00:00+09:00,33677.94473510558,33677.94473510558,32578.664639894418,33128.3046875,243107,0.0,0.0
2020-04-10 00:00:00+09:00,33378.13923611111,34627.32109375,32728.564670138887,33727.91015625,701696,0.0,0.0
2020-04-13 00:00:00+09:00,34877.15868837345,34877.15868837345,31779.18757278727,32178.92578125,638827,0.0,0.0
2020-04-14 00:00:00+09:00,32478.730438515868,32778.53410410217,32029.024940136416,32278.861328125,297687,0.0,0.0
2020-04-16 00:00:00+09:00,31829.154848845108,32278.860333365683,31179.580260093167,32178.92578125,301796,0.0,0.0
2020-04-17 00:00:00+09:00,32828.50040690104,33078.33678747106,32128.958541304975,32378.794921875,261470,0.0,0.0
2020-04-20 00:00:00+09:00,32378.795531674208,33478.075626885366,31779.188207013573,33128.3046875,299307,0.0,0.0
2020-04-21 00:00:00+09:00,32978.40321449303,33627.977823263354,31279.515776170665,32278.861328125,409975,0.0,0.0
2020-04-22 00:00:00+09:00,31529.35159633366,31729.220703125,30929.744275959645,31729.220703125,323238,0.0,0.0
2020-04-23 00:00:00+09:00,31929.09032437794,31979.05760188088,31529.352104354428,31879.123046875,183256,0.0,0.0
2020-04-24 00:00:00+09:00,31679.253215783552,31679.253215783552,30380.10403027823,30530.005859375,318345,0.0,0.0
2020-04-27 00:00:00+09:00,30579.973239365972,31229.547834319827,30380.104133226327,31129.61328125,187651,0.0,0.0
2020-04-28 00:00:00+09:00,31179.58155,31879.12344375,30380.105099999997,31229.548828125,298175,0.0,0.0
2020-04-29 00:00:00+09:00,31229.547764227642,31279.515040650407,30629.940447154473,30729.875,182005,0.0,0.0
2020-05-04 00:00:00+09:00,30130.26717601103,31129.61268765319,30080.299900428923,30579.97265625,147320,0.0,0.0
2020-05-06 00:00:00+09:00,30979.71112060547,32128.95846862793,30380.10380859375,31979.056640625,301705,0.0,0.0
2020-05-07 00:00:00+09:00,31779.188013497653,32228.893504254695,31429.417076242178,31929.08984375,177704,0.0,0.0
2020-05-08 00:00:00+09:00,32678.600944010417,37425.49251844618,32378.797265625002,35976.44140625,2925485,0.0,0.0
2020-05-11 00:00:00+09:00,36276.24377523553,37975.13122476447,35476.76732839838,37125.6875,824093,0.0,0.0
2020-05-12 00:00:00+09:00,37725.29437876003,38224.96715198864,36376.17789104278,37375.5234375,587693,0.0,0.0
2020-05-13 00:00:00+09:00,37325.55699018304,40573.43008839174,36975.78604114518,39923.85546875,1075161,0.0,0.0
2020-05-14 00:00:00+09:00,40073.75750165783,40973.16851790451,37675.328125,37675.328125,1220156,0.0,0.0
2020-05-15 00:00:00+09:00,37675.32658347315,38974.47577600671,36426.1446675755,37225.62109375,693973,0.0,0.0
2020-05-18 00:00:00+09:00,36975.785666218035,38175.00033647376,36725.94927658143,37125.6875,389325,0.0,0.0
2020-05-19 00:00:00+09:00,37725.29310476149,37775.26038039694,35776.56935497911,35876.50390625,537477,0.0,0.0
2020-05-20 00:00:00+09:00,36176.30785416666,37675.32613541667,35676.635093749996,37475.45703125,396759,0.0,0.0
2020-05-21 00:00:00+09:00,38025.09797825169,38075.06525548987,36725.94877005912,36975.78515625,264243,0.0,0.0
2020-05-22 00:00:00+09:00,37025.752734375,40273.62578125,36925.818179086535,38974.4765625,1049417,0.0,0.0
2020-05-25 00:00:00+09:00,39574.08401381909,40073.75679177135,38374.86934673366,39773.953125,454878,0.0,0.0
2020-05-26 00:00:00+09:00,40223.65864342485,43571.46625722543,39973.82225433526,43221.6953125,1077882,0.0,0.0
2020-05-27 00:00:00+09:00,43471.53073637543,44271.007163711074,41672.70877487024,43321.62890625,774021,0.0,0.0
2020-05-28 00:00:00+09:00,42871.923997858015,43871.269545593634,38624.70541998164,40823.265625,1426972,0.0,0.0
2020-05-29 00:00:00+09:00,40973.16852812876,41972.51410198556,39723.98656080776,41522.80859375,460744,0.0,0.0
2020-06-01 00:00:00+09:00,41722.67533947173,42572.11902901786,41272.96985677083,41972.51171875,253095,0.0,0.0
2020-06-02 00:00:00+09:00,41822.611235795455,42572.120397727274,41223.00390625,41223.00390625,206360,0.0,0.0
2020-06-03 00:00:00+09:00,41223.002729023974,41572.773661270236,39624.0498958982,40123.72265625,404479,0.0,0.0
2020-06-04 00:00:00+09:00,40073.755755537975,40523.46124406646,39074.41022547468,39474.1484375,356746,0.0,0.0
2020-06-05 00:00:00+09:00,39873.8861328125,42122.413546316966,39624.04975353423,41972.51171875,645767,0.0,0.0
2020-06-08 00:00:00+09:00,42022.48028228274,42022.48028228274,40373.56012851897,40823.265625,352349,0.0,0.0
2020-06-09 00:00:00+09:00,41622.740274044205,41972.51120071685,40323.591117831544,41822.609375,306182,0.0,0.0
2020-06-10 00:00:00+09:00,42322.282724056604,44221.03920990566,41223.00265330189,42372.25,547449,0.0,0.0
2020-06-11 00:00:00+09:00,42372.25007301402,43571.46469772197,41972.51186477804,42771.98828125,383699,0.0,0.0
2020-06-12 00:00:00+09:00,39973.8201911589,41822.609375,39973.8201911589,41822.609375,461452,0.0,0.0
2020-06-15 00:00:00+09:00,41472.839349160204,41822.61028343023,38674.671875,38674.671875,428552,0.0,0.0
2020-06-16 00:00:00+09:00,39973.823302469136,41073.10344328704,39773.95418595679,40473.49609375,316629,0.0,0.0
2020-06-17 00:00:00+09:00,40223.65879858994,42472.18630907012,39873.88785251524,40973.16796875,461139,0.0,0.0
2020-06-18 00:00:00+09:00,41422.87363929206,42472.186481783174,40373.56079680095,42172.3828125,376162,0.0,0.0
2020-06-19 00:00:00+09:00,42971.85914855072,44570.81204710145,41372.90625,41372.90625,792245,0.0,0.0
2020-06-22 00:00:00+09:00,41123.0703125,41722.67765606015,40673.36480482989,41123.0703125,234237,0.0,0.0
2020-06-23 00:00:00+09:00,41223.00280325216,41722.6755645037,40173.690004623924,40523.4609375,216826,0.0,0.0
2020-06-24 00:00:00+09:00,40523.46151725973,42272.31620666059,40473.494240419706,41073.1015625,262658,0.0,0.0
2020-06-25 00:00:00+09:00,40523.461314418855,40973.16680372807,39723.98488898026,39873.88671875,279639,0.0,0.0
2020-06-26 00:00:00+09:00,40323.5940562741,40423.52861403438,37625.360996746465,38874.54296875,552912,0.0,0.0
2020-06-29 00:00:00+09:00,37975.13221153846,38524.77228302125,36875.85206857287,37025.75390625,420231,0.0,0.0
2020-06-30 00:00:00+09:00,37725.29326145266,37775.26053729564,36476.11136537806,36675.98046875,227738,0.0,0.0
2020-07-01 00:00:00+09:00,36975.783519190874,37175.652619294604,36126.33984375,36126.33984375,157278,0.0,0.0
2020-07-02 00:00:00+09:00,36126.339735814145,37975.12890625,36076.3724609375,37975.12890625,182164,0.0,0.0
2020-07-03 00:00:00+09:00,37975.130765374335,38274.9344293115,37275.58888285428,37375.5234375,167008,0.0,0.0
2020-07-06 00:00:00+09:00,37525.425205869935,37725.29431482264,36775.9160472973,36975.78515625,188935,0.0,0.0
2020-07-07 00:00:00+09:00,37075.721185475704,37875.197653087045,36825.88478934716,37025.75390625,169253,0.0,0.0
2020-07-08 00:00:00+09:00,37275.588230881345,37275.588230881345,36326.2099783522,36426.14453125,179622,0.0,0.0
2020-07-09 00:00:00+09:00,36725.94766916322,36725.94766916322,36026.405808798205,36276.2421875,139833,0.0,0.0
2020-07-10 00:00:00+09:00,36026.407270890646,36775.91643741403,35976.43999312242,36326.2109375,126407,0.0,0.0
2020-07-13 00:00:00+09:00,36526.08061272019,37075.72067665989,35726.60415608062,36875.8515625,192959,0.0,0.0
2020-07-14 00:00:00+09:00,36326.2090244528,37575.39090287278,36326.2090244528,36526.078125,126275,0.0,0.0
2020-07-15 00:00:00+09:00,36725.94992897727,39074.412033279215,36725.94992897727,38474.8046875,427468,0.0,0.0
2020-07-16 00:00:00+09:00,38874.543335122195,39274.281569930645,37275.59039588838,37825.23046875,230643,0.0,0.0
2020-07-17 00:00:00+09:00,38474.80444547707,41372.90659851301,38075.066217472115,40323.59375,858538,0.0,0.0
2020-07-20 00:00:00+09:00,40323.59247458584,41872.578059111445,39324.24693618223,41472.83984375,403073,0.0,0.0
2020-07-21 00:00:00+09:00,41572.77541866028,42921.89192864085,40773.29896830144,41772.64453125,568938,0.0,0.0
2020-07-22 00:00:00+09:00,41872.57645604792,43871.2674563366,41472.83825599018,43271.66015625,501636,0.0,0.0
2020-07-23 00:00:00+09:00,45070.48368222489,49567.53859508547,44021.17086922409,46769.37109375,1995486,0.0,0.0
2020-07-24 00:00:00+09:00,46069.830447168504,47169.11056629834,44720.713937327346,45220.38671875,557318,0.0,0.0
2020-07-27 00:00:00+09:00,45220.38555970413,45819.99288204275,43771.33453071914,44121.10546875,327264,0.0,0.0
2020-07-28 00:00:00+09:00,43671.402027962344,45120.453125,42722.02372300664,45120.453125,422799,0.0,0.0
2020-07-29 00:00:00+09:00,46019.861067854144,46569.50110232363,44620.77734375,44620.77734375,322991,0.0,0.0
2020-07-30 00:00:00+09:00,45170.41703597497,47968.58446298227,44570.80973018769,47918.6171875,999807,0.0,0.0
2020-07-31 00:00:00+09:00,48867.99744450935,49367.67022001558,46819.339064933796,48118.48828125,785743,0.0,0.0
2020-08-03 00:00:00+09:00,48867.9984228668,49817.37671533559,47968.58740894901,48018.5546875,421431,0.0,0.0
2020-08-04 00:00:00+09:00,47668.783737643076,49417.63848692768,47668.783737643076,48018.5546875,264706,0.0,0.0
2020-08-05 00:00:00+09:00,48418.29031766141,50766.75228353353,48118.4866624437,49917.30859375,588079,0.0,0.0
2020-08-06 00:00:00+09:00,49917.310535861136,53864.72548314145,49017.89953521499,53165.18359375,1065984,0.0,0.0
2020-08-07 00:00:00+09:00,53165.18408890845,57362.435464348586,52065.903966769365,56762.828125,731829,0.0,0.0
2020-08-10 00:00:00+09:00,56762.82740384615,58961.387620192305,56263.15462740384,58461.71484375,565672,0.0,0.0
2020-08-11 00:00:00+09:00,59361.12343194938,59361.12343194938,54764.13407526643,56263.15234375,817811,0.0,0.0
2020-08-12 00:00:00+09:00,55263.809200402466,55463.67831143466,51965.968868371216,52765.4453125,986917,0.0,0.0
2020-08-13 00:00:00+09:00,53464.98636085894,55863.415655551675,52965.313591131286,53664.85546875,581638,0.0,0.0
2020-08-14 00:00:00+09:00,53964.66015625,55063.94027054398,52765.44548611111,53964.66015625,316831,0.0,0.0
2020-08-18 00:00:00+09:00,54164.52950141171,54564.26772651437,47868.65245604466,48668.12890625,659960,0.0,0.0
2020-08-19 00:00:00+09:00,49467.60395423465,53365.05153850768,49367.66940079175,52065.90234375,579604,0.0,0.0
2020-08-20 00:00:00+09:00,51666.16310479006,53464.985031069016,49467.60297267133,51766.09765625,527951,0.0,0.0
2020-08-21 00:00:00+09:00,52065.90421723301,53265.118901699025,50267.082190533976,51466.296875,519762,0.0,0.0
2020-08-24 00:00:00+09:00,50866.68908514493,55863.41689311594,50666.81997282609,55163.875,715878,0.0,0.0
2020-08-25 00:00:00+09:00,55763.481793244406,58461.7147832401,54864.07079657917,58061.9765625,828438,0.0,0.0
2020-08-26 00:00:00+09:00,58061.97662259615,58561.64939903846,56063.28551682692,58461.71484375,481065,0.0,0.0
2020-08-27 00:00:00+09:00,57662.236365231,58661.581882825994,56562.95629587651,57862.10546875,452666,0.0,0.0
2020-08-28 00:00:00+09:00,58561.64769407346,61259.88060830551,57462.36761790484,59860.796875,652642,0.0,0.0
2020-08-31 00:00:00+09:00,60460.40495680461,60860.14317139505,57562.30290102389,58561.6484375,479418,0.0,0.0
2020-09-01 00:00:00+09:00,58061.97449728261,58261.84360054348,56463.02167119565,57462.3671875,395278,0.0,0.0
2020-09-02 00:00:00+09:00,59261.19024511383,64557.72158236684,56363.088192654635,58161.91015625,1797174,0.0,0.0
2020-09-03 00:00:00+09:00,58961.385461956525,59461.0582201087,57062.62898097826,57462.3671875,451039,0.0,0.0
2020-09-04 00:00:00+09:00,54864.06935369318,56163.21853693182,54364.39659090909,54964.00390625,495956,0.0,0.0
2020-09-07 00:00:00+09:00,54564.26631911626,54864.069980210304,51866.03336926985,52865.37890625,523136,0.0,0.0
2020-09-08 00:00:00+09:00,53764.790338868945,58761.51806552963,53564.921229802516,55663.546875,833358,0.0,0.0
2020-09-09 00:00:00+09:00,54464.330927625466,55163.872792750924,53564.919958178434,53764.7890625,277617,0.0,0.0
2020-09-10 00:00:00+09:00,53964.65744101633,56662.890313067146,53964.65744101633,55063.9375,384266,0.0,0.0
2020-09-11 00:00:00+09:00,54864.07024799311,54964.0048021789,52665.51005590596,54464.33203125,340041,0.0,0.0
2020-09-14 00:00:00+09:00,54864.07127480612,55363.74405508668,53664.85660213276,54764.13671875,262106,0.0,0.0
2020-09-15 00:00:00+09:00,54964.00387385987,60260.53515625,54464.33111137023,60260.53515625,1243717,0.0,0.0
2020-09-16 00:00:00+09:00,60660.27406409983,60660.27406409983,57862.10656196673,58561.6484375,545138,0.0,0.0
2020-09-17 00:00:00+09:00,58561.64902239305,58661.58357703877,54864.07050050134,56063.28515625,495945,0.0,0.0
2020-09-18 00:00:00+09:00,56063.28419706405,56762.82606761566,54564.265903024905,56163.21875,253610,0.0,0.0
2020-09-21 00:00:00+09:00,56163.22038483796,57962.04239004629,52865.380041956014,53964.66015625,381693,0.0,0.0
2020-09-22 00:00:00+09:00,53964.658644400784,54364.39685658153,49967.27652259332,50866.6875,449959,0.0,0.0
2020-09-23 00:00:00+09:00,51866.03181475904,52265.77001757028,49117.831670431726,49767.40625,415770,0.0,0.0
2020-09-24 00:00:00+09:00,47968.58532934132,51766.09833458084,47169.10890718563,50067.2109375,669544,0.0,0.0
2020-09-25 00:00:00+09:00,50566.88410714286,54964.00446428572,49867.34223214286,52465.640625,621040,0.0,0.0
2020-09-28 00:00:00+09:00,52965.313591131286,55263.80833187849,52865.379037185754,53664.85546875,398538,0.0,0.0
2020-09-29 00:00:00+09:00,54264.46203835227,55563.61122159091,51866.032776988635,54964.00390625,289985,0.0,0.0
2020-10-05 00:00:00+09:00,55263.80667933558,56862.7594946509,54064.592067849095,55463.67578125,341528,0.0,0.0
2020-10-06 00:00:00+09:00,55963.35150629496,57062.631625168615,54964.005943682554,55563.61328125,236825,0.0,0.0
2020-10-07 00:00:00+09:00,55263.807331324024,59261.18941677242,55263.807331324024,59061.3203125,777306,0.0,0.0
2020-10-08 00:00:00+09:00,60260.53464619825,62958.76754080414,59960.73099124203,62758.8984375,1177362,0.0,0.0
2020-10-12 00:00:00+09:00,63358.50903825431,63358.50903825431,57562.30474137931,57962.04296875,782870,0.0,0.0
2020-10-13 00:00:00+09:00,58361.779396186445,59960.732256355936,55963.35010593221,58961.38671875,528424,0.0,0.0
2020-10-14 00:00:00+09:00,58761.51726973684,59660.92824835526,56762.82620614035,56962.6953125,296051,0.0,0.0
2020-10-15 00:00:00+09:00,57962.039635509835,58061.97418660554,53664.85393839445,55863.4140625,470534,0.0,0.0
2020-10-16 00:00:00+09:00,55763.48123566514,56063.284898222475,53165.18282683486,54464.33203125,305943,0.0,0.0
2020-10-19 00:00:00+09:00,54464.33358616505,55063.94092839806,51266.42776092233,51466.296875,458227,0.0,0.0
2020-10-20 00:00:00+09:00,50466.94929466652,56562.95703125,50466.94929466652,56562.95703125,479992,0.0,0.0
2020-10-21 00:00:00+09:00,56363.08967391304,56662.893342391304,54764.13677536231,55163.875,310724,0.0,0.0
2020-10-22 00:00:00+09:00,55063.93816567182,55063.93816567182,52265.77070897706,53365.05078125,293007,0.0,0.0
2020-10-23 00:00:00+09:00,53964.657950129535,57962.0400205095,53265.11608781304,57862.10546875,801286,0.0,0.0
2020-10-26 00:00:00+09:00,57862.10593039772,59361.124218749996,53365.05106534091,54964.00390625,554485,0.0,0.0
2020-10-27 00:00:00+09:00,53664.8554027908,54664.20094101782,52165.83709545028,53265.1171875,698802,0.0,0.0
2020-10-28 00:00:00+09:00,52965.3127162131,54664.20010522371,52165.83629785517,54164.52734375,332363,0.0,0.0
2020-10-29 00:00:00+09:00,51866.033497730445,54664.20100820531,51666.16438983938,53664.85546875,333558,0.0,0.0
2020-10-30 00:00:00+09:00,54364.3962264151,55863.41450471698,52765.443396226416,52965.3125,443122,0.0,0.0
2020-11-02 00:00:00+09:00,53265.11725296787,54864.070116096365,52665.50992929469,53664.85546875,232265,0.0,0.0
2020-11-03 00:00:00+09:00,53664.855533733826,54564.26652033271,53165.182763401106,54064.59375,253180,0.0,0.0
2020-11-04 00:00:00+09:00,54364.39659090909,54964.00390625,53065.24740767045,54964.00390625,243449,0.0,0.0
2020-11-05 00:00:00+09:00,54964.00325176367,58061.97434413581,54664.199597663144,56662.890625,600122,0.0,0.0
2020-11-06 00:00:00+09:00,57062.631387442125,57162.56594328703,53564.92193287037,53964.66015625,565193,0.0,0.0
2020-11-09 00:00:00+09:00,54464.331900314246,55163.87377793296,53664.85546875,53664.85546875,311158,0.0,0.0
2020-11-10 00:00:00+09:00,53764.79092751409,54064.59459439614,52665.51081561325,53165.18359375,248403,0.0,0.0
2020-11-11 00:00:00+09:00,53265.115509312156,55263.80652279479,52865.37730661563,54664.19921875,437938,0.0,0.0
2020-11-12 00:00:00+09:00,55263.80907451923,58961.387620192305,54964.005408653844,58461.71484375,1003610,0.0,0.0
2020-11-13 00:00:00+09:00,57862.10819065825,58461.71552942155,52165.83847240692,56363.08984375,1487588,0.0,0.0
2020-11-16 00:00:00+09:00,55963.348536036036,56363.08673986486,54564.26482263513,55463.67578125,326984,0.0,0.0
2020-11-17 00:00:00+09:00,54964.00583086223,56862.76239592838,53964.6602703011,54764.13671875,266221,0.0,0.0
2020-11-18 00:00:00+09:00,55363.743335176994,57262.4998755531,54764.13600663717,56463.0234375,412779,0.0,0.0
2020-11-19 00:00:00+09:00,56562.95689124104,56662.89144405242,54964.00404625896,55763.48046875,261329,0.0,0.0
2020-11-20 00:00:00+09:00,55963.34883975482,58461.71262724387,55963.34883975482,57062.62890625,630494,0.0,0.0
2020-11-23 00:00:00+09:00,57762.17258522727,58061.97624916444,55363.743273729946,56063.28515625,553536,0.0,0.0
2020-11-24 00:00:00+09:00,56063.28611886161,56662.89345703125,54564.267773437496,55963.3515625,406060,0.0,0.0
2020-11-25 00:00:00+09:00,56363.08869235986,56562.95780119801,54964.00493049277,55263.80859375,243993,0.0,0.0
2020-11-26 00:00:00+09:00,55063.93967090708,57262.4998755531,55063.93967090708,56463.0234375,341057,0.0,0.0
2020-11-27 00:00:00+09:00,56862.76201719016,59560.995012733445,56562.95835101868,58861.453125,798742,0.0,0.0
2020-11-30 00:00:00+09:00,58961.38755916523,59161.25666953529,57262.500121019795,58061.9765625,365219,0.0,0.0
2020-12-01 00:00:00+09:00,58061.9758635556,59960.73238921405,56762.826661789295,59760.86328125,591080,0.0,0.0
2020-12-02 00:00:00+09:00,60460.40705500422,61959.42541173986,58961.38869826858,59161.2578125,742639,0.0,0.0
2020-12-03 00:00:00+09:00,59461.05823298168,62858.83298915207,58161.909061504775,62758.8984375,1000136,0.0,0.0
2020-12-04 00:00:00+09:00,62658.96388584792,64157.98216062898,61759.552920979295,62758.8984375,774191,0.0,0.0
2020-12-07 00:00:00+09:00,62858.83320922851,65457.1315612793,60160.60030517578,63958.11328125,869787,0.0,0.0
2020-12-08 00:00:00+09:00,66156.6748208899,68854.90778186274,64257.91829279788,66256.609375,1485259,0.0,0.0
2020-12-09 00:00:00+09:00,66856.2131908858,68655.03507046119,64757.58766471449,68255.296875,881005,0.0,0.0
2020-12-10 00:00:00+09:00,67555.75520079595,69854.24983040884,66956.14790611433,69054.7734375,582387,0.0,0.0
2020-12-11 00:00:00+09:00,69154.709602526,69454.51325687222,65956.80395616642,67255.953125,567925,0.0,0.0
2020-12-14 00:00:00+09:00,67655.69028684702,69954.1849347015,65956.80293843284,66956.1484375,536337,0.0,0.0
2020-12-15 00:00:00+09:00,66556.409375,67555.75486111111,65656.99843749999,67455.8203125,441947,0.0,0.0
2020-12-16 00:00:00+09:00,67555.76065022421,68255.30255044842,65756.93862107623,66856.21875,586927,0.0,0.0
2020-12-17 00:00:00+09:00,66256.60820072853,67455.82282879601,63958.113496932514,65157.328125,627753,0.0,0.0
2020-12-18 00:00:00+09:00,68954.84363544722,71453.20753528226,66256.61062362537,68155.3671875,2757326,0.0,0.0
2020-12-21 00:00:00+09:00,69254.64653287246,88542.015625,68854.9083133465,88542.015625,8690073,0.0,0.0
2020-12-22 00:00:00+09:00,91040.37539859694,95637.36471619898,77649.14564732143,78348.6875,7376528,0.0,0.0
2020-12-23 00:00:00+09:00,79048.23392210144,83145.55072463768,73751.70244565218,75850.328125,2688573,0.0,0.0
2020-12-24 00:00:00+09:00,75250.71875,77549.21347941567,72452.55125332005,75250.71875,1416236,0.0,0.0
2020-12-28 00:00:00+09:00,75250.71989528796,81246.79319371727,75150.78534031413,76350.0,2338479,0.0,0.0
2020-12-29 00:00:00+09:00,79800.0,81200.0,78700.0,79100.0,1222595,50.0,0.0
2020-12-30 00:00:00+09:00,80000.0,82700.0,77600.0,82100.0,1218293,0.0,0.0
2021-01-04 00:00:00+09:00,83200.0,83200.0,79800.0,81800.0,882572,0.0,0.0
2021-01-05 00:00:00+09:00,80400.0,81300.0,76800.0,78700.0,876202,0.0,0.0
2021-01-06 00:00:00+09:00,78600.0,82700.0,78400.0,79200.0,927238,0.0,0.0
2021-01-07 00:00:00+09:00,78900.0,80000.0,76800.0,78000.0,675129,0.0,0.0
2021-01-08 00:00:00+09:00,78000.0,78100.0,74700.0,75600.0,789096,0.0,0.0
2021-01-11 00:00:00+09:00,74000.0,74700.0,68800.0,71500.0,1136798,0.0,0.0
2021-01-12 00:00:00+09:00,71600.0,73000.0,68000.0,69500.0,567640,0.0,0.0
2021-01-13 00:00:00+09:00,69700.0,73500.0,69700.0,70800.0,658333,0.0,0.0
2021-01-14 00:00:00+09:00,71400.0,71500.0,69200.0,70000.0,277209,0.0,0.0
2021-01-15 00:00:00+09:00,69700.0,71200.0,67000.0,67000.0,479705,0.0,0.0
2021-01-18 00:00:00+09:00,66000.0,68600.0,64900.0,67200.0,534982,0.0,0.0
2021-01-19 00:00:00+09:00,66600.0,68000.0,64000.0,66800.0,624295,0.0,0.0
2021-01-20 00:00:00+09:00,67300.0,70000.0,65900.0,69000.0,540297,0.0,0.0
2021-01-21 00:00:00+09:00,70200.0,70200.0,66800.0,67100.0,388638,0.0,0.0
2021-01-22 00:00:00+09:00,67700.0,67700.0,64800.0,64900.0,427822,0.0,0.0
2021-01-25 00:00:00+09:00,64800.0,67300.0,63200.0,67200.0,385125,0.0,0.0
2021-01-26 00:00:00+09:00,67900.0,68100.0,65100.0,65500.0,346425,0.0,0.0
2021-01-27 00:00:00+09:00,65500.0,65500.0,61800.0,61900.0,548205,0.0,0.0
2021-01-28 00:00:00+09:00,60100.0,62800.0,59400.0,60700.0,438294,0.0,0.0
2021-01-29 00:00:00+09:00,61200.0,62700.0,59600.0,60300.0,450226,0.0,0.0
2021-02-01 00:00:00+09:00,60300.0,64100.0,59700.0,63000.0,372852,0.0,0.0
2021-02-02 00:00:00+09:00,63800.0,64300.0,62000.0,62900.0,229898,0.0,0.0
2021-02-03 00:00:00+09:00,63300.0,63800.0,61000.0,61800.0,306858,0.0,0.0
2021-02-04 00:00:00+09:00,62000.0,62500.0,60000.0,60700.0,279586,0.0,0.0
2021-02-05 00:00:00+09:00,61100.0,61500.0,58600.0,60400.0,380047,0.0,0.0
2021-02-08 00:00:00+09:00,59400.0,60100.0,56400.0,57400.0,468721,0.0,0.0
2021-02-09 00:00:00+09:00,58000.0,62000.0,57900.0,60800.0,574734,0.0,0.0
2021-02-10 00:00:00+09:00,60500.0,63300.0,59000.0,62600.0,393820,0.0,0.0
2021-02-15 00:00:00+09:00,62900.0,64100.0,61400.0,62700.0,298760,0.0,0.0
2021-02-16 00:00:00+09:00,62800.0,62800.0,59700.0,60100.0,357908,0.0,0.0
2021-02-17 00:00:00+09:00,60500.0,60500.0,58500.0,59000.0,199913,0.0,0.0
2021-02-18 00:00:00+09:00,59000.0,61200.0,58800.0,60000.0,256043,0.0,0.0
2021-02-19 00:00:00+09:00,59700.0,61200.0,57600.0,61100.0,316722,0.0,0.0
2021-02-22 00:00:00+09:00,61600.0,65500.0,60800.0,63800.0,673399,0.0,0.0
2021-02-23 00:00:00+09:00,63000.0,63700.0,61200.0,62900.0,262851,0.0,0.0
2021-02-24 00:00:00+09:00,63300.0,65200.0,60500.0,60500.0,659743,0.0,0.0
2021-02-25 00:00:00+09:00,61900.0,65700.0,61900.0,64600.0,603833,0.0,0.0
2021-02-26 00:00:00+09:00,62500.0,66200.0,62300.0,65800.0,416161,0.0,0.0
2021-03-02 00:00:00+09:00,66600.0,67200.0,64600.0,65300.0,351255,0.0,0.0
2021-03-03 00:00:00+09:00,65300.0,66000.0,62400.0,63100.0,289054,0.0,0.0
2021-03-04 00:00:00+09:00,62300.0,62300.0,58700.0,59000.0,499012,0.0,0.0
2021-03-05 00:00:00+09:00,57600.0,58500.0,53500.0,55800.0,821467,0.0,0.0
2021-03-08 00:00:00+09:00,55800.0,56300.0,50900.0,52000.0,492457,0.0,0.0
2021-03-09 00:00:00+09:00,52000.0,52500.0,49850.0,51600.0,433381,0.0,0.0
2021-03-10 00:00:00+09:00,52500.0,56000.0,52400.0,54000.0,484549,0.0,0.0
2021-03-11 00:00:00+09:00,53600.0,54900.0,52900.0,53900.0,199837,0.0,0.0
2021-03-12 00:00:00+09:00,54600.0,57900.0,54000.0,57100.0,297914,0.0,0.0
2021-03-15 00:00:00+09:00,56800.0,56900.0,55500.0,55700.0,122320,0.0,0.0
2021-03-16 00:00:00+09:00,56600.0,58400.0,56000.0,57700.0,160714,0.0,0.0
2021-03-17 00:00:00+09:00,58100.0,58700.0,56900.0,58200.0,131815,0.0,0.0
2021-03-18 00:00:00+09:00,59000.0,60000.0,57300.0,58100.0,198815,0.0,0.0
2021-03-19 00:00:00+09:00,56500.0,60200.0,56400.0,59300.0,337677,0.0,0.0
2021-03-22 00:00:00+09:00,59700.0,60400.0,58300.0,59500.0,158615,0.0,0.0
2021-03-23 00:00:00+09:00,60100.0,60100.0,57400.0,57400.0,176767,0.0,0.0
2021-03-24 00:00:00+09:00,57500.0,58500.0,54000.0,54600.0,413164,0.0,0.0
2021-03-25 00:00:00+09:00,54100.0,55200.0,53300.0,55000.0,235326,0.0,0.0
2021-03-26 00:00:00+09:00,55700.0,57300.0,53900.0,54000.0,329113,0.0,0.0
2021-03-29 00:00:00+09:00,53800.0,55000.0,53300.0,53800.0,145893,0.0,0.0
2021-03-30 00:00:00+09:00,53700.0,54200.0,52700.0,53100.0,141752,0.0,0.0
2021-03-31 00:00:00+09:00,52800.0,53500.0,50500.0,51000.0,448613,0.0,0.0
2021-04-01 00:00:00+09:00,51800.0,51800.0,49950.0,51300.0,241826,0.0,0.0
2021-04-02 00:00:00+09:00,51500.0,52800.0,50500.0,52400.0,223247,0.0,0.0
2021-04-05 00:00:00+09:00,54200.0,55600.0,51100.0,52300.0,779895,0.0,0.0
2021-04-06 00:00:00+09:00,52300.0,52300.0,50500.0,50900.0,224488,0.0,0.0
2021-04-07 00:00:00+09:00,50900.0,51600.0,50100.0,50600.0,115367,0.0,0.0
2021-04-08 00:00:00+09:00,51600.0,52900.0,50200.0,51900.0,358859,0.0,0.0
2021-04-09 00:00:00+09:00,52500.0,55400.0,52300.0,54400.0,600289,0.0,0.0
2021-04-12 00:00:00+09:00,54500.0,55500.0,53100.0,55000.0,257708,0.0,0.0
2021-04-13 00:00:00+09:00,55000.0,55100.0,53700.0,53900.0,197570,0.0,0.0
2021-04-14 00:00:00+09:00,54100.0,57300.0,53900.0,55300.0,490555,0.0,0.0
2021-04-15 00:00:00+09:00,55600.0,55800.0,53300.0,53600.0,288094,0.0,0.0
2021-04-16 00:00:00+09:00,54000.0,54200.0,53000.0,53400.0,157520,0.0,0.0
2021-04-19 00:00:00+09:00,54200.0,55600.0,53700.0,54400.0,255225,0.0,0.0
2021-04-20 00:00:00+09:00,54700.0,54700.0,53300.0,54400.0,147217,0.0,0.0
2021-04-21 00:00:00+09:00,54000.0,54900.0,53000.0,53300.0,195479,0.0,0.0
2021-04-22 00:00:00+09:00,53800.0,53800.0,52800.0,53300.0,110619,0.0,0.0
2021-04-23 00:00:00+09:00,53300.0,53400.0,52400.0,52600.0,126386,0.0,0.0
2021-04-26 00:00:00+09:00,52800.0,57000.0,51800.0,53100.0,368973,0.0,0.0
2021-04-27 00:00:00+09:00,53100.0,53300.0,52000.0,52200.0,152619,0.0,0.0
2021-04-28 00:00:00+09:00,52300.0,52800.0,50200.0,50400.0,227277,0.0,0.0
2021-04-29 00:00:00+09:00,50500.0,51500.0,50000.0,50500.0,117961,0.0,0.0
2021-04-30 00:00:00+09:00,50400.0,51800.0,50300.0,51800.0,143787,0.0,0.0
2021-05-03 00:00:00+09:00,51400.0,54000.0,48250.0,53400.0,920808,0.0,0.0
2021-05-04 00:00:00+09:00,54700.0,55200.0,50800.0,52500.0,550059,0.0,0.0
2021-05-06 00:00:00+09:00,52900.0,55500.0,51100.0,54400.0,911015,0.0,0.0
2021-05-07 00:00:00+09:00,58800.0,61200.0,55000.0,55500.0,2514757,0.0,0.0
2021-05-10 00:00:00+09:00,57100.0,61100.0,56400.0,59900.0,1489351,0.0,0.0
2021-05-11 00:00:00+09:00,58900.0,59000.0,56400.0,56900.0,654932,0.0,0.0
2021-05-12 00:00:00+09:00,56300.0,59400.0,54300.0,58100.0,918674,0.0,0.0
2021-05-13 00:00:00+09:00,56500.0,58000.0,56100.0,56400.0,373052,0.0,0.0
2021-05-14 00:00:00+09:00,56500.0,57500.0,55500.0,56200.0,223412,0.0,0.0
2021-05-17 00:00:00+09:00,56500.0,60500.0,56500.0,59400.0,811566,0.0,0.0
2021-05-18 00:00:00+09:00,60800.0,63500.0,58500.0,62400.0,1096789,0.0,0.0
2021-05-20 00:00:00+09:00,61900.0,63100.0,60300.0,60400.0,442135,0.0,0.0
2021-05-21 00:00:00+09:00,61000.0,61900.0,57400.0,57600.0,548722,0.0,0.0
2021-05-24 00:00:00+09:00,57400.0,58500.0,56100.0,56600.0,179814,0.0,0.0
2021-05-25 00:00:00+09:00,56600.0,62200.0,56500.0,58500.0,766243,0.0,0.0
2021-05-26 00:00:00+09:00,58500.0,58600.0,56200.0,56500.0,350499,0.0,0.0
2021-05-27 00:00:00+09:00,56700.0,56900.0,54000.0,54500.0,392165,0.0,0.0
2021-05-28 00:00:00+09:00,55000.0,55500.0,54300.0,54300.0,167339,0.0,0.0
2021-05-31 00:00:00+09:00,54600.0,55100.0,52800.0,53100.0,261472,0.0,0.0
2021-06-01 00:00:00+09:00,52800.0,53800.0,52400.0,53400.0,145516,0.0,0.0
2021-06-02 00:00:00+09:00,53700.0,54100.0,52200.0,52400.0,220751,0.0,0.0
2021-06-03 00:00:00+09:00,52500.0,53700.0,52300.0,52900.0,180913,0.0,0.0
2021-06-04 00:00:00+09:00,52700.0,53400.0,52300.0,52800.0,119762,0.0,0.0
2021-06-07 00:00:00+09:00,52800.0,53400.0,52500.0,52900.0,121554,0.0,0.0
2021-06-08 00:00:00+09:00,52700.0,53500.0,52600.0,52700.0,115444,0.0,0.0
2021-06-09 00:00:00+09:00,52800.0,52900.0,50700.0,50800.0,320864,0.0,0.0
2021-06-10 00:00:00+09:00,51300.0,53700.0,51000.0,52400.0,368576,0.0,0.0
2021-06-11 00:00:00+09:00,53000.0,54200.0,52500.0,52700.0,172717,0.0,0.0
2021-06-14 00:00:00+09:00,52900.0,53200.0,51700.0,52400.0,133548,0.0,0.0
2021-06-15 00:00:00+09:00,52600.0,52700.0,51800.0,51800.0,90161,0.0,0.0
2021-06-16 00:00:00+09:00,51600.0,52300.0,51500.0,51600.0,97990,0.0,0.0
2021-06-17 00:00:00+09:00,51200.0,53900.0,51100.0,53500.0,221582,0.0,0.0
2021-06-18 00:00:00+09:00,53600.0,53700.0,52900.0,53600.0,121184,0.0,0.0
2021-06-21 00:00:00+09:00,53500.0,53600.0,52200.0,52200.0,157045,0.0,0.0
2021-06-22 00:00:00+09:00,52300.0,53900.0,52000.0,53400.0,167379,0.0,0.0
2021-06-23 00:00:00+09:00,53500.0,54600.0,53300.0,53900.0,481533,0.0,0.0
2021-06-24 00:00:00+09:00,54700.0,55300.0,53000.0,53000.0,225233,0.0,0.0
2021-06-25 00:00:00+09:00,53000.0,53200.0,51900.0,52500.0,207293,0.0,0.0
2021-06-28 00:00:00+09:00,52500.0,52700.0,51700.0,52400.0,96875,0.0,0.0
2021-06-29 00:00:00+09:00,52100.0,54600.0,52100.0,53400.0,283238,0.0,0.0
2021-06-30 00:00:00+09:00,53400.0,54900.0,52800.0,54400.0,217869,0.0,0.0
2021-07-01 00:00:00+09:00,54600.0,55900.0,54100.0,55500.0,280999,0.0,0.0
2021-07-02 00:00:00+09:00,55800.0,56200.0,54500.0,55100.0,177975,0.0,0.0
2021-07-05 00:00:00+09:00,56000.0,59900.0,55900.0,58400.0,870723,0.0,0.0
2021-07-06 00:00:00+09:00,59400.0,59600.0,57100.0,57600.0,401119,0.0,0.0
2021-07-07 00:00:00+09:00,57400.0,58300.0,55800.0,56100.0,241129,0.0,0.0
2021-07-08 00:00:00+09:00,55600.0,56600.0,54100.0,54700.0,278414,0.0,0.0
2021-07-09 00:00:00+09:00,54500.0,54600.0,52500.0,53100.0,257106,0.0,0.0
2021-07-12 00:00:00+09:00,53300.0,53600.0,52800.0,53100.0,90754,0.0,0.0
2021-07-13 00:00:00+09:00,52700.0,54700.0,52700.0,54500.0,190912,0.0,0.0
2021-07-14 00:00:00+09:00,54000.0,54200.0,53100.0,53200.0,132339,0.0,0.0
2021-07-15 00:00:00+09:00,53400.0,54500.0,53300.0,53900.0,106367,0.0,0.0
2021-07-16 00:00:00+09:00,53600.0,53700.0,51700.0,52400.0,222534,0.0,0.0
2021-07-19 00:00:00+09:00,52100.0,52700.0,51800.0,52000.0,134326,0.0,0.0
2021-07-20 00:00:00+09:00,51500.0,52800.0,51400.0,52200.0,152530,0.0,0.0
2021-07-21 00:00:00+09:00,52200.0,52800.0,52100.0,52500.0,98902,0.0,0.0
2021-07-22 00:00:00+09:00,52300.0,52800.0,51300.0,51600.0,192336,0.0,0.0
2021-07-23 00:00:00+09:00,51600.0,51900.0,51400.0,51700.0,100558,0.0,0.0
2021-07-26 00:00:00+09:00,52400.0,55300.0,51300.0,51800.0,559767,0.0,0.0
2021-07-27 00:00:00+09:00,51900.0,52300.0,51100.0,51400.0,166200,0.0,0.0
2021-07-28 00:00:00+09:00,51000.0,51600.0,50600.0,51000.0,145871,0.0,0.0
2021-07-29 00:00:00+09:00,51000.0,57800.0,51000.0,55900.0,1863415,0.0,0.0
2021-07-30 00:00:00+09:00,55900.0,57500.0,55300.0,56100.0,556617,0.0,0.0
2021-08-02 00:00:00+09:00,55700.0,64600.0,52400.0,64600.0,3020604,0.0,0.0
2021-08-03 00:00:00+09:00,62000.0,63800.0,58100.0,58700.0,2379899,0.0,0.0
2021-08-04 00:00:00+09:00,59600.0,61100.0,56300.0,57100.0,1022749,0.0,0.0
2021-08-05 00:00:00+09:00,57200.0,58800.0,56200.0,56400.0,552480,0.0,0.0
2021-08-06 00:00:00+09:00,56300.0,57400.0,55600.0,55800.0,348712,0.0,0.0
2021-08-09 00:00:00+09:00,55800.0,55900.0,53500.0,54200.0,452773,0.0,0.0
2021-08-10 00:00:00+09:00,54200.0,57700.0,54200.0,55700.0,669648,0.0,0.0
2021-08-11 00:00:00+09:00,55700.0,58700.0,54700.0,57600.0,780753,0.0,0.0
2021-08-12 00:00:00+09:00,57200.0,58600.0,56100.0,56400.0,313926,0.0,0.0
2021-08-13 00:00:00+09:00,56300.0,57600.0,54800.0,55300.0,265445,0.0,0.0
2021-08-17 00:00:00+09:00,55100.0,57000.0,54300.0,55300.0,320832,0.0,0.0
2021-08-18 00:00:00+09:00,54900.0,55800.0,54300.0,54300.0,244371,0.0,0.0
2021-08-19 00:00:00+09:00,54000.0,59000.0,52700.0,56700.0,1122664,0.0,0.0
2021-08-20 00:00:00+09:00,57000.0,58000.0,55200.0,56100.0,537484,0.0,0.0
2021-08-23 00:00:00+09:00,56600.0,60500.0,55600.0,59200.0,942675,0.0,0.0
2021-08-24 00:00:00+09:00,59100.0,60900.0,58300.0,59200.0,639763,0.0,0.0
2021-08-25 00:00:00+09:00,59000.0,62700.0,58400.0,61500.0,977894,0.0,0.0
2021-08-26 00:00:00+09:00,61700.0,62200.0,55200.0,55400.0,1349885,0.0,0.0
2021-08-27 00:00:00+09:00,55100.0,55800.0,53500.0,54900.0,383945,0.0,0.0
2021-08-30 00:00:00+09:00,54800.0,55500.0,53200.0,53200.0,437995,0.0,0.0
2021-08-31 00:00:00+09:00,53500.0,55400.0,53000.0,55300.0,376336,0.0,0.0
2021-09-01 00:00:00+09:00,54400.0,55900.0,54400.0,55400.0,167644,0.0,0.0
2021-09-02 00:00:00+09:00,55400.0,55400.0,54300.0,54600.0,169366,0.0,0.0
2021-09-03 00:00:00+09:00,55500.0,55600.0,53500.0,53800.0,238551,0.0,0.0
2021-09-06 00:00:00+09:00,53800.0,55100.0,53700.0,54800.0,220635,0.0,0.0
2021-09-07 00:00:00+09:00,54600.0,54900.0,53400.0,53800.0,184704,0.0,0.0
2021-09-08 00:00:00+09:00,53600.0,53800.0,52100.0,52700.0,330043,0.0,0.0
2021-09-09 00:00:00+09:00,52700.0,53100.0,52100.0,52400.0,196588,0.0,0.0
2021-09-10 00:00:00+09:00,52500.0,53000.0,51500.0,52200.0,179347,0.0,0.0
2021-09-13 00:00:00+09:00,51800.0,52400.0,50900.0,51500.0,293962,0.0,0.0
2021-09-14 00:00:00+09:00,51300.0,52400.0,51000.0,51600.0,160188,0.0,0.0
2021-09-15 00:00:00+09:00,51600.0,52300.0,51400.0,51800.0,116237,0.0,0.0
2021-09-16 00:00:00+09:00,51700.0,52000.0,50800.0,50900.0,190062,0.0,0.0
2021-09-17 00:00:00+09:00,51300.0,51800.0,50500.0,51700.0,127901,0.0,0.0
2021-09-23 00:00:00+09:00,51000.0,53100.0,50800.0,51600.0,190914,0.0,0.0
2021-09-24 00:00:00+09:00,52100.0,52200.0,50800.0,51100.0,183181,0.0,0.0
2021-09-27 00:00:00+09:00,50800.0,51600.0,50600.0,50600.0,150125,0.0,0.0
2021-09-28 00:00:00+09:00,50600.0,51000.0,47900.0,48700.0,485800,0.0,0.0
2021-09-29 00:00:00+09:00,46950.0,48100.0,46550.0,47750.0,286838,0.0,0.0
2021-09-30 00:00:00+09:00,47300.0,50600.0,47300.0,49800.0,273350,0.0,0.0
2021-10-01 00:00:00+09:00,48750.0,49850.0,48500.0,48650.0,136116,0.0,0.0
2021-10-05 00:00:00+09:00,48300.0,48950.0,40800.0,41700.0,871417,0.0,0.0
2021-10-06 00:00:00+09:00,41750.0,43600.0,40000.0,40150.0,490327,0.0,0.0
2021-10-07 00:00:00+09:00,40300.0,43600.0,40300.0,42600.0,346619,0.0,0.0
2021-10-08 00:00:00+09:00,43450.0,44350.0,42200.0,43550.0,205799,0.0,0.0
2021-10-12 00:00:00+09:00,42950.0,44100.0,42550.0,43500.0,131592,0.0,0.0
2021-10-13 00:00:00+09:00,43300.0,45050.0,43300.0,44550.0,114451,0.0,0.0
2021-10-14 00:00:00+09:00,45000.0,47200.0,44600.0,46850.0,195924,0.0,0.0
2021-10-15 00:00:00+09:00,47400.0,47700.0,46000.0,46950.0,110413,0.0,0.0
2021-10-18 00:00:00+09:00,46550.0,48550.0,45900.0,47000.0,106997,0.0,0.0
2021-10-19 00:00:00+09:00,47000.0,48500.0,47000.0,48200.0,135979,0.0,0.0
2021-10-20 00:00:00+09:00,48200.0,49150.0,48050.0,48150.0,153201,0.0,0.0
2021-10-21 00:00:00+09:00,48050.0,48750.0,47750.0,48650.0,101533,0.0,0.0
2021-10-22 00:00:00+09:00,48650.0,48800.0,47750.0,48300.0,83330,0.0,0.0
2021-10-25 00:00:00+09:00,47700.0,48850.0,47700.0,48550.0,65594,0.0,0.0
2021-10-26 00:00:00+09:00,48400.0,50500.0,48400.0,50400.0,171096,0.0,0.0
2021-10-27 00:00:00+09:00,50400.0,50900.0,48300.0,49200.0,216408,0.0,0.0
2021-10-28 00:00:00+09:00,48600.0,50000.0,48600.0,49000.0,95687,0.0,0.0
2021-10-29 00:00:00+09:00,49150.0,51500.0,46850.0,47050.0,372373,0.0,0.0
2021-11-01 00:00:00+09:00,47250.0,50200.0,47250.0,49750.0,293365,0.0,0.0
2021-11-02 00:00:00+09:00,49500.0,50100.0,48100.0,48950.0,165369,0.0,0.0
2021-11-03 00:00:00+09:00,49000.0,51000.0,48450.0,50300.0,200021,0.0,0.0
2021-11-04 00:00:00+09:00,51200.0,51400.0,49900.0,50600.0,160458,0.0,0.0
2021-11-05 00:00:00+09:00,50600.0,51200.0,50000.0,50400.0,78141,0.0,0.0
2021-11-08 00:00:00+09:00,50200.0,50500.0,47700.0,48600.0,166606,0.0,0.0
2021-11-09 00:00:00+09:00,48000.0,50700.0,48000.0,49450.0,115195,0.0,0.0
2021-11-10 00:00:00+09:00,49050.0,49700.0,48000.0,48200.0,85838,0.0,0.0
2021-11-11 00:00:00+09:00,47550.0,49050.0,47200.0,47500.0,103390,0.0,0.0
2021-11-12 00:00:00+09:00,47200.0,48100.0,47200.0,47450.0,73389,0.0,0.0
2021-11-15 00:00:00+09:00,47400.0,48350.0,47250.0,47700.0,97335,0.0,0.0
2021-11-16 00:00:00+09:00,47850.0,47900.0,45500.0,45950.0,206010,0.0,0.0
2021-11-17 00:00:00+09:00,45850.0,46000.0,43950.0,44200.0,187033,0.0,0.0
2021-11-18 00:00:00+09:00,44050.0,45500.0,44000.0,44250.0,94147,0.0,0.0
2021-11-19 00:00:00+09:00,43800.0,46200.0,43800.0,45300.0,115071,0.0,0.0
2021-11-22 00:00:00+09:00,45500.0,46350.0,45250.0,45500.0,70649,0.0,0.0
2021-11-23 00:00:00+09:00,46000.0,46800.0,44400.0,44600.0,187690,0.0,0.0
2021-11-24 00:00:00+09:00,44200.0,46050.0,44200.0,45650.0,116949,0.0,0.0
2021-11-25 00:00:00+09:00,45650.0,46400.0,44500.0,45200.0,105521,0.0,0.0
2021-11-26 00:00:00+09:00,45250.0,46300.0,44000.0,44300.0,112817,0.0,0.0
2021-11-29 00:00:00+09:00,42550.0,44500.0,42550.0,43250.0,92890,0.0,0.0
2021-11-30 00:00:00+09:00,42950.0,44700.0,41750.0,42150.0,162772,0.0,0.0
2021-12-01 00:00:00+09:00,42150.0,44300.0,41900.0,42750.0,109532,0.0,0.0
2021-12-02 00:00:00+09:00,42150.0,43700.0,41600.0,43100.0,90524,0.0,0.0
2021-12-03 00:00:00+09:00,43600.0,45600.0,43050.0,44900.0,151101,0.0,0.0
2021-12-06 00:00:00+09:00,44150.0,45100.0,43950.0,44550.0,66231,0.0,0.0
2021-12-07 00:00:00+09:00,44200.0,45750.0,44200.0,45350.0,105850,0.0,0.0
2021-12-08 00:00:00+09:00,45500.0,46900.0,45300.0,45950.0,104808,0.0,0.0
2021-12-09 00:00:00+09:00,45600.0,47000.0,45600.0,46900.0,114018,0.0,0.0
2021-12-10 00:00:00+09:00,46750.0,46750.0,45950.0,46200.0,81877,0.0,0.0
2021-12-13 00:00:00+09:00,46400.0,47300.0,45700.0,45700.0,108918,0.0,0.0
2021-12-14 00:00:00+09:00,45700.0,46550.0,45550.0,46100.0,56212,0.0,0.0
2021-12-15 00:00:00+09:00,47300.0,47500.0,45950.0,46100.0,141632,0.0,0.0
2021-12-16 00:00:00+09:00,46850.0,47500.0,46500.0,47000.0,132856,0.0,0.0
2021-12-17 00:00:00+09:00,46450.0,46800.0,44900.0,45050.0,182580,0.0,0.0
2021-12-20 00:00:00+09:00,44650.0,47850.0,44150.0,45750.0,215947,0.0,0.0
2021-12-21 00:00:00+09:00,45500.0,46100.0,44300.0,44300.0,137345,0.0,0.0
2021-12-22 00:00:00+09:00,44500.0,44800.0,42900.0,43200.0,164178,0.0,0.0
2021-12-23 00:00:00+09:00,43300.0,44650.0,42850.0,43750.0,121882,0.0,0.0
2021-12-24 00:00:00+09:00,43750.0,44400.0,42350.0,42600.0,141887,0.0,0.0
2021-12-27 00:00:00+09:00,42550.0,43000.0,41800.0,42550.0,157198,0.0,0.0
2021-12-28 00:00:00+09:00,42950.0,43750.0,42800.0,43400.0,168066,0.0,0.0
2021-12-29 00:00:00+09:00,43450.0,46550.0,43200.0,44200.0,277269,0.0,0.0
2021-12-30 00:00:00+09:00,44100.0,44150.0,43200.0,43350.0,110272,0.0,0.0
2022-01-04 00:00:00+09:00,44450.0,44750.0,43650.0,44100.0,93934,0.0,0.0
2022-01-05 00:00:00+09:00,43850.0,44000.0,42400.0,42650.0,139450,0.0,0.0
2022-01-06 00:00:00+09:00,41350.0,42600.0,40750.0,41000.0,219388,0.0,0.0
2022-01-07 00:00:00+09:00,41000.0,42100.0,41000.0,41600.0,76988,0.0,0.0
2022-01-10 00:00:00+09:00,41150.0,41600.0,40250.0,40250.0,129908,0.0,0.0
2022-01-11 00:00:00+09:00,40250.0,40900.0,37200.0,38100.0,409065,0.0,0.0
2022-01-12 00:00:00+09:00,38400.0,40400.0,38400.0,40100.0,153631,0.0,0.0
2022-01-13 00:00:00+09:00,40450.0,40450.0,39000.0,39700.0,195921,0.0,0.0
2022-01-14 00:00:00+09:00,39100.0,40000.0,39000.0,39550.0,86679,0.0,0.0
2022-01-17 00:00:00+09:00,39000.0,39500.0,38000.0,38450.0,101526,0.0,0.0
2022-01-18 00:00:00+09:00,38050.0,39100.0,36750.0,37000.0,146535,0.0,0.0
2022-01-19 00:00:00+09:00,36300.0,37400.0,36000.0,36400.0,116822,0.0,0.0
2022-01-20 00:00:00+09:00,36150.0,37750.0,36150.0,37700.0,76388,0.0,0.0
2022-01-21 00:00:00+09:00,37200.0,37750.0,36550.0,36850.0,81131,0.0,0.0
2022-01-24 00:00:00+09:00,36400.0,37150.0,35650.0,35900.0,102440,0.0,0.0
2022-01-25 00:00:00+09:00,35900.0,36300.0,34050.0,34400.0,180196,0.0,0.0
2022-01-26 00:00:00+09:00,33800.0,35450.0,33800.0,34500.0,131280,0.0,0.0
2022-01-27 00:00:00+09:00,34500.0,34650.0,31800.0,31900.0,270877,0.0,0.0
2022-01-28 00:00:00+09:00,32250.0,34450.0,31900.0,34350.0,195269,0.0,0.0
2022-02-03 00:00:00+09:00,35100.0,36650.0,35050.0,36000.0,114495,0.0,0.0
2022-02-04 00:00:00+09:00,35500.0,36650.0,35500.0,35900.0,61603,0.0,0.0
2022-02-07 00:00:00+09:00,36050.0,36050.0,34850.0,35900.0,69553,0.0,0.0
2022-02-08 00:00:00+09:00,36100.0,38200.0,35700.0,36400.0,208998,0.0,0.0
2022-02-09 00:00:00+09:00,36500.0,36650.0,35500.0,36050.0,74209,0.0,0.0
2022-02-10 00:00:00+09:00,36100.0,37050.0,35600.0,35850.0,85516,0.0,0.0
2022-02-11 00:00:00+09:00,35200.0,35300.0,34450.0,34450.0,97160,0.0,0.0
2022-02-14 00:00:00+09:00,33400.0,34800.0,33100.0,33800.0,103456,0.0,0.0
2022-02-15 00:00:00+09:00,33500.0,34350.0,32800.0,32800.0,81193,0.0,0.0
2022-02-16 00:00:00+09:00,33200.0,35600.0,33200.0,35600.0,124688,0.0,0.0
2022-02-17 00:00:00+09:00,35600.0,37200.0,34800.0,35650.0,160148,0.0,0.0
2022-02-18 00:00:00+09:00,34700.0,35950.0,34500.0,35650.0,74338,0.0,0.0
2022-02-21 00:00:00+09:00,34950.0,35850.0,34500.0,35700.0,50600,0.0,0.0
2022-02-22 00:00:00+09:00,34700.0,35550.0,34650.0,35150.0,62024,0.0,0.0
2022-02-23 00:00:00+09:00,35250.0,36250.0,35250.0,35950.0,74563,0.0,0.0
2022-02-24 00:00:00+09:00,35250.0,36100.0,34800.0,35600.0,96188,0.0,0.0
2022-02-25 00:00:00+09:00,36250.0,38000.0,35950.0,36700.0,150593,0.0,0.0
2022-02-28 00:00:00+09:00,36300.0,36500.0,35650.0,36200.0,59462,0.0,0.0
2022-03-02 00:00:00+09:00,35800.0,37300.0,35700.0,36550.0,87315,0.0,0.0
2022-03-03 00:00:00+09:00,36700.0,37600.0,36500.0,37450.0,79703,0.0,0.0
2022-03-04 00:00:00+09:00,37100.0,37200.0,35950.0,36250.0,122721,0.0,0.0
2022-03-07 00:00:00+09:00,35900.0,35900.0,34000.0,34250.0,162640,0.0,0.0
2022-03-08 00:00:00+09:00,33550.0,34800.0,33350.0,34000.0,80993,0.0,0.0
2022-03-10 00:00:00+09:00,34600.0,35550.0,34600.0,35250.0,103255,0.0,0.0
2022-03-11 00:00:00+09:00,35250.0,36150.0,35150.0,35550.0,72484,0.0,0.0
2022-03-14 00:00:00+09:00,35550.0,36300.0,34200.0,34200.0,97140,0.0,0.0
2022-03-15 00:00:00+09:00,34200.0,34900.0,33650.0,34500.0,54892,0.0,0.0
2022-03-16 00:00:00+09:00,34800.0,36000.0,34700.0,35950.0,93687,0.0,0.0
2022-03-17 00:00:00+09:00,36300.0,37650.0,36250.0,37000.0,168821,0.0,0.0
2022-03-18 00:00:00+09:00,37500.0,38000.0,36700.0,37050.0,90400,0.0,0.0
2022-03-21 00:00:00+09:00,36900.0,37000.0,36200.0,36200.0,55473,0.0,0.0
2022-03-22 00:00:00+09:00,36000.0,37250.0,35600.0,36400.0,70472,0.0,0.0
2022-03-23 00:00:00+09:00,36550.0,36900.0,36150.0,36200.0,42038,0.0,0.0
2022-03-24 00:00:00+09:00,35800.0,36550.0,35250.0,35900.0,75242,0.0,0.0
2022-03-25 00:00:00+09:00,36000.0,36500.0,35600.0,36050.0,60209,0.0,0.0
2022-03-28 00:00:00+09:00,36100.0,36300.0,34850.0,34850.0,136631,0.0,0.0
2022-03-29 00:00:00+09:00,35000.0,36600.0,35000.0,36050.0,116773,0.0,0.0
2022-03-30 00:00:00+09:00,36150.0,37150.0,36150.0,36700.0,76582,0.0,0.0
2022-03-31 00:00:00+09:00,36800.0,36800.0,35850.0,35900.0,62668,0.0,0.0
2022-04-01 00:00:00+09:00,36700.0,36700.0,35650.0,35750.0,76745,0.0,0.0
2022-04-04 00:00:00+09:00,35700.0,36050.0,35350.0,35750.0,38549,0.0,0.0
2022-04-05 00:00:00+09:00,35550.0,36450.0,35550.0,36200.0,57203,0.0,0.0
2022-04-06 00:00:00+09:00,36050.0,36100.0,35250.0,35350.0,73634,0.0,0.0
2022-04-07 00:00:00+09:00,35200.0,35500.0,34600.0,34800.0,84560,0.0,0.0
2022-04-08 00:00:00+09:00,34850.0,35750.0,34750.0,35350.0,51177,0.0,0.0
2022-04-11 00:00:00+09:00,35000.0,35050.0,34400.0,34400.0,77433,0.0,0.0
2022-04-12 00:00:00+09:00,33850.0,34500.0,33300.0,34250.0,78101,0.0,0.0
2022-04-13 00:00:00+09:00,34250.0,35300.0,34050.0,35250.0,60147,0.0,0.0
2022-04-14 00:00:00+09:00,35450.0,35900.0,35100.0,35700.0,67140,0.0,0.0
2022-04-15 00:00:00+09:00,35000.0,37600.0,34650.0,37600.0,225237,0.0,0.0
2022-04-18 00:00:00+09:00,37600.0,39900.0,37200.0,39850.0,365466,0.0,0.0
2022-04-19 00:00:00+09:00,39700.0,40350.0,39350.0,40100.0,144170,0.0,0.0
2022-04-20 00:00:00+09:00,40600.0,40700.0,39650.0,40000.0,131447,0.0,0.0
2022-04-21 00:00:00+09:00,39800.0,41350.0,39600.0,39800.0,103727,0.0,0.0
2022-04-22 00:00:00+09:00,39550.0,40950.0,38500.0,40350.0,155320,0.0,0.0
2022-04-25 00:00:00+09:00,39500.0,42000.0,39400.0,41000.0,281712,0.0,0.0
2022-04-26 00:00:00+09:00,41000.0,43300.0,41000.0,42700.0,271181,0.0,0.0
2022-04-27 00:00:00+09:00,42100.0,44750.0,42000.0,44250.0,367661,0.0,0.0
2022-04-28 00:00:00+09:00,44250.0,45600.0,43550.0,44500.0,148892,0.0,0.0
2022-04-29 00:00:00+09:00,44500.0,45550.0,43550.0,45300.0,173890,0.0,0.0
2022-05-03 00:00:00+09:00,44350.0,45050.0,43750.0,43950.0,119855,0.0,0.0
2022-05-04 00:00:00+09:00,43250.0,44500.0,42950.0,43500.0,136201,0.0,0.0
2022-05-06 00:00:00+09:00,42850.0,43350.0,41400.0,41400.0,154578,0.0,0.0
2022-05-10 00:00:00+09:00,37450.0,39200.0,37450.0,38100.0,129947,0.0,0.0
2022-05-11 00:00:00+09:00,37850.0,39500.0,37250.0,39300.0,95998,0.0,0.0
2022-05-12 00:00:00+09:00,38550.0,40350.0,37800.0,38050.0,117844,0.0,0.0
2022-05-13 00:00:00+09:00,38200.0,39200.0,38000.0,38600.0,66710,0.0,0.0
2022-05-16 00:00:00+09:00,38600.0,41100.0,38600.0,39550.0,177226,0.0,0.0
2022-05-17 00:00:00+09:00,39050.0,39550.0,38400.0,38450.0,124183,0.0,0.0
2022-05-18 00:00:00+09:00,38450.0,42250.0,37950.0,41550.0,300830,0.0,0.0
2022-05-19 00:00:00+09:00,40950.0,43100.0,40500.0,41650.0,262707,0.0,0.0
2022-05-20 00:00:00+09:00,41800.0,43000.0,41500.0,42750.0,112153,0.0,0.0
2022-05-23 00:00:00+09:00,42500.0,44400.0,41800.0,43650.0,177961,0.0,0.0
2022-05-24 00:00:00+09:00,43050.0,45500.0,42550.0,43900.0,264310,0.0,0.0
2022-05-25 00:00:00+09:00,43700.0,45200.0,43700.0,44550.0,128330,0.0,0.0
2022-05-26 00:00:00+09:00,44700.0,45600.0,44150.0,44550.0,123567,0.0,0.0
2022-05-27 00:00:00+09:00,44900.0,45150.0,43400.0,43800.0,95350,0.0,0.0
2022-05-30 00:00:00+09:00,43800.0,44600.0,43050.0,43200.0,80611,0.0,0.0
2022-05-31 00:00:00+09:00,43350.0,45500.0,42750.0,44950.0,131919,0.0,0.0
2022-06-02 00:00:00+09:00,44950.0,44950.0,43500.0,43600.0,88064,0.0,0.0
2022-06-03 00:00:00+09:00,44400.0,44700.0,43250.0,43600.0,61947,0.0,0.0
2022-06-07 00:00:00+09:00,43700.0,43800.0,42400.0,43300.0,94247,0.0,0.0
2022-06-08 00:00:00+09:00,43200.0,44800.0,43150.0,44000.0,96493,0.0,0.0
2022-06-09 00:00:00+09:00,44400.0,46650.0,43750.0,46000.0,354154,0.0,0.0
2022-06-10 00:00:00+09:00,45750.0,47250.0,45600.0,45600.0,206841,0.0,0.0
2022-06-13 00:00:00+09:00,44700.0,45100.0,42250.0,42650.0,195826,0.0,0.0
2022-06-14 00:00:00+09:00,42000.0,42650.0,40150.0,41000.0,229693,0.0,0.0
2022-06-15 00:00:00+09:00,40550.0,41300.0,38650.0,39100.0,206389,0.0,0.0
2022-06-16 00:00:00+09:00,39500.0,40700.0,38800.0,38800.0,135846,0.0,0.0
2022-06-17 00:00:00+09:00,37850.0,39550.0,37450.0,39100.0,139601,0.0,0.0
2022-06-20 00:00:00+09:00,38850.0,39600.0,36200.0,36550.0,176874,0.0,0.0
2022-06-21 00:00:00+09:00,36350.0,37600.0,35850.0,36750.0,122435,0.0,0.0
2022-06-22 00:00:00+09:00,37150.0,40850.0,35000.0,35050.0,320865,0.0,0.0
2022-06-23 00:00:00+09:00,34450.0,37000.0,34150.0,34350.0,253783,0.0,0.0
2022-06-24 00:00:00+09:00,34350.0,36650.0,34350.0,36650.0,126632,0.0,0.0
2022-06-27 00:00:00+09:00,37400.0,37400.0,35750.0,36450.0,167919,0.0,0.0
2022-06-28 00:00:00+09:00,36250.0,37150.0,35250.0,35800.0,142058,0.0,0.0
2022-06-29 00:00:00+09:00,35250.0,35700.0,34500.0,34900.0,167165,0.0,0.0
2022-06-30 00:00:00+09:00,35100.0,36800.0,33150.0,33700.0,308854,0.0,0.0
2022-07-01 00:00:00+09:00,33600.0,34300.0,31500.0,31650.0,325625,0.0,0.0
2022-07-04 00:00:00+09:00,31650.0,32350.0,30450.0,31150.0,194712,0.0,0.0
2022-07-05 00:00:00+09:00,31200.0,33300.0,31200.0,32950.0,196275,0.0,0.0
2022-07-06 00:00:00+09:00,32950.0,33250.0,32150.0,32150.0,123184,0.0,0.0
2022-07-07 00:00:00+09:00,32500.0,32800.0,31800.0,32450.0,111142,0.0,0.0
2022-07-08 00:00:00+09:00,32750.0,33600.0,32350.0,32650.0,130203,0.0,0.0
2022-07-11 00:00:00+09:00,32900.0,33750.0,32500.0,33200.0,121001,0.0,0.0
2022-07-12 00:00:00+09:00,32850.0,33000.0,32200.0,32400.0,117351,0.0,0.0
2022-07-13 00:00:00+09:00,32100.0,34000.0,32100.0,33450.0,149658,0.0,0.0
2022-07-14 00:00:00+09:00,33200.0,33400.0,32450.0,32750.0,109654,0.0,0.0
2022-07-15 00:00:00+09:00,33400.0,34350.0,33050.0,33550.0,183919,0.0,0.0
2022-07-18 00:00:00+09:00,34250.0,34800.0,33350.0,33900.0,107171,0.0,0.0
2022-07-19 00:00:00+09:00,33500.0,34850.0,33350.0,34700.0,135514,0.0,0.0
2022-07-20 00:00:00+09:00,35300.0,38450.0,34300.0,38150.0,448456,0.0,0.0
2022-07-21 00:00:00+09:00,38200.0,38450.0,36300.0,36650.0,280776,0.0,0.0
2022-07-22 00:00:00+09:00,36400.0,36850.0,35000.0,35000.0,205508,0.0,0.0
2022-07-25 00:00:00+09:00,34650.0,35450.0,34000.0,35150.0,168429,0.0,0.0
2022-07-26 00:00:00+09:00,35050.0,35900.0,34500.0,34950.0,98438,0.0,0.0
2022-07-27 00:00:00+09:00,34750.0,36200.0,34700.0,35600.0,116545,0.0,0.0
2022-07-28 00:00:00+09:00,36350.0,36350.0,35350.0,35600.0,73925,0.0,0.0
2022-07-29 00:00:00+09:00,35700.0,36000.0,34750.0,34950.0,120478,0.0,0.0
2022-08-01 00:00:00+09:00,34800.0,34950.0,34250.0,34650.0,69254,0.0,0.0
2022-08-02 00:00:00+09:00,34450.0,35100.0,34450.0,34600.0,67177,0.0,0.0
2022-08-03 00:00:00+09:00,34500.0,37900.0,34500.0,34950.0,192831,0.0,0.0
2022-08-04 00:00:00+09:00,35200.0,37000.0,35000.0,36400.0,184659,0.0,0.0
2022-08-05 00:00:00+09:00,36300.0,37050.0,36150.0,36750.0,96782,0.0,0.0
2022-08-08 00:00:00+09:00,36750.0,37350.0,36400.0,36600.0,64823,0.0,0.0
2022-08-09 00:00:00+09:00,36600.0,37350.0,36200.0,36950.0,74691,0.0,0.0
2022-08-10 00:00:00+09:00,36650.0,37300.0,36000.0,36000.0,75740,0.0,0.0
2022-08-11 00:00:00+09:00,36500.0,39500.0,36450.0,38900.0,417526,0.0,0.0
2022-08-12 00:00:00+09:00,38650.0,39900.0,38000.0,38700.0,157385,0.0,0.0
2022-08-16 00:00:00+09:00,38650.0,39000.0,37800.0,38050.0,83806,0.0,0.0
2022-08-17 00:00:00+09:00,38100.0,38100.0,36550.0,36850.0,126123,0.0,0.0
2022-08-18 00:00:00+09:00,36500.0,37400.0,36000.0,36700.0,85984,0.0,0.0
2022-08-19 00:00:00+09:00,37000.0,37050.0,35950.0,36400.0,85827,0.0,0.0
2022-08-22 00:00:00+09:00,36000.0,36050.0,35100.0,35300.0,96470,0.0,0.0
2022-08-23 00:00:00+09:00,34600.0,35200.0,33900.0,34150.0,123650,0.0,0.0
2022-08-24 00:00:00+09:00,34300.0,34600.0,33650.0,34450.0,97087,0.0,0.0
2022-08-25 00:00:00+09:00,34300.0,35700.0,34100.0,35300.0,137402,0.0,0.0
2022-08-26 00:00:00+09:00,35300.0,35650.0,34350.0,34450.0,72416,0.0,0.0
2022-08-29 00:00:00+09:00,33350.0,33600.0,32800.0,33250.0,106477,0.0,0.0
2022-08-30 00:00:00+09:00,33350.0,35550.0,33350.0,35500.0,149512,0.0,0.0
2022-08-31 00:00:00+09:00,34900.0,35550.0,34650.0,35150.0,64585,0.0,0.0
2022-09-01 00:00:00+09:00,34650.0,34850.0,33750.0,33750.0,91034,0.0,0.0
2022-09-02 00:00:00+09:00,33850.0,35150.0,33500.0,34250.0,146329,0.0,0.0
2022-09-05 00:00:00+09:00,33800.0,34600.0,33150.0,33350.0,90824,0.0,0.0
2022-09-06 00:00:00+09:00,33350.0,33900.0,32600.0,32850.0,69667,0.0,0.0
2022-09-07 00:00:00+09:00,32600.0,32600.0,31200.0,32300.0,136365,0.0,0.0
2022-09-08 00:00:00+09:00,32450.0,33800.0,32400.0,33050.0,158151,0.0,0.0
2022-09-13 00:00:00+09:00,33850.0,34600.0,33200.0,33950.0,125882,0.0,0.0
2022-09-14 00:00:00+09:00,32500.0,34650.0,32250.0,32800.0,173095,0.0,0.0
2022-09-15 00:00:00+09:00,32950.0,33200.0,32300.0,32400.0,89356,0.0,0.0
2022-09-16 00:00:00+09:00,32000.0,36150.0,31850.0,35050.0,583979,0.0,0.0
2022-09-19 00:00:00+09:00,34850.0,35700.0,33900.0,34150.0,193252,0.0,0.0
2022-09-20 00:00:00+09:00,34800.0,35100.0,33450.0,33850.0,103483,0.0,0.0
2022-09-21 00:00:00+09:00,33700.0,34000.0,32700.0,33450.0,89985,0.0,0.0
2022-09-22 00:00:00+09:00,33150.0,33150.0,31650.0,32400.0,134923,0.0,0.0
2022-09-23 00:00:00+09:00,32200.0,32650.0,31550.0,31600.0,132780,0.0,0.0
2022-09-26 00:00:00+09:00,30800.0,31800.0,29650.0,30000.0,165632,0.0,0.0
2022-09-27 00:00:00+09:00,29500.0,31200.0,29500.0,31000.0,126512,0.0,0.0
2022-09-28 00:00:00+09:00,30550.0,31750.0,30250.0,30850.0,132986,0.0,0.0
2022-09-29 00:00:00+09:00,31450.0,33450.0,31400.0,32300.0,224236,0.0,0.0
2022-09-30 00:00:00+09:00,31850.0,32900.0,31050.0,31450.0,169345,0.0,0.0
2022-10-04 00:00:00+09:00,32000.0,32350.0,31650.0,32050.0,85226,0.0,0.0
2022-10-05 00:00:00+09:00,32300.0,32400.0,31350.0,31350.0,90574,0.0,0.0
2022-10-06 00:00:00+09:00,31350.0,32350.0,31300.0,32050.0,52803,0.0,0.0
2022-10-07 00:00:00+09:00,31500.0,31900.0,31150.0,31250.0,78026,0.0,0.0
2022-10-11 00:00:00+09:00,31000.0,31050.0,28400.0,28450.0,167752,0.0,0.0
2022-10-12 00:00:00+09:00,28200.0,28650.0,27600.0,27850.0,146579,0.0,0.0
2022-10-13 00:00:00+09:00,27700.0,29450.0,26100.0,28900.0,306716,0.0,0.0
2022-10-14 00:00:00+09:00,29050.0,30000.0,28750.0,29350.0,106142,0.0,0.0
2022-10-17 00:00:00+09:00,28450.0,30000.0,28400.0,29450.0,162921,0.0,0.0
2022-10-18 00:00:00+09:00,29750.0,30550.0,29750.0,30200.0,82937,0.0,0.0
2022-10-19 00:00:00+09:00,30050.0,31000.0,29750.0,29800.0,108091,0.0,0.0
2022-10-20 00:00:00+09:00,29800.0,30300.0,29500.0,29550.0,70343,0.0,0.0
2022-10-21 00:00:00+09:00,29550.0,30100.0,29000.0,29000.0,84468,0.0,0.0
2022-10-24 00:00:00+09:00,29400.0,30600.0,29400.0,29950.0,87213,0.0,0.0
2022-10-25 00:00:00+09:00,30100.0,30900.0,29700.0,30200.0,82973,0.0,0.0
2022-10-26 00:00:00+09:00,30100.0,30750.0,29600.0,30200.0,63049,0.0,0.0
2022-10-27 00:00:00+09:00,30150.0,31300.0,30150.0,30900.0,91426,0.0,0.0
2022-10-28 00:00:00+09:00,30550.0,31050.0,30400.0,30400.0,36926,0.0,0.0
2022-10-31 00:00:00+09:00,30900.0,31300.0,30250.0,30550.0,48521,0.0,0.0
2022-11-01 00:00:00+09:00,30250.0,30800.0,30050.0,30550.0,57995,0.0,0.0
2022-11-02 00:00:00+09:00,30600.0,32150.0,30250.0,32000.0,141427,0.0,0.0
2022-11-03 00:00:00+09:00,31400.0,32150.0,31200.0,31200.0,100778,0.0,0.0
2022-11-04 00:00:00+09:00,30950.0,31150.0,29450.0,30000.0,201225,0.0,0.0
2022-11-07 00:00:00+09:00,30050.0,32300.0,30050.0,31800.0,196901,0.0,0.0
2022-11-08 00:00:00+09:00,31550.0,33550.0,31550.0,33150.0,149996,0.0,0.0
2022-11-09 00:00:00+09:00,33200.0,33600.0,32700.0,32950.0,96664,0.0,0.0
2022-11-10 00:00:00+09:00,32600.0,32600.0,31800.0,31950.0,84357,0.0,0.0
2022-11-11 00:00:00+09:00,33150.0,33750.0,32600.0,33550.0,148869,0.0,0.0
2022-11-14 00:00:00+09:00,33550.0,33850.0,32550.0,32800.0,90484,0.0,0.0
2022-11-15 00:00:00+09:00,32800.0,34800.0,32800.0,34400.0,149742,0.0,0.0
2022-11-16 00:00:00+09:00,34500.0,35200.0,33850.0,34450.0,97180,0.0,0.0
2022-11-17 00:00:00+09:00,34250.0,34900.0,33950.0,34300.0,65559,0.0,0.0
2022-11-18 00:00:00+09:00,34650.0,36300.0,34450.0,35050.0,140734,0.0,0.0
2022-11-21 00:00:00+09:00,34800.0,35250.0,33500.0,33650.0,107698,0.0,0.0
2022-11-22 00:00:00+09:00,33400.0,34150.0,32900.0,33000.0,69005,0.0,0.0
2022-11-23 00:00:00+09:00,33400.0,35750.0,33100.0,35650.0,114229,0.0,0.0
2022-11-24 00:00:00+09:00,35800.0,36450.0,35300.0,35550.0,128526,0.0,0.0
2022-11-25 00:00:00+09:00,35550.0,36800.0,35350.0,35900.0,127388,0.0,0.0
2022-11-28 00:00:00+09:00,35750.0,35750.0,33900.0,34300.0,195065,0.0,0.0
2022-11-29 00:00:00+09:00,40500.0,44550.0,38200.0,44550.0,3315869,0.0,0.0
2022-11-30 00:00:00+09:00,45100.0,46500.0,43300.0,44950.0,3059520,0.0,0.0
2022-12-01 00:00:00+09:00,44900.0,49300.0,44500.0,47400.0,3345836,0.0,0.0
2022-12-02 00:00:00+09:00,46900.0,49000.0,46900.0,48750.0,338425,0.0,0.0
2022-12-05 00:00:00+09:00,49000.0,49000.0,47600.0,47800.0,198529,0.0,0.0
2022-12-06 00:00:00+09:00,47450.0,47900.0,45800.0,46000.0,219849,0.0,0.0
2022-12-07 00:00:00+09:00,44950.0,48200.0,43800.0,47100.0,1103029,0.0,0.0
2022-12-08 00:00:00+09:00,47750.0,48850.0,45100.0,47150.0,787463,0.0,0.0
2022-12-09 00:00:00+09:00,46200.0,47450.0,44850.0,46350.0,423706,0.0,0.0
2022-12-12 00:00:00+09:00,45600.0,48200.0,45450.0,47400.0,408128,0.0,0.0
2022-12-13 00:00:00+09:00,48100.0,50900.0,45650.0,45650.0,826109,0.0,0.0
2022-12-14 00:00:00+09:00,46050.0,47950.0,45900.0,47500.0,354796,0.0,0.0
2022-12-15 00:00:00+09:00,46900.0,47850.0,45900.0,46550.0,306520,0.0,0.0
2022-12-16 00:00:00+09:00,45700.0,46850.0,45100.0,45850.0,230327,0.0,0.0
2022-12-19 00:00:00+09:00,45950.0,46600.0,45250.0,45900.0,167117,0.0,0.0
2022-12-20 00:00:00+09:00,45800.0,46050.0,44500.0,45000.0,248960,0.0,0.0
2022-12-21 00:00:00+09:00,45400.0,47000.0,45150.0,46450.0,284803,0.0,0.0
2022-12-22 00:00:00+09:00,46800.0,48200.0,46650.0,46750.0,355333,0.0,0.0
2022-12-23 00:00:00+09:00,44850.0,47400.0,43700.0,46000.0,756068,0.0,0.0
2022-12-26 00:00:00+09:00,46350.0,48150.0,45850.0,46650.0,765668,0.0,0.0
2022-12-27 00:00:00+09:00,47100.0,49300.0,46500.0,49100.0,1156259,0.0,0.0
2022-12-28 00:00:00+09:00,49600.0,49800.0,45700.0,46250.0,1062656,0.0,0.0
2022-12-29 00:00:00+09:00,45750.0,45800.0,43750.0,43800.0,555814,0.0,0.0
2023-01-02 00:00:00+09:00,43700.0,44800.0,42500.0,42850.0,380487,0.0,0.0
2023-01-03 00:00:00+09:00,42850.0,44300.0,42550.0,43500.0,216255,0.0,0.0
2023-01-04 00:00:00+09:00,43300.0,44050.0,42800.0,43500.0,125946,0.0,0.0
2023-01-05 00:00:00+09:00,44150.0,44150.0,40500.0,43100.0,528329,0.0,0.0
2023-01-06 00:00:00+09:00,42650.0,45450.0,42650.0,44350.0,329246,0.0,0.0
2023-01-09 00:00:00+09:00,44650.0,47400.0,44650.0,46850.0,366193,0.0,0.0
2023-01-10 00:00:00+09:00,47200.0,47600.0,45400.0,45400.0,272130,0.0,0.0
2023-01-11 00:00:00+09:00,45900.0,46850.0,45450.0,45800.0,159336,0.0,0.0
2023-01-12 00:00:00+09:00,45850.0,47450.0,45800.0,46900.0,230335,0.0,0.0
2023-01-13 00:00:00+09:00,46750.0,47250.0,44600.0,45200.0,294191,0.0,0.0
2023-01-16 00:00:00+09:00,45350.0,45650.0,44100.0,45450.0,102178,0.0,0.0
2023-01-17 00:00:00+09:00,45050.0,45050.0,44000.0,44300.0,187155,0.0,0.0
2023-01-18 00:00:00+09:00,44300.0,45400.0,44250.0,44350.0,109564,0.0,0.0
2023-01-19 00:00:00+09:00,44100.0,45400.0,43750.0,44900.0,110013,0.0,0.0
2023-01-20 00:00:00+09:00,44900.0,46200.0,44550.0,44700.0,155061,0.0,0.0
2023-01-25 00:00:00+09:00,44750.0,46000.0,44750.0,45650.0,357699,0.0,0.0
2023-01-26 00:00:00+09:00,46150.0,46850.0,45250.0,46150.0,202269,0.0,0.0
2023-01-27 00:00:00+09:00,46400.0,47000.0,45650.0,46400.0,139644,0.0,0.0
2023-01-30 00:00:00+09:00,46550.0,47800.0,45300.0,45400.0,215876,0.0,0.0
2023-01-31 00:00:00+09:00,44750.0,48550.0,44450.0,48100.0,534165,0.0,0.0
2023-02-01 00:00:00+09:00,48150.0,50600.0,47550.0,49600.0,598571,0.0,0.0
2023-02-02 00:00:00+09:00,50400.0,52100.0,49250.0,50900.0,507088,0.0,0.0
2023-02-03 00:00:00+09:00,50800.0,51800.0,49600.0,51100.0,370022,0.0,0.0
2023-02-06 00:00:00+09:00,51200.0,52500.0,50300.0,51000.0,285639,0.0,0.0
2023-02-07 00:00:00+09:00,50800.0,54300.0,50500.0,53200.0,564559,0.0,0.0
2023-02-08 00:00:00+09:00,53700.0,53800.0,52800.0,53100.0,201062,0.0,0.0
2023-02-09 00:00:00+09:00,54000.0,54700.0,52600.0,53700.0,342721,0.0,0.0
2023-02-10 00:00:00+09:00,53200.0,53800.0,51500.0,52600.0,275549,0.0,0.0
2023-02-13 00:00:00+09:00,52600.0,53400.0,51500.0,52000.0,192723,0.0,0.0
2023-02-14 00:00:00+09:00,52000.0,52500.0,50800.0,50900.0,202084,0.0,0.0
2023-02-15 00:00:00+09:00,51300.0,51300.0,49100.0,49800.0,358550,0.0,0.0
2023-02-16 00:00:00+09:00,50000.0,52000.0,49700.0,50900.0,349339,0.0,0.0
2023-02-17 00:00:00+09:00,50300.0,51500.0,49850.0,51300.0,214670,0.0,0.0
2023-02-20 00:00:00+09:00,51400.0,54300.0,51000.0,52800.0,337055,0.0,0.0
2023-02-21 00:00:00+09:00,53200.0,53500.0,51500.0,52400.0,249436,0.0,0.0
2023-02-22 00:00:00+09:00,51800.0,51800.0,46650.0,48050.0,796428,0.0,0.0
2023-02-23 00:00:00+09:00,48050.0,50400.0,47100.0,48050.0,605029,0.0,0.0
2023-02-24 00:00:00+09:00,48550.0,49800.0,47750.0,48500.0,301341,0.0,0.0
2023-02-27 00:00:00+09:00,48300.0,49250.0,47550.0,48200.0,195582,0.0,0.0
2023-02-28 00:00:00+09:00,48650.0,54700.0,48400.0,51700.0,834715,0.0,0.0
2023-03-02 00:00:00+09:00,53500.0,55600.0,52000.0,54500.0,612711,0.0,0.0
2023-03-03 00:00:00+09:00,54100.0,57000.0,53200.0,57000.0,643809,0.0,0.0
2023-03-06 00:00:00+09:00,57800.0,58900.0,56300.0,57500.0,573910,0.0,0.0
2023-03-07 00:00:00+09:00,58000.0,58400.0,55900.0,57100.0,414430,0.0,0.0
2023-03-08 00:00:00+09:00,56500.0,57700.0,54900.0,55300.0,390657,0.0,0.0
2023-03-09 00:00:00+09:00,55000.0,59300.0,54300.0,57000.0,591716,0.0,0.0
2023-03-10 00:00:00+09:00,56000.0,56000.0,49400.0,50400.0,843548,0.0,0.0
2023-03-13 00:00:00+09:00,50400.0,52000.0,47000.0,51000.0,484150,0.0,0.0
2023-03-14 00:00:00+09:00,50900.0,51100.0,49000.0,49150.0,304275,0.0,0.0
2023-03-15 00:00:00+09:00,50000.0,52600.0,49700.0,52300.0,456004,0.0,0.0
2023-03-16 00:00:00+09:00,52000.0,54300.0,50900.0,52400.0,395844,0.0,0.0
2023-03-17 00:00:00+09:00,53100.0,55700.0,52200.0,55400.0,396462,0.0,0.0
2023-03-20 00:00:00+09:00,55300.0,57900.0,55200.0,56500.0,446433,0.0,0.0
2023-03-21 00:00:00+09:00,57200.0,58100.0,55900.0,57500.0,337588,0.0,0.0
2023-03-22 00:00:00+09:00,57600.0,59200.0,55600.0,58200.0,487508,0.0,0.0
2023-03-23 00:00:00+09:00,58000.0,60000.0,57400.0,59000.0,626157,0.0,0.0
2023-03-24 00:00:00+09:00,60500.0,61800.0,58400.0,61300.0,1065269,0.0,0.0
2023-03-27 00:00:00+09:00,67400.0,79600.0,67200.0,78800.0,5310447,0.0,0.0
2023-03-28 00:00:00+09:00,78500.0,83700.0,75200.0,81800.0,2686872,0.0,0.0
2023-03-29 00:00:00+09:00,78500.0,81000.0,77400.0,80000.0,882501,0.0,0.0
2023-03-30 00:00:00+09:00,79600.0,86000.0,79500.0,80500.0,1334364,0.0,0.0
2023-03-31 00:00:00+09:00,81300.0,83000.0,79100.0,80900.0,605127,0.0,0.0
2023-04-03 00:00:00+09:00,81000.0,84000.0,77700.0,79800.0,830216,0.0,0.0
2023-04-04 00:00:00+09:00,79100.0,82000.0,77600.0,80400.0,536189,0.0,0.0
2023-04-05 00:00:00+09:00,80000.0,86800.0,79700.0,85000.0,1395037,0.0,0.0
2023-04-06 00:00:00+09:00,86000.0,86500.0,83300.0,84300.0,462001,0.0,0.0
2023-04-07 00:00:00+09:00,84700.0,88000.0,83400.0,85900.0,526387,0.0,0.0
2023-04-10 00:00:00+09:00,86100.0,88000.0,83000.0,87500.0,538888,0.0,0.0
2023-04-11 00:00:00+09:00,87100.0,88500.0,85100.0,86300.0,424135,0.0,0.0
2023-04-12 00:00:00+09:00,87000.0,95600.0,84600.0,95600.0,1520076,0.0,0.0
2023-04-13 00:00:00+09:00,93500.0,99800.0,91100.0,98000.0,1821643,0.0,0.0
2023-04-14 00:00:00+09:00,97600.0,107300.0,94200.0,94200.0,1774995,0.0,0.0
2023-04-17 00:00:00+09:00,94200.0,96200.0,90300.0,92400.0,703231,0.0,0.0
2023-04-18 00:00:00+09:00,92400.0,96000.0,91100.0,94000.0,669918,0.0,0.0
2023-04-19 00:00:00+09:00,94200.0,97200.0,93500.0,94200.0,610203,0.0,0.0
2023-04-20 00:00:00+09:00,93500.0,93500.0,78700.0,79600.0,1818728,0.0,0.0
2023-04-21 00:00:00+09:00,79500.0,81600.0,74700.0,76800.0,1357958,0.0,0.0
2023-04-24 00:00:00+09:00,77100.0,78500.0,75700.0,76300.0,534178,0.0,0.0
2023-04-25 00:00:00+09:00,76300.0,81300.0,75400.0,76600.0,611343,0.0,0.0
2023-04-26 00:00:00+09:00,75400.0,76300.0,67900.0,72300.0,870306,0.0,0.0
2023-04-27 00:00:00+09:00,72300.0,76100.0,71800.0,75500.0,500343,0.0,0.0
2023-04-28 00:00:00+09:00,76400.0,76800.0,73800.0,75200.0,493739,0.0,0.0
2023-05-02 00:00:00+09:00,70100.0,71800.0,65400.0,69500.0,1208433,0.0,0.0
2023-05-03 00:00:00+09:00,68800.0,70200.0,66100.0,66900.0,631595,0.0,0.0
2023-05-04 00:00:00+09:00,65800.0,67700.0,64800.0,65400.0,872173,0.0,0.0
2023-05-08 00:00:00+09:00,62700.0,71200.0,62700.0,66300.0,1128360,0.0,0.0
2023-05-09 00:00:00+09:00,66000.0,66800.0,63100.0,64500.0,405442,0.0,0.0
2023-05-10 00:00:00+09:00,65100.0,67300.0,64000.0,65700.0,396109,0.0,0.0
2023-05-11 00:00:00+09:00,67600.0,67600.0,63400.0,63400.0,394418,0.0,0.0
2023-05-12 00:00:00+09:00,62900.0,64100.0,61300.0,61900.0,430442,0.0,0.0
2023-05-15 00:00:00+09:00,61300.0,62200.0,59500.0,61400.0,453837,0.0,0.0
2023-05-16 00:00:00+09:00,61400.0,63400.0,60600.0,62000.0,265466,0.0,0.0
2023-05-17 00:00:00+09:00,62600.0,67000.0,62100.0,65800.0,446169,0.0,0.0
2023-05-18 00:00:00+09:00,66300.0,66400.0,62300.0,64000.0,317595,0.0,0.0
2023-05-19 00:00:00+09:00,64000.0,64500.0,62200.0,64400.0,249293,0.0,0.0
2023-05-22 00:00:00+09:00,64000.0,64400.0,62900.0,63300.0,201713,0.0,0.0
2023-05-23 00:00:00+09:00,63700.0,65600.0,62800.0,65100.0,258002,0.0,0.0
2023-05-24 00:00:00+09:00,64400.0,65500.0,63400.0,64600.0,255507,0.0,0.0
2023-05-25 00:00:00+09:00,64400.0,65400.0,61900.0,62700.0,263221,0.0,0.0
2023-05-26 00:00:00+09:00,63100.0,64400.0,61500.0,62500.0,279510,0.0,0.0
2023-05-30 00:00:00+09:00,62500.0,63400.0,59600.0,60500.0,355242,0.0,0.0
2023-05-31 00:00:00+09:00,60600.0,63200.0,60300.0,62000.0,263887,0.0,0.0
2023-06-01 00:00:00+09:00,62200.0,64600.0,61400.0,63800.0,380578,0.0,0.0
2023-06-02 00:00:00+09:00,63800.0,64400.0,61400.0,62100.0,237797,0.0,0.0
2023-06-05 00:00:00+09:00,62000.0,63500.0,60800.0,62800.0,181685,0.0,0.0
2023-06-07 00:00:00+09:00,62800.0,64100.0,62100.0,62300.0,197419,0.0,0.0
2023-06-08 00:00:00+09:00,62600.0,63100.0,61700.0,62200.0,224163,0.0,0.0
2023-06-09 00:00:00+09:00,62300.0,66400.0,61900.0,63600.0,444435,0.0,0.0
2023-06-12 00:00:00+09:00,63600.0,63700.0,55500.0,57500.0,832921,0.0,0.0
2023-06-13 00:00:00+09:00,58000.0,62300.0,57800.0,61100.0,604055,0.0,0.0
2023-06-14 00:00:00+09:00,60200.0,61100.0,58300.0,58500.0,297392,0.0,0.0
2023-06-15 00:00:00+09:00,58900.0,59500.0,56700.0,57200.0,336585,0.0,0.0
2023-06-16 00:00:00+09:00,57300.0,59700.0,56600.0,57600.0,255288,0.0,0.0
2023-06-19 00:00:00+09:00,57700.0,60900.0,56800.0,59100.0,345138,0.0,0.0
2023-06-20 00:00:00+09:00,58800.0,60000.0,57700.0,59100.0,182719,0.0,0.0
2023-06-21 00:00:00+09:00,59500.0,59500.0,54300.0,55700.0,692004,0.0,0.0
2023-06-22 00:00:00+09:00,56000.0,58200.0,55700.0,57100.0,337859,0.0,0.0
2023-06-23 00:00:00+09:00,57700.0,59300.0,56600.0,56900.0,281399,0.0,0.0
2023-06-26 00:00:00+09:00,56100.0,58900.0,55300.0,57200.0,261897,0.0,0.0
2023-06-27 00:00:00+09:00,56900.0,62500.0,56500.0,60800.0,667470,0.0,0.0
2023-06-28 00:00:00+09:00,63200.0,63500.0,58800.0,60100.0,623990,0.0,0.0
2023-06-29 00:00:00+09:00,60300.0,60300.0,50000.0,51800.0,1590805,0.0,0.0
2023-06-30 00:00:00+09:00,51800.0,55300.0,50800.0,54900.0,585541,0.0,0.0
2023-07-03 00:00:00+09:00,53200.0,54100.0,51100.0,52900.0,946825,0.0,0.0
2023-07-04 00:00:00+09:00,59600.0,60900.0,53500.0,53900.0,1722976,0.0,0.0
2023-07-05 00:00:00+09:00,53100.0,54200.0,52400.0,52400.0,329878,0.0,0.0
2023-07-06 00:00:00+09:00,52200.0,52500.0,50500.0,51000.0,359634,0.0,0.0
2023-07-07 00:00:00+09:00,50500.0,51600.0,50000.0,50700.0,302922,0.0,0.0
2023-07-10 00:00:00+09:00,49800.0,51000.0,49750.0,49950.0,187333,0.0,0.0
2023-07-12 00:00:00+09:00,52000.0,53400.0,51400.0,53100.0,174660,0.0,0.0
2023-07-13 00:00:00+09:00,53200.0,54400.0,53000.0,53000.0,241374,0.0,0.0
2023-07-14 00:00:00+09:00,53200.0,55200.0,53000.0,53900.0,255223,0.0,0.0
2023-07-17 00:00:00+09:00,53400.0,54900.0,52900.0,54300.0,151599,0.0,0.0
2023-07-18 00:00:00+09:00,54000.0,56700.0,53800.0,55400.0,307933,0.0,0.0
2023-07-19 00:00:00+09:00,55800.0,62500.0,55800.0,62500.0,969940,0.0,0.0
2023-07-20 00:00:00+09:00,62000.0,63200.0,60700.0,62800.0,417460,0.0,0.0
2023-07-21 00:00:00+09:00,62500.0,66400.0,62400.0,64900.0,747105,0.0,0.0
2023-07-24 00:00:00+09:00,64900.0,66300.0,62000.0,63200.0,418035,0.0,0.0
2023-07-25 00:00:00+09:00,62500.0,63600.0,61200.0,62700.0,332072,0.0,0.0
2023-07-26 00:00:00+09:00,61900.0,62400.0,59400.0,60600.0,540332,0.0,0.0
2023-07-27 00:00:00+09:00,60600.0,64100.0,59900.0,63200.0,432043,0.0,0.0
2023-07-28 00:00:00+09:00,63000.0,65800.0,62400.0,65400.0,372478,0.0,0.0
2023-07-31 00:00:00+09:00,66000.0,66700.0,62300.0,63800.0,348900,0.0,0.0
2023-08-01 00:00:00+09:00,63000.0,69000.0,62900.0,66300.0,516234,0.0,0.0
2023-08-02 00:00:00+09:00,66300.0,66900.0,63300.0,64300.0,362507,0.0,0.0
2023-08-03 00:00:00+09:00,63500.0,68400.0,63500.0,67500.0,458470,0.0,0.0
2023-08-04 00:00:00+09:00,69000.0,69300.0,66000.0,67000.0,326025,0.0,0.0
2023-08-07 00:00:00+09:00,67100.0,67700.0,64500.0,64800.0,277105,0.0,0.0
2023-08-08 00:00:00+09:00,64900.0,66000.0,63900.0,64300.0,239730,0.0,0.0
2023-08-09 00:00:00+09:00,63600.0,66600.0,63600.0,65300.0,236545,0.0,0.0
2023-08-10 00:00:00+09:00,64800.0,67600.0,63700.0,65500.0,375738,0.0,0.0
2023-08-11 00:00:00+09:00,65500.0,65700.0,62900.0,65000.0,294885,0.0,0.0
2023-08-14 00:00:00+09:00,65800.0,66900.0,63300.0,65400.0,308298,0.0,0.0
2023-08-16 00:00:00+09:00,64700.0,65000.0,62000.0,62200.0,282750,0.0,0.0
2023-08-17 00:00:00+09:00,62000.0,62600.0,60900.0,61500.0,286511,0.0,0.0
2023-08-18 00:00:00+09:00,60700.0,61800.0,59600.0,60100.0,205991,0.0,0.0
2023-08-21 00:00:00+09:00,59000.0,59500.0,56800.0,58200.0,349690,0.0,0.0
2023-08-22 00:00:00+09:00,58500.0,60000.0,57600.0,57800.0,188235,0.0,0.0
2023-08-23 00:00:00+09:00,57700.0,58200.0,55500.0,56600.0,290346,0.0,0.0
2023-08-24 00:00:00+09:00,71700.0,73500.0,70000.0,73500.0,1295286,0.0,0.0
2023-08-25 00:00:00+09:00,78700.0,83300.0,73500.0,79500.0,4228277,0.0,0.0
2023-08-28 00:00:00+09:00,80800.0,85700.0,80000.0,80400.0,1362120,0.0,0.0
2023-08-29 00:00:00+09:00,85000.0,91300.0,83600.0,86200.0,2423301,0.0,0.0
2023-08-30 00:00:00+09:00,85600.0,88800.0,85400.0,87400.0,671591,0.0,0.0
2023-08-31 00:00:00+09:00,86600.0,90500.0,84800.0,87900.0,745401,0.0,0.0
2023-09-01 00:00:00+09:00,86900.0,91300.0,86000.0,88600.0,554301,0.0,0.0
2023-09-04 00:00:00+09:00,88400.0,93900.0,87400.0,93100.0,736373,0.0,0.0
2023-09-05 00:00:00+09:00,92300.0,94500.0,92100.0,93200.0,335109,0.0,0.0
2023-09-06 00:00:00+09:00,94300.0,98200.0,93100.0,96600.0,629357,0.0,0.0
2023-09-07 00:00:00+09:00,96400.0,98300.0,93700.0,95400.0,428945,0.0,0.0
2023-09-08 00:00:00+09:00,95300.0,98600.0,94900.0,96500.0,511002,0.0,0.0
2023-09-11 00:00:00+09:00,96500.0,97700.0,92100.0,92700.0,455680,0.0,0.0
2023-09-12 00:00:00+09:00,92800.0,93400.0,83600.0,90500.0,797579,0.0,0.0
2023-09-13 00:00:00+09:00,89400.0,90500.0,86500.0,87100.0,406150,0.0,0.0
2023-09-14 00:00:00+09:00,87200.0,89100.0,85900.0,87700.0,348802,0.0,0.0
2023-09-15 00:00:00+09:00,87400.0,89600.0,85600.0,89100.0,294486,0.0,0.0
2023-09-18 00:00:00+09:00,87800.0,93800.0,87700.0,93100.0,341056,0.0,0.0
2023-09-19 00:00:00+09:00,92500.0,94100.0,89500.0,93200.0,284854,0.0,0.0
2023-09-20 00:00:00+09:00,93200.0,93400.0,85100.0,88000.0,668334,0.0,0.0
2023-09-21 00:00:00+09:00,86700.0,87300.0,79800.0,80300.0,789218,0.0,0.0
2023-09-22 00:00:00+09:00,78000.0,80200.0,77500.0,79400.0,389944,0.0,0.0
2023-09-25 00:00:00+09:00,78100.0,81500.0,76500.0,79500.0,427798,0.0,0.0
2023-09-26 00:00:00+09:00,79000.0,80400.0,76700.0,76800.0,283300,0.0,0.0
2023-09-27 00:00:00+09:00,76500.0,78700.0,75600.0,76800.0,393995,0.0,0.0
2023-10-04 00:00:00+09:00,73700.0,75900.0,72500.0,73800.0,423101,0.0,0.0
2023-10-05 00:00:00+09:00,75100.0,77200.0,73800.0,74500.0,333965,0.0,0.0
2023-10-06 00:00:00+09:00,74100.0,77900.0,74100.0,76800.0,234750,0.0,0.0
2023-10-10 00:00:00+09:00,77000.0,79600.0,75600.0,75700.0,346955,0.0,0.0
2023-10-11 00:00:00+09:00,76200.0,77100.0,75300.0,75900.0,209005,0.0,0.0
2023-10-12 00:00:00+09:00,76600.0,79400.0,75900.0,78700.0,412249,0.0,0.0
2023-10-13 00:00:00+09:00,78200.0,79300.0,77600.0,79200.0,170295,0.0,0.0
2023-10-16 00:00:00+09:00,78300.0,79100.0,76000.0,77400.0,252820,0.0,0.0
2023-10-17 00:00:00+09:00,77400.0,78800.0,75100.0,76400.0,218919,0.0,0.0
2023-10-18 00:00:00+09:00,75700.0,76000.0,71000.0,71300.0,372863,0.0,0.0
2023-10-19 00:00:00+09:00,70100.0,71100.0,67400.0,67900.0,349003,0.0,0.0
2023-10-20 00:00:00+09:00,66800.0,68000.0,64600.0,65700.0,398258,0.0,0.0
2023-10-23 00:00:00+09:00,65000.0,66600.0,64900.0,65800.0,190667,0.0,0.0
2023-10-24 00:00:00+09:00,66200.0,67200.0,64100.0,66900.0,257362,0.0,0.0
2023-10-25 00:00:00+09:00,67100.0,67800.0,65200.0,65700.0,138402,0.0,0.0
2023-10-26 00:00:00+09:00,64000.0,65400.0,63500.0,64200.0,166016,0.0,0.0
2023-10-27 00:00:00+09:00,64300.0,65800.0,63400.0,64400.0,185335,0.0,0.0
2023-10-30 00:00:00+09:00,64000.0,64600.0,62500.0,63600.0,181555,0.0,0.0
2023-10-31 00:00:00+09:00,63800.0,64000.0,61000.0,61400.0,224646,0.0,0.0
2023-11-01 00:00:00+09:00,61900.0,64400.0,61900.0,63100.0,163028,0.0,0.0
2023-11-02 00:00:00+09:00,64500.0,70300.0,64500.0,69200.0,292145,0.0,0.0
2023-11-03 00:00:00+09:00,70200.0,70200.0,67500.0,68100.0,167207,0.0,0.0
2023-11-06 00:00:00+09:00,70000.0,73600.0,68800.0,73100.0,408588,0.0,0.0
2023-11-07 00:00:00+09:00,71900.0,73500.0,70600.0,71500.0,198687,0.0,0.0
2023-11-08 00:00:00+09:00,72000.0,74300.0,71600.0,73300.0,186309,0.0,0.0
2023-11-09 00:00:00+09:00,73200.0,74000.0,69800.0,69800.0,197862,0.0,0.0
2023-11-10 00:00:00+09:00,68900.0,70000.0,65400.0,66800.0,277880,0.0,0.0
2023-11-13 00:00:00+09:00,67000.0,68400.0,63300.0,63900.0,230616,0.0,0.0
2023-11-14 00:00:00+09:00,64200.0,67000.0,64200.0,66900.0,173850,0.0,0.0
2023-11-15 00:00:00+09:00,67600.0,70000.0,67500.0,68700.0,205671,0.0,0.0
2023-11-16 00:00:00+09:00,69300.0,69400.0,66900.0,67600.0,118607,0.0,0.0
2023-11-17 00:00:00+09:00,67400.0,67500.0,61200.0,61600.0,408845,0.0,0.0
2023-11-20 00:00:00+09:00,62300.0,64000.0,61100.0,63200.0,269925,0.0,0.0
2023-11-21 00:00:00+09:00,79000.0,81000.0,71300.0,71600.0,2493615,0.0,0.0
2023-11-22 00:00:00+09:00,71500.0,73400.0,67200.0,68200.0,1130221,0.0,0.0
2023-11-23 00:00:00+09:00,68200.0,72500.0,68200.0,69500.0,554058,0.0,0.0
2023-11-24 00:00:00+09:00,68500.0,69300.0,65400.0,66900.0,517657,0.0,0.0
2023-11-27 00:00:00+09:00,67300.0,67500.0,63900.0,64800.0,281099,0.0,0.0
2023-11-28 00:00:00+09:00,64100.0,70700.0,64100.0,70700.0,496952,0.0,0.0
2023-11-29 00:00:00+09:00,70200.0,74800.0,69700.0,72000.0,634805,0.0,0.0
2023-11-30 00:00:00+09:00,71400.0,74000.0,70200.0,71200.0,402837,0.0,0.0
2023-12-01 00:00:00+09:00,71600.0,74300.0,69900.0,74300.0,419370,0.0,0.0
2023-12-04 00:00:00+09:00,74500.0,75100.0,72500.0,73900.0,318722,0.0,0.0
2023-12-05 00:00:00+09:00,73300.0,74300.0,69000.0,70000.0,363393,0.0,0.0
2023-12-06 00:00:00+09:00,70200.0,70600.0,69000.0,69300.0,167232,0.0,0.0
2023-12-07 00:00:00+09:00,69400.0,71300.0,68300.0,68700.0,279611,0.0,0.0
2023-12-08 00:00:00+09:00,69100.0,69500.0,66500.0,68500.0,214687,0.0,0.0
2023-12-11 00:00:00+09:00,67900.0,69000.0,66200.0,66900.0,196812,0.0,0.0
2023-12-12 00:00:00+09:00,66300.0,69600.0,66000.0,69000.0,274852,0.0,0.0
2023-12-13 00:00:00+09:00,68200.0,69100.0,66800.0,66800.0,211511,0.0,0.0
2023-12-14 00:00:00+09:00,67500.0,69300.0,67400.0,67400.0,283849,0.0,0.0
2023-12-15 00:00:00+09:00,67600.0,68000.0,65600.0,66900.0,201021,0.0,0.0
2023-12-18 00:00:00+09:00,67800.0,68900.0,67000.0,67100.0,245488,0.0,0.0
2023-12-19 00:00:00+09:00,67000.0,69400.0,66500.0,68300.0,242212,0.0,0.0
2023-12-20 00:00:00+09:00,68900.0,70500.0,68000.0,69500.0,303230,0.0,0.0
2023-12-21 00:00:00+09:00,69600.0,72800.0,69300.0,71200.0,494369,0.0,0.0
2023-12-22 00:00:00+09:00,71100.0,72400.0,69900.0,70800.0,317695,0.0,0.0
2023-12-26 00:00:00+09:00,73200.0,74700.0,71700.0,73100.0,631739,0.0,0.0
2023-12-27 00:00:00+09:00,73500.0,77600.0,73500.0,74300.0,760546,0.0,0.0
2023-12-28 00:00:00+09:00,75200.0,77500.0,73100.0,77300.0,377748,0.0,0.0
2024-01-02 00:00:00+09:00,79000.0,81000.0,77300.0,79900.0,596467,0.0,0.0
2024-01-03 00:00:00+09:00,80200.0,80800.0,76700.0,79000.0,314725,0.0,0.0
2024-01-04 00:00:00+09:00,77900.0,78000.0,73000.0,74400.0,524240,0.0,0.0
2024-01-05 00:00:00+09:00,74000.0,76000.0,73800.0,75200.0,205336,0.0,0.0
2024-01-08 00:00:00+09:00,75300.0,79500.0,74300.0,78900.0,347275,0.0,0.0
2024-01-09 00:00:00+09:00,78700.0,81200.0,77900.0,80100.0,287314,0.0,0.0
2024-01-10 00:00:00+09:00,80100.0,83000.0,78600.0,80000.0,348744,0.0,0.0
2024-01-11 00:00:00+09:00,79200.0,80700.0,77000.0,78900.0,264407,0.0,0.0
2024-01-12 00:00:00+09:00,78800.0,79300.0,75400.0,77800.0,276520,0.0,0.0
2024-01-15 00:00:00+09:00,77900.0,78200.0,74400.0,74600.0,197979,0.0,0.0
2024-01-16 00:00:00+09:00,74700.0,75700.0,72400.0,72700.0,191455,0.0,0.0
2024-01-17 00:00:00+09:00,72500.0,73000.0,70300.0,70800.0,218354,0.0,0.0
2024-01-18 00:00:00+09:00,70700.0,72900.0,69800.0,71500.0,164049,0.0,0.0
2024-01-19 00:00:00+09:00,72500.0,74600.0,69900.0,70600.0,228233,0.0,0.0
2024-01-22 00:00:00+09:00,70700.0,72100.0,69900.0,71000.0,135950,0.0,0.0
2024-01-23 00:00:00+09:00,71700.0,73900.0,70600.0,72500.0,162211,0.0,0.0
2024-01-24 00:00:00+09:00,72500.0,72500.0,70300.0,70300.0,121541,0.0,0.0
2024-01-25 00:00:00+09:00,69800.0,70000.0,67400.0,68000.0,196486,0.0,0.0
2024-01-26 00:00:00+09:00,67300.0,70000.0,67200.0,68300.0,148588,0.0,0.0
2024-01-29 00:00:00+09:00,68600.0,69300.0,65300.0,65600.0,253234,0.0,0.0
2024-01-30 00:00:00+09:00,66000.0,67300.0,65100.0,67200.0,184939,0.0,0.0
2024-01-31 00:00:00+09:00,67200.0,67200.0,64000.0,64100.0,203792,0.0,0.0
2024-02-01 00:00:00+09:00,63900.0,64800.0,61900.0,64200.0,198419,0.0,0.0
2024-02-02 00:00:00+09:00,64700.0,66400.0,64700.0,65500.0,179295,0.0,0.0
2024-02-05 00:00:00+09:00,64600.0,64900.0,62500.0,62600.0,186305,0.0,0.0
2024-02-06 00:00:00+09:00,62700.0,63500.0,62000.0,62600.0,139360,0.0,0.0
2024-02-07 00:00:00+09:00,62200.0,63600.0,62100.0,62400.0,102754,0.0,0.0
2024-02-08 00:00:00+09:00,62400.0,65800.0,62100.0,64800.0,238469,0.0,0.0
2024-02-13 00:00:00+09:00,64400.0,69800.0,64100.0,68800.0,244767,0.0,0.0
2024-02-14 00:00:00+09:00,67100.0,71100.0,66800.0,70200.0,238095,0.0,0.0
2024-02-15 00:00:00+09:00,70500.0,72100.0,69200.0,70200.0,199777,0.0,0.0
2024-02-16 00:00:00+09:00,70600.0,71900.0,70100.0,70800.0,113706,0.0,0.0
2024-02-19 00:00:00+09:00,70800.0,71400.0,69400.0,69800.0,123827,0.0,0.0
2024-02-20 00:00:00+09:00,69200.0,69700.0,67800.0,68200.0,121267,0.0,0.0
2024-02-21 00:00:00+09:00,67600.0,68300.0,65900.0,67000.0,177835,0.0,0.0
2024-02-22 00:00:00+09:00,66600.0,71100.0,66400.0,69300.0,204786,0.0,0.0
2024-02-23 00:00:00+09:00,70200.0,76000.0,70100.0,73500.0,787842,0.0,0.0
2024-02-26 00:00:00+09:00,73000.0,75000.0,71100.0,73400.0,271375,0.0,0.0
2024-02-27 00:00:00+09:00,73100.0,73500.0,69000.0,69400.0,313586,0.0,0.0
2024-02-28 00:00:00+09:00,69100.0,79200.0,68400.0,77200.0,467131,0.0,0.0
2024-02-29 00:00:00+09:00,75200.0,76600.0,71600.0,71600.0,482287,0.0,0.0
2024-03-04 00:00:00+09:00,72200.0,77000.0,71300.0,75800.0,411023,0.0,0.0
2024-03-05 00:00:00+09:00,76000.0,77500.0,74600.0,76400.0,391621,0.0,0.0
2024-03-06 00:00:00+09:00,77200.0,80000.0,75100.0,77100.0,639478,0.0,0.0
2024-03-07 00:00:00+09:00,78500.0,80500.0,75800.0,76300.0,567556,0.0,0.0
2024-03-08 00:00:00+09:00,76300.0,81800.0,74500.0,81300.0,718218,0.0,0.0
2024-03-11 00:00:00+09:00,83000.0,83500.0,79600.0,80700.0,464053,0.0,0.0
2024-03-12 00:00:00+09:00,80100.0,81400.0,77000.0,78200.0,365981,0.0,0.0
2024-03-13 00:00:00+09:00,77500.0,82800.0,77500.0,80000.0,679751,0.0,0.0
2024-03-14 00:00:00+09:00,80500.0,84300.0,78800.0,79900.0,713352,0.0,0.0
2024-03-15 00:00:00+09:00,80300.0,80800.0,77500.0,77800.0,354579,0.0,0.0
2024-03-18 00:00:00+09:00,79400.0,87700.0,77800.0,86500.0,1226331,0.0,0.0
2024-03-19 00:00:00+09:00,85300.0,89000.0,83900.0,88000.0,829416,0.0,0.0
2024-03-20 00:00:00+09:00,87100.0,88400.0,84700.0,86200.0,401211,0.0,0.0
2024-03-21 00:00:00+09:00,86700.0,88600.0,86000.0,87100.0,356295,0.0,0.0
2024-03-22 00:00:00+09:00,87500.0,91900.0,78800.0,85500.0,1511659,0.0,0.0
2024-03-25 00:00:00+09:00,103000.0,111100.0,102700.0,111100.0,2676089,0.0,0.0
2024-03-26 00:00:00+09:00,118100.0,143400.0,117000.0,140400.0,10118890,0.0,0.0
2024-03-27 00:00:00+09:00,141200.0,147300.0,135700.0,140600.0,3928762,0.0,0.0
2024-03-28 00:00:00+09:00,139100.0,148700.0,135900.0,137400.0,2949002,0.0,0.0
2024-03-29 00:00:00+09:00,136600.0,142300.0,135100.0,140600.0,1486563,0.0,0.0
2024-04-01 00:00:00+09:00,146500.0,151200.0,138300.0,140700.0,2503713,0.0,0.0
2024-04-02 00:00:00+09:00,136900.0,137500.0,112000.0,115500.0,7050722,0.0,0.0
2024-04-03 00:00:00+09:00,111500.0,116900.0,107300.0,109400.0,2960369,0.0,0.0
2024-04-04 00:00:00+09:00,111500.0,116100.0,104600.0,111400.0,4023260,0.0,0.0
2024-04-05 00:00:00+09:00,107500.0,114500.0,98900.0,112400.0,4346370,0.0,0.0
2024-04-08 00:00:00+09:00,108900.0,111100.0,103400.0,103500.0,1353134,0.0,0.0
2024-04-09 00:00:00+09:00,102900.0,109300.0,101800.0,104700.0,1561977,0.0,0.0
2024-04-11 00:00:00+09:00,101300.0,103000.0,97000.0,97400.0,1218299,0.0,0.0
2024-04-12 00:00:00+09:00,98400.0,108200.0,98200.0,105800.0,2000953,0.0,0.0
2024-04-15 00:00:00+09:00,104600.0,106900.0,101500.0,102700.0,667073,0.0,0.0
2024-04-16 00:00:00+09:00,100000.0,100400.0,96100.0,97100.0,951180,0.0,0.0
2024-04-17 00:00:00+09:00,97800.0,98800.0,95400.0,95400.0,543316,0.0,0.0
2024-04-18 00:00:00+09:00,95500.0,108600.0,95400.0,103900.0,1728395,0.0,0.0
2024-04-19 00:00:00+09:00,102900.0,105200.0,98400.0,102700.0,926519,0.0,0.0
2024-04-22 00:00:00+09:00,105100.0,106900.0,99800.0,100200.0,906728,0.0,0.0
2024-04-23 00:00:00+09:00,100600.0,103400.0,99300.0,101700.0,597164,0.0,0.0
2024-04-24 00:00:00+09:00,102100.0,110800.0,100200.0,108500.0,1157709,0.0,0.0
2024-04-25 00:00:00+09:00,107500.0,109200.0,103300.0,104700.0,610537,0.0,0.0
2024-04-26 00:00:00+09:00,107100.0,110500.0,105200.0,106600.0,860094,0.0,0.0
2024-04-29 00:00:00+09:00,107200.0,108600.0,103400.0,105600.0,480793,0.0,0.0
2024-04-30 00:00:00+09:00,104700.0,107000.0,103600.0,104600.0,380874,0.0,0.0
2024-05-02 00:00:00+09:00,104300.0,114300.0,103100.0,112500.0,1420146,0.0,0.0
2024-05-03 00:00:00+09:00,111800.0,121100.0,111000.0,116600.0,1511501,0.0,0.0
2024-05-07 00:00:00+09:00,119700.0,120800.0,114400.0,117000.0,653702,0.0,0.0
2024-05-08 00:00:00+09:00,117100.0,117100.0,108800.0,112000.0,884500,0.0,0.0
2024-05-09 00:00:00+09:00,112000.0,115300.0,110900.0,111600.0,522539,0.0,0.0
2024-05-10 00:00:00+09:00,112200.0,116700.0,110900.0,114100.0,578144,0.0,0.0
2024-05-13 00:00:00+09:00,116000.0,117600.0,108400.0,111800.0,684283,0.0,0.0
2024-05-14 00:00:00+09:00,111900.0,114700.0,111500.0,111700.0,383561,0.0,0.0
2024-05-16 00:00:00+09:00,113300.0,118000.0,110500.0,111000.0,948662,0.0,0.0
2024-05-17 00:00:00+09:00,107200.0,116800.0,105500.0,112300.0,1317598,0.0,0.0
2024-05-20 00:00:00+09:00,111300.0,114900.0,110400.0,113600.0,549316,0.0,0.0
2024-05-21 00:00:00+09:00,114500.0,116300.0,112600.0,115500.0,511763,0.0,0.0
2024-05-22 00:00:00+09:00,119700.0,122400.0,117000.0,117400.0,1012550,0.0,0.0
2024-05-23 00:00:00+09:00,116300.0,117800.0,112800.0,113500.0,457708,0.0,0.0
2024-05-24 00:00:00+09:00,111400.0,115400.0,107100.0,114500.0,674623,0.0,0.0
2024-05-27 00:00:00+09:00,112600.0,113200.0,107100.0,107100.0,836650,0.0,0.0
2024-05-28 00:00:00+09:00,107200.0,109900.0,104900.0,105500.0,555815,0.0,0.0
2024-05-29 00:00:00+09:00,105500.0,105800.0,100500.0,100900.0,629990,0.0,0.0
2024-05-30 00:00:00+09:00,99800.0,104000.0,99200.0,103000.0,384386,0.0,0.0
2024-05-31 00:00:00+09:00,107200.0,120400.0,105400.0,119300.0,1773703,0.0,0.0
2024-06-03 00:00:00+09:00,117800.0,124800.0,115500.0,123800.0,1162397,0.0,0.0
2024-06-04 00:00:00+09:00,124800.0,128500.0,122800.0,126500.0,972468,0.0,0.0
2024-06-05 00:00:00+09:00,126500.0,126500.0,122700.0,124500.0,386230,0.0,0.0
2024-06-07 00:00:00+09:00,124000.0,128900.0,122300.0,127000.0,647701,0.0,0.0
2024-06-10 00:00:00+09:00,126300.0,127400.0,118900.0,121500.0,572242,0.0,0.0
2024-06-11 00:00:00+09:00,122000.0,130900.0,118600.0,123500.0,1062574,0.0,0.0
2024-06-12 00:00:00+09:00,124400.0,130500.0,122400.0,128800.0,755760,0.0,0.0
2024-06-13 00:00:00+09:00,132300.0,134900.0,126000.0,128400.0,972067,0.0,0.0
2024-06-14 00:00:00+09:00,127800.0,129600.0,123000.0,123000.0,461485,0.0,0.0
2024-06-17 00:00:00+09:00,126200.0,129900.0,120200.0,121800.0,1226310,0.0,0.0
2024-06-18 00:00:00+09:00,120900.0,149500.0,120800.0,141500.0,3317004,0.0,0.0
2024-06-19 00:00:00+09:00,150500.0,164700.0,148200.0,163800.0,5125530,0.0,0.0
2024-06-20 00:00:00+09:00,161600.0,165900.0,158100.0,163400.0,1622324,0.0,0.0
2024-06-21 00:00:00+09:00,164600.0,167000.0,155900.0,158500.0,1006621,0.0,0.0
2024-06-24 00:00:00+09:00,157900.0,161300.0,138600.0,144700.0,2777528,0.0,0.0
2024-06-25 00:00:00+09:00,147300.0,150200.0,141800.0,148100.0,1092355,0.0,0.0
2024-06-26 00:00:00+09:00,147700.0,150500.0,142500.0,143500.0,864481,0.0,0.0
2024-06-27 00:00:00+09:00,143300.0,145000.0,139300.0,142000.0,616685,0.0,0.0
2024-06-28 00:00:00+09:00,144700.0,151800.0,143000.0,146100.0,2054288,0.0,0.0
2024-07-01 00:00:00+09:00,151300.0,158100.0,149600.0,153200.0,1732770,0.0,0.0
2024-07-02 00:00:00+09:00,156000.0,168800.0,146100.0,166800.0,2399963,0.0,0.0
2024-07-03 00:00:00+09:00,162500.0,187600.0,161500.0,181800.0,3977964,0.0,0.0
2024-07-04 00:00:00+09:00,179000.0,189100.0,175000.0,181800.0,1927799,0.0,0.0
2024-07-05 00:00:00+09:00,186900.0,203000.0,184000.0,196700.0,3096305,0.0,0.0
2024-07-08 00:00:00+09:00,196700.0,198300.0,186600.0,194500.0,1298057,0.0,0.0
2024-07-09 00:00:00+09:00,192000.0,212000.0,191800.0,209000.0,1641901,0.0,0.0
2024-07-10 00:00:00+09:00,218500.0,230000.0,210000.0,214000.0,2436362,0.0,0.0
2024-07-11 00:00:00+09:00,212000.0,221000.0,203500.0,206000.0,1418297,0.0,0.0
2024-07-12 00:00:00+09:00,203000.0,209000.0,192500.0,199000.0,1459813,0.0,0.0
2024-07-15 00:00:00+09:00,203000.0,203000.0,190100.0,198000.0,1070251,0.0,0.0
2024-07-16 00:00:00+09:00,206000.0,229500.0,192600.0,195200.0,4245048,0.0,0.0
2024-07-17 00:00:00+09:00,196200.0,209000.0,187400.0,189000.0,1888595,0.0,0.0
2024-07-18 00:00:00+09:00,183000.0,192000.0,182600.0,185400.0,951009,0.0,0.0
2024-07-19 00:00:00+09:00,183400.0,195000.0,181300.0,192400.0,1080628,0.0,0.0
2024-07-22 00:00:00+09:00,194100.0,194400.0,175900.0,185500.0,1246888,0.0,0.0
2024-07-23 00:00:00+09:00,186700.0,192500.0,185200.0,187000.0,762998,0.0,0.0
2024-07-24 00:00:00+09:00,187000.0,189100.0,181000.0,185200.0,558665,0.0,0.0
2024-07-25 00:00:00+09:00,180500.0,183900.0,174000.0,174000.0,798179,0.0,0.0
2024-07-26 00:00:00+09:00,174900.0,180700.0,169000.0,176900.0,873619,0.0,0.0
2024-07-29 00:00:00+09:00,180600.0,187200.0,178900.0,184000.0,696258,0.0,0.0
2024-07-30 00:00:00+09:00,185400.0,186000.0,181000.0,182800.0,348141,0.0,0.0
2024-07-31 00:00:00+09:00,181700.0,186400.0,179400.0,182700.0,380992,0.0,0.0
2024-08-01 00:00:00+09:00,183000.0,184800.0,181100.0,182400.0,286441,0.0,0.0
2024-08-02 00:00:00+09:00,178200.0,182100.0,174900.0,179500.0,448697,0.0,0.0
