Date,Open,High,Low,Close,Volume,Dividends,Stock Splits
2020-09-10 00:00:00+09:00,48000.0,62400.0,48000.0,62400.0,561750,0.0,0.0
2020-09-11 00:00:00+09:00,81100.0,81100.0,81100.0,81100.0,5013108,0.0,0.0
2020-09-14 00:00:00+09:00,86500.0,89100.0,73400.0,73800.0,20213300,0.0,0.0
2020-09-15 00:00:00+09:00,69900.0,71200.0,67100.0,67500.0,8309077,0.0,0.0
2020-09-16 00:00:00+09:00,66200.0,69500.0,65400.0,66300.0,5054727,0.0,0.0
2020-09-17 00:00:00+09:00,67000.0,67800.0,64600.0,64600.0,2373463,0.0,0.0
2020-09-18 00:00:00+09:00,65400.0,65700.0,62800.0,63400.0,1914432,0.0,0.0
2020-09-21 00:00:00+09:00,63400.0,63400.0,59000.0,59500.0,2795320,0.0,0.0
2020-09-22 00:00:00+09:00,59400.0,59400.0,55700.0,55800.0,2177733,0.0,0.0
2020-09-23 00:00:00+09:00,56500.0,58500.0,55700.0,55800.0,2348346,0.0,0.0
2020-09-24 00:00:00+09:00,54100.0,54700.0,51200.0,51200.0,1816853,0.0,0.0
2020-09-25 00:00:00+09:00,51800.0,52700.0,50000.0,50200.0,1460902,0.0,0.0
2020-09-28 00:00:00+09:00,51000.0,52300.0,50300.0,51200.0,1175390,0.0,0.0
2020-09-29 00:00:00+09:00,51900.0,59000.0,51600.0,56200.0,5973599,0.0,0.0
2020-10-05 00:00:00+09:00,55400.0,55700.0,53500.0,54200.0,1084557,0.0,0.0
2020-10-06 00:00:00+09:00,54500.0,56300.0,54100.0,54300.0,1108411,0.0,0.0
2020-10-07 00:00:00+09:00,54200.0,55000.0,53600.0,54500.0,486108,0.0,0.0
2020-10-08 00:00:00+09:00,53100.0,54000.0,53000.0,53000.0,1074272,0.0,0.0
2020-10-12 00:00:00+09:00,45350.0,49800.0,45300.0,49100.0,6329513,0.0,0.0
2020-10-13 00:00:00+09:00,49650.0,50700.0,48550.0,49150.0,1844923,0.0,0.0
2020-10-14 00:00:00+09:00,49300.0,49550.0,48000.0,48250.0,1094816,0.0,0.0
2020-10-15 00:00:00+09:00,48000.0,48150.0,45750.0,46300.0,1556392,0.0,0.0
2020-10-16 00:00:00+09:00,46100.0,46900.0,45500.0,45850.0,899887,0.0,0.0
2020-10-19 00:00:00+09:00,45850.0,46350.0,45000.0,45050.0,678129,0.0,0.0
2020-10-20 00:00:00+09:00,44500.0,45400.0,44000.0,44750.0,807546,0.0,0.0
2020-10-21 00:00:00+09:00,45000.0,47300.0,44950.0,46650.0,1359260,0.0,0.0
2020-10-22 00:00:00+09:00,47000.0,47300.0,46300.0,46500.0,657214,0.0,0.0
2020-10-23 00:00:00+09:00,46400.0,46750.0,45450.0,45500.0,511899,0.0,0.0
2020-10-26 00:00:00+09:00,45200.0,45350.0,44050.0,44100.0,575024,0.0,0.0
2020-10-27 00:00:00+09:00,43700.0,44600.0,42950.0,44050.0,422996,0.0,0.0
2020-10-28 00:00:00+09:00,43950.0,44950.0,43950.0,44650.0,404797,0.0,0.0
2020-10-29 00:00:00+09:00,44000.0,44850.0,43850.0,44600.0,359496,0.0,0.0
2020-10-30 00:00:00+09:00,44950.0,46600.0,44550.0,45150.0,719971,0.0,0.0
2020-11-02 00:00:00+09:00,45500.0,46350.0,45500.0,46250.0,468944,0.0,0.0
2020-11-03 00:00:00+09:00,46800.0,47300.0,46450.0,46950.0,645298,0.0,0.0
2020-11-04 00:00:00+09:00,47550.0,47700.0,46450.0,47000.0,711885,0.0,0.0
2020-11-05 00:00:00+09:00,47650.0,49700.0,47300.0,48950.0,1694707,0.0,0.0
2020-11-06 00:00:00+09:00,49700.0,50700.0,49000.0,49150.0,1131914,0.0,0.0
2020-11-09 00:00:00+09:00,50100.0,50400.0,49500.0,50000.0,769607,0.0,0.0
2020-11-10 00:00:00+09:00,49200.0,49400.0,48550.0,48900.0,691699,0.0,0.0
2020-11-11 00:00:00+09:00,48850.0,48850.0,47650.0,48350.0,562560,0.0,0.0
2020-11-12 00:00:00+09:00,48450.0,49150.0,48450.0,48650.0,325194,0.0,0.0
2020-11-13 00:00:00+09:00,48050.0,48400.0,47700.0,48150.0,351363,0.0,0.0
2020-11-16 00:00:00+09:00,48200.0,48750.0,48150.0,48600.0,354478,0.0,0.0
2020-11-17 00:00:00+09:00,49100.0,49100.0,48000.0,48000.0,420392,0.0,0.0
2020-11-18 00:00:00+09:00,48050.0,48500.0,48050.0,48250.0,274811,0.0,0.0
2020-11-19 00:00:00+09:00,48050.0,48100.0,47500.0,47950.0,339207,0.0,0.0
2020-11-20 00:00:00+09:00,47650.0,48450.0,47550.0,48250.0,313208,0.0,0.0
2020-11-23 00:00:00+09:00,48250.0,49050.0,48250.0,49050.0,549980,0.0,0.0
2020-11-24 00:00:00+09:00,49250.0,49500.0,48850.0,49100.0,429791,0.0,0.0
2020-11-25 00:00:00+09:00,49350.0,49400.0,48100.0,48450.0,512444,0.0,0.0
2020-11-26 00:00:00+09:00,48600.0,49200.0,48600.0,49050.0,421187,0.0,0.0
2020-11-27 00:00:00+09:00,49900.0,49900.0,49000.0,49650.0,655735,0.0,0.0
2020-11-30 00:00:00+09:00,49700.0,49800.0,49000.0,49450.0,490301,0.0,0.0
2020-12-01 00:00:00+09:00,49550.0,49550.0,48800.0,48900.0,489259,0.0,0.0
2020-12-02 00:00:00+09:00,48900.0,49050.0,47800.0,47950.0,705709,0.0,0.0
2020-12-03 00:00:00+09:00,48350.0,48700.0,47950.0,48150.0,465305,0.0,0.0
2020-12-04 00:00:00+09:00,48650.0,50700.0,48400.0,49900.0,2077596,0.0,0.0
2020-12-07 00:00:00+09:00,50400.0,50400.0,49000.0,49200.0,674680,0.0,0.0
2020-12-08 00:00:00+09:00,49300.0,50000.0,49000.0,49150.0,506466,0.0,0.0
2020-12-09 00:00:00+09:00,49200.0,49700.0,48900.0,48950.0,539249,0.0,0.0
2020-12-10 00:00:00+09:00,46950.0,48150.0,46900.0,47300.0,2821309,0.0,0.0
2020-12-11 00:00:00+09:00,47600.0,48150.0,47450.0,47500.0,754894,0.0,0.0
2020-12-14 00:00:00+09:00,47550.0,47550.0,46750.0,46950.0,701953,0.0,0.0
2020-12-15 00:00:00+09:00,46900.0,46950.0,46000.0,46200.0,3407645,0.0,0.0
2020-12-16 00:00:00+09:00,46100.0,46950.0,46100.0,46350.0,480240,0.0,0.0
2020-12-17 00:00:00+09:00,46350.0,46850.0,46200.0,46450.0,523303,0.0,0.0
2020-12-18 00:00:00+09:00,46500.0,46550.0,46050.0,46350.0,517064,0.0,0.0
2020-12-21 00:00:00+09:00,46650.0,46700.0,45800.0,45900.0,540756,0.0,0.0
2020-12-22 00:00:00+09:00,45850.0,45850.0,45050.0,45050.0,638206,0.0,0.0
2020-12-23 00:00:00+09:00,45000.0,45650.0,44600.0,44900.0,564725,0.0,0.0
2020-12-24 00:00:00+09:00,45150.0,45500.0,44800.0,45250.0,453087,0.0,0.0
2020-12-28 00:00:00+09:00,45250.0,45500.0,44900.0,45500.0,511075,0.0,0.0
2020-12-29 00:00:00+09:00,45700.0,45750.0,45300.0,45450.0,358155,0.0,0.0
2020-12-30 00:00:00+09:00,45450.0,46400.0,45250.0,46000.0,468682,0.0,0.0
2021-01-04 00:00:00+09:00,46300.0,46300.0,45750.0,46000.0,511447,0.0,0.0
2021-01-05 00:00:00+09:00,46000.0,46600.0,45600.0,46600.0,743459,0.0,0.0
2021-01-06 00:00:00+09:00,46650.0,46650.0,46000.0,46050.0,548022,0.0,0.0
2021-01-07 00:00:00+09:00,46050.0,46300.0,45950.0,46150.0,492674,0.0,0.0
2021-01-08 00:00:00+09:00,46250.0,48500.0,45600.0,47000.0,2475096,0.0,0.0
2021-01-11 00:00:00+09:00,47100.0,47800.0,46250.0,46700.0,1399737,0.0,0.0
2021-01-12 00:00:00+09:00,46700.0,47550.0,46050.0,46200.0,760906,0.0,0.0
2021-01-13 00:00:00+09:00,46200.0,47300.0,46200.0,46700.0,622118,0.0,0.0
2021-01-14 00:00:00+09:00,46700.0,47150.0,46400.0,46650.0,541192,0.0,0.0
2021-01-15 00:00:00+09:00,46500.0,47100.0,46050.0,46150.0,547010,0.0,0.0
2021-01-18 00:00:00+09:00,46000.0,46050.0,45300.0,45400.0,510766,0.0,0.0
2021-01-19 00:00:00+09:00,45350.0,45800.0,45350.0,45650.0,360449,0.0,0.0
2021-01-20 00:00:00+09:00,45700.0,46500.0,45700.0,46350.0,451605,0.0,0.0
2021-01-21 00:00:00+09:00,46550.0,47050.0,46500.0,46650.0,526311,0.0,0.0
2021-01-22 00:00:00+09:00,46800.0,49700.0,46700.0,48050.0,3442304,0.0,0.0
2021-01-25 00:00:00+09:00,49100.0,49750.0,48600.0,49650.0,1861191,0.0,0.0
2021-01-26 00:00:00+09:00,50200.0,50300.0,48600.0,48800.0,1166446,0.0,0.0
2021-01-27 00:00:00+09:00,48900.0,49250.0,48000.0,48750.0,696460,0.0,0.0
2021-01-28 00:00:00+09:00,47700.0,48300.0,47350.0,47800.0,779204,0.0,0.0
2021-01-29 00:00:00+09:00,48200.0,48400.0,46200.0,47300.0,841565,0.0,0.0
2021-02-01 00:00:00+09:00,47300.0,51000.0,47200.0,50800.0,3307345,0.0,0.0
2021-02-02 00:00:00+09:00,51700.0,53000.0,49900.0,52700.0,4246653,0.0,0.0
2021-02-03 00:00:00+09:00,53000.0,53600.0,51700.0,52700.0,2097260,0.0,0.0
2021-02-04 00:00:00+09:00,52200.0,52400.0,50900.0,51000.0,1180448,0.0,0.0
2021-02-05 00:00:00+09:00,51100.0,52700.0,51100.0,52400.0,1354335,0.0,0.0
2021-02-08 00:00:00+09:00,53200.0,56800.0,52400.0,55300.0,5097477,0.0,0.0
2021-02-09 00:00:00+09:00,55700.0,56400.0,54000.0,54100.0,1519768,0.0,0.0
2021-02-10 00:00:00+09:00,54500.0,56500.0,54200.0,55400.0,1847574,0.0,0.0
2021-02-15 00:00:00+09:00,56300.0,56700.0,55600.0,55700.0,1219446,0.0,0.0
2021-02-16 00:00:00+09:00,55900.0,56200.0,54300.0,55500.0,1339592,0.0,0.0
2021-02-17 00:00:00+09:00,55300.0,55400.0,54200.0,54700.0,713624,0.0,0.0
2021-02-18 00:00:00+09:00,54200.0,55400.0,54000.0,54100.0,681352,0.0,0.0
2021-02-19 00:00:00+09:00,57100.0,57200.0,54500.0,54900.0,1745985,0.0,0.0
2021-02-22 00:00:00+09:00,55200.0,55600.0,53100.0,53200.0,914380,0.0,0.0
2021-02-23 00:00:00+09:00,52000.0,52800.0,51200.0,52400.0,784644,0.0,0.0
2021-02-24 00:00:00+09:00,52300.0,54300.0,52300.0,53700.0,1214854,0.0,0.0
2021-02-25 00:00:00+09:00,54700.0,56200.0,53700.0,56100.0,1786744,0.0,0.0
2021-02-26 00:00:00+09:00,54300.0,55400.0,53900.0,54000.0,1032721,0.0,0.0
2021-03-02 00:00:00+09:00,54700.0,55100.0,52200.0,53000.0,891832,0.0,0.0
2021-03-03 00:00:00+09:00,52400.0,53400.0,52200.0,53000.0,382837,0.0,0.0
2021-03-04 00:00:00+09:00,52600.0,52600.0,52000.0,52200.0,379111,0.0,0.0
2021-03-05 00:00:00+09:00,51400.0,51400.0,50200.0,50900.0,592589,0.0,0.0
2021-03-08 00:00:00+09:00,51100.0,51700.0,49700.0,49900.0,516498,0.0,0.0
2021-03-09 00:00:00+09:00,49550.0,49950.0,47950.0,49400.0,896828,0.0,0.0
2021-03-10 00:00:00+09:00,49100.0,49300.0,47900.0,47950.0,1041799,0.0,0.0
2021-03-11 00:00:00+09:00,47600.0,49200.0,47550.0,49000.0,672818,0.0,0.0
2021-03-12 00:00:00+09:00,49150.0,50700.0,49100.0,50500.0,805218,0.0,0.0
2021-03-15 00:00:00+09:00,50900.0,51100.0,50000.0,50400.0,410630,0.0,0.0
2021-03-16 00:00:00+09:00,50500.0,51400.0,50500.0,50900.0,380699,0.0,0.0
2021-03-17 00:00:00+09:00,51000.0,52000.0,50900.0,51600.0,454635,0.0,0.0
2021-03-18 00:00:00+09:00,51900.0,52400.0,51600.0,52300.0,473174,0.0,0.0
2021-03-19 00:00:00+09:00,51600.0,53600.0,51200.0,53600.0,1054353,0.0,0.0
2021-03-22 00:00:00+09:00,53600.0,53600.0,52600.0,53500.0,388251,0.0,0.0
2021-03-23 00:00:00+09:00,53500.0,53800.0,51800.0,51800.0,507559,0.0,0.0
2021-03-24 00:00:00+09:00,51800.0,52400.0,51200.0,52000.0,329573,0.0,0.0
2021-03-25 00:00:00+09:00,51700.0,52900.0,51300.0,52100.0,337742,0.0,0.0
2021-03-26 00:00:00+09:00,52300.0,52800.0,51600.0,51900.0,321974,0.0,0.0
2021-03-29 00:00:00+09:00,51900.0,51900.0,50600.0,50900.0,395420,0.0,0.0
2021-03-30 00:00:00+09:00,51000.0,53400.0,51000.0,53000.0,793425,0.0,0.0
2021-03-31 00:00:00+09:00,53300.0,53500.0,52100.0,52400.0,382604,0.0,0.0
2021-04-01 00:00:00+09:00,52400.0,52500.0,51600.0,52000.0,283017,0.0,0.0
2021-04-02 00:00:00+09:00,52000.0,52300.0,51600.0,51900.0,270823,0.0,0.0
2021-04-05 00:00:00+09:00,52000.0,52500.0,51600.0,52400.0,329011,0.0,0.0
2021-04-06 00:00:00+09:00,52600.0,53100.0,52400.0,53000.0,520062,0.0,0.0
2021-04-07 00:00:00+09:00,53500.0,54900.0,53100.0,54400.0,1213353,0.0,0.0
2021-04-08 00:00:00+09:00,54600.0,55900.0,54000.0,54600.0,1081683,0.0,0.0
2021-04-09 00:00:00+09:00,55100.0,55400.0,54100.0,54100.0,499505,0.0,0.0
2021-04-12 00:00:00+09:00,54200.0,55600.0,54200.0,54800.0,703694,0.0,0.0
2021-04-13 00:00:00+09:00,55500.0,56500.0,55200.0,56000.0,956290,0.0,0.0
2021-04-14 00:00:00+09:00,56400.0,56600.0,55100.0,56000.0,577459,0.0,0.0
2021-04-15 00:00:00+09:00,56300.0,58600.0,56200.0,57400.0,1404969,0.0,0.0
2021-04-16 00:00:00+09:00,57500.0,57900.0,56600.0,57900.0,836715,0.0,0.0
2021-04-19 00:00:00+09:00,58600.0,59000.0,57500.0,58100.0,886021,0.0,0.0
2021-04-20 00:00:00+09:00,58000.0,58000.0,57100.0,57600.0,572117,0.0,0.0
2021-04-21 00:00:00+09:00,57100.0,57200.0,56000.0,56000.0,814021,0.0,0.0
2021-04-22 00:00:00+09:00,56000.0,57100.0,56000.0,56000.0,478451,0.0,0.0
2021-04-23 00:00:00+09:00,56000.0,57300.0,55200.0,57300.0,666326,0.0,0.0
2021-04-26 00:00:00+09:00,57700.0,58100.0,56800.0,57200.0,444375,0.0,0.0
2021-04-27 00:00:00+09:00,57200.0,57200.0,56100.0,56200.0,495833,0.0,0.0
2021-04-28 00:00:00+09:00,56200.0,56300.0,55000.0,55500.0,536591,0.0,0.0
2021-04-29 00:00:00+09:00,55500.0,55600.0,53600.0,54600.0,546889,0.0,0.0
2021-04-30 00:00:00+09:00,54400.0,54600.0,53600.0,54200.0,369371,0.0,0.0
2021-05-03 00:00:00+09:00,54200.0,54300.0,51700.0,51700.0,844561,0.0,0.0
2021-05-04 00:00:00+09:00,51500.0,53300.0,50200.0,53300.0,1038216,0.0,0.0
2021-05-06 00:00:00+09:00,53300.0,54000.0,51600.0,52700.0,627027,0.0,0.0
2021-05-07 00:00:00+09:00,52800.0,53500.0,52700.0,52800.0,371405,0.0,0.0
2021-05-10 00:00:00+09:00,53100.0,54000.0,53100.0,53900.0,459049,0.0,0.0
2021-05-11 00:00:00+09:00,53800.0,53800.0,53000.0,53000.0,388187,0.0,0.0
2021-05-12 00:00:00+09:00,52400.0,52400.0,50900.0,50900.0,1153117,0.0,0.0
2021-05-13 00:00:00+09:00,49900.0,50800.0,49350.0,49850.0,732565,0.0,0.0
2021-05-14 00:00:00+09:00,50400.0,51100.0,50100.0,50400.0,379374,0.0,0.0
2021-05-17 00:00:00+09:00,50800.0,51200.0,50400.0,50700.0,352529,0.0,0.0
2021-05-18 00:00:00+09:00,50700.0,51300.0,50500.0,50900.0,353275,0.0,0.0
2021-05-20 00:00:00+09:00,50900.0,51000.0,50200.0,50700.0,264765,0.0,0.0
2021-05-21 00:00:00+09:00,51000.0,51200.0,50700.0,51000.0,254722,0.0,0.0
2021-05-24 00:00:00+09:00,51000.0,51200.0,50500.0,50900.0,267655,0.0,0.0
2021-05-25 00:00:00+09:00,51200.0,51300.0,50900.0,51100.0,265382,0.0,0.0
2021-05-26 00:00:00+09:00,51200.0,52700.0,51100.0,52400.0,531381,0.0,0.0
2021-05-27 00:00:00+09:00,52500.0,52600.0,51100.0,51300.0,466499,0.0,0.0
2021-05-28 00:00:00+09:00,51800.0,52500.0,51600.0,52100.0,328488,0.0,0.0
2021-05-31 00:00:00+09:00,52300.0,53400.0,52300.0,52300.0,304867,0.0,0.0
2021-06-01 00:00:00+09:00,52300.0,52800.0,52300.0,52500.0,274023,0.0,0.0
2021-06-02 00:00:00+09:00,52600.0,53500.0,52500.0,53400.0,521769,0.0,0.0
2021-06-03 00:00:00+09:00,53900.0,55800.0,53800.0,55300.0,1232727,0.0,0.0
2021-06-04 00:00:00+09:00,55800.0,56700.0,55400.0,55900.0,966623,0.0,0.0
2021-06-07 00:00:00+09:00,56100.0,56600.0,55000.0,56200.0,714766,0.0,0.0
2021-06-08 00:00:00+09:00,56500.0,56500.0,55600.0,55600.0,530755,0.0,0.0
2021-06-09 00:00:00+09:00,55800.0,57000.0,55700.0,55900.0,760472,0.0,0.0
2021-06-10 00:00:00+09:00,56300.0,56400.0,55300.0,56400.0,717194,0.0,0.0
2021-06-11 00:00:00+09:00,56700.0,56900.0,55900.0,56600.0,481860,0.0,0.0
2021-06-14 00:00:00+09:00,56600.0,58200.0,56200.0,57800.0,1104993,0.0,0.0
2021-06-15 00:00:00+09:00,57800.0,58200.0,57100.0,57700.0,525483,0.0,0.0
2021-06-16 00:00:00+09:00,57800.0,58000.0,56500.0,56800.0,581837,0.0,0.0
2021-06-17 00:00:00+09:00,56400.0,56500.0,55100.0,55900.0,769155,0.0,0.0
2021-06-18 00:00:00+09:00,56200.0,58800.0,55200.0,57700.0,1800217,0.0,0.0
2021-06-21 00:00:00+09:00,57600.0,58500.0,56300.0,56700.0,854560,0.0,0.0
2021-06-22 00:00:00+09:00,56800.0,57700.0,55800.0,56600.0,517545,0.0,0.0
2021-06-23 00:00:00+09:00,55500.0,56400.0,55000.0,55700.0,890172,0.0,0.0
2021-06-24 00:00:00+09:00,55700.0,56300.0,54600.0,55000.0,720175,0.0,0.0
2021-06-25 00:00:00+09:00,55600.0,56600.0,55500.0,55800.0,559544,0.0,0.0
2021-06-28 00:00:00+09:00,56000.0,56100.0,54800.0,55100.0,754215,0.0,0.0
2021-06-29 00:00:00+09:00,56000.0,60800.0,55600.0,59700.0,6225740,0.0,0.0
2021-06-30 00:00:00+09:00,59800.0,60400.0,57500.0,57800.0,2964777,0.0,0.0
2021-07-01 00:00:00+09:00,58200.0,59100.0,57200.0,57500.0,1451292,0.0,0.0
2021-07-02 00:00:00+09:00,58400.0,73500.0,58300.0,71600.0,20948550,0.0,0.0
2021-07-05 00:00:00+09:00,76100.0,83400.0,73900.0,76000.0,20566830,0.0,0.0
2021-07-06 00:00:00+09:00,75900.0,78700.0,74800.0,76100.0,7122622,0.0,0.0
2021-07-07 00:00:00+09:00,76100.0,77000.0,74800.0,75500.0,1390792,0.0,0.0
2021-07-08 00:00:00+09:00,77400.0,80600.0,77400.0,80300.0,2789350,0.0,0.0
2021-07-09 00:00:00+09:00,82000.0,84500.0,80900.0,84500.0,2507748,0.0,0.0
2021-07-12 00:00:00+09:00,85000.0,86600.0,78500.0,80000.0,5968805,0.0,0.0
2021-07-13 00:00:00+09:00,79500.0,84700.0,79100.0,83100.0,5829928,0.0,0.0
2021-07-14 00:00:00+09:00,83000.0,84200.0,80500.0,81200.0,2717127,0.0,0.0
2021-07-15 00:00:00+09:00,81800.0,82300.0,79900.0,81200.0,2311306,0.0,0.0
2021-07-16 00:00:00+09:00,80600.0,89200.0,79900.0,86500.0,9598026,0.0,0.0
2021-07-19 00:00:00+09:00,85300.0,86000.0,83200.0,84100.0,2459354,0.0,0.0
2021-07-20 00:00:00+09:00,82800.0,86100.0,82700.0,83900.0,2462459,0.0,0.0
2021-07-21 00:00:00+09:00,85500.0,93100.0,84700.0,88400.0,9264735,0.0,0.0
2021-07-22 00:00:00+09:00,88900.0,101500.0,88800.0,100200.0,15563860,0.0,0.0
2021-07-23 00:00:00+09:00,101000.0,103000.0,97700.0,100400.0,5814696,0.0,0.0
2021-07-26 00:00:00+09:00,103000.0,106000.0,94600.0,95000.0,6420527,0.0,0.0
2021-07-27 00:00:00+09:00,96300.0,98700.0,94100.0,96500.0,3294618,0.0,0.0
2021-07-28 00:00:00+09:00,95200.0,97700.0,93200.0,94000.0,2186365,0.0,0.0
2021-07-29 00:00:00+09:00,94700.0,96200.0,92200.0,93600.0,2727380,0.0,0.0
2021-07-30 00:00:00+09:00,94200.0,94500.0,88700.0,89100.0,3052848,0.0,0.0
2021-08-02 00:00:00+09:00,89400.0,89800.0,86000.0,86400.0,2741726,0.0,0.0
2021-08-03 00:00:00+09:00,87000.0,87400.0,81700.0,83400.0,4020105,0.0,0.0
2021-08-04 00:00:00+09:00,83300.0,84600.0,81800.0,83400.0,3200398,0.0,0.0
2021-08-05 00:00:00+09:00,84400.0,85600.0,83700.0,84200.0,2730707,0.0,0.0
2021-08-06 00:00:00+09:00,83700.0,84400.0,81800.0,82100.0,2064198,0.0,0.0
2021-08-09 00:00:00+09:00,82500.0,85000.0,82100.0,82600.0,2070554,0.0,0.0
2021-08-10 00:00:00+09:00,81800.0,83900.0,81000.0,83700.0,1736597,0.0,0.0
2021-08-11 00:00:00+09:00,83600.0,83600.0,80600.0,80800.0,1586145,0.0,0.0
2021-08-12 00:00:00+09:00,80200.0,82900.0,78600.0,78800.0,2672462,0.0,0.0
2021-08-13 00:00:00+09:00,77200.0,78000.0,73500.0,77200.0,8694843,0.0,0.0
2021-08-17 00:00:00+09:00,76500.0,78300.0,76100.0,77100.0,2030856,0.0,0.0
2021-08-18 00:00:00+09:00,77400.0,81300.0,77300.0,77800.0,3025686,0.0,0.0
2021-08-19 00:00:00+09:00,78600.0,79800.0,75900.0,76100.0,1999532,0.0,0.0
2021-08-20 00:00:00+09:00,77000.0,79600.0,76200.0,77600.0,2693377,0.0,0.0
2021-08-23 00:00:00+09:00,78500.0,78700.0,74200.0,75300.0,1738511,0.0,0.0
2021-08-24 00:00:00+09:00,75600.0,76700.0,74700.0,75900.0,1093879,0.0,0.0
2021-08-25 00:00:00+09:00,76100.0,78100.0,75100.0,76800.0,1190558,0.0,0.0
2021-08-26 00:00:00+09:00,78900.0,87600.0,78300.0,85400.0,10961950,0.0,0.0
2021-08-27 00:00:00+09:00,85800.0,86200.0,80300.0,80900.0,4505198,0.0,0.0
2021-08-30 00:00:00+09:00,81700.0,83400.0,81100.0,82000.0,1997342,0.0,0.0
2021-08-31 00:00:00+09:00,80700.0,81600.0,78600.0,81200.0,1691497,0.0,0.0
2021-09-01 00:00:00+09:00,80600.0,81700.0,79200.0,79900.0,1407963,0.0,0.0
2021-09-02 00:00:00+09:00,81100.0,82500.0,79700.0,79700.0,1411172,0.0,0.0
2021-09-03 00:00:00+09:00,80100.0,81000.0,79200.0,80500.0,867598,0.0,0.0
2021-09-06 00:00:00+09:00,80800.0,80900.0,77400.0,77800.0,1254499,0.0,0.0
2021-09-07 00:00:00+09:00,77900.0,78800.0,76400.0,77200.0,806666,0.0,0.0
2021-09-08 00:00:00+09:00,76700.0,78000.0,73700.0,74300.0,1575458,0.0,0.0
2021-09-09 00:00:00+09:00,74200.0,75500.0,72000.0,72900.0,1575001,0.0,0.0
2021-09-10 00:00:00+09:00,72600.0,76300.0,72300.0,73800.0,1144431,0.0,0.0
2021-09-13 00:00:00+09:00,74500.0,74800.0,71200.0,71800.0,994080,0.0,0.0
2021-09-14 00:00:00+09:00,71800.0,73100.0,70200.0,72400.0,1273762,0.0,0.0
2021-09-15 00:00:00+09:00,72700.0,73400.0,72100.0,72400.0,551256,0.0,0.0
2021-09-16 00:00:00+09:00,72900.0,72900.0,71200.0,71300.0,568387,0.0,0.0
2021-09-17 00:00:00+09:00,72100.0,73000.0,70800.0,72200.0,611807,0.0,0.0
2021-09-23 00:00:00+09:00,70300.0,71300.0,68900.0,68900.0,1284370,0.0,0.0
2021-09-24 00:00:00+09:00,69400.0,70200.0,68100.0,68300.0,1346946,0.0,0.0
2021-09-27 00:00:00+09:00,68000.0,70300.0,67700.0,68800.0,824472,0.0,0.0
2021-09-28 00:00:00+09:00,69300.0,69800.0,67800.0,67800.0,735722,0.0,0.0
2021-09-29 00:00:00+09:00,65900.0,67400.0,65500.0,66900.0,861733,0.0,0.0
2021-09-30 00:00:00+09:00,67200.0,68000.0,65400.0,65700.0,866392,0.0,0.0
2021-10-01 00:00:00+09:00,65300.0,66400.0,64300.0,64800.0,808026,0.0,0.0
2021-10-05 00:00:00+09:00,63900.0,65100.0,61800.0,63300.0,1170348,0.0,0.0
2021-10-06 00:00:00+09:00,64500.0,65300.0,62400.0,62600.0,819126,0.0,0.0
2021-10-07 00:00:00+09:00,63600.0,67600.0,63400.0,67300.0,1412220,0.0,0.0
2021-10-08 00:00:00+09:00,68100.0,68200.0,65000.0,65300.0,746339,0.0,0.0
2021-10-12 00:00:00+09:00,65100.0,66400.0,63700.0,65400.0,512444,0.0,0.0
2021-10-13 00:00:00+09:00,65400.0,67500.0,65300.0,65500.0,660295,0.0,0.0
2021-10-14 00:00:00+09:00,65700.0,69000.0,65600.0,68900.0,765499,0.0,0.0
2021-10-15 00:00:00+09:00,69800.0,69800.0,67000.0,67500.0,918822,0.0,0.0
2021-10-18 00:00:00+09:00,67900.0,72200.0,67000.0,71100.0,1614638,0.0,0.0
2021-10-19 00:00:00+09:00,71600.0,72800.0,70500.0,72200.0,918100,0.0,0.0
2021-10-20 00:00:00+09:00,72700.0,73000.0,70700.0,71000.0,803752,0.0,0.0
2021-10-21 00:00:00+09:00,71200.0,73200.0,70500.0,72400.0,984482,0.0,0.0
2021-10-22 00:00:00+09:00,73300.0,78300.0,72500.0,75800.0,3344979,0.0,0.0
2021-10-25 00:00:00+09:00,75600.0,75800.0,73100.0,73700.0,986822,0.0,0.0
2021-10-26 00:00:00+09:00,74300.0,77000.0,74100.0,75200.0,1432184,0.0,0.0
2021-10-27 00:00:00+09:00,74600.0,80600.0,74600.0,80100.0,3102975,0.0,0.0
2021-10-28 00:00:00+09:00,79700.0,82600.0,77000.0,78700.0,2936316,0.0,0.0
2021-10-29 00:00:00+09:00,79500.0,81200.0,77900.0,79800.0,1748117,0.0,0.0
2021-11-01 00:00:00+09:00,81600.0,88600.0,77500.0,87900.0,9173459,0.0,0.0
2021-11-02 00:00:00+09:00,88500.0,90000.0,86200.0,86400.0,4425762,0.0,0.0
2021-11-03 00:00:00+09:00,84500.0,90800.0,84100.0,89000.0,4770973,0.0,0.0
2021-11-04 00:00:00+09:00,90400.0,98300.0,89500.0,91200.0,10849010,0.0,0.0
2021-11-05 00:00:00+09:00,91700.0,97900.0,91200.0,97900.0,6064773,0.0,0.0
2021-11-08 00:00:00+09:00,92000.0,100000.0,91800.0,99200.0,5358804,0.0,0.0
2021-11-09 00:00:00+09:00,99400.0,100800.0,96200.0,98500.0,3369861,0.0,0.0
2021-11-10 00:00:00+09:00,97500.0,99600.0,91400.0,91400.0,4201681,0.0,0.0
2021-11-11 00:00:00+09:00,92400.0,96700.0,92100.0,93000.0,4675848,0.0,0.0
2021-11-12 00:00:00+09:00,95000.0,98300.0,91800.0,96900.0,4450860,0.0,0.0
2021-11-15 00:00:00+09:00,97900.0,99500.0,95100.0,97200.0,2017927,0.0,0.0
2021-11-16 00:00:00+09:00,97900.0,110100.0,97100.0,108700.0,9275769,0.0,0.0
2021-11-17 00:00:00+09:00,110800.0,116000.0,106200.0,107900.0,5244873,0.0,0.0
2021-11-18 00:00:00+09:00,110200.0,110400.0,103500.0,108600.0,3560454,0.0,0.0
2021-11-19 00:00:00+09:00,107900.0,113100.0,105700.0,107500.0,3507244,0.0,0.0
2021-11-22 00:00:00+09:00,104900.0,106700.0,95400.0,97000.0,4985772,0.0,0.0
2021-11-23 00:00:00+09:00,95100.0,99400.0,94100.0,96400.0,2578967,0.0,0.0
2021-11-24 00:00:00+09:00,96400.0,98400.0,91700.0,96300.0,2720967,0.0,0.0
2021-11-25 00:00:00+09:00,96900.0,103000.0,96900.0,101100.0,3684202,0.0,0.0
2021-11-26 00:00:00+09:00,101900.0,106700.0,100100.0,102400.0,2859762,0.0,0.0
2021-11-29 00:00:00+09:00,99500.0,107800.0,99200.0,102800.0,2752409,0.0,0.0
2021-11-30 00:00:00+09:00,104900.0,106300.0,95200.0,98600.0,6012279,0.0,0.0
2021-12-01 00:00:00+09:00,99000.0,100600.0,95700.0,96700.0,1949267,0.0,0.0
2021-12-02 00:00:00+09:00,94600.0,97500.0,89800.0,91500.0,2444261,0.0,0.0
2021-12-03 00:00:00+09:00,92400.0,95600.0,91600.0,95200.0,1512354,0.0,0.0
2021-12-06 00:00:00+09:00,93900.0,94400.0,90100.0,90200.0,1441599,0.0,0.0
2021-12-07 00:00:00+09:00,91600.0,92200.0,88200.0,90100.0,1289247,0.0,0.0
2021-12-08 00:00:00+09:00,92100.0,96000.0,91900.0,94600.0,1894639,0.0,0.0
2021-12-09 00:00:00+09:00,95600.0,96100.0,93000.0,94700.0,1165530,0.0,0.0
2021-12-10 00:00:00+09:00,93400.0,94500.0,90700.0,91000.0,1065036,0.0,0.0
2021-12-13 00:00:00+09:00,91000.0,91600.0,89200.0,90200.0,872068,0.0,0.0
2021-12-14 00:00:00+09:00,89500.0,91100.0,88600.0,89000.0,896228,0.0,0.0
2021-12-15 00:00:00+09:00,89000.0,90200.0,87000.0,88900.0,788259,0.0,0.0
2021-12-16 00:00:00+09:00,90000.0,92200.0,88500.0,88600.0,1111450,0.0,0.0
2021-12-17 00:00:00+09:00,88600.0,88600.0,85800.0,86700.0,1034490,0.0,0.0
2021-12-20 00:00:00+09:00,86100.0,88000.0,85900.0,85900.0,579216,0.0,0.0
2021-12-21 00:00:00+09:00,86300.0,88500.0,85800.0,88300.0,703402,0.0,0.0
2021-12-22 00:00:00+09:00,89200.0,91700.0,88900.0,90700.0,959609,0.0,0.0
2021-12-23 00:00:00+09:00,91700.0,92900.0,89300.0,89700.0,789822,0.0,0.0
2021-12-24 00:00:00+09:00,90500.0,92300.0,89800.0,90700.0,698701,0.0,0.0
2021-12-27 00:00:00+09:00,91000.0,92700.0,89300.0,92200.0,864656,0.0,0.0
2021-12-28 00:00:00+09:00,92200.0,94600.0,91300.0,93100.0,1316288,0.0,0.0
2021-12-29 00:00:00+09:00,93500.0,94700.0,89200.0,89600.0,1570021,0.0,0.0
2021-12-30 00:00:00+09:00,90200.0,91300.0,89200.0,91000.0,758703,0.0,0.0
2022-01-04 00:00:00+09:00,93700.0,93900.0,90100.0,90300.0,887824,0.0,0.0
2022-01-05 00:00:00+09:00,89700.0,89800.0,86000.0,86400.0,1223206,0.0,0.0
2022-01-06 00:00:00+09:00,82500.0,82700.0,74000.0,74100.0,4080196,0.0,0.0
2022-01-07 00:00:00+09:00,74600.0,76300.0,74000.0,74300.0,1567341,0.0,0.0
2022-01-10 00:00:00+09:00,73000.0,76000.0,72900.0,74200.0,1147844,0.0,0.0
2022-01-11 00:00:00+09:00,73600.0,75300.0,71600.0,72700.0,1130298,0.0,0.0
2022-01-12 00:00:00+09:00,73500.0,75200.0,72900.0,74400.0,820833,0.0,0.0
2022-01-13 00:00:00+09:00,74700.0,75000.0,70700.0,71100.0,1103603,0.0,0.0
2022-01-14 00:00:00+09:00,68900.0,71400.0,68300.0,70800.0,837413,0.0,0.0
2022-01-17 00:00:00+09:00,69800.0,71300.0,69200.0,69800.0,484310,0.0,0.0
2022-01-18 00:00:00+09:00,69800.0,71400.0,68400.0,68900.0,516578,0.0,0.0
2022-01-19 00:00:00+09:00,67300.0,69100.0,66400.0,68000.0,877505,0.0,0.0
2022-01-20 00:00:00+09:00,68400.0,71700.0,67700.0,71400.0,784814,0.0,0.0
2022-01-21 00:00:00+09:00,70600.0,72900.0,69800.0,71800.0,841905,0.0,0.0
2022-01-24 00:00:00+09:00,71600.0,71800.0,68300.0,69700.0,784006,0.0,0.0
2022-01-25 00:00:00+09:00,70300.0,71500.0,68800.0,69100.0,910576,0.0,0.0
2022-01-26 00:00:00+09:00,69300.0,72000.0,69200.0,70500.0,861832,0.0,0.0
2022-01-27 00:00:00+09:00,71000.0,71000.0,65300.0,65700.0,1219475,0.0,0.0
2022-01-28 00:00:00+09:00,66100.0,66700.0,63900.0,65700.0,865015,0.0,0.0
2022-02-03 00:00:00+09:00,66200.0,68400.0,65800.0,66300.0,809350,0.0,0.0
2022-02-04 00:00:00+09:00,66100.0,75200.0,66100.0,73700.0,2888619,0.0,0.0
2022-02-07 00:00:00+09:00,75000.0,75100.0,72200.0,73000.0,1364566,0.0,0.0
2022-02-08 00:00:00+09:00,74000.0,78800.0,73500.0,77200.0,2654176,0.0,0.0
2022-02-09 00:00:00+09:00,77900.0,78500.0,73500.0,74300.0,2357851,0.0,0.0
2022-02-10 00:00:00+09:00,74000.0,74200.0,69100.0,69900.0,2094214,0.0,0.0
2022-02-11 00:00:00+09:00,68700.0,72400.0,68000.0,70800.0,1368707,0.0,0.0
2022-02-14 00:00:00+09:00,69300.0,70500.0,68500.0,69500.0,874134,0.0,0.0
2022-02-15 00:00:00+09:00,69700.0,71900.0,68600.0,68700.0,786561,0.0,0.0
2022-02-16 00:00:00+09:00,71100.0,71900.0,69900.0,71700.0,830498,0.0,0.0
2022-02-17 00:00:00+09:00,71500.0,72500.0,68200.0,70300.0,989879,0.0,0.0
2022-02-18 00:00:00+09:00,68600.0,71800.0,68600.0,70800.0,577259,0.0,0.0
2022-02-21 00:00:00+09:00,69500.0,71800.0,69400.0,71700.0,596785,0.0,0.0
2022-02-22 00:00:00+09:00,70400.0,71200.0,69700.0,70200.0,561959,0.0,0.0
2022-02-23 00:00:00+09:00,71000.0,72200.0,70600.0,72100.0,708609,0.0,0.0
2022-02-24 00:00:00+09:00,71400.0,71900.0,69000.0,69000.0,797713,0.0,0.0
2022-02-25 00:00:00+09:00,70900.0,73900.0,70800.0,72500.0,1250082,0.0,0.0
2022-02-28 00:00:00+09:00,72500.0,73600.0,71800.0,73500.0,703332,0.0,0.0
2022-03-02 00:00:00+09:00,73500.0,76000.0,73400.0,75500.0,999550,0.0,0.0
2022-03-03 00:00:00+09:00,76600.0,76800.0,75100.0,75600.0,593207,0.0,0.0
2022-03-04 00:00:00+09:00,75000.0,75000.0,72300.0,72600.0,751086,0.0,0.0
2022-03-07 00:00:00+09:00,71000.0,71300.0,69900.0,70300.0,681612,0.0,0.0
2022-03-08 00:00:00+09:00,68800.0,71900.0,68800.0,71200.0,548510,0.0,0.0
2022-03-10 00:00:00+09:00,72600.0,74300.0,72600.0,74300.0,764003,0.0,0.0
2022-03-11 00:00:00+09:00,74700.0,75400.0,73600.0,74800.0,556830,0.0,0.0
2022-03-14 00:00:00+09:00,74800.0,75600.0,72300.0,73200.0,601818,0.0,0.0
2022-03-15 00:00:00+09:00,73100.0,74700.0,72500.0,73100.0,478493,0.0,0.0
2022-03-16 00:00:00+09:00,74300.0,75300.0,73700.0,75200.0,627226,0.0,0.0
2022-03-17 00:00:00+09:00,76600.0,79300.0,75900.0,78300.0,1333809,0.0,0.0
2022-03-18 00:00:00+09:00,79300.0,81600.0,78800.0,81000.0,1680504,0.0,0.0
2022-03-21 00:00:00+09:00,82000.0,82000.0,77800.0,78100.0,1190835,0.0,0.0
2022-03-22 00:00:00+09:00,78100.0,79400.0,77600.0,78400.0,581381,0.0,0.0
2022-03-23 00:00:00+09:00,79500.0,82300.0,79300.0,80500.0,1254431,0.0,0.0
2022-03-24 00:00:00+09:00,77500.0,78400.0,73600.0,74900.0,3008023,0.0,0.0
2022-03-25 00:00:00+09:00,76000.0,77100.0,75000.0,76900.0,1173173,0.0,0.0
2022-03-28 00:00:00+09:00,77000.0,77300.0,75900.0,76500.0,632013,0.0,0.0
2022-03-29 00:00:00+09:00,77800.0,81500.0,77300.0,80200.0,1772641,0.0,0.0
2022-03-30 00:00:00+09:00,81500.0,81800.0,78600.0,78700.0,1058354,0.0,0.0
2022-03-31 00:00:00+09:00,78100.0,79300.0,77100.0,78300.0,659772,0.0,0.0
2022-04-01 00:00:00+09:00,77300.0,79000.0,76700.0,79000.0,658325,0.0,0.0
2022-04-04 00:00:00+09:00,79000.0,79500.0,77900.0,78800.0,504645,0.0,0.0
2022-04-05 00:00:00+09:00,79400.0,80300.0,78800.0,79500.0,500044,0.0,0.0
2022-04-06 00:00:00+09:00,79500.0,81000.0,78200.0,78800.0,875424,0.0,0.0
2022-04-07 00:00:00+09:00,77900.0,78100.0,75600.0,75900.0,677301,0.0,0.0
2022-04-08 00:00:00+09:00,76500.0,77200.0,74500.0,75500.0,495912,0.0,0.0
2022-04-11 00:00:00+09:00,74600.0,75200.0,72500.0,72700.0,631087,0.0,0.0
2022-04-12 00:00:00+09:00,70000.0,72000.0,66300.0,66700.0,2587657,0.0,0.0
2022-04-13 00:00:00+09:00,66000.0,67400.0,65000.0,65900.0,1504372,0.0,0.0
2022-04-14 00:00:00+09:00,67300.0,68300.0,66100.0,66500.0,1183884,0.0,0.0
2022-04-15 00:00:00+09:00,66200.0,67000.0,64200.0,65600.0,793411,0.0,0.0
2022-04-18 00:00:00+09:00,65100.0,65200.0,64200.0,64500.0,482181,0.0,0.0
2022-04-19 00:00:00+09:00,64900.0,66000.0,64900.0,65900.0,402684,0.0,0.0
2022-04-20 00:00:00+09:00,66100.0,66400.0,64800.0,64800.0,417821,0.0,0.0
2022-04-21 00:00:00+09:00,64900.0,65400.0,64300.0,64600.0,411141,0.0,0.0
2022-04-22 00:00:00+09:00,64100.0,64200.0,61800.0,62200.0,919687,0.0,0.0
2022-04-25 00:00:00+09:00,60600.0,62000.0,60500.0,60700.0,551588,0.0,0.0
2022-04-26 00:00:00+09:00,61200.0,62800.0,61000.0,61900.0,509854,0.0,0.0
2022-04-27 00:00:00+09:00,60000.0,60100.0,59000.0,59400.0,933431,0.0,0.0
2022-04-28 00:00:00+09:00,60000.0,60800.0,59600.0,59900.0,462927,0.0,0.0
2022-04-29 00:00:00+09:00,60200.0,60700.0,59000.0,60500.0,685545,0.0,0.0
2022-05-03 00:00:00+09:00,59700.0,60900.0,59000.0,59100.0,670982,0.0,0.0
2022-05-04 00:00:00+09:00,59200.0,60300.0,58300.0,58500.0,722423,0.0,0.0
2022-05-06 00:00:00+09:00,57500.0,58000.0,56900.0,57300.0,614150,0.0,0.0
2022-05-10 00:00:00+09:00,55800.0,57200.0,54700.0,56900.0,782647,0.0,0.0
2022-05-11 00:00:00+09:00,56600.0,58600.0,56600.0,57900.0,490325,0.0,0.0
2022-05-12 00:00:00+09:00,56500.0,56700.0,54300.0,54400.0,861299,0.0,0.0
2022-05-13 00:00:00+09:00,55100.0,55900.0,54300.0,55000.0,515785,0.0,0.0
2022-05-16 00:00:00+09:00,55700.0,56400.0,55100.0,55100.0,359285,0.0,0.0
2022-05-17 00:00:00+09:00,55200.0,56600.0,55200.0,56400.0,355453,0.0,0.0
2022-05-18 00:00:00+09:00,57000.0,57400.0,56400.0,56600.0,326741,0.0,0.0
2022-05-19 00:00:00+09:00,55200.0,56600.0,54600.0,56000.0,326000,0.0,0.0
2022-05-20 00:00:00+09:00,56300.0,59200.0,56300.0,58900.0,668046,0.0,0.0
2022-05-23 00:00:00+09:00,59300.0,59500.0,57600.0,58800.0,495781,0.0,0.0
2022-05-24 00:00:00+09:00,58500.0,59600.0,57700.0,57700.0,404763,0.0,0.0
2022-05-25 00:00:00+09:00,58400.0,61000.0,57900.0,60600.0,891150,0.0,0.0
2022-05-26 00:00:00+09:00,61300.0,61500.0,59500.0,59700.0,592344,0.0,0.0
2022-05-27 00:00:00+09:00,60500.0,60900.0,59000.0,59500.0,355519,0.0,0.0
2022-05-30 00:00:00+09:00,60200.0,61800.0,60200.0,61400.0,509020,0.0,0.0
2022-05-31 00:00:00+09:00,61800.0,62500.0,60600.0,62500.0,999157,0.0,0.0
2022-06-02 00:00:00+09:00,62200.0,62300.0,60800.0,62000.0,310156,0.0,0.0
2022-06-03 00:00:00+09:00,63000.0,63000.0,61800.0,61900.0,220934,0.0,0.0
2022-06-07 00:00:00+09:00,61900.0,62000.0,60500.0,61100.0,428197,0.0,0.0
2022-06-08 00:00:00+09:00,61100.0,61800.0,60700.0,61500.0,217008,0.0,0.0
2022-06-09 00:00:00+09:00,61500.0,61600.0,60000.0,61600.0,302075,0.0,0.0
2022-06-10 00:00:00+09:00,60600.0,61200.0,60200.0,60400.0,266540,0.0,0.0
2022-06-13 00:00:00+09:00,58600.0,59400.0,57700.0,57800.0,632339,0.0,0.0
2022-06-14 00:00:00+09:00,55900.0,58900.0,55900.0,58500.0,519361,0.0,0.0
2022-06-15 00:00:00+09:00,58200.0,59200.0,56100.0,56400.0,414795,0.0,0.0
2022-06-16 00:00:00+09:00,58000.0,59300.0,56900.0,57400.0,405386,0.0,0.0
2022-06-17 00:00:00+09:00,56200.0,57100.0,55700.0,56200.0,598414,0.0,0.0
2022-06-20 00:00:00+09:00,57100.0,57700.0,49800.0,50500.0,1683449,0.0,0.0
2022-06-21 00:00:00+09:00,53600.0,58800.0,53600.0,55800.0,4093035,0.0,0.0
2022-06-22 00:00:00+09:00,56600.0,56700.0,50100.0,50700.0,1521519,0.0,0.0
2022-06-23 00:00:00+09:00,51000.0,51100.0,46100.0,46700.0,2336764,0.0,0.0
2022-06-24 00:00:00+09:00,47500.0,51400.0,47500.0,49400.0,1905957,0.0,0.0
2022-06-27 00:00:00+09:00,52900.0,54000.0,50900.0,51700.0,1425609,0.0,0.0
2022-06-28 00:00:00+09:00,52200.0,52600.0,50600.0,51300.0,566576,0.0,0.0
2022-06-29 00:00:00+09:00,50000.0,50400.0,48900.0,49650.0,827664,0.0,0.0
2022-06-30 00:00:00+09:00,49850.0,50500.0,48750.0,49150.0,629720,0.0,0.0
2022-07-01 00:00:00+09:00,49650.0,50400.0,47500.0,48350.0,638946,0.0,0.0
2022-07-04 00:00:00+09:00,48850.0,49000.0,46150.0,46700.0,965476,0.0,0.0
2022-07-05 00:00:00+09:00,47150.0,49400.0,47150.0,49300.0,808761,0.0,0.0
2022-07-06 00:00:00+09:00,49300.0,50800.0,48500.0,49450.0,695822,0.0,0.0
2022-07-07 00:00:00+09:00,50500.0,50700.0,49150.0,49700.0,391698,0.0,0.0
2022-07-08 00:00:00+09:00,50300.0,50400.0,49000.0,49000.0,500761,0.0,0.0
2022-07-11 00:00:00+09:00,49100.0,49550.0,48350.0,48950.0,320585,0.0,0.0
2022-07-12 00:00:00+09:00,48500.0,49700.0,47900.0,49350.0,561900,0.0,0.0
2022-07-13 00:00:00+09:00,49000.0,50800.0,49000.0,50500.0,556376,0.0,0.0
2022-07-14 00:00:00+09:00,50600.0,51700.0,49900.0,51500.0,584783,0.0,0.0
2022-07-15 00:00:00+09:00,51400.0,51400.0,49100.0,49400.0,686172,0.0,0.0
2022-07-18 00:00:00+09:00,50000.0,50300.0,49400.0,50100.0,372345,0.0,0.0
2022-07-19 00:00:00+09:00,50100.0,51300.0,49750.0,50900.0,358881,0.0,0.0
2022-07-20 00:00:00+09:00,51900.0,52900.0,51200.0,51500.0,595255,0.0,0.0
2022-07-21 00:00:00+09:00,52000.0,52700.0,51600.0,51600.0,372085,0.0,0.0
2022-07-22 00:00:00+09:00,52000.0,52000.0,49750.0,49850.0,656939,0.0,0.0
2022-07-25 00:00:00+09:00,49500.0,49700.0,48050.0,49300.0,834507,0.0,0.0
2022-07-26 00:00:00+09:00,50000.0,51700.0,49000.0,50400.0,967123,0.0,0.0
2022-07-27 00:00:00+09:00,51200.0,51500.0,49500.0,49650.0,646786,0.0,0.0
2022-07-28 00:00:00+09:00,50400.0,50800.0,49550.0,49900.0,466299,0.0,0.0
2022-07-29 00:00:00+09:00,50300.0,51200.0,50200.0,50700.0,512012,0.0,0.0
2022-08-01 00:00:00+09:00,50700.0,50900.0,50200.0,50700.0,256203,0.0,0.0
2022-08-02 00:00:00+09:00,50900.0,50900.0,50100.0,50800.0,370389,0.0,0.0
2022-08-03 00:00:00+09:00,52700.0,59200.0,50900.0,57900.0,6396094,0.0,0.0
2022-08-04 00:00:00+09:00,58300.0,59600.0,57600.0,58100.0,2437400,0.0,0.0
2022-08-05 00:00:00+09:00,58800.0,59100.0,56000.0,57500.0,1218297,0.0,0.0
2022-08-08 00:00:00+09:00,57200.0,58000.0,56700.0,57200.0,605994,0.0,0.0
2022-08-09 00:00:00+09:00,57700.0,59900.0,57300.0,58800.0,1390419,0.0,0.0
2022-08-10 00:00:00+09:00,57900.0,59000.0,56800.0,56800.0,695576,0.0,0.0
2022-08-11 00:00:00+09:00,59000.0,60900.0,58500.0,59800.0,1991164,0.0,0.0
2022-08-12 00:00:00+09:00,59300.0,59400.0,57900.0,58700.0,567145,0.0,0.0
2022-08-16 00:00:00+09:00,59400.0,59400.0,58700.0,59100.0,375305,0.0,0.0
2022-08-17 00:00:00+09:00,59300.0,59400.0,57800.0,58200.0,392905,0.0,0.0
2022-08-18 00:00:00+09:00,57400.0,57500.0,56400.0,57200.0,428303,0.0,0.0
2022-08-19 00:00:00+09:00,57200.0,57400.0,55400.0,55400.0,480247,0.0,0.0
2022-08-22 00:00:00+09:00,54200.0,55000.0,53500.0,53500.0,479942,0.0,0.0
2022-08-23 00:00:00+09:00,52800.0,54400.0,52700.0,53100.0,444976,0.0,0.0
2022-08-24 00:00:00+09:00,53500.0,53600.0,51700.0,52500.0,518552,0.0,0.0
2022-08-25 00:00:00+09:00,52700.0,53800.0,52500.0,53400.0,297941,0.0,0.0
2022-08-26 00:00:00+09:00,53800.0,53800.0,52200.0,52200.0,479683,0.0,0.0
2022-08-29 00:00:00+09:00,50200.0,51400.0,50200.0,51100.0,343300,0.0,0.0
2022-08-30 00:00:00+09:00,51200.0,52600.0,51200.0,52400.0,302558,0.0,0.0
2022-08-31 00:00:00+09:00,51700.0,52800.0,51200.0,52800.0,378143,0.0,0.0
2022-09-01 00:00:00+09:00,51900.0,51900.0,50100.0,50100.0,619532,0.0,0.0
2022-09-02 00:00:00+09:00,50700.0,50900.0,49600.0,50100.0,303745,0.0,0.0
2022-09-05 00:00:00+09:00,49750.0,50800.0,49750.0,50000.0,227315,0.0,0.0
2022-09-06 00:00:00+09:00,50000.0,50800.0,49900.0,50300.0,269413,0.0,0.0
2022-09-07 00:00:00+09:00,49800.0,49850.0,48000.0,48150.0,583230,0.0,0.0
2022-09-08 00:00:00+09:00,48750.0,49700.0,48700.0,49200.0,450222,0.0,0.0
2022-09-13 00:00:00+09:00,50500.0,51900.0,50500.0,51800.0,496607,0.0,0.0
2022-09-14 00:00:00+09:00,49750.0,50300.0,49400.0,49850.0,518791,0.0,0.0
2022-09-15 00:00:00+09:00,50200.0,50400.0,49150.0,49150.0,295915,0.0,0.0
2022-09-16 00:00:00+09:00,48700.0,49200.0,48300.0,48600.0,284995,0.0,0.0
2022-09-19 00:00:00+09:00,47850.0,48000.0,45450.0,45600.0,1010999,0.0,0.0
2022-09-20 00:00:00+09:00,46000.0,47100.0,45700.0,46400.0,535587,0.0,0.0
2022-09-21 00:00:00+09:00,46000.0,46600.0,45800.0,45800.0,352554,0.0,0.0
2022-09-22 00:00:00+09:00,45050.0,45700.0,43550.0,44000.0,693808,0.0,0.0
2022-09-23 00:00:00+09:00,43600.0,44000.0,42900.0,42900.0,448988,0.0,0.0
2022-09-26 00:00:00+09:00,42050.0,43150.0,41400.0,42150.0,569793,0.0,0.0
2022-09-27 00:00:00+09:00,41700.0,44300.0,41700.0,43050.0,847135,0.0,0.0
2022-09-28 00:00:00+09:00,42700.0,42800.0,40050.0,40400.0,813311,0.0,0.0
2022-09-29 00:00:00+09:00,41500.0,43050.0,41050.0,41250.0,720433,0.0,0.0
2022-09-30 00:00:00+09:00,40700.0,43250.0,40550.0,42650.0,548103,0.0,0.0
2022-10-04 00:00:00+09:00,43250.0,44400.0,42850.0,43850.0,572128,0.0,0.0
2022-10-05 00:00:00+09:00,44550.0,44550.0,41650.0,41650.0,492767,0.0,0.0
2022-10-06 00:00:00+09:00,41700.0,42450.0,41650.0,41750.0,349277,0.0,0.0
2022-10-07 00:00:00+09:00,41100.0,41150.0,38800.0,39600.0,1024056,0.0,0.0
2022-10-11 00:00:00+09:00,38050.0,38950.0,37350.0,38200.0,499880,0.0,0.0
2022-10-12 00:00:00+09:00,37900.0,38200.0,36550.0,37100.0,844875,0.0,0.0
2022-10-13 00:00:00+09:00,36850.0,36900.0,34250.0,34950.0,1387461,0.0,0.0
2022-10-14 00:00:00+09:00,39550.0,40750.0,37850.0,38250.0,4248048,0.0,0.0
2022-10-17 00:00:00+09:00,35900.0,37600.0,34750.0,37400.0,1487965,0.0,0.0
2022-10-18 00:00:00+09:00,38150.0,39500.0,37950.0,39200.0,893462,0.0,0.0
2022-10-19 00:00:00+09:00,39100.0,40250.0,38050.0,38200.0,855511,0.0,0.0
2022-10-20 00:00:00+09:00,38300.0,38300.0,36350.0,37200.0,631965,0.0,0.0
2022-10-21 00:00:00+09:00,36800.0,38400.0,36700.0,37900.0,498016,0.0,0.0
2022-10-24 00:00:00+09:00,38950.0,39950.0,37950.0,38100.0,603563,0.0,0.0
2022-10-25 00:00:00+09:00,38250.0,38500.0,37500.0,37700.0,314114,0.0,0.0
2022-10-26 00:00:00+09:00,38250.0,38700.0,37250.0,38150.0,395968,0.0,0.0
2022-10-27 00:00:00+09:00,38150.0,39350.0,38100.0,38700.0,501552,0.0,0.0
2022-10-28 00:00:00+09:00,38400.0,39450.0,37250.0,38800.0,470621,0.0,0.0
2022-10-31 00:00:00+09:00,39800.0,40450.0,38700.0,39550.0,578122,0.0,0.0
2022-11-01 00:00:00+09:00,39600.0,39900.0,39300.0,39600.0,289817,0.0,0.0
2022-11-02 00:00:00+09:00,38800.0,41250.0,36950.0,39500.0,2071466,0.0,0.0
2022-11-03 00:00:00+09:00,38100.0,38700.0,37400.0,37400.0,842388,0.0,0.0
2022-11-04 00:00:00+09:00,37100.0,39200.0,36450.0,38950.0,897443,0.0,0.0
2022-11-07 00:00:00+09:00,38500.0,39600.0,38500.0,39350.0,468597,0.0,0.0
2022-11-08 00:00:00+09:00,39850.0,41400.0,39750.0,41050.0,875441,0.0,0.0
2022-11-09 00:00:00+09:00,41300.0,42350.0,41200.0,41500.0,667838,0.0,0.0
2022-11-10 00:00:00+09:00,40700.0,41400.0,40400.0,41050.0,407365,0.0,0.0
2022-11-11 00:00:00+09:00,43800.0,48350.0,43250.0,45600.0,3709889,0.0,0.0
2022-11-14 00:00:00+09:00,46000.0,46100.0,43150.0,43600.0,1222208,0.0,0.0
2022-11-15 00:00:00+09:00,43400.0,44700.0,43150.0,44650.0,591127,0.0,0.0
2022-11-16 00:00:00+09:00,44900.0,45450.0,44500.0,44800.0,471033,0.0,0.0
2022-11-17 00:00:00+09:00,44800.0,46000.0,43900.0,44500.0,630197,0.0,0.0
2022-11-18 00:00:00+09:00,44600.0,45150.0,43250.0,43350.0,391228,0.0,0.0
2022-11-21 00:00:00+09:00,43200.0,43750.0,42200.0,42400.0,356507,0.0,0.0
2022-11-22 00:00:00+09:00,41700.0,42150.0,41000.0,41150.0,385975,0.0,0.0
2022-11-23 00:00:00+09:00,42500.0,43500.0,42200.0,43300.0,462671,0.0,0.0
2022-11-24 00:00:00+09:00,43750.0,44650.0,43550.0,44500.0,390609,0.0,0.0
2022-11-25 00:00:00+09:00,43400.0,44250.0,42400.0,42850.0,585006,0.0,0.0
2022-11-28 00:00:00+09:00,42700.0,42800.0,41350.0,41350.0,387498,0.0,0.0
2022-11-29 00:00:00+09:00,41000.0,42700.0,40800.0,42550.0,297120,0.0,0.0
2022-11-30 00:00:00+09:00,42500.0,43500.0,42050.0,43500.0,403116,0.0,0.0
2022-12-01 00:00:00+09:00,44850.0,45250.0,43200.0,43250.0,554464,0.0,0.0
2022-12-02 00:00:00+09:00,43300.0,43600.0,42100.0,42150.0,375390,0.0,0.0
2022-12-05 00:00:00+09:00,42250.0,43800.0,42250.0,43250.0,361394,0.0,0.0
2022-12-06 00:00:00+09:00,42500.0,43700.0,41800.0,42350.0,221576,0.0,0.0
2022-12-07 00:00:00+09:00,41900.0,42500.0,41400.0,41800.0,195779,0.0,0.0
2022-12-08 00:00:00+09:00,41650.0,41950.0,41400.0,41800.0,308146,0.0,0.0
2022-12-09 00:00:00+09:00,41900.0,43300.0,41800.0,42750.0,383111,0.0,0.0
2022-12-12 00:00:00+09:00,41850.0,43600.0,40500.0,43200.0,359385,0.0,0.0
2022-12-13 00:00:00+09:00,44000.0,45200.0,43150.0,43450.0,516320,0.0,0.0
2022-12-14 00:00:00+09:00,43850.0,44900.0,43550.0,44800.0,439182,0.0,0.0
2022-12-15 00:00:00+09:00,44400.0,44450.0,42600.0,42650.0,400519,0.0,0.0
2022-12-16 00:00:00+09:00,41500.0,44350.0,41500.0,44300.0,452097,0.0,0.0
2022-12-19 00:00:00+09:00,44000.0,46300.0,43900.0,44500.0,834550,0.0,0.0
2022-12-20 00:00:00+09:00,44500.0,44700.0,42750.0,42900.0,361454,0.0,0.0
2022-12-21 00:00:00+09:00,43500.0,43750.0,42650.0,43250.0,240140,0.0,0.0
2022-12-22 00:00:00+09:00,43750.0,44450.0,43250.0,44450.0,380897,0.0,0.0
2022-12-23 00:00:00+09:00,43500.0,43850.0,42700.0,42750.0,367053,0.0,0.0
2022-12-26 00:00:00+09:00,42800.0,43450.0,42250.0,42650.0,294936,0.0,0.0
2022-12-27 00:00:00+09:00,43150.0,43700.0,42550.0,43200.0,337183,0.0,0.0
2022-12-28 00:00:00+09:00,42600.0,43050.0,41700.0,42200.0,360110,0.0,0.0
2022-12-29 00:00:00+09:00,44300.0,47350.0,44300.0,44650.0,2758353,0.0,0.0
2023-01-02 00:00:00+09:00,45050.0,46500.0,43600.0,44200.0,757531,0.0,0.0
2023-01-03 00:00:00+09:00,44400.0,45850.0,42950.0,45450.0,798285,0.0,0.0
2023-01-04 00:00:00+09:00,44800.0,45550.0,44550.0,45450.0,574075,0.0,0.0
2023-01-05 00:00:00+09:00,46200.0,46600.0,44700.0,44750.0,774271,0.0,0.0
2023-01-06 00:00:00+09:00,44300.0,44700.0,42750.0,44050.0,940222,0.0,0.0
2023-01-09 00:00:00+09:00,44850.0,45700.0,44650.0,44900.0,594481,0.0,0.0
2023-01-10 00:00:00+09:00,44700.0,44700.0,43500.0,43550.0,788600,0.0,0.0
2023-01-11 00:00:00+09:00,43950.0,44300.0,43300.0,43700.0,533700,0.0,0.0
2023-01-12 00:00:00+09:00,44400.0,44450.0,43550.0,44300.0,475988,0.0,0.0
2023-01-13 00:00:00+09:00,44550.0,45000.0,44200.0,44300.0,522953,0.0,0.0
2023-01-16 00:00:00+09:00,44900.0,48250.0,44850.0,48250.0,2235623,0.0,0.0
2023-01-17 00:00:00+09:00,48800.0,48800.0,45850.0,46050.0,1440693,0.0,0.0
2023-01-18 00:00:00+09:00,46050.0,46400.0,44900.0,45300.0,723431,0.0,0.0
2023-01-19 00:00:00+09:00,44800.0,45300.0,44300.0,45000.0,419590,0.0,0.0
2023-01-20 00:00:00+09:00,44900.0,45600.0,44800.0,45250.0,307660,0.0,0.0
2023-01-25 00:00:00+09:00,45950.0,47000.0,45650.0,47000.0,2308152,0.0,0.0
2023-01-26 00:00:00+09:00,46750.0,47200.0,46100.0,46850.0,654070,0.0,0.0
2023-01-27 00:00:00+09:00,47350.0,47950.0,46700.0,47050.0,596585,0.0,0.0
2023-01-30 00:00:00+09:00,47250.0,47800.0,46500.0,46500.0,505681,0.0,0.0
2023-01-31 00:00:00+09:00,46200.0,46700.0,45600.0,46300.0,488302,0.0,0.0
2023-02-01 00:00:00+09:00,46850.0,47800.0,46650.0,46850.0,557102,0.0,0.0
2023-02-02 00:00:00+09:00,47500.0,47850.0,46750.0,47000.0,568634,0.0,0.0
2023-02-03 00:00:00+09:00,47300.0,48100.0,46800.0,47900.0,756112,0.0,0.0
2023-02-06 00:00:00+09:00,47850.0,47850.0,46300.0,46300.0,586449,0.0,0.0
2023-02-07 00:00:00+09:00,46900.0,47500.0,46350.0,47500.0,402171,0.0,0.0
2023-02-08 00:00:00+09:00,47900.0,48300.0,46900.0,47200.0,694103,0.0,0.0
2023-02-09 00:00:00+09:00,47850.0,49400.0,46500.0,48600.0,1165536,0.0,0.0
2023-02-10 00:00:00+09:00,48450.0,48450.0,47250.0,47300.0,501098,0.0,0.0
2023-02-13 00:00:00+09:00,47300.0,47300.0,45500.0,45900.0,453092,0.0,0.0
2023-02-14 00:00:00+09:00,46300.0,47450.0,46250.0,47300.0,332471,0.0,0.0
2023-02-15 00:00:00+09:00,47150.0,47350.0,45100.0,45200.0,413858,0.0,0.0
2023-02-16 00:00:00+09:00,45900.0,48100.0,45850.0,47400.0,834067,0.0,0.0
2023-02-17 00:00:00+09:00,46700.0,47500.0,46400.0,46700.0,386992,0.0,0.0
2023-02-20 00:00:00+09:00,47200.0,48950.0,46450.0,48550.0,691020,0.0,0.0
2023-02-21 00:00:00+09:00,48350.0,49300.0,47600.0,48500.0,386308,0.0,0.0
2023-02-22 00:00:00+09:00,47450.0,48500.0,47250.0,47700.0,386340,0.0,0.0
2023-02-23 00:00:00+09:00,48200.0,48450.0,47300.0,48150.0,302698,0.0,0.0
2023-02-24 00:00:00+09:00,48300.0,48750.0,47400.0,47400.0,324280,0.0,0.0
2023-02-27 00:00:00+09:00,47050.0,47550.0,46300.0,46750.0,286627,0.0,0.0
2023-02-28 00:00:00+09:00,46850.0,50000.0,46850.0,49150.0,1112833,0.0,0.0
2023-03-02 00:00:00+09:00,48900.0,48900.0,47150.0,47900.0,887192,0.0,0.0
2023-03-03 00:00:00+09:00,48250.0,48600.0,47300.0,47500.0,449744,0.0,0.0
2023-03-06 00:00:00+09:00,47900.0,47950.0,46600.0,46900.0,631935,0.0,0.0
2023-03-07 00:00:00+09:00,46750.0,46800.0,45650.0,46000.0,551080,0.0,0.0
2023-03-08 00:00:00+09:00,45600.0,45800.0,44150.0,44450.0,735802,0.0,0.0
2023-03-09 00:00:00+09:00,44550.0,44900.0,43450.0,44400.0,484020,0.0,0.0
2023-03-10 00:00:00+09:00,43650.0,43700.0,42500.0,42800.0,637145,0.0,0.0
2023-03-13 00:00:00+09:00,42750.0,43600.0,41900.0,43150.0,501357,0.0,0.0
2023-03-14 00:00:00+09:00,42750.0,43650.0,42700.0,42800.0,489536,0.0,0.0
2023-03-15 00:00:00+09:00,43750.0,43950.0,42000.0,42850.0,404246,0.0,0.0
2023-03-16 00:00:00+09:00,42300.0,42450.0,41150.0,41500.0,536442,0.0,0.0
2023-03-17 00:00:00+09:00,42100.0,43850.0,42050.0,43850.0,528379,0.0,0.0
2023-03-20 00:00:00+09:00,43100.0,44200.0,42500.0,42950.0,558207,0.0,0.0
2023-03-21 00:00:00+09:00,44300.0,44550.0,40700.0,41000.0,2009776,0.0,0.0
2023-03-22 00:00:00+09:00,41850.0,42550.0,41400.0,42350.0,1088978,0.0,0.0
2023-03-23 00:00:00+09:00,42100.0,42150.0,40850.0,41000.0,1085473,0.0,0.0
2023-03-24 00:00:00+09:00,41250.0,41800.0,40650.0,41200.0,733141,0.0,0.0
2023-03-27 00:00:00+09:00,41500.0,41600.0,39850.0,40550.0,781821,0.0,0.0
2023-03-28 00:00:00+09:00,40600.0,41300.0,40550.0,41150.0,527905,0.0,0.0
2023-03-29 00:00:00+09:00,41050.0,41200.0,40550.0,41150.0,384710,0.0,0.0
2023-03-30 00:00:00+09:00,41450.0,42000.0,41150.0,41350.0,604326,0.0,0.0
2023-03-31 00:00:00+09:00,41700.0,41850.0,40700.0,41700.0,614450,0.0,0.0
2023-04-03 00:00:00+09:00,41750.0,42000.0,41150.0,41250.0,518101,0.0,0.0
2023-04-04 00:00:00+09:00,41000.0,41850.0,40750.0,41800.0,843578,0.0,0.0
2023-04-05 00:00:00+09:00,41800.0,42000.0,41300.0,41500.0,388185,0.0,0.0
2023-04-06 00:00:00+09:00,39800.0,40300.0,39200.0,39950.0,948928,0.0,0.0
2023-04-07 00:00:00+09:00,39500.0,41000.0,39400.0,40950.0,610251,0.0,0.0
2023-04-10 00:00:00+09:00,40800.0,41050.0,40250.0,40750.0,400409,0.0,0.0
2023-04-11 00:00:00+09:00,40800.0,41250.0,40300.0,40950.0,382743,0.0,0.0
2023-04-12 00:00:00+09:00,41050.0,41900.0,40900.0,41800.0,450960,0.0,0.0
2023-04-13 00:00:00+09:00,41700.0,42300.0,41250.0,42000.0,414719,0.0,0.0
2023-04-14 00:00:00+09:00,42150.0,42600.0,41800.0,42200.0,510161,0.0,0.0
2023-04-17 00:00:00+09:00,42100.0,42600.0,41500.0,41650.0,315418,0.0,0.0
2023-04-18 00:00:00+09:00,41500.0,41900.0,40750.0,40900.0,329439,0.0,0.0
2023-04-19 00:00:00+09:00,41000.0,41300.0,40550.0,40700.0,267707,0.0,0.0
2023-04-20 00:00:00+09:00,40700.0,41050.0,40350.0,40450.0,273505,0.0,0.0
2023-04-21 00:00:00+09:00,40350.0,40550.0,40050.0,40250.0,241396,0.0,0.0
2023-04-24 00:00:00+09:00,40250.0,40550.0,39900.0,40100.0,210203,0.0,0.0
2023-04-25 00:00:00+09:00,40000.0,40350.0,39300.0,39500.0,330415,0.0,0.0
2023-04-26 00:00:00+09:00,39150.0,40800.0,39100.0,40050.0,342942,0.0,0.0
2023-04-27 00:00:00+09:00,40050.0,40250.0,39600.0,40000.0,186223,0.0,0.0
2023-04-28 00:00:00+09:00,40050.0,40850.0,40000.0,40350.0,340862,0.0,0.0
2023-05-02 00:00:00+09:00,40350.0,41100.0,39750.0,40950.0,297741,0.0,0.0
2023-05-03 00:00:00+09:00,40300.0,40850.0,39250.0,39650.0,736638,0.0,0.0
2023-05-04 00:00:00+09:00,39350.0,40000.0,39250.0,39900.0,238495,0.0,0.0
2023-05-08 00:00:00+09:00,40100.0,40400.0,39400.0,39500.0,347485,0.0,0.0
2023-05-09 00:00:00+09:00,39500.0,39650.0,39150.0,39400.0,222126,0.0,0.0
2023-05-10 00:00:00+09:00,39400.0,39650.0,39150.0,39400.0,195039,0.0,0.0
2023-05-11 00:00:00+09:00,39600.0,39800.0,39050.0,39050.0,246595,0.0,0.0
2023-05-12 00:00:00+09:00,39100.0,39500.0,38750.0,39350.0,220555,0.0,0.0
2023-05-15 00:00:00+09:00,39000.0,39200.0,38800.0,38850.0,211124,0.0,0.0
2023-05-16 00:00:00+09:00,38800.0,39200.0,38200.0,38350.0,288192,0.0,0.0
2023-05-17 00:00:00+09:00,38200.0,39300.0,38150.0,38750.0,284985,0.0,0.0
2023-05-18 00:00:00+09:00,38950.0,39100.0,38350.0,38650.0,187935,0.0,0.0
2023-05-19 00:00:00+09:00,38750.0,39400.0,38700.0,39350.0,230728,0.0,0.0
2023-05-22 00:00:00+09:00,39200.0,39500.0,38950.0,39450.0,173956,0.0,0.0
2023-05-23 00:00:00+09:00,39500.0,39500.0,39200.0,39450.0,164162,0.0,0.0
2023-05-24 00:00:00+09:00,39150.0,39200.0,38750.0,38900.0,240942,0.0,0.0
2023-05-25 00:00:00+09:00,39100.0,39300.0,38600.0,38750.0,211599,0.0,0.0
2023-05-26 00:00:00+09:00,38750.0,39000.0,38450.0,38500.0,169273,0.0,0.0
2023-05-30 00:00:00+09:00,38650.0,39100.0,38400.0,38950.0,234434,0.0,0.0
2023-05-31 00:00:00+09:00,38900.0,39400.0,38750.0,38850.0,248482,0.0,0.0
2023-06-01 00:00:00+09:00,38750.0,39500.0,38650.0,39300.0,225978,0.0,0.0
2023-06-02 00:00:00+09:00,39500.0,39600.0,38900.0,39300.0,195070,0.0,0.0
2023-06-05 00:00:00+09:00,39350.0,39750.0,39100.0,39700.0,229321,0.0,0.0
2023-06-07 00:00:00+09:00,40000.0,40500.0,39600.0,39600.0,347547,0.0,0.0
2023-06-08 00:00:00+09:00,39650.0,39950.0,39250.0,39850.0,328053,0.0,0.0
2023-06-09 00:00:00+09:00,39850.0,39950.0,39500.0,39800.0,244560,0.0,0.0
2023-06-12 00:00:00+09:00,39900.0,40250.0,39600.0,39650.0,254266,0.0,0.0
2023-06-13 00:00:00+09:00,39850.0,40300.0,39600.0,39650.0,222634,0.0,0.0
2023-06-14 00:00:00+09:00,39800.0,39850.0,38950.0,39000.0,313302,0.0,0.0
2023-06-15 00:00:00+09:00,39100.0,39300.0,38000.0,38200.0,354633,0.0,0.0
2023-06-16 00:00:00+09:00,38550.0,38850.0,38000.0,38150.0,763636,0.0,0.0
2023-06-19 00:00:00+09:00,38200.0,38500.0,36600.0,36800.0,630879,0.0,0.0
2023-06-20 00:00:00+09:00,36800.0,37300.0,36200.0,36450.0,357803,0.0,0.0
2023-06-21 00:00:00+09:00,36300.0,36700.0,35500.0,35650.0,456377,0.0,0.0
2023-06-22 00:00:00+09:00,35450.0,36000.0,35100.0,35150.0,391746,0.0,0.0
2023-06-23 00:00:00+09:00,35400.0,35600.0,34400.0,34750.0,615608,0.0,0.0
2023-06-26 00:00:00+09:00,34550.0,35000.0,34300.0,34450.0,613227,0.0,0.0
2023-06-27 00:00:00+09:00,34600.0,35050.0,34200.0,34650.0,654942,0.0,0.0
2023-06-28 00:00:00+09:00,34500.0,34950.0,33150.0,34100.0,955789,0.0,0.0
2023-06-29 00:00:00+09:00,34150.0,34300.0,33300.0,33550.0,419804,0.0,0.0
2023-06-30 00:00:00+09:00,33250.0,33550.0,32700.0,32850.0,825787,0.0,0.0
2023-07-03 00:00:00+09:00,32900.0,33750.0,32850.0,33150.0,501380,0.0,0.0
2023-07-04 00:00:00+09:00,33050.0,33050.0,32000.0,32050.0,772225,0.0,0.0
2023-07-05 00:00:00+09:00,32050.0,32250.0,31250.0,31350.0,605564,0.0,0.0
2023-07-06 00:00:00+09:00,31100.0,31550.0,30450.0,30550.0,689451,0.0,0.0
2023-07-07 00:00:00+09:00,30300.0,30500.0,29200.0,29400.0,910568,0.0,0.0
2023-07-10 00:00:00+09:00,29250.0,29700.0,28600.0,28900.0,827240,0.0,0.0
2023-07-12 00:00:00+09:00,30200.0,31200.0,29800.0,31150.0,840155,0.0,0.0
2023-07-13 00:00:00+09:00,31400.0,33000.0,31400.0,32650.0,991212,0.0,0.0
2023-07-14 00:00:00+09:00,32850.0,33150.0,32300.0,33000.0,466356,0.0,0.0
2023-07-17 00:00:00+09:00,32950.0,33700.0,32300.0,33450.0,540851,0.0,0.0
2023-07-18 00:00:00+09:00,33350.0,33750.0,32750.0,33150.0,361468,0.0,0.0
2023-07-19 00:00:00+09:00,33200.0,33300.0,32350.0,32850.0,401439,0.0,0.0
2023-07-20 00:00:00+09:00,32750.0,33550.0,32600.0,32900.0,331301,0.0,0.0
2023-07-21 00:00:00+09:00,32400.0,32650.0,31500.0,32500.0,450527,0.0,0.0
2023-07-24 00:00:00+09:00,32100.0,32200.0,31500.0,31850.0,482810,0.0,0.0
2023-07-25 00:00:00+09:00,31900.0,32400.0,30750.0,30800.0,852814,0.0,0.0
2023-07-26 00:00:00+09:00,30800.0,30850.0,29100.0,29450.0,1003082,0.0,0.0
2023-07-27 00:00:00+09:00,29150.0,30750.0,29150.0,30550.0,756640,0.0,0.0
2023-07-28 00:00:00+09:00,30450.0,30650.0,29700.0,29900.0,482951,0.0,0.0
2023-07-31 00:00:00+09:00,30200.0,32500.0,29900.0,31500.0,760098,0.0,0.0
2023-08-01 00:00:00+09:00,31850.0,33600.0,31800.0,32850.0,963379,0.0,0.0
2023-08-02 00:00:00+09:00,33150.0,33150.0,31150.0,31450.0,904167,0.0,0.0
2023-08-03 00:00:00+09:00,30900.0,31300.0,30450.0,31000.0,464536,0.0,0.0
2023-08-04 00:00:00+09:00,31000.0,31300.0,30550.0,31100.0,374506,0.0,0.0
2023-08-07 00:00:00+09:00,30900.0,32000.0,30600.0,31600.0,474473,0.0,0.0
2023-08-08 00:00:00+09:00,31800.0,32000.0,30200.0,30400.0,506136,0.0,0.0
2023-08-09 00:00:00+09:00,30150.0,30550.0,30050.0,30450.0,335002,0.0,0.0
2023-08-10 00:00:00+09:00,30250.0,30450.0,29750.0,30450.0,493079,0.0,0.0
2023-08-11 00:00:00+09:00,30150.0,30900.0,30050.0,30050.0,409140,0.0,0.0
2023-08-14 00:00:00+09:00,30050.0,30350.0,29650.0,29800.0,339988,0.0,0.0
2023-08-16 00:00:00+09:00,29500.0,29700.0,28800.0,28850.0,507138,0.0,0.0
2023-08-17 00:00:00+09:00,28550.0,28700.0,28000.0,28350.0,444558,0.0,0.0
2023-08-18 00:00:00+09:00,27900.0,28250.0,27600.0,27750.0,377138,0.0,0.0
2023-08-21 00:00:00+09:00,28000.0,28850.0,28000.0,28200.0,354590,0.0,0.0
2023-08-22 00:00:00+09:00,28200.0,28950.0,28200.0,28600.0,281358,0.0,0.0
2023-08-23 00:00:00+09:00,28500.0,28500.0,27900.0,28100.0,266225,0.0,0.0
2023-08-24 00:00:00+09:00,28300.0,28750.0,28200.0,28450.0,211631,0.0,0.0
2023-08-25 00:00:00+09:00,28000.0,28600.0,27800.0,28250.0,180755,0.0,0.0
2023-08-28 00:00:00+09:00,28550.0,28550.0,28100.0,28200.0,187119,0.0,0.0
2023-08-29 00:00:00+09:00,28300.0,29150.0,28300.0,28850.0,239230,0.0,0.0
2023-08-30 00:00:00+09:00,29300.0,29600.0,29000.0,29250.0,257312,0.0,0.0
2023-08-31 00:00:00+09:00,29250.0,29500.0,28200.0,28450.0,543121,0.0,0.0
2023-09-01 00:00:00+09:00,28300.0,28800.0,28000.0,28400.0,267564,0.0,0.0
2023-09-04 00:00:00+09:00,28450.0,28850.0,28300.0,28700.0,294747,0.0,0.0
2023-09-05 00:00:00+09:00,28850.0,28950.0,28400.0,28550.0,230840,0.0,0.0
2023-09-06 00:00:00+09:00,28500.0,28650.0,28050.0,28250.0,321706,0.0,0.0
2023-09-07 00:00:00+09:00,28200.0,28750.0,27800.0,27900.0,345406,0.0,0.0
2023-09-08 00:00:00+09:00,28050.0,28150.0,27350.0,27600.0,325923,0.0,0.0
2023-09-11 00:00:00+09:00,27700.0,28600.0,27600.0,27700.0,462230,0.0,0.0
2023-09-12 00:00:00+09:00,27850.0,28350.0,27650.0,27750.0,402474,0.0,0.0
2023-09-13 00:00:00+09:00,27600.0,27800.0,27150.0,27600.0,426079,0.0,0.0
2023-09-14 00:00:00+09:00,27850.0,27850.0,27150.0,27800.0,605974,0.0,0.0
2023-09-15 00:00:00+09:00,27800.0,28400.0,27700.0,28350.0,418384,0.0,0.0
2023-09-18 00:00:00+09:00,28050.0,28550.0,27850.0,27850.0,246816,0.0,0.0
2023-09-19 00:00:00+09:00,27850.0,27900.0,27000.0,27050.0,557886,0.0,0.0
2023-09-20 00:00:00+09:00,26900.0,27200.0,26350.0,26400.0,462025,0.0,0.0
2023-09-21 00:00:00+09:00,26150.0,26350.0,25550.0,25550.0,514878,0.0,0.0
2023-09-22 00:00:00+09:00,25150.0,25350.0,24850.0,25050.0,420714,0.0,0.0
2023-09-25 00:00:00+09:00,24800.0,25350.0,24800.0,25050.0,287039,0.0,0.0
2023-09-26 00:00:00+09:00,25050.0,25700.0,24800.0,25050.0,299654,0.0,0.0
2023-09-27 00:00:00+09:00,25000.0,25650.0,24850.0,25450.0,281020,0.0,0.0
2023-10-04 00:00:00+09:00,25400.0,25450.0,24350.0,24700.0,457445,0.0,0.0
2023-10-05 00:00:00+09:00,24900.0,25200.0,24450.0,24600.0,270682,0.0,0.0
2023-10-06 00:00:00+09:00,24550.0,25400.0,24550.0,25150.0,256994,0.0,0.0
2023-10-10 00:00:00+09:00,25400.0,25800.0,25150.0,25450.0,343158,0.0,0.0
2023-10-11 00:00:00+09:00,25650.0,26200.0,25500.0,25850.0,289964,0.0,0.0
2023-10-12 00:00:00+09:00,25850.0,26150.0,25700.0,26000.0,271157,0.0,0.0
2023-10-13 00:00:00+09:00,25750.0,25900.0,25200.0,25250.0,234726,0.0,0.0
2023-10-16 00:00:00+09:00,25100.0,25400.0,24500.0,24850.0,281889,0.0,0.0
2023-10-17 00:00:00+09:00,25050.0,25450.0,24950.0,25100.0,247216,0.0,0.0
2023-10-18 00:00:00+09:00,25100.0,25350.0,24300.0,24300.0,337904,0.0,0.0
2023-10-19 00:00:00+09:00,24050.0,24200.0,23300.0,23300.0,454722,0.0,0.0
2023-10-20 00:00:00+09:00,22650.0,23550.0,22600.0,23250.0,386412,0.0,0.0
2023-10-23 00:00:00+09:00,22750.0,23600.0,22750.0,23100.0,281081,0.0,0.0
2023-10-24 00:00:00+09:00,23300.0,24150.0,22800.0,24100.0,292437,0.0,0.0
2023-10-25 00:00:00+09:00,24150.0,24150.0,23600.0,23700.0,225063,0.0,0.0
2023-10-26 00:00:00+09:00,23200.0,23500.0,22850.0,23350.0,260630,0.0,0.0
2023-10-27 00:00:00+09:00,23300.0,24050.0,23300.0,23500.0,278974,0.0,0.0
2023-10-30 00:00:00+09:00,23300.0,23850.0,23300.0,23500.0,175236,0.0,0.0
2023-10-31 00:00:00+09:00,23600.0,24000.0,23250.0,23300.0,203956,0.0,0.0
2023-11-01 00:00:00+09:00,23450.0,23650.0,23050.0,23400.0,204767,0.0,0.0
2023-11-02 00:00:00+09:00,23800.0,23950.0,23400.0,23800.0,307806,0.0,0.0
2023-11-03 00:00:00+09:00,24050.0,25400.0,23650.0,25250.0,599180,0.0,0.0
2023-11-06 00:00:00+09:00,26400.0,26550.0,25750.0,26550.0,703152,0.0,0.0
2023-11-07 00:00:00+09:00,26550.0,26600.0,25650.0,26300.0,411187,0.0,0.0
2023-11-08 00:00:00+09:00,26050.0,28250.0,26050.0,26950.0,900342,0.0,0.0
2023-11-09 00:00:00+09:00,26500.0,27250.0,26300.0,26900.0,396468,0.0,0.0
2023-11-10 00:00:00+09:00,26550.0,27050.0,25700.0,26000.0,286987,0.0,0.0
2023-11-13 00:00:00+09:00,26250.0,26300.0,25350.0,25400.0,186738,0.0,0.0
2023-11-14 00:00:00+09:00,25300.0,26000.0,25300.0,25350.0,188806,0.0,0.0
2023-11-15 00:00:00+09:00,25800.0,26000.0,25500.0,25550.0,384577,0.0,0.0
2023-11-16 00:00:00+09:00,25550.0,26050.0,25300.0,25900.0,198121,0.0,0.0
2023-11-17 00:00:00+09:00,25700.0,25700.0,24600.0,24600.0,326965,0.0,0.0
2023-11-20 00:00:00+09:00,24700.0,25450.0,24600.0,25250.0,231757,0.0,0.0
2023-11-21 00:00:00+09:00,25250.0,26850.0,25250.0,26750.0,521840,0.0,0.0
2023-11-22 00:00:00+09:00,26500.0,27300.0,26150.0,27250.0,308201,0.0,0.0
2023-11-23 00:00:00+09:00,27250.0,27300.0,26600.0,26950.0,163735,0.0,0.0
2023-11-24 00:00:00+09:00,26750.0,27100.0,26450.0,26500.0,154599,0.0,0.0
2023-11-27 00:00:00+09:00,26500.0,27350.0,26250.0,26250.0,324017,0.0,0.0
2023-11-28 00:00:00+09:00,26400.0,27450.0,26400.0,27300.0,560882,0.0,0.0
2023-11-29 00:00:00+09:00,27500.0,27600.0,26800.0,26900.0,392805,0.0,0.0
2023-11-30 00:00:00+09:00,26500.0,27350.0,25800.0,26350.0,3681033,0.0,0.0
2023-12-01 00:00:00+09:00,26550.0,27250.0,26200.0,26200.0,375758,0.0,0.0
2023-12-04 00:00:00+09:00,26450.0,26800.0,25800.0,26250.0,291438,0.0,0.0
2023-12-05 00:00:00+09:00,25950.0,26200.0,25250.0,25500.0,320865,0.0,0.0
2023-12-06 00:00:00+09:00,25550.0,25850.0,25300.0,25550.0,189617,0.0,0.0
2023-12-07 00:00:00+09:00,25550.0,26250.0,25400.0,25400.0,264517,0.0,0.0
2023-12-08 00:00:00+09:00,25500.0,26200.0,25500.0,25800.0,288845,0.0,0.0
2023-12-11 00:00:00+09:00,25950.0,26000.0,25150.0,25450.0,207391,0.0,0.0
2023-12-12 00:00:00+09:00,25450.0,25550.0,25150.0,25250.0,192289,0.0,0.0
2023-12-13 00:00:00+09:00,25350.0,25400.0,24700.0,24700.0,285524,0.0,0.0
2023-12-14 00:00:00+09:00,25200.0,26800.0,25200.0,26800.0,753408,0.0,0.0
2023-12-15 00:00:00+09:00,26550.0,26750.0,26250.0,26550.0,310866,0.0,0.0
2023-12-18 00:00:00+09:00,26550.0,26700.0,26300.0,26450.0,189454,0.0,0.0
2023-12-19 00:00:00+09:00,26300.0,26600.0,25950.0,26600.0,271219,0.0,0.0
2023-12-20 00:00:00+09:00,26600.0,26800.0,26150.0,26350.0,376863,0.0,0.0
2023-12-21 00:00:00+09:00,26100.0,26300.0,25800.0,26200.0,275275,0.0,0.0
2023-12-22 00:00:00+09:00,26400.0,26550.0,25550.0,25550.0,387951,0.0,0.0
2023-12-26 00:00:00+09:00,25550.0,25800.0,25000.0,25000.0,274999,0.0,0.0
2023-12-27 00:00:00+09:00,25100.0,25750.0,24800.0,25650.0,216718,0.0,0.0
2023-12-28 00:00:00+09:00,25450.0,25950.0,25450.0,25850.0,195937,0.0,0.0
2024-01-02 00:00:00+09:00,25600.0,26300.0,25350.0,26150.0,210500,0.0,0.0
2024-01-03 00:00:00+09:00,25800.0,26100.0,25550.0,25600.0,205057,0.0,0.0
2024-01-04 00:00:00+09:00,25600.0,25700.0,25150.0,25400.0,179769,0.0,0.0
2024-01-05 00:00:00+09:00,25300.0,25850.0,25250.0,25350.0,193715,0.0,0.0
2024-01-08 00:00:00+09:00,25400.0,26200.0,25300.0,26000.0,251775,0.0,0.0
2024-01-09 00:00:00+09:00,26300.0,26800.0,26200.0,26650.0,308379,0.0,0.0
2024-01-10 00:00:00+09:00,26750.0,26800.0,26100.0,26250.0,235576,0.0,0.0
2024-01-11 00:00:00+09:00,26500.0,27600.0,26300.0,27200.0,872613,0.0,0.0
2024-01-12 00:00:00+09:00,27700.0,27700.0,26800.0,27300.0,583078,0.0,0.0
2024-01-15 00:00:00+09:00,27350.0,27450.0,26350.0,26600.0,287251,0.0,0.0
2024-01-16 00:00:00+09:00,26500.0,26900.0,25700.0,25750.0,294497,0.0,0.0
2024-01-17 00:00:00+09:00,25950.0,26000.0,24450.0,24550.0,535923,0.0,0.0
2024-01-18 00:00:00+09:00,24450.0,24800.0,24050.0,24250.0,279329,0.0,0.0
2024-01-19 00:00:00+09:00,24450.0,24950.0,24200.0,24200.0,292433,0.0,0.0
2024-01-22 00:00:00+09:00,24500.0,24950.0,24150.0,24200.0,250858,0.0,0.0
2024-01-23 00:00:00+09:00,24400.0,24950.0,24100.0,24850.0,249789,0.0,0.0
2024-01-24 00:00:00+09:00,25000.0,25200.0,24550.0,24800.0,195701,0.0,0.0
2024-01-25 00:00:00+09:00,24600.0,24650.0,24100.0,24550.0,233618,0.0,0.0
2024-01-26 00:00:00+09:00,24300.0,24950.0,24300.0,24650.0,170728,0.0,0.0
2024-01-29 00:00:00+09:00,24750.0,25100.0,24400.0,24600.0,210110,0.0,0.0
2024-01-30 00:00:00+09:00,24650.0,25300.0,24450.0,25100.0,303497,0.0,0.0
2024-01-31 00:00:00+09:00,25050.0,25100.0,24350.0,24550.0,207469,0.0,0.0
2024-02-01 00:00:00+09:00,24300.0,24700.0,24000.0,24500.0,276749,0.0,0.0
2024-02-02 00:00:00+09:00,24700.0,25700.0,24650.0,25550.0,386225,0.0,0.0
2024-02-05 00:00:00+09:00,25800.0,26350.0,25200.0,25850.0,273516,0.0,0.0
2024-02-06 00:00:00+09:00,25850.0,25900.0,25300.0,25500.0,200766,0.0,0.0
2024-02-07 00:00:00+09:00,25600.0,26200.0,25350.0,25500.0,243121,0.0,0.0
2024-02-08 00:00:00+09:00,25450.0,26450.0,25400.0,25450.0,397558,0.0,0.0
2024-02-13 00:00:00+09:00,25550.0,25650.0,24600.0,24650.0,471866,0.0,0.0
2024-02-14 00:00:00+09:00,24350.0,25150.0,24250.0,24950.0,312711,0.0,0.0
2024-02-15 00:00:00+09:00,25200.0,25550.0,24950.0,25100.0,370504,0.0,0.0
2024-02-16 00:00:00+09:00,25200.0,25650.0,25100.0,25350.0,187173,0.0,0.0
2024-02-19 00:00:00+09:00,25300.0,25650.0,25200.0,25300.0,170725,0.0,0.0
2024-02-20 00:00:00+09:00,25300.0,25350.0,24850.0,25000.0,185492,0.0,0.0
2024-02-21 00:00:00+09:00,24800.0,25300.0,24750.0,24950.0,188451,0.0,0.0
2024-02-22 00:00:00+09:00,24950.0,25150.0,24550.0,24650.0,251946,0.0,0.0
2024-02-23 00:00:00+09:00,24750.0,24800.0,24250.0,24250.0,318253,0.0,0.0
2024-02-26 00:00:00+09:00,24400.0,24550.0,24100.0,24350.0,165381,0.0,0.0
2024-02-27 00:00:00+09:00,24250.0,24650.0,24150.0,24450.0,191727,0.0,0.0
2024-02-28 00:00:00+09:00,24350.0,24750.0,24300.0,24350.0,195110,0.0,0.0
2024-02-29 00:00:00+09:00,24200.0,24300.0,23450.0,23450.0,466095,0.0,0.0
2024-03-04 00:00:00+09:00,23750.0,24350.0,23550.0,23700.0,285969,0.0,0.0
2024-03-05 00:00:00+09:00,23700.0,23750.0,23150.0,23350.0,216249,0.0,0.0
2024-03-06 00:00:00+09:00,23350.0,23450.0,23100.0,23150.0,265228,0.0,0.0
2024-03-07 00:00:00+09:00,23200.0,23300.0,22800.0,22950.0,286213,0.0,0.0
2024-03-08 00:00:00+09:00,22950.0,23400.0,22900.0,23000.0,178125,0.0,0.0
2024-03-11 00:00:00+09:00,23050.0,23850.0,22850.0,23850.0,276195,0.0,0.0
2024-03-12 00:00:00+09:00,23750.0,24100.0,23600.0,23750.0,166764,0.0,0.0
2024-03-13 00:00:00+09:00,23900.0,23900.0,23550.0,23700.0,164229,0.0,0.0
2024-03-14 00:00:00+09:00,23600.0,24100.0,23550.0,23550.0,292434,0.0,0.0
2024-03-15 00:00:00+09:00,23400.0,23550.0,23000.0,23150.0,217271,0.0,0.0
2024-03-18 00:00:00+09:00,23150.0,23350.0,23000.0,23300.0,104421,0.0,0.0
2024-03-19 00:00:00+09:00,23100.0,23350.0,23000.0,23250.0,181919,0.0,0.0
2024-03-20 00:00:00+09:00,23250.0,23550.0,23050.0,23050.0,214007,0.0,0.0
2024-03-21 00:00:00+09:00,23350.0,23500.0,23100.0,23100.0,215395,0.0,0.0
2024-03-22 00:00:00+09:00,23100.0,23300.0,22900.0,23200.0,143601,0.0,0.0
2024-03-25 00:00:00+09:00,23200.0,23550.0,23050.0,23500.0,169862,0.0,0.0
2024-03-26 00:00:00+09:00,23500.0,23900.0,23350.0,23750.0,213999,0.0,0.0
2024-03-27 00:00:00+09:00,23800.0,24100.0,23600.0,23750.0,233217,0.0,0.0
2024-03-28 00:00:00+09:00,23800.0,24000.0,23300.0,23350.0,220258,0.0,0.0
2024-03-29 00:00:00+09:00,23450.0,23500.0,22800.0,23000.0,288844,0.0,0.0
2024-04-01 00:00:00+09:00,23200.0,23800.0,23050.0,23700.0,239432,0.0,0.0
2024-04-02 00:00:00+09:00,23500.0,23600.0,22900.0,23050.0,320549,0.0,0.0
2024-04-03 00:00:00+09:00,22950.0,23050.0,22800.0,23000.0,178703,0.0,0.0
2024-04-04 00:00:00+09:00,23000.0,23150.0,22200.0,22250.0,443320,0.0,0.0
2024-04-05 00:00:00+09:00,22000.0,22250.0,21750.0,21850.0,250061,0.0,0.0
2024-04-08 00:00:00+09:00,21850.0,21900.0,21250.0,21350.0,279906,0.0,0.0
2024-04-09 00:00:00+09:00,21350.0,21650.0,21200.0,21200.0,210592,0.0,0.0
2024-04-11 00:00:00+09:00,21200.0,21200.0,20750.0,20950.0,252119,0.0,0.0
2024-04-12 00:00:00+09:00,21000.0,21150.0,20550.0,20550.0,208373,0.0,0.0
2024-04-15 00:00:00+09:00,20200.0,20300.0,19960.0,20000.0,243562,0.0,0.0
2024-04-16 00:00:00+09:00,19810.0,20250.0,19810.0,20200.0,273895,0.0,0.0
2024-04-17 00:00:00+09:00,20050.0,20800.0,20050.0,20750.0,216777,0.0,0.0
2024-04-18 00:00:00+09:00,20350.0,20800.0,20350.0,20750.0,134870,0.0,0.0
2024-04-19 00:00:00+09:00,20350.0,20850.0,20250.0,20750.0,180734,0.0,0.0
2024-04-22 00:00:00+09:00,20950.0,21100.0,20750.0,20900.0,135272,0.0,0.0
2024-04-23 00:00:00+09:00,20750.0,21200.0,20750.0,20950.0,123071,0.0,0.0
2024-04-24 00:00:00+09:00,21150.0,21300.0,20900.0,21050.0,115881,0.0,0.0
2024-04-25 00:00:00+09:00,20750.0,21100.0,20700.0,20900.0,79431,0.0,0.0
2024-04-26 00:00:00+09:00,21100.0,21250.0,20850.0,21100.0,109912,0.0,0.0
2024-04-29 00:00:00+09:00,21300.0,21850.0,21200.0,21800.0,176520,0.0,0.0
2024-04-30 00:00:00+09:00,21650.0,21950.0,21600.0,21800.0,121009,0.0,0.0
2024-05-02 00:00:00+09:00,21800.0,22000.0,21650.0,21900.0,99331,0.0,0.0
2024-05-03 00:00:00+09:00,22000.0,22250.0,21950.0,22250.0,122453,0.0,0.0
2024-05-07 00:00:00+09:00,22400.0,22500.0,22000.0,22050.0,200374,0.0,0.0
2024-05-08 00:00:00+09:00,22250.0,22400.0,21850.0,22250.0,163464,0.0,0.0
2024-05-09 00:00:00+09:00,22250.0,22350.0,21850.0,21950.0,197677,0.0,0.0
2024-05-10 00:00:00+09:00,22100.0,23200.0,22050.0,22150.0,559310,0.0,0.0
2024-05-13 00:00:00+09:00,22100.0,22200.0,21650.0,21700.0,132479,0.0,0.0
2024-05-14 00:00:00+09:00,21700.0,22200.0,21650.0,21700.0,149841,0.0,0.0
2024-05-16 00:00:00+09:00,22150.0,22150.0,21650.0,21750.0,114826,0.0,0.0
2024-05-17 00:00:00+09:00,21800.0,22250.0,21800.0,22050.0,191063,0.0,0.0
2024-05-20 00:00:00+09:00,22100.0,22150.0,21550.0,21650.0,170142,0.0,0.0
2024-05-21 00:00:00+09:00,21700.0,21750.0,21350.0,21400.0,115267,0.0,0.0
2024-05-22 00:00:00+09:00,21400.0,21650.0,21300.0,21600.0,97299,0.0,0.0
2024-05-23 00:00:00+09:00,21450.0,21900.0,21250.0,21750.0,121052,0.0,0.0
2024-05-24 00:00:00+09:00,21550.0,21850.0,21400.0,21650.0,88139,0.0,0.0
2024-05-27 00:00:00+09:00,21700.0,21950.0,21400.0,21800.0,173988,0.0,0.0
2024-05-28 00:00:00+09:00,21700.0,21750.0,20950.0,21000.0,241602,0.0,0.0
2024-05-29 00:00:00+09:00,20950.0,20950.0,20500.0,20550.0,158859,0.0,0.0
2024-05-30 00:00:00+09:00,20550.0,20650.0,20300.0,20650.0,112501,0.0,0.0
2024-05-31 00:00:00+09:00,20500.0,21350.0,20500.0,21350.0,225108,0.0,0.0
2024-06-03 00:00:00+09:00,21300.0,21550.0,20900.0,21100.0,155915,0.0,0.0
2024-06-04 00:00:00+09:00,20900.0,21100.0,20750.0,20900.0,104313,0.0,0.0
2024-06-05 00:00:00+09:00,20800.0,20950.0,20600.0,20800.0,97992,0.0,0.0
2024-06-07 00:00:00+09:00,20900.0,21100.0,20550.0,20550.0,126531,0.0,0.0
2024-06-10 00:00:00+09:00,20400.0,20550.0,20000.0,20150.0,174567,0.0,0.0
2024-06-11 00:00:00+09:00,20100.0,20650.0,20050.0,20150.0,131597,0.0,0.0
2024-06-12 00:00:00+09:00,20200.0,20400.0,20100.0,20300.0,118147,0.0,0.0
2024-06-13 00:00:00+09:00,20350.0,20500.0,20150.0,20150.0,286539,0.0,0.0
2024-06-14 00:00:00+09:00,20200.0,20800.0,20050.0,20600.0,342480,0.0,0.0
2024-06-17 00:00:00+09:00,20500.0,20750.0,20100.0,20500.0,140927,0.0,0.0
2024-06-18 00:00:00+09:00,20550.0,20650.0,20050.0,20350.0,181612,0.0,0.0
2024-06-19 00:00:00+09:00,20500.0,21900.0,20500.0,21700.0,606378,0.0,0.0
2024-06-20 00:00:00+09:00,21700.0,21900.0,21200.0,21400.0,202108,0.0,0.0
2024-06-21 00:00:00+09:00,21250.0,21400.0,20550.0,20550.0,262165,0.0,0.0
2024-06-24 00:00:00+09:00,20600.0,20900.0,20150.0,20200.0,172358,0.0,0.0
2024-06-25 00:00:00+09:00,20150.0,20650.0,20150.0,20300.0,120011,0.0,0.0
2024-06-26 00:00:00+09:00,20300.0,21050.0,20300.0,20450.0,180061,0.0,0.0
2024-06-27 00:00:00+09:00,20500.0,20600.0,20150.0,20200.0,159091,0.0,0.0
2024-06-28 00:00:00+09:00,20300.0,20500.0,20100.0,20500.0,121976,0.0,0.0
2024-07-01 00:00:00+09:00,20400.0,20750.0,20300.0,20700.0,124823,0.0,0.0
2024-07-02 00:00:00+09:00,20500.0,20650.0,20200.0,20450.0,148679,0.0,0.0
2024-07-03 00:00:00+09:00,20400.0,20750.0,20250.0,20300.0,157050,0.0,0.0
2024-07-04 00:00:00+09:00,20200.0,20350.0,18990.0,19030.0,1001752,0.0,0.0
2024-07-05 00:00:00+09:00,19200.0,19780.0,19170.0,19510.0,446532,0.0,0.0
2024-07-08 00:00:00+09:00,19320.0,19410.0,19000.0,19260.0,272432,0.0,0.0
2024-07-09 00:00:00+09:00,19250.0,19640.0,19210.0,19460.0,241181,0.0,0.0
2024-07-10 00:00:00+09:00,19400.0,19600.0,19110.0,19490.0,223749,0.0,0.0
2024-07-11 00:00:00+09:00,19650.0,19650.0,19220.0,19520.0,211614,0.0,0.0
2024-07-12 00:00:00+09:00,19490.0,19880.0,19330.0,19420.0,200043,0.0,0.0
2024-07-15 00:00:00+09:00,19420.0,19620.0,19210.0,19460.0,174669,0.0,0.0
2024-07-16 00:00:00+09:00,19360.0,19450.0,18940.0,18940.0,363094,0.0,0.0
2024-07-17 00:00:00+09:00,18940.0,19390.0,18940.0,19300.0,214471,0.0,0.0
2024-07-18 00:00:00+09:00,19370.0,19440.0,19040.0,19110.0,165530,0.0,0.0
2024-07-19 00:00:00+09:00,19010.0,19250.0,19010.0,19170.0,115747,0.0,0.0
2024-07-22 00:00:00+09:00,19020.0,19240.0,18760.0,18970.0,175350,0.0,0.0
2024-07-23 00:00:00+09:00,18730.0,19100.0,17950.0,17950.0,577330,0.0,0.0
2024-07-24 00:00:00+09:00,17810.0,18180.0,17490.0,17940.0,236007,0.0,0.0
2024-07-25 00:00:00+09:00,17620.0,18410.0,17620.0,18340.0,233301,0.0,0.0
2024-07-26 00:00:00+09:00,18440.0,18500.0,18110.0,18490.0,109561,0.0,0.0
2024-07-29 00:00:00+09:00,18520.0,18690.0,18440.0,18500.0,84471,0.0,0.0
2024-07-30 00:00:00+09:00,18400.0,18750.0,18310.0,18310.0,92620,0.0,0.0
2024-07-31 00:00:00+09:00,18280.0,18710.0,18100.0,18660.0,116101,0.0,0.0
2024-08-01 00:00:00+09:00,18660.0,19420.0,18560.0,19240.0,214421,0.0,0.0
2024-08-02 00:00:00+09:00,19150.0,19510.0,18780.0,19250.0,189523,0.0,0.0
