Date,Open,High,Low,Close,Volume,Dividends,Stock Splits
2007-12-31 00:00:00+08:00,63.388920529522515,64.0729751586914,62.70487287281895,64.0729751586914,85170,0.0,0.0
2008-01-02 00:00:00+08:00,63.84495544433593,64.75703061909043,63.16090777885184,63.84495544433594,151302,0.0,0.0
2008-01-03 00:00:00+08:00,62.93289035539441,62.93289035539441,62.47685623168945,62.47685623168945,50100,0.0,0.0
2008-01-04 00:00:00+08:00,62.70487677977482,62.93289035539441,62.47685623168945,62.47685623168945,30060,0.0,0.0
2008-01-07 00:00:00+08:00,62.47685320691487,62.47685320691487,60.88073036498983,61.56478500366211,60120,0.0,0.0
2008-01-08 00:00:00+08:00,61.56477817165397,62.02081222267302,61.33675765991211,61.33675765991211,62124,0.0,0.0
2008-01-09 00:00:00+08:00,61.336764601109714,61.336764601109714,60.196675858311174,60.6527099609375,174348,0.0,0.0
2008-01-10 00:00:00+08:00,60.88072360889305,61.56477817165397,60.88072360889305,61.33675765991211,64128,0.0,0.0
2008-01-11 00:00:00+08:00,61.33675765991211,61.79279171093117,61.10873714817025,61.33675765991211,47094,0.0,0.0
2008-01-14 00:00:00+08:00,62.02081910528849,62.24883266986896,61.1087439295703,61.56478500366211,59118,0.0,0.0
2008-01-15 00:00:00+08:00,62.02081619679918,62.70487080339247,58.37252960994506,58.82856369018555,559116,0.0,0.0
2008-01-16 00:00:00+08:00,57.460458345710336,57.91649240131793,55.63631515081523,56.320369720458984,422844,0.0,0.0
2008-01-17 00:00:00+08:00,55.180287439168346,57.46046495181822,55.180287439168346,56.54839324951172,146292,0.0,0.0
2008-01-18 00:00:00+08:00,56.548394256838556,57.916500091552734,55.180288422124384,57.916500091552734,234468,0.0,0.0
2008-01-21 00:00:00+08:00,57.46046582950728,59.740643376986085,57.46046582950728,59.51262283325195,187374,0.0,0.0
2008-01-22 00:00:00+08:00,55.6363238371555,58.828569697269614,55.6363238371555,56.09236145019531,223446,0.0,0.0
2008-01-23 00:00:00+08:00,59.05658709723716,59.51262119972237,55.18028676741477,55.86433792114258,693384,0.0,0.0
2008-01-24 00:00:00+08:00,57.46046378355001,57.916497882314935,55.40830336664245,56.77640914916992,311622,0.0,0.0
2008-01-25 00:00:00+08:00,57.46046646984289,57.68848352988522,56.54839474344074,57.00442886352539,98196,0.0,0.0
2008-01-28 00:00:00+08:00,57.00442886352539,57.46046646984289,56.32037768339841,57.00442886352539,85170,0.0,0.0
2008-01-29 00:00:00+08:00,57.916499059855084,57.916499059855084,56.092359141474844,56.54839324951172,61122,0.0,0.0
2008-01-30 00:00:00+08:00,57.46046495181822,57.46046495181822,56.092359141474844,56.54839324951172,23046,0.0,0.0
2008-01-31 00:00:00+08:00,55.636311210685584,56.548382743540785,54.7242431640625,54.7242431640625,177354,0.0,0.0
2008-02-01 00:00:00+08:00,55.18028735318665,56.09235905407197,53.356143951416016,53.356143951416016,154308,0.0,0.0
2008-02-12 00:00:00+08:00,54.2682109705727,55.63631666075757,54.2682109705727,55.18028259277344,112224,0.0,0.0
2008-02-13 00:00:00+08:00,56.09235926668231,56.09235926668231,54.26821585799751,54.9522705078125,28056,0.0,0.0
2008-02-14 00:00:00+08:00,55.63632253828484,58.37253420771318,55.63632253828484,57.916500091552734,91182,0.0,0.0
2008-02-15 00:00:00+08:00,57.91649359500334,57.91649359500334,57.2324390112609,57.6884765625,29058,0.0,0.0
2008-02-18 00:00:00+08:00,59.28459930419922,59.28459930419922,57.23243567268218,59.28459930419922,68136,0.0,0.0
2008-02-19 00:00:00+08:00,59.284614808059224,59.284614808059224,58.144522441431356,58.37253952026367,74148,0.0,0.0
2008-02-20 00:00:00+08:00,58.37253471001219,58.60055525628737,57.00442886352539,57.00442886352539,69138,0.0,0.0
2008-02-21 00:00:00+08:00,57.916507136256975,58.60056187993583,57.232452392578125,57.232452392578125,67134,0.0,0.0
2008-02-22 00:00:00+08:00,57.68849005044178,58.372541307887374,57.00443530676292,57.232452392578125,21042,0.0,0.0
2008-02-25 00:00:00+08:00,58.82856172501666,58.82856172501666,57.2324390112609,57.6884765625,89178,0.0,0.0
2008-02-26 00:00:00+08:00,57.68848083293247,57.68848083293247,56.320375050405,56.77640914916992,160320,0.0,0.0
2008-02-27 00:00:00+08:00,57.68848083293247,57.68848083293247,56.77640914916992,56.77640914916992,74148,0.0,0.0
2008-02-29 00:00:00+08:00,57.00442886352539,57.46046646984289,56.54839474344074,57.00442886352539,84168,0.0,0.0
2008-03-03 00:00:00+08:00,56.32037768339841,57.00442886352539,56.32037768339841,57.00442886352539,26052,0.0,0.0
2008-03-04 00:00:00+08:00,57.00442388299104,60.65270698361261,57.00442388299104,58.82856369018555,157314,0.0,0.0
2008-03-05 00:00:00+08:00,58.828565164827864,60.196674412308525,58.60055160522461,58.60055160522461,89178,0.0,0.0
2008-03-06 00:00:00+08:00,59.28459930419922,59.28459930419922,58.37252425492571,59.28459930419922,123246,0.0,0.0
2008-03-07 00:00:00+08:00,59.28460474289115,59.28460474289115,58.37252960994506,58.82856369018555,48096,0.0,0.0
2008-03-10 00:00:00+08:00,60.19667290337212,60.19667290337212,58.37252960994506,58.82856369018555,81162,0.0,0.0
2008-03-11 00:00:00+08:00,58.82856369018555,58.82856369018555,58.14451256982482,58.82856369018555,69138,0.0,0.0
2008-03-12 00:00:00+08:00,61.79280192533914,62.02082247477301,59.74064487029757,59.968658447265625,357714,0.0,0.0
2008-03-13 00:00:00+08:00,59.968653880239984,59.968653880239984,58.60055160522461,58.60055160522461,126252,0.0,0.0
2008-03-14 00:00:00+08:00,59.96865037376576,59.96865037376576,57.6884765625,57.6884765625,126252,0.0,0.0
2008-03-17 00:00:00+08:00,57.00442886352539,57.68848352988522,56.54839474344074,57.00442886352539,87174,0.0,0.0
2008-03-18 00:00:00+08:00,57.68848352988522,57.68848352988522,56.54839474344074,57.00442886352539,67134,0.0,0.0
2008-03-19 00:00:00+08:00,58.37253420771318,59.284609412499734,57.916500091552734,57.916500091552734,86172,0.0,0.0
2008-03-20 00:00:00+08:00,57.91650536259904,59.05659424299376,57.91650536259904,58.37253952026367,21042,0.0,0.0
2008-03-21 00:00:00+08:00,58.82855829333023,59.51261283716924,58.6005447603602,59.28459930419922,155310,0.0,0.0
2008-03-24 00:00:00+08:00,62.02082247477301,62.02082247477301,59.968658447265625,59.968658447265625,287574,0.0,0.0
2008-03-25 00:00:00+08:00,61.10874252927674,61.10874252927674,59.96865381510297,60.19667434692383,103206,0.0,0.0
2008-03-26 00:00:00+08:00,60.65270767481641,62.02081690359408,60.19667358937892,61.108741760253906,244488,0.0,0.0
2008-03-27 00:00:00+08:00,61.79279481401944,63.844951632892,61.10874021690692,62.24882888793945,430860,0.0,0.0
2008-03-28 00:00:00+08:00,63.38891755897199,63.38891755897199,61.79279481401944,62.24882888793945,215430,0.0,0.0
2008-03-31 00:00:00+08:00,63.38892576871257,65.6691034060921,62.932891635729845,64.52901458740234,573144,0.0,0.0
2008-04-01 00:00:00+08:00,65.66909995778961,68.86135266597445,65.66909995778961,68.40531158447266,1022040,0.0,0.0
2008-04-02 00:00:00+08:00,67.94926676419975,68.4053008013487,66.35314414794615,67.49323272705078,233466,0.0,0.0
2008-04-03 00:00:00+08:00,67.26522977837693,67.49325034269668,66.12514090171067,67.03721618652344,189378,0.0,0.0
2008-04-07 00:00:00+08:00,67.03720925736391,68.86135266597445,67.03720925736391,68.40531158447266,184368,0.0,0.0
2008-04-08 00:00:00+08:00,68.40529854849719,68.86133954309139,67.2652100069401,67.94926452636719,88176,0.0,0.0
2008-04-09 00:00:00+08:00,67.94927526967125,68.17729580302016,67.03720708120625,67.26522064208984,62124,0.0,0.0
2008-04-10 00:00:00+08:00,67.49324336640015,68.40531158447266,67.03720925736391,68.40531158447266,108216,0.0,0.0
2008-04-11 00:00:00+08:00,68.17729580302016,68.17729580302016,67.26522064208984,67.26522064208984,74148,0.0,0.0
2008-04-14 00:00:00+08:00,67.03721256463672,67.03721256463672,66.12513732910156,66.12513732910156,179358,0.0,0.0
2008-04-15 00:00:00+08:00,66.12512664041685,68.17729035930302,66.12512664041685,66.8091812133789,129258,0.0,0.0
2008-04-16 00:00:00+08:00,66.80918654785735,67.94927526967125,66.80918654785735,67.26522064208984,93186,0.0,0.0
2008-04-17 00:00:00+08:00,67.49323726402619,67.9492713318303,66.12512808814894,66.58116912841797,135270,0.0,0.0
2008-04-18 00:00:00+08:00,66.58116761648986,66.58116761648986,65.21305847167969,65.21305847167969,313626,0.0,0.0
2008-04-21 00:00:00+08:00,66.12513668299403,66.12513668299403,64.75703430175781,64.75703430175781,340680,0.0,0.0
2008-04-22 00:00:00+08:00,65.66910552978516,67.72126965327185,65.66910552978516,65.66910552978516,453906,0.0,0.0
2008-04-23 00:00:00+08:00,65.66910552978516,66.80919438534461,65.66910552978516,65.66910552978516,261522,0.0,0.0
2008-04-24 00:00:00+08:00,65.66910319756693,66.80919201263646,65.66910319756693,66.12513732910156,282564,0.0,0.0
2008-04-25 00:00:00+08:00,66.58116912841797,67.49323726402619,66.58116912841797,66.58116912841797,189378,0.0,0.0
2008-04-28 00:00:00+08:00,67.26521674389167,68.17729185196481,66.58116912841797,66.58116912841797,123246,0.0,0.0
2008-04-29 00:00:00+08:00,66.5811807977124,67.03721494544295,65.66910552978516,65.66910552978516,160320,0.0,0.0
2008-04-30 00:00:00+08:00,65.66910319756693,66.35315788110182,65.66910319756693,66.12513732910156,209418,0.0,0.0
2008-05-02 00:00:00+08:00,67.4932305042372,69.54538709005428,67.0371964821072,67.94926452636719,559116,0.0,0.0
2008-05-05 00:00:00+08:00,68.86133875229413,69.08935227450854,67.94926374604411,68.17728424072266,205410,0.0,0.0
2008-05-06 00:00:00+08:00,68.17729580302016,68.17729580302016,66.80918654785735,67.26522064208984,211422,0.0,0.0
2008-05-07 00:00:00+08:00,67.9492774754364,69.0893662342598,67.26522282564926,68.40531158447266,385770,0.0,0.0
2008-05-08 00:00:00+08:00,68.40530994262757,70.91350794082419,68.40530994262757,68.8613510131836,778554,0.0,0.0
2008-05-09 00:00:00+08:00,68.63333264561876,71.36954429304845,68.63333264561876,70.0014419555664,499998,0.0,0.0
2008-05-12 00:00:00+08:00,71.14152847610221,71.14152847610221,68.8613510131836,68.8613510131836,189378,0.0,0.0
2008-05-13 00:00:00+08:00,69.08936228478385,70.00143742318335,68.63332820181667,69.3173828125,130260,0.0,0.0
2008-05-14 00:00:00+08:00,69.3173828125,69.54539636775102,69.08936228478385,69.3173828125,93186,0.0,0.0
2008-05-15 00:00:00+08:00,69.3173828125,70.22945097843436,69.3173828125,69.3173828125,121242,0.0,0.0
2008-05-16 00:00:00+08:00,69.3173828125,70.00143742318335,69.08936228478385,69.3173828125,157314,0.0,0.0
2008-05-19 00:00:00+08:00,69.3174000367281,70.45748901367188,69.3174000367281,70.45748901367188,154308,0.0,0.0
2008-05-20 00:00:00+08:00,70.91350794082419,70.91350794082419,68.8613510131836,68.8613510131836,204408,0.0,0.0
2008-05-21 00:00:00+08:00,68.40530994262757,69.31738511127423,68.40530994262757,68.8613510131836,130260,0.0,0.0
2008-05-22 00:00:00+08:00,69.77341920936489,69.77341920936489,68.40530994262757,68.8613510131836,134268,0.0,0.0
2008-05-23 00:00:00+08:00,69.08935772228536,69.77341228779534,66.12512592005189,68.6333236694336,684366,0.0,0.0
2008-05-26 00:00:00+08:00,67.2652261441711,67.949280827706,66.12513732910156,66.12513732910156,165330,0.0,0.0
2008-05-27 00:00:00+08:00,66.12513668299403,66.58117778253857,63.84495907513451,64.75703430175781,361722,0.0,0.0
2008-05-28 00:00:00+08:00,65.21306472023497,65.21306472023497,63.84495544433593,63.84495544433594,71142,0.0,0.0
2008-05-29 00:00:00+08:00,63.84496138638769,64.98505023158982,63.84496138638769,64.3010025024414,68136,0.0,0.0
2008-05-30 00:00:00+08:00,64.75703430175781,64.75703430175781,63.84495907513451,64.75703430175781,26052,0.0,0.0
2008-06-02 00:00:00+08:00,64.75703493449764,66.12513732910156,64.75703493449764,66.12513732910156,55110,0.0,0.0
2008-06-03 00:00:00+08:00,66.12512658657663,66.12512658657663,65.21305847167969,65.21305847167969,23046,0.0,0.0
2008-06-04 00:00:00+08:00,66.1251396775157,66.1251396775157,64.98505082195626,65.66910552978516,20040,0.0,0.0
2008-06-05 00:00:00+08:00,64.75702890581535,65.8971176147461,64.75702890581535,65.8971176147461,31062,0.0,0.0
2008-06-06 00:00:00+08:00,66.1251257776069,66.58116680194095,65.44107818603516,65.44107818603516,74148,0.0,0.0
2008-06-09 00:00:00+08:00,65.21305847167969,66.12512658657663,65.21305847167969,65.21305847167969,82164,0.0,0.0
2008-06-10 00:00:00+08:00,65.21306388315112,65.66909797844194,64.0729751586914,64.0729751586914,94188,0.0,0.0
2008-06-11 00:00:00+08:00,64.07298194441455,64.75703664602905,63.388927242800044,64.3010025024414,183366,0.0,0.0
2008-06-12 00:00:00+08:00,64.30097783592795,64.30097783592795,62.93286895751953,62.93286895751953,243486,0.0,0.0
2008-06-13 00:00:00+08:00,62.93288724204687,63.84495544433593,62.93288724204687,63.84495544433594,92184,0.0,0.0
2008-06-16 00:00:00+08:00,63.844936894816215,64.07295736537208,62.70485545942706,62.93286895751953,119238,0.0,0.0
2008-06-17 00:00:00+08:00,63.38890292616787,63.61692339672374,62.70485545942706,62.93286895751953,72144,0.0,0.0
2008-06-18 00:00:00+08:00,63.61693578437767,65.21305847167969,63.388915269421055,65.21305847167969,78156,0.0,0.0
2008-06-19 00:00:00+08:00,64.75702521202328,65.21305927508999,64.75702521202328,64.98503875732422,58116,0.0,0.0
2008-06-20 00:00:00+08:00,64.98504787906427,64.98504787906427,64.52901375198553,64.75703430175781,45090,0.0,0.0
2008-06-23 00:00:00+08:00,64.75702441423122,65.21305847167969,63.844949326869525,65.21305847167969,66132,0.0,0.0
2008-06-24 00:00:00+08:00,65.21305927508999,65.44107979285576,64.75702521202328,64.98503875732422,80160,0.0,0.0
2008-06-25 00:00:00+08:00,64.98503875732422,65.21305927508999,64.75702521202328,64.98503875732422,72144,0.0,0.0
2008-06-26 00:00:00+08:00,65.2130629948946,65.8971176147461,65.2130629948946,65.8971176147461,92184,0.0,0.0
2008-06-27 00:00:00+08:00,64.30097783592795,65.66907974187298,62.93286895751953,62.93286895751953,199398,0.0,0.0
2008-06-30 00:00:00+08:00,62.93286895751953,63.844936894816215,62.93286895751953,62.93286895751953,209418,0.0,0.0
2008-07-01 00:00:00+08:00,63.388909824174526,64.07296433781782,62.476841787626235,63.16089630126953,139278,0.0,0.0
2008-07-02 00:00:00+08:00,63.16091137074932,64.98504787906427,63.16091137074932,64.75703430175781,136272,0.0,0.0
2008-07-03 00:00:00+08:00,62.9328864342317,64.7570297878603,62.9328864342317,64.0729751586914,74148,0.0,0.0
2008-07-04 00:00:00+08:00,65.21304577322464,65.21304577322464,62.93286895751953,62.93286895751953,73146,0.0,0.0
2008-07-07 00:00:00+08:00,62.93289247919708,63.616947174072266,62.704878895882686,63.616947174072266,37074,0.0,0.0
2008-07-08 00:00:00+08:00,63.84496075738666,64.30100186894745,62.93289247919708,63.616947174072266,159318,0.0,0.0
2008-07-09 00:00:00+08:00,63.84494384244867,64.30098483318697,63.16089630126953,63.16089630126953,31062,0.0,0.0
2008-07-10 00:00:00+08:00,63.16091006368641,63.38892363627431,62.70487594604492,62.70487594604492,43086,0.0,0.0
2008-07-11 00:00:00+08:00,62.93287580590038,63.61693031954368,62.704862282995386,63.16089630126953,103206,0.0,0.0
2008-07-14 00:00:00+08:00,63.16090696810977,64.30099569256949,62.9328864342317,64.0729751586914,97194,0.0,0.0
2008-07-15 00:00:00+08:00,64.30097783592795,64.30097783592795,62.70485545942706,62.93286895751953,130260,0.0,0.0
2008-07-16 00:00:00+08:00,62.93289247919708,63.84496075738666,62.93289247919708,63.616947174072266,254508,0.0,0.0
2008-07-17 00:00:00+08:00,63.84495462481333,64.52900925398222,63.16090696810977,64.0729751586914,58116,0.0,0.0
2008-07-18 00:00:00+08:00,64.30099569256949,65.4410844170292,63.84495462481333,64.0729751586914,185370,0.0,0.0
2008-07-21 00:00:00+08:00,64.30100017467907,65.44108897860883,64.30100017467907,64.75703430175781,118236,0.0,0.0
2008-07-22 00:00:00+08:00,64.75703723432406,65.66910552978516,64.75703723432406,65.66910552978516,61122,0.0,0.0
2008-07-23 00:00:00+08:00,66.58117298697375,67.49324117543875,66.12513192027593,67.26522064208984,216432,0.0,0.0
2008-07-24 00:00:00+08:00,67.9492774754364,68.40531158447266,67.03720925736391,68.40531158447266,206412,0.0,0.0
2008-07-25 00:00:00+08:00,67.49324336640015,69.0893662342598,67.26522282564926,68.40531158447266,144288,0.0,0.0
2008-07-28 00:00:00+08:00,68.40531158447266,68.40531158447266,68.40531158447266,68.40531158447266,0,0.0,0.0
2008-07-29 00:00:00+08:00,68.40531158447266,68.40531158447266,68.40531158447266,68.40531158447266,0,0.0,0.0
2008-07-30 00:00:00+08:00,68.40531158447266,68.40531158447266,68.40531158447266,68.40531158447266,0,0.0,0.0
2008-07-31 00:00:00+08:00,72.0055923461914,72.0055923461914,72.0055923461914,72.0055923461914,0,7.48503,0.0
2008-08-01 00:00:00+08:00,72.0055923461914,72.0055923461914,72.0055923461914,72.0055923461914,0,0.0,0.0
2008-08-04 00:00:00+08:00,72.0055923461914,72.0055923461914,72.0055923461914,72.0055923461914,0,0.0,0.0
2008-08-05 00:00:00+08:00,72.0055923461914,72.0055923461914,72.0055923461914,72.0055923461914,0,0.0,0.0
2008-08-06 00:00:00+08:00,72.0055923461914,72.0055923461914,72.0055923461914,72.0055923461914,0,0.0,0.0
2008-08-07 00:00:00+08:00,72.0055923461914,72.0055923461914,72.0055923461914,72.0055923461914,0,0.0,0.0
2008-08-08 00:00:00+08:00,72.0055923461914,72.0055923461914,72.0055923461914,72.0055923461914,0,0.0,0.0
2008-08-11 00:00:00+08:00,72.0055923461914,72.0055923461914,72.0055923461914,72.0055923461914,0,0.0,0.0
2008-08-12 00:00:00+08:00,72.0055923461914,72.0055923461914,72.0055923461914,72.0055923461914,0,0.0,0.0
2008-08-13 00:00:00+08:00,72.0055923461914,72.0055923461914,72.0055923461914,72.0055923461914,0,0.0,0.0
2008-08-14 00:00:00+08:00,72.0055923461914,72.0055923461914,72.0055923461914,72.0055923461914,0,0.0,0.0
2008-08-15 00:00:00+08:00,72.0055923461914,72.0055923461914,72.0055923461914,72.0055923461914,0,0.0,0.0
2008-08-18 00:00:00+08:00,62.40485502840756,62.40485502840756,59.76464637706972,60.24468231201172,806610,0.0,0.0
2008-08-19 00:00:00+08:00,60.004664344540714,60.48470394920166,59.76464637706972,60.24468231201172,419838,0.0,0.0
2008-08-20 00:00:00+08:00,60.00466690635435,61.44477844238281,60.00466690635435,61.44477844238281,211422,0.0,0.0
2008-08-21 00:00:00+08:00,61.20474918455623,63.36491792533679,60.72471331759096,62.40484619140625,228456,0.0,0.0
2008-08-22 00:00:00+08:00,62.40484518922127,66.24513940270742,62.40484518922127,63.60493850708008,260520,0.0,0.0
2008-08-25 00:00:00+08:00,63.84494593360995,64.08496750726668,62.644852744198154,63.36491012573242,95190,0.0,0.0
2008-08-26 00:00:00+08:00,62.40485440704382,63.12490463256836,62.40485440704382,63.12490463256836,38076,0.0,0.0
2008-08-27 00:00:00+08:00,63.12490198059136,63.36492360530772,62.40485178531727,62.8848876953125,120240,0.0,0.0
2008-08-28 00:00:00+08:00,62.8848876953125,63.12490198059136,62.64486607059613,62.8848876953125,181362,0.0,0.0
2008-08-29 00:00:00+08:00,64.08498983762944,64.32500415548301,62.644874572753906,62.644874572753906,156312,0.0,0.0
2008-09-01 00:00:00+08:00,62.644874572753906,62.884896230045996,62.40486025490032,62.644874572753906,58116,0.0,0.0
2008-09-02 00:00:00+08:00,62.64485362468311,62.64485362468311,62.164817810058594,62.164817810058594,71142,0.0,0.0
2008-09-03 00:00:00+08:00,63.36491101633791,63.6049325933682,62.164817810058594,62.164817810058594,162324,0.0,0.0
2008-09-04 00:00:00+08:00,61.92481694031614,62.884896230045996,61.684802622462556,62.644874572753906,146292,0.0,0.0
2008-09-05 00:00:00+08:00,61.68479537963867,62.16483129842012,60.96473783174767,61.68479537963867,119238,0.0,0.0
2008-09-08 00:00:00+08:00,62.40484619140625,62.64486045517046,62.16482458820519,62.40484619140625,89178,0.0,0.0
2008-09-09 00:00:00+08:00,62.40485769269392,62.40485769269392,61.44477844238281,61.44477844238281,69138,0.0,0.0
2008-09-10 00:00:00+08:00,61.44477375052912,61.92480966931058,61.44477375052912,61.68479537963867,24048,0.0,0.0
2008-09-11 00:00:00+08:00,61.92480591063472,62.16482752517557,60.72471618652344,60.72471618652344,104208,0.0,0.0
2008-09-12 00:00:00+08:00,60.72471618652344,61.444770020990205,60.48469824170118,60.72471618652344,100200,0.0,0.0
2008-09-15 00:00:00+08:00,60.48468673116859,61.68477989661485,59.76462936401367,59.76462936401367,89178,0.0,0.0
2008-09-16 00:00:00+08:00,59.76464000730975,60.484697502697436,58.80456457003236,59.044586181640625,257514,0.0,0.0
2008-09-17 00:00:00+08:00,59.04459087507226,60.00466271894684,58.804569244384766,58.804569244384766,64128,0.0,0.0
2008-09-18 00:00:00+08:00,58.804579765986766,58.804579765986766,54.72426269029306,56.404396057128906,457914,0.0,0.0
2008-09-19 00:00:00+08:00,56.64439674232192,60.004655109173626,56.64439674232192,56.88441467285156,213426,0.0,0.0
2008-09-22 00:00:00+08:00,57.12443984788541,59.04459087507226,57.12443984788541,58.804569244384766,104208,0.0,0.0
2008-09-23 00:00:00+08:00,57.36445808668299,58.56455156705738,57.36445808668299,57.84449768066406,235470,0.0,0.0
2008-09-24 00:00:00+08:00,57.84449107900622,58.80456281795988,56.6443977355957,56.6443977355957,245490,0.0,0.0
2008-09-25 00:00:00+08:00,56.88441570124027,57.124433636109096,55.684322357177734,55.684322357177734,209418,0.0,0.0
2008-09-26 00:00:00+08:00,55.6843383756679,57.124450068870416,55.44432037175407,56.404396057128906,191382,0.0,0.0
2008-09-29 00:00:00+08:00,56.404396057128906,56.404396057128906,56.404396057128906,56.404396057128906,0,0.0,0.0
2008-09-30 00:00:00+08:00,52.564080926775596,56.40437882532644,52.564080926775596,55.924339294433594,131262,0.0,0.0
2008-10-01 00:00:00+08:00,56.16436004638672,57.604475041689746,56.16436004638672,56.16436004638672,103206,0.0,0.0
2008-10-02 00:00:00+08:00,56.16435822691537,56.644397766371455,55.44430442230891,55.684322357177734,30060,0.0,0.0
2008-10-03 00:00:00+08:00,54.96426976860905,55.44430935073569,54.004197943793294,54.48423385620117,21042,0.0,0.0
2008-10-06 00:00:00+08:00,54.48423009127814,54.72424803089657,52.32406129527531,53.52415466308594,85170,0.0,0.0
2008-10-07 00:00:00+08:00,52.3240597143366,52.3240597143366,49.923873051235475,50.16389465332031,226452,0.0,0.0
2008-10-08 00:00:00+08:00,48.003732032505326,48.24374999542126,46.70763136304037,47.13966369628906,244488,0.0,0.0
2008-10-09 00:00:00+08:00,47.379679513582296,47.763711906575494,46.70762924785194,47.28367233276367,168336,0.0,0.0
2008-10-13 00:00:00+08:00,45.65154266357422,46.03557135382626,45.65154266357422,45.65154266357422,157314,0.0,0.0
2008-10-14 00:00:00+08:00,46.56361740647611,48.723782594967844,46.56361740647611,48.4837646484375,295590,0.0,0.0
2008-10-15 00:00:00+08:00,48.00372868020978,49.44384002685547,46.803635279718605,49.44384002685547,125250,0.0,0.0
2008-10-16 00:00:00+08:00,47.71570166856148,52.80409622192383,47.71570166856148,52.80409622192383,191382,0.0,0.0
2008-10-17 00:00:00+08:00,51.84403141837531,51.84403141837531,51.12397384643555,51.12397384643555,54108,0.0,0.0
2008-10-20 00:00:00+08:00,49.923873051235475,50.40391258568674,49.44383718650261,50.16389465332031,218436,0.0,0.0
2008-10-21 00:00:00+08:00,53.04412997565491,53.04412997565491,50.403924743357095,50.88396072387695,148296,0.0,0.0
2008-10-22 00:00:00+08:00,49.92388153076172,51.84403265526591,49.92388153076172,49.92388153076172,144288,0.0,0.0
2008-10-23 00:00:00+08:00,48.243752049109816,49.92388153076172,48.243752049109816,49.92388153076172,127254,0.0,0.0
2008-10-24 00:00:00+08:00,49.6838551398378,49.6838551398378,48.24374387531302,49.203819274902344,81162,0.0,0.0
2008-10-27 00:00:00+08:00,46.563621520996094,47.955729403602106,46.563621520996094,46.563621520996094,77154,0.0,0.0
2008-10-28 00:00:00+08:00,46.56361281289916,49.68385314941406,46.32359489004698,49.68385314941406,141282,0.0,0.0
2008-10-29 00:00:00+08:00,52.56408425684762,52.56408425684762,49.443839952382845,50.40391540527344,160320,0.0,0.0
2008-10-30 00:00:00+08:00,50.40391866528772,53.284141540527344,50.40391866528772,53.284141540527344,112224,0.0,0.0
2008-10-31 00:00:00+08:00,53.04411878384909,54.0041942120413,52.32406129527531,53.52415466308594,144288,0.0,0.0
2008-11-03 00:00:00+08:00,53.52415836166664,54.48423385620117,52.80410449305483,54.48423385620117,135270,0.0,0.0
2008-11-04 00:00:00+08:00,53.764178501123205,53.764178501123205,51.84403110379969,53.044124603271484,131262,0.0,0.0
2008-11-05 00:00:00+08:00,53.28413202392016,54.24420736743576,51.84402084350586,51.84402084350586,139278,0.0,0.0
2008-11-06 00:00:00+08:00,48.96380132176975,50.8839484504196,48.96380132176975,50.16389465332031,57114,0.0,0.0
2008-11-07 00:00:00+08:00,50.16390675309716,51.12397871413688,50.16390675309716,50.88396072387695,115230,0.0,0.0
2008-11-10 00:00:00+08:00,50.88395122308281,51.84402667458139,50.403915332192824,51.363990783691406,102204,0.0,0.0
2008-11-11 00:00:00+08:00,51.3640003741161,51.3640003741161,49.68386710285801,50.88396072387695,91182,0.0,0.0
2008-11-12 00:00:00+08:00,49.92387584396884,50.64393335106644,49.443839952382845,50.40391540527344,53106,0.0,0.0
2008-11-13 00:00:00+08:00,49.923875919164495,50.16389753503762,48.96380413454645,49.44384002685547,70140,0.0,0.0
2008-11-14 00:00:00+08:00,49.44383718650261,50.8839484504196,49.44383718650261,50.16389465332031,56112,0.0,0.0
2008-11-17 00:00:00+08:00,49.44383522656188,49.923871072266245,48.96379938085751,49.68385314941406,10020,0.0,0.0
2008-11-18 00:00:00+08:00,48.963807030459584,48.963807030459584,47.52369559864001,48.723785400390625,143286,0.0,0.0
2008-11-19 00:00:00+08:00,48.72378251867332,49.683857973009985,48.72378251867332,49.44384002685547,122244,0.0,0.0
2008-11-20 00:00:00+08:00,47.523691084129254,48.96380237914552,47.523691084129254,48.003726959228516,100200,0.0,0.0
2008-11-21 00:00:00+08:00,47.28367424346008,48.003731798415416,46.80363831996909,47.76371383666992,113226,0.0,0.0
2008-11-24 00:00:00+08:00,48.003726959228516,48.243744896778146,48.003726959228516,48.003726959228516,15030,0.0,0.0
2008-11-25 00:00:00+08:00,48.24375915527344,48.96381685045465,48.24375915527344,48.24375915527344,19038,0.0,0.0
2008-11-26 00:00:00+08:00,46.80363360176188,48.003726959228516,46.80363360176188,48.003726959228516,34068,0.0,0.0
2008-11-27 00:00:00+08:00,48.00372594284529,49.203819274902344,48.00372594284529,49.203819274902344,32064,0.0,0.0
2008-11-28 00:00:00+08:00,49.20383485894186,49.20383485894186,48.003741146786226,48.24375915527344,21042,0.0,0.0
2008-12-01 00:00:00+08:00,48.24375915527344,49.20383485894186,48.003741146786226,48.24375915527344,31062,0.0,0.0
2008-12-02 00:00:00+08:00,47.523691084129254,48.003726959228516,47.47568382690084,48.003726959228516,27054,0.0,0.0
2008-12-03 00:00:00+08:00,48.243744896778146,48.243744896778146,47.523691084129254,48.003726959228516,13026,0.0,0.0
2008-12-04 00:00:00+08:00,48.003726959228516,48.003726959228516,47.523691084129254,48.003726959228516,19038,0.0,0.0
2008-12-05 00:00:00+08:00,48.003731798415416,48.003731798415416,47.52369587492443,47.76371383666992,35070,0.0,0.0
2008-12-08 00:00:00+08:00,48.00372860790627,50.88395129685943,48.00372860790627,50.40391540527344,109218,0.0,0.0
2008-12-09 00:00:00+08:00,51.84403141837531,51.84403141837531,50.64393791162167,51.12397384643555,92184,0.0,0.0
2008-12-10 00:00:00+08:00,51.123968169717216,51.84402566170302,51.123968169717216,51.604007720947266,72144,0.0,0.0
2008-12-11 00:00:00+08:00,51.84402184568257,52.80409720775701,51.84402184568257,52.56407928466797,103206,0.0,0.0
2008-12-12 00:00:00+08:00,52.324072335155826,52.80411198539498,50.403924743357095,50.88396072387695,45090,0.0,0.0
2008-12-15 00:00:00+08:00,50.883954116318854,53.044123087587124,50.403918198134264,50.64393615722656,113226,0.0,0.0
2008-12-16 00:00:00+08:00,50.883954116318854,51.123972075411146,49.923878610230865,50.64393615722656,43086,0.0,0.0
2008-12-17 00:00:00+08:00,51.12397871413688,51.3640003741161,50.403924743357095,50.88396072387695,62124,0.0,0.0
2008-12-18 00:00:00+08:00,50.403919944214735,51.12397384643555,49.923880339681915,51.12397384643555,51102,0.0,0.0
2008-12-19 00:00:00+08:00,51.12396924265242,51.12396924265242,50.163897459480445,50.40391540527344,38076,0.0,0.0
2008-12-22 00:00:00+08:00,50.403918198134264,51.36399370422225,50.403918198134264,50.64393615722656,104208,0.0,0.0
2008-12-23 00:00:00+08:00,50.403915481192136,50.643933427346646,48.2437466263643,49.44384002685547,69138,0.0,0.0
2008-12-24 00:00:00+08:00,48.48376279323559,49.443838212338896,48.48376279323559,48.963802337646484,17034,0.0,0.0
2008-12-25 00:00:00+08:00,49.68386355762845,50.16390317361401,49.68386355762845,49.92388153076172,21042,0.0,0.0
2008-12-26 00:00:00+08:00,49.92388153076172,50.88395709301381,49.92388153076172,49.92388153076172,52104,0.0,0.0
2008-12-29 00:00:00+08:00,50.16390317361401,50.40392114674728,49.92388153076172,49.92388153076172,10020,0.0,0.0
2008-12-30 00:00:00+08:00,49.44383988069425,51.363990783691406,49.44383988069425,51.363990783691406,91182,0.0,0.0
2008-12-31 00:00:00+08:00,51.84402667458139,51.84402667458139,50.88395122308281,51.363990783691406,71142,0.0,0.0
2009-01-02 00:00:00+08:00,51.363990783691406,51.363990783691406,51.363990783691406,51.363990783691406,0,0.0,0.0
2009-01-05 00:00:00+08:00,52.32405668040456,52.80409618702146,51.84402084350586,51.84402084350586,68136,0.0,0.0
2009-01-06 00:00:00+08:00,51.84403023822281,52.324066162109375,51.84403023822281,52.324066162109375,112224,0.0,0.0
2009-01-07 00:00:00+08:00,52.56408779377152,52.80410575571481,52.084048200166094,52.324066162109375,104208,0.0,0.0
2009-01-08 00:00:00+08:00,51.84402674975002,52.32406264133601,50.40391540527344,50.40391540527344,71142,0.0,0.0
2009-01-09 00:00:00+08:00,50.88395122308281,51.363990783691406,50.403915332192824,51.363990783691406,55110,0.0,0.0
2009-01-12 00:00:00+08:00,51.363990783691406,51.604008729136396,50.64393327763782,51.363990783691406,32064,0.0,0.0
2009-01-13 00:00:00+08:00,51.1239691685278,51.363990783691406,51.1239691685278,51.363990783691406,12024,0.0,0.0
2009-01-14 00:00:00+08:00,51.3640003741161,51.3640003741161,50.88396072387695,50.88396072387695,27054,0.0,0.0
2009-01-15 00:00:00+08:00,50.40392114674728,50.88395709301381,49.203827611361916,49.92388153076172,26052,0.0,0.0
2009-01-16 00:00:00+08:00,50.40391540527344,50.40391540527344,49.443839952382845,50.40391540527344,88176,0.0,0.0
2009-01-19 00:00:00+08:00,50.64393911988055,50.64393911988055,49.92388153076172,49.92388153076172,26052,0.0,0.0
2009-01-20 00:00:00+08:00,49.923871072266245,49.923871072266245,49.44383522656188,49.68385314941406,55110,0.0,0.0
2009-01-21 00:00:00+08:00,49.44383522656188,49.923871072266245,49.44383522656188,49.68385314941406,63126,0.0,0.0
2009-02-02 00:00:00+08:00,50.40391879684424,52.80410575571481,50.40391879684424,52.324066162109375,78156,0.0,0.0
2009-02-03 00:00:00+08:00,52.804102927133314,52.804102927133314,52.08404541015625,52.08404541015625,75150,0.0,0.0
2009-02-04 00:00:00+08:00,52.08404462002638,52.32406256547138,51.363990783691406,51.363990783691406,78156,0.0,0.0
2009-02-05 00:00:00+08:00,51.84402746107012,52.804102927133314,51.84402746107012,52.08404541015625,145290,0.0,0.0
2009-02-06 00:00:00+08:00,52.084038761955206,52.80409618702146,51.84402084350586,51.84402084350586,55110,0.0,0.0
2009-02-09 00:00:00+08:00,52.804102927133314,52.804102927133314,51.60400951198398,52.08404541015625,91182,0.0,0.0
2009-02-10 00:00:00+08:00,52.084038761955206,52.084038761955206,51.84402084350586,51.84402084350586,37074,0.0,0.0
2009-02-11 00:00:00+08:00,51.36398500660715,52.084038761955206,51.36398500660715,51.84402084350586,37074,0.0,0.0
2009-02-12 00:00:00+08:00,51.604008729136396,51.84402667458139,51.363990783691406,51.363990783691406,108216,0.0,0.0
2009-02-13 00:00:00+08:00,51.84402746107012,52.32406335924239,51.60400951198398,52.08404541015625,48096,0.0,0.0
2009-02-16 00:00:00+08:00,52.084038761955206,52.5640782685721,51.84402084350586,51.84402084350586,48096,0.0,0.0
2009-02-17 00:00:00+08:00,52.32405769186066,53.52415097702415,51.60400392259352,52.56407928466797,169338,0.0,0.0
2009-02-18 00:00:00+08:00,52.564084978047184,52.564084978047184,51.60400951198398,52.08404541015625,33066,0.0,0.0
2009-02-19 00:00:00+08:00,52.08403976877161,52.56407928466797,51.84402184568257,52.56407928466797,27054,0.0,0.0
2009-02-20 00:00:00+08:00,52.32405668040456,52.32405668040456,51.84402084350586,51.84402084350586,79158,0.0,0.0
2009-02-23 00:00:00+08:00,51.84402084350586,52.32405668040456,51.604002925056506,51.84402084350586,70140,0.0,0.0
2009-02-24 00:00:00+08:00,52.32405668040456,52.32405668040456,51.84402084350586,51.84402084350586,18036,0.0,0.0
2009-02-25 00:00:00+08:00,52.32405668040456,52.5640782685721,51.604002925056506,51.84402084350586,34068,0.0,0.0
2009-02-26 00:00:00+08:00,52.08403976877161,52.56407928466797,52.08403976877161,52.56407928466797,33066,0.0,0.0
2009-02-27 00:00:00+08:00,52.80410360634526,53.76417541503906,52.324064032279644,53.76417541503906,180360,0.0,0.0
2009-03-02 00:00:00+08:00,53.764177603487944,53.764177603487944,52.324066162109375,52.324066162109375,71142,0.0,0.0
2009-03-03 00:00:00+08:00,51.84402746107012,52.32406335924239,51.84402746107012,52.08404541015625,71142,0.0,0.0
2009-03-04 00:00:00+08:00,51.84402087777364,53.28413205913982,51.84402087777364,52.80409622192383,100200,0.0,0.0
2009-03-05 00:00:00+08:00,52.80410663732091,53.764178501123205,52.80410663732091,53.044124603271484,117234,0.0,0.0
2009-03-06 00:00:00+08:00,53.044114140531825,54.004189484682016,52.80409622192383,52.80409622192383,90180,0.0,0.0
2009-03-09 00:00:00+08:00,53.524159367088835,54.24421691894531,53.04412344566374,54.24421691894531,256512,0.0,0.0
2009-03-10 00:00:00+08:00,54.48422901311519,55.684322357177734,54.244211078246366,55.684322357177734,233466,0.0,0.0
2009-03-11 00:00:00+08:00,56.64440658011074,56.64440658011074,55.20429507710134,55.444313049316406,85170,0.0,0.0
2009-03-12 00:00:00+08:00,55.2042816850253,55.924335426991746,54.96426010131836,54.96426010131836,109218,0.0,0.0
2009-03-13 00:00:00+08:00,55.20429507710134,55.924348993746534,55.20429507710134,55.444313049316406,57114,0.0,0.0
2009-03-16 00:00:00+08:00,55.44431025749257,56.164364137880405,55.20429229736328,55.20429229736328,31062,0.0,0.0
2009-03-17 00:00:00+08:00,55.924335426991746,55.924335426991746,54.96426010131836,54.96426010131836,51102,0.0,0.0
2009-03-18 00:00:00+08:00,54.964273435167264,55.68433102153147,54.964273435167264,55.444313049316406,71142,0.0,0.0
2009-03-19 00:00:00+08:00,55.44430442230891,56.16435822691537,55.44430442230891,55.684322357177734,98196,0.0,0.0
2009-03-20 00:00:00+08:00,55.68431861013737,58.08450513675207,55.68431861013737,57.604469299316406,230460,0.0,0.0
2009-03-23 00:00:00+08:00,58.56455128341612,58.804569244384766,57.12443984788541,58.804569244384766,140280,0.0,0.0
2009-03-24 00:00:00+08:00,59.76464892863613,62.88489364813037,59.76464892863613,61.44477844238281,342684,0.0,0.0
2009-03-25 00:00:00+08:00,61.92479705810547,62.40484021856206,60.72470750555434,61.92479705810547,259518,0.0,0.0
2009-03-26 00:00:00+08:00,61.92481439781927,61.92481439781927,60.72472450922813,61.44477844238281,154308,0.0,0.0
2009-03-27 00:00:00+08:00,61.44476041840379,63.844946830962435,61.44476041840379,62.164817810058594,219438,0.0,0.0
2009-03-30 00:00:00+08:00,61.92481084771385,62.16483248139091,60.484703063964844,60.484703063964844,90180,0.0,0.0
2009-03-31 00:00:00+08:00,60.00464726315934,60.72470463031426,59.524611464868,59.76462936401367,96192,0.0,0.0
2009-04-02 00:00:00+08:00,61.44476516075607,62.40484420354077,60.72471138324501,60.96472930908203,203406,0.0,0.0
2009-04-03 00:00:00+08:00,61.92480591063472,61.92480591063472,60.48469824170118,60.72471618652344,76152,0.0,0.0
2009-04-06 00:00:00+08:00,60.72472102792302,60.72472102792302,60.004663466329625,60.484703063964844,111222,0.0,0.0
2009-04-07 00:00:00+08:00,60.484701142443576,60.96473705510979,60.004661560058594,60.004661560058594,66132,0.0,0.0
2009-04-08 00:00:00+08:00,60.004661560058594,60.96473705510979,60.004661560058594,60.004661560058594,71142,0.0,0.0
2009-04-09 00:00:00+08:00,60.72470750555434,61.92479705810547,60.72470750555434,61.92479705810547,163326,0.0,0.0
2009-04-10 00:00:00+08:00,62.404849139716426,62.64486341482008,60.48469824170118,60.72471618652344,129258,0.0,0.0
2009-04-13 00:00:00+08:00,60.96473592385307,61.444771827611774,60.484700020094365,61.20475387573242,133266,0.0,0.0
2009-04-14 00:00:00+08:00,61.44476516075607,61.44476516075607,60.48469345740799,60.96472930908203,199398,0.0,0.0
2009-04-15 00:00:00+08:00,60.72472102792302,61.20475695583935,60.004663466329625,60.484703063964844,170340,0.0,0.0
2009-04-16 00:00:00+08:00,61.20475207616795,61.684791635531056,60.24467662716033,60.72471618652344,370740,0.0,0.0
2009-04-17 00:00:00+08:00,60.964733512109575,61.2047514544939,56.88441748242036,57.12443542480469,686370,0.0,0.0
2009-04-20 00:00:00+08:00,57.124434423881766,58.56454572267294,55.44430518691181,57.36445236206055,132264,0.0,0.0
2009-04-21 00:00:00+08:00,57.1244428682611,58.08451843261719,55.204295409267964,58.08451843261719,113226,0.0,0.0
2009-04-22 00:00:00+08:00,59.04459399697327,59.04459399697327,57.844500458957924,58.08451843261719,79158,0.0,0.0
2009-04-23 00:00:00+08:00,58.08451564279517,58.08451564279517,57.12444012455188,57.84449768066406,93186,0.0,0.0
2009-04-24 00:00:00+08:00,57.8444956477839,58.56454950887173,57.604477694087954,58.32453155517578,217434,0.0,0.0
2009-04-27 00:00:00+08:00,58.80456281795988,59.04458442241673,56.40437980085729,56.6443977355957,281562,0.0,0.0
2009-04-28 00:00:00+08:00,56.40437983150264,56.40437983150264,55.44430442230891,55.684322357177734,237474,0.0,0.0
2009-04-29 00:00:00+08:00,55.44430442230891,56.40437983150264,55.20428648744009,55.684322357177734,239478,0.0,0.0
2009-04-30 00:00:00+08:00,58.08451564279517,58.804569529188484,56.884422162420776,57.84449768066406,501000,0.0,0.0
2009-05-04 00:00:00+08:00,58.80455978972435,59.764635148955826,57.36444858573627,59.28459930419922,455910,0.0,0.0
2009-05-05 00:00:00+08:00,60.00466090076611,60.00466090076611,57.8444956477839,58.32453155517578,343686,0.0,0.0
2009-05-06 00:00:00+08:00,57.604477258104744,61.20475387573242,57.604477258104744,61.20475387573242,1094184,0.0,0.0
2009-05-07 00:00:00+08:00,61.684794593827874,61.684794593827874,59.524625647392384,60.004661560058594,413826,0.0,0.0
2009-05-08 00:00:00+08:00,59.28461044212771,60.48470394920166,59.04459247465671,60.24468231201172,175350,0.0,0.0
2009-05-11 00:00:00+08:00,60.96472374690883,64.08496750726668,60.96472374690883,63.36491012573242,758514,0.0,0.0
2009-05-12 00:00:00+08:00,63.36492091900545,63.36492091900545,60.004658682338075,60.72471618652344,539076,0.0,0.0
2009-05-13 00:00:00+08:00,60.72471618652344,61.20475207616795,60.24467662716033,60.72471618652344,114228,0.0,0.0
2009-05-14 00:00:00+08:00,60.00464726315934,60.48468673116859,59.76462936401367,59.76462936401367,163326,0.0,0.0
2009-05-15 00:00:00+08:00,60.004664344540714,60.48470394920166,59.76464637706972,60.24468231201172,170340,0.0,0.0
2009-05-18 00:00:00+08:00,60.004661560058594,60.96473705510979,59.524625647392384,60.004661560058594,205410,0.0,0.0
2009-05-19 00:00:00+08:00,60.72471909877668,60.96473705510979,60.004661560058594,60.004661560058594,207414,0.0,0.0
2009-05-20 00:00:00+08:00,60.96473705510979,60.96473705510979,60.004661560058594,60.004661560058594,180360,0.0,0.0
2009-05-21 00:00:00+08:00,60.48468959504412,62.16481863833376,60.0046501043056,61.92479705810547,293586,0.0,0.0
2009-05-22 00:00:00+08:00,61.68479537963867,62.64486721720157,60.72471987235694,61.68479537963867,286572,0.0,0.0
2009-05-25 00:00:00+08:00,62.40485769269392,63.1249079561295,60.96474248694636,61.44477844238281,342684,0.0,0.0
2009-05-26 00:00:00+08:00,61.92481175402767,61.92481175402767,60.004664344540714,60.24468231201172,306612,0.0,0.0
2009-05-27 00:00:00+08:00,60.72471331759096,63.60493952853785,60.72471331759096,62.40484619140625,579156,0.0,0.0
2009-06-01 00:00:00+08:00,63.36493220519167,63.604953862483754,62.644874572753906,62.644874572753906,284568,0.0,0.0
2009-06-02 00:00:00+08:00,63.36492960356683,63.84496555900328,61.44477844238281,61.44477844238281,376752,0.0,0.0
2009-06-03 00:00:00+08:00,61.44477844238281,62.16483604525659,60.96474248694636,61.44477844238281,117234,0.0,0.0
2009-06-04 00:00:00+08:00,61.44477844238281,61.92481439781927,61.20476046466459,61.44477844238281,113226,0.0,0.0
2009-06-05 00:00:00+08:00,61.68478281731331,62.16481863833376,61.68478281731331,61.92479705810547,67134,0.0,0.0
2009-06-08 00:00:00+08:00,62.884882058371524,63.12489632213573,61.20474918455623,62.40484619140625,181362,0.0,0.0
2009-06-09 00:00:00+08:00,61.44477491979752,61.92481084771385,60.484703063964844,60.484703063964844,152304,0.0,0.0
2009-06-10 00:00:00+08:00,60.004663466329625,61.20475695583935,60.004663466329625,60.484703063964844,130260,0.0,0.0
2009-06-11 00:00:00+08:00,60.48469345740799,60.96472930908203,60.48469345740799,60.96472930908203,46092,0.0,0.0
2009-06-12 00:00:00+08:00,60.964738991881184,60.964738991881184,60.484703063964844,60.484703063964844,49098,0.0,0.0
2009-06-15 00:00:00+08:00,60.00465794919946,60.484697502697436,59.044586181640625,59.044586181640625,127254,0.0,0.0
2009-06-16 00:00:00+08:00,59.04458036927989,59.524616205804485,58.32452294477481,58.56454086303711,197394,0.0,0.0
2009-06-17 00:00:00+08:00,58.56455437993571,59.28461197063253,58.08451843261719,58.08451843261719,225450,0.0,0.0
2009-06-18 00:00:00+08:00,58.08451843261719,58.80457235359497,58.08451843261719,58.08451843261719,78156,0.0,0.0
2009-06-19 00:00:00+08:00,58.084511454041426,60.72471618652344,58.084511454041426,60.72471618652344,91182,0.0,0.0
2009-06-22 00:00:00+08:00,60.72471909877668,60.72471909877668,59.28460769105928,60.004661560058594,79158,0.0,0.0
2009-06-23 00:00:00+08:00,59.76464637706972,60.24468231201172,59.04459247465671,60.24468231201172,24048,0.0,0.0
2009-06-24 00:00:00+08:00,59.04458973472617,60.004661560058594,58.804568108674296,60.004661560058594,149298,0.0,0.0
2009-06-25 00:00:00+08:00,59.76464360372549,60.2446795163917,59.524625647392384,60.004661560058594,60120,0.0,0.0
2009-06-26 00:00:00+08:00,60.004661560058594,60.484701142443576,60.004661560058594,60.004661560058594,60120,0.0,0.0
2009-06-29 00:00:00+08:00,60.48468673116859,60.48468673116859,59.524611464868,59.76462936401367,65130,0.0,0.0
2009-06-30 00:00:00+08:00,59.76464637706972,60.24468231201172,59.52462840959871,60.24468231201172,63126,0.0,0.0
2009-07-01 00:00:00+08:00,60.24468231201172,60.24468231201172,59.28461044212771,60.24468231201172,118236,0.0,0.0
2009-07-02 00:00:00+08:00,60.484703063964844,60.484703063964844,60.004663466329625,60.484703063964844,88176,0.0,0.0
2009-07-03 00:00:00+08:00,60.004661560058594,60.2446795163917,59.524625647392384,60.004661560058594,234468,0.0,0.0
2009-07-06 00:00:00+08:00,60.004658682338075,60.96473413134569,60.004658682338075,60.72471618652344,118236,0.0,0.0
2009-07-07 00:00:00+08:00,60.964731251073594,62.40484619140625,60.964731251073594,62.40484619140625,285570,0.0,0.0
2009-07-08 00:00:00+08:00,62.40484619140625,63.60493952853785,61.684788721239926,62.40484619140625,375750,0.0,0.0
2009-07-09 00:00:00+08:00,62.40483938708888,63.36491101633791,61.92479623302831,62.164817810058594,417834,0.0,0.0
2009-07-10 00:00:00+08:00,63.36491792533679,63.36491792533679,62.16482458820519,62.40484619140625,214428,0.0,0.0
2009-07-13 00:00:00+08:00,62.40485411506796,62.40485411506796,60.484703063964844,60.484703063964844,179358,0.0,0.0
2009-07-14 00:00:00+08:00,61.44477844238281,62.64487200069305,60.96474248694636,61.44477844238281,159318,0.0,0.0
2009-07-15 00:00:00+08:00,62.1648301606009,63.60494523002409,62.1648301606009,62.8848876953125,333666,0.0,0.0
2009-07-16 00:00:00+08:00,63.84496068387402,63.84496068387402,61.68479537963867,61.68479537963867,521040,0.0,0.0
2009-07-17 00:00:00+08:00,62.88489088506218,65.7651138305664,62.40485495071779,65.7651138305664,1006008,0.0,0.0
2009-07-20 00:00:00+08:00,70.32545471191406,70.32545471191406,69.60539725846803,70.32545471191406,1399794,0.0,0.0
2009-07-21 00:00:00+08:00,71.0455188085461,73.92574155221185,68.16529606488037,72.48563385009766,2935860,0.0,0.0
2009-07-22 00:00:00+08:00,73.20568579660917,75.3658584110237,72.0055923461914,72.0055923461914,1324644,0.0,0.0
2009-07-23 00:00:00+08:00,71.04549515150913,77.04596026085076,70.32543787050115,76.80593872070312,1890774,0.0,0.0
2009-07-24 00:00:00+08:00,76.565959523319,77.76605309382892,73.92575073242188,73.92575073242188,1444884,0.0,0.0
2009-07-27 00:00:00+08:00,73.92573349972851,75.60586263890288,73.92573349972851,74.40576934814453,644286,0.0,0.0
2009-07-28 00:00:00+08:00,74.40576646198075,75.36584546100836,72.96565897259374,73.20567321777344,733464,0.0,0.0
2009-07-29 00:00:00+08:00,73.44570074703107,75.84588742971506,73.44570074703107,73.68572235107422,978954,0.0,0.0
2009-07-30 00:00:00+08:00,73.92573063218508,74.40576646198075,72.00557997356613,73.20567321777344,508014,0.0,0.0
2009-07-31 00:00:00+08:00,73.9257466549564,75.12584015927368,71.04552371248249,71.2855453491211,990978,0.0,0.0
2009-08-03 00:00:00+08:00,71.04552371248249,72.72565315063912,70.56548777864315,71.2855453491211,463926,0.0,0.0
2009-08-04 00:00:00+08:00,71.7655803996908,72.4856379613065,68.64533585898135,69.60540771484375,631260,0.0,0.0
2009-08-05 00:00:00+08:00,70.80549088904509,71.04551248776187,66.00512496963987,66.48516082763672,1148292,0.0,0.0
2009-08-06 00:00:00+08:00,66.72517478985087,69.3653830062342,66.24513893399117,68.40530395507812,441882,0.0,0.0
2009-08-10 00:00:00+08:00,68.16528885708549,70.3254538515597,67.92526726239431,68.64532470703125,660318,0.0,0.0
2009-08-11 00:00:00+08:00,69.12536252272518,70.32545585143545,68.64532665912843,70.08544158935547,433866,0.0,0.0
2009-08-12 00:00:00+08:00,70.32545191358477,71.76556676317304,70.32545191358477,71.0455093383789,643284,0.0,0.0
2009-08-13 00:00:00+08:00,71.04552371248249,72.00559558016117,71.04552371248249,71.2855453491211,413826,0.0,0.0
2009-08-14 00:00:00+08:00,71.04552667652283,71.7655842770418,70.56549072265625,70.56549072265625,355710,0.0,0.0
2009-08-17 00:00:00+08:00,70.56548034071247,70.56548034071247,68.4053078569709,69.36538696289062,520038,0.0,0.0
2009-08-18 00:00:00+08:00,68.16529457394925,69.12536635435974,66.72517956389632,67.20521545410156,404808,0.0,0.0
2009-08-19 00:00:00+08:00,67.20521064571057,68.8853471503745,67.20521064571057,68.40530395507812,241482,0.0,0.0
2009-08-20 00:00:00+08:00,68.16529083251953,68.64532669637676,67.20521176536829,68.16529083251953,322644,0.0,0.0
2009-08-21 00:00:00+08:00,68.16529934156976,69.84542874451841,67.68526341778983,67.92527770996094,411822,0.0,0.0
2009-08-24 00:00:00+08:00,68.6453294683101,69.36538696289062,67.92527197372958,69.36538696289062,488976,0.0,0.0
2009-08-25 00:00:00+08:00,68.64532554683109,70.80549056773253,68.64532554683109,70.32545471191406,955908,0.0,0.0
2009-08-26 00:00:00+08:00,70.2036286547668,70.71235060154046,67.66001892089844,67.66001892089844,596000,7.968096,1.002
2009-08-27 00:00:00+08:00,68.16874086767211,68.93182378783261,67.15129697412476,67.66001892089844,427000,0.0,0.0
2009-08-28 00:00:00+08:00,67.66002048145641,68.1687424399636,67.15129852294922,67.15129852294922,280000,0.0,0.0
2009-08-31 00:00:00+08:00,67.1512924365783,68.4230972175741,66.89693148037914,67.91437530517578,229000,0.0,0.0
2009-09-01 00:00:00+08:00,67.66001145736031,70.20362091064453,67.66001145736031,70.20362091064453,450000,0.0,0.0
2009-09-02 00:00:00+08:00,69.69489901998769,70.20362091064453,69.44053807465927,70.20362091064453,414000,0.0,0.0
2009-09-03 00:00:00+08:00,70.45799541136401,73.00160535401254,70.20363441709917,71.98416137695312,568000,0.0,0.0
2009-09-04 00:00:00+08:00,73.25596634827738,73.25596634827738,71.72980038268827,71.98416137695312,315000,0.0,0.0
2009-09-07 00:00:00+08:00,71.72978371068051,73.25594932154605,71.72978371068051,72.49286651611328,264000,0.0,0.0
2009-09-08 00:00:00+08:00,73.76468817392984,75.03649314244588,73.25596618652344,73.25596618652344,922000,0.0,0.0
2009-09-09 00:00:00+08:00,74.27339479622174,75.29083856055354,73.51031197297289,74.52775573730469,895000,0.0,0.0
2009-09-10 00:00:00+08:00,76.30828232488534,77.83444797138306,74.27339479622174,74.52775573730469,594000,0.0,0.0
2009-09-11 00:00:00+08:00,75.29084022496626,76.81700590520207,75.29084022496626,76.5626449584961,875000,0.0,0.0
2009-09-14 00:00:00+08:00,76.30830713220544,76.30830713220544,74.78214098956134,75.29086303710938,486000,0.0,0.0
2009-09-15 00:00:00+08:00,75.29084022496626,76.81700590520207,75.29084022496626,76.5626449584961,436000,0.0,0.0
2009-09-16 00:00:00+08:00,77.07137602253965,77.5800979764838,76.30829309162341,77.32573699951172,548000,0.0,0.0
2009-09-17 00:00:00+08:00,77.58010114034016,77.58010114034016,76.30829620361328,76.30829620361328,193000,0.0,0.0
2009-09-18 00:00:00+08:00,76.0539352162679,76.30829620361328,75.79957422892252,76.30829620361328,227000,0.0,0.0
2009-09-21 00:00:00+08:00,76.81701817830404,77.07137916564942,76.30829620361328,76.30829620361328,237000,0.0,0.0
2009-09-22 00:00:00+08:00,76.3082793264678,76.81700118864426,75.54519653320312,75.54519653320312,216000,0.0,0.0
2009-09-23 00:00:00+08:00,75.54521023549363,76.81701512161305,75.54521023549363,76.0539321899414,397000,0.0,0.0
2009-09-24 00:00:00+08:00,75.79957422892252,76.81701817830404,75.79957422892252,76.30829620361328,184000,0.0,0.0
2009-09-25 00:00:00+08:00,76.81700619136062,81.64986419677734,76.30828429605359,81.64986419677734,1993000,0.0,0.0
2009-09-28 00:00:00+08:00,81.14114536203739,84.95655972075389,80.88678440478964,83.17603302001953,1674000,0.0,0.0
2009-09-29 00:00:00+08:00,84.44783780625836,84.70219876350612,82.15858919102847,83.17603302001953,482000,0.0,0.0
2009-09-30 00:00:00+08:00,84.44785634482778,84.70221735791462,83.17605127939363,83.43041229248047,560000,0.0,0.0
2009-10-01 00:00:00+08:00,83.68477330556729,83.93913431865413,82.66732925321998,83.43041229248047,310000,0.0,0.0
2009-10-02 00:00:00+08:00,82.92167206277176,83.68475493451506,82.66731110552399,83.17603302001953,135000,0.0,0.0
2009-10-05 00:00:00+08:00,83.68475498007031,85.71964263916016,83.17603306529784,85.71964263916016,494000,0.0,0.0
2009-10-06 00:00:00+08:00,87.50017402285621,87.50017402285621,85.46528625488281,85.46528625488281,485000,0.0,0.0
2009-10-07 00:00:00+08:00,86.48272551131886,86.73708646870509,85.71964263916016,85.71964263916016,301000,0.0,0.0
2009-10-08 00:00:00+08:00,85.97400038081445,85.97400038081445,82.92166900634766,82.92166900634766,352000,0.0,0.0
2009-10-09 00:00:00+08:00,83.93913964664235,87.24583302666159,83.17605655894559,86.48274993896484,656000,0.0,0.0
2009-10-12 00:00:00+08:00,86.9914459840616,89.28069456258953,85.46528026504298,88.77197265625,522000,0.0,0.0
2009-10-13 00:00:00+08:00,88.0088958305511,90.55250553663639,87.50017388933404,89.28070068359375,712000,0.0,0.0
2009-10-14 00:00:00+08:00,89.28071315599526,89.53507416213769,87.75454711914064,87.75454711914062,282000,0.0,0.0
2009-10-15 00:00:00+08:00,88.0088943393751,89.0263382045702,87.24581144047879,88.51761627197266,330000,0.0,0.0
2009-10-16 00:00:00+08:00,88.00887896924256,88.77196173487182,87.24579620361328,87.24579620361328,100000,0.0,0.0
2009-10-19 00:00:00+08:00,87.24581305185954,88.26325693584624,85.46528625488281,85.46528625488281,142000,0.0,0.0
2009-10-20 00:00:00+08:00,87.245831361291,87.50019238566794,85.71966521502935,86.99147033691406,224000,0.0,0.0
2009-10-21 00:00:00+08:00,86.99145208086286,86.99145208086286,85.46528625488281,85.46528625488281,152000,0.0,0.0
2009-10-22 00:00:00+08:00,85.46530582203583,86.99147199742933,85.46530582203583,86.48274993896484,150000,0.0,0.0
2009-10-23 00:00:00+08:00,87.50019405589383,87.50019405589383,86.22838890973259,86.48274993896484,176000,0.0,0.0
2009-10-26 00:00:00+08:00,86.48272551131886,86.99144742609133,85.71964263916016,85.71964263916016,83000,0.0,0.0
2009-10-27 00:00:00+08:00,85.46528474275055,85.71964570924685,84.44784087676544,84.70220184326172,122000,0.0,0.0
2009-10-28 00:00:00+08:00,84.70217756584509,85.46526024661847,83.68473399148058,85.21089935302734,230000,0.0,0.0
2009-10-29 00:00:00+08:00,85.21092371008861,89.53506013716773,84.95656274378985,88.51761627197266,949000,0.0,0.0
2009-10-30 00:00:00+08:00,89.53506605360243,94.62228571573894,88.77198310428196,91.56995391845703,1209000,0.0,0.0
2009-11-02 00:00:00+08:00,90.55250698078974,94.1135606261017,90.04378503145946,91.31558990478516,224000,0.0,0.0
2009-11-03 00:00:00+08:00,91.31558071093613,91.56994165999167,89.5350540675474,90.55249786376953,94000,0.0,0.0
2009-11-04 00:00:00+08:00,90.55250244140625,94.62227783203124,90.55250244140625,94.11355590820312,353000,0.0,0.0
2009-11-05 00:00:00+08:00,94.11354228574534,95.38534691122838,92.8417376602623,94.87662506103516,402000,0.0,0.0
2009-11-06 00:00:00+08:00,95.63972628180356,96.40280920426476,94.87664335934237,95.1310043334961,368000,0.0,0.0
2009-11-09 00:00:00+08:00,95.63971242597026,95.89407336327336,94.11354680215157,94.62226867675781,241000,0.0,0.0
2009-11-10 00:00:00+08:00,95.63973103398862,95.63973103398862,92.84176017927088,93.60484313964844,201000,0.0,0.0
2009-11-11 00:00:00+08:00,93.09610305293913,94.6222686767578,92.07865930372668,94.62226867675781,245000,0.0,0.0
2009-11-12 00:00:00+08:00,93.09612736114083,94.1135713760167,91.56996133882706,92.84176635742188,223000,0.0,0.0
2009-11-13 00:00:00+08:00,91.82432394316703,92.58740696762548,91.56996293501422,92.33304595947266,97000,0.0,0.0
2009-11-16 00:00:00+08:00,92.58740696762548,93.09612898393112,91.56996293501422,92.33304595947266,142000,0.0,0.0
2009-11-17 00:00:00+08:00,92.58737816000885,96.65715302418506,92.58737816000885,94.36790466308594,490000,0.0,0.0
2009-11-18 00:00:00+08:00,94.62227783203124,95.13099975585938,93.09611206054687,94.11355590820312,198000,0.0,0.0
2009-11-19 00:00:00+08:00,94.11356511323349,94.62228708681853,93.0961211660634,93.60484313964844,137000,0.0,0.0
2009-11-20 00:00:00+08:00,94.11356814831576,94.62229013830665,93.60484615832486,93.85920715332031,77000,0.0,0.0
2009-11-23 00:00:00+08:00,92.8417679757783,93.60485100023675,92.07868495131984,92.33304595947266,135000,0.0,0.0
2009-11-24 00:00:00+08:00,93.35047912597656,94.11356206161125,93.09611814743167,93.35047912597656,80000,0.0,0.0
2009-11-25 00:00:00+08:00,93.350468432317,93.85919033113072,92.84174653350328,93.09610748291016,53000,0.0,0.0
2009-11-26 00:00:00+08:00,93.09612433464972,93.60484632554945,92.58740234375,92.58740234375,48000,0.0,0.0
2009-11-27 00:00:00+08:00,92.58739635991117,92.58739635991117,90.80686950683595,90.80686950683594,154000,0.0,0.0
2009-11-30 00:00:00+08:00,91.06123195224338,92.07867588467069,91.06123195224338,91.56995391845703,85000,0.0,0.0
2009-12-01 00:00:00+08:00,91.31560192686139,93.60485100023675,91.31560192686139,92.33304595947266,143000,0.0,0.0
2009-12-02 00:00:00+08:00,92.07867423325209,93.85920108306635,92.07867423325209,93.35047912597656,220000,0.0,0.0
2009-12-03 00:00:00+08:00,93.60485100023675,93.60485100023675,92.07868495131984,92.33304595947266,39000,0.0,0.0
2009-12-04 00:00:00+08:00,93.09612898393112,93.09612898393112,91.56996293501422,92.33304595947266,38000,0.0,0.0
2009-12-07 00:00:00+08:00,92.33302463468958,95.13099507816501,92.33302463468958,93.09610748291016,124000,0.0,0.0
2009-12-08 00:00:00+08:00,94.11355590820312,95.13099975585938,93.85919494628907,94.11355590820312,178000,0.0,0.0
2009-12-09 00:00:00+08:00,94.1135713760167,94.36793237973565,92.5874053537029,92.84176635742188,88000,0.0,0.0
2009-12-10 00:00:00+08:00,93.09610741950799,93.60482931797524,91.56994172410623,91.82430267333984,114000,0.0,0.0
2009-12-11 00:00:00+08:00,92.07866821289062,95.6397216796875,92.07866821289062,95.38536071777344,263000,0.0,0.0
2009-12-14 00:00:00+08:00,95.38537312329301,95.8940951132839,93.60484615832486,93.85920715332031,85000,0.0,0.0
2009-12-15 00:00:00+08:00,93.60484313964844,94.36792610002601,93.0961211660634,93.60484313964844,50000,0.0,0.0
2009-12-16 00:00:00+08:00,94.11356511323349,94.36792610002601,93.60484313964844,93.60484313964844,72000,0.0,0.0
2009-12-17 00:00:00+08:00,94.87662506103516,95.13098598613178,93.60482043555211,94.87662506103516,158000,0.0,0.0
2009-12-18 00:00:00+08:00,94.62228238518863,95.1310043334961,93.6048384885737,95.1310043334961,31000,0.0,0.0
2009-12-21 00:00:00+08:00,95.38536530764983,95.38536530764983,93.6048384885737,95.1310043334961,46000,0.0,0.0
2009-12-22 00:00:00+08:00,95.38536071777344,95.38536071777344,94.36791687011718,95.38536071777344,119000,0.0,0.0
2009-12-23 00:00:00+08:00,95.38536530764983,95.63972628180356,93.85919946272743,95.1310043334961,158000,0.0,0.0
2009-12-24 00:00:00+08:00,94.11354680215157,95.13099055136404,94.11354680215157,94.62226867675781,56000,0.0,0.0
2009-12-25 00:00:00+08:00,94.62226559209695,94.87662652110797,94.11354373407492,94.36790466308594,32000,0.0,0.0
2009-12-28 00:00:00+08:00,94.36791222994444,94.36791222994444,93.09610748291014,93.09610748291016,146000,0.0,0.0
2009-12-29 00:00:00+08:00,92.84176017927088,93.60484313964844,92.84176017927088,93.60484313964844,161000,0.0,0.0
2009-12-30 00:00:00+08:00,94.11354680215157,95.63971242597026,93.60482492754535,94.62226867675781,158000,0.0,0.0
2009-12-31 00:00:00+08:00,95.13100573155268,97.1658935546875,94.11356181998526,97.1658935546875,307000,0.0,0.0
2010-01-04 00:00:00+08:00,97.16587817447571,97.16587817447571,95.89407348632812,95.89407348632812,110000,0.0,0.0
2010-01-05 00:00:00+08:00,96.40280456542969,96.40280456542969,93.85919494628907,94.11355590820312,169000,0.0,0.0
2010-01-06 00:00:00+08:00,94.11354373407492,95.38534837913,93.6048218760529,94.36790466308594,163000,0.0,0.0
2010-01-07 00:00:00+08:00,94.62228401870104,94.62228401870104,93.09611814743167,93.35047912597656,65000,0.0,0.0
2010-01-08 00:00:00+08:00,95.13100557911152,99.70950317382811,94.62228362414301,99.70950317382812,725000,0.0,0.0
2010-01-11 00:00:00+08:00,99.70949265052532,104.28798976202903,99.20077074924713,103.27054595947266,906000,0.0,0.0
2010-01-12 00:00:00+08:00,103.27055053710937,106.57724304199218,103.27055053710937,105.55979919433594,499000,0.0,0.0
2010-01-13 00:00:00+08:00,104.79671154600202,104.79671154600202,100.2182144396233,100.72693634033203,290000,0.0,0.0
2010-01-14 00:00:00+08:00,99.96385952024248,103.2705520743472,99.96385952024248,102.5074691772461,139000,0.0,0.0
2010-01-15 00:00:00+08:00,103.27057585349449,106.57726916900047,101.23568765933696,105.8141860961914,316000,0.0,0.0
2010-01-18 00:00:00+08:00,104.28799891817397,106.3228867019432,103.77927697223166,105.3054428100586,112000,0.0,0.0
2010-01-19 00:00:00+08:00,104.79671014523973,104.79671014523973,102.761822569604,103.77926635742188,153000,0.0,0.0
2010-01-20 00:00:00+08:00,103.01620921762182,104.796736290519,103.01620921762182,104.03365325927734,62000,0.0,0.0
2010-01-21 00:00:00+08:00,104.03363497144828,104.03363497144828,102.50746917724611,102.5074691772461,70000,0.0,0.0
2010-01-22 00:00:00+08:00,101.74438788762788,101.74438788762788,99.20077819043718,99.45513916015625,201000,0.0,0.0
2010-01-25 00:00:00+08:00,98.69205322265624,98.69205322265624,96.65716552734375,96.65716552734375,215000,0.0,0.0
2010-01-26 00:00:00+08:00,96.6571718470602,98.69205967541936,93.09611814743167,93.35047912597656,289000,0.0,0.0
2010-01-27 00:00:00+08:00,96.65717632212537,97.16589830276813,94.87664938987568,95.63973236083984,178000,0.0,0.0
2010-01-28 00:00:00+08:00,97.67460937499999,97.67460937499999,95.89408264160156,96.65716552734375,98000,0.0,0.0
2010-01-29 00:00:00+08:00,96.40280155340831,97.67460632324219,94.62227487564087,97.67460632324219,225000,0.0,0.0
2010-02-01 00:00:00+08:00,98.18334090191385,98.6920628754989,93.60484313964844,93.60484313964844,98000,0.0,0.0
2010-02-02 00:00:00+08:00,95.63973236083983,96.65717632212537,94.62228839955431,95.63973236083984,140000,0.0,0.0
2010-02-03 00:00:00+08:00,97.67462000080958,98.18334197998047,96.14845406329694,98.18334197998047,164000,0.0,0.0
2010-02-04 00:00:00+08:00,98.18334499625273,98.69206699105197,98.18334499625273,98.43770599365234,162000,0.0,0.0
2010-02-05 00:00:00+08:00,94.62228839955431,97.16589830276813,94.11356641891155,95.63973236083984,296000,0.0,0.0
2010-02-08 00:00:00+08:00,94.62228377576898,97.42025453257935,94.62228377576898,97.1658935546875,77000,0.0,0.0
2010-02-09 00:00:00+08:00,94.62225680881076,97.16586586281105,94.62225680881076,96.14842224121094,30000,0.0,0.0
2010-02-10 00:00:00+08:00,97.42024993896484,97.42024993896484,95.3853622117802,97.42024993896484,83000,0.0,0.0
2010-02-22 00:00:00+08:00,99.2007889858512,99.2007889858512,96.65717901185502,98.43770599365234,37000,0.0,0.0
2010-02-23 00:00:00+08:00,99.20075175217387,104.2879697907469,98.94639085024522,103.52488708496094,315000,0.0,0.0
2010-02-24 00:00:00+08:00,102.76183168787017,103.27055362691902,101.23566587072358,101.99874877929688,72000,0.0,0.0
2010-02-25 00:00:00+08:00,102.76181963578011,106.83159467086053,102.76181963578011,104.79670715332031,171000,0.0,0.0
2010-02-26 00:00:00+08:00,104.79670715332031,104.79670715332031,103.5249024548577,104.79670715332031,68000,0.0,0.0
2010-03-01 00:00:00+08:00,105.81418337938261,105.81418337938261,103.77929523747142,104.28801727294922,47000,0.0,0.0
2010-03-02 00:00:00+08:00,104.7966915946042,105.55977430039015,103.52488708496094,103.52488708496094,28000,0.0,0.0
2010-03-03 00:00:00+08:00,104.03360888881825,104.03360888881825,103.01616528110364,103.52488708496094,30000,0.0,0.0
2010-03-04 00:00:00+08:00,103.52490541046741,103.77926635742188,103.01618351655847,103.77926635742188,20000,0.0,0.0
2010-03-05 00:00:00+08:00,103.77927697223166,105.3054428100586,103.77927697223166,105.3054428100586,64000,0.0,0.0
2010-03-08 00:00:00+08:00,106.83160864788552,106.83160864788552,104.54235989114513,105.3054428100586,72000,0.0,0.0
2010-03-09 00:00:00+08:00,104.79671014523973,104.79671014523973,103.52490541046741,103.77926635742188,68000,0.0,0.0
2010-03-10 00:00:00+08:00,104.28801426969123,104.796736290519,104.03365325927734,104.03365325927734,37000,0.0,0.0
2010-03-11 00:00:00+08:00,104.54237205006596,105.30545505773068,104.03365004495615,105.05109405517578,52000,0.0,0.0
2010-03-12 00:00:00+08:00,105.05110032616591,105.05110032616591,103.52493421973251,104.28801727294922,35000,0.0,0.0
2010-03-15 00:00:00+08:00,104.2879882513308,104.79671014523973,102.25310067569508,103.77926635742188,67000,0.0,0.0
2010-03-16 00:00:00+08:00,104.28800503992977,104.7967270157343,102.76183911251617,104.54236602783203,42000,0.0,0.0
2010-03-17 00:00:00+08:00,104.54235989114513,105.55980378302975,104.54235989114513,105.3054428100586,54000,0.0,0.0
2010-03-18 00:00:00+08:00,105.55980673290435,107.84905555361794,104.79672379266648,106.83161163330078,114000,0.0,0.0
2010-03-19 00:00:00+08:00,107.84907429034892,107.84907429034892,105.55982507192171,105.8141860961914,76000,0.0,0.0
2010-03-22 00:00:00+08:00,105.8141860961914,105.8141860961914,105.8141860961914,105.8141860961914,0,0.0,0.0
2010-03-23 00:00:00+08:00,115.47989020409521,119.29530507867986,114.71680722917829,117.51477813720703,925000,0.0,0.0
2010-03-24 00:00:00+08:00,116.49732823633884,117.51477215106671,114.97116236424708,115.73424530029297,294000,0.0,0.0
2010-03-25 00:00:00+08:00,114.97117099598943,119.04094696044923,114.71680999821069,119.04094696044922,284000,0.0,0.0
2010-03-26 00:00:00+08:00,119.54965673643967,119.54965673643967,118.02349090576172,118.02349090576172,85000,0.0,0.0
2010-03-29 00:00:00+08:00,117.51475674173108,118.27783957771634,116.49731296041739,117.00603485107422,119000,0.0,0.0
2010-03-30 00:00:00+08:00,118.277863967113,120.05839095156418,118.277863967113,119.04094696044922,98000,0.0,0.0
2010-03-31 00:00:00+08:00,119.04094408704088,119.04094408704088,116.75169516229009,117.51477813720703,210000,0.0,0.0
2010-04-01 00:00:00+08:00,117.51475674173108,117.76911768705949,117.00603485107423,117.00603485107422,76000,0.0,0.0
2010-04-02 00:00:00+08:00,117.26040037732758,117.51476133259294,116.75167846679688,116.75167846679688,101000,0.0,0.0
2010-04-06 00:00:00+08:00,116.75169226997775,117.51477522599069,115.73424832862719,115.98860931396484,132000,0.0,0.0
2010-04-07 00:00:00+08:00,117.00605933843221,117.00605933843221,115.98861534418498,116.4973373413086,238000,0.0,0.0
2010-04-08 00:00:00+08:00,117.00605897821933,120.82147394490039,116.75169798044058,119.04094696044922,315000,0.0,0.0
2010-04-09 00:00:00+08:00,119.80399777026888,120.05835869971743,117.5147494052319,119.54963684082031,205000,0.0,0.0
2010-04-12 00:00:00+08:00,121.58454451067695,121.58454451067695,118.02349090576172,118.02349090576172,53000,0.0,0.0
2010-04-13 00:00:00+08:00,120.05840029736956,120.05840029736956,117.26042910399866,118.53223419189453,37000,0.0,0.0
2010-04-14 00:00:00+08:00,118.02351215673617,118.53223419189452,118.02351215673617,118.53223419189453,13000,0.0,0.0
2010-04-15 00:00:00+08:00,119.5496689560067,119.5496689560067,118.53222496489175,119.04094696044922,82000,0.0,0.0
2010-04-16 00:00:00+08:00,120.56708055861453,120.56708055861453,119.54963684082033,119.54963684082031,102000,0.0,0.0
2010-04-19 00:00:00+08:00,117.76913312974867,119.04093802315847,115.73424530029297,115.73424530029297,144000,0.0,0.0
2010-04-20 00:00:00+08:00,117.00605002782677,118.53221589775495,117.00605002782677,118.2778549194336,116000,0.0,0.0
2010-04-21 00:00:00+08:00,118.78657223970774,120.82145998685476,118.78657223970774,119.80401611328125,181000,0.0,0.0
2010-04-22 00:00:00+08:00,120.56710062355832,120.56710062355832,117.51476896220241,118.02349090576172,50000,0.0,0.0
2010-04-23 00:00:00+08:00,118.53221284932104,119.29529576466001,117.26040799042275,118.02349090576172,77000,0.0,0.0
2010-04-26 00:00:00+08:00,119.04095407908932,122.0932862349634,119.04095407908932,121.58456420898438,197000,0.0,0.0
2010-04-27 00:00:00+08:00,122.09326018327438,122.09326018327438,119.29528963740768,121.3301773071289,63000,0.0,0.0
2010-04-28 00:00:00+08:00,120.56712124671465,124.12817546075263,119.54967718556094,123.61945343017578,100000,0.0,0.0
2010-04-29 00:00:00+08:00,124.12814785299562,124.12814785299562,121.33017730712892,121.3301773071289,59000,0.0,0.0
2010-04-30 00:00:00+08:00,122.85634460449218,129.72409057617188,122.85634460449218,127.18048095703125,361000,0.0,0.0
2010-05-03 00:00:00+08:00,124.63686556429475,136.0831083201994,124.63686556429475,131.75897216796875,922000,0.0,0.0
2010-05-04 00:00:00+08:00,132.26769406823118,132.7764159684936,128.45227981626297,131.75897216796875,454000,0.0,0.0
2010-05-05 00:00:00+08:00,128.45230044410343,136.33749116443454,126.16305152529762,133.53952026367188,389000,0.0,0.0
2010-05-06 00:00:00+08:00,133.2851591290168,141.17034984084793,133.2851591290168,134.8113250732422,667000,0.0,0.0
2010-05-07 00:00:00+08:00,132.26770327072737,133.79386907769728,126.67176197850428,131.25025939941406,374000,0.0,0.0
2010-05-10 00:00:00+08:00,131.25025322323754,131.25025322323754,128.1979217529297,128.1979217529297,278000,0.0,0.0
2010-05-11 00:00:00+08:00,128.19796309728346,130.74157347619783,122.60202026367188,122.60202026367188,612000,0.0,0.0
2010-05-12 00:00:00+08:00,122.60198673280347,126.16304028935792,120.05837704955029,121.07582092285156,328000,0.0,0.0
2010-05-13 00:00:00+08:00,122.34765922578045,124.63690856680337,122.34765922578045,122.60202026367188,180000,0.0,0.0
2010-05-14 00:00:00+08:00,123.11071318007008,124.89124002358349,123.11071318007008,123.36507415771484,120000,0.0,0.0
2010-05-17 00:00:00+08:00,123.36507415771486,124.38251806829395,123.36507415771486,123.36507415771484,88000,0.0,0.0
2010-05-18 00:00:00+08:00,124.12816198163898,124.63688395697356,119.804025191295,120.56710815429688,118000,0.0,0.0
2010-05-19 00:00:00+08:00,119.54967718556094,124.12817546075263,119.54967718556094,123.61945343017578,110000,0.0,0.0
2010-05-20 00:00:00+08:00,123.61944293975829,123.61944293975829,122.09327697753905,122.09327697753906,61000,0.0,0.0
2010-05-21 00:00:00+08:00,119.04094423924286,119.04094423924286,115.98861233567253,116.24297332763672,253000,0.0,0.0
2010-05-24 00:00:00+08:00,117.00605710347493,124.1281649271647,117.00605710347493,122.09327697753906,199000,0.0,0.0
2010-05-25 00:00:00+08:00,120.56711003687474,120.82147102851371,115.98861218737316,117.51477813720703,158000,0.0,0.0
2010-05-26 00:00:00+08:00,117.5147719844695,119.04093785439768,116.49732807118406,118.2778549194336,106000,0.0,0.0
2010-05-27 00:00:00+08:00,116.497325226034,116.75168619814323,112.93627161650457,114.20807647705078,488000,0.0,0.0
2010-05-28 00:00:00+08:00,114.97117011176215,117.00605807834201,114.46244812011717,114.46244812011719,190000,0.0,0.0
2010-05-31 00:00:00+08:00,115.73426299852362,120.31276131494873,115.73426299852362,118.53223419189453,180000,0.0,0.0
2010-06-01 00:00:00+08:00,118.02348343238752,124.63686827989198,118.02348343238752,124.38250732421875,312000,0.0,0.0
2010-06-02 00:00:00+08:00,124.38250732421874,129.72408739335697,123.87378541287224,124.38250732421875,327000,0.0,0.0
2010-06-03 00:00:00+08:00,125.65431368398477,129.21536710822724,125.65431368398477,127.68920135498047,234000,0.0,0.0
2010-06-04 00:00:00+08:00,127.68922303852281,128.96102804886667,125.1456130178351,125.65433502197266,156000,0.0,0.0
2010-06-07 00:00:00+08:00,120.56708995748009,124.38250419664087,120.56708995748009,122.85633850097656,161000,0.0,0.0
2010-06-08 00:00:00+08:00,123.6194382824174,126.1630481236194,122.0932723776962,122.3476333618164,191000,0.0,0.0
2010-06-09 00:00:00+08:00,122.34760706475441,122.60196799420297,118.023471264129,119.54963684082031,138000,0.0,0.0
2010-06-10 00:00:00+08:00,119.54966407728097,121.83891296386719,119.54966407728097,121.83891296386719,76000,0.0,0.0
2010-06-11 00:00:00+08:00,122.34763024713575,124.38251806829395,122.09326926949099,123.36507415771484,67000,0.0,0.0
2010-06-14 00:00:00+08:00,123.6194382824174,123.6194382824174,121.838911393576,122.3476333618164,15000,0.0,0.0
2010-06-15 00:00:00+08:00,124.63688221889821,124.63688221889821,122.0932723776962,122.3476333618164,87000,0.0,0.0
2010-06-17 00:00:00+08:00,124.63687285448427,128.19792636461239,124.63687285448427,125.39995574951172,169000,0.0,0.0
2010-06-18 00:00:00+08:00,125.39996197887304,126.16304491180735,122.60199122478053,123.36507415771484,86000,0.0,0.0
2010-06-21 00:00:00+08:00,125.39996197887304,125.39996197887304,123.36507415771486,123.36507415771484,118000,0.0,0.0
2010-06-22 00:00:00+08:00,123.61943351931687,125.65432131387352,123.61943351931687,125.14559936523438,61000,0.0,0.0
2010-06-23 00:00:00+08:00,125.14559478450256,125.90867767953003,124.38251188947511,125.39995574951172,137000,0.0,0.0
2010-06-24 00:00:00+08:00,126.16306094672736,130.2328371062992,125.9086999367541,129.21539306640625,236000,0.0,0.0
2010-06-25 00:00:00+08:00,128.1979248046875,129.72409057617188,126.67175903320312,129.72409057617188,222000,0.0,0.0
2010-06-28 00:00:00+08:00,129.72409057617188,129.72409057617188,129.72409057617188,129.72409057617188,0,0.0,0.0
2010-06-29 00:00:00+08:00,139.3898008536219,141.42468845732438,134.55694279482842,135.5743865966797,485000,0.0,0.0
2010-06-30 00:00:00+08:00,133.03078617421232,133.28514714204064,129.72409359244415,131.25025939941406,203000,0.0,0.0
2010-07-01 00:00:00+08:00,130.48717646681186,134.55695195115686,130.48717646681186,132.52206420898438,169000,0.0,0.0
2010-07-02 00:00:00+08:00,134.04823303222656,137.3549256876705,133.03078913824382,134.04823303222656,279000,0.0,0.0
2010-07-05 00:00:00+08:00,137.35494393841483,137.35494393841483,134.3026118508945,136.84622192382812,166000,0.0,0.0
2010-07-06 00:00:00+08:00,137.35491022717352,137.8636321169038,135.8287445579827,136.59182739257812,280000,0.0,0.0
2010-07-07 00:00:00+08:00,136.84622192382812,138.37238796758828,136.59186091653476,136.84622192382812,233000,0.0,0.0
2010-07-08 00:00:00+08:00,139.75783181055792,140.55191040039062,136.58151745122706,140.55191040039062,497000,10.5,0.0
2010-07-09 00:00:00+08:00,140.55191040039062,141.34598899022333,138.16967463089247,140.55191040039062,114000,0.0,0.0
2010-07-12 00:00:00+08:00,140.55191576235762,143.9929231162383,139.49314426885587,141.61068725585938,242000,0.0,0.0
2010-07-13 00:00:00+08:00,143.992919921875,147.16923433191636,143.72822705437153,143.992919921875,169000,0.0,0.0
2010-07-14 00:00:00+08:00,145.0516905228578,152.19839790263362,144.52230479102255,149.816162109375,374000,0.0,0.0
2010-07-15 00:00:00+08:00,148.49268385943245,154.3159263637239,148.49268385943245,152.99246215820312,317000,0.0,0.0
2010-07-16 00:00:00+08:00,150.87491942936987,154.84531204593222,150.34553374716154,152.99246215820312,273000,0.0,0.0
2010-07-19 00:00:00+08:00,152.4630558894231,155.1099839430589,151.1395918626052,154.8452911376953,167000,0.0,0.0
2010-07-20 00:00:00+08:00,154.84528403446592,155.10997682768723,152.19835610225283,153.52182006835938,278000,0.0,0.0
2010-07-21 00:00:00+08:00,153.52183666563872,153.52183666563872,150.87490844726562,150.87490844726562,156000,0.0,0.0
2010-07-22 00:00:00+08:00,150.87491262849966,150.87491262849966,148.7573699951172,148.7573699951172,106000,0.0,0.0
2010-07-23 00:00:00+08:00,149.02208937643252,149.8161680054366,147.16923924208965,147.96331787109375,205000,0.0,0.0
2010-07-26 00:00:00+08:00,145.84576686424543,148.7573883442939,145.84576686424543,146.37515258789062,211000,0.0,0.0
2010-07-27 00:00:00+08:00,146.63985613110657,149.02209206103427,146.63985613110657,148.49270629882812,197000,0.0,0.0
2010-07-28 00:00:00+08:00,148.49267578125,148.49267578125,142.1400479403409,145.5810546875,473000,0.0,0.0
2010-07-29 00:00:00+08:00,146.63985599106573,148.4927061570178,142.40476989746094,142.40476989746094,371000,0.0,0.0
2010-07-30 00:00:00+08:00,142.93413979666573,149.81615393502372,142.93413979666573,148.22799682617188,373000,0.0,0.0
2010-08-02 00:00:00+08:00,149.02207538059778,149.2867682320731,146.90453256879533,148.22799682617188,310000,0.0,0.0
2010-08-03 00:00:00+08:00,148.22800223708998,151.66900943187957,147.16923079253934,149.28677368164062,317000,0.0,0.0
2010-08-04 00:00:00+08:00,149.81615393502372,149.81615393502372,147.16922542027064,148.22799682617188,179000,0.0,0.0
2010-08-05 00:00:00+08:00,149.81619133063123,152.19842758853878,147.43395507272365,149.55149841308594,530000,0.0,0.0
2010-08-06 00:00:00+08:00,150.08085497529262,152.19839790263362,147.96331204795166,149.816162109375,403000,0.0,0.0
2010-08-09 00:00:00+08:00,150.87492778039103,154.0512420494519,150.87492778039103,151.66900634765625,232000,0.0,0.0
2010-08-10 00:00:00+08:00,153.52185080047232,153.78654364668003,150.3455366459798,150.6102294921875,140000,0.0,0.0
2010-08-11 00:00:00+08:00,150.61022125465283,150.61022125465283,146.11044311523438,146.11044311523438,243000,0.0,0.0
2010-08-12 00:00:00+08:00,144.52228884920746,147.69860288984938,144.52228884920746,146.63983154296875,66000,0.0,0.0
2010-08-13 00:00:00+08:00,146.63983428735528,147.69860565405097,146.11044860400742,147.16921997070312,51000,0.0,0.0
2010-08-16 00:00:00+08:00,146.63982877869537,147.43390727388686,144.5222861248514,146.11044311523438,106000,0.0,0.0
2010-08-17 00:00:00+08:00,146.11044996388296,149.0220712493951,145.84575711974549,147.4339141845703,114000,0.0,0.0
2010-08-18 00:00:00+08:00,147.69859867842598,149.28675565346282,147.69859867842598,148.7573699951172,71000,0.0,0.0
2010-08-19 00:00:00+08:00,148.75739064570453,149.816162109375,148.75739064570453,149.816162109375,88000,0.0,0.0
2010-08-20 00:00:00+08:00,150.874915346892,153.52184368631114,150.874915346892,152.19837951660156,281000,0.0,0.0
2010-08-23 00:00:00+08:00,152.19838656943375,153.52185080047232,150.6102294921875,150.6102294921875,139000,0.0,0.0
2010-08-24 00:00:00+08:00,151.93369095413775,151.93369095413775,148.75737685753555,150.08084106445312,74000,0.0,0.0
2010-08-25 00:00:00+08:00,151.13963980144925,156.16880469852023,149.5514824655321,152.46310424804688,359000,0.0,0.0
2010-08-26 00:00:00+08:00,153.52182006835938,156.6981335870151,151.93366330903152,153.52182006835938,351000,0.0,0.0
2010-08-27 00:00:00+08:00,154.05121019151477,158.02160220676,152.46305338541669,157.22752380371094,238000,0.0,0.0
2010-08-30 00:00:00+08:00,159.34507224790514,167.81524220128213,159.34507224790514,164.1095428466797,829000,0.0,0.0
2010-08-31 00:00:00+08:00,166.22710357371633,170.4621890150849,164.3742536931176,164.63894653320312,845000,0.0,0.0
2010-09-01 00:00:00+08:00,164.63894807902818,165.16833376416974,159.34509122761247,161.9920196533203,594000,0.0,0.0
2010-09-02 00:00:00+08:00,163.58018221173967,165.1683393205915,161.46263939993722,163.05079650878906,265000,0.0,0.0
2010-09-03 00:00:00+08:00,164.10955395072554,165.16832526653667,161.72731849015048,163.3154754638672,233000,0.0,0.0
2010-09-06 00:00:00+08:00,166.75650995427912,174.69729614257812,165.96243133544922,174.69729614257812,1073000,0.0,0.0
2010-09-07 00:00:00+08:00,181.57931083910393,181.57931083910393,174.16791039669152,174.69729614257812,709000,0.0,0.0
2010-09-08 00:00:00+08:00,171.52098133799797,174.16791006234976,167.8152811239054,168.60935974121094,605000,0.0,0.0
2010-09-09 00:00:00+08:00,168.60937368045063,171.78568841226445,167.81529499749718,168.3446807861328,226000,0.0,0.0
2010-09-10 00:00:00+08:00,171.5209672025005,171.5209672025005,167.2858815925622,168.87403869628906,147000,0.0,0.0
2010-09-13 00:00:00+08:00,169.93281009877364,172.05035290374278,168.34465299504677,168.87403869628906,167000,0.0,0.0
2010-09-14 00:00:00+08:00,168.34466637505426,174.69729529486762,168.34466637505426,171.52098083496094,369000,0.0,0.0
2010-09-15 00:00:00+08:00,173.63851971293607,173.63851971293607,170.46220532794334,170.72689819335938,199000,0.0,0.0
2010-09-16 00:00:00+08:00,171.52095584050278,173.37380567211315,169.4034131758052,172.57972717285156,172000,0.0,0.0
2010-09-17 00:00:00+08:00,172.57972717285156,172.84442000593876,170.462184508154,172.57972717285156,158000,0.0,0.0
2010-09-20 00:00:00+08:00,172.5797286464418,173.638499987831,169.93280029296875,169.93280029296875,105000,0.0,0.0
2010-09-21 00:00:00+08:00,170.46219261656415,176.28543522147783,169.93280692520835,174.1678924560547,212000,0.0,0.0
2010-09-23 00:00:00+08:00,174.16791039669152,176.02076050729463,173.63852465080492,174.69729614257812,349000,0.0,0.0
2010-09-24 00:00:00+08:00,174.69727401151002,175.22665969033278,172.8444241356304,173.37380981445312,196000,0.0,0.0
2010-09-27 00:00:00+08:00,173.90319843115083,174.69727696279992,170.46219146067142,170.9915771484375,179000,0.0,0.0
2010-09-28 00:00:00+08:00,170.99157290210783,175.22665829906407,170.99157290210783,173.10911560058594,305000,0.0,0.0
2010-09-29 00:00:00+08:00,174.16789127503384,175.22666265056597,170.72688430455446,170.9915771484375,328000,0.0,0.0
2010-09-30 00:00:00+08:00,170.99159509164315,172.84444519325538,170.99159509164315,171.52098083496094,248000,0.0,0.0
2010-10-01 00:00:00+08:00,171.52096693982327,172.5797383406864,171.52096693982327,171.78565979003906,200000,0.0,0.0
2010-10-04 00:00:00+08:00,172.57971050772247,175.2266385829943,172.05032489266813,172.3150177001953,173000,0.0,0.0
2010-10-05 00:00:00+08:00,172.84444603197502,176.02076050729463,172.31506028608842,174.69729614257812,290000,0.0,0.0
2010-10-06 00:00:00+08:00,176.81483416775012,182.63807720920298,176.81483416775012,179.72645568847656,585000,0.0,0.0
2010-10-07 00:00:00+08:00,181.5792694091797,181.5792694091797,178.4029556585818,181.5792694091797,298000,0.0,0.0
2010-10-08 00:00:00+08:00,182.63808180784858,187.93193925155435,177.60891723632812,177.60891723632812,695000,0.0,0.0
2010-10-11 00:00:00+08:00,179.46178332394425,185.02033413486285,176.81485436636393,180.78524780273438,266000,0.0,0.0
2010-10-12 00:00:00+08:00,181.57930479950454,181.84399766364376,175.7560617884417,176.55014038085938,279000,0.0,0.0
2010-10-13 00:00:00+08:00,177.60894420848174,179.9911804199219,177.34425129609951,179.99118041992188,94000,0.0,0.0
2010-10-14 00:00:00+08:00,181.57930301457776,182.63807446072693,178.40298867613035,179.1970672607422,134000,0.0,0.0
2010-10-15 00:00:00+08:00,179.19705073994803,179.19705073994803,175.7560438572016,176.02073669433594,179000,0.0,0.0
2010-10-18 00:00:00+08:00,176.02076050729463,176.81483912612453,174.69729614257812,174.69729614257812,118000,0.0,0.0
2010-10-19 00:00:00+08:00,178.40298189435686,178.40298189435686,175.22666767665316,177.87359619140625,87000,0.0,0.0
2010-10-20 00:00:00+08:00,177.87359619140625,177.87359619140625,175.7560533796038,177.87359619140625,58000,0.0,0.0
2010-10-21 00:00:00+08:00,178.40298189435686,180.5205247061593,177.34421048845564,177.87359619140625,122000,0.0,0.0
2010-10-22 00:00:00+08:00,178.6677158580107,183.6968811932732,178.6677158580107,179.99118041992188,215000,0.0,0.0
2010-10-25 00:00:00+08:00,184.75563513714334,185.28502091117525,182.1087062669837,182.63809204101562,164000,0.0,0.0
2010-10-26 00:00:00+08:00,185.02034575518442,185.02034575518442,178.40302294562846,179.99118041992188,209000,0.0,0.0
2010-10-27 00:00:00+08:00,181.579309815885,182.63808130169193,179.19707397281948,180.52053833007812,50000,0.0,0.0
2010-10-28 00:00:00+08:00,182.10867462608314,182.10867462608314,177.07951064658377,179.4617462158203,120000,0.0,0.0
2010-10-29 00:00:00+08:00,182.6380740764529,182.6380740764529,180.52053118861,182.1086883544922,85000,0.0,0.0
2010-11-01 00:00:00+08:00,182.10867700821316,185.8143768310547,182.10867700821316,185.8143768310547,218000,0.0,0.0
2010-11-02 00:00:00+08:00,187.13787866335863,187.13787866335863,180.78524911891648,181.04994201660156,173000,0.0,0.0
2010-11-03 00:00:00+08:00,182.10871360734194,183.69687099345248,178.93239883512086,181.04994201660156,297000,0.0,0.0
2010-11-04 00:00:00+08:00,181.04995206945085,181.04995206945085,177.34425129609951,179.99118041992188,183000,0.0,0.0
2010-11-05 00:00:00+08:00,182.63804486943258,182.63804486943258,179.99111668291908,182.37335205078125,156000,0.0,0.0
2010-11-08 00:00:00+08:00,182.37334784682918,183.43211909702848,181.04988378408004,181.5792694091797,59,0.0,0.0
2010-11-09 00:00:00+08:00,183.16743884189523,184.75559582607352,183.16743884189523,183.96151733398438,139000,0.0,0.0
2010-11-10 00:00:00+08:00,184.49094814484246,186.87318420410156,183.961562353896,186.87318420410156,240000,0.0,0.0
2010-11-11 00:00:00+08:00,187.93192372423536,188.461309424867,186.60845947265625,186.60845947265625,146000,0.0,0.0
2010-11-12 00:00:00+08:00,186.60850394855845,186.87319686196065,185.81442520835182,186.34381103515625,130000,0.0,0.0
2010-11-15 00:00:00+08:00,186.34378718926305,188.9907159845651,186.34378718926305,187.66725158691406,128000,0.0,0.0
2010-11-16 00:00:00+08:00,187.93192616412236,190.8435475553975,187.93192616412236,190.04946899414062,217000,0.0,0.0
2010-11-17 00:00:00+08:00,190.04945361163166,197.46085291682064,190.04945361163166,195.87269592285156,339000,0.0,0.0
2010-11-18 00:00:00+08:00,195.87270796926398,201.9606434872276,195.87270796926398,201.16656494140625,458000,0.0,0.0
2010-11-19 00:00:00+08:00,202.2253125744726,203.81346947950775,199.04899876440237,199.57838439941406,173000,0.0,0.0
2010-11-22 00:00:00+08:00,201.1665690210825,201.96064758300784,197.9902547733812,201.9606475830078,107000,0.0,0.0
2010-11-23 00:00:00+08:00,202.22533907352158,204.60757474323586,201.69595336914065,201.69595336914062,120000,0.0,0.0
2010-11-24 00:00:00+08:00,199.5784274973768,201.16658474536652,195.8727272520674,199.04904174804688,166000,0.0,0.0
2010-11-25 00:00:00+08:00,200.10775871379127,202.22530113404304,197.46083068847656,197.46083068847656,174000,0.0,0.0
2010-11-26 00:00:00+08:00,197.46085291682064,197.990238581477,195.34331025819523,195.87269592285156,142000,0.0,0.0
2010-11-29 00:00:00+08:00,196.4021094129493,204.87228124747003,195.87272367329177,204.3428955078125,251000,0.0,0.0
2010-11-30 00:00:00+08:00,204.34285820007324,212.2836428451538,204.34285820007324,211.75425720214844,489000,0.0,0.0
2010-12-01 00:00:00+08:00,211.7543129465688,212.81308451130164,207.51922668763743,210.69554138183594,325000,0.0,0.0
2010-12-02 00:00:00+08:00,211.75426001687651,218.1068878173828,208.84263894164445,218.1068878173828,364000,0.0,0.0
2010-12-03 00:00:00+08:00,219.1656841121308,232.40032687252517,218.636298401715,231.87094116210938,626000,0.0,0.0
2010-12-06 00:00:00+08:00,235.57661430773723,235.57661430773723,220.75381610410432,223.9301300048828,425000,0.0,0.0
2010-12-07 00:00:00+08:00,223.9301872067335,224.98895877745093,215.72470753367352,217.0481719970703,318000,0.0,0.0
2010-12-08 00:00:00+08:00,217.04811509606873,217.04811509606873,211.75425863031094,214.93057250976562,460000,0.0,0.0
2010-12-09 00:00:00+08:00,217.0481247499765,221.81259578107353,212.28365371887944,219.69505310058594,361000,0.0,0.0
2010-12-10 00:00:00+08:00,219.16571513850513,221.28325827993996,217.0481719970703,217.0481719970703,150000,0.0,0.0
2010-12-13 00:00:00+08:00,217.04808715520386,219.16562946891315,214.40115926306723,215.45993041992188,172000,0.0,0.0
2010-12-14 00:00:00+08:00,215.45998055053408,215.45998055053408,212.81305204254227,213.34243774414062,83000,0.0,0.0
2010-12-15 00:00:00+08:00,213.34241413116453,213.34241413116453,210.69548591613767,211.75425720214844,197000,0.0,0.0
2010-12-16 00:00:00+08:00,211.75428063934555,215.98936625213244,209.6367378329521,213.34243774414062,244000,0.0,0.0
2010-12-17 00:00:00+08:00,213.34248968895446,213.87187551944814,209.63678887549867,211.48963928222656,341000,0.0,0.0
2010-12-20 00:00:00+08:00,211.4895614953629,211.4895614953629,208.31324768066406,208.31324768066406,174000,0.0,0.0
2010-12-21 00:00:00+08:00,208.31327747924166,208.31327747924166,200.6371846623446,202.225341796875,425000,0.0,0.0
2010-12-22 00:00:00+08:00,201.69597025864,208.0485992431641,201.69597025864,208.04859924316406,200,0.0,0.0
2010-12-23 00:00:00+08:00,209.63673836844308,210.43081692286898,206.46042415073939,207.51919555664062,127000,0.0,0.0
2010-12-24 00:00:00+08:00,206.9898031949997,206.9898031949997,202.75471770763397,203.2841033935547,140000,0.0,0.0
2010-12-27 00:00:00+08:00,201.1665579295345,204.87225768086802,201.1665579295345,202.7547149658203,48000,0.0,0.0
2010-12-28 00:00:00+08:00,201.96059177539968,202.75467011789797,200.10774230957034,200.1077423095703,99000,0.0,0.0
2010-12-29 00:00:00+08:00,200.10780522273137,206.7251268240122,198.51964803842398,206.46043395996094,143000,0.0,0.0
2010-12-30 00:00:00+08:00,209.10735266549247,210.16612407139368,206.46042415073939,207.51919555664062,188000,0.0,0.0
2010-12-31 00:00:00+08:00,206.9897834935139,209.90140448894698,204.87224095138077,205.40162658691406,211000,0.0,0.0
2011-01-03 00:00:00+08:00,208.04859114426836,208.04859114426836,205.40166250375603,206.46043395996094,84000,0.0,0.0
2011-01-04 00:00:00+08:00,209.63674316406252,215.4599860297309,209.10735744900174,214.40121459960938,310000,0.0,0.0
2011-01-05 00:00:00+08:00,214.93061480605812,214.93061480605812,208.04860004625823,211.22491455078125,118000,0.0,0.0
2011-01-06 00:00:00+08:00,211.22490509843402,211.75429082549778,208.5779764631153,209.37205505371094,203000,0.0,0.0
2011-01-07 00:00:00+08:00,209.3719925892504,209.3719925892504,206.98975752818436,209.1072998046875,102000,0.0,0.0
2011-01-10 00:00:00+08:00,211.75429586301811,211.75429586301811,203.81350976815494,204.3428955078125,182000,0.0,0.0
2011-01-11 00:00:00+08:00,205.93103182315826,208.04857456684113,202.75471770763397,203.2841033935547,246000,0.0,0.0
2011-01-12 00:00:00+08:00,203.54879470472164,206.46041595537434,203.54879470472164,205.9310302734375,42000,0.0,0.0
2011-01-13 00:00:00+08:00,205.9310302734375,208.57795868312178,200.63717345406891,205.9310302734375,169000,0.0,0.0
2011-01-14 00:00:00+08:00,205.931041777446,205.931041777446,202.22534179687503,202.225341796875,115000,0.0,0.0
2011-01-17 00:00:00+08:00,203.2840556795635,203.81344124122904,200.10774230957034,200.1077423095703,138000,0.0,0.0
2011-01-18 00:00:00+08:00,200.63717924419203,204.87226482190584,200.1077935469778,201.16656494140625,274000,0.0,0.0
2011-01-19 00:00:00+08:00,203.81350708007812,203.81350708007812,200.37249981768718,203.81350708007812,203000,0.0,0.0
2011-01-20 00:00:00+08:00,203.81350531944864,206.46043395996097,200.63719095083385,206.46043395996094,156000,0.0,0.0
2011-01-21 00:00:00+08:00,205.40165606593587,205.40165606593587,201.96064894111996,202.225341796875,108000,0.0,0.0
2011-01-24 00:00:00+08:00,201.96067751136505,201.96067751136505,197.99028411336968,198.78436279296875,182000,0.0,0.0
2011-01-25 00:00:00+08:00,199.04903682051392,200.6371940291882,193.22579372204143,195.07864379882812,288000,0.0,0.0
2011-01-26 00:00:00+08:00,195.87271596456202,196.40210168338515,190.31416591691902,190.8435516357422,448000,0.0,0.0
2011-01-27 00:00:00+08:00,191.63760793675257,194.2845362231718,188.4612939930495,189.5200653076172,403000,0.0,0.0
2011-01-28 00:00:00+08:00,190.5788637244183,194.81394958496094,188.46132079414699,194.81394958496094,286000,0.0,0.0
2011-02-08 00:00:00+08:00,198.51965599871696,201.16658474536652,196.13742012673237,199.04904174804688,246000,0.0,0.0
2011-02-09 00:00:00+08:00,201.16651343290138,201.16651343290138,199.31366396707205,200.1077423095703,89000,0.0,0.0
2011-02-10 00:00:00+08:00,201.16657841670047,204.87227854542917,201.16657841670047,203.81350708007812,244000,0.0,0.0
2011-02-11 00:00:00+08:00,205.40162638454288,205.40162638454288,198.51961312939065,199.57838439941406,249000,0.0,0.0
2011-02-14 00:00:00+08:00,200.10781221611555,204.87228393554685,200.10781221611555,204.87228393554688,165000,0.0,0.0
2011-02-15 00:00:00+08:00,204.8722675954263,204.8722675954263,200.1077962559978,201.69595336914062,72000,0.0,0.0
2011-02-16 00:00:00+08:00,201.69597049469644,201.69597049469644,199.04904174804688,199.04904174804688,156000,0.0,0.0
2011-02-17 00:00:00+08:00,200.9018693586767,201.16656220368154,198.5196337536331,200.63717651367188,54000,0.0,0.0
2011-02-18 00:00:00+08:00,201.16656220368154,201.16656220368154,200.63717651367185,200.63717651367188,46000,0.0,0.0
2011-02-21 00:00:00+08:00,200.63712787123586,203.2840556795635,200.10774230957034,200.1077423095703,46000,0.0,0.0
2011-02-22 00:00:00+08:00,200.10777003442578,200.10777003442578,198.78430594689652,199.57838439941406,88000,0.0,0.0
2011-02-23 00:00:00+08:00,198.78430725425804,199.04900007350471,196.4020718810379,196.93145751953125,174000,0.0,0.0
2011-02-24 00:00:00+08:00,197.46089575901502,197.46089575901502,192.1670379638672,192.1670379638672,216000,0.0,0.0
2011-02-25 00:00:00+08:00,192.1670145670573,193.22578599717883,188.46131456163195,190.578857421875,162000,0.0,0.0
2011-03-01 00:00:00+08:00,192.1670209221218,195.8727210500966,192.1670209221218,194.81394958496094,245000,0.0,0.0
2011-03-02 00:00:00+08:00,195.34333260767465,195.34333260767465,194.28456115722656,194.28456115722656,78000,0.0,0.0
2011-03-03 00:00:00+08:00,195.34332116274913,197.9902496337891,194.81393546854113,197.99024963378906,72000,0.0,0.0
2011-03-04 00:00:00+08:00,199.04902215254936,203.28410773026317,198.51963645533513,201.16656494140625,246000,0.0,0.0
2011-03-07 00:00:00+08:00,201.6959522705078,201.6959522705078,198.51963806152344,198.51963806152344,81000,0.0,0.0
2011-03-08 00:00:00+08:00,199.04899876440237,201.1665413044492,196.40207058934382,199.57838439941406,68000,0.0,0.0
2011-03-09 00:00:00+08:00,201.16652058865802,202.48998453989918,200.63713500816155,201.43121337890625,73000,0.0,0.0
2011-03-10 00:00:00+08:00,201.43122272644862,202.75468673910598,197.1961378859451,197.46083068847656,91000,0.0,0.0
2011-03-11 00:00:00+08:00,194.81393815104167,198.51963806152344,194.81393815104167,198.51963806152344,51000,0.0,0.0
2011-03-14 00:00:00+08:00,197.46089575901502,197.46089575901502,192.1670379638672,192.1670379638672,265000,0.0,0.0
2011-03-15 00:00:00+08:00,190.57885886649407,191.63763030464128,178.932373046875,178.932373046875,430000,0.0,0.0
2011-03-16 00:00:00+08:00,178.93234540831367,186.34374433055152,167.2858613876542,182.37335205078125,442000,0.0,0.0
2011-03-17 00:00:00+08:00,178.93239883512086,185.02033548187794,175.2266982675296,181.04994201660156,89000,0.0,0.0
2011-03-18 00:00:00+08:00,184.75558767556484,191.6376009700701,184.75558767556484,191.10821533203125,140000,0.0,0.0
2011-03-21 00:00:00+08:00,192.16701319751553,192.16701319751553,185.28499895077255,190.3141632080078,82000,0.0,0.0
2011-03-22 00:00:00+08:00,193.22575636312993,193.22575636312993,187.93190002441406,187.93190002441406,189000,0.0,0.0
2011-03-23 00:00:00+08:00,190.04946899414065,195.87271177669092,190.04946899414065,190.04946899414062,163000,0.0,0.0
2011-03-24 00:00:00+08:00,192.69642374338196,193.75519530241152,191.372959294595,192.1670379638672,174000,0.0,0.0
2011-03-25 00:00:00+08:00,193.7551717122396,194.01986456977,190.578857421875,190.578857421875,39000,0.0,0.0
2011-03-28 00:00:00+08:00,190.57882819377198,190.57882819377198,187.93190002441406,187.93190002441406,50000,0.0,0.0
2011-03-29 00:00:00+08:00,187.9319517277489,192.69642374338196,187.9319517277489,192.1670379638672,91000,0.0,0.0
2011-03-30 00:00:00+08:00,194.81395411229397,195.07864698472915,192.16702538794215,192.6964111328125,99000,0.0,0.0
2011-03-31 00:00:00+08:00,193.22579146748748,194.54925579260725,191.63763427734375,191.63763427734375,60000,0.0,0.0
2011-04-01 00:00:00+08:00,191.63760113459762,198.51961443501136,191.63760113459762,196.93145751953125,186000,0.0,0.0
2011-04-06 00:00:00+08:00,197.46086906543098,204.6075761227589,197.46086906543098,201.9606475830078,263000,0.0,0.0
2011-04-07 00:00:00+08:00,204.87226704188754,208.57796696254184,204.87226704188754,207.51919555664062,335000,0.0,0.0
2011-04-08 00:00:00+08:00,207.51917750778293,212.81303407685903,205.4016348801525,209.9014129638672,439000,0.0,0.0
2011-04-11 00:00:00+08:00,209.90142288796392,210.6955014108692,205.40164459150063,205.9310302734375,270000,0.0,0.0
2011-04-12 00:00:00+08:00,204.87225768086802,204.87225768086802,201.43125076891545,202.7547149658203,185000,0.0,0.0
2011-04-13 00:00:00+08:00,204.87228738232918,209.3720663041633,204.87228738232918,208.57798767089844,206000,0.0,0.0
2011-04-14 00:00:00+08:00,209.63678887549867,212.28371802796707,208.5780172145113,211.48963928222656,212000,0.0,0.0
2011-04-15 00:00:00+08:00,211.48961415879663,219.69509355669737,211.48961415879663,218.63632202148438,588000,0.0,0.0
2011-04-18 00:00:00+08:00,218.63630724795718,224.98893602998015,217.04815005245143,224.7242431640625,488000,0.0,0.0
2011-04-19 00:00:00+08:00,221.28319485150675,224.19481583639498,219.16565231704257,222.60665893554688,271000,0.0,0.0
2011-04-20 00:00:00+08:00,222.60665350140266,224.98888879452113,221.81257507036318,224.45950317382812,131000,0.0,0.0
2011-04-21 00:00:00+08:00,225.5183217618154,227.10647895732114,221.28323590713342,224.7242431640625,281000,0.0,0.0
2011-04-22 00:00:00+08:00,224.72421268290154,225.51829117294713,221.5478987227192,221.81259155273438,159000,0.0,0.0
2011-04-25 00:00:00+08:00,221.81259717149425,222.34198284493456,218.63628313085232,219.95974731445312,59000,0.0,0.0
2011-04-26 00:00:00+08:00,217.04810273141572,219.16564519708808,216.51871711499763,218.37156677246094,188000,0.0,0.0
2011-04-27 00:00:00+08:00,221.28325085951687,221.28325085951687,216.25408606725512,218.63632202148438,152000,0.0,0.0
2011-04-28 00:00:00+08:00,217.04810273141572,218.63625958066999,217.04810273141572,218.37156677246094,63000,0.0,0.0
2011-04-29 00:00:00+08:00,222.3420104980469,228.69463936941966,221.01854614984424,222.34201049804688,374000,0.0,0.0
2011-05-03 00:00:00+08:00,221.28324544864847,221.28324544864847,215.9893879020301,217.57754516601562,69000,0.0,0.0
2011-05-04 00:00:00+08:00,215.9893534097327,220.75382444082973,215.9893534097327,219.69505310058594,209000,0.0,0.0
2011-05-05 00:00:00+08:00,219.69508818466295,219.69508818466295,217.04815941135377,217.57754516601562,149000,0.0,0.0
2011-05-06 00:00:00+08:00,217.04812068565218,222.87136294795016,215.98934936523438,215.98934936523438,272000,0.0,0.0
2011-05-09 00:00:00+08:00,214.40124437376292,219.69510225953485,211.22492964229977,217.3128662109375,237000,0.0,0.0
2011-05-10 00:00:00+08:00,214.40119238460764,218.63627766627891,214.40119238460764,215.98934936523438,132000,0.0,0.0
2011-05-11 00:00:00+08:00,216.51870157677652,218.9009366796995,214.93054484149454,215.45993041992188,106000,0.0,0.0
2011-05-12 00:00:00+08:00,214.9305725097656,217.3128079193566,213.87180121661405,214.93057250976562,94000,0.0,0.0
2011-05-13 00:00:00+08:00,215.98934521721404,219.6950447675094,215.45995956717186,218.1068878173828,81000,0.0,0.0
2011-05-16 00:00:00+08:00,217.04812068565218,217.57750634586108,212.283649743772,215.98934936523438,71000,0.0,0.0
2011-05-17 00:00:00+08:00,215.98935359539374,217.84220344241302,213.87181091308594,213.87181091308594,76000,0.0,0.0
2011-05-18 00:00:00+08:00,215.45996653428014,215.98935220144054,211.7542668641574,213.60711669921875,74000,0.0,0.0
2011-05-19 00:00:00+08:00,213.6071643922387,220.75387249458126,213.6071643922387,217.0481719970703,165000,0.0,0.0
2011-05-20 00:00:00+08:00,218.1069435677877,219.69510092386383,216.51878621171159,217.0481719970703,100000,0.0,0.0
2011-05-23 00:00:00+08:00,217.0481719970703,217.0481719970703,212.28369992884194,217.0481719970703,107000,0.0,0.0
2011-05-24 00:00:00+08:00,217.04811363220213,220.75381313323973,211.22487155914305,211.75425720214844,177000,0.0,0.0
2011-05-25 00:00:00+08:00,211.75426136363637,211.75426136363637,209.63671875,209.63671875,93000,0.0,0.0
2011-05-26 00:00:00+08:00,211.75428602430557,214.66590745713978,209.63674316406252,214.40121459960938,104000,0.0,0.0
2011-05-27 00:00:00+08:00,213.8717736846399,216.25400878756287,213.8717736846399,215.45993041992188,65000,0.0,0.0
2011-05-30 00:00:00+08:00,214.9305711174717,216.25403522533787,213.87179983117872,214.66587829589844,15000,0.0,0.0
2011-05-31 00:00:00+08:00,217.04812061246085,222.87136287279517,217.04812061246085,221.81259155273438,348000,0.0,0.0
2011-06-01 00:00:00+08:00,221.28323901948477,222.3420104980469,218.37161745343892,222.34201049804688,101000,0.0,0.0
2011-06-02 00:00:00+08:00,221.2832072179458,225.51829252355242,219.69505022834332,224.98890686035156,162000,0.0,0.0
2011-06-03 00:00:00+08:00,226.5770511876672,226.5770511876672,222.60665893554685,222.60665893554688,147000,0.0,0.0
2011-06-07 00:00:00+08:00,224.98889035956805,228.95928254238396,223.93011911081715,227.6358184814453,198000,0.0,0.0
2011-06-08 00:00:00+08:00,228.1652166193182,230.28275923295456,223.93013139204547,230.01806640625,257000,0.0,0.0
2011-06-09 00:00:00+08:00,226.84172766169928,240.60575314408942,226.84172766169928,228.16519165039062,979000,0.0,0.0
2011-06-10 00:00:00+08:00,226.57706681217059,228.16522382253626,219.69505310058594,219.69505310058594,242000,0.0,0.0
2011-06-13 00:00:00+08:00,219.1657124638266,220.753869800521,216.51878356933594,216.51878356933594,133000,0.0,0.0
2011-06-14 00:00:00+08:00,217.31288053439215,220.22450256347656,217.31288053439215,220.22450256347656,69000,0.0,0.0
2011-06-15 00:00:00+08:00,219.69510092386383,221.54795117261932,215.4600146409942,217.0481719970703,160000,0.0,0.0
2011-06-16 00:00:00+08:00,214.40119238460764,216.51873502544328,214.40119238460764,215.98934936523438,150000,0.0,0.0
2011-06-17 00:00:00+08:00,215.98934521721404,218.636273467425,214.66588109210858,218.1068878173828,89000,0.0,0.0
2011-06-20 00:00:00+08:00,218.10688638922028,218.10688638922028,214.9305725097656,214.93057250976562,85000,0.0,0.0
2011-06-21 00:00:00+08:00,217.04812068565218,217.04812068565218,213.87180672439874,215.98934936523438,77000,0.0,0.0
2011-06-22 00:00:00+08:00,218.10690853100468,219.69506563195858,217.04813713036873,219.16567993164062,55000,0.0,0.0
2011-06-23 00:00:00+08:00,219.16570778909087,220.75386509191037,218.63632202148438,218.63632202148438,76000,0.0,0.0
2011-06-24 00:00:00+08:00,219.69505310058594,219.69505310058594,218.10689609022026,219.69505310058594,42000,0.0,0.0
2011-06-27 00:00:00+08:00,219.69505310058594,219.9597459356469,219.16566743046405,219.69505310058594,54000,0.0,0.0
2011-06-28 00:00:00+08:00,221.2832451223213,227.10648841501396,221.2832451223213,226.5771026611328,200000,0.0,0.0
2011-06-29 00:00:00+08:00,227.63581689798607,228.16520251867908,223.66542474278864,224.45950317382812,92000,0.0,0.0
2011-06-30 00:00:00+08:00,227.3711709724365,231.87094967619834,225.5183209179463,230.5474853515625,235000,0.0,0.0
2011-07-01 00:00:00+08:00,230.54748759550205,235.04726634306064,229.2240232579848,233.98849487304688,166000,0.0,0.0
2011-07-04 00:00:00+08:00,235.0472725423177,238.2235870361328,234.7825796678331,238.2235870361328,200000,0.0,0.0
2011-07-05 00:00:00+08:00,239.81172452414089,240.3411102294922,236.9001031447087,240.3411102294922,292000,0.0,0.0
2011-07-06 00:00:00+08:00,240.61450862667286,241.98163651659712,235.14599706697572,240.06765747070312,357000,14.5,0.0
2011-07-07 00:00:00+08:00,240.06771362732005,240.06771362732005,232.41179565287248,234.32577514648438,133000,0.0,0.0
2011-07-08 00:00:00+08:00,235.69288617174772,236.5131630377747,230.22437373156797,230.77122497558594,178000,0.0,0.0
2011-07-11 00:00:00+08:00,230.49779422501462,231.31807107279047,229.67751737723876,229.95094299316406,55000,0.0,0.0
2011-07-12 00:00:00+08:00,226.39636624714973,229.40404744125436,226.39636624714973,228.58377075195312,84000,0.0,0.0
2011-07-13 00:00:00+08:00,228.58380281193595,229.67750521773468,227.21667480468753,227.2166748046875,128000,0.0,0.0
2011-07-14 00:00:00+08:00,227.2166868339112,231.86492230464106,227.2166868339112,229.95094299316406,179000,0.0,0.0
2011-07-15 00:00:00+08:00,229.95095655653213,232.4117872450087,229.95095655653213,231.31808471679688,37000,0.0,0.0
2011-07-18 00:00:00+08:00,231.31807107279047,231.31807107279047,227.7635380657618,229.95094299316406,50000,0.0,0.0
2011-07-19 00:00:00+08:00,229.95096154201838,234.59919738769534,229.95096154201838,234.5991973876953,71000,0.0,0.0
2011-07-20 00:00:00+08:00,240.61451830434467,240.61451830434467,235.14600652470048,236.78656005859375,91000,0.0,0.0
2011-07-21 00:00:00+08:00,236.78656005859375,238.70053918146922,233.5054529908072,236.78656005859375,81000,0.0,0.0
2011-07-22 00:00:00+08:00,237.33341234950393,239.52081707161918,232.95860290527344,232.95860290527344,103000,0.0,0.0
2011-07-25 00:00:00+08:00,237.33341123655816,237.33341123655816,232.4117506348784,236.78656005859375,50000,0.0,0.0
2011-07-26 00:00:00+08:00,236.78657906727773,243.8956449515147,236.78657906727773,241.434814453125,184000,0.0,0.0
2011-07-27 00:00:00+08:00,241.98166936238604,247.72360727945963,241.43481813218858,246.0830535888672,351000,0.0,0.0
2011-07-28 00:00:00+08:00,243.34879743787977,247.17675604926214,242.80194620768228,246.0830535888672,125000,0.0,0.0
2011-07-29 00:00:00+08:00,246.08301392288124,246.08301392288124,243.07533264160156,243.07533264160156,192000,0.0,0.0
2011-08-01 00:00:00+08:00,246.08304169074577,249.63757451516767,243.89563687571695,245.8096160888672,323000,0.0,0.0
2011-08-02 00:00:00+08:00,245.8096160888672,246.629892894503,243.89563687571695,245.8096160888672,106000,0.0,0.0
2011-08-03 00:00:00+08:00,242.8019426970204,248.81730614221684,242.5285170858751,243.89564514160156,140000,0.0,0.0
2011-08-04 00:00:00+08:00,244.44247247931662,248.54385624574812,241.70821663502898,243.34877014160156,101000,0.0,0.0
2011-08-05 00:00:00+08:00,235.14598426636323,237.88023989736746,226.39636624714973,228.58377075195312,392000,0.0,0.0
2011-08-08 00:00:00+08:00,229.67751510054975,232.41177123269915,219.56076741159697,221.47474670410156,176000,0.0,0.0
2011-08-09 00:00:00+08:00,216.006209782862,222.56842375094894,210.53769814278954,222.2949981689453,279000,0.0,0.0
2011-08-10 00:00:00+08:00,225.84954346143283,229.67750182518594,225.84954346143283,227.49009704589844,152000,0.0,0.0
2011-08-11 00:00:00+08:00,222.8418951661047,228.03698229267647,221.4747669749016,224.75587463378906,115000,0.0,0.0
2011-08-12 00:00:00+08:00,225.84955328964602,228.036958164122,219.83418988483706,224.20899963378906,294000,0.0,0.0
2011-08-15 00:00:00+08:00,221.47471230523544,224.7558191542019,218.19360545626898,219.2873077392578,318000,0.0,0.0
2011-08-16 00:00:00+08:00,223.115258971257,223.115258971257,218.7404499718206,219.8341522216797,155000,0.0,0.0
2011-08-17 00:00:00+08:00,219.83417719060722,219.83417719060722,216.55307006835938,216.55307006835938,155000,0.0,0.0
2011-08-18 00:00:00+08:00,219.28734500885008,219.5607706260681,217.37336568832396,218.74049377441406,136000,0.0,0.0
2011-08-19 00:00:00+08:00,213.27197265625,216.55307992788462,213.27197265625,213.27197265625,110000,0.0,0.0
2011-08-22 00:00:00+08:00,213.27196784641433,213.27196784641433,198.78041105685026,201.24124145507812,395000,0.0,0.0
2011-08-23 00:00:00+08:00,201.2412396206882,202.60836760724177,191.39791811750234,200.1475372314453,395000,0.0,0.0
2011-08-24 00:00:00+08:00,200.69443250058302,202.88183775944498,196.86647329757463,201.51470947265625,171000,0.0,0.0
2011-08-25 00:00:00+08:00,201.7880859375,203.70206507240854,201.5146603467988,201.7880859375,111000,0.0,0.0
2011-08-26 00:00:00+08:00,201.78809627409902,203.42864990234372,201.78809627409902,203.42864990234375,100000,0.0,0.0
2011-08-29 00:00:00+08:00,205.88948473470467,217.6467859878153,204.24893107147992,215.45938110351562,262000,0.0,0.0
2011-08-30 00:00:00+08:00,216.00622714097332,218.46705757675656,214.3656735171178,214.63909912109375,120000,0.0,0.0
2011-08-31 00:00:00+08:00,214.63907526827407,214.63907526827407,209.71741494365125,214.09222412109375,94000,0.0,0.0
2011-09-01 00:00:00+08:00,217.6467632748837,226.39638189899966,215.1859330368511,222.2949981689453,267000,0.0,0.0
2011-09-02 00:00:00+08:00,222.29502354374637,222.29502354374637,219.56076741159697,221.47474670410156,83000,0.0,0.0
2011-09-05 00:00:00+08:00,218.74047667536902,218.74047667536902,216.82649750445955,217.6467742919922,35000,0.0,0.0
2011-09-06 00:00:00+08:00,215.45938636779783,225.8495598220825,215.45938636779783,218.74049377441406,112000,0.0,0.0
2011-09-07 00:00:00+08:00,218.74050218231824,224.20901473687618,212.1782871168487,214.36569213867188,262000,0.0,0.0
2011-09-08 00:00:00+08:00,214.36569205899153,214.6391176866178,207.80347699596118,209.44403076171875,254000,0.0,0.0
2011-09-09 00:00:00+08:00,207.80344296256595,209.17057087679336,205.8894638826476,207.256591796875,177000,0.0,0.0
2011-09-13 00:00:00+08:00,205.06922753302607,205.06922753302607,199.05386352539062,199.05386352539062,222000,0.0,0.0
2011-09-14 00:00:00+08:00,200.69438575714153,207.25660000533145,200.69438575714153,205.34262084960938,330000,0.0,0.0
2011-09-15 00:00:00+08:00,207.53001926452154,211.6314030444528,207.53001926452154,208.3502960205078,208000,0.0,0.0
2011-09-16 00:00:00+08:00,210.5377165965545,213.8188238681891,209.9908653846154,213.27197265625,75000,0.0,0.0
2011-09-19 00:00:00+08:00,214.91252446912,214.91252446912,209.4440123961144,212.1782684326172,42000,0.0,0.0
2011-09-20 00:00:00+08:00,211.0845845671623,211.9048614501953,208.3503282903856,211.9048614501953,43000,0.0,0.0
2011-09-21 00:00:00+08:00,212.72514345245955,213.8188459894902,210.2643127441406,210.26431274414062,47000,0.0,0.0
2011-09-22 00:00:00+08:00,210.53773837839827,210.81116401265592,207.25663076730635,210.26431274414062,39000,0.0,0.0
2011-09-23 00:00:00+08:00,206.7097607876392,209.17059127320633,202.88180225453476,205.61605834960938,77000,0.0,0.0
2011-09-26 00:00:00+08:00,205.6160651041667,210.2643006184896,202.60838330078127,205.0692138671875,85000,0.0,0.0
2011-09-27 00:00:00+08:00,209.99088193516042,209.99088193516042,203.42866687468666,204.52236938476562,61000,0.0,0.0
2011-09-28 00:00:00+08:00,209.99086810172872,210.53771932074363,204.79578152108698,205.61605834960938,228000,0.0,0.0
2011-09-29 00:00:00+08:00,205.61602054058307,205.61602054058307,203.42861606674705,203.70204162597656,145000,0.0,0.0
2011-09-30 00:00:00+08:00,203.7020857747396,205.6160651041667,203.7020857747396,205.0692138671875,213000,0.0,0.0
2011-10-03 00:00:00+08:00,202.60838330078127,205.6160651041667,202.33495768229167,205.0692138671875,100000,0.0,0.0
2011-10-04 00:00:00+08:00,205.0691952559348,207.25660000533145,202.88179050653818,205.34262084960938,79000,0.0,0.0
2011-10-05 00:00:00+08:00,203.97550964355472,206.98319142114065,203.97550964355472,203.9755096435547,35000,0.0,0.0
2011-10-06 00:00:00+08:00,205.6160651041667,206.16291634114586,204.24893701171877,205.0692138671875,117000,0.0,0.0
2011-10-07 00:00:00+08:00,207.80346362621756,211.08457094663152,206.70976118607956,210.5377197265625,88000,0.0,0.0
2011-10-11 00:00:00+08:00,216.006239097537,216.006239097537,211.63142919176408,214.91253662109375,238000,0.0,0.0
2011-10-12 00:00:00+08:00,214.91255193879707,216.00625449319298,212.17829555280727,212.45172119140625,48000,0.0,0.0
2011-10-13 00:00:00+08:00,210.5376805861791,211.63138282299045,209.71740390857062,209.99082946777344,61000,0.0,0.0
2011-10-14 00:00:00+08:00,208.35031802528783,209.99087171052633,207.803466796875,207.803466796875,46000,0.0,0.0
2011-10-17 00:00:00+08:00,209.99086830650458,209.99086830650458,208.07688903808594,208.07688903808594,244000,0.0,0.0
2011-10-18 00:00:00+08:00,210.53770934099927,210.53770934099927,208.89715576171875,208.89715576171875,18000,0.0,0.0
2011-10-19 00:00:00+08:00,209.99087512351775,209.99087512351775,207.53004455566403,207.53004455566406,40000,0.0,0.0
2011-10-20 00:00:00+08:00,205.0692430183069,207.25664827716886,201.24128381529852,201.51470947265625,272000,0.0,0.0
2011-10-21 00:00:00+08:00,202.33497619628906,204.24895570084857,200.69442233523807,202.33497619628906,336000,0.0,0.0
2011-10-24 00:00:00+08:00,206.7097488179823,208.0768767863552,204.52234406858565,205.34262084960938,191000,0.0,0.0
2011-10-25 00:00:00+08:00,207.53004443359376,207.53004443359376,203.7020857747396,205.0692138671875,164000,0.0,0.0
2011-10-26 00:00:00+08:00,205.34262300661098,208.89715576171875,205.34262300661098,208.89715576171875,80,0.0,0.0
2011-10-27 00:00:00+08:00,206.16290690104168,214.3656750801282,206.16290690104168,213.27197265625,195000,0.0,0.0
2011-10-28 00:00:00+08:00,215.4593856710472,215.732811287381,206.16291471569744,206.43634033203125,141000,0.0,0.0
2011-10-31 00:00:00+08:00,206.43631504833854,209.99084762532982,206.43631504833854,207.256591796875,96000,0.0,0.0
2011-11-01 00:00:00+08:00,207.25662067458327,210.53772812589594,207.25662067458327,208.62374877929688,71000,0.0,0.0
2011-11-02 00:00:00+08:00,205.6160401672203,210.5377007031378,205.6160401672203,208.3502960205078,75000,0.0,0.0
2011-11-03 00:00:00+08:00,206.98321369064755,207.8034906273344,205.61608546283614,205.88951110839844,32000,0.0,0.0
2011-11-04 00:00:00+08:00,206.1629145727081,208.89717073414985,199.6006997852479,203.9755096435547,162000,0.0,0.0
2011-11-07 00:00:00+08:00,203.42865347354967,205.88948395911683,202.88180225453476,205.61605834960938,24000,0.0,0.0
2011-11-08 00:00:00+08:00,205.61602976965526,208.89713662768168,205.61602976965526,206.70973205566406,52000,0.0,0.0
2011-11-09 00:00:00+08:00,207.80343434167287,210.26426448519268,206.70973205566406,206.70973205566406,62000,0.0,0.0
2011-11-10 00:00:00+08:00,205.06917862665085,208.89713662768168,204.79575305514865,206.70973205566406,196000,0.0,0.0
2011-11-11 00:00:00+08:00,207.80346841370033,207.80346841370033,205.06921225036217,206.43634033203125,56000,0.0,0.0
2011-11-14 00:00:00+08:00,207.53000877017067,208.89713662768168,206.70973205566406,206.70973205566406,56000,0.0,0.0
2011-11-15 00:00:00+08:00,208.35032305730115,208.35032305730115,206.1629180908203,206.1629180908203,54000,0.0,0.0
2011-11-16 00:00:00+08:00,206.16291634114586,206.16291634114586,204.24893701171877,205.0692138671875,18000,0.0,0.0
2011-11-17 00:00:00+08:00,205.3426394856771,206.16291634114586,204.52236263020836,205.0692138671875,23000,0.0,0.0
2011-11-18 00:00:00+08:00,203.97551812972614,205.0692206398051,203.97551812972614,204.52236938476562,37000,0.0,0.0
2011-11-21 00:00:00+08:00,203.428653062202,203.70207867115656,200.69439697265628,200.69439697265625,63000,0.0,0.0
2011-11-22 00:00:00+08:00,200.14754031701762,202.60837073075143,197.13985870023183,197.4132843017578,75000,0.0,0.0
2011-11-23 00:00:00+08:00,195.77272220187714,197.68670132954915,195.2258710225423,196.86642456054688,90000,0.0,0.0
2011-11-24 00:00:00+08:00,196.8664312761142,200.14753846404943,195.7727288801358,196.319580078125,104000,0.0,0.0
2011-11-25 00:00:00+08:00,197.96012691921658,197.96012691921658,196.86642456054685,196.86642456054688,18000,0.0,0.0
2011-11-28 00:00:00+08:00,197.13983766797563,198.23353995739575,189.75734721438985,194.1321563720703,134000,0.0,0.0
2011-11-29 00:00:00+08:00,191.39790241319764,193.5853070122056,185.9293909156777,186.4762420654297,268000,0.0,0.0
2011-11-30 00:00:00+08:00,186.47629466337315,190.85110509535843,185.929443359375,185.929443359375,209000,0.0,0.0
2011-12-01 00:00:00+08:00,185.92943613926025,198.78044128417972,185.92943613926025,198.7804412841797,364000,0.0,0.0
2011-12-02 00:00:00+08:00,198.7803979431842,198.7803979431842,192.76503514435333,193.58531188964844,122000,0.0,0.0
2011-12-05 00:00:00+08:00,194.1322129193474,194.1322129193474,185.929443359375,185.929443359375,181000,0.0,0.0
2011-12-06 00:00:00+08:00,186.47627768412121,188.66368270094375,185.9294264299156,187.2965545654297,208000,0.0,0.0
2011-12-07 00:00:00+08:00,188.93712553136487,188.93712553136487,184.83574075137867,185.929443359375,66000,0.0,0.0
2011-12-08 00:00:00+08:00,185.92940428967322,186.4762554787605,184.28885072241138,185.38255310058594,150000,0.0,0.0
2011-12-09 00:00:00+08:00,181.0077417752863,185.92940242778653,177.72663467361946,184.28884887695312,96000,0.0,0.0
2011-12-12 00:00:00+08:00,183.19514885775445,184.28885123899477,176.6329345703125,176.6329345703125,102000,0.0,0.0
2011-12-13 00:00:00+08:00,174.17210246005192,174.17210246005192,164.3287811279297,164.3287811279297,390000,0.0,0.0
2011-12-14 00:00:00+08:00,164.32880121821367,164.32880121821367,152.8449249267578,152.8449249267578,1088000,0.0,0.0
2011-12-15 00:00:00+08:00,150.9309159399758,162.68821555124202,146.00925563758528,155.30572509765625,674000,0.0,0.0
2011-12-16 00:00:00+08:00,155.3057298762094,157.4931345223532,150.93092058392182,153.66517639160156,280000,0.0,0.0
2011-12-19 00:00:00+08:00,151.20435391939603,153.1183330829327,148.19667237669557,149.29037475585938,179000,0.0,0.0
2011-12-20 00:00:00+08:00,150.38407598223006,155.03231105804446,149.2903736114502,153.1183319091797,184000,0.0,0.0
2011-12-21 00:00:00+08:00,159.13371276855466,163.50852274157336,157.49315902867266,159.1337127685547,304000,0.0,0.0
2011-12-22 00:00:00+08:00,159.13367292467643,160.5008006989434,155.03228960187548,156.12599182128906,188000,0.0,0.0
2011-12-23 00:00:00+08:00,157.4931349113806,166.78960468045514,157.4931349113806,164.87562561035156,469000,0.0,0.0
2011-12-26 00:00:00+08:00,165.14909009902408,169.52390043277308,164.87566445316477,167.8833465576172,175000,0.0,0.0
2011-12-27 00:00:00+08:00,169.25044768109584,171.16442689558318,166.78961726246922,170.0707244873047,143000,0.0,0.0
2011-12-28 00:00:00+08:00,171.43787129720053,176.0861070421007,171.16444566514758,174.71897888183594,279000,0.0,0.0
2011-12-29 00:00:00+08:00,176.63292407989502,176.63292407989502,173.35181713104248,174.99237060546875,137000,0.0,0.0
2011-12-30 00:00:00+08:00,176.63292407989502,176.63292407989502,170.89098691940308,174.99237060546875,103000,0.0,0.0
2012-01-02 00:00:00+08:00,174.44553940429688,174.44553940429688,170.89100646972656,170.89100646972656,44000,0.0,0.0
2012-01-03 00:00:00+08:00,170.89095860479728,171.16438413856494,167.60985219958516,169.79725646972656,82000,0.0,0.0
2012-01-04 00:00:00+08:00,170.6175628206623,172.25811630932253,164.87562561035156,164.87562561035156,108000,0.0,0.0
2012-01-05 00:00:00+08:00,164.05534696499376,165.4224748563687,157.493133086394,163.78192138671875,192000,0.0,0.0
2012-01-06 00:00:00+08:00,164.60219812154372,165.96932601291869,160.5008144474189,163.78192138671875,153000,0.0,0.0
2012-01-09 00:00:00+08:00,166.78958384195963,167.60986048380533,163.50847727457682,164.05532836914062,158000,0.0,0.0
2012-01-10 00:00:00+08:00,165.6959004346437,166.51617716946865,163.2350702301688,163.78192138671875,134000,0.0,0.0
2012-01-11 00:00:00+08:00,163.7819247293632,164.05535031321855,162.141371226231,163.5084991455078,140000,0.0,0.0
2012-01-12 00:00:00+08:00,162.41476466737944,162.96161572686557,158.03995619149043,158.58680725097656,413000,0.0,0.0
2012-01-13 00:00:00+08:00,157.4931096199913,158.5868117701301,156.39940746985246,156.94625854492188,167000,0.0,0.0
2012-01-16 00:00:00+08:00,161.32108625109075,161.32108625109075,156.6728515625,156.6728515625,171000,0.0,0.0
2012-01-17 00:00:00+08:00,156.67285859351063,167.33645629882812,156.67285859351063,167.33645629882812,286000,0.0,0.0
2012-01-18 00:00:00+08:00,168.43017900422856,170.07073269582818,165.4224972362959,165.6959228515625,153000,0.0,0.0
2012-01-30 00:00:00+08:00,167.60988709984755,173.3518245045732,166.7896103277439,168.15673828125,208000,0.0,0.0
2012-01-31 00:00:00+08:00,168.15674705627245,172.25813113081568,168.15674705627245,171.1644287109375,254000,0.0,0.0
2012-02-01 00:00:00+08:00,170.61757415333435,171.43785095214844,167.8833181572873,171.43785095214844,225000,0.0,0.0
2012-02-02 00:00:00+08:00,174.99237698227614,183.19514465332034,174.99237698227614,183.1951446533203,811000,0.0,0.0
2012-02-03 00:00:00+08:00,185.92942111463432,188.11682606892413,180.46090872890977,181.5546112060547,438000,0.0,0.0
2012-02-06 00:00:00+08:00,188.66367030788112,192.76505444500899,181.82803007933472,182.10145568847656,351000,0.0,0.0
2012-02-07 00:00:00+08:00,182.1014692416004,184.8357255365193,179.36721294668146,181.0077667236328,171000,0.0,0.0
2012-02-08 00:00:00+08:00,189.7573537449379,193.58531188964844,186.20282118199236,193.58531188964844,691000,0.0,0.0
2012-02-09 00:00:00+08:00,193.31189906078836,202.8817950538967,191.3979198621667,201.24124145507812,621000,0.0,0.0
2012-02-10 00:00:00+08:00,204.2489181271782,204.52234372038728,200.1475342290421,202.8817901611328,281000,0.0,0.0
2012-02-13 00:00:00+08:00,202.8817883003049,202.8817883003049,197.1398508955793,201.7880859375,162000,0.0,0.0
2012-02-14 00:00:00+08:00,201.7881130270762,201.7881130270762,198.2335798707727,199.6007080078125,104000,0.0,0.0
2012-02-15 00:00:00+08:00,199.6007080078125,200.14755926262842,195.77274922410103,199.6007080078125,299000,0.0,0.0
2012-02-16 00:00:00+08:00,196.86640132557264,197.96010355515915,188.9370601610704,192.49159240722656,234000,0.0,0.0
2012-02-17 00:00:00+08:00,194.67904484084406,196.86644983905578,188.6636810957618,191.12451171875,171000,0.0,0.0
2012-02-20 00:00:00+08:00,191.94474533368955,193.0384475863032,186.74965963377488,188.3902130126953,264000,0.0,0.0
2012-02-21 00:00:00+08:00,190.8510895201614,196.3196021138623,189.48396137173617,195.7727508544922,272000,0.0,0.0
2012-02-22 00:00:00+08:00,196.86643844729224,203.70207867115656,194.13218235774653,200.69439697265625,375000,0.0,0.0
2012-02-23 00:00:00+08:00,199.32729256694225,200.69442077384855,197.4133130772734,198.7804412841797,167000,0.0,0.0
2012-02-24 00:00:00+08:00,198.78040860814542,198.78040860814542,193.0384710830133,195.2258758544922,136000,0.0,0.0
2012-02-29 00:00:00+08:00,196.8664271105332,203.42864134755098,195.22587355127877,202.8817901611328,358000,0.0,0.0
2012-03-01 00:00:00+08:00,202.88180264559662,211.08457094663152,200.69439776532064,210.5377197265625,464000,0.0,0.0
2012-03-02 00:00:00+08:00,212.1782606914739,212.72511187882304,204.79576966226023,205.34262084960938,458000,0.0,0.0
2012-03-05 00:00:00+08:00,206.70976434004936,211.90485100997122,204.52235942639803,207.803466796875,758000,0.0,0.0
2012-03-06 00:00:00+08:00,205.61604917765968,205.61604917765968,198.78040924489173,200.1475372314453,417000,0.0,0.0
2012-03-07 00:00:00+08:00,199.60070137713763,205.06921374363455,197.41329643053888,202.60838317871094,199000,0.0,0.0
2012-03-08 00:00:00+08:00,205.0692073305709,208.62374025763413,201.51467440350766,208.07688903808594,410000,0.0,0.0
2012-03-09 00:00:00+08:00,208.35031464786002,209.4440170869564,206.70976098921545,208.07688903808594,209000,0.0,0.0
2012-03-12 00:00:00+08:00,208.35031464786002,209.99086830650458,206.70976098921545,208.07688903808594,249000,0.0,0.0
2012-03-13 00:00:00+08:00,208.35030238002977,209.4440047547281,205.3426208496094,205.34262084960938,214000,0.0,0.0
2012-03-14 00:00:00+08:00,207.80348361819492,217.6468065264252,207.25663234551547,216.27967834472656,681000,0.0,0.0
2012-03-15 00:00:00+08:00,217.92021843131263,218.19364405042344,214.91253662109378,214.91253662109375,273000,0.0,0.0
2012-03-16 00:00:00+08:00,214.36568389892577,222.29502679824827,214.36568389892577,218.74049377441406,494000,0.0,0.0
2012-03-19 00:00:00+08:00,214.91252988244074,218.1936372088902,214.09225305082836,215.45938110351562,127000,0.0,0.0
2012-03-20 00:00:00+08:00,216.00621119584187,223.1152763744392,215.45936002825744,220.92787170410156,389000,0.0,0.0
2012-03-21 00:00:00+08:00,218.74049377441403,225.8495598220825,217.64679130554197,218.74049377441406,302000,0.0,0.0
2012-03-22 00:00:00+08:00,219.28732006655537,225.57610854726707,218.1936177220838,222.02157592773438,208000,0.0,0.0
2012-03-23 00:00:00+08:00,223.1152868622351,225.30269163539427,222.5684356689453,222.5684356689453,122000,0.0,0.0
2012-03-26 00:00:00+08:00,222.56845241546628,222.84187803268432,218.19364253997801,218.74049377441406,259000,0.0,0.0
2012-03-27 00:00:00+08:00,219.28732786705746,222.02158382549956,217.6467742919922,217.6467742919922,145000,0.0,0.0
2012-03-28 00:00:00+08:00,216.5530767899525,219.8341840140427,216.0062255859375,216.0062255859375,73000,0.0,0.0
2012-03-29 00:00:00+08:00,213.81881682283665,215.45937040459756,204.52234652619157,211.3579864501953,363000,0.0,0.0
2012-03-30 00:00:00+08:00,210.53773327222382,211.08458452747635,205.06922071969854,209.44403076171875,161000,0.0,0.0
2012-04-02 00:00:00+08:00,209.44403076171878,211.6314357827289,207.5300513683349,209.44403076171875,71000,0.0,0.0
2012-04-03 00:00:00+08:00,211.08457032892937,211.08457032892937,202.33495083342973,203.1552276611328,193000,0.0,0.0
2012-04-05 00:00:00+08:00,197.4133146131361,203.97553005734005,194.13220689103412,202.33497619628906,183000,0.0,0.0
2012-04-06 00:00:00+08:00,198.5069959138569,207.803466796875,198.5069959138569,207.803466796875,137000,0.0,0.0
2012-04-09 00:00:00+08:00,205.6160618832237,208.89716925370067,202.60838012695314,207.803466796875,105000,0.0,0.0
2012-04-10 00:00:00+08:00,207.80342499415082,210.81110614538196,207.80342499415082,209.99082946777344,78000,0.0,0.0
2012-04-11 00:00:00+08:00,208.89717264891613,208.89717264891613,207.25661893701363,207.53004455566406,40000,0.0,0.0
2012-04-12 00:00:00+08:00,207.80347017431447,209.99087512351775,207.53004455566403,207.53004455566406,68000,0.0,0.0
2012-04-13 00:00:00+08:00,210.53772293893914,210.53772293893914,207.53004118266858,207.803466796875,72000,0.0,0.0
2012-04-16 00:00:00+08:00,209.71743034840267,209.71743034840267,203.9754928812365,205.34262084960938,74000,0.0,0.0
2012-04-17 00:00:00+08:00,205.3426205000145,207.80345083889617,202.06151338150562,202.8817901611328,129000,0.0,0.0
2012-04-18 00:00:00+08:00,207.53004118266858,207.803466796875,202.0615288985403,207.803466796875,69000,0.0,0.0
2012-04-19 00:00:00+08:00,205.06920353058845,205.61605474000334,203.42864990234372,203.42864990234375,98000,0.0,0.0
2012-04-20 00:00:00+08:00,202.334939800151,202.334939800151,194.13217197041516,196.59300231933594,331000,0.0,0.0
2012-04-23 00:00:00+08:00,194.13219164534195,196.31959662162748,182.92174114187853,185.10914611816406,253000,0.0,0.0
2012-04-24 00:00:00+08:00,181.2811745021654,189.75736818175383,181.2811745021654,188.66366577148438,265000,0.0,0.0
2012-04-25 00:00:00+08:00,191.3979241017545,196.04615940136856,189.75737046659663,194.6790313720703,169000,0.0,0.0
2012-04-26 00:00:00+08:00,194.67905522489,194.67905522489,185.38258348662276,190.3042449951172,136000,0.0,0.0
2012-04-27 00:00:00+08:00,190.30418722970145,190.30418722970145,181.55456942603703,183.74197387695312,147000,0.0,0.0
2012-04-30 00:00:00+08:00,184.83570191149866,186.4762554787605,183.19514834423683,185.38255310058594,95000,0.0,0.0
2012-05-02 00:00:00+08:00,187.56995414379782,195.225870639463,187.56995414379782,194.4055938720703,349000,0.0,0.0
2012-05-03 00:00:00+08:00,194.13217212598232,194.13217212598232,183.46857393878048,185.38255310058594,332000,0.0,0.0
2012-05-04 00:00:00+08:00,183.7420031489158,189.48394074731942,183.7420031489158,187.56996154785156,109000,0.0,0.0
2012-05-07 00:00:00+08:00,185.3825567484597,187.56996154785156,184.28885434876378,187.56996154785156,186000,0.0,0.0
2012-05-08 00:00:00+08:00,187.56996154785156,189.21051514739545,186.7496847480796,187.56996154785156,136000,0.0,0.0
2012-05-09 00:00:00+08:00,187.5699317108813,193.58529395233813,187.29650615445144,190.03076171875,394000,0.0,0.0
2012-05-10 00:00:00+08:00,190.03077453881764,190.03077453881764,185.9293909156777,186.4762420654297,243000,0.0,0.0
2012-05-11 00:00:00+08:00,185.92939905237267,185.92939905237267,183.74199435763887,184.56227111816406,127000,0.0,0.0
2012-05-14 00:00:00+08:00,183.46858008944156,184.56228250428174,176.90636560040042,179.91404724121094,221000,0.0,0.0
2012-05-15 00:00:00+08:00,175.26583345924936,179.64064365480004,174.1721309103617,179.36721801757812,209000,0.0,0.0
2012-05-16 00:00:00+08:00,179.91403343118898,182.10143809296636,178.27347993485594,178.54690551757812,282000,0.0,0.0
2012-05-17 00:00:00+08:00,180.18746239129752,181.0077391548391,176.08607857358967,178.2734832763672,384000,0.0,0.0
2012-05-18 00:00:00+08:00,176.6329583062066,178.27351209852432,173.8987019856771,174.71897888183594,221000,0.0,0.0
2012-05-21 00:00:00+08:00,175.53922410763423,180.46088459663332,175.53922410763423,178.54690551757812,274000,0.0,0.0
2012-05-22 00:00:00+08:00,180.73435813868971,182.1014864150792,178.54695289646654,179.64065551757812,270000,0.0,0.0
2012-05-23 00:00:00+08:00,178.00008983146853,181.00777184090964,178.00008983146853,179.36721801757812,97000,0.0,0.0
2012-05-24 00:00:00+08:00,180.4608913720478,181.82801933698755,178.00006103515625,178.00006103515625,146000,0.0,0.0
2012-05-25 00:00:00+08:00,177.72663022265021,182.101439581977,177.17977905273438,177.17977905273438,275000,0.0,0.0
2012-05-28 00:00:00+08:00,177.17980261694026,177.17980261694026,166.7896290066876,172.80499267578125,159000,0.0,0.0
2012-05-29 00:00:00+08:00,174.99240944602275,182.37490171952683,174.99240944602275,180.46092224121094,453000,0.0,0.0
2012-05-30 00:00:00+08:00,182.9217408635066,182.9217408635066,177.72665405273438,177.72665405273438,298000,0.0,0.0
2012-05-31 00:00:00+08:00,174.44554659329927,177.72665405273438,174.44554659329927,177.72665405273438,162000,0.0,0.0
2012-06-01 00:00:00+08:00,176.0861017418525,176.0861017418525,168.70360989863818,168.97703552246094,195000,0.0,0.0
2012-06-04 00:00:00+08:00,159.13368365256378,162.41479053199808,157.21970463956043,157.7665557861328,450000,0.0,0.0
2012-06-05 00:00:00+08:00,163.50847727457682,166.24273274739585,161.32107289632162,164.05532836914062,271000,0.0,0.0
2012-06-06 00:00:00+08:00,168.430157183828,168.97700834351573,166.24275254507697,168.70358276367188,171000,0.0,0.0
2012-06-07 00:00:00+08:00,170.617561822579,172.80496646133003,168.70358276367188,168.70358276367188,201000,0.0,0.0
2012-06-08 00:00:00+08:00,172.2581329345703,173.07840975806826,170.34415367974177,172.2581329345703,272000,0.0,0.0
2012-06-11 00:00:00+08:00,174.99242665816325,176.63298065808354,173.35187265824297,174.17214965820312,305000,0.0,0.0
2012-06-12 00:00:00+08:00,174.1721259169691,174.1721259169691,172.53157214067113,173.62527465820312,92000,0.0,0.0
2012-06-13 00:00:00+08:00,177.72665570872698,177.72665570872698,176.08610196372337,176.35952758789062,254000,0.0,0.0
2012-06-14 00:00:00+08:00,176.90638223494062,176.90638223494062,173.8987003113172,176.0861053466797,99000,0.0,0.0
2012-06-15 00:00:00+08:00,177.7266354421683,179.09376340710804,174.99237951228878,178.00006103515625,152000,0.0,0.0
2012-06-18 00:00:00+08:00,180.4609102689303,180.4609102689303,176.632951566256,177.72665405273438,337000,0.0,0.0
2012-06-19 00:00:00+08:00,179.3671905234133,179.3671905234133,175.81265778438225,176.6329345703125,213000,0.0,0.0
2012-06-20 00:00:00+08:00,179.36720465188247,184.83571698883011,178.8203534181877,182.92173767089844,388000,0.0,0.0
2012-06-21 00:00:00+08:00,180.46090872890977,183.19516492177206,179.36720625176488,181.5546112060547,266000,0.0,0.0
2012-06-22 00:00:00+08:00,179.91407096169212,182.64832735928624,178.27351712313566,180.46092224121094,92000,0.0,0.0
2012-06-25 00:00:00+08:00,180.46092224121094,182.37490171952683,178.82036840265448,180.46092224121094,93000,0.0,0.0
2012-06-26 00:00:00+08:00,181.28118713378905,182.10146399864783,177.72665405273438,177.72665405273438,162000,0.0,0.0
2012-06-27 00:00:00+08:00,177.72662301145365,179.6406020285001,174.9923672728159,175.2657928466797,223000,0.0,0.0
2012-06-28 00:00:00+08:00,176.08608337969233,181.28116969058388,176.08608337969233,176.6329345703125,437000,0.0,0.0
2012-06-29 00:00:00+08:00,177.7266525360475,182.10146244462715,177.7266525360475,181.5546112060547,255000,0.0,0.0
2012-07-02 00:00:00+08:00,184.28885586776397,188.11681429825165,182.64830225469782,186.2028350830078,257000,0.0,0.0
2012-07-03 00:00:00+08:00,187.02310139973957,187.02310139973957,184.28884553132232,184.56227111816406,206000,0.0,0.0
2012-07-04 00:00:00+08:00,186.47627422834253,187.56997671648531,184.83572049612837,185.10914611816406,242000,0.0,0.0
2012-07-05 00:00:00+08:00,185.92940948083012,187.56996309389626,185.10913267429706,186.2028350830078,120000,0.0,0.0
2012-07-06 00:00:00+08:00,185.92940948083012,187.56996309389626,185.38255827647473,186.2028350830078,108000,0.0,0.0
2012-07-09 00:00:00+08:00,186.202845073067,187.02312192360915,182.92173767089844,182.92173767089844,114000,0.0,0.0
2012-07-10 00:00:00+08:00,186.202845073067,186.202845073067,182.92173767089844,182.92173767089844,71000,0.0,0.0
2012-07-11 00:00:00+08:00,184.56228815227615,185.92941621266337,182.64830886773402,185.65599060058594,103000,0.0,0.0
2012-07-12 00:00:00+08:00,187.0230932151817,187.5699443649337,184.8356886161737,186.4762420654297,106000,0.0,0.0
2012-07-13 00:00:00+08:00,187.5699633612149,190.30421938688858,185.9294097458107,188.66366577148438,300000,0.0,0.0
2012-07-16 00:00:00+08:00,190.30420590271524,190.5776314859088,188.11680123716678,189.75735473632812,155000,0.0,0.0
2012-07-17 00:00:00+08:00,189.75736570225453,196.319580078125,189.75736570225453,196.319580078125,207000,0.0,0.0
2012-07-18 00:00:00+08:00,196.5930261063249,200.69441051744437,196.5930261063249,199.6007080078125,144000,0.0,0.0
2012-07-19 00:00:00+08:00,200.14755236360543,200.4209779815885,194.13218876797794,197.6867218017578,82000,0.0,0.0
2012-07-20 00:00:00+08:00,199.60068603682387,201.78809081530963,199.32726043951317,200.1475372314453,165000,0.0,0.0
2012-07-23 00:00:00+08:00,200.14753163655598,200.14753163655598,196.319573381212,196.86642456054688,127000,0.0,0.0
2012-07-24 00:00:00+08:00,191.7233289975172,196.29497320610182,191.7233289975172,195.4377899169922,162000,15.5,0.0
2012-07-25 00:00:00+08:00,194.29487886484605,197.15215649521141,194.29487886484605,195.4377899169922,64000,0.0,0.0
2012-07-26 00:00:00+08:00,196.58070096913835,196.58070096913835,194.5806066278826,195.4377899169922,91000,0.0,0.0
2012-07-27 00:00:00+08:00,196.58068442516685,198.5807785980973,194.58059025223636,198.0093231201172,72000,0.0,0.0
2012-07-30 00:00:00+08:00,198.00937649226924,198.00937649226924,194.58064270019534,194.5806427001953,62000,0.0,0.0
2012-07-31 00:00:00+08:00,194.58064270019534,194.58064270019534,193.43773143617068,194.5806427001953,37000,0.0,0.0
2012-08-01 00:00:00+08:00,194.29486274719238,205.72397232055664,194.29486274719238,201.15232849121094,205000,0.0,0.0
2012-08-02 00:00:00+08:00,201.15232849121094,201.15232849121094,201.15232849121094,201.15232849121094,0,0.0,0.0
2012-08-03 00:00:00+08:00,200.00941323004344,204.0096014946443,198.86650229730031,199.43795776367188,89000,0.0,0.0
2012-08-06 00:00:00+08:00,201.4380604918574,205.72397667253523,197.72359980193661,202.86669921875,142000,0.0,0.0
2012-08-07 00:00:00+08:00,204.5811004638672,205.72401163964298,201.7238225244277,204.5811004638672,136000,0.0,0.0
2012-08-08 00:00:00+08:00,206.2954392751058,208.5812613169352,203.43816172281902,205.72398376464844,172000,0.0,0.0
2012-08-09 00:00:00+08:00,207.43834331792866,207.43834331792866,203.7238826249079,206.00970458984375,107000,0.0,0.0
2012-08-10 00:00:00+08:00,206.0097115198771,206.58116703033448,203.15243396759033,205.72398376464844,121000,0.0,0.0
2012-08-13 00:00:00+08:00,205.72398792613635,208.00981001420453,205.72398792613635,207.4383544921875,76000,0.0,0.0
2012-08-14 00:00:00+08:00,207.43834169032212,207.43834169032212,202.0095145661952,202.2952423095703,124000,0.0,0.0
2012-08-15 00:00:00+08:00,200.00941704445222,200.58087252172209,194.29486227175357,194.86631774902344,288000,0.0,0.0
2012-08-16 00:00:00+08:00,196.00924956833106,198.8665272588315,194.58061072308084,197.15216064453125,129000,0.0,0.0
2012-08-17 00:00:00+08:00,198.58080223589192,201.15235219290346,197.1521633708855,198.29507446289062,204000,0.0,0.0
2012-08-20 00:00:00+08:00,198.29506193602452,199.15224520087764,195.7235121414651,196.2949676513672,51000,0.0,0.0
2012-08-21 00:00:00+08:00,196.58070782488292,200.86662441990217,196.58070782488292,198.29507446289062,177000,0.0,0.0
2012-08-22 00:00:00+08:00,200.00941610743857,201.15232705662393,198.8665051582532,200.58087158203125,108000,0.0,0.0
2012-08-23 00:00:00+08:00,201.15231424235614,201.15231424235614,198.29503705141357,198.5807647705078,83000,0.0,0.0
2012-08-24 00:00:00+08:00,198.58081188229272,200.0094508166977,196.00926180036373,199.1522674560547,200000,0.0,0.0
2012-08-27 00:00:00+08:00,201.15231424235614,201.15231424235614,198.58076477050784,198.5807647705078,103000,0.0,0.0
2012-08-28 00:00:00+08:00,199.15225629955742,200.8666229248047,196.86643413256107,200.8666229248047,283000,0.0,0.0
2012-08-29 00:00:00+08:00,201.15232849121094,202.29523944854736,199.4379620552063,201.15232849121094,178000,0.0,0.0
2012-08-30 00:00:00+08:00,201.72378396987915,201.72378396987915,199.7236897945404,201.15232849121094,165000,0.0,0.0
2012-08-31 00:00:00+08:00,201.15233133606992,202.58097005294542,201.15233133606992,202.2952423095703,142000,0.0,0.0
2012-09-03 00:00:00+08:00,202.2952781123156,204.86682825781114,202.2952781123156,204.5811004638672,115000,0.0,0.0
2012-09-04 00:00:00+08:00,204.5811004638672,207.15265060936272,204.5811004638672,204.5811004638672,179000,0.0,0.0
2012-09-05 00:00:00+08:00,204.58106425657112,204.58106425657112,202.2952423095703,202.2952423095703,164000,0.0,0.0
2012-09-06 00:00:00+08:00,202.29527148714146,204.29536597924596,201.72381591796875,201.72381591796875,70000,0.0,0.0
2012-09-07 00:00:00+08:00,209.15272105823863,211.4385431463068,206.2954434481534,207.4383544921875,318000,0.0,0.0
2012-09-10 00:00:00+08:00,207.438344741758,207.438344741758,205.72397825628892,206.58116149902344,145000,0.0,0.0
2012-09-11 00:00:00+08:00,206.5811769319499,206.5811769319499,200.295166015625,200.295166015625,441000,0.0,0.0
2012-09-12 00:00:00+08:00,200.58090055441554,203.43817834009099,200.295172775848,203.15245056152344,93000,0.0,0.0
2012-09-13 00:00:00+08:00,203.1524297890543,204.00961303710938,202.58097429035092,204.00961303710938,186000,0.0,0.0
2012-09-14 00:00:00+08:00,205.4382615351415,208.29553916428114,202.8667116689158,208.0098114013672,269000,0.0,0.0
2012-09-17 00:00:00+08:00,209.7241640273839,209.7241640273839,205.72397561269264,208.5812530517578,141000,0.0,0.0
2012-09-18 00:00:00+08:00,208.58127952280626,209.72419064347918,206.0097295012922,206.86691284179688,147000,0.0,0.0
2012-09-19 00:00:00+08:00,208.00979756394477,209.7241640273839,207.15261433222523,208.5812530517578,81000,0.0,0.0
2012-09-20 00:00:00+08:00,208.5812849034377,209.15274047851562,206.86691817820397,209.15274047851562,111000,0.0,0.0
2012-09-21 00:00:00+08:00,209.72422149984595,214.29586665515595,209.4384936776391,213.7244110107422,281000,0.0,0.0
2012-09-24 00:00:00+08:00,213.72439047323692,213.72439047323692,211.43856811523438,211.43856811523438,75000,0.0,0.0
2012-09-25 00:00:00+08:00,214.86729697575646,218.58175822666715,214.86729697575646,216.0102081298828,299000,0.0,0.0
2012-09-26 00:00:00+08:00,216.0102081298828,217.1531192840092,213.72438582163008,216.0102081298828,107000,0.0,0.0
2012-09-27 00:00:00+08:00,215.43875255281964,216.581663706946,214.29584139869328,216.0102081298828,86000,0.0,0.0
2012-09-28 00:00:00+08:00,214.29585525148428,216.86740551450208,213.15294402347635,215.4387664794922,113000,0.0,0.0
2012-10-01 00:00:00+08:00,217.1530818939209,220.01035928726196,216.01017093658447,219.43890380859375,182000,0.0,0.0
2012-10-02 00:00:00+08:00,219.43890380859375,219.72463154792786,217.7245373725891,219.43890380859375,118000,0.0,0.0
2012-10-03 00:00:00+08:00,219.43893160994764,220.0103871610152,217.43883718121114,218.2960205078125,63000,0.0,0.0
2012-10-04 00:00:00+08:00,218.8674663288051,219.4389218544678,217.43882751464844,217.43882751464844,101000,0.0,0.0
2012-10-05 00:00:00+08:00,218.01029408507182,220.0103885262193,217.72456630776506,218.8674774169922,139000,0.0,0.0
2012-10-08 00:00:00+08:00,222.29617741643165,225.15345476111585,220.58181100962113,224.0105438232422,264000,0.0,0.0
2012-10-09 00:00:00+08:00,224.01054237931586,226.2963642403293,223.15335918143583,223.4390869140625,193000,0.0,0.0
2012-10-11 00:00:00+08:00,223.4390946451823,238.86839274088544,222.86763916015627,235.7253875732422,685000,0.0,0.0
2012-10-12 00:00:00+08:00,237.1540222167969,239.43984411768167,232.0109229398061,237.15402221679688,428000,0.0,0.0
2012-10-15 00:00:00+08:00,240.0113206561272,250.29752011281835,236.01113197852507,236.29685974121094,654000,0.0,0.0
2012-10-16 00:00:00+08:00,237.15404302926854,237.72549855464027,232.58239882629468,236.29685974121094,306000,0.0,0.0
2012-10-17 00:00:00+08:00,237.72547366205092,245.15439471399,236.0111072654496,238.58265686035156,555000,0.0,0.0
2012-10-18 00:00:00+08:00,240.01132351014675,240.58277904231375,233.72531265630957,234.29676818847656,283000,0.0,0.0
2012-10-19 00:00:00+08:00,234.2967681884766,236.86831808322816,232.58240159197553,234.29676818847656,253000,0.0,0.0
2012-10-22 00:00:00+08:00,232.01095544462865,240.01133321858137,232.01095544462865,238.29696655273438,292000,0.0,0.0
2012-10-23 00:00:00+08:00,240.0113010406494,240.0113010406494,236.01111268997192,237.72547912597656,103000,0.0,0.0
2012-10-24 00:00:00+08:00,236.0110832575894,237.72544947979952,234.582444739081,235.15390014648438,173000,0.0,0.0
2012-10-25 00:00:00+08:00,236.58258327907984,240.011316370081,230.58230036982783,231.43948364257812,390000,0.0,0.0
2012-10-26 00:00:00+08:00,232.01091436012504,233.153825268303,220.86753300538996,221.72471618652344,449000,0.0,0.0
2012-10-29 00:00:00+08:00,221.72476115125292,221.72476115125292,212.5814720316136,214.86729431152344,334000,0.0,0.0
2012-10-30 00:00:00+08:00,217.72456630776506,222.29621074467352,216.01019964392438,218.8674774169922,421000,0.0,0.0
2012-10-31 00:00:00+08:00,219.43889948326773,221.15326588548075,217.72453308105472,217.7245330810547,288000,0.0,0.0
2012-11-01 00:00:00+08:00,216.01017512831575,221.15327453613278,213.72435316928596,221.1532745361328,339000,0.0,0.0
2012-11-02 00:00:00+08:00,222.86767474675582,222.86767474675582,218.29603013656597,219.15321350097656,182000,0.0,0.0
2012-11-05 00:00:00+08:00,219.15317891175266,222.86763957127388,218.2959956826324,220.58181762695312,265000,0.0,0.0
2012-11-06 00:00:00+08:00,225.72492456320703,236.01112365722656,222.86764703709048,236.01112365722656,785000,0.0,0.0
2012-11-07 00:00:00+08:00,235.43968315844268,244.01151628314327,234.29677207514928,242.29714965820312,632000,0.0,0.0
2012-11-08 00:00:00+08:00,240.58276225498744,244.01149520874023,238.2969402858189,240.0113067626953,331000,0.0,0.0
2012-11-09 00:00:00+08:00,240.01131651831454,248.0116937355917,234.8682168786364,244.01150512695312,595000,0.0,0.0
2012-11-12 00:00:00+08:00,245.7258856688307,250.86898560143413,242.86860792849546,243.4400634765625,386000,0.0,0.0
2012-11-13 00:00:00+08:00,245.7258587704891,246.86876974151465,232.01092711818274,238.86839294433594,386000,0.0,0.0
2012-11-14 00:00:00+08:00,238.86839471861373,248.29741029961164,237.72548373909882,245.72586059570312,644000,0.0,0.0
2012-11-15 00:00:00+08:00,245.72586041597654,245.72586041597654,242.5828552246094,242.58285522460938,161000,0.0,0.0
2012-11-16 00:00:00+08:00,245.7258799775368,250.29752425618864,244.86869667528958,247.44024658203125,420000,0.0,0.0
2012-11-19 00:00:00+08:00,248.58315920998862,249.1546147484024,238.86841505695457,241.72569274902344,201000,0.0,0.0
2012-11-20 00:00:00+08:00,244.01149520874023,244.8686784471784,237.15402930123463,240.0113067626953,291000,0.0,0.0
2012-11-21 00:00:00+08:00,240.0113010406494,240.0113010406494,233.72529077529907,237.72547912597656,172000,0.0,0.0
2012-11-22 00:00:00+08:00,239.4398455619812,242.86857843399048,237.15402364730835,237.72547912597656,162000,0.0,0.0
2012-11-23 00:00:00+08:00,238.868402745864,244.01150232651656,238.868402745864,242.86859130859375,234000,0.0,0.0
2012-11-26 00:00:00+08:00,244.0114912942191,245.725857743593,242.86858032796982,244.58294677734375,213000,0.0,0.0
2012-11-27 00:00:00+08:00,244.58296342329544,249.44033536044032,244.58296342329544,245.1544189453125,271000,0.0,0.0
2012-11-28 00:00:00+08:00,245.1544438272403,247.72599393731625,245.1544438272403,246.01162719726562,126000,0.0,0.0
2012-11-29 00:00:00+08:00,246.86882457799769,247.72600799667129,245.15445774065049,245.440185546875,144000,0.0,0.0
2012-11-30 00:00:00+08:00,247.4402753557478,260.0122985839844,246.2973641531808,260.0122985839844,745000,0.0,0.0
2012-12-03 00:00:00+08:00,260.5837265493624,262.8695487120761,253.72626006122127,254.86917114257812,368000,0.0,0.0
2012-12-04 00:00:00+08:00,254.86917114257812,256.01208222393495,251.44043789850758,254.86917114257812,324000,0.0,0.0
2012-12-05 00:00:00+08:00,256.0120464266005,262.2980564951107,256.0120464266005,258.86932373046875,536000,0.0,0.0
2012-12-06 00:00:00+08:00,258.8693402650763,260.583706756898,255.4406072814329,256.29779052734375,211000,0.0,0.0
2012-12-07 00:00:00+08:00,260.01225125962407,262.2980732487197,256.0120627787068,256.29779052734375,385000,0.0,0.0
2012-12-10 00:00:00+08:00,260.01227100868397,261.72663763071927,253.72626006122127,254.86917114257812,267000,0.0,0.0
2012-12-11 00:00:00+08:00,255.44061265297987,255.72634040762526,248.58314654149046,249.15460205078125,295000,0.0,0.0
2012-12-12 00:00:00+08:00,251.44043525513115,252.86907409180802,250.29752418578965,250.583251953125,212000,0.0,0.0
2012-12-13 00:00:00+08:00,251.44043525513115,254.5834406958203,250.29752418578965,250.583251953125,263000,0.0,0.0
2012-12-14 00:00:00+08:00,250.5832520236044,252.01189086068308,244.86869667528958,247.44024658203125,331000,0.0,0.0
2012-12-17 00:00:00+08:00,247.44025231303183,247.44025231303183,241.72569683236136,243.4400634765625,289000,0.0,0.0
2012-12-18 00:00:00+08:00,242.86859955847743,254.29771012593517,242.86859955847743,249.44033813476562,361000,0.0,0.0
2012-12-19 00:00:00+08:00,249.72606872135717,251.4404353258516,247.44024658203125,247.44024658203125,104000,0.0,0.0
2012-12-20 00:00:00+08:00,247.44021316138887,247.44021316138887,244.58293587315111,246.29730224609375,201000,0.0,0.0
2012-12-21 00:00:00+08:00,248.58317963064533,250.29754638671875,244.8687183258196,250.29754638671875,168000,0.0,0.0
2012-12-24 00:00:00+08:00,251.15475146980373,259.44085817358564,250.58329583506014,253.15484619140625,367000,0.0,0.0
2012-12-25 00:00:00+08:00,253.1548243135078,253.1548243135078,249.44036300868206,250.29754638671875,71000,0.0,0.0
2012-12-26 00:00:00+08:00,249.15462155105607,250.29753265908843,247.1545271119994,247.72598266601562,128000,0.0,0.0
2012-12-27 00:00:00+08:00,247.44023552290892,252.01187959723518,247.44023552290892,249.15460205078125,99000,0.0,0.0
2012-12-28 00:00:00+08:00,249.72612620910368,255.44068287292757,249.72612620910368,252.58340454101562,204000,0.0,0.0
2013-01-02 00:00:00+08:00,254.86912683405868,256.5834931580546,247.44020609674305,255.44058227539062,119000,0.0,0.0
2013-01-03 00:00:00+08:00,256.0120544433594,257.1549654006958,253.1547770500183,256.0120544433594,70000,0.0,0.0
2013-01-04 00:00:00+08:00,256.0120738636364,256.0120738636364,252.01188520951703,254.58343505859375,86000,0.0,0.0
2013-01-07 00:00:00+08:00,255.1549550397364,255.72641070611877,250.5833097086773,252.58340454101562,83000,0.0,0.0
2013-01-08 00:00:00+08:00,256.01207946227476,256.01207946227476,250.86897965164871,253.72625732421875,414000,0.0,0.0
2013-01-09 00:00:00+08:00,252.5833627765098,255.44064063597258,252.5833627765098,254.2977294921875,172000,0.0,0.0
2013-01-10 00:00:00+08:00,256.58357999986777,256.58357999986777,251.7262071045473,253.15484619140625,445000,0.0,0.0
2013-01-11 00:00:00+08:00,253.15476051006277,256.0120377167226,252.86903278939678,255.44058227539062,215000,0.0,0.0
2013-01-14 00:00:00+08:00,255.44058227539065,256.5834931580546,254.86912683405868,255.44058227539062,92000,0.0,0.0
2013-01-15 00:00:00+08:00,255.44064063597258,256.29782399381145,251.4404516327247,254.2977294921875,85000,0.0,0.0
2013-01-16 00:00:00+08:00,251.72618800076572,252.58337138782846,249.72609343095257,251.44046020507812,56000,0.0,0.0
2013-01-17 00:00:00+08:00,252.58335487515316,252.86908265216127,245.72588822695897,247.72598266601562,98000,0.0,0.0
2013-01-18 00:00:00+08:00,250.8689825649919,251.44043810614224,247.44024931808997,248.58316040039062,59000,0.0,0.0
2013-01-21 00:00:00+08:00,248.58316582264825,250.86898803710938,248.58316582264825,250.86898803710938,31000,0.0,0.0
2013-01-22 00:00:00+08:00,250.86903754186847,254.2977715401628,249.72612620910368,252.58340454101562,101000,0.0,0.0
2013-01-23 00:00:00+08:00,252.58332438151044,260.583701171875,252.58332438151044,257.15496826171875,510000,0.0,0.0
2013-01-24 00:00:00+08:00,257.7264292705285,257.7264292705285,253.7262407896112,256.29779052734375,125000,0.0,0.0
2013-01-25 00:00:00+08:00,256.5834931580546,257.15494859938656,253.44048823072876,255.44058227539062,144000,0.0,0.0
2013-01-28 00:00:00+08:00,256.5834931580546,259.4407703647144,254.86912683405868,255.44058227539062,104000,0.0,0.0
2013-01-29 00:00:00+08:00,257.15496826171875,258.2978792317709,255.44060180664064,257.15496826171875,99000,0.0,0.0
2013-01-30 00:00:00+08:00,258.0121765136719,258.583632054123,257.15499320299523,258.0121765136719,92000,0.0,0.0
2013-01-31 00:00:00+08:00,258.29787399993165,261.1551513671875,257.1549630530293,261.1551513671875,146000,0.0,0.0
2013-02-01 00:00:00+08:00,261.7266078622456,277.72736118133486,261.7266078622456,273.7271728515625,979000,0.0,0.0
2013-02-04 00:00:00+08:00,274.2986368395618,282.2990137473824,273.15572585273037,277.1559143066406,405000,0.0,0.0
2013-02-05 00:00:00+08:00,276.01297677281394,287.4420855418746,275.15579361513437,284.5848083496094,408000,0.0,0.0
2013-02-06 00:00:00+08:00,286.8706663795984,292.0137659760454,280.58465576171875,280.58465576171875,431000,0.0,0.0
2013-02-18 00:00:00+08:00,280.5846447655064,286.87065513703504,280.5846447655064,282.29901123046875,253000,0.0,0.0
2013-02-19 00:00:00+08:00,284.01342701348733,294.29962758942855,282.2990602508305,290.2994384765625,269000,0.0,0.0
2013-02-20 00:00:00+08:00,295.44253476460773,305.72873520128655,290.87089012608385,301.7285461425781,682000,0.0,0.0
2013-02-21 00:00:00+08:00,300.01413785494293,301.72850435697114,294.8710383488582,297.1568603515625,269000,0.0,0.0
2013-02-22 00:00:00+08:00,297.15688815908544,298.8712548215417,290.2994215092604,296.01397705078125,227000,0.0,0.0
2013-02-25 00:00:00+08:00,296.01395761434316,297.72832416423313,294.2995910644531,294.2995910644531,95000,0.0,0.0
2013-02-26 00:00:00+08:00,293.7281355478231,298.29977968086314,293.7281355478231,294.2995910644531,120000,0.0,0.0
2013-02-27 00:00:00+08:00,296.5854384689182,296.5854384689182,292.0137939453125,292.0137939453125,67000,0.0,0.0
2013-03-01 00:00:00+08:00,292.5852433837429,302.8714433464526,292.5852433837429,302.29998779296875,248000,0.0,0.0
2013-03-04 00:00:00+08:00,303.4428596569521,305.15722609569195,296.58539390199275,298.8712158203125,158000,0.0,0.0
2013-03-05 00:00:00+08:00,297.1569067015684,306.8716517283504,297.1569067015684,304.0143737792969,190000,0.0,0.0
2013-03-06 00:00:00+08:00,305.72871807339465,312.0147290992028,304.0143514299925,307.4430847167969,181000,0.0,0.0
2013-03-07 00:00:00+08:00,313.157580801568,328.01542222645986,310.87175904389227,326.3010559082031,656000,0.0,0.0
2013-03-08 00:00:00+08:00,328.0155294619647,333.7300857243683,318.3007838158786,319.4436950683594,433000,0.0,0.0
2013-03-11 00:00:00+08:00,320.01504411368535,334.30143001161775,320.01504411368535,331.44415283203125,314000,0.0,0.0
2013-03-12 00:00:00+08:00,333.15851913978315,342.8732615503772,329.1583310883621,331.44415283203125,326056,0.0,0.0
2013-03-13 00:00:00+08:00,332.58706370386585,340.0159843707907,326.8725093446929,331.44415283203125,278000,0.0,0.0
2013-03-14 00:00:00+08:00,330.8727637513043,333.73004150390625,324.01529714505966,333.73004150390625,296267,0.0,0.0
2013-03-15 00:00:00+08:00,338.87318923819777,342.87337865584936,334.3015441894531,334.3015441894531,370562,0.0,0.0
2013-03-18 00:00:00+08:00,332.58706370386585,336.58725175528696,329.7297865242794,331.44415283203125,174656,0.0,0.0
2013-03-19 00:00:00+08:00,331.44415283203125,336.58725175528696,328.5868756524448,331.44415283203125,234126,0.0,0.0
2013-03-20 00:00:00+08:00,333.15853823148285,333.15853823148285,324.0152507328487,326.8725280761719,246157,0.0,0.0
2013-03-21 00:00:00+08:00,326.8725924178508,329.1584147424511,317.72930311944936,321.7294921875,259000,0.0,0.0
2013-03-22 00:00:00+08:00,321.72949414783056,331.444239086575,321.72949414783056,329.1584167480469,304375,0.0,0.0
2013-03-25 00:00:00+08:00,330.30125281798365,340.0159955479244,327.4439755444717,329.72979736328125,410577,0.0,0.0
2013-03-26 00:00:00+08:00,334.8729245923913,334.8729245923913,328.5869140625,328.5869140625,311330,0.0,0.0
2013-03-27 00:00:00+08:00,330.3012419601967,333.72997457570045,327.4439647806102,331.44415283203125,209505,0.0,0.0
2013-03-28 00:00:00+08:00,331.4442193018247,334.30149705442665,329.7298526502635,333.73004150390625,150652,0.0,0.0
2013-03-29 00:00:00+08:00,337.15876346447794,342.3018632461395,334.87294133929504,341.73040771484375,376986,0.0,0.0
2013-04-01 00:00:00+08:00,342.87329636778037,342.87329636778037,336.58728593437104,338.87310791015625,127533,0.0,0.0
2013-04-02 00:00:00+08:00,337.1587168631242,341.73036048160725,337.1587168631242,341.1589050292969,158106,0.0,0.0
2013-04-03 00:00:00+08:00,342.3018905413406,349.73081304056836,340.0160682338859,346.87353515625,244000,0.0,0.0
2013-04-08 00:00:00+08:00,340.58746337890625,342.30182980531015,334.8729086242266,340.58746337890625,217869,0.0,0.0
2013-04-09 00:00:00+08:00,333.158632927267,340.587556131477,328.58698787852234,334.3015441894531,365666,0.0,0.0
2013-04-10 00:00:00+08:00,334.87288544753505,337.15870719120426,327.4439647806102,331.44415283203125,364435,0.0,0.0
2013-04-11 00:00:00+08:00,330.87271635682436,338.87309291812926,325.7296171388426,326.8725280761719,618301,0.0,0.0
2013-04-12 00:00:00+08:00,329.15837787828946,332.0156554640385,321.15800063819216,325.7296447753906,311534,0.0,0.0
2013-04-15 00:00:00+08:00,332.0156721396954,333.7300387772498,328.58693886458667,332.5871276855469,460907,0.0,0.0
2013-04-16 00:00:00+08:00,332.01561918209086,332.01561918209086,325.15815372566215,329.72979736328125,290638,0.0,0.0
2013-04-17 00:00:00+08:00,329.72979736328125,333.15853009149566,327.4439755444717,329.72979736328125,186200,0.0,0.0
2013-04-18 00:00:00+08:00,329.7298334486103,333.15856655206204,329.7298334486103,332.0156555175781,111691,0.0,0.0
2013-04-19 00:00:00+08:00,333.1585615222581,354.8738708496094,333.1585615222581,354.8738708496094,1055267,0.0,0.0
2013-04-22 00:00:00+08:00,358.8740367146282,368.588779746712,352.0165710449219,352.0165710449219,503774,0.0,0.0
2013-04-23 00:00:00+08:00,352.01660980518994,356.0167985529762,345.1591433804135,355.4453430175781,226839,0.0,0.0
2013-04-24 00:00:00+08:00,358.3025984551496,364.5886089543628,356.0167764554358,358.8740539550781,324782,0.0,0.0
2013-04-25 00:00:00+08:00,362.30283181709154,371.44612094812226,357.1597316808868,358.3026428222656,426046,0.0,0.0
2013-04-26 00:00:00+08:00,360.0169845088835,362.87426216371597,354.30242919921875,354.30242919921875,205875,0.0,0.0
2013-04-29 00:00:00+08:00,357.7311623850176,357.7311623850176,349.1593294205204,354.30242919921875,125247,0.0,0.0
2013-04-30 00:00:00+08:00,355.44534026115167,363.44571769468246,353.73097366825226,354.30242919921875,215200,0.0,0.0
2013-05-02 00:00:00+08:00,354.30245069587755,366.8744731399248,354.30245069587755,363.44573974609375,379585,0.0,0.0
2013-05-03 00:00:00+08:00,368.5888375516497,370.3032042379364,354.30244849926015,356.0168151855469,296321,0.0,0.0
2013-05-06 00:00:00+08:00,356.5882653157815,358.3026319759535,350.8737097818747,353.7309875488281,201725,0.0,0.0
2013-05-07 00:00:00+08:00,353.7309791369316,359.4455345349434,353.7309791369316,356.5882568359375,130145,0.0,0.0
2013-05-08 00:00:00+08:00,360.58841226827855,361.73132324218756,354.30240191177927,361.7313232421875,342820,0.0,0.0
2013-05-09 00:00:00+08:00,371.4460758935837,386.8753744307018,371.4460758935837,384.0180969238281,767665,0.0,0.0
2013-05-10 00:00:00+08:00,384.0180884009009,393.16137621997,380.58935546875,380.58935546875,456170,0.0,0.0
2013-05-13 00:00:00+08:00,383.4467428768382,392.59003331801466,383.4467428768382,388.58984375,329377,0.0,0.0
2013-05-14 00:00:00+08:00,390.8755743134384,397.7330405294636,390.8755743134384,394.8757629394531,360483,0.0,0.0
2013-05-15 00:00:00+08:00,396.59015703473773,401.7332570539202,391.4470570155553,400.0188903808594,265451,0.0,0.0
2013-05-16 00:00:00+08:00,400.018835067749,402.8761124610901,394.3042802810669,402.3046569824219,339333,0.0,0.0
2013-05-17 00:00:00+08:00,404.59054622349134,408.5907352398253,398.30453491210943,398.3045349121094,219379,0.0,0.0
2013-05-20 00:00:00+08:00,400.01888220179666,400.5903377477992,394.304326741771,396.59014892578125,142221,0.0,0.0
2013-05-21 00:00:00+08:00,398.8759872825558,408.5907319584919,396.5901650058649,403.4476318359375,386693,0.0,0.0
2013-05-22 00:00:00+08:00,405.1620017972533,408.0192796660633,397.16162376458544,398.3045349121094,212089,0.0,0.0
2013-05-23 00:00:00+08:00,398.87594019162356,401.1617621984523,390.30410766601557,390.3041076660156,250625,0.0,0.0
2013-05-24 00:00:00+08:00,390.3041074389503,393.7328404471988,384.0180969238281,384.0180969238281,221399,0.0,0.0
2013-05-27 00:00:00+08:00,384.0180812026515,397.1615571961946,384.0180812026515,396.0186462402344,258447,0.0,0.0
2013-05-28 00:00:00+08:00,396.018638195486,398.87591552734375,392.58990539725664,398.87591552734375,132774,0.0,0.0
2013-05-29 00:00:00+08:00,398.8759655938632,400.0188766700634,394.30432128906244,394.3043212890625,206327,0.0,0.0
2013-05-30 00:00:00+08:00,391.44710792843995,397.16166424856317,389.1612854003907,389.1612854003906,192155,0.0,0.0
2013-05-31 00:00:00+08:00,393.1614359085648,393.7328914840133,380.5894132486979,385.7325134277344,256363,0.0,0.0
2013-06-03 00:00:00+08:00,385.7325654871323,389.1612994025735,382.8752872242647,388.58984375,175573,0.0,0.0
2013-06-04 00:00:00+08:00,390.3041409012175,392.5899631026888,387.44686314937843,391.4470520019531,155119,0.0,0.0
2013-06-05 00:00:00+08:00,391.44701866943,392.5899296728444,389.1611966626012,390.3041076660156,131013,0.0,0.0
2013-06-06 00:00:00+08:00,388.58975215164895,389.7326631873891,380.5893749014679,382.3037414550781,177672,0.0,0.0
2013-06-07 00:00:00+08:00,385.1610136740073,392.58993530273443,383.446647144301,392.5899353027344,274145,0.0,0.0
2013-06-10 00:00:00+08:00,398.8759543678977,416.01962002840907,396.5901322798295,414.876708984375,718190,0.0,0.0
2013-06-11 00:00:00+08:00,416.01971580260636,422.30572799193146,409.16224795970624,409.73370361328125,293451,0.0,0.0
2013-06-13 00:00:00+08:00,405.73343766182234,409.7336264838403,396.59014892578125,396.59014892578125,255677,0.0,0.0
2013-06-14 00:00:00+08:00,398.87594341186355,409.73359803195723,398.87594341186355,404.01904296875,361197,0.0,0.0
2013-06-17 00:00:00+08:00,401.73323197798294,409.73360928622157,401.73323197798294,408.5906982421875,138783,0.0,0.0
2013-06-18 00:00:00+08:00,407.4477680464833,413.73377849320326,404.01903507554516,413.1623229980469,232465,0.0,0.0
2013-06-19 00:00:00+08:00,413.73377354424974,424.5914278223447,411.4479515909666,423.4485168457031,345710,0.0,0.0
2013-06-20 00:00:00+08:00,417.16252554650197,422.8770806909746,415.4481590031602,418.87689208984375,224456,0.0,0.0
2013-06-21 00:00:00+08:00,408.59067302639204,413.7337724071438,400.59029621188927,404.5904846191406,340478,0.0,0.0
2013-06-24 00:00:00+08:00,402.3047041223404,408.590715124252,402.3047041223404,402.87615966796875,153920,0.0,0.0
2013-06-25 00:00:00+08:00,401.7332431069454,406.87634294757487,393.1614100392297,400.59033203125,277621,0.0,0.0
2013-06-26 00:00:00+08:00,406.87634294757487,406.87634294757487,397.73305434201137,400.59033203125,218846,0.0,0.0
2013-06-27 00:00:00+08:00,418.87693017578124,428.59167480468744,412.0194633789062,428.5916748046875,1037450,0.0,0.0
2013-06-28 00:00:00+08:00,428.5916682232329,451.449890528472,428.5916682232329,445.16387939453125,1257010,0.0,0.0
2013-07-01 00:00:00+08:00,476.0225000796111,476.0225000796111,465.73629959769875,473.16522216796875,636641,0.0,0.0
2013-07-02 00:00:00+08:00,473.7365970865886,476.5938745117188,461.7360319010417,471.4507751464844,451115,0.0,0.0
2013-07-03 00:00:00+08:00,474.30805860246926,496.0233673095703,471.45078114100863,480.0226135253906,762763,0.0,0.0
2013-07-04 00:00:00+08:00,485.16573819247157,488.5944713245738,474.3080832741477,484.0228271484375,483506,0.0,0.0
2013-07-05 00:00:00+08:00,487.45156028053975,500.59503728693176,486.30864923650563,490.308837890625,614033,0.0,0.0
2013-07-08 00:00:00+08:00,492.59470136380753,494.88052364391797,456.59300045206754,462.30755615234375,741440,0.0,0.0
2013-07-09 00:00:00+08:00,467.4505926949637,492.02317886352535,467.4505926949637,480.0226135253906,1022026,0.0,0.0
2013-07-10 00:00:00+08:00,485.1657297903236,500.02357310545716,480.02263018123887,480.5940856933594,1067524,0.0,0.0
2013-07-11 00:00:00+08:00,481.16557147245453,489.1659491453932,477.16538263598517,486.880126953125,609953,0.0,0.0
2013-07-12 00:00:00+08:00,490.30884334393795,505.16668708163303,485.73719911695486,498.88067626953125,566000,0.0,0.0
2013-07-15 00:00:00+08:00,497.1663096844126,508.0239647234975,495.45194309929394,498.88067626953125,447732,0.0,0.0
2013-07-16 00:00:00+08:00,498.8806596108533,504.59521470376114,498.3092041015625,498.3092041015625,199406,0.0,0.0
2013-07-17 00:00:00+08:00,500.0236097641607,507.45253196637105,495.4519653320312,495.45196533203125,315528,0.0,0.0
2013-07-18 00:00:00+08:00,497.1662634424417,500.02354081854764,474.3080444335938,474.30804443359375,493017,0.0,0.0
2013-07-19 00:00:00+08:00,474.3080940469664,497.1663154468202,467.45062762701025,488.594482421875,639082,0.0,0.0
2013-07-22 00:00:00+08:00,497.7377763419316,502.8808762122845,492.5946764715787,497.16632080078125,512811,0.0,0.0
2013-07-23 00:00:00+08:00,498.88072135473374,502.8809104148519,491.45179881451435,492.02325439453125,374708,0.0,0.0
2013-07-24 00:00:00+08:00,491.4517404236493,496.0233845206135,480.59408569335943,480.5940856933594,527103,0.0,0.0
2013-07-25 00:00:00+08:00,480.59409695488375,480.59409695488375,452.59277620483704,453.7356872558594,875977,0.0,0.0
2013-07-26 00:00:00+08:00,453.7356172405611,468.0220031738281,451.4497954912384,468.0220031738281,769320,0.0,0.0
2013-07-29 00:00:00+08:00,473.73655754713496,479.45111192044175,466.87909229916676,468.0220031738281,430776,0.0,0.0
2013-07-30 00:00:00+08:00,473.73662775213063,490.30883789062494,470.3078946200284,490.308837890625,599784,0.0,0.0
2013-07-31 00:00:00+08:00,488.0230355700378,488.0230355700378,478.87974684741414,479.4512023925781,306529,0.0,0.0
2013-08-01 00:00:00+08:00,474.30808602198783,478.8797302246094,471.4508083953493,478.8797302246094,150297,0.0,0.0
2013-08-02 00:00:00+08:00,480.5941195935193,484.59430846052834,468.59355299249205,469.1650085449219,353606,0.0,0.0
2013-08-05 00:00:00+08:00,476.5939025318951,478.8797246063886,470.30789182703796,467.1648864746094,277573,0.0,0.0
2013-08-06 00:00:00+08:00,478.26007080078125,484.09963210482005,476.50820240956955,478.26007080078125,305678,17.5,0.0
2013-08-07 00:00:00+08:00,471.2525112941186,480.01185165274535,471.2525112941186,477.0920715332031,91599,0.0,0.0
2013-08-08 00:00:00+08:00,480.01189519708805,486.4354120427912,477.67607088955964,481.7637634277344,291523,0.0,0.0
2013-08-09 00:00:00+08:00,481.1798073508523,481.7637634277344,476.50815873579546,481.7637634277344,186261,0.0,0.0
2013-08-12 00:00:00+08:00,485.85152915396344,486.43548531881197,478.8440551757813,478.84405517578125,168258,0.0,0.0
2013-08-13 00:00:00+08:00,480.01189519708805,485.8514559659091,480.01189519708805,481.7637634277344,418284,0.0,0.0
2013-08-14 00:00:00+08:00,483.51568289364087,483.51568289364087,475.9242530897552,476.5082092285156,201225,0.0,0.0
2013-08-15 00:00:00+08:00,475.9242553710938,478.2600799373323,470.66865009705714,475.92425537109375,169665,0.0,0.0
2013-08-16 00:00:00+08:00,467.16491470622657,471.83656385328885,464.24513398931265,467.7488708496094,256607,0.0,0.0
2013-08-19 00:00:00+08:00,467.1648664439123,478.84398810501006,465.9969542778025,472.42047119140625,171500,0.0,0.0
2013-08-20 00:00:00+08:00,478.2600990109328,489.93922230790304,478.2600990109328,478.84405517578125,396249,0.0,0.0
2013-08-22 00:00:00+08:00,478.8440551757813,483.5157044945694,477.0921866812357,478.84405517578125,159292,0.0,0.0
2013-08-23 00:00:00+08:00,484.6835482888205,484.6835482888205,478.8439874660636,480.5958557128906,157024,0.0,0.0
2013-08-26 00:00:00+08:00,484.0996583295072,484.0996583295072,474.75635973689907,479.4280090332031,104392,0.0,0.0
2013-08-27 00:00:00+08:00,477.6760819597942,477.6760819597942,447.3103652581936,454.90179443359375,498027,0.0,0.0
2013-08-28 00:00:00+08:00,442.63868281755794,452.5659355984266,432.7114300366892,439.7189025878906,644501,0.0,0.0
2013-08-29 00:00:00+08:00,442.6386783078145,470.0846121870589,442.6386783078145,465.4129638671875,535694,0.0,0.0
2013-08-30 00:00:00+08:00,472.4204904617197,483.51565649234107,470.08466603422045,475.34027099609375,700037,0.0,0.0
2013-09-02 00:00:00+08:00,475.3402901487618,485.8515004960317,475.3402901487618,478.26007080078125,212169,0.0,0.0
2013-09-03 00:00:00+08:00,483.5156769385705,492.2750189120953,478.26007175445557,485.85150146484375,293793,0.0,0.0
2013-09-04 00:00:00+08:00,489.93921819447047,492.2750428342534,486.43548123479604,487.6033935546875,234945,0.0,0.0
2013-09-05 00:00:00+08:00,491.69102223115806,500.45036348230695,491.69102223115806,496.3626708984375,338521,0.0,0.0
2013-09-06 00:00:00+08:00,487.60334730714635,495.7787327709787,487.60334730714635,491.6910400390625,144493,0.0,0.0
2013-09-09 00:00:00+08:00,490.52316206686436,490.52316206686436,482.3477760324166,482.9317321777344,104248,0.0,0.0
2013-09-10 00:00:00+08:00,484.68353051140855,489.3551789982655,481.76375020712294,485.2674865722656,131420,0.0,0.0
2013-09-11 00:00:00+08:00,487.6032999600227,488.187256007879,472.4204427157585,480.0118713378906,205910,0.0,0.0
2013-09-12 00:00:00+08:00,479.4279583299016,487.01938763354195,477.6760900290615,484.6835632324219,167592,0.0,0.0
2013-09-13 00:00:00+08:00,484.68353051140855,485.2674865722656,479.42792596369446,485.2674865722656,88500,0.0,0.0
2013-09-16 00:00:00+08:00,484.68357345344623,489.9391784667968,481.17983677787913,489.9391784667969,149876,0.0,0.0
2013-09-17 00:00:00+08:00,489.9391784667968,489.9391784667968,485.26752956604076,489.9391784667969,68510,0.0,0.0
2013-09-18 00:00:00+08:00,487.60341940530026,489.93924416891844,484.6836384507775,488.7713317871094,135396,0.0,0.0
2013-09-23 00:00:00+08:00,489.93922230790304,489.93922230790304,478.8440551757813,478.84405517578125,218578,0.0,0.0
2013-09-24 00:00:00+08:00,478.8440360788919,482.93172906980925,472.420518521736,475.92425537109375,281649,0.0,0.0
2013-09-25 00:00:00+08:00,481.7638144773596,481.7638144773596,476.5082092285156,476.5082092285156,136471,0.0,0.0
2013-09-26 00:00:00+08:00,480.0119025353158,480.0119025353158,470.0846490765562,471.8365173339844,111085,0.0,0.0
2013-09-27 00:00:00+08:00,474.1724524691536,474.75640869140625,468.3328902466271,474.75640869140625,150689,0.0,0.0
2013-09-30 00:00:00+08:00,465.9969732860968,475.34027099609375,465.9969732860968,475.34027099609375,152400,0.0,0.0
2013-10-01 00:00:00+08:00,477.0921198558454,479.42794418806494,472.42047119140625,472.42047119140625,126775,0.0,0.0
2013-10-02 00:00:00+08:00,475.9242485438116,477.6761169433593,474.7563362774464,477.6761169433594,230507,0.0,0.0
2013-10-03 00:00:00+08:00,479.42796184331394,495.7787327709787,475.9242252159572,491.6910400390625,476898,0.0,0.0
2013-10-04 00:00:00+08:00,494.6107550804768,510.37756781621806,494.6107550804768,509.20965576171875,749031,0.0,0.0
2013-10-07 00:00:00+08:00,509.20970931143137,516.80113846401,495.1947631835938,495.19476318359375,314219,0.0,0.0
2013-10-08 00:00:00+08:00,493.4428956468614,495.19476391543014,469.500695976422,487.0193786621094,476215,0.0,0.0
2013-10-09 00:00:00+08:00,483.5156837527801,493.4429381293468,483.5156837527801,484.0996398925781,189366,0.0,0.0
2013-10-11 00:00:00+08:00,491.69102223115806,498.69849523207716,485.2675053136489,496.3626708984375,283235,0.0,0.0
2013-10-14 00:00:00+08:00,499.2825290231942,502.20230989467484,488.18736171156763,492.2750549316406,91273,0.0,0.0
2013-10-15 00:00:00+08:00,493.4429295420783,510.9616134311462,493.4429295420783,509.793701171875,470134,0.0,0.0
2013-10-16 00:00:00+08:00,509.79375267028814,513.8814459906685,503.3702345954048,504.53814697265625,237651,0.0,0.0
2013-10-17 00:00:00+08:00,508.0417829944242,511.5455194288685,505.12200263238725,506.8738708496094,128190,0.0,0.0
2013-10-18 00:00:00+08:00,512.7135340315573,526.1445263809032,510.37770927514924,519.7210083007812,664330,0.0,0.0
2013-10-21 00:00:00+08:00,518.5529588848386,524.976475267421,513.8813106065968,515.6331787109375,236758,0.0,0.0
2013-10-22 00:00:00+08:00,515.6332158868963,515.6332158868963,508.041786887429,513.88134765625,148654,0.0,0.0
2013-10-23 00:00:00+08:00,515.0493082591769,533.1519483453837,514.4653521273638,524.9765625,406818,0.0,0.0
2013-10-24 00:00:00+08:00,522.6406620863842,533.1518709328143,519.1369258042408,520.8887939453125,215708,0.0,0.0
2013-10-25 00:00:00+08:00,519.720908425071,526.7283813476563,512.7134355024858,513.88134765625,170523,0.0,0.0
2013-10-28 00:00:00+08:00,510.9616134311462,516.8011747275021,509.2097450422394,509.793701171875,109423,0.0,0.0
2013-10-29 00:00:00+08:00,510.9616134311462,514.4653502089598,508.6257889126038,509.793701171875,66637,0.0,0.0
2013-10-30 00:00:00+08:00,509.7935769716171,515.0491808579224,509.2096209842498,510.3775329589844,131214,0.0,0.0
2013-10-31 00:00:00+08:00,509.79368871788074,513.2974254100999,504.5380836795521,505.1220397949219,246403,0.0,0.0
2013-11-01 00:00:00+08:00,505.12203979492193,509.2097326025109,502.20225921807264,505.1220397949219,134606,0.0,0.0
2013-11-04 00:00:00+08:00,505.1219610631819,505.1219610631819,490.5230604544194,493.4428405761719,231620,0.0,0.0
2013-11-05 00:00:00+08:00,491.69098551527696,501.6182381919512,491.69098551527696,498.114501953125,139105,0.0,0.0
2013-11-06 00:00:00+08:00,502.20221319263186,522.6406753574482,498.1145207596686,517.3850708007812,398815,0.0,0.0
2013-11-07 00:00:00+08:00,520.8889252232142,524.3926623883929,510.96166992187494,510.961669921875,222878,0.0,0.0
2013-11-08 00:00:00+08:00,513.8814079170271,516.2172324984681,505.7060218819835,506.28997802734375,112257,0.0,0.0
2013-11-11 00:00:00+08:00,511.5455194288685,512.7134315736832,506.87387084960943,506.8738708496094,57205,0.0,0.0
2013-11-12 00:00:00+08:00,511.54550863672335,511.54550863672335,499.2824313748841,501.6182556152344,83419,0.0,0.0
2013-11-13 00:00:00+08:00,505.12203753958124,507.45786199063133,502.78621308853116,505.70599365234375,52480,0.0,0.0
2013-11-14 00:00:00+08:00,502.20234081588364,516.2172898619083,502.20234081588364,515.0493774414062,152222,0.0,0.0
2013-11-15 00:00:00+08:00,519.136952348189,519.136952348189,511.5455233487216,513.88134765625,88242,0.0,0.0
2013-11-18 00:00:00+08:00,513.8813995775594,523.2246977516968,513.8813995775594,516.2172241210938,131093,0.0,0.0
2013-11-19 00:00:00+08:00,522.6407655115999,523.2247216741827,517.3851600483547,517.9691162109375,190120,0.0,0.0
2013-11-20 00:00:00+08:00,520.3049356120906,523.224716395548,510.3776809483358,511.54559326171875,131092,0.0,0.0
2013-11-21 00:00:00+08:00,510.96161243527433,510.96161243527433,501.03435825081755,502.2022705078125,203651,0.0,0.0
2013-11-22 00:00:00+08:00,502.20230564926607,508.0418673428622,501.0343933105468,501.0343933105469,226383,0.0,0.0
2013-11-25 00:00:00+08:00,508.04180683963745,513.8813678377942,505.12202634055905,508.6257629394531,229153,0.0,0.0
2013-11-26 00:00:00+08:00,510.9615633564611,516.8011240805349,503.9540904875725,506.8738708496094,176501,0.0,0.0
2013-11-27 00:00:00+08:00,510.961642259944,522.6407655115999,510.3776860973612,517.9691162109375,313978,0.0,0.0
2013-11-28 00:00:00+08:00,522.6406379759782,522.6406379759782,517.968989815299,519.1369018554688,123458,0.0,0.0
2013-11-29 00:00:00+08:00,522.6406949403979,524.9765192753271,520.3048706054688,520.3048706054688,126555,0.0,0.0
2013-12-02 00:00:00+08:00,524.3926008069838,524.3926008069838,517.969083425161,518.5530395507812,94812,0.0,0.0
2013-12-03 00:00:00+08:00,513.8813995775594,520.3049170722788,513.8813995775594,516.2172241210938,104832,0.0,0.0
2013-12-04 00:00:00+08:00,513.8813849593786,515.0492971979226,510.9616043630184,512.1295166015625,87022,0.0,0.0
2013-12-05 00:00:00+08:00,513.8814132794704,515.6332817338322,511.5455886736546,512.7135009765625,65102,0.0,0.0
2013-12-06 00:00:00+08:00,512.7134637042424,518.5530247942679,511.54555148623723,514.46533203125,62299,0.0,0.0
2013-12-09 00:00:00+08:00,519.7209794553992,519.7209794553992,511.5455932617187,511.54559326171875,96205,0.0,0.0
2013-12-10 00:00:00+08:00,513.8813815254697,513.8813815254697,493.4429174875249,505.1220397949219,226986,0.0,0.0
2013-12-11 00:00:00+08:00,508.6258473678748,510.9616721548685,502.7862854003906,502.7862854003906,169045,0.0,0.0
2013-12-12 00:00:00+08:00,508.6257742161564,509.7936864416814,505.70599365234375,505.70599365234375,52523,0.0,0.0
2013-12-13 00:00:00+08:00,505.1219547209773,509.7936028571251,502.20217463588494,503.3700866699219,70660,0.0,0.0
2013-12-16 00:00:00+08:00,506.2899243164062,506.2899243164062,490.5231100643382,496.3626708984375,172250,0.0,0.0
2013-12-17 00:00:00+08:00,500.45041499551775,501.61832728255513,490.52316055570003,491.10711669921875,171966,0.0,0.0
2013-12-18 00:00:00+08:00,491.69109080244857,491.69109080244857,478.8440551757813,478.84405517578125,498817,0.0,0.0
2013-12-19 00:00:00+08:00,484.0997082474487,487.01948935871195,470.08475891338503,474.75640869140625,435335,0.0,0.0
2013-12-20 00:00:00+08:00,474.1723656119481,493.4429174163746,474.1723656119481,489.355224609375,341428,0.0,0.0
2013-12-23 00:00:00+08:00,492.2750328378007,492.2750328378007,481.76382217222493,482.3477783203125,145370,0.0,0.0
2013-12-24 00:00:00+08:00,482.34773883130174,486.4354315332619,478.8440022296216,484.6835632324219,134260,0.0,0.0
2013-12-25 00:00:00+08:00,487.60339355468756,487.60339355468756,484.68361275495886,487.6033935546875,89832,0.0,0.0
2013-12-26 00:00:00+08:00,487.60339355468756,489.35526203452474,487.60339355468756,487.6033935546875,29025,0.0,0.0
2013-12-27 00:00:00+08:00,487.60328033266694,498.6984447953264,487.60328033266694,493.4428405761719,165497,0.0,0.0
2013-12-30 00:00:00+08:00,493.4428579686812,501.03428655281476,490.5230777440144,496.94659423828125,204606,0.0,0.0
2013-12-31 00:00:00+08:00,499.2824184180147,499.2824184180147,496.36263819334795,496.94659423828125,128435,0.0,0.0
2014-01-02 00:00:00+08:00,498.69853273502065,498.69853273502065,493.44292758910126,494.61083984375,148384,0.0,0.0
2014-01-03 00:00:00+08:00,497.5305127825056,497.5305127825056,488.18721676781064,490.5230407714844,245704,0.0,0.0
2014-01-06 00:00:00+08:00,487.6032607668922,491.69095277332127,487.6032607668922,490.5230407714844,250700,0.0,0.0
2014-01-07 00:00:00+08:00,489.35515282006634,503.37009753090354,489.35515282006634,500.4503173828125,236823,0.0,0.0
2014-01-08 00:00:00+08:00,505.12194079444527,505.12194079444527,490.5230407714844,490.5230407714844,235298,0.0,0.0
2014-01-09 00:00:00+08:00,487.6033899754654,487.6033899754654,471.25261761700665,473.0044860839844,501425,0.0,0.0
2014-01-10 00:00:00+08:00,473.0044362322884,474.1723484205163,467.1648752911491,470.08465576171875,306820,0.0,0.0
2014-01-13 00:00:00+08:00,473.00447466329564,478.8440360788919,472.420518521736,475.92425537109375,215444,0.0,0.0
2014-01-14 00:00:00+08:00,475.9242099346501,476.5081660204595,471.252561248175,471.8365173339844,66116,0.0,0.0
2014-01-15 00:00:00+08:00,471.8365240440606,476.5081727969721,467.1648752911491,470.08465576171875,164241,0.0,0.0
2014-01-16 00:00:00+08:00,471.8365556115334,484.6835905415504,471.8365556115334,477.6761169433594,308913,0.0,0.0
2014-01-17 00:00:00+08:00,480.0119093616557,481.76377764399746,468.91674357349086,470.08465576171875,328389,0.0,0.0
2014-01-20 00:00:00+08:00,470.0847376043146,470.0847376043146,446.7264897730443,449.6462707519531,516672,0.0,0.0
2014-01-21 00:00:00+08:00,449.6462707519531,454.9018765139889,440.8869278152267,449.6462707519531,816088,0.0,0.0
2014-01-22 00:00:00+08:00,454.31783261670466,475.9242076897356,453.7338765336498,472.42047119140625,789085,0.0,0.0
2014-01-23 00:00:00+08:00,477.09213931671815,490.52312977483876,475.34027099609375,475.34027099609375,450872,0.0,0.0
2014-01-24 00:00:00+08:00,473.00444755554196,475.9242280960083,467.1648864746094,467.1648864746094,305160,0.0,0.0
2014-01-27 00:00:00+08:00,462.49321009156057,466.5809026049961,456.6536493580812,458.405517578125,252652,0.0,0.0
2014-02-05 00:00:00+08:00,454.901748696053,472.4204296471205,453.7338366326485,458.98944091796875,428607,0.0,0.0
2014-02-06 00:00:00+08:00,466.5809303665161,469.5007109069824,464.24510593414306,467.1648864746094,191557,0.0,0.0
2014-02-07 00:00:00+08:00,472.4205386533413,472.4205386533413,461.3253714909019,463.0772399902344,151190,0.0,0.0
2014-02-10 00:00:00+08:00,461.3253136955987,465.9969624418832,451.9820162030296,454.3178405761719,402935,0.0,0.0
2014-02-11 00:00:00+08:00,457.8215887451172,469.5007109069824,454.9018082046509,467.1648864746094,261850,0.0,0.0
2014-02-12 00:00:00+08:00,471.8365225743766,472.4204786666716,461.3253129130662,462.49322509765625,215825,0.0,0.0
2014-02-13 00:00:00+08:00,462.4932168243486,462.4932168243486,453.7338755966147,456.6536560058594,290321,0.0,0.0
2014-02-14 00:00:00+08:00,459.5734302406955,462.4932106107126,450.2301330566407,450.2301330566406,309412,0.0,0.0
2014-02-17 00:00:00+08:00,458.40551979687746,460.15738802540056,452.5659590351338,457.8215637207031,162561,0.0,0.0
2014-02-18 00:00:00+08:00,461.90926455250315,465.9969571591625,459.5734402058407,463.6611328125,266834,0.0,0.0
2014-02-19 00:00:00+08:00,467.748940080299,495.7788391113281,467.748940080299,495.7788391113281,1010742,0.0,0.0
2014-02-20 00:00:00+08:00,500.45034415455075,508.04177294569325,484.68353051140855,485.2674865722656,559800,0.0,0.0
2014-02-21 00:00:00+08:00,495.1947721508442,504.538069738596,491.1070794562028,492.85894775390625,357465,0.0,0.0
2014-02-24 00:00:00+08:00,498.69852706690153,498.69852706690153,486.43544853246954,488.18731689453125,190067,0.0,0.0
2014-02-25 00:00:00+08:00,491.6910212761287,492.85893344068006,480.01189963061495,480.5958557128906,245602,0.0,0.0
2014-02-26 00:00:00+08:00,484.09961957180417,490.52313683994635,479.42797064951895,489.355224609375,240774,0.0,0.0
2014-02-27 00:00:00+08:00,491.6910400390625,505.12203044393004,489.93917172538414,491.6910400390625,421785,0.0,0.0
2014-03-03 00:00:00+08:00,489.3551613560595,499.28241403273375,487.01933719684206,498.114501953125,177743,0.0,0.0
2014-03-04 00:00:00+08:00,498.69852015571456,502.2022568312816,489.9391784667968,489.9391784667969,192548,0.0,0.0
2014-03-05 00:00:00+08:00,495.19483580312124,501.6183537203787,491.69109875734443,492.2750549316406,181501,0.0,0.0
2014-03-06 00:00:00+08:00,498.6984819073543,501.6182622463903,495.77870156831824,499.86639404296875,263352,0.0,0.0
2014-03-07 00:00:00+08:00,499.866428527832,499.866428527832,465.9969742584228,467.1648864746094,1327408,0.0,0.0
2014-03-10 00:00:00+08:00,461.3253780252071,462.493290374638,447.3104298320363,453.73394775390625,541022,0.0,0.0
2014-03-11 00:00:00+08:00,455.4858162780526,458.4055971516298,448.47834218146716,453.73394775390625,434028,0.0,0.0
2014-03-12 00:00:00+08:00,453.15000792664364,457.23770129711596,448.4783583603896,449.6462707519531,351054,0.0,0.0
2014-03-13 00:00:00+08:00,454.9018765139889,459.57352608024297,449.6462707519531,449.6462707519531,466575,0.0,0.0
2014-03-14 00:00:00+08:00,448.47828629032256,457.8215839213709,447.3103740864415,452.56597900390625,338407,0.0,0.0
2014-03-17 00:00:00+08:00,455.48582270821146,455.48582270821146,433.2954877557601,436.7992248535156,632029,0.0,0.0
2014-03-18 00:00:00+08:00,440.8868482636242,448.4782774390244,430.3756386361471,430.9595947265625,583423,0.0,0.0
2014-03-19 00:00:00+08:00,432.1275435260128,437.96710492501296,416.3607277487123,421.6163330078125,490284,0.0,0.0
2014-03-20 00:00:00+08:00,419.28040044079086,428.6236962723405,418.696444451319,426.2878723144531,334374,0.0,0.0
2014-03-21 00:00:00+08:00,432.1275522218528,432.711508373504,396.5062269711325,411.6890869140625,1164834,0.0,0.0
2014-03-24 00:00:00+08:00,402.92965239128176,409.93712460678233,390.0826199961974,395.92218017578125,925426,0.0,0.0
2014-03-25 00:00:00+08:00,394.1703443071777,411.10507021074534,394.1703443071777,403.5136413574219,695880,0.0,0.0
2014-03-26 00:00:00+08:00,410.52122368611083,414.6089172363282,405.8495739144339,414.6089172363281,450588,0.0,0.0
2014-03-27 00:00:00+08:00,412.273028442033,413.44094070390844,404.0976426089049,407.60137939453125,409316,0.0,0.0
2014-03-28 00:00:00+08:00,408.7692655366043,411.68904600472285,404.6815728812382,406.4334411621094,237518,0.0,0.0
2014-03-31 00:00:00+08:00,405.26553663835256,409.93718547568227,396.5061950683594,396.5061950683594,359544,0.0,0.0
2014-04-01 00:00:00+08:00,401.1778686962539,407.60138624452,396.5062195702422,405.8495178222656,356452,0.0,0.0
2014-04-02 00:00:00+08:00,407.017351347061,412.8569116246372,400.5938350417272,402.345703125,461494,0.0,0.0
2014-04-03 00:00:00+08:00,405.26553699180016,417.5286152004858,402.92971257109815,412.27301025390625,654494,0.0,0.0
2014-04-07 00:00:00+08:00,406.433461551583,412.8569789036913,400.59390032239355,401.1778564453125,441646,0.0,0.0
2014-04-08 00:00:00+08:00,401.1778219943576,404.6815584309895,390.66661268446177,394.17034912109375,477258,0.0,0.0
2014-04-09 00:00:00+08:00,397.0901096634,405.2654942741171,394.17032944528677,399.4259338378906,421343,0.0,0.0
2014-04-10 00:00:00+08:00,407.6013900756836,407.6013900756836,391.25061798095703,397.0901794433594,610096,0.0,0.0
2014-04-11 00:00:00+08:00,391.834480834774,396.5061288924166,378.9874486762568,381.3232727050781,591719,0.0,0.0
2014-04-14 00:00:00+08:00,385.9950085647707,387.74687698488316,356.21324542285953,359.1330261230469,998327,0.0,0.0
2014-04-15 00:00:00+08:00,363.2206852988591,372.56398266989083,361.46881704179066,367.892333984375,1110167,0.0,0.0
2014-04-16 00:00:00+08:00,373.1479326016118,393.5863952636719,370.8121082973763,393.5863952636719,1197910,0.0,0.0
2014-04-17 00:00:00+08:00,402.92969248061365,407.60134108908454,393.5863952636719,393.5863952636719,1212961,0.0,0.0
2014-04-18 00:00:00+08:00,400.59388022587217,412.8569581919703,397.09014366412987,406.4334411621094,1067710,0.0,0.0
2014-04-21 00:00:00+08:00,402.92973775349697,402.92973775349697,388.91479035337534,390.08270263671875,761659,0.0,0.0
2014-04-22 00:00:00+08:00,391.2506377937258,394.17041867278346,374.89986487100293,376.6517333984375,1126597,0.0,0.0
2014-04-23 00:00:00+08:00,382.4913048233825,387.74691053851296,378.4036114893922,381.9073486328125,627564,0.0,0.0
2014-04-24 00:00:00+08:00,385.99502840084625,397.09019563173285,384.82711606075287,393.00250244140625,859434,0.0,0.0
2014-04-25 00:00:00+08:00,388.91477799849076,401.7618127071496,373.7319187973485,385.4110412597656,743060,0.0,0.0
2014-04-28 00:00:00+08:00,374.8997328538161,384.2430283766526,371.9799530029297,379.5713806152344,543163,0.0,0.0
2014-04-29 00:00:00+08:00,381.9072764835155,394.754310249016,380.7393643230154,384.8270568847656,514246,0.0,0.0
2014-04-30 00:00:00+08:00,387.1628956682805,388.330807872408,372.5639931166862,373.14794921875,440445,0.0,0.0
2014-05-02 00:00:00+08:00,398.84204101562506,398.84204101562506,398.84204101562506,398.842041015625,422428,0.0,0.0
2014-05-05 00:00:00+08:00,423.3681314446953,426.28791166155526,405.8494501435355,415.7767028808594,1469958,0.0,0.0
2014-05-06 00:00:00+08:00,417.5285710109753,423.3681314446953,415.7767028808594,415.7767028808594,576275,0.0,0.0
2014-05-07 00:00:00+08:00,415.7767401131655,417.5286084001592,408.7692669651908,414.0248718261719,635392,0.0,0.0
2014-05-08 00:00:00+08:00,419.28045612606195,429.7916653325649,415.7767197238943,427.4558410644531,1193757,0.0,0.0
2014-05-09 00:00:00+08:00,429.7916657599234,429.7916657599234,418.69650047536015,419.28045654296875,541185,0.0,0.0
2014-05-12 00:00:00+08:00,420.4484291888298,421.0323853404809,408.7693061558067,411.6890869140625,404556,0.0,0.0
2014-05-13 00:00:00+08:00,416.36072135859706,419.2805020132857,406.4334671326558,407.60137939453125,382553,0.0,0.0
2014-05-14 00:00:00+08:00,408.76932952363615,415.77680374404133,408.76932952363615,413.44097900390625,256439,0.0,0.0
2014-05-15 00:00:00+08:00,415.1928284646437,415.1928284646437,408.7693107246844,410.52117919921875,114162,0.0,0.0
2014-05-16 00:00:00+08:00,408.7693176269531,411.1051422991072,404.6816244506836,408.7693176269531,187916,0.0,0.0
2014-05-19 00:00:00+08:00,412.27303537053166,412.27303537053166,404.6816055407627,405.8495178222656,151424,0.0,0.0
2014-05-20 00:00:00+08:00,406.43347854944534,407.60139084412765,404.6816101074219,404.6816101074219,223983,0.0,0.0
2014-05-21 00:00:00+08:00,408.18535456650625,414.02491614828745,404.0976614592594,410.52117919921875,297213,0.0,0.0
2014-05-22 00:00:00+08:00,414.60887062998495,418.6965637207031,407.0174406043655,418.6965637207031,519998,0.0,0.0
2014-05-23 00:00:00+08:00,423.9522280921362,430.9597029366343,419.86453443284563,426.87200927734375,986739,0.0,0.0
2014-05-26 00:00:00+08:00,430.9595145719597,443.22259018986097,426.2878667175211,436.2151184082031,1039285,0.0,0.0
2014-05-27 00:00:00+08:00,440.8867662626417,445.5584141170803,436.2151184082031,436.2151184082031,764058,0.0,0.0
2014-05-28 00:00:00+08:00,441.4707352487664,441.4707352487664,430.37557126764665,432.7113952636719,495989,0.0,0.0
2014-05-29 00:00:00+08:00,433.29545827858084,446.72644957293033,432.7115021353482,444.390625,729868,0.0,0.0
2014-05-30 00:00:00+08:00,446.72644641911876,450.8141393928885,437.3831481933594,437.3831481933594,700522,0.0,0.0
2014-06-03 00:00:00+08:00,442.63874197638637,443.2226981003658,436.79918073659235,440.30291748046875,319470,0.0,0.0
2014-06-04 00:00:00+08:00,440.8869181342303,442.63878668310804,436.7992248535156,436.7992248535156,198577,0.0,0.0
2014-06-05 00:00:00+08:00,438.5510503408071,440.30291871766786,430.95962070774385,432.1275329589844,205455,0.0,0.0
2014-06-06 00:00:00+08:00,432.12756532611263,435.0473461729107,423.3682227857185,423.9521789550781,432801,0.0,0.0
2014-06-09 00:00:00+08:00,426.2878920366975,433.87932025104965,416.9445957728795,429.2076721191406,462422,0.0,0.0
2014-06-10 00:00:00+08:00,429.7917175292968,433.29545435698134,429.7917175292968,429.7917175292969,120643,0.0,0.0
2014-06-11 00:00:00+08:00,433.29545435698134,433.29545435698134,426.28798070161236,429.7917175292969,269500,0.0,0.0
2014-06-12 00:00:00+08:00,432.12756768588366,432.71152385843214,423.36822509765625,423.36822509765625,266086,0.0,0.0
2014-06-13 00:00:00+08:00,420.44845322431144,425.70405888961534,411.68911044880497,413.44097900390625,493275,0.0,0.0
2014-06-16 00:00:00+08:00,415.77679485452586,423.36822509765625,410.52118930158946,423.36822509765625,437155,0.0,0.0
2014-06-17 00:00:00+08:00,426.2879535394634,429.79169014389737,421.0323486328125,421.0323486328125,337254,0.0,0.0
2014-06-18 00:00:00+08:00,423.3682605582224,425.12012922260124,413.4410047934089,414.6089172363281,279695,0.0,0.0
2014-06-19 00:00:00+08:00,414.60881900653595,419.28046767139836,414.60881900653595,416.3606872558594,243445,0.0,0.0
2014-06-20 00:00:00+08:00,424.53606115144606,424.53606115144606,417.52858834014296,419.28045654296875,138225,0.0,0.0
2014-06-23 00:00:00+08:00,419.2804565429687,422.2002368810117,414.0248519344914,419.28045654296875,175050,0.0,0.0
2014-06-24 00:00:00+08:00,419.28051300048827,422.20029373168944,418.69655685424806,420.44842529296875,223866,0.0,0.0
2014-06-25 00:00:00+08:00,421.03237686791243,423.36820142751253,421.03237686791243,421.6163330078125,110250,0.0,0.0
2014-06-26 00:00:00+08:00,423.95217895507807,433.2954776648319,421.61635427763963,423.9521789550781,220604,0.0,0.0
2014-06-27 00:00:00+08:00,425.1200912937973,428.0398721405954,423.3682227857185,423.9521789550781,140195,0.0,0.0
2014-06-30 00:00:00+08:00,425.7039899128239,432.1275069073933,425.7039899128239,430.9595947265625,192000,0.0,0.0
2014-07-01 00:00:00+08:00,432.127527307581,434.46335177951386,425.1200538917824,425.7040100097656,131374,0.0,0.0
2014-07-02 00:00:00+08:00,430.9595600085312,430.9595600085312,414.60879079411535,415.7767028808594,402188,0.0,0.0
2014-07-03 00:00:00+08:00,414.6089078331528,420.4484699153099,414.6089078331528,416.9447326660156,210300,0.0,0.0
2014-07-04 00:00:00+08:00,417.528648430574,419.28051688552745,411.1051307624113,411.6890869140625,293291,0.0,0.0
2014-07-07 00:00:00+08:00,411.6890723110953,411.6890723110953,402.9297303470294,407.60137939453125,234403,0.0,0.0
2014-07-08 00:00:00+08:00,401.76176713823196,401.76176713823196,382.4912172609621,388.91473388671875,1052625,0.0,0.0
2014-07-09 00:00:00+08:00,384.2430941763241,393.0024352289759,382.4912259657938,386.57891845703125,786740,0.0,0.0
2014-07-10 00:00:00+08:00,390.08271589705316,390.6666720585757,375.48381185898984,378.987548828125,622199,0.0,0.0
2014-07-11 00:00:00+08:00,378.98755810168365,378.98755810168365,372.5640401677568,376.6517333984375,644290,0.0,0.0
2014-07-14 00:00:00+08:00,378.403568988245,381.90730573813613,374.89983223835384,377.23565673828125,210707,0.0,0.0
2014-07-15 00:00:00+08:00,380.1554800611023,385.41108577623277,377.2356991082521,381.9073486328125,261421,0.0,0.0
2014-07-16 00:00:00+08:00,383.6591408212181,384.2430968955274,376.06771185519705,377.819580078125,298145,0.0,0.0
2014-07-17 00:00:00+08:00,380.73931669787277,382.4911847194888,377.81953666184614,381.3232727050781,249516,0.0,0.0
2014-07-18 00:00:00+08:00,381.3232485257662,382.4911604661208,378.4034686748798,379.5713806152344,96200,0.0,0.0
2014-07-21 00:00:00+08:00,380.73942863355535,383.0752533490986,359.13305001477994,368.4763488769531,677615,0.0,0.0
2014-07-22 00:00:00+08:00,368.4763237783842,377.2356658650336,363.80467466550454,374.89984130859375,462347,0.0,0.0
2014-07-23 00:00:00+08:00,374.89984130859375,374.89984130859375,374.89984130859375,374.89984130859375,0,0.0,0.0
2014-07-24 00:00:00+08:00,378.9874704236635,378.9874704236635,366.1404375279461,367.308349609375,819253,0.0,0.0
2014-07-25 00:00:00+08:00,368.47625063004034,368.47625063004034,345.118009702621,362.052734375,1044899,0.0,0.0
2014-07-28 00:00:00+08:00,359.13301805906656,371.39609672449814,356.79719355136535,369.0602722167969,422838,0.0,0.0
2014-07-29 00:00:00+08:00,371.3961297713822,372.56404212915385,364.38865562475235,368.4763488769531,250420,0.0,0.0
2014-07-30 00:00:00+08:00,371.3960463236394,371.3960463236394,365.5564858468526,366.14044189453125,172897,0.0,0.0
2014-07-31 00:00:00+08:00,368.4763488769531,370.22821741361054,362.6367870880949,368.4763488769531,207430,0.0,0.0
2014-08-01 00:00:00+08:00,367.3083837928712,378.4035495990152,365.5565155076906,374.31585693359375,369520,0.0,0.0
2014-08-04 00:00:00+08:00,378.9875056940754,380.739373979256,374.31585693359375,374.31585693359375,408127,0.0,0.0
2014-08-05 00:00:00+08:00,377.2356177755872,378.40352990492335,371.39605712890625,371.39605712890625,282578,0.0,0.0
2014-08-06 00:00:00+08:00,371.9800135867005,375.483749978412,359.7169362157104,363.2206726074219,316346,0.0,0.0
2014-08-07 00:00:00+08:00,369.0602359677461,369.0602359677461,350.3736417415311,354.4613342285156,455263,0.0,0.0
2014-08-08 00:00:00+08:00,354.4613453811189,355.629257557004,343.95013579815327,351.54156494140625,511269,0.0,0.0
2014-08-11 00:00:00+08:00,357.381103515625,358.54901561861726,349.20571879467934,357.381103515625,338097,0.0,0.0
2014-08-12 00:00:00+08:00,359.13303762967473,360.3009499471696,355.6293006771901,356.2132568359375,157890,0.0,0.0
2014-08-13 00:00:00+08:00,360.30094599609373,364.97259521484375,357.96512138671875,364.97259521484375,215827,0.0,0.0
2014-08-14 00:00:00+08:00,370.2282170662988,370.2282170662988,360.30096203455264,360.8849182128906,258233,0.0,0.0
2014-08-15 00:00:00+08:00,364.97251449092744,364.97251449092744,360.88482232862907,362.052734375,135302,0.0,0.0
2014-08-18 00:00:00+08:00,362.05277831236003,362.63673440641224,355.0453051837337,358.5490417480469,306616,0.0,0.0
2014-08-19 00:00:00+08:00,363.0953063964844,366.1261520258373,360.0644607671314,363.0953063964844,294407,22.5,0.0
2014-08-20 00:00:00+08:00,364.3076762724828,366.7323529864428,349.15344681023316,350.9719543457031,380644,0.0,0.0
2014-08-21 00:00:00+08:00,351.57806396484375,354.0027402680496,348.54721858583645,351.57806396484375,252219,0.0,0.0
2014-08-22 00:00:00+08:00,352.1842549476251,374.0063430338807,352.1842549476251,372.1878356933594,709124,0.0,0.0
2014-08-25 00:00:00+08:00,372.1879130988721,372.1879130988721,366.126220703125,366.126220703125,214085,0.0,0.0
2014-08-26 00:00:00+08:00,367.33853873644637,372.79406158896785,367.33853873644637,370.369384765625,181155,0.0,0.0
2014-08-27 00:00:00+08:00,375.2186874340267,375.2186874340267,370.3693344461879,374.6125183105469,233523,0.0,0.0
2014-08-28 00:00:00+08:00,378.24952839176825,378.24952839176825,371.5816681156313,372.79400634765625,119266,0.0,0.0
2014-08-29 00:00:00+08:00,372.79401094010734,375.2186874340267,371.5816726931476,374.6125183105469,179226,0.0,0.0
2014-09-01 00:00:00+08:00,374.6125892578125,380.0681124023438,374.6125892578125,378.85577392578125,340255,0.0,0.0
2014-09-02 00:00:00+08:00,378.8557345339478,380.67424205971076,375.2187194824219,375.2187194824219,234778,0.0,0.0
2014-09-03 00:00:00+08:00,376.4310969726563,381.88662011718753,376.4310969726563,378.85577392578125,202194,0.0,0.0
2014-09-04 00:00:00+08:00,379.46183678334154,387.3420346718135,379.46183678334154,384.9173583984375,393786,0.0,0.0
2014-09-05 00:00:00+08:00,389.7666979337994,403.1024169921875,389.1605288856908,403.1024169921875,899232,0.0,0.0
2014-09-09 00:00:00+08:00,409.16415558764214,417.65052325908954,407.3456482294748,409.77032470703125,484685,0.0,0.0
2014-09-10 00:00:00+08:00,403.70869675727744,403.70869675727744,395.22232775637366,398.253173828125,226942,0.0,0.0
2014-09-11 00:00:00+08:00,398.25314922015355,403.70867181221047,398.25314922015355,400.6778259277344,112711,0.0,0.0
2014-09-12 00:00:00+08:00,403.1024688581776,403.1024688581776,394.61610109274227,399.4654541015625,116883,0.0,0.0
2014-09-15 00:00:00+08:00,394.0099319666398,400.071623227665,394.0099319666398,399.4654541015625,33265,0.0,0.0
2014-09-16 00:00:00+08:00,397.0407975085674,400.07164329107553,394.6161208825609,395.2222900390625,68503,0.0,0.0
2014-09-17 00:00:00+08:00,397.04078363617083,406.1333206660068,397.04078363617083,401.89013671875,190368,0.0,0.0
2014-09-18 00:00:00+08:00,404.92100867069126,404.92100867069126,399.4654860987808,400.0716552734375,111639,0.0,0.0
2014-09-19 00:00:00+08:00,401.890149235176,404.92099500618036,393.4037810763639,394.6161193847656,168759,0.0,0.0
2014-09-22 00:00:00+08:00,394.61610109274227,400.67779235376753,392.1914245883322,399.4654541015625,100986,0.0,0.0
2014-09-23 00:00:00+08:00,399.46548757394396,402.49633345842005,398.85931839704875,400.6778259277344,111365,0.0,0.0
2014-09-24 00:00:00+08:00,400.07159737301737,401.89010463380384,400.07159737301737,401.283935546875,93195,0.0,0.0
2014-09-25 00:00:00+08:00,401.28392124614163,403.10242844212115,395.8283996582032,395.8283996582031,105400,0.0,0.0
2014-09-26 00:00:00+08:00,394.0099365614656,394.0099365614656,386.1297378302363,389.16058349609375,189352,0.0,0.0
2014-09-29 00:00:00+08:00,391.5851811335637,394.6160261887771,390.3728431114784,394.0098571777344,106148,0.0,0.0
2014-09-30 00:00:00+08:00,390.97901212252106,394.0098571777344,386.7358290452224,394.0098571777344,145505,0.0,0.0
2014-10-01 00:00:00+08:00,393.40379435221354,400.0716552734375,388.5544409549598,400.0716552734375,161818,0.0,0.0
2014-10-02 00:00:00+08:00,398.85929554432363,406.13332525029915,388.554420127525,403.7086486816406,280586,0.0,0.0
2014-10-03 00:00:00+08:00,406.13331448869025,406.13331448869025,398.2531158493574,399.4654541015625,147320,0.0,0.0
2014-10-06 00:00:00+08:00,399.4654919727739,407.951860542757,399.4654919727739,402.496337890625,204571,0.0,0.0
2014-10-07 00:00:00+08:00,402.49628091190107,402.49628091190107,390.37289895672336,392.19140625,301289,0.0,0.0
2014-10-08 00:00:00+08:00,386.73587482236945,386.73587482236945,364.9137878417969,364.9137878417969,1048807,0.0,0.0
2014-10-09 00:00:00+08:00,364.91378250122074,364.91378250122074,339.4546813964844,339.4546813964844,1229343,0.0,0.0
2014-10-13 00:00:00+08:00,318.2388000488281,326.7251680501302,317.0264617629278,318.2388000488281,987422,0.0,0.0
2014-10-14 00:00:00+08:00,321.26964576357886,323.69432233537947,317.632630905878,318.2388000488281,670625,0.0,0.0
2014-10-15 00:00:00+08:00,318.23877187875604,321.87578641451324,303.0845446464343,307.3277282714844,486910,0.0,0.0
2014-10-16 00:00:00+08:00,304.90305858547407,327.33131538003175,297.02286025225106,321.87579345703125,624390,0.0,0.0
2014-10-17 00:00:00+08:00,315.81410348415375,319.4511181116104,302.4783831834793,310.35858154296875,480370,0.0,0.0
2014-10-20 00:00:00+08:00,315.814129962434,318.2388065840266,307.9339309422581,308.54010009765625,207080,0.0,0.0
2014-10-21 00:00:00+08:00,308.5400536791356,309.1462227433382,297.02284145928576,302.4783630371094,457351,0.0,0.0
2014-10-22 00:00:00+08:00,312.17710737198115,312.7832765125093,304.2969085451156,305.5092468261719,301125,0.0,0.0
2014-10-23 00:00:00+08:00,305.5092250279018,309.7524087088449,291.5673357905174,297.0228576660156,635277,0.0,0.0
2014-10-24 00:00:00+08:00,300.05373246830663,300.05373246830663,295.2043792162936,296.4167175292969,234904,0.0,0.0
2014-10-27 00:00:00+08:00,298.84138194185533,298.84138194185533,278.2316314631067,279.4439697265625,466908,0.0,0.0
2014-10-28 00:00:00+08:00,282.1717905731976,298.5383605957031,281.8687059431512,298.5383605957031,585872,0.0,0.0
2014-10-29 00:00:00+08:00,302.1753031313998,313.99560084667024,299.14445756338176,312.1770935058594,609482,0.0,0.0
2014-10-30 00:00:00+08:00,314.601750340955,317.6325957199623,310.3585668103448,316.4202575683594,365274,0.0,0.0
2014-10-31 00:00:00+08:00,324.30044395646803,324.30044395646803,318.23875341522563,323.69427490234375,339855,0.0,0.0
2014-11-03 00:00:00+08:00,320.0573013510676,323.08814700780124,312.783271774907,315.8141174316406,367501,0.0,0.0
2014-11-04 00:00:00+08:00,318.2387939570275,323.69431613914793,314.6017791689472,315.8141174316406,526100,0.0,0.0
2014-11-05 00:00:00+08:00,307.9339081879256,314.60176840459326,307.9339081879256,311.5709228515625,303966,0.0,0.0
2014-11-06 00:00:00+08:00,309.1462243652344,309.1462243652344,294.5981667480469,303.08453369140625,428322,0.0,0.0
2014-11-07 00:00:00+08:00,303.08452729255924,305.50920351089974,300.05368201963364,300.65985107421875,289200,0.0,0.0
2014-11-10 00:00:00+08:00,300.05368678029885,304.90303929391985,300.05368678029885,302.4783630371094,108000,0.0,0.0
2014-11-11 00:00:00+08:00,304.90313782667755,304.90313782667755,295.81059892528555,298.5383605957031,172862,0.0,0.0
2014-11-12 00:00:00+08:00,303.0845518034648,303.0845518034648,297.0228607673955,298.2351989746094,154955,0.0,0.0
2014-11-13 00:00:00+08:00,301.2660201288039,301.2660201288039,298.2351748558783,300.65985107421875,106119,0.0,0.0
2014-11-14 00:00:00+08:00,300.65987811511076,300.65987811511076,287.32415771484375,287.32415771484375,414533,0.0,0.0
2014-11-17 00:00:00+08:00,287.93035141965174,287.93035141965174,277.01930652374915,284.8995056152344,411591,0.0,0.0
2014-11-18 00:00:00+08:00,284.89946536554584,297.6290159457085,283.68712721505415,287.02105712890625,352070,0.0,0.0
2014-11-19 00:00:00+08:00,289.1427089146205,295.81057012648813,289.1427089146205,292.77972412109375,255905,0.0,0.0
2014-11-20 00:00:00+08:00,293.9920625232515,295.81057012648813,291.87047031947543,292.77972412109375,184803,0.0,0.0
2014-11-21 00:00:00+08:00,292.77972412109375,298.23524693080356,292.77972412109375,292.77972412109375,192878,0.0,0.0
2014-11-24 00:00:00+08:00,296.71984439861615,300.05377523455564,293.0828289412276,294.9013366699219,214430,0.0,0.0
2014-11-25 00:00:00+08:00,295.2043409741614,298.53827090302775,293.3858337402344,293.3858337402344,147315,0.0,0.0
2014-11-26 00:00:00+08:00,293.9920625232515,301.8722621372768,289.1427089146205,292.77972412109375,639032,0.0,0.0
2014-11-27 00:00:00+08:00,293.08280726389273,297.32599165034,291.56738426873295,292.1735534667969,302209,0.0,0.0
2014-11-28 00:00:00+08:00,293.0827526881087,293.0827526881087,287.0210618362347,288.8395690917969,383510,0.0,0.0
2014-12-01 00:00:00+08:00,286.1118143738619,295.81051994585715,285.808729824737,291.2642517089844,369693,0.0,0.0
2014-12-02 00:00:00+08:00,293.6889343261719,293.6889343261719,293.6889343261719,293.6889343261719,1106766,0.0,0.0
2014-12-03 00:00:00+08:00,293.3858337402344,293.3858337402344,293.3858337402344,293.3858337402344,1027152,0.0,0.0
2014-12-04 00:00:00+08:00,297.0228576660156,297.0228576660156,297.0228576660156,297.0228576660156,838290,0.0,0.0
2014-12-05 00:00:00+08:00,298.23524693080356,299.4475853329613,292.1735549200149,292.77972412109375,697142,0.0,0.0
2014-12-08 00:00:00+08:00,294.90127522076745,312.78326416015625,293.38585242929383,312.78326416015625,939153,0.0,0.0
2014-12-09 00:00:00+08:00,312.783262619463,321.8757993235172,312.1770935058594,312.1770935058594,1018310,0.0,0.0
2014-12-10 00:00:00+08:00,318.2387924194336,328.5436676025391,317.63262329101565,327.3313293457031,1282641,0.0,0.0
2014-12-11 00:00:00+08:00,327.3313293457031,329.756005859375,323.08814544677733,327.3313293457031,543727,0.0,0.0
2014-12-12 00:00:00+08:00,327.3313089647057,349.7595653196948,327.3313089647057,343.0917053222656,898438,0.0,0.0
2014-12-15 00:00:00+08:00,345.5164000808552,347.9410765726506,335.81769411367327,338.24237060546875,518127,0.0,0.0
2014-12-16 00:00:00+08:00,338.2423254624852,340.6670016306751,321.26959228515625,321.26959228515625,1090168,0.0,0.0
2014-12-17 00:00:00+08:00,327.33129405442565,331.5744774958719,324.30044873910686,325.5127868652344,467193,0.0,0.0
2014-12-18 00:00:00+08:00,330.968344116211,336.42386627197266,327.3313293457031,327.3313293457031,448566,0.0,0.0
2014-12-19 00:00:00+08:00,335.8177296565129,335.8177296565129,310.3586237980769,315.2079772949219,668574,0.0,0.0
2014-12-22 00:00:00+08:00,320.05730747767853,320.05730747767853,312.7832777622768,318.2388000488281,348195,0.0,0.0
2014-12-23 00:00:00+08:00,318.2388000488281,321.26964576357886,317.0264617629278,318.2388000488281,144334,0.0,0.0
2014-12-24 00:00:00+08:00,318.23876479576376,320.0572720231681,315.20791941675645,316.4202575683594,240210,0.0,0.0
2014-12-25 00:00:00+08:00,318.23879701457565,318.23879701457565,315.2079513287225,317.0264587402344,102512,0.0,0.0
2014-12-26 00:00:00+08:00,317.0264848562387,317.63265404334436,314.6018081078162,315.2079772949219,146305,0.0,0.0
2014-12-29 00:00:00+08:00,317.63268051295034,318.8450189881906,313.3894958496094,313.3894958496094,212900,0.0,0.0
2014-12-30 00:00:00+08:00,315.2079499385271,315.2079499385271,303.69073638308095,304.2969055175781,295166,0.0,0.0
2014-12-31 00:00:00+08:00,306.7215523555361,316.4202575683594,304.2968760523303,316.4202575683594,695727,0.0,0.0
2015-01-05 00:00:00+08:00,316.4202575683594,318.23876479576376,312.1770740377492,316.4202575683594,174066,0.0,0.0
2015-01-06 00:00:00+08:00,312.7832872125734,312.7832872125734,307.933933922456,309.75244140625,148440,0.0,0.0
2015-01-07 00:00:00+08:00,312.1770950435668,313.38943327674565,307.9339112274406,312.78326416015625,201472,0.0,0.0
2015-01-08 00:00:00+08:00,313.9956285502711,313.9956285502711,306.11542937816006,310.96478271484375,477261,0.0,0.0
2015-01-09 00:00:00+08:00,313.99559929398714,313.99559929398714,309.75241551974403,311.5709228515625,210073,0.0,0.0
2015-01-12 00:00:00+08:00,312.7832872125734,313.3894563738381,306.7215955999266,309.75244140625,201202,0.0,0.0
2015-01-13 00:00:00+08:00,309.752417051445,312.1770935058594,308.54007882423775,312.1770935058594,90075,0.0,0.0
2015-01-14 00:00:00+08:00,312.17713135939374,320.66349997887244,312.17713135939374,315.2079772949219,270096,0.0,0.0
2015-01-15 00:00:00+08:00,318.8449615478516,330.36217498779297,316.4202850341797,327.3313293457031,508720,0.0,0.0
2015-01-16 00:00:00+08:00,324.9066667466623,327.93751251855286,318.2388060485032,320.6634826660156,370337,0.0,0.0
2015-01-19 00:00:00+08:00,324.3004914783296,326.11899890718007,318.2388000488281,318.2388000488281,319300,0.0,0.0
2015-01-20 00:00:00+08:00,319.4511428601814,320.66348116325605,312.78328219327057,320.05731201171875,214059,0.0,0.0
2015-01-21 00:00:00+08:00,321.875826951934,325.51284194574123,321.2696577862995,323.0881652832031,274351,0.0,0.0
2015-01-22 00:00:00+08:00,326.11900045300615,327.331338744653,318.844970703125,318.844970703125,311145,0.0,0.0
2015-01-23 00:00:00+08:00,321.26963020991354,323.694306664328,309.752417051445,312.1770935058594,544610,0.0,0.0
2015-01-26 00:00:00+08:00,312.78326416015625,316.4202788596929,310.9647568103879,312.78326416015625,217249,0.0,0.0
2015-01-27 00:00:00+08:00,315.8141174316406,318.2387939570275,313.38944090625375,315.8141174316406,240364,0.0,0.0
2015-01-28 00:00:00+08:00,313.99560084667024,314.6017699602738,309.14624793784134,312.1770935058594,324321,0.0,0.0
2015-01-29 00:00:00+08:00,312.17708098582733,312.17708098582733,304.9030519143129,307.3277282714844,306102,0.0,0.0
2015-01-30 00:00:00+08:00,309.1462243652344,309.75239343261717,303.08453369140625,303.08453369140625,294572,0.0,0.0
2015-02-02 00:00:00+08:00,303.0845257414489,303.0845257414489,286.7179613514107,288.5364685058594,742157,0.0,0.0
2015-02-03 00:00:00+08:00,287.9303277707567,297.629033548298,285.20256677082324,293.6889343261719,940171,0.0,0.0
2015-02-04 00:00:00+08:00,295.81051994585715,297.0228581423566,288.5364907668607,291.2642517089844,910242,0.0,0.0
2015-02-05 00:00:00+08:00,292.173495584283,294.9012564351736,290.9611574283316,293.3858337402344,149102,0.0,0.0
2015-02-06 00:00:00+08:00,296.41669062439155,296.41669062439155,291.87042236328125,291.87042236328125,278154,0.0,0.0
2015-02-09 00:00:00+08:00,291.87042236328125,295.2043524214288,290.96116871105914,291.87042236328125,165330,0.0,0.0
2015-02-10 00:00:00+08:00,291.8704239128785,292.77967756992797,290.961170255829,292.4765930175781,70410,0.0,0.0
2015-02-11 00:00:00+08:00,292.4765705763047,292.7796551053993,289.7488098144531,289.7488098144531,137102,0.0,0.0
2015-02-12 00:00:00+08:00,289.74884338378905,291.567350769043,289.74884338378905,290.961181640625,162373,0.0,0.0
2015-02-13 00:00:00+08:00,293.99200439453125,294.5981734757571,292.17349715085373,293.99200439453125,301055,0.0,0.0
2015-02-24 00:00:00+08:00,299.44751296504853,300.65985107421875,297.02283674670804,300.65985107421875,336735,0.0,0.0
2015-02-25 00:00:00+08:00,301.87221708186405,311.5709228515625,300.96296341595485,311.5709228515625,372125,0.0,0.0
2015-02-26 00:00:00+08:00,312.1771150300451,312.7832841854433,303.69074685447106,308.54010009765625,214891,0.0,0.0
2015-03-02 00:00:00+08:00,310.9647797287794,311.57094889004406,308.5401030837207,309.75244140625,210273,0.0,0.0
2015-03-03 00:00:00+08:00,311.57097814223346,311.57097814223346,307.93396283318015,309.14630126953125,107030,0.0,0.0
2015-03-04 00:00:00+08:00,309.14626166934056,309.14626166934056,304.2969085451156,305.5092468261719,102362,0.0,0.0
2015-03-05 00:00:00+08:00,300.053762996898,309.14630126953125,300.053762996898,309.14630126953125,126322,0.0,0.0
2015-03-06 00:00:00+08:00,310.3585968625498,311.57093513154416,304.2969055175781,304.2969055175781,214312,0.0,0.0
2015-03-09 00:00:00+08:00,306.1154551786535,311.57097814223346,304.29694752412684,309.14630126953125,239272,0.0,0.0
2015-03-10 00:00:00+08:00,311.570919752121,311.570919752121,308.5400742292404,310.35858154296875,185596,0.0,0.0
2015-03-11 00:00:00+08:00,309.14629113583163,323.08818269685935,308.5401219375261,317.6326599121094,514047,0.0,0.0
2015-03-12 00:00:00+08:00,317.6326525620183,320.0573292991329,314.601806640625,314.601806640625,212390,0.0,0.0
2015-03-13 00:00:00+08:00,320.0573292991329,320.66349848341156,313.99563745634634,314.601806640625,157786,0.0,0.0
2015-03-16 00:00:00+08:00,314.6017699602738,317.63261552829186,311.5709243922558,312.1770935058594,128541,0.0,0.0
2015-03-17 00:00:00+08:00,312.783262619463,317.63261552829186,312.1770935058594,312.1770935058594,160857,0.0,0.0
2015-03-18 00:00:00+08:00,312.7832610727748,313.38943018338097,311.5709228515625,311.5709228515625,52007,0.0,0.0
2015-03-19 00:00:00+08:00,317.0264848562387,319.4511616046612,315.2079772949219,315.2079772949219,341527,0.0,0.0
2015-03-20 00:00:00+08:00,315.20795731662116,327.3313402903374,315.20795731662116,319.4511413574219,439800,0.0,0.0
2015-03-23 00:00:00+08:00,318.8449752028813,321.87582097477184,317.02646773974703,320.6634826660156,295802,0.0,0.0
2015-03-24 00:00:00+08:00,320.6634766206287,321.26964576357886,317.0264617629278,318.2388000488281,172329,0.0,0.0
2015-03-25 00:00:00+08:00,318.23876479576376,320.0572720231681,316.4202575683594,316.4202575683594,123544,0.0,0.0
2015-03-26 00:00:00+08:00,315.20798311888717,318.23882911041494,313.38947552397053,317.6326599121094,111222,0.0,0.0
2015-03-27 00:00:00+08:00,317.6326525620183,319.45116011485425,314.601806640625,314.601806640625,132142,0.0,0.0
2015-03-30 00:00:00+08:00,314.60178393409365,316.420291355678,305.5092468261719,305.5092468261719,234388,0.0,0.0
2015-03-31 00:00:00+08:00,309.1462323783648,309.1462323783648,305.5092178797958,306.1153869628906,253036,0.0,0.0
2015-04-01 00:00:00+08:00,306.11541898825425,307.93392642778844,303.6907424022087,306.7215881347656,92084,0.0,0.0
2015-04-02 00:00:00+08:00,309.14630126953125,310.35863970588235,307.93396283318015,309.14630126953125,71129,0.0,0.0
2015-04-07 00:00:00+08:00,310.3586135477583,312.1771210490147,309.75244438067284,310.96478271484375,46305,0.0,0.0
2015-04-08 00:00:00+08:00,310.96477473865855,320.66348116325605,309.1462672840465,320.05731201171875,326959,0.0,0.0
2015-04-09 00:00:00+08:00,321.26965630323366,327.93751709443285,321.26965630323366,322.48199462890625,435074,0.0,0.0
2015-04-10 00:00:00+08:00,324.9066727801067,326.7251802770103,320.05731945503044,323.0881652832031,228787,0.0,0.0
2015-04-13 00:00:00+08:00,323.08815290818524,330.3621826171875,323.08815290818524,330.3621826171875,304954,0.0,0.0
2015-04-14 00:00:00+08:00,330.3621901078658,338.24238913796165,330.3621901078658,333.3930358886719,506073,0.0,0.0
2015-04-15 00:00:00+08:00,337.6362289867813,344.304089882391,335.8177214697968,337.0300598144531,661651,0.0,0.0
2015-04-16 00:00:00+08:00,341.2731886182513,343.69786491394046,337.0300051007952,339.4546813964844,426707,0.0,0.0
2015-04-17 00:00:00+08:00,339.4547693053288,341.2732769980359,324.9067077636718,324.9067077636719,800868,0.0,0.0
2015-04-20 00:00:00+08:00,320.0573105061077,324.90666369559415,318.2388030600502,319.4511413574219,537555,0.0,0.0
2015-04-21 00:00:00+08:00,320.6634735632581,324.90665752345245,316.4202896030638,317.0264587402344,328967,0.0,0.0
2015-04-22 00:00:00+08:00,317.02646049620614,320.6634753393748,304.9030776856437,305.5092468261719,697246,0.0,0.0
2015-04-23 00:00:00+08:00,306.7215926314618,316.42029911783214,306.7215926314618,308.54010009765625,613470,0.0,0.0
2015-04-24 00:00:00+08:00,309.14631118626846,313.9956650872295,309.14631118626846,313.3894958496094,229230,0.0,0.0
2015-04-27 00:00:00+08:00,315.2080000692339,324.9067077636718,314.6018308383315,324.9067077636719,483838,0.0,0.0
2015-04-28 00:00:00+08:00,325.51282196044923,335.2115280151367,323.69431457519534,327.3313293457031,448482,0.0,0.0
2015-04-29 00:00:00+08:00,327.3313369051032,330.3621826171875,321.2696454809346,330.3621826171875,387324,0.0,0.0
2015-04-30 00:00:00+08:00,334.6053325168335,334.6053325168335,327.9374726297227,329.1498107910156,203193,0.0,0.0
2015-05-04 00:00:00+08:00,329.1498776284171,332.7868928508305,327.33137001721036,331.5745544433594,263211,0.0,0.0
2015-05-05 00:00:00+08:00,335.21162177191843,354.6090393066406,333.3931138780382,354.6090393066406,1138648,0.0,0.0
2015-05-06 00:00:00+08:00,357.03364613060296,362.48916873701285,348.54727763174316,350.9719543457031,836422,0.0,0.0
2015-05-07 00:00:00+08:00,339.45474203530847,339.45474203530847,326.72518920898443,326.7251892089844,630537,0.0,0.0
2015-05-08 00:00:00+08:00,321.2696472864187,327.331338744653,317.6326324114781,318.844970703125,378115,0.0,0.0
2015-05-11 00:00:00+08:00,319.4511428601814,326.11900352709216,317.026466254032,320.05731201171875,281642,0.0,0.0
2015-05-12 00:00:00+08:00,321.2696909681659,324.300537109375,317.6326755987149,324.300537109375,190313,0.0,0.0
2015-05-13 00:00:00+08:00,324.30053853276945,331.57456930359797,323.6943693018671,324.9067077636719,200530,0.0,0.0
2015-05-14 00:00:00+08:00,326.7251921422821,329.14986889287417,321.87583864109797,327.9375305175781,149670,0.0,0.0
2015-05-15 00:00:00+08:00,324.90666369559415,326.7251711416516,318.2388030600502,319.4511413574219,209332,0.0,0.0
2015-05-18 00:00:00+08:00,318.8449338715652,320.66344109896954,315.20791941675645,316.4202575683594,103183,0.0,0.0
2015-05-19 00:00:00+08:00,317.63264132621595,325.5128404430877,317.63264132621595,322.48199462890625,64231,0.0,0.0
2015-05-20 00:00:00+08:00,325.51284410631337,336.42388916015625,321.26965991870776,336.42388916015625,459265,0.0,0.0
2015-05-21 00:00:00+08:00,333.3930206298828,334.60535888671876,327.3313293457031,327.3313293457031,124510,0.0,0.0
2015-05-22 00:00:00+08:00,328.543701171875,330.36220874293707,325.51285522010494,328.543701171875,97112,0.0,0.0
2015-05-25 00:00:00+08:00,330.96835926402696,333.9992050448331,326.1190060147372,333.3930358886719,135315,0.0,0.0
2015-05-26 00:00:00+08:00,330.3622072681702,334.60539158170633,327.33136132993013,327.9375305175781,115212,0.0,0.0
2015-05-27 00:00:00+08:00,327.3313494426448,332.78687193335554,323.08816528320307,323.0881652832031,226292,0.0,0.0
2015-05-28 00:00:00+08:00,324.9067063376168,327.9375524788259,322.4820294246495,324.300537109375,141272,0.0,0.0
2015-05-29 00:00:00+08:00,326.1189653877834,330.9683180329549,324.90662722649057,329.1498107910156,215560,0.0,0.0
2015-06-01 00:00:00+08:00,331.57454564346625,333.3930532064103,326.1190229546341,327.9375305175781,104460,0.0,0.0
2015-06-02 00:00:00+08:00,327.9374631174894,331.5744774958719,324.30044873910686,325.5127868652344,143142,0.0,0.0
2015-06-03 00:00:00+08:00,325.5128313071827,329.1498461821233,317.6326324114781,318.844970703125,221340,0.0,0.0
2015-06-04 00:00:00+08:00,318.8449818869548,322.4819968894676,310.96478271484375,310.96478271484375,171814,0.0,0.0
2015-06-05 00:00:00+08:00,307.933933922456,313.99562553510276,307.3277647611913,309.75244140625,77232,0.0,0.0
2015-06-08 00:00:00+08:00,313.38947552397053,317.6326599121094,309.7524603341372,317.6326599121094,55178,0.0,0.0
2015-06-09 00:00:00+08:00,317.632670323989,318.2388395421645,307.93396283318015,309.14630126953125,81560,0.0,0.0
2015-06-10 00:00:00+08:00,309.1462494606195,313.38943327674565,309.1462494606195,312.78326416015625,81320,0.0,0.0
2015-06-11 00:00:00+08:00,315.81414648202747,317.63265404334436,313.99563892071063,315.2079772949219,66260,0.0,0.0
2015-06-12 00:00:00+08:00,317.0264587402344,317.632627877405,312.7832747800401,317.0264587402344,47500,0.0,0.0
2015-06-15 00:00:00+08:00,315.81415231719274,322.4820134985538,315.81415231719274,317.6326599121094,67050,0.0,0.0
2015-06-16 00:00:00+08:00,318.23878932643584,320.663465816542,313.3894363462235,313.99560546875,28424,0.0,0.0
2015-06-17 00:00:00+08:00,318.23878932643584,318.23878932643584,312.7832672236969,313.99560546875,109100,0.0,0.0
2015-06-18 00:00:00+08:00,315.8141128363296,315.8141128363296,313.3894363462235,313.99560546875,25520,0.0,0.0
2015-06-22 00:00:00+08:00,317.6326525620183,317.6326525620183,312.783299087789,314.601806640625,87173,0.0,0.0
2015-06-23 00:00:00+08:00,315.20793751519943,317.0264448470179,309.1462464091379,311.5709228515625,93537,0.0,0.0
2015-06-24 00:00:00+08:00,312.1770888566971,313.9955961704254,308.5400742292404,310.35858154296875,67091,0.0,0.0
2015-06-25 00:00:00+08:00,307.93389892578125,311.5709134800228,307.93389892578125,307.93389892578125,76919,0.0,0.0
2015-06-26 00:00:00+08:00,310.3585673459244,310.3585673459244,304.9030456542969,304.9030456542969,70600,0.0,0.0
2015-06-29 00:00:00+08:00,303.0845486387915,303.0845486387915,295.81051947146045,297.0228576660156,203150,0.0,0.0
2015-06-30 00:00:00+08:00,297.0228592198638,300.05370472210734,297.0228592198638,297.6290283203125,97115,0.0,0.0
2015-07-01 00:00:00+08:00,300.053707842411,300.053707842411,297.6290314154016,298.84136962890625,52223,0.0,0.0
2015-07-02 00:00:00+08:00,300.6598937019469,306.11541596669997,298.84138628036254,305.5092468261719,187311,0.0,0.0
2015-07-03 00:00:00+08:00,305.50925079069106,305.50925079069106,300.053728455143,300.9629821777344,70313,0.0,0.0
2015-07-06 00:00:00+08:00,300.0537458672581,303.08459178510924,300.0537458672581,301.87225341796875,64152,0.0,0.0
2015-07-07 00:00:00+08:00,301.8722489790483,303.08458732836175,298.5383185184363,300.0537414550781,74100,0.0,0.0
2015-07-08 00:00:00+08:00,305.5092250279018,305.5092250279018,297.0228576660156,297.0228576660156,137088,0.0,0.0
2015-07-09 00:00:00+08:00,291.56741052679325,291.56741052679325,278.8378562210497,290.3550720214844,147907,0.0,0.0
2015-07-10 00:00:00+08:00,290.3550720214844,290.3550720214844,290.3550720214844,290.3550720214844,0,0.0,0.0
2015-07-13 00:00:00+08:00,291.2642512418786,300.9629567983199,291.2642512418786,297.0228576660156,140049,0.0,0.0
2015-07-14 00:00:00+08:00,297.3259707842501,298.8413936730587,283.68716478497254,290.05194091796875,104200,0.0,0.0
2015-07-15 00:00:00+08:00,283.08100108777063,286.1118469238281,279.4439860845016,286.1118469238281,247342,0.0,0.0
2015-07-16 00:00:00+08:00,285.50566328745043,289.74884724289024,283.6871558779762,286.4149169921875,124625,0.0,0.0
2015-07-17 00:00:00+08:00,283.68715437143754,287.0210846044352,283.68715437143754,285.8087463378906,158100,0.0,0.0
2015-07-20 00:00:00+08:00,287.0211167108445,287.0211167108445,264.89594087146577,267.32061767578125,440189,0.0,0.0
2015-07-21 00:00:00+08:00,272.7761100693003,274.2915329030186,261.2588965330409,273.68536376953125,512228,0.0,0.0
2015-07-22 00:00:00+08:00,272.169938659668,272.169938659668,264.2897399902344,266.71441650390625,179110,0.0,0.0
2015-07-23 00:00:00+08:00,266.7144118948441,267.32058101278693,263.0773971871871,264.8959045410156,247125,0.0,0.0
2015-07-24 00:00:00+08:00,264.895932112069,266.4113550646552,261.8650862068966,263.68359375,92150,0.0,0.0
2015-07-27 00:00:00+08:00,261.56198970607073,263.07741258965166,257.3188056320441,258.834228515625,113157,0.0,0.0
2015-07-28 00:00:00+08:00,255.19718039119942,259.44036391314336,253.37867316750916,257.6218566894531,123090,0.0,0.0
2015-07-29 00:00:00+08:00,257.9249478909625,258.2280324360753,252.16634153382003,254.28793334960938,209252,0.0,0.0
2015-07-30 00:00:00+08:00,254.28795936099047,255.80338224156847,252.46945190429685,252.46945190429688,223252,0.0,0.0
2015-07-31 00:00:00+08:00,252.7725590615377,256.4095742998332,249.1355438232422,249.1355438232422,169299,0.0,0.0
2015-08-03 00:00:00+08:00,245.49852495816484,246.71086335301996,238.224494589034,241.25534057617188,315379,0.0,0.0
2015-08-04 00:00:00+08:00,236.70907592773438,241.25534499164732,236.4059913234735,236.70907592773438,316830,0.0,0.0
2015-08-05 00:00:00+08:00,236.70906727464893,241.8615053587322,236.70906727464893,239.43682861328125,381498,0.0,0.0
2015-08-06 00:00:00+08:00,238.22444705073198,250.34782858003132,238.22444705073198,240.34603881835938,616673,0.0,0.0
2015-08-07 00:00:00+08:00,236.40598268146755,242.46767454509492,230.34429081784018,239.43682861328125,355615,0.0,0.0
2015-08-10 00:00:00+08:00,241.86149372604658,243.680001197671,238.8306479400059,240.95223999023438,150500,0.0,0.0
2015-08-11 00:00:00+08:00,243.6800277187797,248.8324661158186,236.7090816521977,239.13375854492188,245883,0.0,0.0
2015-08-12 00:00:00+08:00,242.46761663173274,242.46761663173274,236.40592621593942,223.67637634277344,253870,0.0,0.0
2015-08-13 00:00:00+08:00,241.72477181375578,249.50144007586053,241.72477181375578,245.9371337890625,267766,23.85,0.0
2015-08-14 00:00:00+08:00,247.5572560966888,247.5572560966888,243.0208665870636,243.3448944091797,102182,0.0,0.0
2015-08-17 00:00:00+08:00,243.0208866212933,243.0208866212933,237.18838534238228,237.83644104003906,132530,0.0,0.0
2015-08-18 00:00:00+08:00,237.8364307048092,240.1046255480431,230.7078183403599,232.97601318359375,373186,0.0,0.0
2015-08-19 00:00:00+08:00,232.9759874857181,234.27209868174435,224.87529251055406,228.7636260986328,442357,0.0,0.0
2015-08-20 00:00:00+08:00,228.76365764489336,232.65199176916917,228.76365764489336,230.70782470703125,252403,0.0,0.0
2015-08-21 00:00:00+08:00,224.87531755385498,226.17142889422303,218.07073301692276,219.6908721923828,560640,0.0,0.0
2015-08-24 00:00:00+08:00,208.02589753645725,208.99798116980517,197.98103332519528,197.9810333251953,392436,0.0,0.0
2015-08-25 00:00:00+08:00,185.34392931000525,194.41670906643907,185.34392931000525,192.79656982421875,816544,0.0,0.0
2015-08-26 00:00:00+08:00,191.17641311566987,192.47252439103036,182.75168982582682,188.90821838378906,1470394,0.0,0.0
2015-08-27 00:00:00+08:00,193.7686605711241,195.0647720130714,190.20435410576897,191.82449340820312,1688560,0.0,0.0
2015-08-28 00:00:00+08:00,197.6569784255255,199.60114542643228,189.88031042189826,190.5283660888672,1098769,0.0,0.0
2015-08-31 00:00:00+08:00,193.1205984771067,209.32199096679688,193.1205984771067,209.32199096679688,1547774,0.0,0.0
2015-09-01 00:00:00+08:00,214.50639252724767,228.11555942474675,214.50639252724767,223.9031982421875,1528317,0.0,0.0
2015-09-02 00:00:00+08:00,222.28309909570592,232.65199001562223,222.28309909570592,227.46754455566406,1238451,0.0,0.0
2015-09-03 00:00:00+08:00,231.35585473842374,232.00391035393753,222.93113173674445,226.4954376220703,628204,0.0,0.0
2015-09-04 00:00:00+08:00,230.05975532531738,241.72475700378416,229.41169967651368,233.30003356933594,1140499,0.0,0.0
2015-09-07 00:00:00+08:00,233.3000321821733,256.6300354003906,233.3000321821733,256.6300354003906,913270,0.0,0.0
2015-09-08 00:00:00+08:00,256.6300298081643,259.22225233147907,246.2611397149051,247.5572509765625,672747,0.0,0.0
2015-09-09 00:00:00+08:00,252.7417108636153,254.36185003581798,243.02087583039935,246.2611541748047,549376,0.0,0.0
2015-09-10 00:00:00+08:00,246.9092023851994,256.3060093001217,246.5851745605469,246.58517456054688,565248,0.0,0.0
2015-09-11 00:00:00+08:00,248.2053066073912,253.06572383860643,240.42863903744683,247.5572509765625,348140,0.0,0.0
2015-09-14 00:00:00+08:00,250.14948291457793,258.5742064324264,250.14948291457793,250.4735107421875,548131,0.0,0.0
2015-09-15 00:00:00+08:00,251.7696209127931,255.98198265264676,246.90920352065422,248.5293426513672,212326,0.0,0.0
2015-09-16 00:00:00+08:00,253.065696481558,255.65791872464695,250.47347423846907,252.74166870117188,329244,0.0,0.0
2015-09-17 00:00:00+08:00,255.9819951393556,274.45158213042305,255.9819951393556,271.2113037109375,1142627,0.0,0.0
2015-09-18 00:00:00+08:00,270.887275868989,278.0158883918571,270.887275868989,271.2113037109375,590645,0.0,0.0
2015-09-21 00:00:00+08:00,269.91519676152535,269.91519676152535,260.84241703844884,265.0547790527344,278527,0.0,0.0
2015-09-22 00:00:00+08:00,268.2950134277344,269.59112460371375,264.73070769379103,268.2950134277344,216099,0.0,0.0
2015-09-23 00:00:00+08:00,266.99892088028577,271.53531031271785,261.4904479980469,261.4904479980469,223350,0.0,0.0
2015-09-24 00:00:00+08:00,264.4066912615741,270.887247419946,256.6300238715278,262.4625244140625,328253,0.0,0.0
2015-09-25 00:00:00+08:00,265.70285698584524,266.9989684833372,261.81452249336945,263.4346618652344,144322,0.0,0.0
2015-09-29 00:00:00+08:00,263.4346618652344,263.4346618652344,263.4346618652344,263.4346618652344,0,0.0,0.0
2015-09-30 00:00:00+08:00,263.4346220101883,265.70281678764377,259.8703159313297,260.51837158203125,173218,0.0,0.0
2015-10-01 00:00:00+08:00,265.7028160095215,266.02684383392335,257.27809257507323,259.2222595214844,246212,0.0,0.0
2015-10-02 00:00:00+08:00,261.8144696209882,266.6748867550412,256.95405248693515,263.7586364746094,521140,0.0,0.0
2015-10-05 00:00:00+08:00,267.6470175394198,270.5632683358541,265.0547946092559,265.7028503417969,274324,0.0,0.0
2015-10-06 00:00:00+08:00,270.88726199325635,270.88726199325635,260.51837158203125,260.51837158203125,199309,0.0,0.0
2015-10-07 00:00:00+08:00,260.51840448146913,268.9431290045017,260.51840448146913,265.7028503417969,264428,0.0,0.0
2015-10-08 00:00:00+08:00,292.27313232421875,292.27313232421875,292.27313232421875,292.27313232421875,506107,0.0,0.0
2015-10-12 00:00:00+08:00,316.2511759522976,320.13951008285864,305.23422924904133,318.1953430175781,1376193,0.0,0.0
2015-10-13 00:00:00+08:00,316.2511273849109,317.22321076826614,307.1783491402618,313.6589050292969,453851,0.0,0.0
2015-10-14 00:00:00+08:00,318.8433788498013,344.11754912448066,315.27907278542347,336.34088134765625,1103070,0.0,0.0
2015-10-15 00:00:00+08:00,335.04475024366,335.04475024366,327.9161385363481,329.2122497558594,516997,0.0,0.0
2015-10-16 00:00:00+08:00,331.8044855864811,333.10059685830333,325.97198486328125,325.97198486328125,241685,0.0,0.0
2015-10-19 00:00:00+08:00,333.7486532985574,338.28504276086784,327.2680969238281,327.2680969238281,355172,0.0,0.0
2015-10-20 00:00:00+08:00,326.62002731683685,329.2122497558594,320.13947121928055,329.2122497558594,425319,0.0,0.0
2015-10-21 00:00:00+08:00,329.21225980508206,329.21225980508206,320.78753662109375,320.78753662109375,209201,0.0,0.0
2015-10-22 00:00:00+08:00,320.7875217929963,327.2680777888144,320.46349399320536,321.4355773925781,325381,0.0,0.0
2015-10-23 00:00:00+08:00,329.21225897922477,329.21225897922477,319.4914245605469,319.4914245605469,291212,0.0,0.0
2015-10-26 00:00:00+08:00,322.73169115530067,325.97196917894826,319.81544093401783,325.32391357421875,246343,0.0,0.0
2015-10-27 00:00:00+08:00,324.02782980729694,326.62005244575533,318.8433845303802,320.1394958496094,196100,0.0,0.0
2015-10-28 00:00:00+08:00,321.75962635556414,321.75962635556414,318.51934814453125,318.51934814453125,208226,0.0,0.0
2015-10-29 00:00:00+08:00,324.02780600610726,324.02780600610726,318.1953054979973,319.1673889160156,353403,0.0,0.0
2015-10-30 00:00:00+08:00,322.7316868479659,322.7316868479659,316.8991864832436,318.8433532714844,243003,0.0,0.0
2015-11-02 00:00:00+08:00,320.7875405490988,340.8772653107596,320.7875405490988,327.2680969238281,860600,0.0,0.0
2015-11-03 00:00:00+08:00,330.50841423077776,349.9500856561176,330.50841423077776,344.1175842285156,1065210,0.0,0.0
2015-11-04 00:00:00+08:00,361.61505937247443,377.8164509214204,355.134502752896,375.8722839355469,1535037,0.0,0.0
2015-11-05 00:00:00+08:00,372.63207764752144,372.63207764752144,364.85540820096446,366.1515197753906,424953,0.0,0.0
2015-11-06 00:00:00+08:00,366.1514573258725,375.8722924761169,357.07867785231105,363.5592346191406,680889,0.0,0.0
2015-11-09 00:00:00+08:00,372.6320081238353,375.2242307890446,350.5981154695563,353.1903381347656,744951,0.0,0.0
2015-11-10 00:00:00+08:00,356.430634866983,360.96702476529003,353.8384120679504,359.0228576660156,396393,0.0,0.0
2015-11-11 00:00:00+08:00,360.966996383667,375.87227630615234,359.67088508605957,362.9111633300781,955370,0.0,0.0
2015-11-12 00:00:00+08:00,366.79953131424753,373.92814411364105,357.72675138774673,369.3917541503906,577260,0.0,0.0
2015-11-13 00:00:00+08:00,368.7437058265763,385.59315459896817,365.50342721650094,384.9450988769531,898742,0.0,0.0
2015-11-16 00:00:00+08:00,382.35284351167223,387.5372888474237,376.52034250895184,381.0567321777344,802045,0.0,0.0
2015-11-17 00:00:00+08:00,390.77758723051096,406.9789797359219,389.4814758300781,389.4814758300781,753687,0.0,0.0
2015-11-18 00:00:00+08:00,395.96202532450354,405.0348049555069,387.537301381429,404.3867492675781,1228650,0.0,0.0
2015-11-19 00:00:00+08:00,412.8114510902267,412.8114510902267,392.07367018773493,393.3697814941406,801232,0.0,0.0
2015-11-20 00:00:00+08:00,395.96199154931486,400.4983809778667,392.0736577534132,397.9061584472656,398270,0.0,0.0
2015-11-23 00:00:00+08:00,402.4425478758175,407.6269929370197,397.9061584472656,397.9061584472656,300542,0.0,0.0
2015-11-24 00:00:00+08:00,399.20228237296647,399.20228237296647,390.1295032281263,393.3697814941406,323424,0.0,0.0
2015-11-25 00:00:00+08:00,397.9061784516111,409.5711804257626,392.721733129766,406.3309020996094,586850,0.0,0.0
2015-11-26 00:00:00+08:00,406.9789518578652,430.95701112337633,406.9789518578652,422.53228759765625,865965,0.0,0.0
2015-11-27 00:00:00+08:00,419.94010390872626,419.94010390872626,407.6270453064642,408.92315673828125,372776,0.0,0.0
2015-11-30 00:00:00+08:00,408.92318564453126,414.10763173828127,403.73873955078125,405.03485107421875,265680,0.0,0.0
2015-12-01 00:00:00+08:00,406.9790073394775,414.75567626953125,406.9790073394775,414.75567626953125,433585,0.0,0.0
2015-12-02 00:00:00+08:00,417.3478299048639,417.9958855413621,401.7944946289062,401.79449462890625,609747,0.0,0.0
2015-12-03 00:00:00+08:00,401.79455266233356,405.0348313128362,395.3139953613282,395.3139953613281,230703,0.0,0.0
2015-12-04 00:00:00+08:00,398.55423112349075,429.0128471605705,398.55423112349075,427.71673583984375,829739,0.0,0.0
2015-12-07 00:00:00+08:00,426.42062153260395,432.90117809085024,417.3478423510592,422.53228759765625,538482,0.0,0.0
2015-12-08 00:00:00+08:00,421.2361566362069,426.4206016409602,412.8114335034827,415.4036560058594,402712,0.0,0.0
2015-12-09 00:00:00+08:00,420.58809852900464,438.7336559385765,408.92309733713705,411.51531982421875,892345,0.0,0.0
2015-12-10 00:00:00+08:00,411.5153886138416,417.34789018474646,394.6659396312276,395.3139953613281,842482,0.0,0.0
2015-12-11 00:00:00+08:00,400.49839290902634,406.9789494285899,392.07366943359375,392.07366943359375,1026332,0.0,0.0
2015-12-14 00:00:00+08:00,395.3139579013625,410.21923828125,394.01784656398104,410.21923828125,691901,0.0,0.0
2015-12-15 00:00:00+08:00,415.4037485995034,420.5881947598716,410.21930243913516,417.9959716796875,391669,0.0,0.0
2015-12-16 00:00:00+08:00,429.0128441559025,438.08562333744726,419.9400649743577,422.53228759765625,724976,0.0,0.0
2015-12-17 00:00:00+08:00,432.90116921098416,434.19728049604703,423.180334573013,433.5492248535156,411745,0.0,0.0
2015-12-18 00:00:00+08:00,428.36477817162535,432.25311201282017,427.7167225314262,430.9570007324219,364448,0.0,0.0
2015-12-21 00:00:00+08:00,429.66096524158155,436.78957854121563,427.71679797804495,430.30902099609375,354337,0.0,0.0
2015-12-22 00:00:00+08:00,433.5492091835616,436.1414316599954,430.3089310880193,432.9011535644531,325476,0.0,0.0
2015-12-23 00:00:00+08:00,437.437514806006,448.4544596233424,435.49334807353483,436.7894592285156,961781,0.0,0.0
2015-12-24 00:00:00+08:00,435.49343012287153,440.02982001998475,416.69981483483093,418.64398193359375,474511,0.0,0.0
2015-12-25 00:00:00+08:00,421.8841700627254,423.18028118426986,410.86722552959736,421.2361145019531,170470,0.0,0.0
2015-12-28 00:00:00+08:00,426.4206230349657,426.4206230349657,417.99589947956366,425.12451171875,154578,0.0,0.0
2015-12-29 00:00:00+08:00,421.23623769217676,424.47651644365504,421.23623769217676,423.8284606933594,147159,0.0,0.0
2015-12-30 00:00:00+08:00,423.8284463403432,436.141505178977,421.2362234269466,425.7726135253906,463820,0.0,0.0
2015-12-31 00:00:00+08:00,425.77255405997363,430.95699916268256,425.77255405997363,428.3647766113281,139381,0.0,0.0
2016-01-04 00:00:00+08:00,430.9570575016801,430.9570575016801,416.05177581365206,421.88427734375,304210,0.0,0.0
2016-01-05 00:00:00+08:00,421.2361516179265,431.60504150390625,416.05170667493667,431.60504150390625,363533,0.0,0.0
2016-01-06 00:00:00+08:00,431.6050698020241,432.9011811227509,425.1245131983901,427.71673583984375,350300,0.0,0.0
2016-01-07 00:00:00+08:00,424.4764322596272,427.7167103684793,399.8503186323511,411.51531982421875,345706,0.0,0.0
2016-01-08 00:00:00+08:00,401.794572265625,411.51540869140626,399.20234921875,405.03485107421875,428660,0.0,0.0
2016-01-11 00:00:00+08:00,400.4984089663355,401.7945203222136,364.8553466796875,364.8553466796875,745036,0.0,0.0
2016-01-12 00:00:00+08:00,364.207257245038,375.8722583667652,340.2291993837099,359.6708679199219,1116799,0.0,0.0
2016-01-13 00:00:00+08:00,368.7436616070958,384.2969970703125,368.0956059627951,384.2969970703125,571209,0.0,0.0
2016-01-14 00:00:00+08:00,377.1683735894998,390.7775417087086,368.09559484336063,390.1294860839844,639510,0.0,0.0
2016-01-15 00:00:00+08:00,401.7944946289062,404.38671717489916,397.9061608099168,401.79449462890625,533361,0.0,0.0
2016-01-18 00:00:00+08:00,390.77760701365287,408.9231675383333,390.77760701365287,399.20233154296875,241157,0.0,0.0
2016-01-19 00:00:00+08:00,404.386669921875,421.2361145019531,395.9619476318359,421.2361145019531,615828,0.0,0.0
2016-01-20 00:00:00+08:00,419.29199298688184,424.4764380315419,408.9231028975617,420.5881042480469,433421,0.0,0.0
2016-01-21 00:00:00+08:00,419.9401389898256,430.309031310562,417.3479159096415,417.9959716796875,512270,0.0,0.0
2016-01-22 00:00:00+08:00,425.1245000187201,428.36477822008226,405.6828308105469,405.6828308105469,443501,0.0,0.0
2016-01-25 00:00:00+08:00,405.6828781587386,411.5153796019154,404.38676672692156,408.92315673828125,202150,0.0,0.0
2016-01-26 00:00:00+08:00,406.9789532917302,407.627008949838,392.72172881335746,398.5542297363281,341241,0.0,0.0
2016-01-27 00:00:00+08:00,402.4425510516887,406.97894051603953,397.906161587338,403.0906066894531,435765,0.0,0.0
2016-01-28 00:00:00+08:00,399.2022744078225,414.755609774361,399.2022744078225,405.6828308105469,394102,0.0,0.0
2016-01-29 00:00:00+08:00,411.51541242763653,414.75569126564943,406.3309662868159,414.1076354980469,174747,0.0,0.0
2016-02-01 00:00:00+08:00,418.6440258712649,418.6440258712649,411.51541242763653,414.1076354980469,105086,0.0,0.0
2016-02-02 00:00:00+08:00,419.94007358889604,438.0856323242187,419.2920179197774,438.08563232421875,818597,0.0,0.0
2016-02-03 00:00:00+08:00,436.1415315965345,437.4376431317396,414.1076354980468,414.1076354980469,522873,0.0,0.0
2016-02-15 00:00:00+08:00,405.0348049555069,418.64397440201196,401.79452651586286,404.3867492675781,333103,0.0,0.0
2016-02-16 00:00:00+08:00,404.3867372630331,413.4595166247038,404.3867372630331,410.21923828125,145082,0.0,0.0
2016-02-17 00:00:00+08:00,412.16341436035896,433.54925189792476,412.16341436035896,427.0686950683594,513320,0.0,0.0
2016-02-18 00:00:00+08:00,434.19731242164283,447.158426225274,434.19731242164283,436.1414794921875,691503,0.0,0.0
2016-02-19 00:00:00+08:00,429.01281144883893,434.19725630018445,418.64392174614795,419.9400329589844,312282,0.0,0.0
2016-02-22 00:00:00+08:00,414.10757937000506,423.82841456648407,411.515356650944,423.18035888671875,377140,0.0,0.0
2016-02-23 00:00:00+08:00,416.0517178137325,417.99588471940416,400.4983825683593,400.4983825683594,888250,0.0,0.0
2016-02-24 00:00:00+08:00,399.2022689121222,410.8672702764374,388.8333788105086,396.61004638671875,639790,0.0,0.0
2016-02-25 00:00:00+08:00,401.14654406598885,403.0907114847255,390.77765116606025,397.2582092285156,411135,0.0,0.0
2016-02-26 00:00:00+08:00,397.2581575952395,400.4984362053148,381.0567645448627,384.9450988769531,707463,0.0,0.0
2016-03-01 00:00:00+08:00,382.35286116399686,386.24119534532565,380.40869407333247,385.5931396484375,430120,0.0,0.0
2016-03-02 00:00:00+08:00,388.8334362712127,397.90621645087435,388.8334362712127,391.4256591796875,610518,0.0,0.0
2016-03-03 00:00:00+08:00,392.72177063392485,396.61010499663695,387.53732481697534,391.4256591796875,242420,0.0,0.0
2016-03-04 00:00:00+08:00,388.8333748345359,392.72170858288126,384.94504108619054,390.1294860839844,302185,0.0,0.0
2016-03-07 00:00:00+08:00,387.5372488550088,392.7216936557447,387.5372488550088,390.77752685546875,108576,0.0,0.0
2016-03-08 00:00:00+08:00,388.18537686322185,392.0737111890638,377.8164853276433,383.64898681640625,437993,0.0,0.0
2016-03-09 00:00:00+08:00,384.9450463571003,384.9450463571003,370.68782241794844,373.9281005859375,443175,0.0,0.0
2016-03-10 00:00:00+08:00,375.8722508659761,375.8722508659761,366.7994723967974,371.9839172363281,416135,0.0,0.0
2016-03-11 00:00:00+08:00,375.87223407057246,381.05667867844244,370.03973388671875,370.03973388671875,304180,0.0,0.0
2016-03-14 00:00:00+08:00,374.576122918605,375.2241784945887,369.391678310735,370.03973388671875,157240,0.0,0.0
2016-03-15 00:00:00+08:00,371.98394700697247,378.46450357503824,370.03978003655277,370.6878356933594,221213,0.0,0.0
2016-03-16 00:00:00+08:00,374.5762323803372,374.5762323803372,369.39178625742596,373.2801208496094,123938,0.0,0.0
2016-03-17 00:00:00+08:00,373.2800837455036,373.2800837455036,360.3189697265625,360.3189697265625,424953,0.0,0.0
2016-03-18 00:00:00+08:00,360.3189716814251,364.2073059082031,359.67091597696214,364.2073059082031,300228,0.0,0.0
2016-03-21 00:00:00+08:00,363.5592459542411,392.0736966173188,363.5592459542411,385.5931396484375,737716,0.0,0.0
2016-03-22 00:00:00+08:00,385.5931261698405,393.36979426066085,385.5931261698405,388.8334045410156,335547,0.0,0.0
2016-03-23 00:00:00+08:00,390.1295158894857,392.0736829121908,384.29701482137045,388.8334045410156,260223,0.0,0.0
2016-03-24 00:00:00+08:00,397.90613826165753,413.45947265625,393.36974906323474,413.45947265625,816725,0.0,0.0
2016-03-25 00:00:00+08:00,412.163464453125,412.81152021484377,403.0906837890625,405.03485107421875,188105,0.0,0.0
2016-03-28 00:00:00+08:00,401.79452651586286,409.5711947710086,400.49841514000525,404.3867492675781,120212,0.0,0.0
2016-03-29 00:00:00+08:00,401.79452651586286,406.97897201929334,401.1464708279341,404.3867492675781,410477,0.0,0.0
2016-03-30 00:00:00+08:00,408.92310211794825,421.23615907554097,408.92310211794825,419.2919921875,412204,0.0,0.0
2016-03-31 00:00:00+08:00,425.7726135253906,425.7726135253906,421.2362234269466,425.7726135253906,342682,0.0,0.0
2016-04-01 00:00:00+08:00,423.82839890930546,427.0686771884286,419.9400649743577,422.53228759765625,510933,0.0,0.0
2016-04-06 00:00:00+08:00,421.23616612943493,430.9570007324219,413.45949844704535,430.9570007324219,271954,0.0,0.0
2016-04-07 00:00:00+08:00,429.6609191894531,431.605086244609,425.1245293940894,429.6609191894531,185020,0.0,0.0
2016-04-08 00:00:00+08:00,422.532262853674,434.8453195932749,421.88420723580026,431.60504150390625,270095,0.0,0.0
2016-04-11 00:00:00+08:00,425.77251441117915,438.7336259609867,425.77251441117915,436.7894592285156,339724,0.0,0.0
2016-04-12 00:00:00+08:00,428.3647970045912,434.8453536914988,410.21923828125,410.21923828125,372936,0.0,0.0
2016-04-13 00:00:00+08:00,410.2191699688251,424.47639230581433,410.2191699688251,421.2361145019531,223133,0.0,0.0
2016-04-14 00:00:00+08:00,430.9569782680935,432.2530894809299,413.4594768948025,419.9400329589844,159120,0.0,0.0
2016-04-15 00:00:00+08:00,419.29197564924726,419.29197564924726,414.1075308189629,417.3478088378906,49625,0.0,0.0
2016-04-18 00:00:00+08:00,414.75567626953125,417.3478992462158,414.10762052536006,414.75567626953125,76162,0.0,0.0
2016-04-19 00:00:00+08:00,414.75567626953125,423.18040094375607,412.8115090370178,414.75567626953125,133317,0.0,0.0
2016-04-20 00:00:00+08:00,415.403747033252,419.29208163886744,413.45957973044426,414.1076354980469,122120,0.0,0.0
2016-04-21 00:00:00+08:00,416.69986013959544,421.23625052991764,411.5154139792272,417.9959716796875,235116,0.0,0.0
2016-04-22 00:00:00+08:00,414.7556073588709,415.4036629953692,401.7944946289062,401.79449462890625,161222,0.0,0.0
2016-04-25 00:00:00+08:00,408.9230923721534,408.9230923721534,401.7944806192316,403.7386474609375,184100,0.0,0.0
2016-04-26 00:00:00+08:00,403.7386719453865,404.3867275985894,390.7775588813292,393.3697814941406,388880,0.0,0.0
2016-04-27 00:00:00+08:00,393.36982451473995,395.96204741104793,387.53732299804693,387.5373229980469,162010,0.0,0.0
2016-04-28 00:00:00+08:00,389.4814919983314,393.3698263610435,387.53732481697534,391.4256591796875,182100,0.0,0.0
2016-04-29 00:00:00+08:00,390.77760345256877,393.3698263610435,388.8334362712127,391.4256591796875,201210,0.0,0.0
2016-05-03 00:00:00+08:00,389.48145584833054,389.48145584833054,378.46450950985866,381.0567321777344,160080,0.0,0.0
2016-05-04 00:00:00+08:00,379.76069130686534,379.76069130686534,365.50346398817754,366.1515197753906,328505,0.0,0.0
2016-05-05 00:00:00+08:00,367.44760479704706,377.81649664317183,367.44760479704706,375.2242736816406,421156,0.0,0.0
2016-05-06 00:00:00+08:00,376.52032933870413,389.4814422247181,373.2800511172007,384.2969970703125,542030,0.0,0.0
2016-05-09 00:00:00+08:00,375.2242311750139,381.70478784470333,366.79950750441776,381.0567321777344,308141,0.0,0.0
2016-05-10 00:00:00+08:00,388.8333881320666,388.8333881320666,373.9281082536707,386.88922119140625,197104,0.0,0.0
2016-05-11 00:00:00+08:00,412.163398556593,425.12451171875,404.3867306592988,425.12451171875,1097966,0.0,0.0
2016-05-12 00:00:00+08:00,432.2531173773472,443.9181190457014,421.8842270054768,440.02978515625,817148,0.0,0.0
2016-05-13 00:00:00+08:00,440.02978361906827,440.02978361906827,421.23616988570603,437.43756103515625,362145,0.0,0.0
2016-05-16 00:00:00+08:00,437.4376083822811,446.5103884079877,433.5492740855497,440.6778869628906,452693,0.0,0.0
2016-05-17 00:00:00+08:00,437.4375625632824,443.2700633974595,432.2531173773472,440.02978515625,354503,0.0,0.0
2016-05-18 00:00:00+08:00,437.43753747625664,476.96892975188877,435.49337064302887,471.78448486328125,781491,0.0,0.0
2016-05-19 00:00:00+08:00,465.30404192243304,465.30404192243304,449.10264770507814,453.6390380859375,408033,0.0,0.0
2016-05-20 00:00:00+08:00,454.2869864751682,463.3597650923613,445.8622634734889,452.9908752441406,511767,0.0,0.0
2016-05-23 00:00:00+08:00,449.7506886263207,461.4156920777238,440.0298524168181,454.2870788574219,295219,0.0,0.0
2016-05-24 00:00:00+08:00,454.28702074919835,471.7845236881832,453.63896508479155,459.4714660644531,381420,0.0,0.0
2016-05-25 00:00:00+08:00,465.95202270852155,469.8403566949626,459.4714660644531,459.4714660644531,221356,0.0,0.0
2016-05-26 00:00:00+08:00,457.52726455273717,460.1194870147923,451.694764013113,452.9908752441406,160220,0.0,0.0
2016-05-27 00:00:00+08:00,453.6389449547077,458.8233900399044,451.0467224121094,451.0467224121094,184205,0.0,0.0
2016-05-30 00:00:00+08:00,449.7506252360378,457.5272931075543,447.80645826815874,449.1025695800781,172541,0.0,0.0
2016-05-31 00:00:00+08:00,456.2311877424189,459.4714660644531,452.34285375597784,459.4714660644531,205782,0.0,0.0
2016-06-01 00:00:00+08:00,453.63892664584085,458.17531591229925,446.51031494140625,446.51031494140625,211681,0.0,0.0
2016-06-02 00:00:00+08:00,445.2142318792608,451.69478838405354,441.3258979763852,442.62200927734375,141074,0.0,0.0
2016-06-03 00:00:00+08:00,440.67785998358244,452.34286215961845,440.67785998358244,447.1584167480469,206056,0.0,0.0
2016-06-06 00:00:00+08:00,447.15846395149504,456.2312443794964,447.15846395149504,450.39874267578125,148198,0.0,0.0
2016-06-07 00:00:00+08:00,450.3987426757812,450.3987426757812,450.3987426757812,450.39874267578125,0,0.0,0.0
2016-06-08 00:00:00+08:00,460.76757739326683,482.80146998309954,456.2311877424189,459.4714660644531,572502,0.0,0.0
2016-06-13 00:00:00+08:00,459.4715053203494,459.4715053203494,445.8623352050782,445.8623352050781,195138,0.0,0.0
2016-06-14 00:00:00+08:00,442.6220541112563,445.8623326918658,438.085664098403,440.6778869628906,279265,0.0,0.0
2016-06-15 00:00:00+08:00,444.56617622878156,447.1583988306986,438.7336753744681,442.62200927734375,75289,0.0,0.0
2016-06-16 00:00:00+08:00,442.6219991486648,452.99088931905817,441.97394351301523,451.0467224121094,133206,0.0,0.0
2016-06-17 00:00:00+08:00,452.9909035158364,456.87923745159463,445.8622913002796,449.1025695800781,188205,0.0,0.0
2016-06-20 00:00:00+08:00,451.6947811733593,458.82339321483266,451.04672553322536,456.2311706542969,190471,0.0,0.0
2016-06-21 00:00:00+08:00,454.2869929813839,464.0078273533108,453.63893735658877,463.3597717285156,180469,0.0,0.0
2016-06-22 00:00:00+08:00,463.3598164762004,465.30398353833834,455.5831482276488,461.4156494140625,133232,0.0,0.0
2016-06-23 00:00:00+08:00,461.4155857853443,465.30391937342307,454.9350298052131,457.5272521972656,111952,0.0,0.0
2016-06-24 00:00:00+08:00,457.52733816102494,461.4156724796739,441.3259451666544,445.8623352050781,275473,0.0,0.0
2016-06-27 00:00:00+08:00,445.8622698590472,477.61699547400843,445.8622698590472,463.3597717285156,417731,0.0,0.0
2016-06-28 00:00:00+08:00,460.76758313409215,475.67286360115844,460.119527461611,469.8403625488281,407446,0.0,0.0
2016-06-29 00:00:00+08:00,473.0807040067117,475.6729270423649,466.6001464175787,473.728759765625,345935,0.0,0.0
2016-06-30 00:00:00+08:00,475.0248381428699,475.0248381428699,467.2481695784573,468.5442810058594,94746,0.0,0.0
2016-07-01 00:00:00+08:00,464.0079167863773,468.5443070342888,454.2870805408526,458.1754150390625,202282,0.0,0.0
2016-07-04 00:00:00+08:00,461.4156308343706,465.30396480207594,455.5831298828125,455.5831298828125,112431,0.0,0.0
2016-07-05 00:00:00+08:00,462.06366986802533,483.4495059208231,462.06366986802533,478.9131164550781,633359,0.0,0.0
2016-07-06 00:00:00+08:00,475.67274526998295,479.561078337585,471.78441220238096,476.32080078125,262384,0.0,0.0
2016-07-07 00:00:00+08:00,486.04177526525547,501.5951120737437,477.61705116065775,479.56121826171875,538470,0.0,0.0
2016-07-08 00:00:00+08:00,479.56121826171875,479.56121826171875,479.56121826171875,479.56121826171875,0,0.0,0.0
2016-07-11 00:00:00+08:00,492.5222794298102,497.70672447643983,488.63394564483804,495.114501953125,337034,0.0,0.0
2016-07-12 00:00:00+08:00,490.57810192477314,502.2431030273437,486.6897682239163,502.24310302734375,427185,0.0,0.0
2016-07-13 00:00:00+08:00,502.24308906300206,510.66781184728467,497.7066998714653,504.187255859375,326435,0.0,0.0
2016-07-14 00:00:00+08:00,502.8912224117975,510.01983510062456,502.8912224117975,507.4276123046875,213428,0.0,0.0
2016-07-15 00:00:00+08:00,510.0197143554687,526.8691585400204,507.42749217323,510.01971435546875,628812,0.0,0.0
2016-07-18 00:00:00+08:00,534.4018863726266,542.417914668216,525.7178557190714,527.7218627929688,424548,23.5,0.0
2016-07-19 00:00:00+08:00,531.0618407253161,531.0618407253161,514.3617828408723,515.02978515625,227447,0.0,0.0
2016-07-20 00:00:00+08:00,511.6898676884639,519.0378945090554,509.6858603737571,514.3618774414062,184368,0.0,0.0
2016-07-21 00:00:00+08:00,517.7018286052503,517.7018286052503,507.6817932128906,507.6817932128906,257634,0.0,0.0
2016-07-22 00:00:00+08:00,507.6817344490021,517.0337663993785,492.9856842412678,493.6536865234375,311990,0.0,0.0
2016-07-25 00:00:00+08:00,494.32174724422083,496.99375668878423,484.30171182710825,487.6417236328125,164116,0.0,0.0
2016-07-26 00:00:00+08:00,487.6417629152303,517.0338691731346,486.9737605002779,511.6898498535156,388640,0.0,0.0
2016-07-27 00:00:00+08:00,507.01373291015625,513.025753458498,505.009726060709,507.01373291015625,252011,0.0,0.0
2016-07-28 00:00:00+08:00,507.68182828064755,526.3858956383556,507.0138258750151,519.7058715820312,345291,0.0,0.0
2016-07-29 00:00:00+08:00,521.0418059946497,523.7138152561608,514.3617828408723,515.02978515625,247875,0.0,0.0
2016-08-01 00:00:00+08:00,511.0217652314693,523.7138090738196,509.01775830899294,516.3657836914062,269066,0.0,0.0
2016-08-02 00:00:00+08:00,513.6938202381134,523.0458533763885,513.0258178710938,513.0258178710938,224057,0.0,0.0
2016-08-03 00:00:00+08:00,508.3498080218279,516.3658365320276,505.00979614257807,505.0097961425781,298390,0.0,0.0
2016-08-04 00:00:00+08:00,503.0057215496777,509.6857444122232,492.98568725585943,492.9856872558594,320497,0.0,0.0
2016-08-05 00:00:00+08:00,488.9777694127549,491.6497790816771,477.62172831983577,478.9577331542969,419198,0.0,0.0
2016-08-08 00:00:00+08:00,481.62967837022876,483.6336853537387,474.2816527640255,479.62567138671875,240366,0.0,0.0
2016-08-09 00:00:00+08:00,482.2977287417553,498.99778860123433,482.2977287417553,488.9777526855469,334139,0.0,0.0
2016-08-10 00:00:00+08:00,478.9577037751076,482.29771565638447,465.59765625,465.59765625,632255,0.0,0.0
2016-08-11 00:00:00+08:00,461.5897295495501,480.29379963259987,461.5897295495501,466.2657470703125,541290,0.0,0.0
2016-08-12 00:00:00+08:00,476.2856691184619,480.2936831643396,468.2696410267066,470.941650390625,465502,0.0,0.0
2016-08-15 00:00:00+08:00,477.6217005575857,517.7018432617188,474.2816886655746,517.7018432617188,1179529,0.0,0.0
2016-08-16 00:00:00+08:00,534.4019089302006,553.1059757427578,529.0578898408987,549.0979614257812,1409857,0.0,0.0
2016-08-17 00:00:00+08:00,546.4259131170382,557.1139505374204,524.3818359375,524.3818359375,853228,0.0,0.0
2016-08-18 00:00:00+08:00,529.0578911607699,541.0819341416966,529.0578911607699,535.7379150390625,421073,0.0,0.0
2016-08-19 00:00:00+08:00,541.0818944068471,546.4259131170382,521.7098265824045,524.3818359375,422230,0.0,0.0
2016-08-22 00:00:00+08:00,529.0578275337565,531.729836763725,514.3617767689299,516.3657836914062,425352,0.0,0.0
2016-08-23 00:00:00+08:00,523.0458622889365,523.0458622889365,517.7018432617188,517.7018432617188,197645,0.0,0.0
2016-08-24 00:00:00+08:00,518.369845640121,523.0458622889365,515.6978361265121,517.7018432617188,161486,0.0,0.0
2016-08-25 00:00:00+08:00,517.7018620722936,520.3738716829893,504.341814018815,513.69384765625,313027,0.0,0.0
2016-08-26 00:00:00+08:00,509.68580029136257,514.3618168077971,506.34578849390937,507.6817932128906,191619,0.0,0.0
2016-08-29 00:00:00+08:00,507.6817839736238,513.0258027522935,505.00977458428895,509.685791015625,104437,0.0,0.0
2016-08-30 00:00:00+08:00,511.02184030880966,529.7259076665177,511.02184030880966,519.7058715820312,388628,0.0,0.0
2016-08-31 00:00:00+08:00,521.709927219869,527.7219494285486,516.3659074788203,522.3779296875,382640,0.0,0.0
2016-09-01 00:00:00+08:00,522.377896012931,528.3899178340517,521.0418911637931,523.0458984375,172825,0.0,0.0
2016-09-02 00:00:00+08:00,526.3858245176718,526.3858245176718,511.02177126398345,515.02978515625,273349,0.0,0.0
2016-09-05 00:00:00+08:00,511.02171443058893,521.041748046875,511.02171443058893,521.041748046875,83084,0.0,0.0
2016-09-06 00:00:00+08:00,524.3819160118642,525.7179208934231,519.705898926408,520.3739013671875,90460,0.0,0.0
2016-09-07 00:00:00+08:00,523.0459622158094,544.4220424085372,523.0459622158094,535.0700073242188,643975,0.0,0.0
2016-09-08 00:00:00+08:00,539.077902878387,544.4219217421133,527.7218627929688,527.7218627929688,381043,0.0,0.0
2016-09-09 00:00:00+08:00,526.3858678712194,526.3858678712194,519.037841796875,519.037841796875,262244,0.0,0.0
2016-09-12 00:00:00+08:00,511.02184429939604,523.7138901055248,511.02184429939604,512.3578491210938,199231,0.0,0.0
2016-09-13 00:00:00+08:00,519.0377990081025,519.0377990081025,505.6777527015877,508.3497619628906,170130,0.0,0.0
2016-09-14 00:00:00+08:00,507.68185305905035,514.3618774414062,507.68185305905035,514.3618774414062,130643,0.0,0.0
2016-09-19 00:00:00+08:00,517.0338691731346,517.0338691731346,511.0218474385632,511.6898498535156,182556,0.0,0.0
2016-09-20 00:00:00+08:00,517.033865997036,517.033865997036,511.02184429939604,512.3578491210938,138529,0.0,0.0
2016-09-21 00:00:00+08:00,513.6938539427915,526.3858997489203,511.6898467102449,512.3578491210938,486321,0.0,0.0
2016-09-22 00:00:00+08:00,515.6978611753382,523.0458876946759,512.3578491210938,512.3578491210938,284279,0.0,0.0
2016-09-23 00:00:00+08:00,513.0258027522935,517.7018191836296,509.68579101562494,509.685791015625,212673,0.0,0.0
2016-09-26 00:00:00+08:00,507.6817534549303,507.6817534549303,501.6697326903324,503.0057373046875,146207,0.0,0.0
2016-09-27 00:00:00+08:00,503.0057373046875,503.0057373046875,503.0057373046875,503.0057373046875,0,0.0,0.0
2016-09-28 00:00:00+08:00,503.0057373046875,503.0057373046875,503.0057373046875,503.0057373046875,0,0.0,0.0
2016-09-29 00:00:00+08:00,505.677812545026,507.0138173337843,488.30975029116775,488.9777526855469,352699,0.0,0.0
2016-09-30 00:00:00+08:00,489.64579519682627,495.6578172388064,486.9737854003906,486.9737854003906,244787,0.0,0.0
2016-10-03 00:00:00+08:00,488.9777705980384,493.6537875299868,488.30976817918855,491.6497802734375,128163,0.0,0.0
2016-10-04 00:00:00+08:00,492.98574780142883,499.665771484375,492.98574780142883,499.665771484375,120222,0.0,0.0
2016-10-05 00:00:00+08:00,497.6618508003853,501.66986570616024,494.3218383789062,494.32183837890625,91301,0.0,0.0
2016-10-06 00:00:00+08:00,497.66184112425606,497.66184112425606,494.9898312390252,496.3258361816406,68507,0.0,0.0
2016-10-07 00:00:00+08:00,498.3298044619353,498.3298044619353,488.9777705980384,491.6497802734375,124307,0.0,0.0
2016-10-11 00:00:00+08:00,494.3218235463404,495.657828474844,474.281749618786,478.2897644042969,262666,0.0,0.0
2016-10-12 00:00:00+08:00,480.9617381984904,480.9617381984904,469.60569715769276,472.9457092285156,165220,0.0,0.0
2016-10-13 00:00:00+08:00,478.2897213406033,484.9697453816732,474.28170691596137,480.96173095703125,190601,0.0,0.0
2016-10-14 00:00:00+08:00,480.9617937114877,480.9617937114877,469.60575135996646,474.2817687988281,191674,0.0,0.0
2016-10-17 00:00:00+08:00,470.9416382097891,474.28164982829827,466.26562194387634,466.9336242675781,163657,0.0,0.0
2016-10-18 00:00:00+08:00,468.9376251607002,479.6256622013999,467.6016205306127,474.94964599609375,180945,0.0,0.0
2016-10-19 00:00:00+08:00,476.2857318266979,489.64578040528687,476.2857318266979,483.6337585449219,509304,0.0,0.0
2016-10-20 00:00:00+08:00,480.9617340979225,483.6337437317998,477.6217220555758,480.2937316894531,178699,0.0,0.0
2016-10-21 00:00:00+08:00,484.96971149418124,486.97371856647123,481.6296997070312,481.62969970703125,166685,0.0,0.0
2016-10-24 00:00:00+08:00,480.96168550531917,480.96168550531917,469.6056457086658,470.941650390625,129307,0.0,0.0
2016-10-25 00:00:00+08:00,473.61369358409536,473.61369358409536,469.6056792519309,470.273681640625,93120,0.0,0.0
2016-10-26 00:00:00+08:00,472.94572826939765,472.94572826939765,468.2697111819884,468.9377136230469,60155,0.0,0.0
2016-10-27 00:00:00+08:00,468.2697545792107,470.2737620881089,464.26173956141434,466.2657470703125,155316,0.0,0.0
2016-10-28 00:00:00+08:00,464.9296767290901,465.59767913818365,454.2416381835938,454.24163818359375,288537,0.0,0.0
2016-10-31 00:00:00+08:00,454.2416303585737,454.2416303585737,441.5495848044371,442.8855895996094,320831,0.0,0.0
2016-11-01 00:00:00+08:00,443.55359963809747,456.2456454108743,443.55359963809747,454.24163818359375,226790,0.0,0.0
2016-11-02 00:00:00+08:00,449.56558611349095,450.9015908270526,435.53753662109375,435.53753662109375,160757,0.0,0.0
2016-11-03 00:00:00+08:00,431.5294856536083,436.8735040517954,416.83343505859375,416.83343505859375,283819,0.0,0.0
2016-11-04 00:00:00+08:00,418.837474735371,441.5495547050722,418.837474735371,436.2055358886719,382777,0.0,0.0
2016-11-07 00:00:00+08:00,432.8655496432087,440.2135759488804,424.1815185546875,424.1815185546875,214349,0.0,0.0
2016-11-08 00:00:00+08:00,423.5135168945312,423.5135168945312,406.81345708007814,417.5014953613281,680524,0.0,0.0
2016-11-09 00:00:00+08:00,422.1774910322202,428.85751462450213,408.81744384765625,408.81744384765625,603376,0.0,0.0
2016-11-10 00:00:00+08:00,424.1815185546875,432.197547251784,418.8374994232899,424.1815185546875,491770,0.0,0.0
2016-11-11 00:00:00+08:00,427.52148748012723,428.1894898043149,417.5014526173117,420.1734619140625,418949,0.0,0.0
2016-11-14 00:00:00+08:00,416.1654756115329,416.8334779800907,404.8094353460496,414.1614685058594,280355,0.0,0.0
2016-11-15 00:00:00+08:00,414.16148413681407,414.16148413681407,404.14144823027823,410.82147216796875,235800,0.0,0.0
2016-11-16 00:00:00+08:00,413.49352388489456,423.5135608126384,413.49352388489456,414.82952880859375,414146,0.0,0.0
2016-11-17 00:00:00+08:00,416.165444946289,416.165444946289,400.8013916015625,400.8013916015625,439819,0.0,0.0
2016-11-18 00:00:00+08:00,400.8014094946051,410.8214447319702,400.8014094946051,410.1534423828125,380181,0.0,0.0
2016-11-21 00:00:00+08:00,410.1534573704438,414.16147161184875,404.8094383819038,413.49346923828125,112458,0.0,0.0
2016-11-22 00:00:00+08:00,414.16148030338957,418.16949462890625,413.49347791580345,418.16949462890625,165531,0.0,0.0
2016-11-23 00:00:00+08:00,418.16949151387433,422.17750580953447,414.1614772182142,418.8374938964844,180530,0.0,0.0
2016-11-24 00:00:00+08:00,415.49747324297505,418.83748508576423,413.49346613730154,414.1614685058594,192202,0.0,0.0
2016-11-25 00:00:00+08:00,416.1654874661479,418.16949462890625,412.82547552821734,418.16949462890625,88076,0.0,0.0
2016-11-28 00:00:00+08:00,418.1694760865803,426.85350674013546,415.4974666547172,422.177490234375,247175,0.0,0.0
2016-11-29 00:00:00+08:00,422.177572275137,422.8455747629141,411.4895324707031,411.4895324707031,170728,0.0,0.0
2016-11-30 00:00:00+08:00,411.48945952868854,411.48945952868854,404.809435835041,407.4814453125,329500,0.0,0.0
2016-12-01 00:00:00+08:00,410.15347052960357,410.8214729246029,404.1414489746094,404.1414489746094,235605,0.0,0.0
2016-12-02 00:00:00+08:00,407.4814546638502,410.1534642026295,404.8094451250708,405.4774475097656,209351,0.0,0.0
2016-12-05 00:00:00+08:00,406.1454505600921,407.4814553316714,395.45741238745813,398.79742431640625,276568,0.0,0.0
2016-12-06 00:00:00+08:00,406.8134924781244,408.8174998302334,401.46947287250043,403.4734802246094,347896,0.0,0.0
2016-12-07 00:00:00+08:00,406.1455125684862,411.4895324707031,403.47350261737773,411.4895324707031,490330,0.0,0.0
2016-12-08 00:00:00+08:00,420.17349921332465,452.23761362070076,417.5014896793766,444.88958740234375,1269469,0.0,0.0
2016-12-09 00:00:00+08:00,440.88154952718605,442.217554222723,430.1935119628906,430.1935119628906,776556,0.0,0.0
2016-12-12 00:00:00+08:00,435.53753074503834,443.5535589182599,430.1935119628906,430.1935119628906,324277,0.0,0.0
2016-12-13 00:00:00+08:00,427.521530511811,433.5335520346334,423.5135161632628,424.1815185546875,168109,0.0,0.0
2016-12-14 00:00:00+08:00,430.86156704362185,431.52956947314686,424.8495451778969,425.5175476074219,124180,0.0,0.0
2016-12-15 00:00:00+08:00,424.84950640278475,428.18951824557394,414.1614685058594,414.1614685058594,405755,0.0,0.0
2016-12-16 00:00:00+08:00,415.49742109153414,418.16943023038647,408.81739824440336,412.15740966796875,261116,0.0,0.0
2016-12-19 00:00:00+08:00,414.1614968257723,415.49750165424257,408.14947509765625,408.14947509765625,182441,0.0,0.0
2016-12-20 00:00:00+08:00,410.8214825094736,410.8214825094736,402.137451171875,402.137451171875,206013,0.0,0.0
2016-12-21 00:00:00+08:00,407.48147268342115,412.157489583067,404.80946302648067,408.14947509765625,330197,0.0,0.0
2016-12-22 00:00:00+08:00,408.1494539160477,410.15346105475174,404.80944201820773,406.14544677734375,92183,0.0,0.0
2016-12-23 00:00:00+08:00,406.8134247430481,406.8134247430481,403.47341304565026,404.8094177246094,144300,0.0,0.0
2016-12-26 00:00:00+08:00,406.14546785495094,410.8214847545967,404.14146061224557,408.14947509765625,96120,0.0,0.0
2016-12-27 00:00:00+08:00,410.1534886853448,410.1534886853448,406.8134765625,406.8134765625,71130,0.0,0.0
2016-12-28 00:00:00+08:00,409.4854736328125,412.1574832486873,408.81747122884383,409.4854736328125,139025,0.0,0.0
2016-12-29 00:00:00+08:00,409.4854799261265,409.4854799261265,406.81347026918604,408.14947509765625,86195,0.0,0.0
2016-12-30 00:00:00+08:00,408.8174649866616,416.83349371189024,408.8174649866616,410.82147216796875,317100,0.0,0.0
2017-01-03 00:00:00+08:00,412.1574832486873,414.8294928645621,406.8134640169377,409.4854736328125,167250,0.0,0.0
2017-01-04 00:00:00+08:00,410.15346105475174,411.48946581388776,405.47744439777574,406.14544677734375,184500,0.0,0.0
2017-01-05 00:00:00+08:00,406.8135150562633,412.15753495848026,406.8135150562633,411.4895324707031,172731,0.0,0.0
2017-01-06 00:00:00+08:00,411.4894347947007,419.5054627452468,411.4894347947007,412.825439453125,351752,0.0,0.0
2017-01-09 00:00:00+08:00,417.5014904342727,417.5014904342727,405.4774475097656,405.4774475097656,295180,0.0,0.0
2017-01-10 00:00:00+08:00,405.4774259387088,411.4894470811279,405.4774259387088,410.1534423828125,219239,0.0,0.0
2017-01-11 00:00:00+08:00,412.1574434588845,414.1614504773231,404.8094177246094,404.8094177246094,223185,0.0,0.0
2017-01-12 00:00:00+08:00,402.8054441846107,410.15347052960357,402.8054441846107,404.1414489746094,180390,0.0,0.0
2017-01-13 00:00:00+08:00,404.8094851260154,410.1535047316394,402.8054777739064,403.4734802246094,205700,0.0,0.0
2017-01-16 00:00:00+08:00,404.8094273481964,404.8094273481964,395.4573943731555,396.1253967285156,294216,0.0,0.0
2017-01-17 00:00:00+08:00,394.1214421503373,398.79745926059553,385.43741037414344,391.4494323730469,465972,0.0,0.0
2017-01-18 00:00:00+08:00,392.1173614501953,398.12938232421874,389.4453521728515,394.1213684082031,346549,0.0,0.0
2017-01-19 00:00:00+08:00,396.1254494833051,397.4614543719503,391.4494323730469,391.4494323730469,134220,0.0,0.0
2017-01-20 00:00:00+08:00,387.44143037042255,391.44944516735796,386.1054254381108,388.7774353027344,168368,0.0,0.0
2017-01-23 00:00:00+08:00,397.4614658871213,403.47348806020375,395.45745849609375,395.45745849609375,299802,0.0,0.0
2017-01-24 00:00:00+08:00,396.1253967285156,400.13341086067595,394.7893920177955,396.1253967285156,168903,0.0,0.0
2017-02-02 00:00:00+08:00,398.79741866884086,398.79741866884086,386.773375894906,393.4533996582031,367032,0.0,0.0
2017-02-03 00:00:00+08:00,393.45342387604427,394.7894287109375,390.11341178881133,394.7894287109375,163288,0.0,0.0
2017-02-06 00:00:00+08:00,392.11742003238965,392.11742003238965,386.1053982601724,388.1094055175781,331789,0.0,0.0
2017-02-07 00:00:00+08:00,387.4413913892663,387.4413913892663,380.0933650008492,384.10137939453125,413123,0.0,0.0
2017-02-08 00:00:00+08:00,375.4173774993677,378.75738975470017,370.7413603419023,371.40936279296875,604422,0.0,0.0
2017-02-09 00:00:00+08:00,373.4133177193189,380.0933412921153,372.74531536203926,376.0853271484375,231708,0.0,0.0
2017-02-10 00:00:00+08:00,378.08938084537414,380.09338816434257,372.745361328125,372.745361328125,278838,0.0,0.0
2017-02-13 00:00:00+08:00,374.0813434657766,374.0813434657766,357.38128348962584,358.0492858886719,799155,0.0,0.0
2017-02-14 00:00:00+08:00,361.38931479714137,372.07735368208455,360.7213123668324,367.4013366699219,580711,0.0,0.0
2017-02-15 00:00:00+08:00,368.737357547305,368.737357547305,362.7253354133816,364.06134033203125,350100,0.0,0.0
2017-02-16 00:00:00+08:00,364.06132451837715,371.4093512517756,362.0573172274503,367.4013366699219,373871,0.0,0.0
2017-02-17 00:00:00+08:00,373.413305696936,374.0813080327087,368.7372893465271,372.0773010253906,390076,0.0,0.0
2017-02-20 00:00:00+08:00,380.7613035815343,382.09730815550466,377.4212921466086,378.08929443359375,349327,0.0,0.0
2017-02-21 00:00:00+08:00,376.7533236116976,378.7573306521854,367.4012907560881,370.7413024902344,372208,0.0,0.0
2017-02-22 00:00:00+08:00,372.7453561123935,373.41335854270244,366.065331809304,367.4013366699219,304286,0.0,0.0
2017-02-23 00:00:00+08:00,366.7333106852819,368.73731784749657,358.7172820364233,359.3852844238281,581037,0.0,0.0
2017-02-24 00:00:00+08:00,352.7052399553571,355.37724934895834,348.029223516555,350.70123291015625,784695,0.0,0.0
2017-03-01 00:00:00+08:00,352.70525192002117,357.38126851744573,348.6972376936573,354.7092590332031,526266,0.0,0.0
2017-03-02 00:00:00+08:00,357.3812653964623,363.3932866835056,355.37725830078125,355.37725830078125,404375,0.0,0.0
2017-03-03 00:00:00+08:00,355.37727629248775,360.05329308580997,355.37727629248775,358.0492858886719,190820,0.0,0.0
2017-03-06 00:00:00+08:00,358.0492402993652,388.7773467429674,358.0492402993652,381.4293212890625,1119543,0.0,0.0
2017-03-07 00:00:00+08:00,384.1013546873325,392.7853853150461,383.4333523313545,389.44537353515625,741550,0.0,0.0
2017-03-08 00:00:00+08:00,382.0973666828566,384.76937624007934,369.40532128604843,378.7573547363281,720329,0.0,0.0
2017-03-09 00:00:00+08:00,380.7613556498174,383.43336516314946,374.0813318664873,380.0933532714844,308220,0.0,0.0
2017-03-10 00:00:00+08:00,378.08934045475434,378.757342823049,370.74131440351357,374.74932861328125,380253,0.0,0.0
2017-03-13 00:00:00+08:00,372.74527613771255,378.08929443359375,371.40927156374227,378.08929443359375,145690,0.0,0.0
2017-03-14 00:00:00+08:00,378.7573547363281,382.7653690721623,378.7573547363281,378.7573547363281,182302,0.0,0.0
2017-03-15 00:00:00+08:00,378.75738208394654,383.43339914671134,376.08537233379525,379.4253845214844,149109,0.0,0.0
2017-03-16 00:00:00+08:00,380.09334755963823,383.4333594011113,372.0773191401028,374.74932861328125,379382,0.0,0.0
2017-03-17 00:00:00+08:00,374.7494072027966,377.4214172363281,374.7494072027966,377.4214172363281,114699,0.0,0.0
2017-03-20 00:00:00+08:00,380.09338268220733,390.11341913252915,378.089375392143,386.7734069824219,524820,0.0,0.0
2017-03-21 00:00:00+08:00,388.1093660680259,390.11337312173345,382.7653472581392,383.433349609375,312464,0.0,0.0
2017-03-22 00:00:00+08:00,381.4293642935509,382.7653690721623,378.08935234702244,378.7573547363281,198499,0.0,0.0
2017-03-23 00:00:00+08:00,379.42531738281247,396.79337768554683,379.42531738281247,394.1213684082031,801408,0.0,0.0
2017-03-24 00:00:00+08:00,413.4934415906948,433.5335114577721,407.4814206305716,426.18548583984375,1798018,0.0,0.0
2017-03-27 00:00:00+08:00,414.82947771172775,416.8334848504317,406.14544677734375,406.14544677734375,638042,0.0,0.0
2017-03-28 00:00:00+08:00,412.15748733064265,412.15748733064265,395.4574270660299,402.137451171875,589224,0.0,0.0
2017-03-29 00:00:00+08:00,407.4814478761738,422.84550246822624,406.8134455026063,413.49346923828125,677663,0.0,0.0
2017-03-30 00:00:00+08:00,413.49352388489456,420.1735485033904,406.8134992663987,414.82952880859375,354832,0.0,0.0
2017-03-31 00:00:00+08:00,415.4974889243521,417.5014961056593,408.1494625928925,410.82147216796875,345063,0.0,0.0
2017-04-05 00:00:00+08:00,412.8254637687437,417.50148034864856,406.1454400831653,414.1614685058594,403971,0.0,0.0
2017-04-06 00:00:00+08:00,414.1614504773231,414.8294528168027,402.80541070617073,404.8094177246094,422121,0.0,0.0
2017-04-07 00:00:00+08:00,405.4774875767184,407.4814949288274,397.46145816828243,403.4734802246094,373314,0.0,0.0
2017-04-10 00:00:00+08:00,409.4854549968763,414.16147161184875,403.4734336347688,413.49346923828125,539605,0.0,0.0
2017-04-11 00:00:00+08:00,414.82948089549336,414.82948089549336,401.46943320159664,405.4774475097656,328775,0.0,0.0
2017-04-12 00:00:00+08:00,405.4774293409256,406.1454316956882,398.79740579329916,402.805419921875,208539,0.0,0.0
2017-04-13 00:00:00+08:00,398.1294683507971,402.80548559652794,394.78945603241795,395.45745849609375,288538,0.0,0.0
2017-04-14 00:00:00+08:00,393.4534129797894,393.4534129797894,383.43337699558424,384.10137939453125,307145,0.0,0.0
2017-04-17 00:00:00+08:00,386.1054498453056,387.44145486207134,374.0814046944137,377.4214172363281,273409,0.0,0.0
2017-04-18 00:00:00+08:00,381.4293460066746,386.1053625076321,374.08132007659856,376.0853271484375,498420,0.0,0.0
2017-04-19 00:00:00+08:00,376.0853799504342,376.0853799504342,368.7373529887028,371.40936279296875,817379,0.0,0.0
2017-04-20 00:00:00+08:00,370.7413540091566,380.7613906039987,368.7373466901882,372.745361328125,702271,0.0,0.0
2017-04-21 00:00:00+08:00,375.41734422756946,378.75735618688947,365.3973083496094,365.3973083496094,591462,0.0,0.0
2017-04-24 00:00:00+08:00,369.40526470278684,378.08929443359375,366.7332555548462,378.08929443359375,354605,0.0,0.0
2017-04-25 00:00:00+08:00,380.7613871048908,397.4614479428246,380.0933846713734,392.7854309082031,637152,0.0,0.0
2017-04-26 00:00:00+08:00,399.4653932776006,399.4653932776006,383.4333373601049,386.1053466796875,414612,0.0,0.0
2017-04-27 00:00:00+08:00,384.7693359375,392.1173614501953,384.7693359375,387.44134521484375,161209,0.0,0.0
2017-04-28 00:00:00+08:00,387.4413633999759,392.11737985480323,385.4373563479071,390.1133728027344,312235,0.0,0.0
2017-05-02 00:00:00+08:00,388.77736810135514,396.1253939589409,388.77736810135514,390.1133728027344,183045,0.0,0.0
2017-05-03 00:00:00+08:00,390.1133953545249,390.7813977438306,377.42134995771676,378.7573547363281,389654,0.0,0.0
2017-05-04 00:00:00+08:00,378.7573459625244,382.7653602055141,372.74532459803993,374.0813293457031,313423,0.0,0.0
2017-05-05 00:00:00+08:00,368.06928734805996,368.06928734805996,358.7172546386719,358.7172546386719,850430,0.0,0.0
2017-05-08 00:00:00+08:00,358.0492771776051,358.0492771776051,350.03324858407666,353.3732604980469,402816,0.0,0.0
2017-05-09 00:00:00+08:00,356.0453003367216,376.0853735264057,356.0453003367216,372.745361328125,837634,0.0,0.0
2017-05-10 00:00:00+08:00,372.74527613771255,380.7613035815343,372.74527613771255,378.08929443359375,466747,0.0,0.0
2017-05-11 00:00:00+08:00,378.75736020295517,385.43738419242527,375.4173482082201,384.10137939453125,427660,0.0,0.0
2017-05-12 00:00:00+08:00,384.10139518871637,385.4374000415467,380.09338063022545,380.7613830566406,340388,0.0,0.0
2017-05-15 00:00:00+08:00,382.7653499753765,390.1133758911342,382.0973476193986,389.44537353515625,427637,0.0,0.0
2017-05-16 00:00:00+08:00,392.78540738423663,395.45741695827905,384.7693786621094,384.7693786621094,495629,0.0,0.0
2017-05-17 00:00:00+08:00,388.1093660680259,390.11337312173345,381.42934255566746,383.433349609375,325372,0.0,0.0
2017-05-18 00:00:00+08:00,372.7453000817744,386.77334900958317,372.7453000817744,386.1053466796875,391250,0.0,0.0
2017-05-19 00:00:00+08:00,384.7693605222902,393.45339122852243,381.42934871220086,382.09735107421875,412910,0.0,0.0
2017-05-22 00:00:00+08:00,382.76536278481643,384.1013675414825,378.08934613648535,380.0933532714844,159150,0.0,0.0
2017-05-23 00:00:00+08:00,380.09333785319575,386.77336136555425,378.7573331507241,383.433349609375,160113,0.0,0.0
2017-05-24 00:00:00+08:00,386.77340489437705,387.44140732079217,380.7613830566406,380.7613830566406,129140,0.0,0.0
2017-05-25 00:00:00+08:00,382.0973510742187,390.1133794184331,382.0973510742187,382.09735107421875,168941,0.0,0.0
2017-05-26 00:00:00+08:00,382.76536278481643,384.1013675414825,380.09335327148443,380.0933532714844,100105,0.0,0.0
2017-05-31 00:00:00+08:00,380.761403987545,385.4374212294973,380.761403987545,382.7654113769531,233171,0.0,0.0
2017-06-01 00:00:00+08:00,381.4293303704179,388.7773559992701,381.4293303704179,386.1053466796875,191287,0.0,0.0
2017-06-02 00:00:00+08:00,386.77342790426667,390.7814427012021,386.77342790426667,388.7774353027344,174240,0.0,0.0
2017-06-05 00:00:00+08:00,387.44134521484375,396.1253753662109,386.10534057617184,394.1213684082031,312601,0.0,0.0
2017-06-06 00:00:00+08:00,394.789416196166,398.12942817752105,391.44940421481095,397.46142578125,316641,0.0,0.0
2017-06-07 00:00:00+08:00,399.4654437125997,411.48948716883183,398.7974412983646,408.14947509765625,734021,0.0,0.0
2017-06-08 00:00:00+08:00,407.4814949288274,407.4814949288274,402.1374753232034,403.4734802246094,458630,0.0,0.0
2017-06-09 00:00:00+08:00,403.4734249738307,416.8334721583946,400.8014155369179,408.81744384765625,530035,0.0,0.0
2017-06-12 00:00:00+08:00,407.4814058306894,434.20149801630845,406.1454012214085,416.1654357910156,878946,0.0,0.0
2017-06-13 00:00:00+08:00,415.4974666547172,423.51349495030655,415.4974666547172,422.177490234375,351015,0.0,0.0
2017-06-14 00:00:00+08:00,423.5135168945312,424.8495216796875,413.4934810058594,417.5014953613281,552549,0.0,0.0
2017-06-15 00:00:00+08:00,420.17356481180565,421.50956978735985,411.4895324707031,411.4895324707031,252557,0.0,0.0
2017-06-16 00:00:00+08:00,411.48947382812497,420.84150732421875,405.4774522949219,417.5014953613281,389626,0.0,0.0
2017-06-19 00:00:00+08:00,420.84144885723407,420.84144885723407,412.82542125995343,416.83343505859375,220252,0.0,0.0
2017-06-20 00:00:00+08:00,414.8294708744172,419.50548745432206,414.1614685058594,414.1614685058594,205466,0.0,0.0
2017-06-21 00:00:00+08:00,414.1614927432928,417.5015047815452,414.1614927432928,415.49749755859375,155080,0.0,0.0
2017-06-22 00:00:00+08:00,416.16548436604427,420.1734986617044,412.8254724529941,418.8374938964844,316850,0.0,0.0
2017-06-23 00:00:00+08:00,419.5055847167969,420.84158976366564,414.82956705275615,419.5055847167969,191558,0.0,0.0
2017-06-26 00:00:00+08:00,422.84549526268165,432.8655306954466,421.50949053831295,428.18951416015625,530048,0.0,0.0
2017-06-27 00:00:00+08:00,427.52149049764887,429.5254974843566,424.181478853136,426.18548583984375,198848,0.0,0.0
2017-06-28 00:00:00+08:00,422.84553881389337,443.5536141744474,422.84553881389337,438.2095947265625,686712,0.0,0.0
2017-06-29 00:00:00+08:00,440.8815776026526,447.5616015057231,430.8615417480469,430.8615417480469,444819,0.0,0.0
2017-06-30 00:00:00+08:00,429.5255345278566,433.5335488469346,424.1815154357526,424.8495178222656,301572,0.0,0.0
2017-07-03 00:00:00+08:00,424.8495023492346,430.1935212467093,419.50548345175997,428.18951416015625,250744,0.0,0.0
2017-07-04 00:00:00+08:00,429.5254974843566,436.87352310228493,426.18548583984375,426.18548583984375,285433,0.0,0.0
2017-07-05 00:00:00+08:00,428.85756936058266,428.85756936058266,422.1775449157137,423.5135498046875,138040,0.0,0.0
2017-07-06 00:00:00+08:00,423.5135498046875,426.18555958263505,422.1775449157137,423.5135498046875,159205,0.0,0.0
2017-07-07 00:00:00+08:00,425.51748050756413,425.51748050756413,418.83745726568714,420.1734619140625,152344,0.0,0.0
2017-07-10 00:00:00+08:00,423.5135016656691,423.5135016656691,413.49346613730154,414.1614685058594,132340,0.0,0.0
2017-07-11 00:00:00+08:00,414.16152634674415,420.1735485033904,413.49352388489456,414.82952880859375,153500,0.0,0.0
2017-07-12 00:00:00+08:00,415.49752359254666,424.84955788562644,415.49752359254666,422.8455505371094,179240,0.0,0.0
2017-07-13 00:00:00+08:00,426.18556278463785,426.18556278463785,420.84154318859225,422.8455505371094,90245,0.0,0.0
2017-07-14 00:00:00+08:00,421.50954563809796,423.5135529866151,418.1695333905694,422.8455505371094,167120,0.0,0.0
2017-07-17 00:00:00+08:00,427.5215759277344,433.5335980892181,425.5175685405731,427.5215759277344,185534,0.0,0.0
2017-07-18 00:00:00+08:00,430.19356461409683,430.86156704362185,425.5175476074219,425.5175476074219,120427,0.0,0.0
2017-07-19 00:00:00+08:00,427.5215759277344,433.5335980892181,425.5175685405731,427.5215759277344,199150,0.0,0.0
2017-07-20 00:00:00+08:00,427.5215122325674,427.5215122325674,421.50949096679693,421.5094909667969,140225,0.0,0.0
2017-07-21 00:00:00+08:00,422.1775113804134,426.85352812038633,418.16949703186515,424.1815185546875,216140,0.0,0.0
2017-07-24 00:00:00+08:00,424.18155543612073,424.84955788562644,420.17354073908655,422.8455505371094,60410,0.0,0.0
2017-07-25 00:00:00+08:00,421.5095034269244,421.5095034269244,418.8374938964843,418.8374938964844,137131,0.0,0.0
2017-07-26 00:00:00+08:00,424.1815040342269,424.1815040342269,412.8254637687437,414.1614685058594,239520,0.0,0.0
2017-07-27 00:00:00+08:00,416.16546979916643,417.5014745176228,406.14543441074346,408.81744384765625,335238,0.0,0.0
2017-07-28 00:00:00+08:00,406.14546161296903,413.4934880566247,404.80945680503163,409.4854736328125,328220,0.0,0.0
2017-07-31 00:00:00+08:00,412.82548792799184,418.16950718919566,410.15347829738994,415.49749755859375,227150,0.0,0.0
2017-08-01 00:00:00+08:00,418.83753584007513,428.8575725826607,415.49752359254666,422.8455505371094,282339,0.0,0.0
2017-08-02 00:00:00+08:00,422.8455106627266,431.5295416873956,422.8455106627266,424.8495178222656,413381,0.0,0.0
2017-08-03 00:00:00+08:00,434.2014891444345,438.20950289038313,429.52547310749446,431.52947998046875,603444,0.0,0.0
2017-08-04 00:00:00+08:00,434.2016005516052,436.2056079387665,426.1855710029602,427.5215759277344,299211,0.0,0.0
2017-08-07 00:00:00+08:00,426.8535274062046,434.2015536995821,426.8535274062046,430.8615417480469,186568,0.0,0.0
2017-08-08 00:00:00+08:00,435.53753074503834,437.5415377883437,430.1935119628906,430.1935119628906,183717,0.0,0.0
2017-08-09 00:00:00+08:00,430.19353935773984,432.86554891896805,427.52152979651163,430.8615417480469,122453,0.0,0.0
2017-08-10 00:00:00+08:00,428.85753529466047,431.52954486035924,421.50950898898867,424.1815185546875,237140,0.0,0.0
2017-08-11 00:00:00+08:00,421.50950898898867,425.51752333753694,421.50950898898867,424.1815185546875,462298,0.0,0.0
2017-08-14 00:00:00+08:00,428.1895329032357,428.1895329032357,419.5055018147146,424.1815185546875,103208,0.0,0.0
2017-08-15 00:00:00+08:00,426.18551064143105,427.5215153769841,418.16948222811254,420.84149169921875,156476,0.0,0.0
2017-08-16 00:00:00+08:00,418.16952088264696,426.1855500369469,417.50151845312195,425.5175476074219,93061,0.0,0.0
2017-08-17 00:00:00+08:00,428.8575103427537,431.5295197529889,425.51749857995964,429.5255126953125,398745,0.0,0.0
2017-08-18 00:00:00+08:00,429.52548540466864,448.8975523980363,428.1894807844364,442.217529296875,1705829,0.0,0.0
2017-08-21 00:00:00+08:00,444.2215362272234,446.2255431575718,438.20951543617826,442.217529296875,492507,0.0,0.0
2017-08-22 00:00:00+08:00,444.2215757270209,452.905606530707,442.88557098799225,446.8935852050781,454516,0.0,0.0
2017-08-23 00:00:00+08:00,450.2336681430823,452.90567804304123,447.5616582431233,432.1976013183594,448196,0.0,0.0
2017-08-24 00:00:00+08:00,453.110328788188,469.1434634991546,453.110328788188,467.05218505859375,647831,27.0,0.0
2017-08-25 00:00:00+08:00,467.0522311642873,490.75338916366906,463.56676675261355,484.47955322265625,853044,0.0,0.0
2017-08-28 00:00:00+08:00,489.3591748405906,489.3591748405906,474.02313232421875,474.02313232421875,503325,0.0,0.0
2017-08-29 00:00:00+08:00,471.9318250154194,473.3260106136924,463.56671142578125,463.56671142578125,360529,0.0,0.0
2017-08-30 00:00:00+08:00,469.1434216735662,487.2678332092463,467.05214341944924,478.20562744140625,489473,0.0,0.0
2017-08-31 00:00:00+08:00,478.2056983238043,480.2969768879026,474.02314119560776,479.5998840332031,274859,0.0,0.0
2017-09-01 00:00:00+08:00,483.7824411613997,483.7824411613997,477.50860546910485,479.5998840332031,177446,0.0,0.0
2017-09-04 00:00:00+08:00,476.1143916343575,476.8114844478778,467.05218505859375,467.05218505859375,243280,0.0,0.0
2017-09-05 00:00:00+08:00,469.1434123175485,472.6288760049003,467.05213410513744,468.4463195800781,91181,0.0,0.0
2017-09-06 00:00:00+08:00,468.44637068563435,469.1434634991546,458.68707129635027,467.05218505859375,223012,0.0,0.0
2017-09-07 00:00:00+08:00,469.84051531864174,470.53760807134,465.6579588024521,467.7492370605469,95173,0.0,0.0
2017-09-08 00:00:00+08:00,479.59984293149387,484.4794924962039,476.8114717516596,482.3882141113281,737580,0.0,0.0
2017-09-11 00:00:00+08:00,485.87363746152283,485.87363746152283,475.4172464114183,476.8114318847656,270959,0.0,0.0
2017-09-12 00:00:00+08:00,478.9027931619678,478.9027931619678,471.2347717285156,471.2347717285156,215468,0.0,0.0
2017-09-13 00:00:00+08:00,471.2347860073824,471.2347860073824,455.89874267578125,455.89874267578125,372889,0.0,0.0
2017-09-14 00:00:00+08:00,460.081298828125,461.4754845821496,455.20164868903885,460.081298828125,197031,0.0,0.0
2017-09-15 00:00:00+08:00,460.08125951734644,460.08125951734644,448.2306816206875,452.4132385253906,337731,0.0,0.0
2017-09-18 00:00:00+08:00,460.08125951734644,460.08125951734644,446.8364959857864,452.4132385253906,330216,0.0,0.0
2017-09-19 00:00:00+08:00,448.92777443813804,452.4132385253906,444.04812471598433,452.4132385253906,331213,0.0,0.0
2017-09-20 00:00:00+08:00,449.62489914894104,451.0190848827362,444.74524908065797,446.1394348144531,138615,0.0,0.0
2017-09-21 00:00:00+08:00,446.1393635432918,451.01901283204654,442.6538997656098,446.8364562988281,193250,0.0,0.0
2017-09-22 00:00:00+08:00,446.139405457607,449.62486956274455,439.8655700683594,439.8655700683594,224402,0.0,0.0
2017-09-25 00:00:00+08:00,437.0771694399043,439.1684477625833,430.10624169764105,431.50042724609375,252307,0.0,0.0
2017-09-26 00:00:00+08:00,428.7120949881417,442.6539517357236,428.7120949881417,439.1684875488281,250300,0.0,0.0
2017-09-27 00:00:00+08:00,439.1684875488281,446.83650875999814,435.6830233619326,439.1684875488281,214107,0.0,0.0
2017-09-28 00:00:00+08:00,439.8655386015564,448.23065185546875,439.8655386015564,448.23065185546875,207129,0.0,0.0
2017-09-29 00:00:00+08:00,448.2306926881784,448.2306926881784,441.25976434155046,447.5335998535156,95264,0.0,0.0
2017-10-02 00:00:00+08:00,451.7161777496338,451.7161777496338,446.1394348144531,446.1394348144531,96302,0.0,0.0
2017-10-03 00:00:00+08:00,445.4423424737233,447.5336210768863,441.2597852673972,444.04815673828125,123361,0.0,0.0
2017-10-05 00:00:00+08:00,444.04816539675693,451.7161870912064,444.04816539675693,449.6249084472656,111188,0.0,0.0
2017-10-06 00:00:00+08:00,448.92777443813804,452.4132385253906,448.92777443813804,452.4132385253906,173459,0.0,0.0
2017-10-11 00:00:00+08:00,452.41327997252,452.41327997252,446.8365369220113,449.6249084472656,436007,0.0,0.0
2017-10-12 00:00:00+08:00,449.62485736451896,451.71613577086555,448.9277645624034,451.01904296875,232400,0.0,0.0
2017-10-13 00:00:00+08:00,454.5045154935113,462.17253646042633,450.3219586024667,460.7783508300781,200474,0.0,0.0
2017-10-16 00:00:00+08:00,466.35510172526045,472.6289371744792,463.56673041449653,470.53765869140625,811590,0.0,0.0
2017-10-17 00:00:00+08:00,472.6289689273578,476.1144332999784,466.3551330566406,466.3551330566406,313285,0.0,0.0
2017-10-18 00:00:00+08:00,471.2347609576057,474.02313232421875,464.2638325410731,474.02313232421875,234674,0.0,0.0
2017-10-19 00:00:00+08:00,475.4173457523044,487.2679247519953,470.5376955759611,484.47955322265625,477921,0.0,0.0
2017-10-20 00:00:00+08:00,483.0853348852883,495.63300592126984,476.11440653196524,494.9359130859375,598382,0.0,0.0
2017-10-23 00:00:00+08:00,494.9358723099892,506.08935675641146,490.05622286467946,495.6329650878906,611538,0.0,0.0
2017-10-24 00:00:00+08:00,494.23885128555406,498.421408560185,484.47955097808193,492.84466552734375,346120,0.0,0.0
2017-10-25 00:00:00+08:00,492.84464678771184,492.84464678771184,477.508604030527,485.87371826171875,343838,0.0,0.0
2017-10-26 00:00:00+08:00,485.873656578172,494.9358625114808,480.2969144653666,492.1474914550781,274402,0.0,0.0
2017-10-27 00:00:00+08:00,493.541749090211,494.2388419561576,487.96500616263796,489.35919189453125,184225,0.0,0.0
2017-10-30 00:00:00+08:00,493.54169438231423,522.1224987180133,493.54169438231423,513.7573852539062,668355,0.0,0.0
2017-10-31 00:00:00+08:00,513.0602924652306,515.848663619933,495.632972748341,513.7573852539062,704162,0.0,0.0
2017-11-01 00:00:00+08:00,511.6661080616918,529.0934278185614,505.3922729492187,505.39227294921875,507173,0.0,0.0
2017-11-02 00:00:00+08:00,514.454466796875,522.819580078125,513.7573740234375,522.819580078125,355306,0.0,0.0
2017-11-03 00:00:00+08:00,526.3050728592218,533.9730937882966,518.6370519301471,533.2760009765625,513752,0.0,0.0
2017-11-06 00:00:00+08:00,533.2759716796875,533.2759716796875,521.4253945312499,522.819580078125,379580,0.0,0.0
2017-11-07 00:00:00+08:00,529.790574980945,545.1266179409198,529.790574980945,543.0353393554688,559950,0.0,0.0
2017-11-08 00:00:00+08:00,538.1556177620936,553.491658682775,534.6701539164842,552.0974731445312,382338,0.0,0.0
2017-11-09 00:00:00+08:00,568.1306220559512,606.4707253848804,568.1306220559512,592.5288696289062,1309601,0.0,0.0
2017-11-10 00:00:00+08:00,592.5288385784252,607.1677863550686,590.437560324619,598.8026733398438,595993,0.0,0.0
2017-11-13 00:00:00+08:00,592.5288902138765,592.5288902138765,576.4957555375009,591.1347045898438,586247,0.0,0.0
2017-11-14 00:00:00+08:00,584.16378905661,589.7405316729022,577.8899536132812,577.8899536132812,368013,0.0,0.0
2017-11-15 00:00:00+08:00,573.0103149414062,579.9812433470195,566.039386535793,573.0103149414062,473570,0.0,0.0
2017-11-16 00:00:00+08:00,571.6161275081497,595.3172840145852,563.9481062854794,581.3754272460938,429681,0.0,0.0
2017-11-17 00:00:00+08:00,585.55798828125,637.8399515206473,585.55798828125,609.9562377929688,1020424,0.0,0.0
2017-11-20 00:00:00+08:00,605.7736424496298,609.2591064453125,594.6201576634456,596.0143432617188,419704,0.0,0.0
2017-11-21 00:00:00+08:00,596.0143646636566,615.5329637403612,586.9521579494724,590.4376220703125,644331,0.0,0.0
2017-11-22 00:00:00+08:00,596.0143335678998,600.8939830824908,579.2841066607307,592.5288696289062,501317,0.0,0.0
2017-11-23 00:00:00+08:00,592.5288805616566,598.8027157676036,583.4666741530666,587.6492309570312,332813,0.0,0.0
2017-11-24 00:00:00+08:00,585.5580757168459,592.5290051896654,582.7697039277181,583.466796875,192423,0.0,0.0
2017-11-27 00:00:00+08:00,583.4666946175266,600.1969224201797,583.4666946175266,586.2550659179688,173849,0.0,0.0
2017-11-28 00:00:00+08:00,592.5288792660361,609.956199244449,592.5288792660361,596.0143432617188,317890,0.0,0.0
2017-11-29 00:00:00+08:00,607.1678529188368,632.9602875434028,605.7736672634549,627.383544921875,763922,0.0,0.0
2017-11-30 00:00:00+08:00,627.3835491311961,627.3835491311961,600.8940215012123,606.4707641601562,522046,0.0,0.0
2017-12-01 00:00:00+08:00,619.7155015364938,653.1759560626487,619.7155015364938,641.3253784179688,1044640,0.0,0.0
2017-12-04 00:00:00+08:00,662.9352573978399,662.9352573978399,622.5038747174248,628.7777099609375,525766,0.0,0.0
2017-12-05 00:00:00+08:00,636.4457412364083,659.449804172664,623.8980705439052,628.0806274414062,579439,0.0,0.0
2017-12-06 00:00:00+08:00,628.0806221185728,637.142828653025,592.5288887911064,599.4998168945312,660740,0.0,0.0
2017-12-07 00:00:00+08:00,611.3503946703534,616.2300443427507,586.2550534980242,599.4998168945312,451850,0.0,0.0
2017-12-08 00:00:00+08:00,606.4706950844404,606.4706950844404,575.1015212007625,582.0724487304688,576934,0.0,0.0
2017-12-11 00:00:00+08:00,589.0433861868722,593.9230355398995,577.1928091866629,585.5579223632812,291135,0.0,0.0
2017-12-12 00:00:00+08:00,592.5288880945078,616.9271364278111,591.8317952849849,603.682373046875,629422,0.0,0.0
2017-12-13 00:00:00+08:00,607.8649498248923,613.4416924838362,596.0143716746363,606.4707641601562,385572,0.0,0.0
2017-12-14 00:00:00+08:00,609.9561452865601,634.3543910980225,602.9852179118566,624.5950927734375,824063,0.0,0.0
2017-12-15 00:00:00+08:00,619.7155357799509,622.5039071445401,614.1387930507724,618.3213500976562,229808,0.0,0.0
2017-12-18 00:00:00+08:00,614.1387748849652,630.8690025776316,607.1678466796875,607.1678466796875,365437,0.0,0.0
2017-12-19 00:00:00+08:00,616.9271148751475,616.9271148751475,599.4997952459061,609.2590942382812,171642,0.0,0.0
2017-12-20 00:00:00+08:00,652.478929258017,669.9062510864898,651.7818363848781,665.7236938476562,1592075,0.0,0.0
2017-12-21 00:00:00+08:00,668.5119603142666,714.5200827133715,668.5119603142666,693.6072998046875,1589855,0.0,0.0
2017-12-22 00:00:00+08:00,707.5491777468951,711.0346416766828,676.1800023788062,679.6654663085938,612003,0.0,0.0
2017-12-25 00:00:00+08:00,683.1509001358696,696.3956624854426,667.1177667653338,673.3916015625,322430,0.0,0.0
2017-12-26 00:00:00+08:00,681.7567475818452,681.7567475818452,655.2672216021825,658.752685546875,418627,0.0,0.0
2017-12-27 00:00:00+08:00,659.4498238806326,692.9102800606224,652.4788955098014,684.545166015625,834582,0.0,0.0
2017-12-28 00:00:00+08:00,695.0015481073762,704.063754853009,682.4538772288076,685.2422485351562,570282,0.0,0.0
2017-12-29 00:00:00+08:00,683.1509302383814,696.3956931715745,679.6654663085938,679.6654663085938,330394,0.0,0.0
2018-01-02 00:00:00+08:00,682.4539111607287,700.5783255531485,669.9062396582843,670.6033325195312,756601,0.0,0.0
2018-01-03 00:00:00+08:00,674.785901198462,688.7277586612403,665.7236938476562,665.7236938476562,555406,0.0,0.0
2018-01-04 00:00:00+08:00,672.6945091883341,678.9683439890543,667.8148598988851,669.2090454101562,513233,0.0,0.0
2018-01-05 00:00:00+08:00,678.9684541135326,692.9103114875272,674.7858969013344,682.4539184570312,761726,0.0,0.0
2018-01-08 00:00:00+08:00,686.636363912073,693.6072914644799,670.6032305415373,673.3916015625,472485,0.0,0.0
2018-01-09 00:00:00+08:00,671.9974168181669,676.8770661104151,662.9352109897062,665.0264892578125,484385,0.0,0.0
2018-01-10 00:00:00+08:00,670.6032936321533,674.7858505570939,658.7527156781547,660.843994140625,395157,0.0,0.0
2018-01-11 00:00:00+08:00,667.814883548629,667.814883548629,639.9311723357426,642.7195434570312,670160,0.0,0.0
2018-01-12 00:00:00+08:00,649.6904478843168,679.6654363596662,642.71952033191,673.3916015625,806573,0.0,0.0
2018-01-15 00:00:00+08:00,673.3915916546077,680.3625191044484,669.9061279296875,669.9061279296875,162063,0.0,0.0
2018-01-16 00:00:00+08:00,669.2090454101562,679.6654367446899,666.4206743876139,669.2090454101562,416491,0.0,0.0
2018-01-17 00:00:00+08:00,671.9974975585938,685.9393543544153,671.9974975585938,671.9974975585938,417563,0.0,0.0
2018-01-18 00:00:00+08:00,676.8770653387035,684.5450856463509,671.9974160520187,673.3916015625,332917,0.0,0.0
2018-01-19 00:00:00+08:00,676.179972966512,676.8770657221476,667.1177671432495,669.2090454101562,248156,0.0,0.0
2018-01-22 00:00:00+08:00,669.2091049382716,681.0596828382202,662.2381767618314,677.57421875,268264,0.0,0.0
2018-01-23 00:00:00+08:00,687.3335174373323,696.3957240566887,681.0596820854703,681.7567749023438,543960,0.0,0.0
2018-01-24 00:00:00+08:00,683.1509005228678,688.0305498123168,664.3293961207071,669.2090454101562,332985,0.0,0.0
2018-01-25 00:00:00+08:00,673.3916771547042,673.3916771547042,651.7817993164062,651.7817993164062,303891,0.0,0.0
2018-01-26 00:00:00+08:00,659.449746831258,672.6945091883341,653.1759120305379,669.2090454101562,394239,0.0,0.0
2018-01-29 00:00:00+08:00,675.4829019623126,675.4829019623126,658.7526752883233,659.4497680664062,238141,0.0,0.0
2018-01-30 00:00:00+08:00,659.4497996587763,664.3294493391267,652.4788715439901,653.1759643554688,283351,0.0,0.0
2018-01-31 00:00:00+08:00,652.4788722643663,659.4498003868489,648.2963153908768,648.993408203125,137043,0.0,0.0
2018-02-01 00:00:00+08:00,651.7817882367759,662.2381805614301,651.7817882367759,656.6614379882812,206537,0.0,0.0
2018-02-02 00:00:00+08:00,657.3585419843541,658.752727651341,650.3876136494192,651.7817993164062,172128,0.0,0.0
2018-02-05 00:00:00+08:00,638.5369867750983,645.5079145783199,637.8398939947762,642.7195434570312,236206,0.0,0.0
2018-02-06 00:00:00+08:00,626.686415627738,627.3835084148656,592.5288690584841,596.71142578125,627405,0.0,0.0
2018-02-07 00:00:00+08:00,621.1096478630515,651.7817292390047,612.7445347605188,639.93115234375,742276,0.0,0.0
2018-02-08 00:00:00+08:00,639.9312006572928,639.9312006572928,577.8899404628494,595.3172607421875,1010555,0.0,0.0
2018-02-09 00:00:00+08:00,595.3172607421875,595.3172607421875,595.3172607421875,595.3172607421875,0,0.0,0.0
2018-02-12 00:00:00+08:00,613.441652672313,616.2300238208236,592.5288690584841,596.71142578125,409103,0.0,0.0
2018-02-21 00:00:00+08:00,603.6823316600224,614.8358158477365,603.6823316600224,610.6532592773438,246463,0.0,0.0
2018-02-22 00:00:00+08:00,610.6533228734156,613.4416942107372,589.7405378435042,598.1056518554688,189073,0.0,0.0
2018-02-23 00:00:00+08:00,602.2881353697975,625.2921960957273,602.2881353697975,619.7154541015625,347531,0.0,0.0
2018-02-26 00:00:00+08:00,624.5951311686551,649.6904712602528,619.0183889260778,642.7195434570312,422599,0.0,0.0
2018-02-27 00:00:00+08:00,652.4789072222414,652.4789072222414,628.7777503359634,630.1719360351562,249262,0.0,0.0
2018-03-01 00:00:00+08:00,619.715443611145,635.0514838354928,617.624165398734,624.5950927734375,237653,0.0,0.0
2018-03-02 00:00:00+08:00,619.7155279751481,622.5038993046202,606.4707641601562,606.4707641601562,234202,0.0,0.0
2018-03-05 00:00:00+08:00,602.985241481236,609.2590763636997,585.5579223632812,585.5579223632812,317056,0.0,0.0
2018-03-06 00:00:00+08:00,599.499796360662,605.0765386523891,592.5288684960032,600.8939819335938,200041,0.0,0.0
2018-03-07 00:00:00+08:00,600.8940025152161,600.8940025152161,596.0143528428189,599.4998168945312,219155,0.0,0.0
2018-03-08 00:00:00+08:00,606.4707962727298,614.1388178347987,600.1969604492188,600.1969604492188,169140,0.0,0.0
2018-03-09 00:00:00+08:00,607.1678158827723,612.0474653789599,602.9852591717544,609.2590942382812,156050,0.0,0.0
2018-03-12 00:00:00+08:00,615.5329597499243,616.2300525695731,610.6533100123825,611.3504028320312,106130,0.0,0.0
2018-03-13 00:00:00+08:00,615.5328993702934,616.2299921215622,598.1055805885751,598.8026733398438,149008,0.0,0.0
2018-03-14 00:00:00+08:00,596.7114463645345,596.7114463645345,591.1347038751463,595.3172607421875,168831,0.0,0.0
2018-03-15 00:00:00+08:00,595.3172607421875,600.1969104204021,592.5288894974934,595.3172607421875,135850,0.0,0.0
2018-03-16 00:00:00+08:00,598.802690973741,622.5038452148438,598.802690973741,622.5038452148438,515519,0.0,0.0
2018-03-19 00:00:00+08:00,619.0184504416137,632.960307433542,616.2300790432281,630.1719360351562,258299,0.0,0.0
2018-03-20 00:00:00+08:00,627.3835729380123,662.935308737833,626.6864800791923,637.8399658203125,675832,0.0,0.0
2018-03-21 00:00:00+08:00,642.022449632273,659.4497691119764,642.022449632273,651.0846557617188,403495,0.0,0.0
2018-03-22 00:00:00+08:00,651.0847205528846,651.7818134014423,634.3544921875,634.3544921875,200721,0.0,0.0
2018-03-23 00:00:00+08:00,591.1347218480604,613.4416924838362,589.0434433509564,606.4707641601562,564133,0.0,0.0
2018-03-26 00:00:00+08:00,601.5910946183062,612.7445795706734,601.5910946183062,603.682373046875,284335,0.0,0.0
2018-03-27 00:00:00+08:00,611.3503939516274,620.4126004754258,603.682373046875,603.682373046875,248371,0.0,0.0
2018-03-28 00:00:00+08:00,598.1056839905864,598.1056839905864,591.1347552727474,591.8318481445312,312535,0.0,0.0
2018-03-29 00:00:00+08:00,594.6201576634456,606.4707352487665,592.5288792660361,596.0143432617188,272120,0.0,0.0
2018-03-30 00:00:00+08:00,600.1969312211157,602.985302562445,593.923095703125,593.923095703125,148041,0.0,0.0
2018-04-02 00:00:00+08:00,591.1346444371235,594.6201081425311,578.5869750976562,578.5869750976562,323289,0.0,0.0
2018-04-03 00:00:00+08:00,571.6160491943359,571.6160491943359,549.3090814208985,557.6741943359375,676948,0.0,0.0
2018-04-09 00:00:00+08:00,563.9480724972134,566.0393508871907,538.8527318174857,542.3381958007812,672283,0.0,0.0
2018-04-10 00:00:00+08:00,547.217823760678,557.6742152975063,545.8236382224343,552.0974731445312,541690,0.0,0.0
2018-04-11 00:00:00+08:00,557.6742437346248,572.3131926326588,554.8858725159517,566.7364501953125,523341,0.0,0.0
2018-04-12 00:00:00+08:00,564.6451704545455,577.1928409090909,563.9480776515152,575.1015625,189368,0.0,0.0
2018-04-13 00:00:00+08:00,574.4044878910895,592.5289013439636,571.6161165906473,586.2550659179688,414360,0.0,0.0
2018-04-16 00:00:00+08:00,592.5288690584841,601.5910752911434,584.8608484000803,596.71142578125,354490,0.0,0.0
2018-04-17 00:00:00+08:00,601.5910946183062,609.9562083325816,597.4085377611685,603.682373046875,318602,0.0,0.0
2018-04-18 00:00:00+08:00,602.9853052372555,602.9853052372555,578.5870558923955,581.3754272460938,212653,0.0,0.0
2018-04-19 00:00:00+08:00,584.1637682679471,596.7114387080701,579.2841186523438,579.2841186523438,152211,0.0,0.0
2018-04-20 00:00:00+08:00,582.072418434568,588.3462528847609,575.798583984375,575.798583984375,184865,0.0,0.0
2018-04-23 00:00:00+08:00,575.1016281070781,575.1016281070781,554.8859345130111,558.3713989257812,192250,0.0,0.0
2018-04-24 00:00:00+08:00,558.3712870788574,563.2509362792969,550.0061741638183,557.6741943359375,197709,0.0,0.0
2018-04-25 00:00:00+08:00,545.8236579319939,561.8567922007499,545.8236579319939,554.8858642578125,142108,0.0,0.0
2018-04-26 00:00:00+08:00,559.7655157172588,561.159701310577,542.3381958007812,542.3381958007812,240577,0.0,0.0
2018-04-27 00:00:00+08:00,547.2178774909328,551.4004345163412,529.093463714163,536.0643920898438,352600,0.0,0.0
2018-04-30 00:00:00+08:00,534.6701338195801,564.6451217651367,534.6701338195801,557.6741943359375,212040,0.0,0.0
2018-05-02 00:00:00+08:00,561.8567922007499,564.6451633779247,550.70330749205,554.8858642578125,116820,0.0,0.0
2018-05-03 00:00:00+08:00,550.7033100029348,552.794588395351,536.7614540534934,538.1556396484375,156394,0.0,0.0
2018-05-04 00:00:00+08:00,538.852743470435,545.1265787760417,524.9108872357538,533.2760009765625,288163,0.0,0.0
2018-05-07 00:00:00+08:00,533.9731033127028,543.7324028510552,530.4876391918627,536.761474609375,195051,0.0,0.0
2018-05-08 00:00:00+08:00,541.6410938645902,547.2178361437623,534.670166015625,534.670166015625,265494,0.0,0.0
2018-05-09 00:00:00+08:00,536.7614120483398,575.1015129089355,536.7614120483398,557.6741943359375,659604,0.0,0.0
2018-05-10 00:00:00+08:00,560.4625849971065,566.0393271363812,554.8858428578318,564.6451416015625,338231,0.0,0.0
2018-05-11 00:00:00+08:00,571.6161520174235,575.101616358993,562.5539447293423,563.2510375976562,323220,0.0,0.0
2018-05-14 00:00:00+08:00,565.3422963915773,573.7074105182097,557.6742751088308,560.462646484375,308186,0.0,0.0
2018-05-15 00:00:00+08:00,567.4336063989837,567.4336063989837,558.3713989257812,558.3713989257812,176712,0.0,0.0
2018-05-16 00:00:00+08:00,550.0062420960594,579.9812337438801,550.0062420960594,569.5248413085938,265156,0.0,0.0
2018-05-17 00:00:00+08:00,571.616069275656,578.5869969497493,564.6451416015625,564.6451416015625,152111,0.0,0.0
2018-05-18 00:00:00+08:00,564.6451217651367,569.5247709655762,557.6741943359375,557.6741943359375,136863,0.0,0.0
2018-05-21 00:00:00+08:00,558.3713179029515,567.4335240611767,552.7945756517361,555.5829467773438,236062,0.0,0.0
2018-05-22 00:00:00+08:00,557.6742577125959,559.0684433568774,537.4585658705142,545.1265869140625,352134,0.0,0.0
2018-05-23 00:00:00+08:00,547.2177938605025,550.0061647846325,540.2468665501776,545.8236083984375,151160,0.0,0.0
2018-05-24 00:00:00+08:00,545.823638683057,550.006195301318,537.4585254465351,547.9149169921875,172227,0.0,0.0
2018-05-25 00:00:00+08:00,547.2178646029555,552.0975143510072,544.4294933183544,549.3091430664062,148002,0.0,0.0
2018-05-28 00:00:00+08:00,549.3091237673723,555.5829589373042,540.9440102074631,542.3381958007812,165150,0.0,0.0
2018-05-29 00:00:00+08:00,542.3382258885343,547.2178757358605,540.2469473825374,544.4295043945312,95082,0.0,0.0
2018-05-30 00:00:00+08:00,540.2469387302151,543.7324028510552,533.2760104885349,536.761474609375,251107,0.0,0.0
2018-05-31 00:00:00+08:00,536.7614120483398,557.6741943359375,533.2759483337402,557.6741943359375,358681,0.0,0.0
2018-06-01 00:00:00+08:00,550.006205603727,555.5829478658687,546.5207416898885,547.2178344726562,133852,0.0,0.0
2018-06-04 00:00:00+08:00,543.7323603739266,551.4003808407383,543.7323603739266,547.9149169921875,106068,0.0,0.0
2018-06-05 00:00:00+08:00,547.2178925434649,566.0393996755332,547.2178925434649,559.7655639648438,325160,0.0,0.0
2018-06-06 00:00:00+08:00,557.674312824725,571.6161706453431,556.2801270426631,570.2219848632812,227514,0.0,0.0
2018-06-07 00:00:00+08:00,573.0102429418506,591.1346545190868,573.0102429418506,582.0724487304688,525953,0.0,0.0
2018-06-08 00:00:00+08:00,571.6160286046282,571.6160286046282,550.7032470703125,550.7032470703125,575455,0.0,0.0
2018-06-11 00:00:00+08:00,550.7033990854871,550.7033990854871,520.0313110351562,520.0313110351562,741357,0.0,0.0
2018-06-12 00:00:00+08:00,520.0312415784825,520.0312415784825,508.8777565044132,510.2719421386719,616423,0.0,0.0
2018-06-13 00:00:00+08:00,514.4545397017893,515.8487254462385,508.87779672399205,511.6661682128906,275475,0.0,0.0
2018-06-14 00:00:00+08:00,507.48356445312504,508.18065726143976,487.96496582031256,487.9649658203125,564113,0.0,0.0
2018-06-15 00:00:00+08:00,491.4504645985259,496.33011460163186,467.7493074405828,471.2347717285156,617224,0.0,0.0
2018-06-19 00:00:00+08:00,472.62891379269684,494.2387903820385,465.6579858606512,490.7533264160156,731020,0.0,0.0
2018-06-20 00:00:00+08:00,487.96499681951667,493.54173964031116,480.9940682935236,485.87371826171875,284175,0.0,0.0
2018-06-21 00:00:00+08:00,487.26785278320307,491.45040945945374,484.4794816657026,487.2678527832031,326274,0.0,0.0
2018-06-22 00:00:00+08:00,484.47951524522574,484.47951524522574,470.53765869140625,470.53765869140625,185616,0.0,0.0
2018-06-25 00:00:00+08:00,472.6289240373884,492.84461547851566,472.6289240373884,487.9649658203125,297375,0.0,0.0
2018-06-26 00:00:00+08:00,487.96496582031256,492.14752267020094,480.99403773716523,487.9649658203125,258246,0.0,0.0
2018-06-27 00:00:00+08:00,483.7823888863275,496.3300589150795,483.7823888863275,487.2678527832031,169173,0.0,0.0
2018-06-28 00:00:00+08:00,487.9649455625782,492.84459501820396,487.26785278320307,487.2678527832031,146280,0.0,0.0
2018-06-29 00:00:00+08:00,490.05626497022746,498.4213790237733,485.17661510565904,486.57080078125,149140,0.0,0.0
2018-07-02 00:00:00+08:00,497.02718202847956,497.02718202847956,486.57078969968967,491.450439453125,192325,0.0,0.0
2018-07-03 00:00:00+08:00,487.9649552431973,492.1475120024247,487.9649552431973,490.7533264160156,207177,0.0,0.0
2018-07-04 00:00:00+08:00,487.96499929120466,487.96499929120466,475.4173278808594,475.4173278808594,196051,0.0,0.0
2018-07-05 00:00:00+08:00,470.53766476599526,476.8115002962085,440.56267278830967,441.259765625,613122,0.0,0.0
2018-07-06 00:00:00+08:00,446.8364906812969,448.9277691088224,411.9818502225374,423.8324279785156,1093278,0.0,0.0
2018-07-09 00:00:00+08:00,430.1062537638346,432.19753214518227,417.55858347574866,418.25567626953125,434820,0.0,0.0
2018-07-10 00:00:00+08:00,421.74114955099003,428.01498483356676,411.9818502225374,423.8324279785156,800323,0.0,0.0
2018-07-11 00:00:00+08:00,423.8324320652174,425.22661769701085,416.86150390625,400.828369140625,529499,0.0,0.0
2018-07-12 00:00:00+08:00,421.2341727120535,440.91120154116334,421.2341727120535,433.6234130859375,634225,25.0,0.0
2018-07-13 00:00:00+08:00,443.09752657530737,446.741420708328,437.26729596247435,444.5550842285156,562813,0.0,0.0
2018-07-16 00:00:00+08:00,448.1989936952871,451.11410910143525,445.28387828913884,447.47021484375,289088,0.0,0.0
2018-07-17 00:00:00+08:00,448.19898994407845,451.84288417126606,437.9960861079531,439.4536437988281,269563,0.0,0.0
2018-07-18 00:00:00+08:00,443.82630153699995,443.82630153699995,440.18240743571096,442.3687438964844,102125,0.0,0.0
2018-07-19 00:00:00+08:00,442.3687515132683,444.55508801168645,440.1824150148502,440.91119384765625,189544,0.0,0.0
2018-07-20 00:00:00+08:00,444.55505938862643,470.79109568041423,442.36872303097743,470.06231689453125,577969,0.0,0.0
2018-07-23 00:00:00+08:00,472.9774546615576,473.70623348229964,451.11409003929765,454.0292053222656,362941,0.0,0.0
2018-07-24 00:00:00+08:00,454.0292014337355,454.0292014337355,446.0126344742314,451.8428649902344,169052,0.0,0.0
2018-07-25 00:00:00+08:00,452.5716362367489,459.1306454575713,451.84285743443525,453.3004150390625,157527,0.0,0.0
2018-07-26 00:00:00+08:00,459.1306421475148,465.68965132105075,453.3004117710384,462.7745361328125,194737,0.0,0.0
2018-07-27 00:00:00+08:00,467.147213708238,484.63790501712674,463.5033196855528,482.4515686035156,453961,0.0,0.0
2018-07-30 00:00:00+08:00,483.1803431357107,483.1803431357107,470.7911035681284,474.43499755859375,211760,0.0,0.0
2018-07-31 00:00:00+08:00,475.8925634330307,499.21348537768154,475.1637846222604,490.4681396484375,326852,0.0,0.0
2018-08-01 00:00:00+08:00,488.2817654079861,504.3148980034722,486.09542914496524,491.9256591796875,359329,0.0,0.0
2018-08-02 00:00:00+08:00,487.5529866536458,504.3148980034722,483.9090928819444,491.9256591796875,508684,0.0,0.0
2018-08-03 00:00:00+08:00,479.53644914524534,486.095458328083,473.7062187605007,474.43499755859375,496152,0.0,0.0
2018-08-06 00:00:00+08:00,467.14721258254275,474.43500061035155,458.4018669491722,459.1306457519531,242862,0.0,0.0
2018-08-07 00:00:00+08:00,466.418486804497,480.99406451713753,462.77459237633684,478.0789489746094,199571,0.0,0.0
2018-08-08 00:00:00+08:00,475.8925781711688,489.73937600463313,475.16379933782855,481.7228088378906,379085,0.0,0.0
2018-08-09 00:00:00+08:00,479.53644111101016,481.72277746865916,466.4184229651163,470.06231689453125,246784,0.0,0.0
2018-08-10 00:00:00+08:00,466.4184912033437,480.265290160943,465.6897123108385,468.6048278808594,240150,0.0,0.0
2018-08-13 00:00:00+08:00,465.68964653510557,465.68964653510557,439.45361011059254,448.927734375,244846,0.0,0.0
2018-08-14 00:00:00+08:00,450.3852701822916,493.383216688368,450.3852701822916,491.9256591796875,512807,0.0,0.0
2018-08-15 00:00:00+08:00,485.3667438829606,514.5178996717269,485.3667438829606,499.94232177734375,835958,0.0,0.0
2018-08-16 00:00:00+08:00,489.0106201171875,499.9423031302394,478.8077159716724,489.0106201171875,479298,0.0,0.0
2018-08-17 00:00:00+08:00,495.569582703293,506.5012646746892,474.43499755859375,474.43499755859375,509572,0.0,0.0
2018-08-20 00:00:00+08:00,474.4350092107599,486.09547026663114,474.4350092107599,480.9940185546875,182371,0.0,0.0
2018-08-21 00:00:00+08:00,486.82432166129485,501.399900154148,482.45164811343886,487.5531005859375,557507,0.0,0.0
2018-08-22 00:00:00+08:00,487.55309340533086,488.28187231924016,480.2653042662377,483.180419921875,193347,0.0,0.0
2018-08-23 00:00:00+08:00,483.9091066316794,490.4681156071088,473.7062037810115,477.35009765625,142119,0.0,0.0
2018-08-24 00:00:00+08:00,478.8077286243439,478.8077286243439,461.31703534126285,466.4184875488281,191161,0.0,0.0
2018-08-27 00:00:00+08:00,467.1472210508404,483.1803550026633,455.4867599949692,480.9940185546875,253916,0.0,0.0
2018-08-28 00:00:00+08:00,480.9940831801471,489.7394301470588,480.2653042662377,483.180419921875,145254,0.0,0.0
2018-08-29 00:00:00+08:00,483.18036264344187,489.0105932635739,475.8925743682768,479.5364685058594,123210,0.0,0.0
2018-08-30 00:00:00+08:00,484.6378594475823,488.2817531276393,478.8076295594911,485.36663818359375,209346,0.0,0.0
2018-08-31 00:00:00+08:00,485.36676381200954,491.19699520915077,480.99409026415356,487.5531005859375,133196,0.0,0.0
2018-09-03 00:00:00+08:00,494.1120251071069,494.1120251071069,474.43499755859375,474.43499755859375,172303,0.0,0.0
2018-09-04 00:00:00+08:00,482.4515953237623,482.4515953237623,474.4350280298629,480.2652587890625,101160,0.0,0.0
2018-09-05 00:00:00+08:00,484.6379777496936,494.1121036305147,481.7228620940564,483.180419921875,164423,0.0,0.0
2018-09-06 00:00:00+08:00,485.3667566636029,486.09553557751224,480.2653042662377,483.180419921875,109270,0.0,0.0
2018-09-07 00:00:00+08:00,486.0955404897836,486.0955404897836,466.4185096153846,473.706298828125,155225,0.0,0.0
2018-09-10 00:00:00+08:00,472.97747053179825,472.97747053179825,449.6565474855463,456.9443359375,291110,0.0,0.0
2018-09-11 00:00:00+08:00,456.94436735412296,460.58826183063115,444.55512613399526,445.2839050292969,327933,0.0,0.0
2018-09-12 00:00:00+08:00,446.01264577672106,458.4018859371855,445.28386694375257,452.5716552734375,123349,0.0,0.0
2018-09-13 00:00:00+08:00,453.3004379272461,456.94433212280273,443.0975341796875,443.0975341796875,219487,0.0,0.0
2018-09-14 00:00:00+08:00,450.3852588550464,458.4018249511718,445.2838077029666,458.4018249511719,155433,0.0,0.0
2018-09-17 00:00:00+08:00,458.4018249511718,460.58816115920604,451.8428163270692,458.4018249511719,83317,0.0,0.0
2018-09-18 00:00:00+08:00,459.1306994511531,464.9609305552947,450.3853527949406,454.7580261230469,251135,0.0,0.0
2018-09-19 00:00:00+08:00,459.859470259128,464.2321435104034,459.1306913839154,462.0458068847656,142505,0.0,0.0
2018-09-20 00:00:00+08:00,463.5033646351908,467.1472590112536,458.4019125087028,462.0458068847656,178325,0.0,0.0
2018-09-21 00:00:00+08:00,466.41841603053433,483.18032785663166,466.41841603053433,477.35009765625,337535,0.0,0.0
2018-09-25 00:00:00+08:00,478.8076745808305,488.2817990398119,476.6213381672194,482.4515686035156,186508,0.0,0.0
2018-09-26 00:00:00+08:00,486.8243194110577,487.55309833233173,472.2487409855769,473.706298828125,199621,0.0,0.0
2018-09-27 00:00:00+08:00,475.8926355919471,481.7228669621394,470.79118314302883,473.706298828125,209566,0.0,0.0
2018-09-28 00:00:00+08:00,485.36672577950355,491.19695671979787,480.9940525742828,489.0106201171875,471744,0.0,0.0
2018-10-01 00:00:00+08:00,473.7062568840885,477.3501511678122,467.1472471733857,472.97747802734375,907279,0.0,0.0
2018-10-02 00:00:00+08:00,462.7745548936187,463.5033337202228,443.8263054019115,444.5550842285156,701859,0.0,0.0
2018-10-03 00:00:00+08:00,443.09753018771517,443.09753018771517,417.59027104861974,423.4205017089844,904260,0.0,0.0
2018-10-04 00:00:00+08:00,423.42052060081846,429.25075152131166,408.84494329958545,428.52197265625,512235,0.0,0.0
2018-10-05 00:00:00+08:00,421.9629632909815,425.60685761991914,412.4888380357436,416.86151123046875,283470,0.0,0.0
2018-10-08 00:00:00+08:00,416.8614548017394,424.8780212402344,415.4038972674676,424.8780212402344,131400,0.0,0.0
2018-10-09 00:00:00+08:00,426.33560459109117,426.33560459109117,397.9132309516851,399.37078857421875,349950,0.0,0.0
2018-10-11 00:00:00+08:00,375.32111785888674,382.6089065551758,359.65237216186523,364.3894348144531,651763,0.0,0.0
2018-10-12 00:00:00+08:00,365.11820588953356,378.9650041168811,363.6606481813917,371.6772155761719,348845,0.0,0.0
2018-10-15 00:00:00+08:00,365.84698843258866,378.2362290767201,364.38943070974966,373.8635559082031,213168,0.0,0.0
2018-10-16 00:00:00+08:00,374.5923793247768,383.337726702009,374.5923793247768,382.60894775390625,229454,0.0,0.0
2018-10-17 00:00:00+08:00,390.62548126571477,397.18449121234056,378.96501913838,380.4225769042969,229161,0.0,0.0
2018-10-18 00:00:00+08:00,379.6937827338737,383.3376770019531,377.5074461730261,383.3376770019531,133438,0.0,0.0
2018-10-19 00:00:00+08:00,378.96501148020036,386.9815790307431,368.76210732496423,381.880126953125,88466,0.0,0.0
2018-10-22 00:00:00+08:00,378.96500758728143,389.896690498453,374.59233442281277,385.5240173339844,102250,0.0,0.0
2018-10-23 00:00:00+08:00,385.5239873763618,398.64200585041567,384.7952085722477,397.1844482421875,354024,0.0,0.0
2018-10-24 00:00:00+08:00,403.01471717128305,408.1161692873752,398.6420439289183,401.5571594238281,304760,0.0,0.0
2018-10-25 00:00:00+08:00,384.79524532809666,401.5571594238281,384.79524532809666,401.5571594238281,159593,0.0,0.0
2018-10-26 00:00:00+08:00,411.7600636560125,413.21762140346743,400.0996016763732,401.5571594238281,229278,0.0,0.0
2018-10-29 00:00:00+08:00,401.5571098880491,402.285888671875,395.72687961744225,402.285888671875,103060,0.0,0.0
2018-10-30 00:00:00+08:00,402.2858737424123,405.20098876953125,398.6419799585137,405.20098876953125,153050,0.0,0.0
2018-10-31 00:00:00+08:00,410.3024942294034,416.86150390625,400.828369140625,400.828369140625,241152,0.0,0.0
2018-11-01 00:00:00+08:00,406.65859996448864,406.65859996448864,400.09959028764206,400.828369140625,88216,0.0,0.0
2018-11-02 00:00:00+08:00,403.74346923828125,411.7600363170197,400.8283539369218,403.74346923828125,100101,0.0,0.0
2018-11-05 00:00:00+08:00,403.7434427203139,412.48878804999583,403.7434427203139,405.9297790527344,111203,0.0,0.0
2018-11-06 00:00:00+08:00,405.92981338500977,410.30248641967773,384.79522705078125,384.79522705078125,90991,0.0,0.0
2018-11-07 00:00:00+08:00,382.6088830884062,401.5571325365939,382.6088830884062,392.0830078125,289381,0.0,0.0
2018-11-08 00:00:00+08:00,404.4722721188567,409.57372419963514,375.32111737155174,376.0498962402344,630010,0.0,0.0
2018-11-09 00:00:00+08:00,376.7787161690849,388.4391793387277,367.30458984375,382.60894775390625,400497,0.0,0.0
2018-11-12 00:00:00+08:00,382.6089213444637,389.89671032245343,376.7786901620718,378.96502685546875,249000,0.0,0.0
2018-11-13 00:00:00+08:00,371.677237877479,381.15136354886573,367.30456449068515,378.96502685546875,266066,0.0,0.0
2018-11-14 00:00:00+08:00,383.33770024226266,385.5240369356596,378.2362479576698,378.96502685546875,190317,0.0,0.0
2018-11-15 00:00:00+08:00,378.964988619437,383.3376615650459,374.5923156738281,374.5923156738281,137515,0.0,0.0
2018-11-16 00:00:00+08:00,376.04987717412655,384.7952231549202,376.04987717412655,376.7786560058594,92357,0.0,0.0
2018-11-19 00:00:00+08:00,371.67723030879574,382.6089135531721,371.67723030879574,380.4225769042969,226975,0.0,0.0
2018-11-20 00:00:00+08:00,374.59229665219203,376.77863301397525,371.6771815031478,375.3210754394531,158103,0.0,0.0
2018-11-21 00:00:00+08:00,372.40597143698864,374.59230786421165,368.0332985825426,370.2196350097656,178271,0.0,0.0
2018-11-22 00:00:00+08:00,371.6771815031478,378.96496937575847,371.6771815031478,375.3210754394531,205335,0.0,0.0
2018-11-23 00:00:00+08:00,375.321113454632,388.43913295401717,375.321113454632,379.69378662109375,325203,0.0,0.0
2018-11-26 00:00:00+08:00,385.5240210626359,392.0830308727752,383.3376844592561,387.7103576660156,159292,0.0,0.0
2018-11-27 00:00:00+08:00,387.7103243197137,408.84490966796875,387.7103243197137,408.84490966796875,368844,0.0,0.0
2018-11-28 00:00:00+08:00,408.84489772630775,415.4039067807405,400.0995523203974,402.285888671875,367648,0.0,0.0
2018-11-29 00:00:00+08:00,408.1161537514077,408.84493259739236,400.8283652915611,404.4722595214844,284581,0.0,0.0
2018-11-30 00:00:00+08:00,409.57372675641494,413.94639999580727,404.47227464379057,407.38739013671875,217262,0.0,0.0
2018-12-03 00:00:00+08:00,411.031280096646,432.8946460592336,411.031280096646,422.6917419433594,441668,0.0,0.0
2018-12-04 00:00:00+08:00,422.69168493882665,432.1658089115935,422.69168493882665,424.8780212402344,246349,0.0,0.0
2018-12-05 00:00:00+08:00,416.1327321545831,427.79319400129646,413.21761669290476,422.6917419433594,221566,0.0,0.0
2018-12-06 00:00:00+08:00,416.13269714915424,421.23414877795295,396.45566943807336,397.1844482421875,200848,0.0,0.0
2018-12-07 00:00:00+08:00,403.01470947265625,407.38738263149156,396.45569973440325,403.01470947265625,146844,0.0,0.0
2018-12-10 00:00:00+08:00,397.1844785942091,405.2010460520739,396.45569973440325,403.01470947265625,88233,0.0,0.0
2018-12-11 00:00:00+08:00,403.01470947265625,408.1161614912975,403.01470947265625,403.01470947265625,31152,0.0,0.0
2018-12-12 00:00:00+08:00,411.0312240998641,422.6916843580163,408.8448878014606,419.04779052734375,202269,0.0,0.0
2018-12-13 00:00:00+08:00,420.50540534710063,429.97953059755525,415.40395328916355,422.6917419433594,219491,0.0,0.0
2018-12-14 00:00:00+08:00,421.23420050484793,421.23420050484793,405.2010648454938,408.1161804199219,268360,0.0,0.0
2018-12-17 00:00:00+08:00,408.84490213343344,413.21757488352364,404.47222938334323,410.3024597167969,85279,0.0,0.0
2018-12-18 00:00:00+08:00,407.3873904136478,411.03128478228507,400.8283805501007,401.5571594238281,116133,0.0,0.0
2018-12-19 00:00:00+08:00,402.2858998709862,408.11613030389907,397.18444824218744,397.1844482421875,112050,0.0,0.0
2018-12-20 00:00:00+08:00,397.18447522065486,397.18447522065486,381.88011929472134,383.3376770019531,199205,0.0,0.0
2018-12-21 00:00:00+08:00,383.33769495673954,400.099609375,382.60891606898906,400.099609375,110200,0.0,0.0
2018-12-24 00:00:00+08:00,400.0995748867333,403.7434690113848,391.35422898756974,392.0830078125,116035,0.0,0.0
2018-12-25 00:00:00+08:00,386.25277721305764,400.82835371166357,383.33766191333643,392.0830078125,170113,0.0,0.0
2018-12-26 00:00:00+08:00,397.18445191559965,402.2859035915798,393.54055786132807,393.5405578613281,68000,0.0,0.0
2018-12-27 00:00:00+08:00,400.09960638082254,403.74350079230544,386.2528076171875,386.2528076171875,202579,0.0,0.0
2018-12-28 00:00:00+08:00,390.6254501626394,397.1844595870121,389.16789251277885,392.0830078125,220476,0.0,0.0
2019-01-02 00:00:00+08:00,394.26934055728805,400.09957110157325,392.0830041031811,395.7268981933594,89324,0.0,0.0
2019-01-03 00:00:00+08:00,394.26935968863387,397.1844751022282,389.16790771484375,389.16790771484375,60346,0.0,0.0
2019-01-04 00:00:00+08:00,378.9650117149649,381.15134832101273,373.1347807655039,376.0498962402344,248210,0.0,0.0
2019-01-07 00:00:00+08:00,381.15135178394064,387.7103616616758,381.15135178394064,384.06646728515625,316763,0.0,0.0
2019-01-08 00:00:00+08:00,384.06645961249484,387.71035391621865,384.06645961249484,385.5240173339844,67500,0.0,0.0
2019-01-09 00:00:00+08:00,386.9815523769315,403.0146863737159,386.9815523769315,395.7268981933594,213260,0.0,0.0
2019-01-10 00:00:00+08:00,395.7268906339593,403.0146786751003,395.7268906339593,397.1844482421875,168316,0.0,0.0
2019-01-11 00:00:00+08:00,400.828342262758,402.2858998709862,394.99811182984513,397.1844482421875,63349,0.0,0.0
2019-01-14 00:00:00+08:00,400.82835404474116,411.76003642777954,397.91323874259757,409.5736999511719,284658,0.0,0.0
2019-01-15 00:00:00+08:00,408.8449287414551,413.9463806152344,405.20103454589844,413.9463806152344,226520,0.0,0.0
2019-01-16 00:00:00+08:00,416.8614883155153,421.2341612698739,409.57370005825106,415.4039306640625,170228,0.0,0.0
2019-01-17 00:00:00+08:00,417.59024763361384,417.59024763361384,410.3024597167969,410.3024597167969,86397,0.0,0.0
2019-01-18 00:00:00+08:00,407.38738263149156,409.57371921090925,403.01470947265625,403.01470947265625,128297,0.0,0.0
2019-01-21 00:00:00+08:00,403.0146905213488,411.03125760224367,403.0146905213488,409.5736999511719,98363,0.0,0.0
2019-01-22 00:00:00+08:00,406.6586115399203,406.6586115399203,398.6420439289183,401.5571594238281,100129,0.0,0.0
2019-01-23 00:00:00+08:00,404.4722481724206,413.21759407885133,403.74346934688475,409.5736999511719,106430,0.0,0.0
2019-01-24 00:00:00+08:00,411.7600440979004,416.13271713256836,410.30248641967773,413.9463806152344,100172,0.0,0.0
2019-01-25 00:00:00+08:00,412.48880369353,413.9463613037545,408.11613086285655,408.84490966796875,95105,0.0,0.0
2019-01-28 00:00:00+08:00,411.76002542108967,421.234149899805,411.76002542108967,420.50537109375,171237,0.0,0.0
2019-01-29 00:00:00+08:00,420.505394022018,420.505394022018,413.21760556409737,416.1327209472656,70203,0.0,0.0
2019-01-30 00:00:00+08:00,416.13272482936037,426.3356287656319,408.1161574508613,412.48883056640625,175070,0.0,0.0
2019-02-11 00:00:00+08:00,412.4888042271447,425.6068227361352,412.4888042271447,420.50537109375,186482,0.0,0.0
2019-02-12 00:00:00+08:00,419.77657820351754,436.53849018039415,419.77657820351754,435.0809326171875,278353,0.0,0.0
2019-02-13 00:00:00+08:00,435.08098244180485,440.91121336229804,428.52197265625,428.52197265625,221520,0.0,0.0
2019-02-14 00:00:00+08:00,429.25075152131166,439.4536556321748,426.3356360610651,428.52197265625,123177,0.0,0.0
2019-02-15 00:00:00+08:00,428.5218959442557,435.8096832902464,425.6067810058594,425.6067810058594,168336,0.0,0.0
2019-02-18 00:00:00+08:00,428.52199490652436,439.45367845005813,428.52199490652436,435.8097839355469,230623,0.0,0.0
2019-02-19 00:00:00+08:00,441.6399570098414,441.6399570098414,429.97949609869045,432.16583251953125,188292,0.0,0.0
2019-02-20 00:00:00+08:00,426.33562088012695,440.9111976623535,424.14928436279297,437.2673034667969,331284,0.0,0.0
2019-02-21 00:00:00+08:00,437.26731122550314,437.26731122550314,429.9795227050781,429.9795227050781,165294,0.0,0.0
2019-02-22 00:00:00+08:00,428.5219885508219,429.97954633500837,419.7766418457031,419.7766418457031,195346,0.0,0.0
2019-02-25 00:00:00+08:00,419.7766189841028,425.60684980332644,418.3190612792969,418.3190612792969,89000,0.0,0.0
2019-02-26 00:00:00+08:00,417.5903051694234,421.2341996298896,417.5903051694234,419.7766418457031,61470,0.0,0.0
2019-02-27 00:00:00+08:00,419.7766037251298,423.42049785468816,412.48881546601297,421.2341613769531,73280,0.0,0.0
2019-03-04 00:00:00+08:00,424.1492998883441,426.3356364857067,416.13273236468126,416.86151123046875,120063,0.0,0.0
2019-03-05 00:00:00+08:00,418.31906896204384,418.31906896204384,411.76005916995604,416.86151123046875,87100,0.0,0.0
2019-03-06 00:00:00+08:00,416.8615298888844,422.69176107614146,415.4039720920701,421.9629821777344,90010,0.0,0.0
2019-03-07 00:00:00+08:00,426.33555974045845,428.5218959442557,422.6916660674631,425.6067810058594,115060,0.0,0.0
2019-03-08 00:00:00+08:00,429.25075152131166,429.9795303863733,424.8780783309418,428.52197265625,154115,0.0,0.0
2019-03-11 00:00:00+08:00,428.52197286671606,433.62342492465314,421.9629630779398,422.6917419433594,98160,0.0,0.0
2019-03-12 00:00:00+08:00,426.3356364857067,428.52197308306927,416.86151123046875,416.86151123046875,210091,0.0,0.0
2019-03-13 00:00:00+08:00,422.6917266845703,422.6917266845703,413.9463806152344,413.9463806152344,222303,0.0,0.0
2019-03-14 00:00:00+08:00,413.94639555832435,424.8780785396181,413.94639555832435,422.6917419433594,154083,0.0,0.0
2019-03-15 00:00:00+08:00,425.60687619782794,428.52199178822406,422.6917606074319,427.793212890625,134200,0.0,0.0
2019-03-18 00:00:00+08:00,429.97951120189464,429.97951120189464,417.59027104861974,423.4205017089844,174001,0.0,0.0
2019-03-19 00:00:00+08:00,424.87807875413165,424.87807875413165,414.67517463310617,416.86151123046875,304047,0.0,0.0
2019-03-20 00:00:00+08:00,416.8615110200027,424.1492996741986,414.67517442374395,422.6917419433594,150748,0.0,0.0
2019-03-21 00:00:00+08:00,423.42053630616925,425.606872982449,419.04786295360987,419.7766418457031,69522,0.0,0.0
2019-03-22 00:00:00+08:00,421.2341462754712,427.0643766737476,419.7765886759021,424.1492614746094,135211,0.0,0.0
2019-03-25 00:00:00+08:00,416.86151123046875,419.0478478278314,415.4039534988937,416.86151123046875,112798,0.0,0.0
2019-03-26 00:00:00+08:00,420.5054420445503,432.8946838378906,419.77666311553025,432.8946838378906,229371,0.0,0.0
2019-03-27 00:00:00+08:00,433.62341696529063,433.62341696529063,427.0644072969081,429.9795227050781,150424,0.0,0.0
2019-03-28 00:00:00+08:00,427.0644371007199,447.4702463819829,427.0644371007199,435.8097839355469,512359,0.0,0.0
2019-03-29 00:00:00+08:00,435.8097457885742,441.63997650146484,432.1658515930176,437.2673034667969,200490,0.0,0.0
2019-04-01 00:00:00+08:00,440.9111976623535,446.0126495361328,439.45363998413086,443.0975341796875,199675,0.0,0.0
2019-04-02 00:00:00+08:00,447.4701996343422,451.1140937681723,442.36874784697994,450.38531494140625,319041,0.0,0.0
2019-04-03 00:00:00+08:00,451.8429381228971,452.5717170553534,446.7414855957031,446.7414855957031,199258,0.0,0.0
2019-04-08 00:00:00+08:00,448.19903564453125,451.1141513235201,443.09758320630084,448.19903564453125,266648,0.0,0.0
2019-04-09 00:00:00+08:00,439.45363998413086,441.63997650146484,436.53852462768555,437.2673034667969,222280,0.0,0.0
2019-04-10 00:00:00+08:00,435.0809669494629,438.72486114501953,429.9795150756836,437.2673034667969,178133,0.0,0.0
2019-04-11 00:00:00+08:00,437.2673465044071,437.2673465044071,425.6068839309562,426.3356628417969,335172,0.0,0.0
2019-04-12 00:00:00+08:00,428.52194963606996,429.97950728789334,419.0478248992181,421.2341613769531,267065,0.0,0.0
2019-04-15 00:00:00+08:00,424.1492614746094,424.8780402743939,421.2341462754712,424.1492614746094,293817,0.0,0.0
2019-04-16 00:00:00+08:00,421.9629250752557,426.335597873963,421.9629250752557,424.1492614746094,100508,0.0,0.0
2019-04-17 00:00:00+08:00,424.14931887295575,425.60687666977003,420.5054243809201,421.9629821777344,263563,0.0,0.0
2019-04-18 00:00:00+08:00,421.9629821777344,424.8780977713629,420.5054243809201,421.9629821777344,228745,0.0,0.0
2019-04-19 00:00:00+08:00,426.33566284179693,426.33566284179693,422.6917682875935,426.3356628417969,70555,0.0,0.0
2019-04-22 00:00:00+08:00,427.0644226074219,429.2507592419309,427.0644226074219,427.0644226074219,82435,0.0,0.0
2019-04-23 00:00:00+08:00,427.0644226074219,427.79320148559157,425.60686485108255,427.0644226074219,99354,0.0,0.0
2019-04-24 00:00:00+08:00,427.0643919842466,427.7931708101583,421.2341613769531,421.2341613769531,158301,0.0,0.0
2019-04-25 00:00:00+08:00,424.1492996741986,424.1492996741986,419.77662648168103,422.6917419433594,114125,0.0,0.0
2019-04-26 00:00:00+08:00,420.5053978365058,420.5053978365058,416.861503574491,418.3190612792969,119815,0.0,0.0
2019-04-29 00:00:00+08:00,419.04784013169984,419.04784013169984,416.132724722088,418.3190612792969,108332,0.0,0.0
2019-04-30 00:00:00+08:00,418.3190840615166,419.7766418457031,418.3190840615166,419.7766418457031,58346,0.0,0.0
2019-05-02 00:00:00+08:00,420.5053674756866,427.0643766737476,419.0478098761175,424.1492614746094,120646,0.0,0.0
2019-05-03 00:00:00+08:00,422.6917228764388,424.14928054153,421.96294404389323,423.4205017089844,59440,0.0,0.0
2019-05-06 00:00:00+08:00,422.6916843580163,422.6916843580163,418.31901176120925,419.04779052734375,53330,0.0,0.0
2019-05-07 00:00:00+08:00,421.23418421252023,424.8780785396181,418.3190687508419,422.6917419433594,116200,0.0,0.0
2019-05-08 00:00:00+08:00,415.40396485653224,418.3190803993851,408.84495488511334,417.5903015136719,223521,0.0,0.0
2019-05-09 00:00:00+08:00,412.4888031285837,412.4888031285837,395.7268906339593,397.1844482421875,416804,0.0,0.0
2019-05-10 00:00:00+08:00,392.81177151950965,400.82833828521393,389.8966563319808,394.99810791015625,149009,0.0,0.0
2019-05-13 00:00:00+08:00,402.28593131447934,403.0147101755563,379.69378662109375,379.69378662109375,148971,0.0,0.0
2019-05-14 00:00:00+08:00,372.4059831827273,397.9132423048319,365.84697369418615,394.26934814453125,306301,0.0,0.0
2019-05-15 00:00:00+08:00,394.26936384263286,398.64203700909457,379.69378662109375,379.69378662109375,326209,0.0,0.0
2019-05-16 00:00:00+08:00,379.69379034843155,386.9815790307431,377.50745374373804,381.880126953125,186102,0.0,0.0
2019-05-17 00:00:00+08:00,383.3376770019531,386.98157127003253,381.1513404411055,383.3376770019531,163005,0.0,0.0
2019-05-20 00:00:00+08:00,383.33770024226266,383.33770024226266,376.04991126427285,378.96502685546875,129999,0.0,0.0
2019-05-21 00:00:00+08:00,378.9649963378906,386.98156356811523,375.321102142334,384.79522705078125,91500,0.0,0.0
2019-05-22 00:00:00+08:00,386.252758076411,389.1678732317047,386.252758076411,386.9815368652344,61183,0.0,0.0
2019-05-23 00:00:00+08:00,383.3376693725586,384.79522705078125,382.60889053344727,384.79522705078125,52478,0.0,0.0
2019-05-24 00:00:00+08:00,384.79522705078125,388.4391212463379,381.1513328552246,384.79522705078125,83652,0.0,0.0
2019-05-27 00:00:00+08:00,389.16787239741353,389.16787239741353,375.3210754394531,375.3210754394531,138367,0.0,0.0
2019-05-28 00:00:00+08:00,377.50746102962853,387.71036538178066,377.50746102962853,386.2528076171875,111262,0.0,0.0
2019-05-29 00:00:00+08:00,384.06646332704935,389.16791540160216,379.69379012028975,387.7103576660156,83624,0.0,0.0
2019-05-30 00:00:00+08:00,387.71036137375876,392.81181349709766,387.71036137375876,389.8966979980469,54246,0.0,0.0
2019-05-31 00:00:00+08:00,392.811790480411,396.45568464071164,392.811790480411,394.26934814453125,62510,0.0,0.0
2019-06-03 00:00:00+08:00,397.9132384119424,397.9132384119424,389.8966713377091,392.0830078125,46132,0.0,0.0
2019-06-04 00:00:00+08:00,393.54055786132807,396.45567310474536,386.25276975278496,393.5405578613281,88464,0.0,0.0
2019-06-05 00:00:00+08:00,399.370796061803,400.0995748867333,389.8966713377091,392.0830078125,79376,0.0,0.0
2019-06-06 00:00:00+08:00,391.3542366027832,391.3542366027832,389.1679000854492,390.6254577636719,20300,0.0,0.0
2019-06-10 00:00:00+08:00,386.252758076411,386.98153686523443,382.6088641322939,386.9815368652344,101269,0.0,0.0
2019-06-11 00:00:00+08:00,389.16788111851866,391.3542175292969,386.9815447077405,391.3542175292969,79788,0.0,0.0
2019-06-12 00:00:00+08:00,393.54054636769484,393.54054636769484,389.167873630276,392.811767578125,91163,0.0,0.0
2019-06-13 00:00:00+08:00,393.5405467589551,403.74344982307616,388.4390952268946,398.6419982910156,167086,0.0,0.0
2019-06-14 00:00:00+08:00,399.37078857421875,400.8283461967524,396.45567332915147,399.37078857421875,82349,0.0,0.0
2019-06-17 00:00:00+08:00,400.09959028764206,400.828369140625,397.18447487571024,400.828369140625,110231,0.0,0.0
2019-06-18 00:00:00+08:00,400.82836892495305,416.13272482936037,398.6420323671806,412.48883056640625,211709,0.0,0.0
2019-06-19 00:00:00+08:00,417.5902283039499,421.96290085163525,410.3024407244743,411.0312194824219,276492,0.0,0.0
2019-06-20 00:00:00+08:00,408.11610445063167,411.0312194824219,405.20098941884146,411.0312194824219,142496,0.0,0.0
2019-06-21 00:00:00+08:00,411.7600517138154,412.48883056640625,408.1161574508613,412.48883056640625,92477,0.0,0.0
2019-06-24 00:00:00+08:00,412.4888039640886,416.8614767976302,411.7600251584983,414.6751403808594,79705,0.0,0.0
2019-06-25 00:00:00+08:00,414.6751671241787,415.40394597676953,411.7600517138154,412.48883056640625,103528,0.0,0.0
2019-06-26 00:00:00+08:00,412.4888422493431,412.4888422493431,405.2010535170226,407.38739013671875,79705,0.0,0.0
2019-06-27 00:00:00+08:00,409.5737382071359,409.5737382071359,406.6586226327079,408.1161804199219,67200,0.0,0.0
2019-06-28 00:00:00+08:00,410.3025059085576,410.3025059085576,397.91326505519083,401.5571594238281,100247,0.0,0.0
2019-07-01 00:00:00+08:00,406.6585693359375,410.3024633264029,405.2010117397514,406.6585693359375,140530,0.0,0.0
2019-07-02 00:00:00+08:00,406.65857325263204,411.7600248884178,405.9297944475198,408.84490966796875,66515,0.0,0.0
2019-07-03 00:00:00+08:00,402.2859268465909,403.7434845525568,400.828369140625,400.828369140625,222000,0.0,0.0
2019-07-04 00:00:00+08:00,397.913257454015,405.2010460520739,397.913257454015,403.01470947265625,93000,0.0,0.0
2019-07-05 00:00:00+08:00,403.74348067549977,405.20103836746904,401.5571441375458,404.4722595214844,103000,0.0,0.0
2019-07-08 00:00:00+08:00,403.0146674557008,405.9297825910043,401.5571098880491,402.285888671875,33000,0.0,0.0
2019-07-09 00:00:00+08:00,398.64200976295194,403.7434614418197,397.9132309516851,399.37078857421875,74000,0.0,0.0
2019-07-10 00:00:00+08:00,399.3708038330078,400.09958267211914,394.2693519592285,396.4556884765625,77000,0.0,0.0
2019-07-11 00:00:00+08:00,394.26932515726463,395.72688273640426,392.0829887885552,392.811767578125,101445,0.0,0.0
2019-07-12 00:00:00+08:00,387.71036906000825,391.35426350606093,386.9815901707977,388.43914794921875,69447,0.0,0.0
2019-07-15 00:00:00+08:00,388.43909444288124,389.89665202052805,385.52397928758757,386.9815368652344,102165,0.0,0.0
2019-07-16 00:00:00+08:00,389.8966524198458,396.45566152597405,387.7103160511364,392.811767578125,178534,0.0,0.0
2019-07-17 00:00:00+08:00,393.5405808352353,395.72691739543103,388.43912886144517,389.16790771484375,80921,0.0,0.0
2019-07-18 00:00:00+08:00,389.16790771484375,391.35424427503955,388.43912886144517,389.16790771484375,60340,0.0,0.0
2019-07-19 00:00:00+08:00,389.89670572763987,393.54060017369255,386.9815901707977,388.43914794921875,110898,0.0,0.0
2019-07-22 00:00:00+08:00,388.43909444288124,389.89665202052805,386.98153686523443,386.9815368652344,64999,0.0,0.0
2019-07-23 00:00:00+08:00,387.71036137375876,395.7269289961485,387.71036137375876,389.8966979980469,122729,0.0,0.0
2019-07-24 00:00:00+08:00,388.43913676720535,390.62547337189886,378.96501148020036,381.880126953125,276475,0.0,0.0
2019-07-25 00:00:00+08:00,384.7952421948426,387.7103576660157,380.422568988083,387.7103576660156,143160,0.0,0.0
2019-07-26 00:00:00+08:00,387.71032351133323,391.3542175292969,386.9815447077405,391.3542175292969,64428,0.0,0.0
2019-07-29 00:00:00+08:00,391.3542175292969,392.81177513648237,389.16788111851866,391.3542175292969,41685,0.0,0.0
2019-07-30 00:00:00+08:00,391.35424427503955,393.5405808352353,384.0664557410537,389.16790771484375,70578,0.0,0.0
2019-07-31 00:00:00+08:00,389.16792349979795,392.81181791459005,380.4225769042969,380.4225769042969,117592,0.0,0.0
2019-08-01 00:00:00+08:00,380.42256530877097,386.2527961947291,378.96500758728143,385.5240173339844,70185,0.0,0.0
2019-08-02 00:00:00+08:00,385.52402503576405,385.52402503576405,382.60890953454845,384.06646728515625,41640,0.0,0.0
2019-08-05 00:00:00+08:00,384.066455855569,385.52401356280075,383.3376770019531,383.3376770019531,25559,0.0,0.0
2019-08-06 00:00:00+08:00,376.77867882054204,378.9650154481274,370.219668937786,378.2362365722656,100270,0.0,0.0
2019-08-07 00:00:00+08:00,378.2362740652902,384.06650565011165,378.2362740652902,382.60894775390625,66313,0.0,0.0
2019-08-08 00:00:00+08:00,368.7620887981182,373.86354061943604,364.3894158084172,370.94842529296875,384047,0.0,0.0
2019-08-12 00:00:00+08:00,366.5757370750503,370.21963108176055,366.5757370750503,368.0332946777344,131335,0.0,0.0
2019-08-13 00:00:00+08:00,366.57575607299805,367.3045349121094,360.0167465209961,361.47430419921875,169358,0.0,0.0
2019-08-14 00:00:00+08:00,364.38946177062377,366.5757985412475,361.10995661468814,362.203125,94806,0.0,0.0
2019-08-15 00:00:00+08:00,360.7454861842745,360.7454861842745,349.8138047847511,351.2713623046875,267065,0.0,0.0
2019-08-16 00:00:00+08:00,352.0001792907715,353.45773696899414,347.6275062561035,349.8138427734375,202251,0.0,0.0
2019-08-19 00:00:00+08:00,345.8055229949149,349.8138061908517,345.4411336134661,346.5343017578125,211209,0.0,0.0
2019-08-20 00:00:00+08:00,348.72069905388565,355.2797090674383,348.72069905388565,352.3645935058594,226447,0.0,0.0
2019-08-21 00:00:00+08:00,349.81381978948747,352.72893495439985,347.2630940201891,348.35626220703125,212549,0.0,0.0
2019-08-22 00:00:00+08:00,348.3562717297939,351.27138697439466,346.8987141074935,347.99188232421875,265548,0.0,0.0
2019-08-23 00:00:00+08:00,347.99191072952647,354.1865311299474,347.99191072952647,352.7289733886719,269015,0.0,0.0
2019-08-26 00:00:00+08:00,351.5724638542243,351.95795997687145,346.9465103824582,348.4884948730469,270666,26.5,0.0
2019-08-27 00:00:00+08:00,353.11443704484066,356.19840592732834,350.8014603829749,352.34344482421875,214802,0.0,0.0
2019-08-28 00:00:00+08:00,354.65642731478323,357.7403962479553,350.8014661483182,353.49993896484375,189319,0.0,0.0
2019-08-29 00:00:00+08:00,356.9694329141009,356.9694329141009,352.72897528769147,353.1144714355469,154928,0.0,0.0
2019-08-30 00:00:00+08:00,355.04190975650323,355.04190975650323,350.03046043312156,350.80145263671875,241197,0.0,0.0
2019-09-02 00:00:00+08:00,351.57247730446926,351.57247730446926,339.6220970452165,345.01904296875,309797,0.0,0.0
2019-09-03 00:00:00+08:00,344.2480506939595,346.17553138093575,343.477058419169,345.01904296875,121713,0.0,0.0
2019-09-04 00:00:00+08:00,343.4770488610428,345.01903336771414,341.5495682277036,343.091552734375,104949,0.0,0.0
2019-09-05 00:00:00+08:00,345.79004096560067,347.3320255406981,344.63355253427756,346.175537109375,251241,0.0,0.0
2019-09-06 00:00:00+08:00,347.3319987996419,347.3319987996419,345.4045182291667,346.9465026855469,168629,0.0,0.0
2019-09-10 00:00:00+08:00,343.09154888531106,343.86254112999717,341.16406827359583,342.320556640625,97816,0.0,0.0
2019-09-11 00:00:00+08:00,342.32054890766403,343.09154113493355,340.0075722258555,340.778564453125,180102,0.0,0.0
2019-09-12 00:00:00+08:00,340.7785755504261,341.1640716766144,320.7327769886364,330.75567626953125,870247,0.0,0.0
2019-09-16 00:00:00+08:00,331.5266742772757,333.839651074559,329.9846897457535,331.91217041015625,333168,0.0,0.0
2019-09-17 00:00:00+08:00,331.91216442987076,331.91216442987076,324.20224191117455,324.5877380371094,292898,0.0,0.0
2019-09-18 00:00:00+08:00,324.5877272786083,338.4655873522781,324.5877272786083,334.6106262207031,862913,0.0,0.0
2019-09-19 00:00:00+08:00,333.068623069222,341.5495370825587,332.29763088619137,336.923583984375,681530,0.0,0.0
2019-09-20 00:00:00+08:00,335.76712652547474,349.2594909667969,335.76712652547474,349.2594909667969,783515,0.0,0.0
2019-09-23 00:00:00+08:00,350.8014551386993,373.5457253070325,350.8014551386993,357.3548889160156,1416612,0.0,0.0
2019-09-24 00:00:00+08:00,359.28236687628777,364.29381619966944,347.71748382233,350.80145263671875,742502,0.0,0.0
2019-09-25 00:00:00+08:00,352.3434350881377,355.42740388540807,349.25946629086735,350.41595458984375,321030,0.0,0.0
2019-09-26 00:00:00+08:00,351.57245260359684,356.9693981479503,351.57245260359684,352.34344482421875,291712,0.0,0.0
2019-09-27 00:00:00+08:00,352.3434203688232,353.1144125359322,341.5495300292969,341.5495300292969,273218,0.0,0.0
2019-10-01 00:00:00+08:00,341.1640601443805,343.091540710168,333.8396339943882,334.6106262207031,230751,0.0,0.0
2019-10-02 00:00:00+08:00,335.3816303985798,350.80147547437656,335.3816303985798,349.2594909667969,293742,0.0,0.0
2019-10-03 00:00:00+08:00,349.2594682295244,356.198398061899,344.63351500794124,350.80145263671875,352376,0.0,0.0
2019-10-04 00:00:00+08:00,353.11445597148264,355.42743275732204,343.09155656617855,343.862548828125,377806,0.0,0.0
2019-10-07 00:00:00+08:00,344.633498697733,346.94647519906005,338.46556136086076,341.5495300292969,201411,0.0,0.0
2019-10-08 00:00:00+08:00,342.32054890766403,342.7060450212988,340.0075722258555,340.778564453125,85763,0.0,0.0
2019-10-09 00:00:00+08:00,346.1755293930853,346.1755293930853,336.1526298783634,338.4656066894531,166240,0.0,0.0
2019-10-14 00:00:00+08:00,345.01902170310734,345.01902170310734,340.0075722258555,340.778564453125,138096,0.0,0.0
2019-10-15 00:00:00+08:00,340.7785718725362,343.0915486047027,335.3816261641476,336.1526184082031,177244,0.0,0.0
2019-10-16 00:00:00+08:00,339.23657999858597,346.9465022712811,339.23657999858597,340.778564453125,468133,0.0,0.0
2019-10-17 00:00:00+08:00,346.1755021528764,346.1755021528764,338.0800839510831,339.236572265625,234637,0.0,0.0
2019-10-18 00:00:00+08:00,341.1640566871279,342.7060411241319,339.236576140873,340.007568359375,214837,0.0,0.0
2019-10-21 00:00:00+08:00,343.0915372333829,347.3319944351438,340.007568359375,340.007568359375,319747,0.0,0.0
2019-10-22 00:00:00+08:00,342.3205680412692,343.0915603116324,337.3091182839083,338.4656066894531,274024,0.0,0.0
2019-10-23 00:00:00+08:00,339.23659511897114,342.3205641655073,337.3091144648861,337.6946105957031,219325,0.0,0.0
2019-10-24 00:00:00+08:00,338.46556136086076,341.9350261128514,338.46556136086076,341.5495300292969,125866,0.0,0.0
2019-10-25 00:00:00+08:00,342.70602807452786,345.01900464196,341.9350358853838,343.4770202636719,191741,0.0,0.0
2019-10-28 00:00:00+08:00,344.24806221999694,344.24806221999694,339.2366122660664,341.1640930175781,107150,0.0,0.0
2019-10-29 00:00:00+08:00,343.47706031799316,347.7175178527832,341.5495796203613,345.404541015625,297462,0.0,0.0
2019-10-30 00:00:00+08:00,345.79002253214514,360.8243713378906,345.4045264089209,360.8243713378906,774733,0.0,0.0
2019-10-31 00:00:00+08:00,363.90834248753936,373.1602494999344,361.5953657344406,367.3778076171875,956499,0.0,0.0
2019-11-01 00:00:00+08:00,365.45032123766447,370.0762746710526,363.52284064041936,366.2213134765625,431747,0.0,0.0
2019-11-04 00:00:00+08:00,366.9923132142024,372.0037628694384,361.5953674316406,361.5953674316406,401000,0.0,0.0
2019-11-05 00:00:00+08:00,365.06482869335724,365.06482869335724,358.51139459854517,360.8243713378906,277000,0.0,0.0
2019-11-06 00:00:00+08:00,361.98084217059187,361.98084217059187,354.6564161841795,357.3548889160156,283000,0.0,0.0
2019-11-07 00:00:00+08:00,357.3549059660538,358.511394334876,354.65643310546875,354.65643310546875,307000,0.0,0.0
2019-11-08 00:00:00+08:00,347.7175023534276,350.41597520982896,340.7785721512528,342.320556640625,888854,0.0,0.0
2019-11-11 00:00:00+08:00,338.4655948531962,339.23658709659753,326.5152150804752,329.98468017578125,509000,0.0,0.0
2019-11-12 00:00:00+08:00,329.9846878406613,333.4541530165561,328.4427033180414,331.52667236328125,259000,0.0,0.0
2019-11-13 00:00:00+08:00,332.29764182479295,346.9464937845866,329.98466519956236,333.0686340332031,586000,0.0,0.0
2019-11-14 00:00:00+08:00,337.6946104537609,337.6946104537609,329.9846878406613,331.52667236328125,165000,0.0,0.0
2019-11-15 00:00:00+08:00,332.68315690047257,334.2251414052256,328.44269951240165,330.75567626953125,170059,0.0,0.0
2019-11-18 00:00:00+08:00,331.1411685408833,332.2976569059853,329.98468017578125,329.98468017578125,123000,0.0,0.0
2019-11-19 00:00:00+08:00,332.2976495417582,337.3090990128056,330.75566508912823,334.6106262207031,311000,0.0,0.0
2019-11-20 00:00:00+08:00,335.3816470257423,342.3205776538611,335.3816470257423,340.3930969238281,675000,0.0,0.0
2019-11-21 00:00:00+08:00,340.77857978033916,343.862548828125,334.22514555379416,343.862548828125,457000,0.0,0.0
2019-11-22 00:00:00+08:00,350.80145567876787,375.4732064078241,350.80145567876787,363.5228271484375,4163993,0.0,0.0
2019-11-25 00:00:00+08:00,359.6678834710239,379.32818578294484,358.8968912234976,373.1602478027344,1426000,0.0,0.0
2019-11-26 00:00:00+08:00,378.5572090148926,383.56865882873535,375.0877437591553,376.2442321777344,1240000,0.0,0.0
2019-11-27 00:00:00+08:00,380.09917054468275,381.25565889319597,376.62970549914303,377.78619384765625,529000,0.0,0.0
2019-11-28 00:00:00+08:00,383.56862821886614,391.6640465028824,379.3281710224767,382.4121398925781,1100000,0.0,0.0
2019-11-29 00:00:00+08:00,380.09915091917685,380.09915091917685,370.07625241623714,373.93121337890625,705355,0.0,0.0
2019-12-02 00:00:00+08:00,372.3892630732708,378.1717050464582,365.4503327054459,368.5343017578125,581000,0.0,0.0
2019-12-03 00:00:00+08:00,369.3052653887678,373.16022640535203,367.3777848804757,368.9197692871094,316000,0.0,0.0
2019-12-04 00:00:00+08:00,370.84727274683564,372.77475337441797,367.3778076171875,367.3778076171875,456000,0.0,0.0
2019-12-05 00:00:00+08:00,368.91979788935834,371.2327746786333,366.6068211000833,368.5343017578125,261000,0.0,0.0
2019-12-06 00:00:00+08:00,368.5342418529369,380.48461998833545,368.5342418529369,374.7021789550781,582135,0.0,0.0
2019-12-09 00:00:00+08:00,376.6297090265815,377.0152051463631,372.00375558920285,372.3892517089844,187000,0.0,0.0
2019-12-10 00:00:00+08:00,370.0762939453125,372.3892707824707,367.7633171081543,370.0762939453125,245000,0.0,0.0
2019-12-11 00:00:00+08:00,370.84721826623985,378.55713964391634,370.84721826623985,374.7021789550781,451000,0.0,0.0
2019-12-12 00:00:00+08:00,376.6296913202778,377.7861796252531,368.53427318545096,368.9197692871094,335000,0.0,0.0
2019-12-13 00:00:00+08:00,370.07627632018716,371.6182608048546,357.74040044284754,360.4388732910156,528093,0.0,0.0
2019-12-16 00:00:00+08:00,360.05337909144214,363.137348077236,356.1984178591997,360.8243713378906,187000,0.0,0.0
2019-12-17 00:00:00+08:00,362.36635228207234,369.6907785516036,362.36635228207234,366.2213134765625,383000,0.0,0.0
2019-12-18 00:00:00+08:00,364.6793037015575,364.6793037015575,359.2823584036486,361.2098388671875,347000,0.0,0.0
2019-12-19 00:00:00+08:00,354.65642924921707,356.9694059617119,353.4999408929696,353.88543701171875,793000,0.0,0.0
2019-12-20 00:00:00+08:00,353.8854637312577,358.1259213576671,352.72897528769147,353.1144714355469,444103,0.0,0.0
2019-12-23 00:00:00+08:00,353.49992594708635,357.7403830740416,353.1144298446359,356.9693908691406,293000,0.0,0.0
2019-12-24 00:00:00+08:00,356.9693908691406,359.2823674838435,354.6564142544378,356.9693908691406,220000,0.0,0.0
2019-12-25 00:00:00+08:00,357.7403850205637,360.0533616478518,356.5838967069196,357.3548889160156,204000,0.0,0.0
2019-12-26 00:00:00+08:00,357.35492703840373,360.0534000581112,357.35492703840373,358.89691162109375,133000,0.0,0.0
2019-12-27 00:00:00+08:00,359.2823791503906,359.6678752653589,353.4999374258672,359.2823791503906,211721,0.0,0.0
2019-12-30 00:00:00+08:00,358.51139043670855,358.51139043670855,353.11444477422043,353.88543701171875,276000,0.0,0.0
2019-12-31 00:00:00+08:00,353.8854194867729,353.8854194867729,347.3319857925734,350.41595458984375,334573,0.0,0.0
2020-01-02 00:00:00+08:00,351.18697160127147,351.18697160127147,346.9465142054274,349.2594909667969,188000,0.0,0.0
2020-01-03 00:00:00+08:00,350.80147160892994,350.80147160892994,346.9465103824582,348.4884948730469,176133,0.0,0.0
2020-01-06 00:00:00+08:00,344.6335372410463,345.404529494382,341.9350643543715,343.091552734375,233000,0.0,0.0
2020-01-07 00:00:00+08:00,343.09153274253566,346.17550157617643,330.3701613037675,333.0686340332031,416000,0.0,0.0
2020-01-08 00:00:00+08:00,331.5266549349111,333.8396315972477,327.2861977206274,328.05718994140625,373000,0.0,0.0
2020-01-09 00:00:00+08:00,332.29764182479295,335.3816106584337,331.52664961638277,333.0686340332031,251000,0.0,0.0
2020-01-10 00:00:00+08:00,331.5266742772757,332.68316267591734,330.7556820115146,331.91217041015625,216000,0.0,0.0
2020-01-13 00:00:00+08:00,331.1411588245217,331.1411588245217,327.2861977206274,328.05718994140625,363000,0.0,0.0
2020-01-14 00:00:00+08:00,328.05720718738644,332.29766462459116,328.05720718738644,331.52667236328125,255000,0.0,0.0
2020-01-15 00:00:00+08:00,331.5266725026309,341.54957190387324,329.59919184854584,337.6946105957031,397000,0.0,0.0
2020-01-16 00:00:00+08:00,337.3091144648861,341.54957190387324,335.381633810801,337.6946105957031,215000,0.0,0.0
2020-01-17 00:00:00+08:00,337.69461240336454,337.69461240336454,331.91217041015625,331.91217041015625,161195,0.0,0.0
2020-01-20 00:00:00+08:00,331.91212811386373,331.91212811386373,328.4426633600603,329.5991516113281,143500,0.0,0.0
2020-01-30 00:00:00+08:00,323.81672515869144,323.81672515869144,308.3968811035156,308.3968811035156,443000,0.0,0.0
2020-01-31 00:00:00+08:00,309.93888129076913,323.04574940505535,309.93888129076913,317.6488037109375,236911,0.0,0.0
2020-02-03 00:00:00+08:00,299.9159625413478,319.9617595235459,299.9159625413478,319.5762634277344,301000,0.0,0.0
2020-02-04 00:00:00+08:00,323.816753341491,323.816753341491,317.64881518260546,319.9617919921875,229000,0.0,0.0
2020-02-05 00:00:00+08:00,323.8167669595958,323.8167669595958,316.4923400878906,316.4923400878906,106000,0.0,0.0
2020-02-06 00:00:00+08:00,318.4197731939491,320.73274975467996,316.8777888201285,319.1907653808594,147000,0.0,0.0
2020-02-07 00:00:00+08:00,319.1907653808594,319.1907653808594,319.1907653808594,319.1907653808594,0,0.0,0.0
2020-02-10 00:00:00+08:00,314.5648479438267,318.80530545287337,312.25187112071035,314.1793518066406,119514,0.0,0.0
2020-02-11 00:00:00+08:00,313.4083329647816,317.6487901143666,311.48085244224296,314.9503173828125,148000,0.0,0.0
2020-02-12 00:00:00+08:00,316.10684393674825,317.64882854131776,315.3358516344635,316.4923400878906,168000,0.0,0.0
2020-02-13 00:00:00+08:00,319.96176674141293,320.3472628459207,314.56482127830475,314.9503173828125,193000,0.0,0.0
2020-02-14 00:00:00+08:00,316.4923400878906,316.877836239033,314.56485933217874,316.4923400878906,106471,0.0,0.0
2020-02-17 00:00:00+08:00,316.4923208968119,316.4923208968119,311.86636736360634,312.6373596191406,119000,0.0,0.0
2020-02-18 00:00:00+08:00,313.02286141378835,313.02286141378835,305.6984348536135,307.62591552734375,277000,0.0,0.0
2020-02-19 00:00:00+08:00,310.7098596694318,314.1793246037058,308.7823791503906,308.7823791503906,249000,0.0,0.0
2020-02-20 00:00:00+08:00,309.5533713580071,311.09535577324,307.625890838966,308.7823791503906,143000,0.0,0.0
2020-02-21 00:00:00+08:00,308.78237720489506,310.3243616104126,308.3968811035156,308.3968811035156,88848,0.0,0.0
2020-02-24 00:00:00+08:00,306.0839214156585,307.6259059064175,305.69842529296875,305.69842529296875,141000,0.0,0.0
2020-02-25 00:00:00+08:00,301.45795260872814,303.3854331241292,300.6869604025677,302.61444091796875,168000,0.0,0.0
2020-02-26 00:00:00+08:00,302.6144509516638,313.7938383116616,302.6144509516638,310.7098693847656,261000,0.0,0.0
2020-02-27 00:00:00+08:00,310.7098689984672,310.7098689984672,301.07246611389934,304.54193115234375,189000,0.0,0.0
2020-03-02 00:00:00+08:00,300.68696570519955,304.1564306941057,294.5190279471442,297.6029968261719,187000,0.0,0.0
2020-03-03 00:00:00+08:00,302.99998683709083,303.38548300355023,300.301513671875,300.301513671875,109000,0.0,0.0
2020-03-04 00:00:00+08:00,302.99994038978906,302.99994038978906,296.06101045719845,297.2174987792969,93000,0.0,0.0
2020-03-05 00:00:00+08:00,299.5304773755642,301.45795792495653,297.6029968261719,297.6029968261719,68000,0.0,0.0
2020-03-06 00:00:00+08:00,299.1449793161276,299.1449793161276,296.06101045719845,297.2174987792969,94000,0.0,0.0
2020-03-09 00:00:00+08:00,297.2174987792969,297.2174987792969,297.2174987792969,297.2174987792969,0,0.0,0.0
2020-03-10 00:00:00+08:00,283.72513147074096,283.72513147074096,275.2442172148221,278.32818603515625,372000,0.0,0.0
2020-03-11 00:00:00+08:00,282.1831391315938,282.95413131501346,276.78619384765625,276.78619384765625,172000,0.0,0.0
2020-03-12 00:00:00+08:00,273.7022508563417,273.7022508563417,254.04194833004112,254.4274444580078,494000,0.0,0.0
2020-03-13 00:00:00+08:00,254.42744445800778,254.42744445800778,254.42744445800778,254.4274444580078,0,0.0,0.0
2020-03-16 00:00:00+08:00,246.33202147559996,246.71751759684503,240.16408353567886,241.32057189941406,282000,0.0,0.0
2020-03-17 00:00:00+08:00,227.44273149947745,236.6946392214901,227.44273149947745,236.30914306640625,247000,0.0,0.0
2020-03-18 00:00:00+08:00,236.30914306640625,236.30914306640625,236.30914306640625,236.30914306640625,0,0.0,0.0
2020-03-19 00:00:00+08:00,228.21371459960938,228.21371459960938,208.93890762329102,222.0457763671875,516000,0.0,0.0
2020-03-20 00:00:00+08:00,229.75570842998061,239.00761615199326,228.2137238096452,236.30914306640625,327000,0.0,0.0
2020-03-23 00:00:00+08:00,218.1907997668629,226.67171424543355,217.4198075415383,218.9617919921875,250000,0.0,0.0
2020-03-24 00:00:00+08:00,223.58774217508608,232.0686565334514,223.58774217508608,227.4427032470703,212000,0.0,0.0
2020-03-25 00:00:00+08:00,235.92362620198307,245.9465253543549,235.92362620198307,241.32057189941406,384000,0.0,0.0
2020-03-26 00:00:00+08:00,241.32058334350586,241.32058334350586,232.83966827392578,240.54959106445312,155000,0.0,0.0
2020-03-27 00:00:00+08:00,244.40453301825326,249.80147854231564,238.23659527646768,239.77857971191406,272000,0.0,0.0
2020-03-30 00:00:00+08:00,235.92359529088753,237.46557957383453,229.75565815909962,235.15260314941406,150000,0.0,0.0
2020-03-31 00:00:00+08:00,244.40453301825326,244.40453301825326,236.69461084102127,239.77857971191406,173000,0.0,0.0
2020-04-01 00:00:00+08:00,240.54955267137098,241.32054482736896,236.69459189138104,239.007568359375,117000,0.0,0.0
2020-04-06 00:00:00+08:00,240.54958157334033,242.09156607060532,235.53813195722907,241.70606994628906,158000,0.0,0.0
2020-04-07 00:00:00+08:00,248.25949067889522,249.80147509304985,244.01903353996997,245.17552185058594,209000,0.0,0.0
2020-04-08 00:00:00+08:00,245.17556340144233,251.7289982722356,243.63357872596157,250.572509765625,281000,0.0,0.0
2020-04-09 00:00:00+08:00,255.1984100341797,257.1258904725043,250.18696089453567,255.1984100341797,494000,0.0,0.0
2020-04-10 00:00:00+08:00,258.2824154277552,259.05340771261416,252.49997329131293,253.27096557617188,217000,0.0,0.0
2020-04-13 00:00:00+08:00,251.7289908238713,251.7289908238713,244.4045638320588,245.94654846191406,279000,0.0,0.0
2020-04-14 00:00:00+08:00,247.87403635413452,254.42747121886282,245.94655551156737,253.65647888183594,233000,0.0,0.0
2020-04-15 00:00:00+08:00,256.74040386564633,257.8968921713474,251.34345843904114,254.04193115234375,411000,0.0,0.0
2020-04-16 00:00:00+08:00,252.1144640123522,259.05339421452703,248.64499891126476,256.74041748046875,286000,0.0,0.0
2020-04-17 00:00:00+08:00,262.9083512934243,262.9083512934243,252.8854522705078,252.8854522705078,443000,0.0,0.0
2020-04-20 00:00:00+08:00,252.8854522705078,254.42743673557186,250.18697945664567,252.8854522705078,121000,0.0,0.0
2020-04-21 00:00:00+08:00,250.5724616802055,252.114446059776,247.10299682617188,247.10299682617188,302000,0.0,0.0
2020-04-22 00:00:00+08:00,245.17556340144233,250.57250976562503,242.86258638822116,250.572509765625,115000,0.0,0.0
2020-04-23 00:00:00+08:00,250.57250618934634,252.11449084281924,246.71754455566406,246.71754455566406,46000,0.0,0.0
2020-04-24 00:00:00+08:00,246.7175407768417,247.48853309176934,245.17555614698645,245.94654846191406,60000,0.0,0.0
2020-04-27 00:00:00+08:00,249.03052509014424,250.57250976562503,245.9465557391827,250.572509765625,114000,0.0,0.0
2020-04-28 00:00:00+08:00,250.9579793063077,256.3549250978412,249.80149092240765,254.4274444580078,216000,0.0,0.0
2020-04-29 00:00:00+08:00,254.4274502113217,259.05340385152755,254.4274502113217,258.66790771484375,351000,0.0,0.0
2020-04-30 00:00:00+08:00,260.9808809332093,273.3167571368469,260.2098886704819,270.2327880859375,724000,0.0,0.0
2020-05-04 00:00:00+08:00,264.45034046774265,271.00377456096663,264.06484434461186,269.0762939453125,297000,0.0,0.0
2020-05-05 00:00:00+08:00,270.6183215179655,280.6412223149272,270.6183215179655,277.9427490234375,419000,0.0,0.0
2020-05-06 00:00:00+08:00,281.41216655353924,283.72514326493814,278.3281976050073,280.64117431640625,333000,0.0,0.0
2020-05-07 00:00:00+08:00,280.64117594286904,281.02667206366965,273.70224576845743,274.8587341308594,273000,0.0,0.0
2020-05-08 00:00:00+08:00,275.2442757319478,284.1106879754139,271.38931388696255,277.9427490234375,282000,0.0,0.0
2020-05-11 00:00:00+08:00,281.4121671977796,296.8320119757401,277.94270212273847,292.97705078125,513000,0.0,0.0
2020-05-12 00:00:00+08:00,291.43507763671874,297.6030157877604,287.5801162923177,289.1221008300781,354000,0.0,0.0
2020-05-13 00:00:00+08:00,288.35108530101417,288.35108530101417,282.56864375086013,284.4961242675781,260000,0.0,0.0
2020-05-14 00:00:00+08:00,283.33965077119717,284.8816352651901,274.85873605423615,275.2442321777344,269000,0.0,0.0
2020-05-15 00:00:00+08:00,278.3282205182954,281.4121897207142,271.77478596315547,272.9312744140625,269000,0.0,0.0
2020-05-18 00:00:00+08:00,273.31675907145876,278.328208814659,268.69080546235085,270.6182861328125,190000,0.0,0.0
2020-05-19 00:00:00+08:00,275.24422832017535,278.3281972649392,273.3167477296979,274.4732360839844,162000,0.0,0.0
2020-05-20 00:00:00+08:00,277.17173206738835,277.17173206738835,272.54577826376016,272.9312744140625,108000,0.0,0.0
2020-05-21 00:00:00+08:00,275.62970250030685,282.1831359863281,275.62970250030685,282.1831359863281,238000,0.0,0.0
2020-05-22 00:00:00+08:00,280.64118181793384,282.183166333417,276.0152282714844,276.0152282714844,164000,0.0,0.0
2020-05-25 00:00:00+08:00,277.94270309726454,277.94270309726454,271.00377292285293,274.8587341308594,145000,0.0,0.0
2020-05-26 00:00:00+08:00,277.5571938300727,281.79765095803214,276.4007055224474,278.32818603515625,174000,0.0,0.0
2020-05-27 00:00:00+08:00,280.6411837653635,280.6411837653635,275.24423792372187,276.4007263183594,117000,0.0,0.0
2020-05-28 00:00:00+08:00,277.557218548983,280.6411876439717,276.01523400148864,277.1717224121094,120000,0.0,0.0
2020-05-29 00:00:00+08:00,279.0992262620193,279.87021859975965,275.6297607421875,275.6297607421875,201000,0.0,0.0
2020-06-01 00:00:00+08:00,276.0152569110577,276.7862492487981,274.4732722355769,275.6297607421875,145000,0.0,0.0
2020-06-02 00:00:00+08:00,276.01522442473083,276.7862166717273,274.85873605423615,275.2442321777344,131000,0.0,0.0
2020-06-03 00:00:00+08:00,278.32821639083744,296.44653518636284,278.32821639083744,290.6640930175781,1156000,0.0,0.0
2020-06-04 00:00:00+08:00,299.1449926181102,303.38544998769686,291.43507012795277,293.748046875,844000,0.0,0.0
2020-06-05 00:00:00+08:00,295.29001179147275,296.0610039893617,289.122074208361,289.89306640625,334000,0.0,0.0
2020-06-08 00:00:00+08:00,292.9770212877517,292.9770212877517,286.03809183619967,287.194580078125,334000,0.0,0.0
2020-06-09 00:00:00+08:00,285.2671277392041,285.6526238577706,279.48468596070677,280.64117431640625,592000,0.0,0.0
2020-06-10 00:00:00+08:00,279.0991782402398,283.72513147074096,277.5571938300727,278.32818603515625,472000,0.0,0.0
2020-06-11 00:00:00+08:00,278.7137088775635,280.6411895751953,271.3892822265625,271.3892822265625,805000,0.0,0.0
2020-06-12 00:00:00+08:00,262.90832807680056,269.4617614746094,259.0533672545601,269.4617614746094,444000,0.0,0.0
2020-06-15 00:00:00+08:00,269.4617803664434,272.93124534970235,266.7633076016865,267.1488037109375,221000,0.0,0.0
2020-06-16 00:00:00+08:00,271.38928603045326,272.1602783203125,269.4618053058051,272.1602783203125,193000,0.0,0.0
2020-06-17 00:00:00+08:00,272.1602593754115,276.01522055636633,271.774763257316,274.4732360839844,239000,0.0,0.0
2020-06-18 00:00:00+08:00,274.4732722355769,276.4007530799279,273.70227989783655,275.6297607421875,201000,0.0,0.0
2020-06-19 00:00:00+08:00,276.786233862406,282.9541722214568,276.786233862406,278.7137145996094,544000,0.0,0.0
2020-06-22 00:00:00+08:00,281.4121607287177,281.797656839305,277.1717035122576,279.48468017578125,222000,0.0,0.0
2020-06-23 00:00:00+08:00,281.4121681844703,281.797664305271,274.8587341308594,274.8587341308594,217000,0.0,0.0
2020-06-24 00:00:00+08:00,274.8587283282213,275.24422444088356,270.2327749762737,273.7022399902344,256000,0.0,0.0
2020-06-29 00:00:00+08:00,271.3892764800285,271.7747726113922,269.84729195457385,270.2327880859375,108000,0.0,0.0
2020-06-30 00:00:00+08:00,274.4732551898902,274.4732551898902,271.38928603045326,272.1602783203125,70000,0.0,0.0
2020-07-01 00:00:00+08:00,271.3892898128531,274.08776286496953,271.3892898128531,272.9312744140625,130000,0.0,0.0
2020-07-02 00:00:00+08:00,275.2442492726433,285.2671491061009,275.2442492726433,278.7137145996094,718000,0.0,0.0
2020-07-03 00:00:00+08:00,279.09919730245065,280.64118181793384,274.858739884872,276.0152282714844,227000,0.0,0.0
2020-07-06 00:00:00+08:00,274.85873220207986,277.9427011468437,273.7022438477934,274.4732360839844,245000,0.0,0.0
2020-07-07 00:00:00+08:00,275.62972637246065,280.64117594286904,274.8587341308594,274.8587341308594,269000,0.0,0.0
2020-07-08 00:00:00+08:00,274.47319563848123,274.85869169977127,271.38922714816124,272.54571533203125,263000,0.0,0.0
2020-07-09 00:00:00+08:00,274.4732551898902,274.4732551898902,272.1602783203125,272.1602783203125,150000,0.0,0.0
2020-07-10 00:00:00+08:00,272.16025313120036,272.16025313120036,266.3778114924355,267.1488037109375,263000,0.0,0.0
2020-07-13 00:00:00+08:00,268.3052939818984,269.46178231802725,265.2213250855547,267.5343017578125,159000,0.0,0.0
2020-07-14 00:00:00+08:00,268.30534020248723,269.07633255939095,264.06488223951686,264.45037841796875,156000,0.0,0.0
2020-07-15 00:00:00+08:00,268.69081310327505,269.07630924832995,264.45035550767096,265.9923400878906,187000,0.0,0.0
2020-07-16 00:00:00+08:00,269.46179006844335,269.46179006844335,266.7633172065276,269.0762939453125,91000,0.0,0.0
2020-07-17 00:00:00+08:00,273.70224742288235,273.70224742288235,267.91980557592007,269.0762939453125,226000,0.0,0.0
2020-07-20 00:00:00+08:00,269.07627244530113,269.07627244530113,262.9083349680449,264.8358154296875,182000,0.0,0.0
2020-07-21 00:00:00+08:00,265.2213439941406,270.61828994750977,263.2938632965088,265.2213439941406,259000,0.0,0.0
2020-07-22 00:00:00+08:00,265.9923440605931,265.9923440605931,259.82440564759384,260.59539794921875,478000,0.0,0.0
2020-07-23 00:00:00+08:00,259.8243670635913,259.8243670635913,255.58391003436353,255.9694061279297,330000,0.0,0.0
2020-07-24 00:00:00+08:00,255.58390727920178,255.58390727920178,246.71749722275888,249.4159698486328,381000,0.0,0.0
2020-07-27 00:00:00+08:00,246.71753925367045,248.64502002908975,235.15265460115467,236.30914306640625,696000,0.0,0.0
2020-07-28 00:00:00+08:00,236.69461445994193,244.01904064029844,231.29766885336346,237.46560668945312,734000,0.0,0.0
2020-07-29 00:00:00+08:00,240.9350687505291,249.03048706054688,238.23659598052316,249.03048706054688,402000,0.0,0.0
2020-07-30 00:00:00+08:00,249.03046689367596,252.88542768150376,239.77856100288923,242.09153747558594,588000,0.0,0.0
2020-07-31 00:00:00+08:00,242.8625291393649,242.8625291393649,236.30909581338204,239.007568359375,539000,0.0,0.0
2020-08-03 00:00:00+08:00,239.00761602773375,241.3205929570344,238.23662371796686,239.3931121826172,163000,0.0,0.0
2020-08-04 00:00:00+08:00,241.70608139648436,243.24806596679687,239.39310454101562,240.93508911132812,344000,0.0,0.0
2020-08-05 00:00:00+08:00,242.86255652972199,245.17553325857648,241.320572043819,244.404541015625,196000,0.0,0.0
2020-08-06 00:00:00+08:00,245.56103118945157,247.87400793534908,239.77858932470784,241.70606994628906,345000,0.0,0.0
2020-08-07 00:00:00+08:00,235.92362203096087,236.6946142598202,233.22514922995316,234.3816375732422,1005000,0.0,0.0
2020-08-10 00:00:00+08:00,229.7556680130632,229.7556680130632,223.58773061673935,225.1297149658203,928000,0.0,0.0
2020-08-11 00:00:00+08:00,225.12972660387976,229.37018378306243,224.35873438948292,227.4427032470703,590000,0.0,0.0
2020-08-12 00:00:00+08:00,227.44273963341348,227.82823580228367,223.58777794471155,225.5152587890625,357000,0.0,0.0
2020-08-13 00:00:00+08:00,226.67173767089844,228.5992184334061,223.58776845088622,226.67173767089844,276000,0.0,0.0
2020-08-14 00:00:00+08:00,226.67171077138372,227.05720687813778,223.58774191735128,224.35873413085938,374000,0.0,0.0
2020-08-17 00:00:00+08:00,224.74423960670697,225.12973572953152,220.1182861328125,220.1182861328125,676000,0.0,0.0
2020-08-18 00:00:00+08:00,220.1182803301744,220.1182803301744,215.49232697822677,218.9617919921875,588000,0.0,0.0
2020-08-19 00:00:00+08:00,218.57630920410156,219.34730147642642,217.41982079561424,218.57630920410156,242000,0.0,0.0
2020-08-20 00:00:00+08:00,218.96177081892978,219.73276296970064,212.4083375373773,217.80528259277344,540000,0.0,0.0
2020-08-21 00:00:00+08:00,218.96179584703947,221.27477256373353,216.26332301089636,219.7327880859375,312000,0.0,0.0
2020-08-24 00:00:00+08:00,221.66027088587694,227.44271273507374,220.1182863927578,226.28622436523438,612000,0.0,0.0
2020-08-25 00:00:00+08:00,226.28620322763103,227.44269148944176,221.66025018038815,225.1297149658203,355000,0.0,0.0
2020-08-26 00:00:00+08:00,226.67171488581477,228.2136993408203,224.35873820330644,228.2136993408203,261000,0.0,0.0
2020-08-27 00:00:00+08:00,229.75568947475244,230.14118559803225,225.9007282419546,226.28622436523438,287000,0.0,0.0
2020-08-28 00:00:00+08:00,227.82821089469346,231.2976760352218,227.82821089469346,229.7556915283203,543000,0.0,0.0
2020-08-31 00:00:00+08:00,232.06866047833415,232.06866047833415,228.2136993408203,228.2136993408203,412000,0.0,0.0
2020-09-01 00:00:00+08:00,227.8282223073289,228.21371845336498,222.81677240885972,225.90074157714844,477000,0.0,0.0
2020-09-02 00:00:00+08:00,225.90074157714844,226.28623772318454,223.973260846968,225.90074157714844,618000,0.0,0.0
2020-09-03 00:00:00+08:00,228.36510513057328,231.6509339813729,227.13291931152344,227.13291931152344,1243000,18.0,0.0
2020-09-04 00:00:00+08:00,225.90071173275217,227.13289743311265,222.6148831984576,223.43634033203125,565000,0.0,0.0
2020-09-07 00:00:00+08:00,223.43635017641128,224.6685359310606,216.04323564851532,216.45396423339844,766000,0.0,0.0
2020-09-08 00:00:00+08:00,216.0432272350297,219.3290557861328,213.98958439059027,219.3290557861328,382000,0.0,0.0
2020-09-09 00:00:00+08:00,218.50759753058938,225.90071173275217,217.68614039701572,223.43634033203125,515000,0.0,0.0
2020-09-10 00:00:00+08:00,225.9007429284803,226.31147155198664,221.3827280699107,222.6149139404297,215000,0.0,0.0
2020-09-11 00:00:00+08:00,222.61489924888187,222.61489924888187,220.15052767048095,220.97198486328125,186000,0.0,0.0
2020-09-14 00:00:00+08:00,220.97197761892158,221.79343478479117,218.91833470424757,219.7397918701172,206000,0.0,0.0
2020-09-15 00:00:00+08:00,221.79345050403816,221.79345050403816,218.50762160768204,218.91835021972656,225000,0.0,0.0
2020-09-16 00:00:00+08:00,218.91834331281257,220.1505291100704,216.45397171829686,216.8647003173828,319000,0.0,0.0
2020-09-17 00:00:00+08:00,217.68615025111606,218.09687883649553,215.22177873883928,215.63250732421875,246000,0.0,0.0
2020-09-18 00:00:00+08:00,216.8646832634421,230.82945453419404,216.45395469665527,223.43634033203125,718000,0.0,0.0
2020-09-21 00:00:00+08:00,226.7221591105503,234.93673009281665,226.311430561437,232.06163024902344,1016000,0.0,0.0
2020-09-22 00:00:00+08:00,231.65092605976423,231.65092605976423,227.54364013671875,227.54364013671875,339000,0.0,0.0
2020-09-23 00:00:00+08:00,230.00801059274912,233.29383931550268,227.54363905068394,230.8294677734375,546000,0.0,0.0
2020-09-24 00:00:00+08:00,230.4187391830933,232.47238213481427,227.54363905068394,230.8294677734375,617000,0.0,0.0
2020-09-25 00:00:00+08:00,234.1153109913141,241.50842607525033,232.0616679124429,233.29385375976562,1083000,0.0,0.0
2020-09-28 00:00:00+08:00,233.70458680239,241.0977020263672,232.06167230817286,241.0977020263672,897000,0.0,0.0
2020-09-29 00:00:00+08:00,240.68696884370186,240.68696884370186,232.0616679124429,233.29385375976562,803000,0.0,0.0
2020-09-30 00:00:00+08:00,234.115318823113,236.16896197068417,232.06167567554184,232.8831329345703,208000,0.0,0.0
2020-10-05 00:00:00+08:00,233.70454388032235,235.34745807280265,231.2401725916019,234.5260009765625,279000,0.0,0.0
2020-10-06 00:00:00+08:00,235.34749019847197,236.99040461521523,230.00801834405638,230.4187469482422,386000,0.0,0.0
2020-10-07 00:00:00+08:00,230.8294677734375,232.47238213481427,230.4187391830933,230.8294677734375,218000,0.0,0.0
2020-10-08 00:00:00+08:00,231.65092605976423,232.06165465206877,227.1329115444142,227.54364013671875,375000,0.0,0.0
2020-10-12 00:00:00+08:00,225.9007353438908,225.9007353438908,220.9719920272968,222.2041778564453,365000,0.0,0.0
2020-10-13 00:00:00+08:00,220.97199327994912,223.0256363401717,218.91835021972656,218.91835021972656,257000,0.0,0.0
2020-10-14 00:00:00+08:00,218.50761328488034,221.3827134596814,218.50761328488034,220.97198486328125,235000,0.0,0.0
2020-10-15 00:00:00+08:00,220.97198572373927,220.97198572373927,218.09688553774268,218.5076141357422,201000,0.0,0.0
2020-10-16 00:00:00+08:00,218.50760715781396,218.50760715781396,216.45396423339844,216.45396423339844,214000,0.0,0.0
2020-10-19 00:00:00+08:00,216.45397229959036,218.09688670034626,214.40032929864546,215.22178649902344,328000,0.0,0.0
2020-10-20 00:00:00+08:00,214.40032182915945,216.45396475855753,214.40032182915945,214.81105041503906,225000,0.0,0.0
2020-10-21 00:00:00+08:00,215.63251394974557,218.9183427337417,215.63251394974557,218.5076141357422,193000,0.0,0.0
2020-10-22 00:00:00+08:00,218.91834160133644,222.6148989642108,218.91834160133644,221.79344177246094,198000,0.0,0.0
2020-10-23 00:00:00+08:00,222.61489953567732,222.61489953567732,219.32907076024298,220.15052795410156,132000,0.0,0.0
2020-10-26 00:00:00+08:00,220.97199392048307,220.97199392048307,216.86470778813208,217.2754364013672,2221000,0.0,0.0
2020-10-27 00:00:00+08:00,216.0432431192109,218.91834331281257,216.0432431192109,216.8647003173828,2317000,0.0,0.0
2020-10-28 00:00:00+08:00,219.32906380346267,219.32906380346267,216.04323513224975,218.0968780517578,1454000,0.0,0.0
2020-10-29 00:00:00+08:00,214.40032929864546,216.45397229959036,213.98960069845648,215.22178649902344,2719000,0.0,0.0
2020-10-30 00:00:00+08:00,215.22177979932303,216.4539655615329,211.93595110009673,212.3466796875,2603000,0.0,0.0
2020-11-02 00:00:00+08:00,212.34668159864057,212.34668159864057,206.1857527321423,206.5964813232422,4551000,0.0,0.0
2020-11-03 00:00:00+08:00,207.4179379615558,209.06085232164733,207.4179379615558,208.23939514160156,999000,0.0,0.0
2020-11-04 00:00:00+08:00,210.29304162779852,220.15052795410156,208.65012724008133,220.15052795410156,2178000,0.0,0.0
2020-11-05 00:00:00+08:00,220.15052176339285,220.15052176339285,215.63250732421875,215.63250732421875,1744000,0.0,0.0
2020-11-06 00:00:00+08:00,218.9183418812805,224.25781363448246,217.68615609208004,220.97198486328125,1712000,0.0,0.0
2020-11-09 00:00:00+08:00,221.79343478479117,223.43634911653038,217.6861489554432,219.7397918701172,300000,0.0,0.0
2020-11-10 00:00:00+08:00,223.84708280597783,228.36509732132785,222.20416843675966,227.54364013671875,732000,0.0,0.0
2020-11-11 00:00:00+08:00,227.13288765966362,234.11527299459001,225.90070201232368,232.06163024902344,681000,0.0,0.0
2020-11-12 00:00:00+08:00,235.75818662092271,236.1689151690428,232.8830867840822,234.5260009765625,505000,0.0,0.0
2020-11-13 00:00:00+08:00,232.47237949436882,239.86549403659257,232.06165090868973,239.04403686523438,740000,0.0,0.0
2020-11-16 00:00:00+08:00,242.74060744727217,245.61570770468487,242.74060744727217,244.79425048828125,635000,0.0,0.0
2020-11-17 00:00:00+08:00,244.7942378785875,244.7942378785875,236.5796661376953,236.5796661376953,480000,0.0,0.0
2020-11-18 00:00:00+08:00,235.34747196675164,239.86548626279748,232.88310053254483,239.4547576904297,430000,0.0,0.0
2020-11-19 00:00:00+08:00,240.27622315297901,240.27622315297901,236.16893728711614,237.401123046875,180000,0.0,0.0
2020-11-20 00:00:00+08:00,239.0440537245957,239.0440537245957,234.936767578125,234.936767578125,268000,0.0,0.0
2020-11-23 00:00:00+08:00,234.936767578125,239.0440537245957,233.7045817341838,234.936767578125,248000,0.0,0.0
2020-11-24 00:00:00+08:00,236.57968203671328,236.57968203671328,234.11531034883086,234.936767578125,177000,0.0,0.0
2020-11-25 00:00:00+08:00,236.99038720172385,236.99038720172385,234.93674433169156,236.16893005371094,138000,0.0,0.0
2020-11-26 00:00:00+08:00,236.990394991034,237.40112357854014,235.3474806410095,235.75820922851562,127000,0.0,0.0
2020-11-27 00:00:00+08:00,235.75820870052985,240.27622315297901,235.75820870052985,237.401123046875,328000,0.0,0.0
2020-11-30 00:00:00+08:00,240.68695147284146,240.68695147284146,237.81185136992357,238.2225799560547,155000,0.0,0.0
2020-12-01 00:00:00+08:00,238.2225729237432,239.0440300717561,232.47237288765285,236.16893005371094,222000,0.0,0.0
2020-12-02 00:00:00+08:00,236.16893728711614,240.6869517395653,236.16893728711614,237.401123046875,261000,0.0,0.0
2020-12-03 00:00:00+08:00,239.0440410381487,254.24099897356362,239.0440410381487,249.312255859375,1517000,0.0,0.0
2020-12-04 00:00:00+08:00,250.5444648163547,251.77665070889412,244.7942639845039,248.90155029296875,637000,0.0,0.0
2020-12-07 00:00:00+08:00,250.54446072048611,250.54446072048611,239.86551649305557,240.2762451171875,490000,0.0,0.0
2020-12-08 00:00:00+08:00,240.68694965606585,248.08006415062079,240.68694965606585,243.9727783203125,392000,0.0,0.0
2020-12-09 00:00:00+08:00,243.97275570322412,243.97275570322412,242.32984152340444,242.74057006835938,202000,0.0,0.0
2020-12-10 00:00:00+08:00,241.50842285156247,243.15133729272958,239.04405118981185,241.5084228515625,208000,0.0,0.0
2020-12-11 00:00:00+08:00,242.32987462121986,243.1513318233257,234.5260312012145,235.3474884033203,363000,0.0,0.0
2020-12-14 00:00:00+08:00,233.7045655086123,238.2225799560547,230.82946540569438,238.2225799560547,250000,0.0,0.0
2020-12-15 00:00:00+08:00,237.81183764454332,238.22256620696913,232.4723663330078,232.4723663330078,190000,0.0,0.0
2020-12-16 00:00:00+08:00,232.47238105640076,237.40112411766722,232.47238105640076,234.11529541015625,175000,0.0,0.0
2020-12-17 00:00:00+08:00,234.11529487849114,236.16893781602175,234.11529487849114,235.75820922851562,119000,0.0,0.0
2020-12-18 00:00:00+08:00,235.34745807280265,236.57964371716287,234.5260009765625,234.5260009765625,233000,0.0,0.0
2020-12-21 00:00:00+08:00,234.52603896347793,235.34749619277207,230.82948143165427,234.936767578125,156000,0.0,0.0
2020-12-22 00:00:00+08:00,234.93673086936855,234.93673086936855,228.7758026123047,228.7758026123047,254000,0.0,0.0
2020-12-23 00:00:00+08:00,230.41874816232306,231.24020537502295,225.90073349247356,227.13291931152344,306000,0.0,0.0
2020-12-24 00:00:00+08:00,227.54363986228012,229.59728282132596,226.3114540868526,228.36509704589844,179000,0.0,0.0
2020-12-25 00:00:00+08:00,230.00803392986919,233.29386298601017,227.95439076978107,229.59730529785156,166000,0.0,0.0
2020-12-28 00:00:00+08:00,228.77583373692323,229.59729094962313,227.13291931152344,227.13291931152344,94000,0.0,0.0
2020-12-29 00:00:00+08:00,228.36509732132785,228.7758259136324,225.90072576750057,227.54364013671875,170000,0.0,0.0
2020-12-30 00:00:00+08:00,228.77580948417068,232.47236654944456,228.77580948417068,231.65090942382812,125000,0.0,0.0
2020-12-31 00:00:00+08:00,231.65094059535437,232.47239783150812,230.00802612304688,230.00802612304688,78000,0.0,0.0
2021-01-04 00:00:00+08:00,231.65092605976423,231.65092605976423,226.72218295210968,227.54364013671875,169000,0.0,0.0
2021-01-05 00:00:00+08:00,227.54364125457874,227.54364125457874,223.4363553113553,224.2578125,272000,0.0,0.0
2021-01-06 00:00:00+08:00,225.07926318632158,225.07926318632158,220.1505201968401,220.56124877929688,347000,0.0,0.0
2021-01-07 00:00:00+08:00,220.56125712573976,221.3827143217388,217.68615693974314,218.5076141357422,374000,0.0,0.0
2021-01-08 00:00:00+08:00,223.84705872544055,236.57964371716287,223.84705872544055,234.5260009765625,933000,0.0,0.0
2021-01-11 00:00:00+08:00,235.75822480741914,239.45478233924277,233.7045817341838,234.936767578125,448000,0.0,0.0
2021-01-12 00:00:00+08:00,235.34748339050515,236.57966916741879,226.3114543598051,227.54364013671875,393000,0.0,0.0
2021-01-13 00:00:00+08:00,227.9543684540893,230.00801141313514,226.72218267866177,228.36509704589844,159000,0.0,0.0
2021-01-14 00:00:00+08:00,229.5972912575502,229.5972912575502,225.07927658164135,226.31146240234375,216000,0.0,0.0
2021-01-15 00:00:00+08:00,226.31146395360696,226.72219256332312,221.79344924672915,222.2041778564453,365000,0.0,0.0
2021-01-18 00:00:00+08:00,222.2041706524817,224.25781363448246,218.50761328488034,220.97198486328125,189000,0.0,0.0
2021-01-19 00:00:00+08:00,222.61490646616147,223.43636368559382,220.9719920272968,222.2041778564453,104000,0.0,0.0
2021-01-20 00:00:00+08:00,223.84708590973588,223.84708590973588,218.09688553774268,218.5076141357422,228000,0.0,0.0
2021-01-21 00:00:00+08:00,221.38272189199364,221.79345050403816,217.686164383593,218.91835021972656,170000,0.0,0.0
2021-01-22 00:00:00+08:00,218.50760586701293,221.38270594421047,217.27542011964255,220.56124877929688,171000,0.0,0.0
2021-01-25 00:00:00+08:00,220.56125655103085,220.97198514796017,218.5076135663844,220.15052795410156,163000,0.0,0.0
2021-01-26 00:00:00+08:00,220.15053359624034,227.9543771378981,220.15053359624034,225.49000549316406,431000,0.0,0.0
2021-01-27 00:00:00+08:00,228.36509080239392,228.36509080239392,223.43634783543578,223.84707641601562,179000,0.0,0.0
2021-01-28 00:00:00+08:00,224.6685346038648,224.6685346038648,220.56124877929688,220.56124877929688,274000,0.0,0.0
2021-01-29 00:00:00+08:00,221.7934429197383,222.20417151773782,218.5076141357422,218.5076141357422,125000,0.0,0.0
2021-02-01 00:00:00+08:00,219.73980808077778,220.15053669401286,216.86470778813208,217.2754364013672,224000,0.0,0.0
2021-02-02 00:00:00+08:00,220.1505360558601,221.79345050403816,217.686164383593,218.91835021972656,137000,0.0,0.0
2021-02-03 00:00:00+08:00,219.73979935717227,220.15052795410156,218.9183421633137,220.15052795410156,130000,0.0,0.0
2021-02-04 00:00:00+08:00,220.1505360558601,222.61490772812718,218.91835021972656,218.91835021972656,198000,0.0,0.0
2021-02-05 00:00:00+08:00,220.97198486328125,222.2041706524817,220.15052767048095,220.97198486328125,135000,0.0,0.0
2021-02-17 00:00:00+08:00,222.61488480477962,222.61488480477962,216.8646848282724,217.68614196777344,509000,0.0,0.0
2021-02-18 00:00:00+08:00,217.68615051619636,217.68615051619636,213.98959324327984,214.81105041503906,524000,0.0,0.0
2021-02-19 00:00:00+08:00,215.22179271132592,219.32907883177106,215.22179271132592,218.91835021972656,407000,0.0,0.0
2021-02-22 00:00:00+08:00,220.15053928920202,231.65094059535437,220.15053928920202,230.00802612304688,1045000,0.0,0.0
2021-02-23 00:00:00+08:00,229.5972830982415,230.4187402828506,225.90072576750057,227.54364013671875,617000,0.0,0.0
2021-02-24 00:00:00+08:00,227.54366075088527,234.52604745262724,227.54366075088527,232.8831329345703,697000,0.0,0.0
2021-02-25 00:00:00+08:00,234.11529487849114,237.81185216604626,232.88310911597276,235.75820922851562,688000,0.0,0.0
2021-02-26 00:00:00+08:00,234.93673009281665,234.93673009281665,230.41871605257018,232.06163024902344,353000,0.0,0.0
2021-03-02 00:00:00+08:00,235.34748396439986,235.34748396439986,225.90072631835938,225.90072631835938,275000,0.0,0.0
2021-03-03 00:00:00+08:00,225.90072522453937,229.18655395507812,224.25781085927,229.18655395507812,157000,0.0,0.0
2021-03-04 00:00:00+08:00,228.36509759875312,228.36509759875312,225.07926885632503,226.72218322753906,174000,0.0,0.0
2021-03-05 00:00:00+08:00,225.07928270612445,234.11531230381559,224.25782546997073,230.00802612304688,369000,0.0,0.0
2021-03-08 00:00:00+08:00,232.8831329345703,236.99041922971264,231.6509470460276,232.8831329345703,472000,0.0,0.0
2021-03-09 00:00:00+08:00,229.18653783360134,232.4723663330078,227.1328950214723,232.4723663330078,449000,0.0,0.0
2021-03-10 00:00:00+08:00,233.7045734213791,238.2225880217924,232.4723876212664,236.9904022216797,699000,0.0,0.0
2021-03-11 00:00:00+08:00,240.68694965606585,246.02642123546664,238.2225781578809,243.9727783203125,1050000,0.0,0.0
2021-03-12 00:00:00+08:00,245.61571552693343,246.43717276949843,240.68697207154347,244.38352966308594,611000,0.0,0.0
2021-03-15 00:00:00+08:00,246.02644550901866,246.02644550901866,239.04405890859576,241.0977020263672,414000,0.0,0.0
2021-03-16 00:00:00+08:00,241.097680595186,241.91913776927524,236.5796661376953,236.5796661376953,448000,0.0,0.0
2021-03-17 00:00:00+08:00,236.5796653511598,241.50840837930895,236.1689367654807,239.04403686523438,301000,0.0,0.0
2021-03-18 00:00:00+08:00,239.86548649956973,240.6869436451162,237.4011150629303,238.63330078125,186000,0.0,0.0
2021-03-19 00:00:00+08:00,241.91913464864098,248.49079195658368,240.6869489034017,246.43714904785156,1379000,0.0,0.0
2021-03-22 00:00:00+08:00,248.0800947449017,265.3306973596134,247.66936611121807,262.4555969238281,2638000,0.0,0.0
2021-03-23 00:00:00+08:00,264.50924009224616,271.08089823118394,259.16976785435924,262.4555969238281,1519000,0.0,0.0
2021-03-24 00:00:00+08:00,261.22336610911583,264.09846605056833,257.9375376045986,259.9911804199219,498000,0.0,0.0
2021-03-25 00:00:00+08:00,261.63410719078,270.6701360105558,256.294635615458,269.0272216796875,994000,0.0,0.0
2021-03-26 00:00:00+08:00,271.90234721487786,286.68857757701625,269.02724686668427,282.1705627441406,2733000,0.0,0.0
2021-03-29 00:00:00+08:00,286.27784137336573,287.0992985939493,280.1169122189891,281.75982666015625,1163000,0.0,0.0
2021-03-30 00:00:00+08:00,284.63491937122205,294.08167715699136,280.9383619767906,281.3490905761719,1355000,0.0,0.0
2021-03-31 00:00:00+08:00,282.58127579599056,286.68856178139737,278.4739898105837,282.99200439453125,852000,0.0,0.0
2021-04-01 00:00:00+08:00,287.0992838691263,287.5100124583525,279.2954406738281,279.2954406738281,566000,0.0,0.0
2021-04-07 00:00:00+08:00,274.7774127582172,278.47396988052503,271.90231277419997,273.54522705078125,569000,0.0,0.0
2021-04-08 00:00:00+08:00,276.4203714675452,283.81348690055535,275.5989141972107,277.6525573730469,714000,0.0,0.0
2021-04-09 00:00:00+08:00,279.2954197593608,279.70614831783047,271.4915771484375,271.4915771484375,425000,0.0,0.0
2021-04-12 00:00:00+08:00,271.4915936963716,273.5452366138933,266.15212211081507,267.3843078613281,434000,0.0,0.0
2021-04-13 00:00:00+08:00,266.97360836139035,274.36672366985965,265.3306938483972,270.670166015625,698000,0.0,0.0
2021-04-14 00:00:00+08:00,271.49158703575256,274.77741562317465,256.2946298189252,263.687744140625,792000,0.0,0.0
2021-04-15 00:00:00+08:00,265.33065611502195,271.9023132324219,265.33065611502195,271.9023132324219,398000,0.0,0.0
2021-04-16 00:00:00+08:00,271.90228189983424,277.24175269242915,271.90228189983424,276.8310241699219,436000,0.0,0.0
2021-04-19 00:00:00+08:00,276.8310718883167,282.58127219460226,271.08087158203125,271.08087158203125,715000,0.0,0.0
2021-04-20 00:00:00+08:00,269.8486981687293,280.11691347195335,268.20578372021345,278.4739990234375,487000,0.0,0.0
2021-04-21 00:00:00+08:00,276.4203421769742,281.3490852767122,273.95597062710516,274.36669921875,347000,0.0,0.0
2021-04-22 00:00:00+08:00,277.6525320053101,277.6525320053101,261.6341166973114,262.8663024902344,667000,0.0,0.0
2021-04-23 00:00:00+08:00,264.09849517585695,265.7414096092993,261.63412352569344,264.9199523925781,240000,0.0,0.0
2021-04-26 00:00:00+08:00,265.3306973596134,266.97361189434787,257.9375819533084,262.4555969238281,511000,0.0,0.0
2021-04-27 00:00:00+08:00,262.0448308036154,264.9199308281065,259.58045935405164,260.40191650390625,280000,0.0,0.0
2021-04-28 00:00:00+08:00,262.0448312910776,262.0448312910776,257.11608838278147,258.7590026855469,213000,0.0,0.0
2021-04-29 00:00:00+08:00,261.2233801288516,266.9735803203672,257.9375514479855,264.0984802246094,389000,0.0,0.0
2021-05-03 00:00:00+08:00,263.68776204035834,263.68776204035834,256.2946472167969,256.2946472167969,398000,0.0,0.0
2021-05-04 00:00:00+08:00,257.5268207550049,259.580463663737,243.1513203938802,246.43714904785156,634000,0.0,0.0
2021-05-05 00:00:00+08:00,246.437162511489,253.83027738683364,243.9727908863741,251.36590576171875,322000,0.0,0.0
2021-05-06 00:00:00+08:00,251.36590516722046,255.883919802579,250.54444796079164,253.00881958007812,280000,0.0,0.0
2021-05-07 00:00:00+08:00,250.54445567557482,255.88392768177562,246.84789813282046,252.5980987548828,414000,0.0,0.0
2021-05-10 00:00:00+08:00,253.83025371236198,256.2946251076276,252.59806801472914,253.41952514648438,171000,0.0,0.0
2021-05-11 00:00:00+08:00,249.7229800928909,250.5444372642491,239.04403686523438,239.04403686523438,552000,0.0,0.0
2021-05-12 00:00:00+08:00,239.86548045667237,244.38349464335627,224.25779508449165,232.4723663330078,752000,0.0,0.0
2021-05-13 00:00:00+08:00,228.36509677244342,232.0616540942995,224.25781085927,229.18655395507812,390000,0.0,0.0
2021-05-14 00:00:00+08:00,234.11529541015625,236.99039552922835,230.82946670264528,234.11529541015625,209000,0.0,0.0
2021-05-17 00:00:00+08:00,221.79344440328663,224.2578160077676,213.16814378760327,214.40032958984375,685000,0.0,0.0
2021-05-18 00:00:00+08:00,216.86469673680057,228.36509732132785,216.86469673680057,227.54364013671875,575000,0.0,0.0
2021-05-19 00:00:00+08:00,224.66854109432234,228.77582703754578,223.02562671703296,224.2578125,236000,0.0,0.0
2021-05-20 00:00:00+08:00,223.02562671703296,233.70457016941393,223.02562671703296,224.2578125,427000,0.0,0.0
2021-05-21 00:00:00+08:00,227.13291811475568,233.29384717754292,226.31146090638404,230.4187469482422,271000,0.0,0.0
2021-05-24 00:00:00+08:00,229.18655395507812,232.0616540942995,227.54363958980875,229.18655395507812,230000,0.0,0.0
2021-05-25 00:00:00+08:00,231.2401895883921,232.88310390163113,227.54363238360432,227.95436096191406,399000,0.0,0.0
2021-05-26 00:00:00+08:00,229.1865380469789,234.11528080067737,227.13289523293787,231.65090942382812,316000,0.0,0.0
2021-05-27 00:00:00+08:00,232.0616770899573,232.47240572197492,229.59730529785156,229.59730529785156,257000,0.0,0.0
2021-05-28 00:00:00+08:00,231.65093276079963,232.47238996917127,229.59728973987058,230.4187469482422,237000,0.0,0.0
2021-05-31 00:00:00+08:00,231.24021506106428,241.91915927347577,229.59730056684714,241.0977020263672,364000,0.0,0.0
2021-06-01 00:00:00+08:00,241.91914118809206,255.88391334495984,235.75821229535626,249.312255859375,1223000,0.0,0.0
2021-06-02 00:00:00+08:00,246.02644414821592,250.9551876036059,243.15134379923845,244.38352966308594,478000,0.0,0.0
2021-06-03 00:00:00+08:00,243.15131186499383,253.00879748114224,240.68694046095675,250.13369750976562,421000,0.0,0.0
2021-06-04 00:00:00+08:00,250.54447268651538,251.36592997401215,247.2586435365283,248.49082946777344,289000,0.0,0.0
2021-06-07 00:00:00+08:00,248.0800555795679,248.90151271724858,243.56204132232412,246.84786987304688,226000,0.0,0.0
2021-06-08 00:00:00+08:00,249.72296894242612,259.5804545585745,248.90151180774708,250.13369750976562,488000,0.0,0.0
2021-06-09 00:00:00+08:00,250.54445567557482,255.88392768177562,248.49081259626684,252.5980987548828,251000,0.0,0.0
2021-06-10 00:00:00+08:00,252.18735600931836,253.41954178786554,249.312255859375,249.312255859375,197000,0.0,0.0
2021-06-11 00:00:00+08:00,250.5444338447169,255.0624482255233,249.312248104497,249.7229766845703,241000,0.0,0.0
2021-06-15 00:00:00+08:00,250.5444251853411,262.86628216166935,250.5444251853411,253.41952514648438,1218000,0.0,0.0
2021-06-16 00:00:00+08:00,254.65172700522967,255.4731841891175,248.9015267180148,250.95516967773438,592000,0.0,0.0
2021-06-17 00:00:00+08:00,249.3122403750866,256.7053545871979,249.3122403750866,250.13369750976562,490000,0.0,0.0
2021-06-18 00:00:00+08:00,251.77664152315964,260.4019424562532,250.54445567557482,252.5980987548828,851000,0.0,0.0
2021-06-21 00:00:00+08:00,252.18736553339994,265.3306810009387,250.133722491597,264.9199523925781,912000,0.0,0.0
2021-06-22 00:00:00+08:00,270.25936780980504,281.7597664400095,262.04479735965896,276.8310241699219,2597000,0.0,0.0
2021-06-23 00:00:00+08:00,281.759837549487,289.1529528204648,271.0808932691857,273.95599365234375,1935000,0.0,0.0
2021-06-24 00:00:00+08:00,275.18815695521346,276.8310713250953,272.3130568079202,272.7237854003906,562000,0.0,0.0
2021-06-25 00:00:00+08:00,278.06326855645665,288.7422124005746,275.5988969001217,283.4027404785156,2524000,0.0,0.0
2021-06-28 00:00:00+08:00,294.49242216676146,301.064080123063,286.68857834365343,299.01043701171875,2496000,0.0,0.0
2021-06-29 00:00:00+08:00,299.8318585041051,300.65331565069175,284.63490129225323,290.3851013183594,1628000,0.0,0.0
2021-06-30 00:00:00+08:00,293.26022840035625,293.26022840035625,278.473998396977,280.1169128417969,1194000,0.0,0.0
2021-07-01 00:00:00+08:00,280.9383739714927,284.2242029068318,270.2594299316406,270.2594299316406,1042000,0.0,0.0
2021-07-02 00:00:00+08:00,273.54525693067865,280.9383719828591,272.7237997026586,275.18817138671875,662000,0.0,0.0
2021-07-05 00:00:00+08:00,277.2417865222013,293.2602008545952,273.545229368572,292.02801513671875,1359000,0.0,0.0
2021-07-06 00:00:00+08:00,295.72458256186775,297.36749690943367,281.75981060755737,284.22418212890625,703000,0.0,0.0
2021-07-07 00:00:00+08:00,284.22420584999315,288.7422206828688,280.11691963828804,282.1705627441406,657000,0.0,0.0
2021-07-08 00:00:00+08:00,289.9743558054957,299.0103838900862,286.27779886179957,297.7781982421875,2264000,0.0,0.0
2021-07-09 00:00:00+08:00,293.2602328087493,297.36751898254136,288.3314894001989,288.7422180175781,990000,0.0,0.0
2021-07-12 00:00:00+08:00,291.6173049638856,292.84949075950766,281.3490900003685,282.99200439453125,999000,0.0,0.0
2021-07-13 00:00:00+08:00,284.2242231495799,287.09932367276934,278.06329345703125,278.06329345703125,618000,0.0,0.0
2021-07-14 00:00:00+08:00,282.1704949625168,282.1704949625168,271.90228189983424,276.8310241699219,427000,0.0,0.0
2021-07-15 00:00:00+08:00,279.70616819692214,287.09928277481436,279.29543960926145,282.5812683105469,448000,0.0,0.0
2021-07-16 00:00:00+08:00,280.93836526309747,294.08168059704354,280.93836526309747,293.2602233886719,814000,0.0,0.0
2021-07-19 00:00:00+08:00,291.20659000988314,308.457191956872,288.331489685385,307.2250061035156,1936000,0.0,0.0
2021-07-20 00:00:00+08:00,307.2249671784458,323.6541098083092,299.83185299500724,310.1000671386719,3443000,0.0,0.0
2021-07-21 00:00:00+08:00,322.01121848638803,340.90473385676285,316.6717467512821,334.7438049316406,4844000,0.0,0.0
2021-07-22 00:00:00+08:00,337.6188959671279,340.08326747053763,325.29703845007947,339.2618103027344,1651000,0.0,0.0
2021-07-23 00:00:00+08:00,334.33307862550356,338.8510932015239,327.7614210603831,328.1721496582031,1187000,0.0,0.0
2021-07-26 00:00:00+08:00,332.6901452828452,332.6901452828452,312.97517371052845,313.796630859375,1394000,0.0,0.0
2021-07-27 00:00:00+08:00,318.3146366658687,325.2970222443458,308.45715114331273,316.6717224121094,1389000,0.0,0.0
2021-07-28 00:00:00+08:00,316.67174656184636,322.4219468885206,300.2426027713485,312.9751892089844,1115000,0.0,0.0
2021-07-29 00:00:00+08:00,318.7253913546856,330.6365206707756,313.38591959230035,329.8150634765625,904000,0.0,0.0
2021-07-30 00:00:00+08:00,329.40434805552167,329.40434805552167,314.6181179682414,315.4395751953125,627000,0.0,0.0
2021-08-02 00:00:00+08:00,315.4395451570681,320.36828805014727,308.8678879662958,313.796630859375,524000,0.0,0.0
2021-08-03 00:00:00+08:00,323.6541309603117,335.56526014539935,317.9039306640625,317.9039306640625,1180000,0.0,0.0
2021-08-04 00:00:00+08:00,320.3683016661813,327.3506877281365,318.3146587067827,319.5468444824219,455000,0.0,0.0
2021-08-05 00:00:00+08:00,312.9751718374399,312.9751718374399,291.6172860952524,293.6709289550781,2862000,0.0,0.0
2021-08-06 00:00:00+08:00,293.6709354463862,299.4211355810007,290.7958353790789,297.36749267578125,599000,0.0,0.0
2021-08-09 00:00:00+08:00,292.02801420294026,296.1352999160618,283.40271420538505,295.3138427734375,1100000,0.0,0.0
2021-08-10 00:00:00+08:00,295.3138528878348,295.3138528878348,285.0456382533482,287.510009765625,574000,0.0,0.0
2021-08-11 00:00:00+08:00,284.6348952147734,292.0280093761961,282.1705238276325,285.0456237792969,512000,0.0,0.0
2021-08-12 00:00:00+08:00,287.51001558664973,293.2602158983827,285.45637261817365,292.8494873046875,289000,0.0,0.0
2021-08-13 00:00:00+08:00,293.67094129674575,294.49239847519823,279.2954406738281,279.2954406738281,519000,0.0,0.0
2021-08-16 00:00:00+08:00,279.29540979931926,280.9383239746094,266.9735534846434,280.9383239746094,727000,0.0,0.0
2021-08-17 00:00:00+08:00,280.9383239746094,280.9383239746094,280.9383239746094,280.9383239746094,0,0.0,0.0
2021-08-18 00:00:00+08:00,279.29543607061805,294.0816650390625,272.31305016885256,294.0816650390625,970000,0.0,0.0
2021-08-19 00:00:00+08:00,289.56365653446744,290.3851137161255,272.72378431047713,276.0096130371094,911000,0.0,0.0
2021-08-20 00:00:00+08:00,278.0632413113797,282.5812555719782,273.13449848163594,273.54522705078125,365000,0.0,0.0
2021-08-23 00:00:00+08:00,280.938355030733,280.938355030733,275.18815478156597,279.2954406738281,303000,0.0,0.0
2021-08-24 00:00:00+08:00,279.29539530496567,281.7597664400095,276.8310241699219,276.8310241699219,155000,0.0,0.0
2021-08-25 00:00:00+08:00,276.8310670523808,287.099281705659,276.8310670523808,285.8670959472656,416000,0.0,0.0
2021-08-26 00:00:00+08:00,287.510009765625,290.79583844866073,285.45636683872766,287.510009765625,318000,0.0,0.0
2021-08-27 00:00:00+08:00,285.4563593830332,287.9207308309443,283.81344508442584,287.0992736816406,207000,0.0,0.0
2021-08-30 00:00:00+08:00,293.0539299727552,293.0539299727552,284.9726169546386,285.39794921875,201000,12.0,0.0
2021-08-31 00:00:00+08:00,286.24861334066475,289.22593918521846,283.27128749611103,288.3752746582031,180000,0.0,0.0
2021-09-01 00:00:00+08:00,286.67394481504584,294.3299255371094,286.67394481504584,294.3299255371094,144000,0.0,0.0
2021-09-02 00:00:00+08:00,292.6286057143183,298.5832575747841,289.65127978408543,290.9272766113281,244000,0.0,0.0
2021-09-03 00:00:00+08:00,291.35258709529137,294.3299128028345,290.0765903634872,290.5019226074219,136000,0.0,0.0
2021-09-06 00:00:00+08:00,290.50191880418015,290.50191880418015,282.8459385135868,283.2712707519531,204000,0.0,0.0
2021-09-07 00:00:00+08:00,283.69662057348046,286.6739464265754,278.1673011320183,282.4206237792969,239000,0.0,0.0
2021-09-08 00:00:00+08:00,284.97262111403467,294.32993106106267,284.97262111403467,286.6739501953125,431000,0.0,0.0
2021-09-09 00:00:00+08:00,285.39793953062997,296.4565780221298,285.39793953062997,294.7552490234375,240000,0.0,0.0
2021-09-10 00:00:00+08:00,297.307278083613,304.1125948923939,292.6286227775762,293.053955078125,520000,0.0,0.0
2021-09-13 00:00:00+08:00,291.3526034015536,301.98591009504094,290.9272711338141,298.583251953125,259000,0.0,0.0
2021-09-14 00:00:00+08:00,301.56057399683607,301.56057399683607,293.0539287500988,294.3299255371094,189000,0.0,0.0
2021-09-15 00:00:00+08:00,296.88193215142064,297.73259671345915,289.6512833740938,295.18060302734375,193000,0.0,0.0
2021-09-16 00:00:00+08:00,299.8592544020268,299.8592544020268,290.9272766113281,290.9272766113281,129000,0.0,0.0
2021-09-17 00:00:00+08:00,290.9272674384145,294.3299255371094,285.3979480280353,294.3299255371094,218000,0.0,0.0
2021-09-22 00:00:00+08:00,287.52463984802694,294.32995676750687,287.52463984802694,291.3526306152344,153000,0.0,0.0
2021-09-23 00:00:00+08:00,293.4792785644531,296.8819368666497,293.4792785644531,293.4792785644531,71000,0.0,0.0
2021-09-24 00:00:00+08:00,293.90460205078125,296.03126342596784,290.9272761255201,293.90460205078125,70000,0.0,0.0
2021-09-27 00:00:00+08:00,296.0312507159549,296.0312507159549,289.2259346075422,290.07659912109375,97000,0.0,0.0
2021-09-28 00:00:00+08:00,288.37532064296045,289.2259853056241,279.86867401632446,280.29400634765625,506000,0.0,0.0
2021-09-29 00:00:00+08:00,273.91400924383424,275.61533849379595,257.75138136919804,260.3033752441406,1036000,0.0,0.0
2021-09-30 00:00:00+08:00,260.30333626624383,267.10865224706066,254.77401703183014,257.7513427734375,948000,0.0,0.0
2021-10-01 00:00:00+08:00,255.199349893106,259.4526723913244,248.39403389595648,251.79669189453125,650000,0.0,0.0
2021-10-04 00:00:00+08:00,253.9233762118483,257.7513668080068,244.9913981541451,246.26739501953125,541000,0.0,0.0
2021-10-05 00:00:00+08:00,244.14073701868236,253.49804749675033,243.71540472422473,250.52072143554688,519000,0.0,0.0
2021-10-06 00:00:00+08:00,251.79671717599112,253.4980463460992,245.41673278808594,245.41673278808594,299000,0.0,0.0
2021-10-07 00:00:00+08:00,248.81937482030258,252.22203293750331,248.81937482030258,251.37136840820312,172000,0.0,0.0
2021-10-08 00:00:00+08:00,249.67001787712397,252.22201124554434,247.96868896484375,247.96868896484375,243000,0.0,0.0
2021-10-12 00:00:00+08:00,249.6700480832892,250.946044921875,245.4167252880032,250.946044921875,151000,0.0,0.0
2021-10-13 00:00:00+08:00,250.52070945220467,250.52070945220467,243.29006079229384,243.71539306640625,194000,0.0,0.0
2021-10-14 00:00:00+08:00,247.54340388024838,247.54340388024838,238.61142538972396,242.0140838623047,495000,0.0,0.0
2021-10-15 00:00:00+08:00,244.99141002581283,246.26740695303062,239.46209000786914,242.0140838623047,459000,0.0,0.0
2021-10-18 00:00:00+08:00,244.140719253405,250.52070320602013,239.4620643548206,240.31272888183594,519000,0.0,0.0
2021-10-19 00:00:00+08:00,240.73806714761943,244.14072534051866,240.73806714761943,243.71539306640625,121000,0.0,0.0
2021-10-20 00:00:00+08:00,244.56605622262666,244.56605622262666,237.76073987556225,238.6114044189453,656000,0.0,0.0
2021-10-21 00:00:00+08:00,239.03673438280555,242.014060255901,238.18606984763542,239.46206665039062,230000,0.0,0.0
2021-10-22 00:00:00+08:00,239.88742231694172,243.71541309859506,239.46209000786914,242.0140838623047,194000,0.0,0.0
2021-10-25 00:00:00+08:00,242.0140657787917,246.26738855170544,240.3127366696262,245.84205627441406,275000,0.0,0.0
2021-10-26 00:00:00+08:00,246.69272552383902,246.69272552383902,244.14073181152344,244.14073181152344,190000,0.0,0.0
2021-10-27 00:00:00+08:00,244.14072716524856,246.6927208289968,241.58873350150031,245.84205627441406,330000,0.0,0.0
2021-10-28 00:00:00+08:00,247.54340144757006,248.39406605735553,241.5887491790718,242.86474609375,400000,0.0,0.0
2021-10-29 00:00:00+08:00,243.2900724297671,252.2220506133774,243.2900724297671,250.52072143554688,605000,0.0,0.0
2021-11-01 00:00:00+08:00,252.64736134829496,252.64736134829496,244.99138070137693,247.1180419921875,439000,0.0,0.0
2021-11-02 00:00:00+08:00,247.96868896484375,251.79667901747428,247.11802450870363,247.96868896484375,363000,0.0,0.0
2021-11-03 00:00:00+08:00,248.39407109075032,250.5207326583081,247.11807415021565,249.24473571777344,180000,0.0,0.0
2021-11-04 00:00:00+08:00,265.4073486328125,270.51133610652045,260.30336115910455,265.4073486328125,1072000,0.0,0.0
2021-11-05 00:00:00+08:00,263.28066977601463,268.80998917357226,262.4300052533134,266.25799560546875,454000,0.0,0.0
2021-11-08 00:00:00+08:00,267.10867779071515,267.5340100801908,263.2806871854342,265.4073486328125,251000,0.0,0.0
2021-11-09 00:00:00+08:00,262.43003680659274,262.43003680659274,255.19938749425552,260.3033752441406,448000,0.0,0.0
2021-11-10 00:00:00+08:00,263.7060024279962,265.83266373789945,262.4300056420543,263.2806701660156,230000,0.0,0.0
2021-11-11 00:00:00+08:00,264.13134765625,265.4073445048309,261.57935395908817,264.13134765625,236000,0.0,0.0
2021-11-12 00:00:00+08:00,266.2580276190066,266.2580276190066,259.8780429316502,260.3033752441406,188000,0.0,0.0
2021-11-15 00:00:00+08:00,260.30336174122516,263.28068777421305,258.6020325795178,262.4300231933594,134000,0.0,0.0
2021-11-16 00:00:00+08:00,262.85534717915687,262.85534717915687,259.45268896324546,259.8780212402344,88000,0.0,0.0
2021-11-17 00:00:00+08:00,260.3033752441406,263.2807014315736,259.02737830666933,260.3033752441406,156000,0.0,0.0
2021-11-18 00:00:00+08:00,260.30336233670596,260.30336233670596,256.9007040055072,259.45269775390625,119000,0.0,0.0
2021-11-19 00:00:00+08:00,262.85536502030095,266.2580234671657,258.60204196172003,259.0273742675781,149000,0.0,0.0
2021-11-22 00:00:00+08:00,259.027356194061,263.2806789558682,259.027356194061,262.8553466796875,133000,0.0,0.0
2021-11-23 00:00:00+08:00,262.8553554837862,264.55668464549353,260.30336174122516,262.4300231933594,103000,0.0,0.0
2021-11-24 00:00:00+08:00,259.02737830666933,261.5793721816119,259.02737830666933,260.3033752441406,65000,0.0,0.0
2021-11-25 00:00:00+08:00,261.5793419199542,262.00467418323865,256.4753547605404,257.3260192871094,196000,0.0,0.0
2021-11-26 00:00:00+08:00,257.3260111422152,257.3260111422152,251.3713596447094,251.79669189453125,264000,0.0,0.0
2021-11-29 00:00:00+08:00,260.30334790120986,262.43000924027206,252.64736708058606,253.49803161621094,381000,0.0,0.0
2021-11-30 00:00:00+08:00,255.62469482421875,258.60202072067386,254.34869801145226,255.62469482421875,168000,0.0,0.0
2021-12-01 00:00:00+08:00,256.47536253697666,263.2806789558682,254.34870115607302,262.8553466796875,250000,0.0,0.0
2021-12-02 00:00:00+08:00,261.1540007638459,262.8553297590501,256.47534602703433,257.7513427734375,187000,0.0,0.0
2021-12-03 00:00:00+08:00,257.75136858830683,259.8780300453061,257.32603629690703,259.45269775390625,85000,0.0,0.0
2021-12-06 00:00:00+08:00,258.1767008797067,260.72869462810576,258.1767008797067,259.45269775390625,38000,0.0,0.0
2021-12-07 00:00:00+08:00,259.45269775390625,261.1540269195056,257.75136858830683,259.45269775390625,104000,0.0,0.0
2021-12-08 00:00:00+08:00,262.4300179937083,268.81000222370125,262.0046857117088,267.1086730957031,453000,0.0,0.0
2021-12-09 00:00:00+08:00,269.660657922111,274.76464513830234,265.83266750996745,267.53399658203125,570000,0.0,0.0
2021-12-10 00:00:00+08:00,267.9593371293676,270.08599853515625,266.6833402858944,270.08599853515625,228000,0.0,0.0
2021-12-13 00:00:00+08:00,271.3620211940043,273.4886828021078,270.5113565507629,271.787353515625,303000,0.0,0.0
2021-12-14 00:00:00+08:00,272.212638608871,272.212638608871,263.2806614045174,263.70599365234375,221000,0.0,0.0
2021-12-15 00:00:00+08:00,263.7060148397069,268.81000222370125,262.0046857117088,267.1086730957031,147000,0.0,0.0
2021-12-16 00:00:00+08:00,267.9593505859375,268.8100151909722,267.10868598090275,267.9593505859375,48000,0.0,0.0
2021-12-17 00:00:00+08:00,267.53399658203125,268.8099933860791,263.7060061698877,267.53399658203125,128000,0.0,0.0
2021-12-20 00:00:00+08:00,266.6833282618607,267.10866052384137,262.4300056420543,263.2806701660156,105000,0.0,0.0
2021-12-21 00:00:00+08:00,263.2806959320607,266.2580220573021,262.85536362845477,264.9820251464844,81000,0.0,0.0
2021-12-22 00:00:00+08:00,266.2580220573021,268.3846835753317,264.9820251464844,264.9820251464844,91000,0.0,0.0
2021-12-23 00:00:00+08:00,265.8326890733507,269.2353474934896,265.8326890733507,267.9593505859375,145000,0.0,0.0
2021-12-24 00:00:00+08:00,267.95933349609373,269.2353303222656,265.40733984375004,265.8326721191406,53000,0.0,0.0
2021-12-27 00:00:00+08:00,265.4073226436492,266.2579871393019,262.855329156691,263.70599365234375,108000,0.0,0.0
2021-12-28 00:00:00+08:00,266.6833282618607,266.6833282618607,263.2806701660156,263.2806701660156,90000,0.0,0.0
2021-12-29 00:00:00+08:00,263.28066977601463,266.68332786681935,263.28066977601463,266.25799560546875,69000,0.0,0.0
2021-12-30 00:00:00+08:00,264.9819901023755,268.38464808121824,264.9819901023755,266.6833190917969,126000,0.0,0.0
2022-01-03 00:00:00+08:00,266.6833536783854,267.9593505859375,262.85536295572916,267.9593505859375,165000,0.0,0.0
2022-01-04 00:00:00+08:00,267.10869797779736,273.91401512372846,267.10869797779736,271.787353515625,263000,0.0,0.0
2022-01-05 00:00:00+08:00,271.78731756340966,284.12195325877565,271.78731756340966,279.44329833984375,752000,0.0,0.0
2022-01-06 00:00:00+08:00,281.5699505110432,288.3752665354793,275.61529898966165,282.845947265625,538000,0.0,0.0
2022-01-07 00:00:00+08:00,282.42062887334896,283.2712934181482,276.46597705975427,277.7419738769531,339000,0.0,0.0
2022-01-10 00:00:00+08:00,269.6606709379024,272.2126646691759,265.8326803409921,268.3846740722656,605000,0.0,0.0
2022-01-11 00:00:00+08:00,269.23535380643955,270.51135074391084,259.8780429316502,260.3033752441406,544000,0.0,0.0
2022-01-12 00:00:00+08:00,260.30336115910455,261.1540257380559,253.92337681696964,254.3487091064453,365000,0.0,0.0
2022-01-13 00:00:00+08:00,253.49803161621094,253.92336388402336,252.22203481277361,253.49803161621094,218000,0.0,0.0
2022-01-14 00:00:00+08:00,253.49804989036548,253.49804989036548,248.81939460715404,249.67005920410156,215000,0.0,0.0
2022-01-17 00:00:00+08:00,247.54337802635231,251.37136840820312,247.54337802635231,251.37136840820312,98000,0.0,0.0
2022-01-18 00:00:00+08:00,254.34869847153172,256.9006921016809,251.79670484138256,252.64736938476562,184000,0.0,0.0
2022-01-19 00:00:00+08:00,250.94601456133415,251.79667901747428,247.5433567367737,247.96868896484375,222000,0.0,0.0
2022-01-20 00:00:00+08:00,247.96869772160585,248.3940299646961,246.69270099233518,247.54336547851562,109000,0.0,0.0
2022-01-21 00:00:00+08:00,246.69271664826766,247.5433811884341,243.71539075768513,244.56605529785156,198000,0.0,0.0
2022-01-24 00:00:00+08:00,242.43941378885728,244.56607531332094,239.88741995950087,242.86474609375,125000,0.0,0.0
2022-01-25 00:00:00+08:00,244.56605529785156,245.84205210810123,242.8647262175187,244.56605529785156,89000,0.0,0.0
2022-01-26 00:00:00+08:00,244.56606409690937,245.84206095306715,242.4394026699797,244.14073181152344,111000,0.0,0.0
2022-02-07 00:00:00+08:00,245.84206508061297,247.543394250721,242.43940674039686,245.41673278808594,138000,0.0,0.0
2022-02-08 00:00:00+08:00,248.8193887503036,248.8193887503036,245.41673044260716,246.26739501953125,90000,0.0,0.0
2022-02-09 00:00:00+08:00,246.69269228063357,248.3940211929138,245.84202782449344,247.96868896484375,129000,0.0,0.0
2022-02-10 00:00:00+08:00,247.96870650851173,247.96870650851173,246.69270973402539,247.1180419921875,130000,0.0,0.0
2022-02-11 00:00:00+08:00,248.39407990284454,249.24474456004606,247.54341524564302,248.8194122314453,50000,0.0,0.0
2022-02-14 00:00:00+08:00,247.54338305243132,247.54338305243132,243.29006031957167,246.69271850585938,76000,0.0,0.0
2022-02-15 00:00:00+08:00,247.54336547851562,247.96869772160585,246.69270099233518,247.54336547851562,68000,0.0,0.0
2022-02-16 00:00:00+08:00,249.2447228105101,249.2447228105101,247.96872593605354,248.39405822753906,85000,0.0,0.0
2022-02-17 00:00:00+08:00,249.24472455217398,254.3487120856656,249.24472455217398,250.52072143554688,176000,0.0,0.0
2022-02-18 00:00:00+08:00,248.81937893954188,253.07270165645713,248.39404666785038,252.64736938476562,77000,0.0,0.0
2022-02-21 00:00:00+08:00,252.64736938476562,252.64736938476562,250.520708026308,252.64736938476562,55000,0.0,0.0
2022-02-22 00:00:00+08:00,252.64735239559843,253.07268463868866,244.14070753379377,247.54336547851562,264000,0.0,0.0
2022-02-23 00:00:00+08:00,247.96869772160585,248.81936220778633,246.26736874924492,247.54336547851562,115000,0.0,0.0
2022-02-24 00:00:00+08:00,246.6927278958834,247.11806018535907,242.4394050011268,243.29006958007812,176000,0.0,0.0
2022-02-25 00:00:00+08:00,245.84206095306715,246.69272552383902,243.7153995261375,244.14073181152344,102000,0.0,0.0
2022-03-01 00:00:00+08:00,246.69269228063357,249.67001787712397,246.69269228063357,247.96868896484375,67000,0.0,0.0
2022-03-02 00:00:00+08:00,250.0953873934811,250.0953873934811,246.69272906159702,248.39405822753906,62000,0.0,0.0
2022-03-03 00:00:00+08:00,250.52071497391682,251.37137954089107,249.24471812345544,250.0953826904297,56000,0.0,0.0
2022-03-04 00:00:00+08:00,247.11805077914536,248.8193798722892,245.4167216860015,246.69271850585938,117000,0.0,0.0
2022-03-07 00:00:00+08:00,246.6927218606286,246.6927218606286,238.61140855829768,239.8874053955078,196000,0.0,0.0
2022-03-08 00:00:00+08:00,236.05941125201835,238.18607261464913,233.93274988938754,235.6340789794922,191000,0.0,0.0
2022-03-09 00:00:00+08:00,235.63406793947064,238.18606145506058,235.63406793947064,236.91006469726562,74000,0.0,0.0
2022-03-10 00:00:00+08:00,238.18608036747685,241.5887386584408,238.18608036747685,241.1634063720703,74000,0.0,0.0
2022-03-11 00:00:00+08:00,239.8874053955078,239.8874053955078,236.48474716294743,239.8874053955078,46000,0.0,0.0
2022-03-14 00:00:00+08:00,240.31273767457787,240.31273767457787,237.7607440001576,239.8874053955078,61000,0.0,0.0
2022-03-15 00:00:00+08:00,238.6114044189453,239.46206896232835,237.76073987556225,238.6114044189453,71000,0.0,0.0
2022-03-16 00:00:00+08:00,239.88739935785745,239.88739935785745,235.6340766742075,236.4847412109375,106000,0.0,0.0
2022-03-17 00:00:00+08:00,239.46206665039062,239.88739891797567,238.18606984763542,239.46206665039062,90000,0.0,0.0
2022-03-18 00:00:00+08:00,240.73808356815672,241.16341587128068,237.76075744628906,237.76075744628906,199000,0.0,0.0
2022-03-21 00:00:00+08:00,239.03672908710735,247.96870650851173,239.03672908710735,247.1180419921875,172000,0.0,0.0
2022-03-22 00:00:00+08:00,247.1180489183509,247.1180489183509,244.56605529785156,244.56605529785156,42000,0.0,0.0
2022-03-23 00:00:00+08:00,247.96872417337948,250.52071790415184,246.26739501953125,246.26739501953125,165000,0.0,0.0
2022-03-24 00:00:00+08:00,246.26740622520447,246.69273853302002,241.5887508392334,244.9914093017578,93000,0.0,0.0
2022-03-25 00:00:00+08:00,243.2900584876019,246.69271664826766,243.2900584876019,244.56605529785156,109000,0.0,0.0
2022-03-28 00:00:00+08:00,244.14073181152344,244.14073181152344,242.4394026699797,244.14073181152344,64000,0.0,0.0
2022-03-29 00:00:00+08:00,244.56607771674024,244.56607771674024,242.0140838623047,242.0140838623047,83000,0.0,0.0
2022-03-30 00:00:00+08:00,242.43940674039686,245.84206508061297,242.43940674039686,245.41673278808594,79000,0.0,0.0
2022-03-31 00:00:00+08:00,244.56605529785156,246.26738437818443,242.8647262175187,244.56605529785156,70000,0.0,0.0
2022-04-01 00:00:00+08:00,244.14072716524856,245.84205627441406,243.2900626106658,245.84205627441406,91000,0.0,0.0
2022-04-06 00:00:00+08:00,243.71539075768513,246.69271664826766,243.71539075768513,244.56605529785156,75000,0.0,0.0
2022-04-07 00:00:00+08:00,244.56605622262666,244.56605622262666,238.6114044189453,238.6114044189453,222000,0.0,0.0
2022-04-08 00:00:00+08:00,241.5887386584408,242.86473551755228,238.61141265384734,241.1634063720703,147000,0.0,0.0
2022-04-11 00:00:00+08:00,242.43938398104382,242.43938398104382,236.4847324446673,236.91006469726562,144000,0.0,0.0
2022-04-12 00:00:00+08:00,236.91006927766162,236.91006927766162,234.35807571273168,235.208740234375,120000,0.0,0.0
2022-04-13 00:00:00+08:00,236.4847324446673,236.91006469726562,235.20873568687233,236.91006469726562,72000,0.0,0.0
2022-04-14 00:00:00+08:00,237.33541870117188,238.61141557590938,236.91008640959274,237.33541870117188,63000,0.0,0.0
2022-04-15 00:00:00+08:00,237.33541870117188,238.61141557590938,236.48475411801357,237.33541870117188,66000,0.0,0.0
2022-04-18 00:00:00+08:00,237.33541931041572,237.76075160308673,233.93276096904776,234.35809326171875,138000,0.0,0.0
2022-04-19 00:00:00+08:00,236.05942823379326,238.61142205253697,234.7834313244214,237.76075744628906,66000,0.0,0.0
2022-04-20 00:00:00+08:00,237.33541457717482,237.33541457717482,234.7834208720439,236.05941772460938,79000,0.0,0.0
2022-04-21 00:00:00+08:00,237.33541870117188,239.03674786748851,235.63408953485524,237.33541870117188,167000,0.0,0.0
2022-04-22 00:00:00+08:00,239.0367305817699,239.0367305817699,235.208740234375,235.208740234375,161000,0.0,0.0
2022-04-25 00:00:00+08:00,230.10474965109756,231.38074641441233,227.97808837890625,227.97808837890625,258000,0.0,0.0
2022-04-26 00:00:00+08:00,230.10475851754163,230.10475851754163,226.2767680800964,227.55276489257812,169000,0.0,0.0
2022-04-27 00:00:00+08:00,224.15011363038494,227.1274396178853,222.02345221074182,225.0007781982422,129000,0.0,0.0
2022-04-28 00:00:00+08:00,228.4034464518229,230.53010796440972,226.2767849392361,229.679443359375,87000,0.0,0.0
2022-04-29 00:00:00+08:00,229.679423923599,232.2314175227501,227.97809485749826,228.40342712402344,92000,0.0,0.0
2022-05-03 00:00:00+08:00,227.1274502237116,228.40344713508077,226.27678561613214,226.70211791992188,74000,0.0,0.0
2022-05-04 00:00:00+08:00,226.70211791992188,227.97811483129104,226.27678561613214,226.70211791992188,78000,0.0,0.0
2022-05-05 00:00:00+08:00,229.25411105685762,230.53010796440972,227.97811414930555,229.679443359375,92000,0.0,0.0
2022-05-06 00:00:00+08:00,231.38076782226562,233.08209699742935,227.55277717814727,231.38076782226562,269000,0.0,0.0
2022-05-09 00:00:00+08:00,228.40343410685912,228.8287663863877,225.4261081501589,225.8514404296875,210000,0.0,0.0
2022-05-10 00:00:00+08:00,224.57545471191406,225.42611931309557,222.87412550955108,224.57545471191406,115000,0.0,0.0
2022-05-11 00:00:00+08:00,225.85142974563976,225.85142974563976,223.72476844859983,224.1501007080078,85000,0.0,0.0
2022-05-12 00:00:00+08:00,223.29945373535156,224.57545061383928,223.29945373535156,223.29945373535156,102000,0.0,0.0
2022-05-13 00:00:00+08:00,225.0007781982422,225.0007781982422,222.87411677859905,225.0007781982422,85000,0.0,0.0
2022-05-16 00:00:00+08:00,224.15010260101548,228.40342523101577,224.15010260101548,226.27676391601562,176000,0.0,0.0
2022-05-17 00:00:00+08:00,226.70209578193848,230.9554184044889,226.70209578193848,229.25408935546875,166000,0.0,0.0
2022-05-18 00:00:00+08:00,230.9554184044889,231.38075066674398,227.9780925687036,229.25408935546875,47000,0.0,0.0
2022-05-19 00:00:00+08:00,227.1274408421543,231.38076370436693,226.70210855593302,230.10476684570312,72000,0.0,0.0
2022-05-20 00:00:00+08:00,231.38074154478974,233.93273501771023,229.67941256284277,232.65673828125,76000,0.0,0.0
2022-05-23 00:00:00+08:00,232.65677284934304,235.2087667014382,232.65677284934304,233.93276977539062,73000,0.0,0.0
2022-05-24 00:00:00+08:00,230.95541801033437,234.35807610256768,230.95541801033437,232.23141479492188,48000,0.0,0.0
2022-05-25 00:00:00+08:00,233.5074027722235,233.93273501771023,231.80607379027649,232.65673828125,109000,0.0,0.0
2022-05-26 00:00:00+08:00,233.9327603685386,238.1860832843302,233.50742807695943,237.33541870117188,109000,0.0,0.0
2022-05-27 00:00:00+08:00,237.7607486452375,242.01407151903425,237.7607486452375,238.1860809326172,162000,0.0,0.0
2022-05-30 00:00:00+08:00,238.18608210637018,244.14073415902945,238.18608210637018,243.29006958007812,149000,0.0,0.0
2022-05-31 00:00:00+08:00,243.29006958007812,244.5660664485051,240.73807584322415,243.29006958007812,58000,0.0,0.0
2022-06-01 00:00:00+08:00,242.0140709448113,244.14073237666378,240.3127417993293,241.1634063720703,103000,0.0,0.0
2022-06-02 00:00:00+08:00,241.58873451178803,242.86473134899816,239.8874053955078,239.8874053955078,61000,0.0,0.0
2022-06-06 00:00:00+08:00,240.31273118556075,241.58872798831592,239.46206665039062,239.46206665039062,19000,0.0,0.0
2022-06-07 00:00:00+08:00,239.46206665039062,239.88739891797567,239.46206665039062,239.46206665039062,28000,0.0,0.0
2022-06-08 00:00:00+08:00,238.61141321999685,239.4620777947562,238.1860809326172,238.1860809326172,46000,0.0,0.0
2022-06-09 00:00:00+08:00,238.1860702843975,239.03673482112745,236.4847412109375,236.4847412109375,52000,0.0,0.0
2022-06-10 00:00:00+08:00,234.78341443443986,237.76074034212297,234.78341443443986,235.6340789794922,44000,0.0,0.0
2022-06-13 00:00:00+08:00,233.50742929122026,233.9327615850112,231.38076782226562,231.38076782226562,57000,0.0,0.0
2022-06-14 00:00:00+08:00,228.82877875434028,231.38077256944445,227.12744954427083,229.679443359375,89000,0.0,0.0
2022-06-15 00:00:00+08:00,230.53008845664934,230.53008845664934,228.40342712402344,228.40342712402344,33000,0.0,0.0
2022-06-16 00:00:00+08:00,231.38074641441233,231.38074641441233,227.97808837890625,227.97808837890625,51000,0.0,0.0
2022-06-17 00:00:00+08:00,226.27678561613214,229.67944404644993,225.4261210085527,226.70211791992188,73000,0.0,0.0
2022-06-20 00:00:00+08:00,226.27677978515624,226.27677978515624,222.87412144252232,223.29945373535156,91000,0.0,0.0
2022-06-21 00:00:00+08:00,226.27677219773756,228.82876586914062,225.42610764060322,228.82876586914062,66000,0.0,0.0
2022-06-22 00:00:00+08:00,228.8287687535998,229.25410103752841,224.15011363038494,225.0007781982422,77000,0.0,0.0
2022-06-23 00:00:00+08:00,225.00078701250482,225.8514516136863,222.87412550955108,224.57545471191406,151000,0.0,0.0
2022-06-24 00:00:00+08:00,227.12744437081474,227.12744437081474,222.87412144252232,223.29945373535156,127000,0.0,0.0
2022-06-27 00:00:00+08:00,224.57544308346885,229.67943042627496,224.57544308346885,228.82876586914062,123000,0.0,0.0
2022-06-28 00:00:00+08:00,226.27675936115324,227.97808837890625,225.00076259783845,227.97808837890625,104000,0.0,0.0
2022-06-29 00:00:00+08:00,227.55275878327168,227.55275878327168,224.1501007080078,224.1501007080078,79000,0.0,0.0
2022-06-30 00:00:00+08:00,224.15010949776652,224.57544177385336,221.59811584124546,223.7247772216797,203000,0.0,0.0
2022-07-01 00:00:00+08:00,223.7247787626663,223.7247787626663,214.7928009033203,214.7928009033203,302000,0.0,0.0
2022-07-04 00:00:00+08:00,214.7928073566422,216.91946881561884,213.5168104812562,215.2181396484375,104000,0.0,0.0
2022-07-05 00:00:00+08:00,219.04611665908604,219.04611665908604,213.94212947479664,217.34478759765625,57000,0.0,0.0
2022-07-06 00:00:00+08:00,215.64347017025517,217.3447993234722,213.0914764404297,213.0914764404297,119000,0.0,0.0
2022-07-07 00:00:00+08:00,213.5168063882331,214.3674709555169,209.688815835456,213.942138671875,140000,0.0,0.0
2022-07-08 00:00:00+08:00,214.79280501838744,218.62079560287356,214.79280501838744,216.0688018798828,128000,0.0,0.0
2022-07-11 00:00:00+08:00,216.06880423202819,216.06880423202819,214.7928073566422,215.2181396484375,60000,0.0,0.0
2022-07-12 00:00:00+08:00,213.51680224609376,213.94213452148438,212.6661376953125,212.6661376953125,83000,0.0,0.0
2022-07-13 00:00:00+08:00,214.7927967390691,216.91945809292127,213.5167999267578,213.5167999267578,55000,0.0,0.0
2022-07-14 00:00:00+08:00,213.5168058507583,216.91946411132812,213.5168058507583,216.91946411132812,68000,0.0,0.0
2022-07-15 00:00:00+08:00,218.1954539986544,219.47145080566406,216.9194571916447,219.47145080566406,65000,0.0,0.0
2022-07-18 00:00:00+08:00,219.47146370788337,222.87412205994357,219.47146370788337,220.32212829589844,59000,0.0,0.0
2022-07-19 00:00:00+08:00,220.32211901298493,224.15010949776652,218.62078990863756,223.7247772216797,71000,0.0,0.0
2022-07-20 00:00:00+08:00,224.57543103448276,227.12742456896552,222.02343750000003,222.0234375,109000,0.0,0.0
2022-07-21 00:00:00+08:00,222.874112669506,223.7247772216797,220.74745128907176,223.7247772216797,81000,0.0,0.0
2022-07-22 00:00:00+08:00,223.29944494559282,224.57544177385336,223.29944494559282,223.7247772216797,61000,0.0,0.0
2022-07-25 00:00:00+08:00,223.7247772216797,225.0007740499402,223.29944494559282,223.7247772216797,52000,0.0,0.0
2022-07-26 00:00:00+08:00,225.42609554597703,225.42609554597703,222.02343750000003,222.0234375,96000,0.0,0.0
2022-07-27 00:00:00+08:00,222.87413024902344,224.15012717793007,220.74746870084573,222.87413024902344,24000,0.0,0.0
2022-07-28 00:00:00+08:00,223.29946255865897,224.15012717793007,222.02346562975237,222.87413024902344,76000,0.0,0.0
2022-07-29 00:00:00+08:00,223.7247948682945,223.7247948682945,222.02346562975237,222.87413024902344,98000,0.0,0.0
2022-08-01 00:00:00+08:00,222.874112669506,224.57544177385336,222.874112669506,223.7247772216797,58000,0.0,0.0
2022-08-02 00:00:00+08:00,223.7247948682945,223.7247948682945,216.91947791412588,222.87413024902344,115000,0.0,0.0
2022-08-03 00:00:00+08:00,220.74744994167224,221.17278221516295,217.77012402723736,218.62078857421875,121000,0.0,0.0
2022-08-04 00:00:00+08:00,220.3221134551584,220.3221134551584,213.5167972094392,217.34478759765625,141000,0.0,0.0
2022-08-05 00:00:00+08:00,221.1727979706555,226.70211791992188,221.1727979706555,226.70211791992188,220000,0.0,0.0
2022-08-08 00:00:00+08:00,226.27676621922907,226.70209848655844,223.72477261525282,225.4261016845703,93000,0.0,0.0
2022-08-09 00:00:00+08:00,224.15010488258218,226.27676621922907,223.29944034792342,225.4261016845703,50000,0.0,0.0
2022-08-10 00:00:00+08:00,226.70211207798548,226.70211207798548,223.29945373535156,223.29945373535156,77000,0.0,0.0
2022-08-11 00:00:00+08:00,225.4261104821708,225.4261104821708,222.44878449467043,225.0007781982422,89000,0.0,0.0
2022-08-12 00:00:00+08:00,225.8514399191704,232.23142409767803,225.42610764060322,228.82876586914062,188000,0.0,0.0
2022-08-15 00:00:00+08:00,231.38075066674398,231.80608292899902,227.9780925687036,229.25408935546875,92000,0.0,0.0
2022-08-16 00:00:00+08:00,229.679443359375,230.53010796440972,227.97811414930555,229.679443359375,114000,0.0,0.0
2022-08-17 00:00:00+08:00,230.53008614223387,231.38075066674398,228.40342483095867,229.25408935546875,188000,0.0,0.0
2022-08-18 00:00:00+08:00,230.10475943665213,236.4847435245445,229.67942716412597,235.6340789794922,401000,0.0,0.0
2022-08-19 00:00:00+08:00,236.4847412109375,239.46206708949245,236.0594089425725,236.4847412109375,413000,0.0,0.0
2022-08-22 00:00:00+08:00,237.38392273645437,238.73269502472968,235.5855596854206,236.4847412109375,271000,15.0,0.0
2022-08-23 00:00:00+08:00,234.23679169874927,235.135973240779,231.53924707266003,233.78720092773438,123000,0.0,0.0
2022-08-24 00:00:00+08:00,233.33761596679688,234.68638831342577,232.43843440237762,233.33761596679688,70000,0.0,0.0
2022-08-25 00:00:00+08:00,236.0351430958715,236.48473384462554,232.8880078545932,234.68637084960938,96000,0.0,0.0
2022-08-26 00:00:00+08:00,235.58555816826117,236.48473968798734,234.23678588867188,234.23678588867188,71000,0.0,0.0
2022-08-29 00:00:00+08:00,231.0896511858667,231.0896511858667,229.2912881416187,230.6400604248047,110000,0.0,0.0
2022-08-30 00:00:00+08:00,231.0896526911084,235.13596956702276,231.0896526911084,232.8880157470703,70000,0.0,0.0
2022-08-31 00:00:00+08:00,233.78718475797282,240.9806365966797,233.78718475797282,240.9806365966797,220000,0.0,0.0
2022-09-01 00:00:00+08:00,242.32942265799716,242.32942265799716,238.73269653320312,238.73269653320312,142000,0.0,0.0
2022-09-02 00:00:00+08:00,241.87983557609857,243.67819866588368,239.63188171386716,239.6318817138672,101000,0.0,0.0
2022-09-05 00:00:00+08:00,240.9806503611994,240.9806503611994,235.1359704084091,238.73269653320312,94000,0.0,0.0
2022-09-06 00:00:00+08:00,239.18229756828484,239.18229756828484,234.6863897192569,235.5855712890625,54000,0.0,0.0
2022-09-07 00:00:00+08:00,234.23678010085533,235.58555234711744,233.33759860334723,234.68637084960938,69000,0.0,0.0
2022-09-08 00:00:00+08:00,232.88802518458724,233.78720674900651,231.98884362016798,233.33761596679688,89000,0.0,0.0
2022-09-12 00:00:00+08:00,234.23678010085533,235.1359615983634,232.8880078545932,234.68637084960938,36000,0.0,0.0
2022-09-13 00:00:00+08:00,236.0351620739653,236.0351620739653,232.88802657964575,235.5855712890625,46000,0.0,0.0
2022-09-14 00:00:00+08:00,231.98884500984016,235.5855712890625,229.7408910853262,235.5855712890625,96000,0.0,0.0
2022-09-15 00:00:00+08:00,234.6863751078761,234.6863751078761,231.98883056640625,231.98883056640625,108000,0.0,0.0
2022-09-16 00:00:00+08:00,230.64005829567134,231.98883056640625,230.1904675387597,231.98883056640625,82000,0.0,0.0
2022-09-19 00:00:00+08:00,231.0896614285797,231.0896614285797,226.1441628376957,227.49293518066406,144000,0.0,0.0
2022-09-20 00:00:00+08:00,227.4929220453645,227.9425128003949,225.69455902524305,226.14414978027344,96000,0.0,0.0
2022-09-21 00:00:00+08:00,227.04332972147378,227.49292047339748,223.4466037060841,223.8961944580078,154000,0.0,0.0
2022-09-22 00:00:00+08:00,223.89619658499052,223.89619658499052,220.74906129162719,222.54742431640625,144000,0.0,0.0
2022-09-23 00:00:00+08:00,222.54743159414534,224.34579467773438,221.19865928145353,224.34579467773438,91000,0.0,0.0
2022-09-26 00:00:00+08:00,220.7490699404762,221.19866071428572,216.70275297619048,217.15234375,209000,0.0,0.0
2022-09-27 00:00:00+08:00,215.35398726322478,215.80357805083068,211.30767017477172,213.1060333251953,200000,0.0,0.0
2022-09-28 00:00:00+08:00,209.95889583386875,210.4084866172389,204.11421565005654,205.01339721679688,336000,0.0,0.0
2022-09-29 00:00:00+08:00,206.81176035027755,208.61012348375823,204.11421565005654,205.01339721679688,119000,0.0,0.0
2022-09-30 00:00:00+08:00,203.21502685546875,204.56379915760684,200.06789148381327,203.21502685546875,229000,0.0,0.0
2022-10-03 00:00:00+08:00,203.21502319335937,206.81174926757814,201.41666015625,202.3158416748047,146000,0.0,0.0
2022-10-04 00:00:00+08:00,205.01339721679688,205.01339721679688,202.3158525165759,205.01339721679688,150000,0.0,0.0
2022-10-05 00:00:00+08:00,207.71092271174626,209.50928567894755,202.31583381014246,204.11419677734375,210000,0.0,0.0
2022-10-06 00:00:00+08:00,202.76543608808942,203.21502685546875,201.8662545533307,203.21502685546875,153000,0.0,0.0
2022-10-07 00:00:00+08:00,204.56378799917454,204.56378799917454,200.06788057062124,200.51747131347656,155000,0.0,0.0
2022-10-11 00:00:00+08:00,196.4711518332223,196.4711518332223,188.82810931339444,192.42483520507812,261000,0.0,0.0
2022-10-12 00:00:00+08:00,195.12239224166697,197.37034606933594,190.17689382079521,197.37034606933594,151000,0.0,0.0
2022-10-13 00:00:00+08:00,197.81994047619048,197.81994047619048,187.92894345238096,188.828125,198000,0.0,0.0
2022-10-14 00:00:00+08:00,194.67280213960086,194.67280213960086,193.32402983840268,193.77362060546875,90000,0.0,0.0
2022-10-17 00:00:00+08:00,189.72730370187426,193.77362060546875,189.72730370187426,193.77362060546875,74000,0.0,0.0
2022-10-18 00:00:00+08:00,196.0215731285829,202.31584382537227,195.57198236452652,200.96707153320312,209000,0.0,0.0
2022-10-19 00:00:00+08:00,200.9670736983016,200.9670736983016,196.92075677820156,199.61830139160156,147000,0.0,0.0
2022-10-20 00:00:00+08:00,196.9207537954304,197.3703445575204,195.1223907470703,195.1223907470703,75000,0.0,0.0
2022-10-21 00:00:00+08:00,193.7736242351576,196.92075966357083,193.7736242351576,194.6728057861328,48000,0.0,0.0
2022-10-24 00:00:00+08:00,199.6182913396031,199.6182913396031,189.27770417561464,189.727294921875,189000,0.0,0.0
2022-10-25 00:00:00+08:00,193.3240230441947,193.3240230441947,187.92893402900788,188.37852478027344,131000,0.0,0.0
2022-10-26 00:00:00+08:00,188.3785210844996,188.3785210844996,186.58015811471918,187.47933959960938,59000,0.0,0.0
2022-10-27 00:00:00+08:00,188.82811920093528,190.17689148094198,187.4793469209286,189.2777099609375,99000,0.0,0.0
2022-10-28 00:00:00+08:00,189.27770256938982,189.27770256938982,187.0297488571643,187.47933959960938,66000,0.0,0.0
2022-10-31 00:00:00+08:00,189.27770417561464,189.727294921875,187.92893193683355,189.727294921875,40000,0.0,0.0
2022-11-01 00:00:00+08:00,189.72731377943506,191.52567694322119,189.72731377943506,190.62649536132812,84000,0.0,0.0
2022-11-02 00:00:00+08:00,190.62647747171334,196.92074795426993,190.62647747171334,195.5719757080078,138000,0.0,0.0
2022-11-03 00:00:00+08:00,193.3240219642376,195.5719757080078,193.3240219642376,195.5719757080078,53000,0.0,0.0
2022-11-04 00:00:00+08:00,197.81993257329705,201.4166586200843,197.81993257329705,200.06788635253906,164000,0.0,0.0
2022-11-07 00:00:00+08:00,201.41665649414062,202.7654287474496,200.06788424083163,201.41665649414062,130000,0.0,0.0
2022-11-08 00:00:00+08:00,200.51748292940158,200.9670736983016,198.71911985380157,199.61830139160156,103000,0.0,0.0
2022-11-09 00:00:00+08:00,200.51747499193465,204.11420100075858,200.51747499193465,201.41665649414062,146000,0.0,0.0
2022-11-10 00:00:00+08:00,201.41665649414062,202.3158379963466,200.96706574303764,201.41665649414062,51000,0.0,0.0
2022-11-11 00:00:00+08:00,206.81175081022494,206.81175081022494,203.21502470917756,204.5637969970703,115000,0.0,0.0
2022-11-14 00:00:00+08:00,202.31584532071005,203.6646176228481,200.96707301857197,203.21502685546875,167000,0.0,0.0
2022-11-15 00:00:00+08:00,205.01338925568953,209.05970614889392,204.11420772386634,206.81175231933594,208000,0.0,0.0
2022-11-16 00:00:00+08:00,206.81174709833746,207.26133785289906,202.76543030728303,203.66461181640625,140000,0.0,0.0
2022-11-17 00:00:00+08:00,205.91257440476193,209.5093005952381,205.46298363095238,207.7109375,199000,0.0,0.0
2022-11-18 00:00:00+08:00,209.05970244428477,211.30765623400828,205.46297638072718,205.91256713867188,175000,0.0,0.0
2022-11-21 00:00:00+08:00,205.91257078751272,208.16052461707073,205.91257078751272,206.81175231933594,96000,0.0,0.0
2022-11-22 00:00:00+08:00,209.05970614889392,209.05970614889392,205.46298002160114,206.81175231933594,54000,0.0,0.0
2022-11-23 00:00:00+08:00,227.49293518066406,227.49293518066406,214.90439331295931,227.49293518066406,1154000,0.0,0.0
2022-11-24 00:00:00+08:00,229.29129686184274,229.29129686184274,220.74907207679368,225.24497985839844,763000,0.0,0.0
2022-11-25 00:00:00+08:00,225.69455641913657,226.5937379188144,218.051513671875,218.051513671875,484000,0.0,0.0
2022-11-28 00:00:00+08:00,215.80357285796617,220.29948062584046,215.35398208117874,219.40029907226562,132000,0.0,0.0
2022-11-29 00:00:00+08:00,217.15233217219716,218.5011044217139,212.65642467380798,218.051513671875,128000,0.0,0.0
2022-11-30 00:00:00+08:00,217.1523358229494,219.40028960993646,217.1523358229494,218.95069885253906,62000,0.0,0.0
2022-12-01 00:00:00+08:00,222.9970166015625,231.98883178710938,221.19865356445314,224.79537963867188,696000,0.0,0.0
2022-12-02 00:00:00+08:00,227.0433443996746,230.19047986660078,226.59375361868516,227.49293518066406,330000,0.0,0.0
2022-12-05 00:00:00+08:00,230.1904628537736,244.57736678213445,228.3920998627285,238.28309631347656,865000,0.0,0.0
2022-12-06 00:00:00+08:00,241.87982945135462,242.77901097347862,230.6400604248047,230.6400604248047,712000,0.0,0.0
2022-12-07 00:00:00+08:00,232.88802657964575,239.6318883531876,229.29130030042342,235.5855712890625,745000,0.0,0.0
2022-12-08 00:00:00+08:00,231.9888355513493,231.9888355513493,223.8962017530464,225.69456481933594,541000,0.0,0.0
2022-12-09 00:00:00+08:00,226.59373474121094,227.04332548474508,221.19864581880114,226.59373474121094,231000,0.0,0.0
2022-12-12 00:00:00+08:00,226.14415191650392,226.14415191650392,222.9970166015625,224.79537963867188,83000,0.0,0.0
2022-12-13 00:00:00+08:00,223.8961981201172,227.49292419433596,223.8961981201172,224.79537963867188,102000,0.0,0.0
2022-12-14 00:00:00+08:00,226.14414978027344,227.04333129033415,224.34578676015198,226.14414978027344,109000,0.0,0.0
2022-12-15 00:00:00+08:00,225.69456699042618,225.69456699042618,224.34579467773438,224.34579467773438,63000,0.0,0.0
2022-12-16 00:00:00+08:00,222.54742117026416,222.54742117026416,218.051513671875,218.051513671875,221000,0.0,0.0
2022-12-19 00:00:00+08:00,218.50111751869076,221.19866217941532,218.50111751869076,219.40029907226562,78000,0.0,0.0
2022-12-20 00:00:00+08:00,219.40028484797074,219.40028484797074,212.2068328857422,212.2068328857422,155000,0.0,0.0
2022-12-21 00:00:00+08:00,212.20682873586233,216.25314538548682,212.20682873586233,214.9043731689453,148000,0.0,0.0
2022-12-22 00:00:00+08:00,216.2531543081546,219.40028960993646,215.80356355075716,218.95069885253906,101000,0.0,0.0
2022-12-23 00:00:00+08:00,218.50111751869076,219.40029907226562,216.2531636347536,219.40029907226562,44000,0.0,0.0
2022-12-26 00:00:00+08:00,218.95069730133434,219.40028805554653,216.70274353027344,216.70274353027344,59000,0.0,0.0
2022-12-27 00:00:00+08:00,217.6019359651159,219.40029907226562,217.15234518832847,219.40029907226562,39000,0.0,0.0
2022-12-28 00:00:00+08:00,220.29948205541646,222.99702673364604,220.29948205541646,221.64825439453125,124000,0.0,0.0
2022-12-29 00:00:00+08:00,218.5010986328125,220.2994615845229,217.6019171569573,218.5010986328125,37000,0.0,0.0
2022-12-30 00:00:00+08:00,221.64825439453125,221.64825439453125,220.29948205541646,221.64825439453125,49000,0.0,0.0
2023-01-03 00:00:00+08:00,221.64824069838926,226.59373896955006,221.64824069838926,223.8961944580078,100000,0.0,0.0
2023-01-04 00:00:00+08:00,223.8962017530464,226.5937463524807,223.8962017530464,225.69456481933594,99000,0.0,0.0
2023-01-05 00:00:00+08:00,227.94250697181337,231.98882366362074,226.59373474121094,226.59373474121094,198000,0.0,0.0
2023-01-06 00:00:00+08:00,226.59373474121094,227.49291622827923,225.2449625106085,226.59373474121094,74000,0.0,0.0
2023-01-09 00:00:00+08:00,227.0433349609375,228.39210724783413,223.89619962484528,227.0433349609375,99000,0.0,0.0
2023-01-10 00:00:00+08:00,230.1904702970297,230.1904702970297,224.79538114944305,227.0433349609375,124000,0.0,0.0
2023-01-11 00:00:00+08:00,227.04334297104035,227.04334297104035,225.24497985839844,225.24497985839844,68000,0.0,0.0
2023-01-12 00:00:00+08:00,226.59375219287986,226.59375219287986,224.79538908023795,225.24497985839844,52000,0.0,0.0
2023-01-13 00:00:00+08:00,225.2449688535748,225.69455960976956,222.09783356021148,222.54742431640625,80000,0.0,0.0
2023-01-16 00:00:00+08:00,222.99701810024752,227.94251648553526,222.99701810024752,227.0433349609375,187000,0.0,0.0
2023-01-17 00:00:00+08:00,227.04333129033415,227.9425128003949,226.14414978027344,226.14414978027344,53000,0.0,0.0
2023-01-30 00:00:00+08:00,229.29127920241584,229.29127920241584,226.1441439976768,226.59373474121094,157000,0.0,0.0
2023-01-31 00:00:00+08:00,226.1441628376957,231.0896614285797,226.1441628376957,227.49293518066406,204000,0.0,0.0
2023-02-01 00:00:00+08:00,230.19048049132948,235.58556987784502,229.29129892691023,233.33761596679688,275000,0.0,0.0
2023-02-02 00:00:00+08:00,235.58554654823433,236.0351372859218,231.5392299090471,235.13595581054688,190000,0.0,0.0
2023-02-03 00:00:00+08:00,235.58555816826117,236.03514892812427,233.3376043689457,234.23678588867188,197000,0.0,0.0
2023-02-06 00:00:00+08:00,234.6863897192569,236.93434364377086,234.6863897192569,235.5855712890625,153000,0.0,0.0
2023-02-07 00:00:00+08:00,236.93434364377086,236.93434364377086,235.5855712890625,235.5855712890625,132000,0.0,0.0
2023-02-08 00:00:00+08:00,235.58555816826117,238.28310272743974,234.23678588867188,234.23678588867188,202000,0.0,0.0
2023-02-09 00:00:00+08:00,234.23678870107614,234.6863794663373,229.29129028320312,229.29129028320312,226000,0.0,0.0
2023-02-10 00:00:00+08:00,231.53925220956916,231.53925220956916,227.49293518066406,227.49293518066406,142000,0.0,0.0
2023-02-13 00:00:00+08:00,227.94251648553526,227.94251648553526,226.1441534363397,227.0433349609375,91000,0.0,0.0
2023-02-14 00:00:00+08:00,227.4929272221584,229.29129028320312,227.4929272221584,229.29129028320312,49000,0.0,0.0
2023-02-15 00:00:00+08:00,229.74086994594998,229.74086994594998,226.1441439976768,226.59373474121094,102000,0.0,0.0
2023-02-16 00:00:00+08:00,227.0433443996746,228.39211674264297,226.1441628376957,227.49293518066406,69000,0.0,0.0
2023-02-17 00:00:00+08:00,227.4929214746285,230.19046599804307,227.04333072072606,229.74087524414062,103000,0.0,0.0
2023-02-20 00:00:00+08:00,229.7408910853262,235.5855712890625,229.7408910853262,235.5855712890625,199000,0.0,0.0
2023-02-21 00:00:00+08:00,235.58555816826117,237.83351196757664,233.78719512880878,234.23678588867188,91000,0.0,0.0
2023-02-22 00:00:00+08:00,234.2367785101472,234.2367785101472,231.08964329024118,232.43841552734375,98000,0.0,0.0
2023-02-23 00:00:00+08:00,232.88801510887,236.4847412109375,232.88801510887,236.4847412109375,179000,0.0,0.0
2023-02-24 00:00:00+08:00,238.28310272743974,238.7326934873028,233.78719512880878,234.23678588867188,137000,0.0,0.0
2023-03-01 00:00:00+08:00,235.58555662169937,235.58555662169937,230.64005829567134,231.98883056640625,75000,0.0,0.0
2023-03-02 00:00:00+08:00,231.9888335833531,239.63187655024655,231.9888335833531,236.4847412109375,156000,0.0,0.0
2023-03-03 00:00:00+08:00,240.08147100968793,240.08147100968793,237.38392639160156,237.38392639160156,160000,0.0,0.0
2023-03-06 00:00:00+08:00,238.28310426197123,238.28310426197123,235.5855596854206,236.4847412109375,100000,0.0,0.0
2023-03-07 00:00:00+08:00,236.4847354201257,237.3839169236243,236.03514466837643,236.934326171875,51000,0.0,0.0
2023-03-08 00:00:00+08:00,238.28310869537748,249.5228779734613,238.28310869537748,243.22860717773438,608000,0.0,0.0
2023-03-09 00:00:00+08:00,245.9261525281151,245.9261525281151,239.1822909414209,239.6318817138672,169000,0.0,0.0
2023-03-10 00:00:00+08:00,239.18227833714977,239.18227833714977,233.33759860334723,234.68637084960938,209000,0.0,0.0
2023-03-13 00:00:00+08:00,233.78719090962997,236.934326171875,230.19046489563567,236.934326171875,135000,0.0,0.0
2023-03-14 00:00:00+08:00,236.03515625,236.93433779761907,235.58556547619048,236.03515625,43000,0.0,0.0
2023-03-15 00:00:00+08:00,240.98063969566007,240.98063969566007,231.9888247816429,232.43841552734375,235000,0.0,0.0
2023-03-16 00:00:00+08:00,231.98883855342865,231.98883855342865,228.8417031466961,230.1904754638672,109000,0.0,0.0
2023-03-17 00:00:00+08:00,231.53924345509887,233.78719727505128,231.0896526911084,232.8880157470703,65000,0.0,0.0
2023-03-20 00:00:00+08:00,232.8880021221095,235.58554654823433,232.8880021221095,235.13595581054688,43000,0.0,0.0
2023-03-21 00:00:00+08:00,237.383914817954,239.18227780899912,236.93432407019276,238.28309631347656,113000,0.0,0.0
2023-03-22 00:00:00+08:00,242.32941519286646,242.32941519286646,236.934326171875,236.934326171875,234000,0.0,0.0
2023-03-23 00:00:00+08:00,236.0351430958715,236.0351430958715,234.23678010085533,234.68637084960938,133000,0.0,0.0
2023-03-24 00:00:00+08:00,236.48474555382364,236.48474555382364,233.3376101567195,233.78720092773438,144000,0.0,0.0
2023-03-27 00:00:00+08:00,236.0351372859218,236.0351372859218,232.8880021221095,235.13595581054688,61000,0.0,0.0
2023-03-28 00:00:00+08:00,235.58555074724975,235.58555074724975,232.43841552734375,232.43841552734375,67000,0.0,0.0
2023-03-29 00:00:00+08:00,232.43842714180064,233.78719944629853,231.0896548373028,231.53924560546875,104000,0.0,0.0
2023-03-30 00:00:00+08:00,233.78719727505128,235.13596956702276,232.8880157470703,232.8880157470703,58000,0.0,0.0
2023-03-31 00:00:00+08:00,233.3376065110608,233.3376065110608,231.0896526911084,232.8880157470703,92000,0.0,0.0
2023-04-06 00:00:00+08:00,233.78719944629853,233.78719944629853,231.53924560546875,231.53924560546875,94000,0.0,0.0
2023-04-07 00:00:00+08:00,231.98883421908937,234.23678803904178,231.98883421908937,232.8880157470703,182000,0.0,0.0
2023-04-10 00:00:00+08:00,232.43841552734375,233.78718776444634,231.9888247816429,232.43841552734375,100000,0.0,0.0
2023-04-11 00:00:00+08:00,231.9888363736347,232.43842714180064,231.0896548373028,231.53924560546875,87000,0.0,0.0
2023-04-12 00:00:00+08:00,231.53924778103828,231.98883855342865,230.1904754638672,230.1904754638672,161000,0.0,0.0
2023-04-13 00:00:00+08:00,230.64006406913683,233.33760867813257,230.19047330097087,231.53924560546875,126000,0.0,0.0
2023-04-14 00:00:00+08:00,231.98882790263283,237.83350767537357,231.98882790263283,236.934326171875,327000,0.0,0.0
2023-04-17 00:00:00+08:00,236.0351430958715,237.3839153421336,234.68637084960938,234.68637084960938,123000,0.0,0.0
2023-04-18 00:00:00+08:00,235.58556987784502,235.58556987784502,233.33761596679688,233.33761596679688,109000,0.0,0.0
2023-04-19 00:00:00+08:00,233.78720674900651,235.13597909563538,232.43843440237762,233.33761596679688,88000,0.0,0.0
2023-04-20 00:00:00+08:00,232.88802009820938,232.88802009820938,230.1904754638672,230.1904754638672,132000,0.0,0.0
2023-04-21 00:00:00+08:00,232.8880111057289,232.8880111057289,225.69455902524305,226.14414978027344,178000,0.0,0.0
2023-04-24 00:00:00+08:00,225.69455325414265,227.49291622827923,225.2449625106085,226.59373474121094,71000,0.0,0.0
2023-04-25 00:00:00+08:00,227.9425253104003,227.9425253104003,220.29948205541646,221.64825439453125,182000,0.0,0.0
2023-04-26 00:00:00+08:00,221.6482449353226,221.6482449353226,218.9507003722152,221.1986541748047,99000,0.0,0.0
2023-04-27 00:00:00+08:00,219.8498855158385,222.5474301233948,219.8498855158385,222.09783935546875,61000,0.0,0.0
2023-04-28 00:00:00+08:00,223.4466037060841,225.24496671377895,222.54742220223667,223.8961944580078,101000,0.0,0.0
2023-05-02 00:00:00+08:00,223.8962017530464,225.69456481933594,222.54742945332924,225.69456481933594,76000,0.0,0.0
2023-05-03 00:00:00+08:00,225.69455746570264,225.69455746570264,223.4466037060841,223.8961944580078,41000,0.0,0.0
2023-05-04 00:00:00+08:00,223.446617513351,223.446617513351,220.74907283512138,221.64825439453125,123000,0.0,0.0
2023-05-05 00:00:00+08:00,222.09782617883624,222.54741692008895,220.74905395507812,220.74905395507812,63000,0.0,0.0
2023-05-08 00:00:00+08:00,220.74905817090848,221.19864892074742,217.60192292203607,218.051513671875,214000,0.0,0.0
2023-05-09 00:00:00+08:00,218.05151579290998,218.05151579290998,215.80356202184905,216.70274353027344,130000,0.0,0.0
2023-05-10 00:00:00+08:00,216.7027471873386,218.05151947273697,216.7027471873386,217.6019287109375,49000,0.0,0.0
2023-05-11 00:00:00+08:00,218.50112277646608,218.50112277646608,213.1060333251953,213.1060333251953,177000,0.0,0.0
2023-05-12 00:00:00+08:00,212.65641947470948,214.9043731689453,210.40846578047365,214.9043731689453,107000,0.0,0.0
2023-05-15 00:00:00+08:00,214.45478078830067,216.70273446532687,212.6564178466797,212.6564178466797,58000,0.0,0.0
2023-05-16 00:00:00+08:00,212.65643673545435,213.5556182861328,212.65643673545435,213.5556182861328,69000,0.0,0.0
2023-05-17 00:00:00+08:00,214.00519169125099,215.3539639077925,214.00519169125099,214.9043731689453,68000,0.0,0.0
2023-05-18 00:00:00+08:00,215.8035641473121,215.8035641473121,214.00520111275117,215.35397338867188,91000,0.0,0.0
2023-05-19 00:00:00+08:00,214.90438263003165,216.25315490595236,214.90438263003165,215.35397338867188,79000,0.0,0.0
2023-05-22 00:00:00+08:00,214.90437895896798,214.90437895896798,213.55560670608745,214.4547882080078,63000,0.0,0.0
2023-05-23 00:00:00+08:00,214.4547882080078,215.35396970992818,213.55560670608745,214.4547882080078,96000,0.0,0.0
2023-05-24 00:00:00+08:00,214.0052032470703,214.4547940101944,213.10602172082213,214.0052032470703,112000,0.0,0.0
2023-05-25 00:00:00+08:00,214.00519169125099,214.9043731689453,213.10601021355666,214.9043731689453,64000,0.0,0.0
2023-05-26 00:00:00+08:00,215.80356046088835,215.80356046088835,214.00519745704761,214.4547882080078,68000,0.0,0.0
2023-05-29 00:00:00+08:00,215.80355464663964,215.80355464663964,214.00519169125099,214.9043731689453,123000,0.0,0.0
2023-05-30 00:00:00+08:00,214.90437895896798,214.90437895896798,213.55560670608745,214.4547882080078,102000,0.0,0.0
2023-05-31 00:00:00+08:00,214.45478243009816,214.9043731689453,213.5556009524038,214.9043731689453,103000,0.0,0.0
2023-06-01 00:00:00+08:00,216.702745065552,220.29947112473127,214.45479127856495,218.95069885253906,230000,0.0,0.0
2023-06-02 00:00:00+08:00,219.40028592139174,219.40028592139174,217.60192292203607,218.051513671875,153000,0.0,0.0
2023-06-05 00:00:00+08:00,219.84987667123065,219.84987667123065,216.70274142235823,218.051513671875,148000,0.0,0.0
2023-06-06 00:00:00+08:00,217.6019250386978,219.40028805554653,216.25315277606123,216.70274353027344,80000,0.0,0.0
2023-06-07 00:00:00+08:00,216.25315642553915,218.05151947273697,216.25315642553915,217.6019287109375,141000,0.0,0.0
2023-06-08 00:00:00+08:00,216.7027478258149,216.7027478258149,213.10602172082213,214.0052032470703,230000,0.0,0.0
2023-06-09 00:00:00+08:00,214.45478662393862,214.9043773715779,211.30765139046363,212.2068328857422,285000,0.0,0.0
2023-06-12 00:00:00+08:00,211.75725373613074,212.20684450839428,210.4084814193401,211.3076629638672,207000,0.0,0.0
2023-06-13 00:00:00+08:00,211.30766878758413,211.75725957223855,210.8580780029297,210.8580780029297,162000,0.0,0.0
2023-06-14 00:00:00+08:00,211.30765562917028,212.2068371424859,209.05970184588125,209.50929260253906,353000,0.0,0.0
2023-06-15 00:00:00+08:00,209.5092947447017,209.5092947447017,207.26134093842805,208.1605224609375,301000,0.0,0.0
2023-06-16 00:00:00+08:00,209.5092868192293,209.95887756347656,207.26133309799292,209.95887756347656,216000,0.0,0.0
2023-06-19 00:00:00+08:00,209.95887966813712,209.95887966813712,208.610107421875,208.610107421875,151000,0.0,0.0
2023-06-20 00:00:00+08:00,208.61011687247984,209.5092984107233,207.71093533423638,209.05970764160156,66000,0.0,0.0
2023-06-21 00:00:00+08:00,208.16052461707073,208.16052461707073,206.81175231933594,206.81175231933594,305000,0.0,0.0
2023-06-26 00:00:00+08:00,206.81174652695395,207.7109280335929,205.0133835136761,207.26133728027344,118000,0.0,0.0
2023-06-27 00:00:00+08:00,206.3621536781048,210.40847041689116,206.3621536781048,208.610107421875,161000,0.0,0.0
2023-06-28 00:00:00+08:00,209.05970398344695,209.5092947447017,208.1605224609375,208.1605224609375,83000,0.0,0.0
2023-06-29 00:00:00+08:00,208.16052033256562,209.95888335919685,208.16052033256562,209.50929260253906,114000,0.0,0.0
2023-06-30 00:00:00+08:00,209.5092947447017,209.5092947447017,207.7109316996828,208.1605224609375,53000,0.0,0.0
2023-07-03 00:00:00+08:00,208.61011108922344,209.95888335919685,207.7109295759078,209.50929260253906,98000,0.0,0.0
2023-07-04 00:00:00+08:00,208.1605261033581,209.5092984107233,208.1605261033581,209.05970764160156,95000,0.0,0.0
2023-07-05 00:00:00+08:00,209.95887966813712,209.95887966813712,208.610107421875,208.610107421875,214000,0.0,0.0
2023-07-06 00:00:00+08:00,209.5092947447017,209.5092947447017,207.7109316996828,208.1605224609375,153000,0.0,0.0
2023-07-07 00:00:00+08:00,207.26134308524755,207.71093385115913,205.46298002160114,206.81175231933594,202000,0.0,0.0
2023-07-10 00:00:00+08:00,205.0133868601527,205.0133868601527,197.81993468962102,198.7191162109375,640000,0.0,0.0
2023-07-11 00:00:00+08:00,198.26952020053204,198.26952020053204,193.77361271299165,195.5719757080078,584000,0.0,0.0
2023-07-12 00:00:00+08:00,195.571987337108,196.4711688880832,194.2232150106452,194.6728057861328,352000,0.0,0.0
2023-07-13 00:00:00+08:00,196.92075444611027,196.92075444611027,191.52566528320312,191.52566528320312,513000,0.0,0.0
2023-07-14 00:00:00+08:00,192.87443604095532,192.87443604095532,188.82811920093528,189.2777099609375,1212000,0.0,0.0
2023-07-17 00:00:00+08:00,190.62649020539027,198.26953344475734,190.62649020539027,196.92076110839844,686000,0.0,0.0
2023-07-18 00:00:00+08:00,196.92075530380214,198.26952760040353,193.77361994506558,197.37034606933594,359000,0.0,0.0
2023-07-19 00:00:00+08:00,196.47115877324885,199.16870328729803,196.47115877324885,197.81993103027344,312000,0.0,0.0
2023-07-20 00:00:00+08:00,197.37034027793192,197.81993103027344,196.02156802090732,197.81993103027344,201000,0.0,0.0
2023-07-21 00:00:00+08:00,196.47116088867188,198.26952391740113,196.02157013148957,196.47116088867188,173000,0.0,0.0
2023-07-24 00:00:00+08:00,196.02157444079901,196.02157444079901,193.32402983840268,193.77362060546875,114000,0.0,0.0
2023-07-25 00:00:00+08:00,194.67279845906862,194.67279845906862,191.52566314910675,192.8744354248047,213000,0.0,0.0
2023-07-26 00:00:00+08:00,192.8744354248047,194.22320770050263,192.4248446662387,192.8744354248047,106000,0.0,0.0
2023-07-27 00:00:00+08:00,194.22320710276028,196.92075164585418,193.32402558839567,196.47116088867188,136000,0.0,0.0
2023-07-28 00:00:00+08:00,196.9207574686873,196.9207574686873,195.12239438678148,196.02157592773438,93000,0.0,0.0
2023-07-31 00:00:00+08:00,196.47115933453597,196.47115933453597,193.77361481278032,194.22320556640625,167000,0.0,0.0
2023-08-01 00:00:00+08:00,194.22320922289026,195.57198150916034,194.22320922289026,195.1223907470703,46000,0.0,0.0
2023-08-02 00:00:00+08:00,196.02156858091,196.9207500881619,194.22320556640625,194.22320556640625,137000,0.0,0.0
2023-08-04 00:00:00+08:00,194.22321284582856,196.9207574686873,193.7736220753521,196.02157592773438,126000,0.0,0.0
2023-08-07 00:00:00+08:00,197.37034823916375,197.37034823916375,195.12239438678148,196.02157592773438,87000,0.0,0.0
2023-08-08 00:00:00+08:00,196.02157013148957,196.92075164585418,195.12238861712493,196.47116088867188,222000,0.0,0.0
2023-08-09 00:00:00+08:00,196.9207500881619,196.9207500881619,194.22320556640625,194.22320556640625,272000,0.0,0.0
2023-08-10 00:00:00+08:00,194.223203994072,194.223203994072,191.52565949415435,191.97525024414062,271000,0.0,0.0
2023-08-11 00:00:00+08:00,192.4248483042706,194.2232113725348,192.4248483042706,193.77362060546875,106000,0.0,0.0
2023-08-14 00:00:00+08:00,191.97524281314642,191.97524281314642,190.1768798828125,190.1768798828125,368000,0.0,0.0
2023-08-15 00:00:00+08:00,191.07608615227466,191.07608615227466,188.828132197542,190.62649536132812,256000,0.0,0.0
2023-08-16 00:00:00+08:00,188.82811553153903,190.1768877853357,187.02975252647673,188.37852478027344,308000,0.0,0.0
2023-08-17 00:00:00+08:00,188.3785210844996,188.8281118269447,186.58015811471918,187.47933959960938,788000,0.0,0.0
2023-08-18 00:00:00+08:00,187.96006436250647,189.8829294710743,187.96006436250647,188.44078063964844,942000,13.5,0.0
2023-08-21 00:00:00+08:00,188.921495181998,189.40221145472574,186.51791381835938,186.51791381835938,227000,0.0,0.0
2023-08-22 00:00:00+08:00,186.51790684977854,186.99862310454603,182.6721768116388,183.15289306640625,273000,0.0,0.0
2023-08-23 00:00:00+08:00,182.67217499507834,182.67217499507834,179.78787749515604,181.2300262451172,259000,0.0,0.0
2023-08-24 00:00:00+08:00,181.71075101263605,183.15289983019665,181.71075101263605,182.19146728515625,117000,0.0,0.0
2023-08-25 00:00:00+08:00,182.19146233100398,186.03719240659245,181.7107460715554,185.0757598876953,115000,0.0,0.0
2023-08-28 00:00:00+08:00,185.0757546949137,185.0757546949137,182.67217346510964,183.63360595703125,40000,0.0,0.0
2023-08-29 00:00:00+08:00,184.59504183070868,184.59504183070868,182.6721768116388,183.15289306640625,61000,0.0,0.0
2023-08-30 00:00:00+08:00,183.1528981924057,186.03719580173492,183.1528981924057,184.5950469970703,78000,0.0,0.0
2023-08-31 00:00:00+08:00,185.5564763412863,190.36363894080148,185.5564763412863,189.40220642089844,297000,0.0,0.0
2023-09-01 00:00:00+08:00,189.40221319393237,189.40221319393237,187.4793480853645,188.44078063964844,103000,0.0,0.0
2023-09-04 00:00:00+08:00,187.96005098747483,190.36363220214844,187.96005098747483,190.36363220214844,73000,0.0,0.0
2023-09-05 00:00:00+08:00,190.363635562945,190.363635562945,189.40220306010187,189.88291931152344,57000,0.0,0.0
2023-09-06 00:00:00+08:00,188.9214969167904,188.9214969167904,187.96006436250647,188.44078063964844,56000,0.0,0.0
2023-09-07 00:00:00+08:00,186.99862670898438,188.92149176511788,186.99862670898438,186.99862670898438,49000,0.0,0.0
2023-09-08 00:00:00+08:00,186.51790708884215,187.47933959960938,185.0757583226913,187.47933959960938,100000,0.0,0.0
2023-09-11 00:00:00+08:00,186.99862153048343,186.99862153048343,184.59504027687825,185.5564727783203,72000,0.0,0.0
2023-09-12 00:00:00+08:00,186.517908666041,186.517908666041,185.0757598876953,185.0757598876953,67000,0.0,0.0
2023-09-13 00:00:00+08:00,186.99862670898438,186.99862670898438,185.55647791688423,186.99862670898438,62000,0.0,0.0
2023-09-14 00:00:00+08:00,186.9986199966782,188.44076873701246,186.9986199966782,187.96005249023438,48000,0.0,0.0
2023-09-15 00:00:00+08:00,188.44076873701246,188.44076873701246,187.4793362434563,187.96005249023438,64000,0.0,0.0
2023-09-18 00:00:00+08:00,187.4793480853645,189.40221319393237,187.4793480853645,188.44078063964844,103000,0.0,0.0
2023-09-19 00:00:00+08:00,188.44076873701246,188.92148498379058,187.4793362434563,187.96005249023438,54000,0.0,0.0
2023-09-20 00:00:00+08:00,187.96006263654255,188.44077890927028,186.51791381835938,186.51791381835938,64000,0.0,0.0
2023-09-21 00:00:00+08:00,186.51791206995648,186.51791206995648,183.63361446062726,184.5950469970703,113000,0.0,0.0
2023-09-22 00:00:00+08:00,184.5950469970703,185.07576326529187,184.5950469970703,184.5950469970703,48000,0.0,0.0
2023-09-25 00:00:00+08:00,184.59503694282947,187.96005063709978,184.59503694282947,186.0371856689453,53000,0.0,0.0
2023-09-26 00:00:00+08:00,186.517908666041,186.517908666041,185.0757598876953,185.0757598876953,32000,0.0,0.0
2023-09-27 00:00:00+08:00,185.55647614714388,186.99862492548957,185.0757598876953,185.0757598876953,48000,0.0,0.0
2023-09-28 00:00:00+08:00,185.55647614714388,186.03719240659245,184.59504362824677,185.0757598876953,76000,0.0,0.0
2023-10-02 00:00:00+08:00,186.03719580173492,186.51791206995648,184.5950469970703,184.5950469970703,124000,0.0,0.0
2023-10-03 00:00:00+08:00,184.5950384489529,185.0757546949137,183.63360595703125,183.63360595703125,91000,0.0,0.0
2023-10-04 00:00:00+08:00,183.63360595703125,183.63360595703125,182.19145721914882,183.63360595703125,65000,0.0,0.0
2023-10-05 00:00:00+08:00,183.63361782940498,185.07576666052597,183.63361782940498,184.1143341064453,22000,0.0,0.0
2023-10-06 00:00:00+08:00,184.11432220299207,184.5950384489529,183.63360595703125,183.63360595703125,61000,0.0,0.0
2023-10-11 00:00:00+08:00,183.63361433919272,183.63361433919272,178.82645166015627,180.2686004638672,274000,0.0,0.0
2023-10-12 00:00:00+08:00,180.74930999513015,181.71074249510426,180.2685937451431,181.2300262451172,55000,0.0,0.0
2023-10-13 00:00:00+08:00,180.74931846759563,182.67218355767645,180.74931846759563,182.19146728515625,69000,0.0,0.0
2023-10-16 00:00:00+08:00,181.71074249510426,182.1914587450913,180.74930999513015,181.2300262451172,43000,0.0,0.0
2023-10-17 00:00:00+08:00,181.71074926757814,181.71074926757814,179.78788419596356,180.2686004638672,70000,0.0,0.0
2023-10-18 00:00:00+08:00,180.74931154968917,180.74931154968917,178.3457302790816,178.82644653320312,126000,0.0,0.0
2023-10-19 00:00:00+08:00,178.82645501937458,180.7493201271098,178.34573874244077,179.7878875732422,52000,0.0,0.0
2023-10-20 00:00:00+08:00,179.78788584116344,179.78788584116344,176.90358820734798,177.86502075195312,121000,0.0,0.0
2023-10-23 00:00:00+08:00,177.86501559639498,177.86501559639498,176.42286682128906,176.42286682128906,113000,0.0,0.0
2023-10-24 00:00:00+08:00,176.42286162324004,176.42286162324004,174.01928040221497,174.980712890625,144000,0.0,0.0
2023-10-25 00:00:00+08:00,174.9807213955238,176.9035864658043,174.9807213955238,175.94215393066406,128000,0.0,0.0
2023-10-26 00:00:00+08:00,174.98071625344355,175.46143250688706,174.01928374655648,174.5,80000,0.0,0.0
2023-10-27 00:00:00+08:00,174.50000178781454,176.90358307965772,174.50000178781454,176.42286682128906,104000,0.0,0.0
2023-10-30 00:00:00+08:00,175.94215731686108,176.4228735936831,175.46144104003906,175.46144104003906,58000,0.0,0.0
2023-10-31 00:00:00+08:00,176.42286501377413,177.38429752066116,174.01928374655648,174.5,96000,0.0,0.0
2023-11-01 00:00:00+08:00,175.46142913483,175.94214537903503,174.01928040221497,174.980712890625,79000,0.0,0.0
2023-11-02 00:00:00+08:00,176.9035848530155,179.78788243214075,176.9035848530155,178.34573364257812,192000,0.0,0.0
2023-11-03 00:00:00+08:00,179.30716437150087,179.30716437150087,175.94215056292043,176.42286682128906,104000,0.0,0.0
2023-11-06 00:00:00+08:00,177.38430273337443,178.34573526851466,175.94215393066406,175.94215393066406,165000,0.0,0.0
2023-11-07 00:00:00+08:00,174.980712890625,175.94214537903503,174.49999664642,174.980712890625,233000,0.0,0.0
2023-11-08 00:00:00+08:00,174.98072476321704,175.94215731686108,174.50000848639502,175.46144104003906,100000,0.0,0.0
2023-11-09 00:00:00+08:00,175.4614343045518,176.90358307965772,174.98071804618317,176.42286682128906,135000,0.0,0.0
2023-11-10 00:00:00+08:00,177.38430447965055,179.30716956886084,177.38430447965055,177.86502075195312,191000,0.0,0.0
2023-11-13 00:00:00+08:00,178.34573526851466,178.8264515360848,175.94215393066406,175.94215393066406,123000,0.0,0.0
2023-11-14 00:00:00+08:00,176.9035864658043,176.9035864658043,174.9807213955238,175.94215393066406,86000,0.0,0.0
2023-11-15 00:00:00+08:00,176.90357819830763,179.7878756689322,176.90357819830763,179.30715942382812,197000,0.0,0.0
2023-11-16 00:00:00+08:00,179.30717129630838,180.268603850176,178.82645501937458,179.7878875732422,101000,0.0,0.0
2023-11-17 00:00:00+08:00,179.3071647743126,186.517908666041,179.3071647743126,185.0757598876953,361000,0.0,0.0
2023-11-20 00:00:00+08:00,185.0757546949137,186.03718718683533,183.63360595703125,183.63360595703125,200000,0.0,0.0
2023-11-21 00:00:00+08:00,184.11432220299207,185.5564709408745,182.67217346510964,183.63360595703125,132000,0.0,0.0
2023-11-22 00:00:00+08:00,183.63361110934966,185.0757598876953,183.1528948499011,185.0757598876953,76000,0.0,0.0
2023-11-23 00:00:00+08:00,184.59503876278774,188.92148498379058,184.59503876278774,187.96005249023438,249000,0.0,0.0
2023-11-24 00:00:00+08:00,187.96005063709978,188.4407668791384,186.0371856689453,186.0371856689453,108000,0.0,0.0
2023-11-27 00:00:00+08:00,185.5564709408745,186.03718718683533,183.63360595703125,183.63360595703125,108000,0.0,0.0
2023-11-28 00:00:00+08:00,183.63361446062726,184.5950469970703,182.67218192418417,184.5950469970703,82000,0.0,0.0
2023-11-29 00:00:00+08:00,184.59505038348564,185.07576666052597,183.63361782940498,184.1143341064453,74000,0.0,0.0
2023-11-30 00:00:00+08:00,184.59504183070868,185.07575808547614,182.6721768116388,183.15289306640625,113000,0.0,0.0
2023-12-01 00:00:00+08:00,183.63360595703125,185.0757546949137,183.15288971107043,183.63360595703125,65000,0.0,0.0
2023-12-04 00:00:00+08:00,184.5950420673077,187.47933959960938,184.5950420673077,187.47933959960938,163000,0.0,0.0
2023-12-05 00:00:00+08:00,187.47933778120446,187.47933778120446,185.5564727783203,185.5564727783203,113000,0.0,0.0
2023-12-06 00:00:00+08:00,185.55647614714388,186.03719240659245,184.59504362824677,185.0757598876953,85000,0.0,0.0
2023-12-07 00:00:00+08:00,185.07576666052597,186.03719921460663,183.63361782940498,184.1143341064453,92000,0.0,0.0
2023-12-08 00:00:00+08:00,185.5564743402436,185.5564743402436,182.6721768116388,183.15289306640625,133000,0.0,0.0
2023-12-11 00:00:00+08:00,185.0757546949137,185.0757546949137,183.15288971107043,183.63360595703125,82000,0.0,0.0
2023-12-12 00:00:00+08:00,183.6336127030222,184.59504523026317,182.67218017578125,182.67218017578125,68000,0.0,0.0
2023-12-13 00:00:00+08:00,182.67217161794187,183.15288785904173,181.23002289464233,181.7107391357422,116000,0.0,0.0
2023-12-14 00:00:00+08:00,183.15289306640625,184.59504183070868,182.6721768116388,183.15289306640625,112000,0.0,0.0
2023-12-15 00:00:00+08:00,184.1143273687982,186.517908666041,183.1528948499011,185.0757598876953,145000,0.0,0.0
2023-12-18 00:00:00+08:00,186.51791206995648,186.51791206995648,184.11433072884878,184.5950469970703,94000,0.0,0.0
2023-12-19 00:00:00+08:00,184.59504183070868,185.07575808547614,182.6721768116388,183.15289306640625,107000,0.0,0.0
2023-12-20 00:00:00+08:00,183.1528981924057,184.5950469970703,182.67218192418417,184.5950469970703,122000,0.0,0.0
2023-12-21 00:00:00+08:00,183.15289306640625,183.63360932117374,182.6721768116388,183.15289306640625,156000,0.0,0.0
2023-12-22 00:00:00+08:00,184.11433237523704,184.11433237523704,181.71075101263605,182.19146728515625,130000,0.0,0.0
2023-12-25 00:00:00+08:00,183.15288971107043,184.11432220299207,182.19145721914882,183.63360595703125,81000,0.0,0.0
2023-12-26 00:00:00+08:00,184.11432220299207,184.11432220299207,182.67217346510964,183.63360595703125,78000,0.0,0.0
2023-12-27 00:00:00+08:00,183.15289306640625,184.1143255759412,182.6721768116388,183.15289306640625,124000,0.0,0.0
2023-12-28 00:00:00+08:00,183.15289464909978,184.11432716694284,180.7493133544922,180.7493133544922,426000,0.0,0.0
2023-12-29 00:00:00+08:00,180.74931512129933,183.15289643940173,180.74931512129933,182.67218017578125,104000,0.0,0.0
2024-01-02 00:00:00+08:00,182.67218527532435,184.1143341064453,182.67218527532435,184.1143341064453,52000,0.0,0.0
2024-01-03 00:00:00+08:00,184.11433237523704,184.11433237523704,182.19146728515625,182.19146728515625,62000,0.0,0.0
2024-01-04 00:00:00+08:00,183.63360410014158,183.63360410014158,181.23002289464233,181.7107391357422,95000,0.0,0.0
2024-01-05 00:00:00+08:00,179.78788592255523,182.19146728515625,179.78788592255523,182.19146728515625,95000,0.0,0.0
2024-01-08 00:00:00+08:00,182.19146728515625,183.15289983019665,181.71075101263605,182.19146728515625,90000,0.0,0.0
2024-01-09 00:00:00+08:00,182.67217839017826,182.67217839017826,180.7493133544922,180.7493133544922,114000,0.0,0.0
2024-01-10 00:00:00+08:00,180.74931154968917,180.74931154968917,178.82644653320312,178.82644653320312,117000,0.0,0.0
2024-01-11 00:00:00+08:00,178.8264416891431,182.19145537684204,178.8264416891431,181.7107391357422,102000,0.0,0.0
2024-01-12 00:00:00+08:00,181.7107391357422,184.11432034124144,181.7107391357422,181.7107391357422,115000,0.0,0.0
2024-01-15 00:00:00+08:00,183.15289306640625,183.63360932117374,182.1914605568713,183.15289306640625,73087,0.0,0.0
2024-01-16 00:00:00+08:00,182.6721752739941,186.99862153048343,182.6721752739941,185.5564727783203,301000,0.0,0.0
2024-01-17 00:00:00+08:00,186.51791028474506,186.51791028474506,181.7107476485403,182.67218017578125,159000,0.0,0.0
2024-01-18 00:00:00+08:00,183.63361433919272,183.63361433919272,179.78788419596356,180.2686004638672,109000,0.0,0.0
2024-01-19 00:00:00+08:00,181.71074587233522,181.71074587233522,180.26859709557067,180.7493133544922,61000,0.0,0.0
2024-01-22 00:00:00+08:00,180.74930999513015,181.71074249510426,180.2685937451431,181.2300262451172,57000,0.0,0.0
2024-01-23 00:00:00+08:00,181.2300313849198,183.6336127030222,180.74931512129933,182.67218017578125,75000,0.0,0.0
2024-01-24 00:00:00+08:00,184.5950420673077,189.40220462114382,184.1143258119241,187.47933959960938,485000,0.0,0.0
2024-01-25 00:00:00+08:00,190.3636440001812,190.3636440001812,186.51791381835938,186.51791381835938,186000,0.0,0.0
2024-01-26 00:00:00+08:00,185.55647457807493,187.47933959960938,185.55647457807493,187.47933959960938,79000,0.0,0.0
2024-01-29 00:00:00+08:00,187.47934297301776,187.47934297301776,186.03719418091762,186.99862670898438,80000,0.0,0.0
2024-01-30 00:00:00+08:00,186.998628338178,186.998628338178,184.5950469970703,184.5950469970703,111000,0.0,0.0
2024-01-31 00:00:00+08:00,184.59505038348564,185.07576666052597,183.63361782940498,184.1143341064453,56000,0.0,0.0
2024-02-01 00:00:00+08:00,184.1143289666427,184.59504523026317,182.19146391216077,182.67218017578125,134000,0.0,0.0
2024-02-02 00:00:00+08:00,183.15289643940173,183.6336127030222,182.67218017578125,182.67218017578125,91000,0.0,0.0
2024-02-05 00:00:00+08:00,182.67218017578125,183.15289643940173,179.7878825940584,182.67218017578125,123000,0.0,0.0
2024-02-15 00:00:00+08:00,184.59503694282947,186.51790191098394,183.15288821671362,186.0371856689453,190000,0.0,0.0
2024-02-16 00:00:00+08:00,186.51791381835938,187.4793463638148,185.5564812729039,186.51791381835938,162000,0.0,0.0
2024-02-19 00:00:00+08:00,186.5179055515724,189.88291931152344,186.5179055515724,189.88291931152344,259000,0.0,0.0
2024-02-20 00:00:00+08:00,190.84434878502364,196.13222746672454,190.36363254123265,194.69007873535156,384000,0.0,0.0
2024-02-21 00:00:00+08:00,195.1708035105862,197.0936685698038,193.72865471617303,195.65151977539062,315000,0.0,0.0
2024-02-22 00:00:00+08:00,196.6129557041112,196.6129557041112,193.72865806542006,195.17080688476562,154000,0.0,0.0
2024-02-23 00:00:00+08:00,196.13224111352477,196.13224111352477,191.32507834113446,192.76722717285156,256000,0.0,0.0
2024-02-26 00:00:00+08:00,194.20936100657394,198.53580716761147,194.20936100657394,197.09365844726562,356000,0.0,0.0
2024-02-27 00:00:00+08:00,197.09367197722636,197.57438825034157,195.17080688476562,195.17080688476562,183000,0.0,0.0
2024-02-29 00:00:00+08:00,195.17079650878907,196.13222900390625,192.2864990234375,192.2864990234375,162000,0.0,0.0
2024-03-01 00:00:00+08:00,193.2479300039786,194.69007873535156,192.28649751639662,194.69007873535156,97000,0.0,0.0
2024-03-04 00:00:00+08:00,196.13224111352477,196.13224111352477,191.80579461837348,192.76722717285156,125000,0.0,0.0
2024-03-05 00:00:00+08:00,192.76722203547033,193.24793829989792,190.8443569777599,191.3250732421875,150000,0.0,0.0
2024-03-06 00:00:00+08:00,190.8443603515625,192.28650917034005,190.36364407863664,190.8443603515625,134000,0.0,0.0
2024-03-07 00:00:00+08:00,192.2865005686313,192.2865005686313,189.40220306010187,189.88291931152344,177000,0.0,0.0
2024-03-08 00:00:00+08:00,187.4793411849381,187.4793411849381,184.59504362824677,185.0757598876953,440000,0.0,0.0
2024-03-11 00:00:00+08:00,184.1143255759412,184.1143255759412,181.71074430210385,183.15289306640625,190000,0.0,0.0
2024-03-12 00:00:00+08:00,183.1528948499011,185.0757598876953,182.67217859045252,185.0757598876953,176000,0.0,0.0
2024-03-13 00:00:00+08:00,185.0757546949137,185.5564709408745,183.15288971107043,183.63360595703125,201000,0.0,0.0
2024-03-14 00:00:00+08:00,183.63361782940498,185.07576666052597,183.15290155236465,184.1143341064453,149000,0.0,0.0
2024-03-15 00:00:00+08:00,184.11432374503948,184.11432374503948,180.74930999513015,181.2300262451172,240000,0.0,0.0
2024-03-18 00:00:00+08:00,181.2300262451172,181.2300262451172,181.2300262451172,181.2300262451172,0,0.0,0.0
2024-03-19 00:00:00+08:00,182.19146565596265,184.5950469970703,182.19146565596265,184.5950469970703,95000,0.0,0.0
2024-03-20 00:00:00+08:00,184.5950469970703,184.5950469970703,184.5950469970703,184.5950469970703,0,0.0,0.0
2024-03-21 00:00:00+08:00,182.6721768116388,184.1143255759412,181.71074430210385,183.15289306640625,151000,0.0,0.0
2024-03-22 00:00:00+08:00,184.59504864775724,184.59504864775724,181.23003474011583,182.19146728515625,121000,0.0,0.0
2024-03-25 00:00:00+08:00,182.19146728515625,182.19146728515625,182.19146728515625,182.19146728515625,0,0.0,0.0
2024-03-26 00:00:00+08:00,182.67217839017826,182.67217839017826,180.26859709557067,180.7493133544922,149000,0.0,0.0
2024-03-27 00:00:00+08:00,181.23002289464233,182.19145537684204,180.7493066535425,181.7107391357422,80000,0.0,0.0
2024-03-28 00:00:00+08:00,181.71075101263605,182.67218355767645,180.74931846759563,182.19146728515625,96000,0.0,0.0
2024-03-29 00:00:00+08:00,182.67217161794187,182.67217161794187,180.7493066535425,181.7107391357422,56000,0.0,0.0
2024-04-01 00:00:00+08:00,182.19146899828402,184.59505038348564,182.19146899828402,184.1143341064453,110000,0.0,0.0
2024-04-02 00:00:00+08:00,184.1143255759412,184.1143255759412,183.15289306640625,183.15289306640625,94000,0.0,0.0
2024-04-03 00:00:00+08:00,183.63360932117374,184.1143255759412,182.6721768116388,183.15289306640625,96000,0.0,0.0
2024-04-08 00:00:00+08:00,183.15288785904173,183.15288785904173,181.7107391357422,181.7107391357422,92000,0.0,0.0
2024-04-09 00:00:00+08:00,181.71075101263605,182.67218355767645,181.71075101263605,182.19146728515625,85000,0.0,0.0
2024-04-10 00:00:00+08:00,182.19145721914882,183.63360595703125,182.19145721914882,183.63360595703125,98000,0.0,0.0
2024-04-11 00:00:00+08:00,184.11432034124144,184.11432034124144,181.7107391357422,181.7107391357422,74000,0.0,0.0
2024-04-12 00:00:00+08:00,182.19146728515625,183.15289983019665,181.71075101263605,182.19146728515625,56000,0.0,0.0
2024-04-15 00:00:00+08:00,182.1914587450913,183.15289124506538,180.74930999513015,181.2300262451172,97000,0.0,0.0
2024-04-16 00:00:00+08:00,180.74931660636526,180.74931660636526,175.46143766309393,175.94215393066406,274000,0.0,0.0
2024-04-17 00:00:00+08:00,177.38430447965055,177.86502075195312,176.4228719350454,177.86502075195312,75000,0.0,0.0
2024-04-18 00:00:00+08:00,177.86501559639498,177.86501559639498,175.4614343045518,176.42286682128906,88000,0.0,0.0
2024-04-19 00:00:00+08:00,176.4228684230404,176.4228684230404,172.57713832117577,174.019287109375,217000,0.0,0.0
2024-04-22 00:00:00+08:00,174.01928374655648,176.42286501377413,174.01928374655648,174.5,89000,0.0,0.0
2024-04-23 00:00:00+08:00,174.98071804618317,177.38429933802635,174.98071804618317,176.42286682128906,54000,0.0,0.0
2024-04-24 00:00:00+08:00,177.86501221034837,177.86501221034837,176.4228634626969,176.90357971191406,86000,0.0,0.0
2024-04-25 00:00:00+08:00,177.38429596113122,177.86501221034837,175.46143096426258,176.90357971191406,71000,0.0,0.0
2024-04-26 00:00:00+08:00,179.3071575630002,179.3071575630002,175.94214388219322,177.38429260253906,79000,0.0,0.0
2024-04-29 00:00:00+08:00,177.86501753957648,182.67218017578125,177.86501753957648,182.67218017578125,144000,0.0,0.0
2024-04-30 00:00:00+08:00,182.19146553548177,182.19146553548177,180.2686004638672,180.2686004638672,58000,0.0,0.0
2024-05-02 00:00:00+08:00,179.78788419596356,181.71074926757814,178.82645166015627,180.2686004638672,95000,0.0,0.0
2024-05-03 00:00:00+08:00,180.268603850176,180.7493201271098,178.82645501937458,179.7878875732422,67000,0.0,0.0
2024-05-06 00:00:00+08:00,180.2685986953283,180.2685986953283,177.8650173793906,178.34573364257812,70000,0.0,0.0
2024-05-07 00:00:00+08:00,178.34573874244077,180.268603850176,177.38430618857316,179.7878875732422,89000,0.0,0.0
2024-05-08 00:00:00+08:00,177.8650173793906,178.34573364257812,176.9035848530155,178.34573364257812,134000,0.0,0.0
2024-05-09 00:00:00+08:00,178.3457318547636,178.3457318547636,176.42286682128906,176.42286682128906,88000,0.0,0.0
2024-05-10 00:00:00+08:00,181.71075101263605,184.59504864775724,181.71075101263605,182.19146728515625,305000,0.0,0.0
2024-05-13 00:00:00+08:00,182.6721768116388,184.1143255759412,181.71074430210385,183.15289306640625,123000,0.0,0.0
2024-05-14 00:00:00+08:00,183.15289643940173,184.1143289666427,181.7107476485403,182.67218017578125,80000,0.0,0.0
2024-05-15 00:00:00+08:00,182.6721768116388,183.15289306640625,181.23002804733636,183.15289306640625,189000,0.0,0.0
2024-05-16 00:00:00+08:00,183.15288785904173,183.15288785904173,180.7493066535425,181.7107391357422,112000,0.0,0.0
2024-05-17 00:00:00+08:00,182.19145721914882,183.63360595703125,181.23002472722717,183.63360595703125,130000,0.0,0.0
2024-05-20 00:00:00+08:00,183.63360410014158,183.63360410014158,180.7493066535425,181.7107391357422,132000,0.0,0.0
2024-05-21 00:00:00+08:00,181.71074587233522,182.19146213125674,179.78788083664912,180.7493133544922,139000,0.0,0.0
2024-05-22 00:00:00+08:00,181.23003474011583,182.67218355767645,180.74931846759563,182.19146728515625,74000,0.0,0.0
2024-05-23 00:00:00+08:00,182.1914689579112,182.1914689579112,178.82645501937458,179.7878875732422,147000,0.0,0.0
2024-05-24 00:00:00+08:00,178.82644317872402,180.7493081591404,178.34572693361991,179.30715942382812,177000,0.0,0.0
2024-05-27 00:00:00+08:00,180.7493081591404,180.7493081591404,178.82644317872402,179.30715942382812,133000,0.0,0.0
2024-05-28 00:00:00+08:00,179.78787904144613,179.78787904144613,178.3457302790816,178.82644653320312,191000,0.0,0.0
2024-05-29 00:00:00+08:00,178.34572508276963,178.34572508276963,176.9035763624238,177.38429260253906,222000,0.0,0.0
2024-05-30 00:00:00+08:00,177.86501559639498,177.86501559639498,175.94215056292043,176.42286682128906,187000,0.0,0.0
2024-05-31 00:00:00+08:00,177.86501900094453,179.3071678036549,175.94215393066406,175.94215393066406,1279000,0.0,0.0
2024-06-03 00:00:00+08:00,177.86501580096305,182.19146213125674,177.86501580096305,180.7493133544922,279000,0.0,0.0
2024-06-04 00:00:00+08:00,182.67218180338543,183.15289807128906,180.2686004638672,180.2686004638672,178000,0.0,0.0
2024-06-05 00:00:00+08:00,181.23002440424452,181.23002440424452,177.38429444341173,179.30715942382812,129000,0.0,0.0
2024-06-06 00:00:00+08:00,180.26859529556765,180.26859529556765,178.3457302790816,178.82644653320312,90000,0.0,0.0
2024-06-07 00:00:00+08:00,178.82644653320312,179.30716278732464,177.8650140249601,178.82644653320312,111000,0.0,0.0
2024-06-11 00:00:00+08:00,181.23003474011583,185.07576492027744,181.23003474011583,182.19146728515625,532000,0.0,0.0
2024-06-12 00:00:00+08:00,182.67217839017826,182.67217839017826,180.26859709557067,180.7493133544922,155000,0.0,0.0
2024-06-13 00:00:00+08:00,180.74931673177085,181.71074926757814,179.78788419596356,180.2686004638672,118000,0.0,0.0
2024-06-14 00:00:00+08:00,181.2300262451172,184.11432374503948,181.2300262451172,181.2300262451172,110000,0.0,0.0
2024-06-17 00:00:00+08:00,180.74930999513015,182.67217499507834,180.74930999513015,181.2300262451172,101000,0.0,0.0
2024-06-18 00:00:00+08:00,181.23002289464233,182.19145537684204,180.7493066535425,181.7107391357422,65000,0.0,0.0
2024-06-19 00:00:00+08:00,181.7107526809774,181.7107526809774,179.7878875732422,179.7878875732422,131000,0.0,0.0
2024-06-20 00:00:00+08:00,179.78788419596356,180.74931673177085,179.78788419596356,180.2686004638672,133000,0.0,0.0
2024-06-21 00:00:00+08:00,180.26859709557067,181.2300296134137,180.26859709557067,180.7493133544922,66000,0.0,0.0
2024-06-24 00:00:00+08:00,180.74930999513015,182.1914587450913,180.74930999513015,181.2300262451172,148000,0.0,0.0
2024-06-25 00:00:00+08:00,181.23003299967448,181.23003299967448,179.78788419596356,180.2686004638672,114000,0.0,0.0
2024-06-26 00:00:00+08:00,181.23002289464233,183.15288785904173,181.23002289464233,181.7107391357422,199000,0.0,0.0
2024-06-27 00:00:00+08:00,182.19146553548177,182.67218180338543,180.2686004638672,180.2686004638672,112000,0.0,0.0
2024-06-28 00:00:00+08:00,179.78788083664912,181.2300296134137,179.78788083664912,180.7493133544922,79000,0.0,0.0
2024-07-01 00:00:00+08:00,180.74931673177085,181.71074926757814,180.2686004638672,180.2686004638672,94000,0.0,0.0
2024-07-02 00:00:00+08:00,180.74931673177085,181.71074926757814,180.2686004638672,180.2686004638672,94000,0.0,0.0
2024-07-03 00:00:00+08:00,181.23002440424452,181.23002440424452,179.30715942382812,179.30715942382812,144000,0.0,0.0
2024-07-04 00:00:00+08:00,179.78787904144613,179.78787904144613,178.82644653320312,178.82644653320312,127000,0.0,0.0
2024-07-05 00:00:00+08:00,180.26859529556765,180.26859529556765,178.3457302790816,178.82644653320312,147000,0.0,0.0
2024-07-08 00:00:00+08:00,178.82644653320312,180.26859529556765,178.3457302790816,178.82644653320312,172000,0.0,0.0
2024-07-09 00:00:00+08:00,179.7878806298695,179.7878806298695,174.98071804618317,176.42286682128906,290000,0.0,0.0
2024-07-10 00:00:00+08:00,176.90358987050513,176.90358987050513,174.50000848639502,175.46144104003906,223000,0.0,0.0
2024-07-11 00:00:00+08:00,175.46143766309393,177.38430273337443,174.9807213955238,175.94215393066406,175000,0.0,0.0
2024-07-12 00:00:00+08:00,175.94214388219322,177.38429260253906,175.94214388219322,177.38429260253906,73000,0.0,0.0
2024-07-15 00:00:00+08:00,177.38429933802635,177.38429933802635,175.94215056292043,176.42286682128906,115000,0.0,0.0
2024-07-16 00:00:00+08:00,175.94214721347976,177.38429596113122,175.94214721347976,176.90357971191406,88000,0.0,0.0
2024-07-17 00:00:00+08:00,176.90358820734798,177.86502075195312,176.90358820734798,177.86502075195312,94000,0.0,0.0
2024-07-18 00:00:00+08:00,177.86501221034837,178.8264447087827,176.90357971191406,176.90357971191406,105000,0.0,0.0
2024-07-19 00:00:00+08:00,177.38429933802635,178.82644811313224,175.94215056292043,176.42286682128906,175000,0.0,0.0
2024-07-22 00:00:00+08:00,175.9421469175716,175.9421469175716,172.57713317871094,172.57713317871094,262000,0.0,0.0
2024-07-23 00:00:00+08:00,173.05784606933594,174.4999947865804,172.57712983025445,173.05784606933594,99000,0.0,0.0
2024-07-26 00:00:00+08:00,172.0964150872029,172.0964150872029,169.21211762764085,170.65426635742188,177000,0.0,0.0
2024-07-29 00:00:00+08:00,171.1349893629382,172.09642188744908,169.69284057617188,169.69284057617188,96000,0.0,0.0
2024-07-30 00:00:00+08:00,168.7314013843805,170.65426635742188,166.32782016807877,170.65426635742188,348000,0.0,0.0
2024-07-31 00:00:00+08:00,169.69284057617188,170.65427310068276,169.21212431391643,169.69284057617188,72000,0.0,0.0
2024-08-01 00:00:00+08:00,172.0964236646807,173.0578561991203,171.13499113024116,171.61570739746094,115000,0.0,0.0
2024-08-02 00:00:00+08:00,171.1349826006822,172.57713133046323,169.69283387090118,170.65426635742188,124000,0.0,0.0
2024-08-05 00:00:00+08:00,169.2121239505597,169.2121239505597,159.1170824648729,161.03994750976562,374000,0.0,0.0
2024-08-06 00:00:00+08:00,164.40496313044457,164.40496313044457,156.71350286703196,162.9628143310547,286000,0.0,0.0
2024-08-07 00:00:00+08:00,162.48209819574467,168.25069339796045,162.48209819574467,167.2892608642578,141000,0.0,0.0
2024-08-08 00:00:00+08:00,168.73141141371295,170.6542765010487,167.76997887004507,169.21212768554688,151000,0.0,0.0
2024-08-09 00:00:00+08:00,171.61570222499006,172.5771347304522,170.17355346679688,170.17355346679688,172000,0.0,0.0
2024-08-12 00:00:00+08:00,172.09641693030227,173.0578494271196,171.6157006818936,172.57713317871094,145000,0.0,0.0
2024-08-13 00:00:00+08:00,174.01928531923772,174.01928531923772,170.65427151472207,172.09642028808594,178000,0.0,0.0
2024-08-14 00:00:00+08:00,172.09642706024513,173.05785961365433,170.17356195342674,171.13499450683594,181000,0.0,0.0
2024-08-15 00:00:00+08:00,171.61570222499006,172.09641847772113,170.17355346679688,170.17355346679688,96000,0.0,0.0
2024-08-16 00:00:00+08:00,171.13498777251002,172.57713654587388,171.13498777251002,172.09642028808594,160000,0.0,0.0
2024-08-19 00:00:00+08:00,171.61570739746094,172.5771399319005,171.13499113024116,171.61570739746094,89000,0.0,0.0
2024-08-20 00:00:00+08:00,172.09642028808594,173.05785280366183,171.615704030298,172.09642028808594,161000,0.0,0.0
2024-08-21 00:00:00+08:00,172.09641693030227,173.0578494271196,172.09641693030227,172.57713317871094,63000,0.0,0.0
2024-08-22 00:00:00+08:00,172.57712983025445,173.53856230841743,172.09641359117296,173.05784606933594,132000,0.0,0.0
2024-08-23 00:00:00+08:00,172.57712983025445,173.05784606933594,171.61569735209147,173.05784606933594,84000,0.0,0.0
2024-08-26 00:00:00+08:00,173.05785123966942,174.98071625344355,173.05785123966942,174.5,328000,0.0,0.0
2024-08-27 00:00:00+08:00,175.0,176.0,175.0,175.0,138000,7.0,0.0
2024-08-28 00:00:00+08:00,175.5,177.5,175.0,177.5,125000,0.0,0.0
2024-08-29 00:00:00+08:00,177.5,178.5,176.5,177.5,61000,0.0,0.0
2024-08-30 00:00:00+08:00,178.0,178.0,177.0,177.5,46000,0.0,0.0
2024-09-02 00:00:00+08:00,178.0,178.0,177.0,177.5,51000,0.0,0.0
2024-09-03 00:00:00+08:00,177.5,177.5,174.5,175.0,63000,0.0,0.0
2024-09-04 00:00:00+08:00,173.0,173.5,170.0,170.5,165000,0.0,0.0
2024-09-05 00:00:00+08:00,172.0,172.0,170.5,171.5,68000,0.0,0.0
2024-09-06 00:00:00+08:00,171.5,173.0,171.5,172.0,43000,0.0,0.0
2024-09-09 00:00:00+08:00,172.0,173.0,170.0,172.5,109000,0.0,0.0
2024-09-10 00:00:00+08:00,173.0,175.0,171.5,171.5,91000,0.0,0.0
2024-09-11 00:00:00+08:00,171.5,174.0,171.5,174.0,106000,0.0,0.0
2024-09-12 00:00:00+08:00,176.0,176.0,174.5,176.0,80000,0.0,0.0
2024-09-13 00:00:00+08:00,176.5,177.5,176.0,176.5,62000,0.0,0.0
2024-09-16 00:00:00+08:00,176.5,177.5,176.0,177.0,57000,0.0,0.0
2024-09-18 00:00:00+08:00,176.5,177.5,175.5,176.5,65000,0.0,0.0
2024-09-19 00:00:00+08:00,176.0,178.0,176.0,178.0,100000,0.0,0.0
2024-09-20 00:00:00+08:00,180.0,180.5,177.0,177.0,234000,0.0,0.0
2024-09-23 00:00:00+08:00,180.0,182.5,179.5,180.5,285000,0.0,0.0
2024-09-24 00:00:00+08:00,181.0,181.0,179.0,180.5,90000,0.0,0.0
2024-09-25 00:00:00+08:00,181.0,182.0,179.5,181.0,221000,0.0,0.0
2024-09-26 00:00:00+08:00,181.0,181.0,178.0,178.5,122000,0.0,0.0
2024-09-27 00:00:00+08:00,179.5,181.5,179.5,181.5,133000,0.0,0.0
2024-09-30 00:00:00+08:00,183.0,199.5,183.0,197.0,1804000,0.0,0.0
2024-10-01 00:00:00+08:00,197.5,214.5,196.5,210.5,3296000,0.0,0.0
2024-10-04 00:00:00+08:00,213.0,217.5,206.0,207.5,1692000,0.0,0.0
2024-10-07 00:00:00+08:00,209.0,211.5,206.0,211.5,664000,0.0,0.0
2024-10-08 00:00:00+08:00,211.5,212.5,207.0,207.5,456000,0.0,0.0
2024-10-09 00:00:00+08:00,208.5,210.0,204.0,205.0,413000,0.0,0.0
2024-10-11 00:00:00+08:00,206.0,208.0,203.0,203.5,384000,0.0,0.0
2024-10-14 00:00:00+08:00,206.5,214.5,206.5,214.0,1299000,0.0,0.0
2024-10-15 00:00:00+08:00,212.0,215.0,210.0,215.0,591000,0.0,0.0
2024-10-16 00:00:00+08:00,215.0,223.5,212.5,218.5,1403000,0.0,0.0
2024-10-17 00:00:00+08:00,219.0,219.0,209.5,210.0,1060000,0.0,0.0
2024-10-18 00:00:00+08:00,213.0,214.5,209.0,212.0,479000,0.0,0.0
2024-10-21 00:00:00+08:00,216.0,216.0,212.0,212.5,276000,0.0,0.0
2024-10-22 00:00:00+08:00,212.5,213.5,210.0,212.5,212000,0.0,0.0
2024-10-23 00:00:00+08:00,212.5,213.0,211.0,211.0,258000,0.0,0.0
2024-10-24 00:00:00+08:00,211.0,215.0,210.5,213.5,435000,0.0,0.0
2024-10-25 00:00:00+08:00,215.0,215.0,211.5,213.5,202000,0.0,0.0
2024-10-28 00:00:00+08:00,215.0,215.0,209.5,211.5,280000,0.0,0.0
2024-10-29 00:00:00+08:00,210.0,213.0,209.5,212.5,237000,0.0,0.0
2024-10-30 00:00:00+08:00,213.5,213.5,211.0,211.0,153000,0.0,0.0
2024-11-01 00:00:00+08:00,209.5,214.0,208.5,213.5,206000,0.0,0.0
2024-11-04 00:00:00+08:00,217.0,225.0,215.0,225.0,1548000,0.0,0.0
2024-11-05 00:00:00+08:00,225.0,238.0,221.5,235.0,1681000,0.0,0.0
2024-11-06 00:00:00+08:00,234.5,237.5,231.5,232.5,696000,0.0,0.0
2024-11-07 00:00:00+08:00,234.5,239.5,233.0,238.0,1009000,0.0,0.0
2024-11-08 00:00:00+08:00,241.0,247.5,226.0,232.0,2235000,0.0,0.0
2024-11-11 00:00:00+08:00,236.0,238.0,228.0,228.0,796000,0.0,0.0
2024-11-12 00:00:00+08:00,230.5,238.0,229.0,235.0,1001000,0.0,0.0
2024-11-13 00:00:00+08:00,234.5,237.0,231.5,233.0,525000,0.0,0.0
2024-11-14 00:00:00+08:00,235.0,240.0,230.5,231.0,680000,0.0,0.0
2024-11-15 00:00:00+08:00,232.5,240.0,232.5,236.0,801000,0.0,0.0
2024-11-18 00:00:00+08:00,239.5,239.5,233.5,235.0,388000,0.0,0.0
2024-11-19 00:00:00+08:00,236.5,239.0,235.5,239.0,366000,0.0,0.0
2024-11-20 00:00:00+08:00,240.0,244.5,233.5,240.0,726303,0.0,0.0
2024-11-21 00:00:00+08:00,235.0,237.5,228.0,232.0,1032000,0.0,0.0
2024-11-22 00:00:00+08:00,234.0,237.5,229.5,229.5,772000,0.0,0.0
2024-11-25 00:00:00+08:00,232.0,234.0,229.5,229.5,305000,0.0,0.0
2024-11-26 00:00:00+08:00,230.0,233.5,229.5,232.5,267000,0.0,0.0
2024-11-27 00:00:00+08:00,233.5,233.5,224.0,224.5,464000,0.0,0.0
2024-11-28 00:00:00+08:00,225.0,226.0,217.5,223.0,642000,0.0,0.0
2024-11-29 00:00:00+08:00,222.5,225.5,220.0,224.0,182000,0.0,0.0
