Date,Open,High,Low,Close,Volume,Dividends,Stock Splits
2001-11-21 00:00:00+09:00,119.61775207519531,119.61775207519531,119.61775207519531,119.61775207519531,750000,0.0,0.0
2001-11-22 00:00:00+09:00,109.36481370192308,113.80775665110336,105.09275066669171,111.07363891601562,750000,0.0,0.0
2001-11-23 00:00:00+09:00,111.07363891601562,111.07363891601562,111.07363891601562,111.07363891601562,0,0.0,0.0
2001-11-26 00:00:00+09:00,111.07363891601562,111.07363891601562,111.07363891601562,111.07363891601562,0,0.0,0.0
2001-11-27 00:00:00+09:00,102.70040971446647,104.23835526851185,96.54864053558885,97.4030532836914,190000,0.0,0.0
2001-11-28 00:00:00+09:00,95.69420950698743,96.37774218235477,93.9853843372198,95.8650894165039,72500,0.0,0.0
2001-11-29 00:00:00+09:00,92.10568227970158,92.10568227970158,85.4412612915039,85.4412612915039,140000,0.0,0.0
2001-11-30 00:00:00+09:00,87.15007131034082,93.98537102095578,87.15007131034082,93.1309585571289,95000,0.0,0.0
2001-12-03 00:00:00+09:00,96.54863544810902,96.54863544810902,89.88421375661962,93.98539733886719,75000,0.0,0.0
2001-12-04 00:00:00+09:00,92.27661465182162,92.27661465182162,85.4413098627978,86.29572296142578,72500,0.0,0.0
2001-12-05 00:00:00+09:00,89.71337535593769,90.56778845456567,86.29572296142578,86.29572296142578,30000,0.0,0.0
2001-12-06 00:00:00+09:00,85.61213815804979,92.276558908933,85.61213815804979,90.22596740722656,42500,0.0,0.0
2001-12-07 00:00:00+09:00,88.85893888672055,90.3968846672211,84.58687451716668,85.61216735839844,47500,0.0,0.0
2001-12-10 00:00:00+09:00,85.44128573670679,85.44128573670679,83.73246002197266,83.73246002197266,12500,0.0,0.0
2001-12-11 00:00:00+09:00,79.63127270222607,79.63127270222607,75.18832861858866,78.6059799194336,25000,0.0,0.0
2001-12-12 00:00:00+09:00,77.0680160694407,77.0680160694407,71.94154032596612,72.45419311523438,40000,0.0,0.0
2001-12-13 00:00:00+09:00,71.59979264208592,71.59979264208592,68.35302151276856,70.57449340820312,55000,0.0,0.0
2001-12-14 00:00:00+09:00,70.06185004824684,71.77067565917969,70.06185004824684,71.77067565917969,7500,0.0,0.0
2001-12-17 00:00:00+09:00,73.65038122374487,73.65038122374487,71.77067565917969,71.77067565917969,15000,0.0,0.0
2001-12-18 00:00:00+09:00,69.20742031896198,69.20742031896198,68.35300772243158,68.52388763427734,20000,0.0,0.0
2001-12-19 00:00:00+09:00,68.52391031810355,68.52391031810355,63.05567310505067,65.61891174316406,35000,0.0,0.0
2001-12-20 00:00:00+09:00,65.61890153324202,68.35301971435547,65.61890153324202,68.35301971435547,10000,0.0,0.0
2001-12-21 00:00:00+09:00,68.3529940518466,68.3529940518466,65.78975677490234,65.78975677490234,5000,0.0,0.0
2001-12-24 00:00:00+09:00,65.78975677490234,65.78975677490234,65.78975677490234,65.78975677490234,0,0.0,0.0
2001-12-25 00:00:00+09:00,66.30244273834946,68.01126861572266,65.44802979966286,68.01126861572266,35000,0.0,0.0
2001-12-26 00:00:00+09:00,68.35302146084337,70.916259765625,68.35302146084337,70.916259765625,20000,0.0,0.0
2001-12-27 00:00:00+09:00,71.77066605179398,72.62507874288677,68.35301528742283,69.20742797851562,25000,0.0,0.0
2001-12-28 00:00:00+09:00,71.77066040453688,72.1124267578125,71.77066040453688,72.1124267578125,7500,0.0,0.0
2001-12-31 00:00:00+09:00,72.1124267578125,72.1124267578125,72.1124267578125,72.1124267578125,0,0.0,0.0
2002-01-01 00:00:00+09:00,72.1124267578125,72.1124267578125,72.1124267578125,72.1124267578125,0,0.0,0.0
2002-01-02 00:00:00+09:00,72.1124267578125,72.1124267578125,72.1124267578125,72.1124267578125,0,0.0,0.0
2002-01-03 00:00:00+09:00,72.1124267578125,72.1124267578125,72.1124267578125,72.1124267578125,0,0.0,0.0
2002-01-04 00:00:00+09:00,73.47949842973189,75.18832397460938,73.47949842973189,75.18832397460938,7500,0.0,0.0
2002-01-07 00:00:00+09:00,76.8971485338713,82.02362510279606,76.8971485338713,81.1692123413086,27500,0.0,0.0
2002-01-08 00:00:00+09:00,81.1692245970381,82.02363748753324,80.14393173590516,80.31481170654297,27500,0.0,0.0
2002-01-09 00:00:00+09:00,82.0236299954928,88.85893249511719,82.0236299954928,88.85893249511719,57500,0.0,0.0
2002-01-10 00:00:00+09:00,90.56775812002329,93.64364294112379,87.15010687021109,88.85893249511719,97500,0.0,0.0
2002-01-11 00:00:00+09:00,85.44128124530499,88.85893249511719,85.44128124530499,88.85893249511719,27500,0.0,0.0
2002-01-14 00:00:00+09:00,88.85893249511719,88.85893249511719,88.85893249511719,88.85893249511719,0,0.0,0.0
2002-01-15 00:00:00+09:00,88.68802642822266,88.68802642822266,88.68802642822266,88.68802642822266,7500,0.0,0.0
2002-01-16 00:00:00+09:00,88.68804447123952,88.68804447123952,80.31479706353763,83.90332794189453,17500,0.0,0.0
2002-01-17 00:00:00+09:00,83.56155721198955,83.56155721198955,77.0680160564305,77.40978240966797,50000,0.0,0.0
2002-01-18 00:00:00+09:00,80.31478998966784,80.48566991410024,78.26419830322266,78.26419830322266,45000,0.0,0.0
2002-01-21 00:00:00+09:00,78.60597237724078,78.60597237724078,77.40979323298717,77.92243957519531,10000,0.0,0.0
2002-01-22 00:00:00+09:00,78.26420597621805,80.31479786370254,77.92243957519531,77.92243957519531,27500,0.0,0.0
2002-01-23 00:00:00+09:00,76.89716339111328,76.89716339111328,76.89716339111328,76.89716339111328,2500,0.0,0.0
2002-01-24 00:00:00+09:00,76.04275046454535,76.89716339111328,74.3339246114095,76.89716339111328,20000,0.0,0.0
2002-01-25 00:00:00+09:00,75.18832408619187,76.0427368598986,74.50479125976562,74.50479125976562,15000,0.0,0.0
2002-01-28 00:00:00+09:00,74.50480331477291,74.50480331477291,74.33392333984375,74.33392333984375,25000,0.0,0.0
2002-01-29 00:00:00+09:00,74.33392333984375,76.0427491637482,74.33392333984375,74.33392333984375,7500,0.0,0.0
2002-01-30 00:00:00+09:00,73.47950263720885,73.47950263720885,70.7453842163086,70.7453842163086,15000,0.0,0.0
2002-01-31 00:00:00+09:00,70.7453842163086,70.7453842163086,70.7453842163086,70.7453842163086,0,0.0,0.0
2002-02-01 00:00:00+09:00,68.52390434514216,69.20743719651935,66.81507873535156,66.81507873535156,35000,0.0,0.0
2002-02-04 00:00:00+09:00,66.98596062379875,68.35301971435547,66.98596062379875,68.35301971435547,20000,0.0,0.0
2002-02-05 00:00:00+09:00,68.35301971435547,68.35301971435547,68.35301971435547,68.35301971435547,2500,0.0,0.0
2002-02-06 00:00:00+09:00,66.98596062379875,68.35301971435547,65.78978147506713,68.35301971435547,22500,0.0,0.0
2002-02-07 00:00:00+09:00,68.35301971435547,68.35301971435547,68.35301971435547,68.35301971435547,5000,0.0,0.0
2002-02-08 00:00:00+09:00,66.64419422149658,68.35301971435547,66.64419422149658,68.35301971435547,12500,0.0,0.0
2002-02-11 00:00:00+09:00,68.35301971435547,68.35301971435547,68.35301971435547,68.35301971435547,0,0.0,0.0
2002-02-12 00:00:00+09:00,70.23274675464661,70.23274675464661,70.0618667602539,70.0618667602539,5000,0.0,0.0
2002-02-13 00:00:00+09:00,68.35302439162406,68.35302439162406,66.81507873535156,66.81507873535156,7500,0.0,0.0
2002-02-14 00:00:00+09:00,66.64420318603516,66.64420318603516,66.64420318603516,66.64420318603516,7500,0.0,0.0
2002-02-15 00:00:00+09:00,66.64418024425528,66.64418024425528,65.96064758300781,65.96064758300781,5000,0.0,0.0
2002-02-18 00:00:00+09:00,66.13155677295006,66.81508315084592,66.13155677295006,66.64420318603516,7500,0.0,0.0
2002-02-19 00:00:00+09:00,66.1315491511756,66.9859619140625,66.1315491511756,66.9859619140625,12500,0.0,0.0
2002-02-20 00:00:00+09:00,66.64421861479885,66.64421861479885,66.13157208303126,66.30245208740234,7500,0.0,0.0
2002-02-21 00:00:00+09:00,66.3024029265613,66.3024029265613,65.61887689723252,65.78975677490234,15000,0.0,0.0
2002-02-22 00:00:00+09:00,66.3024029265613,66.3024029265613,65.78975677490234,65.78975677490234,7500,0.0,0.0
2002-02-25 00:00:00+09:00,65.78975677490234,65.78975677490234,65.78975677490234,65.78975677490234,2500,0.0,0.0
2002-02-26 00:00:00+09:00,65.78979032467574,66.64420318603516,65.78979032467574,66.64420318603516,10000,0.0,0.0
2002-02-27 00:00:00+09:00,68.01126861572266,68.01126861572266,68.01126861572266,68.01126861572266,2500,0.0,0.0
2002-02-28 00:00:00+09:00,66.81507873535156,73.30862126747775,66.81507873535156,66.81507873535156,0,0.0,0.0
2002-03-01 00:00:00+09:00,67.49859944733127,67.66947937011719,67.49859944733127,67.66947937011719,5000,0.0,0.0
2002-03-04 00:00:00+09:00,68.35301298253677,72.62507629394531,68.35301298253677,72.62507629394531,5000,0.0,0.0
2002-03-05 00:00:00+09:00,68.69479370117188,72.79597142564842,68.69479370117188,68.69479370117188,0,0.0,0.0
2002-03-06 00:00:00+09:00,72.79596246833529,75.01744079589844,72.79596246833529,75.01744079589844,7500,0.0,0.0
2002-03-07 00:00:00+09:00,73.47949981689453,73.47949981689453,73.47949981689453,73.47949981689453,5000,0.0,0.0
2002-03-08 00:00:00+09:00,71.77067565917969,71.77067565917969,71.77067565917969,71.77067565917969,5000,0.0,0.0
2002-03-11 00:00:00+09:00,71.77064867101821,73.30859375,71.77064867101821,73.30859375,10000,0.0,0.0
2002-03-12 00:00:00+09:00,73.30863826810254,73.65039825439453,73.30863826810254,73.65039825439453,7500,0.0,0.0
2002-03-13 00:00:00+09:00,72.62508846464611,72.62508846464611,71.77067565917969,71.77067565917969,5000,0.0,0.0
2002-03-14 00:00:00+09:00,70.0618667602539,70.0618667602539,70.0618667602539,70.0618667602539,5000,0.0,0.0
2002-03-15 00:00:00+09:00,70.916259765625,70.916259765625,70.916259765625,70.916259765625,5000,0.0,0.0
2002-03-18 00:00:00+09:00,71.77067565917969,71.77067565917969,71.77067565917969,71.77067565917969,5000,0.0,0.0
2002-03-19 00:00:00+09:00,71.77067565917969,71.77067565917969,71.77067565917969,71.77067565917969,2500,0.0,0.0
2002-03-20 00:00:00+09:00,73.47948565226395,73.47948565226395,72.1124267578125,72.1124267578125,15000,0.0,0.0
2002-03-21 00:00:00+09:00,72.1124267578125,72.1124267578125,72.1124267578125,72.1124267578125,0,0.0,0.0
2002-03-22 00:00:00+09:00,72.79596841827845,72.79596841827845,70.91626285371326,71.77067565917969,27500,0.0,0.0
2002-03-25 00:00:00+09:00,73.308618482705,75.87185680002122,73.308618482705,75.18832397460938,10000,0.0,0.0
2002-03-26 00:00:00+09:00,77.09350885663713,77.09350885663713,74.43511199951172,74.43511199951172,12500,6.3,0.0
2002-03-27 00:00:00+09:00,74.43511199951172,74.43511199951172,74.43511199951172,74.43511199951172,7500,0.0,0.0
2002-03-28 00:00:00+09:00,72.6628646850586,72.6628646850586,72.6628646850586,72.6628646850586,2500,0.0,0.0
2002-03-29 00:00:00+09:00,72.66283365376172,72.84005737304688,72.66283365376172,72.84005737304688,10000,0.0,0.0
2002-04-01 00:00:00+09:00,72.6628646850586,76.2073946696956,72.6628646850586,72.6628646850586,0,0.0,0.0
2002-04-02 00:00:00+09:00,70.1816635131836,74.43510053365306,70.1816635131836,70.1816635131836,0,0.0,0.0
2002-04-03 00:00:00+09:00,71.42227783830477,72.6628646850586,71.42227783830477,72.6628646850586,5000,0.0,0.0
2002-04-04 00:00:00+09:00,70.8905996927401,72.6628646850586,70.8905996927401,72.6628646850586,7500,0.0,0.0
2002-04-05 00:00:00+09:00,70.8905996927401,72.6628646850586,70.8905996927401,72.6628646850586,5000,0.0,0.0
2002-04-08 00:00:00+09:00,74.4351125481321,74.4351125481321,74.25788879394531,74.25788879394531,5000,0.0,0.0
2002-04-09 00:00:00+09:00,74.43511199951172,74.43511199951172,74.43511199951172,74.43511199951172,2500,0.0,0.0
2002-04-10 00:00:00+09:00,73.54898278507186,74.43511510778356,71.77671813964844,71.77671813964844,10000,0.0,0.0
2002-04-11 00:00:00+09:00,72.84008848002868,72.84008848002868,72.6628646850586,72.6628646850586,5000,0.0,0.0
2002-04-12 00:00:00+09:00,74.43511199951172,74.43511199951172,74.43511199951172,74.43511199951172,2500,0.0,0.0
2002-04-15 00:00:00+09:00,71.77671813964844,71.77671813964844,71.77671813964844,71.77671813964844,2500,0.0,0.0
2002-04-16 00:00:00+09:00,71.77671813964844,71.77671813964844,71.77671813964844,71.77671813964844,7500,0.0,0.0
2002-04-17 00:00:00+09:00,71.77671813964844,73.54898278507186,71.77671813964844,71.77671813964844,0,0.0,0.0
2002-04-18 00:00:00+09:00,72.66283365376172,72.84005737304688,72.66283365376172,72.84005737304688,5000,0.0,0.0
2002-04-19 00:00:00+09:00,73.37175902479075,73.37175902479075,71.77671813964844,71.77671813964844,12500,0.0,0.0
2002-04-22 00:00:00+09:00,71.77673218889935,72.6628646850586,70.8905996927401,72.6628646850586,17500,0.0,0.0
2002-04-23 00:00:00+09:00,72.6628646850586,72.6628646850586,72.6628646850586,72.6628646850586,2500,0.0,0.0
2002-04-24 00:00:00+09:00,71.77671092032762,71.77671092032762,71.06780242919922,71.06780242919922,12500,0.0,0.0
2002-04-25 00:00:00+09:00,71.24504089355469,71.24504089355469,71.24504089355469,71.24504089355469,7500,0.0,0.0
2002-04-26 00:00:00+09:00,71.24504113942312,71.24504113942312,70.89058685302734,70.89058685302734,10000,0.0,0.0
2002-04-29 00:00:00+09:00,70.89058685302734,70.89058685302734,70.89058685302734,70.89058685302734,0,0.0,0.0
2002-04-30 00:00:00+09:00,71.24503293230752,71.24503293230752,71.06780242919922,71.06780242919922,67500,0.0,0.0
2002-05-01 00:00:00+09:00,71.42225646972656,71.42225646972656,71.42225646972656,71.42225646972656,10000,0.0,0.0
2002-05-02 00:00:00+09:00,70.89058685302734,70.89058685302734,70.89058685302734,70.89058685302734,10000,0.0,0.0
2002-05-03 00:00:00+09:00,70.89058685302734,70.89058685302734,70.89058685302734,70.89058685302734,0,0.0,0.0
2002-05-06 00:00:00+09:00,70.89058685302734,70.89058685302734,70.89058685302734,70.89058685302734,0,0.0,0.0
2002-05-07 00:00:00+09:00,70.89057317285005,70.89057317285005,69.11830884352881,69.47276306152344,12500,0.0,0.0
2002-05-08 00:00:00+09:00,69.29553257220017,69.47276306152344,69.29553257220017,69.47276306152344,7500,0.0,0.0
2002-05-09 00:00:00+09:00,69.47276306152344,72.66283750217131,69.47276306152344,69.47276306152344,0,0.0,0.0
2002-05-10 00:00:00+09:00,69.47276306152344,74.43510183149256,69.47276306152344,69.47276306152344,0,0.0,0.0
2002-05-13 00:00:00+09:00,73.72620346668381,74.43511199951172,73.72620346668381,74.43511199951172,5000,0.0,0.0
2002-05-14 00:00:00+09:00,74.43511199951172,74.43511199951172,74.43511199951172,74.43511199951172,5000,0.0,0.0
2002-05-15 00:00:00+09:00,74.25789612070525,74.25789612070525,74.0806655883789,74.0806655883789,5000,0.0,0.0
2002-05-16 00:00:00+09:00,74.43511199951172,74.43511199951172,74.43511199951172,74.43511199951172,2500,0.0,0.0
2002-05-17 00:00:00+09:00,74.25788879394531,74.25788879394531,74.25788879394531,74.25788879394531,12500,0.0,0.0
2002-05-20 00:00:00+09:00,74.0806436899975,74.25787416993418,72.84005737304688,72.84005737304688,20000,0.0,0.0
2002-05-21 00:00:00+09:00,71.77671813964844,71.77671813964844,71.77671813964844,71.77671813964844,2500,0.0,0.0
2002-05-22 00:00:00+09:00,71.95394870042132,72.30840301513672,71.95394870042132,72.30840301513672,5000,0.0,0.0
2002-05-23 00:00:00+09:00,73.54896545410156,73.54896545410156,73.54896545410156,73.54896545410156,5000,0.0,0.0
2002-05-24 00:00:00+09:00,74.43511123179462,74.96678924560547,74.43511123179462,74.96678924560547,27500,0.0,0.0
2002-05-27 00:00:00+09:00,76.38461650418014,79.75192260742188,76.20739271375868,79.75192260742188,67500,0.0,0.0
2002-05-28 00:00:00+09:00,80.28357961863367,81.52416610717773,77.9796371459961,77.9796371459961,95000,0.0,0.0
2002-05-29 00:00:00+09:00,79.0430006189269,79.75190918258893,77.97964453408696,78.33409881591797,50000,0.0,0.0
2002-05-30 00:00:00+09:00,79.04299177012052,79.57467651367188,77.09350357927339,79.57467651367188,67500,0.0,0.0
2002-05-31 00:00:00+09:00,79.75189899085677,80.28357696533203,77.09350235782821,80.28357696533203,35000,0.0,0.0
2002-06-03 00:00:00+09:00,77.9796371459961,77.9796371459961,77.9796371459961,77.9796371459961,12500,0.0,0.0
2002-06-04 00:00:00+09:00,77.97965354480962,77.97965354480962,77.09352111816406,77.09352111816406,27500,0.0,0.0
2002-06-05 00:00:00+09:00,77.97965354480962,77.97965354480962,77.09352111816406,77.09352111816406,22500,0.0,0.0
2002-06-06 00:00:00+09:00,77.09352111816406,77.97965354480962,77.09352111816406,77.09352111816406,12500,0.0,0.0
2002-06-07 00:00:00+09:00,77.09350683522779,77.09350683522779,76.2073745727539,76.2073745727539,15000,0.0,0.0
2002-06-10 00:00:00+09:00,77.80242976374207,77.80242976374207,77.09352111816406,77.09352111816406,7500,0.0,0.0
2002-06-11 00:00:00+09:00,77.44795989990234,79.22022439756303,77.44795989990234,77.44795989990234,0,0.0,0.0
2002-06-12 00:00:00+09:00,77.62519073486328,77.62519073486328,77.62519073486328,77.62519073486328,2500,0.0,0.0
2002-06-13 00:00:00+09:00,77.27073645082858,77.62519073486328,77.0935126891378,77.62519073486328,10000,0.0,0.0
2002-06-14 00:00:00+09:00,77.44795957034484,77.44795957034484,77.2707290649414,77.2707290649414,5000,0.0,0.0
2002-06-17 00:00:00+09:00,77.44796802594803,77.44796802594803,76.73905944824219,76.73905944824219,12500,0.0,0.0
2002-06-18 00:00:00+09:00,78.33409881591797,78.33409881591797,78.33409881591797,78.33409881591797,2500,0.0,0.0
2002-06-19 00:00:00+09:00,77.6251848405816,77.97963909770168,76.2073745727539,76.2073745727539,25000,0.0,0.0
2002-06-20 00:00:00+09:00,76.20738245540481,76.20738245540481,75.8529281616211,75.8529281616211,10000,0.0,0.0
2002-06-21 00:00:00+09:00,74.6123275756836,75.32123603082276,74.6123275756836,74.6123275756836,0,0.0,0.0
2002-06-24 00:00:00+09:00,76.2073946696956,76.2073946696956,72.6628646850586,72.6628646850586,30000,0.0,0.0
2002-06-25 00:00:00+09:00,75.8529223045147,75.8529223045147,74.43511199951172,74.43511199951172,7500,0.0,0.0
2002-06-26 00:00:00+09:00,75.67568988254746,75.85291361512603,75.32123565673828,75.32123565673828,22500,0.0,0.0
2002-06-27 00:00:00+09:00,75.32123565673828,75.49845938931685,75.32123565673828,75.32123565673828,10000,0.0,0.0
2002-06-28 00:00:00+09:00,75.49846803810075,75.49846803810075,74.43511199951172,74.43511199951172,17500,0.0,0.0
2002-07-01 00:00:00+09:00,75.32123565673828,75.32123565673828,75.32123565673828,75.32123565673828,5000,0.0,0.0
2002-07-02 00:00:00+09:00,76.2073678409352,76.2073678409352,75.32123565673828,75.32123565673828,10000,0.0,0.0
2002-07-03 00:00:00+09:00,75.32123565673828,75.32123565673828,75.32123565673828,75.32123565673828,2500,0.0,0.0
2002-07-04 00:00:00+09:00,75.32123565673828,75.32123565673828,75.32123565673828,75.32123565673828,2500,0.0,0.0
2002-07-05 00:00:00+09:00,75.32124209719689,76.56182861328125,75.32124209719689,76.56182861328125,15000,0.0,0.0
2002-07-08 00:00:00+09:00,76.56183568414234,76.73905944824219,76.56183568414234,76.73905944824219,12500,0.0,0.0
2002-07-09 00:00:00+09:00,76.2073745727539,76.2073745727539,76.2073745727539,76.2073745727539,12500,0.0,0.0
2002-07-10 00:00:00+09:00,77.6251848405816,77.80241534946795,76.2073745727539,76.2073745727539,10000,0.0,0.0
2002-07-11 00:00:00+09:00,77.6252075490185,77.6252075490185,76.20739686642523,76.3846206665039,27500,0.0,0.0
2002-07-12 00:00:00+09:00,77.09352111816406,77.97965354480962,77.09352111816406,77.09352111816406,0,0.0,0.0
2002-07-15 00:00:00+09:00,77.09350661713094,77.09350661713094,76.20737435716391,76.56182861328125,40000,0.0,0.0
2002-07-16 00:00:00+09:00,76.56182861328125,76.56182861328125,76.56182861328125,76.56182861328125,5000,0.0,0.0
2002-07-17 00:00:00+09:00,76.20738139528942,76.73905944824219,76.20738139528942,76.73905944824219,7500,0.0,0.0
2002-07-18 00:00:00+09:00,76.73906679537505,77.09352111816406,76.73906679537505,77.09352111816406,17500,0.0,0.0
2002-07-19 00:00:00+09:00,77.97962111569522,78.86575317382812,77.97962111569522,78.86575317382812,10000,0.0,0.0
2002-07-22 00:00:00+09:00,77.97965941627918,78.68856811523438,77.97965941627918,78.68856811523438,7500,0.0,0.0
2002-07-23 00:00:00+09:00,78.68854564249341,78.68854564249341,77.9796371459961,77.9796371459961,7500,0.0,0.0
2002-07-24 00:00:00+09:00,77.97965354480962,77.97965354480962,77.09352111816406,77.09352111816406,10000,0.0,0.0
2002-07-25 00:00:00+09:00,77.09352111816406,77.09352111816406,77.09352111816406,77.09352111816406,5000,0.0,0.0
2002-07-26 00:00:00+09:00,77.09350683522779,77.09350683522779,76.2073745727539,76.2073745727539,22500,0.0,0.0
2002-07-29 00:00:00+09:00,76.56184705525585,79.75192260742188,76.20739271375868,79.75192260742188,12500,0.0,0.0
2002-07-30 00:00:00+09:00,81.52418755425347,81.52418755425347,79.75192260742188,79.75192260742188,12500,0.0,0.0
2002-07-31 00:00:00+09:00,77.09352111816406,80.46082704367876,77.09352111816406,77.09352111816406,0,0.0,0.0
2002-08-01 00:00:00+09:00,79.57467651367188,79.57467651367188,79.57467651367188,79.57467651367188,2500,0.0,0.0
2002-08-02 00:00:00+09:00,76.73903488217896,78.86575317382812,76.73903488217896,78.86575317382812,7500,0.0,0.0
2002-08-05 00:00:00+09:00,78.33409139424475,78.33409139424475,77.9796371459961,77.9796371459961,7500,0.0,0.0
2002-08-06 00:00:00+09:00,78.15686774215912,78.51132202148438,77.97964398282302,78.51132202148438,10000,0.0,0.0
2002-08-07 00:00:00+09:00,78.68854564249341,78.68854564249341,77.9796371459961,77.9796371459961,5000,0.0,0.0
2002-08-08 00:00:00+09:00,78.68854761194183,78.68854761194183,76.2073745727539,76.2073745727539,15000,0.0,0.0
2002-08-09 00:00:00+09:00,75.49846681599563,75.67569732666016,75.49846681599563,75.67569732666016,12500,0.0,0.0
2002-08-12 00:00:00+09:00,76.2073745727539,78.51131710305548,76.2073745727539,76.2073745727539,0,0.0,0.0
2002-08-13 00:00:00+09:00,77.80241534946795,77.80241534946795,76.2073745727539,76.2073745727539,5000,0.0,0.0
2002-08-14 00:00:00+09:00,76.2073745727539,76.2073745727539,76.2073745727539,76.2073745727539,2500,0.0,0.0
2002-08-15 00:00:00+09:00,76.20739686642523,76.3846206665039,76.20739686642523,76.3846206665039,5000,0.0,0.0
2002-08-16 00:00:00+09:00,76.3845969376267,77.80241394042969,76.20737319260257,77.80241394042969,20000,0.0,0.0
2002-08-19 00:00:00+09:00,77.0934987540707,77.0934987540707,76.91627502441406,76.91627502441406,5000,0.0,0.0
2002-08-20 00:00:00+09:00,77.80243562186757,79.7519244030128,77.80243562186757,78.68856811523438,15000,0.0,0.0
2002-08-21 00:00:00+09:00,78.86575317382812,78.86575317382812,78.86575317382812,78.86575317382812,2500,0.0,0.0
2002-08-22 00:00:00+09:00,79.7519232147601,79.7519232147601,78.8657907345961,79.04301452636719,12500,0.0,0.0
2002-08-23 00:00:00+09:00,79.04301452636719,79.04301452636719,79.04301452636719,79.04301452636719,0,0.0,0.0
2002-08-26 00:00:00+09:00,79.92911529541016,80.46079998109111,79.92911529541016,79.92911529541016,0,0.0,0.0
2002-08-27 00:00:00+09:00,80.28357696533203,80.28357696533203,80.28357696533203,80.28357696533203,5000,0.0,0.0
2002-08-28 00:00:00+09:00,80.2836007393405,80.2836007393405,79.75192260742188,79.75192260742188,20000,0.0,0.0
2002-08-29 00:00:00+09:00,79.75192260742188,79.75192260742188,79.75192260742188,79.75192260742188,2500,0.0,0.0
2002-08-30 00:00:00+09:00,79.75192260742188,79.75192260742188,79.75192260742188,79.75192260742188,10000,0.0,0.0
2002-09-02 00:00:00+09:00,79.75191388811383,80.63804626464844,79.75191388811383,80.63804626464844,5000,0.0,0.0
2002-09-03 00:00:00+09:00,79.92911529541016,79.92911529541016,79.92911529541016,79.92911529541016,2500,0.0,0.0
2002-09-04 00:00:00+09:00,79.75191839810076,79.75191839810076,77.09352111816406,77.09352111816406,20000,0.0,0.0
2002-09-05 00:00:00+09:00,77.27072732002227,79.57467651367188,77.27072732002227,79.57467651367188,5000,0.0,0.0
2002-09-06 00:00:00+09:00,76.2073745727539,76.2073745727539,76.2073745727539,76.2073745727539,20000,0.0,0.0
2002-09-09 00:00:00+09:00,77.2707290649414,79.75190205536946,77.2707290649414,77.2707290649414,0,0.0,0.0
2002-09-10 00:00:00+09:00,77.62518343475305,77.80241394042969,77.62518343475305,77.80241394042969,5000,0.0,0.0
2002-09-11 00:00:00+09:00,77.97963756525013,77.97963756525013,77.09350532019047,77.2707290649414,12500,0.0,0.0
2002-09-12 00:00:00+09:00,77.44795968972893,77.80241394042969,77.44795968972893,77.80241394042969,5000,0.0,0.0
2002-09-13 00:00:00+09:00,77.27072939374476,77.44795989990234,77.27072939374476,77.44795989990234,7500,0.0,0.0
2002-09-16 00:00:00+09:00,77.44795989990234,77.44795989990234,77.44795989990234,77.44795989990234,0,0.0,0.0
2002-09-17 00:00:00+09:00,77.9796371459961,77.9796371459961,77.9796371459961,77.9796371459961,2500,0.0,0.0
2002-09-18 00:00:00+09:00,77.9796582544321,79.04301452636719,77.44798011846456,79.04301452636719,20000,0.0,0.0
2002-09-19 00:00:00+09:00,78.86576884317788,79.0429925857555,78.1568603515625,78.1568603515625,27500,0.0,0.0
2002-09-20 00:00:00+09:00,78.1568603515625,78.1568603515625,78.1568603515625,78.1568603515625,12500,0.0,0.0
2002-09-23 00:00:00+09:00,78.1568603515625,78.1568603515625,78.1568603515625,78.1568603515625,0,0.0,0.0
2002-09-24 00:00:00+09:00,78.68854304190624,80.28357696533203,78.68854304190624,80.28357696533203,32500,0.0,0.0
2002-09-25 00:00:00+09:00,81.00849151611328,81.00849151611328,81.00849151611328,81.00849151611328,5000,4.0,0.0
2002-09-26 00:00:00+09:00,80.46479473829012,80.6460189819336,80.10233933774144,80.6460189819336,17500,0.0,0.0
2002-09-27 00:00:00+09:00,80.10236358642578,80.10236358642578,80.10236358642578,80.10236358642578,5000,0.0,0.0
2002-09-30 00:00:00+09:00,81.00851690245295,81.00851690245295,78.10887908935547,78.10887908935547,12500,0.0,0.0
2002-10-01 00:00:00+09:00,78.29008483886719,78.29008483886719,78.29008483886719,78.29008483886719,2500,0.0,0.0
2002-10-02 00:00:00+09:00,78.29009069269996,78.29009069269996,77.9276351928711,77.9276351928711,12500,0.0,0.0
2002-10-03 00:00:00+09:00,77.9276351928711,80.46481677840957,77.9276351928711,77.9276351928711,0,0.0,0.0
2002-10-04 00:00:00+09:00,78.83377048581146,78.83377048581146,77.9276351928711,77.9276351928711,15000,0.0,0.0
2002-10-07 00:00:00+09:00,77.92765007949457,77.92765007949457,74.30310821533203,74.30310821533203,25000,0.0,0.0
2002-10-08 00:00:00+09:00,72.67204284667969,72.67204284667969,72.67204284667969,72.67204284667969,5000,0.0,0.0
2002-10-09 00:00:00+09:00,74.30309420337782,74.30309420337782,72.6720479067787,72.85327911376953,27500,0.0,0.0
2002-10-10 00:00:00+09:00,72.49082946777344,72.67205377613719,70.67855873107911,72.49082946777344,20000,0.0,0.0
2002-10-11 00:00:00+09:00,72.49083350650695,72.49083350650695,70.85978698730469,70.85978698730469,7500,0.0,0.0
2002-10-14 00:00:00+09:00,70.85978698730469,70.85978698730469,70.85978698730469,70.85978698730469,0,0.0,0.0
2002-10-15 00:00:00+09:00,73.21574842138926,74.30310821533203,73.21574842138926,74.30310821533203,12500,0.0,0.0
2002-10-16 00:00:00+09:00,75.20924368137267,75.20924368137267,74.30310821533203,74.30310821533203,5000,0.0,0.0
2002-10-17 00:00:00+09:00,74.30310821533203,74.30310821533203,74.30310821533203,74.30310821533203,2500,0.0,0.0
2002-10-18 00:00:00+09:00,74.30310020446778,74.30310020446778,72.49082946777344,72.49082946777344,17500,0.0,0.0
2002-10-21 00:00:00+09:00,72.67204284667969,74.3030890297103,72.67204284667969,72.67204284667969,0,0.0,0.0
2002-10-22 00:00:00+09:00,74.30310020446778,74.30310020446778,72.49082946777344,72.49082946777344,10000,0.0,0.0
2002-10-23 00:00:00+09:00,74.3030926739728,74.3030926739728,73.39695739746094,73.39695739746094,5000,0.0,0.0
2002-10-24 00:00:00+09:00,72.85327583649546,73.03450012207031,72.85327583649546,73.03450012207031,5000,0.0,0.0
2002-10-25 00:00:00+09:00,73.7593994140625,74.30307909798064,73.7593994140625,73.7593994140625,10000,0.0,0.0
2002-10-28 00:00:00+09:00,74.48433254323417,74.48433254323417,74.30310821533203,74.30310821533203,5000,0.0,0.0
2002-10-29 00:00:00+09:00,74.48433254323417,74.48433254323417,74.30310821533203,74.30310821533203,5000,0.0,0.0
2002-10-30 00:00:00+09:00,73.94064331054688,73.94064331054688,73.94064331054688,73.94064331054688,5000,0.0,0.0
2002-10-31 00:00:00+09:00,73.3969556064834,73.3969556064834,73.03450012207031,73.03450012207031,5000,0.0,0.0
2002-11-01 00:00:00+09:00,73.7593994140625,73.7593994140625,73.7593994140625,73.7593994140625,2500,0.0,0.0
2002-11-04 00:00:00+09:00,73.7593994140625,73.7593994140625,73.7593994140625,73.7593994140625,0,0.0,0.0
2002-11-05 00:00:00+09:00,74.30310821533203,74.30310821533203,74.30310821533203,74.30310821533203,2500,0.0,0.0
2002-11-06 00:00:00+09:00,75.20921325683594,75.20921325683594,75.20921325683594,75.20921325683594,2500,0.0,0.0
2002-11-07 00:00:00+09:00,75.57166867928035,75.57166867928035,75.20921325683594,75.20921325683594,7500,0.0,0.0
2002-11-08 00:00:00+09:00,75.75291442871094,75.75291442871094,75.75291442871094,75.75291442871094,2500,0.0,0.0
2002-11-11 00:00:00+09:00,76.11536407470703,80.6460405077253,76.11536407470703,76.11536407470703,0,0.0,0.0
2002-11-12 00:00:00+09:00,76.65904235839844,76.65904235839844,76.65904235839844,76.65904235839844,5000,0.0,0.0
2002-11-13 00:00:00+09:00,77.02149200439453,77.92762720444622,77.02149200439453,77.02149200439453,0,0.0,0.0
2002-11-14 00:00:00+09:00,77.9276351928711,77.9276351928711,77.9276351928711,77.9276351928711,10000,0.0,0.0
2002-11-15 00:00:00+09:00,78.65252464880847,80.6460189819336,78.65252464880847,80.6460189819336,30000,0.0,0.0
2002-11-18 00:00:00+09:00,81.55219268798828,82.09587258992185,80.6460572136773,81.55219268798828,37500,0.0,0.0
2002-11-19 00:00:00+09:00,81.55219268798828,81.55219268798828,79.73992173936631,81.55219268798828,60000,0.0,0.0
2002-11-20 00:00:00+09:00,80.646033893932,80.646033893932,79.73989868164062,79.73989868164062,7500,0.0,0.0
2002-11-21 00:00:00+09:00,80.646033893932,80.646033893932,79.73989868164062,79.73989868164062,17500,0.0,0.0
2002-11-22 00:00:00+09:00,80.6460572136773,81.55219268798828,80.6460572136773,81.55219268798828,22500,0.0,0.0
2002-11-25 00:00:00+09:00,81.55219268798828,81.55219268798828,81.55219268798828,81.55219268798828,5000,0.0,0.0
2002-11-26 00:00:00+09:00,81.55219268798828,81.55219268798828,81.55219268798828,81.55219268798828,10000,0.0,0.0
2002-11-27 00:00:00+09:00,81.55216910622336,81.55216910622336,79.73989868164062,79.73989868164062,10000,0.0,0.0
2002-11-28 00:00:00+09:00,81.55219268798828,81.55219268798828,81.55219268798828,81.55219268798828,10000,0.0,0.0
2002-11-29 00:00:00+09:00,81.55217159655797,81.91462707519531,80.82726063928327,81.91462707519531,17500,0.0,0.0
2002-12-02 00:00:00+09:00,81.91462707519531,81.91462707519531,81.91462707519531,81.91462707519531,0,0.0,0.0
2002-12-03 00:00:00+09:00,81.73341701754445,81.73341701754445,81.55219268798828,81.55219268798828,7500,0.0,0.0
2002-12-04 00:00:00+09:00,81.73341701754445,81.73341701754445,81.55219268798828,81.55219268798828,10000,0.0,0.0
2002-12-05 00:00:00+09:00,83.36444091796875,83.36444091796875,83.36444091796875,83.36444091796875,5000,0.0,0.0
2002-12-06 00:00:00+09:00,83.72688293457031,84.81424226734235,83.72688293457031,83.72688293457031,12500,0.0,0.0
2002-12-09 00:00:00+09:00,81.55219268798828,85.1767345852322,81.55219268798828,81.55219268798828,0,0.0,0.0
2002-12-10 00:00:00+09:00,83.36444091796875,83.36444091796875,83.36444091796875,83.36444091796875,2500,0.0,0.0
2002-12-11 00:00:00+09:00,84.27059775573531,84.81427764892578,84.27059775573531,84.81427764892578,17500,0.0,0.0
2002-12-12 00:00:00+09:00,85.35794396333996,85.5391751744164,85.17671966552734,85.17671966552734,17500,0.0,0.0
2002-12-13 00:00:00+09:00,83.90811157226562,84.9954778751464,83.90811157226562,83.90811157226562,0,0.0,0.0
2002-12-16 00:00:00+09:00,84.99549536771474,85.17671966552734,84.99549536771474,85.17671966552734,22500,0.0,0.0
2002-12-17 00:00:00+09:00,85.35793663963406,86.08284759521484,85.35793663963406,86.08284759521484,12500,0.0,0.0
2002-12-18 00:00:00+09:00,87.1702013209986,90.61351776123047,87.1702013209986,90.61351776123047,27500,0.0,0.0
2002-12-19 00:00:00+09:00,90.06983765430462,90.06983765430462,88.076336124077,89.70738220214844,10000,0.0,0.0
2002-12-20 00:00:00+09:00,86.98898315429688,88.80125363667806,86.98898315429688,86.98898315429688,0,0.0,0.0
2002-12-23 00:00:00+09:00,86.98898315429688,86.98898315429688,86.98898315429688,86.98898315429688,0,0.0,0.0
2002-12-24 00:00:00+09:00,87.17021356278374,88.07634886764954,87.17021356278374,87.53266906738281,22500,0.0,0.0
2002-12-25 00:00:00+09:00,87.8951187133789,87.8951187133789,87.8951187133789,87.8951187133789,22500,0.0,0.0
2002-12-26 00:00:00+09:00,87.8951187133789,87.8951187133789,87.8951187133789,87.8951187133789,5000,0.0,0.0
2002-12-27 00:00:00+09:00,86.98898346891109,87.8951187133789,86.98898346891109,87.8951187133789,22500,0.0,0.0
2002-12-30 00:00:00+09:00,87.8951187133789,87.8951187133789,87.8951187133789,87.8951187133789,5000,0.0,0.0
2002-12-31 00:00:00+09:00,87.8951187133789,87.8951187133789,87.8951187133789,87.8951187133789,0,0.0,0.0
2003-01-01 00:00:00+09:00,87.8951187133789,87.8951187133789,87.8951187133789,87.8951187133789,0,0.0,0.0
2003-01-02 00:00:00+09:00,87.8951187133789,87.8951187133789,87.8951187133789,87.8951187133789,0,0.0,0.0
2003-01-03 00:00:00+09:00,87.8951187133789,87.8951187133789,87.8951187133789,87.8951187133789,0,0.0,0.0
2003-01-06 00:00:00+09:00,87.3514404296875,89.70739072257726,87.3514404296875,87.3514404296875,0,0.0,0.0
2003-01-07 00:00:00+09:00,89.70738220214844,89.70738220214844,89.70738220214844,89.70738220214844,5000,0.0,0.0
2003-01-08 00:00:00+09:00,89.52617645263672,89.52617645263672,89.52617645263672,89.52617645263672,2500,0.0,0.0
2003-01-09 00:00:00+09:00,87.8951187133789,89.5261649187263,87.8951187133789,87.8951187133789,0,0.0,0.0
2003-01-10 00:00:00+09:00,88.07637023925781,89.52619260945144,88.07637023925781,88.07637023925781,0,0.0,0.0
2003-01-13 00:00:00+09:00,88.07637023925781,88.07637023925781,88.07637023925781,88.07637023925781,0,0.0,0.0
2003-01-14 00:00:00+09:00,89.70739417560314,89.88861846923828,89.70739417560314,89.88861846923828,7500,0.0,0.0
2003-01-15 00:00:00+09:00,89.70738220214844,89.70738220214844,89.70738220214844,89.70738220214844,10000,0.0,0.0
2003-01-16 00:00:00+09:00,89.70738220214844,89.70738220214844,89.70738220214844,89.70738220214844,2500,0.0,0.0
2003-01-17 00:00:00+09:00,89.70738920231456,89.70738920231456,87.8951187133789,87.8951187133789,5000,0.0,0.0
2003-01-20 00:00:00+09:00,89.70738220214844,89.70738220214844,89.70738220214844,89.70738220214844,12500,0.0,0.0
2003-01-21 00:00:00+09:00,89.52617645263672,89.52617645263672,89.52617645263672,89.52617645263672,2500,0.0,0.0
2003-01-22 00:00:00+09:00,89.34493867506917,89.88861846923828,89.34493867506917,89.88861846923828,27500,0.0,0.0
2003-01-23 00:00:00+09:00,88.80126953125,88.80126953125,88.80126953125,88.80126953125,5000,0.0,0.0
2003-01-24 00:00:00+09:00,88.98248291015625,88.98248291015625,88.98248291015625,88.98248291015625,7500,0.0,0.0
2003-01-27 00:00:00+09:00,90.79474203144783,91.33842866862541,90.61351776123047,90.61351776123047,12500,0.0,0.0
2003-01-28 00:00:00+09:00,89.88861846923828,89.88861846923828,89.88861846923828,89.88861846923828,2500,0.0,0.0
2003-01-29 00:00:00+09:00,89.88861846923828,89.88861846923828,89.88861846923828,89.88861846923828,2500,0.0,0.0
2003-01-30 00:00:00+09:00,89.88861846923828,89.88861846923828,89.88861846923828,89.88861846923828,5000,0.0,0.0
2003-01-31 00:00:00+09:00,89.88861231308675,89.88861231308675,89.34493255615234,89.34493255615234,12500,0.0,0.0
2003-02-03 00:00:00+09:00,90.25107370162411,90.25107370162411,88.98248291015625,88.98248291015625,10000,0.0,0.0
2003-02-04 00:00:00+09:00,88.98248291015625,88.98248291015625,88.98248291015625,88.98248291015625,5000,0.0,0.0
2003-02-05 00:00:00+09:00,88.98248291015625,88.98248291015625,88.98248291015625,88.98248291015625,7500,0.0,0.0
2003-02-06 00:00:00+09:00,88.98248291015625,88.98248291015625,88.98248291015625,88.98248291015625,5000,0.0,0.0
2003-02-07 00:00:00+09:00,88.98248291015625,88.98248291015625,88.98248291015625,88.98248291015625,2500,0.0,0.0
2003-02-10 00:00:00+09:00,89.70738220214844,89.70738220214844,89.70738220214844,89.70738220214844,2500,0.0,0.0
2003-02-11 00:00:00+09:00,89.70738220214844,89.70738220214844,89.70738220214844,89.70738220214844,0,0.0,0.0
2003-02-12 00:00:00+09:00,89.16370391845703,89.16370391845703,89.16370391845703,89.16370391845703,5000,0.0,0.0
2003-02-13 00:00:00+09:00,88.98248291015625,88.98248291015625,88.98248291015625,88.98248291015625,10000,0.0,0.0
2003-02-14 00:00:00+09:00,88.98247488584434,90.43229675292969,88.98247488584434,90.43229675292969,7500,0.0,0.0
2003-02-17 00:00:00+09:00,90.4323166320146,92.42581176757812,90.4323166320146,92.42581176757812,15000,0.0,0.0
2003-02-18 00:00:00+09:00,92.42577032994706,94.05681610107422,92.42577032994706,94.05681610107422,5000,0.0,0.0
2003-02-19 00:00:00+09:00,90.61351776123047,94.23805847167968,90.61351776123047,90.61351776123047,0,0.0,0.0
2003-02-20 00:00:00+09:00,92.42581176757812,92.42581176757812,92.42581176757812,92.42581176757812,2500,0.0,0.0
2003-02-21 00:00:00+09:00,93.33193236130934,94.23806762695312,93.33193236130934,94.23806762695312,42500,0.0,0.0
2003-02-24 00:00:00+09:00,93.87562561035156,93.87562561035156,93.87562561035156,93.87562561035156,7500,0.0,0.0
2003-02-25 00:00:00+09:00,93.87562561035156,93.87562561035156,93.87562561035156,93.87562561035156,7500,0.0,0.0
2003-02-26 00:00:00+09:00,93.87562561035156,93.87562561035156,93.87562561035156,93.87562561035156,0,0.0,0.0
2003-02-27 00:00:00+09:00,92.42581176757812,92.42581176757812,92.42581176757812,92.42581176757812,5000,0.0,0.0
2003-02-28 00:00:00+09:00,92.42578811645508,92.42578811645508,90.61351776123047,90.61351776123047,5000,0.0,0.0
2003-03-03 00:00:00+09:00,92.42581176757812,92.42581176757812,92.42581176757812,92.42581176757812,12500,0.0,0.0
2003-03-04 00:00:00+09:00,88.80126953125,93.33194654815051,88.80126953125,88.80126953125,0,0.0,0.0
2003-03-05 00:00:00+09:00,89.70738220214844,94.23805807094382,89.70738220214844,89.70738220214844,0,0.0,0.0
2003-03-06 00:00:00+09:00,92.42581176757812,92.96949163061686,92.42581176757812,92.42581176757812,0,0.0,0.0
2003-03-07 00:00:00+09:00,90.61351776123047,90.61351776123047,90.61351776123047,90.61351776123047,2500,0.0,0.0
2003-03-10 00:00:00+09:00,91.51965293884277,91.51965293884277,90.61351776123047,90.61351776123047,12500,0.0,0.0
2003-03-11 00:00:00+09:00,90.61351776123047,90.61351776123047,90.61351776123047,90.61351776123047,10000,0.0,0.0
2003-03-12 00:00:00+09:00,90.61351776123047,90.61351776123047,90.61351776123047,90.61351776123047,2500,0.0,0.0
2003-03-13 00:00:00+09:00,90.61351776123047,92.42578811645508,90.61351776123047,90.61351776123047,0,0.0,0.0
2003-03-14 00:00:00+09:00,90.61351776123047,90.61351776123047,90.61351776123047,90.61351776123047,12500,0.0,0.0
2003-03-17 00:00:00+09:00,90.61351776123047,90.61351776123047,90.61351776123047,90.61351776123047,12500,0.0,0.0
2003-03-18 00:00:00+09:00,90.61354094860602,92.42581176757812,90.61354094860602,92.42581176757812,5000,0.0,0.0
2003-03-19 00:00:00+09:00,90.61351776123047,94.23805847167968,90.61351776123047,90.61351776123047,0,0.0,0.0
2003-03-20 00:00:00+09:00,92.42581176757812,93.3319471770642,92.42581176757812,92.42581176757812,0,0.0,0.0
2003-03-21 00:00:00+09:00,92.42581176757812,92.42581176757812,92.42581176757812,92.42581176757812,0,0.0,0.0
2003-03-24 00:00:00+09:00,91.51967635809207,92.42581176757812,91.51967635809207,92.42581176757812,20000,0.0,0.0
2003-03-25 00:00:00+09:00,92.42581176757812,92.42581176757812,92.42581176757812,92.42581176757812,5000,0.0,0.0
2003-03-26 00:00:00+09:00,94.28174943134175,94.65293884277344,94.28174943134175,94.65293884277344,7500,4.8,0.0
2003-03-27 00:00:00+09:00,92.79698286906327,94.65292252644454,92.79698286906327,93.7249526977539,35000,0.0,0.0
2003-03-28 00:00:00+09:00,93.7249526977539,93.7249526977539,93.7249526977539,93.7249526977539,2500,0.0,0.0
2003-03-31 00:00:00+09:00,94.65293884277344,94.65293884277344,94.65293884277344,94.65293884277344,2500,0.0,0.0
2003-04-01 00:00:00+09:00,78.13506317138672,96.323278973807,78.13506317138672,78.13506317138672,0,0.0,0.0
2003-04-02 00:00:00+09:00,89.08512115478516,95.58091123898825,89.08512115478516,89.08512115478516,0,0.0,0.0
2003-04-03 00:00:00+09:00,89.08512115478516,96.32329008055119,89.08512115478516,89.08512115478516,0,0.0,0.0
2003-04-04 00:00:00+09:00,89.08512115478516,96.32329008055119,89.08512115478516,89.08512115478516,0,0.0,0.0
2003-04-07 00:00:00+09:00,91.68343771101824,94.65293884277344,91.68343771101824,94.65293884277344,5000,0.0,0.0
2003-04-08 00:00:00+09:00,96.50887882008271,96.50887882008271,94.65293884277344,94.65293884277344,10000,0.0,0.0
2003-04-09 00:00:00+09:00,94.65291706566671,95.58088684082031,94.65291706566671,95.58088684082031,17500,0.0,0.0
2003-04-10 00:00:00+09:00,95.3952957177286,95.58088684082031,95.3952957177286,95.58088684082031,7500,0.0,0.0
2003-04-11 00:00:00+09:00,95.58088684082031,95.58088684082031,95.58088684082031,95.58088684082031,2500,0.0,0.0
2003-04-14 00:00:00+09:00,92.79698181152344,94.65292144775391,92.79698181152344,92.79698181152344,0,0.0,0.0
2003-04-15 00:00:00+09:00,93.7249526977539,94.65292252644454,93.7249526977539,93.7249526977539,0,0.0,0.0
2003-04-16 00:00:00+09:00,94.65293884277344,94.65293884277344,94.65293884277344,94.65293884277344,2500,0.0,0.0
2003-04-17 00:00:00+09:00,94.65293884277344,94.65293884277344,94.65293884277344,94.65293884277344,2500,0.0,0.0
2003-04-18 00:00:00+09:00,93.7249526977539,93.7249526977539,93.7249526977539,93.7249526977539,2500,0.0,0.0
2003-04-21 00:00:00+09:00,92.79699886546415,94.65293884277344,92.79699886546415,94.65293884277344,7500,0.0,0.0
2003-04-22 00:00:00+09:00,94.65293884277344,94.65293884277344,94.65293884277344,94.65293884277344,2500,0.0,0.0
2003-04-23 00:00:00+09:00,94.65292144775391,94.65292144775391,92.79698181152344,92.79698181152344,7500,0.0,0.0
2003-04-24 00:00:00+09:00,94.65293884277344,94.65293884277344,94.65293884277344,94.65293884277344,5000,0.0,0.0
2003-04-25 00:00:00+09:00,94.65293884277344,94.65293884277344,94.65293884277344,94.65293884277344,2500,0.0,0.0
2003-04-28 00:00:00+09:00,92.98255920410156,95.39528603857487,92.98255920410156,92.98255920410156,0,0.0,0.0
2003-04-29 00:00:00+09:00,92.98255920410156,92.98255920410156,92.98255920410156,92.98255920410156,0,0.0,0.0
2003-04-30 00:00:00+09:00,94.65293884277344,94.65293884277344,94.65293884277344,94.65293884277344,2500,0.0,0.0
2003-05-01 00:00:00+09:00,95.58088684082031,95.58088684082031,95.58088684082031,95.58088684082031,2500,0.0,0.0
2003-05-02 00:00:00+09:00,94.65293884277344,95.58090883142808,94.65293884277344,94.65293884277344,0,0.0,0.0
2003-05-05 00:00:00+09:00,94.65293884277344,94.65293884277344,94.65293884277344,94.65293884277344,0,0.0,0.0
2003-05-06 00:00:00+09:00,94.65293884277344,95.58090883142808,94.65293884277344,94.65293884277344,0,0.0,0.0
2003-05-07 00:00:00+09:00,94.83851829339935,95.20970765897894,94.83851829339935,95.02411651611328,10000,0.0,0.0
2003-05-08 00:00:00+09:00,94.65293884277344,94.65293884277344,94.65293884277344,94.65293884277344,2500,0.0,0.0
2003-05-09 00:00:00+09:00,94.65293884277344,94.65293884277344,94.65293884277344,94.65293884277344,2500,0.0,0.0
2003-05-12 00:00:00+09:00,94.65293884277344,94.65293884277344,94.65293884277344,94.65293884277344,5000,0.0,0.0
2003-05-13 00:00:00+09:00,92.79698181152344,95.58089126586914,92.79698181152344,92.79698181152344,0,0.0,0.0
2003-05-14 00:00:00+09:00,92.79698181152344,95.58089126586914,92.79698181152344,92.79698181152344,0,0.0,0.0
2003-05-15 00:00:00+09:00,94.09615325927734,95.58090374616057,94.09615325927734,94.09615325927734,0,0.0,0.0
2003-05-16 00:00:00+09:00,95.58088684082031,95.58088684082031,95.58088684082031,95.58088684082031,2500,0.0,0.0
2003-05-19 00:00:00+09:00,97.2512714069639,97.80805206298828,97.2512714069639,97.80805206298828,15000,0.0,0.0
2003-05-20 00:00:00+09:00,98.36480712890625,98.36480712890625,97.43683725033166,98.36480712890625,10000,0.0,0.0
2003-05-21 00:00:00+09:00,99.47837271512684,99.66397094726562,99.47837271512684,99.66397094726562,5000,0.0,0.0
2003-05-22 00:00:00+09:00,99.66393647637663,100.03512573242188,99.66393647637663,100.03512573242188,7500,0.0,0.0
2003-05-23 00:00:00+09:00,100.03512758321813,100.03512758321813,99.47834014892578,99.47834014892578,15000,0.0,0.0
2003-05-26 00:00:00+09:00,100.22076416015625,100.22076416015625,100.22076416015625,100.22076416015625,2500,0.0,0.0
2003-05-27 00:00:00+09:00,102.07666778564453,102.07666778564453,102.07666778564453,102.07666778564453,2500,0.0,0.0
2003-05-28 00:00:00+09:00,100.22076416015625,103.93264431423611,100.22076416015625,100.22076416015625,0,0.0,0.0
2003-05-29 00:00:00+09:00,102.07666778564453,102.07666778564453,102.07666778564453,102.07666778564453,2500,0.0,0.0
2003-05-30 00:00:00+09:00,100.22076416015625,103.93264431423611,100.22076416015625,100.22076416015625,0,0.0,0.0
2003-06-02 00:00:00+09:00,100.22076416015625,102.07670423719618,100.22076416015625,100.22076416015625,0,0.0,0.0
2003-06-03 00:00:00+09:00,100.22076416015625,100.22076416015625,100.22076416015625,100.22076416015625,7500,0.0,0.0
2003-06-04 00:00:00+09:00,101.14871978759766,102.07668969390589,101.14871978759766,101.14871978759766,0,0.0,0.0
2003-06-05 00:00:00+09:00,102.07667583637938,102.07667583637938,101.33429718017578,101.33429718017578,12500,0.0,0.0
2003-06-06 00:00:00+09:00,101.70550537109375,110.4284243399686,101.70550537109375,101.70550537109375,0,0.0,0.0
2003-06-09 00:00:00+09:00,102.07666778564453,105.97413772370307,102.07666778564453,102.07666778564453,0,0.0,0.0
2003-06-10 00:00:00+09:00,102.07666778564453,105.78854661421343,102.07666778564453,102.07666778564453,0,0.0,0.0
2003-06-11 00:00:00+09:00,103.00466918945312,103.00466918945312,103.00466918945312,103.00466918945312,2500,0.0,0.0
2003-06-12 00:00:00+09:00,103.74704890748815,105.78858007703509,103.74704890748815,103.9326400756836,62500,0.0,0.0
2003-06-13 00:00:00+09:00,105.78857421875,106.53095301011936,105.78857421875,105.78857421875,0,0.0,0.0
2003-06-16 00:00:00+09:00,106.716552734375,106.716552734375,106.716552734375,106.716552734375,2500,0.0,0.0
2003-06-17 00:00:00+09:00,107.64449310302734,107.64449310302734,107.64449310302734,107.64449310302734,2500,0.0,0.0
2003-06-18 00:00:00+09:00,105.78857421875,105.78857421875,105.78857421875,105.78857421875,5000,0.0,0.0
2003-06-19 00:00:00+09:00,105.78857421875,115.06827371162281,105.78857421875,105.78857421875,0,0.0,0.0
2003-06-20 00:00:00+09:00,105.78857421875,115.06827371162281,105.78857421875,105.78857421875,0,0.0,0.0
2003-06-23 00:00:00+09:00,106.716552734375,115.06828294836956,106.716552734375,106.716552734375,0,0.0,0.0
2003-06-24 00:00:00+09:00,106.90211486816406,111.35637260427403,106.90211486816406,106.90211486816406,0,0.0,0.0
2003-06-25 00:00:00+09:00,106.716552734375,106.716552734375,106.716552734375,106.716552734375,10000,0.0,0.0
2003-06-26 00:00:00+09:00,108.20130920410156,108.20130920410156,108.20130920410156,108.20130920410156,2500,0.0,0.0
2003-06-27 00:00:00+09:00,106.90211486816406,109.314841938468,106.90211486816406,106.90211486816406,0,0.0,0.0
2003-06-30 00:00:00+09:00,110.79962158203125,110.79962158203125,110.79962158203125,110.79962158203125,2500,0.0,0.0
2003-07-01 00:00:00+09:00,112.0987564032524,112.28434753417969,112.0987564032524,112.28434753417969,10000,0.0,0.0
2003-07-02 00:00:00+09:00,113.58353160008764,114.14031219482422,113.58353160008764,114.14031219482422,12500,0.0,0.0
2003-07-03 00:00:00+09:00,114.14031219482422,114.14031219482422,114.14031219482422,114.14031219482422,2500,0.0,0.0
2003-07-04 00:00:00+09:00,114.14030170440674,114.14030170440674,111.35639190673828,111.35639190673828,5000,0.0,0.0
2003-07-07 00:00:00+09:00,114.14031219482422,114.14031219482422,114.14031219482422,114.14031219482422,5000,0.0,0.0
2003-07-08 00:00:00+09:00,113.21231842041016,113.21231842041016,113.21231842041016,113.21231842041016,7500,0.0,0.0
2003-07-09 00:00:00+09:00,114.14031219482422,114.14031219482422,114.14031219482422,114.14031219482422,2500,0.0,0.0
2003-07-10 00:00:00+09:00,112.28434753417969,114.1402871628438,112.28434753417969,112.28434753417969,0,0.0,0.0
2003-07-11 00:00:00+09:00,111.541993312921,114.14031219482422,111.541993312921,114.14031219482422,7500,0.0,0.0
2003-07-14 00:00:00+09:00,114.14030548834032,115.06827545166016,114.14030548834032,115.06827545166016,7500,0.0,0.0
2003-07-15 00:00:00+09:00,115.99624541498,115.99624541498,114.14030548834032,115.06827545166016,12500,0.0,0.0
2003-07-16 00:00:00+09:00,122.49201628741096,126.20389556884766,121.5640464670518,126.20389556884766,20000,0.0,0.0
2003-07-17 00:00:00+09:00,125.83271330458228,126.20389556884766,125.83271330458228,126.20389556884766,12500,0.0,0.0
2003-07-18 00:00:00+09:00,120.63610076904297,120.63610076904297,120.63610076904297,120.63610076904297,5000,0.0,0.0
2003-07-21 00:00:00+09:00,120.63610076904297,120.63610076904297,120.63610076904297,120.63610076904297,0,0.0,0.0
2003-07-22 00:00:00+09:00,120.6361016597047,120.6361016597047,118.22338104248047,118.22338104248047,10000,0.0,0.0
2003-07-23 00:00:00+09:00,113.3979263305664,120.63609485372977,113.3979263305664,113.3979263305664,0,0.0,0.0
2003-07-24 00:00:00+09:00,116.9241943359375,122.49201311383929,116.9241943359375,116.9241943359375,17500,0.0,0.0
2003-07-25 00:00:00+09:00,116.9241943359375,122.49201311383929,116.9241943359375,116.9241943359375,0,0.0,0.0
2003-07-28 00:00:00+09:00,121.56404876708984,121.56404876708984,121.56404876708984,121.56404876708984,7500,0.0,0.0
2003-07-29 00:00:00+09:00,122.49201965332031,122.49201965332031,122.49201965332031,122.49201965332031,5000,0.0,0.0
2003-07-30 00:00:00+09:00,123.6055679321289,123.6055679321289,123.6055679321289,123.6055679321289,2500,0.0,0.0
2003-07-31 00:00:00+09:00,122.30638885498047,122.30638885498047,122.30638885498047,122.30638885498047,2500,0.0,0.0
2003-08-01 00:00:00+09:00,122.49201965332031,122.49201965332031,118.78014026988636,122.49201965332031,15000,0.0,0.0
2003-08-04 00:00:00+09:00,120.63610076904297,123.42001078679012,120.63610076904297,120.63610076904297,0,0.0,0.0
2003-08-05 00:00:00+09:00,115.99624633789062,123.23441494131461,115.99624633789062,115.99624633789062,0,0.0,0.0
2003-08-06 00:00:00+09:00,115.99624633789062,123.23441494131461,115.99624633789062,115.99624633789062,0,0.0,0.0
2003-08-07 00:00:00+09:00,123.048828125,123.048828125,123.048828125,123.048828125,2500,0.0,0.0
2003-08-08 00:00:00+09:00,123.23438262939453,123.23438262939453,123.23438262939453,123.23438262939453,7500,0.0,0.0
2003-08-11 00:00:00+09:00,120.63610076904297,120.63610076904297,120.63610076904297,120.63610076904297,2500,0.0,0.0
2003-08-12 00:00:00+09:00,120.63610076904297,120.63610076904297,120.63610076904297,120.63610076904297,2500,0.0,0.0
2003-08-13 00:00:00+09:00,120.63606456076232,123.23438262939453,120.63606456076232,123.23438262939453,10000,0.0,0.0
2003-08-14 00:00:00+09:00,123.41998291015625,123.41998291015625,123.41998291015625,123.41998291015625,2500,0.0,0.0
2003-08-15 00:00:00+09:00,116.9241943359375,124.34795270647322,116.9241943359375,116.9241943359375,0,0.0,0.0
2003-08-18 00:00:00+09:00,122.49201965332031,122.49201965332031,122.49201965332031,122.49201965332031,5000,0.0,0.0
2003-08-19 00:00:00+09:00,123.41998291015625,123.41998291015625,123.41998291015625,123.41998291015625,7500,0.0,0.0
2003-08-20 00:00:00+09:00,120.63610076904297,120.63610076904297,118.78016075721153,120.63610076904297,10000,0.0,0.0
2003-08-21 00:00:00+09:00,120.82164764404297,120.82164764404297,120.82164764404297,120.82164764404297,5000,0.0,0.0
2003-08-22 00:00:00+09:00,122.4920206124719,122.4920206124719,121.00726318359375,121.00726318359375,10000,0.0,0.0
2003-08-25 00:00:00+09:00,122.30638885498047,122.30638885498047,122.30638885498047,122.30638885498047,2500,0.0,0.0
2003-08-26 00:00:00+09:00,122.49201965332031,122.49201965332031,122.49201965332031,122.49201965332031,7500,0.0,0.0
2003-08-27 00:00:00+09:00,122.67763162778986,123.048828125,122.67763162778986,123.048828125,5000,0.0,0.0
2003-08-28 00:00:00+09:00,124.34796142578125,124.34796142578125,123.97677914510523,124.34796142578125,22500,0.0,0.0
2003-08-29 00:00:00+09:00,126.01834050317984,132.69972229003906,126.01834050317984,132.69972229003906,10000,0.0,0.0
2003-09-01 00:00:00+09:00,132.51409406932524,135.48359468248154,131.77171537611218,133.62765502929688,32500,0.0,0.0
2003-09-02 00:00:00+09:00,130.1013946533203,133.62768357972504,130.1013946533203,130.1013946533203,0,0.0,0.0
2003-09-03 00:00:00+09:00,129.91577485028435,129.91577485028435,126.20389556884766,126.20389556884766,5000,0.0,0.0
2003-09-04 00:00:00+09:00,126.57505798339844,129.91575447667609,126.57505798339844,126.57505798339844,0,0.0,0.0
2003-09-05 00:00:00+09:00,126.38946688037046,126.57505798339844,126.38946688037046,126.57505798339844,10000,0.0,0.0
2003-09-08 00:00:00+09:00,129.91577485028435,130.84374467064353,126.20389556884766,126.20389556884766,7500,0.0,0.0
2003-09-09 00:00:00+09:00,126.20390218098959,126.20390218098959,125.27593231201172,125.27593231201172,7500,0.0,0.0
2003-09-10 00:00:00+09:00,128.9877865382603,129.91575622558594,128.9877865382603,129.91575622558594,5000,0.0,0.0
2003-09-11 00:00:00+09:00,129.91579112026488,129.91579112026488,125.46153259277344,125.46153259277344,7500,0.0,0.0
2003-09-12 00:00:00+09:00,125.83269526523071,129.91575622558594,125.27590778895787,129.91575622558594,12500,0.0,0.0
2003-09-15 00:00:00+09:00,129.91575622558594,129.91575622558594,129.91575622558594,129.91575622558594,0,0.0,0.0
2003-09-16 00:00:00+09:00,129.91575622558594,129.91575622558594,129.91575622558594,129.91575622558594,7500,0.0,0.0
2003-09-17 00:00:00+09:00,131.77171537611218,133.62765502929688,129.91577572292752,133.62765502929688,15000,0.0,0.0
2003-09-18 00:00:00+09:00,133.44206389591758,133.62765502929688,133.44206389591758,133.62765502929688,5000,0.0,0.0
2003-09-19 00:00:00+09:00,135.48358154296875,135.48358154296875,135.48358154296875,135.48358154296875,2500,0.0,0.0
2003-09-22 00:00:00+09:00,131.77172139485677,139.1954803466797,131.77172139485677,139.1954803466797,15000,0.0,0.0
2003-09-23 00:00:00+09:00,139.1954803466797,139.1954803466797,139.1954803466797,139.1954803466797,0,0.0,0.0
2003-09-24 00:00:00+09:00,139.1954846235626,147.91839599609375,139.1954846235626,147.91839599609375,30000,0.0,0.0
2003-09-25 00:00:00+09:00,145.09193420410156,145.28036241225334,145.09193420410156,145.09193420410156,20000,4.8,0.0
2003-09-26 00:00:00+09:00,144.3382069953436,145.09193420410156,144.3382069953436,145.09193420410156,7500,0.0,0.0
2003-09-29 00:00:00+09:00,145.09189083701685,145.09189083701685,143.20758056640625,143.20758056640625,10000,0.0,0.0
2003-09-30 00:00:00+09:00,144.14976501464844,144.14976501464844,144.14976501464844,144.14976501464844,7500,0.0,0.0
2003-10-01 00:00:00+09:00,137.5546819574433,137.5546819574433,133.03233337402344,133.03233337402344,10000,0.0,0.0
2003-10-02 00:00:00+09:00,136.61251831054688,136.61251831054688,136.61251831054688,136.61251831054688,2500,0.0,0.0
2003-10-03 00:00:00+09:00,138.4968719482422,145.0919610886347,138.4968719482422,138.4968719482422,0,0.0,0.0
2003-10-06 00:00:00+09:00,145.09193420410156,145.09193420410156,145.09193420410156,145.09193420410156,2500,0.0,0.0
2003-10-07 00:00:00+09:00,145.09189083701685,145.09189083701685,143.20758056640625,143.20758056640625,12500,0.0,0.0
2003-10-08 00:00:00+09:00,143.20762337028205,145.09193420410156,141.32331253646257,145.09193420410156,10000,0.0,0.0
2003-10-09 00:00:00+09:00,145.09189083701685,145.09189083701685,143.20758056640625,143.20758056640625,7500,0.0,0.0
2003-10-10 00:00:00+09:00,145.09191093444824,150.74484252929688,145.09191093444824,150.74484252929688,35000,0.0,0.0
2003-10-13 00:00:00+09:00,150.74484252929688,150.74484252929688,150.74484252929688,150.74484252929688,0,0.0,0.0
2003-10-14 00:00:00+09:00,151.31015648603804,152.81759643554688,150.74485751987854,152.81759643554688,15000,0.0,0.0
2003-10-15 00:00:00+09:00,156.7746310368213,162.05070629454497,156.7746310368213,161.10855102539062,17500,0.0,0.0
2003-10-16 00:00:00+09:00,160.92013549804688,160.92013549804688,155.26720343869732,160.92013549804688,17500,0.0,0.0
2003-10-17 00:00:00+09:00,163.9350128173828,163.9350128173828,161.86227415124324,163.9350128173828,10000,0.0,0.0
2003-10-20 00:00:00+09:00,163.9350128173828,163.9350128173828,162.9928575713059,163.9350128173828,10000,0.0,0.0
2003-10-21 00:00:00+09:00,162.9928462531611,163.1812744140625,160.16638071119877,163.1812744140625,12500,0.0,0.0
2003-10-22 00:00:00+09:00,155.64407390624748,155.64407390624748,153.5713348388672,153.5713348388672,12500,0.0,0.0
2003-10-23 00:00:00+09:00,153.19443075110107,153.19443075110107,143.20758056640625,143.20758056640625,32500,0.0,0.0
2003-10-24 00:00:00+09:00,145.0919012191117,153.38286987829042,145.0919012191117,149.0489501953125,30000,0.0,0.0
2003-10-27 00:00:00+09:00,149.0489501953125,156.39776365176974,149.0489501953125,149.0489501953125,0,0.0,0.0
2003-10-28 00:00:00+09:00,154.51347789851886,157.90524291992188,154.51347789851886,157.90524291992188,5000,0.0,0.0
2003-10-29 00:00:00+09:00,154.70189893979395,156.3977813720703,154.70189893979395,156.3977813720703,5000,0.0,0.0
2003-10-30 00:00:00+09:00,156.3977813720703,156.3977813720703,156.3977813720703,156.3977813720703,2500,0.0,0.0
2003-10-31 00:00:00+09:00,155.0788116455078,155.0788116455078,155.0788116455078,155.0788116455078,2500,0.0,0.0
2003-11-03 00:00:00+09:00,155.0788116455078,155.0788116455078,155.0788116455078,155.0788116455078,0,0.0,0.0
2003-11-04 00:00:00+09:00,158.0936638043467,158.0936638043467,155.4556260626,156.3977813720703,10000,0.0,0.0
2003-11-05 00:00:00+09:00,156.39777133640038,156.77462768554688,156.39777133640038,156.77462768554688,7500,0.0,0.0
2003-11-06 00:00:00+09:00,156.77462768554688,156.77462768554688,156.77462768554688,156.77462768554688,5000,0.0,0.0
2003-11-07 00:00:00+09:00,158.28211975097656,158.28211975097656,158.28211975097656,158.28211975097656,7500,0.0,0.0
2003-11-10 00:00:00+09:00,163.93509028508112,173.35664719801682,163.93509028508112,171.4723358154297,37500,0.0,0.0
2003-11-11 00:00:00+09:00,171.47228127337516,177.12521362304688,167.70365970692737,177.12521362304688,57500,0.0,0.0
2003-11-12 00:00:00+09:00,177.69051557121378,177.69051557121378,175.24090576171875,175.24090576171875,7500,0.0,0.0
2003-11-13 00:00:00+09:00,163.93509028508112,171.4723358154297,163.93509028508112,171.4723358154297,5000,0.0,0.0
2003-11-14 00:00:00+09:00,166.76150512695312,170.530126711743,166.76150512695312,166.76150512695312,0,0.0,0.0
2003-11-17 00:00:00+09:00,166.76152836999228,166.76152836999228,162.05075073242188,162.05075073242188,5000,0.0,0.0
2003-11-18 00:00:00+09:00,157.3399175158619,159.22422790527344,157.3399175158619,159.22422790527344,5000,0.0,0.0
2003-11-19 00:00:00+09:00,153.5713083267212,153.5713083267212,150.74484252929688,150.74484252929688,10000,0.0,0.0
2003-11-20 00:00:00+09:00,150.74485868566177,160.16641235351562,148.860547952091,160.16641235351562,10000,0.0,0.0
2003-11-21 00:00:00+09:00,157.3399658203125,157.3399658203125,157.3399658203125,157.3399658203125,2500,0.0,0.0
2003-11-24 00:00:00+09:00,157.3399658203125,157.3399658203125,157.3399658203125,157.3399658203125,0,0.0,0.0
2003-11-25 00:00:00+09:00,160.1663830999792,160.1663830999792,159.22422790527344,159.22422790527344,10000,0.0,0.0
2003-11-26 00:00:00+09:00,159.41268920898438,159.41268920898438,158.28210561553206,159.41268920898438,12500,0.0,0.0
2003-11-27 00:00:00+09:00,159.6011199951172,169.58797304724874,159.6011199951172,159.6011199951172,0,0.0,0.0
2003-11-28 00:00:00+09:00,160.16641235351562,160.16641235351562,160.16641235351562,160.16641235351562,2500,0.0,0.0
2003-12-01 00:00:00+09:00,162.050702325229,163.9350128173828,162.050702325229,163.9350128173828,7500,0.0,0.0
2003-12-02 00:00:00+09:00,165.8192901611328,165.8192901611328,165.8192901611328,165.8192901611328,2500,0.0,0.0
2003-12-03 00:00:00+09:00,167.70365617540148,169.5879669189453,167.70365617540148,169.5879669189453,10000,0.0,0.0
2003-12-04 00:00:00+09:00,177.12519428992147,179.95166015625,177.12519428992147,179.95166015625,12500,0.0,0.0
2003-12-05 00:00:00+09:00,179.76323197372454,179.95166015625,179.76323197372454,179.95166015625,5000,0.0,0.0
2003-12-08 00:00:00+09:00,180.14007568359375,180.14007568359375,180.14007568359375,180.14007568359375,5000,0.0,0.0
2003-12-09 00:00:00+09:00,181.8359884468714,182.2128448486328,181.8359884468714,182.2128448486328,7500,0.0,0.0
2003-12-10 00:00:00+09:00,184.6624298095703,186.54674031783122,181.83596404717892,184.6624298095703,15000,0.0,0.0
2003-12-11 00:00:00+09:00,179.19790649414062,183.7202540853162,179.19790649414062,179.19790649414062,0,0.0,0.0
2003-12-12 00:00:00+09:00,179.00952440627077,179.00952440627077,177.12521362304688,177.12521362304688,7500,0.0,0.0
2003-12-15 00:00:00+09:00,180.89380879304846,184.6624298095703,180.89380879304846,184.6624298095703,7500,0.0,0.0
2003-12-16 00:00:00+09:00,181.8360595703125,183.72037106845045,181.8360595703125,181.8360595703125,0,0.0,0.0
2003-12-17 00:00:00+09:00,182.58969244103497,183.72027587890625,182.58969244103497,183.72027587890625,12500,0.0,0.0
2003-12-18 00:00:00+09:00,184.28557478591608,188.4310521834936,183.72027587890625,183.72027587890625,25000,0.0,0.0
2003-12-19 00:00:00+09:00,188.43106760688252,188.43106760688252,183.90871910908743,185.79302978515625,25000,0.0,0.0
2003-12-22 00:00:00+09:00,188.24266309251541,188.43109130859375,188.24266309251541,188.43109130859375,15000,0.0,0.0
2003-12-23 00:00:00+09:00,188.43109130859375,188.43109130859375,188.43109130859375,188.43109130859375,0,0.0,0.0
2003-12-24 00:00:00+09:00,188.43108241997876,194.08401489257812,188.43108241997876,194.08401489257812,17500,0.0,0.0
2003-12-25 00:00:00+09:00,194.08399547230115,207.274169921875,194.08399547230115,207.274169921875,12500,0.0,0.0
2003-12-26 00:00:00+09:00,207.274169921875,207.274169921875,203.5055486505682,207.274169921875,17500,0.0,0.0
2003-12-29 00:00:00+09:00,207.274169921875,207.274169921875,207.274169921875,207.274169921875,7500,0.0,0.0
2003-12-30 00:00:00+09:00,214.8114776611328,216.6957888686866,214.8114776611328,214.8114776611328,12500,0.0,0.0
2003-12-31 00:00:00+09:00,214.8114776611328,214.8114776611328,214.8114776611328,214.8114776611328,0,0.0,0.0
2004-01-01 00:00:00+09:00,214.8114776611328,214.8114776611328,214.8114776611328,214.8114776611328,0,0.0,0.0
2004-01-02 00:00:00+09:00,214.8114776611328,214.8114776611328,214.8114776611328,214.8114776611328,0,0.0,0.0
2004-01-05 00:00:00+09:00,226.1173095703125,226.1173095703125,226.1173095703125,226.1173095703125,5000,0.0,0.0
2004-01-06 00:00:00+09:00,226.11733041158536,231.770263671875,226.11733041158536,231.770263671875,12500,0.0,0.0
2004-01-07 00:00:00+09:00,231.7702423095703,231.7702423095703,226.1173095703125,226.1173095703125,10000,0.0,0.0
2004-01-08 00:00:00+09:00,226.1173095703125,228.00162048339843,224.23299865722655,226.1173095703125,10000,0.0,0.0
2004-01-09 00:00:00+09:00,226.11734141474184,226.11734141474184,216.69578552246094,216.69578552246094,15000,0.0,0.0
2004-01-12 00:00:00+09:00,216.69578552246094,216.69578552246094,216.69578552246094,216.69578552246094,0,0.0,0.0
2004-01-13 00:00:00+09:00,218.58003373579547,218.58003373579547,205.3898592862216,207.274169921875,27500,0.0,0.0
2004-01-14 00:00:00+09:00,216.69578552246094,216.69578552246094,216.69578552246094,216.69578552246094,2500,0.0,0.0
2004-01-15 00:00:00+09:00,216.69578552246094,216.69578552246094,216.69578552246094,216.69578552246094,15000,0.0,0.0
2004-01-16 00:00:00+09:00,216.69578552246094,216.69578552246094,212.9271631655486,216.69578552246094,10000,0.0,0.0
2004-01-19 00:00:00+09:00,222.34867657801902,243.0760955810547,222.34867657801902,243.0760955810547,40000,0.0,0.0
2004-01-20 00:00:00+09:00,246.8446947128054,246.8446947128054,237.4231414794922,237.4231414794922,35000,0.0,0.0
2004-01-21 00:00:00+09:00,237.4231059551239,241.1917266845703,237.4231059551239,241.1917266845703,12500,0.0,0.0
2004-01-22 00:00:00+09:00,239.30750801892785,239.30750801892785,231.770263671875,231.770263671875,17500,0.0,0.0
2004-01-23 00:00:00+09:00,229.8859100341797,231.77022077216478,229.8859100341797,229.8859100341797,20000,0.0,0.0
2004-01-26 00:00:00+09:00,231.77022077216478,231.77022077216478,222.34866708223936,229.8859100341797,57500,0.0,0.0
2004-01-27 00:00:00+09:00,222.3487190578295,224.23303023628569,209.15854080863622,216.69578552246094,75000,0.0,0.0
2004-01-28 00:00:00+09:00,220.46441650390625,222.34872775607639,216.69579399956598,220.46441650390625,25000,0.0,0.0
2004-01-29 00:00:00+09:00,220.46441650390625,220.46441650390625,216.69579399956598,220.46441650390625,12500,0.0,0.0
2004-01-30 00:00:00+09:00,220.46441128379422,220.46441128379422,214.8114776611328,214.8114776611328,12500,0.0,0.0
2004-02-02 00:00:00+09:00,220.46441650390625,222.34872775607639,220.46441650390625,220.46441650390625,22500,0.0,0.0
2004-02-03 00:00:00+09:00,220.46441128379422,220.46441128379422,214.8114776611328,214.8114776611328,20000,0.0,0.0
2004-02-04 00:00:00+09:00,211.04283142089844,211.04283142089844,211.04283142089844,211.04283142089844,7500,0.0,0.0
2004-02-05 00:00:00+09:00,211.0427829438606,212.92709350585938,207.2741618198631,212.92709350585938,27500,0.0,0.0
2004-02-06 00:00:00+09:00,216.69572310014206,216.69572310014206,207.274169921875,207.274169921875,15000,0.0,0.0
2004-02-09 00:00:00+09:00,212.92714241572787,212.92714241572787,211.04283142089844,211.04283142089844,5000,0.0,0.0
2004-02-10 00:00:00+09:00,216.69578552246094,216.69578552246094,216.69578552246094,216.69578552246094,2500,0.0,0.0
2004-02-11 00:00:00+09:00,216.69578552246094,216.69578552246094,216.69578552246094,216.69578552246094,0,0.0,0.0
2004-02-12 00:00:00+09:00,216.69578552246094,216.69578552246094,216.69578552246094,216.69578552246094,2500,0.0,0.0
2004-02-13 00:00:00+09:00,212.92709350585938,216.69571462985687,211.0427829438606,212.92709350585938,52500,0.0,0.0
2004-02-16 00:00:00+09:00,212.92709350585938,212.92709350585938,207.2741618198631,212.92709350585938,30000,0.0,0.0
2004-02-17 00:00:00+09:00,209.15852042606897,211.04283142089844,209.15852042606897,211.04283142089844,10000,0.0,0.0
2004-02-18 00:00:00+09:00,212.92709350585938,212.92709350585938,211.0427829438606,212.92709350585938,72500,0.0,0.0
2004-02-19 00:00:00+09:00,212.92709350585938,212.92709350585938,209.15847238186186,212.92709350585938,47500,0.0,0.0
2004-02-20 00:00:00+09:00,212.92709350585938,212.92709350585938,212.92709350585938,212.92709350585938,2500,0.0,0.0
2004-02-23 00:00:00+09:00,211.0428345826295,211.0428345826295,209.1585235595703,209.1585235595703,12500,0.0,0.0
2004-02-24 00:00:00+09:00,209.1585235595703,209.1585235595703,209.1585235595703,209.1585235595703,10000,0.0,0.0
2004-02-25 00:00:00+09:00,209.1585235595703,209.1585235595703,209.1585235595703,209.1585235595703,5000,0.0,0.0
2004-02-26 00:00:00+09:00,209.1585235595703,212.92714560568868,209.1585235595703,209.1585235595703,35000,0.0,0.0
2004-02-27 00:00:00+09:00,207.27420943123954,211.04283142089844,207.27420943123954,211.04283142089844,7500,0.0,0.0
2004-03-01 00:00:00+09:00,212.92709350585938,212.92709350585938,212.92709350585938,212.92709350585938,17500,0.0,0.0
2004-03-02 00:00:00+09:00,212.92709350585938,216.69571462985687,212.92709350585938,212.92709350585938,55000,0.0,0.0
2004-03-03 00:00:00+09:00,212.92714241572787,212.92714241572787,211.04283142089844,211.04283142089844,15000,0.0,0.0
2004-03-04 00:00:00+09:00,212.92709350585938,212.92709350585938,211.0427829438606,212.92709350585938,27500,0.0,0.0
2004-03-05 00:00:00+09:00,212.92714241572787,212.92714241572787,211.04283142089844,211.04283142089844,20000,0.0,0.0
2004-03-08 00:00:00+09:00,212.92709350585938,212.92709350585938,211.0427829438606,212.92709350585938,27500,0.0,0.0
2004-03-09 00:00:00+09:00,212.92714241572787,212.92714241572787,211.04283142089844,211.04283142089844,7500,0.0,0.0
2004-03-10 00:00:00+09:00,212.92714241572787,222.34869738987513,211.04283142089844,211.04283142089844,92500,0.0,0.0
2004-03-11 00:00:00+09:00,214.81142684053782,228.00160217285156,214.81142684053782,228.00160217285156,52500,0.0,0.0
2004-03-12 00:00:00+09:00,229.8859100341797,231.77022077216478,224.23297782022445,229.8859100341797,17500,0.0,0.0
2004-03-15 00:00:00+09:00,233.65453151014984,233.65453151014984,228.0015992961946,229.8859100341797,40000,0.0,0.0
2004-03-16 00:00:00+09:00,233.65458233173075,244.96044921875,231.77027118389424,244.96044921875,40000,0.0,0.0
2004-03-17 00:00:00+09:00,244.96037024578067,252.4976124071893,244.96037024578067,246.8446807861328,32500,0.0,0.0
2004-03-18 00:00:00+09:00,244.96039593806032,244.96039593806032,229.8859100341797,229.8859100341797,37500,0.0,0.0
2004-03-19 00:00:00+09:00,231.770263671875,233.6545747586382,228.00164149834856,231.770263671875,15000,0.0,0.0
2004-03-22 00:00:00+09:00,235.53888259395475,235.53888259395475,233.65457153320312,233.65457153320312,17500,0.0,0.0
2004-03-23 00:00:00+09:00,233.6545747586382,233.6545747586382,231.770263671875,231.770263671875,42500,0.0,0.0
2004-03-24 00:00:00+09:00,231.77019206369954,239.30743408203125,231.77019206369954,239.30743408203125,17500,0.0,0.0
2004-03-25 00:00:00+09:00,237.42319365470638,237.42319365470638,231.77026047245147,233.65457153320312,22500,0.0,0.0
2004-03-26 00:00:00+09:00,229.82411193847656,229.82411193847656,227.90891100565594,229.82411193847656,12500,8.0,0.0
2004-03-29 00:00:00+09:00,227.90888648197569,227.90888648197569,222.1632843017578,222.1632843017578,42500,0.0,0.0
2004-03-30 00:00:00+09:00,222.1632963351118,237.4849029789126,222.1632963351118,235.5697021484375,62500,0.0,0.0
2004-03-31 00:00:00+09:00,233.65458764648437,241.31539379882813,233.65458764648437,239.4001922607422,42500,0.0,0.0
2004-04-01 00:00:00+09:00,239.4001007080078,248.97610473632812,237.48489990234376,248.97610473632812,75000,0.0,0.0
2004-04-02 00:00:00+09:00,243.23050231933595,248.97610473632812,239.4001007080078,248.97610473632812,37500,0.0,0.0
2004-04-05 00:00:00+09:00,247.06090393066407,250.8913055419922,241.3153015136719,248.97610473632812,85000,0.0,0.0
2004-04-06 00:00:00+09:00,248.97617832306892,248.97617832306892,237.48497009277344,237.48497009277344,22500,0.0,0.0
2004-04-07 00:00:00+09:00,245.145703125,248.97610473632812,241.3153015136719,248.97610473632812,40000,0.0,0.0
2004-04-08 00:00:00+09:00,248.97613178599963,254.72173482721502,247.06093077226117,252.80653381347656,55000,0.0,0.0
2004-04-09 00:00:00+09:00,248.97610473632812,252.80650634765627,243.23050231933595,248.97610473632812,40000,0.0,0.0
2004-04-12 00:00:00+09:00,248.9761629971591,273.873779296875,248.9761629971591,273.873779296875,80000,0.0,0.0
2004-04-13 00:00:00+09:00,281.53452118481596,312.177734375,277.7041195360429,312.177734375,85000,0.0,0.0
2004-04-14 00:00:00+09:00,316.0081907178535,350.4818115234375,316.0081907178535,350.4818115234375,177500,0.0,0.0
2004-04-15 00:00:00+09:00,384.9553433504971,384.9553433504971,312.17771624940815,316.00811767578125,152500,0.0,0.0
2004-04-16 00:00:00+09:00,327.4993518726246,354.3121643066406,321.7537492081926,354.3121643066406,90000,0.0,0.0
2004-04-19 00:00:00+09:00,365.80340132602424,365.80340132602424,317.9233749744504,329.4145812988281,85000,0.0,0.0
2004-04-20 00:00:00+09:00,321.7537353515625,327.4993377685547,304.516928100586,306.43212890625,40000,0.0,0.0
2004-04-21 00:00:00+09:00,300.6865721203032,329.4145885649182,300.6865721203032,321.7537841796875,50000,0.0,0.0
2004-04-22 00:00:00+09:00,329.41457194951226,331.32977294921875,327.49937094980584,331.32977294921875,55000,0.0,0.0
2004-04-23 00:00:00+09:00,327.49937094980584,331.32977294921875,327.49937094980584,331.32977294921875,22500,0.0,0.0
2004-04-26 00:00:00+09:00,331.32978966122585,331.32978966122585,321.7537841796875,321.7537841796875,20000,0.0,0.0
2004-04-27 00:00:00+09:00,312.1777879178167,319.8385925292969,312.1777879178167,319.8385925292969,30000,0.0,0.0
2004-04-28 00:00:00+09:00,325.5841517857143,337.0753571428572,325.5841517857143,335.16015625,70000,0.0,0.0
2004-04-29 00:00:00+09:00,335.16015625,335.16015625,335.16015625,335.16015625,0,0.0,0.0
2004-04-30 00:00:00+09:00,335.16017066107855,344.7361755371094,331.3297687106662,344.7361755371094,67500,0.0,0.0
2004-05-03 00:00:00+09:00,344.7361755371094,344.7361755371094,344.7361755371094,344.7361755371094,0,0.0,0.0
2004-05-04 00:00:00+09:00,344.7361755371094,344.7361755371094,344.7361755371094,344.7361755371094,0,0.0,0.0
2004-05-05 00:00:00+09:00,344.7361755371094,344.7361755371094,344.7361755371094,344.7361755371094,0,0.0,0.0
2004-05-06 00:00:00+09:00,356.22734985351565,402.1921691894531,356.22734985351565,402.1921691894531,97500,0.0,0.0
2004-05-07 00:00:00+09:00,417.51390369397376,421.344306480157,392.61628558378266,407.9378967285156,105000,0.0,0.0
2004-05-10 00:00:00+09:00,402.192209938358,402.192209938358,331.32977294921875,331.32977294921875,142500,0.0,0.0
2004-05-11 00:00:00+09:00,308.34736970413564,344.73618973133176,308.34736970413564,329.4145812988281,57500,0.0,0.0
2004-05-12 00:00:00+09:00,354.31214904785156,369.6337554931641,350.48174743652345,363.8881530761719,47500,0.0,0.0
2004-05-13 00:00:00+09:00,369.63382716910553,369.63382716910553,348.56661422164353,361.9730224609375,20000,0.0,0.0
2004-05-14 00:00:00+09:00,352.39703143084495,352.39703143084495,306.432201244213,310.2626037597656,57500,0.0,0.0
2004-05-17 00:00:00+09:00,316.00827572950675,319.83867907168263,252.80662058360542,256.63702392578125,172500,0.0,0.0
2004-05-18 00:00:00+09:00,256.6369680124563,283.4497855659965,252.80656550480768,273.873779296875,112500,0.0,0.0
2004-05-19 00:00:00+09:00,293.0257614423644,306.43216882861634,291.11056038718556,304.5169677734375,70000,0.0,0.0
2004-05-20 00:00:00+09:00,316.0081120778823,323.6689147949219,312.17771071936255,323.6689147949219,45000,0.0,0.0
2004-05-21 00:00:00+09:00,319.83858308337983,321.7537841796875,316.00818089076455,321.7537841796875,10000,0.0,0.0
2004-05-24 00:00:00+09:00,308.3473297119141,316.0081329345703,306.43212890625,306.43212890625,37500,0.0,0.0
2004-05-25 00:00:00+09:00,308.3473297119141,308.3473297119141,306.43212890625,306.43212890625,22500,0.0,0.0
2004-05-26 00:00:00+09:00,310.2625305175781,312.1777313232422,306.43212890625,306.43212890625,12500,0.0,0.0
2004-05-27 00:00:00+09:00,302.60179529434595,302.60179529434595,298.7713928222656,298.7713928222656,12500,0.0,0.0
2004-05-28 00:00:00+09:00,298.77134376236154,302.60174560546875,298.77134376236154,302.60174560546875,7500,0.0,0.0
2004-05-31 00:00:00+09:00,283.4497375488281,304.5169477720518,283.4497375488281,283.4497375488281,0,0.0,0.0
2004-06-01 00:00:00+09:00,300.6864718238779,300.6864718238779,285.3648681640625,285.3648681640625,10000,0.0,0.0
2004-06-02 00:00:00+09:00,287.2801394075961,287.2801394075961,279.61933569006015,283.4497375488281,22500,0.0,0.0
2004-06-03 00:00:00+09:00,281.53455530454033,283.44975636103385,279.6193542480469,279.6193542480469,25000,0.0,0.0
2004-06-04 00:00:00+09:00,275.7889805506993,277.7041818045236,273.873779296875,273.873779296875,15000,0.0,0.0
2004-06-07 00:00:00+09:00,271.95854983539704,304.5169677734375,270.0433487802182,304.5169677734375,50000,0.0,0.0
2004-06-08 00:00:00+09:00,308.34734264173005,308.34734264173005,291.11053466796875,291.11053466796875,17500,0.0,0.0
2004-06-09 00:00:00+09:00,291.1105746843957,291.1105746843957,289.19537353515625,289.19537353515625,10000,0.0,0.0
2004-06-10 00:00:00+09:00,291.11053466796875,291.11053466796875,291.11053466796875,291.11053466796875,2500,0.0,0.0
2004-06-11 00:00:00+09:00,291.11053466796875,291.11053466796875,291.11053466796875,291.11053466796875,7500,0.0,0.0
2004-06-14 00:00:00+09:00,298.7713928222656,308.34739900246643,298.7713928222656,298.7713928222656,15000,0.0,0.0
2004-06-15 00:00:00+09:00,296.85619158622546,298.7713928222656,296.85619158622546,298.7713928222656,10000,0.0,0.0
2004-06-16 00:00:00+09:00,314.0929169625947,316.00811767578125,310.2625155362216,316.00811767578125,35000,0.0,0.0
2004-06-17 00:00:00+09:00,308.3474435573671,314.0930480957031,306.4322420445884,314.0930480957031,12500,0.0,0.0
2004-06-18 00:00:00+09:00,316.00811767578125,319.83851910215435,316.00811767578125,316.00811767578125,32500,0.0,0.0
2004-06-21 00:00:00+09:00,319.83858035655504,340.9057922363281,319.83858035655504,340.9057922363281,50000,0.0,0.0
2004-06-22 00:00:00+09:00,346.65137651231555,354.3121804131402,340.905773586697,344.7361755371094,47500,0.0,0.0
2004-06-23 00:00:00+09:00,344.7361032586349,348.566504405953,327.4992980957031,327.4992980957031,20000,0.0,0.0
2004-06-24 00:00:00+09:00,327.4993802447652,335.160184461017,327.4993802447652,329.4145812988281,12500,0.0,0.0
2004-06-25 00:00:00+09:00,327.49937094980584,333.24497394892524,327.49937094980584,331.32977294921875,7500,0.0,0.0
2004-06-28 00:00:00+09:00,337.075429797846,342.82103371485476,337.075429797846,338.9906311035156,15000,0.0,0.0
2004-06-29 00:00:00+09:00,342.821044921875,352.39705176326817,342.821044921875,342.821044921875,27500,0.0,0.0
2004-06-30 00:00:00+09:00,350.4817717179008,352.39697265625,346.65136984120244,352.39697265625,27500,0.0,0.0
2004-07-01 00:00:00+09:00,352.396979437934,358.1425823635525,344.7361755371094,344.7361755371094,50000,0.0,0.0
2004-07-02 00:00:00+09:00,342.8209745619032,344.7361755371094,340.905773586697,344.7361755371094,17500,0.0,0.0
2004-07-05 00:00:00+09:00,344.73616071428575,344.73616071428575,319.83854910714285,335.16015625,37500,0.0,0.0
2004-07-06 00:00:00+09:00,340.90577536190256,340.90577536190256,325.58416748046875,325.58416748046875,22500,0.0,0.0
2004-07-07 00:00:00+09:00,316.0081693350551,323.6689734401473,308.3473652299628,317.9233703613281,50000,0.0,0.0
2004-07-08 00:00:00+09:00,323.6689147949219,325.5841154741818,321.753714115662,323.6689147949219,12500,0.0,0.0
2004-07-09 00:00:00+09:00,323.6689664952895,327.499368465648,323.6689664952895,325.58416748046875,15000,0.0,0.0
2004-07-12 00:00:00+09:00,327.49937094980584,331.32977294921875,327.49937094980584,331.32977294921875,17500,0.0,0.0
2004-07-13 00:00:00+09:00,335.1602284921765,338.9906311035156,333.2450271865069,338.9906311035156,12500,0.0,0.0
2004-07-14 00:00:00+09:00,342.8209933163075,342.8209933163075,335.16018899639,340.9057922363281,37500,0.0,0.0
2004-07-15 00:00:00+09:00,342.82100636373735,342.82100636373735,319.8385925292969,319.8385925292969,17500,0.0,0.0
2004-07-16 00:00:00+09:00,321.7537841796875,335.1601918538412,321.7537841796875,321.7537841796875,0,0.0,0.0
2004-07-19 00:00:00+09:00,321.7537841796875,321.7537841796875,321.7537841796875,321.7537841796875,0,0.0,0.0
2004-07-20 00:00:00+09:00,333.24497142118565,333.24497142118565,325.58416748046875,325.58416748046875,7500,0.0,0.0
2004-07-21 00:00:00+09:00,327.49937094980584,340.90577794775106,327.49937094980584,331.32977294921875,22500,0.0,0.0
2004-07-22 00:00:00+09:00,329.41462457516775,338.9906311035156,327.49942326949815,338.9906311035156,30000,0.0,0.0
2004-07-23 00:00:00+09:00,338.9905015376576,338.9905015376576,321.7536963747259,327.4992980957031,22500,0.0,0.0
2004-07-26 00:00:00+09:00,329.41451683270157,329.41451683270157,323.6689147949219,323.6689147949219,10000,0.0,0.0
2004-07-27 00:00:00+09:00,331.32979944651714,331.32979944651714,319.8385925292969,319.8385925292969,22500,0.0,0.0
2004-07-28 00:00:00+09:00,321.7537655101103,325.58416748046875,319.8385645249311,325.58416748046875,17500,0.0,0.0
2004-07-29 00:00:00+09:00,329.4145765189665,329.4145765189665,316.0081693350551,317.9233703613281,15000,0.0,0.0
2004-07-30 00:00:00+09:00,317.9233703613281,317.9233703613281,317.9233703613281,317.9233703613281,2500,0.0,0.0
2004-08-02 00:00:00+09:00,319.8385925292969,331.32979944651714,319.8385925292969,319.8385925292969,10000,0.0,0.0
2004-08-03 00:00:00+09:00,321.75377241387423,323.6689734401473,317.9233703613281,317.9233703613281,22500,0.0,0.0
2004-08-04 00:00:00+09:00,317.92344813193046,317.92344813193046,296.8562316894531,296.8562316894531,25000,0.0,0.0
2004-08-05 00:00:00+09:00,308.3473815917969,317.92338723129365,308.3473815917969,308.3473815917969,0,0.0,0.0
2004-08-06 00:00:00+09:00,317.9233703613281,317.9233703613281,317.9233703613281,317.9233703613281,12500,0.0,0.0
2004-08-09 00:00:00+09:00,316.00811767578125,325.584121241714,316.00811767578125,316.00811767578125,0,0.0,0.0
2004-08-10 00:00:00+09:00,317.9233703613281,317.9233703613281,317.9233703613281,317.9233703613281,5000,0.0,0.0
2004-08-11 00:00:00+09:00,317.9233703613281,317.9233703613281,317.9233703613281,317.9233703613281,2500,0.0,0.0
2004-08-12 00:00:00+09:00,317.9233703613281,317.9233703613281,317.9233703613281,317.9233703613281,5000,0.0,0.0
2004-08-13 00:00:00+09:00,317.9233703613281,317.9233703613281,317.9233703613281,317.9233703613281,2500,0.0,0.0
2004-08-16 00:00:00+09:00,317.92340879087095,317.92340879087095,308.3474025019893,310.2626037597656,17500,0.0,0.0
2004-08-17 00:00:00+09:00,308.3474025019893,310.2626037597656,308.3474025019893,310.2626037597656,5000,0.0,0.0
2004-08-18 00:00:00+09:00,308.3474025019893,310.2626037597656,308.3474025019893,310.2626037597656,5000,0.0,0.0
2004-08-19 00:00:00+09:00,310.2626037597656,321.75381130642364,310.2626037597656,310.2626037597656,0,0.0,0.0
2004-08-20 00:00:00+09:00,310.2626037597656,310.2626037597656,310.2626037597656,310.2626037597656,2500,0.0,0.0
2004-08-23 00:00:00+09:00,312.1778465829245,314.0930480957031,312.1778465829245,314.0930480957031,5000,0.0,0.0
2004-08-24 00:00:00+09:00,314.0930480957031,314.0930480957031,314.0930480957031,314.0930480957031,5000,0.0,0.0
2004-08-25 00:00:00+09:00,314.0930480957031,314.0930480957031,314.0930480957031,314.0930480957031,5000,0.0,0.0
2004-08-26 00:00:00+09:00,321.753714115662,323.6689147949219,321.753714115662,323.6689147949219,10000,0.0,0.0
2004-08-27 00:00:00+09:00,325.5841835964932,340.9057922363281,325.5841835964932,340.9057922363281,37500,0.0,0.0
2004-08-30 00:00:00+09:00,337.0753173828125,337.0753173828125,337.0753173828125,337.0753173828125,2500,0.0,0.0
2004-08-31 00:00:00+09:00,331.32977294921875,331.32977294921875,329.41457194951226,331.32977294921875,10000,0.0,0.0
2004-09-01 00:00:00+09:00,333.2449645996094,333.2449645996094,333.2449645996094,333.2449645996094,2500,0.0,0.0
2004-09-02 00:00:00+09:00,337.0753571428572,337.0753571428572,335.16015625,335.16015625,12500,0.0,0.0
2004-09-03 00:00:00+09:00,333.24491604891693,337.0753173828125,333.24491604891693,337.0753173828125,5000,0.0,0.0
2004-09-06 00:00:00+09:00,338.9905865691429,338.9905865691429,329.4145812988281,329.4145812988281,7500,0.0,0.0
2004-09-07 00:00:00+09:00,335.16015625,335.16015625,335.16015625,335.16015625,7500,0.0,0.0
2004-09-08 00:00:00+09:00,338.9905580357143,338.9905580357143,335.16015625,335.16015625,5000,0.0,0.0
2004-09-09 00:00:00+09:00,337.075429797846,338.9906311035156,337.075429797846,338.9906311035156,10000,0.0,0.0
2004-09-10 00:00:00+09:00,340.9058324091852,340.9058324091852,338.9906311035156,338.9906311035156,7500,0.0,0.0
2004-09-13 00:00:00+09:00,340.9057922363281,340.9057922363281,340.9057922363281,340.9057922363281,2500,0.0,0.0
2004-09-14 00:00:00+09:00,342.821044921875,342.821044921875,342.821044921875,342.821044921875,5000,0.0,0.0
2004-09-15 00:00:00+09:00,337.0753173828125,337.0753173828125,337.0753173828125,337.0753173828125,2500,0.0,0.0
2004-09-16 00:00:00+09:00,335.16016554558416,335.16016554558416,333.2449645996094,333.2449645996094,7500,0.0,0.0
2004-09-17 00:00:00+09:00,333.2449645996094,333.2449645996094,333.2449645996094,333.2449645996094,2500,0.0,0.0
2004-09-20 00:00:00+09:00,333.2449645996094,333.2449645996094,333.2449645996094,333.2449645996094,0,0.0,0.0
2004-09-21 00:00:00+09:00,335.16017494863166,335.16017494863166,331.32977294921875,331.32977294921875,10000,0.0,0.0
2004-09-22 00:00:00+09:00,331.32977294921875,331.32977294921875,331.32977294921875,331.32977294921875,10000,0.0,0.0
2004-09-23 00:00:00+09:00,331.32977294921875,331.32977294921875,331.32977294921875,331.32977294921875,0,0.0,0.0
2004-09-24 00:00:00+09:00,335.160184461017,335.160184461017,329.4145812988281,329.4145812988281,5000,0.0,0.0
2004-09-27 00:00:00+09:00,332.8984375,332.8984375,332.8984375,332.8984375,5000,7.2,0.0
2004-09-28 00:00:00+09:00,329.0274963378906,329.0274963378906,329.0274963378906,329.0274963378906,2500,0.0,0.0
2004-09-29 00:00:00+09:00,274.834716796875,327.0920221033231,274.834716796875,274.834716796875,0,0.0,0.0
2004-09-30 00:00:00+09:00,325.1565856933594,325.1565856933594,325.1565856933594,325.1565856933594,2500,0.0,0.0
2004-10-01 00:00:00+09:00,325.1565856933594,325.1565856933594,325.1565856933594,325.1565856933594,7500,0.0,0.0
2004-10-04 00:00:00+09:00,325.1565856933594,325.1565856933594,325.1565856933594,325.1565856933594,2500,0.0,0.0
2004-10-05 00:00:00+09:00,319.3501892089844,319.3501892089844,319.3501892089844,319.3501892089844,2500,0.0,0.0
2004-10-06 00:00:00+09:00,327.091979623538,330.962890625,327.091979623538,330.962890625,5000,0.0,0.0
2004-10-07 00:00:00+09:00,325.1565846162684,329.0274963378906,325.1565846162684,329.0274963378906,10000,0.0,0.0
2004-10-08 00:00:00+09:00,313.54388427734375,332.8984450352045,313.54388427734375,313.54388427734375,0,0.0,0.0
2004-10-11 00:00:00+09:00,313.54388427734375,313.54388427734375,313.54388427734375,313.54388427734375,0,0.0,0.0
2004-10-12 00:00:00+09:00,319.3501892089844,332.89837905421405,319.3501892089844,319.3501892089844,0,0.0,0.0
2004-10-13 00:00:00+09:00,325.1565856933594,332.89840916224887,325.1565856933594,325.1565856933594,0,0.0,0.0
2004-10-14 00:00:00+09:00,321.2856750488281,329.02749854398064,321.2856750488281,321.2856750488281,0,0.0,0.0
2004-10-15 00:00:00+09:00,321.28570858048806,321.28570858048806,313.54388427734375,313.54388427734375,7500,0.0,0.0
2004-10-18 00:00:00+09:00,329.0274963378906,329.0274963378906,329.0274963378906,329.0274963378906,2500,0.0,0.0
2004-10-19 00:00:00+09:00,315.4792175292969,327.0919494628906,315.4792175292969,315.4792175292969,0,0.0,0.0
2004-10-20 00:00:00+09:00,311.6083984375,329.0275014557453,311.6083984375,311.6083984375,0,0.0,0.0
2004-10-21 00:00:00+09:00,313.54388427734375,313.54388427734375,313.54388427734375,313.54388427734375,2500,0.0,0.0
2004-10-22 00:00:00+09:00,315.4792175292969,329.02740478515625,315.4792175292969,315.4792175292969,0,0.0,0.0
2004-10-25 00:00:00+09:00,315.4793403531298,325.1566207320602,313.54388427734375,313.54388427734375,7500,0.0,0.0
2004-10-26 00:00:00+09:00,313.54388427734375,313.54388427734375,313.54388427734375,313.54388427734375,2500,0.0,0.0
2004-10-27 00:00:00+09:00,315.4792175292969,319.3501281738281,315.4792175292969,315.4792175292969,0,0.0,0.0
2004-10-28 00:00:00+09:00,313.54388427734375,319.350252504702,313.54388427734375,313.54388427734375,0,0.0,0.0
2004-10-29 00:00:00+09:00,313.54388427734375,319.350252504702,313.54388427734375,313.54388427734375,0,0.0,0.0
2004-11-01 00:00:00+09:00,315.4792175292969,315.4792175292969,315.4792175292969,315.4792175292969,2500,0.0,0.0
2004-11-02 00:00:00+09:00,313.54388427734375,319.350252504702,313.54388427734375,313.54388427734375,0,0.0,0.0
2004-11-03 00:00:00+09:00,313.54388427734375,313.54388427734375,313.54388427734375,313.54388427734375,0,0.0,0.0
2004-11-04 00:00:00+09:00,319.3501892089844,319.3501892089844,319.3501892089844,319.3501892089844,2500,0.0,0.0
2004-11-05 00:00:00+09:00,315.4792175292969,321.28558349609375,315.4792175292969,315.4792175292969,0,0.0,0.0
2004-11-08 00:00:00+09:00,315.4792175292969,327.0919494628906,315.4792175292969,315.4792175292969,0,0.0,0.0
2004-11-09 00:00:00+09:00,317.4147033691406,321.28561438583745,317.4147033691406,317.4147033691406,0,0.0,0.0
2004-11-10 00:00:00+09:00,317.4147033691406,317.4147033691406,317.4147033691406,317.4147033691406,2500,0.0,0.0
2004-11-11 00:00:00+09:00,317.414762759637,323.22113037109375,317.414762759637,323.22113037109375,7500,0.0,0.0
2004-11-12 00:00:00+09:00,323.22113037109375,323.22113037109375,323.22113037109375,323.22113037109375,5000,0.0,0.0
2004-11-15 00:00:00+09:00,323.22113037109375,327.0920421120649,323.22113037109375,323.22113037109375,0,0.0,0.0
2004-11-16 00:00:00+09:00,323.22113037109375,323.22113037109375,323.22113037109375,323.22113037109375,2500,0.0,0.0
2004-11-17 00:00:00+09:00,319.3501892089844,329.0274676698627,319.3501892089844,319.3501892089844,0,0.0,0.0
2004-11-18 00:00:00+09:00,327.0920415605817,327.0920415605817,325.1565856933594,325.1565856933594,7500,0.0,0.0
2004-11-19 00:00:00+09:00,327.0920415605817,327.0920415605817,325.1565856933594,325.1565856933594,5000,0.0,0.0
2004-11-22 00:00:00+09:00,313.5438549041748,313.5438549041748,309.6729431152344,309.6729431152344,7500,0.0,0.0
2004-11-23 00:00:00+09:00,309.6729431152344,309.6729431152344,309.6729431152344,309.6729431152344,0,0.0,0.0
2004-11-24 00:00:00+09:00,309.6729431152344,325.1565902709961,309.6729431152344,309.6729431152344,0,0.0,0.0
2004-11-25 00:00:00+09:00,313.54388427734375,313.54388427734375,313.54388427734375,313.54388427734375,2500,0.0,0.0
2004-11-26 00:00:00+09:00,313.54388427734375,323.22116465627414,313.54388427734375,313.54388427734375,0,0.0,0.0
2004-11-29 00:00:00+09:00,319.3501892089844,323.22110059333573,319.3501892089844,319.3501892089844,0,0.0,0.0
2004-11-30 00:00:00+09:00,311.6083984375,323.2211337829969,311.6083984375,311.6083984375,0,0.0,0.0
2004-12-01 00:00:00+09:00,319.3501892089844,319.3501892089844,319.3501892089844,319.3501892089844,2500,0.0,0.0
2004-12-02 00:00:00+09:00,323.22113037109375,323.22113037109375,323.22113037109375,323.22113037109375,2500,0.0,0.0
2004-12-03 00:00:00+09:00,313.54388427734375,323.22116465627414,313.54388427734375,313.54388427734375,0,0.0,0.0
2004-12-06 00:00:00+09:00,317.4147033691406,321.28561438583745,317.4147033691406,317.4147033691406,0,0.0,0.0
2004-12-07 00:00:00+09:00,319.3501892089844,319.3501892089844,319.3501892089844,319.3501892089844,5000,0.0,0.0
2004-12-08 00:00:00+09:00,317.4146728515625,317.4146728515625,315.4792175292969,315.4792175292969,7500,0.0,0.0
2004-12-09 00:00:00+09:00,313.54388427734375,317.4147964289159,313.54388427734375,313.54388427734375,0,0.0,0.0
2004-12-10 00:00:00+09:00,315.4793403531298,315.4793403531298,311.6084282015577,313.54388427734375,17500,0.0,0.0
2004-12-13 00:00:00+09:00,311.6083990097046,311.6083990097046,309.6729431152344,309.6729431152344,5000,0.0,0.0
2004-12-14 00:00:00+09:00,294.18935671277865,303.86663818359375,292.2539004186157,303.86663818359375,22500,0.0,0.0
2004-12-15 00:00:00+09:00,298.0602722167969,298.0602722167969,298.0602722167969,298.0602722167969,2500,0.0,0.0
2004-12-16 00:00:00+09:00,296.1247863769531,296.1247863769531,296.1247863769531,296.1247863769531,2500,0.0,0.0
2004-12-17 00:00:00+09:00,296.124757071994,296.124757071994,290.31838928626865,292.25384521484375,12500,0.0,0.0
2004-12-20 00:00:00+09:00,294.1893302568423,296.1247863769531,292.2538741367315,296.1247863769531,12500,0.0,0.0
2004-12-21 00:00:00+09:00,299.9956970214844,299.9956970214844,299.9956970214844,299.9956970214844,2500,0.0,0.0
2004-12-22 00:00:00+09:00,317.4147033691406,317.4147033691406,317.4147033691406,317.4147033691406,0,0.0,0.0
2004-12-23 00:00:00+09:00,317.4147033691406,317.4147033691406,317.4147033691406,317.4147033691406,0,0.0,0.0
2004-12-24 00:00:00+09:00,317.4147033691406,317.4147033691406,317.4147033691406,317.4147033691406,0,0.0,0.0
2004-12-27 00:00:00+09:00,305.80203132629396,309.6729431152344,305.80203132629396,309.6729431152344,7500,0.0,0.0
2004-12-28 00:00:00+09:00,309.67293772977945,329.0274963378906,309.67293772977945,329.0274963378906,10000,0.0,0.0
2004-12-29 00:00:00+09:00,309.6729431152344,309.6729431152344,309.6729431152344,309.6729431152344,0,0.0,0.0
2004-12-30 00:00:00+09:00,329.0274963378906,329.0274963378906,329.0274963378906,329.0274963378906,2500,0.0,0.0
2004-12-31 00:00:00+09:00,329.0274963378906,329.0274963378906,329.0274963378906,329.0274963378906,0,0.0,0.0
2005-01-03 00:00:00+09:00,329.0274963378906,329.0274963378906,329.0274963378906,329.0274963378906,0,0.0,0.0
2005-01-04 00:00:00+09:00,321.2856750488281,338.70477791292126,321.2856750488281,321.2856750488281,0,0.0,0.0
2005-01-05 00:00:00+09:00,321.2856750488281,332.89841029155684,321.2856750488281,321.2856750488281,0,0.0,0.0
2005-01-06 00:00:00+09:00,329.0274963378906,329.0274963378906,329.0274963378906,329.0274963378906,2500,0.0,0.0
2005-01-07 00:00:00+09:00,323.22113037109375,323.22113037109375,323.22113037109375,323.22113037109375,0,0.0,0.0
2005-01-10 00:00:00+09:00,323.22113037109375,323.22113037109375,323.22113037109375,323.22113037109375,0,0.0,0.0
2005-01-11 00:00:00+09:00,329.0274963378906,329.0274963378906,329.0274963378906,329.0274963378906,7500,0.0,0.0
2005-01-12 00:00:00+09:00,329.0274963378906,329.0274963378906,323.2211287554573,329.0274963378906,10000,0.0,0.0
2005-01-13 00:00:00+09:00,325.1565856933594,325.1565856933594,325.1565856933594,325.1565856933594,5000,0.0,0.0
2005-01-14 00:00:00+09:00,323.22113037109375,323.22113037109375,323.22113037109375,323.22113037109375,2500,0.0,0.0
2005-01-17 00:00:00+09:00,325.1565856933594,327.0920415605817,323.221129826137,325.1565856933594,10000,0.0,0.0
2005-01-18 00:00:00+09:00,327.0920415605817,329.0274974278041,325.1565856933594,325.1565856933594,15000,0.0,0.0
2005-01-19 00:00:00+09:00,327.0920415605817,327.0920415605817,325.1565856933594,325.1565856933594,10000,0.0,0.0
2005-01-20 00:00:00+09:00,329.02740478515625,329.02740478515625,327.0919494628906,327.0919494628906,7500,0.0,0.0
2005-01-21 00:00:00+09:00,325.1565856933594,325.1565856933594,325.1565856933594,325.1565856933594,5000,0.0,0.0
2005-01-24 00:00:00+09:00,325.1565237761922,336.76925676819906,325.1565237761922,334.83380126953125,30000,0.0,0.0
2005-01-25 00:00:00+09:00,325.156494140625,327.0919494628906,325.156494140625,327.0919494628906,25000,0.0,0.0
2005-01-26 00:00:00+09:00,323.2210682775244,334.83380126953125,323.2210682775244,334.83380126953125,55000,0.0,0.0
2005-01-27 00:00:00+09:00,329.0274963378906,332.89840805951286,329.0274963378906,329.0274963378906,15000,0.0,0.0
2005-01-28 00:00:00+09:00,323.22113037109375,323.22113037109375,323.22113037109375,323.22113037109375,0,0.0,0.0
2005-01-31 00:00:00+09:00,325.1565856933594,325.1565856933594,325.1565856933594,325.1565856933594,0,0.0,0.0
2005-02-01 00:00:00+09:00,325.15658624157936,325.15658624157936,323.22113037109375,323.22113037109375,5000,0.0,0.0
2005-02-02 00:00:00+09:00,323.2210388183594,329.02740478515625,323.2210388183594,327.0919494628906,10000,0.0,0.0
2005-02-03 00:00:00+09:00,327.0920421120649,329.0274979825505,323.22113037109375,323.22113037109375,20000,0.0,0.0
2005-02-04 00:00:00+09:00,321.28558349609375,327.0919494628906,321.28558349609375,327.0919494628906,7500,0.0,0.0
2005-02-07 00:00:00+09:00,329.02740478515625,329.02740478515625,327.0919494628906,327.0919494628906,15000,0.0,0.0
2005-02-08 00:00:00+09:00,329.0274963378906,329.0274963378906,329.0274963378906,329.0274963378906,10000,0.0,0.0
2005-02-09 00:00:00+09:00,325.15658624157936,325.15658624157936,323.22113037109375,323.22113037109375,5000,0.0,0.0
2005-02-10 00:00:00+09:00,327.0919494628906,327.0919494628906,327.0919494628906,327.0919494628906,2500,0.0,0.0
2005-02-11 00:00:00+09:00,327.0919494628906,327.0919494628906,327.0919494628906,327.0919494628906,0,0.0,0.0
2005-02-14 00:00:00+09:00,329.0274974278041,329.0274974278041,325.1565856933594,325.1565856933594,12500,0.0,0.0
2005-02-15 00:00:00+09:00,325.156494140625,327.0919494628906,325.156494140625,327.0919494628906,7500,0.0,0.0
2005-02-16 00:00:00+09:00,323.2210388183594,327.0919494628906,323.2210388183594,327.0919494628906,7500,0.0,0.0
2005-02-17 00:00:00+09:00,323.22113037109375,323.22113037109375,323.22113037109375,323.22113037109375,15000,0.0,0.0
2005-02-18 00:00:00+09:00,321.2856750488281,321.2856750488281,321.2856750488281,321.2856750488281,5000,0.0,0.0
2005-02-21 00:00:00+09:00,323.221129826137,325.1565856933594,323.221129826137,325.1565856933594,5000,0.0,0.0
2005-02-22 00:00:00+09:00,325.1565856933594,325.1565856933594,325.1565856933594,325.1565856933594,5000,0.0,0.0
2005-02-23 00:00:00+09:00,325.1565856933594,325.1565856933594,325.1565856933594,325.1565856933594,5000,0.0,0.0
2005-02-24 00:00:00+09:00,327.0919494628906,327.0919494628906,327.0919494628906,327.0919494628906,2500,0.0,0.0
2005-02-25 00:00:00+09:00,327.0919494628906,327.0919494628906,327.0919494628906,327.0919494628906,5000,0.0,0.0
2005-02-28 00:00:00+09:00,329.0274974278041,329.0274974278041,325.1565856933594,325.1565856933594,7500,0.0,0.0
2005-03-01 00:00:00+09:00,327.0919494628906,327.0919494628906,327.0919494628906,327.0919494628906,10000,0.0,0.0
2005-03-02 00:00:00+09:00,329.0274963378906,329.0274963378906,329.0274963378906,329.0274963378906,5000,0.0,0.0
2005-03-03 00:00:00+09:00,325.156494140625,327.0919494628906,325.156494140625,327.0919494628906,7500,0.0,0.0
2005-03-04 00:00:00+09:00,327.0919494628906,327.0919494628906,325.156494140625,327.0919494628906,15000,0.0,0.0
2005-03-07 00:00:00+09:00,327.0920415605817,327.0920415605817,325.1565856933594,325.1565856933594,12500,0.0,0.0
2005-03-08 00:00:00+09:00,325.1565856933594,325.1565856933594,325.1565856933594,325.1565856933594,12500,0.0,0.0
2005-03-09 00:00:00+09:00,325.156494140625,327.0919494628906,325.156494140625,327.0919494628906,10000,0.0,0.0
2005-03-10 00:00:00+09:00,327.0919494628906,327.0919494628906,327.0919494628906,327.0919494628906,7500,0.0,0.0
2005-03-11 00:00:00+09:00,325.1565856933594,325.1565856933594,325.1565856933594,325.1565856933594,5000,0.0,0.0
2005-03-14 00:00:00+09:00,329.027435124269,330.962890625,327.091979623538,330.962890625,30000,0.0,0.0
2005-03-15 00:00:00+09:00,332.89834525368434,342.5756227319891,332.89834525368434,340.6401672363281,92500,0.0,0.0
2005-03-16 00:00:00+09:00,342.575684640067,342.575684640067,338.70477294921875,338.70477294921875,27500,0.0,0.0
2005-03-17 00:00:00+09:00,330.962890625,330.962890625,329.027435124269,330.962890625,27500,0.0,0.0
2005-03-18 00:00:00+09:00,329.0274963378906,330.96295219870177,327.09204047707954,329.0274963378906,42500,0.0,0.0
2005-03-21 00:00:00+09:00,329.0274963378906,329.0274963378906,329.0274963378906,329.0274963378906,0,0.0,0.0
2005-03-22 00:00:00+09:00,329.0274963378906,329.0274963378906,329.0274963378906,329.0274963378906,17500,0.0,0.0
2005-03-23 00:00:00+09:00,327.09201197768704,327.09201197768704,319.3501892089844,319.3501892089844,22500,0.0,0.0
2005-03-24 00:00:00+09:00,327.0919494628906,327.0919494628906,323.2210388183594,327.0919494628906,17500,0.0,0.0
2005-03-25 00:00:00+09:00,325.156494140625,327.0919494628906,323.2210388183594,327.0919494628906,17500,0.0,0.0
2005-03-28 00:00:00+09:00,328.4688041078532,328.4688041078532,320.6012878417969,320.6012878417969,20000,10.8,0.0
2005-03-29 00:00:00+09:00,316.6675388987471,322.56817626953125,316.6675388987471,322.56817626953125,10000,0.0,0.0
2005-03-30 00:00:00+09:00,316.6675720214844,318.63445135081037,316.6675720214844,316.6675720214844,12500,0.0,0.0
2005-03-31 00:00:00+09:00,320.6012878417969,320.6012878417969,320.6012878417969,320.6012878417969,2500,0.0,0.0
2005-04-01 00:00:00+09:00,326.501953125,326.501953125,326.501953125,326.501953125,5000,0.0,0.0
2005-04-04 00:00:00+09:00,328.4688230572325,328.4688230572325,324.5350646972656,324.5350646972656,5000,0.0,0.0
2005-04-05 00:00:00+09:00,320.6013154179217,326.501953125,320.6013154179217,326.501953125,5000,0.0,0.0
2005-04-06 00:00:00+09:00,324.5350675229673,324.5350675229673,318.6344299316406,318.6344299316406,7500,0.0,0.0
2005-04-07 00:00:00+09:00,320.6012878417969,320.6012878417969,320.6012878417969,320.6012878417969,2500,0.0,0.0
2005-04-08 00:00:00+09:00,322.56817626953125,322.56817626953125,320.60129714593654,322.56817626953125,7500,0.0,0.0
2005-04-11 00:00:00+09:00,320.60131258089865,332.402587890625,320.60131258089865,332.402587890625,10000,0.0,0.0
2005-04-12 00:00:00+09:00,320.6012878417969,320.6012878417969,320.6012878417969,320.6012878417969,2500,0.0,0.0
2005-04-13 00:00:00+09:00,324.5350646972656,324.5350646972656,324.5350646972656,324.5350646972656,5000,0.0,0.0
2005-04-14 00:00:00+09:00,320.60129714593654,322.56817626953125,320.60129714593654,322.56817626953125,7500,0.0,0.0
2005-04-15 00:00:00+09:00,320.60139247349326,330.435791015625,320.60139247349326,330.435791015625,10000,0.0,0.0
2005-04-18 00:00:00+09:00,324.53506083428107,324.53506083428107,304.86626926856707,310.76690673828125,30000,0.0,0.0
2005-04-19 00:00:00+09:00,324.5350646972656,324.5350646972656,324.5350646972656,324.5350646972656,0,0.0,0.0
2005-04-20 00:00:00+09:00,320.6012878417969,320.6012878417969,320.6012878417969,320.6012878417969,5000,0.0,0.0
2005-04-21 00:00:00+09:00,314.70068359375,314.70068359375,314.70068359375,314.70068359375,2500,0.0,0.0
2005-04-22 00:00:00+09:00,320.6013091287495,320.6013091287495,318.6344299316406,318.6344299316406,15000,0.0,0.0
2005-04-25 00:00:00+09:00,326.5020315987723,330.435791015625,326.5020315987723,330.435791015625,15000,0.0,0.0
2005-04-26 00:00:00+09:00,330.435791015625,330.435791015625,330.435791015625,330.435791015625,5000,0.0,0.0
2005-04-27 00:00:00+09:00,332.402587890625,332.402587890625,326.50195023576185,332.402587890625,30000,0.0,0.0
2005-04-28 00:00:00+09:00,332.402587890625,332.402587890625,328.46882945404957,332.402587890625,15000,0.0,0.0
2005-04-29 00:00:00+09:00,332.402587890625,332.402587890625,332.402587890625,332.402587890625,0,0.0,0.0
2005-05-02 00:00:00+09:00,330.43569678591007,336.3363342285156,328.4688176383749,336.3363342285156,22500,0.0,0.0
2005-05-03 00:00:00+09:00,336.3363342285156,336.3363342285156,336.3363342285156,336.3363342285156,0,0.0,0.0
2005-05-04 00:00:00+09:00,336.3363342285156,336.3363342285156,336.3363342285156,336.3363342285156,0,0.0,0.0
2005-05-05 00:00:00+09:00,336.3363342285156,336.3363342285156,336.3363342285156,336.3363342285156,0,0.0,0.0
2005-05-06 00:00:00+09:00,334.3694763183594,336.3363555908203,334.3694763183594,334.3694763183594,12500,0.0,0.0
2005-05-09 00:00:00+09:00,334.3694763183594,334.3694763183594,334.3694763183594,334.3694763183594,15000,0.0,0.0
2005-05-10 00:00:00+09:00,334.36952457871547,338.30328369140625,334.36952457871547,338.30328369140625,12500,0.0,0.0
2005-05-11 00:00:00+09:00,334.3694763183594,334.3694763183594,334.3694763183594,334.3694763183594,2500,0.0,0.0
2005-05-12 00:00:00+09:00,336.3363342285156,336.3363342285156,336.3363342285156,336.3363342285156,10000,0.0,0.0
2005-05-13 00:00:00+09:00,334.36955043247764,338.30330984933033,330.435791015625,330.435791015625,30000,0.0,0.0
2005-05-16 00:00:00+09:00,334.3694671089127,334.3694671089127,332.402587890625,332.402587890625,7500,0.0,0.0
2005-05-17 00:00:00+09:00,332.40267072405135,334.36955043247764,330.435791015625,330.435791015625,15000,0.0,0.0
2005-05-18 00:00:00+09:00,330.43575154378743,330.43575154378743,328.4688720703125,328.4688720703125,5000,0.0,0.0
2005-05-19 00:00:00+09:00,332.402587890625,332.402587890625,332.402587890625,332.402587890625,0,0.0,0.0
2005-05-20 00:00:00+09:00,328.46882945404957,332.402587890625,328.46882945404957,332.402587890625,5000,0.0,0.0
2005-05-23 00:00:00+09:00,332.40257593344523,336.3363342285156,332.40257593344523,336.3363342285156,10000,0.0,0.0
2005-05-24 00:00:00+09:00,330.435791015625,330.435791015625,330.435791015625,330.435791015625,5000,0.0,0.0
2005-05-25 00:00:00+09:00,334.3694763183594,334.3694763183594,334.3694763183594,334.3694763183594,2500,0.0,0.0
2005-05-26 00:00:00+09:00,330.435791015625,330.435791015625,330.435791015625,330.435791015625,0,0.0,0.0
2005-05-27 00:00:00+09:00,330.435791015625,330.435791015625,330.435791015625,330.435791015625,5000,0.0,0.0
2005-05-30 00:00:00+09:00,332.40267072405135,332.40267072405135,330.435791015625,330.435791015625,12500,0.0,0.0
2005-05-31 00:00:00+09:00,330.4357177734375,334.3694763183594,330.4357177734375,334.3694763183594,5000,0.0,0.0
2005-06-01 00:00:00+09:00,336.3363342285156,336.3363342285156,336.3363342285156,336.3363342285156,7500,0.0,0.0
2005-06-02 00:00:00+09:00,336.3363555908203,338.30323486328126,334.3694763183594,334.3694763183594,7500,0.0,0.0
2005-06-03 00:00:00+09:00,334.3694763183594,334.3694763183594,334.3694763183594,334.3694763183594,2500,0.0,0.0
2005-06-06 00:00:00+09:00,336.3363342285156,336.3363342285156,336.3363342285156,336.3363342285156,15000,0.0,0.0
2005-06-07 00:00:00+09:00,336.3363342285156,336.3363342285156,336.3363342285156,336.3363342285156,12500,0.0,0.0
2005-06-08 00:00:00+09:00,336.33640413506083,338.30328369140625,334.36952457871547,338.30328369140625,12500,0.0,0.0
2005-06-09 00:00:00+09:00,338.30328369140625,338.30328369140625,338.30328369140625,338.30328369140625,7500,0.0,0.0
2005-06-10 00:00:00+09:00,336.3363342285156,336.3363342285156,336.3363342285156,336.3363342285156,2500,0.0,0.0
2005-06-13 00:00:00+09:00,334.36945508098046,336.3363342285156,334.36945508098046,336.3363342285156,15000,0.0,0.0
2005-06-14 00:00:00+09:00,334.36952457871547,338.30328369140625,334.36952457871547,338.30328369140625,12500,0.0,0.0
2005-06-15 00:00:00+09:00,334.36945508098046,336.3363342285156,334.36945508098046,336.3363342285156,7500,0.0,0.0
2005-06-16 00:00:00+09:00,334.3694763183594,334.3694763183594,334.3694763183594,334.3694763183594,5000,0.0,0.0
2005-06-17 00:00:00+09:00,336.3363342285156,336.3363342285156,336.3363342285156,336.3363342285156,7500,0.0,0.0
2005-06-20 00:00:00+09:00,344.20385081865635,344.20385081865635,336.3363342285156,336.3363342285156,7500,0.0,0.0
2005-06-21 00:00:00+09:00,340.2700781388716,348.1375943964178,340.2700781388716,346.17071533203125,47500,0.0,0.0
2005-06-22 00:00:00+09:00,346.17071533203125,346.17071533203125,344.2038362676447,346.17071533203125,22500,0.0,0.0
2005-06-23 00:00:00+09:00,346.17071533203125,348.1375943964178,346.17071533203125,346.17071533203125,15000,0.0,0.0
2005-06-24 00:00:00+09:00,346.1707059151786,348.1375849260603,344.2038269042969,344.2038269042969,27500,0.0,0.0
2005-06-27 00:00:00+09:00,352.07143890542324,373.70711392195767,350.10455935846556,371.740234375,122500,0.0,0.0
2005-06-28 00:00:00+09:00,365.8396569555932,365.8396569555932,357.9721374511719,357.9721374511719,17500,0.0,0.0
2005-06-29 00:00:00+09:00,367.8063450265438,369.7732238769531,365.83946617613447,369.7732238769531,20000,0.0,0.0
2005-06-30 00:00:00+09:00,369.7734167078039,369.7734167078039,357.9721374511719,357.9721374511719,15000,0.0,0.0
2005-07-01 00:00:00+09:00,363.8727548734738,367.80651438561944,359.9389953613281,359.9389953613281,27500,0.0,0.0
2005-07-04 00:00:00+09:00,361.9057922363281,363.87267154196036,361.9057922363281,361.9057922363281,12500,0.0,0.0
2005-07-05 00:00:00+09:00,359.93893088063885,365.8395690917969,359.93893088063885,365.8395690917969,5000,0.0,0.0
2005-07-06 00:00:00+09:00,365.8395690917969,365.8395690917969,361.9058102843582,365.8395690917969,10000,0.0,0.0
2005-07-07 00:00:00+09:00,361.9057922363281,361.9057922363281,361.9057922363281,361.9057922363281,0,0.0,0.0
2005-07-08 00:00:00+09:00,363.87273714687285,363.87273714687285,356.0052185058594,356.0052185058594,30000,0.0,0.0
2005-07-11 00:00:00+09:00,357.9721374511719,357.9721374511719,357.9721374511719,357.9721374511719,5000,0.0,0.0
2005-07-12 00:00:00+09:00,359.9389129306959,361.9057922363281,357.97203362506366,361.9057922363281,7500,0.0,0.0
2005-07-13 00:00:00+09:00,365.8395293364654,365.8395293364654,363.8726501464844,363.8726501464844,12500,0.0,0.0
2005-07-14 00:00:00+09:00,365.83946617613447,369.7732238769531,365.83946617613447,369.7732238769531,15000,0.0,0.0
2005-07-15 00:00:00+09:00,371.74021285207647,385.50836888363483,371.74021285207647,373.70709228515625,35000,0.0,0.0
2005-07-18 00:00:00+09:00,373.70709228515625,373.70709228515625,373.70709228515625,373.70709228515625,0,0.0,0.0
2005-07-19 00:00:00+09:00,375.6738604281811,375.6738604281811,369.7732238769531,369.7732238769531,10000,0.0,0.0
2005-07-20 00:00:00+09:00,369.7732238769531,369.7732238769531,369.7732238769531,369.7732238769531,7500,0.0,0.0
2005-07-21 00:00:00+09:00,369.7733334189967,373.70709228515625,367.8064539859169,373.70709228515625,10000,0.0,0.0
2005-07-22 00:00:00+09:00,371.740234375,371.740234375,365.839595734127,371.740234375,7500,0.0,0.0
2005-07-25 00:00:00+09:00,371.7401669064083,371.7401669064083,363.8726501464844,363.8726501464844,10000,0.0,0.0
2005-07-26 00:00:00+09:00,367.8065185546875,367.8065185546875,367.8065185546875,367.8065185546875,5000,0.0,0.0
2005-07-27 00:00:00+09:00,367.8065185546875,367.8065185546875,367.8065185546875,367.8065185546875,2500,0.0,0.0
2005-07-28 00:00:00+09:00,369.7733334189967,373.70709228515625,367.8064539859169,373.70709228515625,17500,0.0,0.0
2005-07-29 00:00:00+09:00,371.7402781114221,371.7402781114221,367.8065185546875,367.8065185546875,12500,0.0,0.0
2005-08-01 00:00:00+09:00,371.7401669064083,371.7401669064083,363.8726501464844,363.8726501464844,10000,0.0,0.0
2005-08-02 00:00:00+09:00,361.9057922363281,361.9057922363281,361.9057922363281,361.9057922363281,5000,0.0,0.0
2005-08-03 00:00:00+09:00,369.7732238769531,369.7732238769531,369.7732238769531,369.7732238769531,2500,0.0,0.0
2005-08-04 00:00:00+09:00,361.90587511740097,361.90587511740097,357.9721156052553,359.9389953613281,7500,0.0,0.0
2005-08-05 00:00:00+09:00,359.93893088063885,365.8395690917969,359.93893088063885,365.8395690917969,10000,0.0,0.0
2005-08-08 00:00:00+09:00,359.9389778263661,359.9389778263661,356.0052185058594,356.0052185058594,15000,0.0,0.0
2005-08-09 00:00:00+09:00,365.8395690917969,365.8395690917969,365.8395690917969,365.8395690917969,7500,0.0,0.0
2005-08-10 00:00:00+09:00,365.8395690917969,365.8395690917969,365.8395690917969,365.8395690917969,5000,0.0,0.0
2005-08-11 00:00:00+09:00,367.8064539859169,373.70709228515625,367.8064539859169,373.70709228515625,27500,0.0,0.0
2005-08-12 00:00:00+09:00,373.70709228515625,373.70709228515625,373.70709228515625,373.70709228515625,2500,0.0,0.0
2005-08-15 00:00:00+09:00,373.70711008707684,379.6077486673991,373.70711008707684,377.640869140625,10000,0.0,0.0
2005-08-16 00:00:00+09:00,365.83946617613447,369.7732238769531,365.83946617613447,369.7732238769531,10000,0.0,0.0
2005-08-17 00:00:00+09:00,365.8396387763202,367.8065185546875,365.8396387763202,367.8065185546875,10000,0.0,0.0
2005-08-18 00:00:00+09:00,365.8395690917969,365.8395690917969,365.8395690917969,365.8395690917969,2500,0.0,0.0
2005-08-19 00:00:00+09:00,363.8726501464844,373.7070460963893,363.8726501464844,363.8726501464844,0,0.0,0.0
2005-08-22 00:00:00+09:00,367.8065185546875,367.8065185546875,367.8065185546875,367.8065185546875,2500,0.0,0.0
2005-08-23 00:00:00+09:00,365.8395690917969,365.8395690917969,365.8395690917969,365.8395690917969,2500,0.0,0.0
2005-08-24 00:00:00+09:00,371.740234375,371.740234375,371.740234375,371.740234375,0,0.0,0.0
2005-08-25 00:00:00+09:00,365.8395690917969,365.8395690917969,365.8395690917969,365.8395690917969,5000,0.0,0.0
2005-08-26 00:00:00+09:00,369.7732238769531,369.7732238769531,369.7732238769531,369.7732238769531,2500,0.0,0.0
2005-08-29 00:00:00+09:00,367.8065185546875,367.8065185546875,367.8065185546875,367.8065185546875,0,0.0,0.0
2005-08-30 00:00:00+09:00,367.8065185546875,371.7402781114221,367.8065185546875,367.8065185546875,0,0.0,0.0
2005-08-31 00:00:00+09:00,369.7733334189967,373.70709228515625,369.7733334189967,373.70709228515625,15000,0.0,0.0
2005-09-01 00:00:00+09:00,375.67398961385095,379.6077486673991,375.67398961385095,377.640869140625,17500,0.0,0.0
2005-09-02 00:00:00+09:00,375.6741494292422,379.60791015625,375.6741494292422,379.60791015625,7500,0.0,0.0
2005-09-05 00:00:00+09:00,377.64085115131576,377.64085115131576,373.70709228515625,373.70709228515625,10000,0.0,0.0
2005-09-06 00:00:00+09:00,381.5746154785156,381.5746154785156,381.5746154785156,381.5746154785156,0,0.0,0.0
2005-09-07 00:00:00+09:00,381.57463210978835,381.57463210978835,371.740234375,371.740234375,15000,0.0,0.0
2005-09-08 00:00:00+09:00,367.8065185546875,379.6077972248914,367.8065185546875,367.8065185546875,0,0.0,0.0
2005-09-09 00:00:00+09:00,371.740234375,371.740234375,371.740234375,371.740234375,7500,0.0,0.0
2005-09-12 00:00:00+09:00,381.5746154785156,381.5746154785156,379.6077360172862,381.5746154785156,10000,0.0,0.0
2005-09-13 00:00:00+09:00,387.47521667480464,393.3758544921875,385.5083374023437,393.3758544921875,22500,0.0,0.0
2005-09-14 00:00:00+09:00,432.713375999814,432.713375999814,413.0445861816406,413.0445861816406,45000,0.0,0.0
2005-09-15 00:00:00+09:00,413.04476830267134,426.81292724609375,413.04476830267134,426.81292724609375,22500,0.0,0.0
2005-09-16 00:00:00+09:00,426.81292724609375,432.71356679327477,422.87916754797305,426.81292724609375,25000,0.0,0.0
2005-09-19 00:00:00+09:00,426.81292724609375,426.81292724609375,426.81292724609375,426.81292724609375,0,0.0,0.0
2005-09-20 00:00:00+09:00,426.81292724609375,426.81292724609375,426.81292724609375,426.81292724609375,7500,0.0,0.0
2005-09-21 00:00:00+09:00,399.2765808105469,399.2765808105469,399.2765808105469,399.2765808105469,0,0.0,0.0
2005-09-22 00:00:00+09:00,399.2764923095703,399.2764923095703,387.47521667480464,393.3758544921875,22500,0.0,0.0
2005-09-23 00:00:00+09:00,393.3758544921875,393.3758544921875,393.3758544921875,393.3758544921875,0,0.0,0.0
2005-09-26 00:00:00+09:00,393.3758332361629,403.210229067067,393.3758332361629,395.34271240234375,12500,0.0,0.0
2005-09-27 00:00:00+09:00,385.50837080127695,387.4752502441406,385.50837080127695,387.4752502441406,7500,0.0,0.0
2005-09-28 00:00:00+09:00,387.4751087677784,387.4751087677784,383.5413513183594,383.5413513183594,15000,0.0,0.0
2005-09-29 00:00:00+09:00,379.6077088361011,379.6077088361011,375.6739501953125,375.6739501953125,15000,0.0,0.0
2005-09-30 00:00:00+09:00,379.60791015625,379.60791015625,379.60791015625,379.60791015625,2500,0.0,0.0
2005-10-03 00:00:00+09:00,379.6077486673991,379.6077486673991,377.640869140625,377.640869140625,5000,0.0,0.0
2005-10-04 00:00:00+09:00,383.5413513183594,383.5413513183594,383.5413513183594,383.5413513183594,25000,0.0,0.0
2005-10-05 00:00:00+09:00,383.5414192544755,391.408935546875,383.5414192544755,391.408935546875,12500,0.0,0.0
2005-10-06 00:00:00+09:00,385.5082702636719,385.5082702636719,385.5082702636719,385.5082702636719,2500,0.0,0.0
2005-10-07 00:00:00+09:00,385.5082702636719,385.5082702636719,385.5082702636719,385.5082702636719,2500,0.0,0.0
2005-10-10 00:00:00+09:00,385.5082702636719,385.5082702636719,385.5082702636719,385.5082702636719,0,0.0,0.0
2005-10-11 00:00:00+09:00,385.5082702636719,385.5082702636719,385.5082702636719,385.5082702636719,2500,0.0,0.0
2005-10-12 00:00:00+09:00,387.4752502441406,387.4752502441406,387.4752502441406,387.4752502441406,2500,0.0,0.0
2005-10-13 00:00:00+09:00,387.47522256888595,401.2433776855469,387.47522256888595,401.2433776855469,10000,0.0,0.0
2005-10-14 00:00:00+09:00,389.4421081542969,389.4421081542969,389.4421081542969,389.4421081542969,0,0.0,0.0
2005-10-17 00:00:00+09:00,385.5082702636719,385.5082702636719,385.5082702636719,385.5082702636719,0,0.0,0.0
2005-10-18 00:00:00+09:00,387.4752502441406,387.4752502441406,387.4752502441406,387.4752502441406,5000,0.0,0.0
2005-10-19 00:00:00+09:00,387.4752502441406,387.4752502441406,387.4752502441406,387.4752502441406,2500,0.0,0.0
2005-10-20 00:00:00+09:00,389.4421296870043,389.4421296870043,387.4752502441406,387.4752502441406,7500,0.0,0.0
2005-10-21 00:00:00+09:00,393.3758544921875,393.3758544921875,393.3758544921875,393.3758544921875,0,0.0,0.0
2005-10-24 00:00:00+09:00,389.4421296870043,389.4421296870043,387.4752502441406,387.4752502441406,7500,0.0,0.0
2005-10-25 00:00:00+09:00,389.4420959472656,393.3758544921875,389.4420959472656,393.3758544921875,10000,0.0,0.0
2005-10-26 00:00:00+09:00,397.3095564542761,407.1439514160156,397.3095564542761,407.1439514160156,15000,0.0,0.0
2005-10-27 00:00:00+09:00,407.14401559268725,407.14401559268725,393.37586047602633,401.2433776855469,10000,0.0,0.0
2005-10-28 00:00:00+09:00,395.3427337646484,395.3427337646484,393.3758544921875,393.3758544921875,7500,0.0,0.0
2005-10-31 00:00:00+09:00,393.3758544921875,393.3758544921875,391.4089752197265,393.3758544921875,7500,0.0,0.0
2005-11-01 00:00:00+09:00,399.2765808105469,399.2765808105469,399.2765808105469,399.2765808105469,5000,0.0,0.0
2005-11-02 00:00:00+09:00,407.1439514160156,407.1439514160156,407.1439514160156,407.1439514160156,5000,0.0,0.0
2005-11-03 00:00:00+09:00,407.1439514160156,407.1439514160156,407.1439514160156,407.1439514160156,0,0.0,0.0
2005-11-04 00:00:00+09:00,411.0778457269436,411.0778457269436,403.2103271484375,403.2103271484375,5000,0.0,0.0
2005-11-07 00:00:00+09:00,407.1439514160156,407.1439514160156,407.1439514160156,407.1439514160156,2500,0.0,0.0
2005-11-08 00:00:00+09:00,415.011538872352,424.84593552809497,409.11090087890625,409.11090087890625,20000,0.0,0.0
2005-11-09 00:00:00+09:00,413.0446993449088,413.0446993449088,411.07781982421875,411.07781982421875,7500,0.0,0.0
2005-11-10 00:00:00+09:00,426.81292724609375,426.81292724609375,426.81292724609375,426.81292724609375,5000,0.0,0.0
2005-11-11 00:00:00+09:00,418.94526991733284,422.8790283203125,418.94526991733284,422.8790283203125,5000,0.0,0.0
2005-11-14 00:00:00+09:00,430.74665166290714,430.74665166290714,418.94537353515625,418.94537353515625,10000,0.0,0.0
2005-11-15 00:00:00+09:00,418.94526991733284,422.8790283203125,418.94526991733284,422.8790283203125,10000,0.0,0.0
2005-11-16 00:00:00+09:00,424.845947265625,424.845947265625,424.845947265625,424.845947265625,2500,0.0,0.0
2005-11-17 00:00:00+09:00,426.8128922869902,426.8128922869902,418.94537353515625,418.94537353515625,7500,0.0,0.0
2005-11-18 00:00:00+09:00,424.8460522232769,424.8460522232769,420.91229248046875,420.91229248046875,15000,0.0,0.0
2005-11-21 00:00:00+09:00,420.91229248046875,420.91229248046875,420.91229248046875,420.91229248046875,2500,0.0,0.0
2005-11-22 00:00:00+09:00,426.81292724609375,428.77980709515407,422.87916754797305,426.81292724609375,22500,0.0,0.0
2005-11-23 00:00:00+09:00,426.81292724609375,426.81292724609375,426.81292724609375,426.81292724609375,0,0.0,0.0
2005-11-24 00:00:00+09:00,432.7134614012557,432.7134614012557,430.74658203125,430.74658203125,5000,0.0,0.0
2005-11-25 00:00:00+09:00,442.54791259765625,442.54791259765625,438.61415337456594,442.54791259765625,22500,0.0,0.0
2005-11-28 00:00:00+09:00,446.4816249681556,452.38226318359375,446.4816249681556,452.38226318359375,7500,0.0,0.0
2005-11-29 00:00:00+09:00,452.38212649561774,468.1171569824219,452.38212649561774,468.1171569824219,12500,0.0,0.0
2005-11-30 00:00:00+09:00,460.24983822982927,460.24983822982927,444.5148010253906,444.5148010253906,10000,0.0,0.0
2005-12-01 00:00:00+09:00,432.7134883296382,444.5147652840829,428.7797293448233,436.6472473144531,17500,0.0,0.0
2005-12-02 00:00:00+09:00,442.5479213748358,444.5148010253906,432.7135231220617,444.5148010253906,17500,0.0,0.0
2005-12-05 00:00:00+09:00,438.61411421639576,440.58099365234375,438.61411421639576,440.58099365234375,7500,0.0,0.0
2005-12-06 00:00:00+09:00,432.7134614012557,432.7134614012557,428.7797026612443,430.74658203125,20000,0.0,0.0
2005-12-07 00:00:00+09:00,440.58095396580717,440.58095396580717,438.61407470703125,438.61407470703125,10000,0.0,0.0
2005-12-08 00:00:00+09:00,438.6140995112728,438.6140995112728,430.74658203125,430.74658203125,20000,0.0,0.0
2005-12-09 00:00:00+09:00,434.6803941514757,442.54791259765625,434.6803941514757,442.54791259765625,7500,0.0,0.0
2005-12-12 00:00:00+09:00,452.38222965355084,460.2497466910039,452.38222965355084,458.2828674316406,17500,0.0,0.0
2005-12-13 00:00:00+09:00,466.150447845459,475.98484547932946,466.150447845459,472.05108642578125,20000,0.0,0.0
2005-12-14 00:00:00+09:00,472.05107590247843,472.05107590247843,456.3160400390625,456.3160400390625,5000,0.0,0.0
2005-12-15 00:00:00+09:00,452.38226318359375,472.0510572350544,452.38226318359375,452.38226318359375,0,0.0,0.0
2005-12-16 00:00:00+09:00,452.38208985431885,456.3158471573999,452.38208985431885,454.3489685058594,10000,0.0,0.0
2005-12-19 00:00:00+09:00,450.41542695697984,456.3160657380756,448.44854736328125,448.44854736328125,12500,0.0,0.0
2005-12-20 00:00:00+09:00,483.8523776307398,483.8523776307398,481.885498046875,481.885498046875,40000,0.0,0.0
2005-12-21 00:00:00+09:00,485.81920928955077,519.2561589167668,485.81920928955077,511.3886413574219,37500,0.0,0.0
2005-12-22 00:00:00+09:00,590.0637817382812,590.0637817382812,590.0637817382812,590.0637817382812,12500,0.0,0.0
2005-12-23 00:00:00+09:00,590.0637817382812,590.0637817382812,590.0637817382812,590.0637817382812,0,0.0,0.0
2005-12-26 00:00:00+09:00,688.4076538085938,688.4076538085938,629.4012834821428,688.4076538085938,250000,0.0,0.0
2005-12-27 00:00:00+09:00,690.3746585900915,690.3746585900915,645.136433098433,682.5071411132812,75000,0.0,0.0
2005-12-28 00:00:00+09:00,662.8381918859899,688.4076176857461,662.8381918859899,674.6394653320312,35000,0.0,0.0
2005-12-29 00:00:00+09:00,682.5069809627255,682.5069809627255,658.9044340706428,674.6394653320312,35000,0.0,0.0
2005-12-30 00:00:00+09:00,662.8382568359375,662.8382568359375,662.8382568359375,662.8382568359375,0,0.0,0.0
2006-01-02 00:00:00+09:00,662.8382568359375,662.8382568359375,662.8382568359375,662.8382568359375,0,0.0,0.0
2006-01-03 00:00:00+09:00,662.8382568359375,662.8382568359375,662.8382568359375,662.8382568359375,0,0.0,0.0
2006-01-04 00:00:00+09:00,629.4013671875,629.4013671875,629.4013671875,629.4013671875,0,0.0,0.0
2006-01-05 00:00:00+09:00,637.2689841205212,637.2689841205212,599.8982720887623,603.83203125,20000,0.0,0.0
2006-01-06 00:00:00+09:00,619.5669708251953,629.4013671875,619.5669708251953,629.4013671875,12500,0.0,0.0
2006-01-09 00:00:00+09:00,629.4013671875,629.4013671875,629.4013671875,629.4013671875,0,0.0,0.0
2006-01-10 00:00:00+09:00,658.9046236140999,664.8052620345247,656.937744140625,656.937744140625,12500,0.0,0.0
2006-01-11 00:00:00+09:00,649.0702262467253,658.9046236140999,649.0702262467253,656.937744140625,7500,0.0,0.0
2006-01-12 00:00:00+09:00,658.9045381263868,664.80517578125,643.1695043800851,664.80517578125,10000,0.0,0.0
2006-01-13 00:00:00+09:00,664.8051518668905,678.5733058996368,664.8051518668905,672.6726684570312,20000,0.0,0.0
2006-01-16 00:00:00+09:00,668.7390964924409,676.606615274705,664.805337101309,666.772216796875,17500,0.0,0.0
2006-01-17 00:00:00+09:00,670.7059805733817,688.4078979492188,660.87158203125,660.87158203125,35000,0.0,0.0
2006-01-18 00:00:00+09:00,680.5401470477764,696.2751793494591,562.5274047851562,613.666259765625,172500,0.0,0.0
2006-01-19 00:00:00+09:00,609.7325106193682,645.1363338166219,609.7325106193682,641.2025756835938,27500,0.0,0.0
2006-01-20 00:00:00+09:00,688.4077016373127,688.4077016373127,672.6726684570312,672.6726684570312,20000,0.0,0.0
2006-01-23 00:00:00+09:00,660.8713663487347,660.8713663487347,641.2025756835938,641.2025756835938,20000,0.0,0.0
2006-01-24 00:00:00+09:00,649.0701293945312,649.0701293945312,649.0701293945312,649.0701293945312,2500,0.0,0.0
2006-01-25 00:00:00+09:00,621.5339136180763,656.937744140625,621.5339136180763,656.937744140625,10000,0.0,0.0
2006-01-26 00:00:00+09:00,658.9046630859375,658.9046630859375,658.9046630859375,658.9046630859375,2500,0.0,0.0
2006-01-27 00:00:00+09:00,666.7720733642578,668.7389526367188,629.4013671875,629.4013671875,22500,0.0,0.0
2006-01-30 00:00:00+09:00,666.7720733642578,668.7389526367188,666.7720733642578,668.7389526367188,10000,0.0,0.0
2006-01-31 00:00:00+09:00,668.7390247356495,668.7390247356495,651.037109375,651.037109375,12500,0.0,0.0
2006-02-01 00:00:00+09:00,658.9046630859375,658.9046630859375,658.9046630859375,658.9046630859375,5000,0.0,0.0
2006-02-02 00:00:00+09:00,658.9044986351307,662.8382568359375,658.9044986351307,662.8382568359375,5000,0.0,0.0
2006-02-03 00:00:00+09:00,660.871577710177,666.772216796875,660.871577710177,666.772216796875,7500,0.0,0.0
2006-02-06 00:00:00+09:00,670.705976188007,670.705976188007,666.772216796875,666.772216796875,7500,0.0,0.0
2006-02-07 00:00:00+09:00,656.9376770019531,668.7389526367188,651.0370391845703,668.7389526367188,25000,0.0,0.0
2006-02-08 00:00:00+09:00,653.0039184570312,668.7389526367188,653.0039184570312,668.7389526367188,20000,0.0,0.0
2006-02-09 00:00:00+09:00,678.5734252929688,678.5734252929688,678.5734252929688,678.5734252929688,2500,0.0,0.0
2006-02-10 00:00:00+09:00,680.5403047865716,680.5403047865716,678.5734252929688,678.5734252929688,5000,0.0,0.0
2006-02-13 00:00:00+09:00,676.6063988808473,676.6063988808473,641.2025756835938,641.2025756835938,25000,0.0,0.0
2006-02-14 00:00:00+09:00,639.2357390603902,639.2357390603902,629.4013430748457,637.2688598632812,7500,0.0,0.0
2006-02-15 00:00:00+09:00,664.80517578125,664.80517578125,664.80517578125,664.80517578125,2500,0.0,0.0
2006-02-16 00:00:00+09:00,656.9376382948477,656.9376382948477,621.5338134765625,621.5338134765625,10000,0.0,0.0
2006-02-17 00:00:00+09:00,609.7327142564701,609.7327142564701,572.3619995117188,572.3619995117188,15000,0.0,0.0
2006-02-20 00:00:00+09:00,570.3949798267192,570.3949798267192,519.2561195663927,568.4281005859375,37500,0.0,0.0
2006-02-21 00:00:00+09:00,560.560721171271,572.3619995117188,552.6932022776391,572.3619995117188,20000,0.0,0.0
2006-02-22 00:00:00+09:00,625.4675903320312,625.4675903320312,625.4675903320312,625.4675903320312,0,0.0,0.0
2006-02-23 00:00:00+09:00,619.5668605116547,619.5668605116547,592.0305556000257,599.8980712890625,10000,0.0,0.0
2006-02-24 00:00:00+09:00,625.4675903320312,625.4675903320312,625.4675903320312,625.4675903320312,2500,0.0,0.0
2006-02-27 00:00:00+09:00,592.0307006835938,629.401409364618,592.0307006835938,592.0307006835938,0,0.0,0.0
2006-02-28 00:00:00+09:00,593.99755859375,627.4345072563121,593.99755859375,593.99755859375,0,0.0,0.0
2006-03-01 00:00:00+09:00,593.9977121126853,593.9977121126853,580.2295532226562,580.2295532226562,12500,0.0,0.0
2006-03-02 00:00:00+09:00,580.2294276704724,586.1300659179688,580.2294276704724,586.1300659179688,20000,0.0,0.0
2006-03-03 00:00:00+09:00,562.527481585851,562.527481585851,533.0242919921875,533.0242919921875,15000,0.0,0.0
2006-03-06 00:00:00+09:00,584.1631469726562,584.1631469726562,584.1631469726562,584.1631469726562,0,0.0,0.0
2006-03-07 00:00:00+09:00,544.8256289164226,566.4613037109375,544.8256289164226,566.4613037109375,12500,0.0,0.0
2006-03-08 00:00:00+09:00,552.693115234375,552.693115234375,552.693115234375,552.693115234375,2500,0.0,0.0
2006-03-09 00:00:00+09:00,580.2293884071838,584.1631469726562,580.2293884071838,584.1631469726562,5000,0.0,0.0
2006-03-10 00:00:00+09:00,562.527587890625,609.732700161167,562.527587890625,562.527587890625,0,0.0,0.0
2006-03-13 00:00:00+09:00,570.39501953125,619.5670039735991,570.39501953125,570.39501953125,0,0.0,0.0
2006-03-14 00:00:00+09:00,590.0637817382812,590.0637817382812,590.0637817382812,590.0637817382812,2500,0.0,0.0
2006-03-15 00:00:00+09:00,590.0637817382812,590.0637817382812,590.0637817382812,590.0637817382812,2500,0.0,0.0
2006-03-16 00:00:00+09:00,599.8980712890625,599.8980712890625,599.8980712890625,599.8980712890625,2500,0.0,0.0
2006-03-17 00:00:00+09:00,590.0637817382812,613.6663330078125,590.0637817382812,590.0637817382812,0,0.0,0.0
2006-03-20 00:00:00+09:00,599.8980712890625,599.8980712890625,599.8980712890625,599.8980712890625,5000,0.0,0.0
2006-03-21 00:00:00+09:00,599.8980712890625,599.8980712890625,599.8980712890625,599.8980712890625,0,0.0,0.0
2006-03-22 00:00:00+09:00,566.4613037109375,566.4613037109375,566.4613037109375,566.4613037109375,0,0.0,0.0
2006-03-23 00:00:00+09:00,599.8981781005859,599.8981781005859,590.0637817382812,590.0637817382812,7500,0.0,0.0
2006-03-24 00:00:00+09:00,599.8981750286845,599.8981750286845,595.9644165039062,595.9644165039062,10000,0.0,0.0
2006-03-27 00:00:00+09:00,601.8649502113217,601.8649502113217,599.8980712890625,599.8980712890625,20000,0.0,0.0
2006-03-28 00:00:00+09:00,592.0307006835938,609.7326153219736,592.0307006835938,592.0307006835938,0,0.0,0.0
2006-03-29 00:00:00+09:00,552.693115234375,605.7988594028025,552.693115234375,552.693115234375,0,0.0,0.0
2006-03-30 00:00:00+09:00,601.8650663811294,611.699462890625,601.8650663811294,611.699462890625,10000,0.0,0.0
2006-03-31 00:00:00+09:00,580.2295532226562,625.4677895756091,580.2295532226562,580.2295532226562,0,0.0,0.0
2006-04-03 00:00:00+09:00,576.2956354564409,611.699462890625,576.2956354564409,611.699462890625,22500,0.0,0.0
2006-04-04 00:00:00+09:00,609.732666015625,619.5670638545866,609.732666015625,609.732666015625,0,0.0,0.0
2006-04-05 00:00:00+09:00,590.0637817382812,629.4013671875,590.0637817382812,590.0637817382812,0,0.0,0.0
2006-04-06 00:00:00+09:00,629.4013671875,635.3020050048827,629.4013671875,629.4013671875,15000,0.0,0.0
2006-04-07 00:00:00+09:00,599.8980712890625,639.235649734247,599.8980712890625,599.8980712890625,0,0.0,0.0
2006-04-10 00:00:00+09:00,599.8980712890625,599.8980712890625,599.8980712890625,599.8980712890625,0,0.0,0.0
2006-04-11 00:00:00+09:00,599.8980712890625,599.8980712890625,599.8980712890625,599.8980712890625,2500,0.0,0.0
2006-04-12 00:00:00+09:00,593.99755859375,629.401386589404,593.99755859375,593.99755859375,0,0.0,0.0
2006-04-13 00:00:00+09:00,592.0307006835938,629.401409364618,592.0307006835938,592.0307006835938,0,0.0,0.0
2006-04-14 00:00:00+09:00,599.8982681766634,609.732666015625,599.8982681766634,609.732666015625,7500,0.0,0.0
2006-04-17 00:00:00+09:00,599.8982183006515,599.8982183006515,592.0307006835938,592.0307006835938,5000,0.0,0.0
2006-04-18 00:00:00+09:00,621.5338134765625,621.5338134765625,621.5338134765625,621.5338134765625,0,0.0,0.0
2006-04-19 00:00:00+09:00,601.8651123046875,601.8651123046875,601.8651123046875,601.8651123046875,2500,0.0,0.0
2006-04-20 00:00:00+09:00,599.8980712890625,617.5999815893955,599.8980712890625,599.8980712890625,0,0.0,0.0
2006-04-21 00:00:00+09:00,599.8981781005859,599.8981781005859,590.0637817382812,590.0637817382812,10000,0.0,0.0
2006-04-24 00:00:00+09:00,590.0637817382812,590.0637817382812,586.1300231933593,590.0637817382812,10000,0.0,0.0
2006-04-25 00:00:00+09:00,580.2292860152331,597.9311964360368,580.2292860152331,588.0968017578125,12500,0.0,0.0
2006-04-26 00:00:00+09:00,597.9313354492188,597.9313354492188,597.9313354492188,597.9313354492188,5000,0.0,0.0
2006-04-27 00:00:00+09:00,590.0637817382812,627.4344879150391,590.0637817382812,590.0637817382812,0,0.0,0.0
2006-04-28 00:00:00+09:00,617.6002197265625,617.6002197265625,617.6002197265625,617.6002197265625,0,0.0,0.0
2006-05-01 00:00:00+09:00,595.9644165039062,617.6000883901867,595.9644165039062,595.9644165039062,0,0.0,0.0
2006-05-02 00:00:00+09:00,592.030749905494,609.732666015625,592.030749905494,609.732666015625,5000,0.0,0.0
2006-05-03 00:00:00+09:00,609.732666015625,609.732666015625,609.732666015625,609.732666015625,0,0.0,0.0
2006-05-04 00:00:00+09:00,609.732666015625,609.732666015625,609.732666015625,609.732666015625,0,0.0,0.0
2006-05-05 00:00:00+09:00,609.732666015625,609.732666015625,609.732666015625,609.732666015625,0,0.0,0.0
2006-05-08 00:00:00+09:00,593.99755859375,615.6332312577608,593.99755859375,593.99755859375,0,0.0,0.0
2006-05-09 00:00:00+09:00,617.6002197265625,617.6002197265625,617.6002197265625,617.6002197265625,10000,0.0,0.0
2006-05-10 00:00:00+09:00,635.3020629882812,635.3020629882812,615.6332684685202,635.3020629882812,7500,0.0,0.0
2006-05-11 00:00:00+09:00,615.6333618164062,615.6333618164062,615.6333618164062,615.6333618164062,2500,0.0,0.0
2006-05-12 00:00:00+09:00,599.8980712890625,599.8980712890625,593.9974345222848,599.8980712890625,10000,0.0,0.0
2006-05-15 00:00:00+09:00,609.732666015625,609.732666015625,609.732666015625,609.732666015625,7500,0.0,0.0
2006-05-16 00:00:00+09:00,590.0637817382812,590.0637817382812,590.0637817382812,590.0637817382812,2500,0.0,0.0
2006-05-17 00:00:00+09:00,586.1300545528018,586.1300545528018,570.39501953125,570.39501953125,12500,0.0,0.0
2006-05-18 00:00:00+09:00,570.3949890136719,590.0637817382812,570.3949890136719,590.0637817382812,12500,0.0,0.0
2006-05-19 00:00:00+09:00,572.3619995117188,609.7327142564701,572.3619995117188,572.3619995117188,0,0.0,0.0
2006-05-22 00:00:00+09:00,580.2293730435306,580.2293730435306,574.3287353515625,574.3287353515625,7500,0.0,0.0
2006-05-23 00:00:00+09:00,566.4612651624177,597.9313354492188,560.5606269836426,597.9313354492188,17500,0.0,0.0
2006-05-24 00:00:00+09:00,607.765625,607.765625,607.765625,607.765625,2500,0.0,0.0
2006-05-25 00:00:00+09:00,597.9313354492188,597.9313354492188,597.9313354492188,597.9313354492188,5000,0.0,0.0
2006-05-26 00:00:00+09:00,580.2295532226562,599.8983516369836,580.2295532226562,580.2295532226562,0,0.0,0.0
2006-05-29 00:00:00+09:00,595.9644165039062,595.9644165039062,595.9644165039062,595.9644165039062,2500,0.0,0.0
2006-05-30 00:00:00+09:00,550.7262573242188,599.8982445853097,550.7262573242188,550.7262573242188,0,0.0,0.0
2006-05-31 00:00:00+09:00,552.693115234375,599.8982211618661,552.693115234375,552.693115234375,0,0.0,0.0
2006-06-01 00:00:00+09:00,588.0969184741639,588.0969184741639,560.5606079101562,560.5606079101562,10000,0.0,0.0
2006-06-02 00:00:00+09:00,552.693090606154,580.2294011701617,550.7262112801535,560.5606079101562,42500,0.0,0.0
2006-06-05 00:00:00+09:00,580.2295532226562,580.2295532226562,580.2295532226562,580.2295532226562,2500,0.0,0.0
2006-06-06 00:00:00+09:00,548.7593994140625,584.1632316343246,548.7593994140625,548.7593994140625,0,0.0,0.0
2006-06-07 00:00:00+09:00,548.7593994140625,548.7593994140625,548.7593994140625,548.7593994140625,0,0.0,0.0
2006-06-08 00:00:00+09:00,550.7262124115566,550.7262124115566,521.2230224609375,521.2230224609375,12500,0.0,0.0
2006-06-09 00:00:00+09:00,536.9578963660542,584.1629861564767,536.9578963660542,576.2954711914062,20000,0.0,0.0
2006-06-12 00:00:00+09:00,540.891845703125,540.891845703125,540.891845703125,540.891845703125,0,0.0,0.0
2006-06-13 00:00:00+09:00,542.8587251420454,548.7593634588068,540.891845703125,540.891845703125,17500,0.0,0.0
2006-06-14 00:00:00+09:00,536.9581008911133,550.7262573242188,521.2230649675641,550.7262573242188,17500,0.0,0.0
2006-06-15 00:00:00+09:00,550.7262573242188,550.7262573242188,550.7262573242188,550.7262573242188,2500,0.0,0.0
2006-06-16 00:00:00+09:00,566.4612458881579,576.2956425181607,560.5606079101562,560.5606079101562,7500,0.0,0.0
2006-06-19 00:00:00+09:00,552.6931368146624,552.6931368146624,550.7262573242188,550.7262573242188,5000,0.0,0.0
2006-06-20 00:00:00+09:00,550.7262573242188,550.7262573242188,550.7262573242188,550.7262573242188,2500,0.0,0.0
2006-06-21 00:00:00+09:00,542.8587251420454,542.8587251420454,540.891845703125,540.891845703125,5000,0.0,0.0
2006-06-22 00:00:00+09:00,542.8589477539062,542.8589477539062,542.8589477539062,542.8589477539062,5000,0.0,0.0
2006-06-23 00:00:00+09:00,538.9249955362349,538.9249955362349,527.1237182617188,527.1237182617188,12500,0.0,0.0
2006-06-26 00:00:00+09:00,527.123696706552,529.090576171875,527.123696706552,529.090576171875,7500,0.0,0.0
2006-06-27 00:00:00+09:00,544.8256188528878,550.7262573242188,544.8256188528878,550.7262573242188,10000,0.0,0.0
2006-06-28 00:00:00+09:00,540.891845703125,540.891845703125,540.891845703125,540.891845703125,2500,0.0,0.0
2006-06-29 00:00:00+09:00,554.6598510742188,554.6598510742188,554.6598510742188,554.6598510742188,2500,0.0,0.0
2006-06-30 00:00:00+09:00,534.9912719726562,570.3951061473174,534.9912719726562,534.9912719726562,0,0.0,0.0
2006-07-03 00:00:00+09:00,552.6931051320043,570.39501953125,552.6931051320043,570.39501953125,15000,0.0,0.0
2006-07-04 00:00:00+09:00,554.6598510742188,572.3617612148853,554.6598510742188,554.6598510742188,0,0.0,0.0
2006-07-05 00:00:00+09:00,560.5606079101562,572.3618838661595,560.5606079101562,560.5606079101562,0,0.0,0.0
2006-07-06 00:00:00+09:00,560.5606079101562,560.5606079101562,560.5606079101562,560.5606079101562,2500,0.0,0.0
2006-07-07 00:00:00+09:00,558.5937752859933,558.5937752859933,550.7262573242188,550.7262573242188,10000,0.0,0.0
2006-07-10 00:00:00+09:00,550.7261376776851,550.7261376776851,544.8255004882812,544.8255004882812,5000,0.0,0.0
2006-07-11 00:00:00+09:00,542.8589477539062,542.8589477539062,542.8589477539062,542.8589477539062,2500,0.0,0.0
2006-07-12 00:00:00+09:00,552.6930818209682,552.6930818209682,538.9249267578125,538.9249267578125,10000,0.0,0.0
2006-07-13 00:00:00+09:00,531.057373046875,560.560560438368,531.057373046875,531.057373046875,0,0.0,0.0
2006-07-14 00:00:00+09:00,531.057373046875,570.3949562355324,531.057373046875,531.057373046875,0,0.0,0.0
2006-07-17 00:00:00+09:00,531.057373046875,531.057373046875,531.057373046875,531.057373046875,0,0.0,0.0
2006-07-18 00:00:00+09:00,540.8918811428931,548.7593994140625,540.8918811428931,548.7593994140625,5000,0.0,0.0
2006-07-19 00:00:00+09:00,533.0242522063079,533.0242522063079,531.057373046875,531.057373046875,7500,0.0,0.0
2006-07-20 00:00:00+09:00,531.0574485085227,540.891845703125,525.1568101917613,540.891845703125,12500,0.0,0.0
2006-07-21 00:00:00+09:00,536.9580688476562,546.7924657129979,536.9580688476562,536.9580688476562,0,0.0,0.0
2006-07-24 00:00:00+09:00,540.891845703125,540.891845703125,540.891845703125,540.891845703125,2500,0.0,0.0
2006-07-25 00:00:00+09:00,540.891845703125,540.891845703125,540.891845703125,540.891845703125,7500,0.0,0.0
2006-07-26 00:00:00+09:00,560.5606079101562,560.5606079101562,560.5606079101562,560.5606079101562,5000,0.0,0.0
2006-07-27 00:00:00+09:00,534.9912719726562,566.4613467945773,534.9912719726562,534.9912719726562,0,0.0,0.0
2006-07-28 00:00:00+09:00,534.9912719726562,566.4613467945773,534.9912719726562,534.9912719726562,0,0.0,0.0
2006-07-31 00:00:00+09:00,560.5605807369702,574.3287353515625,560.5605807369702,574.3287353515625,15000,0.0,0.0
2006-08-01 00:00:00+09:00,576.2956268310546,590.0637817382812,576.2956268310546,590.0637817382812,17500,0.0,0.0
2006-08-02 00:00:00+09:00,588.0969339304957,588.0969339304957,570.39501953125,570.39501953125,7500,0.0,0.0
2006-08-03 00:00:00+09:00,588.0968017578125,588.0968017578125,588.0968017578125,588.0968017578125,0,0.0,0.0
2006-08-04 00:00:00+09:00,574.3288792351267,574.3288792351267,572.3619995117188,572.3619995117188,5000,0.0,0.0
2006-08-07 00:00:00+09:00,550.7262573242188,584.1632086617606,550.7262573242188,550.7262573242188,0,0.0,0.0
2006-08-08 00:00:00+09:00,546.79248046875,584.163189565535,546.79248046875,546.79248046875,0,0.0,0.0
2006-08-09 00:00:00+09:00,546.79248046875,546.79248046875,546.79248046875,546.79248046875,2500,0.0,0.0
2006-08-10 00:00:00+09:00,542.8589477539062,576.2959119271541,542.8589477539062,542.8589477539062,0,0.0,0.0
2006-08-11 00:00:00+09:00,570.39501953125,570.39501953125,570.39501953125,570.39501953125,5000,0.0,0.0
2006-08-14 00:00:00+09:00,580.2295532226562,580.2295532226562,580.2295532226562,580.2295532226562,2500,0.0,0.0
2006-08-15 00:00:00+09:00,570.39501953125,570.39501953125,570.39501953125,570.39501953125,2500,0.0,0.0
2006-08-16 00:00:00+09:00,580.2294164197198,582.1962957974138,570.39501953125,570.39501953125,7500,0.0,0.0
2006-08-17 00:00:00+09:00,582.1961649508779,588.0968017578125,582.1961649508779,588.0968017578125,7500,0.0,0.0
2006-08-18 00:00:00+09:00,564.4943813981681,570.39501953125,564.4943813981681,570.39501953125,5000,0.0,0.0
2006-08-21 00:00:00+09:00,568.4281832377117,568.4281832377117,566.4613037109375,566.4613037109375,5000,0.0,0.0
2006-08-22 00:00:00+09:00,574.3287353515625,574.3287353515625,574.3287353515625,574.3287353515625,2500,0.0,0.0
2006-08-23 00:00:00+09:00,566.4613037109375,566.4613037109375,566.4613037109375,566.4613037109375,0,0.0,0.0
2006-08-24 00:00:00+09:00,562.527587890625,562.527587890625,562.527587890625,562.527587890625,0,0.0,0.0
2006-08-25 00:00:00+09:00,572.3619995117188,572.3619995117188,572.3619995117188,572.3619995117188,2500,0.0,0.0
2006-08-28 00:00:00+09:00,562.527587890625,574.3288659582605,562.527587890625,562.527587890625,0,0.0,0.0
2006-08-29 00:00:00+09:00,564.4943421043739,568.4281005859375,564.4943421043739,568.4281005859375,7500,0.0,0.0
2006-08-30 00:00:00+09:00,566.4613037109375,576.295701344808,566.4613037109375,566.4613037109375,0,0.0,0.0
2006-08-31 00:00:00+09:00,560.5604412612655,576.2954711914062,560.5604412612655,576.2954711914062,10000,0.0,0.0
2006-09-01 00:00:00+09:00,592.0307041654651,592.0307041654651,586.1300659179688,586.1300659179688,5000,0.0,0.0
2006-09-04 00:00:00+09:00,590.0637817382812,590.0637817382812,590.0637817382812,590.0637817382812,5000,0.0,0.0
2006-09-05 00:00:00+09:00,590.063824749633,590.063824749633,586.1300659179688,586.1300659179688,27500,0.0,0.0
2006-09-06 00:00:00+09:00,590.0637817382812,590.0637817382812,590.0637817382812,590.0637817382812,7500,0.0,0.0
2006-09-07 00:00:00+09:00,597.9312957662954,597.9312957662954,595.9644165039062,595.9644165039062,7500,0.0,0.0
2006-09-08 00:00:00+09:00,595.964313444544,599.8980712890625,595.964313444544,599.8980712890625,7500,0.0,0.0
2006-09-11 00:00:00+09:00,592.0307006835938,592.0307006835938,592.0307006835938,592.0307006835938,0,0.0,0.0
2006-09-12 00:00:00+09:00,597.9313354492188,597.9313354492188,597.9313354492188,597.9313354492188,2500,0.0,0.0
2006-09-13 00:00:00+09:00,599.8980712890625,599.8980712890625,599.8980712890625,599.8980712890625,2500,0.0,0.0
2006-09-14 00:00:00+09:00,599.8980712890625,601.8649502113217,599.8980712890625,599.8980712890625,7500,0.0,0.0
2006-09-15 00:00:00+09:00,599.8980712890625,599.8980712890625,599.8980712890625,599.8980712890625,5000,0.0,0.0
2006-09-18 00:00:00+09:00,599.8980712890625,599.8980712890625,599.8980712890625,599.8980712890625,0,0.0,0.0
2006-09-19 00:00:00+09:00,599.8980712890625,599.8980712890625,599.8980712890625,599.8980712890625,5000,0.0,0.0
2006-09-20 00:00:00+09:00,580.2292286739414,580.2292286739414,576.2954711914062,576.2954711914062,7500,0.0,0.0
2006-09-21 00:00:00+09:00,578.2623499326738,578.2623499326738,576.2954711914062,576.2954711914062,5000,0.0,0.0
2006-09-22 00:00:00+09:00,570.39501953125,570.39501953125,570.39501953125,570.39501953125,2500,0.0,0.0
2006-09-25 00:00:00+09:00,564.4942626953125,590.0636892285497,564.4942626953125,564.4942626953125,0,0.0,0.0
2006-09-26 00:00:00+09:00,586.1300659179688,586.1300659179688,586.1300659179688,586.1300659179688,0,0.0,0.0
2006-09-27 00:00:00+09:00,572.3619995117188,586.1301575755746,572.3619995117188,572.3619995117188,0,0.0,0.0
2006-09-28 00:00:00+09:00,572.3619995117188,586.1301575755746,572.3619995117188,572.3619995117188,0,0.0,0.0
2006-09-29 00:00:00+09:00,586.1300659179688,586.1300659179688,586.1300659179688,586.1300659179688,0,0.0,0.0
2006-10-02 00:00:00+09:00,588.0969561408548,601.8651123046875,588.0969561408548,601.8651123046875,10000,0.0,0.0
2006-10-03 00:00:00+09:00,584.1631469726562,584.1631469726562,584.1631469726562,584.1631469726562,0,0.0,0.0
2006-10-04 00:00:00+09:00,568.4281005859375,601.8650476792279,568.4281005859375,568.4281005859375,0,0.0,0.0
2006-10-05 00:00:00+09:00,572.3619995117188,601.8651953628383,572.3619995117188,572.3619995117188,0,0.0,0.0
2006-10-06 00:00:00+09:00,574.3287353515625,574.3287353515625,574.3287353515625,574.3287353515625,0,0.0,0.0
2006-10-09 00:00:00+09:00,574.3287353515625,574.3287353515625,574.3287353515625,574.3287353515625,0,0.0,0.0
2006-10-10 00:00:00+09:00,576.2956576643319,576.2956576643319,570.39501953125,570.39501953125,7500,0.0,0.0
2006-10-11 00:00:00+09:00,570.39501953125,570.39501953125,570.39501953125,570.39501953125,2500,0.0,0.0
2006-10-12 00:00:00+09:00,562.527587890625,562.527587890625,562.527587890625,562.527587890625,2500,0.0,0.0
2006-10-13 00:00:00+09:00,570.39501953125,570.39501953125,570.39501953125,570.39501953125,2500,0.0,0.0
2006-10-16 00:00:00+09:00,578.2625732421875,578.2625732421875,578.2625732421875,578.2625732421875,2500,0.0,0.0
2006-10-17 00:00:00+09:00,570.39501953125,580.2294164197198,570.39501953125,570.39501953125,0,0.0,0.0
2006-10-18 00:00:00+09:00,568.4281005859375,580.2293760306283,568.4281005859375,568.4281005859375,0,0.0,0.0
2006-10-19 00:00:00+09:00,570.39501953125,580.2294164197198,570.39501953125,570.39501953125,0,0.0,0.0
2006-10-20 00:00:00+09:00,570.39501953125,580.2294164197198,570.39501953125,570.39501953125,0,0.0,0.0
2006-10-23 00:00:00+09:00,570.39501953125,580.2294164197198,570.39501953125,570.39501953125,0,0.0,0.0
2006-10-24 00:00:00+09:00,576.2957589585347,576.2957589585347,572.3619995117188,572.3619995117188,5000,0.0,0.0
2006-10-25 00:00:00+09:00,566.4613037109375,582.1963399251302,566.4613037109375,566.4613037109375,0,0.0,0.0
2006-10-26 00:00:00+09:00,582.1962890625,582.1962890625,582.1962890625,582.1962890625,0,0.0,0.0
2006-10-27 00:00:00+09:00,576.2957935397908,580.2295532226562,576.2957935397908,580.2295532226562,5000,0.0,0.0
2006-10-30 00:00:00+09:00,560.5606079101562,560.5606079101562,560.5606079101562,560.5606079101562,0,0.0,0.0
2006-10-31 00:00:00+09:00,570.39501953125,570.39501953125,570.39501953125,570.39501953125,5000,0.0,0.0
2006-11-01 00:00:00+09:00,578.2625732421875,578.2625732421875,578.2625732421875,578.2625732421875,2500,0.0,0.0
2006-11-02 00:00:00+09:00,564.4942626953125,580.2292944080739,564.4942626953125,564.4942626953125,0,0.0,0.0
2006-11-03 00:00:00+09:00,564.4942626953125,564.4942626953125,564.4942626953125,564.4942626953125,0,0.0,0.0
2006-11-06 00:00:00+09:00,562.527587890625,582.1963846700176,562.527587890625,562.527587890625,0,0.0,0.0
2006-11-07 00:00:00+09:00,562.527587890625,580.2295049920782,562.527587890625,562.527587890625,0,0.0,0.0
2006-11-08 00:00:00+09:00,566.4613037109375,566.4613037109375,566.4613037109375,566.4613037109375,2500,0.0,0.0
2006-11-09 00:00:00+09:00,562.527587890625,574.3288659582605,562.527587890625,562.527587890625,0,0.0,0.0
2006-11-10 00:00:00+09:00,562.5274872361567,562.5274872361567,560.5606079101562,560.5606079101562,7500,0.0,0.0
2006-11-13 00:00:00+09:00,560.5606079101562,560.5606079101562,560.5606079101562,560.5606079101562,2500,0.0,0.0
2006-11-14 00:00:00+09:00,560.5606079101562,560.5606079101562,560.5606079101562,560.5606079101562,2500,0.0,0.0
2006-11-15 00:00:00+09:00,540.891845703125,566.4612784090909,540.891845703125,540.891845703125,0,0.0,0.0
2006-11-16 00:00:00+09:00,544.8255004882812,566.4611701827617,544.8255004882812,544.8255004882812,0,0.0,0.0
2006-11-17 00:00:00+09:00,544.8255004882812,562.5274120564926,544.8255004882812,544.8255004882812,0,0.0,0.0
2006-11-20 00:00:00+09:00,550.7262573242188,550.7262573242188,550.7262573242188,550.7262573242188,2500,0.0,0.0
2006-11-21 00:00:00+09:00,550.7262573242188,550.7262573242188,550.7262573242188,550.7262573242188,2500,0.0,0.0
2006-11-22 00:00:00+09:00,533.0242919921875,533.0242919921875,533.0242919921875,533.0242919921875,2500,0.0,0.0
2006-11-23 00:00:00+09:00,533.0242919921875,533.0242919921875,533.0242919921875,533.0242919921875,0,0.0,0.0
2006-11-24 00:00:00+09:00,531.057373046875,564.4943187572338,531.057373046875,531.057373046875,0,0.0,0.0
2006-11-27 00:00:00+09:00,531.057373046875,566.4611979166666,531.057373046875,531.057373046875,0,0.0,0.0
2006-11-28 00:00:00+09:00,531.057373046875,564.4943187572338,531.057373046875,531.057373046875,0,0.0,0.0
2006-11-29 00:00:00+09:00,540.891845703125,540.891845703125,540.891845703125,540.891845703125,2500,0.0,0.0
2006-11-30 00:00:00+09:00,540.891845703125,540.891845703125,540.891845703125,540.891845703125,2500,0.0,0.0
2006-12-01 00:00:00+09:00,533.0243279474431,540.891845703125,533.0243279474431,540.891845703125,10000,0.0,0.0
2006-12-04 00:00:00+09:00,542.8589477539062,542.8589477539062,542.8589477539062,542.8589477539062,5000,0.0,0.0
2006-12-05 00:00:00+09:00,533.0242919921875,546.7924471358971,533.0242919921875,533.0242919921875,0,0.0,0.0
2006-12-06 00:00:00+09:00,533.0242522063079,533.0242522063079,531.057373046875,531.057373046875,5000,0.0,0.0
2006-12-07 00:00:00+09:00,531.0574095788663,538.9249267578125,531.0574095788663,538.9249267578125,5000,0.0,0.0
2006-12-08 00:00:00+09:00,531.057373046875,531.057373046875,531.057373046875,531.057373046875,5000,0.0,0.0
2006-12-11 00:00:00+09:00,538.9249267578125,538.9249267578125,538.9249267578125,538.9249267578125,2500,0.0,0.0
2006-12-12 00:00:00+09:00,531.057373046875,531.057373046875,531.057373046875,531.057373046875,2500,0.0,0.0
2006-12-13 00:00:00+09:00,525.15673828125,540.8917716379916,525.15673828125,525.15673828125,0,0.0,0.0
2006-12-14 00:00:00+09:00,531.057373046875,531.057373046875,531.057373046875,531.057373046875,2500,0.0,0.0
2006-12-15 00:00:00+09:00,531.057373046875,531.057373046875,531.057373046875,531.057373046875,10000,0.0,0.0
2006-12-18 00:00:00+09:00,531.0574485085227,540.891845703125,531.0574485085227,540.891845703125,22500,0.0,0.0
2006-12-19 00:00:00+09:00,548.7593994140625,548.7593994140625,548.7593994140625,548.7593994140625,2500,0.0,0.0
2006-12-20 00:00:00+09:00,538.9249267578125,556.6268404104413,538.9249267578125,538.9249267578125,0,0.0,0.0
2006-12-21 00:00:00+09:00,540.891845703125,552.6931223366477,540.891845703125,540.891845703125,0,0.0,0.0
2006-12-22 00:00:00+09:00,546.7925198462701,548.7593994140625,546.7925198462701,548.7593994140625,5000,0.0,0.0
2006-12-25 00:00:00+09:00,538.9249267578125,538.9249267578125,538.9249267578125,538.9249267578125,0,0.0,0.0
2006-12-26 00:00:00+09:00,552.6931331351452,556.6268920898438,552.6931331351452,556.6268920898438,7500,0.0,0.0
2006-12-27 00:00:00+09:00,558.5936088832558,558.5936088832558,554.6598510742188,554.6598510742188,5000,0.0,0.0
2006-12-28 00:00:00+09:00,558.5936889648438,558.5936889648438,558.5936889648438,558.5936889648438,0,0.0,0.0
2006-12-29 00:00:00+09:00,558.5936889648438,558.5936889648438,558.5936889648438,558.5936889648438,2500,0.0,0.0
2007-01-04 00:00:00+09:00,533.0242919921875,560.5606022796068,533.0242919921875,533.0242919921875,0,0.0,0.0
2007-01-05 00:00:00+09:00,540.891845703125,566.4612784090909,540.891845703125,540.891845703125,0,0.0,0.0
2007-01-09 00:00:00+09:00,540.891845703125,540.891845703125,540.891845703125,540.891845703125,2500,0.0,0.0
2007-01-10 00:00:00+09:00,568.4281005859375,568.4281005859375,568.4281005859375,568.4281005859375,0,0.0,0.0
2007-01-11 00:00:00+09:00,540.891845703125,540.891845703125,540.891845703125,540.891845703125,2500,0.0,0.0
2007-01-12 00:00:00+09:00,536.9580688476562,536.9580688476562,536.9580688476562,536.9580688476562,5000,0.0,0.0
2007-01-15 00:00:00+09:00,533.0243922962862,534.9912719726562,533.0243922962862,534.9912719726562,5000,0.0,0.0
2007-01-16 00:00:00+09:00,536.9580688476562,536.9580688476562,536.9580688476562,536.9580688476562,7500,0.0,0.0
2007-01-17 00:00:00+09:00,546.79248046875,546.79248046875,546.79248046875,546.79248046875,2500,0.0,0.0
2007-01-18 00:00:00+09:00,536.9580688476562,566.4612594436813,536.9580688476562,536.9580688476562,0,0.0,0.0
2007-01-19 00:00:00+09:00,556.6268920898438,556.6268920898438,556.6268920898438,556.6268920898438,0,0.0,0.0
2007-01-22 00:00:00+09:00,578.2625732421875,578.2625732421875,578.2625732421875,578.2625732421875,0,0.0,0.0
2007-01-23 00:00:00+09:00,548.7593778337751,550.7262573242188,540.8918598720005,550.7262573242188,17500,0.0,0.0
2007-01-24 00:00:00+09:00,540.8920675084211,542.8589477539062,540.8920675084211,542.8589477539062,30000,0.0,0.0
2007-01-25 00:00:00+09:00,540.8918421903103,546.79248046875,540.8918421903103,546.79248046875,15000,0.0,0.0
2007-01-26 00:00:00+09:00,540.891845703125,540.891845703125,540.891845703125,540.891845703125,12500,0.0,0.0
2007-01-29 00:00:00+09:00,540.8918421903103,548.7593598948965,540.8918421903103,546.79248046875,10000,0.0,0.0
2007-01-30 00:00:00+09:00,544.8256188528878,550.7262573242188,544.8256188528878,550.7262573242188,10000,0.0,0.0
2007-01-31 00:00:00+09:00,546.79248046875,546.79248046875,546.79248046875,546.79248046875,2500,0.0,0.0
2007-02-01 00:00:00+09:00,550.7262393210432,558.5937570256295,546.79248046875,546.79248046875,10000,0.0,0.0
2007-02-02 00:00:00+09:00,542.8585776471077,554.6598510742188,542.8585776471077,554.6598510742188,12500,0.0,0.0
2007-02-05 00:00:00+09:00,546.79248046875,546.79248046875,546.79248046875,546.79248046875,2500,0.0,0.0
2007-02-06 00:00:00+09:00,554.6598510742188,554.6598510742188,554.6598510742188,554.6598510742188,0,0.0,0.0
2007-02-07 00:00:00+09:00,548.7593319541529,560.5606079101562,544.8255733021518,560.5606079101562,22500,0.0,0.0
2007-02-08 00:00:00+09:00,568.4282269244428,568.4282269244428,562.527587890625,562.527587890625,12500,0.0,0.0
2007-02-09 00:00:00+09:00,560.5607082126858,562.527587890625,560.5607082126858,562.527587890625,10000,0.0,0.0
2007-02-13 00:00:00+09:00,560.5606079101562,572.3618838661595,560.5606079101562,560.5606079101562,0,0.0,0.0
2007-02-14 00:00:00+09:00,562.527587890625,562.527587890625,562.527587890625,562.527587890625,2500,0.0,0.0
2007-02-15 00:00:00+09:00,562.527587890625,562.527587890625,562.527587890625,562.527587890625,2500,0.0,0.0
2007-02-16 00:00:00+09:00,568.4280976595944,574.3287353515625,568.4280976595944,574.3287353515625,7500,0.0,0.0
2007-02-19 00:00:00+09:00,580.2295532226562,580.2295532226562,580.2295532226562,580.2295532226562,5000,0.0,0.0
2007-02-20 00:00:00+09:00,572.3619995117188,584.1632778521665,572.3619995117188,572.3619995117188,0,0.0,0.0
2007-02-21 00:00:00+09:00,580.2295532226562,580.2295532226562,580.2295532226562,580.2295532226562,7500,0.0,0.0
2007-02-22 00:00:00+09:00,574.3287353515625,586.1300107354987,574.3287353515625,574.3287353515625,0,0.0,0.0
2007-02-23 00:00:00+09:00,588.0969024658203,599.8981781005859,588.0969024658203,590.0637817382812,12500,0.0,0.0
2007-02-26 00:00:00+09:00,588.0968017578125,588.0968017578125,588.0968017578125,588.0968017578125,2500,0.0,0.0
2007-02-27 00:00:00+09:00,613.6662865615473,662.8382646514149,613.6662865615473,645.1363525390625,85000,0.0,0.0
2007-02-28 00:00:00+09:00,607.7656951904297,643.1695220947265,590.0637817382812,629.4013671875,40000,0.0,0.0
2007-03-01 00:00:00+09:00,649.0701409105984,649.0701409105984,625.4675903320312,625.4675903320312,10000,0.0,0.0
2007-03-02 00:00:00+09:00,645.1364167668269,645.1364167668269,639.2357788085938,639.2357788085938,15000,0.0,0.0
2007-03-05 00:00:00+09:00,639.2357788085938,639.2357788085938,631.3682615309496,639.2357788085938,12500,0.0,0.0
2007-03-06 00:00:00+09:00,635.3019030340787,635.3019030340787,627.4343872070312,627.4343872070312,7500,0.0,0.0
2007-03-07 00:00:00+09:00,639.2357448361954,639.2357448361954,625.4675903320312,625.4675903320312,7500,0.0,0.0
2007-03-08 00:00:00+09:00,635.301956921089,645.1363525390625,635.301956921089,645.1363525390625,7500,0.0,0.0
2007-03-09 00:00:00+09:00,654.9709429059709,660.87158203125,649.0703037806919,660.87158203125,17500,0.0,0.0
2007-03-12 00:00:00+09:00,670.7059073185575,688.4078227609828,670.7059073185575,678.5734252929688,27500,0.0,0.0
2007-03-13 00:00:00+09:00,678.5732772133567,692.3414306640625,678.5732772133567,692.3414306640625,27500,0.0,0.0
2007-03-14 00:00:00+09:00,680.5402404083603,684.4739990234375,680.5402404083603,684.4739990234375,10000,0.0,0.0
2007-03-15 00:00:00+09:00,688.4076538085938,708.0764439174108,688.4076538085938,688.4076538085938,30000,0.0,0.0
2007-03-16 00:00:00+09:00,678.5734252929688,678.5734252929688,670.7059073185575,678.5734252929688,17500,0.0,0.0
2007-03-19 00:00:00+09:00,688.4078331101717,700.2091102492033,688.4078331101717,694.3084716796875,25000,0.0,0.0
2007-03-20 00:00:00+09:00,690.3748412409648,723.8117993637466,690.3748412409648,710.0436401367188,47500,0.0,0.0
2007-03-22 00:00:00+09:00,713.9772227112676,731.6791373239437,698.2421875,698.2421875,35000,0.0,0.0
2007-03-23 00:00:00+09:00,702.1759463028169,702.1759463028169,698.2421875,698.2421875,20000,0.0,0.0
2007-03-26 00:00:00+09:00,688.4077693639176,700.2090454101562,688.4077693639176,700.2090454101562,32500,0.0,0.0
2007-03-27 00:00:00+09:00,699.2413250235624,707.1090192573015,656.9524685172147,676.6217041015625,10000,0.032,5.0
2007-03-28 00:00:00+09:00,676.6217041015625,676.6217041015625,676.6217041015625,676.6217041015625,2000,0.0,0.0
2007-03-29 00:00:00+09:00,676.6216146800706,676.6216146800706,658.9193049936733,661.8696899414062,7000,0.0,0.0
2007-03-30 00:00:00+09:00,662.8532809584888,662.8532809584888,649.084815181903,658.91943359375,5000,0.0,0.0
2007-04-02 00:00:00+09:00,639.2502200964725,649.0848388671875,639.2502200964725,649.0848388671875,7000,0.0,0.0
2007-04-03 00:00:00+09:00,609.746361904457,614.6636712746542,575.3251963130764,599.9117431640625,23000,0.0,0.0
2007-04-04 00:00:00+09:00,614.6634729897104,619.5807807736281,599.9115496379574,604.828857421875,8000,0.0,0.0
2007-04-05 00:00:00+09:00,609.7462072127904,613.6800537109375,599.9115909674229,613.6800537109375,3000,0.0,0.0
2007-04-06 00:00:00+09:00,596.9613317222411,611.7132591947841,596.9613317222411,610.7297973632812,5000,0.0,0.0
2007-04-09 00:00:00+09:00,600.8950174369064,614.6634793749042,600.8950174369064,601.8784790039062,8500,0.0,0.0
2007-04-10 00:00:00+09:00,602.8621461710353,617.6140747070312,602.8621461710353,617.6140747070312,3500,0.0,0.0
2007-04-11 00:00:00+09:00,617.6140090215773,619.5809326171875,607.7793910435267,619.5809326171875,2500,0.0,0.0
2007-04-12 00:00:00+09:00,619.5809562436996,619.5809562436996,609.746337890625,609.746337890625,2500,0.0,0.0
2007-04-13 00:00:00+09:00,619.5808169716282,619.5808169716282,614.6635089004249,616.6304321289062,3000,0.0,0.0
2007-04-16 00:00:00+09:00,616.6306201171875,616.6306201171875,609.74638671875,614.6636962890625,4500,0.0,0.0
2007-04-17 00:00:00+09:00,609.746337890625,614.6636470671623,609.746337890625,609.746337890625,7500,0.0,0.0
2007-04-18 00:00:00+09:00,609.7462072127904,613.6800537109375,609.7462072127904,613.6800537109375,1500,0.0,0.0
2007-04-19 00:00:00+09:00,614.6636236281622,639.2501685732886,609.7463146391369,619.5809326171875,4500,0.0,0.0
2007-04-20 00:00:00+09:00,619.5809326171875,619.5809326171875,619.5809326171875,619.5809326171875,500,0.0,0.0
2007-04-23 00:00:00+09:00,610.7296267625762,611.7130883193598,604.828857421875,604.828857421875,8000,0.0,0.0
2007-04-24 00:00:00+09:00,602.8619640686745,602.8619640686745,590.0769631993552,591.0604248046875,5000,0.0,0.0
2007-04-25 00:00:00+09:00,595.9778721963206,609.746337890625,595.9778721963206,609.746337890625,4000,0.0,0.0
2007-04-26 00:00:00+09:00,629.4155388779527,629.4155388779527,619.5809210829847,624.4982299804688,4000,0.0,0.0
2007-04-27 00:00:00+09:00,624.4980448596883,629.4153522995283,620.5641989078163,625.4815063476562,8000,0.0,0.0
2007-05-01 00:00:00+09:00,635.3162565155754,635.3162565155754,618.5974076599024,620.5643310546875,3000,0.0,0.0
2007-05-02 00:00:00+09:00,630.3990769621298,630.3990769621298,607.779453295782,618.5975341796875,3000,0.0,0.0
2007-05-07 00:00:00+09:00,621.5479522308746,621.5479522308746,602.8621751859591,605.8125610351562,4000,0.0,0.0
2007-05-08 00:00:00+09:00,609.7461652057927,609.7461652057927,571.3911644912348,604.828857421875,13000,0.0,0.0
2007-05-09 00:00:00+09:00,590.077124423668,599.9117431640625,590.077124423668,599.9117431640625,1000,0.0,0.0
2007-05-10 00:00:00+09:00,594.9943578687764,594.9943578687764,580.242431640625,580.242431640625,4500,0.0,0.0
2007-05-11 00:00:00+09:00,580.242431640625,585.1597403833422,575.3251228979078,580.242431640625,8000,0.0,0.0
2007-05-14 00:00:00+09:00,580.2426225444527,599.9118639866375,577.292236328125,577.292236328125,2500,0.0,0.0
2007-05-15 00:00:00+09:00,578.275593093346,580.2425168793777,565.4905884841393,570.4078979492188,7000,0.0,0.0
2007-05-16 00:00:00+09:00,570.4077584402902,570.4077584402902,550.738525390625,550.738525390625,8500,0.0,0.0
2007-05-17 00:00:00+09:00,550.7387669201203,551.7222290039062,550.7387669201203,551.7222290039062,7500,0.0,0.0
2007-05-18 00:00:00+09:00,552.7055053710938,552.7055053710938,552.7055053710938,552.7055053710938,3500,0.0,0.0
2007-05-21 00:00:00+09:00,545.8214801290761,565.49072265625,545.8214801290761,565.49072265625,3000,0.0,0.0
2007-05-22 00:00:00+09:00,565.49052568393,571.3912963867188,561.5566785487374,571.3912963867188,4500,0.0,0.0
2007-05-23 00:00:00+09:00,571.3913243910846,585.1597900390625,571.3913243910846,585.1597900390625,10500,0.0,0.0
2007-05-24 00:00:00+09:00,599.9117651991189,617.6140795820437,599.9117651991189,615.6471557617188,7500,0.0,0.0
2007-05-25 00:00:00+09:00,609.746337890625,613.6801852318548,607.77941422001,609.746337890625,3500,0.0,0.0
2007-05-28 00:00:00+09:00,606.7960815429688,606.7960815429688,606.7960815429688,606.7960815429688,1000,0.0,0.0
2007-05-29 00:00:00+09:00,603.8455668787802,609.746337890625,603.8455668787802,609.746337890625,4500,0.0,0.0
2007-05-30 00:00:00+09:00,604.8290429130827,604.8290429130827,603.8455810546875,603.8455810546875,1500,0.0,0.0
2007-05-31 00:00:00+09:00,599.9117431640625,604.8290525342597,594.9944337938653,599.9117431640625,3500,0.0,0.0
2007-06-01 00:00:00+09:00,607.7793371582031,607.7793371582031,572.3747155761719,590.0770263671875,5000,0.0,0.0
2007-06-04 00:00:00+09:00,599.9117175190389,599.9117175190389,580.2424808790704,585.1597900390625,2500,0.0,0.0
2007-06-05 00:00:00+09:00,581.2258709716797,590.0770263671875,581.2258709716797,590.0770263671875,2500,0.0,0.0
2007-06-06 00:00:00+09:00,590.0772432655451,590.0772432655451,577.292236328125,577.292236328125,3500,0.0,0.0
2007-06-07 00:00:00+09:00,580.2426225444527,581.2260846165619,577.292236328125,577.292236328125,3500,0.0,0.0
2007-06-08 00:00:00+09:00,577.2921485568008,577.2921485568008,563.523681640625,563.523681640625,13500,0.0,0.0
2007-06-11 00:00:00+09:00,573.3584196671196,578.275730298913,565.49072265625,565.49072265625,4000,0.0,0.0
2007-06-12 00:00:00+09:00,570.4079276071468,570.4079276071468,558.6063842773438,558.6063842773438,4500,0.0,0.0
2007-06-13 00:00:00+09:00,558.6063599899978,568.4409790039062,558.6063599899978,568.4409790039062,1000,0.0,0.0
2007-06-14 00:00:00+09:00,568.4409087400666,572.374755859375,563.5235998409311,572.374755859375,2500,0.0,0.0
2007-06-15 00:00:00+09:00,573.3581211023163,576.3085059450384,560.5731201171875,560.5731201171875,5500,0.0,0.0
2007-06-18 00:00:00+09:00,563.5236229529747,565.4905465932993,562.5401611328125,562.5401611328125,4000,0.0,0.0
2007-06-19 00:00:00+09:00,563.5235462880505,569.42431640625,562.5400846016839,569.42431640625,5000,0.0,0.0
2007-06-20 00:00:00+09:00,565.4905188573549,574.3416748046875,565.4905188573549,574.3416748046875,1500,0.0,0.0
2007-06-21 00:00:00+09:00,576.30859375,576.30859375,576.30859375,576.30859375,500,0.0,0.0
2007-06-22 00:00:00+09:00,571.3912538655599,590.0770263671875,570.407792154948,590.0770263671875,5000,0.0,0.0
2007-06-25 00:00:00+09:00,590.0770263671875,590.0770263671875,590.0770263671875,590.0770263671875,2000,0.0,0.0
2007-06-26 00:00:00+09:00,604.8289704207265,608.7628173828125,604.8289704207265,608.7628173828125,3000,0.0,0.0
2007-06-27 00:00:00+09:00,599.9116937306302,599.9116937306302,594.994384765625,594.994384765625,1000,0.0,0.0
2007-06-28 00:00:00+09:00,594.9943349202474,605.8124137369791,590.0770263671875,590.0770263671875,2500,0.0,0.0
2007-06-29 00:00:00+09:00,599.9117431640625,599.9117431640625,599.9117431640625,599.9117431640625,1500,0.0,0.0
2007-07-02 00:00:00+09:00,609.746361904457,609.746361904457,599.9117431640625,599.9117431640625,2500,0.0,0.0
2007-07-03 00:00:00+09:00,599.9117431640625,599.9117431640625,599.9117431640625,599.9117431640625,500,0.0,0.0
2007-07-04 00:00:00+09:00,594.9943349202474,594.9943349202474,590.0770263671875,590.0770263671875,4000,0.0,0.0
2007-07-05 00:00:00+09:00,591.0604880777995,594.9943349202474,590.0770263671875,590.0770263671875,2000,0.0,0.0
2007-07-06 00:00:00+09:00,590.0770758006198,594.994384765625,590.0770758006198,594.994384765625,3500,0.0,0.0
2007-07-09 00:00:00+09:00,594.9943349202474,594.9943349202474,590.0770263671875,590.0770263671875,4500,0.0,0.0
2007-07-10 00:00:00+09:00,591.0604248046875,593.027348015352,590.0769631993552,591.0604248046875,6000,0.0,0.0
2007-07-11 00:00:00+09:00,590.0770263671875,590.0770263671875,581.2258709716797,590.0770263671875,3500,0.0,0.0
2007-07-12 00:00:00+09:00,585.1597900390625,590.0770991990546,585.1597900390625,585.1597900390625,0,0.0,0.0
2007-07-13 00:00:00+09:00,594.994384765625,594.994384765625,591.0605375936209,594.994384765625,1500,0.0,0.0
2007-07-17 00:00:00+09:00,575.3251007080078,594.0108732096354,575.3251007080078,590.0770263671875,3500,0.0,0.0
2007-07-18 00:00:00+09:00,576.3085891827434,578.2755126953125,576.3085891827434,578.2755126953125,4500,0.0,0.0
2007-07-19 00:00:00+09:00,578.2755126953125,578.2755126953125,578.2755126953125,578.2755126953125,500,0.0,0.0
2007-07-20 00:00:00+09:00,587.1265933874881,587.1265933874881,584.1762084960938,584.1762084960938,1000,0.0,0.0
2007-07-23 00:00:00+09:00,578.2753395355381,581.2257239209235,573.3580322265625,573.3580322265625,5500,0.0,0.0
2007-07-24 00:00:00+09:00,572.3747014653497,572.3747014653497,569.42431640625,569.42431640625,5000,0.0,0.0
2007-07-25 00:00:00+09:00,560.5731201171875,560.5731201171875,546.804657517818,560.5731201171875,12500,0.0,0.0
2007-07-26 00:00:00+09:00,560.5731201171875,560.5731201171875,560.5731201171875,560.5731201171875,1000,0.0,0.0
2007-07-27 00:00:00+09:00,545.8212171282087,550.738525390625,545.8212171282087,550.738525390625,4500,0.0,0.0
2007-07-30 00:00:00+09:00,570.4080085958389,579.2591673499122,550.7387669201203,551.7222290039062,2500,0.0,0.0
2007-07-31 00:00:00+09:00,550.738525390625,550.738525390625,550.738525390625,550.738525390625,500,0.0,0.0
2007-08-01 00:00:00+09:00,555.6559448242188,555.6559448242188,554.6724829749724,555.6559448242188,2000,0.0,0.0
2007-08-02 00:00:00+09:00,545.8213344972525,545.8213344972525,526.1520972180722,527.1355590820312,6000,0.0,0.0
2007-08-03 00:00:00+09:00,533.0362548828125,552.7054893803332,533.0362548828125,533.0362548828125,0,0.0,0.0
2007-08-06 00:00:00+09:00,531.0692749023438,531.0692749023438,526.1519668013962,531.0692749023438,2500,0.0,0.0
2007-08-07 00:00:00+09:00,540.904052734375,540.904052734375,532.0528955078125,540.904052734375,4000,0.0,0.0
2007-08-08 00:00:00+09:00,540.903859181447,545.8211669921875,540.903859181447,545.8211669921875,1000,0.0,0.0
2007-08-09 00:00:00+09:00,546.8046787806919,550.738525390625,546.8046787806919,550.738525390625,3500,0.0,0.0
2007-08-10 00:00:00+09:00,550.7385659305811,550.7385659305811,533.0362548828125,533.0362548828125,3000,0.0,0.0
2007-08-13 00:00:00+09:00,533.0362548828125,533.0362548828125,533.0362548828125,533.0362548828125,0,0.0,0.0
2007-08-14 00:00:00+09:00,531.0693159259733,539.9204711914062,530.0858542298142,539.9204711914062,3000,0.0,0.0
2007-08-15 00:00:00+09:00,527.1354435389306,527.1354435389306,522.2181352969629,524.18505859375,2500,0.0,0.0
2007-08-16 00:00:00+09:00,522.2182146344866,522.2182146344866,501.56551688058033,516.3174438476562,9000,0.0,0.0
2007-08-17 00:00:00+09:00,516.3174364404771,516.3174364404771,501.5655096850349,506.4828186035156,7000,0.0,0.0
2007-08-20 00:00:00+09:00,511.4001275219964,521.2347453589579,506.4828186035156,506.4828186035156,7000,0.0,0.0
2007-08-21 00:00:00+09:00,501.5654296875,520.2512005974265,501.5654296875,501.5654296875,0,0.0,0.0
2007-08-22 00:00:00+09:00,499.5986022949219,499.5986022949219,499.5986022949219,499.5986022949219,500,0.0,0.0
2007-08-23 00:00:00+09:00,509.43321126302084,516.3174438476562,509.43321126302084,516.3174438476562,2000,0.0,0.0
2007-08-24 00:00:00+09:00,506.4828186035156,519.2678217915656,506.4828186035156,506.4828186035156,0,0.0,0.0
2007-08-27 00:00:00+09:00,509.43312270220594,509.43312270220594,501.5654296875,501.5654296875,1500,0.0,0.0
2007-08-28 00:00:00+09:00,506.4827185834763,510.41656494140625,506.4827185834763,510.41656494140625,1000,0.0,0.0
2007-08-29 00:00:00+09:00,496.64825439453125,496.64825439453125,496.64825439453125,496.64825439453125,500,0.0,0.0
2007-08-30 00:00:00+09:00,492.71440683497065,499.59864006420173,492.71440683497065,496.64825439453125,5000,0.0,0.0
2007-08-31 00:00:00+09:00,497.6316358642578,497.6316358642578,491.7308654785156,491.7308654785156,5500,0.0,0.0
2007-09-03 00:00:00+09:00,491.73091941514974,495.6647667704709,491.73091941514974,494.6813049316406,9000,0.0,0.0
2007-09-04 00:00:00+09:00,491.73091941514974,494.6813049316406,491.73091941514974,494.6813049316406,1000,0.0,0.0
2007-09-05 00:00:00+09:00,491.73098505138165,493.69790899158716,486.8136752008678,492.7144470214844,6000,0.0,0.0
2007-09-06 00:00:00+09:00,477.96237402847134,477.96237402847134,467.1442956039586,476.9789123535156,14500,0.0,0.0
2007-09-07 00:00:00+09:00,472.06159539473686,472.06159539473686,467.144287109375,467.144287109375,3000,0.0,0.0
2007-09-10 00:00:00+09:00,463.21049119679196,463.21049119679196,458.2931823730469,458.2931823730469,7000,0.0,0.0
2007-09-11 00:00:00+09:00,461.2435280657829,462.22698974609375,461.2435280657829,462.22698974609375,1000,0.0,0.0
2007-09-12 00:00:00+09:00,462.22700728493174,462.22700728493174,427.80584716796875,427.80584716796875,7500,0.0,0.0
2007-09-13 00:00:00+09:00,428.78936322380514,432.72321059283087,417.9712829589844,417.9712829589844,5500,0.0,0.0
2007-09-14 00:00:00+09:00,422.88853951134763,422.88853951134763,414.0373840332031,414.0373840332031,6500,0.0,0.0
2007-09-18 00:00:00+09:00,414.0373218733204,414.0373218733204,381.58308999251386,400.26885986328125,14000,0.0,0.0
2007-09-19 00:00:00+09:00,413.0539621752362,422.8885803222656,413.0539621752362,422.8885803222656,7500,0.0,0.0
2007-09-20 00:00:00+09:00,431.73978027343753,449.4420947265625,431.73978027343753,442.557861328125,2500,0.0,0.0
2007-09-21 00:00:00+09:00,417.9712949480329,437.64053235735213,413.0539855957031,413.0539855957031,29000,0.0,0.0
2007-09-25 00:00:00+09:00,390.52380859375,390.52380859375,375.503662109375,375.503662109375,9500,15.0,0.0
2007-09-26 00:00:00+09:00,381.51153705303483,400.5370467748397,381.51153705303483,390.52362060546875,10000,0.0,0.0
2007-09-27 00:00:00+09:00,405.5438232421875,415.5572509765625,405.5438232421875,415.5572509765625,2500,0.0,0.0
2007-09-28 00:00:00+09:00,415.55733933559685,430.57748413085943,415.55733933559685,430.5774841308594,6000,0.0,0.0
2007-10-01 00:00:00+09:00,416.5587146577381,420.5640869140625,410.5506562732515,420.5640869140625,3000,0.0,0.0
2007-10-02 00:00:00+09:00,435.5841376076282,435.5841376076282,420.56399493150303,426.5720520019531,7000,0.0,0.0
2007-10-03 00:00:00+09:00,416.55865349264707,425.57073974609375,416.55865349264707,425.57073974609375,2000,0.0,0.0
2007-10-04 00:00:00+09:00,435.5841959406821,445.59762573242193,435.5841959406821,445.5976257324219,1000,0.0,0.0
2007-10-05 00:00:00+09:00,431.5788571393049,432.58020019531256,431.5788571393049,432.5802001953125,1000,0.0,0.0
2007-10-09 00:00:00+09:00,432.5801351968345,465.62445107992596,432.5801351968345,462.62042236328125,6000,0.0,0.0
2007-10-10 00:00:00+09:00,460.61776462989513,475.6379091286961,450.6043349640279,474.6365661621094,3500,0.0,0.0
2007-10-11 00:00:00+09:00,475.6378173828125,479.6431884765625,475.6378173828125,479.6431884765625,2000,0.0,0.0
2007-10-12 00:00:00+09:00,478.6418762846813,478.6418762846813,470.63113358535605,477.6405334472656,4000,0.0,0.0
2007-10-15 00:00:00+09:00,478.64196777343744,478.64196777343744,478.64196777343744,478.6419677734375,1000,0.0,0.0
2007-10-16 00:00:00+09:00,464.623046875,475.6378173828125,464.623046875,464.623046875,0,0.0,0.0
2007-10-17 00:00:00+09:00,475.6378173828125,479.6431884765625,451.6055908203125,479.6431884765625,4500,0.0,0.0
2007-10-18 00:00:00+09:00,459.6163635253906,479.6432203238826,459.6163635253906,459.6163635253906,0,0.0,0.0
2007-10-19 00:00:00+09:00,479.6431884765625,479.6431884765625,479.6431884765625,479.6431884765625,500,0.0,0.0
2007-10-22 00:00:00+09:00,460.6177356451559,469.62982177734375,460.6177356451559,469.62982177734375,2000,0.0,0.0
2007-10-23 00:00:00+09:00,470.6311340332031,470.6311340332031,470.6311340332031,470.6311340332031,500,0.0,0.0
2007-10-24 00:00:00+09:00,444.5963118489583,450.60437011718744,444.5963118489583,450.6043701171875,2000,0.0,0.0
2007-10-25 00:00:00+09:00,445.5975956291095,445.5975956291095,432.58013777927033,442.59356689453125,4500,0.0,0.0
2007-10-26 00:00:00+09:00,452.60705566406256,452.60705566406256,452.60705566406256,452.6070556640625,500,0.0,0.0
2007-10-29 00:00:00+09:00,470.6310063829271,473.6350340832437,443.5947570800781,443.5947570800781,10500,0.0,0.0
2007-10-30 00:00:00+09:00,441.59219402444774,441.59219402444774,430.57742274492637,435.5841369628906,4500,0.0,0.0
2007-10-31 00:00:00+09:00,435.5841369628906,435.5841369628906,435.5841369628906,435.5841369628906,2500,0.0,0.0
2007-11-01 00:00:00+09:00,440.59091186523443,440.59091186523443,440.59091186523443,440.5909118652344,500,0.0,0.0
2007-11-02 00:00:00+09:00,439.5895080566406,439.5895080566406,439.5895080566406,439.5895080566406,1000,0.0,0.0
2007-11-05 00:00:00+09:00,449.60278320312506,449.60278320312506,449.60278320312506,449.602783203125,500,0.0,0.0
2007-11-06 00:00:00+09:00,435.5841369628906,450.6042796167834,435.5841369628906,435.5841369628906,0,0.0,0.0
2007-11-07 00:00:00+09:00,435.5841969576749,440.59091186523443,435.5841969576749,440.5909118652344,1000,0.0,0.0
2007-11-08 00:00:00+09:00,430.57748413085943,430.57748413085943,420.5640542673511,430.5774841308594,13500,0.0,0.0
2007-11-09 00:00:00+09:00,420.5640869140625,432.58020368303573,420.5640869140625,420.5640869140625,0,0.0,0.0
2007-11-12 00:00:00+09:00,420.5640597873264,420.5640597873264,400.5371997974537,405.5439147949219,3000,0.0,0.0
2007-11-13 00:00:00+09:00,401.53853752668516,430.57748413085943,400.5371945403343,430.5774841308594,9000,0.0,0.0
2007-11-14 00:00:00+09:00,420.5640869140625,420.5640869140625,420.5640869140625,420.5640869140625,500,0.0,0.0
2007-11-15 00:00:00+09:00,420.5640869140625,430.5775175548735,420.5640869140625,420.5640869140625,0,0.0,0.0
2007-11-16 00:00:00+09:00,430.57748413085943,430.57748413085943,430.57748413085943,430.5774841308594,500,0.0,0.0
2007-11-19 00:00:00+09:00,420.5640597873264,420.5640597873264,405.5439147949219,405.5439147949219,1000,0.0,0.0
2007-11-20 00:00:00+09:00,400.5371997974537,405.5439147949219,400.5371997974537,405.5439147949219,3000,0.0,0.0
2007-11-21 00:00:00+09:00,401.53848266601557,430.57742530270997,401.53848266601557,401.5384826660156,0,0.0,0.0
2007-11-22 00:00:00+09:00,400.5371704101562,400.5371704101562,400.5371704101562,400.53717041015625,500,0.0,0.0
2007-11-26 00:00:00+09:00,420.5639032217173,420.5639032217173,416.5585327148438,416.55853271484375,1000,0.0,0.0
2007-11-27 00:00:00+09:00,430.577484344269,430.577484344269,420.56405447579766,429.5761413574219,6000,0.0,0.0
2007-11-28 00:00:00+09:00,430.57748413085943,430.57748413085943,430.57748413085943,430.5774841308594,5000,0.0,0.0
2007-11-29 00:00:00+09:00,411.5519104003907,440.5908529833866,411.5519104003907,411.5519104003906,0,0.0,0.0
2007-11-30 00:00:00+09:00,430.57748413085943,430.57748413085943,430.57748413085943,430.5774841308594,500,0.0,0.0
2007-12-03 00:00:00+09:00,435.5841369628906,470.63113648864044,435.5841369628906,435.5841369628906,0,0.0,0.0
2007-12-04 00:00:00+09:00,445.59765489366316,450.60437011718744,445.59765489366316,450.6043701171875,1000,0.0,0.0
2007-12-05 00:00:00+09:00,465.62442049772847,465.62442049772847,460.6177062988282,460.6177062988281,2000,0.0,0.0
2007-12-06 00:00:00+09:00,442.59356689453125,455.6110247443704,442.59356689453125,442.59356689453125,0,0.0,0.0
2007-12-07 00:00:00+09:00,455.61111122049306,465.62454223632807,455.61111122049306,465.6245422363281,3000,0.0,0.0
2007-12-10 00:00:00+09:00,444.5963134765625,465.6245174923459,444.5963134765625,444.5963134765625,0,0.0,0.0
2007-12-11 00:00:00+09:00,465.62442049772847,465.62442049772847,460.6177062988282,460.6177062988281,2500,0.0,0.0
2007-12-12 00:00:00+09:00,464.623046875,464.623046875,464.623046875,464.623046875,1000,0.0,0.0
2007-12-13 00:00:00+09:00,446.59896850585943,460.61777020783705,446.59896850585943,446.5989685058594,0,0.0,0.0
2007-12-14 00:00:00+09:00,459.6163643446545,459.6163643446545,447.6002502441407,447.6002502441406,19000,0.0,0.0
2007-12-17 00:00:00+09:00,446.59896850585943,446.59896850585943,446.59896850585943,446.5989685058594,18500,0.0,0.0
2007-12-18 00:00:00+09:00,446.5989719124728,446.5989719124728,430.57748413085943,430.5774841308594,15500,0.0,0.0
2007-12-19 00:00:00+09:00,431.57885827750806,431.57885827750806,428.57482910156256,428.5748291015625,3500,0.0,0.0
2007-12-20 00:00:00+09:00,425.57073974609375,425.57073974609375,425.57073974609375,425.57073974609375,500,0.0,0.0
2007-12-21 00:00:00+09:00,420.56402516084563,425.57073974609375,420.56402516084563,425.57073974609375,5000,0.0,0.0
2007-12-25 00:00:00+09:00,420.5640869140625,420.5640869140625,420.5640869140625,420.5640869140625,4000,0.0,0.0
2007-12-26 00:00:00+09:00,441.5922912597656,441.5922912597656,420.5640869140625,420.5640869140625,2500,0.0,0.0
2007-12-27 00:00:00+09:00,415.55737159365697,420.5640869140625,415.55737159365697,420.5640869140625,3000,0.0,0.0
2007-12-28 00:00:00+09:00,415.5572509765625,448.6015625,415.5572509765625,415.5572509765625,0,0.0,0.0
2008-01-04 00:00:00+09:00,425.57073974609375,425.57073974609375,425.57073974609375,425.57073974609375,4000,0.0,0.0
2008-01-07 00:00:00+09:00,420.5640869140625,420.5640869140625,420.5640869140625,420.5640869140625,1000,0.0,0.0
2008-01-08 00:00:00+09:00,425.57077478479454,425.57077478479454,400.5371997974537,405.5439147949219,6500,0.0,0.0
2008-01-09 00:00:00+09:00,405.5439147949219,405.5439147949219,405.5439147949219,405.5439147949219,500,0.0,0.0
2008-01-10 00:00:00+09:00,415.5572509765625,425.5706787109375,415.5572509765625,415.5572509765625,0,0.0,0.0
2008-01-11 00:00:00+09:00,415.5572825595922,415.5572825595922,400.5371398164744,401.5384826660156,4000,0.0,0.0
2008-01-15 00:00:00+09:00,408.54791381835935,408.54791381835935,400.5371704101562,400.53717041015625,3000,0.0,0.0
2008-01-16 00:00:00+09:00,364.48876953125,364.48876953125,350.469970703125,350.469970703125,39500,0.0,0.0
2008-01-17 00:00:00+09:00,350.4700646722072,365.4902103010161,340.45663425300125,341.4579772949219,8000,0.0,0.0
2008-01-18 00:00:00+09:00,346.46462853836687,365.4901428222656,346.46462853836687,365.4901428222656,6000,0.0,0.0
2008-01-21 00:00:00+09:00,362.486083984375,362.486083984375,346.464599609375,349.4686279296875,9500,0.0,0.0
2008-01-22 00:00:00+09:00,347.4660363733416,347.4660363733416,338.4539489746094,338.4539489746094,13000,0.0,0.0
2008-01-23 00:00:00+09:00,340.4566347915515,340.4566347915515,338.45394870454237,339.4552917480469,3000,0.0,0.0
2008-01-24 00:00:00+09:00,350.4700300428603,360.4834594726563,350.4700300428603,360.48345947265625,1000,0.0,0.0
2008-01-25 00:00:00+09:00,365.4901428222656,365.4901428222656,341.45791425313035,365.4901428222656,7500,0.0,0.0
2008-01-28 00:00:00+09:00,365.4902075090979,365.4902075090979,351.4714050292969,351.4714050292969,1000,0.0,0.0
2008-01-29 00:00:00+09:00,359.48211669921875,359.48211669921875,359.48211669921875,359.48211669921875,500,0.0,0.0
2008-01-30 00:00:00+09:00,364.48883124457467,364.48883124457467,360.4834594726563,360.48345947265625,1000,0.0,0.0
2008-01-31 00:00:00+09:00,360.483515625,375.503662109375,360.483515625,375.503662109375,6000,0.0,0.0
2008-02-01 00:00:00+09:00,380.5103183322483,380.5103183322483,360.4834594726563,360.48345947265625,3000,0.0,0.0
2008-02-04 00:00:00+09:00,379.5089415700813,380.5102844238282,379.5089415700813,380.5102844238281,3000,0.0,0.0
2008-02-05 00:00:00+09:00,370.49688720703125,370.49688720703125,370.49688720703125,370.49688720703125,1500,0.0,0.0
2008-02-06 00:00:00+09:00,365.4901428222656,365.4901428222656,365.4901428222656,365.4901428222656,2000,0.0,0.0
2008-02-07 00:00:00+09:00,380.5102837177659,389.5223693847656,380.5102837177659,389.5223693847656,5500,0.0,0.0
2008-02-08 00:00:00+09:00,392.52642775909806,395.53045654296875,390.5237419031843,395.53045654296875,2000,0.0,0.0
2008-02-12 00:00:00+09:00,377.5062866210938,400.5371741337865,377.5062866210938,377.50628662109375,0,0.0,0.0
2008-02-13 00:00:00+09:00,400.5371704101562,400.5371704101562,400.5371704101562,400.53717041015625,2000,0.0,0.0
2008-02-14 00:00:00+09:00,415.55737159365697,420.5640869140625,415.55737159365697,420.5640869140625,2000,0.0,0.0
2008-02-15 00:00:00+09:00,378.507568359375,420.56396484375,378.507568359375,378.507568359375,0,0.0,0.0
2008-02-18 00:00:00+09:00,410.550537109375,415.5572509765625,405.5438232421875,415.5572509765625,3500,0.0,0.0
2008-02-19 00:00:00+09:00,416.5587146577381,420.5640869140625,415.55737159365697,420.5640869140625,2000,0.0,0.0
2008-02-20 00:00:00+09:00,430.577392578125,430.577392578125,415.5572509765625,415.5572509765625,2500,0.0,0.0
2008-02-21 00:00:00+09:00,410.5505981445312,410.5505981445312,410.5505981445312,410.55059814453125,500,0.0,0.0
2008-02-22 00:00:00+09:00,405.5439147949219,410.55062979239005,405.5439147949219,405.5439147949219,0,0.0,0.0
2008-02-25 00:00:00+09:00,420.56402736756854,420.56402736756854,410.5505981445312,410.55059814453125,1000,0.0,0.0
2008-02-26 00:00:00+09:00,420.56402893066405,420.56402893066405,400.5371704101562,400.53717041015625,5500,0.0,0.0
2008-02-27 00:00:00+09:00,400.53716892149384,410.5505981445312,400.53716892149384,410.55059814453125,3000,0.0,0.0
2008-02-28 00:00:00+09:00,400.5371704101562,418.5613430786132,400.5371704101562,400.53717041015625,0,0.0,0.0
2008-02-29 00:00:00+09:00,390.52362168165536,397.53302001953125,387.5195938225657,397.53302001953125,3500,0.0,0.0
2008-03-03 00:00:00+09:00,385.5169982910156,403.54116963968653,385.5169982910156,385.5169982910156,0,0.0,0.0
2008-03-04 00:00:00+09:00,390.52362060546875,405.54375985952527,390.52362060546875,390.52362060546875,0,0.0,0.0
2008-03-05 00:00:00+09:00,402.53973200871394,402.53973200871394,390.52362060546875,390.52362060546875,1000,0.0,0.0
2008-03-06 00:00:00+09:00,366.491455078125,399.5357666015625,366.491455078125,366.491455078125,0,0.0,0.0
2008-03-07 00:00:00+09:00,389.52240409431874,389.52240409431874,354.47540115524123,364.48883056640625,6500,0.0,0.0
2008-03-10 00:00:00+09:00,350.469970703125,372.49951171875,346.464599609375,372.49951171875,4000,0.0,0.0
2008-03-11 00:00:00+09:00,355.4767150878907,371.4982008383308,355.4767150878907,355.4767150878906,0,0.0,0.0
2008-03-12 00:00:00+09:00,371.49823167119325,371.49823167119325,361.48480224609375,361.48480224609375,3000,0.0,0.0
2008-03-13 00:00:00+09:00,371.4982627742198,371.4982627742198,362.4861755371094,362.4861755371094,1500,0.0,0.0
2008-03-14 00:00:00+09:00,362.4861160057178,362.4861160057178,345.4632873535156,345.4632873535156,3500,0.0,0.0
2008-03-17 00:00:00+09:00,350.4700328028479,355.47674755717435,344.46197509765625,344.46197509765625,6000,0.0,0.0
2008-03-18 00:00:00+09:00,354.47540460630904,354.47540460630904,344.46197509765625,344.46197509765625,9500,0.0,0.0
2008-03-19 00:00:00+09:00,360.4834293849032,360.4834293849032,355.4767150878907,355.4767150878906,1500,0.0,0.0
2008-03-21 00:00:00+09:00,369.49554527198876,369.49554527198876,364.48883056640625,364.48883056640625,1500,0.0,0.0
2008-03-24 00:00:00+09:00,368.49419763245555,394.52911376953125,368.49419763245555,394.52911376953125,10000,0.0,0.0
2008-03-25 00:00:00+09:00,395.5304566978803,395.5304566978803,394.52911376953125,394.52911376953125,2500,0.0,0.0
2008-03-26 00:00:00+09:00,396.5318298339844,396.5318298339844,395.5304868293531,396.5318298339844,2000,0.0,0.0
2008-03-27 00:00:00+09:00,356.4780578613281,390.52371507280327,356.4780578613281,356.4780578613281,0,0.0,0.0
2008-03-28 00:00:00+09:00,367.49282732511824,380.5102844238282,367.49282732511824,380.5102844238281,4000,0.0,0.0
2008-03-31 00:00:00+09:00,360.4834594726563,360.4834594726563,345.4633153279623,360.48345947265625,4500,0.0,0.0
2008-04-01 00:00:00+09:00,346.464599609375,358.480712890625,346.464599609375,348.46728515625,4000,0.0,0.0
2008-04-02 00:00:00+09:00,359.4820556640625,359.4820556640625,349.4686279296875,349.4686279296875,2000,0.0,0.0
2008-04-03 00:00:00+09:00,365.4901428222656,365.4901428222656,365.4901428222656,365.4901428222656,1000,0.0,0.0
2008-04-04 00:00:00+09:00,370.49688720703125,380.51031659100505,370.49688720703125,370.49688720703125,2500,0.0,0.0
2008-04-07 00:00:00+09:00,361.48480224609375,379.5089752112729,361.48480224609375,361.48480224609375,0,0.0,0.0
2008-04-08 00:00:00+09:00,350.469970703125,384.515625,350.469970703125,350.469970703125,0,0.0,0.0
2008-04-09 00:00:00+09:00,345.4632568359375,350.469970703125,345.4632568359375,350.469970703125,1000,0.0,0.0
2008-04-10 00:00:00+09:00,345.4632873535156,345.4632873535156,345.4632873535156,345.4632873535156,500,0.0,0.0
2008-04-11 00:00:00+09:00,342.4591979980469,385.51693341885397,342.4591979980469,342.4591979980469,0,0.0,0.0
2008-04-14 00:00:00+09:00,350.4700016629869,350.4700016629869,345.4632873535156,345.4632873535156,1000,0.0,0.0
2008-04-15 00:00:00+09:00,344.46197509765625,344.46197509765625,344.46197509765625,344.46197509765625,500,0.0,0.0
2008-04-16 00:00:00+09:00,345.4632873535156,374.5022303484488,345.4632873535156,345.4632873535156,0,0.0,0.0
2008-04-17 00:00:00+09:00,335.4499164809529,351.4714050292969,335.4499164809529,351.4714050292969,2000,0.0,0.0
2008-04-18 00:00:00+09:00,353.47412109375,370.49695412092774,353.47412109375,353.47412109375,0,0.0,0.0
2008-04-21 00:00:00+09:00,355.4767150878907,375.5035722759408,355.4767150878907,355.4767150878906,0,0.0,0.0
2008-04-22 00:00:00+09:00,353.47402936908566,355.4767150878907,353.47402936908566,355.4767150878906,1000,0.0,0.0
2008-04-23 00:00:00+09:00,353.47402936908566,355.4767150878907,353.47402936908566,355.4767150878906,1000,0.0,0.0
2008-04-24 00:00:00+09:00,356.4780578613281,375.5035721853878,356.4780578613281,356.4780578613281,0,0.0,0.0
2008-04-25 00:00:00+09:00,341.4579772949219,341.4579772949219,341.4579772949219,341.4579772949219,5000,0.0,0.0
2008-04-28 00:00:00+09:00,341.4579772949219,345.46334946260424,340.45663425300125,341.4579772949219,10500,0.0,0.0
2008-04-30 00:00:00+09:00,358.4808044433594,358.4808044433594,358.4808044433594,358.4808044433594,500,0.0,0.0
2008-05-01 00:00:00+09:00,343.4606007750605,355.4767150878907,343.4606007750605,355.4767150878906,7500,0.0,0.0
2008-05-02 00:00:00+09:00,355.4766845703125,355.4766845703125,350.469970703125,350.469970703125,2000,0.0,0.0
2008-05-07 00:00:00+09:00,350.4700300428603,365.4901741875543,350.4700300428603,360.48345947265625,2000,0.0,0.0
2008-05-08 00:00:00+09:00,350.469970703125,365.4901123046875,350.469970703125,350.469970703125,0,0.0,0.0
2008-05-09 00:00:00+09:00,350.469970703125,365.4901123046875,350.469970703125,350.469970703125,0,0.0,0.0
2008-05-12 00:00:00+09:00,360.4834594726563,360.4834594726563,360.4834594726563,360.48345947265625,500,0.0,0.0
2008-05-13 00:00:00+09:00,350.469970703125,369.4954833984375,350.469970703125,350.469970703125,0,0.0,0.0
2008-05-14 00:00:00+09:00,356.4780578613281,365.4901435937774,356.4780578613281,356.4780578613281,0,0.0,0.0
2008-05-15 00:00:00+09:00,365.49017401613355,365.49017401613355,356.47808753354394,361.48480224609375,3000,0.0,0.0
2008-05-16 00:00:00+09:00,351.4713728209942,361.48480224609375,350.47002987848424,361.48480224609375,3000,0.0,0.0
2008-05-19 00:00:00+09:00,351.4713134765625,351.4713134765625,350.469970703125,350.469970703125,2000,0.0,0.0
2008-05-20 00:00:00+09:00,350.4700322659627,350.4700322659627,347.4660034179687,347.46600341796875,2500,0.0,0.0
2008-05-21 00:00:00+09:00,360.4833984375,360.4833984375,350.469970703125,350.469970703125,1000,0.0,0.0
2008-05-22 00:00:00+09:00,359.4821188099446,359.4821188099446,347.4660034179687,347.46600341796875,4000,0.0,0.0
2008-05-23 00:00:00+09:00,372.4996055413869,375.5036346183336,357.47946015665354,363.4875183105469,18500,0.0,0.0
2008-05-26 00:00:00+09:00,363.4874267578125,363.4874267578125,350.469970703125,350.469970703125,3000,0.0,0.0
2008-05-27 00:00:00+09:00,351.4714050292969,351.4714050292969,351.4714050292969,351.4714050292969,500,0.0,0.0
2008-05-28 00:00:00+09:00,350.46991001475936,352.47259521484375,350.46991001475936,352.47259521484375,4500,0.0,0.0
2008-05-29 00:00:00+09:00,348.46728515625,360.4833984375,348.46728515625,348.46728515625,0,0.0,0.0
2008-05-30 00:00:00+09:00,359.48211669921875,359.48211669921875,359.48211669921875,359.48211669921875,500,0.0,0.0
2008-06-02 00:00:00+09:00,363.48745710817104,368.49417139340756,363.48745710817104,365.4901428222656,1500,0.0,0.0
2008-06-03 00:00:00+09:00,353.4740892975024,358.4808044433594,353.4740892975024,358.4808044433594,1000,0.0,0.0
2008-06-04 00:00:00+09:00,353.4740892975024,358.4808044433594,353.4740892975024,358.4808044433594,1000,0.0,0.0
2008-06-05 00:00:00+09:00,353.47402936908566,355.4767150878907,350.4700007908781,355.4767150878906,3500,0.0,0.0
2008-06-06 00:00:00+09:00,353.47405903850756,359.48211669921875,353.47405903850756,359.48211669921875,1500,0.0,0.0
2008-06-09 00:00:00+09:00,350.469970703125,359.4820556640625,350.469970703125,350.469970703125,0,0.0,0.0
2008-06-10 00:00:00+09:00,352.47265625,352.47265625,350.469970703125,350.469970703125,1000,0.0,0.0
2008-06-11 00:00:00+09:00,355.4767150878907,355.4767150878907,355.4767150878907,355.4767150878906,500,0.0,0.0
2008-06-12 00:00:00+09:00,350.469970703125,359.4820556640625,350.469970703125,350.469970703125,0,0.0,0.0
2008-06-13 00:00:00+09:00,360.4834594726563,360.4834594726563,360.4834594726563,360.48345947265625,5000,0.0,0.0
2008-06-16 00:00:00+09:00,352.47259521484375,360.48333601518107,352.47259521484375,352.47259521484375,0,0.0,0.0
2008-06-17 00:00:00+09:00,353.47412109375,353.47412109375,353.47412109375,353.47412109375,500,0.0,0.0
2008-06-18 00:00:00+09:00,355.4766845703125,355.4766845703125,350.469970703125,350.469970703125,1000,0.0,0.0
2008-06-19 00:00:00+09:00,350.469970703125,355.4766845703125,350.469970703125,350.469970703125,0,0.0,0.0
2008-06-20 00:00:00+09:00,350.469970703125,350.469970703125,350.469970703125,350.469970703125,1500,0.0,0.0
2008-06-23 00:00:00+09:00,350.4700322659627,350.4700322659627,342.4592886713121,347.46600341796875,3500,0.0,0.0
2008-06-24 00:00:00+09:00,347.4659423828125,350.469970703125,347.4659423828125,350.469970703125,1500,0.0,0.0
2008-06-25 00:00:00+09:00,343.4605407714844,350.46993956273917,343.4605407714844,343.4605407714844,0,0.0,0.0
2008-06-26 00:00:00+09:00,358.4808044433594,358.4808044433594,358.4808044433594,358.4808044433594,500,0.0,0.0
2008-06-27 00:00:00+09:00,350.4700602099882,358.4808044433594,348.46737415164546,358.4808044433594,5500,0.0,0.0
2008-06-30 00:00:00+09:00,341.4579772949219,356.4781229237307,341.4579772949219,341.4579772949219,0,0.0,0.0
2008-07-01 00:00:00+09:00,355.4766845703125,355.4766845703125,350.469970703125,350.469970703125,2500,0.0,0.0
2008-07-02 00:00:00+09:00,342.4591979980469,342.4591979980469,342.4591979980469,342.4591979980469,3500,0.0,0.0
2008-07-03 00:00:00+09:00,337.45257444159927,344.46197509765625,335.4498885398687,344.46197509765625,6500,0.0,0.0
2008-07-04 00:00:00+09:00,334.448486328125,338.453857421875,333.4471435546875,333.4471435546875,3000,0.0,0.0
2008-07-07 00:00:00+09:00,336.4512023925781,336.4512023925781,330.44314520699635,336.4512023925781,10000,0.0,0.0
2008-07-08 00:00:00+09:00,330.4431448543773,340.4565734863281,330.4431448543773,340.4565734863281,2000,0.0,0.0
2008-07-09 00:00:00+09:00,340.4565734863281,340.4565734863281,340.4565734863281,340.4565734863281,500,0.0,0.0
2008-07-10 00:00:00+09:00,325.4364013671875,325.4364013671875,320.4296875,320.4296875,4000,0.0,0.0
2008-07-11 00:00:00+09:00,320.4297787675234,321.4311218261719,320.4297787675234,321.4311218261719,3000,0.0,0.0
2008-07-14 00:00:00+09:00,320.4296875,330.443115234375,320.4296875,320.4296875,0,0.0,0.0
2008-07-15 00:00:00+09:00,315.42303466796875,320.42974950396825,315.42303466796875,315.42303466796875,0,0.0,0.0
2008-07-16 00:00:00+09:00,310.41632080078125,311.4176637711064,292.39214733492946,310.41632080078125,16000,0.0,0.0
2008-07-17 00:00:00+09:00,320.4296875,320.4296875,320.4296875,320.4296875,1500,0.0,0.0
2008-07-18 00:00:00+09:00,320.4296875,320.4296875,319.4283447265625,319.4283447265625,1500,0.0,0.0
2008-07-22 00:00:00+09:00,315.4229736328125,315.4229736328125,311.4176025390625,311.4176025390625,4500,0.0,0.0
2008-07-23 00:00:00+09:00,310.41632080078125,311.4176637711064,310.41632080078125,310.41632080078125,3000,0.0,0.0
2008-07-24 00:00:00+09:00,306.41098082693003,306.41098082693003,304.4082946777344,304.4082946777344,2500,0.0,0.0
2008-07-25 00:00:00+09:00,318.427001953125,318.427001953125,318.427001953125,318.427001953125,500,0.0,0.0
2008-07-28 00:00:00+09:00,318.427001953125,318.427001953125,318.427001953125,318.427001953125,2000,0.0,0.0
2008-07-29 00:00:00+09:00,300.40289306640625,300.40289306640625,300.40289306640625,300.40289306640625,2500,0.0,0.0
2008-07-30 00:00:00+09:00,301.40423583984375,317.4257234592375,301.40423583984375,301.40423583984375,0,0.0,0.0
2008-07-31 00:00:00+09:00,302.4055772306078,309.41497802734375,300.40289128868324,309.41497802734375,8000,0.0,0.0
2008-08-01 00:00:00+09:00,313.42035176595056,313.42035176595056,300.40289306640625,300.40289306640625,3000,0.0,0.0
2008-08-04 00:00:00+09:00,300.40289306640625,300.40289306640625,300.40289306640625,300.40289306640625,2000,0.0,0.0
2008-08-05 00:00:00+09:00,300.40289306640625,300.40289306640625,300.40289306640625,300.40289306640625,500,0.0,0.0
2008-08-06 00:00:00+09:00,295.39617919921875,305.4096090025821,295.39617919921875,295.39617919921875,0,0.0,0.0
2008-08-07 00:00:00+09:00,300.40289306640625,309.41497985839845,300.40289306640625,300.40289306640625,0,0.0,0.0
2008-08-08 00:00:00+09:00,305.40957788421525,305.40957788421525,291.3907775878906,291.3907775878906,1000,0.0,0.0
2008-08-11 00:00:00+09:00,296.49761962890625,296.49761962890625,296.49761962890625,296.49761962890625,500,0.0,0.0
2008-08-12 00:00:00+09:00,296.3975219726563,303.40692283011776,296.3975219726563,296.39752197265625,0,0.0,0.0
2008-08-13 00:00:00+09:00,300.4028938912057,303.40692283011776,296.3975219726563,296.39752197265625,3500,0.0,0.0
2008-08-14 00:00:00+09:00,292.39215087890625,302.4055807035263,292.39215087890625,292.39215087890625,0,0.0,0.0
2008-08-15 00:00:00+09:00,292.3921500541069,296.3975219726563,292.3921500541069,296.39752197265625,4000,0.0,0.0
2008-08-18 00:00:00+09:00,298.40020751953125,298.40020751953125,298.40020751953125,298.40020751953125,1500,0.0,0.0
2008-08-19 00:00:00+09:00,295.39608743817325,300.3026604059441,293.3934020996093,293.3934020996094,5000,0.0,0.0
2008-08-20 00:00:00+09:00,293.3934020996093,293.3934020996093,293.3934020996093,293.3934020996094,500,0.0,0.0
2008-08-21 00:00:00+09:00,293.3934020996093,300.2025200273053,293.3934020996093,293.3934020996094,0,0.0,0.0
2008-08-22 00:00:00+09:00,294.394775390625,294.394775390625,294.394775390625,294.394775390625,500,0.0,0.0
2008-08-25 00:00:00+09:00,300.40280078458295,300.40280078458295,293.3934020996093,293.3934020996094,2000,0.0,0.0
2008-08-26 00:00:00+09:00,297.39877277673713,297.39877277673713,288.3866887531996,293.3934020996094,4000,0.0,0.0
2008-08-27 00:00:00+09:00,288.3868103027344,293.39352575937903,288.3868103027344,288.3868103027344,0,0.0,0.0
2008-08-28 00:00:00+09:00,290.389404296875,300.302691642195,290.389404296875,290.389404296875,0,0.0,0.0
2008-08-29 00:00:00+09:00,291.3907775878906,300.30272309312795,291.3907775878906,291.3907775878906,0,0.0,0.0
2008-09-01 00:00:00+09:00,300.4028928636317,301.40423583984375,300.4028928636317,301.40423583984375,3000,0.0,0.0
2008-09-02 00:00:00+09:00,300.40289306640625,300.40289306640625,300.40289306640625,300.40289306640625,1000,0.0,0.0
2008-09-03 00:00:00+09:00,300.40289306640625,305.40960795084635,300.40289306640625,300.40289306640625,0,0.0,0.0
2008-09-04 00:00:00+09:00,300.4028934760382,300.4028934760382,298.40020751953125,298.40020751953125,1500,0.0,0.0
2008-09-05 00:00:00+09:00,290.6898193359375,300.40285727801694,290.6898193359375,290.6898193359375,0,0.0,0.0
2008-09-08 00:00:00+09:00,299.40155049778474,299.40155049778474,298.40020751953125,298.40020751953125,1000,0.0,0.0
2008-09-09 00:00:00+09:00,300.40289306640625,300.40289306640625,300.40289306640625,300.40289306640625,3500,0.0,0.0
2008-09-10 00:00:00+09:00,293.3934020996093,300.40280078458295,293.3934020996093,293.3934020996094,0,0.0,0.0
2008-09-11 00:00:00+09:00,292.3921492513021,300.40289306640625,292.3921492513021,300.40289306640625,2000,0.0,0.0
2008-09-12 00:00:00+09:00,288.3868103027344,300.40292739868164,288.3868103027344,288.3868103027344,0,0.0,0.0
2008-09-16 00:00:00+09:00,290.38946329752605,302.4055790201823,290.38946329752605,300.40289306640625,7500,0.0,0.0
2008-09-17 00:00:00+09:00,298.400207931931,298.400207931931,296.3975219726563,296.39752197265625,2000,0.0,0.0
2008-09-18 00:00:00+09:00,285.3826904296875,290.389404296875,285.3826904296875,290.389404296875,12000,0.0,0.0
2008-09-19 00:00:00+09:00,290.48960370692737,300.40289306640625,290.38946329752605,300.40289306640625,5500,0.0,0.0
2008-09-22 00:00:00+09:00,300.40289306640625,300.40289306640625,300.40289306640625,300.40289306640625,1000,0.0,0.0
2008-09-24 00:00:00+09:00,290.389404296875,305.4095458984375,290.389404296875,290.389404296875,0,0.0,0.0
2008-09-25 00:00:00+09:00,290.389404296875,305.4095458984375,290.389404296875,290.389404296875,0,0.0,0.0
2008-09-26 00:00:00+09:00,306.4109499071465,306.4109499071465,301.4042350393827,305.40960693359375,1500,0.0,0.0
2008-09-29 00:00:00+09:00,307.4123239015278,307.4123239015278,304.4082946777344,304.4082946777344,6000,0.0,0.0
2008-09-30 00:00:00+09:00,300.402923736827,300.402923736827,299.40158065770424,299.9022521972656,4000,0.0,0.0
2008-10-01 00:00:00+09:00,301.40423583984375,301.40423583984375,300.4028928636317,301.40423583984375,2500,0.0,0.0
2008-10-02 00:00:00+09:00,302.4055788160559,305.4096077446922,301.40423583984375,301.40423583984375,2500,0.0,0.0
2008-10-03 00:00:00+09:00,301.40423583984375,301.40423583984375,301.40423583984375,301.40423583984375,500,0.0,0.0
2008-10-06 00:00:00+09:00,298.4002213938281,298.4002213938281,280.376046947221,291.7913513183594,16500,0.0,0.0
2008-10-07 00:00:00+09:00,291.7913102883461,291.7913102883461,275.3692931023197,276.3706359863281,15000,0.0,0.0
2008-10-08 00:00:00+09:00,268.35986328125,268.35986328125,250.335693359375,250.335693359375,15000,0.0,0.0
2008-10-09 00:00:00+09:00,250.33567834088183,254.34104919433594,250.33567834088183,254.34104919433594,4000,0.0,0.0
2008-10-10 00:00:00+09:00,226.30349553426106,240.32229614257812,226.30349553426106,240.32229614257812,9500,0.0,0.0
2008-10-14 00:00:00+09:00,250.53595885820687,260.34912109375,250.335693359375,250.335693359375,5000,0.0,0.0
2008-10-15 00:00:00+09:00,254.34112454199976,258.34649658203125,254.34112454199976,258.34649658203125,4500,0.0,0.0
2008-10-16 00:00:00+09:00,246.330322265625,250.335693359375,246.330322265625,250.335693359375,1500,0.0,0.0
2008-10-17 00:00:00+09:00,257.34512518260107,257.34512518260107,242.32498168945312,242.32498168945312,2000,0.0,0.0
2008-10-20 00:00:00+09:00,241.3236083984375,265.3558349609375,241.3236083984375,265.3558349609375,1000,0.0,0.0
2008-10-21 00:00:00+09:00,260.3491690851027,260.3491690851027,248.3330535888672,248.3330535888672,2500,0.0,0.0
2008-10-22 00:00:00+09:00,241.3236541748047,250.3357408452331,241.3236541748047,241.3236541748047,0,0.0,0.0
2008-10-23 00:00:00+09:00,240.32231198081487,240.32231198081487,235.31559714788122,237.3182830810547,4500,0.0,0.0
2008-10-24 00:00:00+09:00,230.3088531494141,248.33302426545518,230.3088531494141,230.30885314941406,0,0.0,0.0
2008-10-27 00:00:00+09:00,249.13412475585935,249.13412475585935,249.13412475585935,249.13412475585938,1000,0.0,0.0
2008-10-28 00:00:00+09:00,237.1180419921875,237.1180419921875,237.1180419921875,237.1180419921875,500,0.0,0.0
2008-10-29 00:00:00+09:00,237.1180419921875,237.1180419921875,237.1180419921875,237.1180419921875,2500,0.0,0.0
2008-10-30 00:00:00+09:00,245.3290106455485,245.3290106455485,240.32229614257812,240.32229614257812,2500,0.0,0.0
2008-10-31 00:00:00+09:00,250.33570892956791,250.33570892956791,245.32899475097656,245.32899475097656,1000,0.0,0.0
2008-11-04 00:00:00+09:00,254.341064453125,254.341064453125,250.23555297032,250.335693359375,3000,0.0,0.0
2008-11-05 00:00:00+09:00,250.33575391012525,252.33843994140625,250.33575391012525,252.33843994140625,4000,0.0,0.0
2008-11-06 00:00:00+09:00,240.32229614257812,281.3773550669352,240.32229614257812,240.32229614257812,0,0.0,0.0
2008-11-07 00:00:00+09:00,245.32899475097656,281.37733683683433,245.32899475097656,245.32899475097656,0,0.0,0.0
2008-11-10 00:00:00+09:00,240.32229614257812,260.34915415445965,240.32229614257812,240.32229614257812,0,0.0,0.0
2008-11-11 00:00:00+09:00,240.32229614257812,260.34915415445965,240.32229614257812,240.32229614257812,0,0.0,0.0
2008-11-12 00:00:00+09:00,242.32498168945312,259.3478109816875,242.32498168945312,242.32498168945312,0,0.0,0.0
2008-11-13 00:00:00+09:00,253.33975137563854,260.3491516113281,253.33975137563854,260.3491516113281,2000,0.0,0.0
2008-11-14 00:00:00+09:00,264.3545227050781,264.3545227050781,264.3545227050781,264.3545227050781,500,0.0,0.0
2008-11-17 00:00:00+09:00,264.3545227050781,264.3545227050781,264.3545227050781,264.3545227050781,500,0.0,0.0
2008-11-18 00:00:00+09:00,260.349182602047,260.349182602047,258.34649658203125,258.34649658203125,1000,0.0,0.0
2008-11-19 00:00:00+09:00,250.4358367919922,250.4358367919922,250.4358367919922,250.4358367919922,0,0.0,0.0
2008-11-20 00:00:00+09:00,250.335693359375,250.335693359375,250.335693359375,250.335693359375,1500,0.0,0.0
2008-11-21 00:00:00+09:00,249.33442687988278,249.33442687988278,249.33442687988278,249.3344268798828,500,0.0,0.0
2008-11-25 00:00:00+09:00,240.42242431640625,260.34914091303864,240.42242431640625,240.42242431640625,0,0.0,0.0
2008-11-26 00:00:00+09:00,257.34515380859375,257.34515380859375,257.34515380859375,257.34515380859375,1500,0.0,0.0
2008-11-27 00:00:00+09:00,240.42242431640625,257.34511236404205,240.42242431640625,240.42242431640625,0,0.0,0.0
2008-11-28 00:00:00+09:00,250.335693359375,250.335693359375,250.335693359375,250.335693359375,500,0.0,0.0
2008-12-01 00:00:00+09:00,255.34239196777344,255.34239196777344,255.34239196777344,255.34239196777344,500,0.0,0.0
2008-12-02 00:00:00+09:00,240.32229614257812,260.34915415445965,240.32229614257812,240.32229614257812,0,0.0,0.0
2008-12-03 00:00:00+09:00,240.32228391972797,240.42242431640625,240.32228391972797,240.42242431640625,3000,0.0,0.0
2008-12-04 00:00:00+09:00,241.3236541748047,241.3236541748047,241.3236541748047,241.3236541748047,1000,0.0,0.0
2008-12-05 00:00:00+09:00,230.3088531494141,241.42376478268443,230.3088531494141,230.30885314941406,0,0.0,0.0
2008-12-08 00:00:00+09:00,241.32362669319707,241.42376708984375,241.32362669319707,241.42376708984375,1000,0.0,0.0
2008-12-09 00:00:00+09:00,241.52388000488278,241.52388000488278,241.52388000488278,241.5238800048828,500,0.0,0.0
2008-12-10 00:00:00+09:00,260.3491516113281,260.3491516113281,260.3491516113281,260.3491516113281,1000,0.0,0.0
2008-12-11 00:00:00+09:00,273.3666076660156,273.3666076660156,273.3666076660156,273.3666076660156,3500,0.0,0.0
2008-12-12 00:00:00+09:00,273.3666390911797,273.3666390911797,269.36126708984375,269.36126708984375,1000,0.0,0.0
2008-12-15 00:00:00+09:00,277.3719787597656,277.3719787597656,277.3719787597656,277.3719787597656,1000,0.0,0.0
2008-12-16 00:00:00+09:00,260.3491516113281,260.3491516113281,260.3491516113281,260.3491516113281,500,0.0,0.0
2008-12-17 00:00:00+09:00,260.3491516113281,260.3491516113281,260.3491516113281,260.3491516113281,1000,0.0,0.0
2008-12-18 00:00:00+09:00,250.33564776538375,251.33699035644528,246.3302774011376,251.3369903564453,1500,0.0,0.0
2008-12-19 00:00:00+09:00,250.33574315530333,250.33574315530333,245.42916870117185,245.42916870117188,2000,0.0,0.0
2008-12-22 00:00:00+09:00,250.335693359375,260.34912109375,250.335693359375,250.335693359375,0,0.0,0.0
2008-12-24 00:00:00+09:00,250.335693359375,250.335693359375,250.335693359375,250.335693359375,1500,0.0,0.0
2008-12-25 00:00:00+09:00,247.33169568069584,247.33169568069584,246.33035278320312,246.33035278320312,3000,0.0,0.0
2008-12-26 00:00:00+09:00,250.33570892956791,250.33570892956791,245.32899475097656,245.32899475097656,1500,0.0,0.0
2008-12-29 00:00:00+09:00,240.42242431640625,255.34242666471098,240.42242431640625,240.42242431640625,0,0.0,0.0
2008-12-30 00:00:00+09:00,245.32899475097656,245.32899475097656,245.32899475097656,245.32899475097656,1500,0.0,0.0
2009-01-05 00:00:00+09:00,250.335693359375,250.335693359375,250.335693359375,250.335693359375,500,0.0,0.0
2009-01-06 00:00:00+09:00,250.335693359375,250.335693359375,250.335693359375,250.335693359375,2000,0.0,0.0
2009-01-07 00:00:00+09:00,249.83505249023438,249.83505249023438,249.83505249023438,249.83505249023438,5000,0.0,0.0
2009-01-08 00:00:00+09:00,249.33442687988278,249.33442687988278,249.33442687988278,249.3344268798828,1000,0.0,0.0
2009-01-09 00:00:00+09:00,248.3330535888672,248.3330535888672,248.3330535888672,248.3330535888672,500,0.0,0.0
2009-01-13 00:00:00+09:00,243.32635498046875,255.34247127580053,243.32635498046875,243.32635498046875,0,0.0,0.0
2009-01-14 00:00:00+09:00,244.32762145996094,255.3423912798772,244.32762145996094,244.32762145996094,0,0.0,0.0
2009-01-15 00:00:00+09:00,250.33572514851886,250.33572514851886,240.32229614257812,240.32229614257812,4000,0.0,0.0
2009-01-16 00:00:00+09:00,236.31692504882812,236.31692504882812,236.31692504882812,236.31692504882812,0,0.0,0.0
2009-01-19 00:00:00+09:00,240.32229614257812,240.32229614257812,240.32229614257812,240.32229614257812,3500,0.0,0.0
2009-01-20 00:00:00+09:00,233.3128814697266,250.3357097314663,233.3128814697266,233.31288146972656,0,0.0,0.0
2009-01-21 00:00:00+09:00,235.31556701660156,240.32228120844414,235.31556701660156,235.31556701660156,0,0.0,0.0
2009-01-22 00:00:00+09:00,240.32229614257812,240.32229614257812,240.32229614257812,240.32229614257812,1000,0.0,0.0
2009-01-23 00:00:00+09:00,233.3128814697266,239.5212040152111,233.3128814697266,233.31288146972656,0,0.0,0.0
2009-01-26 00:00:00+09:00,239.6213073730469,239.6213073730469,239.6213073730469,239.62130737304688,500,0.0,0.0
2009-01-27 00:00:00+09:00,239.32095324198403,240.32229614257812,239.32095324198403,240.32229614257812,1000,0.0,0.0
2009-01-28 00:00:00+09:00,234.3142242431641,240.22214087946384,234.3142242431641,234.31422424316406,0,0.0,0.0
2009-01-29 00:00:00+09:00,240.22215574080667,240.32229614257812,240.22215574080667,240.32229614257812,2500,0.0,0.0
2009-01-30 00:00:00+09:00,236.31692504882812,240.3222966598252,236.31692504882812,236.31692504882812,0,0.0,0.0
2009-02-02 00:00:00+09:00,240.32229614257812,240.32229614257812,240.32229614257812,240.32229614257812,1000,0.0,0.0
2009-02-03 00:00:00+09:00,232.3115234375,240.322265625,232.3115234375,232.3115234375,0,0.0,0.0
2009-02-04 00:00:00+09:00,240.32229614257812,240.32229614257812,240.32229614257812,240.32229614257812,1500,0.0,0.0
2009-02-05 00:00:00+09:00,233.3128814697266,240.32228134220765,233.3128814697266,233.31288146972656,0,0.0,0.0
2009-02-06 00:00:00+09:00,240.32232691553344,240.32232691553344,239.32098388671872,239.32098388671875,1000,0.0,0.0
2009-02-09 00:00:00+09:00,233.3128814697266,235.31556714757832,233.3128814697266,233.31288146972656,2000,0.0,0.0
2009-02-10 00:00:00+09:00,235.31558163960773,240.32229614257812,235.31558163960773,240.32229614257812,2000,0.0,0.0
2009-02-12 00:00:00+09:00,236.31690985497008,236.31690985497008,235.31556701660156,235.31556701660156,1000,0.0,0.0
2009-02-13 00:00:00+09:00,230.3088531494141,240.3222815472147,230.3088531494141,230.30885314941406,0,0.0,0.0
2009-02-16 00:00:00+09:00,235.31556734831437,235.31556734831437,230.3088531494141,230.30885314941406,2000,0.0,0.0
2009-02-17 00:00:00+09:00,226.30340870246053,226.30340870246053,225.30206618607795,225.9028778076172,4000,0.0,0.0
2009-02-18 00:00:00+09:00,210.48221759070768,212.7853086935995,210.28195212073362,211.78396606445312,9500,0.0,0.0
2009-02-19 00:00:00+09:00,206.1764891794083,207.2779724393485,205.976223662859,206.87744140625,6000,0.0,0.0
2009-02-20 00:00:00+09:00,202.87205201014876,202.87205201014876,190.255126953125,191.2564697265625,13000,0.0,0.0
2009-02-23 00:00:00+09:00,185.24849739058064,186.24984061971892,170.22834895350655,174.3338623046875,17000,0.0,0.0
2009-02-24 00:00:00+09:00,165.22156998988552,165.22156998988552,158.2121700509207,163.11874389648438,40000,0.0,0.0
2009-02-25 00:00:00+09:00,162.8183856429337,172.2310041781671,162.8183856429337,167.2242889404297,27500,0.0,0.0
2009-02-26 00:00:00+09:00,175.53542096018018,180.24172973632815,175.53542096018018,180.24172973632812,4500,0.0,0.0
2009-02-27 00:00:00+09:00,180.3418659413367,190.15501433051827,180.3418659413367,188.15232849121094,3000,0.0,0.0
2009-03-02 00:00:00+09:00,183.14555746030084,188.25241088867188,183.14555746030084,188.25241088867188,10500,0.0,0.0
2009-03-03 00:00:00+09:00,188.25247241870778,188.25247241870778,185.24844360351562,185.24844360351562,20000,0.0,0.0
2009-03-04 00:00:00+09:00,172.23098754882812,187.75180328723997,172.23098754882812,172.23098754882812,0,0.0,0.0
2009-03-05 00:00:00+09:00,182.244384765625,184.2470703125,180.24169921875,184.2470703125,4500,0.0,0.0
2009-03-06 00:00:00+09:00,180.24172973632815,186.24978739420575,180.24172973632815,180.24172973632812,0,0.0,0.0
2009-03-09 00:00:00+09:00,180.24172973632815,180.24172973632815,180.24172973632815,180.24172973632812,1500,0.0,0.0
2009-03-10 00:00:00+09:00,169.2269744873047,184.64765125786687,169.2269744873047,169.2269744873047,0,0.0,0.0
2009-03-11 00:00:00+09:00,180.24174474220908,181.2430877685547,180.24174474220908,181.2430877685547,2000,0.0,0.0
2009-03-12 00:00:00+09:00,189.2537841796875,189.2537841796875,189.2537841796875,189.2537841796875,5000,0.0,0.0
2009-03-13 00:00:00+09:00,193.25921630859375,193.25921630859375,193.25921630859375,193.25921630859375,500,0.0,0.0
2009-03-16 00:00:00+09:00,195.26187057495116,200.2685852050781,195.26187057495116,200.26858520507812,1500,0.0,0.0
2009-03-17 00:00:00+09:00,204.27398507254463,210.28204345703125,204.27398507254463,210.28204345703125,4000,0.0,0.0
2009-03-18 00:00:00+09:00,210.28202533721924,225.3021700041635,210.28202533721924,224.3008270263672,3000,0.0,0.0
2009-03-19 00:00:00+09:00,212.2847112928118,224.3008270263672,212.2847112928118,224.3008270263672,1000,0.0,0.0
2009-03-23 00:00:00+09:00,228.30616766975837,228.30616766975837,227.30482482910153,227.30482482910156,2500,0.0,0.0
2009-03-24 00:00:00+09:00,231.31019579187486,235.31556714757832,231.31019579187486,233.31288146972656,2000,0.0,0.0
2009-03-25 00:00:00+09:00,237.3182830810547,237.3182830810547,237.3182830810547,237.3182830810547,2000,0.0,0.0
2009-03-26 00:00:00+09:00,233.8135528891895,233.8135528891895,233.3128814697266,233.31288146972656,1000,0.0,0.0
2009-03-27 00:00:00+09:00,230.3088531494141,230.3088531494141,230.3088531494141,230.30885314941406,500,0.0,0.0
2009-03-30 00:00:00+09:00,230.3088531494141,230.3088531494141,230.3088531494141,230.30885314941406,3000,0.0,0.0
2009-03-31 00:00:00+09:00,225.30218505859372,225.30218505859372,225.30218505859372,225.30218505859375,1000,0.0,0.0
2009-04-01 00:00:00+09:00,225.30217192893807,225.30217192893807,215.28874206542972,215.2887420654297,1000,0.0,0.0
2009-04-02 00:00:00+09:00,230.3088531494141,230.3088531494141,230.3088531494141,230.30885314941406,5000,0.0,0.0
2009-04-03 00:00:00+09:00,215.28874206542972,234.31425880609558,215.28874206542972,215.2887420654297,0,0.0,0.0
2009-04-06 00:00:00+09:00,218.29273907205334,230.3088531494141,218.29273907205334,230.30885314941406,1500,0.0,0.0
2009-04-07 00:00:00+09:00,218.29277038574222,235.31560110389643,218.29277038574222,218.2927703857422,0,0.0,0.0
2009-04-08 00:00:00+09:00,230.3088531494141,230.3088531494141,230.3088531494141,230.30885314941406,4500,0.0,0.0
2009-04-09 00:00:00+09:00,211.28335571289062,230.3088711562315,211.28335571289062,211.28335571289062,0,0.0,0.0
2009-04-10 00:00:00+09:00,230.3088531494141,230.3088531494141,230.3088531494141,230.30885314941406,500,0.0,0.0
2009-04-13 00:00:00+09:00,230.3088531494141,230.3088531494141,230.3088531494141,230.30885314941406,500,0.0,0.0
2009-04-14 00:00:00+09:00,230.3088531494141,230.3088531494141,230.3088531494141,230.30885314941406,1000,0.0,0.0
2009-04-15 00:00:00+09:00,230.3088531494141,230.3088531494141,230.3088531494141,230.30885314941406,1000,0.0,0.0
2009-04-16 00:00:00+09:00,230.3088531494141,230.3088531494141,230.3088531494141,230.30885314941406,500,0.0,0.0
2009-04-17 00:00:00+09:00,222.29815673828125,240.3223316089527,222.29815673828125,222.29815673828125,0,0.0,0.0
2009-04-20 00:00:00+09:00,225.30218505859372,230.30890028211803,225.30218505859372,225.30218505859375,0,0.0,0.0
2009-04-21 00:00:00+09:00,222.29816022600446,222.29816022600446,210.28204345703125,210.28204345703125,1500,0.0,0.0
2009-04-22 00:00:00+09:00,220.29545593261722,229.30754276622426,220.29545593261722,220.2954559326172,0,0.0,0.0
2009-04-23 00:00:00+09:00,220.29545593261722,230.30888574773616,220.29545593261722,220.2954559326172,0,0.0,0.0
2009-04-24 00:00:00+09:00,222.39828272948017,222.39828272948017,218.29277038574222,218.2927703857422,3500,0.0,0.0
2009-04-27 00:00:00+09:00,222.29816022600446,225.30218941824776,210.28204345703125,210.28204345703125,4000,0.0,0.0
2009-04-28 00:00:00+09:00,208.2793120607805,209.28065490722656,201.26991213565807,209.28065490722656,2000,0.0,0.0
2009-04-30 00:00:00+09:00,215.28874206542972,225.30217192893807,215.28874206542972,215.2887420654297,0,0.0,0.0
2009-05-01 00:00:00+09:00,223.29945333555796,229.30751037597656,223.29945333555796,229.30751037597656,3000,0.0,0.0
2009-05-07 00:00:00+09:00,230.30889687417937,240.32232717305672,230.30889687417937,238.31964111328125,2500,0.0,0.0
2009-05-08 00:00:00+09:00,230.3088531494141,238.31959586765458,230.3088531494141,230.30885314941406,0,0.0,0.0
2009-05-11 00:00:00+09:00,238.31964111328125,238.31964111328125,238.31964111328125,238.31964111328125,500,0.0,0.0
2009-05-12 00:00:00+09:00,238.31964111328125,238.31964111328125,238.31964111328125,238.31964111328125,1000,0.0,0.0
2009-05-13 00:00:00+09:00,235.31556701660156,240.32228120844414,235.31556701660156,235.31556701660156,0,0.0,0.0
2009-05-14 00:00:00+09:00,238.31964111328125,249.33441444204635,238.31964111328125,238.31964111328125,0,0.0,0.0
2009-05-15 00:00:00+09:00,240.32229614257812,240.32229614257812,238.31961034138996,240.32229614257812,3000,0.0,0.0
2009-05-18 00:00:00+09:00,240.32229614257812,240.32229614257812,240.32229614257812,240.32229614257812,500,0.0,0.0
2009-05-19 00:00:00+09:00,245.22887024377704,250.33572514851886,240.32229614257812,240.32229614257812,2000,0.0,0.0
2009-05-20 00:00:00+09:00,230.3088531494141,230.3088531494141,230.3088531494141,230.30885314941406,2000,0.0,0.0
2009-05-21 00:00:00+09:00,230.3088531494141,240.3222815472147,230.3088531494141,230.30885314941406,0,0.0,0.0
2009-05-22 00:00:00+09:00,230.3088531494141,240.3222815472147,230.3088531494141,230.30885314941406,0,0.0,0.0
2009-05-25 00:00:00+09:00,240.32229614257812,240.32229614257812,240.32229614257812,240.32229614257812,500,0.0,0.0
2009-05-26 00:00:00+09:00,250.335693359375,250.335693359375,250.23555297032,250.335693359375,1500,0.0,0.0
2009-05-27 00:00:00+09:00,259.34780872051533,260.3491516113281,259.34780872051533,260.3491516113281,1500,0.0,0.0
2009-05-28 00:00:00+09:00,250.335693359375,269.3612060546875,250.335693359375,250.335693359375,0,0.0,0.0
2009-05-29 00:00:00+09:00,269.3612060546875,270.362548828125,268.35986328125,268.35986328125,3500,0.0,0.0
2009-06-01 00:00:00+09:00,255.34239196777344,260.349105535769,255.34239196777344,255.34239196777344,0,0.0,0.0
2009-06-02 00:00:00+09:00,256.34375,265.3558349609375,256.34375,265.3558349609375,1500,0.0,0.0
2009-06-03 00:00:00+09:00,260.3491516113281,272.36526630108176,260.3491516113281,260.3491516113281,0,0.0,0.0
2009-06-04 00:00:00+09:00,270.3625183105469,273.3665462917752,270.3625183105469,270.3625183105469,2500,0.0,0.0
2009-06-05 00:00:00+09:00,270.4626586882984,280.3759449146412,270.3625183105469,270.3625183105469,2000,0.0,0.0
2009-06-08 00:00:00+09:00,275.3692932128906,275.3692932128906,275.3692932128906,275.3692932128906,500,0.0,0.0
2009-06-09 00:00:00+09:00,270.3625183105469,270.3625183105469,270.3625183105469,270.3625183105469,1500,0.0,0.0
2009-06-10 00:00:00+09:00,265.3558349609375,280.3759765625,265.3558349609375,265.3558349609375,0,0.0,0.0
2009-06-11 00:00:00+09:00,266.35723876953125,266.35723876953125,258.34649474638746,266.35723876953125,2000,0.0,0.0
2009-06-12 00:00:00+09:00,260.54942032312664,260.54942032312664,258.44659423828125,258.44659423828125,3000,0.0,0.0
2009-06-15 00:00:00+09:00,266.2569885253906,266.2569885253906,266.156848154697,266.2569885253906,1500,0.0,0.0
2009-06-16 00:00:00+09:00,262.2517395019531,262.2517395019531,262.2517395019531,262.2517395019531,1500,0.0,0.0
2009-06-17 00:00:00+09:00,270.262451171875,270.262451171875,270.262451171875,270.262451171875,500,0.0,0.0
2009-06-18 00:00:00+09:00,260.4492492675781,270.1622553792422,260.4492492675781,260.4492492675781,0,0.0,0.0
2009-06-19 00:00:00+09:00,265.35585931786204,266.15692138671875,265.35585931786204,266.15692138671875,1500,0.0,0.0
2009-06-22 00:00:00+09:00,270.26237793279535,270.3625183105469,270.26237793279535,270.3625183105469,1000,0.0,0.0
2009-06-23 00:00:00+09:00,268.35992571415795,268.35992571415795,262.35186767578125,262.35186767578125,1500,0.0,0.0
2009-06-24 00:00:00+09:00,260.3491516113281,260.3491516113281,259.34780872051533,260.3491516113281,3000,0.0,0.0
2009-06-25 00:00:00+09:00,258.7469482421875,269.56146776548604,258.7469482421875,258.7469482421875,0,0.0,0.0
2009-06-26 00:00:00+09:00,260.44932301476047,264.454695054792,258.34649658203125,258.34649658203125,7500,0.0,0.0
2009-06-29 00:00:00+09:00,270.162268050015,270.162268050015,265.3558349609375,265.3558349609375,2000,0.0,0.0
2009-06-30 00:00:00+09:00,262.4519348144531,262.4519348144531,262.4519348144531,262.4519348144531,500,0.0,0.0
2009-07-01 00:00:00+09:00,275.569580078125,277.3719850863086,275.569580078125,275.569580078125,3500,0.0,0.0
2009-07-02 00:00:00+09:00,280.3759155273437,280.3759155273437,280.3759155273437,280.37591552734375,2000,0.0,0.0
2009-07-03 00:00:00+09:00,284.38128574916294,284.38128574916294,280.3759155273437,280.37591552734375,1500,0.0,0.0
2009-07-06 00:00:00+09:00,300.40287750780834,300.40287750780834,282.278564453125,282.278564453125,1500,0.0,0.0
2009-07-07 00:00:00+09:00,290.389404296875,290.389404296875,290.389404296875,290.389404296875,500,0.0,0.0
2009-07-08 00:00:00+09:00,290.38950119575446,290.38950119575446,274.3680114746094,274.3680114746094,2000,0.0,0.0
2009-07-09 00:00:00+09:00,280.3759155273437,280.3759155273437,280.3759155273437,280.37591552734375,3500,0.0,0.0
2009-07-10 00:00:00+09:00,271.3639221191406,284.381379637771,271.3639221191406,271.3639221191406,0,0.0,0.0
2009-07-13 00:00:00+09:00,260.34915114894056,264.3545227050781,260.34915114894056,264.3545227050781,3000,0.0,0.0
2009-07-14 00:00:00+09:00,270.3625183105469,285.8833295468931,270.3625183105469,270.3625183105469,0,0.0,0.0
2009-07-15 00:00:00+09:00,261.3505554199219,299.40159414006376,261.3505554199219,261.3505554199219,0,0.0,0.0
2009-07-16 00:00:00+09:00,270.3625183105469,294.9955538683295,270.3625183105469,270.3625183105469,0,0.0,0.0
2009-07-17 00:00:00+09:00,270.3625183105469,270.3625183105469,270.3625183105469,270.3625183105469,500,0.0,0.0
2009-07-21 00:00:00+09:00,270.3625183105469,270.3625183105469,270.3625183105469,270.3625183105469,500,0.0,0.0
2009-07-22 00:00:00+09:00,266.35723876953125,280.27590039803096,266.35723876953125,266.35723876953125,0,0.0,0.0
2009-07-23 00:00:00+09:00,267.3584899902344,280.27580418142276,267.3584899902344,267.3584899902344,0,0.0,0.0
2009-07-24 00:00:00+09:00,280.17572021484375,280.17572021484375,280.17572021484375,280.17572021484375,1000,0.0,0.0
2009-07-27 00:00:00+09:00,287.8859846932547,290.3893410818917,280.3759155273437,280.37591552734375,3000,0.0,0.0
2009-07-28 00:00:00+09:00,275.3692932128906,288.3867507102273,275.3692932128906,275.3692932128906,0,0.0,0.0
2009-07-29 00:00:00+09:00,290.3893421909265,290.3893421909265,285.38262939453125,285.38262939453125,2000,0.0,0.0
2009-07-30 00:00:00+09:00,282.4788513183594,296.39751216294763,282.4788513183594,282.4788513183594,0,0.0,0.0
2009-07-31 00:00:00+09:00,291.39077779908496,291.39077779908496,289.3880920410156,289.3880920410156,1000,0.0,0.0
2009-08-03 00:00:00+09:00,289.28790283203125,289.28790283203125,289.28790283203125,289.28790283203125,500,0.0,0.0
2009-08-04 00:00:00+09:00,286.38409423828125,292.3921521593641,286.38409423828125,286.38409423828125,0,0.0,0.0
2009-08-05 00:00:00+09:00,286.38409423828125,289.38812319882265,286.38409423828125,286.38409423828125,0,0.0,0.0
2009-08-06 00:00:00+09:00,289.3880920410156,289.3880920410156,289.3880920410156,289.3880920410156,500,0.0,0.0
2009-08-07 00:00:00+09:00,295.39617919921875,295.39617919921875,295.39617919921875,295.39617919921875,500,0.0,0.0
2009-08-10 00:00:00+09:00,289.4882617269469,295.39617919921875,289.3881213172007,295.39617919921875,2000,0.0,0.0
2009-08-11 00:00:00+09:00,288.3868103027344,295.3962119420369,288.3868103027344,288.3868103027344,0,0.0,0.0
2009-08-12 00:00:00+09:00,295.3962084920111,299.4015808105469,295.3962084920111,299.4015808105469,1000,0.0,0.0
2009-08-13 00:00:00+09:00,296.3975219726563,296.3975219726563,296.3975219726563,296.39752197265625,500,0.0,0.0
2009-08-14 00:00:00+09:00,290.48962402343756,295.39619884163653,290.48962402343756,290.4896240234375,0,0.0,0.0
2009-08-17 00:00:00+09:00,289.4881896972656,289.4881896972656,289.4881896972656,289.4881896972656,500,0.0,0.0
2009-08-18 00:00:00+09:00,290.389404296875,290.389404296875,290.389404296875,290.389404296875,500,0.0,0.0
2009-08-19 00:00:00+09:00,289.3881330657192,296.2973937988281,289.3881330657192,296.2973937988281,1000,0.0,0.0
2009-08-20 00:00:00+09:00,286.38409423828125,296.39752410675266,286.38409423828125,286.38409423828125,0,0.0,0.0
2009-08-21 00:00:00+09:00,295.3961911916511,299.40156327560567,295.3961911916511,296.2973937988281,1500,0.0,0.0
2009-08-24 00:00:00+09:00,286.6844177246093,286.6844177246093,286.6844177246093,286.6844177246094,500,0.0,0.0
2009-08-25 00:00:00+09:00,294.394775390625,294.394775390625,294.394775390625,294.394775390625,500,0.0,0.0
2009-08-26 00:00:00+09:00,299.4015808105469,299.4015808105469,299.4015808105469,299.4015808105469,500,0.0,0.0
2009-08-27 00:00:00+09:00,286.38409423828125,298.4002100804469,286.38409423828125,286.38409423828125,0,0.0,0.0
2009-08-28 00:00:00+09:00,286.384033203125,290.389404296875,286.384033203125,290.389404296875,1000,0.0,0.0
2009-08-31 00:00:00+09:00,290.389404296875,290.389404296875,290.389404296875,290.389404296875,500,0.0,0.0
2009-09-02 00:00:00+09:00,285.38262939453125,298.400082665159,285.38262939453125,285.38262939453125,0,0.0,0.0
2009-09-03 00:00:00+09:00,286.38409178048977,298.40020751953125,286.38409178048977,298.40020751953125,2000,0.0,0.0
2009-09-04 00:00:00+09:00,280.3759155273437,297.3987389700753,280.3759155273437,280.37591552734375,0,0.0,0.0
2009-09-07 00:00:00+09:00,298.40020751953125,298.40020751953125,298.40020751953125,298.40020751953125,500,0.0,0.0
2009-09-08 00:00:00+09:00,281.37738037109375,299.40155420269406,281.37738037109375,281.37738037109375,0,0.0,0.0
2009-09-09 00:00:00+09:00,284.3813781738281,284.3813781738281,284.3813781738281,284.3813781738281,500,0.0,0.0
2009-09-10 00:00:00+09:00,290.389404296875,290.389404296875,290.389404296875,290.389404296875,500,0.0,0.0
2009-09-11 00:00:00+09:00,289.98887329921126,290.389404296875,289.98887329921126,290.389404296875,2500,0.0,0.0
2009-09-14 00:00:00+09:00,290.389404296875,290.389404296875,290.389404296875,290.389404296875,0,0.0,0.0
2009-09-15 00:00:00+09:00,285.3827210547219,285.3827210547219,281.3773495311468,284.3813781738281,2000,0.0,0.0
2009-09-16 00:00:00+09:00,283.3800354003906,283.3800354003906,283.3800354003906,283.3800354003906,1000,0.0,0.0
2009-09-17 00:00:00+09:00,282.378662109375,290.389404296875,282.378662109375,290.389404296875,1000,0.0,0.0
2009-09-18 00:00:00+09:00,280.47605589459914,280.47605589459914,280.3759155273437,280.37591552734375,2000,0.0,0.0
2009-09-21 00:00:00+09:00,280.3759155273437,280.3759155273437,280.3759155273437,280.37591552734375,0,0.0,0.0
2009-09-24 00:00:00+09:00,282.3787204548464,298.40020814022773,282.3787204548464,295.39617919921875,5000,0.0,0.0
2009-09-25 00:00:00+09:00,285.38262939453125,285.38262939453125,285.38262939453125,285.38262939453125,500,0.0,0.0
2009-09-28 00:00:00+09:00,285.38262939453125,285.38262939453125,285.38262939453125,285.38262939453125,3500,0.0,0.0
2009-09-29 00:00:00+09:00,277.3719787597656,285.3827218286397,277.3719787597656,277.3719787597656,0,0.0,0.0
2009-09-30 00:00:00+09:00,277.3719787597656,285.3827218286397,277.3719787597656,277.3719787597656,0,0.0,0.0
2009-10-01 00:00:00+09:00,277.3719787597656,285.3827218286397,277.3719787597656,277.3719787597656,0,0.0,0.0
2009-10-02 00:00:00+09:00,280.3759155273437,280.3759155273437,280.3759155273437,280.37591552734375,500,0.0,0.0
2009-10-05 00:00:00+09:00,262.35186767578125,282.3787278037035,262.35186767578125,262.35186767578125,0,0.0,0.0
2009-10-06 00:00:00+09:00,256.0433654785156,286.3840571014089,256.0433654785156,256.0433654785156,0,0.0,0.0
2009-10-07 00:00:00+09:00,287.3853454589844,287.3853454589844,287.3853454589844,287.3853454589844,1000,0.0,0.0
2009-10-08 00:00:00+09:00,252.33843994140625,287.3854454888238,252.33843994140625,252.33843994140625,0,0.0,0.0
2009-10-09 00:00:00+09:00,261.3505554199219,287.38547664949266,261.3505554199219,261.3505554199219,0,0.0,0.0
2009-10-13 00:00:00+09:00,253.33969116210938,288.38668401062256,253.33969116210938,253.33969116210938,0,0.0,0.0
2009-10-14 00:00:00+09:00,259.34783935546875,285.3827575919251,259.34783935546875,259.34783935546875,0,0.0,0.0
2009-10-15 00:00:00+09:00,259.34783935546875,289.388129628303,259.34783935546875,259.34783935546875,0,0.0,0.0
2009-10-16 00:00:00+09:00,260.3491516113281,285.3827238816482,260.3491516113281,260.3491516113281,0,0.0,0.0
2009-10-19 00:00:00+09:00,252.33843994140625,285.38275945754276,252.33843994140625,252.33843994140625,0,0.0,0.0
2009-10-20 00:00:00+09:00,289.3880307931933,289.3880307931933,287.3853454589844,287.3853454589844,7000,0.0,0.0
2009-10-21 00:00:00+09:00,279.37457297188894,280.3759155273437,279.37457297188894,280.37591552734375,2500,0.0,0.0
2009-10-22 00:00:00+09:00,275.3692038017407,285.38262939453125,275.3692038017407,285.38262939453125,1500,0.0,0.0
2009-10-23 00:00:00+09:00,255.9432373046875,287.3853965273242,255.9432373046875,255.9432373046875,0,0.0,0.0
2009-10-26 00:00:00+09:00,286.38406529146084,286.38406529146084,272.3652648925781,272.3652648925781,3500,0.0,0.0
2009-10-27 00:00:00+09:00,272.3652648925781,272.3652648925781,272.3652648925781,272.3652648925781,1000,0.0,0.0
2009-10-28 00:00:00+09:00,270.3625183105469,270.3625183105469,270.3625183105469,270.3625183105469,1000,0.0,0.0
2009-10-29 00:00:00+09:00,285.38262939453125,285.38262939453125,285.38262939453125,285.38262939453125,500,0.0,0.0
2009-10-30 00:00:00+09:00,270.3625183105469,270.3625183105469,270.3625183105469,270.3625183105469,4500,0.0,0.0
2009-11-02 00:00:00+09:00,275.76983642578125,275.76983642578125,275.76983642578125,275.76983642578125,500,0.0,0.0
2009-11-04 00:00:00+09:00,254.64146423339844,279.37462708822045,254.64146423339844,254.64146423339844,0,0.0,0.0
2009-11-05 00:00:00+09:00,255.74296575213395,255.74296575213395,255.24229431152344,255.24229431152344,2500,0.0,0.0
2009-11-06 00:00:00+09:00,250.335693359375,250.43583374843,250.335693359375,250.335693359375,17000,0.0,0.0
2009-11-09 00:00:00+09:00,249.33442687988278,249.33442687988278,249.33442687988278,249.3344268798828,500,0.0,0.0
2009-11-10 00:00:00+09:00,252.33843994140625,252.33843994140625,252.33843994140625,252.33843994140625,500,0.0,0.0
2009-11-11 00:00:00+09:00,251.33699035644528,251.33699035644528,251.33699035644528,251.3369903564453,2000,0.0,0.0
2009-11-12 00:00:00+09:00,250.335693359375,250.335693359375,250.335693359375,250.335693359375,1000,0.0,0.0
2009-11-13 00:00:00+09:00,250.4358367919922,260.2489838675169,250.4358367919922,250.4358367919922,0,0.0,0.0
2009-11-16 00:00:00+09:00,250.33575072324365,266.35723876953125,250.33575072324365,266.35723876953125,8500,0.0,0.0
2009-11-17 00:00:00+09:00,250.4358367919922,250.4358367919922,250.4358367919922,250.4358367919922,500,0.0,0.0
2009-11-18 00:00:00+09:00,259.34783935546875,259.34783935546875,259.34783935546875,259.34783935546875,500,0.0,0.0
2009-11-19 00:00:00+09:00,258.34649658203125,258.34649658203125,258.34649658203125,258.34649658203125,1000,0.0,0.0
2009-11-20 00:00:00+09:00,250.33564776538375,251.33699035644528,240.3222218547684,251.3369903564453,6500,0.0,0.0
2009-11-24 00:00:00+09:00,244.32762145996094,260.3491048343846,244.32762145996094,244.32762145996094,0,0.0,0.0
2009-11-25 00:00:00+09:00,242.32498168945312,242.32498168945312,242.32498168945312,242.32498168945312,1000,0.0,0.0
2009-11-26 00:00:00+09:00,254.44126892089844,254.44126892089844,254.44126892089844,254.44126892089844,1000,0.0,0.0
2009-11-27 00:00:00+09:00,253.33969116210938,253.33969116210938,253.33969116210938,253.33969116210938,1000,0.0,0.0
2009-11-30 00:00:00+09:00,244.32762206070066,254.34104919433594,244.32762206070066,254.34104919433594,2500,0.0,0.0
2009-12-01 00:00:00+09:00,256.34381079766536,257.34515380859375,250.33575273209507,257.34515380859375,4000,0.0,0.0
2009-12-02 00:00:00+09:00,250.43589681843193,254.44126892089844,250.43589681843193,254.44126892089844,1000,0.0,0.0
2009-12-03 00:00:00+09:00,257.34515380859375,257.34515380859375,257.34515380859375,257.34515380859375,500,0.0,0.0
2009-12-04 00:00:00+09:00,251.33699035644528,258.346388493876,251.33699035644528,251.3369903564453,0,0.0,0.0
2009-12-07 00:00:00+09:00,251.43723592468965,258.34649658203125,251.43723592468965,258.34649658203125,1000,0.0,0.0
2009-12-08 00:00:00+09:00,252.53868603201718,259.2476806640625,252.53868603201718,259.2476806640625,1000,0.0,0.0
2009-12-09 00:00:00+09:00,253.43981933593747,259.24759421919623,253.43981933593747,253.4398193359375,0,0.0,0.0
2009-12-10 00:00:00+09:00,253.43984686401967,257.3450773344265,253.43984686401967,254.34104919433594,3000,0.0,0.0
2009-12-11 00:00:00+09:00,259.1475289455776,259.1475289455776,251.83773803710938,251.83773803710938,11500,0.0,0.0
2009-12-14 00:00:00+09:00,253.84039908938027,257.3450988795689,252.53865039716877,256.5440368652344,2000,0.0,0.0
2009-12-15 00:00:00+09:00,254.54129928963172,254.54129928963172,253.33969116210938,253.33969116210938,1500,0.0,0.0
2009-12-16 00:00:00+09:00,256.14356500308867,258.34651674114883,252.4385986328125,252.4385986328125,5000,0.0,0.0
2009-12-17 00:00:00+09:00,253.33969116210938,259.2476067020054,253.33969116210938,253.33969116210938,3500,0.0,0.0
2009-12-18 00:00:00+09:00,251.73761252762978,260.0487773810904,251.73761252762978,253.84043884277344,2000,0.0,0.0
2009-12-21 00:00:00+09:00,254.3410405588818,260.0487060546875,251.73754348082034,260.0487060546875,5500,0.0,0.0
2009-12-22 00:00:00+09:00,254.34104919433594,254.34104919433594,254.34104919433594,254.34104919433594,500,0.0,0.0
2009-12-24 00:00:00+09:00,253.33969116210938,260.04869915938866,253.33969116210938,253.33969116210938,4000,0.0,0.0
2009-12-25 00:00:00+09:00,254.34104919433594,260.04871488392985,254.34104919433594,254.34104919433594,4000,0.0,0.0
2009-12-28 00:00:00+09:00,258.3464201085708,258.3464201085708,254.34104925417432,255.34239196777344,7500,0.0,0.0
2009-12-29 00:00:00+09:00,258.34649658203125,258.34649658203125,258.34649658203125,258.34649658203125,500,0.0,0.0
2009-12-30 00:00:00+09:00,258.34646582970254,260.3491516113281,258.34646582970254,260.3491516113281,1000,0.0,0.0
2010-01-04 00:00:00+09:00,256.34375,256.34375,256.34375,256.34375,500,0.0,0.0
2010-01-05 00:00:00+09:00,256.94464111328125,270.3626323087428,256.94464111328125,256.94464111328125,0,0.0,0.0
2010-01-06 00:00:00+09:00,260.3491516113281,270.2624401186629,260.3491516113281,260.3491516113281,0,0.0,0.0
2010-01-07 00:00:00+09:00,270.262451171875,270.262451171875,270.262451171875,270.262451171875,500,0.0,0.0
2010-01-08 00:00:00+09:00,265.3558349609375,265.3558349609375,265.3558349609375,265.3558349609375,500,0.0,0.0
2010-01-12 00:00:00+09:00,265.9567354827215,274.3680114746094,265.65631421531015,274.3680114746094,4000,0.0,0.0
2010-01-13 00:00:00+09:00,274.7684813705324,280.3760076349432,274.7684813705324,275.3692932128906,4500,0.0,0.0
2010-01-14 00:00:00+09:00,280.37609193918144,280.37609193918144,266.9580993652344,266.9580993652344,7500,0.0,0.0
2010-01-15 00:00:00+09:00,270.3625183105469,282.3786302354601,270.3625183105469,270.3625183105469,0,0.0,0.0
2010-01-18 00:00:00+09:00,280.37600757855034,280.37600757855034,275.8699645996093,275.8699645996094,1500,0.0,0.0
2010-01-19 00:00:00+09:00,280.2758483886719,280.2758483886719,280.2758483886719,280.2758483886719,500,0.0,0.0
2010-01-20 00:00:00+09:00,283.37994319370813,285.3826283046177,280.3759155273437,280.37591552734375,3000,0.0,0.0
2010-01-21 00:00:00+09:00,281.4775085449219,290.3894546625072,281.4775085449219,281.4775085449219,0,0.0,0.0
2010-01-22 00:00:00+09:00,281.47751562760845,281.47751562760845,276.6710510253906,276.6710510253906,1500,0.0,0.0
2010-01-25 00:00:00+09:00,281.6776497017788,285.38262939453125,276.4706867286576,285.38262939453125,3000,0.0,0.0
2010-01-26 00:00:00+09:00,285.38274010365956,289.38811189458806,280.4761657714844,280.4761657714844,1500,0.0,0.0
2010-01-27 00:00:00+09:00,280.4761657714844,280.4761657714844,280.4761657714844,280.4761657714844,500,0.0,0.0
2010-01-28 00:00:00+09:00,280.3759155273437,285.3826283046177,280.3759155273437,280.37591552734375,0,0.0,0.0
2010-01-29 00:00:00+09:00,280.3759155273437,280.3759155273437,280.3759155273437,280.37591552734375,500,0.0,0.0
2010-02-01 00:00:00+09:00,285.9835387973507,286.0836791992188,275.3692979290988,286.08367919921875,4000,0.0,0.0
2010-02-02 00:00:00+09:00,285.38262939453125,285.38262939453125,285.38262939453125,285.38262939453125,500,0.0,0.0
2010-02-03 00:00:00+09:00,285.9834899902344,285.9834899902344,285.9834899902344,285.9834899902344,500,0.0,0.0
2010-02-04 00:00:00+09:00,285.9834899902344,285.9834899902344,285.9834899902344,285.9834899902344,500,0.0,0.0
2010-02-05 00:00:00+09:00,285.38262939453125,285.38262939453125,285.38262939453125,285.38262939453125,1000,0.0,0.0
2010-02-08 00:00:00+09:00,286.38409423828125,286.38409423828125,286.38409423828125,286.38409423828125,500,0.0,0.0
2010-02-09 00:00:00+09:00,282.3786006382533,282.3786006382533,280.3759155273437,280.37591552734375,3000,0.0,0.0
2010-02-10 00:00:00+09:00,285.2826232910156,285.2826232910156,285.2826232910156,285.2826232910156,1000,0.0,0.0
2010-02-12 00:00:00+09:00,277.3719787597656,285.28258142856686,277.3719787597656,277.3719787597656,0,0.0,0.0
2010-02-15 00:00:00+09:00,277.4720764160156,286.38402059556523,277.4720764160156,277.4720764160156,0,0.0,0.0
2010-02-16 00:00:00+09:00,276.87130737304693,286.38406476922756,276.87130737304693,276.8713073730469,0,0.0,0.0
2010-02-17 00:00:00+09:00,286.38409423828125,286.38409423828125,286.38409423828125,286.38409423828125,500,0.0,0.0
2010-02-18 00:00:00+09:00,288.98748779296875,288.98748779296875,288.98748779296875,288.98748779296875,500,0.0,0.0
2010-02-19 00:00:00+09:00,279.9754943847656,288.98758091716,279.9754943847656,279.9754943847656,0,0.0,0.0
2010-02-22 00:00:00+09:00,278.9741328344993,283.3800354003906,278.3733209940233,283.3800354003906,2000,0.0,0.0
2010-02-23 00:00:00+09:00,283.2799377441407,288.9876052520427,283.2799377441407,283.2799377441406,0,0.0,0.0
2010-02-24 00:00:00+09:00,288.98748779296875,288.98748779296875,288.98748779296875,288.98748779296875,500,0.0,0.0
2010-02-25 00:00:00+09:00,289.1877500363512,289.1877500363512,287.3853454589844,287.3853454589844,1000,0.0,0.0
2010-02-26 00:00:00+09:00,289.8888311608963,289.8888311608963,288.08642578125,288.08642578125,2000,0.0,0.0
2010-03-01 00:00:00+09:00,288.08642578125,288.08642578125,288.08642578125,288.08642578125,500,0.0,0.0
2010-03-02 00:00:00+09:00,284.9822560198,288.08642578125,284.9822560198,288.08642578125,2000,0.0,0.0
2010-03-03 00:00:00+09:00,288.3868103027344,288.3868103027344,288.3868103027344,288.3868103027344,1000,0.0,0.0
2010-03-04 00:00:00+09:00,287.1850951984525,290.389404296875,287.0849853679538,290.389404296875,4500,0.0,0.0
2010-03-05 00:00:00+09:00,290.3894770704672,292.2920227050782,290.3894770704672,292.2920227050781,3000,0.0,0.0
2010-03-08 00:00:00+09:00,292.39215087890625,292.39215087890625,292.39215087890625,292.39215087890625,500,0.0,0.0
2010-03-09 00:00:00+09:00,290.389404296875,298.30000609532,290.389404296875,290.389404296875,0,0.0,0.0
2010-03-10 00:00:00+09:00,287.3853454589844,287.3853454589844,287.3853454589844,287.3853454589844,500,0.0,0.0
2010-03-11 00:00:00+09:00,285.6831400665312,295.39617919921875,285.6831400665312,295.39617919921875,1000,0.0,0.0
2010-03-12 00:00:00+09:00,295.1958373859525,295.1958373859525,294.394775390625,294.394775390625,1000,0.0,0.0
2010-03-15 00:00:00+09:00,293.39349354836565,294.39483652975935,293.39349354836565,293.8941650390625,2000,0.0,0.0
2010-03-16 00:00:00+09:00,295.39617919921875,295.39617919921875,295.39617919921875,295.39617919921875,1500,0.0,0.0
2010-03-17 00:00:00+09:00,295.3962370113964,303.406982421875,293.3935506587768,303.406982421875,19000,0.0,0.0
2010-03-18 00:00:00+09:00,301.4042350393827,305.40960693359375,295.3961771980661,305.40960693359375,15000,0.0,0.0
2010-03-19 00:00:00+09:00,301.4042360432943,301.4042360432943,300.40289306640625,300.40289306640625,3000,0.0,0.0
2010-03-23 00:00:00+09:00,300.40283203125,302.405517578125,300.40283203125,302.405517578125,5000,0.0,0.0
2010-03-24 00:00:00+09:00,303.4069224107986,303.4069224107986,298.40020751953125,298.40020751953125,3000,0.0,0.0
2010-03-25 00:00:00+09:00,300.40289306640625,300.40289306640625,300.40289306640625,300.40289306640625,2000,0.0,0.0
2010-03-26 00:00:00+09:00,304.9089364624024,304.9089364624024,300.40289306640625,300.40289306640625,2000,0.0,0.0
2010-03-29 00:00:00+09:00,293.727152292352,297.8352243523849,292.70013427734375,292.70013427734375,5500,15.0,0.0
2010-03-30 00:00:00+09:00,292.70025699696646,292.70025699696646,289.6192016601563,289.61920166015625,3000,0.0,0.0
2010-03-31 00:00:00+09:00,293.7272237858302,293.7272237858302,291.6731872558594,291.6731872558594,1000,0.0,0.0
2010-04-01 00:00:00+09:00,296.80833156289884,297.1164245605469,296.80833156289884,297.1164245605469,1000,0.0,0.0
2010-04-02 00:00:00+09:00,296.80828857421875,296.80828857421875,296.80828857421875,296.80828857421875,46221500,0.0,0.0
2010-04-05 00:00:00+09:00,305.0244140625,305.0244140625,305.0244140625,305.0244140625,500,0.0,0.0
2010-04-06 00:00:00+09:00,299.88934326171875,313.2405811466583,299.88934326171875,299.88934326171875,0,0.0,0.0
2010-04-07 00:00:00+09:00,300.19743621452676,300.19743621452676,299.88934326171875,299.88934326171875,1000,0.0,0.0
2010-04-08 00:00:00+09:00,304.92181396484375,304.92181396484375,304.92181396484375,304.92181396484375,500,0.0,0.0
2010-04-09 00:00:00+09:00,306.0514115994294,306.0514115994294,300.91632080078125,300.91632080078125,1000,0.0,0.0
2010-04-12 00:00:00+09:00,306.0514115994294,306.0514115994294,299.992010725446,300.91632080078125,2000,0.0,0.0
2010-04-13 00:00:00+09:00,301.429931640625,306.05151491961243,301.429931640625,301.429931640625,0,0.0,0.0
2010-04-14 00:00:00+09:00,301.0190288851756,301.0190288851756,297.83526632159237,300.91632080078125,1500,0.0,0.0
2010-04-15 00:00:00+09:00,301.429931640625,305.94880680054473,301.429931640625,301.429931640625,0,0.0,0.0
2010-04-16 00:00:00+09:00,305.94878480823706,308.1055297851562,305.94878480823706,308.10552978515625,3500,0.0,0.0
2010-04-19 00:00:00+09:00,315.29460659339776,315.29460659339776,313.2405700683594,313.2405700683594,1000,0.0,0.0
2010-04-20 00:00:00+09:00,301.0190734863281,314.2676034414165,301.0190734863281,301.0190734863281,0,0.0,0.0
2010-04-21 00:00:00+09:00,310.1595153808594,310.1595153808594,310.1595153808594,310.1595153808594,500,0.0,0.0
2010-04-22 00:00:00+09:00,302.9704284667969,302.9704284667969,302.9704284667969,302.9704284667969,1000,0.0,0.0
2010-04-23 00:00:00+09:00,302.9704284667969,302.9704284667969,302.9704284667969,302.9704284667969,334322500,0.0,0.0
2010-04-26 00:00:00+09:00,313.2405679360207,313.2405679360207,304.20281982421875,304.20281982421875,3000,0.0,0.0
2010-04-27 00:00:00+09:00,304.20281982421875,304.20281982421875,304.20281982421875,304.20281982421875,500,0.0,0.0
2010-04-28 00:00:00+09:00,305.0244140625,305.0244140625,305.0244140625,305.0244140625,500,0.0,0.0
2010-04-30 00:00:00+09:00,309.13250732421875,309.13250732421875,309.13250732421875,309.13250732421875,500,0.0,0.0
2010-05-06 00:00:00+09:00,308.1055297851562,308.1055297851562,308.1055297851562,308.10552978515625,2500,0.0,0.0
2010-05-07 00:00:00+09:00,308.1055297851562,308.1055297851562,308.1055297851562,308.10552978515625,1000,0.0,0.0
2010-05-10 00:00:00+09:00,308.1055297851562,308.1055297851562,308.1055297851562,308.10552978515625,1500,0.0,0.0
2010-05-11 00:00:00+09:00,306.97576904296875,308.0027873611735,306.97576904296875,306.97576904296875,0,0.0,0.0
2010-05-12 00:00:00+09:00,308.00283208067987,308.00283208067987,307.0785217285156,307.0785217285156,1000,0.0,0.0
2010-05-13 00:00:00+09:00,303.9974060058594,314.26758864119245,303.9974060058594,303.9974060058594,0,0.0,0.0
2010-05-14 00:00:00+09:00,308.1055297851562,308.1055297851562,308.1055297851562,308.10552978515625,500,0.0,0.0
2010-05-17 00:00:00+09:00,302.97040807010757,303.4839172363281,302.97040807010757,303.4839172363281,1500,0.0,0.0
2010-05-18 00:00:00+09:00,290.64613920348495,300.91632080078125,290.64613920348495,300.91632080078125,3000,0.0,0.0
2010-05-19 00:00:00+09:00,299.88934326171875,299.88934326171875,299.88934326171875,299.88934326171875,1500,0.0,0.0
2010-05-20 00:00:00+09:00,304.92181396484375,304.92181396484375,304.92181396484375,304.92181396484375,500,0.0,0.0
2010-05-21 00:00:00+09:00,297.9380419691535,304.71636962890625,294.7542786835909,304.71636962890625,6000,0.0,0.0
2010-05-24 00:00:00+09:00,299.58123779296875,299.58123779296875,299.58123779296875,299.58123779296875,500,0.0,0.0
2010-05-25 00:00:00+09:00,298.14346473334336,298.14346473334336,297.9380798339844,297.9380798339844,1500,0.0,0.0
2010-05-26 00:00:00+09:00,298.1434310175856,298.1434310175856,293.7272644042969,293.7272644042969,4500,0.0,0.0
2010-05-27 00:00:00+09:00,291.77593994140625,305.94878162732397,291.77593994140625,291.77593994140625,0,0.0,0.0
2010-05-28 00:00:00+09:00,297.8352355957031,297.8352355957031,297.8352355957031,297.8352355957031,500,0.0,0.0
2010-05-31 00:00:00+09:00,298.3487854003906,304.5108945652868,298.3487854003906,298.3487854003906,0,0.0,0.0
2010-06-01 00:00:00+09:00,302.8676591862262,302.8676591862262,298.3487854003906,298.3487854003906,2000,0.0,0.0
2010-06-02 00:00:00+09:00,303.4839172363281,303.4839172363281,303.4839172363281,303.4839172363281,500,0.0,0.0
2010-06-03 00:00:00+09:00,298.3487854003906,308.00275015697304,298.3487854003906,298.3487854003906,0,0.0,0.0
2010-06-04 00:00:00+09:00,298.45159912109375,308.00285917037763,298.45159912109375,298.45159912109375,0,0.0,0.0
2010-06-07 00:00:00+09:00,298.96508789062494,307.28394390532054,298.96508789062494,298.965087890625,0,0.0,0.0
2010-06-08 00:00:00+09:00,298.8623352050781,307.48928294257547,298.8623352050781,298.8623352050781,0,0.0,0.0
2010-06-09 00:00:00+09:00,301.943359375,301.943359375,301.943359375,301.943359375,500,0.0,0.0
2010-06-10 00:00:00+09:00,301.943359375,301.943359375,301.943359375,301.943359375,500,0.0,0.0
2010-06-11 00:00:00+09:00,301.943359375,301.943359375,301.943359375,301.943359375,500,0.0,0.0
2010-06-14 00:00:00+09:00,303.4839172363281,303.4839172363281,303.4839172363281,303.4839172363281,500,0.0,0.0
2010-06-15 00:00:00+09:00,303.4839172363281,303.4839172363281,303.4839172363281,303.4839172363281,500,0.0,0.0
2010-06-16 00:00:00+09:00,302.9703874431672,313.2405700683594,301.8406610859741,313.2405700683594,5500,0.0,0.0
2010-06-17 00:00:00+09:00,299.37579345703125,311.18650228981295,299.37579345703125,299.37579345703125,0,0.0,0.0
2010-06-18 00:00:00+09:00,300.91632080078125,311.18650239807755,300.91632080078125,300.91632080078125,0,0.0,0.0
2010-06-21 00:00:00+09:00,299.37579345703125,311.18650228981295,299.37579345703125,299.37579345703125,0,0.0,0.0
2010-06-22 00:00:00+09:00,302.9704284667969,302.9704284667969,302.9704284667969,302.9704284667969,500,0.0,0.0
2010-06-23 00:00:00+09:00,308.1055297851562,308.1055297851562,308.1055297851562,308.10552978515625,1500,0.0,0.0
2010-06-24 00:00:00+09:00,308.1055297851562,308.1055297851562,308.1055297851562,308.10552978515625,1251452000,0.0,0.0
2010-06-25 00:00:00+09:00,305.1271733785427,305.1271733785427,302.9704284667969,302.9704284667969,1500,0.0,0.0
2010-06-28 00:00:00+09:00,310.6729539858749,314.26751708984375,310.6729539858749,314.26751708984375,2000,0.0,0.0
2010-06-29 00:00:00+09:00,303.4839172363281,313.240591394518,303.4839172363281,303.4839172363281,0,0.0,0.0
2010-06-30 00:00:00+09:00,304.510975560217,307.0785217285156,302.9704478592378,307.0785217285156,3000,0.0,0.0
2010-07-01 00:00:00+09:00,310.1595153305833,311.7000427246094,310.1595153305833,311.7000427246094,2500,0.0,0.0
2010-07-02 00:00:00+09:00,304.5109291074419,305.6406555175781,302.9704016414683,305.6406555175781,6500,0.0,0.0
2010-07-05 00:00:00+09:00,302.9704284667969,302.9704284667969,302.9704284667969,302.9704284667969,4000,0.0,0.0
2010-07-06 00:00:00+09:00,301.429931640625,303.89476978766146,301.429931640625,301.429931640625,0,0.0,0.0
2010-07-07 00:00:00+09:00,301.4298298806461,301.4298298806461,300.91632080078125,300.91632080078125,4000,0.0,0.0
2010-07-08 00:00:00+09:00,300.91632080078125,300.91632080078125,300.91632080078125,300.91632080078125,3000,0.0,0.0
2010-07-09 00:00:00+09:00,300.91634114583337,305.0244140625,300.91634114583337,305.0244140625,1500,0.0,0.0
2010-07-12 00:00:00+09:00,300.916289757038,300.916289757038,297.8352355957031,297.8352355957031,1000,0.0,0.0
2010-07-13 00:00:00+09:00,297.8352355957031,297.8352355957031,297.8352355957031,297.8352355957031,2000,0.0,0.0
2010-07-14 00:00:00+09:00,297.8352355957031,297.8352355957031,297.8352355957031,297.8352355957031,2000,0.0,0.0
2010-07-15 00:00:00+09:00,302.9703751965945,302.9703751965945,297.5271911621094,297.5271911621094,2500,0.0,0.0
2010-07-16 00:00:00+09:00,297.5271911621094,301.635264046131,297.5271911621094,297.5271911621094,0,0.0,0.0
2010-07-21 00:00:00+09:00,297.5271911621094,301.9433569755891,297.5271911621094,297.5271911621094,0,0.0,0.0
2010-07-22 00:00:00+09:00,305.8460693359375,305.8460693359375,305.8460693359375,305.8460693359375,500,0.0,0.0
2010-07-23 00:00:00+09:00,297.5272786931483,297.9380798339844,297.5272786931483,297.9380798339844,2500,0.0,0.0
2010-07-26 00:00:00+09:00,308.00280761718744,308.00280761718744,308.00280761718744,308.0028076171875,500,0.0,0.0
2010-07-27 00:00:00+09:00,305.84602399933345,305.84602399933345,301.94336716466137,302.66229248046875,1500,0.0,0.0
2010-07-28 00:00:00+09:00,301.9433078108163,301.9433078108163,297.8352355957031,297.8352355957031,4000,0.0,0.0
2010-07-29 00:00:00+09:00,302.97044012281634,302.97044012281634,294.754292594062,295.78131103515625,7000,0.0,0.0
2010-07-30 00:00:00+09:00,300.813720703125,300.813720703125,300.813720703125,300.813720703125,500,0.0,0.0
2010-08-02 00:00:00+09:00,302.45686612285493,302.45686612285493,302.04606510282457,302.1487731933594,2000,0.0,0.0
2010-08-03 00:00:00+09:00,299.0676574707031,301.0189854240352,299.0676574707031,299.0676574707031,0,0.0,0.0
2010-08-04 00:00:00+09:00,295.78131103515625,295.78131103515625,295.78131103515625,295.78131103515625,6000,0.0,0.0
2010-08-05 00:00:00+09:00,296.80828857421875,296.80828857421875,296.80828857421875,296.80828857421875,2000,0.0,0.0
2010-08-06 00:00:00+09:00,296.8083111647374,297.62991333007807,296.8083111647374,297.6299133300781,1000,0.0,0.0
2010-08-09 00:00:00+09:00,302.7650451660156,302.7650451660156,302.7650451660156,302.7650451660156,500,0.0,0.0
2010-08-10 00:00:00+09:00,294.8570251464844,302.6623722141879,294.8570251464844,294.8570251464844,0,0.0,0.0
2010-08-11 00:00:00+09:00,295.8840093274366,295.8840093274366,293.7272644042969,293.7272644042969,1500,0.0,0.0
2010-08-12 00:00:00+09:00,292.7002557118734,295.78131103515625,292.7002557118734,295.78131103515625,4000,0.0,0.0
2010-08-13 00:00:00+09:00,293.727152292352,293.727152292352,292.70013427734375,292.70013427734375,1000,0.0,0.0
2010-08-16 00:00:00+09:00,292.494873046875,294.75432641337216,292.494873046875,292.494873046875,0,0.0,0.0
2010-08-17 00:00:00+09:00,295.78131103515625,295.78131103515625,295.78131103515625,295.78131103515625,2000,0.0,0.0
2010-08-18 00:00:00+09:00,295.78131103515625,295.78131103515625,295.78131103515625,295.78131103515625,1000,0.0,0.0
2010-08-19 00:00:00+09:00,293.82994177390316,296.80828857421875,293.82994177390316,296.80828857421875,1500,0.0,0.0
2010-08-20 00:00:00+09:00,296.80828857421875,296.80828857421875,296.80828857421875,296.80828857421875,500,0.0,0.0
2010-08-23 00:00:00+09:00,292.90567193693846,295.78131103515625,292.90567193693846,295.78131103515625,1500,0.0,0.0
2010-08-24 00:00:00+09:00,292.70013427734375,294.7541703073602,292.70013427734375,292.70013427734375,3500,0.0,0.0
2010-08-25 00:00:00+09:00,293.7272237858302,293.7272237858302,291.6731872558594,291.6731872558594,3500,0.0,0.0
2010-08-26 00:00:00+09:00,295.6785583496094,295.6785583496094,295.6785583496094,295.6785583496094,500,0.0,0.0
2010-08-27 00:00:00+09:00,292.70013427734375,295.78118832236845,292.70013427734375,292.70013427734375,0,0.0,0.0
2010-08-30 00:00:00+09:00,288.5921819474962,295.78131103515625,288.5921819474962,295.78131103515625,4000,0.0,0.0
2010-08-31 00:00:00+09:00,291.77589535077993,291.77589535077993,291.6731872558594,291.6731872558594,1500,0.0,0.0
2010-09-01 00:00:00+09:00,292.70013427734375,292.70013427734375,292.70013427734375,292.70013427734375,500,0.0,0.0
2010-09-02 00:00:00+09:00,289.72190977313977,289.72190977313977,289.6192016601563,289.61920166015625,2500,0.0,0.0
2010-09-03 00:00:00+09:00,289.6192016601563,294.13807655238804,289.6192016601563,289.61920166015625,4000,0.0,0.0
2010-09-06 00:00:00+09:00,290.2353921918099,290.7489013671875,289.2083738410549,290.7489013671875,6500,0.0,0.0
2010-09-07 00:00:00+09:00,293.7272644042969,293.7272644042969,293.7272644042969,293.7272644042969,500,0.0,0.0
2010-09-08 00:00:00+09:00,290.6461791992188,295.2677615539767,290.6461791992188,290.64617919921875,0,0.0,0.0
2010-09-09 00:00:00+09:00,290.6461791992188,294.75425240344805,290.6461791992188,290.64617919921875,0,0.0,0.0
2010-09-10 00:00:00+09:00,293.7272644042969,293.7272644042969,293.7272644042969,293.7272644042969,238796500,0.0,0.0
2010-09-13 00:00:00+09:00,294.754292594062,295.78131103515625,294.754292594062,295.78131103515625,2000,0.0,0.0
2010-09-14 00:00:00+09:00,295.78131103515625,295.78131103515625,295.78131103515625,295.78131103515625,8000,0.0,0.0
2010-09-16 00:00:00+09:00,295.78131103515625,295.78131103515625,295.78131103515625,295.78131103515625,6000,0.0,0.0
2010-09-17 00:00:00+09:00,292.70025699696646,292.70025699696646,289.6192016601563,289.61920166015625,5000,0.0,0.0
2010-09-21 00:00:00+09:00,290.6460786081772,294.754150390625,290.6460786081772,294.754150390625,4000,0.0,0.0
2010-09-22 00:00:00+09:00,286.53809593093223,292.70020552084475,286.53809593093223,291.6731872558594,6000,0.0,0.0
2010-09-24 00:00:00+09:00,291.67313581194196,291.67313581194196,286.6407534695231,287.5650634765625,25500,0.0,0.0
2010-09-27 00:00:00+09:00,283.45703125,283.45703125,279.34895833333337,280.3759765625,10500,0.0,0.0
2010-09-28 00:00:00+09:00,274.56787109375,280.904052734375,274.56787109375,280.904052734375,2500,15.0,0.0
2010-09-29 00:00:00+09:00,279.8479925084997,285.1281433105469,276.8911209503465,285.1281433105469,7000,0.0,0.0
2010-09-30 00:00:00+09:00,277.7359313964844,287.24020281309413,277.7359313964844,277.7359313964844,0,0.0,0.0
2010-10-01 00:00:00+09:00,290.40825279532316,292.4147033691406,290.40825279532316,292.4147033691406,1000,0.0,0.0
2010-10-04 00:00:00+09:00,272.45587158203125,293.04846652718476,272.45587158203125,272.45587158203125,0,0.0,0.0
2010-10-05 00:00:00+09:00,272.45587158203125,293.2596855201838,272.45587158203125,272.45587158203125,0,0.0,0.0
2010-10-06 00:00:00+09:00,276.6799011230469,290.4082931635034,276.6799011230469,276.6799011230469,0,0.0,0.0
2010-10-07 00:00:00+09:00,292.4147033691406,292.4147033691406,292.4147033691406,292.4147033691406,67192500,0.0,0.0
2010-10-08 00:00:00+09:00,278.052734375,295.68845132730024,278.052734375,278.052734375,0,0.0,0.0
2010-10-12 00:00:00+09:00,290.4082946777344,290.4082946777344,290.4082946777344,290.4082946777344,67192500,0.0,0.0
2010-10-13 00:00:00+09:00,290.4082946777344,290.4082946777344,290.4082946777344,290.4082946777344,67192500,0.0,0.0
2010-10-14 00:00:00+09:00,290.4082946777344,290.4082946777344,290.4082946777344,290.4082946777344,67192500,0.0,0.0
2010-10-15 00:00:00+09:00,290.4082946777344,290.4082946777344,290.4082946777344,290.4082946777344,67192500,0.0,0.0
2010-10-18 00:00:00+09:00,289.3522644042969,289.3522644042969,289.3522644042969,289.3522644042969,500,0.0,0.0
2010-10-19 00:00:00+09:00,285.2337527720844,285.2337527720844,285.1281433105469,285.1281433105469,1500,0.0,0.0
2010-10-20 00:00:00+09:00,285.02253384900933,285.1281433105469,285.02253384900933,285.1281433105469,3000,0.0,0.0
2010-10-21 00:00:00+09:00,276.89117431640625,276.89117431640625,276.89117431640625,276.89117431640625,500,0.0,0.0
2010-10-22 00:00:00+09:00,276.8911198105018,276.8911198105018,274.5678405761719,274.5678405761719,7000,0.0,0.0
2010-10-25 00:00:00+09:00,274.5678098229368,274.5678098229368,273.51177978515625,273.51177978515625,1000,0.0,0.0
2010-10-26 00:00:00+09:00,274.4623107910156,274.4623107910156,274.4623107910156,274.4623107910156,1500,0.0,0.0
2010-10-27 00:00:00+09:00,274.4623107910156,274.4623107910156,274.4623107910156,274.4623107910156,500,0.0,0.0
2010-10-28 00:00:00+09:00,274.5678405761719,274.5678405761719,274.4622311150691,274.5678405761719,4500,0.0,0.0
2010-10-29 00:00:00+09:00,273.5119020920391,273.5119020920391,272.45587158203125,272.45587158203125,1500,0.0,0.0
2010-11-01 00:00:00+09:00,273.51177978515625,273.51177978515625,273.51177978515625,273.51177978515625,1000,0.0,0.0
2010-11-02 00:00:00+09:00,274.5678405761719,274.5678405761719,274.5678405761719,274.5678405761719,500,0.0,0.0
2010-11-04 00:00:00+09:00,272.98382568359375,273.0894351564348,272.98382568359375,272.98382568359375,1500,0.0,0.0
2010-11-05 00:00:00+09:00,274.0398254981408,274.5678405761719,274.0398254981408,274.5678405761719,1500,0.0,0.0
2010-11-08 00:00:00+09:00,272.45587158203125,272.45587158203125,272.45587158203125,272.45587158203125,2000,0.0,0.0
2010-11-09 00:00:00+09:00,272.45587158203125,272.45587158203125,272.45587158203125,272.45587158203125,2000,0.0,0.0
2010-11-10 00:00:00+09:00,272.45587158203125,272.45587158203125,272.45587158203125,272.45587158203125,2000,0.0,0.0
2010-11-11 00:00:00+09:00,273.51177978515625,273.51177978515625,273.51177978515625,273.51177978515625,500,0.0,0.0
2010-11-12 00:00:00+09:00,273.51177978515625,273.51177978515625,273.51177978515625,273.51177978515625,500,0.0,0.0
2010-11-15 00:00:00+09:00,269.9213629304535,277.73598104672675,269.9213629304535,270.76617431640625,3000,0.0,0.0
2010-11-16 00:00:00+09:00,272.45573900540086,277.6302795410156,272.45573900540086,277.6302795410156,1500,0.0,0.0
2010-11-17 00:00:00+09:00,277.6302795410156,277.6302795410156,277.6302795410156,277.6302795410156,1500,0.0,0.0
2010-11-18 00:00:00+09:00,277.6302795410156,277.6302795410156,277.6302795410156,277.6302795410156,1500,0.0,0.0
2010-11-19 00:00:00+09:00,278.79196120042064,278.79196120042064,274.5678405761719,274.5678405761719,1000,0.0,0.0
2010-11-22 00:00:00+09:00,275.6238398607173,275.6238398607173,273.51177978515625,273.51177978515625,5000,0.0,0.0
2010-11-24 00:00:00+09:00,269.28768979586084,279.84799135648285,269.28768979586084,274.5678405761719,8000,0.0,0.0
2010-11-25 00:00:00+09:00,274.5678405761719,274.5678405761719,272.98379534207857,274.5678405761719,3500,0.0,0.0
2010-11-26 00:00:00+09:00,275.41262048388677,275.41262048388677,271.39971923828125,271.39971923828125,4000,0.0,0.0
2010-11-29 00:00:00+09:00,272.45573900540086,277.6302795410156,272.45573900540086,277.6302795410156,3500,0.0,0.0
2010-11-30 00:00:00+09:00,276.67990088829623,277.73593104435844,272.98379534207857,274.5678405761719,19000,0.0,0.0
2010-12-01 00:00:00+09:00,271.92773425625455,272.03334370534503,271.39971923828125,271.39971923828125,4500,0.0,0.0
2010-12-02 00:00:00+09:00,274.25101370259426,274.25101370259426,271.3997197095952,273.51177978515625,9500,0.0,0.0
2010-12-03 00:00:00+09:00,271.3998410720234,272.45587158203125,269.28778005200763,272.45587158203125,10500,0.0,0.0
2010-12-06 00:00:00+09:00,272.9838868370352,272.9838868370352,270.3438105620155,272.45587158203125,17000,0.0,0.0
2010-12-07 00:00:00+09:00,273.30056041199356,273.30056041199356,271.39971923828125,271.39971923828125,4000,0.0,0.0
2010-12-08 00:00:00+09:00,271.39971923828125,272.45574927422786,271.39971923828125,271.39971923828125,9500,0.0,0.0
2010-12-09 00:00:00+09:00,271.39971923828125,272.45574927422786,271.39971923828125,271.39971923828125,7500,0.0,0.0
2010-12-10 00:00:00+09:00,273.5118408203125,273.5118408203125,270.87176513671875,270.87176513671875,14500,0.0,0.0
2010-12-13 00:00:00+09:00,276.1518858102651,276.1518858102651,274.5678405761719,274.5678405761719,10500,0.0,0.0
2010-12-14 00:00:00+09:00,274.56787109375,275.6239013671875,274.03985595703125,275.6239013671875,11500,0.0,0.0
2010-12-15 00:00:00+09:00,276.1519232578097,277.73596870670724,275.62390810817715,277.5247497558594,9500,0.0,0.0
2010-12-16 00:00:00+09:00,278.5807428624341,279.8479919433594,277.7359316268057,279.8479919433594,5000,0.0,0.0
2010-12-17 00:00:00+09:00,285.1281427347435,285.1281427347435,278.79196178508255,279.8479919433594,10500,0.0,0.0
2010-12-20 00:00:00+09:00,281.9600212790749,282.27681740075633,278.79193115234375,278.79193115234375,10000,0.0,0.0
2010-12-21 00:00:00+09:00,276.7855530239582,277.73597386545265,275.7295227050781,275.7295227050781,13500,0.0,0.0
2010-12-22 00:00:00+09:00,276.78551070032,279.4255860938227,276.6799012390833,277.7359313964844,16000,0.0,0.0
2010-12-24 00:00:00+09:00,278.7919614369633,278.7919614369633,276.6799011230469,276.6799011230469,47500,0.0,0.0
2010-12-27 00:00:00+09:00,279.74238225004984,279.74238225004984,277.7359313964844,277.7359313964844,16500,0.0,0.0
2010-12-28 00:00:00+09:00,278.6863217026235,278.79193115234375,277.73590111010003,278.79193115234375,10000,0.0,0.0
2010-12-29 00:00:00+09:00,278.79190767832904,282.910418050809,278.2638927016655,279.63671875,15500,0.0,0.0
2010-12-30 00:00:00+09:00,279.32000732421875,279.32000732421875,278.26397705078125,278.26397705078125,3000,0.0,0.0
2011-01-04 00:00:00+09:00,282.38242777318123,283.01605224609375,281.96002220039935,283.01605224609375,5000,0.0,0.0
2011-01-05 00:00:00+09:00,282.9104126300559,284.0720520019531,282.9104126300559,284.0720520019531,10500,0.0,0.0
2011-01-06 00:00:00+09:00,283.0161621052177,285.0226135253906,283.0161621052177,285.0226135253906,8500,0.0,0.0
2011-01-07 00:00:00+09:00,286.18411943003554,286.7121344105338,286.18411943003554,286.50091552734375,13000,0.0,0.0
2011-01-11 00:00:00+09:00,286.28973388671875,286.5009205461314,285.656109453526,286.28973388671875,12000,0.0,0.0
2011-01-12 00:00:00+09:00,287.02894255592514,287.2401614479811,287.02894255592514,287.1345520019531,10500,0.0,0.0
2011-01-13 00:00:00+09:00,287.13459472859785,290.4082946777344,287.13459472859785,290.4082946777344,13000,0.0,0.0
2011-01-14 00:00:00+09:00,291.7811816669271,296.7445373535156,291.7811816669271,296.7445373535156,3000,0.0,0.0
2011-01-17 00:00:00+09:00,297.800537109375,306.248779296875,297.800537109375,300.9686279296875,11000,0.0,0.0
2011-01-18 00:00:00+09:00,297.8004761822456,298.8565062396294,297.27246115355365,298.3284912109375,5000,0.0,0.0
2011-01-19 00:00:00+09:00,297.80048795669944,297.9060974121094,297.37808236254074,297.9060974121094,2000,0.0,0.0
2011-01-20 00:00:00+09:00,298.5397219170879,300.7573593432912,297.9060974121094,297.9060974121094,3500,0.0,0.0
2011-01-21 00:00:00+09:00,297.90611583575543,298.11730253215484,295.6884460449219,295.6884460449219,16000,0.0,0.0
2011-01-24 00:00:00+09:00,295.6884460449219,295.6884460449219,293.5763857160296,295.6884460449219,8000,0.0,0.0
2011-01-25 00:00:00+09:00,295.68844582537093,295.68844582537093,292.5203553343848,293.5763854980469,5500,0.0,0.0
2011-01-26 00:00:00+09:00,293.5763854980469,293.5763854980469,293.5763854980469,293.5763854980469,0,0.0,0.0
2011-01-27 00:00:00+09:00,299.8069570181563,300.9685966436811,293.5763854980469,293.5763854980469,6000,0.0,0.0
2011-01-28 00:00:00+09:00,299.91253746880426,304.13665771484375,296.7444472842746,304.13665771484375,5500,0.0,0.0
2011-01-31 00:00:00+09:00,298.8564771060744,303.0805969238281,298.8564771060744,303.0805969238281,5000,0.0,0.0
2011-02-01 00:00:00+09:00,302.9751025450943,305.40399169921875,302.9751025450943,305.40399169921875,6500,0.0,0.0
2011-02-02 00:00:00+09:00,306.7768012966731,309.4168770393295,303.3974914550781,303.3974914550781,18000,0.0,0.0
2011-02-03 00:00:00+09:00,306.2487066222097,307.1991271972656,302.0245865308688,307.1991271972656,4500,0.0,0.0
2011-02-04 00:00:00+09:00,307.1992120778352,307.1992120778352,304.2423400878906,304.2423400878906,2000,0.0,0.0
2011-02-07 00:00:00+09:00,304.24220695229695,307.3046870790679,304.24220695229695,306.2486572265625,3500,0.0,0.0
2011-02-08 00:00:00+09:00,306.2487489883213,308.3608093261718,306.2487489883213,308.3608093261719,5500,0.0,0.0
2011-02-09 00:00:00+09:00,307.30477915724657,308.3608093261718,306.776764072784,308.3608093261719,3500,0.0,0.0
2011-02-10 00:00:00+09:00,308.3607169315733,308.3607169315733,306.2486572265625,306.2486572265625,5500,0.0,0.0
2011-02-14 00:00:00+09:00,302.3414001464844,306.2487243481251,302.02460401228893,302.3414001464844,13500,0.0,0.0
2011-02-15 00:00:00+09:00,305.1926273740571,306.2486572265625,303.18617709979156,306.2486572265625,2000,0.0,0.0
2011-02-16 00:00:00+09:00,307.0936516178356,307.30487060546875,307.0936516178356,307.30487060546875,3000,0.0,0.0
2011-02-17 00:00:00+09:00,307.3046883332445,309.416748046875,306.35426790760545,309.416748046875,8000,0.0,0.0
2011-02-18 00:00:00+09:00,309.4168092896338,310.47283935546875,306.248719092129,310.47283935546875,9000,0.0,0.0
2011-02-21 00:00:00+09:00,313.64097243831515,313.64097243831515,310.47288180762513,311.634521484375,12500,0.0,0.0
2011-02-22 00:00:00+09:00,312.5849609375,312.5849609375,309.4168701171875,311.5289306640625,6000,0.0,0.0
2011-02-23 00:00:00+09:00,311.5288694213037,311.5288694213037,310.47283935546875,310.47283935546875,2500,0.0,0.0
2011-02-24 00:00:00+09:00,311.0008965919093,311.5289116964796,306.24876065077655,306.3543701171875,8500,0.0,0.0
2011-02-25 00:00:00+09:00,307.3046870790679,307.3046870790679,306.2486572265625,306.2486572265625,14000,0.0,0.0
2011-02-28 00:00:00+09:00,309.3111386156987,309.416748046875,309.3111386156987,309.416748046875,2000,0.0,0.0
2011-03-01 00:00:00+09:00,309.41682062615024,309.41682062615024,307.304760417098,307.4103698730469,8500,0.0,0.0
2011-03-02 00:00:00+09:00,308.3608093261718,308.3608093261718,308.3608093261718,308.3608093261719,500,0.0,0.0
2011-03-03 00:00:00+09:00,309.41674678407867,309.41674678407867,306.2486572265625,306.2486572265625,14000,0.0,0.0
2011-03-04 00:00:00+09:00,308.3608093261718,308.3608093261718,308.3608093261718,308.3608093261719,1500,0.0,0.0
2011-03-07 00:00:00+09:00,308.8887939453125,308.8887939453125,308.36077891292734,308.8887939453125,7000,0.0,0.0
2011-03-08 00:00:00+09:00,308.8887939453125,308.8887939453125,308.8887939453125,308.8887939453125,0,0.0,0.0
2011-03-09 00:00:00+09:00,307.30477915724657,308.3608093261718,306.56554514800564,308.3608093261719,4500,0.0,0.0
2011-03-10 00:00:00+09:00,306.3543701171875,306.3543701171875,306.3543701171875,306.3543701171875,2500,0.0,0.0
2011-03-11 00:00:00+09:00,306.35426665730773,306.56545329132473,306.2486572265625,306.2486572265625,8000,0.0,0.0
2011-03-14 00:00:00+09:00,306.2486572265625,306.2486572265625,306.2486572265625,306.2486572265625,0,0.0,0.0
2011-03-15 00:00:00+09:00,281.96004905700687,281.96004905700687,243.94296379089357,253.44723510742188,36000,0.0,0.0
2011-03-16 00:00:00+09:00,253.447236328125,274.5678393554687,243.9429649658203,264.0075378417969,19000,0.0,0.0
2011-03-17 00:00:00+09:00,264.007568359375,269.2877197265625,258.7274169921875,265.59161376953125,13000,0.0,0.0
2011-03-18 00:00:00+09:00,281.8544916446836,290.302734375,281.8544916446836,290.302734375,10000,0.0,0.0
2011-03-22 00:00:00+09:00,299.9125665917619,299.9125665917619,294.6324157714844,294.6324157714844,8000,0.0,0.0
2011-03-23 00:00:00+09:00,298.8565364277064,298.8565364277064,294.6324157714844,294.6324157714844,6500,0.0,0.0
2011-03-24 00:00:00+09:00,294.6324157714844,294.6324157714844,294.6324157714844,294.6324157714844,6500,0.0,0.0
2011-03-25 00:00:00+09:00,296.6388665271702,300.8629871818183,291.46432517072276,293.5763854980469,11000,0.0,0.0
2011-03-28 00:00:00+09:00,293.5763740705529,296.63885498046875,290.40828370288506,296.63885498046875,8000,0.0,0.0
2011-03-29 00:00:00+09:00,296.6388512290704,296.6388512290704,291.8648601390698,292.9498596191406,4000,15.0,0.0
2011-03-30 00:00:00+09:00,292.9498142982597,292.9498142982597,288.9353035984408,290.7798156738281,1500,0.0,0.0
2011-03-31 00:00:00+09:00,290.77983702495425,298.37483276814334,290.77983702495425,296.204833984375,9000,0.0,0.0
2011-04-01 00:00:00+09:00,290.77986065899887,292.9498596191406,290.77986065899887,292.9498596191406,3000,0.0,0.0
2011-04-04 00:00:00+09:00,292.84135304882227,292.9498596191406,292.84135304882227,292.9498596191406,1500,0.0,0.0
2011-04-05 00:00:00+09:00,295.7708441083765,295.7708441083765,289.2608476853523,289.3693542480469,3000,0.0,0.0
2011-04-06 00:00:00+09:00,290.34586040710064,291.21384672536266,287.850341796875,287.850341796875,4500,0.0,0.0
2011-04-07 00:00:00+09:00,292.7328711659325,292.7328711659325,291.64787159435895,291.7563781738281,1500,0.0,0.0
2011-04-08 00:00:00+09:00,292.94987892617985,292.94987892617985,287.74189432322675,292.4073791503906,5000,0.0,0.0
2011-04-11 00:00:00+09:00,294.03484510491364,294.03484510491364,292.8413391113281,292.8413391113281,2500,0.0,0.0
2011-04-12 00:00:00+09:00,296.0964245791243,302.71492966361666,296.0964245791243,299.4599304199219,11000,0.0,0.0
2011-04-13 00:00:00+09:00,303.5828004538877,303.5828004538877,298.37481689453125,298.37481689453125,2000,0.0,0.0
2011-04-14 00:00:00+09:00,298.37481689453125,298.37481689453125,298.37481689453125,298.37481689453125,1000,0.0,0.0
2011-04-15 00:00:00+09:00,298.4833068847656,298.4833068847656,298.4833068847656,298.4833068847656,1000,0.0,0.0
2011-04-18 00:00:00+09:00,298.4833068847656,298.4833068847656,298.4833068847656,298.4833068847656,1500,0.0,0.0
2011-04-19 00:00:00+09:00,298.37481689453125,298.37481689453125,298.37481689453125,298.37481689453125,1500,0.0,0.0
2011-04-20 00:00:00+09:00,298.3748353202388,298.3748353202388,283.18484370393577,287.52484130859375,11500,0.0,0.0
2011-04-21 00:00:00+09:00,296.20483398437506,296.20483398437506,292.9498358087226,296.204833984375,2000,0.0,0.0
2011-04-22 00:00:00+09:00,296.7473178932883,298.37481689453125,292.9498202237216,298.37481689453125,1500,0.0,0.0
2011-04-25 00:00:00+09:00,298.37488911761994,298.9173889160156,298.37488911761994,298.9173889160156,1000,0.0,0.0
2011-04-26 00:00:00+09:00,298.9174305459727,299.4599304199219,298.3749306720236,299.4599304199219,2000,0.0,0.0
2011-04-27 00:00:00+09:00,299.4599304199219,299.4599304199219,299.4599304199219,299.4599304199219,500,0.0,0.0
2011-04-28 00:00:00+09:00,298.37481689453125,298.37481689453125,298.37481689453125,298.37481689453125,500,0.0,0.0
2011-05-02 00:00:00+09:00,298.37481689453125,298.37481689453125,298.37481689453125,298.37481689453125,0,0.0,0.0
2011-05-06 00:00:00+09:00,312.47991943359375,312.47991943359375,312.47991943359375,312.47991943359375,0,0.0,0.0
2011-05-09 00:00:00+09:00,312.47991943359375,312.47991943359375,312.47991943359375,312.47991943359375,0,0.0,0.0
2011-05-10 00:00:00+09:00,309.2248840332032,309.2248840332032,309.2248840332032,309.2248840332031,1500,0.0,0.0
2011-05-11 00:00:00+09:00,309.2248840332032,309.2248840332032,309.2248840332032,309.2248840332031,1500,0.0,0.0
2011-05-12 00:00:00+09:00,309.2248840332032,309.2248840332032,309.2248840332032,309.2248840332031,1500,0.0,0.0
2011-05-13 00:00:00+09:00,309.2248840332032,309.2248840332032,309.2248840332032,309.2248840332031,1500,0.0,0.0
2011-05-16 00:00:00+09:00,298.70028687262464,298.70028687262464,298.4833068847656,298.4833068847656,2000,0.0,0.0
2011-05-17 00:00:00+09:00,299.4599304199219,299.4599304199219,299.4599304199219,299.4599304199219,500,0.0,0.0
2011-05-18 00:00:00+09:00,303.7999572753906,303.7999572753906,299.4599578857422,303.7999572753906,2500,0.0,0.0
2011-05-19 00:00:00+09:00,303.7999572753906,303.7999572753906,303.7999572753906,303.7999572753906,500,0.0,0.0
2011-05-20 00:00:00+09:00,299.56844811332803,300.00244140625,299.56844811332803,300.00244140625,1000,0.0,0.0
2011-05-23 00:00:00+09:00,300.54486083984375,300.54486083984375,300.54486083984375,300.54486083984375,500,0.0,0.0
2011-05-24 00:00:00+09:00,298.37487029479934,301.5213623046875,298.37487029479934,301.5213623046875,2500,0.0,0.0
2011-05-25 00:00:00+09:00,301.6299133300781,301.6299133300781,301.6299133300781,301.6299133300781,500,0.0,0.0
2011-05-26 00:00:00+09:00,308.6823425292969,308.6823425292969,308.6823425292969,308.6823425292969,500,0.0,0.0
2011-05-27 00:00:00+09:00,308.6823425292969,308.6823425292969,308.6823425292969,308.6823425292969,500,0.0,0.0
2011-05-30 00:00:00+09:00,308.6823425292969,308.6823425292969,308.6823425292969,308.6823425292969,0,0.0,0.0
2011-05-31 00:00:00+09:00,308.6823425292969,308.6823425292969,308.6823425292969,308.6823425292969,0,0.0,0.0
2011-06-01 00:00:00+09:00,308.139892578125,308.139892578125,308.139892578125,308.139892578125,500,0.0,0.0
2011-06-02 00:00:00+09:00,303.7999572753906,303.7999572753906,303.7999572753906,303.7999572753906,500,0.0,0.0
2011-06-03 00:00:00+09:00,303.7999572753906,303.7999572753906,303.7999572753906,303.7999572753906,500,0.0,0.0
2011-06-06 00:00:00+09:00,303.7999572753906,303.7999572753906,303.7999572753906,303.7999572753906,500,0.0,0.0
2011-06-07 00:00:00+09:00,298.37481689453125,298.37481689453125,297.2898175603693,298.37481689453125,1500,0.0,0.0
2011-06-08 00:00:00+09:00,296.20483398437506,296.20483398437506,296.20483398437506,296.204833984375,1000,0.0,0.0
2011-06-09 00:00:00+09:00,296.20483398437506,296.20483398437506,296.20483398437506,296.204833984375,1000,0.0,0.0
2011-06-10 00:00:00+09:00,298.37481689453125,298.37481689453125,295.11981889204543,298.37481689453125,2500,0.0,0.0
2011-06-13 00:00:00+09:00,299.4599304199219,299.4599304199219,299.4599304199219,299.4599304199219,500,0.0,0.0
2011-06-14 00:00:00+09:00,298.37481689453125,298.37481689453125,298.37481689453125,298.37481689453125,3000,0.0,0.0
2011-06-15 00:00:00+09:00,294.0348195578835,298.37481689453125,294.0348195578835,298.37481689453125,2500,0.0,0.0
2011-06-16 00:00:00+09:00,298.4833068847656,298.4833068847656,298.4833068847656,298.4833068847656,500,0.0,0.0
2011-06-17 00:00:00+09:00,298.4833068847656,298.4833068847656,298.4833068847656,298.4833068847656,500,0.0,0.0
2011-06-20 00:00:00+09:00,298.4833068847656,298.4833068847656,298.4833068847656,298.4833068847656,500,0.0,0.0
2011-06-21 00:00:00+09:00,298.4833234502578,298.5918300059844,298.37481689453125,298.37481689453125,3500,0.0,0.0
2011-06-22 00:00:00+09:00,298.37481689453125,298.37481689453125,298.37481689453125,298.37481689453125,500,0.0,0.0
2011-06-23 00:00:00+09:00,298.37481689453125,298.37481689453125,298.37481689453125,298.37481689453125,2500,0.0,0.0
2011-06-24 00:00:00+09:00,298.48335255645077,302.71484374999994,298.48335255645077,302.71484375,1000,0.0,0.0
2011-06-27 00:00:00+09:00,303.7999572753906,303.7999572753906,303.7999572753906,303.7999572753906,4000,0.0,0.0
2011-06-28 00:00:00+09:00,303.7999572753906,303.7999572753906,303.7999572753906,303.7999572753906,1000,0.0,0.0
2011-06-29 00:00:00+09:00,303.7999572753906,303.7999572753906,303.7999572753906,303.7999572753906,1000,0.0,0.0
2011-06-30 00:00:00+09:00,304.88494873046875,304.88494873046875,304.88494873046875,304.88494873046875,500,0.0,0.0
2011-07-01 00:00:00+09:00,307.054931640625,307.054931640625,307.054931640625,307.054931640625,3000,0.0,0.0
2011-07-04 00:00:00+09:00,308.1398844401042,309.2248840332032,308.1398844401042,309.2248840332031,3000,0.0,0.0
2011-07-05 00:00:00+09:00,305.1018371582031,305.1018371582031,305.1018371582031,305.1018371582031,500,0.0,0.0
2011-07-06 00:00:00+09:00,305.42742919921875,305.42742919921875,305.42742919921875,305.42742919921875,1500,0.0,0.0
2011-07-07 00:00:00+09:00,306.4038391113281,306.4038391113281,306.4038391113281,306.4038391113281,500,0.0,0.0
2011-07-08 00:00:00+09:00,310.3098836263021,310.3098836263021,309.2248840332032,309.2248840332031,2000,0.0,0.0
2011-07-11 00:00:00+09:00,309.2248840332032,309.2248840332032,309.2248840332032,309.2248840332031,1500,0.0,0.0
2011-07-12 00:00:00+09:00,309.2248840332032,309.2248840332032,309.2248840332032,309.2248840332031,1000,0.0,0.0
2011-07-13 00:00:00+09:00,312.47991943359375,312.47991943359375,312.47991943359375,312.47991943359375,1500,0.0,0.0
2011-07-14 00:00:00+09:00,309.22490633451025,310.30990600585943,309.22490633451025,310.3099060058594,1000,0.0,0.0
2011-07-15 00:00:00+09:00,309.22490633451025,310.30990600585943,309.22490633451025,310.3099060058594,1000,0.0,0.0
2011-07-19 00:00:00+09:00,314.64988199869794,314.64988199869794,304.0168992309521,309.2248840332031,5000,0.0,0.0
2011-07-20 00:00:00+09:00,309.2248669594014,309.2248669594014,307.4888610839844,307.4888610839844,2000,0.0,0.0
2011-07-21 00:00:00+09:00,307.70579658731214,307.70579658731214,307.5972900390625,307.5972900390625,2000,0.0,0.0
2011-07-22 00:00:00+09:00,307.054892956371,308.139892578125,307.054892956371,308.139892578125,6500,0.0,0.0
2011-07-25 00:00:00+09:00,308.24834937300784,308.6823425292969,308.24834937300784,308.6823425292969,2000,0.0,0.0
2011-07-26 00:00:00+09:00,308.6823425292969,308.6823425292969,308.6823425292969,308.6823425292969,2500,0.0,0.0
2011-07-27 00:00:00+09:00,308.1398428060468,308.6823425292969,308.1398428060468,308.6823425292969,1000,0.0,0.0
2011-07-28 00:00:00+09:00,308.13986833419534,311.3948669433594,308.13986833419534,311.3948669433594,2500,0.0,0.0
2011-07-29 00:00:00+09:00,308.139892578125,308.139892578125,308.139892578125,308.139892578125,1500,0.0,0.0
2011-08-01 00:00:00+09:00,308.139892578125,308.139892578125,308.139892578125,308.139892578125,500,0.0,0.0
2011-08-02 00:00:00+09:00,312.4798664797474,312.4798664797474,311.3948669433594,311.3948669433594,1000,0.0,0.0
2011-08-03 00:00:00+09:00,308.13993139907245,311.39493067441475,307.054931640625,307.054931640625,5500,0.0,0.0
2011-08-04 00:00:00+09:00,309.2248840332032,311.3948832194011,309.2248840332032,309.2248840332031,21000,0.0,0.0
2011-08-05 00:00:00+09:00,305.9698933346171,308.139892578125,304.8848937128631,308.139892578125,3500,0.0,0.0
2011-08-08 00:00:00+09:00,309.22494800065334,309.22494800065334,304.88494873046875,304.88494873046875,5000,0.0,0.0
2011-08-09 00:00:00+09:00,300.5449301678201,300.5449301678201,295.11993142832875,299.4599304199219,6000,0.0,0.0
2011-08-10 00:00:00+09:00,301.62995758056644,303.7999572753906,301.62995758056644,303.7999572753906,1500,0.0,0.0
2011-08-11 00:00:00+09:00,303.7999572753906,303.7999572753906,303.7999572753906,303.7999572753906,1500,0.0,0.0
2011-08-12 00:00:00+09:00,303.7999572753906,303.7999572753906,303.7999572753906,303.7999572753906,6000,0.0,0.0
2011-08-15 00:00:00+09:00,303.7999572753906,303.7999572753906,303.7999572753906,303.7999572753906,1500,0.0,0.0
2011-08-16 00:00:00+09:00,305.9698486328125,308.13984755928635,304.8848491695756,305.9698486328125,3500,0.0,0.0
2011-08-17 00:00:00+09:00,305.969856156257,305.969856156257,302.8233642578125,302.8233642578125,1000,0.0,0.0
2011-08-18 00:00:00+09:00,302.8233642578125,302.8233642578125,302.8233642578125,302.8233642578125,1000,0.0,0.0
2011-08-19 00:00:00+09:00,301.62995758056644,303.7999572753906,301.62995758056644,303.7999572753906,4000,0.0,0.0
2011-08-22 00:00:00+09:00,303.7999572753906,303.7999572753906,303.7999572753906,303.7999572753906,4000,0.0,0.0
2011-08-23 00:00:00+09:00,299.89383333482476,303.3658447265625,299.4598401887462,303.3658447265625,2500,0.0,0.0
2011-08-24 00:00:00+09:00,303.3658447265625,303.3658447265625,303.3658447265625,303.3658447265625,2500,0.0,0.0
2011-08-25 00:00:00+09:00,301.6299492778303,304.88494873046875,301.6299492778303,304.88494873046875,4000,0.0,0.0
2011-08-26 00:00:00+09:00,304.23389795975993,304.5594177246094,304.23389795975993,304.5594177246094,1000,0.0,0.0
2011-08-29 00:00:00+09:00,301.08737182617193,301.08737182617193,301.08737182617193,301.0873718261719,1000,0.0,0.0
2011-08-30 00:00:00+09:00,302.1722928031511,305.5357971191406,302.1722928031511,305.5357971191406,1500,0.0,0.0
2011-08-31 00:00:00+09:00,305.5357971191406,305.5357971191406,305.5357971191406,305.5357971191406,1500,0.0,0.0
2011-09-01 00:00:00+09:00,305.96979019924095,309.224787967318,303.7997916871896,305.5357971191406,2500,0.0,0.0
2011-09-02 00:00:00+09:00,300.87044149000855,306.2954406738281,300.87044149000855,306.2954406738281,1000,0.0,0.0
2011-09-05 00:00:00+09:00,305.9698486328125,305.9698486328125,305.9698486328125,305.9698486328125,500,0.0,0.0
2011-09-06 00:00:00+09:00,305.75291587913915,305.75291587913915,303.79992957648756,305.42742919921875,2000,0.0,0.0
2011-09-07 00:00:00+09:00,305.42742919921875,305.42742919921875,305.42742919921875,305.42742919921875,2000,0.0,0.0
2011-09-08 00:00:00+09:00,305.42742919921875,305.42742919921875,305.42742919921875,305.42742919921875,2000,0.0,0.0
2011-09-09 00:00:00+09:00,305.42742919921875,305.42742919921875,305.42742919921875,305.42742919921875,500,0.0,0.0
2011-09-12 00:00:00+09:00,304.34234887507154,304.34234887507154,303.9083557128906,303.9083557128906,2000,0.0,0.0
2011-09-13 00:00:00+09:00,304.23388671875,304.23388671875,304.23388671875,304.23388671875,1000,0.0,0.0
2011-09-14 00:00:00+09:00,304.23388671875,304.23388671875,304.23388671875,304.23388671875,1000,0.0,0.0
2011-09-15 00:00:00+09:00,304.23388671875,304.23388671875,304.23388671875,304.23388671875,500,0.0,0.0
2011-09-16 00:00:00+09:00,306.51234567901236,306.51234567901236,306.4038391113281,306.4038391113281,1000,0.0,0.0
2011-09-20 00:00:00+09:00,305.9698486328125,305.9698486328125,305.9698486328125,305.9698486328125,2000,0.0,0.0
2011-09-21 00:00:00+09:00,305.64439862060055,309.2248840332032,305.64439862060055,309.2248840332031,2000,0.0,0.0
2011-09-22 00:00:00+09:00,310.4183482660082,310.4183482660082,307.0548433595466,308.6823425292969,2500,0.0,0.0
2011-09-26 00:00:00+09:00,308.68234729090483,308.68234729090483,303.79984970633865,305.9698486328125,2000,0.0,0.0
2011-09-27 00:00:00+09:00,307.054892956371,308.139892578125,307.054892956371,308.139892578125,1000,0.0,0.0
2011-09-28 00:00:00+09:00,317.612548828125,317.612548828125,317.612548828125,317.612548828125,8500,15.0,0.0
2011-09-29 00:00:00+09:00,317.61243763723706,318.72686724298177,317.61243763723706,318.61541748046875,5500,0.0,0.0
2011-09-30 00:00:00+09:00,314.9378874977366,317.38961280150846,314.9378874977366,316.94384765625,2000,0.0,0.0
2011-10-03 00:00:00+09:00,317.3896179199219,317.3896179199219,317.3896179199219,317.3896179199219,500,0.0,0.0
2011-10-04 00:00:00+09:00,313.1548156738281,316.4981055208796,313.1548156738281,313.1548156738281,2000,0.0,0.0
2011-10-05 00:00:00+09:00,312.2632751464844,312.2632751464844,312.2632751464844,312.2632751464844,3000,0.0,0.0
2011-10-06 00:00:00+09:00,312.2632751464844,312.2632751464844,312.2632751464844,312.2632751464844,3000,0.0,0.0
2011-10-07 00:00:00+09:00,313.1548156738281,313.1548156738281,313.1548156738281,313.1548156738281,500,0.0,0.0
2011-10-11 00:00:00+09:00,318.7268485358368,319.8412780761719,318.7268485358368,319.8412780761719,5000,0.0,0.0
2011-10-12 00:00:00+09:00,319.6185302734375,319.6185302734375,319.6185302734375,319.6185302734375,6000,0.0,0.0
2011-10-13 00:00:00+09:00,319.72998046875,319.72998046875,319.72998046875,319.72998046875,500,0.0,0.0
2011-10-14 00:00:00+09:00,319.95281982421875,319.95281982421875,319.95281982421875,319.95281982421875,500,0.0,0.0
2011-10-17 00:00:00+09:00,320.9557718211207,323.18463134765625,320.9557718211207,323.18463134765625,5000,0.0,0.0
2011-10-18 00:00:00+09:00,323.18463134765625,323.18463134765625,323.18463134765625,323.18463134765625,1000,0.0,0.0
2011-10-19 00:00:00+09:00,323.18468765473705,323.18468765473705,316.49810791015625,316.49810791015625,4000,0.0,0.0
2011-10-20 00:00:00+09:00,321.9588317871094,321.9588317871094,321.9588317871094,321.9588317871094,500,0.0,0.0
2011-10-21 00:00:00+09:00,315.49509139345923,317.61250126663026,315.49509139345923,315.82940673828125,3500,0.0,0.0
2011-10-24 00:00:00+09:00,317.612548828125,317.612548828125,317.612548828125,317.612548828125,500,0.0,0.0
2011-10-25 00:00:00+09:00,318.72687105489024,322.0701599121093,318.72687105489024,322.0701599121094,1500,0.0,0.0
2011-10-26 00:00:00+09:00,321.9588317871094,321.9588317871094,321.9588317871094,321.9588317871094,1500,0.0,0.0
2011-10-27 00:00:00+09:00,323.07318115234375,323.07318115234375,323.07318115234375,323.07318115234375,1000,0.0,0.0
2011-10-28 00:00:00+09:00,318.72689258154554,318.72689258154554,318.169677734375,318.169677734375,2500,0.0,0.0
2011-10-31 00:00:00+09:00,323.7417814673447,323.7417814673447,319.8412780761719,319.8412780761719,2500,0.0,0.0
2011-11-01 00:00:00+09:00,323.7417814673447,323.7417814673447,319.8412780761719,319.8412780761719,1000,0.0,0.0
2011-11-02 00:00:00+09:00,320.9557939299738,320.9557939299738,319.2841491699219,319.2841491699219,2000,0.0,0.0
2011-11-04 00:00:00+09:00,319.2841491699219,319.2841491699219,319.2841491699219,319.2841491699219,2000,0.0,0.0
2011-11-07 00:00:00+09:00,320.39862060546875,320.39862060546875,320.39862060546875,320.39862060546875,1500,0.0,0.0
2011-11-08 00:00:00+09:00,320.8443908691406,320.8443908691406,320.8443908691406,320.8443908691406,1500,0.0,0.0
2011-11-09 00:00:00+09:00,321.9587518061222,323.18463134765625,321.9587518061222,323.18463134765625,7500,0.0,0.0
2011-11-10 00:00:00+09:00,320.9558355978261,320.9558355978261,319.8414056131114,320.39862060546875,3000,0.0,0.0
2011-11-11 00:00:00+09:00,320.3985790099565,320.3985790099565,319.2841491699219,319.2841491699219,2000,0.0,0.0
2011-11-14 00:00:00+09:00,319.8412780761719,319.8412780761719,319.8412780761719,319.8412780761719,2000,0.0,0.0
2011-11-15 00:00:00+09:00,320.39862060546875,320.39862060546875,320.39862060546875,320.39862060546875,500,0.0,0.0
2011-11-16 00:00:00+09:00,320.9558410644531,320.9558410644531,320.9558410644531,320.9558410644531,3500,0.0,0.0
2011-11-17 00:00:00+09:00,321.06728861731915,321.06728861731915,314.8264738384046,317.612548828125,14500,0.0,0.0
2011-11-18 00:00:00+09:00,314.2691650390625,314.2691650390625,314.2691650390625,314.2691650390625,2500,0.0,0.0
2011-11-21 00:00:00+09:00,314.2691650390625,314.2691650390625,314.2691650390625,314.2691650390625,2500,0.0,0.0
2011-11-22 00:00:00+09:00,314.2691650390625,314.2691650390625,314.2691650390625,314.2691650390625,0,0.0,0.0
2011-11-24 00:00:00+09:00,314.26917380418126,318.169677734375,314.26917380418126,318.169677734375,1500,0.0,0.0
2011-11-25 00:00:00+09:00,319.8412780761719,319.8412780761719,319.8412780761719,319.8412780761719,500,0.0,0.0
2011-11-28 00:00:00+09:00,319.8412780761719,319.8412780761719,319.8412780761719,319.8412780761719,1000,0.0,0.0
2011-11-29 00:00:00+09:00,319.8412780761719,319.8412780761719,319.8412780761719,319.8412780761719,1000,0.0,0.0
2011-11-30 00:00:00+09:00,315.383691045973,320.9558410644531,315.383691045973,320.9558410644531,1500,0.0,0.0
2011-12-01 00:00:00+09:00,320.9557302930363,322.0701599121093,320.9557302930363,322.0701599121094,1000,0.0,0.0
2011-12-02 00:00:00+09:00,322.0701599121093,322.0701599121093,322.0701599121093,322.0701599121094,500,0.0,0.0
2011-12-05 00:00:00+09:00,322.6273747216459,322.6273747216459,322.0701599121093,322.0701599121094,1500,0.0,0.0
2011-12-06 00:00:00+09:00,322.07022648154145,322.62744140625006,319.84136678270727,322.62744140625,5500,0.0,0.0
2011-12-07 00:00:00+09:00,322.6273519270096,322.6273519270096,319.8412780761719,319.8412780761719,2500,0.0,0.0
2011-12-08 00:00:00+09:00,320.0642700195313,320.0642700195313,320.0642700195313,320.06427001953125,500,0.0,0.0
2011-12-09 00:00:00+09:00,321.9588212658386,321.9588212658386,320.9558410644531,320.9558410644531,1500,0.0,0.0
2011-12-12 00:00:00+09:00,321.847371463528,323.18470107184515,320.9558410644531,320.9558410644531,5500,0.0,0.0
2011-12-13 00:00:00+09:00,320.39862060546875,320.39862060546875,320.39862060546875,320.39862060546875,1000,0.0,0.0
2011-12-14 00:00:00+09:00,320.39862060546875,320.39862060546875,320.39862060546875,320.39862060546875,1000,0.0,0.0
2011-12-15 00:00:00+09:00,323.1847286933804,323.8533935546875,323.1847286933804,323.8533935546875,1500,0.0,0.0
2011-12-16 00:00:00+09:00,323.1847286933804,323.8533935546875,323.1847286933804,323.8533935546875,1500,0.0,0.0
2011-12-19 00:00:00+09:00,317.0553283691406,317.0553283691406,317.0553283691406,317.0553283691406,2500,0.0,0.0
2011-12-20 00:00:00+09:00,317.0553283691406,317.0553283691406,317.0553283691406,317.0553283691406,2500,0.0,0.0
2011-12-21 00:00:00+09:00,317.0553283691406,317.0553283691406,317.0553283691406,317.0553283691406,2500,0.0,0.0
2011-12-22 00:00:00+09:00,320.39861829921944,320.39861829921944,317.0553283691406,317.0553283691406,3500,0.0,0.0
2011-12-26 00:00:00+09:00,317.0553283691406,317.0553283691406,317.0553283691406,317.0553283691406,0,0.0,0.0
2011-12-27 00:00:00+09:00,317.612548828125,317.612548828125,317.612548828125,317.612548828125,3500,0.0,0.0
2011-12-28 00:00:00+09:00,317.6124189955017,319.8412780761719,317.6124189955017,319.8412780761719,1000,0.0,0.0
2011-12-29 00:00:00+09:00,322.62744140625006,322.62744140625006,322.62744140625006,322.62744140625,1500,0.0,0.0
2011-12-30 00:00:00+09:00,319.8412780761719,319.8412780761719,319.8412780761719,319.8412780761719,1500,0.0,0.0
2012-01-04 00:00:00+09:00,321.9586874008705,321.9586874008705,319.8412780761719,319.8412780761719,2500,0.0,0.0
2012-01-05 00:00:00+09:00,319.8414110607571,320.9558410644531,319.8414110607571,320.9558410644531,1500,0.0,0.0
2012-01-06 00:00:00+09:00,323.07318115234375,323.07318115234375,323.07318115234375,323.07318115234375,500,0.0,0.0
2012-01-10 00:00:00+09:00,323.1846626777186,323.4075622558594,323.1846626777186,323.4075622558594,1000,0.0,0.0
2012-01-11 00:00:00+09:00,323.1846557738193,328.756805011299,323.1846557738193,328.6453552246094,5000,0.0,0.0
2012-01-12 00:00:00+09:00,326.63937041572586,326.63937041572586,323.18463134765625,323.18463134765625,1500,0.0,0.0
2012-01-13 00:00:00+09:00,323.18463134765625,323.18463134765625,323.18463134765625,323.18463134765625,500,0.0,0.0
2012-01-16 00:00:00+09:00,323.18463134765625,323.18463134765625,323.18463134765625,323.18463134765625,1500,0.0,0.0
2012-01-17 00:00:00+09:00,323.18463134765625,323.18463134765625,323.18463134765625,323.18463134765625,3000,0.0,0.0
2012-01-18 00:00:00+09:00,323.18463134765625,323.18463134765625,323.18463134765625,323.18463134765625,500,0.0,0.0
2012-01-19 00:00:00+09:00,323.18463134765625,323.18463134765625,323.18463134765625,323.18463134765625,500,0.0,0.0
2012-01-20 00:00:00+09:00,323.18463134765625,323.18463134765625,323.18463134765625,323.18463134765625,1000,0.0,0.0
2012-01-23 00:00:00+09:00,323.18463134765625,323.2960811259225,323.18463134765625,323.18463134765625,8500,0.0,0.0
2012-01-24 00:00:00+09:00,323.18465899606036,326.52794857188167,323.18465899606036,325.9707336425781,2500,0.0,0.0
2012-01-25 00:00:00+09:00,324.856273727929,334.32892664966965,324.856273727929,332.1000671386719,5500,0.0,0.0
2012-01-26 00:00:00+09:00,332.10012024651155,332.10012024651155,328.1996154785156,328.1996154785156,1500,0.0,0.0
2012-01-27 00:00:00+09:00,323.96474578582263,323.96474578582263,323.07318156939,323.18463134765625,5500,0.0,0.0
2012-01-30 00:00:00+09:00,323.18463134765625,323.18463134765625,323.18463134765625,323.18463134765625,500,0.0,0.0
2012-01-31 00:00:00+09:00,323.1847036801934,326.5279937182644,323.1847036801934,324.41058349609375,1500,0.0,0.0
2012-02-01 00:00:00+09:00,329.6483154296875,329.6483154296875,329.6483154296875,329.6483154296875,500,0.0,0.0
2012-02-02 00:00:00+09:00,329.42540219993003,329.42540219993003,322.0701599121093,322.0701599121094,3500,0.0,0.0
2012-02-03 00:00:00+09:00,324.2991255519701,324.2991255519701,320.39862060546875,320.39862060546875,1000,0.0,0.0
2012-02-06 00:00:00+09:00,320.39862060546875,320.39862060546875,320.39862060546875,320.39862060546875,1000,0.0,0.0
2012-02-07 00:00:00+09:00,322.07025066471897,323.18468059781486,321.84735107421875,321.84735107421875,3500,0.0,0.0
2012-02-08 00:00:00+09:00,328.64535563309374,328.7568054199219,328.64535563309374,328.7568054199219,2500,0.0,0.0
2012-02-09 00:00:00+09:00,328.6453552246094,328.6453552246094,328.6453552246094,328.6453552246094,5500,0.0,0.0
2012-02-10 00:00:00+09:00,328.31104829949163,328.31104829949163,326.41650390625,326.41650390625,2000,0.0,0.0
2012-02-13 00:00:00+09:00,326.52794857188167,332.1000978649172,325.4135187132745,325.9707336425781,11000,0.0,0.0
2012-02-14 00:00:00+09:00,325.41350487949086,327.6423645019531,323.1846452570286,327.6423645019531,2000,0.0,0.0
2012-02-15 00:00:00+09:00,327.08514959633754,327.6423645019531,327.08514959633754,327.6423645019531,1000,0.0,0.0
2012-02-16 00:00:00+09:00,326.63937336325637,326.63937336325637,326.5279235839844,326.5279235839844,5500,0.0,0.0
2012-02-17 00:00:00+09:00,328.7568468660922,329.87127685546875,328.7568468660922,329.87127685546875,7000,0.0,0.0
2012-02-20 00:00:00+09:00,329.87127685546875,329.87127685546875,329.87127685546875,329.87127685546875,7000,0.0,0.0
2012-02-21 00:00:00+09:00,329.09116225902346,329.87127685546875,329.09116225902346,329.87127685546875,12000,0.0,0.0
2012-02-22 00:00:00+09:00,329.87127685546875,329.87127685546875,329.87127685546875,329.87127685546875,12000,0.0,0.0
2012-02-23 00:00:00+09:00,334.10609084450675,335.44342041015625,334.10609084450675,335.44342041015625,1000,0.0,0.0
2012-02-24 00:00:00+09:00,335.4433622862163,338.7866516113281,335.4433622862163,338.7866516113281,2500,0.0,0.0
2012-02-27 00:00:00+09:00,339.9011035993987,341.0155334472656,339.9011035993987,341.0155334472656,2000,0.0,0.0
2012-02-28 00:00:00+09:00,334.32896767893146,345.4732666015625,334.32896767893146,345.4732666015625,4500,0.0,0.0
2012-02-29 00:00:00+09:00,346.03049255567345,346.58770751953125,346.03049255567345,346.58770751953125,1000,0.0,0.0
2012-03-01 00:00:00+09:00,346.58770751953125,348.8165673749623,346.58770751953125,346.58770751953125,3500,0.0,0.0
2012-03-02 00:00:00+09:00,346.5877099492747,349.9309997558594,346.5877099492747,349.9309997558594,2000,0.0,0.0
2012-03-05 00:00:00+09:00,347.70213744724674,347.70213744724674,346.58770751953125,346.58770751953125,2000,0.0,0.0
2012-03-06 00:00:00+09:00,346.58770751953125,346.58770751953125,346.58770751953125,346.58770751953125,0,0.0,0.0
2012-03-07 00:00:00+09:00,352.7170715332031,352.7170715332031,352.7170715332031,352.7170715332031,1500,0.0,0.0
2012-03-08 00:00:00+09:00,352.7170715332031,352.7170715332031,352.7170715332031,352.7170715332031,0,0.0,0.0
2012-03-09 00:00:00+09:00,367.20462874892337,367.20462874892337,358.28919011465507,358.8464050292969,2000,0.0,0.0
2012-03-12 00:00:00+09:00,358.8464050292969,358.8464050292969,358.8464050292969,358.8464050292969,0,0.0,0.0
2012-03-13 00:00:00+09:00,352.15990721149205,361.07534790039057,352.15990721149205,361.0753479003906,2000,0.0,0.0
2012-03-14 00:00:00+09:00,361.07534790039057,361.07534790039057,361.07534790039057,361.0753479003906,2000,0.0,0.0
2012-03-15 00:00:00+09:00,354.3887673837167,361.07534790039057,354.3887673837167,361.0753479003906,1500,0.0,0.0
2012-03-16 00:00:00+09:00,361.63256294344677,362.1897779865029,361.07534790039057,361.0753479003906,3000,0.0,0.0
2012-03-19 00:00:00+09:00,362.18975830078125,362.18975830078125,362.18975830078125,362.18975830078125,1500,0.0,0.0
2012-03-21 00:00:00+09:00,357.73198356628416,357.73198356628416,356.6175537109375,356.6175537109375,1000,0.0,0.0
2012-03-22 00:00:00+09:00,356.6175537109375,356.6175537109375,356.6175537109375,356.6175537109375,500,0.0,0.0
2012-03-23 00:00:00+09:00,341.5727506637573,356.6175537109375,341.5727506637573,356.6175537109375,1500,0.0,0.0
2012-03-26 00:00:00+09:00,356.6175537109375,356.6175537109375,356.6175537109375,356.6175537109375,3000,0.0,0.0
2012-03-27 00:00:00+09:00,358.8465073529412,359.9609375,358.8465073529412,359.9609375,4500,0.0,0.0
2012-03-28 00:00:00+09:00,354.25624630474056,357.1085510253907,353.68578536061057,357.1085510253906,1500,15.0,0.0
2012-03-29 00:00:00+09:00,363.9540710449219,363.9540710449219,363.9540710449219,363.9540710449219,500,0.0,0.0
2012-03-30 00:00:00+09:00,355.96771240234375,355.96771240234375,355.3972513247759,355.96771240234375,2000,0.0,0.0
2012-04-02 00:00:00+09:00,359.3903598632813,359.3903598632813,356.53805541992193,356.5380554199219,1500,0.0,0.0
2012-04-03 00:00:00+09:00,355.9677695187099,355.9677695187099,355.3973083496094,355.3973083496094,1000,0.0,0.0
2012-04-04 00:00:00+09:00,357.1085510253907,357.1085510253907,357.1085510253907,357.1085510253906,500,0.0,0.0
2012-04-05 00:00:00+09:00,355.3973083496094,355.3973083496094,355.3973083496094,355.3973083496094,500,0.0,0.0
2012-04-06 00:00:00+09:00,355.3973083496094,355.3973083496094,355.3973083496094,355.3973083496094,500,0.0,0.0
2012-04-09 00:00:00+09:00,355.3973083496094,355.3973083496094,355.3973083496094,355.3973083496094,500,0.0,0.0
2012-04-10 00:00:00+09:00,355.3973083496094,355.3973083496094,355.3973083496094,355.3973083496094,500,0.0,0.0
2012-04-11 00:00:00+09:00,350.8334088015866,351.40386962890625,350.8334088015866,351.40386962890625,1000,0.0,0.0
2012-04-12 00:00:00+09:00,351.40386962890625,351.40386962890625,351.40386962890625,351.40386962890625,1000,0.0,0.0
2012-04-13 00:00:00+09:00,353.6858680920723,355.96771240234375,353.6858680920723,355.96771240234375,1500,0.0,0.0
2012-04-16 00:00:00+09:00,347.98116232219496,347.98116232219496,346.8402404785156,346.8402404785156,2000,0.0,0.0
2012-04-17 00:00:00+09:00,359.39041958579537,360.5313415527344,359.39041958579537,360.5313415527344,3500,0.0,0.0
2012-04-18 00:00:00+09:00,360.5313013576825,363.38360595703125,360.5313013576825,363.38360595703125,1000,0.0,0.0
2012-04-19 00:00:00+09:00,361.67218017578125,361.67218017578125,361.67218017578125,361.67218017578125,500,0.0,0.0
2012-04-20 00:00:00+09:00,365.09508716323296,367.9473925316957,354.25632676307447,359.9609375,7000,0.0,0.0
2012-04-23 00:00:00+09:00,359.9609375,359.9609375,359.9609375,359.9609375,500,0.0,0.0
2012-04-24 00:00:00+09:00,354.82673171803924,360.5313415527344,354.82673171803924,360.5313415527344,1000,0.0,0.0
2012-04-25 00:00:00+09:00,360.53131669017074,360.53131669017074,357.1085510253907,357.1085510253906,2000,0.0,0.0
2012-04-26 00:00:00+09:00,363.3836101185192,363.9540710449219,363.3836101185192,363.9540710449219,1000,0.0,0.0
2012-04-27 00:00:00+09:00,363.9540710449219,363.9540710449219,363.9540710449219,363.9540710449219,500,0.0,0.0
2012-05-01 00:00:00+09:00,363.9540710449219,363.9540710449219,363.9540710449219,363.9540710449219,500,0.0,0.0
2012-05-02 00:00:00+09:00,363.9540710449219,363.9540710449219,363.9540710449219,363.9540710449219,500,0.0,0.0
2012-05-07 00:00:00+09:00,345.6993103027344,345.6993103027344,345.6993103027344,345.6993103027344,4500,0.0,0.0
2012-05-08 00:00:00+09:00,345.6993103027344,345.6993103027344,345.6993103027344,345.6993103027344,4500,0.0,0.0
2012-05-09 00:00:00+09:00,351.4039054495389,351.4039054495389,347.98114013671875,347.98114013671875,1500,0.0,0.0
2012-05-10 00:00:00+09:00,347.98114013671875,347.98114013671875,347.98114013671875,347.98114013671875,1500,0.0,0.0
2012-05-11 00:00:00+09:00,345.6993103027344,345.6993103027344,345.6993103027344,345.6993103027344,500,0.0,0.0
2012-05-14 00:00:00+09:00,342.27658081054693,342.27658081054693,342.27658081054693,342.2765808105469,500,0.0,0.0
2012-05-15 00:00:00+09:00,342.2765949428482,343.417516925991,339.9947509765625,339.9947509765625,2500,0.0,0.0
2012-05-16 00:00:00+09:00,342.2765558416193,342.2765558416193,319.4581187855114,326.30364990234375,11000,0.0,0.0
2012-05-17 00:00:00+09:00,326.30364990234375,326.30364990234375,326.30364990234375,326.30364990234375,11000,0.0,0.0
2012-05-18 00:00:00+09:00,330.86741885623417,337.71295166015625,330.86741885623417,337.71295166015625,1500,0.0,0.0
2012-05-21 00:00:00+09:00,331.09560150920817,331.89422607421875,331.09560150920817,331.89422607421875,1000,0.0,0.0
2012-05-22 00:00:00+09:00,342.16244506835943,342.16244506835943,342.16244506835943,342.1624450683594,500,0.0,0.0
2012-05-23 00:00:00+09:00,342.16244506835943,342.16244506835943,342.16244506835943,342.1624450683594,500,0.0,0.0
2012-05-24 00:00:00+09:00,342.16244506835943,342.16244506835943,342.16244506835943,342.1624450683594,500,0.0,0.0
2012-05-25 00:00:00+09:00,342.276638501311,342.276638501311,333.1492614746094,333.1492614746094,4000,0.0,0.0
2012-05-28 00:00:00+09:00,335.43099131925925,335.43099131925925,334.2900695800781,334.2900695800781,1500,0.0,0.0
2012-05-29 00:00:00+09:00,337.7128517280191,337.7128517280191,336.5719299316406,336.5719299316406,1000,0.0,0.0
2012-05-30 00:00:00+09:00,336.5719299316406,336.5719299316406,336.5719299316406,336.5719299316406,1000,0.0,0.0
2012-05-31 00:00:00+09:00,334.2901409386437,336.45788574218744,333.14921895591795,336.4578857421875,2000,0.0,0.0
2012-06-01 00:00:00+09:00,336.00146903345143,336.5719299316406,336.00146903345143,336.5719299316406,13500,0.0,0.0
2012-06-04 00:00:00+09:00,335.4310607910156,336.57198276649524,330.867372889097,335.4310607910156,4500,0.0,0.0
2012-06-05 00:00:00+09:00,335.4310607910156,335.4310607910156,335.4310607910156,335.4310607910156,4500,0.0,0.0
2012-06-06 00:00:00+09:00,332.0082427461269,336.5719299316406,332.0082427461269,336.5719299316406,1000,0.0,0.0
2012-06-07 00:00:00+09:00,336.5719299316406,336.5719299316406,336.5719299316406,336.5719299316406,1000,0.0,0.0
2012-06-08 00:00:00+09:00,336.5719299316406,336.5719299316406,336.5719299316406,336.5719299316406,1000,0.0,0.0
2012-06-11 00:00:00+09:00,336.57189859617097,340.56512451171875,319.57217237647234,340.56512451171875,6000,0.0,0.0
2012-06-12 00:00:00+09:00,340.56512451171875,340.56512451171875,340.56512451171875,340.56512451171875,6000,0.0,0.0
2012-06-13 00:00:00+09:00,342.1625410190695,342.1625410190695,337.71295166015625,337.71295166015625,1000,0.0,0.0
2012-06-14 00:00:00+09:00,337.71295166015625,337.71295166015625,337.71295166015625,337.71295166015625,1000,0.0,0.0
2012-06-15 00:00:00+09:00,337.71295166015625,337.71295166015625,337.71295166015625,337.71295166015625,1000,0.0,0.0
2012-06-18 00:00:00+09:00,336.6860290749125,336.6860290749125,336.5719299316406,336.5719299316406,2500,0.0,0.0
2012-06-19 00:00:00+09:00,337.8270061722263,339.9947509765625,337.8270061722263,339.9947509765625,1000,0.0,0.0
2012-06-20 00:00:00+09:00,339.9947509765625,339.9947509765625,339.9947509765625,339.9947509765625,1000,0.0,0.0
2012-06-21 00:00:00+09:00,339.9947509765625,339.9947509765625,339.9947509765625,339.9947509765625,1000,0.0,0.0
2012-06-22 00:00:00+09:00,339.9947509765625,339.9947509765625,339.9947509765625,339.9947509765625,1000,0.0,0.0
2012-06-25 00:00:00+09:00,344.5585021972657,344.5585021972657,344.5585021972657,344.5585021972656,2500,0.0,0.0
2012-06-26 00:00:00+09:00,345.69930430266817,345.69930430266817,336.5719299316406,336.5719299316406,1500,0.0,0.0
2012-06-27 00:00:00+09:00,338.853759765625,338.853759765625,338.853759765625,338.853759765625,500,0.0,0.0
2012-06-28 00:00:00+09:00,338.853759765625,338.853759765625,338.853759765625,338.853759765625,500,0.0,0.0
2012-06-29 00:00:00+09:00,338.853759765625,338.853759765625,338.853759765625,338.853759765625,500,0.0,0.0
2012-07-02 00:00:00+09:00,351.40389169699205,351.40389169699205,350.2629699707031,350.2629699707031,3000,0.0,0.0
2012-07-03 00:00:00+09:00,353.6858215332032,353.6858215332032,353.6858215332032,353.6858215332031,1000,0.0,0.0
2012-07-04 00:00:00+09:00,343.417426346961,352.54479980468756,343.417426346961,352.5447998046875,1000,0.0,0.0
2012-07-05 00:00:00+09:00,355.3973083496094,355.3973083496094,355.3973083496094,355.3973083496094,500,0.0,0.0
2012-07-06 00:00:00+09:00,359.3904724121093,359.3904724121093,359.3904724121093,359.3904724121094,2000,0.0,0.0
2012-07-09 00:00:00+09:00,359.3903780136844,359.3903780136844,354.8266906738281,354.8266906738281,5000,0.0,0.0
2012-07-10 00:00:00+09:00,354.8266906738281,354.8266906738281,354.8266906738281,354.8266906738281,5000,0.0,0.0
2012-07-11 00:00:00+09:00,354.8266906738281,354.8266906738281,354.8266906738281,354.8266906738281,5000,0.0,0.0
2012-07-12 00:00:00+09:00,354.8268019316213,354.8268019316213,344.5585021972657,344.5585021972656,5500,0.0,0.0
2012-07-13 00:00:00+09:00,340.56512451171875,340.56512451171875,340.56512451171875,340.56512451171875,500,0.0,0.0
2012-07-17 00:00:00+09:00,346.26977539062506,346.26977539062506,346.26977539062506,346.269775390625,500,0.0,0.0
2012-07-18 00:00:00+09:00,344.5585021972657,344.5585021972657,344.5585021972657,344.5585021972656,500,0.0,0.0
2012-07-19 00:00:00+09:00,344.5585021972657,345.69942438997185,344.5585021972657,344.5585021972656,2000,0.0,0.0
2012-07-20 00:00:00+09:00,340.10885013851197,346.26982188384807,339.9947509765625,339.9947509765625,5500,0.0,0.0
2012-07-23 00:00:00+09:00,339.9947509765625,339.9947509765625,339.9947509765625,339.9947509765625,5500,0.0,0.0
2012-07-24 00:00:00+09:00,339.9947509765625,339.9947509765625,339.9947509765625,339.9947509765625,5500,0.0,0.0
2012-07-25 00:00:00+09:00,339.9947509765625,339.9947509765625,339.9947509765625,339.9947509765625,500,0.0,0.0
2012-07-26 00:00:00+09:00,352.54479980468756,352.54479980468756,352.54479980468756,352.5447998046875,1000,0.0,0.0
2012-07-27 00:00:00+09:00,342.276544213398,342.276544213398,339.9947005853087,342.1624450683594,3000,0.0,0.0
2012-07-30 00:00:00+09:00,342.16244506835943,342.16244506835943,342.16244506835943,342.1624450683594,3000,0.0,0.0
2012-07-31 00:00:00+09:00,347.4106750488281,347.4106750488281,347.4106750488281,347.4106750488281,500,0.0,0.0
2012-08-01 00:00:00+09:00,347.4107295227051,347.4107295227051,342.27658081054693,342.2765808105469,1000,0.0,0.0
2012-08-02 00:00:00+09:00,342.27658081054693,342.27658081054693,342.27658081054693,342.2765808105469,1000,0.0,0.0
2012-08-03 00:00:00+09:00,342.27658081054693,342.27658081054693,342.27658081054693,342.2765808105469,1000,0.0,0.0
2012-08-06 00:00:00+09:00,342.27658081054693,342.27658081054693,342.27658081054693,342.2765808105469,1000,0.0,0.0
2012-08-07 00:00:00+09:00,351.40386962890625,351.40386962890625,351.40386962890625,351.40386962890625,500,0.0,0.0
2012-08-08 00:00:00+09:00,351.40386962890625,351.40386962890625,351.40386962890625,351.40386962890625,500,0.0,0.0
2012-08-09 00:00:00+09:00,350.2629699707031,350.2629699707031,350.2629699707031,350.2629699707031,1000,0.0,0.0
2012-08-10 00:00:00+09:00,339.9947369384766,342.27658081054693,339.9947369384766,342.2765808105469,3000,0.0,0.0
2012-08-13 00:00:00+09:00,342.27658081054693,342.27658081054693,342.27658081054693,342.2765808105469,3000,0.0,0.0
2012-08-14 00:00:00+09:00,342.27658081054693,342.27658081054693,342.27658081054693,342.2765808105469,3000,0.0,0.0
2012-08-15 00:00:00+09:00,342.27658081054693,342.27658081054693,342.27658081054693,342.2765808105469,3000,0.0,0.0
2012-08-16 00:00:00+09:00,343.4174530529585,347.98114013671875,343.4174530529585,347.98114013671875,3500,0.0,0.0
2012-08-17 00:00:00+09:00,347.98114013671875,347.98114013671875,347.98114013671875,347.98114013671875,2000,0.0,0.0
2012-08-20 00:00:00+09:00,347.98114013671875,347.98114013671875,347.98114013671875,347.98114013671875,2000,0.0,0.0
2012-08-21 00:00:00+09:00,344.5585021972657,344.5585021972657,344.5585021972657,344.5585021972656,1500,0.0,0.0
2012-08-22 00:00:00+09:00,344.5585021972657,344.5585021972657,344.5585021972657,344.5585021972656,1500,0.0,0.0
2012-08-23 00:00:00+09:00,342.27658081054693,342.27658081054693,342.27658081054693,342.2765808105469,2500,0.0,0.0
2012-08-24 00:00:00+09:00,342.27658081054693,342.27658081054693,342.27658081054693,342.2765808105469,2500,0.0,0.0
2012-08-27 00:00:00+09:00,346.8402183657787,347.98114013671875,337.94104247971393,347.98114013671875,4000,0.0,0.0
2012-08-28 00:00:00+09:00,347.98114013671875,347.98114013671875,347.98114013671875,347.98114013671875,1000,0.0,0.0
2012-08-29 00:00:00+09:00,346.8402404785156,346.8402404785156,346.8402404785156,346.8402404785156,500,0.0,0.0
2012-08-30 00:00:00+09:00,345.1289390640514,345.1289390640514,333.14925688166284,341.1357116699219,10000,0.0,0.0
2012-08-31 00:00:00+09:00,338.8538737941433,341.1357180621173,336.5720295261692,337.71295166015625,8500,0.0,0.0
2012-09-03 00:00:00+09:00,337.71284011314657,347.4106750488281,333.8337131025077,347.4106750488281,6000,0.0,0.0
2012-09-04 00:00:00+09:00,347.4107295227051,347.4107295227051,342.27658081054693,342.2765808105469,2500,0.0,0.0
2012-09-05 00:00:00+09:00,342.27663782084727,342.27663782084727,333.14926081229135,341.7061767578125,7500,0.0,0.0
2012-09-06 00:00:00+09:00,341.70611984252935,342.27658081054693,334.8605882263184,342.2765808105469,2500,0.0,0.0
2012-09-07 00:00:00+09:00,341.59202068529095,342.27658081054693,338.28335403442384,342.2765808105469,2000,0.0,0.0
2012-09-10 00:00:00+09:00,341.70611984252935,342.27658081054693,341.70611984252935,342.2765808105469,1500,0.0,0.0
2012-09-11 00:00:00+09:00,339.9947509765625,339.9947509765625,339.9947509765625,339.9947509765625,1000,0.0,0.0
2012-09-12 00:00:00+09:00,339.9947509765625,339.9947509765625,339.9947509765625,339.9947509765625,1000,0.0,0.0
2012-09-13 00:00:00+09:00,341.1357116699219,341.1357116699219,341.1357116699219,341.1357116699219,3000,0.0,0.0
2012-09-14 00:00:00+09:00,341.1357116699219,341.1357116699219,341.1357116699219,341.1357116699219,500,0.0,0.0
2012-09-18 00:00:00+09:00,341.1357116699219,342.2766337825303,341.1357116699219,341.1357116699219,26000,0.0,0.0
2012-09-19 00:00:00+09:00,346.8402404785156,346.8402404785156,346.8402404785156,346.8402404785156,1000,0.0,0.0
2012-09-20 00:00:00+09:00,346.840322232964,347.41078328926824,336.57202321948813,341.1357116699219,6500,0.0,0.0
2012-09-21 00:00:00+09:00,337.7128179358819,352.54479980468756,337.7128179358819,352.5447998046875,9500,0.0,0.0
2012-09-24 00:00:00+09:00,344.55836851588805,352.5448207662563,338.853759765625,338.853759765625,6000,0.0,0.0
2012-09-25 00:00:00+09:00,344.55837482389853,347.98114013671875,344.55837482389853,347.98114013671875,1000,0.0,0.0
2012-09-26 00:00:00+09:00,347.9811976900037,348.5660400390625,347.39635534094487,348.5660400390625,3000,15.0,0.0
2012-09-27 00:00:00+09:00,348.5660400390625,348.5660400390625,348.5660400390625,348.5660400390625,1500,0.0,0.0
2012-09-28 00:00:00+09:00,347.39635881696427,348.5660435267857,347.39635881696427,347.981201171875,3000,0.0,0.0
2012-10-01 00:00:00+09:00,347.9811976900037,348.5660400390625,347.9811976900037,348.5660400390625,10500,0.0,0.0
2012-10-02 00:00:00+09:00,350.7883893960497,350.9053649902344,350.7883893960497,350.9053649902344,1000,0.0,0.0
2012-10-03 00:00:00+09:00,349.7357177734375,349.7357177734375,349.7357177734375,349.7357177734375,1500,0.0,0.0
2012-10-04 00:00:00+09:00,349.7357177734375,349.7357177734375,349.7357177734375,349.7357177734375,1500,0.0,0.0
2012-10-05 00:00:00+09:00,352.07501220703125,352.07501220703125,352.07501220703125,352.07501220703125,500,0.0,0.0
2012-10-09 00:00:00+09:00,347.396240234375,347.396240234375,347.396240234375,347.396240234375,3500,0.0,0.0
2012-10-10 00:00:00+09:00,352.07501220703125,352.07501220703125,352.07501220703125,352.07501220703125,500,0.0,0.0
2012-10-11 00:00:00+09:00,347.3963283411972,350.3205398592208,347.3963283411972,347.6302795410156,5000,0.0,0.0
2012-10-12 00:00:00+09:00,347.5133056640625,347.5133056640625,347.3963300635733,347.5133056640625,17500,0.0,0.0
2012-10-15 00:00:00+09:00,349.6186332852401,349.6186332852401,347.1622890938914,347.396240234375,2000,0.0,0.0
2012-10-16 00:00:00+09:00,347.5133056640625,347.5133056640625,347.3963300635733,347.5133056640625,7000,0.0,0.0
2012-10-17 00:00:00+09:00,347.630306558946,348.5660400390625,347.630306558946,348.5660400390625,2500,0.0,0.0
2012-10-18 00:00:00+09:00,348.91693117012017,348.91693117012017,347.7472464720025,348.5660400390625,2000,0.0,0.0
2012-10-19 00:00:00+09:00,348.5660400390625,348.5660400390625,348.5660400390625,348.5660400390625,3000,0.0,0.0
2012-10-22 00:00:00+09:00,348.5660400390625,349.501773519179,348.5660400390625,348.5660400390625,5000,0.0,0.0
2012-10-23 00:00:00+09:00,348.5660400390625,348.5660400390625,348.5660400390625,348.5660400390625,3000,0.0,0.0
2012-10-24 00:00:00+09:00,348.5660400390625,348.5660400390625,348.5660400390625,348.5660400390625,1000,0.0,0.0
2012-10-25 00:00:00+09:00,350.9053649902344,350.9053649902344,349.61870484608227,350.9053649902344,2500,0.0,0.0
2012-10-26 00:00:00+09:00,353.2447340901693,353.2447340901693,350.32052271525066,350.9053649902344,6000,0.0,0.0
2012-10-29 00:00:00+09:00,360.2628173828125,360.2628173828125,360.2628173828125,360.2628173828125,2500,0.0,0.0
2012-10-30 00:00:00+09:00,360.2628173828125,360.2628173828125,360.2628173828125,360.2628173828125,2500,0.0,0.0
2012-10-31 00:00:00+09:00,349.8528422986209,350.9055518148738,349.8528422986209,350.3207092285156,2500,0.0,0.0
2012-11-01 00:00:00+09:00,353.2447814941406,353.2447814941406,353.2447814941406,353.2447814941406,500,0.0,0.0
2012-11-02 00:00:00+09:00,353.24469663296827,353.24469663296827,352.07501220703125,352.07501220703125,3000,0.0,0.0
2012-11-05 00:00:00+09:00,352.07501220703125,352.07501220703125,352.07501220703125,352.07501220703125,500,0.0,0.0
2012-11-06 00:00:00+09:00,356.75383561494334,356.75383561494334,353.2447814941406,353.2447814941406,2000,0.0,0.0
2012-11-07 00:00:00+09:00,352.07504954020186,352.07504954020186,350.9053649902344,350.9053649902344,10500,0.0,0.0
2012-11-08 00:00:00+09:00,349.7356236106471,355.58404541015625,349.7356236106471,355.58404541015625,5000,0.0,0.0
2012-11-09 00:00:00+09:00,353.2447717979202,353.2447717979202,349.7357177734375,349.7357177734375,2500,0.0,0.0
2012-11-12 00:00:00+09:00,349.1508483886719,349.1508483886719,348.5660060965635,349.1508483886719,4500,0.0,0.0
2012-11-13 00:00:00+09:00,348.5660060965635,349.1508483886719,348.5660060965635,349.1508483886719,1000,0.0,0.0
2012-11-14 00:00:00+09:00,349.15091116551685,349.15091116551685,347.630335211014,349.033935546875,4000,0.0,0.0
2012-11-15 00:00:00+09:00,349.03387279106204,349.1508483886719,347.86418820684537,349.1508483886719,1500,0.0,0.0
2012-11-16 00:00:00+09:00,349.1508483886719,349.1508483886719,349.1508483886719,349.1508483886719,1500,0.0,0.0
2012-11-19 00:00:00+09:00,352.65985441999976,352.65985441999976,352.07501220703125,352.07501220703125,1500,0.0,0.0
2012-11-20 00:00:00+09:00,352.07498499002315,354.4143536610532,351.4901428222656,351.4901428222656,13000,0.0,0.0
2012-11-21 00:00:00+09:00,349.1508823881213,349.1508823881213,342.9515677664754,348.5660400390625,8500,0.0,0.0
2012-11-22 00:00:00+09:00,350.6714765333271,350.7884521484375,350.6714765333271,350.7884521484375,1000,0.0,0.0
2012-11-26 00:00:00+09:00,352.07504954020186,352.07504954020186,350.9053649902344,350.9053649902344,3500,0.0,0.0
2012-11-27 00:00:00+09:00,350.9053649902344,350.9053649902344,350.9053649902344,350.9053649902344,4500,0.0,0.0
2012-11-28 00:00:00+09:00,350.9053649902344,350.9053649902344,350.9053649902344,350.9053649902344,1500,0.0,0.0
2012-11-29 00:00:00+09:00,352.07501220703125,352.07501220703125,352.07501220703125,352.07501220703125,1500,0.0,0.0
2012-11-30 00:00:00+09:00,352.07501220703125,352.07501220703125,352.07501220703125,352.07501220703125,1000,0.0,0.0
2012-12-03 00:00:00+09:00,353.2447814941406,354.41446620107484,353.2447814941406,353.2447814941406,4000,0.0,0.0
2012-12-04 00:00:00+09:00,354.99926076303365,356.16894531249994,354.41441848830044,356.1689453125,3000,0.0,0.0
2012-12-05 00:00:00+09:00,353.2447814941406,353.2447814941406,352.07509678720635,353.2447814941406,4000,0.0,0.0
2012-12-06 00:00:00+09:00,353.2447814941406,353.2447814941406,353.2447814941406,353.2447814941406,4000,0.0,0.0
2012-12-07 00:00:00+09:00,355.58404541015625,355.58404541015625,355.58404541015625,355.58404541015625,2000,0.0,0.0
2012-12-10 00:00:00+09:00,355.5840928819444,355.5840928819444,350.9053548177083,352.6598815917969,5000,0.0,0.0
2012-12-11 00:00:00+09:00,355.58404541015625,356.7537297700581,355.58404541015625,355.58404541015625,7000,0.0,0.0
2012-12-12 00:00:00+09:00,356.75378417968744,356.75378417968744,356.75378417968744,356.7537841796875,500,0.0,0.0
2012-12-13 00:00:00+09:00,357.92352294921875,357.92352294921875,357.92352294921875,357.92352294921875,1500,0.0,0.0
2012-12-14 00:00:00+09:00,359.0931396484375,359.0931396484375,359.0931396484375,359.0931396484375,2000,0.0,0.0
2012-12-17 00:00:00+09:00,361.43255615234375,362.60224080008595,360.8477138284726,361.43255615234375,7500,0.0,0.0
2012-12-18 00:00:00+09:00,361.43255615234375,361.43255615234375,361.43255615234375,361.43255615234375,2000,0.0,0.0
2012-12-19 00:00:00+09:00,365.5264454503213,365.5264454503213,351.490229945029,362.60223388671875,13000,0.0,0.0
2012-12-20 00:00:00+09:00,362.0173645019531,362.0173645019531,362.0173645019531,362.0173645019531,500,0.0,0.0
2012-12-21 00:00:00+09:00,362.01739847621485,362.60224080008595,354.4144482658904,361.43255615234375,14000,0.0,0.0
2012-12-25 00:00:00+09:00,359.09318001039566,362.60223388671875,359.09318001039566,362.60223388671875,21000,0.0,0.0
2012-12-26 00:00:00+09:00,368.45068359374994,369.6203683035714,364.9416294642857,368.45068359375,9000,0.0,0.0
2012-12-27 00:00:00+09:00,368.45068359374994,369.6203683035714,364.9416294642857,368.45068359375,9000,0.0,0.0
2012-12-28 00:00:00+09:00,373.12939109264966,373.7142333984375,371.95970648107397,373.7142333984375,5000,0.0,0.0
2013-01-04 00:00:00+09:00,373.7141995879292,385.99588689833064,373.7141995879292,384.8262023925781,8500,0.0,0.0
2013-01-07 00:00:00+09:00,385.99600219726557,388.33537190755203,385.99600219726557,385.9960021972656,4500,0.0,0.0
2013-01-08 00:00:00+09:00,387.75048828125,387.75048828125,387.75048828125,387.75048828125,1000,0.0,0.0
2013-01-09 00:00:00+09:00,385.99592488921223,385.99592488921223,375.4687633013246,378.3929748535156,14000,0.0,0.0
2013-01-10 00:00:00+09:00,385.99600219726557,385.99600219726557,384.82631734212237,385.9960021972656,1500,0.0,0.0
2013-01-11 00:00:00+09:00,383.65653489304174,385.41106172944285,381.9020080566407,381.9020080566406,4500,0.0,0.0
2013-01-15 00:00:00+09:00,383.07177734375,385.4111469763836,383.07177734375,383.07177734375,4000,0.0,0.0
2013-01-16 00:00:00+09:00,383.07175032589413,383.07175032589413,382.4869079589843,382.4869079589844,3500,0.0,0.0
2013-01-17 00:00:00+09:00,382.4869079589843,382.4869079589843,382.4869079589843,382.4869079589844,1500,0.0,0.0
2013-01-18 00:00:00+09:00,383.6566324869791,389.5050567626953,383.6566324869791,385.9960021972656,9000,0.0,0.0
2013-01-21 00:00:00+09:00,394.183675069295,394.183675069295,390.67462158203125,390.67462158203125,2500,0.0,0.0
2013-01-22 00:00:00+09:00,390.6747416178385,390.6747416178385,384.24147491455074,385.9960021972656,3500,0.0,0.0
2013-01-23 00:00:00+09:00,387.16564689426247,387.16564689426247,382.4869079589843,382.4869079589844,6000,0.0,0.0
2013-01-24 00:00:00+09:00,378.97784423828125,379.5626865905008,378.39300188606165,378.97784423828125,4000,0.0,0.0
2013-01-25 00:00:00+09:00,380.73229026794434,402.37145269484745,380.73229026794434,393.01397705078125,24000,0.0,0.0
2013-01-28 00:00:00+09:00,398.2775976246801,415.2380239552465,397.6927553374192,407.05023193359375,23500,0.0,0.0
2013-01-29 00:00:00+09:00,408.21995679197823,412.8986955517717,408.21995679197823,410.559326171875,8000,0.0,0.0
2013-01-30 00:00:00+09:00,415.23804636988143,424.01068115234375,415.23804636988143,424.01068115234375,10000,0.0,0.0
2013-01-31 00:00:00+09:00,426.9349060058593,440.38627975672887,425.7652213318707,426.9349060058594,17500,0.0,0.0
2013-02-01 00:00:00+09:00,433.9529383189022,433.9529383189022,424.5954625600041,429.2742004394531,7000,0.0,0.0
2013-02-04 00:00:00+09:00,421.6712269502528,426.9348067596179,415.23796273880646,417.57733154296875,8500,0.0,0.0
2013-02-05 00:00:00+09:00,412.8986548062029,412.8986548062029,403.5411782100283,407.05023193359375,12500,0.0,0.0
2013-02-06 00:00:00+09:00,401.2017955699323,414.6531677246093,401.2017955699323,414.6531677246094,14000,0.0,0.0
2013-02-07 00:00:00+09:00,414.06834600456745,414.65318830118406,409.3896076316345,411.1441345214844,8000,0.0,0.0
2013-02-08 00:00:00+09:00,409.3896179199219,409.3896179199219,407.63509098597933,409.3896179199219,2500,0.0,0.0
2013-02-12 00:00:00+09:00,408.8046941551964,409.38953634998205,403.5411144021252,407.635009765625,9500,0.0,0.0
2013-02-13 00:00:00+09:00,406.465406363351,422.8409910801479,403.54119480678014,409.3896179199219,7000,0.0,0.0
2013-02-14 00:00:00+09:00,403.5411444375681,403.5411444375681,400.03209100767623,402.3714599609375,14000,0.0,0.0
2013-02-15 00:00:00+09:00,402.3714563706342,405.8805097692153,393.0139806410846,397.6927185058594,9500,0.0,0.0
2013-02-18 00:00:00+09:00,401.20175219199643,406.46533203125,401.20175219199643,406.46533203125,1000,0.0,0.0
2013-02-19 00:00:00+09:00,406.465406363351,409.3896179199219,406.465406363351,409.3896179199219,7500,0.0,0.0
2013-02-20 00:00:00+09:00,411.72900390625,411.72900390625,411.72900390625,411.72900390625,1000,0.0,0.0
2013-02-21 00:00:00+09:00,411.72901008702536,417.57743352576153,411.14416774315174,415.8229064941406,8000,0.0,0.0
2013-02-22 00:00:00+09:00,415.82286253326674,415.82286253326674,411.7289665589589,412.8986511230469,7000,0.0,0.0
2013-02-25 00:00:00+09:00,416.4077242466901,425.1803588867187,416.4077242466901,425.18035888671875,19500,0.0,0.0
2013-02-26 00:00:00+09:00,424.5954725941294,429.27421058414734,422.2561035991204,427.5196838378906,10500,0.0,0.0
2013-02-27 00:00:00+09:00,430.4439697265625,432.1984967770784,428.1046003258747,430.4439697265625,8000,0.0,0.0
2013-02-28 00:00:00+09:00,438.63172105265244,438.63172105265244,428.10455974738875,432.1984558105469,6000,0.0,0.0
2013-03-01 00:00:00+09:00,432.19844577680016,432.19844577680016,428.68939208984375,428.68939208984375,2000,0.0,0.0
2013-03-04 00:00:00+09:00,438.63172072140287,442.1407744871741,437.4620361328125,437.4620361328125,18000,0.0,0.0
2013-03-05 00:00:00+09:00,433.368130339119,436.87718402607544,428.68939208984375,428.68939208984375,8000,0.0,0.0
2013-03-06 00:00:00+09:00,430.44392551731414,432.7832946777343,429.2742409371041,432.7832946777344,11000,0.0,0.0
2013-03-07 00:00:00+09:00,436.8771494935579,436.8771494935579,429.2742004394531,429.2742004394531,9500,0.0,0.0
2013-03-08 00:00:00+09:00,435.1225891113281,435.7074313009939,432.1983781629993,435.1225891113281,6000,0.0,0.0
2013-03-11 00:00:00+09:00,435.70747212727866,439.21652559407556,435.70747212727866,438.6316833496094,13000,0.0,0.0
2013-03-12 00:00:00+09:00,437.46200900607636,438.6316935221354,436.29232449001734,436.8771667480469,5000,0.0,0.0
2013-03-13 00:00:00+09:00,436.87723655400316,445.6498718261719,436.2923942025252,445.6498718261719,13000,0.0,0.0
2013-03-14 00:00:00+09:00,446.81945170740926,456.17692713583665,446.81945170740926,453.2527160644531,22000,0.0,0.0
2013-03-15 00:00:00+09:00,453.83764132219756,484.2494420293551,453.25279900090607,470.2132263183594,27500,0.0,0.0
2013-03-18 00:00:00+09:00,465.5345342654993,477.2313818601098,465.5345342654993,472.5526428222656,18500,0.0,0.0
2013-03-19 00:00:00+09:00,474.3071723638796,477.2313842773437,472.55264521580114,477.23138427734375,6000,0.0,0.0
2013-03-21 00:00:00+09:00,472.55264038085943,473.72232513427736,466.1193742370606,467.8739013671875,25500,0.0,0.0
2013-03-22 00:00:00+09:00,467.8738097767305,477.23128597226514,467.8738097767305,473.13739013671875,14500,0.0,0.0
2013-03-25 00:00:00+09:00,470.21317545572913,473.7222290039062,470.21317545572913,473.72222900390625,10000,0.0,0.0
2013-03-26 00:00:00+09:00,474.8919135199652,479.57065158420136,472.5525444878472,473.72222900390625,16000,0.0,0.0
2013-03-27 00:00:00+09:00,465.3800255203247,488.6192329406738,458.8253772735595,476.7016906738281,15500,15.0,100.0
2013-03-28 00:00:00+09:00,470.7428705692291,470.7428705692291,449.29129672050476,457.6335754394531,14000,0.0,0.0
2013-03-29 00:00:00+09:00,457.63355553668475,457.63355553668475,434.99022857002586,438.56549072265625,20500,0.0,0.0
2013-04-01 00:00:00+09:00,430.2231618843827,434.990177528531,425.45614624023443,425.4561462402344,9500,0.0,0.0
2013-04-02 00:00:00+09:00,418.3057365417481,433.20266448126904,411.155211130778,429.0315246582031,16000,0.0,0.0
2013-04-03 00:00:00+09:00,434.3944187164307,434.99029583401153,424.26450771755646,429.0315246582031,3000,0.0,0.0
2013-04-04 00:00:00+09:00,429.0314787751311,429.0314787751311,414.73042948262673,426.0520935058594,11500,0.0,0.0
2013-04-05 00:00:00+09:00,462.40057225777065,462.40057225777065,444.5242614746094,444.5242614746094,18500,0.0,0.0
2013-04-08 00:00:00+09:00,458.8253780267178,464.7841491699219,451.67485265487284,464.7841491699219,26500,0.0,0.0
2013-04-09 00:00:00+09:00,476.7015782298658,498.74902622299703,443.3324677537752,443.9283447265625,50500,0.0,0.0
2013-04-10 00:00:00+09:00,448.0994873046875,458.8252729050657,448.0994873046875,448.0994873046875,7500,0.0,0.0
2013-04-11 00:00:00+09:00,462.4005509128343,462.4005509128343,449.88713394225505,451.0788879394531,8500,0.0,0.0
2013-04-12 00:00:00+09:00,442.7366759278644,448.09956971433917,442.7366759278644,447.5036926269531,9000,0.0,0.0
2013-04-15 00:00:00+09:00,444.52422543789476,458.8252729050657,440.94896357110207,448.0994873046875,8000,0.0,0.0
2013-04-16 00:00:00+09:00,443.9283447265625,443.9283447265625,442.1407138082005,443.9283447265625,3000,0.0,0.0
2013-04-17 00:00:00+09:00,442.1407045754053,448.0994741788474,442.1407045754053,443.33245849609375,4500,0.0,0.0
2013-04-18 00:00:00+09:00,443.92835676108524,445.12011073896736,442.7366027832031,442.7366027832031,7000,0.0,0.0
2013-04-19 00:00:00+09:00,445.1201451753315,452.8665466308594,444.52426814029087,452.8665466308594,5500,0.0,0.0
2013-04-22 00:00:00+09:00,465.9758696749826,467.16762381737385,449.29131168150496,454.6542053222656,18000,0.0,0.0
2013-04-23 00:00:00+09:00,462.99651782696066,464.7841491699219,455.2501153407953,464.7841491699219,19000,0.0,0.0
2013-04-24 00:00:00+09:00,457.63362304687496,477.89344490051263,457.63362304687496,476.7016906738281,51500,0.0,0.0
2013-04-25 00:00:00+09:00,468.3594517433079,476.7017320542574,465.38006591796875,465.38006591796875,12000,0.0,0.0
2013-04-26 00:00:00+09:00,465.3801144420872,476.70178175886014,465.3801144420872,466.5718688964844,24000,0.0,0.0
2013-04-30 00:00:00+09:00,455.84599284382614,466.5717809107397,455.84599284382614,458.82537841796875,13500,0.0,0.0
2013-05-01 00:00:00+09:00,459.4212555327973,465.97590379591117,458.8253784179688,458.82537841796875,7500,0.0,0.0
2013-05-02 00:00:00+09:00,458.82532032714204,458.82532032714204,454.65418105144073,457.0376892089844,11000,0.0,0.0
2013-05-07 00:00:00+09:00,458.8253229682578,458.8253229682578,437.96962646970064,449.2912902832031,60000,0.0,0.0
2013-05-08 00:00:00+09:00,449.29124126028506,451.67474917148024,448.0994873046875,448.0994873046875,11000,0.0,0.0
2013-05-09 00:00:00+09:00,451.6748199662875,454.6542053222656,448.69543461030935,454.6542053222656,12500,0.0,0.0
2013-05-10 00:00:00+09:00,448.09956971433917,451.6748322386557,445.7160613647948,447.5036926269531,34000,0.0,0.0
2013-05-13 00:00:00+09:00,444.5242493981346,449.88714248738825,442.1407413584663,445.71600341796875,22500,0.0,0.0
2013-05-14 00:00:00+09:00,444.5242124167822,444.5242124167822,442.1407045754053,443.33245849609375,9000,0.0,0.0
2013-05-15 00:00:00+09:00,443.3324825802365,446.90774453652875,440.948974609375,440.948974609375,19000,0.0,0.0
2013-05-16 00:00:00+09:00,440.9489506547169,443.33245849609375,434.99018105127476,443.33245849609375,9500,0.0,0.0
2013-05-17 00:00:00+09:00,443.332513671875,446.90777587890625,440.9490055338542,446.90777587890625,15000,0.0,0.0
2013-05-20 00:00:00+09:00,448.69535113919164,449.29122809953583,442.7365815357495,443.33245849609375,9000,0.0,0.0
2013-05-21 00:00:00+09:00,449.29122809953583,449.29122809953583,443.33245849609375,443.33245849609375,6000,0.0,0.0
2013-05-22 00:00:00+09:00,443.33253485115574,446.3119201660156,442.7366577881837,446.3119201660156,5000,0.0,0.0
2013-05-23 00:00:00+09:00,446.90778778820504,446.90778778820504,439.75726318359375,439.75726318359375,20500,0.0,0.0
2013-05-24 00:00:00+09:00,436.18198211922135,437.3737361687274,432.6067199707031,432.6067199707031,5000,0.0,0.0
2013-05-27 00:00:00+09:00,439.7572016289894,439.7572016289894,417.11387688386526,420.09326171875,16000,0.0,0.0
2013-05-28 00:00:00+09:00,419.49738475177304,420.09326171875,417.11387688386526,420.09326171875,11500,0.0,0.0
2013-05-29 00:00:00+09:00,423.0727143479985,433.202624409852,420.0933290356886,428.43560791015625,4500,0.0,0.0
2013-05-30 00:00:00+09:00,422.476852460341,423.0727295442061,419.4974670410156,419.4974670410156,7500,0.0,0.0
2013-05-31 00:00:00+09:00,417.7098206599441,422.4768371582031,417.7098206599441,422.4768371582031,2500,0.0,0.0
2013-06-03 00:00:00+09:00,426.0521711077009,426.0521711077009,417.114013671875,417.114013671875,9500,0.0,0.0
2013-06-04 00:00:00+09:00,417.114013671875,417.114013671875,414.134627859933,417.114013671875,5000,0.0,0.0
2013-06-05 00:00:00+09:00,417.11386644874597,417.11386644874597,413.5386047363281,413.5386047363281,2000,0.0,0.0
2013-06-06 00:00:00+09:00,412.3468711037587,415.32625601057777,406.9839782714844,406.9839782714844,10000,0.0,0.0
2013-06-07 00:00:00+09:00,415.326312013157,415.326312013157,396.25824603837793,404.60052490234375,14000,0.0,0.0
2013-06-10 00:00:00+09:00,404.60048933509444,415.9221525123651,404.60048933509444,414.134521484375,31500,0.0,0.0
2013-06-11 00:00:00+09:00,414.73044433593753,414.73044433593753,409.963427734375,411.1551818847656,4500,0.0,0.0
2013-06-12 00:00:00+09:00,411.1551364377248,414.134521484375,411.1551364377248,414.134521484375,25000,0.0,0.0
2013-06-13 00:00:00+09:00,406.9840030310289,410.5592651367188,401.6211098724941,410.55926513671875,2000,0.0,0.0
2013-06-14 00:00:00+09:00,405.19635652240953,407.5798645019531,405.19635652240953,407.5798645019531,8000,0.0,0.0
2013-06-17 00:00:00+09:00,409.3675231933594,409.3675231933594,409.3675231933594,409.3675231933594,500,0.0,0.0
2013-06-18 00:00:00+09:00,409.963427734375,411.751058959961,408.7716735839844,411.1551818847656,3000,0.0,0.0
2013-06-19 00:00:00+09:00,412.9427610803099,412.9427610803099,411.15513007996225,411.7510070800781,3000,0.0,0.0
2013-06-20 00:00:00+09:00,411.1551023084064,411.1551023084064,409.9633483886719,409.9633483886719,8000,0.0,0.0
2013-06-21 00:00:00+09:00,408.7716369628906,408.7716369628906,404.6004978102081,408.7716369628906,4500,0.0,0.0
2013-06-24 00:00:00+09:00,406.3881012901206,407.57985525284823,406.3881012901206,406.9839782714844,6000,0.0,0.0
2013-06-25 00:00:00+09:00,406.38807346119603,406.98395040175495,405.1963195800782,405.1963195800781,31000,0.0,0.0
2013-06-26 00:00:00+09:00,409.3675231933594,409.3675231933594,409.3675231933594,409.3675231933594,1000,0.0,0.0
2013-06-27 00:00:00+09:00,409.3674581639907,409.3674581639907,405.1963195800782,405.1963195800781,7000,0.0,0.0
2013-06-28 00:00:00+09:00,405.1963839468477,409.3675231933594,405.1963839468477,409.3675231933594,6000,0.0,0.0
2013-07-01 00:00:00+09:00,411.1551972549327,411.1551972549327,408.1758117675781,408.1758117675781,10000,0.0,0.0
2013-07-02 00:00:00+09:00,408.77160921557584,409.96336317830344,406.9839782714844,406.9839782714844,15000,0.0,0.0
2013-07-03 00:00:00+09:00,412.34693603515626,412.34693603515626,407.5799194335938,411.1551818847656,9500,0.0,0.0
2013-07-04 00:00:00+09:00,411.15512647126855,411.15512647126855,407.5798645019531,407.5798645019531,10000,0.0,0.0
2013-07-05 00:00:00+09:00,411.1551972549327,413.5387056448164,408.1758117675781,408.1758117675781,5000,0.0,0.0
2013-07-08 00:00:00+09:00,408.1757599410788,414.73040718100856,408.1757599410788,408.7716369628906,7500,0.0,0.0
2013-07-09 00:00:00+09:00,413.5386047363281,414.7303586404674,413.5386047363281,413.5386047363281,3000,0.0,0.0
2013-07-10 00:00:00+09:00,411.1551023084064,411.1551023084064,409.9633483886719,409.9633483886719,3000,0.0,0.0
2013-07-11 00:00:00+09:00,409.96342170101474,417.1139464981255,409.96342170101474,414.7304382324219,3500,0.0,0.0
2013-07-12 00:00:00+09:00,420.68914794921875,420.68914794921875,415.9221321084344,420.68914794921875,3500,0.0,0.0
2013-07-16 00:00:00+09:00,419.4974609375,423.0727233886719,419.4974609375,423.0727233886719,12000,0.0,0.0
2013-07-17 00:00:00+09:00,423.0727233886719,423.0727233886719,420.68921508789066,423.0727233886719,2500,0.0,0.0
2013-07-18 00:00:00+09:00,423.0726384181603,425.45614624023443,423.0726384181603,425.4561462402344,4500,0.0,0.0
2013-07-19 00:00:00+09:00,423.07278529575893,423.07278529575893,415.3263821847098,417.114013671875,9500,0.0,0.0
2013-07-22 00:00:00+09:00,433.79854159884985,433.79854159884985,429.0315246582032,429.0315246582031,2000,0.0,0.0
2013-07-23 00:00:00+09:00,427.8397492356441,427.8397492356441,423.6686096191406,423.6686096191406,3500,0.0,0.0
2013-07-24 00:00:00+09:00,423.668618748697,427.2438813541712,423.668618748697,424.2644958496094,2500,0.0,0.0
2013-07-25 00:00:00+09:00,425.45619567366674,432.6067199707031,425.45619567366674,432.6067199707031,14500,0.0,0.0
2013-07-26 00:00:00+09:00,429.0314787751311,430.81910993669413,423.07270823658763,426.0520935058594,10000,0.0,0.0
2013-07-29 00:00:00+09:00,423.668618748697,424.2644958496093,423.0727416477846,424.2644958496094,6000,0.0,0.0
2013-07-30 00:00:00+09:00,417.70985942416723,429.0315246582032,417.1139823065864,429.0315246582031,7000,0.0,0.0
2013-07-31 00:00:00+09:00,429.03148196740824,430.2232360839844,429.03148196740824,430.2232360839844,1000,0.0,0.0
2013-08-01 00:00:00+09:00,429.0315126569083,429.0315126569083,424.2644958496093,424.2644958496094,2000,0.0,0.0
2013-08-02 00:00:00+09:00,429.62734985351557,429.62734985351557,429.031472807949,429.6273498535156,5000,0.0,0.0
2013-08-05 00:00:00+09:00,430.2232360839844,430.2232360839844,430.2232360839844,430.2232360839844,3500,0.0,0.0
2013-08-06 00:00:00+09:00,432.6067565917969,433.7985107421875,417.11395263671875,423.0727233886719,18000,0.0,0.0
2013-08-07 00:00:00+09:00,427.2439254324777,427.2439254324777,417.114013671875,417.114013671875,16500,0.0,0.0
2013-08-08 00:00:00+09:00,417.11395263671875,427.83973999023436,411.1551818847656,411.1551818847656,18500,0.0,0.0
2013-08-09 00:00:00+09:00,417.11395870555526,419.4974670410156,411.1551878669045,419.4974670410156,8000,0.0,0.0
2013-08-12 00:00:00+09:00,423.0727233886719,423.0727233886719,411.1551818847656,411.1551818847656,9500,0.0,0.0
2013-08-13 00:00:00+09:00,411.75103790239666,417.7098083496093,406.38814449990525,417.7098083496094,14500,0.0,0.0
2013-08-14 00:00:00+09:00,418.3057588896526,418.3057588896526,415.9222502919908,416.51812744140625,6500,0.0,0.0
2013-08-15 00:00:00+09:00,417.1139464981255,417.1139464981255,414.73043823242193,414.7304382324219,9500,0.0,0.0
2013-08-16 00:00:00+09:00,411.7509738801192,414.1344816883978,411.7509738801192,413.5386047363281,6000,0.0,0.0
2013-08-19 00:00:00+09:00,416.51812744140625,416.51812744140625,416.51812744140625,416.51812744140625,500,0.0,0.0
2013-08-20 00:00:00+09:00,415.9221460808893,415.9221460808893,411.7510070800781,411.7510070800781,5000,0.0,0.0
2013-08-21 00:00:00+09:00,411.75113819100267,412.3470153808594,411.75113819100267,412.3470153808594,2000,0.0,0.0
2013-08-22 00:00:00+09:00,412.346987395498,416.51812744140625,412.346987395498,416.51812744140625,2000,0.0,0.0
2013-08-23 00:00:00+09:00,414.73043823242193,415.3263152988478,414.73043823242193,414.7304382324219,2000,0.0,0.0
2013-08-26 00:00:00+09:00,419.4974670410156,419.4974670410156,419.4974670410156,419.4974670410156,1000,0.0,0.0
2013-08-27 00:00:00+09:00,418.9015716378845,418.9015716378845,418.3056945800781,418.3056945800781,2500,0.0,0.0
2013-08-28 00:00:00+09:00,418.3056203528852,418.3056203528852,412.34685083218886,413.5386047363281,2500,0.0,0.0
2013-08-29 00:00:00+09:00,420.6892960388536,420.6892960388536,411.1552610011459,412.3470153808594,5500,0.0,0.0
2013-08-30 00:00:00+09:00,413.5386047363281,415.9221125446067,413.5386047363281,413.5386047363281,3500,0.0,0.0
2013-09-02 00:00:00+09:00,416.51803177193113,416.51803177193113,406.38812255859375,406.38812255859375,18500,0.0,0.0
2013-09-03 00:00:00+09:00,414.73039208065757,415.32626908077344,411.15513007996225,411.7510070800781,4500,0.0,0.0
2013-09-04 00:00:00+09:00,417.11393130488807,417.7098083496093,415.9221772154455,417.7098083496094,4500,0.0,0.0
2013-09-05 00:00:00+09:00,417.11403289971327,418.30578727942674,412.3470153808594,412.3470153808594,2000,0.0,0.0
2013-09-06 00:00:00+09:00,412.3470153808594,412.3470153808594,412.3470153808594,412.3470153808594,0,0.0,0.0
2013-09-09 00:00:00+09:00,417.70974070304095,418.90149459948327,411.15509427260804,415.32623291015625,18500,0.0,0.0
2013-09-10 00:00:00+09:00,419.4974639763083,421.2850952148437,417.1139556582611,421.28509521484375,15500,0.0,0.0
2013-09-11 00:00:00+09:00,421.285012929453,426.05202863445385,420.68913596632785,421.8808898925781,4000,0.0,0.0
2013-09-12 00:00:00+09:00,423.0727233886719,423.0727233886719,421.88096923828124,423.0727233886719,2000,0.0,0.0
2013-09-13 00:00:00+09:00,424.26451990664174,428.43565984954415,423.07276563724105,427.83978271484375,6500,0.0,0.0
2013-09-17 00:00:00+09:00,423.6685153736788,427.83965406230857,423.6685153736788,425.4561462402344,8500,0.0,0.0
2013-09-18 00:00:00+09:00,429.03146986144685,433.7984861932407,429.03146986144685,431.41497802734375,10500,0.0,0.0
2013-09-19 00:00:00+09:00,427.83971286443114,433.79848323858755,425.45620471476855,433.2026062011719,9500,0.0,0.0
2013-09-20 00:00:00+09:00,436.18193382658166,437.37368774414057,431.4149181563458,437.3736877441406,15000,0.0,0.0
2013-09-24 00:00:00+09:00,437.37374620552526,445.7160247435053,436.18199212867097,445.1201477050781,9000,0.0,0.0
2013-09-25 00:00:00+09:00,438.56552427950203,439.16140135053394,434.9902618533104,436.77789306640625,16000,0.0,0.0
2013-09-26 00:00:00+09:00,439.81957271181307,446.51115680563043,434.34464027141706,441.0362243652344,9000,15.0,0.0
2013-09-27 00:00:00+09:00,438.60287913959985,441.03618221388336,438.60287913959985,440.4278564453125,9000,0.0,0.0
2013-09-30 00:00:00+09:00,440.4278003681942,440.4278003681942,434.3445434570313,434.34454345703125,11500,0.0,0.0
2013-10-01 00:00:00+09:00,438.6028966516882,438.6028966516882,434.34461610167176,434.95294189453125,4000,0.0,0.0
2013-10-02 00:00:00+09:00,434.9528925378895,435.56121826171875,434.34456681406033,435.56121826171875,6000,0.0,0.0
2013-10-03 00:00:00+09:00,435.56119483926386,436.16952053038017,434.3445434570313,434.34454345703125,4500,0.0,0.0
2013-10-04 00:00:00+09:00,433.736217765915,434.3445434570313,433.736217765915,434.34454345703125,3000,0.0,0.0
2013-10-07 00:00:00+09:00,434.34454595353276,434.34454595353276,430.0862660912432,431.30291748046875,12000,0.0,0.0
2013-10-08 00:00:00+09:00,428.26135391063906,434.9529375654928,428.26135391063906,433.1279602050781,4500,0.0,0.0
2013-10-09 00:00:00+09:00,434.3446203885305,436.77792358398443,434.3446203885305,436.7779235839844,3000,0.0,0.0
2013-10-10 00:00:00+09:00,431.91124069256614,436.7778462214964,429.47793792810097,434.34454345703125,11500,0.0,0.0
2013-10-11 00:00:00+09:00,437.3861999511719,437.3861999511719,437.3861999511719,437.3861999511719,3000,0.0,0.0
2013-10-15 00:00:00+09:00,437.99454178552907,439.8195190429688,433.7362615181698,439.81951904296875,5000,0.0,0.0
2013-10-16 00:00:00+09:00,435.56121826171875,435.56121826171875,435.56121826171875,435.56121826171875,1000,0.0,0.0
2013-10-17 00:00:00+09:00,435.56132541232637,437.99462890624994,435.56132541232637,437.99462890625,2500,0.0,0.0
2013-10-18 00:00:00+09:00,436.77784834674196,439.81947681712313,435.56119695858945,439.2111511230469,5500,0.0,0.0
2013-10-21 00:00:00+09:00,439.2111699584453,439.8194956786093,438.6028442382812,438.60284423828125,6500,0.0,0.0
2013-10-22 00:00:00+09:00,437.9945848808914,445.29449462890625,437.38625906855685,445.29449462890625,6500,0.0,0.0
2013-10-23 00:00:00+09:00,437.38617404081816,440.4278025111994,436.77784834674196,439.2111511230469,12000,0.0,0.0
2013-10-24 00:00:00+09:00,473.27738999131645,481.7939497083839,438.6028254289707,439.2111511230469,40000,0.0,0.0
2013-10-25 00:00:00+09:00,439.21122079367166,448.3361076522659,439.21122079367166,442.8611755371094,13500,0.0,0.0
2013-10-28 00:00:00+09:00,446.51105945196184,447.11938514603804,436.1695226526657,439.2111511230469,16000,0.0,0.0
2013-10-29 00:00:00+09:00,439.21115112304693,439.21115112304693,439.21115112304693,439.2111511230469,0,0.0,0.0
2013-10-30 00:00:00+09:00,440.4278783771653,440.4278783771653,436.77792358398443,436.7779235839844,2500,0.0,0.0
2013-10-31 00:00:00+09:00,434.95294618739393,437.9945751817114,434.95294618739393,436.7779235839844,7000,0.0,0.0
2013-11-01 00:00:00+09:00,434.9529287970438,436.1695803461264,429.4779968261719,429.4779968261719,10500,0.0,0.0
2013-11-05 00:00:00+09:00,429.4779968261719,431.9112999243372,429.4779968261719,429.4779968261719,8500,0.0,0.0
2013-11-06 00:00:00+09:00,429.47801399762255,436.77792358398443,429.47801399762255,436.7779235839844,5000,0.0,0.0
2013-11-07 00:00:00+09:00,436.77791492590745,436.77791492590745,433.1279602050781,433.1279602050781,3500,0.0,0.0
2013-11-08 00:00:00+09:00,440.42787403026665,440.42787403026665,434.95294189453125,434.95294189453125,3000,0.0,0.0
2013-11-11 00:00:00+09:00,431.9113086314684,433.1279602050781,431.9113086314684,433.1279602050781,4000,0.0,0.0
2013-11-12 00:00:00+09:00,431.30298284466346,433.1279602050781,431.30298284466346,433.1279602050781,2000,0.0,0.0
2013-11-13 00:00:00+09:00,437.99456352968093,437.99456352968093,436.16958618164057,436.1695861816406,1000,0.0,0.0
2013-11-14 00:00:00+09:00,441.6444755000109,441.6444755000109,435.56121826171875,435.56121826171875,4000,0.0,0.0
2013-11-15 00:00:00+09:00,436.1695934802502,436.1695934802502,434.95294189453125,434.95294189453125,1000,0.0,0.0
2013-11-18 00:00:00+09:00,434.9528268008881,436.77780369655613,428.2612448501052,433.7361755371094,22000,0.0,0.0
2013-11-19 00:00:00+09:00,429.47794748870115,431.911250307334,429.47794748870115,430.0862731933594,6500,0.0,0.0
2013-11-20 00:00:00+09:00,430.08632260071323,430.69464837525453,428.8696710516306,429.4779968261719,13000,0.0,0.0
2013-11-21 00:00:00+09:00,429.4780041087758,429.4780041087758,427.65302675420594,428.2613525390625,16000,0.0,0.0
2013-11-22 00:00:00+09:00,428.26128900740486,431.91124317508155,428.26128900740486,431.30291748046875,6500,0.0,0.0
2013-11-25 00:00:00+09:00,432.5195617675781,434.3445388214498,431.30291039833037,432.5195617675781,7500,0.0,0.0
2013-11-26 00:00:00+09:00,432.5195663836824,434.3445434570313,432.5195663836824,434.34454345703125,5500,0.0,0.0
2013-11-27 00:00:00+09:00,434.34467366536455,437.99462890624994,434.34467366536455,437.99462890625,9500,0.0,0.0
2013-11-28 00:00:00+09:00,437.99462890624994,437.99462890624994,437.99462890624994,437.99462890625,4500,0.0,0.0
2013-11-29 00:00:00+09:00,435.56121826171875,436.77786970937717,435.56121826171875,435.56121826171875,2500,0.0,0.0
2013-12-02 00:00:00+09:00,435.56119483926386,436.16952053038017,428.26128654586836,434.34454345703125,23500,0.0,0.0
2013-12-03 00:00:00+09:00,436.1695977851209,436.77792358398443,436.1695977851209,436.7779235839844,5500,0.0,0.0
2013-12-04 00:00:00+09:00,436.7779119643207,436.7779119643207,435.5612603989605,436.1695861816406,6500,0.0,0.0
2013-12-05 00:00:00+09:00,436.1694780646668,436.1694780646668,433.7361755371094,433.7361755371094,1000,0.0,0.0
2013-12-06 00:00:00+09:00,433.12802191840274,437.99462890624994,433.12802191840274,437.99462890625,17500,0.0,0.0
2013-12-09 00:00:00+09:00,437.9945751817114,437.9945751817114,435.56127198625745,436.7779235839844,14000,0.0,0.0
2013-12-10 00:00:00+09:00,436.77787422105894,437.3861999511719,436.77787422105894,437.3861999511719,4000,0.0,0.0
2013-12-11 00:00:00+09:00,437.9945751817114,437.9945751817114,435.56127198625745,436.7779235839844,5500,0.0,0.0
2013-12-12 00:00:00+09:00,435.56127198625745,436.77792358398443,435.56127198625745,436.7779235839844,1000,0.0,0.0
2013-12-13 00:00:00+09:00,436.77792358398443,437.3862493828479,436.77792358398443,436.7779235839844,3500,0.0,0.0
2013-12-16 00:00:00+09:00,437.3862493828479,437.3862493828479,436.77792358398443,436.7779235839844,4000,0.0,0.0
2013-12-17 00:00:00+09:00,436.77792358398443,437.9945751817114,435.56127198625745,436.7779235839844,32500,0.0,0.0
2013-12-18 00:00:00+09:00,437.38630303276904,437.99462890624994,437.38630303276904,437.99462890625,12500,0.0,0.0
2013-12-19 00:00:00+09:00,439.2112365055605,446.5111462535754,439.2112365055605,445.29449462890625,36000,0.0,0.0
2013-12-20 00:00:00+09:00,445.9028204412408,445.9028204412408,442.86119137956797,445.29449462890625,27500,0.0,0.0
2013-12-24 00:00:00+09:00,445.29449462890625,445.9028204412408,443.4695171919025,445.29449462890625,49000,0.0,0.0
2013-12-25 00:00:00+09:00,444.0777562978316,447.119384765625,444.0777562978316,447.119384765625,32500,0.0,0.0
2013-12-26 00:00:00+09:00,449.55273437499994,452.5943631596752,447.72775710419484,449.552734375,9500,0.0,0.0
2013-12-27 00:00:00+09:00,453.8108520507812,453.8108520507812,450.16089881712884,453.81085205078125,12000,0.0,0.0
2013-12-30 00:00:00+09:00,452.5944296875,456.244384765625,451.37777799479164,456.244384765625,24000,0.0,0.0
2014-01-06 00:00:00+09:00,462.3275756835937,468.41083325837786,461.7192499261153,462.32757568359375,17000,0.0,0.0
2014-01-07 00:00:00+09:00,457.4609696237664,462.3275756835937,456.2443181088096,462.32757568359375,18000,0.0,0.0
2014-01-08 00:00:00+09:00,462.32763037743507,468.410888671875,462.32763037743507,468.410888671875,9500,0.0,0.0
2014-01-09 00:00:00+09:00,468.410853817379,469.0191796015574,455.6360123496323,466.58587646484375,17000,0.0,0.0
2014-01-10 00:00:00+09:00,466.5857801986615,466.5857801986615,462.3275005879827,464.76080322265625,3500,0.0,0.0
2014-01-14 00:00:00+09:00,466.5857801986615,466.5857801986615,464.7608032226563,464.76080322265625,10000,0.0,0.0
2014-01-15 00:00:00+09:00,473.277426368832,474.49407785049993,468.4108204421602,469.6274719238281,22500,0.0,0.0
2014-01-16 00:00:00+09:00,470.8440232710405,481.79388427734375,468.4107208251953,481.79388427734375,35000,0.0,0.0
2014-01-17 00:00:00+09:00,480.5773315429688,483.6189602236205,472.060771237144,480.57733154296875,10500,0.0,0.0
2014-01-20 00:00:00+09:00,484.22718672318894,484.22718672318894,481.79388427734375,481.79388427734375,3000,0.0,0.0
2014-01-21 00:00:00+09:00,485.4439086914062,485.4439086914062,481.1856287906044,485.44390869140625,8000,0.0,0.0
2014-01-22 00:00:00+09:00,486.0522487073461,486.66057442537783,483.0106201171875,483.0106201171875,9500,0.0,0.0
2014-01-23 00:00:00+09:00,486.05220852779235,489.7021625342589,483.01058018907025,487.26885986328125,12500,0.0,0.0
2014-01-24 00:00:00+09:00,485.4438852281426,489.0938392524144,480.57727986244697,484.22723388671875,21000,0.0,0.0
2014-01-27 00:00:00+09:00,475.71073881108714,486.0522766113282,462.32757224606934,486.0522766113281,27000,0.0,0.0
2014-01-28 00:00:00+09:00,477.5357275009156,493.960523223877,477.5357275009156,486.6606140136719,21500,0.0,0.0
2014-01-29 00:00:00+09:00,486.66063130195505,493.9605407714844,486.66063130195505,493.9605407714844,14000,0.0,0.0
2014-01-30 00:00:00+09:00,486.66061401367193,487.268939781189,486.66061401367193,486.6606140136719,3000,0.0,0.0
2014-01-31 00:00:00+09:00,483.0107642540564,486.66071965144226,472.060898061899,474.49420166015625,11000,0.0,0.0
2014-02-03 00:00:00+09:00,474.49401376135063,474.49401376135063,464.1524775639879,464.76080322265625,10500,0.0,0.0
2014-02-04 00:00:00+09:00,462.9358942227101,479.9690151665154,452.59435650682826,463.5442199707031,39500,0.0,0.0
2014-02-05 00:00:00+09:00,463.5440872547238,474.49394758357556,463.5440872547238,470.843994140625,6000,0.0,0.0
2014-02-06 00:00:00+09:00,470.8441366862396,481.1856745721131,469.6274851702545,475.1024169921875,16500,0.0,0.0
2014-02-07 00:00:00+09:00,480.57735633850103,486.66061401367193,480.57735633850103,486.6606140136719,16000,0.0,0.0
2014-02-10 00:00:00+09:00,492.1354279237635,496.3937072753906,492.1354279237635,496.3937072753906,9500,0.0,0.0
2014-02-12 00:00:00+09:00,497.6104867334106,497.6104867334106,490.3105773925781,490.3105773925781,3000,0.0,0.0
2014-02-13 00:00:00+09:00,483.01067247729617,483.01067247729617,479.3607177734375,479.3607177734375,6500,0.0,0.0
2014-02-14 00:00:00+09:00,485.4438900547173,485.4438900547173,478.14398193359375,478.14398193359375,1000,0.0,0.0
2014-02-17 00:00:00+09:00,478.14398193359375,478.14398193359375,478.14398193359375,478.14398193359375,0,0.0,0.0
2014-02-18 00:00:00+09:00,476.92727377980026,476.92727377980026,472.0606689453125,472.0606689453125,5000,0.0,0.0
2014-02-19 00:00:00+09:00,472.06077488716403,472.06077488716403,469.6274719238281,469.6274719238281,5500,0.0,0.0
2014-02-20 00:00:00+09:00,469.6274602471932,469.6274602471932,469.01913452148443,469.0191345214844,1500,0.0,0.0
2014-02-21 00:00:00+09:00,469.01904575019813,473.8856506347657,469.01904575019813,473.8856506347656,4000,0.0,0.0
2014-02-24 00:00:00+09:00,472.06081423722685,477.53574636111216,472.06081423722685,473.2774658203125,4000,0.0,0.0
2014-02-25 00:00:00+09:00,472.0606786235214,475.71063232421875,472.0606786235214,475.71063232421875,4500,0.0,0.0
2014-02-26 00:00:00+09:00,477.5358311579777,477.5358311579777,473.2775498610276,474.49420166015625,11000,0.0,0.0
2014-02-27 00:00:00+09:00,473.8856220097505,473.8856220097505,470.843994140625,470.843994140625,5000,0.0,0.0
2014-02-28 00:00:00+09:00,470.8441234054961,473.277426368832,468.4108204421602,469.6274719238281,6000,0.0,0.0
2014-03-03 00:00:00+09:00,468.41078078466666,470.8440835419896,465.97747802734375,465.97747802734375,11500,0.0,0.0
2014-03-04 00:00:00+09:00,468.410853817379,468.410853817379,464.15257332813013,466.58587646484375,11500,0.0,0.0
2014-03-05 00:00:00+09:00,470.843994140625,472.06064528827517,462.93576168089874,470.843994140625,8500,0.0,0.0
2014-03-06 00:00:00+09:00,470.8440739679769,470.8440739679769,464.76081719836475,470.2357482910156,7500,0.0,0.0
2014-03-07 00:00:00+09:00,462.9359217597733,467.19420224902217,462.9359217597733,466.58587646484375,5500,0.0,0.0
2014-03-10 00:00:00+09:00,469.0191796015574,470.8441569540927,466.5858764648438,466.58587646484375,8000,0.0,0.0
2014-03-11 00:00:00+09:00,466.5858387643246,469.0191417044254,466.5858387643246,467.802490234375,3000,0.0,0.0
2014-03-12 00:00:00+09:00,467.8024550953359,467.8024550953359,465.97747802734375,465.97747802734375,4000,0.0,0.0
2014-03-13 00:00:00+09:00,465.9775130292994,467.802490234375,465.9775130292994,467.802490234375,2000,0.0,0.0
2014-03-14 00:00:00+09:00,464.7609466145833,464.7609466145833,455.02773307291665,456.244384765625,29000,0.0,0.0
2014-03-17 00:00:00+09:00,452.59423828125,452.59423828125,452.59423828125,452.59423828125,3000,0.0,0.0
2014-03-18 00:00:00+09:00,461.11082807210823,461.11082807210823,460.50250244140625,460.50250244140625,3000,0.0,0.0
2014-03-19 00:00:00+09:00,453.20270921291865,466.5858764648438,453.20270921291865,466.58587646484375,7000,0.0,0.0
2014-03-20 00:00:00+09:00,464.76085257873933,464.76085257873933,464.1525268554687,464.15252685546875,2000,0.0,0.0
2014-03-24 00:00:00+09:00,462.32753601883707,462.32753601883707,458.6775817871094,458.6775817871094,1000,0.0,0.0
2014-03-25 00:00:00+09:00,456.8525486571943,460.50250244140625,456.8525486571943,460.50250244140625,3000,0.0,0.0
2014-03-26 00:00:00+09:00,460.50265288910305,468.410888671875,460.50265288910305,468.410888671875,2500,0.0,0.0
2014-03-27 00:00:00+09:00,465.9291671508136,465.9291671508136,462.2066971069989,464.06793212890625,6000,15.0,0.0
2014-03-28 00:00:00+09:00,465.3088684082031,465.3088684082031,465.3088684082031,465.3088684082031,1500,0.0,0.0
2014-03-31 00:00:00+09:00,461.58628543302973,464.06793212890625,461.58628543302973,464.06793212890625,3000,0.0,0.0
2014-04-01 00:00:00+09:00,470.27213460932336,470.27213460932336,469.0313110351563,469.03131103515625,2000,0.0,0.0
2014-04-02 00:00:00+09:00,461.58632636484066,464.6883850097656,461.58632636484066,464.6883850097656,1500,0.0,0.0
2014-04-03 00:00:00+09:00,466.5496931544655,467.1701049804688,466.5496931544655,467.17010498046875,1500,0.0,0.0
2014-04-04 00:00:00+09:00,467.17003192570564,467.17003192570564,464.6883850097656,464.6883850097656,1000,0.0,0.0
2014-04-07 00:00:00+09:00,464.06793212890625,464.06793212890625,464.06793212890625,464.06793212890625,500,0.0,0.0
2014-04-08 00:00:00+09:00,463.44749329260867,467.7903747558593,463.44749329260867,467.7903747558594,3000,0.0,0.0
2014-04-09 00:00:00+09:00,468.41087412994176,470.27210939138524,462.2067565917969,462.2067565917969,4500,0.0,0.0
2014-04-10 00:00:00+09:00,462.2067565917969,462.2067565917969,462.2067565917969,462.2067565917969,0,0.0,0.0
2014-04-11 00:00:00+09:00,459.1046356447945,460.34545898437506,459.1046356447945,460.345458984375,1500,0.0,0.0
2014-04-14 00:00:00+09:00,460.34545898437506,460.9658706541653,460.34545898437506,460.345458984375,2500,0.0,0.0
2014-04-15 00:00:00+09:00,464.06793212890625,464.06793212890625,464.06793212890625,464.06793212890625,500,0.0,0.0
2014-04-16 00:00:00+09:00,464.06793212890625,464.06793212890625,464.06793212890625,464.06793212890625,500,0.0,0.0
2014-04-17 00:00:00+09:00,464.06793212890625,464.06793212890625,464.06793212890625,464.06793212890625,0,0.0,0.0
2014-04-18 00:00:00+09:00,463.44763293457027,465.3088684082031,463.44763293457027,465.3088684082031,1500,0.0,0.0
2014-04-21 00:00:00+09:00,459.7250061035157,459.7250061035157,459.7250061035157,459.7250061035156,2500,0.0,0.0
2014-04-22 00:00:00+09:00,465.3088684082031,465.3088684082031,465.3088684082031,465.3088684082031,500,0.0,0.0
2014-04-23 00:00:00+09:00,467.7903747558593,467.7903747558593,467.7903747558593,467.7903747558594,500,0.0,0.0
2014-04-24 00:00:00+09:00,467.7903747558593,467.7903747558593,467.7903747558593,467.7903747558594,500,0.0,0.0
2014-04-25 00:00:00+09:00,467.79044365469065,467.79044365469065,464.6883850097656,464.6883850097656,3000,0.0,0.0
2014-04-28 00:00:00+09:00,469.03113873379704,469.65155029296875,465.3086693787669,469.65155029296875,1500,0.0,0.0
2014-04-30 00:00:00+09:00,469.651751180013,469.651751180013,465.3088684082031,465.3088684082031,2500,0.0,0.0
2014-05-01 00:00:00+09:00,469.65172282223983,469.65172282223983,465.30884031265504,469.03131103515625,3500,0.0,0.0
2014-05-02 00:00:00+09:00,469.65155029296875,469.65155029296875,469.65155029296875,469.65155029296875,500,0.0,0.0
2014-05-07 00:00:00+09:00,469.651751180013,469.651751180013,465.3088684082031,465.3088684082031,1500,0.0,0.0
2014-05-08 00:00:00+09:00,465.3088684082031,465.3088684082031,465.3088684082031,465.3088684082031,0,0.0,0.0
2014-05-09 00:00:00+09:00,463.44763293457027,465.3088684082031,463.44763293457027,465.3088684082031,2500,0.0,0.0
2014-05-12 00:00:00+09:00,465.30871410446474,465.30871410446474,463.4474792480469,463.4474792480469,2000,0.0,0.0
2014-05-13 00:00:00+09:00,460.3455213303534,462.2067565917969,460.3455213303534,462.2067565917969,5500,0.0,0.0
2014-05-14 00:00:00+09:00,462.2067565917969,462.2067565917969,462.2067565917969,462.2067565917969,0,0.0,0.0
2014-05-15 00:00:00+09:00,463.4474792480469,463.4474792480469,463.4474792480469,463.4474792480469,1000,0.0,0.0
2014-05-16 00:00:00+09:00,465.3088684082031,465.3088684082031,461.58639746093746,465.3088684082031,5000,0.0,0.0
2014-05-19 00:00:00+09:00,467.16997219653837,467.16997219653837,466.549560546875,466.549560546875,1000,0.0,0.0
2014-05-20 00:00:00+09:00,465.3088684082031,465.3088684082031,464.6884565836588,465.3088684082031,3000,0.0,0.0
2014-05-21 00:00:00+09:00,462.8269958496093,462.8269958496093,462.8269958496093,462.8269958496094,500,0.0,0.0
2014-05-22 00:00:00+09:00,462.8271498228106,464.6883850097656,462.8271498228106,464.6883850097656,1000,0.0,0.0
2014-05-23 00:00:00+09:00,465.3088684082031,465.3088684082031,465.3088684082031,465.3088684082031,1500,0.0,0.0
2014-05-26 00:00:00+09:00,465.30873724754815,466.549560546875,465.30873724754815,466.549560546875,5000,0.0,0.0
2014-05-27 00:00:00+09:00,466.5494924971103,469.65155029296875,465.3086693787669,469.65155029296875,5500,0.0,0.0
2014-05-28 00:00:00+09:00,469.65155029296875,469.65155029296875,469.65155029296875,469.65155029296875,0,0.0,0.0
2014-05-29 00:00:00+09:00,469.65155029296875,469.65155029296875,469.03113873379704,469.65155029296875,1500,0.0,0.0
2014-05-30 00:00:00+09:00,465.92920343499435,471.5129089355469,465.92920343499435,471.5129089355469,5500,0.0,0.0
2014-06-02 00:00:00+09:00,479.57823183152186,479.57823183152186,468.41082151720445,473.3741149902344,5500,0.0,0.0
2014-06-03 00:00:00+09:00,473.3741348546947,477.0966051156753,472.7537231445313,472.75372314453125,3500,0.0,0.0
2014-06-04 00:00:00+09:00,472.75374303509466,472.75374303509466,472.1333312988282,472.1333312988281,1500,0.0,0.0
2014-06-05 00:00:00+09:00,471.51285374418217,471.51285374418217,466.549560546875,466.549560546875,6500,0.0,0.0
2014-06-06 00:00:00+09:00,466.5496650866683,470.8925476074219,466.5496650866683,470.8925476074219,2500,0.0,0.0
2014-06-09 00:00:00+09:00,470.8925476074219,470.8925476074219,470.8925476074219,470.8925476074219,3000,0.0,0.0
2014-06-10 00:00:00+09:00,471.5129089355469,471.5129089355469,471.5129089355469,471.5129089355469,1000,0.0,0.0
2014-06-11 00:00:00+09:00,472.7537231445313,472.7537231445313,472.7537231445313,472.75372314453125,500,0.0,0.0
2014-06-12 00:00:00+09:00,472.1333312988282,472.1333312988282,472.1333312988282,472.1333312988281,500,0.0,0.0
2014-06-13 00:00:00+09:00,472.13326281355813,475.2353210449218,472.13326281355813,475.2353210449219,1500,0.0,0.0
2014-06-16 00:00:00+09:00,475.2353210449218,475.2353210449218,475.2353210449218,475.2353210449219,2500,0.0,0.0
2014-06-17 00:00:00+09:00,472.7537231445313,472.7537231445313,472.7537231445313,472.75372314453125,500,0.0,0.0
2014-06-18 00:00:00+09:00,473.37411499023443,475.8557617267494,472.1332916219769,473.3741149902344,8000,0.0,0.0
2014-06-19 00:00:00+09:00,475.85577392578125,475.85577392578125,475.85577392578125,475.85577392578125,500,0.0,0.0
2014-06-20 00:00:00+09:00,476.4760389819587,481.4393310546875,476.4760389819587,481.4393310546875,3000,0.0,0.0
2014-06-23 00:00:00+09:00,482.6801865936397,483.92100969542287,478.3373057373987,483.30059814453125,5000,0.0,0.0
2014-06-24 00:00:00+09:00,478.9578474086531,482.05990600585943,478.9578474086531,482.0599060058594,1500,0.0,0.0
2014-06-25 00:00:00+09:00,480.8190612792969,480.8190612792969,480.8190612792969,480.8190612792969,500,0.0,0.0
2014-06-26 00:00:00+09:00,483.30056558196077,485.7822116183251,481.4393310546875,481.4393310546875,8000,0.0,0.0
2014-06-27 00:00:00+09:00,483.92097709105184,483.92097709105184,481.4393310546875,481.4393310546875,2000,0.0,0.0
2014-06-30 00:00:00+09:00,481.43936349185657,483.30059814453125,481.43936349185657,483.30059814453125,1000,0.0,0.0
2014-07-01 00:00:00+09:00,490.12509218196277,490.12509218196277,481.4393310546875,481.4393310546875,8000,0.0,0.0
2014-07-02 00:00:00+09:00,483.92111508900877,487.64358520507807,483.92111508900877,487.6435852050781,3000,0.0,0.0
2014-07-03 00:00:00+09:00,487.6434809301821,487.6434809301821,483.92101161010436,485.1618347167969,3000,0.0,0.0
2014-07-04 00:00:00+09:00,483.92118243141465,484.54159420376266,482.68035888671875,482.68035888671875,7500,0.0,0.0
2014-07-07 00:00:00+09:00,483.3006943446125,488.88439941406244,483.3006943446125,488.8843994140625,2000,0.0,0.0
2014-07-08 00:00:00+09:00,483.9210969949071,490.1252136230469,483.9210969949071,490.1252136230469,2500,0.0,0.0
2014-07-09 00:00:00+09:00,485.16208840394637,488.8845596704728,482.06002901517434,483.9212646484375,8000,0.0,0.0
2014-07-10 00:00:00+09:00,483.92126464843756,483.92126464843756,483.92126464843756,483.9212646484375,0,0.0,0.0
2014-07-11 00:00:00+09:00,482.0598620064651,490.1252136230469,482.0598620064651,490.1252136230469,9000,0.0,0.0
2014-07-14 00:00:00+09:00,491.36596679687494,491.36596679687494,490.7455552226365,491.365966796875,3000,0.0,0.0
2014-07-15 00:00:00+09:00,491.9864196777344,491.9864196777344,491.9864196777344,491.9864196777344,4000,0.0,0.0
2014-07-16 00:00:00+09:00,491.36609024911553,493.22732543945307,491.36609024911553,493.2273254394531,3000,0.0,0.0
2014-07-17 00:00:00+09:00,493.22725532943366,495.0884902552051,493.22725532943366,494.46807861328125,6500,0.0,0.0
2014-07-18 00:00:00+09:00,493.84751010513787,493.84751010513787,490.7454528808594,490.7454528808594,5000,0.0,0.0
2014-07-22 00:00:00+09:00,492.60703093699925,493.84785469250806,483.92126464843756,483.9212646484375,7000,0.0,0.0
2014-07-23 00:00:00+09:00,488.8842185462923,490.7454528808594,488.8842185462923,490.7454528808594,2000,0.0,0.0
2014-07-24 00:00:00+09:00,491.9864304011654,492.60684204101557,491.9864304011654,492.6068420410156,3000,0.0,0.0
2014-07-25 00:00:00+09:00,496.32930276381904,496.32930276381904,491.36600973618084,493.84765625,5000,0.0,0.0
2014-07-28 00:00:00+09:00,493.8477293395996,496.949787940979,493.8477293395996,496.3293762207031,10500,0.0,0.0
2014-07-29 00:00:00+09:00,493.8476275275735,506.25585937499994,493.8476275275735,506.255859375,10500,0.0,0.0
2014-07-30 00:00:00+09:00,505.0150756835938,505.0150756835938,505.0150756835938,505.01507568359375,500,0.0,0.0
2014-07-31 00:00:00+09:00,505.01514596422317,506.2559694186807,503.77432250976557,503.7743225097656,2500,0.0,0.0
2014-08-01 00:00:00+09:00,502.5334962603472,505.01514315546,496.32937902256515,500.0518493652344,6500,0.0,0.0
2014-08-04 00:00:00+09:00,500.05176684631044,500.05176684631044,496.329297117926,498.8109436035156,2500,0.0,0.0
2014-08-05 00:00:00+09:00,501.2926699829101,501.2926699829101,496.3293762207031,496.3293762207031,1000,0.0,0.0
2014-08-06 00:00:00+09:00,496.3293762207031,496.3293762207031,496.3293762207031,496.3293762207031,1000,0.0,0.0
2014-08-07 00:00:00+09:00,501.2926235536986,501.2926235536986,490.1252136230469,490.1252136230469,4500,0.0,0.0
2014-08-08 00:00:00+09:00,496.3293762207031,499.4314348220825,496.3293762207031,496.3293762207031,8500,0.0,0.0
2014-08-11 00:00:00+09:00,496.32932792589503,519.9049710023751,496.32932792589503,511.2192077636719,13000,0.0,0.0
2014-08-12 00:00:00+09:00,512.4599716374904,512.4599716374904,501.9129746425299,502.53338623046875,7500,0.0,0.0
2014-08-13 00:00:00+09:00,503.15381210495235,507.49669334383606,502.53340049939754,506.87628173828125,11500,0.0,0.0
2014-08-14 00:00:00+09:00,508.73767089843756,508.73767089843756,508.73767089843756,508.7376708984375,1000,0.0,0.0
2014-08-15 00:00:00+09:00,508.737612671194,512.4600830078125,508.737612671194,512.4600830078125,4000,0.0,0.0
2014-08-18 00:00:00+09:00,508.73767089843756,508.73767089843756,508.73767089843756,508.7376708984375,2000,0.0,0.0
2014-08-19 00:00:00+09:00,508.73767089843756,508.73767089843756,508.73767089843756,508.7376708984375,0,0.0,0.0
2014-08-20 00:00:00+09:00,503.77432250976557,503.77432250976557,503.77432250976557,503.7743225097656,500,0.0,0.0
2014-08-21 00:00:00+09:00,508.7375455289274,508.7375455289274,505.0150756835938,505.01507568359375,2000,0.0,0.0
2014-08-22 00:00:00+09:00,505.01514596422317,505.01514596422317,503.77432250976557,503.7743225097656,5000,0.0,0.0
2014-08-25 00:00:00+09:00,508.1171230865141,508.73753471421435,504.3946533203125,504.3946533203125,2500,0.0,0.0
2014-08-26 00:00:00+09:00,510.59875488281256,511.2191664926337,510.59875488281256,510.5987548828125,2000,0.0,0.0
2014-08-27 00:00:00+09:00,510.5987961037645,511.2192077636719,509.9783844438571,511.2192077636719,5500,0.0,0.0
2014-08-28 00:00:00+09:00,507.49674995164366,513.7008666992188,506.2559266021286,513.7008666992188,6000,0.0,0.0
2014-08-29 00:00:00+09:00,513.7008666992188,513.7008666992188,513.7008666992188,513.7008666992188,4500,0.0,0.0
2014-09-01 00:00:00+09:00,513.7007770194043,522.3865389496841,513.7007770194043,515.56201171875,22500,0.0,0.0
2014-09-02 00:00:00+09:00,516.1825511565836,523.007080078125,516.1825511565836,523.007080078125,2500,0.0,0.0
2014-09-03 00:00:00+09:00,518.0438152494885,521.1458740234375,518.0438152494885,521.1458740234375,3500,0.0,0.0
2014-09-04 00:00:00+09:00,521.1458740234375,521.1458740234375,521.1458740234375,521.1458740234375,1500,0.0,0.0
2014-09-05 00:00:00+09:00,521.1457087320574,521.1457087320574,518.6640625,518.6640625,17500,0.0,0.0
2014-09-08 00:00:00+09:00,519.9050559491386,519.9050559491386,508.73764424617383,514.3213500976562,13500,0.0,0.0
2014-09-09 00:00:00+09:00,519.2846890655263,521.1459245102056,519.2846890655263,520.5255126953125,4000,0.0,0.0
2014-09-10 00:00:00+09:00,520.5255126953125,520.5255126953125,520.5255126953125,520.5255126953125,0,0.0,0.0
2014-09-11 00:00:00+09:00,520.5254382353562,521.1458499615009,516.1825561523438,516.1825561523438,8500,0.0,0.0
2014-09-12 00:00:00+09:00,508.737612671194,512.4600830078125,508.1172009484242,512.4600830078125,14500,0.0,0.0
2014-09-16 00:00:00+09:00,513.0805534548876,513.0805534548876,508.73767089843756,508.7376708984375,5000,0.0,0.0
2014-09-17 00:00:00+09:00,508.73752005334904,510.59875488281256,508.73752005334904,510.5987548828125,3000,0.0,0.0
2014-09-18 00:00:00+09:00,511.83967128504275,514.3213181761217,511.83967128504275,512.4600830078125,5000,0.0,0.0
2014-09-19 00:00:00+09:00,513.0804947305822,513.0804947305822,512.4600830078125,512.4600830078125,1000,0.0,0.0
2014-09-22 00:00:00+09:00,514.9416708075677,599.3176554218198,514.9416708075677,526.7294921875,66500,0.0,0.0
2014-09-24 00:00:00+09:00,526.7294814631624,526.7294814631624,523.0070116295004,526.1090698242188,5500,0.0,0.0
2014-09-25 00:00:00+09:00,526.1090698242188,526.7294814631624,526.1090698242188,526.1090698242188,3500,0.0,0.0
2014-09-26 00:00:00+09:00,511.5827153803228,533.0565577543117,511.5827153803228,517.2669677734375,14000,15.0,0.0
2014-09-29 00:00:00+09:00,517.8984541324513,519.7932045743993,517.8984541324513,519.16162109375,5500,0.0,0.0
2014-09-30 00:00:00+09:00,522.951119159473,523.5827026367188,522.951119159473,523.5827026367188,1500,0.0,0.0
2014-10-01 00:00:00+09:00,523.5828120534013,523.5828120534013,517.2669759610804,517.8985595703125,5000,0.0,0.0
2014-10-02 00:00:00+09:00,514.1089922524438,514.1089922524438,511.5826581381812,512.8458251953125,11500,0.0,0.0
2014-10-03 00:00:00+09:00,514.1089922524438,514.1089922524438,512.2142416667468,512.8458251953125,5000,0.0,0.0
2014-10-06 00:00:00+09:00,512.8458384282696,524.2143422357929,512.8458384282696,518.5300903320312,4000,0.0,0.0
2014-10-07 00:00:00+09:00,526.7407014717177,526.7407014717177,519.161698572844,520.4248657226562,3000,0.0,0.0
2014-10-08 00:00:00+09:00,516.6353923518484,517.8985595703125,516.6353923518484,517.8985595703125,1500,0.0,0.0
2014-10-09 00:00:00+09:00,518.5300903320312,518.5300903320312,518.5300903320312,518.5300903320312,500,0.0,0.0
2014-10-10 00:00:00+09:00,517.8984934238377,517.8984934238377,512.8458251953125,512.8458251953125,3500,0.0,0.0
2014-10-14 00:00:00+09:00,512.8458981951768,512.8458981951768,509.056396484375,509.056396484375,11500,0.0,0.0
2014-10-15 00:00:00+09:00,509.0563240239186,514.7405757810095,509.0563240239186,512.8458251953125,6000,0.0,0.0
2014-10-16 00:00:00+09:00,517.2669273747008,517.2669273747008,505.8984234763558,507.1615905761719,11500,0.0,0.0
2014-10-17 00:00:00+09:00,507.7931018341753,508.42468529416806,504.00360107421875,504.00360107421875,9000,0.0,0.0
2014-10-20 00:00:00+09:00,504.00360107421875,504.00360107421875,504.00360107421875,504.00360107421875,0,0.0,0.0
2014-10-21 00:00:00+09:00,511.5827353287681,514.1090698242188,511.5827353287681,514.1090698242188,3000,0.0,0.0
2014-10-22 00:00:00+09:00,515.3722251333842,517.8985595703125,515.3722251333842,517.8985595703125,2500,0.0,0.0
2014-10-23 00:00:00+09:00,517.8985595703125,517.8985595703125,517.8985595703125,517.8985595703125,0,0.0,0.0
2014-10-24 00:00:00+09:00,526.7406005859375,526.7406005859375,526.7406005859375,526.7406005859375,1000,0.0,0.0
2014-10-27 00:00:00+09:00,517.8986043393758,517.8986043393758,516.0038533478903,516.6354370117188,1500,0.0,0.0
2014-10-28 00:00:00+09:00,516.0038288888755,516.0038288888755,514.7406616210938,514.7406616210938,2000,0.0,0.0
2014-10-29 00:00:00+09:00,514.7406616210938,517.8985797905483,514.7406616210938,514.7406616210938,6500,0.0,0.0
2014-10-30 00:00:00+09:00,514.1090779872028,514.7406616210938,514.1090779872028,514.7406616210938,5500,0.0,0.0
2014-10-31 00:00:00+09:00,514.7405367292047,520.4247880550487,514.7405367292047,519.16162109375,7500,0.0,0.0
2014-11-04 00:00:00+09:00,533.0564351253373,536.2143523950372,525.4774336780575,526.7406005859375,18500,0.0,0.0
2014-11-05 00:00:00+09:00,526.7406367222756,526.7406367222756,522.9511357386621,524.8458862304688,9000,0.0,0.0
2014-11-06 00:00:00+09:00,521.6880656809047,528.0039018271626,521.6880656809047,522.9512329101562,5500,0.0,0.0
2014-11-07 00:00:00+09:00,521.68798828125,522.9511553230932,521.68798828125,521.68798828125,12000,0.0,0.0
2014-11-10 00:00:00+09:00,524.2142861139645,524.2142861139645,520.4247852504901,523.5827026367188,10500,0.0,0.0
2014-11-11 00:00:00+09:00,524.845955481896,525.4775390625,524.845955481896,525.4775390625,2000,0.0,0.0
2014-11-12 00:00:00+09:00,526.1090863439138,527.3722534179688,525.4775028068863,527.3722534179688,4500,0.0,0.0
2014-11-13 00:00:00+09:00,527.3723346756166,527.3723346756166,524.2144165039062,524.2144165039062,8500,0.0,0.0
2014-11-14 00:00:00+09:00,524.2143719012921,530.5302077073318,520.4248704176683,525.4775390625,20500,0.0,0.0
2014-11-17 00:00:00+09:00,529.8985178556374,529.8985178556374,526.7406005859375,526.7406005859375,14000,0.0,0.0
2014-11-18 00:00:00+09:00,526.1091918945312,528.0039428857481,525.4776082307923,526.1091918945312,17000,0.0,0.0
2014-11-19 00:00:00+09:00,526.7406005859375,527.3721840398775,526.7406005859375,526.7406005859375,3000,0.0,0.0
2014-11-20 00:00:00+09:00,526.7406698809413,528.0038369549962,526.7406698809413,527.3722534179688,7000,0.0,0.0
2014-11-21 00:00:00+09:00,527.3722898043119,527.3722898043119,525.4775390625,525.4775390625,4000,0.0,0.0
2014-11-25 00:00:00+09:00,525.4776325134569,528.0039672851562,525.4776325134569,528.0039672851562,10000,0.0,0.0
2014-11-26 00:00:00+09:00,526.1092162063818,528.0039672851562,525.4776325134569,528.0039672851562,8000,0.0,0.0
2014-11-27 00:00:00+09:00,528.0039183099586,528.0039183099586,524.2144165039062,524.2144165039062,5000,0.0,0.0
2014-11-28 00:00:00+09:00,525.4775390625,525.4775390625,523.5827883206881,525.4775390625,2000,0.0,0.0
2014-12-01 00:00:00+09:00,526.7407062237079,526.7407062237079,525.4775390625,525.4775390625,12000,0.0,0.0
2014-12-02 00:00:00+09:00,587.3726279548621,612.6359667916304,565.2672064726898,588.0042114257812,378000,0.0,0.0
2014-12-03 00:00:00+09:00,600.0044051746249,600.0044051746249,581.688481227189,586.7411499023438,77500,0.0,0.0
2014-12-04 00:00:00+09:00,585.477806662673,585.477806662673,568.4250550123039,573.4777221679688,54500,0.0,0.0
2014-12-05 00:00:00+09:00,568.4252727361015,577.2674436453298,568.4252727361015,571.5831909179688,27000,0.0,0.0
2014-12-08 00:00:00+09:00,586.7409689814305,587.3725523710767,576.004051357443,582.3198852539062,27000,0.0,0.0
2014-12-09 00:00:00+09:00,582.319984844461,593.6884878023789,576.635733365502,589.8989868164062,17000,0.0,0.0
2014-12-10 00:00:00+09:00,582.9516367866394,592.425390363887,582.9516367866394,590.5306396484375,22500,0.0,0.0
2014-12-11 00:00:00+09:00,589.8990444787377,594.3201293945312,583.5832088847469,594.3201293945312,30000,0.0,0.0
2014-12-12 00:00:00+09:00,597.4779336383234,625.8991884097024,594.3200164415035,608.846435546875,59000,0.0,0.0
2014-12-15 00:00:00+09:00,608.8463537497598,624.0043542580527,607.5831870407355,616.4253540039062,25000,0.0,0.0
2014-12-16 00:00:00+09:00,607.5834437957326,618.9519489810998,605.0571093100955,617.6887817382812,29500,0.0,0.0
2014-12-17 00:00:00+09:00,613.8992403470553,624.0045776367188,612.6360731858474,624.0045776367188,16000,0.0,0.0
2014-12-18 00:00:00+09:00,630.3204300080887,630.9520136052912,618.9519252584438,625.2677612304688,26500,0.0,0.0
2014-12-19 00:00:00+09:00,628.4256792164812,629.0572628136837,619.5835088556463,625.2677612304688,13000,0.0,0.0
2014-12-22 00:00:00+09:00,631.583568795586,631.583568795586,625.2677331076301,627.7940673828125,33000,0.0,0.0
2014-12-24 00:00:00+09:00,625.8993330499734,629.0572509765625,621.4782479527486,629.0572509765625,30500,0.0,0.0
2014-12-25 00:00:00+09:00,629.0571343757956,629.0571343757956,616.4254650108197,620.2149658203125,32000,0.0,0.0
2014-12-26 00:00:00+09:00,620.2149685747196,620.2149685747196,578.5304594851764,615.7938842773438,24700,0.0,5.0
2014-12-29 00:00:00+09:00,613.2677449796222,618.9519980226877,606.3203245936533,612.0045776367188,12600,0.0,0.0
2014-12-30 00:00:00+09:00,612.004494172981,631.5835853178339,612.004494172981,629.0572509765625,13300,0.0,0.0
2015-01-05 00:00:00+09:00,628.425708680641,641.68896484375,625.8993741733822,641.68896484375,22800,0.0,0.0
2015-01-06 00:00:00+09:00,632.8467978864052,641.6889687151573,632.8467978864052,637.2678833007812,11400,0.0,0.0
2015-01-07 00:00:00+09:00,636.6360576048739,653.6888091478617,636.6360576048739,651.1624755859375,13700,0.0,0.0
2015-01-08 00:00:00+09:00,644.2153120774489,682.1103304349458,637.8994756845327,656.8469848632812,24700,0.0,0.0
2015-01-09 00:00:00+09:00,700.4262737350663,846.3220981109007,663.1628380719744,724.4264526367188,139900,0.0,0.0
2015-01-13 00:00:00+09:00,695.3734075024523,723.7946639398823,694.741824026065,704.215576171875,26900,0.0,0.0
2015-01-14 00:00:00+09:00,705.4787348895006,723.794655490929,704.215567951471,717.4788208007812,10500,0.0,0.0
2015-01-15 00:00:00+09:00,723.1631242888903,738.95271215546,721.8999572595648,730.7421264648438,28200,0.0,0.0
2015-01-16 00:00:00+09:00,732.6369582282172,740.2159612443712,709.2683655950758,727.5842895507812,15600,0.0,0.0
2015-01-19 00:00:00+09:00,716.847346874552,727.5842674885321,674.53124798416,688.4260864257812,20300,0.0,0.0
2015-01-20 00:00:00+09:00,732.6367951804282,732.6367951804282,694.7417885331647,706.1102905273438,9900,0.0,0.0
2015-01-21 00:00:00+09:00,713.6893849773459,713.6893849773459,693.47871212843,699.1629638671875,8000,0.0,0.0
2015-01-22 00:00:00+09:00,694.7420206779577,701.0578572295755,682.1103475747221,696.0051879882812,15000,0.0,0.0
2015-01-23 00:00:00+09:00,699.1630118948515,711.7946832931324,688.4260912063127,693.478759765625,4600,0.0,0.0
2015-01-26 00:00:00+09:00,682.1101717672157,689.0575901833632,656.8468320721337,663.7942504882812,26400,0.0,0.0
2015-01-27 00:00:00+09:00,654.9521268642169,660.0047951524655,641.0572890715334,648.6362915039062,28900,0.0,0.0
2015-01-28 00:00:00+09:00,644.2152035858921,653.057373046875,643.5836200529649,653.057373046875,20900,0.0,0.0
2015-01-29 00:00:00+09:00,653.0573711301674,659.3732064409041,642.3204511019152,643.5836181640625,11300,0.0,0.0
2015-01-30 00:00:00+09:00,643.5836566027021,650.5310758594535,617.688730282083,627.7940673828125,23700,0.0,0.0
2015-02-02 00:00:00+09:00,629.0572836914063,637.8994543457031,629.0572836914063,631.5836181640625,6200,0.0,0.0
2015-02-03 00:00:00+09:00,629.6888464108862,638.5310167717212,625.2677612304688,625.2677612304688,8400,0.0,0.0
2015-02-04 00:00:00+09:00,649.2678797536479,649.2678797536479,628.425622913307,630.3203735351562,7200,0.0,0.0
2015-02-05 00:00:00+09:00,628.4256792164812,631.5835972024937,624.6361776332662,625.2677612304688,8900,0.0,0.0
2015-02-06 00:00:00+09:00,625.2677612304688,629.6888464108862,625.2677612304688,625.2677612304688,5400,0.0,0.0
2015-02-09 00:00:00+09:00,628.4256792164812,634.1099315913036,625.2677612304688,625.2677612304688,9000,0.0,0.0
2015-02-10 00:00:00+09:00,625.2677775967505,630.3204465066233,624.0046103692823,626.5309448242188,5400,0.0,0.0
2015-02-12 00:00:00+09:00,629.0571930888208,632.8466942520065,624.0045248712399,624.6361083984375,3500,0.0,0.0
2015-02-13 00:00:00+09:00,632.8466962229207,642.3204491603897,631.5835291645916,634.10986328125,4400,0.0,0.0
2015-02-16 00:00:00+09:00,632.8466962229207,649.2678679812002,624.0045268146165,634.10986328125,10800,0.0,0.0
2015-02-17 00:00:00+09:00,632.2151241570053,642.952044347484,629.0572064539234,630.3203735351562,4300,0.0,0.0
2015-02-18 00:00:00+09:00,639.7941150437313,642.9520326895542,630.951945635427,634.10986328125,5800,0.0,0.0
2015-02-19 00:00:00+09:00,635.3730137381486,637.8993477887974,632.2150961748378,632.8466796875,2500,0.0,0.0
2015-02-20 00:00:00+09:00,641.057393291209,641.057393291209,636.0047241815247,637.8994750976562,4100,0.0,0.0
2015-02-23 00:00:00+09:00,644.2152993510089,660.6364736481914,639.7942139633059,641.68896484375,12400,0.0,0.0
2015-02-24 00:00:00+09:00,642.9519902601999,648.636241647569,641.688823285229,644.8467407226562,8600,0.0,0.0
2015-02-25 00:00:00+09:00,644.8468346274772,650.5310868426067,641.057333150724,647.3731689453125,6000,0.0,0.0
2015-02-26 00:00:00+09:00,651.1626887759062,679.583950652643,647.3731871923412,667.5838623046875,14300,0.0,0.0
2015-02-27 00:00:00+09:00,634.7413858335618,650.5309725458394,631.5834684911063,648.004638671875,30000,0.0,0.0
2015-03-02 00:00:00+09:00,660.6363805379153,663.1627146891119,651.162627470928,658.1100463867188,12500,0.0,0.0
2015-03-03 00:00:00+09:00,666.9522159159069,666.9522159159069,656.2152957733213,658.1100463867188,10800,0.0,0.0
2015-03-04 00:00:00+09:00,656.8469848632812,657.4785685025728,651.1627321096566,656.8469848632812,5100,0.0,0.0
2015-03-05 00:00:00+09:00,644.2153921818389,656.8470665383454,644.2153921818389,653.6891479492188,13700,0.0,0.0
2015-03-06 00:00:00+09:00,658.1101275511164,658.1101275511164,652.425875009888,654.9522094726562,2300,0.0,0.0
2015-03-09 00:00:00+09:00,656.2153333052286,667.5838376358292,655.5837497313063,665.6890869140625,10400,0.0,0.0
2015-03-10 00:00:00+09:00,675.7942974870774,680.2153816762452,669.4784629311234,670.1100463867188,14400,0.0,0.0
2015-03-11 00:00:00+09:00,663.1628218321043,676.4260782687464,663.1628218321043,675.7944946289062,12000,0.0,0.0
2015-03-12 00:00:00+09:00,681.478747671101,691.5840859127485,676.4260785502772,685.2682495117188,12800,0.0,0.0
2015-03-13 00:00:00+09:00,694.7417885331647,707.3734574155859,694.7417885331647,706.1102905273438,18200,0.0,0.0
2015-03-16 00:00:00+09:00,706.7421061559928,710.5316080656764,706.7421061559928,709.9000244140625,14600,0.0,0.0
2015-03-17 00:00:00+09:00,713.6893524852759,747.1632778673287,713.6893524852759,733.9000244140625,17300,0.0,0.0
2015-03-18 00:00:00+09:00,738.9528606008977,747.1634479409076,732.6370241855053,742.1107788085938,15100,0.0,0.0
2015-03-19 00:00:00+09:00,737.6896128509004,751.5844514491193,726.3211085432666,745.2686157226562,12600,0.0,0.0
2015-03-20 00:00:00+09:00,745.2686157226562,745.2686157226562,738.952779996193,745.2686157226562,6800,0.0,0.0
2015-03-23 00:00:00+09:00,745.2686603850541,745.2686603850541,738.952824280096,744.0054931640625,8000,0.0,0.0
2015-03-24 00:00:00+09:00,734.5315992366633,748.4264360235993,732.6368487657176,747.1632690429688,9700,0.0,0.0
2015-03-25 00:00:00+09:00,732.6369674891641,745.9002229350887,726.3211315625334,737.6896362304688,13200,0.0,0.0
2015-03-26 00:00:00+09:00,732.6369284413342,732.6369284413342,713.6894216712998,720.6368408203125,11900,0.0,0.0
2015-03-27 00:00:00+09:00,696.7449376465283,728.3858106258424,696.7449376465283,718.6998291015625,13700,25.0,0.0
2015-03-30 00:00:00+09:00,709.0135720909188,709.6593039416391,690.9330802707497,703.8477172851562,18400,0.0,0.0
2015-03-31 00:00:00+09:00,703.8478193466985,707.7222110128272,697.3904999031508,703.2020874023438,7400,0.0,0.0
2015-04-01 00:00:00+09:00,742.5916612413195,742.5916612413195,694.1617702907986,726.4483642578125,25000,0.0,0.0
2015-04-02 00:00:00+09:00,733.5515009607833,733.5515009607833,701.9106351622988,719.3453979492188,6100,0.0,0.0
2015-04-03 00:00:00+09:00,723.2198321368243,723.2198321368243,716.7625122070312,716.7625122070312,400,0.0,0.0
2015-04-06 00:00:00+09:00,698.6818624793935,703.8477172851562,696.7446669272326,703.8477172851562,4300,0.0,0.0
2015-04-07 00:00:00+09:00,706.4307032716176,718.6996094527517,692.2246013776728,709.6593627929688,6800,0.0,0.0
2015-04-08 00:00:00+09:00,710.3051298408099,729.6770879273773,710.3051298408099,720.6368408203125,5200,0.0,0.0
2015-04-09 00:00:00+09:00,729.6770724209872,729.6770724209872,709.0136509011008,710.3051147460938,2800,0.0,0.0
2015-04-10 00:00:00+09:00,710.305111013728,734.8429239396568,710.305111013728,718.0538940429688,3800,0.0,0.0
2015-04-13 00:00:00+09:00,716.7623860677083,728.3855598958334,716.7623860677083,726.4483642578125,1700,0.0,0.0
2015-04-14 00:00:00+09:00,735.4885856775394,739.3629768224606,735.4885856775394,737.42578125,3700,0.0,0.0
2015-04-15 00:00:00+09:00,741.9461258597996,742.5918579101562,738.0717335576596,742.5918579101562,7700,0.0,0.0
2015-04-16 00:00:00+09:00,744.5289068582541,752.2776899304996,743.2374430128798,751.6319580078125,4100,0.0,0.0
2015-04-17 00:00:00+09:00,751.6319618225098,751.6319618225098,738.0715913772583,743.8831787109375,2200,0.0,0.0
2015-04-20 00:00:00+09:00,716.1165712539097,736.1342571951822,716.1165712539097,735.488525390625,2700,0.0,0.0
2015-04-21 00:00:00+09:00,740.0087881063356,741.9459838867188,734.8429326919808,741.9459838867188,2600,0.0,0.0
2015-04-22 00:00:00+09:00,724.511224686472,742.5917187071683,724.511224686472,736.1343994140625,3200,0.0,0.0
2015-04-23 00:00:00+09:00,734.8429128400956,741.9459638429436,721.9282746530992,741.3002319335938,3200,0.0,0.0
2015-04-24 00:00:00+09:00,729.6771135001347,749.049072265625,729.6771135001347,749.049072265625,6100,0.0,0.0
2015-04-27 00:00:00+09:00,749.0492355175528,755.5065565133938,739.3632540237913,748.4035034179688,6300,0.0,0.0
2015-04-28 00:00:00+09:00,754.8604956601429,761.3178138437198,729.6769547441928,749.6946411132812,16000,0.0,0.0
2015-04-30 00:00:00+09:00,743.2374628026087,761.963689059147,743.2374628026087,752.2777099609375,8100,0.0,0.0
2015-05-01 00:00:00+09:00,761.9637240492148,763.9009199578145,745.820424810884,763.2551879882812,5700,0.0,0.0
2015-05-07 00:00:00+09:00,755.5063092072531,763.255091865789,749.0489903251398,750.3404541015625,2600,0.0,0.0
2015-05-08 00:00:00+09:00,750.9863281249999,761.9637723022355,743.2375439998924,750.986328125,5400,0.0,0.0
2015-05-11 00:00:00+09:00,762.6093146902191,762.6093146902191,750.9861413926544,760.672119140625,3500,0.0,0.0
2015-05-12 00:00:00+09:00,760.6723472908752,760.6723472908752,750.3406345942249,754.2150268554688,2500,0.0,0.0
2015-05-13 00:00:00+09:00,754.2148629146225,760.0264500432454,749.6947395923602,756.7977905273438,4000,0.0,0.0
2015-05-14 00:00:00+09:00,751.6322367436835,760.6724870137966,751.6322367436835,758.7352905273438,3100,0.0,0.0
2015-05-15 00:00:00+09:00,752.9237010679853,759.3810226894947,752.9237010679853,758.7352905273438,2400,0.0,0.0
2015-05-18 00:00:00+09:00,758.7350652822506,762.6094571049684,755.5064054299858,761.3179931640625,5800,0.0,0.0
2015-05-19 00:00:00+09:00,764.546736917057,764.546736917057,754.2150242560158,758.0894165039062,4500,0.0,0.0
2015-05-20 00:00:00+09:00,760.0265738403216,760.0265738403216,754.8607177734375,754.8607177734375,4500,0.0,0.0
2015-05-21 00:00:00+09:00,757.4436844625911,761.9638087517967,754.8607562973309,758.0894165039062,6000,0.0,0.0
2015-05-22 00:00:00+09:00,758.0892934483194,760.0264892578125,755.5063657023285,760.0264892578125,3800,0.0,0.0
2015-05-25 00:00:00+09:00,760.0264097034421,760.0264097034421,755.5062866210938,755.5062866210938,3500,0.0,0.0
2015-05-26 00:00:00+09:00,761.3178509904897,761.3178509904897,755.5062643417073,760.672119140625,4500,0.0,0.0
2015-05-27 00:00:00+09:00,758.735025384817,760.6722211943102,754.8606337658308,760.0264892578125,5200,0.0,0.0
2015-05-28 00:00:00+09:00,756.1523618787401,758.7352905273438,755.5066297165891,758.7352905273438,6500,0.0,0.0
2015-05-29 00:00:00+09:00,755.5066297165891,758.7352905273438,755.5066297165891,758.7352905273438,4400,0.0,0.0
2015-06-01 00:00:00+09:00,758.7349459656283,759.3806778345352,754.2148228832799,755.5062866210938,6300,0.0,0.0
2015-06-02 00:00:00+09:00,750.3406345942249,759.3808832037939,750.3406345942249,754.2150268554688,8200,0.0,0.0
2015-06-03 00:00:00+09:00,755.5061847220925,759.380575412975,755.5061847220925,756.1519165039062,3800,0.0,0.0
2015-06-04 00:00:00+09:00,756.798094040891,761.9639513380985,756.798094040891,758.7352905273438,4400,0.0,0.0
2015-06-05 00:00:00+09:00,758.7350663684663,759.3807983398438,755.5064065115791,759.3807983398438,5000,0.0,0.0
2015-06-08 00:00:00+09:00,765.838076686292,765.838076686292,759.3807573213148,760.0264892578125,10800,0.0,0.0
2015-06-09 00:00:00+09:00,760.0265155660695,761.3179794837688,749.049072265625,749.049072265625,8000,0.0,0.0
2015-06-10 00:00:00+09:00,755.5066297165891,758.7352905273438,753.5694332301364,758.7352905273438,700,0.0,0.0
2015-06-11 00:00:00+09:00,760.0265491550252,761.9637451171875,755.5064252433131,761.9637451171875,1500,0.0,0.0
2015-06-12 00:00:00+09:00,756.7978682929489,765.192383896881,756.7978682929489,763.2551879882812,700,0.0,0.0
2015-06-15 00:00:00+09:00,755.5064883386459,769.7125932475777,755.5064883386459,758.0894165039062,4800,0.0,0.0
2015-06-16 00:00:00+09:00,760.026528140615,763.2551879882812,758.0893322320154,763.2551879882812,2600,0.0,0.0
2015-06-17 00:00:00+09:00,765.1921614492987,765.1921614492987,756.1519165039062,756.1519165039062,2700,0.0,0.0
2015-06-18 00:00:00+09:00,756.1520177088329,761.9636045229912,756.1520177088329,757.4434814453125,1100,0.0,0.0
2015-06-19 00:00:00+09:00,757.4436844625911,761.9638087517967,757.4436844625911,758.0894165039062,1200,0.0,0.0
2015-06-22 00:00:00+09:00,758.0893531928629,761.9637451171875,755.5064252433131,761.9637451171875,3000,0.0,0.0
2015-06-23 00:00:00+09:00,769.0667969784495,769.0667969784495,761.9637451171875,761.9637451171875,1500,0.0,0.0
2015-06-24 00:00:00+09:00,763.9008388018628,763.9008388018628,760.0264473962744,762.609375,3300,0.0,0.0
2015-06-25 00:00:00+09:00,759.3808300536906,774.232666015625,759.3808300536906,774.232666015625,4300,0.0,0.0
2015-06-26 00:00:00+09:00,774.878173828125,776.1696374511719,768.4208557128907,774.878173828125,7400,0.0,0.0
2015-06-29 00:00:00+09:00,762.609375,771.6496216130398,760.0264473962744,762.609375,9100,0.0,0.0
2015-06-30 00:00:00+09:00,758.7351485452214,761.9638087517967,756.7979524212761,758.0894165039062,4100,0.0,0.0
2015-07-01 00:00:00+09:00,772.9413040492292,773.5870361328125,761.9638586283128,773.5870361328125,7400,0.0,0.0
2015-07-02 00:00:00+09:00,767.1294748191066,778.1069167988412,767.1294748191066,769.71240234375,5100,0.0,0.0
2015-07-03 00:00:00+09:00,781.9815532193956,781.9815532193956,773.5870361328125,773.5870361328125,4600,0.0,0.0
2015-07-06 00:00:00+09:00,772.9409783935547,780.0440283203125,768.4208557128907,774.878173828125,12400,0.0,0.0
2015-07-07 00:00:00+09:00,774.878173828125,778.7525646972656,771.6495147705078,774.878173828125,5700,0.0,0.0
2015-07-08 00:00:00+09:00,774.8783400078781,774.8783400078781,768.4210205078125,768.4210205078125,16800,0.0,0.0
2015-07-09 00:00:00+09:00,729.6770882424198,760.0264892578125,725.1569646869358,760.0264892578125,12500,0.0,0.0
2015-07-10 00:00:00+09:00,767.1296199076884,772.2954759340029,761.963763881374,764.5466918945312,10000,0.0,0.0
2015-07-13 00:00:00+09:00,764.546786962646,774.2327682163958,764.546786962646,773.5870361328125,2900,0.0,0.0
2015-07-14 00:00:00+09:00,774.8782501345878,787.7928876368309,774.8782501345878,787.1471557617188,4900,0.0,0.0
2015-07-15 00:00:00+09:00,787.7928813464778,805.8733737052494,776.1697076872674,802.6447143554688,2300,0.0,0.0
2015-07-16 00:00:00+09:00,801.9991055396296,801.9991055396296,791.0216620660598,800.7076416015625,3500,0.0,0.0
2015-07-17 00:00:00+09:00,781.3356825305569,800.7076416015625,781.3356825305569,800.7076416015625,1300,0.0,0.0
2015-07-21 00:00:00+09:00,803.2907382274237,820.0797729492188,803.2907382274237,820.0797729492188,4300,0.0,0.0
2015-07-22 00:00:00+09:00,810.3935153808594,810.3935153808594,800.707537109375,807.1648559570312,2100,0.0,0.0
2015-07-23 00:00:00+09:00,807.1648559570312,807.1648559570312,807.1648559570312,807.1648559570312,300,0.0,0.0
2015-07-24 00:00:00+09:00,807.1649507327442,816.2051981809509,782.6271362304688,782.6271362304688,2700,0.0,0.0
2015-07-27 00:00:00+09:00,801.3533630874683,801.3533630874683,781.3356723092963,782.6271362304688,1700,0.0,0.0
2015-07-28 00:00:00+09:00,780.0441956079306,784.5643192579766,767.1295566077994,768.4210205078125,4500,0.0,0.0
2015-07-29 00:00:00+09:00,765.1922720079054,787.1471557617188,762.6093445074567,787.1471557617188,2200,0.0,0.0
2015-07-30 00:00:00+09:00,769.7125778828771,794.2503949630359,769.7125778828771,781.3357543945312,1700,0.0,0.0
2015-07-31 00:00:00+09:00,787.1473426503584,787.7930746787836,742.5918326890173,781.3357543945312,6700,0.0,0.0
2015-08-03 00:00:00+09:00,794.2503497014279,794.2503497014279,774.8783899526127,787.7930297851562,2800,0.0,0.0
2015-08-04 00:00:00+09:00,787.7929727920633,788.4387047369748,768.4210144447175,780.044189453125,9000,0.0,0.0
2015-08-05 00:00:00+09:00,780.0441665649414,787.7929496765137,780.0441665649414,785.2100219726562,600,0.0,0.0
2015-08-06 00:00:00+09:00,777.4613622239799,788.4388067072089,776.1698981671294,781.3357543945312,3000,0.0,0.0
2015-08-07 00:00:00+09:00,781.3356755003767,787.7929951326113,776.8155517578125,776.8155517578125,3600,0.0,0.0
2015-08-10 00:00:00+09:00,776.8153692626953,781.3354919433593,772.2952465820313,774.878173828125,4500,0.0,0.0
2015-08-11 00:00:00+09:00,774.2327682163958,778.1071607178957,772.2955719656459,773.5870361328125,4500,0.0,0.0
2015-08-12 00:00:00+09:00,772.2954759340029,772.2954759340029,760.0265678715061,764.5466918945312,3900,0.0,0.0
2015-08-13 00:00:00+09:00,768.4209985453713,781.335637176386,767.7752666138206,771.649658203125,4000,0.0,0.0
2015-08-14 00:00:00+09:00,771.649696052025,786.5015312061644,771.649696052025,776.8155517578125,3300,0.0,0.0
2015-08-17 00:00:00+09:00,785.210196263644,785.210196263644,769.06689453125,769.06689453125,3100,0.0,0.0
2015-08-18 00:00:00+09:00,771.6496582031249,771.6496582031249,771.6496582031249,771.649658203125,400,0.0,0.0
2015-08-19 00:00:00+09:00,774.2326080578716,774.2326080578716,768.4210205078125,768.4210205078125,1400,0.0,0.0
2015-08-20 00:00:00+09:00,763.9009210458745,768.4210448390453,760.6722611936095,761.3179931640625,2700,0.0,0.0
2015-08-21 00:00:00+09:00,749.0491507169827,758.735131114185,749.0491507169827,753.5692749023438,5400,0.0,0.0
2015-08-24 00:00:00+09:00,740.654487827846,741.945951625279,722.5739946637834,723.2197265625,14500,0.0,0.0
2015-08-25 00:00:00+09:00,698.6819337679806,730.9685295982939,665.1038741044547,723.865478515625,21000,0.0,0.0
2015-08-26 00:00:00+09:00,723.2197608278508,740.008790989926,723.2197608278508,736.1343994140625,2300,0.0,0.0
2015-08-27 00:00:00+09:00,742.5917216468764,749.0490409655449,730.3228149414062,730.3228149414062,2100,0.0,0.0
2015-08-28 00:00:00+09:00,730.968363121073,749.0488526682374,730.968363121073,732.2598266601562,4100,0.0,0.0
2015-08-31 00:00:00+09:00,730.9684597392222,745.174560546875,726.4483367549691,745.174560546875,2100,0.0,0.0
2015-09-01 00:00:00+09:00,740.0086480225252,740.0086480225252,726.4482801268246,735.488525390625,2300,0.0,0.0
2015-09-02 00:00:00+09:00,716.116744493916,716.116744493916,697.3905176315864,707.7222290039062,3700,0.0,0.0
2015-09-03 00:00:00+09:00,710.9507817426604,721.2824915590842,710.9507817426604,719.9910278320312,1600,0.0,0.0
2015-09-04 00:00:00+09:00,719.9910173283067,719.9910173283067,694.1617431640625,694.1617431640625,4400,0.0,0.0
2015-09-07 00:00:00+09:00,690.2874251487038,710.3051147460938,680.6014463112571,710.3051147460938,3300,0.0,0.0
2015-09-08 00:00:00+09:00,721.9283096909414,729.0313610385267,710.9508666992188,710.9508666992188,1700,0.0,0.0
2015-09-09 00:00:00+09:00,718.0539111241087,734.1972094857119,718.0539111241087,724.51123046875,1500,0.0,0.0
2015-09-10 00:00:00+09:00,721.282470703125,721.282470703125,721.282470703125,721.282470703125,100,0.0,0.0
2015-09-11 00:00:00+09:00,721.9282025479802,736.1343031347919,721.282470703125,721.282470703125,1600,0.0,0.0
2015-09-14 00:00:00+09:00,732.2599120656614,738.7172305142122,721.282470703125,721.282470703125,700,0.0,0.0
2015-09-15 00:00:00+09:00,718.6995433237047,721.282470703125,718.6995433237047,721.282470703125,900,0.0,0.0
2015-09-16 00:00:00+09:00,721.282575736524,721.282575736524,710.3051327754489,714.8252563476562,2700,0.0,0.0
2015-09-17 00:00:00+09:00,721.2825291364273,729.031311902441,711.5965506789105,727.0941162109375,4500,0.0,0.0
2015-09-18 00:00:00+09:00,727.0941447310014,729.6770724209872,710.3051147460938,710.3051147460938,2300,0.0,0.0
2015-09-24 00:00:00+09:00,716.7622860562876,729.0311900518457,710.3049681638886,725.1567993164062,1000,0.0,0.0
2015-09-25 00:00:00+09:00,710.9507817426604,726.448346467296,710.9507817426604,719.9910278320312,1700,0.0,0.0
2015-09-28 00:00:00+09:00,723.2197551273994,723.2197551273994,705.7849931734353,706.4307250976562,1400,0.0,0.0
2015-09-29 00:00:00+09:00,705.1391995481284,708.3678588867188,697.3904171355116,708.3678588867188,3700,0.0,0.0
2015-09-30 00:00:00+09:00,708.3678604531573,708.3678604531573,699.9733461542593,704.4934692382812,2000,0.0,0.0
2015-10-01 00:00:00+09:00,713.5338134765625,713.5338134765625,712.2423495607678,713.5338134765625,800,0.0,0.0
2015-10-02 00:00:00+09:00,713.533774358576,713.533774358576,710.3051147460938,710.3051147460938,600,0.0,0.0
2015-10-05 00:00:00+09:00,705.7849329765733,716.1166428829092,702.5562736308433,704.4934692382812,3800,0.0,0.0
2015-10-06 00:00:00+09:00,710.3050762917095,710.3050762917095,703.8477574163304,705.1392211914062,1400,0.0,0.0
2015-10-07 00:00:00+09:00,706.4307431143917,710.9508666992188,703.8478153516335,710.9508666992188,1900,0.0,0.0
2015-10-08 00:00:00+09:00,705.1392394630772,709.6593627929688,699.3276523246452,709.6593627929688,4600,0.0,0.0
2015-10-09 00:00:00+09:00,703.2019854344359,705.1391809865969,698.6818624793935,703.8477172851562,5400,0.0,0.0
2015-10-13 00:00:00+09:00,709.0135670549478,718.0538129008214,709.0135670549478,717.4080810546875,1000,0.0,0.0
2015-10-14 00:00:00+09:00,716.7623755511115,716.7623755511115,702.5562744140625,702.5562744140625,21200,0.0,0.0
2015-10-15 00:00:00+09:00,702.556397609447,709.659449423513,694.161881829187,700.6192016601562,9400,0.0,0.0
2015-10-16 00:00:00+09:00,705.1391588221483,709.0135498046875,705.1391588221483,709.0135498046875,400,0.0,0.0
2015-10-19 00:00:00+09:00,703.8477358126923,709.0135907544368,703.8477358126923,708.3678588867188,2500,0.0,0.0
2015-10-20 00:00:00+09:00,703.8477373691353,715.4709110137632,703.8477373691353,704.4934692382812,3000,0.0,0.0
2015-10-21 00:00:00+09:00,703.8477381537942,706.4306656332577,695.453223845538,702.5562744140625,6300,0.0,0.0
2015-10-22 00:00:00+09:00,694.161903946488,698.0362959685149,694.161903946488,697.3905639648438,2900,0.0,0.0
2015-10-23 00:00:00+09:00,698.0362971597174,701.910689188356,691.5789771119864,695.453369140625,3000,0.0,0.0
2015-10-26 00:00:00+09:00,697.3905207854185,702.5563764949402,697.3905207854185,701.91064453125,2000,0.0,0.0
2015-10-27 00:00:00+09:00,702.5563574849954,703.8478213774309,698.6819658076884,699.3276977539062,3400,0.0,0.0
2015-10-28 00:00:00+09:00,699.973346934599,703.2020062839284,697.3904194551355,702.5562744140625,3200,0.0,0.0
2015-10-29 00:00:00+09:00,703.8478638487242,703.8478638487242,696.0990800265364,696.7448120117188,3700,0.0,0.0
2015-10-30 00:00:00+09:00,698.6819847127989,702.5563764949402,696.7447888217283,701.91064453125,3000,0.0,0.0
2015-11-02 00:00:00+09:00,702.5563574849954,702.5563574849954,699.3276977539062,699.3276977539062,900,0.0,0.0
2015-11-04 00:00:00+09:00,699.3277599758571,702.5564199942129,697.3905639648438,697.3905639648438,1900,0.0,0.0
2015-11-05 00:00:00+09:00,697.390582658268,703.8479028680669,697.390582658268,699.9735107421875,4000,0.0,0.0
2015-11-06 00:00:00+09:00,700.6191806038696,710.3051600592225,700.6191806038696,701.91064453125,1700,0.0,0.0
2015-11-09 00:00:00+09:00,710.3051387902462,722.5740457329869,699.3276957362152,703.2020874023438,5300,0.0,0.0
2015-11-10 00:00:00+09:00,710.3050946972389,725.8026603997241,707.0764351758878,709.6593627929688,900,0.0,0.0
2015-11-11 00:00:00+09:00,719.3454518672014,730.9686279296875,719.3454518672014,730.9686279296875,1600,0.0,0.0
2015-11-12 00:00:00+09:00,735.4886655690991,741.9459848453862,735.4886655690991,740.0087890625,1000,0.0,0.0
2015-11-13 00:00:00+09:00,741.9459012724085,745.174560546875,718.0538226413561,745.174560546875,900,0.0,0.0
2015-11-16 00:00:00+09:00,730.3229685103138,743.2376098632812,712.8882026838075,743.2376098632812,2200,0.0,0.0
2015-11-17 00:00:00+09:00,743.2376098632812,743.2376098632812,738.0717533220943,743.2376098632812,1500,0.0,0.0
2015-11-18 00:00:00+09:00,734.1972007651864,743.2374477403074,730.3228092044203,741.9459838867188,1600,0.0,0.0
2015-11-19 00:00:00+09:00,724.5111463231948,739.3629790909608,724.5111463231948,731.6141967773438,2400,0.0,0.0
2015-11-20 00:00:00+09:00,740.65452003313,742.5917158135131,730.3228092044203,741.9459838867188,7700,0.0,0.0
2015-11-24 00:00:00+09:00,735.4885986849793,761.9636053101628,735.4885986849793,755.5062866210938,10300,0.0,0.0
2015-11-25 00:00:00+09:00,754.8607890067433,770.3583586698416,744.5290758980111,769.06689453125,25900,0.0,0.0
2015-11-26 00:00:00+09:00,768.4210205078125,768.4210205078125,747.1118661575958,768.4210205078125,7100,0.0,0.0
2015-11-27 00:00:00+09:00,769.7125755643477,769.7125755643477,745.8204905845819,753.5692749023438,7200,0.0,0.0
2015-11-30 00:00:00+09:00,753.5694332301364,764.5468799867022,752.2779689058344,758.7352905273438,2400,0.0,0.0
2015-12-01 00:00:00+09:00,767.1294555664062,767.1294555664062,761.3178687818123,767.1294555664062,3500,0.0,0.0
2015-12-02 00:00:00+09:00,756.1521549835977,765.838134765625,755.5064229981292,765.838134765625,5000,0.0,0.0
2015-12-03 00:00:00+09:00,765.838134765625,765.838134765625,765.1924027801565,765.838134765625,1900,0.0,0.0
2015-12-04 00:00:00+09:00,759.3806778345352,759.3806778345352,755.5062866210938,755.5062866210938,2600,0.0,0.0
2015-12-07 00:00:00+09:00,765.8381147811181,765.8381147811181,756.152135251846,765.1923828125,2400,0.0,0.0
2015-12-08 00:00:00+09:00,765.1923828125,765.1923828125,765.1923828125,765.1923828125,100,0.0,0.0
2015-12-09 00:00:00+09:00,765.1922638641904,765.1922638641904,750.3404308946745,757.4434814453125,3200,0.0,0.0
2015-12-10 00:00:00+09:00,750.3405475342827,765.1923828125,750.3405475342827,765.1923828125,7900,0.0,0.0
2015-12-11 00:00:00+09:00,766.4838467497362,769.7125065928269,765.1923828125,765.1923828125,6000,0.0,0.0
2015-12-14 00:00:00+09:00,765.1924715956596,768.4211318133629,750.3406345942249,754.2150268554688,3700,0.0,0.0
2015-12-15 00:00:00+09:00,767.1296983233627,769.06689453125,752.2778607295603,769.06689453125,3600,0.0,0.0
2015-12-16 00:00:00+09:00,772.9411019943467,772.9411019943467,749.6947530621859,771.00390625,3900,0.0,0.0
2015-12-17 00:00:00+09:00,758.0893509400032,765.838134765625,757.4436189545347,765.838134765625,1100,0.0,0.0
2015-12-18 00:00:00+09:00,763.2553783754919,781.335878032441,761.3181819836759,779.398681640625,6100,0.0,0.0
2015-12-21 00:00:00+09:00,774.8783634398794,774.8783634398794,758.7350642015487,763.2551879882812,1800,0.0,0.0
2015-12-22 00:00:00+09:00,749.6949490402297,773.5870361328125,749.6949490402297,773.5870361328125,3800,0.0,0.0
2015-12-24 00:00:00+09:00,768.4210044322829,773.5868599242646,760.0264892578125,760.0264892578125,2200,0.0,0.0
2015-12-25 00:00:00+09:00,760.0264892578125,760.0264892578125,760.0264892578125,760.0264892578125,0,0.0,0.0
2015-12-28 00:00:00+09:00,752.2777630707868,765.838134765625,752.2777630707868,765.838134765625,2500,0.0,0.0
2015-12-29 00:00:00+09:00,765.8379739395426,771.0038287384602,757.4434598913015,760.672119140625,3700,0.0,0.0
2015-12-30 00:00:00+09:00,754.8605324918426,772.9410242880545,754.8605324918426,760.672119140625,4700,0.0,0.0
2016-01-04 00:00:00+09:00,772.9412561181474,772.9412561181474,754.2150268554688,754.2150268554688,8800,0.0,0.0
2016-01-05 00:00:00+09:00,761.9638417689966,769.06689453125,750.9863965909688,769.06689453125,1700,0.0,0.0
2016-01-06 00:00:00+09:00,769.7124723377146,769.7124723377146,751.6319780210569,752.2777099609375,9300,0.0,0.0
2016-01-07 00:00:00+09:00,765.8379799034608,765.8379799034608,741.3001694175151,745.174560546875,4100,0.0,0.0
2016-01-08 00:00:00+09:00,743.8831947424893,752.2777099609375,742.591730862728,752.2777099609375,3200,0.0,0.0
2016-01-12 00:00:00+09:00,755.5065191486004,761.3181077574358,742.5918777956329,743.2376098632812,7200,0.0,0.0
2016-01-13 00:00:00+09:00,743.237496932751,763.2551879882812,743.237496932751,763.2551879882812,800,0.0,0.0
2016-01-14 00:00:00+09:00,767.1294602614182,767.1294602614182,744.5288448496761,755.5062866210938,1400,0.0,0.0
2016-01-15 00:00:00+09:00,752.2778281320706,758.7351485452214,744.5290436362895,758.0894165039062,2600,0.0,0.0
2016-01-18 00:00:00+09:00,755.5062702251679,755.5062702251679,736.780046433262,745.174560546875,4000,0.0,0.0
2016-01-19 00:00:00+09:00,739.3629898984208,755.5062866210938,739.3629898984208,755.5062866210938,600,0.0,0.0
2016-01-20 00:00:00+09:00,752.9234500386859,752.9234500386859,736.1344194203276,736.7801513671875,3400,0.0,0.0
2016-01-21 00:00:00+09:00,729.6771451260181,735.4887330075527,728.3856811523438,728.3856811523438,2800,0.0,0.0
2016-01-22 00:00:00+09:00,730.9684626751314,755.5062732596322,730.9684626751314,737.42578125,3600,0.0,0.0
2016-01-25 00:00:00+09:00,737.4257365644852,756.7976911152159,730.3226865625505,749.6946411132812,2600,0.0,0.0
2016-01-26 00:00:00+09:00,749.0491784137228,749.0491784137228,739.363197658373,742.5918579101562,3500,0.0,0.0
2016-01-27 00:00:00+09:00,743.8831129807692,755.5062866210938,741.9459173740485,755.5062866210938,3100,0.0,0.0
2016-01-28 00:00:00+09:00,755.5064883386459,758.0894165039062,755.5064883386459,758.0894165039062,1200,0.0,0.0
2016-01-29 00:00:00+09:00,755.5062819972183,768.420919296316,755.5062819972183,767.1294555664062,4600,0.0,0.0
2016-02-01 00:00:00+09:00,781.3355729112594,781.3355729112594,774.2325222484297,777.461181640625,4100,0.0,0.0
2016-02-02 00:00:00+09:00,774.2324814919119,778.1068725585938,772.2952859585711,778.1068725585938,300,0.0,0.0
2016-02-03 00:00:00+09:00,771.0037474856225,771.0037474856225,749.6945986857687,756.1519165039062,2000,0.0,0.0
2016-02-04 00:00:00+09:00,750.9863281249999,761.9637723022355,749.6948641041487,750.986328125,2900,0.0,0.0
2016-02-05 00:00:00+09:00,749.6947467551415,752.9234063018906,741.3002319335938,741.3002319335938,2300,0.0,0.0
2016-02-08 00:00:00+09:00,742.5917579617563,753.5692013403215,718.0539433508461,739.3630981445312,3200,0.0,0.0
2016-02-09 00:00:00+09:00,729.0312917751736,742.5916612413195,726.4483642578125,726.4483642578125,5200,0.0,0.0
2016-02-10 00:00:00+09:00,745.8203206380208,745.8203206380208,726.4483642578125,726.4483642578125,1200,0.0,0.0
2016-02-12 00:00:00+09:00,720.6368973102975,728.3856811523438,699.3277417446704,728.3856811523438,11200,0.0,0.0
2016-02-15 00:00:00+09:00,734.8430746223164,741.9461271889644,728.3857541071818,740.6546630859375,8100,0.0,0.0
2016-02-16 00:00:00+09:00,740.6545209901287,781.3356324307374,735.4886655690991,740.0087890625,10000,0.0,0.0
2016-02-17 00:00:00+09:00,738.0715482255473,754.2148454308305,726.4483742377433,750.3404541015625,5800,0.0,0.0
2016-02-18 00:00:00+09:00,749.6949104640795,770.3583360754925,742.5918579101562,742.5918579101562,2900,0.0,0.0
2016-02-19 00:00:00+09:00,742.5916994121714,761.963656788141,733.5514526367188,733.5514526367188,1100,0.0,0.0
2016-02-22 00:00:00+09:00,730.3228714910392,740.6545832009035,710.305180053177,738.0716552734375,7600,0.0,0.0
2016-02-23 00:00:00+09:00,742.5918579101562,742.5918579101562,742.5918579101562,742.5918579101562,100,0.0,0.0
2016-02-24 00:00:00+09:00,731.614258730728,739.3630417005152,729.6770629882812,729.6770629882812,1300,0.0,0.0
2016-02-25 00:00:00+09:00,742.5916957522934,742.5916957522934,730.9685213839966,741.3002319335938,1500,0.0,0.0
2016-02-26 00:00:00+09:00,758.7350786931662,758.7350786931662,738.0716552734375,738.0716552734375,1400,0.0,0.0
2016-02-29 00:00:00+09:00,757.4437603717083,757.4437603717083,738.717529296875,738.717529296875,1000,0.0,0.0
2016-03-01 00:00:00+09:00,750.9863745647928,750.9863745647928,731.614413054093,742.5918579101562,1500,0.0,0.0
2016-03-02 00:00:00+09:00,733.551672448645,749.0492429933348,710.3053166316106,738.717529296875,5200,0.0,0.0
2016-03-03 00:00:00+09:00,739.3630981445312,740.0088301079763,739.3630981445312,739.3630981445312,1600,0.0,0.0
2016-03-04 00:00:00+09:00,739.363197658373,742.5918579101562,739.363197658373,742.5918579101562,800,0.0,0.0
2016-03-07 00:00:00+09:00,758.7348436311612,758.7348436311612,736.1342312676799,756.1519165039062,2400,0.0,0.0
2016-03-08 00:00:00+09:00,739.363197658373,742.5918579101562,738.0717335576596,742.5918579101562,1700,0.0,0.0
2016-03-09 00:00:00+09:00,745.8203986232267,748.4033264106664,736.7801513671876,736.7801513671875,900,0.0,0.0
2016-03-10 00:00:00+09:00,733.551468838392,748.4033031546624,732.9057369115977,741.9459838867188,3600,0.0,0.0
2016-03-11 00:00:00+09:00,741.9459838867188,742.5917158135131,741.9459838867188,741.9459838867188,4300,0.0,0.0
2016-03-14 00:00:00+09:00,754.2150348165761,754.2150348165761,742.5918579101562,742.5918579101562,6100,0.0,0.0
2016-03-15 00:00:00+09:00,742.5916739577121,750.3404566424883,741.9459420673141,744.5288696289062,9700,0.0,0.0
2016-03-16 00:00:00+09:00,744.5290265316215,753.5692749023438,738.07170626682,753.5692749023438,4600,0.0,0.0
2016-03-17 00:00:00+09:00,749.6949025506843,754.8607588990094,749.6949025506843,754.2150268554688,2100,0.0,0.0
2016-03-18 00:00:00+09:00,755.5062866210938,755.5062866210938,749.6946998009314,755.5062866210938,2800,0.0,0.0
2016-03-22 00:00:00+09:00,754.86063772046,754.86063772046,738.7173392234442,752.2777099609375,5600,0.0,0.0
2016-03-23 00:00:00+09:00,752.2777099609375,752.2777099609375,752.2777099609375,752.2777099609375,400,0.0,0.0
2016-03-24 00:00:00+09:00,744.5291108204642,749.0492355175528,741.3004503225437,748.4035034179688,8000,0.0,0.0
2016-03-25 00:00:00+09:00,750.3404146423603,750.3404146423603,747.1117553710938,747.1117553710938,600,0.0,0.0
2016-03-28 00:00:00+09:00,748.4033669833019,749.0490989651684,738.0716552734375,738.0716552734375,6600,0.0,0.0
2016-03-29 00:00:00+09:00,733.450486782141,753.9158018948739,733.450486782141,752.595458984375,4000,25.0,0.0
2016-03-30 00:00:00+09:00,746.6539612621619,755.8963621973257,746.6539612621619,750.614990234375,600,0.0,0.0
2016-03-31 00:00:00+09:00,752.5954289461305,759.1971432351316,752.5954289461305,756.5564575195312,2200,0.0,0.0
2016-04-01 00:00:00+09:00,765.7989346278584,765.7989346278584,750.614990234375,750.614990234375,2700,0.0,0.0
2016-04-04 00:00:00+09:00,747.9742587976289,752.595458984375,747.9742587976289,752.595458984375,700,0.0,0.0
2016-04-05 00:00:00+09:00,749.2945711642033,755.2361140192498,739.3919997391257,751.2750854492188,1300,0.0,0.0
2016-04-06 00:00:00+09:00,745.3335432282292,757.2166289484313,737.4114860814279,756.5564575195312,1400,0.0,0.0
2016-04-07 00:00:00+09:00,756.5564552266184,756.5564552266184,732.7902838582429,738.0716552734375,9200,0.0,0.0
2016-04-08 00:00:00+09:00,734.7706197102865,751.274901374938,734.1104484437004,748.6342163085938,3000,0.0,0.0
2016-04-11 00:00:00+09:00,749.2944795313016,759.1970497453716,748.6343081836969,749.9546508789062,1100,0.0,0.0
2016-04-12 00:00:00+09:00,748.6342163085938,748.6342163085938,748.6342163085938,748.6342163085938,600,0.0,0.0
2016-04-13 00:00:00+09:00,746.6537025088355,755.2359289744544,746.6537025088355,748.6342163085938,11000,0.0,0.0
2016-04-14 00:00:00+09:00,748.6342023224869,755.2359148650132,748.6342023224869,751.93505859375,15600,0.0,0.0
2016-04-15 00:00:00+09:00,751.93505859375,751.93505859375,751.93505859375,751.93505859375,0,0.0,0.0
2016-04-18 00:00:00+09:00,744.0131580101516,771.7403564453125,744.0131580101516,771.7403564453125,1800,0.0,0.0
2016-04-19 00:00:00+09:00,751.9352165125594,782.3031005859375,751.9352165125594,782.3031005859375,5100,0.0,0.0
2016-04-20 00:00:00+09:00,787.5844229606732,787.5844229606732,757.8767121197426,771.0801391601562,6200,0.0,0.0
2016-04-21 00:00:00+09:00,822.5736365763346,822.5736365763346,782.9633491007487,792.2057495117188,9600,0.0,0.0
2016-04-22 00:00:00+09:00,779.0022259511015,779.0022259511015,759.1970846133617,769.7598266601562,1300,0.0,0.0
2016-04-25 00:00:00+09:00,784.9438644659323,805.4091796875,784.9438644659323,805.4091796875,3000,0.0,0.0
2016-04-26 00:00:00+09:00,789.565063680013,798.8074640909831,769.75991994222,792.2057495117188,5000,0.0,0.0
2016-04-27 00:00:00+09:00,791.5455322265625,792.2057036462677,780.982789511279,791.5455322265625,2300,0.0,0.0
2016-04-28 00:00:00+09:00,792.2057495117188,792.2057495117188,782.3031776428222,792.2057495117188,3100,0.0,0.0
2016-05-02 00:00:00+09:00,790.2252351379394,794.1862638854981,777.6819774373372,792.2057495117188,4200,0.0,0.0
2016-05-06 00:00:00+09:00,792.2055672173485,794.8462524414062,790.8852246053195,794.8462524414062,1900,0.0,0.0
2016-05-09 00:00:00+09:00,794.8462524414062,794.8462524414062,794.8462524414062,794.8462524414062,0,0.0,0.0
2016-05-10 00:00:00+09:00,795.506592049295,798.1472778320312,795.506592049295,798.1472778320312,400,0.0,0.0
2016-05-11 00:00:00+09:00,802.1082324516482,814.6514887615916,788.9048047569709,812.0108032226562,1700,0.0,0.0
2016-05-12 00:00:00+09:00,803.4285902080737,811.3506469726562,803.4285902080737,811.3506469726562,1500,0.0,0.0
2016-05-13 00:00:00+09:00,793.52582657627,814.6513061523438,793.52582657627,814.6513061523438,3800,0.0,0.0
2016-05-16 00:00:00+09:00,816.6319909327533,833.1362753089205,814.6514768076132,828.5150756835938,11300,0.0,0.0
2016-05-17 00:00:00+09:00,831.1557466052827,831.81591796875,817.2921479724703,831.81591796875,3500,0.0,0.0
2016-05-18 00:00:00+09:00,818.6125480354606,823.2337479034027,799.4675771539861,813.3311767578125,2300,0.0,0.0
2016-05-19 00:00:00+09:00,798.8075256347656,830.4957580566406,792.205810546875,810.6906127929688,17400,0.0,0.0
2016-05-20 00:00:00+09:00,796.8269209745074,809.3701782226562,796.8269209745074,809.3701782226562,1200,0.0,0.0
2016-05-23 00:00:00+09:00,809.3699362583253,821.2530185198668,809.3699362583253,814.6513061523438,2000,0.0,0.0
2016-05-24 00:00:00+09:00,814.6515351206667,815.3117065429688,814.6515351206667,815.3117065429688,200,0.0,0.0
2016-05-25 00:00:00+09:00,825.2142188083602,828.5150756835938,825.2142188083602,828.5150756835938,1100,0.0,0.0
2016-05-26 00:00:00+09:00,837.757421057439,891.2312989972755,837.757421057439,857.5625610351562,12100,0.0,0.0
2016-05-27 00:00:00+09:00,857.5627448347321,871.4263457904899,838.4177720863047,870.7661743164062,3400,0.0,0.0
2016-05-30 00:00:00+09:00,858.2228854241498,870.766142980349,856.2423710731711,861.5237426757812,8500,0.0,0.0
2016-05-31 00:00:00+09:00,858.2228250408829,864.1643676757812,846.9999111749636,864.1643676757812,1400,0.0,0.0
2016-06-01 00:00:00+09:00,883.9695155552455,911.0365432906937,864.1643733097957,901.1339721679688,38900,0.0,0.0
2016-06-02 00:00:00+09:00,915.6577891825928,915.6577891825928,881.3288742312627,896.5128173828125,5800,0.0,0.0
2016-06-03 00:00:00+09:00,874.7272491455078,883.9696502685547,858.2229614257812,858.2229614257812,5500,0.0,0.0
2016-06-06 00:00:00+09:00,838.4176127878443,880.6685791015624,835.116756044585,880.6685791015625,1900,0.0,0.0
2016-06-07 00:00:00+09:00,879.3484800877592,883.3095092773438,871.4264217085902,883.3095092773438,1700,0.0,0.0
2016-06-08 00:00:00+09:00,883.3092444492098,883.3092444492098,858.8829051034544,862.8439331054688,5200,0.0,0.0
2016-06-09 00:00:00+09:00,858.8830727779505,880.6687310421106,858.8830727779505,871.4263305664062,12000,0.0,0.0
2016-06-10 00:00:00+09:00,878.0278765966021,878.0278765966021,871.4261632387329,873.4066772460938,4000,0.0,0.0
2016-06-13 00:00:00+09:00,851.6210048184073,871.4261444653471,851.6210048184073,860.8634033203125,3400,0.0,0.0
2016-06-14 00:00:00+09:00,860.8634155557983,866.8049575343276,833.136219655995,849.6405029296875,6600,0.0,0.0
2016-06-15 00:00:00+09:00,839.0779268749083,849.6406702502021,834.4567266482171,842.3787841796875,3900,0.0,0.0
2016-06-16 00:00:00+09:00,837.0973999115845,876.7076869736468,837.0973999115845,872.0864868164062,1400,0.0,0.0
2016-06-17 00:00:00+09:00,871.4263457904899,878.0280605313269,848.980515671644,870.7661743164062,6500,0.0,0.0
2016-06-20 00:00:00+09:00,875.387466190278,880.0086669921875,875.387466190278,880.0086669921875,1700,0.0,0.0
2016-06-21 00:00:00+09:00,881.9889345161827,881.9889345161827,869.4456787109376,869.4456787109375,200,0.0,0.0
2016-06-22 00:00:00+09:00,869.4456787109376,869.4456787109376,869.4456787109376,869.4456787109375,0,0.0,0.0
2016-06-23 00:00:00+09:00,858.2227180340539,869.4456305006531,858.2227180340539,860.8634033203125,2700,0.0,0.0
2016-06-24 00:00:00+09:00,869.4458297909007,869.4458297909007,826.5346840533088,841.7186279296875,7400,0.0,0.0
2016-06-27 00:00:00+09:00,853.6016845703125,853.6016845703125,835.1168839763692,853.6016845703125,1200,0.0,0.0
2016-06-28 00:00:00+09:00,833.7965111056564,853.6016538872633,833.7965111056564,852.2813110351562,2600,0.0,0.0
2016-06-29 00:00:00+09:00,842.378754655705,851.6211547851562,842.378754655705,851.6211547851562,1900,0.0,0.0
2016-06-30 00:00:00+09:00,845.01938261035,867.4652099609375,845.01938261035,867.4652099609375,900,0.0,0.0
2016-07-01 00:00:00+09:00,874.0669374488001,874.0669374488001,854.9219667644986,856.2423095703125,3500,0.0,0.0
2016-07-04 00:00:00+09:00,852.9414218976231,854.9219360351562,848.9803936225567,854.9219360351562,2200,0.0,0.0
2016-07-05 00:00:00+09:00,864.8246307722219,865.4848022460938,852.9415442425272,865.4848022460938,2300,0.0,0.0
2016-07-06 00:00:00+09:00,852.2812811528709,864.8245378081028,852.2812811528709,856.2423095703125,2800,0.0,0.0
2016-07-07 00:00:00+09:00,865.4846184401451,865.4846184401451,857.5625624361163,862.8439331054688,14800,0.0,0.0
2016-07-08 00:00:00+09:00,839.077913364688,861.5237426757812,839.077913364688,861.5237426757812,2700,0.0,0.0
2016-07-11 00:00:00+09:00,861.5237426757812,861.5237426757812,861.5237426757812,861.5237426757812,0,0.0,0.0
2016-07-12 00:00:00+09:00,867.4652099609375,868.1253813536018,856.9024676783081,867.4652099609375,2000,0.0,0.0
2016-07-13 00:00:00+09:00,859.5430614226455,864.164260677606,859.5430614226455,863.5040893554688,1900,0.0,0.0
2016-07-14 00:00:00+09:00,865.4846962449764,870.1058959960938,864.8245248519596,870.1058959960938,700,0.0,0.0
2016-07-15 00:00:00+09:00,870.7660226267689,874.72705078125,863.5041376768868,874.72705078125,3800,0.0,0.0
2016-07-19 00:00:00+09:00,877.3678294825892,904.4348580821272,877.3678294825892,886.6102294921875,12300,0.0,0.0
2016-07-20 00:00:00+09:00,886.6102304381197,894.5322875976562,886.6102304381197,894.5322875976562,700,0.0,0.0
2016-07-21 00:00:00+09:00,903.114516187154,913.0170876365746,894.5322875976562,894.5322875976562,19900,0.0,0.0
2016-07-22 00:00:00+09:00,874.7271886128865,881.9890747070312,874.7271886128865,881.9890747070312,1700,0.0,0.0
2016-07-25 00:00:00+09:00,887.9306330634274,888.5908045378239,878.688232421875,878.688232421875,1000,0.0,0.0
2016-07-26 00:00:00+09:00,868.7855375920865,871.4262231166824,866.1448520674904,868.1253662109375,2300,0.0,0.0
2016-07-27 00:00:00+09:00,869.4456492313722,873.4066772460936,869.4456492313722,873.4066772460938,800,0.0,0.0
2016-07-28 00:00:00+09:00,887.9305231335319,887.9305231335319,867.4652099609375,867.4652099609375,900,0.0,0.0
2016-07-29 00:00:00+09:00,870.1058959960938,870.1058959960938,870.1058959960938,870.1058959960938,100,0.0,0.0
2016-08-01 00:00:00+09:00,884.6295202024567,901.133802295786,883.9693489187234,895.1922607421875,5600,0.0,0.0
2016-08-02 00:00:00+09:00,901.1340177426779,904.4348749505266,886.6102460281439,899.1535034179688,3300,0.0,0.0
2016-08-03 00:00:00+09:00,885.2897633756145,888.5906200623244,867.4651372673807,881.3287353515625,3000,0.0,0.0
2016-08-04 00:00:00+09:00,881.3287353515625,881.3287353515625,881.3287353515625,881.3287353515625,0,0.0,0.0
2016-08-05 00:00:00+09:00,881.3289025046608,881.3289025046608,864.8246159409032,871.4263305664062,4000,0.0,0.0
2016-08-08 00:00:00+09:00,871.4263305664062,871.4263305664062,871.4263305664062,871.4263305664062,0,0.0,0.0
2016-08-09 00:00:00+09:00,871.4261763478054,871.4261763478054,864.824462890625,864.824462890625,300,0.0,0.0
2016-08-10 00:00:00+09:00,860.2033264619067,879.3482968896851,860.2033264619067,878.0279541015625,16900,0.0,0.0
2016-08-12 00:00:00+09:00,882.6490151492293,882.6490151492293,868.7854180526446,876.0473022460938,300,0.0,0.0
2016-08-15 00:00:00+09:00,876.0473022460938,876.0473022460938,876.0473022460938,876.0473022460938,0,0.0,0.0
2016-08-16 00:00:00+09:00,880.6685791015624,880.6685791015624,880.6685791015624,880.6685791015625,100,0.0,0.0
2016-08-17 00:00:00+09:00,868.7853783275464,897.8329137731482,868.1252070674191,891.231201171875,2300,0.0,0.0
2016-08-18 00:00:00+09:00,871.4260761849832,885.2896728515625,868.7853911056347,885.2896728515625,600,0.0,0.0
2016-08-19 00:00:00+09:00,868.7854909649333,880.0084038421398,858.2227494334447,864.824462890625,5600,0.0,0.0
2016-08-22 00:00:00+09:00,845.0193186236392,876.047371729351,836.4370911688678,848.9803466796875,10300,0.0,0.0
2016-08-23 00:00:00+09:00,848.9805603027344,858.2229614257812,848.9805603027344,858.2229614257812,3000,0.0,0.0
2016-08-24 00:00:00+09:00,858.2229614257812,866.14501953125,858.2229614257812,866.14501953125,200,0.0,0.0
2016-08-25 00:00:00+09:00,859.5432739257812,859.5432739257812,858.8831024404312,859.5432739257812,900,0.0,0.0
2016-08-26 00:00:00+09:00,876.0474991382173,876.0474991382173,858.8830417323442,862.1838989257812,1800,0.0,0.0
2016-08-29 00:00:00+09:00,864.8247215001993,880.0086669921875,864.8247215001993,880.0086669921875,2300,0.0,0.0
2016-08-30 00:00:00+09:00,881.9889066889045,881.9889066889045,881.3287353515625,881.3287353515625,200,0.0,0.0
2016-08-31 00:00:00+09:00,881.3287353515625,881.3287353515625,881.3287353515625,881.3287353515625,0,0.0,0.0
2016-09-01 00:00:00+09:00,880.6686866288743,886.6102294921875,880.6686866288743,886.6102294921875,2300,0.0,0.0
2016-09-02 00:00:00+09:00,901.1340940113847,901.1340940113847,871.426376626394,887.9306640625,3300,0.0,0.0
2016-09-05 00:00:00+09:00,878.0278161170344,878.6879874073479,848.9802793432377,876.0473022460938,31300,0.0,0.0
2016-09-06 00:00:00+09:00,894.532205877333,894.532205877333,868.1253510912863,868.7855224609375,1200,0.0,0.0
2016-09-07 00:00:00+09:00,871.4263153653718,875.387344071578,870.7661439143375,872.0864868164062,2100,0.0,0.0
2016-09-08 00:00:00+09:00,868.7855375920865,868.7855375920865,868.1253662109375,868.1253662109375,300,0.0,0.0
2016-09-09 00:00:00+09:00,868.1253822776805,876.7076103914522,865.4846967042123,872.74658203125,500,0.0,0.0
2016-09-12 00:00:00+09:00,864.824706392616,883.3095092773438,864.824706392616,883.3095092773438,200,0.0,0.0
2016-09-13 00:00:00+09:00,890.5711640070219,890.5711640070219,869.4456805020369,877.3677368164062,3400,0.0,0.0
2016-09-14 00:00:00+09:00,862.1838392798926,870.1058959960938,862.1838392798926,870.1058959960938,1100,0.0,0.0
2016-09-15 00:00:00+09:00,870.1059876413057,871.4263305664062,860.2034157030511,871.4263305664062,600,0.0,0.0
2016-09-16 00:00:00+09:00,858.8829433152467,911.0364809954193,858.8829433152467,898.4932250976562,2400,0.0,0.0
2016-09-20 00:00:00+09:00,907.0755447669222,907.0755447669222,890.571259017888,894.5322875976562,1600,0.0,0.0
2016-09-21 00:00:00+09:00,874.7270356835644,893.2118334187642,874.7270356835644,875.38720703125,800,0.0,0.0
2016-09-23 00:00:00+09:00,868.1254888315294,887.2704615890308,868.1254888315294,878.688232421875,2200,0.0,0.0
2016-09-26 00:00:00+09:00,896.5125712528936,896.5125712528936,891.2312011718751,891.231201171875,800,0.0,0.0
2016-09-27 00:00:00+09:00,871.4261789451358,885.9499485942214,871.4261789451358,875.38720703125,1200,0.0,0.0
2016-09-28 00:00:00+09:00,874.7148589737651,878.7489013671876,874.7148589737651,878.7489013671875,2100,24.0,0.0
2016-09-29 00:00:00+09:00,880.093681580805,889.506448228728,878.07666015625,878.07666015625,1300,0.0,0.0
2016-09-30 00:00:00+09:00,880.7659301757812,880.7659301757812,880.7659301757812,880.7659301757812,400,0.0,0.0
2016-10-03 00:00:00+09:00,895.5575333616055,895.5575333616055,894.8851928710938,894.8851928710938,1000,0.0,0.0
2016-10-04 00:00:00+09:00,887.4894248560855,894.2128295898438,884.1277224892065,894.2128295898438,1000,0.0,0.0
2016-10-05 00:00:00+09:00,882.1107560426201,882.1107560426201,881.4384155273438,881.4384155273438,400,0.0,0.0
2016-10-06 00:00:00+09:00,877.4044189453125,877.4044189453125,877.4044189453125,877.4044189453125,200,0.0,0.0
2016-10-07 00:00:00+09:00,880.7659605540097,884.1276626935288,880.7659605540097,883.455322265625,400,0.0,0.0
2016-10-11 00:00:00+09:00,876.7319792065467,878.07666015625,876.7319792065467,878.07666015625,1700,0.0,0.0
2016-10-12 00:00:00+09:00,880.7658919058482,880.7658919058482,876.0595092773438,876.0595092773438,1700,0.0,0.0
2016-10-13 00:00:00+09:00,882.7829130323502,882.7829130323502,876.0595092773438,876.0595092773438,800,0.0,0.0
2016-10-14 00:00:00+09:00,876.0595473427809,885.4723130087816,876.0595473427809,880.7659301757812,800,0.0,0.0
2016-10-17 00:00:00+09:00,867.3191450553511,870.6808471679688,861.9404216751628,870.6808471679688,1400,0.0,0.0
2016-10-18 00:00:00+09:00,878.7489322382511,879.4212726607747,870.6808471679688,870.6808471679688,1100,0.0,0.0
2016-10-19 00:00:00+09:00,867.3192439602552,880.0937134449412,867.3192439602552,870.0086059570312,800,0.0,0.0
2016-10-20 00:00:00+09:00,870.0085067454452,870.6808471679688,870.0085067454452,870.6808471679688,300,0.0,0.0
2016-10-21 00:00:00+09:00,874.7148817336523,879.4212646484375,874.7148817336523,879.4212646484375,300,0.0,0.0
2016-10-24 00:00:00+09:00,879.4213024298955,884.127685546875,879.4213024298955,884.127685546875,300,0.0,0.0
2016-10-25 00:00:00+09:00,886.144653413496,886.144653413496,867.9914624862089,880.7659301757812,5500,0.0,0.0
2016-10-26 00:00:00+09:00,885.4724053796182,886.1447458544698,878.07666015625,878.07666015625,1600,0.0,0.0
2016-10-27 00:00:00+09:00,878.07666015625,878.07666015625,878.07666015625,878.07666015625,100,0.0,0.0
2016-10-28 00:00:00+09:00,878.07666015625,878.07666015625,878.07666015625,878.07666015625,0,0.0,0.0
2016-10-31 00:00:00+09:00,886.8170319414537,890.8510745431586,885.4723510742188,885.4723510742188,600,0.0,0.0
2016-11-01 00:00:00+09:00,896.2297134170303,898.9190748976515,887.4892886050112,895.557373046875,2700,0.0,0.0
2016-11-02 00:00:00+09:00,894.2128295898438,895.5575105365954,894.2128295898438,894.2128295898438,300,0.0,0.0
2016-11-04 00:00:00+09:00,894.2130321409644,894.2130321409644,882.1109008789062,882.1109008789062,800,0.0,0.0
2016-11-07 00:00:00+09:00,887.4894328567217,890.8511352539061,887.4894328567217,890.8511352539062,600,0.0,0.0
2016-11-08 00:00:00+09:00,894.8850094426876,894.8850094426876,876.059479567109,889.5062866210938,1600,0.0,0.0
2016-11-09 00:00:00+09:00,887.4894118088941,900.9362210787259,874.0426025390624,874.0426025390625,4000,0.0,0.0
2016-11-10 00:00:00+09:00,887.4894328567217,899.591561486586,887.4894328567217,890.8511352539062,900,0.0,0.0
2016-11-11 00:00:00+09:00,897.5745400482753,897.5745400482753,887.4894328567217,890.8511352539062,2400,0.0,0.0
2016-11-14 00:00:00+09:00,890.8511352539061,890.8511352539061,889.5064542950323,890.8511352539062,3700,0.0,0.0
2016-11-15 00:00:00+09:00,890.851035968832,896.902099609375,890.851035968832,896.902099609375,1600,0.0,0.0
2016-11-16 00:00:00+09:00,897.5743408203125,897.5743408203125,892.8679585088952,897.5743408203125,3100,0.0,0.0
2016-11-17 00:00:00+09:00,894.8852741003744,907.6597445796435,894.8852741003744,906.3150634765625,5200,0.0,0.0
2016-11-18 00:00:00+09:00,906.3149430658162,906.3149430658162,890.1787719726564,890.1787719726562,2700,0.0,0.0
2016-11-21 00:00:00+09:00,900.9363857218121,902.2810668945312,892.8682986854974,902.2810668945312,1400,0.0,0.0
2016-11-22 00:00:00+09:00,911.0212478300609,913.0382690429688,911.0212478300609,913.0382690429688,15500,0.0,0.0
2016-11-24 00:00:00+09:00,914.3828822041727,932.5360717773438,912.365861140487,932.5360717773438,3200,0.0,0.0
2016-11-25 00:00:00+09:00,924.4681396484374,924.4681396484374,924.4681396484374,924.4681396484375,200,0.0,0.0
2016-11-28 00:00:00+09:00,924.4681550739285,936.5702836494418,921.1064526918416,923.1234741210938,2700,0.0,0.0
2016-11-29 00:00:00+09:00,935.8978195025649,935.8978195025649,933.8807983398438,933.8807983398438,400,0.0,0.0
2016-11-30 00:00:00+09:00,937.2425612256453,939.2595825195312,931.1914973439876,939.2595825195312,2100,0.0,0.0
2016-12-01 00:00:00+09:00,948.0000610351564,954.0511252545297,944.63835869106,948.0000610351562,3900,0.0,0.0
2016-12-02 00:00:00+09:00,952.7064591316181,954.7234805694409,951.3617781730695,952.0341186523438,1900,0.0,0.0
2016-12-05 00:00:00+09:00,961.4468772506982,961.4468772506982,955.3958129882812,955.3958129882812,3300,0.0,0.0
2016-12-06 00:00:00+09:00,949.3448925849925,960.7746823682396,948.0002114340223,956.0682983398438,1700,0.0,0.0
2016-12-07 00:00:00+09:00,956.0681615279893,956.0681615279893,946.6553948181498,952.0341186523438,1100,0.0,0.0
2016-12-08 00:00:00+09:00,947.3277587890625,951.3618017647434,941.2766943255411,947.3277587890625,5000,0.0,0.0
2016-12-09 00:00:00+09:00,941.948943939752,948.0000078194506,941.2766035086744,944.6383056640625,4100,0.0,0.0
2016-12-12 00:00:00+09:00,974.8934585241961,974.8934585241961,917.072191328968,934.5530395507812,6300,0.0,0.0
2016-12-13 00:00:00+09:00,937.9148783079336,961.4467928174516,937.9148783079336,954.723388671875,900,0.0,0.0
2016-12-14 00:00:00+09:00,941.2767538152788,962.1193105069028,941.2767538152788,952.70654296875,3400,0.0,0.0
2016-12-15 00:00:00+09:00,956.0682983398438,956.0682983398438,953.3789360379033,956.0682983398438,1800,0.0,0.0
2016-12-16 00:00:00+09:00,958.0851742402084,968.1702813374737,954.7234718744533,960.7745361328125,4000,0.0,0.0
2016-12-19 00:00:00+09:00,974.2213455958329,974.2213455958329,960.7745361328125,960.7745361328125,400,0.0,0.0
2016-12-20 00:00:00+09:00,947.9999920221089,968.170204618324,947.9999920221089,956.7404174804688,5100,0.0,0.0
2016-12-21 00:00:00+09:00,964.1362384985675,974.8936860689839,954.0511314013022,960.7745361328125,7200,0.0,0.0
2016-12-22 00:00:00+09:00,960.7743077294753,967.4977108626416,956.7402658495754,964.808349609375,4200,0.0,0.0
2016-12-26 00:00:00+09:00,994.391758307982,994.391758307982,954.0513218654675,957.4130249023438,9900,0.0,0.0
2016-12-27 00:00:00+09:00,958.0849843045158,990.3573206179311,954.050942265339,964.1360473632812,3600,0.0,0.0
2016-12-28 00:00:00+09:00,958.7576606417842,966.8257475476057,954.7236171888735,956.0682983398438,5300,0.0,0.0
2016-12-29 00:00:00+09:00,958.7575147133593,960.7745361328125,958.7575147133593,960.7745361328125,1200,0.0,0.0
2016-12-30 00:00:00+09:00,960.7744595737735,975.5659488044404,960.7744595737735,967.4978637695312,1400,0.0,0.0
2017-01-04 00:00:00+09:00,967.4979768443042,990.3575537815566,947.3277618996696,976.2384033203125,5200,0.0,0.0
2017-01-05 00:00:00+09:00,976.2381161832617,1005.1487491005346,974.8934355824582,996.4083251953125,5000,0.0,0.0
2017-01-06 00:00:00+09:00,1001.787401318227,1002.4597418560245,974.8937798063283,992.3746337890625,5000,0.0,0.0
2017-01-10 00:00:00+09:00,999.770225483884,1001.1149063520534,982.289374197683,1000.4425659179688,1800,0.0,0.0
2017-01-11 00:00:00+09:00,1001.7872314453125,1001.7872314453125,995.0638272074244,1001.7872314453125,2000,0.0,0.0
2017-01-12 00:00:00+09:00,993.046975491807,993.046975491807,982.961867413014,986.9959106445312,4500,0.0,0.0
2017-01-13 00:00:00+09:00,988.3402856278093,988.3402856278093,980.9445419938597,981.6168823242188,1500,0.0,0.0
2017-01-16 00:00:00+09:00,981.6172102263004,990.3576374406442,980.2725291164014,982.28955078125,1800,0.0,0.0
2017-01-17 00:00:00+09:00,992.3745662129372,992.3745662129372,984.306480308767,984.9788208007812,2600,0.0,0.0
2017-01-18 00:00:00+09:00,971.5321483284338,978.2555541992188,970.8598077413552,978.2555541992188,4800,0.0,0.0
2017-01-19 00:00:00+09:00,980.2725052586693,986.9959106445312,980.2725052586693,986.9959106445312,600,0.0,0.0
2017-01-20 00:00:00+09:00,986.9958961998225,988.3405772573154,982.9618530273436,982.9618530273438,1400,0.0,0.0
2017-01-23 00:00:00+09:00,988.3404541015626,995.7361989962001,982.2893900968592,988.3404541015625,2800,0.0,0.0
2017-01-24 00:00:00+09:00,988.3405917217036,988.3405917217036,986.9959106445312,986.9959106445312,300,0.0,0.0
2017-01-25 00:00:00+09:00,995.0639281809939,995.7362686730081,983.6341398167528,984.9788208007812,4300,0.0,0.0
2017-01-26 00:00:00+09:00,995.0638424452915,1000.4425659179688,995.0638424452915,1000.4425659179688,6300,0.0,0.0
2017-01-27 00:00:00+09:00,995.0638269645987,1008.5106354370931,988.3404227283513,1007.1659545898438,2600,0.0,0.0
2017-01-30 00:00:00+09:00,1007.8385053591924,1020.6129760742188,1007.1661647952436,1020.6129760742188,3800,0.0,0.0
2017-01-31 00:00:00+09:00,1045.489472681566,1054.229899141283,1000.4426593891769,1037.42138671875,6500,0.0,0.0
2017-02-01 00:00:00+09:00,1037.4215541407514,1039.438575956968,1029.353466875885,1038.7662353515625,2400,0.0,0.0
2017-02-02 00:00:00+09:00,1040.1109165623736,1040.1109165623736,1038.7662353515625,1038.7662353515625,600,0.0,0.0
2017-02-03 00:00:00+09:00,1038.0935592502838,1038.0935592502838,1030.6978149810136,1036.0765380859375,3600,0.0,0.0
2017-02-06 00:00:00+09:00,1032.7147519582245,1032.7147519582245,1030.025390625,1030.025390625,5900,0.0,0.0
2017-02-07 00:00:00+09:00,1037.4212868714944,1048.85107421875,1036.748946439303,1048.85107421875,4000,0.0,0.0
2017-02-08 00:00:00+09:00,1043.472350761218,1048.85107421875,1043.472350761218,1048.85107421875,2600,0.0,0.0
2017-02-09 00:00:00+09:00,1048.85107421875,1048.85107421875,1048.85107421875,1048.85107421875,500,0.0,0.0
2017-02-10 00:00:00+09:00,1054.902000475841,1055.5743408203125,1043.4722146198249,1055.5743408203125,2900,0.0,0.0
2017-02-13 00:00:00+09:00,1054.9024098812956,1054.9024098812956,1035.4045323245348,1038.7662353515625,11900,0.0,0.0
2017-02-14 00:00:00+09:00,1047.5064389354593,1050.19580078125,1037.4213320137444,1050.19580078125,4600,0.0,0.0
2017-02-15 00:00:00+09:00,1054.2296601313694,1055.5743408203125,1045.4892356532396,1055.5743408203125,1700,0.0,0.0
2017-02-16 00:00:00+09:00,1044.144798170799,1055.5745866890886,1038.7660741621924,1044.817138671875,7500,0.0,0.0
2017-02-17 00:00:00+09:00,1039.438558675392,1048.851326994574,1039.438558675392,1045.4896240234375,800,0.0,0.0
2017-02-20 00:00:00+09:00,1046.1615522376046,1046.1615522376046,1041.455169933194,1044.14453125,3300,0.0,0.0
2017-02-21 00:00:00+09:00,1040.782889845794,1040.782889845794,1007.165871439922,1028.0084228515625,8700,0.0,0.0
2017-02-22 00:00:00+09:00,1025.319257774526,1062.297985104099,1025.319257774526,1037.42138671875,5600,0.0,0.0
2017-02-23 00:00:00+09:00,1032.7150113784135,1044.1447999158047,1028.6809683652166,1034.0596923828125,4000,0.0,0.0
2017-02-24 00:00:00+09:00,1041.4552231130292,1042.1275634765625,1038.765861658896,1042.1275634765625,400,0.0,0.0
2017-02-27 00:00:00+09:00,1044.816877957735,1045.489218291041,1028.6807099583878,1030.025390625,6000,0.0,0.0
2017-02-28 00:00:00+09:00,1038.7663849475337,1038.7663849475337,1015.2344603694343,1028.6812744140625,5300,0.0,0.0
2017-03-01 00:00:00+09:00,1028.6809765242783,1032.7150195694717,1021.9575714489563,1030.697998046875,13600,0.0,0.0
2017-03-02 00:00:00+09:00,1029.3531493351547,1040.110595703125,1028.6808089371566,1040.110595703125,2600,0.0,0.0
2017-03-03 00:00:00+09:00,1045.4892652942287,1045.4892652942287,1042.1275634765625,1042.1275634765625,700,0.0,0.0
2017-03-06 00:00:00+09:00,1062.298046434256,1062.298046434256,1042.8001708984375,1042.8001708984375,1800,0.0,0.0
2017-03-07 00:00:00+09:00,1044.1445999733892,1055.5743863220998,1042.7999192264822,1046.16162109375,4300,0.0,0.0
2017-03-08 00:00:00+09:00,1054.9024098812956,1054.9024098812956,1032.042829297507,1038.7662353515625,2800,0.0,0.0
2017-03-09 00:00:00+09:00,1058.263786291759,1061.62548828125,1056.9191054959626,1061.62548828125,2000,0.0,0.0
2017-03-10 00:00:00+09:00,1038.7659149071287,1042.1276168971194,1034.7318725191399,1040.110595703125,6400,0.0,0.0
2017-03-13 00:00:00+09:00,1038.7658842503054,1038.7658842503054,1032.04248046875,1032.04248046875,4200,0.0,0.0
2017-03-14 00:00:00+09:00,1030.02557325487,1035.404296875,1030.02557325487,1035.404296875,1300,0.0,0.0
2017-03-15 00:00:00+09:00,1031.3702541599025,1035.404296875,1023.3021687297078,1035.404296875,2600,0.0,0.0
2017-03-16 00:00:00+09:00,1026.66389540771,1027.3362358762154,1019.9404907226562,1019.9404907226562,10900,0.0,0.0
2017-03-17 00:00:00+09:00,1019.9406824666987,1021.9577042514054,1016.5789794921875,1016.5789794921875,3400,0.0,0.0
2017-03-21 00:00:00+09:00,1015.2341826370649,1023.974609375,1009.1831179723407,1023.974609375,4200,0.0,0.0
2017-03-22 00:00:00+09:00,1015.9065863616275,1023.9746730832288,1013.2172241210938,1013.2172241210938,4600,0.0,0.0
2017-03-23 00:00:00+09:00,1011.8723532974078,1012.5446937314925,1000.4425659179688,1000.4425659179688,8700,0.0,0.0
2017-03-24 00:00:00+09:00,1002.4595565591356,1005.1489182132178,1001.7872161456152,1003.1318969726562,10800,0.0,0.0
2017-03-27 00:00:00+09:00,1003.803980543124,1016.5784451314156,1003.131640301635,1015.2337646484375,2300,0.0,0.0
2017-03-28 00:00:00+09:00,1015.2340619682085,1024.646828105662,1009.1829980227026,1018.5957641601562,3300,0.0,0.0
2017-03-29 00:00:00+09:00,1028.1729455196496,1028.1729455196496,1008.3346119068286,1015.8594970703125,5500,26.0,0.0
2017-03-30 00:00:00+09:00,1015.8595565837028,1016.5436370931867,1009.7028319983469,1015.1754760742188,5000,0.0,0.0
2017-03-31 00:00:00+09:00,1015.175339479608,1019.2798219842426,1006.966374470339,1009.0186157226562,2800,0.0,0.0
2017-04-03 00:00:00+09:00,1009.7027728456438,1016.54357753972,1009.7027728456438,1015.8594970703125,2000,0.0,0.0
2017-04-04 00:00:00+09:00,1017.2276580091277,1020.6480603561657,1015.8594970703124,1015.8594970703125,3000,0.0,0.0
2017-04-05 00:00:00+09:00,1018.596043942657,1018.596043942657,1006.2825927734375,1006.2825927734375,1900,0.0,0.0
2017-04-06 00:00:00+09:00,1005.5983690668968,1006.2824495900716,992.6008391265764,996.705322265625,3000,0.0,0.0
2017-04-07 00:00:00+09:00,991.9168586043148,992.6009391964558,985.7601332750467,986.4442138671875,4800,0.0,0.0
2017-04-10 00:00:00+09:00,986.4441039197199,993.2849090786638,986.4441039197199,991.916748046875,1600,0.0,0.0
2017-04-11 00:00:00+09:00,985.7598876953126,987.8121289604659,985.7598876953126,985.7598876953125,2700,0.0,0.0
2017-04-12 00:00:00+09:00,983.7078785014502,983.7078785014502,978.9193144197325,980.2874755859375,5800,0.0,0.0
2017-04-13 00:00:00+09:00,978.2351211643285,984.3918457031249,974.8147186427749,984.391845703125,600,0.0,0.0
2017-04-14 00:00:00+09:00,975.4987189699766,1002.1778564453126,975.4987189699766,1002.1778564453125,1000,0.0,0.0
2017-04-17 00:00:00+09:00,995.3372802734375,995.3372802734375,995.3372802734375,995.3372802734375,100,0.0,0.0
2017-04-18 00:00:00+09:00,1010.3870722383505,1010.3870722383505,985.0760893860695,1004.2303466796875,3200,0.0,0.0
2017-04-19 00:00:00+09:00,1004.9142332396876,1004.9142332396876,999.4415893554688,999.4415893554688,3900,0.0,0.0
2017-04-20 00:00:00+09:00,1005.5983152793957,1005.5983152793957,995.3371079806263,1000.1256713867188,2000,0.0,0.0
2017-04-21 00:00:00+09:00,987.1280922629616,1002.8619426593913,972.0783223185505,978.2350463867188,9500,0.0,0.0
2017-04-24 00:00:00+09:00,989.1801886436923,1024.7523669351667,989.1801886436923,1019.2797241210938,12700,0.0,0.0
2017-04-25 00:00:00+09:00,991.9166163394326,998.0733401649877,978.9190882632607,987.8121337890625,9400,0.0,0.0
2017-04-26 00:00:00+09:00,987.8122482246786,988.4963287289893,978.9192016686392,984.391845703125,6800,0.0,0.0
2017-04-27 00:00:00+09:00,985.075927734375,998.7575378417969,981.6555252075195,985.075927734375,5300,0.0,0.0
2017-04-28 00:00:00+09:00,985.0758008220251,985.7598812392627,983.0235595703126,983.0235595703125,3100,0.0,0.0
2017-05-01 00:00:00+09:00,983.7077026367188,984.3917830975231,983.0236221759143,983.7077026367188,3000,0.0,0.0
2017-05-02 00:00:00+09:00,983.7077667236329,991.9167327880859,978.9192031860351,985.075927734375,4200,0.0,0.0
2017-05-08 00:00:00+09:00,1005.598470447133,1005.598470447133,984.3919720907649,986.4442138671875,10500,0.0,0.0
2017-05-09 00:00:00+09:00,986.4439681170303,991.9166114907725,985.7598876953126,985.7598876953125,17100,0.0,0.0
2017-05-10 00:00:00+09:00,985.7599084321538,994.6529541015625,985.7599084321538,994.6529541015625,1100,0.0,0.0
2017-05-11 00:00:00+09:00,991.9166243759166,991.9166243759166,985.7599005004798,991.2325439453125,11900,0.0,0.0
2017-05-12 00:00:00+09:00,983.0237231736772,985.0759647669416,974.1306762695311,974.1306762695312,12700,0.0,0.0
2017-05-15 00:00:00+09:00,974.1305462418516,991.2325572362661,969.3419831634155,970.7101440429688,12500,0.0,0.0
2017-05-16 00:00:00+09:00,980.2872379013625,996.0210874978254,973.4464337289874,983.0235595703125,1900,0.0,0.0
2017-05-17 00:00:00+09:00,987.8121481552176,993.9688720703124,973.4464590199963,993.9688720703125,500,0.0,0.0
2017-05-18 00:00:00+09:00,985.075927734375,985.075927734375,974.1306396484375,985.075927734375,2700,0.0,0.0
2017-05-19 00:00:00+09:00,996.7052665995008,996.7052665995008,972.0783691406249,972.078369140625,2200,0.0,0.0
2017-05-22 00:00:00+09:00,976.1827553979374,984.3917204047876,972.7623533117498,983.0235595703125,2500,0.0,0.0
2017-05-23 00:00:00+09:00,978.9190576171875,978.9190576171875,971.3941731770833,974.8145751953125,3100,0.0,0.0
2017-05-24 00:00:00+09:00,975.4985776867546,975.4985776867546,967.9736938476562,967.9736938476562,12200,0.0,0.0
2017-05-25 00:00:00+09:00,970.0261810647565,970.0261810647565,967.9739394969185,968.6580200195312,6600,0.0,0.0
2017-05-26 00:00:00+09:00,972.7625001208618,974.1306611618194,966.6057754365526,967.2898559570312,6500,0.0,0.0
2017-05-29 00:00:00+09:00,985.7601515037817,985.7601515037817,965.9218139648436,965.9218139648438,5000,0.0,0.0
2017-05-30 00:00:00+09:00,974.1305205261104,985.7598876953126,970.0260379958038,985.7598876953125,1100,0.0,0.0
2017-05-31 00:00:00+09:00,972.7623258348922,972.7623258348922,969.3419238453181,971.3941650390625,2400,0.0,0.0
2017-06-01 00:00:00+09:00,967.973746658217,971.3941485898715,963.8692643402317,964.5533447265625,10100,0.0,0.0
2017-06-02 00:00:00+09:00,970.0261780389466,970.7102585594254,963.1853728341584,967.2898559570312,3700,0.0,0.0
2017-06-05 00:00:00+09:00,967.2898514150812,970.0261734841479,961.1331267596811,965.2376098632812,4700,0.0,0.0
2017-06-06 00:00:00+09:00,970.025934894683,970.025934894683,963.1851314045936,967.9736938476562,2600,0.0,0.0
2017-06-07 00:00:00+09:00,976.8669089782628,976.8669089782628,961.817138671875,961.817138671875,3200,0.0,0.0
2017-06-08 00:00:00+09:00,962.5012049746667,964.5534463498792,955.660400390625,955.660400390625,16500,0.0,0.0
2017-06-09 00:00:00+09:00,956.3443719069728,963.1851757117438,955.6602915264958,961.1329345703125,1700,0.0,0.0
2017-06-12 00:00:00+09:00,961.1330503672042,961.1330503672042,958.396728515625,958.396728515625,700,0.0,0.0
2017-06-13 00:00:00+09:00,958.3967910744834,959.764952089579,957.7127105669356,959.0808715820312,1900,0.0,0.0
2017-06-14 00:00:00+09:00,963.1853484889127,963.1853484889127,956.3445434570312,956.3445434570312,3300,0.0,0.0
2017-06-15 00:00:00+09:00,956.3443636648996,957.7125244140625,956.3443636648996,957.7125244140625,500,0.0,0.0
2017-06-16 00:00:00+09:00,960.4488459123884,960.4488459123884,956.3443636648996,957.7125244140625,2500,0.0,0.0
2017-06-19 00:00:00+09:00,954.2921225411551,965.9214889090401,954.2921225411551,957.7125244140625,8000,0.0,0.0
2017-06-20 00:00:00+09:00,957.7125244140625,961.8170066615513,956.3443636648996,957.7125244140625,10600,0.0,0.0
2017-06-21 00:00:00+09:00,957.7128467073521,965.9218139648436,954.2924436833972,965.9218139648438,4200,0.0,0.0
2017-06-22 00:00:00+09:00,964.5534652374246,964.5534652374246,957.7126605194286,963.869384765625,2100,0.0,0.0
2017-06-23 00:00:00+09:00,964.5534652374246,964.5534652374246,955.6604191040299,963.869384765625,9200,0.0,0.0
2017-06-26 00:00:00+09:00,964.5534652374246,964.5534652374246,954.2922581604306,963.869384765625,13900,0.0,0.0
2017-06-27 00:00:00+09:00,963.1849975585938,964.5531580664895,957.7123555270108,963.1849975585938,2600,0.0,0.0
2017-06-28 00:00:00+09:00,956.3443636648996,957.7125244140625,954.2921225411551,957.7125244140625,8400,0.0,0.0
2017-06-29 00:00:00+09:00,957.7126480527302,958.396728515625,957.7126480527302,958.396728515625,2300,0.0,0.0
2017-06-30 00:00:00+09:00,958.3967910744834,959.0808715820312,957.7127105669356,959.0808715820312,4500,0.0,0.0
2017-07-03 00:00:00+09:00,963.1851674107143,963.1851674107143,957.028444039481,957.7125244140625,6100,0.0,0.0
2017-07-04 00:00:00+09:00,957.7125244140625,961.8170066615513,955.660283290318,957.7125244140625,4200,0.0,0.0
2017-07-05 00:00:00+09:00,957.7125161010305,957.7125161010305,953.608033889169,954.2921142578125,5400,0.0,0.0
2017-07-06 00:00:00+09:00,953.6081013328438,957.0285034179688,953.6081013328438,957.0285034179688,6200,0.0,0.0
2017-07-07 00:00:00+09:00,957.0285034179688,957.0285034179688,957.0285034179688,957.0285034179688,2400,0.0,0.0
2017-07-10 00:00:00+09:00,957.0286178260486,957.0286178260486,953.6082153320312,953.6082153320312,4100,0.0,0.0
2017-07-11 00:00:00+09:00,957.0286178260486,957.0286178260486,953.6082153320312,953.6082153320312,2300,0.0,0.0
2017-07-12 00:00:00+09:00,957.0285034179688,957.7125838349938,955.6603425839188,957.0285034179688,6700,0.0,0.0
2017-07-13 00:00:00+09:00,957.0285613074333,957.0285613074333,955.660400390625,955.660400390625,4200,0.0,0.0
2017-07-14 00:00:00+09:00,957.0285613074333,957.0285613074333,955.660400390625,955.660400390625,700,0.0,0.0
2017-07-17 00:00:00+09:00,955.660400390625,955.660400390625,955.660400390625,955.660400390625,0,0.0,0.0
2017-07-18 00:00:00+09:00,949.5037384251498,956.3445434570312,948.1355774187736,956.3445434570312,6300,0.0,0.0
2017-07-19 00:00:00+09:00,956.3444230009438,957.0285034179688,955.6603425839188,957.0285034179688,5100,0.0,0.0
2017-07-20 00:00:00+09:00,955.6602749950997,955.6602749950997,954.2921142578125,954.2921142578125,2000,0.0,0.0
2017-07-21 00:00:00+09:00,954.2923019474669,957.0286239602194,954.2923019474669,956.3445434570312,2400,0.0,0.0
2017-07-24 00:00:00+09:00,957.0285613074333,957.0285613074333,954.9763199322208,955.660400390625,2400,0.0,0.0
2017-07-25 00:00:00+09:00,957.7126417658375,957.7126417658375,955.660400390625,955.660400390625,4400,0.0,0.0
2017-07-26 00:00:00+09:00,965.2375268082834,965.2375268082834,955.660400390625,955.660400390625,2600,0.0,0.0
2017-07-27 00:00:00+09:00,955.6602915264958,961.1329345703125,954.9762111460187,961.1329345703125,800,0.0,0.0
2017-07-28 00:00:00+09:00,960.4488459123884,960.4488459123884,957.7125244140625,957.7125244140625,1200,0.0,0.0
2017-07-31 00:00:00+09:00,957.7125244140625,957.7125244140625,954.9762029157366,957.7125244140625,6000,0.0,0.0
2017-08-01 00:00:00+09:00,957.7124942056349,957.7124942056349,912.5631909073693,945.3990478515625,17100,0.0,0.0
2017-08-02 00:00:00+09:00,946.083335909209,956.3445434570312,935.8221283613868,956.3445434570312,5800,0.0,0.0
2017-08-03 00:00:00+09:00,956.3445342491414,956.3445342491414,946.7674072967179,952.2400512695312,600,0.0,0.0
2017-08-04 00:00:00+09:00,946.0833268001162,952.2400512695314,944.0310853103113,952.2400512695312,3500,0.0,0.0
2017-08-07 00:00:00+09:00,950.8717569840084,954.2921589875479,947.4513549804688,947.4513549804688,1200,0.0,0.0
2017-08-08 00:00:00+09:00,950.8718856690683,954.2922881355038,949.5037246824942,950.1878051757812,3800,0.0,0.0
2017-08-09 00:00:00+09:00,950.1878051757812,952.9241271489296,950.1878051757812,950.1878051757812,2500,0.0,0.0
2017-08-10 00:00:00+09:00,950.1878051757812,953.6082076422167,950.1878051757812,950.1878051757812,1000,0.0,0.0
2017-08-11 00:00:00+09:00,950.1878051757812,950.1878051757812,950.1878051757812,950.1878051757812,0,0.0,0.0
2017-08-14 00:00:00+09:00,950.8715209960938,950.8715209960938,945.3988791486341,950.8715209960938,1900,0.0,0.0
2017-08-15 00:00:00+09:00,953.6078419198235,953.6078419198235,950.1874407651612,950.8715209960938,6200,0.0,0.0
2017-08-16 00:00:00+09:00,946.083381498925,952.92418686045,945.3993009627725,949.5037841796875,3300,0.0,0.0
2017-08-17 00:00:00+09:00,952.9237616888911,952.9237616888911,950.8715209960938,950.8715209960938,600,0.0,0.0
2017-08-18 00:00:00+09:00,950.8717553463973,952.9239965449867,946.7672729492186,946.7672729492188,1900,0.0,0.0
2017-08-21 00:00:00+09:00,946.7672713163188,952.2399145031183,946.0831909179688,946.0831909179688,4900,0.0,0.0
2017-08-22 00:00:00+09:00,946.0831909179688,946.0831909179688,946.0831909179688,946.0831909179688,0,0.0,0.0
2017-08-23 00:00:00+09:00,946.0831941790528,950.8717569840084,944.715033377637,947.4513549804688,3500,0.0,0.0
2017-08-24 00:00:00+09:00,949.5037246824942,950.8718856690683,949.5037246824942,950.1878051757812,900,0.0,0.0
2017-08-25 00:00:00+09:00,949.5035299695866,949.5035299695866,944.7149674985584,945.3990478515625,900,0.0,0.0
2017-08-28 00:00:00+09:00,947.4513582368506,948.8195190429688,944.0309562215551,948.8195190429688,4600,0.0,0.0
2017-08-29 00:00:00+09:00,944.0309529769291,947.4513549804688,944.0309529769291,947.4513549804688,2300,0.0,0.0
2017-08-30 00:00:00+09:00,945.399229410159,945.399229410159,944.0310684414034,944.7151489257812,900,0.0,0.0
2017-08-31 00:00:00+09:00,946.7672729492186,946.7672729492186,946.7672729492186,946.7672729492188,400,0.0,0.0
2017-09-01 00:00:00+09:00,946.7672778337915,948.8195190429688,944.0309562215551,948.8195190429688,2600,0.0,0.0
2017-09-04 00:00:00+09:00,944.0309562215551,948.8195190429688,944.0309562215551,948.8195190429688,1700,0.0,0.0
2017-09-05 00:00:00+09:00,947.4514708632926,948.1355513476703,944.7151489257812,944.7151489257812,12800,0.0,0.0
2017-09-06 00:00:00+09:00,944.715033377637,947.4513549804688,942.6627921755132,947.4513549804688,3500,0.0,0.0
2017-09-07 00:00:00+09:00,945.3990478515624,945.3990478515624,945.3990478515624,945.3990478515625,100,0.0,0.0
2017-09-08 00:00:00+09:00,946.0833098945369,946.0833098945369,944.0310684414034,944.7151489257812,1600,0.0,0.0
2017-09-11 00:00:00+09:00,934.4538733903751,944.7150799063749,934.4538733903751,941.294677734375,4300,0.0,0.0
2017-09-12 00:00:00+09:00,941.294802816582,945.3992859683984,937.1903196647655,942.6629638671875,7200,0.0,0.0
2017-09-13 00:00:00+09:00,946.7672647610361,949.50358633549,943.3468627929688,943.3468627929688,900,0.0,0.0
2017-09-14 00:00:00+09:00,944.0309994719748,950.1877233815748,940.610597299975,941.294677734375,3700,0.0,0.0
2017-09-15 00:00:00+09:00,941.2947309787563,943.3469723980414,937.8743286132811,937.8743286132812,2400,0.0,0.0
2017-09-18 00:00:00+09:00,937.8743286132811,937.8743286132811,937.8743286132811,937.8743286132812,0,0.0,0.0
2017-09-19 00:00:00+09:00,939.926516865575,946.7673212095748,939.926516865575,941.294677734375,2700,0.0,0.0
2017-09-20 00:00:00+09:00,940.6106036642324,944.7150862984035,940.6106036642324,944.031005859375,500,0.0,0.0
2017-09-21 00:00:00+09:00,940.6105493534507,946.7672729492186,940.6105493534507,946.7672729492188,500,0.0,0.0
2017-09-22 00:00:00+09:00,941.9787645422895,944.0310058593751,941.9787645422895,944.031005859375,1400,0.0,0.0
2017-09-25 00:00:00+09:00,943.3468627929688,943.3468627929688,939.9264608249015,943.3468627929688,5400,0.0,0.0
2017-09-26 00:00:00+09:00,944.0309529769291,947.4513549804688,941.2946313740974,947.4513549804688,2200,0.0,0.0
2017-09-27 00:00:00+09:00,948.1483154296875,950.9349379585036,948.1483154296875,948.1483154296875,5800,25.0,0.0
2017-09-28 00:00:00+09:00,947.4512329101562,948.1478882284725,947.4512329101562,947.4512329101562,7700,0.0,0.0
2017-09-29 00:00:00+09:00,941.8782948181693,946.7548836227012,941.8782948181693,944.6649169921875,7000,0.0,0.0
2017-10-02 00:00:00+09:00,941.8782961695041,944.6649183475204,941.181640625,941.181640625,3300,0.0,0.0
2017-10-03 00:00:00+09:00,938.3948954833625,948.1480718284012,937.6982400301455,946.05810546875,3600,0.0,0.0
2017-10-04 00:00:00+09:00,946.0583478181745,953.0249041349505,946.0583478181745,949.5416259765625,2300,0.0,0.0
2017-10-05 00:00:00+09:00,951.6314107154167,952.3280662137441,943.9682002338137,945.3615112304688,2100,0.0,0.0
2017-10-06 00:00:00+09:00,946.7548871754003,946.7548871754003,935.6083984375001,935.6083984375,6600,0.0,0.0
2017-10-09 00:00:00+09:00,935.6083984375001,935.6083984375001,935.6083984375001,935.6083984375,0,0.0,0.0
2017-10-10 00:00:00+09:00,943.9682630750868,947.4515407986112,937.698363172743,940.4849853515625,3600,0.0,0.0
2017-10-11 00:00:00+09:00,937.6983623631513,943.2716067159784,930.7318069221175,942.574951171875,4200,0.0,0.0
2017-10-12 00:00:00+09:00,942.5746456819422,947.4512329101562,940.4846797269934,947.4512329101562,4100,0.0,0.0
2017-10-13 00:00:00+09:00,947.4512329101562,947.4512329101562,937.6980584537282,947.4512329101562,1800,0.0,0.0
2017-10-16 00:00:00+09:00,947.4514761558377,950.2380981445312,940.4849211841035,950.2380981445312,3300,0.0,0.0
2017-10-17 00:00:00+09:00,940.4851059793898,956.5081855627424,940.4851059793898,943.271728515625,4100,0.0,0.0
2017-10-18 00:00:00+09:00,943.271728515625,943.271728515625,943.271728515625,943.271728515625,0,0.0,0.0
2017-10-19 00:00:00+09:00,954.4179683941098,955.8112792968749,950.934691137197,955.811279296875,1000,0.0,0.0
2017-10-20 00:00:00+09:00,953.0245364010989,955.1145024896978,949.5412595867674,950.9345703125,3600,0.0,0.0
2017-10-23 00:00:00+09:00,950.9349372399176,950.9349372399176,941.1817583964313,949.5416259765625,1800,0.0,0.0
2017-10-24 00:00:00+09:00,949.5411988651051,949.5411988651051,944.6646116368911,947.4512329101562,1700,0.0,0.0
2017-10-25 00:00:00+09:00,947.4512934981685,956.5078132154304,947.4512934981685,950.9345703125,6400,0.0,0.0
2017-10-26 00:00:00+09:00,952.3278201835133,953.0244755018625,946.7545776367188,946.7545776367188,1300,0.0,0.0
2017-10-27 00:00:00+09:00,953.7213756303984,953.7213756303984,949.5414426473578,950.2380981445312,900,0.0,0.0
2017-10-30 00:00:00+09:00,950.9348177011155,950.9348177011155,942.574951171875,942.574951171875,2800,0.0,0.0
2017-10-31 00:00:00+09:00,944.6647325462687,951.6312866210938,944.6647325462687,951.6312866210938,2100,0.0,0.0
2017-11-01 00:00:00+09:00,951.6315928715952,951.6315928715952,947.4516590815297,949.5416259765625,1400,0.0,0.0
2017-11-02 00:00:00+09:00,948.8447871501844,950.2380981445312,947.4514761558377,950.2380981445312,9600,0.0,0.0
2017-11-03 00:00:00+09:00,950.2380981445312,950.2380981445312,950.2380981445312,950.2380981445312,0,0.0,0.0
2017-11-06 00:00:00+09:00,945.3615725356921,946.7548836227012,944.6649169921875,944.6649169921875,1600,0.0,0.0
2017-11-07 00:00:00+09:00,944.6649169921875,944.6649169921875,944.6649169921875,944.6649169921875,0,0.0,0.0
2017-11-08 00:00:00+09:00,944.6649169921875,950.238161340224,943.2716059051784,944.6649169921875,3500,0.0,0.0
2017-11-09 00:00:00+09:00,943.9683841496839,950.9349404902719,943.271728515625,943.271728515625,4400,0.0,0.0
2017-11-10 00:00:00+09:00,943.9683816364633,948.8449710618914,943.9683816364633,948.1483154296875,3200,0.0,0.0
2017-11-13 00:00:00+09:00,950.2380981445312,950.2380981445312,949.5414426473578,950.2380981445312,4000,0.0,0.0
2017-11-14 00:00:00+09:00,950.2380981445312,950.2380981445312,950.2380981445312,950.2380981445312,0,0.0,0.0
2017-11-15 00:00:00+09:00,950.2382848562131,950.2382848562131,940.4851059793898,943.271728515625,2700,0.0,0.0
2017-11-16 00:00:00+09:00,947.4512934981685,950.9345703125,947.4512934981685,950.9345703125,3000,0.0,0.0
2017-11-17 00:00:00+09:00,950.9345703125,950.9345703125,950.9345703125,950.9345703125,0,0.0,0.0
2017-11-20 00:00:00+09:00,950.9345703125,950.9345703125,950.9345703125,950.9345703125,0,0.0,0.0
2017-11-21 00:00:00+09:00,953.7213745117188,953.7213745117188,949.5414415335812,953.7213745117188,600,0.0,0.0
2017-11-22 00:00:00+09:00,947.4514752661275,953.7213747348004,947.4514752661275,953.0247192382812,2800,0.0,0.0
2017-11-23 00:00:00+09:00,953.0247192382812,953.0247192382812,953.0247192382812,953.0247192382812,0,0.0,0.0
2017-11-24 00:00:00+09:00,953.0249048551157,953.0249048551157,947.4516597974834,948.1483154296875,3100,0.0,0.0
2017-11-27 00:00:00+09:00,948.1483154296875,948.1483154296875,948.1483154296875,948.1483154296875,0,0.0,0.0
2017-11-28 00:00:00+09:00,947.4516597974834,950.9349379585036,947.4516597974834,948.1483154296875,1400,0.0,0.0
2017-11-29 00:00:00+09:00,948.1478882284725,951.631164820054,947.4512329101562,947.4512329101562,1600,0.0,0.0
2017-11-30 00:00:00+09:00,950.238161340224,950.238161340224,944.6649169921875,944.6649169921875,1100,0.0,0.0
2017-12-01 00:00:00+09:00,944.6649169921875,944.6649169921875,944.6649169921875,944.6649169921875,0,0.0,0.0
2017-12-04 00:00:00+09:00,950.9345703125,951.6312256753663,947.4512934981685,950.9345703125,1100,0.0,0.0
2017-12-05 00:00:00+09:00,953.0247190153625,954.418030008075,953.0247190153625,953.7213745117188,1100,0.0,0.0
2017-12-06 00:00:00+09:00,953.02478515625,953.02478515625,940.4849853515625,940.4849853515625,4200,0.0,0.0
2017-12-07 00:00:00+09:00,950.9349372399176,950.9349372399176,947.4516590815297,949.5416259765625,800,0.0,0.0
2017-12-08 00:00:00+09:00,947.4516590815297,951.6315928715952,940.4851027647537,949.5416259765625,1700,0.0,0.0
2017-12-11 00:00:00+09:00,949.5416259765625,949.5416259765625,949.5416259765625,949.5416259765625,0,0.0,0.0
2017-12-12 00:00:00+09:00,948.1480085214673,957.2045288085938,948.1480085214673,957.2045288085938,3300,0.0,0.0
2017-12-13 00:00:00+09:00,957.2045288085938,957.2045288085938,957.2045288085938,957.2045288085938,0,0.0,0.0
2017-12-14 00:00:00+09:00,954.4180311275717,955.8113421219185,950.2380981445312,950.2380981445312,1900,0.0,0.0
2017-12-15 00:00:00+09:00,951.6313469434307,955.8112796532847,951.6313469434307,954.41796875,1200,0.0,0.0
2017-12-18 00:00:00+09:00,954.4180892234625,958.5980224609375,947.4515338276708,958.5980224609375,6300,0.0,0.0
2017-12-19 00:00:00+09:00,957.9013102003645,957.9013102003645,945.3615112304689,945.3615112304688,7100,0.0,0.0
2017-12-20 00:00:00+09:00,955.1146882070543,955.1146882070543,943.2715447354861,945.3615112304688,4700,0.0,0.0
2017-12-21 00:00:00+09:00,946.0579222735237,948.1478882284725,941.8779903636259,947.4512329101562,2400,0.0,0.0
2017-12-22 00:00:00+09:00,944.6646720467033,959.991090029762,943.2713613209706,950.9345703125,10000,0.0,0.0
2017-12-25 00:00:00+09:00,959.2944346668957,959.2944346668957,948.8446042239011,950.9345703125,2300,0.0,0.0
2017-12-26 00:00:00+09:00,950.9348115255666,959.2946780005167,946.7548782880916,958.5980224609375,21600,0.0,0.0
2017-12-27 00:00:00+09:00,959.2946772032496,963.4746104372507,955.8113995082488,960.68798828125,6100,0.0,0.0
2017-12-28 00:00:00+09:00,960.68798828125,960.68798828125,960.68798828125,960.68798828125,0,0.0,0.0
2017-12-29 00:00:00+09:00,960.6879250490039,967.6544799804688,958.5979585695644,967.6544799804688,3700,0.0,0.0
2018-01-01 00:00:00+09:00,967.6544799804688,967.6544799804688,967.6544799804688,967.6544799804688,0,0.0,0.0
2018-01-02 00:00:00+09:00,967.6544799804688,967.6544799804688,967.6544799804688,967.6544799804688,0,0.0,0.0
2018-01-03 00:00:00+09:00,967.6544799804688,967.6544799804688,967.6544799804688,967.6544799804688,0,0.0,0.0
2018-01-04 00:00:00+09:00,970.4409163261608,985.7673342437313,969.0476056063818,983.6773681640625,17500,0.0,0.0
2018-01-05 00:00:00+09:00,990.6439217629583,992.7338878426269,973.9241931256087,983.6773681640625,6900,0.0,0.0
2018-01-08 00:00:00+09:00,983.6773681640626,983.6773681640626,983.6773681640626,983.6773681640625,0,0.0,0.0
2018-01-09 00:00:00+09:00,985.0708006087124,992.0373550684628,983.6774897167624,985.7674560546875,8900,0.0,0.0
2018-01-10 00:00:00+09:00,986.4641121932583,987.8574230861866,982.9808349609374,982.9808349609375,1800,0.0,0.0
2018-01-11 00:00:00+09:00,982.9808349609374,982.9808349609374,982.9808349609374,982.9808349609375,0,0.0,0.0
2018-01-12 00:00:00+09:00,982.9810811867493,988.5543261544984,978.8011474609375,978.8011474609375,3500,0.0,0.0
2018-01-15 00:00:00+09:00,978.8011474609375,978.8011474609375,978.8011474609375,978.8011474609375,0,0.0,0.0
2018-01-16 00:00:00+09:00,991.3408828541657,991.3408828541657,982.9810159572929,987.8576049804688,1200,0.0,0.0
2018-01-17 00:00:00+09:00,987.857546023105,987.857546023105,978.8010240920047,982.2843017578125,2500,0.0,0.0
2018-01-18 00:00:00+09:00,983.6777368077179,985.0710480496552,978.8011474609375,978.8011474609375,2500,0.0,0.0
2018-01-19 00:00:00+09:00,976.71087659554,982.2841198286101,976.0142211914062,976.0142211914062,4400,0.0,0.0
2018-01-22 00:00:00+09:00,975.3175659179689,978.8008429391044,974.6209105137417,975.3175659179688,2700,0.0,0.0
2018-01-23 00:00:00+09:00,975.3177508636934,976.0144064000247,970.441162109375,970.441162109375,4100,0.0,0.0
2018-01-24 00:00:00+09:00,969.0477328731436,973.9243210328216,955.8112792968749,955.811279296875,6200,0.0,0.0
2018-01-25 00:00:00+09:00,955.8114003026209,965.5645778567292,955.8114003026209,958.5980224609375,2800,0.0,0.0
2018-01-26 00:00:00+09:00,964.8677361577535,973.9242564249381,958.597837511241,968.3510131835938,8300,0.0,0.0
2018-01-29 00:00:00+09:00,968.351259486708,968.351259486708,963.4746704101562,963.4746704101562,2700,0.0,0.0
2018-01-30 00:00:00+09:00,964.8678566990787,973.9243780976983,964.1712012068773,971.8344116210938,5700,0.0,0.0
2018-01-31 00:00:00+09:00,965.5642698001382,973.9241336079315,964.1709591655059,969.0475463867188,4500,0.0,0.0
2018-02-01 00:00:00+09:00,971.1378147744725,978.1043701171875,967.654537103115,978.1043701171875,5300,0.0,0.0
2018-02-02 00:00:00+09:00,977.4076553388448,977.4076553388448,972.5310668945312,972.5310668945312,2500,0.0,0.0
2018-02-05 00:00:00+09:00,968.351259486708,968.351259486708,962.0813592454272,963.4746704101562,10500,0.0,0.0
2018-02-06 00:00:00+09:00,954.4182245685024,954.4182245685024,928.6419659487691,932.125244140625,14600,0.0,0.0
2018-02-07 00:00:00+09:00,952.3280020399621,955.8112792968749,952.3280020399621,955.811279296875,500,0.0,0.0
2018-02-08 00:00:00+09:00,953.7211929411577,953.7211929411577,941.1813963940863,941.8780517578125,2400,0.0,0.0
2018-02-09 00:00:00+09:00,941.8780517578124,941.8780517578124,941.8780517578124,941.8780517578125,0,0.0,0.0
2018-02-12 00:00:00+09:00,941.8780517578124,941.8780517578124,941.8780517578124,941.8780517578125,0,0.0,0.0
2018-02-13 00:00:00+09:00,954.4182161195238,954.4182161195238,948.1483154296875,948.1483154296875,1600,0.0,0.0
2018-02-14 00:00:00+09:00,948.1483154296875,948.1483154296875,948.1483154296875,948.1483154296875,0,0.0,0.0
2018-02-15 00:00:00+09:00,953.0248391335227,957.9014282226562,953.0248391335227,957.9014282226562,900,0.0,0.0
2018-02-16 00:00:00+09:00,960.6879294752813,971.1377619206252,953.7213745117188,953.7213745117188,1900,0.0,0.0
2018-02-19 00:00:00+09:00,965.5644556162308,966.2611110676133,950.934691137197,955.811279296875,3000,0.0,0.0
2018-02-20 00:00:00+09:00,954.4179050802327,968.3510131835938,951.6312834595604,968.3510131835938,3600,0.0,0.0
2018-02-21 00:00:00+09:00,964.8678001648483,964.8678001648483,950.934691137197,955.811279296875,6100,0.0,0.0
2018-02-22 00:00:00+09:00,951.6312256753663,954.4178471268315,950.2379149496337,950.9345703125,3600,0.0,0.0
2018-02-23 00:00:00+09:00,953.7213745117188,953.7213745117188,950.9347525262937,953.7213745117188,1500,0.0,0.0
2018-02-26 00:00:00+09:00,946.7548195481561,954.418030008075,946.7548195481561,953.7213745117188,23700,0.0,0.0
2018-02-27 00:00:00+09:00,953.7212517750836,957.2045288085938,953.7212517750836,957.2045288085938,2500,0.0,0.0
2018-02-28 00:00:00+09:00,959.2946772032496,968.351199210252,959.2946772032496,960.68798828125,1100,0.0,0.0
2018-03-01 00:00:00+09:00,954.41796875,954.41796875,948.8447251368614,954.41796875,2300,0.0,0.0
2018-03-02 00:00:00+09:00,954.41796875,954.41796875,954.41796875,954.41796875,0,0.0,0.0
2018-03-05 00:00:00+09:00,957.9014282226562,957.9014282226562,957.9014282226562,957.9014282226562,100,0.0,0.0
2018-03-06 00:00:00+09:00,957.9014282226562,957.9014282226562,957.9014282226562,957.9014282226562,0,0.0,0.0
2018-03-07 00:00:00+09:00,955.1146240234375,955.1146240234375,955.1146240234375,955.1146240234375,100,0.0,0.0
2018-03-08 00:00:00+09:00,955.1146240234375,955.1146240234375,955.1146240234375,955.1146240234375,0,0.0,0.0
2018-03-09 00:00:00+09:00,950.9346914917884,954.41796875,949.5413805885037,954.41796875,1300,0.0,0.0
2018-03-12 00:00:00+09:00,954.41796875,955.8112796532847,954.41796875,954.41796875,3400,0.0,0.0
2018-03-13 00:00:00+09:00,955.1146240234375,955.8112794749499,948.1480695083139,955.1146240234375,1800,0.0,0.0
2018-03-14 00:00:00+09:00,955.1146240234375,955.1146240234375,954.4179685719251,955.1146240234375,2500,0.0,0.0
2018-03-15 00:00:00+09:00,948.148069685219,955.8112796532847,948.148069685219,954.41796875,8400,0.0,0.0
2018-03-16 00:00:00+09:00,957.20459019964,957.20459019964,955.8112792968749,955.811279296875,300,0.0,0.0
2018-03-19 00:00:00+09:00,957.90149683086,959.2948080989776,941.8784172475074,943.271728515625,13000,0.0,0.0
2018-03-20 00:00:00+09:00,941.1813963940863,946.7546393038958,939.0914303029077,941.8780517578125,5800,0.0,0.0
2018-03-21 00:00:00+09:00,941.8780517578124,941.8780517578124,941.8780517578124,941.8780517578125,0,0.0,0.0
2018-03-22 00:00:00+09:00,933.518309458581,938.3948976423198,932.1249985489413,937.6982421875,18400,0.0,0.0
2018-03-23 00:00:00+09:00,930.7318077256945,940.4849853515625,930.7318077256945,940.4849853515625,3000,0.0,0.0
2018-03-26 00:00:00+09:00,940.4848618430136,946.05810546875,937.0015845769284,946.05810546875,3700,0.0,0.0
2018-03-27 00:00:00+09:00,950.9344482421875,959.2943115234375,946.057861328125,959.2943115234375,10400,0.0,0.0
2018-03-28 00:00:00+09:00,947.2323669433594,957.8754272460938,947.2323669433594,957.8754272460938,1700,25.0,0.0
2018-03-29 00:00:00+09:00,957.8753231006041,957.8753231006041,952.1990248896376,954.32763671875,1100,0.0,0.0
2018-03-30 00:00:00+09:00,960.7135766601563,960.7135766601563,957.8754272460938,957.8754272460938,800,0.0,0.0
2018-04-02 00:00:00+09:00,962.8421887207031,964.2612634277343,957.1658898925781,957.8754272460938,3400,0.0,0.0
2018-04-03 00:00:00+09:00,957.8752370981069,959.2943115234374,957.8752370981069,959.2943115234375,2800,0.0,0.0
2018-04-04 00:00:00+09:00,964.9708178459986,966.389892578125,963.5517431138721,966.389892578125,3500,0.0,0.0
2018-04-05 00:00:00+09:00,965.6803552120618,966.389892578125,961.4231310156824,966.389892578125,3200,0.0,0.0
2018-04-06 00:00:00+09:00,966.3899797840752,966.3899797840752,961.4232177734375,961.4232177734375,400,0.0,0.0
2018-04-09 00:00:00+09:00,961.4232215148836,961.4232215148836,943.6847856935758,960.7136840820312,4600,0.0,0.0
2018-04-10 00:00:00+09:00,961.4232177734375,965.6804423539842,961.4232177734375,961.4232177734375,3100,0.0,0.0
2018-04-11 00:00:00+09:00,964.9709695265789,964.9709695265789,943.6848451987868,949.3611450195312,4500,0.0,0.0
2018-04-12 00:00:00+09:00,957.1659969177697,961.4232215148836,950.7801600220989,960.7136840820312,800,0.0,0.0
2018-04-13 00:00:00+09:00,961.4232065821607,964.9708936913199,961.4232065821607,963.5518188476562,2700,0.0,0.0
2018-04-16 00:00:00+09:00,963.5517260742187,963.5517260742187,952.9086657714844,957.8754272460938,700,0.0,0.0
2018-04-17 00:00:00+09:00,957.8754272460938,957.8754272460938,952.9086657714844,957.8754272460938,700,0.0,0.0
2018-04-18 00:00:00+09:00,960.7136617323932,964.9708862304688,957.8755120670095,964.9708862304688,1500,0.0,0.0
2018-04-19 00:00:00+09:00,964.9708862304688,964.9708862304688,964.9708862304688,964.9708862304688,0,0.0,0.0
2018-04-20 00:00:00+09:00,962.8422814258244,963.5518188476561,957.8755194730014,963.5518188476562,700,0.0,0.0
2018-04-23 00:00:00+09:00,968.5185808004792,968.5185808004792,963.5518188476561,963.5518188476562,1600,0.0,0.0
2018-04-24 00:00:00+09:00,960.7136691603288,967.8090433786473,960.7136691603288,963.5518188476562,1000,0.0,0.0
2018-04-25 00:00:00+09:00,957.8753231006041,957.8753231006041,954.32763671875,954.32763671875,1700,0.0,0.0
2018-04-26 00:00:00+09:00,961.4229348044444,972.0659931233128,955.7466370343813,969.2278442382812,5300,0.0,0.0
2018-04-27 00:00:00+09:00,972.0662943898617,972.0662943898617,958.5850830078125,958.5850830078125,1500,0.0,0.0
2018-04-30 00:00:00+09:00,958.5850830078125,958.5850830078125,958.5850830078125,958.5850830078125,0,0.0,0.0
2018-05-01 00:00:00+09:00,955.0373624016257,964.9708862304688,952.199212736242,964.9708862304688,2900,0.0,0.0
2018-05-02 00:00:00+09:00,964.9709172834429,974.1949039927699,957.8755428916529,970.647216796875,2700,0.0,0.0
2018-05-03 00:00:00+09:00,970.6472167968749,970.6472167968749,970.6472167968749,970.647216796875,0,0.0,0.0
2018-05-04 00:00:00+09:00,970.6472167968749,970.6472167968749,970.6472167968749,970.647216796875,0,0.0,0.0
2018-05-07 00:00:00+09:00,963.5517928685897,972.7757791037087,963.5517928685897,968.5185546875,1400,0.0,0.0
2018-05-08 00:00:00+09:00,972.775829114412,972.775829114412,967.8090670401589,970.647216796875,2000,0.0,0.0
2018-05-09 00:00:00+09:00,971.3564453125001,971.3564453125001,968.5182964584095,971.3564453125,3500,0.0,0.0
2018-05-10 00:00:00+09:00,972.0659813514122,972.0659813514122,957.8752370981069,959.2943115234375,4100,0.0,0.0
2018-05-11 00:00:00+09:00,966.3899760288474,966.3899760288474,962.1327514648438,962.1327514648438,600,0.0,0.0
2018-05-14 00:00:00+09:00,962.1326513671875,962.1326513671875,955.7468151855468,957.8754272460938,2900,0.0,0.0
2018-05-15 00:00:00+09:00,957.8755643711402,957.8755643711402,955.0374145507811,955.0374145507812,1100,0.0,0.0
2018-05-16 00:00:00+09:00,954.3278770956914,955.0374145507811,954.3278770956914,955.0374145507812,900,0.0,0.0
2018-05-17 00:00:00+09:00,952.1992534979615,957.8755530717199,952.1992534979615,957.166015625,1200,0.0,0.0
2018-05-18 00:00:00+09:00,952.19925723656,957.8755568326051,952.19925723656,956.4564819335938,3400,0.0,0.0
2018-05-21 00:00:00+09:00,957.1658898925781,957.8754272460938,956.4563525390624,957.8754272460938,1300,0.0,0.0
2018-05-22 00:00:00+09:00,957.8754604262793,957.8754604262793,950.0705492672504,951.4896240234375,5600,0.0,0.0
2018-05-23 00:00:00+09:00,951.4896240234375,951.4896240234375,950.7800866453439,951.4896240234375,1900,0.0,0.0
2018-05-24 00:00:00+09:00,952.1994018554688,955.7470896418155,952.1994018554688,952.1994018554688,1000,0.0,0.0
2018-05-25 00:00:00+09:00,952.1992949299037,952.1992949299037,949.3611450195314,949.3611450195312,1500,0.0,0.0
2018-05-28 00:00:00+09:00,949.3611374584596,950.7802124023436,945.8134500987494,950.7802124023438,6900,0.0,0.0
2018-05-29 00:00:00+09:00,950.7802124023436,950.7802124023436,950.7802124023436,950.7802124023438,0,0.0,0.0
2018-05-30 00:00:00+09:00,945.1038818359374,950.7801814265437,944.3943443871117,945.1038818359375,1100,0.0,0.0
2018-05-31 00:00:00+09:00,945.1038818359374,947.2324941824147,940.8466571429827,945.1038818359375,3700,0.0,0.0
2018-06-01 00:00:00+09:00,945.1038096910112,947.232421875,945.1038096910112,947.232421875,800,0.0,0.0
2018-06-04 00:00:00+09:00,943.684860021102,947.2325474647904,935.17041015625,935.17041015625,6500,0.0,0.0
2018-06-05 00:00:00+09:00,941.5562395435169,941.5562395435169,923.8178024760053,925.2368774414062,7100,0.0,0.0
2018-06-06 00:00:00+09:00,922.398480528616,929.4938534557592,922.398480528616,925.9461669921875,5400,0.0,0.0
2018-06-07 00:00:00+09:00,927.3652990554413,927.3652990554413,925.9462243820587,926.65576171875,1900,0.0,0.0
2018-06-08 00:00:00+09:00,923.108150593513,929.4939871464273,923.108150593513,923.8176879882812,1500,0.0,0.0
2018-06-11 00:00:00+09:00,922.3985742639611,928.7844105473271,918.850887439869,919.5604248046875,6300,0.0,0.0
2018-06-12 00:00:00+09:00,919.5604248046874,920.2699621695059,918.1413500750506,919.5604248046875,2500,0.0,0.0
2018-06-13 00:00:00+09:00,919.5605926983174,922.3987426757812,918.8510552039513,922.3987426757812,2800,0.0,0.0
2018-06-14 00:00:00+09:00,922.3985742639611,922.3985742639611,918.850887439869,919.5604248046875,1700,0.0,0.0
2018-06-15 00:00:00+09:00,921.6892166078871,926.6559791300235,919.5606040984001,920.2701416015625,3600,0.0,0.0
2018-06-18 00:00:00+09:00,920.270064559521,920.270064559521,911.755615234375,911.755615234375,7700,0.0,0.0
2018-06-19 00:00:00+09:00,911.7556378541279,911.7556378541279,904.6602632404771,907.4984130859375,2100,0.0,0.0
2018-06-20 00:00:00+09:00,901.8220288913207,901.8220288913207,898.2743419169252,900.4029541015625,2000,0.0,0.0
2018-06-21 00:00:00+09:00,900.4030039085533,913.174677722859,900.4030039085533,902.5316162109375,5100,0.0,0.0
2018-06-22 00:00:00+09:00,886.9217729681925,894.7266845703126,886.9217729681925,894.7266845703125,38000,0.0,0.0
2018-06-25 00:00:00+09:00,899.6932983398436,907.498208656672,895.4360745306647,899.6932983398438,2800,0.0,0.0
2018-06-26 00:00:00+09:00,886.212142535833,904.6601134773315,886.212142535833,901.1124267578125,6200,0.0,0.0
2018-06-27 00:00:00+09:00,903.9507408471202,904.6602783203126,900.4030534811582,904.6602783203125,2000,0.0,0.0
2018-06-28 00:00:00+09:00,904.6602783203126,911.7556530522365,903.2412033739278,904.6602783203125,2800,0.0,0.0
2018-06-29 00:00:00+09:00,907.4983831137396,913.1746826171876,907.4983831137396,913.1746826171875,1300,0.0,0.0
2018-07-02 00:00:00+09:00,919.5605271157588,919.5605271157588,911.755615234375,911.755615234375,2100,0.0,0.0
2018-07-03 00:00:00+09:00,908.2078993055554,908.2078993055554,894.0171508789061,894.0171508789062,1600,0.0,0.0
2018-07-04 00:00:00+09:00,888.3408277343749,888.3408277343749,857.12118203125,886.9217529296875,18500,0.0,0.0
2018-07-05 00:00:00+09:00,886.9217715588919,901.1125199038341,883.3740844726564,883.3740844726562,3300,0.0,0.0
2018-07-06 00:00:00+09:00,879.8263789062499,894.7266643554686,879.8263789062499,886.9217529296875,9800,0.0,0.0
2018-07-09 00:00:00+09:00,881.9550281225756,918.8509745927075,881.9550281225756,914.59375,6600,0.0,0.0
2018-07-10 00:00:00+09:00,906.788773784774,906.788773784774,891.8884887695312,891.8884887695312,2000,0.0,0.0
2018-07-11 00:00:00+09:00,874.8596539897304,886.9217903383317,874.1501165574597,879.826416015625,20200,0.0,0.0
2018-07-12 00:00:00+09:00,874.1500833479283,886.921756643596,874.1500833479283,886.2122192382812,4100,0.0,0.0
2018-07-13 00:00:00+09:00,886.9216845820125,896.1456701016655,881.9549231483533,888.3407592773438,2700,0.0,0.0
2018-07-16 00:00:00+09:00,888.3407592773438,888.3407592773438,888.3407592773438,888.3407592773438,0,0.0,0.0
2018-07-17 00:00:00+09:00,879.8263973864207,886.9217715588919,879.8263973864207,883.3740844726562,5200,0.0,0.0
2018-07-18 00:00:00+09:00,883.3740844726564,886.9217715588919,880.5359348036678,883.3740844726562,5400,0.0,0.0
2018-07-19 00:00:00+09:00,883.3740659179687,886.9217529296875,883.3740659179687,886.9217529296875,3500,0.0,0.0
2018-07-20 00:00:00+09:00,886.9217952409114,891.1790198580678,886.9217952409114,890.469482421875,1500,0.0,0.0
2018-07-23 00:00:00+09:00,887.6312903320312,904.6601879882812,886.9217529296875,886.9217529296875,2200,0.0,0.0
2018-07-24 00:00:00+09:00,891.1790011935764,896.855300564236,891.1790011935764,894.0171508789062,1400,0.0,0.0
2018-07-25 00:00:00+09:00,895.4360853353509,898.9837718858079,895.4360853353509,897.564697265625,1200,0.0,0.0
2018-07-26 00:00:00+09:00,915.3032393940233,915.3032393940233,886.9217435988598,900.4029541015625,3900,0.0,0.0
2018-07-27 00:00:00+09:00,898.2742600675987,907.4982453605519,890.4693494350997,892.5979614257812,800,0.0,0.0
2018-07-30 00:00:00+09:00,901.8220601511263,906.7888220874424,901.8220601511263,906.0792846679688,700,0.0,0.0
2018-07-31 00:00:00+09:00,865.6356600210095,886.2122453821646,865.6356600210095,881.2454833984375,16900,0.0,0.0
2018-08-01 00:00:00+09:00,866.345139060507,876.2786623584981,862.0879147899393,869.1832885742188,21100,0.0,0.0
2018-08-02 00:00:00+09:00,875.569236531708,878.4073864070134,869.1833993122709,871.31201171875,5200,0.0,0.0
2018-08-03 00:00:00+09:00,859.9594611532799,873.440673828125,851.4450110428513,873.440673828125,17500,0.0,0.0
2018-08-06 00:00:00+09:00,871.3119816949838,876.9882812500001,865.6356821399677,876.98828125,5200,0.0,0.0
2018-08-07 00:00:00+09:00,876.9880873562349,886.2120720938004,869.1831771936794,879.11669921875,7100,0.0,0.0
2018-08-08 00:00:00+09:00,879.1168378285653,887.6312866210938,876.2786882310559,887.6312866210938,2600,0.0,0.0
2018-08-09 00:00:00+09:00,881.2454772949218,900.4029876708984,880.5359398735893,894.0171508789062,4600,0.0,0.0
2018-08-10 00:00:00+09:00,897.564697265625,901.112383816082,897.564697265625,897.564697265625,1000,0.0,0.0
2018-08-13 00:00:00+09:00,894.0171508789061,896.855300564236,883.3740895589192,894.0171508789062,2000,0.0,0.0
2018-08-14 00:00:00+09:00,885.5027055202543,893.3076171875,885.5027055202543,893.3076171875,700,0.0,0.0
2018-08-15 00:00:00+09:00,894.0171546117951,895.4362294603852,892.598079763205,893.3076171875,900,0.0,0.0
2018-08-16 00:00:00+09:00,893.3076134575737,900.4029876708984,885.5027018229166,894.0171508789062,2100,0.0,0.0
2018-08-17 00:00:00+09:00,898.9838850111317,898.9838850111317,887.6312866210938,887.6312866210938,900,0.0,0.0
2018-08-20 00:00:00+09:00,879.8263973864207,883.3740844726564,879.8263973864207,883.3740844726562,2100,0.0,0.0
2018-08-21 00:00:00+09:00,879.8263973864207,883.3740844726564,878.4073225519265,883.3740844726562,1300,0.0,0.0
2018-08-22 00:00:00+09:00,883.3740844726564,883.3740844726564,883.3740844726564,883.3740844726562,0,0.0,0.0
2018-08-23 00:00:00+09:00,883.3740844726564,883.3740844726564,883.3740844726564,883.3740844726562,0,0.0,0.0
2018-08-24 00:00:00+09:00,886.9217989737526,889.7599487304686,886.9217989737526,889.7599487304688,500,0.0,0.0
2018-08-27 00:00:00+09:00,900.4030065285733,900.4030065285733,879.8264208789841,890.469482421875,6500,0.0,0.0
2018-08-28 00:00:00+09:00,890.4694674903197,894.0171546117951,886.9217803688443,893.3076171875,900,0.0,0.0
2018-08-29 00:00:00+09:00,893.3074812054825,893.3074812054825,881.9548841448886,884.08349609375,13200,0.0,0.0
2018-08-30 00:00:00+09:00,880.5358167445928,883.3739660330524,880.5358167445928,882.6644287109375,13700,0.0,0.0
2018-08-31 00:00:00+09:00,890.4694861696477,890.4694861696477,884.0836492170366,889.7599487304688,1000,0.0,0.0
2018-09-03 00:00:00+09:00,897.5648567838024,897.5648567838024,886.9217952409114,890.469482421875,2200,0.0,0.0
2018-09-04 00:00:00+09:00,890.4694674903197,901.1125288547458,890.4694674903197,893.3076171875,4500,0.0,0.0
2018-09-05 00:00:00+09:00,893.3076171875,893.3076171875,893.3076171875,893.3076171875,0,0.0,0.0
2018-09-06 00:00:00+09:00,885.5027177918632,902.5316162109375,881.9550306212228,902.5316162109375,1800,0.0,0.0
2018-09-07 00:00:00+09:00,901.112383816082,901.112383816082,893.3074734050766,897.564697265625,11900,0.0,0.0
2018-09-10 00:00:00+09:00,897.564697265625,897.564697265625,897.564697265625,897.564697265625,0,0.0,0.0
2018-09-11 00:00:00+09:00,915.3032528561912,917.4318650721358,886.2122192382812,886.2122192382812,16800,0.0,0.0
2018-09-12 00:00:00+09:00,889.0504875966535,898.2744750976562,889.0504875966535,898.2744750976562,600,0.0,0.0
2018-09-13 00:00:00+09:00,898.2744750976562,898.2744750976562,898.2744750976562,898.2744750976562,0,0.0,0.0
2018-09-14 00:00:00+09:00,908.2080000987362,908.2080000987362,889.0504875966535,898.2744750976562,1500,0.0,0.0
2018-09-17 00:00:00+09:00,898.2744750976562,898.2744750976562,898.2744750976562,898.2744750976562,0,0.0,0.0
2018-09-18 00:00:00+09:00,898.2742237367839,900.4028356413735,892.5979253245453,899.6932983398438,1300,0.0,0.0
2018-09-19 00:00:00+09:00,899.6933763504028,908.2078247070312,899.6933763504028,908.2078247070312,1400,0.0,0.0
2018-09-20 00:00:00+09:00,908.2078001968505,914.5936362919846,901.1124267578126,901.1124267578125,3400,0.0,0.0
2018-09-21 00:00:00+09:00,901.1124438019513,911.0459668044924,901.1124438019513,909.6268920898438,2800,0.0,0.0
2018-09-24 00:00:00+09:00,909.6268920898438,909.6268920898438,909.6268920898438,909.6268920898438,0,0.0,0.0
2018-09-25 00:00:00+09:00,913.884015265492,917.4317016601562,909.6267915918951,917.4317016601562,6700,0.0,0.0
2018-09-26 00:00:00+09:00,939.1376431209175,939.1376431209175,908.025995467451,913.814208984375,5300,25.0,0.0
2018-09-27 00:00:00+09:00,899.3437918638572,907.3025864821213,899.3437918638572,902.96142578125,4500,0.0,0.0
2018-09-28 00:00:00+09:00,905.8555842323908,911.643798828125,905.8555842323908,911.643798828125,3800,0.0,0.0
2018-10-01 00:00:00+09:00,911.6435363528285,915.2611694335936,911.6435363528285,915.2611694335938,1600,0.0,0.0
2018-10-02 00:00:00+09:00,916.7085387160658,917.4320655816665,904.4085820008542,906.5791625976562,3100,0.0,0.0
2018-10-03 00:00:00+09:00,906.5790694643302,915.2613909595991,904.408489090513,908.026123046875,1600,0.0,0.0
2018-10-04 00:00:00+09:00,908.026123046875,908.026123046875,908.026123046875,908.026123046875,0,0.0,0.0
2018-10-05 00:00:00+09:00,904.4084211637736,904.4084211637736,900.0672607421875,900.0672607421875,300,0.0,0.0
2018-10-08 00:00:00+09:00,900.0672607421875,900.0672607421875,900.0672607421875,900.0672607421875,0,0.0,0.0
2018-10-09 00:00:00+09:00,900.06728671875,904.408447265625,900.06728671875,904.408447265625,300,0.0,0.0
2018-10-10 00:00:00+09:00,913.8141638609196,913.8141638609196,913.0906372070314,913.0906372070312,1700,0.0,0.0
2018-10-11 00:00:00+09:00,900.0671810886208,903.684814453125,882.7025409390012,903.684814453125,4800,0.0,0.0
2018-10-12 00:00:00+09:00,888.4907543222077,903.684814453125,888.4907543222077,903.684814453125,1600,0.0,0.0
2018-10-15 00:00:00+09:00,897.8967574373522,899.3438110351562,897.1732306384503,899.3438110351562,600,0.0,0.0
2018-10-16 00:00:00+09:00,899.3437209332978,899.3437209332978,897.8966674804688,897.8966674804688,500,0.0,0.0
2018-10-17 00:00:00+09:00,900.7908458152716,916.7084350585938,900.7908458152716,916.7084350585938,1000,0.0,0.0
2018-10-18 00:00:00+09:00,914.5377440235311,914.5377440235311,905.1318969726562,905.1318969726562,200,0.0,0.0
2018-10-19 00:00:00+09:00,905.1318969726562,913.81421732731,904.4083702764351,905.1318969726562,500,0.0,0.0
2018-10-22 00:00:00+09:00,905.1318969726562,905.1318969726562,905.1318969726562,905.1318969726562,0,0.0,0.0
2018-10-23 00:00:00+09:00,904.4084859519273,913.0908074170658,904.4084859519273,910.9202270507812,1300,0.0,0.0
2018-10-24 00:00:00+09:00,908.026123046875,908.026123046875,908.026123046875,908.026123046875,200,0.0,0.0
2018-10-25 00:00:00+09:00,899.3436145905526,899.3436145905526,897.1730346679689,897.1730346679688,1000,0.0,0.0
2018-10-26 00:00:00+09:00,910.1965519602705,910.1965519602705,889.9378051757812,889.9378051757812,4800,0.0,0.0
2018-10-29 00:00:00+09:00,872.5732661073507,897.1731757654352,872.5732661073507,893.5555419921875,3500,0.0,0.0
2018-10-30 00:00:00+09:00,893.5554969330082,893.5554969330082,892.8319702148438,892.8319702148438,6100,0.0,0.0
2018-10-31 00:00:00+09:00,894.2789172986999,897.1730238271746,879.0848580242074,892.1083374023438,3100,0.0,0.0
2018-11-01 00:00:00+09:00,892.1085240290715,902.96142578125,892.1085240290715,902.96142578125,1700,0.0,0.0
2018-11-02 00:00:00+09:00,889.9377733701235,904.4083062704507,889.9377733701235,891.3848266601562,3900,0.0,0.0
2018-11-05 00:00:00+09:00,887.0437782007333,914.5377941645407,886.3202514648436,886.3202514648438,1100,0.0,0.0
2018-11-06 00:00:00+09:00,886.3202514648436,886.3202514648436,886.3202514648436,886.3202514648438,0,0.0,0.0
2018-11-07 00:00:00+09:00,886.3202514648436,886.3202514648436,886.3202514648436,886.3202514648438,0,0.0,0.0
2018-11-08 00:00:00+09:00,902.2378989977714,902.96142578125,902.2378989977714,902.96142578125,400,0.0,0.0
2018-11-09 00:00:00+09:00,892.1084434966795,892.8319702148438,892.1084434966795,892.8319702148438,1900,0.0,0.0
2018-11-12 00:00:00+09:00,887.7672775194841,898.6201782226562,887.7672775194841,898.6201782226562,2000,0.0,0.0
2018-11-13 00:00:00+09:00,897.1730346679689,897.1730346679689,892.10834818194,897.1730346679688,300,0.0,0.0
2018-11-14 00:00:00+09:00,889.9379593541645,889.9379593541645,887.7673789654958,888.4909057617188,400,0.0,0.0
2018-11-15 00:00:00+09:00,887.0438361544257,889.2144165039062,886.3203093712655,889.2144165039062,1700,0.0,0.0
2018-11-16 00:00:00+09:00,889.9377392104832,897.1730053829261,889.9377392104832,895.7259521484375,1300,0.0,0.0
2018-11-19 00:00:00+09:00,898.620235377827,898.620235377827,886.3202804652481,887.767333984375,300,0.0,0.0
2018-11-20 00:00:00+09:00,887.767333984375,887.767333984375,887.767333984375,887.767333984375,0,0.0,0.0
2018-11-21 00:00:00+09:00,894.2790323560249,894.2790323560249,882.7026047527107,884.149658203125,2300,0.0,0.0
2018-11-22 00:00:00+09:00,884.1496131140906,895.7260401270411,883.4260864257812,883.4260864257812,5100,0.0,0.0
2018-11-23 00:00:00+09:00,883.4260864257812,883.4260864257812,883.4260864257812,883.4260864257812,0,0.0,0.0
2018-11-26 00:00:00+09:00,883.4260864257812,883.4260864257812,883.4260864257812,883.4260864257812,0,0.0,0.0
2018-11-27 00:00:00+09:00,879.8084660947712,885.5966796875,879.8084660947712,885.5966796875,300,0.0,0.0
2018-11-28 00:00:00+09:00,885.5966796875,885.5966796875,885.5966796875,885.5966796875,0,0.0,0.0
2018-11-29 00:00:00+09:00,884.1495679511399,884.1495679511399,881.2554613457352,882.7025146484375,1300,0.0,0.0
2018-11-30 00:00:00+09:00,882.702538467035,889.9378051757812,882.702538467035,889.9378051757812,3400,0.0,0.0
2018-12-03 00:00:00+09:00,889.9379432870666,892.1085236365471,882.7026754554644,889.2144165039062,2900,0.0,0.0
2018-12-04 00:00:00+09:00,889.2143131829555,889.2143131829555,881.9790461920445,885.5966796875,2500,0.0,0.0
2018-12-05 00:00:00+09:00,880.5318445164974,882.7024242482554,878.3612647847393,881.25537109375,7500,0.0,0.0
2018-12-06 00:00:00+09:00,868.2320977048755,881.979105918536,868.2320977048755,871.8497314453125,6900,0.0,0.0
2018-12-07 00:00:00+09:00,881.2553734064495,881.2553734064495,878.3612670898438,878.3612670898438,400,0.0,0.0
2018-12-10 00:00:00+09:00,871.8496042426125,878.3613440253374,871.8496042426125,877.6378173828125,900,0.0,0.0
2018-12-11 00:00:00+09:00,882.7025146484376,882.7025146484376,869.6790349241163,882.7025146484375,2700,0.0,0.0
2018-12-12 00:00:00+09:00,881.2554052371789,881.2554052371789,867.5083997367632,876.9142456054688,3500,0.0,0.0
2018-12-13 00:00:00+09:00,879.0848388671875,882.7024719489455,868.2319396219136,879.0848388671875,18100,0.0,0.0
2018-12-14 00:00:00+09:00,868.2320556640625,878.3614296468099,866.7850022379557,868.2320556640625,17100,0.0,0.0
2018-12-17 00:00:00+09:00,876.9142456054688,876.9142456054688,866.7848731314782,876.9142456054688,10000,0.0,0.0
2018-12-18 00:00:00+09:00,876.1907958984375,876.1907958984375,874.7437425608679,876.1907958984375,1000,0.0,0.0
2018-12-19 00:00:00+09:00,867.508413005562,881.9789453325939,867.508413005562,879.0848388671875,1800,0.0,0.0
2018-12-20 00:00:00+09:00,880.5320422342903,880.5320422342903,857.3791865633805,866.7850341796875,12000,0.0,0.0
2018-12-21 00:00:00+09:00,858.1026293840532,868.2320027494636,839.2909359911481,842.9085693359375,4800,0.0,0.0
2018-12-24 00:00:00+09:00,842.9085693359375,842.9085693359375,842.9085693359375,842.9085693359375,0,0.0,0.0
2018-12-25 00:00:00+09:00,797.326323131004,811.7968553112399,739.4441944100599,762.5970458984375,23100,0.0,0.0
2018-12-26 00:00:00+09:00,806.0088469312528,828.4381775011531,787.9206771168172,808.9029541015625,10000,0.0,0.0
2018-12-27 00:00:00+09:00,828.4380436592362,857.3791106866331,828.4380436592362,850.8673706054688,1600,0.0,0.0
2018-12-28 00:00:00+09:00,855.9320817785025,855.9320817785025,832.0557007990515,841.4615478515625,1600,0.0,0.0
2018-12-31 00:00:00+09:00,841.4615478515625,841.4615478515625,841.4615478515625,841.4615478515625,0,0.0,0.0
2019-01-04 00:00:00+09:00,832.0557250976564,832.0557250976564,817.5851907481318,832.0557250976562,4300,0.0,0.0
2019-01-07 00:00:00+09:00,832.7792791098736,850.1439208984375,832.7792791098736,850.1439208984375,300,0.0,0.0
2019-01-08 00:00:00+09:00,850.1439208984375,850.1439208984375,850.1439208984375,850.1439208984375,0,0.0,0.0
2019-01-09 00:00:00+09:00,850.143903437213,857.3791707005084,837.1204223632812,837.1204223632812,700,0.0,0.0
2019-01-10 00:00:00+09:00,840.0144442044772,858.8261371840779,840.0144442044772,846.5261840820312,600,0.0,0.0
2019-01-11 00:00:00+09:00,857.3791943233853,857.3791943233853,843.6321861443605,844.355712890625,1800,0.0,0.0
2019-01-15 00:00:00+09:00,844.3555626146721,859.5496215820312,838.5673496747257,859.5496215820312,2300,0.0,0.0
2019-01-16 00:00:00+09:00,859.5497685339096,859.5497685339096,850.1439208984375,850.1439208984375,1000,0.0,0.0
2019-01-17 00:00:00+09:00,850.1439268607406,860.2733013084431,841.4616059055671,844.355712890625,2600,0.0,0.0
2019-01-18 00:00:00+09:00,845.8027604512965,850.1439208984375,845.0792337101063,850.1439208984375,1900,0.0,0.0
2019-01-21 00:00:00+09:00,856.655525954498,865.3378454743071,856.655525954498,864.6143188476562,1400,0.0,0.0
2019-01-22 00:00:00+09:00,864.6143188476562,864.6143188476562,864.6143188476562,864.6143188476562,0,0.0,0.0
2019-01-23 00:00:00+09:00,866.7849572112502,867.5084838867188,849.4203170000065,867.5084838867188,1400,0.0,0.0
2019-01-24 00:00:00+09:00,867.5085289510091,868.2320556640625,867.5085289510091,868.2320556640625,300,0.0,0.0
2019-01-25 00:00:00+09:00,868.2320556640625,868.2320556640625,868.2320556640625,868.2320556640625,0,0.0,0.0
2019-01-28 00:00:00+09:00,868.231981621414,883.4260412997887,853.0379219430392,882.7025146484375,5200,0.0,0.0
2019-01-29 00:00:00+09:00,848.6968656867892,866.7850341796875,848.6968656867892,866.7850341796875,400,0.0,0.0
2019-01-30 00:00:00+09:00,848.6967223196318,859.5496215820312,848.6967223196318,859.5496215820312,600,0.0,0.0
2019-01-31 00:00:00+09:00,859.5496215820312,859.5496215820312,859.5496215820312,859.5496215820312,0,0.0,0.0
2019-02-01 00:00:00+09:00,860.9968232070182,865.3379836601629,860.9968232070182,863.8909301757812,1300,0.0,0.0
2019-02-04 00:00:00+09:00,843.6323130009267,866.0616455078125,843.6323130009267,866.0616455078125,1600,0.0,0.0
2019-02-05 00:00:00+09:00,866.0612951170242,868.2318748040343,865.3377685546875,865.3377685546875,1000,0.0,0.0
2019-02-06 00:00:00+09:00,867.508542029935,870.4026489257812,867.508542029935,870.4026489257812,1000,0.0,0.0
2019-02-07 00:00:00+09:00,871.1261277839319,872.5731811523438,866.0614409944905,872.5731811523438,1900,0.0,0.0
2019-02-08 00:00:00+09:00,872.5732159423828,872.5732159423828,868.2320556640625,868.2320556640625,1600,0.0,0.0
2019-02-12 00:00:00+09:00,865.3379907125259,871.8497314453125,865.3379907125259,871.8497314453125,900,0.0,0.0
2019-02-13 00:00:00+09:00,871.8496544681378,872.5731811523438,863.1673342576667,872.5731811523438,1000,0.0,0.0
2019-02-14 00:00:00+09:00,869.6791193218594,873.2967529296874,869.6791193218594,873.2967529296875,900,0.0,0.0
2019-02-15 00:00:00+09:00,868.2320876591194,868.2320876591194,855.2086063442326,866.7850341796875,800,0.0,0.0
2019-02-18 00:00:00+09:00,860.9967885335287,868.2320556640625,860.9967885335287,868.2320556640625,600,0.0,0.0
2019-02-19 00:00:00+09:00,868.2320556640625,868.2320556640625,868.2320556640625,868.2320556640625,0,0.0,0.0
2019-02-20 00:00:00+09:00,868.2320105621873,868.2320105621873,859.5496904565654,867.5084838867188,12500,0.0,0.0
2019-02-21 00:00:00+09:00,867.5085289510091,868.2320556640625,863.8908953857423,868.2320556640625,2000,0.0,0.0
2019-02-22 00:00:00+09:00,871.8496856426824,871.8496856426824,824.8204494876829,840.738037109375,13600,0.0,0.0
2019-02-25 00:00:00+09:00,841.4614847648044,860.9967041015625,841.4614847648044,860.9967041015625,1000,0.0,0.0
2019-02-26 00:00:00+09:00,868.955440359874,872.5730733338952,853.0378552741811,855.2084350585938,14600,0.0,0.0
2019-02-27 00:00:00+09:00,855.2086063442326,866.7850341796875,855.2086063442326,866.7850341796875,1300,0.0,0.0
2019-02-28 00:00:00+09:00,862.4437946901484,868.2320080773305,853.761474609375,853.761474609375,3700,0.0,0.0
2019-03-01 00:00:00+09:00,861.7203569720889,871.8497314453125,858.8262499797394,871.8497314453125,2300,0.0,0.0
2019-03-04 00:00:00+09:00,871.8497314453125,871.8497314453125,864.6144639644385,871.8497314453125,4300,0.0,0.0
2019-03-05 00:00:00+09:00,873.2967529296874,873.2967529296874,871.1261727649907,873.2967529296875,2200,0.0,0.0
2019-03-06 00:00:00+09:00,873.2965787439707,881.25537109375,873.2965787439707,881.25537109375,3000,0.0,0.0
2019-03-07 00:00:00+09:00,874.0200805664062,876.9141867934474,861.7201291014817,874.0200805664062,2000,0.0,0.0
2019-03-08 00:00:00+09:00,858.1025683470447,875.4672071668837,857.3790417295513,859.5496215820312,1000,0.0,0.0
2019-03-11 00:00:00+09:00,850.143897839588,873.2967529296874,850.143897839588,873.2967529296875,2800,0.0,0.0
2019-03-12 00:00:00+09:00,875.4672057854295,879.0848388671875,855.9319871439365,879.0848388671875,1700,0.0,0.0
2019-03-13 00:00:00+09:00,868.2320556640625,868.2320556640625,868.2320556640625,868.2320556640625,100,0.0,0.0
2019-03-14 00:00:00+09:00,868.2320556640625,868.2320556640625,868.2320556640625,868.2320556640625,0,0.0,0.0
2019-03-15 00:00:00+09:00,878.3612988160388,880.531878631894,869.6789795526183,876.9142456054688,2000,0.0,0.0
2019-03-18 00:00:00+09:00,877.6377382074867,881.9788976710028,877.6377382074867,881.25537109375,1500,0.0,0.0
2019-03-19 00:00:00+09:00,879.8085418397011,881.9791221238451,870.4026939417437,871.126220703125,1200,0.0,0.0
2019-03-20 00:00:00+09:00,868.9555823771159,877.6379029337565,857.3791549682618,868.2320556640625,2500,0.0,0.0
2019-03-22 00:00:00+09:00,869.6791323322896,876.9143996561854,864.6144452055624,875.4673461914062,2100,0.0,0.0
2019-03-25 00:00:00+09:00,861.7203209384176,879.0849621663958,860.9967942205851,862.44384765625,6400,0.0,0.0
2019-03-26 00:00:00+09:00,881.25537109375,881.25537109375,869.6789458577074,881.25537109375,4300,0.0,0.0
2019-03-27 00:00:00+09:00,881.9940585643552,893.8130744245141,881.9940585643552,883.471435546875,600,25.0,0.0
2019-03-28 00:00:00+09:00,879.0393676757811,879.0393676757811,879.0393676757811,879.0393676757812,300,0.0,0.0
2019-03-29 00:00:00+09:00,892.3360256109022,896.7681581884398,884.21044921875,884.21044921875,500,0.0,0.0
2019-04-01 00:00:00+09:00,884.21044921875,884.21044921875,884.21044921875,884.21044921875,0,0.0,0.0
2019-04-02 00:00:00+09:00,890.1195687343197,890.1195687343197,887.9035034179688,887.9035034179688,400,0.0,0.0
2019-04-03 00:00:00+09:00,890.8584594726562,890.8584594726562,890.8584594726562,890.8584594726562,100,0.0,0.0
2019-04-04 00:00:00+09:00,890.8584594726562,890.8584594726562,890.8584594726562,890.8584594726562,0,0.0,0.0
2019-04-05 00:00:00+09:00,886.4264231974117,898.984130859375,878.3008476514354,898.984130859375,2300,0.0,0.0
2019-04-08 00:00:00+09:00,887.9036302069655,896.7678927381498,867.9590395118007,879.0393676757812,3900,0.0,0.0
2019-04-09 00:00:00+09:00,887.9037550144469,887.9037550144469,876.8234252929688,876.8234252929688,200,0.0,0.0
2019-04-10 00:00:00+09:00,887.9037550144469,887.9037550144469,876.8234252929688,876.8234252929688,200,0.0,0.0
2019-04-11 00:00:00+09:00,877.5620672607421,889.3810850016275,877.5620672607421,886.4263305664062,1200,0.0,0.0
2019-04-12 00:00:00+09:00,877.5621652943464,890.119873046875,877.5621652943464,890.119873046875,2400,0.0,0.0
2019-04-15 00:00:00+09:00,879.0394404232256,893.0745239257812,878.300751817828,893.0745239257812,4200,0.0,0.0
2019-04-16 00:00:00+09:00,870.9138657638513,893.0745239257812,870.9138657638513,893.0745239257812,1300,0.0,0.0
2019-04-17 00:00:00+09:00,893.0744616820081,895.29052734375,893.0744616820081,895.29052734375,1000,0.0,0.0
2019-04-18 00:00:00+09:00,895.29052734375,895.29052734375,895.29052734375,895.29052734375,0,0.0,0.0
2019-04-19 00:00:00+09:00,895.29052734375,895.29052734375,895.29052734375,895.29052734375,0,0.0,0.0
2019-04-22 00:00:00+09:00,879.7780562200466,879.7780562200466,879.0393676757811,879.0393676757812,1300,0.0,0.0
2019-04-23 00:00:00+09:00,872.3912090477086,882.7328491210938,872.3912090477086,882.7328491210938,1400,0.0,0.0
2019-04-24 00:00:00+09:00,880.5168973560175,893.8132934570312,880.5168973560175,893.8132934570312,4200,0.0,0.0
2019-04-25 00:00:00+09:00,874.6071696502484,893.8130703351355,874.6071696502484,892.335693359375,2100,0.0,0.0
2019-04-26 00:00:00+09:00,893.0743818472553,893.8130703351355,884.9488084805722,892.335693359375,900,0.0,0.0
2019-05-07 00:00:00+09:00,879.7782592773438,879.7782592773438,879.7782592773438,879.7782592773438,700,0.0,0.0
2019-05-08 00:00:00+09:00,879.7782592773438,879.7782592773438,879.7782592773438,879.7782592773438,0,0.0,0.0
2019-05-09 00:00:00+09:00,875.3461303710938,875.3461303710938,875.3461303710938,875.3461303710938,200,0.0,0.0
2019-05-10 00:00:00+09:00,871.6525467526196,872.3912353515625,871.6525467526196,872.3912353515625,300,0.0,0.0
2019-05-13 00:00:00+09:00,875.3460110962847,875.3460110962847,870.1751907775724,870.9138793945312,500,0.0,0.0
2019-05-14 00:00:00+09:00,863.5271075526573,879.7782592773438,856.878909119831,879.7782592773438,1600,0.0,0.0
2019-05-15 00:00:00+09:00,879.7782592773438,879.7782592773438,879.7782592773438,879.7782592773438,0,0.0,0.0
2019-05-16 00:00:00+09:00,860.5722443385316,875.3460167735278,860.5722443385316,862.0496215820312,1200,0.0,0.0
2019-05-17 00:00:00+09:00,861.3109287599318,882.7328986862079,861.3109287599318,868.6978149414062,2300,0.0,0.0
2019-05-20 00:00:00+09:00,890.8585419005334,890.8585419005334,889.3811645507812,889.3811645507812,500,0.0,0.0
2019-05-21 00:00:00+09:00,887.1650390625001,887.1650390625001,887.1650390625001,887.1650390625,100,0.0,0.0
2019-05-22 00:00:00+09:00,884.21044921875,884.21044921875,884.21044921875,884.21044921875,2100,0.0,0.0
2019-05-23 00:00:00+09:00,884.9490356445312,884.9490356445312,884.9490356445312,884.9490356445312,100,0.0,0.0
2019-05-24 00:00:00+09:00,874.6074953007518,886.4265155075187,874.6074953007518,884.21044921875,1300,0.0,0.0
2019-05-27 00:00:00+09:00,887.1652042704417,887.9038930333646,884.21044921875,884.21044921875,900,0.0,0.0
2019-05-28 00:00:00+09:00,884.21044921875,884.21044921875,884.21044921875,884.21044921875,0,0.0,0.0
2019-05-29 00:00:00+09:00,872.3912154375496,872.3912154375496,871.6525268554688,871.6525268554688,1800,0.0,0.0
2019-05-30 00:00:00+09:00,866.4817067809024,871.6525268554688,866.4817067809024,871.6525268554688,400,0.0,0.0
2019-05-31 00:00:00+09:00,871.6526027513587,871.6526027513587,827.3312839673913,849.491943359375,16700,0.0,0.0
2019-06-03 00:00:00+09:00,871.6525268554688,871.6525268554688,871.6525268554688,871.6525268554688,1200,0.0,0.0
2019-06-04 00:00:00+09:00,869.436509227425,869.436509227425,859.8335571289062,859.8335571289062,400,0.0,0.0
2019-06-05 00:00:00+09:00,867.2204363097369,870.9138793945312,867.2204363097369,870.9138793945312,1100,0.0,0.0
2019-06-06 00:00:00+09:00,870.9138793945312,870.9138793945312,870.9138793945312,870.9138793945312,3400,0.0,0.0
2019-06-07 00:00:00+09:00,858.356201171875,863.5270216608623,857.6175125305912,858.356201171875,1500,0.0,0.0
2019-06-10 00:00:00+09:00,858.3561202122363,858.3561202122363,853.1853002109577,857.617431640625,16100,0.0,0.0
2019-06-11 00:00:00+09:00,857.6173506111934,857.6173506111934,856.878662109375,856.878662109375,500,0.0,0.0
2019-06-12 00:00:00+09:00,858.3562149891955,867.9591674804688,858.3562149891955,867.9591674804688,3100,0.0,0.0
2019-06-13 00:00:00+09:00,867.2203979492188,867.9590865335026,866.4817093649349,867.2203979492188,1600,0.0,0.0
2019-06-14 00:00:00+09:00,866.4817504882812,866.4817504882812,866.4817504882812,866.4817504882812,1400,0.0,0.0
2019-06-17 00:00:00+09:00,865.0043974651287,868.697840665236,856.8788224248926,860.572265625,2100,0.0,0.0
2019-06-18 00:00:00+09:00,859.0948898131589,859.0948898131589,858.356201171875,858.356201171875,200,0.0,0.0
2019-06-19 00:00:00+09:00,865.7430379610764,872.3912353515625,865.7430379610764,872.3912353515625,700,0.0,0.0
2019-06-20 00:00:00+09:00,867.2204045319578,870.9138474814125,856.1400756835938,856.1400756835938,700,0.0,0.0
2019-06-21 00:00:00+09:00,871.6525680114902,872.3912566284491,870.9138793945312,870.9138793945312,300,0.0,0.0
2019-06-24 00:00:00+09:00,870.9137761558604,874.6072188028319,870.9137761558604,873.8685302734375,1000,0.0,0.0
2019-06-25 00:00:00+09:00,863.5270385742188,863.5270385742188,863.5270385742188,863.5270385742188,2700,0.0,0.0
2019-06-26 00:00:00+09:00,881.2554784225205,881.2554784225205,871.6525268554688,871.6525268554688,600,0.0,0.0
2019-06-27 00:00:00+09:00,866.4816832879577,877.56201171875,866.4816832879577,877.56201171875,700,0.0,0.0
2019-06-28 00:00:00+09:00,877.562196523932,877.562196523932,875.3461303710938,875.3461303710938,1100,0.0,0.0
2019-07-01 00:00:00+09:00,915.2351491557539,915.2351491557539,877.5620316360255,878.3007202148438,8600,0.0,0.0
2019-07-02 00:00:00+09:00,898.9840017386272,898.9840017386272,861.3108841637135,876.0846557617188,1800,0.0,0.0
2019-07-03 00:00:00+09:00,873.8688065378288,884.21044921875,864.2658526198308,884.21044921875,1100,0.0,0.0
2019-07-04 00:00:00+09:00,886.4263106625313,886.4263106625313,871.6525388181557,885.6876220703125,2500,0.0,0.0
2019-07-05 00:00:00+09:00,875.3460110962847,880.5168314149969,864.2656818419013,870.9138793945312,5900,0.0,0.0
2019-07-08 00:00:00+09:00,870.1751695547338,872.3912353515625,870.1751695547338,872.3912353515625,1700,0.0,0.0
2019-07-09 00:00:00+09:00,875.3459460325915,877.56201171875,875.3459460325915,877.56201171875,500,0.0,0.0
2019-07-10 00:00:00+09:00,877.5620316360255,878.3007202148436,876.8233430572072,878.3007202148438,600,0.0,0.0
2019-07-11 00:00:00+09:00,878.3007202148436,878.3007202148436,878.3007202148436,878.3007202148438,0,0.0,0.0
2019-07-12 00:00:00+09:00,869.4364585426164,876.0846557617189,868.6977699627162,876.0846557617188,400,0.0,0.0
2019-07-16 00:00:00+09:00,879.0394472157336,881.9942016601562,879.0394472157336,881.9942016601562,1100,0.0,0.0
2019-07-17 00:00:00+09:00,895.2905372080177,932.2249653106586,876.0846345946444,877.56201171875,31700,0.0,0.0
2019-07-18 00:00:00+09:00,899.7228124221699,899.7228124221699,877.5621520176829,880.5169067382812,2600,0.0,0.0
2019-07-19 00:00:00+09:00,880.5168685334614,884.9490004220527,875.3460479967717,876.8234252929688,3000,0.0,0.0
2019-07-22 00:00:00+09:00,876.8234252929688,876.8234252929688,876.0847366448702,876.8234252929688,600,0.0,0.0
2019-07-23 00:00:00+09:00,875.3461303710938,875.3461303710938,875.3461303710938,875.3461303710938,400,0.0,0.0
2019-07-24 00:00:00+09:00,876.8235078063192,876.8235078063192,875.3461303710938,875.3461303710938,800,0.0,0.0
2019-07-25 00:00:00+09:00,876.0847366448702,880.5168685334614,874.6073593486732,876.8234252929688,2100,0.0,0.0
2019-07-26 00:00:00+09:00,886.4263305664061,886.4263305664061,876.0846900431314,886.4263305664062,3100,0.0,0.0
2019-07-29 00:00:00+09:00,886.4263504371357,887.1650390625001,886.4263504371357,887.1650390625,500,0.0,0.0
2019-07-30 00:00:00+09:00,884.2102647399902,886.4263305664061,884.2102647399902,886.4263305664062,400,0.0,0.0
2019-07-31 00:00:00+09:00,887.164873944213,892.335693359375,887.164873944213,892.335693359375,2700,0.0,0.0
2019-08-01 00:00:00+09:00,899.7227213743603,899.7227213743603,884.2102606610092,893.0745239257812,1400,0.0,0.0
2019-08-02 00:00:00+09:00,893.8132338377693,893.8132338377693,881.9942158696666,891.59716796875,900,0.0,0.0
2019-08-05 00:00:00+09:00,876.0846997132435,878.3007655641202,870.9138793945312,870.9138793945312,1600,0.0,0.0
2019-08-06 00:00:00+09:00,868.6976781384698,868.6976781384698,853.1852196002828,856.878662109375,5100,0.0,0.0
2019-08-07 00:00:00+09:00,871.6525281518825,878.3007254004985,867.9590852359847,869.4364624023438,11500,0.0,0.0
2019-08-08 00:00:00+09:00,870.9138807958486,870.9138807958486,868.6978149414064,868.6978149414062,11000,0.0,0.0
2019-08-09 00:00:00+09:00,868.6977936982704,875.3459910990225,865.7430392979362,870.1751708984375,600,0.0,0.0
2019-08-13 00:00:00+09:00,870.1751921777012,870.1751921777012,868.6978149414064,868.6978149414062,800,0.0,0.0
2019-08-14 00:00:00+09:00,875.3461303710938,876.0848190887065,868.6979319125792,875.3461303710938,900,0.0,0.0
2019-08-15 00:00:00+09:00,866.481749086964,873.8686352684385,850.2305994877199,868.6978149414062,3800,0.0,0.0
2019-08-16 00:00:00+09:00,865.7430604688165,873.129946650291,864.2656832325216,868.6978149414062,3600,0.0,0.0
2019-08-19 00:00:00+09:00,869.4364650084564,875.3459736916064,865.0043334960938,865.0043334960938,1100,0.0,0.0
2019-08-20 00:00:00+09:00,873.8685926017115,873.8685926017115,871.6525268554688,871.6525268554688,600,0.0,0.0
2019-08-21 00:00:00+09:00,866.4817042230153,876.0846557617189,866.4817042230153,876.0846557617188,1900,0.0,0.0
2019-08-22 00:00:00+09:00,868.6978501638848,877.5621139410673,868.6978501638848,876.8234252929688,500,0.0,0.0
2019-08-23 00:00:00+09:00,876.8234252929688,876.8234252929688,876.8234252929688,876.8234252929688,300,0.0,0.0
2019-08-26 00:00:00+09:00,871.6525694139962,871.6525694139962,864.2656832325216,868.6978149414062,2900,0.0,0.0
2019-08-27 00:00:00+09:00,876.0848190887065,876.0848190887065,875.3461303710938,875.3461303710938,300,0.0,0.0
2019-08-28 00:00:00+09:00,876.0846583479541,876.0846583479541,871.6525268554688,871.6525268554688,500,0.0,0.0
2019-08-29 00:00:00+09:00,868.6978561336435,868.6978561336435,867.9591674804688,867.9591674804688,600,0.0,0.0
2019-08-30 00:00:00+09:00,875.3461303710938,875.3461303710938,870.1753093478046,875.3461303710938,300,0.0,0.0
2019-09-02 00:00:00+09:00,879.0394555954707,879.0394555954707,868.6978149414064,868.6978149414062,1100,0.0,0.0
2019-09-03 00:00:00+09:00,878.3007202148436,878.3007202148436,878.3007202148436,878.3007202148438,300,0.0,0.0
2019-09-04 00:00:00+09:00,867.9590813828158,876.0846557617189,867.9590813828158,876.0846557617188,1100,0.0,0.0
2019-09-05 00:00:00+09:00,878.3007202148436,879.0394087936619,877.5620316360255,878.3007202148438,600,0.0,0.0
2019-09-06 00:00:00+09:00,881.2556367068606,881.2556367068606,878.3008818478268,879.7782592773438,700,0.0,0.0
2019-09-09 00:00:00+09:00,883.4717028511361,886.42645771017,879.7782592773438,879.7782592773438,900,0.0,0.0
2019-09-10 00:00:00+09:00,886.4263900794888,888.6424560546875,886.4263900794888,888.6424560546875,400,0.0,0.0
2019-09-11 00:00:00+09:00,887.1650164400168,891.5971480791842,887.1650164400168,890.8584594726562,1800,0.0,0.0
2019-09-12 00:00:00+09:00,879.778208683739,893.8132934570312,879.778208683739,893.8132934570312,1000,0.0,0.0
2019-09-13 00:00:00+09:00,893.813196584719,893.813196584719,885.6876220703125,885.6876220703125,400,0.0,0.0
2019-09-17 00:00:00+09:00,894.5519011365766,898.9840327689626,893.0745239257812,893.0745239257812,1700,0.0,0.0
2019-09-18 00:00:00+09:00,884.9489661768863,898.245361328125,884.9489661768863,898.245361328125,1000,0.0,0.0
2019-09-19 00:00:00+09:00,897.5065107518404,897.5065107518404,896.7678222656249,896.767822265625,1200,0.0,0.0
2019-09-20 00:00:00+09:00,893.8132934570312,893.8132934570312,893.8132934570312,893.8132934570312,400,0.0,0.0
2019-09-24 00:00:00+09:00,900.4613795094676,910.0643310546875,898.9840023486645,910.0643310546875,2700,0.0,0.0
2019-09-25 00:00:00+09:00,914.4963789425652,914.4963789425652,904.1547397622777,913.7576904296875,1100,0.0,0.0
2019-09-26 00:00:00+09:00,913.019050184729,914.4964272885878,899.72265625,899.72265625,3900,0.0,0.0
2019-09-27 00:00:00+09:00,897.4603378029536,907.2645263671875,897.4603378029536,907.2645263671875,500,25.0,0.0
2019-09-30 00:00:00+09:00,912.5437191441791,912.5437191441791,899.7228569743849,911.78955078125,900,0.0,0.0
2019-10-01 00:00:00+09:00,918.5769832363458,918.5769832363458,917.8228149414062,917.8228149414062,700,0.0,0.0
2019-10-02 00:00:00+09:00,917.8226903279622,917.8226903279622,905.0018310546875,905.0018310546875,1400,0.0,0.0
2019-10-03 00:00:00+09:00,914.0518853851471,914.0518853851471,903.4935302734374,903.4935302734375,400,0.0,0.0
2019-10-04 00:00:00+09:00,918.5770660476117,918.5770660476117,904.2478671519593,911.78955078125,1000,0.0,0.0
2019-10-07 00:00:00+09:00,912.5435332248085,917.0685424804688,911.7893650155318,917.0685424804688,700,0.0,0.0
2019-10-08 00:00:00+09:00,917.0685424804688,917.0685424804688,917.0685424804688,917.0685424804688,200,0.0,0.0
2019-10-09 00:00:00+09:00,916.3143920898438,916.3143920898438,914.051887418017,916.3143920898438,800,0.0,0.0
2019-10-10 00:00:00+09:00,911.78955078125,911.78955078125,911.78955078125,911.78955078125,200,0.0,0.0
2019-10-11 00:00:00+09:00,912.5435509701325,916.3143920898438,912.5435509701325,916.3143920898438,200,0.0,0.0
2019-10-15 00:00:00+09:00,916.314471023283,916.314471023283,905.0019466896623,915.560302734375,1600,0.0,0.0
2019-10-16 00:00:00+09:00,915.5602953758838,919.3311367901173,913.2977905273438,913.2977905273438,2400,0.0,0.0
2019-10-17 00:00:00+09:00,913.2977873703529,918.5769653320312,909.5269459691541,918.5769653320312,500,0.0,0.0
2019-10-18 00:00:00+09:00,915.560302734375,915.560302734375,915.560302734375,915.560302734375,100,0.0,0.0
2019-10-21 00:00:00+09:00,920.0853018925108,920.0853018925108,914.0519556505926,918.5769653320312,1300,0.0,0.0
2019-10-23 00:00:00+09:00,919.3310368772413,920.085205078125,913.2976912701716,920.085205078125,2100,0.0,0.0
2019-10-24 00:00:00+09:00,924.6102425532086,924.6102425532086,916.3143920898438,916.3143920898438,1100,0.0,0.0
2019-10-25 00:00:00+09:00,923.1019287109375,923.1019287109375,917.0685827716503,923.1019287109375,1100,0.0,0.0
2019-10-28 00:00:00+09:00,923.1019061053241,923.1019061053241,916.3143920898438,916.3143920898438,1800,0.0,0.0
2019-10-29 00:00:00+09:00,916.314381825523,920.0852229029942,914.8060453945345,919.3310546875,1500,0.0,0.0
2019-10-30 00:00:00+09:00,914.8061376791309,918.5769791370003,910.2811279296875,910.2811279296875,2300,0.0,0.0
2019-10-31 00:00:00+09:00,919.3310318371481,919.3310318371481,912.5435180664062,912.5435180664062,1100,0.0,0.0
2019-11-01 00:00:00+09:00,909.5269564231106,920.0853124678233,908.7727881342025,915.560302734375,2700,0.0,0.0
2019-11-05 00:00:00+09:00,938.1852935591554,938.1852935591554,920.0852557412938,923.1019287109375,3500,0.0,0.0
2019-11-06 00:00:00+09:00,941.2019145021101,941.2019145021101,923.1018776847618,938.1852416992188,1100,0.0,0.0
2019-11-07 00:00:00+09:00,941.9561712636495,941.9561712636495,921.5936279296875,921.5936279296875,1100,0.0,0.0
2019-11-08 00:00:00+09:00,934.4145328644784,935.168701171875,924.6103448683216,935.168701171875,700,0.0,0.0
2019-11-11 00:00:00+09:00,939.6937110162551,941.2020476310483,935.168701171875,935.168701171875,1600,0.0,0.0
2019-11-12 00:00:00+09:00,941.9562629687341,941.9562629687341,930.6437377929688,930.6437377929688,400,0.0,0.0
2019-11-13 00:00:00+09:00,941.9562629687341,941.9562629687341,930.6437377929688,930.6437377929688,400,0.0,0.0
2019-11-14 00:00:00+09:00,930.6434541992187,942.7101440429688,928.3809498535156,942.7101440429688,1400,0.0,0.0
2019-11-15 00:00:00+09:00,941.2020116243962,941.9561799029414,925.3644777749471,936.677001953125,1600,0.0,0.0
2019-11-18 00:00:00+09:00,936.6770664971849,936.6770664971849,931.3978881835938,931.3978881835938,800,0.0,0.0
2019-11-19 00:00:00+09:00,929.889547791773,931.3978844467475,923.856201171875,923.856201171875,1400,0.0,0.0
2019-11-20 00:00:00+09:00,929.889547791773,931.3978844467475,923.856201171875,923.856201171875,1400,0.0,0.0
2019-11-21 00:00:00+09:00,923.8561904944473,928.3812004070733,923.8561904944473,926.8728637695312,17800,0.0,0.0
2019-11-22 00:00:00+09:00,923.8561726391799,927.6270141601562,923.8561726391799,927.6270141601562,400,0.0,0.0
2019-11-25 00:00:00+09:00,942.7103842458417,942.7103842458417,935.168701171875,935.168701171875,1000,0.0,0.0
2019-11-26 00:00:00+09:00,938.9393920898436,938.9393920898436,938.9393920898436,938.9393920898438,100,0.0,0.0
2019-11-27 00:00:00+09:00,938.9393920898436,938.9393920898436,938.9393920898436,938.9393920898438,100,0.0,0.0
2019-11-28 00:00:00+09:00,938.9395427088584,938.9395427088584,933.6603645570817,935.168701171875,1500,0.0,0.0
2019-11-29 00:00:00+09:00,938.1852239034262,938.9393920898436,937.4310557170086,938.9393920898438,600,0.0,0.0
2019-12-02 00:00:00+09:00,940.4478793236517,940.4478793236517,933.6603645570817,935.168701171875,1600,0.0,0.0
2019-12-03 00:00:00+09:00,941.2018078125,942.7101440429688,935.9226310058593,942.7101440429688,2100,0.0,0.0
2019-12-04 00:00:00+09:00,944.9727886312957,944.9727886312957,936.6769381325373,941.9561157226562,900,0.0,0.0
2019-12-05 00:00:00+09:00,947.2352270759104,956.2852451689924,942.7102180293695,952.514404296875,3900,0.0,0.0
2019-12-06 00:00:00+09:00,956.2853186915287,963.0728327831878,951.7603092970893,962.3186645507812,3300,0.0,0.0
2019-12-09 00:00:00+09:00,962.3185905643804,963.0727587388038,948.7435634247574,952.514404296875,2700,0.0,0.0
2019-12-10 00:00:00+09:00,952.514424673741,965.3352839132134,952.514424673741,964.5811157226562,1800,0.0,0.0
2019-12-11 00:00:00+09:00,971.368629437671,971.368629437671,960.056106579313,964.5811157226562,2300,0.0,0.0
2019-12-12 00:00:00+09:00,963.8269552403679,963.8269552403679,948.7435913085938,948.7435913085938,3400,0.0,0.0
2019-12-13 00:00:00+09:00,963.0729183768773,963.0729183768773,949.4978889870702,951.0062255859375,1100,0.0,0.0
2019-12-16 00:00:00+09:00,951.0061587105546,972.122869609758,951.0061587105546,961.5645141601562,2300,0.0,0.0
2019-12-17 00:00:00+09:00,965.3353838582677,965.3353838582677,957.793701171875,957.793701171875,800,0.0,0.0
2019-12-18 00:00:00+09:00,957.7937054634094,965.3353881835938,954.0228641033173,965.3353881835938,1000,0.0,0.0
2019-12-19 00:00:00+09:00,964.5812199115753,965.3353881835938,963.0728833675385,965.3353881835938,800,0.0,0.0
2019-12-20 00:00:00+09:00,954.0228598286786,957.793701171875,953.2686915600394,957.793701171875,3300,0.0,0.0
2019-12-23 00:00:00+09:00,969.1062688339798,969.1062688339798,957.7937442950617,958.5479125976562,1800,0.0,0.0
2019-12-24 00:00:00+09:00,967.5979322287908,967.5979322287908,957.7937442950617,958.5479125976562,1700,0.0,0.0
2019-12-25 00:00:00+09:00,957.7936122781462,958.5477804767904,942.710248305262,943.4644165039062,3300,0.0,0.0
2019-12-26 00:00:00+09:00,966.0895915746122,966.0895915746122,945.7270474899015,951.0062255859375,9200,0.0,0.0
2019-12-27 00:00:00+09:00,966.8437639261962,966.8437639261962,951.006229571711,958.5479125976562,1300,0.0,0.0
2019-12-30 00:00:00+09:00,954.0228641033173,965.3353881835938,954.0228641033173,965.3353881835938,1200,0.0,0.0
2020-01-06 00:00:00+09:00,945.7270547408091,966.843767286856,945.7270547408091,953.2687377929688,3200,0.0,0.0
2020-01-07 00:00:00+09:00,966.8439288912492,972.1231079101561,958.5480761472526,972.1231079101562,3200,0.0,0.0
2020-01-08 00:00:00+09:00,972.8769450063094,972.8769450063094,944.97272255264,952.514404296875,3500,0.0,0.0
2020-01-09 00:00:00+09:00,979.6647268224646,979.6647268224646,957.0396753946941,977.4022216796875,3000,0.0,0.0
2020-01-10 00:00:00+09:00,973.6310834994769,979.6644287109375,972.8769153480442,979.6644287109375,1700,0.0,0.0
2020-01-14 00:00:00+09:00,979.6645282124365,979.6645282124365,972.8770141601564,972.8770141601562,600,0.0,0.0
2020-01-15 00:00:00+09:00,965.3353318798451,972.8770141601564,965.3353318798451,972.8770141601562,1300,0.0,0.0
2020-01-16 00:00:00+09:00,972.8768985829455,978.9102436904366,954.0226951220357,957.0393676757812,3900,0.0,0.0
2020-01-17 00:00:00+09:00,978.1562488079071,978.1562488079071,957.039537191391,965.3353881835938,1200,0.0,0.0
2020-01-20 00:00:00+09:00,977.4022216796875,977.4022216796875,965.3355275848766,977.4022216796875,1000,0.0,0.0
2020-01-21 00:00:00+09:00,977.4022216796875,977.4022216796875,965.3355275848766,977.4022216796875,1000,0.0,0.0
2020-01-22 00:00:00+09:00,975.89371993017,976.6478881835938,966.089532635663,976.6478881835938,19300,0.0,0.0
2020-01-23 00:00:00+09:00,979.6647922228805,979.6647922228805,969.860602616339,972.1231079101562,1000,0.0,0.0
2020-01-24 00:00:00+09:00,975.8935879537746,979.6644287109375,969.8602427423139,979.6644287109375,1400,0.0,0.0
2020-01-27 00:00:00+09:00,979.6645282124365,979.6645282124365,965.3353318798451,972.8770141601562,1300,0.0,0.0
2020-01-28 00:00:00+09:00,979.6645282124365,979.6645282124365,965.3353318798451,972.8770141601562,1300,0.0,0.0
2020-01-29 00:00:00+09:00,979.6646404001038,980.4188087144996,964.5812741121885,975.893798828125,2100,0.0,0.0
2020-01-30 00:00:00+09:00,975.8937439918518,975.8937439918518,965.3353881835938,965.3353881835938,1700,0.0,0.0
2020-01-31 00:00:00+09:00,963.0729692903903,963.0729692903903,950.2521075222332,954.02294921875,3500,0.0,0.0
2020-02-03 00:00:00+09:00,975.8937835573306,975.8937835573306,956.2854076898727,958.5479125976562,1300,0.0,0.0
2020-02-04 00:00:00+09:00,975.8937835573306,975.8937835573306,956.2854076898727,958.5479125976562,1300,0.0,0.0
2020-02-05 00:00:00+09:00,977.4022216796875,977.4022216796875,958.5480121565454,977.4022216796875,1200,0.0,0.0
2020-02-06 00:00:00+09:00,975.8937439918518,975.8937439918518,965.3353881835938,965.3353881835938,400,0.0,0.0
2020-02-07 00:00:00+09:00,975.8937439918518,975.8937439918518,965.3353881835938,965.3353881835938,400,0.0,0.0
2020-02-10 00:00:00+09:00,973.6311618705008,979.664507567607,966.8436479612565,978.9103393554688,6300,0.0,0.0
2020-02-12 00:00:00+09:00,978.9103599844053,980.4186964404676,972.8770141601564,972.8770141601562,2300,0.0,0.0
2020-02-13 00:00:00+09:00,979.6647268224646,979.6647268224646,977.4022216796875,977.4022216796875,1000,0.0,0.0
2020-02-14 00:00:00+09:00,979.6644287109375,979.6644287109375,958.547720470825,979.6644287109375,4300,0.0,0.0
2020-02-17 00:00:00+09:00,959.3020242516832,967.5978750903378,959.3020242516832,966.0895385742188,1900,0.0,0.0
2020-02-18 00:00:00+09:00,975.139677201739,975.139677201739,966.0896569956905,971.3688354492188,700,0.0,0.0
2020-02-19 00:00:00+09:00,969.860346874847,969.860346874847,962.3186645507812,962.3186645507812,300,0.0,0.0
2020-02-20 00:00:00+09:00,962.3187077103319,969.8603903726384,962.3187077103319,963.0728759765625,1000,0.0,0.0
2020-02-21 00:00:00+09:00,974.3856132039734,974.3856132039734,972.1231079101561,972.1231079101562,1300,0.0,0.0
2020-02-25 00:00:00+09:00,964.581262371208,964.581262371208,942.7103815199453,953.2687377929688,4400,0.0,0.0
2020-02-26 00:00:00+09:00,972.1228054028437,972.1228054028437,947.989423112005,948.7435913085938,2400,0.0,0.0
2020-02-27 00:00:00+09:00,971.3686688026686,971.3686688026686,938.939435294505,939.693603515625,4500,0.0,0.0
2020-02-28 00:00:00+09:00,905.0018903872569,913.2977410491402,867.2934782877879,892.1810302734375,8200,0.0,0.0
2020-03-02 00:00:00+09:00,914.8059237792969,974.3852048828124,914.0517556640625,942.7101440429688,6500,0.0,0.0
2020-03-03 00:00:00+09:00,975.8937198815353,975.8937198815353,944.9728214927077,945.7269897460938,3400,0.0,0.0
2020-03-04 00:00:00+09:00,945.7270648247372,966.8437775959435,933.6603718126194,937.4312133789062,5100,0.0,0.0
2020-03-05 00:00:00+09:00,958.5479125976562,959.3020809002509,944.2187148483602,958.5479125976562,3100,0.0,0.0
2020-03-06 00:00:00+09:00,959.3018425781249,959.3018425781249,935.9226310058593,942.7101440429688,2800,0.0,0.0
2020-03-09 00:00:00+09:00,904.2477040677458,947.9894612286542,867.2934609490472,892.9351806640625,7800,0.0,0.0
2020-03-10 00:00:00+09:00,882.3768052478765,903.4935151170565,844.668394767198,898.968505859375,6700,0.0,0.0
2020-03-11 00:00:00+09:00,941.9561157226562,941.9561157226562,888.4101715943067,941.9561157226562,2200,0.0,0.0
2020-03-12 00:00:00+09:00,941.202018017101,941.202018017101,912.5436232377341,926.11865234375,1500,0.0,0.0
2020-03-13 00:00:00+09:00,853.718391370387,855.9808959411566,791.1224315790955,837.880859375,11800,0.0,0.0
2020-03-16 00:00:00+09:00,900.4769774074504,900.4769774074504,837.1268382933583,839.3893432617188,13200,0.0,0.0
2020-03-17 00:00:00+09:00,829.5850354405076,829.5850354405076,761.7098961771934,803.1891479492188,24100,0.0,0.0
2020-03-18 00:00:00+09:00,825.8143014532093,825.8143014532093,799.4184105391798,803.9434204101562,4900,0.0,0.0
2020-03-19 00:00:00+09:00,825.0601401673523,825.0601401673523,791.8767341642779,793.3850708007812,2800,0.0,0.0
2020-03-23 00:00:00+09:00,794.8933633098671,825.0600943652701,791.8766902043269,823.5517578125,3500,0.0,0.0
2020-03-24 00:00:00+09:00,846.176679696014,877.8517425723354,829.5849800941314,865.0308837890625,3000,0.0,0.0
2020-03-25 00:00:00+09:00,923.1019061053241,923.1019061053241,895.1976818194605,916.3143920898438,4000,0.0,0.0
2020-03-26 00:00:00+09:00,916.3144140170976,916.3144140170976,890.6726937894588,892.1810302734375,2200,0.0,0.0
2020-03-27 00:00:00+09:00,918.5768715463033,922.3477125625033,893.6893208393839,896.7059936523438,3600,0.0,0.0
2020-03-30 00:00:00+09:00,832.7656073487178,909.0318378089612,831.9952413844729,884.380126953125,3200,25.0,0.0
2020-03-31 00:00:00+09:00,907.4911301449993,909.0318621146852,906.7207641601562,906.7207641601562,900,0.0,0.0
2020-04-01 00:00:00+09:00,924.4391983695652,924.4391983695652,857.4173564877718,885.9208984375,1400,0.0,0.0
2020-04-02 00:00:00+09:00,909.031982421875,909.031982421875,862.8100172139831,909.031982421875,1000,0.0,0.0
2020-04-03 00:00:00+09:00,878.2172297715545,946.7798029730179,857.4173480138071,923.6688232421875,3400,0.0,0.0
2020-04-06 00:00:00+09:00,920.5872332339254,932.1427215171965,902.0984519806918,930.6019897460938,3800,0.0,0.0
2020-04-07 00:00:00+09:00,932.142822265625,937.5353840473269,924.4391625774794,932.142822265625,2200,0.0,0.0
2020-04-08 00:00:00+09:00,918.27643891014,932.1430294305951,918.27643891014,928.2911987304688,2200,0.0,0.0
2020-04-09 00:00:00+09:00,931.3724562968104,932.142822265625,924.4391625774794,932.142822265625,1800,0.0,0.0
2020-04-10 00:00:00+09:00,924.4391625774794,932.142822265625,924.4391625774794,932.142822265625,1700,0.0,0.0
2020-04-13 00:00:00+09:00,931.3726632905699,931.3726632905699,921.3579034702411,928.2911987304688,3000,0.0,0.0
2020-04-14 00:00:00+09:00,932.1427215171965,932.1427215171965,922.8983308905797,930.6019897460938,1100,0.0,0.0
2020-04-15 00:00:00+09:00,930.6021550073973,930.6021550073973,925.2095928508975,927.5206909179688,1400,0.0,0.0
2020-04-16 00:00:00+09:00,930.6020989964696,930.6020989964696,917.5058774046319,920.5873413085938,1600,0.0,0.0
2020-04-17 00:00:00+09:00,922.8984498418582,922.8984498418582,906.7207641601562,906.7207641601562,2100,0.0,0.0
2020-04-20 00:00:00+09:00,905.9504218612698,905.9504218612698,876.676513671875,876.676513671875,4900,0.0,0.0
2020-04-21 00:00:00+09:00,899.787607638889,899.787607638889,839.6990516493056,866.661865234375,5000,0.0,0.0
2020-04-22 00:00:00+09:00,889.7727816553901,889.7727816553901,847.4026491956096,871.2839965820312,2500,0.0,0.0
2020-04-23 00:00:00+09:00,875.9061476668909,890.5431017615883,859.7284615622253,876.676513671875,2000,0.0,0.0
2020-04-24 00:00:00+09:00,873.5950102470291,885.9208657707967,852.0247630804357,875.1357421875,3700,0.0,0.0
2020-04-27 00:00:00+09:00,892.0838264266305,892.8541924252718,877.4468724524457,885.9208984375,2400,0.0,0.0
2020-04-28 00:00:00+09:00,902.098596558535,922.1281127929688,897.4764005044349,922.1281127929688,1300,0.0,0.0
2020-04-30 00:00:00+09:00,923.6689508802508,923.6689508802508,883.6099138112157,895.1654052734375,7200,0.0,0.0
2020-05-01 00:00:00+09:00,923.6687991932926,923.6687991932926,895.1652582673944,901.3281860351562,2000,0.0,0.0
2020-05-07 00:00:00+09:00,901.3281919088323,920.5873413085938,889.7727022689755,920.5873413085938,2800,0.0,0.0
2020-05-08 00:00:00+09:00,939.846494272038,939.846494272038,912.8836850101352,915.9651489257812,4600,0.0,0.0
2020-05-11 00:00:00+09:00,970.6611872412661,970.6611872412661,925.2095919656831,953.713134765625,5000,0.0,0.0
2020-05-12 00:00:00+09:00,963.7279608953862,963.7279608953862,932.9133178611612,946.7799072265625,1200,0.0,0.0
2020-05-13 00:00:00+09:00,962.1871553740697,962.1871553740697,934.4539787580036,960.6464233398438,1500,0.0,0.0
2020-05-14 00:00:00+09:00,959.1055275114956,959.1055275114956,930.6019897460936,930.6019897460938,700,0.0,0.0
2020-05-15 00:00:00+09:00,953.7131721320325,953.7131721320325,933.6836547851562,933.6836547851562,8600,0.0,0.0
2020-05-18 00:00:00+09:00,951.4020819086838,951.4020819086838,908.2615826480472,948.3206176757812,1900,0.0,0.0
2020-05-19 00:00:00+09:00,951.4020996093749,951.4020996093749,939.0762424484437,951.402099609375,2000,0.0,0.0
2020-05-20 00:00:00+09:00,951.4021234279726,951.4021234279726,938.3058998666158,947.55029296875,2000,0.0,0.0
2020-05-21 00:00:00+09:00,951.4020480796938,951.4020480796938,939.8465576171875,939.8465576171875,800,0.0,0.0
2020-05-22 00:00:00+09:00,946.7798875442157,950.6317178434192,924.4392718088355,946.009521484375,2500,0.0,0.0
2020-05-25 00:00:00+09:00,947.5501017742847,962.9574205023218,946.7797358378829,959.1055908203125,2700,0.0,0.0
2020-05-26 00:00:00+09:00,962.9575449871363,962.9575449871363,946.7798582313525,956.7946166992188,2000,0.0,0.0
2020-05-27 00:00:00+09:00,962.9575449871363,962.9575449871363,948.3205903033319,956.7946166992188,1700,0.0,0.0
2020-05-28 00:00:00+09:00,937.5354870211694,960.646468623992,937.5354870211694,955.25390625,2400,0.0,0.0
2020-05-29 00:00:00+09:00,951.4020759828629,955.25390625,947.5502457157259,955.25390625,1300,0.0,0.0
2020-06-01 00:00:00+09:00,959.1057186682248,959.1057186682248,948.3205941209516,952.1724243164062,2100,0.0,0.0
2020-06-02 00:00:00+09:00,958.335289414031,958.335289414031,944.468701625082,954.4834594726562,1000,0.0,0.0
2020-06-03 00:00:00+09:00,959.8759369190866,959.8759369190866,949.0908140323553,958.335205078125,1300,0.0,0.0
2020-06-04 00:00:00+09:00,958.3353684932497,958.3353684932497,948.3206098192849,957.5650024414062,1700,0.0,0.0
2020-06-05 00:00:00+09:00,958.3353704637098,958.3353704637098,947.5502457157259,955.25390625,500,0.0,0.0
2020-06-08 00:00:00+09:00,952.9428080897178,955.25390625,940.616951234879,955.25390625,1100,0.0,0.0
2020-06-09 00:00:00+09:00,955.25390625,955.25390625,943.6984154485888,955.25390625,600,0.0,0.0
2020-06-10 00:00:00+09:00,958.335289414031,958.335289414031,943.698335636807,954.4834594726562,1000,0.0,0.0
2020-06-11 00:00:00+09:00,954.4836118861607,954.4836118861607,943.698486328125,943.698486328125,500,0.0,0.0
2020-06-12 00:00:00+09:00,935.9947706523694,942.9280652497944,928.2911099885639,936.76513671875,1600,0.0,0.0
2020-06-15 00:00:00+09:00,936.7651482404393,947.5502733024181,936.7651482404393,946.7799072265625,1300,0.0,0.0
2020-06-16 00:00:00+09:00,952.1724160413029,952.1724160413029,926.750336972239,937.5354614257812,1700,0.0,0.0
2020-06-17 00:00:00+09:00,955.2538840737253,955.2538840737253,932.1429030074255,932.9132690429688,1600,0.0,0.0
2020-06-18 00:00:00+09:00,938.3057500161415,938.3057500161415,932.142822265625,932.142822265625,300,0.0,0.0
2020-06-19 00:00:00+09:00,925.9797944327853,932.1427215171965,925.9797944327853,930.6019897460938,1400,0.0,0.0
2020-06-22 00:00:00+09:00,930.6022081877055,936.76513671875,924.4392796566611,936.76513671875,1300,0.0,0.0
2020-06-23 00:00:00+09:00,936.7649998704395,936.7649998704395,928.2909743781904,929.0613403320312,1000,0.0,0.0
2020-06-24 00:00:00+09:00,935.9948601307216,935.9948601307216,928.2911987304688,928.2911987304688,500,0.0,0.0
2020-06-25 00:00:00+09:00,942.9280113651112,942.9280113651112,925.2095928508975,927.5206909179688,1000,0.0,0.0
2020-06-26 00:00:00+09:00,941.3871989949544,941.3871989949544,924.4391479492188,924.4391479492188,1400,0.0,0.0
2020-06-29 00:00:00+09:00,920.5874177719363,920.5874177719363,892.8542403327817,902.0986328125,4800,0.0,0.0
2020-06-30 00:00:00+09:00,909.0317507332384,929.0612638849877,909.0317507332384,921.3576049804688,2500,0.0,0.0
2020-07-01 00:00:00+09:00,935.2242861408832,935.2242861408832,917.5058688581482,932.142822265625,2400,0.0,0.0
2020-07-02 00:00:00+09:00,935.2242983985689,935.2242983985689,904.4096592421087,915.9651489257812,900,0.0,0.0
2020-07-03 00:00:00+09:00,925.2095442164881,925.2095442164881,911.3429565429688,911.3429565429688,500,0.0,0.0
2020-07-06 00:00:00+09:00,934.4539359988344,934.4539359988344,911.3429565429688,911.3429565429688,800,0.0,0.0
2020-07-07 00:00:00+09:00,933.683568224336,933.683568224336,913.654052734375,913.654052734375,600,0.0,0.0
2020-07-08 00:00:00+09:00,931.3723862773239,931.3723862773239,913.6539703266387,915.1947021484375,1100,0.0,0.0
2020-07-09 00:00:00+09:00,918.2764085950619,919.0467747096551,916.7356763658755,917.5060424804688,1100,0.0,0.0
2020-07-10 00:00:00+09:00,917.5057174041492,920.5871807707458,916.7353515625,916.7353515625,1500,0.0,0.0
2020-07-13 00:00:00+09:00,917.5060093766552,917.5060093766552,909.031982421875,909.031982421875,13200,0.0,0.0
2020-07-14 00:00:00+09:00,913.6542119075028,935.2244631161117,909.0320152199438,917.5060424804688,1700,0.0,0.0
2020-07-15 00:00:00+09:00,917.5057174041492,917.5057174041492,907.4909614627101,916.7353515625,1600,0.0,0.0
2020-07-16 00:00:00+09:00,916.7353515625,916.7353515625,901.3280347295168,916.7353515625,1300,0.0,0.0
2020-07-17 00:00:00+09:00,915.1948913108303,915.1948913108303,906.7208645394336,908.2615966796875,1200,0.0,0.0
2020-07-20 00:00:00+09:00,916.7353515625,916.7353515625,916.7353515625,916.7353515625,100,0.0,0.0
2020-07-21 00:00:00+09:00,911.3429401942662,914.4244040664362,902.0985485777563,905.9503784179688,800,0.0,0.0
2020-07-22 00:00:00+09:00,908.2614531617969,912.8836488521877,895.9355979874214,909.8021850585938,2600,0.0,0.0
2020-07-27 00:00:00+09:00,923.6689845977028,923.6689845977028,902.8690992064285,903.6394653320312,2600,0.0,0.0
2020-07-28 00:00:00+09:00,915.9652234952744,915.9652234952744,899.7875366210938,899.7875366210938,600,0.0,0.0
2020-07-29 00:00:00+09:00,897.4764603266107,909.0319512321034,874.3654785156249,874.365478515625,3400,0.0,0.0
2020-07-30 00:00:00+09:00,896.7060335516509,896.7060335516509,872.0543212890625,872.0543212890625,2600,0.0,0.0
2020-07-31 00:00:00+09:00,892.8542072844971,892.8542072844971,864.3506648604019,867.43212890625,7900,0.0,0.0
2020-08-03 00:00:00+09:00,859.7284724644252,875.9061587742397,859.7284724644252,862.8099365234375,2700,0.0,0.0
2020-08-04 00:00:00+09:00,855.1062727228575,885.1505471698767,855.1062727228575,867.43212890625,900,0.0,0.0
2020-08-05 00:00:00+09:00,876.6765247889928,876.6765247889928,859.7284724644252,862.8099365234375,2900,0.0,0.0
2020-08-06 00:00:00+09:00,883.6098712400192,883.6098712400192,874.3654785156249,874.365478515625,400,0.0,0.0
2020-08-07 00:00:00+09:00,884.3801792844193,884.3801792844193,869.7432250976562,869.7432250976562,700,0.0,0.0
2020-08-11 00:00:00+09:00,858.9581495715726,885.1505953881049,858.9581495715726,859.728515625,2200,0.0,0.0
2020-08-12 00:00:00+09:00,859.7283658998202,876.6764161236518,859.7283658998202,870.5134887695312,2900,0.0,0.0
2020-08-13 00:00:00+09:00,870.5135911074859,870.5135911074859,862.8099310091895,869.7432250976562,3300,0.0,0.0
2020-08-14 00:00:00+09:00,871.28394093233,883.6097968606389,864.3506469726562,864.3506469726562,4100,0.0,0.0
2020-08-17 00:00:00+09:00,918.276118830284,918.276118830284,874.3652641546747,892.0836791992188,2700,0.0,0.0
2020-08-18 00:00:00+09:00,898.2468362471831,898.2468362471831,886.6913452148438,886.6913452148438,800,0.0,0.0
2020-08-19 00:00:00+09:00,908.2615087172564,908.2615087172564,890.5430908203125,890.5430908203125,900,0.0,0.0
2020-08-20 00:00:00+09:00,902.098588103181,902.098588103181,875.1357780403191,881.2987060546875,2100,0.0,0.0
2020-08-21 00:00:00+09:00,897.4763774030844,897.4763774030844,873.5950317382812,873.5950317382812,1800,0.0,0.0
2020-08-24 00:00:00+09:00,896.7060077868009,896.7060077868009,878.2172241210938,878.2172241210938,900,0.0,0.0
2020-08-25 00:00:00+09:00,895.9355143335686,895.9355143335686,882.8392944335938,882.8392944335938,1000,0.0,0.0
2020-08-26 00:00:00+09:00,900.5578487620635,900.5578487620635,885.9208948471968,890.5430908203125,2000,0.0,0.0
2020-08-27 00:00:00+09:00,890.5431891284453,894.39501953125,885.9209926450797,894.39501953125,600,0.0,0.0
2020-08-28 00:00:00+09:00,875.9061261628802,894.3949098285875,862.809904399671,878.2172241210938,4900,0.0,0.0
2020-08-31 00:00:00+09:00,878.2172043476322,880.5283022538102,866.6617148167423,877.4468383789062,3200,0.0,0.0
2020-09-01 00:00:00+09:00,900.557906281516,900.557906281516,862.8099700900751,871.2839965820312,3300,0.0,0.0
2020-09-02 00:00:00+09:00,876.6765428862113,877.4469089168671,848.1729997519496,865.8914184570312,5800,0.0,0.0
2020-09-03 00:00:00+09:00,868.9729343235277,868.9729343235277,852.7952467164407,853.5656127929688,3700,0.0,0.0
2020-09-04 00:00:00+09:00,847.4026094586037,854.3359035359922,845.8618774414062,845.8618774414062,6100,0.0,0.0
2020-09-07 00:00:00+09:00,857.4174556627186,859.7285539259603,839.6990356445312,839.6990356445312,5900,0.0,0.0
2020-09-08 00:00:00+09:00,839.6989493726163,849.7137074843998,838.9285833640176,845.8618774414062,3400,0.0,0.0
2020-09-09 00:00:00+09:00,846.6323025432313,855.1063292292873,846.6323025432313,848.1730346679688,9900,0.0,0.0
2020-09-10 00:00:00+09:00,848.1730636023451,862.0396531980238,848.1730636023451,861.269287109375,1600,0.0,0.0
2020-09-11 00:00:00+09:00,848.9432966275452,857.4173222744627,847.4025646917421,851.25439453125,3300,0.0,0.0
2020-09-14 00:00:00+09:00,866.661768463326,866.661768463326,851.2544481350891,860.4988403320312,1700,0.0,0.0
2020-09-15 00:00:00+09:00,861.2691829905791,866.6617449592142,854.3358890309054,864.3506469726562,700,0.0,0.0
2020-09-16 00:00:00+09:00,856.6470260891625,870.5136146409656,851.2544638745725,865.8914184570312,3700,0.0,0.0
2020-09-17 00:00:00+09:00,874.3655241296647,874.3655241296647,868.2025953252265,868.9729614257812,500,0.0,0.0
2020-09-18 00:00:00+09:00,868.9727648542602,869.7431307805493,858.9580078125001,858.9580078125,1700,0.0,0.0
2020-09-23 00:00:00+09:00,878.217155969731,878.217155969731,858.9580078125001,858.9580078125,900,0.0,0.0
2020-09-24 00:00:00+09:00,852.7952753906251,866.661865234375,848.1730787760417,866.661865234375,6700,0.0,0.0
2020-09-25 00:00:00+09:00,867.43212890625,868.9728609291741,866.661762894788,867.43212890625,1000,0.0,0.0
2020-09-28 00:00:00+09:00,867.4321761592743,872.0543724798388,858.9581495715726,859.728515625,1700,0.0,0.0
2020-09-29 00:00:00+09:00,887.9677734375,887.9677734375,873.84814453125,878.5546875,1600,20.0,0.0
2020-09-30 00:00:00+09:00,887.1834116873981,887.1834116873981,862.8662713140035,872.2793579101562,4100,0.0,0.0
2020-10-02 00:00:00+09:00,882.476806640625,882.476806640625,870.71044921875,870.71044921875,1600,0.0,0.0
2020-10-05 00:00:00+09:00,880.907958984375,881.6923828125,823.64501953125,857.375244140625,3900,0.0,0.0
2020-10-06 00:00:00+09:00,861.2974238749224,873.8482060078902,851.8843372751965,867.5728149414062,3000,0.0,0.0
2020-10-07 00:00:00+09:00,878.5546259704096,878.5546259704096,865.2194218262159,871.4948120117188,2100,0.0,0.0
2020-10-08 00:00:00+09:00,872.2791731355401,876.9857154366312,833.8424110099633,860.5128173828125,3000,0.0,0.0
2020-10-09 00:00:00+09:00,860.5128192456449,873.8480224609375,855.0218532158185,873.8480224609375,1300,0.0,0.0
2020-10-12 00:00:00+09:00,873.8480224609375,873.8480224609375,858.9439718085516,873.8480224609375,800,0.0,0.0
2020-10-13 00:00:00+09:00,873.8482059523558,873.8482059523558,858.1597282871429,868.3572387695312,1100,0.0,0.0
2020-10-14 00:00:00+09:00,868.3572387695312,868.3572387695312,868.3572387695312,868.3572387695312,200,0.0,0.0
2020-10-15 00:00:00+09:00,855.806396484375,868.357177734375,855.806396484375,862.8662109375,1800,0.0,0.0
2020-10-16 00:00:00+09:00,862.8661498468067,862.8661498468067,858.1596072112786,862.0817260742188,400,0.0,0.0
2020-10-19 00:00:00+09:00,862.081787109375,862.8662109375,851.88427734375,862.8662109375,1400,0.0,0.0
2020-10-20 00:00:00+09:00,862.8662109375,862.8662109375,852.668701171875,861.29736328125,500,0.0,0.0
2020-10-21 00:00:00+09:00,851.8841551609303,858.9439686014905,847.1776128672235,851.0997314453125,2100,0.0,0.0
2020-10-22 00:00:00+09:00,858.944091796875,858.944091796875,846.393310546875,858.944091796875,500,0.0,0.0
2020-10-23 00:00:00+09:00,845.6088264660957,856.5907592773438,844.8244026938637,856.5907592773438,1600,0.0,0.0
2020-10-26 00:00:00+09:00,856.5908203125,856.5908203125,854.237548828125,854.237548828125,1200,0.0,0.0
2020-10-27 00:00:00+09:00,858.1596064839794,858.1596064839794,840.1178597297458,851.8842163085938,1000,0.0,0.0
2020-10-28 00:00:00+09:00,843.255615234375,844.0400390625,828.3515625,830.704833984375,2300,0.0,0.0
2020-10-29 00:00:00+09:00,830.7047726014401,851.0997906256492,823.6449586699831,825.9982299804688,2400,0.0,0.0
2020-10-30 00:00:00+09:00,825.9983522251674,839.3335582914807,823.6450805664062,823.6450805664062,11500,0.0,0.0
2020-11-02 00:00:00+09:00,840.1179821777345,840.1179821777345,817.3696894763765,823.6450805664062,5200,0.0,0.0
2020-11-04 00:00:00+09:00,840.1178585428587,840.1178585428587,831.4891970638938,835.4113159179688,1000,0.0,0.0
2020-11-05 00:00:00+09:00,840.1178586579084,840.1178586579084,825.2138070103824,836.9801635742188,700,0.0,0.0
2020-11-06 00:00:00+09:00,825.2138066129864,840.117858253335,823.6449590718971,831.4891967773438,5900,0.0,0.0
2020-11-09 00:00:00+09:00,829.135986328125,831.4892578125,823.64501953125,825.2138671875,3100,0.0,0.0
2020-11-10 00:00:00+09:00,834.626953125,834.626953125,824.429443359375,829.92041015625,1100,0.0,0.0
2020-11-11 00:00:00+09:00,829.1359254657098,831.4891967773438,827.5670779246204,831.4891967773438,3100,0.0,0.0
2020-11-12 00:00:00+09:00,831.4892578125,831.4892578125,823.64501953125,824.429443359375,1600,0.0,0.0
2020-11-13 00:00:00+09:00,824.429443359375,827.567138671875,822.860595703125,825.2138671875,2300,0.0,0.0
2020-11-16 00:00:00+09:00,825.2138671875,825.998291015625,820.50732421875,824.429443359375,3500,0.0,0.0
2020-11-17 00:00:00+09:00,826.78271484375,827.567138671875,823.64501953125,825.2138671875,2700,0.0,0.0
2020-11-18 00:00:00+09:00,827.5670776367188,827.5670776367188,820.5072637042729,827.5670776367188,3100,0.0,0.0
2020-11-19 00:00:00+09:00,831.4892578125,842.47119140625,823.64501953125,825.2138671875,4300,0.0,0.0
2020-11-20 00:00:00+09:00,834.626953125,834.626953125,823.64501953125,824.429443359375,2100,0.0,0.0
2020-11-24 00:00:00+09:00,834.6268307095312,836.9801018487498,819.7227801611467,832.2735595703125,3100,0.0,0.0
2020-11-25 00:00:00+09:00,832.2736209486842,845.6088250543653,831.4891971777618,836.9801635742188,3000,0.0,0.0
2020-11-26 00:00:00+09:00,836.9801013841873,837.7645250968247,823.6448982693502,829.1358642578125,3000,0.0,0.0
2020-11-27 00:00:00+09:00,829.1359259781156,838.5490112304688,829.1359259781156,838.5490112304688,1300,0.0,0.0
2020-11-30 00:00:00+09:00,845.6087037829806,846.3931274414064,840.1177381740001,846.3931274414062,1200,0.0,0.0
2020-12-01 00:00:00+09:00,859.728515625,859.728515625,840.117919921875,840.117919921875,2700,0.0,0.0
2020-12-02 00:00:00+09:00,840.1177381740001,847.177551099832,840.1177381740001,846.3931274414062,700,0.0,0.0
2020-12-03 00:00:00+09:00,847.1776737328944,853.4530639086936,847.1776737328944,852.6686401367188,2100,0.0,0.0
2020-12-04 00:00:00+09:00,855.02197265625,855.02197265625,847.177734375,854.237548828125,2000,0.0,0.0
2020-12-07 00:00:00+09:00,855.02197265625,862.8662109375,854.237548828125,862.8662109375,4500,0.0,0.0
2020-12-08 00:00:00+09:00,844.0400999844185,860.51300156404,844.0400999844185,845.6089477539062,1600,0.0,0.0
2020-12-09 00:00:00+09:00,860.512939453125,860.512939453125,840.117919921875,840.117919921875,1900,0.0,0.0
2020-12-10 00:00:00+09:00,848.746643122868,861.297425276256,846.3933714691077,847.9622192382812,1700,0.0,0.0
2020-12-11 00:00:00+09:00,895.0274629738299,895.0274629738299,865.2193616653237,874.6324462890625,3200,0.0,0.0
2020-12-14 00:00:00+09:00,878.5546875,887.9677734375,870.71044921875,881.6923828125,1300,0.0,0.0
2020-12-15 00:00:00+09:00,881.6923828125,887.9677734375,878.5546875,887.9677734375,2400,0.0,0.0
2020-12-16 00:00:00+09:00,887.9676511511339,891.1053460315266,848.7464651462251,886.3988037109375,1200,0.0,0.0
2020-12-17 00:00:00+09:00,886.3988645292726,886.3988645292726,883.2611694335938,883.2611694335938,500,0.0,0.0
2020-12-18 00:00:00+09:00,883.2611088305448,886.3988037109375,855.8062786271087,886.3988037109375,2800,0.0,0.0
2020-12-21 00:00:00+09:00,894.243041238002,894.243041238002,872.2791770672441,888.7520751953125,3000,0.0,0.0
2020-12-22 00:00:00+09:00,887.9677734375,887.9677734375,852.668701171875,877.770263671875,2700,0.0,0.0
2020-12-23 00:00:00+09:00,861.2973032842925,876.2013549804688,861.2973032842925,876.2013549804688,900,0.0,0.0
2020-12-24 00:00:00+09:00,874.632568359375,876.98583984375,867.57275390625,876.98583984375,1300,0.0,0.0
2020-12-25 00:00:00+09:00,885.6143799908393,886.3988037109375,878.5545665099557,886.3988037109375,1400,0.0,0.0
2020-12-28 00:00:00+09:00,892.67431640625,892.67431640625,884.045654296875,887.183349609375,3000,0.0,0.0
2020-12-29 00:00:00+09:00,867.57275390625,893.458740234375,867.57275390625,887.9677734375,1100,0.0,0.0
2020-12-30 00:00:00+09:00,892.6742551558021,892.6742551558021,886.3988649613852,889.5365600585938,1000,0.0,0.0
2021-01-04 00:00:00+09:00,893.4586786586061,893.4586786586061,885.6144409179688,885.6144409179688,1200,0.0,0.0
2021-01-05 00:00:00+09:00,893.458679145585,893.458679145585,884.8300176261808,892.6742553710938,11700,0.0,0.0
2021-01-06 00:00:00+09:00,894.24310243267,894.24310243267,885.6144409179688,885.6144409179688,1900,0.0,0.0
2021-01-07 00:00:00+09:00,885.6143783500911,892.6741918178952,874.6324462890625,874.6324462890625,1200,0.0,0.0
2021-01-08 00:00:00+09:00,874.632568359375,876.98583984375,874.632568359375,876.98583984375,500,0.0,0.0
2021-01-12 00:00:00+09:00,889.53662109375,889.53662109375,878.5546875,878.5546875,2100,0.0,0.0
2021-01-13 00:00:00+09:00,878.5546875,878.5546875,878.5546875,878.5546875,600,0.0,0.0
2021-01-14 00:00:00+09:00,871.494873046875,874.632568359375,862.8662109375,862.8662109375,2400,0.0,0.0
2021-01-15 00:00:00+09:00,862.8662109375,867.57275390625,862.8662109375,864.43505859375,2100,0.0,0.0
2021-01-18 00:00:00+09:00,855.0219115088968,857.3751828249763,851.0997926487643,853.4530639648438,8200,0.0,0.0
2021-01-19 00:00:00+09:00,853.4530639648438,853.4530639648438,851.0997926487643,853.4530639648438,900,0.0,0.0
2021-01-20 00:00:00+09:00,851.099853515625,854.237548828125,849.531005859375,849.531005859375,1300,0.0,0.0
2021-01-21 00:00:00+09:00,855.0219113962866,864.434996659365,850.3153687647474,851.8842163085938,1300,0.0,0.0
2021-01-22 00:00:00+09:00,859.728515625,859.728515625,857.375244140625,857.375244140625,1000,0.0,0.0
2021-01-25 00:00:00+09:00,858.944091796875,858.944091796875,851.88427734375,858.944091796875,3400,0.0,0.0
2021-01-26 00:00:00+09:00,849.5309446546767,851.8842159695096,847.1776733398438,847.1776733398438,3300,0.0,0.0
2021-01-27 00:00:00+09:00,847.177551099832,853.4529403672383,846.3931274414064,846.3931274414062,1700,0.0,0.0
2021-01-28 00:00:00+09:00,846.3931877939698,847.1776115083294,841.6866455078125,841.6866455078125,2100,0.0,0.0
2021-01-29 00:00:00+09:00,841.6866455078125,858.1595435093633,841.6866455078125,841.6866455078125,4400,0.0,0.0
2021-02-01 00:00:00+09:00,850.3154296875,850.3154296875,839.33349609375,840.117919921875,2600,0.0,0.0
2021-02-02 00:00:00+09:00,862.0817257952647,862.0817257952647,841.686707714576,858.1596069335938,1400,0.0,0.0
2021-02-03 00:00:00+09:00,858.1596065970028,858.1596065970028,829.135927032022,853.4530639648438,5000,0.0,0.0
2021-02-04 00:00:00+09:00,854.2374870555551,854.2374870555551,844.0399780273438,844.0399780273438,1600,0.0,0.0
2021-02-05 00:00:00+09:00,844.0400390625,855.02197265625,843.255615234375,843.255615234375,2400,0.0,0.0
2021-02-08 00:00:00+09:00,854.237548828125,886.39892578125,848.74658203125,878.5546875,8100,0.0,0.0
2021-02-09 00:00:00+09:00,878.5545637726244,880.9078349255868,862.8660894195419,866.7882080078125,2900,0.0,0.0
2021-02-10 00:00:00+09:00,876.9857766610605,876.9857766610605,839.3334356237341,847.1776733398438,3300,0.0,0.0
2021-02-12 00:00:00+09:00,847.1777951849343,850.3154907226562,847.1777951849343,850.3154907226562,1900,0.0,0.0
2021-02-15 00:00:00+09:00,848.74658203125,874.632568359375,848.74658203125,873.063720703125,2300,0.0,0.0
2021-02-16 00:00:00+09:00,873.0636586079432,873.0636586079432,858.1596069335939,858.1596069335938,2900,0.0,0.0
2021-02-17 00:00:00+09:00,862.081787109375,862.081787109375,850.3154296875,855.02197265625,2200,0.0,0.0
2021-02-18 00:00:00+09:00,855.0219114526434,862.8661491723924,847.1776737328944,852.6686401367188,5200,0.0,0.0
2021-02-19 00:00:00+09:00,848.74658203125,849.531005859375,847.962158203125,848.74658203125,1400,0.0,0.0
2021-02-22 00:00:00+09:00,859.7283929952453,859.7283929952453,849.5308846841702,855.8062744140625,1200,0.0,0.0
2021-02-24 00:00:00+09:00,861.297241099661,861.297241099661,858.9439699491155,860.5128173828125,1800,0.0,0.0
2021-02-25 00:00:00+09:00,862.0817260742188,862.0817260742188,855.8063358935146,862.0817260742188,1600,0.0,0.0
2021-02-26 00:00:00+09:00,860.512939453125,860.512939453125,851.099853515625,855.02197265625,3400,0.0,0.0
2021-03-01 00:00:00+09:00,858.1595448858727,858.1595448858727,851.0997314453125,851.0997314453125,2600,0.0,0.0
2021-03-02 00:00:00+09:00,851.0997919699516,852.6686395127533,844.0399780273438,844.0399780273438,14300,0.0,0.0
2021-03-03 00:00:00+09:00,853.453125,855.806396484375,848.74658203125,855.02197265625,1700,0.0,0.0
2021-03-04 00:00:00+09:00,851.099853515625,851.099853515625,845.60888671875,849.531005859375,1100,0.0,0.0
2021-03-05 00:00:00+09:00,847.962158203125,848.74658203125,843.255615234375,843.255615234375,2500,0.0,0.0
2021-03-08 00:00:00+09:00,854.237610486089,855.0220343708329,845.6089477539062,845.6089477539062,2500,0.0,0.0
2021-03-09 00:00:00+09:00,853.4530635127314,853.4530635127314,844.8244020250108,847.1776733398438,2400,0.0,0.0
2021-03-10 00:00:00+09:00,853.453002592166,853.453002592166,843.2554942891345,851.0997314453125,3300,0.0,0.0
2021-03-11 00:00:00+09:00,856.5908203125,856.5908203125,854.237548828125,855.02197265625,1700,0.0,0.0
2021-03-12 00:00:00+09:00,855.0219110559534,855.0219110559534,846.3932495682328,847.1776733398438,2700,0.0,0.0
2021-03-15 00:00:00+09:00,856.5907593889254,858.1596069335939,847.1776741209153,858.1596069335938,4000,0.0,0.0
2021-03-16 00:00:00+09:00,858.944091796875,858.944091796875,852.668701171875,855.02197265625,1800,0.0,0.0
2021-03-17 00:00:00+09:00,855.0219119552278,860.5128783622797,852.6686406379198,859.7284545898438,6800,0.0,0.0
2021-03-18 00:00:00+09:00,859.7283929952453,860.5128167114817,852.6685795491164,855.8062744140625,2700,0.0,0.0
2021-03-19 00:00:00+09:00,852.6686397411205,858.9440299140083,846.3932495682328,847.1776733398438,11800,0.0,0.0
2021-03-22 00:00:00+09:00,855.8063352246184,855.8063352246184,844.8244024169696,852.6686401367188,22100,0.0,0.0
2021-03-23 00:00:00+09:00,851.8840930503867,852.6685167088125,845.6087037829806,846.3931274414062,10500,0.0,0.0
2021-03-24 00:00:00+09:00,854.237610486089,854.237610486089,845.6089477539062,845.6089477539062,3600,0.0,0.0
2021-03-25 00:00:00+09:00,845.6088262445786,853.4530639648438,844.8244024725522,853.4530639648438,3400,0.0,0.0
2021-03-26 00:00:00+09:00,854.2374263077837,855.0218500234015,846.3931891516057,851.0997314453125,3100,0.0,0.0
2021-03-29 00:00:00+09:00,858.15966796875,862.8662109375,851.88427734375,855.02197265625,6800,0.0,0.0
2021-03-30 00:00:00+09:00,867.8673095703125,867.8673095703125,860.6417723028445,867.8673095703125,2700,25.0,0.0
2021-03-31 00:00:00+09:00,884.7269139246429,884.7269139246429,871.0786765954969,881.5155639648438,13800,0.0,0.0
2021-04-01 00:00:00+09:00,881.5156322405005,881.5156322405005,866.26171875,866.26171875,6400,0.0,0.0
2021-04-02 00:00:00+09:00,869.4731347747008,871.0788100005083,863.853271484375,863.853271484375,3600,0.0,0.0
2021-04-05 00:00:00+09:00,873.4872142650463,873.4872142650463,863.8531641077113,867.0645141601562,4100,0.0,0.0
2021-04-06 00:00:00+09:00,867.0645141601564,867.0645141601564,863.0503265946,867.0645141601562,2300,0.0,0.0
2021-04-07 00:00:00+09:00,867.0646219359899,867.0646219359899,863.853271484375,863.853271484375,4200,0.0,0.0
2021-04-08 00:00:00+09:00,863.8530693586483,867.0644190588663,861.4445570834847,863.0502319335938,4300,0.0,0.0
2021-04-09 00:00:00+09:00,863.0502399269725,865.4587522244432,858.2332153320312,858.2332153320312,6900,0.0,0.0
2021-04-12 00:00:00+09:00,859.036230676235,861.4447434725236,850.2050170898438,850.2050170898438,10200,0.0,0.0
2021-04-13 00:00:00+09:00,858.2332193399683,858.2332193399683,851.0076824138133,855.82470703125,3100,0.0,0.0
2021-04-14 00:00:00+09:00,856.6275404670508,859.0360527645215,852.6133533045999,858.2332153320312,11100,0.0,0.0
2021-04-15 00:00:00+09:00,858.2332451412162,864.6559448242188,854.2190578393396,864.6559448242188,5400,0.0,0.0
2021-04-16 00:00:00+09:00,864.6559448242188,864.6559448242188,859.0360826015916,864.6559448242188,2100,0.0,0.0
2021-04-19 00:00:00+09:00,868.6701321260954,868.6701321260954,861.4445949827175,864.6559448242188,1500,0.0,0.0
2021-04-20 00:00:00+09:00,865.4587251176603,866.261562525005,859.8388632662469,862.2473754882812,2800,0.0,0.0
2021-04-21 00:00:00+09:00,861.4447254569145,865.458913366779,854.2191872191585,859.8390502929688,4400,0.0,0.0
2021-04-22 00:00:00+09:00,860.6418733891752,863.8532236630155,855.8248479784149,856.627685546875,1800,0.0,0.0
2021-04-23 00:00:00+09:00,863.0504384178595,863.0504384178595,856.6277374807964,861.4447631835938,1100,0.0,0.0
2021-04-26 00:00:00+09:00,866.261562525005,866.261562525005,859.0360258589021,862.2473754882812,10900,0.0,0.0
2021-04-27 00:00:00+09:00,864.6560567980615,864.6560567980615,859.0361938476562,859.0361938476562,4600,0.0,0.0
2021-04-28 00:00:00+09:00,855.8248145037003,859.0361646519318,851.8106268184109,852.6134643554688,4000,0.0,0.0
2021-04-30 00:00:00+09:00,852.6133533045999,858.2332153320312,851.8105158721096,858.2332153320312,3500,0.0,0.0
2021-05-06 00:00:00+09:00,857.4305563400042,863.0504195369891,857.4305563400042,860.6419067382812,4600,0.0,0.0
2021-05-07 00:00:00+09:00,862.2475441050307,863.0503816693742,857.4305187189691,859.0361938476562,2800,0.0,0.0
2021-05-10 00:00:00+09:00,867.0645694910924,867.0645694910924,859.0361938476562,859.0361938476562,2200,0.0,0.0
2021-05-11 00:00:00+09:00,859.0361560150031,860.6418310729752,857.4304809570311,857.4304809570312,2000,0.0,0.0
2021-05-12 00:00:00+09:00,859.036230676235,859.036230676235,850.2050170898438,850.2050170898438,6100,0.0,0.0
2021-05-13 00:00:00+09:00,857.4303819037289,857.4303819037289,848.5991701050949,855.82470703125,3200,0.0,0.0
2021-05-14 00:00:00+09:00,857.4304705448133,857.4304705448133,848.5992578332093,851.8106079101562,2900,0.0,0.0
2021-05-17 00:00:00+09:00,856.6276139745173,856.6276139745173,851.0077514648438,851.0077514648438,1500,0.0,0.0
2021-05-18 00:00:00+09:00,854.2191351232394,859.0361603213028,851.0077849911971,855.02197265625,4100,0.0,0.0
2021-05-19 00:00:00+09:00,855.0218656020704,859.0360527645215,853.41619073709,858.2332153320312,1500,0.0,0.0
2021-05-20 00:00:00+09:00,855.0219579871031,858.23330806405,851.0077703909195,851.8106079101562,3500,0.0,0.0
2021-05-21 00:00:00+09:00,855.82470703125,857.4303819037289,852.6133572862922,855.82470703125,2300,0.0,0.0
2021-05-24 00:00:00+09:00,859.0361646519318,859.0361646519318,851.007789281353,852.6134643554688,4300,0.0,0.0
2021-05-25 00:00:00+09:00,853.416259765625,854.2190972630526,852.6134222681973,853.416259765625,1300,0.0,0.0
2021-05-26 00:00:00+09:00,855.824772257908,855.824772257908,851.8105847707697,853.416259765625,2000,0.0,0.0
2021-05-27 00:00:00+09:00,853.416259765625,854.2190972630526,851.0077472733419,853.416259765625,3200,0.0,0.0
2021-05-28 00:00:00+09:00,855.0220104099549,857.430523115335,850.2049849991945,856.627685546875,1300,0.0,0.0
2021-05-31 00:00:00+09:00,859.0362127109959,859.8390502929688,858.233375129023,859.8390502929688,2600,0.0,0.0
2021-06-01 00:00:00+09:00,859.0361222476188,859.0361222476188,853.416259765625,853.416259765625,2200,0.0,0.0
2021-06-02 00:00:00+09:00,853.4163674848951,855.8248802811836,850.2050170898438,850.2050170898438,4600,0.0,0.0
2021-06-03 00:00:00+09:00,853.4162829486297,856.6276330255765,850.2049328716828,851.8106079101562,2000,0.0,0.0
2021-06-04 00:00:00+09:00,856.6276988730764,856.6276988730764,849.4021606445312,849.4021606445312,5400,0.0,0.0
2021-06-07 00:00:00+09:00,857.4304472527634,857.4304472527634,853.416259765625,853.416259765625,1800,0.0,0.0
2021-06-08 00:00:00+09:00,856.6276520407581,856.6276520407581,851.007789281353,852.6134643554688,3400,0.0,0.0
2021-06-09 00:00:00+09:00,852.6134222681973,855.824772257908,852.6134222681973,853.416259765625,2500,0.0,0.0
2021-06-10 00:00:00+09:00,852.6135630213229,855.8249135411772,852.6135630213229,854.21923828125,1000,0.0,0.0
2021-06-11 00:00:00+09:00,854.2190972630526,855.824772257908,851.0077472733419,853.416259765625,2300,0.0,0.0
2021-06-14 00:00:00+09:00,855.8248101892606,855.8248101892606,850.2049474581867,855.02197265625,7900,0.0,0.0
2021-06-15 00:00:00+09:00,855.0219389717535,855.8247764731353,850.2049139634619,851.0077514648438,3000,0.0,0.0
2021-06-16 00:00:00+09:00,858.2333930774722,858.2333930774722,850.2050170898438,850.2050170898438,6300,0.0,0.0
2021-06-17 00:00:00+09:00,854.2191014703715,854.2191014703715,851.0077514648438,851.0077514648438,600,0.0,0.0
2021-06-18 00:00:00+09:00,855.0218817098252,855.0218817098252,848.5991821289062,848.5991821289062,3600,0.0,0.0
2021-06-21 00:00:00+09:00,851.0076944717508,851.0076944717508,846.1906697860617,848.5991821289062,2600,0.0,0.0
2021-06-22 00:00:00+09:00,855.0219389717535,855.8247764731353,851.0077514648438,851.0077514648438,3600,0.0,0.0
2021-06-23 00:00:00+09:00,851.0078592011423,851.0078592011423,846.1908335830226,847.7965087890625,2400,0.0,0.0
2021-06-24 00:00:00+09:00,846.1907348632812,850.204922410071,843.7822223352074,846.1907348632812,10300,0.0,0.0
2021-06-25 00:00:00+09:00,851.0077703909195,853.4162829486297,848.5992578332093,851.8106079101562,6200,0.0,0.0
2021-06-28 00:00:00+09:00,857.4305554787094,857.4305554787094,849.4021794910809,850.2050170898438,3300,0.0,0.0
2021-06-29 00:00:00+09:00,856.6276988730764,856.6276988730764,849.4021606445312,849.4021606445312,3200,0.0,0.0
2021-06-30 00:00:00+09:00,851.0076824138133,855.82470703125,850.2048449775738,855.82470703125,1300,0.0,0.0
2021-07-01 00:00:00+09:00,859.036126478663,859.036126478663,851.0077514648438,851.0077514648438,3300,0.0,0.0
2021-07-02 00:00:00+09:00,855.0220426824208,855.0220426824208,850.2050170898438,850.2050170898438,900,0.0,0.0
2021-07-05 00:00:00+09:00,850.204857024136,850.204857024136,846.1906697860617,848.5991821289062,16300,0.0,0.0
2021-07-06 00:00:00+09:00,850.2049982254807,850.2049982254807,846.9936479016828,849.4021606445312,2100,0.0,0.0
2021-07-07 00:00:00+09:00,849.402103890514,850.2049414178207,846.9935913085938,846.9935913085938,1300,0.0,0.0
2021-07-08 00:00:00+09:00,849.4020934359718,849.4020934359718,841.3737182617188,841.3737182617188,9600,0.0,0.0
2021-07-09 00:00:00+09:00,846.1907348632812,846.9935723726392,842.1765473164915,846.1907348632812,7000,0.0,0.0
2021-07-12 00:00:00+09:00,849.402103890514,849.402103890514,844.5850787266736,846.9935913085938,1600,0.0,0.0
2021-07-13 00:00:00+09:00,847.7963446812914,848.5991821289062,846.1906697860617,848.5991821289062,1500,0.0,0.0
2021-07-14 00:00:00+09:00,846.1907348632812,848.5992473913551,846.1907348632812,846.1907348632812,2100,0.0,0.0
2021-07-15 00:00:00+09:00,849.4020195765212,849.4020195765212,846.1906697860617,848.5991821289062,1200,0.0,0.0
2021-07-16 00:00:00+09:00,848.5992473913551,848.5992473913551,844.5850598445653,846.1907348632812,2200,0.0,0.0
2021-07-19 00:00:00+09:00,846.1907537812871,847.7964288359005,845.3879162539804,846.9935913085938,1500,0.0,0.0
2021-07-20 00:00:00+09:00,848.599190259184,848.599190259184,843.7821655273438,843.7821655273438,1800,0.0,0.0
2021-07-21 00:00:00+09:00,848.5992663632072,848.5992663632072,844.5850787266736,846.9935913085938,700,0.0,0.0
2021-07-26 00:00:00+09:00,857.4304705448133,857.4304705448133,847.7964203139727,851.8106079101562,3400,0.0,0.0
2021-07-27 00:00:00+09:00,851.8106733873797,851.8106733873797,846.9936479016828,849.4021606445312,2200,0.0,0.0
2021-07-28 00:00:00+09:00,853.4162639689896,853.4162639689896,851.0077514648438,851.0077514648438,2000,0.0,0.0
2021-07-29 00:00:00+09:00,855.0218817098252,855.0218817098252,846.9935072336766,848.5991821289062,1900,0.0,0.0
2021-07-30 00:00:00+09:00,852.6134264676076,852.6134264676076,846.1907264565523,851.0077514648438,12100,0.0,0.0
2021-08-02 00:00:00+09:00,851.0076944717508,851.0076944717508,844.584994890832,848.5991821289062,2600,0.0,0.0
2021-08-03 00:00:00+09:00,846.9935913085938,848.5992663632072,845.3879162539804,846.9935913085938,11900,0.0,0.0
2021-08-04 00:00:00+09:00,846.9935723726392,850.204922410071,846.1907348632812,846.1907348632812,2300,0.0,0.0
2021-08-05 00:00:00+09:00,846.1907537812871,851.0077789451274,846.1907537812871,846.9935913085938,11500,0.0,0.0
2021-08-06 00:00:00+09:00,846.9935913085938,849.402103890514,846.9935913085938,846.9935913085938,700,0.0,0.0
2021-08-10 00:00:00+09:00,856.6276416362745,856.6276416362745,846.9935913085938,846.9935913085938,1700,0.0,0.0
2021-08-11 00:00:00+09:00,850.2050170898438,851.0078546886066,845.3879914972667,850.2050170898438,1500,0.0,0.0
2021-08-12 00:00:00+09:00,847.7965042935552,850.2050170898438,847.7965042935552,850.2050170898438,500,0.0,0.0
2021-08-13 00:00:00+09:00,850.2049414178207,851.0077789451274,846.9935913085938,846.9935913085938,1500,0.0,0.0
2021-08-16 00:00:00+09:00,853.4162575567336,853.4162575567336,842.9793701171875,842.9793701171875,7800,0.0,0.0
2021-08-17 00:00:00+09:00,846.9935913085938,851.0077789451274,846.1907537812871,846.9935913085938,2300,0.0,0.0
2021-08-18 00:00:00+09:00,846.1906778932638,846.9935153485706,842.1764906167303,843.7821655273438,8200,0.0,0.0
2021-08-19 00:00:00+09:00,843.7821655273438,845.3878404379572,841.3736531614236,843.7821655273438,5100,0.0,0.0
2021-08-20 00:00:00+09:00,842.176513671875,846.1907010582995,842.176513671875,842.176513671875,1200,0.0,0.0
2021-08-23 00:00:00+09:00,841.3736951264881,846.1907200985863,841.3736951264881,842.9793701171875,11700,0.0,0.0
2021-08-24 00:00:00+09:00,842.9794688641799,846.9936568111522,842.9794688641799,844.5851440429688,7000,0.0,0.0
2021-08-25 00:00:00+09:00,842.1765326218379,846.993557593936,842.1765326218379,842.9793701171875,3000,0.0,0.0
2021-08-26 00:00:00+09:00,848.5993319899411,848.5993319899411,840.5709560959965,844.5851440429688,6700,0.0,0.0
2021-08-27 00:00:00+09:00,844.5851440429688,845.3879816323632,842.1766312747854,844.5851440429688,3600,0.0,0.0
2021-08-30 00:00:00+09:00,844.5850451078869,845.3878826032366,841.3736951264881,842.9793701171875,4400,0.0,0.0
2021-08-31 00:00:00+09:00,841.373793685391,846.1908192217577,841.373793685391,844.5851440429688,1700,0.0,0.0
2021-09-01 00:00:00+09:00,846.9936145518014,846.9936145518014,842.9794268051104,845.387939453125,8900,0.0,0.0
2021-09-02 00:00:00+09:00,847.7965087890625,848.5993463920825,846.9936711860425,847.7965087890625,2000,0.0,0.0
2021-09-03 00:00:00+09:00,849.4020700799852,849.4020700799852,841.3736951264881,842.9793701171875,16100,0.0,0.0
2021-09-06 00:00:00+09:00,851.0076944717508,851.0076944717508,848.5991821289062,848.5991821289062,3100,0.0,0.0
2021-09-07 00:00:00+09:00,846.1907537812871,851.0077789451274,846.1907537812871,846.9935913085938,3800,0.0,0.0
2021-09-08 00:00:00+09:00,851.0078546886066,851.0078546886066,849.4021794910809,850.2050170898438,6000,0.0,0.0
2021-09-09 00:00:00+09:00,851.0078358064302,851.0078358064302,849.4021606445312,849.4021606445312,1800,0.0,0.0
2021-09-10 00:00:00+09:00,851.0077472733419,854.2190972630526,851.0077472733419,853.416259765625,2000,0.0,0.0
2021-09-13 00:00:00+09:00,855.02197265625,855.02197265625,851.0077849911971,855.02197265625,3500,0.0,0.0
2021-09-14 00:00:00+09:00,855.8248145037003,857.430489577816,848.5992766701794,852.6134643554688,7100,0.0,0.0
2021-09-15 00:00:00+09:00,853.4162639689896,853.4162639689896,849.4020764620799,851.0077514648438,1400,0.0,0.0
2021-09-16 00:00:00+09:00,851.0078592011423,856.6277224222819,847.7965087890625,847.7965087890625,4000,0.0,0.0
2021-09-17 00:00:00+09:00,855.0220237111776,855.0220237111776,846.9936479016828,849.4021606445312,3400,0.0,0.0
2021-09-21 00:00:00+09:00,854.2191861302281,854.2191861302281,848.5993230635818,849.4021606445312,2700,0.0,0.0
2021-09-22 00:00:00+09:00,848.5992896504778,848.5992896504778,842.9794268051104,845.387939453125,18600,0.0,0.0
2021-09-24 00:00:00+09:00,853.4162829486297,853.4162829486297,845.3879077562625,851.8106079101562,5200,0.0,0.0
2021-09-27 00:00:00+09:00,855.0219347604803,855.0219347604803,846.9935597862035,853.416259765625,3400,0.0,0.0
2021-09-28 00:00:00+09:00,853.4162639689896,855.0219389717535,850.2049139634619,851.0077514648438,14400,0.0,0.0
2021-09-29 00:00:00+09:00,864.1634058992628,875.6746215820312,863.3411762076364,875.6746215820312,26900,25.0,0.0
2021-09-30 00:00:00+09:00,874.852395341981,874.852395341981,869.9190171727594,871.5634765625,3000,0.0,0.0
2021-10-01 00:00:00+09:00,871.5635413581161,873.2080008701126,864.9857033101304,867.452392578125,3300,0.0,0.0
2021-10-04 00:00:00+09:00,873.2079359522405,874.852395341981,870.7412468676297,871.5634765625,2500,0.0,0.0
2021-10-05 00:00:00+09:00,872.3857386382679,872.3857386382679,862.5189819335938,862.5189819335938,26200,0.0,0.0
2021-10-06 00:00:00+09:00,868.2746981196531,868.2746981196531,864.163548980829,864.9857788085938,1000,0.0,0.0
2021-10-07 00:00:00+09:00,864.9857788085938,869.9191577751827,864.9857788085938,864.9857788085938,5600,0.0,0.0
2021-10-08 00:00:00+09:00,869.919056632302,869.919056632302,864.9856782393022,868.2745971679688,1500,0.0,0.0
2021-10-11 00:00:00+09:00,864.1634773181734,868.2746261160714,863.3412475585938,863.3412475585938,8000,0.0,0.0
2021-10-12 00:00:00+09:00,864.9856350731303,869.0967835288011,861.6967163085938,861.6967163085938,6400,0.0,0.0
2021-10-13 00:00:00+09:00,866.6301413553311,866.6301413553311,864.1634521484375,864.1634521484375,4000,0.0,0.0
2021-10-14 00:00:00+09:00,864.1634918475219,864.1634918475219,860.8745727539062,860.8745727539062,1800,0.0,0.0
2021-10-15 00:00:00+09:00,864.9856711097623,867.4523602859308,862.5189819335938,862.5189819335938,1300,0.0,0.0
2021-10-18 00:00:00+09:00,865.8078972311581,866.630126953125,864.1634377872243,866.630126953125,1400,0.0,0.0
2021-10-19 00:00:00+09:00,866.6301628221269,867.452392578125,864.1634735541321,867.452392578125,1600,0.0,0.0
2021-10-20 00:00:00+09:00,867.4523963564918,867.4523963564918,862.5190177990141,863.3412475585938,2600,0.0,0.0
2021-10-21 00:00:00+09:00,865.8079368373326,865.8079368373326,862.5190177990141,863.3412475585938,2100,0.0,0.0
2021-10-22 00:00:00+09:00,860.8744866174596,865.8078647642645,860.8744866174596,861.6967163085938,4200,0.0,0.0
2021-10-25 00:00:00+09:00,861.6968530390251,862.5190828606272,858.4079337526166,859.2301635742188,10800,0.0,0.0
2021-10-26 00:00:00+09:00,861.6967341496394,861.6967341496394,855.118896484375,855.118896484375,5300,0.0,0.0
2021-10-27 00:00:00+09:00,858.4078834336945,860.8745727539062,857.5856536602905,860.8745727539062,2500,0.0,0.0
2021-10-28 00:00:00+09:00,860.0523108226765,860.8745405653368,854.2967026240544,855.941162109375,7400,0.0,0.0
2021-10-29 00:00:00+09:00,855.941126192533,856.7633559006911,853.4744370680588,855.118896484375,5300,0.0,0.0
2021-11-01 00:00:00+09:00,860.0523108226765,860.8745405653368,855.941162109375,855.941162109375,2700,0.0,0.0
2021-11-02 00:00:00+09:00,858.407678796141,858.407678796141,857.58544921875,857.58544921875,1900,0.0,0.0
2021-11-04 00:00:00+09:00,855.941126192533,857.5855856088491,855.118896484375,855.118896484375,10200,0.0,0.0
2021-11-05 00:00:00+09:00,855.1187604865772,859.2299083735319,854.2965309091862,857.58544921875,1800,0.0,0.0
2021-11-08 00:00:00+09:00,859.2301635742188,859.2301635742188,855.9412442878103,859.2301635742188,2800,0.0,0.0
2021-11-09 00:00:00+09:00,862.5189419897366,862.5189419897366,838.6742810577039,851.8299560546875,8500,0.0,0.0
2021-11-10 00:00:00+09:00,854.2966451166219,855.1188748039334,851.8299560546875,851.8299560546875,11800,0.0,0.0
2021-11-11 00:00:00+09:00,849.3633135005301,854.2966918945312,849.3633135005301,854.2966918945312,2800,0.0,0.0
2021-11-12 00:00:00+09:00,849.3632669927531,855.1188748039334,849.3632669927531,851.8299560546875,4800,0.0,0.0
2021-11-15 00:00:00+09:00,857.5855927402533,857.5855927402533,846.8966064453125,846.8966064453125,3700,0.0,0.0
2021-11-16 00:00:00+09:00,847.7189079107239,853.4745164028434,847.7189079107239,848.5411376953125,5500,0.0,0.0
2021-11-17 00:00:00+09:00,848.5410658753034,848.5410658753034,846.8966064453125,846.8966064453125,3200,0.0,0.0
2021-11-18 00:00:00+09:00,846.8966208275012,846.8966208275012,841.14101272479,844.429931640625,1700,0.0,0.0
2021-11-19 00:00:00+09:00,834.5631606016319,838.6743091760242,832.918701171875,832.918701171875,14500,0.0,0.0
2021-11-22 00:00:00+09:00,834.5632246808308,842.7855224609375,831.2743055687881,842.7855224609375,3600,0.0,0.0
2021-11-24 00:00:00+09:00,842.7854146042915,842.7854146042915,833.7408882036601,840.3187255859375,4300,0.0,0.0
2021-11-25 00:00:00+09:00,837.0297960468367,839.4964850332224,834.5631070604512,838.6742553710938,2800,0.0,0.0
2021-11-26 00:00:00+09:00,838.6743920250277,838.6743920250277,832.0965536562039,836.2077026367188,2800,0.0,0.0
2021-11-29 00:00:00+09:00,830.4520913498912,831.2743211433069,822.2297934157339,826.3409423828125,7700,0.0,0.0
2021-11-30 00:00:00+09:00,832.9187660822793,832.9187660822793,823.8742385137648,828.8076171875,4800,0.0,0.0
2021-12-01 00:00:00+09:00,833.7409452834931,833.7409452834931,823.8741885345761,830.4520263671875,4100,0.0,0.0
2021-12-02 00:00:00+09:00,823.8741958007813,827.9853444824219,821.4075065917968,822.229736328125,9000,0.0,0.0
2021-12-03 00:00:00+09:00,829.6298615564755,831.2743211433069,826.3409423828125,826.3409423828125,4900,0.0,0.0
2021-12-06 00:00:00+09:00,826.34091030728,829.629829353279,821.4075317382812,821.4075317382812,8800,0.0,0.0
2021-12-07 00:00:00+09:00,823.0519767959198,825.5186660370665,821.407517301822,823.8742065429688,5900,0.0,0.0
2021-12-08 00:00:00+09:00,830.4520263671875,830.4520263671875,823.0519588054997,830.4520263671875,3200,0.0,0.0
2021-12-09 00:00:00+09:00,830.452040792577,830.452040792577,826.3408920757821,827.9853515625,2000,0.0,0.0
2021-12-10 00:00:00+09:00,823.0520483374121,828.8076570670444,822.2298185188932,825.5187377929688,3100,0.0,0.0
2021-12-13 00:00:00+09:00,846.8966792064348,846.8966792064348,834.563232421875,834.563232421875,3400,0.0,0.0
2021-12-14 00:00:00+09:00,826.3409317336077,828.8076210820662,824.6964721679688,824.6964721679688,4300,0.0,0.0
2021-12-15 00:00:00+09:00,824.6964362900176,824.6964362900176,822.229747048871,823.8742065429688,5700,0.0,0.0
2021-12-16 00:00:00+09:00,823.8741958007813,825.5186552734375,822.229736328125,822.229736328125,4900,0.0,0.0
2021-12-17 00:00:00+09:00,822.229736328125,826.3408850097657,820.5852768554688,822.229736328125,4900,0.0,0.0
2021-12-20 00:00:00+09:00,822.229761499781,823.0519912612808,821.4075317382812,821.4075317382812,5300,0.0,0.0
2021-12-21 00:00:00+09:00,822.229736328125,823.0519660644532,821.4075065917968,822.229736328125,2900,0.0,0.0
2021-12-22 00:00:00+09:00,822.229736328125,823.0519660644532,818.1185876464843,822.229736328125,14200,0.0,0.0
2021-12-23 00:00:00+09:00,823.8741741869824,823.8741741869824,818.9407958984375,818.9407958984375,4200,0.0,0.0
2021-12-24 00:00:00+09:00,818.1185876464843,822.229736328125,816.4741281738281,822.229736328125,6300,0.0,0.0
2021-12-27 00:00:00+09:00,827.9853444824219,827.9853444824219,818.1185876464843,822.229736328125,8300,0.0,0.0
2021-12-28 00:00:00+09:00,822.229736328125,822.229736328125,818.1185876464843,822.229736328125,6000,0.0,0.0
2021-12-29 00:00:00+09:00,823.874109533045,823.874109533045,819.7629612818821,823.0518798828125,2600,0.0,0.0
2021-12-30 00:00:00+09:00,825.5186623324231,827.9853515625,821.4075136156281,827.9853515625,4100,0.0,0.0
2022-01-04 00:00:00+09:00,840.3187146953509,840.3187146953509,835.3853367225797,838.6742553710938,3000,0.0,0.0
2022-01-05 00:00:00+09:00,841.1409552587221,841.1409552587221,838.6742662403681,840.3187255859375,1300,0.0,0.0
2022-01-06 00:00:00+09:00,840.3188117883815,840.3188117883815,830.4520547028036,839.49658203125,4300,0.0,0.0
2022-01-07 00:00:00+09:00,839.4964850332224,839.4964850332224,830.4519587498086,838.6742553710938,1800,0.0,0.0
2022-01-11 00:00:00+09:00,845.2521613695837,845.2521613695837,836.2076343510375,844.429931640625,2000,0.0,0.0
2022-01-12 00:00:00+09:00,844.4299173003262,847.718836160308,842.7854578703353,846.8966064453125,4100,0.0,0.0
2022-01-13 00:00:00+09:00,846.8965813445305,847.7188110351562,844.4298922726532,847.7188110351562,1000,0.0,0.0
2022-01-14 00:00:00+09:00,847.7189079107239,854.2967461874318,847.7189079107239,848.5411376953125,2200,0.0,0.0
2022-01-17 00:00:00+09:00,861.6968530390251,863.3413126822294,856.7634741094124,859.2301635742188,2900,0.0,0.0
2022-01-18 00:00:00+09:00,860.0521379509228,861.6965971057047,855.9409900639681,857.58544921875,1900,0.0,0.0
2022-01-19 00:00:00+09:00,860.8745697463769,860.8745697463769,851.0078125,851.0078125,3300,0.0,0.0
2022-01-20 00:00:00+09:00,859.2300810800162,859.2300810800162,855.1189323667147,855.941162109375,600,0.0,0.0
2022-01-21 00:00:00+09:00,859.2301277365265,859.2301277365265,850.185600076142,858.4078979492188,3500,0.0,0.0
2022-01-24 00:00:00+09:00,857.5855856088491,857.5855856088491,854.296666776217,855.118896484375,800,0.0,0.0
2022-01-25 00:00:00+09:00,855.1189506065465,855.1189506065465,849.3633422851562,849.3633422851562,1400,0.0,0.0
2022-01-26 00:00:00+09:00,856.7633232544654,856.7633232544654,850.1854858398438,850.1854858398438,1700,0.0,0.0
2022-01-27 00:00:00+09:00,856.7633376320396,856.7633376320396,846.8965813445305,847.7188110351562,3600,0.0,0.0
2022-01-28 00:00:00+09:00,855.9411405675552,855.9411405675552,847.718843347886,852.6522216796875,2200,0.0,0.0
2022-01-31 00:00:00+09:00,855.9411405675552,855.9411405675552,847.718843347886,852.6522216796875,1600,0.0,0.0
2022-02-01 00:00:00+09:00,854.2967026240544,855.941162109375,851.0077836534132,855.941162109375,2000,0.0,0.0
2022-02-02 00:00:00+09:00,851.007827049078,854.2967461874318,846.8966781261355,848.5411376953125,1500,0.0,0.0
2022-02-03 00:00:00+09:00,853.4744370680588,855.118896484375,847.7188291109525,855.118896484375,1600,0.0,0.0
2022-02-04 00:00:00+09:00,857.5856215946956,863.3412297933177,855.1189323667147,855.941162109375,3300,0.0,0.0
2022-02-07 00:00:00+09:00,864.1634521484375,864.1634521484375,856.7633845277562,864.1634521484375,1600,0.0,0.0
2022-02-08 00:00:00+09:00,865.8080086363586,865.8080086363586,857.5857103587103,864.9857788085938,3700,0.0,0.0
2022-02-09 00:00:00+09:00,865.8080086363586,865.8080086363586,860.8746296697697,864.9857788085938,1600,0.0,0.0
2022-02-10 00:00:00+09:00,866.6301521091153,866.6301521091153,865.8079223632812,865.8079223632812,500,0.0,0.0
2022-02-14 00:00:00+09:00,867.4523566750919,867.4523566750919,862.5189783432904,866.630126953125,3800,0.0,0.0
2022-02-15 00:00:00+09:00,866.6301413553311,868.2746008265937,861.6967629415437,864.1634521484375,10600,0.0,0.0
2022-02-16 00:00:00+09:00,866.630145041938,866.630145041938,859.2300773897773,860.0523071289062,2800,0.0,0.0
2022-02-17 00:00:00+09:00,865.8079330661286,867.452392578125,863.341243798134,867.452392578125,1200,0.0,0.0
2022-02-18 00:00:00+09:00,862.5190140421357,867.452392578125,862.5190140421357,867.452392578125,1200,0.0,0.0
2022-02-21 00:00:00+09:00,869.9191284179688,869.9191284179688,861.6968304177989,869.9191284179688,3100,0.0,0.0
2022-02-22 00:00:00+09:00,869.9190314661927,869.9190314661927,860.052274965631,869.0968017578125,1800,0.0,0.0
2022-02-24 00:00:00+09:00,868.2746261160714,868.2746261160714,847.7188821265811,863.3412475585938,3700,0.0,0.0
2022-02-25 00:00:00+09:00,863.341233125779,867.4523818549494,856.7633951591064,865.8079223632812,2100,0.0,0.0
2022-02-28 00:00:00+09:00,867.4523710909624,868.2746008265937,864.1634521484375,864.1634521484375,2700,0.0,0.0
2022-03-01 00:00:00+09:00,867.4523831365589,867.4523831365589,823.8742065429688,823.8742065429688,4700,0.0,0.0
2022-03-02 00:00:00+09:00,848.5410802854187,848.5410802854187,835.3854046220788,844.429931640625,6800,0.0,0.0
2022-03-03 00:00:00+09:00,860.8745766198566,860.8745766198566,841.9632917466411,856.763427734375,2300,0.0,0.0
2022-03-04 00:00:00+09:00,857.5855673226654,857.5855673226654,839.4965141288988,847.7188110351562,3400,0.0,0.0
2022-03-07 00:00:00+09:00,839.4965750489245,840.3188047992172,823.0519800430689,833.740966796875,5800,0.0,0.0
2022-03-08 00:00:00+09:00,833.7410132484099,857.585677335396,827.1631748795861,836.2077026367188,5300,0.0,0.0
2022-03-09 00:00:00+09:00,824.696375793517,844.4298882751166,823.8741461067837,837.85205078125,7000,0.0,0.0
2022-03-10 00:00:00+09:00,851.8300283882223,851.8300283882223,838.6743522741185,839.49658203125,1500,0.0,0.0
2022-03-11 00:00:00+09:00,832.91866928339,842.7854254841805,832.91866928339,841.9631958007812,1400,0.0,0.0
2022-03-14 00:00:00+09:00,852.6523795008429,853.474609375,846.0745405075867,853.474609375,1000,0.0,0.0
2022-03-15 00:00:00+09:00,851.0077297976593,851.0077297976593,847.7188110351562,847.7188110351562,11300,0.0,0.0
2022-03-16 00:00:00+09:00,859.2299083735319,861.6965971057047,857.58544921875,857.58544921875,1900,0.0,0.0
2022-03-17 00:00:00+09:00,863.341160669087,863.341160669087,850.1854858398438,850.1854858398438,1500,0.0,0.0
2022-03-18 00:00:00+09:00,859.2300594554229,859.2300594554229,849.3633027918199,852.6522216796875,2600,0.0,0.0
2022-03-22 00:00:00+09:00,864.985707077753,864.985707077753,855.1189499627976,863.3412475585938,3300,0.0,0.0
2022-03-23 00:00:00+09:00,863.3412297933177,863.3412297933177,855.1189323667147,855.941162109375,1600,0.0,0.0
2022-03-24 00:00:00+09:00,855.118896484375,860.0522747333233,855.118896484375,855.118896484375,800,0.0,0.0
2022-03-25 00:00:00+09:00,855.1187604865772,857.58544921875,854.2965309091862,857.58544921875,2400,0.0,0.0
2022-03-28 00:00:00+09:00,857.585567852923,861.6967163085938,855.1188787795205,861.6967163085938,3500,0.0,0.0
2022-03-29 00:00:00+09:00,863.3413126822294,863.3413126822294,849.3634057149933,859.2301635742188,4400,0.0,0.0
2022-03-30 00:00:00+09:00,860.0683944038723,873.4807670261549,860.0683944038723,867.6128540039062,1300,20.0,0.0
2022-03-31 00:00:00+09:00,872.6424113933857,872.6424113933857,870.1275917640099,871.8041381835938,900,0.0,0.0
2022-04-01 00:00:00+09:00,871.8042204483696,871.8042204483696,865.936307426121,867.6128540039062,1500,0.0,0.0
2022-04-04 00:00:00+09:00,874.3190472212955,874.3190472212955,867.612860857182,873.4807739257812,1500,0.0,0.0
2022-04-05 00:00:00+09:00,872.6424937372623,872.6424937372623,867.6128540039062,867.6128540039062,4200,0.0,0.0
2022-04-06 00:00:00+09:00,872.6424653901712,872.6424653901712,858.3918199419168,865.936279296875,2700,0.0,0.0
2022-04-07 00:00:00+09:00,865.9362227103453,865.9362227103453,858.3917638483965,862.5831298828125,1000,0.0,0.0
2022-04-08 00:00:00+09:00,870.9658950761092,870.9658950761092,855.8769767783517,860.9066162109375,1300,0.0,0.0
2022-04-11 00:00:00+09:00,865.936279296875,865.936279296875,863.4214595118889,865.936279296875,1300,0.0,0.0
2022-04-12 00:00:00+09:00,864.2597327735509,865.936279296875,864.2597327735509,865.936279296875,600,0.0,0.0
2022-04-13 00:00:00+09:00,865.936279296875,865.936279296875,865.936279296875,865.936279296875,800,0.0,0.0
2022-04-14 00:00:00+09:00,860.9066162109375,865.9362556435233,860.9066162109375,860.9066162109375,500,0.0,0.0
2022-04-15 00:00:00+09:00,860.9065759587894,865.9362151562118,856.7152099609375,856.7152099609375,2200,0.0,0.0
2022-04-18 00:00:00+09:00,856.7152353872317,857.553508611681,849.1707763671875,849.1707763671875,3900,0.0,0.0
2022-04-19 00:00:00+09:00,849.1707763671875,852.5238692649849,842.4645905715928,849.1707763671875,3800,0.0,0.0
2022-04-20 00:00:00+09:00,853.3621873121995,853.3621873121995,843.3029080904447,850.0090942382812,3400,0.0,0.0
2022-04-21 00:00:00+09:00,850.0090541329209,850.8473273618488,845.8176879882812,845.8176879882812,3800,0.0,0.0
2022-04-22 00:00:00+09:00,851.6856854217981,851.6856854217981,850.009138796952,850.847412109375,700,0.0,0.0
2022-04-25 00:00:00+09:00,850.8473792212081,858.3918387413962,850.0091059411873,852.52392578125,1900,0.0,0.0
2022-04-26 00:00:00+09:00,861.7449223513719,861.7449223513719,853.3621896436738,859.2301025390625,1400,0.0,0.0
2022-04-27 00:00:00+09:00,850.847265124321,858.3917236328125,850.847265124321,858.3917236328125,11300,0.0,0.0
2022-04-28 00:00:00+09:00,859.2300295596486,860.9065759587894,855.0386635617967,856.7152099609375,1400,0.0,0.0
2022-05-02 00:00:00+09:00,858.3918339862879,860.0683805370423,851.68564778327,855.8770141601562,2000,0.0,0.0
2022-05-06 00:00:00+09:00,859.2299968004227,860.906543135643,856.7151772975922,858.3917236328125,3100,0.0,0.0
2022-05-09 00:00:00+09:00,861.7449340820312,861.7449340820312,851.6856546958596,861.7449340820312,2800,0.0,0.0
2022-05-10 00:00:00+09:00,861.7448163032532,861.7448163032532,854.2003577947617,858.3917236328125,900,0.0,0.0
2022-05-11 00:00:00+09:00,860.0682983398438,860.0682983398438,854.2003859730027,860.0682983398438,2800,0.0,0.0
2022-05-12 00:00:00+09:00,860.0682863475989,863.4213790818976,857.553466796875,857.553466796875,1500,0.0,0.0
2022-05-13 00:00:00+09:00,862.5831298828125,863.4214030896957,855.8769442277469,862.5831298828125,1400,0.0,0.0
2022-05-16 00:00:00+09:00,863.4214000289708,863.4214000289708,849.1707555624731,853.3621215820312,2700,0.0,0.0
2022-05-17 00:00:00+09:00,859.2300131640243,859.2300131640243,848.3324617775537,857.553466796875,1500,0.0,0.0
2022-05-18 00:00:00+09:00,858.3918339862879,858.3918339862879,850.0091012325156,855.8770141601562,1200,0.0,0.0
2022-05-19 00:00:00+09:00,856.715282726753,860.0683758098323,852.523916372904,859.2301025390625,1600,0.0,0.0
2022-05-20 00:00:00+09:00,859.2300340094126,859.2300340094126,853.3621215820312,853.3621215820312,600,0.0,0.0
2022-05-23 00:00:00+09:00,858.3917279411764,858.3917279411764,854.2003620820886,855.0386352539062,4500,0.0,0.0
2022-05-24 00:00:00+09:00,860.0683429721732,860.9066162109375,856.715250017116,860.9066162109375,1900,0.0,0.0
2022-05-25 00:00:00+09:00,860.9066607998502,861.7449340820312,856.7152943889454,861.7449340820312,1200,0.0,0.0
2022-05-26 00:00:00+09:00,862.5832026282022,865.9362957385159,862.5832026282022,865.0980224609375,1600,0.0,0.0
2022-05-27 00:00:00+09:00,865.9362227103453,865.9362227103453,862.5831298828125,862.5831298828125,1000,0.0,0.0
2022-05-30 00:00:00+09:00,867.6128470572979,867.6128470572979,860.0683875176693,861.7449340820312,1600,0.0,0.0
2022-05-31 00:00:00+09:00,865.936307426121,867.6128540039062,863.421487559443,867.6128540039062,1200,0.0,0.0
2022-06-01 00:00:00+09:00,869.2892946579009,869.2892946579009,863.4213823506633,866.7744750976562,1900,0.0,0.0
2022-06-02 00:00:00+09:00,866.7745033764932,869.2893230187847,865.0979569482987,868.4510498046875,1300,0.0,0.0
2022-06-03 00:00:00+09:00,869.2894074482103,873.4807739257812,863.4214943796111,873.4807739257812,1700,0.0,0.0
2022-06-06 00:00:00+09:00,871.8042932999157,871.8042932999157,864.2598330694357,870.1277465820312,1700,0.0,0.0
2022-06-07 00:00:00+09:00,873.4808400178001,874.3191133767424,870.1277465820312,870.1277465820312,900,0.0,0.0
2022-06-08 00:00:00+09:00,855.0387478245834,864.2597539285741,855.0387478245834,861.7449340820312,6300,0.0,0.0
2022-06-09 00:00:00+09:00,865.0979525052585,871.8041381835938,863.4214060856747,871.8041381835938,2000,0.0,0.0
2022-06-10 00:00:00+09:00,870.1277465820312,870.1277465820312,866.7746531462624,870.1277465820312,1700,0.0,0.0
2022-06-13 00:00:00+09:00,870.127555780568,870.127555780568,863.4213703795617,864.2596435546875,2000,0.0,0.0
2022-06-14 00:00:00+09:00,864.2597421636814,866.7745619759909,859.2301025390625,859.2301025390625,800,0.0,0.0
2022-06-15 00:00:00+09:00,867.6128540039062,867.6128540039062,855.0387546705164,867.6128540039062,1900,0.0,0.0
2022-06-16 00:00:00+09:00,874.318938201608,874.318938201608,863.42138671875,863.42138671875,500,0.0,0.0
2022-06-17 00:00:00+09:00,867.6127602440182,869.289306640625,867.6127602440182,869.289306640625,300,0.0,0.0
2022-06-20 00:00:00+09:00,867.6128540039062,867.6128540039062,858.391847826087,867.6128540039062,1100,0.0,0.0
2022-06-21 00:00:00+09:00,867.6127526736955,867.6127526736955,863.42138671875,863.42138671875,500,0.0,0.0
2022-06-22 00:00:00+09:00,859.2300370552797,862.5831298828125,857.5534906415133,862.5831298828125,800,0.0,0.0
2022-06-23 00:00:00+09:00,851.6856431021341,859.2301025390625,851.6856431021341,859.2301025390625,2500,0.0,0.0
2022-06-24 00:00:00+09:00,859.2301929157824,870.1277465820312,855.0388261210712,870.1277465820312,1000,0.0,0.0
2022-06-27 00:00:00+09:00,878.510425388756,878.510425388756,869.2894190154008,875.99560546875,1700,0.0,0.0
2022-06-28 00:00:00+09:00,876.8338601817255,876.8338601817255,867.6128540039062,867.6128540039062,1000,0.0,0.0
2022-06-29 00:00:00+09:00,873.4806846031777,875.1572310227615,858.3917668269231,871.8041381835938,1500,0.0,0.0
2022-06-30 00:00:00+09:00,875.9955608616388,875.9955608616388,865.0980084298671,875.1572875976562,1600,0.0,0.0
2022-07-01 00:00:00+09:00,878.5103041565534,878.5103041565534,863.42138671875,863.42138671875,3900,0.0,0.0
2022-07-04 00:00:00+09:00,876.8337774423453,876.8337774423453,863.4214060856747,871.8041381835938,1400,0.0,0.0
2022-07-05 00:00:00+09:00,871.8041945417266,875.9955608616388,871.8041945417266,875.1572875976562,1000,0.0,0.0
2022-07-06 00:00:00+09:00,875.9955280369601,876.8338012695312,864.2597027809625,876.8338012695312,600,0.0,0.0
2022-07-07 00:00:00+09:00,876.8337774423453,876.8337774423453,871.8041381835938,871.8041381835938,500,0.0,0.0
2022-07-08 00:00:00+09:00,874.3190025600759,874.3190025600759,870.965909549299,872.6424560546875,300,0.0,0.0
2022-07-11 00:00:00+09:00,875.99560546875,875.99560546875,871.8042389354067,875.99560546875,2200,0.0,0.0
2022-07-12 00:00:00+09:00,875.1573321620814,875.99560546875,874.3190588554127,875.99560546875,1300,0.0,0.0
2022-07-13 00:00:00+09:00,867.6128724020634,875.99560546875,867.6128724020634,875.99560546875,600,0.0,0.0
2022-07-14 00:00:00+09:00,875.9956600946268,875.9956600946268,870.1277465820312,870.1277465820312,200,0.0,0.0
2022-07-15 00:00:00+09:00,873.4806846031777,874.3189578129695,870.9658649738019,871.8041381835938,500,0.0,0.0
2022-07-19 00:00:00+09:00,875.99560546875,875.99560546875,875.99560546875,875.99560546875,600,0.0,0.0
2022-07-20 00:00:00+09:00,873.4807739257812,876.833867107838,871.8042273347529,873.4807739257812,1800,0.0,0.0
2022-07-21 00:00:00+09:00,876.8338012695312,876.8338012695312,876.8338012695312,876.8338012695312,1000,0.0,0.0
2022-07-22 00:00:00+09:00,877.6720417401264,878.5103149414062,876.8337685388464,878.5103149414062,1600,0.0,0.0
2022-07-25 00:00:00+09:00,878.5103403776168,878.5103403776168,860.9066026410424,870.9658813476562,5100,0.0,0.0
2022-07-26 00:00:00+09:00,878.5103238619291,878.5103238619291,871.8041381835938,871.8041381835938,2700,0.0,0.0
2022-07-27 00:00:00+09:00,877.6720745021025,877.6720745021025,873.4807083392462,876.8338012695312,900,0.0,0.0
2022-07-28 00:00:00+09:00,877.6720955708528,877.6720955708528,872.6424560546875,872.6424560546875,800,0.0,0.0
2022-07-29 00:00:00+09:00,877.672119140625,877.672119140625,874.3190260398012,877.672119140625,1000,0.0,0.0
2022-08-01 00:00:00+09:00,814.801549982418,865.9362151562118,814.801549982418,856.7152099609375,38200,0.0,0.0
2022-08-02 00:00:00+09:00,871.8042204483696,871.8042204483696,855.0387546705164,867.6128540039062,10300,0.0,0.0
2022-08-03 00:00:00+09:00,865.0979331007281,865.0979331007281,859.2300207638046,863.42138671875,2300,0.0,0.0
2022-08-04 00:00:00+09:00,873.4806694640519,873.4806694640519,860.0682983398438,860.0682983398438,1000,0.0,0.0
2022-08-05 00:00:00+09:00,859.2300164169222,866.7744750976562,859.2300164169222,866.7744750976562,1500,0.0,0.0
2022-08-08 00:00:00+09:00,853.3621943340245,857.5535607109107,851.68564778327,855.8770141601562,4900,0.0,0.0
2022-08-09 00:00:00+09:00,860.0683429721732,861.7448894497018,856.715250017116,860.9066162109375,700,0.0,0.0
2022-08-10 00:00:00+09:00,860.9065715351068,860.9065715351068,858.3917519493177,860.0682983398438,400,0.0,0.0
2022-08-12 00:00:00+09:00,870.9658950761092,870.9658950761092,860.9066162109375,860.9066162109375,1100,0.0,0.0
2022-08-15 00:00:00+09:00,876.8338483470355,876.8338483470355,856.7152896851533,865.0980224609375,5400,0.0,0.0
2022-08-16 00:00:00+09:00,865.0979331007281,865.0979331007281,859.2300207638046,863.42138671875,1100,0.0,0.0
2022-08-17 00:00:00+09:00,868.4510214711527,868.4510214711527,863.4213823506633,866.7744750976562,600,0.0,0.0
2022-08-18 00:00:00+09:00,863.4214759057807,865.9362957385159,863.4214759057807,865.0980224609375,800,0.0,0.0
2022-08-19 00:00:00+09:00,865.9362062917173,865.9362062917173,860.9065671457828,863.42138671875,800,0.0,0.0
2022-08-22 00:00:00+09:00,863.4214030896957,863.4214030896957,860.9065834690462,862.5831298828125,1000,0.0,0.0
2022-08-23 00:00:00+09:00,862.5831956221417,862.5831956221417,859.2301025390625,859.2301025390625,1300,0.0,0.0
2022-08-24 00:00:00+09:00,867.6127482844045,867.6127482844045,865.9362019109079,866.7744750976562,900,0.0,0.0
2022-08-25 00:00:00+09:00,869.2894005816916,869.2894005816916,867.6128540039062,867.6128540039062,1100,0.0,0.0
2022-08-26 00:00:00+09:00,867.6128258201991,871.8041921285092,863.4214595118889,865.936279296875,2300,0.0,0.0
2022-08-29 00:00:00+09:00,865.098027210755,865.098027210755,860.9066607998502,861.7449340820312,1400,0.0,0.0
2022-08-30 00:00:00+09:00,861.7449409816576,867.6128540039062,860.9066676927649,867.6128540039062,800,0.0,0.0
2022-08-31 00:00:00+09:00,867.6128422936728,867.6128422936728,861.7449293506238,865.0980224609375,700,0.0,0.0
2022-09-01 00:00:00+09:00,865.0980224609375,865.0980224609375,858.3918362403101,865.0980224609375,2100,0.0,0.0
2022-09-02 00:00:00+09:00,865.936279296875,865.936279296875,861.7449129885649,865.936279296875,1400,0.0,0.0
2022-09-05 00:00:00+09:00,870.1277465820312,870.1277465820312,865.098106428378,870.1277465820312,1700,0.0,0.0
2022-09-06 00:00:00+09:00,870.1275722466627,870.1275722466627,863.42138671875,863.42138671875,400,0.0,0.0
2022-09-07 00:00:00+09:00,870.9658454376518,870.9658454376518,863.42138671875,863.42138671875,2200,0.0,0.0
2022-09-08 00:00:00+09:00,863.4213703795617,866.7744630800648,863.4213703795617,864.2596435546875,800,0.0,0.0
2022-09-09 00:00:00+09:00,866.7745288822877,866.7745288822877,860.0683429721732,860.9066162109375,10500,0.0,0.0
2022-09-12 00:00:00+09:00,869.2894732230891,874.3191133767424,861.745012992609,870.1277465820312,2700,0.0,0.0
2022-09-13 00:00:00+09:00,869.289334896554,870.9658813476562,859.23005618994,870.9658813476562,3900,0.0,0.0
2022-09-14 00:00:00+09:00,866.7745152199005,870.9658813476562,866.7745152199005,870.9658813476562,1300,0.0,0.0
2022-09-15 00:00:00+09:00,864.2596955432471,870.9658813476562,864.2596955432471,870.9658813476562,300,0.0,0.0
2022-09-16 00:00:00+09:00,869.2892946579009,869.2892946579009,865.0979287241597,866.7744750976562,800,0.0,0.0
2022-09-20 00:00:00+09:00,872.6423918196299,872.6423918196299,859.2300207638046,863.42138671875,2300,0.0,0.0
2022-09-21 00:00:00+09:00,864.2597327735509,865.936279296875,864.2597327735509,865.936279296875,900,0.0,0.0
2022-09-22 00:00:00+09:00,863.4214595118889,865.936279296875,863.4214595118889,865.936279296875,1400,0.0,0.0
2022-09-26 00:00:00+09:00,870.1276621264082,870.1276621264082,865.0980224609375,865.0980224609375,1600,0.0,0.0
2022-09-27 00:00:00+09:00,865.936279296875,865.936279296875,864.2597327735509,865.936279296875,1100,0.0,0.0
2022-09-28 00:00:00+09:00,866.7744959172285,868.4510423309949,862.5831298828125,862.5831298828125,1900,0.0,0.0
2022-09-29 00:00:00+09:00,871.9869370488395,877.1162719726562,866.8576021250228,877.1162719726562,4000,20.0,0.0
2022-09-30 00:00:00+09:00,866.0027444299592,874.5516362802056,866.0027444299592,872.8418579101562,2700,0.0,0.0
2022-10-03 00:00:00+09:00,883.9554811374308,883.9554811374308,863.4381392154788,867.7125854492188,4600,0.0,0.0
2022-10-04 00:00:00+09:00,872.8417964573597,874.5515747070312,866.0026834586732,874.5515747070312,3100,0.0,0.0
2022-10-05 00:00:00+09:00,876.2614467951256,876.2614467951256,868.5674438476562,868.5674438476562,2300,0.0,0.0
2022-10-06 00:00:00+09:00,871.9868774414062,871.9868774414062,867.7124319637522,871.9868774414062,2000,0.0,0.0
2022-10-07 00:00:00+09:00,873.6967481765072,873.6967481765072,869.4223022460938,869.4223022460938,800,0.0,0.0
2022-10-11 00:00:00+09:00,872.8418899295837,875.4065575787401,866.0027761984998,868.5674438476562,2300,0.0,0.0
2022-10-12 00:00:00+09:00,872.841827153693,873.6967163085938,872.841827153693,873.6967163085938,800,0.0,0.0
2022-10-13 00:00:00+09:00,872.841766536937,872.841766536937,871.9868774414062,871.9868774414062,700,0.0,0.0
2022-10-14 00:00:00+09:00,871.9869676543445,876.2614135742188,871.9869676543445,876.2614135742188,1000,0.0,0.0
2022-10-17 00:00:00+09:00,876.2614157347552,876.2614157347552,869.4223022460938,869.4223022460938,1300,0.0,0.0
2022-10-18 00:00:00+09:00,875.4065265486726,875.4065265486726,869.4223022460938,869.4223022460938,600,0.0,0.0
2022-10-19 00:00:00+09:00,871.9869714391691,872.8418606268547,864.29296875,864.29296875,13800,0.0,0.0
2022-10-20 00:00:00+09:00,872.841766536937,872.841766536937,871.9868774414062,871.9868774414062,1200,0.0,0.0
2022-10-21 00:00:00+09:00,867.7125255007419,867.7125255007419,864.29296875,864.29296875,1600,0.0,0.0
2022-10-24 00:00:00+09:00,863.4380795623146,865.1478579376854,863.4380795623146,864.29296875,3800,0.0,0.0
2022-10-25 00:00:00+09:00,863.4380181661834,866.002685546875,858.3086834048001,866.002685546875,3200,0.0,0.0
2022-10-26 00:00:00+09:00,866.0027786133782,866.0027786133782,860.0185540819925,861.7283325195312,3000,0.0,0.0
2022-10-27 00:00:00+09:00,863.4380493164062,864.2929384741452,861.7282710009282,863.4380493164062,1500,0.0,0.0
2022-10-28 00:00:00+09:00,863.4381121753221,863.4381121753221,856.5989984155176,858.3087768554688,3900,0.0,0.0
2022-10-31 00:00:00+09:00,860.8734125415209,863.4380801061927,856.5989666004011,862.5831909179688,5300,0.0,0.0
2022-11-01 00:00:00+09:00,867.7124946202214,867.7124946202214,863.4380488339149,865.1478271484375,1600,0.0,0.0
2022-11-02 00:00:00+09:00,867.712557050917,867.712557050917,860.0185540819925,861.7283325195312,1900,0.0,0.0
2022-11-04 00:00:00+09:00,865.1478584826407,866.0027476708646,862.5831909179688,862.5831909179688,800,0.0,0.0
2022-11-07 00:00:00+09:00,864.2929384741452,864.2929384741452,860.0184926854502,863.4380493164062,4400,0.0,0.0
2022-11-08 00:00:00+09:00,863.4380806522313,863.4380806522313,859.1636347084084,860.8734130859375,2300,0.0,0.0
2022-11-09 00:00:00+09:00,856.5989370175432,860.0184936523438,856.5989370175432,860.0184936523438,7000,0.0,0.0
2022-11-10 00:00:00+09:00,860.0184936523438,860.0184936523438,857.4538261762434,860.0184936523438,1300,0.0,0.0
2022-11-11 00:00:00+09:00,861.7283337353709,862.5832229553465,858.3087768554688,858.3087768554688,1100,0.0,0.0
2022-11-14 00:00:00+09:00,864.2929384741452,864.2929384741452,863.4380493164062,863.4380493164062,1500,0.0,0.0
2022-11-15 00:00:00+09:00,865.1478286045447,865.1478286045447,860.0184936523438,860.0184936523438,1300,0.0,0.0
2022-11-16 00:00:00+09:00,860.0185249914321,860.8734141812844,854.889189852318,857.453857421875,6300,0.0,0.0
2022-11-17 00:00:00+09:00,861.7282424606643,861.7282424606643,854.8891294252622,855.7440185546875,5900,0.0,0.0
2022-11-18 00:00:00+09:00,859.1636660754443,859.1636660754443,855.744109195542,858.3087768554688,2000,0.0,0.0
2022-11-21 00:00:00+09:00,854.8892205822729,862.5832235675134,854.0343313616906,856.5989990234375,6000,0.0,0.0
2022-11-22 00:00:00+09:00,860.8733828110439,860.8733828110439,856.5989370175432,860.0184936523438,1900,0.0,0.0
2022-11-24 00:00:00+09:00,863.4381425392569,863.4381425392569,855.744139288907,859.1636962890625,3500,0.0,0.0
2022-11-25 00:00:00+09:00,860.8734130859375,860.8734130859375,860.0185238971729,860.8734130859375,1300,0.0,0.0
2022-11-28 00:00:00+09:00,866.0027177632447,866.0027177632447,860.0184936523438,860.0184936523438,2800,0.0,0.0
2022-11-29 00:00:00+09:00,864.29296875,864.29296875,863.4380795623146,864.29296875,1300,0.0,0.0
2022-11-30 00:00:00+09:00,864.29296875,864.29296875,862.5831903746291,864.29296875,1300,0.0,0.0
2022-12-01 00:00:00+09:00,866.8576054629601,866.8576054629601,863.4380488339149,865.1478271484375,2100,0.0,0.0
2022-12-02 00:00:00+09:00,865.1478579376854,865.1478579376854,860.8734119992582,864.29296875,2500,0.0,0.0
2022-12-05 00:00:00+09:00,863.4381127880956,863.4381127880956,854.0343313616906,856.5989990234375,6100,0.0,0.0
2022-12-06 00:00:00+09:00,855.744139288907,860.8734747891402,855.744139288907,859.1636962890625,4500,0.0,0.0
2022-12-07 00:00:00+09:00,860.0184926854502,871.9869408937964,857.4538252122331,863.4380493164062,6800,0.0,0.0
2022-12-08 00:00:00+09:00,866.8576385102506,866.8576385102506,854.889189852318,857.453857421875,4300,0.0,0.0
2022-12-09 00:00:00+09:00,857.4539177889848,860.8734747891402,856.599028538946,859.1636962890625,2800,0.0,0.0
2022-12-12 00:00:00+09:00,869.4223049735833,869.4223049735833,860.8734130859375,860.8734130859375,4000,0.0,0.0
2022-12-13 00:00:00+09:00,863.4380817508413,863.4380817508413,857.453857421875,857.453857421875,3300,0.0,0.0
2022-12-14 00:00:00+09:00,856.5989076841128,858.3086859429633,850.6146837781358,855.7440185546875,9700,0.0,0.0
2022-12-15 00:00:00+09:00,854.8891294252622,856.5989076841128,854.8891294252622,855.7440185546875,2400,0.0,0.0
2022-12-16 00:00:00+09:00,855.7440790421704,859.1636358015797,855.7440790421704,857.453857421875,5000,0.0,0.0
2022-12-19 00:00:00+09:00,854.889189852318,857.453857421875,854.889189852318,857.453857421875,3800,0.0,0.0
2022-12-20 00:00:00+09:00,859.163606942418,859.163606942418,846.340269525367,851.4696044921875,11200,0.0,0.0
2022-12-21 00:00:00+09:00,855.7440502978711,855.7440502978711,850.6147153310508,851.4696044921875,5900,0.0,0.0
2022-12-22 00:00:00+09:00,854.0342714848642,854.8891606455098,850.6147148422823,853.1793823242188,4500,0.0,0.0
2022-12-23 00:00:00+09:00,856.5989693306587,856.5989693306587,854.0343017578125,854.0343017578125,2600,0.0,0.0
2022-12-26 00:00:00+09:00,855.7440194117509,855.7440194117509,852.324462890625,852.324462890625,4900,0.0,0.0
2022-12-27 00:00:00+09:00,854.8891302814694,854.8891302814694,852.324462890625,852.324462890625,2400,0.0,0.0
2022-12-28 00:00:00+09:00,854.88916015625,854.88916015625,853.1793818359375,854.88916015625,2500,0.0,0.0
2022-12-29 00:00:00+09:00,854.8891909487612,855.74408013971,854.0343017578125,854.0343017578125,1500,0.0,0.0
2022-12-30 00:00:00+09:00,856.5989682320227,857.453857421875,855.7440790421704,857.453857421875,1200,0.0,0.0
2023-01-04 00:00:00+09:00,858.3088037349908,867.7125854492188,858.3088037349908,867.7125854492188,3100,0.0,0.0
2023-01-05 00:00:00+09:00,866.8576368590885,866.8576368590885,862.5831909179688,862.5831909179688,800,0.0,0.0
2023-01-06 00:00:00+09:00,864.2929692944167,865.1478584826407,862.5831909179688,862.5831909179688,1500,0.0,0.0
2023-01-10 00:00:00+09:00,862.5832199307354,866.857666015625,862.5832199307354,866.857666015625,1700,0.0,0.0
2023-01-11 00:00:00+09:00,866.857666015625,866.857666015625,866.857666015625,866.857666015625,300,0.0,0.0
2023-01-12 00:00:00+09:00,866.8575746737723,868.5673529275667,866.002685546875,866.002685546875,800,0.0,0.0
2023-01-13 00:00:00+09:00,867.7125546312708,868.5674438476562,865.1478869821143,868.5674438476562,1200,0.0,0.0
2023-01-16 00:00:00+09:00,870.2771606445312,871.1320498003707,865.1478257094948,870.2771606445312,1700,0.0,0.0
2023-01-17 00:00:00+09:00,869.4222734205794,869.4222734205794,863.4380493164062,863.4380493164062,500,0.0,0.0
2023-01-18 00:00:00+09:00,867.712493177013,870.2771606445312,865.1478257094948,870.2771606445312,700,0.0,0.0
2023-01-19 00:00:00+09:00,866.0027177632447,870.2771635567454,854.889158700143,860.0184936523438,3300,0.0,0.0
2023-01-20 00:00:00+09:00,866.857666015625,866.857666015625,866.857666015625,866.857666015625,400,0.0,0.0
2023-01-23 00:00:00+09:00,866.8576654148852,868.5674438476562,866.8576654148852,868.5674438476562,700,0.0,0.0
2023-01-24 00:00:00+09:00,870.2771625783183,871.1320517360574,863.4380493164062,863.4380493164062,1600,0.0,0.0
2023-01-25 00:00:00+09:00,863.4380181661834,868.5673529275667,863.4380181661834,866.002685546875,8200,0.0,0.0
2023-01-26 00:00:00+09:00,870.2771930637982,870.2771930637982,864.29296875,864.29296875,1100,0.0,0.0
2023-01-27 00:00:00+09:00,869.4223336665589,871.1321121005147,866.857666015625,866.857666015625,600,0.0,0.0
2023-01-30 00:00:00+09:00,871.1320498003707,871.1320498003707,866.0027148653342,870.2771606445312,900,0.0,0.0
2023-01-31 00:00:00+09:00,870.2770992503446,871.9868774414062,867.7124319637522,871.9868774414062,1100,0.0,0.0
2023-02-01 00:00:00+09:00,883.9553247788373,883.9553247788373,871.9868774414062,871.9868774414062,2600,0.0,0.0
2023-02-02 00:00:00+09:00,880.5357994251794,880.5357994251794,871.1320190429688,871.1320190429688,1100,0.0,0.0
2023-02-03 00:00:00+09:00,875.4065243902439,880.535859494093,872.8418568383194,876.2614135742188,1200,0.0,0.0
2023-02-06 00:00:00+09:00,876.2613222002983,876.2613222002983,871.9868767261505,875.4064331054688,1400,0.0,0.0
2023-02-07 00:00:00+09:00,873.6967454889849,877.97119140625,871.1320779386258,877.97119140625,600,0.0,0.0
2023-02-08 00:00:00+09:00,876.2613229190601,876.2613229190601,871.9868774414062,871.9868774414062,300,0.0,0.0
2023-02-09 00:00:00+09:00,872.841827153693,877.9711620830976,872.841827153693,873.6967163085938,900,0.0,0.0
2023-02-10 00:00:00+09:00,877.1163324140854,878.8261108398438,864.292994220897,878.8261108398438,2800,0.0,0.0
2023-02-13 00:00:00+09:00,877.9711003899574,877.9711003899574,871.9868767261505,875.4064331054688,1600,0.0,0.0
2023-02-14 00:00:00+09:00,876.2613529567029,876.2613529567029,873.6966855821954,874.5515747070312,1100,0.0,0.0
2023-02-15 00:00:00+09:00,874.5516352062691,876.2614135742188,874.5516352062691,876.2614135742188,800,0.0,0.0
2023-02-16 00:00:00+09:00,877.9711601775828,880.5358276367188,877.9711601775828,880.5358276367188,1700,0.0,0.0
2023-02-17 00:00:00+09:00,880.5358276367188,880.5358276367188,875.4064927184467,880.5358276367188,800,0.0,0.0
2023-02-20 00:00:00+09:00,880.5357658932242,887.374878638026,876.2613204277231,883.955322265625,2400,0.0,0.0
2023-02-21 00:00:00+09:00,881.3907153744495,888.2298285878303,880.5358262227769,885.6651611328125,1200,0.0,0.0
2023-02-22 00:00:00+09:00,884.8102412872166,886.52001953125,880.5357956771335,886.52001953125,1400,0.0,0.0
2023-02-24 00:00:00+09:00,886.5200493445764,889.084716796875,883.1004927415114,889.084716796875,1000,0.0,0.0
2023-02-27 00:00:00+09:00,889.0847491756414,889.0847491756414,883.1005249023438,883.1005249023438,1300,0.0,0.0
2023-02-28 00:00:00+09:00,886.5200502844851,886.5200502844851,880.5358262227769,885.6651611328125,1700,0.0,0.0
2023-03-01 00:00:00+09:00,886.5200493445764,889.084716796875,883.9553818922776,889.084716796875,1200,0.0,0.0
2023-03-02 00:00:00+09:00,889.0847475788017,889.0847475788017,883.1005233162521,888.2298583984375,1200,0.0,0.0
2023-03-03 00:00:00+09:00,888.2297677311261,888.2297677311261,883.955322265625,883.955322265625,800,0.0,0.0
2023-03-06 00:00:00+09:00,887.3750610351562,887.3750610351562,881.3908361534162,887.3750610351562,2600,0.0,0.0
2023-03-07 00:00:00+09:00,883.9554124966163,888.2298583984375,883.9554124966163,888.2298583984375,4000,0.0,0.0
2023-03-08 00:00:00+09:00,888.2298909860064,888.2298909860064,882.2456665039062,882.2456665039062,1700,0.0,0.0
2023-03-09 00:00:00+09:00,859.1635704599868,877.1162420815388,859.1635704599868,874.5515747070312,17000,0.0,0.0
2023-03-10 00:00:00+09:00,874.5516647754476,885.6652245428776,874.5516647754476,878.8261108398438,2900,0.0,0.0
2023-03-13 00:00:00+09:00,878.8261108398438,878.8261108398438,875.4065539883269,878.8261108398438,1600,0.0,0.0
2023-03-14 00:00:00+09:00,876.2613537969019,876.2613537969019,868.5673516660022,871.1320190429688,1400,0.0,0.0
2023-03-15 00:00:00+09:00,877.9711320482129,877.9711320482129,871.1320190429688,871.1320190429688,1000,0.0,0.0
2023-03-16 00:00:00+09:00,877.1163022227969,877.97119140625,870.2771887551728,877.97119140625,2400,0.0,0.0
2023-03-17 00:00:00+09:00,877.9711011101217,877.9711011101217,871.9868774414062,871.9868774414062,1800,0.0,0.0
2023-03-20 00:00:00+09:00,876.2613847354072,877.1162738912467,867.712493177013,870.2771606445312,5500,0.0,0.0
2023-03-22 00:00:00+09:00,877.9711320482129,877.9711320482129,871.1320190429688,871.1320190429688,1500,0.0,0.0
2023-03-23 00:00:00+09:00,874.5515440106392,875.4064331054688,869.4222094416618,875.4064331054688,2300,0.0,0.0
2023-03-24 00:00:00+09:00,873.6967163085938,874.5516054634945,871.1320488438914,873.6967163085938,1600,0.0,0.0
2023-03-27 00:00:00+09:00,883.9554156904211,883.9554156904211,877.97119140625,877.97119140625,2000,0.0,0.0
2023-03-28 00:00:00+09:00,877.9711620830976,877.9711620830976,870.2771596889907,873.6967163085938,4700,0.0,0.0
2023-03-29 00:00:00+09:00,867.7124903410385,880.5358276367188,867.7124903410385,880.5358276367188,3600,0.0,0.0
2023-03-30 00:00:00+09:00,894.5543166815065,894.5543166815065,886.668921137791,893.6781616210938,2200,25.0,0.0
2023-03-31 00:00:00+09:00,893.6781616210938,893.6781616210938,891.925851500268,893.6781616210938,1200,0.0,0.0
2023-04-03 00:00:00+09:00,893.6781754032257,896.306640625,886.6689348118279,896.306640625,3100,0.0,0.0
2023-04-04 00:00:00+09:00,894.5543868630366,895.4305419921875,891.0497663464331,895.4305419921875,1000,0.0,0.0
2023-04-05 00:00:00+09:00,895.4305419921875,895.4305419921875,890.1736112172822,895.4305419921875,10700,0.0,0.0
2023-04-06 00:00:00+09:00,895.4305283356462,895.4305283356462,891.925907872493,892.8020629882812,900,0.0,0.0
2023-04-07 00:00:00+09:00,896.3066268023322,897.1827818627451,893.6781616210938,893.6781616210938,1700,0.0,0.0
2023-04-10 00:00:00+09:00,896.3066128981148,896.3066128981148,891.0496826171875,891.0496826171875,700,0.0,0.0
2023-04-11 00:00:00+09:00,893.6781431183102,893.6781431183102,890.1735229492188,890.1735229492188,600,0.0,0.0
2023-04-12 00:00:00+09:00,889.2974425251281,892.8020629882812,889.2974425251281,892.8020629882812,800,0.0,0.0
2023-04-13 00:00:00+09:00,890.1735794142548,893.6781998056496,889.2974243164062,889.2974243164062,800,0.0,0.0
2023-04-14 00:00:00+09:00,892.8020447078009,892.8020447078009,889.2974243164062,889.2974243164062,400,0.0,0.0
2023-04-17 00:00:00+09:00,889.2973863190296,893.6781616210938,889.2973863190296,893.6781616210938,1300,0.0,0.0
2023-04-18 00:00:00+09:00,893.6782181040696,893.6782181040696,892.8020629882812,892.8020629882812,1000,0.0,0.0
2023-04-19 00:00:00+09:00,890.1735413794423,893.6781616210938,889.2973863190296,893.6781616210938,1600,0.0,0.0
2023-04-20 00:00:00+09:00,893.6781616210938,893.6781616210938,890.1735413794423,893.6781616210938,900,0.0,0.0
2023-04-21 00:00:00+09:00,889.2973863190296,893.6781616210938,889.2973863190296,893.6781616210938,1100,0.0,0.0
2023-04-24 00:00:00+09:00,893.6781799793243,897.1828002929688,893.6781799793243,897.1828002929688,2700,0.0,0.0
2023-04-25 00:00:00+09:00,891.9258652553763,896.306640625,889.2974000336021,896.306640625,9600,0.0,0.0
2023-04-26 00:00:00+09:00,896.306640625,896.306640625,893.6781754032257,896.306640625,1500,0.0,0.0
2023-04-27 00:00:00+09:00,895.4305283356462,895.4305283356462,889.2974425251281,892.8020629882812,2100,0.0,0.0
2023-04-28 00:00:00+09:00,896.3066452145576,897.1828002929688,893.6781799793243,897.1828002929688,1200,0.0,0.0
2023-05-01 00:00:00+09:00,910.3251124577237,910.3251124577237,894.5543212890625,894.5543212890625,6300,0.0,0.0
2023-05-02 00:00:00+09:00,902.4397168733931,907.6966472629468,894.5543212890625,894.5543212890625,1300,0.0,0.0
2023-05-08 00:00:00+09:00,894.5543166815065,895.4304717419194,892.8020065606809,893.6781616210938,1900,0.0,0.0
2023-05-09 00:00:00+09:00,893.6781799793243,897.1828002929688,893.6781799793243,897.1828002929688,1200,0.0,0.0
2023-05-10 00:00:00+09:00,893.6781523878776,893.6781523878776,889.2973771310743,891.9258422851562,5400,0.0,0.0
2023-05-11 00:00:00+09:00,893.6782181040696,893.6782181040696,888.4212874093398,892.8020629882812,2600,0.0,0.0
2023-05-12 00:00:00+09:00,893.6781799793243,897.1828002929688,890.1735596656799,897.1828002929688,1100,0.0,0.0
2023-05-15 00:00:00+09:00,897.1827864838393,897.1827864838393,891.04970102936,894.5543212890625,3100,0.0,0.0
2023-05-16 00:00:00+09:00,895.4304901361465,897.1828002929688,894.5543350577354,897.1828002929688,600,0.0,0.0
2023-05-17 00:00:00+09:00,893.6781754032257,896.306640625,891.0497101814516,896.306640625,1400,0.0,0.0
2023-05-18 00:00:00+09:00,893.6781754032257,896.306640625,893.6781754032257,896.306640625,900,0.0,0.0
2023-05-19 00:00:00+09:00,893.6781477576512,893.6781477576512,890.1735275703663,891.0496826171875,1200,0.0,0.0
2023-05-22 00:00:00+09:00,892.80199271083,893.6781477576512,891.0496826171875,891.0496826171875,1300,0.0,0.0
2023-05-23 00:00:00+09:00,893.6781616210938,893.6781616210938,890.1735413794423,893.6781616210938,1600,0.0,0.0
2023-05-24 00:00:00+09:00,893.6781616210938,893.6781616210938,891.0496964398552,893.6781616210938,1800,0.0,0.0
2023-05-25 00:00:00+09:00,893.6781754032257,896.306640625,891.0497101814516,896.306640625,2500,0.0,0.0
2023-05-26 00:00:00+09:00,897.1828385672228,897.1828385672228,892.8020629882812,892.8020629882812,1800,0.0,0.0
2023-05-29 00:00:00+09:00,893.6781616210938,894.5543166815065,891.0496964398552,893.6781616210938,4600,0.0,0.0
2023-05-30 00:00:00+09:00,892.8020629882812,892.8020629882812,891.925907872493,892.8020629882812,1800,0.0,0.0
2023-05-31 00:00:00+09:00,892.8020249009132,897.1828002929688,890.1735596656799,897.1828002929688,3800,0.0,0.0
2023-06-01 00:00:00+09:00,893.6782181040696,893.6782181040696,892.8020629882812,892.8020629882812,1000,0.0,0.0
2023-06-02 00:00:00+09:00,892.8019880760373,892.8019880760373,890.1735229492188,890.1735229492188,900,0.0,0.0
2023-06-05 00:00:00+09:00,891.9258422851562,891.9258422851562,891.0496872337956,891.9258422851562,1200,0.0,0.0
2023-06-06 00:00:00+09:00,891.9258422851562,891.9258422851562,890.1735321824349,891.9258422851562,1100,0.0,0.0
2023-06-07 00:00:00+09:00,891.925907872493,892.8020629882812,891.0497527567047,892.8020629882812,2800,0.0,0.0
2023-06-08 00:00:00+09:00,891.9258330337644,891.9258330337644,888.4212128646731,890.1735229492188,7400,0.0,0.0
2023-06-09 00:00:00+09:00,891.0497345121036,891.9258896099523,889.2974243164062,889.2974243164062,3000,0.0,0.0
2023-06-12 00:00:00+09:00,892.8020065606809,893.6781616210938,891.0496964398552,893.6781616210938,1600,0.0,0.0
2023-06-13 00:00:00+09:00,893.6781431183102,893.6781431183102,889.297367906946,890.1735229492188,2300,0.0,0.0
2023-06-14 00:00:00+09:00,891.0497527567047,892.8020629882812,890.1735976409163,892.8020629882812,1200,0.0,0.0
2023-06-15 00:00:00+09:00,893.6781477576512,893.6781477576512,889.297372523545,891.0496826171875,3600,0.0,0.0
2023-06-16 00:00:00+09:00,890.1735275703663,891.0496826171875,889.297372523545,891.0496826171875,1700,0.0,0.0
2023-06-19 00:00:00+09:00,891.0497345121036,891.0497345121036,888.4212692185575,889.2974243164062,9700,0.0,0.0
2023-06-20 00:00:00+09:00,889.297367906946,891.0496779914916,888.4212128646731,890.1735229492188,2100,0.0,0.0
2023-06-21 00:00:00+09:00,890.1735229492188,891.0496779914916,888.4212128646731,890.1735229492188,4900,0.0,0.0
2023-06-22 00:00:00+09:00,891.0497345121036,892.8020447078009,887.5451141207088,889.2974243164062,6800,0.0,0.0
2023-06-23 00:00:00+09:00,889.2974672402402,889.2974672402402,884.9166915395493,885.7928466796875,12700,0.0,0.0
2023-06-26 00:00:00+09:00,885.7928512030439,888.4213166368809,885.7928512030439,886.6690063476562,7200,0.0,0.0
2023-06-27 00:00:00+09:00,889.2974243164062,889.2974243164062,884.9166488271628,889.2974243164062,4300,0.0,0.0
2023-06-28 00:00:00+09:00,893.6781616210938,893.6781616210938,891.0496964398552,893.6781616210938,2300,0.0,0.0
2023-06-29 00:00:00+09:00,894.5543028044724,894.5543028044724,891.0496826171875,891.0496826171875,4100,0.0,0.0
2023-06-30 00:00:00+09:00,894.5542972664791,902.4396926390533,894.5542972664791,901.5635375976562,4700,0.0,0.0
2023-07-03 00:00:00+09:00,906.8204631879636,907.6966182248601,898.9350678558943,900.6873779296875,7200,0.0,0.0
2023-07-04 00:00:00+09:00,903.3158753325973,908.5728057419044,902.4397202643795,906.8204956054688,5100,0.0,0.0
2023-07-05 00:00:00+09:00,908.572853206664,908.572853206664,904.1920776367188,904.1920776367188,1000,0.0,0.0
2023-07-06 00:00:00+09:00,906.8204956054688,906.8204956054688,902.4397202643795,906.8204956054688,2200,0.0,0.0
2023-07-07 00:00:00+09:00,905.9443497101389,908.5728149414062,902.4397294017825,908.5728149414062,1400,0.0,0.0
2023-07-10 00:00:00+09:00,908.5728623410489,909.4490174638464,898.9351559902759,905.9443969726562,15100,0.0,0.0
2023-07-11 00:00:00+09:00,905.9443405372509,906.8204956054688,900.6874101279438,906.8204956054688,2200,0.0,0.0
2023-07-12 00:00:00+09:00,907.6966506736866,907.6966506736866,904.1920304008152,906.8204956054688,1100,0.0,0.0
2023-07-13 00:00:00+09:00,908.5727825868477,908.5727825868477,902.439697265625,902.439697265625,5600,0.0,0.0
2023-07-14 00:00:00+09:00,906.8204956054688,906.8204956054688,905.9443405372509,906.8204956054688,1300,0.0,0.0
2023-07-18 00:00:00+09:00,904.192073078322,906.820538407038,903.31591796875,903.31591796875,1400,0.0,0.0
2023-07-19 00:00:00+09:00,906.820538407038,906.820538407038,903.31591796875,903.31591796875,700,0.0,0.0
2023-07-20 00:00:00+09:00,903.3159225227297,905.0682327507078,903.3159225227297,904.1920776367188,700,0.0,0.0
2023-07-21 00:00:00+09:00,906.820538407038,906.820538407038,902.439762859178,903.31591796875,1100,0.0,0.0
2023-07-24 00:00:00+09:00,905.0681384606628,909.4489135742188,905.0681384606628,909.4489135742188,1700,0.0,0.0
2023-07-25 00:00:00+09:00,909.4489135742188,909.4489135742188,906.8204485060852,909.4489135742188,1400,0.0,0.0
2023-07-26 00:00:00+09:00,910.3250685969299,910.3250685969299,904.1919834379515,909.4489135742188,3400,0.0,0.0
2023-07-27 00:00:00+09:00,909.4489042657682,909.4489042657682,907.6965942382812,907.6965942382812,500,0.0,0.0
2023-07-28 00:00:00+09:00,908.5727492520247,909.4489042657682,906.8204392245377,907.6965942382812,2500,0.0,0.0
2023-07-31 00:00:00+09:00,909.4489837646483,911.2012939453125,908.5728286743164,911.2012939453125,1900,0.0,0.0
2023-08-01 00:00:00+09:00,911.2012939453125,915.5820693969727,908.5728286743164,911.2012939453125,3700,0.0,0.0
2023-08-02 00:00:00+09:00,911.2012375420269,912.077392578125,911.2012375420269,912.077392578125,900,0.0,0.0
2023-08-03 00:00:00+09:00,912.0774581821317,912.95361328125,909.4489928847769,912.95361328125,1600,0.0,0.0
2023-08-04 00:00:00+09:00,909.4489928847769,912.95361328125,907.6966826865403,912.95361328125,2000,0.0,0.0
2023-08-07 00:00:00+09:00,912.95361328125,912.95361328125,911.2013030830134,912.95361328125,1900,0.0,0.0
2023-08-08 00:00:00+09:00,912.953687808388,915.5821533203125,912.953687808388,915.5821533203125,1600,0.0,0.0
2023-08-09 00:00:00+09:00,915.5821533203125,915.5821533203125,912.953687808388,915.5821533203125,1000,0.0,0.0
2023-08-10 00:00:00+09:00,918.2105438759597,918.2105438759597,911.2013030830134,912.95361328125,1900,0.0,0.0
2023-08-14 00:00:00+09:00,919.0866897583007,919.0866897583007,911.2012939453125,911.2012939453125,1600,0.0,0.0
2023-08-15 00:00:00+09:00,919.962890625,919.962890625,911.2013392857143,919.962890625,26400,0.0,0.0
2023-08-16 00:00:00+09:00,919.962890625,919.962890625,912.0774944196429,919.962890625,2000,0.0,0.0
2023-08-17 00:00:00+09:00,916.4582138569666,920.8389892578125,916.4582138569666,920.8389892578125,1000,0.0,0.0
2023-08-18 00:00:00+09:00,918.2105803571429,919.962890625,915.5821149553572,919.962890625,2500,0.0,0.0
2023-08-21 00:00:00+09:00,919.9627879030079,919.9627879030079,912.077392578125,912.077392578125,800,0.0,0.0
2023-08-22 00:00:00+09:00,919.9628249932972,919.9628249932972,913.8297394933419,919.086669921875,500,0.0,0.0
2023-08-23 00:00:00+09:00,916.4583084909539,919.0867740028782,915.5821533203125,915.5821533203125,500,0.0,0.0
2023-08-24 00:00:00+09:00,919.9627916959789,928.7243420930836,919.9627916959789,924.3435668945312,5100,0.0,0.0
2023-08-25 00:00:00+09:00,928.7244308140904,937.4859820481856,926.0959654438619,929.6005859375,2800,0.0,0.0
2023-08-28 00:00:00+09:00,929.6005145969676,939.2382202148438,929.6005145969676,939.2382202148438,2600,0.0,0.0
2023-08-29 00:00:00+09:00,938.3621215820312,938.3621215820312,933.1051909289106,938.3621215820312,1100,0.0,0.0
2023-08-30 00:00:00+09:00,938.3621508949681,938.3621508949681,932.2290649414062,932.2290649414062,900,0.0,0.0
2023-08-31 00:00:00+09:00,936.6098068094699,937.4859619140625,928.7244108681366,937.4859619140625,1300,0.0,0.0
2023-09-01 00:00:00+09:00,938.3620651586732,939.2382202148438,932.2289797654793,939.2382202148438,2100,0.0,0.0
2023-09-04 00:00:00+09:00,940.9905823324327,940.9905823324327,927.848255763544,937.4859619140625,6100,0.0,0.0
2023-09-05 00:00:00+09:00,937.4859664731778,938.3621215820312,929.6005704934969,938.3621215820312,2100,0.0,0.0
2023-09-06 00:00:00+09:00,938.3621215820312,938.3621215820312,931.3528807112037,938.3621215820312,600,0.0,0.0
2023-09-07 00:00:00+09:00,934.8574966002847,941.8667374370253,933.1051863910996,937.4859619140625,6200,0.0,0.0
2023-09-08 00:00:00+09:00,937.4858723731649,943.6189575195312,934.8574073104363,943.6189575195312,2000,0.0,0.0
2023-09-11 00:00:00+09:00,943.619023140817,944.4951782226562,915.5820605219627,944.4951782226562,6600,0.0,0.0
2023-09-12 00:00:00+09:00,944.4951125404408,945.3712675613504,926.0958571013413,943.6189575195312,3200,0.0,0.0
2023-09-13 00:00:00+09:00,945.3712953407238,948.8759155273438,934.857434780864,948.8759155273438,2200,0.0,0.0
2023-09-14 00:00:00+09:00,941.8666797370488,950.6282302462306,936.6097494315396,949.7520751953125,3800,0.0,0.0
2023-09-15 00:00:00+09:00,954.1327989050304,954.1327989050304,937.4858538368985,940.1143188476562,3200,0.0,0.0
2023-09-19 00:00:00+09:00,931.3528700174554,947.9998168945312,931.3528700174554,947.9998168945312,7900,0.0,0.0
2023-09-20 00:00:00+09:00,937.4858723731649,943.6189575195312,933.1050972686173,943.6189575195312,2000,0.0,0.0
2023-09-21 00:00:00+09:00,941.8666992187499,950.6282499091569,928.7243731831395,941.86669921875,4000,0.0,0.0
2023-09-22 00:00:00+09:00,952.3805077286263,952.3805077286263,938.3620273940743,943.6189575195312,1600,0.0,0.0
2023-09-25 00:00:00+09:00,946.2474549916398,950.6282302462306,940.9905246861306,949.7520751953125,3000,0.0,0.0
2023-09-26 00:00:00+09:00,953.2567336654309,954.1328887515205,945.371337890625,945.371337890625,3900,0.0,0.0
2023-09-27 00:00:00+09:00,947.1235776031693,956.7612828331738,943.6189575195312,943.6189575195312,5300,0.0,0.0
2023-09-28 00:00:00+09:00,964.1518654521956,964.1518654521956,947.189934485907,960.5809326171875,2400,20.0,0.0
2023-09-29 00:00:00+09:00,955.2246018966114,955.2246018966114,947.1900024414062,947.1900024414062,2100,0.0,0.0
2023-10-02 00:00:00+09:00,946.2972564986807,946.2972564986807,940.048123672746,940.9408569335938,3700,0.0,0.0
2023-10-03 00:00:00+09:00,939.155402986201,947.1900024414062,939.155402986201,947.1900024414062,1900,0.0,0.0
2023-10-04 00:00:00+09:00,941.8336389171815,947.1900387593645,929.3353726187545,934.6917724609375,4700,0.0,0.0
2023-10-05 00:00:00+09:00,959.6882579248277,959.6882579248277,934.6917265556228,950.7609252929688,2600,0.0,0.0
2023-10-06 00:00:00+09:00,937.3699238902025,948.0827230203762,937.3699238902025,940.9408569335938,900,0.0,0.0
2023-10-10 00:00:00+09:00,943.6190414716613,955.2245736751917,940.0481084859596,946.2972412109375,1200,0.0,0.0
2023-10-11 00:00:00+09:00,946.2972334291003,946.2972334291003,938.2626342773438,938.2626342773438,1300,0.0,0.0
2023-10-12 00:00:00+09:00,938.2626622421207,944.5117951019636,938.2626622421207,939.1553955078125,4000,0.0,0.0
2023-10-13 00:00:00+09:00,940.048148680269,953.4391479492188,936.4772155418825,953.4391479492188,2300,0.0,0.0
2023-10-16 00:00:00+09:00,949.8681663854366,949.8681663854366,934.6917013210076,938.2626342773438,1000,0.0,0.0
2023-10-17 00:00:00+09:00,939.1553904118981,950.7609228029197,938.2626571510503,940.9408569335938,1800,0.0,0.0
2023-10-18 00:00:00+09:00,940.0481007555119,940.0481007555119,938.2626342773438,938.2626342773438,700,0.0,0.0
2023-10-19 00:00:00+09:00,937.3699364405999,947.1900024414062,937.3699364405999,947.1900024414062,3900,0.0,0.0
2023-10-20 00:00:00+09:00,941.83359266111,950.7609252929688,937.3699263451805,950.7609252929688,1400,0.0,0.0
2023-10-23 00:00:00+09:00,950.7609252929688,950.7609252929688,950.7609252929688,950.7609252929688,0,0.0,0.0
2023-10-24 00:00:00+09:00,947.1900617327009,947.1900617327009,937.3699951171875,937.3699951171875,900,0.0,0.0
2023-10-25 00:00:00+09:00,938.262636978523,948.0827026367188,936.4771704952146,948.0827026367188,1200,0.0,0.0
2023-10-26 00:00:00+09:00,948.0826999072684,948.0826999072684,938.2626342773438,938.2626342773438,1100,0.0,0.0
2023-10-27 00:00:00+09:00,938.2627109071285,943.6191107791007,932.9063110351562,932.9063110351562,3300,0.0,0.0
2023-10-30 00:00:00+09:00,932.9063110351562,935.5845109711424,930.2281110991702,932.9063110351562,2200,0.0,0.0
2023-10-31 00:00:00+09:00,941.8335749788105,946.2972412109375,928.4425762824293,946.2972412109375,5000,0.0,0.0
2023-11-01 00:00:00+09:00,946.2972182289203,946.2972182289203,939.1553524309662,943.6190185546875,1800,0.0,0.0
2023-11-02 00:00:00+09:00,949.8681691200271,949.8681691200271,941.8335699451396,948.0827026367188,1300,0.0,0.0
2023-11-06 00:00:00+09:00,954.3318404287662,954.3318404287662,946.2972412109375,946.2972412109375,1200,0.0,0.0
2023-11-07 00:00:00+09:00,946.2972564986807,948.0827230203762,940.9408569335938,940.9408569335938,1200,0.0,0.0
2023-11-08 00:00:00+09:00,950.7609176635742,950.7609176635742,942.726318359375,942.726318359375,1900,0.0,0.0
2023-11-09 00:00:00+09:00,944.5117467604683,947.1899464204696,940.0480806604661,945.4044799804688,1000,0.0,0.0
2023-11-10 00:00:00+09:00,945.4045257138534,950.7609252929688,945.4045257138534,950.7609252929688,700,0.0,0.0
2023-11-13 00:00:00+09:00,948.0827230203762,957.9027888897022,940.9408569335938,940.9408569335938,5500,0.0,0.0
2023-11-14 00:00:00+09:00,949.8682478070818,954.3319143851227,941.8336479666084,952.5464477539062,1700,0.0,0.0
2023-11-15 00:00:00+09:00,950.7609074430645,952.5463739359154,946.2972412109375,946.2972412109375,1600,0.0,0.0
2023-11-16 00:00:00+09:00,948.0827305992034,948.9754638671875,947.1899973312192,948.9754638671875,400,0.0,0.0
2023-11-17 00:00:00+09:00,947.190023076274,954.3318894142666,939.1554234460322,940.0481567382812,3200,0.0,0.0
2023-11-20 00:00:00+09:00,951.6537144382982,952.5464477539062,940.0481813353921,952.5464477539062,1900,0.0,0.0
2023-11-21 00:00:00+09:00,945.404513036371,948.9754460412298,942.7263132827269,944.5117797851562,2800,0.0,0.0
2023-11-22 00:00:00+09:00,945.404513036371,945.404513036371,944.5117797851562,944.5117797851562,400,0.0,0.0
2023-11-24 00:00:00+09:00,941.8336101781542,955.224609375,941.8336101781542,955.224609375,1400,0.0,0.0
2023-11-27 00:00:00+09:00,955.2245454004736,955.2245454004736,944.5117467604683,945.4044799804688,1100,0.0,0.0
2023-11-28 00:00:00+09:00,946.2972412109375,947.189974457363,946.2972412109375,946.2972412109375,900,0.0,0.0
2023-11-29 00:00:00+09:00,945.404485004176,945.404485004176,932.9062198577564,943.6190185546875,4600,0.0,0.0
2023-11-30 00:00:00+09:00,939.1553702201771,948.0827026367188,939.1553702201771,948.0827026367188,1300,0.0,0.0
2023-12-01 00:00:00+09:00,949.8681741966392,949.8681741966392,942.7263082252358,946.2972412109375,1500,0.0,0.0
2023-12-04 00:00:00+09:00,945.404507964512,951.65364068949,944.5117747180867,946.2972412109375,1100,0.0,0.0
2023-12-05 00:00:00+09:00,950.7608843526416,950.7608843526416,943.6190185546875,943.6190185546875,1000,0.0,0.0
2023-12-06 00:00:00+09:00,947.189974457363,947.189974457363,944.5117747180867,946.2972412109375,1200,0.0,0.0
2023-12-07 00:00:00+09:00,942.7262853299433,943.6190185546875,941.8335521051989,943.6190185546875,700,0.0,0.0
2023-12-08 00:00:00+09:00,941.8335699451396,948.0827026367188,937.3699037368689,948.0827026367188,3300,0.0,0.0
2023-12-11 00:00:00+09:00,954.3318915689798,954.3318915689798,942.7263587435385,949.8682250976562,3200,0.0,0.0
2023-12-12 00:00:00+09:00,953.4391479492188,953.4391479492188,945.404548387849,953.4391479492188,1300,0.0,0.0
2023-12-13 00:00:00+09:00,948.082753365751,957.0100862599671,946.2972867869078,951.6536865234375,5500,0.0,0.0
2023-12-14 00:00:00+09:00,949.8681792924446,950.7609125436592,944.5117797851562,944.5117797851562,1300,0.0,0.0
2023-12-15 00:00:00+09:00,947.189974457363,947.189974457363,938.2626419931088,946.2972412109375,1600,0.0,0.0
2023-12-18 00:00:00+09:00,940.9408569335938,942.7263234552894,940.048123672746,940.9408569335938,1800,0.0,0.0
2023-12-19 00:00:00+09:00,940.940833994596,940.940833994596,938.2626342773438,938.2626342773438,1300,0.0,0.0
2023-12-20 00:00:00+09:00,946.2972691686057,948.0827357142068,940.0481362590016,947.1900024414062,800,0.0,0.0
2023-12-21 00:00:00+09:00,941.8335901944415,948.9754562812241,940.9408569335938,940.9408569335938,500,0.0,0.0
2023-12-22 00:00:00+09:00,944.5117467604683,945.4044799804688,942.7262803204675,945.4044799804688,900,0.0,0.0
2023-12-25 00:00:00+09:00,942.7263309912983,948.9754638671875,942.7263309912983,948.9754638671875,4100,0.0,0.0
2023-12-26 00:00:00+09:00,951.6536457948739,951.6536457948739,944.5117797851562,944.5117797851562,3300,0.0,0.0
2023-12-27 00:00:00+09:00,944.511789976985,948.0827230203762,940.048123672746,940.9408569335938,5100,0.0,0.0
2023-12-28 00:00:00+09:00,944.5117467604683,952.5463457404722,944.5117467604683,945.4044799804688,2500,0.0,0.0
2023-12-29 00:00:00+09:00,958.7954711914062,958.7954711914062,949.868139057408,958.7954711914062,2800,0.0,0.0
2024-01-04 00:00:00+09:00,958.7955345892137,968.6156005859375,955.224601499496,968.6156005859375,13600,0.0,0.0
2024-01-05 00:00:00+09:00,980.221028011217,980.221028011217,968.6154967141807,973.0791625976562,4200,0.0,0.0
2024-01-09 00:00:00+09:00,991.8266577148438,995.3975907759233,973.9719924094461,982.006591796875,19100,0.0,0.0
2024-01-10 00:00:00+09:00,990.9338985885705,990.9338985885705,968.6155675392783,969.50830078125,4800,0.0,0.0
2024-01-11 00:00:00+09:00,967.7227717669472,982.0065027155368,965.9373053983735,981.11376953125,6400,0.0,0.0
2024-01-12 00:00:00+09:00,980.2211250495232,1003.4321899414062,978.4356585193783,1003.4321899414062,7900,0.0,0.0
2024-01-15 00:00:00+09:00,996.2903442382812,996.2903442382812,996.2903442382812,996.2903442382812,1100,0.0,0.0
2024-01-16 00:00:00+09:00,993.6119801285648,1000.7538452148438,990.0410475854253,1000.7538452148438,4000,0.0,0.0
2024-01-17 00:00:00+09:00,995.3974791935512,1001.6466113499233,990.0410802023752,999.8611450195312,2200,0.0,0.0
2024-01-18 00:00:00+09:00,1000.7538781847273,1029.3213394709996,995.3974791935512,999.8611450195312,30100,0.0,0.0
2024-01-19 00:00:00+09:00,997.1830369389942,1010.5740356445312,997.1830369389942,1010.5740356445312,1000,0.0,0.0
2024-01-22 00:00:00+09:00,1023.0722326330236,1023.9649658203125,1013.2521675728462,1023.9649658203125,3900,0.0,0.0
2024-01-23 00:00:00+09:00,1024.8577121357778,1030.214111328125,1016.8231133472568,1030.214111328125,3100,0.0,0.0
2024-01-24 00:00:00+09:00,1028.4288555194805,1031.9997890455898,1026.6433887564258,1031.1070556640625,1400,0.0,0.0
2024-01-25 00:00:00+09:00,1026.6432752107319,1026.6432752107319,1006.1104097065172,1017.7159423828125,2100,0.0,0.0
2024-01-26 00:00:00+09:00,1026.6434004713049,1037.356201171875,1017.716066554163,1037.356201171875,5700,0.0,0.0
2024-01-29 00:00:00+09:00,1051.6397652279547,1053.4252317223993,1025.7505010585057,1031.9996337890625,11600,0.0,0.0
2024-01-30 00:00:00+09:00,1031.9997020017436,1053.4253013512607,1031.9997020017436,1040.0343017578125,1700,0.0,0.0
2024-01-31 00:00:00+09:00,1048.068636400722,1048.068636400722,1037.3558394358083,1047.1759033203125,600,0.0,0.0
2024-02-01 00:00:00+09:00,1044.497881690492,1059.6743466381317,1044.497881690492,1048.9615478515625,6000,0.0,0.0
2024-02-02 00:00:00+09:00,1065.0305745930016,1065.0305745930016,1040.0340481147082,1043.60498046875,5600,0.0,0.0
2024-02-05 00:00:00+09:00,1057.8888957558413,1080.2072268899308,1034.6778313763884,1065.03076171875,12000,0.0,0.0
2024-02-06 00:00:00+09:00,957.9027427680073,1013.2522022755717,946.2972109357762,1011.4667358398438,53000,0.0,0.0
2024-02-07 00:00:00+09:00,1024.8576299913195,1024.8576299913195,993.6119705403646,1004.3247680664062,6300,0.0,0.0
2024-02-08 00:00:00+09:00,1007.8958537880623,1007.8958537880623,993.6121215820312,993.6121215820312,1900,0.0,0.0
2024-02-09 00:00:00+09:00,1001.6467079825411,1001.6467079825411,964.1519114270449,965.9373779296875,22000,0.0,0.0
2024-02-13 00:00:00+09:00,995.3974682931628,995.3974682931628,968.6154736305665,970.4009399414062,6000,0.0,0.0
2024-02-14 00:00:00+09:00,973.079210670591,973.079210670591,966.830078125,966.830078125,2300,0.0,0.0
2024-02-15 00:00:00+09:00,966.8300960204181,971.2937622070312,965.0446295457728,971.2937622070312,4100,0.0,0.0
2024-02-16 00:00:00+09:00,973.0792516049281,981.1138509301064,965.0446522797498,973.9719848632812,3900,0.0,0.0
2024-02-19 00:00:00+09:00,995.3975959597173,995.3975959597173,971.2937976719035,980.2211303710938,2600,0.0,0.0
2024-02-20 00:00:00+09:00,982.0064943646072,982.0064943646072,970.400963067571,973.0791625976562,6400,0.0,0.0
2024-02-21 00:00:00+09:00,980.2210363469632,984.6847022683974,980.2210363469632,981.11376953125,1100,0.0,0.0
2024-02-22 00:00:00+09:00,994.504728950736,994.504728950736,982.0064648526118,983.7919311523438,4400,0.0,0.0
2024-02-26 00:00:00+09:00,1000.7538979619527,1000.7538979619527,986.4701670365367,992.7192993164062,2500,0.0,0.0
2024-02-27 00:00:00+09:00,992.719433768292,1000.7540335020282,992.719433768292,998.9685668945312,2300,0.0,0.0
2024-02-28 00:00:00+09:00,998.9684118543353,999.8611450195312,986.4701475415911,999.8611450195312,2300,0.0,0.0
2024-02-29 00:00:00+09:00,996.290349388465,996.290349388465,990.0412163725875,994.5048828125,1100,0.0,0.0
2024-03-01 00:00:00+09:00,1003.4320975104681,1003.4320975104681,991.8265661335677,992.7192993164062,2200,0.0,0.0
2024-03-04 00:00:00+09:00,995.3974988649217,1006.1102970589836,992.7192993164062,992.7192993164062,4000,0.0,0.0
2024-03-05 00:00:00+09:00,996.2903264935868,996.2903264935868,990.9339268887826,991.82666015625,2600,0.0,0.0
2024-03-06 00:00:00+09:00,994.5048117322018,998.9684778530824,991.8266120596734,998.0757446289062,1100,0.0,0.0
2024-03-07 00:00:00+09:00,998.075764863985,1000.7539645908115,985.5774994721284,990.9338989257812,4900,0.0,0.0
2024-03-08 00:00:00+09:00,994.5048983467185,994.5048983467185,989.1484985351562,989.1484985351562,1400,0.0,0.0
2024-03-11 00:00:00+09:00,988.2556834797282,1005.2176148131653,974.8646850585938,974.8646850585938,5800,0.0,0.0
2024-03-12 00:00:00+09:00,1001.6467416616587,1001.6467416616587,981.113876190876,986.4702758789062,5600,0.0,0.0
2024-03-13 00:00:00+09:00,993.6120986526076,993.6120986526076,990.9338989257812,990.9338989257812,300,0.0,0.0
2024-03-14 00:00:00+09:00,996.2903442382812,996.2903442382812,989.1484779713402,996.2903442382812,900,0.0,0.0
2024-03-15 00:00:00+09:00,996.2903442382812,996.2903442382812,991.8266778214431,996.2903442382812,1500,0.0,0.0
2024-03-18 00:00:00+09:00,995.3975449563778,999.8612110772585,995.3975449563778,998.0757446289062,1200,0.0,0.0
2024-03-19 00:00:00+09:00,998.0757446289062,998.0757446289062,990.0411456113211,998.0757446289062,2500,0.0,0.0
2024-03-21 00:00:00+09:00,1008.7885895318408,1025.7505215682168,1002.5394566763338,1003.4321899414062,10800,0.0,0.0
2024-03-22 00:00:00+09:00,1004.3248700969323,1011.4667358398438,1004.3248700969323,1011.4667358398438,1400,0.0,0.0
2024-03-25 00:00:00+09:00,1017.7159067339602,1026.6432392491704,1008.78857421875,1008.78857421875,2600,0.0,0.0
2024-03-26 00:00:00+09:00,1020.3939965884729,1020.3939965884729,1008.7884655686565,1015.03759765625,4100,0.0,0.0
2024-03-27 00:00:00+09:00,1015.9303441614537,1031.9995411692798,1015.9303441614537,1021.2867431640625,3400,0.0,0.0
2024-03-28 00:00:00+09:00,1040.4530361431648,1040.4530361431648,1014.8980492905257,1033.151611328125,22700,25.0,0.0
2024-03-29 00:00:00+09:00,1033.151650217782,1034.9770064902516,1024.024868855434,1031.3262939453125,800,0.0,0.0
2024-04-01 00:00:00+09:00,1031.3262802602999,1031.3262802602999,1017.6361083984375,1017.6361083984375,3300,0.0,0.0
2024-04-02 00:00:00+09:00,1017.6361864091682,1017.6361864091682,1005.771369886012,1013.9854736328125,2500,0.0,0.0
2024-04-03 00:00:00+09:00,1003.9458647491925,1013.9853233966845,1002.1205086314667,1006.6838989257812,6300,0.0,0.0
2024-04-04 00:00:00+09:00,1015.810771565463,1017.6361278485995,1009.4220245744852,1016.7234497070312,900,0.0,0.0
2024-04-05 00:00:00+09:00,1009.42193310237,1014.8980014555474,1006.6838989257812,1006.6838989257812,1100,0.0,0.0
2024-04-08 00:00:00+09:00,1006.6840353638587,1013.0727826417798,1000.2952880859375,1000.2952880859375,4400,0.0,0.0
2024-04-09 00:00:00+09:00,1012.1600062953246,1013.0726843893691,1004.8585815429688,1004.8585815429688,2300,0.0,0.0
2024-04-10 00:00:00+09:00,1014.8980657705131,1017.6361001206134,1009.4219970703125,1009.4219970703125,1200,0.0,0.0
2024-04-11 00:00:00+09:00,1010.3346529421599,1019.4614339082137,1007.5966186523438,1007.5966186523438,800,0.0,0.0
2024-04-12 00:00:00+09:00,1008.509296748949,1010.3346529421599,1007.5966186523438,1007.5966186523438,900,0.0,0.0
2024-04-15 00:00:00+09:00,1013.072687231976,1013.072687231976,1003.9459062659222,1007.5966186523438,1200,0.0,0.0
2024-04-16 00:00:00+09:00,1007.5964997247629,1013.0725676580497,1005.7711437470007,1010.3345336914062,1200,0.0,0.0
2024-04-17 00:00:00+09:00,1018.5487726384944,1018.5487726384944,1003.0332447398793,1003.9459228515625,2300,0.0,0.0
2024-04-18 00:00:00+09:00,1010.3346751870125,1010.3346751870125,1004.8586064868119,1009.4219970703125,700,0.0,0.0
2024-04-19 00:00:00+09:00,1008.50927734375,1008.50927734375,996.6444623161765,1008.50927734375,5700,0.0,0.0
2024-04-22 00:00:00+09:00,1008.509177713644,1010.3345336914062,1008.509177713644,1010.3345336914062,700,0.0,0.0
2024-04-23 00:00:00+09:00,1011.247314453125,1011.247314453125,1006.6839240449431,1011.247314453125,800,0.0,0.0
2024-04-24 00:00:00+09:00,1012.1599925347614,1012.1599925347614,1008.5092802082158,1011.247314453125,1100,0.0,0.0
2024-04-25 00:00:00+09:00,1011.2473366677225,1013.0726928710938,1009.4219804643511,1013.0726928710938,800,0.0,0.0
2024-04-26 00:00:00+09:00,1011.2473394594424,1015.8107299804688,1010.3346613552371,1015.8107299804688,3700,0.0,0.0
2024-04-30 00:00:00+09:00,1016.7234437655558,1031.3262939453125,1013.0727312206167,1031.3262939453125,4100,0.0,0.0
2024-05-01 00:00:00+09:00,1036.8022215040467,1036.8022215040467,1014.89794921875,1014.89794921875,3200,0.0,0.0
2024-05-02 00:00:00+09:00,1015.8107438872132,1015.8107438872132,1002.1205721367116,1009.4219970703125,3300,0.0,0.0
2024-05-07 00:00:00+09:00,1019.4614507501776,1019.4614507501776,1003.9459228515625,1003.9459228515625,4100,0.0,0.0
2024-05-08 00:00:00+09:00,1006.6840379348769,1012.1601070442234,1003.0333251953125,1003.0333251953125,1100,0.0,0.0
2024-05-09 00:00:00+09:00,1003.9459617628643,1012.1600650863786,1002.12060546875,1002.12060546875,2200,0.0,0.0
2024-05-10 00:00:00+09:00,1003.9460059302688,1007.5967186791061,1003.9460059302688,1005.7713623046875,800,0.0,0.0
2024-05-13 00:00:00+09:00,1005.771279074929,1009.421991521662,1003.9459228515625,1003.9459228515625,3600,0.0,0.0
2024-05-14 00:00:00+09:00,1008.5094044682788,1013.9854736328125,1006.684048080101,1013.9854736328125,1200,0.0,0.0
2024-05-15 00:00:00+09:00,1013.9854736328125,1021.286899185524,1010.3347608564567,1013.9854736328125,2000,0.0,0.0
2024-05-16 00:00:00+09:00,1013.9853904180638,1022.1994934907575,1012.1600341796875,1012.1600341796875,2400,0.0,0.0
2024-05-17 00:00:00+09:00,1012.1600314204128,1014.8980657705131,1009.4219970703125,1009.4219970703125,700,0.0,0.0
2024-05-20 00:00:00+09:00,1011.2472892200958,1011.2472892200958,1005.7712208669184,1006.6838989257812,1000,0.0,0.0
2024-05-21 00:00:00+09:00,1007.5967186791061,1007.5967186791061,1005.7713623046874,1005.7713623046875,1000,0.0,0.0
2024-05-22 00:00:00+09:00,1006.6839240449431,1011.247314453125,1006.6839240449431,1011.247314453125,800,0.0,0.0
2024-05-23 00:00:00+09:00,1008.5093968663155,1008.5093968663155,1005.7713623046874,1005.7713623046875,1200,0.0,0.0
2024-05-24 00:00:00+09:00,1005.7712208669184,1006.6838989257812,1003.9458647491925,1006.6838989257812,2000,0.0,0.0
2024-05-27 00:00:00+09:00,1015.8107383034446,1015.8107383034446,995.7318198464134,1003.9459228515625,4000,0.0,0.0
2024-05-28 00:00:00+09:00,996.6445118170317,1003.0332586876538,995.7318336926571,997.5571899414062,3700,0.0,0.0
2024-05-29 00:00:00+09:00,999.3825851985886,999.3825851985886,994.8191943985951,995.7318725585938,800,0.0,0.0
2024-05-30 00:00:00+09:00,996.6445922851562,997.5572704832197,996.6445922851562,996.6445922851562,700,0.0,0.0
2024-05-31 00:00:00+09:00,996.6445365864071,1002.12060546875,996.6445365864071,1002.12060546875,1200,0.0,0.0
2024-06-03 00:00:00+09:00,1011.2472116802875,1017.6359576024553,1010.3345336914062,1010.3345336914062,2700,0.0,0.0
2024-06-04 00:00:00+09:00,1014.8980238970589,1014.8980238970589,1003.9458869485295,1008.50927734375,1300,0.0,0.0
2024-06-05 00:00:00+09:00,1008.5092939191467,1008.5092939191467,1004.8585815429688,1004.8585815429688,400,0.0,0.0
2024-06-06 00:00:00+09:00,1005.7712208669184,1008.5092550435071,994.8190841605635,1006.6838989257812,3900,0.0,0.0
2024-06-07 00:00:00+09:00,1006.6839571866122,1006.6839571866122,999.3825322931464,1003.9459228515625,800,0.0,0.0
2024-06-10 00:00:00+09:00,1007.5966408369122,1009.4219970703125,1007.5966408369122,1009.4219970703125,300,0.0,0.0
2024-06-11 00:00:00+09:00,1009.4219970703125,1009.4219970703125,1006.6839627202122,1009.4219970703125,500,0.0,0.0
2024-06-12 00:00:00+09:00,1010.3347532407341,1010.3347532407341,1005.7713623046874,1005.7713623046875,600,0.0,0.0
2024-06-13 00:00:00+09:00,1005.7712596370133,1009.4219720131912,1004.8585815429688,1004.8585815429688,800,0.0,0.0
2024-06-14 00:00:00+09:00,1004.8585843625276,1008.509296748949,1000.2951938795006,1007.5966186523438,900,0.0,0.0
2024-06-17 00:00:00+09:00,1006.6839962040357,1010.3347087922643,997.5572147334642,1002.12060546875,4700,0.0,0.0
2024-06-18 00:00:00+09:00,1003.0332586876538,1003.0332586876538,985.6923743245369,997.5571899414062,4900,0.0,0.0
2024-06-19 00:00:00+09:00,1002.1206614735363,1002.1206614735363,995.731914087093,996.6445922851562,800,0.0,0.0
2024-06-20 00:00:00+09:00,1002.1206860329307,1002.1206860329307,1001.2080078125,1001.2080078125,400,0.0,0.0
2024-06-21 00:00:00+09:00,999.3826513716385,1003.0333642533614,996.6446167103463,1001.2080078125,1700,0.0,0.0
2024-06-24 00:00:00+09:00,1001.207985795252,1001.207985795252,994.8192383927297,999.3826293945312,2200,0.0,0.0
2024-06-25 00:00:00+09:00,999.3826099033773,1001.2079662684977,999.3826099033773,1000.2952880859375,1500,0.0,0.0
2024-06-26 00:00:00+09:00,1003.0333421959725,1007.596733197774,999.3826293945312,999.3826293945312,2400,0.0,0.0
2024-06-27 00:00:00+09:00,1003.9459283701118,1010.3346751870125,1001.2078940200115,1009.4219970703125,900,0.0,0.0
2024-06-28 00:00:00+09:00,1009.4218557025251,1010.3345336914062,1003.9457877692384,1010.3345336914062,1700,0.0,0.0
2024-07-01 00:00:00+09:00,1025.8501608455883,1025.8501608455883,1008.50927734375,1008.50927734375,3600,0.0,0.0
2024-07-02 00:00:00+09:00,1019.4614423972899,1024.9375110225214,1012.1600175636477,1015.8107299804688,2000,0.0,0.0
2024-07-03 00:00:00+09:00,1017.6360752448797,1024.9375,1017.6360752448797,1024.9375,2500,0.0,0.0
2024-07-04 00:00:00+09:00,1024.9375333914306,1024.9375333914306,1017.6361083984375,1017.6361083984375,900,0.0,0.0
2024-07-05 00:00:00+09:00,1017.6360338724445,1025.8501363880068,1015.8106777578752,1024.0247802734375,1300,0.0,0.0
2024-07-08 00:00:00+09:00,1024.9375831163195,1026.762939453125,1019.4615141059028,1026.762939453125,1000,0.0,0.0
2024-07-09 00:00:00+09:00,1026.7628923938184,1026.7628923938184,1008.5093298623729,1020.3741455078125,1100,0.0,0.0
2024-07-10 00:00:00+09:00,1017.6361864091682,1017.6361864091682,1013.9854736328125,1013.9854736328125,700,0.0,0.0
2024-07-11 00:00:00+09:00,1009.4219832510319,1015.8107299804688,1009.4219832510319,1015.8107299804688,800,0.0,0.0
2024-07-12 00:00:00+09:00,1020.3741482301656,1023.1121826171875,1018.548791972151,1023.1121826171875,1100,0.0,0.0
2024-07-16 00:00:00+09:00,1026.76285618878,1026.76285618878,1024.02482190561,1024.9375,1300,0.0,0.0
2024-07-17 00:00:00+09:00,1028.5881676013391,1028.5881676013391,1021.2867431640625,1021.2867431640625,1000,0.0,0.0
2024-07-18 00:00:00+09:00,1024.02482190561,1029.50089047195,1024.02482190561,1024.9375,500,0.0,0.0
2024-07-19 00:00:00+09:00,1024.9375,1024.9375,1024.9375,1024.9375,300,0.0,0.0
2024-07-22 00:00:00+09:00,1033.151569666639,1033.151569666639,1024.9374670809502,1032.2388916015625,1300,0.0,0.0
2024-07-23 00:00:00+09:00,1032.2390110746344,1033.1516892453458,1029.5009765625,1029.5009765625,900,0.0,0.0
2024-07-24 00:00:00+09:00,1032.2389720815472,1032.2389720815472,1027.6755814003732,1031.3262939453125,800,0.0,0.0
2024-07-25 00:00:00+09:00,1022.199424158868,1027.6754925025764,1022.199424158868,1024.0247802734375,2700,0.0,0.0
2024-07-26 00:00:00+09:00,1023.1121576234004,1026.7628700502457,1017.6360889831325,1018.5487670898438,3600,0.0,0.0
2024-07-29 00:00:00+09:00,1020.3741922743056,1032.2390084635417,1020.3741922743056,1026.762939453125,1200,0.0,0.0
2024-07-30 00:00:00+09:00,1023.1121109507972,1032.2388916015625,1022.1994328857206,1032.2388916015625,800,0.0,0.0
2024-07-31 00:00:00+09:00,1017.6360338724445,1033.1515608462846,1013.0726435860211,1024.0247802734375,3900,0.0,0.0
2024-08-01 00:00:00+09:00,1034.064334396828,1034.064334396828,1014.8980934238947,1016.7234497070312,1400,0.0,0.0
2024-08-02 00:00:00+09:00,1013.9854634140056,1013.9854634140056,995.7318997161838,1003.0333251953125,5300,0.0,0.0
2024-08-05 00:00:00+09:00,990.255782862029,991.1684610029156,947.3599102403558,953.7486572265625,8700,0.0,0.0
2024-08-06 00:00:00+09:00,955.5740611466857,982.9544067382812,954.6613829602992,982.9544067382812,5100,0.0,0.0
2024-08-07 00:00:00+09:00,966.5262282876407,993.9065746980555,965.6135500739603,992.993896484375,4900,0.0,0.0
2024-08-08 00:00:00+09:00,992.0810935024842,993.9064497002809,984.7796687112975,990.2557373046875,900,0.0,0.0
2024-08-09 00:00:00+09:00,990.2557815817981,993.906494140625,977.4782876259039,993.906494140625,2300,0.0,0.0
2024-08-13 00:00:00+09:00,1006.6840379348769,1008.509394304659,993.9065433464016,1003.0333251953125,1700,0.0,0.0
2024-08-14 00:00:00+09:00,998.469948681283,999.3826268793463,995.731914087093,996.6445922851562,1000,0.0,0.0
2024-08-15 00:00:00+09:00,1002.1206639956122,1002.1206639956122,969.2642487826413,999.3826293945312,2300,0.0,0.0
2024-08-16 00:00:00+09:00,999.3826047564866,1002.120639290066,993.9065356893277,994.8192138671875,1100,0.0,0.0
2024-08-19 00:00:00+09:00,1007.5966493095266,1007.5966493095266,997.5571899414064,997.5571899414062,1400,0.0,0.0
2024-08-20 00:00:00+09:00,1005.7712930607775,1005.7712930607775,997.5571899414064,997.5571899414062,500,0.0,0.0
2024-08-21 00:00:00+09:00,998.469948681283,998.469948681283,996.6445922851562,996.6445922851562,300,0.0,0.0
2024-08-22 00:00:00+09:00,995.7318920450474,1000.2952829343463,994.8192138671875,994.8192138671875,2700,0.0,0.0
2024-08-23 00:00:00+09:00,995.7319165930901,999.3826293945312,995.7319165930901,999.3826293945312,700,0.0,0.0
2024-08-26 00:00:00+09:00,1001.207985795252,1001.207985795252,999.3826293945312,999.3826293945312,900,0.0,0.0
2024-08-27 00:00:00+09:00,999.3826047564866,1000.2952829343463,994.8192138671875,994.8192138671875,1400,0.0,0.0
2024-08-28 00:00:00+09:00,999.3826293945312,999.3826293945312,996.6445947934504,999.3826293945312,1400,0.0,0.0
2024-08-29 00:00:00+09:00,1000.2953050774096,1000.2953050774096,996.6445922851562,996.6445922851562,700,0.0,0.0
2024-08-30 00:00:00+09:00,1000.2952491746357,1002.12060546875,996.6445365864071,1002.12060546875,1300,0.0,0.0
2024-09-02 00:00:00+09:00,1003.9460033802036,1003.9460033802036,997.557256085966,1003.0333251953125,2400,0.0,0.0
2024-09-03 00:00:00+09:00,1003.0332836158071,1003.9459617628643,1000.2952491746357,1002.12060546875,10700,0.0,0.0
2024-09-04 00:00:00+09:00,1003.9460203963329,1003.9460203963329,998.469951194171,999.3826293945312,1300,0.0,0.0
2024-09-05 00:00:00+09:00,995.7318920450474,1000.2952829343463,994.8192138671875,994.8192138671875,1900,0.0,0.0
2024-09-06 00:00:00+09:00,1003.9457877692384,1010.3345336914062,1000.2950758137139,1010.3345336914062,3500,0.0,0.0
2024-09-09 00:00:00+09:00,1012.1600258567116,1012.1600258567116,997.5571760697799,1003.9459228515625,1700,0.0,0.0
2024-09-10 00:00:00+09:00,1004.8586815650947,1008.509394304659,1001.2079688255303,1003.0333251953125,800,0.0,0.0
2024-09-11 00:00:00+09:00,1003.0333396715996,1003.9460178696629,996.6445922851562,996.6445922851562,700,0.0,0.0
2024-09-12 00:00:00+09:00,996.6445947934504,1003.0333421959725,996.6445947934504,999.3826293945312,10800,0.0,0.0
2024-09-13 00:00:00+09:00,1003.9460033802036,1003.9460033802036,999.3826124557481,1003.0333251953125,1600,0.0,0.0
2024-09-17 00:00:00+09:00,1000.2952906406392,1008.509394304659,1000.2952906406392,1003.0333251953125,2200,0.0,0.0
2024-09-18 00:00:00+09:00,1003.9458869485295,1013.9853458180147,1002.1205307904412,1008.50927734375,500,0.0,0.0
2024-09-19 00:00:00+09:00,1010.3346751870125,1010.3346751870125,1003.9459283701118,1009.4219970703125,10500,0.0,0.0
2024-09-20 00:00:00+09:00,1002.1206444510578,1012.1601044592196,1000.2952880859375,1000.2952880859375,3200,0.0,0.0
2024-09-24 00:00:00+09:00,1003.0332447398793,1022.1994850852273,1003.0332447398793,1003.9459228515625,4700,0.0,0.0
2024-09-25 00:00:00+09:00,1013.9853486980342,1013.9853486980342,1000.2951774734883,1011.247314453125,2400,0.0,0.0
2024-09-26 00:00:00+09:00,1016.7234220039132,1016.7234220039132,1005.7712846035121,1009.4219970703125,1100,0.0,0.0
2024-09-27 00:00:00+09:00,1029.87060546875,1029.87060546875,1025.2231749386563,1029.87060546875,1000,20.0,0.0
2024-09-30 00:00:00+09:00,1020.575781139027,1022.4347534179688,1011.2809197443181,1022.4347534179688,14100,0.0,0.0
2024-10-01 00:00:00+09:00,1029.8706425337357,1038.2360177889736,1022.4347534179688,1022.4347534179688,4300,0.0,0.0
2024-10-02 00:00:00+09:00,1031.7294981421494,1031.7294981421494,1025.2230959016133,1028.9410400390625,400,0.0,0.0
2024-10-03 00:00:00+09:00,1031.7295470804058,1031.7295470804058,1025.22314453125,1025.22314453125,900,0.0,0.0
2024-10-04 00:00:00+09:00,1027.0822819261498,1027.0822819261498,1022.4348507862126,1024.2938232421875,1000,0.0,0.0
2024-10-07 00:00:00+09:00,1024.2938297955527,1024.2938297955527,1013.1399949883418,1021.50537109375,2200,0.0,0.0
2024-10-08 00:00:00+09:00,1019.6464233398438,1025.2233408786215,1018.7169370833808,1019.6464233398438,1500,0.0,0.0
2024-10-09 00:00:00+09:00,1024.2936584527993,1025.22314453125,1022.4346862958976,1025.22314453125,900,0.0,0.0
2024-10-10 00:00:00+09:00,1025.2232118363813,1026.1526979758523,1022.4347534179688,1022.4347534179688,1600,0.0,0.0
2024-10-11 00:00:00+09:00,1023.3642395574396,1028.011670254794,1022.4347534179688,1022.4347534179688,600,0.0,0.0
2024-10-15 00:00:00+09:00,1027.0821961112645,1027.0821961112645,1021.5052792093028,1026.1527099609375,1700,0.0,0.0
2024-10-16 00:00:00+09:00,1022.4347716564487,1031.729633216962,1021.5052855003973,1023.3642578125,3200,0.0,0.0
2024-10-17 00:00:00+09:00,1023.3642578125,1026.152716280654,1023.3642578125,1023.3642578125,600,0.0,0.0
2024-10-18 00:00:00+09:00,1023.3642578125,1023.3642578125,1022.4347716564487,1023.3642578125,800,0.0,0.0
2024-10-21 00:00:00+09:00,1026.1526672087105,1027.0821533203125,1022.4347227623019,1027.0821533203125,500,0.0,0.0
2024-10-22 00:00:00+09:00,1023.3643435616185,1023.3643435616185,1021.50537109375,1021.50537109375,1300,0.0,0.0
2024-10-23 00:00:00+09:00,1023.3643435616185,1023.3643435616185,1021.50537109375,1021.50537109375,2100,0.0,0.0
2024-10-24 00:00:00+09:00,1023.3643435616185,1023.3643435616185,1021.50537109375,1021.50537109375,1100,0.0,0.0
2024-10-25 00:00:00+09:00,1020.5759095963067,1022.4348821092326,1015.928478313992,1019.6464233398438,1200,0.0,0.0
2024-10-28 00:00:00+09:00,1023.3643683656956,1023.3643683656956,1017.7874508269178,1019.6464233398438,1300,0.0,0.0
2024-10-29 00:00:00+09:00,1019.646306908649,1027.0821961112645,1018.716820758322,1026.1527099609375,4000,0.0,0.0
2024-10-30 00:00:00+09:00,1021.5052672784979,1024.2937256969105,1017.7873227206143,1022.4347534179688,1100,0.0,0.0
2024-10-31 00:00:00+09:00,1022.4346983934366,1041.9539062718568,1021.5052123039881,1038.2359619140625,7300,0.0,0.0
2024-11-01 00:00:00+09:00,1038.2359804229186,1038.2359804229186,1024.2936888326376,1029.87060546875,2000,0.0,0.0
2024-11-05 00:00:00+09:00,1031.729583878323,1035.4475283247314,1026.1526672087105,1027.0821533203125,3500,0.0,0.0
2024-11-06 00:00:00+09:00,1028.011670254794,1028.011670254794,1022.4347534179688,1022.4347534179688,600,0.0,0.0
2024-11-07 00:00:00+09:00,1024.293767655616,1030.8001708984375,1019.6463367678863,1030.8001708984375,2200,0.0,0.0
2024-11-08 00:00:00+09:00,1027.0822087967115,1028.0116949585183,1020.5758056640625,1020.5758056640625,1900,0.0,0.0
2024-11-11 00:00:00+09:00,1026.1527099609375,1026.1527099609375,1023.3642515099567,1026.1527099609375,3100,0.0,0.0
2024-11-12 00:00:00+09:00,1027.0821166881517,1028.0116027666024,1025.22314453125,1025.22314453125,800,0.0,0.0
2024-11-13 00:00:00+09:00,1025.2232860167676,1028.0117446369402,1009.4220205024566,1016.85791015625,3300,0.0,0.0
2024-11-14 00:00:00+09:00,1015.9284602255717,1018.7169189453126,1015.9284602255717,1018.7169189453125,2100,0.0,0.0
2024-11-15 00:00:00+09:00,1018.7168643319704,1018.7168643319704,1015.9284057617188,1015.9284057617188,800,0.0,0.0
2024-11-18 00:00:00+09:00,1020.575781139027,1022.4347534179688,1014.9988643022017,1022.4347534179688,1200,0.0,0.0
2024-11-19 00:00:00+09:00,1018.7168088600852,1022.4347534179688,1016.8578365811435,1022.4347534179688,2100,0.0,0.0
2024-11-20 00:00:00+09:00,1022.4348573276843,1022.4348573276843,1014.9989674562103,1021.50537109375,1600,0.0,0.0
2024-11-21 00:00:00+09:00,1017.7874327053989,1018.7169189453126,1017.7874327053989,1018.7169189453125,300,0.0,0.0
2024-11-22 00:00:00+09:00,1021.5053411898709,1021.5053411898709,1016.85791015625,1016.85791015625,900,0.0,0.0
2024-11-25 00:00:00+09:00,1020.5758732207835,1022.4348456674516,1016.8579283274472,1017.7874145507812,900,0.0,0.0
2024-11-26 00:00:00+09:00,1022.434863904967,1022.434863904967,1017.7874327053989,1018.7169189453125,2900,0.0,0.0
2024-11-27 00:00:00+09:00,1018.7168088600852,1023.3642395574396,1018.7168088600852,1022.4347534179688,4600,0.0,0.0
2024-11-28 00:00:00+09:00,1021.5053958527697,1025.2233408786215,1019.6464233398438,1019.6464233398438,1100,0.0,0.0
2024-11-29 00:00:00+09:00,1022.4347534179688,1022.4347534179688,1020.575781139027,1022.4347534179688,1600,0.0,0.0
2024-12-02 00:00:00+09:00,1023.3642578125,1023.3642578125,1019.6463131882948,1023.3642578125,3300,0.0,0.0
2024-12-03 00:00:00+09:00,1023.3642641494835,1023.3642641494835,1019.6463195022556,1020.5758056640625,1500,0.0,0.0
2024-12-04 00:00:00+09:00,1023.3642395574396,1023.3642395574396,1019.6462949995561,1022.4347534179688,1400,0.0,0.0
2024-12-05 00:00:00+09:00,1021.50537109375,1021.50537109375,1017.787426158013,1021.50537109375,3200,0.0,0.0
2024-12-06 00:00:00+09:00,1018.7168333404486,1021.5052918258696,1018.7168333404486,1020.5758056640625,1200,0.0,0.0
2024-12-09 00:00:00+09:00,1022.4347716564487,1023.3642578125,1016.8578547201408,1023.3642578125,3600,0.0,0.0
2024-12-10 00:00:00+09:00,1022.4347534179688,1029.8706425337357,1022.4347534179688,1022.4347534179688,5600,0.0,0.0
2024-12-11 00:00:00+09:00,1029.8706911166366,1029.8706911166366,1024.293774016727,1028.01171875,3300,0.0,0.0
2024-12-12 00:00:00+09:00,1023.3643435616185,1026.1528022634213,1021.50537109375,1021.50537109375,900,0.0,0.0
2024-12-13 00:00:00+09:00,1021.5052792093028,1028.0116822615914,1021.5052792093028,1026.1527099609375,1200,0.0,0.0
2024-12-16 00:00:00+09:00,1026.1527099609375,1026.1527099609375,1026.1527099609375,1026.1527099609375,1500,0.0,0.0
2024-12-17 00:00:00+09:00,1026.152716280654,1027.0822024367053,1023.3642578125,1023.3642578125,800,0.0,0.0
2024-12-18 00:00:00+09:00,1023.3643370142,1028.9412543821247,1023.3643370142,1024.2938232421875,900,0.0,0.0
2024-12-19 00:00:00+09:00,1022.4347534179688,1023.3642395574396,1018.7168088600852,1022.4347534179688,4400,0.0,0.0
2024-12-20 00:00:00+09:00,1028.011670254794,1029.8706425337357,1022.4347534179688,1022.4347534179688,3800,0.0,0.0
2024-12-23 00:00:00+09:00,1024.2936888326376,1036.377008210881,1022.4347166206002,1029.87060546875,4400,0.0,0.0
2024-12-24 00:00:00+09:00,1024.2937439685513,1024.2937439685513,1023.3642578125,1023.3642578125,700,0.0,0.0
2024-12-25 00:00:00+09:00,1023.3643175841021,1040.0950693702182,1023.3643175841021,1032.6591796875,3000,0.0,0.0
2024-12-26 00:00:00+09:00,1047.5309027874832,1047.5309027874832,1031.7296380604316,1039.16552734375,5100,0.0,0.0
2024-12-27 00:00:00+09:00,1039.1654173487382,1039.1654173487382,1033.5885009765625,1033.5885009765625,500,0.0,0.0
2024-12-30 00:00:00+09:00,1039.165563746861,1042.8835085187638,1039.165563746861,1041.0245361328125,4500,0.0,0.0
2025-01-06 00:00:00+09:00,1054.037373046875,1054.037373046875,1041.0245659722223,1045.6719970703125,4600,0.0,0.0
2025-01-07 00:00:00+09:00,1042.8835384114584,1049.3899419487848,1039.1655935329861,1045.6719970703125,3600,0.0,0.0
2025-01-08 00:00:00+09:00,1045.6718874361177,1046.601373558283,1036.3770262144633,1040.094970703125,3000,0.0,0.0
2025-01-09 00:00:00+09:00,1041.0244506183155,1043.812908968186,1038.235992268445,1042.8834228515625,2000,0.0,0.0
2025-01-10 00:00:00+09:00,1035.447589029218,1036.3770751953125,1032.6591305309346,1036.3770751953125,600,0.0,0.0
2025-01-14 00:00:00+09:00,1041.0244568252904,1041.0244568252904,1034.5180539701323,1040.094970703125,1900,0.0,0.0
2025-01-15 00:00:00+09:00,1042.8835085187638,1042.8835085187638,1036.377105167934,1041.0245361328125,4400,0.0,0.0
2025-01-16 00:00:00+09:00,1034.518145631417,1041.9540352675815,1034.518145631417,1035.4476318359375,1100,0.0,0.0
2025-01-17 00:00:00+09:00,1035.4475036457168,1038.2359619140625,1033.5885314668196,1038.2359619140625,600,0.0,0.0
2025-01-20 00:00:00+09:00,1037.306561361407,1039.1655336935958,1036.3770751953125,1036.3770751953125,1800,0.0,0.0
2025-01-21 00:00:00+09:00,1040.0949340929596,1040.0949340929596,1031.7295592879225,1038.2359619140625,1400,0.0,0.0
2025-01-22 00:00:00+09:00,1031.729687017855,1035.4476318359375,1030.8002008133344,1035.4476318359375,1200,0.0,0.0
2025-01-23 00:00:00+09:00,1029.8705567284453,1033.5885009765625,1029.8705567284453,1033.5885009765625,700,0.0,0.0
2025-01-24 00:00:00+09:00,1033.5885865357545,1033.5885865357545,1031.7296142578125,1031.7296142578125,1200,0.0,0.0
2025-01-27 00:00:00+09:00,1036.377118040458,1036.377118040458,1031.729687017855,1035.4476318359375,2400,0.0,0.0
2025-01-28 00:00:00+09:00,1037.306561361407,1039.1655336935958,1035.447589029218,1036.3770751953125,1300,0.0,0.0
2025-01-29 00:00:00+09:00,1035.447540092298,1040.094970703125,1035.447540092298,1040.094970703125,800,0.0,0.0
2025-01-30 00:00:00+09:00,1039.165521027891,1042.883465646953,1039.165521027891,1041.9539794921875,2000,0.0,0.0
2025-01-31 00:00:00+09:00,1043.812958145824,1054.9667920708016,1039.16552734375,1039.16552734375,3700,0.0,0.0
2025-02-03 00:00:00+09:00,1040.0950628585404,1040.0950628585404,1032.6591732223758,1035.4476318359375,4300,0.0,0.0
2025-02-04 00:00:00+09:00,1041.024555580558,1041.024555580558,1031.7296934771603,1032.6591796875,1800,0.0,0.0
2025-02-05 00:00:00+09:00,1039.1655766540198,1039.1655766540198,1023.3643111771697,1035.4476318359375,2500,0.0,0.0
2025-02-06 00:00:00+09:00,1031.729595603636,1040.094970703125,1031.729595603636,1040.094970703125,700,0.0,0.0
2025-02-07 00:00:00+09:00,1033.5885009765625,1036.3769591626503,1031.729528852504,1033.5885009765625,1100,0.0,0.0
2025-02-10 00:00:00+09:00,1032.6591003967835,1032.6591003967835,1029.8706419798705,1031.7296142578125,1000,0.0,0.0
2025-02-12 00:00:00+09:00,1031.7296934771603,1035.4476383185192,1030.8002072668205,1032.6591796875,3300,0.0,0.0
2025-02-13 00:00:00+09:00,1032.6591003967835,1035.4475588136966,1031.7296142578125,1031.7296142578125,600,0.0,0.0
2025-02-14 00:00:00+09:00,1034.5181624348959,1058.6848041449653,1034.5181624348959,1045.6719970703125,5600,0.0,0.0
2025-02-17 00:00:00+09:00,1051.2488346846503,1051.2488346846503,1044.742431640625,1044.742431640625,1600,0.0,0.0
2025-02-18 00:00:00+09:00,1049.3898623863574,1050.3193485355039,1044.742431640625,1044.742431640625,900,0.0,0.0
2025-02-19 00:00:00+09:00,1045.6719905772109,1048.46044921875,1044.7425043633643,1048.46044921875,700,0.0,0.0
2025-02-20 00:00:00+09:00,1044.7423950848095,1044.7423950848095,1041.0244506183155,1042.8834228515625,1300,0.0,0.0
2025-02-21 00:00:00+09:00,1043.81298828125,1043.81298828125,1043.81298828125,1043.81298828125,800,0.0,0.0
2025-02-25 00:00:00+09:00,1064.2616521369384,1064.2616521369384,1044.7424427964356,1057.7552490234375,11900,0.0,0.0
2025-02-26 00:00:00+09:00,1061.473175942422,1061.473175942422,1046.6013976455054,1047.5308837890625,2100,0.0,0.0
2025-02-27 00:00:00+09:00,1047.5309630049037,1054.9668527156748,1047.5309630049037,1048.46044921875,700,0.0,0.0
2025-02-28 00:00:00+09:00,1048.4604557291666,1048.4604557291666,1045.6719970703125,1045.6719970703125,800,0.0,0.0
2025-03-03 00:00:00+09:00,1053.1078308968156,1055.896289407575,1050.319372386056,1052.1783447265625,1800,0.0,0.0
2025-03-04 00:00:00+09:00,1050.319372386056,1054.966803237322,1050.319372386056,1052.1783447265625,1300,0.0,0.0
2025-03-05 00:00:00+09:00,1058.6846373102383,1064.261553749098,1040.0949158473718,1046.601318359375,21500,0.0,0.0
2025-03-06 00:00:00+09:00,1046.601318359375,1046.601318359375,1046.601318359375,1046.601318359375,200,0.0,0.0
2025-03-07 00:00:00+09:00,1041.024493337422,1050.3193548850775,1041.024493337422,1041.9539794921875,800,0.0,0.0
2025-03-10 00:00:00+09:00,1041.9539367349391,1044.7423950848095,1041.0244506183155,1042.8834228515625,1300,0.0,0.0
2025-03-11 00:00:00+09:00,1035.4476189749582,1041.0245361328125,1031.7296742030553,1041.0245361328125,1100,0.0,0.0
2025-03-12 00:00:00+09:00,1044.7424744684995,1044.7424744684995,1034.5181264087544,1043.81298828125,600,0.0,0.0
2025-03-13 00:00:00+09:00,1028.0117421997727,1040.0950628585404,1028.0117421997727,1035.4476318359375,4100,0.0,0.0
2025-03-14 00:00:00+09:00,1035.4475462992132,1037.3065185546875,1035.4475462992132,1037.3065185546875,3600,0.0,0.0
2025-03-17 00:00:00+09:00,1033.588567847967,1044.7424013139523,1032.6590817258016,1040.094970703125,600,0.0,0.0
2025-03-18 00:00:00+09:00,1040.094970703125,1040.094970703125,1040.094970703125,1040.094970703125,200,0.0,0.0
2025-03-19 00:00:00+09:00,1040.0950008948928,1044.742431640625,1035.4475701491604,1044.742431640625,2800,0.0,0.0
2025-03-21 00:00:00+09:00,1044.7425108506945,1047.5309695095486,1044.7425108506945,1045.6719970703125,1100,0.0,0.0
2025-03-24 00:00:00+09:00,1050.3193359375,1051.2488220754976,1050.3193359375,1050.3193359375,2200,0.0,0.0
2025-03-25 00:00:00+09:00,1054.966826857182,1059.6142578125,1054.0373406661186,1059.6142578125,1500,0.0,0.0
2025-03-26 00:00:00+09:00,1059.6142876637555,1064.26171875,1059.6142876637555,1064.26171875,2600,0.0,0.0
2025-03-27 00:00:00+09:00,1071.6975718153637,1077.2744889280198,1062.4027099609375,1062.4027099609375,2800,0.0,0.0
2025-03-28 00:00:00+09:00,1067.1753214990104,1086.2661143701912,1059.539004350538,1070.0389404296875,1200,30.0,0.0
2025-03-31 00:00:00+09:00,1077.6753147399415,1077.6753147399415,1019.4483933943823,1075.7662353515625,9500,0.0,0.0
2025-04-01 00:00:00+09:00,1081.4935068840527,1081.4935068840527,1045.220997385735,1046.175537109375,1400,0.0,0.0
2025-04-02 00:00:00+09:00,1074.8116467186092,1074.8116467186092,1049.993615799707,1058.58447265625,900,0.0,0.0
2025-04-03 00:00:00+09:00,1056.675524646408,1056.675524646408,1035.6756497211857,1047.130126953125,4500,0.0,0.0
2025-04-04 00:00:00+09:00,1050.9483080720247,1050.9483080720247,1010.8576369194135,1045.2210693359375,3300,0.0,0.0
2025-04-07 00:00:00+09:00,992.7212550547098,1020.402905436043,989.8576360497443,1003.22119140625,9700,0.0,0.0
2025-04-08 00:00:00+09:00,1060.493655133291,1060.493655133291,1012.7666679535748,1044.2664794921875,1400,0.0,0.0
2025-04-09 00:00:00+09:00,1035.6755918785648,1035.6755918785648,1002.2667018179658,1004.17578125,2200,0.0,0.0
2025-04-10 00:00:00+09:00,1030.902969914958,1034.7211290627913,1021.3575720453752,1024.22119140625,3100,0.0,0.0
2025-04-11 00:00:00+09:00,1040.4482900020448,1064.3117828919999,1034.7210517084557,1057.6300048828125,2100,0.0,0.0
2025-04-14 00:00:00+09:00,1073.8572404943168,1073.8572404943168,1047.130126953125,1047.130126953125,1000,0.0,0.0
2025-04-15 00:00:00+09:00,1048.0846948242188,1049.9937744140625,1048.0846948242188,1049.9937744140625,700,0.0,0.0
2025-04-16 00:00:00+09:00,1050.9481688798592,1069.0844224754244,1050.9481688798592,1068.1298828125,1900,0.0,0.0
2025-04-17 00:00:00+09:00,1068.1299730820456,1068.1299730820456,1044.2664794921875,1044.2664794921875,1700,0.0,0.0
2025-04-18 00:00:00+09:00,1044.2664640809492,1059.5390997530656,1044.2664640809492,1050.9482421875,1800,0.0,0.0
2025-04-21 00:00:00+09:00,1050.948198661977,1066.2208337015695,1050.948198661977,1054.766357421875,1300,0.0,0.0
2025-04-22 00:00:00+09:00,1052.857234751888,1058.58447265625,1044.266377895345,1058.58447265625,1700,0.0,0.0
2025-04-23 00:00:00+09:00,1053.8118548984944,1053.8118548984944,1044.266457662095,1046.175537109375,600,0.0,0.0
2025-04-24 00:00:00+09:00,1049.03909767654,1056.6754150390625,1049.03909767654,1056.6754150390625,600,0.0,0.0
2025-04-25 00:00:00+09:00,1059.539084314009,1059.539084314009,1054.766385736018,1057.6300048828125,2100,0.0,0.0
2025-04-28 00:00:00+09:00,1066.2208469818527,1066.2208469818527,1057.6299896650785,1064.311767578125,1400,0.0,0.0
2025-04-30 00:00:00+09:00,1064.311767578125,1064.311767578125,1059.539069068806,1064.311767578125,4500,0.0,0.0
2025-05-01 00:00:00+09:00,1064.3117984006017,1064.3117984006017,1031.8574475973548,1050.9482421875,8000,0.0,0.0
2025-05-02 00:00:00+09:00,1052.8573592748396,1052.8573592748396,1042.357421875,1042.357421875,1200,0.0,0.0
2025-05-07 00:00:00+09:00,1059.5391218135094,1059.5391218135094,1043.3119460740234,1049.0391845703125,2500,0.0,0.0
2025-05-08 00:00:00+09:00,1049.9937744140625,1049.9937744140625,1049.9937744140625,1049.9937744140625,300,0.0,0.0
2025-05-09 00:00:00+09:00,1049.9936960039347,1049.9936960039347,1041.4028384911753,1046.175537109375,3000,0.0,0.0
2025-05-12 00:00:00+09:00,1046.175558979376,1048.0846384665647,1040.44832051781,1044.2664794921875,3000,0.0,0.0
2025-05-13 00:00:00+09:00,1049.0391845703125,1049.0391845703125,1046.1755653221678,1049.0391845703125,900,0.0,0.0
2025-05-14 00:00:00+09:00,1052.8573151748546,1054.7663946221344,1045.220997385735,1046.175537109375,1100,0.0,0.0
2025-05-15 00:00:00+09:00,1040.4483922904276,1048.0847107659538,1040.4483922904276,1043.31201171875,3300,0.0,0.0
2025-05-16 00:00:00+09:00,1044.2664858234048,1050.9482640690755,1044.2664858234048,1049.0391845703125,2000,0.0,0.0
2025-05-19 00:00:00+09:00,1049.9937744140625,1049.9937744140625,1045.2210754394532,1049.9937744140625,1700,0.0,0.0
2025-05-20 00:00:00+09:00,1049.993796426742,1055.7210353163423,1046.1756371670083,1048.084716796875,2200,0.0,0.0
2025-05-21 00:00:00+09:00,1049.9937744140625,1049.9937744140625,1049.9937744140625,1049.9937744140625,200,0.0,0.0
2025-05-22 00:00:00+09:00,1053.8117892893601,1057.6299479462057,1051.9027099609375,1051.9027099609375,800,0.0,0.0
2025-05-23 00:00:00+09:00,1057.629933005523,1058.58447265625,1053.811774402615,1058.58447265625,900,0.0,0.0
2025-05-26 00:00:00+09:00,1062.4027917480469,1062.4027917480469,1043.3119958496095,1049.9937744140625,2800,0.0,0.0
2025-05-27 00:00:00+09:00,1055.720925451616,1057.6300048828125,1050.9482268736251,1057.6300048828125,900,0.0,0.0
2025-05-28 00:00:00+09:00,1059.5390054453974,1059.5390054453974,1052.8572279335797,1053.811767578125,1000,0.0,0.0
2025-05-29 00:00:00+09:00,1058.5844510110192,1060.4935302734375,1054.7662924861822,1060.4935302734375,1100,0.0,0.0
2025-05-30 00:00:00+09:00,1060.493587101157,1066.2208251953125,1060.493587101157,1066.2208251953125,9300,0.0,0.0
2025-06-02 00:00:00+09:00,1068.1299675474775,1076.7208251953125,1067.1754278088292,1076.7208251953125,4000,0.0,0.0
2025-06-03 00:00:00+09:00,1076.7207179346008,1076.7207179346008,1070.0389404296875,1070.0389404296875,1700,0.0,0.0
2025-06-04 00:00:00+09:00,1070.0389772044668,1070.0389772044668,1061.4481201171875,1061.4481201171875,1300,0.0,0.0
2025-06-05 00:00:00+09:00,1059.5389906422283,1066.2207680606928,1059.5389906422283,1060.4935302734375,900,0.0,0.0
2025-06-06 00:00:00+09:00,1062.4026815878378,1064.3117609797296,1059.5390625,1059.5390625,1100,0.0,0.0
2025-06-09 00:00:00+09:00,1056.6754434121622,1059.5390625,1052.8572846283782,1059.5390625,1400,0.0,0.0
2025-06-10 00:00:00+09:00,1057.62991137981,1061.4480699046467,1055.7208321173914,1060.4935302734375,1500,0.0,0.0
2025-06-11 00:00:00+09:00,1060.4935302734375,1063.3571491670652,1058.5844510110192,1060.4935302734375,1100,0.0,0.0
2025-06-12 00:00:00+09:00,1062.4026597935517,1062.4026597935517,1061.4481201171875,1061.4481201171875,700,0.0,0.0
2025-06-13 00:00:00+09:00,1059.5390258461796,1068.1298828125,1057.6299465203306,1068.1298828125,1900,0.0,0.0
2025-06-16 00:00:00+09:00,1064.3117894038144,1064.3117894038144,1058.584551075184,1062.4027099609375,700,0.0,0.0
2025-06-17 00:00:00+09:00,1056.675393354796,1059.539012306977,1056.675393354796,1058.58447265625,700,0.0,0.0
2025-06-18 00:00:00+09:00,1058.584551075184,1065.2663291252527,1058.584551075184,1062.4027099609375,10300,0.0,0.0
2025-06-19 00:00:00+09:00,1062.402638077522,1065.2662570480811,1057.6299397932562,1063.357177734375,4400,0.0,0.0
2025-06-20 00:00:00+09:00,1061.448091608431,1061.448091608431,1057.629933005523,1058.58447265625,900,0.0,0.0
2025-06-23 00:00:00+09:00,1058.584551075184,1063.3572496823758,1057.6300113537454,1062.4027099609375,4400,0.0,0.0
2025-06-24 00:00:00+09:00,1062.402609535856,1063.3571491670652,1060.4935302734375,1060.4935302734375,700,0.0,0.0
2025-06-25 00:00:00+09:00,1062.4026815878378,1065.2663006756757,1059.5390625,1059.5390625,1000,0.0,0.0
2025-06-26 00:00:00+09:00,1064.3117894038144,1064.3117894038144,1060.4936305180606,1062.4027099609375,1500,0.0,0.0
2025-06-27 00:00:00+09:00,1062.4026597935517,1067.1753581753737,1060.493580440823,1061.4481201171875,2700,0.0,0.0
2025-06-30 00:00:00+09:00,1062.402644834953,1068.1298828125,1062.402644834953,1068.1298828125,3300,0.0,0.0
2025-07-01 00:00:00+09:00,1075.7661932734654,1075.7661932734654,1061.4480984206687,1063.357177734375,6300,0.0,0.0
2025-07-02 00:00:00+09:00,1063.357177734375,1070.0389553323469,1063.357177734375,1063.357177734375,1400,0.0,0.0
2025-07-03 00:00:00+09:00,1063.3571994699162,1063.3571994699162,1061.4481201171875,1061.4481201171875,1000,0.0,0.0
2025-07-04 00:00:00+09:00,1061.4480984206687,1063.357177734375,1059.5390191069625,1063.357177734375,1300,0.0,0.0
2025-07-07 00:00:00+09:00,1065.2662570480811,1065.2662570480811,1063.357177734375,1063.357177734375,700,0.0,0.0
2025-07-08 00:00:00+09:00,1061.4481484725336,1067.1753866837164,1060.4936087706699,1064.311767578125,2400,0.0,0.0
2025-07-09 00:00:00+09:00,1063.3571491670652,1063.3571491670652,1059.5389906422283,1060.4935302734375,1900,0.0,0.0
2025-07-10 00:00:00+09:00,1063.3572431764019,1063.3572431764019,1057.6300048828125,1057.6300048828125,3200,0.0,0.0
2025-07-11 00:00:00+09:00,1058.5845445984107,1059.539084314009,1056.6754651672143,1057.6300048828125,2400,0.0,0.0
2025-07-14 00:00:00+09:00,1057.6300048828125,1058.5845445984107,1056.6754651672143,1057.6300048828125,1600,0.0,0.0
2025-07-15 00:00:00+09:00,1057.6299397932562,1065.2662570480811,1057.6299397932562,1063.357177734375,3300,0.0,0.0
2025-07-16 00:00:00+09:00,1061.4481418918917,1063.3572212837837,1059.5390625,1059.5390625,2100,0.0,0.0
2025-07-17 00:00:00+09:00,1059.5390625,1064.3117609797296,1058.584522804054,1059.5390625,1900,0.0,0.0
2025-07-18 00:00:00+09:00,1059.5390558717477,1061.4481352516968,1054.766357421875,1054.766357421875,3100,0.0,0.0
2025-07-22 00:00:00+09:00,1056.6754586435077,1057.6299983532128,1052.8572998046875,1052.8572998046875,5800,0.0,0.0
2025-07-23 00:00:00+09:00,1054.7664230666019,1055.7209628159833,1042.3574063246417,1049.0391845703125,8300,0.0,0.0
2025-07-24 00:00:00+09:00,1050.9482421875,1051.9027819170074,1049.0391627284855,1050.9482421875,5000,0.0,0.0
2025-07-25 00:00:00+09:00,1050.9483142089844,1059.5391723632813,1049.0392346191406,1049.9937744140625,8300,0.0,0.0
2025-07-28 00:00:00+09:00,1057.6300048828125,1059.539084314009,1049.993687158027,1057.6300048828125,12500,0.0,0.0
2025-07-29 00:00:00+09:00,1055.7208251953125,1059.5389836951147,1051.9026666955103,1055.7208251953125,4500,0.0,0.0
2025-07-30 00:00:00+09:00,1054.766357421875,1057.6299764917987,1054.766357421875,1054.766357421875,1400,0.0,0.0
2025-07-31 00:00:00+09:00,1060.4935587638156,1063.357177734375,1058.5844794501095,1063.357177734375,3500,0.0,0.0
2025-08-01 00:00:00+09:00,1057.629983108108,1059.5390625,1052.8572846283782,1059.5390625,6100,0.0,0.0
2025-08-04 00:00:00+09:00,1055.720853704069,1059.539012306977,1055.720853704069,1058.58447265625,2700,0.0,0.0
2025-08-05 00:00:00+09:00,1060.4936021959459,1061.4481418918917,1057.629983108108,1059.5390625,1800,0.0,0.0
2025-08-06 00:00:00+09:00,1059.5390407644586,1061.4481201171875,1057.62996141173,1061.4481201171875,3300,0.0,0.0
2025-08-07 00:00:00+09:00,1061.448091608431,1061.448091608431,1057.629933005523,1058.58447265625,4000,0.0,0.0
2025-08-08 00:00:00+09:00,1055.7208971118496,1055.7208971118496,1051.9027383519513,1054.766357421875,17500,0.0,0.0
2025-08-12 00:00:00+09:00,1055.7208971118496,1055.7208971118496,1052.8572780419258,1054.766357421875,3200,0.0,0.0
2025-08-13 00:00:00+09:00,1058.584522804054,1062.4026815878378,1057.629983108108,1059.5390625,6600,0.0,0.0
2025-08-14 00:00:00+09:00,1061.448091608431,1061.448091608431,1056.675393354796,1058.58447265625,4800,0.0,0.0
2025-08-15 00:00:00+09:00,1060.493580440823,1061.4481201171875,1059.5390407644586,1061.4481201171875,2600,0.0,0.0
2025-08-18 00:00:00+09:00,1061.4480699046467,1061.4480699046467,1059.5389906422283,1060.4935302734375,1800,0.0,0.0
2025-08-19 00:00:00+09:00,1063.3571491670652,1064.3116887982744,1059.5389906422283,1060.4935302734375,2800,0.0,0.0
2025-08-20 00:00:00+09:00,1060.4936305180606,1062.4027099609375,1059.5390907966223,1062.4027099609375,2500,0.0,0.0
2025-08-21 00:00:00+09:00,1058.584522804054,1061.4481418918917,1057.629983108108,1059.5390625,22100,0.0,0.0
2025-08-22 00:00:00+09:00,1056.675393354796,1058.58447265625,1056.675393354796,1058.58447265625,4400,0.0,0.0
2025-08-25 00:00:00+09:00,1062.402638077522,1063.357177734375,1059.5390191069625,1063.357177734375,2600,0.0,0.0
2025-08-26 00:00:00+09:00,1065.2662570480811,1065.2662570480811,1059.5390191069625,1063.357177734375,3300,0.0,0.0
2025-08-27 00:00:00+09:00,1063.3572278762613,1076.7207837023543,1063.3572278762613,1064.311767578125,5900,0.0,0.0
2025-08-28 00:00:00+09:00,1068.1298611425696,1073.8570990039236,1066.2207818554514,1070.0389404296875,1800,0.0,0.0
2025-08-29 00:00:00+09:00,1073.857199583113,1073.857199583113,1070.039040651262,1071.9481201171875,1600,0.0,0.0
2025-09-01 00:00:00+09:00,1074.8117174479166,1077.6753365885418,1065.2663203125,1073.857177734375,6800,0.0,0.0
2025-09-02 00:00:00+09:00,1070.0389905851368,1072.902609650039,1067.1753715202344,1070.9935302734375,1100,0.0,0.0
2025-09-03 00:00:00+09:00,1070.9935302734375,1070.9935302734375,1067.1753715202344,1070.9935302734375,1900,0.0,0.0
2025-09-04 00:00:00+09:00,1070.993536880615,1075.7662353515625,1068.1299177980466,1075.7662353515625,3700,0.0,0.0
2025-09-05 00:00:00+09:00,1077.67525757816,1078.629797221719,1070.0389404296875,1070.0389404296875,3500,0.0,0.0
2025-09-08 00:00:00+09:00,1072.9025593603646,1072.9025593603646,1070.0389404296875,1070.0389404296875,1700,0.0,0.0
2025-09-09 00:00:00+09:00,1078.6298982479268,1085.3116763786663,1071.9481201171875,1071.9481201171875,5200,0.0,0.0
2025-09-10 00:00:00+09:00,1074.8116386474828,1074.8116386474828,1066.2207818554514,1070.0389404296875,3600,0.0,0.0
2025-09-11 00:00:00+09:00,1070.0389688837995,1072.902587890625,1069.0844292148577,1072.902587890625,2100,0.0,0.0
2025-09-12 00:00:00+09:00,1070.9935085527413,1072.902587890625,1069.0844292148577,1072.902587890625,1700,0.0,0.0
2025-09-16 00:00:00+09:00,1073.8571559631835,1075.7662353515625,1070.0389971864256,1075.7662353515625,3000,0.0,0.0
2025-09-17 00:00:00+09:00,1073.8571559631835,1077.6753147399415,1070.993536880615,1075.7662353515625,3200,0.0,0.0
2025-09-18 00:00:00+09:00,1074.811652307485,1079.5843505859375,1074.811652307485,1079.5843505859375,4600,0.0,0.0
2025-09-19 00:00:00+09:00,1075.7662268848771,1098.6751793651229,1075.7662268848771,1087.220703125,7700,0.0,0.0
2025-09-22 00:00:00+09:00,1087.220718329871,1087.220718329871,1078.629861029635,1080.5389404296875,3500,0.0,0.0
2025-09-24 00:00:00+09:00,1087.2206964509617,1087.2206964509617,1080.5389186852403,1082.447998046875,2500,0.0,0.0
2025-09-25 00:00:00+09:00,1082.4479763407103,1085.3115953257386,1075.7661987089775,1084.3570556640625,2800,0.0,0.0
2025-09-26 00:00:00+09:00,1086.266191739752,1091.9934300090301,1086.266191739752,1090.0843505859375,3600,0.0,0.0
2025-09-29 00:00:00+09:00,1094.9638422086994,1096.9156494140625,1084.2289025792024,1096.9156494140625,4400,25.0,0.0
2025-09-30 00:00:00+09:00,1093.0120378422353,1093.0120378422353,1083.2530017900724,1087.1566162109375,2800,0.0,0.0
2025-10-01 00:00:00+09:00,1094.963897235577,1094.963897235577,1078.37353515625,1078.37353515625,4500,0.0,0.0
2025-10-02 00:00:00+09:00,1085.204833984375,1085.204833984375,1082.2771231013237,1085.204833984375,1100,0.0,0.0
2025-10-03 00:00:00+09:00,1083.2530751189774,1087.156689804091,1083.2530751189774,1086.1807861328125,1400,0.0,0.0
2025-10-06 00:00:00+09:00,1086.1807610618694,1091.0602793056335,1086.1807610618694,1088.132568359375,7100,0.0,0.0
2025-10-07 00:00:00+09:00,1088.1324961719804,1090.084303340002,1084.2288818359375,1084.2288818359375,2600,0.0,0.0
2025-10-08 00:00:00+09:00,1083.2530786509094,1086.1807896742903,1074.469945580767,1076.4217529296875,4600,0.0,0.0
2025-10-09 00:00:00+09:00,1083.2530534148757,1083.2530534148757,1075.4458242010746,1078.37353515625,6800,0.0,0.0
2025-10-10 00:00:00+09:00,1077.39755939203,1078.3734629784358,1073.4939450464067,1074.4698486328125,3700,0.0,0.0
2025-10-14 00:00:00+09:00,1073.494043680271,1073.494043680271,1067.6386216238332,1071.542236328125,4600,0.0,0.0
2025-10-15 00:00:00+09:00,1079.3494137537405,1080.3253173828125,1074.46989560838,1080.3253173828125,2000,0.0,0.0
2025-10-16 00:00:00+09:00,1081.301222564088,1081.301222564088,1075.44580078125,1075.44580078125,700,0.0,0.0
2025-10-17 00:00:00+09:00,1077.397608042196,1077.397608042196,1074.4698971507771,1075.44580078125,900,0.0,0.0
2025-10-20 00:00:00+09:00,1075.4458258611505,1076.4217295143822,1072.5181149014559,1073.4940185546875,4900,0.0,0.0
2025-10-21 00:00:00+09:00,1075.4458258611505,1079.3494404740766,1073.4940185546875,1073.4940185546875,2400,0.0,0.0
2025-10-22 00:00:00+09:00,1084.228908262391,1084.228908262391,1072.518064968828,1077.3975830078125,5300,0.0,0.0
2025-10-23 00:00:00+09:00,1074.469945580767,1077.3976566041479,1073.4940419063066,1076.4217529296875,4500,0.0,0.0
2025-10-24 00:00:00+09:00,1075.4457757922187,1078.3734866156094,1075.4457757922187,1077.3975830078125,2200,0.0,0.0
2025-10-27 00:00:00+09:00,1077.3976566041479,1078.373560278608,1076.4217529296875,1076.4217529296875,1400,0.0,0.0
2025-10-28 00:00:00+09:00,1075.4457522192183,1077.39755939203,1074.4698486328125,1074.4698486328125,3400,0.0,0.0
2025-10-29 00:00:00+09:00,1076.4216558056241,1076.4216558056241,1074.4698486328125,1074.4698486328125,2100,0.0,0.0
2025-10-30 00:00:00+09:00,1075.445847494077,1081.30126953125,1075.445847494077,1081.30126953125,3700,0.0,0.0
2025-10-31 00:00:00+09:00,1073.493993520304,1083.253029825034,1073.493993520304,1075.44580078125,6300,0.0,0.0
2025-11-04 00:00:00+09:00,1078.3734866156094,1078.3734866156094,1075.4457757922187,1077.3975830078125,2000,0.0,0.0
2025-11-05 00:00:00+09:00,1077.3975830078125,1078.3734866156094,1072.518064968828,1077.3975830078125,6900,0.0,0.0
2025-11-06 00:00:00+09:00,1074.4698721844218,1077.3975830078125,1074.4698721844218,1077.3975830078125,1400,0.0,0.0
2025-11-07 00:00:00+09:00,1077.39755939203,1077.39755939203,1074.4698486328125,1074.4698486328125,800,0.0,0.0
2025-11-10 00:00:00+09:00,1081.3011737376532,1081.3011737376532,1074.4698486328125,1074.4698486328125,2400,0.0,0.0
2025-11-11 00:00:00+09:00,1076.4216558056241,1079.3493665648416,1074.4698486328125,1074.4698486328125,1600,0.0,0.0
2025-11-12 00:00:00+09:00,1074.4698486328125,1080.3252701512474,1074.4698486328125,1074.4698486328125,8000,0.0,0.0
2025-11-13 00:00:00+09:00,1076.421704411723,1078.373511672669,1075.44580078125,1075.44580078125,1900,0.0,0.0
2025-11-14 00:00:00+09:00,1073.4939685766249,1079.3493902234063,1073.4939685766249,1077.3975830078125,11100,0.0,0.0
2025-11-17 00:00:00+09:00,1075.4458242010746,1078.37353515625,1074.4699205493496,1078.37353515625,2000,0.0,0.0
2025-11-18 00:00:00+09:00,1075.44580078125,1078.373511672669,1074.4698971507771,1075.44580078125,1300,0.0,0.0
2025-11-19 00:00:00+09:00,1075.4458258611505,1075.4458258611505,1073.4940185546875,1073.4940185546875,1300,0.0,0.0
2025-11-20 00:00:00+09:00,1074.469945580767,1078.373560278608,1074.469945580767,1076.4217529296875,1300,0.0,0.0
2025-11-21 00:00:00+09:00,1076.4216794000156,1081.3011974390004,1076.4216794000156,1077.3975830078125,1000,0.0,0.0
2025-11-25 00:00:00+09:00,1076.4217278528,1080.3253424597003,1076.4217278528,1078.37353515625,2100,0.0,0.0
2025-11-26 00:00:00+09:00,1083.2530534148757,1083.2530534148757,1076.4217278528,1078.37353515625,3700,0.0,0.0
2025-11-27 00:00:00+09:00,1083.2530768769743,1083.2530768769743,1079.3494621855257,1081.30126953125,1700,0.0,0.0
2025-11-28 00:00:00+09:00,1082.277074667916,1084.2288818359375,1079.3493639158837,1084.2288818359375,3000,0.0,0.0
2025-12-01 00:00:00+09:00,1083.2530282700288,1084.2289318991009,1078.3735101246684,1080.3253173828125,4800,0.0,0.0
2025-12-02 00:00:00+09:00,1080.3253408071157,1085.2048590582772,1079.3494371568836,1083.2530517578125,3900,0.0,0.0
2025-12-03 00:00:00+09:00,1082.277099609375,1088.1325212483798,1080.3252923963735,1082.277099609375,2100,0.0,0.0
2025-12-04 00:00:00+09:00,1083.2530032158759,1085.2048104288774,1079.3493887898726,1082.277099609375,3100,0.0,0.0
2025-12-05 00:00:00+09:00,1079.3494621855257,1090.0844025870092,1079.3494621855257,1081.30126953125,3800,0.0,0.0
2025-12-08 00:00:00+09:00,1091.0602809596708,1091.0602809596708,1078.3735335066513,1083.2530517578125,7400,0.0,0.0
2025-12-09 00:00:00+09:00,1083.2530003770107,1092.0361328125,1083.2530003770107,1092.0361328125,3200,0.0,0.0
2025-12-10 00:00:00+09:00,1093.9879650911691,1096.915675970093,1083.253025201782,1090.0843505859375,4600,0.0,0.0
2025-12-11 00:00:00+09:00,1098.8675101615288,1098.8675101615288,1083.2530517578125,1083.2530517578125,3700,0.0,0.0
2025-12-12 00:00:00+09:00,1089.1084469596296,1097.8915795964008,1080.3253143228585,1090.0843505859375,5300,0.0,0.0
2025-12-15 00:00:00+09:00,1092.0361593781615,1092.0361593781615,1081.3012194736398,1085.204833984375,3700,0.0,0.0
2025-12-16 00:00:00+09:00,1085.2047854199482,1085.2047854199482,1076.4216531638515,1084.2288818359375,3100,0.0,0.0
2025-12-17 00:00:00+09:00,1087.1566427863172,1087.1566427863172,1080.3253173828125,1080.3253173828125,2700,0.0,0.0
2025-12-18 00:00:00+09:00,1080.3253658583878,1087.1566915684227,1078.3735585126635,1081.30126953125,3600,0.0,0.0
2025-12-19 00:00:00+09:00,1081.3011960028741,1083.2530032158759,1077.397581576871,1082.277099609375,4800,0.0,0.0
2025-12-22 00:00:00+09:00,1083.2530282700288,1083.2530282700288,1078.3735101246684,1080.3253173828125,6000,0.0,0.0
2025-12-23 00:00:00+09:00,1078.37353515625,1083.2530534148757,1078.37353515625,1078.37353515625,5300,0.0,0.0
2025-12-24 00:00:00+09:00,1080.3253173828125,1083.2530282700288,1079.3494137537405,1080.3253173828125,3300,0.0,0.0
2025-12-25 00:00:00+09:00,1083.2530003770107,1092.0361328125,1081.3011931691242,1092.0361328125,4700,0.0,0.0
2025-12-26 00:00:00+09:00,1096.915675970093,1096.915675970093,1088.1325433333218,1090.0843505859375,8300,0.0,0.0
2025-12-29 00:00:00+09:00,1090.0843256046135,1092.0361328125,1085.2048075848973,1092.0361328125,3100,0.0,0.0
2025-12-30 00:00:00+09:00,1089.1084454378342,1097.8915780623329,1089.1084454378342,1094.9638671875,2900,0.0,0.0
2026-01-05 00:00:00+09:00,1098.8674816872772,1099.8433853122215,1084.2289273131128,1094.9638671875,6400,0.0,0.0
2026-01-06 00:00:00+09:00,1098.8674801654697,1099.8433837890625,1086.1807330587635,1099.8433837890625,3200,0.0,0.0
2026-01-07 00:00:00+09:00,1093.9879620475058,1099.8433837890625,1090.0843475531346,1099.8433837890625,7800,0.0,0.0
2026-01-08 00:00:00+09:00,1095.9397222023792,1096.9156257840377,1093.012011457404,1093.9879150390625,2700,0.0,0.0
2026-01-09 00:00:00+09:00,1090.0843505859375,1095.939772343785,1089.1084469596296,1090.0843505859375,4500,0.0,0.0
2026-01-13 00:00:00+09:00,1094.9638656710986,1099.8433837890625,1093.012058423913,1099.8433837890625,4900,0.0,0.0
2026-01-14 00:00:00+09:00,1093.9879620475058,1099.8433837890625,1093.012058423913,1099.8433837890625,4600,0.0,0.0
2026-01-15 00:00:00+09:00,1099.8434040270354,1112.5301513671875,1089.1084639699836,1112.5301513671875,30800,0.0,0.0
2026-01-16 00:00:00+09:00,1109.6024200249904,1112.5301308957687,1095.9397692946914,1099.8433837890625,3700,0.0,0.0
2026-01-19 00:00:00+09:00,1105.698804012878,1105.698804012878,1102.7710931461186,1104.722900390625,1500,0.0,0.0
2026-01-20 00:00:00+09:00,1104.7228518215352,1108.6264661389257,1101.7951410834924,1103.7469482421875,1700,0.0,0.0
2026-01-21 00:00:00+09:00,1095.9397222023792,1097.891529365696,1093.012011457404,1093.9879150390625,4500,0.0,0.0
2026-01-22 00:00:00+09:00,1096.9156494140625,1109.6023962489228,1094.9638422086994,1096.9156494140625,3800,0.0,0.0
2026-01-23 00:00:00+09:00,1097.8916232183983,1106.6747562041455,1097.8916232183983,1105.6988525390625,1000,0.0,0.0
2026-01-26 00:00:00+09:00,1094.963887407076,1107.650634765625,1093.0120801211453,1107.650634765625,7700,0.0,0.0
2026-01-27 00:00:00+09:00,1106.6747327416344,1106.6747327416344,1100.8193108752764,1102.7711181640625,500,0.0,0.0
2026-01-28 00:00:00+09:00,1105.6988055306192,1105.6988055306192,1099.8433837890625,1099.8433837890625,1100,0.0,0.0
2026-01-29 00:00:00+09:00,1103.7469998119986,1103.7469998119986,1094.9638671875,1094.9638671875,1000,0.0,0.0
2026-01-30 00:00:00+09:00,1097.8915254834671,1108.62646484375,1097.8915254834671,1108.62646484375,2900,0.0,0.0
2026-02-02 00:00:00+09:00,1122.2891149386553,1122.2891149386553,1098.8674290616748,1108.62646484375,7300,0.0,0.0
2026-02-03 00:00:00+09:00,1108.6265416666668,1108.6265416666668,1094.963890625,1097.8916015625,3600,0.0,0.0
2026-02-04 00:00:00+09:00,1096.9157230040905,1097.8916266722435,1093.9880119996312,1095.9398193359375,5900,0.0,0.0
2026-02-05 00:00:00+09:00,1097.8915267661016,1107.6505625595782,1093.987912448711,1103.7469482421875,3500,0.0,0.0
2026-02-06 00:00:00+09:00,1102.7710433745049,1108.62646484375,1097.8915254834671,1108.62646484375,2300,0.0,0.0
2026-02-09 00:00:00+09:00,1115.457865541171,1117.4096728299571,1102.7711181640625,1102.7711181640625,5900,0.0,0.0
2026-02-10 00:00:00+09:00,1103.7469718166128,1109.602393417762,1103.7469718166128,1106.6746826171875,1400,0.0,0.0
2026-02-12 00:00:00+09:00,1096.9156480084698,1107.650587624211,1096.9156480084698,1101.795166015625,26800,0.0,0.0
2026-02-13 00:00:00+09:00,1110.5782984285042,1111.5542020299354,1099.843358812763,1101.795166015625,4800,0.0,0.0
2026-02-16 00:00:00+09:00,1109.6023697182734,1109.6023697182734,1101.7951410834924,1103.7469482421875,3200,0.0,0.0
2026-02-17 00:00:00+09:00,1109.6023684219574,1110.578272000165,1103.7469469527123,1108.62646484375,3100,0.0,0.0
2026-02-18 00:00:00+09:00,1109.602418501891,1109.602418501891,1103.7469967683717,1104.722900390625,3300,0.0,0.0
2026-02-19 00:00:00+09:00,1108.6265384085902,1108.6265384085902,1103.7470201937638,1107.650634765625,1100,0.0,0.0
2026-02-20 00:00:00+09:00,1108.6265384085902,1110.578345694521,1105.6988274796945,1107.650634765625,1600,0.0,0.0
2026-02-24 00:00:00+09:00,1111.5541755783725,1114.4818863129951,1108.62646484375,1108.62646484375,2500,0.0,0.0
2026-02-25 00:00:00+09:00,1117.409595753622,1117.409595753622,1110.5782707140802,1113.5059814453125,3100,0.0,0.0
2026-02-26 00:00:00+09:00,1122.2892348470905,1128.1446569419447,1117.4097164347118,1118.3856201171875,4400,0.0,0.0
2026-02-27 00:00:00+09:00,1123.2650368717646,1145.7108195373166,1121.3132296834556,1131.072265625,8100,0.0,0.0
2026-03-02 00:00:00+09:00,1136.9277123242694,1136.9277123242694,1123.2650617040636,1129.1204833984375,5000,0.0,0.0
2026-03-03 00:00:00+09:00,1129.1204878878887,1132.0481987467163,1111.5542227349224,1114.48193359375,3700,0.0,0.0
2026-03-04 00:00:00+09:00,1114.4818850223899,1123.2650172160863,1098.8674277891514,1113.5059814453125,9600,0.0,0.0
2026-03-05 00:00:00+09:00,1121.313302628117,1161.3253525913483,1118.3855916551977,1130.096435546875,5800,0.0,0.0
2026-03-06 00:00:00+09:00,1132.0481987467163,1132.0481987467163,1113.5060299741408,1114.48193359375,2500,0.0,0.0
2026-03-09 00:00:00+09:00,1114.4819100156387,1114.4819100156387,1098.867452432232,1111.55419921875,6000,0.0,0.0
2026-03-10 00:00:00+09:00,1115.4578840408592,1120.33740234375,1103.747040113921,1120.33740234375,3500,0.0,0.0
2026-03-11 00:00:00+09:00,1121.3132825293396,1123.2650898096342,1113.5060534081606,1117.40966796875,1500,0.0,0.0
2026-03-12 00:00:00+09:00,1120.337353813617,1120.337353813617,1114.4819321037896,1119.3614501953125,500,0.0,0.0
2026-03-13 00:00:00+09:00,1113.5060518215014,1122.2891845703125,1113.5060518215014,1122.2891845703125,1600,0.0,0.0
2026-03-16 00:00:00+09:00,1113.506028485485,1130.0963899966625,1112.5301248671806,1119.3614501953125,10300,0.0,0.0
2026-03-17 00:00:00+09:00,1117.4096913620156,1123.2651133254847,1115.4578840408592,1120.33740234375,1700,0.0,0.0
2026-03-18 00:00:00+09:00,1122.2892062857568,1130.096435546875,1116.433784339918,1130.096435546875,2800,0.0,0.0
2026-03-19 00:00:00+09:00,1118.385546577008,1126.1927755234442,1118.385546577008,1119.3614501953125,1100,0.0,0.0
2026-03-23 00:00:00+09:00,1119.361402907777,1124.240920793164,1111.5541742911576,1113.5059814453125,3200,0.0,0.0
2026-03-24 00:00:00+09:00,1115.4578342437744,1124.240966796875,1114.4819306267632,1124.240966796875,3500,0.0,0.0
2026-03-25 00:00:00+09:00,1124.2410169860627,1124.2410169860627,1113.5060767197028,1120.33740234375,2600,0.0,0.0
2026-03-26 00:00:00+09:00,1128.1445548425368,1131.072265625,1128.1445548425368,1131.072265625,2400,0.0,0.0
2026-03-27 00:00:00+09:00,1131.0722891566265,1134.0,1127.1686746987953,1134.0,3800,0.0,0.0
2026-03-30 00:00:00+09:00,1122.0,1140.0,1122.0,1129.0,5900,28.0,0.0
2026-03-31 00:00:00+09:00,1131.0,1134.0,1124.0,1129.0,1400,0.0,0.0
2026-04-01 00:00:00+09:00,1153.0,1153.0,1129.0,1132.0,2800,0.0,0.0
2026-04-02 00:00:00+09:00,1136.0,1137.0,1128.0,1128.0,3700,0.0,0.0
2026-04-03 00:00:00+09:00,1132.0,1136.0,1128.0,1128.0,4000,0.0,0.0
2026-04-06 00:00:00+09:00,1135.0,1136.0,1132.0,1132.0,1200,0.0,0.0
2026-04-07 00:00:00+09:00,1137.0,1144.0,1133.0,1133.0,900,0.0,0.0
2026-04-08 00:00:00+09:00,1142.0,1142.0,1132.0,1134.0,1800,0.0,0.0
2026-04-09 00:00:00+09:00,1135.0,1135.0,1130.0,1130.0,2600,0.0,0.0
2026-04-10 00:00:00+09:00,1130.0,1130.0,1115.0,1129.0,14100,0.0,0.0
2026-04-13 00:00:00+09:00,1127.0,1127.0,1118.0,1120.0,3100,0.0,0.0
2026-04-14 00:00:00+09:00,1126.0,1129.0,1120.0,1120.0,3000,0.0,0.0
2026-04-15 00:00:00+09:00,1120.0,1121.0,1120.0,1121.0,2300,0.0,0.0
2026-04-16 00:00:00+09:00,1121.0,1125.0,1121.0,1121.0,600,0.0,0.0
2026-04-17 00:00:00+09:00,1129.0,1129.0,1118.0,1118.0,1300,0.0,0.0
2026-04-20 00:00:00+09:00,1121.0,1121.0,1119.0,1119.0,200,0.0,0.0
2026-04-21 00:00:00+09:00,1119.0,1123.0,1119.0,1121.0,3600,0.0,0.0
2026-04-22 00:00:00+09:00,1118.0,1123.0,1117.0,1123.0,2700,0.0,0.0
2026-04-23 00:00:00+09:00,1122.0,1123.0,1116.0,1118.0,2300,0.0,0.0
2026-04-24 00:00:00+09:00,1121.0,1121.0,1114.0,1120.0,3900,0.0,0.0
2026-04-27 00:00:00+09:00,1130.0,1130.0,1120.0,1130.0,3300,0.0,0.0
2026-04-28 00:00:00+09:00,1133.0,1134.0,1130.0,1134.0,1500,0.0,0.0
2026-04-30 00:00:00+09:00,1130.0,1141.0,1130.0,1138.0,3900,0.0,0.0
2026-05-01 00:00:00+09:00,1150.0,1150.0,1120.0,1128.0,5800,0.0,0.0
2026-05-07 00:00:00+09:00,1130.0,1140.0,1125.0,1126.0,4400,0.0,0.0
2026-05-08 00:00:00+09:00,1125.0,1129.0,1118.0,1129.0,4000,0.0,0.0
2026-05-11 00:00:00+09:00,1133.0,1133.0,1122.0,1130.0,1500,0.0,0.0
2026-05-12 00:00:00+09:00,1126.0,1126.0,1125.0,1125.0,400,0.0,0.0
2026-05-13 00:00:00+09:00,1125.0,1125.0,1116.0,1116.0,5600,0.0,0.0
2026-05-14 00:00:00+09:00,1118.0,1119.0,1116.0,1119.0,900,0.0,0.0
2026-05-15 00:00:00+09:00,1122.0,1125.0,1121.0,1121.0,2000,0.0,0.0
2026-05-18 00:00:00+09:00,1125.0,1125.0,1120.0,1125.0,700,0.0,0.0
2026-05-19 00:00:00+09:00,1121.0,1125.0,1120.0,1125.0,1400,0.0,0.0
2026-05-20 00:00:00+09:00,1122.0,1122.0,1121.0,1121.0,1800,0.0,0.0
2026-05-21 00:00:00+09:00,1121.0,1121.0,1116.0,1120.0,3600,0.0,0.0
2026-05-22 00:00:00+09:00,1121.0,1121.0,1115.0,1120.0,5000,0.0,0.0
2026-05-25 00:00:00+09:00,1120.0,1123.0,1120.0,1120.0,2100,0.0,0.0
2026-05-26 00:00:00+09:00,1124.0,1125.0,1119.0,1121.0,2700,0.0,0.0
2026-05-27 00:00:00+09:00,1123.0,1123.0,1120.0,1120.0,600,0.0,0.0
2026-05-28 00:00:00+09:00,1120.0,1120.0,1118.0,1119.0,2100,0.0,0.0
2026-05-29 00:00:00+09:00,1116.0,1125.0,1116.0,1125.0,1800,0.0,0.0
2026-06-01 00:00:00+09:00,1126.0,1126.0,1119.0,1120.0,2000,0.0,0.0
2026-06-02 00:00:00+09:00,1120.0,1124.0,1116.0,1117.0,2000,0.0,0.0
2026-06-03 00:00:00+09:00,1117.0,1121.0,1115.0,1120.0,1600,0.0,0.0
2026-06-04 00:00:00+09:00,1118.0,1118.0,1116.0,1117.0,900,0.0,0.0
2026-06-05 00:00:00+09:00,1117.0,1117.0,1117.0,1117.0,600,0.0,0.0
2026-06-08 00:00:00+09:00,1119.0,1122.0,1116.0,1117.0,3600,0.0,0.0
2026-06-09 00:00:00+09:00,1117.0,1120.0,1115.0,1117.0,1500,0.0,0.0
2026-06-10 00:00:00+09:00,1119.0,1122.0,1115.0,1122.0,1700,0.0,0.0
2026-06-11 00:00:00+09:00,1116.0,1122.0,1116.0,1118.0,900,0.0,0.0
2026-06-12 00:00:00+09:00,1119.0,1121.0,1119.0,1121.0,1400,0.0,0.0
2026-06-15 00:00:00+09:00,1120.0,1123.0,1118.0,1123.0,3500,0.0,0.0
2026-06-16 00:00:00+09:00,1123.0,1124.0,1121.0,1124.0,1500,0.0,0.0
2026-06-17 00:00:00+09:00,1120.0,1125.0,1120.0,1121.0,1700,0.0,0.0
2026-06-18 00:00:00+09:00,1125.0,1125.0,1120.0,1123.0,4400,0.0,0.0
2026-06-19 00:00:00+09:00,1125.0,1129.0,1122.0,1129.0,2200,0.0,0.0
2026-06-22 00:00:00+09:00,1121.0,1130.0,1120.0,1127.0,1800,0.0,0.0
2026-06-23 00:00:00+09:00,1124.0,1125.0,1118.0,1119.0,1800,0.0,0.0
2026-06-24 00:00:00+09:00,1124.0,1124.0,1121.0,1121.0,300,0.0,0.0
2026-06-25 00:00:00+09:00,1126.0,1128.0,1122.0,1128.0,900,0.0,0.0
2026-06-26 00:00:00+09:00,1129.0,1129.0,1122.0,1125.0,1300,0.0,0.0
2026-06-29 00:00:00+09:00,1130.0,1130.0,1125.0,1130.0,1300,0.0,0.0
2026-06-30 00:00:00+09:00,1130.0,1135.0,1130.0,1135.0,1300,0.0,0.0
2026-07-01 00:00:00+09:00,1135.0,1135.0,1124.0,1128.0,4300,0.0,0.0
2026-07-02 00:00:00+09:00,1128.0,1130.0,1124.0,1125.0,1400,0.0,0.0
2026-07-03 00:00:00+09:00,1130.0,1130.0,1115.0,1129.0,18900,0.0,0.0
2026-07-06 00:00:00+09:00,1125.0,1127.0,1120.0,1127.0,3100,0.0,0.0
2026-07-07 00:00:00+09:00,1123.0,1129.0,1123.0,1123.0,2700,0.0,0.0
2026-07-08 00:00:00+09:00,1129.0,1130.0,1123.0,1123.0,2900,0.0,0.0
2026-07-09 00:00:00+09:00,1123.0,1123.0,1121.0,1121.0,1400,0.0,0.0
2026-07-10 00:00:00+09:00,1128.0,1129.0,1125.0,1129.0,600,0.0,0.0
2026-07-13 00:00:00+09:00,1129.0,1129.0,1125.0,1127.0,600,0.0,0.0
2026-07-14 00:00:00+09:00,1129.0,1129.0,1125.0,1126.0,900,0.0,0.0
2026-07-15 00:00:00+09:00,1126.0,1129.0,1123.0,1129.0,1600,0.0,0.0
2026-07-16 00:00:00+09:00,1125.0,1130.0,1125.0,1129.0,1200,0.0,0.0
2026-07-17 00:00:00+09:00,1125.0,1126.0,1124.0,1126.0,600,0.0,0.0
2026-07-21 00:00:00+09:00,1123.0,1127.0,1116.0,1122.0,17600,0.0,0.0
2026-07-22 00:00:00+09:00,1122.0,1125.0,1116.0,1122.0,7400,0.0,0.0
2026-07-23 00:00:00+09:00,1120.0,1126.0,1118.0,1124.0,1300,0.0,0.0
2026-07-24 00:00:00+09:00,1124.0,1127.0,1121.0,1127.0,2200,0.0,0.0
